time_min,cumulative_depth_mm,incremental_depth_mm
0,0.0,0.0
5,2.4999999999999996,2.4999999999999996
10,5.999999999999999,3.4999999999999996
15,11.25,5.250000000000001
20,18.749999999999996,7.4999999999999964
25,29.75,11.000000000000004
30,47.25,17.5
35,56.62500000000001,9.375000000000007
40,63.0,6.374999999999993
45,67.5,4.5
50,70.75,3.25
55,73.125,2.375
60,75.0,1.875
