{"type": "FeatureCollection", "crs": {"type": "name", "properties": {"name": "EPSG:4326"}}, "features": [{"type": "Feature", "geometry": {"type": "Polygon", "coordinates": [[[-81.429976, 28.37502], [-81.430047, 28.374906], [-81.430197, 28.374816], [-81.430366, 28.374768], [-81.430572, 28.374747], [-81.430816, 28.374774], [-81.431011, 28.374828], [-81.431119, 28.374898], [-81.431175, 28.37502], [-81.431089, 28.375232], [-81.430896, 28.375438], [-81.43069, 28.375521], [-81.430534, 28.375551], [-81.430294, 28.375496], [-81.430076, 28.375338], [-81.429994, 28.375188], [-81.429976, 28.37502]]]}, "properties": {"mukey": "323143"}}, {"type": "Feature", "geometry": {"type": "Polygon", "coordinates": [[[-81.421579, 28.360953], [-81.421551, 28.360939], [-81.421428, 28.360817], [-81.421302, 28.360631], [-81.421211, 28.360501], [-81.421119, 28.360416], [-81.420942, 28.360303], [-81.420778, 28.360234], [-81.420694, 28.36006], [-81.420614, 28.359729], [-81.420478, 28.359419], [-81.419804, 28.358218], [-81.419429, 28.357591], [-81.419329, 28.357269], [-81.419353, 28.357174], [-81.419413, 28.357128], [-81.41945, 28.35712], [-81.419525, 28.357148], [-81.419742, 28.357401], [-81.420543, 28.359023], [-81.420819, 28.35951], [-81.421023, 28.359798], [-81.421248, 28.360182], [-81.421377, 28.360344], [-81.421579, 28.360953]]]}, "properties": {"mukey": "323176"}}, {"type": "Feature", "geometry": {"type": "Polygon", "coordinates": [[[-81.447492, 28.358759], [-81.447359, 28.359063], [-81.447208, 28.359305], [-81.447047, 28.359498], [-81.446796, 28.359731], [-81.446695, 28.35974], [-81.446377, 28.359829], [-81.44571, 28.359963], [-81.445303, 28.360026], [-81.444986, 28.360038], [-81.444916, 28.360005], [-81.444853, 28.359912], [-81.444748, 28.359525], [-81.444742, 28.359436], [-81.444797, 28.359347], [-81.444966, 28.359251], [-81.445641, 28.359063], [-81.447006, 28.358737], [-81.447318, 28.358708], [-81.447492, 28.358759]]]}, "properties": {"mukey": "323176"}}, {"type": "Feature", "geometry": {"type": "Polygon", "coordinates": [[[-81.429524, 28.362891], [-81.429647, 28.363026], [-81.429709, 28.363128], [-81.429715, 28.3632], [-81.429673, 28.363301], [-81.429557, 28.363397], [-81.429452, 28.363429], [-81.429293, 28.363415], [-81.429151, 28.363356], [-81.429092, 28.363305], [-81.429064, 28.363237], [-81.429065, 28.363137], [-81.429104, 28.36304], [-81.429247, 28.362929], [-81.429524, 28.362891]]]}, "properties": {"mukey": "323143"}}, {"type": "Feature", "geometry": {"type": "Polygon", "coordinates": [[[-81.430261, 28.358235], [-81.430601, 28.358665], [-81.43086, 28.358881], [-81.431006, 28.359034], [-81.43106, 28.359172], [-81.431058, 28.359329], [-81.431021, 28.359431], [-81.430954, 28.359516], [-81.430784, 28.359667], [-81.43064, 28.359754], [-81.430467, 28.359813], [-81.430241, 28.359861], [-81.429913, 28.359873], [-81.429764, 28.359816], [-81.429654, 28.359699], [-81.429625, 28.359572], [-81.429648, 28.359357], [-81.429858, 28.358824], [-81.429999, 28.358365], [-81.430084, 28.358282], [-81.430261, 28.358235]]]}, "properties": {"mukey": "323133"}}, {"type": "Feature", "geometry": {"type": "Polygon", "coordinates": [[[-81.421068, 28.375615], [-81.420347, 28.375732], [-81.419988, 28.375761], [-81.419007, 28.375761], [-81.419109, 28.375625], [-81.419211, 28.375535], [-81.419541, 28.375358], [-81.419707, 28.375299], [-81.420054, 28.375235], [-81.420629, 28.375207], [-81.420825, 28.37524], [-81.420914, 28.375295], [-81.420966, 28.375358], [-81.421068, 28.375615]]]}, "properties": {"mukey": "323148"}}, {"type": "Feature", "geometry": {"type": "Polygon", "coordinates": [[[-81.425308, 28.376796], [-81.425235, 28.37653], [-81.425184, 28.376421], [-81.425284, 28.376218], [-81.425361, 28.376119], [-81.425477, 28.376031], [-81.425635, 28.375991], [-81.425888, 28.376012], [-81.425969, 28.376042], [-81.426123, 28.376168], [-81.426224, 28.376349], [-81.426249, 28.376473], [-81.426234, 28.376689], [-81.426154, 28.376836], [-81.42601, 28.376966], [-81.425911, 28.376989], [-81.425751, 28.376972], [-81.425308, 28.376796]], [[-81.425857, 28.376268], [-81.425684, 28.376277], [-81.425607, 28.376311], [-81.425553, 28.37637], [-81.42552, 28.376476], [-81.425536, 28.376587], [-81.425594, 28.376681], [-81.425684, 28.376754], [-81.425808, 28.376789], [-81.425934, 28.376763], [-81.425993, 28.376704], [-81.426023, 28.376631], [-81.426022, 28.376534], [-81.42599, 28.376426], [-81.425857, 28.376268]]]}, "properties": {"mukey": "323151"}}, {"type": "Feature", "geometry": {"type": "Polygon", "coordinates": [[[-81.421028, 28.375985], [-81.420754, 28.37598], [-81.418724, 28.376042], [-81.418166, 28.376044], [-81.418128, 28.375964], [-81.418156, 28.375867], [-81.418195, 28.375832], [-81.418347, 28.375769], [-81.419007, 28.375761], [-81.419988, 28.375761], [-81.420347, 28.375732], [-81.421068, 28.375615], [-81.421434, 28.375617], [-81.421821, 28.375558], [-81.42204, 28.37544], [-81.422327, 28.37517], [-81.422399, 28.375145], [-81.422512, 28.375145], [-81.42266, 28.375207], [-81.422756, 28.375326], [-81.422797, 28.375788], [-81.422765, 28.375872], [-81.422725, 28.375916], [-81.422614, 28.375952], [-81.421028, 28.375985]]]}, "properties": {"mukey": "323176"}}, {"type": "Feature", "geometry": {"type": "Polygon", "coordinates": [[[-81.437627, 28.368063], [-81.437576, 28.368197], [-81.43751, 28.368554], [-81.437422, 28.368864], [-81.437259, 28.369132], [-81.437064, 28.369371], [-81.436974, 28.369595], [-81.436982, 28.369684], [-81.43701, 28.36974], [-81.43732, 28.370034], [-81.43745, 28.370221], [-81.437503, 28.37047], [-81.437494, 28.370602], [-81.437458, 28.370728], [-81.437315, 28.370992], [-81.437226, 28.371084], [-81.437146, 28.371135], [-81.436954, 28.371163], [-81.436484, 28.371147], [-81.436337, 28.371173], [-81.43624, 28.371216], [-81.436159, 28.371295], [-81.43612, 28.371362], [-81.4361, 28.371632], [-81.436139, 28.371871], [-81.436241, 28.372131], [-81.436364, 28.37228], [-81.436516, 28.372356], [-81.436679, 28.372347], [-81.43688, 28.372251], [-81.437133, 28.372074], [-81.437545, 28.371729], [-81.437736, 28.371611], [-81.437884, 28.371567], [-81.438064, 28.371563], [-81.438221, 28.371612], [-81.438393, 28.371753], [-81.438639, 28.372062], [-81.439094, 28.37295], [-81.439233, 28.37341], [-81.439234, 28.373743], [-81.439132, 28.374052], [-81.438899, 28.374362], [-81.43861, 28.374609], [-81.438136, 28.374907], [-81.438015, 28.37502], [-81.437697, 28.375555], [-81.43744, 28.375898], [-81.437254, 28.376055], [-81.436793, 28.376338], [-81.436423, 28.376733], [-81.436111, 28.377208], [-81.435914, 28.377653], [-81.43582, 28.377773], [-81.435705, 28.377842], [-81.435567, 28.377842], [-81.43545, 28.377791], [-81.435209, 28.377617], [-81.435133, 28.377596], [-81.43503, 28.377622], [-81.434965, 28.377685], [-81.434904, 28.377824], [-81.434882, 28.378383], [-81.434783, 28.378698], [-81.434679, 28.378886], [-81.434372, 28.379256], [-81.434205, 28.379515], [-81.434093, 28.379859], [-81.433931, 28.380517], [-81.433812, 28.38071], [-81.433506, 28.381037], [-81.433401, 28.381204], [-81.43338, 28.381312], [-81.433394, 28.381416], [-81.433459, 28.381491], [-81.433542, 28.38151], [-81.433774, 28.381463], [-81.434156, 28.381237], [-81.434282, 28.381235], [-81.434412, 28.381283], [-81.434675, 28.381494], [-81.435111, 28.381932], [-81.43534, 28.382214], [-81.435431, 28.382419], [-81.435426, 28.382714], [-81.435352, 28.383117], [-81.434845, 28.384413], [-81.434319, 28.38557], [-81.434119, 28.385732], [-81.43396, 28.38577], [-81.433753, 28.38575], [-81.433504, 28.385656], [-81.433376, 28.385559], [-81.433287, 28.385443], [-81.433116, 28.385049], [-81.433033, 28.384909], [-81.432809, 28.384722], [-81.432559, 28.384601], [-81.432306, 28.384601], [-81.431994, 28.384654], [-81.431688, 28.384786], [-81.431587, 28.384867], [-81.431543, 28.384927], [-81.431539, 28.385074], [-81.431581, 28.385203], [-81.431656, 28.385304], [-81.431971, 28.385628], [-81.432065, 28.385757], [-81.432337, 28.3863], [-81.432559, 28.386931], [-81.43266, 28.387834], [-81.43274, 28.388272], [-81.432739, 28.388475], [-81.432664, 28.388836], [-81.432431, 28.389267], [-81.432326, 28.389525], [-81.432269, 28.389927], [-81.431819, 28.389936], [-81.431496, 28.38997], [-81.431403, 28.389732], [-81.431066, 28.389293], [-81.430974, 28.389088], [-81.431388, 28.388868], [-81.431519, 28.38874], [-81.431622, 28.38856], [-81.431704, 28.388481], [-81.431761, 28.38838], [-81.43181, 28.388177], [-81.431818, 28.38802], [-81.431714, 28.38738], [-81.431692, 28.38684], [-81.431621, 28.386371], [-81.431473, 28.38596], [-81.431385, 28.385821], [-81.431124, 28.385561], [-81.431027, 28.385529], [-81.430907, 28.38553], [-81.430586, 28.385569], [-81.429751, 28.385756], [-81.429017, 28.386021], [-81.428851, 28.386046], [-81.428775, 28.386029], [-81.42867, 28.385917], [-81.428629, 28.38577], [-81.428709, 28.384769], [-81.428693, 28.384585], [-81.428617, 28.384356], [-81.42855, 28.384282], [-81.428383, 28.384167], [-81.427803, 28.383939], [-81.427521, 28.383782], [-81.427348, 28.383608], [-81.427303, 28.383469], [-81.427313, 28.383399], [-81.427366, 28.383341], [-81.427445, 28.383311], [-81.42753, 28.383312], [-81.428557, 28.383722], [-81.428906, 28.383803], [-81.429133, 28.38378], [-81.429384, 28.383635], [-81.429703, 28.383336], [-81.429957, 28.383019], [-81.430168, 28.382595], [-81.430384, 28.381994], [-81.43049, 28.381849], [-81.430636, 28.381708], [-81.430853, 28.381547], [-81.431574, 28.381095], [-81.431862, 28.380814], [-81.431895, 28.380655], [-81.431842, 28.380489], [-81.43168, 28.380282], [-81.431408, 28.380025], [-81.431506, 28.379885], [-81.432145, 28.379206], [-81.432248, 28.379039], [-81.432268, 28.378836], [-81.432217, 28.378749], [-81.432132, 28.378713], [-81.432033, 28.378714], [-81.431576, 28.378793], [-81.431343, 28.378752], [-81.431135, 28.378635], [-81.431153, 28.37846], [-81.431144, 28.377999], [-81.431175, 28.377841], [-81.431291, 28.377667], [-81.431432, 28.377543], [-81.431527, 28.377495], [-81.431651, 28.377472], [-81.431786, 28.377481], [-81.431986, 28.37754], [-81.432118, 28.377644], [-81.432173, 28.377763], [-81.432151, 28.377862], [-81.432031, 28.378011], [-81.431758, 28.378212], [-81.431662, 28.378304], [-81.431632, 28.378393], [-81.431663, 28.37846], [-81.431699, 28.378486], [-81.431758, 28.378503], [-81.431849, 28.378494], [-81.432148, 28.378378], [-81.432295, 28.37836], [-81.432466, 28.378398], [-81.43284, 28.378573], [-81.432983, 28.378607], [-81.433085, 28.37861], [-81.433309, 28.378588], [-81.433601, 28.378478], [-81.433876, 28.378247], [-81.434003, 28.378103], [-81.434307, 28.377641], [-81.434987, 28.376682], [-81.435764, 28.375667], [-81.435958, 28.375363], [-81.436007, 28.375197], [-81.436022, 28.37502], [-81.435953, 28.374853], [-81.435831, 28.37472], [-81.43566, 28.374621], [-81.435379, 28.374501], [-81.435184, 28.374379], [-81.435107, 28.374251], [-81.435092, 28.374089], [-81.43512, 28.373967], [-81.435194, 28.373814], [-81.435664, 28.373275], [-81.435771, 28.373011], [-81.435761, 28.372938], [-81.435716, 28.372835], [-81.435478, 28.372499], [-81.435367, 28.372291], [-81.435329, 28.372074], [-81.435353, 28.371863], [-81.435575, 28.371359], [-81.436412, 28.369653], [-81.436562, 28.369204], [-81.436623, 28.368919], [-81.436696, 28.367982], [-81.436693, 28.367046], [-81.436464, 28.366061], [-81.436391, 28.365836], [-81.436302, 28.365661], [-81.436492, 28.365282], [-81.436794, 28.364796], [-81.436813, 28.364723], [-81.436781, 28.364654], [-81.436679, 28.364644], [-81.436272, 28.364749], [-81.43585, 28.36482], [-81.435737, 28.364871], [-81.435578, 28.365], [-81.434926, 28.364638], [-81.434507, 28.36445], [-81.435111, 28.363984], [-81.435174, 28.363904], [-81.435179, 28.363842], [-81.435161, 28.363813], [-81.435133, 28.363793], [-81.435056, 28.363783], [-81.434643, 28.363977], [-81.434449, 28.363984], [-81.434178, 28.363876], [-81.433571, 28.363477], [-81.433425, 28.363403], [-81.433345, 28.363383], [-81.433205, 28.363387], [-81.433119, 28.36341], [-81.432836, 28.363592], [-81.432679, 28.363623], [-81.432533, 28.363772], [-81.432446, 28.363987], [-81.432452, 28.364066], [-81.432483, 28.364135], [-81.432601, 28.364202], [-81.432779, 28.364215], [-81.433005, 28.364159], [-81.433186, 28.364055], [-81.433318, 28.364165], [-81.43346, 28.364319], [-81.433079, 28.364432], [-81.432868, 28.36446], [-81.432728, 28.364457], [-81.432333, 28.364351], [-81.431694, 28.364101], [-81.431333, 28.364043], [-81.430985, 28.364082], [-81.43051, 28.364256], [-81.430404, 28.36427], [-81.430328, 28.364253], [-81.430222, 28.364179], [-81.430079, 28.363999], [-81.429987, 28.363928], [-81.429816, 28.363866], [-81.429458, 28.363789], [-81.429171, 28.363642], [-81.428801, 28.363346], [-81.428709, 28.363225], [-81.42868, 28.363146], [-81.42873, 28.362958], [-81.428881, 28.362786], [-81.429098, 28.362617], [-81.429517, 28.362345], [-81.429933, 28.362], [-81.430011, 28.361877], [-81.430028, 28.361787], [-81.429988, 28.361688], [-81.429906, 28.361616], [-81.429673, 28.361521], [-81.429219, 28.361411], [-81.428505, 28.361203], [-81.427878, 28.361075], [-81.427269, 28.361032], [-81.426472, 28.361095], [-81.425836, 28.361001], [-81.425279, 28.360808], [-81.424716, 28.360576], [-81.424115, 28.360186], [-81.423868, 28.359953], [-81.423678, 28.359822], [-81.42349, 28.359775], [-81.423383, 28.35978], [-81.423304, 28.359803], [-81.423221, 28.359868], [-81.423073, 28.360106], [-81.422879, 28.360316], [-81.422691, 28.360455], [-81.422314, 28.36065], [-81.42222, 28.360724], [-81.422188, 28.360836], [-81.422227, 28.361114], [-81.422174, 28.361226], [-81.421992, 28.361119], [-81.421579, 28.360953], [-81.421377, 28.360344], [-81.421505, 28.360169], [-81.421544, 28.359921], [-81.421509, 28.359726], [-81.421366, 28.359261], [-81.421339, 28.358775], [-81.421378, 28.358532], [-81.42153, 28.358002], [-81.421594, 28.35761], [-81.42153, 28.357313], [-81.421286, 28.356888], [-81.421205, 28.356713], [-81.42113, 28.356499], [-81.421073, 28.356249], [-81.421077, 28.35591], [-81.421122, 28.355594], [-81.42116, 28.355428], [-81.421242, 28.355269], [-81.421694, 28.355429], [-81.42219, 28.355706], [-81.422525, 28.355791], [-81.42299, 28.355843], [-81.4243, 28.35588], [-81.42491, 28.35594], [-81.425182, 28.355916], [-81.425437, 28.355826], [-81.425715, 28.355653], [-81.426072, 28.355347], [-81.426091, 28.355299], [-81.42609, 28.35522], [-81.42601, 28.355033], [-81.425884, 28.354914], [-81.425664, 28.354786], [-81.425559, 28.354748], [-81.425315, 28.354721], [-81.424894, 28.3547], [-81.424701, 28.354713], [-81.424174, 28.354433], [-81.423552, 28.354043], [-81.423029, 28.353671], [-81.422596, 28.353316], [-81.422474, 28.353168], [-81.422401, 28.353023], [-81.422365, 28.352795], [-81.422382, 28.352532], [-81.422555, 28.352444], [-81.422688, 28.352786], [-81.422776, 28.352923], [-81.422886, 28.353033], [-81.422996, 28.353108], [-81.423075, 28.35312], [-81.423115, 28.353104], [-81.423157, 28.353057], [-81.423187, 28.352976], [-81.423176, 28.352761], [-81.42308, 28.352402], [-81.422928, 28.35209], [-81.423019, 28.351943], [-81.423226, 28.351693], [-81.423382, 28.351726], [-81.42352, 28.351724], [-81.423622, 28.351703], [-81.424087, 28.351543], [-81.42423, 28.351528], [-81.424456, 28.351561], [-81.424702, 28.351671], [-81.425225, 28.35198], [-81.425725, 28.352366], [-81.426014, 28.352545], [-81.426177, 28.352621], [-81.426409, 28.352661], [-81.426772, 28.35265], [-81.427141, 28.352547], [-81.427401, 28.352375], [-81.427618, 28.352155], [-81.427724, 28.351934], [-81.42777, 28.351776], [-81.427824, 28.351404], [-81.427847, 28.35078], [-81.427768, 28.350413], [-81.427598, 28.350124], [-81.427205, 28.349785], [-81.426348, 28.349297], [-81.426138, 28.349244], [-81.425881, 28.349205], [-81.425186, 28.349214], [-81.424889, 28.349197], [-81.424988, 28.348998], [-81.425163, 28.348764], [-81.425261, 28.348513], [-81.425533, 28.348485], [-81.425833, 28.348402], [-81.426467, 28.348846], [-81.427062, 28.349204], [-81.427565, 28.349557], [-81.42785, 28.349797], [-81.428108, 28.350099], [-81.42823, 28.350354], [-81.428289, 28.350608], [-81.428275, 28.351018], [-81.428174, 28.351824], [-81.428208, 28.351942], [-81.428299, 28.352051], [-81.428488, 28.35217], [-81.428701, 28.352235], [-81.429474, 28.352186], [-81.429711, 28.352204], [-81.429843, 28.352234], [-81.430086, 28.352406], [-81.430321, 28.352705], [-81.430437, 28.352785], [-81.430553, 28.352824], [-81.430643, 28.352828], [-81.430796, 28.352798], [-81.431096, 28.352675], [-81.431291, 28.352696], [-81.431453, 28.352643], [-81.431816, 28.35235], [-81.43232, 28.351843], [-81.432575, 28.351684], [-81.432772, 28.351646], [-81.432978, 28.351649], [-81.43321, 28.351701], [-81.433523, 28.351803], [-81.433683, 28.351832], [-81.433717, 28.351993], [-81.433721, 28.352165], [-81.433666, 28.352565], [-81.433495, 28.353066], [-81.433449, 28.353126], [-81.433363, 28.353178], [-81.433302, 28.352874], [-81.433212, 28.352759], [-81.433273, 28.352535], [-81.433298, 28.352351], [-81.433291, 28.352161], [-81.433263, 28.352064], [-81.433193, 28.351989], [-81.433089, 28.351943], [-81.432955, 28.351931], [-81.432761, 28.351953], [-81.432673, 28.351997], [-81.432482, 28.352152], [-81.432183, 28.352486], [-81.432076, 28.352671], [-81.4319, 28.353129], [-81.431721, 28.353268], [-81.431495, 28.353357], [-81.431389, 28.353315], [-81.431307, 28.353304], [-81.430851, 28.353345], [-81.430632, 28.353443], [-81.430459, 28.353611], [-81.430429, 28.353687], [-81.430419, 28.353794], [-81.430445, 28.3539], [-81.430498, 28.354004], [-81.43067, 28.354177], [-81.430925, 28.354307], [-81.430864, 28.354422], [-81.430714, 28.35459], [-81.430624, 28.354649], [-81.430458, 28.354704], [-81.430264, 28.35472], [-81.430057, 28.354696], [-81.429914, 28.354629], [-81.429811, 28.35452], [-81.429755, 28.354375], [-81.429724, 28.354156], [-81.429712, 28.353552], [-81.429769, 28.353371], [-81.430034, 28.353049], [-81.430081, 28.352911], [-81.430068, 28.352814], [-81.430027, 28.35273], [-81.429954, 28.352656], [-81.42987, 28.352616], [-81.429732, 28.352595], [-81.429291, 28.352608], [-81.428895, 28.352496], [-81.428655, 28.352501], [-81.428346, 28.352632], [-81.428026, 28.35282], [-81.427821, 28.352988], [-81.427586, 28.35323], [-81.427445, 28.353231], [-81.427292, 28.353275], [-81.427181, 28.353393], [-81.427139, 28.353519], [-81.426901, 28.353602], [-81.426801, 28.353589], [-81.426752, 28.353539], [-81.426673, 28.353295], [-81.426627, 28.353215], [-81.426473, 28.353075], [-81.426319, 28.353006], [-81.426028, 28.35303], [-81.425655, 28.353195], [-81.425469, 28.353249], [-81.425241, 28.353241], [-81.425047, 28.353183], [-81.424879, 28.353072], [-81.424793, 28.352974], [-81.424545, 28.352463], [-81.424443, 28.352301], [-81.424315, 28.35217], [-81.424148, 28.352084], [-81.423961, 28.352053], [-81.423792, 28.352083], [-81.423614, 28.352224], [-81.423512, 28.352388], [-81.42348, 28.35256], [-81.423483, 28.352782], [-81.423572, 28.353075], [-81.42368, 28.353244], [-81.424041, 28.353549], [-81.424304, 28.353702], [-81.424961, 28.353937], [-81.426096, 28.35444], [-81.426224, 28.35453], [-81.426495, 28.354845], [-81.426624, 28.354938], [-81.426705, 28.354952], [-81.426843, 28.354909], [-81.427148, 28.355071], [-81.427302, 28.355181], [-81.427447, 28.355314], [-81.427669, 28.355609], [-81.427871, 28.356065], [-81.428059, 28.356292], [-81.428467, 28.356535], [-81.428911, 28.356725], [-81.42911, 28.356837], [-81.429489, 28.357173], [-81.429812, 28.357591], [-81.429978, 28.357709], [-81.430064, 28.357749], [-81.430179, 28.357757], [-81.430336, 28.357742], [-81.430782, 28.357666], [-81.431158, 28.357574], [-81.431319, 28.357509], [-81.431493, 28.357384], [-81.431787, 28.357014], [-81.431897, 28.356932], [-81.432142, 28.356883], [-81.432528, 28.356892], [-81.432684, 28.356843], [-81.432893, 28.356674], [-81.433053, 28.356479], [-81.433177, 28.356253], [-81.433198, 28.356086], [-81.433132, 28.355998], [-81.433019, 28.355983], [-81.432946, 28.356022], [-81.432823, 28.356154], [-81.432755, 28.356198], [-81.432509, 28.356157], [-81.432388, 28.356163], [-81.431905, 28.35635], [-81.431577, 28.356447], [-81.43159, 28.356345], [-81.43164, 28.356225], [-81.431899, 28.35585], [-81.43208, 28.355868], [-81.432375, 28.355792], [-81.432501, 28.355701], [-81.432545, 28.355518], [-81.432695, 28.355477], [-81.433068, 28.355417], [-81.433484, 28.355315], [-81.434278, 28.35499], [-81.434943, 28.354781], [-81.435258, 28.354653], [-81.435382, 28.354735], [-81.435758, 28.354815], [-81.435933, 28.354884], [-81.436054, 28.355006], [-81.436063, 28.35508], [-81.436043, 28.355122], [-81.435903, 28.355234], [-81.435703, 28.355316], [-81.43492, 28.355414], [-81.434704, 28.355479], [-81.434564, 28.355596], [-81.434437, 28.355838], [-81.434226, 28.356036], [-81.434135, 28.356185], [-81.434136, 28.35622], [-81.434179, 28.356279], [-81.434491, 28.356426], [-81.434549, 28.356533], [-81.434576, 28.356642], [-81.434474, 28.357093], [-81.434231, 28.357704], [-81.434097, 28.358114], [-81.434079, 28.358409], [-81.434136, 28.358633], [-81.434311, 28.358866], [-81.434499, 28.358982], [-81.434723, 28.359004], [-81.435198, 28.358921], [-81.435342, 28.358962], [-81.435395, 28.359045], [-81.435371, 28.359141], [-81.43526, 28.359278], [-81.434848, 28.359657], [-81.434522, 28.359883], [-81.434407, 28.359849], [-81.434352, 28.359851], [-81.434276, 28.359877], [-81.43415, 28.359962], [-81.434054, 28.360087], [-81.434025, 28.360281], [-81.433952, 28.360427], [-81.433933, 28.360509], [-81.433944, 28.360617], [-81.433983, 28.36068], [-81.434185, 28.360795], [-81.434598, 28.360896], [-81.434858, 28.361], [-81.435057, 28.361168], [-81.435347, 28.361514], [-81.435075, 28.361628], [-81.434735, 28.361665], [-81.43437, 28.361647], [-81.433883, 28.361573], [-81.4336, 28.361564], [-81.433483, 28.361623], [-81.433378, 28.361748], [-81.433322, 28.361892], [-81.433328, 28.362016], [-81.433385, 28.362101], [-81.433573, 28.362233], [-81.434453, 28.362745], [-81.434783, 28.362881], [-81.434921, 28.362913], [-81.435159, 28.362876], [-81.435421, 28.362749], [-81.436046, 28.362263], [-81.4362, 28.362428], [-81.436363, 28.362554], [-81.437181, 28.362931], [-81.437271, 28.362949], [-81.437392, 28.362943], [-81.437765, 28.362834], [-81.437999, 28.362973], [-81.438114, 28.363077], [-81.43816, 28.363148], [-81.438167, 28.363394], [-81.438086, 28.36379], [-81.438129, 28.363967], [-81.438253, 28.364316], [-81.438276, 28.364523], [-81.438256, 28.364705], [-81.438176, 28.364898], [-81.437997, 28.3651], [-81.437678, 28.365356], [-81.437488, 28.365543], [-81.437339, 28.36576], [-81.437233, 28.366062], [-81.437208, 28.366269], [-81.437213, 28.366486], [-81.437249, 28.366932], [-81.437301, 28.367285], [-81.437403, 28.367602], [-81.437627, 28.368063]], [[-81.429909, 28.383617], [-81.429761, 28.383708], [-81.42929, 28.384104], [-81.429087, 28.384389], [-81.428986, 28.385027], [-81.428908, 28.385306], [-81.428878, 28.385556], [-81.428884, 28.385694], [-81.428958, 28.385768], [-81.429076, 28.385768], [-81.429702, 28.385567], [-81.429926, 28.385432], [-81.430005, 28.385351], [-81.430025, 28.385276], [-81.429988, 28.385205], [-81.42977, 28.385075], [-81.429705, 28.384982], [-81.429841, 28.384428], [-81.429945, 28.383816], [-81.429948, 28.383705], [-81.429909, 28.383617]], [[-81.431779, 28.382517], [-81.431385, 28.382583], [-81.431267, 28.38265], [-81.431171, 28.38274], [-81.43113, 28.382863], [-81.431202, 28.383025], [-81.431181, 28.383094], [-81.431131, 28.383131], [-81.430952, 28.383205], [-81.430742, 28.383361], [-81.430449, 28.383765], [-81.430369, 28.383901], [-81.430305, 28.384183], [-81.430346, 28.384272], [-81.430444, 28.384355], [-81.430761, 28.384457], [-81.430936, 28.384468], [-81.431077, 28.384448], [-81.431456, 28.384334], [-81.431815, 28.384188], [-81.432141, 28.38408], [-81.432343, 28.383982], [-81.432459, 28.383878], [-81.432523, 28.383738], [-81.432595, 28.383404], [-81.432584, 28.383065], [-81.432515, 28.382852], [-81.432456, 28.382778], [-81.432274, 28.382654], [-81.431779, 28.382517]], [[-81.432153, 28.381569], [-81.431912, 28.381597], [-81.431675, 28.381715], [-81.431349, 28.381845], [-81.430846, 28.381945], [-81.430671, 28.382082], [-81.430656, 28.382128], [-81.430672, 28.382177], [-81.430762, 28.382253], [-81.43087, 28.382277], [-81.431224, 28.382291], [-81.431549, 28.382252], [-81.432306, 28.382013], [-81.432577, 28.38187], [-81.432693, 28.38176], [-81.432699, 28.381696], [-81.43266, 28.381658], [-81.432342, 28.381629], [-81.432153, 28.381569]], [[-81.437514, 28.373226], [-81.437286, 28.373237], [-81.437076, 28.373276], [-81.436332, 28.37364], [-81.435674, 28.373828], [-81.435513, 28.373918], [-81.435412, 28.374001], [-81.435349, 28.374075], [-81.435342, 28.374135], [-81.435396, 28.37419], [-81.435499, 28.374204], [-81.435974, 28.374108], [-81.436275, 28.374111], [-81.436576, 28.374201], [-81.437042, 28.374441], [-81.437121, 28.37445], [-81.437285, 28.374413], [-81.437499, 28.374289], [-81.437713, 28.374058], [-81.4378, 28.373916], [-81.437889, 28.373671], [-81.437892, 28.373517], [-81.437839, 28.373413], [-81.437713, 28.373314], [-81.437514, 28.373226]], [[-81.432062, 28.362335], [-81.431898, 28.362365], [-81.431812, 28.362422], [-81.431725, 28.362565], [-81.431703, 28.362726], [-81.431743, 28.362875], [-81.431805, 28.362955], [-81.431977, 28.363075], [-81.432122, 28.363111], [-81.432247, 28.363083], [-81.432348, 28.363023], [-81.432408, 28.362933], [-81.432421, 28.362823], [-81.432373, 28.362656], [-81.432311, 28.362547], [-81.432215, 28.36244], [-81.432062, 28.362335]], [[-81.432954, 28.360239], [-81.433088, 28.36018], [-81.433246, 28.360075], [-81.433377, 28.359938], [-81.433461, 28.359808], [-81.433482, 28.359708], [-81.433461, 28.359612], [-81.43339, 28.359517], [-81.433311, 28.359458], [-81.432965, 28.35943], [-81.432073, 28.359501], [-81.431968, 28.359522], [-81.431833, 28.359617], [-81.43181, 28.359658], [-81.431811, 28.359703], [-81.431896, 28.359835], [-81.432107, 28.360019], [-81.43187, 28.360308], [-81.431851, 28.360387], [-81.431885, 28.360483], [-81.432275, 28.361066], [-81.432493, 28.361315], [-81.432805, 28.361512], [-81.433129, 28.36159], [-81.433214, 28.361554], [-81.433249, 28.361486], [-81.433273, 28.36133], [-81.433262, 28.361146], [-81.433232, 28.361003], [-81.432999, 28.360426], [-81.432954, 28.360239]], [[-81.427018, 28.355415], [-81.426764, 28.355455], [-81.426544, 28.355522], [-81.42627, 28.355693], [-81.425741, 28.356097], [-81.425332, 28.356259], [-81.42514, 28.356301], [-81.424777, 28.356286], [-81.4236, 28.356002], [-81.422384, 28.355976], [-81.422184, 28.355951], [-81.421749, 28.35585], [-81.421534, 28.355861], [-81.421436, 28.355905], [-81.421383, 28.355969], [-81.42137, 28.356038], [-81.421427, 28.356172], [-81.421637, 28.356366], [-81.422044, 28.356648], [-81.422305, 28.356861], [-81.422443, 28.357047], [-81.422512, 28.357258], [-81.422508, 28.357436], [-81.422454, 28.357629], [-81.422131, 28.358111], [-81.421969, 28.358578], [-81.421944, 28.358934], [-81.422036, 28.359257], [-81.422148, 28.359405], [-81.422238, 28.359473], [-81.422351, 28.359521], [-81.422526, 28.35955], [-81.422671, 28.359512], [-81.423018, 28.359254], [-81.423142, 28.359198], [-81.423393, 28.359179], [-81.423686, 28.359247], [-81.423799, 28.359308], [-81.42391, 28.359406], [-81.424351, 28.359939], [-81.424593, 28.360176], [-81.425016, 28.360401], [-81.425472, 28.360528], [-81.42587, 28.360566], [-81.426624, 28.360545], [-81.427178, 28.360572], [-81.428143, 28.360707], [-81.428774, 28.360822], [-81.429427, 28.36087], [-81.429969, 28.360837], [-81.430263, 28.360745], [-81.430508, 28.360586], [-81.430611, 28.360439], [-81.430625, 28.360344], [-81.43061, 28.36027], [-81.430572, 28.360203], [-81.430496, 28.36013], [-81.430417, 28.360101], [-81.430329, 28.360106], [-81.429833, 28.360275], [-81.429591, 28.360297], [-81.429481, 28.360267], [-81.429408, 28.36022], [-81.42933, 28.360137], [-81.429287, 28.360046], [-81.429252, 28.359837], [-81.429269, 28.359623], [-81.429347, 28.359341], [-81.429533, 28.358855], [-81.429579, 28.3586], [-81.429552, 28.358228], [-81.429492, 28.357843], [-81.429327, 28.357426], [-81.429123, 28.357179], [-81.428775, 28.35692], [-81.428479, 28.356752], [-81.428026, 28.356554], [-81.427804, 28.356401], [-81.42763, 28.356179], [-81.42736, 28.355603], [-81.427224, 28.355497], [-81.427018, 28.355415]], [[-81.432228, 28.358629], [-81.432492, 28.358566], [-81.43256, 28.358516], [-81.432585, 28.358452], [-81.432563, 28.358361], [-81.432382, 28.358135], [-81.432318, 28.357983], [-81.432338, 28.35781], [-81.432534, 28.357399], [-81.432504, 28.357289], [-81.432374, 28.357166], [-81.432307, 28.357129], [-81.432145, 28.357096], [-81.432061, 28.357101], [-81.431995, 28.357138], [-81.431966, 28.357207], [-81.431958, 28.357551], [-81.431829, 28.357769], [-81.431415, 28.357835], [-81.431067, 28.357924], [-81.43088, 28.358001], [-81.430771, 28.358083], [-81.430714, 28.358167], [-81.43071, 28.358249], [-81.430759, 28.358399], [-81.430848, 28.358533], [-81.431006, 28.358648], [-81.431317, 28.358784], [-81.431615, 28.358851], [-81.431798, 28.358862], [-81.432005, 28.358813], [-81.43211, 28.358753], [-81.432228, 28.358629]], [[-81.430261, 28.358235], [-81.430084, 28.358282], [-81.429999, 28.358365], [-81.429858, 28.358824], [-81.429648, 28.359357], [-81.429625, 28.359572], [-81.429654, 28.359699], [-81.429764, 28.359816], [-81.429913, 28.359873], [-81.430241, 28.359861], [-81.430467, 28.359813], [-81.43064, 28.359754], [-81.430784, 28.359667], [-81.430954, 28.359516], [-81.431021, 28.359431], [-81.431058, 28.359329], [-81.43106, 28.359172], [-81.431006, 28.359034], [-81.43086, 28.358881], [-81.430601, 28.358665], [-81.430261, 28.358235]], [[-81.429524, 28.362891], [-81.429247, 28.362929], [-81.429104, 28.36304], [-81.429065, 28.363137], [-81.429064, 28.363237], [-81.429092, 28.363305], [-81.429151, 28.363356], [-81.429293, 28.363415], [-81.429452, 28.363429], [-81.429557, 28.363397], [-81.429673, 28.363301], [-81.429715, 28.3632], [-81.429709, 28.363128], [-81.429647, 28.363026], [-81.429524, 28.362891]]]}, "properties": {"mukey": "323151"}}, {"type": "Feature", "geometry": {"type": "Polygon", "coordinates": [[[-81.431829, 28.357769], [-81.431918, 28.358058], [-81.432108, 28.358449], [-81.432228, 28.358629], [-81.43211, 28.358753], [-81.432005, 28.358813], [-81.431798, 28.358862], [-81.431615, 28.358851], [-81.431317, 28.358784], [-81.431006, 28.358648], [-81.430848, 28.358533], [-81.430759, 28.358399], [-81.43071, 28.358249], [-81.430714, 28.358167], [-81.430771, 28.358083], [-81.43088, 28.358001], [-81.431067, 28.357924], [-81.431415, 28.357835], [-81.431829, 28.357769]]]}, "properties": {"mukey": "323143"}}, {"type": "Feature", "geometry": {"type": "Polygon", "coordinates": [[[-81.421078, 28.373539], [-81.420656, 28.373493], [-81.420197, 28.373552], [-81.419657, 28.373551], [-81.418827, 28.373606], [-81.418415, 28.373604], [-81.417966, 28.373565], [-81.417825, 28.373474], [-81.417649, 28.373449], [-81.417028, 28.373578], [-81.416465, 28.373643], [-81.415623, 28.37361], [-81.41484, 28.373502], [-81.41434, 28.373564], [-81.414279, 28.373546], [-81.41423, 28.373509], [-81.414202, 28.373457], [-81.414194, 28.373377], [-81.414216, 28.373312], [-81.414316, 28.373199], [-81.414511, 28.373071], [-81.414675, 28.373035], [-81.414988, 28.373013], [-81.415903, 28.373052], [-81.416106, 28.373121], [-81.416396, 28.373263], [-81.416598, 28.373312], [-81.416922, 28.37332], [-81.417253, 28.373255], [-81.417432, 28.373173], [-81.417548, 28.373069], [-81.417613, 28.372934], [-81.417631, 28.372776], [-81.417603, 28.372658], [-81.417548, 28.372548], [-81.417442, 28.372436], [-81.417186, 28.372243], [-81.417155, 28.372198], [-81.41717, 28.372128], [-81.417358, 28.372038], [-81.417707, 28.371972], [-81.417915, 28.372007], [-81.418212, 28.37213], [-81.41891, 28.372703], [-81.419143, 28.372868], [-81.41939, 28.372936], [-81.419703, 28.372907], [-81.420206, 28.372806], [-81.42074, 28.372867], [-81.421006, 28.372852], [-81.42115, 28.372814], [-81.421263, 28.372748], [-81.421533, 28.372395], [-81.421722, 28.372252], [-81.422076, 28.372173], [-81.422388, 28.372141], [-81.422492, 28.372167], [-81.422516, 28.372218], [-81.422493, 28.372295], [-81.422195, 28.372693], [-81.42196, 28.373136], [-81.421815, 28.373348], [-81.421654, 28.373471], [-81.421328, 28.37356], [-81.421078, 28.373539]]]}, "properties": {"mukey": "323176"}}, {"type": "Feature", "geometry": {"type": "Polygon", "coordinates": [[[-81.432228, 28.358629], [-81.432108, 28.358449], [-81.431918, 28.358058], [-81.431829, 28.357769], [-81.431958, 28.357551], [-81.431966, 28.357207], [-81.431995, 28.357138], [-81.432061, 28.357101], [-81.432145, 28.357096], [-81.432307, 28.357129], [-81.432374, 28.357166], [-81.432504, 28.357289], [-81.432534, 28.357399], [-81.432338, 28.35781], [-81.432318, 28.357983], [-81.432382, 28.358135], [-81.432563, 28.358361], [-81.432585, 28.358452], [-81.43256, 28.358516], [-81.432492, 28.358566], [-81.432228, 28.358629]]]}, "properties": {"mukey": "323176"}}, {"type": "Feature", "geometry": {"type": "Polygon", "coordinates": [[[-81.44579, 28.354814], [-81.445691, 28.355105], [-81.445546, 28.355328], [-81.445387, 28.355527], [-81.444688, 28.356241], [-81.44391, 28.356974], [-81.443271, 28.357687], [-81.443065, 28.357891], [-81.442923, 28.357964], [-81.442218, 28.358021], [-81.442127, 28.358047], [-81.442065, 28.358092], [-81.442048, 28.358158], [-81.442061, 28.35819], [-81.442347, 28.358486], [-81.442487, 28.358702], [-81.442557, 28.358948], [-81.442557, 28.359212], [-81.442486, 28.359594], [-81.44233, 28.359957], [-81.442107, 28.360268], [-81.441825, 28.360577], [-81.441099, 28.361255], [-81.4406, 28.361637], [-81.439954, 28.362046], [-81.439423, 28.362316], [-81.439205, 28.362384], [-81.438991, 28.362397], [-81.43815, 28.362171], [-81.437983, 28.36216], [-81.437827, 28.362195], [-81.43772, 28.362294], [-81.437672, 28.362466], [-81.437694, 28.362651], [-81.437765, 28.362834], [-81.437392, 28.362943], [-81.437271, 28.362949], [-81.437181, 28.362931], [-81.436363, 28.362554], [-81.4362, 28.362428], [-81.436046, 28.362263], [-81.436286, 28.362024], [-81.436985, 28.361431], [-81.437887, 28.360725], [-81.43892, 28.360064], [-81.439444, 28.359775], [-81.440111, 28.359435], [-81.440644, 28.359123], [-81.440757, 28.359045], [-81.440913, 28.358895], [-81.44105, 28.35864], [-81.441261, 28.358021], [-81.441319, 28.357684], [-81.441319, 28.357452], [-81.441275, 28.357361], [-81.441216, 28.357308], [-81.440807, 28.357183], [-81.440622, 28.357057], [-81.440509, 28.356872], [-81.440436, 28.356564], [-81.440369, 28.35646], [-81.440289, 28.356428], [-81.440189, 28.356415], [-81.439683, 28.356418], [-81.439582, 28.35645], [-81.439506, 28.356535], [-81.439496, 28.356663], [-81.439615, 28.357841], [-81.439602, 28.358261], [-81.439496, 28.358615], [-81.439377, 28.358897], [-81.439315, 28.359006], [-81.439124, 28.359247], [-81.438832, 28.359467], [-81.438441, 28.359647], [-81.437867, 28.359826], [-81.436998, 28.360045], [-81.436583, 28.360237], [-81.436373, 28.360392], [-81.436136, 28.360623], [-81.435633, 28.361306], [-81.435463, 28.361453], [-81.435347, 28.361514], [-81.435057, 28.361168], [-81.434858, 28.361], [-81.434598, 28.360896], [-81.434185, 28.360795], [-81.433983, 28.36068], [-81.433944, 28.360617], [-81.433933, 28.360509], [-81.433952, 28.360427], [-81.434025, 28.360281], [-81.434237, 28.360528], [-81.434403, 28.360633], [-81.434609, 28.36066], [-81.434696, 28.360639], [-81.434791, 28.360591], [-81.434884, 28.360462], [-81.434883, 28.360369], [-81.434842, 28.360293], [-81.434522, 28.359883], [-81.434848, 28.359657], [-81.43526, 28.359278], [-81.435371, 28.359141], [-81.435395, 28.359045], [-81.435342, 28.358962], [-81.435198, 28.358921], [-81.434723, 28.359004], [-81.434499, 28.358982], [-81.434311, 28.358866], [-81.434136, 28.358633], [-81.434079, 28.358409], [-81.434097, 28.358114], [-81.434231, 28.357704], [-81.434474, 28.357093], [-81.434576, 28.356642], [-81.434549, 28.356533], [-81.434491, 28.356426], [-81.434179, 28.356279], [-81.434136, 28.35622], [-81.434135, 28.356185], [-81.434226, 28.356036], [-81.434437, 28.355838], [-81.434564, 28.355596], [-81.434704, 28.355479], [-81.43492, 28.355414], [-81.435703, 28.355316], [-81.435903, 28.355234], [-81.436043, 28.355122], [-81.436063, 28.35508], [-81.436054, 28.355006], [-81.435933, 28.354884], [-81.435758, 28.354815], [-81.435382, 28.354735], [-81.435258, 28.354653], [-81.435232, 28.354428], [-81.43516, 28.354224], [-81.435099, 28.354135], [-81.434975, 28.354031], [-81.434895, 28.35401], [-81.434805, 28.354013], [-81.434446, 28.354095], [-81.434211, 28.354125], [-81.434063, 28.354014], [-81.433804, 28.353948], [-81.433528, 28.353934], [-81.43327, 28.35396], [-81.433098, 28.35401], [-81.432926, 28.354102], [-81.432702, 28.354254], [-81.432493, 28.354437], [-81.432239, 28.354202], [-81.432193, 28.35409], [-81.432194, 28.353974], [-81.432899, 28.353491], [-81.433248, 28.353296], [-81.433363, 28.353178], [-81.433449, 28.353126], [-81.433495, 28.353066], [-81.433666, 28.352565], [-81.433721, 28.352165], [-81.433717, 28.351993], [-81.433683, 28.351832], [-81.433832, 28.351655], [-81.434064, 28.351687], [-81.434164, 28.35166], [-81.434217, 28.351588], [-81.434273, 28.351418], [-81.43433, 28.351324], [-81.434586, 28.351295], [-81.434823, 28.35124], [-81.434954, 28.351199], [-81.435089, 28.351119], [-81.435167, 28.351025], [-81.435191, 28.350958], [-81.435175, 28.350661], [-81.435419, 28.350593], [-81.436853, 28.350526], [-81.437535, 28.350426], [-81.437669, 28.350396], [-81.43774, 28.350359], [-81.437792, 28.350289], [-81.437798, 28.350213], [-81.437719, 28.350104], [-81.437604, 28.35005], [-81.436906, 28.350043], [-81.436659, 28.350084], [-81.436388, 28.350237], [-81.436243, 28.350298], [-81.436157, 28.3503], [-81.436101, 28.350283], [-81.435927, 28.350148], [-81.435867, 28.350006], [-81.435857, 28.349841], [-81.43588, 28.349526], [-81.435848, 28.349334], [-81.435806, 28.349223], [-81.435703, 28.349077], [-81.435607, 28.348991], [-81.435529, 28.348956], [-81.435384, 28.348944], [-81.435167, 28.348993], [-81.435035, 28.349114], [-81.43501, 28.349205], [-81.434925, 28.350027], [-81.434853, 28.350205], [-81.434725, 28.350375], [-81.434236, 28.350199], [-81.433934, 28.350112], [-81.433741, 28.350119], [-81.433605, 28.350178], [-81.433251, 28.350087], [-81.432985, 28.350074], [-81.432836, 28.350111], [-81.432709, 28.350245], [-81.432167, 28.35032], [-81.431874, 28.350408], [-81.431645, 28.350508], [-81.431447, 28.350697], [-81.431118, 28.351173], [-81.430413, 28.351383], [-81.430285, 28.351495], [-81.430186, 28.3517], [-81.430173, 28.351907], [-81.430239, 28.352036], [-81.43048, 28.352182], [-81.430871, 28.352321], [-81.430959, 28.352509], [-81.431096, 28.352675], [-81.430796, 28.352798], [-81.430643, 28.352828], [-81.430553, 28.352824], [-81.430437, 28.352785], [-81.430321, 28.352705], [-81.430086, 28.352406], [-81.429843, 28.352234], [-81.429711, 28.352204], [-81.429474, 28.352186], [-81.428701, 28.352235], [-81.428488, 28.35217], [-81.428299, 28.352051], [-81.428208, 28.351942], [-81.428174, 28.351824], [-81.428275, 28.351018], [-81.428289, 28.350608], [-81.42823, 28.350354], [-81.428108, 28.350099], [-81.42785, 28.349797], [-81.427565, 28.349557], [-81.427062, 28.349204], [-81.426467, 28.348846], [-81.425833, 28.348402], [-81.426035, 28.348214], [-81.426156, 28.347913], [-81.441024, 28.347995], [-81.441031, 28.348076], [-81.441093, 28.348161], [-81.441469, 28.348379], [-81.441413, 28.348827], [-81.441321, 28.349041], [-81.440894, 28.348872], [-81.440765, 28.348856], [-81.440687, 28.348882], [-81.440571, 28.349006], [-81.440476, 28.349209], [-81.440323, 28.349416], [-81.440108, 28.349763], [-81.439918, 28.349908], [-81.439655, 28.350036], [-81.439274, 28.349677], [-81.439202, 28.349644], [-81.439008, 28.349616], [-81.438601, 28.349684], [-81.438316, 28.34979], [-81.438081, 28.349918], [-81.438029, 28.349976], [-81.438009, 28.350039], [-81.43804, 28.350125], [-81.438158, 28.3502], [-81.438923, 28.350299], [-81.439583, 28.350492], [-81.439855, 28.350543], [-81.439832, 28.350763], [-81.439772, 28.351014], [-81.43978, 28.351086], [-81.439829, 28.351141], [-81.43991, 28.351152], [-81.44007, 28.351065], [-81.440127, 28.351073], [-81.440203, 28.351191], [-81.440257, 28.351392], [-81.440255, 28.351728], [-81.440093, 28.352036], [-81.440079, 28.352108], [-81.440098, 28.352181], [-81.44015, 28.352252], [-81.440253, 28.352319], [-81.440369, 28.352347], [-81.440604, 28.352336], [-81.440653, 28.352368], [-81.440678, 28.352412], [-81.440682, 28.35269], [-81.440636, 28.352908], [-81.440583, 28.353035], [-81.440343, 28.353003], [-81.439712, 28.352964], [-81.439487, 28.352926], [-81.439547, 28.352664], [-81.439529, 28.352413], [-81.439474, 28.352176], [-81.439308, 28.351773], [-81.439175, 28.351638], [-81.439017, 28.351563], [-81.438733, 28.351523], [-81.438552, 28.351556], [-81.438416, 28.351691], [-81.438198, 28.352078], [-81.437872, 28.35248], [-81.437847, 28.35255], [-81.437864, 28.352611], [-81.437959, 28.352701], [-81.438219, 28.352838], [-81.438388, 28.352964], [-81.43897, 28.353618], [-81.439288, 28.353919], [-81.43943, 28.353967], [-81.439511, 28.353941], [-81.439589, 28.353874], [-81.439812, 28.353897], [-81.440012, 28.353985], [-81.439951, 28.354356], [-81.439966, 28.354607], [-81.439999, 28.354674], [-81.440063, 28.35472], [-81.440225, 28.354735], [-81.44054, 28.354582], [-81.440912, 28.354301], [-81.441377, 28.353994], [-81.441468, 28.353855], [-81.441481, 28.353696], [-81.441779, 28.353574], [-81.442574, 28.353301], [-81.442691, 28.353243], [-81.442787, 28.353171], [-81.442824, 28.353099], [-81.442833, 28.353015], [-81.442806, 28.35257], [-81.442822, 28.352303], [-81.443114, 28.352252], [-81.44331, 28.352194], [-81.444271, 28.351739], [-81.444361, 28.351726], [-81.444435, 28.35175], [-81.444484, 28.351836], [-81.444506, 28.352052], [-81.444563, 28.35221], [-81.445159, 28.352889], [-81.445447, 28.353343], [-81.445594, 28.353793], [-81.445637, 28.354296], [-81.445686, 28.354595], [-81.445719, 28.354705], [-81.44579, 28.354814]], [[-81.437369, 28.352488], [-81.437008, 28.352516], [-81.436648, 28.352646], [-81.435958, 28.353054], [-81.435678, 28.353295], [-81.435591, 28.353483], [-81.435607, 28.353692], [-81.435746, 28.354037], [-81.435909, 28.354236], [-81.435978, 28.354268], [-81.436014, 28.354265], [-81.43606, 28.354214], [-81.436213, 28.353683], [-81.436287, 28.353534], [-81.436366, 28.353439], [-81.436752, 28.353139], [-81.437333, 28.35284], [-81.437447, 28.352752], [-81.437476, 28.352647], [-81.437369, 28.352488]], [[-81.42927, 28.34886], [-81.428831, 28.348874], [-81.428535, 28.348928], [-81.428446, 28.348993], [-81.428398, 28.349054], [-81.428345, 28.34931], [-81.428412, 28.349476], [-81.42878, 28.34998], [-81.429053, 28.350584], [-81.429196, 28.350733], [-81.429345, 28.350763], [-81.429529, 28.350714], [-81.429587, 28.350661], [-81.429608, 28.350608], [-81.42959, 28.349912], [-81.429701, 28.34913], [-81.429661, 28.348989], [-81.42959, 28.348914], [-81.429505, 28.348887], [-81.42927, 28.34886]], [[-81.437005, 28.356835], [-81.436778, 28.356854], [-81.436571, 28.356922], [-81.436429, 28.357046], [-81.436361, 28.357204], [-81.43637, 28.357383], [-81.436499, 28.357666], [-81.436675, 28.357856], [-81.436852, 28.357929], [-81.436974, 28.357917], [-81.437172, 28.357799], [-81.43759, 28.357433], [-81.437658, 28.357339], [-81.437684, 28.357261], [-81.437659, 28.357195], [-81.437603, 28.357145], [-81.437339, 28.357021], [-81.437005, 28.356835]]]}, "properties": {"mukey": "323159"}}, {"type": "Feature", "geometry": {"type": "Polygon", "coordinates": [[[-81.434137, 28.366392], [-81.43374, 28.366768], [-81.433687, 28.366647], [-81.433706, 28.36657], [-81.43374, 28.366525], [-81.43398, 28.366368], [-81.434025, 28.366362], [-81.434137, 28.366392]]]}, "properties": {"mukey": "323143"}}, {"type": "Feature", "geometry": {"type": "Polygon", "coordinates": [[[-81.421328, 28.37356], [-81.421499, 28.374114], [-81.421517, 28.374364], [-81.421488, 28.374457], [-81.421443, 28.374518], [-81.421277, 28.374611], [-81.421015, 28.374639], [-81.420753, 28.374574], [-81.420328, 28.374314], [-81.419835, 28.373959], [-81.420001, 28.373947], [-81.420127, 28.373966], [-81.42075, 28.374195], [-81.420902, 28.374205], [-81.421049, 28.374179], [-81.421167, 28.374085], [-81.421195, 28.373989], [-81.421171, 28.37383], [-81.421078, 28.373539], [-81.421328, 28.37356]]]}, "properties": {"mukey": "323151"}}, {"type": "Feature", "geometry": {"type": "Polygon", "coordinates": [[[-81.423663, 28.3773], [-81.423818, 28.377465], [-81.423888, 28.377621], [-81.42395, 28.377955], [-81.423945, 28.378151], [-81.423891, 28.378372], [-81.423801, 28.378526], [-81.423692, 28.378587], [-81.423554, 28.378595], [-81.423411, 28.378544], [-81.423247, 28.378376], [-81.423191, 28.378237], [-81.423153, 28.377913], [-81.423216, 28.377669], [-81.423292, 28.377528], [-81.423495, 28.377335], [-81.423663, 28.3773]]]}, "properties": {"mukey": "323157"}}, {"type": "Feature", "geometry": {"type": "Polygon", "coordinates": [[[-81.426768, 28.367154], [-81.426888, 28.367028], [-81.427022, 28.366966], [-81.427258, 28.366945], [-81.427443, 28.366982], [-81.427542, 28.367039], [-81.427651, 28.367159], [-81.427765, 28.367527], [-81.427657, 28.367639], [-81.427565, 28.367681], [-81.427402, 28.367695], [-81.427243, 28.367664], [-81.42706, 28.367566], [-81.426921, 28.367448], [-81.426831, 28.367317], [-81.426768, 28.367154]]]}, "properties": {"mukey": "323143"}}, {"type": "Feature", "geometry": {"type": "Polygon", "coordinates": [[[-81.425857, 28.376268], [-81.42599, 28.376426], [-81.426022, 28.376534], [-81.426023, 28.376631], [-81.425993, 28.376704], [-81.425934, 28.376763], [-81.425808, 28.376789], [-81.425684, 28.376754], [-81.425594, 28.376681], [-81.425536, 28.376587], [-81.42552, 28.376476], [-81.425553, 28.37637], [-81.425607, 28.376311], [-81.425684, 28.376277], [-81.425857, 28.376268]]]}, "properties": {"mukey": "323143"}}, {"type": "Feature", "geometry": {"type": "Polygon", "coordinates": [[[-81.424102, 28.366165], [-81.424238, 28.366281], [-81.424379, 28.36645], [-81.424512, 28.366705], [-81.424593, 28.366928], [-81.42467, 28.367707], [-81.424643, 28.367889], [-81.424574, 28.368093], [-81.424461, 28.3683], [-81.42427, 28.368539], [-81.423989, 28.368777], [-81.423763, 28.368925], [-81.42355, 28.369004], [-81.423269, 28.369046], [-81.422926, 28.368987], [-81.422779, 28.36891], [-81.422687, 28.368823], [-81.422628, 28.368722], [-81.422586, 28.368567], [-81.422559, 28.368118], [-81.422693, 28.367717], [-81.423013, 28.367137], [-81.423254, 28.366642], [-81.42335, 28.3665], [-81.423482, 28.36637], [-81.423636, 28.366269], [-81.423895, 28.366192], [-81.424102, 28.366165]], [[-81.424027, 28.366407], [-81.42389, 28.36642], [-81.423815, 28.366448], [-81.423609, 28.366654], [-81.423058, 28.367621], [-81.423024, 28.367768], [-81.42301, 28.367966], [-81.423061, 28.368266], [-81.423168, 28.368568], [-81.423233, 28.368631], [-81.423306, 28.368661], [-81.423422, 28.368664], [-81.423618, 28.368621], [-81.424006, 28.368422], [-81.424201, 28.368211], [-81.424368, 28.367858], [-81.42442, 28.367566], [-81.424334, 28.366963], [-81.424222, 28.366639], [-81.424126, 28.366499], [-81.424027, 28.366407]]]}, "properties": {"mukey": "323151"}}, {"type": "Feature", "geometry": {"type": "Polygon", "coordinates": [[[-81.463084, 28.394023], [-81.462827, 28.394291], [-81.462306, 28.39478], [-81.461646, 28.39533], [-81.461373, 28.395761], [-81.461154, 28.395994], [-81.460905, 28.396156], [-81.46037, 28.396418], [-81.460025, 28.396649], [-81.459857, 28.396839], [-81.459633, 28.397137], [-81.459319, 28.397657], [-81.459195, 28.397648], [-81.45893, 28.397671], [-81.458512, 28.397663], [-81.458367, 28.397685], [-81.458246, 28.397722], [-81.457838, 28.39792], [-81.457525, 28.39803], [-81.457523, 28.397897], [-81.457558, 28.397779], [-81.457697, 28.397436], [-81.4579, 28.397075], [-81.458024, 28.39693], [-81.458194, 28.396781], [-81.458591, 28.396546], [-81.458889, 28.396403], [-81.459127, 28.396208], [-81.459372, 28.395883], [-81.45941, 28.395762], [-81.459421, 28.395585], [-81.459473, 28.395527], [-81.459502, 28.395447], [-81.459526, 28.395308], [-81.459513, 28.395234], [-81.459313, 28.39506], [-81.459113, 28.395005], [-81.458977, 28.395001], [-81.458435, 28.395041], [-81.45795, 28.395142], [-81.457573, 28.395256], [-81.457284, 28.395314], [-81.456807, 28.395294], [-81.456391, 28.395151], [-81.456198, 28.395018], [-81.45608, 28.394912], [-81.455922, 28.394587], [-81.455911, 28.394458], [-81.455928, 28.394214], [-81.456035, 28.393871], [-81.456033, 28.393772], [-81.45608, 28.393692], [-81.456101, 28.393608], [-81.45612, 28.393463], [-81.456113, 28.39332], [-81.456016, 28.393031], [-81.455898, 28.392851], [-81.455382, 28.392388], [-81.454898, 28.392076], [-81.454519, 28.391801], [-81.454013, 28.391319], [-81.453882, 28.391268], [-81.45365, 28.391215], [-81.453027, 28.391168], [-81.452881, 28.391141], [-81.452525, 28.391048], [-81.452116, 28.390855], [-81.451825, 28.390777], [-81.451582, 28.390757], [-81.450781, 28.390758], [-81.450549, 28.390718], [-81.450186, 28.39056], [-81.449907, 28.390358], [-81.449509, 28.389817], [-81.44933, 28.389388], [-81.449174, 28.389202], [-81.44881, 28.388988], [-81.448499, 28.388897], [-81.448354, 28.388872], [-81.447975, 28.388882], [-81.447485, 28.388929], [-81.446577, 28.389257], [-81.44592, 28.38946], [-81.445546, 28.389557], [-81.44487, 28.389672], [-81.443899, 28.389638], [-81.443459, 28.389583], [-81.443054, 28.389488], [-81.441728, 28.389105], [-81.441372, 28.389032], [-81.441039, 28.388997], [-81.440468, 28.389031], [-81.440247, 28.38908], [-81.43989, 28.38921], [-81.439297, 28.389536], [-81.438508, 28.390119], [-81.437487, 28.390955], [-81.437284, 28.391248], [-81.437008, 28.392092], [-81.436928, 28.392429], [-81.436919, 28.392644], [-81.437003, 28.393071], [-81.43722, 28.39384], [-81.437294, 28.394385], [-81.437286, 28.395264], [-81.437198, 28.396448], [-81.437211, 28.397014], [-81.437195, 28.397145], [-81.437047, 28.397052], [-81.436493, 28.396501], [-81.436078, 28.396173], [-81.435985, 28.39613], [-81.435865, 28.39612], [-81.435676, 28.396195], [-81.434815, 28.395749], [-81.434281, 28.395399], [-81.434397, 28.395244], [-81.434507, 28.395051], [-81.434974, 28.394043], [-81.435106, 28.39338], [-81.435145, 28.392797], [-81.435094, 28.392627], [-81.434948, 28.392406], [-81.434367, 28.391915], [-81.43419, 28.39172], [-81.434116, 28.391586], [-81.434078, 28.391412], [-81.434031, 28.390771], [-81.433975, 28.390439], [-81.433928, 28.39032], [-81.433673, 28.389864], [-81.4336, 28.389688], [-81.433496, 28.389001], [-81.433269, 28.388356], [-81.433205, 28.387795], [-81.433253, 28.38736], [-81.433318, 28.387177], [-81.433409, 28.387047], [-81.43361, 28.38687], [-81.434328, 28.386489], [-81.434574, 28.386329], [-81.434785, 28.386151], [-81.434948, 28.385942], [-81.435082, 28.385715], [-81.435176, 28.385498], [-81.435337, 28.384912], [-81.435572, 28.384278], [-81.435679, 28.384129], [-81.435956, 28.383832], [-81.436148, 28.383582], [-81.436238, 28.383394], [-81.436315, 28.383089], [-81.436376, 28.382623], [-81.436348, 28.382307], [-81.436284, 28.382066], [-81.436162, 28.381828], [-81.435516, 28.381173], [-81.43535, 28.380966], [-81.435219, 28.380747], [-81.435112, 28.380502], [-81.435064, 28.380262], [-81.435051, 28.380024], [-81.43509, 28.379833], [-81.435187, 28.379654], [-81.435425, 28.37944], [-81.436009, 28.379134], [-81.436312, 28.378866], [-81.436538, 28.378619], [-81.436711, 28.378272], [-81.436882, 28.378022], [-81.437005, 28.37789], [-81.437248, 28.377719], [-81.43774, 28.377531], [-81.438111, 28.377362], [-81.438549, 28.377028], [-81.439245, 28.376437], [-81.440286, 28.375411], [-81.440531, 28.375019], [-81.440602, 28.374807], [-81.440633, 28.374603], [-81.440604, 28.374044], [-81.440474, 28.373418], [-81.440279, 28.372757], [-81.440127, 28.372327], [-81.439859, 28.371858], [-81.439471, 28.371424], [-81.43923, 28.371216], [-81.438709, 28.370857], [-81.438343, 28.370565], [-81.438159, 28.3704], [-81.438011, 28.370222], [-81.437898, 28.369952], [-81.437835, 28.369638], [-81.437845, 28.369238], [-81.437911, 28.368698], [-81.4379, 28.368531], [-81.437796, 28.368236], [-81.437627, 28.368063], [-81.437403, 28.367602], [-81.437301, 28.367285], [-81.437249, 28.366932], [-81.437213, 28.366486], [-81.437208, 28.366269], [-81.437233, 28.366062], [-81.437339, 28.36576], [-81.437488, 28.365543], [-81.437678, 28.365356], [-81.437997, 28.3651], [-81.438176, 28.364898], [-81.438256, 28.364705], [-81.438276, 28.364523], [-81.438253, 28.364316], [-81.438129, 28.363967], [-81.438086, 28.36379], [-81.438167, 28.363394], [-81.43816, 28.363148], [-81.438114, 28.363077], [-81.437999, 28.362973], [-81.437765, 28.362834], [-81.437694, 28.362651], [-81.437672, 28.362466], [-81.43772, 28.362294], [-81.437827, 28.362195], [-81.437983, 28.36216], [-81.43815, 28.362171], [-81.438991, 28.362397], [-81.439205, 28.362384], [-81.439423, 28.362316], [-81.439954, 28.362046], [-81.4406, 28.361637], [-81.441099, 28.361255], [-81.441825, 28.360577], [-81.442107, 28.360268], [-81.44233, 28.359957], [-81.442486, 28.359594], [-81.442557, 28.359212], [-81.442557, 28.358948], [-81.442487, 28.358702], [-81.442347, 28.358486], [-81.442061, 28.35819], [-81.442048, 28.358158], [-81.442065, 28.358092], [-81.442127, 28.358047], [-81.442218, 28.358021], [-81.442923, 28.357964], [-81.443065, 28.357891], [-81.443271, 28.357687], [-81.44391, 28.356974], [-81.444688, 28.356241], [-81.445387, 28.355527], [-81.445546, 28.355328], [-81.445691, 28.355105], [-81.44579, 28.354814], [-81.445863, 28.354677], [-81.445965, 28.354337], [-81.446002, 28.354068], [-81.445995, 28.353799], [-81.445852, 28.353354], [-81.445562, 28.352795], [-81.445407, 28.352381], [-81.445371, 28.35216], [-81.445372, 28.35202], [-81.445459, 28.351814], [-81.445772, 28.351962], [-81.446164, 28.35211], [-81.446374, 28.35223], [-81.446562, 28.352418], [-81.446651, 28.352635], [-81.446674, 28.35321], [-81.446603, 28.35364], [-81.446469, 28.354177], [-81.446131, 28.355087], [-81.446083, 28.355322], [-81.446115, 28.355482], [-81.446195, 28.355592], [-81.446489, 28.355739], [-81.446414, 28.356064], [-81.446265, 28.356488], [-81.446098, 28.35708], [-81.445904, 28.357434], [-81.445616, 28.357768], [-81.445594, 28.357827], [-81.445598, 28.357903], [-81.44519, 28.358311], [-81.444492, 28.358936], [-81.444133, 28.359313], [-81.443759, 28.35983], [-81.442748, 28.361141], [-81.442642, 28.361231], [-81.442377, 28.361368], [-81.442253, 28.361483], [-81.442136, 28.361833], [-81.442006, 28.362029], [-81.441789, 28.362251], [-81.44123, 28.362735], [-81.440689, 28.363251], [-81.44037, 28.363725], [-81.44024, 28.364187], [-81.440246, 28.364578], [-81.440313, 28.365091], [-81.440231, 28.365657], [-81.440232, 28.365939], [-81.440343, 28.366203], [-81.440695, 28.366681], [-81.440848, 28.367113], [-81.440941, 28.367312], [-81.441047, 28.367439], [-81.441224, 28.36759], [-81.441409, 28.367712], [-81.441652, 28.367824], [-81.442237, 28.368051], [-81.442513, 28.368071], [-81.442683, 28.368042], [-81.442996, 28.367881], [-81.443176, 28.367742], [-81.443362, 28.367534], [-81.443509, 28.367308], [-81.44373, 28.366742], [-81.443981, 28.365847], [-81.444237, 28.365211], [-81.444669, 28.364424], [-81.445041, 28.363938], [-81.445259, 28.36356], [-81.445346, 28.363278], [-81.445367, 28.363061], [-81.445312, 28.362823], [-81.445164, 28.362542], [-81.445161, 28.362465], [-81.445185, 28.362412], [-81.445299, 28.362307], [-81.445445, 28.362256], [-81.445618, 28.362247], [-81.44589, 28.362289], [-81.446029, 28.362271], [-81.4462, 28.362167], [-81.446442, 28.361902], [-81.446573, 28.361792], [-81.446711, 28.361757], [-81.446765, 28.361781], [-81.446813, 28.361843], [-81.44684, 28.36194], [-81.446842, 28.362154], [-81.446746, 28.362611], [-81.446509, 28.363059], [-81.446043, 28.363768], [-81.445957, 28.363961], [-81.445937, 28.364107], [-81.44595, 28.364162], [-81.44599, 28.364203], [-81.446163, 28.364283], [-81.446195, 28.364358], [-81.446195, 28.364437], [-81.446144, 28.364622], [-81.445975, 28.364948], [-81.445915, 28.365118], [-81.445913, 28.365526], [-81.445854, 28.365659], [-81.445687, 28.365906], [-81.445651, 28.366065], [-81.445689, 28.366268], [-81.445818, 28.366577], [-81.445882, 28.366912], [-81.445837, 28.367389], [-81.445698, 28.368025], [-81.445689, 28.368395], [-81.445718, 28.368462], [-81.445759, 28.368496], [-81.446025, 28.368603], [-81.446111, 28.368654], [-81.446189, 28.36874], [-81.446242, 28.368853], [-81.44626, 28.369302], [-81.44629, 28.369487], [-81.446469, 28.369822], [-81.446521, 28.370213], [-81.446561, 28.370366], [-81.446848, 28.370935], [-81.44695, 28.371273], [-81.446954, 28.371742], [-81.446873, 28.372251], [-81.446697, 28.372737], [-81.446566, 28.372911], [-81.446452, 28.372982], [-81.446105, 28.373144], [-81.445239, 28.373394], [-81.444931, 28.373571], [-81.44459, 28.373835], [-81.444088, 28.374316], [-81.443775, 28.374731], [-81.443618, 28.375019], [-81.443568, 28.375418], [-81.443567, 28.37604], [-81.44367, 28.376523], [-81.444141, 28.37764], [-81.444538, 28.378319], [-81.444938, 28.379187], [-81.445326, 28.379909], [-81.445928, 28.380816], [-81.446262, 28.381194], [-81.446472, 28.381358], [-81.446876, 28.381548], [-81.447053, 28.381594], [-81.447335, 28.381627], [-81.44784, 28.381582], [-81.448311, 28.381452], [-81.448638, 28.381266], [-81.449205, 28.380861], [-81.449452, 28.380653], [-81.44962, 28.380485], [-81.449962, 28.380035], [-81.45057, 28.379341], [-81.450985, 28.378997], [-81.451442, 28.37866], [-81.451782, 28.378349], [-81.4521, 28.37799], [-81.452422, 28.377563], [-81.452506, 28.377357], [-81.452545, 28.377079], [-81.45248, 28.376636], [-81.452359, 28.376235], [-81.452261, 28.376115], [-81.45177, 28.375769], [-81.451577, 28.375591], [-81.451447, 28.375382], [-81.450954, 28.374386], [-81.450628, 28.373784], [-81.450458, 28.373568], [-81.450332, 28.373467], [-81.450238, 28.373438], [-81.450066, 28.373428], [-81.449541, 28.373445], [-81.449323, 28.373508], [-81.449026, 28.373717], [-81.44889, 28.37379], [-81.448735, 28.373804], [-81.448686, 28.373784], [-81.448631, 28.373729], [-81.448615, 28.373676], [-81.448625, 28.373588], [-81.448829, 28.373248], [-81.448906, 28.37286], [-81.449002, 28.372749], [-81.449301, 28.372575], [-81.449392, 28.372482], [-81.449392, 28.37239], [-81.449289, 28.372187], [-81.449292, 28.372114], [-81.449316, 28.372081], [-81.449437, 28.372011], [-81.449583, 28.371968], [-81.450185, 28.371984], [-81.450981, 28.372071], [-81.451903, 28.37222], [-81.452776, 28.372267], [-81.453516, 28.37226], [-81.454333, 28.372153], [-81.454883, 28.371994], [-81.455908, 28.371654], [-81.45693, 28.371344], [-81.457371, 28.371182], [-81.458341, 28.370723], [-81.459452, 28.370066], [-81.459835, 28.369892], [-81.461087, 28.369389], [-81.461516, 28.369184], [-81.462017, 28.368897], [-81.462519, 28.368497], [-81.46302, 28.367891], [-81.463274, 28.36746], [-81.463533, 28.366891], [-81.46374, 28.36658], [-81.46408, 28.366249], [-81.464992, 28.365512], [-81.465433, 28.365], [-81.465612, 28.364744], [-81.465777, 28.364465], [-81.465886, 28.364181], [-81.465954, 28.363796], [-81.465999, 28.361976], [-81.466062, 28.36131], [-81.466049, 28.3611], [-81.465997, 28.360934], [-81.466059, 28.360654], [-81.466352, 28.359948], [-81.466914, 28.359084], [-81.467523, 28.358303], [-81.467753, 28.357947], [-81.468157, 28.357396], [-81.468365, 28.35703], [-81.468503, 28.356655], [-81.46856, 28.356294], [-81.468544, 28.35602], [-81.468434, 28.355532], [-81.468451, 28.35538], [-81.468506, 28.355278], [-81.468661, 28.355171], [-81.468832, 28.355162], [-81.469172, 28.355243], [-81.469596, 28.355431], [-81.469817, 28.355449], [-81.470304, 28.355342], [-81.47068, 28.355156], [-81.470912, 28.354992], [-81.471249, 28.355105], [-81.471577, 28.355298], [-81.471931, 28.355583], [-81.472548, 28.356198], [-81.472753, 28.356443], [-81.472909, 28.356698], [-81.473015, 28.356973], [-81.473222, 28.357688], [-81.473388, 28.358615], [-81.473394, 28.358946], [-81.473314, 28.359223], [-81.47302, 28.359675], [-81.472916, 28.359933], [-81.472881, 28.360163], [-81.472916, 28.360258], [-81.473004, 28.360332], [-81.473385, 28.360437], [-81.473464, 28.360477], [-81.473513, 28.36054], [-81.473567, 28.360679], [-81.473638, 28.360964], [-81.473656, 28.361488], [-81.473613, 28.361865], [-81.473501, 28.362356], [-81.473491, 28.36262], [-81.47356, 28.362809], [-81.473758, 28.363026], [-81.473833, 28.363132], [-81.473878, 28.363328], [-81.473812, 28.363598], [-81.473407, 28.364438], [-81.473274, 28.364973], [-81.473276, 28.365306], [-81.473387, 28.366018], [-81.473441, 28.366635], [-81.473391, 28.367111], [-81.473314, 28.367341], [-81.472899, 28.367838], [-81.472035, 28.368579], [-81.471348, 28.369208], [-81.471169, 28.36933], [-81.470971, 28.369377], [-81.470639, 28.3693], [-81.469097, 28.368712], [-81.468114, 28.368214], [-81.467461, 28.367791], [-81.467032, 28.367589], [-81.466796, 28.367523], [-81.466665, 28.367506], [-81.466176, 28.367585], [-81.465973, 28.36773], [-81.465664, 28.368091], [-81.465587, 28.368262], [-81.465463, 28.368669], [-81.465344, 28.368825], [-81.465117, 28.369057], [-81.465053, 28.369158], [-81.465031, 28.369248], [-81.465031, 28.369505], [-81.464962, 28.369658], [-81.464858, 28.36972], [-81.464352, 28.369735], [-81.464022, 28.369825], [-81.463746, 28.369978], [-81.463436, 28.370232], [-81.463141, 28.37055], [-81.462373, 28.371512], [-81.461857, 28.372423], [-81.461742, 28.372677], [-81.461543, 28.372922], [-81.460842, 28.373905], [-81.460389, 28.374469], [-81.460256, 28.374719], [-81.460061, 28.375018], [-81.459646, 28.375991], [-81.459616, 28.376244], [-81.459639, 28.376387], [-81.459704, 28.376486], [-81.459846, 28.376618], [-81.460094, 28.376762], [-81.460439, 28.37691], [-81.460627, 28.37705], [-81.46074, 28.377166], [-81.460865, 28.377359], [-81.461255, 28.378264], [-81.461155, 28.378422], [-81.461085, 28.378757], [-81.46089, 28.37941], [-81.460892, 28.37955], [-81.460934, 28.379741], [-81.461014, 28.380027], [-81.461073, 28.380163], [-81.461237, 28.380297], [-81.461736, 28.380465], [-81.46216, 28.38069], [-81.462449, 28.38082], [-81.462646, 28.380936], [-81.462842, 28.381004], [-81.462938, 28.381019], [-81.463115, 28.380957], [-81.463267, 28.380834], [-81.463302, 28.380732], [-81.46333, 28.380457], [-81.463025, 28.37902], [-81.462935, 28.378705], [-81.462876, 28.378625], [-81.462902, 28.37843], [-81.462857, 28.377087], [-81.462927, 28.376836], [-81.462995, 28.376795], [-81.463055, 28.376789], [-81.463132, 28.37681], [-81.46319, 28.376854], [-81.463283, 28.377037], [-81.463342, 28.377548], [-81.463406, 28.377822], [-81.463681, 28.378591], [-81.463747, 28.378868], [-81.463961, 28.379305], [-81.464012, 28.379656], [-81.464016, 28.379803], [-81.463965, 28.37988], [-81.463946, 28.379959], [-81.463947, 28.380285], [-81.463986, 28.380627], [-81.464078, 28.380903], [-81.464132, 28.381023], [-81.464372, 28.381422], [-81.464745, 28.381806], [-81.46525, 28.382162], [-81.465938, 28.382684], [-81.466193, 28.382847], [-81.466406, 28.382956], [-81.466856, 28.383259], [-81.467296, 28.383509], [-81.467799, 28.383687], [-81.468068, 28.383736], [-81.468403, 28.38368], [-81.46853, 28.38363], [-81.468636, 28.383565], [-81.468832, 28.383358], [-81.468875, 28.38327], [-81.468887, 28.383184], [-81.468828, 28.382662], [-81.468539, 28.381633], [-81.46849, 28.381227], [-81.468458, 28.38066], [-81.468455, 28.379437], [-81.468496, 28.377975], [-81.468573, 28.377095], [-81.468666, 28.376748], [-81.468817, 28.376465], [-81.469595, 28.375573], [-81.469775, 28.37532], [-81.470088, 28.374762], [-81.470195, 28.3745], [-81.47024, 28.374253], [-81.47028, 28.373676], [-81.470324, 28.373495], [-81.470442, 28.373283], [-81.470728, 28.372891], [-81.471025, 28.372332], [-81.471397, 28.371862], [-81.471998, 28.371244], [-81.472259, 28.371067], [-81.472585, 28.370886], [-81.472713, 28.370844], [-81.472865, 28.370821], [-81.473053, 28.370857], [-81.473287, 28.370991], [-81.473823, 28.3715], [-81.473906, 28.371603], [-81.473999, 28.371783], [-81.47407, 28.372096], [-81.474086, 28.372408], [-81.474067, 28.372665], [-81.473983, 28.373238], [-81.473895, 28.373656], [-81.473729, 28.374234], [-81.47329, 28.375306], [-81.473217, 28.375594], [-81.473037, 28.376637], [-81.47295, 28.376934], [-81.472961, 28.377452], [-81.473082, 28.378011], [-81.473383, 28.378694], [-81.473669, 28.379173], [-81.473744, 28.379384], [-81.473749, 28.379506], [-81.473694, 28.379636], [-81.473482, 28.379797], [-81.473305, 28.379825], [-81.472931, 28.37979], [-81.472748, 28.379877], [-81.472645, 28.379994], [-81.472555, 28.380232], [-81.472506, 28.380572], [-81.472524, 28.381148], [-81.472448, 28.381789], [-81.472449, 28.382065], [-81.472381, 28.382282], [-81.472234, 28.382476], [-81.4721, 28.382609], [-81.471601, 28.382909], [-81.471227, 28.383235], [-81.471136, 28.38339], [-81.471015, 28.383767], [-81.470495, 28.384257], [-81.470365, 28.384477], [-81.470163, 28.384962], [-81.470031, 28.385179], [-81.469946, 28.385275], [-81.469822, 28.385378], [-81.469697, 28.385453], [-81.468871, 28.385757], [-81.468481, 28.385976], [-81.468129, 28.386231], [-81.467705, 28.38668], [-81.466955, 28.38763], [-81.466468, 28.388306], [-81.466083, 28.388938], [-81.465639, 28.389848], [-81.46541, 28.390201], [-81.465215, 28.390443], [-81.464912, 28.390728], [-81.464698, 28.390896], [-81.464013, 28.391335], [-81.463562, 28.391675], [-81.463257, 28.391941], [-81.46295, 28.392278], [-81.462703, 28.392622], [-81.462593, 28.392851], [-81.46255, 28.393017], [-81.462543, 28.393246], [-81.462599, 28.393497], [-81.462664, 28.393624], [-81.462768, 28.393741], [-81.463084, 28.394023]], [[-81.461041, 28.395145], [-81.460745, 28.39517], [-81.460424, 28.395372], [-81.460322, 28.395498], [-81.460268, 28.395641], [-81.460267, 28.39573], [-81.460328, 28.395822], [-81.460488, 28.395878], [-81.460705, 28.395849], [-81.460884, 28.395778], [-81.461065, 28.395629], [-81.461171, 28.395485], [-81.461201, 28.395311], [-81.461155, 28.395218], [-81.461041, 28.395145]], [[-81.455125, 28.377036], [-81.454905, 28.377045], [-81.454729, 28.377089], [-81.454516, 28.377201], [-81.454271, 28.377362], [-81.454154, 28.377465], [-81.453734, 28.378062], [-81.453548, 28.378558], [-81.453317, 28.37933], [-81.453324, 28.379637], [-81.45336, 28.379813], [-81.453428, 28.380008], [-81.453444, 28.380169], [-81.453397, 28.380507], [-81.453299, 28.380912], [-81.453191, 28.381218], [-81.453029, 28.381542], [-81.452652, 28.382129], [-81.452541, 28.382392], [-81.452494, 28.382577], [-81.452486, 28.382851], [-81.452534, 28.383201], [-81.452752, 28.383837], [-81.452791, 28.384072], [-81.452787, 28.384349], [-81.452732, 28.384768], [-81.452758, 28.385039], [-81.452848, 28.385159], [-81.453043, 28.385294], [-81.453576, 28.385463], [-81.453921, 28.385497], [-81.45423, 28.38546], [-81.454491, 28.385366], [-81.454979, 28.38513], [-81.455128, 28.385084], [-81.455366, 28.385076], [-81.455731, 28.385164], [-81.455924, 28.38519], [-81.456144, 28.385179], [-81.456334, 28.385117], [-81.456458, 28.385], [-81.456599, 28.384623], [-81.456726, 28.384471], [-81.456952, 28.384319], [-81.457589, 28.384074], [-81.457882, 28.38393], [-81.458447, 28.383476], [-81.458625, 28.383257], [-81.458702, 28.383118], [-81.458957, 28.382425], [-81.458979, 28.382138], [-81.458979, 28.381735], [-81.458917, 28.381136], [-81.45875, 28.380677], [-81.458429, 28.38002], [-81.458255, 28.379734], [-81.457878, 28.379265], [-81.457474, 28.378812], [-81.457246, 28.378502], [-81.457056, 28.378297], [-81.45629, 28.377682], [-81.456001, 28.377474], [-81.455334, 28.377117], [-81.455125, 28.377036]]]}, "properties": {"mukey": "323156"}}, {"type": "Feature", "geometry": {"type": "Polygon", "coordinates": [[[-81.434357, 28.393833], [-81.434489, 28.39364], [-81.434566, 28.393365], [-81.434574, 28.393092], [-81.434511, 28.392867], [-81.43438, 28.39269], [-81.434078, 28.392422], [-81.433844, 28.392292], [-81.433581, 28.392174], [-81.433347, 28.392038], [-81.433117, 28.391848], [-81.432961, 28.391684], [-81.432789, 28.39138], [-81.432576, 28.390896], [-81.432403, 28.390398], [-81.432269, 28.389927], [-81.432326, 28.389525], [-81.432431, 28.389267], [-81.432664, 28.388836], [-81.432739, 28.388475], [-81.43274, 28.388272], [-81.43266, 28.387834], [-81.432559, 28.386931], [-81.432337, 28.3863], [-81.432065, 28.385757], [-81.431971, 28.385628], [-81.431656, 28.385304], [-81.431581, 28.385203], [-81.431539, 28.385074], [-81.431543, 28.384927], [-81.431587, 28.384867], [-81.431688, 28.384786], [-81.431994, 28.384654], [-81.432306, 28.384601], [-81.432559, 28.384601], [-81.432809, 28.384722], [-81.433033, 28.384909], [-81.433116, 28.385049], [-81.433287, 28.385443], [-81.433376, 28.385559], [-81.433504, 28.385656], [-81.433753, 28.38575], [-81.43396, 28.38577], [-81.434119, 28.385732], [-81.434319, 28.38557], [-81.434845, 28.384413], [-81.435352, 28.383117], [-81.435426, 28.382714], [-81.435431, 28.382419], [-81.43534, 28.382214], [-81.435111, 28.381932], [-81.434675, 28.381494], [-81.434412, 28.381283], [-81.434282, 28.381235], [-81.434156, 28.381237], [-81.433774, 28.381463], [-81.433542, 28.38151], [-81.433459, 28.381491], [-81.433394, 28.381416], [-81.43338, 28.381312], [-81.433401, 28.381204], [-81.433506, 28.381037], [-81.433812, 28.38071], [-81.433931, 28.380517], [-81.434093, 28.379859], [-81.434205, 28.379515], [-81.434372, 28.379256], [-81.434679, 28.378886], [-81.434783, 28.378698], [-81.434882, 28.378383], [-81.434904, 28.377824], [-81.434965, 28.377685], [-81.43503, 28.377622], [-81.435133, 28.377596], [-81.435209, 28.377617], [-81.43545, 28.377791], [-81.435567, 28.377842], [-81.435705, 28.377842], [-81.43582, 28.377773], [-81.435914, 28.377653], [-81.436111, 28.377208], [-81.436423, 28.376733], [-81.436793, 28.376338], [-81.437254, 28.376055], [-81.43744, 28.375898], [-81.437697, 28.375555], [-81.438015, 28.37502], [-81.438136, 28.374907], [-81.43861, 28.374609], [-81.438899, 28.374362], [-81.439132, 28.374052], [-81.439234, 28.373743], [-81.439233, 28.37341], [-81.439094, 28.37295], [-81.438639, 28.372062], [-81.438393, 28.371753], [-81.438221, 28.371612], [-81.438064, 28.371563], [-81.437884, 28.371567], [-81.437736, 28.371611], [-81.437545, 28.371729], [-81.437133, 28.372074], [-81.43688, 28.372251], [-81.436679, 28.372347], [-81.436516, 28.372356], [-81.436364, 28.37228], [-81.436241, 28.372131], [-81.436139, 28.371871], [-81.4361, 28.371632], [-81.43612, 28.371362], [-81.436159, 28.371295], [-81.43624, 28.371216], [-81.436337, 28.371173], [-81.436484, 28.371147], [-81.436954, 28.371163], [-81.437146, 28.371135], [-81.437226, 28.371084], [-81.437315, 28.370992], [-81.437458, 28.370728], [-81.437494, 28.370602], [-81.437503, 28.37047], [-81.43745, 28.370221], [-81.43732, 28.370034], [-81.43701, 28.36974], [-81.436982, 28.369684], [-81.436974, 28.369595], [-81.437064, 28.369371], [-81.437259, 28.369132], [-81.437422, 28.368864], [-81.43751, 28.368554], [-81.437576, 28.368197], [-81.437627, 28.368063], [-81.437796, 28.368236], [-81.4379, 28.368531], [-81.437911, 28.368698], [-81.437845, 28.369238], [-81.437835, 28.369638], [-81.437898, 28.369952], [-81.438011, 28.370222], [-81.438159, 28.3704], [-81.438343, 28.370565], [-81.438709, 28.370857], [-81.43923, 28.371216], [-81.439471, 28.371424], [-81.439859, 28.371858], [-81.440127, 28.372327], [-81.440279, 28.372757], [-81.440474, 28.373418], [-81.440604, 28.374044], [-81.440633, 28.374603], [-81.440602, 28.374807], [-81.440531, 28.375019], [-81.440286, 28.375411], [-81.439245, 28.376437], [-81.438549, 28.377028], [-81.438111, 28.377362], [-81.43774, 28.377531], [-81.437248, 28.377719], [-81.437005, 28.37789], [-81.436882, 28.378022], [-81.436711, 28.378272], [-81.436538, 28.378619], [-81.436312, 28.378866], [-81.436009, 28.379134], [-81.435425, 28.37944], [-81.435187, 28.379654], [-81.43509, 28.379833], [-81.435051, 28.380024], [-81.435064, 28.380262], [-81.435112, 28.380502], [-81.435219, 28.380747], [-81.43535, 28.380966], [-81.435516, 28.381173], [-81.436162, 28.381828], [-81.436284, 28.382066], [-81.436348, 28.382307], [-81.436376, 28.382623], [-81.436315, 28.383089], [-81.436238, 28.383394], [-81.436148, 28.383582], [-81.435956, 28.383832], [-81.435679, 28.384129], [-81.435572, 28.384278], [-81.435337, 28.384912], [-81.435176, 28.385498], [-81.435082, 28.385715], [-81.434948, 28.385942], [-81.434785, 28.386151], [-81.434574, 28.386329], [-81.434328, 28.386489], [-81.43361, 28.38687], [-81.433409, 28.387047], [-81.433318, 28.387177], [-81.433253, 28.38736], [-81.433205, 28.387795], [-81.433269, 28.388356], [-81.433496, 28.389001], [-81.4336, 28.389688], [-81.433673, 28.389864], [-81.433928, 28.39032], [-81.433975, 28.390439], [-81.434031, 28.390771], [-81.434078, 28.391412], [-81.434116, 28.391586], [-81.43419, 28.39172], [-81.434367, 28.391915], [-81.434948, 28.392406], [-81.435094, 28.392627], [-81.435145, 28.392797], [-81.435106, 28.39338], [-81.434974, 28.394043], [-81.434507, 28.395051], [-81.434397, 28.395244], [-81.434281, 28.395399], [-81.434072, 28.395361], [-81.433758, 28.395222], [-81.433806, 28.39508], [-81.434023, 28.394696], [-81.43432, 28.394068], [-81.434357, 28.393833]]]}, "properties": {"mukey": "323143"}}, {"type": "Feature", "geometry": {"type": "Polygon", "coordinates": [[[-81.420679, 28.360389], [-81.420788, 28.360486], [-81.420811, 28.360552], [-81.42076, 28.360638], [-81.42058, 28.360787], [-81.420407, 28.360834], [-81.419562, 28.361214], [-81.419194, 28.361323], [-81.41916, 28.361311], [-81.419139, 28.361261], [-81.419211, 28.361141], [-81.419377, 28.360944], [-81.419459, 28.360744], [-81.41967, 28.36069], [-81.420046, 28.36072], [-81.420236, 28.360679], [-81.420348, 28.360578], [-81.420354, 28.360362], [-81.420399, 28.360304], [-81.420511, 28.36031], [-81.420679, 28.360389]]]}, "properties": {"mukey": "323176"}}, {"type": "Feature", "geometry": {"type": "Polygon", "coordinates": [[[-81.4212, 28.371751], [-81.421004, 28.371871], [-81.420319, 28.372059], [-81.419589, 28.372333], [-81.419284, 28.372472], [-81.41891, 28.372703], [-81.418212, 28.37213], [-81.418488, 28.371834], [-81.418596, 28.371676], [-81.418613, 28.371603], [-81.418584, 28.371537], [-81.418377, 28.371368], [-81.418336, 28.37128], [-81.418382, 28.371164], [-81.418546, 28.370976], [-81.418568, 28.370908], [-81.41856, 28.37087], [-81.418503, 28.370809], [-81.418272, 28.370693], [-81.418178, 28.370608], [-81.41814, 28.370542], [-81.418171, 28.370389], [-81.41833, 28.370163], [-81.418397, 28.370018], [-81.41841, 28.369911], [-81.418387, 28.369772], [-81.418265, 28.369514], [-81.418036, 28.369255], [-81.41782, 28.369044], [-81.41745, 28.368758], [-81.417262, 28.368592], [-81.417167, 28.368433], [-81.417127, 28.36824], [-81.417165, 28.367884], [-81.417357, 28.36724], [-81.417504, 28.367032], [-81.417594, 28.366976], [-81.417749, 28.366916], [-81.418157, 28.366836], [-81.418572, 28.366802], [-81.418903, 28.366798], [-81.4193, 28.366837], [-81.419872, 28.367035], [-81.420128, 28.367153], [-81.420934, 28.367769], [-81.421242, 28.368105], [-81.4217, 28.368715], [-81.422098, 28.369315], [-81.42239, 28.369896], [-81.42243, 28.370177], [-81.422382, 28.370459], [-81.422261, 28.370687], [-81.421946, 28.371044], [-81.42174, 28.370919], [-81.421695, 28.370851], [-81.421674, 28.370773], [-81.421662, 28.370572], [-81.421679, 28.370196], [-81.421734, 28.369622], [-81.421721, 28.369386], [-81.421689, 28.369202], [-81.421551, 28.368928], [-81.42134, 28.368678], [-81.420821, 28.368216], [-81.420152, 28.367679], [-81.419684, 28.367382], [-81.419331, 28.367191], [-81.419004, 28.367091], [-81.418785, 28.367075], [-81.418431, 28.367133], [-81.418275, 28.367192], [-81.418164, 28.367257], [-81.418026, 28.367408], [-81.417973, 28.367623], [-81.41799, 28.368242], [-81.418058, 28.368652], [-81.418276, 28.369058], [-81.418565, 28.369434], [-81.418897, 28.369813], [-81.419058, 28.370054], [-81.419229, 28.370411], [-81.419371, 28.37091], [-81.419453, 28.371083], [-81.419691, 28.371323], [-81.420036, 28.371522], [-81.420372, 28.371616], [-81.420978, 28.371687], [-81.4212, 28.371751]]]}, "properties": {"mukey": "323151"}}, {"type": "Feature", "geometry": {"type": "Polygon", "coordinates": [[[-81.431178, 28.356469], [-81.431375, 28.356774], [-81.431445, 28.356817], [-81.431501, 28.356824], [-81.431539, 28.356813], [-81.431579, 28.356755], [-81.431577, 28.356447], [-81.431905, 28.35635], [-81.432388, 28.356163], [-81.432509, 28.356157], [-81.432755, 28.356198], [-81.432823, 28.356154], [-81.432946, 28.356022], [-81.433019, 28.355983], [-81.433132, 28.355998], [-81.433198, 28.356086], [-81.433177, 28.356253], [-81.433053, 28.356479], [-81.432893, 28.356674], [-81.432684, 28.356843], [-81.432528, 28.356892], [-81.432142, 28.356883], [-81.431897, 28.356932], [-81.431787, 28.357014], [-81.431493, 28.357384], [-81.431319, 28.357509], [-81.431158, 28.357574], [-81.430782, 28.357666], [-81.430336, 28.357742], [-81.430179, 28.357757], [-81.430064, 28.357749], [-81.429978, 28.357709], [-81.429812, 28.357591], [-81.429489, 28.357173], [-81.42911, 28.356837], [-81.428911, 28.356725], [-81.428467, 28.356535], [-81.428059, 28.356292], [-81.427871, 28.356065], [-81.427669, 28.355609], [-81.427447, 28.355314], [-81.427302, 28.355181], [-81.427148, 28.355071], [-81.426843, 28.354909], [-81.426831, 28.354706], [-81.426865, 28.354609], [-81.426997, 28.354474], [-81.427242, 28.354297], [-81.427291, 28.354214], [-81.427284, 28.35393], [-81.427139, 28.353519], [-81.427181, 28.353393], [-81.427292, 28.353275], [-81.427445, 28.353231], [-81.427586, 28.35323], [-81.427733, 28.353273], [-81.427948, 28.353295], [-81.428041, 28.353341], [-81.42829, 28.353609], [-81.428566, 28.354082], [-81.428667, 28.3543], [-81.428718, 28.354474], [-81.428754, 28.354792], [-81.428749, 28.355462], [-81.428775, 28.355558], [-81.428842, 28.355638], [-81.428946, 28.355688], [-81.42907, 28.355695], [-81.429299, 28.35564], [-81.429696, 28.355503], [-81.430077, 28.355492], [-81.430309, 28.355539], [-81.430493, 28.355607], [-81.430678, 28.355731], [-81.430754, 28.35583], [-81.430694, 28.35598], [-81.43067, 28.356112], [-81.430677, 28.356253], [-81.430717, 28.35635], [-81.430794, 28.356441], [-81.430912, 28.356506], [-81.431012, 28.356513], [-81.431178, 28.356469]]]}, "properties": {"mukey": "323159"}}, {"type": "Feature", "geometry": {"type": "Polygon", "coordinates": [[[-81.465997, 28.360934], [-81.466049, 28.3611], [-81.466062, 28.36131], [-81.465999, 28.361976], [-81.465954, 28.363796], [-81.465886, 28.364181], [-81.465777, 28.364465], [-81.465612, 28.364744], [-81.465433, 28.365], [-81.464992, 28.365512], [-81.46408, 28.366249], [-81.46374, 28.36658], [-81.463533, 28.366891], [-81.463274, 28.36746], [-81.46302, 28.367891], [-81.462519, 28.368497], [-81.462017, 28.368897], [-81.461516, 28.369184], [-81.461087, 28.369389], [-81.459835, 28.369892], [-81.459452, 28.370066], [-81.458341, 28.370723], [-81.457371, 28.371182], [-81.45693, 28.371344], [-81.455908, 28.371654], [-81.454883, 28.371994], [-81.454333, 28.372153], [-81.453516, 28.37226], [-81.452776, 28.372267], [-81.451903, 28.37222], [-81.450981, 28.372071], [-81.450185, 28.371984], [-81.449583, 28.371968], [-81.449437, 28.372011], [-81.449316, 28.372081], [-81.449292, 28.372114], [-81.449289, 28.372187], [-81.449392, 28.37239], [-81.449392, 28.372482], [-81.449301, 28.372575], [-81.449002, 28.372749], [-81.448906, 28.37286], [-81.448829, 28.373248], [-81.448625, 28.373588], [-81.448615, 28.373676], [-81.448631, 28.373729], [-81.448686, 28.373784], [-81.448735, 28.373804], [-81.44889, 28.37379], [-81.449026, 28.373717], [-81.449323, 28.373508], [-81.449541, 28.373445], [-81.450066, 28.373428], [-81.450238, 28.373438], [-81.450332, 28.373467], [-81.450458, 28.373568], [-81.450628, 28.373784], [-81.450954, 28.374386], [-81.451447, 28.375382], [-81.451577, 28.375591], [-81.45177, 28.375769], [-81.452261, 28.376115], [-81.452359, 28.376235], [-81.45248, 28.376636], [-81.452545, 28.377079], [-81.452506, 28.377357], [-81.452422, 28.377563], [-81.4521, 28.37799], [-81.451782, 28.378349], [-81.451442, 28.37866], [-81.450985, 28.378997], [-81.45057, 28.379341], [-81.449962, 28.380035], [-81.44962, 28.380485], [-81.449452, 28.380653], [-81.449205, 28.380861], [-81.448638, 28.381266], [-81.448311, 28.381452], [-81.44784, 28.381582], [-81.447335, 28.381627], [-81.447053, 28.381594], [-81.446876, 28.381548], [-81.446472, 28.381358], [-81.446262, 28.381194], [-81.445928, 28.380816], [-81.445326, 28.379909], [-81.444938, 28.379187], [-81.444538, 28.378319], [-81.444141, 28.37764], [-81.44367, 28.376523], [-81.443567, 28.37604], [-81.443568, 28.375418], [-81.443618, 28.375019], [-81.443775, 28.374731], [-81.444088, 28.374316], [-81.44459, 28.373835], [-81.444931, 28.373571], [-81.445239, 28.373394], [-81.446105, 28.373144], [-81.446452, 28.372982], [-81.446566, 28.372911], [-81.446697, 28.372737], [-81.446873, 28.372251], [-81.446954, 28.371742], [-81.44695, 28.371273], [-81.446848, 28.370935], [-81.446561, 28.370366], [-81.446521, 28.370213], [-81.446469, 28.369822], [-81.44629, 28.369487], [-81.44626, 28.369302], [-81.446242, 28.368853], [-81.446189, 28.36874], [-81.446111, 28.368654], [-81.446025, 28.368603], [-81.445759, 28.368496], [-81.445718, 28.368462], [-81.445689, 28.368395], [-81.445698, 28.368025], [-81.445837, 28.367389], [-81.445882, 28.366912], [-81.445818, 28.366577], [-81.445689, 28.366268], [-81.445651, 28.366065], [-81.445687, 28.365906], [-81.445854, 28.365659], [-81.445913, 28.365526], [-81.445915, 28.365118], [-81.445975, 28.364948], [-81.446144, 28.364622], [-81.446195, 28.364437], [-81.446195, 28.364358], [-81.446163, 28.364283], [-81.44599, 28.364203], [-81.44595, 28.364162], [-81.445937, 28.364107], [-81.445957, 28.363961], [-81.446043, 28.363768], [-81.446509, 28.363059], [-81.446746, 28.362611], [-81.446842, 28.362154], [-81.44684, 28.36194], [-81.446813, 28.361843], [-81.446765, 28.361781], [-81.446711, 28.361757], [-81.446573, 28.361792], [-81.446442, 28.361902], [-81.4462, 28.362167], [-81.446029, 28.362271], [-81.44589, 28.362289], [-81.445618, 28.362247], [-81.445445, 28.362256], [-81.445299, 28.362307], [-81.445185, 28.362412], [-81.445161, 28.362465], [-81.445164, 28.362542], [-81.445312, 28.362823], [-81.445367, 28.363061], [-81.445346, 28.363278], [-81.445259, 28.36356], [-81.445041, 28.363938], [-81.444669, 28.364424], [-81.444237, 28.365211], [-81.443981, 28.365847], [-81.44373, 28.366742], [-81.443509, 28.367308], [-81.443362, 28.367534], [-81.443176, 28.367742], [-81.442996, 28.367881], [-81.442683, 28.368042], [-81.442513, 28.368071], [-81.442237, 28.368051], [-81.441652, 28.367824], [-81.441409, 28.367712], [-81.441224, 28.36759], [-81.441047, 28.367439], [-81.440941, 28.367312], [-81.440848, 28.367113], [-81.440695, 28.366681], [-81.440343, 28.366203], [-81.440232, 28.365939], [-81.440231, 28.365657], [-81.440313, 28.365091], [-81.440246, 28.364578], [-81.44024, 28.364187], [-81.44037, 28.363725], [-81.440689, 28.363251], [-81.44123, 28.362735], [-81.441789, 28.362251], [-81.442006, 28.362029], [-81.442136, 28.361833], [-81.442253, 28.361483], [-81.442377, 28.361368], [-81.442642, 28.361231], [-81.442748, 28.361141], [-81.443759, 28.35983], [-81.444133, 28.359313], [-81.444492, 28.358936], [-81.44519, 28.358311], [-81.445598, 28.357903], [-81.445872, 28.358035], [-81.445125, 28.358713], [-81.444573, 28.359262], [-81.444499, 28.359442], [-81.444482, 28.359903], [-81.444398, 28.360069], [-81.444016, 28.360458], [-81.44369, 28.360842], [-81.442448, 28.362077], [-81.442046, 28.362522], [-81.441514, 28.363214], [-81.441283, 28.363545], [-81.441084, 28.363878], [-81.440907, 28.364267], [-81.440853, 28.36449], [-81.440797, 28.364973], [-81.440843, 28.365641], [-81.440904, 28.365819], [-81.441065, 28.3661], [-81.441222, 28.366301], [-81.441376, 28.366429], [-81.441543, 28.366519], [-81.441776, 28.366574], [-81.441937, 28.366568], [-81.44225, 28.366477], [-81.442487, 28.366334], [-81.442596, 28.366233], [-81.442817, 28.365944], [-81.44295, 28.365694], [-81.443307, 28.365462], [-81.443476, 28.365286], [-81.443609, 28.365109], [-81.443735, 28.364819], [-81.443799, 28.364298], [-81.443914, 28.363926], [-81.444444, 28.363258], [-81.444592, 28.362972], [-81.444845, 28.362408], [-81.445114, 28.362065], [-81.445342, 28.361861], [-81.445596, 28.361687], [-81.446961, 28.360936], [-81.447182, 28.360854], [-81.447315, 28.360828], [-81.447596, 28.360877], [-81.4476, 28.361083], [-81.447545, 28.361502], [-81.447394, 28.362137], [-81.447108, 28.363034], [-81.44667, 28.364056], [-81.446521, 28.364565], [-81.446309, 28.365474], [-81.446308, 28.365716], [-81.446424, 28.366409], [-81.446387, 28.36699], [-81.446537, 28.367518], [-81.446558, 28.367934], [-81.446622, 28.368388], [-81.446705, 28.368595], [-81.446982, 28.368861], [-81.447127, 28.369045], [-81.447219, 28.369318], [-81.447248, 28.3697], [-81.447324, 28.369975], [-81.447466, 28.370235], [-81.447767, 28.370592], [-81.448017, 28.370815], [-81.448264, 28.371005], [-81.448716, 28.371235], [-81.448943, 28.371319], [-81.449215, 28.371377], [-81.449469, 28.371382], [-81.449612, 28.37133], [-81.449781, 28.3714], [-81.450026, 28.371423], [-81.450154, 28.371389], [-81.450334, 28.371285], [-81.450759, 28.371469], [-81.451362, 28.371574], [-81.452515, 28.371621], [-81.453052, 28.371674], [-81.453807, 28.371717], [-81.454312, 28.371695], [-81.454826, 28.371594], [-81.455683, 28.371286], [-81.456663, 28.370839], [-81.457643, 28.370442], [-81.458755, 28.369962], [-81.459549, 28.369678], [-81.460053, 28.36947], [-81.460732, 28.369128], [-81.461474, 28.368694], [-81.462367, 28.368021], [-81.462562, 28.367833], [-81.462733, 28.367612], [-81.462883, 28.367328], [-81.463293, 28.366192], [-81.463528, 28.365809], [-81.464091, 28.365279], [-81.464889, 28.364685], [-81.465106, 28.364466], [-81.465323, 28.364182], [-81.465504, 28.363669], [-81.465581, 28.362881], [-81.46576, 28.361669], [-81.465899, 28.36112], [-81.465997, 28.360934]], [[-81.450315, 28.37886], [-81.450386, 28.378842], [-81.450466, 28.378791], [-81.450884, 28.37843], [-81.451412, 28.377819], [-81.451482, 28.377707], [-81.451597, 28.377413], [-81.451655, 28.377029], [-81.451594, 28.376695], [-81.451408, 28.376319], [-81.45128, 28.37617], [-81.45069, 28.375621], [-81.450458, 28.375373], [-81.450346, 28.375214], [-81.450272, 28.375019], [-81.450171, 28.374815], [-81.450097, 28.374741], [-81.449705, 28.374607], [-81.449561, 28.374585], [-81.4486, 28.374633], [-81.447756, 28.374646], [-81.447296, 28.374678], [-81.446528, 28.374842], [-81.445879, 28.374902], [-81.445773, 28.374942], [-81.445706, 28.375019], [-81.445621, 28.375258], [-81.445575, 28.375622], [-81.445541, 28.376465], [-81.445555, 28.376878], [-81.445699, 28.377674], [-81.445818, 28.378095], [-81.445874, 28.378228], [-81.445932, 28.378303], [-81.445933, 28.378459], [-81.446173, 28.379419], [-81.446237, 28.379642], [-81.446351, 28.379894], [-81.446585, 28.380235], [-81.446815, 28.380462], [-81.44706, 28.380615], [-81.447412, 28.380726], [-81.447678, 28.380735], [-81.448198, 28.380636], [-81.448443, 28.38054], [-81.448686, 28.380405], [-81.448932, 28.380239], [-81.449421, 28.379863], [-81.449984, 28.379337], [-81.45011, 28.379203], [-81.450315, 28.37886]]]}, "properties": {"mukey": "323143"}}, {"type": "Feature", "geometry": {"type": "Polygon", "coordinates": [[[-81.421551, 28.360939], [-81.421202, 28.361335], [-81.420783, 28.361741], [-81.420682, 28.361889], [-81.420359, 28.36211], [-81.420282, 28.361996], [-81.420291, 28.361853], [-81.420349, 28.361735], [-81.420553, 28.361458], [-81.420631, 28.361316], [-81.420794, 28.361195], [-81.421302, 28.360631], [-81.421428, 28.360817], [-81.421551, 28.360939]]]}, "properties": {"mukey": "323151"}}, {"type": "Feature", "geometry": {"type": "Polygon", "coordinates": [[[-81.428384, 28.365651], [-81.428488, 28.365751], [-81.428549, 28.365847], [-81.428556, 28.365923], [-81.428517, 28.365992], [-81.428447, 28.36604], [-81.428339, 28.366062], [-81.428173, 28.366041], [-81.428069, 28.365991], [-81.428004, 28.365899], [-81.428011, 28.365828], [-81.428052, 28.36576], [-81.428184, 28.36568], [-81.428384, 28.365651]]]}, "properties": {"mukey": "323143"}}, {"type": "Feature", "geometry": {"type": "Polygon", "coordinates": [[[-81.420445, 28.355889], [-81.420685, 28.35602], [-81.420743, 28.356098], [-81.420768, 28.356172], [-81.420782, 28.356479], [-81.4207, 28.356914], [-81.420583, 28.357056], [-81.420427, 28.357126], [-81.420158, 28.357157], [-81.419902, 28.357118], [-81.419757, 28.357032], [-81.41973, 28.356974], [-81.419735, 28.356927], [-81.419784, 28.356824], [-81.419928, 28.356651], [-81.420021, 28.356498], [-81.420065, 28.356344], [-81.420113, 28.356042], [-81.420223, 28.355944], [-81.420445, 28.355889]]]}, "properties": {"mukey": "323143"}}, {"type": "Feature", "geometry": {"type": "Polygon", "coordinates": [[[-81.435258, 28.354653], [-81.434943, 28.354781], [-81.434278, 28.35499], [-81.433484, 28.355315], [-81.433068, 28.355417], [-81.432695, 28.355477], [-81.432545, 28.355518], [-81.432402, 28.355533], [-81.432228, 28.355598], [-81.432065, 28.355703], [-81.431899, 28.35585], [-81.43164, 28.356225], [-81.43159, 28.356345], [-81.431577, 28.356447], [-81.431579, 28.356755], [-81.431539, 28.356813], [-81.431501, 28.356824], [-81.431445, 28.356817], [-81.431375, 28.356774], [-81.431178, 28.356469], [-81.430993, 28.356119], [-81.430754, 28.35583], [-81.430678, 28.355731], [-81.430493, 28.355607], [-81.430309, 28.355539], [-81.430077, 28.355492], [-81.429696, 28.355503], [-81.429299, 28.35564], [-81.42907, 28.355695], [-81.428946, 28.355688], [-81.428842, 28.355638], [-81.428775, 28.355558], [-81.428749, 28.355462], [-81.428754, 28.354792], [-81.428718, 28.354474], [-81.428667, 28.3543], [-81.428566, 28.354082], [-81.42829, 28.353609], [-81.428041, 28.353341], [-81.427948, 28.353295], [-81.427733, 28.353273], [-81.427586, 28.35323], [-81.427821, 28.352988], [-81.428026, 28.35282], [-81.428346, 28.352632], [-81.428655, 28.352501], [-81.428895, 28.352496], [-81.429291, 28.352608], [-81.429732, 28.352595], [-81.42987, 28.352616], [-81.429954, 28.352656], [-81.430027, 28.35273], [-81.430068, 28.352814], [-81.430081, 28.352911], [-81.430034, 28.353049], [-81.429769, 28.353371], [-81.429712, 28.353552], [-81.429724, 28.354156], [-81.429755, 28.354375], [-81.429811, 28.35452], [-81.429914, 28.354629], [-81.430057, 28.354696], [-81.430264, 28.35472], [-81.430458, 28.354704], [-81.430624, 28.354649], [-81.430714, 28.35459], [-81.430864, 28.354422], [-81.430925, 28.354307], [-81.43098, 28.354176], [-81.431018, 28.353865], [-81.431107, 28.353643], [-81.431218, 28.353526], [-81.431495, 28.353357], [-81.431721, 28.353268], [-81.4319, 28.353129], [-81.432076, 28.352671], [-81.432183, 28.352486], [-81.432482, 28.352152], [-81.432673, 28.351997], [-81.432761, 28.351953], [-81.432955, 28.351931], [-81.433089, 28.351943], [-81.433193, 28.351989], [-81.433263, 28.352064], [-81.433291, 28.352161], [-81.433298, 28.352351], [-81.433273, 28.352535], [-81.433212, 28.352759], [-81.432876, 28.353164], [-81.43248, 28.35341], [-81.43224, 28.353625], [-81.432189, 28.353707], [-81.432163, 28.353821], [-81.432194, 28.353974], [-81.432193, 28.35409], [-81.432239, 28.354202], [-81.432493, 28.354437], [-81.432658, 28.354562], [-81.432809, 28.354606], [-81.432924, 28.354609], [-81.433136, 28.35453], [-81.433428, 28.354301], [-81.433625, 28.354187], [-81.433712, 28.354166], [-81.434211, 28.354125], [-81.434446, 28.354095], [-81.434805, 28.354013], [-81.434895, 28.35401], [-81.434975, 28.354031], [-81.435099, 28.354135], [-81.43516, 28.354224], [-81.435232, 28.354428], [-81.435258, 28.354653]]]}, "properties": {"mukey": "323176"}}, {"type": "Feature", "geometry": {"type": "Polygon", "coordinates": [[[-81.424115, 28.360186], [-81.423769, 28.360357], [-81.423644, 28.360486], [-81.423583, 28.36063], [-81.42358, 28.360736], [-81.423611, 28.360843], [-81.423808, 28.361167], [-81.42386, 28.361285], [-81.423864, 28.361446], [-81.423793, 28.361593], [-81.423705, 28.361679], [-81.42354, 28.361777], [-81.42278, 28.362071], [-81.42253, 28.362211], [-81.422405, 28.362334], [-81.422326, 28.362599], [-81.422208, 28.3627], [-81.422088, 28.36273], [-81.421898, 28.362707], [-81.420697, 28.362382], [-81.420549, 28.362324], [-81.420439, 28.362251], [-81.420386, 28.362196], [-81.420359, 28.36211], [-81.420682, 28.361889], [-81.420903, 28.361999], [-81.421386, 28.36213], [-81.421652, 28.362139], [-81.421953, 28.362067], [-81.422166, 28.361919], [-81.422274, 28.361722], [-81.422285, 28.361421], [-81.422174, 28.361226], [-81.422227, 28.361114], [-81.422188, 28.360836], [-81.42222, 28.360724], [-81.422314, 28.36065], [-81.422691, 28.360455], [-81.422879, 28.360316], [-81.423073, 28.360106], [-81.423221, 28.359868], [-81.423304, 28.359803], [-81.423383, 28.35978], [-81.42349, 28.359775], [-81.423678, 28.359822], [-81.423868, 28.359953], [-81.424115, 28.360186]]]}, "properties": {"mukey": "323139"}}, {"type": "Feature", "geometry": {"type": "Polygon", "coordinates": [[[-81.447596, 28.360877], [-81.447315, 28.360828], [-81.447182, 28.360854], [-81.446961, 28.360936], [-81.445596, 28.361687], [-81.445342, 28.361861], [-81.445114, 28.362065], [-81.444845, 28.362408], [-81.444592, 28.362972], [-81.444444, 28.363258], [-81.443914, 28.363926], [-81.443799, 28.364298], [-81.443735, 28.364819], [-81.443609, 28.365109], [-81.443476, 28.365286], [-81.443307, 28.365462], [-81.44295, 28.365694], [-81.442918, 28.365555], [-81.44296, 28.365316], [-81.44347, 28.364197], [-81.443968, 28.363033], [-81.444641, 28.362218], [-81.444887, 28.361836], [-81.445127, 28.361583], [-81.445262, 28.361489], [-81.445542, 28.361337], [-81.446313, 28.360958], [-81.446706, 28.360645], [-81.446815, 28.360486], [-81.44688, 28.360278], [-81.446871, 28.360094], [-81.446796, 28.359731], [-81.447047, 28.359498], [-81.447208, 28.359305], [-81.447359, 28.359063], [-81.447492, 28.358759], [-81.447782, 28.358674], [-81.447967, 28.358476], [-81.448036, 28.358248], [-81.448061, 28.35774], [-81.448012, 28.357564], [-81.4479, 28.357465], [-81.447315, 28.357392], [-81.447277, 28.357198], [-81.447211, 28.357135], [-81.447058, 28.357111], [-81.446829, 28.357142], [-81.446622, 28.357241], [-81.446525, 28.357337], [-81.446475, 28.357493], [-81.446518, 28.357636], [-81.445872, 28.358035], [-81.445598, 28.357903], [-81.445594, 28.357827], [-81.445616, 28.357768], [-81.445904, 28.357434], [-81.446098, 28.35708], [-81.446265, 28.356488], [-81.446414, 28.356064], [-81.446489, 28.355739], [-81.447136, 28.355474], [-81.447634, 28.355834], [-81.447735, 28.355972], [-81.447759, 28.3561], [-81.447697, 28.356188], [-81.447575, 28.356262], [-81.447436, 28.356297], [-81.446947, 28.356315], [-81.446849, 28.356381], [-81.446869, 28.356436], [-81.447037, 28.356518], [-81.447166, 28.35656], [-81.447362, 28.356601], [-81.447669, 28.356635], [-81.447799, 28.356631], [-81.447942, 28.356601], [-81.448074, 28.356555], [-81.448172, 28.356496], [-81.448259, 28.356384], [-81.448313, 28.356116], [-81.44829, 28.355887], [-81.448199, 28.355641], [-81.448039, 28.355396], [-81.447871, 28.355229], [-81.447641, 28.355099], [-81.447459, 28.355054], [-81.447471, 28.354826], [-81.447504, 28.354636], [-81.447547, 28.354493], [-81.447602, 28.354402], [-81.447644, 28.354372], [-81.447695, 28.354368], [-81.447882, 28.354528], [-81.448008, 28.354583], [-81.448078, 28.354567], [-81.4481, 28.354545], [-81.448159, 28.354394], [-81.448251, 28.353723], [-81.44822, 28.353609], [-81.448077, 28.353307], [-81.447999, 28.352757], [-81.447984, 28.352474], [-81.448109, 28.351999], [-81.448095, 28.351585], [-81.448303, 28.351088], [-81.448359, 28.350863], [-81.44839, 28.350513], [-81.44838, 28.349788], [-81.448408, 28.349542], [-81.448479, 28.349342], [-81.44871, 28.349], [-81.4488, 28.348809], [-81.448831, 28.348588], [-81.448833, 28.348078], [-81.449289, 28.348085], [-81.449225, 28.348482], [-81.448905, 28.349512], [-81.448848, 28.349807], [-81.448859, 28.350379], [-81.448943, 28.350617], [-81.448814, 28.350846], [-81.448629, 28.351331], [-81.448537, 28.351796], [-81.448572, 28.35229], [-81.448716, 28.352957], [-81.448636, 28.353468], [-81.448765, 28.35401], [-81.448729, 28.354245], [-81.448602, 28.354753], [-81.448619, 28.354994], [-81.448707, 28.355149], [-81.449117, 28.355475], [-81.449271, 28.355675], [-81.449286, 28.355821], [-81.449224, 28.356101], [-81.449209, 28.356303], [-81.449243, 28.356528], [-81.449346, 28.356754], [-81.449523, 28.356933], [-81.449957, 28.357136], [-81.45024, 28.357309], [-81.45043, 28.357531], [-81.450526, 28.357755], [-81.450535, 28.357939], [-81.450442, 28.358176], [-81.450295, 28.358346], [-81.450038, 28.358568], [-81.449903, 28.358743], [-81.449842, 28.358978], [-81.44987, 28.359126], [-81.44994, 28.359206], [-81.450082, 28.359295], [-81.451313, 28.359851], [-81.451591, 28.360073], [-81.451631, 28.360145], [-81.451637, 28.360202], [-81.451606, 28.360266], [-81.451501, 28.360348], [-81.451215, 28.360419], [-81.450705, 28.36044], [-81.449452, 28.360356], [-81.449099, 28.360385], [-81.448664, 28.360447], [-81.447969, 28.360651], [-81.447596, 28.360877]], [[-81.448215, 28.359067], [-81.448042, 28.359081], [-81.447946, 28.359118], [-81.447807, 28.359251], [-81.447711, 28.359404], [-81.447622, 28.359641], [-81.447582, 28.359872], [-81.447621, 28.360025], [-81.447734, 28.360136], [-81.447869, 28.36019], [-81.447984, 28.360185], [-81.448168, 28.360123], [-81.448386, 28.360004], [-81.448488, 28.359968], [-81.449319, 28.360023], [-81.449496, 28.359991], [-81.449582, 28.359936], [-81.449592, 28.359904], [-81.449566, 28.359842], [-81.449388, 28.359714], [-81.448902, 28.359599], [-81.448674, 28.359499], [-81.448215, 28.359067]], [[-81.44876, 28.357985], [-81.448526, 28.358015], [-81.44847, 28.358043], [-81.448407, 28.358105], [-81.448366, 28.358253], [-81.448419, 28.358481], [-81.448632, 28.358769], [-81.448936, 28.359036], [-81.449141, 28.359149], [-81.449232, 28.359171], [-81.449319, 28.359167], [-81.449389, 28.359103], [-81.449413, 28.358975], [-81.449363, 28.358715], [-81.449276, 28.35847], [-81.449072, 28.358214], [-81.44876, 28.357985]], [[-81.450079, 28.357609], [-81.449962, 28.357632], [-81.449883, 28.357669], [-81.449822, 28.357731], [-81.449766, 28.357833], [-81.449739, 28.35799], [-81.449753, 28.358198], [-81.449793, 28.358271], [-81.449873, 28.358311], [-81.449956, 28.358301], [-81.45004, 28.35824], [-81.450121, 28.358144], [-81.450204, 28.357965], [-81.450222, 28.357853], [-81.450205, 28.357741], [-81.450161, 28.357675], [-81.450079, 28.357609]]]}, "properties": {"mukey": "323151"}}, {"type": "Feature", "geometry": {"type": "Polygon", "coordinates": [[[-81.434137, 28.366392], [-81.434553, 28.366068], [-81.434914, 28.365843], [-81.434991, 28.365851], [-81.435087, 28.365915], [-81.435268, 28.366084], [-81.435348, 28.366216], [-81.435344, 28.366272], [-81.435314, 28.366302], [-81.435234, 28.366336], [-81.43498, 28.36638], [-81.434637, 28.366411], [-81.434344, 28.366513], [-81.434001, 28.366799], [-81.433732, 28.367157], [-81.433679, 28.367188], [-81.433645, 28.367183], [-81.433555, 28.367108], [-81.433531, 28.367038], [-81.43356, 28.366967], [-81.43374, 28.366768], [-81.434137, 28.366392]]]}, "properties": {"mukey": "323176"}}, {"type": "Feature", "geometry": {"type": "Polygon", "coordinates": [[[-81.436046, 28.362263], [-81.435421, 28.362749], [-81.435159, 28.362876], [-81.434921, 28.362913], [-81.434783, 28.362881], [-81.434453, 28.362745], [-81.433573, 28.362233], [-81.433385, 28.362101], [-81.433328, 28.362016], [-81.433322, 28.361892], [-81.433378, 28.361748], [-81.433483, 28.361623], [-81.4336, 28.361564], [-81.433883, 28.361573], [-81.43437, 28.361647], [-81.434735, 28.361665], [-81.435075, 28.361628], [-81.435347, 28.361514], [-81.435463, 28.361453], [-81.435633, 28.361306], [-81.436136, 28.360623], [-81.436373, 28.360392], [-81.436583, 28.360237], [-81.436998, 28.360045], [-81.437867, 28.359826], [-81.438441, 28.359647], [-81.438832, 28.359467], [-81.439124, 28.359247], [-81.439315, 28.359006], [-81.439377, 28.358897], [-81.439496, 28.358615], [-81.439602, 28.358261], [-81.439615, 28.357841], [-81.439496, 28.356663], [-81.439506, 28.356535], [-81.439582, 28.35645], [-81.439683, 28.356418], [-81.440189, 28.356415], [-81.440289, 28.356428], [-81.440369, 28.35646], [-81.440436, 28.356564], [-81.440509, 28.356872], [-81.440622, 28.357057], [-81.440807, 28.357183], [-81.441216, 28.357308], [-81.441275, 28.357361], [-81.441319, 28.357452], [-81.441319, 28.357684], [-81.441261, 28.358021], [-81.44105, 28.35864], [-81.440913, 28.358895], [-81.440757, 28.359045], [-81.440644, 28.359123], [-81.440111, 28.359435], [-81.439444, 28.359775], [-81.43892, 28.360064], [-81.437887, 28.360725], [-81.436985, 28.361431], [-81.436286, 28.362024], [-81.436046, 28.362263]]]}, "properties": {"mukey": "323176"}}, {"type": "Feature", "geometry": {"type": "Polygon", "coordinates": [[[-81.430214, 28.371826], [-81.430521, 28.371868], [-81.431103, 28.372015], [-81.431832, 28.372142], [-81.432139, 28.372099], [-81.432539, 28.371928], [-81.43267, 28.371916], [-81.432853, 28.371934], [-81.433017, 28.372007], [-81.433156, 28.372134], [-81.433327, 28.372355], [-81.433352, 28.372486], [-81.433276, 28.372595], [-81.433029, 28.372696], [-81.43274, 28.372736], [-81.432183, 28.372762], [-81.431703, 28.372831], [-81.431496, 28.372929], [-81.431236, 28.373134], [-81.431066, 28.37318], [-81.430863, 28.373157], [-81.43048, 28.373076], [-81.43013, 28.373075], [-81.429944, 28.373052], [-81.429408, 28.372773], [-81.429181, 28.372688], [-81.428167, 28.372646], [-81.4279, 28.372602], [-81.428012, 28.372297], [-81.428123, 28.372071], [-81.428587, 28.372242], [-81.428835, 28.372221], [-81.428956, 28.372175], [-81.429066, 28.372101], [-81.429491, 28.371672], [-81.430026, 28.371842], [-81.430108, 28.371849], [-81.430214, 28.371826]]]}, "properties": {"mukey": "323143"}}, {"type": "Feature", "geometry": {"type": "Polygon", "coordinates": [[[-81.424701, 28.354713], [-81.424894, 28.3547], [-81.425315, 28.354721], [-81.425559, 28.354748], [-81.425664, 28.354786], [-81.425884, 28.354914], [-81.42601, 28.355033], [-81.42609, 28.35522], [-81.426091, 28.355299], [-81.426072, 28.355347], [-81.425715, 28.355653], [-81.425437, 28.355826], [-81.425182, 28.355916], [-81.42491, 28.35594], [-81.4243, 28.35588], [-81.42299, 28.355843], [-81.422525, 28.355791], [-81.42219, 28.355706], [-81.421694, 28.355429], [-81.421242, 28.355269], [-81.421196, 28.355151], [-81.42122, 28.355085], [-81.42136, 28.35499], [-81.42155, 28.354944], [-81.423129, 28.354774], [-81.424267, 28.354852], [-81.424468, 28.354816], [-81.424701, 28.354713]]]}, "properties": {"mukey": "323159"}}, {"type": "Feature", "geometry": {"type": "Polygon", "coordinates": [[[-81.421078, 28.373539], [-81.421171, 28.37383], [-81.421195, 28.373989], [-81.421167, 28.374085], [-81.421049, 28.374179], [-81.420902, 28.374205], [-81.42075, 28.374195], [-81.420127, 28.373966], [-81.420001, 28.373947], [-81.419835, 28.373959], [-81.419401, 28.373879], [-81.419186, 28.373893], [-81.418982, 28.373942], [-81.418791, 28.374025], [-81.418599, 28.374141], [-81.418417, 28.3743], [-81.418292, 28.374469], [-81.417918, 28.374514], [-81.417854, 28.37434], [-81.417847, 28.373999], [-81.417888, 28.373741], [-81.417966, 28.373565], [-81.418415, 28.373604], [-81.418827, 28.373606], [-81.419657, 28.373551], [-81.420197, 28.373552], [-81.420656, 28.373493], [-81.421078, 28.373539]]]}, "properties": {"mukey": "323157"}}, {"type": "Feature", "geometry": {"type": "Polygon", "coordinates": [[[-81.422174, 28.361226], [-81.422285, 28.361421], [-81.422274, 28.361722], [-81.422166, 28.361919], [-81.421953, 28.362067], [-81.421652, 28.362139], [-81.421386, 28.36213], [-81.420903, 28.361999], [-81.420682, 28.361889], [-81.420783, 28.361741], [-81.421202, 28.361335], [-81.421551, 28.360939], [-81.421579, 28.360953], [-81.421992, 28.361119], [-81.422174, 28.361226]]]}, "properties": {"mukey": "323143"}}, {"type": "Feature", "geometry": {"type": "Polygon", "coordinates": [[[-81.430754, 28.35583], [-81.430993, 28.356119], [-81.431178, 28.356469], [-81.431012, 28.356513], [-81.430912, 28.356506], [-81.430794, 28.356441], [-81.430717, 28.35635], [-81.430677, 28.356253], [-81.43067, 28.356112], [-81.430694, 28.35598], [-81.430754, 28.35583]]]}, "properties": {"mukey": "323151"}}, {"type": "Feature", "geometry": {"type": "Polygon", "coordinates": [[[-81.434507, 28.36445], [-81.434395, 28.36451], [-81.434096, 28.364721], [-81.433956, 28.364772], [-81.433881, 28.364749], [-81.433768, 28.364663], [-81.43346, 28.364319], [-81.433318, 28.364165], [-81.433186, 28.364055], [-81.43286, 28.363751], [-81.432834, 28.363701], [-81.432836, 28.363592], [-81.433119, 28.36341], [-81.433205, 28.363387], [-81.433345, 28.363383], [-81.433425, 28.363403], [-81.433571, 28.363477], [-81.434178, 28.363876], [-81.434449, 28.363984], [-81.434643, 28.363977], [-81.435056, 28.363783], [-81.435133, 28.363793], [-81.435161, 28.363813], [-81.435179, 28.363842], [-81.435174, 28.363904], [-81.435111, 28.363984], [-81.434507, 28.36445]]]}, "properties": {"mukey": "323176"}}, {"type": "Feature", "geometry": {"type": "Polygon", "coordinates": [[[-81.436981, 28.357144], [-81.437095, 28.357218], [-81.43716, 28.3573], [-81.437183, 28.357395], [-81.437169, 28.35749], [-81.437136, 28.357549], [-81.437071, 28.357592], [-81.436925, 28.357635], [-81.436833, 28.357629], [-81.436755, 28.357587], [-81.436711, 28.357528], [-81.436691, 28.357426], [-81.436699, 28.357321], [-81.436777, 28.357206], [-81.436981, 28.357144]]]}, "properties": {"mukey": "323143"}}, {"type": "Feature", "geometry": {"type": "Polygon", "coordinates": [[[-81.424027, 28.366407], [-81.424126, 28.366499], [-81.424222, 28.366639], [-81.424334, 28.366963], [-81.42442, 28.367566], [-81.424368, 28.367858], [-81.424201, 28.368211], [-81.424006, 28.368422], [-81.423618, 28.368621], [-81.423422, 28.368664], [-81.423306, 28.368661], [-81.423233, 28.368631], [-81.423168, 28.368568], [-81.423061, 28.368266], [-81.42301, 28.367966], [-81.423024, 28.367768], [-81.423058, 28.367621], [-81.423609, 28.366654], [-81.423815, 28.366448], [-81.42389, 28.36642], [-81.424027, 28.366407]]]}, "properties": {"mukey": "323143"}}, {"type": "Feature", "geometry": {"type": "Polygon", "coordinates": [[[-81.436302, 28.365661], [-81.436085, 28.365832], [-81.435985, 28.365867], [-81.435909, 28.365873], [-81.435749, 28.365819], [-81.435473, 28.365619], [-81.435347, 28.365481], [-81.435324, 28.365383], [-81.435385, 28.365246], [-81.435578, 28.365], [-81.435737, 28.364871], [-81.43585, 28.36482], [-81.436272, 28.364749], [-81.436679, 28.364644], [-81.436781, 28.364654], [-81.436813, 28.364723], [-81.436794, 28.364796], [-81.436492, 28.365282], [-81.436302, 28.365661]]]}, "properties": {"mukey": "323176"}}, {"type": "Feature", "geometry": {"type": "Polygon", "coordinates": [[[-81.421028, 28.375985], [-81.420993, 28.376473], [-81.42092, 28.376762], [-81.42078, 28.377133], [-81.420606, 28.377355], [-81.420423, 28.377439], [-81.419952, 28.377503], [-81.419613, 28.37762], [-81.41922, 28.37789], [-81.418787, 28.378258], [-81.418235, 28.378611], [-81.418114, 28.378672], [-81.417966, 28.378716], [-81.417807, 28.378735], [-81.417696, 28.378724], [-81.417621, 28.378692], [-81.417524, 28.378612], [-81.417444, 28.378447], [-81.417432, 28.378282], [-81.417513, 28.377998], [-81.417565, 28.377908], [-81.417664, 28.377804], [-81.418081, 28.377545], [-81.418296, 28.377309], [-81.418482, 28.376847], [-81.418724, 28.376042], [-81.420754, 28.37598], [-81.421028, 28.375985]]]}, "properties": {"mukey": "323148"}}, {"type": "Feature", "geometry": {"type": "Polygon", "coordinates": [[[-81.424701, 28.354713], [-81.424468, 28.354816], [-81.424267, 28.354852], [-81.423129, 28.354774], [-81.42155, 28.354944], [-81.42136, 28.35499], [-81.42122, 28.355085], [-81.421196, 28.355151], [-81.421242, 28.355269], [-81.42116, 28.355428], [-81.421122, 28.355594], [-81.421077, 28.35591], [-81.421073, 28.356249], [-81.42113, 28.356499], [-81.421205, 28.356713], [-81.421286, 28.356888], [-81.42153, 28.357313], [-81.421594, 28.35761], [-81.42153, 28.358002], [-81.421378, 28.358532], [-81.421339, 28.358775], [-81.421366, 28.359261], [-81.421509, 28.359726], [-81.421544, 28.359921], [-81.421505, 28.360169], [-81.421377, 28.360344], [-81.421248, 28.360182], [-81.421023, 28.359798], [-81.420819, 28.35951], [-81.420543, 28.359023], [-81.419742, 28.357401], [-81.419525, 28.357148], [-81.41945, 28.35712], [-81.419413, 28.357128], [-81.419353, 28.357174], [-81.419329, 28.357269], [-81.419429, 28.357591], [-81.419804, 28.358218], [-81.420478, 28.359419], [-81.42039, 28.359418], [-81.420317, 28.359382], [-81.420055, 28.359037], [-81.419824, 28.358821], [-81.419087, 28.358473], [-81.418725, 28.358283], [-81.418496, 28.358136], [-81.418307, 28.357953], [-81.418199, 28.357756], [-81.418156, 28.357541], [-81.418209, 28.357232], [-81.41838, 28.356783], [-81.418368, 28.356629], [-81.418263, 28.356487], [-81.418113, 28.356395], [-81.417991, 28.356352], [-81.417741, 28.356317], [-81.417297, 28.356286], [-81.417189, 28.356247], [-81.417085, 28.35618], [-81.417193, 28.356147], [-81.417305, 28.35614], [-81.418848, 28.356148], [-81.418982, 28.356178], [-81.41907, 28.356219], [-81.419261, 28.356417], [-81.41933, 28.356431], [-81.419361, 28.356407], [-81.419388, 28.356297], [-81.419364, 28.356151], [-81.41932, 28.35605], [-81.419228, 28.35597], [-81.418948, 28.35594], [-81.41862, 28.35598], [-81.41843, 28.355979], [-81.418663, 28.355578], [-81.418756, 28.35532], [-81.418888, 28.354646], [-81.418974, 28.354088], [-81.418988, 28.353792], [-81.41895, 28.353619], [-81.418839, 28.35346], [-81.418731, 28.353394], [-81.418409, 28.353348], [-81.417933, 28.353343], [-81.41769, 28.353319], [-81.417316, 28.3532], [-81.417254, 28.353157], [-81.417178, 28.353069], [-81.417493, 28.35292], [-81.4177, 28.352786], [-81.417951, 28.352769], [-81.418032, 28.352744], [-81.418137, 28.35263], [-81.41819, 28.352425], [-81.418262, 28.352301], [-81.418401, 28.352211], [-81.418558, 28.352202], [-81.418705, 28.352259], [-81.41886, 28.352415], [-81.418991, 28.352647], [-81.41916, 28.353039], [-81.4193, 28.353224], [-81.419468, 28.353387], [-81.419611, 28.353494], [-81.419697, 28.353524], [-81.419875, 28.353539], [-81.420048, 28.353499], [-81.420197, 28.353405], [-81.420452, 28.353041], [-81.420648, 28.352812], [-81.42108, 28.352462], [-81.421155, 28.352369], [-81.421226, 28.352105], [-81.421214, 28.351599], [-81.421234, 28.351408], [-81.421717, 28.351511], [-81.421881, 28.351621], [-81.422024, 28.351858], [-81.422159, 28.352356], [-81.422236, 28.352447], [-81.422382, 28.352532], [-81.422365, 28.352795], [-81.422401, 28.353023], [-81.422474, 28.353168], [-81.422596, 28.353316], [-81.423029, 28.353671], [-81.423552, 28.354043], [-81.424174, 28.354433], [-81.424701, 28.354713]], [[-81.420445, 28.355889], [-81.420223, 28.355944], [-81.420113, 28.356042], [-81.420065, 28.356344], [-81.420021, 28.356498], [-81.419928, 28.356651], [-81.419784, 28.356824], [-81.419735, 28.356927], [-81.41973, 28.356974], [-81.419757, 28.357032], [-81.419902, 28.357118], [-81.420158, 28.357157], [-81.420427, 28.357126], [-81.420583, 28.357056], [-81.4207, 28.356914], [-81.420782, 28.356479], [-81.420768, 28.356172], [-81.420743, 28.356098], [-81.420685, 28.35602], [-81.420445, 28.355889]], [[-81.41977, 28.353948], [-81.419603, 28.353974], [-81.419468, 28.354034], [-81.419392, 28.354114], [-81.419287, 28.354296], [-81.419252, 28.354421], [-81.419266, 28.354631], [-81.419318, 28.354733], [-81.419442, 28.354807], [-81.4196, 28.354818], [-81.419808, 28.354751], [-81.419959, 28.354618], [-81.420053, 28.354457], [-81.42007, 28.354296], [-81.420005, 28.354145], [-81.419898, 28.354023], [-81.41977, 28.353948]]]}, "properties": {"mukey": "323139"}}, {"type": "Feature", "geometry": {"type": "Polygon", "coordinates": [[[-81.421302, 28.360631], [-81.420794, 28.361195], [-81.420631, 28.361316], [-81.420589, 28.361162], [-81.42058, 28.360787], [-81.42076, 28.360638], [-81.420811, 28.360552], [-81.420788, 28.360486], [-81.420679, 28.360389], [-81.420778, 28.360234], [-81.420942, 28.360303], [-81.421119, 28.360416], [-81.421211, 28.360501], [-81.421302, 28.360631]]]}, "properties": {"mukey": "323139"}}, {"type": "Feature", "geometry": {"type": "Polygon", "coordinates": [[[-81.432954, 28.360239], [-81.432742, 28.359856], [-81.432665, 28.359774], [-81.432595, 28.359738], [-81.432513, 28.359735], [-81.432432, 28.359766], [-81.432107, 28.360019], [-81.431896, 28.359835], [-81.431811, 28.359703], [-81.43181, 28.359658], [-81.431833, 28.359617], [-81.431968, 28.359522], [-81.432073, 28.359501], [-81.432965, 28.35943], [-81.433311, 28.359458], [-81.43339, 28.359517], [-81.433461, 28.359612], [-81.433482, 28.359708], [-81.433461, 28.359808], [-81.433377, 28.359938], [-81.433246, 28.360075], [-81.433088, 28.36018], [-81.432954, 28.360239]]]}, "properties": {"mukey": "323133"}}, {"type": "Feature", "geometry": {"type": "Polygon", "coordinates": [[[-81.425184, 28.376421], [-81.425235, 28.37653], [-81.425308, 28.376796], [-81.425266, 28.376901], [-81.425259, 28.376986], [-81.425324, 28.378075], [-81.425328, 28.378609], [-81.425267, 28.379109], [-81.425194, 28.37923], [-81.425095, 28.379268], [-81.425002, 28.379262], [-81.424767, 28.379188], [-81.424722, 28.379126], [-81.424707, 28.379], [-81.424708, 28.378714], [-81.424729, 28.378617], [-81.424727, 28.378466], [-81.424677, 28.378049], [-81.424643, 28.377923], [-81.424496, 28.377538], [-81.424365, 28.377278], [-81.424232, 28.377093], [-81.424087, 28.376971], [-81.424032, 28.376878], [-81.423738, 28.376569], [-81.423689, 28.376485], [-81.423874, 28.376448], [-81.424526, 28.376439], [-81.424943, 28.37638], [-81.425033, 28.376384], [-81.425184, 28.376421]]]}, "properties": {"mukey": "323176"}}, {"type": "Feature", "geometry": {"type": "Polygon", "coordinates": [[[-81.421481, 28.363146], [-81.422139, 28.363321], [-81.422793, 28.363447], [-81.423416, 28.363542], [-81.423923, 28.363579], [-81.424774, 28.363523], [-81.425385, 28.363568], [-81.425673, 28.363573], [-81.425916, 28.363503], [-81.426191, 28.36332], [-81.426369, 28.363241], [-81.426628, 28.363204], [-81.426861, 28.363244], [-81.426972, 28.363291], [-81.4271, 28.363396], [-81.427331, 28.36371], [-81.42765, 28.364045], [-81.427871, 28.364332], [-81.427974, 28.364531], [-81.428042, 28.364737], [-81.428045, 28.364849], [-81.428009, 28.365022], [-81.427922, 28.365168], [-81.427816, 28.365276], [-81.427387, 28.365519], [-81.427012, 28.365636], [-81.426739, 28.365638], [-81.426556, 28.365595], [-81.426424, 28.365512], [-81.426152, 28.365162], [-81.425855, 28.364893], [-81.425459, 28.36468], [-81.425261, 28.364607], [-81.424521, 28.364452], [-81.423821, 28.364257], [-81.423122, 28.364137], [-81.422719, 28.364131], [-81.421905, 28.364254], [-81.421667, 28.364247], [-81.421571, 28.364186], [-81.421391, 28.363925], [-81.421141, 28.363671], [-81.421071, 28.363555], [-81.421037, 28.363455], [-81.421042, 28.363307], [-81.421123, 28.363207], [-81.421233, 28.363164], [-81.421481, 28.363146]]]}, "properties": {"mukey": "323148"}}, {"type": "Feature", "geometry": {"type": "Polygon", "coordinates": [[[-81.446518, 28.357636], [-81.446735, 28.357665], [-81.446969, 28.357634], [-81.44712, 28.357557], [-81.447315, 28.357392], [-81.4479, 28.357465], [-81.448012, 28.357564], [-81.448061, 28.35774], [-81.448036, 28.358248], [-81.447967, 28.358476], [-81.447782, 28.358674], [-81.447492, 28.358759], [-81.447318, 28.358708], [-81.447006, 28.358737], [-81.445641, 28.359063], [-81.444966, 28.359251], [-81.444797, 28.359347], [-81.444742, 28.359436], [-81.444748, 28.359525], [-81.444853, 28.359912], [-81.444916, 28.360005], [-81.444986, 28.360038], [-81.445303, 28.360026], [-81.44571, 28.359963], [-81.446377, 28.359829], [-81.446695, 28.35974], [-81.446796, 28.359731], [-81.446871, 28.360094], [-81.44688, 28.360278], [-81.446815, 28.360486], [-81.446706, 28.360645], [-81.446313, 28.360958], [-81.445542, 28.361337], [-81.445262, 28.361489], [-81.445127, 28.361583], [-81.444887, 28.361836], [-81.444641, 28.362218], [-81.443968, 28.363033], [-81.44347, 28.364197], [-81.44296, 28.365316], [-81.442918, 28.365555], [-81.44295, 28.365694], [-81.442817, 28.365944], [-81.442596, 28.366233], [-81.442487, 28.366334], [-81.44225, 28.366477], [-81.441937, 28.366568], [-81.441776, 28.366574], [-81.441543, 28.366519], [-81.441376, 28.366429], [-81.441222, 28.366301], [-81.441065, 28.3661], [-81.440904, 28.365819], [-81.440843, 28.365641], [-81.440797, 28.364973], [-81.440853, 28.36449], [-81.440907, 28.364267], [-81.441084, 28.363878], [-81.441283, 28.363545], [-81.441514, 28.363214], [-81.442046, 28.362522], [-81.442448, 28.362077], [-81.44369, 28.360842], [-81.444016, 28.360458], [-81.444398, 28.360069], [-81.444482, 28.359903], [-81.444499, 28.359442], [-81.444573, 28.359262], [-81.445125, 28.358713], [-81.445872, 28.358035], [-81.446518, 28.357636]]]}, "properties": {"mukey": "323133"}}, {"type": "Feature", "geometry": {"type": "Polygon", "coordinates": [[[-81.421946, 28.371044], [-81.421913, 28.371286], [-81.421832, 28.371419], [-81.421584, 28.371601], [-81.4212, 28.371751], [-81.420978, 28.371687], [-81.420372, 28.371616], [-81.420036, 28.371522], [-81.419691, 28.371323], [-81.419453, 28.371083], [-81.419371, 28.37091], [-81.419229, 28.370411], [-81.419058, 28.370054], [-81.418897, 28.369813], [-81.418565, 28.369434], [-81.418276, 28.369058], [-81.418058, 28.368652], [-81.41799, 28.368242], [-81.417973, 28.367623], [-81.418026, 28.367408], [-81.418164, 28.367257], [-81.418275, 28.367192], [-81.418431, 28.367133], [-81.418785, 28.367075], [-81.419004, 28.367091], [-81.419331, 28.367191], [-81.419684, 28.367382], [-81.420152, 28.367679], [-81.420821, 28.368216], [-81.42134, 28.368678], [-81.421551, 28.368928], [-81.421689, 28.369202], [-81.421721, 28.369386], [-81.421734, 28.369622], [-81.421679, 28.370196], [-81.421662, 28.370572], [-81.421674, 28.370773], [-81.421695, 28.370851], [-81.42174, 28.370919], [-81.421946, 28.371044]]]}, "properties": {"mukey": "323157"}}, {"type": "Feature", "geometry": {"type": "Polygon", "coordinates": [[[-81.430214, 28.371826], [-81.430108, 28.371849], [-81.430026, 28.371842], [-81.429491, 28.371672], [-81.42909, 28.371369], [-81.428254, 28.370803], [-81.427426, 28.370186], [-81.426571, 28.369416], [-81.426536, 28.369267], [-81.426592, 28.368853], [-81.426515, 28.368622], [-81.426317, 28.368243], [-81.426308, 28.368115], [-81.426333, 28.367851], [-81.426303, 28.367534], [-81.426358, 28.367332], [-81.426481, 28.367188], [-81.426585, 28.367147], [-81.426768, 28.367154], [-81.426831, 28.367317], [-81.426921, 28.367448], [-81.42706, 28.367566], [-81.427243, 28.367664], [-81.427402, 28.367695], [-81.427565, 28.367681], [-81.427657, 28.367639], [-81.427765, 28.367527], [-81.428092, 28.367567], [-81.428274, 28.36761], [-81.428463, 28.367738], [-81.428577, 28.367887], [-81.428654, 28.368143], [-81.428666, 28.368685], [-81.428722, 28.368801], [-81.429021, 28.369204], [-81.429154, 28.369585], [-81.429177, 28.369897], [-81.429146, 28.370496], [-81.429208, 28.370894], [-81.429335, 28.371068], [-81.430051, 28.371632], [-81.430214, 28.371826]]]}, "properties": {"mukey": "323151"}}, {"type": "Feature", "geometry": {"type": "Polygon", "coordinates": [[[-81.432062, 28.362335], [-81.432215, 28.36244], [-81.432311, 28.362547], [-81.432373, 28.362656], [-81.432421, 28.362823], [-81.432408, 28.362933], [-81.432348, 28.363023], [-81.432247, 28.363083], [-81.432122, 28.363111], [-81.431977, 28.363075], [-81.431805, 28.362955], [-81.431743, 28.362875], [-81.431703, 28.362726], [-81.431725, 28.362565], [-81.431812, 28.362422], [-81.431898, 28.362365], [-81.432062, 28.362335]]]}, "properties": {"mukey": "323143"}}, {"type": "Feature", "geometry": {"type": "Polygon", "coordinates": [[[-81.424087, 28.376971], [-81.424232, 28.377093], [-81.424365, 28.377278], [-81.424496, 28.377538], [-81.424643, 28.377923], [-81.424677, 28.378049], [-81.424727, 28.378466], [-81.424729, 28.378617], [-81.424708, 28.378714], [-81.424435, 28.378478], [-81.424311, 28.378262], [-81.424221, 28.37773], [-81.424031, 28.377261], [-81.424024, 28.377113], [-81.424087, 28.376971]]]}, "properties": {"mukey": "323159"}}, {"type": "Feature", "geometry": {"type": "Polygon", "coordinates": [[[-81.427018, 28.355415], [-81.427224, 28.355497], [-81.42736, 28.355603], [-81.42763, 28.356179], [-81.427804, 28.356401], [-81.428026, 28.356554], [-81.428479, 28.356752], [-81.428775, 28.35692], [-81.429123, 28.357179], [-81.429327, 28.357426], [-81.429492, 28.357843], [-81.429552, 28.358228], [-81.429579, 28.3586], [-81.429533, 28.358855], [-81.429347, 28.359341], [-81.429269, 28.359623], [-81.429252, 28.359837], [-81.429287, 28.360046], [-81.42933, 28.360137], [-81.429408, 28.36022], [-81.429481, 28.360267], [-81.429591, 28.360297], [-81.429833, 28.360275], [-81.430329, 28.360106], [-81.430417, 28.360101], [-81.430496, 28.36013], [-81.430572, 28.360203], [-81.43061, 28.36027], [-81.430625, 28.360344], [-81.430611, 28.360439], [-81.430508, 28.360586], [-81.430263, 28.360745], [-81.429969, 28.360837], [-81.429427, 28.36087], [-81.428774, 28.360822], [-81.428143, 28.360707], [-81.427178, 28.360572], [-81.426624, 28.360545], [-81.42587, 28.360566], [-81.425472, 28.360528], [-81.425016, 28.360401], [-81.424593, 28.360176], [-81.424351, 28.359939], [-81.42391, 28.359406], [-81.423799, 28.359308], [-81.423686, 28.359247], [-81.423393, 28.359179], [-81.423142, 28.359198], [-81.423018, 28.359254], [-81.422671, 28.359512], [-81.422526, 28.35955], [-81.422351, 28.359521], [-81.422238, 28.359473], [-81.422148, 28.359405], [-81.422036, 28.359257], [-81.421944, 28.358934], [-81.421969, 28.358578], [-81.422131, 28.358111], [-81.422454, 28.357629], [-81.422508, 28.357436], [-81.422512, 28.357258], [-81.422443, 28.357047], [-81.422305, 28.356861], [-81.422044, 28.356648], [-81.421637, 28.356366], [-81.421427, 28.356172], [-81.42137, 28.356038], [-81.421383, 28.355969], [-81.421436, 28.355905], [-81.421534, 28.355861], [-81.421749, 28.35585], [-81.422184, 28.355951], [-81.422384, 28.355976], [-81.4236, 28.356002], [-81.424777, 28.356286], [-81.42514, 28.356301], [-81.425332, 28.356259], [-81.425741, 28.356097], [-81.42627, 28.355693], [-81.426544, 28.355522], [-81.426764, 28.355455], [-81.427018, 28.355415]]]}, "properties": {"mukey": "323157"}}, {"type": "Feature", "geometry": {"type": "Polygon", "coordinates": [[[-81.432836, 28.363592], [-81.432834, 28.363701], [-81.43286, 28.363751], [-81.433186, 28.364055], [-81.433005, 28.364159], [-81.432779, 28.364215], [-81.432601, 28.364202], [-81.432483, 28.364135], [-81.432452, 28.364066], [-81.432446, 28.363987], [-81.432533, 28.363772], [-81.432679, 28.363623], [-81.432836, 28.363592]]]}, "properties": {"mukey": "323143"}}, {"type": "Feature", "geometry": {"type": "Polygon", "coordinates": [[[-81.432107, 28.360019], [-81.432432, 28.359766], [-81.432513, 28.359735], [-81.432595, 28.359738], [-81.432665, 28.359774], [-81.432742, 28.359856], [-81.432954, 28.360239], [-81.432999, 28.360426], [-81.433232, 28.361003], [-81.433262, 28.361146], [-81.433273, 28.36133], [-81.433249, 28.361486], [-81.433214, 28.361554], [-81.433129, 28.36159], [-81.432805, 28.361512], [-81.432493, 28.361315], [-81.432275, 28.361066], [-81.431885, 28.360483], [-81.431851, 28.360387], [-81.43187, 28.360308], [-81.432107, 28.360019]]]}, "properties": {"mukey": "323176"}}, {"type": "Feature", "geometry": {"type": "Polygon", "coordinates": [[[-81.424708, 28.378714], [-81.424707, 28.379], [-81.424225, 28.37896], [-81.423631, 28.378847], [-81.423224, 28.378716], [-81.422945, 28.378541], [-81.422834, 28.378504], [-81.422754, 28.378514], [-81.422673, 28.378567], [-81.422544, 28.378782], [-81.422467, 28.378853], [-81.422232, 28.378914], [-81.420597, 28.378937], [-81.420468, 28.378905], [-81.420363, 28.378843], [-81.420282, 28.378761], [-81.420224, 28.37866], [-81.420193, 28.378502], [-81.420208, 28.378459], [-81.420267, 28.37841], [-81.420768, 28.378255], [-81.421167, 28.378016], [-81.421315, 28.377953], [-81.421642, 28.37787], [-81.422068, 28.377813], [-81.422361, 28.377686], [-81.422898, 28.377172], [-81.42301, 28.377102], [-81.423221, 28.377007], [-81.423318, 28.376927], [-81.423351, 28.376853], [-81.423359, 28.376635], [-81.42342, 28.376535], [-81.423516, 28.376484], [-81.423689, 28.376485], [-81.423738, 28.376569], [-81.424032, 28.376878], [-81.424087, 28.376971], [-81.424024, 28.377113], [-81.424031, 28.377261], [-81.424221, 28.37773], [-81.424311, 28.378262], [-81.424435, 28.378478], [-81.424708, 28.378714]], [[-81.421794, 28.378115], [-81.421565, 28.378141], [-81.421412, 28.378221], [-81.421354, 28.378288], [-81.421312, 28.378374], [-81.421303, 28.378473], [-81.421328, 28.378542], [-81.421391, 28.37859], [-81.421492, 28.378631], [-81.421976, 28.378721], [-81.422184, 28.378738], [-81.422295, 28.378702], [-81.422347, 28.378648], [-81.422361, 28.378595], [-81.422359, 28.37852], [-81.422327, 28.37845], [-81.422085, 28.378264], [-81.421794, 28.378115]], [[-81.423663, 28.3773], [-81.423495, 28.377335], [-81.423292, 28.377528], [-81.423216, 28.377669], [-81.423153, 28.377913], [-81.423191, 28.378237], [-81.423247, 28.378376], [-81.423411, 28.378544], [-81.423554, 28.378595], [-81.423692, 28.378587], [-81.423801, 28.378526], [-81.423891, 28.378372], [-81.423945, 28.378151], [-81.42395, 28.377955], [-81.423888, 28.377621], [-81.423818, 28.377465], [-81.423663, 28.3773]]]}, "properties": {"mukey": "323151"}}, {"type": "Feature", "geometry": {"type": "Polygon", "coordinates": [[[-81.4279, 28.372602], [-81.427768, 28.372948], [-81.427732, 28.37299], [-81.427665, 28.372998], [-81.427607, 28.372954], [-81.427299, 28.372496], [-81.427289, 28.372428], [-81.427327, 28.372338], [-81.427874, 28.371873], [-81.42805, 28.371763], [-81.428126, 28.371756], [-81.428153, 28.371838], [-81.428123, 28.372071], [-81.428012, 28.372297], [-81.4279, 28.372602]]]}, "properties": {"mukey": "323176"}}, {"type": "Feature", "geometry": {"type": "Polygon", "coordinates": [[[-81.427327, 28.372338], [-81.42712, 28.372273], [-81.426776, 28.37221], [-81.426605, 28.372154], [-81.426517, 28.372075], [-81.426512, 28.372023], [-81.426536, 28.371951], [-81.426615, 28.371873], [-81.426725, 28.37183], [-81.427312, 28.371755], [-81.427711, 28.371781], [-81.427874, 28.371873], [-81.427327, 28.372338]]]}, "properties": {"mukey": "323143"}}, {"type": "Feature", "geometry": {"type": "Polygon", "coordinates": [[[-81.431899, 28.35585], [-81.432065, 28.355703], [-81.432228, 28.355598], [-81.432402, 28.355533], [-81.432545, 28.355518], [-81.432501, 28.355701], [-81.432375, 28.355792], [-81.43208, 28.355868], [-81.431899, 28.35585]]]}, "properties": {"mukey": "323159"}}, {"type": "Feature", "geometry": {"type": "Polygon", "coordinates": [[[-81.437005, 28.356835], [-81.437339, 28.357021], [-81.437603, 28.357145], [-81.437659, 28.357195], [-81.437684, 28.357261], [-81.437658, 28.357339], [-81.43759, 28.357433], [-81.437172, 28.357799], [-81.436974, 28.357917], [-81.436852, 28.357929], [-81.436675, 28.357856], [-81.436499, 28.357666], [-81.43637, 28.357383], [-81.436361, 28.357204], [-81.436429, 28.357046], [-81.436571, 28.356922], [-81.436778, 28.356854], [-81.437005, 28.356835]], [[-81.436981, 28.357144], [-81.436777, 28.357206], [-81.436699, 28.357321], [-81.436691, 28.357426], [-81.436711, 28.357528], [-81.436755, 28.357587], [-81.436833, 28.357629], [-81.436925, 28.357635], [-81.437071, 28.357592], [-81.437136, 28.357549], [-81.437169, 28.35749], [-81.437183, 28.357395], [-81.43716, 28.3573], [-81.437095, 28.357218], [-81.436981, 28.357144]]]}, "properties": {"mukey": "323151"}}, {"type": "Feature", "geometry": {"type": "Polygon", "coordinates": [[[-81.434522, 28.359883], [-81.434842, 28.360293], [-81.434883, 28.360369], [-81.434884, 28.360462], [-81.434791, 28.360591], [-81.434696, 28.360639], [-81.434609, 28.36066], [-81.434403, 28.360633], [-81.434237, 28.360528], [-81.434025, 28.360281], [-81.434054, 28.360087], [-81.43415, 28.359962], [-81.434276, 28.359877], [-81.434352, 28.359851], [-81.434407, 28.359849], [-81.434522, 28.359883]]]}, "properties": {"mukey": "323176"}}, {"type": "Feature", "geometry": {"type": "Polygon", "coordinates": [[[-81.437514, 28.373226], [-81.437713, 28.373314], [-81.437839, 28.373413], [-81.437892, 28.373517], [-81.437889, 28.373671], [-81.4378, 28.373916], [-81.437713, 28.374058], [-81.437499, 28.374289], [-81.437285, 28.374413], [-81.437121, 28.37445], [-81.437042, 28.374441], [-81.436576, 28.374201], [-81.436275, 28.374111], [-81.435974, 28.374108], [-81.435499, 28.374204], [-81.435396, 28.37419], [-81.435342, 28.374135], [-81.435349, 28.374075], [-81.435412, 28.374001], [-81.435513, 28.373918], [-81.435674, 28.373828], [-81.436332, 28.37364], [-81.437076, 28.373276], [-81.437286, 28.373237], [-81.437514, 28.373226]]]}, "properties": {"mukey": "323143"}}, {"type": "Feature", "geometry": {"type": "Polygon", "coordinates": [[[-81.43401, 28.439988], [-81.433933, 28.440117], [-81.433788, 28.440504], [-81.43374, 28.440785], [-81.433743, 28.441023], [-81.433793, 28.44124], [-81.433874, 28.441413], [-81.434409, 28.442128], [-81.43458, 28.442549], [-81.43459, 28.442691], [-81.434569, 28.442815], [-81.434464, 28.443182], [-81.434304, 28.443624], [-81.434237, 28.443972], [-81.434304, 28.444475], [-81.434378, 28.444681], [-81.434514, 28.444901], [-81.434578, 28.44507], [-81.434576, 28.445178], [-81.434497, 28.44535], [-81.433949, 28.44598], [-81.433328, 28.446482], [-81.432974, 28.446638], [-81.432583, 28.446682], [-81.432295, 28.446736], [-81.432127, 28.446823], [-81.432, 28.446934], [-81.431897, 28.44705], [-81.431733, 28.447323], [-81.431446, 28.448254], [-81.431232, 28.448724], [-81.431102, 28.448915], [-81.430305, 28.449744], [-81.428161, 28.451774], [-81.427839, 28.452018], [-81.427592, 28.452138], [-81.427387, 28.452158], [-81.427023, 28.452072], [-81.426947, 28.452087], [-81.42685, 28.452162], [-81.426804, 28.452261], [-81.42683, 28.452406], [-81.427076, 28.452885], [-81.427083, 28.45301], [-81.42705, 28.453149], [-81.42694, 28.453424], [-81.426418, 28.454261], [-81.426263, 28.454608], [-81.426108, 28.455047], [-81.425889, 28.455564], [-81.425722, 28.455886], [-81.425619, 28.456017], [-81.425505, 28.456097], [-81.425385, 28.456153], [-81.425211, 28.456201], [-81.424833, 28.456265], [-81.422913, 28.456418], [-81.422563, 28.456515], [-81.422479, 28.456564], [-81.422399, 28.456646], [-81.421921, 28.456894], [-81.421722, 28.45697], [-81.421558, 28.456991], [-81.4214, 28.456969], [-81.421209, 28.456913], [-81.420757, 28.456645], [-81.420478, 28.456547], [-81.420328, 28.456525], [-81.420034, 28.456549], [-81.419799, 28.456614], [-81.419546, 28.456774], [-81.4194, 28.456934], [-81.419376, 28.457051], [-81.419382, 28.457143], [-81.419441, 28.457266], [-81.419747, 28.457505], [-81.419957, 28.457605], [-81.420184, 28.457628], [-81.420898, 28.457424], [-81.421845, 28.45743], [-81.422208, 28.457409], [-81.422526, 28.457361], [-81.422653, 28.457319], [-81.422848, 28.457203], [-81.422955, 28.457076], [-81.423022, 28.456933], [-81.423562, 28.456728], [-81.423814, 28.456685], [-81.424216, 28.456674], [-81.424976, 28.456685], [-81.425312, 28.456612], [-81.425585, 28.456607], [-81.425827, 28.456653], [-81.425928, 28.456734], [-81.425949, 28.456833], [-81.425913, 28.456933], [-81.425804, 28.457077], [-81.425612, 28.457238], [-81.425059, 28.457567], [-81.424305, 28.457939], [-81.423971, 28.458175], [-81.423875, 28.458295], [-81.423849, 28.458398], [-81.423869, 28.458514], [-81.423943, 28.45861], [-81.423778, 28.458792], [-81.42369, 28.458967], [-81.423596, 28.459486], [-81.423609, 28.460137], [-81.423832, 28.460781], [-81.423848, 28.460903], [-81.423771, 28.461154], [-81.423449, 28.461481], [-81.423356, 28.461686], [-81.423355, 28.461839], [-81.42345, 28.462043], [-81.423503, 28.462303], [-81.423443, 28.462523], [-81.4233, 28.462772], [-81.423181, 28.463036], [-81.423194, 28.463128], [-81.423273, 28.463196], [-81.423378, 28.463212], [-81.42351, 28.463162], [-81.423609, 28.463077], [-81.423715, 28.46292], [-81.423848, 28.462466], [-81.423929, 28.461998], [-81.424171, 28.461307], [-81.424294, 28.460875], [-81.424516, 28.460613], [-81.425379, 28.459823], [-81.425572, 28.459585], [-81.425638, 28.459472], [-81.425738, 28.459459], [-81.425827, 28.459415], [-81.426047, 28.459224], [-81.426148, 28.459084], [-81.426317, 28.458769], [-81.426775, 28.458272], [-81.426939, 28.457947], [-81.427073, 28.457804], [-81.427248, 28.457731], [-81.427509, 28.457727], [-81.427608, 28.457773], [-81.427839, 28.457956], [-81.427946, 28.458086], [-81.428003, 28.458221], [-81.428072, 28.458478], [-81.428214, 28.45869], [-81.428465, 28.45891], [-81.428949, 28.459158], [-81.429089, 28.459251], [-81.429241, 28.459436], [-81.429315, 28.459654], [-81.429317, 28.459937], [-81.429258, 28.460357], [-81.429082, 28.461056], [-81.428952, 28.461668], [-81.42877, 28.462135], [-81.428651, 28.46232], [-81.428468, 28.462272], [-81.428274, 28.462278], [-81.42797, 28.462336], [-81.427801, 28.4624], [-81.427539, 28.462568], [-81.42739, 28.462706], [-81.427341, 28.462812], [-81.427354, 28.462984], [-81.427428, 28.463079], [-81.427565, 28.463154], [-81.427681, 28.463159], [-81.427836, 28.463125], [-81.428016, 28.463051], [-81.428272, 28.4629], [-81.428576, 28.462628], [-81.428833, 28.462735], [-81.428931, 28.462836], [-81.428999, 28.462942], [-81.429064, 28.463273], [-81.429003, 28.463691], [-81.428878, 28.463925], [-81.428642, 28.464237], [-81.42771, 28.465185], [-81.427576, 28.465131], [-81.427455, 28.465108], [-81.426756, 28.4651], [-81.425448, 28.465134], [-81.425052, 28.465165], [-81.423985, 28.465199], [-81.423886, 28.465209], [-81.423804, 28.465242], [-81.42377, 28.465289], [-81.423754, 28.465354], [-81.423687, 28.466282], [-81.423661, 28.46722], [-81.423678, 28.468149], [-81.423637, 28.468325], [-81.423521, 28.468424], [-81.423352, 28.46847], [-81.422879, 28.468452], [-81.421961, 28.46838], [-81.421748, 28.468394], [-81.421572, 28.468456], [-81.421407, 28.468647], [-81.421334, 28.468817], [-81.421316, 28.468907], [-81.421316, 28.46915], [-81.42135, 28.469443], [-81.421413, 28.469713], [-81.421486, 28.469854], [-81.421623, 28.470067], [-81.421717, 28.470154], [-81.421885, 28.470199], [-81.422035, 28.470186], [-81.42212, 28.470231], [-81.422209, 28.47025], [-81.423281, 28.470293], [-81.423451, 28.47032], [-81.423539, 28.470351], [-81.423588, 28.470427], [-81.423623, 28.471012], [-81.423679, 28.471158], [-81.423584, 28.471295], [-81.423262, 28.471649], [-81.42314, 28.471865], [-81.423105, 28.471973], [-81.422885, 28.472201], [-81.422587, 28.47245], [-81.422106, 28.472752], [-81.421288, 28.473206], [-81.421122, 28.473321], [-81.420746, 28.473646], [-81.420473, 28.47394], [-81.420354, 28.474163], [-81.420238, 28.474614], [-81.420091, 28.475366], [-81.419723, 28.476621], [-81.419623, 28.476885], [-81.419439, 28.477152], [-81.419317, 28.477243], [-81.41924, 28.477223], [-81.419207, 28.477151], [-81.419152, 28.476775], [-81.419089, 28.476687], [-81.419053, 28.476664], [-81.419012, 28.476666], [-81.418916, 28.476752], [-81.418871, 28.476866], [-81.418864, 28.476988], [-81.418892, 28.477253], [-81.41886, 28.477347], [-81.418763, 28.477436], [-81.418682, 28.477449], [-81.4186, 28.477429], [-81.418513, 28.477361], [-81.418453, 28.477248], [-81.418425, 28.477081], [-81.418418, 28.47674], [-81.418342, 28.476477], [-81.418273, 28.476394], [-81.418205, 28.476353], [-81.418047, 28.476337], [-81.417944, 28.476355], [-81.41775, 28.476519], [-81.417672, 28.476653], [-81.417651, 28.476742], [-81.41768, 28.476999], [-81.417804, 28.477405], [-81.4178, 28.477538], [-81.417746, 28.477786], [-81.417677, 28.477892], [-81.417573, 28.477964], [-81.417447, 28.477976], [-81.417312, 28.477944], [-81.417174, 28.477391], [-81.417063, 28.477171], [-81.416947, 28.474868], [-81.416989, 28.47318], [-81.416944, 28.472429], [-81.416978, 28.472158], [-81.417039, 28.470899], [-81.417003, 28.46989], [-81.417006, 28.468896], [-81.41698, 28.468815], [-81.416848, 28.468643], [-81.416525, 28.46835], [-81.417578, 28.468106], [-81.41803, 28.467971], [-81.41841, 28.467752], [-81.418461, 28.467696], [-81.418463, 28.467623], [-81.418429, 28.467577], [-81.418352, 28.467535], [-81.418021, 28.467456], [-81.417673, 28.46745], [-81.417287, 28.46747], [-81.4167, 28.467582], [-81.416288, 28.467691], [-81.416079, 28.467784], [-81.41585, 28.467932], [-81.415028, 28.467935], [-81.413798, 28.46799], [-81.413611, 28.468034], [-81.41352, 28.468124], [-81.413455, 28.468281], [-81.413364, 28.46868], [-81.413401, 28.470488], [-81.413426, 28.470785], [-81.413409, 28.471461], [-81.413422, 28.471969], [-81.413395, 28.472077], [-81.413331, 28.472114], [-81.412874, 28.47216], [-81.411615, 28.472159], [-81.411469, 28.472135], [-81.411421, 28.472078], [-81.411408, 28.472013], [-81.411367, 28.471187], [-81.411378, 28.47031], [-81.41134, 28.47002], [-81.411305, 28.469924], [-81.411246, 28.46988], [-81.411154, 28.469876], [-81.410212, 28.470077], [-81.409883, 28.4701], [-81.409804, 28.470078], [-81.409746, 28.470022], [-81.409676, 28.469729], [-81.409598, 28.469606], [-81.409453, 28.469548], [-81.409118, 28.469576], [-81.409126, 28.469456], [-81.409339, 28.46896], [-81.409568, 28.468249], [-81.409692, 28.467933], [-81.409991, 28.46741], [-81.410275, 28.467082], [-81.410672, 28.466726], [-81.411133, 28.466423], [-81.411416, 28.46631], [-81.411729, 28.466248], [-81.412205, 28.466262], [-81.412297, 28.466252], [-81.412392, 28.466199], [-81.41241, 28.466139], [-81.412394, 28.466104], [-81.411721, 28.465608], [-81.411544, 28.465434], [-81.411282, 28.465088], [-81.411027, 28.464871], [-81.410978, 28.464749], [-81.410978, 28.464425], [-81.410941, 28.464347], [-81.410862, 28.464263], [-81.410755, 28.464226], [-81.410612, 28.464223], [-81.41012, 28.464314], [-81.41002, 28.464298], [-81.409843, 28.464233], [-81.409491, 28.463986], [-81.408861, 28.463404], [-81.408401, 28.463028], [-81.408061, 28.4628], [-81.407774, 28.462654], [-81.407196, 28.462474], [-81.406827, 28.46244], [-81.406451, 28.462431], [-81.405887, 28.462498], [-81.404804, 28.462731], [-81.404638, 28.462734], [-81.4046, 28.461718], [-81.404609, 28.461667], [-81.404661, 28.461611], [-81.404886, 28.461588], [-81.405213, 28.461611], [-81.406429, 28.461629], [-81.406675, 28.461605], [-81.406784, 28.461545], [-81.406932, 28.461557], [-81.407342, 28.461534], [-81.407653, 28.461561], [-81.408553, 28.461867], [-81.40874, 28.461884], [-81.408905, 28.461823], [-81.408966, 28.461765], [-81.408993, 28.461695], [-81.408996, 28.461574], [-81.408949, 28.461423], [-81.408809, 28.461164], [-81.408331, 28.460533], [-81.408508, 28.460484], [-81.408793, 28.460442], [-81.408944, 28.460381], [-81.408982, 28.460348], [-81.409013, 28.460283], [-81.409024, 28.459949], [-81.409136, 28.459809], [-81.409587, 28.459514], [-81.410035, 28.459275], [-81.410302, 28.459163], [-81.410378, 28.459156], [-81.41045, 28.459191], [-81.410486, 28.459307], [-81.410574, 28.460293], [-81.410612, 28.460789], [-81.41061, 28.461144], [-81.410665, 28.461822], [-81.410695, 28.46187], [-81.410765, 28.461919], [-81.410922, 28.461994], [-81.411038, 28.462025], [-81.411156, 28.462026], [-81.411566, 28.461976], [-81.41168, 28.461988], [-81.411757, 28.462036], [-81.411866, 28.462153], [-81.411905, 28.462244], [-81.411967, 28.46252], [-81.411999, 28.463867], [-81.412054, 28.463966], [-81.412164, 28.464012], [-81.412755, 28.464014], [-81.413147, 28.463988], [-81.413282, 28.463963], [-81.413364, 28.463919], [-81.413396, 28.463873], [-81.413412, 28.463785], [-81.41342, 28.462944], [-81.413431, 28.462893], [-81.413476, 28.462838], [-81.413677, 28.462796], [-81.414871, 28.462715], [-81.414977, 28.46269], [-81.415026, 28.462658], [-81.415069, 28.46259], [-81.415094, 28.462458], [-81.415162, 28.461467], [-81.415556, 28.461218], [-81.415867, 28.460912], [-81.415937, 28.460807], [-81.416062, 28.460771], [-81.416181, 28.460704], [-81.416331, 28.460537], [-81.416401, 28.460187], [-81.416361, 28.459991], [-81.416384, 28.459828], [-81.416387, 28.459145], [-81.416417, 28.458785], [-81.416434, 28.458131], [-81.416414, 28.457896], [-81.416438, 28.457743], [-81.416439, 28.457223], [-81.416637, 28.457166], [-81.416805, 28.457034], [-81.416904, 28.456916], [-81.416954, 28.456709], [-81.41692, 28.45651], [-81.416774, 28.456362], [-81.416657, 28.456323], [-81.416403, 28.45633], [-81.416376, 28.455112], [-81.416393, 28.45447], [-81.416376, 28.454187], [-81.416394, 28.453794], [-81.416495, 28.453776], [-81.416589, 28.453713], [-81.41667, 28.453559], [-81.416686, 28.453444], [-81.416651, 28.453288], [-81.41658, 28.453161], [-81.416447, 28.453073], [-81.416345, 28.453066], [-81.416236, 28.453018], [-81.416158, 28.453007], [-81.415255, 28.453043], [-81.413553, 28.453063], [-81.413324, 28.452701], [-81.413178, 28.45227], [-81.413132, 28.45185], [-81.4131, 28.451231], [-81.413012, 28.450782], [-81.412949, 28.450702], [-81.412819, 28.450612], [-81.412324, 28.450449], [-81.412251, 28.450377], [-81.41222, 28.450301], [-81.412173, 28.450007], [-81.412148, 28.449632], [-81.412037, 28.447393], [-81.41194, 28.446797], [-81.41195, 28.446296], [-81.412716, 28.446531], [-81.412952, 28.44666], [-81.413174, 28.446823], [-81.413252, 28.446915], [-81.413301, 28.447024], [-81.413414, 28.447709], [-81.413457, 28.44778], [-81.413524, 28.447835], [-81.413615, 28.447868], [-81.414739, 28.448122], [-81.414921, 28.448201], [-81.414985, 28.448288], [-81.414998, 28.448436], [-81.414908, 28.448834], [-81.414892, 28.449016], [-81.414914, 28.449079], [-81.414984, 28.44912], [-81.415851, 28.449095], [-81.415998, 28.449066], [-81.416195, 28.448998], [-81.416652, 28.44871], [-81.417173, 28.448414], [-81.41783, 28.448084], [-81.418027, 28.447966], [-81.418106, 28.447865], [-81.418046, 28.447621], [-81.41811, 28.447526], [-81.418156, 28.447386], [-81.418188, 28.447224], [-81.418189, 28.447079], [-81.418091, 28.446795], [-81.4179, 28.446572], [-81.417723, 28.446437], [-81.417541, 28.446352], [-81.416685, 28.446199], [-81.416423, 28.446118], [-81.416097, 28.445939], [-81.415875, 28.445791], [-81.415593, 28.445541], [-81.415482, 28.445413], [-81.416256, 28.445347], [-81.416333, 28.445308], [-81.416338, 28.445228], [-81.416128, 28.444838], [-81.4153, 28.443617], [-81.414179, 28.442188], [-81.413749, 28.441583], [-81.413505, 28.441302], [-81.413455, 28.441275], [-81.41342, 28.441283], [-81.413374, 28.44134], [-81.413371, 28.441393], [-81.413515, 28.441979], [-81.413614, 28.443048], [-81.413687, 28.443389], [-81.413726, 28.443463], [-81.413795, 28.443515], [-81.414188, 28.44358], [-81.414093, 28.443695], [-81.413988, 28.443776], [-81.413833, 28.443823], [-81.41367, 28.443838], [-81.413444, 28.443789], [-81.412983, 28.443552], [-81.412846, 28.443542], [-81.412752, 28.443563], [-81.412665, 28.443635], [-81.412631, 28.443741], [-81.412722, 28.444303], [-81.412863, 28.444722], [-81.412928, 28.444796], [-81.413032, 28.444871], [-81.413144, 28.444896], [-81.413277, 28.444882], [-81.413458, 28.444828], [-81.41373, 28.444691], [-81.41395, 28.444674], [-81.414093, 28.44476], [-81.414347, 28.444985], [-81.414584, 28.445235], [-81.414388, 28.445278], [-81.413842, 28.445305], [-81.413783, 28.445319], [-81.413717, 28.445363], [-81.413698, 28.445434], [-81.413726, 28.445803], [-81.413716, 28.446149], [-81.413753, 28.446247], [-81.413819, 28.446294], [-81.413929, 28.446312], [-81.414934, 28.4463], [-81.415049, 28.446245], [-81.415157, 28.446052], [-81.415229, 28.446138], [-81.415284, 28.446406], [-81.415252, 28.44661], [-81.415181, 28.446691], [-81.41498, 28.446643], [-81.414019, 28.446521], [-81.413763, 28.446455], [-81.413573, 28.446326], [-81.413445, 28.446107], [-81.413364, 28.446012], [-81.413202, 28.445884], [-81.413124, 28.445854], [-81.412866, 28.445829], [-81.411935, 28.445827], [-81.412002, 28.444328], [-81.411999, 28.442643], [-81.412178, 28.442755], [-81.412286, 28.44291], [-81.412397, 28.442997], [-81.412899, 28.443179], [-81.413054, 28.4432], [-81.413229, 28.44318], [-81.413355, 28.443112], [-81.413421, 28.443034], [-81.413428, 28.442933], [-81.413372, 28.442772], [-81.413075, 28.442495], [-81.412974, 28.442344], [-81.41296, 28.4422], [-81.413021, 28.441945], [-81.41303, 28.441831], [-81.41299, 28.441705], [-81.41289, 28.441579], [-81.412818, 28.441526], [-81.412726, 28.44149], [-81.412488, 28.441468], [-81.411975, 28.441628], [-81.411923, 28.44144], [-81.411836, 28.441371], [-81.411692, 28.441353], [-81.41114, 28.441363], [-81.411007, 28.439875], [-81.410959, 28.439661], [-81.410918, 28.4396], [-81.41088, 28.439579], [-81.410708, 28.439557], [-81.408404, 28.439498], [-81.407753, 28.4395], [-81.407487, 28.439558], [-81.407319, 28.439468], [-81.407107, 28.439431], [-81.406715, 28.439447], [-81.4064, 28.439515], [-81.406266, 28.439512], [-81.406174, 28.439415], [-81.406026, 28.439306], [-81.405954, 28.439269], [-81.405871, 28.439251], [-81.405621, 28.43926], [-81.405138, 28.439331], [-81.404649, 28.439347], [-81.404375, 28.439387], [-81.404259, 28.439426], [-81.404162, 28.439514], [-81.404114, 28.439595], [-81.404066, 28.439791], [-81.404085, 28.439914], [-81.404212, 28.440086], [-81.404563, 28.440403], [-81.404694, 28.440591], [-81.404618, 28.440871], [-81.404524, 28.441111], [-81.404258, 28.441521], [-81.404137, 28.442257], [-81.404071, 28.442457], [-81.403948, 28.442519], [-81.4037, 28.442542], [-81.403494, 28.442517], [-81.40327, 28.442448], [-81.40322, 28.442399], [-81.403204, 28.44232], [-81.403312, 28.441632], [-81.403646, 28.440219], [-81.404013, 28.439051], [-81.404051, 28.438999], [-81.404131, 28.438939], [-81.404361, 28.438859], [-81.405425, 28.438646], [-81.405495, 28.438599], [-81.405527, 28.438532], [-81.405587, 28.437633], [-81.405584, 28.436828], [-81.405531, 28.436286], [-81.405464, 28.435881], [-81.405357, 28.435425], [-81.405294, 28.435318], [-81.405216, 28.435293], [-81.4051, 28.4353], [-81.40436, 28.435442], [-81.40407, 28.435607], [-81.4037, 28.435876], [-81.403433, 28.435969], [-81.40291, 28.436028], [-81.400757, 28.436081], [-81.400535, 28.43611], [-81.400367, 28.436197], [-81.400116, 28.436406], [-81.399545, 28.436926], [-81.399014, 28.437451], [-81.398527, 28.437278], [-81.397805, 28.437178], [-81.397507, 28.43709], [-81.397152, 28.436934], [-81.396811, 28.4367], [-81.396519, 28.436462], [-81.396369, 28.436393], [-81.396338, 28.436288], [-81.396375, 28.436093], [-81.396424, 28.436006], [-81.396535, 28.435905], [-81.397063, 28.435526], [-81.397248, 28.435304], [-81.397441, 28.435005], [-81.397799, 28.434646], [-81.397959, 28.434569], [-81.398249, 28.434493], [-81.398568, 28.434457], [-81.399123, 28.434462], [-81.39941, 28.434381], [-81.399604, 28.434265], [-81.39991, 28.43402], [-81.400275, 28.433629], [-81.400367, 28.433505], [-81.40089, 28.433511], [-81.401425, 28.433413], [-81.401788, 28.433375], [-81.40193, 28.43342], [-81.402144, 28.433431], [-81.402859, 28.433301], [-81.403209, 28.433272], [-81.40343, 28.43331], [-81.403782, 28.433444], [-81.40373, 28.433557], [-81.40355, 28.433758], [-81.403453, 28.433913], [-81.403439, 28.433981], [-81.403485, 28.434033], [-81.403798, 28.434054], [-81.40411, 28.434027], [-81.404208, 28.434003], [-81.404242, 28.433978], [-81.404273, 28.433909], [-81.404305, 28.433489], [-81.404737, 28.433365], [-81.405084, 28.433327], [-81.405377, 28.433394], [-81.405601, 28.433556], [-81.405533, 28.43394], [-81.405551, 28.434153], [-81.405637, 28.434404], [-81.405736, 28.434485], [-81.405819, 28.43449], [-81.405891, 28.434457], [-81.405993, 28.434372], [-81.406251, 28.434042], [-81.406357, 28.433802], [-81.406474, 28.433397], [-81.406599, 28.433183], [-81.406801, 28.433139], [-81.407318, 28.433092], [-81.407516, 28.433049], [-81.407712, 28.432935], [-81.407838, 28.432775], [-81.407859, 28.432649], [-81.407821, 28.432493], [-81.407717, 28.432296], [-81.407492, 28.431968], [-81.407419, 28.431798], [-81.407421, 28.431521], [-81.407473, 28.431309], [-81.407733, 28.431263], [-81.408421, 28.431068], [-81.408557, 28.431076], [-81.409019, 28.430981], [-81.409189, 28.43129], [-81.409646, 28.431692], [-81.40974, 28.431722], [-81.409852, 28.43173], [-81.410253, 28.431714], [-81.410515, 28.431624], [-81.410917, 28.431412], [-81.411249, 28.431316], [-81.411392, 28.431212], [-81.411451, 28.430937], [-81.411403, 28.430552], [-81.411413, 28.43041], [-81.411718, 28.430366], [-81.411946, 28.430276], [-81.412126, 28.430144], [-81.412156, 28.430097], [-81.412166, 28.430021], [-81.412077, 28.429864], [-81.411905, 28.42974], [-81.411557, 28.429667], [-81.411456, 28.429668], [-81.41134, 28.429704], [-81.411236, 28.429618], [-81.411127, 28.429622], [-81.409979, 28.430114], [-81.409643, 28.430232], [-81.409469, 28.430112], [-81.409335, 28.430082], [-81.409189, 28.430086], [-81.408987, 28.430115], [-81.407658, 28.430445], [-81.407275, 28.430484], [-81.406715, 28.430439], [-81.406443, 28.430351], [-81.405787, 28.430088], [-81.405495, 28.4299], [-81.405321, 28.42971], [-81.40527, 28.429605], [-81.405287, 28.429454], [-81.405383, 28.4293], [-81.405715, 28.429253], [-81.405795, 28.429221], [-81.405834, 28.429181], [-81.40587, 28.428929], [-81.405857, 28.42844], [-81.406037, 28.428277], [-81.406228, 28.4282], [-81.406582, 28.428183], [-81.40723, 28.428234], [-81.407349, 28.428204], [-81.407485, 28.428097], [-81.407548, 28.428015], [-81.407594, 28.427857], [-81.407572, 28.427471], [-81.407592, 28.427119], [-81.407557, 28.42672], [-81.407457, 28.42643], [-81.407358, 28.426276], [-81.407302, 28.426225], [-81.407095, 28.426158], [-81.406594, 28.426155], [-81.40652, 28.426129], [-81.406444, 28.426066], [-81.406438, 28.425958], [-81.40657, 28.425661], [-81.406619, 28.425463], [-81.406623, 28.425231], [-81.40659, 28.425007], [-81.406529, 28.424783], [-81.406358, 28.424412], [-81.406262, 28.424261], [-81.405993, 28.423997], [-81.405806, 28.423881], [-81.405614, 28.42381], [-81.405141, 28.423698], [-81.404933, 28.423611], [-81.404626, 28.423555], [-81.404246, 28.423572], [-81.404043, 28.423604], [-81.403826, 28.423713], [-81.403628, 28.42388], [-81.403548, 28.424004], [-81.403496, 28.424187], [-81.403485, 28.424444], [-81.403528, 28.424641], [-81.403592, 28.424767], [-81.403764, 28.424936], [-81.404306, 28.425341], [-81.404517, 28.425602], [-81.404582, 28.425797], [-81.404623, 28.426072], [-81.404575, 28.426434], [-81.404589, 28.426564], [-81.404221, 28.426942], [-81.403972, 28.427275], [-81.403898, 28.427457], [-81.403778, 28.428116], [-81.40366, 28.428297], [-81.403548, 28.428349], [-81.403401, 28.428368], [-81.40294, 28.42836], [-81.402527, 28.428408], [-81.40133, 28.428759], [-81.401065, 28.428778], [-81.400697, 28.4287], [-81.400147, 28.428409], [-81.39981, 28.428297], [-81.399404, 28.428013], [-81.399253, 28.427938], [-81.399087, 28.427895], [-81.39895, 28.427885], [-81.398862, 28.427902], [-81.398729, 28.427967], [-81.398379, 28.427954], [-81.397999, 28.427999], [-81.397934, 28.428036], [-81.397803, 28.42817], [-81.397756, 28.428319], [-81.397356, 28.428385], [-81.396754, 28.428418], [-81.396273, 28.428389], [-81.395766, 28.428307], [-81.395145, 28.428133], [-81.394451, 28.427847], [-81.393154, 28.427202], [-81.392923, 28.427165], [-81.392896, 28.427029], [-81.392899, 28.426922], [-81.393278, 28.426832], [-81.393327, 28.426804], [-81.393361, 28.426738], [-81.393361, 28.426113], [-81.393312, 28.425416], [-81.393282, 28.425258], [-81.393209, 28.425193], [-81.392985, 28.425162], [-81.392742, 28.425183], [-81.392617, 28.425226], [-81.392574, 28.42528], [-81.392553, 28.425411], [-81.392543, 28.42608], [-81.392475, 28.426678], [-81.391873, 28.426468], [-81.391528, 28.426291], [-81.391404, 28.426258], [-81.391169, 28.425661], [-81.391144, 28.42545], [-81.391219, 28.42511], [-81.391442, 28.424721], [-81.391552, 28.424434], [-81.391579, 28.423643], [-81.391542, 28.423221], [-81.39141, 28.422493], [-81.391235, 28.422102], [-81.391113, 28.421918], [-81.391013, 28.421826], [-81.390857, 28.42175], [-81.390774, 28.421741], [-81.390648, 28.421767], [-81.390571, 28.421804], [-81.39035, 28.421987], [-81.390112, 28.422221], [-81.389651, 28.422841], [-81.389514, 28.423163], [-81.389498, 28.423472], [-81.389597, 28.423792], [-81.389785, 28.424086], [-81.390284, 28.424742], [-81.390482, 28.425084], [-81.39063, 28.425472], [-81.390675, 28.425919], [-81.390585, 28.426577], [-81.39046, 28.426958], [-81.390271, 28.427396], [-81.390159, 28.427546], [-81.389892, 28.427824], [-81.389619, 28.428029], [-81.389486, 28.428157], [-81.389421, 28.428289], [-81.389427, 28.428425], [-81.389506, 28.428489], [-81.389619, 28.428499], [-81.390054, 28.42838], [-81.390313, 28.428358], [-81.390827, 28.428458], [-81.391069, 28.42842], [-81.391418, 28.428301], [-81.391744, 28.42822], [-81.39213, 28.428206], [-81.392587, 28.428248], [-81.393037, 28.428355], [-81.393376, 28.428533], [-81.393656, 28.428799], [-81.393745, 28.429068], [-81.393818, 28.429173], [-81.39369, 28.429356], [-81.393678, 28.429434], [-81.393692, 28.429512], [-81.39375, 28.429581], [-81.393968, 28.429746], [-81.394177, 28.42985], [-81.394436, 28.429898], [-81.394581, 28.429895], [-81.394699, 28.42987], [-81.394764, 28.429827], [-81.394839, 28.429726], [-81.394886, 28.429638], [-81.394913, 28.429527], [-81.395165, 28.429184], [-81.395275, 28.429065], [-81.395535, 28.428892], [-81.395686, 28.428841], [-81.395986, 28.428829], [-81.396123, 28.428849], [-81.396312, 28.428903], [-81.396767, 28.429111], [-81.396991, 28.429161], [-81.397198, 28.429182], [-81.39749, 28.42912], [-81.397912, 28.428897], [-81.398158, 28.428857], [-81.398455, 28.428856], [-81.398603, 28.428827], [-81.398762, 28.428914], [-81.398932, 28.428934], [-81.399285, 28.428922], [-81.399386, 28.428901], [-81.399501, 28.428851], [-81.400036, 28.429137], [-81.400272, 28.429293], [-81.399892, 28.430059], [-81.39967, 28.430378], [-81.399423, 28.430659], [-81.399221, 28.430531], [-81.399032, 28.430487], [-81.39691, 28.430521], [-81.396763, 28.430547], [-81.396569, 28.430711], [-81.396455, 28.430758], [-81.39502, 28.430771], [-81.394402, 28.430797], [-81.394226, 28.430821], [-81.394172, 28.430867], [-81.394151, 28.431006], [-81.394226, 28.431887], [-81.39426, 28.43204], [-81.394317, 28.432099], [-81.394457, 28.432145], [-81.39488, 28.43216], [-81.395169, 28.432147], [-81.395497, 28.432082], [-81.396035, 28.432055], [-81.396378, 28.432127], [-81.396605, 28.432259], [-81.396556, 28.432338], [-81.396553, 28.4324], [-81.396656, 28.432579], [-81.397163, 28.43299], [-81.397228, 28.433074], [-81.397246, 28.433142], [-81.397214, 28.433389], [-81.397056, 28.433803], [-81.396982, 28.434479], [-81.396801, 28.434969], [-81.396649, 28.435232], [-81.396517, 28.435343], [-81.396409, 28.435386], [-81.395993, 28.43546], [-81.394769, 28.43543], [-81.394428, 28.435515], [-81.394192, 28.435638], [-81.393972, 28.435848], [-81.393921, 28.435964], [-81.393968, 28.436053], [-81.394199, 28.436238], [-81.394302, 28.43636], [-81.394454, 28.436739], [-81.394287, 28.437064], [-81.393915, 28.437565], [-81.393411, 28.438399], [-81.39324, 28.438623], [-81.39312, 28.43874], [-81.392866, 28.438894], [-81.392572, 28.438974], [-81.392303, 28.43898], [-81.391807, 28.438925], [-81.39158, 28.438923], [-81.391468, 28.438965], [-81.391414, 28.439017], [-81.391382, 28.439079], [-81.391399, 28.439182], [-81.391499, 28.439342], [-81.39154, 28.43946], [-81.391562, 28.439871], [-81.391588, 28.439994], [-81.391791, 28.440287], [-81.39189, 28.440567], [-81.391852, 28.440938], [-81.391774, 28.441139], [-81.391631, 28.441347], [-81.391316, 28.441627], [-81.391274, 28.441704], [-81.391339, 28.441929], [-81.391504, 28.442245], [-81.391572, 28.442593], [-81.391614, 28.442685], [-81.391683, 28.442732], [-81.391778, 28.442748], [-81.392528, 28.442711], [-81.392768, 28.44263], [-81.392836, 28.442575], [-81.392867, 28.442526], [-81.392886, 28.442402], [-81.392852, 28.442222], [-81.392804, 28.442137], [-81.392717, 28.442045], [-81.392492, 28.441907], [-81.392041, 28.441789], [-81.391946, 28.441733], [-81.391934, 28.441707], [-81.391951, 28.441655], [-81.39208, 28.441549], [-81.39232, 28.441508], [-81.392605, 28.44154], [-81.392777, 28.441607], [-81.393096, 28.441796], [-81.393203, 28.44182], [-81.393413, 28.44178], [-81.393549, 28.441679], [-81.393646, 28.441638], [-81.393721, 28.441584], [-81.39399, 28.441322], [-81.394163, 28.441091], [-81.394273, 28.440841], [-81.394463, 28.440545], [-81.394528, 28.440359], [-81.394621, 28.43996], [-81.394777, 28.439622], [-81.394892, 28.439436], [-81.394924, 28.43932], [-81.395143, 28.439152], [-81.395461, 28.438828], [-81.395812, 28.438371], [-81.39585, 28.438266], [-81.395839, 28.438199], [-81.395759, 28.438144], [-81.395562, 28.438139], [-81.395376, 28.438187], [-81.394913, 28.438365], [-81.394741, 28.438413], [-81.394617, 28.438423], [-81.394452, 28.438371], [-81.394479, 28.438256], [-81.394578, 28.438108], [-81.395192, 28.437509], [-81.3953, 28.437336], [-81.39548, 28.437188], [-81.395649, 28.437128], [-81.396223, 28.437117], [-81.396313, 28.437144], [-81.39637, 28.437445], [-81.396424, 28.438535], [-81.396445, 28.438629], [-81.396564, 28.438714], [-81.397155, 28.438964], [-81.397317, 28.439081], [-81.397086, 28.43936], [-81.396399, 28.440081], [-81.396327, 28.440208], [-81.396279, 28.440382], [-81.39628, 28.440491], [-81.39631, 28.440555], [-81.396429, 28.440624], [-81.396647, 28.440644], [-81.397408, 28.440639], [-81.398402, 28.440595], [-81.398561, 28.440604], [-81.39852, 28.440714], [-81.398403, 28.440875], [-81.398159, 28.441127], [-81.397844, 28.441328], [-81.397545, 28.441446], [-81.397412, 28.441449], [-81.397284, 28.441399], [-81.397197, 28.441317], [-81.397107, 28.441119], [-81.397006, 28.440999], [-81.396821, 28.440872], [-81.39664, 28.440832], [-81.396508, 28.440855], [-81.396417, 28.440896], [-81.395985, 28.441261], [-81.395893, 28.441292], [-81.395689, 28.441301], [-81.395535, 28.44133], [-81.395346, 28.441446], [-81.395216, 28.441589], [-81.395141, 28.441722], [-81.394935, 28.442279], [-81.394898, 28.44249], [-81.394904, 28.442707], [-81.394941, 28.442902], [-81.395133, 28.443412], [-81.395135, 28.443595], [-81.395072, 28.44379], [-81.395008, 28.443844], [-81.394921, 28.443877], [-81.394634, 28.443913], [-81.394504, 28.443949], [-81.394164, 28.444232], [-81.393982, 28.444328], [-81.393827, 28.444357], [-81.393458, 28.444322], [-81.393209, 28.444397], [-81.393059, 28.444523], [-81.392986, 28.444666], [-81.392985, 28.44483], [-81.39307, 28.44503], [-81.392899, 28.445311], [-81.392547, 28.445651], [-81.392172, 28.445904], [-81.391872, 28.446153], [-81.391473, 28.445953], [-81.391174, 28.445888], [-81.391247, 28.445597], [-81.39156, 28.444792], [-81.392049, 28.443751], [-81.392047, 28.443673], [-81.391981, 28.443631], [-81.391812, 28.443623], [-81.39106, 28.443657], [-81.390428, 28.443645], [-81.39035, 28.443661], [-81.390301, 28.443714], [-81.3903, 28.445536], [-81.390354, 28.446285], [-81.390375, 28.446335], [-81.390415, 28.446367], [-81.390609, 28.44643], [-81.390917, 28.446469], [-81.391073, 28.446461], [-81.391229, 28.446534], [-81.391665, 28.446875], [-81.391821, 28.446947], [-81.391831, 28.447052], [-81.391776, 28.447468], [-81.391797, 28.447699], [-81.391852, 28.447795], [-81.391959, 28.447851], [-81.392128, 28.44788], [-81.39262, 28.447805], [-81.392717, 28.447809], [-81.392842, 28.44795], [-81.393273, 28.448344], [-81.393388, 28.44854], [-81.393414, 28.448722], [-81.393374, 28.448781], [-81.393265, 28.448818], [-81.392565, 28.448845], [-81.392442, 28.448891], [-81.392242, 28.449022], [-81.391949, 28.449028], [-81.391671, 28.448985], [-81.391208, 28.448885], [-81.391007, 28.448869], [-81.390857, 28.448885], [-81.390719, 28.448985], [-81.390595, 28.449168], [-81.390551, 28.449347], [-81.390556, 28.449602], [-81.39052, 28.449703], [-81.38981, 28.449346], [-81.389457, 28.449267], [-81.389247, 28.449257], [-81.389051, 28.449355], [-81.388494, 28.449822], [-81.388261, 28.44995], [-81.387515, 28.450434], [-81.387263, 28.450566], [-81.387188, 28.450634], [-81.387184, 28.450721], [-81.387243, 28.45077], [-81.387288, 28.450784], [-81.387557, 28.450778], [-81.387775, 28.450726], [-81.388427, 28.450443], [-81.388852, 28.450165], [-81.389078, 28.450087], [-81.389276, 28.450088], [-81.389361, 28.450134], [-81.389486, 28.450235], [-81.389572, 28.450358], [-81.389604, 28.450454], [-81.389639, 28.450701], [-81.389623, 28.450921], [-81.389482, 28.451264], [-81.389228, 28.45157], [-81.389158, 28.451683], [-81.38909, 28.45193], [-81.38909, 28.452101], [-81.38907, 28.452201], [-81.388912, 28.452413], [-81.38887, 28.452502], [-81.38877, 28.452568], [-81.387546, 28.452437], [-81.386781, 28.452438], [-81.386239, 28.452471], [-81.386167, 28.452532], [-81.386138, 28.452633], [-81.38615, 28.453238], [-81.386135, 28.453668], [-81.386054, 28.453902], [-81.385942, 28.454056], [-81.385698, 28.454208], [-81.385406, 28.454285], [-81.385153, 28.4543], [-81.384739, 28.454288], [-81.384454, 28.454238], [-81.384636, 28.453885], [-81.384721, 28.453645], [-81.384771, 28.453381], [-81.384775, 28.453269], [-81.384753, 28.453164], [-81.384606, 28.452946], [-81.384516, 28.452898], [-81.384391, 28.452881], [-81.384273, 28.452892], [-81.384171, 28.452938], [-81.383997, 28.453056], [-81.383863, 28.453197], [-81.383749, 28.453378], [-81.383707, 28.453487], [-81.383608, 28.453553], [-81.382827, 28.453586], [-81.381797, 28.453668], [-81.381498, 28.453676], [-81.381314, 28.45366], [-81.381274, 28.453335], [-81.38134, 28.453108], [-81.381678, 28.45308], [-81.381949, 28.453022], [-81.38204, 28.452973], [-81.382091, 28.452919], [-81.382099, 28.452811], [-81.382007, 28.452696], [-81.381877, 28.452611], [-81.381727, 28.452571], [-81.381553, 28.452553], [-81.381422, 28.452558], [-81.38123, 28.4526], [-81.380991, 28.452733], [-81.380774, 28.452717], [-81.380431, 28.452806], [-81.379825, 28.4531], [-81.379573, 28.453288], [-81.379462, 28.453402], [-81.379378, 28.453538], [-81.379319, 28.453723], [-81.379136, 28.453924], [-81.378995, 28.454489], [-81.378951, 28.454594], [-81.378894, 28.454647], [-81.378688, 28.454741], [-81.378589, 28.454816], [-81.378444, 28.455062], [-81.378345, 28.45514], [-81.378148, 28.455194], [-81.37779, 28.455198], [-81.377013, 28.455118], [-81.376651, 28.45513], [-81.376444, 28.455162], [-81.376296, 28.455208], [-81.376092, 28.455297], [-81.375893, 28.455414], [-81.375852, 28.455548], [-81.375848, 28.456941], [-81.375623, 28.456677], [-81.375407, 28.456159], [-81.375311, 28.455996], [-81.375174, 28.45587], [-81.375002, 28.455822], [-81.37478, 28.455923], [-81.374243, 28.456273], [-81.373932, 28.456523], [-81.373673, 28.456774], [-81.373559, 28.456844], [-81.373416, 28.456894], [-81.373292, 28.456895], [-81.373178, 28.456831], [-81.373099, 28.45673], [-81.37298, 28.456492], [-81.37291, 28.456422], [-81.37277, 28.456335], [-81.372694, 28.456315], [-81.372585, 28.456322], [-81.372504, 28.456356], [-81.372405, 28.45643], [-81.372305, 28.45661], [-81.372285, 28.456858], [-81.372352, 28.457057], [-81.372596, 28.457402], [-81.37266, 28.457677], [-81.372687, 28.458003], [-81.372749, 28.458182], [-81.37262, 28.458396], [-81.372607, 28.458487], [-81.372626, 28.45861], [-81.372675, 28.458689], [-81.372804, 28.458794], [-81.373015, 28.45887], [-81.373179, 28.458876], [-81.373471, 28.458789], [-81.373669, 28.458662], [-81.373922, 28.458402], [-81.374237, 28.458217], [-81.374353, 28.458184], [-81.374497, 28.45817], [-81.37459, 28.458179], [-81.374699, 28.458222], [-81.375002, 28.458402], [-81.375274, 28.45853], [-81.37555, 28.458618], [-81.375895, 28.458637], [-81.375935, 28.463777], [-81.375509, 28.463657], [-81.375003, 28.463494], [-81.374776, 28.463434], [-81.374515, 28.463402], [-81.374405, 28.463424], [-81.374301, 28.463494], [-81.373675, 28.46341], [-81.372775, 28.463128], [-81.372352, 28.462952], [-81.372106, 28.4629], [-81.371954, 28.462736], [-81.371891, 28.462694], [-81.371764, 28.462666], [-81.371608, 28.46268], [-81.370094, 28.461796], [-81.369949, 28.461673], [-81.369817, 28.46153], [-81.369712, 28.461314], [-81.369745, 28.460835], [-81.369677, 28.46059], [-81.3696, 28.46047], [-81.369497, 28.460389], [-81.369422, 28.460359], [-81.368962, 28.46032], [-81.368837, 28.460287], [-81.368719, 28.460221], [-81.368249, 28.459788], [-81.36779, 28.459184], [-81.367697, 28.459114], [-81.367608, 28.459094], [-81.367517, 28.459113], [-81.367443, 28.459166], [-81.367375, 28.45934], [-81.367384, 28.459676], [-81.36744, 28.460016], [-81.367491, 28.460147], [-81.367453, 28.460308], [-81.367479, 28.460667], [-81.36762, 28.461697], [-81.367908, 28.463313], [-81.367987, 28.463651], [-81.368065, 28.463868], [-81.36825, 28.464128], [-81.368325, 28.464157], [-81.368403, 28.464133], [-81.368455, 28.464081], [-81.368483, 28.464009], [-81.3686, 28.463372], [-81.368702, 28.463187], [-81.368849, 28.463073], [-81.369008, 28.46303], [-81.369213, 28.463076], [-81.369415, 28.463194], [-81.369657, 28.463401], [-81.36998, 28.463735], [-81.370028, 28.463817], [-81.370097, 28.46403], [-81.370127, 28.464169], [-81.370097, 28.464307], [-81.369755, 28.464695], [-81.369695, 28.464869], [-81.36971, 28.464946], [-81.369758, 28.465002], [-81.369975, 28.46512], [-81.370018, 28.465162], [-81.370052, 28.465268], [-81.370015, 28.46537], [-81.369649, 28.465281], [-81.369258, 28.465268], [-81.369023, 28.465331], [-81.368793, 28.465503], [-81.368596, 28.465539], [-81.36836, 28.465538], [-81.368248, 28.4655], [-81.368173, 28.465421], [-81.368067, 28.46509], [-81.36793, 28.464496], [-81.367694, 28.463633], [-81.367425, 28.462302], [-81.367223, 28.460975], [-81.367073, 28.458463], [-81.36709, 28.458185], [-81.367204, 28.458221], [-81.367311, 28.458304], [-81.36749, 28.458568], [-81.367656, 28.458731], [-81.367745, 28.458763], [-81.367807, 28.458766], [-81.367978, 28.4587], [-81.368269, 28.458429], [-81.369076, 28.457569], [-81.36932, 28.457277], [-81.369572, 28.456928], [-81.369749, 28.456589], [-81.369886, 28.456263], [-81.370053, 28.455531], [-81.370176, 28.455369], [-81.370303, 28.455295], [-81.370511, 28.455279], [-81.371055, 28.455419], [-81.371408, 28.455457], [-81.371608, 28.455412], [-81.371724, 28.455361], [-81.371836, 28.45537], [-81.371948, 28.455348], [-81.372184, 28.455221], [-81.373117, 28.454362], [-81.37367, 28.453786], [-81.374437, 28.453165], [-81.374526, 28.453124], [-81.374615, 28.453119], [-81.374775, 28.453162], [-81.375003, 28.453265], [-81.375589, 28.453895], [-81.375835, 28.454023], [-81.376106, 28.454063], [-81.37642, 28.454039], [-81.37686, 28.453891], [-81.377186, 28.453705], [-81.377471, 28.453516], [-81.377561, 28.453431], [-81.377649, 28.45328], [-81.378615, 28.453155], [-81.378954, 28.453088], [-81.379117, 28.453033], [-81.379262, 28.452919], [-81.379381, 28.452664], [-81.379695, 28.452338], [-81.37977, 28.452224], [-81.380078, 28.452198], [-81.381022, 28.451945], [-81.381343, 28.451877], [-81.381999, 28.451671], [-81.382183, 28.451588], [-81.382283, 28.45151], [-81.382367, 28.451311], [-81.38237, 28.451073], [-81.382271, 28.450884], [-81.381961, 28.450621], [-81.381902, 28.450534], [-81.381896, 28.450394], [-81.381997, 28.450153], [-81.382029, 28.45001], [-81.381999, 28.449899], [-81.381893, 28.449778], [-81.381964, 28.449685], [-81.381987, 28.449607], [-81.38198, 28.44949], [-81.381923, 28.449362], [-81.38185, 28.449268], [-81.381593, 28.44905], [-81.381342, 28.448697], [-81.381212, 28.448586], [-81.381092, 28.448536], [-81.381007, 28.44854], [-81.380918, 28.448616], [-81.380882, 28.448724], [-81.380883, 28.44884], [-81.380938, 28.448983], [-81.381197, 28.449316], [-81.38123, 28.449423], [-81.381229, 28.449516], [-81.381192, 28.449611], [-81.38113, 28.449684], [-81.380994, 28.449767], [-81.38085, 28.449808], [-81.380762, 28.44981], [-81.38064, 28.44978], [-81.380512, 28.449707], [-81.380446, 28.44964], [-81.380388, 28.449453], [-81.380432, 28.448948], [-81.380352, 28.448796], [-81.380222, 28.448733], [-81.379966, 28.448722], [-81.37962, 28.448761], [-81.378746, 28.449029], [-81.378438, 28.449086], [-81.37794, 28.449127], [-81.377751, 28.449103], [-81.377507, 28.449044], [-81.37727, 28.44888], [-81.376421, 28.448385], [-81.375803, 28.447896], [-81.37547, 28.447545], [-81.375334, 28.447297], [-81.37528, 28.447053], [-81.37527, 28.446885], [-81.375329, 28.446124], [-81.375419, 28.445665], [-81.375457, 28.445207], [-81.375567, 28.444536], [-81.375673, 28.444032], [-81.375715, 28.443471], [-81.375665, 28.443047], [-81.375567, 28.44277], [-81.375443, 28.442551], [-81.375003, 28.442022], [-81.3746, 28.441599], [-81.374209, 28.44109], [-81.374036, 28.440668], [-81.373905, 28.440228], [-81.373887, 28.440104], [-81.373945, 28.439536], [-81.374031, 28.439225], [-81.374152, 28.438932], [-81.374441, 28.438448], [-81.374677, 28.438124], [-81.375003, 28.437726], [-81.375774, 28.437219], [-81.376208, 28.436963], [-81.376538, 28.436841], [-81.37703, 28.436713], [-81.377184, 28.436709], [-81.377505, 28.436648], [-81.377786, 28.436515], [-81.377902, 28.436384], [-81.377996, 28.43633], [-81.378086, 28.436242], [-81.378267, 28.436002], [-81.378449, 28.435716], [-81.378554, 28.435595], [-81.378813, 28.435425], [-81.379085, 28.435292], [-81.379282, 28.435146], [-81.379457, 28.434655], [-81.379586, 28.434507], [-81.379713, 28.43444], [-81.379873, 28.434414], [-81.379969, 28.434425], [-81.380313, 28.434534], [-81.380376, 28.434524], [-81.380407, 28.434496], [-81.380445, 28.434361], [-81.380482, 28.433995], [-81.380549, 28.433807], [-81.380807, 28.433698], [-81.381095, 28.433661], [-81.381324, 28.433708], [-81.381684, 28.433906], [-81.381836, 28.433965], [-81.381973, 28.433974], [-81.382116, 28.433927], [-81.382285, 28.433776], [-81.382383, 28.433542], [-81.382411, 28.43327], [-81.382379, 28.432942], [-81.382396, 28.432773], [-81.382505, 28.432731], [-81.382633, 28.432547], [-81.382874, 28.431673], [-81.382985, 28.431458], [-81.383339, 28.431114], [-81.38387, 28.430857], [-81.384093, 28.431021], [-81.384349, 28.431273], [-81.384434, 28.431374], [-81.384497, 28.431519], [-81.384509, 28.431637], [-81.384487, 28.43179], [-81.384313, 28.43231], [-81.384219, 28.432714], [-81.384195, 28.432951], [-81.384204, 28.433492], [-81.384276, 28.43387], [-81.384534, 28.434311], [-81.384712, 28.434743], [-81.384825, 28.435112], [-81.385008, 28.435843], [-81.385086, 28.436174], [-81.385337, 28.436857], [-81.38541, 28.437258], [-81.385627, 28.438161], [-81.385702, 28.438282], [-81.385813, 28.438401], [-81.386173, 28.438606], [-81.386342, 28.438743], [-81.386519, 28.438975], [-81.386577, 28.43918], [-81.386552, 28.439487], [-81.38646, 28.439676], [-81.386333, 28.439765], [-81.385944, 28.439834], [-81.385836, 28.439886], [-81.385651, 28.440057], [-81.385617, 28.440152], [-81.38563, 28.440231], [-81.385684, 28.440301], [-81.385793, 28.44039], [-81.386055, 28.440488], [-81.386806, 28.440552], [-81.386905, 28.440574], [-81.386967, 28.440653], [-81.386963, 28.440802], [-81.386799, 28.44118], [-81.386595, 28.441433], [-81.386308, 28.44169], [-81.385809, 28.442042], [-81.385635, 28.44224], [-81.385582, 28.442393], [-81.385605, 28.442818], [-81.385552, 28.443084], [-81.385383, 28.443437], [-81.385105, 28.44385], [-81.384895, 28.444362], [-81.384742, 28.444642], [-81.38454, 28.44486], [-81.384269, 28.445058], [-81.383222, 28.445546], [-81.383167, 28.445319], [-81.383124, 28.445257], [-81.383092, 28.445243], [-81.382592, 28.445217], [-81.382194, 28.445093], [-81.381776, 28.445146], [-81.381775, 28.445053], [-81.381872, 28.444922], [-81.38217, 28.444712], [-81.382434, 28.444576], [-81.382482, 28.444522], [-81.382503, 28.44445], [-81.382478, 28.444345], [-81.382385, 28.444242], [-81.382285, 28.444187], [-81.381886, 28.444047], [-81.381793, 28.443978], [-81.381758, 28.443919], [-81.381762, 28.44379], [-81.381962, 28.443345], [-81.382051, 28.443017], [-81.382045, 28.442859], [-81.382007, 28.442725], [-81.381946, 28.44259], [-81.381837, 28.442442], [-81.381693, 28.442283], [-81.381541, 28.442151], [-81.381427, 28.442073], [-81.381354, 28.442049], [-81.381273, 28.442067], [-81.380979, 28.442231], [-81.380814, 28.442267], [-81.380649, 28.442261], [-81.380346, 28.442163], [-81.380123, 28.442043], [-81.379667, 28.441749], [-81.378984, 28.441347], [-81.378726, 28.441123], [-81.378454, 28.440779], [-81.378304, 28.440727], [-81.378234, 28.440741], [-81.378107, 28.44087], [-81.378085, 28.440975], [-81.378083, 28.441146], [-81.37811, 28.44134], [-81.378167, 28.441539], [-81.378336, 28.441905], [-81.378537, 28.442153], [-81.378836, 28.442385], [-81.379139, 28.442549], [-81.379536, 28.442731], [-81.379682, 28.442829], [-81.379817, 28.442977], [-81.37989, 28.443214], [-81.379869, 28.443368], [-81.37973, 28.443814], [-81.379724, 28.444114], [-81.379756, 28.444478], [-81.379684, 28.444804], [-81.379405, 28.445291], [-81.379228, 28.445492], [-81.378965, 28.445741], [-81.378836, 28.445913], [-81.378646, 28.446341], [-81.378626, 28.446662], [-81.378658, 28.446803], [-81.378743, 28.446987], [-81.378907, 28.447167], [-81.379017, 28.447246], [-81.379269, 28.447291], [-81.379427, 28.447259], [-81.379488, 28.447223], [-81.379536, 28.447163], [-81.379613, 28.446869], [-81.379688, 28.446712], [-81.379992, 28.44638], [-81.380204, 28.446228], [-81.380383, 28.446146], [-81.381003, 28.445983], [-81.381051, 28.446314], [-81.381079, 28.446721], [-81.381112, 28.446835], [-81.381157, 28.446898], [-81.381252, 28.446941], [-81.381431, 28.446971], [-81.382141, 28.44698], [-81.382347, 28.447], [-81.382331, 28.447338], [-81.38239, 28.447453], [-81.382463, 28.447491], [-81.382524, 28.447498], [-81.382845, 28.447442], [-81.383348, 28.447719], [-81.383542, 28.447885], [-81.383622, 28.448095], [-81.383663, 28.448155], [-81.383773, 28.448253], [-81.383971, 28.44835], [-81.384525, 28.448403], [-81.384963, 28.448305], [-81.385059, 28.448345], [-81.385329, 28.448409], [-81.385822, 28.448705], [-81.385954, 28.448737], [-81.386077, 28.448729], [-81.386242, 28.448636], [-81.386347, 28.448489], [-81.386438, 28.448177], [-81.386452, 28.448026], [-81.386439, 28.447932], [-81.386373, 28.447718], [-81.38632, 28.447629], [-81.386203, 28.447523], [-81.385988, 28.447383], [-81.385688, 28.447281], [-81.384783, 28.447095], [-81.384643, 28.447023], [-81.384458, 28.446827], [-81.384397, 28.446671], [-81.384383, 28.446538], [-81.384402, 28.446402], [-81.384496, 28.446237], [-81.384652, 28.446113], [-81.384804, 28.446061], [-81.384921, 28.446049], [-81.385159, 28.446084], [-81.385478, 28.446282], [-81.385653, 28.446497], [-81.385798, 28.446644], [-81.385935, 28.446703], [-81.386035, 28.446689], [-81.386222, 28.44656], [-81.386332, 28.446373], [-81.386491, 28.445751], [-81.386589, 28.445554], [-81.386822, 28.445291], [-81.387105, 28.445026], [-81.387183, 28.444923], [-81.387241, 28.444784], [-81.387287, 28.444534], [-81.387348, 28.444437], [-81.387459, 28.444392], [-81.38763, 28.444405], [-81.388108, 28.444669], [-81.388346, 28.44473], [-81.388459, 28.444732], [-81.38854, 28.444712], [-81.388619, 28.444643], [-81.388648, 28.444575], [-81.388585, 28.444366], [-81.388447, 28.444203], [-81.387796, 28.443959], [-81.387568, 28.443823], [-81.387433, 28.443703], [-81.38726, 28.443476], [-81.387065, 28.442953], [-81.387005, 28.442896], [-81.386726, 28.442749], [-81.386671, 28.442697], [-81.386639, 28.442629], [-81.386637, 28.442484], [-81.386724, 28.442356], [-81.386929, 28.442182], [-81.387241, 28.441976], [-81.387423, 28.441798], [-81.387474, 28.441587], [-81.387426, 28.441258], [-81.387472, 28.441168], [-81.387606, 28.441083], [-81.38779, 28.441071], [-81.387865, 28.441093], [-81.388262, 28.441291], [-81.388326, 28.441304], [-81.388415, 28.441293], [-81.388494, 28.441233], [-81.388523, 28.441154], [-81.388556, 28.440683], [-81.388488, 28.440165], [-81.388334, 28.439781], [-81.388137, 28.439534], [-81.387407, 28.438926], [-81.387246, 28.438713], [-81.38721, 28.438574], [-81.387244, 28.438294], [-81.387241, 28.438032], [-81.387213, 28.437918], [-81.387154, 28.437792], [-81.38692, 28.437524], [-81.386186, 28.436928], [-81.386127, 28.436844], [-81.386103, 28.436771], [-81.386315, 28.436711], [-81.386375, 28.436669], [-81.386394, 28.436536], [-81.386359, 28.436411], [-81.386254, 28.436363], [-81.38583, 28.43637], [-81.38568, 28.436352], [-81.385639, 28.436221], [-81.385475, 28.43587], [-81.385357, 28.435513], [-81.385361, 28.435361], [-81.385236, 28.434015], [-81.385113, 28.433257], [-81.385079, 28.432363], [-81.385128, 28.432143], [-81.385263, 28.431955], [-81.385426, 28.431856], [-81.385712, 28.431808], [-81.386111, 28.432139], [-81.386141, 28.432268], [-81.386327, 28.432571], [-81.386416, 28.432667], [-81.386558, 28.432779], [-81.386558, 28.432942], [-81.38662, 28.433105], [-81.386764, 28.433281], [-81.386893, 28.433391], [-81.387163, 28.433502], [-81.387432, 28.433557], [-81.387616, 28.433557], [-81.387802, 28.433518], [-81.388138, 28.4334], [-81.388425, 28.433257], [-81.388795, 28.432928], [-81.388917, 28.432771], [-81.38901, 28.432592], [-81.389064, 28.432371], [-81.389062, 28.432108], [-81.388916, 28.431768], [-81.388509, 28.431263], [-81.388261, 28.431073], [-81.387598, 28.430679], [-81.38726, 28.430545], [-81.386783, 28.430491], [-81.386528, 28.430491], [-81.386324, 28.430515], [-81.386216, 28.430539], [-81.386038, 28.430617], [-81.385889, 28.430251], [-81.385853, 28.430079], [-81.385863, 28.429845], [-81.385929, 28.429503], [-81.385908, 28.429224], [-81.385856, 28.429145], [-81.385757, 28.429053], [-81.385305, 28.428764], [-81.385133, 28.42862], [-81.385102, 28.428468], [-81.385138, 28.428125], [-81.385137, 28.427937], [-81.385119, 28.427856], [-81.385031, 28.427662], [-81.384772, 28.427439], [-81.384682, 28.427136], [-81.384657, 28.426827], [-81.384721, 28.425724], [-81.384656, 28.425294], [-81.384715, 28.424991], [-81.384722, 28.424849], [-81.38459, 28.424108], [-81.384585, 28.423963], [-81.384607, 28.423838], [-81.384753, 28.423433], [-81.384906, 28.423238], [-81.385119, 28.423077], [-81.385523, 28.422956], [-81.38579, 28.422822], [-81.385911, 28.422671], [-81.385946, 28.422534], [-81.385938, 28.42246], [-81.385854, 28.422232], [-81.385407, 28.421226], [-81.385205, 28.420984], [-81.384667, 28.420578], [-81.384511, 28.420378], [-81.384415, 28.420044], [-81.384365, 28.41961], [-81.384303, 28.419325], [-81.384136, 28.418892], [-81.383957, 28.418617], [-81.383447, 28.41817], [-81.383229, 28.417886], [-81.383143, 28.417643], [-81.383031, 28.416769], [-81.382892, 28.416338], [-81.382748, 28.416062], [-81.382529, 28.415786], [-81.382207, 28.415311], [-81.381981, 28.414853], [-81.381877, 28.41473], [-81.381868, 28.414575], [-81.38219, 28.413743], [-81.382538, 28.412959], [-81.38263, 28.412709], [-81.382992, 28.411993], [-81.383185, 28.411704], [-81.383372, 28.411508], [-81.383514, 28.411424], [-81.383931, 28.411269], [-81.384121, 28.411127], [-81.384154, 28.411054], [-81.384164, 28.410954], [-81.38412, 28.410697], [-81.384127, 28.410608], [-81.384452, 28.410344], [-81.384637, 28.410609], [-81.384772, 28.410966], [-81.384821, 28.411028], [-81.384869, 28.411053], [-81.385062, 28.411061], [-81.385433, 28.410974], [-81.385656, 28.410894], [-81.385781, 28.410813], [-81.385826, 28.410751], [-81.385831, 28.410673], [-81.38559, 28.410363], [-81.385512, 28.410003], [-81.38542, 28.409921], [-81.385332, 28.409872], [-81.384951, 28.409815], [-81.385026, 28.409507], [-81.385269, 28.409475], [-81.386328, 28.409418], [-81.386398, 28.409539], [-81.386535, 28.40964], [-81.38679, 28.409747], [-81.386924, 28.409769], [-81.387084, 28.409749], [-81.387191, 28.409708], [-81.387509, 28.409431], [-81.38884, 28.409408], [-81.389224, 28.409437], [-81.389271, 28.409462], [-81.389305, 28.409534], [-81.389307, 28.40975], [-81.389286, 28.409845], [-81.388891, 28.40983], [-81.387952, 28.409887], [-81.387264, 28.410026], [-81.387068, 28.410106], [-81.386854, 28.410088], [-81.386671, 28.410099], [-81.386462, 28.410147], [-81.386284, 28.410234], [-81.386139, 28.410381], [-81.38607, 28.41051], [-81.386066, 28.410672], [-81.386144, 28.410832], [-81.386132, 28.411001], [-81.386171, 28.411265], [-81.386213, 28.411377], [-81.386299, 28.4115], [-81.386448, 28.411668], [-81.386599, 28.411793], [-81.387199, 28.412131], [-81.387478, 28.412353], [-81.387558, 28.412465], [-81.387581, 28.412672], [-81.387532, 28.412806], [-81.387451, 28.412882], [-81.38737, 28.412927], [-81.387162, 28.412965], [-81.386783, 28.412958], [-81.386653, 28.41297], [-81.386492, 28.413006], [-81.386382, 28.413064], [-81.386194, 28.413206], [-81.38611, 28.413296], [-81.385985, 28.413645], [-81.385904, 28.414005], [-81.385815, 28.414902], [-81.385825, 28.415461], [-81.385916, 28.416252], [-81.385926, 28.416824], [-81.385877, 28.416967], [-81.38565, 28.417234], [-81.385622, 28.417332], [-81.385642, 28.417395], [-81.385706, 28.417445], [-81.385993, 28.417516], [-81.386082, 28.417571], [-81.386193, 28.417704], [-81.386223, 28.417848], [-81.386174, 28.418019], [-81.385962, 28.41831], [-81.385875, 28.418463], [-81.385849, 28.418568], [-81.385875, 28.41868], [-81.385962, 28.418766], [-81.386109, 28.418826], [-81.386364, 28.418829], [-81.386507, 28.418777], [-81.386726, 28.418603], [-81.386944, 28.418132], [-81.387021, 28.418009], [-81.387175, 28.417878], [-81.387347, 28.417838], [-81.387824, 28.417875], [-81.388273, 28.417975], [-81.388635, 28.418109], [-81.389061, 28.418363], [-81.389429, 28.418481], [-81.389656, 28.418506], [-81.390115, 28.418498], [-81.390494, 28.418515], [-81.390668, 28.418758], [-81.390433, 28.418985], [-81.390327, 28.41924], [-81.39033, 28.419364], [-81.390372, 28.419609], [-81.390465, 28.419887], [-81.390988, 28.420928], [-81.391338, 28.421559], [-81.391522, 28.421761], [-81.391806, 28.421985], [-81.392218, 28.422199], [-81.392574, 28.42228], [-81.392882, 28.422272], [-81.393188, 28.422231], [-81.394231, 28.42197], [-81.39452, 28.421946], [-81.395249, 28.421977], [-81.395583, 28.421926], [-81.395814, 28.421828], [-81.395949, 28.421737], [-81.396092, 28.421595], [-81.396372, 28.421236], [-81.39675, 28.421561], [-81.396919, 28.421637], [-81.397194, 28.421644], [-81.397465, 28.421558], [-81.397625, 28.421531], [-81.397736, 28.421545], [-81.397786, 28.421574], [-81.3979, 28.421698], [-81.398007, 28.421922], [-81.398288, 28.422784], [-81.398114, 28.42307], [-81.397655, 28.423449], [-81.39747, 28.423641], [-81.397426, 28.423763], [-81.39744, 28.423833], [-81.397489, 28.423894], [-81.397635, 28.423978], [-81.397903, 28.424047], [-81.398106, 28.424056], [-81.398281, 28.424027], [-81.39845, 28.423948], [-81.398578, 28.423836], [-81.398661, 28.423703], [-81.398711, 28.423534], [-81.399021, 28.42343], [-81.399254, 28.423407], [-81.399531, 28.423407], [-81.399787, 28.423349], [-81.400007, 28.423223], [-81.400581, 28.42272], [-81.400738, 28.422709], [-81.401005, 28.422655], [-81.401195, 28.42284], [-81.401512, 28.422983], [-81.401933, 28.423028], [-81.402043, 28.423004], [-81.402185, 28.422941], [-81.402273, 28.422818], [-81.402336, 28.422504], [-81.402326, 28.421725], [-81.402339, 28.421632], [-81.402403, 28.421466], [-81.402682, 28.421454], [-81.402871, 28.421402], [-81.403021, 28.421322], [-81.403246, 28.421067], [-81.403339, 28.420857], [-81.40339, 28.420653], [-81.403385, 28.420464], [-81.403347, 28.420357], [-81.403249, 28.420218], [-81.403114, 28.420134], [-81.402993, 28.420132], [-81.40286, 28.420158], [-81.402528, 28.420386], [-81.40233, 28.42012], [-81.402429, 28.419843], [-81.402536, 28.419707], [-81.402688, 28.419591], [-81.403047, 28.419428], [-81.403265, 28.419232], [-81.403298, 28.419132], [-81.403309, 28.41875], [-81.403353, 28.418578], [-81.404103, 28.418813], [-81.404515, 28.418874], [-81.405337, 28.418901], [-81.405889, 28.418817], [-81.406069, 28.418758], [-81.406202, 28.418786], [-81.406536, 28.418781], [-81.406909, 28.418717], [-81.407157, 28.418533], [-81.407359, 28.41831], [-81.407396, 28.418214], [-81.407336, 28.418123], [-81.4069, 28.417783], [-81.406769, 28.417702], [-81.406468, 28.417581], [-81.406358, 28.417501], [-81.406271, 28.417403], [-81.406216, 28.41731], [-81.406196, 28.417237], [-81.406148, 28.416642], [-81.406454, 28.416597], [-81.406822, 28.416484], [-81.40744, 28.416351], [-81.407714, 28.416321], [-81.407939, 28.416343], [-81.408086, 28.41638], [-81.408592, 28.416677], [-81.408689, 28.416717], [-81.408778, 28.416719], [-81.408904, 28.416657], [-81.408973, 28.416564], [-81.408997, 28.416442], [-81.408964, 28.41627], [-81.409101, 28.416156], [-81.409154, 28.416067], [-81.4092, 28.415824], [-81.409194, 28.415523], [-81.409219, 28.415435], [-81.409306, 28.415343], [-81.409568, 28.415203], [-81.409856, 28.414993], [-81.409911, 28.414918], [-81.409945, 28.414799], [-81.409947, 28.414521], [-81.409883, 28.414339], [-81.409599, 28.414065], [-81.409358, 28.413925], [-81.409158, 28.413873], [-81.408965, 28.413854], [-81.408854, 28.413881], [-81.408726, 28.413981], [-81.40867, 28.414107], [-81.408606, 28.414733], [-81.408529, 28.414865], [-81.408409, 28.414914], [-81.40819, 28.414899], [-81.407846, 28.414737], [-81.40753, 28.414542], [-81.406548, 28.413829], [-81.406154, 28.413617], [-81.405846, 28.413523], [-81.40571, 28.413528], [-81.405565, 28.413604], [-81.405379, 28.413811], [-81.405172, 28.414116], [-81.405041, 28.414227], [-81.404791, 28.414361], [-81.404593, 28.414437], [-81.404479, 28.414463], [-81.404356, 28.414456], [-81.404445, 28.414209], [-81.404453, 28.413975], [-81.404432, 28.413879], [-81.404322, 28.413665], [-81.404245, 28.41343], [-81.404273, 28.412883], [-81.404314, 28.412521], [-81.404327, 28.411892], [-81.404297, 28.411553], [-81.40418, 28.411265], [-81.404077, 28.411162], [-81.403937, 28.4111], [-81.403832, 28.411094], [-81.403541, 28.41114], [-81.40335, 28.411213], [-81.403166, 28.411318], [-81.402615, 28.41174], [-81.402554, 28.411651], [-81.402558, 28.411534], [-81.402837, 28.410415], [-81.402858, 28.41006], [-81.402798, 28.409901], [-81.402636, 28.409738], [-81.402518, 28.409686], [-81.40227, 28.409644], [-81.402295, 28.409402], [-81.402611, 28.409364], [-81.402665, 28.409329], [-81.402691, 28.40923], [-81.402687, 28.408885], [-81.402707, 28.408766], [-81.402895, 28.408563], [-81.403386, 28.407655], [-81.403566, 28.407391], [-81.40377, 28.40716], [-81.40413, 28.406867], [-81.405504, 28.40586], [-81.405947, 28.405557], [-81.406841, 28.405005], [-81.406988, 28.404933], [-81.407302, 28.404839], [-81.407583, 28.404839], [-81.408185, 28.405013], [-81.408663, 28.405209], [-81.408948, 28.405243], [-81.408974, 28.405457], [-81.409023, 28.406502], [-81.409038, 28.406591], [-81.409066, 28.406639], [-81.409141, 28.40668], [-81.409238, 28.406695], [-81.410054, 28.406691], [-81.410347, 28.406723], [-81.41028, 28.406918], [-81.410267, 28.407086], [-81.410323, 28.407178], [-81.410451, 28.40728], [-81.410583, 28.407356], [-81.410663, 28.407375], [-81.410979, 28.407375], [-81.41106, 28.40739], [-81.411494, 28.407668], [-81.411789, 28.407727], [-81.411883, 28.407706], [-81.411999, 28.407622], [-81.412065, 28.407532], [-81.41211, 28.40741], [-81.412137, 28.407151], [-81.412067, 28.406704], [-81.412811, 28.406708], [-81.412989, 28.406749], [-81.413059, 28.406838], [-81.413377, 28.407043], [-81.413515, 28.407213], [-81.413573, 28.407418], [-81.413494, 28.407823], [-81.413504, 28.407967], [-81.413536, 28.408038], [-81.41361, 28.40811], [-81.413677, 28.408144], [-81.413764, 28.408156], [-81.413856, 28.408138], [-81.413924, 28.408089], [-81.414037, 28.407721], [-81.414185, 28.407551], [-81.414417, 28.407421], [-81.414914, 28.407276], [-81.415094, 28.407142], [-81.415136, 28.407044], [-81.415073, 28.406734], [-81.415083, 28.406597], [-81.415979, 28.406596], [-81.416534, 28.406547], [-81.416619, 28.406506], [-81.416756, 28.406402], [-81.417045, 28.406125], [-81.417253, 28.405822], [-81.417354, 28.405499], [-81.417395, 28.405042], [-81.417348, 28.404528], [-81.417337, 28.404084], [-81.417394, 28.403737], [-81.417479, 28.403621], [-81.417635, 28.403573], [-81.417987, 28.403543], [-81.418777, 28.4035], [-81.419517, 28.403482], [-81.420099, 28.403537], [-81.420548, 28.403638], [-81.420731, 28.403636], [-81.42114, 28.4035], [-81.421641, 28.403237], [-81.422129, 28.40295], [-81.422562, 28.402671], [-81.422753, 28.402517], [-81.422862, 28.402396], [-81.422961, 28.402351], [-81.423161, 28.402198], [-81.423324, 28.402153], [-81.42393, 28.401872], [-81.424581, 28.401504], [-81.425034, 28.401176], [-81.425175, 28.400997], [-81.425247, 28.400788], [-81.425229, 28.400588], [-81.425004, 28.400021], [-81.424952, 28.399465], [-81.4249, 28.399255], [-81.424839, 28.399124], [-81.424751, 28.399034], [-81.424633, 28.398996], [-81.424538, 28.399018], [-81.424405, 28.399139], [-81.424246, 28.399323], [-81.423945, 28.399796], [-81.423597, 28.400511], [-81.423499, 28.400628], [-81.423411, 28.400688], [-81.423282, 28.400465], [-81.423028, 28.40025], [-81.422854, 28.400184], [-81.422364, 28.400063], [-81.422278, 28.400016], [-81.422222, 28.399963], [-81.422194, 28.3999], [-81.422197, 28.399854], [-81.422316, 28.399624], [-81.422354, 28.399498], [-81.422352, 28.399404], [-81.422324, 28.399289], [-81.42227, 28.399186], [-81.422043, 28.398955], [-81.422019, 28.398911], [-81.422231, 28.398511], [-81.422527, 28.398105], [-81.422629, 28.397859], [-81.422612, 28.397741], [-81.422532, 28.397663], [-81.422431, 28.397626], [-81.422223, 28.397598], [-81.422109, 28.397619], [-81.42199, 28.397733], [-81.421843, 28.398046], [-81.421645, 28.398271], [-81.421357, 28.398158], [-81.421053, 28.398151], [-81.420549, 28.398301], [-81.420098, 28.398557], [-81.419788, 28.398677], [-81.41953, 28.398732], [-81.418883, 28.398772], [-81.418247, 28.398752], [-81.418015, 28.398708], [-81.417632, 28.398547], [-81.417266, 28.398303], [-81.417057, 28.398093], [-81.416972, 28.397916], [-81.416869, 28.397574], [-81.416846, 28.397271], [-81.416856, 28.39713], [-81.416926, 28.396934], [-81.417052, 28.396767], [-81.417229, 28.396656], [-81.417785, 28.39643], [-81.417881, 28.39636], [-81.417957, 28.396268], [-81.418062, 28.396008], [-81.418078, 28.395789], [-81.418027, 28.395586], [-81.417912, 28.395442], [-81.418697, 28.39452], [-81.419057, 28.394154], [-81.419409, 28.393865], [-81.419566, 28.393779], [-81.419658, 28.393769], [-81.419714, 28.393817], [-81.419815, 28.393856], [-81.420156, 28.39388], [-81.420288, 28.394048], [-81.420441, 28.394156], [-81.420555, 28.394183], [-81.420828, 28.394198], [-81.420964, 28.394228], [-81.421745, 28.394542], [-81.422229, 28.394562], [-81.422435, 28.394534], [-81.422603, 28.394488], [-81.422707, 28.39445], [-81.42281, 28.394376], [-81.422862, 28.394312], [-81.422881, 28.394241], [-81.422829, 28.393768], [-81.422836, 28.393242], [-81.422723, 28.393045], [-81.422792, 28.392792], [-81.422797, 28.392536], [-81.4227, 28.391916], [-81.422653, 28.391827], [-81.422525, 28.391719], [-81.422449, 28.391679], [-81.422274, 28.391643], [-81.422042, 28.391645], [-81.421716, 28.391731], [-81.421373, 28.391861], [-81.420876, 28.392099], [-81.420313, 28.392267], [-81.420014, 28.392432], [-81.419784, 28.392644], [-81.419588, 28.392713], [-81.41901, 28.392795], [-81.418712, 28.392952], [-81.418593, 28.392915], [-81.418446, 28.392921], [-81.418176, 28.392956], [-81.417905, 28.39302], [-81.417538, 28.393061], [-81.417443, 28.393096], [-81.417327, 28.393202], [-81.4173, 28.393269], [-81.417306, 28.393314], [-81.417379, 28.393418], [-81.417497, 28.393489], [-81.417723, 28.393549], [-81.417827, 28.39362], [-81.417918, 28.393836], [-81.417931, 28.393945], [-81.417856, 28.394237], [-81.417714, 28.394443], [-81.417509, 28.394663], [-81.417226, 28.394858], [-81.416632, 28.395163], [-81.416226, 28.395303], [-81.415989, 28.395405], [-81.415429, 28.395719], [-81.414863, 28.39609], [-81.414281, 28.396365], [-81.413598, 28.396532], [-81.413468, 28.396519], [-81.413227, 28.39645], [-81.413277, 28.396354], [-81.413485, 28.396071], [-81.413576, 28.395678], [-81.414041, 28.395571], [-81.414229, 28.395487], [-81.414284, 28.395448], [-81.414332, 28.395381], [-81.414358, 28.39522], [-81.414258, 28.395066], [-81.414135, 28.394981], [-81.41362, 28.394872], [-81.413378, 28.394862], [-81.413244, 28.394738], [-81.413125, 28.394695], [-81.412921, 28.394682], [-81.412756, 28.394729], [-81.412641, 28.394692], [-81.412563, 28.394687], [-81.412479, 28.394698], [-81.412402, 28.39474], [-81.412366, 28.394786], [-81.412343, 28.394864], [-81.412367, 28.395245], [-81.412313, 28.395407], [-81.412151, 28.395566], [-81.411835, 28.39579], [-81.411346, 28.396094], [-81.411124, 28.396192], [-81.410838, 28.396238], [-81.410223, 28.39621], [-81.409805, 28.39628], [-81.409562, 28.396284], [-81.4092, 28.396219], [-81.408792, 28.396047], [-81.408817, 28.395949], [-81.408789, 28.39585], [-81.408377, 28.395471], [-81.408252, 28.395317], [-81.408157, 28.395162], [-81.408099, 28.394899], [-81.408162, 28.394592], [-81.408453, 28.394224], [-81.408734, 28.394009], [-81.408979, 28.393904], [-81.409586, 28.393727], [-81.410011, 28.393463], [-81.410134, 28.393321], [-81.410216, 28.393072], [-81.410542, 28.393138], [-81.411351, 28.393233], [-81.411625, 28.393296], [-81.412135, 28.393468], [-81.412703, 28.393772], [-81.413039, 28.393918], [-81.413301, 28.393988], [-81.413508, 28.394013], [-81.414056, 28.393985], [-81.414522, 28.393897], [-81.414676, 28.393819], [-81.414894, 28.39367], [-81.415044, 28.39354], [-81.415111, 28.393442], [-81.415137, 28.393306], [-81.415102, 28.393141], [-81.415046, 28.393059], [-81.414916, 28.39295], [-81.414644, 28.392822], [-81.413943, 28.39257], [-81.413639, 28.392425], [-81.413452, 28.392278], [-81.413274, 28.392022], [-81.413176, 28.391937], [-81.413077, 28.391901], [-81.412769, 28.391852], [-81.412612, 28.391766], [-81.412487, 28.391635], [-81.412368, 28.391368], [-81.412275, 28.391254], [-81.412123, 28.391172], [-81.411737, 28.391046], [-81.411501, 28.390912], [-81.411455, 28.390853], [-81.411428, 28.390765], [-81.411401, 28.39053], [-81.411415, 28.390426], [-81.411824, 28.390371], [-81.41245, 28.39037], [-81.412601, 28.390329], [-81.412708, 28.390259], [-81.41278, 28.390109], [-81.412821, 28.389638], [-81.412885, 28.389406], [-81.412976, 28.389289], [-81.413424, 28.388899], [-81.413544, 28.388759], [-81.413648, 28.38849], [-81.413646, 28.388241], [-81.413585, 28.388112], [-81.413351, 28.387889], [-81.413105, 28.387814], [-81.412853, 28.387824], [-81.412698, 28.387951], [-81.412544, 28.38817], [-81.412222, 28.388878], [-81.412032, 28.38914], [-81.411697, 28.389367], [-81.411536, 28.389445], [-81.41139, 28.38946], [-81.411121, 28.389402], [-81.41085, 28.389262], [-81.410729, 28.389149], [-81.410631, 28.388944], [-81.410585, 28.388663], [-81.410602, 28.388159], [-81.410683, 28.38771], [-81.41073, 28.387554], [-81.410871, 28.387226], [-81.41113, 28.386868], [-81.411848, 28.38611], [-81.412073, 28.385955], [-81.412372, 28.385891], [-81.412525, 28.385917], [-81.41269, 28.386087], [-81.412949, 28.386797], [-81.41309, 28.387004], [-81.413165, 28.387062], [-81.413246, 28.387091], [-81.413406, 28.387081], [-81.413521, 28.387039], [-81.413712, 28.386904], [-81.413956, 28.386692], [-81.414313, 28.386324], [-81.414445, 28.386134], [-81.414516, 28.38592], [-81.414528, 28.385743], [-81.41448, 28.385604], [-81.414114, 28.385312], [-81.413995, 28.385173], [-81.41397, 28.385037], [-81.414039, 28.384943], [-81.414152, 28.384893], [-81.414266, 28.384879], [-81.414444, 28.384881], [-81.415199, 28.384959], [-81.415484, 28.384942], [-81.415734, 28.384886], [-81.416283, 28.384595], [-81.416726, 28.384256], [-81.417078, 28.383936], [-81.417372, 28.38355], [-81.417433, 28.383411], [-81.417491, 28.383163], [-81.41749, 28.382947], [-81.417246, 28.382239], [-81.417194, 28.381883], [-81.417237, 28.381439], [-81.417333, 28.380973], [-81.417657, 28.380158], [-81.41778, 28.380175], [-81.417854, 28.380215], [-81.417953, 28.380299], [-81.418096, 28.380465], [-81.418189, 28.380712], [-81.418241, 28.380966], [-81.418303, 28.381081], [-81.418367, 28.381146], [-81.418708, 28.381277], [-81.418911, 28.381302], [-81.419225, 28.381308], [-81.419593, 28.381866], [-81.419804, 28.3821], [-81.41999, 28.382261], [-81.420583, 28.382698], [-81.420846, 28.382801], [-81.421152, 28.382855], [-81.421287, 28.382865], [-81.421421, 28.382853], [-81.4216, 28.382817], [-81.421881, 28.38273], [-81.422169, 28.382691], [-81.422699, 28.382695], [-81.423147, 28.382625], [-81.423614, 28.382664], [-81.423755, 28.382644], [-81.423875, 28.382607], [-81.423955, 28.382556], [-81.42415, 28.382276], [-81.424398, 28.382101], [-81.424456, 28.382026], [-81.424502, 28.381795], [-81.424482, 28.381704], [-81.424425, 28.381606], [-81.424272, 28.381485], [-81.423951, 28.381369], [-81.423505, 28.381117], [-81.423368, 28.381086], [-81.423195, 28.381074], [-81.422333, 28.381107], [-81.421815, 28.381026], [-81.42166, 28.380969], [-81.421449, 28.380856], [-81.420788, 28.380383], [-81.420616, 28.380281], [-81.4205, 28.380244], [-81.4204, 28.380252], [-81.420321, 28.380288], [-81.419998, 28.380537], [-81.419572, 28.38022], [-81.418877, 28.379656], [-81.418595, 28.379464], [-81.417816, 28.379055], [-81.417428, 28.3789], [-81.417011, 28.378769], [-81.416998, 28.378627], [-81.417034, 28.378305], [-81.417182, 28.377891], [-81.417279, 28.37768], [-81.418039, 28.376391], [-81.418166, 28.376044], [-81.418724, 28.376042], [-81.418482, 28.376847], [-81.418296, 28.377309], [-81.418081, 28.377545], [-81.417664, 28.377804], [-81.417565, 28.377908], [-81.417513, 28.377998], [-81.417432, 28.378282], [-81.417444, 28.378447], [-81.417524, 28.378612], [-81.417621, 28.378692], [-81.417696, 28.378724], [-81.417807, 28.378735], [-81.417966, 28.378716], [-81.418114, 28.378672], [-81.418235, 28.378611], [-81.418787, 28.378258], [-81.41922, 28.37789], [-81.419613, 28.37762], [-81.419952, 28.377503], [-81.420423, 28.377439], [-81.420606, 28.377355], [-81.42078, 28.377133], [-81.42092, 28.376762], [-81.420993, 28.376473], [-81.421028, 28.375985], [-81.422614, 28.375952], [-81.422725, 28.375916], [-81.422765, 28.375872], [-81.422797, 28.375788], [-81.422756, 28.375326], [-81.42266, 28.375207], [-81.422512, 28.375145], [-81.422399, 28.375145], [-81.422327, 28.37517], [-81.42204, 28.37544], [-81.421821, 28.375558], [-81.421434, 28.375617], [-81.421068, 28.375615], [-81.420966, 28.375358], [-81.420914, 28.375295], [-81.420825, 28.37524], [-81.420629, 28.375207], [-81.420054, 28.375235], [-81.419707, 28.375299], [-81.419541, 28.375358], [-81.419211, 28.375535], [-81.419109, 28.375625], [-81.419007, 28.375761], [-81.418347, 28.375769], [-81.418455, 28.375606], [-81.418602, 28.375286], [-81.418675, 28.375018], [-81.418647, 28.374855], [-81.418608, 28.374781], [-81.418523, 28.374679], [-81.418292, 28.374469], [-81.418417, 28.3743], [-81.418599, 28.374141], [-81.418791, 28.374025], [-81.418982, 28.373942], [-81.419186, 28.373893], [-81.419401, 28.373879], [-81.419835, 28.373959], [-81.420328, 28.374314], [-81.420753, 28.374574], [-81.421015, 28.374639], [-81.421277, 28.374611], [-81.421443, 28.374518], [-81.421488, 28.374457], [-81.421517, 28.374364], [-81.421499, 28.374114], [-81.421328, 28.37356], [-81.421654, 28.373471], [-81.421815, 28.373348], [-81.42196, 28.373136], [-81.422195, 28.372693], [-81.422493, 28.372295], [-81.422516, 28.372218], [-81.422492, 28.372167], [-81.422388, 28.372141], [-81.422076, 28.372173], [-81.421722, 28.372252], [-81.421533, 28.372395], [-81.421263, 28.372748], [-81.42115, 28.372814], [-81.421006, 28.372852], [-81.42074, 28.372867], [-81.420206, 28.372806], [-81.419703, 28.372907], [-81.41939, 28.372936], [-81.419143, 28.372868], [-81.41891, 28.372703], [-81.419284, 28.372472], [-81.419589, 28.372333], [-81.420319, 28.372059], [-81.421004, 28.371871], [-81.4212, 28.371751], [-81.421584, 28.371601], [-81.421832, 28.371419], [-81.421913, 28.371286], [-81.421946, 28.371044], [-81.422261, 28.370687], [-81.422382, 28.370459], [-81.42243, 28.370177], [-81.42239, 28.369896], [-81.422098, 28.369315], [-81.4217, 28.368715], [-81.421242, 28.368105], [-81.420934, 28.367769], [-81.420128, 28.367153], [-81.419872, 28.367035], [-81.4193, 28.366837], [-81.418903, 28.366798], [-81.418572, 28.366802], [-81.418157, 28.366836], [-81.417749, 28.366916], [-81.417594, 28.366976], [-81.417504, 28.367032], [-81.417357, 28.36724], [-81.417165, 28.367884], [-81.417127, 28.36824], [-81.417167, 28.368433], [-81.417262, 28.368592], [-81.41745, 28.368758], [-81.41782, 28.369044], [-81.418036, 28.369255], [-81.418265, 28.369514], [-81.418387, 28.369772], [-81.41841, 28.369911], [-81.418397, 28.370018], [-81.41833, 28.370163], [-81.418171, 28.370389], [-81.41814, 28.370542], [-81.418178, 28.370608], [-81.418272, 28.370693], [-81.418503, 28.370809], [-81.41856, 28.37087], [-81.418568, 28.370908], [-81.418546, 28.370976], [-81.418382, 28.371164], [-81.418336, 28.37128], [-81.418377, 28.371368], [-81.418584, 28.371537], [-81.418613, 28.371603], [-81.418596, 28.371676], [-81.418488, 28.371834], [-81.418212, 28.37213], [-81.417915, 28.372007], [-81.417707, 28.371972], [-81.417358, 28.372038], [-81.41717, 28.372128], [-81.417155, 28.372198], [-81.417186, 28.372243], [-81.417442, 28.372436], [-81.417548, 28.372548], [-81.417603, 28.372658], [-81.417631, 28.372776], [-81.417613, 28.372934], [-81.417548, 28.373069], [-81.417432, 28.373173], [-81.417253, 28.373255], [-81.416922, 28.37332], [-81.416598, 28.373312], [-81.416396, 28.373263], [-81.416106, 28.373121], [-81.415903, 28.373052], [-81.414988, 28.373013], [-81.414675, 28.373035], [-81.414511, 28.373071], [-81.414316, 28.373199], [-81.414216, 28.373312], [-81.414194, 28.373377], [-81.414202, 28.373457], [-81.41423, 28.373509], [-81.414279, 28.373546], [-81.41434, 28.373564], [-81.41484, 28.373502], [-81.415623, 28.37361], [-81.416465, 28.373643], [-81.417028, 28.373578], [-81.417649, 28.373449], [-81.417825, 28.373474], [-81.417966, 28.373565], [-81.417888, 28.373741], [-81.417847, 28.373999], [-81.417854, 28.37434], [-81.417918, 28.374514], [-81.417491, 28.374866], [-81.417346, 28.375018], [-81.416843, 28.375462], [-81.416436, 28.375688], [-81.41609, 28.375814], [-81.4157, 28.375882], [-81.415519, 28.375891], [-81.414994, 28.375863], [-81.414621, 28.375919], [-81.414413, 28.376014], [-81.414152, 28.376171], [-81.413931, 28.376359], [-81.413771, 28.376534], [-81.41371, 28.37664], [-81.413663, 28.376805], [-81.413672, 28.376917], [-81.413733, 28.377052], [-81.414083, 28.377319], [-81.41441, 28.377485], [-81.414707, 28.377584], [-81.414862, 28.377671], [-81.415051, 28.37785], [-81.415083, 28.377964], [-81.415065, 28.378049], [-81.414981, 28.378137], [-81.414811, 28.378194], [-81.413983, 28.378283], [-81.413878, 28.378351], [-81.413752, 28.378484], [-81.413177, 28.379359], [-81.413003, 28.379691], [-81.412876, 28.379987], [-81.412738, 28.380379], [-81.412701, 28.380681], [-81.412683, 28.381128], [-81.41264, 28.381299], [-81.412555, 28.38151], [-81.412362, 28.381781], [-81.411877, 28.382285], [-81.41178, 28.382447], [-81.411757, 28.382546], [-81.411758, 28.382674], [-81.411854, 28.382929], [-81.41187, 28.383025], [-81.411855, 28.383167], [-81.4118, 28.383278], [-81.411688, 28.383381], [-81.411511, 28.383477], [-81.410572, 28.383813], [-81.410246, 28.384011], [-81.409955, 28.384233], [-81.409677, 28.38451], [-81.409373, 28.384904], [-81.409202, 28.385156], [-81.408837, 28.385786], [-81.408719, 28.386107], [-81.408691, 28.386289], [-81.408704, 28.38703], [-81.408684, 28.388213], [-81.408796, 28.388593], [-81.408903, 28.38879], [-81.409069, 28.389033], [-81.409157, 28.389211], [-81.409229, 28.389606], [-81.409191, 28.389727], [-81.409135, 28.389816], [-81.40861, 28.390221], [-81.408391, 28.390437], [-81.40827, 28.390582], [-81.408187, 28.390755], [-81.408157, 28.390931], [-81.408162, 28.391102], [-81.40822, 28.391292], [-81.408338, 28.391475], [-81.408527, 28.391592], [-81.408732, 28.391627], [-81.408965, 28.391585], [-81.409221, 28.391447], [-81.409382, 28.391261], [-81.409464, 28.391052], [-81.409523, 28.390599], [-81.409547, 28.390549], [-81.409641, 28.390463], [-81.409745, 28.390454], [-81.409961, 28.390559], [-81.410154, 28.390597], [-81.410352, 28.390584], [-81.410668, 28.390492], [-81.410782, 28.390857], [-81.411126, 28.391273], [-81.411172, 28.391447], [-81.411168, 28.391525], [-81.411079, 28.391645], [-81.410868, 28.39174], [-81.41076, 28.391812], [-81.410444, 28.392199], [-81.410102, 28.392455], [-81.409943, 28.392607], [-81.409688, 28.392617], [-81.409052, 28.392684], [-81.408613, 28.392802], [-81.407834, 28.393203], [-81.407275, 28.393534], [-81.407092, 28.393614], [-81.406723, 28.39373], [-81.406385, 28.393752], [-81.405911, 28.393705], [-81.405658, 28.393658], [-81.405432, 28.393647], [-81.405113, 28.393723], [-81.404846, 28.393882], [-81.404197, 28.394406], [-81.403955, 28.394636], [-81.403481, 28.395264], [-81.403088, 28.395717], [-81.403068, 28.395801], [-81.403087, 28.395946], [-81.403344, 28.396319], [-81.403428, 28.39649], [-81.403452, 28.396739], [-81.403433, 28.397163], [-81.403163, 28.397224], [-81.402745, 28.397354], [-81.402331, 28.397586], [-81.402, 28.397825], [-81.401818, 28.397983], [-81.401742, 28.398137], [-81.401713, 28.398329], [-81.401532, 28.398406], [-81.401446, 28.398497], [-81.401417, 28.398575], [-81.401413, 28.398903], [-81.401462, 28.399365], [-81.40128, 28.399411], [-81.400343, 28.399454], [-81.400282, 28.399472], [-81.400243, 28.399505], [-81.400212, 28.399631], [-81.400155, 28.401084], [-81.39984, 28.40115], [-81.399609, 28.400834], [-81.399293, 28.400487], [-81.399741, 28.399952], [-81.40009, 28.399224], [-81.400252, 28.39871], [-81.400253, 28.398505], [-81.400189, 28.398323], [-81.400022, 28.398093], [-81.399795, 28.397841], [-81.399704, 28.397715], [-81.399514, 28.39754], [-81.399395, 28.397478], [-81.399226, 28.397456], [-81.399052, 28.397492], [-81.398889, 28.397563], [-81.39871, 28.397705], [-81.398519, 28.397904], [-81.398318, 28.39822], [-81.398143, 28.398637], [-81.398013, 28.399032], [-81.398005, 28.399469], [-81.398096, 28.399949], [-81.398091, 28.400058], [-81.398052, 28.400126], [-81.397994, 28.400176], [-81.397897, 28.400217], [-81.39779, 28.400233], [-81.397492, 28.400203], [-81.397203, 28.400097], [-81.396782, 28.399841], [-81.396497, 28.399566], [-81.396463, 28.399451], [-81.396476, 28.39938], [-81.396704, 28.39918], [-81.396882, 28.399101], [-81.39727, 28.399029], [-81.397447, 28.398923], [-81.397535, 28.398725], [-81.397545, 28.398575], [-81.397504, 28.398377], [-81.397452, 28.398289], [-81.397293, 28.398101], [-81.397044, 28.3979], [-81.396968, 28.397872], [-81.396835, 28.39786], [-81.396565, 28.397864], [-81.396388, 28.3979], [-81.396211, 28.398059], [-81.396111, 28.398272], [-81.396091, 28.39852], [-81.396144, 28.399003], [-81.396076, 28.39926], [-81.39597, 28.399491], [-81.395958, 28.399823], [-81.395933, 28.399858], [-81.395851, 28.399892], [-81.395524, 28.399858], [-81.395432, 28.399869], [-81.395349, 28.399927], [-81.395287, 28.400024], [-81.395264, 28.400166], [-81.395299, 28.400295], [-81.395483, 28.400435], [-81.395678, 28.400521], [-81.396363, 28.400759], [-81.396993, 28.400944], [-81.39744, 28.401055], [-81.397945, 28.40113], [-81.398322, 28.401228], [-81.398445, 28.401235], [-81.39858, 28.401229], [-81.398714, 28.401172], [-81.398968, 28.400883], [-81.399094, 28.400989], [-81.39949, 28.401425], [-81.39959, 28.401501], [-81.399814, 28.402089], [-81.39747, 28.402159], [-81.396808, 28.40224], [-81.396749, 28.402288], [-81.396729, 28.40236], [-81.39673, 28.402829], [-81.396754, 28.403135], [-81.396691, 28.403317], [-81.396634, 28.403365], [-81.396547, 28.403388], [-81.395987, 28.403385], [-81.395939, 28.403225], [-81.395563, 28.40237], [-81.395132, 28.401267], [-81.394891, 28.400873], [-81.394676, 28.400667], [-81.394288, 28.400445], [-81.39343, 28.400192], [-81.393323, 28.40018], [-81.393145, 28.400201], [-81.392928, 28.400286], [-81.392727, 28.400442], [-81.39256, 28.400671], [-81.392518, 28.400767], [-81.392471, 28.401002], [-81.392485, 28.401321], [-81.392545, 28.40175], [-81.392752, 28.402657], [-81.392232, 28.402679], [-81.392163, 28.402723], [-81.392113, 28.402836], [-81.391838, 28.402899], [-81.391436, 28.403104], [-81.391207, 28.403282], [-81.391103, 28.403475], [-81.39111, 28.403576], [-81.391192, 28.403785], [-81.391608, 28.404353], [-81.391711, 28.404533], [-81.391184, 28.404914], [-81.391029, 28.40511], [-81.391014, 28.40519], [-81.391028, 28.40524], [-81.391079, 28.405306], [-81.391178, 28.405366], [-81.39128, 28.405394], [-81.391422, 28.405405], [-81.391658, 28.405361], [-81.391975, 28.405201], [-81.391973, 28.40588], [-81.391943, 28.406199], [-81.3919, 28.406333], [-81.391799, 28.406397], [-81.391569, 28.406459], [-81.391284, 28.406491], [-81.391016, 28.406485], [-81.390746, 28.406421], [-81.390673, 28.40638], [-81.39061, 28.406302], [-81.390544, 28.404949], [-81.390522, 28.404828], [-81.390471, 28.404781], [-81.390315, 28.40476], [-81.389669, 28.404789], [-81.389075, 28.404787], [-81.388021, 28.40475], [-81.387771, 28.404711], [-81.387939, 28.40463], [-81.388237, 28.40453], [-81.388475, 28.404426], [-81.388599, 28.404338], [-81.388681, 28.404253], [-81.388739, 28.404178], [-81.388791, 28.404065], [-81.388813, 28.4039], [-81.38878, 28.403802], [-81.388669, 28.403696], [-81.388556, 28.403649], [-81.388435, 28.403643], [-81.388151, 28.403687], [-81.388024, 28.403727], [-81.387609, 28.403975], [-81.386591, 28.404724], [-81.386348, 28.40475], [-81.384856, 28.404801], [-81.384562, 28.404797], [-81.38441, 28.404764], [-81.384328, 28.40459], [-81.38418, 28.404397], [-81.38378, 28.404051], [-81.38359, 28.40397], [-81.383124, 28.40384], [-81.382669, 28.40357], [-81.382548, 28.403123], [-81.382527, 28.402929], [-81.382552, 28.402783], [-81.382647, 28.402672], [-81.382718, 28.402626], [-81.382985, 28.402603], [-81.383193, 28.402555], [-81.383328, 28.402624], [-81.383489, 28.402652], [-81.383712, 28.402578], [-81.383941, 28.402422], [-81.384044, 28.402378], [-81.384338, 28.402381], [-81.384644, 28.402431], [-81.384733, 28.402424], [-81.384929, 28.40231], [-81.385166, 28.402035], [-81.385272, 28.401939], [-81.385379, 28.401881], [-81.385612, 28.401805], [-81.385741, 28.401713], [-81.385778, 28.401617], [-81.385761, 28.401436], [-81.385583, 28.400981], [-81.385519, 28.400699], [-81.38545, 28.400141], [-81.385391, 28.400017], [-81.385319, 28.399983], [-81.385228, 28.39997], [-81.384902, 28.399989], [-81.384258, 28.39994], [-81.384111, 28.399979], [-81.384024, 28.400064], [-81.383973, 28.400219], [-81.383978, 28.400752], [-81.384038, 28.401028], [-81.384234, 28.401503], [-81.38425, 28.401681], [-81.384226, 28.401752], [-81.384186, 28.401794], [-81.384065, 28.401818], [-81.38392, 28.401739], [-81.383433, 28.401127], [-81.38302, 28.400771], [-81.38286, 28.400712], [-81.38259, 28.400721], [-81.382501, 28.400769], [-81.382408, 28.400853], [-81.38223, 28.401074], [-81.382092, 28.401343], [-81.381821, 28.402056], [-81.381694, 28.402271], [-81.381565, 28.402393], [-81.381363, 28.402528], [-81.381232, 28.402574], [-81.38106, 28.402561], [-81.380869, 28.402479], [-81.380687, 28.402283], [-81.380514, 28.401949], [-81.380459, 28.401795], [-81.380409, 28.401562], [-81.38039, 28.401034], [-81.380427, 28.400717], [-81.380531, 28.400402], [-81.380575, 28.400325], [-81.380692, 28.400196], [-81.38076, 28.400152], [-81.380832, 28.400135], [-81.381047, 28.400139], [-81.381441, 28.400243], [-81.381676, 28.400275], [-81.381806, 28.400274], [-81.38197, 28.400238], [-81.382169, 28.400137], [-81.382256, 28.400042], [-81.382305, 28.399915], [-81.382283, 28.399733], [-81.382202, 28.399512], [-81.382141, 28.399412], [-81.381944, 28.399225], [-81.381808, 28.399173], [-81.381526, 28.399183], [-81.380534, 28.399471], [-81.380294, 28.399492], [-81.380036, 28.399442], [-81.379871, 28.399334], [-81.379782, 28.399195], [-81.37977, 28.398965], [-81.379836, 28.398778], [-81.380116, 28.398917], [-81.380408, 28.398954], [-81.381039, 28.39889], [-81.381938, 28.398843], [-81.382066, 28.39881], [-81.382166, 28.398748], [-81.382213, 28.398653], [-81.382216, 28.398476], [-81.38219, 28.398366], [-81.382115, 28.398282], [-81.381933, 28.39824], [-81.381564, 28.398261], [-81.381456, 28.398252], [-81.381474, 28.397891], [-81.381451, 28.397742], [-81.381367, 28.397504], [-81.381179, 28.397293], [-81.381052, 28.397236], [-81.380754, 28.397282], [-81.38058, 28.397263], [-81.380493, 28.397235], [-81.380209, 28.397067], [-81.380087, 28.397031], [-81.379972, 28.397039], [-81.379863, 28.39708], [-81.379742, 28.396927], [-81.379694, 28.39682], [-81.37969, 28.396484], [-81.380351, 28.396284], [-81.380573, 28.396156], [-81.380649, 28.396082], [-81.380716, 28.395982], [-81.38079, 28.395805], [-81.380845, 28.395504], [-81.38081, 28.395343], [-81.380691, 28.395176], [-81.380631, 28.395129], [-81.380556, 28.395106], [-81.379963, 28.395219], [-81.37927, 28.395167], [-81.379119, 28.395206], [-81.378892, 28.395327], [-81.378696, 28.395401], [-81.378555, 28.395196], [-81.378458, 28.395116], [-81.378382, 28.39509], [-81.378134, 28.395073], [-81.377649, 28.395087], [-81.377375, 28.395135], [-81.377269, 28.395123], [-81.377134, 28.395137], [-81.377001, 28.3952], [-81.376776, 28.395101], [-81.376571, 28.395095], [-81.37649, 28.395117], [-81.376425, 28.395167], [-81.376389, 28.395237], [-81.376391, 28.395293], [-81.376451, 28.395462], [-81.376558, 28.39561], [-81.378323, 28.397582], [-81.378447, 28.397742], [-81.378541, 28.397924], [-81.37861, 28.398162], [-81.378764, 28.399161], [-81.378878, 28.399774], [-81.379033, 28.400983], [-81.379134, 28.401424], [-81.379002, 28.401582], [-81.378965, 28.401709], [-81.378994, 28.401987], [-81.379096, 28.402352], [-81.379123, 28.402604], [-81.379088, 28.40281], [-81.378993, 28.40305], [-81.378697, 28.403295], [-81.378239, 28.403533], [-81.377812, 28.403789], [-81.377217, 28.404258], [-81.376917, 28.404584], [-81.376818, 28.404734], [-81.376739, 28.404958], [-81.376719, 28.405214], [-81.376737, 28.405533], [-81.376696, 28.405716], [-81.376617, 28.405839], [-81.376295, 28.406077], [-81.376054, 28.406347], [-81.375994, 28.406548], [-81.375997, 28.406731], [-81.37602, 28.406818], [-81.376089, 28.406881], [-81.376175, 28.406912], [-81.376275, 28.406897], [-81.376347, 28.406861], [-81.376909, 28.406409], [-81.377106, 28.406179], [-81.377489, 28.405831], [-81.377896, 28.405572], [-81.378478, 28.405249], [-81.378791, 28.405157], [-81.37925, 28.405185], [-81.379542, 28.40516], [-81.379995, 28.405024], [-81.380479, 28.404969], [-81.380946, 28.405069], [-81.381066, 28.405119], [-81.381169, 28.405187], [-81.381692, 28.405697], [-81.382273, 28.406393], [-81.382497, 28.406634], [-81.382814, 28.406876], [-81.383086, 28.407012], [-81.383123, 28.407439], [-81.383117, 28.407697], [-81.383151, 28.408472], [-81.383232, 28.409416], [-81.383105, 28.409569], [-81.382388, 28.410284], [-81.381686, 28.411053], [-81.38148, 28.411184], [-81.381319, 28.411234], [-81.381052, 28.411237], [-81.380542, 28.411199], [-81.380241, 28.411143], [-81.379577, 28.411099], [-81.379261, 28.411176], [-81.379125, 28.411267], [-81.378999, 28.41139], [-81.378978, 28.411456], [-81.378987, 28.411493], [-81.379063, 28.411598], [-81.37924, 28.411735], [-81.379372, 28.411794], [-81.379728, 28.411895], [-81.380309, 28.41191], [-81.380827, 28.411959], [-81.381003, 28.41204], [-81.381097, 28.412155], [-81.381118, 28.412296], [-81.381098, 28.412409], [-81.380953, 28.412684], [-81.380839, 28.412997], [-81.380824, 28.413172], [-81.380854, 28.413498], [-81.380854, 28.413759], [-81.380772, 28.414134], [-81.380549, 28.41458], [-81.380174, 28.41504], [-81.380089, 28.415104], [-81.380009, 28.4151], [-81.379958, 28.415079], [-81.37974, 28.414915], [-81.379613, 28.414713], [-81.379483, 28.414427], [-81.379421, 28.414124], [-81.379423, 28.413973], [-81.379462, 28.413717], [-81.379623, 28.41322], [-81.379631, 28.412906], [-81.379505, 28.412545], [-81.37938, 28.412365], [-81.379257, 28.412234], [-81.37884, 28.411936], [-81.377804, 28.411379], [-81.377356, 28.411165], [-81.377218, 28.411123], [-81.376964, 28.411102], [-81.376706, 28.41118], [-81.376506, 28.411364], [-81.376279, 28.411666], [-81.376106, 28.412092], [-81.37609, 28.412511], [-81.376146, 28.412846], [-81.376222, 28.41311], [-81.376303, 28.413514], [-81.376555, 28.414205], [-81.376816, 28.414679], [-81.377042, 28.415143], [-81.377475, 28.415761], [-81.377998, 28.416582], [-81.378158, 28.416743], [-81.378384, 28.416912], [-81.378964, 28.417189], [-81.37911, 28.41728], [-81.379254, 28.417399], [-81.379381, 28.417539], [-81.379453, 28.417662], [-81.379523, 28.417866], [-81.37952, 28.418014], [-81.379458, 28.418061], [-81.379353, 28.418054], [-81.379005, 28.417857], [-81.378808, 28.417626], [-81.378604, 28.417345], [-81.378544, 28.417292], [-81.378464, 28.417261], [-81.378376, 28.417258], [-81.378294, 28.417288], [-81.37821, 28.417361], [-81.378158, 28.417468], [-81.378139, 28.417644], [-81.378173, 28.418108], [-81.378221, 28.418325], [-81.378347, 28.41861], [-81.378462, 28.418754], [-81.378661, 28.418873], [-81.378848, 28.418886], [-81.379163, 28.418856], [-81.379231, 28.418867], [-81.379301, 28.418907], [-81.379475, 28.419097], [-81.379611, 28.419357], [-81.379834, 28.41971], [-81.379922, 28.419952], [-81.379935, 28.420044], [-81.379883, 28.420205], [-81.379758, 28.420408], [-81.3795, 28.420749], [-81.379184, 28.421111], [-81.379051, 28.421309], [-81.378915, 28.421661], [-81.3789, 28.421827], [-81.378858, 28.421932], [-81.378854, 28.422055], [-81.378891, 28.422256], [-81.37894, 28.422347], [-81.3791, 28.422442], [-81.379326, 28.422478], [-81.379415, 28.422519], [-81.379533, 28.42265], [-81.379669, 28.422922], [-81.379826, 28.423085], [-81.379929, 28.42314], [-81.379988, 28.423143], [-81.380062, 28.423117], [-81.380117, 28.423051], [-81.380131, 28.422996], [-81.380106, 28.422639], [-81.380131, 28.422424], [-81.380161, 28.422299], [-81.380227, 28.42218], [-81.380321, 28.422078], [-81.380532, 28.421912], [-81.380675, 28.421759], [-81.380836, 28.421636], [-81.380934, 28.421584], [-81.381215, 28.421499], [-81.381338, 28.421423], [-81.381424, 28.421339], [-81.381532, 28.421164], [-81.381586, 28.42091], [-81.381534, 28.420683], [-81.381447, 28.420534], [-81.38112, 28.420124], [-81.381029, 28.419875], [-81.381003, 28.419656], [-81.381046, 28.419479], [-81.381183, 28.419355], [-81.381386, 28.419304], [-81.381616, 28.419341], [-81.381963, 28.419559], [-81.382685, 28.420139], [-81.383236, 28.420762], [-81.383384, 28.420982], [-81.38349, 28.421177], [-81.383531, 28.421326], [-81.383527, 28.421568], [-81.383453, 28.421855], [-81.383344, 28.422138], [-81.383316, 28.422387], [-81.383382, 28.422833], [-81.383526, 28.423239], [-81.383558, 28.423511], [-81.38344, 28.423496], [-81.383358, 28.423467], [-81.383326, 28.423328], [-81.383208, 28.423168], [-81.383051, 28.423056], [-81.382825, 28.422988], [-81.382624, 28.422991], [-81.382462, 28.423046], [-81.382243, 28.423185], [-81.382137, 28.423311], [-81.381876, 28.423373], [-81.381798, 28.423432], [-81.381736, 28.423536], [-81.381607, 28.423842], [-81.381436, 28.424068], [-81.381143, 28.42439], [-81.381073, 28.424531], [-81.381026, 28.424798], [-81.381177, 28.425592], [-81.38118, 28.4259], [-81.381141, 28.426028], [-81.381059, 28.426089], [-81.380978, 28.426111], [-81.380451, 28.426129], [-81.380261, 28.426156], [-81.380168, 28.426201], [-81.380022, 28.426337], [-81.379958, 28.426455], [-81.379947, 28.426629], [-81.379996, 28.426808], [-81.380059, 28.426876], [-81.380116, 28.426909], [-81.380313, 28.426955], [-81.381049, 28.427004], [-81.381743, 28.426925], [-81.382079, 28.426815], [-81.382527, 28.426742], [-81.382613, 28.426688], [-81.382705, 28.426594], [-81.38282, 28.426377], [-81.382873, 28.426172], [-81.382892, 28.425808], [-81.382956, 28.425606], [-81.383099, 28.425701], [-81.3833, 28.425873], [-81.383419, 28.426068], [-81.383448, 28.426189], [-81.383546, 28.427193], [-81.383636, 28.42749], [-81.38375, 28.42768], [-81.383067, 28.428194], [-81.382869, 28.428441], [-81.382775, 28.428676], [-81.382756, 28.428796], [-81.382758, 28.429084], [-81.38281, 28.429492], [-81.382796, 28.429621], [-81.382732, 28.429778], [-81.382499, 28.430082], [-81.38223, 28.430221], [-81.381978, 28.430478], [-81.381853, 28.430708], [-81.381648, 28.431192], [-81.381366, 28.431734], [-81.380898, 28.432273], [-81.380829, 28.432333], [-81.380702, 28.432396], [-81.38057, 28.432309], [-81.380124, 28.432111], [-81.37996, 28.431949], [-81.379855, 28.431793], [-81.379798, 28.431413], [-81.379793, 28.431126], [-81.379753, 28.430793], [-81.379542, 28.430272], [-81.379497, 28.430087], [-81.379465, 28.429822], [-81.379469, 28.429598], [-81.379511, 28.429334], [-81.379665, 28.428922], [-81.379858, 28.428552], [-81.380352, 28.427745], [-81.380453, 28.427507], [-81.380491, 28.427356], [-81.380474, 28.427269], [-81.380405, 28.427187], [-81.380291, 28.427166], [-81.380013, 28.427239], [-81.379785, 28.427395], [-81.379566, 28.427601], [-81.379206, 28.428059], [-81.379132, 28.428243], [-81.378988, 28.428764], [-81.378798, 28.429083], [-81.37872, 28.429259], [-81.378586, 28.429937], [-81.378448, 28.430102], [-81.378096, 28.430342], [-81.377887, 28.430618], [-81.377825, 28.430902], [-81.377902, 28.431415], [-81.377842, 28.431829], [-81.377685, 28.432224], [-81.377082, 28.43318], [-81.376935, 28.433558], [-81.376756, 28.433523], [-81.376691, 28.433482], [-81.376571, 28.433071], [-81.376493, 28.432966], [-81.37641, 28.432952], [-81.375983, 28.43298], [-81.375874, 28.43296], [-81.375822, 28.432906], [-81.375794, 28.432736], [-81.375796, 28.431352], [-81.375842, 28.430857], [-81.375867, 28.430768], [-81.375948, 28.430687], [-81.376064, 28.430633], [-81.376225, 28.430595], [-81.376516, 28.430569], [-81.376744, 28.430522], [-81.376821, 28.430482], [-81.376844, 28.430435], [-81.376822, 28.429995], [-81.376728, 28.429174], [-81.376722, 28.428845], [-81.376676, 28.428796], [-81.376625, 28.428779], [-81.37592, 28.428724], [-81.375752, 28.428684], [-81.375703, 28.428628], [-81.375672, 28.428525], [-81.375622, 28.427749], [-81.375599, 28.427657], [-81.375535, 28.42762], [-81.375472, 28.427618], [-81.37532, 28.427629], [-81.375201, 28.427667], [-81.375002, 28.427622], [-81.374857, 28.427557], [-81.37466, 28.425492], [-81.374552, 28.424971], [-81.374383, 28.424662], [-81.374302, 28.424564], [-81.374207, 28.424491], [-81.373979, 28.424348], [-81.373885, 28.42431], [-81.373715, 28.424282], [-81.373535, 28.424294], [-81.373417, 28.424368], [-81.373272, 28.424551], [-81.373192, 28.424795], [-81.373122, 28.425288], [-81.373039, 28.425668], [-81.372976, 28.425768], [-81.372733, 28.425979], [-81.3727, 28.426051], [-81.372702, 28.42615], [-81.372779, 28.426296], [-81.372918, 28.426432], [-81.373494, 28.426787], [-81.373809, 28.427049], [-81.374029, 28.427386], [-81.374217, 28.427846], [-81.374365, 28.428122], [-81.374536, 28.428298], [-81.374675, 28.428395], [-81.374785, 28.428443], [-81.374804, 28.428644], [-81.374754, 28.429665], [-81.374696, 28.429715], [-81.374606, 28.42973], [-81.374196, 28.429758], [-81.374, 28.429744], [-81.373931, 28.429668], [-81.373868, 28.429425], [-81.373801, 28.428692], [-81.37374, 28.428343], [-81.373669, 28.428258], [-81.373596, 28.428231], [-81.373465, 28.42823], [-81.373049, 28.42828], [-81.37297, 28.428252], [-81.372904, 28.428194], [-81.37281, 28.427932], [-81.372704, 28.427194], [-81.372623, 28.426926], [-81.372571, 28.426896], [-81.372508, 28.42689], [-81.371585, 28.426997], [-81.371491, 28.426988], [-81.371456, 28.426961], [-81.371445, 28.426866], [-81.371545, 28.426314], [-81.37184, 28.425329], [-81.372144, 28.424188], [-81.372356, 28.423333], [-81.372492, 28.422641], [-81.372467, 28.422569], [-81.372417, 28.422543], [-81.371953, 28.422489], [-81.371834, 28.422456], [-81.371755, 28.422411], [-81.371704, 28.42229], [-81.371636, 28.421824], [-81.371584, 28.421698], [-81.371539, 28.421657], [-81.371414, 28.421636], [-81.370594, 28.421653], [-81.368469, 28.421654], [-81.367281, 28.421614], [-81.3663, 28.421629], [-81.365433, 28.421672], [-81.364255, 28.421656], [-81.363687, 28.421676], [-81.363618, 28.421538], [-81.363388, 28.421236], [-81.363683, 28.421204], [-81.365141, 28.4212], [-81.365287, 28.421165], [-81.365332, 28.421113], [-81.365339, 28.421042], [-81.36532, 28.420961], [-81.365276, 28.420899], [-81.365205, 28.420868], [-81.365134, 28.420861], [-81.363092, 28.42084], [-81.36276, 28.420801], [-81.362144, 28.420817], [-81.358253, 28.420809], [-81.358162, 28.420783], [-81.358099, 28.420723], [-81.358046, 28.420494], [-81.358054, 28.420399], [-81.358401, 28.420242], [-81.358638, 28.420062], [-81.358677, 28.419995], [-81.358717, 28.419829], [-81.358683, 28.419593], [-81.358567, 28.419392], [-81.358367, 28.419222], [-81.357659, 28.418849], [-81.357535, 28.418801], [-81.35744, 28.41879], [-81.357352, 28.418804], [-81.357157, 28.418924], [-81.356898, 28.419171], [-81.356784, 28.419354], [-81.356721, 28.419505], [-81.356712, 28.419659], [-81.356808, 28.420134], [-81.356091, 28.420178], [-81.355156, 28.420179], [-81.354839, 28.420156], [-81.354751, 28.419725], [-81.354656, 28.419598], [-81.354564, 28.41955], [-81.354446, 28.419546], [-81.35437, 28.419573], [-81.354246, 28.419686], [-81.353936, 28.420039], [-81.353776, 28.42014], [-81.353639, 28.420168], [-81.353367, 28.420114], [-81.352584, 28.419724], [-81.352271, 28.419628], [-81.352092, 28.419365], [-81.35173, 28.419023], [-81.351571, 28.418831], [-81.35148, 28.418632], [-81.351301, 28.41811], [-81.351198, 28.417883], [-81.350999, 28.41768], [-81.350927, 28.417644], [-81.350849, 28.417643], [-81.35076, 28.417608], [-81.350661, 28.417594], [-81.350473, 28.417617], [-81.350203, 28.417708], [-81.350082, 28.417784], [-81.350007, 28.417853], [-81.349821, 28.418064], [-81.349652, 28.418297], [-81.349153, 28.419433], [-81.348919, 28.419717], [-81.348658, 28.419915], [-81.348166, 28.419534], [-81.3476, 28.418908], [-81.347488, 28.418839], [-81.347362, 28.418818], [-81.347222, 28.41886], [-81.347162, 28.418955], [-81.347126, 28.419168], [-81.347112, 28.419873], [-81.347063, 28.420025], [-81.346913, 28.420047], [-81.346873, 28.419889], [-81.346908, 28.41925], [-81.346912, 28.41865], [-81.346868, 28.417859], [-81.346874, 28.417753], [-81.346912, 28.417666], [-81.347526, 28.417411], [-81.347766, 28.417249], [-81.347913, 28.417108], [-81.348156, 28.416726], [-81.348584, 28.415862], [-81.34861, 28.415645], [-81.348586, 28.415505], [-81.348543, 28.415418], [-81.348318, 28.415237], [-81.348059, 28.415146], [-81.347673, 28.415098], [-81.347369, 28.415133], [-81.347152, 28.415224], [-81.346758, 28.415471], [-81.346192, 28.415586], [-81.345961, 28.41578], [-81.345753, 28.415921], [-81.345639, 28.416077], [-81.34521, 28.416184], [-81.344924, 28.416301], [-81.344632, 28.416539], [-81.344556, 28.416668], [-81.344516, 28.416853], [-81.344481, 28.417319], [-81.344449, 28.418596], [-81.344371, 28.419915], [-81.344216, 28.419928], [-81.343772, 28.419917], [-81.343494, 28.419935], [-81.342352, 28.420236], [-81.342049, 28.42028], [-81.341814, 28.420284], [-81.341482, 28.420214], [-81.341213, 28.420087], [-81.341031, 28.419908], [-81.340794, 28.419558], [-81.340495, 28.419282], [-81.340295, 28.419182], [-81.339754, 28.419042], [-81.339429, 28.418983], [-81.339019, 28.418952], [-81.33872, 28.418978], [-81.338157, 28.419066], [-81.337355, 28.419064], [-81.337041, 28.419104], [-81.336616, 28.419191], [-81.336398, 28.419161], [-81.336279, 28.419093], [-81.336162, 28.418971], [-81.335972, 28.418558], [-81.335796, 28.418272], [-81.335639, 28.418152], [-81.335251, 28.417995], [-81.335116, 28.417869], [-81.335032, 28.417678], [-81.334968, 28.417111], [-81.334863, 28.416794], [-81.334714, 28.416583], [-81.334472, 28.416365], [-81.33423, 28.416229], [-81.333916, 28.416109], [-81.333276, 28.415914], [-81.332509, 28.415588], [-81.33211, 28.415512], [-81.331858, 28.415525], [-81.331683, 28.415348], [-81.33123, 28.414652], [-81.33047, 28.413658], [-81.330358, 28.413459], [-81.330347, 28.413366], [-81.330371, 28.41319], [-81.330636, 28.412249], [-81.330718, 28.412124], [-81.330859, 28.412086], [-81.331194, 28.412064], [-81.332899, 28.412024], [-81.333021, 28.412034], [-81.333135, 28.412072], [-81.333207, 28.412104], [-81.333294, 28.412094], [-81.333771, 28.411783], [-81.334052, 28.411718], [-81.3353, 28.411771], [-81.337025, 28.411779], [-81.337262, 28.411821], [-81.337235, 28.412109], [-81.336947, 28.412675], [-81.336921, 28.412829], [-81.336928, 28.412971], [-81.336988, 28.413088], [-81.337131, 28.413184], [-81.337408, 28.413262], [-81.337615, 28.413273], [-81.337833, 28.413223], [-81.338034, 28.413118], [-81.338725, 28.412551], [-81.33891, 28.412419], [-81.339275, 28.41224], [-81.339589, 28.412168], [-81.340289, 28.41216], [-81.341378, 28.412218], [-81.341695, 28.412283], [-81.342164, 28.412463], [-81.342566, 28.412518], [-81.342914, 28.412514], [-81.34367, 28.412423], [-81.344252, 28.412237], [-81.344415, 28.412166], [-81.34452, 28.412098], [-81.34479, 28.41188], [-81.344978, 28.411691], [-81.345078, 28.411553], [-81.345135, 28.411383], [-81.345135, 28.411107], [-81.345077, 28.410799], [-81.345075, 28.410591], [-81.345023, 28.410126], [-81.344798, 28.409289], [-81.344711, 28.409168], [-81.344563, 28.409101], [-81.344423, 28.4091], [-81.344196, 28.409181], [-81.344062, 28.4093], [-81.343882, 28.409513], [-81.34378, 28.40972], [-81.343722, 28.409891], [-81.343621, 28.410737], [-81.343492, 28.410999], [-81.343426, 28.411071], [-81.343318, 28.411136], [-81.343087, 28.411192], [-81.342814, 28.41121], [-81.342478, 28.411212], [-81.342302, 28.411193], [-81.341836, 28.411064], [-81.341645, 28.410992], [-81.341023, 28.410668], [-81.340775, 28.41063], [-81.340633, 28.410387], [-81.340501, 28.410102], [-81.340276, 28.409815], [-81.340291, 28.409672], [-81.34017, 28.409488], [-81.339945, 28.409308], [-81.339653, 28.409197], [-81.339545, 28.408923], [-81.339404, 28.408809], [-81.339289, 28.408795], [-81.339185, 28.408849], [-81.339079, 28.408982], [-81.33898, 28.40933], [-81.338148, 28.40944], [-81.337945, 28.409501], [-81.337877, 28.409548], [-81.337832, 28.40961], [-81.337795, 28.409973], [-81.337773, 28.410019], [-81.337708, 28.410062], [-81.337506, 28.410073], [-81.336989, 28.410043], [-81.336658, 28.410127], [-81.336284, 28.410156], [-81.336089, 28.410145], [-81.336202, 28.410012], [-81.336687, 28.409629], [-81.336967, 28.409436], [-81.337122, 28.409301], [-81.337164, 28.40921], [-81.33721, 28.408756], [-81.337436, 28.408709], [-81.337617, 28.408607], [-81.337697, 28.408527], [-81.337738, 28.408409], [-81.337677, 28.408213], [-81.337575, 28.408079], [-81.337401, 28.407969], [-81.337209, 28.40794], [-81.337147, 28.407029], [-81.337075, 28.406922], [-81.336775, 28.406645], [-81.337158, 28.40644], [-81.337385, 28.406614], [-81.337855, 28.406902], [-81.338317, 28.407099], [-81.338561, 28.407152], [-81.338701, 28.407162], [-81.338909, 28.40712], [-81.338981, 28.407046], [-81.338981, 28.406908], [-81.338845, 28.406595], [-81.338823, 28.406457], [-81.338889, 28.406246], [-81.339078, 28.40599], [-81.339119, 28.405822], [-81.339031, 28.405562], [-81.338912, 28.405345], [-81.338866, 28.405115], [-81.33891, 28.405004], [-81.339032, 28.404816], [-81.339411, 28.404408], [-81.339435, 28.4043], [-81.339385, 28.404178], [-81.339252, 28.404029], [-81.338352, 28.403133], [-81.338803, 28.40239], [-81.339003, 28.401675], [-81.339009, 28.401463], [-81.338851, 28.401083], [-81.338591, 28.400754], [-81.338251, 28.400513], [-81.337776, 28.400315], [-81.337553, 28.400178], [-81.337372, 28.399577], [-81.337335, 28.399217], [-81.337362, 28.399002], [-81.33747, 28.398769], [-81.337557, 28.398645], [-81.338115, 28.398018], [-81.338315, 28.397463], [-81.338397, 28.397311], [-81.338572, 28.397277], [-81.339304, 28.39686], [-81.340113, 28.396515], [-81.340566, 28.396396], [-81.341063, 28.396346], [-81.341218, 28.396303], [-81.341322, 28.396206], [-81.341423, 28.395904], [-81.341569, 28.395626], [-81.341573, 28.395555], [-81.341528, 28.395502], [-81.341109, 28.395413], [-81.34099, 28.395362], [-81.340889, 28.395291], [-81.34081, 28.395173], [-81.340686, 28.394845], [-81.340608, 28.394762], [-81.340529, 28.394713], [-81.340217, 28.394651], [-81.33963, 28.394625], [-81.339386, 28.394568], [-81.339147, 28.394479], [-81.338992, 28.394445], [-81.338773, 28.394312], [-81.338489, 28.394215], [-81.338357, 28.394245], [-81.338262, 28.39435], [-81.338134, 28.395378], [-81.338174, 28.395694], [-81.338278, 28.395995], [-81.338265, 28.396237], [-81.33816, 28.396384], [-81.337804, 28.396656], [-81.337649, 28.396849], [-81.337599, 28.397004], [-81.337523, 28.397556], [-81.337465, 28.397682], [-81.337288, 28.397836], [-81.336978, 28.398017], [-81.336277, 28.39826], [-81.335945, 28.398415], [-81.335449, 28.398803], [-81.3351, 28.399214], [-81.334791, 28.399676], [-81.334466, 28.400009], [-81.334252, 28.400287], [-81.334149, 28.400495], [-81.333998, 28.400923], [-81.333994, 28.401574], [-81.334043, 28.401785], [-81.334167, 28.401957], [-81.334462, 28.402182], [-81.334825, 28.402364], [-81.335638, 28.402582], [-81.33576, 28.402654], [-81.336134, 28.402936], [-81.336319, 28.403027], [-81.337111, 28.403209], [-81.337356, 28.403287], [-81.337415, 28.403486], [-81.337531, 28.403742], [-81.337566, 28.403969], [-81.337546, 28.404122], [-81.3374, 28.404436], [-81.337436, 28.404727], [-81.337492, 28.404809], [-81.337816, 28.405089], [-81.338029, 28.40532], [-81.338137, 28.405545], [-81.338145, 28.40569], [-81.338104, 28.405814], [-81.338017, 28.40585], [-81.337916, 28.405814], [-81.337663, 28.405649], [-81.337573, 28.405641], [-81.33749, 28.405669], [-81.337398, 28.405745], [-81.337253, 28.405998], [-81.337059, 28.406221], [-81.336896, 28.406259], [-81.336536, 28.406418], [-81.336037, 28.405925], [-81.336415, 28.405596], [-81.336636, 28.405314], [-81.336762, 28.405058], [-81.336802, 28.404779], [-81.336776, 28.404556], [-81.33669, 28.404262], [-81.336594, 28.404088], [-81.336477, 28.403974], [-81.336317, 28.403872], [-81.336165, 28.403813], [-81.335948, 28.403766], [-81.334305, 28.403724], [-81.334096, 28.403757], [-81.333978, 28.403797], [-81.333881, 28.403854], [-81.333765, 28.403965], [-81.33366, 28.404107], [-81.333573, 28.404281], [-81.333378, 28.404837], [-81.333263, 28.404954], [-81.33315, 28.405006], [-81.332984, 28.405032], [-81.332556, 28.405031], [-81.332318, 28.405059], [-81.332196, 28.405099], [-81.3321, 28.405172], [-81.331973, 28.405351], [-81.331856, 28.405692], [-81.331642, 28.405891], [-81.331598, 28.405988], [-81.331611, 28.40606], [-81.331656, 28.406121], [-81.331925, 28.406351], [-81.331322, 28.406792], [-81.330131, 28.407569], [-81.329616, 28.407869], [-81.32926, 28.408005], [-81.329099, 28.407967], [-81.328923, 28.407969], [-81.328839, 28.407993], [-81.328737, 28.408049], [-81.32827, 28.408064], [-81.327968, 28.408047], [-81.326142, 28.408028], [-81.323351, 28.408067], [-81.322933, 28.408047], [-81.319618, 28.408061], [-81.318328, 28.408031], [-81.318221, 28.408061], [-81.318189, 28.408107], [-81.318168, 28.408446], [-81.317857, 28.408451], [-81.317698, 28.408487], [-81.317594, 28.408435], [-81.317508, 28.408414], [-81.317388, 28.408411], [-81.317289, 28.408434], [-81.317204, 28.40849], [-81.317008, 28.408678], [-81.316876, 28.408854], [-81.316823, 28.408989], [-81.316793, 28.409222], [-81.316759, 28.410031], [-81.316659, 28.410475], [-81.316512, 28.410751], [-81.316085, 28.41114], [-81.31603, 28.411222], [-81.31589, 28.411398], [-81.315847, 28.411479], [-81.315795, 28.411681], [-81.315798, 28.411834], [-81.315831, 28.411978], [-81.315905, 28.412089], [-81.315998, 28.412158], [-81.316198, 28.412254], [-81.316324, 28.412266], [-81.316526, 28.41223], [-81.316681, 28.412171], [-81.316847, 28.412052], [-81.316925, 28.411924], [-81.316949, 28.411787], [-81.316941, 28.411678], [-81.316877, 28.411465], [-81.316936, 28.411352], [-81.316969, 28.411198], [-81.317014, 28.411131], [-81.317189, 28.410983], [-81.317441, 28.410818], [-81.317536, 28.410723], [-81.317675, 28.410384], [-81.317865, 28.410288], [-81.318173, 28.410175], [-81.318168, 28.413789], [-81.317627, 28.413686], [-81.316983, 28.413524], [-81.31677, 28.413532], [-81.316698, 28.413577], [-81.316667, 28.413644], [-81.316697, 28.413709], [-81.316853, 28.413812], [-81.317243, 28.413913], [-81.317364, 28.413967], [-81.317522, 28.414105], [-81.317716, 28.414329], [-81.317878, 28.414481], [-81.318024, 28.41457], [-81.318163, 28.414591], [-81.318175, 28.414882], [-81.318157, 28.42159], [-81.318173, 28.421676], [-81.318231, 28.421736], [-81.318579, 28.421809], [-81.318472, 28.422146], [-81.318497, 28.422441], [-81.318454, 28.422569], [-81.318368, 28.422643], [-81.318228, 28.422724], [-81.317782, 28.422867], [-81.317743, 28.422706], [-81.317768, 28.422201], [-81.317693, 28.421936], [-81.317606, 28.421821], [-81.317466, 28.421742], [-81.317331, 28.421725], [-81.317108, 28.421742], [-81.3169, 28.421504], [-81.316766, 28.421411], [-81.315781, 28.421327], [-81.315621, 28.421272], [-81.315266, 28.421086], [-81.315137, 28.421039], [-81.314768, 28.421023], [-81.313798, 28.421108], [-81.313585, 28.421158], [-81.313537, 28.421196], [-81.313495, 28.421268], [-81.313445, 28.42154], [-81.31343, 28.422012], [-81.313395, 28.422139], [-81.313318, 28.422287], [-81.313301, 28.422505], [-81.313352, 28.422854], [-81.313413, 28.423102], [-81.3134, 28.423368], [-81.313355, 28.423506], [-81.313143, 28.423842], [-81.312979, 28.42425], [-81.312913, 28.424348], [-81.312789, 28.424477], [-81.312514, 28.424654], [-81.31238, 28.42469], [-81.312281, 28.424695], [-81.312051, 28.424631], [-81.312241, 28.424319], [-81.312325, 28.424107], [-81.312296, 28.423904], [-81.312252, 28.42384], [-81.31219, 28.423796], [-81.312122, 28.423811], [-81.312087, 28.423851], [-81.31194, 28.424224], [-81.311827, 28.424366], [-81.311791, 28.424288], [-81.311782, 28.424208], [-81.311838, 28.423745], [-81.311934, 28.423372], [-81.3121, 28.4225], [-81.312207, 28.421823], [-81.312323, 28.421344], [-81.312393, 28.421198], [-81.312402, 28.421059], [-81.312354, 28.420995], [-81.312244, 28.420954], [-81.312077, 28.420952], [-81.311964, 28.420969], [-81.311235, 28.421257], [-81.310902, 28.421338], [-81.310785, 28.421325], [-81.310633, 28.42128], [-81.310279, 28.421058], [-81.310155, 28.421013], [-81.309963, 28.420901], [-81.309628, 28.420832], [-81.309149, 28.420869], [-81.308958, 28.420858], [-81.308465, 28.420359], [-81.308141, 28.419942], [-81.307851, 28.419452], [-81.307711, 28.419115], [-81.308296, 28.418964], [-81.308931, 28.418922], [-81.309224, 28.41893], [-81.310678, 28.41907], [-81.312365, 28.419407], [-81.312521, 28.419416], [-81.312558, 28.419378], [-81.312588, 28.419272], [-81.312895, 28.417064], [-81.312924, 28.416736], [-81.312995, 28.416355], [-81.313034, 28.415858], [-81.313017, 28.415654], [-81.313203, 28.415368], [-81.313439, 28.415513], [-81.313684, 28.415726], [-81.313874, 28.415951], [-81.314039, 28.416206], [-81.31398, 28.416322], [-81.313981, 28.416396], [-81.314122, 28.416544], [-81.314144, 28.416615], [-81.31407, 28.417072], [-81.314047, 28.417358], [-81.314087, 28.417636], [-81.314178, 28.417933], [-81.314185, 28.418174], [-81.314163, 28.418291], [-81.313995, 28.418626], [-81.313826, 28.419105], [-81.31378, 28.419405], [-81.313798, 28.41962], [-81.313816, 28.419672], [-81.31388, 28.419745], [-81.314044, 28.41983], [-81.314858, 28.419985], [-81.315083, 28.419991], [-81.315147, 28.419958], [-81.315188, 28.419888], [-81.315222, 28.419634], [-81.315169, 28.419231], [-81.31517, 28.419031], [-81.315227, 28.418741], [-81.315278, 28.418626], [-81.315343, 28.418542], [-81.315515, 28.418386], [-81.315653, 28.418314], [-81.315876, 28.41827], [-81.316498, 28.418249], [-81.316574, 28.418223], [-81.316612, 28.418159], [-81.316603, 28.418069], [-81.316474, 28.417616], [-81.316434, 28.417361], [-81.316441, 28.417133], [-81.316477, 28.416912], [-81.316668, 28.416297], [-81.316694, 28.416148], [-81.31669, 28.415943], [-81.316582, 28.415738], [-81.316518, 28.415696], [-81.316467, 28.415687], [-81.316363, 28.415729], [-81.315835, 28.416259], [-81.315591, 28.416477], [-81.315527, 28.416414], [-81.315538, 28.416305], [-81.315819, 28.416026], [-81.315845, 28.415916], [-81.315802, 28.415842], [-81.315679, 28.415793], [-81.315548, 28.4158], [-81.31536, 28.415853], [-81.315054, 28.41556], [-81.314836, 28.415235], [-81.314911, 28.414993], [-81.315296, 28.414953], [-81.315531, 28.414861], [-81.315627, 28.4148], [-81.315687, 28.414738], [-81.315701, 28.414663], [-81.315672, 28.414586], [-81.315566, 28.414506], [-81.31535, 28.414495], [-81.314861, 28.414643], [-81.314736, 28.414706], [-81.314336, 28.414747], [-81.314082, 28.414883], [-81.313785, 28.414972], [-81.313515, 28.414971], [-81.313365, 28.414749], [-81.313363, 28.414405], [-81.313313, 28.414282], [-81.313236, 28.414182], [-81.312222, 28.413362], [-81.312094, 28.413292], [-81.311904, 28.413222], [-81.311746, 28.413224], [-81.311366, 28.413325], [-81.311117, 28.413453], [-81.310795, 28.413665], [-81.310498, 28.413794], [-81.310293, 28.413839], [-81.309901, 28.413871], [-81.309568, 28.413937], [-81.309418, 28.413947], [-81.308645, 28.413895], [-81.307927, 28.413907], [-81.307541, 28.413888], [-81.307166, 28.413763], [-81.306727, 28.413532], [-81.306562, 28.413495], [-81.306343, 28.413507], [-81.305387, 28.413622], [-81.304695, 28.413629], [-81.304466, 28.413583], [-81.30403, 28.413432], [-81.303845, 28.41333], [-81.303497, 28.413049], [-81.303558, 28.41297], [-81.303587, 28.412768], [-81.303496, 28.412435], [-81.30346, 28.412094], [-81.303629, 28.411486], [-81.303552, 28.410888], [-81.303563, 28.410706], [-81.303881, 28.409553], [-81.304159, 28.40912], [-81.304239, 28.408951], [-81.304226, 28.408843], [-81.304197, 28.408801], [-81.304131, 28.40876], [-81.303899, 28.408743], [-81.303683, 28.408798], [-81.302866, 28.409292], [-81.302554, 28.409439], [-81.302419, 28.409567], [-81.302329, 28.409736], [-81.302306, 28.40989], [-81.302345, 28.410075], [-81.302723, 28.410728], [-81.302853, 28.411049], [-81.302933, 28.411363], [-81.302925, 28.411676], [-81.30278, 28.412044], [-81.302698, 28.412188], [-81.302489, 28.412061], [-81.302513, 28.411933], [-81.302666, 28.411538], [-81.302694, 28.411323], [-81.302671, 28.411136], [-81.302537, 28.410818], [-81.302437, 28.410652], [-81.302202, 28.410373], [-81.301974, 28.410158], [-81.302008, 28.410027], [-81.301993, 28.409843], [-81.301789, 28.409071], [-81.301736, 28.408761], [-81.301729, 28.408542], [-81.301796, 28.408232], [-81.301946, 28.407904], [-81.302665, 28.407025], [-81.303058, 28.406478], [-81.303468, 28.405736], [-81.303737, 28.405059], [-81.304029, 28.404584], [-81.304436, 28.40408], [-81.304703, 28.403869], [-81.304973, 28.403719], [-81.305306, 28.40369], [-81.305844, 28.403774], [-81.306308, 28.40378], [-81.306482, 28.40383], [-81.306469, 28.404034], [-81.3065, 28.404471], [-81.306491, 28.404882], [-81.30654, 28.405861], [-81.306598, 28.406001], [-81.306672, 28.406075], [-81.306793, 28.406128], [-81.306919, 28.406136], [-81.306999, 28.406105], [-81.307046, 28.406066], [-81.307098, 28.40595], [-81.307139, 28.405246], [-81.307084, 28.405013], [-81.30689, 28.404638], [-81.306843, 28.404395], [-81.306874, 28.404222], [-81.307018, 28.40396], [-81.307061, 28.403837], [-81.307037, 28.403706], [-81.30693, 28.403587], [-81.306997, 28.403492], [-81.307068, 28.403449], [-81.307537, 28.403384], [-81.307633, 28.403339], [-81.307687, 28.403289], [-81.307717, 28.403189], [-81.307687, 28.403119], [-81.307583, 28.403081], [-81.307357, 28.403073], [-81.307282, 28.40305], [-81.307242, 28.402989], [-81.307261, 28.402917], [-81.307421, 28.402783], [-81.307794, 28.402593], [-81.308095, 28.402411], [-81.308451, 28.402081], [-81.308555, 28.401916], [-81.308675, 28.401592], [-81.308698, 28.401475], [-81.308678, 28.401402], [-81.308595, 28.401287], [-81.308488, 28.401217], [-81.308354, 28.401194], [-81.308014, 28.401214], [-81.307779, 28.401176], [-81.307552, 28.401089], [-81.307234, 28.400929], [-81.307033, 28.40088], [-81.306789, 28.400856], [-81.306583, 28.400859], [-81.306002, 28.400963], [-81.305831, 28.400977], [-81.305733, 28.400967], [-81.305658, 28.400934], [-81.305498, 28.4008], [-81.305468, 28.400738], [-81.305465, 28.400593], [-81.305518, 28.400392], [-81.305642, 28.400164], [-81.305718, 28.399977], [-81.305756, 28.399565], [-81.305972, 28.399138], [-81.306203, 28.398867], [-81.306745, 28.398314], [-81.306901, 28.398006], [-81.307031, 28.397832], [-81.307198, 28.397683], [-81.307527, 28.397446], [-81.307731, 28.397251], [-81.307795, 28.397158], [-81.30788, 28.396967], [-81.30806, 28.396438], [-81.308263, 28.395936], [-81.308314, 28.395727], [-81.308312, 28.395492], [-81.308255, 28.395235], [-81.308055, 28.394794], [-81.30798, 28.394447], [-81.308001, 28.394107], [-81.308175, 28.393623], [-81.3084, 28.393405], [-81.308685, 28.393288], [-81.309238, 28.393224], [-81.309422, 28.393229], [-81.309664, 28.393272], [-81.310128, 28.393422], [-81.311031, 28.393848], [-81.311442, 28.394151], [-81.311914, 28.394541], [-81.312207, 28.39474], [-81.312445, 28.394805], [-81.312631, 28.394789], [-81.312827, 28.394893], [-81.31331, 28.395088], [-81.314057, 28.3953], [-81.314825, 28.395424], [-81.314904, 28.395453], [-81.314974, 28.395517], [-81.314846, 28.395551], [-81.314486, 28.395543], [-81.313485, 28.395578], [-81.312677, 28.395563], [-81.311401, 28.395573], [-81.310932, 28.395613], [-81.310813, 28.395662], [-81.310776, 28.3957], [-81.310763, 28.395746], [-81.310781, 28.39579], [-81.310861, 28.395827], [-81.311309, 28.39587], [-81.312927, 28.39591], [-81.31381, 28.395875], [-81.314317, 28.39589], [-81.315001, 28.395876], [-81.315205, 28.395889], [-81.315638, 28.395874], [-81.315696, 28.396003], [-81.316017, 28.396463], [-81.316375, 28.39679], [-81.316545, 28.396864], [-81.316504, 28.397453], [-81.31652, 28.397878], [-81.316233, 28.397958], [-81.315508, 28.397907], [-81.314982, 28.397946], [-81.314666, 28.398008], [-81.313881, 28.398232], [-81.313455, 28.398303], [-81.312699, 28.398332], [-81.311905, 28.398297], [-81.311199, 28.39824], [-81.310981, 28.398247], [-81.310726, 28.398307], [-81.310646, 28.398364], [-81.310584, 28.398447], [-81.31057, 28.398515], [-81.31058, 28.398626], [-81.310691, 28.398868], [-81.310097, 28.399377], [-81.309947, 28.399554], [-81.309917, 28.39964], [-81.309876, 28.399913], [-81.309912, 28.400109], [-81.309977, 28.400211], [-81.310077, 28.400282], [-81.310219, 28.400336], [-81.310354, 28.400328], [-81.310457, 28.400287], [-81.310608, 28.400147], [-81.310798, 28.399846], [-81.311039, 28.399524], [-81.311123, 28.399431], [-81.311213, 28.399376], [-81.31137, 28.399635], [-81.311469, 28.399703], [-81.311575, 28.399725], [-81.311656, 28.399717], [-81.311913, 28.39962], [-81.312191, 28.399541], [-81.313252, 28.399476], [-81.313686, 28.399402], [-81.31393, 28.399333], [-81.314583, 28.399219], [-81.315195, 28.399062], [-81.3158, 28.398789], [-81.315938, 28.398686], [-81.316047, 28.39854], [-81.316334, 28.398529], [-81.316509, 28.398583], [-81.316564, 28.398642], [-81.316583, 28.398692], [-81.316565, 28.398835], [-81.316481, 28.398986], [-81.316014, 28.399524], [-81.315548, 28.400116], [-81.315395, 28.400355], [-81.315245, 28.400645], [-81.315137, 28.400924], [-81.315074, 28.401154], [-81.315, 28.401686], [-81.314888, 28.402188], [-81.314385, 28.403595], [-81.314307, 28.404009], [-81.313617, 28.40427], [-81.313345, 28.404451], [-81.31319, 28.404623], [-81.313112, 28.404758], [-81.312983, 28.40529], [-81.312974, 28.405619], [-81.31305, 28.406059], [-81.313146, 28.406296], [-81.313299, 28.40645], [-81.313445, 28.40653], [-81.313534, 28.406557], [-81.313696, 28.406575], [-81.31379, 28.406556], [-81.313927, 28.406479], [-81.313982, 28.406423], [-81.314058, 28.406303], [-81.314109, 28.406149], [-81.314333, 28.406091], [-81.314419, 28.406014], [-81.31456, 28.405286], [-81.314637, 28.405142], [-81.314922, 28.404731], [-81.315034, 28.404454], [-81.315071, 28.404272], [-81.315067, 28.404059], [-81.315033, 28.403789], [-81.314939, 28.403436], [-81.314938, 28.403191], [-81.315119, 28.402748], [-81.315191, 28.402419], [-81.315355, 28.401981], [-81.31586, 28.400864], [-81.316104, 28.400398], [-81.317044, 28.399157], [-81.317169, 28.399164], [-81.317276, 28.399135], [-81.317442, 28.399039], [-81.317539, 28.398952], [-81.317839, 28.398442], [-81.317983, 28.398154], [-81.318047, 28.397982], [-81.318056, 28.397901], [-81.318003, 28.397801], [-81.317726, 28.397622], [-81.317582, 28.397592], [-81.317417, 28.397658], [-81.317118, 28.397417], [-81.316993, 28.397349], [-81.317068, 28.39671], [-81.317189, 28.396712], [-81.317257, 28.396675], [-81.317289, 28.396601], [-81.317292, 28.396516], [-81.317176, 28.396225], [-81.316948, 28.395941], [-81.316893, 28.395828], [-81.317561, 28.395725], [-81.318053, 28.39561], [-81.318373, 28.395463], [-81.318433, 28.395402], [-81.318431, 28.395351], [-81.318373, 28.395311], [-81.318192, 28.395304], [-81.316845, 28.395475], [-81.316622, 28.395488], [-81.316618, 28.395336], [-81.316705, 28.395119], [-81.316857, 28.394954], [-81.316954, 28.394877], [-81.31716, 28.394767], [-81.317398, 28.394717], [-81.31785, 28.394694], [-81.318127, 28.394748], [-81.318473, 28.394894], [-81.318721, 28.394968], [-81.318825, 28.394977], [-81.319025, 28.394951], [-81.319154, 28.394916], [-81.319286, 28.394852], [-81.319909, 28.394433], [-81.320471, 28.394138], [-81.321116, 28.393926], [-81.321546, 28.393861], [-81.321726, 28.393866], [-81.321697, 28.394015], [-81.321564, 28.394369], [-81.321006, 28.395152], [-81.320823, 28.395442], [-81.320786, 28.395554], [-81.320785, 28.395629], [-81.320855, 28.395763], [-81.320794, 28.395919], [-81.320635, 28.396188], [-81.320464, 28.396456], [-81.320382, 28.396534], [-81.320249, 28.396525], [-81.320061, 28.396579], [-81.319843, 28.39672], [-81.319725, 28.396864], [-81.319682, 28.396971], [-81.319694, 28.397079], [-81.319749, 28.397142], [-81.319934, 28.397262], [-81.319886, 28.397376], [-81.319759, 28.39757], [-81.319511, 28.39748], [-81.318996, 28.397444], [-81.31885, 28.397485], [-81.318761, 28.397595], [-81.318775, 28.397667], [-81.318829, 28.397726], [-81.318926, 28.397787], [-81.319033, 28.39782], [-81.319167, 28.397815], [-81.31949, 28.397717], [-81.319556, 28.397729], [-81.319635, 28.397769], [-81.319493, 28.398029], [-81.318967, 28.398878], [-81.31892, 28.39899], [-81.318899, 28.399105], [-81.318942, 28.399544], [-81.318997, 28.399775], [-81.319074, 28.39998], [-81.319256, 28.400307], [-81.31957, 28.400656], [-81.319727, 28.400768], [-81.319907, 28.400868], [-81.320247, 28.400982], [-81.32039, 28.40101], [-81.32087, 28.401024], [-81.321217, 28.400969], [-81.321735, 28.400805], [-81.322482, 28.400454], [-81.322651, 28.400395], [-81.322984, 28.400756], [-81.323102, 28.400782], [-81.32321, 28.400744], [-81.323288, 28.400655], [-81.32333, 28.400442], [-81.323342, 28.400153], [-81.323299, 28.40002], [-81.323659, 28.399774], [-81.324465, 28.399135], [-81.32464, 28.398972], [-81.325664, 28.397771], [-81.32584, 28.397492], [-81.325958, 28.397168], [-81.326038, 28.397021], [-81.326501, 28.396888], [-81.327126, 28.396813], [-81.327936, 28.396638], [-81.328176, 28.396657], [-81.328601, 28.396754], [-81.328845, 28.396774], [-81.329042, 28.396759], [-81.329264, 28.396662], [-81.329552, 28.396484], [-81.32984, 28.396369], [-81.330045, 28.396262], [-81.330281, 28.396095], [-81.330438, 28.395871], [-81.330554, 28.395534], [-81.330604, 28.395213], [-81.330582, 28.394975], [-81.33053, 28.394833], [-81.330425, 28.39471], [-81.330222, 28.394553], [-81.330171, 28.394458], [-81.330016, 28.394256], [-81.329898, 28.393986], [-81.329833, 28.393242], [-81.329874, 28.393082], [-81.329966, 28.392949], [-81.330487, 28.39249], [-81.330553, 28.392311], [-81.330558, 28.392224], [-81.330527, 28.392157], [-81.33035, 28.392008], [-81.330176, 28.391815], [-81.330086, 28.391547], [-81.330101, 28.391346], [-81.330284, 28.391011], [-81.330294, 28.390892], [-81.330421, 28.390827], [-81.330541, 28.390814], [-81.33086, 28.390968], [-81.331026, 28.391018], [-81.331159, 28.391034], [-81.331531, 28.391009], [-81.331704, 28.391037], [-81.331819, 28.391147], [-81.331972, 28.391415], [-81.332085, 28.39156], [-81.33251, 28.391873], [-81.332612, 28.392016], [-81.332628, 28.392192], [-81.332566, 28.39237], [-81.332071, 28.393001], [-81.331826, 28.393381], [-81.331714, 28.39372], [-81.331693, 28.393956], [-81.331701, 28.394474], [-81.331773, 28.394878], [-81.331914, 28.3953], [-81.332215, 28.395739], [-81.33229, 28.395908], [-81.332361, 28.39625], [-81.332424, 28.396816], [-81.332544, 28.397091], [-81.332705, 28.397269], [-81.332995, 28.397495], [-81.333126, 28.397621], [-81.333263, 28.397829], [-81.333509, 28.398315], [-81.333599, 28.3984], [-81.333701, 28.398442], [-81.333827, 28.398445], [-81.333918, 28.398423], [-81.33405, 28.398363], [-81.33417, 28.398271], [-81.334389, 28.398015], [-81.33466, 28.397553], [-81.334807, 28.397563], [-81.334929, 28.397544], [-81.335747, 28.397221], [-81.336051, 28.39704], [-81.336231, 28.396879], [-81.336481, 28.396567], [-81.336912, 28.395747], [-81.337318, 28.395258], [-81.33738, 28.395101], [-81.337393, 28.394968], [-81.337345, 28.394806], [-81.337192, 28.394601], [-81.336985, 28.394429], [-81.336554, 28.394125], [-81.336365, 28.393936], [-81.336073, 28.393499], [-81.33517, 28.391711], [-81.334855, 28.391346], [-81.33438, 28.390937], [-81.334423, 28.39046], [-81.334459, 28.390317], [-81.334562, 28.390164], [-81.334819, 28.389918], [-81.334901, 28.38978], [-81.334912, 28.389573], [-81.334821, 28.389334], [-81.334669, 28.389142], [-81.334476, 28.388992], [-81.334363, 28.388935], [-81.333977, 28.38885], [-81.333394, 28.388827], [-81.333056, 28.388872], [-81.332911, 28.388919], [-81.332334, 28.389349], [-81.331783, 28.389594], [-81.331127, 28.390011], [-81.330807, 28.390168], [-81.330437, 28.390272], [-81.330081, 28.390337], [-81.328998, 28.390385], [-81.32861, 28.390465], [-81.32845, 28.390571], [-81.32832, 28.390686], [-81.328152, 28.390868], [-81.328102, 28.390979], [-81.328004, 28.391094], [-81.327781, 28.391447], [-81.327432, 28.391826], [-81.327045, 28.392115], [-81.326738, 28.392288], [-81.326646, 28.392378], [-81.326589, 28.392519], [-81.326572, 28.392893], [-81.326511, 28.393093], [-81.326013, 28.39381], [-81.325712, 28.394287], [-81.325564, 28.394514], [-81.325483, 28.394829], [-81.325546, 28.395209], [-81.325694, 28.395642], [-81.325694, 28.395737], [-81.325655, 28.395855], [-81.325301, 28.396282], [-81.324989, 28.396506], [-81.324646, 28.39666], [-81.324036, 28.396809], [-81.323902, 28.396877], [-81.323756, 28.397009], [-81.32373, 28.397085], [-81.323737, 28.397241], [-81.323857, 28.39749], [-81.323915, 28.397673], [-81.323897, 28.397852], [-81.323826, 28.397997], [-81.323718, 28.398147], [-81.323608, 28.398251], [-81.323345, 28.398402], [-81.323113, 28.39851], [-81.32275, 28.398768], [-81.322429, 28.399084], [-81.322275, 28.399273], [-81.32206, 28.399648], [-81.322015, 28.399828], [-81.322033, 28.399924], [-81.322327, 28.400218], [-81.322101, 28.400365], [-81.321609, 28.40059], [-81.321196, 28.40073], [-81.320854, 28.400795], [-81.320514, 28.400793], [-81.320257, 28.40074], [-81.319851, 28.400552], [-81.319587, 28.400348], [-81.319373, 28.400123], [-81.319224, 28.399775], [-81.319166, 28.399508], [-81.319155, 28.399284], [-81.319172, 28.399193], [-81.319416, 28.398614], [-81.31956, 28.398365], [-81.319851, 28.398416], [-81.320367, 28.398584], [-81.320793, 28.398627], [-81.321033, 28.398625], [-81.321237, 28.398601], [-81.321812, 28.39842], [-81.322235, 28.398192], [-81.322656, 28.397901], [-81.322671, 28.397869], [-81.322657, 28.397798], [-81.322455, 28.39761], [-81.322416, 28.397532], [-81.322479, 28.397422], [-81.322849, 28.397097], [-81.322863, 28.396977], [-81.322799, 28.396844], [-81.322758, 28.396563], [-81.322684, 28.396358], [-81.322515, 28.39616], [-81.322331, 28.396056], [-81.322206, 28.396038], [-81.322125, 28.39606], [-81.32176, 28.396307], [-81.321553, 28.396424], [-81.321079, 28.396458], [-81.320805, 28.396424], [-81.320874, 28.396265], [-81.321079, 28.395983], [-81.321262, 28.39599], [-81.32142, 28.395948], [-81.321818, 28.395625], [-81.322097, 28.395454], [-81.322327, 28.39537], [-81.322817, 28.395249], [-81.323296, 28.395058], [-81.323376, 28.395435], [-81.323433, 28.395501], [-81.323513, 28.395513], [-81.323559, 28.395482], [-81.323587, 28.395408], [-81.323568, 28.395073], [-81.323486, 28.394713], [-81.323345, 28.394263], [-81.323411, 28.394192], [-81.323434, 28.394118], [-81.323406, 28.393803], [-81.323445, 28.393426], [-81.323959, 28.393405], [-81.324033, 28.393384], [-81.324066, 28.393335], [-81.324057, 28.393306], [-81.323968, 28.393241], [-81.323667, 28.393078], [-81.323355, 28.392831], [-81.323281, 28.392692], [-81.32328, 28.392592], [-81.323303, 28.392522], [-81.323783, 28.391851], [-81.324156, 28.39141], [-81.32486, 28.390749], [-81.325168, 28.390538], [-81.325427, 28.390433], [-81.325636, 28.390382], [-81.326092, 28.390329], [-81.326333, 28.390344], [-81.32644, 28.390401], [-81.326524, 28.39049], [-81.326609, 28.39085], [-81.326692, 28.390964], [-81.326788, 28.391024], [-81.326902, 28.391055], [-81.32703, 28.391063], [-81.32717, 28.391048], [-81.32736, 28.390991], [-81.327626, 28.39084], [-81.328564, 28.389979], [-81.329419, 28.389226], [-81.329828, 28.388947], [-81.330041, 28.388844], [-81.330236, 28.388812], [-81.331273, 28.388734], [-81.332184, 28.388493], [-81.332945, 28.388262], [-81.333394, 28.388186], [-81.333976, 28.388141], [-81.334597, 28.388123], [-81.33514, 28.388148], [-81.336134, 28.388237], [-81.336307, 28.388232], [-81.336427, 28.3882], [-81.336636, 28.388099], [-81.336751, 28.388], [-81.336783, 28.387864], [-81.336738, 28.387669], [-81.336742, 28.387586], [-81.336782, 28.38752], [-81.33688, 28.387443], [-81.337616, 28.387161], [-81.33856, 28.386756], [-81.33938, 28.38648], [-81.339741, 28.386319], [-81.340182, 28.386071], [-81.341134, 28.385418], [-81.341464, 28.38523], [-81.341966, 28.38482], [-81.342186, 28.384534], [-81.342266, 28.384402], [-81.342279, 28.384329], [-81.342239, 28.384279], [-81.342173, 28.384258], [-81.342009, 28.384134], [-81.341669, 28.383962], [-81.341441, 28.383766], [-81.341369, 28.383658], [-81.34129, 28.383457], [-81.341281, 28.383324], [-81.341344, 28.382999], [-81.341449, 28.382721], [-81.341989, 28.381596], [-81.342282, 28.381141], [-81.342635, 28.380751], [-81.342691, 28.38072], [-81.342852, 28.380697], [-81.34339, 28.38067], [-81.34379, 28.38068], [-81.344361, 28.380754], [-81.344786, 28.380887], [-81.345047, 28.381069], [-81.345715, 28.381717], [-81.345947, 28.38186], [-81.346238, 28.381999], [-81.346837, 28.382178], [-81.348201, 28.382425], [-81.349458, 28.382732], [-81.349719, 28.382828], [-81.350462, 28.383154], [-81.351431, 28.383513], [-81.351805, 28.383704], [-81.352293, 28.384046], [-81.352551, 28.384163], [-81.353089, 28.384366], [-81.35332, 28.384538], [-81.353954, 28.385091], [-81.354125, 28.385212], [-81.354281, 28.385277], [-81.354482, 28.385275], [-81.354594, 28.385561], [-81.354656, 28.385812], [-81.354784, 28.386108], [-81.354774, 28.386207], [-81.354684, 28.3864], [-81.35467, 28.386489], [-81.354697, 28.386557], [-81.354764, 28.386639], [-81.354783, 28.386704], [-81.35475, 28.386769], [-81.354663, 28.38684], [-81.354449, 28.386948], [-81.354364, 28.386968], [-81.354085, 28.386951], [-81.353828, 28.386805], [-81.353556, 28.386739], [-81.353387, 28.38676], [-81.353223, 28.386883], [-81.353139, 28.387004], [-81.353092, 28.387236], [-81.353094, 28.387496], [-81.353163, 28.387798], [-81.35325, 28.387953], [-81.353423, 28.388103], [-81.353617, 28.38818], [-81.353959, 28.388272], [-81.35416, 28.388411], [-81.354264, 28.38854], [-81.354341, 28.388704], [-81.354456, 28.389174], [-81.354496, 28.389262], [-81.354759, 28.389475], [-81.35493, 28.389534], [-81.355022, 28.389511], [-81.355123, 28.389438], [-81.355413, 28.389031], [-81.355826, 28.388668], [-81.355923, 28.388543], [-81.355978, 28.388303], [-81.355975, 28.388029], [-81.355938, 28.387644], [-81.355987, 28.387209], [-81.356104, 28.386911], [-81.356173, 28.386811], [-81.356252, 28.386754], [-81.356306, 28.386819], [-81.356338, 28.38691], [-81.356263, 28.387387], [-81.356266, 28.387478], [-81.35629, 28.387542], [-81.356441, 28.387679], [-81.356641, 28.387813], [-81.356951, 28.387966], [-81.356931, 28.388124], [-81.356951, 28.388434], [-81.356982, 28.388519], [-81.357042, 28.388588], [-81.357245, 28.388703], [-81.357531, 28.388802], [-81.358003, 28.389134], [-81.35813, 28.389161], [-81.358247, 28.389152], [-81.358437, 28.389074], [-81.358576, 28.388953], [-81.358776, 28.388567], [-81.358832, 28.388344], [-81.358813, 28.388198], [-81.358782, 28.388121], [-81.358421, 28.38775], [-81.358346, 28.387635], [-81.35842, 28.387569], [-81.358575, 28.387542], [-81.358813, 28.387439], [-81.359239, 28.387294], [-81.360132, 28.387047], [-81.360342, 28.387023], [-81.360559, 28.387025], [-81.360761, 28.387058], [-81.360916, 28.387106], [-81.361131, 28.387227], [-81.361343, 28.387411], [-81.36209, 28.388306], [-81.36249, 28.38869], [-81.363, 28.389002], [-81.363571, 28.389248], [-81.363949, 28.389438], [-81.364518, 28.389777], [-81.365251, 28.390282], [-81.365188, 28.390518], [-81.364954, 28.390771], [-81.364935, 28.390978], [-81.364951, 28.39114], [-81.364989, 28.391227], [-81.365156, 28.39134], [-81.365268, 28.391523], [-81.365361, 28.39159], [-81.365447, 28.3916], [-81.365572, 28.391587], [-81.365635, 28.391566], [-81.365698, 28.391511], [-81.365712, 28.391343], [-81.36566, 28.390973], [-81.3657, 28.390877], [-81.365832, 28.39095], [-81.365912, 28.391021], [-81.366009, 28.391185], [-81.366044, 28.391304], [-81.366066, 28.391484], [-81.366036, 28.391987], [-81.365967, 28.392395], [-81.365743, 28.39303], [-81.365551, 28.393438], [-81.364943, 28.394437], [-81.364696, 28.39494], [-81.364528, 28.395413], [-81.364497, 28.395553], [-81.364491, 28.395843], [-81.36457, 28.39626], [-81.36467, 28.396499], [-81.364934, 28.396881], [-81.365058, 28.397241], [-81.365075, 28.397472], [-81.365058, 28.397693], [-81.364927, 28.397996], [-81.364777, 28.398188], [-81.364571, 28.398375], [-81.364276, 28.398586], [-81.363898, 28.398807], [-81.363359, 28.399073], [-81.362317, 28.399454], [-81.36212, 28.399472], [-81.361678, 28.399462], [-81.361088, 28.399509], [-81.360974, 28.399531], [-81.360484, 28.39971], [-81.360247, 28.399717], [-81.360062, 28.399641], [-81.360023, 28.399597], [-81.360009, 28.399527], [-81.360038, 28.399435], [-81.360276, 28.399079], [-81.360727, 28.398865], [-81.360916, 28.398745], [-81.361028, 28.398639], [-81.361099, 28.398548], [-81.361153, 28.398418], [-81.361168, 28.398307], [-81.361151, 28.398138], [-81.36103, 28.39786], [-81.360878, 28.397656], [-81.360718, 28.397485], [-81.360518, 28.397305], [-81.360317, 28.397158], [-81.359825, 28.396895], [-81.359811, 28.396785], [-81.359481, 28.396403], [-81.359439, 28.396299], [-81.359435, 28.396154], [-81.359599, 28.395702], [-81.360097, 28.394955], [-81.360674, 28.395099], [-81.360856, 28.395185], [-81.36104, 28.395312], [-81.361273, 28.395603], [-81.36143, 28.395995], [-81.361646, 28.396391], [-81.36177, 28.396536], [-81.361989, 28.396714], [-81.362252, 28.396851], [-81.3625, 28.39691], [-81.362675, 28.396894], [-81.362901, 28.396799], [-81.363133, 28.396574], [-81.363251, 28.396353], [-81.36333, 28.395972], [-81.363352, 28.395261], [-81.363407, 28.395082], [-81.363486, 28.394927], [-81.363922, 28.394325], [-81.364648, 28.393569], [-81.364919, 28.393182], [-81.365009, 28.392878], [-81.365044, 28.392426], [-81.365032, 28.392276], [-81.364948, 28.392044], [-81.36478, 28.391862], [-81.364584, 28.391748], [-81.364219, 28.391631], [-81.364064, 28.391545], [-81.363517, 28.391071], [-81.363178, 28.390607], [-81.363075, 28.390557], [-81.362895, 28.390564], [-81.362721, 28.390643], [-81.362471, 28.390896], [-81.362197, 28.391079], [-81.362092, 28.391214], [-81.361904, 28.391581], [-81.361508, 28.391957], [-81.361259, 28.392094], [-81.360723, 28.392255], [-81.360473, 28.392426], [-81.360292, 28.392676], [-81.360153, 28.393133], [-81.360021, 28.393258], [-81.359938, 28.393145], [-81.359868, 28.392897], [-81.359782, 28.392744], [-81.359639, 28.392612], [-81.359557, 28.392585], [-81.359495, 28.392589], [-81.359373, 28.392648], [-81.359244, 28.39278], [-81.359208, 28.392846], [-81.359112, 28.393178], [-81.358917, 28.393384], [-81.358798, 28.393449], [-81.358577, 28.393533], [-81.358017, 28.393662], [-81.357825, 28.393799], [-81.357737, 28.393951], [-81.357718, 28.394176], [-81.357947, 28.395219], [-81.357998, 28.395553], [-81.358, 28.395711], [-81.357954, 28.395803], [-81.357851, 28.395858], [-81.357674, 28.395839], [-81.357556, 28.395793], [-81.357621, 28.395675], [-81.357666, 28.395492], [-81.357656, 28.395304], [-81.357607, 28.395121], [-81.357294, 28.394696], [-81.357198, 28.394618], [-81.357082, 28.39458], [-81.356913, 28.394542], [-81.356712, 28.394546], [-81.356637, 28.394569], [-81.356526, 28.394657], [-81.356379, 28.39483], [-81.35628, 28.395192], [-81.356193, 28.395388], [-81.356125, 28.395478], [-81.355978, 28.395582], [-81.355775, 28.395692], [-81.355597, 28.395753], [-81.355311, 28.395811], [-81.355004, 28.395822], [-81.354756, 28.395753], [-81.354677, 28.395701], [-81.354609, 28.395625], [-81.354526, 28.395481], [-81.354468, 28.395298], [-81.354359, 28.394653], [-81.354223, 28.394323], [-81.354009, 28.394043], [-81.353774, 28.393858], [-81.353623, 28.393776], [-81.353439, 28.393717], [-81.353199, 28.393692], [-81.352829, 28.393747], [-81.352449, 28.393835], [-81.352233, 28.39386], [-81.351907, 28.393869], [-81.351557, 28.393845], [-81.35038, 28.393674], [-81.350104, 28.393608], [-81.349212, 28.393341], [-81.348936, 28.393313], [-81.348759, 28.39332], [-81.348553, 28.39335], [-81.348409, 28.393407], [-81.348138, 28.393613], [-81.348068, 28.393725], [-81.348022, 28.39396], [-81.348125, 28.394454], [-81.348131, 28.394695], [-81.348098, 28.394875], [-81.347979, 28.39518], [-81.347971, 28.395359], [-81.348038, 28.395626], [-81.34825, 28.39622], [-81.348259, 28.396432], [-81.348228, 28.396737], [-81.348242, 28.396893], [-81.348297, 28.397135], [-81.348403, 28.397403], [-81.34864, 28.39775], [-81.348896, 28.398015], [-81.34916, 28.398173], [-81.349332, 28.398217], [-81.349562, 28.398206], [-81.349644, 28.398182], [-81.349724, 28.398133], [-81.34982, 28.398011], [-81.349813, 28.397821], [-81.349757, 28.3977], [-81.349685, 28.397607], [-81.349241, 28.397277], [-81.349016, 28.39708], [-81.348915, 28.396932], [-81.348882, 28.396763], [-81.348917, 28.396661], [-81.348987, 28.396569], [-81.349361, 28.396278], [-81.349443, 28.396137], [-81.349504, 28.395889], [-81.34962, 28.395782], [-81.349737, 28.395745], [-81.349982, 28.395762], [-81.350123, 28.395729], [-81.350329, 28.395583], [-81.350514, 28.395345], [-81.350715, 28.395143], [-81.350912, 28.395083], [-81.35118, 28.395091], [-81.351537, 28.39516], [-81.351973, 28.395353], [-81.352373, 28.395665], [-81.352767, 28.396084], [-81.352843, 28.396329], [-81.352865, 28.396533], [-81.352774, 28.397087], [-81.352754, 28.397393], [-81.352793, 28.397692], [-81.352881, 28.398087], [-81.35287, 28.398386], [-81.352823, 28.398508], [-81.352739, 28.398612], [-81.352168, 28.399085], [-81.351967, 28.399274], [-81.351775, 28.399376], [-81.351475, 28.399458], [-81.351417, 28.399505], [-81.351315, 28.399654], [-81.35116, 28.400106], [-81.35105, 28.400823], [-81.350902, 28.401383], [-81.350919, 28.401475], [-81.350974, 28.401585], [-81.351197, 28.401768], [-81.351495, 28.401915], [-81.351965, 28.402087], [-81.352102, 28.402109], [-81.352237, 28.402104], [-81.352625, 28.401978], [-81.353259, 28.401573], [-81.353546, 28.401431], [-81.354387, 28.401196], [-81.354708, 28.401144], [-81.355008, 28.401139], [-81.355254, 28.401171], [-81.355829, 28.401333], [-81.356427, 28.40155], [-81.35718, 28.401869], [-81.357689, 28.402219], [-81.357767, 28.402245], [-81.357858, 28.402245], [-81.357945, 28.402222], [-81.358033, 28.402155], [-81.358084, 28.402069], [-81.358093, 28.401993], [-81.358047, 28.401884], [-81.357792, 28.401631], [-81.357737, 28.401526], [-81.35785, 28.401446], [-81.357982, 28.4014], [-81.358173, 28.401376], [-81.358383, 28.401397], [-81.358509, 28.401442], [-81.358623, 28.401514], [-81.359089, 28.401964], [-81.359299, 28.40207], [-81.359414, 28.402083], [-81.359542, 28.402059], [-81.359972, 28.401885], [-81.360242, 28.401849], [-81.360405, 28.401889], [-81.360785, 28.402188], [-81.360899, 28.402221], [-81.36098, 28.402212], [-81.361056, 28.402172], [-81.361131, 28.402094], [-81.361165, 28.402005], [-81.361165, 28.401906], [-81.361097, 28.401738], [-81.360692, 28.401185], [-81.3606, 28.401015], [-81.360545, 28.4007], [-81.360574, 28.400599], [-81.36065, 28.400468], [-81.360798, 28.40042], [-81.360913, 28.400437], [-81.361011, 28.400555], [-81.361112, 28.400793], [-81.361174, 28.400846], [-81.361324, 28.400887], [-81.361379, 28.401174], [-81.361445, 28.401269], [-81.361508, 28.401318], [-81.361622, 28.401353], [-81.36174, 28.401347], [-81.361884, 28.401281], [-81.361971, 28.401206], [-81.362046, 28.401075], [-81.362085, 28.400892], [-81.362073, 28.400743], [-81.362033, 28.40063], [-81.361991, 28.400562], [-81.361907, 28.400508], [-81.361648, 28.40049], [-81.361643, 28.400383], [-81.361667, 28.400334], [-81.361754, 28.400249], [-81.361866, 28.400181], [-81.36277, 28.399814], [-81.363534, 28.399434], [-81.363821, 28.399312], [-81.364082, 28.399263], [-81.364284, 28.399291], [-81.36445, 28.399366], [-81.364607, 28.399481], [-81.364855, 28.399759], [-81.36494, 28.399927], [-81.36494, 28.40006], [-81.364775, 28.400265], [-81.364701, 28.4004], [-81.364707, 28.400541], [-81.364755, 28.400605], [-81.364875, 28.400652], [-81.365121, 28.40061], [-81.365198, 28.400619], [-81.365256, 28.400675], [-81.365338, 28.4009], [-81.365451, 28.401007], [-81.365645, 28.401137], [-81.36628, 28.4014], [-81.366998, 28.401824], [-81.36735, 28.402103], [-81.36763, 28.402473], [-81.367542, 28.402696], [-81.367416, 28.402911], [-81.366953, 28.403425], [-81.366705, 28.403791], [-81.366518, 28.404158], [-81.366448, 28.404353], [-81.366428, 28.404476], [-81.366452, 28.404789], [-81.366437, 28.404899], [-81.366374, 28.404988], [-81.366075, 28.405241], [-81.366007, 28.405375], [-81.365999, 28.405446], [-81.366025, 28.405508], [-81.366087, 28.405555], [-81.36627, 28.405599], [-81.366336, 28.405639], [-81.366409, 28.405727], [-81.366452, 28.405834], [-81.366453, 28.406019], [-81.36642, 28.406192], [-81.366212, 28.406661], [-81.366176, 28.406856], [-81.366192, 28.406955], [-81.366323, 28.407237], [-81.366346, 28.407384], [-81.366109, 28.407413], [-81.364121, 28.407437], [-81.364016, 28.407447], [-81.363945, 28.407477], [-81.363889, 28.407586], [-81.363875, 28.407828], [-81.363899, 28.409508], [-81.363911, 28.409599], [-81.363938, 28.409647], [-81.364031, 28.409695], [-81.364186, 28.409704], [-81.36459, 28.409696], [-81.36497, 28.409665], [-81.365492, 28.409566], [-81.365722, 28.409485], [-81.36582, 28.409431], [-81.36587, 28.409368], [-81.365869, 28.409297], [-81.365636, 28.408924], [-81.36556, 28.408764], [-81.365529, 28.408622], [-81.365566, 28.408405], [-81.365629, 28.408247], [-81.365691, 28.408154], [-81.365792, 28.408096], [-81.365786, 28.408341], [-81.365807, 28.408486], [-81.365853, 28.4086], [-81.366022, 28.408822], [-81.36608, 28.408937], [-81.36613, 28.409194], [-81.366119, 28.409317], [-81.366061, 28.409465], [-81.3659, 28.409641], [-81.365831, 28.409676], [-81.365554, 28.409738], [-81.365307, 28.409827], [-81.365083, 28.410002], [-81.364953, 28.410212], [-81.36461, 28.410952], [-81.364553, 28.411256], [-81.364569, 28.411381], [-81.364634, 28.411483], [-81.364737, 28.411562], [-81.364899, 28.411624], [-81.365037, 28.411621], [-81.365164, 28.411564], [-81.365617, 28.411151], [-81.365754, 28.411067], [-81.365841, 28.411041], [-81.365982, 28.411017], [-81.366095, 28.411022], [-81.366439, 28.411164], [-81.366702, 28.411227], [-81.36685, 28.411214], [-81.36695, 28.411151], [-81.366964, 28.411107], [-81.366949, 28.411052], [-81.366781, 28.41085], [-81.366733, 28.410726], [-81.366745, 28.410254], [-81.366813, 28.409878], [-81.367095, 28.409047], [-81.367127, 28.408896], [-81.367134, 28.408738], [-81.367038, 28.408391], [-81.366821, 28.408054], [-81.366814, 28.407831], [-81.366972, 28.407817], [-81.367489, 28.407823], [-81.368323, 28.407768], [-81.368477, 28.408808], [-81.36852, 28.408867], [-81.368618, 28.408928], [-81.368729, 28.408965], [-81.368835, 28.408967], [-81.368984, 28.40892], [-81.369141, 28.408814], [-81.369377, 28.408621], [-81.36948, 28.408496], [-81.36957, 28.40822], [-81.369553, 28.407721], [-81.369602, 28.4076], [-81.369714, 28.407508], [-81.36988, 28.407487], [-81.370188, 28.40755], [-81.370329, 28.407631], [-81.370752, 28.407954], [-81.370936, 28.408011], [-81.371061, 28.408014], [-81.371141, 28.40798], [-81.371214, 28.407916], [-81.37166, 28.407404], [-81.371803, 28.407335], [-81.371966, 28.407314], [-81.372199, 28.407343], [-81.372548, 28.407489], [-81.37287, 28.407577], [-81.373085, 28.407578], [-81.373207, 28.407542], [-81.373287, 28.40748], [-81.373413, 28.407335], [-81.373628, 28.406895], [-81.373839, 28.406706], [-81.373996, 28.40673], [-81.374121, 28.406693], [-81.374234, 28.406577], [-81.374248, 28.406482], [-81.374154, 28.406295], [-81.37394, 28.40602], [-81.373838, 28.405699], [-81.373783, 28.40559], [-81.373683, 28.405454], [-81.373545, 28.405341], [-81.373333, 28.405235], [-81.373102, 28.405164], [-81.372493, 28.405103], [-81.372099, 28.405111], [-81.371977, 28.405188], [-81.371928, 28.405315], [-81.37195, 28.40539], [-81.372118, 28.405603], [-81.371914, 28.405639], [-81.371748, 28.405613], [-81.371503, 28.405522], [-81.371155, 28.405329], [-81.369908, 28.404908], [-81.369179, 28.404556], [-81.368626, 28.404144], [-81.368196, 28.403729], [-81.368131, 28.403623], [-81.368071, 28.403461], [-81.368105, 28.403191], [-81.368195, 28.402938], [-81.368356, 28.402647], [-81.368477, 28.402518], [-81.368684, 28.402567], [-81.369004, 28.402596], [-81.369404, 28.402474], [-81.369704, 28.402438], [-81.36989, 28.402477], [-81.370105, 28.402579], [-81.370371, 28.402661], [-81.371307, 28.402721], [-81.371944, 28.402831], [-81.372042, 28.402822], [-81.372204, 28.402776], [-81.372248, 28.402738], [-81.372282, 28.402642], [-81.372205, 28.402199], [-81.371994, 28.401645], [-81.371779, 28.401351], [-81.371577, 28.401195], [-81.371361, 28.40114], [-81.371196, 28.401142], [-81.37018, 28.401415], [-81.369805, 28.401456], [-81.369388, 28.401429], [-81.369017, 28.401296], [-81.368665, 28.401077], [-81.368077, 28.40065], [-81.367774, 28.400496], [-81.367518, 28.400433], [-81.367061, 28.400408], [-81.366715, 28.400365], [-81.366443, 28.400297], [-81.366003, 28.400134], [-81.365788, 28.399999], [-81.365637, 28.399865], [-81.365418, 28.399613], [-81.365255, 28.399376], [-81.365177, 28.399155], [-81.365169, 28.399052], [-81.365337, 28.398762], [-81.36554, 28.398507], [-81.365701, 28.398355], [-81.366543, 28.397814], [-81.36669, 28.3976], [-81.366761, 28.397329], [-81.366729, 28.396126], [-81.366562, 28.394621], [-81.366554, 28.393877], [-81.366585, 28.393304], [-81.366647, 28.392719], [-81.36674, 28.392095], [-81.366895, 28.391505], [-81.366956, 28.391351], [-81.367019, 28.391264], [-81.367098, 28.391229], [-81.367258, 28.391245], [-81.367766, 28.391422], [-81.36807, 28.391489], [-81.368858, 28.391719], [-81.369624, 28.391989], [-81.3701, 28.392179], [-81.370623, 28.392352], [-81.371009, 28.392432], [-81.371406, 28.392544], [-81.371779, 28.392724], [-81.373519, 28.393716], [-81.373864, 28.393867], [-81.374227, 28.394002], [-81.374415, 28.394036], [-81.374525, 28.393991], [-81.374552, 28.393927], [-81.374514, 28.3938], [-81.374296, 28.393512], [-81.374216, 28.393367], [-81.374122, 28.392814], [-81.374065, 28.392672], [-81.37376, 28.392282], [-81.373596, 28.391896], [-81.373277, 28.39155], [-81.372949, 28.391329], [-81.372628, 28.391221], [-81.372149, 28.391172], [-81.37158, 28.391164], [-81.371512, 28.391059], [-81.371441, 28.391026], [-81.371296, 28.39103], [-81.371119, 28.391066], [-81.370739, 28.391194], [-81.370539, 28.391354], [-81.370434, 28.391473], [-81.369503, 28.391385], [-81.369318, 28.391344], [-81.369051, 28.391258], [-81.368949, 28.391196], [-81.36889, 28.391091], [-81.368942, 28.390716], [-81.36891, 28.390605], [-81.368847, 28.390534], [-81.368775, 28.390518], [-81.368637, 28.390541], [-81.368403, 28.390681], [-81.368289, 28.390697], [-81.36807, 28.390608], [-81.367856, 28.39041], [-81.367805, 28.390255], [-81.367827, 28.390089], [-81.36797, 28.389846], [-81.368271, 28.389436], [-81.368363, 28.389237], [-81.368433, 28.388956], [-81.368551, 28.388287], [-81.368598, 28.387736], [-81.3686, 28.387544], [-81.368542, 28.387136], [-81.368566, 28.386912], [-81.368623, 28.38683], [-81.368735, 28.386758], [-81.369196, 28.386589], [-81.369235, 28.386531], [-81.369233, 28.386494], [-81.369151, 28.386365], [-81.368692, 28.386005], [-81.3685, 28.385805], [-81.368327, 28.38557], [-81.367958, 28.384933], [-81.367712, 28.384604], [-81.367448, 28.384324], [-81.366892, 28.383851], [-81.366471, 28.383576], [-81.365924, 28.38331], [-81.36546, 28.383215], [-81.364807, 28.383137], [-81.36468, 28.383099], [-81.364618, 28.38306], [-81.364577, 28.382951], [-81.364606, 28.382852], [-81.364967, 28.382423], [-81.364978, 28.382312], [-81.364954, 28.382268], [-81.36491, 28.38224], [-81.364737, 28.382215], [-81.364306, 28.382213], [-81.364049, 28.382251], [-81.363936, 28.382306], [-81.363782, 28.382426], [-81.363479, 28.382793], [-81.363409, 28.382819], [-81.363297, 28.382804], [-81.363131, 28.382717], [-81.362953, 28.382558], [-81.362772, 28.38235], [-81.362604, 28.382101], [-81.362321, 28.381758], [-81.36169, 28.381156], [-81.36143, 28.380987], [-81.36115, 28.380876], [-81.360851, 28.380831], [-81.360609, 28.380862], [-81.360391, 28.381002], [-81.360258, 28.381179], [-81.360217, 28.381376], [-81.360245, 28.381493], [-81.360289, 28.381581], [-81.360467, 28.381774], [-81.360783, 28.382014], [-81.361205, 28.382282], [-81.361799, 28.382624], [-81.361978, 28.382781], [-81.362042, 28.382865], [-81.362085, 28.383064], [-81.362048, 28.383212], [-81.361946, 28.383383], [-81.361648, 28.383738], [-81.360802, 28.384683], [-81.360364, 28.38505], [-81.360001, 28.385242], [-81.359741, 28.385285], [-81.359209, 28.385233], [-81.358006, 28.385178], [-81.357646, 28.385122], [-81.357023, 28.384968], [-81.357044, 28.38483], [-81.357112, 28.384681], [-81.357353, 28.384395], [-81.357738, 28.384016], [-81.357883, 28.383817], [-81.357999, 28.383565], [-81.358115, 28.383439], [-81.358223, 28.383369], [-81.358393, 28.383315], [-81.358708, 28.383243], [-81.359124, 28.383181], [-81.359385, 28.383115], [-81.359769, 28.382884], [-81.36, 28.382651], [-81.360061, 28.382488], [-81.36008, 28.382325], [-81.360071, 28.382242], [-81.360012, 28.38213], [-81.359876, 28.382005], [-81.359483, 28.381827], [-81.359287, 28.381705], [-81.359089, 28.381554], [-81.358766, 28.381383], [-81.35856, 28.381311], [-81.35831, 28.381288], [-81.357771, 28.381287], [-81.357421, 28.381339], [-81.357346, 28.381368], [-81.357216, 28.381468], [-81.356777, 28.38193], [-81.356526, 28.382167], [-81.356145, 28.382437], [-81.355859, 28.382537], [-81.35516, 28.382583], [-81.354941, 28.38265], [-81.354756, 28.382788], [-81.354606, 28.382963], [-81.354504, 28.383231], [-81.354485, 28.383393], [-81.354524, 28.38357], [-81.354632, 28.383765], [-81.354929, 28.384107], [-81.354964, 28.384287], [-81.354971, 28.38458], [-81.354959, 28.384664], [-81.354905, 28.384747], [-81.354094, 28.384072], [-81.353643, 28.383776], [-81.353236, 28.383539], [-81.351927, 28.382836], [-81.351139, 28.382442], [-81.350492, 28.382083], [-81.350019, 28.381852], [-81.349369, 28.381598], [-81.348046, 28.381154], [-81.347427, 28.380869], [-81.346842, 28.380472], [-81.34671, 28.380344], [-81.346654, 28.380246], [-81.346719, 28.380019], [-81.346693, 28.379821], [-81.346155, 28.378759], [-81.346109, 28.378525], [-81.346093, 28.378088], [-81.346042, 28.377908], [-81.345877, 28.37767], [-81.345218, 28.377097], [-81.345149, 28.376992], [-81.3451, 28.376853], [-81.345117, 28.376786], [-81.345153, 28.376741], [-81.345248, 28.37669], [-81.345485, 28.376681], [-81.345926, 28.376728], [-81.346049, 28.376707], [-81.346138, 28.376659], [-81.346267, 28.376539], [-81.346304, 28.376468], [-81.346322, 28.376265], [-81.346292, 28.376012], [-81.346302, 28.375903], [-81.346443, 28.375917], [-81.346498, 28.375962], [-81.346513, 28.376009], [-81.346489, 28.377001], [-81.346523, 28.377284], [-81.346565, 28.377368], [-81.346662, 28.37742], [-81.346834, 28.377438], [-81.347488, 28.377405], [-81.347628, 28.377367], [-81.34768, 28.377294], [-81.347709, 28.377037], [-81.347763, 28.376836], [-81.34772, 28.376122], [-81.347662, 28.376031], [-81.347469, 28.375963], [-81.347398, 28.375914], [-81.347359, 28.375852], [-81.347351, 28.375773], [-81.34738, 28.375651], [-81.347637, 28.375415], [-81.347672, 28.375348], [-81.347667, 28.375313], [-81.347591, 28.375235], [-81.347272, 28.375015], [-81.347096, 28.374949], [-81.346547, 28.374884], [-81.346384, 28.37492], [-81.346301, 28.375015], [-81.346076, 28.375538], [-81.345978, 28.375704], [-81.345769, 28.375663], [-81.345431, 28.375699], [-81.345303, 28.375749], [-81.345006, 28.375956], [-81.344927, 28.37597], [-81.344843, 28.375955], [-81.344559, 28.375811], [-81.344432, 28.375764], [-81.344082, 28.375755], [-81.343901, 28.375693], [-81.343732, 28.375538], [-81.343699, 28.375312], [-81.34366, 28.375253], [-81.343586, 28.375229], [-81.343446, 28.375221], [-81.343362, 28.375192], [-81.343245, 28.375106], [-81.343189, 28.375016], [-81.34317, 28.374813], [-81.343084, 28.374682], [-81.342961, 28.374609], [-81.342765, 28.374591], [-81.342524, 28.374618], [-81.342313, 28.374709], [-81.342188, 28.374842], [-81.341992, 28.375241], [-81.341908, 28.375328], [-81.341663, 28.375466], [-81.341342, 28.375531], [-81.340751, 28.375458], [-81.33964, 28.375246], [-81.339227, 28.37522], [-81.338076, 28.375233], [-81.33721, 28.375193], [-81.336812, 28.375116], [-81.336497, 28.374905], [-81.336263, 28.374854], [-81.334892, 28.374783], [-81.334542, 28.37468], [-81.334145, 28.374485], [-81.333862, 28.374426], [-81.333708, 28.374417], [-81.333427, 28.374433], [-81.33322, 28.37447], [-81.332717, 28.374662], [-81.331938, 28.374895], [-81.331817, 28.374954], [-81.331616, 28.375119], [-81.331489, 28.375167], [-81.331306, 28.375174], [-81.331051, 28.375154], [-81.330888, 28.375189], [-81.330698, 28.375333], [-81.330355, 28.375689], [-81.330206, 28.375785], [-81.329905, 28.375849], [-81.329552, 28.375889], [-81.329354, 28.375931], [-81.329197, 28.37598], [-81.328914, 28.376123], [-81.328429, 28.376184], [-81.328332, 28.376225], [-81.328033, 28.376423], [-81.327854, 28.37646], [-81.32732, 28.37641], [-81.326693, 28.37618], [-81.326166, 28.375867], [-81.325587, 28.375459], [-81.325209, 28.375164], [-81.325057, 28.375019], [-81.324934, 28.374938], [-81.324742, 28.374866], [-81.323618, 28.374661], [-81.323201, 28.374553], [-81.322921, 28.374428], [-81.322401, 28.374151], [-81.322154, 28.374068], [-81.321923, 28.374025], [-81.321238, 28.373969], [-81.320829, 28.373904], [-81.320031, 28.373532], [-81.31954, 28.373328], [-81.317646, 28.372767], [-81.317105, 28.372707], [-81.316687, 28.372711], [-81.315728, 28.372901], [-81.315255, 28.372944], [-81.315121, 28.372929], [-81.31468, 28.372802], [-81.314169, 28.372734], [-81.313492, 28.372683], [-81.312852, 28.372705], [-81.312565, 28.372696], [-81.312137, 28.372592], [-81.311886, 28.37248], [-81.311493, 28.372229], [-81.311114, 28.37193], [-81.311007, 28.371399], [-81.310979, 28.371109], [-81.311004, 28.370635], [-81.311114, 28.36988], [-81.311082, 28.369614], [-81.311211, 28.369208], [-81.311371, 28.368811], [-81.311565, 28.368441], [-81.31176, 28.368138], [-81.31213, 28.36775], [-81.312994, 28.367038], [-81.313373, 28.366693], [-81.313766, 28.366232], [-81.314062, 28.365779], [-81.314327, 28.365101], [-81.314812, 28.363526], [-81.314974, 28.362758], [-81.315136, 28.362324], [-81.315267, 28.362095], [-81.315362, 28.361998], [-81.315639, 28.361778], [-81.31618, 28.361419], [-81.316527, 28.361139], [-81.316821, 28.360795], [-81.317545, 28.359737], [-81.318073, 28.359264], [-81.318558, 28.358643], [-81.319392, 28.357822], [-81.319505, 28.35783], [-81.31963, 28.357812], [-81.320143, 28.357618], [-81.32036, 28.357593], [-81.320518, 28.357628], [-81.320654, 28.357723], [-81.320719, 28.357806], [-81.320743, 28.357948], [-81.320715, 28.358054], [-81.320646, 28.358131], [-81.319953, 28.358573], [-81.319704, 28.358783], [-81.319494, 28.358998], [-81.319364, 28.359156], [-81.319304, 28.359265], [-81.319203, 28.359651], [-81.319035, 28.359685], [-81.318411, 28.359655], [-81.317978, 28.359674], [-81.31783, 28.359712], [-81.317789, 28.35974], [-81.317748, 28.359805], [-81.317749, 28.359889], [-81.317776, 28.359941], [-81.318194, 28.360342], [-81.318253, 28.360472], [-81.318251, 28.360716], [-81.318165, 28.361255], [-81.318118, 28.361732], [-81.318133, 28.362343], [-81.318164, 28.362598], [-81.318217, 28.362755], [-81.318297, 28.362804], [-81.318421, 28.362815], [-81.319305, 28.362791], [-81.320205, 28.362826], [-81.320839, 28.3628], [-81.321022, 28.362774], [-81.321224, 28.362926], [-81.321454, 28.363019], [-81.321742, 28.363038], [-81.321962, 28.362999], [-81.322191, 28.362902], [-81.32237, 28.36278], [-81.322593, 28.362472], [-81.322715, 28.362212], [-81.322751, 28.362044], [-81.322747, 28.361935], [-81.322579, 28.361584], [-81.322516, 28.361157], [-81.322433, 28.36102], [-81.322328, 28.360982], [-81.322204, 28.361001], [-81.32173, 28.361276], [-81.321455, 28.361343], [-81.321358, 28.360034], [-81.321295, 28.359709], [-81.321508, 28.359507], [-81.32157, 28.359424], [-81.321673, 28.35939], [-81.321883, 28.359271], [-81.322836, 28.358651], [-81.323424, 28.35823], [-81.323995, 28.357789], [-81.324445, 28.357303], [-81.324835, 28.356749], [-81.324897, 28.356509], [-81.324879, 28.356215], [-81.324791, 28.355995], [-81.324538, 28.355533], [-81.324403, 28.355348], [-81.324236, 28.355179], [-81.323692, 28.35481], [-81.323582, 28.354698], [-81.323533, 28.354611], [-81.323518, 28.354484], [-81.323568, 28.354238], [-81.323642, 28.354075], [-81.323745, 28.353927], [-81.324061, 28.353583], [-81.324431, 28.353232], [-81.324573, 28.353123], [-81.32472, 28.353053], [-81.32492, 28.352998], [-81.325085, 28.352981], [-81.32655, 28.352939], [-81.32681, 28.352845], [-81.326901, 28.352776], [-81.326953, 28.352706], [-81.326978, 28.352548], [-81.326908, 28.352344], [-81.32678, 28.352161], [-81.326527, 28.351859], [-81.326256, 28.351626], [-81.326038, 28.3515], [-81.325803, 28.351399], [-81.325682, 28.35129], [-81.325654, 28.35122], [-81.325667, 28.351094], [-81.325706, 28.350968], [-81.32577, 28.350858], [-81.326249, 28.350359], [-81.326621, 28.350024], [-81.32691, 28.349796], [-81.327291, 28.34956], [-81.327548, 28.349468], [-81.327786, 28.349425], [-81.328048, 28.349455], [-81.32828, 28.349524], [-81.328432, 28.349591], [-81.32891, 28.34997], [-81.329347, 28.350365], [-81.32955, 28.350504], [-81.329717, 28.350536], [-81.329893, 28.35049], [-81.329991, 28.350369], [-81.33001, 28.350244], [-81.329925, 28.35005], [-81.329441, 28.349152], [-81.329336, 28.348885], [-81.32931, 28.348736], [-81.32934, 28.348624], [-81.329427, 28.348505], [-81.329802, 28.348313], [-81.330078, 28.347994], [-81.340813, 28.347946], [-81.340758, 28.348332], [-81.34077, 28.348423], [-81.340815, 28.348493], [-81.340906, 28.348535], [-81.341025, 28.348499], [-81.341123, 28.348416], [-81.341177, 28.348309], [-81.341237, 28.347944], [-81.34168, 28.347942], [-81.342013, 28.348514], [-81.342242, 28.348771], [-81.342318, 28.348919], [-81.342471, 28.349128], [-81.342516, 28.349231], [-81.342514, 28.349942], [-81.342568, 28.350154], [-81.342685, 28.350281], [-81.343069, 28.350482], [-81.343273, 28.350641], [-81.343399, 28.350786], [-81.343779, 28.351338], [-81.343904, 28.351475], [-81.344188, 28.351713], [-81.34439, 28.351833], [-81.344666, 28.351952], [-81.345234, 28.352122], [-81.345404, 28.352206], [-81.34609, 28.352802], [-81.346574, 28.353015], [-81.34679, 28.353157], [-81.346913, 28.353283], [-81.347053, 28.353533], [-81.347167, 28.353646], [-81.347318, 28.353698], [-81.347443, 28.353665], [-81.347582, 28.353552], [-81.347665, 28.353362], [-81.347678, 28.353148], [-81.347647, 28.352898], [-81.347516, 28.352533], [-81.34729, 28.352163], [-81.347151, 28.351698], [-81.347018, 28.351394], [-81.346904, 28.351178], [-81.346599, 28.350724], [-81.346438, 28.350515], [-81.346256, 28.350337], [-81.34613, 28.350246], [-81.345958, 28.350158], [-81.34535, 28.349985], [-81.344653, 28.349898], [-81.344523, 28.349828], [-81.344468, 28.349742], [-81.344472, 28.349621], [-81.344546, 28.34946], [-81.344769, 28.349154], [-81.344781, 28.349084], [-81.344763, 28.349007], [-81.344655, 28.348845], [-81.344402, 28.348639], [-81.343984, 28.348417], [-81.343833, 28.348317], [-81.34376, 28.348231], [-81.343685, 28.347934], [-81.345593, 28.347928], [-81.345792, 28.348422], [-81.346039, 28.348814], [-81.346298, 28.349161], [-81.346704, 28.349576], [-81.347422, 28.350091], [-81.348028, 28.35045], [-81.348629, 28.350876], [-81.349202, 28.351253], [-81.349657, 28.351649], [-81.350026, 28.352084], [-81.350201, 28.352494], [-81.350221, 28.352615], [-81.350209, 28.352723], [-81.350056, 28.353016], [-81.349563, 28.353604], [-81.349495, 28.353774], [-81.349502, 28.353825], [-81.349532, 28.353868], [-81.34963, 28.353915], [-81.349732, 28.353911], [-81.350483, 28.353527], [-81.350613, 28.353483], [-81.350735, 28.353464], [-81.351, 28.35348], [-81.35175, 28.353701], [-81.352346, 28.353802], [-81.352733, 28.353954], [-81.352909, 28.354099], [-81.353251, 28.354483], [-81.353413, 28.354773], [-81.353477, 28.354937], [-81.353485, 28.35508], [-81.353448, 28.355203], [-81.353237, 28.355533], [-81.35319, 28.355664], [-81.353206, 28.355781], [-81.353293, 28.356015], [-81.353323, 28.356219], [-81.3533, 28.356512], [-81.353225, 28.356879], [-81.352872, 28.357827], [-81.352726, 28.358106], [-81.352561, 28.3583], [-81.352392, 28.358438], [-81.35212, 28.35859], [-81.351392, 28.358798], [-81.351005, 28.358938], [-81.35091, 28.35893], [-81.350837, 28.358883], [-81.350814, 28.358836], [-81.350784, 28.358637], [-81.350723, 28.358538], [-81.350651, 28.358503], [-81.350564, 28.358516], [-81.350359, 28.358637], [-81.349959, 28.358939], [-81.349585, 28.359195], [-81.349267, 28.359346], [-81.348885, 28.359469], [-81.34874, 28.359548], [-81.348519, 28.359747], [-81.348432, 28.359904], [-81.348222, 28.359887], [-81.347187, 28.359918], [-81.346545, 28.35957], [-81.34595, 28.359096], [-81.345329, 28.35868], [-81.345069, 28.358425], [-81.345033, 28.358317], [-81.345073, 28.358171], [-81.345026, 28.357873], [-81.34493, 28.357715], [-81.344778, 28.35758], [-81.344433, 28.357333], [-81.344016, 28.357109], [-81.343634, 28.357004], [-81.34348, 28.356996], [-81.343358, 28.357017], [-81.343016, 28.357198], [-81.34286, 28.357359], [-81.342784, 28.357494], [-81.342758, 28.357614], [-81.342763, 28.357727], [-81.34297, 28.35827], [-81.343, 28.358427], [-81.342938, 28.35873], [-81.342636, 28.359162], [-81.342512, 28.359205], [-81.342303, 28.359151], [-81.34213, 28.359169], [-81.341987, 28.359226], [-81.341829, 28.359375], [-81.341717, 28.359601], [-81.341652, 28.360015], [-81.341493, 28.360471], [-81.341349, 28.360771], [-81.341027, 28.361226], [-81.340977, 28.361344], [-81.340999, 28.361443], [-81.341079, 28.361514], [-81.341189, 28.361542], [-81.341395, 28.361517], [-81.341526, 28.361471], [-81.341896, 28.361283], [-81.342689, 28.360705], [-81.342924, 28.360575], [-81.343055, 28.360593], [-81.343202, 28.36059], [-81.34392, 28.360475], [-81.344333, 28.360491], [-81.344611, 28.360533], [-81.344819, 28.36059], [-81.344968, 28.360673], [-81.345095, 28.360794], [-81.34512, 28.360895], [-81.345081, 28.360974], [-81.344866, 28.361161], [-81.344485, 28.361434], [-81.34437, 28.361567], [-81.34433, 28.361662], [-81.344345, 28.36201], [-81.344407, 28.362383], [-81.34447, 28.362513], [-81.344771, 28.362911], [-81.344787, 28.363016], [-81.34475, 28.363134], [-81.344522, 28.363407], [-81.343746, 28.36411], [-81.342943, 28.364766], [-81.342629, 28.364954], [-81.342409, 28.365011], [-81.34222, 28.365001], [-81.341958, 28.364931], [-81.341562, 28.36477], [-81.34114, 28.364675], [-81.340922, 28.364677], [-81.340751, 28.36473], [-81.340678, 28.364581], [-81.340506, 28.364091], [-81.340308, 28.363603], [-81.340257, 28.363396], [-81.340295, 28.363244], [-81.340408, 28.363014], [-81.340722, 28.362575], [-81.340848, 28.36235], [-81.340912, 28.362101], [-81.340879, 28.361958], [-81.340787, 28.361903], [-81.340635, 28.361918], [-81.340485, 28.36201], [-81.340294, 28.362192], [-81.340042, 28.362511], [-81.339794, 28.362933], [-81.339595, 28.363332], [-81.339553, 28.363569], [-81.339605, 28.363701], [-81.339721, 28.363773], [-81.339974, 28.363825], [-81.340051, 28.363857], [-81.340113, 28.36393], [-81.340102, 28.364021], [-81.34004, 28.364069], [-81.339867, 28.36409], [-81.3396, 28.364057], [-81.339435, 28.364], [-81.339276, 28.363883], [-81.339107, 28.363679], [-81.338972, 28.363353], [-81.33882, 28.36282], [-81.338534, 28.362236], [-81.338422, 28.361896], [-81.338391, 28.36165], [-81.338403, 28.361499], [-81.338456, 28.361361], [-81.338666, 28.36113], [-81.338757, 28.360989], [-81.338807, 28.36074], [-81.338762, 28.360588], [-81.338685, 28.360524], [-81.33858, 28.360493], [-81.338487, 28.360494], [-81.338407, 28.360529], [-81.338279, 28.360661], [-81.338193, 28.360802], [-81.338017, 28.361317], [-81.337956, 28.36136], [-81.337883, 28.36135], [-81.337791, 28.361277], [-81.337711, 28.361178], [-81.337455, 28.360762], [-81.337176, 28.360414], [-81.336959, 28.360227], [-81.33668, 28.36008], [-81.336546, 28.359989], [-81.335985, 28.359444], [-81.335665, 28.359184], [-81.335635, 28.358971], [-81.335529, 28.35868], [-81.335477, 28.358406], [-81.335491, 28.357996], [-81.335591, 28.357391], [-81.335584, 28.357143], [-81.335529, 28.356934], [-81.335396, 28.35668], [-81.335209, 28.356213], [-81.335194, 28.355943], [-81.335225, 28.355788], [-81.335343, 28.355528], [-81.335428, 28.355398], [-81.335664, 28.355165], [-81.335926, 28.354978], [-81.336583, 28.354716], [-81.337708, 28.354388], [-81.337963, 28.354274], [-81.338125, 28.354142], [-81.338373, 28.353793], [-81.338539, 28.353479], [-81.338672, 28.353185], [-81.338739, 28.352889], [-81.33874, 28.352663], [-81.338697, 28.352456], [-81.338546, 28.352176], [-81.338391, 28.352019], [-81.338176, 28.351933], [-81.338004, 28.351905], [-81.337817, 28.351919], [-81.337584, 28.351971], [-81.337394, 28.352045], [-81.337213, 28.352139], [-81.336559, 28.352562], [-81.336054, 28.353019], [-81.335883, 28.353254], [-81.33571, 28.353633], [-81.335589, 28.354068], [-81.335489, 28.354332], [-81.33535, 28.354572], [-81.335223, 28.354697], [-81.335021, 28.354844], [-81.33488, 28.354909], [-81.334696, 28.354946], [-81.334488, 28.354954], [-81.33429, 28.354901], [-81.334116, 28.354801], [-81.333793, 28.354557], [-81.333636, 28.354495], [-81.333525, 28.354473], [-81.333259, 28.354453], [-81.333077, 28.354474], [-81.33282, 28.35456], [-81.332484, 28.354701], [-81.332355, 28.354735], [-81.332188, 28.354746], [-81.332023, 28.354728], [-81.331422, 28.354531], [-81.331096, 28.354492], [-81.330853, 28.354538], [-81.33067, 28.354609], [-81.330117, 28.354907], [-81.329661, 28.355182], [-81.32956, 28.355216], [-81.329469, 28.355214], [-81.329328, 28.355181], [-81.329132, 28.355103], [-81.328533, 28.354759], [-81.328303, 28.354663], [-81.327939, 28.35462], [-81.327378, 28.354683], [-81.326995, 28.354603], [-81.326886, 28.354539], [-81.326696, 28.354382], [-81.325996, 28.353718], [-81.325826, 28.353574], [-81.325675, 28.353517], [-81.325496, 28.353481], [-81.32521, 28.353497], [-81.325118, 28.353554], [-81.325068, 28.353652], [-81.325079, 28.353752], [-81.325123, 28.353879], [-81.325382, 28.354374], [-81.325547, 28.35474], [-81.325623, 28.355157], [-81.32569, 28.357295], [-81.325615, 28.35766], [-81.325531, 28.35784], [-81.325451, 28.357936], [-81.325241, 28.358127], [-81.324875, 28.358326], [-81.324584, 28.358408], [-81.32408, 28.358508], [-81.323605, 28.358638], [-81.323276, 28.35877], [-81.322899, 28.358965], [-81.322585, 28.359182], [-81.322352, 28.359415], [-81.322237, 28.359606], [-81.322216, 28.359763], [-81.322264, 28.359848], [-81.322409, 28.359922], [-81.322993, 28.359955], [-81.323256, 28.359925], [-81.323781, 28.35978], [-81.324078, 28.359677], [-81.324351, 28.359525], [-81.325037, 28.359086], [-81.325307, 28.358976], [-81.325438, 28.358952], [-81.32573, 28.358969], [-81.326441, 28.359131], [-81.32686, 28.359297], [-81.327073, 28.359438], [-81.326744, 28.360277], [-81.326665, 28.360637], [-81.326631, 28.360724], [-81.326491, 28.360902], [-81.326129, 28.361205], [-81.326031, 28.361339], [-81.326037, 28.361375], [-81.32608, 28.361411], [-81.326449, 28.361436], [-81.326504, 28.361455], [-81.326566, 28.361509], [-81.326604, 28.361587], [-81.326621, 28.361702], [-81.326619, 28.362129], [-81.32668, 28.362327], [-81.326775, 28.36248], [-81.326419, 28.36271], [-81.326002, 28.36289], [-81.325854, 28.36303], [-81.325827, 28.363171], [-81.325889, 28.363273], [-81.325997, 28.363353], [-81.326116, 28.363403], [-81.326234, 28.363417], [-81.326402, 28.3634], [-81.326628, 28.363329], [-81.326867, 28.363213], [-81.327167, 28.363035], [-81.327323, 28.362982], [-81.327407, 28.362981], [-81.327497, 28.363009], [-81.327619, 28.363095], [-81.327709, 28.363187], [-81.327819, 28.363361], [-81.327912, 28.363603], [-81.327984, 28.363835], [-81.328037, 28.364156], [-81.328043, 28.364466], [-81.327954, 28.36523], [-81.327951, 28.365961], [-81.32788, 28.366264], [-81.327751, 28.366436], [-81.327603, 28.366527], [-81.327322, 28.366619], [-81.327208, 28.366681], [-81.327022, 28.366873], [-81.326788, 28.367166], [-81.326192, 28.367545], [-81.326011, 28.367733], [-81.325875, 28.367983], [-81.325767, 28.368272], [-81.325764, 28.368394], [-81.325789, 28.368573], [-81.325889, 28.368783], [-81.325999, 28.368904], [-81.326094, 28.368965], [-81.326171, 28.368975], [-81.326302, 28.368953], [-81.326426, 28.368887], [-81.326587, 28.368746], [-81.326758, 28.36853], [-81.326941, 28.368253], [-81.327051, 28.368144], [-81.327116, 28.368106], [-81.327242, 28.368073], [-81.327599, 28.368059], [-81.327757, 28.368025], [-81.327873, 28.367965], [-81.328222, 28.367715], [-81.328519, 28.367604], [-81.329081, 28.367539], [-81.329519, 28.367413], [-81.32983, 28.367405], [-81.330023, 28.367374], [-81.330156, 28.36729], [-81.330225, 28.367178], [-81.331254, 28.367239], [-81.331609, 28.36723], [-81.331652, 28.367203], [-81.331675, 28.367138], [-81.331709, 28.366713], [-81.331702, 28.36655], [-81.331652, 28.366498], [-81.331584, 28.366479], [-81.330887, 28.366402], [-81.329938, 28.366344], [-81.329535, 28.366357], [-81.329332, 28.366175], [-81.329249, 28.366052], [-81.329208, 28.365815], [-81.329242, 28.36555], [-81.329383, 28.365151], [-81.329751, 28.364688], [-81.329914, 28.364436], [-81.32998, 28.364197], [-81.329982, 28.363962], [-81.329822, 28.363367], [-81.329624, 28.362833], [-81.329345, 28.362351], [-81.328801, 28.361548], [-81.328682, 28.361326], [-81.328601, 28.360983], [-81.328628, 28.360876], [-81.328704, 28.360801], [-81.328817, 28.360782], [-81.329002, 28.360811], [-81.329451, 28.360956], [-81.32988, 28.361159], [-81.330289, 28.361324], [-81.330643, 28.361565], [-81.330774, 28.361708], [-81.330872, 28.361856], [-81.33123, 28.362719], [-81.332057, 28.364023], [-81.332358, 28.364401], [-81.332619, 28.364629], [-81.332799, 28.364751], [-81.333028, 28.36487], [-81.333245, 28.364936], [-81.333551, 28.364937], [-81.33384, 28.364853], [-81.333972, 28.364743], [-81.334061, 28.364596], [-81.334119, 28.364326], [-81.334124, 28.364045], [-81.33394, 28.363544], [-81.333686, 28.363095], [-81.333121, 28.362373], [-81.332668, 28.361895], [-81.332418, 28.36167], [-81.332106, 28.361458], [-81.331709, 28.361245], [-81.3305, 28.360946], [-81.33014, 28.360839], [-81.32988, 28.360724], [-81.329771, 28.360641], [-81.329709, 28.36053], [-81.329716, 28.360419], [-81.329818, 28.360085], [-81.329811, 28.360004], [-81.329753, 28.359921], [-81.329687, 28.359883], [-81.329631, 28.359875], [-81.329277, 28.359929], [-81.329136, 28.35992], [-81.328988, 28.359868], [-81.328788, 28.359736], [-81.328998, 28.358944], [-81.329107, 28.358716], [-81.329187, 28.35862], [-81.329301, 28.358563], [-81.329809, 28.358545], [-81.330081, 28.358482], [-81.330299, 28.358389], [-81.330532, 28.358202], [-81.330618, 28.35816], [-81.330774, 28.358247], [-81.331073, 28.358355], [-81.331198, 28.358376], [-81.331331, 28.358367], [-81.331451, 28.358334], [-81.331651, 28.35823], [-81.33205, 28.357923], [-81.33223, 28.357816], [-81.332771, 28.357683], [-81.333012, 28.357684], [-81.333096, 28.35772], [-81.3332, 28.357801], [-81.333414, 28.358062], [-81.333478, 28.358112], [-81.333696, 28.358213], [-81.334125, 28.358345], [-81.334316, 28.358468], [-81.334525, 28.358708], [-81.334753, 28.359105], [-81.334941, 28.359356], [-81.334877, 28.359731], [-81.33477, 28.360812], [-81.334802, 28.36131], [-81.334997, 28.361935], [-81.335083, 28.362583], [-81.335211, 28.36321], [-81.335462, 28.363975], [-81.335557, 28.364352], [-81.335638, 28.364557], [-81.335856, 28.364987], [-81.335938, 28.365112], [-81.336041, 28.365207], [-81.33611, 28.365335], [-81.336303, 28.36557], [-81.33647, 28.365702], [-81.336724, 28.365853], [-81.337044, 28.365926], [-81.337738, 28.365978], [-81.338153, 28.366033], [-81.338339, 28.366079], [-81.339096, 28.3665], [-81.339939, 28.367097], [-81.340294, 28.367231], [-81.340458, 28.367243], [-81.340801, 28.367543], [-81.34088, 28.367576], [-81.341005, 28.367591], [-81.341126, 28.36757], [-81.341239, 28.36751], [-81.341516, 28.367165], [-81.341626, 28.367083], [-81.341739, 28.367042], [-81.34192, 28.367018], [-81.342128, 28.367036], [-81.342277, 28.367095], [-81.342502, 28.367248], [-81.342553, 28.36726], [-81.342634, 28.367241], [-81.343166, 28.36686], [-81.343973, 28.366524], [-81.345104, 28.36582], [-81.345412, 28.365546], [-81.345604, 28.365316], [-81.346203, 28.364788], [-81.34673, 28.364283], [-81.34694, 28.364364], [-81.347026, 28.364376], [-81.347107, 28.364364], [-81.347296, 28.364245], [-81.347532, 28.364037], [-81.34767, 28.363982], [-81.347765, 28.364021], [-81.347902, 28.364198], [-81.347969, 28.364255], [-81.34805, 28.364283], [-81.348113, 28.364275], [-81.348184, 28.364225], [-81.348291, 28.364092], [-81.348373, 28.363922], [-81.348403, 28.3638], [-81.348391, 28.363731], [-81.348308, 28.363657], [-81.347689, 28.36338], [-81.347472, 28.363344], [-81.347354, 28.363359], [-81.347197, 28.363444], [-81.347018, 28.363581], [-81.346834, 28.363754], [-81.346734, 28.363732], [-81.346544, 28.363738], [-81.346448, 28.363693], [-81.346394, 28.36364], [-81.346378, 28.363589], [-81.346382, 28.363359], [-81.346361, 28.363291], [-81.346291, 28.363211], [-81.346115, 28.363088], [-81.346036, 28.362958], [-81.345984, 28.36276], [-81.346002, 28.362522], [-81.346052, 28.362369], [-81.346175, 28.362147], [-81.346347, 28.361958], [-81.346524, 28.361803], [-81.346632, 28.361734], [-81.346775, 28.361679], [-81.347224, 28.361617], [-81.347411, 28.361625], [-81.347628, 28.361527], [-81.347901, 28.361242], [-81.348432, 28.360595], [-81.348707, 28.360391], [-81.348997, 28.360236], [-81.349675, 28.359977], [-81.350288, 28.359806], [-81.350609, 28.359681], [-81.351144, 28.359538], [-81.351679, 28.359356], [-81.352383, 28.359227], [-81.353126, 28.358871], [-81.353326, 28.358838], [-81.35356, 28.358853], [-81.35374, 28.358939], [-81.353882, 28.359078], [-81.353905, 28.359148], [-81.353863, 28.35935], [-81.353775, 28.359538], [-81.353556, 28.359841], [-81.353172, 28.360229], [-81.352944, 28.360524], [-81.352845, 28.360842], [-81.352781, 28.361393], [-81.352736, 28.36154], [-81.352622, 28.361666], [-81.35235, 28.361872], [-81.351732, 28.362136], [-81.351453, 28.362318], [-81.351329, 28.362476], [-81.351191, 28.36286], [-81.351182, 28.363218], [-81.351219, 28.36337], [-81.351271, 28.363472], [-81.351343, 28.36355], [-81.351476, 28.363641], [-81.35185, 28.363831], [-81.351897, 28.363897], [-81.351891, 28.363975], [-81.351823, 28.364067], [-81.351391, 28.364344], [-81.351198, 28.364516], [-81.35107, 28.364681], [-81.35101, 28.364893], [-81.351003, 28.365054], [-81.351057, 28.365303], [-81.351358, 28.365885], [-81.351557, 28.366394], [-81.351674, 28.366493], [-81.351837, 28.366532], [-81.353347, 28.366494], [-81.353686, 28.366398], [-81.353945, 28.366277], [-81.354141, 28.366107], [-81.354247, 28.365933], [-81.354352, 28.365607], [-81.354411, 28.365229], [-81.354424, 28.363732], [-81.354317, 28.363104], [-81.35416, 28.362397], [-81.354022, 28.361453], [-81.353969, 28.36072], [-81.354016, 28.360309], [-81.354119, 28.360014], [-81.354317, 28.35974], [-81.354534, 28.35953], [-81.354635, 28.359463], [-81.354755, 28.359435], [-81.354834, 28.359459], [-81.355303, 28.359801], [-81.355661, 28.359857], [-81.355815, 28.359909], [-81.355949, 28.360003], [-81.356189, 28.360224], [-81.356301, 28.360295], [-81.356497, 28.36034], [-81.356824, 28.360364], [-81.356949, 28.360398], [-81.357173, 28.360549], [-81.35735, 28.36077], [-81.357394, 28.360908], [-81.357369, 28.361088], [-81.357293, 28.36125], [-81.357012, 28.361703], [-81.356845, 28.362023], [-81.356702, 28.362559], [-81.356662, 28.362837], [-81.356671, 28.363006], [-81.356734, 28.363297], [-81.356849, 28.363551], [-81.357026, 28.363822], [-81.357067, 28.363928], [-81.356465, 28.364187], [-81.356349, 28.364295], [-81.356277, 28.364428], [-81.356273, 28.364588], [-81.356311, 28.36476], [-81.356408, 28.365024], [-81.356568, 28.365372], [-81.356617, 28.365569], [-81.356598, 28.365698], [-81.356381, 28.366028], [-81.356362, 28.366141], [-81.356384, 28.36624], [-81.356443, 28.366327], [-81.356508, 28.366379], [-81.356749, 28.36647], [-81.356813, 28.366512], [-81.356854, 28.366578], [-81.356942, 28.366881], [-81.357054, 28.367016], [-81.357279, 28.367145], [-81.357751, 28.367303], [-81.357981, 28.367449], [-81.358358, 28.367846], [-81.3587, 28.368158], [-81.359004, 28.368585], [-81.359134, 28.368691], [-81.359341, 28.368808], [-81.359582, 28.368863], [-81.359841, 28.368898], [-81.360296, 28.368856], [-81.360511, 28.368771], [-81.360729, 28.368607], [-81.360814, 28.368513], [-81.36089, 28.368326], [-81.360914, 28.368101], [-81.360883, 28.367852], [-81.360818, 28.367585], [-81.360795, 28.367255], [-81.36084, 28.367072], [-81.360971, 28.366753], [-81.360991, 28.366632], [-81.360954, 28.366401], [-81.360852, 28.366065], [-81.360863, 28.365804], [-81.361265, 28.365754], [-81.361661, 28.365632], [-81.362265, 28.366207], [-81.362726, 28.366689], [-81.362865, 28.366955], [-81.363044, 28.367467], [-81.363168, 28.367678], [-81.363427, 28.367905], [-81.363906, 28.368239], [-81.364204, 28.368504], [-81.36453, 28.3687], [-81.365168, 28.368883], [-81.365504, 28.369001], [-81.365996, 28.369326], [-81.366164, 28.369405], [-81.366314, 28.369431], [-81.366523, 28.369353], [-81.366612, 28.369342], [-81.366682, 28.369378], [-81.366733, 28.36945], [-81.36682, 28.370165], [-81.366913, 28.370362], [-81.367098, 28.370602], [-81.367162, 28.370725], [-81.367185, 28.370885], [-81.367177, 28.370932], [-81.367134, 28.370982], [-81.367059, 28.37098], [-81.366983, 28.370932], [-81.366696, 28.370599], [-81.366492, 28.3704], [-81.366358, 28.370299], [-81.366255, 28.370264], [-81.366182, 28.370292], [-81.366104, 28.370384], [-81.3661, 28.370467], [-81.36616, 28.370664], [-81.36615, 28.370701], [-81.366094, 28.370736], [-81.366001, 28.370733], [-81.365569, 28.37065], [-81.365332, 28.370666], [-81.364988, 28.370727], [-81.364789, 28.370727], [-81.364523, 28.370673], [-81.364361, 28.370604], [-81.364279, 28.370547], [-81.364005, 28.370279], [-81.363846, 28.370091], [-81.363526, 28.369852], [-81.363185, 28.369735], [-81.363123, 28.36973], [-81.363039, 28.369752], [-81.362991, 28.369811], [-81.362993, 28.369957], [-81.363073, 28.370188], [-81.363163, 28.370331], [-81.363447, 28.370619], [-81.364148, 28.371178], [-81.364258, 28.371315], [-81.363884, 28.371313], [-81.363406, 28.370978], [-81.363185, 28.370889], [-81.362981, 28.370844], [-81.362701, 28.370827], [-81.362415, 28.370844], [-81.36135, 28.371004], [-81.361251, 28.370985], [-81.361178, 28.370945], [-81.36115, 28.37088], [-81.361193, 28.37081], [-81.361508, 28.370667], [-81.361565, 28.370617], [-81.361589, 28.370547], [-81.361582, 28.370467], [-81.361548, 28.370393], [-81.361369, 28.370265], [-81.361309, 28.37019], [-81.361308, 28.370034], [-81.361407, 28.369749], [-81.361422, 28.369644], [-81.361363, 28.369449], [-81.361296, 28.369375], [-81.36121, 28.369331], [-81.36104, 28.369338], [-81.36081, 28.369476], [-81.360662, 28.369499], [-81.360502, 28.369462], [-81.360283, 28.369331], [-81.360129, 28.369268], [-81.359952, 28.369242], [-81.359704, 28.369251], [-81.359477, 28.369324], [-81.359216, 28.369491], [-81.359044, 28.369572], [-81.358912, 28.369597], [-81.358608, 28.369594], [-81.358517, 28.369613], [-81.358423, 28.369681], [-81.358377, 28.369757], [-81.358365, 28.36988], [-81.358429, 28.370112], [-81.358406, 28.370238], [-81.358345, 28.370406], [-81.358372, 28.37055], [-81.358453, 28.370646], [-81.358713, 28.370841], [-81.359021, 28.371284], [-81.35915, 28.371399], [-81.35928, 28.371484], [-81.359361, 28.371513], [-81.359459, 28.371512], [-81.359631, 28.371479], [-81.359765, 28.371431], [-81.359958, 28.371298], [-81.360335, 28.370987], [-81.360474, 28.37091], [-81.360554, 28.370905], [-81.360629, 28.370929], [-81.360763, 28.371043], [-81.360805, 28.371176], [-81.36077, 28.37138], [-81.360666, 28.371587], [-81.36036, 28.372053], [-81.36029, 28.372213], [-81.360284, 28.372358], [-81.360316, 28.372436], [-81.360388, 28.372513], [-81.360492, 28.372571], [-81.360766, 28.372662], [-81.36084, 28.372722], [-81.360894, 28.372809], [-81.360897, 28.372901], [-81.360869, 28.372974], [-81.360628, 28.373209], [-81.360615, 28.373276], [-81.360653, 28.373337], [-81.360749, 28.373385], [-81.360853, 28.373401], [-81.361271, 28.373385], [-81.3614, 28.373395], [-81.361532, 28.373475], [-81.36166, 28.373622], [-81.361707, 28.373732], [-81.361701, 28.373816], [-81.361649, 28.373959], [-81.361533, 28.374157], [-81.361513, 28.374236], [-81.361534, 28.374327], [-81.361622, 28.374402], [-81.3617, 28.37442], [-81.361801, 28.37441], [-81.362175, 28.37425], [-81.362551, 28.374159], [-81.36308, 28.37414], [-81.363543, 28.374192], [-81.363663, 28.374165], [-81.363762, 28.374101], [-81.363814, 28.374018], [-81.363848, 28.373834], [-81.363827, 28.373419], [-81.36388, 28.372918], [-81.363957, 28.372722], [-81.364155, 28.372333], [-81.364202, 28.372065], [-81.364314, 28.372066], [-81.364386, 28.372108], [-81.364445, 28.372194], [-81.364453, 28.372271], [-81.364325, 28.372691], [-81.364077, 28.37316], [-81.364042, 28.373288], [-81.364045, 28.373368], [-81.364173, 28.37352], [-81.364388, 28.37366], [-81.364504, 28.373703], [-81.364614, 28.373699], [-81.364774, 28.373834], [-81.3649, 28.373882], [-81.365075, 28.373853], [-81.365242, 28.373752], [-81.365363, 28.373585], [-81.365423, 28.373358], [-81.365429, 28.373134], [-81.365366, 28.372976], [-81.365457, 28.372846], [-81.365969, 28.372326], [-81.366025, 28.372218], [-81.366044, 28.372076], [-81.366122, 28.371992], [-81.366157, 28.371895], [-81.366156, 28.371782], [-81.366119, 28.371647], [-81.366, 28.371441], [-81.365816, 28.371258], [-81.365678, 28.371148], [-81.365799, 28.370987], [-81.365908, 28.370941], [-81.366028, 28.370978], [-81.366532, 28.371289], [-81.366814, 28.371403], [-81.366943, 28.371415], [-81.367138, 28.371398], [-81.367346, 28.371352], [-81.36752, 28.371291], [-81.367639, 28.371566], [-81.367837, 28.371809], [-81.368106, 28.372004], [-81.36841, 28.372113], [-81.368279, 28.372617], [-81.36827, 28.37278], [-81.368299, 28.372866], [-81.368372, 28.372939], [-81.368464, 28.372988], [-81.368631, 28.373037], [-81.368937, 28.373088], [-81.369044, 28.373143], [-81.369139, 28.373283], [-81.369225, 28.373573], [-81.369437, 28.37377], [-81.369566, 28.373806], [-81.369796, 28.373749], [-81.369973, 28.37361], [-81.370117, 28.373444], [-81.370314, 28.373329], [-81.370438, 28.373331], [-81.370642, 28.373428], [-81.370708, 28.373742], [-81.370886, 28.37416], [-81.371096, 28.374423], [-81.371208, 28.374495], [-81.371303, 28.374528], [-81.371398, 28.374532], [-81.371484, 28.374509], [-81.371673, 28.374397], [-81.372046, 28.374092], [-81.372357, 28.373753], [-81.372442, 28.373538], [-81.372429, 28.373361], [-81.372351, 28.373243], [-81.372103, 28.373006], [-81.371988, 28.372937], [-81.371791, 28.372867], [-81.371094, 28.372769], [-81.371115, 28.372586], [-81.371102, 28.37242], [-81.371075, 28.372349], [-81.370897, 28.372135], [-81.370853, 28.372057], [-81.37082, 28.371898], [-81.370817, 28.371653], [-81.370764, 28.371516], [-81.370589, 28.371347], [-81.370286, 28.371124], [-81.370137, 28.371049], [-81.36991, 28.370969], [-81.369813, 28.370908], [-81.369941, 28.370401], [-81.370633, 28.370191], [-81.371146, 28.369932], [-81.371519, 28.369781], [-81.371782, 28.36976], [-81.372028, 28.369795], [-81.372105, 28.369821], [-81.372246, 28.369929], [-81.372321, 28.370047], [-81.372392, 28.370434], [-81.372386, 28.370532], [-81.372357, 28.3706], [-81.372188, 28.370796], [-81.371944, 28.370937], [-81.371661, 28.370992], [-81.371372, 28.370963], [-81.371088, 28.370862], [-81.370983, 28.370846], [-81.370915, 28.370877], [-81.370858, 28.37093], [-81.370831, 28.371045], [-81.370884, 28.371177], [-81.370963, 28.371263], [-81.371602, 28.371609], [-81.371781, 28.371656], [-81.371991, 28.371669], [-81.372202, 28.371654], [-81.372336, 28.371624], [-81.372529, 28.371531], [-81.372728, 28.371332], [-81.372792, 28.371105], [-81.372813, 28.370766], [-81.372897, 28.37056], [-81.373056, 28.370383], [-81.373505, 28.369994], [-81.373596, 28.369873], [-81.373647, 28.369747], [-81.373667, 28.369618], [-81.373609, 28.369304], [-81.37356, 28.369213], [-81.373445, 28.369081], [-81.372687, 28.36839], [-81.37239, 28.368192], [-81.372242, 28.368141], [-81.372099, 28.368129], [-81.371973, 28.368149], [-81.371714, 28.368257], [-81.370889, 28.368892], [-81.370652, 28.369034], [-81.370426, 28.369105], [-81.370149, 28.36912], [-81.369971, 28.369093], [-81.369697, 28.369015], [-81.369445, 28.368906], [-81.368935, 28.368624], [-81.368783, 28.368562], [-81.368373, 28.368504], [-81.367985, 28.368548], [-81.36775, 28.368519], [-81.367359, 28.368336], [-81.366769, 28.368156], [-81.366641, 28.368087], [-81.36653, 28.367977], [-81.366515, 28.367912], [-81.366527, 28.367879], [-81.366645, 28.367775], [-81.366751, 28.367745], [-81.366951, 28.367742], [-81.367051, 28.367725], [-81.367323, 28.36754], [-81.367387, 28.367537], [-81.367714, 28.367593], [-81.367875, 28.367565], [-81.367924, 28.367525], [-81.367963, 28.367457], [-81.367972, 28.367324], [-81.368607, 28.367251], [-81.368705, 28.367218], [-81.36877, 28.367175], [-81.369183, 28.36714], [-81.369624, 28.367021], [-81.369978, 28.366844], [-81.370039, 28.366792], [-81.370068, 28.366727], [-81.370038, 28.366674], [-81.369932, 28.366652], [-81.369487, 28.366735], [-81.368823, 28.3668], [-81.368781, 28.366649], [-81.368727, 28.3666], [-81.368691, 28.366591], [-81.368408, 28.366599], [-81.367721, 28.366662], [-81.367534, 28.366688], [-81.36746, 28.366725], [-81.367328, 28.366946], [-81.367192, 28.366986], [-81.367026, 28.367076], [-81.366638, 28.367385], [-81.366484, 28.367444], [-81.366329, 28.367465], [-81.366111, 28.367436], [-81.365532, 28.367207], [-81.364858, 28.367123], [-81.364661, 28.36708], [-81.364407, 28.366993], [-81.364137, 28.366762], [-81.364071, 28.366659], [-81.364053, 28.366582], [-81.364122, 28.366376], [-81.364323, 28.366101], [-81.364375, 28.365963], [-81.36438, 28.365712], [-81.364297, 28.36542], [-81.364305, 28.36537], [-81.364351, 28.365308], [-81.364406, 28.365275], [-81.364503, 28.365259], [-81.364872, 28.365287], [-81.365136, 28.36534], [-81.36562, 28.365501], [-81.3661, 28.365575], [-81.366193, 28.365568], [-81.366223, 28.365549], [-81.366237, 28.36549], [-81.366221, 28.365462], [-81.366075, 28.365339], [-81.365892, 28.365231], [-81.365341, 28.365022], [-81.36491, 28.364835], [-81.36477, 28.364827], [-81.364468, 28.364909], [-81.364381, 28.364905], [-81.364302, 28.364874], [-81.364158, 28.364742], [-81.363926, 28.364243], [-81.363868, 28.364192], [-81.363778, 28.36417], [-81.363735, 28.364183], [-81.363679, 28.364233], [-81.36365, 28.364338], [-81.363684, 28.364459], [-81.363827, 28.364777], [-81.363849, 28.364933], [-81.363829, 28.365106], [-81.363777, 28.365179], [-81.363469, 28.365487], [-81.363385, 28.365532], [-81.363332, 28.365527], [-81.363274, 28.365481], [-81.363237, 28.365421], [-81.363137, 28.364922], [-81.363101, 28.364825], [-81.363041, 28.364748], [-81.362913, 28.364643], [-81.362797, 28.364589], [-81.362534, 28.364544], [-81.36217, 28.364517], [-81.362044, 28.364484], [-81.361956, 28.364439], [-81.361821, 28.364286], [-81.361693, 28.363997], [-81.361578, 28.363804], [-81.360914, 28.363009], [-81.360875, 28.362931], [-81.360866, 28.362855], [-81.360919, 28.362487], [-81.360883, 28.362186], [-81.360815, 28.362024], [-81.360478, 28.361492], [-81.360396, 28.361261], [-81.360358, 28.361042], [-81.360379, 28.360835], [-81.360441, 28.360701], [-81.360554, 28.360553], [-81.360836, 28.360263], [-81.360935, 28.360111], [-81.360971, 28.359932], [-81.360927, 28.359717], [-81.360845, 28.359572], [-81.36074, 28.359463], [-81.360404, 28.359267], [-81.360167, 28.359058], [-81.360069, 28.35893], [-81.359929, 28.358668], [-81.359839, 28.35842], [-81.359751, 28.358025], [-81.35966, 28.357064], [-81.359577, 28.356644], [-81.359485, 28.356377], [-81.35929, 28.356047], [-81.358928, 28.355658], [-81.358657, 28.355438], [-81.358153, 28.355083], [-81.357548, 28.354496], [-81.357436, 28.354426], [-81.357033, 28.354275], [-81.356527, 28.353979], [-81.356254, 28.353753], [-81.356049, 28.353469], [-81.355994, 28.353321], [-81.355954, 28.353112], [-81.355925, 28.352699], [-81.356076, 28.351828], [-81.356126, 28.351156], [-81.356108, 28.350915], [-81.35604, 28.350735], [-81.35595, 28.350564], [-81.355428, 28.349968], [-81.355235, 28.349629], [-81.355091, 28.34912], [-81.35486, 28.348561], [-81.35479, 28.347901], [-81.359189, 28.347888], [-81.364739, 28.347896], [-81.364082, 28.348526], [-81.362339, 28.350057], [-81.361972, 28.350463], [-81.361688, 28.350847], [-81.361546, 28.351186], [-81.361482, 28.351398], [-81.361478, 28.351554], [-81.361512, 28.351793], [-81.361548, 28.351886], [-81.361655, 28.35203], [-81.362066, 28.35237], [-81.36218, 28.352432], [-81.362309, 28.352469], [-81.362718, 28.352511], [-81.363263, 28.352456], [-81.363549, 28.352351], [-81.363762, 28.352177], [-81.364101, 28.351852], [-81.364369, 28.351654], [-81.364607, 28.351544], [-81.364979, 28.351405], [-81.365492, 28.351149], [-81.365965, 28.350842], [-81.366154, 28.350673], [-81.366285, 28.350497], [-81.366416, 28.350168], [-81.366548, 28.349758], [-81.366686, 28.349523], [-81.366807, 28.349404], [-81.366939, 28.349319], [-81.367065, 28.349266], [-81.367232, 28.349244], [-81.367544, 28.349297], [-81.367833, 28.349424], [-81.368594, 28.349922], [-81.369365, 28.350486], [-81.369818, 28.350736], [-81.369988, 28.350854], [-81.370078, 28.350949], [-81.370138, 28.351053], [-81.370202, 28.35145], [-81.370263, 28.351595], [-81.370764, 28.352095], [-81.370887, 28.352284], [-81.370915, 28.352448], [-81.370891, 28.352691], [-81.370814, 28.352902], [-81.370684, 28.353072], [-81.370593, 28.353148], [-81.370439, 28.353222], [-81.369962, 28.353306], [-81.369736, 28.353378], [-81.369591, 28.353453], [-81.369344, 28.353626], [-81.368919, 28.354073], [-81.368504, 28.354642], [-81.368243, 28.355071], [-81.36799, 28.355397], [-81.367666, 28.355696], [-81.367554, 28.355751], [-81.36741, 28.355788], [-81.367362, 28.355501], [-81.367335, 28.355085], [-81.367328, 28.354813], [-81.367356, 28.354448], [-81.367329, 28.354378], [-81.367262, 28.354345], [-81.367194, 28.35434], [-81.36659, 28.354361], [-81.366421, 28.354382], [-81.36637, 28.354434], [-81.366359, 28.354512], [-81.366406, 28.355412], [-81.366533, 28.35618], [-81.366535, 28.356312], [-81.366238, 28.356379], [-81.365858, 28.356568], [-81.36575, 28.356659], [-81.365667, 28.356773], [-81.365632, 28.35687], [-81.365639, 28.356951], [-81.365692, 28.357059], [-81.365848, 28.357216], [-81.366399, 28.357513], [-81.36653, 28.357565], [-81.366688, 28.357592], [-81.366783, 28.357585], [-81.3669, 28.357548], [-81.367139, 28.357648], [-81.367509, 28.357909], [-81.367591, 28.357945], [-81.367675, 28.357932], [-81.367704, 28.357882], [-81.367746, 28.357708], [-81.367786, 28.35767], [-81.367859, 28.357654], [-81.367961, 28.357699], [-81.368308, 28.357943], [-81.368435, 28.35798], [-81.368617, 28.357995], [-81.368793, 28.357975], [-81.368939, 28.357917], [-81.3693, 28.357585], [-81.369465, 28.357472], [-81.369565, 28.357448], [-81.369646, 28.357467], [-81.369843, 28.357667], [-81.370082, 28.358056], [-81.370482, 28.358556], [-81.370641, 28.358929], [-81.370731, 28.359092], [-81.371167, 28.359604], [-81.370791, 28.359898], [-81.370733, 28.360001], [-81.37073, 28.36013], [-81.370836, 28.360581], [-81.370816, 28.360964], [-81.370879, 28.361067], [-81.371083, 28.361244], [-81.371459, 28.361488], [-81.371603, 28.361538], [-81.371791, 28.361521], [-81.371919, 28.361436], [-81.372123, 28.361079], [-81.37243, 28.360764], [-81.372517, 28.36045], [-81.372565, 28.360358], [-81.372687, 28.360213], [-81.372794, 28.360142], [-81.372901, 28.360111], [-81.373107, 28.360113], [-81.373512, 28.360266], [-81.373781, 28.360315], [-81.373948, 28.360286], [-81.374346, 28.360174], [-81.37477, 28.360106], [-81.375003, 28.360042], [-81.375365, 28.359918], [-81.375866, 28.359801], [-81.376256, 28.359749], [-81.376566, 28.359768], [-81.376631, 28.359803], [-81.376714, 28.359913], [-81.376866, 28.360331], [-81.376951, 28.360476], [-81.37712, 28.360623], [-81.377246, 28.360648], [-81.37731, 28.360622], [-81.377384, 28.360558], [-81.377595, 28.360101], [-81.377893, 28.359763], [-81.378297, 28.359512], [-81.378487, 28.359482], [-81.378699, 28.359501], [-81.378793, 28.359546], [-81.378954, 28.359698], [-81.379038, 28.359804], [-81.379098, 28.359935], [-81.379075, 28.360372], [-81.378949, 28.360785], [-81.378979, 28.361015], [-81.379086, 28.361159], [-81.379181, 28.361225], [-81.379291, 28.361261], [-81.379471, 28.361259], [-81.379731, 28.361443], [-81.380476, 28.361835], [-81.380732, 28.362052], [-81.380893, 28.362228], [-81.380695, 28.362276], [-81.38017, 28.362316], [-81.379903, 28.362387], [-81.379737, 28.362486], [-81.379546, 28.362645], [-81.379497, 28.362728], [-81.379511, 28.362816], [-81.379592, 28.36289], [-81.379804, 28.362985], [-81.379991, 28.363191], [-81.380106, 28.363254], [-81.380218, 28.363278], [-81.380638, 28.363293], [-81.380964, 28.36344], [-81.381088, 28.36345], [-81.381208, 28.363373], [-81.381245, 28.363303], [-81.381259, 28.363224], [-81.381263, 28.362556], [-81.381192, 28.362338], [-81.382122, 28.361858], [-81.382428, 28.36173], [-81.382976, 28.361595], [-81.383721, 28.361452], [-81.384228, 28.361319], [-81.384383, 28.361803], [-81.384474, 28.361953], [-81.384612, 28.362123], [-81.384806, 28.362295], [-81.385153, 28.362521], [-81.385506, 28.362821], [-81.385775, 28.362951], [-81.385679, 28.363156], [-81.385498, 28.363455], [-81.384604, 28.364819], [-81.384123, 28.365606], [-81.384011, 28.365733], [-81.382839, 28.365795], [-81.382361, 28.365757], [-81.382136, 28.365695], [-81.381837, 28.365526], [-81.381574, 28.365278], [-81.381429, 28.365067], [-81.381221, 28.364657], [-81.381117, 28.364517], [-81.38096, 28.364406], [-81.380737, 28.364339], [-81.380397, 28.364355], [-81.379539, 28.364551], [-81.37923, 28.364643], [-81.379009, 28.364747], [-81.378534, 28.36512], [-81.378386, 28.365177], [-81.378233, 28.365153], [-81.377869, 28.36493], [-81.377678, 28.364849], [-81.377352, 28.364774], [-81.377129, 28.364809], [-81.376942, 28.36493], [-81.376774, 28.365125], [-81.376677, 28.365579], [-81.376719, 28.36581], [-81.376855, 28.366034], [-81.377252, 28.366475], [-81.3777, 28.366808], [-81.377838, 28.366887], [-81.377962, 28.366932], [-81.378363, 28.367128], [-81.378834, 28.367285], [-81.379199, 28.367526], [-81.379633, 28.367897], [-81.380022, 28.368322], [-81.380441, 28.368924], [-81.38053, 28.368994], [-81.380604, 28.369011], [-81.380674, 28.368988], [-81.380719, 28.368935], [-81.380877, 28.368473], [-81.38103, 28.36833], [-81.381235, 28.368236], [-81.38174, 28.368114], [-81.382064, 28.367975], [-81.382297, 28.367815], [-81.382811, 28.367342], [-81.383203, 28.367121], [-81.383541, 28.367014], [-81.383574, 28.367185], [-81.383569, 28.367363], [-81.383356, 28.36802], [-81.383308, 28.368298], [-81.383358, 28.368515], [-81.383413, 28.368571], [-81.383479, 28.368584], [-81.383673, 28.36853], [-81.385111, 28.367792], [-81.38562, 28.367612], [-81.385883, 28.367497], [-81.386441, 28.367137], [-81.386751, 28.366964], [-81.387259, 28.366755], [-81.387524, 28.366678], [-81.38771, 28.366851], [-81.388047, 28.36703], [-81.387874, 28.367431], [-81.387886, 28.367546], [-81.38797, 28.367775], [-81.388011, 28.367984], [-81.388014, 28.368188], [-81.38799, 28.368387], [-81.387894, 28.368762], [-81.387591, 28.369568], [-81.387529, 28.369795], [-81.387529, 28.36992], [-81.387555, 28.369986], [-81.387637, 28.37006], [-81.387706, 28.370082], [-81.387814, 28.370065], [-81.387968, 28.369991], [-81.388041, 28.369924], [-81.388105, 28.369824], [-81.38833, 28.369053], [-81.388938, 28.367423], [-81.388991, 28.367074], [-81.388937, 28.366846], [-81.38889, 28.366789], [-81.388844, 28.366764], [-81.388595, 28.366743], [-81.388523, 28.36645], [-81.388482, 28.36638], [-81.388324, 28.366281], [-81.388046, 28.366214], [-81.388048, 28.366075], [-81.388095, 28.365751], [-81.388245, 28.365644], [-81.388279, 28.365563], [-81.388286, 28.36547], [-81.388214, 28.364844], [-81.388041, 28.363787], [-81.388419, 28.363776], [-81.388839, 28.363724], [-81.389189, 28.363643], [-81.389386, 28.363564], [-81.389599, 28.36362], [-81.389923, 28.363641], [-81.390121, 28.36361], [-81.390411, 28.363492], [-81.390554, 28.363457], [-81.390822, 28.363454], [-81.391054, 28.363496], [-81.39115, 28.363695], [-81.391356, 28.363888], [-81.391454, 28.363929], [-81.391532, 28.36394], [-81.391614, 28.363924], [-81.39169, 28.363883], [-81.391742, 28.363824], [-81.391795, 28.363719], [-81.391832, 28.363591], [-81.391832, 28.363512], [-81.391739, 28.363309], [-81.391552, 28.363121], [-81.391562, 28.36271], [-81.3915, 28.362524], [-81.392221, 28.362106], [-81.392375, 28.361988], [-81.392519, 28.36183], [-81.392617, 28.361655], [-81.392656, 28.36146], [-81.392632, 28.36129], [-81.392519, 28.361067], [-81.392356, 28.360896], [-81.392196, 28.360815], [-81.391993, 28.360792], [-81.391363, 28.360801], [-81.391097, 28.360713], [-81.390877, 28.360597], [-81.39054, 28.360313], [-81.390046, 28.359748], [-81.38925, 28.359102], [-81.389133, 28.35896], [-81.388953, 28.358688], [-81.388722, 28.35847], [-81.388561, 28.358417], [-81.388273, 28.358432], [-81.388172, 28.35849], [-81.387991, 28.358667], [-81.38792, 28.358713], [-81.387794, 28.358746], [-81.387284, 28.358817], [-81.387004, 28.358892], [-81.386736, 28.359017], [-81.38644, 28.35922], [-81.386273, 28.359162], [-81.386119, 28.359144], [-81.384843, 28.359189], [-81.384311, 28.359088], [-81.383969, 28.359082], [-81.383595, 28.359173], [-81.383259, 28.359278], [-81.381796, 28.359798], [-81.381166, 28.359882], [-81.380845, 28.359812], [-81.380393, 28.359645], [-81.379934, 28.359404], [-81.379531, 28.359135], [-81.379181, 28.358861], [-81.379093, 28.358741], [-81.379081, 28.358596], [-81.379115, 28.358384], [-81.379192, 28.358203], [-81.379345, 28.358013], [-81.379496, 28.357893], [-81.38046, 28.35739], [-81.381366, 28.357118], [-81.381866, 28.356906], [-81.381971, 28.356843], [-81.382105, 28.356728], [-81.382257, 28.356536], [-81.382462, 28.356202], [-81.382568, 28.356088], [-81.382677, 28.356009], [-81.383009, 28.355823], [-81.383291, 28.355713], [-81.383875, 28.355571], [-81.384251, 28.355455], [-81.384457, 28.355342], [-81.384584, 28.355192], [-81.384661, 28.354972], [-81.384666, 28.354743], [-81.384575, 28.354428], [-81.384422, 28.354175], [-81.384142, 28.353939], [-81.38365, 28.353654], [-81.383234, 28.353279], [-81.383054, 28.353198], [-81.382792, 28.353111], [-81.382677, 28.353013], [-81.382682, 28.352919], [-81.382753, 28.352829], [-81.382832, 28.352771], [-81.38312, 28.352622], [-81.383309, 28.352487], [-81.38345, 28.352312], [-81.383511, 28.35217], [-81.383526, 28.351989], [-81.383473, 28.351731], [-81.38335, 28.351516], [-81.38314, 28.351242], [-81.38307, 28.351075], [-81.383074, 28.350992], [-81.383112, 28.350886], [-81.383273, 28.350697], [-81.383439, 28.350617], [-81.383676, 28.35058], [-81.383966, 28.350589], [-81.384375, 28.350642], [-81.386187, 28.351125], [-81.38683, 28.351201], [-81.386995, 28.351254], [-81.387073, 28.351366], [-81.387088, 28.351522], [-81.387061, 28.35164], [-81.386899, 28.352045], [-81.386871, 28.352166], [-81.386848, 28.352422], [-81.386927, 28.352687], [-81.38672, 28.352849], [-81.386609, 28.353006], [-81.386544, 28.35324], [-81.386558, 28.353313], [-81.386604, 28.353372], [-81.386491, 28.353619], [-81.386464, 28.353759], [-81.386502, 28.354272], [-81.386591, 28.354635], [-81.386953, 28.355584], [-81.387373, 28.356375], [-81.387713, 28.357169], [-81.387827, 28.357318], [-81.387994, 28.357405], [-81.388078, 28.357395], [-81.388157, 28.357344], [-81.389572, 28.355818], [-81.389658, 28.356021], [-81.389657, 28.356408], [-81.389549, 28.356742], [-81.389316, 28.357278], [-81.389245, 28.357747], [-81.389318, 28.357988], [-81.389461, 28.358185], [-81.389736, 28.358431], [-81.38995, 28.358532], [-81.389889, 28.358732], [-81.389953, 28.358876], [-81.389947, 28.35894], [-81.389913, 28.358971], [-81.389859, 28.358982], [-81.389665, 28.358955], [-81.389634, 28.358975], [-81.389653, 28.359039], [-81.389811, 28.359144], [-81.390366, 28.359447], [-81.390675, 28.35967], [-81.39093, 28.35998], [-81.391149, 28.360409], [-81.391227, 28.36048], [-81.391344, 28.360548], [-81.391502, 28.360583], [-81.391662, 28.360579], [-81.392071, 28.360519], [-81.392303, 28.360438], [-81.392495, 28.36025], [-81.392654, 28.359966], [-81.39284, 28.359698], [-81.393038, 28.359736], [-81.393423, 28.359761], [-81.393775, 28.35975], [-81.394062, 28.359708], [-81.394368, 28.3596], [-81.394535, 28.359522], [-81.394656, 28.359396], [-81.394688, 28.359261], [-81.394652, 28.359163], [-81.394535, 28.359031], [-81.394459, 28.358995], [-81.394337, 28.358985], [-81.39412, 28.359033], [-81.393428, 28.359314], [-81.393178, 28.359351], [-81.392989, 28.359344], [-81.393084, 28.359069], [-81.393113, 28.358815], [-81.393666, 28.358544], [-81.393947, 28.358448], [-81.39426, 28.358443], [-81.394654, 28.358538], [-81.394834, 28.358554], [-81.394924, 28.358533], [-81.395, 28.358495], [-81.39506, 28.358437], [-81.395096, 28.358351], [-81.39509, 28.358216], [-81.395014, 28.358075], [-81.394925, 28.358011], [-81.394706, 28.357917], [-81.394618, 28.357828], [-81.394605, 28.357754], [-81.394671, 28.357488], [-81.394662, 28.35735], [-81.394624, 28.357263], [-81.394485, 28.357082], [-81.39432, 28.356924], [-81.393919, 28.356662], [-81.393706, 28.35648], [-81.393638, 28.356341], [-81.393594, 28.35605], [-81.393506, 28.355902], [-81.393219, 28.35564], [-81.393022, 28.35555], [-81.392808, 28.355487], [-81.392568, 28.355471], [-81.391876, 28.355514], [-81.391346, 28.355515], [-81.391006, 28.355446], [-81.390044, 28.355178], [-81.390646, 28.354311], [-81.390714, 28.354161], [-81.390908, 28.354062], [-81.39141, 28.354021], [-81.391754, 28.353861], [-81.391884, 28.35382], [-81.392047, 28.353786], [-81.392241, 28.353785], [-81.39258, 28.353895], [-81.39292, 28.354114], [-81.393153, 28.354236], [-81.393916, 28.354457], [-81.394425, 28.354753], [-81.394307, 28.354916], [-81.39431, 28.355053], [-81.394375, 28.355127], [-81.394644, 28.355262], [-81.395068, 28.355386], [-81.395876, 28.355436], [-81.396145, 28.355501], [-81.396148, 28.355735], [-81.39623, 28.355851], [-81.396571, 28.356131], [-81.396862, 28.356266], [-81.397081, 28.356404], [-81.397308, 28.356448], [-81.397881, 28.35637], [-81.398056, 28.356368], [-81.398144, 28.356376], [-81.398234, 28.356414], [-81.398328, 28.356498], [-81.398407, 28.3566], [-81.39859, 28.356981], [-81.398787, 28.357175], [-81.398471, 28.357678], [-81.398347, 28.357815], [-81.398222, 28.357918], [-81.398072, 28.357998], [-81.397881, 28.358062], [-81.397181, 28.358204], [-81.397016, 28.358318], [-81.396966, 28.358378], [-81.396955, 28.35843], [-81.396991, 28.358492], [-81.397087, 28.358546], [-81.397422, 28.358594], [-81.397866, 28.358558], [-81.398674, 28.358432], [-81.398863, 28.358432], [-81.39886, 28.358699], [-81.398775, 28.358863], [-81.398502, 28.359063], [-81.398175, 28.359232], [-81.397953, 28.359391], [-81.397787, 28.359573], [-81.397572, 28.359874], [-81.397191, 28.360279], [-81.39695, 28.360416], [-81.396303, 28.360598], [-81.3961, 28.360589], [-81.395896, 28.360604], [-81.395581, 28.360666], [-81.395437, 28.360675], [-81.395345, 28.360701], [-81.395041, 28.360876], [-81.394844, 28.361063], [-81.394621, 28.361337], [-81.394271, 28.361602], [-81.394194, 28.361729], [-81.394152, 28.362006], [-81.394162, 28.362157], [-81.394253, 28.362295], [-81.394453, 28.362455], [-81.394486, 28.362554], [-81.394211, 28.363029], [-81.394073, 28.363377], [-81.394051, 28.363541], [-81.394107, 28.36364], [-81.394204, 28.363727], [-81.394592, 28.36392], [-81.394703, 28.36404], [-81.394818, 28.364233], [-81.394864, 28.364449], [-81.394915, 28.365147], [-81.394993, 28.365564], [-81.394999, 28.365849], [-81.39496, 28.366028], [-81.394854, 28.366274], [-81.394752, 28.366427], [-81.394603, 28.366585], [-81.394256, 28.366817], [-81.3937, 28.367024], [-81.39335, 28.367012], [-81.39311, 28.366966], [-81.392888, 28.366858], [-81.392533, 28.366629], [-81.392305, 28.366544], [-81.39195, 28.366547], [-81.391867, 28.366587], [-81.391762, 28.366672], [-81.391689, 28.366779], [-81.391672, 28.366892], [-81.391702, 28.367245], [-81.391749, 28.367438], [-81.391868, 28.367665], [-81.392253, 28.368103], [-81.392382, 28.368327], [-81.392347, 28.368449], [-81.392373, 28.368562], [-81.392775, 28.369099], [-81.3929, 28.369188], [-81.393176, 28.369176], [-81.393405, 28.369047], [-81.393974, 28.368546], [-81.394408, 28.368051], [-81.394708, 28.367777], [-81.395318, 28.367395], [-81.395565, 28.367325], [-81.395677, 28.367344], [-81.39578, 28.3674], [-81.395984, 28.367651], [-81.396133, 28.367753], [-81.396638, 28.367873], [-81.396844, 28.36796], [-81.397244, 28.368176], [-81.397488, 28.368271], [-81.397803, 28.368327], [-81.397865, 28.368318], [-81.397915, 28.368282], [-81.39792, 28.368252], [-81.397896, 28.36821], [-81.397197, 28.367575], [-81.396755, 28.367073], [-81.396442, 28.366667], [-81.396307, 28.366412], [-81.396249, 28.366204], [-81.396254, 28.365988], [-81.396334, 28.365634], [-81.396356, 28.365417], [-81.396344, 28.365286], [-81.396269, 28.365058], [-81.396222, 28.364985], [-81.396149, 28.364952], [-81.395845, 28.364991], [-81.395757, 28.364978], [-81.395655, 28.364919], [-81.395549, 28.364822], [-81.395369, 28.364563], [-81.395197, 28.364229], [-81.395116, 28.36395], [-81.395121, 28.363704], [-81.395181, 28.363559], [-81.395325, 28.363382], [-81.395454, 28.363268], [-81.395668, 28.363128], [-81.395959, 28.363018], [-81.396493, 28.362922], [-81.396898, 28.362808], [-81.397067, 28.362731], [-81.397267, 28.362591], [-81.397367, 28.362455], [-81.397442, 28.362271], [-81.397498, 28.362043], [-81.397578, 28.361347], [-81.397719, 28.361024], [-81.397787, 28.360913], [-81.397982, 28.360691], [-81.398272, 28.360466], [-81.398896, 28.360173], [-81.399116, 28.360031], [-81.399289, 28.359811], [-81.399424, 28.359443], [-81.399542, 28.359241], [-81.399747, 28.359048], [-81.400059, 28.358873], [-81.400609, 28.35911], [-81.401101, 28.359186], [-81.401519, 28.359133], [-81.401898, 28.359027], [-81.402673, 28.358647], [-81.402981, 28.35855], [-81.403187, 28.358531], [-81.403306, 28.358545], [-81.403457, 28.358614], [-81.403569, 28.358724], [-81.403625, 28.358823], [-81.403647, 28.358922], [-81.40366, 28.359176], [-81.403631, 28.359398], [-81.403576, 28.359565], [-81.403515, 28.359677], [-81.40331, 28.359881], [-81.403133, 28.359956], [-81.40297, 28.359988], [-81.401666, 28.360117], [-81.401423, 28.360201], [-81.401183, 28.360371], [-81.400987, 28.360324], [-81.400366, 28.360272], [-81.399987, 28.360192], [-81.399875, 28.360212], [-81.399828, 28.360291], [-81.399821, 28.3604], [-81.399845, 28.360503], [-81.399892, 28.360561], [-81.399962, 28.360601], [-81.400494, 28.360683], [-81.400851, 28.360769], [-81.401084, 28.360791], [-81.401214, 28.360982], [-81.401394, 28.361176], [-81.401545, 28.361314], [-81.401707, 28.361413], [-81.402214, 28.361552], [-81.402372, 28.361542], [-81.402688, 28.361488], [-81.40289, 28.361504], [-81.403005, 28.36155], [-81.403117, 28.361634], [-81.403164, 28.361692], [-81.403202, 28.361781], [-81.403139, 28.361924], [-81.403116, 28.362089], [-81.403124, 28.363313], [-81.403101, 28.36343], [-81.403054, 28.363496], [-81.402978, 28.363517], [-81.402901, 28.363513], [-81.402621, 28.363411], [-81.401946, 28.362994], [-81.40158, 28.362824], [-81.401281, 28.362741], [-81.401088, 28.362733], [-81.400815, 28.362273], [-81.400644, 28.362129], [-81.400567, 28.362111], [-81.400524, 28.362124], [-81.400432, 28.362193], [-81.400351, 28.362369], [-81.400312, 28.362635], [-81.400291, 28.362999], [-81.400143, 28.363138], [-81.400101, 28.36328], [-81.40013, 28.363491], [-81.400256, 28.363731], [-81.400403, 28.363879], [-81.400568, 28.363997], [-81.401402, 28.364399], [-81.401496, 28.364484], [-81.401609, 28.364635], [-81.401709, 28.364952], [-81.401739, 28.365572], [-81.401944, 28.366254], [-81.401942, 28.366534], [-81.401835, 28.366811], [-81.401552, 28.36718], [-81.401194, 28.36758], [-81.401097, 28.367742], [-81.400618, 28.368026], [-81.400451, 28.36815], [-81.400249, 28.368361], [-81.400158, 28.368506], [-81.400076, 28.368763], [-81.400059, 28.368959], [-81.400105, 28.369516], [-81.400154, 28.369685], [-81.400085, 28.370286], [-81.400031, 28.370475], [-81.399962, 28.370602], [-81.399856, 28.370748], [-81.399697, 28.370898], [-81.399062, 28.371364], [-81.398833, 28.371436], [-81.397395, 28.372239], [-81.397038, 28.372373], [-81.396432, 28.372502], [-81.396133, 28.37262], [-81.395969, 28.372765], [-81.395852, 28.372949], [-81.395752, 28.373263], [-81.395754, 28.37342], [-81.395586, 28.373788], [-81.395533, 28.373863], [-81.395484, 28.373897], [-81.395405, 28.373889], [-81.395331, 28.373847], [-81.395007, 28.373554], [-81.395033, 28.373368], [-81.394992, 28.373151], [-81.394883, 28.373043], [-81.394825, 28.373024], [-81.39473, 28.373028], [-81.394658, 28.373061], [-81.394537, 28.373165], [-81.394449, 28.373285], [-81.394427, 28.37335], [-81.394434, 28.373431], [-81.394461, 28.373484], [-81.394658, 28.373642], [-81.394594, 28.37386], [-81.394474, 28.374108], [-81.394457, 28.374284], [-81.394543, 28.374442], [-81.394766, 28.374671], [-81.394877, 28.374849], [-81.39491, 28.375013], [-81.394846, 28.37538], [-81.394368, 28.375376], [-81.393863, 28.375347], [-81.393163, 28.375234], [-81.392302, 28.375162], [-81.391771, 28.375225], [-81.391564, 28.375291], [-81.391271, 28.375416], [-81.390785, 28.375549], [-81.390666, 28.375513], [-81.390417, 28.375512], [-81.389879, 28.37563], [-81.389537, 28.375674], [-81.389363, 28.375674], [-81.389005, 28.375626], [-81.388393, 28.375487], [-81.388212, 28.375429], [-81.387707, 28.375205], [-81.387584, 28.375117], [-81.387513, 28.37501], [-81.387525, 28.374896], [-81.387563, 28.374786], [-81.387668, 28.374637], [-81.387758, 28.374564], [-81.387843, 28.374542], [-81.38798, 28.374543], [-81.388351, 28.374637], [-81.388517, 28.374631], [-81.388598, 28.374576], [-81.388716, 28.374358], [-81.388788, 28.374287], [-81.38887, 28.37426], [-81.389147, 28.374228], [-81.389258, 28.374189], [-81.389484, 28.374065], [-81.389664, 28.373884], [-81.389693, 28.373747], [-81.389647, 28.373486], [-81.389706, 28.373251], [-81.38971, 28.37314], [-81.389615, 28.372809], [-81.389619, 28.372411], [-81.389598, 28.372212], [-81.389546, 28.37202], [-81.389457, 28.371855], [-81.389389, 28.371793], [-81.38927, 28.371751], [-81.388823, 28.371766], [-81.388586, 28.371743], [-81.388439, 28.371673], [-81.388198, 28.371494], [-81.388121, 28.371464], [-81.387951, 28.371458], [-81.387787, 28.371513], [-81.38757, 28.371697], [-81.387281, 28.371867], [-81.387233, 28.371923], [-81.387216, 28.372], [-81.387229, 28.372107], [-81.387324, 28.372367], [-81.387381, 28.372747], [-81.387432, 28.372826], [-81.387694, 28.373115], [-81.387732, 28.373222], [-81.387721, 28.373302], [-81.387661, 28.37338], [-81.387535, 28.373424], [-81.387204, 28.373369], [-81.387012, 28.373366], [-81.3866, 28.373356], [-81.386369, 28.373388], [-81.38613, 28.373448], [-81.385868, 28.373583], [-81.385405, 28.373953], [-81.385272, 28.374005], [-81.385081, 28.374034], [-81.384873, 28.374011], [-81.384736, 28.373976], [-81.384069, 28.37368], [-81.383459, 28.373478], [-81.382306, 28.373217], [-81.381421, 28.373095], [-81.380678, 28.372871], [-81.38034, 28.372818], [-81.380012, 28.372836], [-81.379246, 28.373022], [-81.378443, 28.373107], [-81.377624, 28.373355], [-81.377042, 28.373197], [-81.376789, 28.373062], [-81.37662, 28.372873], [-81.376392, 28.37242], [-81.376193, 28.372181], [-81.376004, 28.372111], [-81.375681, 28.372143], [-81.375599, 28.372011], [-81.375532, 28.371791], [-81.375419, 28.371534], [-81.375174, 28.371194], [-81.375003, 28.371005], [-81.37482, 28.370895], [-81.374628, 28.370824], [-81.374511, 28.370809], [-81.374373, 28.370825], [-81.374221, 28.370891], [-81.374005, 28.37105], [-81.373807, 28.371308], [-81.373765, 28.371454], [-81.373753, 28.371763], [-81.373791, 28.371979], [-81.373907, 28.372401], [-81.373927, 28.372757], [-81.373845, 28.373008], [-81.373618, 28.373368], [-81.373583, 28.373553], [-81.373617, 28.373809], [-81.373659, 28.373915], [-81.373807, 28.374087], [-81.373942, 28.374169], [-81.374069, 28.37418], [-81.374471, 28.374161], [-81.375003, 28.374026], [-81.375493, 28.373991], [-81.37568, 28.374023], [-81.375862, 28.374099], [-81.376213, 28.374419], [-81.376396, 28.374621], [-81.376503, 28.374821], [-81.376556, 28.375006], [-81.376619, 28.375689], [-81.376766, 28.376038], [-81.376849, 28.376118], [-81.377034, 28.376249], [-81.377594, 28.376487], [-81.37773, 28.376574], [-81.377792, 28.376632], [-81.377836, 28.376721], [-81.377838, 28.376768], [-81.377807, 28.376833], [-81.377718, 28.376881], [-81.377604, 28.376891], [-81.377475, 28.376879], [-81.377268, 28.376829], [-81.376456, 28.376411], [-81.375994, 28.376247], [-81.375678, 28.376211], [-81.375494, 28.376212], [-81.375227, 28.376241], [-81.375003, 28.37629], [-81.374791, 28.376453], [-81.374407, 28.376865], [-81.373916, 28.377344], [-81.373704, 28.377491], [-81.373322, 28.377707], [-81.373208, 28.377793], [-81.373052, 28.377981], [-81.373017, 28.378111], [-81.373039, 28.378259], [-81.373196, 28.378591], [-81.373277, 28.378683], [-81.373381, 28.378736], [-81.373573, 28.378765], [-81.374149, 28.37872], [-81.375003, 28.378775], [-81.375203, 28.378807], [-81.375398, 28.378874], [-81.375787, 28.379135], [-81.375998, 28.379236], [-81.376404, 28.379383], [-81.376625, 28.379399], [-81.376955, 28.379339], [-81.377503, 28.379039], [-81.377943, 28.378873], [-81.378159, 28.378842], [-81.378698, 28.378885], [-81.378924, 28.378809], [-81.379251, 28.378601], [-81.379411, 28.378577], [-81.379579, 28.378592], [-81.379699, 28.37863], [-81.379886, 28.378755], [-81.380045, 28.378951], [-81.380158, 28.379159], [-81.380308, 28.379287], [-81.380652, 28.379452], [-81.381064, 28.379745], [-81.381528, 28.379915], [-81.381936, 28.380187], [-81.382266, 28.380309], [-81.382398, 28.380339], [-81.382608, 28.380329], [-81.38283, 28.380289], [-81.38345, 28.380124], [-81.383866, 28.380106], [-81.384248, 28.380121], [-81.38442, 28.380091], [-81.384697, 28.379943], [-81.385191, 28.379518], [-81.385331, 28.37944], [-81.385499, 28.379392], [-81.385725, 28.379387], [-81.385939, 28.379425], [-81.386359, 28.379618], [-81.386795, 28.37998], [-81.387114, 28.380329], [-81.387376, 28.380818], [-81.387441, 28.380998], [-81.387484, 28.381209], [-81.387483, 28.381523], [-81.387433, 28.381842], [-81.387284, 28.382258], [-81.387142, 28.382539], [-81.386976, 28.382799], [-81.386856, 28.382947], [-81.386586, 28.383211], [-81.386336, 28.383372], [-81.386071, 28.383473], [-81.385935, 28.383495], [-81.385759, 28.383474], [-81.38557, 28.383391], [-81.385207, 28.383138], [-81.384293, 28.382691], [-81.383747, 28.382341], [-81.383394, 28.382212], [-81.383269, 28.382214], [-81.383115, 28.38225], [-81.382845, 28.382391], [-81.382482, 28.382706], [-81.38235, 28.382894], [-81.382286, 28.383096], [-81.382257, 28.383302], [-81.382264, 28.383478], [-81.382321, 28.383712], [-81.382479, 28.384045], [-81.383039, 28.385004], [-81.383188, 28.385366], [-81.383248, 28.385622], [-81.383248, 28.385844], [-81.383012, 28.386615], [-81.383035, 28.386935], [-81.383072, 28.387061], [-81.383122, 28.387125], [-81.38327, 28.387233], [-81.383565, 28.387391], [-81.383788, 28.38746], [-81.384345, 28.387539], [-81.384494, 28.387619], [-81.384579, 28.387722], [-81.384599, 28.387804], [-81.38452, 28.388033], [-81.384385, 28.388253], [-81.384383, 28.388325], [-81.384407, 28.388369], [-81.384507, 28.388454], [-81.384683, 28.388542], [-81.384767, 28.388605], [-81.385075, 28.388928], [-81.385217, 28.389053], [-81.385531, 28.389238], [-81.385676, 28.38925], [-81.385826, 28.389197], [-81.385968, 28.389074], [-81.386074, 28.388904], [-81.386179, 28.388676], [-81.38642, 28.388298], [-81.386799, 28.387826], [-81.386979, 28.387574], [-81.387336, 28.387195], [-81.387782, 28.386877], [-81.388213, 28.386672], [-81.388578, 28.386529], [-81.388937, 28.386299], [-81.389212, 28.386054], [-81.389506, 28.385723], [-81.389856, 28.385428], [-81.389991, 28.385363], [-81.390139, 28.385325], [-81.390294, 28.385304], [-81.39054, 28.385307], [-81.390615, 28.385336], [-81.390682, 28.385402], [-81.390752, 28.385505], [-81.390799, 28.385621], [-81.390927, 28.386259], [-81.390958, 28.386754], [-81.390917, 28.387198], [-81.390821, 28.387579], [-81.390647, 28.387956], [-81.390542, 28.388099], [-81.390504, 28.38802], [-81.390489, 28.3879], [-81.390439, 28.386386], [-81.390389, 28.386108], [-81.39036, 28.386061], [-81.390312, 28.386043], [-81.390232, 28.386072], [-81.390171, 28.386124], [-81.390135, 28.386181], [-81.390105, 28.386298], [-81.390145, 28.386798], [-81.390129, 28.387571], [-81.390158, 28.388979], [-81.390097, 28.389387], [-81.390033, 28.389523], [-81.38991, 28.389665], [-81.38944, 28.389998], [-81.389267, 28.390148], [-81.388881, 28.390246], [-81.388472, 28.390266], [-81.388354, 28.390309], [-81.388283, 28.390429], [-81.388287, 28.390802], [-81.388267, 28.390896], [-81.388176, 28.391014], [-81.388055, 28.391088], [-81.387799, 28.391153], [-81.387627, 28.391151], [-81.386592, 28.39095], [-81.38624, 28.390981], [-81.386136, 28.391009], [-81.385952, 28.391143], [-81.385855, 28.391268], [-81.385815, 28.391412], [-81.385823, 28.391465], [-81.385877, 28.391554], [-81.385796, 28.391686], [-81.385483, 28.391991], [-81.385441, 28.392102], [-81.385439, 28.39222], [-81.385485, 28.392403], [-81.385568, 28.392565], [-81.38576, 28.392777], [-81.386124, 28.393121], [-81.386158, 28.393256], [-81.386265, 28.393434], [-81.386378, 28.393528], [-81.386616, 28.393647], [-81.38685, 28.393707], [-81.387397, 28.393774], [-81.387808, 28.393782], [-81.388006, 28.393754], [-81.388171, 28.393669], [-81.388262, 28.393594], [-81.388503, 28.393207], [-81.388908, 28.392727], [-81.388959, 28.392585], [-81.389017, 28.392085], [-81.389045, 28.392014], [-81.389116, 28.391921], [-81.389248, 28.391827], [-81.389424, 28.391785], [-81.389659, 28.391774], [-81.390013, 28.391826], [-81.39007, 28.392325], [-81.390248, 28.39282], [-81.390274, 28.392983], [-81.390217, 28.393496], [-81.390223, 28.393753], [-81.390162, 28.394123], [-81.390158, 28.394442], [-81.390277, 28.395944], [-81.39023, 28.398182], [-81.390266, 28.399207], [-81.390325, 28.399348], [-81.390143, 28.399646], [-81.390105, 28.399838], [-81.390119, 28.399978], [-81.390165, 28.400079], [-81.390279, 28.4002], [-81.390421, 28.40029], [-81.390579, 28.400314], [-81.390687, 28.400269], [-81.390778, 28.400182], [-81.390836, 28.400033], [-81.390841, 28.3999], [-81.390769, 28.399676], [-81.390549, 28.399326], [-81.39062, 28.399189], [-81.390668, 28.398925], [-81.390626, 28.397275], [-81.390982, 28.397406], [-81.391233, 28.397442], [-81.391337, 28.397428], [-81.391426, 28.397391], [-81.391484, 28.397338], [-81.391528, 28.397251], [-81.391562, 28.396926], [-81.391468, 28.396104], [-81.391408, 28.395061], [-81.391414, 28.394676], [-81.391454, 28.394188], [-81.391561, 28.39409], [-81.391683, 28.39386], [-81.391822, 28.393223], [-81.391878, 28.393145], [-81.391979, 28.393086], [-81.392074, 28.393835], [-81.392115, 28.393909], [-81.39217, 28.393932], [-81.392246, 28.393914], [-81.392406, 28.393816], [-81.392484, 28.39379], [-81.392645, 28.393781], [-81.393016, 28.393829], [-81.39313, 28.393796], [-81.39322, 28.393644], [-81.393292, 28.393208], [-81.393324, 28.39311], [-81.393939, 28.393492], [-81.394348, 28.393884], [-81.394517, 28.394122], [-81.394655, 28.394377], [-81.394816, 28.394855], [-81.39483, 28.395233], [-81.394791, 28.395562], [-81.394754, 28.395688], [-81.394626, 28.39598], [-81.394521, 28.396122], [-81.394363, 28.396284], [-81.394079, 28.396483], [-81.393886, 28.396715], [-81.393841, 28.396827], [-81.393797, 28.397071], [-81.393799, 28.397276], [-81.393851, 28.397407], [-81.393995, 28.397536], [-81.394144, 28.3976], [-81.394302, 28.39759], [-81.394481, 28.397525], [-81.394584, 28.397456], [-81.394716, 28.397328], [-81.395103, 28.396869], [-81.395625, 28.396481], [-81.395736, 28.396356], [-81.39592, 28.396384], [-81.39605, 28.396344], [-81.396606, 28.395888], [-81.396835, 28.395741], [-81.397102, 28.39563], [-81.397186, 28.395553], [-81.397235, 28.395439], [-81.397335, 28.39505], [-81.397627, 28.394668], [-81.397703, 28.394221], [-81.397924, 28.393862], [-81.397978, 28.393728], [-81.397975, 28.393649], [-81.397924, 28.393564], [-81.397659, 28.393404], [-81.397681, 28.39328], [-81.397727, 28.393169], [-81.397885, 28.392974], [-81.39805, 28.392859], [-81.39822, 28.392768], [-81.398496, 28.392677], [-81.398824, 28.392664], [-81.399047, 28.392706], [-81.39933, 28.39282], [-81.39966, 28.393], [-81.39993, 28.393069], [-81.400052, 28.393056], [-81.400361, 28.392958], [-81.400574, 28.392813], [-81.400685, 28.392818], [-81.401031, 28.392884], [-81.40167, 28.39294], [-81.402117, 28.392929], [-81.402238, 28.392896], [-81.402271, 28.392864], [-81.402301, 28.392784], [-81.40238, 28.392206], [-81.402453, 28.392074], [-81.402572, 28.392029], [-81.403069, 28.39203], [-81.40316, 28.391988], [-81.4032, 28.391921], [-81.403276, 28.391545], [-81.403331, 28.390965], [-81.403321, 28.390912], [-81.403291, 28.390874], [-81.403119, 28.390855], [-81.403102, 28.390624], [-81.403038, 28.39047], [-81.402876, 28.390328], [-81.402677, 28.390288], [-81.402374, 28.390357], [-81.401854, 28.390607], [-81.401586, 28.390711], [-81.401334, 28.390781], [-81.399825, 28.390849], [-81.399591, 28.390912], [-81.399406, 28.391025], [-81.39927, 28.390939], [-81.399149, 28.390931], [-81.398774, 28.391152], [-81.39869, 28.391179], [-81.398576, 28.391176], [-81.398485, 28.391142], [-81.398203, 28.390936], [-81.397847, 28.39085], [-81.39771, 28.390746], [-81.397635, 28.390624], [-81.39762, 28.390369], [-81.397693, 28.389967], [-81.397581, 28.389473], [-81.39758, 28.389158], [-81.397744, 28.388749], [-81.398151, 28.388216], [-81.39824, 28.387847], [-81.398726, 28.3878], [-81.399109, 28.387694], [-81.39932, 28.387549], [-81.399438, 28.387312], [-81.399628, 28.387087], [-81.399782, 28.387002], [-81.399979, 28.386959], [-81.400367, 28.386957], [-81.400939, 28.387055], [-81.401711, 28.387134], [-81.402215, 28.387267], [-81.402627, 28.387522], [-81.402747, 28.387578], [-81.402865, 28.387614], [-81.403126, 28.387651], [-81.403228, 28.38763], [-81.403369, 28.387558], [-81.403863, 28.38722], [-81.404027, 28.387151], [-81.404295, 28.387085], [-81.404596, 28.387355], [-81.404734, 28.38742], [-81.404895, 28.387447], [-81.405037, 28.387419], [-81.405205, 28.387324], [-81.405309, 28.387203], [-81.405375, 28.387058], [-81.405426, 28.386792], [-81.405383, 28.386542], [-81.405241, 28.386273], [-81.404869, 28.385757], [-81.404812, 28.385619], [-81.404763, 28.385315], [-81.404816, 28.385033], [-81.404929, 28.384734], [-81.405024, 28.384571], [-81.405201, 28.38438], [-81.405332, 28.384293], [-81.405519, 28.384237], [-81.405802, 28.38419], [-81.406031, 28.384214], [-81.406414, 28.384342], [-81.407195, 28.384824], [-81.407417, 28.38491], [-81.407545, 28.384907], [-81.407624, 28.384871], [-81.407746, 28.384778], [-81.408497, 28.38392], [-81.408711, 28.383564], [-81.408728, 28.383458], [-81.408713, 28.383373], [-81.408647, 28.3833], [-81.408513, 28.383297], [-81.408307, 28.383367], [-81.407971, 28.38356], [-81.407536, 28.383711], [-81.407119, 28.383795], [-81.406876, 28.383796], [-81.406711, 28.383759], [-81.406506, 28.383642], [-81.406301, 28.383392], [-81.406139, 28.383147], [-81.406045, 28.38309], [-81.405895, 28.383077], [-81.40575, 28.383097], [-81.405673, 28.383134], [-81.405401, 28.383332], [-81.405062, 28.383638], [-81.404949, 28.383702], [-81.404828, 28.383736], [-81.404675, 28.383739], [-81.404286, 28.383657], [-81.403725, 28.383702], [-81.403444, 28.383704], [-81.403213, 28.383667], [-81.403025, 28.38361], [-81.402868, 28.383537], [-81.402274, 28.383192], [-81.402068, 28.383042], [-81.401999, 28.38294], [-81.401997, 28.382467], [-81.402053, 28.382058], [-81.402122, 28.381894], [-81.402161, 28.381854], [-81.40224, 28.381828], [-81.402501, 28.381922], [-81.402627, 28.38193], [-81.402721, 28.381883], [-81.40277, 28.381775], [-81.402744, 28.38156], [-81.402633, 28.381329], [-81.402428, 28.381109], [-81.402328, 28.381033], [-81.402236, 28.380995], [-81.40215, 28.380916], [-81.401859, 28.380751], [-81.401638, 28.380663], [-81.40114, 28.3803], [-81.40094, 28.380089], [-81.400768, 28.379845], [-81.401031, 28.379611], [-81.401403, 28.379382], [-81.401491, 28.379251], [-81.401631, 28.379037], [-81.40184, 28.37881], [-81.402471, 28.378603], [-81.40308, 28.378264], [-81.403217, 28.378229], [-81.403505, 28.378103], [-81.403875, 28.377859], [-81.40395, 28.377785], [-81.404064, 28.377605], [-81.404147, 28.37739], [-81.404165, 28.377232], [-81.404151, 28.37715], [-81.404096, 28.377052], [-81.403994, 28.37693], [-81.403847, 28.376793], [-81.40366, 28.376656], [-81.403541, 28.376604], [-81.403388, 28.376585], [-81.40323, 28.376483], [-81.40306, 28.37647], [-81.402794, 28.376542], [-81.402586, 28.376671], [-81.40237, 28.376747], [-81.402227, 28.376755], [-81.401734, 28.376728], [-81.401464, 28.376762], [-81.401327, 28.37683], [-81.401242, 28.376922], [-81.401069, 28.377236], [-81.40103, 28.377378], [-81.401047, 28.377475], [-81.401113, 28.377515], [-81.401159, 28.37751], [-81.401566, 28.377302], [-81.401742, 28.377182], [-81.401826, 28.377155], [-81.40194, 28.377145], [-81.402035, 28.377183], [-81.402127, 28.377302], [-81.402129, 28.377476], [-81.402069, 28.377608], [-81.401933, 28.377775], [-81.401575, 28.378122], [-81.400507, 28.378928], [-81.400045, 28.379204], [-81.399684, 28.379289], [-81.398824, 28.379328], [-81.398393, 28.379305], [-81.398024, 28.379249], [-81.397853, 28.379177], [-81.397734, 28.379099], [-81.397579, 28.378905], [-81.397488, 28.378602], [-81.3975, 28.37841], [-81.39762, 28.377892], [-81.39759, 28.377711], [-81.397528, 28.37761], [-81.397428, 28.377519], [-81.397191, 28.377331], [-81.39706, 28.37728], [-81.396661, 28.376955], [-81.396264, 28.37675], [-81.39635, 28.376556], [-81.396496, 28.376387], [-81.396911, 28.376103], [-81.397206, 28.375989], [-81.397903, 28.37585], [-81.3984, 28.375833], [-81.398571, 28.375853], [-81.398693, 28.375899], [-81.398818, 28.37597], [-81.399158, 28.376244], [-81.39933, 28.376354], [-81.399597, 28.376416], [-81.399824, 28.376382], [-81.400034, 28.376245], [-81.400214, 28.375992], [-81.400436, 28.375528], [-81.400802, 28.374422], [-81.400911, 28.373937], [-81.401141, 28.373439], [-81.401393, 28.373095], [-81.401671, 28.372791], [-81.402137, 28.372381], [-81.402562, 28.372061], [-81.402724, 28.371899], [-81.403047, 28.371467], [-81.403306, 28.371012], [-81.403527, 28.370777], [-81.403633, 28.370724], [-81.403711, 28.370717], [-81.40382, 28.370745], [-81.403919, 28.370801], [-81.404265, 28.371159], [-81.404694, 28.371691], [-81.404989, 28.371974], [-81.404977, 28.37209], [-81.405018, 28.372158], [-81.405137, 28.372249], [-81.405324, 28.372354], [-81.406598, 28.372834], [-81.407058, 28.372941], [-81.407106, 28.373127], [-81.407199, 28.373322], [-81.40733, 28.373446], [-81.407468, 28.373505], [-81.407527, 28.373499], [-81.407622, 28.373452], [-81.407871, 28.373216], [-81.40805, 28.373075], [-81.408292, 28.372974], [-81.408461, 28.372963], [-81.409195, 28.373039], [-81.409331, 28.373066], [-81.409532, 28.37315], [-81.409691, 28.373273], [-81.409887, 28.373511], [-81.410073, 28.373798], [-81.40972, 28.374121], [-81.409552, 28.374357], [-81.409465, 28.374659], [-81.409433, 28.374897], [-81.409383, 28.375016], [-81.409145, 28.375276], [-81.409019, 28.37545], [-81.408794, 28.375977], [-81.408402, 28.376429], [-81.408239, 28.376687], [-81.408226, 28.37677], [-81.408242, 28.376847], [-81.408312, 28.376925], [-81.408382, 28.376953], [-81.408556, 28.376926], [-81.408961, 28.376772], [-81.409039, 28.376793], [-81.409069, 28.376839], [-81.409056, 28.377033], [-81.408992, 28.377177], [-81.408715, 28.377555], [-81.408573, 28.377785], [-81.408568, 28.377898], [-81.408646, 28.378023], [-81.408815, 28.378153], [-81.409147, 28.378326], [-81.409489, 28.378639], [-81.409729, 28.37878], [-81.410206, 28.379113], [-81.41047, 28.379208], [-81.410705, 28.379225], [-81.41086, 28.379181], [-81.411044, 28.37906], [-81.411105, 28.378999], [-81.411166, 28.378846], [-81.41125, 28.378288], [-81.411326, 28.378109], [-81.411489, 28.377945], [-81.411604, 28.377864], [-81.412005, 28.37768], [-81.412093, 28.377836], [-81.412165, 28.377876], [-81.41231, 28.377906], [-81.412778, 28.377907], [-81.413216, 28.377872], [-81.413317, 28.377848], [-81.41335, 28.377785], [-81.413265, 28.377646], [-81.412949, 28.377314], [-81.412779, 28.377196], [-81.41286, 28.376939], [-81.412842, 28.376873], [-81.412762, 28.37682], [-81.412249, 28.376846], [-81.411669, 28.37702], [-81.411299, 28.377066], [-81.411099, 28.37702], [-81.410962, 28.376957], [-81.410834, 28.376873], [-81.410658, 28.376709], [-81.41041, 28.376443], [-81.410336, 28.376306], [-81.410295, 28.376145], [-81.410282, 28.375768], [-81.410223, 28.37549], [-81.410232, 28.375401], [-81.410273, 28.375319], [-81.410424, 28.375152], [-81.410598, 28.375017], [-81.411279, 28.374747], [-81.412102, 28.374469], [-81.412391, 28.374345], [-81.412634, 28.374208], [-81.412998, 28.373902], [-81.413384, 28.373438], [-81.413854, 28.372976], [-81.414391, 28.372396], [-81.414496, 28.372196], [-81.414498, 28.37206], [-81.414428, 28.371905], [-81.414208, 28.371621], [-81.414086, 28.371402], [-81.413986, 28.371113], [-81.413921, 28.370786], [-81.413919, 28.37061], [-81.413951, 28.370461], [-81.414006, 28.370344], [-81.41415, 28.370151], [-81.414325, 28.369953], [-81.414472, 28.369731], [-81.414589, 28.369798], [-81.414778, 28.369965], [-81.415595, 28.37081], [-81.415753, 28.371058], [-81.415913, 28.371448], [-81.416055, 28.371613], [-81.416166, 28.371638], [-81.416544, 28.371577], [-81.416939, 28.37163], [-81.417004, 28.371619], [-81.417079, 28.371576], [-81.417108, 28.37153], [-81.417092, 28.371457], [-81.416591, 28.370943], [-81.416461, 28.370751], [-81.416371, 28.370552], [-81.416261, 28.370157], [-81.41619, 28.36975], [-81.41615, 28.369407], [-81.416143, 28.369003], [-81.416115, 28.368934], [-81.416048, 28.36885], [-81.415969, 28.368807], [-81.41588, 28.368801], [-81.414971, 28.368948], [-81.414712, 28.368947], [-81.414587, 28.368916], [-81.414436, 28.368831], [-81.414314, 28.368705], [-81.414207, 28.368229], [-81.414145, 28.368145], [-81.414063, 28.368116], [-81.413866, 28.368118], [-81.413607, 28.368184], [-81.413503, 28.368259], [-81.413399, 28.368431], [-81.41326, 28.368506], [-81.413136, 28.368639], [-81.41308, 28.368749], [-81.413026, 28.368939], [-81.412822, 28.368977], [-81.412256, 28.368957], [-81.412152, 28.368967], [-81.411961, 28.369044], [-81.411509, 28.369294], [-81.411277, 28.369358], [-81.410769, 28.369454], [-81.410697, 28.369513], [-81.410636, 28.369661], [-81.41062, 28.369837], [-81.410653, 28.370044], [-81.410765, 28.370141], [-81.410852, 28.370165], [-81.410952, 28.370168], [-81.411633, 28.370051], [-81.41272, 28.369801], [-81.412986, 28.369797], [-81.413477, 28.369887], [-81.413444, 28.370021], [-81.413452, 28.370152], [-81.413281, 28.370285], [-81.412932, 28.370469], [-81.412258, 28.370713], [-81.411636, 28.370881], [-81.411365, 28.370901], [-81.411029, 28.370887], [-81.410833, 28.370838], [-81.410546, 28.37072], [-81.41042, 28.370698], [-81.410191, 28.370702], [-81.409851, 28.370773], [-81.40968, 28.370858], [-81.409528, 28.370985], [-81.409238, 28.371312], [-81.409035, 28.371677], [-81.408959, 28.371727], [-81.408854, 28.371714], [-81.408759, 28.371636], [-81.408738, 28.37156], [-81.408757, 28.371428], [-81.408993, 28.371076], [-81.409663, 28.37026], [-81.409689, 28.370177], [-81.409676, 28.370098], [-81.409626, 28.370034], [-81.409558, 28.36999], [-81.40944, 28.369961], [-81.409188, 28.36996], [-81.408889, 28.370011], [-81.408767, 28.370055], [-81.408595, 28.370166], [-81.408428, 28.370316], [-81.408117, 28.370707], [-81.407921, 28.370824], [-81.407712, 28.37087], [-81.407341, 28.370851], [-81.407089, 28.370801], [-81.40666, 28.370662], [-81.406009, 28.370383], [-81.405855, 28.370343], [-81.405683, 28.37034], [-81.405548, 28.370266], [-81.405325, 28.370203], [-81.405259, 28.370158], [-81.405062, 28.369906], [-81.404881, 28.36971], [-81.404311, 28.369257], [-81.40424, 28.369148], [-81.404186, 28.368999], [-81.404149, 28.368627], [-81.404216, 28.367959], [-81.404376, 28.367554], [-81.404628, 28.367171], [-81.404806, 28.366943], [-81.404855, 28.367076], [-81.404909, 28.367361], [-81.404974, 28.367445], [-81.405008, 28.36745], [-81.405054, 28.36743], [-81.405279, 28.367185], [-81.405444, 28.367191], [-81.405609, 28.367145], [-81.405713, 28.367085], [-81.405795, 28.366972], [-81.405814, 28.366862], [-81.405805, 28.366425], [-81.405822, 28.365966], [-81.405778, 28.365891], [-81.405714, 28.365831], [-81.405646, 28.365796], [-81.405567, 28.365787], [-81.405366, 28.365834], [-81.405102, 28.365971], [-81.405037, 28.365863], [-81.405027, 28.365751], [-81.405201, 28.365574], [-81.405278, 28.365467], [-81.40564, 28.364841], [-81.405723, 28.364603], [-81.405899, 28.364565], [-81.405948, 28.364529], [-81.405957, 28.364497], [-81.405746, 28.363984], [-81.405846, 28.363786], [-81.405918, 28.363215], [-81.406024, 28.362784], [-81.406136, 28.362586], [-81.406365, 28.362395], [-81.406468, 28.362743], [-81.406607, 28.362963], [-81.407346, 28.363555], [-81.407754, 28.363966], [-81.407886, 28.364261], [-81.407971, 28.364668], [-81.408056, 28.364812], [-81.408237, 28.364969], [-81.408555, 28.365168], [-81.408716, 28.365234], [-81.408886, 28.36526], [-81.409003, 28.365369], [-81.409112, 28.365429], [-81.409633, 28.365545], [-81.409653, 28.365863], [-81.409727, 28.36605], [-81.409796, 28.366116], [-81.40994, 28.366197], [-81.410459, 28.366313], [-81.410735, 28.366478], [-81.410903, 28.366718], [-81.411068, 28.367225], [-81.411331, 28.367536], [-81.411497, 28.36765], [-81.411939, 28.367888], [-81.412176, 28.367955], [-81.412321, 28.367958], [-81.412408, 28.36793], [-81.412464, 28.367877], [-81.412483, 28.367802], [-81.412464, 28.367715], [-81.412245, 28.36744], [-81.411809, 28.367058], [-81.411734, 28.3669], [-81.411729, 28.366705], [-81.411776, 28.366605], [-81.411867, 28.366519], [-81.412321, 28.366307], [-81.41252, 28.366152], [-81.412609, 28.365979], [-81.412676, 28.365709], [-81.412767, 28.365527], [-81.412822, 28.365356], [-81.412864, 28.365298], [-81.413348, 28.365049], [-81.413687, 28.364922], [-81.41388, 28.364877], [-81.414793, 28.364768], [-81.41633, 28.364632], [-81.416373, 28.364923], [-81.416484, 28.365406], [-81.416548, 28.365593], [-81.416664, 28.365825], [-81.416634, 28.365911], [-81.416443, 28.36608], [-81.416445, 28.366144], [-81.416612, 28.366276], [-81.416761, 28.366331], [-81.416898, 28.366318], [-81.417351, 28.366207], [-81.417445, 28.366119], [-81.417475, 28.366048], [-81.417469, 28.365951], [-81.417405, 28.365833], [-81.41726, 28.36571], [-81.416893, 28.365546], [-81.416741, 28.365416], [-81.41669, 28.365337], [-81.416648, 28.365173], [-81.416627, 28.364957], [-81.416655, 28.364478], [-81.416596, 28.364313], [-81.41638, 28.363943], [-81.416317, 28.363448], [-81.416289, 28.363416], [-81.416229, 28.363401], [-81.415929, 28.363419], [-81.415832, 28.363356], [-81.415735, 28.363325], [-81.415148, 28.363327], [-81.414763, 28.363367], [-81.413904, 28.363563], [-81.413664, 28.363577], [-81.413545, 28.363508], [-81.41342, 28.363515], [-81.41322, 28.363595], [-81.412753, 28.363849], [-81.412609, 28.363884], [-81.412449, 28.36387], [-81.412365, 28.363806], [-81.41228, 28.363609], [-81.412028, 28.363385], [-81.411829, 28.363088], [-81.411706, 28.362942], [-81.411557, 28.362838], [-81.411352, 28.36282], [-81.411249, 28.36284], [-81.411175, 28.362874], [-81.411132, 28.362937], [-81.411124, 28.362985], [-81.411137, 28.363061], [-81.411253, 28.363327], [-81.411273, 28.363734], [-81.410626, 28.36378], [-81.410623, 28.363257], [-81.410597, 28.363204], [-81.410525, 28.363149], [-81.410414, 28.363138], [-81.410261, 28.363193], [-81.410174, 28.363289], [-81.410159, 28.363373], [-81.410153, 28.363868], [-81.409927, 28.363946], [-81.409721, 28.364078], [-81.409336, 28.364452], [-81.40914, 28.3646], [-81.409025, 28.364651], [-81.408853, 28.364687], [-81.40876, 28.364693], [-81.40867, 28.364675], [-81.408517, 28.364568], [-81.408398, 28.364385], [-81.408105, 28.363637], [-81.407921, 28.363026], [-81.407861, 28.3629], [-81.407857, 28.362603], [-81.407809, 28.362348], [-81.408376, 28.361895], [-81.408443, 28.361802], [-81.408461, 28.361695], [-81.408412, 28.361633], [-81.40832, 28.361617], [-81.407934, 28.361753], [-81.407897, 28.361592], [-81.407919, 28.361294], [-81.407879, 28.361179], [-81.40781, 28.361104], [-81.407739, 28.361062], [-81.407442, 28.361012], [-81.406825, 28.361052], [-81.406715, 28.361076], [-81.406598, 28.361177], [-81.406456, 28.361382], [-81.406244, 28.361612], [-81.40614, 28.361755], [-81.40574, 28.361843], [-81.40535, 28.361875], [-81.405051, 28.361853], [-81.404846, 28.361801], [-81.404656, 28.361501], [-81.404603, 28.361199], [-81.404645, 28.36023], [-81.404698, 28.360089], [-81.404842, 28.359948], [-81.404857, 28.360129], [-81.404807, 28.360511], [-81.404811, 28.360699], [-81.404877, 28.360908], [-81.405009, 28.361138], [-81.405045, 28.361247], [-81.40497, 28.361604], [-81.405011, 28.36166], [-81.405105, 28.361689], [-81.4052, 28.361692], [-81.405372, 28.361665], [-81.406059, 28.36148], [-81.406176, 28.361399], [-81.406193, 28.361334], [-81.406166, 28.361262], [-81.405962, 28.361005], [-81.405873, 28.360847], [-81.405829, 28.360643], [-81.405828, 28.360472], [-81.405862, 28.360377], [-81.405934, 28.360285], [-81.406376, 28.359873], [-81.406433, 28.35978], [-81.406445, 28.359696], [-81.406408, 28.359603], [-81.406315, 28.359502], [-81.406242, 28.359467], [-81.406152, 28.35946], [-81.406008, 28.359506], [-81.405779, 28.359699], [-81.405664, 28.35977], [-81.405622, 28.359639], [-81.405562, 28.359042], [-81.405754, 28.358962], [-81.405929, 28.358927], [-81.406303, 28.358955], [-81.406483, 28.35893], [-81.406721, 28.359002], [-81.406887, 28.358998], [-81.407087, 28.358928], [-81.407427, 28.358766], [-81.407833, 28.358657], [-81.40802, 28.358529], [-81.408045, 28.358426], [-81.407962, 28.358302], [-81.407743, 28.358187], [-81.407279, 28.358003], [-81.407338, 28.357803], [-81.40735, 28.357601], [-81.40731, 28.357456], [-81.407177, 28.357188], [-81.407111, 28.357009], [-81.407074, 28.356771], [-81.407088, 28.356526], [-81.407135, 28.356256], [-81.407241, 28.355928], [-81.407384, 28.355682], [-81.407597, 28.355421], [-81.40775, 28.355521], [-81.407961, 28.355591], [-81.408168, 28.355584], [-81.408301, 28.355509], [-81.408355, 28.355338], [-81.408392, 28.354449], [-81.408564, 28.354393], [-81.409053, 28.354064], [-81.410282, 28.353078], [-81.410423, 28.353391], [-81.410593, 28.353595], [-81.410881, 28.353792], [-81.411308, 28.354022], [-81.411639, 28.35438], [-81.411724, 28.354414], [-81.411781, 28.354418], [-81.411893, 28.354378], [-81.412511, 28.353752], [-81.412542, 28.353705], [-81.412554, 28.353634], [-81.412519, 28.353576], [-81.412476, 28.353547], [-81.412097, 28.35339], [-81.411856, 28.353249], [-81.411579, 28.353045], [-81.411386, 28.352853], [-81.411298, 28.352702], [-81.411276, 28.352551], [-81.411351, 28.352373], [-81.411481, 28.352223], [-81.411621, 28.35212], [-81.411773, 28.352056], [-81.412272, 28.351938], [-81.412752, 28.351761], [-81.413375, 28.351636], [-81.413628, 28.351458], [-81.414102, 28.350868], [-81.414556, 28.35044], [-81.414902, 28.350292], [-81.415357, 28.350205], [-81.415683, 28.350196], [-81.416036, 28.35025], [-81.416134, 28.350293], [-81.41636, 28.350466], [-81.416442, 28.350569], [-81.416479, 28.350665], [-81.416489, 28.351199], [-81.416534, 28.351513], [-81.41658, 28.351584], [-81.41662, 28.351607], [-81.416685, 28.351613], [-81.416769, 28.351591], [-81.416899, 28.351466], [-81.416968, 28.35122], [-81.41696, 28.351037], [-81.416869, 28.350536], [-81.416914, 28.350107], [-81.417043, 28.349821], [-81.417389, 28.349356], [-81.41747, 28.349139], [-81.417459, 28.349053], [-81.417357, 28.348958], [-81.41724, 28.34892], [-81.417123, 28.348928], [-81.416995, 28.348987], [-81.416929, 28.349082], [-81.416877, 28.349414], [-81.416753, 28.349683], [-81.416565, 28.349855], [-81.416326, 28.34994], [-81.416215, 28.349942], [-81.416095, 28.349911], [-81.415906, 28.349816], [-81.415652, 28.34965], [-81.415414, 28.349579], [-81.414957, 28.349616], [-81.414509, 28.349705], [-81.414076, 28.34975], [-81.41349, 28.34976], [-81.412913, 28.349728], [-81.412727, 28.349747], [-81.412635, 28.349772], [-81.412568, 28.349824], [-81.412531, 28.349884], [-81.412532, 28.349992], [-81.412701, 28.350412], [-81.413045, 28.351118], [-81.413062, 28.351267], [-81.412997, 28.35141], [-81.41285, 28.351525], [-81.41258, 28.35163], [-81.412285, 28.351706], [-81.411714, 28.351803], [-81.411131, 28.352035], [-81.410629, 28.352173], [-81.410622, 28.35192], [-81.410675, 28.351789], [-81.410762, 28.351674], [-81.411044, 28.351458], [-81.411424, 28.351293], [-81.411644, 28.351175], [-81.41193, 28.350856], [-81.411975, 28.350708], [-81.411971, 28.350529], [-81.411766, 28.34986], [-81.411823, 28.349422], [-81.411965, 28.34913], [-81.412227, 28.348809], [-81.412617, 28.348377], [-81.412917, 28.3479], [-81.422118, 28.347905], [-81.422235, 28.348327], [-81.422373, 28.348561], [-81.422368, 28.34902], [-81.422334, 28.349269], [-81.422252, 28.349466], [-81.42185, 28.350051], [-81.421813, 28.350306], [-81.421829, 28.350381], [-81.421879, 28.350459], [-81.42163, 28.350548], [-81.421258, 28.350613], [-81.421137, 28.3507], [-81.421089, 28.350874], [-81.421104, 28.351126], [-81.421149, 28.351269], [-81.421234, 28.351408], [-81.421214, 28.351599], [-81.421226, 28.352105], [-81.421155, 28.352369], [-81.42108, 28.352462], [-81.420648, 28.352812], [-81.420452, 28.353041], [-81.420197, 28.353405], [-81.420048, 28.353499], [-81.419875, 28.353539], [-81.419697, 28.353524], [-81.419611, 28.353494], [-81.419468, 28.353387], [-81.4193, 28.353224], [-81.41916, 28.353039], [-81.418991, 28.352647], [-81.41886, 28.352415], [-81.418705, 28.352259], [-81.418558, 28.352202], [-81.418401, 28.352211], [-81.418262, 28.352301], [-81.41819, 28.352425], [-81.418137, 28.35263], [-81.418032, 28.352744], [-81.417951, 28.352769], [-81.4177, 28.352786], [-81.417493, 28.35292], [-81.417178, 28.353069], [-81.417008, 28.352922], [-81.416677, 28.352576], [-81.416516, 28.352478], [-81.416343, 28.352462], [-81.416174, 28.35249], [-81.416006, 28.352585], [-81.415903, 28.352682], [-81.415863, 28.352783], [-81.415856, 28.352861], [-81.415919, 28.353039], [-81.416057, 28.353198], [-81.416521, 28.353579], [-81.416709, 28.353773], [-81.416878, 28.354092], [-81.416909, 28.354369], [-81.416836, 28.354639], [-81.416724, 28.354817], [-81.416391, 28.355097], [-81.415818, 28.355482], [-81.415673, 28.355618], [-81.415591, 28.355741], [-81.415375, 28.355742], [-81.415207, 28.355679], [-81.414362, 28.354957], [-81.413977, 28.354747], [-81.413749, 28.354696], [-81.413279, 28.354691], [-81.412779, 28.354612], [-81.412676, 28.354616], [-81.412619, 28.354643], [-81.412625, 28.354695], [-81.412736, 28.354843], [-81.412941, 28.355018], [-81.413484, 28.355132], [-81.414113, 28.355337], [-81.41443, 28.355418], [-81.414944, 28.355759], [-81.41522, 28.355895], [-81.41568, 28.356008], [-81.416378, 28.356211], [-81.416569, 28.356213], [-81.416852, 28.356181], [-81.417085, 28.35618], [-81.417189, 28.356247], [-81.417297, 28.356286], [-81.417741, 28.356317], [-81.417991, 28.356352], [-81.418113, 28.356395], [-81.418263, 28.356487], [-81.418368, 28.356629], [-81.41838, 28.356783], [-81.418209, 28.357232], [-81.418156, 28.357541], [-81.418199, 28.357756], [-81.418307, 28.357953], [-81.418496, 28.358136], [-81.418725, 28.358283], [-81.419087, 28.358473], [-81.419824, 28.358821], [-81.420055, 28.359037], [-81.420317, 28.359382], [-81.42039, 28.359418], [-81.420478, 28.359419], [-81.420614, 28.359729], [-81.420694, 28.36006], [-81.420778, 28.360234], [-81.420679, 28.360389], [-81.420511, 28.36031], [-81.420399, 28.360304], [-81.420354, 28.360362], [-81.420348, 28.360578], [-81.420236, 28.360679], [-81.420046, 28.36072], [-81.41967, 28.36069], [-81.419459, 28.360744], [-81.419261, 28.360692], [-81.419084, 28.360698], [-81.418942, 28.360744], [-81.418827, 28.360853], [-81.418817, 28.360925], [-81.418882, 28.361005], [-81.419211, 28.361141], [-81.419139, 28.361261], [-81.41916, 28.361311], [-81.419194, 28.361323], [-81.419562, 28.361214], [-81.420407, 28.360834], [-81.42058, 28.360787], [-81.420589, 28.361162], [-81.420631, 28.361316], [-81.420553, 28.361458], [-81.420349, 28.361735], [-81.420291, 28.361853], [-81.420282, 28.361996], [-81.420359, 28.36211], [-81.420386, 28.362196], [-81.420439, 28.362251], [-81.420549, 28.362324], [-81.420697, 28.362382], [-81.421898, 28.362707], [-81.422088, 28.36273], [-81.422208, 28.3627], [-81.422326, 28.362599], [-81.422405, 28.362334], [-81.42253, 28.362211], [-81.42278, 28.362071], [-81.42354, 28.361777], [-81.423705, 28.361679], [-81.423793, 28.361593], [-81.423864, 28.361446], [-81.42386, 28.361285], [-81.423808, 28.361167], [-81.423611, 28.360843], [-81.42358, 28.360736], [-81.423583, 28.36063], [-81.423644, 28.360486], [-81.423769, 28.360357], [-81.424115, 28.360186], [-81.424716, 28.360576], [-81.425279, 28.360808], [-81.425836, 28.361001], [-81.426472, 28.361095], [-81.427269, 28.361032], [-81.427878, 28.361075], [-81.428505, 28.361203], [-81.429219, 28.361411], [-81.429673, 28.361521], [-81.429906, 28.361616], [-81.429988, 28.361688], [-81.430028, 28.361787], [-81.430011, 28.361877], [-81.429933, 28.362], [-81.429517, 28.362345], [-81.429098, 28.362617], [-81.428881, 28.362786], [-81.42873, 28.362958], [-81.42868, 28.363146], [-81.428709, 28.363225], [-81.428801, 28.363346], [-81.429171, 28.363642], [-81.429458, 28.363789], [-81.429816, 28.363866], [-81.429987, 28.363928], [-81.430079, 28.363999], [-81.430222, 28.364179], [-81.430328, 28.364253], [-81.430404, 28.36427], [-81.43051, 28.364256], [-81.430985, 28.364082], [-81.431333, 28.364043], [-81.431694, 28.364101], [-81.432333, 28.364351], [-81.432728, 28.364457], [-81.432868, 28.36446], [-81.433079, 28.364432], [-81.43346, 28.364319], [-81.433768, 28.364663], [-81.433881, 28.364749], [-81.433956, 28.364772], [-81.434096, 28.364721], [-81.434395, 28.36451], [-81.434507, 28.36445], [-81.434926, 28.364638], [-81.435578, 28.365], [-81.435385, 28.365246], [-81.435324, 28.365383], [-81.435347, 28.365481], [-81.435473, 28.365619], [-81.435749, 28.365819], [-81.435909, 28.365873], [-81.435985, 28.365867], [-81.436085, 28.365832], [-81.436302, 28.365661], [-81.436391, 28.365836], [-81.436464, 28.366061], [-81.436693, 28.367046], [-81.436696, 28.367982], [-81.436623, 28.368919], [-81.436562, 28.369204], [-81.436412, 28.369653], [-81.435575, 28.371359], [-81.435353, 28.371863], [-81.435329, 28.372074], [-81.435367, 28.372291], [-81.435478, 28.372499], [-81.435716, 28.372835], [-81.435761, 28.372938], [-81.435771, 28.373011], [-81.435664, 28.373275], [-81.435194, 28.373814], [-81.43512, 28.373967], [-81.435092, 28.374089], [-81.435107, 28.374251], [-81.435184, 28.374379], [-81.435379, 28.374501], [-81.43566, 28.374621], [-81.435831, 28.37472], [-81.435953, 28.374853], [-81.436022, 28.37502], [-81.436007, 28.375197], [-81.435958, 28.375363], [-81.435764, 28.375667], [-81.434987, 28.376682], [-81.434307, 28.377641], [-81.434003, 28.378103], [-81.433876, 28.378247], [-81.433601, 28.378478], [-81.433309, 28.378588], [-81.433085, 28.37861], [-81.432983, 28.378607], [-81.43284, 28.378573], [-81.432466, 28.378398], [-81.432295, 28.37836], [-81.432148, 28.378378], [-81.431849, 28.378494], [-81.431758, 28.378503], [-81.431699, 28.378486], [-81.431663, 28.37846], [-81.431632, 28.378393], [-81.431662, 28.378304], [-81.431758, 28.378212], [-81.432031, 28.378011], [-81.432151, 28.377862], [-81.432173, 28.377763], [-81.432118, 28.377644], [-81.431986, 28.37754], [-81.431786, 28.377481], [-81.431651, 28.377472], [-81.431527, 28.377495], [-81.431432, 28.377543], [-81.431291, 28.377667], [-81.431175, 28.377841], [-81.431144, 28.377999], [-81.431153, 28.37846], [-81.431135, 28.378635], [-81.431007, 28.378719], [-81.430828, 28.378772], [-81.430351, 28.378807], [-81.430133, 28.378995], [-81.430098, 28.379063], [-81.430096, 28.379169], [-81.43016, 28.379338], [-81.430226, 28.37945], [-81.430447, 28.379691], [-81.430646, 28.379864], [-81.43076, 28.379924], [-81.430925, 28.379968], [-81.431408, 28.380025], [-81.43168, 28.380282], [-81.431842, 28.380489], [-81.431895, 28.380655], [-81.431862, 28.380814], [-81.431574, 28.381095], [-81.430853, 28.381547], [-81.430636, 28.381708], [-81.43049, 28.381849], [-81.430384, 28.381994], [-81.430168, 28.382595], [-81.429957, 28.383019], [-81.429703, 28.383336], [-81.429384, 28.383635], [-81.429133, 28.38378], [-81.428906, 28.383803], [-81.428557, 28.383722], [-81.42753, 28.383312], [-81.427445, 28.383311], [-81.427366, 28.383341], [-81.427313, 28.383399], [-81.427303, 28.383469], [-81.427348, 28.383608], [-81.427521, 28.383782], [-81.427803, 28.383939], [-81.428383, 28.384167], [-81.42855, 28.384282], [-81.428617, 28.384356], [-81.428693, 28.384585], [-81.428709, 28.384769], [-81.428629, 28.38577], [-81.42867, 28.385917], [-81.428775, 28.386029], [-81.428851, 28.386046], [-81.429017, 28.386021], [-81.429751, 28.385756], [-81.430586, 28.385569], [-81.430907, 28.38553], [-81.431027, 28.385529], [-81.431124, 28.385561], [-81.431385, 28.385821], [-81.431473, 28.38596], [-81.431621, 28.386371], [-81.431692, 28.38684], [-81.431714, 28.38738], [-81.431818, 28.38802], [-81.43181, 28.388177], [-81.431761, 28.38838], [-81.431704, 28.388481], [-81.431622, 28.38856], [-81.431463, 28.388386], [-81.431336, 28.388319], [-81.431149, 28.388313], [-81.430974, 28.388393], [-81.430859, 28.388533], [-81.430831, 28.388687], [-81.430873, 28.388903], [-81.430974, 28.389088], [-81.431066, 28.389293], [-81.431403, 28.389732], [-81.431496, 28.38997], [-81.431379, 28.390029], [-81.431054, 28.390133], [-81.43081, 28.390279], [-81.430622, 28.390443], [-81.430285, 28.390838], [-81.43008, 28.391296], [-81.430052, 28.391998], [-81.430002, 28.3921], [-81.429894, 28.392206], [-81.429763, 28.392232], [-81.429055, 28.392154], [-81.42848, 28.392156], [-81.42757, 28.392294], [-81.427092, 28.392409], [-81.426956, 28.392458], [-81.426714, 28.392592], [-81.426561, 28.3927], [-81.426146, 28.393103], [-81.425595, 28.393867], [-81.425391, 28.394246], [-81.425298, 28.394536], [-81.42535, 28.394811], [-81.425497, 28.39505], [-81.425659, 28.395158], [-81.426004, 28.395281], [-81.42651, 28.395317], [-81.42729, 28.395322], [-81.428031, 28.395289], [-81.428345, 28.395291], [-81.429017, 28.395244], [-81.429593, 28.395269], [-81.430401, 28.395369], [-81.43107, 28.395623], [-81.431378, 28.395775], [-81.431491, 28.395792], [-81.431538, 28.395877], [-81.431627, 28.395964], [-81.431924, 28.396075], [-81.432048, 28.396072], [-81.432188, 28.39597], [-81.432313, 28.395947], [-81.432382, 28.395913], [-81.432583, 28.395717], [-81.432969, 28.395072], [-81.433195, 28.394554], [-81.433318, 28.394362], [-81.433443, 28.39421], [-81.433639, 28.394041], [-81.433879, 28.393919], [-81.434167, 28.393834], [-81.434357, 28.393833], [-81.43432, 28.394068], [-81.434023, 28.394696], [-81.433806, 28.39508], [-81.433758, 28.395222], [-81.433614, 28.395341], [-81.433502, 28.395479], [-81.433105, 28.396224], [-81.432813, 28.396624], [-81.432725, 28.396723], [-81.43236, 28.39705], [-81.4317, 28.396891], [-81.431464, 28.396798], [-81.431206, 28.396626], [-81.430702, 28.396231], [-81.430537, 28.396131], [-81.43043, 28.396114], [-81.430374, 28.396128], [-81.430207, 28.39626], [-81.430178, 28.396327], [-81.430175, 28.396392], [-81.430227, 28.396537], [-81.43042, 28.396739], [-81.43092, 28.397188], [-81.431165, 28.397571], [-81.431257, 28.39788], [-81.431245, 28.398323], [-81.431263, 28.398482], [-81.431127, 28.398814], [-81.430871, 28.399198], [-81.430814, 28.399364], [-81.430704, 28.399548], [-81.430621, 28.399849], [-81.430566, 28.400217], [-81.430567, 28.40047], [-81.430588, 28.400577], [-81.43058, 28.400817], [-81.430622, 28.401173], [-81.430662, 28.401348], [-81.43038, 28.401637], [-81.430347, 28.401711], [-81.430338, 28.401811], [-81.430124, 28.401977], [-81.429914, 28.402055], [-81.429721, 28.402053], [-81.429309, 28.401946], [-81.429221, 28.401978], [-81.42911, 28.402071], [-81.428869, 28.402373], [-81.428536, 28.403101], [-81.428148, 28.403585], [-81.428107, 28.403754], [-81.428115, 28.403845], [-81.428157, 28.403938], [-81.428243, 28.404025], [-81.428385, 28.404086], [-81.428593, 28.404104], [-81.428923, 28.40401], [-81.429174, 28.403905], [-81.429587, 28.403703], [-81.43014, 28.403381], [-81.430804, 28.402898], [-81.431165, 28.402696], [-81.431473, 28.402636], [-81.431718, 28.402661], [-81.431931, 28.402717], [-81.43195, 28.402876], [-81.432001, 28.403014], [-81.432086, 28.403107], [-81.432235, 28.403203], [-81.432362, 28.40323], [-81.432497, 28.40321], [-81.432641, 28.40315], [-81.432772, 28.403049], [-81.432846, 28.402947], [-81.432885, 28.402798], [-81.432885, 28.402686], [-81.432848, 28.402537], [-81.432775, 28.402435], [-81.432633, 28.402311], [-81.43243, 28.402233], [-81.432365, 28.401837], [-81.432303, 28.401736], [-81.432211, 28.401651], [-81.432089, 28.401603], [-81.431741, 28.401607], [-81.431579, 28.40158], [-81.431466, 28.401524], [-81.431323, 28.401388], [-81.431277, 28.401293], [-81.431244, 28.40112], [-81.43124, 28.400873], [-81.431265, 28.400719], [-81.431309, 28.400621], [-81.431507, 28.400341], [-81.431624, 28.400126], [-81.431889, 28.399449], [-81.432125, 28.398958], [-81.432273, 28.398729], [-81.432406, 28.398475], [-81.432696, 28.39803], [-81.432999, 28.397614], [-81.43313, 28.397397], [-81.433684, 28.396648], [-81.434111, 28.39622], [-81.434239, 28.396158], [-81.434495, 28.396187], [-81.434751, 28.39631], [-81.435016, 28.396562], [-81.435226, 28.396863], [-81.435694, 28.397678], [-81.436629, 28.399876], [-81.437024, 28.400938], [-81.437131, 28.401535], [-81.437092, 28.402147], [-81.437007, 28.402425], [-81.436789, 28.402914], [-81.436532, 28.403329], [-81.436264, 28.403698], [-81.435925, 28.404059], [-81.435614, 28.404345], [-81.435465, 28.404433], [-81.43525, 28.404522], [-81.434303, 28.404822], [-81.433948, 28.40502], [-81.433725, 28.405194], [-81.433512, 28.405493], [-81.433288, 28.406109], [-81.433147, 28.406359], [-81.433017, 28.406507], [-81.432786, 28.406657], [-81.432486, 28.406812], [-81.432172, 28.407012], [-81.431832, 28.407164], [-81.43163, 28.407216], [-81.430926, 28.407284], [-81.430135, 28.407598], [-81.429511, 28.407786], [-81.429091, 28.407866], [-81.42848, 28.407933], [-81.428314, 28.407972], [-81.428105, 28.408072], [-81.427896, 28.40825], [-81.427833, 28.408442], [-81.427888, 28.408599], [-81.428077, 28.408756], [-81.428263, 28.408844], [-81.428393, 28.408869], [-81.428607, 28.408858], [-81.42884, 28.408819], [-81.429156, 28.408736], [-81.42932, 28.408719], [-81.429836, 28.408772], [-81.43055, 28.408901], [-81.430806, 28.408977], [-81.43117, 28.409134], [-81.43146, 28.409383], [-81.431579, 28.409575], [-81.431653, 28.409824], [-81.431653, 28.410105], [-81.431597, 28.410302], [-81.431451, 28.410561], [-81.431266, 28.410805], [-81.430576, 28.411379], [-81.430412, 28.411459], [-81.430176, 28.411517], [-81.42991, 28.411548], [-81.429465, 28.411552], [-81.428953, 28.411705], [-81.428586, 28.411846], [-81.428272, 28.411901], [-81.428132, 28.411909], [-81.42774, 28.411875], [-81.427446, 28.411769], [-81.42736, 28.411697], [-81.427248, 28.411554], [-81.427176, 28.411399], [-81.427154, 28.411251], [-81.427147, 28.411026], [-81.427188, 28.410607], [-81.427229, 28.409781], [-81.42727, 28.409439], [-81.427265, 28.409327], [-81.427357, 28.409232], [-81.427404, 28.409139], [-81.427426, 28.408959], [-81.42739, 28.408819], [-81.427336, 28.408708], [-81.427241, 28.408595], [-81.427173, 28.408549], [-81.42709, 28.408537], [-81.427007, 28.408547], [-81.426934, 28.408583], [-81.426674, 28.408846], [-81.426555, 28.409196], [-81.426486, 28.409885], [-81.426434, 28.410073], [-81.42632, 28.410359], [-81.426118, 28.410659], [-81.425431, 28.411383], [-81.425109, 28.411829], [-81.425056, 28.411941], [-81.42494, 28.4124], [-81.424848, 28.41264], [-81.424632, 28.413083], [-81.424528, 28.413243], [-81.42444, 28.413327], [-81.424317, 28.41337], [-81.423899, 28.413362], [-81.422867, 28.413222], [-81.422366, 28.413178], [-81.422103, 28.413114], [-81.421752, 28.413069], [-81.421453, 28.413002], [-81.421347, 28.412929], [-81.421214, 28.412882], [-81.42044, 28.412709], [-81.419605, 28.412474], [-81.418778, 28.412213], [-81.418345, 28.412045], [-81.418116, 28.411916], [-81.418154, 28.411586], [-81.418248, 28.411325], [-81.418297, 28.411027], [-81.418283, 28.410974], [-81.418208, 28.410877], [-81.41811, 28.410792], [-81.418003, 28.410745], [-81.41782, 28.410729], [-81.417596, 28.410746], [-81.417416, 28.410814], [-81.41699, 28.41106], [-81.416855, 28.4111], [-81.416653, 28.411131], [-81.416413, 28.411127], [-81.416047, 28.411063], [-81.415782, 28.411039], [-81.415503, 28.411057], [-81.415041, 28.41113], [-81.414354, 28.411117], [-81.413913, 28.411031], [-81.413268, 28.410856], [-81.412486, 28.410519], [-81.412679, 28.409498], [-81.412704, 28.409241], [-81.412697, 28.40904], [-81.412634, 28.408902], [-81.412524, 28.408822], [-81.412336, 28.408788], [-81.412139, 28.408799], [-81.412064, 28.408755], [-81.411914, 28.408456], [-81.411812, 28.408312], [-81.411508, 28.407999], [-81.411421, 28.407928], [-81.411332, 28.407886], [-81.411161, 28.407855], [-81.411026, 28.407857], [-81.410947, 28.407881], [-81.410855, 28.407941], [-81.410786, 28.408019], [-81.410766, 28.408071], [-81.410769, 28.408333], [-81.410291, 28.408209], [-81.409838, 28.408124], [-81.409522, 28.408013], [-81.409316, 28.407971], [-81.409038, 28.40797], [-81.408948, 28.40801], [-81.408904, 28.408072], [-81.408888, 28.408262], [-81.408952, 28.408902], [-81.408992, 28.4114], [-81.409026, 28.411768], [-81.409083, 28.413098], [-81.409128, 28.413158], [-81.409237, 28.413177], [-81.410218, 28.413143], [-81.412146, 28.412958], [-81.412657, 28.412879], [-81.413224, 28.4133], [-81.413982, 28.413668], [-81.414332, 28.413877], [-81.414537, 28.414032], [-81.414763, 28.414359], [-81.41494, 28.41479], [-81.414968, 28.414914], [-81.414961, 28.415224], [-81.415039, 28.415422], [-81.415302, 28.415681], [-81.415868, 28.416103], [-81.415887, 28.416197], [-81.415951, 28.416296], [-81.416348, 28.416633], [-81.41669, 28.416768], [-81.416879, 28.416809], [-81.417053, 28.416821], [-81.417219, 28.416797], [-81.417336, 28.416754], [-81.417686, 28.416494], [-81.417904, 28.416256], [-81.418206, 28.415688], [-81.418389, 28.4155], [-81.418568, 28.415401], [-81.418808, 28.415371], [-81.419034, 28.415425], [-81.419239, 28.415543], [-81.419681, 28.415888], [-81.419442, 28.416095], [-81.419204, 28.416454], [-81.419095, 28.416869], [-81.419093, 28.417358], [-81.418945, 28.417692], [-81.41852, 28.418183], [-81.417913, 28.41871], [-81.417785, 28.418861], [-81.417727, 28.418969], [-81.417697, 28.419183], [-81.417728, 28.419457], [-81.417781, 28.419672], [-81.417955, 28.419884], [-81.418237, 28.420131], [-81.41895, 28.420566], [-81.419565, 28.421019], [-81.419806, 28.42114], [-81.420019, 28.421191], [-81.420141, 28.421182], [-81.420319, 28.421127], [-81.420817, 28.420834], [-81.421468, 28.420635], [-81.422044, 28.420514], [-81.42251, 28.420456], [-81.422936, 28.42044], [-81.423177, 28.420473], [-81.423305, 28.420532], [-81.423479, 28.420683], [-81.423642, 28.420891], [-81.423871, 28.421246], [-81.424044, 28.421411], [-81.424363, 28.421607], [-81.424672, 28.42169], [-81.424991, 28.421672], [-81.425221, 28.421598], [-81.425431, 28.421449], [-81.425843, 28.421095], [-81.426134, 28.420978], [-81.426249, 28.420908], [-81.426373, 28.420806], [-81.426456, 28.420699], [-81.426519, 28.420488], [-81.426478, 28.420272], [-81.426355, 28.420101], [-81.426144, 28.419937], [-81.425905, 28.419893], [-81.425555, 28.419919], [-81.42492, 28.420065], [-81.424676, 28.420095], [-81.424136, 28.420047], [-81.423559, 28.419851], [-81.423156, 28.419658], [-81.422918, 28.419499], [-81.422713, 28.419283], [-81.422542, 28.419134], [-81.422937, 28.418885], [-81.423162, 28.418798], [-81.423562, 28.418693], [-81.424687, 28.418486], [-81.425132, 28.41831], [-81.425418, 28.418163], [-81.425932, 28.41786], [-81.426393, 28.41764], [-81.426855, 28.417451], [-81.427046, 28.417309], [-81.427242, 28.417123], [-81.427455, 28.416736], [-81.427614, 28.416756], [-81.428353, 28.417038], [-81.42859, 28.417182], [-81.428808, 28.417341], [-81.429124, 28.417488], [-81.429027, 28.417937], [-81.42889, 28.418295], [-81.428475, 28.418877], [-81.428101, 28.419086], [-81.427851, 28.419262], [-81.427668, 28.419463], [-81.427554, 28.419653], [-81.427507, 28.419882], [-81.427537, 28.420339], [-81.427593, 28.42078], [-81.427555, 28.421475], [-81.4275, 28.421712], [-81.427375, 28.421931], [-81.427161, 28.422139], [-81.42658, 28.422564], [-81.426072, 28.423071], [-81.425793, 28.423323], [-81.425281, 28.423646], [-81.424875, 28.423808], [-81.424425, 28.424029], [-81.42411, 28.424229], [-81.423906, 28.424403], [-81.423799, 28.424583], [-81.423746, 28.4248], [-81.423691, 28.425573], [-81.423738, 28.425837], [-81.42386, 28.426218], [-81.423972, 28.426906], [-81.424062, 28.427136], [-81.424187, 28.427297], [-81.424389, 28.427462], [-81.424513, 28.427532], [-81.424811, 28.42764], [-81.424903, 28.427658], [-81.425043, 28.427653], [-81.425328, 28.427579], [-81.426441, 28.426854], [-81.426594, 28.426785], [-81.426917, 28.426701], [-81.427352, 28.426671], [-81.427764, 28.426745], [-81.427891, 28.42679], [-81.428374, 28.427045], [-81.428615, 28.427124], [-81.428699, 28.427352], [-81.428756, 28.427904], [-81.42876, 28.428361], [-81.42871, 28.428808], [-81.428589, 28.429276], [-81.428337, 28.429966], [-81.428171, 28.430577], [-81.42812, 28.430853], [-81.428171, 28.431332], [-81.428339, 28.431787], [-81.428652, 28.432474], [-81.428856, 28.43279], [-81.429418, 28.433455], [-81.430095, 28.434178], [-81.430489, 28.43465], [-81.431416, 28.435877], [-81.431645, 28.436224], [-81.432089, 28.436773], [-81.432225, 28.437003], [-81.432592, 28.437864], [-81.432982, 28.438617], [-81.433144, 28.438872], [-81.433394, 28.439194], [-81.433902, 28.43974], [-81.433981, 28.439872], [-81.43401, 28.439988]], [[-81.422562, 28.466944], [-81.422296, 28.466955], [-81.4221, 28.466989], [-81.421951, 28.46706], [-81.421839, 28.467151], [-81.421689, 28.467354], [-81.421578, 28.467617], [-81.421587, 28.467761], [-81.421673, 28.467868], [-81.421769, 28.467912], [-81.421878, 28.467929], [-81.422144, 28.467875], [-81.422362, 28.467774], [-81.422667, 28.46756], [-81.422778, 28.467395], [-81.422821, 28.467269], [-81.422821, 28.467183], [-81.422791, 28.467108], [-81.422717, 28.467021], [-81.422562, 28.466944]], [[-81.414683, 28.465877], [-81.414568, 28.465864], [-81.414438, 28.465888], [-81.414052, 28.466038], [-81.413799, 28.466197], [-81.41371, 28.466317], [-81.41367, 28.466438], [-81.413706, 28.466657], [-81.413757, 28.46671], [-81.413856, 28.466769], [-81.414053, 28.466816], [-81.415362, 28.466743], [-81.416975, 28.466608], [-81.417085, 28.466582], [-81.417124, 28.466535], [-81.417138, 28.466439], [-81.417128, 28.466152], [-81.417052, 28.465155], [-81.416985, 28.464959], [-81.416926, 28.464922], [-81.416808, 28.464942], [-81.416563, 28.465079], [-81.416458, 28.465118], [-81.41622, 28.465157], [-81.415799, 28.465159], [-81.415591, 28.465217], [-81.414683, 28.465877]], [[-81.423261, 28.466174], [-81.423011, 28.466185], [-81.422823, 28.466245], [-81.422645, 28.46641], [-81.422621, 28.466478], [-81.422647, 28.466542], [-81.422769, 28.466647], [-81.422878, 28.466684], [-81.423062, 28.466682], [-81.423216, 28.466625], [-81.423328, 28.466528], [-81.42339, 28.466393], [-81.423352, 28.466271], [-81.423261, 28.466174]], [[-81.421942, 28.464297], [-81.421575, 28.464323], [-81.421379, 28.464375], [-81.421227, 28.464459], [-81.421196, 28.464502], [-81.42118, 28.464577], [-81.421198, 28.464656], [-81.421257, 28.464754], [-81.421588, 28.465027], [-81.421766, 28.465115], [-81.421964, 28.465144], [-81.422206, 28.465093], [-81.422381, 28.464996], [-81.422511, 28.464833], [-81.422554, 28.464706], [-81.422545, 28.464655], [-81.422487, 28.464555], [-81.422374, 28.464432], [-81.422207, 28.464352], [-81.421942, 28.464297]], [[-81.421198, 28.460084], [-81.421768, 28.460131], [-81.421965, 28.460085], [-81.422128, 28.459979], [-81.422275, 28.459715], [-81.422308, 28.459473], [-81.422246, 28.459306], [-81.422065, 28.459118], [-81.42195, 28.459047], [-81.421706, 28.458944], [-81.421332, 28.458754], [-81.421142, 28.458725], [-81.420964, 28.458745], [-81.420732, 28.458876], [-81.420542, 28.459094], [-81.420506, 28.459321], [-81.420551, 28.459576], [-81.420314, 28.459736], [-81.420082, 28.46002], [-81.419992, 28.460094], [-81.419563, 28.460323], [-81.418934, 28.460619], [-81.418447, 28.460943], [-81.418047, 28.461126], [-81.417519, 28.461205], [-81.417266, 28.461297], [-81.417113, 28.461431], [-81.417066, 28.461534], [-81.417079, 28.46169], [-81.417186, 28.461883], [-81.417334, 28.462018], [-81.417448, 28.462092], [-81.417578, 28.462123], [-81.417722, 28.462103], [-81.417868, 28.462018], [-81.418343, 28.461658], [-81.418516, 28.461548], [-81.419026, 28.461302], [-81.419498, 28.461033], [-81.419809, 28.460933], [-81.420142, 28.460936], [-81.42022, 28.460973], [-81.420563, 28.461224], [-81.420659, 28.461243], [-81.420739, 28.461227], [-81.420824, 28.461167], [-81.420877, 28.461062], [-81.420815, 28.460653], [-81.420828, 28.460521], [-81.420862, 28.460461], [-81.421198, 28.460084]], [[-81.419065, 28.450798], [-81.418409, 28.450825], [-81.418152, 28.450812], [-81.41795, 28.450773], [-81.417751, 28.450659], [-81.41737, 28.450277], [-81.417272, 28.450223], [-81.417162, 28.450214], [-81.41705, 28.450255], [-81.416951, 28.450336], [-81.416801, 28.45057], [-81.416733, 28.450632], [-81.416601, 28.450685], [-81.416334, 28.450747], [-81.416256, 28.450802], [-81.416215, 28.450882], [-81.416177, 28.451157], [-81.415994, 28.451375], [-81.415996, 28.451442], [-81.416167, 28.451605], [-81.416252, 28.451792], [-81.416502, 28.451971], [-81.416557, 28.45206], [-81.41656, 28.452133], [-81.416536, 28.452205], [-81.41631, 28.452524], [-81.416305, 28.452562], [-81.416339, 28.452626], [-81.41647, 28.45271], [-81.416766, 28.45279], [-81.416931, 28.452867], [-81.417031, 28.452968], [-81.417202, 28.453283], [-81.417345, 28.453454], [-81.417562, 28.453573], [-81.417955, 28.453668], [-81.418057, 28.45379], [-81.418067, 28.453841], [-81.418048, 28.453928], [-81.417896, 28.454173], [-81.417855, 28.454385], [-81.41782, 28.454449], [-81.417676, 28.454514], [-81.4173, 28.45454], [-81.417225, 28.454572], [-81.417169, 28.454632], [-81.417137, 28.454706], [-81.417158, 28.454787], [-81.417223, 28.454843], [-81.417313, 28.454882], [-81.417693, 28.454981], [-81.417958, 28.455014], [-81.418137, 28.455017], [-81.418359, 28.454963], [-81.418882, 28.454632], [-81.41921, 28.454382], [-81.419528, 28.454023], [-81.419565, 28.453935], [-81.419574, 28.453738], [-81.419421, 28.453314], [-81.419368, 28.45305], [-81.419366, 28.452845], [-81.419434, 28.452505], [-81.419591, 28.452115], [-81.419618, 28.451939], [-81.419572, 28.451733], [-81.419479, 28.451599], [-81.419456, 28.451525], [-81.419557, 28.451282], [-81.419863, 28.450886], [-81.420074, 28.450733], [-81.420391, 28.450319], [-81.420541, 28.450193], [-81.42076, 28.45005], [-81.420841, 28.449959], [-81.420873, 28.449796], [-81.420903, 28.449243], [-81.420882, 28.44907], [-81.420847, 28.449002], [-81.420812, 28.448975], [-81.420749, 28.448962], [-81.42067, 28.448982], [-81.420525, 28.449111], [-81.420389, 28.449533], [-81.420235, 28.449772], [-81.420126, 28.449847], [-81.419838, 28.449984], [-81.419428, 28.450278], [-81.419204, 28.450537], [-81.419065, 28.450798]], [[-81.4234, 28.453582], [-81.423318, 28.453574], [-81.42287, 28.453617], [-81.42204, 28.453607], [-81.421767, 28.453649], [-81.421631, 28.453687], [-81.421437, 28.453795], [-81.42125, 28.45397], [-81.420995, 28.454439], [-81.420962, 28.454524], [-81.420953, 28.454628], [-81.420992, 28.454696], [-81.421067, 28.454732], [-81.421383, 28.454692], [-81.422061, 28.454484], [-81.423306, 28.454157], [-81.423392, 28.454121], [-81.42345, 28.454066], [-81.423608, 28.454058], [-81.423924, 28.453971], [-81.42426, 28.453835], [-81.424557, 28.453681], [-81.424959, 28.453383], [-81.425041, 28.453265], [-81.425036, 28.453173], [-81.424981, 28.453131], [-81.424871, 28.453107], [-81.424533, 28.453145], [-81.424026, 28.453282], [-81.423553, 28.453491], [-81.4234, 28.453582]], [[-81.424278, 28.448863], [-81.424063, 28.448911], [-81.423948, 28.448993], [-81.423901, 28.449093], [-81.423938, 28.449227], [-81.424033, 28.449338], [-81.424157, 28.449401], [-81.424407, 28.449441], [-81.424534, 28.449418], [-81.424604, 28.449381], [-81.424649, 28.449321], [-81.424668, 28.449216], [-81.424646, 28.449115], [-81.424482, 28.44895], [-81.424278, 28.448863]], [[-81.428666, 28.448691], [-81.428386, 28.448735], [-81.428284, 28.448777], [-81.428189, 28.448879], [-81.428176, 28.448955], [-81.428198, 28.449017], [-81.428352, 28.449164], [-81.42861, 28.449284], [-81.428857, 28.449301], [-81.429055, 28.449236], [-81.429157, 28.449131], [-81.429173, 28.449056], [-81.429148, 28.448984], [-81.428904, 28.448772], [-81.428666, 28.448691]], [[-81.427434, 28.43601], [-81.427517, 28.435871], [-81.427741, 28.4356], [-81.427936, 28.435288], [-81.427996, 28.435085], [-81.427954, 28.434937], [-81.427871, 28.434873], [-81.42774, 28.434858], [-81.427398, 28.434994], [-81.427248, 28.435031], [-81.427007, 28.435058], [-81.426521, 28.435059], [-81.426056, 28.434981], [-81.425856, 28.434878], [-81.425809, 28.434822], [-81.425778, 28.434673], [-81.425878, 28.434087], [-81.425882, 28.433672], [-81.425807, 28.433354], [-81.425643, 28.433141], [-81.425847, 28.432995], [-81.426002, 28.432805], [-81.426054, 28.432605], [-81.426032, 28.432385], [-81.425964, 28.432179], [-81.425774, 28.431886], [-81.42552, 28.431558], [-81.425359, 28.431404], [-81.425198, 28.431345], [-81.424969, 28.431352], [-81.424829, 28.431405], [-81.42451, 28.431575], [-81.424283, 28.431637], [-81.423993, 28.431674], [-81.423786, 28.431753], [-81.423613, 28.431909], [-81.423541, 28.432061], [-81.42352, 28.432301], [-81.423581, 28.432516], [-81.423635, 28.432607], [-81.42378, 28.432734], [-81.424143, 28.43296], [-81.424664, 28.433167], [-81.424876, 28.433277], [-81.425119, 28.433339], [-81.425261, 28.434457], [-81.425222, 28.434712], [-81.425118, 28.434889], [-81.425053, 28.434938], [-81.424965, 28.434958], [-81.424877, 28.434945], [-81.424766, 28.434886], [-81.424491, 28.434559], [-81.424295, 28.43424], [-81.42423, 28.434188], [-81.42418, 28.434173], [-81.424074, 28.434204], [-81.423945, 28.434317], [-81.423815, 28.434497], [-81.423754, 28.434699], [-81.423782, 28.434883], [-81.423839, 28.434967], [-81.423911, 28.435029], [-81.424232, 28.43519], [-81.424683, 28.435343], [-81.424917, 28.4355], [-81.42491, 28.43563], [-81.425009, 28.435863], [-81.42503, 28.436067], [-81.424981, 28.436227], [-81.424851, 28.436476], [-81.424802, 28.436681], [-81.424838, 28.437494], [-81.424798, 28.438326], [-81.424701, 28.438889], [-81.424513, 28.439468], [-81.424498, 28.439593], [-81.424514, 28.43969], [-81.424054, 28.439958], [-81.423621, 28.440336], [-81.423152, 28.440916], [-81.422727, 28.441518], [-81.422383, 28.441925], [-81.421917, 28.442562], [-81.420944, 28.444085], [-81.420635, 28.444673], [-81.420533, 28.444985], [-81.4205, 28.44522], [-81.420494, 28.445505], [-81.420562, 28.445852], [-81.420743, 28.446302], [-81.420848, 28.446489], [-81.421126, 28.446864], [-81.421345, 28.447061], [-81.42177, 28.447297], [-81.42186, 28.447333], [-81.422038, 28.447353], [-81.422389, 28.447315], [-81.422804, 28.447225], [-81.423075, 28.447127], [-81.423312, 28.446988], [-81.423629, 28.446753], [-81.42437, 28.446072], [-81.424705, 28.445621], [-81.424972, 28.445582], [-81.425341, 28.445473], [-81.425545, 28.445351], [-81.425602, 28.445263], [-81.425601, 28.445231], [-81.425566, 28.445186], [-81.425404, 28.445132], [-81.424781, 28.445181], [-81.424715, 28.44455], [-81.424656, 28.444303], [-81.424588, 28.443796], [-81.424593, 28.443506], [-81.424663, 28.443123], [-81.424889, 28.442554], [-81.424976, 28.442391], [-81.425118, 28.442189], [-81.425641, 28.441652], [-81.425905, 28.441455], [-81.426082, 28.44139], [-81.426216, 28.44149], [-81.426421, 28.441576], [-81.426582, 28.441749], [-81.426632, 28.441895], [-81.42667, 28.442334], [-81.426602, 28.44294], [-81.426515, 28.443418], [-81.426246, 28.444233], [-81.426192, 28.44455], [-81.42621, 28.444733], [-81.426281, 28.444905], [-81.426439, 28.445058], [-81.426543, 28.445098], [-81.426776, 28.445103], [-81.426962, 28.445038], [-81.427097, 28.444915], [-81.427167, 28.444783], [-81.427204, 28.444599], [-81.427208, 28.444475], [-81.427189, 28.444385], [-81.427025, 28.443985], [-81.426981, 28.443796], [-81.426964, 28.443648], [-81.427, 28.443445], [-81.42708, 28.443308], [-81.42758, 28.442792], [-81.427691, 28.442567], [-81.427722, 28.442307], [-81.42764, 28.441944], [-81.427402, 28.441477], [-81.426974, 28.4409], [-81.426764, 28.440679], [-81.426631, 28.440596], [-81.426669, 28.440038], [-81.42664, 28.439841], [-81.426555, 28.439637], [-81.426373, 28.439381], [-81.426232, 28.439242], [-81.426135, 28.439212], [-81.425909, 28.439206], [-81.4258, 28.438938], [-81.425817, 28.438759], [-81.425799, 28.438671], [-81.425756, 28.4386], [-81.425601, 28.438459], [-81.425578, 28.438406], [-81.4256, 28.438257], [-81.425752, 28.438055], [-81.426777, 28.437212], [-81.427078, 28.436923], [-81.427301, 28.436678], [-81.427382, 28.436553], [-81.427438, 28.43636], [-81.427434, 28.43601]], [[-81.419698, 28.442926], [-81.419261, 28.442941], [-81.419047, 28.442986], [-81.418858, 28.443052], [-81.418568, 28.443282], [-81.418538, 28.443371], [-81.41857, 28.443466], [-81.41869, 28.44358], [-81.418829, 28.44362], [-81.419858, 28.443577], [-81.420093, 28.443536], [-81.42015, 28.443477], [-81.420175, 28.443398], [-81.420137, 28.443283], [-81.419904, 28.443026], [-81.419829, 28.442974], [-81.419698, 28.442926]], [[-81.41761, 28.43838], [-81.417488, 28.438417], [-81.417365, 28.438554], [-81.417302, 28.438758], [-81.417296, 28.438954], [-81.417351, 28.439131], [-81.417442, 28.4393], [-81.417682, 28.439561], [-81.417805, 28.439732], [-81.417882, 28.43999], [-81.41787, 28.440152], [-81.417814, 28.440233], [-81.417658, 28.440329], [-81.417038, 28.440482], [-81.416855, 28.440566], [-81.41671, 28.440664], [-81.416584, 28.440831], [-81.416546, 28.440982], [-81.416592, 28.441128], [-81.416697, 28.441224], [-81.416847, 28.441299], [-81.417144, 28.441386], [-81.417325, 28.441398], [-81.417785, 28.441387], [-81.418147, 28.441281], [-81.418684, 28.441021], [-81.419216, 28.440798], [-81.419588, 28.440697], [-81.419773, 28.440689], [-81.420052, 28.44074], [-81.420278, 28.440821], [-81.42055, 28.440952], [-81.420703, 28.440998], [-81.420847, 28.441018], [-81.421019, 28.44101], [-81.421177, 28.440952], [-81.421261, 28.440893], [-81.421367, 28.440778], [-81.421419, 28.440693], [-81.42144, 28.440568], [-81.421421, 28.440461], [-81.421377, 28.44038], [-81.42112, 28.440172], [-81.420783, 28.440004], [-81.420323, 28.43987], [-81.419718, 28.439742], [-81.418707, 28.439647], [-81.418481, 28.439575], [-81.418348, 28.439502], [-81.418254, 28.439428], [-81.418154, 28.439285], [-81.418027, 28.438942], [-81.41789, 28.43865], [-81.417752, 28.438472], [-81.41761, 28.43838]], [[-81.415438, 28.440208], [-81.415126, 28.440256], [-81.414873, 28.440409], [-81.41456, 28.440707], [-81.414518, 28.440822], [-81.414549, 28.440882], [-81.414681, 28.440951], [-81.414821, 28.440962], [-81.415055, 28.440923], [-81.41521, 28.440841], [-81.415397, 28.440665], [-81.415501, 28.440492], [-81.415522, 28.44034], [-81.415438, 28.440208]], [[-81.414968, 28.438134], [-81.415076, 28.438085], [-81.415326, 28.437913], [-81.415937, 28.437557], [-81.416395, 28.437193], [-81.416855, 28.436758], [-81.416916, 28.436648], [-81.416954, 28.436494], [-81.416945, 28.436433], [-81.416901, 28.436362], [-81.416814, 28.436277], [-81.416723, 28.43623], [-81.416601, 28.436197], [-81.415859, 28.436091], [-81.4155, 28.435935], [-81.415402, 28.435875], [-81.415283, 28.435761], [-81.41512, 28.435532], [-81.415221, 28.435459], [-81.415323, 28.435346], [-81.415331, 28.435185], [-81.41511, 28.434551], [-81.415053, 28.43433], [-81.414976, 28.433555], [-81.415018, 28.433188], [-81.41501, 28.43309], [-81.414879, 28.432702], [-81.414831, 28.432635], [-81.414756, 28.432594], [-81.414694, 28.432587], [-81.414623, 28.432614], [-81.414525, 28.432782], [-81.414446, 28.433121], [-81.414393, 28.433554], [-81.414281, 28.433947], [-81.41419, 28.434414], [-81.41413, 28.434499], [-81.413919, 28.434662], [-81.413837, 28.434791], [-81.413842, 28.434875], [-81.413899, 28.435046], [-81.413773, 28.435096], [-81.413639, 28.435118], [-81.412828, 28.435115], [-81.411997, 28.435184], [-81.411769, 28.435221], [-81.411644, 28.435299], [-81.411594, 28.435399], [-81.411596, 28.435529], [-81.411642, 28.435632], [-81.41182, 28.435848], [-81.411841, 28.435925], [-81.411833, 28.435999], [-81.411694, 28.436283], [-81.411528, 28.436808], [-81.41096, 28.437805], [-81.410851, 28.438085], [-81.410832, 28.438236], [-81.41088, 28.43846], [-81.411022, 28.438653], [-81.411189, 28.438774], [-81.411449, 28.438878], [-81.412332, 28.43893], [-81.413515, 28.438767], [-81.413853, 28.438707], [-81.41397, 28.438662], [-81.414163, 28.43865], [-81.414486, 28.438535], [-81.414878, 28.438245], [-81.414968, 28.438134]], [[-81.417974, 28.425899], [-81.418057, 28.425796], [-81.418109, 28.425685], [-81.418207, 28.425185], [-81.418128, 28.424812], [-81.418014, 28.424569], [-81.417828, 28.424364], [-81.417684, 28.424282], [-81.41725, 28.424155], [-81.417132, 28.424147], [-81.417009, 28.424178], [-81.416645, 28.424461], [-81.416382, 28.424786], [-81.416114, 28.425239], [-81.415949, 28.425772], [-81.415916, 28.426145], [-81.416019, 28.426598], [-81.415976, 28.426915], [-81.416147, 28.427431], [-81.41627, 28.427869], [-81.416313, 28.428111], [-81.416316, 28.428378], [-81.416244, 28.429212], [-81.416142, 28.429464], [-81.415879, 28.42984], [-81.41542, 28.430323], [-81.414803, 28.430834], [-81.414673, 28.430884], [-81.414437, 28.431027], [-81.414162, 28.431166], [-81.413812, 28.431268], [-81.413533, 28.431304], [-81.413003, 28.431258], [-81.412719, 28.431255], [-81.412391, 28.431311], [-81.412219, 28.431388], [-81.412038, 28.431571], [-81.411973, 28.431748], [-81.412019, 28.432471], [-81.412075, 28.432685], [-81.412287, 28.432959], [-81.412454, 28.43307], [-81.412677, 28.433166], [-81.412856, 28.433221], [-81.413027, 28.433231], [-81.413189, 28.43321], [-81.413388, 28.433147], [-81.413598, 28.433038], [-81.413931, 28.432759], [-81.415125, 28.43143], [-81.41527, 28.431334], [-81.416353, 28.430211], [-81.416805, 28.429655], [-81.417307, 28.428979], [-81.418421, 28.427649], [-81.418544, 28.427468], [-81.4186, 28.427256], [-81.4186, 28.427169], [-81.418553, 28.427123], [-81.418473, 28.427108], [-81.418329, 28.427152], [-81.417801, 28.427554], [-81.417432, 28.427715], [-81.417186, 28.427763], [-81.417072, 28.427755], [-81.416832, 28.427646], [-81.416734, 28.427564], [-81.416677, 28.42746], [-81.416674, 28.427427], [-81.416709, 28.427358], [-81.416812, 28.427277], [-81.417057, 28.427169], [-81.417162, 28.427081], [-81.417308, 28.426913], [-81.417649, 28.426383], [-81.417894, 28.426068], [-81.417974, 28.425899]], [[-81.409647, 28.427299], [-81.409497, 28.427346], [-81.409404, 28.427418], [-81.409076, 28.427886], [-81.408631, 28.428374], [-81.408578, 28.428466], [-81.408558, 28.428561], [-81.40857, 28.428629], [-81.408625, 28.428688], [-81.408784, 28.428717], [-81.409201, 28.428659], [-81.409439, 28.428546], [-81.409598, 28.428395], [-81.409753, 28.428098], [-81.409845, 28.427859], [-81.409868, 28.427725], [-81.409863, 28.427597], [-81.409818, 28.427465], [-81.409755, 28.42738], [-81.409647, 28.427299]], [[-81.408355, 28.424011], [-81.40765, 28.424014], [-81.407383, 28.424068], [-81.407246, 28.424151], [-81.407163, 28.424242], [-81.4071, 28.424399], [-81.407125, 28.424533], [-81.407183, 28.4246], [-81.40727, 28.42466], [-81.407577, 28.424738], [-81.407867, 28.424751], [-81.40842, 28.424674], [-81.408512, 28.424598], [-81.408545, 28.424388], [-81.408477, 28.424119], [-81.408355, 28.424011]], [[-81.411845, 28.423905], [-81.411634, 28.424105], [-81.411604, 28.424176], [-81.41161, 28.424252], [-81.411654, 28.42432], [-81.411758, 28.424393], [-81.411886, 28.424428], [-81.412019, 28.424429], [-81.412121, 28.424404], [-81.412258, 28.424337], [-81.41236, 28.424229], [-81.412385, 28.424068], [-81.412319, 28.423862], [-81.412326, 28.423773], [-81.412293, 28.42361], [-81.41222, 28.423421], [-81.412876, 28.423127], [-81.413359, 28.422854], [-81.413555, 28.422684], [-81.413708, 28.42239], [-81.413725, 28.422298], [-81.413688, 28.422185], [-81.413636, 28.422133], [-81.41353, 28.422103], [-81.413334, 28.422105], [-81.413178, 28.422128], [-81.412634, 28.422327], [-81.412542, 28.422324], [-81.412492, 28.422272], [-81.412498, 28.422232], [-81.41255, 28.422166], [-81.413042, 28.421802], [-81.413263, 28.421479], [-81.413291, 28.421382], [-81.413275, 28.421145], [-81.413217, 28.421066], [-81.413079, 28.42098], [-81.412605, 28.420912], [-81.412234, 28.42094], [-81.412048, 28.420979], [-81.411758, 28.421092], [-81.411399, 28.421275], [-81.411163, 28.421458], [-81.411008, 28.421661], [-81.410935, 28.421868], [-81.410953, 28.421971], [-81.410992, 28.422026], [-81.411253, 28.422156], [-81.4117, 28.422229], [-81.411845, 28.4223], [-81.411902, 28.422357], [-81.411917, 28.422426], [-81.4119, 28.422524], [-81.411629, 28.423266], [-81.411631, 28.423433], [-81.411745, 28.423552], [-81.411792, 28.4238], [-81.411845, 28.423905]], [[-81.417356, 28.421509], [-81.41589, 28.42151], [-81.414811, 28.421544], [-81.414432, 28.421533], [-81.414139, 28.421567], [-81.414081, 28.421597], [-81.414068, 28.421634], [-81.414106, 28.421697], [-81.414177, 28.421732], [-81.414457, 28.42176], [-81.415983, 28.421733], [-81.417054, 28.421766], [-81.417176, 28.421744], [-81.417262, 28.421694], [-81.417356, 28.421598], [-81.417356, 28.421509]], [[-81.419848, 28.421468], [-81.419405, 28.421483], [-81.41892, 28.421471], [-81.418738, 28.421502], [-81.417873, 28.422008], [-81.417823, 28.422051], [-81.417814, 28.422094], [-81.417871, 28.422138], [-81.417982, 28.422143], [-81.419705, 28.422071], [-81.419757, 28.422043], [-81.419798, 28.42198], [-81.419889, 28.421638], [-81.419897, 28.42154], [-81.419848, 28.421468]], [[-81.409882, 28.419272], [-81.409741, 28.419324], [-81.409599, 28.419465], [-81.409529, 28.419622], [-81.409496, 28.419846], [-81.409514, 28.419982], [-81.409608, 28.420164], [-81.409681, 28.420221], [-81.409805, 28.420254], [-81.409968, 28.420233], [-81.410075, 28.42017], [-81.410204, 28.420006], [-81.410239, 28.419891], [-81.410208, 28.41969], [-81.410138, 28.419525], [-81.409986, 28.419353], [-81.409882, 28.419272]], [[-81.408736, 28.41916], [-81.408547, 28.419167], [-81.408463, 28.419199], [-81.408375, 28.419295], [-81.408353, 28.419399], [-81.408375, 28.419502], [-81.408432, 28.419595], [-81.408591, 28.419747], [-81.408707, 28.419786], [-81.408818, 28.419768], [-81.408908, 28.419723], [-81.409069, 28.419583], [-81.409121, 28.419479], [-81.409096, 28.419388], [-81.409006, 28.419295], [-81.408899, 28.419221], [-81.408736, 28.41916]], [[-81.411627, 28.419494], [-81.411339, 28.419564], [-81.411278, 28.419617], [-81.411234, 28.419689], [-81.411226, 28.419772], [-81.411251, 28.419821], [-81.411441, 28.419953], [-81.412069, 28.420157], [-81.412773, 28.420276], [-81.41309, 28.42028], [-81.413323, 28.420207], [-81.413328, 28.420149], [-81.413235, 28.420087], [-81.412665, 28.419886], [-81.412048, 28.419631], [-81.411627, 28.419494]], [[-81.424833, 28.422003], [-81.424624, 28.42202], [-81.42458, 28.422044], [-81.424555, 28.422084], [-81.424567, 28.422216], [-81.424673, 28.422428], [-81.424893, 28.422675], [-81.425135, 28.422885], [-81.425367, 28.423006], [-81.425533, 28.423041], [-81.425617, 28.423029], [-81.425672, 28.422973], [-81.425663, 28.422853], [-81.425426, 28.422474], [-81.425176, 28.422211], [-81.424833, 28.422003]], [[-81.420816, 28.425527], [-81.420112, 28.425547], [-81.419903, 28.425576], [-81.419667, 28.425645], [-81.419501, 28.425737], [-81.419389, 28.425828], [-81.419031, 28.426191], [-81.419013, 28.426221], [-81.419022, 28.426281], [-81.419088, 28.426314], [-81.419195, 28.426287], [-81.419646, 28.426051], [-81.419846, 28.425979], [-81.420429, 28.42582], [-81.420701, 28.425804], [-81.420911, 28.425837], [-81.421138, 28.425926], [-81.421483, 28.426169], [-81.421893, 28.426553], [-81.421946, 28.426582], [-81.422015, 28.426576], [-81.422022, 28.426475], [-81.421936, 28.426274], [-81.421772, 28.426058], [-81.421576, 28.425841], [-81.421273, 28.425664], [-81.420816, 28.425527]], [[-81.420539, 28.427533], [-81.420388, 28.427816], [-81.42014, 28.428079], [-81.419996, 28.428183], [-81.419412, 28.428512], [-81.419096, 28.428822], [-81.418849, 28.429134], [-81.418607, 28.429544], [-81.41844, 28.429877], [-81.418358, 28.430237], [-81.418402, 28.430435], [-81.418506, 28.430627], [-81.418561, 28.430778], [-81.418616, 28.430861], [-81.418548, 28.430964], [-81.418353, 28.431401], [-81.41819, 28.431887], [-81.418161, 28.432091], [-81.418221, 28.432352], [-81.418357, 28.432536], [-81.418508, 28.432635], [-81.41877, 28.432687], [-81.419, 28.432684], [-81.419163, 28.432647], [-81.41932, 28.432577], [-81.419609, 28.4324], [-81.419725, 28.432286], [-81.419873, 28.432089], [-81.419974, 28.431906], [-81.42003, 28.4317], [-81.420034, 28.431591], [-81.420012, 28.4315], [-81.419776, 28.43124], [-81.419549, 28.431103], [-81.419015, 28.430884], [-81.419001, 28.430554], [-81.419032, 28.430246], [-81.419165, 28.429737], [-81.419322, 28.429654], [-81.419568, 28.429417], [-81.419583, 28.429341], [-81.419565, 28.429097], [-81.419915, 28.428775], [-81.420061, 28.428686], [-81.420521, 28.428506], [-81.421167, 28.428394], [-81.421395, 28.428252], [-81.421445, 28.428157], [-81.421433, 28.428067], [-81.421025, 28.427684], [-81.420938, 28.427512], [-81.42107, 28.427254], [-81.42107, 28.427178], [-81.42103, 28.427074], [-81.420932, 28.426935], [-81.420753, 28.426763], [-81.420616, 28.426691], [-81.420496, 28.426679], [-81.420418, 28.426707], [-81.420319, 28.426793], [-81.420213, 28.426934], [-81.420199, 28.427022], [-81.420239, 28.427175], [-81.420295, 28.42728], [-81.420392, 28.427399], [-81.420539, 28.427533]], [[-81.422108, 28.427844], [-81.422, 28.427998], [-81.42169, 28.428825], [-81.421441, 28.429247], [-81.421413, 28.42936], [-81.421444, 28.429413], [-81.421511, 28.429422], [-81.42161, 28.429348], [-81.421964, 28.428917], [-81.422097, 28.428718], [-81.422149, 28.428504], [-81.422172, 28.42816], [-81.42215, 28.427935], [-81.422108, 28.427844]], [[-81.427541, 28.429351], [-81.427294, 28.429358], [-81.427054, 28.429408], [-81.42692, 28.429493], [-81.426879, 28.429588], [-81.426875, 28.430404], [-81.426942, 28.431574], [-81.426962, 28.433153], [-81.426987, 28.43332], [-81.427656, 28.434128], [-81.428509, 28.435095], [-81.42921, 28.436006], [-81.429486, 28.436564], [-81.430491, 28.438431], [-81.430674, 28.438853], [-81.43104, 28.439525], [-81.431398, 28.440245], [-81.431773, 28.440944], [-81.432093, 28.441472], [-81.432384, 28.442023], [-81.43253, 28.442221], [-81.432607, 28.442281], [-81.432666, 28.442303], [-81.432796, 28.442294], [-81.433127, 28.442215], [-81.433275, 28.442143], [-81.433341, 28.442068], [-81.433352, 28.442004], [-81.433313, 28.441869], [-81.433132, 28.441553], [-81.432232, 28.439804], [-81.43149, 28.438553], [-81.430518, 28.436686], [-81.430124, 28.436074], [-81.429968, 28.435866], [-81.429697, 28.435406], [-81.429417, 28.435014], [-81.429258, 28.434724], [-81.428757, 28.434067], [-81.428111, 28.433356], [-81.427812, 28.432904], [-81.427712, 28.432383], [-81.427665, 28.429523], [-81.427639, 28.429427], [-81.427541, 28.429351]], [[-81.428904, 28.437335], [-81.42869, 28.437393], [-81.428435, 28.437549], [-81.42794, 28.437781], [-81.427841, 28.437864], [-81.427799, 28.43793], [-81.427787, 28.43803], [-81.427817, 28.438097], [-81.427986, 28.438208], [-81.428114, 28.438233], [-81.428317, 28.438231], [-81.428495, 28.438199], [-81.428683, 28.438101], [-81.428825, 28.437969], [-81.428914, 28.437776], [-81.428942, 28.437493], [-81.428904, 28.437335]], [[-81.421706, 28.431019], [-81.421509, 28.431036], [-81.421366, 28.431092], [-81.421278, 28.431163], [-81.421134, 28.431328], [-81.42091, 28.431731], [-81.420625, 28.43234], [-81.420439, 28.432663], [-81.420391, 28.432849], [-81.420447, 28.433043], [-81.420776, 28.433363], [-81.421043, 28.433762], [-81.421554, 28.434153], [-81.421673, 28.434343], [-81.421778, 28.434607], [-81.421833, 28.434663], [-81.4219, 28.434695], [-81.421975, 28.43468], [-81.422018, 28.434648], [-81.422109, 28.434499], [-81.42218, 28.43396], [-81.422192, 28.433578], [-81.422083, 28.432498], [-81.422099, 28.431548], [-81.422057, 28.431367], [-81.421971, 28.431207], [-81.421869, 28.43111], [-81.421706, 28.431019]], [[-81.41602, 28.433835], [-81.415799, 28.433844], [-81.415659, 28.433876], [-81.415546, 28.433935], [-81.415434, 28.434037], [-81.415391, 28.434106], [-81.415386, 28.434226], [-81.415429, 28.43433], [-81.415504, 28.434404], [-81.415642, 28.434466], [-81.415916, 28.434519], [-81.416061, 28.434476], [-81.416181, 28.434377], [-81.416265, 28.434235], [-81.416251, 28.434055], [-81.416186, 28.433951], [-81.41602, 28.433835]], [[-81.422846, 28.437835], [-81.422635, 28.437854], [-81.422507, 28.437921], [-81.42241, 28.438054], [-81.422436, 28.438185], [-81.422579, 28.438331], [-81.42281, 28.438432], [-81.423038, 28.438492], [-81.423137, 28.438489], [-81.423215, 28.438466], [-81.423304, 28.438403], [-81.423333, 28.438338], [-81.423329, 28.438234], [-81.423289, 28.438134], [-81.423208, 28.438038], [-81.423097, 28.43795], [-81.422846, 28.437835]], [[-81.416213, 28.438246], [-81.416001, 28.438253], [-81.415922, 28.438279], [-81.415798, 28.438386], [-81.41572, 28.438515], [-81.415703, 28.438645], [-81.415749, 28.438849], [-81.415825, 28.438947], [-81.415946, 28.439015], [-81.416108, 28.439025], [-81.416308, 28.438992], [-81.416423, 28.438942], [-81.41649, 28.438871], [-81.416503, 28.438718], [-81.416432, 28.438505], [-81.416366, 28.4384], [-81.416213, 28.438246]], [[-81.410486, 28.414508], [-81.410365, 28.414539], [-81.410283, 28.414626], [-81.410258, 28.415177], [-81.41022, 28.415314], [-81.41012, 28.415395], [-81.409821, 28.415512], [-81.409695, 28.41561], [-81.409611, 28.415739], [-81.409574, 28.415944], [-81.409579, 28.416262], [-81.409707, 28.416723], [-81.410038, 28.417309], [-81.410195, 28.41752], [-81.410438, 28.417745], [-81.410685, 28.417907], [-81.41092, 28.417993], [-81.411442, 28.418093], [-81.411622, 28.418178], [-81.411767, 28.418307], [-81.411903, 28.418461], [-81.412144, 28.41885], [-81.412326, 28.419016], [-81.412503, 28.419107], [-81.412679, 28.419153], [-81.412988, 28.419199], [-81.413533, 28.419173], [-81.414085, 28.419244], [-81.41443, 28.419187], [-81.414665, 28.419081], [-81.414739, 28.418977], [-81.414758, 28.418857], [-81.41466, 28.4185], [-81.414816, 28.418013], [-81.414768, 28.417807], [-81.414661, 28.417656], [-81.414551, 28.417575], [-81.414174, 28.417388], [-81.414035, 28.417335], [-81.413941, 28.417321], [-81.413696, 28.417322], [-81.413469, 28.417354], [-81.412953, 28.417494], [-81.412667, 28.417547], [-81.412445, 28.417533], [-81.412284, 28.417462], [-81.412189, 28.417368], [-81.412116, 28.417263], [-81.411998, 28.416857], [-81.411876, 28.416594], [-81.411686, 28.416287], [-81.411214, 28.415673], [-81.411129, 28.415513], [-81.411104, 28.415405], [-81.411138, 28.415333], [-81.41123, 28.415303], [-81.411633, 28.415523], [-81.411923, 28.4156], [-81.411982, 28.415592], [-81.412012, 28.415568], [-81.412013, 28.415493], [-81.411929, 28.415403], [-81.41168, 28.415237], [-81.411045, 28.414925], [-81.410486, 28.414508]], [[-81.416962, 28.418112], [-81.416787, 28.418161], [-81.416654, 28.418264], [-81.416577, 28.418391], [-81.416544, 28.418575], [-81.416575, 28.418701], [-81.416675, 28.41881], [-81.416787, 28.418868], [-81.416965, 28.418899], [-81.417119, 28.418869], [-81.417222, 28.418807], [-81.417294, 28.418708], [-81.417322, 28.418567], [-81.417294, 28.418399], [-81.417249, 28.418313], [-81.417155, 28.418232], [-81.416962, 28.418112]], [[-81.407278, 28.409608], [-81.407007, 28.409634], [-81.406729, 28.409812], [-81.406486, 28.410072], [-81.40639, 28.410338], [-81.406387, 28.410506], [-81.406408, 28.410629], [-81.406461, 28.410813], [-81.406674, 28.411301], [-81.406753, 28.411908], [-81.406832, 28.412142], [-81.406908, 28.412287], [-81.406999, 28.412376], [-81.40711, 28.412444], [-81.407313, 28.412504], [-81.408478, 28.412437], [-81.408559, 28.412374], [-81.40861, 28.412264], [-81.408637, 28.411881], [-81.408548, 28.410872], [-81.408484, 28.410575], [-81.408415, 28.410366], [-81.408298, 28.410213], [-81.407957, 28.409937], [-81.407694, 28.409788], [-81.407278, 28.409608]], [[-81.40603, 28.411436], [-81.405699, 28.411523], [-81.4055, 28.411637], [-81.405462, 28.41173], [-81.405465, 28.411867], [-81.405496, 28.411946], [-81.405556, 28.412005], [-81.40566, 28.412043], [-81.40587, 28.412036], [-81.406004, 28.412015], [-81.406082, 28.411969], [-81.406103, 28.411862], [-81.406093, 28.41159], [-81.406075, 28.411513], [-81.40603, 28.411436]], [[-81.406059, 28.40857], [-81.405947, 28.408604], [-81.405903, 28.408675], [-81.405881, 28.408757], [-81.405876, 28.408971], [-81.40596, 28.409352], [-81.406048, 28.409447], [-81.406279, 28.409566], [-81.406389, 28.409569], [-81.406536, 28.409529], [-81.40669, 28.409442], [-81.406782, 28.409308], [-81.406802, 28.409072], [-81.406752, 28.408882], [-81.406699, 28.408821], [-81.406599, 28.40876], [-81.406254, 28.408664], [-81.406059, 28.40857]], [[-81.408128, 28.408065], [-81.407918, 28.408081], [-81.407669, 28.408151], [-81.407539, 28.408261], [-81.407462, 28.408385], [-81.407411, 28.408621], [-81.407437, 28.408827], [-81.407538, 28.408944], [-81.407671, 28.409018], [-81.407734, 28.409036], [-81.407839, 28.409034], [-81.408058, 28.408967], [-81.408519, 28.408697], [-81.408618, 28.408585], [-81.408637, 28.408507], [-81.408624, 28.408429], [-81.408472, 28.408231], [-81.408387, 28.40817], [-81.408128, 28.408065]], [[-81.424377, 28.406125], [-81.424562, 28.406109], [-81.42464, 28.406044], [-81.424669, 28.405856], [-81.424617, 28.405734], [-81.424486, 28.405651], [-81.423707, 28.405328], [-81.423623, 28.40533], [-81.423533, 28.405405], [-81.423456, 28.405881], [-81.423198, 28.405742], [-81.42276, 28.405363], [-81.422652, 28.405329], [-81.422554, 28.405377], [-81.422012, 28.405761], [-81.421644, 28.40595], [-81.421032, 28.406105], [-81.42024, 28.406205], [-81.419999, 28.406275], [-81.41951, 28.406586], [-81.419172, 28.406909], [-81.418998, 28.407105], [-81.418847, 28.407325], [-81.418758, 28.407537], [-81.418753, 28.407647], [-81.418793, 28.407826], [-81.418868, 28.407964], [-81.418956, 28.408047], [-81.419067, 28.408113], [-81.419242, 28.408158], [-81.41965, 28.408118], [-81.419939, 28.40806], [-81.420484, 28.408041], [-81.420783, 28.408051], [-81.421, 28.408134], [-81.421083, 28.408148], [-81.421161, 28.40814], [-81.421252, 28.40807], [-81.421281, 28.407998], [-81.421336, 28.407289], [-81.421419, 28.407037], [-81.42157, 28.406787], [-81.421834, 28.406531], [-81.421931, 28.406481], [-81.422116, 28.406425], [-81.422393, 28.406392], [-81.422892, 28.406433], [-81.423281, 28.40652], [-81.423833, 28.406921], [-81.423973, 28.406966], [-81.424101, 28.406947], [-81.424301, 28.406819], [-81.424417, 28.406636], [-81.424437, 28.406458], [-81.424377, 28.406125]], [[-81.426997, 28.402865], [-81.426866, 28.402884], [-81.426716, 28.402935], [-81.426576, 28.403083], [-81.426474, 28.403313], [-81.426376, 28.403776], [-81.426383, 28.40429], [-81.426423, 28.404532], [-81.426477, 28.404681], [-81.426651, 28.404929], [-81.426966, 28.405119], [-81.427054, 28.405225], [-81.427026, 28.405337], [-81.426838, 28.405587], [-81.426828, 28.40571], [-81.426857, 28.405777], [-81.426934, 28.405808], [-81.427029, 28.405795], [-81.427325, 28.40565], [-81.427538, 28.405589], [-81.428075, 28.40559], [-81.428681, 28.405502], [-81.428932, 28.405449], [-81.429551, 28.405436], [-81.429717, 28.405483], [-81.430081, 28.405659], [-81.430256, 28.405772], [-81.430639, 28.406107], [-81.43103, 28.406302], [-81.431449, 28.406433], [-81.431638, 28.406418], [-81.431725, 28.406364], [-81.431769, 28.406273], [-81.431781, 28.40613], [-81.43159, 28.40533], [-81.431491, 28.404679], [-81.431338, 28.404292], [-81.431164, 28.404098], [-81.431064, 28.404052], [-81.430934, 28.404042], [-81.430523, 28.404105], [-81.429453, 28.404415], [-81.428903, 28.404692], [-81.428523, 28.404857], [-81.428233, 28.404944], [-81.428085, 28.404941], [-81.42795, 28.404873], [-81.427745, 28.404691], [-81.427317, 28.404095], [-81.427179, 28.403707], [-81.427167, 28.403235], [-81.42714, 28.403072], [-81.427091, 28.402959], [-81.426997, 28.402865]], [[-81.424305, 28.403942], [-81.42411, 28.403949], [-81.423988, 28.403981], [-81.423887, 28.404062], [-81.423823, 28.404201], [-81.423831, 28.404313], [-81.423904, 28.404416], [-81.424104, 28.404535], [-81.424235, 28.404572], [-81.424391, 28.404567], [-81.4245, 28.404531], [-81.424625, 28.404418], [-81.424661, 28.404322], [-81.424638, 28.404196], [-81.424552, 28.404062], [-81.424477, 28.404005], [-81.424305, 28.403942]], [[-81.424979, 28.403436], [-81.424868, 28.403484], [-81.424795, 28.40357], [-81.424789, 28.403638], [-81.424837, 28.403767], [-81.424902, 28.403864], [-81.424975, 28.403922], [-81.42515, 28.404004], [-81.425259, 28.404001], [-81.425321, 28.40395], [-81.425367, 28.403872], [-81.425369, 28.403783], [-81.425334, 28.40367], [-81.425218, 28.403552], [-81.424979, 28.403436]], [[-81.429187, 28.405778], [-81.42889, 28.405871], [-81.428766, 28.405959], [-81.428679, 28.406058], [-81.428581, 28.406223], [-81.428558, 28.406344], [-81.428586, 28.406448], [-81.428665, 28.406522], [-81.428786, 28.406559], [-81.428942, 28.406536], [-81.429085, 28.406456], [-81.429214, 28.406321], [-81.429281, 28.40619], [-81.429305, 28.405965], [-81.429277, 28.405876], [-81.429187, 28.405778]], [[-81.425947, 28.406149], [-81.425725, 28.406164], [-81.425585, 28.406242], [-81.425506, 28.406355], [-81.425313, 28.406843], [-81.425311, 28.407126], [-81.425371, 28.407336], [-81.425488, 28.407488], [-81.425679, 28.407589], [-81.425755, 28.407589], [-81.425968, 28.407525], [-81.426367, 28.407245], [-81.426517, 28.407102], [-81.426618, 28.406864], [-81.426594, 28.406717], [-81.426535, 28.406618], [-81.426161, 28.406342], [-81.425947, 28.406149]], [[-81.429981, 28.409153], [-81.429229, 28.409188], [-81.428431, 28.409184], [-81.428127, 28.409239], [-81.427963, 28.409318], [-81.427877, 28.409396], [-81.427806, 28.409496], [-81.427618, 28.409983], [-81.427583, 28.410484], [-81.427614, 28.410645], [-81.427663, 28.410716], [-81.4278, 28.410832], [-81.428101, 28.410942], [-81.429026, 28.411059], [-81.429463, 28.411035], [-81.429732, 28.410997], [-81.430208, 28.41085], [-81.430452, 28.410738], [-81.43058, 28.410624], [-81.430738, 28.410369], [-81.430815, 28.41002], [-81.430786, 28.409702], [-81.430682, 28.409482], [-81.430451, 28.409254], [-81.430355, 28.409218], [-81.429981, 28.409153]], [[-81.435097, 28.40239], [-81.435257, 28.402315], [-81.435393, 28.402153], [-81.435438, 28.402039], [-81.435483, 28.401779], [-81.435443, 28.401475], [-81.435358, 28.401231], [-81.435203, 28.400964], [-81.435082, 28.400866], [-81.435034, 28.400868], [-81.434988, 28.40092], [-81.435039, 28.401277], [-81.434997, 28.40152], [-81.434921, 28.401683], [-81.434697, 28.401949], [-81.434581, 28.401912], [-81.434428, 28.401912], [-81.43392, 28.402005], [-81.433783, 28.402073], [-81.43365, 28.402221], [-81.433643, 28.402351], [-81.433762, 28.402727], [-81.433768, 28.402825], [-81.433714, 28.403001], [-81.433517, 28.403334], [-81.433486, 28.40343], [-81.433479, 28.403541], [-81.433498, 28.403656], [-81.433559, 28.403796], [-81.433657, 28.403925], [-81.43375, 28.404], [-81.433827, 28.404039], [-81.433949, 28.404056], [-81.43422, 28.403986], [-81.434304, 28.403923], [-81.434524, 28.403679], [-81.434748, 28.403465], [-81.434876, 28.403282], [-81.435033, 28.402856], [-81.435076, 28.402639], [-81.435097, 28.40239]], [[-81.436021, 28.399459], [-81.435815, 28.399483], [-81.435726, 28.399591], [-81.43569, 28.399692], [-81.435698, 28.39981], [-81.435823, 28.400062], [-81.435907, 28.400359], [-81.435912, 28.401069], [-81.43575, 28.402283], [-81.435665, 28.403405], [-81.435589, 28.403564], [-81.435321, 28.403844], [-81.43525, 28.403961], [-81.435232, 28.404031], [-81.43525, 28.404147], [-81.435296, 28.404209], [-81.435349, 28.404234], [-81.435426, 28.404214], [-81.43546, 28.404187], [-81.43595, 28.403706], [-81.436231, 28.403378], [-81.436465, 28.403058], [-81.436665, 28.402656], [-81.4368, 28.40219], [-81.436878, 28.401825], [-81.436831, 28.40107], [-81.436647, 28.400453], [-81.436429, 28.399902], [-81.436356, 28.399759], [-81.436189, 28.399571], [-81.436021, 28.399459]], [[-81.427948, 28.399801], [-81.427643, 28.399816], [-81.427567, 28.399865], [-81.427467, 28.39998], [-81.427421, 28.40023], [-81.427433, 28.400391], [-81.427494, 28.400491], [-81.427589, 28.40055], [-81.427731, 28.400552], [-81.427923, 28.400495], [-81.428019, 28.400431], [-81.428103, 28.400313], [-81.428141, 28.400154], [-81.428127, 28.399979], [-81.428068, 28.399894], [-81.427948, 28.399801]], [[-81.423614, 28.398516], [-81.423349, 28.398542], [-81.423233, 28.398618], [-81.423182, 28.398674], [-81.423159, 28.398741], [-81.423181, 28.398858], [-81.423233, 28.398942], [-81.423296, 28.39899], [-81.423398, 28.399024], [-81.423522, 28.399016], [-81.423658, 28.398958], [-81.42374, 28.398872], [-81.423778, 28.39876], [-81.423766, 28.39866], [-81.423725, 28.398599], [-81.423614, 28.398516]], [[-81.428946, 28.398457], [-81.428692, 28.39848], [-81.428502, 28.398522], [-81.428384, 28.398576], [-81.428284, 28.398658], [-81.428241, 28.398727], [-81.428261, 28.398863], [-81.428309, 28.398944], [-81.428416, 28.399037], [-81.428489, 28.399077], [-81.428623, 28.39911], [-81.428894, 28.399108], [-81.429132, 28.399047], [-81.429287, 28.398931], [-81.429329, 28.398821], [-81.429277, 28.398639], [-81.429188, 28.39856], [-81.428946, 28.398457]], [[-81.421226, 28.394874], [-81.420327, 28.394953], [-81.419648, 28.394966], [-81.419542, 28.394988], [-81.419424, 28.395061], [-81.419359, 28.395142], [-81.419302, 28.395296], [-81.419232, 28.395852], [-81.419072, 28.396335], [-81.419082, 28.396558], [-81.419162, 28.396677], [-81.419405, 28.396846], [-81.419534, 28.39686], [-81.419657, 28.396825], [-81.419803, 28.396754], [-81.420121, 28.396521], [-81.420598, 28.395981], [-81.421192, 28.395512], [-81.421443, 28.395247], [-81.42149, 28.39511], [-81.421473, 28.395017], [-81.421395, 28.394943], [-81.421226, 28.394874]], [[-81.425409, 28.397018], [-81.425107, 28.397031], [-81.425018, 28.397058], [-81.424946, 28.397106], [-81.424848, 28.397203], [-81.42481, 28.397271], [-81.424778, 28.397423], [-81.424813, 28.397514], [-81.424914, 28.397574], [-81.4251, 28.397597], [-81.425205, 28.397572], [-81.425402, 28.397473], [-81.425476, 28.397382], [-81.425514, 28.397225], [-81.425483, 28.397111], [-81.425409, 28.397018]], [[-81.417344, 28.391009], [-81.417531, 28.390971], [-81.417559, 28.390946], [-81.417574, 28.390881], [-81.417413, 28.390198], [-81.417337, 28.39003], [-81.417183, 28.389875], [-81.416789, 28.389689], [-81.416692, 28.389593], [-81.416546, 28.389387], [-81.416483, 28.389339], [-81.416368, 28.389327], [-81.416143, 28.389403], [-81.415845, 28.389582], [-81.415066, 28.390205], [-81.414391, 28.390704], [-81.413714, 28.391286], [-81.41365, 28.391358], [-81.413618, 28.391437], [-81.413639, 28.391504], [-81.413699, 28.391547], [-81.414207, 28.391724], [-81.414414, 28.391763], [-81.415187, 28.391849], [-81.415649, 28.391866], [-81.415689, 28.392052], [-81.415757, 28.392188], [-81.415984, 28.392413], [-81.4161, 28.392473], [-81.416295, 28.392514], [-81.416483, 28.392524], [-81.416603, 28.392493], [-81.41671, 28.392419], [-81.41686, 28.392272], [-81.417134, 28.39197], [-81.417239, 28.391822], [-81.41728, 28.391651], [-81.417259, 28.391264], [-81.417344, 28.391009]], [[-81.417078, 28.384812], [-81.416739, 28.384827], [-81.416584, 28.384889], [-81.416381, 28.385099], [-81.416219, 28.385377], [-81.416133, 28.385708], [-81.416094, 28.386049], [-81.416156, 28.386656], [-81.416301, 28.387057], [-81.416587, 28.387459], [-81.41682, 28.387689], [-81.417251, 28.388013], [-81.417695, 28.388318], [-81.418046, 28.38862], [-81.419201, 28.390105], [-81.419441, 28.390449], [-81.41988, 28.390909], [-81.420036, 28.391041], [-81.420213, 28.391132], [-81.420412, 28.391168], [-81.420572, 28.391129], [-81.420665, 28.391048], [-81.420693, 28.390936], [-81.420616, 28.390564], [-81.420229, 28.389622], [-81.419901, 28.389006], [-81.419667, 28.388501], [-81.419475, 28.388022], [-81.419445, 28.387899], [-81.41945, 28.38762], [-81.419521, 28.387468], [-81.419678, 28.38736], [-81.420023, 28.38731], [-81.420177, 28.387252], [-81.420255, 28.387183], [-81.420299, 28.387114], [-81.420307, 28.387037], [-81.420289, 28.386965], [-81.420183, 28.386867], [-81.419625, 28.386695], [-81.419267, 28.386482], [-81.419104, 28.386434], [-81.4189, 28.386418], [-81.418371, 28.386503], [-81.417808, 28.386544], [-81.417653, 28.386536], [-81.417556, 28.386499], [-81.417456, 28.386396], [-81.417446, 28.386345], [-81.417464, 28.386261], [-81.417631, 28.386021], [-81.417975, 28.385622], [-81.418046, 28.385429], [-81.418047, 28.385296], [-81.417958, 28.385141], [-81.417752, 28.384978], [-81.417466, 28.384871], [-81.417078, 28.384812]], [[-81.429705, 28.387432], [-81.429493, 28.387442], [-81.429306, 28.387477], [-81.429074, 28.387547], [-81.42893, 28.387629], [-81.428837, 28.38774], [-81.428796, 28.387846], [-81.428794, 28.388012], [-81.428863, 28.388127], [-81.428976, 28.388185], [-81.429187, 28.388178], [-81.429491, 28.38808], [-81.429635, 28.387998], [-81.429741, 28.387884], [-81.429792, 28.387723], [-81.429788, 28.387536], [-81.429705, 28.387432]], [[-81.421535, 28.386847], [-81.421302, 28.386871], [-81.421112, 28.386945], [-81.421058, 28.387004], [-81.421027, 28.387085], [-81.421048, 28.387267], [-81.421129, 28.387457], [-81.421243, 28.38756], [-81.421422, 28.387638], [-81.421693, 28.387667], [-81.421814, 28.387616], [-81.421905, 28.387522], [-81.42195, 28.387378], [-81.421935, 28.387232], [-81.421894, 28.387089], [-81.421817, 28.386995], [-81.421697, 28.386909], [-81.421535, 28.386847]], [[-81.425519, 28.38822], [-81.425234, 28.388276], [-81.425153, 28.388331], [-81.425085, 28.388419], [-81.42506, 28.388528], [-81.425084, 28.388682], [-81.425125, 28.38877], [-81.425187, 28.388822], [-81.425245, 28.38884], [-81.425346, 28.388838], [-81.425561, 28.388762], [-81.425719, 28.388668], [-81.425801, 28.388573], [-81.425832, 28.388465], [-81.425791, 28.388362], [-81.425669, 28.388269], [-81.425519, 28.38822]], [[-81.425748, 28.384471], [-81.425559, 28.384494], [-81.425424, 28.384572], [-81.425315, 28.384703], [-81.425227, 28.384908], [-81.425213, 28.385029], [-81.425256, 28.385144], [-81.425359, 28.385243], [-81.425468, 28.385296], [-81.425689, 28.385311], [-81.426146, 28.385206], [-81.426364, 28.385105], [-81.426457, 28.38499], [-81.426479, 28.384906], [-81.426472, 28.38483], [-81.426342, 28.384681], [-81.426215, 28.384618], [-81.425948, 28.384546], [-81.425748, 28.384471]], [[-81.423138, 28.379572], [-81.423018, 28.37961], [-81.422753, 28.379822], [-81.422448, 28.379938], [-81.422299, 28.380065], [-81.422266, 28.380136], [-81.422255, 28.380279], [-81.422286, 28.380343], [-81.422367, 28.38042], [-81.422538, 28.380509], [-81.42264, 28.380527], [-81.422758, 28.380502], [-81.423043, 28.38039], [-81.423211, 28.38038], [-81.42345, 28.380479], [-81.42376, 28.380684], [-81.42389, 28.380725], [-81.424252, 28.380714], [-81.424797, 28.380797], [-81.424914, 28.380766], [-81.425013, 28.380688], [-81.425059, 28.38054], [-81.425013, 28.380405], [-81.424848, 28.380179], [-81.424721, 28.38007], [-81.424599, 28.380014], [-81.424428, 28.379979], [-81.423976, 28.379986], [-81.423794, 28.379957], [-81.423556, 28.379842], [-81.423138, 28.379572]], [[-81.425308, 28.376796], [-81.425751, 28.376972], [-81.425911, 28.376989], [-81.42601, 28.376966], [-81.426154, 28.376836], [-81.426234, 28.376689], [-81.426249, 28.376473], [-81.426224, 28.376349], [-81.426123, 28.376168], [-81.425969, 28.376042], [-81.425888, 28.376012], [-81.425635, 28.375991], [-81.425477, 28.376031], [-81.425361, 28.376119], [-81.425284, 28.376218], [-81.425184, 28.376421], [-81.425033, 28.376384], [-81.424943, 28.37638], [-81.424526, 28.376439], [-81.423874, 28.376448], [-81.423689, 28.376485], [-81.423516, 28.376484], [-81.42342, 28.376535], [-81.423359, 28.376635], [-81.423351, 28.376853], [-81.423318, 28.376927], [-81.423221, 28.377007], [-81.42301, 28.377102], [-81.422898, 28.377172], [-81.422361, 28.377686], [-81.422068, 28.377813], [-81.421642, 28.37787], [-81.421315, 28.377953], [-81.421167, 28.378016], [-81.420768, 28.378255], [-81.420267, 28.37841], [-81.420208, 28.378459], [-81.420193, 28.378502], [-81.420224, 28.37866], [-81.420282, 28.378761], [-81.420363, 28.378843], [-81.420468, 28.378905], [-81.420597, 28.378937], [-81.422232, 28.378914], [-81.422467, 28.378853], [-81.422544, 28.378782], [-81.422673, 28.378567], [-81.422754, 28.378514], [-81.422834, 28.378504], [-81.422945, 28.378541], [-81.423224, 28.378716], [-81.423631, 28.378847], [-81.424225, 28.37896], [-81.424707, 28.379], [-81.424722, 28.379126], [-81.424767, 28.379188], [-81.425002, 28.379262], [-81.425095, 28.379268], [-81.425194, 28.37923], [-81.425267, 28.379109], [-81.425328, 28.378609], [-81.425324, 28.378075], [-81.425259, 28.376986], [-81.425266, 28.376901], [-81.425308, 28.376796]], [[-81.429976, 28.37502], [-81.429994, 28.375188], [-81.430076, 28.375338], [-81.430294, 28.375496], [-81.430534, 28.375551], [-81.43069, 28.375521], [-81.430896, 28.375438], [-81.431089, 28.375232], [-81.431175, 28.37502], [-81.431119, 28.374898], [-81.431011, 28.374828], [-81.430816, 28.374774], [-81.430572, 28.374747], [-81.430366, 28.374768], [-81.430197, 28.374816], [-81.430047, 28.374906], [-81.429976, 28.37502]], [[-81.430214, 28.371826], [-81.430051, 28.371632], [-81.429335, 28.371068], [-81.429208, 28.370894], [-81.429146, 28.370496], [-81.429177, 28.369897], [-81.429154, 28.369585], [-81.429021, 28.369204], [-81.428722, 28.368801], [-81.428666, 28.368685], [-81.428654, 28.368143], [-81.428577, 28.367887], [-81.428463, 28.367738], [-81.428274, 28.36761], [-81.428092, 28.367567], [-81.427765, 28.367527], [-81.427651, 28.367159], [-81.427542, 28.367039], [-81.427443, 28.366982], [-81.427258, 28.366945], [-81.427022, 28.366966], [-81.426888, 28.367028], [-81.426768, 28.367154], [-81.426585, 28.367147], [-81.426481, 28.367188], [-81.426358, 28.367332], [-81.426303, 28.367534], [-81.426333, 28.367851], [-81.426308, 28.368115], [-81.426317, 28.368243], [-81.426515, 28.368622], [-81.426592, 28.368853], [-81.426536, 28.369267], [-81.426571, 28.369416], [-81.427426, 28.370186], [-81.428254, 28.370803], [-81.42909, 28.371369], [-81.429491, 28.371672], [-81.429066, 28.372101], [-81.428956, 28.372175], [-81.428835, 28.372221], [-81.428587, 28.372242], [-81.428123, 28.372071], [-81.428153, 28.371838], [-81.428126, 28.371756], [-81.42805, 28.371763], [-81.427874, 28.371873], [-81.427711, 28.371781], [-81.427312, 28.371755], [-81.426725, 28.37183], [-81.426615, 28.371873], [-81.426536, 28.371951], [-81.426512, 28.372023], [-81.426517, 28.372075], [-81.426605, 28.372154], [-81.426776, 28.37221], [-81.42712, 28.372273], [-81.427327, 28.372338], [-81.427289, 28.372428], [-81.427299, 28.372496], [-81.427607, 28.372954], [-81.427665, 28.372998], [-81.427732, 28.37299], [-81.427768, 28.372948], [-81.4279, 28.372602], [-81.428167, 28.372646], [-81.429181, 28.372688], [-81.429408, 28.372773], [-81.429944, 28.373052], [-81.43013, 28.373075], [-81.43048, 28.373076], [-81.430863, 28.373157], [-81.431066, 28.37318], [-81.431236, 28.373134], [-81.431496, 28.372929], [-81.431703, 28.372831], [-81.432183, 28.372762], [-81.43274, 28.372736], [-81.433029, 28.372696], [-81.433276, 28.372595], [-81.433352, 28.372486], [-81.433327, 28.372355], [-81.433156, 28.372134], [-81.433017, 28.372007], [-81.432853, 28.371934], [-81.43267, 28.371916], [-81.432539, 28.371928], [-81.432139, 28.372099], [-81.431832, 28.372142], [-81.431103, 28.372015], [-81.430521, 28.371868], [-81.430214, 28.371826]], [[-81.424102, 28.366165], [-81.423895, 28.366192], [-81.423636, 28.366269], [-81.423482, 28.36637], [-81.42335, 28.3665], [-81.423254, 28.366642], [-81.423013, 28.367137], [-81.422693, 28.367717], [-81.422559, 28.368118], [-81.422586, 28.368567], [-81.422628, 28.368722], [-81.422687, 28.368823], [-81.422779, 28.36891], [-81.422926, 28.368987], [-81.423269, 28.369046], [-81.42355, 28.369004], [-81.423763, 28.368925], [-81.423989, 28.368777], [-81.42427, 28.368539], [-81.424461, 28.3683], [-81.424574, 28.368093], [-81.424643, 28.367889], [-81.42467, 28.367707], [-81.424593, 28.366928], [-81.424512, 28.366705], [-81.424379, 28.36645], [-81.424238, 28.366281], [-81.424102, 28.366165]], [[-81.434137, 28.366392], [-81.434025, 28.366362], [-81.43398, 28.366368], [-81.43374, 28.366525], [-81.433706, 28.36657], [-81.433687, 28.366647], [-81.43374, 28.366768], [-81.43356, 28.366967], [-81.433531, 28.367038], [-81.433555, 28.367108], [-81.433645, 28.367183], [-81.433679, 28.367188], [-81.433732, 28.367157], [-81.434001, 28.366799], [-81.434344, 28.366513], [-81.434637, 28.366411], [-81.43498, 28.36638], [-81.435234, 28.366336], [-81.435314, 28.366302], [-81.435344, 28.366272], [-81.435348, 28.366216], [-81.435268, 28.366084], [-81.435087, 28.365915], [-81.434991, 28.365851], [-81.434914, 28.365843], [-81.434553, 28.366068], [-81.434137, 28.366392]], [[-81.428384, 28.365651], [-81.428184, 28.36568], [-81.428052, 28.36576], [-81.428011, 28.365828], [-81.428004, 28.365899], [-81.428069, 28.365991], [-81.428173, 28.366041], [-81.428339, 28.366062], [-81.428447, 28.36604], [-81.428517, 28.365992], [-81.428556, 28.365923], [-81.428549, 28.365847], [-81.428488, 28.365751], [-81.428384, 28.365651]], [[-81.421481, 28.363146], [-81.421233, 28.363164], [-81.421123, 28.363207], [-81.421042, 28.363307], [-81.421037, 28.363455], [-81.421071, 28.363555], [-81.421141, 28.363671], [-81.421391, 28.363925], [-81.421571, 28.364186], [-81.421667, 28.364247], [-81.421905, 28.364254], [-81.422719, 28.364131], [-81.423122, 28.364137], [-81.423821, 28.364257], [-81.424521, 28.364452], [-81.425261, 28.364607], [-81.425459, 28.36468], [-81.425855, 28.364893], [-81.426152, 28.365162], [-81.426424, 28.365512], [-81.426556, 28.365595], [-81.426739, 28.365638], [-81.427012, 28.365636], [-81.427387, 28.365519], [-81.427816, 28.365276], [-81.427922, 28.365168], [-81.428009, 28.365022], [-81.428045, 28.364849], [-81.428042, 28.364737], [-81.427974, 28.364531], [-81.427871, 28.364332], [-81.42765, 28.364045], [-81.427331, 28.36371], [-81.4271, 28.363396], [-81.426972, 28.363291], [-81.426861, 28.363244], [-81.426628, 28.363204], [-81.426369, 28.363241], [-81.426191, 28.36332], [-81.425916, 28.363503], [-81.425673, 28.363573], [-81.425385, 28.363568], [-81.424774, 28.363523], [-81.423923, 28.363579], [-81.423416, 28.363542], [-81.422793, 28.363447], [-81.422139, 28.363321], [-81.421481, 28.363146]], [[-81.416948, 28.362733], [-81.41685, 28.36275], [-81.416779, 28.362844], [-81.416746, 28.363034], [-81.416765, 28.363245], [-81.41687, 28.363556], [-81.416982, 28.363798], [-81.417086, 28.363915], [-81.417223, 28.363976], [-81.417288, 28.363952], [-81.417358, 28.363883], [-81.417419, 28.363652], [-81.417359, 28.363375], [-81.417224, 28.363108], [-81.417436, 28.362963], [-81.41755, 28.362844], [-81.417616, 28.362705], [-81.417597, 28.362572], [-81.417508, 28.362524], [-81.41728, 28.362547], [-81.417171, 28.362589], [-81.416948, 28.362733]], [[-81.409026, 28.36078], [-81.40889, 28.360806], [-81.408809, 28.360873], [-81.408816, 28.360992], [-81.408907, 28.361109], [-81.40908, 28.36125], [-81.409293, 28.361371], [-81.409497, 28.361427], [-81.409603, 28.361428], [-81.409672, 28.361407], [-81.409701, 28.361378], [-81.409708, 28.361308], [-81.409656, 28.36119], [-81.409583, 28.361092], [-81.409346, 28.360912], [-81.409026, 28.36078]], [[-81.414947, 28.357661], [-81.414679, 28.357677], [-81.414519, 28.357729], [-81.414216, 28.357951], [-81.414026, 28.358155], [-81.413948, 28.358306], [-81.413885, 28.358575], [-81.413871, 28.358814], [-81.413937, 28.359061], [-81.414138, 28.359305], [-81.414713, 28.359756], [-81.414871, 28.359933], [-81.414928, 28.360139], [-81.414947, 28.36058], [-81.414995, 28.361013], [-81.415091, 28.361242], [-81.415262, 28.36143], [-81.415445, 28.361555], [-81.415683, 28.361657], [-81.416167, 28.361739], [-81.416517, 28.361719], [-81.416958, 28.361594], [-81.417234, 28.361452], [-81.417404, 28.361343], [-81.417592, 28.361198], [-81.417694, 28.361071], [-81.417771, 28.360883], [-81.417823, 28.360592], [-81.417811, 28.360443], [-81.41775, 28.360246], [-81.417654, 28.360098], [-81.417505, 28.359978], [-81.416959, 28.359836], [-81.416791, 28.359736], [-81.416662, 28.35961], [-81.416468, 28.359268], [-81.416326, 28.358837], [-81.416205, 28.358273], [-81.41613, 28.358128], [-81.416067, 28.358052], [-81.415918, 28.357978], [-81.415499, 28.357907], [-81.414947, 28.357661]], [[-81.412232, 28.357467], [-81.412014, 28.357479], [-81.411866, 28.357519], [-81.411714, 28.357643], [-81.411684, 28.357712], [-81.411686, 28.357764], [-81.411731, 28.357823], [-81.411796, 28.357863], [-81.412027, 28.357921], [-81.412267, 28.358086], [-81.412375, 28.3581], [-81.412474, 28.358061], [-81.412558, 28.35799], [-81.412602, 28.357898], [-81.412602, 28.357798], [-81.412556, 28.357696], [-81.412478, 28.357607], [-81.412413, 28.357556], [-81.412232, 28.357467]], [[-81.413647, 28.355479], [-81.413486, 28.355535], [-81.413355, 28.355624], [-81.4133, 28.355716], [-81.413304, 28.355814], [-81.41339, 28.355942], [-81.413567, 28.356071], [-81.413729, 28.356136], [-81.413875, 28.356136], [-81.413982, 28.356085], [-81.414063, 28.355978], [-81.414076, 28.355873], [-81.414053, 28.355733], [-81.414007, 28.355645], [-81.413953, 28.355595], [-81.413647, 28.355479]], [[-81.414463, 28.351793], [-81.414328, 28.351826], [-81.414191, 28.351899], [-81.414022, 28.352079], [-81.413935, 28.352228], [-81.413909, 28.352329], [-81.413932, 28.352425], [-81.414008, 28.352515], [-81.414113, 28.352578], [-81.414306, 28.352612], [-81.414494, 28.352585], [-81.414607, 28.352528], [-81.414706, 28.352407], [-81.414743, 28.352255], [-81.414705, 28.352034], [-81.414614, 28.351904], [-81.414463, 28.351793]], [[-81.421676, 28.348915], [-81.421297, 28.348926], [-81.421215, 28.348951], [-81.421175, 28.348983], [-81.42112, 28.349089], [-81.421109, 28.349182], [-81.421122, 28.349339], [-81.421171, 28.34942], [-81.421273, 28.349465], [-81.421404, 28.349469], [-81.421912, 28.349424], [-81.422018, 28.349396], [-81.422087, 28.349354], [-81.422128, 28.349284], [-81.422143, 28.349205], [-81.422086, 28.349091], [-81.421927, 28.348984], [-81.421676, 28.348915]], [[-81.416533, 28.366617], [-81.416172, 28.366672], [-81.415811, 28.366815], [-81.415474, 28.366917], [-81.414774, 28.367035], [-81.414549, 28.36715], [-81.414495, 28.367208], [-81.414485, 28.367281], [-81.414533, 28.367315], [-81.414654, 28.367337], [-81.41525, 28.367306], [-81.415651, 28.367237], [-81.416161, 28.367097], [-81.416488, 28.366969], [-81.416707, 28.366805], [-81.416722, 28.366737], [-81.416701, 28.366702], [-81.416533, 28.366617]], [[-81.406944, 28.365594], [-81.406819, 28.365493], [-81.406723, 28.365444], [-81.406566, 28.365406], [-81.406335, 28.365385], [-81.406162, 28.365426], [-81.406041, 28.365527], [-81.405994, 28.365609], [-81.405988, 28.365791], [-81.406043, 28.365953], [-81.406173, 28.366141], [-81.406346, 28.366303], [-81.406454, 28.366354], [-81.406613, 28.366346], [-81.406713, 28.366281], [-81.406771, 28.366168], [-81.407029, 28.366008], [-81.407119, 28.365864], [-81.407127, 28.36577], [-81.407096, 28.365702], [-81.407041, 28.365648], [-81.406944, 28.365594]], [[-81.406326, 28.36736], [-81.405877, 28.367366], [-81.405601, 28.367424], [-81.40555, 28.367459], [-81.405501, 28.367532], [-81.405487, 28.367642], [-81.405503, 28.367711], [-81.405581, 28.367787], [-81.405686, 28.367812], [-81.406216, 28.367776], [-81.406451, 28.367734], [-81.406523, 28.367666], [-81.406508, 28.367529], [-81.406462, 28.367443], [-81.406326, 28.36736]], [[-81.407771, 28.368748], [-81.407726, 28.368602], [-81.407635, 28.368509], [-81.407526, 28.368453], [-81.407388, 28.368434], [-81.407181, 28.368457], [-81.406993, 28.368512], [-81.406795, 28.368637], [-81.406673, 28.368747], [-81.40659, 28.368886], [-81.406568, 28.369045], [-81.406609, 28.369179], [-81.406711, 28.369284], [-81.406861, 28.369361], [-81.407018, 28.369376], [-81.407174, 28.369334], [-81.407324, 28.369234], [-81.407528, 28.369293], [-81.407652, 28.369301], [-81.407767, 28.369271], [-81.407897, 28.369181], [-81.407944, 28.369101], [-81.407941, 28.368985], [-81.407886, 28.368882], [-81.407771, 28.368748]], [[-81.405729, 28.368331], [-81.405618, 28.368372], [-81.405576, 28.368447], [-81.405559, 28.369136], [-81.405566, 28.369433], [-81.405584, 28.369509], [-81.405654, 28.369575], [-81.405742, 28.369597], [-81.405823, 28.369576], [-81.405873, 28.369494], [-81.4059, 28.368883], [-81.405837, 28.36846], [-81.405729, 28.368331]], [[-81.405092, 28.373716], [-81.40502, 28.373781], [-81.404993, 28.373865], [-81.404955, 28.374559], [-81.404982, 28.374767], [-81.405072, 28.374883], [-81.405166, 28.374924], [-81.405275, 28.374937], [-81.405964, 28.37489], [-81.406657, 28.374914], [-81.406762, 28.374892], [-81.406843, 28.37483], [-81.406886, 28.374739], [-81.406885, 28.374643], [-81.406813, 28.374513], [-81.406696, 28.374407], [-81.406413, 28.374265], [-81.406037, 28.374131], [-81.40572, 28.373963], [-81.405274, 28.373825], [-81.405092, 28.373716]], [[-81.38467, 28.398302], [-81.383898, 28.398367], [-81.383256, 28.398174], [-81.382883, 28.398156], [-81.382737, 28.398208], [-81.382589, 28.398335], [-81.382535, 28.398458], [-81.382552, 28.398585], [-81.382495, 28.398686], [-81.382491, 28.398767], [-81.382524, 28.398913], [-81.382586, 28.399017], [-81.382771, 28.399238], [-81.382908, 28.399354], [-81.38302, 28.399422], [-81.383179, 28.399474], [-81.383286, 28.399476], [-81.383388, 28.399452], [-81.383826, 28.399277], [-81.384316, 28.399029], [-81.384744, 28.398919], [-81.384856, 28.398965], [-81.385003, 28.398995], [-81.385248, 28.399005], [-81.38536, 28.398987], [-81.385501, 28.398912], [-81.385565, 28.39885], [-81.385606, 28.398755], [-81.385608, 28.398639], [-81.385579, 28.398525], [-81.385516, 28.398426], [-81.385398, 28.398327], [-81.385288, 28.39827], [-81.385091, 28.398227], [-81.384952, 28.398219], [-81.384832, 28.398236], [-81.38467, 28.398302]], [[-81.375858, 28.393478], [-81.375736, 28.393527], [-81.375674, 28.39358], [-81.375636, 28.393643], [-81.375621, 28.393717], [-81.37566, 28.393903], [-81.37576, 28.394105], [-81.375803, 28.394245], [-81.375878, 28.394716], [-81.375943, 28.394814], [-81.376054, 28.394876], [-81.376231, 28.394906], [-81.376366, 28.3949], [-81.376427, 28.394853], [-81.37643, 28.394818], [-81.37625, 28.394617], [-81.376179, 28.394462], [-81.37603, 28.393664], [-81.375972, 28.393558], [-81.375858, 28.393478]], [[-81.367919, 28.392994], [-81.367734, 28.393006], [-81.367551, 28.393055], [-81.367448, 28.393135], [-81.367335, 28.393282], [-81.36727, 28.393453], [-81.367209, 28.393888], [-81.367102, 28.394427], [-81.367105, 28.394823], [-81.36715, 28.39521], [-81.367253, 28.395509], [-81.367373, 28.395773], [-81.367605, 28.396578], [-81.367622, 28.396823], [-81.367607, 28.397469], [-81.367695, 28.397912], [-81.367824, 28.398163], [-81.367987, 28.398407], [-81.368186, 28.398584], [-81.368443, 28.398727], [-81.368608, 28.398767], [-81.368862, 28.398784], [-81.369417, 28.398773], [-81.370118, 28.398806], [-81.37029, 28.398779], [-81.370514, 28.398674], [-81.370844, 28.398444], [-81.371109, 28.398285], [-81.371824, 28.397971], [-81.372015, 28.39783], [-81.372073, 28.397764], [-81.372081, 28.397728], [-81.372048, 28.397661], [-81.371925, 28.397569], [-81.371027, 28.397238], [-81.370763, 28.397088], [-81.370569, 28.396937], [-81.370422, 28.396774], [-81.37029, 28.396564], [-81.370228, 28.396101], [-81.370249, 28.395788], [-81.370322, 28.39544], [-81.37042, 28.3952], [-81.370523, 28.395032], [-81.370619, 28.394915], [-81.37075, 28.394818], [-81.37149, 28.394539], [-81.371684, 28.394399], [-81.371759, 28.394278], [-81.371802, 28.394078], [-81.371796, 28.393919], [-81.371757, 28.393783], [-81.371616, 28.393569], [-81.371439, 28.39341], [-81.371292, 28.393343], [-81.371169, 28.393338], [-81.371017, 28.393398], [-81.370632, 28.393732], [-81.370421, 28.39388], [-81.37022, 28.393985], [-81.370004, 28.394059], [-81.369797, 28.394107], [-81.369349, 28.394071], [-81.368989, 28.393958], [-81.368737, 28.393812], [-81.368552, 28.393624], [-81.368252, 28.393186], [-81.368097, 28.393074], [-81.367919, 28.392994]], [[-81.3744, 28.398169], [-81.374497, 28.398026], [-81.37464, 28.397752], [-81.374723, 28.39735], [-81.374712, 28.397261], [-81.374607, 28.396978], [-81.374558, 28.396771], [-81.374502, 28.396195], [-81.374439, 28.395931], [-81.374204, 28.395425], [-81.373966, 28.395157], [-81.373619, 28.394982], [-81.373389, 28.394944], [-81.373213, 28.394955], [-81.372964, 28.395038], [-81.372812, 28.395157], [-81.372731, 28.395252], [-81.372686, 28.395491], [-81.37271, 28.395839], [-81.372815, 28.396167], [-81.373013, 28.396537], [-81.373597, 28.397403], [-81.373929, 28.3978], [-81.37371, 28.39811], [-81.373382, 28.398395], [-81.372988, 28.398447], [-81.372544, 28.398632], [-81.372297, 28.398716], [-81.37161, 28.39877], [-81.371383, 28.398834], [-81.371269, 28.398905], [-81.371213, 28.398979], [-81.371183, 28.39913], [-81.371208, 28.399242], [-81.371295, 28.39936], [-81.371638, 28.399634], [-81.37208, 28.399892], [-81.372238, 28.399964], [-81.372422, 28.400012], [-81.372555, 28.400023], [-81.372764, 28.400006], [-81.372939, 28.399962], [-81.373224, 28.399838], [-81.373516, 28.399647], [-81.373769, 28.399432], [-81.37386, 28.399317], [-81.373908, 28.399212], [-81.37398, 28.398792], [-81.374065, 28.39869], [-81.374224, 28.398396], [-81.3744, 28.398169]], [[-81.376029, 28.395551], [-81.375938, 28.395598], [-81.375914, 28.395683], [-81.375953, 28.396257], [-81.375981, 28.39637], [-81.37602, 28.396435], [-81.37612, 28.396484], [-81.37625, 28.396498], [-81.376906, 28.396482], [-81.377002, 28.396461], [-81.377023, 28.396439], [-81.377026, 28.396392], [-81.376963, 28.396304], [-81.376456, 28.395922], [-81.376029, 28.395551]], [[-81.378013, 28.401158], [-81.378106, 28.401132], [-81.378174, 28.40109], [-81.37822, 28.401034], [-81.378232, 28.400981], [-81.378194, 28.400796], [-81.378102, 28.40064], [-81.37803, 28.400569], [-81.377848, 28.400522], [-81.37753, 28.400517], [-81.377122, 28.400566], [-81.376982, 28.400614], [-81.376395, 28.400893], [-81.37572, 28.401028], [-81.375446, 28.401131], [-81.375204, 28.401313], [-81.375137, 28.401399], [-81.375104, 28.401562], [-81.375142, 28.401796], [-81.375178, 28.401875], [-81.375251, 28.401963], [-81.375385, 28.402065], [-81.37549, 28.402092], [-81.375651, 28.402072], [-81.37602, 28.401908], [-81.376549, 28.401557], [-81.376866, 28.401421], [-81.377282, 28.401538], [-81.377569, 28.40153], [-81.377695, 28.401484], [-81.377779, 28.401431], [-81.378013, 28.401158]], [[-81.380045, 28.392911], [-81.379869, 28.392924], [-81.379727, 28.392979], [-81.3795, 28.393157], [-81.379355, 28.393327], [-81.379254, 28.393549], [-81.379213, 28.393742], [-81.379218, 28.393868], [-81.37927, 28.393926], [-81.379349, 28.393957], [-81.379435, 28.39395], [-81.37961, 28.393851], [-81.379907, 28.393607], [-81.380083, 28.393401], [-81.380149, 28.393275], [-81.380159, 28.39311], [-81.380127, 28.393008], [-81.380045, 28.392911]], [[-81.381017, 28.392296], [-81.380878, 28.392308], [-81.380769, 28.392384], [-81.38071, 28.39251], [-81.38073, 28.392658], [-81.380803, 28.392752], [-81.380969, 28.392858], [-81.381125, 28.392906], [-81.381247, 28.392897], [-81.381321, 28.392857], [-81.381371, 28.392787], [-81.381383, 28.392709], [-81.381361, 28.392611], [-81.381308, 28.392507], [-81.381225, 28.392419], [-81.381147, 28.392358], [-81.381017, 28.392296]], [[-81.375003, 28.391789], [-81.375225, 28.391733], [-81.37565, 28.391561], [-81.375911, 28.391523], [-81.37611, 28.391533], [-81.376182, 28.391568], [-81.37624, 28.391638], [-81.376265, 28.391914], [-81.376316, 28.392016], [-81.37657, 28.392203], [-81.376663, 28.39223], [-81.376793, 28.392228], [-81.377048, 28.39214], [-81.377324, 28.391955], [-81.37761, 28.391677], [-81.377916, 28.391426], [-81.377964, 28.391359], [-81.377991, 28.391251], [-81.377983, 28.39118], [-81.377934, 28.391093], [-81.377874, 28.391037], [-81.377796, 28.391], [-81.377577, 28.390972], [-81.377104, 28.391005], [-81.376995, 28.390982], [-81.376938, 28.390952], [-81.376783, 28.390795], [-81.376626, 28.390416], [-81.376497, 28.390199], [-81.37631, 28.390021], [-81.376158, 28.389935], [-81.37591, 28.389871], [-81.375744, 28.389872], [-81.374741, 28.390106], [-81.374046, 28.390143], [-81.373593, 28.390098], [-81.372987, 28.390005], [-81.372595, 28.390007], [-81.372346, 28.390056], [-81.371944, 28.390256], [-81.371506, 28.390391], [-81.371372, 28.390478], [-81.371351, 28.390541], [-81.37139, 28.390609], [-81.371628, 28.390786], [-81.371778, 28.390837], [-81.372248, 28.390849], [-81.37268, 28.390803], [-81.373004, 28.390844], [-81.373428, 28.390947], [-81.373625, 28.391041], [-81.374298, 28.391494], [-81.374794, 28.391731], [-81.375003, 28.391789]], [[-81.373169, 28.386601], [-81.373022, 28.386654], [-81.372718, 28.386923], [-81.372455, 28.387071], [-81.372343, 28.387182], [-81.372309, 28.387245], [-81.372286, 28.387358], [-81.372279, 28.387711], [-81.372254, 28.387922], [-81.372176, 28.388042], [-81.37205, 28.38812], [-81.371824, 28.388163], [-81.371249, 28.388145], [-81.371005, 28.388073], [-81.370725, 28.387888], [-81.370562, 28.387867], [-81.37037, 28.387916], [-81.370096, 28.388033], [-81.369894, 28.388081], [-81.369557, 28.388266], [-81.36941, 28.3883], [-81.369232, 28.388318], [-81.369092, 28.388387], [-81.369001, 28.3885], [-81.369013, 28.388677], [-81.369093, 28.388791], [-81.369351, 28.388945], [-81.369407, 28.389006], [-81.369446, 28.389147], [-81.369449, 28.389475], [-81.369517, 28.389611], [-81.369592, 28.389639], [-81.369683, 28.389599], [-81.369758, 28.389524], [-81.369905, 28.389284], [-81.369969, 28.389245], [-81.370049, 28.389278], [-81.370259, 28.389519], [-81.370362, 28.38955], [-81.370444, 28.389524], [-81.370539, 28.38945], [-81.370592, 28.389376], [-81.370679, 28.389173], [-81.370757, 28.389098], [-81.370872, 28.389034], [-81.370991, 28.389016], [-81.371298, 28.389156], [-81.371388, 28.38916], [-81.371474, 28.389136], [-81.371673, 28.389008], [-81.371942, 28.388627], [-81.372126, 28.388499], [-81.372372, 28.388408], [-81.37277, 28.388345], [-81.373471, 28.3883], [-81.373578, 28.388274], [-81.373651, 28.388232], [-81.373707, 28.388176], [-81.373741, 28.388078], [-81.373744, 28.38799], [-81.373714, 28.387848], [-81.373657, 28.387751], [-81.373376, 28.387496], [-81.373249, 28.387315], [-81.373223, 28.387166], [-81.373236, 28.386729], [-81.373213, 28.386652], [-81.373169, 28.386601]], [[-81.370827, 28.385697], [-81.370632, 28.385548], [-81.370478, 28.385454], [-81.370556, 28.385251], [-81.370713, 28.38509], [-81.370815, 28.385064], [-81.371073, 28.385098], [-81.371161, 28.385046], [-81.371187, 28.38498], [-81.370975, 28.384155], [-81.370843, 28.38379], [-81.370806, 28.383576], [-81.370811, 28.383217], [-81.370885, 28.382484], [-81.370844, 28.382113], [-81.370719, 28.381734], [-81.370678, 28.38135], [-81.370704, 28.381101], [-81.370804, 28.380887], [-81.370863, 28.380844], [-81.370938, 28.380846], [-81.370987, 28.380868], [-81.371159, 28.381011], [-81.371321, 28.381193], [-81.37145, 28.381427], [-81.371666, 28.381971], [-81.371877, 28.382271], [-81.372138, 28.382472], [-81.372505, 28.382697], [-81.373003, 28.383253], [-81.373101, 28.383318], [-81.373204, 28.383344], [-81.373331, 28.383302], [-81.373407, 28.383199], [-81.373432, 28.382898], [-81.373382, 28.382707], [-81.373057, 28.382269], [-81.372986, 28.381856], [-81.372864, 28.381586], [-81.372757, 28.381444], [-81.372443, 28.381171], [-81.372236, 28.380944], [-81.372136, 28.380792], [-81.372125, 28.380719], [-81.372142, 28.380673], [-81.372266, 28.380547], [-81.372384, 28.380496], [-81.372598, 28.380484], [-81.372808, 28.380526], [-81.373052, 28.380656], [-81.373575, 28.381085], [-81.373797, 28.381179], [-81.374009, 28.381232], [-81.374178, 28.381219], [-81.374375, 28.381125], [-81.374474, 28.381017], [-81.374517, 28.380894], [-81.374498, 28.380755], [-81.374381, 28.38053], [-81.374139, 28.380204], [-81.373875, 28.379897], [-81.373484, 28.379549], [-81.37324, 28.379368], [-81.373144, 28.379319], [-81.372925, 28.379259], [-81.372821, 28.379251], [-81.372715, 28.379267], [-81.372257, 28.379461], [-81.371934, 28.379639], [-81.371357, 28.380039], [-81.371103, 28.380155], [-81.370769, 28.380219], [-81.37065, 28.380202], [-81.370577, 28.38016], [-81.37049, 28.380065], [-81.370411, 28.379895], [-81.370379, 28.379748], [-81.370401, 28.379597], [-81.370454, 28.379527], [-81.370614, 28.379402], [-81.37101, 28.379223], [-81.371254, 28.379056], [-81.371337, 28.378918], [-81.371392, 28.378576], [-81.371638, 28.378443], [-81.371888, 28.378364], [-81.372323, 28.37819], [-81.372673, 28.37799], [-81.372818, 28.377873], [-81.372884, 28.377778], [-81.372903, 28.377663], [-81.372855, 28.37755], [-81.372774, 28.377501], [-81.372698, 28.37748], [-81.372377, 28.377464], [-81.371546, 28.377604], [-81.371029, 28.377741], [-81.370662, 28.377807], [-81.369944, 28.377863], [-81.369228, 28.377857], [-81.368833, 28.3779], [-81.368671, 28.377955], [-81.368605, 28.378008], [-81.368581, 28.378055], [-81.368607, 28.378125], [-81.368751, 28.378245], [-81.368431, 28.378449], [-81.368328, 28.378535], [-81.36822, 28.378659], [-81.368174, 28.378767], [-81.368175, 28.378945], [-81.368435, 28.379741], [-81.368464, 28.379897], [-81.368466, 28.38001], [-81.368444, 28.380086], [-81.368393, 28.380151], [-81.368321, 28.380204], [-81.368233, 28.380236], [-81.368132, 28.380244], [-81.367787, 28.380202], [-81.366589, 28.379849], [-81.366292, 28.379802], [-81.366122, 28.379797], [-81.365933, 28.379821], [-81.365638, 28.379942], [-81.36553, 28.379894], [-81.365419, 28.3799], [-81.365337, 28.379956], [-81.365022, 28.380249], [-81.364982, 28.380346], [-81.365101, 28.380543], [-81.365161, 28.3806], [-81.365236, 28.380632], [-81.365465, 28.38063], [-81.365625, 28.380577], [-81.365987, 28.380383], [-81.366442, 28.380544], [-81.366913, 28.380548], [-81.367021, 28.380584], [-81.367084, 28.380662], [-81.367089, 28.380761], [-81.367039, 28.380825], [-81.366859, 28.380966], [-81.366768, 28.381063], [-81.366748, 28.381168], [-81.366795, 28.381261], [-81.366895, 28.381342], [-81.366997, 28.381383], [-81.367436, 28.381389], [-81.367672, 28.381414], [-81.367751, 28.381438], [-81.367949, 28.381594], [-81.368275, 28.381924], [-81.368414, 28.382014], [-81.368528, 28.382022], [-81.368644, 28.381976], [-81.368982, 28.381642], [-81.369087, 28.381592], [-81.369265, 28.38158], [-81.369438, 28.381616], [-81.369546, 28.381672], [-81.369634, 28.381761], [-81.369717, 28.381895], [-81.369795, 28.382138], [-81.369856, 28.383549], [-81.36992, 28.383956], [-81.370013, 28.384315], [-81.37004, 28.384497], [-81.370044, 28.384833], [-81.370004, 28.38552], [-81.36983, 28.385548], [-81.369444, 28.385469], [-81.369351, 28.38547], [-81.369299, 28.385491], [-81.369228, 28.385578], [-81.369126, 28.385846], [-81.369092, 28.385965], [-81.369102, 28.386034], [-81.369125, 28.386064], [-81.369198, 28.3861], [-81.369331, 28.38611], [-81.37035, 28.385998], [-81.370503, 28.386006], [-81.370545, 28.38609], [-81.370638, 28.38618], [-81.37087, 28.386293], [-81.37111, 28.386327], [-81.371323, 28.386329], [-81.371521, 28.386303], [-81.371686, 28.386251], [-81.371958, 28.38611], [-81.372114, 28.385955], [-81.372166, 28.385842], [-81.37221, 28.385661], [-81.372202, 28.385369], [-81.372155, 28.385267], [-81.372057, 28.385151], [-81.371969, 28.385112], [-81.371814, 28.385115], [-81.37165, 28.385198], [-81.371265, 28.385541], [-81.371112, 28.385614], [-81.370827, 28.385697]], [[-81.36407, 28.381331], [-81.363897, 28.381424], [-81.363859, 28.381488], [-81.363866, 28.38156], [-81.363977, 28.381659], [-81.364258, 28.381783], [-81.364454, 28.381946], [-81.364561, 28.382006], [-81.364644, 28.382017], [-81.364732, 28.381995], [-81.365019, 28.381811], [-81.365221, 28.381718], [-81.365233, 28.381698], [-81.365219, 28.381646], [-81.365181, 28.381628], [-81.364807, 28.381552], [-81.36407, 28.381331]], [[-81.3618, 28.379302], [-81.361672, 28.379321], [-81.361504, 28.379393], [-81.361182, 28.37964], [-81.361081, 28.37976], [-81.361039, 28.379896], [-81.36106, 28.380037], [-81.361113, 28.38013], [-81.361216, 28.380207], [-81.361325, 28.380223], [-81.361492, 28.380136], [-81.361626, 28.380023], [-81.36179, 28.379825], [-81.361862, 28.379654], [-81.361873, 28.379528], [-81.361858, 28.379381], [-81.3618, 28.379302]], [[-81.349392, 28.377446], [-81.34959, 28.377433], [-81.350286, 28.377459], [-81.350367, 28.377434], [-81.350393, 28.377402], [-81.350412, 28.377318], [-81.350427, 28.375964], [-81.35041, 28.375873], [-81.350372, 28.375832], [-81.350312, 28.375808], [-81.34971, 28.375704], [-81.34954, 28.375617], [-81.349618, 28.375493], [-81.349836, 28.375321], [-81.350007, 28.375268], [-81.350569, 28.375183], [-81.350663, 28.375113], [-81.350708, 28.375014], [-81.350671, 28.374772], [-81.350613, 28.374577], [-81.350531, 28.374443], [-81.35044, 28.3744], [-81.350294, 28.374452], [-81.349825, 28.374777], [-81.349435, 28.374913], [-81.349306, 28.375015], [-81.349179, 28.37517], [-81.349019, 28.375261], [-81.348865, 28.375278], [-81.348472, 28.375228], [-81.3484, 28.375252], [-81.348294, 28.37533], [-81.348186, 28.375354], [-81.348031, 28.375359], [-81.347993, 28.375389], [-81.347976, 28.375443], [-81.347932, 28.377334], [-81.347949, 28.377385], [-81.348009, 28.377431], [-81.34852, 28.377447], [-81.348576, 28.37755], [-81.348708, 28.377658], [-81.348863, 28.377722], [-81.349051, 28.377748], [-81.349185, 28.377722], [-81.349288, 28.377662], [-81.349344, 28.377589], [-81.349392, 28.377446]], [[-81.34072, 28.368877], [-81.340645, 28.368105], [-81.340597, 28.367932], [-81.340531, 28.367797], [-81.340431, 28.367675], [-81.340284, 28.367583], [-81.340113, 28.367562], [-81.339951, 28.367595], [-81.339727, 28.367762], [-81.33958, 28.367941], [-81.339361, 28.368401], [-81.339082, 28.369098], [-81.338944, 28.369312], [-81.338813, 28.369442], [-81.338609, 28.369598], [-81.33841, 28.369721], [-81.337717, 28.370046], [-81.337385, 28.370233], [-81.33604, 28.37126], [-81.335574, 28.371515], [-81.335139, 28.371705], [-81.334887, 28.371902], [-81.334693, 28.37215], [-81.334486, 28.372506], [-81.33406, 28.372857], [-81.333881, 28.373092], [-81.333848, 28.373201], [-81.333852, 28.373397], [-81.333894, 28.373578], [-81.333957, 28.373684], [-81.334048, 28.373756], [-81.334155, 28.373785], [-81.334303, 28.373761], [-81.33447, 28.37368], [-81.334639, 28.373517], [-81.334866, 28.373167], [-81.335029, 28.373003], [-81.335843, 28.372343], [-81.336082, 28.372213], [-81.336468, 28.371963], [-81.337384, 28.371149], [-81.337612, 28.371021], [-81.33829, 28.370794], [-81.338871, 28.370489], [-81.339408, 28.370147], [-81.339889, 28.369807], [-81.340086, 28.36963], [-81.340167, 28.369513], [-81.34055, 28.369605], [-81.340967, 28.369643], [-81.341892, 28.369648], [-81.342035, 28.369636], [-81.342101, 28.369607], [-81.342123, 28.369523], [-81.342123, 28.369138], [-81.342097, 28.369037], [-81.342038, 28.368987], [-81.341734, 28.368936], [-81.34122, 28.368919], [-81.34072, 28.368877]], [[-81.314029, 28.368596], [-81.31389, 28.368645], [-81.31376, 28.368766], [-81.313711, 28.368853], [-81.31367, 28.369024], [-81.313662, 28.369262], [-81.313766, 28.369714], [-81.313759, 28.369865], [-81.313675, 28.37021], [-81.313727, 28.370633], [-81.313662, 28.370793], [-81.313346, 28.371116], [-81.313277, 28.371276], [-81.31332, 28.37157], [-81.313381, 28.371741], [-81.313529, 28.371911], [-81.313658, 28.371975], [-81.313802, 28.371944], [-81.313868, 28.371891], [-81.313908, 28.371831], [-81.313954, 28.371668], [-81.313998, 28.371292], [-81.314067, 28.371018], [-81.314397, 28.370251], [-81.314466, 28.370013], [-81.314447, 28.369852], [-81.314314, 28.369623], [-81.31427, 28.3695], [-81.314162, 28.36881], [-81.314129, 28.368733], [-81.314029, 28.368596]], [[-81.330318, 28.371304], [-81.330132, 28.371314], [-81.329973, 28.371356], [-81.329881, 28.371411], [-81.329808, 28.371503], [-81.329776, 28.371602], [-81.329785, 28.371757], [-81.329873, 28.371887], [-81.329966, 28.371951], [-81.330082, 28.371966], [-81.330217, 28.371917], [-81.330319, 28.371843], [-81.330398, 28.371742], [-81.33045, 28.37159], [-81.330451, 28.371449], [-81.330416, 28.371389], [-81.330318, 28.371304]], [[-81.320608, 28.371021], [-81.321161, 28.37109], [-81.321282, 28.371134], [-81.321441, 28.3713], [-81.321689, 28.371727], [-81.321749, 28.371785], [-81.321852, 28.371839], [-81.322056, 28.371862], [-81.322187, 28.371837], [-81.322361, 28.371738], [-81.322471, 28.371608], [-81.322502, 28.371443], [-81.322457, 28.371222], [-81.322376, 28.371094], [-81.322234, 28.370973], [-81.322086, 28.370917], [-81.321782, 28.37088], [-81.321632, 28.370842], [-81.321426, 28.370741], [-81.321154, 28.370575], [-81.32103, 28.370525], [-81.320824, 28.370492], [-81.320612, 28.370535], [-81.320246, 28.370629], [-81.320116, 28.370627], [-81.319801, 28.37058], [-81.319674, 28.370589], [-81.319562, 28.370636], [-81.319506, 28.370725], [-81.31954, 28.370779], [-81.319678, 28.370864], [-81.320018, 28.370982], [-81.320474, 28.371052], [-81.320608, 28.371021]], [[-81.323648, 28.367599], [-81.323329, 28.367613], [-81.322854, 28.367781], [-81.322309, 28.36785], [-81.322199, 28.367912], [-81.322101, 28.368034], [-81.322104, 28.368166], [-81.322186, 28.36828], [-81.322773, 28.368899], [-81.322884, 28.36899], [-81.322996, 28.369051], [-81.323151, 28.369076], [-81.323345, 28.369043], [-81.324149, 28.368781], [-81.324417, 28.368667], [-81.324502, 28.368594], [-81.32456, 28.368504], [-81.324591, 28.368394], [-81.324583, 28.368303], [-81.324523, 28.368129], [-81.32442, 28.367992], [-81.324099, 28.367744], [-81.323648, 28.367599]], [[-81.319565, 28.367463], [-81.319359, 28.367478], [-81.319195, 28.367515], [-81.319104, 28.36757], [-81.318968, 28.367704], [-81.318888, 28.367879], [-81.31888, 28.36806], [-81.318919, 28.368223], [-81.318999, 28.368308], [-81.319163, 28.368331], [-81.319355, 28.368281], [-81.319495, 28.368196], [-81.319655, 28.368035], [-81.31972, 28.367856], [-81.319726, 28.367685], [-81.319682, 28.367571], [-81.319565, 28.367463]], [[-81.319856, 28.365369], [-81.318318, 28.365478], [-81.317523, 28.365563], [-81.31737, 28.3656], [-81.317289, 28.365662], [-81.316803, 28.366154], [-81.316445, 28.366565], [-81.316353, 28.366764], [-81.316348, 28.366941], [-81.316368, 28.367023], [-81.316465, 28.367108], [-81.316613, 28.367116], [-81.318061, 28.366953], [-81.318737, 28.366899], [-81.319891, 28.366771], [-81.319997, 28.366746], [-81.320047, 28.366687], [-81.320055, 28.366633], [-81.32001, 28.366113], [-81.319917, 28.365528], [-81.319856, 28.365369]], [[-81.32167, 28.365756], [-81.321475, 28.365769], [-81.32132, 28.365815], [-81.32115, 28.365945], [-81.321069, 28.366086], [-81.321026, 28.36634], [-81.321081, 28.366657], [-81.321151, 28.366758], [-81.321358, 28.366865], [-81.321531, 28.366856], [-81.32184, 28.366731], [-81.322035, 28.366597], [-81.322113, 28.366449], [-81.322116, 28.366275], [-81.322084, 28.366131], [-81.322052, 28.366066], [-81.321839, 28.365851], [-81.32167, 28.365756]], [[-81.338855, 28.368578], [-81.337586, 28.368573], [-81.337249, 28.368585], [-81.337134, 28.368606], [-81.337095, 28.368636], [-81.337071, 28.368714], [-81.337102, 28.369225], [-81.337151, 28.369282], [-81.337316, 28.369311], [-81.338011, 28.36928], [-81.338213, 28.369238], [-81.338399, 28.369106], [-81.338852, 28.368703], [-81.338881, 28.368636], [-81.338855, 28.368578]], [[-81.337827, 28.366124], [-81.337458, 28.366149], [-81.337034, 28.366234], [-81.336901, 28.366312], [-81.336753, 28.36649], [-81.336695, 28.366732], [-81.336731, 28.366879], [-81.336937, 28.367219], [-81.337074, 28.367336], [-81.33719, 28.367394], [-81.337459, 28.367461], [-81.337603, 28.367457], [-81.337696, 28.367433], [-81.338127, 28.367121], [-81.338308, 28.366898], [-81.338356, 28.366633], [-81.338301, 28.366391], [-81.33825, 28.366328], [-81.338161, 28.366261], [-81.337827, 28.366124]], [[-81.349909, 28.365493], [-81.349757, 28.365531], [-81.349446, 28.365762], [-81.349228, 28.365869], [-81.348941, 28.365917], [-81.348213, 28.365968], [-81.347929, 28.36604], [-81.347761, 28.36614], [-81.347455, 28.366369], [-81.347175, 28.366538], [-81.3469, 28.36662], [-81.346665, 28.366656], [-81.346559, 28.366701], [-81.346386, 28.366841], [-81.346131, 28.367155], [-81.345851, 28.367352], [-81.345687, 28.367415], [-81.345171, 28.367535], [-81.345011, 28.367596], [-81.344776, 28.367777], [-81.344583, 28.36798], [-81.344506, 28.368122], [-81.344461, 28.368298], [-81.344417, 28.368872], [-81.344351, 28.369208], [-81.344241, 28.369424], [-81.343928, 28.36984], [-81.343867, 28.369956], [-81.343868, 28.370126], [-81.344037, 28.370414], [-81.344049, 28.37055], [-81.343978, 28.370752], [-81.34371, 28.371112], [-81.343593, 28.37134], [-81.343575, 28.371509], [-81.343626, 28.37186], [-81.343621, 28.372004], [-81.343577, 28.37216], [-81.343447, 28.372392], [-81.343396, 28.372541], [-81.343386, 28.372706], [-81.343452, 28.3731], [-81.343503, 28.373815], [-81.343552, 28.373964], [-81.343639, 28.374051], [-81.343773, 28.374087], [-81.343947, 28.374029], [-81.34407, 28.373926], [-81.344223, 28.373705], [-81.344266, 28.37351], [-81.344188, 28.37286], [-81.344228, 28.372509], [-81.34459, 28.371607], [-81.344782, 28.37122], [-81.345171, 28.370592], [-81.345299, 28.370323], [-81.345475, 28.369604], [-81.34552, 28.369489], [-81.345613, 28.369384], [-81.345714, 28.369317], [-81.345909, 28.36927], [-81.346005, 28.369264], [-81.346092, 28.369293], [-81.346197, 28.369366], [-81.346466, 28.369687], [-81.346563, 28.369763], [-81.346645, 28.369778], [-81.346736, 28.369767], [-81.346887, 28.369671], [-81.346956, 28.369576], [-81.346991, 28.369456], [-81.346931, 28.369179], [-81.346943, 28.369106], [-81.347056, 28.368982], [-81.347297, 28.368809], [-81.347388, 28.36869], [-81.347592, 28.36813], [-81.347937, 28.367443], [-81.34815, 28.36682], [-81.348232, 28.366693], [-81.34833, 28.366599], [-81.348448, 28.366551], [-81.348705, 28.366561], [-81.349105, 28.366745], [-81.349269, 28.366739], [-81.349573, 28.366682], [-81.349672, 28.366703], [-81.349715, 28.366751], [-81.349747, 28.366831], [-81.34978, 28.367287], [-81.349833, 28.367454], [-81.350019, 28.367618], [-81.350302, 28.367756], [-81.350369, 28.367816], [-81.350429, 28.36791], [-81.350457, 28.368031], [-81.350468, 28.368444], [-81.35052, 28.368556], [-81.350646, 28.368626], [-81.350735, 28.368632], [-81.350816, 28.368611], [-81.350964, 28.368501], [-81.351125, 28.368303], [-81.351174, 28.368213], [-81.351198, 28.368074], [-81.351172, 28.367822], [-81.351106, 28.367681], [-81.350824, 28.367269], [-81.350688, 28.366795], [-81.350729, 28.366381], [-81.350888, 28.365896], [-81.350877, 28.365703], [-81.350851, 28.365655], [-81.350784, 28.365602], [-81.350656, 28.365574], [-81.350521, 28.365595], [-81.350354, 28.365676], [-81.350198, 28.365678], [-81.350087, 28.36563], [-81.349909, 28.365493]], [[-81.363208, 28.368464], [-81.363362, 28.368365], [-81.363392, 28.368304], [-81.363306, 28.368111], [-81.363224, 28.368032], [-81.363149, 28.368025], [-81.362588, 28.368196], [-81.362112, 28.367551], [-81.361947, 28.367264], [-81.361842, 28.367118], [-81.361671, 28.366979], [-81.361619, 28.366958], [-81.361539, 28.36696], [-81.36141, 28.367052], [-81.361302, 28.367208], [-81.361286, 28.367299], [-81.361298, 28.367537], [-81.361353, 28.36772], [-81.361465, 28.367946], [-81.361622, 28.368192], [-81.361838, 28.368456], [-81.361941, 28.368678], [-81.362044, 28.368777], [-81.362155, 28.368779], [-81.362584, 28.368659], [-81.362916, 28.368994], [-81.363254, 28.369294], [-81.36345, 28.369441], [-81.363766, 28.36963], [-81.364248, 28.369873], [-81.364594, 28.370021], [-81.365018, 28.370106], [-81.3651, 28.370096], [-81.365165, 28.37006], [-81.365201, 28.369995], [-81.365197, 28.369918], [-81.364955, 28.369662], [-81.36481, 28.369565], [-81.364297, 28.369352], [-81.364111, 28.369244], [-81.363703, 28.368926], [-81.363208, 28.368464]], [[-81.352105, 28.368087], [-81.351826, 28.368124], [-81.351754, 28.36815], [-81.35172, 28.368187], [-81.351684, 28.368299], [-81.351669, 28.368531], [-81.351686, 28.368611], [-81.35173, 28.368651], [-81.352017, 28.368729], [-81.3527, 28.36879], [-81.353186, 28.36879], [-81.353238, 28.368775], [-81.353294, 28.368725], [-81.353307, 28.368618], [-81.353278, 28.368337], [-81.353252, 28.368255], [-81.353191, 28.368202], [-81.352987, 28.368161], [-81.352105, 28.368087]], [[-81.354707, 28.369845], [-81.353962, 28.369845], [-81.353634, 28.369887], [-81.353557, 28.369918], [-81.353434, 28.37004], [-81.3534, 28.370133], [-81.353408, 28.370207], [-81.353532, 28.370354], [-81.35393, 28.370629], [-81.354166, 28.37087], [-81.354278, 28.370904], [-81.354398, 28.370888], [-81.354488, 28.370833], [-81.354535, 28.370766], [-81.354806, 28.370109], [-81.354809, 28.369958], [-81.354707, 28.369845]], [[-81.354174, 28.375354], [-81.353934, 28.375292], [-81.35368, 28.375164], [-81.353299, 28.374805], [-81.353242, 28.374697], [-81.35325, 28.374435], [-81.353328, 28.374173], [-81.353381, 28.373895], [-81.353573, 28.373878], [-81.353727, 28.373808], [-81.353907, 28.373658], [-81.354053, 28.373462], [-81.354159, 28.373241], [-81.354255, 28.372835], [-81.354468, 28.372406], [-81.354507, 28.372165], [-81.354427, 28.371672], [-81.354378, 28.371562], [-81.354233, 28.371433], [-81.353925, 28.371248], [-81.35377, 28.371093], [-81.353576, 28.370812], [-81.353489, 28.370718], [-81.353367, 28.370634], [-81.353255, 28.370603], [-81.353155, 28.370618], [-81.353031, 28.370713], [-81.352971, 28.37093], [-81.352986, 28.371308], [-81.353102, 28.372511], [-81.353126, 28.373262], [-81.353111, 28.373386], [-81.35286, 28.37363], [-81.352707, 28.37383], [-81.352492, 28.374303], [-81.352078, 28.375014], [-81.351647, 28.376062], [-81.351234, 28.37666], [-81.351202, 28.37681], [-81.351278, 28.37689], [-81.35149, 28.376908], [-81.352207, 28.376843], [-81.352391, 28.376813], [-81.352589, 28.376737], [-81.352778, 28.37662], [-81.353063, 28.376326], [-81.353241, 28.376172], [-81.353421, 28.376068], [-81.353795, 28.375898], [-81.354025, 28.375728], [-81.354586, 28.375965], [-81.354917, 28.376166], [-81.3554, 28.37653], [-81.356059, 28.377149], [-81.356271, 28.377322], [-81.356348, 28.377362], [-81.356482, 28.37739], [-81.356538, 28.377384], [-81.356601, 28.377342], [-81.356633, 28.377274], [-81.356613, 28.377152], [-81.356289, 28.376637], [-81.356285, 28.376137], [-81.356232, 28.375907], [-81.356141, 28.375732], [-81.355963, 28.375539], [-81.355766, 28.375429], [-81.355329, 28.375368], [-81.354174, 28.375354]], [[-81.357934, 28.374386], [-81.357816, 28.37415], [-81.357758, 28.37398], [-81.357744, 28.373783], [-81.357767, 28.373644], [-81.357815, 28.37356], [-81.357927, 28.373451], [-81.358253, 28.373255], [-81.358358, 28.373147], [-81.358418, 28.373039], [-81.358542, 28.372622], [-81.358684, 28.372288], [-81.358686, 28.372211], [-81.3586, 28.372092], [-81.358426, 28.371975], [-81.358321, 28.371948], [-81.358043, 28.371943], [-81.357805, 28.371979], [-81.357596, 28.372066], [-81.357315, 28.372236], [-81.357112, 28.372397], [-81.356447, 28.373027], [-81.356239, 28.373258], [-81.356113, 28.373443], [-81.356031, 28.373676], [-81.356051, 28.373912], [-81.356155, 28.374012], [-81.356237, 28.374037], [-81.356404, 28.374053], [-81.356473, 28.374089], [-81.356521, 28.374153], [-81.356528, 28.374276], [-81.356449, 28.374509], [-81.356435, 28.374631], [-81.356558, 28.375012], [-81.356667, 28.375183], [-81.356796, 28.375272], [-81.356877, 28.375277], [-81.357162, 28.375222], [-81.357291, 28.375391], [-81.357456, 28.375527], [-81.357602, 28.375598], [-81.357743, 28.375629], [-81.358046, 28.375658], [-81.358257, 28.375638], [-81.358736, 28.375496], [-81.358965, 28.375408], [-81.359224, 28.375365], [-81.359504, 28.37542], [-81.359915, 28.375623], [-81.360042, 28.375653], [-81.360157, 28.375659], [-81.360246, 28.375644], [-81.360376, 28.375578], [-81.360563, 28.375391], [-81.360591, 28.375213], [-81.360549, 28.375011], [-81.360462, 28.374897], [-81.360355, 28.374818], [-81.359974, 28.374664], [-81.359142, 28.374584], [-81.35863, 28.374403], [-81.358329, 28.374372], [-81.357934, 28.374386]], [[-81.359889, 28.372723], [-81.359627, 28.372874], [-81.359038, 28.37332], [-81.358736, 28.373613], [-81.358686, 28.373684], [-81.358687, 28.37371], [-81.358716, 28.373734], [-81.358812, 28.373757], [-81.359434, 28.373811], [-81.359664, 28.373789], [-81.35981, 28.373727], [-81.359885, 28.373589], [-81.359955, 28.373072], [-81.359952, 28.372842], [-81.359889, 28.372723]], [[-81.363494, 28.37501], [-81.363528, 28.375165], [-81.363623, 28.375274], [-81.363826, 28.375304], [-81.363911, 28.375331], [-81.364061, 28.375467], [-81.364132, 28.375491], [-81.364344, 28.375466], [-81.364434, 28.375491], [-81.364667, 28.375678], [-81.364775, 28.375714], [-81.364861, 28.37569], [-81.364915, 28.375631], [-81.364949, 28.37541], [-81.365078, 28.375201], [-81.365103, 28.3751], [-81.365086, 28.375009], [-81.365016, 28.374935], [-81.364961, 28.374909], [-81.364349, 28.374777], [-81.364225, 28.374732], [-81.364021, 28.374623], [-81.363942, 28.374605], [-81.363804, 28.374634], [-81.36363, 28.374764], [-81.363535, 28.374892], [-81.363494, 28.37501]], [[-81.366795, 28.375009], [-81.366927, 28.375154], [-81.367164, 28.375339], [-81.367336, 28.375404], [-81.367706, 28.37549], [-81.367803, 28.375544], [-81.367988, 28.375727], [-81.368153, 28.375977], [-81.368258, 28.376099], [-81.368423, 28.376211], [-81.368708, 28.376335], [-81.368826, 28.376427], [-81.369144, 28.376956], [-81.36926, 28.377088], [-81.369335, 28.377143], [-81.369452, 28.377162], [-81.369589, 28.377119], [-81.369888, 28.376721], [-81.369984, 28.376678], [-81.370038, 28.376682], [-81.370092, 28.376712], [-81.370142, 28.376779], [-81.37017, 28.376863], [-81.370204, 28.377204], [-81.370247, 28.377356], [-81.370382, 28.377504], [-81.370551, 28.377568], [-81.370636, 28.377554], [-81.370736, 28.377511], [-81.370897, 28.377353], [-81.371136, 28.376758], [-81.371201, 28.37665], [-81.371326, 28.376565], [-81.371534, 28.376538], [-81.371613, 28.376505], [-81.37166, 28.376445], [-81.371679, 28.376366], [-81.371671, 28.376248], [-81.371572, 28.375991], [-81.371481, 28.375522], [-81.371416, 28.375367], [-81.371324, 28.375279], [-81.370975, 28.375154], [-81.370701, 28.374957], [-81.370489, 28.374899], [-81.369875, 28.374868], [-81.369732, 28.374847], [-81.369485, 28.374783], [-81.369308, 28.374697], [-81.369064, 28.374466], [-81.368753, 28.374005], [-81.368574, 28.373825], [-81.368314, 28.373669], [-81.367691, 28.373428], [-81.36753, 28.373331], [-81.367379, 28.373121], [-81.367063, 28.372506], [-81.366961, 28.372415], [-81.366831, 28.372389], [-81.366715, 28.37241], [-81.366638, 28.372449], [-81.366553, 28.372536], [-81.366508, 28.37264], [-81.366514, 28.3728], [-81.366616, 28.373035], [-81.366667, 28.373221], [-81.366667, 28.373333], [-81.366608, 28.373493], [-81.366538, 28.373562], [-81.366464, 28.373598], [-81.366122, 28.37363], [-81.365842, 28.373836], [-81.365539, 28.374347], [-81.365473, 28.374586], [-81.365489, 28.374655], [-81.365571, 28.374748], [-81.365706, 28.374839], [-81.365825, 28.37489], [-81.365938, 28.37491], [-81.366438, 28.374896], [-81.366684, 28.374944], [-81.366795, 28.375009]], [[-81.372128, 28.375007], [-81.372142, 28.375098], [-81.372212, 28.375192], [-81.372335, 28.375287], [-81.372442, 28.375323], [-81.372523, 28.375312], [-81.372595, 28.375267], [-81.372695, 28.375138], [-81.372746, 28.375006], [-81.372747, 28.374917], [-81.372716, 28.374824], [-81.37265, 28.374768], [-81.372565, 28.374749], [-81.372448, 28.374764], [-81.372339, 28.374806], [-81.372209, 28.374899], [-81.372128, 28.375007]], [[-81.359181, 28.375575], [-81.358924, 28.375622], [-81.358361, 28.375786], [-81.358098, 28.375841], [-81.357999, 28.375897], [-81.357986, 28.37596], [-81.358057, 28.376037], [-81.358227, 28.37612], [-81.359022, 28.376196], [-81.3595, 28.376213], [-81.360135, 28.376209], [-81.36025, 28.376175], [-81.360332, 28.376092], [-81.360354, 28.376042], [-81.360349, 28.375991], [-81.360285, 28.375939], [-81.360198, 28.375949], [-81.359984, 28.376026], [-81.359891, 28.376027], [-81.359782, 28.375996], [-81.3595, 28.375825], [-81.359181, 28.375575]], [[-81.353971, 28.375013], [-81.354086, 28.375117], [-81.354233, 28.375171], [-81.354814, 28.375124], [-81.355566, 28.375188], [-81.355625, 28.375183], [-81.355683, 28.375144], [-81.355709, 28.375013], [-81.355622, 28.374911], [-81.355544, 28.374859], [-81.355076, 28.374653], [-81.354765, 28.374571], [-81.35442, 28.374535], [-81.354235, 28.374574], [-81.353916, 28.374781], [-81.353891, 28.374823], [-81.353892, 28.374896], [-81.353971, 28.375013]], [[-81.36536, 28.375753], [-81.365264, 28.375816], [-81.365211, 28.37595], [-81.365147, 28.376356], [-81.365122, 28.376666], [-81.365141, 28.376758], [-81.365198, 28.376798], [-81.365277, 28.376805], [-81.365508, 28.376758], [-81.365843, 28.376722], [-81.365906, 28.376668], [-81.36591, 28.376591], [-81.36577, 28.376032], [-81.365699, 28.375958], [-81.36536, 28.375753]], [[-81.355383, 28.372673], [-81.355207, 28.372734], [-81.355102, 28.372818], [-81.355052, 28.372892], [-81.355006, 28.373059], [-81.354951, 28.373155], [-81.354856, 28.37325], [-81.354651, 28.373404], [-81.354583, 28.373481], [-81.354543, 28.373586], [-81.354539, 28.373698], [-81.354565, 28.373777], [-81.354631, 28.373838], [-81.354725, 28.373858], [-81.354939, 28.373867], [-81.355163, 28.373797], [-81.355296, 28.373683], [-81.355417, 28.373468], [-81.355495, 28.37338], [-81.355595, 28.373311], [-81.355801, 28.373231], [-81.355847, 28.373194], [-81.355871, 28.373094], [-81.355797, 28.372973], [-81.355561, 28.372777], [-81.355383, 28.372673]], [[-81.363868, 28.378751], [-81.364048, 28.378681], [-81.364177, 28.378589], [-81.364236, 28.3785], [-81.364374, 28.378179], [-81.364428, 28.377924], [-81.364421, 28.377771], [-81.364346, 28.377571], [-81.364251, 28.377414], [-81.364031, 28.37721], [-81.363805, 28.377091], [-81.363545, 28.377046], [-81.363056, 28.377036], [-81.362868, 28.376986], [-81.36261, 28.376851], [-81.362444, 28.376825], [-81.362324, 28.376847], [-81.362181, 28.37695], [-81.362124, 28.377018], [-81.362105, 28.377093], [-81.362127, 28.377196], [-81.362321, 28.377382], [-81.362766, 28.3776], [-81.362997, 28.377777], [-81.363081, 28.377919], [-81.363151, 28.378295], [-81.36322, 28.37842], [-81.363108, 28.378585], [-81.363064, 28.37882], [-81.363098, 28.378922], [-81.363195, 28.379016], [-81.36305, 28.379242], [-81.362937, 28.379495], [-81.362953, 28.379588], [-81.36305, 28.379662], [-81.363092, 28.379666], [-81.363169, 28.37964], [-81.36326, 28.379561], [-81.363459, 28.379254], [-81.36352, 28.379126], [-81.363733, 28.378952], [-81.363868, 28.378751]], [[-81.351859, 28.377271], [-81.351757, 28.377292], [-81.351679, 28.377343], [-81.351467, 28.377534], [-81.35147, 28.3776], [-81.351541, 28.377634], [-81.351635, 28.377641], [-81.352961, 28.377607], [-81.353149, 28.377587], [-81.353206, 28.377547], [-81.353216, 28.377518], [-81.35321, 28.377436], [-81.353145, 28.377388], [-81.352677, 28.377442], [-81.352446, 28.377444], [-81.352159, 28.377394], [-81.351859, 28.377271]], [[-81.361649, 28.376921], [-81.361533, 28.376957], [-81.361413, 28.377133], [-81.361322, 28.37719], [-81.361248, 28.377213], [-81.360865, 28.377215], [-81.360353, 28.377136], [-81.360142, 28.377126], [-81.359866, 28.37719], [-81.359837, 28.377216], [-81.359829, 28.377286], [-81.35991, 28.377359], [-81.360171, 28.377418], [-81.360437, 28.377554], [-81.360718, 28.377576], [-81.36104, 28.377538], [-81.361505, 28.377412], [-81.361647, 28.377325], [-81.3617, 28.37724], [-81.361719, 28.377079], [-81.361706, 28.376996], [-81.361649, 28.376921]], [[-81.352764, 28.369988], [-81.352584, 28.370021], [-81.352241, 28.370297], [-81.351829, 28.370524], [-81.351694, 28.370648], [-81.351627, 28.370813], [-81.351667, 28.37129], [-81.351831, 28.372035], [-81.352007, 28.373014], [-81.352093, 28.373212], [-81.352159, 28.373267], [-81.352241, 28.373295], [-81.352349, 28.373269], [-81.352401, 28.373216], [-81.35243, 28.373146], [-81.35233, 28.3721], [-81.352336, 28.37175], [-81.352383, 28.371334], [-81.352442, 28.371187], [-81.352715, 28.370799], [-81.352896, 28.370412], [-81.352895, 28.370168], [-81.352764, 28.369988]], [[-81.34287, 28.370919], [-81.342509, 28.370933], [-81.342211, 28.371032], [-81.341965, 28.37119], [-81.341585, 28.371561], [-81.341421, 28.371821], [-81.341377, 28.372058], [-81.341398, 28.372174], [-81.341436, 28.372259], [-81.34162, 28.372433], [-81.341967, 28.372609], [-81.342092, 28.372629], [-81.342265, 28.372615], [-81.342441, 28.372559], [-81.342724, 28.372418], [-81.343035, 28.372149], [-81.343125, 28.372019], [-81.343203, 28.37181], [-81.343231, 28.371579], [-81.343226, 28.371356], [-81.343185, 28.37118], [-81.343128, 28.371077], [-81.343013, 28.370979], [-81.34287, 28.370919]], [[-81.376899, 28.381921], [-81.376776, 28.38212], [-81.376536, 28.382696], [-81.37649, 28.38303], [-81.376503, 28.383076], [-81.376561, 28.383118], [-81.376858, 28.383103], [-81.37693, 28.383058], [-81.376957, 28.383009], [-81.376959, 28.382131], [-81.376946, 28.382016], [-81.376899, 28.381921]], [[-81.372169, 28.383756], [-81.371941, 28.38382], [-81.371606, 28.383965], [-81.371493, 28.384072], [-81.371502, 28.384192], [-81.371584, 28.384313], [-81.372198, 28.38481], [-81.372352, 28.384886], [-81.372519, 28.384882], [-81.372632, 28.38483], [-81.372706, 28.384741], [-81.372757, 28.384566], [-81.372742, 28.384432], [-81.372531, 28.384151], [-81.372381, 28.383871], [-81.372307, 28.38381], [-81.372169, 28.383756]], [[-81.379478, 28.389536], [-81.379657, 28.389397], [-81.379763, 28.38921], [-81.379785, 28.389056], [-81.379782, 28.388742], [-81.379834, 28.388397], [-81.379744, 28.388085], [-81.379724, 28.387735], [-81.379681, 28.387563], [-81.379591, 28.387427], [-81.379495, 28.387328], [-81.379332, 28.387242], [-81.379065, 28.386719], [-81.378561, 28.386011], [-81.378375, 28.385806], [-81.378134, 28.385585], [-81.377868, 28.385431], [-81.377554, 28.385377], [-81.377129, 28.385428], [-81.376919, 28.385505], [-81.376553, 28.385729], [-81.376247, 28.385871], [-81.375947, 28.385936], [-81.375687, 28.385969], [-81.375629, 28.386023], [-81.375609, 28.38608], [-81.375602, 28.386642], [-81.375672, 28.387018], [-81.375727, 28.387756], [-81.375752, 28.387886], [-81.375839, 28.388087], [-81.375934, 28.388214], [-81.376317, 28.388605], [-81.376688, 28.388891], [-81.376711, 28.389317], [-81.376734, 28.389387], [-81.376801, 28.389465], [-81.376885, 28.389519], [-81.377011, 28.389555], [-81.377699, 28.38958], [-81.377803, 28.389607], [-81.377867, 28.389658], [-81.377902, 28.389724], [-81.377953, 28.390025], [-81.377998, 28.39012], [-81.37819, 28.390241], [-81.378504, 28.390328], [-81.378562, 28.390604], [-81.378637, 28.390691], [-81.378741, 28.390738], [-81.378852, 28.390732], [-81.37895, 28.390691], [-81.379341, 28.390411], [-81.379419, 28.39033], [-81.379453, 28.390225], [-81.379478, 28.389536]], [[-81.383092, 28.388483], [-81.382923, 28.388515], [-81.382797, 28.388621], [-81.38276, 28.388683], [-81.382767, 28.388837], [-81.382794, 28.38892], [-81.382886, 28.388991], [-81.382992, 28.389028], [-81.383072, 28.389024], [-81.38324, 28.388975], [-81.383326, 28.388904], [-81.383373, 28.388817], [-81.38336, 28.388727], [-81.383289, 28.388618], [-81.383204, 28.388541], [-81.383092, 28.388483]], [[-81.382564, 28.391218], [-81.382222, 28.391242], [-81.382042, 28.391358], [-81.381945, 28.391478], [-81.381909, 28.39155], [-81.38192, 28.391686], [-81.38198, 28.391773], [-81.382165, 28.391884], [-81.382342, 28.391913], [-81.382565, 28.391887], [-81.38271, 28.391819], [-81.38283, 28.39164], [-81.382839, 28.391499], [-81.382752, 28.391347], [-81.382664, 28.391273], [-81.382564, 28.391218]], [[-81.37604, 28.389022], [-81.375776, 28.389058], [-81.375686, 28.389141], [-81.375652, 28.389256], [-81.375674, 28.389334], [-81.375759, 28.389419], [-81.375903, 28.389498], [-81.37605, 28.389519], [-81.376131, 28.389499], [-81.376187, 28.38945], [-81.37623, 28.389277], [-81.376178, 28.389124], [-81.37604, 28.389022]], [[-81.381728, 28.370305], [-81.381461, 28.370392], [-81.381176, 28.370653], [-81.381018, 28.370709], [-81.380813, 28.370694], [-81.380529, 28.370522], [-81.380442, 28.370492], [-81.380219, 28.370472], [-81.380043, 28.370512], [-81.379712, 28.370722], [-81.379348, 28.371042], [-81.37915, 28.371284], [-81.379137, 28.371371], [-81.379156, 28.37143], [-81.379293, 28.371569], [-81.379482, 28.371674], [-81.380046, 28.371849], [-81.380241, 28.371881], [-81.380692, 28.371867], [-81.380967, 28.371929], [-81.381172, 28.372058], [-81.381453, 28.372358], [-81.381577, 28.372447], [-81.381689, 28.372497], [-81.381774, 28.372513], [-81.381934, 28.372481], [-81.382126, 28.372342], [-81.382421, 28.372019], [-81.382885, 28.371706], [-81.383079, 28.371544], [-81.383214, 28.371371], [-81.383242, 28.371218], [-81.383213, 28.371152], [-81.383135, 28.371116], [-81.382744, 28.371207], [-81.382637, 28.371205], [-81.382563, 28.371179], [-81.382397, 28.371024], [-81.382261, 28.370738], [-81.38211, 28.370528], [-81.381935, 28.370392], [-81.381728, 28.370305]], [[-81.386107, 28.368357], [-81.38601, 28.368424], [-81.385969, 28.368489], [-81.385758, 28.36919], [-81.385708, 28.369463], [-81.385698, 28.369874], [-81.385735, 28.370102], [-81.385815, 28.370237], [-81.386076, 28.370413], [-81.386244, 28.370457], [-81.386463, 28.370386], [-81.386546, 28.370282], [-81.386691, 28.369841], [-81.386735, 28.369375], [-81.386659, 28.369093], [-81.386353, 28.368742], [-81.386107, 28.368357]], [[-81.382746, 28.368736], [-81.382482, 28.368776], [-81.382328, 28.368852], [-81.382153, 28.369048], [-81.382131, 28.369129], [-81.382149, 28.369183], [-81.382225, 28.369224], [-81.382307, 28.369223], [-81.382472, 28.369164], [-81.382625, 28.369069], [-81.382714, 28.368988], [-81.38277, 28.368894], [-81.382774, 28.3688], [-81.382746, 28.368736]], [[-81.394901, 28.370266], [-81.394721, 28.370278], [-81.394542, 28.370316], [-81.394442, 28.370378], [-81.394317, 28.370515], [-81.394291, 28.370592], [-81.394294, 28.370733], [-81.394329, 28.370956], [-81.394398, 28.371161], [-81.394584, 28.371418], [-81.394816, 28.371576], [-81.395161, 28.371676], [-81.395393, 28.371685], [-81.395522, 28.37166], [-81.395705, 28.371569], [-81.395791, 28.371487], [-81.395831, 28.371351], [-81.395795, 28.371203], [-81.39561, 28.370988], [-81.395302, 28.370814], [-81.395178, 28.370714], [-81.395122, 28.370638], [-81.395028, 28.370435], [-81.394901, 28.370266]], [[-81.396718, 28.370175], [-81.396651, 28.37021], [-81.396577, 28.370281], [-81.396403, 28.370614], [-81.396389, 28.370689], [-81.396402, 28.370733], [-81.396518, 28.370812], [-81.397236, 28.37106], [-81.397726, 28.371189], [-81.398002, 28.371174], [-81.398349, 28.371112], [-81.398521, 28.371062], [-81.398607, 28.371], [-81.398603, 28.370971], [-81.398525, 28.370904], [-81.398081, 28.370694], [-81.397409, 28.37042], [-81.396718, 28.370175]], [[-81.400095, 28.36461], [-81.39988, 28.364654], [-81.399604, 28.364921], [-81.399533, 28.365055], [-81.399514, 28.365155], [-81.399527, 28.365223], [-81.399586, 28.365295], [-81.399721, 28.36533], [-81.399851, 28.365315], [-81.399948, 28.365259], [-81.400072, 28.365123], [-81.400159, 28.364968], [-81.400187, 28.364831], [-81.40017, 28.364727], [-81.400095, 28.36461]], [[-81.377589, 28.367087], [-81.376907, 28.367099], [-81.376768, 28.367147], [-81.376698, 28.36723], [-81.376668, 28.367338], [-81.376687, 28.367594], [-81.376736, 28.367705], [-81.376805, 28.367746], [-81.376908, 28.367768], [-81.377427, 28.367783], [-81.377648, 28.367768], [-81.377808, 28.367711], [-81.377853, 28.367658], [-81.377872, 28.367586], [-81.377871, 28.36722], [-81.37785, 28.367175], [-81.377791, 28.367132], [-81.377589, 28.367087]], [[-81.374548, 28.364126], [-81.37484, 28.364472], [-81.375003, 28.364566], [-81.375217, 28.364539], [-81.375416, 28.364447], [-81.375497, 28.364309], [-81.375584, 28.363977], [-81.37566, 28.363869], [-81.375721, 28.363826], [-81.375953, 28.363816], [-81.376294, 28.36393], [-81.376526, 28.363964], [-81.376694, 28.363933], [-81.37684, 28.363834], [-81.37686, 28.363787], [-81.376848, 28.363709], [-81.376603, 28.363404], [-81.376567, 28.363319], [-81.376566, 28.36326], [-81.376638, 28.363122], [-81.376904, 28.362832], [-81.376978, 28.362652], [-81.377011, 28.362445], [-81.376978, 28.362287], [-81.37692, 28.362199], [-81.376794, 28.362104], [-81.376622, 28.362054], [-81.376506, 28.362044], [-81.376432, 28.362057], [-81.3761, 28.362265], [-81.376009, 28.362273], [-81.375951, 28.362254], [-81.375785, 28.362147], [-81.375677, 28.362], [-81.375651, 28.361898], [-81.375655, 28.361602], [-81.375627, 28.361525], [-81.375573, 28.361458], [-81.375501, 28.361408], [-81.37537, 28.361379], [-81.375228, 28.361383], [-81.375003, 28.361418], [-81.374756, 28.361541], [-81.374496, 28.361782], [-81.374426, 28.361815], [-81.374376, 28.361818], [-81.374318, 28.361785], [-81.37432, 28.361695], [-81.374544, 28.361399], [-81.374593, 28.361301], [-81.374595, 28.361206], [-81.374523, 28.361121], [-81.374448, 28.361103], [-81.374395, 28.361122], [-81.374198, 28.36132], [-81.374095, 28.361369], [-81.373923, 28.361311], [-81.373499, 28.361046], [-81.373373, 28.361025], [-81.373248, 28.361046], [-81.372989, 28.361171], [-81.372678, 28.361201], [-81.372579, 28.361283], [-81.37255, 28.361351], [-81.372546, 28.361446], [-81.372643, 28.361994], [-81.372117, 28.362432], [-81.371642, 28.362576], [-81.371031, 28.362639], [-81.370959, 28.36267], [-81.370859, 28.362783], [-81.370782, 28.362973], [-81.370772, 28.363431], [-81.370568, 28.36437], [-81.370541, 28.36457], [-81.370552, 28.36467], [-81.370576, 28.364716], [-81.370639, 28.36477], [-81.370705, 28.364787], [-81.370797, 28.364781], [-81.371003, 28.364686], [-81.371292, 28.364464], [-81.371399, 28.364429], [-81.371484, 28.364449], [-81.371565, 28.364556], [-81.371594, 28.364716], [-81.371563, 28.364909], [-81.371494, 28.365149], [-81.371495, 28.365246], [-81.371588, 28.36535], [-81.371771, 28.365393], [-81.3719, 28.365382], [-81.372091, 28.365314], [-81.372628, 28.364973], [-81.372996, 28.364842], [-81.373204, 28.364917], [-81.373618, 28.364966], [-81.373789, 28.364947], [-81.374006, 28.364884], [-81.374147, 28.364793], [-81.374236, 28.364698], [-81.374332, 28.364536], [-81.374433, 28.3643], [-81.374548, 28.364126]], [[-81.364361, 28.360686], [-81.364213, 28.360751], [-81.364125, 28.360817], [-81.36403, 28.360927], [-81.363837, 28.361216], [-81.363628, 28.361378], [-81.363444, 28.361451], [-81.363358, 28.361468], [-81.363013, 28.361419], [-81.362918, 28.361423], [-81.362844, 28.361458], [-81.362801, 28.361529], [-81.362805, 28.361628], [-81.362897, 28.361936], [-81.362959, 28.362367], [-81.36303, 28.362635], [-81.363031, 28.363218], [-81.363087, 28.363579], [-81.363161, 28.363706], [-81.363296, 28.36382], [-81.363416, 28.363872], [-81.363675, 28.363943], [-81.363907, 28.363954], [-81.364324, 28.363865], [-81.36492, 28.363823], [-81.36508, 28.36378], [-81.365287, 28.363653], [-81.365504, 28.363458], [-81.36558, 28.36333], [-81.365638, 28.363119], [-81.365653, 28.362887], [-81.365616, 28.362248], [-81.36555, 28.362031], [-81.365408, 28.36172], [-81.365128, 28.361253], [-81.364876, 28.360984], [-81.364649, 28.360799], [-81.364361, 28.360686]], [[-81.368401, 28.363247], [-81.368258, 28.363286], [-81.368022, 28.363431], [-81.367838, 28.363511], [-81.367797, 28.36354], [-81.367767, 28.3636], [-81.367779, 28.363703], [-81.367878, 28.363858], [-81.367905, 28.363935], [-81.367855, 28.36433], [-81.367897, 28.364395], [-81.367995, 28.364449], [-81.36822, 28.364462], [-81.368341, 28.3644], [-81.368382, 28.36434], [-81.368482, 28.364069], [-81.3687, 28.363775], [-81.36871, 28.363662], [-81.368674, 28.363563], [-81.368555, 28.363404], [-81.368401, 28.363247]], [[-81.366756, 28.363458], [-81.366473, 28.3636], [-81.366288, 28.363734], [-81.366251, 28.363797], [-81.366267, 28.363879], [-81.366351, 28.364046], [-81.366521, 28.364236], [-81.366635, 28.364292], [-81.36672, 28.364273], [-81.366939, 28.364148], [-81.367093, 28.364028], [-81.367137, 28.363962], [-81.367137, 28.363923], [-81.367091, 28.363842], [-81.366756, 28.363458]], [[-81.379, 28.361568], [-81.378775, 28.361587], [-81.378603, 28.361638], [-81.378469, 28.361731], [-81.378412, 28.361828], [-81.378399, 28.362046], [-81.37847, 28.36226], [-81.378588, 28.362393], [-81.378737, 28.36246], [-81.379002, 28.36248], [-81.379185, 28.362449], [-81.379322, 28.362355], [-81.379398, 28.362209], [-81.379398, 28.361997], [-81.379308, 28.36177], [-81.379192, 28.361649], [-81.379, 28.361568]], [[-81.367192, 28.358388], [-81.367029, 28.358477], [-81.366834, 28.358787], [-81.366718, 28.35892], [-81.36663, 28.358972], [-81.366507, 28.35901], [-81.36635, 28.359009], [-81.366233, 28.358969], [-81.366135, 28.358887], [-81.365982, 28.358666], [-81.365921, 28.358626], [-81.3658, 28.358606], [-81.365556, 28.358642], [-81.364694, 28.358912], [-81.364551, 28.358986], [-81.364481, 28.35907], [-81.364437, 28.359179], [-81.364379, 28.359578], [-81.364421, 28.359791], [-81.364515, 28.360072], [-81.364585, 28.360221], [-81.364685, 28.360346], [-81.364817, 28.360436], [-81.364994, 28.360482], [-81.365109, 28.360464], [-81.365205, 28.360387], [-81.365221, 28.360276], [-81.365075, 28.35991], [-81.365039, 28.359735], [-81.365039, 28.359631], [-81.365098, 28.359456], [-81.36517, 28.359357], [-81.365315, 28.359262], [-81.365485, 28.359215], [-81.365607, 28.359231], [-81.365923, 28.359353], [-81.366048, 28.35938], [-81.366228, 28.359381], [-81.366548, 28.359337], [-81.366742, 28.359361], [-81.366805, 28.359418], [-81.366843, 28.359519], [-81.36682, 28.359995], [-81.366856, 28.360129], [-81.366906, 28.360192], [-81.366999, 28.360243], [-81.367077, 28.360244], [-81.367153, 28.360207], [-81.367392, 28.359961], [-81.367553, 28.359713], [-81.367764, 28.359277], [-81.3678, 28.359126], [-81.367761, 28.358986], [-81.367668, 28.358924], [-81.367361, 28.359026], [-81.367309, 28.359028], [-81.367247, 28.358995], [-81.367233, 28.358963], [-81.367244, 28.358891], [-81.367326, 28.358733], [-81.367348, 28.358652], [-81.367305, 28.3585], [-81.367192, 28.358388]], [[-81.363731, 28.358345], [-81.363637, 28.358203], [-81.363554, 28.358147], [-81.363459, 28.358113], [-81.363362, 28.358108], [-81.363205, 28.358135], [-81.363069, 28.358175], [-81.362993, 28.358217], [-81.362908, 28.358344], [-81.362875, 28.358589], [-81.362938, 28.358857], [-81.363029, 28.359003], [-81.362996, 28.359135], [-81.363015, 28.359202], [-81.363321, 28.359461], [-81.363399, 28.359479], [-81.363464, 28.359468], [-81.363733, 28.359387], [-81.363799, 28.359342], [-81.363843, 28.359281], [-81.363873, 28.359187], [-81.363914, 28.358491], [-81.363869, 28.358403], [-81.363731, 28.358345]], [[-81.362435, 28.355139], [-81.363028, 28.35557], [-81.363809, 28.35601], [-81.363942, 28.356041], [-81.36403, 28.356023], [-81.364111, 28.35596], [-81.364228, 28.355819], [-81.364241, 28.355769], [-81.364229, 28.355735], [-81.36416, 28.355688], [-81.363822, 28.355688], [-81.363687, 28.355668], [-81.363408, 28.355549], [-81.3632, 28.355415], [-81.362911, 28.355091], [-81.362542, 28.354822], [-81.362458, 28.354741], [-81.362387, 28.354607], [-81.362294, 28.354223], [-81.362245, 28.35416], [-81.362154, 28.35415], [-81.362029, 28.354173], [-81.361953, 28.354207], [-81.3619, 28.354255], [-81.361892, 28.354368], [-81.361991, 28.354673], [-81.361677, 28.35519], [-81.361585, 28.355278], [-81.361425, 28.355363], [-81.360992, 28.35548], [-81.360289, 28.355555], [-81.360025, 28.355518], [-81.359917, 28.355561], [-81.359874, 28.355615], [-81.359852, 28.355685], [-81.35988, 28.355954], [-81.359969, 28.356144], [-81.360136, 28.35636], [-81.36003, 28.356496], [-81.359994, 28.356587], [-81.359999, 28.356736], [-81.360052, 28.356863], [-81.360112, 28.356909], [-81.360194, 28.356914], [-81.360506, 28.356804], [-81.360631, 28.357002], [-81.360709, 28.357192], [-81.360766, 28.357496], [-81.360816, 28.35798], [-81.360911, 28.358187], [-81.360973, 28.358248], [-81.361026, 28.358271], [-81.361417, 28.358291], [-81.361544, 28.358329], [-81.361667, 28.358474], [-81.361738, 28.358705], [-81.361802, 28.3588], [-81.361985, 28.358919], [-81.362066, 28.358926], [-81.362112, 28.358906], [-81.362169, 28.358821], [-81.36216, 28.358673], [-81.362068, 28.358477], [-81.361858, 28.358167], [-81.361772, 28.357997], [-81.361749, 28.357906], [-81.361731, 28.357602], [-81.36162, 28.357322], [-81.361611, 28.357235], [-81.36164, 28.35717], [-81.361724, 28.357105], [-81.361803, 28.357084], [-81.362019, 28.357108], [-81.362157, 28.35709], [-81.362258, 28.357036], [-81.362325, 28.356944], [-81.362365, 28.356716], [-81.362305, 28.356454], [-81.362153, 28.356257], [-81.361817, 28.355938], [-81.361775, 28.355855], [-81.361768, 28.355785], [-81.361827, 28.355592], [-81.361898, 28.355499], [-81.362293, 28.355267], [-81.362435, 28.355139]], [[-81.358187, 28.353922], [-81.357324, 28.353967], [-81.35724, 28.353989], [-81.357209, 28.35404], [-81.357292, 28.354119], [-81.357856, 28.354459], [-81.358536, 28.355029], [-81.358614, 28.355076], [-81.358642, 28.355073], [-81.358676, 28.355026], [-81.358675, 28.354964], [-81.358601, 28.354606], [-81.358353, 28.354127], [-81.358187, 28.353922]], [[-81.363296, 28.353227], [-81.363121, 28.353264], [-81.362967, 28.353336], [-81.362814, 28.353464], [-81.362673, 28.353654], [-81.362599, 28.353814], [-81.362555, 28.354022], [-81.362562, 28.354244], [-81.362606, 28.35443], [-81.362684, 28.354605], [-81.362787, 28.354735], [-81.363582, 28.355409], [-81.363656, 28.355449], [-81.363773, 28.355483], [-81.364002, 28.355485], [-81.364091, 28.355451], [-81.364228, 28.35536], [-81.364324, 28.355242], [-81.364364, 28.355071], [-81.364319, 28.354837], [-81.36411, 28.354443], [-81.363772, 28.353996], [-81.36361, 28.353597], [-81.363531, 28.35345], [-81.363457, 28.353358], [-81.363296, 28.353227]], [[-81.359862, 28.349544], [-81.359778, 28.349458], [-81.359672, 28.349393], [-81.359469, 28.349332], [-81.359349, 28.349339], [-81.359069, 28.349492], [-81.358745, 28.349766], [-81.358497, 28.349928], [-81.358327, 28.349979], [-81.357857, 28.350057], [-81.357325, 28.350097], [-81.357151, 28.350126], [-81.357051, 28.350164], [-81.356939, 28.350245], [-81.35687, 28.350327], [-81.356845, 28.350402], [-81.356858, 28.350483], [-81.356904, 28.350556], [-81.35703, 28.350632], [-81.357974, 28.350799], [-81.35893, 28.351059], [-81.359128, 28.351058], [-81.359301, 28.350995], [-81.359406, 28.350885], [-81.35943, 28.350776], [-81.359724, 28.350676], [-81.359914, 28.350543], [-81.360096, 28.350331], [-81.36024, 28.350044], [-81.360296, 28.349796], [-81.360288, 28.34971], [-81.360261, 28.34966], [-81.360158, 28.349584], [-81.359862, 28.349544]], [[-81.355779, 28.349629], [-81.355633, 28.349654], [-81.355603, 28.349724], [-81.35569, 28.349934], [-81.355796, 28.350047], [-81.355893, 28.350083], [-81.356058, 28.350079], [-81.356242, 28.350043], [-81.356319, 28.349988], [-81.356314, 28.349928], [-81.356218, 28.349846], [-81.355995, 28.349708], [-81.355779, 28.349629]], [[-81.349248, 28.364012], [-81.349126, 28.364017], [-81.349043, 28.364045], [-81.348941, 28.364121], [-81.348869, 28.364239], [-81.34886, 28.364305], [-81.348888, 28.36446], [-81.349034, 28.364652], [-81.349132, 28.364719], [-81.349255, 28.364747], [-81.349574, 28.364727], [-81.349862, 28.364742], [-81.34995, 28.36471], [-81.349994, 28.364607], [-81.349981, 28.364552], [-81.349932, 28.364481], [-81.349809, 28.364388], [-81.349469, 28.364188], [-81.349248, 28.364012]], [[-81.323834, 28.362902], [-81.323612, 28.362966], [-81.323287, 28.3632], [-81.32298, 28.363337], [-81.322883, 28.363436], [-81.32279, 28.363701], [-81.322773, 28.363978], [-81.322852, 28.364218], [-81.322899, 28.364284], [-81.32298, 28.364342], [-81.323171, 28.36439], [-81.323505, 28.364321], [-81.323807, 28.364176], [-81.324112, 28.363902], [-81.324186, 28.363711], [-81.324164, 28.363505], [-81.323969, 28.363039], [-81.323834, 28.362902]], [[-81.332109, 28.352014], [-81.331958, 28.352057], [-81.331851, 28.352151], [-81.331807, 28.352237], [-81.33179, 28.352381], [-81.331824, 28.352754], [-81.331862, 28.352897], [-81.331909, 28.352968], [-81.331976, 28.353024], [-81.332056, 28.353061], [-81.332116, 28.353067], [-81.332224, 28.353019], [-81.332527, 28.352733], [-81.332576, 28.352674], [-81.332597, 28.35259], [-81.332568, 28.352393], [-81.33246, 28.35221], [-81.332306, 28.352085], [-81.332109, 28.352014]], [[-81.329395, 28.352151], [-81.329249, 28.352174], [-81.329146, 28.352219], [-81.329076, 28.352303], [-81.329058, 28.3524], [-81.329101, 28.35249], [-81.329236, 28.352596], [-81.329361, 28.352657], [-81.329464, 28.352673], [-81.32957, 28.352639], [-81.329626, 28.352587], [-81.329671, 28.352395], [-81.329639, 28.352307], [-81.329582, 28.352242], [-81.329395, 28.352151]], [[-81.332887, 28.351292], [-81.332712, 28.351357], [-81.33261, 28.351462], [-81.332604, 28.351666], [-81.332686, 28.351818], [-81.332846, 28.351944], [-81.333219, 28.352104], [-81.333692, 28.352521], [-81.333837, 28.352565], [-81.333977, 28.352535], [-81.334149, 28.352368], [-81.334276, 28.352137], [-81.334313, 28.351909], [-81.334297, 28.351831], [-81.334254, 28.351762], [-81.334159, 28.351677], [-81.334041, 28.351621], [-81.333941, 28.351599], [-81.333554, 28.351581], [-81.333124, 28.35136], [-81.332887, 28.351292]], [[-81.328265, 28.350203], [-81.328045, 28.350245], [-81.327932, 28.350308], [-81.327863, 28.350403], [-81.327852, 28.350576], [-81.327921, 28.350742], [-81.328156, 28.351021], [-81.328241, 28.351069], [-81.328421, 28.351086], [-81.328539, 28.351041], [-81.328628, 28.350944], [-81.328647, 28.350807], [-81.328634, 28.35067], [-81.328602, 28.350524], [-81.328551, 28.350426], [-81.328411, 28.350289], [-81.328265, 28.350203]], [[-81.339357, 28.348356], [-81.338591, 28.348391], [-81.338209, 28.348385], [-81.338089, 28.348415], [-81.337981, 28.348474], [-81.337936, 28.348527], [-81.337926, 28.348575], [-81.337929, 28.348958], [-81.337884, 28.349062], [-81.337738, 28.349269], [-81.337711, 28.349341], [-81.337706, 28.349437], [-81.337747, 28.349533], [-81.337825, 28.349609], [-81.337948, 28.349662], [-81.338419, 28.3496], [-81.338534, 28.349618], [-81.338657, 28.349715], [-81.338857, 28.349956], [-81.338927, 28.350007], [-81.339035, 28.35005], [-81.33926, 28.350036], [-81.339605, 28.349937], [-81.339796, 28.349954], [-81.339875, 28.349994], [-81.339976, 28.3501], [-81.340201, 28.350439], [-81.340328, 28.350592], [-81.340529, 28.350774], [-81.340881, 28.351024], [-81.341135, 28.35131], [-81.341342, 28.351673], [-81.341479, 28.352105], [-81.341597, 28.352328], [-81.341691, 28.352408], [-81.341855, 28.352484], [-81.341935, 28.352483], [-81.34205, 28.352443], [-81.34218, 28.352332], [-81.342232, 28.352259], [-81.342258, 28.352109], [-81.34222, 28.351968], [-81.342126, 28.351836], [-81.341755, 28.351446], [-81.341696, 28.351309], [-81.341621, 28.350943], [-81.341552, 28.3508], [-81.341403, 28.350623], [-81.341017, 28.350273], [-81.340953, 28.350171], [-81.340921, 28.35003], [-81.340959, 28.349798], [-81.340997, 28.349696], [-81.341046, 28.349628], [-81.341235, 28.349514], [-81.341633, 28.34945], [-81.341748, 28.349383], [-81.341829, 28.349237], [-81.341851, 28.349147], [-81.341835, 28.348998], [-81.341772, 28.348847], [-81.341696, 28.34876], [-81.341629, 28.348724], [-81.341365, 28.348742], [-81.341237, 28.34883], [-81.341037, 28.349087], [-81.340967, 28.349123], [-81.340904, 28.349121], [-81.340825, 28.349089], [-81.340762, 28.349033], [-81.340654, 28.348813], [-81.340556, 28.348706], [-81.340468, 28.348678], [-81.340148, 28.348652], [-81.339847, 28.3485], [-81.339357, 28.348356]], [[-81.331068, 28.348214], [-81.330833, 28.348223], [-81.330602, 28.34829], [-81.330417, 28.348422], [-81.330263, 28.348625], [-81.3302, 28.348831], [-81.330208, 28.349187], [-81.330281, 28.349422], [-81.33041, 28.349555], [-81.330567, 28.34962], [-81.330979, 28.34967], [-81.331456, 28.349775], [-81.332164, 28.350054], [-81.332354, 28.350091], [-81.332465, 28.350075], [-81.332613, 28.350009], [-81.332981, 28.349762], [-81.333154, 28.349615], [-81.333276, 28.349323], [-81.333314, 28.349062], [-81.333266, 28.348891], [-81.33313, 28.348748], [-81.333003, 28.348698], [-81.332838, 28.348719], [-81.332678, 28.348782], [-81.332271, 28.348995], [-81.332082, 28.349042], [-81.331967, 28.349032], [-81.331833, 28.348978], [-81.331753, 28.348922], [-81.331297, 28.348392], [-81.33119, 28.348294], [-81.331068, 28.348214]], [[-81.336765, 28.34867], [-81.336587, 28.34869], [-81.336439, 28.348748], [-81.336337, 28.348845], [-81.336282, 28.348973], [-81.336302, 28.349089], [-81.336379, 28.349201], [-81.336536, 28.349313], [-81.336688, 28.349355], [-81.336809, 28.349331], [-81.336937, 28.349256], [-81.337009, 28.349171], [-81.337042, 28.349065], [-81.337022, 28.348957], [-81.336947, 28.348808], [-81.336867, 28.34873], [-81.336765, 28.34867]], [[-81.334897, 28.352011], [-81.334775, 28.352019], [-81.334694, 28.352049], [-81.33461, 28.352124], [-81.334504, 28.352263], [-81.334441, 28.352408], [-81.334426, 28.352514], [-81.334439, 28.352638], [-81.33451, 28.352715], [-81.33461, 28.352718], [-81.334751, 28.352674], [-81.334914, 28.352564], [-81.334986, 28.352477], [-81.335029, 28.35234], [-81.33503, 28.352266], [-81.334971, 28.352105], [-81.334897, 28.352011]], [[-81.339265, 28.353826], [-81.339114, 28.353841], [-81.339004, 28.353909], [-81.338758, 28.354223], [-81.338501, 28.354397], [-81.338461, 28.354461], [-81.338457, 28.354534], [-81.338594, 28.354837], [-81.338652, 28.355046], [-81.338711, 28.355383], [-81.338757, 28.355517], [-81.338812, 28.3556], [-81.338926, 28.355698], [-81.339033, 28.355753], [-81.339434, 28.355817], [-81.339741, 28.355906], [-81.339831, 28.355909], [-81.339902, 28.355878], [-81.339948, 28.355822], [-81.340022, 28.355463], [-81.340165, 28.35523], [-81.340185, 28.355154], [-81.340168, 28.354936], [-81.340025, 28.354584], [-81.340011, 28.354175], [-81.339988, 28.354125], [-81.33992, 28.354084], [-81.339803, 28.354086], [-81.339656, 28.354133], [-81.339574, 28.354115], [-81.339265, 28.353826]], [[-81.350651, 28.356169], [-81.350521, 28.356211], [-81.350382, 28.356344], [-81.350301, 28.356808], [-81.350272, 28.356884], [-81.350137, 28.356964], [-81.349758, 28.357025], [-81.349671, 28.357062], [-81.349598, 28.357132], [-81.349547, 28.357223], [-81.349534, 28.357327], [-81.349563, 28.357401], [-81.349684, 28.357517], [-81.34987, 28.357594], [-81.350506, 28.357647], [-81.350705, 28.357701], [-81.351169, 28.357884], [-81.351407, 28.357929], [-81.351582, 28.357917], [-81.35166, 28.35787], [-81.351703, 28.35782], [-81.35171, 28.357714], [-81.351653, 28.35764], [-81.351477, 28.357499], [-81.351467, 28.357424], [-81.351515, 28.357357], [-81.351752, 28.357141], [-81.351795, 28.356981], [-81.351777, 28.35689], [-81.351696, 28.356828], [-81.351376, 28.356768], [-81.35122, 28.356704], [-81.35104, 28.356542], [-81.35088, 28.35628], [-81.350782, 28.356212], [-81.350651, 28.356169]], [[-81.344531, 28.355468], [-81.344369, 28.355567], [-81.344297, 28.355647], [-81.344263, 28.355755], [-81.34427, 28.355939], [-81.344303, 28.356004], [-81.344423, 28.356109], [-81.344578, 28.356177], [-81.344665, 28.35618], [-81.344826, 28.356137], [-81.344931, 28.356069], [-81.344964, 28.355997], [-81.344963, 28.355907], [-81.34492, 28.355786], [-81.344806, 28.355627], [-81.344708, 28.355551], [-81.344531, 28.355468]], [[-81.347977, 28.357476], [-81.34774, 28.357516], [-81.347669, 28.357545], [-81.347555, 28.357667], [-81.347546, 28.357774], [-81.347619, 28.357881], [-81.347826, 28.358044], [-81.348019, 28.358129], [-81.348187, 28.358134], [-81.348293, 28.358088], [-81.3484, 28.357996], [-81.348427, 28.357931], [-81.34842, 28.357865], [-81.348372, 28.357782], [-81.348205, 28.357619], [-81.34809, 28.357531], [-81.347977, 28.357476]], [[-81.328374, 28.375018], [-81.32842, 28.375157], [-81.32846, 28.37522], [-81.328526, 28.375268], [-81.328609, 28.375283], [-81.328712, 28.375226], [-81.328869, 28.375018], [-81.329003, 28.374909], [-81.329319, 28.374815], [-81.329432, 28.374743], [-81.329461, 28.374673], [-81.329451, 28.374592], [-81.329408, 28.374476], [-81.329324, 28.374377], [-81.329209, 28.374354], [-81.329138, 28.374387], [-81.328853, 28.374648], [-81.328532, 28.374835], [-81.328411, 28.374933], [-81.328374, 28.375018]], [[-81.325837, 28.374407], [-81.325716, 28.374433], [-81.325582, 28.374533], [-81.325547, 28.374602], [-81.325553, 28.374693], [-81.325612, 28.374768], [-81.325763, 28.374847], [-81.325903, 28.374873], [-81.326004, 28.374868], [-81.326081, 28.374823], [-81.326104, 28.374789], [-81.326095, 28.374653], [-81.326003, 28.374503], [-81.325837, 28.374407]], [[-81.356521, 28.381263], [-81.355438, 28.38147], [-81.355306, 28.381535], [-81.355279, 28.381578], [-81.35528, 28.381632], [-81.355385, 28.381726], [-81.355609, 28.381792], [-81.355828, 28.381886], [-81.355905, 28.381888], [-81.356135, 28.38184], [-81.356347, 28.381749], [-81.356615, 28.381527], [-81.356649, 28.381432], [-81.35664, 28.381361], [-81.356618, 28.381326], [-81.356521, 28.381263]], [[-81.379622, 28.407425], [-81.379392, 28.407428], [-81.379116, 28.407466], [-81.379012, 28.407504], [-81.378824, 28.40761], [-81.378734, 28.407693], [-81.37866, 28.407796], [-81.378528, 28.408137], [-81.378436, 28.408276], [-81.378264, 28.408389], [-81.377832, 28.408553], [-81.377638, 28.408719], [-81.377418, 28.408971], [-81.377336, 28.409039], [-81.377118, 28.40911], [-81.376667, 28.409086], [-81.376517, 28.409107], [-81.376449, 28.409139], [-81.376289, 28.409311], [-81.376236, 28.409443], [-81.376269, 28.40962], [-81.376366, 28.409775], [-81.376603, 28.409937], [-81.376699, 28.409967], [-81.376804, 28.409972], [-81.37703, 28.409926], [-81.377738, 28.409664], [-81.378087, 28.409634], [-81.378519, 28.409711], [-81.379104, 28.409913], [-81.37937, 28.409951], [-81.379634, 28.409957], [-81.379872, 28.40992], [-81.380172, 28.409842], [-81.380366, 28.409759], [-81.380609, 28.409601], [-81.380873, 28.409334], [-81.380955, 28.409199], [-81.380994, 28.408999], [-81.380929, 28.408715], [-81.380784, 28.408506], [-81.380506, 28.408184], [-81.380113, 28.407675], [-81.3799, 28.407517], [-81.379622, 28.407425]], [[-81.375003, 28.410718], [-81.375125, 28.410697], [-81.37523, 28.41064], [-81.375318, 28.410548], [-81.375384, 28.410417], [-81.375444, 28.409794], [-81.375456, 28.409237], [-81.375421, 28.408774], [-81.375362, 28.408552], [-81.375256, 28.408397], [-81.375128, 28.408295], [-81.375003, 28.408227], [-81.374835, 28.408263], [-81.374611, 28.408397], [-81.373989, 28.408926], [-81.373724, 28.409104], [-81.37357, 28.409181], [-81.373418, 28.409206], [-81.373088, 28.409207], [-81.372125, 28.408994], [-81.371501, 28.408943], [-81.371211, 28.40897], [-81.371079, 28.409007], [-81.37083, 28.409124], [-81.370615, 28.409303], [-81.37045, 28.40951], [-81.370393, 28.409645], [-81.370383, 28.409717], [-81.370425, 28.410069], [-81.370511, 28.410271], [-81.370737, 28.410464], [-81.371022, 28.410565], [-81.371431, 28.410632], [-81.371863, 28.410663], [-81.372685, 28.410652], [-81.373165, 28.410687], [-81.373724, 28.410845], [-81.374027, 28.410958], [-81.37425, 28.411018], [-81.374413, 28.41104], [-81.374516, 28.411029], [-81.374616, 28.410991], [-81.374906, 28.410771], [-81.375003, 28.410718]], [[-81.368261, 28.410454], [-81.368146, 28.410486], [-81.368081, 28.410559], [-81.367997, 28.410823], [-81.367996, 28.410878], [-81.368022, 28.410928], [-81.368163, 28.411002], [-81.368679, 28.411155], [-81.368775, 28.411166], [-81.368849, 28.411135], [-81.368907, 28.41106], [-81.368959, 28.410906], [-81.368976, 28.41074], [-81.368939, 28.410674], [-81.368816, 28.410604], [-81.368261, 28.410454]], [[-81.369832, 28.410763], [-81.369468, 28.410765], [-81.36933, 28.410806], [-81.369282, 28.410867], [-81.369248, 28.410957], [-81.369183, 28.411164], [-81.369182, 28.411257], [-81.369269, 28.411352], [-81.369381, 28.411414], [-81.369684, 28.411518], [-81.370032, 28.411665], [-81.370186, 28.411674], [-81.370227, 28.411656], [-81.370279, 28.411594], [-81.37048, 28.411027], [-81.370504, 28.410874], [-81.370464, 28.410826], [-81.370405, 28.410809], [-81.369944, 28.410784], [-81.369832, 28.410763]], [[-81.371926, 28.412239], [-81.372003, 28.41198], [-81.371926, 28.411865], [-81.372054, 28.411633], [-81.372059, 28.411406], [-81.372015, 28.411335], [-81.371937, 28.411262], [-81.37171, 28.41114], [-81.371429, 28.411113], [-81.371353, 28.411143], [-81.37129, 28.411194], [-81.371234, 28.411301], [-81.371212, 28.411389], [-81.371253, 28.411711], [-81.371174, 28.411719], [-81.370985, 28.411695], [-81.370903, 28.41172], [-81.370796, 28.411815], [-81.370777, 28.411854], [-81.37078, 28.411927], [-81.370875, 28.411992], [-81.371528, 28.412218], [-81.371496, 28.412309], [-81.371484, 28.412427], [-81.371568, 28.412828], [-81.371637, 28.412937], [-81.371753, 28.413045], [-81.371854, 28.413099], [-81.37194, 28.41311], [-81.372041, 28.413075], [-81.372123, 28.412986], [-81.372164, 28.412758], [-81.37208, 28.412488], [-81.371926, 28.412239]], [[-81.373845, 28.411732], [-81.373691, 28.411751], [-81.373581, 28.411809], [-81.3735, 28.411909], [-81.373478, 28.412008], [-81.373518, 28.412166], [-81.37364, 28.412346], [-81.373746, 28.412434], [-81.373854, 28.412455], [-81.373933, 28.412442], [-81.374013, 28.41237], [-81.374039, 28.412126], [-81.373987, 28.411892], [-81.373845, 28.411732]], [[-81.372899, 28.412173], [-81.372619, 28.412178], [-81.372469, 28.412211], [-81.372364, 28.412305], [-81.372351, 28.412378], [-81.372369, 28.412425], [-81.372459, 28.412513], [-81.372629, 28.412587], [-81.373023, 28.412689], [-81.373124, 28.412698], [-81.373217, 28.412681], [-81.373285, 28.412626], [-81.373347, 28.412521], [-81.373375, 28.4124], [-81.373353, 28.41233], [-81.373261, 28.412267], [-81.372899, 28.412173]], [[-81.36298, 28.411491], [-81.362488, 28.411517], [-81.362259, 28.411596], [-81.361689, 28.41173], [-81.361089, 28.411949], [-81.360911, 28.412043], [-81.360645, 28.412256], [-81.360603, 28.412318], [-81.360616, 28.412429], [-81.360697, 28.4125], [-81.360838, 28.41251], [-81.36092, 28.412489], [-81.361155, 28.412355], [-81.36134, 28.412281], [-81.361963, 28.412205], [-81.362634, 28.412256], [-81.363176, 28.412399], [-81.363703, 28.412589], [-81.364319, 28.412696], [-81.364432, 28.412689], [-81.364565, 28.41265], [-81.364699, 28.412531], [-81.364754, 28.412399], [-81.364732, 28.412253], [-81.364668, 28.412159], [-81.364534, 28.412058], [-81.36439, 28.412011], [-81.3639, 28.411967], [-81.363665, 28.411904], [-81.363341, 28.411727], [-81.36298, 28.411491]], [[-81.369189, 28.415591], [-81.369216, 28.41548], [-81.369309, 28.415365], [-81.369413, 28.415289], [-81.369651, 28.415168], [-81.369709, 28.415117], [-81.369767, 28.414987], [-81.369769, 28.414912], [-81.369708, 28.414828], [-81.369586, 28.414745], [-81.369289, 28.414583], [-81.368837, 28.414379], [-81.36863, 28.414229], [-81.368588, 28.414161], [-81.368577, 28.414093], [-81.368645, 28.413825], [-81.368661, 28.413564], [-81.368562, 28.413379], [-81.368388, 28.413234], [-81.368132, 28.413175], [-81.367862, 28.413177], [-81.367674, 28.41322], [-81.367462, 28.413343], [-81.367128, 28.413647], [-81.36694, 28.41388], [-81.36686, 28.414025], [-81.36672, 28.414401], [-81.366569, 28.414392], [-81.366112, 28.414259], [-81.366033, 28.414255], [-81.365957, 28.414283], [-81.365861, 28.414402], [-81.365488, 28.415206], [-81.365465, 28.415281], [-81.365481, 28.415355], [-81.365567, 28.415417], [-81.365678, 28.415434], [-81.365973, 28.415428], [-81.366373, 28.415373], [-81.366542, 28.415295], [-81.366945, 28.414952], [-81.367424, 28.415122], [-81.368109, 28.415333], [-81.36875, 28.415693], [-81.368989, 28.415789], [-81.369002, 28.415931], [-81.36891, 28.416241], [-81.368895, 28.416361], [-81.368912, 28.41644], [-81.368999, 28.416516], [-81.36916, 28.416527], [-81.369582, 28.416408], [-81.369757, 28.416306], [-81.36989, 28.416196], [-81.37, 28.416042], [-81.369985, 28.415971], [-81.369954, 28.415941], [-81.369843, 28.415878], [-81.369371, 28.415704], [-81.369189, 28.415591]], [[-81.371436, 28.419493], [-81.372109, 28.419753], [-81.372244, 28.419771], [-81.372593, 28.41977], [-81.372835, 28.419821], [-81.37298, 28.419886], [-81.373256, 28.420078], [-81.373338, 28.420102], [-81.373403, 28.420093], [-81.373498, 28.420026], [-81.373576, 28.419828], [-81.373654, 28.419714], [-81.37411, 28.419345], [-81.374331, 28.419033], [-81.374632, 28.418659], [-81.37472, 28.418503], [-81.374761, 28.418341], [-81.374794, 28.417994], [-81.374737, 28.417075], [-81.374752, 28.416474], [-81.374806, 28.415972], [-81.374754, 28.415627], [-81.374614, 28.415329], [-81.374312, 28.414886], [-81.373906, 28.414482], [-81.373697, 28.414321], [-81.373594, 28.414287], [-81.373477, 28.414298], [-81.373378, 28.414364], [-81.373304, 28.414456], [-81.373162, 28.414777], [-81.3731, 28.41522], [-81.373028, 28.41545], [-81.372897, 28.415629], [-81.372555, 28.41591], [-81.372407, 28.416086], [-81.372286, 28.41637], [-81.372212, 28.416822], [-81.372129, 28.41708], [-81.372037, 28.417253], [-81.371931, 28.417363], [-81.371818, 28.417422], [-81.371594, 28.417455], [-81.371394, 28.417408], [-81.370996, 28.417257], [-81.370753, 28.417227], [-81.370532, 28.417255], [-81.370397, 28.417304], [-81.370122, 28.417446], [-81.369559, 28.417872], [-81.369198, 28.418073], [-81.368937, 28.418142], [-81.368828, 28.41813], [-81.368717, 28.418082], [-81.369264, 28.417568], [-81.369286, 28.417462], [-81.369269, 28.417295], [-81.369224, 28.417235], [-81.369136, 28.417178], [-81.368965, 28.417129], [-81.368761, 28.417098], [-81.368325, 28.417141], [-81.367896, 28.417311], [-81.367657, 28.417469], [-81.367546, 28.417576], [-81.36736, 28.417567], [-81.367155, 28.417532], [-81.366728, 28.417417], [-81.366383, 28.417295], [-81.365734, 28.416944], [-81.365411, 28.416717], [-81.365249, 28.416529], [-81.365253, 28.41644], [-81.365292, 28.416404], [-81.365377, 28.416368], [-81.365702, 28.416313], [-81.365776, 28.416263], [-81.365807, 28.416196], [-81.365781, 28.416025], [-81.365732, 28.415915], [-81.365646, 28.415813], [-81.365521, 28.41571], [-81.365376, 28.415664], [-81.364879, 28.415654], [-81.364379, 28.415416], [-81.363799, 28.415327], [-81.363696, 28.415293], [-81.363508, 28.415165], [-81.363104, 28.414702], [-81.36297, 28.414588], [-81.362748, 28.414488], [-81.362238, 28.414328], [-81.361976, 28.414225], [-81.36177, 28.414125], [-81.361686, 28.414049], [-81.361906, 28.414061], [-81.362217, 28.414177], [-81.362387, 28.414207], [-81.3625, 28.414195], [-81.362596, 28.414137], [-81.362664, 28.413993], [-81.362698, 28.413761], [-81.362646, 28.413243], [-81.362605, 28.413085], [-81.362554, 28.413028], [-81.36248, 28.413002], [-81.362394, 28.412998], [-81.361458, 28.413033], [-81.35865, 28.413019], [-81.357614, 28.413064], [-81.357277, 28.413183], [-81.356906, 28.413268], [-81.356561, 28.413257], [-81.356414, 28.413206], [-81.35633, 28.413119], [-81.356297, 28.413034], [-81.356259, 28.412725], [-81.356266, 28.412395], [-81.35629, 28.412308], [-81.356354, 28.412207], [-81.356436, 28.412128], [-81.356623, 28.412006], [-81.35674, 28.411797], [-81.356794, 28.411492], [-81.356802, 28.411001], [-81.356823, 28.410808], [-81.357087, 28.410787], [-81.357197, 28.410763], [-81.357331, 28.410781], [-81.357543, 28.410778], [-81.357773, 28.41073], [-81.35786, 28.410694], [-81.357977, 28.410578], [-81.358009, 28.410479], [-81.357988, 28.410312], [-81.35792, 28.410212], [-81.358101, 28.409944], [-81.358388, 28.409622], [-81.358467, 28.409441], [-81.358908, 28.409395], [-81.358988, 28.409333], [-81.358992, 28.409262], [-81.358909, 28.409149], [-81.358301, 28.408595], [-81.358076, 28.408428], [-81.357981, 28.408397], [-81.357657, 28.408416], [-81.357333, 28.408486], [-81.35722, 28.408591], [-81.357149, 28.408831], [-81.356959, 28.409128], [-81.356958, 28.409194], [-81.357032, 28.409268], [-81.357177, 28.409322], [-81.357869, 28.409419], [-81.35782, 28.40953], [-81.35769, 28.409677], [-81.357619, 28.409724], [-81.357504, 28.409759], [-81.357365, 28.409768], [-81.357256, 28.409754], [-81.356991, 28.409662], [-81.356837, 28.409582], [-81.356704, 28.409473], [-81.35664, 28.409349], [-81.356647, 28.409179], [-81.356716, 28.408861], [-81.356701, 28.408744], [-81.35665, 28.408634], [-81.35691, 28.408426], [-81.357299, 28.408267], [-81.357519, 28.408226], [-81.357821, 28.408196], [-81.358253, 28.408234], [-81.358635, 28.408348], [-81.358933, 28.408531], [-81.359139, 28.408729], [-81.359298, 28.408948], [-81.359519, 28.409137], [-81.359705, 28.409219], [-81.359989, 28.409272], [-81.360229, 28.409227], [-81.360427, 28.409095], [-81.360605, 28.408857], [-81.360647, 28.408717], [-81.360627, 28.408505], [-81.360511, 28.408281], [-81.360379, 28.408146], [-81.360213, 28.408055], [-81.360036, 28.408037], [-81.359236, 28.408065], [-81.359047, 28.408056], [-81.358641, 28.408002], [-81.35831, 28.407913], [-81.358007, 28.407804], [-81.357732, 28.407772], [-81.357491, 28.407807], [-81.357076, 28.407934], [-81.356799, 28.408], [-81.356551, 28.408], [-81.356123, 28.40794], [-81.355724, 28.407925], [-81.35519, 28.407966], [-81.354924, 28.408042], [-81.35484, 28.408094], [-81.35477, 28.408188], [-81.354694, 28.408568], [-81.354731, 28.408711], [-81.354903, 28.408889], [-81.354861, 28.409059], [-81.354872, 28.409115], [-81.354923, 28.409185], [-81.355112, 28.409341], [-81.355547, 28.409581], [-81.355747, 28.409751], [-81.355829, 28.409852], [-81.355863, 28.409997], [-81.355777, 28.410456], [-81.355629, 28.410498], [-81.355316, 28.410517], [-81.354554, 28.410475], [-81.353933, 28.410312], [-81.353303, 28.410117], [-81.35322, 28.410109], [-81.353145, 28.410134], [-81.353061, 28.410224], [-81.353058, 28.410332], [-81.353281, 28.410791], [-81.353604, 28.411676], [-81.35371, 28.411822], [-81.353602, 28.411966], [-81.353192, 28.412332], [-81.35262, 28.412776], [-81.35226, 28.413019], [-81.351917, 28.413132], [-81.351688, 28.413147], [-81.351165, 28.413037], [-81.350774, 28.412854], [-81.35037, 28.412605], [-81.350022, 28.412418], [-81.349897, 28.412227], [-81.349624, 28.412029], [-81.349339, 28.411893], [-81.348956, 28.41177], [-81.348691, 28.411662], [-81.348312, 28.411425], [-81.347824, 28.410994], [-81.347707, 28.410938], [-81.34758, 28.410922], [-81.347414, 28.410945], [-81.347253, 28.411011], [-81.346956, 28.411218], [-81.346819, 28.41135], [-81.34653, 28.41178], [-81.346325, 28.412254], [-81.346185, 28.412528], [-81.345898, 28.412696], [-81.34583, 28.412753], [-81.345734, 28.412884], [-81.345611, 28.413144], [-81.345535, 28.413231], [-81.345345, 28.413374], [-81.345024, 28.413545], [-81.344405, 28.413707], [-81.343979, 28.41375], [-81.343414, 28.41378], [-81.343085, 28.413828], [-81.342559, 28.41399], [-81.341883, 28.41397], [-81.341712, 28.414053], [-81.341601, 28.414165], [-81.341547, 28.414261], [-81.341533, 28.414333], [-81.34154, 28.414445], [-81.341579, 28.414548], [-81.341776, 28.414721], [-81.341939, 28.414772], [-81.342167, 28.414764], [-81.342448, 28.414713], [-81.34271, 28.41461], [-81.343067, 28.414432], [-81.343331, 28.414334], [-81.343615, 28.414289], [-81.343756, 28.414313], [-81.343809, 28.41437], [-81.343827, 28.414441], [-81.343796, 28.414648], [-81.343675, 28.415062], [-81.343673, 28.41537], [-81.343719, 28.415527], [-81.343662, 28.415656], [-81.343605, 28.415937], [-81.343602, 28.416118], [-81.343623, 28.416241], [-81.343659, 28.416311], [-81.343725, 28.416361], [-81.34388, 28.416399], [-81.343994, 28.416388], [-81.344144, 28.416323], [-81.344353, 28.416166], [-81.344415, 28.416087], [-81.34447, 28.415948], [-81.344477, 28.415803], [-81.34443, 28.415509], [-81.344388, 28.415447], [-81.344268, 28.41535], [-81.344297, 28.415054], [-81.344335, 28.414893], [-81.344406, 28.414765], [-81.344544, 28.41461], [-81.344763, 28.414493], [-81.345132, 28.414415], [-81.345387, 28.41432], [-81.346206, 28.413654], [-81.346559, 28.413432], [-81.346723, 28.413503], [-81.34695, 28.413551], [-81.347787, 28.413551], [-81.348342, 28.413594], [-81.349012, 28.413758], [-81.349164, 28.413834], [-81.349276, 28.413917], [-81.349159, 28.413962], [-81.34895, 28.413987], [-81.347804, 28.414053], [-81.347723, 28.41408], [-81.347698, 28.414113], [-81.347698, 28.414151], [-81.34783, 28.414251], [-81.348028, 28.414287], [-81.349572, 28.414227], [-81.349799, 28.414181], [-81.350076, 28.414234], [-81.350703, 28.414432], [-81.351011, 28.414433], [-81.351246, 28.414391], [-81.351553, 28.414279], [-81.352075, 28.413941], [-81.352284, 28.413904], [-81.352487, 28.413941], [-81.352804, 28.414091], [-81.353119, 28.414182], [-81.353263, 28.414196], [-81.353785, 28.41417], [-81.354016, 28.414192], [-81.354172, 28.414223], [-81.354467, 28.414317], [-81.35483, 28.414398], [-81.356089, 28.414417], [-81.356288, 28.414372], [-81.356453, 28.414291], [-81.356578, 28.414346], [-81.356789, 28.414634], [-81.356937, 28.414766], [-81.35735, 28.414913], [-81.35758, 28.415076], [-81.357641, 28.415156], [-81.357779, 28.415467], [-81.357892, 28.415565], [-81.358005, 28.415598], [-81.358113, 28.415598], [-81.358218, 28.415571], [-81.358428, 28.415478], [-81.358605, 28.415464], [-81.358852, 28.4155], [-81.359197, 28.415591], [-81.359644, 28.415614], [-81.359696, 28.415737], [-81.359751, 28.415805], [-81.35983, 28.415857], [-81.359945, 28.415886], [-81.360165, 28.415872], [-81.360631, 28.41569], [-81.360967, 28.415659], [-81.36114, 28.415672], [-81.361793, 28.415856], [-81.362147, 28.415893], [-81.362362, 28.415843], [-81.362643, 28.415664], [-81.362761, 28.415613], [-81.363382, 28.415592], [-81.363404, 28.415802], [-81.363392, 28.416405], [-81.363439, 28.416485], [-81.363521, 28.416519], [-81.363665, 28.416523], [-81.363753, 28.416465], [-81.36403, 28.415746], [-81.36428, 28.415781], [-81.364439, 28.415827], [-81.364571, 28.415901], [-81.364648, 28.415994], [-81.364703, 28.416168], [-81.364786, 28.416608], [-81.36489, 28.416967], [-81.364981, 28.417484], [-81.365228, 28.418486], [-81.365271, 28.418579], [-81.365353, 28.418685], [-81.365396, 28.418715], [-81.365474, 28.418733], [-81.365566, 28.418692], [-81.365623, 28.418576], [-81.365658, 28.418248], [-81.365766, 28.418141], [-81.365871, 28.418113], [-81.366161, 28.418144], [-81.366348, 28.418214], [-81.366656, 28.418398], [-81.3669, 28.418669], [-81.366967, 28.418918], [-81.366955, 28.419032], [-81.366913, 28.419143], [-81.366768, 28.419336], [-81.366483, 28.419541], [-81.366334, 28.419677], [-81.366266, 28.41978], [-81.366223, 28.419945], [-81.366278, 28.420257], [-81.366399, 28.420474], [-81.366478, 28.42057], [-81.366638, 28.420703], [-81.366717, 28.420744], [-81.366777, 28.420751], [-81.366939, 28.421045], [-81.367142, 28.421221], [-81.367278, 28.421272], [-81.367372, 28.421287], [-81.367458, 28.421268], [-81.367558, 28.42118], [-81.367591, 28.421104], [-81.367614, 28.420914], [-81.36757, 28.420735], [-81.367485, 28.420569], [-81.367368, 28.420411], [-81.367076, 28.420133], [-81.367086, 28.420027], [-81.367132, 28.419917], [-81.367334, 28.419592], [-81.367448, 28.419361], [-81.367833, 28.419186], [-81.3681, 28.419106], [-81.368333, 28.419008], [-81.368534, 28.41891], [-81.368644, 28.418832], [-81.369222, 28.41908], [-81.370053, 28.419664], [-81.370167, 28.419701], [-81.370315, 28.419691], [-81.370732, 28.419932], [-81.370875, 28.419971], [-81.371048, 28.419965], [-81.371162, 28.41992], [-81.371286, 28.419808], [-81.371436, 28.419493]], [[-81.377457, 28.420105], [-81.377343, 28.420159], [-81.377284, 28.420207], [-81.377182, 28.420326], [-81.377099, 28.420468], [-81.376935, 28.420922], [-81.376871, 28.421333], [-81.376962, 28.422645], [-81.377097, 28.422884], [-81.377169, 28.422952], [-81.377235, 28.42298], [-81.377315, 28.422974], [-81.377395, 28.422922], [-81.377575, 28.422725], [-81.377649, 28.422593], [-81.377821, 28.42216], [-81.377878, 28.421915], [-81.377913, 28.421618], [-81.377871, 28.421299], [-81.377716, 28.420808], [-81.377643, 28.420367], [-81.377566, 28.420202], [-81.377457, 28.420105]], [[-81.374579, 28.422732], [-81.374463, 28.423223], [-81.37447, 28.423297], [-81.374507, 28.42336], [-81.374592, 28.423402], [-81.374677, 28.423393], [-81.375238, 28.423102], [-81.375537, 28.422991], [-81.375691, 28.422842], [-81.375777, 28.422669], [-81.375846, 28.42212], [-81.375821, 28.42189], [-81.375723, 28.421717], [-81.375436, 28.421491], [-81.375759, 28.42118], [-81.375854, 28.421026], [-81.375895, 28.42085], [-81.375801, 28.420634], [-81.375729, 28.420547], [-81.375633, 28.420476], [-81.375557, 28.420439], [-81.375476, 28.420429], [-81.375387, 28.42045], [-81.375278, 28.420506], [-81.375137, 28.420608], [-81.375002, 28.420735], [-81.374837, 28.421171], [-81.374721, 28.421706], [-81.374491, 28.422239], [-81.374499, 28.422581], [-81.374579, 28.422732]], [[-81.362113, 28.417753], [-81.361913, 28.417786], [-81.361791, 28.417872], [-81.361672, 28.417998], [-81.361593, 28.41817], [-81.361535, 28.418491], [-81.361383, 28.418785], [-81.361378, 28.418889], [-81.36143, 28.418991], [-81.361615, 28.419123], [-81.361727, 28.419168], [-81.361934, 28.419174], [-81.362107, 28.419141], [-81.362181, 28.419107], [-81.362347, 28.418959], [-81.362484, 28.418713], [-81.362501, 28.418498], [-81.362439, 28.41806], [-81.362335, 28.417902], [-81.362113, 28.417753]], [[-81.357128, 28.417179], [-81.357024, 28.417262], [-81.356964, 28.417373], [-81.356892, 28.417679], [-81.356833, 28.418117], [-81.35683, 28.418215], [-81.356863, 28.418296], [-81.356925, 28.418352], [-81.357, 28.418378], [-81.357091, 28.418371], [-81.357173, 28.418339], [-81.357247, 28.41827], [-81.357273, 28.418193], [-81.357269, 28.417315], [-81.357226, 28.417239], [-81.357128, 28.417179]], [[-81.354387, 28.416937], [-81.354404, 28.416824], [-81.354371, 28.416661], [-81.354304, 28.416565], [-81.354231, 28.416534], [-81.354121, 28.416547], [-81.354002, 28.416592], [-81.353764, 28.416798], [-81.35365, 28.417056], [-81.353599, 28.417264], [-81.353579, 28.417518], [-81.353606, 28.41763], [-81.353704, 28.417718], [-81.353797, 28.417726], [-81.353848, 28.417697], [-81.35391, 28.417624], [-81.353988, 28.417466], [-81.354162, 28.41748], [-81.354222, 28.41747], [-81.354329, 28.417417], [-81.354408, 28.417349], [-81.354458, 28.417258], [-81.35448, 28.417122], [-81.354461, 28.41705], [-81.354387, 28.416937]], [[-81.358823, 28.41632], [-81.358685, 28.416337], [-81.358555, 28.416382], [-81.358357, 28.41661], [-81.358315, 28.417012], [-81.358234, 28.417209], [-81.358236, 28.417327], [-81.358265, 28.417398], [-81.358331, 28.417451], [-81.358474, 28.417484], [-81.358847, 28.417435], [-81.359055, 28.417461], [-81.359786, 28.417719], [-81.359922, 28.41771], [-81.360034, 28.417663], [-81.36008, 28.417623], [-81.360125, 28.417536], [-81.360142, 28.417079], [-81.360249, 28.416705], [-81.360248, 28.416633], [-81.360192, 28.416527], [-81.360109, 28.416463], [-81.36, 28.416429], [-81.359244, 28.416457], [-81.358823, 28.41632]], [[-81.357276, 28.41535], [-81.357164, 28.415398], [-81.357109, 28.415479], [-81.35702, 28.41608], [-81.357019, 28.416375], [-81.357063, 28.416431], [-81.357139, 28.416452], [-81.357196, 28.416448], [-81.357245, 28.416421], [-81.357303, 28.416286], [-81.35735, 28.41555], [-81.35733, 28.415421], [-81.357276, 28.41535]], [[-81.35194, 28.411601], [-81.351571, 28.411639], [-81.351453, 28.411682], [-81.35134, 28.411751], [-81.351248, 28.411844], [-81.351208, 28.411915], [-81.351204, 28.412081], [-81.351255, 28.412171], [-81.351396, 28.412241], [-81.351549, 28.412238], [-81.351715, 28.412182], [-81.351864, 28.412077], [-81.351945, 28.41199], [-81.352017, 28.411832], [-81.352006, 28.411717], [-81.35194, 28.411601]], [[-81.349123, 28.409507], [-81.348837, 28.409542], [-81.348734, 28.409633], [-81.348687, 28.409768], [-81.348719, 28.409875], [-81.348861, 28.4101], [-81.348986, 28.410571], [-81.349044, 28.410645], [-81.349136, 28.410711], [-81.349254, 28.410762], [-81.349372, 28.41078], [-81.349746, 28.410733], [-81.35019, 28.410537], [-81.350489, 28.410317], [-81.350527, 28.410242], [-81.350554, 28.410102], [-81.350539, 28.410032], [-81.350477, 28.409957], [-81.350093, 28.409858], [-81.349855, 28.409662], [-81.349769, 28.409623], [-81.349617, 28.40958], [-81.349247, 28.409539], [-81.349123, 28.409507]], [[-81.346877, 28.406772], [-81.346716, 28.40691], [-81.346564, 28.407116], [-81.346257, 28.407668], [-81.345754, 28.408402], [-81.345672, 28.408579], [-81.345616, 28.40886], [-81.345642, 28.409005], [-81.345715, 28.409098], [-81.346108, 28.40937], [-81.346537, 28.409699], [-81.346753, 28.409779], [-81.346845, 28.409772], [-81.347032, 28.409708], [-81.347211, 28.409611], [-81.347391, 28.409476], [-81.347533, 28.409227], [-81.34765, 28.408873], [-81.347796, 28.408678], [-81.347922, 28.408617], [-81.348204, 28.40857], [-81.348813, 28.408549], [-81.349597, 28.408597], [-81.34998, 28.408654], [-81.350305, 28.408733], [-81.3506, 28.408835], [-81.350996, 28.409039], [-81.351238, 28.409138], [-81.351472, 28.409179], [-81.351631, 28.409139], [-81.351712, 28.409061], [-81.351727, 28.408985], [-81.351539, 28.408538], [-81.35152, 28.408357], [-81.351678, 28.407924], [-81.351703, 28.40771], [-81.351638, 28.407503], [-81.351549, 28.407376], [-81.351462, 28.407302], [-81.351257, 28.407121], [-81.351022, 28.406989], [-81.35083, 28.406953], [-81.35059, 28.406993], [-81.350122, 28.406827], [-81.349624, 28.406706], [-81.349405, 28.406606], [-81.349246, 28.406498], [-81.34914, 28.406397], [-81.349069, 28.406283], [-81.349036, 28.406162], [-81.349028, 28.406044], [-81.349048, 28.40592], [-81.349208, 28.405637], [-81.349301, 28.40554], [-81.349944, 28.405043], [-81.350107, 28.404796], [-81.350174, 28.404539], [-81.350182, 28.404318], [-81.350125, 28.404076], [-81.350024, 28.403929], [-81.34979, 28.403819], [-81.34956, 28.403783], [-81.348584, 28.403897], [-81.347917, 28.403879], [-81.347598, 28.403792], [-81.34746, 28.403735], [-81.347298, 28.40363], [-81.347219, 28.403506], [-81.347203, 28.402636], [-81.347243, 28.402453], [-81.347316, 28.402301], [-81.347725, 28.401996], [-81.348467, 28.401716], [-81.348783, 28.401564], [-81.349056, 28.401364], [-81.349241, 28.401122], [-81.349389, 28.400637], [-81.349394, 28.400392], [-81.349366, 28.400311], [-81.349272, 28.400163], [-81.348974, 28.399894], [-81.348748, 28.399757], [-81.348611, 28.399699], [-81.347729, 28.399443], [-81.347256, 28.39927], [-81.347059, 28.399156], [-81.346616, 28.398836], [-81.346125, 28.398545], [-81.345691, 28.39826], [-81.345414, 28.398117], [-81.34504, 28.397961], [-81.34463, 28.397835], [-81.344428, 28.397793], [-81.344063, 28.397758], [-81.343877, 28.397764], [-81.343509, 28.397812], [-81.3429, 28.39796], [-81.342552, 28.398093], [-81.342214, 28.39827], [-81.34189, 28.398533], [-81.341553, 28.398967], [-81.341154, 28.399321], [-81.341102, 28.399417], [-81.341094, 28.399491], [-81.34119, 28.399584], [-81.341276, 28.399639], [-81.341367, 28.399662], [-81.341539, 28.399649], [-81.341729, 28.399651], [-81.342081, 28.39953], [-81.342306, 28.399484], [-81.34487, 28.399238], [-81.345107, 28.399182], [-81.345325, 28.399077], [-81.345429, 28.399099], [-81.345523, 28.399165], [-81.345748, 28.399374], [-81.345849, 28.399526], [-81.345843, 28.399668], [-81.345659, 28.399999], [-81.345374, 28.400293], [-81.34495, 28.40062], [-81.344214, 28.401037], [-81.343683, 28.40137], [-81.34354, 28.401366], [-81.343281, 28.401402], [-81.34296, 28.401512], [-81.342672, 28.401684], [-81.342324, 28.401963], [-81.34212, 28.402191], [-81.34192, 28.402522], [-81.341823, 28.402775], [-81.341821, 28.402889], [-81.341844, 28.402954], [-81.341989, 28.403066], [-81.342086, 28.403099], [-81.342189, 28.403108], [-81.342428, 28.403076], [-81.342686, 28.402976], [-81.342923, 28.402792], [-81.343286, 28.40237], [-81.343698, 28.402031], [-81.343858, 28.401833], [-81.345608, 28.401752], [-81.345945, 28.401749], [-81.3461, 28.401767], [-81.34608, 28.401871], [-81.346079, 28.402127], [-81.346138, 28.40257], [-81.346246, 28.402945], [-81.346452, 28.403393], [-81.346525, 28.403508], [-81.34683, 28.403897], [-81.347047, 28.404083], [-81.347467, 28.404383], [-81.347874, 28.404623], [-81.348081, 28.404686], [-81.348196, 28.404678], [-81.348264, 28.404775], [-81.34828, 28.40492], [-81.348243, 28.405027], [-81.348095, 28.405271], [-81.348051, 28.405394], [-81.348029, 28.405534], [-81.348038, 28.405927], [-81.347944, 28.4062], [-81.347868, 28.406296], [-81.347778, 28.40636], [-81.347034, 28.406679], [-81.346877, 28.406772]], [[-81.342467, 28.407169], [-81.342622, 28.407132], [-81.342893, 28.406981], [-81.34326, 28.406725], [-81.343489, 28.406504], [-81.343627, 28.406333], [-81.343751, 28.406086], [-81.343802, 28.405874], [-81.343789, 28.405791], [-81.343765, 28.405757], [-81.34369, 28.405725], [-81.343568, 28.405739], [-81.343013, 28.406061], [-81.342643, 28.406337], [-81.342292, 28.406684], [-81.34196, 28.406603], [-81.34151, 28.406339], [-81.341351, 28.406286], [-81.341155, 28.406276], [-81.340779, 28.406322], [-81.340681, 28.406362], [-81.340626, 28.406422], [-81.34062, 28.406454], [-81.340665, 28.406509], [-81.341026, 28.406596], [-81.34111, 28.406641], [-81.341211, 28.406758], [-81.341353, 28.407003], [-81.341537, 28.40712], [-81.341774, 28.407189], [-81.342006, 28.40723], [-81.34232, 28.407221], [-81.342467, 28.407169]], [[-81.34171, 28.39696], [-81.341602, 28.397002], [-81.341483, 28.397127], [-81.341391, 28.397483], [-81.341171, 28.39778], [-81.341149, 28.397863], [-81.34116, 28.397938], [-81.341231, 28.39801], [-81.341305, 28.398047], [-81.34165, 28.398033], [-81.34196, 28.397944], [-81.342301, 28.397776], [-81.342398, 28.397701], [-81.342452, 28.397605], [-81.342468, 28.397462], [-81.342449, 28.397399], [-81.3424, 28.397335], [-81.342198, 28.397205], [-81.341879, 28.397117], [-81.34171, 28.39696]], [[-81.346492, 28.393674], [-81.34623, 28.393705], [-81.346055, 28.393748], [-81.345359, 28.394071], [-81.345243, 28.394146], [-81.344939, 28.394476], [-81.344669, 28.394953], [-81.344309, 28.395347], [-81.344263, 28.39545], [-81.344269, 28.395593], [-81.344317, 28.39571], [-81.344422, 28.395875], [-81.344668, 28.396112], [-81.346212, 28.397261], [-81.346861, 28.397651], [-81.347121, 28.397732], [-81.34741, 28.397763], [-81.347657, 28.397669], [-81.347931, 28.397498], [-81.348016, 28.397386], [-81.348019, 28.397284], [-81.347973, 28.39722], [-81.347923, 28.397191], [-81.347529, 28.39711], [-81.347291, 28.396962], [-81.347246, 28.396883], [-81.347195, 28.396641], [-81.347147, 28.39653], [-81.347014, 28.396357], [-81.346825, 28.39618], [-81.346776, 28.396048], [-81.346787, 28.395986], [-81.346829, 28.395923], [-81.347053, 28.395745], [-81.347216, 28.395695], [-81.34752, 28.395669], [-81.347595, 28.395639], [-81.34765, 28.395585], [-81.347681, 28.395415], [-81.347602, 28.394861], [-81.347603, 28.394543], [-81.347573, 28.394357], [-81.347497, 28.394158], [-81.347359, 28.394017], [-81.347269, 28.393973], [-81.346912, 28.393869], [-81.346492, 28.393674]], [[-81.34275, 28.388713], [-81.342886, 28.388535], [-81.342941, 28.388364], [-81.342994, 28.387982], [-81.342996, 28.387599], [-81.342925, 28.38729], [-81.342687, 28.386905], [-81.342657, 28.386746], [-81.342662, 28.386337], [-81.342632, 28.386226], [-81.342585, 28.386156], [-81.342486, 28.386066], [-81.342296, 28.385966], [-81.342001, 28.385878], [-81.341797, 28.385837], [-81.34151, 28.385845], [-81.34138, 28.385877], [-81.341255, 28.385939], [-81.341089, 28.386115], [-81.34094, 28.386488], [-81.340818, 28.386949], [-81.340736, 28.387185], [-81.340596, 28.387397], [-81.3404, 28.387562], [-81.340277, 28.38761], [-81.340175, 28.387627], [-81.3396, 28.387611], [-81.339381, 28.38757], [-81.338915, 28.387401], [-81.338648, 28.387336], [-81.338399, 28.387387], [-81.338152, 28.387538], [-81.338066, 28.38763], [-81.338005, 28.387775], [-81.338004, 28.388211], [-81.337954, 28.388315], [-81.337872, 28.388375], [-81.337791, 28.388402], [-81.337522, 28.388385], [-81.337349, 28.388401], [-81.337274, 28.388449], [-81.337173, 28.388572], [-81.337124, 28.38881], [-81.337106, 28.389716], [-81.337195, 28.390627], [-81.337304, 28.391048], [-81.337398, 28.391234], [-81.337947, 28.391893], [-81.338038, 28.392178], [-81.338023, 28.392841], [-81.338044, 28.393015], [-81.338141, 28.393181], [-81.33843, 28.393424], [-81.338558, 28.393487], [-81.338861, 28.393557], [-81.340172, 28.393523], [-81.340767, 28.393615], [-81.340888, 28.393664], [-81.341058, 28.393768], [-81.341675, 28.394274], [-81.341778, 28.394347], [-81.34186, 28.394378], [-81.342025, 28.394378], [-81.342307, 28.394313], [-81.34266, 28.394209], [-81.342972, 28.394082], [-81.343057, 28.393995], [-81.343072, 28.393924], [-81.343045, 28.393836], [-81.342961, 28.393739], [-81.342829, 28.393661], [-81.342226, 28.393446], [-81.341993, 28.393291], [-81.34186, 28.393112], [-81.341838, 28.392992], [-81.341847, 28.392699], [-81.341898, 28.392524], [-81.342028, 28.392223], [-81.342066, 28.391952], [-81.341995, 28.391586], [-81.341877, 28.391436], [-81.341688, 28.391333], [-81.341459, 28.391298], [-81.341006, 28.391344], [-81.340327, 28.391527], [-81.340137, 28.391525], [-81.339795, 28.391486], [-81.339633, 28.391437], [-81.339363, 28.391299], [-81.339214, 28.391166], [-81.339114, 28.390983], [-81.339121, 28.390752], [-81.33915, 28.390686], [-81.339278, 28.390584], [-81.339436, 28.390537], [-81.340023, 28.390572], [-81.340296, 28.390645], [-81.340604, 28.390754], [-81.340851, 28.390798], [-81.341026, 28.390786], [-81.341196, 28.390728], [-81.341375, 28.390593], [-81.341521, 28.390415], [-81.341703, 28.390106], [-81.341893, 28.389669], [-81.342186, 28.389235], [-81.34275, 28.388713]], [[-81.346262, 28.387038], [-81.346652, 28.386949], [-81.346922, 28.386829], [-81.346979, 28.386784], [-81.347017, 28.386713], [-81.347018, 28.386642], [-81.346994, 28.386599], [-81.346901, 28.386533], [-81.346728, 28.386514], [-81.345879, 28.386619], [-81.345782, 28.38666], [-81.345678, 28.38676], [-81.345614, 28.386971], [-81.345466, 28.386989], [-81.345348, 28.386975], [-81.345218, 28.386923], [-81.34509, 28.386839], [-81.344533, 28.386093], [-81.344337, 28.385891], [-81.344233, 28.385815], [-81.344016, 28.385748], [-81.343861, 28.385766], [-81.343678, 28.385854], [-81.343547, 28.385983], [-81.343419, 28.386259], [-81.343404, 28.386543], [-81.34345, 28.386791], [-81.343579, 28.387092], [-81.343734, 28.387578], [-81.343756, 28.387866], [-81.343744, 28.388049], [-81.343638, 28.388499], [-81.343554, 28.388736], [-81.34318, 28.389311], [-81.343074, 28.38955], [-81.342991, 28.389703], [-81.342982, 28.390112], [-81.343047, 28.390326], [-81.343151, 28.390499], [-81.343222, 28.390749], [-81.343252, 28.39107], [-81.343298, 28.391281], [-81.343334, 28.391342], [-81.343428, 28.391414], [-81.343501, 28.391446], [-81.343566, 28.391446], [-81.343644, 28.391407], [-81.343691, 28.391335], [-81.343742, 28.391065], [-81.343723, 28.390751], [-81.343753, 28.390678], [-81.343867, 28.39056], [-81.343939, 28.390518], [-81.34402, 28.390511], [-81.344346, 28.390666], [-81.344464, 28.390682], [-81.344536, 28.390643], [-81.344659, 28.390464], [-81.344832, 28.390302], [-81.34515, 28.390209], [-81.345343, 28.390082], [-81.345494, 28.389869], [-81.345682, 28.389267], [-81.345723, 28.388896], [-81.345651, 28.388306], [-81.345908, 28.387618], [-81.345938, 28.387479], [-81.346262, 28.387038]], [[-81.347354, 28.383091], [-81.346186, 28.383149], [-81.345885, 28.383225], [-81.345701, 28.3833], [-81.34551, 28.383409], [-81.345298, 28.383592], [-81.345062, 28.383836], [-81.344743, 28.38429], [-81.34461, 28.384571], [-81.344553, 28.384795], [-81.344554, 28.384976], [-81.344615, 28.385097], [-81.344628, 28.385269], [-81.344676, 28.385361], [-81.344902, 28.385508], [-81.345158, 28.385613], [-81.345268, 28.385683], [-81.345353, 28.385754], [-81.345524, 28.385972], [-81.345599, 28.386037], [-81.34571, 28.386083], [-81.345886, 28.386118], [-81.346327, 28.386107], [-81.346664, 28.386028], [-81.346911, 28.385921], [-81.347192, 28.385729], [-81.347684, 28.385302], [-81.3479, 28.385185], [-81.348521, 28.385012], [-81.348983, 28.384797], [-81.349366, 28.384683], [-81.349681, 28.384663], [-81.350142, 28.384757], [-81.350407, 28.384737], [-81.350567, 28.38468], [-81.350764, 28.384558], [-81.350919, 28.384396], [-81.351012, 28.384247], [-81.351033, 28.384153], [-81.351013, 28.384085], [-81.350863, 28.383911], [-81.350714, 28.383798], [-81.349661, 28.383301], [-81.348874, 28.382977], [-81.34831, 28.382821], [-81.34798, 28.382812], [-81.34774, 28.382852], [-81.347602, 28.382894], [-81.347487, 28.38296], [-81.347354, 28.383091]], [[-81.350147, 28.385473], [-81.350006, 28.385492], [-81.349726, 28.385572], [-81.349312, 28.385744], [-81.349179, 28.385858], [-81.34912, 28.385951], [-81.349113, 28.386038], [-81.349147, 28.386108], [-81.349293, 28.386208], [-81.349449, 28.386235], [-81.349689, 28.386181], [-81.349887, 28.386081], [-81.350094, 28.385873], [-81.350195, 28.385674], [-81.350212, 28.385574], [-81.350147, 28.385473]], [[-81.349674, 28.386509], [-81.349483, 28.386521], [-81.34926, 28.386561], [-81.349109, 28.386665], [-81.349047, 28.386766], [-81.349079, 28.386968], [-81.349054, 28.387076], [-81.348788, 28.387325], [-81.348679, 28.387489], [-81.34866, 28.387653], [-81.348717, 28.387823], [-81.348884, 28.387979], [-81.349092, 28.388075], [-81.349525, 28.388135], [-81.350027, 28.388099], [-81.35028, 28.388046], [-81.350489, 28.387983], [-81.350664, 28.387899], [-81.350824, 28.387729], [-81.350897, 28.387593], [-81.350937, 28.387381], [-81.350916, 28.38724], [-81.35084, 28.38712], [-81.350697, 28.386982], [-81.350352, 28.386764], [-81.349674, 28.386509]], [[-81.350549, 28.388384], [-81.350118, 28.38845], [-81.350019, 28.388485], [-81.349929, 28.388539], [-81.349812, 28.388648], [-81.34977, 28.388732], [-81.349789, 28.388871], [-81.349825, 28.38894], [-81.349969, 28.38903], [-81.350097, 28.389057], [-81.350388, 28.389019], [-81.350567, 28.388926], [-81.350738, 28.388734], [-81.350788, 28.388629], [-81.3508, 28.388556], [-81.350779, 28.3885], [-81.350718, 28.388438], [-81.350549, 28.388384]], [[-81.348035, 28.391646], [-81.348155, 28.39173], [-81.348262, 28.391767], [-81.34846, 28.391796], [-81.348699, 28.391789], [-81.348866, 28.391759], [-81.349463, 28.391585], [-81.349838, 28.391513], [-81.351309, 28.391392], [-81.351697, 28.391302], [-81.35202, 28.391177], [-81.352306, 28.390987], [-81.352616, 28.390567], [-81.352707, 28.390242], [-81.352672, 28.389992], [-81.35255, 28.389694], [-81.352486, 28.389622], [-81.352357, 28.38953], [-81.352147, 28.389482], [-81.351969, 28.389473], [-81.351778, 28.389511], [-81.351537, 28.389589], [-81.351107, 28.389786], [-81.35072, 28.389875], [-81.350473, 28.389897], [-81.350033, 28.389873], [-81.349534, 28.389736], [-81.348951, 28.389549], [-81.348688, 28.389496], [-81.348457, 28.389515], [-81.348283, 28.38964], [-81.348165, 28.38971], [-81.348036, 28.389862], [-81.347957, 28.39006], [-81.347904, 28.390272], [-81.347797, 28.390413], [-81.347686, 28.39046], [-81.347607, 28.390465], [-81.347439, 28.390428], [-81.347182, 28.390339], [-81.347, 28.390332], [-81.346915, 28.390355], [-81.346841, 28.390403], [-81.346791, 28.390464], [-81.346757, 28.390557], [-81.346777, 28.390795], [-81.346808, 28.3909], [-81.346935, 28.391082], [-81.34712, 28.39127], [-81.347333, 28.391422], [-81.347641, 28.391585], [-81.347839, 28.391653], [-81.348035, 28.391646]], [[-81.357003, 28.39081], [-81.356308, 28.390869], [-81.355998, 28.390933], [-81.3555, 28.391004], [-81.354457, 28.391046], [-81.354265, 28.391069], [-81.35412, 28.391149], [-81.354027, 28.391277], [-81.353999, 28.391383], [-81.353993, 28.391795], [-81.353923, 28.391927], [-81.353804, 28.392013], [-81.353718, 28.392032], [-81.353635, 28.392023], [-81.353335, 28.391888], [-81.353148, 28.391881], [-81.353009, 28.391926], [-81.352754, 28.392065], [-81.352531, 28.392138], [-81.352397, 28.392145], [-81.351987, 28.392121], [-81.35166, 28.392178], [-81.351407, 28.392332], [-81.35137, 28.392392], [-81.351377, 28.392462], [-81.35149, 28.392568], [-81.351787, 28.392701], [-81.352094, 28.392871], [-81.352257, 28.392921], [-81.35267, 28.392965], [-81.353405, 28.392928], [-81.353814, 28.392934], [-81.35423, 28.392973], [-81.354424, 28.393033], [-81.354579, 28.393154], [-81.354624, 28.393274], [-81.35458, 28.393439], [-81.354442, 28.393739], [-81.35442, 28.39389], [-81.354439, 28.394062], [-81.354523, 28.394158], [-81.354654, 28.394224], [-81.35478, 28.394243], [-81.354979, 28.394213], [-81.355116, 28.394159], [-81.355434, 28.393961], [-81.356098, 28.393419], [-81.356657, 28.392911], [-81.357339, 28.392154], [-81.357415, 28.391991], [-81.357425, 28.391904], [-81.357415, 28.391739], [-81.357345, 28.391382], [-81.357195, 28.390997], [-81.357119, 28.390902], [-81.357003, 28.39081]], [[-81.35733, 28.392838], [-81.357155, 28.392852], [-81.357008, 28.392899], [-81.356889, 28.393012], [-81.35686, 28.393117], [-81.35689, 28.393244], [-81.356968, 28.393339], [-81.35714, 28.393462], [-81.357297, 28.393505], [-81.357393, 28.393483], [-81.357481, 28.393419], [-81.357523, 28.393269], [-81.357521, 28.393147], [-81.357481, 28.392984], [-81.35744, 28.392921], [-81.35733, 28.392838]], [[-81.339613, 28.390741], [-81.339398, 28.390815], [-81.339346, 28.390869], [-81.339335, 28.390931], [-81.339374, 28.390997], [-81.339509, 28.391096], [-81.339782, 28.391225], [-81.339953, 28.391277], [-81.340183, 28.391285], [-81.340553, 28.39122], [-81.340623, 28.391192], [-81.34067, 28.391139], [-81.340634, 28.391082], [-81.340568, 28.391045], [-81.340184, 28.390927], [-81.339858, 28.390794], [-81.339613, 28.390741]], [[-81.342627, 28.390036], [-81.342558, 28.390138], [-81.342508, 28.390385], [-81.342476, 28.390461], [-81.342092, 28.390731], [-81.342062, 28.39077], [-81.342057, 28.390815], [-81.342104, 28.39087], [-81.342332, 28.390929], [-81.342528, 28.390934], [-81.342691, 28.390904], [-81.34277, 28.390846], [-81.342793, 28.390727], [-81.342718, 28.390222], [-81.342687, 28.390112], [-81.342627, 28.390036]], [[-81.3442, 28.394071], [-81.343912, 28.394109], [-81.343738, 28.394186], [-81.343664, 28.394258], [-81.343623, 28.394331], [-81.343615, 28.394379], [-81.343644, 28.394446], [-81.343746, 28.394525], [-81.343851, 28.394552], [-81.344001, 28.394538], [-81.34414, 28.39448], [-81.344236, 28.394393], [-81.344292, 28.394263], [-81.344272, 28.394162], [-81.3442, 28.394071]], [[-81.36103, 28.405649], [-81.361227, 28.40563], [-81.361476, 28.405571], [-81.36159, 28.405496], [-81.361646, 28.405388], [-81.361618, 28.405276], [-81.361447, 28.405087], [-81.361298, 28.405026], [-81.361154, 28.405031], [-81.360978, 28.40486], [-81.360804, 28.404646], [-81.360517, 28.404188], [-81.360093, 28.40387], [-81.359913, 28.403686], [-81.359821, 28.403483], [-81.359785, 28.403088], [-81.359754, 28.403058], [-81.359691, 28.403047], [-81.359562, 28.403084], [-81.359493, 28.403124], [-81.359335, 28.403253], [-81.359186, 28.403408], [-81.358836, 28.403859], [-81.358633, 28.404253], [-81.358587, 28.404402], [-81.358578, 28.404521], [-81.358618, 28.404732], [-81.358721, 28.404885], [-81.358807, 28.404944], [-81.35915, 28.405071], [-81.359238, 28.405136], [-81.359283, 28.405203], [-81.359525, 28.405854], [-81.359606, 28.406399], [-81.359656, 28.406512], [-81.359779, 28.406602], [-81.359947, 28.406637], [-81.360466, 28.406634], [-81.3607, 28.406567], [-81.360765, 28.406483], [-81.360793, 28.406301], [-81.360726, 28.405849], [-81.360837, 28.405725], [-81.36103, 28.405649]], [[-81.363295, 28.40362], [-81.363112, 28.403667], [-81.362912, 28.403852], [-81.36284, 28.403891], [-81.362594, 28.403924], [-81.362153, 28.403894], [-81.361883, 28.40396], [-81.361698, 28.404063], [-81.361479, 28.404225], [-81.361394, 28.404386], [-81.36144, 28.404543], [-81.361533, 28.404667], [-81.362038, 28.405107], [-81.362098, 28.405214], [-81.362115, 28.405328], [-81.36201, 28.406073], [-81.361898, 28.406217], [-81.361479, 28.406614], [-81.361377, 28.406811], [-81.361378, 28.406998], [-81.361438, 28.407108], [-81.36161, 28.407314], [-81.361751, 28.407569], [-81.362139, 28.408037], [-81.362287, 28.408172], [-81.362409, 28.408218], [-81.362588, 28.408209], [-81.362943, 28.408089], [-81.363109, 28.408013], [-81.363266, 28.407895], [-81.363459, 28.407658], [-81.363592, 28.407428], [-81.363879, 28.407077], [-81.364028, 28.406739], [-81.364039, 28.40652], [-81.363994, 28.406375], [-81.3637, 28.406085], [-81.363617, 28.405948], [-81.363611, 28.405415], [-81.363503, 28.404675], [-81.363526, 28.403989], [-81.363506, 28.403883], [-81.363451, 28.403751], [-81.363295, 28.40362]], [[-81.364617, 28.404679], [-81.36438, 28.404697], [-81.364204, 28.404844], [-81.364178, 28.404915], [-81.364194, 28.404982], [-81.364272, 28.405072], [-81.364349, 28.405123], [-81.364413, 28.405135], [-81.3645, 28.405113], [-81.364574, 28.405061], [-81.36463, 28.404983], [-81.364703, 28.404817], [-81.364674, 28.404742], [-81.364617, 28.404679]], [[-81.365017, 28.405517], [-81.364848, 28.405554], [-81.364717, 28.40568], [-81.364702, 28.405729], [-81.364717, 28.405795], [-81.364835, 28.405893], [-81.364923, 28.405902], [-81.365063, 28.405869], [-81.365148, 28.40581], [-81.365194, 28.405743], [-81.365181, 28.405656], [-81.365017, 28.405517]], [[-81.354075, 28.403598], [-81.35374, 28.403615], [-81.353298, 28.40372], [-81.353102, 28.40374], [-81.351153, 28.403689], [-81.351, 28.403694], [-81.350899, 28.403726], [-81.350773, 28.403848], [-81.35071, 28.40403], [-81.350768, 28.404466], [-81.3509, 28.404673], [-81.351196, 28.404938], [-81.351234, 28.405], [-81.351199, 28.405074], [-81.35107, 28.405162], [-81.351015, 28.405222], [-81.351, 28.405293], [-81.351029, 28.405359], [-81.351184, 28.405506], [-81.351341, 28.405606], [-81.351793, 28.405726], [-81.35241, 28.405771], [-81.352972, 28.40591], [-81.353289, 28.405943], [-81.353588, 28.405915], [-81.353787, 28.405839], [-81.354133, 28.405616], [-81.354495, 28.405319], [-81.354646, 28.405146], [-81.354738, 28.404935], [-81.354709, 28.404742], [-81.35454, 28.404401], [-81.354388, 28.403868], [-81.354239, 28.403691], [-81.354075, 28.403598]], [[-81.356867, 28.4034], [-81.356341, 28.403459], [-81.35611, 28.403521], [-81.355975, 28.403589], [-81.355868, 28.403671], [-81.355789, 28.403764], [-81.355754, 28.403854], [-81.355761, 28.404034], [-81.355843, 28.404205], [-81.356138, 28.404487], [-81.356379, 28.40483], [-81.356506, 28.404916], [-81.35662, 28.404952], [-81.356881, 28.404937], [-81.35709, 28.404821], [-81.357309, 28.40459], [-81.357409, 28.40434], [-81.357425, 28.403928], [-81.357395, 28.403745], [-81.357351, 28.403635], [-81.357263, 28.403538], [-81.357182, 28.403482], [-81.356867, 28.4034]], [[-81.358114, 28.40512], [-81.357839, 28.405153], [-81.357626, 28.405231], [-81.357437, 28.405428], [-81.357427, 28.405528], [-81.357474, 28.405616], [-81.357577, 28.405669], [-81.357702, 28.405679], [-81.357881, 28.405644], [-81.358048, 28.405546], [-81.358178, 28.405433], [-81.358217, 28.405344], [-81.358205, 28.405233], [-81.358114, 28.40512]], [[-81.362304, 28.408581], [-81.36217, 28.408597], [-81.362094, 28.408633], [-81.361841, 28.408859], [-81.361659, 28.409127], [-81.36157, 28.409358], [-81.361548, 28.409446], [-81.361546, 28.409571], [-81.361612, 28.409776], [-81.361718, 28.409897], [-81.361868, 28.409968], [-81.362082, 28.40998], [-81.362271, 28.409916], [-81.362478, 28.409701], [-81.362556, 28.409542], [-81.362626, 28.409237], [-81.362619, 28.409022], [-81.362579, 28.408811], [-81.362497, 28.408702], [-81.362304, 28.408581]], [[-81.367046, 28.416319], [-81.366792, 28.416338], [-81.366748, 28.416379], [-81.366758, 28.416427], [-81.366885, 28.416573], [-81.367351, 28.416991], [-81.36744, 28.417049], [-81.367527, 28.417054], [-81.367779, 28.416985], [-81.368039, 28.416883], [-81.368137, 28.4168], [-81.368126, 28.416738], [-81.368032, 28.41667], [-81.367046, 28.416319]], [[-81.362719, 28.401195], [-81.362551, 28.40124], [-81.362484, 28.40128], [-81.362373, 28.401402], [-81.362334, 28.401491], [-81.362341, 28.401624], [-81.362398, 28.401788], [-81.362511, 28.40189], [-81.362594, 28.401913], [-81.362722, 28.401903], [-81.36281, 28.401867], [-81.362891, 28.401792], [-81.362928, 28.401708], [-81.362935, 28.401534], [-81.362892, 28.401388], [-81.362831, 28.401286], [-81.362719, 28.401195]], [[-81.363787, 28.396829], [-81.363594, 28.396908], [-81.363293, 28.397199], [-81.36313, 28.397409], [-81.362924, 28.397742], [-81.362854, 28.397943], [-81.362855, 28.398064], [-81.362918, 28.398188], [-81.363041, 28.398271], [-81.363198, 28.398293], [-81.36344, 28.398235], [-81.363595, 28.398129], [-81.363695, 28.397984], [-81.363876, 28.397445], [-81.363921, 28.397184], [-81.363882, 28.39695], [-81.363787, 28.396829]], [[-81.332043, 28.397376], [-81.331737, 28.397272], [-81.331487, 28.397234], [-81.33105, 28.397229], [-81.330518, 28.397256], [-81.329156, 28.397438], [-81.32864, 28.397569], [-81.328319, 28.397711], [-81.327716, 28.398057], [-81.327275, 28.398377], [-81.327094, 28.398546], [-81.326776, 28.398898], [-81.325866, 28.399757], [-81.325605, 28.399951], [-81.325269, 28.40024], [-81.324268, 28.400973], [-81.324065, 28.401204], [-81.323841, 28.401601], [-81.323688, 28.40173], [-81.323568, 28.401784], [-81.323322, 28.40183], [-81.322541, 28.401877], [-81.321866, 28.40207], [-81.321616, 28.402108], [-81.320847, 28.402068], [-81.320005, 28.401884], [-81.319788, 28.401862], [-81.319548, 28.401895], [-81.319121, 28.402023], [-81.318734, 28.402072], [-81.318632, 28.402114], [-81.318564, 28.402175], [-81.318527, 28.402254], [-81.318527, 28.402331], [-81.318552, 28.402398], [-81.318696, 28.402545], [-81.319044, 28.402777], [-81.319193, 28.402897], [-81.319254, 28.40296], [-81.319304, 28.403095], [-81.31927, 28.403201], [-81.318984, 28.403412], [-81.318873, 28.40355], [-81.318848, 28.403863], [-81.318927, 28.404096], [-81.3191, 28.404234], [-81.319322, 28.404306], [-81.319532, 28.404292], [-81.319723, 28.404217], [-81.319796, 28.404133], [-81.319827, 28.404021], [-81.319794, 28.403612], [-81.319812, 28.403352], [-81.319851, 28.403286], [-81.319914, 28.403225], [-81.320041, 28.403169], [-81.320204, 28.403179], [-81.320448, 28.403286], [-81.320582, 28.403322], [-81.321045, 28.403381], [-81.321142, 28.403444], [-81.321164, 28.403485], [-81.321163, 28.403553], [-81.321102, 28.403629], [-81.320962, 28.403704], [-81.320657, 28.403799], [-81.320504, 28.403894], [-81.320486, 28.403929], [-81.320504, 28.403977], [-81.320679, 28.404038], [-81.321437, 28.403992], [-81.32248, 28.403858], [-81.323018, 28.403718], [-81.323344, 28.403594], [-81.323455, 28.403517], [-81.323619, 28.403364], [-81.324079, 28.402846], [-81.324378, 28.402413], [-81.324544, 28.401954], [-81.32481, 28.401464], [-81.325941, 28.400175], [-81.326289, 28.400195], [-81.327078, 28.40043], [-81.327324, 28.400468], [-81.327443, 28.400425], [-81.327618, 28.400187], [-81.327861, 28.400014], [-81.328156, 28.39992], [-81.328516, 28.39987], [-81.329478, 28.399814], [-81.329942, 28.399814], [-81.330578, 28.399885], [-81.330961, 28.399982], [-81.331257, 28.40002], [-81.331568, 28.400011], [-81.332202, 28.399915], [-81.332412, 28.399862], [-81.332647, 28.399769], [-81.332818, 28.399659], [-81.333015, 28.399459], [-81.333099, 28.399301], [-81.333173, 28.398958], [-81.333139, 28.398757], [-81.333066, 28.398611], [-81.33306, 28.398464], [-81.332986, 28.398265], [-81.332897, 28.398119], [-81.332663, 28.39782], [-81.332461, 28.397588], [-81.332279, 28.397426], [-81.332163, 28.397375], [-81.332043, 28.397376]], [[-81.328158, 28.401036], [-81.327993, 28.401396], [-81.327824, 28.401565], [-81.327586, 28.401662], [-81.327087, 28.401789], [-81.326827, 28.401947], [-81.326731, 28.402027], [-81.32659, 28.402222], [-81.326529, 28.402425], [-81.326551, 28.402544], [-81.326649, 28.402641], [-81.327025, 28.402803], [-81.327399, 28.402914], [-81.327763, 28.402926], [-81.327979, 28.402876], [-81.328128, 28.402811], [-81.328598, 28.402448], [-81.328764, 28.40235], [-81.328897, 28.402325], [-81.329332, 28.402346], [-81.329458, 28.402321], [-81.329549, 28.40228], [-81.329672, 28.40215], [-81.329804, 28.401942], [-81.329937, 28.401793], [-81.33052, 28.401279], [-81.330646, 28.401045], [-81.33067, 28.40083], [-81.330646, 28.400713], [-81.330577, 28.400601], [-81.330442, 28.400469], [-81.330288, 28.400398], [-81.330088, 28.400365], [-81.329952, 28.400373], [-81.329681, 28.400453], [-81.329504, 28.400529], [-81.329321, 28.400476], [-81.328946, 28.400444], [-81.328806, 28.40045], [-81.328588, 28.400506], [-81.328435, 28.400595], [-81.328264, 28.400757], [-81.328158, 28.401036]], [[-81.330352, 28.402536], [-81.330124, 28.402564], [-81.329268, 28.402773], [-81.329033, 28.402846], [-81.328726, 28.402904], [-81.328327, 28.403044], [-81.328134, 28.403132], [-81.327798, 28.403365], [-81.327734, 28.403453], [-81.32774, 28.403561], [-81.327798, 28.403626], [-81.327924, 28.403681], [-81.328459, 28.403778], [-81.329074, 28.403803], [-81.329379, 28.403754], [-81.329554, 28.403706], [-81.329763, 28.403591], [-81.329971, 28.40339], [-81.330188, 28.402959], [-81.330348, 28.402698], [-81.33037, 28.402609], [-81.330352, 28.402536]], [[-81.326343, 28.406394], [-81.326382, 28.405496], [-81.326318, 28.404476], [-81.326241, 28.404005], [-81.326197, 28.403913], [-81.326114, 28.40382], [-81.325969, 28.403708], [-81.325628, 28.403497], [-81.325449, 28.403303], [-81.325334, 28.403], [-81.325353, 28.402634], [-81.325315, 28.402573], [-81.325277, 28.402563], [-81.325047, 28.402633], [-81.32485, 28.402775], [-81.324837, 28.402872], [-81.324905, 28.403096], [-81.324882, 28.403329], [-81.32491, 28.403398], [-81.325033, 28.403545], [-81.325536, 28.404013], [-81.325702, 28.404227], [-81.325714, 28.404375], [-81.325691, 28.404533], [-81.325407, 28.404961], [-81.325359, 28.405115], [-81.32538, 28.405184], [-81.325457, 28.405261], [-81.325525, 28.4053], [-81.325927, 28.405358], [-81.325968, 28.405393], [-81.325977, 28.405442], [-81.325931, 28.405506], [-81.325732, 28.4056], [-81.325047, 28.405732], [-81.324897, 28.405504], [-81.324769, 28.405411], [-81.324689, 28.40539], [-81.324389, 28.405396], [-81.324159, 28.405425], [-81.323751, 28.405556], [-81.323592, 28.40548], [-81.323221, 28.405421], [-81.323049, 28.405346], [-81.322964, 28.405256], [-81.322926, 28.405182], [-81.322923, 28.404842], [-81.322867, 28.404634], [-81.322778, 28.404548], [-81.322682, 28.404508], [-81.322557, 28.404515], [-81.322464, 28.404573], [-81.322365, 28.404748], [-81.322342, 28.404976], [-81.322389, 28.40526], [-81.322451, 28.4054], [-81.322535, 28.405519], [-81.32271, 28.405706], [-81.322907, 28.405823], [-81.323313, 28.405915], [-81.323552, 28.40593], [-81.323664, 28.406077], [-81.323801, 28.406161], [-81.324057, 28.406224], [-81.324375, 28.406262], [-81.324403, 28.40641], [-81.322957, 28.406435], [-81.319944, 28.40639], [-81.319232, 28.406245], [-81.318031, 28.405854], [-81.317909, 28.405844], [-81.317848, 28.405891], [-81.317874, 28.405959], [-81.317978, 28.406035], [-81.318273, 28.406179], [-81.318561, 28.406294], [-81.31949, 28.406553], [-81.319733, 28.406591], [-81.321114, 28.406651], [-81.32223, 28.40664], [-81.323973, 28.406676], [-81.324335, 28.406658], [-81.32483, 28.406664], [-81.324819, 28.406946], [-81.32478, 28.407008], [-81.324728, 28.407019], [-81.324499, 28.406975], [-81.324334, 28.406985], [-81.324084, 28.407129], [-81.323902, 28.407189], [-81.32345, 28.407108], [-81.323254, 28.407116], [-81.323147, 28.40717], [-81.323057, 28.40729], [-81.323049, 28.407364], [-81.323086, 28.40749], [-81.32332, 28.407712], [-81.323425, 28.407754], [-81.323614, 28.407796], [-81.323899, 28.407796], [-81.324291, 28.407767], [-81.324593, 28.407703], [-81.324755, 28.407649], [-81.324859, 28.40759], [-81.325325, 28.407158], [-81.325507, 28.407058], [-81.325891, 28.406898], [-81.326037, 28.406807], [-81.326169, 28.406681], [-81.326459, 28.406642], [-81.327884, 28.406676], [-81.327967, 28.406658], [-81.328015, 28.406606], [-81.32802, 28.406567], [-81.327981, 28.406496], [-81.327843, 28.406444], [-81.326567, 28.406438], [-81.326432, 28.406427], [-81.326343, 28.406394]], [[-81.331451, 28.405006], [-81.331265, 28.405024], [-81.331173, 28.405054], [-81.330321, 28.40557], [-81.328982, 28.40645], [-81.328869, 28.406554], [-81.328858, 28.406616], [-81.328876, 28.406639], [-81.32898, 28.406666], [-81.329102, 28.40663], [-81.329714, 28.406271], [-81.330612, 28.405679], [-81.331361, 28.40522], [-81.331473, 28.405108], [-81.331478, 28.405063], [-81.331451, 28.405006]], [[-81.317668, 28.401033], [-81.317563, 28.401092], [-81.3174, 28.401294], [-81.316615, 28.402612], [-81.316316, 28.403307], [-81.31631, 28.403377], [-81.316352, 28.403437], [-81.316385, 28.403449], [-81.316436, 28.403432], [-81.316576, 28.403296], [-81.316998, 28.402554], [-81.317654, 28.401467], [-81.317756, 28.40117], [-81.317725, 28.401096], [-81.317668, 28.401033]], [[-81.33174, 28.391774], [-81.331602, 28.391846], [-81.331553, 28.391924], [-81.331565, 28.392028], [-81.331626, 28.39217], [-81.331749, 28.392322], [-81.331936, 28.392449], [-81.332048, 28.392491], [-81.332165, 28.392484], [-81.332231, 28.392436], [-81.332246, 28.392382], [-81.332184, 28.392155], [-81.332072, 28.391993], [-81.331946, 28.391873], [-81.33187, 28.391823], [-81.33174, 28.391774]], [[-81.309372, 28.403919], [-81.309076, 28.403941], [-81.308825, 28.404014], [-81.308655, 28.404095], [-81.30834, 28.404368], [-81.308224, 28.404498], [-81.308118, 28.404668], [-81.3079, 28.405077], [-81.307852, 28.405305], [-81.307901, 28.405409], [-81.308034, 28.405564], [-81.308324, 28.405758], [-81.308531, 28.405821], [-81.308742, 28.40579], [-81.308958, 28.40568], [-81.309156, 28.405538], [-81.309292, 28.40551], [-81.309574, 28.405529], [-81.310013, 28.405727], [-81.310164, 28.405743], [-81.31039, 28.405686], [-81.310777, 28.405533], [-81.311106, 28.405496], [-81.31137, 28.405442], [-81.311583, 28.405339], [-81.311727, 28.40521], [-81.31178, 28.405075], [-81.311753, 28.404936], [-81.311637, 28.404791], [-81.311454, 28.404644], [-81.31122, 28.404561], [-81.31053, 28.404405], [-81.310077, 28.404276], [-81.309955, 28.404219], [-81.309643, 28.404011], [-81.309372, 28.403919]], [[-81.310942, 28.403545], [-81.310501, 28.403595], [-81.310274, 28.403665], [-81.310126, 28.403811], [-81.31011, 28.403875], [-81.310134, 28.403946], [-81.310191, 28.404004], [-81.310284, 28.404043], [-81.3105, 28.404068], [-81.31076, 28.404031], [-81.311008, 28.403935], [-81.311131, 28.403837], [-81.311163, 28.403758], [-81.311161, 28.403701], [-81.311092, 28.40361], [-81.310942, 28.403545]], [[-81.312485, 28.400038], [-81.312179, 28.400045], [-81.311896, 28.400072], [-81.311723, 28.400114], [-81.311581, 28.400193], [-81.311396, 28.400348], [-81.311257, 28.40051], [-81.310999, 28.400987], [-81.310881, 28.401119], [-81.310714, 28.401219], [-81.310384, 28.401331], [-81.310252, 28.401413], [-81.310127, 28.401519], [-81.310037, 28.401649], [-81.310007, 28.401725], [-81.310014, 28.401783], [-81.310061, 28.401852], [-81.310198, 28.401963], [-81.310478, 28.402086], [-81.310785, 28.402136], [-81.311254, 28.402141], [-81.311424, 28.402112], [-81.31157, 28.402066], [-81.311954, 28.401867], [-81.312373, 28.401842], [-81.312583, 28.401796], [-81.312954, 28.401644], [-81.313358, 28.401417], [-81.313448, 28.401327], [-81.313494, 28.401253], [-81.313571, 28.400995], [-81.313549, 28.40081], [-81.313471, 28.400628], [-81.313296, 28.400372], [-81.313075, 28.400188], [-81.31278, 28.400095], [-81.312485, 28.400038]], [[-81.30902, 28.398448], [-81.308481, 28.398519], [-81.308048, 28.398657], [-81.307794, 28.398779], [-81.307605, 28.398978], [-81.307434, 28.39932], [-81.307316, 28.399463], [-81.307069, 28.399632], [-81.306739, 28.399775], [-81.306587, 28.399908], [-81.306552, 28.399971], [-81.306552, 28.400023], [-81.306664, 28.400224], [-81.306761, 28.400293], [-81.30688, 28.400338], [-81.307178, 28.400364], [-81.307723, 28.400311], [-81.307924, 28.400247], [-81.308048, 28.400176], [-81.308259, 28.39996], [-81.308637, 28.399318], [-81.308876, 28.399044], [-81.309025, 28.398823], [-81.3091, 28.398593], [-81.309087, 28.398529], [-81.30902, 28.398448]], [[-81.309947, 28.406676], [-81.309637, 28.406687], [-81.309371, 28.406738], [-81.309197, 28.406808], [-81.308735, 28.40706], [-81.308559, 28.407206], [-81.308499, 28.40729], [-81.308461, 28.407481], [-81.308497, 28.407593], [-81.308622, 28.407686], [-81.308777, 28.40775], [-81.309032, 28.407794], [-81.309277, 28.407798], [-81.309697, 28.407761], [-81.309895, 28.40772], [-81.310024, 28.407679], [-81.310324, 28.407534], [-81.310479, 28.40739], [-81.310574, 28.407234], [-81.310599, 28.407105], [-81.310562, 28.406975], [-81.310461, 28.406856], [-81.310347, 28.406785], [-81.309947, 28.406676]], [[-81.305537, 28.40705], [-81.305389, 28.407067], [-81.305293, 28.407123], [-81.305102, 28.407359], [-81.30491, 28.407655], [-81.304785, 28.40801], [-81.304756, 28.408192], [-81.304756, 28.40846], [-81.304826, 28.408698], [-81.304974, 28.408901], [-81.305204, 28.409099], [-81.30544, 28.409268], [-81.305713, 28.409382], [-81.305926, 28.409442], [-81.30613, 28.40945], [-81.30648, 28.409399], [-81.306672, 28.40934], [-81.306906, 28.409218], [-81.307032, 28.409131], [-81.307104, 28.409041], [-81.307175, 28.408895], [-81.307247, 28.408522], [-81.307183, 28.408238], [-81.307106, 28.408038], [-81.306923, 28.407735], [-81.306748, 28.407569], [-81.306478, 28.407445], [-81.305955, 28.407302], [-81.305537, 28.40705]], [[-81.315256, 28.408884], [-81.315067, 28.408933], [-81.314893, 28.409072], [-81.314832, 28.409162], [-81.314792, 28.409332], [-81.314812, 28.409667], [-81.314916, 28.410018], [-81.314921, 28.410523], [-81.314972, 28.410602], [-81.31505, 28.410633], [-81.315177, 28.410606], [-81.315318, 28.410477], [-81.315667, 28.409955], [-81.315717, 28.40985], [-81.315762, 28.409683], [-81.315728, 28.409381], [-81.315625, 28.409157], [-81.315451, 28.408977], [-81.315256, 28.408884]], [[-81.31122, 28.410117], [-81.311296, 28.410252], [-81.311418, 28.411053], [-81.311527, 28.411526], [-81.311582, 28.411624], [-81.311623, 28.411654], [-81.311684, 28.411667], [-81.311764, 28.411643], [-81.311875, 28.41156], [-81.313007, 28.410474], [-81.313247, 28.410175], [-81.313444, 28.409771], [-81.313505, 28.409429], [-81.313464, 28.409215], [-81.313331, 28.409019], [-81.313004, 28.408748], [-81.312902, 28.408707], [-81.312681, 28.408664], [-81.312174, 28.408625], [-81.3119, 28.408667], [-81.311642, 28.408816], [-81.311513, 28.408666], [-81.311407, 28.408598], [-81.310858, 28.408462], [-81.31073, 28.408452], [-81.310654, 28.408473], [-81.310537, 28.408568], [-81.310495, 28.40863], [-81.310487, 28.408793], [-81.310559, 28.409071], [-81.31056, 28.409249], [-81.310521, 28.40933], [-81.310364, 28.409477], [-81.310336, 28.409563], [-81.310481, 28.40983], [-81.310502, 28.409919], [-81.31041, 28.410326], [-81.310435, 28.410509], [-81.310491, 28.410558], [-81.310566, 28.410574], [-81.310689, 28.410564], [-81.310771, 28.410533], [-81.310966, 28.410396], [-81.31122, 28.410117]], [[-81.306261, 28.410645], [-81.305952, 28.410769], [-81.305802, 28.410911], [-81.305762, 28.411009], [-81.30575, 28.411128], [-81.305812, 28.411304], [-81.305882, 28.411372], [-81.305993, 28.411441], [-81.306263, 28.411529], [-81.306546, 28.411543], [-81.306779, 28.411485], [-81.306903, 28.411405], [-81.306972, 28.411282], [-81.306968, 28.41111], [-81.306888, 28.410938], [-81.306801, 28.410843], [-81.306662, 28.410744], [-81.306528, 28.410699], [-81.306261, 28.410645]], [[-81.31506, 28.414045], [-81.315271, 28.414063], [-81.315546, 28.41404], [-81.315675, 28.413976], [-81.315713, 28.413887], [-81.315641, 28.413764], [-81.31545, 28.41366], [-81.315242, 28.413636], [-81.315009, 28.41367], [-81.314887, 28.413626], [-81.314617, 28.413609], [-81.314139, 28.413676], [-81.314041, 28.41372], [-81.313921, 28.41383], [-81.313887, 28.413915], [-81.313886, 28.413984], [-81.313952, 28.414051], [-81.314071, 28.414079], [-81.31506, 28.414045]], [[-81.387699, 28.420584], [-81.387425, 28.420639], [-81.38732, 28.420676], [-81.387202, 28.420766], [-81.38719, 28.420795], [-81.38721, 28.420866], [-81.387329, 28.420977], [-81.387523, 28.421117], [-81.38777, 28.421228], [-81.38809, 28.421275], [-81.38821, 28.421253], [-81.388302, 28.421207], [-81.388343, 28.421153], [-81.388347, 28.421108], [-81.388317, 28.421016], [-81.388257, 28.420933], [-81.387943, 28.420662], [-81.387699, 28.420584]], [[-81.387172, 28.423098], [-81.386959, 28.423136], [-81.386825, 28.423214], [-81.386738, 28.423355], [-81.386743, 28.423497], [-81.386818, 28.423629], [-81.387074, 28.423903], [-81.387252, 28.424008], [-81.387358, 28.424035], [-81.387445, 28.424027], [-81.387557, 28.423975], [-81.387678, 28.423835], [-81.38769, 28.423757], [-81.387669, 28.423613], [-81.387605, 28.423453], [-81.387478, 28.423301], [-81.387319, 28.423168], [-81.387172, 28.423098]], [[-81.386172, 28.424574], [-81.385995, 28.424644], [-81.385776, 28.42481], [-81.385679, 28.42498], [-81.385646, 28.425164], [-81.385653, 28.425343], [-81.385743, 28.425483], [-81.385882, 28.425595], [-81.386015, 28.425633], [-81.38616, 28.425611], [-81.386276, 28.42552], [-81.386319, 28.425423], [-81.386369, 28.425194], [-81.386389, 28.424878], [-81.386373, 28.424768], [-81.386281, 28.424642], [-81.386172, 28.424574]], [[-81.391222, 28.431551], [-81.391319, 28.4315], [-81.391423, 28.431407], [-81.391596, 28.431173], [-81.391642, 28.430995], [-81.391621, 28.430807], [-81.39146, 28.43047], [-81.391164, 28.430115], [-81.391057, 28.42996], [-81.390953, 28.429731], [-81.390847, 28.429232], [-81.390766, 28.429107], [-81.390641, 28.42901], [-81.390444, 28.428932], [-81.390132, 28.428877], [-81.389743, 28.428875], [-81.389475, 28.428949], [-81.389283, 28.429075], [-81.38909, 28.429257], [-81.389029, 28.429361], [-81.389011, 28.429525], [-81.389019, 28.429632], [-81.389078, 28.429776], [-81.389441, 28.43016], [-81.389542, 28.43022], [-81.389653, 28.430248], [-81.389751, 28.430332], [-81.390345, 28.430664], [-81.39046, 28.430753], [-81.390515, 28.430832], [-81.390538, 28.430997], [-81.390485, 28.431172], [-81.39037, 28.431322], [-81.390116, 28.431566], [-81.390065, 28.431634], [-81.390037, 28.431782], [-81.390065, 28.431853], [-81.390119, 28.431911], [-81.390208, 28.431961], [-81.390289, 28.431979], [-81.390505, 28.431939], [-81.390959, 28.431738], [-81.391222, 28.431551]], [[-81.392072, 28.429435], [-81.39178, 28.429449], [-81.391582, 28.429494], [-81.391346, 28.429672], [-81.391318, 28.429721], [-81.391333, 28.429788], [-81.391472, 28.429933], [-81.391748, 28.430142], [-81.391903, 28.430215], [-81.392102, 28.430266], [-81.392259, 28.430281], [-81.392435, 28.430243], [-81.392617, 28.430164], [-81.392796, 28.430039], [-81.392911, 28.429902], [-81.392938, 28.42981], [-81.392916, 28.429664], [-81.392838, 28.429572], [-81.392765, 28.429526], [-81.392554, 28.429474], [-81.392072, 28.429435]], [[-81.390051, 28.430689], [-81.389859, 28.430746], [-81.389666, 28.430898], [-81.389477, 28.431229], [-81.389483, 28.431306], [-81.389541, 28.431359], [-81.389655, 28.431376], [-81.389773, 28.431338], [-81.389977, 28.4312], [-81.390091, 28.431096], [-81.390155, 28.430984], [-81.39018, 28.430877], [-81.390161, 28.430807], [-81.390051, 28.430689]], [[-81.391618, 28.432831], [-81.391424, 28.432866], [-81.391313, 28.432956], [-81.391264, 28.433022], [-81.391181, 28.433594], [-81.390991, 28.433955], [-81.39099, 28.434022], [-81.391032, 28.434092], [-81.391232, 28.4342], [-81.391354, 28.434209], [-81.39152, 28.434182], [-81.391867, 28.434059], [-81.392116, 28.433947], [-81.39233, 28.433832], [-81.392444, 28.43375], [-81.392552, 28.433647], [-81.392644, 28.433506], [-81.392644, 28.433207], [-81.3926, 28.433093], [-81.392524, 28.433008], [-81.392376, 28.432953], [-81.392043, 28.43295], [-81.39185, 28.432921], [-81.391723, 28.432887], [-81.391618, 28.432831]], [[-81.392435, 28.436361], [-81.391773, 28.436374], [-81.39154, 28.4364], [-81.391459, 28.436425], [-81.391403, 28.436489], [-81.391391, 28.436545], [-81.391388, 28.436825], [-81.39141, 28.436937], [-81.391453, 28.436978], [-81.391548, 28.436997], [-81.392349, 28.436962], [-81.392443, 28.436938], [-81.392483, 28.436835], [-81.392483, 28.436516], [-81.392472, 28.436436], [-81.392435, 28.436361]], [[-81.388073, 28.436487], [-81.387913, 28.436513], [-81.387864, 28.436572], [-81.387852, 28.436627], [-81.387853, 28.43691], [-81.387908, 28.437107], [-81.387831, 28.437383], [-81.387831, 28.437737], [-81.387873, 28.437842], [-81.387915, 28.437872], [-81.387992, 28.437891], [-81.388137, 28.437862], [-81.38818, 28.437805], [-81.388193, 28.437731], [-81.388178, 28.436894], [-81.388142, 28.436614], [-81.388073, 28.436487]], [[-81.391312, 28.437154], [-81.39095, 28.437171], [-81.39082, 28.437251], [-81.390699, 28.437427], [-81.390663, 28.437543], [-81.390644, 28.437773], [-81.390661, 28.438244], [-81.390691, 28.43839], [-81.390755, 28.438488], [-81.390874, 28.438545], [-81.391127, 28.438561], [-81.39196, 28.438511], [-81.392271, 28.43851], [-81.392557, 28.438484], [-81.392661, 28.438451], [-81.392712, 28.43839], [-81.392723, 28.438336], [-81.392679, 28.438163], [-81.392648, 28.43792], [-81.392628, 28.437318], [-81.392592, 28.437237], [-81.39251, 28.437213], [-81.391808, 28.4372], [-81.391312, 28.437154]], [[-81.387535, 28.445397], [-81.387403, 28.445434], [-81.38736, 28.445506], [-81.387319, 28.446243], [-81.387348, 28.446359], [-81.387419, 28.446438], [-81.387508, 28.446467], [-81.387614, 28.446477], [-81.388473, 28.44647], [-81.389151, 28.446436], [-81.389237, 28.446413], [-81.389283, 28.446382], [-81.389297, 28.446289], [-81.389266, 28.446243], [-81.389186, 28.446197], [-81.388246, 28.445999], [-81.387989, 28.445923], [-81.387793, 28.445841], [-81.387703, 28.445747], [-81.38763, 28.44552], [-81.387535, 28.445397]], [[-81.387881, 28.447891], [-81.387692, 28.447937], [-81.387582, 28.448011], [-81.387526, 28.448124], [-81.387548, 28.448273], [-81.38762, 28.448388], [-81.387745, 28.448468], [-81.387986, 28.44853], [-81.388167, 28.448507], [-81.388238, 28.448455], [-81.388268, 28.448383], [-81.388251, 28.448176], [-81.388196, 28.44809], [-81.388077, 28.447983], [-81.387881, 28.447891]], [[-81.382608, 28.43992], [-81.382293, 28.43995], [-81.382114, 28.440005], [-81.381943, 28.440161], [-81.38192, 28.440313], [-81.382017, 28.440517], [-81.382529, 28.441157], [-81.382682, 28.441451], [-81.382879, 28.441743], [-81.383213, 28.442084], [-81.383636, 28.442388], [-81.383891, 28.442483], [-81.384219, 28.442565], [-81.384441, 28.442577], [-81.384557, 28.442541], [-81.384611, 28.442491], [-81.384638, 28.442424], [-81.38464, 28.442351], [-81.384608, 28.442253], [-81.38454, 28.44215], [-81.384204, 28.441834], [-81.383921, 28.441455], [-81.383763, 28.441082], [-81.383676, 28.440547], [-81.383583, 28.440356], [-81.383398, 28.44017], [-81.383218, 28.440068], [-81.382608, 28.43992]], [[-81.379296, 28.43782], [-81.379008, 28.437856], [-81.378759, 28.438064], [-81.378717, 28.438134], [-81.378703, 28.438213], [-81.378751, 28.438453], [-81.379087, 28.438883], [-81.379233, 28.43914], [-81.379378, 28.439472], [-81.379501, 28.439644], [-81.379577, 28.439688], [-81.379703, 28.439729], [-81.380038, 28.439791], [-81.380155, 28.439788], [-81.380268, 28.439732], [-81.380387, 28.439623], [-81.380421, 28.439556], [-81.380434, 28.439413], [-81.380386, 28.439214], [-81.380182, 28.438888], [-81.380049, 28.438365], [-81.379933, 28.438182], [-81.3797, 28.437993], [-81.379557, 28.43791], [-81.379296, 28.43782]], [[-81.382268, 28.434603], [-81.381971, 28.434662], [-81.381667, 28.4348], [-81.381394, 28.435029], [-81.381308, 28.435177], [-81.381287, 28.435305], [-81.38135, 28.435429], [-81.381738, 28.435794], [-81.382005, 28.436079], [-81.382104, 28.436235], [-81.382205, 28.436465], [-81.382296, 28.436915], [-81.382136, 28.437673], [-81.382103, 28.437974], [-81.382115, 28.438191], [-81.382165, 28.43837], [-81.382261, 28.438478], [-81.382408, 28.438555], [-81.382592, 28.438603], [-81.382909, 28.438606], [-81.383078, 28.438551], [-81.3833, 28.43837], [-81.383402, 28.438237], [-81.38369, 28.437752], [-81.383785, 28.437509], [-81.383869, 28.437206], [-81.383924, 28.436828], [-81.38392, 28.436645], [-81.383836, 28.436293], [-81.383619, 28.4358], [-81.38348, 28.435578], [-81.383232, 28.435276], [-81.383, 28.43488], [-81.382877, 28.434764], [-81.382744, 28.434704], [-81.382577, 28.434652], [-81.382268, 28.434603]], [[-81.379624, 28.435438], [-81.379445, 28.435456], [-81.379334, 28.435514], [-81.37924, 28.435608], [-81.379156, 28.435785], [-81.379131, 28.43596], [-81.379176, 28.436197], [-81.379236, 28.43629], [-81.379329, 28.436344], [-81.379597, 28.436321], [-81.379699, 28.436292], [-81.379799, 28.436216], [-81.379847, 28.436129], [-81.37987, 28.435927], [-81.379829, 28.435693], [-81.379774, 28.435591], [-81.379624, 28.435438]], [[-81.385975, 28.438998], [-81.385862, 28.43901], [-81.385662, 28.439085], [-81.385388, 28.439149], [-81.385331, 28.439214], [-81.385296, 28.439298], [-81.385272, 28.439461], [-81.385301, 28.439517], [-81.385411, 28.43954], [-81.385559, 28.439503], [-81.386016, 28.439238], [-81.386098, 28.43916], [-81.386117, 28.439101], [-81.386078, 28.439047], [-81.385975, 28.438998]], [[-81.384034, 28.451987], [-81.384099, 28.452047], [-81.38415, 28.45207], [-81.38448, 28.452134], [-81.384667, 28.452132], [-81.384912, 28.452091], [-81.385066, 28.452041], [-81.385216, 28.451946], [-81.385276, 28.451867], [-81.385316, 28.45173], [-81.385297, 28.451665], [-81.385217, 28.451603], [-81.385097, 28.451566], [-81.384957, 28.451551], [-81.384784, 28.451567], [-81.384334, 28.451701], [-81.384247, 28.451618], [-81.384135, 28.451556], [-81.384011, 28.451522], [-81.383843, 28.451514], [-81.383104, 28.451621], [-81.382945, 28.451722], [-81.382883, 28.451808], [-81.382905, 28.451896], [-81.382995, 28.451975], [-81.383091, 28.452022], [-81.383258, 28.45206], [-81.383642, 28.452066], [-81.383879, 28.452031], [-81.384034, 28.451987]], [[-81.37342, 28.455294], [-81.373209, 28.45533], [-81.373075, 28.455394], [-81.372838, 28.455631], [-81.37278, 28.455771], [-81.372779, 28.455877], [-81.372871, 28.456001], [-81.373002, 28.456079], [-81.373233, 28.456165], [-81.373408, 28.456168], [-81.373531, 28.456138], [-81.373649, 28.456049], [-81.373696, 28.455945], [-81.373714, 28.45568], [-81.373672, 28.455508], [-81.373554, 28.455364], [-81.37342, 28.455294]], [[-81.375003, 28.461838], [-81.375443, 28.460766], [-81.375498, 28.460522], [-81.375515, 28.460319], [-81.37548, 28.460142], [-81.375341, 28.45987], [-81.375169, 28.459688], [-81.375003, 28.459591], [-81.374301, 28.45946], [-81.373601, 28.459406], [-81.373038, 28.459287], [-81.372809, 28.459198], [-81.372648, 28.459072], [-81.372232, 28.458619], [-81.371941, 28.458074], [-81.371672, 28.457758], [-81.371438, 28.457576], [-81.371166, 28.457415], [-81.371045, 28.457366], [-81.37083, 28.457322], [-81.370568, 28.457292], [-81.37039, 28.457311], [-81.370182, 28.457377], [-81.369973, 28.457507], [-81.369619, 28.457805], [-81.369391, 28.458053], [-81.369238, 28.458304], [-81.369095, 28.458661], [-81.369093, 28.45888], [-81.369158, 28.459086], [-81.369405, 28.459436], [-81.369833, 28.459942], [-81.369927, 28.460105], [-81.370099, 28.460589], [-81.370188, 28.461016], [-81.370346, 28.461302], [-81.37046, 28.461441], [-81.370648, 28.461597], [-81.371456, 28.462095], [-81.372071, 28.462327], [-81.37303, 28.46274], [-81.373796, 28.463109], [-81.374032, 28.46315], [-81.374254, 28.46308], [-81.374438, 28.462961], [-81.374513, 28.462883], [-81.374766, 28.462466], [-81.374915, 28.462037], [-81.375003, 28.461838]], [[-81.375615, 28.461945], [-81.375354, 28.46197], [-81.375255, 28.462007], [-81.375137, 28.462101], [-81.375094, 28.462225], [-81.375138, 28.462606], [-81.375257, 28.462965], [-81.375369, 28.463095], [-81.375524, 28.463141], [-81.375608, 28.463128], [-81.375728, 28.463081], [-81.375781, 28.463029], [-81.375803, 28.462959], [-81.375791, 28.462492], [-81.375755, 28.462217], [-81.375711, 28.462062], [-81.375615, 28.461945]], [[-81.395886, 28.429022], [-81.395648, 28.429041], [-81.395489, 28.429161], [-81.395242, 28.429578], [-81.395224, 28.429632], [-81.395234, 28.429677], [-81.395296, 28.429707], [-81.395492, 28.429658], [-81.395891, 28.429437], [-81.396029, 28.429325], [-81.396069, 28.429262], [-81.396064, 28.429163], [-81.395999, 28.429086], [-81.395886, 28.429022]], [[-81.398183, 28.426224], [-81.398337, 28.426144], [-81.398485, 28.42612], [-81.398654, 28.426138], [-81.39892, 28.426225], [-81.399039, 28.426227], [-81.399196, 28.426163], [-81.39931, 28.426064], [-81.399349, 28.425863], [-81.399305, 28.425647], [-81.399021, 28.425197], [-81.398833, 28.425011], [-81.39879, 28.424863], [-81.398605, 28.424709], [-81.398444, 28.424668], [-81.398243, 28.424688], [-81.39801, 28.424844], [-81.397947, 28.424963], [-81.39795, 28.425051], [-81.397978, 28.425133], [-81.39816, 28.425298], [-81.398193, 28.425484], [-81.398183, 28.425599], [-81.39811, 28.425815], [-81.39801, 28.425937], [-81.397763, 28.425904], [-81.397681, 28.425921], [-81.397612, 28.425958], [-81.397492, 28.426066], [-81.397451, 28.426132], [-81.397424, 28.426234], [-81.397439, 28.426305], [-81.397624, 28.426481], [-81.397695, 28.42651], [-81.397779, 28.426517], [-81.397902, 28.426482], [-81.398021, 28.426415], [-81.398183, 28.426224]], [[-81.402246, 28.426804], [-81.402038, 28.426817], [-81.401712, 28.426916], [-81.401451, 28.42703], [-81.401166, 28.427223], [-81.401069, 28.427363], [-81.40103, 28.427511], [-81.401059, 28.427698], [-81.401158, 28.427859], [-81.401225, 28.427899], [-81.4013, 28.427914], [-81.401583, 28.427869], [-81.401734, 28.427772], [-81.402096, 28.427477], [-81.402276, 28.42726], [-81.402375, 28.42705], [-81.402379, 28.42696], [-81.40236, 28.426907], [-81.402246, 28.426804]]]}, "properties": {"mukey": "323159"}}]}