{
"type": "FeatureCollection",
"name": "water_boundaries",
"crs": { "type": "name", "properties": { "name": "urn:ogc:def:crs:EPSG::32617" } },
"features": [
{ "type": "Feature", "properties": { "id": 1, "area_ha": 0.075041831439662227 }, "geometry": { "type": "Polygon", "coordinates": [ [ [ 457020.61457328038523, 3136985.340235764626414 ], [ 457020.206631883454975, 3136985.906880448572338 ], [ 457019.843914150027558, 3136986.50742951547727 ], [ 457019.52913065085886, 3136987.129587788600475 ], [ 457019.26426919864025, 3136987.761783833615482 ], [ 457019.050562634598464, 3136988.393606044817716 ], [ 457018.888473903236445, 3136989.016167755704373 ], [ 457018.777698247286025, 3136989.622386684641242 ], [ 457018.71718209318351, 3136990.207168431952596 ], [ 457018.705157961638179, 3136990.76748853828758 ], [ 457018.739194515743293, 3136991.302372579928488 ], [ 457018.816260650346521, 3136991.812778681050986 ], [ 457018.932802318711765, 3136992.301391398068517 ], [ 457019.084830583888106, 3136992.772340003401041 ], [ 457019.268019169045147, 3136993.230857535731047 ], [ 457019.477809564035852, 3136993.682899486273527 ], [ 457019.709521532175131, 3136994.134742480702698 ], [ 457019.958466649986804, 3136994.592583821620792 ], [ 457020.220062326348852, 3136995.062162193004042 ], [ 457020.489943587512244, 3136995.548418279737234 ], [ 457020.764069802360609, 3136996.055211602244526 ], [ 457021.038823468668852, 3136996.585106659214944 ], [ 457021.311098206671886, 3136997.13923763204366 ], [ 457021.578373215277679, 3136997.717256719712168 ], [ 457021.838771657261532, 3136998.317366741597652 ], [ 457022.091100754973013, 3136998.936434312723577 ], [ 457022.334871798811946, 3136999.570175779983401 ], [ 457022.570298796053976, 3137000.213404464535415 ], [ 457022.798275102686603, 3137000.860324756707996 ], [ 457023.020328076847363, 3137001.504856374580413 ], [ 457023.238552539958619, 3137002.140970763284713 ], [ 457023.455524612159934, 3137002.763021201360971 ], [ 457023.674198262742721, 3137003.366048752795905 ], [ 457023.897787659720052, 3137003.946047639939934 ], [ 457024.129639072983991, 3137004.500175941269845 ], [ 457024.373096651572268, 3137005.026900500524789 ], [ 457024.631366826768499, 3137005.526068502105772 ], [ 457024.907386354869232, 3137005.998902066145092 ], [ 457025.20369909220608, 3137006.447916313074529 ], [ 457025.522346465615556, 3137006.876765355467796 ], [ 457025.864776265632827, 3137007.29002445563674 ], [ 457026.231773840961978, 3137007.692919919732958 ], [ 457026.623419032257516, 3137008.091021003201604 ], [ 457027.039071262639482, 3137008.489910076837987 ], [ 457027.477384141704533, 3137008.894848424941301 ], [ 457027.936349771043751, 3137009.310455265920609 ], [ 457028.413371713657398, 3137009.740416906774044 ], [ 457028.905364354257472, 3137010.187241390813142 ], [ 457029.408875187567901, 3137010.652071659453213 ], [ 457029.920225485228002, 3137011.134567242115736 ], [ 457030.435663851560093, 3137011.632860987447202 ], [ 457030.951526445220225, 3137012.143593487795442 ], [ 457031.464397145085968, 3137012.662023889832199 ], [ 457031.971260717662517, 3137013.182211861945689 ], [ 457032.469642109819688, 3137013.697261860128492 ], [ 457032.957725364598446, 3137014.199617635924369 ], [ 457033.434446320985444, 3137014.681392364669591 ], [ 457033.899554205418099, 3137015.134717936627567 ], [ 457034.353638411150314, 3137015.552095961291343 ], [ 457034.79811815393623, 3137015.92673292895779 ], [ 457035.235194232547656, 3137016.252842751797289 ], [ 457035.667763745761476, 3137016.525901546236128 ], [ 457036.099300258094445, 3137016.742841916624457 ], [ 457036.533703490160406, 3137016.902177045121789 ], [ 457036.975124066753779, 3137017.004048430360854 ], [ 457037.427770115376916, 3137017.050194972660393 ], [ 457037.895703513931949, 3137017.043845057021827 ], [ 457038.382634279376362, 3137016.989537181332707 ], [ 457038.891721937339753, 3137016.892878254875541 ], [ 457039.425392684759572, 3137016.760251855943352 ], [ 457039.985180747287814, 3137016.59849122306332 ], [ 457040.571601545787416, 3137016.414533539675176 ], [ 457041.184063148975838, 3137016.215072977822274 ], [ 457041.820821037632413, 3137016.006230016704649 ], [ 457042.478979497973341, 3137015.793253687210381 ], [ 457043.154541066440288, 3137015.580271707847714 ], [ 457043.842503439111169, 3137015.370100997388363 ], [ 457044.537001223710831, 3137015.164127978030592 ], [ 457045.231487937562633, 3137014.962264486122876 ], [ 457045.918951828440186, 3137014.762981250416487 ], [ 457046.592157495731954, 3137014.563416909426451 ], [ 457047.24390399857657, 3137014.359556685667485 ], [ 457047.867289209389128, 3137014.146471241489053 ], [ 457048.455969659087714, 3137013.918603172060102 ], [ 457049.004405055835377, 3137013.670086124446243 ], [ 457049.508077046542894, 3137013.395079870242625 ], [ 457049.963672634388786, 3137013.0881038159132 ], [ 457050.369223927729763, 3137012.744351536501199 ], [ 457050.724197536241263, 3137012.359969877637923 ], [ 457051.029528886079788, 3137011.932288016192615 ], [ 457051.287598915630952, 3137011.459984459448606 ], [ 457051.502152952190954, 3137010.943183204624802 ], [ 457051.678163958538789, 3137010.383473956957459 ], [ 457051.821644677023869, 3137009.783855320420116 ], [ 457051.9394153872272, 3137009.148603908251971 ], [ 457052.038835937099066, 3137008.483076272532344 ], [ 457052.12751232041046, 3137007.793454147875309 ], [ 457052.212989282736089, 3137007.086446575820446 ], [ 457052.302441187901422, 3137006.368964889086783 ], [ 457052.402373629098292, 3137005.647788098081946 ], [ 457052.518348005076405, 3137004.929236916359514 ], [ 457052.654740511497948, 3137004.218874384649098 ], [ 457052.814545740373433, 3137003.521249851677567 ], [ 457052.99923338991357, 3137002.839700954966247 ], [ 457053.208664525998756, 3137002.176225370727479 ], [ 457053.441071487846784, 3137001.531430522911251 ], [ 457053.693102989462204, 3137000.904565433971584 ], [ 457053.959933341422584, 3137000.293634571600705 ], [ 457054.23543210758362, 3136999.695589163340628 ], [ 457054.51238803518936, 3136999.106587240006775 ], [ 457054.782778849534225, 3136998.522309799212962 ], [ 457055.038076588010881, 3136997.938317229505628 ], [ 457055.269576638005674, 3136997.350427588447928 ], [ 457055.468737609800883, 3136996.755096708890051 ], [ 457055.627518655790482, 3136996.149779464583844 ], [ 457055.738700875663199, 3136995.533251902088523 ], [ 457055.796180011995602, 3136994.905875395983458 ], [ 457055.795218731975183, 3136994.26978638023138 ], [ 457055.732648354663979, 3136993.62899851007387 ], [ 457055.6070118646021, 3136992.989408139605075 ], [ 457055.418642364791594, 3136992.358698567841202 ], [ 457055.16967367293546, 3136991.746143428608775 ], [ 457054.863982449227478, 3136991.162314604502171 ], [ 457054.507063953147735, 3136990.618704909458756 ], [ 457054.105846147169359, 3136990.127280272077769 ], [ 457053.668449293123558, 3136989.699980023317039 ], [ 457053.203900323074777, 3136989.348186959978193 ], [ 457052.721813021693379, 3136989.082190954126418 ], [ 457052.232046366669238, 3136988.910670889541507 ], [ 457051.744354183902033, 3136988.84021955775097 ], [ 457051.268039551796392, 3136988.874934844207019 ], [ 457050.811627133109141, 3136989.016098083462566 ], [ 457050.382565831474494, 3136989.261957002338022 ], [ 457049.986972900223918, 3136989.607626320794225 ], [ 457049.629428931744769, 3136990.045114032458514 ], [ 457049.312831094663125, 3136990.563475877977908 ], [ 457049.038309654337354, 3136991.149094813968986 ], [ 457048.805210304679349, 3136991.786076580174267 ], [ 457048.611142259323969, 3136992.456747126299888 ], [ 457048.452089505502954, 3136993.1422328511253 ], [ 457048.322580212145112, 3136993.823100599925965 ], [ 457048.215907104837243, 3136994.480031359475106 ], [ 457048.124389757460449, 3136995.094499710015953 ], [ 457048.03966827125987, 3136995.64943045610562 ], [ 457047.953016774496064, 3136996.129804495256394 ], [ 457047.855664611619432, 3136996.523187906946987 ], [ 457047.739113014366012, 3136996.820161312352866 ], [ 457047.595435453171376, 3136997.014630729798228 ], [ 457047.417550731741358, 3136997.104006163775921 ], [ 457047.199459161434788, 3136997.089239848777652 ], [ 457046.936433783441316, 3136996.974722151644528 ], [ 457046.625160514086019, 3136996.768039342481643 ], [ 457046.263823194953147, 3136996.479603495914489 ], [ 457045.852131743333302, 3136996.122170399874449 ], [ 457045.391293827444315, 3136995.710266293492168 ], [ 457044.883932646538597, 3136995.259548270143569 ], [ 457044.333955395093653, 3136994.786126096267253 ], [ 457043.746378750482108, 3136994.305874904152006 ], [ 457043.12711919186404, 3136993.833768570795655 ], [ 457042.482757070160005, 3136993.383262645918876 ], [ 457041.820284086919855, 3136992.96575344633311 ], [ 457041.146844168950338, 3136992.590136488899589 ], [ 457040.469477660313714, 3136992.262482964899391 ], [ 457039.794878299639095, 3136991.985847651492804 ], [ 457039.129171645094175, 3136991.760215764399618 ], [ 457038.477722493407782, 3136991.582590039819479 ], [ 457037.844977471686434, 3136991.447213062550873 ], [ 457037.234347424004227, 3136991.34591386700049 ], [ 457036.648132537666243, 3136991.268562315497547 ], [ 457036.08749143127352, 3136991.203610044904053 ], [ 457035.552453724318184, 3136991.138693001121283 ], [ 457035.041973999177571, 3136991.061267975717783 ], [ 457034.554023604141548, 3136990.959254206158221 ], [ 457034.085715486959089, 3136990.821651053149253 ], [ 457033.633456232026219, 3136990.639104045461863 ], [ 457033.193118726136163, 3136990.404394086450338 ], [ 457032.760228418686893, 3136990.112828272394836 ], [ 457032.330155970295891, 3136989.76251533254981 ], [ 457031.898309195705224, 3136989.354514056816697 ], [ 457031.460317577177193, 3136988.892848863266408 ], [ 457031.012203225924168, 3136988.384392694104463 ], [ 457030.550532966910396, 3136987.838623409625143 ], [ 457030.07254716521129, 3136987.267265471629798 ], [ 457029.576261962414719, 3136986.68383377045393 ], [ 457029.060542695515323, 3136986.103100682143122 ], [ 457028.525147380307317, 3136985.54051067493856 ], [ 457027.9707402207423, 3136985.011568890884519 ], [ 457027.39887610374717, 3136984.531230978202075 ], [ 457026.811957934114616, 3136984.113321083597839 ], [ 457026.213169423514046, 3136983.770003292709589 ], [ 457025.606386557396036, 3136983.511329066008329 ], [ 457024.996071411645971, 3136983.344879478681833 ], [ 457024.387152279668953, 3136983.275516514200717 ], [ 457023.784894198528491, 3136983.305252523161471 ], [ 457023.19476395152742, 3136983.433241455815732 ], [ 457022.622293481428642, 3136983.655889915302396 ], [ 457022.072945400490426, 3136983.967080655973405 ], [ 457021.551983952580485, 3136984.358496181666851 ], [ 457021.064354387403, 3136984.820025771856308 ], [ 457020.61457328038523, 3136985.340235764626414 ] ] ] } },
{ "type": "Feature", "properties": { "id": 2, "area_ha": 0.13151029291553543 }, "geometry": { "type": "Polygon", "coordinates": [ [ [ 456698.32969283364946, 3137015.120336757041514 ], [ 456698.001960537803825, 3137015.908242660574615 ], [ 456697.649679829133675, 3137016.70650908537209 ], [ 456697.26678359368816, 3137017.497545500285923 ], [ 456696.849360732303467, 3137018.266804608050734 ], [ 456696.395922875322867, 3137019.003424874041229 ], [ 456695.907479492016137, 3137019.700602729339153 ], [ 456695.387414189812262, 3137020.355671995319426 ], [ 456694.8411705926992, 3137020.969889564439654 ], [ 456694.275771294080187, 3137021.547947942744941 ], [ 456693.699206804914866, 3137022.097255357075483 ], [ 456693.119742090173531, 3137022.627041149884462 ], [ 456692.545195329468697, 3137023.147356896661222 ], [ 456691.982246361032594, 3137023.668051026295871 ], [ 456691.435830604692455, 3137024.197796200867742 ], [ 456690.908668179938104, 3137024.743244139477611 ], [ 456690.400967879220843, 3137025.308372308965772 ], [ 456689.910332353611011, 3137025.894071715418249 ], [ 456689.431875336682424, 3137026.498006090987474 ], [ 456688.958545152156148, 3137027.114751503337175 ], [ 456688.481632412876934, 3137027.736203464213759 ], [ 456687.991425001586322, 3137028.35221769567579 ], [ 456687.47796130203642, 3137028.951432388741523 ], [ 456686.931824197585229, 3137029.522205541376024 ], [ 456686.344914278946817, 3137030.05359185859561 ], [ 456685.711141369189136, 3137030.536280477885157 ], [ 456685.026978887093719, 3137030.963417685125023 ], [ 456684.291835365642328, 3137031.331247623544186 ], [ 456683.508210916363169, 3137031.639518085867167 ], [ 456682.681622578704264, 3137031.89161672629416 ], [ 456681.820300108985975, 3137032.094424054492265 ], [ 456680.934671494644135, 3137032.257891720160842 ], [ 456680.036673977563623, 3137032.394376181531698 ], [ 456679.138940341013949, 3137032.517777169123292 ], [ 456678.253920569201, 3137032.642545909620821 ], [ 456677.393004887911957, 3137032.782638661563396 ], [ 456676.565715145552531, 3137032.950495872180909 ], [ 456675.779027363809291, 3137033.156125837471336 ], [ 456675.03687934379559, 3137033.406364182941616 ], [ 456674.339904077292886, 3137033.704367415979505 ], [ 456673.685413342376705, 3137034.049381146207452 ], [ 456673.067637455300428, 3137034.436802740674466 ], [ 456672.478208075917792, 3137034.858535754028708 ], [ 456671.906852646614425, 3137035.30361114628613 ], [ 456671.342252860195003, 3137035.759029850829393 ], [ 456670.773006727045868, 3137036.210764201823622 ], [ 456670.188625326845795, 3137036.644843409769237 ], [ 456669.580491838394664, 3137037.048441662453115 ], [ 456668.942712240736, 3137037.410886992700398 ], [ 456668.272794055752456, 3137037.724514867179096 ], [ 456667.57210117415525, 3137037.985302055254579 ], [ 456666.846048328268807, 3137038.193232846911997 ], [ 456666.104017023171764, 3137038.352369836997241 ], [ 456665.358994381560478, 3137038.470623727422208 ], [ 456664.626955966232345, 3137038.559239252936095 ], [ 456663.926031788229011, 3137038.632035615388304 ], [ 456663.275510072475299, 3137038.704458164516836 ], [ 456662.694744823616929, 3137038.792512034997344 ], [ 456662.202039996103849, 3137038.911657036747783 ], [ 456661.813584652962163, 3137039.075745605397969 ], [ 456661.542509806691669, 3137039.296081960201263 ], [ 456661.398128977860324, 3137039.580670995637774 ], [ 456661.385411536786705, 3137039.933710717596114 ], [ 456661.504721586534288, 3137040.355363285169005 ], [ 456661.751836703973822, 3137040.841818465385586 ], [ 456662.118241632415447, 3137041.385641121305525 ], [ 456662.591673400660511, 3137041.97637301729992 ], [ 456663.156877666770015, 3137042.601340288296342 ], [ 456663.796522509423085, 3137043.246602886356413 ], [ 456664.492206351656932, 3137043.897972270846367 ], [ 456665.225491808087099, 3137044.542019297834486 ], [ 456665.978897263528779, 3137045.16699599660933 ], [ 456666.736782818858046, 3137045.763602469582111 ], [ 456667.486076421686448, 3137046.325542942155153 ], [ 456668.216798771580216, 3137046.849831962026656 ], [ 456668.922360936994664, 3137047.336831551045179 ], [ 456669.599625361443032, 3137047.790021217893809 ], [ 456670.248737807793077, 3137048.215523494873196 ], [ 456670.872753558098339, 3137048.62142643565312 ], [ 456671.47709472081624, 3137049.016959910746664 ], [ 456672.068885869346559, 3137049.411593368742615 ], [ 456672.65622178016929, 3137049.814128176309168 ], [ 456673.247423387598246, 3137050.231857381761074 ], [ 456673.850336194795091, 3137050.66985978372395 ], [ 456674.471719561726786, 3137051.130484051071107 ], [ 456675.116766105231363, 3137051.613063266500831 ], [ 456675.788778715592343, 3137052.113881847821176 ], [ 456676.489019399276003, 3137052.626396804116666 ], [ 456677.216730376356281, 3137053.141695289872587 ], [ 456677.969314675603528, 3137053.649151974357665 ], [ 456678.742651869833935, 3137054.137234228663146 ], [ 456679.53151542681735, 3137054.594391806516796 ], [ 456680.330052031844389, 3137055.00996131869033 ], [ 456681.132280532794539, 3137055.375014863908291 ], [ 456681.932568936957978, 3137055.683086737990379 ], [ 456682.726051954901777, 3137055.930721714626998 ], [ 456683.508958476886619, 3137056.117802283260971 ], [ 456684.278827408968937, 3137056.247629260644317 ], [ 456685.034600673301611, 3137056.326749064493924 ], [ 456685.776592975889798, 3137056.364540143869817 ], [ 456686.506348273658659, 3137056.372589158825576 ], [ 456687.22640187619254, 3137056.36390307918191 ], [ 456687.939974112377968, 3137056.35201529879123 ], [ 456688.650625955837313, 3137056.350051229819655 ], [ 456689.36190866609104, 3137056.369821202009916 ], [ 456690.077038317162078, 3137056.421005668118596 ], [ 456690.798622270522173, 3137056.510490074753761 ], [ 456691.528458618733566, 3137056.641894895583391 ], [ 456692.267421989643481, 3137056.815331264398992 ], [ 456693.015440576302353, 3137057.027395565062761 ], [ 456693.771560629887972, 3137057.27139861183241 ], [ 456694.534086686675437, 3137057.537808016873896 ], [ 456695.300779194163624, 3137057.814867313951254 ], [ 456696.069086505391169, 3137058.089343497063965 ], [ 456696.836385809408966, 3137058.347346646245569 ], [ 456697.600207616924308, 3137058.575161823537201 ], [ 456698.358420874981675, 3137058.760034542996436 ], [ 456699.109360367583577, 3137058.890856669284403 ], [ 456699.851884320145473, 3137058.958708994556218 ], [ 456700.585357456293423, 3137058.957229193300009 ], [ 456701.309562473034021, 3137058.882788240443915 ], [ 456702.024550277274102, 3137058.734473549295217 ], [ 456702.73044568329351, 3137058.51389180123806 ], [ 456703.427230017201509, 3137058.224817565176636 ], [ 456704.114524768141564, 3137057.872724325396121 ], [ 456704.791400812799111, 3137057.464241712354124 ], [ 456705.456235770718195, 3137057.006586095783859 ], [ 456706.106637888762634, 3137056.507011109497398 ], [ 456706.73944886791287, 3137055.972320321016014 ], [ 456707.350830760609824, 3137055.408476621378213 ], [ 456707.936434134666342, 3137054.820332767441869 ], [ 456708.49163683335064, 3137054.211495760828257 ], [ 456709.011835574172437, 3137053.584325464908034 ], [ 456709.492766976065468, 3137052.940056105609983 ], [ 456709.930830918776337, 3137052.279019042383879 ], [ 456710.323387790063862, 3137051.60093729197979 ], [ 456710.669002326147165, 3137050.905257336329669 ], [ 456710.967610358784441, 3137050.191482069902122 ], [ 456711.220590570825152, 3137049.459470451343805 ], [ 456711.43073088262463, 3137048.709674175828695 ], [ 456711.602087717328686, 3137047.943289066664875 ], [ 456711.739745409518946, 3137047.162308088969439 ], [ 456711.849491648783442, 3137046.369473078288138 ], [ 456711.937432353617623, 3137045.56813248898834 ], [ 456712.009575069125276, 3137044.762021741364151 ], [ 456712.07141336996574, 3137043.954990286845714 ], [ 456712.1275454776478, 3137043.150704578962177 ], [ 456712.18135826534126, 3137042.352358346804976 ], [ 456712.234803135390393, 3137041.562420702073723 ], [ 456712.288283260539174, 3137040.78244877140969 ], [ 456712.340662922244519, 3137040.012985123321414 ], [ 456712.38939985842444, 3137039.253551841247827 ], [ 456712.430791454040445, 3137038.502743478864431 ], [ 456712.460316099517513, 3137037.758411228191108 ], [ 456712.473042915458791, 3137037.017921352293342 ], [ 456712.464076990901958, 3137036.278463202062994 ], [ 456712.429003847122658, 3137035.537376634776592 ], [ 456712.364296348125208, 3137034.792466025333852 ], [ 456712.267649825080298, 3137034.042268503922969 ], [ 456712.138216599705629, 3137033.286247682292014 ], [ 456711.976718984078616, 3137032.524890596512705 ], [ 456711.785429588635452, 3137031.759694429114461 ], [ 456711.568018609017599, 3137030.993039966095239 ], [ 456711.329278810764663, 3137030.227959824725986 ], [ 456711.074749281222466, 3137029.467820197343826 ], [ 456710.81026780110551, 3137028.715944289695472 ], [ 456710.541488164220937, 3137027.975212771445513 ], [ 456710.273402358521707, 3137027.247680784203112 ], [ 456710.009907887608279, 3137026.534251801203936 ], [ 456709.753457559039816, 3137025.834445741493255 ], [ 456709.504822995746508, 3137025.146292319986969 ], [ 456709.262994370481465, 3137024.466371065936983 ], [ 456709.025228101352695, 3137023.790007529780269 ], [ 456708.787242318794597, 3137023.111621771007776 ], [ 456708.543547772453167, 3137022.425211486406624 ], [ 456708.287890482519288, 3137021.724939143750817 ], [ 456708.013772781763691, 3137021.005781471263617 ], [ 456707.715012264903635, 3137020.264191536232829 ], [ 456707.386294174182694, 3137019.498719298746437 ], [ 456707.023672286362853, 3137018.710536411497742 ], [ 456706.624976519844495, 3137017.903815357480198 ], [ 456706.190092060423922, 3137017.085921592544764 ], [ 456705.721084336633794, 3137016.267389649990946 ], [ 456705.22215594392037, 3137015.461669337935746 ], [ 456704.699434712878428, 3137014.684645072557032 ], [ 456704.160605511802714, 3137013.953948820009828 ], [ 456703.614411003829446, 3137013.288103630766273 ], [ 456703.070057418837678, 3137012.705549099948257 ], [ 456702.536569560237695, 3137012.223611001856625 ], [ 456702.022144056099933, 3137011.857483959756792 ], [ 456701.533550849650055, 3137011.619297616183758 ], [ 456701.075629972212482, 3137011.517333136871457 ], [ 456700.650923931505531, 3137011.555448174942285 ], [ 456700.259476056031417, 3137011.732755119446665 ], [ 456699.898812611529138, 3137012.043580539058894 ], [ 456699.56411240255693, 3137012.477714336942881 ], [ 456699.248552985780407, 3137013.02093674056232 ], [ 456698.943808703275863, 3137013.655791336204857 ], [ 456698.640663592144847, 3137014.362554463557899 ], [ 456698.32969283364946, 3137015.120336757041514 ] ] ] } },
{ "type": "Feature", "properties": { "id": 3, "area_ha": 0.012793611585898984 }, "geometry": { "type": "Polygon", "coordinates": [ [ [ 456575.686359068204183, 3137066.63332198234275 ], [ 456575.441813372366596, 3137066.668547069188207 ], [ 456575.202061156742275, 3137066.723001655656844 ], [ 456574.968258288805373, 3137066.796102684922516 ], [ 456574.741483207617421, 3137066.887133660260588 ], [ 456574.522735027770977, 3137066.995261586736888 ], [ 456574.31293166836258, 3137067.119555615819991 ], [ 456574.112907799950335, 3137067.259006873238832 ], [ 456573.923412455420475, 3137067.412548900581896 ], [ 456573.745106212503742, 3137067.579078175593168 ], [ 456573.578557922912296, 3137067.757474164944142 ], [ 456573.424241024302319, 3137067.946618408896029 ], [ 456573.282529538555536, 3137068.145412189420313 ], [ 456573.153693912550807, 3137068.352792378980666 ], [ 456573.037896909634583, 3137068.567745154723525 ], [ 456572.935189797601197, 3137068.789317331742495 ], [ 456572.845509105594829, 3137069.016625157557428 ], [ 456572.768674235208891, 3137069.248860497027636 ], [ 456572.704386212455574, 3137069.485294422600418 ], [ 456572.652227849001065, 3137069.725278306286782 ], [ 456572.611665556323715, 3137069.968242589849979 ], [ 456572.582053011690732, 3137070.213693473488092 ], [ 456572.562636826129165, 3137070.461207819636911 ], [ 456572.552564299607184, 3137070.710426619276404 ], [ 456572.550893282867037, 3137070.961047389078885 ], [ 456572.556604091834743, 3137071.212815890554339 ], [ 456572.568613347189967, 3137071.465517561417073 ], [ 456572.585789538396057, 3137071.718969037756324 ], [ 456572.60697004548274, 3137071.973010113462806 ], [ 456572.630979289708193, 3137072.227496451698244 ], [ 456572.65664763294626, 3137072.482293316163123 ], [ 456572.682830607402138, 3137072.737270515412092 ], [ 456572.708428029494826, 3137072.992298715282232 ], [ 456572.732402541325428, 3137073.247247186023742 ], [ 456572.753797124954872, 3137073.501982994377613 ], [ 456572.771751154970843, 3137073.756371581926942 ], [ 456572.785514587245416, 3137074.010278605856001 ], [ 456572.794459928350989, 3137074.263572871219367 ], [ 456572.79809169069631, 3137074.516130121424794 ], [ 456572.796053105848841, 3137074.767837438266724 ], [ 456572.788129948137794, 3137075.018597957678139 ], [ 456572.77425139961997, 3137075.268335601780564 ], [ 456572.754487976140808, 3137075.516999531537294 ], [ 456572.729046613560058, 3137075.764568031765521 ], [ 456572.698263097787276, 3137076.011051557958126 ], [ 456572.662592093460262, 3137076.256494724657387 ], [ 456572.622595091874246, 3137076.500977040734142 ], [ 456572.578926653543022, 3137076.744612264446914 ], [ 456572.532319360820111, 3137076.987546293530613 ], [ 456572.483567922725342, 3137077.229953582864255 ], [ 456572.433512887044344, 3137077.472032124642283 ], [ 456572.383024409064092, 3137077.713997100945562 ], [ 456572.33298650913639, 3137077.95607336750254 ], [ 456572.284282217617147, 3137078.198486981447786 ], [ 456572.237779960443731, 3137078.44145602080971 ], [ 456572.194321480521467, 3137078.685180990491062 ], [ 456572.154711526061874, 3137078.929835110902786 ], [ 456572.119709464081097, 3137079.175554824527353 ], [ 456572.090022902353667, 3137079.422430823557079 ], [ 456572.066303326224443, 3137079.670499913394451 ], [ 456572.04914368421305, 3137079.919737990014255 ], [ 456572.039077785448171, 3137080.170054377056658 ], [ 456572.036581311840564, 3137080.421287726610899 ], [ 456572.042074195400346, 3137080.673203632235527 ], [ 456572.055924070766196, 3137080.925494051072747 ], [ 456572.078450485307258, 3137081.177778566721827 ], [ 456572.109929536120035, 3137081.429607465863228 ], [ 456572.150598602951504, 3137081.680466538760811 ], [ 456572.200660860573407, 3137081.929783459287137 ], [ 456572.260289282246958, 3137082.176935547962785 ], [ 456572.329629884217866, 3137082.421258673537523 ], [ 456572.408804011705797, 3137082.662057016044855 ], [ 456572.497909523721319, 3137082.898613394703716 ], [ 456572.597020797606092, 3137083.130199837032706 ], [ 456572.70618753915187, 3137083.3560880725272 ], [ 456572.82543245278066, 3137083.575559647753835 ], [ 456572.954747886164114, 3137083.787915361113846 ], [ 456573.094091625127476, 3137083.992483775597066 ], [ 456573.24338206340326, 3137084.188628575298935 ], [ 456573.402493011846673, 3137084.375754605513066 ], [ 456573.571248442109209, 3137084.55331247812137 ], [ 456573.7494174730964, 3137084.720801679417491 ], [ 456573.93670991237741, 3137084.877772178035229 ], [ 456574.1327726507443, 3137085.023824597708881 ], [ 456574.3371871834388, 3137085.158609053585678 ], [ 456574.549468490818981, 3137085.281822826713324 ], [ 456574.769065463275183, 3137085.393207069020718 ], [ 456574.995362993038725, 3137085.492542786058038 ], [ 456575.227685789752286, 3137085.57964634988457 ], [ 456575.465303904493339, 3137085.654364830348641 ], [ 456575.707439874298871, 3137085.716571407392621 ], [ 456575.953277326305397, 3137085.766161142848432 ], [ 456576.201970813563094, 3137085.803047355730087 ], [ 456576.452656594163273, 3137085.82715881196782 ], [ 456576.704464014677797, 3137085.838437908794731 ], [ 456576.956527119793463, 3137085.836839981842786 ], [ 456577.20799608778907, 3137085.822333802003413 ], [ 456577.458048079628497, 3137085.794903287198395 ], [ 456577.705897099978756, 3137085.754550379700959 ], [ 456577.95080249075545, 3137085.701298994012177 ], [ 456578.192075717903208, 3137085.635199878830463 ], [ 456578.429085168521851, 3137085.556336186826229 ], [ 456578.661258741864003, 3137085.464829513803124 ], [ 456578.888084099569824, 3137085.360846120864153 ], [ 456579.109106526011601, 3137085.244603048544377 ], [ 456579.323924445256125, 3137085.116373802535236 ], [ 456579.532182734343223, 3137084.976493312045932 ], [ 456579.733564067748375, 3137084.825361859984696 ], [ 456579.927778614102863, 3137084.663447719067335 ], [ 456580.11455248889979, 3137084.491288261953741 ], [ 456580.29361543111736, 3137084.309489361010492 ], [ 456580.464688226988073, 3137084.118722953367978 ], [ 456580.627470437902957, 3137083.919722700491548 ], [ 456580.78162900620373, 3137083.713277745526284 ], [ 456580.926788307668176, 3137083.500224638730288 ], [ 456581.062522193707991, 3137083.281437566969544 ], [ 456581.188348520314321, 3137083.057817089371383 ], [ 456581.303726592857856, 3137082.830277638044208 ], [ 456581.408057872497011, 3137082.599734099581838 ], [ 456581.500690187560394, 3137082.367087830323726 ], [ 456581.58092557976488, 3137082.133212487678975 ], [ 456581.648031791846734, 3137081.898940079379827 ], [ 456581.701257273554802, 3137081.665047637186944 ], [ 456581.739849452802446, 3137081.432244909927249 ], [ 456581.763075891183689, 3137081.201163443736732 ], [ 456581.770247823733371, 3137080.972347386647016 ], [ 456581.760745472856797, 3137080.746246302034706 ], [ 456581.734044436598197, 3137080.523210213519633 ], [ 456581.689742375048809, 3137080.303487038705498 ], [ 456581.627585169393569, 3137080.087222500238568 ], [ 456581.547491702192929, 3137079.874462506733835 ], [ 456581.449576404236723, 3137079.665157943964005 ], [ 456581.334168743574992, 3137079.459171709604561 ], [ 456581.201828882680275, 3137079.256287781056017 ], [ 456581.05335880961502, 3137079.056222014129162 ], [ 456580.889808353385888, 3137078.858634335454553 ], [ 456580.712475616019219, 3137078.663141930475831 ], [ 456580.5229014979559, 3137078.469333010260016 ], [ 456580.322858148254454, 3137078.276780708227307 ], [ 456580.114331338554621, 3137078.085056676529348 ], [ 456579.89949692832306, 3137077.893743940163404 ], [ 456579.680691760149784, 3137077.702448614872992 ], [ 456579.460379487136379, 3137077.510810131207108 ], [ 456579.241111987968907, 3137077.318509652744979 ], [ 456579.025487164151855, 3137077.125276455655694 ], [ 456578.816104029363487, 3137076.930892106611282 ], [ 456578.615516098914668, 3137076.73519234592095 ], [ 456578.426184150972404, 3137076.538066688925028 ], [ 456578.250429472944234, 3137076.339455815963447 ], [ 456578.090388711949345, 3137076.139346925541759 ], [ 456577.947971427580342, 3137075.937767285853624 ], [ 456577.824821389571298, 3137075.734776295721531 ], [ 456577.722282581322361, 3137075.530456420499831 ], [ 456577.641370760684367, 3137075.324903407599777 ], [ 456577.582751295121852, 3137075.118216230534017 ], [ 456577.546723835286684, 3137074.910487200599164 ], [ 456577.533214221650269, 3137074.701792711392045 ], [ 456577.541773838165682, 3137074.492185033392161 ], [ 456577.571586442994885, 3137074.281685568392277 ], [ 456577.621482317743357, 3137074.070279901847243 ], [ 456577.689959398994688, 3137073.857914940919727 ], [ 456577.775210882362444, 3137073.64449835056439 ], [ 456577.875158636481501, 3137073.429900411516428 ], [ 456577.987491626641713, 3137073.213958342559636 ], [ 456578.109708434611093, 3137072.996483031194657 ], [ 456578.239162875630427, 3137072.777268033009022 ], [ 456578.373111653374508, 3137072.556100604124367 ], [ 456578.508762964513153, 3137072.332774452865124 ], [ 456578.643324965960346, 3137072.107103828340769 ], [ 456578.77405304601416, 3137071.878938498906791 ], [ 456578.898294899205212, 3137071.648179126903415 ], [ 456579.013532488024794, 3137071.414792519062757 ], [ 456579.117420078371651, 3137071.178826219867915 ], [ 456579.207817663496826, 3137070.940421914216131 ], [ 456579.282819226791617, 3137070.699827136937529 ], [ 456579.340775447199121, 3137070.457404814660549 ], [ 456579.380310603475664, 3137070.213640239089727 ], [ 456579.400333591387607, 3137069.969145119655877 ], [ 456579.400043119851034, 3137069.724658466875553 ], [ 456579.378927295329049, 3137069.481044135987759 ], [ 456579.33675793610746, 3137069.23928496427834 ], [ 456579.273580073902849, 3137069.000473541673273 ], [ 456579.189697196008638, 3137068.765799747779965 ], [ 456579.085652857727837, 3137068.53653530171141 ], [ 456578.962209347926546, 3137068.314015651121736 ], [ 456578.820324119587895, 3137068.099619616754353 ], [ 456578.661124704522081, 3137067.894747282378376 ], [ 456578.48588281479897, 3137067.7007966786623 ], [ 456578.295988297904842, 3137067.519139836542308 ], [ 456578.092923556047026, 3137067.351098834071308 ], [ 456577.878238970122766, 3137067.197922436986119 ], [ 456577.653529784467537, 3137067.060763945803046 ], [ 456577.42041481641354, 3137066.940660809166729 ], [ 456577.18051725596888, 3137066.838516526855528 ], [ 456576.935447722265963, 3137066.755085298325866 ], [ 456576.686789644591045, 3137066.690959790721536 ], [ 456576.436086945410352, 3137066.646562315989286 ], [ 456576.184833918698132, 3137066.622139606624842 ], [ 456575.934467125101946, 3137066.617761281784624 ], [ 456575.686359068204183, 3137066.63332198234275 ] ] ] } },
{ "type": "Feature", "properties": { "id": 4, "area_ha": 0.24386176040964905 }, "geometry": { "type": "Polygon", "coordinates": [ [ [ 456592.112485723919235, 3137092.055885901208967 ], [ 456592.101813588757068, 3137093.411646076478064 ], [ 456592.168110931525007, 3137094.857544755097479 ], [ 456592.261520949425176, 3137096.308611373882741 ], [ 456592.362707928405143, 3137097.686712136492133 ], [ 456592.489048171846662, 3137098.93140726769343 ], [ 456592.69107079639798, 3137100.00866613863036 ], [ 456593.039461898675654, 3137100.915752948727459 ], [ 456593.605297044210602, 3137101.681120348162949 ], [ 456594.437941169890109, 3137102.358977230265737 ], [ 456595.545808706141543, 3137103.019186377059668 ], [ 456596.884713057021145, 3137103.734099334105849 ], [ 456598.356950832123403, 3137104.564639307092875 ], [ 456599.821928801829927, 3137105.548225002828985 ], [ 456601.11659472429892, 3137106.690897681284696 ], [ 456602.08176579605788, 3137107.965287332888693 ], [ 456602.589152171858586, 3137109.314959999639541 ], [ 456602.563727494212799, 3137110.664442365523428 ], [ 456601.997110870783217, 3137111.933079204056412 ], [ 456600.949536803178489, 3137113.050086894538254 ], [ 456599.540347364323679, 3137113.967895492911339 ], [ 456597.92920916742878, 3137114.67118708929047 ], [ 456596.291947826219257, 3137115.179879275616258 ], [ 456594.795673464017455, 3137115.545497094281018 ], [ 456593.577635752037168, 3137115.841678136028349 ], [ 456592.731123848468997, 3137116.150695859454572 ], [ 456592.300031869090162, 3137116.548635175917298 ], [ 456592.281861569557805, 3137117.09206659020856 ], [ 456592.637344574439339, 3137117.808709570672363 ], [ 456593.303851603006478, 3137118.693738523405045 ], [ 456594.209468024258967, 3137119.712247428949922 ], [ 456595.285024444281589, 3137120.807187694590539 ], [ 456596.472293168888427, 3137121.911067583598197 ], [ 456597.727716988243628, 3137122.959044981747866 ], [ 456599.022129035263788, 3137123.900870691984892 ], [ 456600.337710086605512, 3137124.709459620993584 ], [ 456601.663777453417424, 3137125.384598518721759 ], [ 456602.992897372634616, 3137125.951283378526568 ], [ 456604.318360890552867, 3137126.453219836112112 ], [ 456605.633432430448011, 3137126.942918714135885 ], [ 456606.932159502292052, 3137127.470415676012635 ], [ 456608.21107865817612, 3137128.072841560468078 ], [ 456609.470957770652603, 3137128.766847788821906 ], [ 456610.717789651884232, 3137129.54530425556004 ], [ 456611.962538515101187, 3137130.378852221183479 ], [ 456613.219535909825936, 3137131.221967883873731 ], [ 456614.503812038397882, 3137132.022341032512486 ], [ 456615.827935936686117, 3137132.731748627964407 ], [ 456617.199066874105483, 3137133.316315770614892 ], [ 456618.616877991415095, 3137133.764158406760544 ], [ 456620.072829596640076, 3137134.088878120295703 ], [ 456621.55099679750856, 3137134.328148508444428 ], [ 456623.030355658091139, 3137134.537559825927019 ], [ 456624.48815947008552, 3137134.78080577775836 ], [ 456625.90383363206638, 3137135.118030776735395 ], [ 456627.262709567090496, 3137135.594561190810055 ], [ 456628.558916598383803, 3137136.232229163404554 ], [ 456629.796856394037604, 3137137.025048039387912 ], [ 456630.990888751461171, 3137137.940184721723199 ], [ 456632.163140878896229, 3137138.924143571872264 ], [ 456633.339682451449335, 3137139.913028172682971 ], [ 456634.545638195530046, 3137140.844895344227552 ], [ 456635.800078799424227, 3137141.671744650229812 ], [ 456637.11167596525047, 3137142.36870986269787 ], [ 456638.476075241807848, 3137142.93855026178062 ], [ 456639.875705112877768, 3137143.410484304185957 ], [ 456641.28231860708911, 3137143.833577424753457 ], [ 456642.662018386472482, 3137144.266044008545578 ], [ 456643.981953647220507, 3137144.762701109983027 ], [ 456645.217425426759291, 3137145.363220100756735 ], [ 456646.357917046698276, 3137146.083662902005017 ], [ 456647.410659392364323, 3137146.913087505847216 ], [ 456648.400760526128579, 3137147.815912019927055 ], [ 456649.36761027976172, 3137148.739478375762701 ], [ 456650.358075571828522, 3137149.625135419424623 ], [ 456651.417749744548928, 3137150.420419357251376 ], [ 456652.582026189134922, 3137151.089714516885579 ], [ 456653.868895439663902, 3137151.621169597841799 ], [ 456655.275062696542591, 3137152.028527366928756 ], [ 456656.776300180878025, 3137152.347687633708119 ], [ 456658.332033618062269, 3137152.628988670185208 ], [ 456659.893226354732178, 3137152.927088157273829 ], [ 456661.411892301286571, 3137153.290747333783656 ], [ 456662.850219180982094, 3137153.754686180036515 ], [ 456664.187402852985542, 3137154.335036685690284 ], [ 456665.422850845032372, 3137155.028952589724213 ], [ 456666.575266642437782, 3137155.817892191931605 ], [ 456667.678058755584061, 3137156.673242237884551 ], [ 456668.772295426344499, 3137157.562505173962563 ], [ 456669.898857463325839, 3137158.454328587744385 ], [ 456671.091434906469658, 3137159.321179031860083 ], [ 456672.371596062090248, 3137160.139293305575848 ], [ 456673.746470302343369, 3137160.88643900025636 ], [ 456675.208840696664993, 3137161.53872747393325 ], [ 456676.73886046995176, 3137162.068044727668166 ], [ 456678.306354321481194, 3137162.441505510825664 ], [ 456679.872802337922622, 3137162.62373416358605 ], [ 456681.392566678521689, 3137162.581897194031626 ], [ 456682.81353894242784, 3137162.292502498719841 ], [ 456684.077933072403539, 3137161.74829811276868 ], [ 456685.124213048489764, 3137160.963352473918349 ], [ 456685.890997687820345, 3137159.974668768700212 ], [ 456686.323227487271652, 3137158.839428445789963 ], [ 456686.380050568608567, 3137157.627994440961629 ], [ 456686.043032611371018, 3137156.413869657088071 ], [ 456685.322703747893684, 3137155.262621616479009 ], [ 456684.261361808341462, 3137154.222128760069609 ], [ 456682.930569783784449, 3137153.316274112090468 ], [ 456681.422858138568699, 3137152.543451533652842 ], [ 456679.838539796706755, 3137151.88014013459906 ], [ 456678.269915122771636, 3137151.288617889396846 ], [ 456676.786101038975175, 3137150.726922878529876 ], [ 456675.4219511608826, 3137150.158672453369945 ], [ 456674.173899038461968, 3137149.560442448128015 ], [ 456673.004133627226111, 3137148.925065739545971 ], [ 456671.852604425337631, 3137148.260263542179018 ], [ 456670.654409182432573, 3137147.583204966038465 ], [ 456669.358641108963639, 3137146.912600866984576 ], [ 456667.944180970836896, 3137146.260523617267609 ], [ 456666.428426112397574, 3137145.626163188833743 ], [ 456664.866495106427465, 3137144.993186688050628 ], [ 456663.340701603854541, 3137144.331411911174655 ], [ 456661.942519514879677, 3137143.602387766819447 ], [ 456660.751254737435374, 3137142.767484357114881 ], [ 456659.814666840597056, 3137141.796483189798892 ], [ 456659.136538776161615, 3137140.674570444971323 ], [ 456658.674675999442115, 3137139.406081438995898 ], [ 456658.350354552036151, 3137138.014192143455148 ], [ 456658.067410896299407, 3137136.536772857885808 ], [ 456657.73667045251932, 3137135.019541170913726 ], [ 456657.299885357148014, 3137133.508241618983448 ], [ 456656.747211873764172, 3137132.041698583867401 ], [ 456656.123586913570762, 3137130.64722728729248 ], [ 456655.521879196690861, 3137129.339163877535611 ], [ 456655.063808144303039, 3137128.120401103980839 ], [ 456654.872593303560279, 3137126.986035242211074 ], [ 456655.043390007922426, 3137125.927752404939383 ], [ 456655.6182568090735, 3137124.937526572030038 ], [ 456656.57149758527521, 3137124.009564253967255 ], [ 456657.808924725046381, 3137123.140090411528945 ], [ 456659.181440291518811, 3137122.325324131175876 ], [ 456660.510080842999741, 3137121.558614468201995 ], [ 456661.617095131543465, 3137120.828011923469603 ], [ 456662.356332180614118, 3137120.115447644609958 ], [ 456662.636503824149258, 3137119.398208272177726 ], [ 456662.432657688157633, 3137118.652668438851833 ], [ 456661.784001384396106, 3137117.85948668513447 ], [ 456660.779361257853452, 3137117.008908350486308 ], [ 456659.534277817117982, 3137116.104624652769417 ], [ 456658.165397154458333, 3137115.164884260855615 ], [ 456656.768054915999528, 3137114.220192851033062 ], [ 456655.401770080206916, 3137113.307806728873402 ], [ 456654.086123870220035, 3137112.464098392054439 ], [ 456652.806799257639796, 3137111.716507155448198 ], [ 456651.529093123390339, 3137111.07700573746115 ], [ 456650.214590863906778, 3137110.538740013260394 ], [ 456648.836275731446221, 3137110.076788702514023 ], [ 456647.388170782709494, 3137109.653013635892421 ], [ 456645.887395495781675, 3137109.223973355256021 ], [ 456644.36874126381008, 3137108.750106984283775 ], [ 456642.873918883618899, 3137108.204059098381549 ], [ 456641.43896971072536, 3137107.576199599541724 ], [ 456640.083636927884072, 3137106.876053849235177 ], [ 456638.805732828972396, 3137106.129335148259997 ], [ 456637.581970110477414, 3137105.371322415303439 ], [ 456636.374817261938006, 3137104.638191454578191 ], [ 456635.143232858274132, 3137103.958377390168607 ], [ 456633.854098116280511, 3137103.346008376218379 ], [ 456632.491067556897178, 3137102.797923014499247 ], [ 456631.058391585655045, 3137102.294903133995831 ], [ 456629.578769444546197, 3137101.806740400847048 ], [ 456628.086022774397861, 3137101.29985733423382 ], [ 456626.614842602808494, 3137100.745633027516305 ], [ 456625.190646607836243, 3137100.127467175479978 ], [ 456623.822479696478695, 3137099.444964479189366 ], [ 456622.500945298059378, 3137098.714334342163056 ], [ 456621.201651705428958, 3137097.964994494337589 ], [ 456619.893036652181763, 3137097.233224559109658 ], [ 456618.546162432990968, 3137096.55434034159407 ], [ 456617.143517668126151, 3137095.955122756771743 ], [ 456615.684178080060519, 3137095.448101626243442 ], [ 456614.183774580829777, 3137095.028824121691287 ], [ 456612.669275890395511, 3137094.676563227549195 ], [ 456611.170164026960265, 3137094.358210083562881 ], [ 456609.70870702835964, 3137094.0345025123097 ], [ 456608.2923801196157, 3137093.667380900587887 ], [ 456606.910939196997788, 3137093.227174622472376 ], [ 456605.539347788551822, 3137092.698481608182192 ], [ 456604.1460573792574, 3137092.083933150861412 ], [ 456602.704518652462866, 3137091.405435683671385 ], [ 456601.204724032373633, 3137090.70285909390077 ], [ 456599.661374294024426, 3137090.03043677425012 ], [ 456598.116013413760811, 3137089.451337403152138 ], [ 456596.632011147099547, 3137089.030980268493295 ], [ 456595.283194896532223, 3137088.829732137732208 ], [ 456594.138726060336921, 3137088.89567882521078 ], [ 456593.247985764057375, 3137089.258221275173128 ], [ 456592.629439665994141, 3137089.923285921569914 ], [ 456592.266600202361587, 3137090.870917538646609 ], [ 456592.112485723919235, 3137092.055885901208967 ] ], [ [ 456639.572272557357792, 3137110.251311908941716 ], [ 456639.617439459718298, 3137110.518743095453829 ], [ 456639.652635772770736, 3137110.790006052702665 ], [ 456639.679754113953095, 3137111.062835942953825 ], [ 456639.700902173179202, 3137111.334957966580987 ], [ 456639.718358751444612, 3137111.604129906743765 ], [ 456639.734524062136188, 3137111.868184177670628 ], [ 456639.75186559301801, 3137112.125068485736847 ], [ 456639.772860979079269, 3137112.372884228825569 ], [ 456639.799939439864829, 3137112.609921843279153 ], [ 456639.835423396783881, 3137112.83469236921519 ], [ 456639.881471893633716, 3137113.045954602304846 ], [ 456639.940027403295971, 3137113.242737307678908 ], [ 456640.012767513864674, 3137113.424356080591679 ], [ 456640.101062852249015, 3137113.590424565598369 ], [ 456640.205942423082888, 3137113.740859861019999 ], [ 456640.328067330294289, 3137113.875882063992321 ], [ 456640.467713600490242, 3137113.996008039917797 ], [ 456640.624764565262012, 3137114.102039598394185 ], [ 456640.798712978605181, 3137114.19504638761282 ], [ 456640.988672762119677, 3137114.276343902572989 ], [ 456641.193399993586354, 3137114.347467098385096 ], [ 456641.41132248629583, 3137114.410140168387443 ], [ 456641.640577065467369, 3137114.466243114322424 ], [ 456641.879053431213833, 3137114.517775775399059 ], [ 456642.124443321488798, 3137114.566820016130805 ], [ 456642.374293548753485, 3137114.615500791464001 ], [ 456642.626061394461431, 3137114.665946803987026 ], [ 456642.877170800522435, 3137114.720251459628344 ], [ 456643.125067801564001, 3137114.780434801243246 ], [ 456643.367273695534095, 3137114.848407069221139 ], [ 456643.601434548385441, 3137114.925934479106218 ], [ 456643.82536576903658, 3137115.014607762452215 ], [ 456644.037090669735335, 3137115.115813950542361 ], [ 456644.234872133529279, 3137115.230711811687797 ], [ 456644.417236744309776, 3137115.36021128250286 ], [ 456644.582990980299655, 3137115.504957153461874 ], [ 456644.731229328550398, 3137115.665317205712199 ], [ 456644.861334429122508, 3137115.841374904382974 ], [ 456644.972969603142701, 3137116.032926691230386 ], [ 456645.066064343962353, 3137116.239483844488859 ], [ 456645.140793553378899, 3137116.460278800223023 ], [ 456645.197551474440843, 3137116.69427577406168 ], [ 456645.236921407922637, 3137116.94018544908613 ], [ 456645.25964239431778, 3137117.196483458857983 ], [ 456645.266574096283875, 3137117.461432325188071 ], [ 456645.258661124564242, 3137117.733106481842697 ], [ 456645.236898020491935, 3137118.009419968817383 ], [ 456645.202296031231526, 3137118.288156356196851 ], [ 456645.155852706579026, 3137118.567000430542976 ], [ 456645.098525201377925, 3137118.843571149278432 ], [ 456645.031207998632453, 3137119.115455374587327 ], [ 456644.954715578292962, 3137119.380241872277111 ], [ 456644.869770354183856, 3137119.635555078741163 ], [ 456644.776995993161108, 3137119.879088134504855 ], [ 456644.676916022319347, 3137120.108634702395648 ], [ 456644.569957436004188, 3137120.322119110729545 ], [ 456644.456458830216434, 3137120.517624381463975 ], [ 456644.336682435881812, 3137120.693417745642364 ], [ 456644.210829289862886, 3137120.847973274532706 ], [ 456644.079056686139666, 3137120.97999131726101 ], [ 456643.941496983170509, 3137121.088414463214576 ], [ 456643.798276819346938, 3137121.172439826652408 ], [ 456643.64953579637222, 3137121.231527484487742 ], [ 456643.495443738414906, 3137121.265404980629683 ], [ 456643.3362157131196, 3137121.274067863356322 ], [ 456643.172124112548772, 3137121.257776285987347 ], [ 456643.003507226647343, 3137121.217047779355198 ], [ 456642.830773898283951, 3137121.152646347880363 ], [ 456642.654404018714558, 3137121.065568129532039 ], [ 456642.474944800604135, 3137120.957023894879967 ], [ 456642.293002941529267, 3137120.828418728429824 ], [ 456642.109232965914998, 3137120.681329281069338 ], [ 456641.924322188831866, 3137120.517479015514255 ], [ 456641.738972889841534, 3137120.338711913209409 ], [ 456641.553882398467977, 3137120.146965115796775 ], [ 456641.369721883791499, 3137119.944241008255631 ], [ 456641.187114699394442, 3137119.732579229865223 ], [ 456641.006615157006308, 3137119.514029114041477 ], [ 456640.828688596317079, 3137119.290623023640364 ], [ 456640.65369357378222, 3137119.064351024106145 ], [ 456640.481866920599714, 3137118.837137301452458 ], [ 456640.313312317186501, 3137118.610818678047508 ], [ 456640.147992904181592, 3137118.38712552562356 ], [ 456639.985728303028736, 3137118.167665320448577 ], [ 456639.826196259120479, 3137117.953909002710134 ], [ 456639.668938949122094, 3137117.747180250938982 ], [ 456639.513373825699091, 3137117.548647696152329 ], [ 456639.358808704244439, 3137117.359320039860904 ], [ 456639.204460641893093, 3137117.180043968837708 ], [ 456639.049478020053357, 3137117.011504693422467 ], [ 456638.892965124046896, 3137116.85422888956964 ], [ 456638.734008422179613, 3137116.708589764777571 ], [ 456638.571703684225213, 3137116.574813934974372 ], [ 456638.405183049675543, 3137116.452989774290472 ], [ 456638.233641156926751, 3137116.343076871708035 ], [ 456638.056359479320236, 3137116.244916236028075 ], [ 456637.872728078451473, 3137116.158240885473788 ], [ 456637.68226408038754, 3137116.082686488050967 ], [ 456637.484626296383794, 3137116.01780172996223 ], [ 456637.279625550785568, 3137115.963058152236044 ], [ 456637.067230430897325, 3137115.917859219014645 ], [ 456636.847568338154815, 3137115.881548448931426 ], [ 456636.620921885769349, 3137115.853416498284787 ], [ 456636.387720852450002, 3137115.832707137800753 ], [ 456636.14853005547775, 3137115.818622141610831 ], [ 456635.904033648141194, 3137115.810325148981065 ], [ 456635.655016465403605, 3137115.806944633834064 ], [ 456635.40234313957626, 3137115.807576155755669 ], [ 456635.146935774595477, 3137115.811284110415727 ], [ 456634.889751008013263, 3137115.817103238776326 ], [ 456634.631757296330761, 3137115.824040161445737 ], [ 456634.373913235205691, 3137115.831075228285044 ], [ 456634.11714767239755, 3137115.837164968252182 ], [ 456633.862342288310174, 3137115.841245393734425 ], [ 456633.610317212413065, 3137115.842236414086074 ], [ 456633.361820115358569, 3137115.839047546032816 ], [ 456633.117519072839059, 3137115.830585075076669 ], [ 456632.877999344549607, 3137115.815760755445808 ], [ 456632.643764052190818, 3137115.793502075131983 ], [ 456632.415238584915642, 3137115.76276403805241 ], [ 456632.192778412485495, 3137115.722542340867221 ], [ 456631.976679849904031, 3137115.671887754928321 ], [ 456631.76719320344273, 3137115.609921447467059 ], [ 456631.564537632104475, 3137115.535850914660841 ], [ 456631.368916993262246, 3137115.448986142873764 ], [ 456631.180535904422868, 3137115.348755569662899 ], [ 456630.999615245265886, 3137115.23472137702629 ], [ 456630.826406348438468, 3137115.106593640055507 ], [ 456630.66120318393223, 3137114.964242840185761 ], [ 456630.50435192103032, 3137114.807710269466043 ], [ 456630.356257362815086, 3137114.637215887196362 ], [ 456630.217385873140302, 3137114.453163218684494 ], [ 456630.088264562538825, 3137114.256140965037048 ], [ 456629.969476652448066, 3137114.046921053901315 ], [ 456629.861653096217196, 3137113.826452957931906 ], [ 456629.765460693975911, 3137113.595854187384248 ], [ 456629.681587085186038, 3137113.3563969922252 ], [ 456629.61072314059129, 3137113.109491385985166 ], [ 456629.553543390706182, 3137112.856664740946144 ], [ 456629.51068522100104, 3137112.599538287613541 ], [ 456629.482727628666908, 3137112.339800962246954 ], [ 456629.470170371816494, 3137112.079181137029082 ], [ 456629.473414343199693, 3137111.819416843354702 ], [ 456629.492743972456083, 3137111.562225162051618 ], [ 456629.528312398004346, 3137111.309271500911564 ], [ 456629.580130059388466, 3137111.062139514833689 ], [ 456629.648057243553922, 3137110.822302415966988 ], [ 456629.731800976966042, 3137110.591096424032003 ], [ 456629.830916499136947, 3137110.369697057176381 ], [ 456629.944813383859582, 3137110.159098911099136 ], [ 456630.072766199125908, 3137109.960099507123232 ], [ 456630.213929423829541, 3137109.773287680931389 ], [ 456630.367356174450833, 3137109.599036880768836 ], [ 456630.532020142010879, 3137109.43750362470746 ], [ 456630.706840009777807, 3137109.288631225936115 ], [ 456630.890705514291767, 3137109.152158766053617 ], [ 456631.08250423806021, 3137109.027635145466775 ], [ 456631.281148176174611, 3137108.914437911938876 ], [ 456631.485599112696946, 3137108.811796431429684 ], [ 456631.694891869439743, 3137108.718818838242441 ], [ 456631.908154552045744, 3137108.634522103704512 ], [ 456632.124625016818754, 3137108.557864454109222 ], [ 456632.343662907776888, 3137108.487779316026717 ], [ 456632.5647567678825, 3137108.423209889791906 ], [ 456632.787525904423092, 3137108.363143451046199 ], [ 456633.011716877867002, 3137108.306644457392395 ], [ 456633.237194683635607, 3137108.252885565627366 ], [ 456633.46392889629351, 3137108.201175714377314 ], [ 456633.691975239722524, 3137108.150984490290284 ], [ 456633.92145322856959, 3137108.101962090469897 ], [ 456634.152520687493961, 3137108.053954307921231 ], [ 456634.385346089547966, 3137108.007012082729489 ], [ 456634.62007976003224, 3137107.961395318154246 ], [ 456634.856825057708193, 3137107.917570793069899 ], [ 456635.09561067679897, 3137107.876204175874591 ], [ 456635.336365200055297, 3137107.8381462758407 ], [ 456635.578894980193581, 3137107.804413851350546 ], [ 456635.822866336966399, 3137107.776165408547968 ], [ 456636.067792923597153, 3137107.754672583192587 ], [ 456636.313028956938069, 3137107.741287799086422 ], [ 456636.557768811879214, 3137107.737409009598196 ], [ 456636.801053267961834, 3137107.744442401453853 ], [ 456637.041782467451412, 3137107.763764000497758 ], [ 456637.278735409025103, 3137107.796681148465723 ], [ 456637.510595564672258, 3137107.844394834246486 ], [ 456637.735981983365491, 3137107.907963830977678 ], [ 456637.953485033824109, 3137107.988271567504853 ], [ 456638.161705754813738, 3137108.085996576584876 ], [ 456638.359297627059277, 3137108.201587284915149 ], [ 456638.545009463676251, 3137108.335241807624698 ], [ 456638.717728040006477, 3137108.486893270630389 ], [ 456638.876519053126685, 3137108.656201062258333 ], [ 456639.020665014977567, 3137108.842548270709813 ], [ 456639.149698747030925, 3137109.045045393984765 ], [ 456639.263431248313282, 3137109.262540289200842 ], [ 456639.361972859594971, 3137109.493634141981602 ], [ 456639.445746833225712, 3137109.736703126225621 ], [ 456639.515494635910727, 3137109.989925266709179 ], [ 456639.572272557357792, 3137110.251311908941716 ] ] ] } },
{ "type": "Feature", "properties": { "id": 5, "area_ha": 0.32984156358001393 }, "geometry": { "type": "Polygon", "coordinates": [ [ [ 457427.83184998924844, 3137151.238746135961264 ], [ 457426.890047084656544, 3137151.567760627251118 ], [ 457425.987115608644672, 3137152.007326445542276 ], [ 457425.119471336423885, 3137152.552366186399013 ], [ 457424.282015290227719, 3137153.192606447730213 ], [ 457423.468601147527806, 3137153.912971591576934 ], [ 457422.672477671178058, 3137154.694504532497376 ], [ 457421.886688444414176, 3137155.51573003269732 ], [ 457421.104425933619495, 3137156.354321544989944 ], [ 457420.319347567390651, 3137157.188895071391016 ], [ 457419.525866369483992, 3137158.000737485475838 ], [ 457418.719427242525853, 3137158.775284216273576 ], [ 457417.896773050772026, 3137159.503190974704921 ], [ 457417.056194082193542, 3137160.180892298929393 ], [ 457416.197742890683003, 3137160.810599825810641 ], [ 457415.323386798030697, 3137161.399757591076195 ], [ 457414.437065047794022, 3137161.960032166913152 ], [ 457413.544618597719818, 3137162.505964630283415 ], [ 457412.653568540292326, 3137163.053443397395313 ], [ 457411.772733624908142, 3137163.618168406188488 ], [ 457410.911696554452647, 3137164.21426743036136 ], [ 457410.080149916524533, 3137164.853196546901017 ], [ 457409.287172481359448, 3137165.543013591319323 ], [ 457408.540501832670998, 3137166.288062162231654 ], [ 457407.845877069339622, 3137167.089051490649581 ], [ 457407.206523790315259, 3137167.943471273873001 ], [ 457406.622842252079863, 3137168.84624621970579 ], [ 457406.092339419294149, 3137169.790516436565667 ], [ 457405.609818961587735, 3137170.768428542651236 ], [ 457405.167813503474463, 3137171.771837381180376 ], [ 457404.757214631303214, 3137172.79284627456218 ], [ 457404.368032345373649, 3137173.824149784632027 ], [ 457403.990200272412039, 3137174.859180968720466 ], [ 457403.614338365383446, 3137175.892099118325859 ], [ 457403.232391860685311, 3137176.917678753845394 ], [ 457402.838083123089746, 3137177.931172670330852 ], [ 457402.427139298582915, 3137178.928219649009407 ], [ 457401.997289763588924, 3137179.904851875733584 ], [ 457401.54805880098138, 3137180.857631150633097 ], [ 457401.080406234483235, 3137181.783911230973899 ], [ 457400.5962879335857, 3137182.682191633153707 ], [ 457400.098216330981813, 3137183.552501529920846 ], [ 457399.588897115783766, 3137184.39673576457426 ], [ 457399.071002610202413, 3137185.218861648347229 ], [ 457398.54711728024995, 3137186.024926246609539 ], [ 457398.019860083062667, 3137186.822818093467504 ], [ 457397.492156527354382, 3137187.621771446894854 ], [ 457396.96760528779123, 3137188.431640296243131 ], [ 457396.450864346930757, 3137189.262007474433631 ], [ 457395.947973196045496, 3137190.121225417591631 ], [ 457395.466532218270004, 3137191.015504202805459 ], [ 457395.015677707153372, 3137191.948165983427316 ], [ 457394.605818829673808, 3137192.919171498622745 ], [ 457394.248137399030384, 3137193.924995074979961 ], [ 457393.953887640789617, 3137194.958883028011769 ], [ 457393.733565905829892, 3137196.011481883469969 ], [ 457393.596044535632245, 3137197.071774082258344 ], [ 457393.547775993705727, 3137198.128216517623514 ], [ 457393.592170770745724, 3137199.169947582297027 ], [ 457393.729235348931979, 3137200.187915827613324 ], [ 457393.955526658741292, 3137201.175790103618056 ], [ 457394.264440824452322, 3137202.130536738783121 ], [ 457394.646811773069203, 3137203.052590805571526 ], [ 457395.091755278757773, 3137203.945600530132651 ], [ 457395.58766185719287, 3137204.815779467113316 ], [ 457396.123222209920641, 3137205.670952675398439 ], [ 457396.688364578818437, 3137206.519423673395067 ], [ 457397.27499519858975, 3137207.368812707718462 ], [ 457397.877459554118104, 3137208.225020396523178 ], [ 457398.492679786635563, 3137209.091453345026821 ], [ 457399.119967169361189, 3137209.968612088356167 ], [ 457399.760552005609497, 3137210.854091448709369 ], [ 457400.41691049723886, 3137211.742985947523266 ], [ 457401.091993813752197, 3137212.628636101260781 ], [ 457401.788475121487863, 3137213.50360321206972 ], [ 457402.508124197018333, 3137214.360727368853986 ], [ 457403.251397346146405, 3137215.194110641721636 ], [ 457404.017295854282565, 3137215.999876814428717 ], [ 457404.803504140581936, 3137216.776589571032673 ], [ 457405.606775342603214, 3137217.525258794892579 ], [ 457406.423493662266992, 3137218.248923216946423 ], [ 457407.250315192854032, 3137218.951859118882567 ], [ 457408.084776358795352, 3137219.63852062728256 ], [ 457408.925763565290254, 3137220.312359554227442 ], [ 457409.773758732480928, 3137220.9746955758892 ], [ 457410.630810129048768, 3137221.623807295691222 ], [ 457411.500221291731577, 3137222.25439094658941 ], [ 457412.38599639950553, 3137222.85748887527734 ], [ 457413.292121357866563, 3137223.420930123422295 ], [ 457414.221789680770598, 3137223.930258090142161 ], [ 457415.176696149283089, 3137224.37005428224802 ], [ 457416.156516549410298, 3137224.725511271972209 ], [ 457417.15866859088419, 3137224.984069836791605 ], [ 457418.178410206455737, 3137225.13692005071789 ], [ 457419.209282067080494, 3137225.180176304653287 ], [ 457420.243848295765929, 3137225.115570850204676 ], [ 457421.27464077383047, 3137224.950565384235233 ], [ 457422.295175524253864, 3137224.697848659008741 ], [ 457423.300890423124656, 3137224.374261549673975 ], [ 457424.289855598588474, 3137223.999260193668306 ], [ 457425.263132045976818, 3137223.593084078747779 ], [ 457426.22469778242521, 3137223.174832191783935 ], [ 457427.180918930389453, 3137222.760662105400115 ], [ 457428.139607843244448, 3137222.362312754616141 ], [ 457429.108772869163658, 3137221.986113524530083 ], [ 457430.095215652778279, 3137221.632585030049086 ], [ 457431.103164216736332, 3137221.296667798887938 ], [ 457432.133138012781274, 3137220.96854257537052 ], [ 457433.18122237623902, 3137220.634939034935087 ], [ 457434.238885655824561, 3137220.280776274390519 ], [ 457435.293407541525085, 3137219.890944741200656 ], [ 457436.328909595031291, 3137219.452028784900904 ], [ 457437.327898552932311, 3137218.953782337717712 ], [ 457438.273160240263678, 3137218.39020501403138 ], [ 457439.14978687861003, 3137217.760117128957063 ], [ 457439.947091184207238, 3137217.067193036433309 ], [ 457440.660161779611371, 3137216.31947498768568 ], [ 457441.290847101248801, 3137215.528446805197746 ], [ 457441.848016067699064, 3137214.707791474182159 ], [ 457442.347026406554505, 3137213.871984540484846 ], [ 457442.808425840106793, 3137213.034883653745055 ], [ 457443.25600567238871, 3137212.208463887218386 ], [ 457443.714408773463219, 3137211.40182120539248 ], [ 457444.206553859927226, 3137210.620527142193168 ], [ 457444.751167296955828, 3137209.866372120101005 ], [ 457445.360708121675998, 3137209.137488971929997 ], [ 457446.039931659819558, 3137208.428807781077921 ], [ 457446.785266426682938, 3137207.732762644067407 ], [ 457447.585086277977098, 3137207.040153093636036 ], [ 457448.420856183452997, 3137206.341058680787683 ], [ 457449.269028147333302, 3137205.625713432207704 ], [ 457450.103476179589052, 3137204.885265024844557 ], [ 457450.898196580354124, 3137204.112367817666382 ], [ 457451.629969807690941, 3137203.301585159730166 ], [ 457452.280686449725181, 3137202.44960076501593 ], [ 457452.839081408979837, 3137201.555258197244257 ], [ 457453.301692027307581, 3137200.619459739420563 ], [ 457453.672948535066098, 3137199.644960558973253 ], [ 457453.964407367981039, 3137198.636091949418187 ], [ 457454.193236961495131, 3137197.598440447822213 ], [ 457454.380149556091055, 3137196.538500401191413 ], [ 457454.547031345136929, 3137195.46330881677568 ], [ 457454.714550281292759, 3137194.380065426696092 ], [ 457454.900013447680976, 3137193.295739443507046 ], [ 457455.115705884818453, 3137192.216667853295803 ], [ 457455.367875982599799, 3137191.148157604504377 ], [ 457455.656448091438506, 3137190.094113940838724 ], [ 457455.975451967853587, 3137189.056726840790361 ], [ 457456.314072690380272, 3137188.036254409700632 ], [ 457456.658154428878333, 3137187.030943568330258 ], [ 457456.991945278830826, 3137186.037122851703316 ], [ 457457.299853274307679, 3137185.04948902130127 ], [ 457457.567996759840753, 3137184.061589301563799 ], [ 457457.785372662416194, 3137183.066476555541158 ], [ 457457.944527514220681, 3137182.057488867547363 ], [ 457458.041689448000398, 3137181.029081630520523 ], [ 457458.076394622388761, 3137179.977623386774212 ], [ 457458.050708527676761, 3137178.902059609536082 ], [ 457457.968192678701598, 3137177.804353610612452 ], [ 457457.832794191257562, 3137176.689631462562829 ], [ 457457.647836806485429, 3137175.565986966248602 ], [ 457457.415267836186104, 3137174.443940416909754 ], [ 457457.135270391823724, 3137173.335586699191481 ], [ 457456.806291023618542, 3137172.253508862573653 ], [ 457456.425468184461351, 3137171.209567117039114 ], [ 457455.989385900553316, 3137170.21369533194229 ], [ 457455.495028131233994, 3137169.272843834478408 ], [ 457454.940779105701949, 3137168.390196928288788 ], [ 457454.327307306462899, 3137167.564766483381391 ], [ 457453.658186415792443, 3137166.791421990375966 ], [ 457452.940142941486556, 3137166.061367281712592 ], [ 457452.182872087520082, 3137165.36302092904225 ], [ 457451.398423418460879, 3137164.683207836002111 ], [ 457450.600217693019658, 3137164.008530366700143 ], [ 457449.801807790645398, 3137163.326763745397329 ], [ 457449.01553306193091, 3137162.628115962259471 ], [ 457448.251232998271007, 3137161.906207956373692 ], [ 457447.515180880611297, 3137161.158663806505501 ], [ 457446.809372014307883, 3137160.387248918879777 ], [ 457446.13125801156275, 3137159.597550656180829 ], [ 457445.473964240751229, 3137158.798253210727125 ], [ 457444.826969245041255, 3137158.000109243672341 ], [ 457444.177170197188389, 3137157.214748161844909 ], [ 457443.510214175505098, 3137156.453479798976332 ], [ 457442.811946511443239, 3137155.726250092498958 ], [ 457442.069817756768316, 3137155.040882236789912 ], [ 457441.274100473732688, 3137154.40269573405385 ], [ 457440.418794076365884, 3137153.814542172942311 ], [ 457439.502136205439456, 3137153.277237622532994 ], [ 457438.526686941564549, 3137152.790315175428987 ], [ 457437.49900121812243, 3137152.352975147776306 ], [ 457436.428948914399371, 3137151.965081055648625 ], [ 457435.328776149544865, 3137151.628040983341634 ], [ 457434.212021720886696, 3137151.345427659805864 ], [ 457433.092407940304838, 3137151.123224946204573 ], [ 457431.982815906347241, 3137150.969639014452696 ], [ 457430.894433980574831, 3137150.894472674932331 ], [ 457429.836138801940251, 3137150.908123057801276 ], [ 457428.814135241729673, 3137151.020317856688052 ], [ 457427.83184998924844, 3137151.238746135961264 ] ] ] } },
{ "type": "Feature", "properties": { "id": 6, "area_ha": 8.2306489159507024 }, "geometry": { "type": "Polygon", "coordinates": [ [ [ 456850.022480516228825, 3136934.359205506276339 ], [ 456841.003814605355728, 3136934.013255111407489 ], [ 456831.933187882590573, 3136934.202670596074313 ], [ 456823.324647926376201, 3136934.755525705870241 ], [ 456815.164586673199665, 3136935.142425356898457 ], [ 456806.813583646784537, 3136934.926385811064392 ], [ 456797.65819794323761, 3136934.202206512913108 ], [ 456787.98796577216126, 3136933.699756533373147 ], [ 456779.263741353002843, 3136934.465609441045672 ], [ 456773.395475725759752, 3136937.333506018389016 ], [ 456771.498017848585732, 3136942.52597629185766 ], [ 456773.09277041972382, 3136949.61373959062621 ], [ 456776.40807168133324, 3136957.804477836471051 ], [ 456779.5533817934338, 3136966.33648717077449 ], [ 456781.652206315542571, 3136974.741354675032198 ], [ 456783.099929902877193, 3136982.881817251909524 ], [ 456784.870405224268325, 3136990.830203969031572 ], [ 456787.556724171969108, 3136998.714992366265506 ], [ 456790.956666904443409, 3137006.619126002769917 ], [ 456794.450096873799339, 3137014.538820263464004 ], [ 456797.709386392030865, 3137022.377372360788286 ], [ 456801.057198864989914, 3137029.961857413407415 ], [ 456805.184602539055049, 3137037.088294847868383 ], [ 456810.547578277124558, 3137043.590069888159633 ], [ 456817.011406378122047, 3137049.398630812298506 ], [ 456824.024392314313445, 3137054.561883333139122 ], [ 456831.095492589462083, 3137059.216097383294255 ], [ 456838.11049520393135, 3137063.541395159903914 ], [ 456845.237651375238784, 3137067.73132146615535 ], [ 456852.592555456270929, 3137071.973877075593919 ], [ 456860.036903671454638, 3137076.416086557786912 ], [ 456867.304424270521849, 3137081.103111790958792 ], [ 456874.293696428881958, 3137085.931869568303227 ], [ 456881.20367983635515, 3137090.681064561475068 ], [ 456888.362066593079362, 3137095.134264457505196 ], [ 456895.91517915611621, 3137099.227600214537233 ], [ 456903.686613196565304, 3137103.108521108049899 ], [ 456911.340474125056062, 3137107.043574468698353 ], [ 456918.685258061334025, 3137111.232009343802929 ], [ 456925.825083501171321, 3137115.667975667398423 ], [ 456933.02475892752409, 3137120.164367372170091 ], [ 456940.435804228240158, 3137124.521369779016823 ], [ 456947.954702352639288, 3137128.700682977680117 ], [ 456955.340585980506148, 3137132.859924405813217 ], [ 456962.46080937795341, 3137137.220036082901061 ], [ 456969.41572845808696, 3137141.880494058597833 ], [ 456976.424329290806782, 3137146.739521162584424 ], [ 456983.591402646328788, 3137151.583503713831306 ], [ 456990.788634739117697, 3137156.264356376137584 ], [ 456997.76520777575206, 3137160.812573511619121 ], [ 457004.381281880836468, 3137165.395501306746155 ], [ 457010.746102672477718, 3137170.165959760081023 ], [ 457017.139351483259816, 3137175.135747580323368 ], [ 457023.795477959036361, 3137180.178182357456535 ], [ 457030.743452347116545, 3137185.147565045859665 ], [ 457037.825150940392632, 3137190.006363891996443 ], [ 457044.847344599489588, 3137194.853548272512853 ], [ 457051.718354862357955, 3137199.838863748125732 ], [ 457058.463910056336317, 3137205.042941239662468 ], [ 457065.144022623659112, 3137210.422459851019084 ], [ 457071.773748154053465, 3137215.855739437043667 ], [ 457078.320663565827999, 3137221.239736505784094 ], [ 457084.761541014013346, 3137226.555959092453122 ], [ 457091.127833417267539, 3137231.860061365645379 ], [ 457097.496193336846773, 3137237.217023344244808 ], [ 457103.94198666891316, 3137242.642373616341501 ], [ 457110.501519778626971, 3137248.094238637015224 ], [ 457117.164563306781929, 3137253.513229689095169 ], [ 457123.884275378484745, 3137258.870631435886025 ], [ 457130.589174342807382, 3137264.186190339270979 ], [ 457137.203677797981072, 3137269.507122074253857 ], [ 457143.688006741343997, 3137274.870994072873145 ], [ 457150.078516208741348, 3137280.283277741167694 ], [ 457156.482597048510797, 3137285.723447383847088 ], [ 457163.006065917434171, 3137291.168277131859213 ], [ 457169.658784504106734, 3137296.60822767438367 ], [ 457176.32707580778515, 3137302.042234141379595 ], [ 457182.858123761427123, 3137307.459842364303768 ], [ 457189.195593104988802, 3137312.836911019869149 ], [ 457195.438766008475795, 3137318.16367982281372 ], [ 457201.750945936946664, 3137323.492437095846981 ], [ 457208.184094486117829, 3137328.960767640266567 ], [ 457214.584069537639152, 3137334.748034975957125 ], [ 457220.687440662586596, 3137340.968598210252821 ], [ 457226.34894796682056, 3137347.566456707660109 ], [ 457231.704124559357297, 3137354.298831030726433 ], [ 457237.110103643557522, 3137360.847058414015919 ], [ 457242.8975691870437, 3137366.997209546156228 ], [ 457249.138151065970305, 3137372.765184970572591 ], [ 457255.622269509942271, 3137378.367569056805223 ], [ 457262.055809722631238, 3137384.05310208722949 ], [ 457268.291595890244935, 3137389.923366904724389 ], [ 457274.392574723460712, 3137395.885715289972723 ], [ 457280.49282052682247, 3137401.774127065204084 ], [ 457286.615361207281239, 3137407.529282154049724 ], [ 457292.637161409889814, 3137413.273629211820662 ], [ 457298.435046052618418, 3137419.206542859785259 ], [ 457304.059159856056795, 3137425.407108115497977 ], [ 457309.748618780169636, 3137431.723993606865406 ], [ 457315.759053417306859, 3137437.864305819850415 ], [ 457322.160500029625837, 3137443.617517090402544 ], [ 457328.799589660018682, 3137449.02005128050223 ], [ 457335.46569510770496, 3137454.302427965216339 ], [ 457342.106148327875417, 3137459.641389336902648 ], [ 457348.88921292842133, 3137464.911341679282486 ], [ 457356.05838870833395, 3137469.642055567819625 ], [ 457363.715965417795815, 3137473.228368440642953 ], [ 457371.731848378782161, 3137475.238687582779676 ], [ 457379.846798104001209, 3137475.599587908480316 ], [ 457387.857827104802709, 3137474.545934328809381 ], [ 457395.713311199680902, 3137472.41530735976994 ], [ 457403.454200708656572, 3137469.468839874025434 ], [ 457411.095193450222723, 3137465.861158319748938 ], [ 457418.585406090773176, 3137461.730402648448944 ], [ 457425.884228349546902, 3137457.27868436742574 ], [ 457433.052408519783057, 3137452.746143867261708 ], [ 457440.237454210408032, 3137448.301073670852929 ], [ 457447.548169480112847, 3137443.953757558949292 ], [ 457454.941457882989198, 3137439.576904495246708 ], [ 457462.245907912321854, 3137435.015763267409056 ], [ 457469.313525082892738, 3137430.197377629578114 ], [ 457476.158210897701792, 3137425.165010639000684 ], [ 457482.946362024231348, 3137420.039951900020242 ], [ 457489.849041123990901, 3137414.964849879033864 ], [ 457496.901236000878271, 3137410.064543788786978 ], [ 457504.000498522189446, 3137405.408911048900336 ], [ 457511.024771524767857, 3137400.950244152452797 ], [ 457517.913976160692982, 3137396.45807937765494 ], [ 457524.588281035539694, 3137391.529320427682251 ], [ 457530.75151881063357, 3137385.732397766318172 ], [ 457535.779509460320696, 3137378.842572930734605 ], [ 457538.859453790821135, 3137371.026412936393172 ], [ 457539.340675253071822, 3137362.839322676416487 ], [ 457537.061421194928698, 3137355.025315246079117 ], [ 457532.413811668870039, 3137348.252680196426809 ], [ 457526.1082381021115, 3137342.954811204690486 ], [ 457518.825035754882265, 3137339.338705603964627 ], [ 457511.000167560763657, 3137337.473694254644215 ], [ 457502.845954270742368, 3137337.321688986383379 ], [ 457494.503467813192401, 3137338.665630124043673 ], [ 457486.143569392501377, 3137341.037802701350302 ], [ 457477.92978155502351, 3137343.791723381727934 ], [ 457469.913493247760925, 3137346.342324186582118 ], [ 457461.994421459676232, 3137348.421687197405845 ], [ 457454.000769069301896, 3137350.136574451811612 ], [ 457445.818938037147745, 3137351.750397121533751 ], [ 457437.459574300562963, 3137353.344413022976369 ], [ 457429.017233061662409, 3137354.636207116302103 ], [ 457420.581526876136195, 3137355.123501092661172 ], [ 457412.186402162711602, 3137354.455052379518747 ], [ 457403.825809907983057, 3137352.729940393473953 ], [ 457395.493800256750546, 3137350.468802627176046 ], [ 457387.19988437066786, 3137348.259810884483159 ], [ 457378.960014184005558, 3137346.346450606826693 ], [ 457370.798795338370837, 3137344.474074296187609 ], [ 457362.773605432827026, 3137342.106794203165919 ], [ 457354.98174997640308, 3137338.835895275697112 ], [ 457347.511505843489431, 3137334.661380470264703 ], [ 457340.364380407845601, 3137329.944562946911901 ], [ 457333.43653340038145, 3137325.096097385976464 ], [ 457326.615047054830939, 3137320.261200681328773 ], [ 457319.926573791308329, 3137315.242850656621158 ], [ 457313.588270296168048, 3137309.699113493785262 ], [ 457307.86734094429994, 3137303.437775932718068 ], [ 457302.833791904093232, 3137296.574951775372028 ], [ 457298.227547034621239, 3137289.451006023678929 ], [ 457293.600625079357997, 3137282.39037753129378 ], [ 457288.658403934678063, 3137275.498397602699697 ], [ 457283.517142282275017, 3137268.639160071033984 ], [ 457278.627453559194691, 3137261.589822736568749 ], [ 457274.388226862298325, 3137254.239927346352488 ], [ 457270.760377188446, 3137246.687908180523664 ], [ 457267.218524222436827, 3137239.177643631119281 ], [ 457263.103672730270773, 3137231.937332982197404 ], [ 457258.093657171586528, 3137225.044239642098546 ], [ 457252.4007648655097, 3137218.407414302229881 ], [ 457246.539765356574208, 3137211.869521184358746 ], [ 457240.878319765557535, 3137205.347115051932633 ], [ 457235.356513597769663, 3137198.910274066030979 ], [ 457229.593303843575995, 3137192.752939866855741 ], [ 457223.249253014742862, 3137187.083269414957613 ], [ 457216.306947458302602, 3137182.012850664556026 ], [ 457209.039268312219065, 3137177.514061179943383 ], [ 457201.738040704047307, 3137173.460232992656529 ], [ 457194.479308787558693, 3137169.708444039337337 ], [ 457187.128510249196552, 3137166.168671797029674 ], [ 457179.535547299019527, 3137162.82905107922852 ], [ 457171.696093827951699, 3137159.744339369237423 ], [ 457163.722349207440857, 3137157.009639234282076 ], [ 457155.684622270520777, 3137154.728754725772887 ], [ 457147.51948484784225, 3137152.971451471559703 ], [ 457139.115257939090952, 3137151.721909156534821 ], [ 457130.480337415123358, 3137150.846525792498142 ], [ 457121.79847452940885, 3137150.118846927769482 ], [ 457113.289851637091488, 3137149.306923211086541 ], [ 457105.009206088143401, 3137148.271692766342312 ], [ 457096.795483802154195, 3137146.998224379029125 ], [ 457088.443971969536506, 3137145.524328357540071 ], [ 457079.940738623496145, 3137143.820134790148586 ], [ 457071.519300411862787, 3137141.730315996799618 ], [ 457063.463878967741039, 3137139.052969756070524 ], [ 457055.837095575698186, 3137135.711944804061204 ], [ 457048.398409129586071, 3137131.879509127233177 ], [ 457040.805869169533253, 3137127.921477186027914 ], [ 457032.921353445563, 3137124.172301569022238 ], [ 457024.93528173660161, 3137120.69744905969128 ], [ 457017.196267786843237, 3137117.232192642521113 ], [ 457009.910781708138529, 3137113.359083585441113 ], [ 457002.995228065119591, 3137108.797283521853387 ], [ 456996.206220096617471, 3137103.583426039200276 ], [ 456989.403177881613374, 3137098.008786966092885 ], [ 456982.679988066200167, 3137092.373455237597227 ], [ 456976.249539123964496, 3137086.761293709743768 ], [ 456970.220030204043724, 3137081.011141917202622 ], [ 456964.503912241780199, 3137074.888764247298241 ], [ 456958.9497125078924, 3137068.299655660055578 ], [ 456953.545588305220008, 3137061.362687428481877 ], [ 456948.465519807534292, 3137054.296711302828044 ], [ 456943.897317985014524, 3137047.234206038527191 ], [ 456939.829986968135927, 3137040.127938274294138 ], [ 456936.033189499168657, 3137032.822864152025431 ], [ 456932.268625180702657, 3137025.217941329348832 ], [ 456928.528692074818537, 3137017.371016115415841 ], [ 456925.059840335743502, 3137009.457834418863058 ], [ 456922.144301473454107, 3137001.623038881458342 ], [ 456919.86293503374327, 3136993.846937576774508 ], [ 456918.077661299554165, 3136985.935343679506332 ], [ 456916.626934503321536, 3136977.649029671680182 ], [ 456915.477526191039942, 3136968.900739554315805 ], [ 456914.60249961662339, 3136959.914484264329076 ], [ 456913.662117834959645, 3136951.262977205216885 ], [ 456911.84417590056546, 3136943.74606017023325 ], [ 456908.152382968110032, 3136938.129772840999067 ], [ 456902.025180609023664, 3136934.831594473216683 ], [ 456893.793975080305245, 3136933.695366301573813 ], [ 456884.540363590698689, 3136934.001006963662803 ], [ 456875.398320225125644, 3136934.756964712869376 ], [ 456866.847620534477755, 3136935.153395792935044 ], [ 456858.580208864470478, 3136934.920457834377885 ], [ 456850.022480516228825, 3136934.359205506276339 ] ] ] } },
{ "type": "Feature", "properties": { "id": 7, "area_ha": 1.1872421074957231 }, "geometry": { "type": "Polygon", "coordinates": [ [ [ 457605.266195915988646, 3137159.045442208182067 ], [ 457604.207147188833915, 3137161.229902723338455 ], [ 457603.158331316779368, 3137163.550211961846799 ], [ 457602.287021883763373, 3137166.045606362167746 ], [ 457601.741499245981686, 3137168.655433412641287 ], [ 457601.562770501768682, 3137171.287230087444186 ], [ 457601.642516130232252, 3137173.88533703610301 ], [ 457601.756183812220115, 3137176.451150573790073 ], [ 457601.655801819986664, 3137179.009897665586323 ], [ 457601.171051565906964, 3137181.558954741805792 ], [ 457600.263502905960195, 3137184.041890846099705 ], [ 457599.009943451266736, 3137186.368784349411726 ], [ 457597.535292978165671, 3137188.468066541943699 ], [ 457595.943895952601451, 3137190.334056025836617 ], [ 457594.292126854474191, 3137192.039528608787805 ], [ 457592.61113717261469, 3137193.706632124725729 ], [ 457590.951162623416167, 3137195.453991906251758 ], [ 457589.404317292675842, 3137197.348322284407914 ], [ 457588.080642150482163, 3137199.382685468066484 ], [ 457587.048976814781781, 3137201.48828301904723 ], [ 457586.283642054069787, 3137203.571953791659325 ], [ 457585.658985434274655, 3137205.562710209283978 ], [ 457585.005079489841592, 3137207.448281356599182 ], [ 457584.197892938158475, 3137209.286021833308041 ], [ 457583.232101717963815, 3137211.18165198341012 ], [ 457582.23081103246659, 3137213.243010093457997 ], [ 457581.380646247242112, 3137215.529312341008335 ], [ 457580.822912778123282, 3137218.021222002804279 ], [ 457580.557727389328647, 3137220.627801541704684 ], [ 457580.414063138072379, 3137223.226395036093891 ], [ 457580.107252053159755, 3137225.712838659062982 ], [ 457579.363053998735268, 3137228.035279230680317 ], [ 457578.054290214087814, 3137230.198715445119888 ], [ 457576.286772009683773, 3137232.248612169642001 ], [ 457574.389370651450008, 3137234.253352752886713 ], [ 457572.801442251831759, 3137236.297233272343874 ], [ 457571.895159145991784, 3137238.475587154272944 ], [ 457571.803602304251399, 3137240.871428315062076 ], [ 457572.332747440435924, 3137243.504495596978813 ], [ 457573.009186290204525, 3137246.274472958873957 ], [ 457573.26075056346599, 3137248.945503135677427 ], [ 457572.664013122033793, 3137251.211406532209367 ], [ 457571.150289106473792, 3137252.834510546643287 ], [ 457569.066151234321296, 3137253.792235793545842 ], [ 457567.042431719251908, 3137254.338622787967324 ], [ 457565.716053919284604, 3137254.922030138317496 ], [ 457565.428525917115621, 3137255.983373871538788 ], [ 457566.048903012240771, 3137257.74035074096173 ], [ 457567.017409680294804, 3137260.084418545011431 ], [ 457567.59872782061575, 3137262.656810655258596 ], [ 457567.224938902596477, 3137265.06131795886904 ], [ 457565.757093803433236, 3137267.085390236228704 ], [ 457563.532960069307592, 3137268.796524914912879 ], [ 457561.179351299477275, 3137270.463056650012732 ], [ 457559.291399995156098, 3137272.362444672267884 ], [ 457558.149624640471302, 3137274.608409448992461 ], [ 457557.620338714914396, 3137277.10540385171771 ], [ 457557.280752404301893, 3137279.644183590076864 ], [ 457556.686917243758217, 3137282.055269167292863 ], [ 457555.630203081353102, 3137284.306625162251294 ], [ 457554.244901529978961, 3137286.485580996144563 ], [ 457552.92146744672209, 3137288.697721709962934 ], [ 457552.08989594358718, 3137290.974857836961746 ], [ 457552.001900678966194, 3137293.266559009905905 ], [ 457552.626387400901876, 3137295.51317497016862 ], [ 457553.696312663902063, 3137297.727278237231076 ], [ 457554.857634145882912, 3137300.004033420234919 ], [ 457555.824942979612388, 3137302.44472352322191 ], [ 457556.464677025913261, 3137305.058258511591703 ], [ 457556.785794690542389, 3137307.733210220467299 ], [ 457556.875867973780259, 3137310.319189317990094 ], [ 457556.84114186669467, 3137312.760427356231958 ], [ 457556.785762368002906, 3137315.165484743192792 ], [ 457556.822497215063777, 3137317.731411951594055 ], [ 457557.079689676815178, 3137320.552624775562435 ], [ 457557.676333441166207, 3137323.451613237615675 ], [ 457558.670310481975321, 3137325.981104576960206 ], [ 457560.015583393338602, 3137327.640770032070577 ], [ 457561.566792935074773, 3137328.192792602814734 ], [ 457563.140716986090411, 3137327.865403127856553 ], [ 457564.604286769754253, 3137327.282246364280581 ], [ 457565.937773981946521, 3137327.128509410191327 ], [ 457567.235407279804349, 3137327.74836634285748 ], [ 457568.644961933605373, 3137328.931506354827434 ], [ 457570.28543642925797, 3137330.035970585420728 ], [ 457572.192209515196737, 3137330.377797679044306 ], [ 457574.316541459411383, 3137329.64091002382338 ], [ 457576.568670109030791, 3137328.046324245166034 ], [ 457578.868226835737005, 3137326.180443536955863 ], [ 457581.168748790980317, 3137324.608560885768384 ], [ 457583.44911062263418, 3137323.536511456593871 ], [ 457585.691607852175366, 3137322.738526382483542 ], [ 457587.873235419974662, 3137321.778203535359353 ], [ 457589.979750928701833, 3137320.348722937051207 ], [ 457592.027205835736822, 3137318.487711124122143 ], [ 457594.064861121703871, 3137316.525535750202835 ], [ 457596.14702754211612, 3137314.82295429892838 ], [ 457598.289075811742805, 3137313.50108886603266 ], [ 457600.441544519038871, 3137312.361065954901278 ], [ 457602.508501215721481, 3137311.043207813985646 ], [ 457604.405115113011561, 3137309.298904907889664 ], [ 457606.117412778374273, 3137307.171468208078295 ], [ 457607.720026113966014, 3137304.957018684130162 ], [ 457609.333868106652517, 3137302.982212194241583 ], [ 457611.048351118166465, 3137301.367779234889895 ], [ 457612.861074563697912, 3137299.950354957021773 ], [ 457614.679415970051195, 3137298.412642732728273 ], [ 457616.386795634462032, 3137296.518401259090751 ], [ 457617.9301041996805, 3137294.277684745844454 ], [ 457619.367408731079195, 3137291.927354554180056 ], [ 457620.840483617561404, 3137289.752139874733984 ], [ 457622.488187066453975, 3137287.885476213414222 ], [ 457624.358056716097053, 3137286.234639046248049 ], [ 457626.375058504519984, 3137284.573483909014612 ], [ 457628.386783515452407, 3137282.719530752394348 ], [ 457630.25183866196312, 3137280.656024711672217 ], [ 457631.910345134558156, 3137278.512021974660456 ], [ 457633.391842626268044, 3137276.42879245383665 ], [ 457634.76354761607945, 3137274.427737928926945 ], [ 457636.065040306653827, 3137272.388121776282787 ], [ 457637.282072001078632, 3137270.15131467487663 ], [ 457638.378065506345592, 3137267.665992563590407 ], [ 457639.353813231864478, 3137265.055752210319042 ], [ 457640.281493294751272, 3137262.551243478897959 ], [ 457641.278182668203954, 3137260.334617192391306 ], [ 457642.432801886985544, 3137258.412560400087386 ], [ 457643.741281342867296, 3137256.613284198567271 ], [ 457645.104525288392324, 3137254.709723845124245 ], [ 457646.399640555027872, 3137252.577670866623521 ], [ 457647.578127163054887, 3137250.273991696536541 ], [ 457648.718429722939618, 3137247.9822304896079 ], [ 457649.987166038539726, 3137245.871597179211676 ], [ 457651.527390120842028, 3137243.975867339409888 ], [ 457653.348327469197102, 3137242.177983716595918 ], [ 457655.297042710823007, 3137240.303773996420205 ], [ 457657.140604778018314, 3137238.248802235350013 ], [ 457658.711317425593734, 3137236.044586245901883 ], [ 457660.020292945031542, 3137233.822974825743586 ], [ 457661.260661527398042, 3137231.715600324328989 ], [ 457662.692228221276309, 3137229.768194906879216 ], [ 457664.477435953973327, 3137227.928019565530121 ], [ 457666.571257720526773, 3137226.099553409032524 ], [ 457668.733157411159482, 3137224.212332903873175 ], [ 457670.651398950838484, 3137222.245034809689969 ], [ 457672.101292094856035, 3137220.196442007087171 ], [ 457673.043859646480996, 3137218.043669708073139 ], [ 457673.616117834637407, 3137215.737380375154316 ], [ 457674.034416377020534, 3137213.245514054782689 ], [ 457674.479498954839073, 3137210.606200235895813 ], [ 457675.028022454294842, 3137207.933890402782708 ], [ 457675.650683787884191, 3137205.358527323231101 ], [ 457676.24988843529718, 3137202.937960214912891 ], [ 457676.695106592727825, 3137200.616584351751953 ], [ 457676.837368680629879, 3137198.275292923673987 ], [ 457676.519722495926544, 3137195.845612177625299 ], [ 457675.613046772254165, 3137193.400693880859762 ], [ 457674.082362770452164, 3137191.140407554339617 ], [ 457672.047300500969868, 3137189.26203420991078 ], [ 457669.780072333698627, 3137187.800363582093269 ], [ 457667.610868842748459, 3137186.559390774462372 ], [ 457665.773239171656314, 3137185.205472233239561 ], [ 457664.277247453224845, 3137183.479043950792402 ], [ 457662.900304755370598, 3137181.388330307789147 ], [ 457661.322391133115161, 3137179.245609642472118 ], [ 457659.339104423299432, 3137177.504013277590275 ], [ 457657.024711330130231, 3137176.487093659583479 ], [ 457654.734807292174082, 3137176.181225108448416 ], [ 457652.930721055308823, 3137176.225672443397343 ], [ 457651.919927551585715, 3137176.108500071335584 ], [ 457651.665773460408673, 3137175.444090663455427 ], [ 457651.784421941032633, 3137174.159490972291678 ], [ 457651.736228521796875, 3137172.482815297786146 ], [ 457651.101525288890116, 3137170.759073820430785 ], [ 457649.780984190118033, 3137169.225504237227142 ], [ 457648.009204399888404, 3137167.890355111565441 ], [ 457646.184843148628715, 3137166.575779200997204 ], [ 457644.628231428505387, 3137165.07175900042057 ], [ 457643.411811162950471, 3137163.283798252698034 ], [ 457642.352973146771546, 3137161.280427393503487 ], [ 457641.153741467918735, 3137159.230133292265236 ], [ 457639.586266516125761, 3137157.29422818031162 ], [ 457637.60842501494335, 3137155.558192199561745 ], [ 457635.351839966839179, 3137154.036304525099695 ], [ 457633.010865402873605, 3137152.718631949275732 ], [ 457630.717766832385678, 3137151.600533654913306 ], [ 457628.484232452407014, 3137150.663065366912633 ], [ 457626.234086574288085, 3137149.829677601344883 ], [ 457623.889498182048555, 3137148.95853596040979 ], [ 457621.44502721063327, 3137147.908449697773904 ], [ 457618.98358704027487, 3137146.653960305731744 ], [ 457616.634887769294437, 3137145.371554868295789 ], [ 457614.514121819171123, 3137144.420585284940898 ], [ 457612.682582071225625, 3137144.204836401157081 ], [ 457611.146010447526351, 3137144.982355663087219 ], [ 457609.875431230582763, 3137146.733524307142943 ], [ 457608.82382833911106, 3137149.167906290385872 ], [ 457607.926219071785454, 3137151.867024327628314 ], [ 457607.094732509693131, 3137154.478566375095397 ], [ 457606.23116638843203, 3137156.851466066204011 ], [ 457605.266195915988646, 3137159.045442208182067 ] ] ] } },
{ "type": "Feature", "properties": { "id": 8, "area_ha": 1.2262093732491093 }, "geometry": { "type": "Polygon", "coordinates": [ [ [ 457533.09884567320114, 3137545.40639860322699 ], [ 457530.679319103772286, 3137546.48122619278729 ], [ 457528.221362216805574, 3137547.569167913403362 ], [ 457525.776679751230404, 3137548.567569205537438 ], [ 457523.401403998432215, 3137549.473985768854618 ], [ 457521.121061108657159, 3137550.395681509748101 ], [ 457518.920057553274091, 3137551.480355013627559 ], [ 457516.760432159004267, 3137552.815429219044745 ], [ 457514.612435369868763, 3137554.365560066886246 ], [ 457512.472357562859543, 3137555.989894079975784 ], [ 457510.355549968779087, 3137557.524353061337024 ], [ 457508.273743604891934, 3137558.871621002908796 ], [ 457506.218101208738517, 3137560.041867094114423 ], [ 457504.163156771450303, 3137561.126489236950874 ], [ 457502.087631755741313, 3137562.2332932385616 ], [ 457499.992522225365974, 3137563.430806457530707 ], [ 457497.898454655194655, 3137564.732015604153275 ], [ 457495.822454351582564, 3137566.112854862120003 ], [ 457493.754044845816679, 3137567.538273793179542 ], [ 457491.65465358941583, 3137568.974249139428139 ], [ 457489.487283011258114, 3137570.387304320000112 ], [ 457487.25733469350962, 3137571.748930780682713 ], [ 457485.031253590015694, 3137573.054629087913781 ], [ 457482.910785624524578, 3137574.343972535338253 ], [ 457480.971661879913881, 3137575.694180869031698 ], [ 457479.204656507063191, 3137577.174068836029619 ], [ 457477.501665227813646, 3137578.781098776496947 ], [ 457475.703565019881353, 3137580.411466440651566 ], [ 457473.686129931826144, 3137581.902565549593419 ], [ 457471.432813642371912, 3137583.137850413564593 ], [ 457469.048529587918893, 3137584.149475999176502 ], [ 457466.704220374114811, 3137585.139137101825327 ], [ 457464.54469448805321, 3137586.382665900047868 ], [ 457462.61387539783027, 3137588.064211618155241 ], [ 457460.838793982751667, 3137590.144484320655465 ], [ 457459.07619564520428, 3137592.357007703278214 ], [ 457457.188950833806302, 3137594.346427687909454 ], [ 457455.106538153777365, 3137595.865952445194125 ], [ 457452.840109761571512, 3137596.906521040480584 ], [ 457450.453964386542793, 3137597.673842365387827 ], [ 457448.019690465123858, 3137598.433495379984379 ], [ 457445.582694638462272, 3137599.335330909118056 ], [ 457443.155367402301636, 3137600.339815177954733 ], [ 457440.730921564798336, 3137601.291154288221151 ], [ 457438.301295142038725, 3137602.071814863476902 ], [ 457435.865903621655889, 3137602.712854155339301 ], [ 457433.429034865403082, 3137603.370716087054461 ], [ 457430.99224655656144, 3137604.187725459225476 ], [ 457428.549058797361795, 3137605.149325524456799 ], [ 457426.084943434514571, 3137606.06043091090396 ], [ 457423.581841646926478, 3137606.674449115991592 ], [ 457421.025950623792596, 3137606.885965740308166 ], [ 457418.4179509372334, 3137606.836342480499297 ], [ 457415.782546961214393, 3137606.833897745236754 ], [ 457413.16974227206083, 3137607.125587979797274 ], [ 457410.639513445610646, 3137607.677910787053406 ], [ 457408.230066203279421, 3137608.137688477989286 ], [ 457405.92552384902956, 3137608.029516692273319 ], [ 457403.650106897868682, 3137607.080077333375812 ], [ 457401.309186394966673, 3137605.457786381244659 ], [ 457398.870137706864625, 3137603.756599194835871 ], [ 457396.44204909435939, 3137602.714393544010818 ], [ 457394.298026159696747, 3137602.831634829286486 ], [ 457392.804994007048663, 3137604.124712399207056 ], [ 457392.278027265332639, 3137606.16201911540702 ], [ 457392.829122917959467, 3137608.34772253036499 ], [ 457394.29686980479164, 3137610.262654937338084 ], [ 457396.306013919180259, 3137611.847555595450103 ], [ 457398.432246062671766, 3137613.332474659662694 ], [ 457400.382874989823904, 3137614.99087642505765 ], [ 457402.092095995030832, 3137616.906241277232766 ], [ 457403.681575914029963, 3137618.911986372433603 ], [ 457405.321408939140383, 3137620.729661625344306 ], [ 457407.087930069421418, 3137622.187508743721992 ], [ 457408.911869874864351, 3137623.352649685926735 ], [ 457410.644579812942538, 3137624.484084519557655 ], [ 457412.186662969645113, 3137625.849863637238741 ], [ 457413.580294069193769, 3137627.54842480039224 ], [ 457414.994066727987956, 3137629.463284631725401 ], [ 457416.60801663500024, 3137631.375546085182577 ], [ 457418.480567164719105, 3137633.141257944051176 ], [ 457420.495289259823039, 3137634.797278182115406 ], [ 457422.43106544757029, 3137636.518643770366907 ], [ 457424.112161160679534, 3137638.464645297732204 ], [ 457425.536345444037579, 3137640.633549063466489 ], [ 457426.891360700654332, 3137642.837238732259721 ], [ 457428.444997323327698, 3137644.816270312294364 ], [ 457430.37985461729113, 3137646.412127916235477 ], [ 457432.681075519183651, 3137647.673076527193189 ], [ 457435.148712123685982, 3137648.820306475739926 ], [ 457437.52224257751368, 3137650.102463913150132 ], [ 457439.631745949620381, 3137651.644021707121283 ], [ 457441.477691216859967, 3137653.391568637918681 ], [ 457443.195184452808462, 3137655.18652175180614 ], [ 457444.938769998028874, 3137656.900914013385773 ], [ 457446.774076222034637, 3137658.531788659282029 ], [ 457448.650016338273417, 3137660.18659332441166 ], [ 457450.462601210281719, 3137661.976446481887251 ], [ 457452.155593312927522, 3137663.902831625659019 ], [ 457453.780564726854209, 3137665.82688988186419 ], [ 457455.472640578635037, 3137667.54864040017128 ], [ 457457.361061041417997, 3137668.94268054747954 ], [ 457459.479638245073147, 3137670.055338747333735 ], [ 457461.740032571251504, 3137671.093976293224841 ], [ 457463.985133329755627, 3137672.312077642884105 ], [ 457466.085264055698644, 3137673.86227915994823 ], [ 457468.014380148903001, 3137675.707778550684452 ], [ 457469.861400937079452, 3137677.641491828951985 ], [ 457471.776563260063995, 3137679.392802761867642 ], [ 457473.891242219484411, 3137680.750855728052557 ], [ 457476.257877610740252, 3137681.631773482076824 ], [ 457478.834847332385834, 3137682.06083217728883 ], [ 457481.510277761379257, 3137682.097000518813729 ], [ 457484.141784180246759, 3137681.759542559273541 ], [ 457486.593411466572434, 3137681.007289479952306 ], [ 457488.765567211958114, 3137679.781166129745543 ], [ 457490.621377942967229, 3137678.077657680492848 ], [ 457492.206553978670854, 3137676.001420303247869 ], [ 457493.648460026190151, 3137673.758571326732635 ], [ 457495.11971876345342, 3137671.587950622662902 ], [ 457496.769637443532702, 3137669.664179183077067 ], [ 457498.652773209789302, 3137668.02362433495 ], [ 457500.69668841623934, 3137666.553822583518922 ], [ 457502.735325838264544, 3137665.05437531741336 ], [ 457504.595942229905631, 3137663.339565628673881 ], [ 457506.191043688973878, 3137661.329665497411042 ], [ 457507.5593680596794, 3137659.082436805125326 ], [ 457508.830222652526572, 3137656.748197570908815 ], [ 457510.1351124116336, 3137654.475143556017429 ], [ 457511.525881084206048, 3137652.32185108307749 ], [ 457512.954170510580298, 3137650.231331242248416 ], [ 457514.324692321068142, 3137648.084060418885201 ], [ 457515.583338502678089, 3137645.796547251287848 ], [ 457516.776411638886202, 3137643.399414205458015 ], [ 457518.036881393578369, 3137641.038339181803167 ], [ 457519.504277841828298, 3137638.890161867253482 ], [ 457521.231554348021746, 3137637.04504320025444 ], [ 457523.142702145094518, 3137635.434056533500552 ], [ 457525.071966390823945, 3137633.857476736418903 ], [ 457526.86180945642991, 3137632.104592931922525 ], [ 457528.458495755388867, 3137630.09257709607482 ], [ 457529.946164019580465, 3137627.933546321466565 ], [ 457531.499739623861387, 3137625.880870413966477 ], [ 457533.286905349290464, 3137624.182557122316211 ], [ 457535.377540099900216, 3137622.930653237737715 ], [ 457537.709879905451089, 3137621.999610188417137 ], [ 457540.125545142451301, 3137621.110174214467406 ], [ 457542.446288678620476, 3137619.976273182313889 ], [ 457544.547544087807182, 3137618.443383298814297 ], [ 457546.394410426029935, 3137616.53924410790205 ], [ 457548.032870311988518, 3137614.420042640995234 ], [ 457549.55325363582233, 3137612.262285987380892 ], [ 457551.050880875205621, 3137610.176805638708174 ], [ 457552.600549004273489, 3137608.192577588371933 ], [ 457554.247347268101294, 3137606.300197116564959 ], [ 457556.007187231443822, 3137604.502819466870278 ], [ 457557.870316622662358, 3137602.825996212195605 ], [ 457559.806042275391519, 3137601.280387730803341 ], [ 457561.770430980133824, 3137599.816391607746482 ], [ 457563.717779600410722, 3137598.320349495392293 ], [ 457565.613157572573982, 3137596.669494703412056 ], [ 457567.441428520251065, 3137594.813099573832005 ], [ 457569.209760641155299, 3137592.820305574219674 ], [ 457570.94394423783524, 3137590.853504002094269 ], [ 457572.680636250181124, 3137589.077484493609518 ], [ 457574.456788864976261, 3137587.560868105385453 ], [ 457576.296040722110774, 3137586.233052835334092 ], [ 457578.192720621242188, 3137584.922184919472784 ], [ 457580.097774790367112, 3137583.445662763435394 ], [ 457581.914193242671899, 3137581.693632356356829 ], [ 457583.508190575463232, 3137579.658434840850532 ], [ 457584.73547987540951, 3137577.406262299977243 ], [ 457585.473450892255642, 3137575.026570169720799 ], [ 457585.646272291021887, 3137572.601077920291573 ], [ 457585.234331422194373, 3137570.206460999790579 ], [ 457584.26914162671892, 3137567.929411650169641 ], [ 457582.82245439325925, 3137565.86078204959631 ], [ 457580.997759034333285, 3137564.057165895123035 ], [ 457578.92433896404691, 3137562.494352164678276 ], [ 457576.746054180315696, 3137561.055075095966458 ], [ 457574.597325105743948, 3137559.574852005112916 ], [ 457572.569118599756621, 3137557.926337706390768 ], [ 457570.680654646828771, 3137556.088603011798114 ], [ 457568.876567781670019, 3137554.152336065657437 ], [ 457567.058149647375103, 3137552.255238273181021 ], [ 457565.136356942995917, 3137550.492788485251367 ], [ 457563.077827746572439, 3137548.868945186026394 ], [ 457560.916400218731724, 3137547.322620064485818 ], [ 457558.723072326334659, 3137545.808896733913571 ], [ 457556.554265701386612, 3137544.371537069324404 ], [ 457554.41297815006692, 3137543.148210415616632 ], [ 457552.24878995626932, 3137542.299637131392956 ], [ 457549.995906740019564, 3137541.911602140869945 ], [ 457547.622003342723474, 3137541.940821988973767 ], [ 457545.153377221547998, 3137542.244648227933794 ], [ 457542.659122902143281, 3137542.67331523867324 ], [ 457540.206348945444915, 3137543.157815695274621 ], [ 457537.81871840567328, 3137543.730866046156734 ], [ 457535.467316540016327, 3137544.469440941698849 ], [ 457533.09884567320114, 3137545.40639860322699 ] ] ] } },
{ "type": "Feature", "properties": { "id": 9, "area_ha": 0.040617983550534788 }, "geometry": { "type": "Polygon", "coordinates": [ [ [ 457615.421606454765424, 3137624.667645775247365 ], [ 457615.035887642297894, 3137624.635989289265126 ], [ 457614.64792153792223, 3137624.630982612725347 ], [ 457614.258102286083158, 3137624.654394154436886 ], [ 457613.867109591898043, 3137624.707683420274407 ], [ 457613.475935623981059, 3137624.791946789249778 ], [ 457613.085903563944157, 3137624.907871321309358 ], [ 457612.698676592146512, 3137625.055698234587908 ], [ 457612.316256347752642, 3137625.235197454690933 ], [ 457611.940970191324595, 3137625.445654306560755 ], [ 457611.575446921808179, 3137625.685869079083204 ], [ 457611.22258095163852, 3137625.95416981074959 ], [ 457610.885485309991054, 3137626.248438240028918 ], [ 457610.567434212309308, 3137626.56614845385775 ], [ 457610.271796297514811, 3137626.904417384415865 ], [ 457610.00195997528499, 3137627.260065909475088 ], [ 457609.761252634285484, 3137627.629688976798207 ], [ 457609.552855732268654, 3137628.009732869919389 ], [ 457609.379717999370769, 3137628.396577494684607 ], [ 457609.244469142868184, 3137628.786621375475079 ], [ 457609.149336525588296, 3137629.176366944331676 ], [ 457609.096067302161828, 3137629.562503677327186 ], [ 457609.085858438746072, 3137629.941986664664 ], [ 457609.119296900578775, 3137630.3121083159931 ], [ 457609.196312085317913, 3137630.670561105478555 ], [ 457609.316142299736384, 3137631.015489501412958 ], [ 457609.477316737582441, 3137631.34552955115214 ], [ 457609.677654025086667, 3137631.65983495907858 ], [ 457609.914277964562643, 3137631.958088889718056 ], [ 457610.183650643506553, 3137632.240501165855676 ], [ 457610.481622596620582, 3137632.507790971081704 ], [ 457610.803499224944972, 3137632.761155601125211 ], [ 457611.144122207246255, 3137633.002226237673312 ], [ 457611.497964196489193, 3137633.233012099284679 ], [ 457611.859234690084122, 3137633.455834687687457 ], [ 457612.221994615218136, 3137633.673254132270813 ], [ 457612.580276885360945, 3137633.88798987492919 ], [ 457612.92820997198578, 3137634.102838093414903 ], [ 457613.260141407721676, 3137634.320588354952633 ], [ 457613.570758092333563, 3137634.543941987212747 ], [ 457613.855200317048002, 3137634.77543459367007 ], [ 457614.10916655609617, 3137635.017364985309541 ], [ 457614.329006291227415, 3137635.271732582245022 ], [ 457614.511798430758063, 3137635.540185055229813 ], [ 457614.655413253814913, 3137635.823977644089609 ], [ 457614.758556237211451, 3137636.123945199884474 ], [ 457614.820792600046843, 3137636.440487590618432 ], [ 457614.842551914043725, 3137636.773568685166538 ], [ 457614.825112657679711, 3137637.122728685382754 ], [ 457614.770567130646668, 3137637.487109167035669 ], [ 457614.681767668924294, 3137637.865489785559475 ], [ 457614.562255601165816, 3137638.256335244514048 ], [ 457614.416174844198395, 3137638.657850812189281 ], [ 457614.248172439227346, 3137639.068044426385313 ], [ 457614.063288666773587, 3137639.484793229494244 ], [ 457613.866839642520063, 3137639.905912272632122 ], [ 457613.66429547109874, 3137640.329223087988794 ], [ 457613.46115712885512, 3137640.752619861159474 ], [ 457613.262835243600421, 3137641.17413105070591 ], [ 457613.07453385280678, 3137641.591974484734237 ], [ 457612.901142043294385, 3137642.00460420968011 ], [ 457612.747136121150106, 3137642.410747655667365 ], [ 457612.616494630288798, 3137642.809432046953589 ], [ 457612.512628148251679, 3137643.199999332427979 ], [ 457612.438325347262435, 3137643.582109336275607 ], [ 457612.395716331724543, 3137643.955731202848256 ], [ 457612.386253764852881, 3137644.321123623289168 ], [ 457612.410711792123038, 3137644.678804690018296 ], [ 457612.469202273234259, 3137645.029512569773942 ], [ 457612.561207359423861, 3137645.374158487655222 ], [ 457612.68562701693736, 3137645.713773745112121 ], [ 457612.840839710494038, 3137646.049452690873295 ], [ 457613.024774131656159, 3137646.382293660659343 ], [ 457613.234989598975517, 3137646.7133399695158 ], [ 457613.468762574193534, 3137647.043523 ], [ 457613.723176632949617, 3137647.373609338421375 ], [ 457613.995213207439519, 3137647.704153759870678 ], [ 457614.281840473238844, 3137648.03545964602381 ], [ 457614.580097889585886, 3137648.367548138834536 ], [ 457614.887174102652352, 3137648.700137048028409 ], [ 457615.200476194091607, 3137649.032630170229822 ], [ 457615.517688574327622, 3137649.364117333199829 ], [ 457615.836820185999386, 3137649.693385114427656 ], [ 457616.156239077507053, 3137650.01893782382831 ], [ 457616.474693815165665, 3137650.339028003625572 ], [ 457616.791321621160023, 3137650.651695391628891 ], [ 457617.105643529153895, 3137650.95481302542612 ], [ 457617.417547235090751, 3137651.246138942427933 ], [ 457617.727258673927281, 3137651.523371765390038 ], [ 457618.035303663054947, 3137651.784208358731121 ], [ 457618.342461210791953, 3137652.02640170417726 ], [ 457618.649710290250368, 3137652.247817144263536 ], [ 457618.958172015845776, 3137652.446485253982246 ], [ 457619.269049233407713, 3137652.620649707969278 ], [ 457619.583565541426651, 3137652.768808733671904 ], [ 457619.902905705152079, 3137652.889748943969607 ], [ 457620.228159309830517, 3137652.982570646330714 ], [ 457620.560269327135757, 3137653.046703998465091 ], [ 457620.899987052951474, 3137653.081915704999119 ], [ 457621.247834618785419, 3137653.088306269142777 ], [ 457621.604075993178412, 3137653.066298108082265 ], [ 457621.9686970867333, 3137653.016615155618638 ], [ 457622.341395263443701, 3137652.9402548186481 ], [ 457622.721578249824233, 3137652.838453398086131 ], [ 457623.108372138405684, 3137652.712646265514195 ], [ 457623.500637904857285, 3137652.564424228388816 ], [ 457623.896995614340995, 3137652.395487588830292 ], [ 457624.295855281699914, 3137652.207599451765418 ], [ 457624.695453185937367, 3137652.002539798617363 ], [ 457625.093892317905556, 3137651.782061768230051 ], [ 457625.489185567945242, 3137651.547851474490017 ], [ 457625.879300238797441, 3137651.301492507103831 ], [ 457626.262202491227072, 3137651.044436070136726 ], [ 457626.635900400637183, 3137650.777977478224784 ], [ 457626.998484410985839, 3137650.503239482175559 ], [ 457627.348164117138367, 3137650.221162634901702 ], [ 457627.683300479257014, 3137649.932502656709403 ], [ 457628.002432765322737, 3137649.637834499124438 ], [ 457628.304299725976307, 3137649.337562588974833 ], [ 457628.587854716635775, 3137649.031936528626829 ], [ 457628.852274692850187, 3137648.721071346197277 ], [ 457629.096963204792701, 3137648.404971279203892 ], [ 457629.321547699917573, 3137648.08355597127229 ], [ 457629.525871607242152, 3137647.756687927059829 ], [ 457629.709981809020974, 3137647.424200068227947 ], [ 457629.874112214136403, 3137647.085922287777066 ], [ 457630.018664217321202, 3137646.741705978289247 ], [ 457630.144184870645404, 3137646.391445645596832 ], [ 457630.251343598996755, 3137646.035096870735288 ], [ 457630.340908268291969, 3137645.672690062317997 ], [ 457630.413721361430362, 3137645.304339642636478 ], [ 457630.470676942029968, 3137644.930248519405723 ], [ 457630.512698987906333, 3137644.550707889720798 ], [ 457630.540721565543208, 3137644.16609263420105 ], [ 457630.55567119596526, 3137643.776852735318244 ], [ 457630.558451639371924, 3137643.38350130431354 ], [ 457630.549931202782318, 3137642.98659994918853 ], [ 457630.530932561028749, 3137642.586742291226983 ], [ 457630.50222497805953, 3137642.184536512941122 ], [ 457630.464518728433177, 3137641.780587824061513 ], [ 457630.418461450200994, 3137641.375481727998704 ], [ 457630.364636113285087, 3137640.969768899958581 ], [ 457630.30356026039226, 3137640.563952399417758 ], [ 457630.235686174186412, 3137640.158477819524705 ], [ 457630.161401641496923, 3137639.753726818133146 ], [ 457630.08103101857705, 3137639.35001432010904 ], [ 457629.994836355792359, 3137638.947589484043419 ], [ 457629.903018400073051, 3137638.54664036212489 ], [ 457629.805717368784826, 3137638.147301991004497 ], [ 457629.703013461257797, 3137637.749667485710233 ], [ 457629.594927152036689, 3137637.353801569901407 ], [ 457629.481419378251303, 3137636.959755839779973 ], [ 457629.362391795555595, 3137636.567584980744869 ], [ 457629.237687324581202, 3137636.177363089751452 ], [ 457629.107091243553441, 3137635.78919924562797 ], [ 457628.970333096047398, 3137635.40325147844851 ], [ 457628.827089678903576, 3137635.019738360308111 ], [ 457628.676989350991789, 3137634.638947530183941 ], [ 457628.519617860671133, 3137634.261240583378822 ], [ 457628.354525828559417, 3137633.887053928803653 ], [ 457628.181237948301714, 3137633.51689537987113 ], [ 457627.999263879901264, 3137633.151336445007473 ], [ 457627.808110718149692, 3137632.79100047936663 ], [ 457627.607296819391195, 3137632.436547055840492 ], [ 457627.396366677770857, 3137632.088653102051467 ], [ 457627.174906450905837, 3137631.747991519980133 ], [ 457626.942559661169071, 3137631.415208151564002 ], [ 457626.699042536085472, 3137631.090898055117577 ], [ 457626.444158412283286, 3137630.775582150556147 ], [ 457626.177810608642176, 3137630.469685312826186 ], [ 457625.900013183883857, 3137630.173516981303692 ], [ 457625.610899025748949, 3137629.887255309149623 ], [ 457625.310724782408215, 3137629.610935769509524 ], [ 457624.999872232438065, 3137629.34444499341771 ], [ 457624.678845799004193, 3137629.087520451750606 ], [ 457624.348266046203207, 3137628.839756362140179 ], [ 457624.008859139517881, 3137628.600615997798741 ], [ 457623.661442410841119, 3137628.369450301397592 ], [ 457623.306906328827608, 3137628.14552247337997 ], [ 457622.94619333621813, 3137627.928037941455841 ], [ 457622.580274167121388, 3137627.71617888379842 ], [ 457622.210122394608334, 3137627.509142262395471 ], [ 457621.836688075505663, 3137627.30618013581261 ], [ 457621.460871448449325, 3137627.106640877667814 ], [ 457621.083497699582949, 3137626.910009819548577 ], [ 457620.705293831822928, 3137626.715947795193642 ], [ 457620.326868659351021, 3137626.524326059501618 ], [ 457619.948696891136933, 3137626.335256117396057 ], [ 457619.571108174393885, 3137626.149113116785884 ], [ 457619.194281832547858, 3137625.966551611199975 ], [ 457618.818247867806349, 3137625.788512739352882 ], [ 457618.442894595325924, 3137625.61622209334746 ], [ 457618.067983055661898, 3137625.451177870389074 ], [ 457617.693168109399267, 3137625.295129187870771 ], [ 457617.318025867512915, 3137625.15004480117932 ], [ 457616.942086858092807, 3137625.01807276904583 ], [ 457616.564874087460339, 3137624.901491958647966 ], [ 457616.185944924945943, 3137624.802656571380794 ], [ 457615.804935540305451, 3137624.723935151472688 ], [ 457615.421606454765424, 3137624.667645775247365 ] ] ] } },
{ "type": "Feature", "properties": { "id": 10, "area_ha": 0.13123629362825953 }, "geometry": { "type": "Polygon", "coordinates": [ [ [ 457382.247986983449664, 3137820.913372747600079 ], [ 457381.551924052473623, 3137820.970648518763483 ], [ 457380.87489790818654, 3137821.049263878259808 ], [ 457380.217383463110309, 3137821.152888364624232 ], [ 457379.578471395128872, 3137821.285936993546784 ], [ 457378.955989733396564, 3137821.453036222606897 ], [ 457378.346718472952489, 3137821.658469314686954 ], [ 457377.746682530036196, 3137821.905650948639959 ], [ 457377.151502309949137, 3137822.196677872445434 ], [ 457376.556776462239213, 3137822.531995430588722 ], [ 457375.958468432014342, 3137822.910209554713219 ], [ 457375.353267462924123, 3137823.32806115411222 ], [ 457374.73889589990722, 3137823.780565841589123 ], [ 457374.114337966544554, 3137824.26130777830258 ], [ 457373.479970470245462, 3137824.7628632648848 ], [ 457372.83758279302856, 3137825.277318658307195 ], [ 457372.190281595219858, 3137825.796839145943522 ], [ 457371.542284326686058, 3137826.314240528270602 ], [ 457370.898614280682523, 3137826.823515808675438 ], [ 457370.264717889309395, 3137827.320272040553391 ], [ 457369.64603163144784, 3137827.802040294278413 ], [ 457369.047530762501992, 3137828.268432078883052 ], [ 457368.473294654453639, 3137828.721128280740231 ], [ 457367.926123597135302, 3137829.163700563833117 ], [ 457367.4072393552633, 3137829.601279076188803 ], [ 457366.916096722299699, 3137830.04009309085086 ], [ 457366.45032603800064, 3137830.486921787727624 ], [ 457366.005817621888127, 3137830.948499917052686 ], [ 457365.576948923640884, 3137831.430926929228008 ], [ 457365.156944617221598, 3137831.93912800680846 ], [ 457364.738349634921178, 3137832.476411280222237 ], [ 457364.313586012693122, 3137833.044157728087157 ], [ 457363.875557099177968, 3137833.641669434960932 ], [ 457363.418257760291453, 3137834.266188959125429 ], [ 457362.937347118859179, 3137834.913088534492999 ], [ 457362.430641337123234, 3137835.576213906519115 ], [ 457361.898488001606893, 3137836.248354895971715 ], [ 457361.343990596302319, 3137836.921804308891296 ], [ 457360.773060930368956, 3137837.588959504850209 ], [ 457360.194288617873099, 3137838.242917300201952 ], [ 457359.618629028671421, 3137838.878013306763023 ], [ 457359.058923691220116, 3137839.49026120454073 ], [ 457358.529279045236763, 3137840.077655485831201 ], [ 457358.044339846353978, 3137840.640312239993364 ], [ 457357.618501656630542, 3137841.18043566076085 ], [ 457357.265112083230633, 3137841.702112106140703 ], [ 457356.995712329342496, 3137842.210947549901903 ], [ 457356.819369004515465, 3137842.713577026035637 ], [ 457356.742141046095639, 3137843.217085096053779 ], [ 457356.7667183408048, 3137843.728383669164032 ], [ 457356.8922577239573, 3137844.25359704438597 ], [ 457357.114429204026237, 3137844.79750354681164 ], [ 457357.425671380653512, 3137845.363078620750457 ], [ 457357.815641049062833, 3137845.951176139526069 ], [ 457358.271828889090102, 3137846.560373562388122 ], [ 457358.780301844934002, 3137847.186993418261409 ], [ 457359.326524112548213, 3137847.82529942272231 ], [ 457359.896203201904427, 3137848.467851522378623 ], [ 457360.476105723180808, 3137849.10599143942818 ], [ 457361.054789524059743, 3137849.730419910978526 ], [ 457361.623204451345373, 3137850.331819578073919 ], [ 457362.175122959306464, 3137850.90147404326126 ], [ 457362.707373419136275, 3137851.431834160350263 ], [ 457363.219862505269703, 3137851.916987186763436 ], [ 457363.715387496107724, 3137852.352992580272257 ], [ 457364.199253728613257, 3137852.738059313967824 ], [ 457364.678725772653706, 3137853.072552676778287 ], [ 457365.162352215906139, 3137853.358832598663867 ], [ 457365.659212473139632, 3137853.600939359515905 ], [ 457366.178139164927416, 3137853.804155042860657 ], [ 457366.726970988383982, 3137853.974479198455811 ], [ 457367.311888541385997, 3137854.118064087815583 ], [ 457367.936879437125754, 3137854.24065801082179 ], [ 457368.603369704214856, 3137854.347104294225574 ], [ 457369.310046569211408, 3137854.440938653424382 ], [ 457370.052884116885252, 3137854.524119195528328 ], [ 457370.825368978199549, 3137854.596912019420415 ], [ 457371.618909124168567, 3137854.657942127902061 ], [ 457372.423396035912447, 3137854.704405279830098 ], [ 457373.227879874873906, 3137854.732422646135092 ], [ 457374.021309530129656, 3137854.737507857382298 ], [ 457374.793285107065458, 3137854.715106229763478 ], [ 457375.534769820747897, 3137854.661159506533295 ], [ 457376.238711393787526, 3137854.572646870277822 ], [ 457376.900529678270686, 3137854.448054498527199 ], [ 457377.518436841666698, 3137854.287731498945504 ], [ 457378.093568365438841, 3137854.094099174719304 ], [ 457378.629916456353385, 3137853.871692532207817 ], [ 457379.134071297652554, 3137853.62702679168433 ], [ 457379.61478890379658, 3137853.368296227883548 ], [ 457380.082416242395993, 3137853.104926778934896 ], [ 457380.548213932779618, 3137852.847016332205385 ], [ 457381.023623560555279, 3137852.604706378187984 ], [ 457381.519530020537786, 3137852.387534974142909 ], [ 457382.045569113397505, 3137852.203823160845786 ], [ 457382.609526930842549, 3137852.060144842136651 ], [ 457383.21687066560844, 3137851.960923885460943 ], [ 457383.870440904458519, 3137851.908192199654877 ], [ 457384.570323909749277, 3137851.901529696770012 ], [ 457385.313909704273101, 3137851.93819224415347 ], [ 457386.096128852397669, 3137852.013418283779174 ], [ 457386.909848587180022, 3137852.120889881625772 ], [ 457387.746398216113448, 3137852.253310907632113 ], [ 457388.59618527587736, 3137852.403054835274816 ], [ 457389.449358257174026, 3137852.562828241381794 ], [ 457390.296469230903313, 3137852.726294021587819 ], [ 457391.129090505302884, 3137852.888600814156234 ], [ 457391.940343410242349, 3137853.046772093977779 ], [ 457392.725304116145708, 3137853.199919255450368 ], [ 457393.481260514701717, 3137853.349256988614798 ], [ 457394.207804950827267, 3137853.497915269806981 ], [ 457394.906759207427967, 3137853.650559046305716 ], [ 457395.581939792900812, 3137853.812842873390764 ], [ 457396.238782452768646, 3137853.990742049645633 ], [ 457396.88385418150574, 3137854.189812994096428 ], [ 457397.524288241460454, 3137854.414442793000489 ], [ 457398.167182340926956, 3137854.66715036612004 ], [ 457398.819001928437501, 3137854.947999264579266 ], [ 457399.485029461153317, 3137855.254174882546067 ], [ 457400.168896654213313, 3137855.57976727373898 ], [ 457400.872230435546953, 3137855.91578570054844 ], [ 457401.59443512163125, 3137856.250413642730564 ], [ 457402.332623791298829, 3137856.569494538009167 ], [ 457403.081701660295948, 3137856.857220510486513 ], [ 457403.834594150946941, 3137857.096980112139136 ], [ 457404.582602990267333, 3137857.272307994775474 ], [ 457405.31586566765327, 3137857.367870462592691 ], [ 457406.023887426941656, 3137857.370416800957173 ], [ 457406.696111016965006, 3137857.269627482164651 ], [ 457407.322487861558329, 3137857.058796791359782 ], [ 457407.894015159108676, 3137856.735298665706068 ], [ 457408.403206536895595, 3137856.300799742806703 ], [ 457408.844468975788914, 3137855.761201701126993 ], [ 457409.214365377207287, 3137855.126314518041909 ], [ 457409.511749863100704, 3137854.409281868487597 ], [ 457409.737771142274141, 3137853.625797984190285 ], [ 457409.89574747660663, 3137852.793170544318855 ], [ 457409.990924423851538, 3137851.929295393172652 ], [ 457410.030133147723973, 3137851.051615217700601 ], [ 457410.021372311050072, 3137850.176135270856321 ], [ 457409.973340139142238, 3137849.316564706619829 ], [ 457409.894945028179791, 3137848.483642474748194 ], [ 457409.794823067029938, 3137847.684692681301385 ], [ 457409.680889146577101, 3137846.923436978831887 ], [ 457409.559945156041067, 3137846.2000722005032 ], [ 457409.437364404730033, 3137845.511601580772549 ], [ 457409.31686619669199, 3137844.852389032021165 ], [ 457409.200388803321403, 3137844.214889506343752 ], [ 457409.088063289877027, 3137843.590495711192489 ], [ 457408.978285106888507, 3137842.970433341339231 ], [ 457408.86787535448093, 3137842.346634109504521 ], [ 457408.752319406543393, 3137841.712518454063684 ], [ 457408.626067310629878, 3137841.063627596013248 ], [ 457408.482878151990008, 3137840.39805700769648 ], [ 457408.316189408593345, 3137839.716659375932068 ], [ 457408.119492182857357, 3137839.023003521375358 ], [ 457407.886693985725287, 3137838.323095017578453 ], [ 457407.612452326749917, 3137837.624883017968386 ], [ 457407.292464577883948, 3137836.937594489194453 ], [ 457406.923702257976402, 3137836.270950470585376 ], [ 457406.504580862587318, 3137835.634328073821962 ], [ 457406.035059492394794, 3137835.035935991909355 ], [ 457405.516667675750796, 3137834.482070078607649 ], [ 457404.952459835738409, 3137833.976509138010442 ], [ 457404.346900727890898, 3137833.520100007299334 ], [ 457403.705687814566772, 3137833.110566184390336 ], [ 457403.035518893157132, 3137832.742556803394109 ], [ 457402.34381532354746, 3137832.407934094779193 ], [ 457401.638412871398032, 3137832.096279018558562 ], [ 457400.927233464783058, 3137831.795577947981656 ], [ 457400.217952017439529, 3137831.493039432447404 ], [ 457399.517672857968137, 3137831.175980196334422 ], [ 457398.832630186399911, 3137830.832714421208948 ], [ 457398.167926311376505, 3137830.453380316961557 ], [ 457397.527320176304784, 3137830.030643045902252 ], [ 457396.913076852448285, 3137829.560222725383937 ], [ 457396.325886268808972, 3137829.041209775954485 ], [ 457395.764856513123959, 3137828.476146164350212 ], [ 457395.227583658997901, 3137827.870868885889649 ], [ 457394.710296375327744, 3137827.234129881020635 ], [ 457394.208069719781633, 3137826.577023189980537 ], [ 457393.715098704735283, 3137825.91226413520053 ], [ 457393.225018677476328, 3137825.253375733736902 ], [ 457392.731256499886513, 3137824.613843550439924 ], [ 457392.227394183108117, 3137824.006301405373961 ], [ 457391.707525224948768, 3137823.44180673873052 ], [ 457391.166583575482946, 3137822.929256334900856 ], [ 457390.600626023835503, 3137822.474981230683625 ], [ 457390.007050882966723, 3137822.08254493586719 ], [ 457389.384739099477883, 3137821.752752827946097 ], [ 457388.734108195174485, 3137821.483863983303308 ], [ 457388.05707453499781, 3137821.271981154568493 ], [ 457387.356925021565985, 3137821.1115812654607 ], [ 457386.638105088146403, 3137820.99613872775808 ], [ 457385.905935418035369, 3137820.918787815608084 ], [ 457385.166274768940639, 3137820.872968702111393 ], [ 457384.425150246650446, 3137820.853004617616534 ], [ 457383.688379043596797, 3137820.854564637877047 ], [ 457382.961206776206382, 3137820.874977205414325 ], [ 457382.247986983449664, 3137820.913372747600079 ] ] ] } },
{ "type": "Feature", "properties": { "id": 11, "area_ha": 0.20515225370182674 }, "geometry": { "type": "Polygon", "coordinates": [ [ [ 457733.868622749811038, 3137855.075770474039018 ], [ 457732.740396213659551, 3137854.94297101534903 ], [ 457731.609078200708609, 3137854.745255849324167 ], [ 457730.479175096726976, 3137854.489188183564693 ], [ 457729.354091325018089, 3137854.187418591696769 ], [ 457728.235374729963951, 3137853.857609361410141 ], [ 457727.122297257767059, 3137853.520887673832476 ], [ 457726.011861571692862, 3137853.199966242071241 ], [ 457724.899253087001853, 3137852.917098430451006 ], [ 457723.778679426992312, 3137852.692052084486932 ], [ 457722.644468551385216, 3137852.540290138218552 ], [ 457721.492245180241298, 3137852.471534620970488 ], [ 457720.319982196378987, 3137852.488862416241318 ], [ 457719.128734501020517, 3137852.588436016347259 ], [ 457717.922906818741467, 3137852.759912585373968 ], [ 457716.709978080354631, 3137852.987504306714982 ], [ 457715.49969235266326, 3137853.251589297316968 ], [ 457714.302815823757555, 3137853.530704186297953 ], [ 457713.129636238678358, 3137853.803696464281529 ], [ 457711.988432160462253, 3137854.051786074880511 ], [ 457710.884155108535197, 3137854.260288049001247 ], [ 457709.817544157383963, 3137854.4197842865251 ], [ 457708.78483245294774, 3137854.526600796263665 ], [ 457707.778116945410147, 3137854.582539576571435 ], [ 457706.78635993367061, 3137854.593920004088432 ], [ 457705.796890059718862, 3137854.570087827276438 ], [ 457704.797187653835863, 3137854.521634511183947 ], [ 457703.776688786456361, 3137854.458620946854353 ], [ 457702.728333132807165, 3137854.389106882270426 ], [ 457701.649615420727059, 3137854.31824647448957 ], [ 457700.542974352254532, 3137854.248124335892498 ], [ 457699.415455459442455, 3137854.178386186249554 ], [ 457698.277699473139364, 3137854.107581063639373 ], [ 457697.142417089256924, 3137854.034999422729015 ], [ 457696.022596640279517, 3137853.962685705162585 ], [ 457694.92973863723455, 3137853.897244600579143 ], [ 457693.872411770920735, 3137853.851060624234378 ], [ 457692.855377472180407, 3137853.842615257948637 ], [ 457691.879440972930752, 3137853.895708992611617 ], [ 457690.942069356096908, 3137854.03756139986217 ], [ 457690.03868958808016, 3137854.295946966856718 ], [ 457689.164462364395149, 3137854.695699265226722 ], [ 457688.316239982668776, 3137855.255052034277469 ], [ 457687.494373393361457, 3137855.982358261011541 ], [ 457686.704043323115911, 3137856.873721129726619 ], [ 457685.955852983170189, 3137857.911979352124035 ], [ 457685.265527018345892, 3137859.067322455812246 ], [ 457684.65269741526572, 3137860.299590277019888 ], [ 457684.138901488622651, 3137861.562066030688584 ], [ 457683.745047398027964, 3137862.806340411305428 ], [ 457683.488698154746089, 3137863.987641499843448 ], [ 457683.381569923425559, 3137865.069922529626638 ], [ 457683.427626274875365, 3137866.029996599070728 ], [ 457683.622077487700153, 3137866.86010955600068 ], [ 457683.951472611865029, 3137867.568539052270353 ], [ 457684.394919037236832, 3137868.178073609713465 ], [ 457684.926302123174537, 3137868.722523356322199 ], [ 457685.51723017176846, 3137869.241700490005314 ], [ 457686.14031990483636, 3137869.77553914533928 ], [ 457686.772381550690625, 3137870.358164846897125 ], [ 457687.397069663566072, 3137871.012749305460602 ], [ 457688.006635516067035, 3137871.747889977879822 ], [ 457688.602539601386525, 3137872.556046831887215 ], [ 457689.194840805779677, 3137873.414279496762902 ], [ 457689.800449195317924, 3137874.287197934929281 ], [ 457690.440487302606925, 3137875.131717554759234 ], [ 457691.137127348047215, 3137875.902943687979132 ], [ 457691.910341355833225, 3137876.560341339092702 ], [ 457692.775007898511831, 3137877.073300749994814 ], [ 457693.738762839697301, 3137877.425295914523304 ], [ 457694.80087085114792, 3137877.616039958316833 ], [ 457695.952246456115972, 3137877.661338054575026 ], [ 457697.176589980546851, 3137877.590680919587612 ], [ 457698.452449060278013, 3137877.442958117462695 ], [ 457699.755892550165299, 3137877.260949070099741 ], [ 457701.063408068497665, 3137877.08542796317488 ], [ 457702.354616768716369, 3137876.949768884573132 ], [ 457703.614440196135547, 3137876.875851566903293 ], [ 457704.834446455584839, 3137876.871858967933804 ], [ 457706.013231186836492, 3137876.932258011773229 ], [ 457707.155832923948765, 3137877.039910702966154 ], [ 457708.272320467571262, 3137877.169928438495845 ], [ 457709.375801717746072, 3137877.294610246550292 ], [ 457710.48017342784442, 3137877.388639037963003 ], [ 457711.597950845141895, 3137877.43367545446381 ], [ 457712.738484477042221, 3137877.421592544298619 ], [ 457713.906795349379536, 3137877.35582032892853 ], [ 457715.103153656120412, 3137877.250581931322813 ], [ 457716.323406308714766, 3137877.128152664750814 ], [ 457717.559945499815512, 3137877.014604379888624 ], [ 457718.803120166063309, 3137876.934755903668702 ], [ 457720.042837960878387, 3137876.907193993683904 ], [ 457721.270093634258956, 3137876.940233239904046 ], [ 457722.478190147143323, 3137877.02954510692507 ], [ 457723.663484375807457, 3137877.157925873994827 ], [ 457724.825577561277896, 3137877.297330510802567 ], [ 457725.966966348467395, 3137877.41292817145586 ], [ 457727.092257467797026, 3137877.468594030942768 ], [ 457728.207114092714619, 3137877.432996918447316 ], [ 457729.317135152756236, 3137877.285315139219165 ], [ 457730.426866544759832, 3137877.019637070130557 ], [ 457731.539107435906772, 3137876.647278090007603 ], [ 457732.654613328457344, 3137876.19654691265896 ], [ 457733.772221858147532, 3137875.709877913352102 ], [ 457734.88935091678286, 3137875.238653354812413 ], [ 457736.002754695946351, 3137874.836407606955618 ], [ 457737.109382093476597, 3137874.551376538351178 ], [ 457738.207169795467053, 3137874.41948536131531 ], [ 457739.295620254357345, 3137874.458834488876164 ], [ 457740.3760585556156, 3137874.666547436267138 ], [ 457741.451523345313035, 3137875.01851436169818 ], [ 457742.526314370101318, 3137875.472147381864488 ], [ 457743.605280841467902, 3137875.971821083221585 ], [ 457744.692980170424562, 3137876.456270107068121 ], [ 457745.792858141008765, 3137876.866916091646999 ], [ 457746.906596137152519, 3137877.15594473015517 ], [ 457748.033740185957868, 3137877.292974329553545 ], [ 457749.17167628952302, 3137877.269348443951458 ], [ 457750.315955970669165, 3137877.099419756326824 ], [ 457751.460915910778567, 3137876.818621579091996 ], [ 457752.600486444775015, 3137876.478584101423621 ], [ 457753.729053787130397, 3137876.139976906590164 ], [ 457754.842234967916738, 3137875.864084819331765 ], [ 457755.93744301435072, 3137875.704303049482405 ], [ 457757.014159110782202, 3137875.698743998073041 ], [ 457758.073880916694179, 3137875.86498179892078 ], [ 457759.119772361358628, 3137876.197647124994546 ], [ 457760.156090012635104, 3137876.669171011541039 ], [ 457761.187495805090293, 3137877.233524031471461 ], [ 457762.218379598576576, 3137877.832372776698321 ], [ 457763.252305684727617, 3137878.402741075959057 ], [ 457764.291667084384244, 3137878.885066596791148 ], [ 457765.337586198234931, 3137879.23051115963608 ], [ 457766.390048672095872, 3137879.40651734592393 ], [ 457767.44820896879537, 3137879.39988215174526 ], [ 457768.51077024708502, 3137879.216996836941689 ], [ 457769.576324632624164, 3137878.881323105655611 ], [ 457770.643546253908426, 3137878.428576219361275 ], [ 457771.711157781013753, 3137877.900406972039491 ], [ 457772.777636903396342, 3137877.337570815812796 ], [ 457773.840684204595163, 3137876.77361766109243 ], [ 457774.896528366021812, 3137876.230026920791715 ], [ 457775.939188514486887, 3137875.713469184935093 ], [ 457776.959838378534187, 3137875.215538063086569 ], [ 457777.946417390485294, 3137874.714915981981903 ], [ 457778.883608695527073, 3137874.181573785841465 ], [ 457779.753256327065174, 3137873.582309717312455 ], [ 457780.535230614070315, 3137872.886750870384276 ], [ 457781.208682058553677, 3137872.07289365073666 ], [ 457781.753560507670045, 3137871.131352405995131 ], [ 457782.152228866179939, 3137870.067699379753321 ], [ 457782.39097691240022, 3137868.902579121291637 ], [ 457782.461245324055199, 3137867.669619128108025 ], [ 457782.36040265741758, 3137866.411484118551016 ], [ 457782.091974141309038, 3137865.174685815349221 ], [ 457781.665292380668689, 3137864.003925906959921 ], [ 457781.094615652458742, 3137862.936795462854207 ], [ 457780.397827988490462, 3137861.999576654285192 ], [ 457779.59488644101657, 3137861.204707816243172 ], [ 457778.706207389011979, 3137860.550211914815009 ], [ 457777.751182043692097, 3137860.021092740353197 ], [ 457776.746982509503141, 3137859.592417822685093 ], [ 457775.707769151835237, 3137859.233574006706476 ], [ 457774.644346237007994, 3137858.913033326156437 ], [ 457773.564246288966388, 3137858.602921773213893 ], [ 457772.472164879145566, 3137858.282744195312262 ], [ 457771.370625527750235, 3137857.941771345678717 ], [ 457770.260734833136667, 3137857.579813488293439 ], [ 457769.142892719944939, 3137857.206353697460145 ], [ 457768.017349488160107, 3137856.838254964444786 ], [ 457766.884544200263917, 3137856.49645331222564 ], [ 457765.745209404150955, 3137856.202177143190056 ], [ 457764.600275800970849, 3137855.973275722470134 ], [ 457763.450648499536328, 3137855.821195015218109 ], [ 457762.296947423368692, 3137855.749018243979663 ], [ 457761.139305076736491, 3137855.750813173595816 ], [ 457759.977295879274607, 3137855.812326977495104 ], [ 457758.810036944632884, 3137855.912873243447393 ], [ 457757.636457627406344, 3137856.028092528227717 ], [ 457756.455692980147433, 3137856.133159473072737 ], [ 457755.267522933194414, 3137856.20596812479198 ], [ 457754.072761322080623, 3137856.229854418896139 ], [ 457752.873500688292552, 3137856.195502434391528 ], [ 457751.673140221624635, 3137856.101812426466495 ], [ 457750.476161719532683, 3137855.955662243068218 ], [ 457749.287665276438929, 3137855.770646359305829 ], [ 457748.112723928818014, 3137855.565007388126105 ], [ 457746.955655624042265, 3137855.359067301265895 ], [ 457745.819333888066467, 3137855.172510403208435 ], [ 457744.704660408897325, 3137855.021865520160645 ], [ 457743.610302126093302, 3137854.918486082926393 ], [ 457742.532755076244939, 3137854.867244586348534 ], [ 457741.46674364496721, 3137854.86605627508834 ], [ 457740.405906091677025, 3137854.906240963377059 ], [ 457739.343665412336122, 3137854.973635179921985 ], [ 457738.274148260767106, 3137855.050289988517761 ], [ 457737.193000821629539, 3137855.116539323702455 ], [ 457736.097962553438265, 3137855.153201603330672 ], [ 457734.98909548483789, 3137855.143682098481804 ], [ 457733.868622749811038, 3137855.075770474039018 ] ] ] } },
{ "type": "Feature", "properties": { "id": 12, "area_ha": 0.0055871374505182666 }, "geometry": { "type": "Polygon", "coordinates": [ [ [ 457452.407233241654467, 3137985.188412977848202 ], [ 457452.242558615922462, 3137985.234019781928509 ], [ 457452.078252228209749, 3137985.289333564694971 ], [ 457451.915654265088961, 3137985.353593375533819 ], [ 457451.756084997963626, 3137985.426055635325611 ], [ 457451.600811838172376, 3137985.506012084893882 ], [ 457451.451018489897251, 3137985.592804679647088 ], [ 457451.307777195179369, 3137985.685837056022137 ], [ 457451.172024952247739, 3137985.784582347609103 ], [ 457451.044544440344907, 3137985.888587274122983 ], [ 457450.925950217468198, 3137985.99747256655246 ], [ 457450.816680564952549, 3137986.110929951071739 ], [ 457450.716995151189622, 3137986.228716013021767 ], [ 457450.626978479383979, 3137986.350643405225128 ], [ 457450.546548878483009, 3137986.476569933816791 ], [ 457450.475472599908244, 3137986.606386128813028 ], [ 457450.413382404018193, 3137986.74000195087865 ], [ 457450.359799863828812, 3137986.877333302050829 ], [ 457450.314160486450419, 3137987.018288984429091 ], [ 457450.275840657181107, 3137987.162758729420602 ], [ 457450.244185356306843, 3137987.310602846089751 ], [ 457450.218535578052979, 3137987.461643957067281 ], [ 457450.198254403250758, 3137987.615661193151027 ], [ 457450.182750737527385, 3137987.772387096192688 ], [ 457450.171499822463375, 3137987.931507366709411 ], [ 457450.164059757604264, 3137988.092663455754519 ], [ 457450.160083428840153, 3137988.255457881372422 ], [ 457450.159325419284869, 3137988.419462032150477 ], [ 457450.161643676285166, 3137988.584226105362177 ], [ 457450.166995912732091, 3137988.749290750361979 ], [ 457450.17543092824053, 3137988.914199886377901 ], [ 457450.187075236812234, 3137989.078514152206481 ], [ 457450.202115573047195, 3137989.24182437453419 ], [ 457450.220778016722761, 3137989.403764472808689 ], [ 457450.243304612580687, 3137989.564023218583316 ], [ 457450.269928472000174, 3137989.722354326862842 ], [ 457450.300848409649916, 3137989.878584409598261 ], [ 457450.336204203718808, 3137990.032618421595544 ], [ 457450.376053556159604, 3137990.18444232782349 ], [ 457450.420351780019701, 3137990.334122824948281 ], [ 457450.468935152108315, 3137990.481804083567113 ], [ 457450.521508744102903, 3137990.627701597753912 ], [ 457450.577639387222007, 3137990.772093338891864 ], [ 457450.636754242237657, 3137990.915308537427336 ], [ 457450.698145242989995, 3137991.057714502792805 ], [ 457450.76097946416121, 3137991.199701990466565 ], [ 457450.824315243284218, 3137991.341669670306146 ], [ 457450.887123666645493, 3137991.484008313156664 ], [ 457450.948314821289387, 3137991.627085311803967 ], [ 457451.006768025574274, 3137991.771230157464743 ], [ 457451.06136508466443, 3137991.916721449699253 ], [ 457451.111025485792197, 3137992.063775971066207 ], [ 457451.15474235045258, 3137992.212540273088962 ], [ 457451.19161790527869, 3137992.36308511858806 ], [ 457451.220897219318431, 3137992.515403023455292 ], [ 457451.241998986166436, 3137992.669409007765353 ], [ 457451.25454220402753, 3137992.824944535735995 ], [ 457451.258367719885428, 3137992.981784499250352 ], [ 457451.253553758317139, 3137993.139646966475993 ], [ 457451.240424738556612, 3137993.298205300234258 ], [ 457451.219552897498943, 3137993.457102149259299 ], [ 457451.191752464917954, 3137993.615964723285288 ], [ 457451.158066381700337, 3137993.774420708883554 ], [ 457451.1197457985254, 3137993.932114128489047 ], [ 457451.078222832875326, 3137994.088720455300063 ], [ 457451.035077291540802, 3137994.243960284627974 ], [ 457450.991998273297213, 3137994.397610927466303 ], [ 457450.950741744658444, 3137994.549515353981405 ], [ 457450.913085327425506, 3137994.699588000774384 ], [ 457450.880781641055364, 3137994.847817082889378 ], [ 457450.855511603993364, 3137994.994263176806271 ], [ 457450.838839115283918, 3137995.13905398407951 ], [ 457450.832168505236041, 3137995.282375341746956 ], [ 457450.836706069589127, 3137995.424458690918982 ], [ 457450.853426879271865, 3137995.565565374679863 ], [ 457450.88304790109396, 3137995.705968268681318 ], [ 457450.926008269481827, 3137995.845931362826377 ], [ 457450.982457328296732, 3137995.985688041429967 ], [ 457451.052250819513574, 3137996.125418857205659 ], [ 457451.134955340763554, 3137996.265229665674269 ], [ 457451.229860935593024, 3137996.405130999162793 ], [ 457451.336001423653215, 3137996.545019548386335 ], [ 457451.452181839325931, 3137996.684662573505193 ], [ 457451.577012124063913, 3137996.823685990646482 ], [ 457451.708946026512422, 3137996.961566780693829 ], [ 457451.846324005862698, 3137997.097630221862346 ], [ 457451.987418815551791, 3137997.231052311137319 ], [ 457452.130482369218953, 3137997.36086755245924 ], [ 457452.273792460968252, 3137997.485982114449143 ], [ 457452.415697929973248, 3137997.60519218351692 ], [ 457452.554660920985043, 3137997.717207122128457 ], [ 457452.689294999232516, 3137997.820676904171705 ], [ 457452.818398022325709, 3137997.914223099127412 ], [ 457452.940978853148408, 3137997.996472555212677 ], [ 457453.056277203955688, 3137998.066092810127884 ], [ 457453.163776131346822, 3137998.121828161180019 ], [ 457453.26320694439346, 3137998.162535286974162 ], [ 457453.354546532616951, 3137998.187217286787927 ], [ 457453.438007366203237, 3137998.195055027026683 ], [ 457453.514020651520696, 3137998.185434742830694 ], [ 457453.583213336067274, 3137998.157970938365906 ], [ 457453.646379845391493, 3137998.112523755524307 ], [ 457453.704449586977717, 3137998.04921014374122 ], [ 457453.758451372908894, 3137997.968408335000277 ], [ 457453.809475990245119, 3137997.870755351614207 ], [ 457453.85863818047801, 3137997.757137462031096 ], [ 457453.907039282086771, 3137997.628673750907183 ], [ 457453.955731735622976, 3137997.486693156883121 ], [ 457454.005686561402399, 3137997.332705575041473 ], [ 457454.057764790719375, 3137997.168367779348046 ], [ 457454.11269367323257, 3137996.99544513085857 ], [ 457454.17104829865275, 3137996.81577013945207 ], [ 457454.233239067776594, 3137996.631199091672897 ], [ 457454.299505235161632, 3137996.443568006623536 ], [ 457454.369914528389927, 3137996.254649217240512 ], [ 457454.44436863559531, 3137996.066109872423112 ], [ 457454.522614153218456, 3137995.879473595879972 ], [ 457454.604258403356653, 3137995.696086440701038 ], [ 457454.68878937192494, 3137995.517088165972382 ], [ 457454.775598894571885, 3137995.343389678746462 ], [ 457454.864008121250663, 3137995.175657307729125 ], [ 457454.953294237318914, 3137995.014304355718195 ], [ 457455.042717400239781, 3137994.859490150585771 ], [ 457455.131546873715706, 3137994.711126577109098 ], [ 457455.219085397664458, 3137994.568891842849553 ], [ 457455.304690927441698, 3137994.432250989135355 ], [ 457455.387794997659512, 3137994.300482460763305 ], [ 457455.467917115427554, 3137994.172709849197417 ], [ 457455.544674755947199, 3137994.047937762457877 ], [ 457455.617788716393989, 3137993.925090648699552 ], [ 457455.687083769124001, 3137993.803053313866258 ], [ 457455.752484745229594, 3137993.680711820255965 ], [ 457455.814008355315309, 3137993.55699344817549 ], [ 457455.871751220489386, 3137993.430904450826347 ], [ 457455.925874728593044, 3137993.301564393565059 ], [ 457455.97658744972432, 3137993.168236005119979 ], [ 457456.024125930911396, 3137993.030349609442055 ], [ 457456.068734744854737, 3137992.887521401047707 ], [ 457456.110646687156986, 3137992.739565022289753 ], [ 457456.150063999753911, 3137992.586496133357286 ], [ 457456.187141447386239, 3137992.428529900033027 ], [ 457456.221971991762985, 3137992.266071552410722 ], [ 457456.254575695085805, 3137992.099700405728072 ], [ 457456.284892347583082, 3137991.930147937033325 ], [ 457456.312778159510344, 3137991.758270725142211 ], [ 457456.33800668688491, 3137991.585019202437252 ], [ 457456.360273985716049, 3137991.411403326783329 ], [ 457456.37920781475259, 3137991.23845635773614 ], [ 457456.394380537094548, 3137991.067197993863374 ], [ 457456.405325216648635, 3137990.898598129395396 ], [ 457456.411554269783664, 3137990.7335424721241 ], [ 457456.412579922995064, 3137990.572801185306162 ], [ 457456.407935643102974, 3137990.417001619469374 ], [ 457456.397197659884114, 3137990.266606047749519 ], [ 457456.380005683400668, 3137990.121895156335086 ], [ 457456.356081939651631, 3137989.982957833446562 ], [ 457456.325247701781336, 3137989.849687602836639 ], [ 457456.287436579703353, 3137989.721785804256797 ], [ 457456.242703948693816, 3137989.598771422635764 ], [ 457456.191232037323061, 3137989.479997216723859 ], [ 457456.133330356038641, 3137989.364671622868627 ], [ 457456.06943132384913, 3137989.251885692123324 ], [ 457456.000081132166088, 3137989.140644169412553 ], [ 457455.925926068157423, 3137989.029899694025517 ], [ 457455.847694697091356, 3137988.918588993139565 ], [ 457455.766176467528567, 3137988.805669885128736 ], [ 457455.682197448331863, 3137988.690157894045115 ], [ 457455.59659402561374, 3137988.571161288302392 ], [ 457455.510185480932705, 3137988.447913424577564 ], [ 457455.42374642775394, 3137988.319801365956664 ], [ 457455.337980108160991, 3137988.18638987839222 ], [ 457455.253493535972666, 3137988.047440066467971 ], [ 457455.170775423583109, 3137987.902922083158046 ], [ 457455.090177743870299, 3137987.753021555021405 ], [ 457455.011901662626769, 3137987.598139566369355 ], [ 457454.935988430399448, 3137987.438886248972267 ], [ 457454.862315656326246, 3137987.276068245526403 ], [ 457454.790599199826829, 3137987.110670488793403 ], [ 457454.720400721591432, 3137986.94383293017745 ], [ 457454.65114073571749, 3137986.776822999119759 ], [ 457454.582116808800492, 3137986.611004694830626 ], [ 457454.512526368198451, 3137986.447805314324796 ], [ 457454.441493412770797, 3137986.2886808719486 ], [ 457454.368098275561351, 3137986.135081287007779 ], [ 457454.291409474390093, 3137985.988416407257318 ], [ 457454.210516600986011, 3137985.85002388805151 ], [ 457454.124563156510703, 3137985.721139847766608 ], [ 457454.032778231077828, 3137985.602873136755079 ], [ 457453.934505956887733, 3137985.496183891315013 ], [ 457453.829231731768232, 3137985.401866908185184 ], [ 457453.716604314453434, 3137985.320540187880397 ], [ 457453.596453028148971, 3137985.252638829872012 ], [ 457453.468799470865633, 3137985.198414267972112 ], [ 457453.333863316627685, 3137985.157938667107373 ], [ 457453.192061990092043, 3137985.131114129908383 ], [ 457453.044004204217345, 3137985.117686218582094 ], [ 457452.890477560751606, 3137985.117261161096394 ], [ 457452.732430612028111, 3137985.129326012916863 ], [ 457452.570949973422103, 3137985.153270969633013 ], [ 457452.407233241654467, 3137985.188412977848202 ] ] ] } },
{ "type": "Feature", "properties": { "id": 13, "area_ha": 0.018580552049992313 }, "geometry": { "type": "Polygon", "coordinates": [ [ [ 457373.424437887268141, 3137990.878775356803089 ], [ 457373.192181168415118, 3137991.045244393870234 ], [ 457372.966428913117852, 3137991.226290248334408 ], [ 457372.747383796377108, 3137991.420231182128191 ], [ 457372.535164387489203, 3137991.625418457668275 ], [ 457372.329816365090664, 3137991.840263563208282 ], [ 457372.131322733184788, 3137992.063261641655117 ], [ 457371.939612691814546, 3137992.293010746128857 ], [ 457371.754568927164655, 3137992.528226691763848 ], [ 457371.576033201941755, 3137992.767753447871655 ], [ 457371.403810245683417, 3137993.010569163132459 ], [ 457371.237670056754723, 3137993.255788058042526 ], [ 457371.077348831342533, 3137993.502658545039594 ], [ 457370.922548826027196, 3137993.750558053143322 ], [ 457370.772937529720366, 3137993.99898509029299 ], [ 457370.628146574134007, 3137994.247549162246287 ], [ 457370.487770839128643, 3137994.495959165506065 ], [ 457370.351368211442605, 3137994.744010896421969 ], [ 457370.218460437376052, 3137994.991574274376035 ], [ 457370.088535461924039, 3137995.238580841571093 ], [ 457369.9610515832901, 3137995.485012021381408 ], [ 457369.835443664633203, 3137995.730888537596911 ], [ 457369.711131543852389, 3137995.976261294446886 ], [ 457369.587530670163687, 3137996.221203906927258 ], [ 457369.464064877363853, 3137996.465806965250522 ], [ 457369.340181082661729, 3137996.710174005478621 ], [ 457369.215365583426319, 3137996.954419061075896 ], [ 457369.089161516923923, 3137997.198665574658662 ], [ 457368.961186953005381, 3137997.443046386353672 ], [ 457368.831153014383744, 3137997.687704440206289 ], [ 457368.698881365125999, 3137997.932793841697276 ], [ 457368.564320377539843, 3137998.178480859380215 ], [ 457368.427559286064934, 3137998.424944495782256 ], [ 457368.288839661225211, 3137998.672376269474626 ], [ 457368.148563589493278, 3137998.920978911221027 ], [ 457368.007298024371266, 3137999.170963743701577 ], [ 457367.865774877194781, 3137999.422546593472362 ], [ 457367.724886540730949, 3137999.675942189991474 ], [ 457367.585676680901088, 3137999.931357094552368 ], [ 457367.449326284229755, 3138000.18898131325841 ], [ 457367.317135111894459, 3138000.448978838510811 ], [ 457367.190498870098963, 3138000.711477460339665 ], [ 457367.070882565632928, 3138000.97655826061964 ], [ 457366.95979066187283, 3138001.244245264213532 ], [ 457366.858734778710641, 3138001.514495759271085 ], [ 457366.769199792062864, 3138001.78719182126224 ], [ 457366.692609268415254, 3138002.062133556697518 ], [ 457366.630291226611007, 3138002.339034564327449 ], [ 457366.583445239055436, 3138002.61752003710717 ], [ 457366.553111874090973, 3138002.897127862554044 ], [ 457366.540145436185412, 3138003.177312972955406 ], [ 457366.545190881064627, 3138003.457455071154982 ], [ 457366.568665675644297, 3138003.736869741231203 ], [ 457366.610747234080918, 3138004.014822805766016 ], [ 457366.671366402180865, 3138004.290547643322498 ], [ 457366.750207281729672, 3138004.563265062868595 ], [ 457366.846713496779557, 3138004.832205174490809 ], [ 457366.960100802069064, 3138005.096630609128624 ], [ 457367.089375739858951, 3138005.355860317125916 ], [ 457367.233359855483286, 3138005.609293129295111 ], [ 457367.390718807699159, 3138005.856430203653872 ], [ 457367.559995547810104, 3138006.096895473077893 ], [ 457367.739646610221826, 3138006.330453234259039 ], [ 457367.928080451383721, 3138006.557022066321224 ], [ 457368.123696704627946, 3138006.776684350334108 ], [ 457368.324925182678271, 3138006.9896907848306 ], [ 457368.530263463791925, 3138007.19645943492651 ], [ 457368.738311937486287, 3138007.397569007705897 ], [ 457368.947805264033377, 3138007.593746248167008 ], [ 457369.1576393119758, 3138007.785847538616508 ], [ 457369.366892782505602, 3138007.974834984634072 ], [ 457369.574842895264737, 3138008.161747478414327 ], [ 457369.780974702094682, 3138008.347667416092008 ], [ 457369.984983795555308, 3138008.533683932386339 ], [ 457370.186772391491104, 3138008.720853653270751 ], [ 457370.386438976740465, 3138008.910160114057362 ], [ 457370.584261915821116, 3138009.102473065257072 ], [ 457370.780677604023367, 3138009.298508951906115 ], [ 457370.97625392471673, 3138009.498793864157051 ], [ 457371.171659914194606, 3138009.703630223404616 ], [ 457371.367632655019406, 3138009.913068406283855 ], [ 457371.564942497236189, 3138010.126884381752461 ], [ 457371.764357754029334, 3138010.344564294908196 ], [ 457371.966610022180248, 3138010.565296747721732 ], [ 457372.172361246892251, 3138010.787973291706294 ], [ 457372.382173579884693, 3138011.011197432875633 ], [ 457372.59648297628155, 3138011.233302178326994 ], [ 457372.815577340254094, 3138011.452375900000334 ], [ 457373.03957986831665, 3138011.666296020615846 ], [ 457373.268438056518789, 3138011.872769793029875 ], [ 457373.501918643596582, 3138012.069381187669933 ], [ 457373.73960855678888, 3138012.253642717842013 ], [ 457373.980921724985819, 3138012.423050835728645 ], [ 457374.225111425621435, 3138012.575143417343497 ], [ 457374.47128765063826, 3138012.707557747606188 ], [ 457374.718438811076339, 3138012.818087378051132 ], [ 457374.965456963982433, 3138012.90473624272272 ], [ 457375.211165636254009, 3138012.965768460649997 ], [ 457375.454349246807396, 3138012.99975237576291 ], [ 457375.693783089518547, 3138013.005597520619631 ], [ 457375.92826284019975, 3138012.982583403587341 ], [ 457376.156632585101761, 3138012.930379227735102 ], [ 457376.377810440899339, 3138012.849053933285177 ], [ 457376.590810941008385, 3138012.739076221361756 ], [ 457376.794763494515792, 3138012.601304509676993 ], [ 457376.988926381687634, 3138012.436967086046934 ], [ 457377.17269592412049, 3138012.247632989194244 ], [ 457377.345610653748736, 3138012.035174446180463 ], [ 457377.507350495608989, 3138011.801721935160458 ], [ 457377.657731168030296, 3138011.549613157752901 ], [ 457377.796694182732608, 3138011.281337395310402 ], [ 457377.924292990937829, 3138010.999476843047887 ], [ 457378.040675964497495, 3138010.706646614242345 ], [ 457378.146067014196888, 3138010.405435129068792 ], [ 457378.240744733659085, 3138010.09834657702595 ], [ 457378.325021005177405, 3138009.787747083231807 ], [ 457378.399220018356573, 3138009.475816062651575 ], [ 457378.463658630906139, 3138009.164504091721028 ], [ 457378.518628940277267, 3138008.855498405639082 ], [ 457378.564383844612166, 3138008.550196885131299 ], [ 457378.601126248948276, 3138008.249691128265113 ], [ 457378.629002422676422, 3138007.954758908133954 ], [ 457378.648099848185666, 3138007.665866027586162 ], [ 457378.658449715003371, 3138007.383177281823009 ], [ 457378.660034023982007, 3138007.106575964484364 ], [ 457378.65279707533773, 3138006.835691084619612 ], [ 457378.636660927091725, 3138006.569931232836097 ], [ 457378.611544241197407, 3138006.308523842133582 ], [ 457378.577383781084791, 3138006.050558430608362 ], [ 457378.534157697111368, 3138005.795032313559204 ], [ 457378.481909643101972, 3138005.540897212922573 ], [ 457378.420772700745147, 3138005.287105201277882 ], [ 457378.350992068240885, 3138005.032652445137501 ], [ 457378.272945478849579, 3138004.776619345881045 ], [ 457378.187160368601326, 3138004.518205784726888 ], [ 457378.094326899852604, 3138004.256760400254279 ], [ 457377.995306069380604, 3138003.991803019307554 ], [ 457377.891132283257321, 3138003.723039636854082 ], [ 457377.783009957813192, 3138003.450369582045823 ], [ 457377.672303904255386, 3138003.173884803429246 ], [ 457377.560523463878781, 3138002.893861470744014 ], [ 457377.449300577049144, 3138002.610744360368699 ], [ 457377.340362183458637, 3138002.325124737806618 ], [ 457377.235497554531321, 3138002.037712674587965 ], [ 457377.136521349893883, 3138001.749304917175323 ], [ 457377.04523335309932, 3138001.460749580059201 ], [ 457376.963375980732962, 3138001.172909031622112 ], [ 457376.892590760835446, 3138000.886622396297753 ], [ 457376.834375043923501, 3138000.602669103071094 ], [ 457376.790040233870968, 3138000.32173486193642 ], [ 457376.760672812582925, 3138000.04438135959208 ], [ 457376.747099373314995, 3137999.771020826883614 ], [ 457376.749856783659197, 3137999.501896461006254 ], [ 457376.769168464001268, 3137999.2370694600977 ], [ 457376.804927603981923, 3137998.976413219235837 ], [ 457376.856687943800353, 3137998.71961495699361 ], [ 457376.923662535962649, 3137998.466184802353382 ], [ 457377.004730671527795, 3137998.215472095180303 ], [ 457377.098452920676209, 3137997.96668841317296 ], [ 457377.203094001626596, 3137997.718936597928405 ], [ 457377.316652963752858, 3137997.471244839485735 ], [ 457377.4368999596918, 3137997.222604710608721 ], [ 457377.561418689321727, 3137996.97201189910993 ], [ 457377.687653436907567, 3137996.718508279882371 ], [ 457377.812959494011011, 3137996.461223939433694 ], [ 457377.93465566606028, 3137996.199417738709599 ], [ 457378.050077510706615, 3137995.932515055406839 ], [ 457378.156629941426218, 3137995.660141434054822 ], [ 457378.251837861200329, 3137995.382150996942073 ], [ 457378.333393560023978, 3137995.098648639395833 ], [ 457378.399199715815485, 3137994.8100052382797 ], [ 457378.447406978229992, 3137994.516865302342921 ], [ 457378.476445284555666, 3137994.220146770589054 ], [ 457378.485048246628139, 3137993.921032873447984 ], [ 457378.472270156256855, 3137993.620956253260374 ], [ 457378.437495373829734, 3137993.321575763169676 ], [ 457378.380440084263682, 3137993.024746598210186 ], [ 457378.301146620244253, 3137992.732484614476562 ], [ 457378.199970755027607, 3137992.446925859898329 ], [ 457378.077562554797623, 3137992.170282494276762 ], [ 457377.934841541922651, 3137991.904796357266605 ], [ 457377.772967055207118, 3137991.652691517490894 ], [ 457377.593304796784651, 3137991.41612714342773 ], [ 457377.397390623227693, 3137991.197152013890445 ], [ 457377.186892671044916, 3137990.997661912813783 ], [ 457376.963572905340698, 3137990.819361052010208 ], [ 457376.729249141470063, 3137990.663728517945856 ], [ 457376.485758521303069, 3137990.531990579329431 ], [ 457376.234923326526769, 3137990.425099487882107 ], [ 457375.978519888943993, 3137990.343719202559441 ], [ 457375.718251215235796, 3137990.288218251895159 ], [ 457375.455723786610179, 3137990.258669729810208 ], [ 457375.192428831011057, 3137990.254858201369643 ], [ 457374.929728197923396, 3137990.276293106377125 ], [ 457374.668844805215485, 3137990.322228061500937 ], [ 457374.410857474547811, 3137990.391685304697603 ], [ 457374.156699836312328, 3137990.483484406024218 ], [ 457373.907162866031285, 3137990.596274270676076 ], [ 457373.662900522409473, 3137990.728567400015891 ], [ 457373.424437887268141, 3137990.878775356803089 ] ] ] } },
{ "type": "Feature", "properties": { "id": 14, "area_ha": 0.027026136573041003 }, "geometry": { "type": "Polygon", "coordinates": [ [ [ 457450.391783068771474, 3138002.774723905138671 ], [ 457450.072862560104113, 3138003.060284886974841 ], [ 457449.761440657952335, 3138003.381406037602574 ], [ 457449.457912460085936, 3138003.730994215700775 ], [ 457449.161867807153612, 3138004.101708407513797 ], [ 457448.87213481112849, 3138004.486167592927814 ], [ 457448.586852915759664, 3138004.877157686743885 ], [ 457448.303572718636133, 3138005.267830968368798 ], [ 457448.019378843368031, 3138005.65189166739583 ], [ 457447.731031342525966, 3138006.023761888034642 ], [ 457447.435120467329398, 3138006.37872271751985 ], [ 457447.128229180176277, 3138006.713026229757816 ], [ 457446.807097527256701, 3138007.02397507801652 ], [ 457446.468782936804928, 3138007.309967483393848 ], [ 457446.11081066809129, 3138007.570506577845663 ], [ 457445.73130899813259, 3138007.806174271274358 ], [ 457445.329124283161946, 3138008.018570979591459 ], [ 457444.903911754547153, 3138008.210223688278347 ], [ 457444.45619876839919, 3138008.38446585368365 ], [ 457443.987418205302674, 3138008.545293556991965 ], [ 457443.499910766084213, 3138008.697203071322292 ], [ 457442.996896, 3138008.845015574712306 ], [ 457442.48241299088113, 3138008.993695095647126 ], [ 457441.961232679605018, 3138009.148165952414274 ], [ 457441.438744776532985, 3138009.313135858625174 ], [ 457440.920823085005395, 3138009.492930618114769 ], [ 457440.413673783827107, 3138009.691345843486488 ], [ 457439.923671778524294, 3138009.91152047039941 ], [ 457439.457190613262355, 3138010.155836042948067 ], [ 457439.020431614830159, 3138010.425844778772444 ], [ 457438.619257927522995, 3138010.722228395752609 ], [ 457438.259038878313731, 3138011.044788585975766 ], [ 457437.944509708322585, 3138011.392468902282417 ], [ 457437.679651126731187, 3138011.76340673584491 ], [ 457437.467592412082013, 3138012.155013020616025 ], [ 457437.310540931357536, 3138012.564076375681907 ], [ 457437.209739997750148, 3138012.986887566745281 ], [ 457437.165455983311404, 3138013.41937953280285 ], [ 457437.176994573557749, 3138013.857277721166611 ], [ 457437.242745041206945, 3138014.296255211811513 ], [ 457437.360250454163179, 3138014.732086998410523 ], [ 457437.526300862315111, 3138015.160797932650894 ], [ 457437.737045749265235, 3138015.578799131326377 ], [ 457437.988121424103156, 3138015.98300814256072 ], [ 457438.274788580834866, 3138016.370948826894164 ], [ 457438.592074983404018, 3138016.740827695000917 ], [ 457438.934918156010099, 3138017.091584352310747 ], [ 457439.298303064191714, 3138017.422914665658027 ], [ 457439.677390066673979, 3138017.735266292002052 ], [ 457440.067628879158292, 3138018.029807211365551 ], [ 457440.464854905789252, 3138018.30836889334023 ], [ 457440.865365039615426, 3138018.573366631753743 ], [ 457441.265970872656908, 3138018.827700376044959 ], [ 457441.6640281699365, 3138019.074640078470111 ], [ 457442.057442400080618, 3138019.317700067535043 ], [ 457442.444651058525778, 3138019.560507322195917 ], [ 457442.824584416288417, 3138019.806668662000448 ], [ 457443.196607158635743, 3138020.059641851577908 ], [ 457443.560444100818131, 3138020.322615388780832 ], [ 457443.916093763837125, 3138020.598401356488466 ], [ 457444.263734035077505, 3138020.889345169067383 ], [ 457444.603624410228804, 3138021.197255343198776 ], [ 457444.936009410303086, 3138021.523355615790933 ], [ 457445.26102767593693, 3138021.868260855786502 ], [ 457445.578630978765432, 3138022.23197726951912 ], [ 457445.888516953506041, 3138022.613926459103823 ], [ 457446.190078768529929, 3138023.012991964351386 ], [ 457446.482374240353238, 3138023.427586061879992 ], [ 457446.764116079779342, 3138023.855733806267381 ], [ 457447.033684071095195, 3138024.295170651283115 ], [ 457447.289159063831903, 3138024.743449474684894 ], [ 457447.528377731272485, 3138025.198052478488535 ], [ 457447.74900616024388, 3138025.656503256876022 ], [ 457447.948629516118672, 3138026.116474349517375 ], [ 457448.124854306399357, 3138026.575885761994869 ], [ 457448.275419173936825, 3138027.032990319654346 ], [ 457448.398309713171329, 3138027.486442234832793 ], [ 457448.491872533515561, 3138027.935345937963575 ], [ 457448.554923708958086, 3138028.37928299838677 ], [ 457448.586846853315365, 3138028.818315835203975 ], [ 457448.587676347640809, 3138029.252967839129269 ], [ 457448.55816171085462, 3138029.684180460870266 ], [ 457448.499809726548847, 3138030.113248759880662 ], [ 457448.414901704178192, 3138030.541737765539438 ], [ 457448.306484129745513, 3138030.97138280980289 ], [ 457448.178331914998125, 3138031.403977651149035 ], [ 457448.034884462424088, 3138031.841254752594978 ], [ 457447.881155773648061, 3138032.284762448631227 ], [ 457447.722620816726703, 3138032.735743935685605 ], [ 457447.565081291599199, 3138033.195023024454713 ], [ 457447.414514755422715, 3138033.662901433650404 ], [ 457447.27691176533699, 3138034.139072033111006 ], [ 457447.158106234972365, 3138034.622551932465285 ], [ 457447.063604559691157, 3138035.111638623755425 ], [ 457446.998419233830646, 3138035.603891595266759 ], [ 457446.966912649688311, 3138036.096140913199633 ], [ 457446.972656528640073, 3138036.584523320198059 ], [ 457447.018312004976906, 3138037.064545372966677 ], [ 457447.105534765112679, 3138037.531172167975456 ], [ 457447.234908864600584, 3138037.978939230088145 ], [ 457447.405911931884475, 3138038.402084271423519 ], [ 457447.616913441335782, 3138038.794694750569761 ], [ 457447.865206647315063, 3138039.15086653130129 ], [ 457448.147073641710449, 3138039.464868465438485 ], [ 457448.457881877489854, 3138039.731307437177747 ], [ 457448.792209424835164, 3138039.945288302376866 ], [ 457449.143995234277099, 3138040.102563249412924 ], [ 457449.506709807785228, 3138040.199665405321866 ], [ 457449.873540956410579, 3138040.234021982643753 ], [ 457450.237588776100893, 3138040.204042912460864 ], [ 457450.592063624877483, 3138040.109181694220752 ], [ 457450.930480743583757, 3138039.949966123327613 ], [ 457451.246845241810661, 3138039.727997540961951 ], [ 457451.535821461759042, 3138039.445918330922723 ], [ 457451.792881230881903, 3138039.107348440680653 ], [ 457452.014426202571485, 3138038.716792771592736 ], [ 457452.197880339575931, 3138038.279522275552154 ], [ 457452.341749585815705, 3138037.801432486623526 ], [ 457452.445646870473865, 3138037.288884009234607 ], [ 457452.510281751339789, 3138036.748530082870275 ], [ 457452.537415191356558, 3138036.187136813998222 ], [ 457452.529781140387058, 3138035.61140189319849 ], [ 457452.490977709938306, 3138035.027777691371739 ], [ 457452.425331754784565, 3138034.442304455209523 ], [ 457452.337741568917409, 3138033.860458984971046 ], [ 457452.233503135677893, 3138033.287023633252829 ], [ 457452.118125918321311, 3138032.725979756098241 ], [ 457451.997144514811225, 3138032.180428902152926 ], [ 457451.875932623457629, 3138031.652544055599719 ], [ 457451.759525661182124, 3138031.143552206922323 ], [ 457451.652458058088087, 3138030.653748447541147 ], [ 457451.55862071813317, 3138030.182540673296899 ], [ 457451.481143419921864, 3138029.728522949852049 ], [ 457451.422306043037679, 3138029.289574588648975 ], [ 457451.383481489203405, 3138028.862981106620282 ], [ 457451.365112048340961, 3138028.445572510827333 ], [ 457451.36671978328377, 3138028.033873765263706 ], [ 457451.386950310319662, 3138027.624261894263327 ], [ 457451.423648182477336, 3138027.213124008383602 ], [ 457451.473960972973146, 3138026.797010514885187 ], [ 457451.534468153025955, 3138026.372778026852757 ], [ 457451.601329992234241, 3138025.937716861721128 ], [ 457451.67045101133408, 3138025.489658642094582 ], [ 457451.737652015348431, 3138025.027060253545642 ], [ 457451.79884443921037, 3138024.549061298370361 ], [ 457451.850200667569879, 3138024.055513190571219 ], [ 457451.888314141426235, 3138023.546979072969407 ], [ 457451.910343432857189, 3138023.024704836308956 ], [ 457451.914135043567512, 3138022.490562591236085 ], [ 457451.89832044421928, 3138021.946968951728195 ], [ 457451.862383784668054, 3138021.39678144780919 ], [ 457451.806697753141634, 3138020.84317718166858 ], [ 457451.732526190346107, 3138020.289518512785435 ], [ 457451.641993247962091, 3138019.739211046602577 ], [ 457451.538020069012418, 3138019.195559496991336 ], [ 457451.424231122771744, 3138018.661627090070397 ], [ 457451.304833404894453, 3138018.140104049351066 ], [ 457451.184472683409695, 3138017.633190399035811 ], [ 457451.068071787594818, 3138017.14249779516831 ], [ 457450.960656584473327, 3138016.668974414933473 ], [ 457450.867175731866155, 3138016.212856089230627 ], [ 457450.792320529755671, 3138015.773645909037441 ], [ 457450.740351202723105, 3138015.350123480893672 ], [ 457450.714935732947197, 3138014.940383913461119 ], [ 457450.71900693787029, 3138014.54190551256761 ], [ 457450.754642858577427, 3138014.151644076220691 ], [ 457450.822974722541403, 3138013.766150679904968 ], [ 457450.924125789606478, 3138013.381708930246532 ], [ 457451.057183321507182, 3138012.994486910756677 ], [ 457451.22020476765465, 3138012.600698429625481 ], [ 457451.410258074756712, 3138012.196767784189433 ], [ 457451.623494846513495, 3138011.779492040164769 ], [ 457451.855253942427225, 3138011.346194840501994 ], [ 457452.100192054291256, 3138010.894865971058607 ], [ 457452.352436868764926, 3138010.424281353596598 ], [ 457452.605757648008876, 3138009.934098748024553 ], [ 457452.853747467277572, 3138009.424925250932574 ], [ 457453.09001095360145, 3138008.898353614844382 ], [ 457453.30835119378753, 3138008.356965468730778 ], [ 457453.50294952117838, 3138007.804300662595779 ], [ 457453.668532154406421, 3138007.244793104473501 ], [ 457453.800518131698482, 3138006.683674660045654 ], [ 457453.895143649249803, 3138006.126849769614637 ], [ 457453.949558745254762, 3138005.580744506325573 ], [ 457453.961893241794314, 3138005.052134696394205 ], [ 457453.931289935775567, 3138004.547958501148969 ], [ 457453.857904171920381, 3138004.075119431130588 ], [ 457453.742870101938024, 3138003.64028616482392 ], [ 457453.588235089497175, 3138003.249695684295148 ], [ 457453.396864819456823, 3138002.908966217655689 ], [ 457453.17232267849613, 3138002.622926169075072 ], [ 457452.918727850366849, 3138002.395464754663408 ], [ 457452.640597288089339, 3138002.229409362189472 ], [ 457452.342677260283381, 3138002.126433795318007 ], [ 457452.029770501016174, 3138002.087000565137714 ], [ 457451.706565112050157, 3138002.110339275561273 ], [ 457451.377471268118825, 3138002.194461962673813 ], [ 457451.046471467474476, 3138002.336215030401945 ], [ 457450.716989556734916, 3138002.531366222072393 ], [ 457450.391783068771474, 3138002.774723905138671 ] ] ] } },
{ "type": "Feature", "properties": { "id": 15, "area_ha": 0.084437707803811629 }, "geometry": { "type": "Polygon", "coordinates": [ [ [ 457378.002068980189506, 3138014.197633786126971 ], [ 457377.52780869579874, 3138014.277177736628801 ], [ 457377.062439344648737, 3138014.421312437392771 ], [ 457376.607975693419576, 3138014.625681228004396 ], [ 457376.165692590235267, 3138014.884508278220892 ], [ 457375.736010894703213, 3138015.190805033780634 ], [ 457375.318435163237154, 3138015.536620561033487 ], [ 457374.911547878698912, 3138015.913325848057866 ], [ 457374.513061927282251, 3138016.31192081514746 ], [ 457374.119929822103586, 3138016.72335194144398 ], [ 457373.728505023405887, 3138017.138828072696924 ], [ 457373.334747772372793, 3138017.550122157670557 ], [ 457372.934465291094966, 3138017.949847351759672 ], [ 457372.523574140039273, 3138018.331697087734938 ], [ 457372.098371080588549, 3138018.690640283748507 ], [ 457371.655798035790212, 3138019.023064808920026 ], [ 457371.193686728540342, 3138019.326864491216838 ], [ 457370.71096930548083, 3138019.601467329543084 ], [ 457370.207842698961031, 3138019.847804981749505 ], [ 457369.685876572271809, 3138020.068225973751396 ], [ 457369.148057332320604, 3138020.266357317566872 ], [ 457368.598763755639084, 3138020.44692122284323 ], [ 457368.043673105945345, 3138020.615515270736068 ], [ 457367.489600059343502, 3138020.778365707956254 ], [ 457366.944274129346013, 3138020.942064402159303 ], [ 457366.41606442804914, 3138021.113300385884941 ], [ 457365.913663350103889, 3138021.298596862703562 ], [ 457365.445742993266322, 3138021.504064020700753 ], [ 457365.020599703420885, 3138021.735177055001259 ], [ 457364.645802985469345, 3138021.996587473433465 ], [ 457364.327865092782304, 3138022.291974138468504 ], [ 457364.071946896379814, 3138022.623938630800694 ], [ 457363.881614160316531, 3138022.993947531562299 ], [ 457363.758656187565066, 3138023.402322147507221 ], [ 457363.702976037107874, 3138023.848274218849838 ], [ 457363.712558292143513, 3138024.329984238371253 ], [ 457363.783516820811201, 3138024.844717353116721 ], [ 457363.910221291182097, 3138025.388970407191664 ], [ 457364.085497554100584, 3138025.958642615005374 ], [ 457364.30089356796816, 3138026.549221657216549 ], [ 457364.54699947295012, 3138027.155976653564721 ], [ 457364.813807877420913, 3138027.774149562697858 ], [ 457365.091098524455447, 3138028.399136977735907 ], [ 457365.368830345280003, 3138029.026655083522201 ], [ 457365.637523547455203, 3138029.652881607878953 ], [ 457365.888614840165246, 3138030.274569903966039 ], [ 457366.114770149812102, 3138030.88913177093491 ], [ 457366.31014116818551, 3138031.494687178172171 ], [ 457366.470554706349503, 3138032.090080629568547 ], [ 457366.593626978516113, 3138032.674865406006575 ], [ 457366.678798455628566, 3138033.249258322175592 ], [ 457366.727288643363863, 3138033.814068808220327 ], [ 457366.741973877476994, 3138034.370607090182602 ], [ 457366.727194803883322, 3138034.920576917473227 ], [ 457366.688503460260108, 3138035.465958669781685 ], [ 457366.632362635689788, 3138036.008888767100871 ], [ 457366.565812329878099, 3138036.551541081164032 ], [ 457366.49611955526052, 3138037.096015585586429 ], [ 457366.430428363208193, 3138037.644238767214119 ], [ 457366.375426795741078, 3138038.197879421990365 ], [ 457366.337046478874981, 3138038.758282440714538 ], [ 457366.320208835415542, 3138039.326422079466283 ], [ 457366.328629484574776, 3138039.902875112835318 ], [ 457366.364689439651556, 3138040.487813188228756 ], [ 457366.429378351313062, 3138041.081012752372772 ], [ 457366.522311444045044, 3138041.681880095973611 ], [ 457366.641818131553009, 3138042.289488441310823 ], [ 457366.785096750070807, 3138042.902623585890979 ], [ 457366.948426598683, 3138043.519834429491311 ], [ 457367.127425668819342, 3138044.139484743587673 ], [ 457367.317340234527364, 3138044.759802820626646 ], [ 457367.513350952358451, 3138045.378926077391952 ], [ 457367.710879372258205, 3138045.994938304182142 ], [ 457367.905878815450706, 3138046.605897987261415 ], [ 457368.095094431831967, 3138047.209856926463544 ], [ 457368.27627886692062, 3138047.804869194980711 ], [ 457368.448352258594241, 3138048.388991282787174 ], [ 457368.611498142417986, 3138048.960274965967983 ], [ 457368.7671901214635, 3138049.516755048651248 ], [ 457368.918147691932973, 3138050.056434538215399 ], [ 457369.068223235546611, 3138050.577270082663745 ], [ 457369.222225710575003, 3138051.077160526067019 ], [ 457369.385689820512198, 3138051.553941306658089 ], [ 457369.564602251455653, 3138052.005387056153268 ], [ 457369.765098805888556, 3138052.429224256891757 ], [ 457369.993147804751061, 3138052.823155133519322 ], [ 457370.254235908156261, 3138053.184893199242651 ], [ 457370.553072472452186, 3138053.512210041750222 ], [ 457370.893327717552893, 3138053.802992095705122 ], [ 457371.277418365993071, 3138054.055305355694145 ], [ 457371.706352103152312, 3138054.26746526081115 ], [ 457372.179639319248963, 3138054.438108417205513 ], [ 457372.695277259976137, 3138054.566262410953641 ], [ 457373.249808103719261, 3138054.651409761514515 ], [ 457373.838448773836717, 3138054.693542072549462 ], [ 457374.45528667018516, 3138054.693200686015189 ], [ 457375.093532145838253, 3138054.651500581763685 ], [ 457375.745815627044067, 3138054.570134942419827 ], [ 457376.404514932772145, 3138054.451358625665307 ], [ 457377.062096704670694, 3138054.297949736937881 ], [ 457377.711455004231539, 3138054.113149564247578 ], [ 457378.346230112656485, 3138053.900582199916244 ], [ 457378.961091391800437, 3138053.664156238548458 ], [ 457379.551969694439322, 3138053.407951916567981 ], [ 457380.116227176447865, 3138053.136097901500762 ], [ 457380.652755351969972, 3138052.852642603684217 ], [ 457381.161995701608248, 3138052.561425331514329 ], [ 457381.645880928263068, 3138052.265952805988491 ], [ 457382.107698873791378, 3138051.969286476261914 ], [ 457382.551884966902435, 3138051.673945756163448 ], [ 457382.983752685133368, 3138051.381831692531705 ], [ 457383.409174699860159, 3138051.094174763653427 ], [ 457383.834229972911999, 3138050.811509461142123 ], [ 457384.26483395852847, 3138050.533677151426673 ], [ 457384.706370134023018, 3138050.259857414290309 ], [ 457385.163341275765561, 3138049.988626770675182 ], [ 457385.639058204658795, 3138049.71804240392521 ], [ 457386.135382158332504, 3138049.445747300982475 ], [ 457386.652534589986317, 3138049.16909220488742 ], [ 457387.188985136745032, 3138048.885268917307258 ], [ 457387.741424894193187, 3138048.591448928229511 ], [ 457388.304828142863698, 3138048.284921026788652 ], [ 457388.872601481387392, 3138047.963221565354615 ], [ 457389.436815132736228, 3138047.624251339584589 ], [ 457389.98850719910115, 3138047.266373656224459 ], [ 457390.518048043362796, 3138046.888489032629877 ], [ 457391.015548939583823, 3138046.490083061158657 ], [ 457391.471296813106164, 3138046.071245272643864 ], [ 457391.876195397577249, 3138045.632658211980015 ], [ 457392.22219254594529, 3138045.175557414535433 ], [ 457392.502673783397768, 3138044.701664378400892 ], [ 457392.712803468573838, 3138044.213095998391509 ], [ 457392.849797084752936, 3138043.712255092803389 ], [ 457392.913111120462418, 3138043.20170762995258 ], [ 457392.904540584015194, 3138042.684052968863398 ], [ 457392.828218268638011, 3138042.161793800536543 ], [ 457392.690514259506017, 3138041.637212564237416 ], [ 457392.499838643008843, 3138041.112260824069381 ], [ 457392.266354746359866, 3138040.588467488065362 ], [ 457392.001614290697034, 3138040.066870860289782 ], [ 457391.718129400571343, 3138039.547978332731873 ], [ 457391.428899313090369, 3138039.031756160780787 ], [ 457391.146911729359999, 3138038.517650249414146 ], [ 457390.884639963449445, 3138038.004637280013412 ], [ 457390.65355729899602, 3138037.491303937975317 ], [ 457390.463689263153356, 3138036.975950514897704 ], [ 457390.323222891718615, 3138036.456713818479329 ], [ 457390.238189572351985, 3138035.931703230366111 ], [ 457390.212234824313782, 3138035.399142947047949 ], [ 457390.246484553616028, 3138034.857512961141765 ], [ 457390.33951308921678, 3138034.305681223981082 ], [ 457390.487413849157747, 3138033.743019705172628 ], [ 457390.683969015546609, 3138033.169497688300908 ], [ 457390.920910310640465, 3138032.585746630560607 ], [ 457391.188259064801969, 3138031.993092189542949 ], [ 457391.474730419984553, 3138031.393550556153059 ], [ 457391.768183874664828, 3138030.789787945337594 ], [ 457392.056100555870216, 3138030.185043887235224 ], [ 457392.326066687179264, 3138029.583020801655948 ], [ 457392.56624273234047, 3138028.987744066398591 ], [ 457392.765798630483914, 3138028.40339837456122 ], [ 457392.915297345432919, 3138027.834147529676557 ], [ 457393.007011536625214, 3138027.283945842180401 ], [ 457393.035161393869203, 3138026.756349968723953 ], [ 457392.996065407758579, 3138026.25434029661119 ], [ 457392.888199890265241, 3138025.780160805210471 ], [ 457392.71216722659301, 3138025.33518574712798 ], [ 457392.470576934458222, 3138024.919820497743785 ], [ 457392.167847437201999, 3138024.533442535437644 ], [ 457391.80993985425448, 3138024.174386857543141 ], [ 457391.404037913482171, 3138023.839978186413646 ], [ 457390.95819018536713, 3138023.526610258501023 ], [ 457390.48093212506501, 3138023.229870333801955 ], [ 457389.98090585519094, 3138022.944704963825643 ], [ 457389.466495205531828, 3138022.6656210613437 ], [ 457388.945492290600669, 3138022.3869145847857 ], [ 457388.424809924617875, 3138022.102917676325887 ], [ 457387.910251544846687, 3138021.808254053816199 ], [ 457387.406347190844826, 3138021.498091808520257 ], [ 457386.916260615573265, 3138021.168382605537772 ], [ 457386.441768968419638, 3138020.816076612100005 ], [ 457385.983312866010237, 3138020.439303274732083 ], [ 457385.540111235924996, 3138020.037509321700782 ], [ 457385.110332242096774, 3138019.61154703097418 ], [ 457384.691309031448327, 3138019.163707768544555 ], [ 457384.279787092760671, 3138018.697698060888797 ], [ 457383.872188783599995, 3138018.218557841610163 ], [ 457383.464880106272176, 3138017.732522952370346 ], [ 457383.054425114649348, 3138017.246836367994547 ], [ 457382.637814382032957, 3138016.769514841493219 ], [ 457382.212655692186672, 3138016.309079613070935 ], [ 457381.7773174365866, 3138015.874261463992298 ], [ 457381.331017980817705, 3138015.473691575229168 ], [ 457380.873857355851214, 3138015.115590383298695 ], [ 457380.406790875189472, 3138014.807466821279377 ], [ 457379.931547499552835, 3138014.555840040091425 ], [ 457379.450498811842408, 3138014.365994859021157 ], [ 457378.966487159021199, 3138014.241780911106616 ], [ 457378.482623732299544, 3138014.185463707894087 ], [ 457378.002068980189506, 3138014.197633786126971 ] ] ] } },
{ "type": "Feature", "properties": { "id": 16, "area_ha": 0.0067649594095755359 }, "geometry": { "type": "Polygon", "coordinates": [ [ [ 457329.599643678520806, 3138046.634819238446653 ], [ 457329.4648963912623, 3138046.679654313251376 ], [ 457329.328350841824431, 3138046.730403291527182 ], [ 457329.190144464315381, 3138046.786686970386654 ], [ 457329.050469580513891, 3138046.848126410506666 ], [ 457328.909570603864267, 3138046.914347579237074 ], [ 457328.767739845439792, 3138046.984985269606113 ], [ 457328.625312056392431, 3138047.059686332941055 ], [ 457328.482657884538639, 3138047.138112293090671 ], [ 457328.34017645358108, 3138047.219941418617964 ], [ 457328.198287302220706, 3138047.304870367050171 ], [ 457328.057421938457992, 3138047.392615486867726 ], [ 457327.918015273811761, 3138047.482913891319185 ], [ 457327.780497203988489, 3138047.575524392537773 ], [ 457327.645284595026169, 3138047.670228374190629 ], [ 457327.512773914902937, 3138047.766830661334097 ], [ 457327.38333472906379, 3138047.865160416346043 ], [ 457327.257304243685212, 3138047.965072079561651 ], [ 457327.134983043826651, 3138048.066446318756789 ], [ 457327.016632130311336, 3138048.169190958607942 ], [ 457326.902471313718706, 3138048.27324180258438 ], [ 457326.792678976024035, 3138048.378563274163753 ], [ 457326.687393163214438, 3138048.485148759558797 ], [ 457326.586713926226366, 3138048.593020545318723 ], [ 457326.490706786105875, 3138048.702229234389961 ], [ 457326.399407161516137, 3138048.812852533068508 ], [ 457326.312825564295053, 3138048.924993310123682 ], [ 457326.230953347403556, 3138049.038776860106736 ], [ 457326.153768770280294, 3138049.154347317758948 ], [ 457326.081243141554296, 3138049.271863210946321 ], [ 457326.013346799009014, 3138049.391492180991918 ], [ 457325.950054696819279, 3138049.51340492721647 ], [ 457325.891351387836039, 3138049.63776848372072 ], [ 457325.837235215120018, 3138049.764738974627107 ], [ 457325.787721557542682, 3138049.894454033114016 ], [ 457325.74284501321381, 3138050.027025094255805 ], [ 457325.702660445182119, 3138050.162529814057052 ], [ 457325.667242857802194, 3138050.301004869863391 ], [ 457325.636686116922647, 3138050.442439419683069 ], [ 457325.611100571171846, 3138050.586769491434097 ], [ 457325.590609672886785, 3138050.733873560093343 ], [ 457325.575345734716393, 3138050.883569556754082 ], [ 457325.565444991574623, 3138051.035613509826362 ], [ 457325.561042161018122, 3138051.189699987415224 ], [ 457325.562264716718346, 3138051.345464444719255 ], [ 457325.569227098196279, 3138051.502487534191459 ], [ 457325.582025083247572, 3138051.660301361698657 ], [ 457325.600730542908423, 3138051.818397605791688 ], [ 457325.625386784726288, 3138051.97623735666275 ], [ 457325.656004667805973, 3138052.133262440096587 ], [ 457325.692559644929133, 3138052.288907965179533 ], [ 457325.734989852237049, 3138052.442615735344589 ], [ 457325.783195327385329, 3138052.593848151154816 ], [ 457325.837038396974094, 3138052.742102168500423 ], [ 457325.89634522801498, 3138052.886922874022275 ], [ 457325.960908498265781, 3138053.027916211634874 ], [ 457326.030491095385514, 3138053.164760414510965 ], [ 457326.104830719646998, 3138053.297215705737472 ], [ 457326.183645229204558, 3138053.425131884869188 ], [ 457326.266638541128486, 3138053.548453446943313 ], [ 457326.35350687924074, 3138053.667221969924867 ], [ 457326.443945148494095, 3138053.781575568951666 ], [ 457326.537653209466953, 3138053.891745309345424 ], [ 457326.634341831377242, 3138053.998048563022166 ], [ 457326.733738113660365, 3138054.100879395380616 ], [ 457326.835590185481124, 3138054.20069616381079 ], [ 457326.939671020605601, 3138054.298006612807512 ], [ 457327.045781236665789, 3138054.393350833561271 ], [ 457327.153750787547324, 3138054.487282548565418 ], [ 457327.263439497211948, 3138054.580349242780358 ], [ 457327.37473642884288, 3138054.673071723431349 ], [ 457327.487558125401847, 3138054.765923728700727 ], [ 457327.601845801691525, 3138054.859312218148261 ], [ 457327.717561606841628, 3138054.953558989800513 ], [ 457327.834684112749528, 3138055.048884238116443 ], [ 457327.953203212993685, 3138055.145392620004714 ], [ 457328.073114640894346, 3138055.243062356952578 ], [ 457328.194414330122527, 3138055.341737792827189 ], [ 457328.317092848417815, 3138055.441125757992268 ], [ 457328.441130134800915, 3138055.540795959532261 ], [ 457328.566490758792497, 3138055.640185519121587 ], [ 457328.69311990326969, 3138055.738607640843838 ], [ 457328.820940246223472, 3138055.835264266468585 ], [ 457328.949849883385468, 3138055.929262455087155 ], [ 457329.07972139515914, 3138056.019634099211544 ], [ 457329.210402120195795, 3138056.105358477216214 ], [ 457329.341715649759863, 3138056.18538704700768 ], [ 457329.473464512266219, 3138056.258669808506966 ], [ 457329.605433970631566, 3138056.32418248616159 ], [ 457329.737396811891813, 3138056.380953766405582 ], [ 457329.869118966686074, 3138056.428091781679541 ], [ 457330.000365763902664, 3138056.464809067547321 ], [ 457330.130908596387599, 3138056.490445228293538 ], [ 457330.260531752952375, 3138056.504486614372581 ], [ 457330.389039161382243, 3138056.506582399830222 ], [ 457330.516260783886537, 3138056.496556524652988 ], [ 457330.642058411496691, 3138056.474415109492838 ], [ 457330.766330622718669, 3138056.440349058248103 ], [ 457330.889016692060977, 3138056.394731716252863 ], [ 457331.010099269798957, 3138056.338111590594053 ], [ 457331.129605690308381, 3138056.27120029553771 ], [ 457331.247607813507784, 3138056.194856009911746 ], [ 457331.364220349118114, 3138056.110062898136675 ], [ 457331.479597668978386, 3138056.017907036002725 ], [ 457331.593929158872925, 3138055.919549519661814 ], [ 457331.707433216448408, 3138055.816197507083416 ], [ 457331.82035004690988, 3138055.709074007812887 ], [ 457331.932933450967539, 3138055.599387288093567 ], [ 457332.04544183856342, 3138055.488300761207938 ], [ 457332.158128729322925, 3138055.376904224976897 ], [ 457332.27123302326072, 3138055.26618728088215 ], [ 457332.384969336853828, 3138055.157015688717365 ], [ 457332.499518702214118, 3138055.050111336167902 ], [ 457332.615019919408951, 3138054.946036395616829 ], [ 457332.731561835156754, 3138054.845182112418115 ], [ 457332.849176795512903, 3138054.747762528248131 ], [ 457332.967835485236719, 3138054.653813306707889 ], [ 457333.087443325377535, 3138054.563195664435625 ], [ 457333.207838554575574, 3138054.475605263374746 ], [ 457333.328792066837195, 3138054.390585780609399 ], [ 457333.450009025924373, 3138054.30754671851173 ], [ 457333.571132221957669, 3138054.22578490478918 ], [ 457333.691747082921211, 3138054.144509025849402 ], [ 457333.811388202768285, 3138054.062866439577192 ], [ 457333.929547202482354, 3138053.97997146146372 ], [ 457334.045681701973081, 3138053.894934274721891 ], [ 457334.159225146111567, 3138053.806889601051807 ], [ 457334.269597206497565, 3138053.715024290140718 ], [ 457334.376214464602526, 3138053.618603012990206 ], [ 457334.478501077916007, 3138053.516991326585412 ], [ 457334.575899133458734, 3138053.409675444476306 ], [ 457334.667878409789409, 3138053.296278174500912 ], [ 457334.753945288481191, 3138053.176570581272244 ], [ 457334.833650589745957, 3138053.050479092635214 ], [ 457334.906596143206116, 3138052.918087890837342 ], [ 457334.972439948178362, 3138052.779636579100043 ], [ 457335.030899826961104, 3138052.635513264220208 ], [ 457335.081755522289313, 3138052.486243323422968 ], [ 457335.124849242041819, 3138052.33247425686568 ], [ 457335.160084703937173, 3138052.17495713988319 ], [ 457335.187424777948763, 3138052.014525287784636 ], [ 457335.206887867767364, 3138051.852070813067257 ], [ 457335.218543209135532, 3138051.688519822899252 ], [ 457335.222505291400012, 3138051.524807019159198 ], [ 457335.218927631154656, 3138051.36185048520565 ], [ 457335.207996139477473, 3138051.200527410488576 ], [ 457335.189922328689136, 3138051.041651476174593 ], [ 457335.164936600078363, 3138050.885952548589557 ], [ 457335.133281840826385, 3138050.734059260226786 ], [ 457335.095207535894588, 3138050.586484945844859 ], [ 457335.050964575901162, 3138050.443617296870798 ], [ 457335.000800903129857, 3138050.30571197764948 ], [ 457334.944958102947567, 3138050.172890319023281 ], [ 457334.883669004891999, 3138050.045141075272113 ], [ 457334.817156312579755, 3138049.922326112631708 ], [ 457334.745632241771091, 3138049.80418977374211 ], [ 457334.669299101398792, 3138049.690371563192457 ], [ 457334.588350715930574, 3138049.580421695485711 ], [ 457334.502974553441163, 3138049.47381897829473 ], [ 457334.413354396703653, 3138049.369990443810821 ], [ 457334.319673372723628, 3138049.268332095816731 ], [ 457334.222117145196535, 3138049.168230126146227 ], [ 457334.120877068024129, 3138049.069081961177289 ], [ 457334.01615310186753, 3138048.970316503662616 ], [ 457333.908156307530589, 3138048.871413003653288 ], [ 457333.79711074847728, 3138048.771918018814176 ], [ 457333.683254661562387, 3138048.671460025943816 ], [ 457333.566840786428656, 3138048.569761306513101 ], [ 457333.448135779763106, 3138048.466646843589842 ], [ 457333.327418682340067, 3138048.362050049938262 ], [ 457333.204978445370216, 3138048.25601525651291 ], [ 457333.081110566738062, 3138048.148696993943304 ], [ 457332.956112926069181, 3138048.04035618994385 ], [ 457332.830280945170671, 3138047.931353494059294 ], [ 457332.703902232577093, 3138047.82214002776891 ], [ 457332.577250899048522, 3138047.713245916180313 ], [ 457332.450581748213153, 3138047.605267017148435 ], [ 457332.324124561855569, 3138047.49885029066354 ], [ 457332.198078702320345, 3138047.394678292330354 ], [ 457332.072608249320183, 3138047.293453254271299 ], [ 457331.947837878600694, 3138047.195881232619286 ], [ 457331.823849667096511, 3138047.102656758390367 ], [ 457331.700680982496124, 3138047.014448398258537 ], [ 457331.578323581779841, 3138046.931885582394898 ], [ 457331.456724003073759, 3138046.855546999722719 ], [ 457331.335785292380024, 3138046.785950789228082 ], [ 457331.215370062680449, 3138046.723546696826816 ], [ 457331.09530483483104, 3138046.668710289057344 ], [ 457330.975385567056946, 3138046.621739251539111 ], [ 457330.855384235619567, 3138046.582851723767817 ], [ 457330.735056292323861, 3138046.552186575718224 ], [ 457330.614148790598847, 3138046.529805463273078 ], [ 457330.492408947262447, 3138046.515696469694376 ], [ 457330.369592887000181, 3138046.509779087733477 ], [ 457330.245474308903795, 3138046.511910299770534 ], [ 457330.119852810399607, 3138046.521891470998526 ], [ 457329.992561615305021, 3138046.539475790224969 ], [ 457329.863474465324543, 3138046.564376000780612 ], [ 457329.732511462294497, 3138046.596272162161767 ], [ 457329.599643678520806, 3138046.634819238446653 ] ] ] } },
{ "type": "Feature", "properties": { "id": 17, "area_ha": 0.004382016924989675 }, "geometry": { "type": "Polygon", "coordinates": [ [ [ 457293.522161222703289, 3138098.789338854607195 ], [ 457293.390893833653536, 3138098.751432837452739 ], [ 457293.261822796543129, 3138098.715128946583718 ], [ 457293.134884538245387, 3138098.680675957351923 ], [ 457293.00998000218533, 3138098.648338856175542 ], [ 457292.886980053735897, 3138098.61839300300926 ], [ 457292.765731006336864, 3138098.591117874253541 ], [ 457292.646060138300527, 3138098.566790534183383 ], [ 457292.527781078184489, 3138098.545678973663598 ], [ 457292.410698945343029, 3138098.528035481460392 ], [ 457292.294615147344302, 3138098.514090199489146 ], [ 457292.179331748164259, 3138098.504045018926263 ], [ 457292.064655340451282, 3138098.498067974112928 ], [ 457291.950400370173156, 3138098.496288274414837 ], [ 457291.836391882272437, 3138098.498792107217014 ], [ 457291.7224676743499, 3138098.505619333125651 ], [ 457291.608479862043168, 3138098.516761163715273 ], [ 457291.494295879616402, 3138098.53215891122818 ], [ 457291.37979895301396, 3138098.551703853067011 ], [ 457291.264888098987285, 3138098.57523825019598 ], [ 457291.149477714556269, 3138098.602557517588139 ], [ 457291.033496831834782, 3138098.633413525763899 ], [ 457290.916888120991644, 3138098.667518982198089 ], [ 457290.799606726912316, 3138098.704552818555385 ], [ 457290.681619028211571, 3138098.744166480377316 ], [ 457290.56290140573401, 3138098.785990998614579 ], [ 457290.443439102557022, 3138098.829644696321338 ], [ 457290.323225252213888, 3138098.874741372186691 ], [ 457290.20226014131913, 3138098.920898780692369 ], [ 457290.080550762359053, 3138098.967747229151428 ], [ 457289.958110699197277, 3138099.014938092790544 ], [ 457289.834960372711066, 3138099.062152057886124 ], [ 457289.711127659538761, 3138099.109106902498752 ], [ 457289.586648880678695, 3138099.155564626213163 ], [ 457289.461570140032563, 3138099.201337755192071 ], [ 457289.335948978958186, 3138099.246294668409973 ], [ 457289.209856297762599, 3138099.290363798849285 ], [ 457289.083378481213003, 3138099.333536600228399 ], [ 457288.95661965594627, 3138099.375869179610163 ], [ 457288.829703995492309, 3138099.417482534889132 ], [ 457288.7027779854252, 3138099.458561365026981 ], [ 457288.576012553356122, 3138099.499351444654167 ], [ 457288.449604970926885, 3138099.540155596099794 ], [ 457288.323780432750937, 3138099.581328308209777 ], [ 457288.198793225456029, 3138099.623269100673497 ], [ 457288.07492740440648, 3138099.666414747014642 ], [ 457287.952496907033492, 3138099.711230494547635 ], [ 457287.831845043809153, 3138099.758200456388295 ], [ 457287.713343322451692, 3138099.807817358989269 ], [ 457287.59738957695663, 3138099.860571848228574 ], [ 457287.484405390219763, 3138099.916941566858441 ], [ 457287.374832818866707, 3138099.977380234748125 ], [ 457287.269130446133204, 3138100.042306945193559 ], [ 457287.167768808372784, 3138100.112095911521465 ], [ 457287.07122525840532, 3138100.187066875398159 ], [ 457286.979978346673306, 3138100.267476378940046 ], [ 457286.894501815258991, 3138100.353510098531842 ], [ 457286.815258315124083, 3138100.445276397746056 ], [ 457286.742692966246977, 3138100.542801252566278 ], [ 457286.67722689016955, 3138100.646024661604315 ], [ 457286.619250847783405, 3138100.75479863351211 ], [ 457286.569119120424148, 3138100.868886801414192 ], [ 457286.52714376716176, 3138100.987965693231672 ], [ 457286.493589390825946, 3138101.111627644393593 ], [ 457286.468668533372693, 3138101.239385310560465 ], [ 457286.452537814504467, 3138101.370677698869258 ], [ 457286.445294909470249, 3138101.504877619445324 ], [ 457286.446976448758505, 3138101.641300408635288 ], [ 457286.457556901325006, 3138101.779213771224022 ], [ 457286.47694848413812, 3138101.917848551645875 ], [ 457286.505002117657568, 3138102.056410229764879 ], [ 457286.541509424569085, 3138102.194090926554054 ], [ 457286.586205746338237, 3138102.330081687308848 ], [ 457286.638774128339719, 3138102.463584811426699 ], [ 457286.698850203945767, 3138102.593825995922089 ], [ 457286.766027885489166, 3138102.720066060777754 ], [ 457286.839865753252525, 3138102.841612039133906 ], [ 457286.919894014950842, 3138102.95782742742449 ], [ 457287.00562189752236, 3138103.068141404073685 ], [ 457287.09654531913111, 3138103.172056853305548 ], [ 457287.192154685559217, 3138103.269157051108778 ], [ 457287.291942649171688, 3138103.359110906720161 ], [ 457287.395411670615431, 3138103.441676660440862 ], [ 457287.502081225567963, 3138103.516704007051885 ], [ 457287.611494509037584, 3138103.584134602919221 ], [ 457287.723224498680793, 3138103.644000982865691 ], [ 457287.836879253445659, 3138103.696423923131078 ], [ 457287.952106342941988, 3138103.741608323063701 ], [ 457288.068596320110373, 3138103.779837709851563 ], [ 457288.186085174733307, 3138103.811467489227653 ], [ 457288.304355725587811, 3138103.836917089764029 ], [ 457288.423237937502563, 3138103.856661173980683 ], [ 457288.542608170537278, 3138103.871220096945763 ], [ 457288.66238739626715, 3138103.881149800494313 ], [ 457288.782538438972551, 3138103.887031357735395 ], [ 457288.903062321944162, 3138103.889460357837379 ], [ 457289.023993819777388, 3138103.889036341570318 ], [ 457289.145396337495185, 3138103.886352482251823 ], [ 457289.267356249387376, 3138103.881985695566982 ], [ 457289.389976846519858, 3138103.876487354747951 ], [ 457289.513372046814766, 3138103.870374763850123 ], [ 457289.637660029460676, 3138103.864123529288918 ], [ 457289.762956953782123, 3138103.858160937204957 ], [ 457289.889370921242516, 3138103.852860434912145 ], [ 457290.01699633221142, 3138103.84853727510199 ], [ 457290.145908777078148, 3138103.84544536517933 ], [ 457290.276160589535721, 3138103.843775334302336 ], [ 457290.407777169544715, 3138103.843653809279203 ], [ 457290.540754167537671, 3138103.845143856015056 ], [ 457290.675055594649166, 3138103.848246540408581 ], [ 457290.810612903907895, 3138103.852903514634818 ], [ 457290.947325059911236, 3138103.859000546392053 ], [ 457291.085059589764569, 3138103.866371867246926 ], [ 457291.223654582921881, 3138103.874805224593729 ], [ 457291.36292158276774, 3138103.884047497995198 ], [ 457291.502649289206602, 3138103.893810744863003 ], [ 457291.642607970512472, 3138103.903778531588614 ], [ 457291.782554464938585, 3138103.913612414617091 ], [ 457291.922237633669283, 3138103.922958432231098 ], [ 457292.061404118547216, 3138103.931453480850905 ], [ 457292.199804244621191, 3138103.938731458503753 ], [ 457292.337197906570509, 3138103.944429068360478 ], [ 457292.473360274278093, 3138103.948191191069782 ], [ 457292.608087157772388, 3138103.949675749056041 ], [ 457292.741199878742918, 3138103.9485580092296 ], [ 457292.872549506020732, 3138103.94453427195549 ], [ 457293.002020328363869, 3138103.937324930913746 ], [ 457293.129532456339803, 3138103.926676893606782 ], [ 457293.255043463490438, 3138103.91236536949873 ], [ 457293.378549004264642, 3138103.894195051398128 ], [ 457293.500082367740106, 3138103.872000728268176 ], [ 457293.619712954619899, 3138103.845647376030684 ], [ 457293.737543691589963, 3138103.815029789227992 ], [ 457293.853707423375454, 3138103.78007181501016 ], [ 457293.968362350540701, 3138103.740725263487548 ], [ 457294.081686603080016, 3138103.696968567091972 ], [ 457294.193872067146003, 3138103.648805262986571 ], [ 457294.30511759762885, 3138103.596262367907912 ], [ 457294.415621770604048, 3138103.539388716686517 ], [ 457294.525575341540389, 3138103.478253320325166 ], [ 457294.63515358523, 3138103.412943798583001 ], [ 457294.744508700445294, 3138103.343564933165908 ], [ 457294.853762462793384, 3138103.270237367600203 ], [ 457294.962999307143036, 3138103.193096483126283 ], [ 457295.072260014014319, 3138103.112291456665844 ], [ 457295.181536163494457, 3138103.027984503190964 ], [ 457295.290765504236333, 3138102.940350285731256 ], [ 457295.399828367866576, 3138102.849575481843203 ], [ 457295.508545235963538, 3138102.755858463700861 ], [ 457295.616675543598831, 3138102.659409067127854 ], [ 457295.723917775205337, 3138102.560448395088315 ], [ 457295.82991088234121, 3138102.459208618849516 ], [ 457295.93423702189466, 3138102.35593271907419 ], [ 457296.036425586265977, 3138102.250874124001712 ], [ 457296.135958464932628, 3138102.144296198617667 ], [ 457296.232276454160456, 3138102.036471534054726 ], [ 457296.324786699551623, 3138101.927681013476104 ], [ 457296.412871038948651, 3138101.818212613463402 ], [ 457296.495895086787641, 3138101.708359931129962 ], [ 457296.573217888420913, 3138101.598420420195907 ], [ 457296.644201955990866, 3138101.488693337887526 ], [ 457296.708223490801174, 3138101.379477424081415 ], [ 457296.764682588982396, 3138101.271068322472274 ], [ 457296.81301322998479, 3138101.163755794987082 ], [ 457296.852692848246079, 3138101.057820764370263 ], [ 457296.88325129786972, 3138100.953532246407121 ], [ 457296.90427903237287, 3138100.85114423558116 ], [ 457296.915434336813632, 3138100.750892616808414 ], [ 457296.916449470270891, 3138100.652992174960673 ], [ 457296.907135597721208, 3138100.557633785996586 ], [ 457296.887386417423841, 3138100.464981868397444 ], [ 457296.857180415128823, 3138100.375172168016434 ], [ 457296.816581705468707, 3138100.288309957832098 ], [ 457296.765739450871479, 3138100.204468711279333 ], [ 457296.704885875224136, 3138100.123689313419163 ], [ 457296.634332920715678, 3138100.045979855116457 ], [ 457296.554467620560899, 3138099.971316047012806 ], [ 457296.465746288129594, 3138099.899642269127071 ], [ 457296.368687644368038, 3138099.830873272847384 ], [ 457296.263865025655832, 3138099.764896511565894 ], [ 457296.151897831936367, 3138099.701575083658099 ], [ 457296.033442385902163, 3138099.640751244034618 ], [ 457295.909182385599706, 3138099.582250420469791 ], [ 457295.779819135903381, 3138099.525885665789247 ], [ 457295.646061746112537, 3138099.471462458372116 ], [ 457295.508617477666121, 3138099.418783755041659 ], [ 457295.368182418984361, 3138099.367655179463327 ], [ 457295.225432652689051, 3138099.317890243604779 ], [ 457295.081016067881137, 3138099.269315470941365 ], [ 457294.935544950945769, 3138099.22177530778572 ], [ 457294.789589469844941, 3138099.17513669654727 ], [ 457294.643672144622542, 3138099.129293202422559 ], [ 457294.49826337210834, 3138099.084168575238436 ], [ 457294.353778050979599, 3138099.039719659369439 ], [ 457294.210573325341102, 3138098.995938558131456 ], [ 457294.068947443389334, 3138098.952853986527771 ], [ 457293.929139701474924, 3138098.910531758796424 ], [ 457293.791331423446536, 3138098.869074382353574 ], [ 457293.655647903506178, 3138098.828619736246765 ], [ 457293.522161222703289, 3138098.789338854607195 ] ] ] } },
{ "type": "Feature", "properties": { "id": 18, "area_ha": 0.015342544265249679 }, "geometry": { "type": "Polygon", "coordinates": [ [ [ 457313.833344568032771, 3138097.387900152709335 ], [ 457313.631463414058089, 3138097.55105416662991 ], [ 457313.429909073922317, 3138097.718454220332205 ], [ 457313.227946700935718, 3138097.887629269622266 ], [ 457313.024812789517455, 3138098.056230279617012 ], [ 457312.819740524166264, 3138098.22209630580619 ], [ 457312.611987140029669, 3138098.383315103128552 ], [ 457312.400862558744848, 3138098.538276349194348 ], [ 457312.185758489533328, 3138098.685715749394149 ], [ 457311.966177139955107, 3138098.824748598504812 ], [ 457311.741758656164166, 3138098.954891655128449 ], [ 457311.512306416465435, 3138099.076072571333498 ], [ 457311.277809335151687, 3138099.188626489602029 ], [ 457311.038460388721433, 3138099.293279833626002 ], [ 457310.794670664763544, 3138099.391121721360832 ], [ 457310.547078338218853, 3138099.483563815709203 ], [ 457310.296552112209611, 3138099.572289823088795 ], [ 457310.044188804400619, 3138099.6591961607337 ], [ 457309.791304923593998, 3138099.74632562417537 ], [ 457309.539422245696187, 3138099.835796114057302 ], [ 457309.290247574506793, 3138099.92972663929686 ], [ 457309.045647040184122, 3138100.030162939801812 ], [ 457308.807615454832558, 3138100.139005062170327 ], [ 457308.57824139285367, 3138100.257939198985696 ], [ 457308.359668802237138, 3138100.388375964015722 ], [ 457308.154056062281597, 3138100.53139708423987 ], [ 457307.963533495203592, 3138100.687712226994336 ], [ 457307.790160396485589, 3138100.857627371326089 ], [ 457307.635882680362556, 3138101.041025766637176 ], [ 457307.502492235100362, 3138101.237362123094499 ], [ 457307.391589048609603, 3138101.445670269895345 ], [ 457307.304547102306969, 3138101.664584080222994 ], [ 457307.242484935093671, 3138101.892371049616486 ], [ 457307.206241661391687, 3138102.126977513544261 ], [ 457307.196359081193805, 3138102.36608411045745 ], [ 457307.213070358440746, 3138102.607169789727777 ], [ 457307.256295566563495, 3138102.84758237702772 ], [ 457307.325644212949555, 3138103.084613518323749 ], [ 457307.420424665731844, 3138103.315575669519603 ], [ 457307.539660216949414, 3138103.537878760602325 ], [ 457307.682111337955575, 3138103.749104155227542 ], [ 457307.846303515951149, 3138103.947073633316904 ], [ 457308.03055991086876, 3138104.129911274183542 ], [ 457308.233037948899437, 3138104.296096362639219 ], [ 457308.451768866740167, 3138104.444505714811385 ], [ 457308.684699152421672, 3138104.574444171972573 ], [ 457308.929732789343689, 3138104.685662379022688 ], [ 457309.184773201588541, 3138104.778361375909299 ], [ 457309.44776382780401, 3138104.853183943778276 ], [ 457309.716726302402094, 3138104.911193063016981 ], [ 457309.989795313798822, 3138104.95383824268356 ], [ 457310.265249316464178, 3138104.982910859398544 ], [ 457310.541536412376445, 3138105.000489971600473 ], [ 457310.817294866836164, 3138105.008880371693522 ], [ 457311.091367892106064, 3138105.010544849559665 ], [ 457311.362812504521571, 3138105.008032819721848 ], [ 457311.630902439821512, 3138105.003907539416105 ], [ 457311.895125282288063, 3138105.000674174167216 ], [ 457312.155174130864907, 3138105.000710899010301 ], [ 457312.410934277635533, 3138105.006205118261278 ], [ 457312.662465505825821, 3138105.019096669275314 ], [ 457312.909980730735697, 3138105.041029649786651 ], [ 457313.153821790590882, 3138105.073314196895808 ], [ 457313.394433257519267, 3138105.116899209097028 ], [ 457313.632335168076679, 3138105.17235663626343 ], [ 457313.868095576064661, 3138105.239877589046955 ], [ 457314.102303803665563, 3138105.319280114024878 ], [ 457314.335545212263241, 3138105.410028140060604 ], [ 457314.568378235504497, 3138105.511260711122304 ], [ 457314.801314316864591, 3138105.621830342337489 ], [ 457315.034801273141056, 3138105.740349027328193 ], [ 457315.269210472528357, 3138105.86524023162201 ], [ 457315.504828072851524, 3138105.994795026723295 ], [ 457315.741850418213289, 3138106.127230430487543 ], [ 457315.980383545218501, 3138106.260747986845672 ], [ 457316.220446607796475, 3138106.39359064027667 ], [ 457316.461978899082169, 3138106.524096082895994 ], [ 457316.704850030189846, 3138106.650744877289981 ], [ 457316.948872726818081, 3138106.772201900370419 ], [ 457317.193817624647636, 3138106.887349885422736 ], [ 457317.439429390302394, 3138106.995314151979983 ], [ 457317.685443462338299, 3138107.095477910712361 ], [ 457317.931602700322401, 3138107.187487888149917 ], [ 457318.177673250553198, 3138107.27125032292679 ], [ 457318.423458977194969, 3138107.346917739603668 ], [ 457318.668813874886837, 3138107.414867189712822 ], [ 457318.913651960028801, 3138107.475670940708369 ], [ 457319.157954239868559, 3138107.530060830991715 ], [ 457319.401772470213473, 3138107.578887692652643 ], [ 457319.645229533372913, 3138107.623077388852835 ], [ 457319.888516392325982, 3138107.663585102651268 ], [ 457320.131885703187436, 3138107.701349524315447 ], [ 457320.375642286613584, 3138107.737248571589589 ], [ 457320.620130770432297, 3138107.772058174945414 ], [ 457320.865720817062538, 3138107.806415528990328 ], [ 457321.112790430663154, 3138107.840788024477661 ], [ 457321.36170790635515, 3138107.875448860228062 ], [ 457321.612813029962126, 3138107.910460066050291 ], [ 457321.866398160869721, 3138107.945663413964212 ], [ 457322.122689833806362, 3138107.980679400730878 ], [ 457322.381831497536041, 3138108.01491420250386 ], [ 457322.643867968872655, 3138108.047574234660715 ], [ 457322.908732124138623, 3138108.077687688637525 ], [ 457323.17623427399667, 3138108.10413219127804 ], [ 457323.446054583124351, 3138108.125667552929372 ], [ 457323.717738794628531, 3138108.140972394496202 ], [ 457323.990697416185867, 3138108.148683367762715 ], [ 457324.264208415988833, 3138108.147435603663325 ], [ 457324.537423367262818, 3138108.135903025045991 ], [ 457324.809376878547482, 3138108.112837207503617 ], [ 457325.07899904740043, 3138108.07710353564471 ], [ 457325.345130591071211, 3138108.027713559102267 ], [ 457325.606540233653504, 3138107.963852592278272 ], [ 457325.861943871015683, 3138107.884901806246489 ], [ 457326.110024994821288, 3138107.790454267524183 ], [ 457326.349455830582883, 3138107.680324616841972 ], [ 457326.578918642364442, 3138107.554552291985601 ], [ 457326.797126665420365, 3138107.413398446980864 ], [ 457327.002844158268999, 3138107.25733691547066 ], [ 457327.19490510749165, 3138107.087039769627154 ], [ 457327.37223017658107, 3138106.903358187060803 ], [ 457327.53384155605454, 3138106.707299476955086 ], [ 457327.678875446494203, 3138106.500001203734428 ], [ 457327.806591988541186, 3138106.282703416887671 ], [ 457327.91638253320707, 3138106.056720004882663 ], [ 457328.007774229510687, 3138105.823410166427493 ], [ 457328.080431982118171, 3138105.584150938782841 ], [ 457328.134157905587927, 3138105.340311625506729 ], [ 457328.168888461892493, 3138105.093230836093426 ], [ 457328.184689522837289, 3138104.844196710735559 ], [ 457328.181749638984911, 3138104.594430730678141 ], [ 457328.160371824866161, 3138104.345075340941548 ], [ 457328.120964186207857, 3138104.097185442224145 ], [ 457328.064029717468657, 3138103.851723623927683 ], [ 457327.990155587205663, 3138103.609558861237019 ], [ 457327.900002210924868, 3138103.371468254365027 ], [ 457327.794292377308011, 3138103.138141265604645 ], [ 457327.673800659133121, 3138102.910185841377825 ], [ 457327.5393432949204, 3138102.688135724514723 ], [ 457327.391768680419773, 3138102.472458266653121 ], [ 457327.231948562723119, 3138102.263562050648034 ], [ 457327.060769980365876, 3138102.061803684569895 ], [ 457326.879127952095587, 3138101.867493212223053 ], [ 457326.687918875832111, 3138101.680897686630487 ], [ 457326.488034569483716, 3138101.502242583781481 ], [ 457326.28035686124349, 3138101.331710884813219 ], [ 457326.065752620750573, 3138101.169439804274589 ], [ 457325.845069119241089, 3138101.015515306964517 ], [ 457325.619129607686773, 3138100.869964702520519 ], [ 457325.388729015539866, 3138100.732747761998326 ], [ 457325.15462969255168, 3138100.603746910579503 ], [ 457324.917557141277939, 3138100.482757160440087 ], [ 457324.678195720422082, 3138100.369476517662406 ], [ 457324.437184332520701, 3138100.263497624546289 ], [ 457324.195112144574523, 3138100.164301415905356 ], [ 457323.952514425618574, 3138100.07125351158902 ], [ 457323.709868614678271, 3138099.983604018110782 ], [ 457323.467590760672465, 3138099.900491278152913 ], [ 457323.226032493636012, 3138099.820949993561953 ], [ 457322.985478699731175, 3138099.74392396537587 ], [ 457322.746146073332056, 3138099.668283514678478 ], [ 457322.508182713878341, 3138099.592847452498972 ], [ 457322.271668915229384, 3138099.516409256495535 ], [ 457322.036619270103984, 3138099.437766917515546 ], [ 457321.802986175112892, 3138099.355755720287561 ], [ 457321.570664776547346, 3138099.269283064641058 ], [ 457321.339499347959645, 3138099.177364269737154 ], [ 457321.109291034634225, 3138099.079158211592585 ], [ 457320.879806842538528, 3138098.974001560825855 ], [ 457320.650789692532271, 3138098.861440354958177 ], [ 457320.421969305898529, 3138098.741257674526423 ], [ 457320.193073637667112, 3138098.613496231846511 ], [ 457319.963840532756876, 3138098.478474813979119 ], [ 457319.734029247483704, 3138098.336797663476318 ], [ 457319.503431458491832, 3138098.189356079790741 ], [ 457319.271881374181248, 3138098.037321753799915 ], [ 457319.039264570397791, 3138097.882131602149457 ], [ 457318.80552519322373, 3138097.725464143790305 ], [ 457318.5706712094252, 3138097.56920775026083 ], [ 457318.334777433425188, 3138097.415421376470476 ], [ 457318.097986124805175, 3138097.266288655810058 ], [ 457317.860505024378654, 3138097.124066505581141 ], [ 457317.622602778603323, 3138096.991029594093561 ], [ 457317.3846017952892, 3138096.869412218686193 ], [ 457317.146868662966881, 3138096.761349282227457 ], [ 457316.909802361798938, 3138096.668818129692227 ], [ 457316.673820583207998, 3138096.593583048786968 ], [ 457316.439344557293225, 3138096.537144198548049 ], [ 457316.206782862369437, 3138096.50069265300408 ], [ 457315.976514748763293, 3138096.485073080752045 ], [ 457315.748873554344755, 3138096.490755397826433 ], [ 457315.524130816280376, 3138096.517816470935941 ], [ 457315.302481688326225, 3138096.56593265151605 ], [ 457315.084032260521781, 3138096.634383614640683 ], [ 457314.868789342348464, 3138096.72206760244444 ], [ 457314.65665321511915, 3138096.827527841553092 ], [ 457314.447413783287629, 3138096.948989523109049 ], [ 457314.24075046251528, 3138097.084406403824687 ], [ 457314.036236033134628, 3138097.231515762396157 ], [ 457313.833344568032771, 3138097.387900152709335 ] ] ] } },
{ "type": "Feature", "properties": { "id": 19, "area_ha": 0.0081001904625278218 }, "geometry": { "type": "Polygon", "coordinates": [ [ [ 457566.310554482915904, 3138164.996689866762608 ], [ 457566.158016734116245, 3138164.859640297479928 ], [ 457566.006761512137018, 3138164.725545540452003 ], [ 457565.857410627300851, 3138164.595991800539196 ], [ 457565.710581443738192, 3138164.472638024482876 ], [ 457565.566866915498395, 3138164.357181837316602 ], [ 457565.426816337159835, 3138164.251323472242802 ], [ 457565.290917562611867, 3138164.156728637870401 ], [ 457565.159581397892907, 3138164.074991317465901 ], [ 457565.03312879265286, 3138164.007597491145134 ], [ 457564.911781353817787, 3138163.955890769604594 ], [ 457564.795655581227038, 3138163.921040882822126 ], [ 457564.684761086187791, 3138163.904015881940722 ], [ 457564.579002902668435, 3138163.905558829195797 ], [ 457564.478187845437787, 3138163.926169616170228 ], [ 457564.382034715730697, 3138163.966092414688319 ], [ 457564.290188003506046, 3138164.025309111922979 ], [ 457564.202234600437805, 3138164.103538905736059 ], [ 457564.11772291676607, 3138164.200244073756039 ], [ 457564.036183697171509, 3138164.314641752745956 ], [ 457563.957151757495012, 3138164.445721406489611 ], [ 457563.880187820876017, 3138164.592267489526421 ], [ 457563.804899615934119, 3138164.752886693924665 ], [ 457563.730961419409141, 3138164.926039026584476 ], [ 457563.658131270087324, 3138165.110071876086295 ], [ 457563.586265160527546, 3138165.303256148006767 ], [ 457563.515327615430579, 3138165.50382351083681 ], [ 457563.445398191804998, 3138165.710003760177642 ], [ 457563.376673582941294, 3138165.920061341952533 ], [ 457563.309465164609719, 3138166.132330088410527 ], [ 457563.244191990641411, 3138166.345245312899351 ], [ 457563.181369411875494, 3138166.557372477371246 ], [ 457563.121593656542245, 3138166.767431764863431 ], [ 457563.065522864169907, 3138166.974318023305386 ], [ 457563.013855202123523, 3138167.177115676458925 ], [ 457562.967304809542838, 3138167.375108354724944 ], [ 457562.926576405006927, 3138167.567783151753247 ], [ 457562.892339455138426, 3138167.754829562734812 ], [ 457562.865202830522321, 3138167.936133311130106 ], [ 457562.845690873335116, 3138168.111765403766185 ], [ 457562.834221763245296, 3138168.28196688555181 ], [ 457562.83108900039224, 3138168.447129864245653 ], [ 457562.836446724715643, 3138168.607775466516614 ], [ 457562.850299465935677, 3138168.764529447071254 ], [ 457562.872496770054568, 3138168.918096224311739 ], [ 457562.902732982183807, 3138169.069232115522027 ], [ 457562.940552288782783, 3138169.218718552030623 ], [ 457562.985358939622529, 3138169.367336020804942 ], [ 457563.036432385735679, 3138169.51583941699937 ], [ 457563.092946898192167, 3138169.664935442619026 ], [ 457563.153995068045333, 3138169.815262576565146 ], [ 457563.218614448036533, 3138169.967374056577682 ], [ 457563.285816479066852, 3138170.121724199037999 ], [ 457563.354616755270399, 3138170.278658270835876 ], [ 457563.424065625527874, 3138170.438406007830054 ], [ 457563.493278108071536, 3138170.601078762672842 ], [ 457563.561462107230909, 3138170.766670162789524 ], [ 457563.627943970204797, 3138170.935060045681894 ], [ 457563.692190504574683, 3138171.106021369807422 ], [ 457563.753826689440757, 3138171.279229713603854 ], [ 457563.812648454506416, 3138171.454274924006313 ], [ 457563.868630063778255, 3138171.630674440879375 ], [ 457563.921925820352044, 3138171.807887786999345 ], [ 457563.97286599985091, 3138171.985331731848419 ], [ 457564.02194711426273, 3138172.162395632825792 ], [ 457564.069816800707486, 3138172.338456486817449 ], [ 457564.11725381197175, 3138172.512893282808363 ], [ 457564.165143753460143, 3138172.685100281611085 ], [ 457564.214451356616337, 3138172.854498916771263 ], [ 457564.266190197900869, 3138173.020548094063997 ], [ 457564.321390860888641, 3138173.182752711698413 ], [ 457564.381068592774682, 3138173.340670322533697 ], [ 457564.446191524562892, 3138173.493915916420519 ], [ 457564.517650506459177, 3138173.642164866439998 ], [ 457564.596231553645339, 3138173.785154147539288 ], [ 457564.68259181000758, 3138173.922681980766356 ], [ 457564.77723981521558, 3138174.054606097750366 ], [ 457564.880520714388695, 3138174.18084084847942 ], [ 457564.992606878455263, 3138174.30135338800028 ], [ 457565.113494217919651, 3138174.416159192565829 ], [ 457565.243004276591819, 3138174.525317132007331 ], [ 457565.380791992822196, 3138174.628924326971173 ], [ 457565.526358821429312, 3138174.727110983803868 ], [ 457565.679070724290796, 3138174.820035369135439 ], [ 457565.838180371269118, 3138174.907879045698792 ], [ 457566.002852749079466, 3138174.990842464845628 ], [ 457566.172193258593325, 3138175.069140947889537 ], [ 457566.345277298358269, 3138175.143001066055149 ], [ 457566.521180282405112, 3138175.21265738690272 ], [ 457566.699007028189953, 3138175.278349520638585 ], [ 457566.877919475547969, 3138175.340319379698485 ], [ 457567.057161759410519, 3138175.398808544036001 ], [ 457567.23608175344998, 3138175.454055626410991 ], [ 457567.414148328942247, 3138175.506293513346463 ], [ 457567.590963726630434, 3138175.555746390484273 ], [ 457567.766270611726213, 3138175.602626464795321 ], [ 457567.939953572466038, 3138175.647130323573947 ], [ 457568.112035020778421, 3138175.689434906933457 ], [ 457568.282665650418494, 3138175.729693104978651 ], [ 457568.452109804493375, 3138175.768029027152807 ], [ 457568.620726283465046, 3138175.804533034563065 ], [ 457568.788945288339164, 3138175.839256668929011 ], [ 457568.957242333854083, 3138175.872207630425692 ], [ 457569.126110073470045, 3138175.903345010709018 ], [ 457569.296029056771658, 3138175.932574986480176 ], [ 457569.467438480060082, 3138175.959747209679335 ], [ 457569.640707995044068, 3138175.984652122482657 ], [ 457569.816111606487539, 3138176.007019426673651 ], [ 457569.993804622034077, 3138176.026517912279814 ], [ 457570.173804512189236, 3138176.042756827548146 ], [ 457570.355976407183334, 3138176.055288928095251 ], [ 457570.540023797599133, 3138176.063615299295634 ], [ 457570.725484827242326, 3138176.067191988695413 ], [ 457570.911734375404194, 3138176.06543842330575 ], [ 457571.09799192432547, 3138176.057747520040721 ], [ 457571.28333500988083, 3138176.043497340288013 ], [ 457571.466717860137578, 3138176.022064058575779 ], [ 457571.64699464594014, 3138175.99283597804606 ], [ 457571.82294661027845, 3138175.955228245351464 ], [ 457571.993312205944676, 3138175.908697893377393 ], [ 457572.156819267955143, 3138175.852758798282593 ], [ 457572.312218175560702, 3138175.786996112205088 ], [ 457572.458314921648707, 3138175.711079733911902 ], [ 457572.594003010541201, 3138175.624776382930577 ], [ 457572.718293141457252, 3138175.52795986412093 ], [ 457572.830339709937107, 3138175.420619152486324 ], [ 457572.929463264241349, 3138175.30286398017779 ], [ 457573.015168190817349, 3138175.174927664455026 ], [ 457573.087155061541125, 3138175.037167003378272 ], [ 457573.145327254082076, 3138174.890059142839164 ], [ 457573.189791648008395, 3138174.734195413999259 ], [ 457573.220853395934682, 3138174.570272225420922 ], [ 457573.239004965405911, 3138174.399079202208668 ], [ 457573.244909834989812, 3138174.221484840847552 ], [ 457573.239381403429434, 3138174.038420036900789 ], [ 457573.223357823735569, 3138173.850859923288226 ], [ 457573.197873605240602, 3138173.659804499708116 ], [ 457573.164028923434671, 3138173.466258607339114 ], [ 457573.122957648593001, 3138173.27121180575341 ], [ 457573.075795131560881, 3138173.075618736911565 ], [ 457573.023646785819437, 3138172.880380548071116 ], [ 457572.967558462871239, 3138172.68632792448625 ], [ 457572.908489547902718, 3138172.494206224102527 ], [ 457572.84728959784843, 3138172.304663164075464 ], [ 457572.784679213131312, 3138172.118239412084222 ], [ 457572.721235683769919, 3138171.935362359043211 ], [ 457572.657383777899668, 3138171.756343240384012 ], [ 457572.593391863279976, 3138171.581377668771893 ], [ 457572.52937336510513, 3138171.410549529828131 ], [ 457572.465293383749668, 3138171.243838078342378 ], [ 457572.400980119244196, 3138171.081127973739058 ], [ 457572.33614059217507, 3138170.922221885062754 ], [ 457572.27038000972243, 3138170.766855220776051 ], [ 457572.203224012220744, 3138170.614712451584637 ], [ 457572.134142947907094, 3138170.465444455388933 ], [ 457572.06257726973854, 3138170.318686264101416 ], [ 457571.98796312592458, 3138170.174074590671808 ], [ 457571.909757226181682, 3138170.031264504883438 ], [ 457571.827460110129323, 3138169.889944677241147 ], [ 457571.740637018869165, 3138169.749850634485483 ], [ 457571.648935671022628, 3138169.610775563400239 ], [ 457571.552100372035056, 3138169.472578268032521 ], [ 457571.449982028570957, 3138169.335188000462949 ], [ 457571.342543797334656, 3138169.198605981189758 ], [ 457571.229862264706753, 3138169.062903564888984 ], [ 457571.112124217848759, 3138168.92821711441502 ], [ 457570.989619232481346, 3138168.794739772100002 ], [ 457570.862728452601004, 3138168.662710438948125 ], [ 457570.731910074537154, 3138168.532400380820036 ], [ 457570.597682161547709, 3138168.404097959399223 ], [ 457570.46060350665357, 3138168.278092090040445 ], [ 457570.321253323927522, 3138168.154655063524842 ], [ 457570.180210580118001, 3138168.034025416243821 ], [ 457570.038033781398553, 3138167.916391543112695 ], [ 457569.895242001977749, 3138167.801876742392778 ], [ 457569.752297880942933, 3138167.690526330377907 ], [ 457569.609593231987674, 3138167.582297424785793 ], [ 457569.467437800718471, 3138167.477051893249154 ], [ 457569.326051575946622, 3138167.374552885070443 ], [ 457569.185560922196601, 3138167.274465228430927 ], [ 457569.045998647168744, 3138167.176359854638577 ], [ 457568.907307965215296, 3138167.079722275026143 ], [ 457568.769350166257937, 3138166.983964989893138 ], [ 457568.631915656558704, 3138166.888443571981043 ], [ 457568.494737907545641, 3138166.792476030066609 ], [ 457568.357509738998488, 3138166.695364931598306 ], [ 457568.219901272910647, 3138166.596421661786735 ], [ 457568.081578832876403, 3138166.494992091320455 ], [ 457567.942224028403871, 3138166.390482871327549 ], [ 457567.801552258431911, 3138166.282387514598668 ], [ 457567.659329893067479, 3138166.170311413705349 ], [ 457567.515389443491586, 3138166.053994948510081 ], [ 457567.36964211112354, 3138165.933333877008408 ], [ 457567.222087207890581, 3138165.808396264445037 ], [ 457567.072818061744329, 3138165.679435289464891 ], [ 457566.922024158702698, 3138165.54689738759771 ], [ 457566.769989418855403, 3138165.411425310187042 ], [ 457566.617086653655861, 3138165.273855830077082 ], [ 457566.46376840188168, 3138165.135211978573352 ], [ 457566.310554482915904, 3138164.996689866762608 ] ] ] } },
{ "type": "Feature", "properties": { "id": 20, "area_ha": 0.019100932228760359 }, "geometry": { "type": "Polygon", "coordinates": [ [ [ 457493.429785703716334, 3138219.096042099874467 ], [ 457493.158784473082051, 3138219.169560565147549 ], [ 457492.889269777981099, 3138219.280517138540745 ], [ 457492.623115222610068, 3138219.427954274229705 ], [ 457492.362485011515673, 3138219.610209987964481 ], [ 457492.109772095573135, 3138219.824985018 ], [ 457491.867526598449331, 3138220.069428270682693 ], [ 457491.638377082417719, 3138220.340237366966903 ], [ 457491.424947487306781, 3138220.633770598564297 ], [ 457491.229772749065887, 3138220.946166266221553 ], [ 457491.055216169566847, 3138221.273465155623853 ], [ 457490.903391560015734, 3138221.611731853336096 ], [ 457490.776093022548594, 3138221.957170691806823 ], [ 457490.674734970496502, 3138222.306232365313917 ], [ 457490.600304629129823, 3138222.65570762520656 ], [ 457490.553328814567067, 3138223.002804979216307 ], [ 457490.533856279856991, 3138223.345209922175854 ], [ 457490.541456356120761, 3138223.681123929098248 ], [ 457490.575234029674903, 3138224.009282188490033 ], [ 457490.633860998263117, 3138224.328949842602015 ], [ 457490.715621666109655, 3138224.639897298067808 ], [ 457490.818472490471322, 3138224.9423559284769 ], [ 457490.940112595912069, 3138225.236956207547337 ], [ 457491.078063154127449, 3138225.524650953244418 ], [ 457491.229752691346221, 3138225.806626898702234 ], [ 457491.392605254193768, 3138226.084208220243454 ], [ 457491.564128241850995, 3138226.358755945693702 ], [ 457491.74199670238886, 3138226.631567306816578 ], [ 457491.924130998726469, 3138226.903779083862901 ], [ 457492.10876496869605, 3138227.176278848666698 ], [ 457492.29450202541193, 3138227.449627704918385 ], [ 457492.480357063410338, 3138227.723997696302831 ], [ 457492.665782531315926, 3138227.999126510694623 ], [ 457492.850677591341082, 3138228.274291465058923 ], [ 457493.035379886918236, 3138228.548304029274732 ], [ 457493.22064006247092, 3138228.819525402504951 ], [ 457493.407579801452812, 3138229.085902843624353 ], [ 457493.597634748322889, 3138229.345025706104934 ], [ 457493.792484234145377, 3138229.594199363142252 ], [ 457493.993970218638424, 3138229.830534534994513 ], [ 457494.204008268832695, 3138230.051048945635557 ], [ 457494.424493708531372, 3138230.25277772732079 ], [ 457494.657206277595833, 3138230.432888650801033 ], [ 457494.903716727276333, 3138230.588798023294657 ], [ 457495.165298749343492, 3138230.718283019028604 ], [ 457495.442849483923055, 3138230.819586293306202 ], [ 457495.736821588710882, 3138230.891508932691067 ], [ 457496.04716948029818, 3138230.933488173875958 ], [ 457496.373311894363724, 3138230.945656795520335 ], [ 457496.714112371904776, 3138230.928881709463894 ], [ 457497.067878674832173, 3138230.884779939427972 ], [ 457497.43238149775425, 3138230.815710964147002 ], [ 457497.80489218555158, 3138230.724745170678943 ], [ 457498.182238516223151, 3138230.615608996711671 ], [ 457498.560876988398377, 3138230.492608115077019 ], [ 457498.936979480378795, 3138230.360530778765678 ], [ 457499.306531646871008, 3138230.224534121342003 ], [ 457499.665440005250275, 3138230.090016790200025 ], [ 457500.009644350793678, 3138229.962481775321066 ], [ 457500.335231939912774, 3138229.847393640317023 ], [ 457500.638549801136833, 3138229.750034554395825 ], [ 457500.916311573935673, 3138229.675363598391414 ], [ 457501.165695440548006, 3138229.627883711829782 ], [ 457501.384429992642254, 3138229.611520410049707 ], [ 457501.570865260961, 3138229.629516019485891 ], [ 457501.724026611773297, 3138229.684342683292925 ], [ 457501.843649768503383, 3138229.7776367678307 ], [ 457501.93019582767738, 3138229.910156616009772 ], [ 457501.98484578600619, 3138230.081764822360128 ], [ 457502.009474755905103, 3138230.291435424238443 ], [ 457502.006606702227145, 3138230.537285592872649 ], [ 457501.979351153597236, 3138230.816630628891289 ], [ 457501.931323914497625, 3138231.126060331240296 ], [ 457501.866554304142483, 3138231.461534141562879 ], [ 457501.789381860464346, 3138231.818491893820465 ], [ 457501.704345759993885, 3138232.191976540256292 ], [ 457501.616070404299535, 3138232.576764888130128 ], [ 457501.529150707181543, 3138232.967502187937498 ], [ 457501.448040579562075, 3138233.358836359810084 ], [ 457501.376947957847733, 3138233.745547734200954 ], [ 457501.319739454484079, 3138234.122670402284712 ], [ 457501.279857346846256, 3138234.485601651016623 ], [ 457501.260251165600494, 3138234.830196396447718 ], [ 457501.263325622479897, 3138235.152844130061567 ], [ 457501.290906040405389, 3138235.450526517350227 ], [ 457501.344221841602121, 3138235.720854489132762 ], [ 457501.423908034106717, 3138235.962084407452494 ], [ 457501.530024029430933, 3138236.173113584518433 ], [ 457501.6620885526645, 3138236.353456169366837 ], [ 457501.819128886854742, 3138236.503201040439308 ], [ 457501.999742242449429, 3138236.622953946236521 ], [ 457502.202166679955553, 3138236.713766616303474 ], [ 457502.424358745862264, 3138236.777055943384767 ], [ 457502.6640748224454, 3138236.814516611862928 ], [ 457502.918953141139355, 3138236.828030672855675 ], [ 457503.186593469639774, 3138236.819577571935952 ], [ 457503.464631650829688, 3138236.791148015297949 ], [ 457503.750806441123132, 3138236.744664797093719 ], [ 457504.043016452167649, 3138236.681913373526186 ], [ 457504.339365432737395, 3138236.604484484996647 ], [ 457504.638194621016737, 3138236.513730617240071 ], [ 457504.938101426814683, 3138236.410737470258027 ], [ 457505.237944256456103, 3138236.29631100827828 ], [ 457505.536833843390923, 3138236.17097998643294 ], [ 457505.834111977717839, 3138236.035013264045119 ], [ 457506.129319017054513, 3138235.888450586702675 ], [ 457506.422151991748251, 3138235.731145021971315 ], [ 457506.712415474350564, 3138235.562814766541123 ], [ 457506.999967651790939, 3138235.383101688232273 ], [ 457507.284664211678319, 3138235.191633730195463 ], [ 457507.566302723484114, 3138234.988088162150234 ], [ 457507.844570160435978, 3138234.772252670489252 ], [ 457508.118996068369597, 3138234.544081377796829 ], [ 457508.388913652626798, 3138234.303743125870824 ], [ 457508.653430727717932, 3138234.051659684162587 ], [ 457508.911412074696273, 3138233.788531974889338 ], [ 457509.161474287859164, 3138233.515352924354374 ], [ 457509.401993687672075, 3138233.233406089711934 ], [ 457509.631127346132416, 3138232.944249844178557 ], [ 457509.846846737142187, 3138232.649687469005585 ], [ 457510.046983004838694, 3138232.351724139880389 ], [ 457510.229282361164223, 3138232.052512326743454 ], [ 457510.391469691938255, 3138231.754287649877369 ], [ 457510.531318093300797, 3138231.459297646768391 ], [ 457510.646721783676185, 3138231.169726250227541 ], [ 457510.735769653751049, 3138230.887616997584701 ], [ 457510.796816640533507, 3138230.614798096008599 ], [ 457510.828550133039244, 3138230.352812459226698 ], [ 457510.830048751842696, 3138230.102855695877224 ], [ 457510.800831073138397, 3138229.865724770817906 ], [ 457510.740892194327898, 3138229.641779695171863 ], [ 457510.650726442632731, 3138229.430920150130987 ], [ 457510.531335001986008, 3138229.232578394934535 ], [ 457510.384217757033184, 3138229.04572921898216 ], [ 457510.211349207209423, 3138228.868917053565383 ], [ 457510.015138871560339, 3138228.700299705844373 ], [ 457509.798377160797827, 3138228.537707536481321 ], [ 457509.564168223820161, 3138228.378716291859746 ], [ 457509.315851753402967, 3138228.220731245819479 ], [ 457509.056916151428595, 3138228.06107984483242 ], [ 457508.790905785397626, 3138227.897109661716968 ], [ 457508.521325306675863, 3138227.726288209203631 ], [ 457508.25154413736891, 3138227.546301025897264 ], [ 457507.984704258735292, 3138227.355144429951906 ], [ 457507.723634352965746, 3138227.151209470815957 ], [ 457507.470773158362135, 3138226.933353854808956 ], [ 457507.228104608249851, 3138226.700958992354572 ], [ 457506.997106939554214, 3138226.453969811554998 ], [ 457506.778717497014441, 3138226.192915536463261 ], [ 457506.573314434033819, 3138225.918910309672356 ], [ 457506.380715946026612, 3138225.633633207995445 ], [ 457506.200197077705525, 3138225.339287951122969 ], [ 457506.030523554014508, 3138225.038543317001313 ], [ 457505.87000150361564, 3138224.734455981291831 ], [ 457505.716541408502962, 3138224.430378156714141 ], [ 457505.567734127689619, 3138224.129852963145822 ], [ 457505.420936436858028, 3138223.836500960402191 ], [ 457505.273363206302747, 3138223.553901621606201 ], [ 457505.12218311894685, 3138223.285473765339702 ], [ 457504.964614719501697, 3138223.034359063021839 ], [ 457504.798019584966823, 3138222.80331269139424 ], [ 457504.619989519240335, 3138222.594605000223964 ], [ 457504.428424892015755, 3138222.409937753807753 ], [ 457504.221601564495359, 3138222.250378037337214 ], [ 457503.998224248527549, 3138222.116312350146472 ], [ 457503.757464632159099, 3138222.007422764785588 ], [ 457503.498983139230404, 3138221.922686267644167 ], [ 457503.222933772020042, 3138221.860397650394589 ], [ 457502.929952076578047, 3138221.818215494509786 ], [ 457502.621126863872632, 3138221.793230019044131 ], [ 457502.297956883907318, 3138221.782050795387477 ], [ 457501.962294173019473, 3138221.780911646783352 ], [ 457501.616276251676027, 3138221.785789434798062 ], [ 457501.262249728897586, 3138221.792532945517451 ], [ 457500.902688156405929, 3138221.796997709665447 ], [ 457500.540107158885803, 3138221.795182355679572 ], [ 457500.176979940617457, 3138221.783362016547471 ], [ 457499.815656231774483, 3138221.758214370347559 ], [ 457499.458287593268324, 3138221.716934120748192 ], [ 457499.106761743139941, 3138221.65733207622543 ], [ 457498.762648226984311, 3138221.57791548455134 ], [ 457498.427157320606057, 3138221.477946891915053 ], [ 457498.101113562646788, 3138221.357479487545788 ], [ 457497.784944765386172, 3138221.21736767841503 ], [ 457497.478686783753801, 3138221.05925245815888 ], [ 457497.182003735215403, 3138220.885521962307394 ], [ 457496.894222798582632, 3138220.699248432647437 ], [ 457496.614382180210669, 3138220.504103588871658 ], [ 457496.341290355427191, 3138220.304255133029073 ], [ 457496.073594277957454, 3138220.10424772137776 ], [ 457495.809853922168259, 3138219.908872263971716 ], [ 457495.54862029326614, 3138219.723027775995433 ], [ 457495.288513911888003, 3138219.551580260042101 ], [ 457495.028300765319727, 3138219.399223160464317 ], [ 457494.766962811059784, 3138219.270343878306448 ], [ 457494.503760319203138, 3138219.168900607619435 ], [ 457494.238283640821464, 3138219.098313375841826 ], [ 457493.970492380380165, 3138219.06137269269675 ], [ 457493.700740411994047, 3138219.060168586205691 ], [ 457493.429785703716334, 3138219.096042099874467 ] ] ] } },
{ "type": "Feature", "properties": { "id": 21, "area_ha": 0.018653570550452456 }, "geometry": { "type": "Polygon", "coordinates": [ [ [ 457514.28008060407592, 3138232.407382669392973 ], [ 457513.872537345450837, 3138232.424285924527794 ], [ 457513.459222162724473, 3138232.460443016141653 ], [ 457513.045218323881272, 3138232.516931591089815 ], [ 457512.635729993227869, 3138232.594732902478427 ], [ 457512.235972149472218, 3138232.694664869923145 ], [ 457511.851054687984288, 3138232.817317257635295 ], [ 457511.48586358781904, 3138232.962991713080555 ], [ 457511.144942252489273, 3138233.131649295333773 ], [ 457510.832376278936863, 3138233.322867889422923 ], [ 457510.551684955542441, 3138233.535811582114547 ], [ 457510.305722736869939, 3138233.769213685765862 ], [ 457510.096593786904123, 3138234.021374604199082 ], [ 457509.925582426076289, 3138234.290175225585699 ], [ 457509.793101963179652, 3138234.573105959687382 ], [ 457509.698663955554366, 3138234.867310953792185 ], [ 457509.640869421593379, 3138235.16964647360146 ], [ 457509.617422953248024, 3138235.476751866750419 ], [ 457509.625170051120222, 3138235.785131049808115 ], [ 457509.660157352685928, 3138236.09124202420935 ], [ 457509.717714766564313, 3138236.391591574065387 ], [ 457509.792557877546642, 3138236.682832056190819 ], [ 457509.878908374230377, 3138236.961857034359127 ], [ 457509.970629689050838, 3138237.22589248418808 ], [ 457510.061374550452456, 3138237.472580377943814 ], [ 457510.144740742282011, 3138237.700051640626043 ], [ 457510.214431063039228, 3138237.906985791865736 ], [ 457510.264413287513889, 3138238.09265497373417 ], [ 457510.289075860113371, 3138238.25695056701079 ], [ 457510.283375103084836, 3138238.400391142815351 ], [ 457510.242969896702562, 3138238.524111131206155 ], [ 457510.164340084942523, 3138238.629830197431147 ], [ 457510.044885267561767, 3138238.719804001972079 ], [ 457509.88300114806043, 3138238.796757625881582 ], [ 457509.678131204505917, 3138238.863803569227457 ], [ 457509.43079211388249, 3138238.924346751067787 ], [ 457509.14257208048366, 3138238.981979431118816 ], [ 457508.816101961128879, 3138239.040369319263846 ], [ 457508.454999836802017, 3138239.103144435677677 ], [ 457508.063790415064432, 3138239.173778405413032 ], [ 457507.647801351151429, 3138239.255479920655489 ], [ 457507.213039216003381, 3138239.351089991629124 ], [ 457506.766048405494075, 3138239.462990388739854 ], [ 457506.313756754039787, 3138239.593026343267411 ], [ 457505.863311977998819, 3138239.742446123156697 ], [ 457505.421913316531572, 3138239.911859577521682 ], [ 457504.996642851561774, 3138240.101217116694897 ], [ 457504.594300976546947, 3138240.309809952974319 ], [ 457504.221250339294784, 3138240.536291715223342 ], [ 457503.883272318518721, 3138240.778720858041197 ], [ 457503.585439710062928, 3138241.0346226003021 ], [ 457503.332008816185407, 3138241.301068472675979 ], [ 457503.12633355462458, 3138241.574770975392312 ], [ 457502.970803563599475, 3138241.85219033062458 ], [ 457502.866807582729962, 3138242.129649918526411 ], [ 457502.814722669718321, 3138242.403456680011004 ], [ 457502.813929079915397, 3138242.670022591017187 ], [ 457502.862849923956674, 3138242.925983288791031 ], [ 457502.959014039370231, 3138243.168309983797371 ], [ 457503.099139889411163, 3138243.39441103534773 ], [ 457503.279237756680232, 3138243.602219871710986 ], [ 457503.494727040466387, 3138243.790266407653689 ], [ 457503.740565111220349, 3138243.95772961853072 ], [ 457504.011383933247998, 3138244.104469568934292 ], [ 457504.301630537956953, 3138244.231037847697735 ], [ 457504.605707423586864, 3138244.338666073512286 ], [ 457504.918109064106829, 3138244.429232835303992 ], [ 457505.233550930337515, 3138244.505210155621171 ], [ 457505.547087747778278, 3138244.569591189734638 ], [ 457505.854218124237377, 3138244.625801514834166 ], [ 457506.150973169715144, 3138244.677596859168261 ], [ 457506.433987271157093, 3138244.728950556833297 ], [ 457506.700549770670477, 3138244.783934330567718 ], [ 457506.948636898363475, 3138244.846596200950444 ], [ 457507.176923915627412, 3138244.920839381404221 ], [ 457507.38477801164845, 3138245.010305968578905 ], [ 457507.572233044425957, 3138245.118269046768546 ], [ 457507.739947715774179, 3138245.247536520473659 ], [ 457507.889149198599625, 3138245.400369582232088 ], [ 457508.021564584923908, 3138245.578418217599392 ], [ 457508.139342785580084, 3138245.782675565686077 ], [ 457508.244969681138173, 3138246.013452327344567 ], [ 457508.341179394978099, 3138246.270371736492962 ], [ 457508.430864536494482, 3138246.552384943701327 ], [ 457508.516988146177027, 3138246.857805983629078 ], [ 457508.602499875589274, 3138247.184364883229136 ], [ 457508.690258659305982, 3138247.529276881366968 ], [ 457508.782963798148558, 3138247.889325241092592 ], [ 457508.883095985976979, 3138248.260954733006656 ], [ 457508.992869390640408, 3138248.640372554305941 ], [ 457509.11419545894023, 3138249.023653279989958 ], [ 457509.248658674652688, 3138249.406844352837652 ], [ 457509.397504068270791, 3138249.786068693734705 ], [ 457509.561635877529625, 3138250.157621159683913 ], [ 457509.741626396251377, 3138250.518055874854326 ], [ 457509.937733745668083, 3138250.864261821843684 ], [ 457510.149927053309511, 3138251.193524547386914 ], [ 457510.377917353471275, 3138251.503572367597371 ], [ 457510.621192415535916, 3138251.792606026399881 ], [ 457510.879053681681398, 3138252.05931136244908 ], [ 457511.150653535791207, 3138252.302855159621686 ], [ 457511.435031238826923, 3138252.522864927537739 ], [ 457511.73114603938302, 3138252.719393931794912 ], [ 457512.037906194629613, 3138252.892873272765428 ], [ 457512.354192905710079, 3138253.044053255114704 ], [ 457512.678878472419456, 3138253.173936604522169 ], [ 457513.010838287824299, 3138253.283706346992403 ], [ 457513.348956618341617, 3138253.374651281628758 ], [ 457513.692126425681636, 3138253.448092009406537 ], [ 457514.039243783336133, 3138253.505310383159667 ], [ 457514.389197698736098, 3138253.547485066577792 ], [ 457514.74085637362441, 3138253.575635590590537 ], [ 457515.093051101197489, 3138253.590576922055334 ], [ 457515.444559113879222, 3138253.592886127531528 ], [ 457515.794086747046094, 3138253.582882202696055 ], [ 457516.140254275116604, 3138253.560619625728577 ], [ 457516.481583708897233, 3138253.525895627215505 ], [ 457516.816490717639681, 3138253.478270646184683 ], [ 457517.143281662662048, 3138253.41710092080757 ], [ 457517.46015651000198, 3138253.341581690590829 ], [ 457517.765218136424664, 3138253.250799086876214 ], [ 457518.056488263478968, 3138253.143788449000567 ], [ 457518.331929967098404, 3138253.019596570171416 ], [ 457518.589476415596437, 3138252.877345218323171 ], [ 457518.827065212128218, 3138252.716293246950954 ], [ 457519.042677456804086, 3138252.535894658882171 ], [ 457519.234380418376531, 3138252.335850153118372 ], [ 457519.400372520554811, 3138252.116149927023798 ], [ 457519.53902921063127, 3138251.877105858176947 ], [ 457519.648948194109835, 3138251.619371581822634 ], [ 457519.728992495103739, 3138251.343949459958822 ], [ 457519.77832983067492, 3138251.052183926571161 ], [ 457519.796466878033243, 3138250.745741232763976 ], [ 457519.78327715548221, 3138250.426576115190983 ], [ 457519.739021426124964, 3138250.096886442508548 ], [ 457519.6643597666407, 3138249.759057337418199 ], [ 457519.560354704968631, 3138249.415596692822874 ], [ 457519.428465117234737, 3138249.069064343348145 ], [ 457519.270530871406663, 3138248.721997402142733 ], [ 457519.088748501962982, 3138248.376834446564317 ], [ 457518.885638488281984, 3138248.035841293632984 ], [ 457518.664004975813441, 3138247.701041085179895 ], [ 457518.426889013382606, 3138247.37415124848485 ], [ 457518.177516577357892, 3138247.056529688183218 ], [ 457517.919242803996895, 3138246.749132235534489 ], [ 457517.655493949423544, 3138246.452482996042818 ], [ 457517.389708641276229, 3138246.166658778209239 ], [ 457517.125279976986349, 3138245.891288301441818 ], [ 457516.865499956533313, 3138245.625566341914237 ], [ 457516.613507623784244, 3138245.368282455950975 ], [ 457516.37224212649744, 3138245.117863402701914 ], [ 457516.144401705940254, 3138244.872427887748927 ], [ 457515.932409394881688, 3138244.629851831588894 ], [ 457515.738385948410723, 3138244.387841968797147 ], [ 457515.564130270620808, 3138244.14401530334726 ], [ 457515.411107332445681, 3138243.895981736946851 ], [ 457515.280443323077634, 3138243.641427063848823 ], [ 457515.172927541483659, 3138243.378193529788405 ], [ 457515.089020328014158, 3138243.104355232324451 ], [ 457515.028866167413071, 3138242.818285825196654 ], [ 457514.992310966015793, 3138242.51871627708897 ], [ 457514.978922429902013, 3138242.204780776053667 ], [ 457514.988012437534053, 3138241.876049311365932 ], [ 457515.018660325848032, 3138241.532545922789723 ], [ 457515.069736074772663, 3138241.174752132967114 ], [ 457515.139922493777703, 3138240.803595594130456 ], [ 457515.227735664520878, 3138240.420424500480294 ], [ 457515.331543083593715, 3138240.026968824677169 ], [ 457515.449579157168046, 3138239.625289888121188 ], [ 457515.579957922571339, 3138239.217720177955925 ], [ 457515.720683100400493, 3138238.806795656681061 ], [ 457515.869655798713211, 3138238.39518304541707 ], [ 457516.024680393398739, 3138237.9856047318317 ], [ 457516.183469283336308, 3138237.580763990990818 ], [ 457516.34364735748386, 3138237.183273179456592 ], [ 457516.502757104288321, 3138236.795587410684675 ], [ 457516.658265341829974, 3138236.419945993460715 ], [ 457516.807572538498789, 3138236.058323593344539 ], [ 457516.948025632009376, 3138235.712392692919821 ], [ 457517.076935142453294, 3138235.383498484734446 ], [ 457517.191597208380699, 3138235.072646835353225 ], [ 457517.289320964890067, 3138234.780505469534546 ], [ 457517.367461438290775, 3138234.50741800153628 ], [ 457517.42345785285579, 3138234.253429951611906 ], [ 457517.454876955132931, 3138234.01832543220371 ], [ 457517.4594606612809, 3138233.801672776695341 ], [ 457517.435177039704286, 3138233.602877044584602 ], [ 457517.38027336995583, 3138233.421237088739872 ], [ 457517.293329775857273, 3138233.256004680413753 ], [ 457517.173311732592992, 3138233.106443143449724 ], [ 457517.01961960317567, 3138232.971882944460958 ], [ 457516.832133275165688, 3138232.851771842688322 ], [ 457516.611249955487438, 3138232.745717390906066 ], [ 457516.357913238287438, 3138232.653519918676466 ], [ 457516.073631694598589, 3138232.575194472447038 ], [ 457515.760485437989701, 3138232.510980666149408 ], [ 457515.421119396633003, 3138232.461339847184718 ], [ 457515.058722360408865, 3138232.42693952517584 ], [ 457514.676991264219396, 3138232.408625500276685 ], [ 457514.28008060407592, 3138232.407382669392973 ] ] ] } },
{ "type": "Feature", "properties": { "id": 22, "area_ha": 0.08385263360854156 }, "geometry": { "type": "Polygon", "coordinates": [ [ [ 457391.034428167215083, 3138281.237166588194668 ], [ 457390.083281071740203, 3138281.98660394269973 ], [ 457389.133639414212666, 3138282.656386814080179 ], [ 457388.199067179928534, 3138283.210881623439491 ], [ 457387.289278021315113, 3138283.627497723791748 ], [ 457386.409693914290983, 3138283.898482849355787 ], [ 457385.561406704538967, 3138284.031340892892331 ], [ 457384.741548921039794, 3138284.047824820037931 ], [ 457383.944036585802678, 3138283.98159690760076 ], [ 457383.160605794808362, 3138283.874780011828989 ], [ 457382.382031271583401, 3138283.773733740206808 ], [ 457381.599392947042361, 3138283.724466783925891 ], [ 457380.805248790362384, 3138283.768133140169084 ], [ 457379.994580021069851, 3138283.937051568645984 ], [ 457379.165398141252808, 3138284.251635034102947 ], [ 457378.318939875403885, 3138284.718525339849293 ], [ 457377.459422442363575, 3138285.33010690100491 ], [ 457376.59338271652814, 3138286.065435043536127 ], [ 457375.728674160840455, 3138286.892472456209362 ], [ 457374.873239184904378, 3138287.771397018339485 ], [ 457374.033806576335337, 3138288.658638401888311 ], [ 457373.214679762779269, 3138289.511230388656259 ], [ 457372.416779395425692, 3138290.291037764400244 ], [ 457371.637082563014701, 3138290.968433581758291 ], [ 457370.868562396033667, 3138291.52506250469014 ], [ 457370.10067944356706, 3138291.955422401428223 ], [ 457369.320415202120785, 3138292.267119171097875 ], [ 457368.513774908904452, 3138292.479786106850952 ], [ 457367.667628048919141, 3138292.622794884257019 ], [ 457366.771707581181545, 3138292.732006526086479 ], [ 457365.820558337378316, 3138292.845905231777579 ], [ 457364.815215437149163, 3138293.001516333781183 ], [ 457363.764406846137717, 3138293.230526383034885 ], [ 457362.6851099653868, 3138293.555997250135988 ], [ 457361.602347548003308, 3138293.990000437945127 ], [ 457360.548178299271967, 3138294.532399836461991 ], [ 457359.559915529971477, 3138295.170891394838691 ], [ 457358.67768545076251, 3138295.882279215846211 ], [ 457357.941507135517895, 3138296.634842730127275 ], [ 457357.388131419604179, 3138297.391541513614357 ], [ 457357.047910001012497, 3138298.113723690155894 ], [ 457356.941974753863178, 3138298.764958429150283 ], [ 457357.079989218502305, 3138299.314606699161232 ], [ 457357.458690549305174, 3138299.740777091588825 ], [ 457358.061374650162179, 3138300.032381032593548 ], [ 457358.858395836839918, 3138300.190096546895802 ], [ 457359.808662832132541, 3138300.226161693222821 ], [ 457360.862023836991284, 3138300.163036305923015 ], [ 457361.962353461363818, 3138300.031081744004041 ], [ 457363.051091236353386, 3138299.865502126980573 ], [ 457364.070941420155577, 3138299.702858040574938 ], [ 457364.969430727243889, 3138299.577499033883214 ], [ 457365.702035666559823, 3138299.518261720426381 ], [ 457366.234632793115452, 3138299.545746984891593 ], [ 457366.545089159044437, 3138299.670426961500198 ], [ 457366.623890209535602, 3138299.891747191082686 ], [ 457366.473790404736064, 3138300.198290721978992 ], [ 457366.108559343963861, 3138300.568968940060586 ], [ 457365.550974681740627, 3138300.975108524784446 ], [ 457364.830275244603399, 3138301.383224064484239 ], [ 457363.979327830020338, 3138301.758208474610001 ], [ 457363.03177586622769, 3138302.066643005236983 ], [ 457362.019426705839578, 3138302.279926917515695 ], [ 457360.970098735764623, 3138302.376952750142664 ], [ 457359.906094005389605, 3138302.34610272012651 ], [ 457358.843392891809344, 3138302.186409443616867 ], [ 457357.791591826360673, 3138301.907802690751851 ], [ 457356.754531097423751, 3138301.530445544980466 ], [ 457355.731494613399263, 3138301.083240629173815 ], [ 457354.718813471263275, 3138300.601653330028057 ], [ 457353.711674666614272, 3138300.125049115624279 ], [ 457352.705927545379382, 3138299.693772729020566 ], [ 457351.699693508329801, 3138299.346207079477608 ], [ 457350.694616663327906, 3138299.116039585322142 ], [ 457349.696640253067017, 3138299.029936053324491 ], [ 457348.716250053665135, 3138299.105780502781272 ], [ 457347.768185093009379, 3138299.351588278077543 ], [ 457346.870671517797746, 3138299.765144139993936 ], [ 457346.044281493988819, 3138300.334361602552235 ], [ 457345.310551198257599, 3138301.038308654911816 ], [ 457344.690507543797139, 3138301.848801630083472 ], [ 457344.2032515485771, 3138302.732435600366443 ], [ 457343.864728449727409, 3138303.65289760613814 ], [ 457343.686783797398675, 3138304.57339858263731 ], [ 457343.676565190660767, 3138305.459060467779636 ], [ 457343.83628618955845, 3138306.279105580411851 ], [ 457344.163327580958139, 3138307.008714328985661 ], [ 457344.65061644220259, 3138307.630442949011922 ], [ 457345.287199192564003, 3138308.135123432148248 ], [ 457346.058913444168866, 3138308.522201328538358 ], [ 457346.949065697030164, 3138308.799502020236105 ], [ 457347.939036770141684, 3138308.982450785115361 ], [ 457349.008761775156017, 3138309.09280496975407 ], [ 457350.137062664143741, 3138309.156986362300813 ], [ 457351.30184443842154, 3138309.204126951284707 ], [ 457352.480196343851276, 3138309.263960184529424 ], [ 457353.648462565673981, 3138309.364701244980097 ], [ 457354.782359767821617, 3138309.531062603462487 ], [ 457355.857219320663717, 3138309.782544358167797 ], [ 457356.84841982787475, 3138310.132122333161533 ], [ 457357.732051816536114, 3138310.585430946666747 ], [ 457358.485823910450563, 3138311.14050360629335 ], [ 457359.090182337968145, 3138311.788092778064311 ], [ 457359.529577838489786, 3138312.512547632213682 ], [ 457359.793780704028904, 3138313.293182613328099 ], [ 457359.879120223922655, 3138314.106029113288969 ], [ 457359.78951269906247, 3138314.925828433595598 ], [ 457359.53714464220684, 3138315.72810079716146 ], [ 457359.142695379268844, 3138316.491115096956491 ], [ 457358.63501493667718, 3138317.197588980197906 ], [ 457358.050216158851981, 3138317.835969145875424 ], [ 457357.430190465413034, 3138318.401176267769188 ], [ 457356.8206096253125, 3138318.894745158962905 ], [ 457356.268526108702645, 3138319.324344782158732 ], [ 457355.819726855203044, 3138319.702719673048705 ], [ 457355.516025251476094, 3138320.046148818917572 ], [ 457355.392690487962682, 3138320.372564710211009 ], [ 457355.476210523454938, 3138320.699509270489216 ], [ 457355.782564562920015, 3138321.042121028527617 ], [ 457356.316144870128483, 3138321.411346946377307 ], [ 457357.069419042964, 3138321.812552533112466 ], [ 457358.023366901325062, 3138322.24466672167182 ], [ 457359.148665974207688, 3138322.699946959037334 ], [ 457360.407541562570259, 3138323.16438996931538 ], [ 457361.75614656903781, 3138323.618750639259815 ], [ 457363.14729705179343, 3138324.040071868337691 ], [ 457364.533364953822456, 3138324.403578131459653 ], [ 457365.869121458905283, 3138324.6847501588054 ], [ 457367.114333173609339, 3138324.861381222028285 ], [ 457368.235937576158904, 3138324.915418901946396 ], [ 457369.209661339700688, 3138324.834419467952102 ], [ 457370.020991625147872, 3138324.612482732627541 ], [ 457370.66546200477751, 3138324.250589083414525 ], [ 457371.148266852367669, 3138323.756321583408862 ], [ 457371.483266528579406, 3138323.143018052447587 ], [ 457371.691486795491073, 3138322.42845425195992 ], [ 457371.799246739246882, 3138321.633203817531466 ], [ 457371.836068270378746, 3138320.778848710935563 ], [ 457371.832526327052619, 3138319.886222992092371 ], [ 457371.818192659935448, 3138318.973861970473081 ], [ 457371.819808931963053, 3138318.056799873244017 ], [ 457371.859798986639362, 3138317.145815637428313 ], [ 457371.955198197974823, 3138316.247173540759832 ], [ 457372.117042720899917, 3138315.362849241588265 ], [ 457372.350226077018306, 3138314.491178939118981 ], [ 457372.65379744162783, 3138313.627825688105077 ], [ 457373.021647398767527, 3138312.766927283722907 ], [ 457373.443504396243952, 3138311.902277572080493 ], [ 457373.906149646092672, 3138311.028398596215993 ], [ 457374.394750166567974, 3138310.141383423469961 ], [ 457374.894208884332329, 3138309.239425652194768 ], [ 457375.390436609915923, 3138308.322996603790671 ], [ 457375.871462306706235, 3138307.394679277669638 ], [ 457376.328314217855223, 3138306.458713070955127 ], [ 457376.755623784847558, 3138305.520339461043477 ], [ 457377.151925525569823, 3138304.585061687510461 ], [ 457377.519647811423056, 3138303.657938278280199 ], [ 457377.864810519909952, 3138302.743020222056657 ], [ 457378.196464673033915, 3138301.843016297090799 ], [ 457378.525925370224286, 3138300.959233859088272 ], [ 457378.865861694910564, 3138300.091798454523087 ], [ 457379.229315117117949, 3138299.240110867656767 ], [ 457379.62872075359337, 3138298.403460864908993 ], [ 457380.075003459060099, 3138297.58168858056888 ], [ 457380.576813203282654, 3138296.775771375745535 ], [ 457381.13995195546886, 3138295.988218536134809 ], [ 457381.767028138798196, 3138295.223178327083588 ], [ 457382.457355747639667, 3138294.486199510749429 ], [ 457383.207094855606556, 3138293.783637976739556 ], [ 457384.009610108681954, 3138293.121752674225718 ], [ 457384.856005613633897, 3138292.505586557555944 ], [ 457385.735780053946655, 3138291.937770748045295 ], [ 457386.637536334397737, 3138291.41741735348478 ], [ 457387.549676628434099, 3138290.939273739699274 ], [ 457388.461016914865468, 3138290.493296227883548 ], [ 457389.361264852515887, 3138290.064764480572194 ], [ 457390.241320408182219, 3138289.635002383962274 ], [ 457391.093378632271197, 3138289.18270253110677 ], [ 457391.910836450930219, 3138288.685777048114687 ], [ 457392.688028017699253, 3138288.123586065135896 ], [ 457393.419833611638751, 3138287.479335420764983 ], [ 457394.101222960744053, 3138286.742395060136914 ], [ 457394.726803263707552, 3138285.910275049973279 ], [ 457395.290443751902785, 3138284.990010563284159 ], [ 457395.785041854600422, 3138283.998750706668943 ], [ 457396.202481278800406, 3138282.96341555705294 ], [ 457396.533810897322837, 3138281.919374954886734 ], [ 457396.769647372420877, 3138280.908202628139406 ], [ 457396.900776676193345, 3138279.974659690167755 ], [ 457396.91890320222592, 3138279.163151435088366 ], [ 457396.817473101546057, 3138278.5139703694731 ], [ 457396.592483593325596, 3138278.059678114019334 ], [ 457396.243184384482447, 3138277.821983586531132 ], [ 457395.772582131728996, 3138277.809442734345794 ], [ 457395.187674100336153, 3138278.016237907577306 ], [ 457394.499361651018262, 3138278.422198524232954 ], [ 457393.722025624127127, 3138278.99410800402984 ], [ 457392.872780907724518, 3138279.688216592185199 ], [ 457391.970462690922432, 3138280.45375840831548 ], [ 457391.034428167215083, 3138281.237166588194668 ] ] ] } },
{ "type": "Feature", "properties": { "id": 23, "area_ha": 0.14716016911661384 }, "geometry": { "type": "Polygon", "coordinates": [ [ [ 457542.071244253253099, 3138361.766314159147441 ], [ 457541.427008624887094, 3138362.290392630267888 ], [ 457540.652628857817035, 3138362.679885941091925 ], [ 457539.763386462989729, 3138362.929494309239089 ], [ 457538.780639940465335, 3138363.043135907500982 ], [ 457537.728596967004705, 3138363.032450210303068 ], [ 457536.63124112872174, 3138362.914888497907668 ], [ 457535.509828065871261, 3138362.711656184867024 ], [ 457534.381246584118344, 3138362.445760731585324 ], [ 457533.257383976539131, 3138362.14037569751963 ], [ 457532.14546635071747, 3138361.817663160152733 ], [ 457531.049190078105312, 3138361.498113440815359 ], [ 457529.970342697633896, 3138361.200374851003289 ], [ 457528.910547682724427, 3138360.941468965262175 ], [ 457527.872765819134656, 3138360.737229322083294 ], [ 457526.862245239433832, 3138360.602771100588143 ], [ 457525.886721781396773, 3138360.552800126839429 ], [ 457524.955812983738724, 3138360.601601050235331 ], [ 457524.079699611000251, 3138360.762602147646248 ], [ 457523.267323757580016, 3138361.047489751596004 ], [ 457522.524430400575511, 3138361.464928206056356 ], [ 457521.851823622593656, 3138362.019019846338779 ], [ 457521.244191725738347, 3138362.707702625542879 ], [ 457520.68977869610535, 3138363.521321402862668 ], [ 457520.171053866215516, 3138364.441616461146623 ], [ 457519.666375773784239, 3138365.441347347106785 ], [ 457519.152483769052196, 3138366.484713585115969 ], [ 457518.607506980886683, 3138367.528652300592512 ], [ 457518.014077670115512, 3138368.524995477404445 ], [ 457517.362091899733059, 3138369.42336792126298 ], [ 457516.650683580897748, 3138370.174613147042692 ], [ 457515.889067233307287, 3138370.734459796920419 ], [ 457515.096049298008438, 3138371.067095196805894 ], [ 457514.298188200220466, 3138371.148301436565816 ], [ 457513.526774469413795, 3138370.967835154850036 ], [ 457512.813976751815062, 3138370.530793070327491 ], [ 457512.188631895114668, 3138369.857795297633857 ], [ 457511.672227274684701, 3138368.983928429428488 ], [ 457511.275619449093938, 3138367.95650873798877 ], [ 457510.996953630761709, 3138366.831840316299349 ], [ 457510.82110256049782, 3138365.671241401694715 ], [ 457510.720749930187594, 3138364.536684307735413 ], [ 457510.659028288268019, 3138363.486432750709355 ], [ 457510.593413676950149, 3138362.571061005815864 ], [ 457510.480407790862955, 3138361.830202270299196 ], [ 457510.280427336227149, 3138361.290302744600922 ], [ 457509.962285560730379, 3138360.963560607749969 ], [ 457509.506698330340441, 3138360.848115124739707 ], [ 457508.908371050783899, 3138360.929432135540992 ], [ 457508.17640699254116, 3138361.182719871401787 ], [ 457507.332997519988567, 3138361.576114431023598 ], [ 457506.410580621624831, 3138362.07430638698861 ], [ 457505.447855232516304, 3138362.642245125956833 ], [ 457504.485187639773358, 3138363.248558585997671 ], [ 457503.560022339981515, 3138363.868362441193312 ], [ 457502.702902588120196, 3138364.485200418625027 ], [ 457501.934616474842187, 3138365.091949308291078 ], [ 457501.264824968937319, 3138365.690629084594548 ], [ 457500.692320896720048, 3138366.291169811040163 ], [ 457500.206840892962646, 3138366.909291777294129 ], [ 457499.792137234122492, 3138367.563743455801159 ], [ 457499.429842831101269, 3138368.273204928264022 ], [ 457499.10355443879962, 3138369.053196385037154 ], [ 457498.802531229332089, 3138369.913329181261361 ], [ 457498.524462034576572, 3138370.855200987774879 ], [ 457498.27688694302924, 3138371.871170349419117 ], [ 457498.07704912655754, 3138372.944155905395746 ], [ 457497.950174400350079, 3138374.048500386532396 ], [ 457497.92639837868046, 3138375.151829573325813 ], [ 457498.036753411695827, 3138376.217732563614845 ], [ 457498.308763201755937, 3138377.20900223730132 ], [ 457498.762253376597073, 3138378.091112750116736 ], [ 457499.405963060213253, 3138378.83558067586273 ], [ 457500.235438874282409, 3138379.422861653380096 ], [ 457501.232523139624391, 3138379.844475081190467 ], [ 457502.366535668435972, 3138380.104122141841799 ], [ 457503.597022575268056, 3138380.217660394962877 ], [ 457504.877736836031545, 3138380.211911955382675 ], [ 457506.161352218245156, 3138380.122400570195168 ], [ 457507.404316592088435, 3138379.990223654545844 ], [ 457508.571235016104765, 3138379.858357084915042 ], [ 457509.638238833867945, 3138379.767753280233592 ], [ 457510.594934622407891, 3138379.753619811031967 ], [ 457511.444716782309115, 3138379.842252837494016 ], [ 457512.203443501202855, 3138380.048747657798231 ], [ 457512.896688167005777, 3138380.375822179485112 ], [ 457513.555958357464988, 3138380.81387667125091 ], [ 457514.214398445386905, 3138381.342286066152155 ], [ 457514.902543866483029, 3138381.931792665738612 ], [ 457515.644669593835715, 3138382.547750980127603 ], [ 457516.456177527084947, 3138383.153885333333164 ], [ 457517.342312403721735, 3138383.716164948884398 ], [ 457518.298306191747542, 3138384.206387124955654 ], [ 457519.310853761038743, 3138384.605088920332491 ], [ 457520.360645477194339, 3138384.903478825930506 ], [ 457521.42554931511404, 3138385.104184974450618 ], [ 457522.483963526727166, 3138385.22074430109933 ], [ 457523.517859108804259, 3138385.275893920566887 ], [ 457524.515097523340955, 3138385.298856713343412 ], [ 457525.470731904730201, 3138385.321923166979104 ], [ 457526.387160106678493, 3138385.376708492636681 ], [ 457527.273171238892246, 3138385.490499129053205 ], [ 457528.142088316380978, 3138385.683091856539249 ], [ 457529.009335154201835, 3138385.964472899213433 ], [ 457529.889828227693215, 3138386.333589895628393 ], [ 457530.795604557730258, 3138386.778347034938633 ], [ 457531.734044801967684, 3138387.276817016303539 ], [ 457532.706945877464022, 3138387.799528305418789 ], [ 457533.710556572652422, 3138388.31256791157648 ], [ 457534.736534779542126, 3138388.781151983421296 ], [ 457535.773640021507163, 3138389.173268865328282 ], [ 457536.809861885558348, 3138389.462996976450086 ], [ 457537.834620730078313, 3138389.633142781909555 ], [ 457538.840670994366519, 3138389.67692673066631 ], [ 457539.825390012876596, 3138389.598557176999748 ], [ 457540.79123789537698, 3138389.41266042785719 ], [ 457541.745310605270788, 3138389.142663883510977 ], [ 457542.698057480272837, 3138388.818343583494425 ], [ 457543.661372770788148, 3138388.472834067419171 ], [ 457544.646376573888119, 3138388.13944769045338 ], [ 457545.661256938416045, 3138387.848657360300422 ], [ 457546.709542511787731, 3138387.625561408698559 ], [ 457547.789113429607823, 3138387.488077394198626 ], [ 457548.89214587630704, 3138387.44601294118911 ], [ 457550.006039416242857, 3138387.50104920193553 ], [ 457551.115217854792718, 3138387.647560642100871 ], [ 457552.203548339486588, 3138387.87409762153402 ], [ 457553.257012560672592, 3138388.165287492331117 ], [ 457554.266206330328714, 3138388.503873900510371 ], [ 457555.228249927167781, 3138388.87261615274474 ], [ 457556.147762464475818, 3138389.255809380207211 ], [ 457557.036680525867268, 3138389.640255562961102 ], [ 457557.912867166975047, 3138390.01560499984771 ], [ 457558.79763856792124, 3138390.374084978364408 ], [ 457559.712505699077155, 3138390.70972366631031 ], [ 457560.675561764044687, 3138391.017250228207558 ], [ 457561.698022005090024, 3138391.290897086728364 ], [ 457562.781427608861122, 3138391.523341220337898 ], [ 457563.91595674311975, 3138391.70499733928591 ], [ 457565.080150595342275, 3138391.823820331599563 ], [ 457566.242177856329363, 3138391.865695530548692 ], [ 457567.362552115693688, 3138391.815404264722019 ], [ 457568.398011989891529, 3138391.658061652444303 ], [ 457569.306102517468389, 3138391.380846473854035 ], [ 457570.049883465049788, 3138390.974790110252798 ], [ 457570.602153113402892, 3138390.436370660550892 ], [ 457570.948622015072033, 3138389.768672728911042 ], [ 457571.089595858706161, 3138388.981921496335417 ], [ 457571.039914574648719, 3138388.093275465071201 ], [ 457570.827121675538365, 3138387.125855710357428 ], [ 457570.488073156564496, 3138386.107088200747967 ], [ 457570.064406949444674, 3138385.066526520531625 ], [ 457569.597452483780216, 3138384.033392807003111 ], [ 457569.123242742964067, 3138383.034115333110094 ], [ 457568.668285734776873, 3138382.090146092697978 ], [ 457568.246657919313293, 3138381.216310054063797 ], [ 457567.858810419857036, 3138380.419873284641653 ], [ 457567.492252117255703, 3138379.700428209733218 ], [ 457567.124022153322585, 3138379.050592421088368 ], [ 457566.724621856992599, 3138378.457416085992008 ], [ 457566.26287572295405, 3138377.904305484611541 ], [ 457565.711060490400996, 3138377.373208094388247 ], [ 457565.049599027319346, 3138376.846776221413165 ], [ 457564.270668207784183, 3138376.310235225595534 ], [ 457563.380211036244873, 3138375.752727716229856 ], [ 457562.398054573743138, 3138375.16798070538789 ], [ 457561.356088745116722, 3138374.554238449782133 ], [ 457560.294722908583935, 3138373.913506831042469 ], [ 457559.258071874734014, 3138373.250251665245742 ], [ 457558.288499037851579, 3138372.569770298432559 ], [ 457557.421237383619882, 3138371.876502641942352 ], [ 457556.679806403699331, 3138371.172557920217514 ], [ 457556.072844277136028, 3138370.456705094780773 ], [ 457555.592792894807644, 3138369.72401162981987 ], [ 457555.216632423223928, 3138368.966225084848702 ], [ 457554.908594116976019, 3138368.172886721789837 ], [ 457554.624520628538448, 3138367.333059823606163 ], [ 457554.317326611257158, 3138366.437461950816214 ], [ 457553.942867641511839, 3138365.480722612701356 ], [ 457553.465471430507023, 3138364.463455229997635 ], [ 457552.862428812717553, 3138363.393839840777218 ], [ 457552.126876911846921, 3138362.288460528943688 ], [ 457551.268714882025961, 3138361.172223732806742 ], [ 457550.313445800740737, 3138360.077290501445532 ], [ 457549.299102978489827, 3138359.041074354201555 ], [ 457548.271660283964593, 3138358.103471836540848 ], [ 457547.279512692592107, 3138357.303590792696923 ], [ 457546.367721466289368, 3138356.676309370435774 ], [ 457545.572735233407002, 3138356.249028194695711 ], [ 457544.918223196174949, 3138356.03896516142413 ], [ 457544.412501425482333, 3138356.051288181450218 ], [ 457544.047819873900153, 3138356.278292519040406 ], [ 457543.801535798760597, 3138356.699716717470437 ], [ 457543.638961387856398, 3138357.284168113488704 ], [ 457543.517470841179602, 3138357.991510310210288 ], [ 457543.39131077635102, 3138358.775964767672122 ], [ 457543.216494435095228, 3138359.589608458336443 ], [ 457542.955180584162008, 3138360.385917110834271 ], [ 457542.579036450828426, 3138361.12301186285913 ], [ 457542.071244253253099, 3138361.766314159147441 ] ] ] } },
{ "type": "Feature", "properties": { "id": 24, "area_ha": 0.2202042850415715 }, "geometry": { "type": "Polygon", "coordinates": [ [ [ 457449.19276083476143, 3138613.985219202470034 ], [ 457447.883565933560021, 3138614.392987961880863 ], [ 457446.549202007532585, 3138614.651462445501238 ], [ 457445.202351462270599, 3138614.724389671813697 ], [ 457443.859681937610731, 3138614.609070592094213 ], [ 457442.539001355529763, 3138614.337075892835855 ], [ 457441.256097438454162, 3138613.969009287655354 ], [ 457440.021851730067283, 3138613.584187609609216 ], [ 457438.840170084789861, 3138613.267060657963157 ], [ 457437.707122215186246, 3138613.092812350019813 ], [ 457436.611460219195578, 3138613.114744229242206 ], [ 457435.536431457148865, 3138613.355707842390984 ], [ 457434.462561852997169, 3138613.805085958447307 ], [ 457433.370905837335158, 3138614.421771740075201 ], [ 457432.246171954087913, 3138615.142464108299464 ], [ 457431.079154830542393, 3138615.893607208039612 ], [ 457429.868031077086926, 3138616.604644739534706 ], [ 457428.618285805045161, 3138617.220062187872827 ], [ 457427.34128981095273, 3138617.707986238412559 ], [ 457426.051798776199576, 3138618.063836994580925 ], [ 457424.764848863705993, 3138618.308535936754197 ], [ 457423.492640058684628, 3138618.481856901664287 ], [ 457422.242007004737388, 3138618.632451356388628 ], [ 457421.012973958568182, 3138618.806696197018027 ], [ 457419.79869309742935, 3138619.038683515507728 ], [ 457418.58680848358199, 3138619.343370291404426 ], [ 457417.362017648643814, 3138619.714200935792178 ], [ 457416.109368472942151, 3138620.125557372812182 ], [ 457414.817674751393497, 3138620.539379952475429 ], [ 457413.482389983779285, 3138620.914446103386581 ], [ 457412.107356647087727, 3138621.216266097966582 ], [ 457410.705036909028422, 3138621.425460492726415 ], [ 457409.295099450799171, 3138621.542835445143282 ], [ 457407.901539454236627, 3138621.590091525111347 ], [ 457406.548791051609442, 3138621.606035327538848 ], [ 457405.25750173907727, 3138621.639114860910922 ], [ 457404.040735774091445, 3138621.737871489021927 ], [ 457402.90133660286665, 3138621.94133431231603 ], [ 457401.831008378998376, 3138622.271389948669821 ], [ 457400.811398870195262, 3138622.728743162937462 ], [ 457399.817125716130249, 3138623.293330751825124 ], [ 457398.820342895225622, 3138623.929120016749948 ], [ 457397.796154895739164, 3138624.592307032085955 ], [ 457396.728005085489713, 3138625.241217182483524 ], [ 457395.6121273371391, 3138625.845846496056765 ], [ 457394.460267191403545, 3138626.39504030207172 ], [ 457393.300135113764554, 3138626.899772215634584 ], [ 457392.173409496142995, 3138627.391765382606536 ], [ 457391.131502585019916, 3138627.917630827054381 ], [ 457390.229671819135547, 3138628.5295967659913 ], [ 457389.520338714588434, 3138629.274588950909674 ], [ 457389.046618458582088, 3138630.183760995510966 ], [ 457388.83704006485641, 3138631.264501806348562 ], [ 457388.902251706691459, 3138632.496483316179365 ], [ 457389.234189125534613, 3138633.832551243714988 ], [ 457389.807790207851212, 3138635.204356377013028 ], [ 457390.584933044447098, 3138636.531750494614244 ], [ 457391.519927108252887, 3138637.73429558891803 ], [ 457392.565656430146191, 3138638.742880696896464 ], [ 457393.679397960193455, 3138639.509464934468269 ], [ 457394.827428408840206, 3138640.013351183850318 ], [ 457395.987770266248845, 3138640.263056767173111 ], [ 457397.15076816920191, 3138640.293650778476149 ], [ 457398.317568489583209, 3138640.160217114724219 ], [ 457399.496929842745885, 3138639.928732650354505 ], [ 457400.701058166916482, 3138639.666014177259058 ], [ 457401.941292394301854, 3138639.430434965994209 ], [ 457403.224446001229808, 3138639.26485428865999 ], [ 457404.550444694934413, 3138639.192709731403738 ], [ 457405.911626153450925, 3138639.217600896954536 ], [ 457407.293738250911701, 3138639.326067971996963 ], [ 457408.678350417059846, 3138639.492754017934203 ], [ 457410.046138295088895, 3138639.68681911053136 ], [ 457411.380359847797081, 3138639.878386560361832 ], [ 457412.6698341332376, 3138640.043937447015196 ], [ 457413.910858396440744, 3138640.169879240915179 ], [ 457415.107726270682178, 3138640.253919941373169 ], [ 457416.271792347717565, 3138640.304294769652188 ], [ 457417.419309658231214, 3138640.337241420056671 ], [ 457418.568492320191581, 3138640.373349264264107 ], [ 457419.736384033283684, 3138640.433496015146375 ], [ 457420.936122970713768, 3138640.535041589755565 ], [ 457422.17508776584873, 3138640.688806667458266 ], [ 457423.454213318880647, 3138640.89716905169189 ], [ 457424.768521712219808, 3138641.153410757426172 ], [ 457426.108673245995305, 3138641.442278603557497 ], [ 457427.463153675023932, 3138641.741599852219224 ], [ 457428.820612210140098, 3138642.024723043199629 ], [ 457430.171867702389136, 3138642.263519946951419 ], [ 457431.511202601250261, 3138642.43166867364198 ], [ 457432.836740371421911, 3138642.507924246136099 ], [ 457434.149912150867749, 3138642.479064483195543 ], [ 457435.454216820304282, 3138642.34218167886138 ], [ 457436.753623510012403, 3138642.105991013813764 ], [ 457438.051027709792834, 3138641.790866983588785 ], [ 457439.34714084432926, 3138641.427417980972677 ], [ 457440.640078061434906, 3138641.053573413286358 ], [ 457441.925737528363243, 3138640.71037601865828 ], [ 457443.198875820206013, 3138640.4369135806337 ], [ 457444.45462007005699, 3138640.265042569488287 ], [ 457445.690054319566116, 3138640.214698642957956 ], [ 457446.905496990715619, 3138640.290608716197312 ], [ 457448.105152154923417, 3138640.481088601984084 ], [ 457449.296953838376794, 3138640.759330030996352 ], [ 457450.491599074797705, 3138641.087185048032552 ], [ 457451.700942388211843, 3138641.421008195262402 ], [ 457452.9360626815469, 3138641.718700830359012 ], [ 457454.205382841697428, 3138641.946804053150117 ], [ 457455.513208022865001, 3138642.086378810927272 ], [ 457456.858954588300548, 3138642.136533707845956 ], [ 457458.237189972482156, 3138642.114809565246105 ], [ 457459.638429078797344, 3138642.054155497346073 ], [ 457461.05047517438652, 3138641.99684524256736 ], [ 457462.459988577757031, 3138641.986271904781461 ], [ 457463.853938622807618, 3138642.058008749037981 ], [ 457465.220649552415125, 3138642.231738704256713 ], [ 457466.550275877991226, 3138642.50558214308694 ], [ 457467.834707377711311, 3138642.853991410229355 ], [ 457469.067068170814309, 3138643.229787547606975 ], [ 457470.241096968005877, 3138643.57019277010113 ], [ 457471.350743857503403, 3138643.805992743000388 ], [ 457472.390276465564966, 3138643.872380030807108 ], [ 457473.355059604393318, 3138643.719695465639234 ], [ 457474.242983150295913, 3138643.322263579349965 ], [ 457475.056304676982109, 3138642.683818751946092 ], [ 457475.803495769680012, 3138641.838586738798767 ], [ 457476.500580329797231, 3138640.847817490808666 ], [ 457477.171462198195513, 3138639.792325166519731 ], [ 457477.846868763444945, 3138638.762241269927472 ], [ 457478.561771696840879, 3138637.845611191820353 ], [ 457479.35144596156897, 3138637.117592368274927 ], [ 457480.24663646100089, 3138636.631830899044871 ], [ 457481.268554031674284, 3138636.41514905076474 ], [ 457482.424560976680368, 3138636.466062939260155 ], [ 457483.705391601717565, 3138636.756990399211645 ], [ 457485.084573740547057, 3138637.239428735803813 ], [ 457486.520393533690367, 3138637.850983601994812 ], [ 457487.960328158631455, 3138638.522974472492933 ], [ 457489.34743190347217, 3138639.187437587883323 ], [ 457490.627780855982564, 3138639.782651040237397 ], [ 457491.757835037773475, 3138640.256736472249031 ], [ 457492.710517498780973, 3138640.569345254916698 ], [ 457493.47895890235668, 3138640.691814611200243 ], [ 457494.077197074482683, 3138640.606406056322157 ], [ 457494.537601437594276, 3138640.305279274005443 ], [ 457494.905332250113133, 3138639.78971903026104 ], [ 457495.230650611862075, 3138639.069871494546533 ], [ 457495.560277022770606, 3138638.164936983026564 ], [ 457495.929183599597309, 3138637.103494034614414 ], [ 457496.354160760063678, 3138635.923467494547367 ], [ 457496.830226755875628, 3138634.67124386690557 ], [ 457497.330491904867813, 3138633.399584310594946 ], [ 457497.809525846794713, 3138632.164253420662135 ], [ 457498.209702178020962, 3138631.019604261033237 ], [ 457498.469509193208069, 3138630.013656514231116 ], [ 457498.532501428795513, 3138629.183399935252964 ], [ 457498.355477157107089, 3138628.551097526680678 ], [ 457497.914615084242541, 3138628.122235768474638 ], [ 457497.20866065309383, 3138627.885496411472559 ], [ 457496.258753711706959, 3138627.814763843081892 ], [ 457495.105045841657557, 3138627.872813010588288 ], [ 457493.800770417030435, 3138628.016027063596994 ], [ 457492.404814098088536, 3138628.19933648314327 ], [ 457490.974032532947604, 3138628.380585932638496 ], [ 457489.55652867956087, 3138628.5237150862813 ], [ 457488.186881922592875, 3138628.600440584123135 ], [ 457486.883928658557124, 3138628.590475624427199 ], [ 457485.651225055800751, 3138628.480638248845935 ], [ 457484.479856902209576, 3138628.263405018020421 ], [ 457483.352882207254879, 3138627.93551634484902 ], [ 457482.250462835479993, 3138627.497124584391713 ], [ 457481.15469532640418, 3138626.951728574931622 ], [ 457480.053286779439077, 3138626.306824888568372 ], [ 457478.941504619258922, 3138625.57491089310497 ], [ 457477.822199131187517, 3138624.774279820267111 ], [ 457476.704081493488047, 3138623.92901247786358 ], [ 457475.598765160189942, 3138623.067714616190642 ], [ 457474.517286777845584, 3138622.220848487690091 ], [ 457473.466880907246377, 3138621.416895332280546 ], [ 457472.448687142401468, 3138620.677968415431678 ], [ 457471.456844579195604, 3138620.01577353104949 ], [ 457470.479126045946032, 3138619.428903078660369 ], [ 457469.498945154657122, 3138618.902307292912155 ], [ 457468.498295836965553, 3138618.409420363139361 ], [ 457467.461008075682912, 3138617.916892259847373 ], [ 457466.375655806332361, 3138617.391294591594487 ], [ 457465.237538364657667, 3138616.806658283807337 ], [ 457464.049354434129782, 3138616.151384331751615 ], [ 457462.820455229142681, 3138615.433035078458488 ], [ 457461.56484738283325, 3138614.679795499425381 ], [ 457460.298359932552557, 3138613.937958381604403 ], [ 457459.035547357751057, 3138613.265536982566118 ], [ 457457.786943147075363, 3138612.722899980377406 ], [ 457456.557200013543479, 3138612.361994122620672 ], [ 457455.344471186224837, 3138612.216122751124203 ], [ 457454.14113917859504, 3138612.292283232323825 ], [ 457452.93573300621938, 3138612.567703761626035 ], [ 457451.715643342235126, 3138612.991510805673897 ], [ 457450.470091500668786, 3138613.491526823025197 ], [ 457449.19276083476143, 3138613.985219202470034 ] ] ] } },
{ "type": "Feature", "properties": { "id": 25, "area_ha": 0.004608917777479217 }, "geometry": { "type": "Polygon", "coordinates": [ [ [ 457383.598529605078511, 3138627.221623749937862 ], [ 457383.468835839245003, 3138627.201015946920961 ], [ 457383.339696000854019, 3138627.182446662802249 ], [ 457383.211349192715716, 3138627.165706120897084 ], [ 457383.083994134212844, 3138627.150595326907933 ], [ 457382.957786283455789, 3138627.136928301304579 ], [ 457382.832835912413429, 3138627.124534083064646 ], [ 457382.709207192878239, 3138627.113258499186486 ], [ 457382.586918325279839, 3138627.102965678088367 ], [ 457382.465942717040889, 3138627.093539300840348 ], [ 457382.346211193420459, 3138627.084883590228856 ], [ 457382.22761519649066, 3138627.076924023218453 ], [ 457382.110010905191302, 3138627.069607782643288 ], [ 457381.993224186764564, 3138627.062903945799917 ], [ 457381.877056268276647, 3138627.056803417392075 ], [ 457381.761290000402369, 3138627.051318626385182 ], [ 457381.645696570340078, 3138627.046482990495861 ], [ 457381.530042508966289, 3138627.042350172065198 ], [ 457381.414096830645576, 3138627.038993138354272 ], [ 457381.297638139687479, 3138627.036503047216684 ], [ 457381.180461538489908, 3138627.034987976774573 ], [ 457381.062385176424868, 3138627.034571522846818 ], [ 457380.943256286613178, 3138627.035391276702285 ], [ 457380.822956570715178, 3138627.037597211543471 ], [ 457380.701406806067098, 3138627.041349991690367 ], [ 457380.578570569690783, 3138627.046819229610264 ], [ 457380.454456992738415, 3138627.054181696847081 ], [ 457380.329122483904939, 3138627.063619520049542 ], [ 457380.202671384613495, 3138627.075318364892155 ], [ 457380.075255543226376, 3138627.089465631637722 ], [ 457379.947072823124472, 3138627.10624866373837 ], [ 457379.818364583770745, 3138627.125852991826832 ], [ 457379.689412198786158, 3138627.148460614029318 ], [ 457379.560532697418239, 3138627.174248326104134 ], [ 457379.432073637552094, 3138627.203386104665697 ], [ 457379.304407335119322, 3138627.236035551410168 ], [ 457379.177924590592738, 3138627.272348404396325 ], [ 457379.053028063673992, 3138627.312465117312968 ], [ 457378.930125456536189, 3138627.356513515580446 ], [ 457378.809622667322401, 3138627.404607529286295 ], [ 457378.691917077638209, 3138627.456846005748957 ], [ 457378.57739113108255, 3138627.513311610091478 ], [ 457378.466406354040373, 3138627.5740698100999 ], [ 457378.359297955525108, 3138627.639167958404869 ], [ 457378.25637012871448, 3138627.708634465001523 ], [ 457378.157892159128096, 3138627.782478076405823 ], [ 457378.064095421636011, 3138627.860687256790698 ], [ 457377.975171327183489, 3138627.943229681812227 ], [ 457377.891270255146082, 3138628.030051850248128 ], [ 457377.812501481734216, 3138628.121078815311193 ], [ 457377.738934090360999, 3138628.216214046813548 ], [ 457377.670598823926412, 3138628.315339429304004 ], [ 457377.607490816502832, 3138628.418315395712852 ], [ 457377.549573118507396, 3138628.524981209542602 ], [ 457377.496780909888912, 3138628.635155396070331 ], [ 457377.449026279908139, 3138628.748636327683926 ], [ 457377.406203435792122, 3138628.86520296195522 ], [ 457377.368194194626994, 3138628.984615742228925 ], [ 457377.334873603947926, 3138629.106617648620158 ], [ 457377.306115536252037, 3138629.230935411062092 ], [ 457377.281798100448214, 3138629.357280866708606 ], [ 457377.261808722978458, 3138629.485352469608188 ], [ 457377.246048756525852, 3138629.614836933556944 ], [ 457377.234437489532866, 3138629.74541100487113 ], [ 457377.226915444538463, 3138629.876743352971971 ], [ 457377.223446873831563, 3138630.008496561553329 ], [ 457377.224021379661281, 3138630.140329207759351 ], [ 457377.228654613369144, 3138630.271898011211306 ], [ 457377.237388028239366, 3138630.402860032394528 ], [ 457377.250287689676043, 3138630.532874902244657 ], [ 457377.267442169541027, 3138630.661607057787478 ], [ 457377.288959576748312, 3138630.78872796613723 ], [ 457377.314963799202815, 3138630.913918311707675 ], [ 457377.345590055279899, 3138631.03687011776492 ], [ 457377.380979869980365, 3138631.157288793474436 ], [ 457377.421275608765427, 3138631.274895067326725 ], [ 457377.466614714474417, 3138631.389426799025387 ], [ 457377.517123802215792, 3138631.500640640500933 ], [ 457377.572912772302516, 3138631.608313534408808 ], [ 457377.634069102758076, 3138631.712244025897235 ], [ 457377.70065248006722, 3138631.812253380194306 ], [ 457377.77268991956953, 3138631.90818648878485 ], [ 457377.850171517638955, 3138631.999912558589131 ], [ 457377.933046960621141, 3138632.087325572036207 ], [ 457378.02122290089028, 3138632.170344518031925 ], [ 457378.114561286929529, 3138632.248913395218551 ], [ 457378.21287871315144, 3138632.323000979609787 ], [ 457378.315946829447057, 3138632.392600372899324 ], [ 457378.423493824491743, 3138632.457728330977261 ], [ 457378.535206970234867, 3138632.518424385692924 ], [ 457378.650736188341398, 3138632.574749772436917 ], [ 457378.769698573276401, 3138632.626786176115274 ], [ 457378.891683782916516, 3138632.674634316004813 ], [ 457379.016260183940176, 3138632.718412381131202 ], [ 457379.142981621029321, 3138632.758254344575107 ], [ 457379.271394659648649, 3138632.794308167882264 ], [ 457379.401046141923871, 3138632.826733923982829 ], [ 457379.53149088245118, 3138632.855701853521168 ], [ 457379.66229932801798, 3138632.881390381138772 ], [ 457379.793065002188087, 3138632.903984111733735 ], [ 457379.923411560419481, 3138632.923671822994947 ], [ 457380.052999287552666, 3138632.940644478891045 ], [ 457380.181530881382059, 3138632.955093277152628 ], [ 457380.308756381564308, 3138632.967207752168179 ], [ 457380.43447712197667, 3138632.977173948194832 ], [ 457380.558548605302349, 3138632.9851726712659 ], [ 457380.680882224347442, 3138632.991377838887274 ], [ 457380.801445780729409, 3138632.995954934507608 ], [ 457380.920262777246535, 3138632.999059574212879 ], [ 457381.037410491378978, 3138633.00083619588986 ], [ 457381.153016863332596, 3138633.001416874118149 ], [ 457381.267256260267459, 3138633.00092026591301 ], [ 457381.380344204721041, 3138632.999450686387718 ], [ 457381.492531179217622, 3138632.99709732318297 ], [ 457381.604095640592277, 3138632.993933582678437 ], [ 457381.715336396067869, 3138632.990016570780426 ], [ 457381.826564507908188, 3138632.985386708751321 ], [ 457381.938094905810431, 3138632.980067480821162 ], [ 457382.050237890682183, 3138632.974065309390426 ], [ 457382.163290718570352, 3138632.967369561549276 ], [ 457382.277529450424481, 3138632.959952681791037 ], [ 457382.393201247497927, 3138632.951770447660238 ], [ 457382.510517281189095, 3138632.942762347869575 ], [ 457382.629646414075978, 3138632.932852082885802 ], [ 457382.750709788000677, 3138632.921948185190558 ], [ 457382.873776436026674, 3138632.909944755956531 ], [ 457382.998860011575744, 3138632.896722317673266 ], [ 457383.125916700751986, 3138632.882148787844926 ], [ 457383.254844357434195, 3138632.866080557461828 ], [ 457383.385482873709407, 3138632.848363691475242 ], [ 457383.517615767428651, 3138632.828835230320692 ], [ 457383.650972944335081, 3138632.807324604131281 ], [ 457383.785234561888501, 3138632.78365514613688 ], [ 457383.920035901071969, 3138632.757645708043128 ], [ 457384.054973127029371, 3138632.729112361557782 ], [ 457384.189609802502673, 3138632.697870191186666 ], [ 457384.323483999527525, 3138632.663735157810152 ], [ 457384.456115845998283, 3138632.626526029780507 ], [ 457384.587015330966096, 3138632.586066365242004 ], [ 457384.715690193988848, 3138632.542186535894871 ], [ 457384.841653718438465, 3138632.494725769851357 ], [ 457384.964432257926092, 3138632.443534205202013 ], [ 457385.083572330535389, 3138632.388474924955517 ], [ 457385.198647129232995, 3138632.329425962176174 ], [ 457385.309262312890496, 3138632.266282246913761 ], [ 457385.415060960513074, 3138632.198957475833595 ], [ 457385.51572759472765, 3138632.127385879866779 ], [ 457385.610991202294827, 3138632.051523864269257 ], [ 457385.700627206417266, 3138631.97135150199756 ], [ 457385.784458370995708, 3138631.88687385013327 ], [ 457385.862354643468279, 3138631.798122073058039 ], [ 457385.934231969178654, 3138631.705154346302152 ], [ 457386.00005013437476, 3138631.608056522905827 ], [ 457386.059809718339238, 3138631.506942545529455 ], [ 457386.113548256573267, 3138631.401954586151987 ], [ 457386.16133573447587, 3138631.293262904044241 ], [ 457386.20326954574557, 3138631.181065410375595 ], [ 457386.239469061372802, 3138631.065586936660111 ], [ 457386.270069963589776, 3138630.947078202385455 ], [ 457386.295218500192277, 3138630.825814484618604 ], [ 457386.315065817034338, 3138630.702093998435885 ], [ 457386.329762520734221, 3138630.576235996559262 ], [ 457386.339453614316881, 3138630.448578604962677 ], [ 457386.344273939088453, 3138630.319476408883929 ], [ 457386.344344238343183, 3138630.189297820441425 ], [ 457386.339767941564787, 3138630.058422246482223 ], [ 457386.330628747062292, 3138629.9272370939143 ], [ 457386.316989058803301, 3138629.79613463813439 ], [ 457386.298889308294747, 3138629.665508798789233 ], [ 457386.276348169834819, 3138629.53575185732916 ], [ 457386.249363651033491, 3138629.40725114941597 ], [ 457386.21791501773987, 3138629.280385789461434 ], [ 457386.181965490221046, 3138629.155523447785527 ], [ 457386.141465624328703, 3138629.03301723767072 ], [ 457386.096357276081108, 3138628.913202742580324 ], [ 457386.04657802847214, 3138628.796395227313042 ], [ 457385.992065950646065, 3138628.682887062896043 ], [ 457385.932764545781538, 3138628.572945406194776 ], [ 457385.868627743970137, 3138628.46681015798822 ], [ 457385.799624789331574, 3138628.364692228380591 ], [ 457385.72574487735983, 3138628.266772131435573 ], [ 457385.647001402219757, 3138628.173198926262558 ], [ 457385.563435684482101, 3138628.084089518059045 ], [ 457385.475120062415954, 3138627.99952832236886 ], [ 457385.382160248118453, 3138627.919567303732038 ], [ 457385.284696865885053, 3138627.844226374756545 ], [ 457385.182906114903744, 3138627.773494158405811 ], [ 457385.076999518438242, 3138627.707329091615975 ], [ 457384.967222747509368, 3138627.645660859532654 ], [ 457384.853853529901244, 3138627.588392132427543 ], [ 457384.737198681861628, 3138627.535400587599725 ], [ 457384.617590320354793, 3138627.486541174352169 ], [ 457384.495381338114385, 3138627.441648600623012 ], [ 457384.370940242777579, 3138627.40054000262171 ], [ 457384.244645479193423, 3138627.363017754629254 ], [ 457384.116879368084483, 3138627.328872391022742 ], [ 457383.988021806930192, 3138627.297885591164231 ], [ 457383.858443884178996, 3138627.269833194557577 ], [ 457383.72850156534696, 3138627.244488205760717 ], [ 457383.598529605078511, 3138627.221623749937862 ] ] ] } },
{ "type": "Feature", "properties": { "id": 26, "area_ha": 0.0042685001674947825 }, "geometry": { "type": "Polygon", "coordinates": [ [ [ 457260.768345284333918, 3138798.885365665890276 ], [ 457260.642393486690708, 3138798.86295915953815 ], [ 457260.512119067658205, 3138798.84485528152436 ], [ 457260.378220134938601, 3138798.830920507200062 ], [ 457260.24144660012098, 3138798.821066430304199 ], [ 457260.102585946035106, 3138798.815250962972641 ], [ 457259.962447666563094, 3138798.813477277755737 ], [ 457259.821846791426651, 3138798.815790567081422 ], [ 457259.681586943450384, 3138798.822272785473615 ], [ 457259.542443395184819, 3138798.833035598509014 ], [ 457259.405146598233841, 3138798.848211842123419 ], [ 457259.270366651471704, 3138798.867945834062994 ], [ 457259.138699151226319, 3138798.892382933758199 ], [ 457259.010652828263119, 3138798.921658761333674 ], [ 457258.886639331118204, 3138798.955888499505818 ], [ 457258.766965450136922, 3138798.995156700722873 ], [ 457258.651828010566533, 3138799.039508000947535 ], [ 457258.541311583598144, 3138799.088939098641276 ], [ 457258.435389083053451, 3138799.1433923272416 ], [ 457258.33392523159273, 3138799.202751071657985 ], [ 457258.236682794988155, 3138799.266837224364281 ], [ 457258.14333140430972, 3138799.335410801693797 ], [ 457258.053458708454855, 3138799.408171756193042 ], [ 457257.966583534318488, 3138799.484763944055885 ], [ 457257.882170671946369, 3138799.564781142398715 ], [ 457257.799646860104986, 3138799.647774912416935 ], [ 457257.71841751143802, 3138799.733264066278934 ], [ 457257.637883702467661, 3138799.82074542157352 ], [ 457257.557458947005216, 3138799.909705489408225 ], [ 457257.476585285272449, 3138799.999632707796991 ], [ 457257.394748245424125, 3138800.090029819402844 ], [ 457257.311490274325479, 3138800.18042597733438 ], [ 457257.226422284147702, 3138800.270388187840581 ], [ 457257.139233024965506, 3138800.359531715512276 ], [ 457257.049696060887072, 3138800.447529110126197 ], [ 457256.957674205070361, 3138800.534117576666176 ], [ 457256.863121346803382, 3138800.619104454293847 ], [ 457256.766081685258541, 3138800.702370647806674 ], [ 457256.666686462122016, 3138800.783871920779347 ], [ 457256.565148360270541, 3138800.863638028968126 ], [ 457256.461753803887405, 3138800.941769758239388 ], [ 457256.356853454373777, 3138801.018433992750943 ], [ 457256.250851245538797, 3138801.093856998253614 ], [ 457256.144192339619622, 3138801.168316183146089 ], [ 457256.037350408034399, 3138801.242130621336401 ], [ 457255.930814654333517, 3138801.315650681499392 ], [ 457255.825076991517562, 3138801.389247110579163 ], [ 457255.720619772328064, 3138801.46329994359985 ], [ 457255.617904439393897, 3138801.538187609985471 ], [ 457255.517361425445415, 3138801.614276568870991 ], [ 457255.419381581712514, 3138801.691911813803017 ], [ 457255.324309354822617, 3138801.771408510860056 ], [ 457255.232437868660782, 3138801.853045006748289 ], [ 457255.144006001122762, 3138801.937057387083769 ], [ 457255.059197473339736, 3138802.023635683581233 ], [ 457254.978141904051881, 3138802.112921786960214 ], [ 457254.900917714345269, 3138802.205009043682367 ], [ 457254.827556708885822, 3138802.299943446181715 ], [ 457254.758050107688177, 3138802.39772628666833 ], [ 457254.692355757637415, 3138802.498318064492196 ], [ 457254.630406221200246, 3138802.601643417961895 ], [ 457254.572117415547837, 3138802.707596804015338 ], [ 457254.517397466814145, 3138802.816048624459654 ], [ 457254.466155443980824, 3138802.926851505413651 ], [ 457254.418309650558513, 3138803.039846407715231 ], [ 457254.373795175924897, 3138803.154868301469833 ], [ 457254.332570441358257, 3138803.271751119755208 ], [ 457254.294622518995311, 3138803.390331787057221 ], [ 457254.259971050079912, 3138803.510453128255904 ], [ 457254.228670643060468, 3138803.631965538486838 ], [ 457254.200811689777765, 3138803.754727351944894 ], [ 457254.176519594853744, 3138803.878603894729167 ], [ 457254.15595247229794, 3138804.00346528692171 ], [ 457254.139297414454632, 3138804.129183103796095 ], [ 457254.126765490567777, 3138804.255626072175801 ], [ 457254.118585671298206, 3138804.382655019406229 ], [ 457254.114997913129628, 3138804.510117332451046 ], [ 457254.11624565924285, 3138804.637841221876442 ], [ 457254.122568031598348, 3138804.765630086418241 ], [ 457254.134191992343403, 3138804.89325729990378 ], [ 457254.15132474998245, 3138805.020461716223508 ], [ 457254.174146670557093, 3138805.14694418059662 ], [ 457254.202804930973798, 3138805.272365292999893 ], [ 457254.237408120185137, 3138805.396344636101276 ], [ 457254.278021957376041, 3138805.518461618106812 ], [ 457254.324666250206064, 3138805.638258025515825 ], [ 457254.377313172910362, 3138805.75524232070893 ], [ 457254.435886893188581, 3138805.868895634077489 ], [ 457254.500264529255219, 3138805.978679351974279 ], [ 457254.570278372440953, 3138806.084044124931097 ], [ 457254.645719266147353, 3138806.184440053533763 ], [ 457254.726340996159706, 3138806.279327772557735 ], [ 457254.811865513620432, 3138806.368190088775009 ], [ 457254.901988788275048, 3138806.450543813873082 ], [ 457254.996387074294034, 3138806.525951396673918 ], [ 457255.094723361951765, 3138806.594031961169094 ], [ 457255.196653790364508, 3138806.654471368063241 ], [ 457255.301833805337083, 3138806.707030922174454 ], [ 457255.409923864412121, 3138806.751554405782372 ], [ 457255.520594515022822, 3138806.787973146885633 ], [ 457255.633530702267308, 3138806.816308900248259 ], [ 457255.74843519856222, 3138806.836674384772778 ], [ 457255.865031084278598, 3138806.849271398968995 ], [ 457255.983063250838313, 3138806.854386504739523 ], [ 457256.102298935933504, 3138806.852384369820356 ], [ 457256.22252734011272, 3138806.843698914162815 ], [ 457256.343558410240803, 3138806.828822508454323 ], [ 457256.465220905316528, 3138806.80829351907596 ], [ 457256.587359887547791, 3138806.782682560384274 ], [ 457256.709833800268825, 3138806.752577874809504 ], [ 457256.832511306216475, 3138806.718570273835212 ], [ 457256.955268065386917, 3138806.681238112039864 ], [ 457257.077983627328649, 3138806.641132757533342 ], [ 457257.200538604462054, 3138806.59876502212137 ], [ 457257.322812273283489, 3138806.554592973552644 ], [ 457257.444680729298852, 3138806.509011520072818 ], [ 457257.56601569079794, 3138806.462344097904861 ], [ 457257.686684016196523, 3138806.414836727548391 ], [ 457257.806547962711193, 3138806.366654620040208 ], [ 457257.925466180255171, 3138806.317881438415498 ], [ 457258.043295396491885, 3138806.268521229736507 ], [ 457258.159892716561444, 3138806.218502948991954 ], [ 457258.275118430785369, 3138806.167687415610999 ], [ 457258.388839196995832, 3138806.115876452997327 ], [ 457258.500931444054004, 3138806.062823900487274 ], [ 457258.611284829385113, 3138806.008248107507825 ], [ 457258.719805578002706, 3138805.951845476869494 ], [ 457258.826419528515544, 3138805.893304593395442 ], [ 457258.931074723717757, 3138805.832320440560579 ], [ 457259.033743394422345, 3138805.768608216196299 ], [ 457259.134423212206457, 3138805.701916260644794 ], [ 457259.233137709146831, 3138805.632037654519081 ], [ 457259.329935800516978, 3138805.558820073027164 ], [ 457259.424890377908014, 3138805.482173560187221 ], [ 457259.51809598057298, 3138805.402075937017798 ], [ 457259.60966559080407, 3138805.318575664889067 ], [ 457259.699726636346895, 3138805.231792050879449 ], [ 457259.788416317023803, 3138805.14191278629005 ], [ 457259.875876404810697, 3138805.049188905861229 ], [ 457259.962247690884396, 3138804.953927327413112 ], [ 457260.04766427265713, 3138804.856481244787574 ], [ 457260.132247886562254, 3138804.757238693069667 ], [ 457260.216102493868675, 3138804.65660969959572 ], [ 457260.299309325637296, 3138804.555012456607074 ], [ 457260.381922578031663, 3138804.452859016135335 ], [ 457260.463965930975974, 3138804.350541004911065 ], [ 457260.545430034515448, 3138804.248415870126337 ], [ 457260.626271074870601, 3138804.146794152446091 ], [ 457260.706410492537543, 3138804.045928243082017 ], [ 457260.78573588427389, 3138803.946003042161465 ], [ 457260.86410307494225, 3138803.847128862980753 ], [ 457260.941339301760308, 3138803.749336862936616 ], [ 457261.017247409792617, 3138803.652577187865973 ], [ 457261.091610917123035, 3138803.556719925254583 ], [ 457261.164199773105793, 3138803.461558881215751 ], [ 457261.234776601952035, 3138803.366818069946021 ], [ 457261.303103203244973, 3138803.272160750813782 ], [ 457261.368947066017427, 3138803.177200724370778 ], [ 457261.432087646855507, 3138803.081515544094145 ], [ 457261.492322168836836, 3138802.984661226626486 ], [ 457261.5494707095786, 3138802.886187990661711 ], [ 457261.603380370885134, 3138802.785656513180584 ], [ 457261.65392835176317, 3138802.682654191274196 ], [ 457261.701023786969017, 3138802.576810860540718 ], [ 457261.744608255976345, 3138802.467813482508063 ], [ 457261.784654917893931, 3138802.355419299099594 ], [ 457261.821166278037708, 3138802.239467039238662 ], [ 457261.854170647507999, 3138802.119885806459934 ], [ 457261.883717405609787, 3138801.996701353229582 ], [ 457261.909871228213888, 3138801.870039539411664 ], [ 457261.932705485902261, 3138801.740126861259341 ], [ 457261.952295055962168, 3138801.607288029976189 ], [ 457261.968708821223117, 3138801.471940680872649 ], [ 457261.98200215009274, 3138801.334587380755693 ], [ 457261.992209661286324, 3138801.195805194787681 ], [ 457261.999338577326853, 3138801.05623314389959 ], [ 457262.003362959134392, 3138800.916557960212231 ], [ 457262.0042190910317, 3138800.777498593088239 ], [ 457262.001802252605557, 3138800.639789955690503 ], [ 457261.995965072186664, 3138800.504166427534074 ], [ 457261.986517605488189, 3138800.371345630381256 ], [ 457261.973229225899559, 3138800.24201297108084 ], [ 457261.955832351639401, 3138800.116807430051267 ], [ 457261.93402797030285, 3138799.99630901357159 ], [ 457261.907492855913006, 3138799.881028238683939 ], [ 457261.875888312002644, 3138799.771397933829576 ], [ 457261.838870213192422, 3138799.667767575010657 ], [ 457261.796100066916551, 3138799.570400270633399 ], [ 457261.747256770380773, 3138799.479472435545176 ], [ 457261.692048704717308, 3138799.395076085347682 ], [ 457261.630225781933405, 3138799.317223613616079 ], [ 457261.561591052100994, 3138799.245854815468192 ], [ 457261.486011476255953, 3138799.180845860391855 ], [ 457261.403427487006411, 3138799.122019850183278 ], [ 457261.313860985450447, 3138799.069158545229584 ], [ 457261.217421462817583, 3138799.02201482327655 ], [ 457261.1143099842011, 3138798.980325400363654 ], [ 457261.004820835136343, 3138798.94382335152477 ], [ 457260.889340695750434, 3138798.912249987944961 ], [ 457260.768345284333918, 3138798.885365665890276 ] ] ] } },
{ "type": "Feature", "properties": { "id": 27, "area_ha": 0.89074028600091837 }, "geometry": { "type": "Polygon", "coordinates": [ [ [ 457564.469994281302206, 3138798.697340359911323 ], [ 457561.975939801021013, 3138797.299735995009542 ], [ 457559.353831615648232, 3138796.973560061771423 ], [ 457556.662641354894731, 3138797.94719539443031 ], [ 457553.893910373386461, 3138799.645426605362445 ], [ 457551.127319134189747, 3138801.162090707570314 ], [ 457548.706268678593915, 3138801.845105567015707 ], [ 457547.20599408459384, 3138801.580822290387005 ], [ 457547.115485170506872, 3138800.66053809132427 ], [ 457548.423348403011914, 3138799.44179427716881 ], [ 457550.442526487458963, 3138798.118329816032201 ], [ 457552.071904383017682, 3138796.743778696749359 ], [ 457552.36240006913431, 3138795.401026650331914 ], [ 457551.003630299179349, 3138794.300130422227085 ], [ 457548.394866224436555, 3138793.69450147356838 ], [ 457545.279336519364733, 3138793.700079631526023 ], [ 457542.243163011211436, 3138794.195200188085437 ], [ 457539.446236878808122, 3138794.894647248554975 ], [ 457536.724506529630162, 3138795.526212129276246 ], [ 457533.893330150400288, 3138795.95405437098816 ], [ 457530.955024105845951, 3138796.161453619133681 ], [ 457528.055574347265065, 3138796.147580982651561 ], [ 457525.289795821299776, 3138795.86719532078132 ], [ 457522.581714982690755, 3138795.283831966575235 ], [ 457519.766052684979513, 3138794.483562968205661 ], [ 457516.784142029588111, 3138793.731694041751325 ], [ 457513.793920871452428, 3138793.404741911683232 ], [ 457511.080834415450227, 3138793.83514900971204 ], [ 457508.850021986989304, 3138795.162692959886044 ], [ 457507.08987396088196, 3138797.255846530664712 ], [ 457505.622098574240226, 3138799.706044435035437 ], [ 457504.273366563778836, 3138801.884839516598731 ], [ 457502.994556831079535, 3138803.088274202309549 ], [ 457501.816976648347918, 3138802.794182065408677 ], [ 457500.703652529104147, 3138800.967614436522126 ], [ 457499.461802721605636, 3138798.225921070668846 ], [ 457497.825607058708556, 3138795.66532840533182 ], [ 457495.651651093736291, 3138794.340309544466436 ], [ 457493.052648928482085, 3138794.672667176928371 ], [ 457490.34037709061522, 3138796.205011828336865 ], [ 457487.816130609542597, 3138797.929636955726892 ], [ 457485.582812294131145, 3138799.006662928499281 ], [ 457483.532522115041502, 3138799.356486793607473 ], [ 457481.505629936873447, 3138799.667995416093618 ], [ 457479.465042265015654, 3138800.802396654617041 ], [ 457477.52038842800539, 3138803.055859495420009 ], [ 457475.779744608618785, 3138805.868850753176957 ], [ 457474.173617102554999, 3138808.216192413121462 ], [ 457472.436237111513037, 3138809.363437872380018 ], [ 457470.300831388216466, 3138809.387946436181664 ], [ 457467.773105331987608, 3138809.073172230739146 ], [ 457465.254663109546527, 3138809.30375859560445 ], [ 457463.38164479174884, 3138810.471635055262595 ], [ 457462.658771845628507, 3138812.339015474077314 ], [ 457463.138928397616837, 3138814.381978786084801 ], [ 457464.385971708979923, 3138816.248828059528023 ], [ 457465.763584463857114, 3138817.940629336982965 ], [ 457466.855662289599422, 3138819.636813811492175 ], [ 457467.720196520269383, 3138821.420484298840165 ], [ 457468.789752065378707, 3138823.198067198041826 ], [ 457470.481759387475904, 3138824.85393424378708 ], [ 457472.79257342038909, 3138826.417115942575037 ], [ 457475.16877088212641, 3138828.019323857501149 ], [ 457476.762121234089136, 3138829.679931304883212 ], [ 457476.912832660542335, 3138831.182339407503605 ], [ 457475.551996607915498, 3138832.245894128922373 ], [ 457473.271421769401059, 3138832.88383063627407 ], [ 457471.02959410729818, 3138833.584439708851278 ], [ 457469.688752198475413, 3138835.045728444121778 ], [ 457469.66000940016238, 3138837.592995401937515 ], [ 457470.832853393862024, 3138840.756229497026652 ], [ 457472.771151757915504, 3138843.430167410057038 ], [ 457475.008992541348562, 3138844.583674527704716 ], [ 457477.262245563382749, 3138844.004305310081691 ], [ 457479.468642398831435, 3138842.48713588854298 ], [ 457481.692462497332599, 3138841.29493643110618 ], [ 457483.996358204516582, 3138841.28941974369809 ], [ 457486.368605179013684, 3138842.383462020661682 ], [ 457488.732989841781091, 3138843.693017606623471 ], [ 457491.011208790820092, 3138844.218336357269436 ], [ 457493.183933481399436, 3138843.51556986477226 ], [ 457495.307913861994166, 3138841.904127187561244 ], [ 457497.478765396401286, 3138840.165565784089267 ], [ 457499.765091115783434, 3138839.051135574001819 ], [ 457502.160784519044682, 3138838.953368647489697 ], [ 457504.59263264015317, 3138839.858912038151175 ], [ 457506.979540608241223, 3138841.457911348436028 ], [ 457509.29456220328575, 3138843.25248491531238 ], [ 457511.572049083421007, 3138844.646883144509047 ], [ 457513.847463139507454, 3138845.106784213334322 ], [ 457516.084568808844779, 3138844.406134984921664 ], [ 457518.170006334374193, 3138842.816211405210197 ], [ 457520.002247832715511, 3138841.038797133136541 ], [ 457521.607894715503789, 3138839.846942102070898 ], [ 457523.172668251325376, 3138839.648613597732037 ], [ 457524.936056881386321, 3138840.289982983842492 ], [ 457527.026115430926438, 3138841.247143574524671 ], [ 457529.384798310289625, 3138842.048124599736184 ], [ 457531.866089955670759, 3138842.587822167668492 ], [ 457534.421305354917422, 3138843.103085240814835 ], [ 457537.17383250000421, 3138843.865991131868213 ], [ 457540.259449913690332, 3138844.873545431531966 ], [ 457543.533354241808411, 3138845.783071103971452 ], [ 457546.423922216286883, 3138846.116677837446332 ], [ 457548.15373531304067, 3138845.550161318853498 ], [ 457548.255466137547046, 3138844.079400988761336 ], [ 457547.016404864320066, 3138841.999082562979311 ], [ 457545.465006932150573, 3138839.773731927387416 ], [ 457544.829337246657815, 3138837.904236008413136 ], [ 457545.816562629188411, 3138836.817975587211549 ], [ 457548.232921302726027, 3138836.757211949676275 ], [ 457551.220766005164478, 3138837.676916241645813 ], [ 457553.916422983689699, 3138839.230691508390009 ], [ 457556.017458430898841, 3138840.910638561472297 ], [ 457557.851024159055669, 3138842.290334526449442 ], [ 457559.960724240867421, 3138843.207891531288624 ], [ 457562.609507781569846, 3138843.750324406195432 ], [ 457565.614298910251819, 3138844.066113571170717 ], [ 457568.595627384202089, 3138844.190621621906757 ], [ 457571.358171485189814, 3138844.055489058606327 ], [ 457574.040815737273078, 3138843.663822982925922 ], [ 457576.929297729337122, 3138843.226533889304847 ], [ 457580.148173900495749, 3138843.067785162944347 ], [ 457583.535569739120547, 3138843.331727829296142 ], [ 457586.793529276561458, 3138843.754166308324784 ], [ 457589.727200036228169, 3138843.763917161151767 ], [ 457592.319091807352379, 3138842.912549861706793 ], [ 457594.585720919654705, 3138841.318386532831937 ], [ 457596.414010377426166, 3138839.740143660455942 ], [ 457597.606659342709463, 3138839.158139539882541 ], [ 457598.138174115854781, 3138840.132959335576743 ], [ 457598.368109978851862, 3138842.405485179275274 ], [ 457598.949113245180342, 3138845.032708029728383 ], [ 457600.439111075364053, 3138846.959346625488251 ], [ 457602.92588264530059, 3138847.623075363691896 ], [ 457605.99772809818387, 3138847.203693845309317 ], [ 457609.098687368968967, 3138846.408762391656637 ], [ 457611.957853385072667, 3138845.995715802069753 ], [ 457614.713173627562355, 3138846.344710384495556 ], [ 457617.636521641979925, 3138847.291314739733934 ], [ 457620.743515181937255, 3138848.242546334397048 ], [ 457623.67922936094692, 3138848.477057569660246 ], [ 457626.001989177544601, 3138847.499240464065224 ], [ 457627.596150997735094, 3138845.318969327025115 ], [ 457628.808879097283352, 3138842.529526916798204 ], [ 457630.162863761070184, 3138840.098590936977416 ], [ 457631.90571126335999, 3138838.920071890112013 ], [ 457633.82365049130749, 3138839.349242438562214 ], [ 457635.50395828334149, 3138841.013811007142067 ], [ 457636.801672464818694, 3138843.049799649044871 ], [ 457638.060409293044358, 3138844.618799713905901 ], [ 457639.857446840673219, 3138845.346759226173162 ], [ 457642.488718089589383, 3138845.380397774744779 ], [ 457645.661159187904559, 3138845.061814907006919 ], [ 457648.677800376026426, 3138844.526426070835441 ], [ 457650.9531559770694, 3138843.571150938980281 ], [ 457652.401784701272845, 3138841.881910808384418 ], [ 457653.375044893124141, 3138839.383597106672823 ], [ 457654.250179496302735, 3138836.375594498123974 ], [ 457655.093203918833751, 3138833.32803261000663 ], [ 457655.723567195411306, 3138830.53651594882831 ], [ 457656.09766936727101, 3138827.964152657892555 ], [ 457656.595863181981258, 3138825.418929650448263 ], [ 457657.866051755903754, 3138822.894323990680277 ], [ 457660.290860121254809, 3138820.742758666630834 ], [ 457663.522909523453563, 3138819.502063807100058 ], [ 457666.521796727378387, 3138819.512412722688168 ], [ 457668.128046598401852, 3138820.651922903954983 ], [ 457667.771358233992942, 3138822.413877463899553 ], [ 457665.806754046818241, 3138824.253169442526996 ], [ 457663.272425681177992, 3138825.915302780456841 ], [ 457661.291948924656026, 3138827.507535858079791 ], [ 457660.547701319272164, 3138829.309789733495563 ], [ 457661.11038259108318, 3138831.521002295427024 ], [ 457662.603206125437282, 3138834.130196839105338 ], [ 457664.487001329252962, 3138836.93895763438195 ], [ 457666.2875133806956, 3138839.631076110061258 ], [ 457667.730311928782612, 3138841.809413040522486 ], [ 457668.817583614552859, 3138843.038015417288989 ], [ 457669.828642132109962, 3138842.974357768893242 ], [ 457671.17359211796429, 3138841.575260012876242 ], [ 457673.103127876122016, 3138839.216064739506692 ], [ 457675.440397258265875, 3138836.556939444504678 ], [ 457677.572537980915513, 3138834.177598283160478 ], [ 457678.788746975013055, 3138832.228283766657114 ], [ 457678.763661207922269, 3138830.382578648626804 ], [ 457677.813616711297072, 3138828.154391181189567 ], [ 457676.687407013727352, 3138825.334730075206608 ], [ 457676.01619875524193, 3138822.191109755076468 ], [ 457675.839775679283775, 3138819.269692419562489 ], [ 457675.585869357630145, 3138816.980619662906975 ], [ 457674.523530716309324, 3138815.325207049492747 ], [ 457672.333654835238121, 3138813.979222594294697 ], [ 457669.355151691939682, 3138812.61685346532613 ], [ 457666.336610735685099, 3138811.153998164925724 ], [ 457663.913281638117041, 3138809.696087851189077 ], [ 457662.215999732259661, 3138808.284257371444255 ], [ 457660.872973829740658, 3138806.740288001019508 ], [ 457659.341443820740096, 3138804.810361712705344 ], [ 457657.282432666106615, 3138802.494535964913666 ], [ 457654.723192401230335, 3138800.229792012367398 ], [ 457651.961022607516497, 3138798.694744047708809 ], [ 457649.345693702518474, 3138798.345507478807122 ], [ 457647.103521199547686, 3138799.058949233032763 ], [ 457645.269206256547477, 3138800.193623391445726 ], [ 457643.699418958101887, 3138801.027588834054768 ], [ 457642.130575304094236, 3138801.21162186563015 ], [ 457640.275811839674134, 3138800.87846828950569 ], [ 457637.954237172030844, 3138800.36927878158167 ], [ 457635.195334494987037, 3138799.878219314385206 ], [ 457632.23279447335517, 3138799.360530362464488 ], [ 457629.360900531406514, 3138798.76261910609901 ], [ 457626.742993919586297, 3138798.293765966780484 ], [ 457624.323762465501204, 3138798.39917033771053 ], [ 457621.925257760798559, 3138799.382796538528055 ], [ 457619.447878197184764, 3138801.000010980758816 ], [ 457616.995720500533935, 3138802.43468965170905 ], [ 457614.804619125206955, 3138802.776686547324061 ], [ 457613.026928178616799, 3138801.670533565804362 ], [ 457611.560715764120687, 3138799.613834680989385 ], [ 457610.077098122099414, 3138797.63576329452917 ], [ 457608.227193560858723, 3138796.585234469268471 ], [ 457605.857539959251881, 3138796.581685888580978 ], [ 457603.066690372594167, 3138797.047785352449864 ], [ 457600.083863873442169, 3138797.261881937272847 ], [ 457597.098797707993072, 3138796.947050473187119 ], [ 457594.186706064851023, 3138796.408899368252605 ], [ 457591.356325735105202, 3138796.142747310455889 ], [ 457588.628944494761527, 3138796.29518255032599 ], [ 457586.049405576952267, 3138796.484152830205858 ], [ 457583.628611614636611, 3138796.155514931306243 ], [ 457581.304804036451969, 3138795.167333082761616 ], [ 457578.990380005910993, 3138794.069537674542516 ], [ 457576.66678800561931, 3138793.78474050341174 ], [ 457574.420753266662359, 3138794.900993306189775 ], [ 457572.364394770935178, 3138797.135220342781395 ], [ 457570.50475551415002, 3138799.420851128641516 ], [ 457568.694070811208803, 3138800.59314973000437 ], [ 457566.722168648790102, 3138800.17683194251731 ], [ 457564.469994281302206, 3138798.697340359911323 ] ] ] } },
{ "type": "Feature", "properties": { "id": 28, "area_ha": 0.054197634073135569 }, "geometry": { "type": "Polygon", "coordinates": [ [ [ 458105.347929519368336, 3137277.533614785876125 ], [ 458105.125421168166213, 3137278.012737600598484 ], [ 458104.9163271546131, 3137278.520525424275547 ], [ 458104.719210171955638, 3137279.050786247942597 ], [ 458104.532241401437204, 3137279.597342970781028 ], [ 458104.353270133666229, 3137280.154172636568546 ], [ 458104.179903034761082, 3137280.7155393618159 ], [ 458104.009590456262231, 3137281.276117298286408 ], [ 458103.839716982969549, 3137281.831100321374834 ], [ 458103.667693299823441, 3137282.376295525580645 ], [ 458103.491046439681668, 3137282.90819815127179 ], [ 458103.307505551609211, 3137283.424046107567847 ], [ 458103.115080499381293, 3137283.921852922998369 ], [ 458102.912130853685085, 3137284.40041858330369 ], [ 458102.697423175268341, 3137284.859318408183753 ], [ 458102.470174880931154, 3137285.298870767466724 ], [ 458102.230083434318658, 3137285.720085063949227 ], [ 458101.977340087178163, 3137286.124591987580061 ], [ 458101.712627899891231, 3137286.514558549039066 ], [ 458101.437104278651532, 3137286.892590812873095 ], [ 458101.152368759328965, 3137287.261627586558461 ], [ 458100.86041723069502, 3137287.62482851697132 ], [ 458100.563584210409317, 3137287.98546015843749 ], [ 458100.264475145027973, 3137288.346783565822989 ], [ 458099.965891000058036, 3137288.711946824099869 ], [ 458099.670747616968583, 3137289.083885709755123 ], [ 458099.381992444978096, 3137289.465235339011997 ], [ 458099.102521299559157, 3137289.858255236875266 ], [ 458098.83509775303537, 3137290.26476978417486 ], [ 458098.582277636916842, 3137290.686125443782657 ], [ 458098.346340926829726, 3137291.123165597673506 ], [ 458098.129233004699927, 3137291.576223234180361 ], [ 458097.932516955363099, 3137292.04513112641871 ], [ 458097.757338169554714, 3137292.529248585458845 ], [ 458097.604402106546331, 3137293.027503346092999 ], [ 458097.473965630983002, 3137293.538446676917374 ], [ 458097.365841896680649, 3137294.060319410637021 ], [ 458097.279418317193631, 3137294.591126294340938 ], [ 458097.213686756673269, 3137295.128715832252055 ], [ 458097.167284704744816, 3137295.670862694270909 ], [ 458097.138545880385209, 3137296.215349741280079 ], [ 458097.125558450003155, 3137296.760046808980405 ], [ 458097.126228850975167, 3137297.302983573637903 ], [ 458097.138349090586416, 3137297.842414101120085 ], [ 458097.159665344515815, 3137298.376871010754257 ], [ 458097.187945703684818, 3137298.905207612086087 ], [ 458097.221045017009601, 3137299.426626817788929 ], [ 458097.256964941625483, 3137299.940696124918759 ], [ 458097.293907532992307, 3137300.447348472196609 ], [ 458097.330320979235694, 3137300.946869249921292 ], [ 458097.364936392463278, 3137301.439870253205299 ], [ 458097.396794905827846, 3137301.927251772023737 ], [ 458097.425264672841877, 3137302.410154426004738 ], [ 458097.450047717313282, 3137302.889902662951499 ], [ 458097.471176917606499, 3137303.367942085489631 ], [ 458097.489003725757357, 3137303.845772951841354 ], [ 458097.504177501308732, 3137304.324882262386382 ], [ 458097.51761757733766, 3137304.806676845997572 ], [ 458097.530479363282211, 3137305.292419774923474 ], [ 458097.544115920609329, 3137305.783172250725329 ], [ 458097.560036519542336, 3137306.279742879793048 ], [ 458097.579863699502312, 3137306.782645939383656 ], [ 458097.605290310864802, 3137307.29206988401711 ], [ 458097.638037918310147, 3137307.807856955099851 ], [ 458097.679817798431031, 3137308.329494335222989 ], [ 458097.732295578462072, 3137308.856116879731417 ], [ 458097.797060342272744, 3137309.386521047912538 ], [ 458097.87559878983302, 3137309.919189258012921 ], [ 458097.969274781644344, 3137310.452323564328253 ], [ 458098.079314348171465, 3137310.983887234702706 ], [ 458098.206795997510199, 3137311.51165257813409 ], [ 458098.352645933511667, 3137312.033253201749176 ], [ 458098.51763759739697, 3137312.546238761395216 ], [ 458098.702394788968377, 3137313.04813025565818 ], [ 458098.907397505012341, 3137313.536473956890404 ], [ 458099.132989561243448, 3137314.008892172947526 ], [ 458099.379387042485178, 3137314.463129236828536 ], [ 458099.646686650230549, 3137314.897091335151345 ], [ 458099.934873090591282, 3137315.308879079762846 ], [ 458100.243824758741539, 3137315.696812033653259 ], [ 458100.573317130212672, 3137316.0594447478652 ], [ 458100.923023448034655, 3137316.395574203226715 ], [ 458101.292512499028817, 3137316.704238890204579 ], [ 458101.681243486527819, 3137316.98471008753404 ], [ 458102.088558222574648, 3137317.236476179212332 ], [ 458102.513671069522388, 3137317.459221113938838 ], [ 458102.955657253682148, 3137317.65279828896746 ], [ 458103.413440333097242, 3137317.817201306112111 ], [ 458103.885779733245727, 3137317.952533102594316 ], [ 458104.371259348932654, 3137318.058974992483854 ], [ 458104.868278252368327, 3137318.136757101863623 ], [ 458105.375044539920054, 3137318.186131562106311 ], [ 458105.889573289372493, 3137318.207349675707519 ], [ 458106.409689494816121, 3137318.200644050724804 ], [ 458106.933036691043526, 3137318.166216438636184 ], [ 458107.457091786840465, 3137318.104231746401638 ], [ 458107.979186399141327, 3137318.014818389434367 ], [ 458108.496534727164544, 3137317.898074843920767 ], [ 458109.006267738936003, 3137317.754081981256604 ], [ 458109.505473167751916, 3137317.582920480053872 ], [ 458109.991240551695228, 3137317.384692373685539 ], [ 458110.460710297804326, 3137317.159545599017292 ], [ 458110.91112553095445, 3137316.907700250390917 ], [ 458111.339885302295443, 3137316.629475152119994 ], [ 458111.744597593147773, 3137316.325313335284591 ], [ 458112.123130464169662, 3137315.995805010665208 ], [ 458112.473659670678899, 3137315.64170674001798 ], [ 458112.794711097667459, 3137315.263955628033727 ], [ 458113.085196463216562, 3137314.863677568733692 ], [ 458113.344440891058184, 3137314.442188806831837 ], [ 458113.572201166534796, 3137314.000990350730717 ], [ 458113.768673747312278, 3137313.541755074635148 ], [ 458113.934491906664334, 3137313.0663076415658 ], [ 458114.07071171910502, 3137312.576597702223808 ], [ 458114.178786955948453, 3137312.074667103588581 ], [ 458114.260533322580159, 3137311.562612115871161 ], [ 458114.318082830228377, 3137311.04254192346707 ], [ 458114.35382943804143, 3137310.516534798312932 ], [ 458114.370367416820955, 3137309.98659351747483 ], [ 458114.370424156077206, 3137309.454601654782891 ], [ 458114.356789358193055, 3137308.922282375860959 ], [ 458114.332242721691728, 3137308.391161328647286 ], [ 458114.299482307513244, 3137307.862535073887557 ], [ 458114.261055801005568, 3137307.337446343153715 ], [ 458114.219296825409401, 3137306.816667159087956 ], [ 458114.176268334442284, 3137306.300690587610006 ], [ 458114.13371490832651, 3137305.78973156074062 ], [ 458114.093025511829183, 3137305.28373688692227 ], [ 458114.055207949830219, 3137304.782404204830527 ], [ 458114.020875883172266, 3137304.285209290217608 ], [ 458113.99024886242114, 3137303.791440807748586 ], [ 458113.963165409513749, 3137303.300241285469383 ], [ 458113.939108741527889, 3137302.810652836691588 ], [ 458113.917244305077475, 3137302.321665949188173 ], [ 458113.896467882383149, 3137301.832269513513893 ], [ 458113.875462665513624, 3137301.341500180773437 ], [ 458113.852763374394272, 3137300.848489146213979 ], [ 458113.826825238589663, 3137300.352504504844546 ], [ 458113.796095478115603, 3137299.852987484075129 ], [ 458113.759084810153581, 3137299.349581049289554 ], [ 458113.714436485955957, 3137298.8421496655792 ], [ 458113.66099042200949, 3137298.330789299681783 ], [ 458113.597840135626029, 3137297.81582713779062 ], [ 458113.5243804185302, 3137297.29781085671857 ], [ 458113.440343980677426, 3137296.777487721294165 ], [ 458113.345825657714158, 3137296.255774161312729 ], [ 458113.24129318917403, 3137295.733716895803809 ], [ 458113.127584025962278, 3137295.212447009049356 ], [ 458113.005888101470191, 3137294.69312870875001 ], [ 458112.877716983726714, 3137294.176904757507145 ], [ 458112.744860298989806, 3137293.664840738754719 ], [ 458112.609330765728373, 3137293.157870448660105 ], [ 458112.473299586737994, 3137292.656744718551636 ], [ 458112.33902429783484, 3137292.16198592633009 ], [ 458112.208771457488183, 3137291.673850297927856 ], [ 458112.08473676891299, 3137291.192299889866263 ], [ 458111.968965345760807, 3137290.716985832434148 ], [ 458111.863274863746483, 3137290.247244045138359 ], [ 458111.769184278615285, 3137289.78210421372205 ], [ 458111.687850636022631, 3137289.320312362164259 ], [ 458111.620016260480043, 3137288.860366846434772 ], [ 458111.56596828752663, 3137288.400567111559212 ], [ 458111.525512118008919, 3137287.939074064139277 ], [ 458111.49795992334839, 3137287.473980439826846 ], [ 458111.482134845398832, 3137287.003389141056687 ], [ 458111.476391018775757, 3137286.525497145019472 ], [ 458111.478649019612931, 3137286.038682311307639 ], [ 458111.48644583200803, 3137285.541590199340135 ], [ 458111.496997932146769, 3137285.033217919059098 ], [ 458111.507275644806214, 3137284.512992007192224 ], [ 458111.514086538169067, 3137283.980837433133274 ], [ 458111.514165303960908, 3137283.437235023826361 ], [ 458111.504267335403711, 3137282.883264890871942 ], [ 458111.481263068446424, 3137282.320633821189404 ], [ 458111.442230104061309, 3137281.751685051247478 ], [ 458111.38454017584445, 3137281.179389366414398 ], [ 458111.305938172212336, 3137280.607317032292485 ], [ 458111.204610661487095, 3137280.039590669330209 ], [ 458111.079241688421462, 3137279.480819779913872 ], [ 458110.929054008272942, 3137278.936018245760351 ], [ 458110.753834384260699, 3137278.410506678745151 ], [ 458110.553942076687235, 3137277.909802021924406 ], [ 458110.330300190602429, 3137277.439497258514166 ], [ 458110.084370094526093, 3137277.005134455394 ], [ 458109.818109666462988, 3137276.612074640579522 ], [ 458109.53391664166702, 3137276.265368178021163 ], [ 458109.234558816242497, 3137275.969629373867065 ], [ 458108.923093281686306, 3137275.728918973822147 ], [ 458108.60277721809689, 3137275.546638038009405 ], [ 458108.276973043917678, 3137275.425436404999346 ], [ 458107.949050899012946, 3137275.367138548288494 ], [ 458107.622291520354338, 3137275.372689167503268 ], [ 458107.299792553880252, 3137275.442120279651135 ], [ 458106.984381229791325, 3137275.574540976434946 ], [ 458106.678536119288765, 3137275.768150334246457 ], [ 458106.384320393612143, 3137276.020273310597986 ], [ 458106.103328629280441, 3137276.327418757602572 ], [ 458105.836648766417056, 3137276.685358048882335 ], [ 458105.584840332099702, 3137277.089222196489573 ], [ 458105.347929519368336, 3137277.533614785876125 ] ] ] } },
{ "type": "Feature", "properties": { "id": 29, "area_ha": 0.018400946165281859 }, "geometry": { "type": "Polygon", "coordinates": [ [ [ 457921.559302497073077, 3137306.230948638170958 ], [ 457921.336530942411628, 3137306.426590189803392 ], [ 457921.155299304751679, 3137306.633384570945054 ], [ 457921.017731520114467, 3137306.84900799067691 ], [ 457920.925084214075468, 3137307.071356505155563 ], [ 457920.877722953562625, 3137307.298585397657007 ], [ 457920.875126475701109, 3137307.529136965982616 ], [ 457920.915918579499703, 3137307.761756195686758 ], [ 457920.997926417854615, 3137307.995494265109301 ], [ 457921.118263028736692, 3137308.229700236581266 ], [ 457921.273431119276211, 3137308.464001733344048 ], [ 457921.459444394917227, 3137308.698275776114315 ], [ 457921.671962138847448, 3137308.932611283380538 ], [ 457921.906432306626812, 3137309.167265017982572 ], [ 457922.158238130155951, 3137309.402612971141934 ], [ 457922.422843127744272, 3137309.639099287800491 ], [ 457922.695929501496721, 3137309.877184906043112 ], [ 457922.973525160516147, 3137310.117298022843897 ], [ 457923.25211503735045, 3137310.359788412693888 ], [ 457923.528732939681504, 3137310.604887415189296 ], [ 457923.801030892238487, 3137310.85267517156899 ], [ 457924.067323737137485, 3137311.103056369815022 ], [ 457924.326607655792031, 3137311.355745405890048 ], [ 457924.57855221349746, 3137311.610261490568519 ], [ 457924.82346648076782, 3137311.865933816414326 ], [ 457925.062240714381915, 3137312.121916513890028 ], [ 457925.296265960903838, 3137312.377212720923126 ], [ 457925.527334733575117, 3137312.630706741474569 ], [ 457925.757526595145464, 3137312.881202947814018 ], [ 457925.989083019841928, 3137313.127469814382493 ], [ 457926.22427629242884, 3137313.368287268094718 ], [ 457926.465277419425547, 3137313.602495416533202 ], [ 457926.714028064161539, 3137313.829042651224881 ], [ 457926.972121376835275, 3137314.04703114926815 ], [ 457927.240696275839582, 3137314.255757891107351 ], [ 457927.520349258033093, 3137314.454749483149499 ], [ 457927.811067192291375, 3137314.643789306748658 ], [ 457928.112183801247738, 3137314.822935812640935 ], [ 457928.422361691249534, 3137314.992531105410308 ], [ 457928.739600876229815, 3137315.153199344407767 ], [ 457929.0612737913616, 3137315.305834872182459 ], [ 457929.384185842063744, 3137315.451580372639 ], [ 457929.704659611859825, 3137315.591795744374394 ], [ 457930.018639998859726, 3137315.728018742054701 ], [ 457930.321816787240095, 3137315.861918739508837 ], [ 457930.609760519699194, 3137315.995245256926864 ], [ 457930.878067040175665, 3137316.129773091990501 ], [ 457931.122505740902852, 3137316.267246035393327 ], [ 457931.339166384772398, 3137316.409321223385632 ], [ 457931.524599391326774, 3137316.557516159489751 ], [ 457931.675944669521414, 3137316.713160361163318 ], [ 457931.7910444487934, 3137316.877353413961828 ], [ 457931.868536084424704, 3137317.050930999219418 ], [ 457931.907921481120866, 3137317.234440164174885 ], [ 457931.909610562666785, 3137317.428124767262489 ], [ 457931.874937089334708, 3137317.631921664811671 ], [ 457931.806146058370359, 3137317.845467792823911 ], [ 457931.706352883658838, 3137318.068117909599096 ], [ 457931.579475503007416, 3137318.298972352407873 ], [ 457931.430141478020232, 3137318.536913793068379 ], [ 457931.263572990894318, 3137318.780651626642793 ], [ 457931.085453387000598, 3137319.028772343881428 ], [ 457930.901779526087921, 3137319.279793997760862 ], [ 457930.718704673286993, 3137319.532222706824541 ], [ 457930.542376967088785, 3137319.78460906073451 ], [ 457930.378778630925808, 3137320.035602260846645 ], [ 457930.233571052260231, 3137320.283999916166067 ], [ 457930.111950627993792, 3137320.528791554737836 ], [ 457930.018519891717006, 3137320.76919411867857 ], [ 457929.957177893375047, 3137321.004678017925471 ], [ 457929.931033131491859, 3137321.234982630237937 ], [ 457929.942341552930884, 3137321.460120542906225 ], [ 457929.992471272707917, 3137321.680370228365064 ], [ 457930.081894749193452, 3137321.89625727571547 ], [ 457930.21020821883576, 3137322.108524738345295 ], [ 457930.376177273225039, 3137322.31809355225414 ], [ 457930.577806589077227, 3137322.526014370378107 ], [ 457930.81243102485314, 3137322.733412495348603 ], [ 457931.076824605232105, 3137322.941427857149392 ], [ 457931.367323349229991, 3137323.151152203790843 ], [ 457931.679957479820587, 3137323.363565807230771 ], [ 457932.010588294477202, 3137323.579476021230221 ], [ 457932.355044886644464, 3137323.799460018984973 ], [ 457932.709255988127552, 3137324.023813908919692 ], [ 457933.069372449826915, 3137324.252510231453925 ], [ 457933.431876279239077, 3137324.485165575053543 ], [ 457933.793672698899172, 3137324.721019722521305 ], [ 457934.152162351296283, 3137324.958927331957966 ], [ 457934.505291536042932, 3137325.19736275728792 ], [ 457934.851579191861674, 3137325.434438143856823 ], [ 457935.190120199171361, 3137325.667934478260577 ], [ 457935.520565452054143, 3137325.895344826392829 ], [ 457935.843079991114791, 3137326.113928556442261 ], [ 457936.158281280368101, 3137326.320774951949716 ], [ 457936.467160418455023, 3137326.512874290812761 ], [ 457936.770989669952542, 3137326.687194177880883 ], [ 457937.071220174373593, 3137326.840758732054383 ], [ 457937.369374010188039, 3137326.970728097949177 ], [ 457937.666934960812796, 3137327.074475734494627 ], [ 457937.965242331789341, 3137327.149660974740982 ], [ 457938.26539201597916, 3137327.194294505286962 ], [ 457938.568148691148963, 3137327.206794623285532 ], [ 457938.873872584896162, 3137327.186032446101308 ], [ 457939.182463666540571, 3137327.131364584434777 ], [ 457939.493325444520451, 3137327.042652230709791 ], [ 457939.805349794914946, 3137326.920266032684594 ], [ 457940.116923439549282, 3137326.76507662422955 ], [ 457940.425955868209712, 3137326.578431133646518 ], [ 457940.729927685402799, 3137326.362116478383541 ], [ 457941.025957590492908, 3137326.118310668040067 ], [ 457941.310885494516697, 3137325.849523753859103 ], [ 457941.581368670158554, 3137325.558530381880701 ], [ 457941.833987338410225, 3137325.248296190518886 ], [ 457942.06535573938163, 3137324.921900469809771 ], [ 457942.272234524891246, 3137324.582457620184869 ], [ 457942.451640256913379, 3137324.233039960730821 ], [ 457942.60094789910363, 3137323.876604361925274 ], [ 457942.717982441594359, 3137323.515925038140267 ], [ 457942.801096201059408, 3137323.15353458141908 ], [ 457942.849228861625306, 3137322.791675026062876 ], [ 457942.861947958823293, 3137322.432260352186859 ], [ 457942.839468227757607, 3137322.076851431280375 ], [ 457942.782649016648065, 3137321.726643967907876 ], [ 457942.692969773430377, 3137321.382469511125237 ], [ 457942.57248442270793, 3137321.044809168670326 ], [ 457942.423756226722617, 3137320.713819188997149 ], [ 457942.249775445961859, 3137320.389367161784321 ], [ 457942.053862747212406, 3137320.071077228989452 ], [ 457941.839561833883636, 3137319.758382377680391 ], [ 457941.610525172785856, 3137319.450581653043628 ], [ 457941.370396943762898, 3137319.146899968385696 ], [ 457941.122697446553502, 3137318.84654812514782 ], [ 457940.870713142037857, 3137318.548780653625727 ], [ 457940.617396302579436, 3137318.252949204761535 ], [ 457940.3652778895339, 3137317.958549397531897 ], [ 457940.116396790603176, 3137317.665259290952235 ], [ 457939.872247945924755, 3137317.372967976611108 ], [ 457939.63375119457487, 3137317.081793182529509 ], [ 457939.401241907617077, 3137316.792087181936949 ], [ 457939.174483667127788, 3137316.504430777393281 ], [ 457938.952702435257379, 3137316.219615576323122 ], [ 457938.73464085831074, 3137315.938615227583796 ], [ 457938.518630603328347, 3137315.662546730134636 ], [ 457938.302679951128084, 3137315.392623297870159 ], [ 457938.084573300322518, 3137315.130100624635816 ], [ 457937.861978785716929, 3137314.876218639779836 ], [ 457937.632559908030089, 3137314.632141059264541 ], [ 457937.394086912914645, 3137314.398895143065602 ], [ 457937.144543654867448, 3137314.177314086351544 ], [ 457936.882225843262859, 3137313.967984416522086 ], [ 457936.605826872808393, 3137313.77120061032474 ], [ 457936.31450789765222, 3137313.586928917560726 ], [ 457936.007949381659273, 3137313.414782050997019 ], [ 457935.686382043757476, 3137313.254006060771644 ], [ 457935.350595878262538, 3137313.103480248712003 ], [ 457935.001926746510435, 3137312.961730562150478 ], [ 457934.642220876412466, 3137312.826956389471889 ], [ 457934.273778435366694, 3137312.697070225141943 ], [ 457933.899278138414957, 3137312.569749190472066 ], [ 457933.521685576415621, 3137312.442496966570616 ], [ 457933.144148583698552, 3137312.312714300584048 ], [ 457932.769883476488758, 3137312.177775921765715 ], [ 457932.402056371211074, 3137312.035111439879984 ], [ 457932.043664016353432, 3137311.882287628483027 ], [ 457931.697418635943905, 3137311.717089402489364 ], [ 457931.365641182637773, 3137311.537596809212118 ], [ 457931.050167136243545, 3137311.342255436815321 ], [ 457930.752268569660373, 3137311.129937845747918 ], [ 457930.472595650004223, 3137310.899993879720569 ], [ 457930.211140069121029, 3137310.652288065757602 ], [ 457929.967222128238063, 3137310.387222718913108 ], [ 457929.73950236174278, 3137310.105745811015368 ], [ 457929.526017707190476, 3137309.809343162924051 ], [ 457929.324241342255846, 3137309.500015019439161 ], [ 457929.131164445541799, 3137309.180237569380552 ], [ 457928.94339733175002, 3137308.852910461369902 ], [ 457928.757286686508451, 3137308.521291826851666 ], [ 457928.569045013806317, 3137308.188922711182386 ], [ 457928.374887928366661, 3137307.859543175436556 ], [ 457928.171174596704077, 3137307.537002571858466 ], [ 457927.954546465305611, 3137307.225166708696634 ], [ 457927.722059418796562, 3137306.927824686747044 ], [ 457927.471304690814577, 3137306.648598208092153 ], [ 457927.200514188734815, 3137306.390856060665101 ], [ 457926.908646397234406, 3137306.157636296004057 ], [ 457926.595449656655546, 3137305.951578367967159 ], [ 457926.261500369058922, 3137305.774867149069905 ], [ 457925.908214527473319, 3137305.629190357867628 ], [ 457925.537831866415218, 3137305.515710471197963 ], [ 457925.153372871165629, 3137305.435051734559238 ], [ 457924.758569810073823, 3137305.387302377261221 ], [ 457924.357773854397237, 3137305.372031652368605 ], [ 457923.955841176037211, 3137305.388320852536708 ], [ 457923.558001648634672, 3137305.434807009529322 ], [ 457923.169714384537656, 3137305.509737588930875 ], [ 457922.796514807909261, 3137305.611034176312387 ], [ 457922.443858267564792, 3137305.736362881027162 ], [ 457922.116965324501507, 3137305.883209018502384 ], [ 457921.820673806359991, 3137306.048953535035253 ], [ 457921.559302497073077, 3137306.230948638170958 ] ] ] } },
{ "type": "Feature", "properties": { "id": 30, "area_ha": 0.0054069614910592324 }, "geometry": { "type": "Polygon", "coordinates": [ [ [ 457743.321896735287737, 3137351.661423633806407 ], [ 457743.145890621526632, 3137351.607889369595796 ], [ 457742.970324506226461, 3137351.564143517520279 ], [ 457742.795721588248853, 3137351.529975390527397 ], [ 457742.622406731476076, 3137351.505087197758257 ], [ 457742.450525255873799, 3137351.489111662842333 ], [ 457742.280067422485445, 3137351.481630359310657 ], [ 457742.110897362406831, 3137351.48219207720831 ], [ 457741.942785069812089, 3137351.490330560132861 ], [ 457741.775439997843932, 3137351.505581004079431 ], [ 457741.608544778719079, 3137351.527494770009071 ], [ 457741.441787625139114, 3137351.555651868693531 ], [ 457741.27489206334576, 3137351.589670858345926 ], [ 457741.107642791932449, 3137351.629215924534947 ], [ 457740.939906648010947, 3137351.674001016188413 ], [ 457740.771647889749147, 3137351.723791044671088 ], [ 457740.602937256335281, 3137351.77840025164187 ], [ 457740.433954540058039, 3137351.837687974330038 ], [ 457740.264984683075454, 3137351.901552124414593 ], [ 457740.096407687582541, 3137351.969920785166323 ], [ 457739.928682889672928, 3137352.04274238506332 ], [ 457739.762328384094872, 3137352.119974969420582 ], [ 457739.597896590828896, 3137352.20157509110868 ], [ 457739.435947116930038, 3137352.287486867047846 ], [ 457739.277018181863241, 3137352.377631711773574 ], [ 457739.121597938414197, 3137352.471899231895804 ], [ 457738.97009702998912, 3137352.570139700546861 ], [ 457738.822823679598514, 3137352.672158461529762 ], [ 457738.679962509544566, 3137352.777712532319129 ], [ 457738.541558141470887, 3137352.886509572155774 ], [ 457738.407504439470358, 3137352.998209286946803 ], [ 457738.277540031645913, 3137353.112427245359868 ], [ 457738.151250493072439, 3137353.228740972932428 ], [ 457738.028077303257305, 3137353.346698109526187 ], [ 457737.907333414652385, 3137353.465826321393251 ], [ 457737.788224994495977, 3137353.585644601844251 ], [ 457737.669878644286655, 3137353.705675531178713 ], [ 457737.551373167196289, 3137353.825458033941686 ], [ 457737.431774752272759, 3137353.944560153409839 ], [ 457737.310174286481924, 3137354.062591358087957 ], [ 457737.185725394287147, 3137354.179213926196098 ], [ 457737.057681747304741, 3137354.294152978807688 ], [ 457736.925432183255907, 3137354.407204790972173 ], [ 457736.788532228500117, 3137354.518243079539388 ], [ 457736.646730724372901, 3137354.627223041839898 ], [ 457736.499990419833921, 3137354.734183002263308 ], [ 457736.348501594387926, 3137354.839243620634079 ], [ 457736.192688020004425, 3137354.942604705225676 ], [ 457736.033204842940904, 3137355.044539757072926 ], [ 457735.870928257296328, 3137355.145388462115079 ], [ 457735.706937143695541, 3137355.245547412894666 ], [ 457735.542487144935876, 3137355.345459408126771 ], [ 457735.378977935528383, 3137355.445601721294224 ], [ 457735.217914702603593, 3137355.546473754104227 ], [ 457735.060865084407851, 3137355.648584517184645 ], [ 457734.909412995621096, 3137355.752440354321152 ], [ 457734.765110903652385, 3137355.858533327933401 ], [ 457734.629432200279552, 3137355.967330616433173 ], [ 457734.503725332033355, 3137356.079265254084021 ], [ 457734.389171314425766, 3137356.194728443864733 ], [ 457734.286746155295987, 3137356.314063627272844 ], [ 457734.19718955695862, 3137356.437562396749854 ], [ 457734.120981062354986, 3137356.565462260507047 ], [ 457734.058324557554442, 3137356.697946183849126 ], [ 457734.009141758200713, 3137356.835143751464784 ], [ 457733.973074997134972, 3137356.977133727166802 ], [ 457733.949499301495962, 3137357.123947723768651 ], [ 457733.937543423264287, 3137357.275574650615454 ], [ 457733.936119163408875, 3137357.431965575553477 ], [ 457733.943958034273237, 3137357.593038621358573 ], [ 457733.959654035279527, 3137357.758683518506587 ], [ 457733.981711092288606, 3137357.92876546503976 ], [ 457734.008593533362728, 3137358.103127971291542 ], [ 457734.038777856272645, 3137358.281594428233802 ], [ 457734.070803982554935, 3137358.463968207594007 ], [ 457734.103324199153576, 3137358.650031169876456 ], [ 457734.135148059285711, 3137358.839540559798479 ], [ 457734.165281643741764, 3137359.03222434502095 ], [ 457734.1929597753915, 3137359.227775149047375 ], [ 457734.217670019017532, 3137359.425843030679971 ], [ 457734.239167583233211, 3137359.6260274220258 ], [ 457734.257480559288524, 3137359.827868624124676 ], [ 457734.272905270103365, 3137360.030839315149933 ], [ 457734.285991854092572, 3137360.234336554538459 ], [ 457734.297520555963274, 3137360.437674798537046 ], [ 457734.308469529321883, 3137360.640080439858139 ], [ 457734.319975264603272, 3137360.840688357595354 ], [ 457734.333287023939192, 3137361.03854092862457 ], [ 457734.349716886819806, 3137361.23258987814188 ], [ 457734.370587177982088, 3137361.421701279468834 ], [ 457734.397177152393851, 3137361.604663893580437 ], [ 457734.430670851841569, 3137361.780200951267034 ], [ 457734.472108018293511, 3137361.946985333226621 ], [ 457734.522339853574522, 3137362.103658000938594 ], [ 457734.581991254293825, 3137362.248849381692708 ], [ 457734.651430932455696, 3137362.381203302182257 ], [ 457734.730750561924651, 3137362.49940294213593 ], [ 457734.819753778225277, 3137362.602198177482933 ], [ 457734.917955515498761, 3137362.688433597795665 ], [ 457735.024591801513452, 3137362.757076418027282 ], [ 457735.138639761309605, 3137362.807243464514613 ], [ 457735.25884721823968, 3137362.838226397521794 ], [ 457735.383770934538916, 3137362.849514348898083 ], [ 457735.511822223721538, 3137362.840813189744949 ], [ 457735.64131839532638, 3137362.812060717493296 ], [ 457735.770538276352454, 3137362.763437137007713 ], [ 457735.897779895574786, 3137362.695370338391513 ], [ 457736.021418327116407, 3137362.608535603620112 ], [ 457736.139961668697651, 3137362.503849527798593 ], [ 457736.252103179343976, 3137362.382458119187504 ], [ 457736.356767721066717, 3137362.245719195809215 ], [ 457736.45315083512105, 3137362.095179386902601 ], [ 457736.540749026869889, 3137361.93254619743675 ], [ 457736.619380130548961, 3137361.759655773639679 ], [ 457736.689192962076049, 3137361.578437129035592 ], [ 457736.750665834464598, 3137361.390873722266406 ], [ 457736.804593895154539, 3137361.198963372968137 ], [ 457736.852065631130245, 3137361.004677570890635 ], [ 457736.894429264997598, 3137360.809921262785792 ], [ 457736.933250120608136, 3137360.616494214627892 ], [ 457736.970260353642516, 3137360.426055005285889 ], [ 457737.007302716141567, 3137360.240088663529605 ], [ 457737.04627023806097, 3137360.059878832660615 ], [ 457737.089043860847596, 3137359.886485263705254 ], [ 457737.137430138071068, 3137359.72072724904865 ], [ 457737.193101128563285, 3137359.563173474278301 ], [ 457737.257538539823145, 3137359.414138542488217 ], [ 457737.331984046206344, 3137359.273686269763857 ], [ 457737.41739749989938, 3137359.141639614012092 ], [ 457737.514424490975216, 3137359.017596924677491 ], [ 457737.62337439780822, 3137358.900954006705433 ], [ 457737.744209713011514, 3137358.790931312832981 ], [ 457737.876547047344502, 3137358.686605434864759 ], [ 457738.019669813977089, 3137358.58694392349571 ], [ 457738.172552196832839, 3137358.490842384286225 ], [ 457738.333893617033027, 3137358.397162716835737 ], [ 457738.502162550634239, 3137358.304771341383457 ], [ 457738.675648225995246, 3137358.212576263584197 ], [ 457738.852518455591053, 3137358.119561863597482 ], [ 457739.030881641607266, 3137358.024820381775498 ], [ 457739.208850845228881, 3137357.927579167298973 ], [ 457739.384607734624296, 3137357.827222910709679 ], [ 457739.556464222085197, 3137357.72331023029983 ], [ 457739.722919675754383, 3137357.615584165323526 ], [ 457739.882711734389886, 3137357.503976333886385 ], [ 457740.034858967526816, 3137357.388604699168354 ], [ 457740.178693895111792, 3137357.269765103701502 ], [ 457740.313885205425322, 3137357.147916920017451 ], [ 457740.440448373090476, 3137357.023663354571909 ], [ 457740.558744270179886, 3137356.897727105766535 ], [ 457740.669465769606177, 3137356.770922223106027 ], [ 457740.773612744989805, 3137356.644123125821352 ], [ 457740.872456263401546, 3137356.518231826368719 ], [ 457740.967493133386597, 3137356.394144454970956 ], [ 457741.060392296349164, 3137356.272718186024576 ], [ 457741.152934824873228, 3137356.15473966486752 ], [ 457741.24694950808771, 3137356.04089595284313 ], [ 457741.344246153021231, 3137355.931748942006379 ], [ 457741.446548809064552, 3137355.827714054379612 ], [ 457741.555431123822927, 3137355.729043907020241 ], [ 457741.672255969897378, 3137355.635817453730851 ], [ 457741.798121337313205, 3137355.547934935893863 ], [ 457741.933814278047066, 3137355.46511877886951 ], [ 457742.079774420824833, 3137355.38692038692534 ], [ 457742.236068254744168, 3137355.312732593156397 ], [ 457742.402375024976209, 3137355.241807342041284 ], [ 457742.577984697767533, 3137355.173278015106916 ], [ 457742.761808057606686, 3137355.106185671407729 ], [ 457742.952398598543368, 3137355.039508349727839 ], [ 457743.147985492483713, 3137354.972192490007728 ], [ 457743.346516555815469, 3137354.903185474220663 ], [ 457743.545709819998592, 3137354.831468257121742 ], [ 457743.743112040916458, 3137354.75608706753701 ], [ 457743.93616226920858, 3137354.676183200441301 ], [ 457744.122258455958217, 3137354.591019989456981 ], [ 457744.298824991332367, 3137354.500006154645234 ], [ 457744.463379062479362, 3137354.402714836411178 ], [ 457744.613593783229589, 3137354.298897780478001 ], [ 457744.747356176492758, 3137354.188494298607111 ], [ 457744.862818283843808, 3137354.071634790394455 ], [ 457744.958439926209394, 3137353.948638800065964 ], [ 457745.033021933457348, 3137353.820007748436183 ], [ 457745.085728991136421, 3137353.686412644106895 ], [ 457745.116101607854944, 3137353.548677232116461 ], [ 457745.12405707128346, 3137353.407757178414613 ], [ 457745.1098796260776, 3137353.264715997036546 ], [ 457745.07420045719482, 3137353.120698511134833 ], [ 457745.017968386120629, 3137352.976902708876878 ], [ 457744.942412476637401, 3137352.834550884086639 ], [ 457744.848997986933682, 3137352.694860937539488 ], [ 457744.739377293910366, 3137352.559018714819103 ], [ 457744.61533754208358, 3137352.428152175620198 ], [ 457744.478746835375205, 3137352.303308115806431 ], [ 457744.331500788626727, 3137352.185432070400566 ], [ 457744.175471193389967, 3137352.075351889245212 ], [ 457744.012458427809179, 3137351.97376534761861 ], [ 457743.844149061071221, 3137351.881232016719878 ], [ 457743.672079877520446, 3137351.798169460613281 ], [ 457743.497609279758763, 3137351.72485368559137 ], [ 457743.321896735287737, 3137351.661423633806407 ] ] ] } },
{ "type": "Feature", "properties": { "id": 31, "area_ha": 0.20272294084685913 }, "geometry": { "type": "Polygon", "coordinates": [ [ [ 458177.152176730567589, 3137350.193146106321365 ], [ 458175.790362429397646, 3137350.272323760204017 ], [ 458174.438507501152344, 3137350.351026041433215 ], [ 458173.125873312412295, 3137350.427860334515572 ], [ 458171.87491345196031, 3137350.506181648466736 ], [ 458170.696737108170055, 3137350.592860379721969 ], [ 458169.588571733795106, 3137350.696218201890588 ], [ 458168.533756415534299, 3137350.823639359325171 ], [ 458167.504358787671663, 3137350.979466013144702 ], [ 458166.46604646492051, 3137351.163746892474592 ], [ 458165.384439613961149, 3137351.37223068298772 ], [ 458164.231895888864528, 3137351.597712612710893 ], [ 458162.993581928138155, 3137351.832512857858092 ], [ 458161.671785414917395, 3137352.071560549084097 ], [ 458160.287702392553911, 3137352.315347826573998 ], [ 458158.880348381237127, 3137352.571958720684052 ], [ 458157.502717626921367, 3137352.857492945156991 ], [ 458156.215770299837459, 3137353.194484545383602 ], [ 458155.081183883594349, 3137353.60831376677379 ], [ 458154.154001003713347, 3137354.1220532967709 ], [ 458153.476308383513242, 3137354.750588396098465 ], [ 458153.072891415096819, 3137355.495118284597993 ], [ 458152.949460705160163, 3137356.339217411354184 ], [ 458153.093603181361686, 3137357.247478527016938 ], [ 458153.47814958676463, 3137358.16738617233932 ], [ 458154.066253439639695, 3137359.034533854108304 ], [ 458154.81721269042464, 3137359.780690329615027 ], [ 458155.691978960530832, 3137360.343649357557297 ], [ 458156.657402879267465, 3137360.67737229866907 ], [ 458157.688536031055264, 3137360.760742609854788 ], [ 458158.768698771717027, 3137360.603345901705325 ], [ 458159.887456594151445, 3137360.247069539036602 ], [ 458161.037046388024464, 3137359.762930739205331 ], [ 458162.208085441438016, 3137359.243295847438276 ], [ 458163.385528037440963, 3137358.790421058423817 ], [ 458164.545784046582412, 3137358.502893732395023 ], [ 458165.655691398482304, 3137358.461966937873513 ], [ 458166.673681384243537, 3137358.719878537580371 ], [ 458167.553057580604218, 3137359.292002907022834 ], [ 458168.246902566403151, 3137360.154129581060261 ], [ 458168.713805935694836, 3137361.245384403970093 ], [ 458168.923430978960823, 3137362.476430887822062 ], [ 458168.860938060912304, 3137363.741757289972156 ], [ 458168.529460405115969, 3137364.93420719448477 ], [ 458167.950151044118684, 3137365.959556807298213 ], [ 458167.159730424638838, 3137366.748940377961844 ], [ 458166.205889404343907, 3137367.267276293598115 ], [ 458165.141266679216642, 3137367.516491045709699 ], [ 458164.016958869236987, 3137367.533167987596244 ], [ 458162.876594021392521, 3137367.381124093662947 ], [ 458161.751893516804557, 3137367.14019608637318 ], [ 458160.66038330795709, 3137366.893071786966175 ], [ 458159.605540867079981, 3137366.712247731164098 ], [ 458158.579245962260757, 3137366.649098596069962 ], [ 458157.566015037649777, 3137366.726634622551501 ], [ 458156.548207904328592, 3137366.936878844164312 ], [ 458155.511250857554842, 3137367.243032424710691 ], [ 458154.447944856248796, 3137367.58584520407021 ], [ 458153.361113507824484, 3137367.892993334680796 ], [ 458152.264157509140205, 3137368.089881316758692 ], [ 458151.179462688916828, 3137368.110181980766356 ], [ 458150.134989804995712, 3137367.904603984672576 ], [ 458149.15968909842195, 3137367.446782626677305 ], [ 458148.278577770339325, 3137366.735739452764392 ], [ 458147.508362811233383, 3137365.794943101704121 ], [ 458146.854381031822413, 3137364.668522839434445 ], [ 458146.309386040840764, 3137363.415552464313805 ], [ 458145.854384018864948, 3137362.103485621046275 ], [ 458145.46136588481022, 3137360.801776117179543 ], [ 458145.097465071943589, 3137359.576491459738463 ], [ 458144.729841590393335, 3137358.486389082390815 ], [ 458144.330490788794123, 3137357.580554150044918 ], [ 458143.880212323623709, 3137356.897376097738743 ], [ 458143.371139576251153, 3137356.464431795291603 ], [ 458142.807488586753607, 3137356.298780340701342 ], [ 458142.204489978670608, 3137356.407256708946079 ], [ 458141.58576301363064, 3137356.786544176284224 ], [ 458140.979627639055252, 3137357.423049651551992 ], [ 458140.414990783669055, 3137358.292832367587835 ], [ 458139.917468703817576, 3137359.361981117166579 ], [ 458139.506320558371954, 3137360.587854825425893 ], [ 458139.192591891565826, 3137361.92148261051625 ], [ 458138.978637120511848, 3137363.31118328589946 ], [ 458138.858951299393084, 3137364.707161121070385 ], [ 458138.822035839315504, 3137366.066534499172121 ], [ 458138.852883971470874, 3137367.358031057287008 ], [ 458138.935618396091741, 3137368.565498797688633 ], [ 458139.055847491195891, 3137369.689472762867808 ], [ 458139.202413075428922, 3137370.746300525963306 ], [ 458139.368355032347608, 3137371.764728458132595 ], [ 458139.551082712307107, 3137372.780314200092107 ], [ 458139.751887049758807, 3137373.828469634056091 ], [ 458139.975024785497226, 3137374.937262078747153 ], [ 458140.22664266708307, 3137376.121235607657582 ], [ 458140.513784284237772, 3137377.377418470568955 ], [ 458140.843647463945672, 3137378.684358864091337 ], [ 458141.223157651547808, 3137380.004526995122433 ], [ 458141.658818624098785, 3137381.28982172627002 ], [ 458142.156721009174362, 3137382.489333705510944 ], [ 458142.72254954528762, 3137383.558055523317307 ], [ 458143.361439600645099, 3137384.464986886829138 ], [ 458144.077588242827915, 3137385.199115750845522 ], [ 458144.873610673646908, 3137385.772072168067098 ], [ 458145.749727524525952, 3137386.216804738622159 ], [ 458146.702948527585249, 3137386.58232800103724 ], [ 458147.726462656632066, 3137386.925310025922954 ], [ 458148.809440881188493, 3137387.299880923703313 ], [ 458149.937402754672803, 3137387.747428277973086 ], [ 458151.093201086448971, 3137388.288225438445807 ], [ 458152.25855852215318, 3137388.916487246751785 ], [ 458153.415970496134833, 3137389.599898993037641 ], [ 458154.550696133635938, 3137390.283907437231392 ], [ 458155.652513280685525, 3137390.900227214675397 ], [ 458156.716928073961753, 3137391.378249592147768 ], [ 458157.745603888528422, 3137391.657482445705682 ], [ 458158.745897665037774, 3137391.698905670549721 ], [ 458159.72954203595873, 3137391.493246509693563 ], [ 458160.710661847726442, 3137391.064651871100068 ], [ 458161.703435365285259, 3137390.468983907718211 ], [ 458162.719780121813528, 3137389.78686488000676 ], [ 458163.767446852754802, 3137389.112492592539638 ], [ 458164.848840223799925, 3137388.53998225973919 ], [ 458165.960762829403393, 3137388.149434419814497 ], [ 458167.095120677608065, 3137387.995001341681927 ], [ 458168.240462387446314, 3137388.096910352353007 ], [ 458169.384080417337827, 3137388.438753565773368 ], [ 458170.514306619064882, 3137388.970480168238282 ], [ 458171.622603261261247, 3137389.616579856723547 ], [ 458172.705089505587239, 3137390.288087310735136 ], [ 458173.763244547415525, 3137390.896415040828288 ], [ 458174.80367349262815, 3137391.366741353645921 ], [ 458175.836984250985552, 3137391.648786974605173 ], [ 458176.875974412250798, 3137391.723285987041891 ], [ 458177.933440113614779, 3137391.603208476211876 ], [ 458179.019975638890173, 3137391.329690418206155 ], [ 458180.142124845704529, 3137390.963513835798949 ], [ 458181.301177167333663, 3137390.573704301845282 ], [ 458182.492786149960011, 3137390.225251885596663 ], [ 458183.70744909113273, 3137389.968046017922461 ], [ 458184.931747392460238, 3137389.828838486690074 ], [ 458186.150132260401733, 3137389.807469157502055 ], [ 458187.346967199468054, 3137389.877815323416144 ], [ 458188.508516529167537, 3137389.99309845874086 ], [ 458189.624597402173094, 3137390.094447971321642 ], [ 458190.689682140771765, 3137390.121106070000678 ], [ 458191.703332428704016, 3137390.020444489084184 ], [ 458192.669948505994398, 3137389.756079559214413 ], [ 458193.597907592135016, 3137389.312784528359771 ], [ 458194.4982332396321, 3137388.69752263603732 ], [ 458195.382974584586918, 3137387.936641533859074 ], [ 458196.263481876987498, 3137387.069947085808963 ], [ 458197.148748514475301, 3137386.142892086878419 ], [ 458198.043959906732198, 3137385.198386165313423 ], [ 458198.949356317461934, 3137384.269718389958143 ], [ 458199.859488516522106, 3137383.375798795837909 ], [ 458200.762925405870192, 3137382.519433190580457 ], [ 458201.642460365605075, 3137381.688746729400009 ], [ 458202.475852038129233, 3137380.861281293444335 ], [ 458203.237117353768554, 3137380.009819038212299 ], [ 458203.898361985338852, 3137379.108712581451982 ], [ 458204.432081743318122, 3137378.139473479706794 ], [ 458204.813799160881899, 3137377.094579632394016 ], [ 458205.024820944294333, 3137375.978859340772033 ], [ 458205.054828503634781, 3137374.808311313856393 ], [ 458204.903963522752747, 3137373.606725877150893 ], [ 458204.584061489324085, 3137372.400885708164424 ], [ 458204.118731830909383, 3137371.215368920005858 ], [ 458203.542088844347745, 3137370.068012591451406 ], [ 458202.896096796903294, 3137368.966922160703689 ], [ 458202.226687372021843, 3137367.909572822973132 ], [ 458201.579009867215063, 3137366.884115362074226 ], [ 458200.992350098968018, 3137365.872558762785047 ], [ 458200.495368556235917, 3137364.85514173656702 ], [ 458200.102334172814153, 3137363.814992676489055 ], [ 458199.810951863939408, 3137362.7421492068097 ], [ 458199.602201167610474, 3137361.636163670569658 ], [ 458199.442339679400902, 3137360.506822891999036 ], [ 458199.286914626776706, 3137359.372894941829145 ], [ 458199.08631641510874, 3137358.259203802328557 ], [ 458198.792150605353527, 3137357.192647994030267 ], [ 458198.363545772852376, 3137356.197961491998285 ], [ 458197.772486635250971, 3137355.294033089652658 ], [ 458197.007376980676781, 3137354.491456036455929 ], [ 458196.074283781985287, 3137353.791707854252309 ], [ 458194.995657862804364, 3137353.188019835855812 ], [ 458193.806714717298746, 3137352.667657875455916 ], [ 458192.550028770929202, 3137352.215069232974201 ], [ 458191.269183266267646, 3137351.815205301623791 ], [ 458190.002475299406797, 3137351.456333634909242 ], [ 458188.777671299350914, 3137351.13179735140875 ], [ 458187.608639199635945, 3137350.840431604534388 ], [ 458186.494374661822803, 3137350.585648824460804 ], [ 458185.420539702463429, 3137350.37349161459133 ], [ 458184.363209427741822, 3137350.210163994226605 ], [ 458183.294148359098472, 3137350.099644896108657 ], [ 458182.186677196121309, 3137350.041945351753384 ], [ 458181.021090469730552, 3137350.032404991332442 ], [ 458179.788664949941449, 3137350.062173027079552 ], [ 458178.493546361045446, 3137350.11974045727402 ], [ 458177.152176730567589, 3137350.193146106321365 ] ] ] } },
{ "type": "Feature", "properties": { "id": 32, "area_ha": 0.10032141982250943 }, "geometry": { "type": "Polygon", "coordinates": [ [ [ 458106.245626410644036, 3137363.245475089177489 ], [ 458105.609067255747505, 3137363.776186688803136 ], [ 458104.976472666254267, 3137364.321420575957745 ], [ 458104.345639636507258, 3137364.857200355269015 ], [ 458103.712003645836376, 3137365.363516435492784 ], [ 458103.069467169756535, 3137365.825453281402588 ], [ 458102.411403657402843, 3137366.233918232377619 ], [ 458101.731737779104151, 3137366.585932599380612 ], [ 458101.025993204209954, 3137366.884480277542025 ], [ 458100.292199717951007, 3137367.137942740693688 ], [ 458099.531562329735607, 3137367.35917926998809 ], [ 458098.748815390048549, 3137367.564335387200117 ], [ 458097.952212944568601, 3137367.771478972397745 ], [ 458097.15314016706543, 3137367.999171500559896 ], [ 458096.365366717334837, 3137368.265081007499248 ], [ 458095.603997962723952, 3137368.584734349977225 ], [ 458094.884210898540914, 3137368.97049023816362 ], [ 458094.219885317375883, 3137369.430793133098632 ], [ 458093.622254937596153, 3137369.969743492547423 ], [ 458093.098706255725119, 3137370.586994187906384 ], [ 458092.65184427134227, 3137371.277958400547504 ], [ 458092.278924452781212, 3137372.034292770083994 ], [ 458091.971720890665893, 3137372.844602541066706 ], [ 458091.71686397556914, 3137373.69530391972512 ], [ 458091.496640275348909, 3137374.571573189925402 ], [ 458091.290206157194916, 3137375.458312306087464 ], [ 458091.075128779106308, 3137376.341065973043442 ], [ 458090.829136820859276, 3137377.206834736280143 ], [ 458090.531941661494784, 3137378.044740994460881 ], [ 458090.16697972570546, 3137378.846518812235445 ], [ 458089.722929519775789, 3137379.60681258700788 ], [ 458089.194872410502285, 3137380.323282863013446 ], [ 458088.584993297059555, 3137380.996528981253505 ], [ 458087.90275378205115, 3137381.629847235046327 ], [ 458087.164513184397947, 3137382.228849530220032 ], [ 458086.392618114768993, 3137382.800971336662769 ], [ 458085.614025428716559, 3137383.354899290017784 ], [ 458084.858562361740042, 3137383.899948717560619 ], [ 458084.156958119594492, 3137384.445420203264803 ], [ 458083.538800481357612, 3137384.999962684232742 ], [ 458083.03057736356277, 3137385.570968902204186 ], [ 458082.653956217633095, 3137386.164027637336403 ], [ 458082.424434191780165, 3137386.782456076238304 ], [ 458082.350460907735396, 3137387.426934700924903 ], [ 458082.433096183580346, 3137388.095265933778137 ], [ 458082.666220508166589, 3137388.782275907229632 ], [ 458083.037270392873324, 3137389.479875645600259 ], [ 458083.528427834156901, 3137390.177293180953711 ], [ 458084.118156688113231, 3137390.861481400672346 ], [ 458084.78295186086325, 3137391.517697658389807 ], [ 458085.499152087024413, 3137392.130240622907877 ], [ 458086.244664862402715, 3137392.683318051043898 ], [ 458087.000462853524368, 3137393.162007006350905 ], [ 458087.75173370714765, 3137393.553256551735103 ], [ 458088.488597496121656, 3137393.846873410511762 ], [ 458089.20634510263335, 3137394.036424663383514 ], [ 458089.905193141836207, 3137394.119989414233714 ], [ 458090.589592831442133, 3137394.10069427639246 ], [ 458091.26716786774341, 3137393.986975994426757 ], [ 458091.947386681160424, 3137393.792528484947979 ], [ 458092.640094894682989, 3137393.535910451319069 ], [ 458093.354042830702383, 3137393.23981244629249 ], [ 458094.095539955538698, 3137392.930007249582559 ], [ 458094.86735375871649, 3137392.634032759815454 ], [ 458095.66794627381023, 3137392.37968017347157 ], [ 458096.491109647322446, 3137392.193379884120077 ], [ 458097.326025852700695, 3137392.098591309040785 ], [ 458098.157738157140557, 3137392.114309226162732 ], [ 458098.967986634874251, 3137392.253797037061304 ], [ 458099.73632994707441, 3137392.523646448738873 ], [ 458100.44145329867024, 3137392.923243668396026 ], [ 458101.06254967476707, 3137393.444695550948381 ], [ 458101.580659002473112, 3137394.073237042408437 ], [ 458101.979857649130281, 3137394.788106142543256 ], [ 458102.24820761353476, 3137395.563837182708085 ], [ 458102.378399043111131, 3137396.371890440583229 ], [ 458102.368048863252625, 3137397.182508726138622 ], [ 458102.219649507373106, 3137397.966672020964324 ], [ 458101.940192080743145, 3137398.698011341039091 ], [ 458101.540515034284908, 3137399.354543796740472 ], [ 458101.034450270351954, 3137399.92010251712054 ], [ 458100.437851870490704, 3137400.385356917977333 ], [ 458099.767597426078282, 3137400.748349152039737 ], [ 458099.040648190886714, 3137401.014509057160467 ], [ 458098.273242689901963, 3137401.196149615570903 ], [ 458097.480280466785189, 3137401.311484622303396 ], [ 458096.674930325651076, 3137401.383246621582657 ], [ 458095.868473067763261, 3137401.437013227958232 ], [ 458095.070364788058214, 3137401.499371194280684 ], [ 458094.288485595374368, 3137401.596058257855475 ], [ 458093.529522112163249, 3137401.750222056638449 ], [ 458092.799421731731854, 3137401.98092338303104 ], [ 458092.103853124601301, 3137402.301988832186908 ], [ 458091.448610968014691, 3137402.721287466585636 ], [ 458090.839912682189606, 3137403.24047018494457 ], [ 458090.284549858304672, 3137403.855172091163695 ], [ 458089.78987534501357, 3137404.555640738457441 ], [ 458089.363626624690369, 3137405.32771975453943 ], [ 458089.013605086714961, 3137406.154090943280607 ], [ 458088.747247147723101, 3137407.015660548582673 ], [ 458088.571135257312562, 3137407.892968375235796 ], [ 458088.490503520588391, 3137408.767502152826637 ], [ 458088.508793400018476, 3137409.622813409660012 ], [ 458088.627309782605153, 3137410.445353587623686 ], [ 458088.845017280196771, 3137411.224978006910533 ], [ 458089.158502138510812, 3137411.955097760539502 ], [ 458089.562108143465593, 3137412.632492602337152 ], [ 458090.048237213981338, 3137413.256828395649791 ], [ 458090.60778879042482, 3137413.829947928432375 ], [ 458091.230698345578276, 3137414.35502170259133 ], [ 458091.906525720958598, 3137414.83565420890227 ], [ 458092.625039448728785, 3137415.275040646083653 ], [ 458093.376744134060573, 3137415.675259342417121 ], [ 458094.153304184321314, 3137416.036767497193068 ], [ 458094.947827962925658, 3137416.358144209720194 ], [ 458095.754990673332941, 3137416.636097572278231 ], [ 458096.570990459877066, 3137416.865724609233439 ], [ 458097.39334869600134, 3137417.040986842475832 ], [ 458098.22058057464892, 3137417.155342792160809 ], [ 458099.051774428167846, 3137417.202463776338845 ], [ 458099.886126520752441, 3137417.176952336449176 ], [ 458100.722481616598088, 3137417.074984038714319 ], [ 458101.558928176236805, 3137416.894802936352789 ], [ 458102.392490809957962, 3137416.637017565779388 ], [ 458103.218952334369533, 3137416.30466615408659 ], [ 458104.032824535679538, 3137415.90304444078356 ], [ 458104.827471905737184, 3137415.439314614515752 ], [ 458105.595377679273952, 3137414.921936734579504 ], [ 458106.328527923382353, 3137414.359982354566455 ], [ 458107.018878501083236, 3137413.762401999440044 ], [ 458107.658862440381199, 3137413.137322570662946 ], [ 458108.241892185295001, 3137412.491447160951793 ], [ 458108.762812542787287, 3137411.829618667252362 ], [ 458109.218265586765483, 3137411.154591090045869 ], [ 458109.606937653792556, 3137410.467030404135585 ], [ 458109.929669861856382, 3137409.765742584597319 ], [ 458110.189426104188897, 3137409.048102381639183 ], [ 458110.391124934249092, 3137408.310635147150606 ], [ 458110.541352952830493, 3137407.549687702674419 ], [ 458110.647986207972281, 3137406.76211458677426 ], [ 458110.719751976197585, 3137405.945904017426074 ], [ 458110.765765726100653, 3137405.100673868786544 ], [ 458110.795077060174663, 3137404.227981249801815 ], [ 458110.816254345409106, 3137403.331408610101789 ], [ 458110.837031245348044, 3137402.416412726975977 ], [ 458110.864030345808715, 3137401.489948050584644 ], [ 458110.90257052652305, 3137400.559900145046413 ], [ 458110.956556677585468, 3137399.634385849814862 ], [ 458111.02844366786303, 3137398.720992094837129 ], [ 458111.119261812826153, 3137397.826033386867493 ], [ 458111.228688829636667, 3137396.953907932620496 ], [ 458111.35515346180182, 3137396.106624011415988 ], [ 458111.495958331506699, 3137395.283552301116288 ], [ 458111.647413577884436, 3137394.481437888462096 ], [ 458111.804977705993224, 3137393.69467974640429 ], [ 458111.963406942319125, 3137392.915858128108084 ], [ 458112.116918397543486, 3137392.136464308947325 ], [ 458112.259374744666275, 3137391.347765083890408 ], [ 458112.384498396888375, 3137390.541718659922481 ], [ 458112.486121088848449, 3137389.711850798688829 ], [ 458112.558470422634855, 3137388.854001224040985 ], [ 458112.596488772367593, 3137387.966860486660153 ], [ 458112.59617267473368, 3137387.052235868759453 ], [ 458112.554913407249842, 3137386.115009914152324 ], [ 458112.471812930714805, 3137385.162784480024129 ], [ 458112.347944778448436, 3137384.205234043765813 ], [ 458112.186527714075055, 3137383.253221443388611 ], [ 458111.992981685034465, 3137382.317754351999611 ], [ 458111.77484104631003, 3137381.408879099879414 ], [ 458111.541509089060128, 3137380.534618006553501 ], [ 458111.303850012365729, 3137379.700056089553982 ], [ 458111.073628663260024, 3137378.906672630924731 ], [ 458110.862823362753261, 3137378.151993378531188 ], [ 458110.682851450168528, 3137377.429611754138023 ], [ 458110.543759282911196, 3137376.729594743344933 ], [ 458110.45343689317815, 3137376.039254036266357 ], [ 458110.416921160416678, 3137375.34422871703282 ], [ 458110.435849449597299, 3137374.629795471671969 ], [ 458110.508117931778543, 3137373.882298804819584 ], [ 458110.627785551187117, 3137373.090579342562705 ], [ 458110.785246709478088, 3137372.24727446725592 ], [ 458110.967674578947481, 3137371.34987273812294 ], [ 458111.159714321955107, 3137370.401421427261084 ], [ 458111.344383400282823, 3137369.410813507158309 ], [ 458111.504116696421988, 3137368.392614389304072 ], [ 458111.621879268437624, 3137367.3664266820997 ], [ 458111.682260824425612, 3137366.355829951819032 ], [ 458111.672464512928855, 3137365.386968558188528 ], [ 458111.583108832128346, 3137364.48689099540934 ], [ 458111.408775106363464, 3137363.681766082532704 ], [ 458111.1482530895737, 3137362.995112983975559 ], [ 458110.804462222615257, 3137362.446182309649885 ], [ 458110.384053763002157, 3137362.048614492174238 ], [ 458109.896726961771492, 3137361.8094801469706 ], [ 458109.354318124649581, 3137361.728777101729065 ], [ 458108.769742320873775, 3137361.799422765616328 ], [ 458108.155881638405845, 3137362.007741555571556 ], [ 458107.524519733851776, 3137362.334408508148044 ], [ 458106.885419236845337, 3137362.755775153636932 ], [ 458106.245626410644036, 3137363.245475089177489 ] ] ] } },
{ "type": "Feature", "properties": { "id": 33, "area_ha": 0.0075962757262011561 }, "geometry": { "type": "Polygon", "coordinates": [ [ [ 458152.350134116131812, 3137645.50989711470902 ], [ 458152.359415934595745, 3137645.710449145175517 ], [ 458152.370674219448119, 3137645.921681317035109 ], [ 458152.382261003949679, 3137646.141417515929788 ], [ 458152.392627020075452, 3137646.367492234800011 ], [ 458152.400362515763845, 3137646.597805201541632 ], [ 458152.404233763983939, 3137646.830372548196465 ], [ 458152.403214268793818, 3137647.063372877892107 ], [ 458152.396509846090339, 3137647.295186789240688 ], [ 458152.383576954947785, 3137647.524428642354906 ], [ 458152.364133868715726, 3137647.749969628639519 ], [ 458152.338164497981779, 3137647.970951516646892 ], [ 458152.305914902186487, 3137648.186790772713721 ], [ 458152.267882745945826, 3137648.397173095028847 ], [ 458152.224800163996406, 3137648.602038730867207 ], [ 458152.177610684360843, 3137648.801559278275818 ], [ 458152.127441025862936, 3137648.996106952894479 ], [ 458152.07556871662382, 3137649.186217575799674 ], [ 458152.023386582848616, 3137649.372548740822822 ], [ 458151.972365221125074, 3137649.555834780912846 ], [ 458151.924014593882021, 3137649.736840263474733 ], [ 458151.879845880146604, 3137649.916313769761473 ], [ 458151.841334665659815, 3137650.094943702686578 ], [ 458151.809886478295084, 3137650.273317774757743 ], [ 458151.786805566167459, 3137650.451887678354979 ], [ 458151.773267679207493, 3137650.630940247792751 ], [ 458151.770297462528106, 3137650.81057617161423 ], [ 458151.778750897501595, 3137650.990697024855763 ], [ 458151.79930305207381, 3137651.171001091133803 ], [ 458151.832441220001783, 3137651.350988097023219 ], [ 458151.87846335460199, 3137651.529972666874528 ], [ 458151.937481537519488, 3137651.707105963490903 ], [ 458152.009430074540433, 3137651.881404693704098 ], [ 458152.094077681133058, 3137652.05178635334596 ], [ 458152.191043115803041, 3137652.217109386343509 ], [ 458152.299813544028439, 3137652.376216711010784 ], [ 458152.419764864491299, 3137652.527980963233858 ], [ 458152.550183214014396, 3137652.671349719166756 ], [ 458152.690286875586025, 3137652.805388960521668 ], [ 458152.839247854193673, 3137652.92932310141623 ], [ 458152.996212449157611, 3137653.042570009361953 ], [ 458153.160320236056577, 3137653.144769635051489 ], [ 458153.330720976984594, 3137653.235805091448128 ], [ 458153.506589093361981, 3137653.315815281588584 ], [ 458153.687135460786521, 3137653.385198499076068 ], [ 458153.871616414398886, 3137653.444606731645763 ], [ 458154.059339975996409, 3137653.494930746033788 ], [ 458154.249669435608666, 3137653.537276368122548 ], [ 458154.442024523217697, 3137653.57293268898502 ], [ 458154.635880497982726, 3137653.603333235252649 ], [ 458154.830765552993398, 3137653.630011397879571 ], [ 458155.026256981131155, 3137653.65455162897706 ], [ 458155.221976576023735, 3137653.678538091015071 ], [ 458155.417585741262883, 3137653.703502537216991 ], [ 458155.612780761497561, 3137653.730873243883252 ], [ 458155.807288646756206, 3137653.761926804669201 ], [ 458156.000863896217197, 3137653.797744494397193 ], [ 458156.193286452034954, 3137653.839174767024815 ], [ 458156.384361020172946, 3137653.886803253088146 ], [ 458156.573917836765759, 3137653.940931356977671 ], [ 458156.761814855388366, 3137654.001564267557114 ], [ 458156.947941227641422, 3137654.068408865481615 ], [ 458157.132221854524687, 3137654.140881673898548 ], [ 458157.314622699341271, 3137654.21812663692981 ], [ 458157.495156481978483, 3137654.299042181111872 ], [ 458157.673888320277911, 3137654.382316677831113 ], [ 458157.85094085149467, 3137654.466471126303077 ], [ 458158.026498355844524, 3137654.549907636363059 ], [ 458158.200809417350683, 3137654.630962058436126 ], [ 458158.374187692184933, 3137654.707958979532123 ], [ 458158.547010413953103, 3137654.779267202597111 ], [ 458158.719714343489613, 3137654.843353806994855 ], [ 458158.892788967350498, 3137654.898834934458137 ], [ 458159.066766858566552, 3137654.944521550089121 ], [ 458159.242211233649869, 3137654.979458594229072 ], [ 458159.419700864411425, 3137655.002956178039312 ], [ 458159.599812627828214, 3137655.014611733611673 ], [ 458159.783102096291259, 3137655.01432235352695 ], [ 458159.970082680752967, 3137655.002286886330694 ], [ 458160.16120393195888, 3137654.978997709229589 ], [ 458160.356829681841191, 3137654.945222458802164 ], [ 458160.55721675750101, 3137654.901976350694895 ], [ 458160.762495028029662, 3137654.850486035924405 ], [ 458160.972649542905856, 3137654.792146249674261 ], [ 458161.187505489913747, 3137654.7284707413055 ], [ 458161.406716645986307, 3137654.661039195023477 ], [ 458161.629757905262522, 3137654.591441966127604 ], [ 458161.855922363582067, 3137654.521224548574537 ], [ 458162.084323304356076, 3137654.45183369750157 ], [ 458162.313901285349857, 3137654.384567069355398 ], [ 458162.543436363281216, 3137654.320528116542846 ], [ 458162.7715653279447, 3137654.260587801225483 ], [ 458162.996803646441549, 3137654.205354447942227 ], [ 458163.217571658256929, 3137654.155152775812894 ], [ 458163.432224404416047, 3137654.11001282883808 ], [ 458163.639084342168644, 3137654.069669188465923 ], [ 458163.836476077558473, 3137654.033570489380509 ], [ 458164.022762163600419, 3137654.000898902770132 ], [ 458164.196378948981874, 3137653.970598919317126 ], [ 458164.355871438514441, 3137653.941414427943528 ], [ 458164.499926131858956, 3137653.911932817660272 ], [ 458164.627400850702543, 3137653.880634577944875 ], [ 458164.737350637617055, 3137653.845946695655584 ], [ 458164.829048918676563, 3137653.806298018433154 ], [ 458164.902003255556338, 3137653.760174683760852 ], [ 458164.955965173547156, 3137653.70617373008281 ], [ 458164.99093372921925, 3137653.643053062725812 ], [ 458165.007152674428653, 3137653.569776083808392 ], [ 458165.005101272137836, 3137653.485549489036202 ], [ 458164.985479018534534, 3137653.389852961525321 ], [ 458164.949184718774632, 3137653.282459795009345 ], [ 458164.897290544759016, 3137653.163447779603302 ], [ 458164.831011862144805, 3137653.033200024627149 ], [ 458164.751673751976341, 3137652.892395744100213 ], [ 458164.660675256105606, 3137652.74199136858806 ], [ 458164.559452451067045, 3137652.583192676771432 ], [ 458164.449441489181481, 3137652.41741894884035 ], [ 458164.332042745838407, 3137652.246260402724147 ], [ 458164.208587173256092, 3137652.071430394425988 ], [ 458164.080305883951951, 3137651.894714039750397 ], [ 458163.948303878423758, 3137651.717915011569858 ], [ 458163.813538689923007, 3137651.542802319861948 ], [ 458163.676804551738314, 3137651.371058858465403 ], [ 458163.538722506549675, 3137651.204233433119953 ], [ 458163.399736673105508, 3137651.043697827961296 ], [ 458163.260116679593921, 3137650.890610297210515 ], [ 458163.119966060738079, 3137650.745886607095599 ], [ 458162.979236215935089, 3137650.610179493203759 ], [ 458162.837745337048545, 3137650.483867084141821 ], [ 458162.695201546128374, 3137650.367050522472709 ], [ 458162.551229343516752, 3137650.259560689795762 ], [ 458162.40539835661184, 3137650.160973625257611 ], [ 458162.257253304473124, 3137650.070633918512613 ], [ 458162.106344058760442, 3137649.987685093656182 ], [ 458161.952254682197236, 3137649.911105765495449 ], [ 458161.794630369113293, 3137649.839750156737864 ], [ 458161.633201292832382, 3137649.772391440346837 ], [ 458161.467802478640806, 3137649.707766287960112 ], [ 458161.298388969269581, 3137649.644618990831077 ], [ 458161.12504572106991, 3137649.581743559800088 ], [ 458160.947991863125935, 3137649.518022322095931 ], [ 458160.767579157429282, 3137649.452459675259888 ], [ 458160.58428471168736, 3137649.38420986616984 ], [ 458160.398698207340203, 3137649.312597913201898 ], [ 458160.211504109029192, 3137649.237133047543466 ], [ 458160.023459508549422, 3137649.157514358870685 ], [ 458159.835368421918247, 3137649.073628625832498 ], [ 458159.648053493059706, 3137648.985540610738099 ], [ 458159.462326162669342, 3137648.893476394936442 ], [ 458159.27895642502699, 3137648.797800587490201 ], [ 458159.098643322242424, 3137648.698988477699459 ], [ 458158.921987311681733, 3137648.597594380844384 ], [ 458158.749465585802682, 3137648.494217579718679 ], [ 458158.581411330436822, 3137648.389467340894043 ], [ 458158.41799777734559, 3137648.283928513992578 ], [ 458158.259227745526005, 3137648.178129198029637 ], [ 458158.104929178603925, 3137648.072511865291744 ], [ 458157.954756977269426, 3137647.967409200035036 ], [ 458157.808201207430102, 3137647.863025716040283 ], [ 458157.664601537981071, 3137647.759425985161215 ], [ 458157.523167541367002, 3137647.656530052423477 ], [ 458157.383004277595319, 3137647.554116321727633 ], [ 458157.243142387189437, 3137647.451831901911646 ], [ 458157.102571751573123, 3137647.349210099782795 ], [ 458156.960277638281696, 3137647.245694458018988 ], [ 458156.815278146299534, 3137647.140668477863073 ], [ 458156.6666617039009, 3137647.033489907626063 ], [ 458156.513623348379042, 3137646.923528304323554 ], [ 458156.355498538934626, 3137646.810204416047782 ], [ 458156.191793318896089, 3137646.693029828835279 ], [ 458156.02220974577358, 3137646.571645302232355 ], [ 458155.84666565223597, 3137646.445856220088899 ], [ 458155.665307973918971, 3137646.315663676243275 ], [ 458155.478519083408173, 3137646.181289841420949 ], [ 458155.286915791279171, 3137646.043196448590606 ], [ 458155.091340912273154, 3137645.902095470577478 ], [ 458154.892847534501925, 3137645.758951322641224 ], [ 458154.692676369100809, 3137645.614974235184491 ], [ 458154.492226785572711, 3137645.471604737918824 ], [ 458154.293022348138038, 3137645.330489532556385 ], [ 458154.096671852457803, 3137645.193449330981821 ], [ 458153.904827015416231, 3137645.062439540401101 ], [ 458153.719138088228647, 3137644.939504944719374 ], [ 458153.541208737820853, 3137644.826729752123356 ], [ 458153.372551575012039, 3137644.726184571627527 ], [ 458153.214545697323047, 3137644.639872010331601 ], [ 458153.068397558003198, 3137644.56967264926061 ], [ 458152.935106375894975, 3137644.517293165903538 ], [ 458152.815435164724477, 3137644.484218331985176 ], [ 458152.709888288576622, 3137644.47166848089546 ], [ 458152.618696251476649, 3137644.480563896242529 ], [ 458152.541808205423877, 3137644.511497323401272 ], [ 458152.478892424609512, 3137644.564715572632849 ], [ 458152.429344749019947, 3137644.640110853593796 ], [ 458152.392304754175711, 3137644.73722218349576 ], [ 458152.366679170867428, 3137644.855246858671308 ], [ 458152.35117185569834, 3137644.993061647750437 ], [ 458152.344319418887608, 3137645.149253045674413 ], [ 458152.344531445472967, 3137645.322155605070293 ], [ 458152.350134116131812, 3137645.50989711470902 ] ] ] } },
{ "type": "Feature", "properties": { "id": 34, "area_ha": 0.0085279067399240162 }, "geometry": { "type": "Polygon", "coordinates": [ [ [ 458187.289274429436773, 3137753.139379350934178 ], [ 458187.109387682226952, 3137753.117612449917942 ], [ 458186.921550072613172, 3137753.101817817427218 ], [ 458186.726058315311093, 3137753.09170158021152 ], [ 458186.523461385280825, 3137753.086920221336186 ], [ 458186.314549884293228, 3137753.087084979284555 ], [ 458186.100335911090951, 3137753.091767662670463 ], [ 458185.882024042773992, 3137753.100507764145732 ], [ 458185.660974372411147, 3137753.112820732872933 ], [ 458185.43865885224659, 3137753.128207200206816 ], [ 458185.216612454329152, 3137753.146162930410355 ], [ 458184.996380870463327, 3137753.166189226787537 ], [ 458184.779466625011992, 3137753.187803505919874 ], [ 458184.567275556561071, 3137753.210549741052091 ], [ 458184.361065640405286, 3137753.234008460305631 ], [ 458184.161900066887029, 3137753.257806011475623 ], [ 458183.970606365473941, 3137753.281622799579054 ], [ 458183.787743172666524, 3137753.305200245697051 ], [ 458183.613575992756523, 3137753.328346243128181 ], [ 458183.448062997544184, 3137753.350938933435827 ], [ 458183.290851570898667, 3137753.372928673401475 ], [ 458183.141285932448227, 3137753.394338116049767 ], [ 458182.998425788071472, 3137753.415260396897793 ], [ 458182.861075566441286, 3137753.435855458956212 ], [ 458182.727823422523215, 3137753.456344629637897 ], [ 458182.597088835900649, 3137753.477003597654402 ], [ 458182.467177315207664, 3137753.498154002707452 ], [ 458182.336340454523452, 3137753.52015389315784 ], [ 458182.20283937570639, 3137753.543387337122113 ], [ 458182.065009450307116, 3137753.568253505509347 ], [ 458181.92132412083447, 3137753.595155560411513 ], [ 458181.77045564702712, 3137753.624489685986191 ], [ 458181.611330677114893, 3137753.656634595710784 ], [ 458181.443178698711563, 3137753.69194183126092 ], [ 458181.265571638999972, 3137753.730727138929069 ], [ 458181.078453166410327, 3137753.773263180162758 ], [ 458180.882156574341934, 3137753.819773771800101 ], [ 458180.677410501230042, 3137753.870429812930524 ], [ 458180.465332139458042, 3137753.925346994306892 ], [ 458180.247407998540439, 3137753.984585313592106 ], [ 458180.025462704245001, 3137754.048150377348065 ], [ 458179.801616711949464, 3137754.115996385458857 ], [ 458179.578234187618364, 3137754.188030663412064 ], [ 458179.357862639415544, 3137754.264119528234005 ], [ 458179.143166163587011, 3137754.344095246400684 ], [ 458178.936854385654442, 3137754.427763801533729 ], [ 458178.741609328018967, 3137754.514913158956915 ], [ 458178.56001250713598, 3137754.605321703013033 ], [ 458178.394474564178381, 3137754.698766518384218 ], [ 458178.247169650217984, 3137754.795031198766083 ], [ 458178.119976635440253, 3137754.893912874162197 ], [ 458178.014428987342399, 3137754.99522819975391 ], [ 458177.931674879684579, 3137755.098818067926913 ], [ 458177.872448755486403, 3137755.20455086696893 ], [ 458177.837055193202104, 3137755.312324172817171 ], [ 458177.825365518569015, 3137755.422064796555787 ], [ 458177.836827188206371, 3137755.53372720675543 ], [ 458177.870485553692561, 3137755.647290378343314 ], [ 458177.92501721077133, 3137755.762753207236528 ], [ 458177.998773766681552, 3137755.880128670949489 ], [ 458178.089834522455931, 3137755.999436974525452 ], [ 458178.196066290023737, 3137756.120697961654514 ], [ 458178.31518834043527, 3137756.243923109956086 ], [ 458178.444840333773755, 3137756.369107437785715 ], [ 458178.582651000237092, 3137756.496221679728478 ], [ 458178.726305345364381, 3137756.625205065589398 ], [ 458178.873608223570045, 3137756.755959038157016 ], [ 458179.022542274324223, 3137756.888342205435038 ], [ 458179.171318427077495, 3137757.022166794165969 ], [ 458179.318417456990574, 3137757.157196811400354 ], [ 458179.462621394486632, 3137757.293148073367774 ], [ 458179.60303395340452, 3137757.429690191522241 ], [ 458179.739089528215118, 3137757.566450526937842 ], [ 458179.870550708496012, 3137757.703020077198744 ], [ 458179.997494653216563, 3137757.838961157947779 ], [ 458180.120289047947153, 3137757.9738166956231 ], [ 458180.239558716712054, 3137758.107120879925787 ], [ 458180.356144269462675, 3137758.238410854246467 ], [ 458180.47105442447355, 3137758.36723910132423 ], [ 458180.585413839726243, 3137758.493186117149889 ], [ 458180.700408419594169, 3137758.615872974507511 ], [ 458180.817230122396722, 3137758.734973336569965 ], [ 458180.93702327972278, 3137758.85022451216355 ], [ 458181.060834358038846, 3137758.961437147110701 ], [ 458181.189566937624477, 3137759.06850318890065 ], [ 458181.323943473107647, 3137759.171401798259467 ], [ 458181.464475131651852, 3137759.270202943589538 ], [ 458181.611440694076009, 3137759.365068483166397 ], [ 458181.76487516076304, 3137759.456250605173409 ], [ 458181.924568341171835, 3137759.544087586458772 ], [ 458182.090073336847126, 3137759.628996903076768 ], [ 458182.260724462394137, 3137759.71146581415087 ], [ 458182.435663808195386, 3137759.792039620690048 ], [ 458182.613875334791373, 3137759.87130787037313 ], [ 458182.794225120800547, 3137759.949888854287565 ], [ 458182.975506169139408, 3137760.028412790969014 ], [ 458183.156486020889133, 3137760.107504148501903 ], [ 458183.335955331916921, 3137760.187763579189777 ], [ 458183.512775546056218, 3137760.2697499608621 ], [ 458183.685923841432668, 3137760.353963051456958 ], [ 458183.854533638921566, 3137760.440827242098749 ], [ 458184.017929134599399, 3137760.530676864553243 ], [ 458184.175652546226047, 3137760.623743486590683 ], [ 458184.327483040513471, 3137760.720145549159497 ], [ 458184.473446620511822, 3137760.819880660157651 ], [ 458184.61381658812752, 3137760.922820765059441 ], [ 458184.749104550166521, 3137761.028710351325572 ], [ 458184.880042284377851, 3137761.137167744804174 ], [ 458185.007555121439509, 3137761.247689478099346 ], [ 458185.13272781012347, 3137761.359657622873783 ], [ 458185.25676411105087, 3137761.472349895630032 ], [ 458185.380941593204625, 3137761.584952267818153 ], [ 458185.506563285365701, 3137761.696573752909899 ], [ 458185.63490794680547, 3137761.80626297229901 ], [ 458185.767180775932502, 3137761.91302606696263 ], [ 458185.904466356209014, 3137762.015845486428589 ], [ 458186.047685559431557, 3137762.113699169363827 ], [ 458186.197557981417049, 3137762.205579623579979 ], [ 458186.354571284668054, 3137762.290512430015951 ], [ 458186.518958570610266, 3137762.367573718074709 ], [ 458186.69068461417919, 3137762.435906191822141 ], [ 458186.869441470480524, 3137762.494733347557485 ], [ 458187.054653625818901, 3137762.543371568899602 ], [ 458187.245492518588435, 3137762.581239864230156 ], [ 458187.440899918263312, 3137762.607867076527327 ], [ 458187.639619330875576, 3137762.622896470595151 ], [ 458187.840234311588574, 3137762.626087686046958 ], [ 458188.041212314798031, 3137762.61731610679999 ], [ 458188.240952518302947, 3137762.596569784916937 ], [ 458188.437835913093295, 3137762.56394409853965 ], [ 458188.630275874515064, 3137762.519634408410639 ], [ 458188.816767414915375, 3137762.463926992379129 ], [ 458188.995933369675186, 3137762.397188602015376 ], [ 458189.166565881983843, 3137762.319854992907494 ], [ 458189.32766172621632, 3137762.23241879651323 ], [ 458189.4784502335242, 3137762.135417102836072 ], [ 458189.618412855197676, 3137762.029419112950563 ], [ 458189.747293702908792, 3137761.915014198981225 ], [ 458189.865100731316488, 3137761.792800669092685 ], [ 458189.972097570425831, 3137761.66337550804019 ], [ 458190.068786349962465, 3137761.527325306553394 ], [ 458190.155882184975781, 3137761.38521854672581 ], [ 458190.234280291129835, 3137761.237599350512028 ], [ 458190.305016961123329, 3137761.084982751868665 ], [ 458190.36922585387947, 3137760.927851489279419 ], [ 458190.428091211942956, 3137760.766654271166772 ], [ 458190.482799729914404, 3137760.601805412210524 ], [ 458190.534492838312872, 3137760.433685712050647 ], [ 458190.584221148397774, 3137760.262644391972572 ], [ 458190.63290271605365, 3137760.089001907035708 ], [ 458190.681286640639883, 3137759.913053412456065 ], [ 458190.729923311679158, 3137759.73507266305387 ], [ 458190.779142371553462, 3137759.555316138546914 ], [ 458190.829039174423087, 3137759.374027171172202 ], [ 458190.879470208077691, 3137759.19143989821896 ], [ 458190.930057615682017, 3137759.007782865315676 ], [ 458190.980202617880423, 3137758.823282146826386 ], [ 458191.029107310867403, 3137758.638163880910724 ], [ 458191.075804006657563, 3137758.452656148932874 ], [ 458191.119191007630434, 3137758.266990175005049 ], [ 458191.15807347104419, 3137758.081400848459452 ], [ 458191.191207834752277, 3137757.8961266069673 ], [ 458191.217348146426957, 3137757.711408756673336 ], [ 458191.235292570258025, 3137757.527490322943777 ], [ 458191.243928342708386, 3137757.344614542089403 ], [ 458191.24227350653382, 3137757.163023134693503 ], [ 458191.229513875441626, 3137756.982954480219632 ], [ 458191.205033859063406, 3137756.804641843307763 ], [ 458191.168440006731544, 3137756.628311766777188 ], [ 458191.119576400495134, 3137756.454182746820152 ], [ 458191.058531329908874, 3137756.282464290969074 ], [ 458190.98563500639284, 3137756.113356417510659 ], [ 458190.901448406628333, 3137755.947049644775689 ], [ 458190.806743667810224, 3137755.783725479152054 ], [ 458190.702476768055931, 3137755.623557385522872 ], [ 458190.58975351753179, 3137755.466712188441306 ], [ 458190.469790132890921, 3137755.31335182627663 ], [ 458190.343869873613585, 3137755.163635361939669 ], [ 458190.213297365233302, 3137755.017721123993397 ], [ 458190.079352326109074, 3137754.875768843106925 ], [ 458189.943244437105022, 3137754.737941640429199 ], [ 458189.80607105686795, 3137754.604407720267773 ], [ 458189.668779380503111, 3137754.475341632496566 ], [ 458189.532134479202796, 3137754.350924966391176 ], [ 458189.396694440802094, 3137754.231346378102899 ], [ 458189.26279357005842, 3137754.116800860967487 ], [ 458189.13053430756554, 3137754.007488206960261 ], [ 458188.999788202054333, 3137753.903610637877136 ], [ 458188.87020593311172, 3137753.80536962300539 ], [ 458188.741236039088108, 3137753.712961937766522 ], [ 458188.612151679233648, 3137753.626575048081577 ], [ 458188.482084450486582, 3137753.546381951309741 ], [ 458188.350064010301139, 3137753.472535627428442 ], [ 458188.21506202960154, 3137753.405163284391165 ], [ 458188.076038827362936, 3137753.34436059743166 ], [ 458187.931990925164428, 3137753.290186167228967 ], [ 458187.781997711455915, 3137753.242656409274787 ], [ 458187.625265423732344, 3137753.201741105411202 ], [ 458187.461166741384659, 3137753.16735981637612 ], [ 458187.289274429436773, 3137753.139379350934178 ] ] ] } },
{ "type": "Feature", "properties": { "id": 35, "area_ha": 0.03079908160525896 }, "geometry": { "type": "Polygon", "coordinates": [ [ [ 458137.411746146099176, 3137844.959612519014627 ], [ 458136.975531259260606, 3137845.052319684997201 ], [ 458136.553314571734518, 3137845.162021979223937 ], [ 458136.146956034237519, 3137845.288791154976934 ], [ 458135.757864123268519, 3137845.432831166312099 ], [ 458135.386977403890342, 3137845.594446631614119 ], [ 458135.034760226495564, 3137845.77400532644242 ], [ 458134.701212776941247, 3137845.971896385774016 ], [ 458134.385895246698055, 3137846.188486034516245 ], [ 458134.087965444545262, 3137846.424072776455432 ], [ 458133.806228737172205, 3137846.678843992296606 ], [ 458133.53919880616013, 3137846.952835822477937 ], [ 458133.285167351306882, 3137847.245898101013154 ], [ 458133.042280569265131, 3137847.557665890548378 ], [ 458132.808620001189411, 3137847.887538923881948 ], [ 458132.582285183656495, 3137848.234669928438962 ], [ 458132.361475454643369, 3137848.597962482366711 ], [ 458132.144568271876778, 3137848.976078658830374 ], [ 458131.930191486433614, 3137849.367456341627985 ], [ 458131.717287184495945, 3137849.770335708279163 ], [ 458131.505164955626242, 3137850.182794015854597 ], [ 458131.293542763334699, 3137850.602787494193763 ], [ 458131.082573968335055, 3137851.028198869898915 ], [ 458130.872859480849002, 3137851.456888805609196 ], [ 458130.665444477985147, 3137851.886749389581382 ], [ 458130.461799602664541, 3137852.31575770676136 ], [ 458130.263787047937512, 3137852.742027504835278 ], [ 458130.073612407140899, 3137853.163857041392475 ], [ 458129.893763621337712, 3137853.579771314747632 ], [ 458129.726938770094421, 3137853.988557087723166 ], [ 458129.575964810152072, 3137854.389289393089712 ], [ 458129.443709663755726, 3137854.781348495278507 ], [ 458129.332990281574894, 3137855.164426674600691 ], [ 458129.246479447174352, 3137855.538524550851434 ], [ 458129.18661414727103, 3137855.903937086462975 ], [ 458129.155508302967064, 3137856.261229780968279 ], [ 458129.154872540966608, 3137856.611205955035985 ], [ 458129.185943485761527, 3137856.954866368323565 ], [ 458129.249424779904075, 3137857.293362698052078 ], [ 458129.34544169716537, 3137857.627946662250906 ], [ 458129.473510816053022, 3137857.959916739258915 ], [ 458129.632525776687544, 3137858.290564531460404 ], [ 458129.82075967406854, 3137858.62112284777686 ], [ 458130.035884148906916, 3137858.952717523090541 ], [ 458130.275004752504174, 3137859.286324853077531 ], [ 458130.534711684274953, 3137859.622736315708607 ], [ 458130.811144560051616, 3137859.962531973142177 ], [ 458131.100069464708213, 3137860.306063618976623 ], [ 458131.396966197877191, 3137860.653448353987187 ], [ 458131.697123338992242, 3137861.004572871606797 ], [ 458131.995738550671376, 3137861.359108301345259 ], [ 458132.288021409884095, 3137861.716535046696663 ], [ 458132.56929600762669, 3137862.076176644302905 ], [ 458132.835100595722906, 3137862.437241284176707 ], [ 458133.081281671940815, 3137862.798869322519749 ], [ 458133.304080087924376, 3137863.160184834618121 ], [ 458133.500207023345865, 3137863.520349060650915 ], [ 458133.666907989128958, 3137863.878613479901105 ], [ 458133.802013392094523, 3137864.234370210207999 ], [ 458133.903974595945328, 3137864.587197486311197 ], [ 458133.971884844999295, 3137864.936898101121187 ], [ 458134.005484852241352, 3137865.283528925850987 ], [ 458134.005153289239388, 3137865.627419913187623 ], [ 458133.971882831538096, 3137865.969181357417256 ], [ 458133.907242798712105, 3137866.309698600322008 ], [ 458133.813329776166938, 3137866.650113830342889 ], [ 458133.692707897222135, 3137866.991795103996992 ], [ 458133.548340701498091, 3137867.336293202824891 ], [ 458133.383516654314008, 3137867.685287425294518 ], [ 458133.201770516054239, 3137868.04052184196189 ], [ 458133.006802780437283, 3137868.403733971528709 ], [ 458132.802399367210455, 3137868.776578150223941 ], [ 458132.592353650310542, 3137869.160546156577766 ], [ 458132.380392744089477, 3137869.556887827347964 ], [ 458132.170109753322322, 3137869.966534488368779 ], [ 458131.964903436310124, 3137870.390028031542897 ], [ 458131.767926436150447, 3137870.827458343934268 ], [ 458131.582042920752428, 3137871.27841161005199 ], [ 458131.409796143125277, 3137871.74193170061335 ], [ 458131.25338610477047, 3137872.216496495064348 ], [ 458131.114657187310513, 3137872.700010523665696 ], [ 458130.995095318590757, 3137873.189814820885658 ], [ 458130.895833970920648, 3137873.682714328635484 ], [ 458130.817668060073629, 3137874.175022619776428 ], [ 458130.761074625130277, 3137874.662623143289238 ], [ 458130.726239032985177, 3137875.141045634634793 ], [ 458130.713085363910068, 3137875.60555581189692 ], [ 458130.721309599291999, 3137876.051256015431136 ], [ 458130.750414251117036, 3137876.473194043617696 ], [ 458130.799743133771699, 3137876.866477131843567 ], [ 458130.868515089910943, 3137877.226387794595212 ], [ 458130.955855624459218, 3137877.548498138319701 ], [ 458131.060825577937067, 3137877.828779250849038 ], [ 458131.182446165999863, 3137878.063702361658216 ], [ 458131.319719924766105, 3137878.250328701920807 ], [ 458131.471647315833252, 3137878.386385278776288 ], [ 458131.637238956405781, 3137878.470324199646711 ], [ 458131.815523640601896, 3137878.501363664865494 ], [ 458132.005552495713346, 3137878.479509284719825 ], [ 458132.206399772141594, 3137878.405554974917322 ], [ 458132.417160886630882, 3137878.281063317321241 ], [ 458132.636948426195886, 3137878.108325872104615 ], [ 458132.864886867639143, 3137877.890304577536881 ], [ 458133.100106781290378, 3137877.6305559175089 ], [ 458133.341739258728921, 3137877.333140091504902 ], [ 458133.588911245868076, 3137877.002517866902053 ], [ 458133.840742369065993, 3137876.643438160885125 ], [ 458134.096343725221232, 3137876.260819683782756 ], [ 458134.354818968917243, 3137875.859630135353655 ], [ 458134.615267877758015, 3137875.444766508415341 ], [ 458134.876792421622667, 3137875.020939983893186 ], [ 458135.138505203125533, 3137874.592568750493228 ], [ 458135.399539991281927, 3137874.163681792095304 ], [ 458135.659063935861923, 3137873.737836321350187 ], [ 458135.916290938446764, 3137873.318051085341722 ], [ 458136.170495570229832, 3137872.90675724344328 ], [ 458136.421026870782953, 3137872.50576794333756 ], [ 458136.667321335524321, 3137872.116267117206007 ], [ 458136.908914412197191, 3137871.738817406352609 ], [ 458137.145449864910915, 3137871.373386509716511 ], [ 458137.376686441188212, 3137871.019390673842281 ], [ 458137.602501375775319, 3137870.675753520336002 ], [ 458137.822890392330009, 3137870.340977926272899 ], [ 458138.037964006594848, 3137870.013228304218501 ], [ 458138.247940091707278, 3137869.690420330036432 ], [ 458138.453132826311048, 3137869.370314970612526 ], [ 458138.653938307950739, 3137869.050613595172763 ], [ 458138.850817264989018, 3137868.72905096411705 ], [ 458139.044275436201133, 3137868.403483035974205 ], [ 458139.234842303907499, 3137868.071966751944274 ], [ 458139.423048953758553, 3137867.732829300686717 ], [ 458139.609405891562346, 3137867.384724764619023 ], [ 458139.794381672865711, 3137867.026676513254642 ], [ 458139.978383186913561, 3137866.658104256726801 ], [ 458140.161738390510436, 3137866.278835190460086 ], [ 458140.344682203722186, 3137865.889099259395152 ], [ 458140.52734616555972, 3137865.489509098231792 ], [ 458140.709752307040617, 3137865.081025751307607 ], [ 458140.891811532259453, 3137864.664911745581776 ], [ 458141.073326619865838, 3137864.24267352418974 ], [ 458141.253999766893685, 3137863.815995575394481 ], [ 458141.433444405032787, 3137863.386668873950839 ], [ 458141.611200836428907, 3137862.956516397651285 ], [ 458141.786755063512828, 3137862.527318555861712 ], [ 458141.959560038580094, 3137862.100741326808929 ], [ 458142.129058437014464, 3137861.67826977185905 ], [ 458142.294705969863571, 3137861.261149359866977 ], [ 458142.455994200659916, 3137860.850337234325707 ], [ 458142.61247182165971, 3137860.446465157903731 ], [ 458142.76376337808324, 3137860.049815449863672 ], [ 458142.909584503155202, 3137859.660310722887516 ], [ 458143.049752841994632, 3137859.277517751324922 ], [ 458143.184193994267844, 3137858.90066525246948 ], [ 458143.312941990036052, 3137858.528674899600446 ], [ 458143.436134021845646, 3137858.160204385407269 ], [ 458143.553999384283088, 3137857.793700944632292 ], [ 458143.666842809529044, 3137857.427463375497609 ], [ 458143.775022625224665, 3137857.059710310772061 ], [ 458143.878924391581677, 3137856.688652276527137 ], [ 458143.978930886893068, 3137856.312564960680902 ], [ 458144.075389496807475, 3137855.929861089680344 ], [ 458144.168578215932939, 3137855.539158368483186 ], [ 458144.258671581395902, 3137855.139341106172651 ], [ 458144.345707924803719, 3137854.72961338236928 ], [ 458144.429559343261644, 3137854.309541924390942 ], [ 458144.50990575493779, 3137853.879087240900844 ], [ 458144.586214314273093, 3137853.438621978741139 ], [ 458144.657725323922932, 3137852.988935932982713 ], [ 458144.723445592797361, 3137852.531227600295097 ], [ 458144.782149960519746, 3137852.067082653287798 ], [ 458144.832391448260751, 3137851.598440147470683 ], [ 458144.872520203120075, 3137851.127547711599618 ], [ 458144.900711101014167, 3137850.656907324679196 ], [ 458144.914999559114221, 3137850.189213610254228 ], [ 458144.913324803928845, 3137849.727286799810827 ], [ 458144.893579549097922, 3137849.274002686608583 ], [ 458144.853664774331264, 3137848.832221962511539 ], [ 458144.791548068867996, 3137848.404721307568252 ], [ 458144.705323821515776, 3137847.994128524791449 ], [ 458144.593273412028793, 3137847.602863812353462 ], [ 458144.453923488268629, 3137847.233089025598019 ], [ 458144.286100407771301, 3137846.886666467878968 ], [ 458144.088978982472327, 3137846.565128376707435 ], [ 458143.862123786879238, 3137846.269657871685922 ], [ 458143.605521475896239, 3137846.001081702299416 ], [ 458143.319602800766006, 3137845.759874709416181 ], [ 458143.005253303213976, 3137845.546175481751561 ], [ 458142.66381200181786, 3137845.359812292736024 ], [ 458142.297057748539373, 3137845.200338055379689 ], [ 458141.907183318166062, 3137845.06707270629704 ], [ 458141.496757682820316, 3137844.959151206538081 ], [ 458141.068677310831845, 3137844.875575160607696 ], [ 458140.626107692136429, 3137844.815265963319689 ], [ 458140.172416630084626, 3137844.777117369696498 ], [ 458139.711101128312293, 3137844.76004544319585 ], [ 458139.2457099398016, 3137844.763033980038017 ], [ 458138.779764021572191, 3137844.785173716023564 ], [ 458138.316677241935395, 3137844.825693890452385 ], [ 458137.859679721936118, 3137844.883985073771328 ], [ 458137.411746146099176, 3137844.959612519014627 ] ] ] } },
{ "type": "Feature", "properties": { "id": 36, "area_ha": 0.03892151173094803 }, "geometry": { "type": "Polygon", "coordinates": [ [ [ 458065.372153736941982, 3137901.432550541125238 ], [ 458064.997606903663836, 3137901.456575760617852 ], [ 458064.638351912319195, 3137901.511023807805032 ], [ 458064.295843961939681, 3137901.598664553835988 ], [ 458063.971386838820763, 3137901.721842375118285 ], [ 458063.666100516566075, 3137901.882378372829407 ], [ 458063.380894020665437, 3137902.081485429778695 ], [ 458063.116444727405906, 3137902.319699488580227 ], [ 458062.87318504677387, 3137902.596829935442656 ], [ 458062.651297175558284, 3137902.911931348964572 ], [ 458062.450716305524111, 3137903.263298175297678 ], [ 458062.271142354118638, 3137903.648483115248382 ], [ 458062.112059953098651, 3137904.064339178614318 ], [ 458061.97276610264089, 3137904.5070845563896 ], [ 458061.852404586737975, 3137904.972388627473265 ], [ 458061.750005961919669, 3137905.455476677976549 ], [ 458061.664531687565614, 3137905.951250197831541 ], [ 458061.594920772011392, 3137906.454419067595154 ], [ 458061.540137174364645, 3137906.959641445428133 ], [ 458061.499216132506263, 3137907.46166687970981 ], [ 458061.471307585889008, 3137907.955477979965508 ], [ 458061.455714935087599, 3137908.436425980180502 ], [ 458061.451927515561692, 3137908.900355685502291 ], [ 458061.459645372058731, 3137909.343715608119965 ], [ 458061.478795181086753, 3137909.763649560045451 ], [ 458061.509536485536955, 3137910.158066576346755 ], [ 458061.552257756062318, 3137910.525686744600534 ], [ 458061.607562176825013, 3137910.86606133915484 ], [ 458061.676243442692794, 3137911.179566498380154 ], [ 458061.759252248622943, 3137911.467370611149818 ], [ 458061.857654523686506, 3137911.731376457493752 ], [ 458061.972582807589788, 3137911.974140021018684 ], [ 458062.105182464816608, 3137912.198768711648881 ], [ 458062.256554673716892, 3137912.408802435267717 ], [ 458062.427698304294609, 3137912.608081561047584 ], [ 458062.619452897110023, 3137912.800606300123036 ], [ 458062.832444976549596, 3137912.990392305422574 ], [ 458063.067039870365988, 3137913.181327460799366 ], [ 458063.323301060590893, 3137913.377034782897681 ], [ 458063.600958870083559, 3137913.580746158026159 ], [ 458063.899389992409851, 3137913.795191268436611 ], [ 458064.217609015235212, 3137914.022505534812808 ], [ 458064.554272678506095, 3137914.264160243794322 ], [ 458064.907697162881959, 3137914.520917244255543 ], [ 458065.275888234667946, 3137914.792809747625142 ], [ 458065.65658360166708, 3137915.079149841330945 ], [ 458066.047306371328887, 3137915.378562371246517 ], [ 458066.445428070204798, 3137915.689043932594359 ], [ 458066.848239295708481, 3137916.008044791407883 ], [ 458067.253025741374586, 3137916.33257075631991 ], [ 458067.657147081918083, 3137916.659301287028939 ], [ 458068.058116031519603, 3137916.984719537664205 ], [ 458068.453674806689378, 3137917.305249601136893 ], [ 458068.841866241127718, 3137917.617395928595215 ], [ 458069.221096911001951, 3137917.917879814747721 ], [ 458069.590189837326761, 3137918.203767912462354 ], [ 458069.948424631496891, 3137918.472588005941361 ], [ 458070.295563327439595, 3137918.722427702974528 ], [ 458070.631860596535262, 3137918.952012293040752 ], [ 458070.958057545649353, 3137919.160758747719228 ], [ 458071.275358843733557, 3137919.34880366967991 ], [ 458071.585393489163835, 3137919.517003924120218 ], [ 458071.890160098730121, 3137919.666909648571163 ], [ 458072.191958148381673, 3137919.800710331182927 ], [ 458072.493307111843023, 3137919.921155615244061 ], [ 458072.79685590043664, 3137920.031453398056328 ], [ 458073.105285395053215, 3137920.135148646775633 ], [ 458073.421207162144128, 3137920.235987046267837 ], [ 458073.747061647474766, 3137920.337768199853599 ], [ 458074.085019237012602, 3137920.444193504750729 ], [ 458074.436887558898889, 3137920.558714078273624 ], [ 458074.80402826925274, 3137920.684384165331721 ], [ 458075.18728632631246, 3137920.823725320398808 ], [ 458075.586934409569949, 3137920.9786063474603 ], [ 458076.00263470353093, 3137921.150143485981971 ], [ 458076.433419741340913, 3137921.33862467482686 ], [ 458076.877693418704439, 3137921.543460940476507 ], [ 458077.3332526521408, 3137921.763167055789381 ], [ 458077.797329496359453, 3137921.995372627396137 ], [ 458078.266652867605444, 3137922.236863744445145 ], [ 458078.737528371042572, 3137922.48365428391844 ], [ 458079.205934117431752, 3137922.731084943749011 ], [ 458079.667629862087779, 3137922.973947118967772 ], [ 458080.118276322958991, 3137923.206627869512886 ], [ 458080.553561153064948, 3137923.423271481879056 ], [ 458080.969327769009396, 3137923.617952529806644 ], [ 458081.361703079892322, 3137923.784854912664741 ], [ 458081.727220130385831, 3137923.918451096862555 ], [ 458082.062931763299275, 3137924.013675746042281 ], [ 458082.366511628904846, 3137924.066088055726141 ], [ 458082.636339203629177, 3137924.072017453610897 ], [ 458082.871565928333439, 3137924.02868783287704 ], [ 458083.072160119947512, 3137923.934316157829016 ], [ 458083.23892893048469, 3137923.788182118907571 ], [ 458083.373516310122795, 3137923.590666416566819 ], [ 458083.478376651648432, 3137923.343256285879761 ], [ 458083.556724529888015, 3137923.048517926596105 ], [ 458083.612461678683758, 3137922.710036569740623 ], [ 458083.650083047803491, 3137922.332325972151011 ], [ 458083.674564428569283, 3137921.920710105914623 ], [ 458083.691234710277058, 3137921.481180717237294 ], [ 458083.705636311322451, 3137921.020235191565007 ], [ 458083.723377705318853, 3137920.544699807651341 ], [ 458083.749982218199875, 3137920.061543896328658 ], [ 458083.790737401752267, 3137919.577690721489489 ], [ 458083.850549288792536, 3137919.09983095806092 ], [ 458083.933805701322854, 3137918.634244553744793 ], [ 458084.044252524210606, 3137918.186636443249881 ], [ 458084.184886478993576, 3137917.761991117149591 ], [ 458084.357867448765319, 3137917.364450396038592 ], [ 458084.564452827500645, 3137916.99721798999235 ], [ 458084.804955721308943, 3137916.662493526004255 ], [ 458085.07872812601272, 3137916.361437754705548 ], [ 458085.384169475990348, 3137916.094169621821493 ], [ 458085.718760218413081, 3137915.859794860705733 ], [ 458086.079119346279185, 3137915.656464736908674 ], [ 458086.46108413557522, 3137915.481462631840259 ], [ 458086.859809707151726, 3137915.331315260380507 ], [ 458087.269885484420229, 3137915.201924579683691 ], [ 458087.685465161863249, 3137915.088715814985335 ], [ 458088.100406453886535, 3137914.98679657978937 ], [ 458088.508416659547947, 3137914.891121779568493 ], [ 458088.903199972817674, 3137914.796658885199577 ], [ 458089.278602480422705, 3137914.698548245243728 ], [ 458089.628750930540264, 3137914.592253357637674 ], [ 458089.948181604617275, 3137914.47369645582512 ], [ 458090.231955988449045, 3137914.339375322684646 ], [ 458090.475760388013441, 3137914.186457969248295 ], [ 458090.675987167400308, 3137914.01285260124132 ], [ 458090.829795874597039, 3137913.817251193337142 ], [ 458090.935153151280247, 3137913.599145901855081 ], [ 458090.990850968053564, 3137913.358818486798555 ], [ 458090.996503376460169, 3137913.097303820308298 ], [ 458090.952522589475848, 3137912.81632942147553 ], [ 458090.860075786767993, 3137912.518233720678836 ], [ 458090.721024563943502, 3137912.205866440199316 ], [ 458090.537849392334465, 3137911.882474995683879 ], [ 458090.313561819668394, 3137911.551581226289272 ], [ 458090.051607406698167, 3137911.216852986719459 ], [ 458089.755762556800619, 3137910.881975203752518 ], [ 458089.430028456728905, 3137910.55052490439266 ], [ 458089.078525298915338, 3137910.225854468066245 ], [ 458088.705389812355861, 3137909.910986959002912 ], [ 458088.314678893540986, 3137909.608526867348701 ], [ 458087.910281811608002, 3137909.32058894680813 ], [ 458087.4958430773695, 3137909.04874711856246 ], [ 458087.074697630188894, 3137908.794004645198584 ], [ 458086.649819520651363, 3137908.556785958819091 ], [ 458086.223784777335823, 3137908.33694974007085 ], [ 458085.798748650180642, 3137908.133822073228657 ], [ 458085.376436944643501, 3137907.946247793268412 ], [ 458084.958150713879149, 3137907.772657516412437 ], [ 458084.544783173711039, 3137907.611147324554622 ], [ 458084.136847362446133, 3137907.45956768700853 ], [ 458083.734512790921144, 3137907.315617935732007 ], [ 458083.337649128574412, 3137907.176942502148449 ], [ 458082.945874850498512, 3137907.041225151624531 ], [ 458082.558608729916159, 3137906.90627762535587 ], [ 458082.175122100161389, 3137906.770119413267821 ], [ 458081.794589924276806, 3137906.631045795977116 ], [ 458081.416138891479932, 3137906.487681848928332 ], [ 458081.038890999392606, 3137906.339020679239184 ], [ 458080.662001367134508, 3137906.18444487079978 ], [ 458080.284689345455263, 3137906.023730779532343 ], [ 458079.906262330070604, 3137905.857036043424159 ], [ 458079.526132031925954, 3137905.684871337376535 ], [ 458079.143823298218194, 3137905.50805802969262 ], [ 458078.758975895820186, 3137905.32767395535484 ], [ 458078.371339956647716, 3137905.144989971537143 ], [ 458077.980766025953926, 3137904.9614003081806 ], [ 458077.587190846505109, 3137904.778349948115647 ], [ 458077.190620145411231, 3137904.597262354101986 ], [ 458076.791109761688858, 3137904.419470817316324 ], [ 458076.38874646165641, 3137904.246156517416239 ], [ 458075.983629737282172, 3137904.078296075575054 ], [ 458075.575855771952774, 3137903.916620969772339 ], [ 458075.165504597243853, 3137903.761590657290071 ], [ 458074.752631258219481, 3137903.613380667753518 ], [ 458074.337261567648966, 3137903.471886275801808 ], [ 458073.919392766198143, 3137903.336741700768471 ], [ 458073.49899913551053, 3137903.207354111131281 ], [ 458073.076042337866966, 3137903.082951052580029 ], [ 458072.650485999649391, 3137902.962639347650111 ], [ 458072.22231382119935, 3137902.845472978428006 ], [ 458071.79155029571848, 3137902.730527046602219 ], [ 458071.358282964851242, 3137902.616974609903991 ], [ 458070.922685029567219, 3137902.504162989556789 ], [ 458070.48503708554199, 3137902.391686115879565 ], [ 458070.045746752992272, 3137902.279449555557221 ], [ 458069.605365035997238, 3137902.167725095991045 ], [ 458069.164598358154763, 3137902.057192117441446 ], [ 458068.724315389699768, 3137901.948963438160717 ], [ 458068.285547986859456, 3137901.84459390072152 ], [ 458067.849485808983445, 3137901.74607060989365 ], [ 458067.417464444122743, 3137901.655784416012466 ], [ 458066.990947155281901, 3137901.576482987962663 ], [ 458066.571500640187878, 3137901.511206533759832 ], [ 458066.160765470180195, 3137901.463207926601171 ], [ 458065.760422122548334, 3137901.43585965083912 ], [ 458065.372153736941982, 3137901.432550541125238 ] ] ] } },
{ "type": "Feature", "properties": { "id": 37, "area_ha": 0.0039066591726382403 }, "geometry": { "type": "Polygon", "coordinates": [ [ [ 457749.885750835412182, 3137944.06811464484781 ], [ 457749.812416957167443, 3137944.157099295873195 ], [ 457749.743503230041824, 3137944.252218018751591 ], [ 457749.679132002987899, 3137944.352983402553946 ], [ 457749.619403341785073, 3137944.458865190390497 ], [ 457749.564393008244224, 3137944.569298918358982 ], [ 457749.514150618051644, 3137944.683695225976408 ], [ 457749.468698043434415, 3137944.801449636463076 ], [ 457749.428028124850243, 3137944.921952602919191 ], [ 457749.392103750316892, 3137945.044599593617022 ], [ 457749.360857354884502, 3137945.168801015708596 ], [ 457749.334190885478165, 3137945.293991748709232 ], [ 457749.311976263416, 3137945.419640092179179 ], [ 457749.294056370563339, 3137945.545255936682224 ], [ 457749.280246567970607, 3137945.670397975947708 ], [ 457749.270336746471003, 3137945.79467982146889 ], [ 457749.264093894220423, 3137945.917774878907949 ], [ 457749.261265152890701, 3137946.039419898763299 ], [ 457749.261581320723053, 3137946.159417126327753 ], [ 457749.264760750113055, 3137946.277635018341243 ], [ 457749.2705135740689, 3137946.394007519353181 ], [ 457749.278546187386382, 3137946.508531930856407 ], [ 457749.28856589877978, 3137946.621265426743776 ], [ 457749.300285665201955, 3137946.732320317067206 ], [ 457749.313428813591599, 3137946.841858165338635 ], [ 457749.327733653772157, 3137946.950082919094712 ], [ 457749.342957886343356, 3137947.057233204133809 ], [ 457749.358882711385377, 3137947.163573981262743 ], [ 457749.375316548394039, 3137947.269387750886381 ], [ 457749.392098285316024, 3137947.374965516850352 ], [ 457749.409099983109627, 3137947.480597724672407 ], [ 457749.426228972617537, 3137947.586565368343145 ], [ 457749.443429294857197, 3137947.693131485953927 ], [ 457749.460682447301224, 3137947.800533223897219 ], [ 457749.478007415833417, 3137947.908974650781602 ], [ 457749.495459986734204, 3137948.018620482645929 ], [ 457749.51313134864904, 3137948.129590846132487 ], [ 457749.531146011780947, 3137948.241957197431475 ], [ 457749.549659085110761, 3137948.35573947057128 ], [ 457749.568852969096042, 3137948.470904513727874 ], [ 457749.588933532708324, 3137948.587365825194865 ], [ 457749.610125857056119, 3137948.704984585288912 ], [ 457749.63266963721253, 3137948.82357193576172 ], [ 457749.656814341025893, 3137948.942892442923039 ], [ 457749.682814231084194, 3137949.062668637838215 ], [ 457749.710923357051797, 3137949.182586517650634 ], [ 457749.741390627343208, 3137949.302301856689155 ], [ 457749.774455066712108, 3137949.421447169501334 ], [ 457749.810341361910105, 3137949.539639143273234 ], [ 457749.849255789536983, 3137949.656486359424889 ], [ 457749.891382612171583, 3137949.771597107872367 ], [ 457749.93688101664884, 3137949.884587103966624 ], [ 457749.985882654262241, 3137949.995086924638599 ], [ 457750.038489829690661, 3137950.102748980280012 ], [ 457750.094774367986247, 3137950.207253859378397 ], [ 457750.154777172370814, 3137950.30831590294838 ], [ 457750.218508469872177, 3137950.40568787464872 ], [ 457750.285948722565081, 3137950.499164629261941 ], [ 457750.357050168735441, 3137950.588585698977113 ], [ 457750.431738938903436, 3137950.673836749512702 ], [ 457750.509917681745719, 3137950.754849885124713 ], [ 457750.591468618600629, 3137950.831602808553725 ], [ 457750.676256936276332, 3137950.904116874095052 ], [ 457750.764134420780465, 3137950.972454098984599 ], [ 457750.854943225218449, 3137951.036713215522468 ], [ 457750.948519666329958, 3137951.097024885006249 ], [ 457751.044697939883918, 3137951.153546201065183 ], [ 457751.143313649110496, 3137951.206454629078507 ], [ 457751.244207046634983, 3137951.255941549316049 ], [ 457751.347225894685835, 3137951.302205569110811 ], [ 457751.452227861853316, 3137951.345445779617876 ], [ 457751.559082385501824, 3137951.38585513504222 ], [ 457751.667671942559537, 3137951.423614119179547 ], [ 457751.777892688813154, 3137951.458884863648564 ], [ 457751.889654442551546, 3137951.491805863566697 ], [ 457752.002880006795749, 3137951.522487429436296 ], [ 457752.117503842920996, 3137951.551007974892855 ], [ 457752.233470125065651, 3137951.577411244623363 ], [ 457752.350730224396102, 3137951.601704537402838 ], [ 457752.469239686091896, 3137951.623857970349491 ], [ 457752.588954780076165, 3137951.643804792780429 ], [ 457752.709828716644552, 3137951.661442737095058 ], [ 457752.83180763135897, 3137951.676636368967593 ], [ 457752.954826451605186, 3137951.689220365602523 ], [ 457753.07880476268474, 3137951.699003637302667 ], [ 457753.203642794687767, 3137951.705774181522429 ], [ 457753.329217651335057, 3137951.709304536692798 ], [ 457753.455379899183754, 3137951.709357700776309 ], [ 457753.581950629595667, 3137951.705693352036178 ], [ 457753.708719095913693, 3137951.698074217420071 ], [ 457753.835441018803976, 3137951.68627242045477 ], [ 457753.961837636714336, 3137951.670075650326908 ], [ 457754.08759556314908, 3137951.649292987305671 ], [ 457754.212367494124919, 3137951.623760247137398 ], [ 457754.335773790837266, 3137951.593344701919705 ], [ 457754.457404940039851, 3137951.557949061039835 ], [ 457754.576824876421597, 3137951.517514614388347 ], [ 457754.693575128738303, 3137951.472023463808 ], [ 457754.807179732189979, 3137951.421499785035849 ], [ 457754.917150829569437, 3137951.36601009266451 ], [ 457755.022994866478257, 3137951.305662509985268 ], [ 457755.12421926978277, 3137951.240605062805116 ], [ 457755.220339484745637, 3137951.171023046597838 ], [ 457755.31088623550022, 3137951.097135538235307 ], [ 457755.395412864920218, 3137951.019191145896912 ], [ 457755.473502605454996, 3137950.937463108915836 ], [ 457755.544775630522054, 3137950.85224387422204 ], [ 457755.608895737386774, 3137950.763839293271303 ], [ 457755.665576517698355, 3137950.672562586143613 ], [ 457755.714586879708804, 3137950.578728233929724 ], [ 457755.755755797377788, 3137950.482645943295211 ], [ 457755.788976176001597, 3137950.384614855051041 ], [ 457755.814207740011625, 3137950.284918122924864 ], [ 457755.831478867912665, 3137950.183818015735596 ], [ 457755.840887319471221, 3137950.081551652401686 ], [ 457755.842599822732154, 3137949.978327483404428 ], [ 457755.836850511142984, 3137949.874322593677789 ], [ 457755.823938223067671, 3137949.769680901896209 ], [ 457755.804222701815888, 3137949.664512281306088 ], [ 457755.778119752882048, 3137949.558892628643662 ], [ 457755.746095440059435, 3137949.452864864375442 ], [ 457755.708659418858588, 3137949.346440828405321 ], [ 457755.666357525333297, 3137949.239604020025581 ], [ 457755.619763751630671, 3137949.132313093170524 ], [ 457755.569471754017286, 3137949.024506012443453 ], [ 457755.516086046700366, 3137948.916104751173407 ], [ 457755.460213042155374, 3137948.807020400185138 ], [ 457755.402452100650407, 3137948.697158545255661 ], [ 457755.343386752123479, 3137948.586424763314426 ], [ 457755.283576247573365, 3137948.474730091169477 ], [ 457755.223547593108378, 3137948.361996307969093 ], [ 457755.16378820547834, 3137948.248160894028842 ], [ 457755.104739318368956, 3137948.133181524928659 ], [ 457755.046790251333732, 3137948.017039977014065 ], [ 457754.990273634204641, 3137947.899745340459049 ], [ 457754.935461663233582, 3137947.781336445361376 ], [ 457754.882563441002276, 3137947.661883435677737 ], [ 457754.831723432231229, 3137947.541488447226584 ], [ 457754.783021044800989, 3137947.420285362750292 ], [ 457754.73647132323822, 3137947.298438655678183 ], [ 457754.692026719800197, 3137947.176141346339136 ], [ 457754.649579889373854, 3137947.053612125106156 ], [ 457754.608967433217913, 3137946.93109171744436 ], [ 457754.569974501733668, 3137946.808838588185608 ], [ 457754.532340149511583, 3137946.687124102376401 ], [ 457754.49576332612196, 3137946.566227267030627 ], [ 457754.459909372963011, 3137946.44642920512706 ], [ 457754.424416893685702, 3137946.328007506672293 ], [ 457754.388904859661125, 3137946.211230613756925 ], [ 457754.35297981108306, 3137946.096352399792522 ], [ 457754.316243019246031, 3137945.983607089612633 ], [ 457754.278297476994339, 3137945.873204670380801 ], [ 457754.23875459638657, 3137945.765326919965446 ], [ 457754.197240498848259, 3137945.660124178044498 ], [ 457754.153401799092535, 3137945.557712951209396 ], [ 457754.106910796428565, 3137945.458174439612776 ], [ 457754.057470003026538, 3137945.361554025206715 ], [ 457754.004815955995582, 3137945.267861767672002 ], [ 457753.948722277709749, 3137945.177073897793889 ], [ 457753.889001965464558, 3137945.089135286863893 ], [ 457753.825508909416385, 3137945.003962852060795 ], [ 457753.758138654928189, 3137944.921449805144221 ], [ 457753.686828440462705, 3137944.841470663435757 ], [ 457753.611556556425057, 3137944.763886889442801 ], [ 457753.532341083744541, 3137944.688553027343005 ], [ 457753.449238080880605, 3137944.615323181264102 ], [ 457753.362339296902064, 3137944.544057667255402 ], [ 457753.271769494691398, 3137944.474629670381546 ], [ 457753.177683471585624, 3137944.406931727193296 ], [ 457753.080262866686098, 3137944.340881861746311 ], [ 457752.979712844127789, 3137944.276429206132889 ], [ 457752.876258735719603, 3137944.213558944873512 ], [ 457752.770142724912148, 3137944.152296441607177 ], [ 457752.661620643222705, 3137944.092710419557989 ], [ 457752.550958944251761, 3137944.03491509379819 ], [ 457752.438431908842176, 3137943.979071168694645 ], [ 457752.32431912352331, 3137943.925385654438287 ], [ 457752.208903264021501, 3137943.874110469128937 ], [ 457752.092468201823067, 3137943.82553983759135 ], [ 457751.975297439727001, 3137943.780006510205567 ], [ 457751.857672871963587, 3137943.737876876723021 ], [ 457751.739873851009179, 3137943.699545050505549 ], [ 457751.62217653519474, 3137943.665426054038107 ], [ 457751.504853480728343, 3137943.635948231909424 ], [ 457751.388173435581848, 3137943.611545064952224 ], [ 457751.272401285765227, 3137943.59264654899016 ], [ 457751.157798102183733, 3137943.579670342151076 ], [ 457751.044621232838836, 3137943.57301286701113 ], [ 457750.933124386938289, 3137943.573040578514338 ], [ 457750.823557656840421, 3137943.580081593710929 ], [ 457750.716167431150097, 3137943.594417882151902 ], [ 457750.611196154437494, 3137943.616278197150677 ], [ 457750.508881898073014, 3137943.645831927191466 ], [ 457750.409457714995369, 3137943.683184003923088 ], [ 457750.313150759262498, 3137943.728371011093259 ], [ 457750.220181163575035, 3137943.781358582898974 ], [ 457750.130760676576756, 3137943.842040173709393 ], [ 457750.045091073727235, 3137943.91023723827675 ], [ 457749.963362365146168, 3137943.985700838267803 ], [ 457749.885750835412182, 3137944.06811464484781 ] ] ] } },
{ "type": "Feature", "properties": { "id": 38, "area_ha": 0.0074447134118011422 }, "geometry": { "type": "Polygon", "coordinates": [ [ [ 458082.111654448730405, 3137958.254181762225926 ], [ 458081.934565351752099, 3137958.287743086926639 ], [ 458081.759015922958497, 3137958.330895221792161 ], [ 458081.585795634135138, 3137958.383687549736351 ], [ 458081.415709030523431, 3137958.44608840579167 ], [ 458081.249560095893685, 3137958.517984317615628 ], [ 458081.088136802252848, 3137958.599181363824755 ], [ 458080.932196302746888, 3137958.689408593345433 ], [ 458080.782451197388582, 3137958.788323387969285 ], [ 458080.639557259622961, 3137958.895518561359495 ], [ 458080.504102955514099, 3137959.0105309500359 ], [ 458080.376601022668183, 3137959.132851197384298 ], [ 458080.25748230231693, 3137959.261934383306652 ], [ 458080.147091941151302, 3137959.397211143746972 ], [ 458080.045687996607739, 3137959.538098901044577 ], [ 458079.953442401485518, 3137959.684012826066464 ], [ 458079.870444166183006, 3137959.834376182872802 ], [ 458079.796704624663107, 3137959.988629715982825 ], [ 458079.732164471352007, 3137960.146239792462438 ], [ 458079.676702279597521, 3137960.30670505668968 ], [ 458079.63014415698126, 3137960.469561418984085 ], [ 458079.59227416140493, 3137960.634385255165398 ], [ 458079.562845092790667, 3137960.800794768147171 ], [ 458079.541589274303988, 3137960.968449536245316 ], [ 458079.528228951327037, 3137961.137048333883286 ], [ 458079.522485966270324, 3137961.306325374636799 ], [ 458079.524090404564049, 3137961.476045193616301 ], [ 458079.532787957403343, 3137961.645996429957449 ], [ 458079.54834580339957, 3137961.815984807442874 ], [ 458079.570556874270551, 3137961.985825646203011 ], [ 458079.599242436059285, 3137962.155336251482368 ], [ 458079.634252982214093, 3137962.324328525457531 ], [ 458079.675467501569074, 3137962.492602145764977 ], [ 458079.722791243344545, 3137962.659938619937748 ], [ 458079.776152156118769, 3137962.826096498407423 ], [ 458079.835496222192887, 3137962.990807983092964 ], [ 458079.900781946722418, 3137963.153777105733752 ], [ 458079.971974283573218, 3137963.314679603092372 ], [ 458080.049038294178899, 3137963.473164532799274 ], [ 458080.131932836957276, 3137963.628857621457428 ], [ 458080.220604573201854, 3137963.78136626072228 ], [ 458080.314982553594746, 3137963.930286001414061 ], [ 458080.414973619219381, 3137964.075208340771496 ], [ 458080.520458807586692, 3137964.215729543473572 ], [ 458080.631290909368545, 3137964.351460190955549 ], [ 458080.747293267748319, 3137964.482035129331052 ], [ 458080.868259858398233, 3137964.60712345642969 ], [ 458080.993956632213667, 3137964.726438189391047 ], [ 458081.124124049209058, 3137964.839745257049799 ], [ 458081.258480683667585, 3137964.946871477644891 ], [ 458081.396727735875174, 3137965.047711217775941 ], [ 458081.538554249971639, 3137965.142231469042599 ], [ 458081.683642811607569, 3137965.230475126765668 ], [ 458081.831675480061676, 3137965.312562324106693 ], [ 458081.98233970568981, 3137965.388689726125449 ], [ 458082.135333985264879, 3137965.459127767477185 ], [ 458082.290373024821747, 3137965.524215885903686 ], [ 458082.447192203660961, 3137965.584355860482901 ], [ 458082.605551165179349, 3137965.640003445092589 ], [ 458082.765236402803566, 3137965.691658522933722 ], [ 458082.926062754413579, 3137965.739854077342898 ], [ 458083.087873767479323, 3137965.785144295543432 ], [ 458083.250540949811693, 3137965.828092163428664 ], [ 458083.413961969257798, 3137965.869256913196295 ], [ 458083.578057914681267, 3137965.909181696362793 ], [ 458083.742769771255553, 3137965.948381836060435 ], [ 458083.908054300758522, 3137965.987334000412375 ], [ 458084.073879542236682, 3137966.026466586627066 ], [ 458084.240220168663654, 3137966.066151588223875 ], [ 458084.407052940456197, 3137966.106698130723089 ], [ 458084.574352494208142, 3137966.148347834125161 ], [ 458084.742087690334301, 3137966.191272074822336 ], [ 458084.910218717472162, 3137966.235571160446852 ], [ 458085.078695118427277, 3137966.281275372952223 ], [ 458085.247454859607387, 3137966.328347758390009 ], [ 458085.416424515133258, 3137966.376688502728939 ], [ 458085.585520585766062, 3137966.426140663214028 ], [ 458085.754651914583519, 3137966.47649700101465 ], [ 458085.923723105923273, 3137966.527507622726262 ], [ 458086.092638800095301, 3137966.578888115938753 ], [ 458086.261308607005049, 3137966.630327865947038 ], [ 458086.429652459453791, 3137966.681498237885535 ], [ 458086.597606112365611, 3137966.732060332782567 ], [ 458086.765126492304262, 3137966.781672047451138 ], [ 458086.932196588022634, 3137966.829994212370366 ], [ 458087.098829575523268, 3137966.876695630140603 ], [ 458087.265071884554345, 3137966.921456879470497 ], [ 458087.431004938960541, 3137966.963972827419639 ], [ 458087.596745345392264, 3137967.003953828010708 ], [ 458087.762443351442926, 3137967.041125672403723 ], [ 458087.928279458137695, 3137967.075228391215205 ], [ 458088.094459135783836, 3137967.106014071032405 ], [ 458088.261205668037292, 3137967.133243900258094 ], [ 458088.428751223022118, 3137967.156684678979218 ], [ 458088.597326326649636, 3137967.176105068996549 ], [ 458088.767147986858618, 3137967.191271870397031 ], [ 458088.938406783679966, 3137967.201946609653533 ], [ 458089.111253300390672, 3137967.207882720045745 ], [ 458089.285784318053629, 3137967.208823571912944 ], [ 458089.462029232061468, 3137967.204501573927701 ], [ 458089.639937169093173, 3137967.194638529326767 ], [ 458089.819365288654808, 3137967.178947370033711 ], [ 458090.000068740861025, 3137967.157135339919478 ], [ 458090.181692723243032, 3137967.128908634185791 ], [ 458090.363767035538331, 3137967.093978427816182 ], [ 458090.545703469484579, 3137967.052068174351007 ], [ 458090.72679629852064, 3137967.002921978011727 ], [ 458090.90622604417149, 3137966.94631379796192 ], [ 458091.083066604100168, 3137966.8820571876131 ], [ 458091.256295722152572, 3137966.810015228576958 ], [ 458091.424808680778369, 3137966.730110302567482 ], [ 458091.587434988468885, 3137966.642333314754069 ], [ 458091.742957738577388, 3137966.546751988120377 ], [ 458091.890135221008677, 3137966.443517862819135 ], [ 458092.027724286715966, 3137966.332871651276946 ], [ 458092.154504896723665, 3137966.215146651957184 ], [ 458092.26930523297051, 3137966.090769967064261 ], [ 458092.371026714565232, 3137965.960261333733797 ], [ 458092.458668246224988, 3137965.824229458346963 ], [ 458092.531349031021819, 3137965.683365809265524 ], [ 458092.588329303602222, 3137965.538435912225395 ], [ 458092.629028387134895, 3137965.390268278308213 ], [ 458092.653039538534358, 3137965.239741166587919 ], [ 458092.660141130851116, 3137965.087767469696701 ], [ 458092.650303815898951, 3137964.935278072021902 ], [ 458092.623693419620395, 3137964.78320409823209 ], [ 458092.580669439514168, 3137964.632458505220711 ], [ 458092.521779136674013, 3137964.483917518518865 ], [ 458092.447747337515466, 3137964.338402419816703 ], [ 458092.3594621840748, 3137964.196662202943116 ], [ 458092.257957185152918, 3137964.059357597026974 ], [ 458092.144390027329791, 3137963.927046928089112 ], [ 458092.020018697658088, 3137963.800174240488559 ], [ 458091.886175545165315, 3137963.679060046561062 ], [ 458091.744239966501482, 3137963.563894992228597 ], [ 458091.595610439428128, 3137963.454736651387066 ], [ 458091.441676641406957, 3137963.351509569678456 ], [ 458091.283792386821005, 3137963.254008579999208 ], [ 458091.123250085161999, 3137963.161905323155224 ], [ 458090.961257375893183, 3137963.074757807888091 ], [ 458090.798916524334345, 3137962.992022753693163 ], [ 458090.637207077816129, 3137962.913070383947343 ], [ 458090.476972181466408, 3137962.837201254907995 ], [ 458090.318908838904463, 3137962.763664653059095 ], [ 458090.163562284724321, 3137962.691678049508482 ], [ 458090.011324512248393, 3137962.620447065215558 ], [ 458089.862436875002459, 3137962.549185389187187 ], [ 458089.716996561968699, 3137962.47713410621509 ], [ 458089.574966633867007, 3137962.403579898178577 ], [ 458089.43618920748122, 3137962.327871634159237 ], [ 458089.300401287851855, 3137962.249434912577271 ], [ 458089.167252680053934, 3137962.167784187942743 ], [ 458089.036325360066257, 3137962.082532188855112 ], [ 458088.90715365629876, 3137961.993396427482367 ], [ 458088.77924458286725, 3137961.900202690623701 ], [ 458088.652097679732833, 3137961.802885488606989 ], [ 458088.525223746953998, 3137961.701485550031066 ], [ 458088.398161913501099, 3137961.596144526265562 ], [ 458088.270494550815783, 3137961.487097156699747 ], [ 458088.141859625291545, 3137961.374661226291209 ], [ 458088.011960181058384, 3137961.259225705172867 ], [ 458087.880570748995524, 3137961.141237504314631 ], [ 458087.747540588199627, 3137961.02118733106181 ], [ 458087.612793775624596, 3137960.899595123250037 ], [ 458087.476326270261779, 3137960.776995563413948 ], [ 458087.338200177997351, 3137960.653924143873155 ], [ 458087.198535537871066, 3137960.530904232524335 ], [ 458087.057500028808136, 3137960.408435533754528 ], [ 458086.915297061786987, 3137960.286984285805374 ], [ 458086.772152770252433, 3137960.166975472588092 ], [ 458086.628302439930849, 3137960.048787232022732 ], [ 458086.483976929739583, 3137959.932747582904994 ], [ 458086.33938962611137, 3137959.819133488927037 ], [ 458086.194724444125313, 3137959.708172200713307 ], [ 458086.050125343666878, 3137959.600044741295278 ], [ 458085.905687765742186, 3137959.494891308713704 ], [ 458085.761452320672106, 3137959.392818321939558 ], [ 458085.61740097188158, 3137959.293906770180911 ], [ 458085.473455866565928, 3137959.198221482336521 ], [ 458085.3294808655628, 3137959.105820910073817 ], [ 458085.185285726969596, 3137959.016767006367445 ], [ 458085.040632800606545, 3137958.931134774815291 ], [ 458084.895246000494808, 3137958.84902108926326 ], [ 458084.7488217408536, 3137958.770552415400743 ], [ 458084.60104145196965, 3137958.695891108829528 ], [ 458084.451585235772654, 3137958.625240018125623 ], [ 458084.30014618113637, 3137958.558845188934356 ], [ 458084.146444837097079, 3137958.496996543835849 ], [ 458083.990243335894775, 3137958.440026472788304 ], [ 458083.831358670024201, 3137958.388306370936334 ], [ 458083.669674659089651, 3137958.342241209000349 ], [ 458083.505152185389306, 3137958.302262322511524 ], [ 458083.337837337923702, 3137958.268818646669388 ], [ 458083.167867176583968, 3137958.242366700433195 ], [ 458082.995472908311058, 3137958.223359656054527 ], [ 458082.820980354794301, 3137958.21223587077111 ], [ 458082.64480768237263, 3137958.209407272748649 ], [ 458082.467460455489345, 3137958.215247999876738 ], [ 458082.28952416300308, 3137958.230083686765283 ], [ 458082.111654448730405, 3137958.254181762225926 ] ] ] } },
{ "type": "Feature", "properties": { "id": 39, "area_ha": 0.53873431567220187 }, "geometry": { "type": "Polygon", "coordinates": [ [ [ 457849.613255338626914, 3137911.470131888519973 ], [ 457850.132935122470371, 3137913.767729098442942 ], [ 457850.710038988909218, 3137915.973028951790184 ], [ 457851.38045373809291, 3137917.99467431101948 ], [ 457852.246761303162202, 3137919.779814328067005 ], [ 457853.410398998297751, 3137921.333886590320617 ], [ 457854.902624572161585, 3137922.725125861819834 ], [ 457856.648658421705477, 3137924.067055009305477 ], [ 457858.484197768149897, 3137925.482285180129111 ], [ 457860.218432086519897, 3137927.060542383231223 ], [ 457861.714673308713827, 3137928.827881144825369 ], [ 457862.950100882386323, 3137930.740208292845637 ], [ 457864.025005227595102, 3137932.70413445495069 ], [ 457865.115406391501892, 3137934.616512938868254 ], [ 457866.389867201854941, 3137936.406232561916113 ], [ 457867.92867331171874, 3137938.061359055805951 ], [ 457869.682828483521007, 3137939.631496939342469 ], [ 457871.491803603770677, 3137941.205908607691526 ], [ 457873.151625094120391, 3137942.877621400635689 ], [ 457874.50185270892689, 3137944.708460299298167 ], [ 457875.492155650164932, 3137946.708199354354292 ], [ 457876.199860511231236, 3137948.834260516799986 ], [ 457876.79332425200846, 3137951.00993178319186 ], [ 457877.460642365331296, 3137953.152467568404973 ], [ 457878.337348915694747, 3137955.199935554992408 ], [ 457879.464363207749557, 3137957.127596209291369 ], [ 457880.790758073388133, 3137958.949558813590556 ], [ 457882.213966325914953, 3137960.707227223552763 ], [ 457883.633710117952432, 3137962.450516805052757 ], [ 457884.992567986715585, 3137964.219651119317859 ], [ 457886.286103852384258, 3137966.034217542503029 ], [ 457887.542696344433352, 3137967.892712572589517 ], [ 457888.788444248784799, 3137969.781371225602925 ], [ 457890.018406148010399, 3137971.687296736985445 ], [ 457891.189904581347946, 3137973.609260525554419 ], [ 457892.240518653648905, 3137975.560785449109972 ], [ 457893.119989599159453, 3137977.563878676854074 ], [ 457893.818367545492947, 3137979.636492567136884 ], [ 457894.375302060041577, 3137981.780263603199273 ], [ 457894.865441069705412, 3137983.975447507109493 ], [ 457895.366953836404718, 3137986.186725170351565 ], [ 457895.928233820013702, 3137988.37802808964625 ], [ 457896.548303905990906, 3137990.52943979203701 ], [ 457897.179656905354932, 3137992.647376532200724 ], [ 457897.751854361442383, 3137994.761989085003734 ], [ 457898.205099807819352, 3137996.912027909420431 ], [ 457898.519064849242568, 3137999.124168833252043 ], [ 457898.724744464561809, 3138001.397341322619468 ], [ 457898.894525161362253, 3138003.700716292485595 ], [ 457899.114634186902549, 3138005.987298365682364 ], [ 457899.451091396389529, 3138008.216855894308537 ], [ 457899.922685840225313, 3138010.376608228776604 ], [ 457900.491664462140761, 3138012.488750807009637 ], [ 457901.075955007050652, 3138014.600480155088007 ], [ 457901.578425798739772, 3138016.761343528050929 ], [ 457901.92199722857913, 3138018.999557886272669 ], [ 457902.076949477137532, 3138021.309603006113321 ], [ 457902.069666088558733, 3138023.657376958522946 ], [ 457901.969442855508532, 3138025.999706571921706 ], [ 457901.859075639280491, 3138028.307257546111941 ], [ 457901.801910957496148, 3138030.5782386562787 ], [ 457901.819647783297114, 3138032.83571527665481 ], [ 457901.890324181702454, 3138035.110798183362931 ], [ 457901.966493756277487, 3138037.422058122698218 ], [ 457902.00390029780101, 3138039.763551862444729 ], [ 457901.985815237392671, 3138042.108598172198981 ], [ 457901.930498122586869, 3138044.426925329957157 ], [ 457901.878195777069777, 3138046.704613702837378 ], [ 457901.86531365319388, 3138048.954307427629828 ], [ 457901.900898858322762, 3138051.208797718863934 ], [ 457901.959956169885118, 3138053.501115645281971 ], [ 457901.999124875292182, 3138055.842787350993603 ], [ 457901.987315204634797, 3138058.213667264208198 ], [ 457901.934107048611622, 3138060.570404449943453 ], [ 457901.89799554750789, 3138062.869591468013823 ], [ 457901.966267893556505, 3138065.092443412635475 ], [ 457902.213941356923897, 3138067.256135999690741 ], [ 457902.662470049341209, 3138069.404143824707717 ], [ 457903.262007848650683, 3138071.580185775645077 ], [ 457903.911007335875183, 3138073.800543490797281 ], [ 457904.507977750501595, 3138076.041252824477851 ], [ 457905.011836056772154, 3138078.248362846206874 ], [ 457905.479586696310434, 3138080.365480583161116 ], [ 457906.058288491563872, 3138082.361309924162924 ], [ 457906.929507852299139, 3138084.238146582152694 ], [ 457908.228623420058284, 3138086.012334308587015 ], [ 457909.976050435157958, 3138087.674647191539407 ], [ 457912.054438410501461, 3138089.152974309399724 ], [ 457914.245628203905653, 3138090.302651818376034 ], [ 457916.313016872038133, 3138090.938202991615981 ], [ 457918.092781194485724, 3138090.899052505847067 ], [ 457919.552416652615648, 3138090.121823015157133 ], [ 457920.790114024013747, 3138088.684221477247775 ], [ 457921.976433021365665, 3138086.795539890415967 ], [ 457923.2668375299545, 3138084.732569461222738 ], [ 457924.726630984630901, 3138082.745839632581919 ], [ 457926.302518575976137, 3138080.976300829090178 ], [ 457927.851470981957391, 3138079.41874760016799 ], [ 457929.209820688003674, 3138077.94685097085312 ], [ 457930.267375670140609, 3138076.386078196112067 ], [ 457931.011292678886093, 3138074.599184719379991 ], [ 457931.521605811663903, 3138072.5449373787269 ], [ 457931.925160369370133, 3138070.285812670364976 ], [ 457932.334381516615395, 3138067.946442651562393 ], [ 457932.802287351631094, 3138065.648088076151907 ], [ 457933.313959485443775, 3138063.453745311126113 ], [ 457933.814184688148089, 3138061.349777806550264 ], [ 457934.252361439226661, 3138059.268846380524337 ], [ 457934.618466358806472, 3138057.137170317117125 ], [ 457934.95081699732691, 3138054.91818866552785 ], [ 457935.312876018229872, 3138052.629502698313445 ], [ 457935.753124019713141, 3138050.326810813043267 ], [ 457936.270355411281344, 3138048.067385160364211 ], [ 457936.802964138099924, 3138045.876002640929073 ], [ 457937.247781665297225, 3138043.732956924475729 ], [ 457937.499183193431236, 3138041.589566071517766 ], [ 457937.490092842315789, 3138039.400164791382849 ], [ 457937.21706817462109, 3138037.150457731448114 ], [ 457936.740394513006322, 3138034.865224653389305 ], [ 457936.161734574474394, 3138032.591395318508148 ], [ 457935.590427175920922, 3138030.367488836403936 ], [ 457935.111657879897393, 3138028.198483064770699 ], [ 457934.765969187021255, 3138026.051730279810727 ], [ 457934.543310280423611, 3138023.876769014168531 ], [ 457934.38977545092348, 3138021.637418847065419 ], [ 457934.223186944611371, 3138019.336924914736301 ], [ 457933.954025138984434, 3138017.02063917554915 ], [ 457933.508753137197345, 3138014.753664862830192 ], [ 457932.851736321754288, 3138012.585567194037139 ], [ 457932.000075700285379, 3138010.522153921425343 ], [ 457931.024867069965694, 3138008.520806091837585 ], [ 457930.034885992237832, 3138006.512775530572981 ], [ 457929.144849439151585, 3138004.440607906319201 ], [ 457928.437869078188669, 3138002.290040472988039 ], [ 457927.936400598555338, 3138000.098409743048251 ], [ 457927.594462955952622, 3137997.934394468553364 ], [ 457927.315709432878066, 3137995.85976305603981 ], [ 457926.990439648274332, 3137993.893923419527709 ], [ 457926.535557450086344, 3137992.00087104877457 ], [ 457925.919816610228736, 3137990.106217646040022 ], [ 457925.163827817013953, 3137988.135828659404069 ], [ 457924.316884325584397, 3137986.055935406126082 ], [ 457923.424203236645553, 3137983.893642644397914 ], [ 457922.50248543539783, 3137981.7269281828776 ], [ 457921.536357904376928, 3137979.649007685948163 ], [ 457920.496130555751733, 3137977.724957650993019 ], [ 457919.365062816999853, 3137975.962066317442805 ], [ 457918.158867394551635, 3137974.307964901905507 ], [ 457916.924676521448418, 3137972.676376234274358 ], [ 457915.718779690330848, 3137970.986808605492115 ], [ 457914.575354805390816, 3137969.19848296046257 ], [ 457913.484727495524567, 3137967.322798557579517 ], [ 457912.395486775203608, 3137965.410068893339485 ], [ 457911.24197017744882, 3137963.518928538542241 ], [ 457909.984060413902625, 3137961.684423166327178 ], [ 457908.638029750669375, 3137959.900090134236962 ], [ 457907.280244117195252, 3137958.121433664113283 ], [ 457906.018794716510456, 3137956.287587424740195 ], [ 457904.944864891585894, 3137954.349917905870825 ], [ 457904.087054774980061, 3137952.294264105614275 ], [ 457903.391735883429646, 3137950.147596039809287 ], [ 457902.74049252748955, 3137947.967441100161523 ], [ 457901.997712113894522, 3137945.819697146303952 ], [ 457901.06646792643005, 3137943.75446476181969 ], [ 457899.926548992225435, 3137941.789278104435652 ], [ 457898.637012690887786, 3137939.905487301293761 ], [ 457897.302708203787915, 3137938.058443991001695 ], [ 457896.021379107201938, 3137936.197429186664522 ], [ 457894.836843171273358, 3137934.288169356063008 ], [ 457893.720249290694483, 3137932.329882792197168 ], [ 457892.587534181715455, 3137930.360238533467054 ], [ 457891.343872432189528, 3137928.445239260327071 ], [ 457889.93343020719476, 3137926.65620448300615 ], [ 457888.370744279818609, 3137925.041327186860144 ], [ 457886.739041621447541, 3137923.602663780096918 ], [ 457885.156203689752147, 3137922.288936271797866 ], [ 457883.723639215633739, 3137921.009422508999705 ], [ 457882.48064166988479, 3137919.665802070870996 ], [ 457881.384039539087098, 3137918.190426625311375 ], [ 457880.3217890249216, 3137916.575134193524718 ], [ 457879.154724016552791, 3137914.877187188249081 ], [ 457877.769094007904641, 3137913.197957038413733 ], [ 457876.11837246560026, 3137911.642025041859597 ], [ 457874.237485265592113, 3137910.273896109312773 ], [ 457872.223986688884906, 3137909.091695399954915 ], [ 457870.194216778152622, 3137908.030449888668954 ], [ 457868.2328261093935, 3137906.994581271428615 ], [ 457866.357174043543637, 3137905.905997910536826 ], [ 457864.5125769082224, 3137904.74697535764426 ], [ 457862.602039938850794, 3137903.579350193496794 ], [ 457860.539552993839607, 3137902.532281771302223 ], [ 457858.305100296682213, 3137901.764723598025739 ], [ 457855.977102126402315, 3137901.41910756425932 ], [ 457853.725854550837539, 3137901.584848522674292 ], [ 457851.767200978763867, 3137902.283692957833409 ], [ 457850.292983592080418, 3137903.477599700447172 ], [ 457849.406203864025883, 3137905.089833030011505 ], [ 457849.088594100845512, 3137907.026210826355964 ], [ 457849.215579144482035, 3137909.187226906884462 ], [ 457849.613255338626914, 3137911.470131888519973 ] ] ] } },
{ "type": "Feature", "properties": { "id": 40, "area_ha": 0.014486167995406711 }, "geometry": { "type": "Polygon", "coordinates": [ [ [ 458133.012482476828154, 3138026.471949495375156 ], [ 458132.821543470025063, 3138026.611056539230049 ], [ 458132.636678829498123, 3138026.750952605623752 ], [ 458132.457272632978857, 3138026.891003544908017 ], [ 458132.282559510320425, 3138027.030753456056118 ], [ 458132.111656411259901, 3138027.169913798570633 ], [ 458131.943597425473854, 3138027.308347363490611 ], [ 458131.77737047476694, 3138027.44604802550748 ], [ 458131.61195464519551, 3138027.583117341157049 ], [ 458131.446356915519573, 3138027.719739137217402 ], [ 458131.279647072660737, 3138027.856153276748955 ], [ 458131.110989679873455, 3138027.992629791609943 ], [ 458130.939672073815018, 3138028.129444496706128 ], [ 458130.76512751885457, 3138028.266857127659023 ], [ 458130.586952820478473, 3138028.405092877801508 ], [ 458130.404919902503025, 3138028.544328060001135 ], [ 458130.218981069047004, 3138028.684680406935513 ], [ 458130.029267896490637, 3138028.826204299461097 ], [ 458129.83608392655151, 3138028.968891001306474 ], [ 458129.63989154912997, 3138029.112673728261143 ], [ 458129.441293666197453, 3138029.25743717327714 ], [ 458129.241010907688178, 3138029.403030897956342 ], [ 458129.039855322276708, 3138029.549285824876279 ], [ 458128.838701582921203, 3138029.696032924111933 ], [ 458128.638456826156471, 3138029.843123068567365 ], [ 458128.440030282363296, 3138029.990446993149817 ], [ 458128.24430385150481, 3138030.13795424439013 ], [ 458128.052104731206782, 3138030.285670070443302 ], [ 458127.864181119890418, 3138030.433709248434752 ], [ 458127.681181893916801, 3138030.582285988144577 ], [ 458127.503641002636869, 3138030.731719193048775 ], [ 458127.3319671418285, 3138030.882432560436428 ], [ 458127.166439065185841, 3138031.034949213732034 ], [ 458127.007206675421912, 3138031.189880795311183 ], [ 458126.854297817917541, 3138031.347911191172898 ], [ 458126.707630479824729, 3138031.509775295387954 ], [ 458126.56702989153564, 3138031.676233452279121 ], [ 458126.432249837322161, 3138031.848042424768209 ], [ 458126.302997318096459, 3138032.025923911947757 ], [ 458126.178959576471243, 3138032.210531787015498 ], [ 458126.059832396858837, 3138032.402419317048043 ], [ 458125.945348536071833, 3138032.602007694542408 ], [ 458125.835305124346633, 3138032.80955718876794 ], [ 458125.729588903777767, 3138033.025142201222479 ], [ 458125.628198238788173, 3138033.248631379101425 ], [ 458125.531260943156667, 3138033.479673824738711 ], [ 458125.439047110558022, 3138033.717692210804671 ], [ 458125.351976309902966, 3138033.961883414071053 ], [ 458125.270618708455004, 3138034.211226995103061 ], [ 458125.195689899555873, 3138034.464501594658941 ], [ 458125.128039441304281, 3138034.720309006981552 ], [ 458125.068633340997621, 3138034.977105421945453 ], [ 458125.018530942848884, 3138035.23323903279379 ], [ 458124.978856885980349, 3138035.486992959864438 ], [ 458124.950768987706397, 3138035.736632214859128 ], [ 458124.935423065966461, 3138035.980453235097229 ], [ 458124.933935840788763, 3138036.216834396123886 ], [ 458124.947347141278442, 3138036.444285811390728 ], [ 458124.97658269002568, 3138036.661496705841273 ], [ 458125.022418738459237, 3138036.867378694936633 ], [ 458125.085449783713557, 3138037.061103367712349 ], [ 458125.166060513292905, 3138037.242132757790387 ], [ 458125.264402998029254, 3138037.410241453908384 ], [ 458125.380379993526731, 3138037.565529381390661 ], [ 458125.513635018432979, 3138037.708424564450979 ], [ 458125.663549663149752, 3138037.839675494004041 ], [ 458125.829248349415138, 3138037.960333080030978 ], [ 458126.009610521723516, 3138038.071722503751516 ], [ 458126.203290007717442, 3138038.175405628513545 ], [ 458126.408741052902769, 3138038.273134962655604 ], [ 458126.624250313965604, 3138038.366800465155393 ], [ 458126.847973900963552, 3138038.458370735868812 ], [ 458127.077978391258512, 3138038.549830368254334 ], [ 458127.312284607207403, 3138038.643115377053618 ], [ 458127.548912858881522, 3138038.740048727951944 ], [ 458127.785928302677348, 3138038.842278020456433 ], [ 458128.021485063713044, 3138038.951217333320528 ], [ 458128.253867808904033, 3138039.067995152436197 ], [ 458128.481529539800249, 3138039.193410114850849 ], [ 458128.703124497900717, 3138039.327896089758724 ], [ 458128.917535232729279, 3138039.471497827675194 ], [ 458129.123893071780913, 3138039.623858086299151 ], [ 458129.321591444604564, 3138039.784216792322695 ], [ 458129.510291740705725, 3138039.951422401703894 ], [ 458129.689921620651148, 3138040.123955256771296 ], [ 458129.860665936837904, 3138040.299962331540883 ], [ 458130.022950651997235, 3138040.47730240598321 ], [ 458130.177420360443648, 3138040.653600360266864 ], [ 458130.324910209805239, 3138040.826308992691338 ], [ 458130.466413187619764, 3138040.992776500061154 ], [ 458130.603043868672103, 3138041.150317594408989 ], [ 458130.735999812488444, 3138041.296286081429571 ], [ 458130.866521853604354, 3138041.428146691061556 ], [ 458130.995854538981803, 3138041.543543960899115 ], [ 458131.125207935459912, 3138041.640366059727967 ], [ 458131.255721958936192, 3138041.716801607981324 ], [ 458131.388434269756544, 3138041.771387757733464 ], [ 458131.52425263490295, 3138041.803048085421324 ], [ 458131.663932491210289, 3138041.811119171790779 ], [ 458131.808060249255504, 3138041.79536509886384 ], [ 458131.95704267534893, 3138041.755979488138109 ], [ 458132.111102473107167, 3138041.693575095385313 ], [ 458132.27027997589903, 3138041.609161369968206 ], [ 458132.434440654003993, 3138041.504110780078918 ], [ 458132.603287952602841, 3138041.380115038249642 ], [ 458132.776380804483779, 3138041.239132695365697 ], [ 458132.953155023045838, 3138041.083329820539802 ], [ 458133.132947665639222, 3138040.915015703532845 ], [ 458133.315023385861423, 3138040.736575645860285 ], [ 458133.498601751285605, 3138040.550402992870659 ], [ 458133.682884502748493, 3138040.358832544647157 ], [ 458133.867081768112257, 3138040.16407743608579 ], [ 458134.050436312681995, 3138039.968171412590891 ], [ 458134.232245012943167, 3138039.772918253671378 ], [ 458134.411876870552078, 3138039.57984981732443 ], [ 458134.588787036016583, 3138039.390193894971162 ], [ 458134.762526481412351, 3138039.204852705821395 ], [ 458134.932747140701395, 3138039.02439251774922 ], [ 458135.099202518118545, 3138038.849044481292367 ], [ 458135.261743942159228, 3138038.678716408554465 ], [ 458135.420312812144402, 3138038.513014853000641 ], [ 458135.574929333059117, 3138038.351276514586061 ], [ 458135.725678363116458, 3138038.192607692908496 ], [ 458135.8726931004785, 3138038.035930264275521 ], [ 458136.016137404541951, 3138037.880032450892031 ], [ 458136.156187588348985, 3138037.723622530698776 ], [ 458136.293014518509153, 3138037.565383545123041 ], [ 458136.426766832941212, 3138037.404027084354311 ], [ 458136.557556022831704, 3138037.238344271667302 ], [ 458136.685444033879321, 3138037.067252214998007 ], [ 458136.810433925187681, 3138036.889834371395409 ], [ 458136.932463985111099, 3138036.70537351211533 ], [ 458137.051405550620984, 3138036.513376266229898 ], [ 458137.167064613080584, 3138036.313588524702936 ], [ 458137.279187127540354, 3138036.106001337524503 ], [ 458137.387467782362364, 3138035.890847274102271 ], [ 458137.491561831266154, 3138035.668587564025074 ], [ 458137.591099457931705, 3138035.439890673849732 ], [ 458137.685702026064973, 3138035.205603258684278 ], [ 458137.774999482440762, 3138034.966714716516435 ], [ 458137.858648121065926, 3138034.724316777195781 ], [ 458137.936347890412435, 3138034.479559732135385 ], [ 458138.007858434226364, 3138034.233607011381537 ], [ 458138.073013095650822, 3138033.987589873373508 ], [ 458138.131730186461937, 3138033.742563936393708 ], [ 458138.184020926768426, 3138033.499469214584678 ], [ 458138.229993584391195, 3138033.259095172863454 ], [ 458138.269853494362906, 3138033.022052121348679 ], [ 458138.3038987989421, 3138032.788750038016587 ], [ 458138.332511922635604, 3138032.559385614935309 ], [ 458138.356146970472764, 3138032.333938030991703 ], [ 458138.37531340791611, 3138032.112173622008413 ], [ 458138.390556540165562, 3138031.893659299705178 ], [ 458138.40243545192061, 3138031.677784240338951 ], [ 458138.41149918618612, 3138031.463789073750377 ], [ 458138.418262034771033, 3138031.25080151297152 ], [ 458138.423178872209974, 3138031.03787714894861 ], [ 458138.426621490274556, 3138030.824043930042535 ], [ 458138.428856882615946, 3138030.608348716050386 ], [ 458138.430028381408192, 3138030.389904223848134 ], [ 458138.430140468408354, 3138030.167934654280543 ], [ 458138.429047969868407, 3138029.941818344406784 ], [ 458138.426450203638524, 3138029.711125878617167 ], [ 458138.421890481200535, 3138029.47565226117149 ], [ 458138.414761184249073, 3138029.235441951546818 ], [ 458138.404314440034796, 3138028.990805813111365 ], [ 458138.389678219915368, 3138028.742329308297485 ], [ 458138.369877488410566, 3138028.490871573332697 ], [ 458138.343859840708319, 3138028.237555325031281 ], [ 458138.310524896951392, 3138027.983747862745076 ], [ 458138.268756570585538, 3138027.731033740099519 ], [ 458138.217457210237626, 3138027.481179958209395 ], [ 458138.155582525534555, 3138027.236094790510833 ], [ 458138.082176157040522, 3138026.997781565412879 ], [ 458137.996402740885969, 3138026.768288888968527 ], [ 458137.897578343865462, 3138026.549658918287605 ], [ 458137.785197215038352, 3138026.343875342514366 ], [ 458137.658953903184738, 3138026.152812736108899 ], [ 458137.518759929924272, 3138025.97818889003247 ], [ 458137.364754375244956, 3138025.821521613746881 ], [ 458137.197307927359361, 3138025.684091340750456 ], [ 458137.017020157247316, 3138025.566910663153976 ], [ 458136.824709999957122, 3138025.470701681450009 ], [ 458136.621399649069645, 3138025.395881773903966 ], [ 458136.408292288950179, 3138025.342558118514717 ], [ 458136.18674429616658, 3138025.310530992690474 ], [ 458135.958232729346491, 3138025.299305581953377 ], [ 458135.724319086177275, 3138025.30811175936833 ], [ 458135.486610437219497, 3138025.335931031499058 ], [ 458135.24671913596103, 3138025.381529624573886 ], [ 458135.006222360185347, 3138025.443496506661177 ], [ 458134.766622748284135, 3138025.520284986589104 ], [ 458134.52931136341067, 3138025.610256460495293 ], [ 458134.295534145145211, 3138025.711724822875112 ], [ 458134.066362895944621, 3138025.823000082746148 ], [ 458133.842671701801009, 3138025.942429798655212 ], [ 458133.625119509000797, 3138026.068437045440078 ], [ 458133.414139375730883, 3138026.199553805869073 ], [ 458133.209934697719291, 3138026.334448862355202 ], [ 458133.012482476828154, 3138026.471949495375156 ] ] ] } },
{ "type": "Feature", "properties": { "id": 41, "area_ha": 0.0078649400360436585 }, "geometry": { "type": "Polygon", "coordinates": [ [ [ 458064.406308122444898, 3138056.980577198322862 ], [ 458064.239914014819078, 3138056.978849145583808 ], [ 458064.071619454305619, 3138056.985463580582291 ], [ 458063.902302340022288, 3138057.000220753252506 ], [ 458063.73286203207681, 3138057.022930311970413 ], [ 458063.56419445341453, 3138057.053412177134305 ], [ 458063.397167304996401, 3138057.09149528760463 ], [ 458063.232596191810444, 3138057.137014389969409 ], [ 458063.071222423750442, 3138057.189805139321834 ], [ 458062.913693194743246, 3138057.249697860796005 ], [ 458062.760544762189966, 3138057.31651038210839 ], [ 458062.612189146340825, 3138057.390040410216898 ], [ 458062.468904750829097, 3138057.470057924743742 ], [ 458062.33083117561182, 3138057.556298098061234 ], [ 458062.197968354972545, 3138057.648455208167434 ], [ 458062.070180012087803, 3138057.746177989523858 ], [ 458061.947201282193419, 3138057.849066799040884 ], [ 458061.82865022320766, 3138057.956672905944288 ], [ 458061.714042811130639, 3138058.068500120192766 ], [ 458061.60281090810895, 3138058.184008873999119 ], [ 458061.494322603975888, 3138058.302622763440013 ], [ 458061.387904261995573, 3138058.423737446777523 ], [ 458061.282863554079086, 3138058.54673168528825 ], [ 458061.178512751241215, 3138058.670980214606971 ], [ 458061.074191535823047, 3138058.795868032611907 ], [ 458060.969288632448297, 3138058.92080563120544 ], [ 458060.863261602178682, 3138059.045244608540088 ], [ 458060.755654218897689, 3138059.168693098239601 ], [ 458060.646110932691954, 3138059.290730397216976 ], [ 458060.534388032916468, 3138059.411020202562213 ], [ 458060.420361235621385, 3138059.529321897774935 ], [ 458060.304029544291552, 3138059.645499363075942 ], [ 458060.18551535642473, 3138059.759526882320642 ], [ 458060.065060911874752, 3138059.871491796337068 ], [ 458059.943021295592189, 3138059.981593664269894 ], [ 458059.819854315370321, 3138060.090139820706099 ], [ 458059.696107668278273, 3138060.197537336498499 ], [ 458059.572403887752444, 3138060.304281531833112 ], [ 458059.449423621583264, 3138060.410941307898611 ], [ 458059.32788783009164, 3138060.518141694366932 ], [ 458059.208539510902483, 3138060.626544119790196 ], [ 458059.092125552531797, 3138060.73682500096038 ], [ 458058.979379293101374, 3138060.849653328768909 ], [ 458058.871004318178166, 3138060.965667978394777 ], [ 458058.767659966484644, 3138061.085455498658121 ], [ 458058.66994893894298, 3138061.209529132116586 ], [ 458058.578407314314973, 3138061.338309805374593 ], [ 458058.493497180694249, 3138061.472109752241522 ], [ 458058.415601989428978, 3138061.611119382549077 ], [ 458058.345024634327274, 3138061.75539788370952 ], [ 458058.281988163013011, 3138061.904867939651012 ], [ 458058.226638930907939, 3138062.059314805548638 ], [ 458058.179051928746048, 3138062.218389837536961 ], [ 458058.139237941475585, 3138062.381618421059102 ], [ 458058.10715214436641, 3138062.548412082251161 ], [ 458058.082703701511491, 3138062.718084439635277 ], [ 458058.065765913168434, 3138062.889870488084853 ], [ 458058.056186455476563, 3138063.06294860644266 ], [ 458058.053797273722012, 3138063.236464572139084 ], [ 458058.05842372099869, 3138063.409556776750833 ], [ 458058.069892584695481, 3138063.581381807103753 ], [ 458058.088038703193888, 3138063.751139505300671 ], [ 458058.112709949084092, 3138063.918096654582769 ], [ 458058.143770432390738, 3138064.081608454696834 ], [ 458058.181101863854565, 3138064.24113703565672 ], [ 458058.224603100039531, 3138064.396266328170896 ], [ 458058.274187977134716, 3138064.546712758950889 ], [ 458058.329781612963416, 3138064.692331342492253 ], [ 458058.391315427492373, 3138064.83311692904681 ], [ 458058.458721184928436, 3138064.969200504478067 ], [ 458058.531924404378515, 3138065.10084063000977 ], [ 458058.610837512183934, 3138065.228410261217505 ], [ 458058.695353119343054, 3138065.352379361633211 ], [ 458058.785337802546564, 3138065.473293871153146 ], [ 458058.880626743834, 3138065.591751714237034 ], [ 458058.981019546452444, 3138065.708376653958112 ], [ 458059.086277494381648, 3138065.823790876660496 ], [ 458059.196122458495665, 3138065.938587237615138 ], [ 458059.310237581492402, 3138066.053302135318518 ], [ 458059.428269794152584, 3138066.168389953672886 ], [ 458059.549834136618301, 3138066.284199976827949 ], [ 458059.674519775086083, 3138066.400956611149013 ], [ 458059.80189752887236, 3138066.518743630032986 ], [ 458059.931528651970439, 3138066.637493036221713 ], [ 458060.06297455180902, 3138066.756978990975767 ], [ 458060.195807081239764, 3138066.876817074138671 ], [ 458060.329619003459811, 3138066.996468977537006 ], [ 458060.464034212811384, 3138067.115252544172108 ], [ 458060.59871729259612, 3138067.232356878463179 ], [ 458060.733382005244493, 3138067.346862093079835 ], [ 458060.867798344406765, 3138067.45776308234781 ], [ 458061.001797823410016, 3138067.563996579032391 ], [ 458061.13527673803037, 3138067.664470640011132 ], [ 458061.268197213532403, 3138067.758095607161522 ], [ 458061.400585927767679, 3138067.843815540894866 ], [ 458061.532530490774661, 3138067.920639098156244 ], [ 458061.664173550612759, 3138067.987668839748949 ], [ 458061.795704785618, 3138068.044127997942269 ], [ 458061.927351027319673, 3138068.089383812621236 ], [ 458062.059364836313762, 3138068.122966652736068 ], [ 458062.192011919687502, 3138068.144584282301366 ], [ 458062.32555783027783, 3138068.154130780603737 ], [ 458062.460254427802283, 3138068.151689802762121 ], [ 458062.596326597966254, 3138068.137532062828541 ], [ 458062.733959730190691, 3138068.112107097171247 ], [ 458062.873288434289861, 3138068.076029567047954 ], [ 458063.014386942377314, 3138068.030060538556427 ], [ 458063.15726158634061, 3138067.975084338337183 ], [ 458063.301845675159711, 3138067.912081740330905 ], [ 458063.447997010080144, 3138067.842100357171148 ], [ 458063.595498185837641, 3138067.76622319361195 ], [ 458063.744059723976534, 3138067.685536399949342 ], [ 458063.893325980461668, 3138067.601097269449383 ], [ 458064.042883667512797, 3138067.513903525657952 ], [ 458064.192272728483658, 3138067.424864900298417 ], [ 458064.340999213047326, 3138067.334777923300862 ], [ 458064.488549720437732, 3138067.244304734747857 ], [ 458064.634406910510734, 3138067.153956605121493 ], [ 458064.778065534832422, 3138067.064082669559866 ], [ 458064.919048408861272, 3138066.97486423375085 ], [ 458065.056921737792436, 3138066.886314799077809 ], [ 458065.191309219109826, 3138066.798285777680576 ], [ 458065.321904379001353, 3138066.710477666463703 ], [ 458065.4484806516557, 3138066.622456280048937 ], [ 458065.570898782869335, 3138066.53367346059531 ], [ 458065.689111227693502, 3138066.443491544574499 ], [ 458065.803163311735261, 3138066.35121074039489 ], [ 458065.913191039813682, 3138066.256098469253629 ], [ 458066.019415550748818, 3138066.15741967363283 ], [ 458066.122134338540491, 3138066.054467053618282 ], [ 458066.22170947707491, 3138065.946590206120163 ], [ 458066.318553196557332, 3138065.833222687710077 ], [ 458066.413111261324957, 3138065.713906079996377 ], [ 458066.505844684143085, 3138065.588310260791332 ], [ 458066.597210382227786, 3138065.456249200738966 ], [ 458066.68764142942382, 3138065.317691762465984 ], [ 458066.777527584752534, 3138065.172767158597708 ], [ 458066.867196782608517, 3138065.021764890290797 ], [ 458066.956898248696234, 3138064.865129194688052 ], [ 458067.046787862433121, 3138064.703448188956827 ], [ 458067.136916321294848, 3138064.537438107654452 ], [ 458067.227220574917737, 3138064.367923163343221 ], [ 458067.317518895200919, 3138064.195811726152897 ], [ 458067.407509829732589, 3138064.022069626953453 ], [ 458067.49677515757503, 3138063.847691487520933 ], [ 458067.584786834893748, 3138063.673671039287001 ], [ 458067.67091777920723, 3138063.500971422996372 ], [ 458067.754456212860532, 3138063.330496457405388 ], [ 458067.834623159258626, 3138063.163063822779804 ], [ 458067.910592575848568, 3138062.999381047207862 ], [ 458067.981513509876095, 3138062.840025069192052 ], [ 458068.046533589309547, 3138062.685426040086895 ], [ 458068.104823105502874, 3138062.53585587721318 ], [ 458068.155598915880546, 3138062.391421922948211 ], [ 458068.198147391492967, 3138062.252065886277705 ], [ 458068.231845656177029, 3138062.117568076122552 ], [ 458068.256180412368849, 3138061.987556754611433 ], [ 458068.270763720967807, 3138061.861522278282791 ], [ 458068.275345195375849, 3138061.73883553314954 ], [ 458068.269820184505079, 3138061.618770040106028 ], [ 458068.254233645682689, 3138061.500526993535459 ], [ 458068.228779547731392, 3138061.383262403309345 ], [ 458068.193795791361481, 3138061.266115461476147 ], [ 458068.149754777434282, 3138061.148237213958055 ], [ 458068.097249900863972, 3138061.028818632941693 ], [ 458068.036978379706852, 3138060.907117213588208 ], [ 458067.969720952620264, 3138060.782481277361512 ], [ 458067.896319083694834, 3138060.654371255543083 ], [ 458067.817650395445526, 3138060.522377347107977 ], [ 458067.734603115357459, 3138060.386233051307499 ], [ 458067.6480503527564, 3138060.2458242517896 ], [ 458067.558825033542234, 3138060.101193649694324 ], [ 458067.467696299776435, 3138059.952540521975607 ], [ 458067.375348135596141, 3138059.800215926486999 ], [ 458067.282360908691771, 3138059.644713622517884 ], [ 458067.189196423103567, 3138059.486657104920596 ], [ 458067.096186964132357, 3138059.326783281750977 ], [ 458067.003528685017955, 3138059.165923401713371 ], [ 458066.911279544176068, 3138059.004981931298971 ], [ 458066.819361850852147, 3138058.844914108049124 ], [ 458066.727569325943477, 3138058.68670293642208 ], [ 458066.635578437126242, 3138058.531336372252554 ], [ 458066.542963625688571, 3138058.379785414785147 ], [ 458066.449215914821252, 3138058.232983764726669 ], [ 458066.353764278930612, 3138058.091809631325305 ], [ 458066.255999062559567, 3138057.957070170901716 ], [ 458066.155296670156531, 3138057.829488925170153 ], [ 458066.05104470893275, 3138057.70969651080668 ], [ 458065.942666751623619, 3138057.598224679008126 ], [ 458065.829645900928881, 3138057.495503734797239 ], [ 458065.711546377802733, 3138057.401863191276789 ], [ 458065.588032423809636, 3138057.317535400390625 ], [ 458065.458883895538747, 3138057.242661823518574 ], [ 458065.324008042807691, 3138057.17730150045827 ], [ 458065.183447086077649, 3138057.121441219002008 ], [ 458065.037381350353826, 3138057.075006840750575 ], [ 458064.886127858946566, 3138057.037875220179558 ], [ 458064.730134439712856, 3138057.009886152576655 ], [ 458064.569969544594642, 3138056.990853813011199 ], [ 458064.406308122444898, 3138056.980577198322862 ] ] ] } },
{ "type": "Feature", "properties": { "id": 42, "area_ha": 0.031042445914333177 }, "geometry": { "type": "Polygon", "coordinates": [ [ [ 458077.949208041129168, 3138094.855418239254504 ], [ 458077.539496262557805, 3138094.700803305953741 ], [ 458077.131046269380022, 3138094.578129866160452 ], [ 458076.725632340472657, 3138094.488763296511024 ], [ 458076.324794152227696, 3138094.433576766867191 ], [ 458075.929815015057102, 3138094.412914951797575 ], [ 458075.541705440380611, 3138094.426572061143816 ], [ 458075.161192546482198, 3138094.473785228095949 ], [ 458074.788715684495401, 3138094.553243778180331 ], [ 458074.424428520957008, 3138094.663114407565445 ], [ 458074.068207656266168, 3138094.801081740297377 ], [ 458073.719667690922506, 3138094.964403251186013 ], [ 458073.378182480053511, 3138095.149977021850646 ], [ 458073.042912144970614, 3138095.354420380201191 ], [ 458072.712835243553855, 3138095.574157076887786 ], [ 458072.386785345617682, 3138095.805510364007205 ], [ 458072.06349111936288, 3138096.044799104798585 ], [ 458071.741618913831189, 3138096.288433942012489 ], [ 458071.41981672833208, 3138096.533010507933795 ], [ 458071.096758393396158, 3138096.775396755430847 ], [ 458070.771186751953792, 3138097.012811646796763 ], [ 458070.441954630718101, 3138097.242892729118466 ], [ 458070.10806242475519, 3138097.463750456925482 ], [ 458069.768691189179663, 3138097.674007567111403 ], [ 458069.42323023598874, 3138097.87282228609547 ], [ 458069.07129837089451, 3138098.059894691687077 ], [ 458068.712758070963901, 3138098.235456082969904 ], [ 458068.347722095728386, 3138098.400241798721254 ], [ 458067.97655223502079, 3138098.555448443628848 ], [ 458067.599850121943746, 3138098.702677011489868 ], [ 458067.218440275464673, 3138098.843863857444376 ], [ 458066.833345767343417, 3138098.981201860122383 ], [ 458066.445757140405476, 3138099.117054444272071 ], [ 458066.056995418504812, 3138099.253865364473313 ], [ 458065.668470243166666, 3138099.394067266955972 ], [ 458065.281634342391044, 3138099.539992099162191 ], [ 458064.897935672372114, 3138099.693786343559623 ], [ 458064.518768672656734, 3138099.857333880383521 ], [ 458064.145426133938599, 3138100.032189025077969 ], [ 458063.779053192818537, 3138100.219521914143115 ], [ 458063.420604936953168, 3138100.420077994465828 ], [ 458063.070809029624797, 3138100.634152884129435 ], [ 458062.730134642450139, 3138100.861583332531154 ], [ 458062.398768826387823, 3138101.10175447165966 ], [ 458062.076601251785178, 3138101.353622973896563 ], [ 458061.76321802061284, 3138101.615755205508322 ], [ 458061.45790499827126, 3138101.886378948576748 ], [ 458061.159660838718992, 3138102.163446796592325 ], [ 458060.86721959366696, 3138102.444708960596472 ], [ 458060.579082509269938, 3138102.727792876306921 ], [ 458060.293558334058616, 3138103.01028681686148 ], [ 458060.008811196894385, 3138103.289824558421969 ], [ 458059.722914870188106, 3138103.564168144948781 ], [ 458059.433912022970617, 3138103.831285869702697 ], [ 458059.139876891567837, 3138104.089422764722258 ], [ 458058.838979665539227, 3138104.337161172647029 ], [ 458058.529550800216384, 3138104.5734693123959 ], [ 458058.210143434000202, 3138104.797736193984747 ], [ 458057.879592106270138, 3138105.00979169504717 ], [ 458057.537066041666549, 3138105.209911154117435 ], [ 458057.182115389034152, 3138105.398804353084415 ], [ 458056.814708970021456, 3138105.577589310705662 ], [ 458056.435262307873927, 3138105.747751839924604 ], [ 458056.044654953060672, 3138105.911092292517424 ], [ 458055.644236407359131, 3138106.069661367218941 ], [ 458055.235820248140953, 3138106.225687220692635 ], [ 458054.821666373929475, 3138106.381496401503682 ], [ 458054.404451614827849, 3138106.539431353565305 ], [ 458053.98722926992923, 3138106.701767306309193 ], [ 458053.573378437838983, 3138106.870631406549364 ], [ 458053.166544291947503, 3138107.047926835715771 ], [ 458052.770570700173266, 3138107.235264478716999 ], [ 458052.389426808163989, 3138107.433904424309731 ], [ 458052.02712937083561, 3138107.644709245767444 ], [ 458051.687662742100656, 3138107.868110561743379 ], [ 458051.374898499110714, 3138108.104089946020395 ], [ 458051.092516692937352, 3138108.352174716535956 ], [ 458050.843930676695891, 3138108.61144865071401 ], [ 458050.632217369042337, 3138108.880577134434134 ], [ 458050.460054665163625, 3138109.157845776062459 ], [ 458050.329667516693007, 3138109.441211044788361 ], [ 458050.24278397107264, 3138109.728361111599952 ], [ 458050.200602193421219, 3138110.016784708946943 ], [ 458050.203769203391857, 3138110.303845598362386 ], [ 458050.2523717492586, 3138110.586860035546124 ], [ 458050.345939421851654, 3138110.863174574449658 ], [ 458050.483459795359522, 3138111.130241547245532 ], [ 458050.663405070372391, 3138111.385689680930227 ], [ 458050.883769405423664, 3138111.627387506421655 ], [ 458051.142115858499892, 3138111.853497495409101 ], [ 458051.435631627682596, 3138112.062519217841327 ], [ 458051.761190088873263, 3138112.253320210147649 ], [ 458052.115417980821803, 3138112.42515370901674 ], [ 458052.494765986863058, 3138112.577662869356573 ], [ 458052.895580913755111, 3138112.710871580988169 ], [ 458053.314177668245975, 3138112.82516247080639 ], [ 458053.746909280889668, 3138112.921243126969784 ], [ 458054.190233325061854, 3138113.000102003104985 ], [ 458054.640773218532559, 3138113.062955795321614 ], [ 458055.095373074349482, 3138113.111190390773118 ], [ 458055.551144979195669, 3138113.146297679282725 ], [ 458056.005507813359145, 3138113.169810651801527 ], [ 458056.456216983438935, 3138113.183239234611392 ], [ 458056.901384702359792, 3138113.188009261153638 ], [ 458057.339490720652975, 3138113.185406827833503 ], [ 458057.769383674371056, 3138113.176530077587813 ], [ 458058.190273464482743, 3138113.162250126712024 ], [ 458058.601715312921442, 3138113.143182525876909 ], [ 458059.003586341568734, 3138113.119670215062797 ], [ 458059.3960556947859, 3138113.091778504196554 ], [ 458059.779549360857345, 3138113.05930215632543 ], [ 458060.154710947012063, 3138113.021784188225865 ], [ 458060.522359719092492, 3138112.978545569814742 ], [ 458060.883447236381471, 3138112.928724593482912 ], [ 458061.23901388811646, 3138112.871324327308685 ], [ 458061.590146579255816, 3138112.80526626156643 ], [ 458061.937938718416262, 3138112.729448041412979 ], [ 458062.28345353534678, 3138112.642803011927754 ], [ 458062.62769160582684, 3138112.544359252322465 ], [ 458062.971563289349433, 3138112.433295787777752 ], [ 458063.31586660258472, 3138112.308993775397539 ], [ 458063.661270855984185, 3138112.171080650761724 ], [ 458064.008306188625284, 3138112.019465475808829 ], [ 458064.357358944893349, 3138111.854364064522088 ], [ 458064.708672656852286, 3138111.676312829833478 ], [ 458065.062354231311474, 3138111.486170715186745 ], [ 458065.418384794495068, 3138111.28510901844129 ], [ 458065.776634527544957, 3138111.074589347466826 ], [ 458066.136880727368407, 3138110.856330401264131 ], [ 458066.498828263313044, 3138110.632264664396644 ], [ 458066.862131559813861, 3138110.404486479703337 ], [ 458067.226417226716876, 3138110.175193290226161 ], [ 458067.59130647755228, 3138109.946622075978667 ], [ 458067.95643652183935, 3138109.720983204431832 ], [ 458068.321480185550172, 3138109.500393996480852 ], [ 458068.686163103091531, 3138109.286814342718571 ], [ 458069.050277931499295, 3138109.081986613105983 ], [ 458069.413695153722074, 3138108.887381960637867 ], [ 458069.776370166335255, 3138108.704154902137816 ], [ 458070.138346477702726, 3138108.533107737079263 ], [ 458070.499754971941002, 3138108.374666049610823 ], [ 458070.860809319769032, 3138108.22886610776186 ], [ 458071.221797736769076, 3138108.095354582648724 ], [ 458071.583071393077262, 3138107.973400548566133 ], [ 458071.945029872527812, 3138107.861919309478253 ], [ 458072.308104154479224, 3138107.759507160168141 ], [ 458072.672737650573254, 3138107.664485839661211 ], [ 458073.039365866396111, 3138107.57495505688712 ], [ 458073.408395282400306, 3138107.488851238507777 ], [ 458073.780182049842551, 3138107.404010406229645 ], [ 458074.155011084163561, 3138107.318232980091125 ], [ 458074.533076109946705, 3138107.229348254390061 ], [ 458074.914461168693379, 3138107.135276324115694 ], [ 458075.299124047392979, 3138107.034085352905095 ], [ 458075.686882023117505, 3138106.924042279366404 ], [ 458076.077400251524523, 3138106.803655297961086 ], [ 458076.47018305270467, 3138106.671706799417734 ], [ 458076.864568277320359, 3138106.527275798842311 ], [ 458077.259724861185532, 3138106.369749297853559 ], [ 458077.65465360780945, 3138106.19882244663313 ], [ 458078.048191173933446, 3138106.014487782958895 ], [ 458078.439017173019238, 3138105.817014252301306 ], [ 458078.825664259609766, 3138105.606917085591704 ], [ 458079.206531013478525, 3138105.384919946081936 ], [ 458079.579897402261849, 3138105.151911057997495 ], [ 458079.943942573445383, 3138104.908895226661116 ], [ 458080.296764700789936, 3138104.656943816691637 ], [ 458080.636402592936065, 3138104.397144817281514 ], [ 458080.960858759470284, 3138104.130555103067309 ], [ 458081.268123620247934, 3138103.858156894799322 ], [ 458081.556200538703706, 3138103.580820263829082 ], [ 458081.823131356330123, 3138103.299273248296231 ], [ 458082.067022103175987, 3138103.014080863445997 ], [ 458082.286068557819817, 3138102.725633916445076 ], [ 458082.478581329400185, 3138102.434148124419153 ], [ 458082.643010132771451, 3138102.139673644211143 ], [ 458082.777966927387752, 3138101.842114658560604 ], [ 458082.882247589936014, 3138101.541258276905864 ], [ 458082.954851791786496, 3138101.236811597365886 ], [ 458082.995000754017383, 3138100.928445432335138 ], [ 458083.002152561326511, 3138100.615842909086496 ], [ 458082.976014722080436, 3138100.298750914633274 ], [ 458082.916553680086508, 3138099.977032206486911 ], [ 458082.824001004220918, 3138099.650715939700603 ], [ 458082.69885600975249, 3138099.320044362917542 ], [ 458082.541884603968356, 3138098.985513548366725 ], [ 458082.354114193585701, 3138098.647906183730811 ], [ 458082.136824546440039, 3138098.308314736001194 ], [ 458081.891534563736059, 3138097.968153601046652 ], [ 458081.619984990917146, 3138097.629159254953265 ], [ 458081.324117175070569, 3138097.293377843219787 ], [ 458081.006048061244655, 3138096.963140106294304 ], [ 458080.668041709403042, 3138096.641024005133659 ], [ 458080.312477705301717, 3138096.329805882181972 ], [ 458079.941816927574109, 3138096.032401428557932 ], [ 458079.558565220504533, 3138095.751798139885068 ], [ 458079.165235601540189, 3138095.490981294307858 ], [ 458078.764309702499304, 3138095.252855767030269 ], [ 458078.358199201175012, 3138095.040166210383177 ], [ 458077.949208041129168, 3138094.855418239254504 ] ] ] } },
{ "type": "Feature", "properties": { "id": 43, "area_ha": 0.011050175883673368 }, "geometry": { "type": "Polygon", "coordinates": [ [ [ 458184.125069419736974, 3138149.208509701304138 ], [ 458183.955447511689272, 3138149.114418072160333 ], [ 458183.786014498502482, 3138149.02903956361115 ], [ 458183.616736551106442, 3138148.952806611079723 ], [ 458183.447513228456955, 3138148.886117626447231 ], [ 458183.278189814474899, 3138148.829331228509545 ], [ 458183.108571220829617, 3138148.782760962843895 ], [ 458182.938437022385187, 3138148.74667060142383 ], [ 458182.767557165643666, 3138148.721270122099668 ], [ 458182.595707876025699, 3138148.706712433137 ], [ 458182.422687293495983, 3138148.703090923838317 ], [ 458182.248330376460217, 3138148.710437884554267 ], [ 458182.072522642731201, 3138148.728723834268749 ], [ 458181.89521235198481, 3138148.757857785094529 ], [ 458181.716420784767251, 3138148.797688439954072 ], [ 458181.536250326957088, 3138148.848006314598024 ], [ 458181.354890135698952, 3138148.908546754624695 ], [ 458181.172619229066186, 3138148.978993796277791 ], [ 458180.989806916448288, 3138149.058984809555113 ], [ 458180.806910557555966, 3138149.148115839343518 ], [ 458180.624470712966286, 3138149.245947549119592 ], [ 458180.443103815603536, 3138149.352011658716947 ], [ 458180.263492560014129, 3138149.465817753691226 ], [ 458180.086374263104517, 3138149.586860332172364 ], [ 458179.912527500942815, 3138149.714625959750265 ], [ 458179.742757367959712, 3138149.848600384779274 ], [ 458179.577879737131298, 3138149.988275472540408 ], [ 458179.418704919749871, 3138150.13315582415089 ], [ 458179.26602113514673, 3138150.282764939125627 ], [ 458179.120578200789168, 3138150.436650801450014 ], [ 458178.98307184065925, 3138150.594390775542706 ], [ 458178.854128991835751, 3138150.755595711991191 ], [ 458178.734294457302894, 3138150.919913182035089 ], [ 458178.624019217502791, 3138151.087029786314815 ], [ 458178.523650667106267, 3138151.256672486662865 ], [ 458178.43342499359278, 3138151.428608957212418 ], [ 458178.353461862308905, 3138151.602646957151592 ], [ 458178.283761512720957, 3138151.778632753528655 ], [ 458178.22420431592036, 3138151.956448656041175 ], [ 458178.174552784941625, 3138152.136009740643203 ], [ 458178.134455973282456, 3138152.317259857431054 ], [ 458178.103456146025565, 3138152.500167043879628 ], [ 458178.080997558834497, 3138152.684718478936702 ], [ 458178.066437136440072, 3138152.870915118139237 ], [ 458178.059056806960143, 3138153.058766170404851 ], [ 458178.058077215275262, 3138153.248283574357629 ], [ 458178.062672518077306, 3138153.439476632513106 ], [ 458178.071985944232438, 3138153.632346957921982 ], [ 458178.085145797231235, 3138153.826883886009455 ], [ 458178.101281573763117, 3138154.023060475941747 ], [ 458178.119539877981879, 3138154.220830226782709 ], [ 458178.139099822321441, 3138154.420124602504075 ], [ 458178.15918762376532, 3138154.620851432904601 ], [ 458178.179090126999654, 3138154.822894249111414 ], [ 458178.198167013179045, 3138155.026112557854503 ], [ 458178.21586148487404, 3138155.230343056377023 ], [ 458178.231709250889253, 3138155.435401742812246 ], [ 458178.245345672301482, 3138155.641086856368929 ], [ 458178.256510967796203, 3138155.847182550001889 ], [ 458178.265053415147122, 3138156.05346318334341 ], [ 458178.270930524799041, 3138156.259698087349534 ], [ 458178.274208198068663, 3138156.465656648855656 ], [ 458178.275057918915991, 3138156.671113543212414 ], [ 458178.273752064036671, 3138156.875853933859617 ], [ 458178.270657446119003, 3138157.07967845723033 ], [ 458178.266227235668339, 3138157.282407818827778 ], [ 458178.260991432820447, 3138157.483886817004532 ], [ 458178.255546083266381, 3138157.683987651951611 ], [ 458178.250541450979654, 3138157.88261236762628 ], [ 458178.246669376967475, 3138158.079694314859807 ], [ 458178.244650063512381, 3138158.27519854856655 ], [ 458178.245218531694263, 3138158.469121094793081 ], [ 458178.249111002194695, 3138158.661487069912255 ], [ 458178.257051449210849, 3138158.852347647771239 ], [ 458178.269738572183996, 3138159.041775936726481 ], [ 458178.287833421025425, 3138159.229861826170236 ], [ 458178.311947897076607, 3138159.416705930605531 ], [ 458178.342634335684124, 3138159.602412762586027 ], [ 458178.38037635589717, 3138159.787083314266056 ], [ 458178.425581138289999, 3138159.970807230565697 ], [ 458178.478573265601881, 3138160.153654797002673 ], [ 458178.539590230619069, 3138160.335668954998255 ], [ 458178.60877968382556, 3138160.516857584007084 ], [ 458178.68619845964713, 3138160.697186273057014 ], [ 458178.771813384315465, 3138160.876571810338646 ], [ 458178.865503832697868, 3138161.054876597132534 ], [ 458178.967065965232905, 3138161.231904181651771 ], [ 458179.076218540431, 3138161.407396070659161 ], [ 458179.192610165395308, 3138161.581029964145273 ], [ 458179.315827813115902, 3138161.752419504802674 ], [ 458179.445406408049166, 3138161.921115612145513 ], [ 458179.580839255417231, 3138162.086609419900924 ], [ 458179.721589068125468, 3138162.248336799908429 ], [ 458179.867099330818746, 3138162.405684407334775 ], [ 458180.016805728781037, 3138162.557997154071927 ], [ 458180.170147366705351, 3138162.704586956650019 ], [ 458180.326577502535656, 3138162.844742596149445 ], [ 458180.485573533631396, 3138162.977740470319986 ], [ 458180.646645984670613, 3138163.102856015786529 ], [ 458180.809346271911636, 3138163.219375537708402 ], [ 458180.973273044335656, 3138163.326608181465417 ], [ 458181.138076939503662, 3138163.423897777218372 ], [ 458181.303463627351448, 3138163.510634274221957 ], [ 458181.46919506310951, 3138163.586264509707689 ], [ 458181.635088913608342, 3138163.650302046444267 ], [ 458181.801016173441894, 3138163.702335864305496 ], [ 458181.966897034784779, 3138163.742037684191018 ], [ 458182.132695126056205, 3138163.769167771562934 ], [ 458182.298410281597171, 3138163.783579068724066 ], [ 458182.464070048823487, 3138163.785219572018832 ], [ 458182.629720179596916, 3138163.774132901802659 ], [ 458182.795414387539495, 3138163.750457050744444 ], [ 458182.961203678278252, 3138163.714421357959509 ], [ 458183.127125581726432, 3138163.666341777890921 ], [ 458183.293193623132538, 3138163.606614573393017 ], [ 458183.45938737411052, 3138163.535708581563085 ], [ 458183.625643412873615, 3138163.45415624929592 ], [ 458183.791847508342471, 3138163.362543653696775 ], [ 458183.957828312646598, 3138163.261499743442982 ], [ 458184.123352811206132, 3138163.151685064192861 ], [ 458184.288123733771499, 3138163.033780221827328 ], [ 458184.451779079274274, 3138162.908474356401712 ], [ 458184.613893847854342, 3138162.776453881990165 ], [ 458184.773984011495486, 3138162.63839174574241 ], [ 458184.931512691138778, 3138162.494937432464212 ], [ 458185.08589844009839, 3138162.346707921475172 ], [ 458185.236525469692424, 3138162.194279781542718 ], [ 458185.382755592348985, 3138162.038182539865375 ], [ 458185.52394159702817, 3138161.878893443383276 ], [ 458185.659441724710632, 3138161.716833681799471 ], [ 458185.788634866767097, 3138161.552366106770933 ], [ 458185.910936077765655, 3138161.385794445872307 ], [ 458186.025811971223447, 3138161.217363962903619 ], [ 458186.132795557903592, 3138161.047263491898775 ], [ 458186.231500088179018, 3138160.875628734007478 ], [ 458186.321631473547313, 3138160.702546674758196 ], [ 458186.402998892881442, 3138160.528060963843018 ], [ 458186.475523224507924, 3138160.352178066968918 ], [ 458186.539242998929694, 3138160.174874002113938 ], [ 458186.594317625567783, 3138159.996101447381079 ], [ 458186.641027716279496, 3138159.815797020681202 ], [ 458186.679772404022515, 3138159.633888518903404 ], [ 458186.711063634604216, 3138159.450301930774003 ], [ 458186.735517492052168, 3138159.264968033414334 ], [ 458186.753842700913083, 3138159.077828414738178 ], [ 458186.766826527717058, 3138158.888840777333826 ], [ 458186.775318381260149, 3138158.69798340741545 ], [ 458186.780211478413548, 3138158.505258721299469 ], [ 458186.782423002296127, 3138158.310695831198245 ], [ 458186.782873229647521, 3138158.114352093543857 ], [ 458186.782464139221702, 3138157.916313648223877 ], [ 458186.782058037701063, 3138157.716694969683886 ], [ 458186.782456746906973, 3138157.515637489967048 ], [ 458186.784381891600788, 3138157.313307368196547 ], [ 458186.788456803944428, 3138157.109892510809004 ], [ 458186.79519052762771, 3138156.905598963145167 ], [ 458186.804964353679679, 3138156.700646800920367 ], [ 458186.818021259037778, 3138156.495265665929765 ], [ 458186.834458547062241, 3138156.289690098725259 ], [ 458186.854223907575943, 3138156.084154814947397 ], [ 458186.877115025883541, 3138155.878890072461218 ], [ 458186.902782778663095, 3138155.674117274582386 ], [ 458186.930737960326951, 3138155.4700449379161 ], [ 458186.960361391247716, 3138155.266865141689777 ], [ 458186.990917168441229, 3138155.064750561024994 ], [ 458187.021568737865891, 3138154.863852169830352 ], [ 458187.051397390430793, 3138154.664297671057284 ], [ 458187.079422721988522, 3138154.466190699487925 ], [ 458187.104624542000238, 3138154.269610818941146 ], [ 458187.125965681916568, 3138154.074614308774471 ], [ 458187.142415126611013, 3138153.881235716398805 ], [ 458187.152970887895208, 3138153.689490142278373 ], [ 458187.156682046013884, 3138153.499376185238361 ], [ 458187.152669408766087, 3138153.310879478231072 ], [ 458187.140144278062508, 3138153.123976725619286 ], [ 458187.118424864427652, 3138152.93864013068378 ], [ 458187.086949957185425, 3138152.754842114634812 ], [ 458187.045289531524759, 3138152.572560197673738 ], [ 458186.993152059148997, 3138152.391781934071332 ], [ 458186.930388378037605, 3138152.21250976761803 ], [ 458186.856992070213892, 3138152.034765703603625 ], [ 458186.773096390708815, 3138151.858595672063529 ], [ 458186.67896788258804, 3138151.684073483105749 ], [ 458186.574996901093982, 3138151.511304275132716 ], [ 458186.461685349873733, 3138151.340427373535931 ], [ 458186.339632005197927, 3138151.171618480235338 ], [ 458186.209515862865373, 3138151.005091143772006 ], [ 458186.072077992954291, 3138150.84109746105969 ], [ 458185.928102418605704, 3138150.679927980992943 ], [ 458185.778396557027008, 3138150.521910800598562 ], [ 458185.623771763173863, 3138150.367409854661673 ], [ 458185.465024506323971, 3138150.216822419315577 ], [ 458185.302918684203178, 3138150.070575856603682 ], [ 458185.138169539452065, 3138149.929123657289892 ], [ 458184.971429591358174, 3138149.792940837331116 ], [ 458184.803276933846064, 3138149.662518757395446 ], [ 458184.634206177142914, 3138149.538359460420907 ], [ 458184.464622233703267, 3138149.420969610568136 ], [ 458184.29483706492465, 3138149.310854138340801 ], [ 458184.125069419736974, 3138149.208509701304138 ] ] ] } },
{ "type": "Feature", "properties": { "id": 44, "area_ha": 0.035798703137260648 }, "geometry": { "type": "Polygon", "coordinates": [ [ [ 458098.566301813756581, 3138193.027800715062767 ], [ 458098.231870990770403, 3138193.00671813217923 ], [ 458097.900492192013189, 3138192.987573093734682 ], [ 458097.571331307291985, 3138192.969611899461597 ], [ 458097.243394691846333, 3138192.952238664962351 ], [ 458096.915567895048298, 3138192.935032064560801 ], [ 458096.586660121451132, 3138192.917758010327816 ], [ 458096.255453153687995, 3138192.900377875193954 ], [ 458095.920753256650642, 3138192.883052007760853 ], [ 458095.581444422306959, 3138192.866138389334083 ], [ 458095.236541206599213, 3138192.850186415016651 ], [ 458094.885239357128739, 3138192.835925916675478 ], [ 458094.526962442672811, 3138192.824251668993384 ], [ 458094.161402766883839, 3138192.816203731577843 ], [ 458093.788554984144866, 3138192.812944116536528 ], [ 458093.40874102775706, 3138192.815730339381844 ], [ 458093.022625205921941, 3138192.825886521022767 ], [ 458092.631218613532837, 3138192.844772758428007 ], [ 458092.235872335906606, 3138192.873753535561264 ], [ 458091.838259274547454, 3138192.914165965281427 ], [ 458091.440344796341378, 3138192.967288656625897 ], [ 458091.044346778653562, 3138193.034311986528337 ], [ 458090.6526859854348, 3138193.11631050426513 ], [ 458090.267928049899638, 3138193.214218145702034 ], [ 458089.892718643881381, 3138193.328806847799569 ], [ 458089.529713675554376, 3138193.46066906163469 ], [ 458089.181506561057176, 3138193.610204555559903 ], [ 458088.850554760778323, 3138193.77761177578941 ], [ 458088.539107842545491, 3138193.962883917614818 ], [ 458088.249139339197427, 3138194.165809726342559 ], [ 458087.982284593803342, 3138194.385978925507516 ], [ 458087.739786646096036, 3138194.622792048379779 ], [ 458087.522451998083852, 3138194.875474340748042 ], [ 458087.330617825558875, 3138195.143093297258019 ], [ 458087.164131872123107, 3138195.424579314421862 ], [ 458087.022345889243297, 3138195.718748867511749 ], [ 458086.90412308042869, 3138196.024329565931112 ], [ 458086.807859581429511, 3138196.339986423961818 ], [ 458086.731519576685969, 3138196.664348651189357 ], [ 458086.672683227341622, 3138196.996036284137517 ], [ 458086.628606182872318, 3138197.333686011843383 ], [ 458086.59628908126615, 3138197.675975579768419 ], [ 458086.572555118589662, 3138198.021646227221936 ], [ 458086.554133507073857, 3138198.369522673077881 ], [ 458086.537746441608761, 3138198.71853026561439 ], [ 458086.520197070785798, 3138199.067708987742662 ], [ 458086.498455920489505, 3138199.416224115062505 ], [ 458086.46974325273186, 3138199.763373422436416 ], [ 458086.431604950572364, 3138200.108590921852738 ], [ 458086.381979709782172, 3138200.451447227038443 ], [ 458086.319255571695976, 3138200.791646704543382 ], [ 458086.242314152070321, 3138201.129021661356091 ], [ 458086.150561287940945, 3138201.463523883838207 ], [ 458086.043943235417828, 3138201.79521388746798 ], [ 458085.922947987855878, 3138202.124248282983899 ], [ 458085.788591730000917, 3138202.450865691527724 ], [ 458085.64239089388866, 3138202.775371632538736 ], [ 458085.486320711264852, 3138203.098122832365334 ], [ 458085.32276155956788, 3138203.419511357322335 ], [ 458085.154434757132549, 3138203.739948962349445 ], [ 458084.984329768980388, 3138204.059851998928934 ], [ 458084.815625025134068, 3138204.379627184476703 ], [ 458084.651604725746438, 3138204.699658469762653 ], [ 458084.495574101107195, 3138205.020295205526054 ], [ 458084.350775613100268, 3138205.341841724701226 ], [ 458084.220308520714752, 3138205.664548424538225 ], [ 458084.107054096588399, 3138205.988604356534779 ], [ 458084.013608572655357, 3138206.314131304156035 ], [ 458083.942225621489342, 3138206.641179267317057 ], [ 458083.894769854960032, 3138206.969723256770521 ], [ 458083.872682452725712, 3138207.299661254510283 ], [ 458083.87695963634178, 3138207.630813204217702 ], [ 458083.908144287473988, 3138207.962920872494578 ], [ 458083.966330592113081, 3138208.295648432802409 ], [ 458084.051181183720473, 3138208.628583626821637 ], [ 458084.16195587470429, 3138208.961239393800497 ], [ 458084.297550718591083, 3138209.293055859860033 ], [ 458084.456545845838264, 3138209.623402631375939 ], [ 458084.637260270304978, 3138209.951581346336752 ], [ 458084.837811688543297, 3138210.276828492991626 ], [ 458085.056179179169703, 3138210.598318516742438 ], [ 458085.290266675292514, 3138210.915167274419218 ], [ 458085.537965113355312, 3138211.22643591882661 ], [ 458085.797211267752573, 3138211.531135314609855 ], [ 458086.06604144728044, 3138211.828231089748442 ], [ 458086.342638456902932, 3138212.116649441886693 ], [ 458086.625370505964383, 3138212.395283805206418 ], [ 458086.912821058824193, 3138212.663002470042557 ], [ 458087.203808968421072, 3138212.91865722509101 ], [ 458087.497398593637627, 3138213.161093064583838 ], [ 458087.792899962863885, 3138213.389158967416734 ], [ 458088.089859399828129, 3138213.601719699334353 ], [ 458088.388041358615737, 3138213.797668567858636 ], [ 458088.687402512005065, 3138213.975940987467766 ], [ 458088.988059393304866, 3138214.135528683196753 ], [ 458089.290251092752442, 3138214.27549430495128 ], [ 458089.594298658077605, 3138214.394986188504845 ], [ 458089.900562929396983, 3138214.49325296562165 ], [ 458090.209402559208684, 3138214.569657690357417 ], [ 458090.52113392285537, 3138214.623691141139716 ], [ 458090.835994519176893, 3138214.654983943793923 ], [ 458091.154111296695191, 3138214.663317162077874 ], [ 458091.475475128681865, 3138214.648631028831005 ], [ 458091.799922404054087, 3138214.611031501088291 ], [ 458092.12712441443, 3138214.550794374197721 ], [ 458092.456584908359218, 3138214.468366731423885 ], [ 458092.787645864358637, 3138214.364365565124899 ], [ 458093.119501218025107, 3138214.239573469385505 ], [ 458093.451217973604798, 3138214.094931373838335 ], [ 458093.781763849779963, 3138213.931528366636485 ], [ 458094.110040363506414, 3138213.750588722992688 ], [ 458094.434920051717199, 3138213.553456339519471 ], [ 458094.755286375642754, 3138213.341576831415296 ], [ 458095.070074753253721, 3138213.116477629635483 ], [ 458095.37831312220078, 3138212.879746463149786 ], [ 458095.679160453553777, 3138212.633008654695004 ], [ 458095.971941710042302, 3138212.377903705462813 ], [ 458096.256177871371619, 3138212.116061658598483 ], [ 458096.531609828176443, 3138211.849079738371074 ], [ 458096.798215167073067, 3138211.578499764669687 ], [ 458097.056217124511022, 3138211.30578682012856 ], [ 458097.30608526756987, 3138211.03230960899964 ], [ 458097.54852775571635, 3138210.75932291848585 ], [ 458097.784475334628951, 3138210.48795251455158 ], [ 458098.015057508659083, 3138210.21918276604265 ], [ 458098.241571609396487, 3138209.953847193624824 ], [ 458098.465445730194915, 3138209.692622085101902 ], [ 458098.688196705537848, 3138209.436023221816868 ], [ 458098.911384485836606, 3138209.184405697043985 ], [ 458099.136564379266929, 3138208.937966715544462 ], [ 458099.365238698897883, 3138208.69675120478496 ], [ 458099.598809371411335, 3138208.460659995675087 ], [ 458099.838533019239549, 3138208.229460276663303 ], [ 458100.085479938716162, 3138208.002797980327159 ], [ 458100.340498254226986, 3138207.780211728531867 ], [ 458100.604184344294481, 3138207.56114794081077 ], [ 458100.876860415562987, 3138207.344976700376719 ], [ 458101.158559853211045, 3138207.131007982417941 ], [ 458101.449020708387252, 3138206.91850785817951 ], [ 458101.747687410912476, 3138206.706714327912778 ], [ 458102.053720518597402, 3138206.494852459058166 ], [ 458102.366014053055551, 3138206.282148570753634 ], [ 458102.683219730155542, 3138206.067843238357455 ], [ 458103.003777176665608, 3138205.851202964317054 ], [ 458103.325949049554765, 3138205.631530414801091 ], [ 458103.647859836462885, 3138205.408173176459968 ], [ 458103.967537026503123, 3138205.180531044490635 ], [ 458104.282953299232759, 3138204.948061910457909 ], [ 458104.592068387428299, 3138204.710286351386458 ], [ 458104.892869325471111, 3138204.466791067738086 ], [ 458105.183407896605786, 3138204.217231336515397 ], [ 458105.461834233021364, 3138203.961332665290684 ], [ 458105.72642570087919, 3138203.698891840875149 ], [ 458105.97561040497385, 3138203.429777561221272 ], [ 458106.207984869950451, 3138203.153930812608451 ], [ 458106.422325689520221, 3138202.871365154162049 ], [ 458106.617595168005209, 3138202.582167012151331 ], [ 458106.792941205087118, 3138202.286496073938906 ], [ 458106.947691884823143, 3138201.98458580346778 ], [ 458107.081345415092073, 3138201.676744082011282 ], [ 458107.193556217825972, 3138201.363353908527642 ], [ 458107.284118088020477, 3138201.0448740683496 ], [ 458107.352945415768772, 3138200.721839631907642 ], [ 458107.400053499441128, 3138200.394862111657858 ], [ 458107.425538967188913, 3138200.064629089552909 ], [ 458107.429561270226259, 3138199.731903100386262 ], [ 458107.412326118384954, 3138199.397519562393427 ], [ 458107.374071598402224, 3138199.062383547890931 ], [ 458107.315057555795647, 3138198.727465202100575 ], [ 458107.235558638523798, 3138198.393793661147356 ], [ 458107.13586120295804, 3138198.062449340708554 ], [ 458107.016264076344669, 3138197.734554531984031 ], [ 458106.877082968712784, 3138197.411262295208871 ], [ 458106.718658131139819, 3138197.093743699602783 ], [ 458106.541364686621819, 3138196.783173528965563 ], [ 458106.345624908455648, 3138196.480714642908424 ], [ 458106.131921606487595, 3138196.187501243315637 ], [ 458105.900811703933869, 3138195.904621368274093 ], [ 458105.652939049876295, 3138195.63309898134321 ], [ 458105.389045519172214, 3138195.373876077588648 ], [ 458105.109979501517955, 3138195.127795262727886 ], [ 458104.816700974828564, 3138194.895583281293511 ], [ 458104.51028248691, 3138194.677835986018181 ], [ 458104.191905536106788, 3138194.475005214568228 ], [ 458103.862852034217212, 3138194.287388044409454 ], [ 458103.52449074719334, 3138194.115118829067796 ], [ 458103.178258834697772, 3138193.958164380397648 ], [ 458102.825638837181032, 3138193.816322590224445 ], [ 458102.468131680740044, 3138193.689224699046463 ], [ 458102.107226475141943, 3138193.576341328211129 ], [ 458101.744368061423302, 3138193.476992298848927 ], [ 458101.380923416698352, 3138193.390360145363957 ], [ 458101.018148129282054, 3138193.315507137216628 ], [ 458100.657154227432329, 3138193.251395509578288 ], [ 458100.298880656424444, 3138193.196910507977009 ], [ 458099.944067669450305, 3138193.150885759387165 ], [ 458099.593236308021005, 3138193.112130404449999 ], [ 458099.24667401885381, 3138193.079457359854132 ], [ 458098.904427269939333, 3138193.051712023094296 ], [ 458098.566301813756581, 3138193.027800715062767 ] ] ] } },
{ "type": "Feature", "properties": { "id": 45, "area_ha": 0.096498230185687789 }, "geometry": { "type": "Polygon", "coordinates": [ [ [ 458072.243913321464788, 3138185.712508252821863 ], [ 458071.501404226466548, 3138186.021217045839876 ], [ 458070.761256949452218, 3138186.277854094747454 ], [ 458070.026259554491844, 3138186.464126857928932 ], [ 458069.299989914579783, 3138186.56772415805608 ], [ 458068.586645568953827, 3138186.583003467414528 ], [ 458067.890758242981974, 3138186.511202767957002 ], [ 458067.216822789807338, 3138186.360167865641415 ], [ 458066.568877947225701, 3138186.14362133666873 ], [ 458065.950080532813445, 3138185.88003243226558 ], [ 458065.36231525184121, 3138185.591175789479166 ], [ 458064.805879196908791, 3138185.300488613080233 ], [ 458064.279273705789819, 3138185.031349479220808 ], [ 458063.779127116955351, 3138184.805406154133379 ], [ 458063.30026092659682, 3138184.641074529848993 ], [ 458062.83589986001607, 3138184.552316457033157 ], [ 458062.378014435351361, 3138184.547781987581402 ], [ 458061.917773699504323, 3138184.630373156163841 ], [ 458061.446076844120398, 3138184.797254016622901 ], [ 458060.954126057156827, 3138185.040297765284777 ], [ 458060.433999718807172, 3138185.346928955521435 ], [ 458059.879185108991805, 3138185.701289527583867 ], [ 458059.285033098130953, 3138186.085633817594498 ], [ 458058.649103504605591, 3138186.481841605622321 ], [ 458057.971378358080983, 3138186.872930771671236 ], [ 458057.254330463998485, 3138187.244452708400786 ], [ 458056.502845551935025, 3138187.585664116311818 ], [ 458055.724007015989628, 3138187.890387251507491 ], [ 458054.926761943905149, 3138188.157495656982064 ], [ 458054.12149502907414, 3138188.390991884283721 ], [ 458053.319542472192552, 3138188.599675426259637 ], [ 458052.532680730975699, 3138188.796430572401732 ], [ 458051.772624837351032, 3138188.997192770242691 ], [ 458051.050568080623634, 3138189.219676143489778 ], [ 458050.376789507281501, 3138189.481962300371379 ], [ 458049.760348452604376, 3138189.801060178782791 ], [ 458049.20887689787196, 3138190.191547804512084 ], [ 458048.728471608250402, 3138190.664399452041835 ], [ 458048.323679550318047, 3138191.226086499169469 ], [ 458047.997562747797929, 3138191.878018491435796 ], [ 458047.751823127269745, 3138192.616364329587668 ], [ 458047.5869644798222, 3138193.432264166418463 ], [ 458047.502467658137903, 3138194.312412828672677 ], [ 458047.496956548362505, 3138195.239967655856162 ], [ 458047.568335992458742, 3138196.195709670428187 ], [ 458047.713888270489406, 3138197.159368772991002 ], [ 458047.930321400985122, 3138198.111012499313802 ], [ 458048.213769698340911, 3138199.032394498120993 ], [ 458048.559753999812528, 3138199.908163528889418 ], [ 458048.963115033344366, 3138200.72684583067894 ], [ 458049.417937919788528, 3138201.481532252859324 ], [ 458049.917488311242778, 3138202.170224955771118 ], [ 458050.454180879285559, 3138202.79582494078204 ], [ 458051.01959871512372, 3138203.365769058465958 ], [ 458051.604577853460796, 3138203.891351331491023 ], [ 458052.199364955828059, 3138204.386786463204771 ], [ 458052.793848753615748, 3138204.868091482203454 ], [ 458053.377857844752725, 3138205.351873414125293 ], [ 458053.941509637457784, 3138205.85411574691534 ], [ 458054.47558840434067, 3138206.389054147526622 ], [ 458054.971925266319886, 3138206.968222639989108 ], [ 458055.423750033369288, 3138207.59973619133234 ], [ 458055.825984585040715, 3138208.287855668924749 ], [ 458056.17545002582483, 3138209.032858110032976 ], [ 458056.470965118147433, 3138209.831211046781391 ], [ 458056.713321132701822, 3138210.676026193890721 ], [ 458056.905127700883895, 3138211.557746940292418 ], [ 458057.050534758775029, 3138212.465007386635989 ], [ 458057.154846357589122, 3138213.385589354671538 ], [ 458057.224052066390868, 3138214.30739861400798 ], [ 458057.264310000988189, 3138215.219382773153484 ], [ 458057.281421388732269, 3138216.112320638261735 ], [ 458057.280339403718244, 3138216.97942554904148 ], [ 458057.264754395815544, 3138217.816722151823342 ], [ 458057.236793480173219, 3138218.623175715561956 ], [ 458057.196864939993247, 3138219.400573849212378 ], [ 458057.143667491851375, 3138220.153180542867631 ], [ 458057.074371903028805, 3138220.887200276833028 ], [ 458056.984968670236412, 3138221.610104077961296 ], [ 458056.870761539554223, 3138222.329878799151629 ], [ 458056.726973692828324, 3138223.054264929145575 ], [ 458056.549422529526055, 3138223.79004667326808 ], [ 458056.335211096389685, 3138224.542451206129044 ], [ 458056.083380106720142, 3138225.314702574163675 ], [ 458055.79546461586142, 3138226.107760804705322 ], [ 458055.475903941958677, 3138226.920259718317538 ], [ 458055.132262136088684, 3138227.748639275785536 ], [ 458054.775228695769329, 3138228.587451478466392 ], [ 458054.41838444233872, 3138229.429804405663162 ], [ 458054.07773446617648, 3138230.267898028716445 ], [ 458053.771027537703048, 3138231.093598912004381 ], [ 458053.516898063535336, 3138231.898999266792089 ], [ 458053.333881238999311, 3138232.676909105852246 ], [ 458053.239363348635379, 3138233.421238095033914 ], [ 458053.248536243569106, 3138234.127235328778625 ], [ 458053.373427244310733, 3138234.791569591965526 ], [ 458053.622072782600299, 3138235.412248379550874 ], [ 458053.997896110347938, 3138235.988389614503831 ], [ 458054.499336847744416, 3138236.519874231424183 ], [ 458055.119763854658231, 3138237.006919274106622 ], [ 458055.847684023436159, 3138237.449618902523071 ], [ 458056.667239456961397, 3138237.847503997385502 ], [ 458057.55896557867527, 3138238.199169606901705 ], [ 458058.500764486787375, 3138238.502013413701206 ], [ 458059.469032679509837, 3138238.752118235453963 ], [ 458060.439871287730057, 3138238.944298233836889 ], [ 458061.39030100608943, 3138239.072313110809773 ], [ 458062.299403489159886, 3138239.129238558467478 ], [ 458063.149316146969795, 3138239.107965957373381 ], [ 458063.926017678284552, 3138239.001791202928871 ], [ 458064.619856582081411, 3138238.805042766500264 ], [ 458065.225793190475088, 3138238.513693585991859 ], [ 458065.743346132745501, 3138238.125900652259588 ], [ 458066.176255049358588, 3138237.642420424614102 ], [ 458066.531891282706056, 3138237.066857107914984 ], [ 458066.820465690514538, 3138236.405713707674295 ], [ 458067.054096360923722, 3138235.668231605086476 ], [ 458067.245807851315476, 3138234.866021816618741 ], [ 458067.40853697154671, 3138234.012508701067418 ], [ 458067.554217863129452, 3138233.122223109938204 ], [ 458067.69301138346782, 3138232.209995461627841 ], [ 458067.832731213944498, 3138231.290108759421855 ], [ 458067.978502664191183, 3138230.375476288609207 ], [ 458068.132671131053939, 3138229.476908141747117 ], [ 458068.294957072357647, 3138228.602524790912867 ], [ 458068.462834747508168, 3138227.757365080527961 ], [ 458068.63209437939804, 3138226.943221043795347 ], [ 458068.797533183649648, 3138226.158714101649821 ], [ 458068.953710994683206, 3138225.399607840459794 ], [ 458069.095701746467967, 3138224.65933338413015 ], [ 458069.219773190096021, 3138223.929685863666236 ], [ 458069.323933847132139, 3138223.201636214274913 ], [ 458069.408297787245829, 3138222.46619266923517 ], [ 458069.475233456352726, 3138221.715241780038923 ], [ 458069.529281229304615, 3138220.942299987655133 ], [ 458069.576844148628879, 3138220.143113738391548 ], [ 458069.62567586026853, 3138219.316058276221156 ], [ 458069.684207500016782, 3138218.462301720865071 ], [ 458069.760769785090815, 3138217.585720457602292 ], [ 458069.862776637019124, 3138216.69257266074419 ], [ 458069.995941454253625, 3138215.790957296732813 ], [ 458070.163596234633587, 3138214.890104370191693 ], [ 458070.366177112562582, 3138213.999557046219707 ], [ 458070.600927994295489, 3138213.128316228277981 ], [ 458070.861857698590029, 3138212.284022325184196 ], [ 458071.139966574672144, 3138211.472246848512441 ], [ 458071.423737436940428, 3138210.695958254858851 ], [ 458071.699864464811981, 3138209.955212608445436 ], [ 458071.954174093552865, 3138209.247101306449622 ], [ 458072.172675422916654, 3138208.565966707188636 ], [ 458072.342665596399456, 3138207.903873732779175 ], [ 458072.453808954858687, 3138207.251303301658481 ], [ 458072.499108117597643, 3138206.598013594280928 ], [ 458072.475690637424123, 3138205.933999380562454 ], [ 458072.385346175753511, 3138205.250469349790365 ], [ 458072.23476548306644, 3138204.540757498238236 ], [ 458072.035452695388813, 3138203.801087682601064 ], [ 458071.803305112291127, 3138203.031120257917792 ], [ 458071.557878065272234, 3138202.234225714113563 ], [ 458071.321375001571141, 3138201.41745117912069 ], [ 458071.117422850860748, 3138200.591170003637671 ], [ 458070.969708638614975, 3138199.768430479802191 ], [ 458070.900563988776412, 3138198.964045005384833 ], [ 458070.929588829167187, 3138198.193483627401292 ], [ 458071.072403917787597, 3138197.471654005348682 ], [ 458071.339613864780404, 3138196.811661866493523 ], [ 458071.736048698716331, 3138196.223650840111077 ], [ 458072.260333696729504, 3138195.713817639276385 ], [ 458072.904815485293511, 3138195.283687939867377 ], [ 458073.65584887919249, 3138194.929720607586205 ], [ 458074.494425234384835, 3138194.643284444697201 ], [ 458075.397100930626038, 3138194.41102402517572 ], [ 458076.33716551103862, 3138194.215601530391723 ], [ 458077.285974308324512, 3138194.03677212074399 ], [ 458078.214361050981097, 3138193.852723461575806 ], [ 458079.094042549782898, 3138193.641587829217315 ], [ 458079.898930243740324, 3138193.383019463159144 ], [ 458080.606271837721579, 3138193.059721929486841 ], [ 458081.197559763677418, 3138192.658810912631452 ], [ 458081.659160675713792, 3138192.172907232772559 ], [ 458081.98264029645361, 3138191.600872395560145 ], [ 458082.16477917029988, 3138190.948123439215124 ], [ 458082.207295686879661, 3138190.226493550464511 ], [ 458082.116311629069969, 3138189.453637632541358 ], [ 458081.901611170731485, 3138188.652015401050448 ], [ 458081.575755657569971, 3138187.847516058478504 ], [ 458081.153122961462941, 3138187.067815831396729 ], [ 458080.648941403778736, 3138186.340580507647246 ], [ 458080.078384290041868, 3138185.691637962590903 ], [ 458079.455782478733454, 3138185.143249465618283 ], [ 458078.793999939633068, 3138184.712602917104959 ], [ 458078.104002038948238, 3138184.41063644643873 ], [ 458077.39462957798969, 3138184.241277967579663 ], [ 458076.672574766154867, 3138184.201157046947628 ], [ 458075.942539622366894, 3138184.279811840970069 ], [ 458075.207543964032084, 3138184.46037844568491 ], [ 458074.469340108160395, 3138184.720715325791389 ], [ 458073.728885345044546, 3138185.034884170629084 ], [ 458072.98682148772059, 3138185.374882871750742 ], [ 458072.243913321464788, 3138185.712508252821863 ] ] ] } },
{ "type": "Feature", "properties": { "id": 46, "area_ha": 0.06583008646372511 }, "geometry": { "type": "Polygon", "coordinates": [ [ [ 458184.660495660966262, 3138187.954156924504787 ], [ 458184.163098415767308, 3138188.266578756738454 ], [ 458183.690223255427554, 3138188.637946078088135 ], [ 458183.248534036742058, 3138189.063719073310494 ], [ 458182.8442146628513, 3138189.538741027936339 ], [ 458182.482696667080745, 3138190.057380304206163 ], [ 458182.168412267812528, 3138190.613683063071221 ], [ 458181.904584925505333, 3138191.201531599275768 ], [ 458181.693067739543039, 3138191.81480300379917 ], [ 458181.534237840678543, 3138192.447522939182818 ], [ 458181.426952352456283, 3138193.094009576365352 ], [ 458181.368568647711072, 3138193.749003163538873 ], [ 458181.355028640246019, 3138194.407777304761112 ], [ 458181.381003873364534, 3138195.066228756681085 ], [ 458181.440095333498903, 3138195.72094339132309 ], [ 458181.525079366751015, 3138196.369236882310361 ], [ 458181.628188924107235, 3138197.009169626049697 ], [ 458181.741417711949907, 3138197.63953634724021 ], [ 458181.856833755213302, 3138198.259831750765443 ], [ 458181.9668884378043, 3138198.87019442114979 ], [ 458182.064707291778177, 3138199.471331891603768 ], [ 458182.144349651702214, 3138200.064430419355631 ], [ 458182.201025729998946, 3138200.651053442619741 ], [ 458182.231261638633441, 3138201.233032991643995 ], [ 458182.233005282760132, 3138201.812358426861465 ], [ 458182.205668775888626, 3138202.391066832933575 ], [ 458182.150105938548222, 3138202.971139154862612 ], [ 458182.068526412069332, 3138203.554405802860856 ], [ 458181.964350802882109, 3138204.14246492786333 ], [ 458181.842013938643504, 3138204.736615953966975 ], [ 458181.706725643132813, 3138205.337810256052762 ], [ 458181.564200309861917, 3138205.946620108094066 ], [ 458181.420367899874691, 3138206.563226270955056 ], [ 458181.281079735839739, 3138207.187423809431493 ], [ 458181.151822592481039, 3138207.818645032122731 ], [ 458181.037454082979821, 3138208.45599778322503 ], [ 458180.941971243650187, 3138209.098316780291498 ], [ 458180.868322583206464, 3138209.744225230067968 ], [ 458180.818271762575023, 3138210.392203676514328 ], [ 458180.792318615422118, 3138211.040662822313607 ], [ 458180.789680524729192, 3138211.688017056789249 ], [ 458180.808334360015579, 3138212.332755508832633 ], [ 458180.84511639631819, 3138212.973507659044117 ], [ 458180.895874998590443, 3138213.609100900124758 ], [ 458180.955668495909777, 3138214.238607841543853 ], [ 458181.018998687795829, 3138214.861381670460105 ], [ 458181.080068917188328, 3138215.47707842476666 ], [ 458181.13305466901511, 3138216.08566561434418 ], [ 458181.17237425345229, 3138216.687417187727988 ], [ 458181.192947319359519, 3138217.282895416021347 ], [ 458181.190429699548986, 3138217.872920744121075 ], [ 458181.161414368718397, 3138218.458531117998064 ], [ 458181.103590035811067, 3138219.040932651609182 ], [ 458181.015850996540394, 3138219.621443763840944 ], [ 458180.898354241217021, 3138220.201435091905296 ], [ 458180.752522326423787, 3138220.782267558388412 ], [ 458180.580993053736165, 3138221.365230933763087 ], [ 458180.387519435433205, 3138221.951485137920827 ], [ 458180.176825647125952, 3138222.54200629144907 ], [ 458179.954426569514908, 3138223.137539291754365 ], [ 458179.726420019287616, 3138223.738558329641819 ], [ 458179.499261795426719, 3138224.345236428547651 ], [ 458179.279534181405324, 3138224.957424680702388 ], [ 458179.073718533676583, 3138225.574641482438892 ], [ 458178.887982053624, 3138226.196071689482778 ], [ 458178.727987833262887, 3138226.820575268007815 ], [ 458178.598735829815269, 3138227.446704708505422 ], [ 458178.504440650576726, 3138228.072730219457299 ], [ 458178.448450007243082, 3138228.696671507321298 ], [ 458178.433205536275636, 3138229.316334822680801 ], [ 458178.46024548902642, 3138229.929353865329176 ], [ 458178.530246688460466, 3138230.533233136404306 ], [ 458178.643101226713043, 3138231.125392353162169 ], [ 458178.798021744180005, 3138231.703210638836026 ], [ 458178.993667856208049, 3138232.264069323427975 ], [ 458179.228285444842186, 3138232.80539235426113 ], [ 458179.499850143678486, 3138233.32468349346891 ], [ 458179.806206427165307, 3138233.819559664465487 ], [ 458180.145194262790028, 3138234.287780013866723 ], [ 458180.514756257820409, 3138234.727270419243723 ], [ 458180.913019572733901, 3138235.136143361218274 ], [ 458181.338348513003439, 3138235.512713204603642 ], [ 458181.789365546253975, 3138235.855507068801671 ], [ 458182.264940436230972, 3138236.163271554280072 ], [ 458182.764149120543152, 3138236.434975665062666 ], [ 458183.286205791460816, 3138236.669810292311013 ], [ 458183.830373259843327, 3138236.867184666916728 ], [ 458184.39585801481735, 3138237.026720159221441 ], [ 458184.981697352603078, 3138237.148241812828928 ], [ 458185.58664649608545, 3138237.23176795290783 ], [ 458186.209073724632617, 3138237.277498200535774 ], [ 458186.84687117690919, 3138237.285800169687718 ], [ 458187.497388197749387, 3138237.257195129524916 ], [ 458188.157392913068179, 3138237.19234285922721 ], [ 458188.823066192504484, 3138237.092025947757065 ], [ 458189.490030387591105, 3138236.957133765798062 ], [ 458190.15341329498915, 3138236.788646347355098 ], [ 458190.807945802225731, 3138236.587618449237198 ], [ 458191.448089730227366, 3138236.355164043605328 ], [ 458192.068190595717169, 3138236.092441546730697 ], [ 458192.662648478755727, 3138235.800640072207898 ], [ 458193.226098977727816, 3138235.480967021081597 ], [ 458193.753595436748583, 3138235.134637301322073 ], [ 458194.240783287445083, 3138234.762864447664469 ], [ 458194.684057478909381, 3138234.366853882558644 ], [ 458195.080694583477452, 3138233.94779848260805 ], [ 458195.428952231770381, 3138233.506876555737108 ], [ 458195.728130002331454, 3138233.045252228155732 ], [ 458195.97858770127641, 3138232.564078145194799 ], [ 458196.181719023326878, 3138232.064500264823437 ], [ 458196.339880791609176, 3138231.547664417419583 ], [ 458196.456280211743433, 3138231.014724181964993 ], [ 458196.534824741422199, 3138230.466849530581385 ], [ 458196.579941147763748, 3138229.905235609039664 ], [ 458196.596372007159516, 3138229.331110961269587 ], [ 458196.588959198270459, 3138228.7457444681786 ], [ 458196.562424782430753, 3138228.15045028924942 ], [ 458196.521160000935197, 3138227.546590123791248 ], [ 458196.469032925204374, 3138226.935572203248739 ], [ 458196.409224569390062, 3138226.318846539594233 ], [ 458196.344102045579348, 3138225.697896115016192 ], [ 458196.275135663105175, 3138225.074223875999451 ], [ 458196.202864815772045, 3138224.449335622601211 ], [ 458196.126915166794788, 3138223.82471908070147 ], [ 458196.046067136514466, 3138223.201819691807032 ], [ 458195.958373144036159, 3138222.582013867795467 ], [ 458195.861318577721249, 3138221.966580644715577 ], [ 458195.752019192324951, 3138221.356672854162753 ], [ 458195.627445665013511, 3138220.753289041575044 ], [ 458195.484664494986646, 3138220.157247439492494 ], [ 458195.321083379501943, 3138219.569163321517408 ], [ 458195.134688703343272, 3138218.989431005902588 ], [ 458194.924262874119449, 3138218.418211678043008 ], [ 458194.689569922862574, 3138217.855428005103022 ], [ 458194.431499050639104, 3138217.300766307860613 ], [ 458194.15215757873375, 3138216.753686738200486 ], [ 458193.854906980937812, 3138216.213441604748368 ], [ 458193.544338239531498, 3138215.67910162685439 ], [ 458193.226185554463882, 3138215.149589532054961 ], [ 458192.907180319307372, 3138214.623720044270158 ], [ 458192.594850124674849, 3138214.100244985427707 ], [ 458192.297270219307393, 3138213.57790189422667 ], [ 458192.022777228732593, 3138213.055464337579906 ], [ 458191.779656883853022, 3138212.531791907735169 ], [ 458191.57581894606119, 3138212.005877805873752 ], [ 458191.418473367055412, 3138211.4768919153139 ], [ 458191.31382193393074, 3138210.944217355921865 ], [ 458191.26677921472583, 3138210.407478705514222 ], [ 458191.280735543405171, 3138209.866560348775238 ], [ 458191.357373115431983, 3138209.32161378255114 ], [ 458191.496544072404504, 3138208.773053139448166 ], [ 458191.696216836047824, 3138208.221538682002574 ], [ 458191.952494027616922, 3138207.667948537506163 ], [ 458192.259702202863991, 3138207.113339489325881 ], [ 458192.61055050016148, 3138206.558898159768432 ], [ 458192.996352268615738, 3138206.005884407553822 ], [ 458193.407300967315678, 3138205.455569203943014 ], [ 458193.832789225911256, 3138204.909169596619904 ], [ 458194.261758047039621, 3138204.367783623281866 ], [ 458194.683061799558345, 3138203.832328182645142 ], [ 458195.085833962250035, 3138203.303482872899622 ], [ 458195.459838563168887, 3138202.781642705202103 ], [ 458195.795792921911925, 3138202.266882331576198 ], [ 458196.085648611013312, 3138201.758934072684497 ], [ 458196.322819448134396, 3138201.257181527093053 ], [ 458196.502347728121094, 3138200.760669966693968 ], [ 458196.621002687548753, 3138200.268134059850127 ], [ 458196.677308240847196, 3138199.778042747173458 ], [ 458196.671500192780513, 3138199.288660365156829 ], [ 458196.605416269914713, 3138198.798122389242053 ], [ 458196.482325280841906, 3138198.304523469880223 ], [ 458196.306704371992964, 3138197.806014835368842 ], [ 458196.083975573419593, 3138197.300907601602376 ], [ 458195.82021452212939, 3138196.787778133992106 ], [ 458195.521845332637895, 3138196.265571364667267 ], [ 458195.195336013508495, 3138195.733697848394513 ], [ 458194.846908574923873, 3138195.192120438907295 ], [ 458194.482277068076655, 3138194.641426676418632 ], [ 458194.106425268691964, 3138194.082883399911225 ], [ 458193.723433658306021, 3138193.518470639828593 ], [ 458193.336362851783633, 3138192.950892529450357 ], [ 458192.947197799512651, 3138192.383563778363168 ], [ 458192.556854086404201, 3138191.820571108255535 ], [ 458192.165244606148917, 3138191.266609983984381 ], [ 458191.77140194788808, 3138190.72689789859578 ], [ 458191.373649137152825, 3138190.207066365052015 ], [ 458190.969809050671756, 3138189.713034623768181 ], [ 458190.557440983247943, 3138189.25086880940944 ], [ 458190.134091572603211, 3138188.82663093553856 ], [ 458189.697546644776594, 3138188.446222530677915 ], [ 458189.246070551569574, 3138188.115228031761944 ], [ 458188.778620241442695, 3138187.838763158768415 ], [ 458188.295022587873973, 3138187.621333389542997 ], [ 458187.796105345594697, 3138187.466707377228886 ], [ 458187.283774414507207, 3138187.377809675876051 ], [ 458186.761032757000066, 3138187.356636524200439 ], [ 458186.231939208344556, 3138187.404197626747191 ], [ 458185.70150839863345, 3138187.520486020483077 ], [ 458185.175555927562527, 3138187.704477105289698 ], [ 458184.660495660966262, 3138187.954156924504787 ] ] ] } },
{ "type": "Feature", "properties": { "id": 47, "area_ha": 0.0065948929216879419 }, "geometry": { "type": "Polygon", "coordinates": [ [ [ 458109.5961435844074, 3138302.692514140624553 ], [ 458109.456619122007396, 3138302.551889373920858 ], [ 458109.312964365642983, 3138302.416815225500613 ], [ 458109.165650302602444, 3138302.288804698269814 ], [ 458109.015313067706302, 3138302.169421256985515 ], [ 458108.862747446750291, 3138302.060243618674576 ], [ 458108.70889466087101, 3138301.962828863412142 ], [ 458108.554824705177452, 3138301.878674915991724 ], [ 458108.401713704923168, 3138301.809183481615037 ], [ 458108.250816928688437, 3138301.755624517332762 ], [ 458108.103438254329376, 3138301.719103293959051 ], [ 458107.960897012671921, 3138301.700531035196036 ], [ 458107.82449323713081, 3138301.700600025244057 ], [ 458107.695472411462106, 3138301.719763945322484 ], [ 458107.574990842083935, 3138301.758224055636674 ], [ 458107.464082772610709, 3138301.815921656321734 ], [ 458107.363630316511262, 3138301.892537084408104 ], [ 458107.274337202834431, 3138301.987495306413621 ], [ 458107.196707218652591, 3138302.099977961275727 ], [ 458107.131028085830621, 3138302.228941524401307 ], [ 458107.077361344825476, 3138302.373141073156148 ], [ 458107.035538626310881, 3138302.531158972065896 ], [ 458107.00516449281713, 3138302.701437642797828 ], [ 458106.985625820758287, 3138302.882315474562347 ], [ 458106.976107486174442, 3138303.072064829990268 ], [ 458106.975613915070426, 3138303.268931061960757 ], [ 458106.982995869242586, 3138303.471171411685646 ], [ 458106.996981671720278, 3138303.677092696540058 ], [ 458107.016211931768339, 3138303.885086730122566 ], [ 458107.039276715484448, 3138304.093662502709776 ], [ 458107.064754030143376, 3138304.301474260166287 ], [ 458107.091248447191902, 3138304.507344766054302 ], [ 458107.117428683966864, 3138304.710283175110817 ], [ 458107.142062998318579, 3138304.909497138578445 ], [ 458107.164051319705322, 3138305.10439893649891 ], [ 458107.182453146670014, 3138305.294605629984289 ], [ 458107.19651037582662, 3138305.479933408088982 ], [ 458107.205664390232414, 3138305.660386487841606 ], [ 458107.20956692029722, 3138305.836141084320843 ], [ 458107.208084387355484, 3138306.007525129243731 ], [ 458107.201295649458189, 3138306.174994509667158 ], [ 458107.189483277616091, 3138306.339106725528836 ], [ 458107.173118694394361, 3138306.500492892228067 ], [ 458107.152841700357385, 3138306.659829074982554 ], [ 458107.129435086797457, 3138306.817807915154845 ], [ 458107.103795185685158, 3138306.975111480336636 ], [ 458107.076899328443687, 3138307.132386213168502 ], [ 458107.049771276419051, 3138307.290220731403679 ], [ 458107.023445740866009, 3138307.449127145111561 ], [ 458106.998933129361831, 3138307.609526386950165 ], [ 458106.977185636409558, 3138307.771737917792052 ], [ 458106.95906574401306, 3138307.935973986983299 ], [ 458106.945318108191714, 3138308.102338476106524 ], [ 458106.936545690987259, 3138308.270830173045397 ], [ 458106.933190851239488, 3138308.441350178793073 ], [ 458106.935521941806655, 3138308.613712994847447 ], [ 458106.943625779123977, 3138308.787660717964172 ], [ 458106.957406159199309, 3138308.962879672180861 ], [ 458106.976588398742024, 3138309.1390187186189 ], [ 458107.000729689199943, 3138309.315708445385098 ], [ 458107.029234868998174, 3138309.492580423131585 ], [ 458107.061377052101307, 3138309.669285715557635 ], [ 458107.096322404104285, 3138309.845511881168932 ], [ 458107.133158236916643, 3138310.020997776649892 ], [ 458107.170923499390483, 3138310.195545557420701 ], [ 458107.208640678960364, 3138310.369029391091317 ], [ 458107.245348102820572, 3138310.541400538757443 ], [ 458107.280131628853269, 3138310.712688586208969 ], [ 458107.312154755287338, 3138310.882998779416084 ], [ 458107.340686244133394, 3138311.05250555742532 ], [ 458107.365124449774157, 3138311.221442520618439 ], [ 458107.385017661377788, 3138311.390089227817953 ], [ 458107.400079908606131, 3138311.558755313977599 ], [ 458107.410201833234169, 3138311.727762545924634 ], [ 458107.415456389368046, 3138311.897425504866987 ], [ 458107.416099305672105, 3138312.068031632807106 ], [ 458107.412564402504358, 3138312.239821423310786 ], [ 458107.405454016290605, 3138312.41296952450648 ], [ 458107.395524926483631, 3138312.58756749657914 ], [ 458107.383670306880958, 3138312.76360890828073 ], [ 458107.370898329711054, 3138312.940977380145341 ], [ 458107.358308132155798, 3138313.119438071735203 ], [ 458107.347063911089208, 3138313.29863299569115 ], [ 458107.338367940858006, 3138313.478080400265753 ], [ 458107.333433309395332, 3138313.65717832185328 ], [ 458107.333457144501153, 3138313.835212259553373 ], [ 458107.339595049794298, 3138314.011366776656359 ], [ 458107.35293740069028, 3138314.184740697033703 ], [ 458107.374488058150746, 3138314.354365434963256 ], [ 458107.405145952536259, 3138314.519225887954235 ], [ 458107.445689873537049, 3138314.678283229935914 ], [ 458107.496766680851579, 3138314.830498874653131 ], [ 458107.558883025136311, 3138314.974858837667853 ], [ 458107.632400549366139, 3138315.110397716518492 ], [ 458107.717534428928047, 3138315.236221507657319 ], [ 458107.814355005335528, 3138315.351528540253639 ], [ 458107.922792186087463, 3138315.455627849325538 ], [ 458108.042642211541533, 3138315.547954417765141 ], [ 458108.173576343106106, 3138315.628080816473812 ], [ 458108.315150998998433, 3138315.695724891964346 ], [ 458108.466818856075406, 3138315.750753300730139 ], [ 458108.627940451144241, 3138315.793180810287595 ], [ 458108.797795846825466, 3138315.823165451176465 ], [ 458108.975595977855846, 3138315.840999727137387 ], [ 458109.160493356117513, 3138315.847098228987306 ], [ 458109.351591889339034, 3138315.841982115525752 ], [ 458109.547955648158677, 3138315.82626102026552 ], [ 458109.748616503493395, 3138315.800613024737686 ], [ 458109.952580639102962, 3138315.765763398259878 ], [ 458110.158834025729448, 3138315.72246282780543 ], [ 458110.366347012924962, 3138315.671465870924294 ], [ 458110.574078257253859, 3138315.613510344643146 ], [ 458110.780978249269538, 3138315.549298313912004 ], [ 458110.985992734145839, 3138315.479479274712503 ], [ 458111.188066329283174, 3138315.404636040795594 ], [ 458111.386146640696097, 3138315.32527373265475 ], [ 458111.579189151583705, 3138315.241812145803124 ], [ 458111.766163117776159, 3138315.154581663198769 ], [ 458111.946058648347389, 3138315.063822721131146 ], [ 458112.117895078728907, 3138314.969688732177019 ], [ 458112.280730665836018, 3138314.872252225410193 ], [ 458112.433673549501691, 3138314.771513867657632 ], [ 458112.575893834757153, 3138314.667413917370141 ], [ 458112.706636564980727, 3138314.559845584910363 ], [ 458112.82523527223384, 3138314.448669720906764 ], [ 458112.931125722418074, 3138314.333730205893517 ], [ 458113.023859410022851, 3138314.214869407471269 ], [ 458113.103116316779051, 3138314.091943081934005 ], [ 458113.168716422398575, 3138313.964834127575159 ], [ 458113.220629451563582, 3138313.833464660216123 ], [ 458113.258982357103378, 3138313.697805951349437 ], [ 458113.284064077888615, 3138313.557885863818228 ], [ 458113.29632716946071, 3138313.413793532643467 ], [ 458113.29638598189922, 3138313.265681136865169 ], [ 458113.285011156520341, 3138313.113762747962028 ], [ 458113.26312032045098, 3138312.958310341928154 ], [ 458113.231764979369473, 3138312.799647184554487 ], [ 458113.192113732511643, 3138312.638138904236257 ], [ 458113.145432063029148, 3138312.47418265324086 ], [ 458113.093059080420062, 3138312.308194835204631 ], [ 458113.036381709156558, 3138312.140597938094288 ], [ 458112.97680692083668, 3138311.971807034220546 ], [ 458112.915732697409112, 3138311.802216528914869 ], [ 458112.854518479958642, 3138311.632187725044787 ], [ 458112.794455902010668, 3138311.462037730496377 ], [ 458112.736740627500694, 3138311.292030188255012 ], [ 458112.682446105929557, 3138311.122368224896491 ], [ 458112.63250002078712, 3138310.953189926687628 ], [ 458112.58766415034188, 3138310.784566549118608 ], [ 458112.548518268682528, 3138310.616503545083106 ], [ 458112.515448608668521, 3138310.448944393545389 ], [ 458112.488641278410796, 3138310.281777080148458 ], [ 458112.46808087755926, 3138310.114842982031405 ], [ 458112.453554404550232, 3138309.947947797365487 ], [ 458112.444660383975133, 3138309.780874077230692 ], [ 458112.440822981181554, 3138309.613394851796329 ], [ 458112.441310713533312, 3138309.445287774782628 ], [ 458112.445259221538436, 3138309.276349201332778 ], [ 458112.45169743115548, 3138309.106407595798373 ], [ 458112.459576328285038, 3138308.935335686430335 ], [ 458112.467799478559755, 3138308.763060837052763 ], [ 458112.475254368153401, 3138308.589573147706687 ], [ 458112.480843609315343, 3138308.414930910337716 ], [ 458112.483515059575438, 3138308.239263118710369 ], [ 458112.482289933599532, 3138308.06276886491105 ], [ 458112.476288052799646, 3138307.885713569819927 ], [ 458112.464749470585957, 3138307.70842212671414 ], [ 458112.447051828552503, 3138307.53126916103065 ], [ 458112.422722941148095, 3138307.354666733182967 ], [ 458112.391448264184874, 3138307.179049924015999 ], [ 458112.35307307302719, 3138307.004860837012529 ], [ 458112.307599353545811, 3138306.832531632389873 ], [ 458112.255177586746868, 3138306.662467261776328 ], [ 458112.196093778882641, 3138306.495028609409928 ], [ 458112.130752251308877, 3138306.330516746733338 ], [ 458112.059654845390469, 3138306.169158986303955 ], [ 458111.983377321332227, 3138306.011097382288426 ], [ 458111.902543823060114, 3138305.856380235869437 ], [ 458111.817800346412696, 3138305.704957086127251 ], [ 458111.729788182885386, 3138305.556677538435906 ], [ 458111.639118306862656, 3138305.411294150166214 ], [ 458111.546347643132322, 3138305.268469461239874 ], [ 458111.451958082558122, 3138305.127787087578326 ], [ 458111.356339016172569, 3138304.988766660913825 ], [ 458111.25977403431898, 3138304.85088224010542 ], [ 458111.162432286771946, 3138304.713583680335432 ], [ 458111.064364836609457, 3138304.576320325955749 ], [ 458110.965506158478092, 3138304.438566289842129 ], [ 458110.865680749760941, 3138304.299846486654133 ], [ 458110.764614635612816, 3138304.159762557130307 ], [ 458110.661951372399926, 3138304.018017769325525 ], [ 458110.557271986152045, 3138303.874440004117787 ], [ 458110.45011813758174, 3138303.729001964442432 ], [ 458110.340017679787707, 3138303.581837811507285 ], [ 458110.226511681335978, 3138303.433255530428141 ], [ 458110.109181922627613, 3138303.283744445070624 ], [ 458109.987677845812868, 3138303.133977450430393 ], [ 458109.861741943459492, 3138302.984807685483247 ], [ 458109.731232613499742, 3138302.837259550113231 ], [ 458109.5961435844074, 3138302.692514140624553 ] ] ] } },
{ "type": "Feature", "properties": { "id": 48, "area_ha": 0.0044492117858638373 }, "geometry": { "type": "Polygon", "coordinates": [ [ [ 457752.697372682509013, 3138362.466586659196764 ], [ 457752.590340056456625, 3138362.534869692754 ], [ 457752.481963112251833, 3138362.608203593175858 ], [ 457752.372508766595274, 3138362.685755168553442 ], [ 457752.262271975516342, 3138362.766729666851461 ], [ 457752.151572370203212, 3138362.850388105027378 ], [ 457752.040750588814262, 3138362.936062365304679 ], [ 457751.930164376855828, 3138363.023167665116489 ], [ 457751.820184524636716, 3138363.111212088726461 ], [ 457751.711190704081673, 3138363.199802970513701 ], [ 457751.603567260317504, 3138363.288650021888316 ], [ 457751.49769900389947, 3138363.377565206028521 ], [ 457751.393967043375596, 3138363.466459459159523 ], [ 457751.292744687933009, 3138363.555336468853056 ], [ 457751.194393443933222, 3138363.644283807370812 ], [ 457751.09925912466133, 3138363.733461790252477 ], [ 457751.007668085512705, 3138363.823090519290417 ], [ 457750.919923599576578, 3138363.913435589987785 ], [ 457750.836302383162547, 3138364.00479300878942 ], [ 457750.75705128867412, 3138364.0974738500081 ], [ 457750.682384180370718, 3138364.191789203323424 ], [ 457750.612479019910097, 3138364.288035918958485 ], [ 457750.547475189494435, 3138364.386483632959425 ], [ 457750.487471093423665, 3138364.487363490276039 ], [ 457750.43252208258491, 3138364.590858912095428 ], [ 457750.382638755545486, 3138364.697098673786968 ], [ 457750.337785696610808, 3138364.806152472738177 ], [ 457750.297880714468192, 3138364.918029066175222 ], [ 457750.262794649519492, 3138365.032676958478987 ], [ 457750.232351815677248, 3138365.149987532291561 ], [ 457750.206331142107956, 3138365.269800423644483 ], [ 457750.184468070743605, 3138365.391910848673433 ], [ 457750.166457257117145, 3138365.516078545711935 ], [ 457750.151956108573359, 3138365.642037906683981 ], [ 457750.14058917562943, 3138365.76950886612758 ], [ 457750.131953392643481, 3138365.898208057042211 ], [ 457750.125624141655862, 3138366.027859773952514 ], [ 457750.121162087772973, 3138366.158206260763109 ], [ 457750.118120708561037, 3138366.289016895927489 ], [ 457750.116054414073005, 3138366.420095886103809 ], [ 457750.114527127472684, 3138366.551288132090122 ], [ 457750.113121171947569, 3138366.682483014650643 ], [ 457750.111446288879961, 3138366.813615929335356 ], [ 457750.109148592629936, 3138366.944667475298047 ], [ 457750.105919253313914, 3138367.075660321861506 ], [ 457750.101502691803034, 3138367.206653837580234 ], [ 457750.0957040663925, 3138367.337736681103706 ], [ 457750.088395835016854, 3138367.469017623923719 ], [ 457750.079523186956067, 3138367.600614950526506 ], [ 457750.069108154450078, 3138367.732644834555686 ], [ 457750.057252238271758, 3138367.865209154784679 ], [ 457750.044137411459815, 3138367.998383218888193 ], [ 457750.030025399115402, 3138368.132203893270344 ], [ 457750.015255174716003, 3138368.266658625099808 ], [ 457750.000238654552959, 3138368.401675815694034 ], [ 457749.985454621142708, 3138368.537116969935596 ], [ 457749.971440951747354, 3138368.67277098307386 ], [ 457749.958785278256983, 3138368.808350860606879 ], [ 457749.948114248982165, 3138368.943493079859763 ], [ 457749.940081607259344, 3138369.077759720385075 ], [ 457749.935355339664966, 3138369.210643382743001 ], [ 457749.934604180394672, 3138369.341574823018163 ], [ 457749.938483783451375, 3138369.469933140557259 ], [ 457749.947622892505024, 3138369.595058250240982 ], [ 457749.962609847483691, 3138369.716265298426151 ], [ 457749.983979766897392, 3138369.832860603462905 ], [ 457750.012202734011225, 3138369.94415864860639 ], [ 457750.047673297929578, 3138370.04949959507212 ], [ 457750.090701568347868, 3138370.148266784381121 ], [ 457750.141506149549969, 3138370.239903659094125 ], [ 457750.200209111673757, 3138370.323929568286985 ], [ 457750.266833145695273, 3138370.39995393389836 ], [ 457750.341300994157791, 3138370.467688312754035 ], [ 457750.423437186691444, 3138370.526955941226333 ], [ 457750.51297204970615, 3138370.577698435168713 ], [ 457750.60954789572861, 3138370.619979391340166 ], [ 457750.712727238715161, 3138370.653984750621021 ], [ 457750.822002825094387, 3138370.680019860621542 ], [ 457750.936809217440896, 3138370.69850330427289 ], [ 457751.056535626295954, 3138370.709957632701844 ], [ 457751.180539645953104, 3138370.7149972692132 ], [ 457751.308161527325865, 3138370.714313904289156 ], [ 457751.438738601980731, 3138370.708659812342376 ], [ 457751.571619468159042, 3138370.69882955448702 ], [ 457751.706177555664908, 3138370.685640603303909 ], [ 457751.841823702387046, 3138370.669913442339748 ], [ 457751.978017405432183, 3138370.652451707515866 ], [ 457752.114276446285658, 3138370.634022942278534 ], [ 457752.250184636854101, 3138370.615340499207377 ], [ 457752.385397487320006, 3138370.59704709565267 ], [ 457752.519645657623187, 3138370.579700466245413 ], [ 457752.652736117655877, 3138370.563761488068849 ], [ 457752.784551009128336, 3138370.549585074186325 ], [ 457752.9150442678947, 3138370.537414045073092 ], [ 457753.044236130896024, 3138370.527376090642065 ], [ 457753.172205712995492, 3138370.519483833573759 ], [ 457753.299081894394476, 3138370.5136379301548 ], [ 457753.425032808328979, 3138370.509633027948439 ], [ 457753.550254257163033, 3138370.507166335824877 ], [ 457753.674957416078541, 3138370.505848484113812 ], [ 457753.799356200674083, 3138370.505216280929744 ], [ 457753.923654683865607, 3138370.504746943712234 ], [ 457754.04803494294174, 3138370.503873334731907 ], [ 457754.1726457013865, 3138370.501999718137085 ], [ 457754.297592104529031, 3138370.498517570551485 ], [ 457754.422926932747941, 3138370.492820970248431 ], [ 457754.548643508169334, 3138370.484321140218526 ], [ 457754.674670500913635, 3138370.472459755837917 ], [ 457754.800868781341705, 3138370.45672069163993 ], [ 457754.927030401944648, 3138370.436639934778214 ], [ 457755.052879729948472, 3138370.411813479382545 ], [ 457755.178076684765983, 3138370.38190308585763 ], [ 457755.302221975522116, 3138370.346639863215387 ], [ 457755.42486417084001, 3138370.305825718212873 ], [ 457755.54550838470459, 3138370.259332773275673 ], [ 457755.663626313034911, 3138370.207100937608629 ], [ 457755.778667319973465, 3138370.149133850820363 ], [ 457755.890070244611707, 3138370.085493477992713 ], [ 457755.997275581874419, 3138370.01629366632551 ], [ 457756.099737684242427, 3138369.941692980471998 ], [ 457756.196936635300517, 3138369.861887157894671 ], [ 457756.288389460998587, 3138369.777101500425488 ], [ 457756.37366036901949, 3138369.687583510298282 ], [ 457756.452369739767164, 3138369.593596041202545 ], [ 457756.524201635562349, 3138369.495411193929613 ], [ 457756.588909640500788, 3138369.393305139616132 ], [ 457756.646320898493286, 3138369.287553990259767 ], [ 457756.696338271256536, 3138369.178430791478604 ], [ 457756.738940595882013, 3138369.066203635185957 ], [ 457756.774181079585105, 3138368.951134843751788 ], [ 457756.802183920983225, 3138368.833481125067919 ], [ 457756.823139301559422, 3138368.713494536932558 ], [ 457756.837296931946184, 3138368.59142407681793 ], [ 457756.844958380039316, 3138368.467517669778317 ], [ 457756.846468435134739, 3138368.342024321202189 ], [ 457756.842205785855185, 3138368.215196179226041 ], [ 457756.832573301682714, 3138368.087290280032903 ], [ 457756.81798821099801, 3138367.958569739945233 ], [ 457756.798872462299187, 3138367.829304209444672 ], [ 457756.775643541011959, 3138367.699769435450435 ], [ 457756.748705989681184, 3138367.570245812647045 ], [ 457756.718443850288168, 3138367.441015884745866 ], [ 457756.685214209835976, 3138367.312360781244934 ], [ 457756.649341989250388, 3138367.184555667918175 ], [ 457756.611116071406286, 3138367.057864313013852 ], [ 457756.570786816126201, 3138366.932532958686352 ], [ 457756.528564966400154, 3138366.808783708140254 ], [ 457756.484621900308412, 3138366.686807699501514 ], [ 457756.439091145293787, 3138366.566758355591446 ], [ 457756.39207102986984, 3138366.448745027650148 ], [ 457756.343628315720707, 3138366.332827345002443 ], [ 457756.293802627536934, 3138366.219010596163571 ], [ 457756.242611476336606, 3138366.107242423575372 ], [ 457756.19005566148553, 3138365.9974110936746 ], [ 457756.136124830693007, 3138365.889345567207783 ], [ 457756.080802981916349, 3138365.782817513681948 ], [ 457756.024073700071312, 3138365.677545375656337 ], [ 457755.965924940246623, 3138365.573200500570238 ], [ 457755.906353191065136, 3138365.469415286555886 ], [ 457755.845366881345399, 3138365.365793217904866 ], [ 457755.782988924940582, 3138365.261920573655516 ], [ 457755.719258334138431, 3138365.157379547134042 ], [ 457755.65423086786177, 3138365.051762420218438 ], [ 457755.587978718918748, 3138364.94468640955165 ], [ 457755.520589278719854, 3138364.835808740928769 ], [ 457755.452163052104879, 3138364.724841481540352 ], [ 457755.382810824317858, 3138364.611565661616623 ], [ 457755.312650208186824, 3138364.495844193734229 ], [ 457755.241801719006617, 3138364.377633141353726 ], [ 457755.17038454010617, 3138364.256990910042077 ], [ 457755.098512150696479, 3138364.134084990248084 ], [ 457755.026287988235708, 3138364.009195941034704 ], [ 457754.953801316791214, 3138363.882718388922513 ], [ 457754.881123460188974, 3138363.755158897489309 ], [ 457754.808304544945713, 3138363.627130652777851 ], [ 457754.735370879527181, 3138363.499345020856708 ], [ 457754.662323070049752, 3138363.372600119560957 ], [ 457754.589134948793799, 3138363.247766646090895 ], [ 457754.515753361571115, 3138363.125771298073232 ], [ 457754.442098831292242, 3138363.007578200194985 ], [ 457754.36806708574295, 3138362.894168821163476 ], [ 457754.293531409057323, 3138362.786520919762552 ], [ 457754.21834575093817, 3138362.685587101150304 ], [ 457754.142348503752146, 3138362.592273583170027 ], [ 457754.065366838301998, 3138362.50741977058351 ], [ 457753.98722147376975, 3138362.431779233273119 ], [ 457753.907731747021899, 3138362.366002624388784 ], [ 457753.826720838318579, 3138362.310623054858297 ], [ 457753.744021011574659, 3138362.266044333111495 ], [ 457753.659478729125112, 3138362.232532432302833 ], [ 457753.572959508339409, 3138362.210210423450917 ], [ 457753.484352400468197, 3138362.19905703002587 ], [ 457753.393573984387331, 3138362.198908836115152 ], [ 457753.300571787520312, 3138362.209466086234897 ], [ 457753.205327064206358, 3138362.230301888193935 ], [ 457753.107856882794295, 3138362.260874548461288 ], [ 457753.008215492242016, 3138362.300542654469609 ], [ 457752.906494960770942, 3138362.348582461476326 ], [ 457752.802825097111054, 3138362.404207044281065 ], [ 457752.697372682509013, 3138362.466586659196764 ] ] ] } },
{ "type": "Feature", "properties": { "id": 49, "area_ha": 0.78199313543989124 }, "geometry": { "type": "Polygon", "coordinates": [ [ [ 457788.510246567311697, 3138314.752906833775342 ], [ 457788.385861491318792, 3138316.600110376719385 ], [ 457788.606760904949624, 3138318.390061148442328 ], [ 457789.030340066063218, 3138320.129826896823943 ], [ 457789.534601665276568, 3138321.872545791789889 ], [ 457790.045371078129392, 3138323.677231009118259 ], [ 457790.538821157126222, 3138325.573842849582434 ], [ 457791.023378329991829, 3138327.547915074508637 ], [ 457791.51339465577621, 3138329.549185033421963 ], [ 457792.008760296157561, 3138331.517707336228341 ], [ 457792.489672575436998, 3138333.413633475545794 ], [ 457792.926982471137308, 3138335.23617484793067 ], [ 457793.300422755419277, 3138337.023143585305661 ], [ 457793.613488520612009, 3138338.831916415132582 ], [ 457793.89624617411755, 3138340.711276450194418 ], [ 457794.194297449022997, 3138342.67751090368256 ], [ 457794.549766393727623, 3138344.705794602632523 ], [ 457794.984513228584547, 3138346.740570675116032 ], [ 457795.494572079973295, 3138348.719850051216781 ], [ 457796.058691604121123, 3138350.602136374916881 ], [ 457796.656010054575745, 3138352.383789599873126 ], [ 457797.282459490350448, 3138354.099314840510488 ], [ 457797.955477028095629, 3138355.805010044481605 ], [ 457798.7023198264651, 3138357.55391201749444 ], [ 457799.536098226497415, 3138359.373639626428485 ], [ 457800.43117379344767, 3138361.256992403417826 ], [ 457801.311800342286006, 3138363.168979470618069 ], [ 457802.063192389905453, 3138365.066289869137108 ], [ 457802.564295203890651, 3138366.919628708157688 ], [ 457802.730806577834301, 3138368.728340273257345 ], [ 457802.550588413607329, 3138370.520650251768529 ], [ 457802.094938660215121, 3138372.33974338741973 ], [ 457801.498280486557633, 3138374.222488699480891 ], [ 457800.912053325155284, 3138376.180888580158353 ], [ 457800.450212572002783, 3138378.194837709888816 ], [ 457800.148424427257851, 3138380.21935061365366 ], [ 457799.95431533374358, 3138382.202678208239377 ], [ 457799.753652684739791, 3138384.10685256915167 ], [ 457799.4222749270848, 3138385.92139616375789 ], [ 457798.882460529159289, 3138387.664462035056204 ], [ 457798.140192158403806, 3138389.371747098397464 ], [ 457797.287610566185322, 3138391.079196103848517 ], [ 457796.469640221621376, 3138392.808101464062929 ], [ 457795.829025687009562, 3138394.559547774959356 ], [ 457795.453227052232251, 3138396.320153736975044 ], [ 457795.345739450596739, 3138398.075235426891595 ], [ 457795.433757578546647, 3138399.821742499247193 ], [ 457795.608298154838849, 3138401.573475190903991 ], [ 457795.77879037882667, 3138403.355121009983122 ], [ 457795.917885668342933, 3138405.187590249814093 ], [ 457796.076544383133296, 3138407.072037409059703 ], [ 457796.362444666912779, 3138408.981328614521772 ], [ 457796.890771739941556, 3138410.864712718874216 ], [ 457797.728540781652555, 3138412.6653434317559 ], [ 457798.856579924526159, 3138414.343902776949108 ], [ 457800.165933813666925, 3138415.897961243521422 ], [ 457801.490991579776164, 3138417.367742025759071 ], [ 457802.66634266305482, 3138418.824381985701621 ], [ 457803.58471596473828, 3138420.344289377797395 ], [ 457804.233304504363332, 3138421.979443572461605 ], [ 457804.695074439805467, 3138423.735610844567418 ], [ 457805.116096704558004, 3138425.567419794853777 ], [ 457805.653287200664636, 3138427.39232117170468 ], [ 457806.42368755384814, 3138429.117678613867611 ], [ 457807.474115755292587, 3138430.670018002856523 ], [ 457808.780194907216355, 3138432.015059510245919 ], [ 457810.271078631049022, 3138433.161638669203967 ], [ 457811.866220333904494, 3138434.149858335964382 ], [ 457813.507316270435695, 3138435.030464025679976 ], [ 457815.172896908654366, 3138435.845507647842169 ], [ 457816.872370799304917, 3138436.618595615029335 ], [ 457818.62604158767499, 3138437.357443985063583 ], [ 457820.443297996418551, 3138438.064913041424006 ], [ 457822.310564158658963, 3138438.750425827223808 ], [ 457824.19450436765328, 3138439.433811679948121 ], [ 457826.057716021547094, 3138440.138102551456541 ], [ 457827.877841640089173, 3138440.874408400151879 ], [ 457829.659633311792277, 3138441.627331698779017 ], [ 457831.43344173260266, 3138442.350558931473643 ], [ 457833.24070008401759, 3138442.978326346259564 ], [ 457835.113599712320138, 3138443.450932885985821 ], [ 457837.059034213831183, 3138443.744792195037007 ], [ 457839.054679928405676, 3138443.89345978340134 ], [ 457841.058978545770515, 3138443.987994693219662 ], [ 457843.029880461632274, 3138444.152638303115964 ], [ 457844.942931488738395, 3138444.502162818331271 ], [ 457846.799733995867427, 3138445.095920407678932 ], [ 457848.622726541536395, 3138445.906617115717381 ], [ 457850.43913880630862, 3138446.817414104472846 ], [ 457852.262446429871488, 3138447.650544450152665 ], [ 457854.080946943839081, 3138448.218321818392724 ], [ 457855.859538830991369, 3138448.378300822339952 ], [ 457857.554142792592756, 3138448.072349085938185 ], [ 457859.131747521576472, 3138447.335534393787384 ], [ 457860.586031580518465, 3138446.272634327877313 ], [ 457861.940498703159392, 3138445.012892344035208 ], [ 457863.237194633868057, 3138443.662076271139085 ], [ 457864.51639626751421, 3138442.27143277740106 ], [ 457865.797547447204124, 3138440.835548595990986 ], [ 457867.071616231347434, 3138439.318597962148488 ], [ 457868.309785930789076, 3138437.696220691781491 ], [ 457869.485315237601753, 3138435.993454891722649 ], [ 457870.598335758724716, 3138434.300592715386301 ], [ 457871.690806820348371, 3138432.757940114941448 ], [ 457872.842317564471159, 3138431.513470016885549 ], [ 457874.1456200418761, 3138430.668906557839364 ], [ 457875.670116856053937, 3138430.235151391476393 ], [ 457877.427752624207642, 3138430.115010416600853 ], [ 457879.355885531229433, 3138430.121138996910304 ], [ 457881.32544531772146, 3138430.024042352102697 ], [ 457883.172602624457795, 3138429.61399235855788 ], [ 457884.742625992104877, 3138428.756007463205606 ], [ 457885.929745931411162, 3138427.420143800787628 ], [ 457886.698777730052825, 3138425.678728777915239 ], [ 457887.082065374415834, 3138423.673980760388076 ], [ 457887.155499700107612, 3138421.56917592510581 ], [ 457887.005443616537377, 3138419.500753479544073 ], [ 457886.700918773654848, 3138417.546454255003482 ], [ 457886.281509347318206, 3138415.717272139154375 ], [ 457885.763183866220061, 3138413.971888658590615 ], [ 457885.155608381435741, 3138412.244879929814488 ], [ 457884.479547960974742, 3138410.476763669867069 ], [ 457883.773823550203815, 3138408.635437502525747 ], [ 457883.087381691671908, 3138406.723456937819719 ], [ 457882.46024059219053, 3138404.77155275316909 ], [ 457881.903319950448349, 3138402.823446741327643 ], [ 457881.388348391745239, 3138400.918964514974505 ], [ 457880.854537791630719, 3138399.08153927186504 ], [ 457880.230652314668987, 3138397.313415378332138 ], [ 457879.463369992736261, 3138395.598632473032922 ], [ 457878.539224036154337, 3138393.911429220344871 ], [ 457877.489788077247795, 3138392.226638318505138 ], [ 457876.377162910415791, 3138390.52884846040979 ], [ 457875.26584370888304, 3138388.818066107109189 ], [ 457874.193467077100649, 3138387.110769803170115 ], [ 457873.153680956573226, 3138385.436300422996283 ], [ 457872.098997748806141, 3138383.829432625323534 ], [ 457870.962407929357141, 3138382.320791814476252 ], [ 457869.687944043835159, 3138380.927473137620836 ], [ 457868.256306102848612, 3138379.646536155603826 ], [ 457866.694027799239848, 3138378.453647631686181 ], [ 457865.062407101097051, 3138377.307842654641718 ], [ 457863.431932876468636, 3138376.161388450767845 ], [ 457861.854731469938997, 3138374.971730415243655 ], [ 457860.348387799749617, 3138373.711365135852247 ], [ 457858.898901539563667, 3138372.371915057767183 ], [ 457857.481099807715509, 3138370.960763372015208 ], [ 457856.085996568610426, 3138369.49165918212384 ], [ 457854.740622936864384, 3138367.97346223378554 ], [ 457853.508800952637102, 3138366.402357987128198 ], [ 457852.470025820948649, 3138364.761713203508407 ], [ 457851.684146412706468, 3138363.030537931248546 ], [ 457851.157006120018195, 3138361.197535974904895 ], [ 457850.823021958116442, 3138359.274718284606934 ], [ 457850.554215492447838, 3138357.303992239292711 ], [ 457850.194169930939097, 3138355.35249816486612 ], [ 457849.604625398875214, 3138353.496921139303595 ], [ 457848.706752006197348, 3138351.801730101928115 ], [ 457847.501139479398262, 3138350.29922116547823 ], [ 457846.05937235156307, 3138348.978995089884847 ], [ 457844.491823633143213, 3138347.791057525202632 ], [ 457842.90580543607939, 3138346.661486550234258 ], [ 457841.371330363326706, 3138345.514787059742957 ], [ 457839.907258301333059, 3138344.294712133239955 ], [ 457838.490773378347512, 3138342.976448504254222 ], [ 457837.082582041213755, 3138341.567057371605188 ], [ 457835.653798001818359, 3138340.096062168944627 ], [ 457834.20101276045898, 3138338.601786368526518 ], [ 457832.743052362056915, 3138337.119827772025019 ], [ 457831.30284482636489, 3138335.677710655145347 ], [ 457829.885759995959233, 3138334.295623841229826 ], [ 457828.467805742810015, 3138332.989463767968118 ], [ 457827.002109618741088, 3138331.771175171248615 ], [ 457825.442527602892369, 3138330.643382497131824 ], [ 457823.773676022829022, 3138329.589586610440165 ], [ 457822.031978076905943, 3138328.565489972475916 ], [ 457820.305066475877538, 3138327.498788570985198 ], [ 457818.706191834702622, 3138326.302552468143404 ], [ 457817.33205018483568, 3138324.901549092959613 ], [ 457816.22118337143911, 3138323.263901879545301 ], [ 457815.331500397878699, 3138321.425648014992476 ], [ 457814.548420708859339, 3138319.495841223746538 ], [ 457813.722418575780466, 3138317.635661534033716 ], [ 457812.721846796572208, 3138316.014789463020861 ], [ 457811.479640544217546, 3138314.758267909288406 ], [ 457810.014327559212688, 3138313.902865018229932 ], [ 457808.416212076495867, 3138313.380579027812928 ], [ 457806.804316674591973, 3138313.038210070226341 ], [ 457805.272314894828014, 3138312.688800459261984 ], [ 457803.846702138776891, 3138312.17823780560866 ], [ 457802.475521821761504, 3138311.443533874582499 ], [ 457801.053091773297638, 3138310.541281305719167 ], [ 457799.470839973189868, 3138309.635154941119254 ], [ 457797.673131181392819, 3138308.946253356523812 ], [ 457795.694648678472731, 3138308.683805086184293 ], [ 457793.66343665641034, 3138308.980898101814091 ], [ 457791.767820738372393, 3138309.857621027156711 ], [ 457790.200055430352222, 3138311.223278768360615 ], [ 457789.098544470907655, 3138312.914489675778896 ], [ 457788.510246567311697, 3138314.752906833775342 ] ] ] } },
{ "type": "Feature", "properties": { "id": 50, "area_ha": 0.018522929455862831 }, "geometry": { "type": "Polygon", "coordinates": [ [ [ 457746.371985854872037, 3138415.813053890131414 ], [ 457746.312335809750948, 3138416.191798090003431 ], [ 457746.271803329756949, 3138416.613952856045216 ], [ 457746.249065527168568, 3138417.072281684260815 ], [ 457746.242189233598765, 3138417.558776818215847 ], [ 457746.248643486760557, 3138418.064872229006141 ], [ 457746.265333275834564, 3138418.581675552763045 ], [ 457746.288654320291243, 3138419.100211820565164 ], [ 457746.314567909110337, 3138419.611671375576407 ], [ 457746.338694096251857, 3138420.107654174789786 ], [ 457746.356420862430241, 3138420.580402738414705 ], [ 457746.363026234670542, 3138421.023016335908324 ], [ 457746.353809828695375, 3138421.429639561567456 ], [ 457746.324229866149835, 3138421.795619260985404 ], [ 457746.270041429554112, 3138422.11762476619333 ], [ 457746.187431572587229, 3138422.393727580551058 ], [ 457746.073146900860593, 3138422.62343795131892 ], [ 457745.924609387060627, 3138422.807697170879692 ], [ 457745.740016476542223, 3138422.948825877159834 ], [ 457745.518421971006319, 3138423.050430052913725 ], [ 457745.259794729587156, 3138423.117267803288996 ], [ 457744.965052891348023, 3138423.15508125256747 ], [ 457744.636072064866312, 3138423.170399039052427 ], [ 457744.275666740897577, 3138423.170315825846046 ], [ 457743.887545023055281, 3138423.16225598519668 ], [ 457743.476237618480809, 3138423.153729100711644 ], [ 457743.047002856095787, 3138423.152085177600384 ], [ 457742.605710271280259, 3138423.164277428295463 ], [ 457742.158705996582285, 3138423.196640216745436 ], [ 457741.712663790793158, 3138423.254689207766205 ], [ 457741.274426017480437, 3138423.342950013000518 ], [ 457740.850839219812769, 3138423.464820639695972 ], [ 457740.448589127627201, 3138423.6224719225429 ], [ 457740.074039964471012, 3138423.816788820549846 ], [ 457739.733082796505187, 3138424.047354120295495 ], [ 457739.430997385003138, 3138424.312474662903696 ], [ 457739.172331579553429, 3138424.60924880951643 ], [ 457738.960801732318942, 3138424.933672523126006 ], [ 457738.799216945539229, 3138425.280780171509832 ], [ 457738.689429206657223, 3138425.644815066829324 ], [ 457738.632310639717616, 3138426.019423796329647 ], [ 457738.627758242713753, 3138426.397867694497108 ], [ 457738.67472561087925, 3138426.773244285956025 ], [ 457738.771280296321493, 3138427.1387112964876 ], [ 457738.914684655552264, 3138427.487705812323838 ], [ 457739.101497313415166, 3138427.814151428174227 ], [ 457739.32769174472196, 3138428.112646718975157 ], [ 457739.588787973916624, 3138428.378629066515714 ], [ 457739.87999302323442, 3138428.608508797828108 ], [ 457740.196345520613249, 3138428.799769651144743 ], [ 457740.53285981452791, 3138428.951032774057239 ], [ 457740.884665032965131, 3138429.062082743737847 ], [ 457741.24713476706529, 3138429.133855398744345 ], [ 457741.616003444360103, 3138429.168388579040766 ], [ 457741.987465971207712, 3138429.168738120701164 ], [ 457742.358257845276967, 3138429.138862592168152 ], [ 457742.725713650055695, 3138429.083481285255402 ], [ 457743.087802616995759, 3138429.007910807151347 ], [ 457743.443140745337587, 3138428.917886279057711 ], [ 457743.790979788813274, 3138428.819373561535031 ], [ 457744.131174206442665, 3138428.718379137571901 ], [ 457744.464127923303749, 3138428.620764235034585 ], [ 457744.790723414102104, 3138428.53206950891763 ], [ 457745.112236196757294, 3138428.457356111612171 ], [ 457745.430238279514015, 3138428.401068294420838 ], [ 457745.746494430000894, 3138428.36692181089893 ], [ 457746.062855320051312, 3138428.35782141238451 ], [ 457746.381151635141578, 3138428.375809594988823 ], [ 457746.703093129093759, 3138428.422047610394657 ], [ 457747.030176353699062, 3138428.49682855559513 ], [ 457747.363604408747051, 3138428.599621193483472 ], [ 457747.704221560095903, 3138428.729142057709396 ], [ 457748.052464975859039, 3138428.883452396839857 ], [ 457748.408335157262627, 3138429.060075661633164 ], [ 457748.771385918487795, 3138429.256130540277809 ], [ 457749.140734020387754, 3138429.468474058900028 ], [ 457749.515087819076143, 3138429.693848971743137 ], [ 457749.892793573264498, 3138429.929029598366469 ], [ 457750.271897396247368, 3138430.170960397925228 ], [ 457750.650220255949534, 3138430.416881949175149 ], [ 457751.02544294600375, 3138430.664439532440156 ], [ 457751.395197586680297, 3138430.911770255770534 ], [ 457751.757161979505327, 3138431.157565526664257 ], [ 457752.109153043013066, 3138431.401106657925993 ], [ 457752.449215598171577, 3138431.642272460274398 ], [ 457752.775702957995236, 3138431.881518762093037 ], [ 457753.087346084415913, 3138432.119830895680934 ], [ 457753.383308512100484, 3138432.358651228714734 ], [ 457753.663224773888942, 3138432.599784783087671 ], [ 457753.927220683021005, 3138432.845286830794066 ], [ 457754.175914508814458, 3138433.097337042912841 ], [ 457754.410398800333496, 3138433.35810528928414 ], [ 457754.632203339016996, 3138433.629614517092705 ], [ 457754.843240413931198, 3138433.913606247399002 ], [ 457755.0457342795562, 3138434.211414145305753 ], [ 457755.242137258988805, 3138434.523850832134485 ], [ 457755.435035468777642, 3138434.851112608797848 ], [ 457755.627047545858659, 3138435.192706109024584 ], [ 457755.820720042160247, 3138435.547400084324181 ], [ 457756.018423302797601, 3138435.913204586599022 ], [ 457756.222251656639855, 3138436.287378807086498 ], [ 457756.433931623352692, 3138436.666467748582363 ], [ 457756.65474157925928, 3138437.046366847585887 ], [ 457756.885445941064972, 3138437.422412612009794 ], [ 457757.126246427418664, 3138437.789496365468949 ], [ 457757.376752369338647, 3138438.142197319306433 ], [ 457757.635971375158988, 3138438.47493046708405 ], [ 457757.902320943831, 3138438.782104219775647 ], [ 457758.173660882283002, 3138439.05828231619671 ], [ 457758.447345649357885, 3138439.298344367649406 ], [ 457758.720295040227938, 3138439.497639402281493 ], [ 457758.989080975647084, 3138439.652127003762871 ], [ 457759.250027581583709, 3138439.758501069620252 ], [ 457759.499321268405765, 3138439.81429179944098 ], [ 457759.733127153827809, 3138439.81794229708612 ], [ 457759.947707935818471, 3138439.768857057671994 ], [ 457760.139541222830303, 3138439.667420601006597 ], [ 457760.305431363289244, 3138439.514985573012382 ], [ 457760.442611995502375, 3138439.313830698374659 ], [ 457760.548835843859706, 3138439.067090051714331 ], [ 457760.622448716836516, 3138438.778656105976552 ], [ 457760.662445196416229, 3138438.453059944789857 ], [ 457760.668504128581844, 3138438.095332817640156 ], [ 457760.641002709802706, 3138437.710853861179203 ], [ 457760.581008692737669, 3138437.305189274717122 ], [ 457760.49025097390404, 3138436.883928521070629 ], [ 457760.371069557499141, 3138436.452523186802864 ], [ 457760.226346585550345, 3138436.016134015284479 ], [ 457760.059420756355394, 3138435.579491292592138 ], [ 457759.873988006613217, 3138435.146773250773549 ], [ 457759.673991781950463, 3138434.721506472211331 ], [ 457759.463506552972831, 3138434.306491450872272 ], [ 457759.246618441247847, 3138433.903755536302924 ], [ 457759.027306888834573, 3138433.514534463640302 ], [ 457758.809331238444429, 3138433.139282637275755 ], [ 457758.596125895681325, 3138432.777711264323443 ], [ 457758.390707416459918, 3138432.428852431010455 ], [ 457758.195596427482087, 3138432.091146280057728 ], [ 457758.012756751850247, 3138431.762547603808343 ], [ 457757.843553498911206, 3138431.440647496376187 ], [ 457757.68873120972421, 3138431.122805173043162 ], [ 457757.548412449483294, 3138430.80628473078832 ], [ 457757.422116532048676, 3138430.488391491118819 ], [ 457757.308797373902053, 3138430.1666026157327 ], [ 457757.206898830889259, 3138429.838686952833086 ], [ 457757.114425290026702, 3138429.502809527795762 ], [ 457757.029024797142483, 3138429.157616704236716 ], [ 457756.948081607290078, 3138428.802298828493804 ], [ 457756.868814770423342, 3138428.4366280506365 ], [ 457756.788379212724976, 3138428.060970011167228 ], [ 457756.703965750464704, 3138427.676269094459713 ], [ 457756.612896579550579, 3138427.284008018206805 ], [ 457756.512713009957224, 3138426.886143515817821 ], [ 457756.401252559269778, 3138426.485020839609206 ], [ 457756.276712957769632, 3138426.083270645234734 ], [ 457756.137701146071777, 3138425.68369254283607 ], [ 457755.98326593101956, 3138425.289130131714046 ], [ 457755.812913596630096, 3138424.902342729270458 ], [ 457755.62660640955437, 3138424.525879147928208 ], [ 457755.424744600488339, 3138424.161958852317184 ], [ 457755.208133008040022, 3138423.81236558360979 ], [ 457754.977934128139168, 3138423.478358091786504 ], [ 457754.735609793453477, 3138423.160602000541985 ], [ 457754.482854098430835, 3138422.859126040711999 ], [ 457754.22152047167765, 3138422.57330497354269 ], [ 457753.953545968804974, 3138422.301870507188141 ], [ 457753.68087591038784, 3138422.042950429953635 ], [ 457753.405391919717658, 3138421.794135091360658 ], [ 457753.12884622492129, 3138421.552569265011698 ], [ 457752.852804792695679, 3138421.315066419541836 ], [ 457752.578601463756058, 3138421.078241480980068 ], [ 457752.307304779067636, 3138420.838657395448536 ], [ 457752.039698643726297, 3138420.592980156186968 ], [ 457751.776277388154995, 3138420.338136527687311 ], [ 457751.517255180806387, 3138420.071468469686806 ], [ 457751.262589142774232, 3138419.790878237690777 ], [ 457751.012014940788504, 3138419.494958369061351 ], [ 457750.765093106252607, 3138419.18310116417706 ], [ 457750.52126387442695, 3138418.855582917109132 ], [ 457750.279907966905739, 3138418.513618969824165 ], [ 457750.04041047609644, 3138418.159386620856822 ], [ 457749.802224857266992, 3138417.796014024876058 ], [ 457749.564934000431094, 3138417.427534408401698 ], [ 457749.328305445145816, 3138417.058806132990867 ], [ 457749.092338008165825, 3138416.695400394964963 ], [ 457748.857297415146604, 3138416.343459507450461 ], [ 457748.623738950642291, 3138416.00952983694151 ], [ 457748.392515645187814, 3138415.70037442445755 ], [ 457748.164771094918251, 3138415.422771148849279 ], [ 457747.94191662571393, 3138415.183302903547883 ], [ 457747.725593158393167, 3138414.988146669697016 ], [ 457747.517618768673856, 3138414.842868541367352 ], [ 457747.319923550006934, 3138414.752231684979051 ], [ 457747.134473949670792, 3138414.720023909118026 ], [ 457746.963189239730127, 3138414.748910977039486 ], [ 457746.807853182370309, 3138414.840321019291878 ], [ 457746.67002424004022, 3138414.994364462327212 ], [ 457746.550947850861121, 3138415.209792761132121 ], [ 457746.451474328467157, 3138415.483997972216457 ], [ 457746.371985854872037, 3138415.813053890131414 ] ] ] } },
{ "type": "Feature", "properties": { "id": 51, "area_ha": 0.0088076211634139645 }, "geometry": { "type": "Polygon", "coordinates": [ [ [ 457782.145627224352211, 3138477.885256461333483 ], [ 457781.93462019279832, 3138477.879877995233983 ], [ 457781.724301182315685, 3138477.88702832441777 ], [ 457781.516480620251969, 3138477.907214522361755 ], [ 457781.313023233786225, 3138477.940831135958433 ], [ 457781.115795842546504, 3138477.988147638738155 ], [ 457780.926614708674606, 3138478.049298664089292 ], [ 457780.747194227820728, 3138478.124277354218066 ], [ 457780.579098696878646, 3138478.212932076770812 ], [ 457780.42369878385216, 3138478.314966648817062 ], [ 457780.282134160224814, 3138478.429944107774645 ], [ 457780.155283536529168, 3138478.557293955236673 ], [ 457780.043743082438596, 3138478.696322693489492 ], [ 457779.94781391590368, 3138478.846227375790477 ], [ 457779.867499029147439, 3138479.006111790426075 ], [ 457779.802509689645376, 3138479.175004829186946 ], [ 457779.752281023247633, 3138479.351880505681038 ], [ 457779.715996171755251, 3138479.535679060500115 ], [ 457779.692618120578118, 3138479.72532853577286 ], [ 457779.680928033427335, 3138479.919766208622605 ], [ 457779.679568713647313, 3138480.117959264200181 ], [ 457779.68709164345637, 3138480.318924124818295 ], [ 457779.702005944040138, 3138480.521743895485997 ], [ 457779.722827547404449, 3138480.725583442021161 ], [ 457779.748126881779172, 3138480.929701702203602 ], [ 457779.776573444250971, 3138481.133460920769721 ], [ 457779.806975764164235, 3138481.336332583334297 ], [ 457779.838315441389568, 3138481.537899954244494 ], [ 457779.869774172548205, 3138481.737857204396278 ], [ 457779.900752943241969, 3138481.936005239840597 ], [ 457779.930882855958771, 3138482.132244439795613 ], [ 457779.960027373919729, 3138482.326564599759877 ], [ 457779.988276073418092, 3138482.519032473675907 ], [ 457780.015930307446979, 3138482.709777362179011 ], [ 457780.043481471191626, 3138482.898975264281034 ], [ 457780.071582824981306, 3138483.086832136847079 ], [ 457780.101016052591149, 3138483.273566829971969 ], [ 457780.132653913693503, 3138483.459394266363233 ], [ 457780.167420475161634, 3138483.644509410951287 ], [ 457780.206250477174763, 3138483.82907254807651 ], [ 457780.25004940276267, 3138484.013196321204305 ], [ 457780.299655771290418, 3138484.196934931445867 ], [ 457780.355807074287441, 3138484.380275810603052 ], [ 457780.419110615446698, 3138484.563133989926428 ], [ 457780.490020313940477, 3138484.745349303353578 ], [ 457780.568820288928691, 3138484.926686452236027 ], [ 457780.655615772295278, 3138485.1068378794007 ], [ 457780.750331606948748, 3138485.285429284442216 ], [ 457780.852718288660981, 3138485.462027553468943 ], [ 457780.96236521564424, 3138485.636150774080306 ], [ 457781.07872052793391, 3138485.807279959786683 ], [ 457781.201116662006825, 3138485.974872051272541 ], [ 457781.328800525981933, 3138486.138373720925301 ], [ 457781.460967020015232, 3138486.29723550286144 ], [ 457781.596794498385862, 3138486.450925759971142 ], [ 457781.735480693925638, 3138486.598944010213017 ], [ 457781.876277610368561, 3138486.740833182353526 ], [ 457782.018523925507907, 3138486.876190397888422 ], [ 457782.161673549737316, 3138487.004675950855017 ], [ 457782.305319131759461, 3138487.126020212192088 ], [ 457782.449209502839949, 3138487.240028276573867 ], [ 457782.593260289926548, 3138487.34658223669976 ], [ 457782.737557195650879, 3138487.445641067344695 ], [ 457782.882351735024713, 3138487.537238176446408 ], [ 457783.028049517655745, 3138487.621476762928069 ], [ 457783.175191465532407, 3138487.698523193597794 ], [ 457783.324428640014958, 3138487.768598674796522 ], [ 457783.4764916166896, 3138487.831969548948109 ], [ 457783.632155573694035, 3138487.888936582021415 ], [ 457783.792202446085867, 3138487.939823645167053 ], [ 457783.957381633517798, 3138487.984966183081269 ], [ 457784.128370828810148, 3138488.024699890054762 ], [ 457784.305738554918207, 3138488.059349964372814 ], [ 457784.489909958327189, 3138488.089221304748207 ], [ 457784.681137304811273, 3138488.114589956589043 ], [ 457784.879476469417568, 3138488.135696070734411 ], [ 457785.084770501416642, 3138488.152738562785089 ], [ 457785.29664109472651, 3138488.165871611796319 ], [ 457785.514488505665213, 3138488.175203050952405 ], [ 457785.737500146846287, 3138488.180794640444219 ], [ 457785.964667760999873, 3138488.182664139661938 ], [ 457786.194812749163248, 3138488.180789036210626 ], [ 457786.426618911325932, 3138488.175111725926399 ], [ 457786.658671561453957, 3138488.16554589709267 ], [ 457786.889501717581879, 3138488.151983826886863 ], [ 457787.117633849615231, 3138488.134304276667535 ], [ 457787.341635500546545, 3138488.112380661536008 ], [ 457787.560166990442667, 3138488.086089161224663 ], [ 457787.772029368265066, 3138488.055316461715847 ], [ 457787.976208799809683, 3138488.019966834690422 ], [ 457788.171915667306166, 3138487.979968295898288 ], [ 457788.358616810408421, 3138487.935277634765953 ], [ 457788.536059549020138, 3138487.885884153656662 ], [ 457788.704286392661743, 3138487.831812012009323 ], [ 457788.86363965034252, 3138487.773121137171984 ], [ 457789.014755494892597, 3138487.70990671031177 ], [ 457789.158547400147654, 3138487.642297316808254 ], [ 457789.296179241559003, 3138487.570451876148582 ], [ 457789.429028718324844, 3138487.494555547833443 ], [ 457789.558642108575441, 3138487.414814811665565 ], [ 457789.686681689345278, 3138487.33145199296996 ], [ 457789.814867434557527, 3138487.244699482806027 ], [ 457789.944914834923111, 3138487.154793941881508 ], [ 457790.078470850188751, 3138487.061970755457878 ], [ 457790.217050109989941, 3138486.966458997223526 ], [ 457790.361973508028314, 3138486.868477134034038 ], [ 457790.514311295759398, 3138486.768229664303362 ], [ 457790.674832665361464, 3138486.665904842317104 ], [ 457790.843963631603401, 3138486.561673587188125 ], [ 457791.021754773159046, 3138486.455689619295299 ], [ 457791.20786009368021, 3138486.348090813495219 ], [ 457791.401527913811151, 3138486.239001693669707 ], [ 457791.601604322670028, 3138486.128536950331181 ], [ 457791.806549312663265, 3138486.016805800143629 ], [ 457792.014465308515355, 3138485.903916972689331 ], [ 457792.223137394699734, 3138485.789984068833292 ], [ 457792.430084156745579, 3138485.675131022464484 ], [ 457792.632617697468959, 3138485.559497363865376 ], [ 457792.82791107846424, 3138485.44324300903827 ], [ 457793.013071182300337, 3138485.326552286744118 ], [ 457793.185214801342227, 3138485.20963695505634 ], [ 457793.341545638395473, 3138485.092737979721278 ], [ 457793.479429861414246, 3138484.976125909481198 ], [ 457793.596467887866311, 3138484.860099712852389 ], [ 457793.690560182672925, 3138484.74498402280733 ], [ 457793.759965037053917, 3138484.63112478191033 ], [ 457793.803346544853412, 3138484.518883359152824 ], [ 457793.819811298861168, 3138484.408629260957241 ], [ 457793.808932688552886, 3138484.300731633324176 ], [ 457793.770762071653735, 3138484.195549799129367 ], [ 457793.705826508637983, 3138484.0934231239371 ], [ 457793.615113175939769, 3138483.994660549797118 ], [ 457793.500040993152652, 3138483.899530145805329 ], [ 457793.362420404911973, 3138483.808249059598893 ], [ 457793.204402624745853, 3138483.720974237658083 ], [ 457793.028419978159945, 3138483.637794277630746 ], [ 457792.837119250092655, 3138483.558722742833197 ], [ 457792.633290150610264, 3138483.483693242073059 ], [ 457792.419791148044169, 3138483.412556503433734 ], [ 457792.199474980181549, 3138483.345079639926553 ], [ 457791.975116139277816, 3138483.280947704333812 ], [ 457791.749342535214964, 3138483.219767583999783 ], [ 457791.524573378439527, 3138483.161074182018638 ], [ 457791.302965094917454, 3138483.104338781442493 ], [ 457791.086366798728704, 3138483.048979386221617 ], [ 457790.87628651142586, 3138482.994372782297432 ], [ 457790.673868948651943, 3138482.939867992419749 ], [ 457790.479885297711007, 3138482.884800742380321 ], [ 457790.294735008035786, 3138482.828508528415114 ], [ 457790.118459214805625, 3138482.770345836412162 ], [ 457789.950765036279336, 3138482.709699057042599 ], [ 457789.791059633425903, 3138482.646000652108341 ], [ 457789.63849261199357, 3138482.578742137178779 ], [ 457789.492005092441104, 3138482.507485484238714 ], [ 457789.350383578159381, 3138482.431872595567256 ], [ 457789.212316625984386, 3138482.35163257131353 ], [ 457789.076452265668195, 3138482.266586541663855 ], [ 457788.941454132494982, 3138482.176649941597134 ], [ 457788.806054363667499, 3138482.081832170952111 ], [ 457788.669101462466642, 3138481.982233675662428 ], [ 457788.529601550544612, 3138481.878040577284992 ], [ 457788.386751696525607, 3138481.769517053384334 ], [ 457788.239964319684077, 3138481.656995753291994 ], [ 457788.088882009440567, 3138481.54086659103632 ], [ 457787.933382464398164, 3138481.421564330812544 ], [ 457787.773573619837407, 3138481.299555397126824 ], [ 457787.609779394580983, 3138481.175324386451393 ], [ 457787.442516826442443, 3138481.0493607618846 ], [ 457787.272465675254352, 3138480.922146195545793 ], [ 457787.100431836559437, 3138480.794143014587462 ], [ 457786.927306123077869, 3138480.665784156415612 ], [ 457786.754020125314128, 3138480.537464981898665 ], [ 457786.581500952073839, 3138480.409537239000201 ], [ 457786.410626675293315, 3138480.282305379863828 ], [ 457786.24218425876461, 3138480.156025352422148 ], [ 457786.076831641199533, 3138480.03090589819476 ], [ 457785.91506547271274, 3138479.907112292479724 ], [ 457785.757195779820904, 3138479.784772372338921 ], [ 457785.60332856408786, 3138479.663984610699117 ], [ 457785.453357031219639, 3138479.544827919919044 ], [ 457785.306961820344441, 3138479.427372794598341 ], [ 457785.163620257284492, 3138479.311693348456174 ], [ 457785.02262431604322, 3138479.197879768908024 ], [ 457784.883106641238555, 3138479.086050678044558 ], [ 457784.74407368170796, 3138478.976364892907441 ], [ 457784.604444715019781, 3138478.869032083079219 ], [ 457784.463095319806598, 3138478.764321864582598 ], [ 457784.318903683742974, 3138478.662570902146399 ], [ 457784.170798022765666, 3138478.564187669195235 ], [ 457784.017803341906983, 3138478.469654582440853 ], [ 457783.859085784002673, 3138478.379527316894382 ], [ 457783.693992895714473, 3138478.294431205838919 ], [ 457783.522088281286415, 3138478.215054723899812 ], [ 457783.343179315328598, 3138478.142140159849077 ], [ 457783.157336828589905, 3138478.076471677515656 ], [ 457782.964905971428379, 3138478.018861065618694 ], [ 457782.766507770051248, 3138477.970131554175168 ], [ 457782.56303122616373, 3138477.931100153364241 ], [ 457782.35561614704784, 3138477.90255902800709 ], [ 457782.145627224352211, 3138477.885256461333483 ] ] ] } },
{ "type": "Feature", "properties": { "id": 52, "area_ha": 0.71041849783179734 }, "geometry": { "type": "Polygon", "coordinates": [ [ [ 457950.410223064827733, 3138545.368545777630061 ], [ 457948.359988326497842, 3138545.857146800030023 ], [ 457946.537634927663021, 3138546.893400789238513 ], [ 457944.854160306276754, 3138548.252425974234939 ], [ 457943.18771590286633, 3138549.511034966446459 ], [ 457941.428968276421074, 3138550.270687377080321 ], [ 457939.521213604370132, 3138550.380938199348748 ], [ 457937.482749322953168, 3138550.039793629664928 ], [ 457935.403672563610598, 3138549.711584997363389 ], [ 457933.416383807489183, 3138549.900605066213757 ], [ 457931.64772689138772, 3138550.896297495812178 ], [ 457930.168427940516267, 3138552.620992691721767 ], [ 457928.958741177222691, 3138554.656549654435366 ], [ 457927.905200668610632, 3138556.432708617765456 ], [ 457926.832306572061498, 3138557.478782451711595 ], [ 457925.558813051960897, 3138557.614179290365428 ], [ 457923.957349751784932, 3138556.992940084543079 ], [ 457921.993919849395752, 3138555.997470764443278 ], [ 457919.731990953558125, 3138555.051309322938323 ], [ 457917.300958324805833, 3138554.450988745782524 ], [ 457914.843725654412992, 3138554.291584248654544 ], [ 457912.466053294599988, 3138554.499963429756463 ], [ 457910.20777562080184, 3138554.931951076257974 ], [ 457908.04476776253432, 3138555.466280087362975 ], [ 457905.916443164867815, 3138556.047053776215762 ], [ 457903.763257607875858, 3138556.669272352475673 ], [ 457901.556410680583213, 3138557.338529312517494 ], [ 457899.307716442563105, 3138558.044103590771556 ], [ 457897.057861032313667, 3138558.763612282928079 ], [ 457894.850947021972388, 3138559.48629141645506 ], [ 457892.708375733171124, 3138560.225323721300811 ], [ 457890.614322994137183, 3138560.999831522814929 ], [ 457888.519464691111352, 3138561.795965272467583 ], [ 457886.36186101695057, 3138562.541069975588471 ], [ 457884.096904895501211, 3138563.124131351709366 ], [ 457881.724239633535035, 3138563.466050121933222 ], [ 457879.299813749734312, 3138563.602862885221839 ], [ 457876.925894657557365, 3138563.722634991630912 ], [ 457874.719767896051053, 3138564.112563593313098 ], [ 457872.770572808047291, 3138565.023164906539023 ], [ 457871.099988773523364, 3138566.513259327039123 ], [ 457869.643283613550011, 3138568.366212067659944 ], [ 457868.261329857283272, 3138570.142353787086904 ], [ 457866.783163670741487, 3138571.362876263447106 ], [ 457865.066680023097433, 3138571.74345755437389 ], [ 457863.057200197363272, 3138571.356739980634302 ], [ 457860.823439233936369, 3138570.628680563997477 ], [ 457858.557962348917499, 3138570.155829821247607 ], [ 457856.541159233544022, 3138570.426477559376508 ], [ 457855.078987218264956, 3138571.585216441191733 ], [ 457854.431136832106858, 3138573.364012552890927 ], [ 457854.746705160534475, 3138575.219122925773263 ], [ 457856.020745104644448, 3138576.605759704951197 ], [ 457858.080152387963608, 3138577.249225696083158 ], [ 457860.603017652814742, 3138577.272523529361933 ], [ 457863.171263357682619, 3138577.116001370362937 ], [ 457865.350271182716824, 3138577.293790575582534 ], [ 457866.780622908030637, 3138578.115945776924491 ], [ 457867.258526734542102, 3138579.519954906776547 ], [ 457866.778315795294475, 3138581.09456603648141 ], [ 457865.51771469542291, 3138582.277256729081273 ], [ 457863.765171112492681, 3138582.619341396726668 ], [ 457861.812512509932276, 3138581.984808607958257 ], [ 457859.854393651359715, 3138580.591658146120608 ], [ 457857.937557708413806, 3138578.890717044007033 ], [ 457855.983779792208225, 3138577.358273055870086 ], [ 457853.877065121370833, 3138576.313180143479258 ], [ 457851.573562269157264, 3138575.842695124913007 ], [ 457849.178497466840781, 3138575.854196610860527 ], [ 457846.947308134520426, 3138576.202088121324778 ], [ 457845.20359659724636, 3138576.807003769092262 ], [ 457844.207789391453844, 3138577.701219563838094 ], [ 457844.036633334239013, 3138578.985101910308003 ], [ 457844.530960497562774, 3138580.732549706008285 ], [ 457845.338243135483935, 3138582.909041480626911 ], [ 457846.032702157564927, 3138585.35285223275423 ], [ 457846.261093569395598, 3138587.829658456146717 ], [ 457845.853634935396258, 3138590.128307906445116 ], [ 457844.859743583423551, 3138592.144522048998624 ], [ 457843.505214750068262, 3138593.908886392600834 ], [ 457842.101254920824431, 3138595.547292661387473 ], [ 457840.949935343174729, 3138597.196971985977143 ], [ 457840.280852847034112, 3138598.921318841166794 ], [ 457840.229278250248171, 3138600.664011825807393 ], [ 457840.842997770349029, 3138602.262072622776031 ], [ 457842.096403838368133, 3138603.510702691972256 ], [ 457843.898505010060035, 3138604.25224170088768 ], [ 457846.097649988660123, 3138604.454025843646377 ], [ 457848.49662671884289, 3138604.245234834961593 ], [ 457850.888755479478277, 3138603.896905346307904 ], [ 457853.110407528700307, 3138603.747344126924872 ], [ 457855.088963179441635, 3138604.093157425057143 ], [ 457856.860210147220641, 3138605.080127435270697 ], [ 457858.541191909927875, 3138606.633553966414183 ], [ 457860.26785430056043, 3138608.459961640648544 ], [ 457862.127597937476821, 3138610.130048685707152 ], [ 457864.121574710239656, 3138611.221682663075626 ], [ 457866.176068113651127, 3138611.473538527730852 ], [ 457868.194834292458836, 3138610.888743209186941 ], [ 457870.120956419385038, 3138609.742438000626862 ], [ 457871.971741578774527, 3138608.484611238818616 ], [ 457873.826801462564617, 3138607.574575058650225 ], [ 457875.77786044718232, 3138607.314784867689013 ], [ 457877.871827457507607, 3138607.75297949463129 ], [ 457880.082226760627236, 3138608.690793843474239 ], [ 457882.326081279898062, 3138609.788440632633865 ], [ 457884.514977213926613, 3138610.712669048923999 ], [ 457886.60795691824751, 3138611.259850769303739 ], [ 457888.633209413615987, 3138611.404321092646569 ], [ 457890.665612176817376, 3138611.262904557865113 ], [ 457892.775322816567495, 3138611.007462030276656 ], [ 457894.980988160241395, 3138610.777197196613997 ], [ 457897.238000176439527, 3138610.633082006592304 ], [ 457899.469456453574821, 3138610.566510908305645 ], [ 457901.619519248313736, 3138610.54240403464064 ], [ 457903.693685922422446, 3138610.541705441195518 ], [ 457905.758166617772076, 3138610.576286531984806 ], [ 457907.896699854230974, 3138610.672765883617103 ], [ 457910.151322924008127, 3138610.844071581028402 ], [ 457912.485665136424359, 3138611.074260903988034 ], [ 457914.796856515749823, 3138611.329904722049832 ], [ 457916.972183625213802, 3138611.589685802347958 ], [ 457918.957631724944804, 3138611.868283827789128 ], [ 457920.795928145933431, 3138612.212353865616024 ], [ 457922.608480549417436, 3138612.664923795498908 ], [ 457924.529181618534494, 3138613.217801088932902 ], [ 457926.628064612857997, 3138613.783794426359236 ], [ 457928.870456310629379, 3138614.212486095260829 ], [ 457931.137145609303843, 3138614.34855389315635 ], [ 457933.294799106835853, 3138614.10489452118054 ], [ 457935.275297288782895, 3138613.510841439012438 ], [ 457937.116656371683348, 3138612.707015912048519 ], [ 457938.94081827235641, 3138611.887252541258931 ], [ 457940.881415583193302, 3138611.217999562155455 ], [ 457943.004749020677991, 3138610.778733208309859 ], [ 457945.271239775640424, 3138610.554877627175301 ], [ 457947.559975392825436, 3138610.483908603899181 ], [ 457949.740636770264246, 3138610.523481786716729 ], [ 457951.748492982180323, 3138610.69638793496415 ], [ 457953.616761629353277, 3138611.07979170139879 ], [ 457955.44721926341299, 3138611.739161261357367 ], [ 457957.338059187401086, 3138612.642260221298784 ], [ 457959.314121506293304, 3138613.605559655930847 ], [ 457961.302743072214071, 3138614.31389377778396 ], [ 457963.169991573144216, 3138614.418932234868407 ], [ 457964.794873245991766, 3138613.680732688400894 ], [ 457966.136449935729615, 3138612.090456846170127 ], [ 457967.254611272423062, 3138609.915030845906585 ], [ 457968.275405908469111, 3138607.635588376317173 ], [ 457969.326746951788664, 3138605.796750096138567 ], [ 457970.48734068730846, 3138604.82252834411338 ], [ 457971.779733294504695, 3138604.869725902099162 ], [ 457973.205267333018128, 3138605.77502804948017 ], [ 457974.786669102089945, 3138607.11459290701896 ], [ 457976.575415343570057, 3138608.351085777394474 ], [ 457978.60387251782231, 3138609.010815443936735 ], [ 457980.803693253023084, 3138608.825230071786791 ], [ 457982.945507546595763, 3138607.788590139243752 ], [ 457984.656364166585263, 3138606.118841132614762 ], [ 457985.534669419052079, 3138604.14669437520206 ], [ 457985.325251823291183, 3138602.183379563968629 ], [ 457984.072231401281897, 3138600.420768654439598 ], [ 457982.163423481979407, 3138598.898346055299044 ], [ 457980.224497239454649, 3138597.539103502873331 ], [ 457978.894026523106731, 3138596.225781227461994 ], [ 457978.574144314858131, 3138594.873922771774232 ], [ 457979.27066867222311, 3138593.465435569174588 ], [ 457980.598715636238921, 3138592.031362347770482 ], [ 457981.952616539027076, 3138590.601927855517715 ], [ 457982.761423185060266, 3138589.159783361945301 ], [ 457982.712952772970311, 3138587.628894024994224 ], [ 457981.84906946279807, 3138585.908608498517424 ], [ 457980.501098709471989, 3138583.93328519212082 ], [ 457979.111621963500511, 3138581.71984567400068 ], [ 457978.037836467905436, 3138579.370408538728952 ], [ 457977.429422074113972, 3138577.023178183473647 ], [ 457977.225642616278492, 3138574.777279735542834 ], [ 457977.251006752601825, 3138572.636334250681102 ], [ 457977.341747485625092, 3138570.508069122210145 ], [ 457977.429490011534654, 3138568.265461712609977 ], [ 457977.542648035218008, 3138565.836550757288933 ], [ 457977.737775000743568, 3138563.268608581740409 ], [ 457978.012325158750173, 3138560.722957954742014 ], [ 457978.256607626506593, 3138558.39586771838367 ], [ 457978.275604071852285, 3138556.407048110850155 ], [ 457977.868711760675069, 3138554.722271563950926 ], [ 457976.922333420545328, 3138553.162934528663754 ], [ 457975.464213975064922, 3138551.507550441659987 ], [ 457973.650817901187111, 3138549.634229577146471 ], [ 457971.695558236562647, 3138547.622519209980965 ], [ 457969.77567548933439, 3138545.748536856845021 ], [ 457967.963782497448847, 3138544.363966842647642 ], [ 457966.214317295292858, 3138543.716905256267637 ], [ 457964.405906240397599, 3138543.811575319617987 ], [ 457962.414136654871982, 3138544.389363810885698 ], [ 457960.178169613296632, 3138545.0501350867562 ], [ 457957.732142789347563, 3138545.454144609160721 ], [ 457955.191932395915501, 3138545.495827131439 ], [ 457952.708387082675472, 3138545.351297085173428 ], [ 457950.410223064827733, 3138545.368545777630061 ] ] ] } },
{ "type": "Feature", "properties": { "id": 53, "area_ha": 0.0048678572019887527 }, "geometry": { "type": "Polygon", "coordinates": [ [ [ 458118.393773703079205, 3138801.303260589949787 ], [ 458118.25877459871117, 3138801.315096446778625 ], [ 458118.125569537573028, 3138801.329978076741099 ], [ 458117.994383666489739, 3138801.347592379897833 ], [ 458117.865377061825711, 3138801.367697594687343 ], [ 458117.73865087563172, 3138801.390132126864046 ], [ 458117.61425568012055, 3138801.414820262230933 ], [ 458117.492201560875401, 3138801.441774540580809 ], [ 458117.372469451394863, 3138801.471094696316868 ], [ 458117.255023164849263, 3138801.502963193226606 ], [ 458117.139821563148871, 3138801.537637495901436 ], [ 458117.026830311922822, 3138801.575439342763275 ], [ 458116.916032696317416, 3138801.616741397883743 ], [ 458116.807439024036285, 3138801.661951739806682 ], [ 458116.701094205549452, 3138801.71149674244225 ], [ 458116.597083185974043, 3138801.765802952926606 ], [ 458116.495533995970618, 3138801.825278612785041 ], [ 458116.396618289523758, 3138801.890295484103262 ], [ 458116.3005493459641, 3138801.961171637754887 ], [ 458116.207577616500203, 3138802.038155832327902 ], [ 458116.117984000127763, 3138802.121414051856846 ], [ 458116.03207112691598, 3138802.211018703877926 ], [ 458115.9501530098496, 3138802.306940891779959 ], [ 458115.872543495090213, 3138802.409046058077365 ], [ 458115.799543990753591, 3138802.51709319325164 ], [ 458115.731430986896157, 3138802.63073766278103 ], [ 458115.668443890870549, 3138802.749537599738687 ], [ 458115.610773694235831, 3138802.872963664587587 ], [ 458115.558552956965286, 3138803.000411871355027 ], [ 458115.511847548536025, 3138803.131219056434929 ], [ 458115.470650518953335, 3138803.264680484775454 ], [ 458115.434878393658437, 3138803.400069005321711 ], [ 458115.404370095522609, 3138803.53665510378778 ], [ 458115.378888596314937, 3138803.673727182205766 ], [ 458115.358125297701918, 3138803.810611369553953 ], [ 458115.341707037645392, 3138803.9466901877895 ], [ 458115.329205517016817, 3138804.081419432070106 ], [ 458115.320148848637473, 3138804.214342683088034 ], [ 458115.314034849288873, 3138804.34510294906795 ], [ 458115.310345625912305, 3138804.47345103463158 ], [ 458115.308562957448885, 3138804.599250338040292 ], [ 458115.308183938905131, 3138804.72247790498659 ], [ 458115.30873634229647, 3138804.843221695162356 ], [ 458115.309793156280648, 3138804.961674148216844 ], [ 458115.310985791729763, 3138805.078122253529727 ], [ 458115.312015488685574, 3138805.192934462334961 ], [ 458115.312662522599567, 3138805.306544875726104 ], [ 458115.312792885059025, 3138805.419435244519264 ], [ 458115.312362207041588, 3138805.5321153877303 ], [ 458115.311416788550559, 3138805.645102683920413 ], [ 458115.310091705352534, 3138805.758901342283934 ], [ 458115.308606066450011, 3138805.873982134275138 ], [ 458115.307255599007476, 3138805.990763284265995 ], [ 458115.306402832153253, 3138806.109593152068555 ], [ 458115.306465237750672, 3138806.230735288001597 ], [ 458115.307901755615603, 3138806.354356360156089 ], [ 458115.311198189563584, 3138806.480517349671572 ], [ 458115.316851994546596, 3138806.609168299939483 ], [ 458115.32535699714208, 3138806.740146782249212 ], [ 458115.337188586243428, 3138806.873180108610541 ], [ 458115.352789890137501, 3138807.007891206536442 ], [ 458115.372559415001888, 3138807.143807929940522 ], [ 458115.396840559784323, 3138807.280375472735614 ], [ 458115.425913348444737, 3138807.416971446480602 ], [ 458115.459988633112516, 3138807.552923092152923 ], [ 458115.499204926483799, 3138807.687526027206331 ], [ 458115.543627918057609, 3138807.820063875522465 ], [ 458115.59325262659695, 3138807.949828108772635 ], [ 458115.648008039337583, 3138808.076137422583997 ], [ 458115.707763993064873, 3138808.198355983477086 ], [ 458115.772339966555592, 3138808.315909938886762 ], [ 458115.841515381878708, 3138808.428301640320569 ], [ 458115.915040954714641, 3138808.535121110267937 ], [ 458115.992650596250314, 3138808.636054396163672 ], [ 458116.074073349474929, 3138808.730888545047492 ], [ 458116.159044844796881, 3138808.819513078313321 ], [ 458116.247317781322636, 3138808.901917946990579 ], [ 458116.338670982397161, 3138808.978188088163733 ], [ 458116.432916633784771, 3138809.048494812566787 ], [ 458116.529905387549661, 3138809.113084367476404 ], [ 458116.629529105615802, 3138809.172264118213207 ], [ 458116.731721113086678, 3138809.226386866066605 ], [ 458116.836453939147759, 3138809.27583389217034 ], [ 458116.943734626343939, 3138809.320997351780534 ], [ 458117.053597797057591, 3138809.362262659706175 ], [ 458117.166096762113739, 3138809.399991516955197 ], [ 458117.281293044798076, 3138809.434506179764867 ], [ 458117.399244768777862, 3138809.466075548902154 ], [ 458117.519994415808469, 3138809.494903567712754 ], [ 458117.643556497176178, 3138809.521120340563357 ], [ 458117.76990570104681, 3138809.544776285998523 ], [ 458117.898966073174961, 3138809.565839520189911 ], [ 458118.030601761653088, 3138809.584196558687836 ], [ 458118.164609808300156, 3138809.599656290840358 ], [ 458118.300715402176138, 3138809.611957079265267 ], [ 458118.438569922233, 3138809.62077671289444 ], [ 458118.577751998614985, 3138809.625744848512113 ], [ 458118.717771706928033, 3138809.626457476988435 ], [ 458118.85807789163664, 3138809.622492889873683 ], [ 458118.99806849291781, 3138809.61342856567353 ], [ 458119.137103627843317, 3138809.598858359735459 ], [ 458119.27452106482815, 3138809.578409377019852 ], [ 458119.409653623297345, 3138809.551757918205112 ], [ 458119.541847941698506, 3138809.518643925432116 ], [ 458119.670483985217288, 3138809.478883406613022 ], [ 458119.794994613097515, 3138809.432378393597901 ], [ 458119.914884499099571, 3138809.379124072846025 ], [ 458120.029747696011327, 3138809.319212838076055 ], [ 458120.139283157419413, 3138809.252835117280483 ], [ 458120.243307581520639, 3138809.180276940111071 ], [ 458120.341765009623487, 3138809.101914334110916 ], [ 458120.434732711990364, 3138809.018204744905233 ], [ 458120.522423003101721, 3138808.929675781633705 ], [ 458120.60518075939035, 3138808.836911682970822 ], [ 458120.683476554404479, 3138808.740537974052131 ], [ 458120.75789546984015, 3138808.641204853542149 ], [ 458120.829121793212835, 3138808.539569880347699 ], [ 458120.897919955896214, 3138808.436280568595976 ], [ 458120.965112201985903, 3138808.331957475282252 ], [ 458121.031553602428176, 3138808.227178369648755 ], [ 458121.098105131881312, 3138808.122464007697999 ], [ 458121.165605612157378, 3138808.01826598867774 ], [ 458121.234843380283564, 3138807.914957093540579 ], [ 458121.306528572749812, 3138807.812824397347867 ], [ 458121.381266918731853, 3138807.712065370287746 ], [ 458121.459535905334633, 3138807.612787052989006 ], [ 458121.54166412394261, 3138807.515008293092251 ], [ 458121.627814520383254, 3138807.418664913624525 ], [ 458121.717972162237857, 3138807.323617584072053 ], [ 458121.811937006830703, 3138807.229662069119513 ], [ 458121.909322002553381, 3138807.136541444342583 ], [ 458122.009556695295032, 3138807.043959801085293 ], [ 458122.111896340851672, 3138806.95159692550078 ], [ 458122.215436352591496, 3138806.859123381320387 ], [ 458122.319131744152401, 3138806.766215449664742 ], [ 458122.421821066294797, 3138806.672569359187037 ], [ 458122.522254191921093, 3138806.577914295252413 ], [ 458122.619123175158165, 3138806.482023717369884 ], [ 458122.711095307255164, 3138806.384724581148475 ], [ 458122.796847414923832, 3138806.285904148593545 ], [ 458122.875100400007796, 3138806.185514160897583 ], [ 458122.944653003010899, 3138806.083572252187878 ], [ 458123.004413788439706, 3138805.980160589329898 ], [ 458123.053430399973877, 3138805.87542182020843 ], [ 458123.090915207867511, 3138805.769552533049136 ], [ 458123.116266580531374, 3138805.662794505245984 ], [ 458123.129085139895324, 3138805.555424113292247 ], [ 458123.129184511781204, 3138805.44774035224691 ], [ 458123.11659624974709, 3138805.340051944833249 ], [ 458123.091568785952404, 3138805.232664078939706 ], [ 458123.054560444667004, 3138805.125865310430527 ], [ 458123.006226734316442, 3138805.019915164913982 ], [ 458122.947402305959258, 3138804.915032951626927 ], [ 458122.879078127560206, 3138804.811388249974698 ], [ 458122.80237456568284, 3138804.709093469195068 ], [ 458122.718511186481919, 3138804.608198801055551 ], [ 458122.628774183627684, 3138804.508689795620739 ], [ 458122.534482405346353, 3138804.410487693268806 ], [ 458122.436952987860423, 3138804.313452531117946 ], [ 458122.33746760583017, 3138804.217388946563005 ], [ 458122.23724032152677, 3138804.122054488398135 ], [ 458122.137387954338919, 3138804.027170153800398 ], [ 458122.038903805601876, 3138803.93243277259171 ], [ 458121.942635459417943, 3138803.83752880198881 ], [ 458121.849267246201634, 3138803.742149016819894 ], [ 458121.759307802945841, 3138803.64600355643779 ], [ 458121.673083001980558, 3138803.548836763948202 ], [ 458121.590734348807018, 3138803.450441250577569 ], [ 458121.512222779041622, 3138803.350670647807419 ], [ 458121.437337619019672, 3138803.249450546689332 ], [ 458121.365710316924378, 3138803.146787181962281 ], [ 458121.296832412888762, 3138803.042773507535458 ], [ 458121.23007709189551, 3138802.937592383939773 ], [ 458121.164723567722831, 3138802.831516720354557 ], [ 458121.099983473075554, 3138802.724906504154205 ], [ 458121.035028385580517, 3138802.618202770128846 ], [ 458120.969017606752459, 3138802.511918686330318 ], [ 458120.901125323958695, 3138802.406628004740924 ], [ 458120.830566326854751, 3138802.302951267454773 ], [ 458120.756619521183893, 3138802.201540197245777 ], [ 458120.678648571425583, 3138802.103060809895396 ], [ 458120.596119120018557, 3138802.008175808005035 ], [ 458120.50861215533223, 3138801.917526860721409 ], [ 458120.415833242353983, 3138801.8317173817195 ], [ 458120.317617474938743, 3138801.751296395435929 ], [ 458120.213930154917762, 3138801.676744064781815 ], [ 458120.104863347602077, 3138801.608459377661347 ], [ 458119.990628595114686, 3138801.546750434674323 ], [ 458119.871546193317045, 3138801.491827683988959 ], [ 458119.748031539551448, 3138801.443800342734903 ], [ 458119.620579142938368, 3138801.402676140889525 ], [ 458119.489744950144086, 3138801.368364407215267 ], [ 458119.356127675331663, 3138801.340682385023683 ], [ 458119.220349834184162, 3138801.319364576134831 ], [ 458119.083039166871458, 3138801.304074775893241 ], [ 458118.944811098219361, 3138801.29442038340494 ], [ 458118.806252820650116, 3138801.289968488737941 ], [ 458118.667909506417345, 3138801.290263158269227 ], [ 458118.530273058859166, 3138801.294843318406492 ], [ 458118.393773703079205, 3138801.303260589949787 ] ] ] } },
{ "type": "Feature", "properties": { "id": 54, "area_ha": 0.016570577448203495 }, "geometry": { "type": "Polygon", "coordinates": [ [ [ 457760.492639130039606, 3138873.27128183376044 ], [ 457760.31033926748205, 3138873.435356242582202 ], [ 457760.139426603447646, 3138873.621962510515004 ], [ 457759.980582004180178, 3138873.829297160729766 ], [ 457759.8342734836624, 3138874.055318361613899 ], [ 457759.700736401660834, 3138874.29779844218865 ], [ 457759.579960788949393, 3138874.554380198009312 ], [ 457759.471686382370535, 3138874.822635309305042 ], [ 457759.375405696337111, 3138875.100123141426593 ], [ 457759.290375185548328, 3138875.384448230732232 ], [ 457759.215634278254583, 3138875.673314807936549 ], [ 457759.150031783501618, 3138875.964576851110905 ], [ 457759.092258920427412, 3138876.256282313726842 ], [ 457759.040887975832447, 3138876.546710381284356 ], [ 457758.994415394030511, 3138876.834400851279497 ], [ 457758.951307932089549, 3138877.118174991570413 ], [ 457758.910050392209087, 3138877.397147511597723 ], [ 457758.8691933673108, 3138877.670729564502835 ], [ 457758.827399416244589, 3138877.938622988760471 ], [ 457758.783486115047708, 3138878.200806247536093 ], [ 457758.736464517714921, 3138878.457512801978737 ], [ 457758.685571695154067, 3138878.709202849771827 ], [ 457758.630296204413753, 3138878.956529557239264 ], [ 457758.570395565067884, 3138879.200301062781364 ], [ 457758.505905075755436, 3138879.441439613234252 ], [ 457758.437137589149643, 3138879.680939263198525 ], [ 457758.36467416153755, 3138879.919823561795056 ], [ 457758.289345799596049, 3138880.159104612655938 ], [ 457758.212206826836336, 3138880.399744795635343 ], [ 457758.134500679501798, 3138880.642622329760343 ], [ 457758.05761920416262, 3138880.888501659501344 ], [ 457757.983056756085716, 3138881.138009483925998 ], [ 457757.91236058739014, 3138881.3916170084849 ], [ 457757.847079150262289, 3138881.64962877240032 ], [ 457757.788710027583875, 3138881.912178172264248 ], [ 457757.738649232720491, 3138882.179229557979852 ], [ 457757.698143589193933, 3138882.450586553197354 ], [ 457757.668247816618532, 3138882.725906043313444 ], [ 457757.649787805683445, 3138883.004717092495412 ], [ 457757.64333137270296, 3138883.286443894729018 ], [ 457757.649167546420358, 3138883.570431741885841 ], [ 457757.667295166058466, 3138883.855974923819304 ], [ 457757.697421264078002, 3138884.142345417756587 ], [ 457757.738969388359692, 3138884.42882124427706 ], [ 457757.791097686626017, 3138884.714713402558118 ], [ 457757.852726251294371, 3138884.99939036834985 ], [ 457757.922572909039445, 3138885.282299268990755 ], [ 457757.999196352611762, 3138885.562982983421534 ], [ 457758.081045257044025, 3138885.841092584654689 ], [ 457758.16651181189809, 3138886.116394730750471 ], [ 457758.253987939679064, 3138886.388773801736534 ], [ 457758.341922363382764, 3138886.658228784799576 ], [ 457758.428876641613897, 3138886.924865095410496 ], [ 457758.513578302052338, 3138887.188881724141538 ], [ 457758.594969281402882, 3138887.450554240960628 ], [ 457758.672248012560885, 3138887.710214357357472 ], [ 457758.744903691112995, 3138887.968226845376194 ], [ 457758.812741488858592, 3138888.224964709486812 ], [ 457758.8758977628313, 3138888.480783546343446 ], [ 457758.93484461971093, 3138888.735996054951102 ], [ 457758.990383528231177, 3138888.99084763834253 ], [ 457759.043628020212054, 3138889.24549397174269 ], [ 457759.095975863514468, 3138889.499981353059411 ], [ 457759.149071430030745, 3138889.754230519756675 ], [ 457759.204759291838855, 3138890.008024490438402 ], [ 457759.265030364447739, 3138890.261000839993358 ], [ 457759.331962156458758, 3138890.512648653239012 ], [ 457759.407654879672918, 3138890.762310228776187 ], [ 457759.494165312498808, 3138891.009187446441501 ], [ 457759.593440390832257, 3138891.25235254643485 ], [ 457759.707252518855967, 3138891.490762914996594 ], [ 457759.837138550996315, 3138891.723279360681772 ], [ 457759.984344291558955, 3138891.948687233496457 ], [ 457760.149776201345958, 3138892.165719676297158 ], [ 457760.333961786120199, 3138892.373082239180803 ], [ 457760.537019888695795, 3138892.569478055462241 ], [ 457760.758641811669804, 3138892.753632802981883 ], [ 457760.998083878774196, 3138892.924318687990308 ], [ 457761.254171706095804, 3138893.080376761499792 ], [ 457761.52531611174345, 3138893.220736967399716 ], [ 457761.809540252841543, 3138893.344435412902385 ], [ 457762.104517256142572, 3138893.450628485996276 ], [ 457762.407617309538182, 3138893.538603563793004 ], [ 457762.715962915273849, 3138893.607786201871932 ], [ 457763.026490784948692, 3138893.657743816729635 ], [ 457763.336018678499386, 3138893.688186015933752 ], [ 457763.641315368702635, 3138893.698961829766631 ], [ 457763.939171844685916, 3138893.690054225735366 ], [ 457764.226471859554294, 3138893.661572340410203 ], [ 457764.500259973690845, 3138893.613741947803646 ], [ 457764.757805345056113, 3138893.54689470725134 ], [ 457764.996659669151995, 3138893.461456745862961 ], [ 457765.214707866194658, 3138893.357937122229487 ], [ 457765.410210343310609, 3138893.236916671041399 ], [ 457765.581835921446327, 3138893.099037677515298 ], [ 457765.728684797068126, 3138892.944994748104364 ], [ 457765.850301201280672, 3138892.775527141056955 ], [ 457765.946675712359138, 3138892.591412737499923 ], [ 457766.018237462732941, 3138892.393463696818799 ], [ 457766.065836753812619, 3138892.182523750700057 ], [ 457766.090718833555002, 3138891.959466970060021 ], [ 457766.094489809300285, 3138891.725197746884078 ], [ 457766.079075842397287, 3138891.480651644524187 ], [ 457766.046676908212248, 3138891.226796714123338 ], [ 457765.999716495745815, 3138890.964634810108691 ], [ 457765.9407886666595, 3138890.695202440954745 ], [ 457765.87260389351286, 3138890.419570668134838 ], [ 457765.797935055044945, 3138890.13884361134842 ], [ 457765.719564881233964, 3138889.854155166074634 ], [ 457765.640236024337355, 3138889.566663606092334 ], [ 457765.562604780425318, 3138889.277543848380446 ], [ 457765.489199315779842, 3138888.987977259792387 ], [ 457765.422383061260916, 3138888.699139012023807 ], [ 457765.364323739951942, 3138888.412183113861829 ], [ 457765.316968293162063, 3138888.128225387074053 ], [ 457765.282023773936089, 3138887.848324768710881 ], [ 457765.260944093402941, 3138887.573463451117277 ], [ 457765.254922341613565, 3138887.304526450112462 ], [ 457765.264888259640429, 3138887.042281300295144 ], [ 457765.291510326380376, 3138886.787358607631177 ], [ 457765.33520183613291, 3138886.540234235581011 ], [ 457765.396130288892891, 3138886.301213887985796 ], [ 457765.474229393643327, 3138886.070420833770186 ], [ 457765.569212990696542, 3138885.847787445876747 ], [ 457765.680590236093849, 3138885.633051136042923 ], [ 457765.807681452541146, 3138885.425755155738443 ], [ 457765.949634132208303, 3138885.225254580378532 ], [ 457766.105438675847836, 3138885.030727637000382 ], [ 457766.273943560780026, 3138884.841192360501736 ], [ 457766.453869744029362, 3138884.655528375413269 ], [ 457766.64382422005292, 3138884.472503415308893 ], [ 457766.842312758904882, 3138884.290804016403854 ], [ 457767.047751947131474, 3138884.109069645870477 ], [ 457767.25848073232919, 3138883.925929385237396 ], [ 457767.472771733358968, 3138883.740040157921612 ], [ 457767.688842617615592, 3138883.550125399138778 ], [ 457767.904867859499063, 3138883.355013003572822 ], [ 457768.118991187540814, 3138883.153671370819211 ], [ 457768.329338993120473, 3138882.945242375135422 ], [ 457768.534034919459373, 3138882.729070154484361 ], [ 457768.73121577576967, 3138882.504724702332169 ], [ 457768.919048833078705, 3138882.272019389085472 ], [ 457769.095750455453526, 3138882.031021694652736 ], [ 457769.259605915693101, 3138881.782056647352874 ], [ 457769.408990135765634, 3138881.525702669750899 ], [ 457769.542388987669256, 3138881.262779774144292 ], [ 457769.658420698775444, 3138880.994330292101949 ], [ 457769.755856822652277, 3138880.721592573914677 ], [ 457769.833642179961316, 3138880.445968315936625 ], [ 457769.890913131821435, 3138880.168984405696392 ], [ 457769.927013539650943, 3138879.892250371631235 ], [ 457769.94150777667528, 3138879.617412679363042 ], [ 457769.934190201049205, 3138879.346107255667448 ], [ 457769.905090569867752, 3138879.079911696724594 ], [ 457769.854474968742579, 3138878.820298676379025 ], [ 457769.782841950538568, 3138878.568592031951994 ], [ 457769.690913714061026, 3138878.325926979072392 ], [ 457769.579622306569945, 3138878.093215787317604 ], [ 457769.450090993603226, 3138877.871120093390346 ], [ 457769.303611106239259, 3138877.660030854865909 ], [ 457769.14161483454518, 3138877.460056704003364 ], [ 457768.965644589508884, 3138877.271021220367402 ], [ 457768.777319691609591, 3138877.092469354625791 ], [ 457768.578301259025466, 3138876.923682954628021 ], [ 457768.370256257767323, 3138876.763705054298043 ], [ 457768.154821734409779, 3138876.61137229995802 ], [ 457767.933570276945829, 3138876.465354620479047 ], [ 457767.707977739395574, 3138876.324201009701937 ], [ 457767.479394219000824, 3138876.186390074435622 ], [ 457767.249019192007836, 3138876.050383835565299 ], [ 457767.017881600186229, 3138875.914683138485998 ], [ 457766.786825532733928, 3138875.777882975991815 ], [ 457766.556501976854634, 3138875.638725976459682 ], [ 457766.327366919547785, 3138875.496152380947024 ], [ 457766.099685874884017, 3138875.349344888702035 ], [ 457765.873544699745253, 3138875.197766919620335 ], [ 457765.648866347852163, 3138875.041193013545126 ], [ 457765.425433006195817, 3138874.879730321001261 ], [ 457765.202912870387081, 3138874.713830407243222 ], [ 457764.980890645820182, 3138874.544290887191892 ], [ 457764.758900724933483, 3138874.372246699873358 ], [ 457764.53646188537823, 3138874.19915117835626 ], [ 457764.31311228760751, 3138874.02674735058099 ], [ 457764.088443525601178, 3138873.857030235696584 ], [ 457763.862132502254099, 3138873.692201167810708 ], [ 457763.633969962480478, 3138873.534615423996001 ], [ 457763.403884618717711, 3138873.386724655050784 ], [ 457763.171961945423391, 3138873.251015767920762 ], [ 457762.938456894713454, 3138873.129948031157255 ], [ 457762.703799988725223, 3138873.025890223216265 ], [ 457762.468596471357159, 3138872.941059658303857 ], [ 457762.233618442318402, 3138872.877464848570526 ], [ 457761.99979014263954, 3138872.836853474378586 ], [ 457761.768166805850342, 3138872.820667154621333 ], [ 457761.539907721977215, 3138872.830004312563688 ], [ 457761.316244375659153, 3138872.865592177025974 ], [ 457761.098444706876762, 3138872.927768694702536 ], [ 457760.8877746957005, 3138873.016474811825901 ], [ 457760.685458585561719, 3138873.131257281173021 ], [ 457760.492639130039606, 3138873.27128183376044 ] ] ] } },
{ "type": "Feature", "properties": { "id": 55, "area_ha": 0.005592004654225588 }, "geometry": { "type": "Polygon", "coordinates": [ [ [ 458403.453927739290521, 3137368.277075399644673 ], [ 458403.301949351036455, 3137368.263910051435232 ], [ 458403.150647359259892, 3137368.253915790468454 ], [ 458403.000628992274869, 3137368.247326686047018 ], [ 458402.852475454623345, 3137368.244419981725514 ], [ 458402.706724075367674, 3137368.245511101558805 ], [ 458402.563852085848339, 3137368.250946760643274 ], [ 458402.424262634478509, 3137368.261096377857029 ], [ 458402.288273571641184, 3137368.276342033408582 ], [ 458402.156109442701563, 3137368.297067291103303 ], [ 458402.027897013700567, 3137368.323645239695907 ], [ 458401.903664531360846, 3137368.356426144018769 ], [ 458401.783344784635119, 3137368.395725121721625 ], [ 458401.666781900567003, 3137368.441810266580433 ], [ 458401.553741668758448, 3137368.494891628623009 ], [ 458401.443925063475035, 3137368.555111437104642 ], [ 458401.336984509194735, 3137368.622535926755518 ], [ 458401.232542335637845, 3137368.69714906765148 ], [ 458401.130210780422203, 3137368.778848442249 ], [ 458401.029612835205626, 3137368.867443445138633 ], [ 458400.930403192236554, 3137368.962655909825116 ], [ 458400.832288534147665, 3137369.064123179297894 ], [ 458400.735046423389576, 3137369.171403563581407 ], [ 458400.638542087399401, 3137369.283984042238444 ], [ 458400.54274245823035, 3137369.401290005072951 ], [ 458400.447726914018858, 3137369.522696744184941 ], [ 458400.353694276360329, 3137369.647542360704392 ], [ 458400.260965740249958, 3137369.775141697376966 ], [ 458400.169983551022597, 3137369.904800881166011 ], [ 458400.081305383704603, 3137370.035832025110722 ], [ 458399.995594528678339, 3137370.167567654047161 ], [ 458399.913606129353866, 3137370.299374406691641 ], [ 458399.836169856251217, 3137370.430665607564151 ], [ 458399.764169523783494, 3137370.560912329703569 ], [ 458399.698520266858395, 3137370.689652629662305 ], [ 458399.640143980912399, 3137370.816498684696853 ], [ 458399.589943793311249, 3137370.941141645424068 ], [ 458399.548778375261463, 3137371.063354084733874 ], [ 458399.517436913913116, 3137371.182990005239844 ], [ 458399.496615548909176, 3137371.299982452765107 ], [ 458399.486896037647966, 3137371.414338855072856 ], [ 458399.488727342162747, 3137371.526134284213185 ], [ 458399.502410742454231, 3137371.635502906516194 ], [ 458399.528088966850191, 3137371.742627935484052 ], [ 458399.565739703248255, 3137371.847730464767665 ], [ 458399.615173713071272, 3137371.951057567726821 ], [ 458399.676037623896264, 3137372.052870092447847 ], [ 458399.747821322875097, 3137372.153430566657335 ], [ 458399.829869728651829, 3137372.252991630230099 ], [ 458399.921398576232605, 3137372.351785378530622 ], [ 458400.021513722778764, 3137372.450013969093561 ], [ 458400.129233371000737, 3137372.547841788269579 ], [ 458400.243512514745817, 3137372.645389418583363 ], [ 458400.363268844957929, 3137372.742729579564184 ], [ 458400.487409311521333, 3137372.839885142166167 ], [ 458400.614856521773618, 3137372.936829233076423 ], [ 458400.744574168755207, 3137373.033487387001514 ], [ 458400.875590720737819, 3137373.12974161002785 ], [ 458401.007020668766927, 3137373.225436165928841 ], [ 458401.138082715799101, 3137373.320384827442467 ], [ 458401.268114398117177, 3137373.414379289839417 ], [ 458401.396582752931863, 3137373.507198393344879 ], [ 458401.523090781352948, 3137373.598617795854807 ], [ 458401.647379597998224, 3137373.688419695477933 ], [ 458401.769326301873662, 3137373.77640223223716 ], [ 458401.888937745359726, 3137373.862388191744685 ], [ 458402.006340511608869, 3137373.946232674177736 ], [ 458402.121767531556543, 3137374.027829429600388 ], [ 458402.235541877162177, 3137374.107115607708693 ], [ 458402.348058353236411, 3137374.184074738994241 ], [ 458402.45976357179461, 3137374.258737822063267 ], [ 458402.571135232166853, 3137374.33118246961385 ], [ 458402.682661341503263, 3137374.401530131231993 ], [ 458402.794820098555647, 3137374.469941495917737 ], [ 458402.908061122521758, 3137374.536610221955925 ], [ 458403.022788649774157, 3137374.601755230221897 ], [ 458403.139347236254252, 3137374.665611831936985 ], [ 458403.258010402321815, 3137374.728422008920461 ], [ 458403.378972543403506, 3137374.790424201637506 ], [ 458403.502344301727135, 3137374.851842974312603 ], [ 458403.628151467593852, 3137374.912878930103034 ], [ 458403.756337343715131, 3137374.973699243739247 ], [ 458403.886768382042646, 3137375.034429157618433 ], [ 458404.019242782145739, 3137375.095144752878696 ], [ 458404.153501635591965, 3137375.155867254827172 ], [ 458404.289242110506166, 3137375.216559091582894 ], [ 458404.426132101973053, 3137375.277121847495437 ], [ 458404.56382572511211, 3137375.337396192830056 ], [ 458404.701979004777968, 3137375.397163798566908 ], [ 458404.840265114209615, 3137375.456151181366295 ], [ 458404.978388540563174, 3137375.514035340864211 ], [ 458405.116097602178343, 3137375.570451001171023 ], [ 458405.253194809192792, 3137375.624999208841473 ], [ 458405.389544647827279, 3137375.677256989758462 ], [ 458405.525078470178414, 3137375.726787731517106 ], [ 458405.659796283056494, 3137375.77315193740651 ], [ 458405.793765352864284, 3137375.815917982254177 ], [ 458405.927115665166639, 3137375.854672505054623 ], [ 458406.060032398498151, 3137375.889030089601874 ], [ 458406.192745689593721, 3137375.918641907628626 ], [ 458406.325518069847021, 3137375.943203046452254 ], [ 458406.458630044653546, 3137375.962458282709122 ], [ 458406.592364359006751, 3137375.976206134539098 ], [ 458406.726989547896665, 3137375.984301073011011 ], [ 458406.862743396719452, 3137375.986653857864439 ], [ 458406.999816948955413, 3137375.983230019919574 ], [ 458407.138339678291231, 3137375.974046585615724 ], [ 458407.278366405458655, 3137375.959167202468961 ], [ 458407.419866480631754, 3137375.938695882912725 ], [ 458407.562715669744648, 3137375.912769635207951 ], [ 458407.706691091007087, 3137375.881550283171237 ], [ 458407.851469436252955, 3137375.845215815119445 ], [ 458407.996628596854862, 3137375.803951612208039 ], [ 458408.141652690188494, 3137375.757941907271743 ], [ 458408.285940361733083, 3137375.707361820153892 ], [ 458408.428816120547708, 3137375.65237028663978 ], [ 458408.569544354511891, 3137375.593104168307036 ], [ 458408.707345578295644, 3137375.529673778451979 ], [ 458408.84141438320512, 3137375.462160008493811 ], [ 458408.970938498910982, 3137375.39061317499727 ], [ 458409.095118334284052, 3137375.315053639467806 ], [ 458409.213186348148156, 3137375.235474190674722 ], [ 458409.324425604369026, 3137375.151844096370041 ], [ 458409.428186895209365, 3137375.064114681445062 ], [ 458409.523903866240289, 3137374.972226218786091 ], [ 458409.611105645482894, 3137374.876115863677114 ], [ 458409.689426568744238, 3137374.775726332794875 ], [ 458409.758612694568001, 3137374.671014976222068 ], [ 458409.818524913978763, 3137374.561962887644768 ], [ 458409.869138581096195, 3137374.448583683930337 ], [ 458409.910539712174796, 3137374.330931589473039 ], [ 458409.942917918378953, 3137374.209108488634229 ], [ 458409.96655635361094, 3137374.083269630558789 ], [ 458409.98181905929232, 3137373.953627730719745 ], [ 458409.989136176474858, 3137373.820455252658576 ], [ 458409.988987569289748, 3137373.684084725566208 ], [ 458409.981885451707058, 3137373.54490701854229 ], [ 458409.968356642464641, 3137373.403367566876113 ], [ 458409.948925077798776, 3137373.259960615076125 ], [ 458409.924095197755378, 3137373.115221618674695 ], [ 458409.894336783036124, 3137372.969718004111201 ], [ 458409.860071760427672, 3137372.824038563296199 ], [ 458409.821663418610115, 3137372.678781789261848 ], [ 458409.779408383066766, 3137372.534543524496257 ], [ 458409.733531592879444, 3137372.391904297750443 ], [ 458409.684184410027228, 3137372.251416764687747 ], [ 458409.631445873237681, 3137372.113593649119139 ], [ 458409.575326991733164, 3137371.978896578308195 ], [ 458409.515777860418893, 3137371.847726185806096 ], [ 458409.452697273809463, 3137371.720413798000664 ], [ 458409.385944424429908, 3137371.597214989364147 ], [ 458409.315352194884326, 3137371.478305217809975 ], [ 458409.240741494169924, 3137371.363777692895383 ], [ 458409.161936053715181, 3137371.253643545787781 ], [ 458409.078777081216685, 3137371.147834304254502 ], [ 458408.991137180069927, 3137371.04620659397915 ], [ 458408.898932969779707, 3137370.948548914864659 ], [ 458408.802135895704851, 3137370.854590272065252 ], [ 458408.70078078424558, 3137370.764010381419212 ], [ 458408.594971788988914, 3137370.676451122853905 ], [ 458408.484885470592417, 3137370.591528857126832 ], [ 458408.370770865876693, 3137370.508847224991769 ], [ 458408.252946514636278, 3137370.428009999450296 ], [ 458408.131794532062486, 3137370.348633596673608 ], [ 458408.007751926139463, 3137370.270358835346997 ], [ 458407.881299468572251, 3137370.192861591465771 ], [ 458407.752948521752842, 3137370.115862012375146 ], [ 458407.623226305353455, 3137370.039132022764534 ], [ 458407.492660150688607, 3137369.962500913999975 ], [ 458407.361761331674643, 3137369.885858867783099 ], [ 458407.231009083858225, 3137369.809158349875361 ], [ 458407.100835420540534, 3137369.732413379009813 ], [ 458406.971611331915483, 3137369.65569675154984 ], [ 458406.843634904071223, 3137369.579135370440781 ], [ 458406.717121831490658, 3137369.502903898246586 ], [ 458406.592198709433433, 3137369.427217008545995 ], [ 458406.46889939479297, 3137369.352320551872253 ], [ 458406.347164611564949, 3137369.278481990564615 ], [ 458406.226844860706478, 3137369.20598048530519 ], [ 458406.107706571288873, 3137369.135097010992467 ], [ 458405.989441311743576, 3137369.066104880534112 ], [ 458405.871677764516789, 3137368.999261038843542 ], [ 458405.753996064886451, 3137368.934798447880894 ], [ 458405.635944013774861, 3137368.872919842135161 ], [ 458405.517054602270946, 3137368.813793084584177 ], [ 458405.396864233363885, 3137368.757548276800662 ], [ 458405.274930993677117, 3137368.704276721458882 ], [ 458405.150852323917206, 3137368.654031757730991 ], [ 458405.024281450780109, 3137368.606831408105791 ], [ 458404.894941983453464, 3137368.562662727665156 ], [ 458404.762640140310396, 3137368.521487647667527 ], [ 458404.627274152881, 3137368.483250076882541 ], [ 458404.488840491278097, 3137368.447883957065642 ], [ 458404.347436670796014, 3137368.415321929845959 ], [ 458404.203260517853778, 3137368.385504254605621 ], [ 458404.05660590302432, 3137368.358387595508248 ], [ 458403.907855076307897, 3137368.333953302353621 ], [ 458403.757467862276826, 3137368.312214826233685 ], [ 458403.605968090821989, 3137368.293223928194493 ], [ 458403.453927739290521, 3137368.277075399644673 ] ] ] } },
{ "type": "Feature", "properties": { "id": 56, "area_ha": 0.0063648118798787338 }, "geometry": { "type": "Polygon", "coordinates": [ [ [ 458262.511836269928608, 3137603.848341046832502 ], [ 458262.373782254464459, 3137603.904559334274381 ], [ 458262.237098300305661, 3137603.96790028642863 ], [ 458262.102035147428978, 3137604.037764421198517 ], [ 458261.968817876535468, 3137604.113526549655944 ], [ 458261.837640142592136, 3137604.194550608284771 ], [ 458261.708659218507819, 3137604.280204493086785 ], [ 458261.581992091319989, 3137604.36987446481362 ], [ 458261.45771283126669, 3137604.462978728115559 ], [ 458261.335851421812549, 3137604.55897978041321 ], [ 458261.216394197253976, 3137604.657395185437053 ], [ 458261.099285983247682, 3137604.757806450128555 ], [ 458260.984433979203459, 3137604.859865743666887 ], [ 458260.871713360014837, 3137604.963300267700106 ], [ 458260.760974507837091, 3137605.067914149723947 ], [ 458260.652051722689066, 3137605.173587806057185 ], [ 458260.544773194298614, 3137605.280274806078523 ], [ 458260.438971960858908, 3137605.387996345292777 ], [ 458260.334497528441716, 3137605.496833502780646 ], [ 458260.231227781157941, 3137605.606917546130717 ], [ 458260.129080782004166, 3137605.718418595381081 ], [ 458260.028026044135913, 3137605.831533020827919 ], [ 458259.928094848291948, 3137605.946469991933554 ], [ 458259.829389191989321, 3137606.0634376257658 ], [ 458259.732088979915716, 3137606.182629195041955 ], [ 458259.63645710516721, 3137606.304209869820625 ], [ 458259.542842124938034, 3137606.428304435685277 ], [ 458259.451678298413754, 3137606.55498642520979 ], [ 458259.363482832617592, 3137606.684269035700709 ], [ 458259.278850266593508, 3137606.816098170820624 ], [ 458259.198444014880806, 3137606.950347860809416 ], [ 458259.122985185647849, 3137607.086818256415427 ], [ 458259.053238880936988, 3137607.225236291997135 ], [ 458258.989998278440908, 3137607.365259040612727 ], [ 458258.934066876594443, 3137607.506479688454419 ], [ 458258.886239358515013, 3137607.648435971699655 ], [ 458258.847281593305524, 3137607.790620827581733 ], [ 458258.817910337762441, 3137607.932494948618114 ], [ 458258.798773234477267, 3137608.073500849772245 ], [ 458258.790429710526951, 3137608.213078006636351 ], [ 458258.793333377048839, 3137608.350678585004061 ], [ 458258.807816500193439, 3137608.485783249139786 ], [ 458258.834077070117928, 3137608.617916528601199 ], [ 458258.872168929257896, 3137608.746661229524761 ], [ 458258.92199534230167, 3137608.871671398635954 ], [ 458258.983306294190697, 3137608.992683384567499 ], [ 458259.055699698685203, 3137609.10952460533008 ], [ 458259.138626583910082, 3137609.222119676880538 ], [ 458259.231400204997044, 3137609.330493662972003 ], [ 458259.333208911994006, 3137609.434772272594273 ], [ 458259.443132486776449, 3137609.535178938414901 ], [ 458259.560161550762132, 3137609.632028799969703 ], [ 458259.683219547267072, 3137609.725719718262553 ], [ 458259.811186715436634, 3137609.81672053784132 ], [ 458259.942925403767731, 3137609.905556910671294 ], [ 458260.0773060216452, 3137609.99279506271705 ], [ 458260.213232897571288, 3137610.07902397075668 ], [ 458260.349669307295699, 3137610.164836454205215 ], [ 458260.485660949721932, 3137610.250809740275145 ], [ 458260.620357188628986, 3137610.337486083619297 ], [ 458260.753029437852092, 3137610.425354010891169 ], [ 458260.883086147543509, 3137610.514830774161965 ], [ 458261.010083948145621, 3137610.606246544513851 ], [ 458261.133734619885217, 3137610.699830841738731 ], [ 458261.253907681093551, 3137610.795701632276177 ], [ 458261.370628517644946, 3137610.893857448361814 ], [ 458261.484072113176808, 3137610.994172799400985 ], [ 458261.594552570604719, 3137611.09639704041183 ], [ 458261.702508745715022, 3137611.200156779028475 ], [ 458261.808486431953497, 3137611.304961777292192 ], [ 458261.913117641524877, 3137611.410214215517044 ], [ 458262.017097617441323, 3137611.515221083071083 ], [ 458262.121160280483309, 3137611.619209361262619 ], [ 458262.22605286387261, 3137611.721343589946628 ], [ 458262.332510512205772, 3137611.820745333097875 ], [ 458262.441231621371116, 3137611.916514001786709 ], [ 458262.552854672831018, 3137612.007748456206173 ], [ 458262.667937265883666, 3137612.093568782322109 ], [ 458262.786937983764801, 3137612.173137635458261 ], [ 458262.910201636725105, 3137612.245680555235595 ], [ 458263.037948318989947, 3137612.310504688881338 ], [ 458263.170266595378052, 3137612.367015401367098 ], [ 458263.307111000758596, 3137612.414730323944241 ], [ 458263.4483039000188, 3137612.453290456905961 ], [ 458263.59354161657393, 3137612.482468034140766 ], [ 458263.742404602584429, 3137612.502170955762267 ], [ 458263.894371295813471, 3137612.512443678453565 ], [ 458264.048835191933904, 3137612.513464579358697 ], [ 458264.205124558822718, 3137612.505539885256439 ], [ 458264.362524137774017, 3137612.489094373304397 ], [ 458264.520298113289755, 3137612.46465912880376 ], [ 458264.677713596029207, 3137612.432856732048094 ], [ 458264.834063847141806, 3137612.394384310115129 ], [ 458264.988690484082326, 3137612.349994949065149 ], [ 458265.141003941360395, 3137612.300477996468544 ], [ 458265.290501517534722, 3137612.246638813987374 ], [ 458265.436782419565134, 3137612.189278540201485 ], [ 458265.579559311037883, 3137612.129174417350441 ], [ 458265.71866598672932, 3137612.067061216570437 ], [ 458265.854060917859897, 3137612.003614238929003 ], [ 458265.985826547548641, 3137611.939434336032718 ], [ 458266.114164350088686, 3137611.875035314820707 ], [ 458266.239385804627091, 3137611.810834018979222 ], [ 458266.361899562762119, 3137611.747143302578479 ], [ 458266.482195210817736, 3137611.684168018400669 ], [ 458266.600824135472067, 3137611.622004060540348 ], [ 458266.718378092569765, 3137611.560640414711088 ], [ 458266.835466150194407, 3137611.499964079353958 ], [ 458266.952690728881862, 3137611.439767651259899 ], [ 458267.070623487816192, 3137611.379759299103171 ], [ 458267.189781811030116, 3137611.319574781693518 ], [ 458267.310606627026573, 3137611.258791130036116 ], [ 458267.433442252629902, 3137611.19694157410413 ], [ 458267.558518888661638, 3137611.133531263563782 ], [ 458267.685938311158679, 3137611.068053344264627 ], [ 458267.815663202898577, 3137611.000004931353033 ], [ 458267.947510457597673, 3137610.928902561310679 ], [ 458268.081148667319212, 3137610.854296719189733 ], [ 458268.216099876735825, 3137610.775785079691559 ], [ 458268.351745558611583, 3137610.693024157546461 ], [ 458268.487336640013382, 3137610.60573910549283 ], [ 458268.622007288679015, 3137610.513731468934566 ], [ 458268.754792060004547, 3137610.416884768288583 ], [ 458268.884645910235122, 3137610.315167834982276 ], [ 458269.010466501698829, 3137610.208635905757546 ], [ 458269.131118165270891, 3137610.097429532557726 ], [ 458269.245456845441367, 3137609.981771415099502 ], [ 458269.352355332986917, 3137609.861961325630546 ], [ 458269.45072809321573, 3137609.738369331695139 ], [ 458269.539555019990075, 3137609.611427552532405 ], [ 458269.61790348822251, 3137609.48162072012201 ], [ 458269.684948139067274, 3137609.349475825671107 ], [ 458269.739987906301394, 3137609.215551137458533 ], [ 458269.782459885056596, 3137609.080424883868545 ], [ 458269.811949739116244, 3137608.944683880079538 ], [ 458269.828198453295045, 3137608.808912355452776 ], [ 458269.831105342484079, 3137608.673681231215596 ], [ 458269.820727339945734, 3137608.539538049604744 ], [ 458269.797274690587074, 3137608.406997750047594 ], [ 458269.761103274067864, 3137608.276534422766417 ], [ 458269.712703867873643, 3137608.148574173916131 ], [ 458269.652688739704899, 3137608.023489159997553 ], [ 458269.581776014470961, 3137607.901592854876071 ], [ 458269.500772311468609, 3137607.783136554993689 ], [ 458269.410554171830881, 3137607.668307115789503 ], [ 458269.312048809719272, 3137607.557225881610066 ], [ 458269.206214715144597, 3137607.449948754627258 ], [ 458269.094022613717243, 3137607.346467332914472 ], [ 458268.976437254284974, 3137607.246711040381342 ], [ 458268.854400445299689, 3137607.150550154969096 ], [ 458268.7288157021394, 3137607.05779964895919 ], [ 458268.600534798111767, 3137606.968223750125617 ], [ 458268.470346441143192, 3137606.881541139446199 ], [ 458268.338967218645848, 3137606.797430695500225 ], [ 458268.207034878781997, 3137606.715537711046636 ], [ 458268.075103941489942, 3137606.635480512399226 ], [ 458267.943643562553916, 3137606.556857410352677 ], [ 458267.813037513289601, 3137606.479253914672881 ], [ 458267.683586083701812, 3137606.402250162791461 ], [ 458267.555509674188215, 3137606.325428487267345 ], [ 458267.428953809023369, 3137606.248381067998707 ], [ 458267.303995284310076, 3137606.170717600733042 ], [ 458267.180649154819548, 3137606.092072901781648 ], [ 458267.058876266353764, 3137606.012114378158003 ], [ 458266.938591054466087, 3137605.930549262091517 ], [ 458266.819669352902565, 3137605.847131519112736 ], [ 458266.70195598481223, 3137605.761668316088617 ], [ 458266.585271948133595, 3137605.674025933258235 ], [ 458266.469421046029311, 3137605.584134998731315 ], [ 458266.354195857187733, 3137605.491994912270457 ], [ 458266.23938298394205, 3137605.39767734054476 ], [ 458266.124767558299936, 3137605.301328646484762 ], [ 458266.010137022880372, 3137605.203171151690185 ], [ 458265.895284239028115, 3137605.103503112215549 ], [ 458265.780009999289177, 3137605.002697338815778 ], [ 458265.664125042909291, 3137604.901198384352028 ], [ 458265.547451684484258, 3137604.799518276471645 ], [ 458265.429825169791002, 3137604.698230781592429 ], [ 458265.311094869684894, 3137604.59796424023807 ], [ 458265.191125412762631, 3137604.499393038917333 ], [ 458265.069797839096282, 3137604.40322782844305 ], [ 458264.947010836622212, 3137604.310204637236893 ], [ 458264.82268209499307, 3137604.22107306541875 ], [ 458264.696749783295672, 3137604.136583773419261 ], [ 458264.569174130330794, 3137604.057475531473756 ], [ 458264.439939057396259, 3137603.984462093096226 ], [ 458264.309053788601886, 3137603.91821919567883 ], [ 458264.176554343895987, 3137603.859372000675648 ], [ 458264.042504803102929, 3137603.808483277913183 ], [ 458263.906998221296817, 3137603.766042644623667 ], [ 458263.770157073857263, 3137603.732457149308175 ], [ 458263.632133115024772, 3137603.708043467719108 ], [ 458263.493106547510251, 3137603.693021940998733 ], [ 458263.353284421027638, 3137603.687512651085854 ], [ 458263.212898205092642, 3137603.691533672623336 ], [ 458263.072200513794087, 3137603.705001588445157 ], [ 458262.93146099767182, 3137603.727734296116978 ], [ 458262.790961456601508, 3137603.759456068277359 ], [ 458262.650990268739406, 3137603.799804766196758 ], [ 458262.511836269928608, 3137603.848341046832502 ] ] ] } },
{ "type": "Feature", "properties": { "id": 57, "area_ha": 0.013909609120068271 }, "geometry": { "type": "Polygon", "coordinates": [ [ [ 458250.034063061291818, 3137619.199909128714353 ], [ 458249.83591010858072, 3137619.281620648689568 ], [ 458249.640113593486603, 3137619.376563629135489 ], [ 458249.447138527524658, 3137619.483714463654906 ], [ 458249.257379045418929, 3137619.601958808489144 ], [ 458249.071149185765535, 3137619.730115668848157 ], [ 458248.888676157279406, 3137619.866962403059006 ], [ 458248.710096313618124, 3137620.011260038707405 ], [ 458248.535453978343867, 3137620.161778292618692 ], [ 458248.364703179628123, 3137620.317319705616683 ], [ 458248.197712265478913, 3137620.476742344442755 ], [ 458248.034271286043804, 3137620.638980554416776 ], [ 458247.874101947934832, 3137620.803063329309225 ], [ 458247.716869866708294, 3137620.968129907269031 ], [ 458247.56219877692638, 3137621.133442297112197 ], [ 458247.40968629863346, 3137621.29839451238513 ], [ 458247.258920813386794, 3137621.462518374435604 ], [ 458247.109498966659885, 3137621.625485838856548 ], [ 458246.961043294635601, 3137621.787107876967639 ], [ 458246.813219466479495, 3137621.947330032475293 ], [ 458246.665752642438747, 3137622.106224841903895 ], [ 458246.518442470463924, 3137622.263981393538415 ], [ 458246.37117628013948, 3137622.420892335940152 ], [ 458246.22394008358242, 3137622.57733873045072 ], [ 458246.07682704977924, 3137622.733773153740913 ], [ 458245.930043191125151, 3137622.890701511409134 ], [ 458245.783910073980223, 3137623.048664025962353 ], [ 458245.638864449108951, 3137623.208215880673379 ], [ 458245.495454779476859, 3137623.369907991960645 ], [ 458245.35433472704608, 3137623.534268371295184 ], [ 458245.216253743506968, 3137623.701784507371485 ], [ 458245.082044984621461, 3137623.872887178324163 ], [ 458244.952610840671696, 3137624.047936043236405 ], [ 458244.828906436159741, 3137624.22720733191818 ], [ 458244.711921504989732, 3137624.41088388254866 ], [ 458244.602661087003071, 3137624.59904773067683 ], [ 458244.502125521074049, 3137624.791675377637148 ], [ 458244.411290223535616, 3137624.988635820802301 ], [ 458244.331085745012388, 3137625.189691346604377 ], [ 458244.262378585175611, 3137625.394501038827002 ], [ 458244.205953223456163, 3137625.602626889944077 ], [ 458244.162495786673389, 3137625.813542346935719 ], [ 458244.132579731289297, 3137626.026643075980246 ], [ 458244.116653860663064, 3137626.241259675938636 ], [ 458244.115032937261276, 3137626.456672041211277 ], [ 458244.127891082840506, 3137626.672125034965575 ], [ 458244.155258086510003, 3137626.886845105793327 ], [ 458244.197018670558464, 3137627.100057473871857 ], [ 458244.252914689364843, 3137627.311003483366221 ], [ 458244.322550169017632, 3137627.518957735970616 ], [ 458244.40539902850287, 3137627.723244611639529 ], [ 458244.500815262785181, 3137627.923253792338073 ], [ 458244.608045317057986, 3137628.118454442359507 ], [ 458244.726242335804272, 3137628.308407702948898 ], [ 458244.854481934045907, 3137628.492777210660279 ], [ 458244.991779115633108, 3137628.671337374020368 ], [ 458245.137105944333598, 3137628.84397919755429 ], [ 458245.289409571210854, 3137629.010713485535234 ], [ 458245.447630224341992, 3137629.171671314630657 ], [ 458245.610718781885225, 3137629.327101710252464 ], [ 458245.777653571218252, 3137629.477366536390036 ], [ 458245.947456068068277, 3137629.622932649683207 ], [ 458246.119205204187892, 3137629.764361434616148 ], [ 458246.292050036776345, 3137629.902295898180455 ], [ 458246.465220575570129, 3137630.037445549387485 ], [ 458246.638036615040619, 3137630.170569343492389 ], [ 458246.809914466284681, 3137630.302457024343312 ], [ 458246.980371534882579, 3137630.433909223880619 ], [ 458247.149028738727793, 3137630.565716740209609 ], [ 458247.315610805002507, 3137630.698639412410557 ], [ 458247.479944530932698, 3137630.833385054487735 ], [ 458247.641955128463451, 3137630.97058890806511 ], [ 458247.801660809083842, 3137631.110794082283974 ], [ 458247.959165792970452, 3137631.254433436784893 ], [ 458248.114651949668769, 3137631.401813341770321 ], [ 458248.268369294353761, 3137631.553099729120731 ], [ 458248.420625576400198, 3137631.708306804299355 ], [ 458248.571775201824494, 3137631.867288735695183 ], [ 458248.722207733721007, 3137632.029734594281763 ], [ 458248.872336208471097, 3137632.195166735444218 ], [ 458249.022585500148125, 3137632.362942759878933 ], [ 458249.173380950407591, 3137632.532261101994663 ], [ 458249.32513746857876, 3137632.70217021740973 ], [ 458249.478249286126811, 3137632.87158126430586 ], [ 458249.63308053126093, 3137633.039284085854888 ], [ 458249.789956767170224, 3137633.203966220840812 ], [ 458249.949157613446005, 3137633.36423460021615 ], [ 458250.110910549119581, 3137633.518639507237822 ], [ 458250.275385969202034, 3137633.665700331330299 ], [ 458250.442693545192014, 3137633.803932572714984 ], [ 458250.612879915861413, 3137633.931875538080931 ], [ 458250.785927711520344, 3137634.048120115883648 ], [ 458250.961755893775262, 3137634.151336021721363 ], [ 458251.140221371431835, 3137634.240297897718847 ], [ 458251.321121833170764, 3137634.313909659162164 ], [ 458251.504199718823656, 3137634.371226522140205 ], [ 458251.689147232915275, 3137634.4114741794765 ], [ 458251.875612288946286, 3137634.434064660221338 ], [ 458252.063205256126821, 3137634.438608467113227 ], [ 458252.251506368862465, 3137634.424922684207559 ], [ 458252.440073646081146, 3137634.393034816719592 ], [ 458252.628451159165706, 3137634.343182251788676 ], [ 458252.816177478292957, 3137634.275807306636125 ], [ 458253.002794123138301, 3137634.191547950729728 ], [ 458253.187853840878233, 3137634.091224397532642 ], [ 458253.370928534597624, 3137633.975821846630424 ], [ 458253.551616669225041, 3137633.846469777170569 ], [ 458253.729549988289364, 3137633.70441826293245 ], [ 458253.904399386025034, 3137633.551011859904975 ], [ 458254.075879791635089, 3137633.387661695014685 ], [ 458254.243753941729665, 3137633.215816410724074 ], [ 458254.407834936340805, 3137633.036932670045644 ], [ 458254.567987497895956, 3137632.8524459307082 ], [ 458254.724127881519962, 3137632.6637422000058 ], [ 458254.876222411694471, 3137632.472131447400898 ], [ 458255.024284654529765, 3137632.27882332727313 ], [ 458255.16837126633618, 3137632.084905787371099 ], [ 458255.308576593641192, 3137631.891327082179487 ], [ 458255.445026132860221, 3137631.69888160424307 ], [ 458255.577868990600109, 3137631.508199863135815 ], [ 458255.707269515551161, 3137631.319742821156979 ], [ 458255.833398301561829, 3137631.133800683543086 ], [ 458255.956422783550806, 3137630.950496122706681 ], [ 458256.076497668400407, 3137630.769791801460087 ], [ 458256.19375545589719, 3137630.591501931659877 ], [ 458256.308297312352806, 3137630.415307523217052 ], [ 458256.420184559305198, 3137630.240774844773114 ], [ 458256.529431034519803, 3137630.067376569844782 ], [ 458256.6359965687152, 3137629.894514977466315 ], [ 458256.739781798620243, 3137629.721546549350023 ], [ 458256.840624511765782, 3137629.547807252034545 ], [ 458256.938297682034317, 3137629.372637789230794 ], [ 458257.032509315700736, 3137629.195408108178526 ], [ 458257.122904182004277, 3137629.015540474560112 ], [ 458257.209067453455646, 3137628.83253046264872 ], [ 458257.290530229802243, 3137628.645965292584151 ], [ 458257.366776866663713, 3137628.455539000220597 ], [ 458257.437253976648208, 3137628.261064038611948 ], [ 458257.501380921690725, 3137628.062479002866894 ], [ 458257.558561566285789, 3137627.859852295834571 ], [ 458257.60819702007575, 3137627.653381652664393 ], [ 458257.649699062167201, 3137627.443389585707337 ], [ 458257.682503909745719, 3137627.230314915068448 ], [ 458257.706085975165479, 3137627.014700665604323 ], [ 458257.719971244223416, 3137626.797178726177663 ], [ 458257.723749908444006, 3137626.578451750334352 ], [ 458257.717087893513963, 3137626.359272866509855 ], [ 458257.699736948183272, 3137626.140423825010657 ], [ 458257.671542986819986, 3137625.922692253254354 ], [ 458257.632452419609763, 3137625.706848721485585 ], [ 458257.582516254100483, 3137625.493624318856746 ], [ 458257.521891806274652, 3137625.283689436502755 ], [ 458257.450841923360713, 3137625.077634397428483 ], [ 458257.369731684855651, 3137624.875952547881752 ], [ 458257.279022619593889, 3137624.679026318714023 ], [ 458257.179264543403406, 3137624.487116710748523 ], [ 458257.071085191739257, 3137624.300356529187411 ], [ 458256.955177883733995, 3137624.118747604079545 ], [ 458256.832287515338976, 3137623.942162097431719 ], [ 458256.703195226727985, 3137623.770347898360342 ], [ 458256.568702135176864, 3137623.602937964722514 ], [ 458256.429612553096376, 3137623.439463373739272 ], [ 458256.286717132548802, 3137623.279369719326496 ], [ 458256.140776385553181, 3137623.122036405373365 ], [ 458255.992505023139529, 3137622.966798295732588 ], [ 458255.842557539057452, 3137622.812969104386866 ], [ 458255.691515434067696, 3137622.659865868277848 ], [ 458255.539876433031168, 3137622.506833802442998 ], [ 458255.388045995845459, 3137622.353270827326924 ], [ 458255.236331359599717, 3137622.198651063721627 ], [ 458255.084938280517235, 3137622.042546617798507 ], [ 458254.933970568177756, 3137621.884647022467107 ], [ 458254.783432426454965, 3137621.724775769282132 ], [ 458254.633233534870669, 3137621.562903439626098 ], [ 458254.48319672618527, 3137621.399157039355487 ], [ 458254.333068040490616, 3137621.23382524587214 ], [ 458254.182528866222128, 3137621.067359388805926 ], [ 458254.031209819717333, 3137620.900370095856488 ], [ 458253.878705959650688, 3137620.733619666658342 ], [ 458253.72459289705148, 3137620.568010337650776 ], [ 458253.568443330354057, 3137620.404568723402917 ], [ 458253.409843525441829, 3137620.244426819961518 ], [ 458253.248409257736057, 3137620.088800043798983 ], [ 458253.08380075119203, 3137619.938962860498577 ], [ 458252.915736175724305, 3137619.796222621574998 ], [ 458252.744003307947423, 3137619.661892272531986 ], [ 458252.568469013145659, 3137619.537262617610395 ], [ 458252.389086271519773, 3137619.423574845772237 ], [ 458252.205898542422801, 3137619.321993998717517 ], [ 458252.019041342660785, 3137619.233584047295153 ], [ 458251.82874099467881, 3137619.159285183530301 ], [ 458251.635310586832929, 3137619.099893885198981 ], [ 458251.439143272233196, 3137619.056046225596219 ], [ 458251.24070311000105, 3137619.028204821050167 ], [ 458251.040513731131796, 3137619.016649705823511 ], [ 458250.839145172212739, 3137619.021473322995007 ], [ 458250.637199281190988, 3137619.042579723056406 ], [ 458250.435294138733298, 3137619.079687931574881 ], [ 458250.234047973295674, 3137619.132339376490563 ], [ 458250.034063061291818, 3137619.199909128714353 ] ] ] } },
{ "type": "Feature", "properties": { "id": 58, "area_ha": 0.10978799640192431 }, "geometry": { "type": "Polygon", "coordinates": [ [ [ 458450.935213475080673, 3137618.677509447559714 ], [ 458450.334566282690503, 3137618.813765707425773 ], [ 458449.731579371145926, 3137618.993655713740736 ], [ 458449.128779542457778, 3137619.213938569184393 ], [ 458448.528927372710314, 3137619.470996332820505 ], [ 458447.934941479528788, 3137619.761017898097634 ], [ 458447.349819233873859, 3137620.080179769080132 ], [ 458446.776556174794678, 3137620.424814763478935 ], [ 458446.218066287576221, 3137620.791560531593859 ], [ 458445.677105164097156, 3137621.177480989135802 ], [ 458445.156197877775412, 3137621.580155349336565 ], [ 458444.657573194941506, 3137621.997731233946979 ], [ 458444.183105512754992, 3137622.428940331563354 ], [ 458443.73426567442948, 3137622.873077081982046 ], [ 458443.31208157306537, 3137623.329942834563553 ], [ 458442.917109217785764, 3137623.79975975677371 ], [ 458442.549414714274462, 3137624.283060343004763 ], [ 458442.208567398192827, 3137624.780559615697712 ], [ 458441.893644163035788, 3137625.293017988558859 ], [ 458441.603244843368884, 3137625.821103190537542 ], [ 458441.335518342151772, 3137626.365259633865207 ], [ 458441.088199034624267, 3137626.92559314193204 ], [ 458440.858652830007486, 3137627.501778076402843 ], [ 458440.643932126986329, 3137628.092992615886033 ], [ 458440.440838757960591, 3137628.697886385954916 ], [ 458440.245993878750596, 3137629.314582814462483 ], [ 458440.055913619347848, 3137629.940716657787561 ], [ 458439.867089179111645, 3137630.573505166452378 ], [ 458439.676069915120024, 3137631.209849447477609 ], [ 458439.479547850904055, 3137631.846460854168981 ], [ 458439.274441922665574, 3137632.480005752760917 ], [ 458439.057980186364148, 3137633.107260887976736 ], [ 458438.827778146893252, 3137633.725270827300847 ], [ 458438.581911333603784, 3137634.331498683895916 ], [ 458438.318980256386567, 3137634.923961489927024 ], [ 458438.038165927340742, 3137635.501342228148133 ], [ 458437.73927423794521, 3137636.063071581535041 ], [ 458437.422767639858648, 3137636.609373931307346 ], [ 458437.089782795868814, 3137637.141273865941912 ], [ 458436.742133135616314, 3137637.660561467520893 ], [ 458436.382295580580831, 3137638.169716743286699 ], [ 458436.013381071272306, 3137638.671795708592981 ], [ 458435.639088943542447, 3137639.17028267076239 ], [ 458435.263645638246089, 3137639.668915123678744 ], [ 458434.89172868366586, 3137640.171489228494465 ], [ 458434.528377343027387, 3137640.681655051186681 ], [ 458434.178891757328529, 3137641.202711495570838 ], [ 458433.848722819529939, 3137641.73741113441065 ], [ 458433.543355371279176, 3137642.287784935906529 ], [ 458433.268187606474385, 3137642.854996138252318 ], [ 458433.028409778431524, 3137643.439231348223984 ], [ 458432.828885432449169, 3137644.039635302033275 ], [ 458432.67403840937186, 3137644.65429378207773 ], [ 458432.567748790548649, 3137645.280266941059381 ], [ 458432.513260768551845, 3137645.913672924973071 ], [ 458432.513105145480949, 3137646.549819260835648 ], [ 458432.569038779998664, 3137647.183377135545015 ], [ 458432.682002836838365, 3137647.808591548353434 ], [ 458432.852101160271559, 3137648.419518455862999 ], [ 458433.078599500644486, 3137649.010278570000082 ], [ 458433.359945702308323, 3137649.575316467322409 ], [ 458433.693810326629318, 3137650.10965317953378 ], [ 458434.077146559488028, 3137650.609120508655906 ], [ 458434.506267662334722, 3137651.070565920323133 ], [ 458434.976939688902348, 3137651.492018019314855 ], [ 458435.484486727393232, 3137651.872804237063974 ], [ 458436.023905556998216, 3137652.21361440140754 ], [ 458436.589986339444295, 3137652.516506219282746 ], [ 458437.177435815392528, 3137652.784851271659136 ], [ 458437.780999440525193, 3137653.02322279009968 ], [ 458438.395578983763698, 3137653.237229121848941 ], [ 458439.01634231233038, 3137653.433299284428358 ], [ 458439.63882239931263, 3137653.618429220281541 ], [ 458440.25900299224304, 3137653.799899230711162 ], [ 458440.873388867359608, 3137653.98497443459928 ], [ 458441.479059134609997, 3137654.180600987747312 ], [ 458442.073702641064301, 3137654.393111068755388 ], [ 458442.655635115865152, 3137654.62794935842976 ], [ 458443.223798292106949, 3137654.88943287357688 ], [ 458443.777741800120566, 3137655.180554604157805 ], [ 458444.317589140962809, 3137655.502839531749487 ], [ 458444.843989495071582, 3137655.856259333435446 ], [ 458445.358057486126199, 3137656.239209521561861 ], [ 458445.861303293262608, 3137656.648550047073513 ], [ 458446.35555568075506, 3137657.079707612749189 ], [ 458446.842880588315893, 3137657.526835268363357 ], [ 458447.325497900543269, 3137657.983022356405854 ], [ 458447.805698898388073, 3137658.440545719116926 ], [ 458448.28576669486938, 3137658.891151317860931 ], [ 458448.767901689803693, 3137659.32635416649282 ], [ 458449.254153753456194, 3137659.737743752077222 ], [ 458449.746362491045147, 3137660.117282019928098 ], [ 458450.246106560458429, 3137660.457581425085664 ], [ 458450.754662634572014, 3137660.752151595428586 ], [ 458451.272974239138421, 3137660.99560465849936 ], [ 458451.801630360423587, 3137661.183811263181269 ], [ 458452.340853433415759, 3137661.314001620281488 ], [ 458452.890496083011385, 3137661.38480843603611 ], [ 458453.450045819510706, 3137661.396251252386719 ], [ 458454.018636778753716, 3137661.349664364475757 ], [ 458454.595067547750659, 3137661.247572988271713 ], [ 458455.17782412993256, 3137661.093524608295411 ], [ 458455.765107161249034, 3137660.891884355805814 ], [ 458456.354862593929283, 3137660.647604723460972 ], [ 458456.944815191614907, 3137660.365980905015022 ], [ 458457.532504327129573, 3137660.052403461653739 ], [ 458458.115321720426437, 3137659.712119891773909 ], [ 458458.690550888248254, 3137659.350015997420996 ], [ 458459.255408188677393, 3137658.970426766201854 ], [ 458459.80708541785134, 3137658.576984843704849 ], [ 458460.342793949414045, 3137658.172512699384242 ], [ 458460.859810392023064, 3137657.75896231783554 ], [ 458461.355523675563745, 3137657.337403865531087 ], [ 458461.827483364380896, 3137656.90806232066825 ], [ 458462.273448843392543, 3137656.470398731995374 ], [ 458462.69143883389188, 3137656.023230596911162 ], [ 458463.07978048780933, 3137655.564884008839726 ], [ 458463.437157091568224, 3137655.09336876263842 ], [ 458463.762653200014029, 3137654.606566599104553 ], [ 458464.055795833235607, 3137654.102422258816659 ], [ 458464.316590220376384, 3137653.579127048142254 ], [ 458464.545548477675766, 3137653.035285135731101 ], [ 458464.743709579575807, 3137652.470053830649704 ], [ 458464.912649025849532, 3137651.883250535000116 ], [ 458465.054476738267113, 3137651.275420874357224 ], [ 458465.171821931609884, 3137650.647864568978548 ], [ 458465.267804003611673, 3137650.002617852762341 ], [ 458465.34598886128515, 3137649.342393501196057 ], [ 458465.410330545040779, 3137648.670481751672924 ], [ 458465.465098505083006, 3137647.990617418661714 ], [ 458465.514791417634115, 3137647.30682026129216 ], [ 458465.564038970216643, 3137646.623217050917447 ], [ 458465.61749358382076, 3137645.94385472452268 ], [ 458465.679714543570299, 3137645.272514499723911 ], [ 458465.755047457816545, 3137644.612536783330142 ], [ 458465.847502337594051, 3137643.966666186694056 ], [ 458465.960633860784583, 3137643.336924944072962 ], [ 458466.097427542961668, 3137642.724521618336439 ], [ 458466.260195566457696, 3137642.129800185095519 ], [ 458466.450485913141165, 3137641.552232563961297 ], [ 458466.669008201628458, 3137640.99045544443652 ], [ 458466.915579247754067, 3137640.44235002156347 ], [ 458467.189090860716533, 3137639.90516105061397 ], [ 458467.487501766649075, 3137639.375649619847536 ], [ 458467.807854837446939, 3137638.85027228621766 ], [ 458468.146320019674022, 3137638.325377830769867 ], [ 458468.4982625337434, 3137637.797411938197911 ], [ 458468.858335075026844, 3137637.263119608163834 ], [ 458469.220591930032242, 3137636.719735141843557 ], [ 458469.578622152155731, 3137636.165150065906346 ], [ 458469.925698251347058, 3137635.598050365224481 ], [ 458470.254936270299368, 3137635.018015834502876 ], [ 458470.559462669247296, 3137634.425576160661876 ], [ 458470.83258313999977, 3137633.822220420930535 ], [ 458471.06794833164895, 3137633.210358954500407 ], [ 458471.259711506834719, 3137632.593238861765712 ], [ 458471.402673350530677, 3137631.974816676229239 ], [ 458471.492409528524149, 3137631.359593869186938 ], [ 458471.5253771187854, 3137630.752422691322863 ], [ 458471.498996703012381, 3137630.158291370142251 ], [ 458471.411707683175337, 3137629.582098752260208 ], [ 458471.262995250115637, 3137629.028429073747247 ], [ 458471.053388348023873, 3137628.501337632071227 ], [ 458470.784428918326739, 3137628.00415769405663 ], [ 458470.458613630966283, 3137627.539338050410151 ], [ 458470.07931019278476, 3137627.108319250866771 ], [ 458469.650651123898569, 3137626.711454757023603 ], [ 458469.177408591785934, 3137626.347981210798025 ], [ 458468.664854458940681, 3137626.016039694659412 ], [ 458468.11861011874862, 3137625.712747506797314 ], [ 458467.544490950822365, 3137625.434317590203136 ], [ 458466.94835031311959, 3137625.176220534835011 ], [ 458466.335927905864082, 3137624.933382052462548 ], [ 458465.712707096070517, 3137624.700407167430967 ], [ 458465.083785390714183, 3137624.471821098122746 ], [ 458464.453761714219581, 3137624.242316012270749 ], [ 458463.826643499953207, 3137624.006992556620389 ], [ 458463.205775869777426, 3137623.761585291475058 ], [ 458462.593794386659283, 3137623.50266191130504 ], [ 458461.992602042795625, 3137623.227787330280989 ], [ 458461.403370327956509, 3137622.935645354911685 ], [ 458460.826563436014112, 3137622.6261126101017 ], [ 458460.26198393543018, 3137622.300281598698348 ], [ 458459.708837586105801, 3137621.960432095918804 ], [ 458459.165814437030349, 3137621.609952451661229 ], [ 458458.631182914716192, 3137621.253214637748897 ], [ 458458.102893315022811, 3137620.895408954005688 ], [ 458457.578686947468668, 3137620.542346090078354 ], [ 458457.056207151967101, 3137620.200235654134303 ], [ 458456.533108509203885, 3137619.875451235566288 ], [ 458456.007160785840824, 3137619.574292567092925 ], [ 458455.476344481518026, 3137619.302755331620574 ], [ 458454.938935260172002, 3137619.066318641416728 ], [ 458454.393575032823719, 3137618.869759251829237 ], [ 458453.839327992172912, 3137618.717000155709684 ], [ 458453.275720458826981, 3137618.610999482683837 ], [ 458452.702763966051862, 3137618.553683614358306 ], [ 458452.120961559005082, 3137618.545926275663078 ], [ 458451.531297804438509, 3137618.587573156226426 ], [ 458450.935213475080673, 3137618.677509447559714 ] ] ] } },
{ "type": "Feature", "properties": { "id": 59, "area_ha": 0.31759427099458637 }, "geometry": { "type": "Polygon", "coordinates": [ [ [ 458275.978888999670744, 3137623.416467499453574 ], [ 458274.760534847097006, 3137625.273290961049497 ], [ 458273.291393399296794, 3137627.033107257913798 ], [ 458271.817213597823866, 3137628.864684354979545 ], [ 458270.571273453650065, 3137630.884131816681474 ], [ 458269.679467740119435, 3137633.104445555247366 ], [ 458269.127134232316166, 3137635.445617513731122 ], [ 458268.793218504579272, 3137637.795567375607789 ], [ 458268.522353219159413, 3137640.082538953982294 ], [ 458268.190508816915099, 3137642.313207970932126 ], [ 458267.731321148457937, 3137644.55226279841736 ], [ 458267.118811982159968, 3137646.856502606533468 ], [ 458266.329714160645381, 3137649.207133284304291 ], [ 458265.318887011264451, 3137651.488455897662789 ], [ 458264.029656806204002, 3137653.535111726261675 ], [ 458262.435988115612417, 3137655.22763300826773 ], [ 458260.59114775666967, 3137656.582361021544784 ], [ 458258.651306565618142, 3137657.778203128371388 ], [ 458256.855355414329097, 3137659.093681820202619 ], [ 458255.465734869998414, 3137660.777273399289697 ], [ 458254.695309953240212, 3137662.914199613500386 ], [ 458254.651271323324181, 3137665.359774655662477 ], [ 458255.3168251029565, 3137667.777569856029004 ], [ 458256.572416931740008, 3137669.766650584992021 ], [ 458258.241688488749787, 3137671.01570054795593 ], [ 458260.141355808300432, 3137671.408924019429833 ], [ 458262.119312675844412, 3137671.036371786613017 ], [ 458264.075502320891246, 3137670.11390595138073 ], [ 458265.967856342787854, 3137668.865586964413524 ], [ 458267.807012342789676, 3137667.43724704394117 ], [ 458269.640593179443385, 3137665.886310221627355 ], [ 458271.526068669918459, 3137664.244365831371397 ], [ 458273.494753145379946, 3137662.604460690636188 ], [ 458275.517314269440249, 3137661.170484405010939 ], [ 458277.487342378706671, 3137660.229385293554515 ], [ 458279.237364241387695, 3137660.053994135931134 ], [ 458280.589052759634797, 3137660.787087273318321 ], [ 458281.421369706396945, 3137662.370976511854678 ], [ 458281.727088305342477, 3137664.563650521915406 ], [ 458281.628700425266288, 3137667.035974137019366 ], [ 458281.341148289619014, 3137669.501343136187643 ], [ 458281.093886380374897, 3137671.813517553266138 ], [ 458281.045438694884069, 3137673.987884894479066 ], [ 458281.228374016762245, 3137676.143859220668674 ], [ 458281.548346875177231, 3137678.407020824030042 ], [ 458281.834880213194992, 3137680.826699978671968 ], [ 458281.917662989755627, 3137683.350412470288575 ], [ 458281.69265564205125, 3137685.861263984348625 ], [ 458281.151220936502796, 3137688.249425800982863 ], [ 458280.366517264745198, 3137690.473356307949871 ], [ 458279.452075397304725, 3137692.577196807134897 ], [ 458278.516859157127328, 3137694.65896697062999 ], [ 458277.635953874792904, 3137696.812153970822692 ], [ 458276.842025837278925, 3137699.075388371478766 ], [ 458276.130066972924396, 3137701.416254564188421 ], [ 458275.464476962806657, 3137703.753390380647033 ], [ 458274.783702829387039, 3137705.999979313462973 ], [ 458274.006848051503766, 3137708.10322077665478 ], [ 458273.050325575342868, 3137710.06116520287469 ], [ 458271.856684388127178, 3137711.913910939358175 ], [ 458270.425869833969045, 3137713.720024317968637 ], [ 458268.830585549352691, 3137715.533560832962394 ], [ 458267.20039573055692, 3137717.391755905933678 ], [ 458265.674743388604838, 3137719.314023249782622 ], [ 458264.345043885172345, 3137721.306432343553752 ], [ 458263.217562363599427, 3137723.365783170796931 ], [ 458262.222428296052385, 3137725.481773854698986 ], [ 458261.270683615468442, 3137727.639492190442979 ], [ 458260.332665609777905, 3137729.823818526696414 ], [ 458259.494172471750062, 3137732.02299093734473 ], [ 458258.953520756040234, 3137734.225096890702844 ], [ 458258.951635950419586, 3137736.403234200086445 ], [ 458259.664108610420953, 3137738.493072376586497 ], [ 458261.108206271543168, 3137740.375743211247027 ], [ 458263.114443380618468, 3137741.882101617753506 ], [ 458265.381520742666908, 3137742.826883988454938 ], [ 458267.590853858331684, 3137743.065375142265111 ], [ 458269.525460662029218, 3137742.549559322185814 ], [ 458271.135190730623435, 3137741.355595459230244 ], [ 458272.518196001183242, 3137739.66492977226153 ], [ 458273.832295241300017, 3137737.703395798336715 ], [ 458275.185810998431407, 3137735.664579343050718 ], [ 458276.566266913025174, 3137733.652815976645797 ], [ 458277.84280265722191, 3137731.671436326578259 ], [ 458278.837305892608128, 3137729.658092881087214 ], [ 458279.422792684985325, 3137727.544439075049013 ], [ 458279.595081320730969, 3137725.306085901334882 ], [ 458279.480995784397237, 3137722.976980076637119 ], [ 458279.282340075704269, 3137720.624897657893598 ], [ 458279.188995519129094, 3137718.307906979694963 ], [ 458279.308149285730906, 3137716.041546810418367 ], [ 458279.643721629516222, 3137713.797533895820379 ], [ 458280.129588466719724, 3137711.533189675305039 ], [ 458280.690509796550032, 3137709.230392887722701 ], [ 458281.292424240498804, 3137706.91670643305406 ], [ 458281.954556902172044, 3137704.653258208651096 ], [ 458282.721614034322556, 3137702.496273096185178 ], [ 458283.619021112273913, 3137700.457430069800466 ], [ 458284.623185940959956, 3137698.490441674366593 ], [ 458285.667653636657633, 3137696.51551711326465 ], [ 458286.6824177877279, 3137694.469250252936035 ], [ 458287.642270240816288, 3137692.350145002827048 ], [ 458288.593719564494677, 3137690.230719734914601 ], [ 458289.642153732886072, 3137688.226093128789216 ], [ 458290.904025331721641, 3137686.434908202849329 ], [ 458292.449156777816825, 3137684.885575323365629 ], [ 458294.264064239745494, 3137683.518466380890459 ], [ 458296.255462536530104, 3137682.214051388669759 ], [ 458298.290948999405373, 3137680.850397258531302 ], [ 458300.254063756088726, 3137679.356934592593461 ], [ 458302.084467326349113, 3137677.734756350051612 ], [ 458303.783901985036209, 3137676.034604740329087 ], [ 458305.388643819547724, 3137674.309170598164201 ], [ 458306.927667099691462, 3137672.570846049580723 ], [ 458308.392467047204264, 3137670.781096724793315 ], [ 458309.736187630216591, 3137668.876736619975418 ], [ 458310.901655486261006, 3137666.814888563007116 ], [ 458311.860633095086087, 3137664.606919953133911 ], [ 458312.63980555254966, 3137662.319041913375258 ], [ 458313.316360060183797, 3137660.038567748852074 ], [ 458313.983291923301294, 3137657.826500071212649 ], [ 458314.702192458091304, 3137655.685621915385127 ], [ 458315.469544108957052, 3137653.563502593431622 ], [ 458316.216787162527908, 3137651.388148406520486 ], [ 458316.84734899981413, 3137649.114081941079348 ], [ 458317.294088921626098, 3137646.75073825661093 ], [ 458317.568361012788955, 3137644.356572040822357 ], [ 458317.773693193215877, 3137642.003670639358461 ], [ 458318.07261937588919, 3137639.73551873723045 ], [ 458318.617400577350054, 3137637.543985500000417 ], [ 458319.473704032541718, 3137635.378991141915321 ], [ 458320.571800702135079, 3137633.184033950325102 ], [ 458321.709378533472773, 3137630.935637450311333 ], [ 458322.608020561689045, 3137628.663891212549061 ], [ 458323.001733633340336, 3137626.444380462169647 ], [ 458322.721620660740882, 3137624.369886700529605 ], [ 458321.742657503113151, 3137622.52152536669746 ], [ 458320.175795248767827, 3137620.956625261809677 ], [ 458318.213120661210269, 3137619.716998955234885 ], [ 458316.053880668245256, 3137618.846039127092808 ], [ 458313.845280345994979, 3137618.396820134017617 ], [ 458311.661531590798404, 3137618.420359448064119 ], [ 458309.52344139595516, 3137618.93858819687739 ], [ 458307.440094318939373, 3137619.919700916856527 ], [ 458305.444691099983174, 3137621.274978133384138 ], [ 458303.602959200157784, 3137622.884152254089713 ], [ 458301.990649625309743, 3137624.638263275846839 ], [ 458300.655898959841579, 3137626.476574076339602 ], [ 458299.591512988961767, 3137628.396121109370142 ], [ 458298.736149761301931, 3137630.42843220429495 ], [ 458298.005544461600948, 3137632.598229361698031 ], [ 458297.33594650181476, 3137634.890613268595189 ], [ 458296.713352247374132, 3137637.248287461698055 ], [ 458296.16949849051889, 3137639.6011335789226 ], [ 458295.745052750920877, 3137641.908523329067975 ], [ 458295.440670601208694, 3137644.184127827174962 ], [ 458295.185375722066965, 3137646.481270764023066 ], [ 458294.843289403128438, 3137648.840242597274482 ], [ 458294.258478246396407, 3137651.224030548240989 ], [ 458293.315837954753079, 3137653.480408621951938 ], [ 458291.986438570485916, 3137655.358380940742791 ], [ 458290.334481284487993, 3137656.579963257070631 ], [ 458288.48498007847229, 3137656.938647474162281 ], [ 458286.573413363832515, 3137656.379952947143465 ], [ 458284.707511764368974, 3137655.026198114268482 ], [ 458282.961575776047539, 3137653.133641184307635 ], [ 458281.401257306803018, 3137651.001757625490427 ], [ 458280.115679026523139, 3137648.875411686953157 ], [ 458279.22772138559958, 3137646.881083322688937 ], [ 458278.866844898788258, 3137645.019363473635167 ], [ 458279.114180865581147, 3137643.208561771083623 ], [ 458279.951046844362281, 3137641.352536408696324 ], [ 458281.245267920719925, 3137639.399352255277336 ], [ 458282.791033351386432, 3137637.366909889969975 ], [ 458284.387331165082287, 3137635.330184890888631 ], [ 458285.915336680540349, 3137633.382104063406587 ], [ 458287.372087816009298, 3137631.588894557207823 ], [ 458288.839790194877423, 3137629.959190818015486 ], [ 458290.405648215790279, 3137628.437566068489105 ], [ 458292.07595593604492, 3137626.922731983941048 ], [ 458293.73306461336324, 3137625.302498020697385 ], [ 458295.160989659372717, 3137623.493280364666134 ], [ 458296.127257749321871, 3137621.471319113858044 ], [ 458296.476913958846126, 3137619.285321291536093 ], [ 458296.187911029090174, 3137617.045831878203899 ], [ 458295.359572641027626, 3137614.894655217416584 ], [ 458294.144553228106815, 3137612.965926359407604 ], [ 458292.667044791625813, 3137611.35515259206295 ], [ 458290.976765380823053, 3137610.110084651038051 ], [ 458289.0653057480813, 3137609.2470110678114 ], [ 458286.9321750443778, 3137608.782081750687212 ], [ 458284.655760751629714, 3137608.757145022042096 ], [ 458282.418956468696706, 3137609.240313985850662 ], [ 458280.464451194508001, 3137610.294678902253509 ], [ 458278.996480043220799, 3137611.928272052202374 ], [ 458278.079943362798076, 3137614.053387958556414 ], [ 458277.593910238181707, 3137616.483536993153393 ], [ 458277.27020589413587, 3137618.979205552488565 ], [ 458276.803211067628581, 3137621.327108367346227 ], [ 458275.978888999670744, 3137623.416467499453574 ] ] ] } },
{ "type": "Feature", "properties": { "id": 60, "area_ha": 0.0067428146494374576 }, "geometry": { "type": "Polygon", "coordinates": [ [ [ 458211.623887866036966, 3137695.840072852093726 ], [ 458211.496869397873525, 3137695.918385764118284 ], [ 458211.370437171193771, 3137696.002913360483944 ], [ 458211.244721584022045, 3137696.093262389302254 ], [ 458211.119916363735683, 3137696.188980525359511 ], [ 458210.996276139339898, 3137696.289570152759552 ], [ 458210.874111722689122, 3137696.394503484945744 ], [ 458210.753783298190683, 3137696.503238458186388 ], [ 458210.635691793693695, 3137696.615234818309546 ], [ 458210.520268768246751, 3137696.729969817213714 ], [ 458210.40796520083677, 3137696.846952953375876 ], [ 458210.299239599669818, 3137696.965739218052477 ], [ 458210.194545869482681, 3137697.085940385237336 ], [ 458210.094321377400775, 3137697.20723393978551 ], [ 458209.998975643364247, 3137697.329369343817234 ], [ 458209.908880051050801, 3137697.452171423472464 ], [ 458209.824358933081385, 3137697.575540784280747 ], [ 458209.745682326029055, 3137697.699451262596995 ], [ 458209.673060625500511, 3137697.823944533243775 ], [ 458209.60664129658835, 3137697.949122103862464 ], [ 458209.546507716062479, 3137698.075135017745197 ], [ 458209.492680141993333, 3137698.202171680051833 ], [ 458209.445118726755027, 3137698.330444284714758 ], [ 458209.403728413453791, 3137698.460174374748021 ], [ 458209.368365488131531, 3137698.591578105464578 ], [ 458209.338845500780735, 3137698.72485178289935 ], [ 458209.31495222117519, 3137698.860158248338848 ], [ 458209.296447261353023, 3137698.997614647261798 ], [ 458209.283079977903981, 3137699.137282058596611 ], [ 458209.274597261741292, 3137699.279157411772758 ], [ 458209.270752836077008, 3137699.423168016597629 ], [ 458209.271315706020687, 3137699.569168935995549 ], [ 458209.276077445480041, 3137699.7169433333911 ], [ 458209.284858055238146, 3137699.866205805446953 ], [ 458209.297510189411696, 3137700.016608600970358 ], [ 458209.313921613967977, 3137700.167750513646752 ], [ 458209.334015836182516, 3137700.319188140332699 ], [ 458209.357750917144585, 3137700.470449093263596 ], [ 458209.385116555262357, 3137700.621046687941998 ], [ 458209.416129598510452, 3137700.770495553966612 ], [ 458209.450828206667211, 3137700.91832759231329 ], [ 458209.489264940028079, 3137701.064107664395124 ], [ 458209.531499094155151, 3137701.207448413595557 ], [ 458209.577588632062543, 3137701.348023635800928 ], [ 458209.627582079905551, 3137701.485579669009894 ], [ 458209.681510755966883, 3137701.619944326113909 ], [ 458209.739381689403672, 3137701.751032990869135 ], [ 458209.801171556988265, 3137701.878851589281112 ], [ 458209.866821926727425, 3137702.003496253397316 ], [ 458209.936236043926328, 3137702.125149623956531 ], [ 458210.009277334436774, 3137702.244073844514787 ], [ 458210.085769728000741, 3137702.360600432381034 ], [ 458210.165499832655769, 3137702.475117319729179 ], [ 458210.248220913403202, 3137702.588053462095559 ], [ 458210.33365855406737, 3137702.699861508794129 ], [ 458210.421517808863427, 3137702.810999107081443 ], [ 458210.511491588084027, 3137702.921909458469599 ], [ 458210.603269964456558, 3137703.033001794945449 ], [ 458210.696550045919139, 3137703.144632443785667 ], [ 458210.791046028083656, 3137703.257087146863341 ], [ 458210.886499026033562, 3137703.370565264020115 ], [ 458210.982686283881776, 3137703.485166429076344 ], [ 458211.079429376113694, 3137703.600880162324756 ], [ 458211.176601045357529, 3137703.717578834854066 ], [ 458211.274130366917234, 3137703.83501428598538 ], [ 458211.372005985176656, 3137703.952818260062486 ], [ 458211.470277238811832, 3137704.070506719872355 ], [ 458211.569053064158652, 3137704.187487945426255 ], [ 458211.668498650193214, 3137704.303074216935784 ], [ 458211.76882990199374, 3137704.416496751829982 ], [ 458211.870305851800367, 3137704.526923451106995 ], [ 458211.973219238396268, 3137704.633478925097734 ], [ 458212.077885546255857, 3137704.735266185365617 ], [ 458212.184630859992467, 3137704.831389323342592 ], [ 458212.293778940627817, 3137704.920976475346833 ], [ 458212.405637966818176, 3137705.00320235453546 ], [ 458212.520487405010499, 3137705.077309637330472 ], [ 458212.638565477798693, 3137705.142628537490964 ], [ 458212.760057686828077, 3137705.198593954090029 ], [ 458212.885086816211697, 3137705.244759660214186 ], [ 458213.013704798941035, 3137705.280809090472758 ], [ 458213.145886767248157, 3137705.306562410201877 ], [ 458213.281527535989881, 3137705.321979654487222 ], [ 458213.420440685178619, 3137705.327159863896668 ], [ 458213.562360319425352, 3137705.322336275596172 ], [ 458213.706945485202596, 3137705.307867743540555 ], [ 458213.85378713614773, 3137705.284226706251502 ], [ 458214.002417441282887, 3137705.251984101720154 ], [ 458214.152321146801114, 3137705.211791752371937 ], [ 458214.302948625292629, 3137705.164362804032862 ], [ 458214.453730180975981, 3137705.110450867563486 ], [ 458214.604091129614972, 3137705.050828543957323 ], [ 458214.75346713734325, 3137704.986266030464321 ], [ 458214.901319288357627, 3137704.917510488536209 ], [ 458215.047148351673968, 3137704.84526682458818 ], [ 458215.190507740771864, 3137704.770180471241474 ], [ 458215.331014698313083, 3137704.692822694312781 ], [ 458215.468359295511618, 3137704.6136788376607 ], [ 458215.602310906688217, 3137704.533139831852168 ], [ 458215.732721905689687, 3137704.45149716315791 ], [ 458215.859528423752636, 3137704.368941384367645 ], [ 458215.982748111418914, 3137704.285564119461924 ], [ 458216.10247495083604, 3137704.201363403815776 ], [ 458216.218871268967632, 3137704.116252078674734 ], [ 458216.332157203403767, 3137704.030068865045905 ], [ 458216.442597963730805, 3137703.942591645289212 ], [ 458216.550489314773586, 3137703.853552430402488 ], [ 458216.656141773157287, 3137703.762653408572078 ], [ 458216.759864063642453, 3137703.66958348499611 ], [ 458216.861946410732344, 3137703.57403467502445 ], [ 458216.962644257291686, 3137703.475717758759856 ], [ 458217.06216299359221, 3137703.374376631807536 ], [ 458217.160644252435304, 3137703.269800841808319 ], [ 458217.258154280192684, 3137703.161835884209722 ], [ 458217.354674827540293, 3137703.050390911288559 ], [ 458217.450096923683304, 3137702.935443625319749 ], [ 458217.544217801943887, 3137702.817042215261608 ], [ 458217.636741141555831, 3137702.695304326713085 ], [ 458217.727280678634997, 3137702.570413167588413 ], [ 458217.81536712392699, 3137702.442610940430313 ], [ 458217.900458213582169, 3137702.312189917545766 ], [ 458217.981951608904637, 3137702.179481546394527 ], [ 458218.059200262243394, 3137702.044844046700746 ], [ 458218.131529778067488, 3137701.908649019431323 ], [ 458218.198257224692497, 3137701.771267618518323 ], [ 458218.258710799331311, 3137701.633056849241257 ], [ 458218.312249711190816, 3137701.494346558116376 ], [ 458218.35828363528708, 3137701.355427630711347 ], [ 458218.39629109587986, 3137701.216541890520602 ], [ 458218.425836167880334, 3137701.077874103561044 ], [ 458218.446582933946047, 3137700.939546424429864 ], [ 458218.458307204477023, 3137700.801615519914776 ], [ 458218.460905091778841, 3137700.664072503801435 ], [ 458218.454398130648769, 3137700.526845708955079 ], [ 458218.438934748119209, 3137700.389806209597737 ], [ 458218.414788001333363, 3137700.252775910310447 ], [ 458218.382349624414928, 3137700.115537901874632 ], [ 458218.342120544810314, 3137699.977848715148866 ], [ 458218.294698143843561, 3137699.839452011045069 ], [ 458218.240760643791873, 3137699.700093202292919 ], [ 458218.181049095932394, 3137699.559534448198974 ], [ 458218.116347523988225, 3137699.417569460812956 ], [ 458218.047461837239098, 3137699.274037545546889 ], [ 458217.975198167026974, 3137699.12883633794263 ], [ 458217.900341300643049, 3137698.981932733207941 ], [ 458217.823633881576825, 3137698.833371568005532 ], [ 458217.745757021009922, 3137698.683281696867198 ], [ 458217.667312918638345, 3137698.531879189889878 ], [ 458217.588810024200939, 3137698.379467489663512 ], [ 458217.510651189484634, 3137698.226434473879635 ], [ 458217.433125160983764, 3137698.073246468324214 ], [ 458217.356401656055823, 3137697.920439391862601 ], [ 458217.280530148011167, 3137697.768607288133353 ], [ 458217.205442366132047, 3137697.618388624861836 ], [ 458217.130958397290669, 3137697.470450803171843 ], [ 458217.056796159304213, 3137697.325473397504538 ], [ 458216.982583911623806, 3137697.184130694717169 ], [ 458216.90787537151482, 3137697.04707412282005 ], [ 458216.832166925305501, 3137696.914915184024721 ], [ 458216.754916360310744, 3137696.788209471385926 ], [ 458216.675562501477543, 3137696.667442332487553 ], [ 458216.59354511188576, 3137696.553016680292785 ], [ 458216.508324417751282, 3137696.445243374910206 ], [ 458216.419399637088645, 3137696.344334524590522 ], [ 458216.326325932517648, 3137696.250399938318878 ], [ 458216.228729267895687, 3137696.163446867838502 ], [ 458216.126318725699093, 3137696.083383046090603 ], [ 458216.018895930144936, 3137696.01002293266356 ], [ 458215.906361325352918, 3137695.943096949718893 ], [ 458215.788717162271496, 3137695.882263395003974 ], [ 458215.666067163925618, 3137695.827122618909925 ], [ 458215.53861294669332, 3137695.777232985943556 ], [ 458215.406647384632379, 3137695.732128058094531 ], [ 458215.270545203238726, 3137695.691334415692836 ], [ 458215.130751177086495, 3137695.6543894931674 ], [ 458214.987766380771063, 3137695.620858819689602 ], [ 458214.842133000900503, 3137695.59035206399858 ], [ 458214.694418256345671, 3137695.562537335790694 ], [ 458214.545197995728813, 3137695.537153250072151 ], [ 458214.395040540082846, 3137695.514018344227225 ], [ 458214.24449132202426, 3137695.493037530686706 ], [ 458214.094058832735755, 3137695.474205370526761 ], [ 458213.944202335842419, 3137695.457606067415327 ], [ 458213.795321734563913, 3137695.443410197272897 ], [ 458213.64774989860598, 3137695.431868298910558 ], [ 458213.501747663598508, 3137695.423301569651812 ], [ 458213.357501619087998, 3137695.418090004473925 ], [ 458213.215124699869193, 3137695.416658402886242 ], [ 458213.074659496429376, 3137695.419460753444582 ], [ 458212.936084104643669, 3137695.426963550504297 ], [ 458212.799320248421282, 3137695.439628634601831 ], [ 458212.664243331062607, 3137695.457896170672029 ], [ 458212.530694010027219, 3137695.482168355025351 ], [ 458212.398490839463193, 3137695.512794433161616 ], [ 458212.267443496675696, 3137695.550057543907315 ], [ 458212.137366092996672, 3137695.594163844827563 ], [ 458212.008090077259112, 3137695.64523429563269 ], [ 458211.879476259753574, 3137695.703299370128661 ], [ 458211.751425526570529, 3137695.76829686248675 ], [ 458211.623887866036966, 3137695.840072852093726 ] ] ] } },
{ "type": "Feature", "properties": { "id": 61, "area_ha": 0.018869871474957309 }, "geometry": { "type": "Polygon", "coordinates": [ [ [ 458404.890243358677253, 3137708.27843584259972 ], [ 458404.47514091769699, 3137708.351910266559571 ], [ 458404.060647204809356, 3137708.463313160464168 ], [ 458403.650066668400541, 3137708.61135980207473 ], [ 458403.246725379372947, 3137708.79438330931589 ], [ 458402.853929107775912, 3137709.010373190045357 ], [ 458402.474917765823193, 3137709.257020954973996 ], [ 458402.112817061424721, 3137709.531771617941558 ], [ 458401.770588367828168, 3137709.831879741046578 ], [ 458401.450977952976245, 3137710.154468545224518 ], [ 458401.156466815213207, 3137710.496590523049235 ], [ 458400.889222439203877, 3137710.855287949088961 ], [ 458400.651053812005557, 3137711.227651676628739 ], [ 458400.443371021945495, 3137711.610876674763858 ], [ 458400.267150703002699, 3137712.002312852535397 ], [ 458400.122908482619096, 3137712.399509857874364 ], [ 458400.010679448838346, 3137712.800254734698683 ], [ 458399.93000746803591, 3137713.202601528260857 ], [ 458399.879943974374328, 3137713.604892185423523 ], [ 458399.85905661113793, 3137714.005768358707428 ], [ 458399.865447845892049, 3137714.404174013063312 ], [ 458399.896783414471429, 3137714.799349004868418 ], [ 458399.950330175110139, 3137715.190814092289656 ], [ 458400.023002691450529, 3137715.578348095994443 ], [ 458400.111417610547505, 3137715.961958170868456 ], [ 458400.211954676429741, 3137716.341844356618822 ], [ 458400.320823020010721, 3137716.718359745573252 ], [ 458400.434131207643077, 3137717.091967743821442 ], [ 458400.547959411458578, 3137717.463197966106236 ], [ 458400.658431991527323, 3137717.832602346781641 ], [ 458400.761788759205956, 3137718.200713018421084 ], [ 458400.854453216074035, 3137718.568003437481821 ], [ 458400.933096141088754, 3137718.934854113962501 ], [ 458400.994693022919819, 3137719.301524131558836 ], [ 458401.036574001482222, 3137719.668129432480782 ], [ 458401.056465191708412, 3137720.034628609661013 ], [ 458401.052520500787068, 3137720.400816666428 ], [ 458401.023343316104729, 3137720.766326936427504 ], [ 458400.967997722153086, 3137721.130641056224704 ], [ 458400.886009195412043, 3137721.493106596637517 ], [ 458400.777355015801731, 3137721.852961687371135 ], [ 458400.642444913159125, 3137722.209365711547434 ], [ 458400.482092728663702, 3137722.56143492879346 ], [ 458400.297480107634328, 3137722.908281692303717 ], [ 458400.090113441110589, 3137723.24905579071492 ], [ 458399.861775439116172, 3137723.582986350636929 ], [ 458399.614472834044136, 3137723.909422696568072 ], [ 458399.350381788855884, 3137724.227872581221163 ], [ 458399.071792604110669, 3137724.53803626447916 ], [ 458398.781055294268299, 3137724.839835045393556 ], [ 458398.480527528678067, 3137725.133433018811047 ], [ 458398.17252631613519, 3137725.419251039624214 ], [ 458397.859284651582129, 3137725.697972133290023 ], [ 458397.542914153134916, 3137725.970537859946489 ], [ 458397.225374495028518, 3137726.238135444466025 ], [ 458396.908450203598477, 3137726.502175787463784 ], [ 458396.593735128699336, 3137726.764262784272432 ], [ 458396.282624647777993, 3137727.026154667604715 ], [ 458395.976315409003291, 3137727.289718372281641 ], [ 458395.675812178466003, 3137727.556878166738898 ], [ 458395.381941141793504, 3137727.829560002312064 ], [ 458395.095368816051632, 3137728.109633199404925 ], [ 458394.816625572624616, 3137728.398851204663515 ], [ 458394.546132649178617, 3137728.698793207295239 ], [ 458394.284231450408697, 3137729.010808419901878 ], [ 458394.031213899608701, 3137729.335964758880436 ], [ 458393.787352608633228, 3137729.675003566313535 ], [ 458393.552929682075046, 3137730.028301844839007 ], [ 458393.32826305704657, 3137730.395843272097409 ], [ 458393.113729402830359, 3137730.777199009433389 ], [ 458392.909782757167704, 3137731.171519042458385 ], [ 458392.716968251101207, 3137731.57753447489813 ], [ 458392.535930471960455, 3137731.993570882361382 ], [ 458392.367416215594858, 3137732.417572502978146 ], [ 458392.212271590658929, 3137732.847136721014977 ], [ 458392.071433639619499, 3137733.279557992238551 ], [ 458391.945916836441029, 3137733.711880080867559 ], [ 458391.836794994189404, 3137734.140955230686814 ], [ 458391.745179269521032, 3137734.563508686609566 ], [ 458391.672193073725794, 3137734.976206825114787 ], [ 458391.618944792775437, 3137735.37572705000639 ], [ 458391.586499274242669, 3137735.758827554062009 ], [ 458391.575849062530324, 3137736.122415059246123 ], [ 458391.587886348715983, 3137736.463608713354915 ], [ 458391.623376553412527, 3137736.779798430856317 ], [ 458391.682934381591622, 3137737.068696147762239 ], [ 458391.767003079643473, 3137737.328378650359809 ], [ 458391.875837496540044, 3137737.55732092121616 ], [ 458392.00949139992008, 3137737.754419188946486 ], [ 458392.167809339414816, 3137737.919003203045577 ], [ 458392.350423182535451, 3137738.050837544258684 ], [ 458392.556753285170998, 3137738.150112109258771 ], [ 458392.786014098615851, 3137738.21742220968008 ], [ 458393.037223872670438, 3137738.253739020321518 ], [ 458393.309217984962743, 3137738.260371366050094 ], [ 458393.600665324658621, 3137738.238920079544187 ], [ 458393.9100870785187, 3137738.191226347815245 ], [ 458394.235877218830865, 3137738.119315605144948 ], [ 458394.576323971617967, 3137738.025338638573885 ], [ 458394.929631553473882, 3137737.911511607468128 ], [ 458395.293941503798123, 3137737.780056678224355 ], [ 458395.667353003867902, 3137737.633144917432219 ], [ 458396.047941661789082, 3137737.472842981573194 ], [ 458396.433776350342669, 3137737.30106500023976 ], [ 458396.822933805640787, 3137737.119530852418393 ], [ 458397.213510824833065, 3137736.929731831885874 ], [ 458397.603634035214782, 3137736.732904446776956 ], [ 458397.991467337531503, 3137736.530012848321348 ], [ 458398.375217250490095, 3137736.321740109939128 ], [ 458398.753136491170153, 3137736.108488328289241 ], [ 458399.123526219045743, 3137735.890387241262943 ], [ 458399.484737439546734, 3137735.667310837190598 ], [ 458399.835172108199913, 3137735.438901206012815 ], [ 458400.173284491058439, 3137735.204598690848798 ], [ 458400.497583329095505, 3137734.963677253108472 ], [ 458400.806635310465936, 3137734.715283848810941 ], [ 458401.099070293479599, 3137734.458480531815439 ], [ 458401.373588628077414, 3137734.192287968005985 ], [ 458401.628970817138907, 3137733.915729060769081 ], [ 458401.864089627633803, 3137733.627871415112168 ], [ 458402.077924626762979, 3137733.327867464628071 ], [ 458402.269578971201554, 3137733.01499119354412 ], [ 458402.438298134424258, 3137732.688670522999018 ], [ 458402.583490119781345, 3137732.348514600191265 ], [ 458402.704746579343919, 3137731.994335402734578 ], [ 458402.80186415213393, 3137731.626163254026324 ], [ 458402.874865247518755, 3137731.244256047531962 ], [ 458402.924017440876924, 3137730.849102150183171 ], [ 458402.949850619479548, 3137730.441417142283171 ], [ 458402.953171017812565, 3137730.022134710103273 ], [ 458402.935071317304391, 3137729.592392159625888 ], [ 458402.896936053293757, 3137729.153511124663055 ], [ 458402.840441671549343, 3137728.706974166445434 ], [ 458402.76755070296349, 3137728.254398004617542 ], [ 458402.680499680689536, 3137727.797504182904959 ], [ 458402.581780592969153, 3137727.338087981101125 ], [ 458402.474115855817217, 3137726.877986376639456 ], [ 458402.360426983679645, 3137726.419045825954527 ], [ 458402.24379733519163, 3137725.963090589269996 ], [ 458402.127429503481835, 3137725.51189224421978 ], [ 458402.014598102250602, 3137725.067140958271921 ], [ 458401.90859886322869, 3137724.630418994929641 ], [ 458401.812695099390112, 3137724.203176835086197 ], [ 458401.730062699818518, 3137723.786712198052555 ], [ 458401.663734899368137, 3137723.382152151316404 ], [ 458401.616548108868301, 3137722.990438417997211 ], [ 458401.591090093890671, 3137722.612315904349089 ], [ 458401.589651754766237, 3137722.248324416577816 ], [ 458401.614183688012417, 3137721.89879347383976 ], [ 458401.666258598328568, 3137721.563840089831501 ], [ 458401.74704048933927, 3137721.243369375355542 ], [ 458401.857261387980543, 3137720.937077790498734 ], [ 458401.997206166095566, 3137720.644458895083517 ], [ 458402.166705808311235, 3137720.364811431150883 ], [ 458402.365139255882241, 3137720.097249610349536 ], [ 458402.591443729470484, 3137719.840715485159308 ], [ 458402.844133214501198, 3137719.593993311282247 ], [ 458403.121324580104556, 3137719.355725834611803 ], [ 458403.420770613302011, 3137719.124432436656207 ], [ 458403.739899078209419, 3137718.898529103491455 ], [ 458404.075856773531996, 3137718.676350166555494 ], [ 458404.425557452021167, 3137718.456171761732548 ], [ 458404.785732398333494, 3137718.23623693594709 ], [ 458405.152982427505776, 3137718.014782283920795 ], [ 458405.523830074758735, 3137717.79006597166881 ], [ 458405.894770790473558, 3137717.560396932996809 ], [ 458406.26232203526888, 3137717.32416497496888 ], [ 458406.62306928326143, 3137717.079871452879161 ], [ 458406.97370808001142, 3137716.826160105876625 ], [ 458407.311081468244083, 3137716.561847581528127 ], [ 458407.632212270109449, 3137716.285953100305051 ], [ 458407.934329907468054, 3137715.997726663947105 ], [ 458408.214891631039791, 3137715.696675162296742 ], [ 458408.471598219766747, 3137715.382585703860968 ], [ 458408.702404386946, 3137715.055545487906784 ], [ 458408.905524291854817, 3137714.71595753589645 ], [ 458409.079432691039983, 3137714.364551651291549 ], [ 458409.222862376191188, 3137714.002390013076365 ], [ 458409.33479862275999, 3137713.630866906605661 ], [ 458409.414471421798225, 3137713.251702192705125 ], [ 458409.461346276802942, 3137712.866928241215646 ], [ 458409.475114327506162, 3137712.478870203252882 ], [ 458409.455682505446021, 3137712.090119660366327 ], [ 458409.403164341521915, 3137711.703501852694899 ], [ 458409.317871934268624, 3137711.322036870755255 ], [ 458409.20030945551116, 3137710.948895378503948 ], [ 458409.051168421166949, 3137710.587349590845406 ], [ 458408.871324797451962, 3137710.240720417350531 ], [ 458408.661837854248006, 3137709.912321799900383 ], [ 458408.423950520169456, 3137709.605403413530439 ], [ 458408.159090849687345, 3137709.323092980775982 ], [ 458407.868874086241703, 3137709.068339527584612 ], [ 458407.555104698636569, 3137708.843858908861876 ], [ 458407.219777694088407, 3137708.652082953136414 ], [ 458406.865078462578822, 3137708.495113497599959 ], [ 458406.493380399013404, 3137708.374682509340346 ], [ 458406.107239571923856, 3137708.292119362857193 ], [ 458405.709385767579079, 3137708.248326178640127 ], [ 458405.30270933220163, 3137708.243761933874339 ], [ 458404.890243358677253, 3137708.27843584259972 ] ] ] } },
{ "type": "Feature", "properties": { "id": 62, "area_ha": 0.104861490469611 }, "geometry": { "type": "Polygon", "coordinates": [ [ [ 458509.468867315677926, 3137716.100412803236395 ], [ 458509.092855409428012, 3137716.613985227420926 ], [ 458508.730877463414799, 3137717.145680849440396 ], [ 458508.380358466412872, 3137717.688273307401687 ], [ 458508.038396110408939, 3137718.235110041685402 ], [ 458507.701852941943798, 3137718.780345930717885 ], [ 458507.367465233779512, 3137719.319136239588261 ], [ 458507.031965547590517, 3137719.847780471201986 ], [ 458506.692215134797152, 3137720.363811005372554 ], [ 458506.345341615146026, 3137720.866022967267781 ], [ 458505.988876821880694, 3137721.354444526601583 ], [ 458505.620889344543684, 3137721.830249625723809 ], [ 458505.240106163895689, 3137722.295617827214301 ], [ 458504.84601787419524, 3137722.753548469394445 ], [ 458504.438962339190766, 3137723.207638457417488 ], [ 458504.020182220032439, 3137723.661834744736552 ], [ 458503.591852636018302, 3137724.120173722505569 ], [ 458503.157076243951451, 3137724.586520363111049 ], [ 458502.719844214559998, 3137725.064319934230298 ], [ 458502.284962892648764, 3137725.556374493520707 ], [ 458501.857947309676092, 3137726.064655154012144 ], [ 458501.444884100521449, 3137726.590159376617521 ], [ 458501.052267714869231, 3137727.132820352446288 ], [ 458500.686815032211598, 3137727.691473008133471 ], [ 458500.355264545534737, 3137728.263878401834518 ], [ 458500.064167107979301, 3137728.846805434674025 ], [ 458499.819675804290455, 3137729.436165978200734 ], [ 458499.627342779247556, 3137730.027196905110031 ], [ 458499.491930807533208, 3137730.614680176135153 ], [ 458499.417247018835042, 3137731.193190226331353 ], [ 458499.406005504191853, 3137731.757356510031968 ], [ 458499.45972454798175, 3137732.302128249313682 ], [ 458499.578662988322321, 3137732.823028231039643 ], [ 458499.761798755556811, 3137733.316382959950715 ], [ 458500.006851030688267, 3137733.779517523013055 ], [ 458500.310345769743435, 3137734.210905154235661 ], [ 458500.667722625657916, 3137734.610263619106263 ], [ 458501.073479640472215, 3137734.978593044914305 ], [ 458501.521350547904149, 3137735.318152613006532 ], [ 458502.004508186946623, 3137735.632376477122307 ], [ 458502.515786441683304, 3137735.925732184201479 ], [ 458503.047912337875459, 3137736.203527695499361 ], [ 458503.593739484203979, 3137736.471675610169768 ], [ 458504.146473962347955, 3137736.73642534064129 ], [ 458504.699884055531584, 3137737.004075607284904 ], [ 458505.248485850461293, 3137737.280680686701089 ], [ 458505.787697726453189, 3137737.571764252148569 ], [ 458506.313958017213736, 3137737.882054427172989 ], [ 458506.824801646231208, 3137738.215252776630223 ], [ 458507.318893225747161, 3137738.573848470579833 ], [ 458507.796015907311812, 3137738.958986824844033 ], [ 458508.257017093477771, 3137739.370398927945644 ], [ 458508.703713894472457, 3137739.806396260391921 ], [ 458509.138762858172413, 3137740.263931171037257 ], [ 458509.565499948337674, 3137740.738721018657088 ], [ 458509.987757930066437, 3137741.225430760532618 ], [ 458510.409669192740694, 3137741.717906027566642 ], [ 458510.835462561633904, 3137742.209446281660348 ], [ 458511.269262796733528, 3137742.693105720449239 ], [ 458511.714901245839428, 3137743.162008220795542 ], [ 458512.175745523010846, 3137743.609661838505417 ], [ 458512.654555144370534, 3137744.030258335638791 ], [ 458513.153368819388561, 3137744.418943770695478 ], [ 458513.673427621892188, 3137744.772047452162951 ], [ 458514.215136615501251, 3137745.087258385960013 ], [ 458514.778065758175217, 3137745.363740699365735 ], [ 458515.360989142965991, 3137745.602182272356004 ], [ 458515.96195991942659, 3137745.804773833602667 ], [ 458516.578416663513053, 3137745.975118947215378 ], [ 458517.207315594016109, 3137746.118078463245183 ], [ 458517.845281929185148, 3137746.239556006621569 ], [ 458518.488772886747029, 3137746.34623377583921 ], [ 458519.134244392276742, 3137746.445270221214741 ], [ 458519.778313486487605, 3137746.543972915038466 ], [ 458520.417908719740808, 3137746.649461095221341 ], [ 458521.050401470798533, 3137746.768332852981985 ], [ 458521.673712099378463, 3137746.906351758167148 ], [ 458522.286386089341249, 3137747.068166854325682 ], [ 458522.887636804196518, 3137747.257078476715833 ], [ 458523.477353090944234, 3137747.474860299378633 ], [ 458524.056071655184496, 3137747.721645506098866 ], [ 458524.624915814667474, 3137747.995882113929838 ], [ 458525.185503837885335, 3137748.294359410647303 ], [ 458525.739831521874294, 3137748.61230430053547 ], [ 458526.290134884184226, 3137748.943543275352567 ], [ 458526.838739788334351, 3137749.280722853261977 ], [ 458527.387905946525279, 3137749.615578783210367 ], [ 458527.939673013519496, 3137749.939242238644511 ], [ 458528.495716399338562, 3137750.242569687310606 ], [ 458529.057219980109949, 3137750.516482189763337 ], [ 458529.624772105074953, 3137750.752299611922354 ], [ 458530.198290215688758, 3137750.942055617459118 ], [ 458530.77697806089418, 3137751.078780306503177 ], [ 458531.359317972324789, 3137751.156738981604576 ], [ 458531.943099027732387, 3137751.171617595944554 ], [ 458532.525480248616077, 3137751.120647944509983 ], [ 458533.103086333838291, 3137751.002668434288353 ], [ 458533.672131895844359, 3137750.818119190633297 ], [ 458534.228568810271099, 3137750.5689731920138 ], [ 458534.768250178603921, 3137750.258607952855527 ], [ 458535.28710358182434, 3137749.891624819487333 ], [ 458535.781305816955864, 3137749.47362515470013 ], [ 458536.247451168717816, 3137749.010954414028674 ], [ 458536.682705493760295, 3137748.510426315944642 ], [ 458537.08493896399159, 3137747.979039911646396 ], [ 458537.452831210393924, 3137747.423702381085604 ], [ 458537.785943785042036, 3137746.850969779770821 ], [ 458538.084756264579482, 3137746.26681682979688 ], [ 458538.350663891644217, 3137745.676445194985718 ], [ 458538.58593631722033, 3137745.084137649741024 ], [ 458538.79363869986264, 3137744.493163189850748 ], [ 458538.977518052095547, 3137743.905735595151782 ], [ 458539.1418592374539, 3137743.32302536489442 ], [ 458539.291316340502817, 3137742.745222392026335 ], [ 458539.430726204707753, 3137742.171644410118461 ], [ 458539.564911706896964, 3137741.600884166080505 ], [ 458539.698482788982801, 3137741.030986613593996 ], [ 458539.8356433705776, 3137740.459646198898554 ], [ 458539.980012022773735, 3137739.884413617197424 ], [ 458540.134463709080592, 3137739.302901252172887 ], [ 458540.300999014463741, 3137738.712976871524006 ], [ 458540.480646135809366, 3137738.112936034798622 ], [ 458540.673399547231384, 3137737.501644992269576 ], [ 458540.878197737154551, 3137736.87864755699411 ], [ 458541.092940817121416, 3137736.244231426622719 ], [ 458541.31454718625173, 3137735.59945160895586 ], [ 458541.539046873047482, 3137734.946110841818154 ], [ 458541.761707735015079, 3137734.286699112039059 ], [ 458541.977189432654995, 3137733.624296413268894 ], [ 458542.17971906112507, 3137732.962444685865194 ], [ 458542.363281560246833, 3137732.304996335413307 ], [ 458542.521817555883899, 3137731.655947758350521 ], [ 458542.649421131063718, 3137731.019266915507615 ], [ 458542.740530180046335, 3137730.398724076338112 ], [ 458542.790102451108396, 3137729.797734523192048 ], [ 458542.793771105119959, 3137729.219221159350127 ], [ 458542.747974574682303, 3137728.665503771975636 ], [ 458542.650056648533791, 3137728.138220137916505 ], [ 458542.498333981086034, 3137727.638282369822264 ], [ 458542.292129574227147, 3137727.165869955439121 ], [ 458542.031772141926922, 3137726.720458943396807 ], [ 458541.718562586058397, 3137726.300884802825749 ], [ 458541.354710031824652, 3137725.905434708576649 ], [ 458540.943240943364799, 3137725.53196347784251 ], [ 458540.487885724578518, 3137725.178026199806482 ], [ 458539.99294787744293, 3137724.841019798535854 ], [ 458539.463161216874141, 3137724.518325396813452 ], [ 458538.903540826053359, 3137724.207443431485444 ], [ 458538.319233373273164, 3137723.90611398499459 ], [ 458537.715372124395799, 3137723.612415737472475 ], [ 458537.096941490890458, 3137723.324838214553893 ], [ 458536.468655285367277, 3137723.042323606088758 ], [ 458535.834852060070261, 3137722.764276189729571 ], [ 458535.199410008848645, 3137722.490539302583784 ], [ 458534.56568298075581, 3137722.221341681666672 ], [ 458533.936458213371225, 3137721.957216798793525 ], [ 458533.313935502548702, 3137721.698900415562093 ], [ 458532.699726708116941, 3137721.447212900966406 ], [ 458532.094873796741012, 3137721.202933828812093 ], [ 458531.499883057782426, 3137720.966676911339164 ], [ 458530.914772720250767, 3137720.738773453049362 ], [ 458530.339130951033439, 3137720.519172157160938 ], [ 458529.772181129548699, 3137720.307362341787666 ], [ 458529.212851360207424, 3137720.102326430846006 ], [ 458528.659845385525841, 3137719.902526073623449 ], [ 458528.111712376761716, 3137719.705924417823553 ], [ 458527.566913478600327, 3137719.510045127477497 ], [ 458527.023883439134806, 3137719.312066649552435 ], [ 458526.481086132698692, 3137719.108948245644569 ], [ 458525.937063255580142, 3137718.897582407109439 ], [ 458525.390475909807719, 3137718.674966650083661 ], [ 458524.840139166626614, 3137718.438386353198439 ], [ 458524.285050001402851, 3137718.185599421616644 ], [ 458523.724409200018272, 3137717.915013084188104 ], [ 458523.157637951080687, 3137717.625843179412186 ], [ 458522.584389856085181, 3137717.318246824666858 ], [ 458522.004559023189358, 3137716.993420363403857 ], [ 458521.418284768005833, 3137716.653655941132456 ], [ 458520.825953251100145, 3137716.302351880818605 ], [ 458520.228196153475437, 3137715.943974133115262 ], [ 458519.625886256922968, 3137715.583968373015523 ], [ 458519.020129578770138, 3137715.228624693583697 ], [ 458518.412253532151226, 3137714.884899167343974 ], [ 458517.803790468373336, 3137714.560198735911399 ], [ 458517.196455918718129, 3137714.262137806043029 ], [ 458516.592120906163473, 3137713.998276464175433 ], [ 458515.992777842038777, 3137713.775851353537291 ], [ 458515.400499759649392, 3137713.601510838139802 ], [ 458514.817392960365396, 3137713.481066158507019 ], [ 458514.245543535449542, 3137713.419269776903093 ], [ 458513.686958665028214, 3137713.41963108163327 ], [ 458513.143504054343794, 3137713.484278107993305 ], [ 458512.616839318245184, 3137713.613871956244111 ], [ 458512.108353538438678, 3137713.807578310370445 ], [ 458511.619103562959936, 3137714.063097921665758 ], [ 458511.14975786244031, 3137714.376755269709975 ], [ 458510.700548884808086, 3137714.743641977664083 ], [ 458510.271236830041744, 3137715.157809044700116 ], [ 458509.861087596334983, 3137715.612499702256173 ], [ 458509.468867315677926, 3137716.100412803236395 ] ] ] } },
{ "type": "Feature", "properties": { "id": 63, "area_ha": 0.020744112595820163 }, "geometry": { "type": "Polygon", "coordinates": [ [ [ 458549.429910850012675, 3137806.657034653238952 ], [ 458549.161120422650129, 3137806.598814987111837 ], [ 458548.891551688022446, 3137806.549446446821094 ], [ 458548.621549332689028, 3137806.508643860463053 ], [ 458548.351386173162609, 3137806.476145832333714 ], [ 458548.081274643540382, 3137806.45172599889338 ], [ 458547.811380248167552, 3137806.435203073080629 ], [ 458547.541836447140668, 3137806.426449324470013 ], [ 458547.272760392748751, 3137806.425397172570229 ], [ 458547.004268903750926, 3137806.432043618988246 ], [ 458546.736494051176123, 3137806.446452320087701 ], [ 458546.469597742252517, 3137806.46875316509977 ], [ 458546.203784717363305, 3137806.499139306601137 ], [ 458545.939313428883906, 3137806.537861668970436 ], [ 458545.67650433909148, 3137806.585221053101122 ], [ 458545.415745262813289, 3137806.641558023169637 ], [ 458545.157493480946869, 3137806.707240861374885 ], [ 458544.902274461870547, 3137806.782651915680617 ], [ 458544.650677148660179, 3137806.868172767106444 ], [ 458544.403345889411867, 3137806.964168645907193 ], [ 458544.160969211312477, 3137807.070972608402371 ], [ 458543.924265753477812, 3137807.188869962468743 ], [ 458543.693967781495303, 3137807.318083468358964 ], [ 458543.470802801079117, 3137807.458759803790599 ], [ 458543.255473865603562, 3137807.610957765486091 ], [ 458543.048639232991263, 3137807.774638627190143 ], [ 458542.850892064976506, 3137807.949659018777311 ], [ 458542.662740877654869, 3137808.135766605380923 ], [ 458542.484591444022954, 3137808.332598782610148 ], [ 458542.316730818827637, 3137808.539684482850134 ], [ 458542.159314101270866, 3137808.756449117325246 ], [ 458542.012354474863969, 3137808.982222558464855 ], [ 458541.875716971640941, 3137809.216249980963767 ], [ 458541.749116293911356, 3137809.457705278880894 ], [ 458541.632118907058612, 3137809.705706694163382 ], [ 458541.524149480857886, 3137809.9593342137523 ], [ 458541.42450162244495, 3137810.217648233752698 ], [ 458541.332352705998346, 3137810.479708934668452 ], [ 458541.246782471309416, 3137810.744595798663795 ], [ 458541.166794937802479, 3137811.011426664888859 ], [ 458541.091343071602751, 3137811.279375752899796 ], [ 458541.019355544296559, 3137811.547690090723336 ], [ 458540.949764849618077, 3137811.815703844185919 ], [ 458540.881535987951793, 3137812.082850094884634 ], [ 458540.813694901065901, 3137812.348669702652842 ], [ 458540.745355833729263, 3137812.612816968467087 ], [ 458540.675746821623761, 3137812.875061921775341 ], [ 458540.604232550016604, 3137813.135289155412465 ], [ 458540.530333897972014, 3137813.393493251875043 ], [ 458540.453743575315457, 3137813.649770935066044 ], [ 458540.374337369401474, 3137813.90431021200493 ], [ 458540.292180644173641, 3137814.157376841641963 ], [ 458540.207529873412568, 3137814.40929857082665 ], [ 458540.120829132327344, 3137814.660447647795081 ], [ 458540.032701621297747, 3137814.911222169641405 ], [ 458539.943936439638492, 3137815.162026879377663 ], [ 458539.855470967944711, 3137815.413254018872976 ], [ 458539.768369344237726, 3137815.665264876559377 ], [ 458539.683797634381335, 3137815.918372608721256 ], [ 458539.602996391360648, 3137816.172826910857111 ], [ 458539.527251372870523, 3137816.428801022469997 ], [ 458539.457863236486446, 3137816.686381491832435 ], [ 458539.396117057767697, 3137816.945561028085649 ], [ 458539.34325251611881, 3137817.206234670709819 ], [ 458539.300435567914974, 3137817.468199394177645 ], [ 458539.268732374883257, 3137817.731157147325575 ], [ 458539.249086183786858, 3137817.994721222668886 ], [ 458539.242297758290078, 3137818.25842572748661 ], [ 458539.249009853578173, 3137818.521737837698311 ], [ 458539.269696098053828, 3137818.784072405658662 ], [ 458539.304654512321576, 3137819.044808426406235 ], [ 458539.354005755565595, 3137819.303306797984987 ], [ 458539.417696045245975, 3137819.558928762096912 ], [ 458539.495504562393762, 3137819.811054391320795 ], [ 458539.587055019452237, 3137820.059100485872477 ], [ 458539.691830952186137, 3137820.302537248004228 ], [ 458539.809194191708229, 3137820.540903156157583 ], [ 458539.938405888387933, 3137820.773817504756153 ], [ 458540.078649393981323, 3137821.00099015654996 ], [ 458540.229054267401807, 3137821.222228141035885 ], [ 458540.388720649003517, 3137821.437438837718219 ], [ 458540.556743256456684, 3137821.646629593335092 ], [ 458540.732234280207194, 3137821.849903736263514 ], [ 458540.914344510179944, 3137822.047453078441322 ], [ 458541.102282092615496, 3137822.239547097124159 ], [ 458541.295328407082707, 3137822.426519118249416 ], [ 458541.492850652255584, 3137822.60874990792945 ], [ 458541.694310845283326, 3137822.786649170331657 ], [ 458541.899271057161968, 3137822.960635538212955 ], [ 458542.107394831313286, 3137823.131115665659308 ], [ 458542.318444853415713, 3137823.298463103827089 ], [ 458542.532277059741318, 3137823.462997623253614 ], [ 458542.748831477714702, 3137823.624965654220432 ], [ 458542.968120192468632, 3137823.784522492438555 ], [ 458543.190212913381401, 3137823.941716845612973 ], [ 458543.415220681868959, 3137824.096478258725256 ], [ 458543.643278307514265, 3137824.248607848305255 ], [ 458543.874526147381403, 3137824.397772685158998 ], [ 458544.109091850055847, 3137824.543504061643034 ], [ 458544.347072673612274, 3137824.685199758969247 ], [ 458544.588518952892628, 3137824.822130305692554 ], [ 458544.833419244794641, 3137824.953449112828821 ], [ 458545.081687612284441, 3137825.078206238336861 ], [ 458545.333153432409745, 3137825.195365444757044 ], [ 458545.587554023426492, 3137825.303824097383767 ], [ 458545.844530293252319, 3137825.402435387950391 ], [ 458546.103625510877464, 3137825.490032279863954 ], [ 458546.364287204691209, 3137825.565452540293336 ], [ 458546.62587209494086, 3137825.62756418902427 ], [ 458546.887653877667617, 3137825.675290674902499 ], [ 458547.148833595041651, 3137825.707635123748332 ], [ 458547.40855225775158, 3137825.723703007679433 ], [ 458547.665905326255597, 3137825.722722652833909 ], [ 458547.919958614860661, 3137825.704063060693443 ], [ 458548.169765154714696, 3137825.667248601093888 ], [ 458548.414382539107464, 3137825.611970223486423 ], [ 458548.65289027732797, 3137825.53809293685481 ], [ 458548.884406700497493, 3137825.445659415796399 ], [ 458549.108104994578753, 3137825.334889696910977 ], [ 458549.323227977496572, 3137825.20617703255266 ], [ 458549.52910128980875, 3137825.060080080293119 ], [ 458549.725144728843588, 3137824.897311699111015 ], [ 458549.910881521354895, 3137824.718724695034325 ], [ 458550.085945396043826, 3137824.525294955819845 ], [ 458550.250085387437139, 3137824.318102451041341 ], [ 458550.403168366057798, 3137824.098310621920973 ], [ 458550.545179351989646, 3137823.867144719697535 ], [ 458550.676219724409748, 3137823.625869642477483 ], [ 458550.796503485064022, 3137823.375767831690609 ], [ 458550.906351773126516, 3137823.11811774969101 ], [ 458551.006185855716467, 3137822.854173431172967 ], [ 458551.096518837031908, 3137822.585145544726402 ], [ 458551.17794633662561, 3137822.312184344511479 ], [ 458551.251136384147685, 3137822.036364819854498 ], [ 458551.316818769962993, 3137821.75867426674813 ], [ 458551.37577406904893, 3137821.480002447962761 ], [ 458551.428822534740902, 3137821.201134402304888 ], [ 458551.476813027402386, 3137820.922745913732797 ], [ 458551.520612113235984, 3137820.645401553716511 ], [ 458551.561093434982467, 3137820.369555169716477 ], [ 458551.599127424822655, 3137820.095552614424378 ], [ 458551.635571401449852, 3137819.823636478278786 ], [ 458551.671260068251286, 3137819.553952546324581 ], [ 458551.7069964078255, 3137819.286557672079653 ], [ 458551.743542957294267, 3137819.021428759209812 ], [ 458551.78161344002001, 3137818.758472533430904 ], [ 458551.821864728583023, 3137818.497535792179406 ], [ 458551.864889122662134, 3137818.238415852654725 ], [ 458551.911206935474183, 3137817.980870927684009 ], [ 458551.96125940233469, 3137817.724630214739591 ], [ 458552.015401945682243, 3137817.469403496012092 ], [ 458552.073897857218981, 3137817.214890112634748 ], [ 458552.136912481160834, 3137816.960787207819521 ], [ 458552.204508011811413, 3137816.706797166261822 ], [ 458552.27663903759094, 3137816.452634243294597 ], [ 458552.353148986643646, 3137816.198030373547226 ], [ 458552.433767640264705, 3137815.942740215919912 ], [ 458552.518109888769686, 3137815.686545492149889 ], [ 458552.605675903731026, 3137815.429258693009615 ], [ 458552.695852888806257, 3137815.170726246666163 ], [ 458552.787918556598015, 3137814.910831234883517 ], [ 458552.881046447088011, 3137814.649495742749423 ], [ 458552.974313170707319, 3137814.3866829094477 ], [ 458553.066707613004837, 3137814.122398738283664 ], [ 458553.157142087176908, 3137813.856693706009537 ], [ 458553.244465367228258, 3137813.589664169121534 ], [ 458553.327477472892497, 3137813.321453572250903 ], [ 458553.404946019349154, 3137813.052253408823162 ], [ 458553.475623886100948, 3137812.782303884159774 ], [ 458553.538267901865765, 3137812.511894203722477 ], [ 458553.591658195131458, 3137812.241362398024648 ], [ 458553.63461781659862, 3137811.971094587352127 ], [ 458553.666032207780518, 3137811.701523590832949 ], [ 458553.684868070413359, 3137811.433126784395427 ], [ 458553.690191182133276, 3137811.166423130780458 ], [ 458553.681182712200098, 3137810.901969319209456 ], [ 458553.657153609907255, 3137810.640354983042926 ], [ 458553.617556673125364, 3137810.382196984253824 ], [ 458553.561995954427402, 3137810.128132801037282 ], [ 458553.490233221498784, 3137809.878813084680587 ], [ 458553.402191262051929, 3137809.634893484879285 ], [ 458553.297953904082533, 3137809.397025897167623 ], [ 458553.17776271054754, 3137809.165849303361028 ], [ 458553.0420103999204, 3137808.941980416420847 ], [ 458552.891231136687566, 3137808.726004370488226 ], [ 458552.726087927643675, 3137808.518465704284608 ], [ 458552.547357445990201, 3137808.319859906099737 ], [ 458552.355912682774942, 3137808.130625790450722 ], [ 458552.152703894709703, 3137807.951138952746987 ], [ 458551.938738369033672, 3137807.781706552952528 ], [ 458551.715059567941353, 3137807.622563630808145 ], [ 458551.482726234418806, 3137807.473871128167957 ], [ 458551.242792047851253, 3137807.335715744178742 ], [ 458550.996286401117686, 3137807.208111696876585 ], [ 458550.744196839281358, 3137807.091004402842373 ], [ 458550.487453649111558, 3137806.984276038128883 ], [ 458550.226917021209374, 3137806.887752857990563 ], [ 458549.963367126125377, 3137806.801214112434536 ], [ 458549.697497352201026, 3137806.724402325693518 ], [ 458549.429910850012675, 3137806.657034653238952 ] ] ] } },
{ "type": "Feature", "properties": { "id": 64, "area_ha": 0.018394986373288017 }, "geometry": { "type": "Polygon", "coordinates": [ [ [ 458567.820082769554574, 3137818.065218337345868 ], [ 458567.612538875022437, 3137818.25281071010977 ], [ 458567.407462427858263, 3137818.457130335271358 ], [ 458567.205937537306454, 3137818.675963854882866 ], [ 458567.009008223947603, 3137818.907096188981086 ], [ 458566.817657547246199, 3137819.148357861675322 ], [ 458566.632787573500536, 3137819.397669267840683 ], [ 458566.455200718366541, 3137819.653080720454454 ], [ 458566.285582965356298, 3137819.912807242479175 ], [ 458566.124489419220481, 3137820.175257260911167 ], [ 458565.97233259130735, 3137820.439054562710226 ], [ 458565.829373744374607, 3137820.703053084202111 ], [ 458565.69571754039498, 3137820.966344342567027 ], [ 458565.571310148457997, 3137821.228257552720606 ], [ 458565.455940871732309, 3137821.488352693617344 ], [ 458565.349247259204276, 3137821.746407008264214 ], [ 458565.250723571982235, 3137822.002395613119006 ], [ 458565.159732381580397, 3137822.256467070430517 ], [ 458565.075518995232414, 3137822.50891490560025 ], [ 458564.997228327265475, 3137822.760146165732294 ], [ 458564.923923773108982, 3137823.010648180730641 ], [ 458564.854607593617402, 3137823.260954708326608 ], [ 458564.78824228211306, 3137823.511612649541348 ], [ 458564.723772370431107, 3137823.763150443788618 ], [ 458564.660146126407199, 3137824.016049195080996 ], [ 458564.596336612128653, 3137824.270717439241707 ], [ 458564.531361601664685, 3137824.527470317203552 ], [ 458564.464301902044099, 3137824.78651375696063 ], [ 458564.394317679398227, 3137825.047934067901224 ], [ 458564.320662461046595, 3137825.311693152412772 ], [ 458564.242694560845848, 3137825.577629348728806 ], [ 458564.15988575812662, 3137825.845463700592518 ], [ 458564.071827147272415, 3137826.114811284001917 ], [ 458563.978232158871833, 3137826.385197026189417 ], [ 458563.878936838940717, 3137826.656075324863195 ], [ 458563.773897548788227, 3137826.926852629054338 ], [ 458563.663186317950021, 3137827.196912076324224 ], [ 458563.546984143496957, 3137827.465639196336269 ], [ 458563.425572575302795, 3137827.732447694987059 ], [ 458563.299323962826747, 3137827.996804314665496 ], [ 458563.168690757360309, 3137828.258251843973994 ], [ 458563.034194272884633, 3137828.516429398208857 ], [ 458562.89641329634469, 3137828.771089223679155 ], [ 458562.755972919345368, 3137829.022109397687018 ], [ 458562.61353392736055, 3137829.269501947797835 ], [ 458562.469783036096487, 3137829.513416090980172 ], [ 458562.325424212263897, 3137829.754136455710977 ], [ 458562.181171251810156, 3137829.992076335474849 ], [ 458562.037741725507658, 3137830.227766192052513 ], [ 458561.89585233211983, 3137830.461837792303413 ], [ 458561.756215633184183, 3137830.695004504639655 ], [ 458561.619538081227802, 3137830.928038418292999 ], [ 458561.486519192287233, 3137831.161745040211827 ], [ 458561.357851668144576, 3137831.396936409641057 ], [ 458561.234222229104489, 3137831.63440351234749 ], [ 458561.116312892059796, 3137831.874888884834945 ], [ 458561.004802410956472, 3137832.119060295633972 ], [ 458560.900367591821123, 3137832.367486335337162 ], [ 458560.803684203827288, 3137832.620614670682698 ], [ 458560.715427229355555, 3137832.878753629978746 ], [ 458560.636270227027126, 3137833.14205766050145 ], [ 458560.566883626102936, 3137833.410517062991858 ], [ 458560.507931819709484, 3137833.68395226309076 ], [ 458560.460068983549718, 3137833.962012730073184 ], [ 458560.423933607351501, 3137834.244180490728468 ], [ 458560.400141790276393, 3137834.529778054915369 ], [ 458560.389279413968325, 3137834.817980408202857 ], [ 458560.391893365420401, 3137835.107830628752708 ], [ 458560.408482038183138, 3137835.398258560337126 ], [ 458560.439485382870771, 3137835.688101902604103 ], [ 458560.485274818376638, 3137835.976129021961242 ], [ 458560.546143337094691, 3137836.261062740348279 ], [ 458560.622296152985655, 3137836.541604380588979 ], [ 458560.713842240395024, 3137836.816457329783589 ], [ 458560.820787098549772, 3137837.084349467419088 ], [ 458560.943027051689569, 3137837.34405383747071 ], [ 458561.080345355672762, 3137837.594407050870359 ], [ 458561.232410334981978, 3137837.834325002040714 ], [ 458561.398775713751093, 3137838.06281558657065 ], [ 458561.57888324157102, 3137838.278988243080676 ], [ 458561.772067642654292, 3137838.482060253154486 ], [ 458561.977563844819088, 3137838.671359850093722 ], [ 458562.194516372226644, 3137838.846326315309852 ], [ 458562.421990713803098, 3137839.006507324054837 ], [ 458562.658986415481195, 3137839.151553900446743 ], [ 458562.904451584676281, 3137839.281213407404721 ], [ 458563.157298448611982, 3137839.395321044605225 ], [ 458563.416419568296988, 3137839.493790356442332 ], [ 458563.680704286787659, 3137839.576603265479207 ], [ 458563.949054979195353, 3137839.643800108227879 ], [ 458564.220402672537602, 3137839.695470151957124 ], [ 458564.493721623264719, 3137839.731742974370718 ], [ 458564.768042468465865, 3137839.752781057264656 ], [ 458565.042463610298, 3137839.758773834910244 ], [ 458565.316160548129119, 3137839.749933362472802 ], [ 458565.588392934994772, 3137839.726491674315184 ], [ 458565.85850920737721, 3137839.688699793536216 ], [ 458566.12594871193869, 3137839.63682828610763 ], [ 458566.390241331013385, 3137839.571169139817357 ], [ 458566.651004687184468, 3137839.492038705851883 ], [ 458566.907939081836957, 3137839.399781352840364 ], [ 458567.16082039126195, 3137839.29477347061038 ], [ 458567.409491206635721, 3137839.177427410148084 ], [ 458567.65385055646766, 3137839.048194968141615 ], [ 458567.893842588295229, 3137838.907570021227002 ], [ 458568.129444616904948, 3137838.756089962553233 ], [ 458568.360654957592487, 3137838.594335642177612 ], [ 458568.587480964662973, 3137838.422929578460753 ], [ 458568.80992767889984, 3137838.242532295640558 ], [ 458569.027987462759484, 3137838.053836725652218 ], [ 458569.2416309590335, 3137837.857560712844133 ], [ 458569.450799659476615, 3137837.654437750577927 ], [ 458569.655400309246033, 3137837.445206180214882 ], [ 458569.855301305477042, 3137837.230597160290927 ], [ 458570.050331176898908, 3137837.011321796104312 ], [ 458570.240279158053454, 3137836.788057876750827 ], [ 458570.424897796590813, 3137836.561436710879207 ], [ 458570.603907464479562, 3137836.332030576188117 ], [ 458570.777002576563973, 3137836.100341298617423 ], [ 458570.943859263905324, 3137835.866790465079248 ], [ 458571.104144201555755, 3137835.631711717694998 ], [ 458571.257524253684096, 3137835.395345536526293 ], [ 458571.403676573536359, 3137835.157836819067597 ], [ 458571.542298786574975, 3137834.919235479086637 ], [ 458571.673118884209543, 3137834.679500179365277 ], [ 458571.795904472935945, 3137834.438505191355944 ], [ 458571.910471048438922, 3137834.196050256490707 ], [ 458572.0166890041437, 3137833.951873207464814 ], [ 458572.114489131781738, 3137833.705664982553571 ], [ 458572.203866425610613, 3137833.457086576148868 ], [ 458572.284882066422142, 3137833.205787362996489 ], [ 458572.35766352416249, 3137832.951424170751125 ], [ 458572.422402786032762, 3137832.693680425174534 ], [ 458572.479352780617774, 3137832.432284656446427 ], [ 458572.528822131978814, 3137832.167027665302157 ], [ 458572.571168430848047, 3137831.897777670063078 ], [ 458572.606790260528214, 3137831.624492799863219 ], [ 458572.636118251364678, 3137831.347230392508209 ], [ 458572.659605467808433, 3137831.066152641549706 ], [ 458572.677717447397299, 3137830.781528263352811 ], [ 458572.690922215406317, 3137830.493729995563626 ], [ 458572.699680592049845, 3137830.203227877616882 ], [ 458572.70443709025858, 3137829.910578425973654 ], [ 458572.705611672776286, 3137829.616409968119115 ], [ 458572.703592597099487, 3137829.321404548361897 ], [ 458572.698730532545596, 3137829.026276964694262 ], [ 458572.691334079077933, 3137828.731751612387598 ], [ 458572.681666762800887, 3137828.438537921290845 ], [ 458572.669945524365176, 3137828.147305245976895 ], [ 458572.656340659770649, 3137827.858658122830093 ], [ 458572.640977118280716, 3137827.573112826794386 ], [ 458572.623937013791874, 3137827.291076144203544 ], [ 458572.605263162171468, 3137827.012827239464968 ], [ 458572.584963424305897, 3137826.738503409083933 ], [ 458572.563015608873684, 3137826.468090408481658 ], [ 458572.539372677041683, 3137826.201417910400778 ], [ 458572.513967986044008, 3137825.938160481862724 ], [ 458572.486720319720916, 3137825.677844302728772 ], [ 458572.457538470684085, 3137825.419859651941806 ], [ 458572.426325170323253, 3137825.163478997536004 ], [ 458572.392980198317673, 3137824.907880322542042 ], [ 458572.357402549823746, 3137824.652175141498446 ], [ 458572.319491587928496, 3137824.395440478343517 ], [ 458572.279147162742447, 3137824.13675392139703 ], [ 458572.236268732813187, 3137823.875230747740716 ], [ 458572.190753578033764, 3137823.610061997547746 ], [ 458572.142494243162218, 3137823.340552324429154 ], [ 458572.091375395422801, 3137823.066156404092908 ], [ 458572.03727031708695, 3137822.786512710619718 ], [ 458571.980037280940451, 3137822.501473501790315 ], [ 458571.919516075809952, 3137822.211129950359464 ], [ 458571.855524953920394, 3137821.915831480640918 ], [ 458571.787858267722186, 3137821.616198517847806 ], [ 458571.716285046422854, 3137821.313128053676337 ], [ 458571.64054873312125, 3137821.007791628595442 ], [ 458571.560368265490979, 3137820.701625552494079 ], [ 458571.4754406340071, 3137820.396313430741429 ], [ 458571.385444995423313, 3137820.093761276919395 ], [ 458571.290048358845524, 3137819.796065743081272 ], [ 458571.188912794867065, 3137819.505476197227836 ], [ 458571.081704054900911, 3137819.224351585377008 ], [ 458570.968101420556195, 3137818.955113179981709 ], [ 458570.847808544465806, 3137818.700194454286247 ], [ 458570.72056498832535, 3137818.461989423725754 ], [ 458570.586158119898755, 3137818.242800862994045 ], [ 458570.444434993143659, 3137818.044789810199291 ], [ 458570.295313814829569, 3137817.869927763473243 ], [ 458570.138794589147437, 3137817.719952895306051 ], [ 458569.974968537222594, 3137817.596331502776593 ], [ 458569.804025905788876, 3137817.5002257716842 ], [ 458569.626261811645236, 3137817.432468749117106 ], [ 458569.442079814441968, 3137817.39354721037671 ], [ 458569.251992967212573, 3137817.383592878468335 ], [ 458569.056622162519488, 3137817.402382219210267 ], [ 458568.856691667751875, 3137817.449344776105136 ], [ 458568.653021825477481, 3137817.523579763714224 ], [ 458568.446518980548717, 3137817.623880409635603 ], [ 458568.238162780529819, 3137817.748765296302736 ], [ 458568.028991081693675, 3137817.896515775471926 ], [ 458567.820082769554574, 3137818.065218337345868 ] ] ] } },
{ "type": "Feature", "properties": { "id": 65, "area_ha": 0.013858887648354672 }, "geometry": { "type": "Polygon", "coordinates": [ [ [ 458517.018688545271289, 3137914.39905161364004 ], [ 458516.807739986747038, 3137914.411866475827992 ], [ 458516.596317621588241, 3137914.4326226352714 ], [ 458516.384631493128836, 3137914.461215327493846 ], [ 458516.172922062396538, 3137914.497529881540686 ], [ 458515.961460781749338, 3137914.541444182395935 ], [ 458515.750549817050342, 3137914.592830948997289 ], [ 458515.540520940732677, 3137914.651559764519334 ], [ 458515.331733636092395, 3137914.717498797457665 ], [ 458515.124572471191641, 3137914.790516174864024 ], [ 458514.919443815248087, 3137914.870480972807854 ], [ 458514.71677198226098, 3137914.957263817079365 ], [ 458514.51699489710154, 3137915.050737093668431 ], [ 458514.320559385931119, 3137915.150774784851819 ], [ 458514.127916196535807, 3137915.257251967210323 ], [ 458513.939514857949689, 3137915.370044015813619 ], [ 458513.755798485246487, 3137915.489025562535971 ], [ 458513.577198635903187, 3137915.614069277886301 ], [ 458513.404130316223018, 3137915.745044542476535 ], [ 458513.236987232288811, 3137915.881816072389483 ], [ 458513.076137370604556, 3137916.024242574814707 ], [ 458512.921918985142838, 3137916.172175495419651 ], [ 458512.774637056689244, 3137916.32545791612938 ], [ 458512.634560281119775, 3137916.483923656865954 ], [ 458512.501918630849104, 3137916.647396623622626 ], [ 458512.376901522802655, 3137916.81569042801857 ], [ 458512.259656615380663, 3137916.988608298823237 ], [ 458512.150289245473687, 3137917.165943287312984 ], [ 458512.04886250506388, 3137917.34747876226902 ], [ 458511.955397947574966, 3137917.532989168073982 ], [ 458511.869876903248951, 3137917.722241017501801 ], [ 458511.792242373281624, 3137917.914994079619646 ], [ 458511.722401464241557, 3137918.111002714373171 ], [ 458511.660228315216955, 3137918.310017301701009 ], [ 458511.605567463091575, 3137918.511785707436502 ], [ 458511.558237584191374, 3137918.716054740361869 ], [ 458511.51803554513026, 3137918.922571537550539 ], [ 458511.484740689571481, 3137919.131084843538702 ], [ 458511.458119285234716, 3137919.34134613443166 ], [ 458511.437929049832746, 3137919.553110565524548 ], [ 458511.423923676135018, 3137919.766137718223035 ], [ 458511.415857272106223, 3137919.980192141607404 ], [ 458511.413488635269459, 3137920.195043690502644 ], [ 458511.416585281898733, 3137920.410467677284032 ], [ 458511.424927154090255, 3137920.626244864892215 ], [ 458511.43830993474694, 3137920.842161334585398 ], [ 458511.456547905283514, 3137921.058008270338178 ], [ 458511.47947629034752, 3137921.273581714369357 ], [ 458511.506953042990062, 3137921.488682340364903 ], [ 458511.538860034139361, 3137921.703115301672369 ], [ 458511.575103623908944, 3137921.91669019497931 ], [ 458511.615614603972062, 3137922.12922119628638 ], [ 458511.660347515309695, 3137922.340527393855155 ], [ 458511.709279359318316, 3137922.550433352589607 ], [ 458511.762407736561727, 3137922.758769914042205 ], [ 458511.819748459151015, 3137922.965375243220478 ], [ 458511.881332699558698, 3137923.17009609285742 ], [ 458511.947203749557957, 3137923.372789266053587 ], [ 458512.017413475317881, 3137923.573323222342879 ], [ 458512.092018563300371, 3137923.771579773165286 ], [ 458512.171076660742983, 3137923.967455786187202 ], [ 458512.254642517305911, 3137924.160864824894816 ], [ 458512.342764238244854, 3137924.351738623809069 ], [ 458512.435479757550638, 3137924.54002831177786 ], [ 458512.532813635654747, 3137924.725705279037356 ], [ 458512.634774280013517, 3137924.908761607017368 ], [ 458512.741351674660109, 3137925.089209965895861 ], [ 458512.852515693579335, 3137925.267082913778722 ], [ 458512.968215055589098, 3137925.442431533709168 ], [ 458513.088376960426103, 3137925.615323374047875 ], [ 458513.212907426001038, 3137925.785839667078108 ], [ 458513.341692324087489, 3137925.954071835614741 ], [ 458513.474599091743585, 3137926.120117318816483 ], [ 458513.611479070328642, 3137926.284074764698744 ], [ 458513.752170405350626, 3137926.44603868201375 ], [ 458513.896501417562831, 3137926.606093650683761 ], [ 458514.044294338906184, 3137926.764308221638203 ], [ 458514.195369289896917, 3137926.920728654135019 ], [ 458514.349548363825306, 3137927.075372657738626 ], [ 458514.506659672711976, 3137927.228223314508796 ], [ 458514.666541208105627, 3137927.37922336300835 ], [ 458514.829044366371818, 3137927.528270033188164 ], [ 458514.994036996504292, 3137927.675210609100759 ], [ 458515.16140583564993, 3137927.819838892668486 ], [ 458515.331058212614153, 3137927.961892721243203 ], [ 458515.502922918938566, 3137928.101052675396204 ], [ 458515.676950168621261, 3137928.236942078918219 ], [ 458515.853110594442114, 3137928.369128373451531 ], [ 458516.031393258483149, 3137928.497125906869769 ], [ 458516.211802683828864, 3137928.620400141458958 ], [ 458516.394354947726242, 3137928.738373247906566 ], [ 458516.579072908847593, 3137928.850431018043309 ], [ 458516.765980671392754, 3137928.955930981785059 ], [ 458516.95509741967544, 3137929.054211583919823 ], [ 458517.146430782973766, 3137929.144602244254202 ], [ 458517.339969913708046, 3137929.226434089243412 ], [ 458517.535678479704075, 3137929.299051129259169 ], [ 458517.733487784978934, 3137929.361821622122079 ], [ 458517.933290240878705, 3137929.414149371907115 ], [ 458518.134933408757206, 3137929.455484691075981 ], [ 458518.338214831717778, 3137929.485334760975093 ], [ 458518.542877857864369, 3137929.503273143433034 ], [ 458518.748608641093597, 3137929.508948205970228 ], [ 458518.955034477694426, 3137929.502090241760015 ], [ 458519.161723608034663, 3137929.482517116703093 ], [ 458519.368186576291919, 3137929.450138280168176 ], [ 458519.573879200732335, 3137929.404957048594952 ], [ 458519.778207164607011, 3137929.347071089316159 ], [ 458519.980532194080297, 3137929.276671089231968 ], [ 458520.180179742863402, 3137929.194037634879351 ], [ 458520.376448058756068, 3137929.099536380264908 ], [ 458520.568618467426859, 3137928.99361161282286 ], [ 458520.75596666499041, 3137928.876778380479664 ], [ 458520.937774780963082, 3137928.749613367021084 ], [ 458521.113343940582126, 3137928.612744744401425 ], [ 458521.282007034635171, 3137928.46684124134481 ], [ 458521.443141389172524, 3137928.312600704375654 ], [ 458521.596181021130178, 3137928.150738416239619 ], [ 458521.740628165076487, 3137927.9819754534401 ], [ 458521.876063768577296, 3137927.807027359958738 ], [ 458522.002156668982934, 3137927.626593388151377 ], [ 458522.118671193369664, 3137927.441346552222967 ], [ 458522.225472954101861, 3137927.251924709416926 ], [ 458522.322532655263785, 3137927.058922849129885 ], [ 458522.409927769505884, 3137926.862886736169457 ], [ 458522.487841996829957, 3137926.664308014791459 ], [ 458522.5565624688752, 3137926.463620842900127 ], [ 458522.616474719834514, 3137926.261200071312487 ], [ 458522.668055499671027, 3137926.057360951788723 ], [ 458522.711863560136408, 3137925.852360317017883 ], [ 458522.748528596304823, 3137925.646399120800197 ], [ 458522.778738574532326, 3137925.439626221079379 ], [ 458522.803225718846079, 3137925.232143227476627 ], [ 458522.822751464787871, 3137925.02401023870334 ], [ 458522.838090716977604, 3137924.815252256579697 ], [ 458522.850015766220167, 3137924.605866070836782 ], [ 458522.859280233038589, 3137924.395827384199947 ], [ 458522.866603404225316, 3137924.185097968671471 ], [ 458522.872655323124491, 3137923.973632645327598 ], [ 458522.87804297421826, 3137923.761385886929929 ], [ 458522.883297878026497, 3137923.548317882698029 ], [ 458522.888865377462935, 3137923.334399907849729 ], [ 458522.895095855346881, 3137923.11961888615042 ], [ 458522.902238075679634, 3137922.9039810532704 ], [ 458522.910434787976556, 3137922.687514673452824 ], [ 458522.919720679754391, 3137922.470271783880889 ], [ 458522.930022704123985, 3137922.252328982111067 ], [ 458522.941162751929369, 3137922.033787297084928 ], [ 458522.952862580947112, 3137921.814771219622344 ], [ 458522.96475086233113, 3137921.595426987390965 ], [ 458522.976372152741533, 3137921.3759202407673 ], [ 458522.987197558453772, 3137921.156433183699846 ], [ 458522.996636818803381, 3137920.937161395326257 ], [ 458523.004051506344695, 3137920.718310434836894 ], [ 458523.008769019623287, 3137920.500092396978289 ], [ 458523.010097030200996, 3137920.282722550909966 ], [ 458523.007338041323237, 3137920.066416202113032 ], [ 458522.999803720042109, 3137919.851385892368853 ], [ 458522.986828677705489, 3137919.637839031405747 ], [ 458522.967783393745776, 3137919.425976046361029 ], [ 458522.942086006922182, 3137919.215989091899246 ], [ 458522.909212733386084, 3137919.008061356842518 ], [ 458522.86870670929784, 3137918.802366965450346 ], [ 458522.820185102871619, 3137918.599071452394128 ], [ 458522.763344385894015, 3137918.398332769982517 ], [ 458522.697963705286384, 3137918.200302755460143 ], [ 458522.623906343826093, 3137918.005128982942551 ], [ 458522.54111930745421, 3137917.81295689381659 ], [ 458522.449631123105064, 3137917.623932108748704 ], [ 458522.349547972087748, 3137917.438202798832208 ], [ 458522.241048323339783, 3137917.255922007374465 ], [ 458522.12437626166502, 3137917.077249810099602 ], [ 458521.999833733425476, 3137916.902355207130313 ], [ 458521.867771950899623, 3137916.73141766153276 ], [ 458521.728582208568696, 3137916.564628197811544 ], [ 458521.582686371111777, 3137916.40219000633806 ], [ 458521.43052728951443, 3137916.244318510405719 ], [ 458521.272559394361451, 3137916.091240875888616 ], [ 458521.109239699726459, 3137915.943194962572306 ], [ 458520.941019430814777, 3137915.800427742302418 ], [ 458520.76833646313753, 3137915.663193223532289 ], [ 458520.591608730959706, 3137915.531749942805618 ], [ 458520.411228731623851, 3137915.406358097214252 ], [ 458520.2275592146907, 3137915.287276411429048 ], [ 458520.040930113522336, 3137915.174758829642087 ], [ 458519.85163673653733, 3137915.069051140453666 ], [ 458519.659939204284456, 3137914.970387643203139 ], [ 458519.466063083498739, 3137914.878987951669842 ], [ 458519.270201140083373, 3137914.795054038055241 ], [ 458519.072516105719842, 3137914.71876760898158 ], [ 458518.873144329874776, 3137914.650287878699601 ], [ 458518.672200171393342, 3137914.589749818667769 ], [ 458518.469780969433486, 3137914.537262909580022 ], [ 458518.265972425113432, 3137914.492910439614207 ], [ 458518.060854221577756, 3137914.456749346572906 ], [ 458517.854505709838122, 3137914.428810596466064 ], [ 458517.647011496184859, 3137914.409100073389709 ], [ 458517.43846677232068, 3137914.397599930875003 ], [ 458517.228982246015221, 3137914.394270346965641 ], [ 458517.018688545271289, 3137914.39905161364004 ] ] ] } },
{ "type": "Feature", "properties": { "id": 66, "area_ha": 0.026707299626335963 }, "geometry": { "type": "Polygon", "coordinates": [ [ [ 458546.451465551566798, 3137926.403751915320754 ], [ 458546.156532817170955, 3137926.398738467134535 ], [ 458545.860432155779563, 3137926.394325153902173 ], [ 458545.563154170289636, 3137926.391456315759569 ], [ 458545.264799020951614, 3137926.39125923300162 ], [ 458544.965591321873944, 3137926.395011350046843 ], [ 458544.665890777658205, 3137926.40410262811929 ], [ 458544.366198002302554, 3137926.419994266238064 ], [ 458544.067155128810555, 3137926.444175128825009 ], [ 458543.769541007524822, 3137926.478117297869176 ], [ 458543.474260984221473, 3137926.523232206702232 ], [ 458543.182331453543156, 3137926.580828762147576 ], [ 458542.894859576481394, 3137926.652074809186161 ], [ 458542.613018740143161, 3137926.737963168416172 ], [ 458542.338020502822474, 3137926.839283302891999 ], [ 458542.071083914721385, 3137926.956599490717053 ], [ 458541.813403216190636, 3137927.090236141346395 ], [ 458541.566114998364355, 3137927.240270646754652 ], [ 458541.330265951983165, 3137927.406533907167614 ], [ 458541.106782335380558, 3137927.588618397712708 ], [ 458540.896442254830617, 3137927.785893389955163 ], [ 458540.699851776298601, 3137927.997526699211448 ], [ 458540.517425773490686, 3137928.222512120846659 ], [ 458540.349374272045679, 3137928.459701508749276 ], [ 458540.19569487508852, 3137928.707840328104794 ], [ 458540.056171656178776, 3137928.965605388395488 ], [ 458539.930380694218911, 3137929.231643412727863 ], [ 458539.817702199565247, 3137929.504609086550772 ], [ 458539.717338959046174, 3137929.783201260026544 ], [ 458539.628340608149301, 3137930.066196077037603 ], [ 458539.549633035960142, 3137930.352475915104151 ], [ 458539.480052047991194, 3137930.641053195111454 ], [ 458539.41838025447214, 3137930.93108832417056 ], [ 458539.363386035198346, 3137931.221901242621243 ], [ 458539.313863344548736, 3137931.512976312544197 ], [ 458539.26867108233273, 3137931.803960509132594 ], [ 458539.226770753739402, 3137932.094655140768737 ], [ 458539.187261186365504, 3137932.385001565329731 ], [ 458539.149409158504568, 3137932.675061573740095 ], [ 458539.112674915988464, 3137932.964993322268128 ], [ 458539.076731714769267, 3137933.255023850593716 ], [ 458539.041478717699647, 3137933.545419337227941 ], [ 458539.007046783459373, 3137933.836454328615218 ], [ 458538.973796919337474, 3137934.128381205257028 ], [ 458538.942311404563952, 3137934.421401135623455 ], [ 458538.913377831631806, 3137934.715637699235231 ], [ 458538.887966543377843, 3137935.01111425505951 ], [ 458538.867202161636669, 3137935.307735987473279 ], [ 458538.852330095600337, 3137935.605277373455465 ], [ 458538.844679082278162, 3137935.903375605121255 ], [ 458538.845620943291578, 3137936.201530274935067 ], [ 458538.856528830772731, 3137936.499109377618879 ], [ 458538.878735283622518, 3137936.795361450407654 ], [ 458538.913491421903018, 3137937.089433421380818 ], [ 458538.961928564414848, 3137937.380393519997597 ], [ 458539.025023474823684, 3137937.667258394416422 ], [ 458539.103568318067119, 3137937.949023419059813 ], [ 458539.19814625242725, 3137938.224695041775703 ], [ 458539.309113392955624, 3137938.493323913775384 ], [ 458539.436587671923917, 3137938.754037532489747 ], [ 458539.580444893625099, 3137939.006071095354855 ], [ 458539.740322042256594, 3137939.248795343562961 ], [ 458539.915627666632645, 3137939.481740246526897 ], [ 458540.105558933049906, 3137939.704613545909524 ], [ 458540.309124723658897, 3137939.917313325684518 ], [ 458540.525173965201247, 3137940.119934009388089 ], [ 458540.752428208652418, 3137940.312765409238636 ], [ 458540.989517351787072, 3137940.496284702327102 ], [ 458541.235017304250505, 3137940.671141466125846 ], [ 458541.487488347280305, 3137940.83813616540283 ], [ 458541.745512931258418, 3137940.998192722909153 ], [ 458542.007731691293884, 3137941.152326025534421 ], [ 458542.272876539034769, 3137941.301605420187116 ], [ 458542.539799801423214, 3137941.447115406859666 ], [ 458542.807498529436998, 3137941.589914854615927 ], [ 458543.075133275706321, 3137941.730996142141521 ], [ 458543.342040839837864, 3137941.871245636139065 ], [ 458543.607740695762914, 3137942.01140691107139 ], [ 458543.871935036731884, 3137942.15204801177606 ], [ 458544.134502595697995, 3137942.29353396454826 ], [ 458544.395486611872911, 3137942.436005550436676 ], [ 458544.655077512958087, 3137942.579365166835487 ], [ 458544.913591055839788, 3137942.72327035991475 ], [ 458545.171442818304058, 3137942.867135361302644 ], [ 458545.429120045620948, 3137943.010140683036298 ], [ 458545.687151932914276, 3137943.15125055750832 ], [ 458545.946079462300986, 3137943.289237740915269 ], [ 458546.206425908661913, 3137943.422714942600578 ], [ 458546.468669086170848, 3137943.550171910785139 ], [ 458546.733216325053945, 3137943.670017017051578 ], [ 458547.000383052101824, 3137943.780622009187937 ], [ 458547.270375702821184, 3137943.880368506535888 ], [ 458547.543279519770294, 3137943.967694723978639 ], [ 458547.819051603088155, 3137944.041140919551253 ], [ 458548.097519378119614, 3137944.099392078816891 ], [ 458548.378384437644854, 3137944.141316451132298 ], [ 458548.66123151674401, 3137944.165998680051416 ], [ 458548.945542164554354, 3137944.172766447067261 ], [ 458549.230712505814154, 3137944.161209775134921 ], [ 458549.516074332699645, 3137944.131192366126925 ], [ 458549.800918649416417, 3137944.082854624371976 ], [ 458550.084520702774171, 3137944.016608288511634 ], [ 458550.366165481915232, 3137943.933122879359871 ], [ 458550.645172658434603, 3137943.833304434549063 ], [ 458550.920919963042252, 3137943.718267266172916 ], [ 458551.192864058190025, 3137943.589299700688571 ], [ 458551.460558065969963, 3137943.44782495405525 ], [ 458551.723665037075989, 3137943.295358465053141 ], [ 458551.981966805993579, 3137943.133463098667562 ], [ 458552.235367850516923, 3137942.963703711982816 ], [ 458552.483893967466429, 3137942.787602579686791 ], [ 458552.727685771940742, 3137942.606597128324211 ], [ 458552.966987226100173, 3137942.42200134973973 ], [ 458553.202129593119025, 3137942.234972118865699 ], [ 458553.433511388720945, 3137942.046481467783451 ], [ 458553.661575056612492, 3137941.85729565564543 ], [ 458553.886781222827267, 3137941.667961624450982 ], [ 458554.109581483644433, 3137941.478801192715764 ], [ 458554.330390740535222, 3137941.2899130419828 ], [ 458554.549560125451535, 3137941.101182312238961 ], [ 458554.767351544869598, 3137940.912297334056348 ], [ 458554.983914821990766, 3137940.722772811539471 ], [ 458555.19926833093632, 3137940.531978528480977 ], [ 458555.413283897563815, 3137940.339172492735088 ], [ 458555.62567659560591, 3137940.143537279218435 ], [ 458555.835999895469286, 3137939.944218238350004 ], [ 458556.043646435253322, 3137939.740362191107124 ], [ 458556.247854487097356, 3137939.531155235134065 ], [ 458556.447719988645986, 3137939.315858331508934 ], [ 458556.642213812796399, 3137939.093839439097792 ], [ 458556.830203762336168, 3137938.864601109642535 ], [ 458557.01048060611356, 3137938.627802629489452 ], [ 458557.181787329376675, 3137938.383275998290628 ], [ 458557.342850652290508, 3137938.13103527855128 ], [ 458557.492413788859267, 3137937.871279085986316 ], [ 458557.629269370052498, 3137937.60438624676317 ], [ 458557.752291444747243, 3137937.330904901027679 ], [ 458557.860465500503778, 3137937.051535564474761 ], [ 458557.952915511326864, 3137936.767108871601522 ], [ 458558.028927119332366, 3137936.478558929171413 ], [ 458558.087966187798884, 3137936.186893336940557 ], [ 458558.129692120477557, 3137935.893161064945161 ], [ 458558.153965521370992, 3137935.598419432062656 ], [ 458558.160849959647749, 3137935.303701458033174 ], [ 458558.15060780668864, 3137935.009984828997403 ], [ 458558.123690312553663, 3137934.718163650948554 ], [ 458558.080722282989882, 3137934.429024043027312 ], [ 458558.022481900115963, 3137934.143224478233606 ], [ 458557.949876389699057, 3137933.861281575169414 ], [ 458557.863914375600871, 3137933.583561853971332 ], [ 458557.765675865928642, 3137933.310279722791165 ], [ 458557.656280888651963, 3137933.04150172136724 ], [ 458557.536857830069494, 3137932.777156816795468 ], [ 458557.408512527763378, 3137932.517052311450243 ], [ 458557.272299132251646, 3137932.260894699487835 ], [ 458557.129193677625153, 3137932.008314628619701 ], [ 458556.980071194760967, 3137931.758894961327314 ], [ 458556.825687066477258, 3137931.512200813274831 ], [ 458556.666663166484796, 3137931.267810358200222 ], [ 458556.503479145700112, 3137931.025345169473439 ], [ 458556.336469044559635, 3137930.784498875029385 ], [ 458556.165823217306752, 3137930.545062962919474 ], [ 458555.99159536336083, 3137930.306948673911393 ], [ 458555.813714284508023, 3137930.070204078685492 ], [ 458555.631999818375334, 3137929.835025588981807 ], [ 458555.446182259125635, 3137929.601763385813683 ], [ 458555.255924459372181, 3137929.370920456480235 ], [ 458555.060845721920487, 3137929.143145186360925 ], [ 458554.860546540061478, 3137928.919217683374882 ], [ 458554.654633226746228, 3137928.700030264444649 ], [ 458554.44274149578996, 3137928.486562748905271 ], [ 458554.224558109766804, 3137928.279853407293558 ], [ 458553.999839798430912, 3137928.080966596491635 ], [ 458553.768428766750731, 3137927.89095823187381 ], [ 458553.530264252389316, 3137927.71084035653621 ], [ 458553.285389753349591, 3137927.541546107269824 ], [ 458553.03395571897272, 3137927.383896389510483 ], [ 458552.776217677921522, 3137927.238569513428956 ], [ 458552.512529956526123, 3137927.106074965558946 ], [ 458552.243335313803982, 3137926.986732350662351 ], [ 458551.969150978839025, 3137926.880656360182911 ], [ 458551.690551716776099, 3137926.787748428527266 ], [ 458551.408150663948618, 3137926.707695494871587 ], [ 458551.122578761191107, 3137926.639976051170379 ], [ 458550.83446366537828, 3137926.583873393014073 ], [ 458550.54440904216608, 3137926.538495736662298 ], [ 458550.252975125389639, 3137926.502802621107548 ], [ 458549.960661379096564, 3137926.475636781193316 ], [ 458549.66789201553911, 3137926.45576049014926 ], [ 458549.375005009875167, 3137926.441895180847496 ], [ 458549.082245113910176, 3137926.432763061486185 ], [ 458548.789761213876773, 3137926.427129323128611 ], [ 458548.497608201752882, 3137926.423843536991626 ], [ 458548.205753352376632, 3137926.421878833323717 ], [ 458547.914087013457902, 3137926.420367526821792 ], [ 458547.622437240381259, 3137926.418631963431835 ], [ 458547.330587844946422, 3137926.416209522634745 ], [ 458547.03829917992698, 3137926.412870889063925 ], [ 458546.745330863224808, 3137926.408630952704698 ], [ 458546.451465551566798, 3137926.403751915320754 ] ] ] } },
{ "type": "Feature", "properties": { "id": 67, "area_ha": 0.077022375907828261 }, "geometry": { "type": "Polygon", "coordinates": [ [ [ 458232.588410983385984, 3137946.767665491439402 ], [ 458232.011109335813671, 3137946.77442878484726 ], [ 458231.425763203646056, 3137946.776632466819137 ], [ 458230.834024880838115, 3137946.771238227374852 ], [ 458230.237852830905467, 3137946.756069500464946 ], [ 458229.639435916207731, 3137946.729935547802597 ], [ 458229.041113110433798, 3137946.692715959623456 ], [ 458228.445293459342793, 3137946.645401051733643 ], [ 458227.854380721750204, 3137946.590085554402322 ], [ 458227.270706553477794, 3137946.529915056191385 ], [ 458226.696475324628409, 3137946.468986748717725 ], [ 458226.133722739177756, 3137946.412208103574812 ], [ 458225.584289410617203, 3137946.365119001362473 ], [ 458225.049809500109404, 3137946.333684544544667 ], [ 458224.531713507545646, 3137946.324067127890885 ], [ 458224.03124337841291, 3137946.342387360520661 ], [ 458223.549477307184134, 3137946.394483978394419 ], [ 458223.087361026089638, 3137946.485683004371822 ], [ 458222.645741996646393, 3137946.620586069300771 ], [ 458222.22540279768873, 3137946.802886982448399 ], [ 458221.827090128266718, 3137947.035224449355155 ], [ 458221.451536214153748, 3137947.319077229592949 ], [ 458221.099469995009713, 3137947.65470618288964 ], [ 458220.77161624818109, 3137948.041145562194288 ], [ 458220.468681717873551, 3137948.47624373389408 ], [ 458220.191328323446214, 3137948.956751324236393 ], [ 458219.940134542994201, 3137949.478452671319246 ], [ 458219.715547059080563, 3137950.036334568168968 ], [ 458219.517825639806688, 3137950.624784635845572 ], [ 458219.346984960546251, 3137951.237810378428549 ], [ 458219.202737597108353, 3137951.869269116781652 ], [ 458219.084442702529486, 3137952.513098555151373 ], [ 458218.991064890346024, 3137953.163537797052413 ], [ 458218.921147577580996, 3137953.815329146105796 ], [ 458218.872804495797027, 3137954.463891971856356 ], [ 458218.843732274894137, 3137955.105461300816387 ], [ 458218.831245983601548, 3137955.737185460049659 ], [ 458218.83233831403777, 3137956.357179064303637 ], [ 458218.843761790078133, 3137956.96452973363921 ], [ 458218.862132025940809, 3137957.559259102214128 ], [ 458218.884048734907992, 3137958.142240814864635 ], [ 458218.906229961081408, 3137958.715080194640905 ], [ 458218.925653953105211, 3137959.279962039552629 ], [ 458218.939702276955359, 3137959.839474439620972 ], [ 458218.946297235379461, 3137960.396417596377432 ], [ 458218.944026458193548, 3137960.953607238363475 ], [ 458218.9322476828238, 3137961.513682436663657 ], [ 458218.911167259328067, 3137962.078927310183644 ], [ 458218.881886784685776, 3137962.651115391403437 ], [ 458218.846413463819772, 3137963.23138426290825 ], [ 458218.807631265604869, 3137963.820146566256881 ], [ 458218.769231632817537, 3137964.417041681241244 ], [ 458218.735604334971868, 3137965.020930375903845 ], [ 458218.711690945376176, 3137965.62993262661621 ], [ 458218.702805285458453, 3137966.241506689693779 ], [ 458218.714426920283586, 3137966.85256549436599 ], [ 458218.75197532272432, 3137967.459624599199742 ], [ 458218.820573569391854, 3137968.058974412735552 ], [ 458218.924811316770501, 3137968.64686816604808 ], [ 458219.068517284991685, 3137969.219716354738921 ], [ 458219.25455150171183, 3137969.774277997668833 ], [ 458219.484627125202678, 3137970.307839187327772 ], [ 458219.759170771052595, 3137970.818369966931641 ], [ 458220.07722894102335, 3137971.304651555605233 ], [ 458220.436426442407537, 3137971.76636732975021 ], [ 458220.832980660081375, 3137972.204152638092637 ], [ 458221.261773278936744, 3137972.619600456207991 ], [ 458221.716478654649109, 3137973.015221958048642 ], [ 458222.189745593001135, 3137973.394363169558346 ], [ 458222.673426933062728, 3137973.761080958414823 ], [ 458223.1588491461589, 3137974.119983493816108 ], [ 458223.637112257943954, 3137974.476041992660612 ], [ 458224.099408867245074, 3137974.834381928201765 ], [ 458224.5373499498819, 3137975.200062830932438 ], [ 458224.943284548993688, 3137975.5778563846834 ], [ 458225.310600409109611, 3137975.972032607998699 ], [ 458225.633993111725431, 3137976.386163565795869 ], [ 458225.909692311019171, 3137976.822953280527145 ], [ 458226.135635205544531, 3137977.284101319033653 ], [ 458226.311579362023622, 3137977.770206035580486 ], [ 458226.439149347599596, 3137978.280711644794792 ], [ 458226.521814230422024, 3137978.813901355490088 ], [ 458226.564795769343618, 3137979.366936713922769 ], [ 458226.574909909977578, 3137979.935941285453737 ], [ 458226.560346920916345, 3137980.516124823130667 ], [ 458226.530398022558074, 3137981.101942339912057 ], [ 458226.495138567639515, 3137981.68728098878637 ], [ 458226.465079640678596, 3137982.265666531864554 ], [ 458226.450801261991728, 3137982.830480391159654 ], [ 458226.462581163272262, 3137983.375177949201316 ], [ 458226.510033303697128, 3137983.8934988505207 ], [ 458226.60176990943728, 3137984.379660567268729 ], [ 458226.74509986868361, 3137984.828527399804443 ], [ 458226.945774824474938, 3137985.235748333856463 ], [ 458227.207792362372857, 3137985.597858714871109 ], [ 458227.533263354562223, 3137985.912342447321862 ], [ 458227.922347912739497, 3137986.17765328893438 ], [ 458228.373261622036807, 3137986.393195726908743 ], [ 458228.882350903120823, 3137986.559267748147249 ], [ 458229.44423359684879, 3137986.676969540305436 ], [ 458230.051998308219481, 3137986.748083625454456 ], [ 458230.697453785687685, 3137986.774933123961091 ], [ 458231.371417751070112, 3137986.760225698817521 ], [ 458232.064033202186693, 3137986.706891189794987 ], [ 458232.765099346754141, 3137986.617921040859073 ], [ 458233.464404020283837, 3137986.496217290405184 ], [ 458234.152044698013924, 3137986.344458220060915 ], [ 458234.818726013530977, 3137986.164986732881516 ], [ 458235.456023001868743, 3137985.959726239088923 ], [ 458236.056601024698466, 3137985.730127322953194 ], [ 458236.614385428547394, 3137985.477146822493523 ], [ 458237.124676333100069, 3137985.201259275432676 ], [ 458237.584206435130909, 3137984.902499022893608 ], [ 458237.991142234532163, 3137984.580529723782092 ], [ 458238.345031522680074, 3137984.234736695885658 ], [ 458238.646702214668039, 3137983.864336389582604 ], [ 458238.898119557765312, 3137983.468496523797512 ], [ 458239.102210322336759, 3137983.046459960751235 ], [ 458239.262663717498071, 3137982.597665306646377 ], [ 458239.383719423844013, 3137982.121857496444136 ], [ 458239.469953285297379, 3137981.619182230904698 ], [ 458239.526070847292431, 3137981.090259053744376 ], [ 458239.556718103354797, 3137980.536229019518942 ], [ 458239.566317560558673, 3137979.958774288184941 ], [ 458239.558936126413755, 3137979.360108457505703 ], [ 458239.538189439859707, 3137978.742937987670302 ], [ 458239.507185210706666, 3137978.110396579373628 ], [ 458239.468506002856884, 3137977.465955762658268 ], [ 458239.424229794181883, 3137976.813316171988845 ], [ 458239.37598468340002, 3137976.156284964643419 ], [ 458239.32503237266792, 3137975.498645531944931 ], [ 458239.272373630432412, 3137974.844026028644294 ], [ 458239.218867884308565, 3137974.19577327882871 ], [ 458239.165358470403589, 3137973.556838326156139 ], [ 458239.11279488512082, 3137972.929679270368069 ], [ 458239.062343664059881, 3137972.316186133306473 ], [ 458239.015480223926716, 3137971.717631359118968 ], [ 458238.974055113270879, 3137971.134648238308728 ], [ 458238.940329561417457, 3137970.567238110583276 ], [ 458238.916976927488577, 3137970.014805756974965 ], [ 458238.907048533321358, 3137969.476220951415598 ], [ 458238.913904332788661, 3137968.949902843683958 ], [ 458238.941110817191657, 3137968.433922721073031 ], [ 458238.992310390050989, 3137967.926119782030582 ], [ 458239.071068074146751, 3137967.424223965033889 ], [ 458239.180702752957586, 3137966.925979560241103 ], [ 458239.324111137539148, 3137966.429263359401375 ], [ 458239.503593237313908, 3137965.932191451080143 ], [ 458239.720688265166245, 3137965.433209414593875 ], [ 458239.97602962423116, 3137964.931161591783166 ], [ 458240.269226910430007, 3137964.425336255691946 ], [ 458240.598781758453697, 3137963.915484806988388 ], [ 458240.962042913073674, 3137963.401814507786185 ], [ 458241.355204187799245, 3137962.88495570467785 ], [ 458241.77334706223337, 3137962.365905832033604 ], [ 458242.210527660732623, 3137961.845953741576523 ], [ 458242.659905837092083, 3137961.326588940806687 ], [ 458243.113912166969385, 3137960.80940113356337 ], [ 458243.56444690231001, 3137960.295975963119417 ], [ 458244.003103461989667, 3137959.787793063558638 ], [ 458244.42140787903918, 3137959.286132390145212 ], [ 458244.811064860143233, 3137958.791994357481599 ], [ 458245.164200765429996, 3137958.306038555689156 ], [ 458245.473593902832363, 3137957.828544808551669 ], [ 458245.732883049349766, 3137957.359399113804102 ], [ 458245.936746029998176, 3137956.898105635773391 ], [ 458246.08104146446567, 3137956.443824472371489 ], [ 458246.162908369558863, 3137955.995433475356549 ], [ 458246.180820107227191, 3137955.551611020695418 ], [ 458246.134591109585017, 3137955.110935416072607 ], [ 458246.025336807593703, 3137954.671995600685477 ], [ 458245.855389139964245, 3137954.233507065102458 ], [ 458245.628171844233293, 3137953.794426487293094 ], [ 458245.348041344899684, 3137953.354058478027582 ], [ 458245.020100385183468, 3137952.91214809846133 ], [ 458244.649992544669658, 3137952.468953395728022 ], [ 458244.243686401983723, 3137952.025293128099293 ], [ 458243.807258319400717, 3137951.582566019613296 ], [ 458243.346682642295491, 3137951.142739299684763 ], [ 458242.867637535382528, 3137950.708305818494409 ], [ 458242.375333754636813, 3137950.282210667151958 ], [ 458241.874372429563664, 3137949.867749828845263 ], [ 458241.368636464176234, 3137949.46844491828233 ], [ 458240.861218536680099, 3137949.087899421807379 ], [ 458240.354386959981639, 3137948.729642952792346 ], [ 458239.849588946031872, 3137948.396970856934786 ], [ 458239.34748917305842, 3137948.092786960769445 ], [ 458238.84804006392369, 3137947.819457350764424 ], [ 458238.350578911311459, 3137947.578682755120099 ], [ 458237.853945985087194, 3137947.371396433096379 ], [ 458237.356617069803178, 3137947.197693431284279 ], [ 458236.856843528628815, 3137947.056795720010996 ], [ 458236.352792981138919, 3137946.947056129109114 ], [ 458235.842684004979674, 3137946.866002220194787 ], [ 458235.324908900482114, 3137946.8104193713516 ], [ 458234.79813944932539, 3137946.776470473501831 ], [ 458234.261411702842452, 3137946.759847835637629 ], [ 458233.714187087549362, 3137946.755951297003776 ], [ 458233.156388447270729, 3137946.760085155256093 ], [ 458232.588410983385984, 3137946.767665491439402 ] ] ] } },
{ "type": "Feature", "properties": { "id": 68, "area_ha": 0.033408068345968496 }, "geometry": { "type": "Polygon", "coordinates": [ [ [ 458480.102336182957515, 3137984.60047085210681 ], [ 458479.824626020446885, 3137984.839024887885898 ], [ 458479.560529499314725, 3137985.09763833321631 ], [ 458479.312382923089899, 3137985.374739673919976 ], [ 458479.082463677506894, 3137985.668607876636088 ], [ 458478.872915944084525, 3137985.977403271477669 ], [ 458478.685676421504468, 3137986.299201182555407 ], [ 458478.522402630362194, 3137986.632027520798147 ], [ 458478.384406364173628, 3137986.973895494360477 ], [ 458478.272594742884394, 3137987.322842551860958 ], [ 458478.187421134789474, 3137987.676966651342809 ], [ 458478.128847938263789, 3137988.034460956696421 ], [ 458478.096322866273113, 3137988.393646094482392 ], [ 458478.088769966328982, 3137988.752999148797244 ], [ 458478.104596148303244, 3137989.111178665421903 ], [ 458478.141713495715521, 3137989.46704501984641 ], [ 458478.197577123239171, 3137989.81967562995851 ], [ 458478.269237828732003, 3137990.16837462130934 ], [ 458478.353408287803177, 3137990.512676710262895 ], [ 458478.446541075885762, 3137990.852345207240433 ], [ 458478.544916386716068, 3137991.187364212237298 ], [ 458478.644736964080948, 3137991.517925234977156 ], [ 458478.742227490933146, 3137991.844408613163978 ], [ 458478.833735490683466, 3137992.167360255029052 ], [ 458478.915830703044776, 3137992.487464361824095 ], [ 458478.98539990070276, 3137992.805512899067253 ], [ 458479.039734215999488, 3137993.122372668236494 ], [ 458479.076606246642768, 3137993.438950920011848 ], [ 458479.094334499561228, 3137993.756160463672131 ], [ 458479.091833102400415, 3137994.074885275214911 ], [ 458479.068645154940896, 3137994.395947562996298 ], [ 458479.024958588124719, 3137994.720077235717326 ], [ 458478.961603936622851, 3137995.047884627711028 ], [ 458478.880033988272771, 3137995.379837263841182 ], [ 458478.782285838271491, 3137995.716241312678903 ], [ 458478.670926422870252, 3137996.057228255085647 ], [ 458478.548983124434017, 3137996.402747142128646 ], [ 458478.419861505390145, 3137996.75256264442578 ], [ 458478.287252630165312, 3137997.106258940882981 ], [ 458478.155032756971195, 3137997.463249314576387 ], [ 458478.027158416458406, 3137997.822791155427694 ], [ 458477.907560030405875, 3137998.184005919843912 ], [ 458477.8000372616807, 3137998.545903432182968 ], [ 458477.708159219357185, 3137998.907409806270152 ], [ 458477.635172478214372, 3137999.267398129682988 ], [ 458477.583919610420708, 3137999.624720999505371 ], [ 458477.556770583556499, 3137999.978243903722614 ], [ 458477.555568954907358, 3138000.326878451742232 ], [ 458477.581594317685813, 3138000.669614425860345 ], [ 458477.635541924799327, 3138001.005549667868763 ], [ 458477.717519869795069, 3138001.333916884846985 ], [ 458477.827063642267603, 3138001.654106519185007 ], [ 458477.963167328212876, 3138001.965684960130602 ], [ 458478.124330203107093, 3138002.268407498952001 ], [ 458478.308616991213057, 3138002.562225576024503 ], [ 458478.513729648140725, 3138002.847288039978594 ], [ 458478.737088183930609, 3138003.123936305753887 ], [ 458478.975917786243372, 3138003.392693482339382 ], [ 458479.227339339442551, 3138003.654247703030705 ], [ 458479.488460369291715, 3138003.909430078230798 ], [ 458479.756463473837357, 3138004.159187829587609 ], [ 458480.028689430095255, 3138004.404553326778114 ], [ 458480.30271238705609, 3138004.646609849762172 ], [ 458480.576404855994042, 3138004.886455011554062 ], [ 458480.847990588052198, 3138005.125162850134075 ], [ 458481.116083860688377, 3138005.363745629321784 ], [ 458481.379714173614047, 3138005.603116421494633 ], [ 458481.638335858704522, 3138005.844053514301777 ], [ 458481.891822625242639, 3138006.08716764813289 ], [ 458482.140447564830538, 3138006.332873017527163 ], [ 458482.384849625057541, 3138006.581362869590521 ], [ 458482.62598799954867, 3138006.832590412348509 ], [ 458482.865086267876904, 3138007.086255605332553 ], [ 458483.103568433900364, 3138007.341798247303814 ], [ 458483.342989252181724, 3138007.598397612106055 ], [ 458483.584961382381152, 3138007.854978702031076 ], [ 458483.83108197740512, 3138008.110225026030093 ], [ 458484.082861283503007, 3138008.362597624305636 ], [ 458484.341655714204535, 3138008.610359904821962 ], [ 458484.608607663714793, 3138008.851607706863433 ], [ 458484.884594047791325, 3138009.084303870331496 ], [ 458485.170185225142632, 3138009.306316473055631 ], [ 458485.465615558438003, 3138009.51545981131494 ], [ 458485.77076644578483, 3138009.709537133574486 ], [ 458486.085162204049993, 3138009.886384088080376 ], [ 458486.407978725328576, 3138010.043911853805184 ], [ 458486.738064381759614, 3138010.180148912593722 ], [ 458487.073972232406959, 3138010.293280493002385 ], [ 458487.414002202043775, 3138010.381684755906463 ], [ 458487.756251574668568, 3138010.44396490463987 ], [ 458488.098671877989545, 3138010.478976496029645 ], [ 458488.439130043028854, 3138010.485849369782954 ], [ 458488.775471608387306, 3138010.464003742206842 ], [ 458489.105583705299068, 3138010.413160169031471 ], [ 458489.427455608325545, 3138010.333343226462603 ], [ 458489.739234761684202, 3138010.224878924898803 ], [ 458490.03927639266476, 3138010.088386011775583 ], [ 458490.326185085927136, 3138009.924761470407248 ], [ 458490.598847012035549, 3138009.735160651151091 ], [ 458490.856451863597613, 3138009.520972589030862 ], [ 458491.098503941902891, 3138009.283791173715144 ], [ 458491.324822239752393, 3138009.025382900610566 ], [ 458491.535529768443666, 3138008.747652015648782 ], [ 458491.731032764306292, 3138008.452603896148503 ], [ 458491.911990766995586, 3138008.142307525500655 ], [ 458492.079278877994511, 3138007.818857919890434 ], [ 458492.233943770523183, 3138007.484339347109199 ], [ 458492.377155221649446, 3138007.14079011650756 ], [ 458492.510155071329791, 3138006.790169674903154 ], [ 458492.634205570851918, 3138006.434328651521355 ], [ 458492.750539069878869, 3138006.074982413556427 ], [ 458492.860310904681683, 3138005.713688583578914 ], [ 458492.964557194209192, 3138005.35182887269184 ], [ 458493.06415903440211, 3138004.990595454815775 ], [ 458493.159814311075024, 3138004.630982014816254 ], [ 458493.252018038998358, 3138004.273779464885592 ], [ 458493.341051792784128, 3138003.919576238840818 ], [ 458493.426982435048558, 3138003.568762961775064 ], [ 458493.509669984632637, 3138003.221541193313897 ], [ 458493.588784114923328, 3138002.877935883589089 ], [ 458493.6638284426881, 3138002.537811086978763 ], [ 458493.73417147481814, 3138002.200888442341238 ], [ 458493.799082833109424, 3138001.866767876781523 ], [ 458493.857773185940459, 3138001.534949968568981 ], [ 458493.909436186077073, 3138001.204859388060868 ], [ 458493.953290651494171, 3138000.875868844799697 ], [ 458493.98862123361323, 3138000.54732296988368 ], [ 458494.014815889124293, 3138000.218561604153365 ], [ 458494.031398613238707, 3137999.888941989280283 ], [ 458494.038056089135353, 3137999.557859407737851 ], [ 458494.034657157259062, 3137999.224765877239406 ], [ 458494.021264300739858, 3137998.889186554122716 ], [ 458493.998136662354227, 3137998.550733577925712 ], [ 458493.965724448673427, 3137998.209117143880576 ], [ 458493.924654920410831, 3137997.864153673872352 ], [ 458493.875710502674337, 3137997.515771001111716 ], [ 458493.819799863209482, 3137997.164010583888739 ], [ 458493.757923088502139, 3137996.809026792179793 ], [ 458493.691132322011981, 3137996.451083396561444 ], [ 458493.620489415945485, 3137996.090547434054315 ], [ 458493.547022269456647, 3137995.727880673948675 ], [ 458493.471681586990599, 3137995.36362895462662 ], [ 458493.395299782510847, 3137994.998409697785974 ], [ 458493.318553681019694, 3137994.632897931151092 ], [ 458493.241932530305348, 3137994.267811190336943 ], [ 458493.165712640213314, 3137993.903893661685288 ], [ 458493.089939717086963, 3137993.541899959556758 ], [ 458493.014419672021177, 3137993.182578922715038 ], [ 458492.938718360324856, 3137992.826657809317112 ], [ 458492.862170369946398, 3137992.474827258847654 ], [ 458492.783896631328389, 3137992.127727377228439 ], [ 458492.702830282389186, 3137991.785935264546424 ], [ 458492.617749904922675, 3137991.449954290408641 ], [ 458492.527318962791469, 3137991.120205369312316 ], [ 458492.430130029853899, 3137990.797020461875945 ], [ 458492.324752205866389, 3137990.480638472829014 ], [ 458492.209779989148956, 3137990.171203676611185 ], [ 458492.083881810714956, 3137989.868766732513905 ], [ 458491.945846437942237, 3137989.573288322426379 ], [ 458491.794625527632888, 3137989.284645355306566 ], [ 458491.629370746901259, 3137989.002639653161168 ], [ 458491.449464076838922, 3137988.727008960209787 ], [ 458491.254540168913081, 3137988.457440059166402 ], [ 458491.044499917305075, 3137988.19358373619616 ], [ 458490.819514742528554, 3137987.935071273241192 ], [ 458490.580021432368085, 3137987.681532109621912 ], [ 458490.326707742875442, 3137987.432612269651145 ], [ 458490.06048931874102, 3137987.187993120402098 ], [ 458489.782478822395205, 3137986.947410007938743 ], [ 458489.493948466551956, 3137986.710670292377472 ], [ 458489.196287401660811, 3137986.47767031006515 ], [ 458488.890955614333507, 3137986.248410787433386 ], [ 458488.579436136991717, 3137986.023010258097202 ], [ 458488.26318744244054, 3137985.80171606130898 ], [ 458487.943597901961766, 3137985.584912531077862 ], [ 458487.621944116603117, 3137985.373126056976616 ], [ 458487.299354793445673, 3137985.167026740964502 ], [ 458486.976781634090003, 3137984.967426463030279 ], [ 458486.65497844008496, 3137984.775273233186454 ], [ 458486.334489329019561, 3137984.591641807928681 ], [ 458486.015646604413632, 3137984.417720628902316 ], [ 458485.698578447627369, 3137984.254795248620212 ], [ 458485.38322621374391, 3137984.104228485375643 ], [ 458485.069370729965158, 3137983.967437654733658 ], [ 458484.756666629109532, 3137983.84586930507794 ], [ 458484.444683415116742, 3137983.740971961524338 ], [ 458484.13295166939497, 3137983.654167460743338 ], [ 458483.821012569533195, 3137983.586821503005922 ], [ 458483.508468725311104, 3137983.540214102249593 ], [ 458483.195034239557572, 3137983.515510635450482 ], [ 458482.880581881909166, 3137983.513734202366322 ], [ 458482.565185323997866, 3137983.535740001127124 ], [ 458482.24915452406276, 3137983.582192393019795 ], [ 458481.933062559808604, 3137983.653545287903398 ], [ 458481.617762490641326, 3137983.750026416033506 ], [ 458481.304393169120885, 3137983.871625967789441 ], [ 458480.994373307563365, 3137984.018089993391186 ], [ 458480.689383527089376, 3137984.18891883874312 ], [ 458480.391336555301677, 3137984.383370773866773 ], [ 458480.102336182957515, 3137984.60047085210681 ] ] ] } },
{ "type": "Feature", "properties": { "id": 69, "area_ha": 0.026094449126771765 }, "geometry": { "type": "Polygon", "coordinates": [ [ [ 458516.132177101098932, 3138000.407597312703729 ], [ 458515.844817122153472, 3138000.270936634857208 ], [ 458515.559187024307903, 3138000.132225165143609 ], [ 458515.274883196223527, 3137999.991710645612329 ], [ 458514.991373477620073, 3137999.849881371483207 ], [ 458514.708019470213912, 3137999.707475244533271 ], [ 458514.424105018377304, 3137999.565481038298458 ], [ 458514.138870019523893, 3137999.425131478812546 ], [ 458513.851548500650097, 3137999.287888011429459 ], [ 458513.56140970706474, 3137999.155417416710407 ], [ 458513.267800803587306, 3137999.029560713097453 ], [ 458512.970189685758669, 3137998.912295068148524 ], [ 458512.668206349189859, 3137998.805689691565931 ], [ 458512.361681270471308, 3137998.711856921203434 ], [ 458512.050679309875704, 3137998.632899882737547 ], [ 458511.735527757206, 3137998.570858284365386 ], [ 458511.416837305063382, 3137998.527653975877911 ], [ 458511.095514936780091, 3137998.50503795966506 ], [ 458510.772767962364014, 3137998.504540532361716 ], [ 458510.450098709668964, 3137998.527426160871983 ], [ 458510.129289674223401, 3137998.574654574971646 ], [ 458509.812379238777794, 3137998.646849386394024 ], [ 458509.501628382713534, 3137998.744275324977934 ], [ 458509.199479102739133, 3137998.86682492448017 ], [ 458508.908505545638036, 3137999.014015195891261 ], [ 458508.631359108025208, 3137999.184994523879141 ], [ 458508.370708973146975, 3137999.378559694625437 ], [ 458508.129179723793641, 3137999.593182650860399 ], [ 458507.909287792921532, 3137999.827046244870871 ], [ 458507.713378575048409, 3138000.078087992034853 ], [ 458507.543566032371018, 3138000.344050548970699 ], [ 458507.401676575711463, 3138000.622537442948669 ], [ 458507.28919889574172, 3138000.911072386428714 ], [ 458507.207241256488487, 3138001.207160416990519 ], [ 458507.156497556425165, 3138001.508349025156349 ], [ 458507.137223210185766, 3138001.812287440057844 ], [ 458507.14922161877621, 3138002.116782305762172 ], [ 458507.191841688530985, 3138002.419848089572042 ], [ 458507.263986534031574, 3138002.719750743824989 ], [ 458507.36413317208644, 3138003.015043355058879 ], [ 458507.490362692798954, 3138003.304592785425484 ], [ 458507.640400087984744, 3138003.587596587371081 ], [ 458507.811662638327107, 3138003.863589806947857 ], [ 458508.00131551764207, 3138004.132441602181643 ], [ 458508.206333069712855, 3138004.394341940525919 ], [ 458508.423564064083621, 3138004.649778950493783 ], [ 458508.649799134524073, 3138004.899507799651474 ], [ 458508.881838564877398, 3138005.144512242171913 ], [ 458509.116558597539552, 3138005.385960193350911 ], [ 458509.350974514149129, 3138005.625154876150191 ], [ 458509.582298856461421, 3138005.863483210094273 ], [ 458509.807993330992758, 3138006.102363165933639 ], [ 458510.025813151791226, 3138006.343191843945533 ], [ 458510.233842826623004, 3138006.587295957375318 ], [ 458510.43052266468294, 3138006.835886313114315 ], [ 458510.614665576198604, 3138007.090017710346729 ], [ 458510.785464034008328, 3138007.350555481389165 ], [ 458510.942487361899111, 3138007.618149641435593 ], [ 458511.085669798310846, 3138007.893217336386442 ], [ 458511.215290047519375, 3138008.175933993421495 ], [ 458511.331943260913249, 3138008.466233245562762 ], [ 458511.436506588943303, 3138008.763815413694829 ], [ 458511.530099596071523, 3138009.068164020311087 ], [ 458511.614040938962717, 3138009.378569531720132 ], [ 458511.689802765613422, 3138009.694159287028015 ], [ 458511.758964301436208, 3138010.013932358939201 ], [ 458511.823166046990082, 3138010.336797936353832 ], [ 458511.884065925667528, 3138010.661615708377212 ], [ 458511.943298590253107, 3138010.987236677668989 ], [ 458512.002438932366204, 3138011.312542835716158 ], [ 458512.062970643746667, 3138011.636484193615615 ], [ 458512.126260461227503, 3138011.958111777901649 ], [ 458512.193538496678229, 3138012.276605359278619 ], [ 458512.265884818742052, 3138012.591294904239476 ], [ 458512.344222219311632, 3138012.901674960274249 ], [ 458512.429314879293088, 3138013.20741148525849 ], [ 458512.521772446518298, 3138013.508340890519321 ], [ 458512.622058864915743, 3138013.804461384192109 ], [ 458512.730505152023397, 3138014.095916978549212 ], [ 458512.847325216513127, 3138014.382974811829627 ], [ 458512.972633740166202, 3138014.66599667398259 ], [ 458513.106465125689283, 3138014.945405865553766 ], [ 458513.248792525031604, 3138015.221650671213865 ], [ 458513.399546019558329, 3138015.495165887754411 ], [ 458513.558629113074858, 3138015.76633390551433 ], [ 458513.725932820700109, 3138016.035446871537715 ], [ 458513.901346786879003, 3138016.302671443205327 ], [ 458514.084767030086368, 3138016.568017531652004 ], [ 458514.276100095361471, 3138016.831312327180058 ], [ 458514.475263578409795, 3138017.09218068420887 ], [ 458514.682183167256881, 3138017.350032748654485 ], [ 458514.896786520665046, 3138017.604059430770576 ], [ 458515.118994454562198, 3138017.85323606710881 ], [ 458515.348710041260347, 3138018.096334313508123 ], [ 458515.585806327930186, 3138018.331942014396191 ], [ 458515.830113450007048, 3138018.558490523137152 ], [ 458516.081405952223577, 3138018.774288658518344 ], [ 458516.33939112490043, 3138018.977562259882689 ], [ 458516.603699128667358, 3138019.166498083621264 ], [ 458516.873875603545457, 3138019.339290635194629 ], [ 458517.149377357913181, 3138019.494190406985581 ], [ 458517.429571596439928, 3138019.629551936406642 ], [ 458517.713738994731102, 3138019.743880093563348 ], [ 458518.001080756890588, 3138019.835873060394078 ], [ 458518.290729612461291, 3138019.904460553545505 ], [ 458518.581764529866632, 3138019.948836017400026 ], [ 458518.873228747455869, 3138019.968481691088527 ], [ 458519.164150561380666, 3138019.963185700587928 ], [ 458519.453566167503595, 3138019.933050581719726 ], [ 458519.740543738182168, 3138019.878492939285934 ], [ 458520.024207828915678, 3138019.800234218128026 ], [ 458520.303763159085065, 3138019.699282884132117 ], [ 458520.57851679821033, 3138019.576908570714295 ], [ 458520.847897812898736, 3138019.43460903223604 ], [ 458521.111473494849633, 3138019.274070964194834 ], [ 458521.368961388478056, 3138019.097125958185643 ], [ 458521.620236470596865, 3138018.905703010037541 ], [ 458521.865332996298093, 3138018.701779098249972 ], [ 458522.104440710216295, 3138018.48732941923663 ], [ 458522.337895322125405, 3138018.264278843067586 ], [ 458522.566163359442726, 3138018.034456114284694 ], [ 458522.789821717015002, 3138017.79955221246928 ], [ 458523.00953243294498, 3138017.561084128450602 ], [ 458523.226013408682775, 3138017.320365124382079 ], [ 458523.440005960233975, 3138017.078482310753316 ], [ 458523.652240230177995, 3138016.836282125674188 ], [ 458523.863399594381917, 3138016.594364012591541 ], [ 458524.074085268250201, 3138016.353082332760096 ], [ 458524.284782341856044, 3138016.112556253094226 ], [ 458524.495828457758762, 3138015.872687094844878 ], [ 458524.707386285241228, 3138015.633182376157492 ], [ 458524.919420841673855, 3138015.393585570622236 ], [ 458525.131682571372949, 3138015.15331042278558 ], [ 458525.343696916359477, 3138014.911678527016193 ], [ 458525.554760908766184, 3138014.667958787642419 ], [ 458525.76394708850421, 3138014.421407335903496 ], [ 458525.970114808646031, 3138014.171306494623423 ], [ 458526.171928744181059, 3138013.917001442052424 ], [ 458526.367884176783264, 3138013.657933329697698 ], [ 458526.556338392489124, 3138013.393667767290026 ], [ 458526.735547319811303, 3138013.12391776451841 ], [ 458526.903706344717648, 3138012.848560447338969 ], [ 458527.058994090009946, 3138012.567647091578692 ], [ 458527.199617832025979, 3138012.281406279187649 ], [ 458527.323859157448169, 3138011.990240223240107 ], [ 458527.43011844198918, 3138011.69471456669271 ], [ 458527.516956756357104, 3138011.395542183890939 ], [ 458527.583133877487853, 3138011.0935617252253 ], [ 458527.627641199796926, 3138010.789711828809232 ], [ 458527.649728499585763, 3138010.48500205622986 ], [ 458527.648923701199237, 3138010.18048171652481 ], [ 458527.625045014778152, 3138009.87720779934898 ], [ 458527.578205065103248, 3138009.5762132355012 ], [ 458527.508806886558887, 3138009.278476686216891 ], [ 458527.41753192601027, 3138008.984894960653037 ], [ 458527.305320454295725, 3138008.696259055752307 ], [ 458527.173345032555517, 3138008.413234645500779 ], [ 458527.022977905522566, 3138008.136347662191838 ], [ 458526.855753387091681, 3138007.865975410211831 ], [ 458526.673326463322155, 3138007.602343414910138 ], [ 458526.47742895380361, 3138007.345528000500053 ], [ 458526.269824641873129, 3138007.095464352052659 ], [ 458526.052264808909968, 3138006.851959607098252 ], [ 458525.826445577957202, 3138006.614710338879377 ], [ 458525.593968399160076, 3138006.383323614951223 ], [ 458525.356304888031445, 3138006.157340691890568 ], [ 458525.114767066319473, 3138005.936262314207852 ], [ 458524.870483857754152, 3138005.719574528280646 ], [ 458524.624384467024356, 3138005.506773924455047 ], [ 458524.377189022488892, 3138005.297391240950674 ], [ 458524.129406608699355, 3138005.091012362390757 ], [ 458523.881340551306494, 3138004.887295843567699 ], [ 458523.633100567618385, 3138004.685986255295575 ], [ 458523.384621155564673, 3138004.486922821030021 ], [ 458523.135685382992961, 3138004.290043016895652 ], [ 458522.885953054879792, 3138004.095381028018892 ], [ 458522.634992096049245, 3138003.903061161749065 ], [ 458522.382311883207876, 3138003.71328655211255 ], [ 458522.127397209347691, 3138003.526323679368943 ], [ 458521.869741557573434, 3138003.3424834148027 ], [ 458521.608878404367715, 3138003.162099471781403 ], [ 458521.344409365148749, 3138002.985505241900682 ], [ 458521.076028126757592, 3138002.813010101672262 ], [ 458520.803539288172033, 3138002.64487629942596 ], [ 458520.526871432142798, 3138002.481297537218779 ], [ 458520.246083985257428, 3138002.322380311321467 ], [ 458519.961367667478044, 3138002.168128975201398 ], [ 458519.673038588196505, 3138002.018435368780047 ], [ 458519.381526298646349, 3138001.873073673807085 ], [ 458519.087356349802576, 3138001.731700969859958 ], [ 458518.791128127078991, 3138001.593863729387522 ], [ 458518.493488926091231, 3138001.459010266698897 ], [ 458518.19510538817849, 3138001.326508907135576 ], [ 458517.896633532305714, 3138001.195671403314918 ], [ 458517.598688685917296, 3138001.06578090460971 ], [ 458517.301816640072502, 3138000.936123576946557 ], [ 458517.006467320781667, 3138000.806022797245532 ], [ 458516.712972191744484, 3138000.674874708522111 ], [ 458516.421526473830454, 3138000.54218382248655 ], [ 458516.132177101098932, 3138000.407597312703729 ] ] ] } },
{ "type": "Feature", "properties": { "id": 70, "area_ha": 0.078071865226943607 }, "geometry": { "type": "Polygon", "coordinates": [ [ [ 458301.621260194224305, 3138023.032791708130389 ], [ 458301.065585670003202, 3138023.09967427700758 ], [ 458300.517732691252604, 3138023.149824159219861 ], [ 458299.978645093273371, 3138023.180513230618089 ], [ 458299.448991636920255, 3138023.189650589134544 ], [ 458298.929156044963747, 3138023.175831797067076 ], [ 458298.419234981469344, 3138023.13837023684755 ], [ 458297.919044226175174, 3138023.07730980636552 ], [ 458297.42813304316951, 3138022.993418716359884 ], [ 458296.945806481060572, 3138022.888164716772735 ], [ 458296.471155087114312, 3138022.763672600500286 ], [ 458296.003091270744335, 3138022.622665368020535 ], [ 458295.540391325776, 3138022.468390868976712 ], [ 458295.08174192532897, 3138022.304536167532206 ], [ 458294.625789737910964, 3138022.13513219403103 ], [ 458294.171192693524063, 3138021.964451495092362 ], [ 458293.716671352973208, 3138021.796902062371373 ], [ 458293.261058806325309, 3138021.636920281685889 ], [ 458292.80334755172953, 3138021.488866013474762 ], [ 458292.342731879558414, 3138021.356922700535506 ], [ 458291.878644412907306, 3138021.245005189906806 ], [ 458291.41078562248731, 3138021.156677664257586 ], [ 458290.939145345182624, 3138021.095083721447736 ], [ 458290.464015579025727, 3138021.062890234403312 ], [ 458289.985994096845388, 3138021.062246148474514 ], [ 458289.50597870897036, 3138021.094756906386465 ], [ 458289.025152300484478, 3138021.161474677268416 ], [ 458288.544959063176066, 3138021.26290408661589 ], [ 458288.067072625854053, 3138021.399022663477808 ], [ 458287.593357047531754, 3138021.569314785767347 ], [ 458287.125821873138193, 3138021.772817519959062 ], [ 458286.666572644433472, 3138022.008176424540579 ], [ 458286.217758411541581, 3138022.27370912861079 ], [ 458285.781517891620751, 3138022.567474318202585 ], [ 458285.359925968921743, 3138022.887343674898148 ], [ 458284.954942225245759, 3138023.231074288021773 ], [ 458284.568363125901669, 3138023.596379139460623 ], [ 458284.201779372466262, 3138023.98099341057241 ], [ 458283.856539766537026, 3138024.38273457204923 ], [ 458283.533722720865626, 3138024.799554510042071 ], [ 458283.234116302977782, 3138025.229582278989255 ], [ 458282.958207422227133, 3138025.671156431548297 ], [ 458282.706180469540413, 3138026.122846298385412 ], [ 458282.477925411367323, 3138026.583461987320334 ], [ 458282.273055029218085, 3138027.05205327924341 ], [ 458282.090930694888812, 3138027.527898010797799 ], [ 458281.93069579184521, 3138028.010480867233127 ], [ 458281.791315641195979, 3138028.499463851563632 ], [ 458281.671622576308437, 3138028.994649949017912 ], [ 458281.570364641142078, 3138029.495941723696887 ], [ 458281.486256269330624, 3138030.003296710085124 ], [ 458281.418029234686401, 3138030.516681544017047 ], [ 458281.364482158096507, 3138031.036026765126735 ], [ 458281.324526904267259, 3138031.561184156686068 ], [ 458281.297230306896381, 3138032.091888348106295 ], [ 458281.281849817256443, 3138032.627724201884121 ], [ 458281.277861876122188, 3138033.168101266957819 ], [ 458281.284982051234692, 3138033.712236281950027 ], [ 458281.303176259272732, 3138034.259144387207925 ], [ 458281.332662689383142, 3138034.80763937626034 ], [ 458281.373904356325511, 3138035.356342955492437 ], [ 458281.427592525782529, 3138035.903702655341476 ], [ 458281.49462155852234, 3138036.448017713148147 ], [ 458281.576056008576415, 3138036.987471949774772 ], [ 458281.673091069911607, 3138037.520172429736704 ], [ 458281.787007687962614, 3138038.044192472472787 ], [ 458281.919123832893092, 3138038.557617461308837 ], [ 458282.070743559277616, 3138039.058591786306351 ], [ 458282.243105553323403, 3138039.54536525066942 ], [ 458282.43733288598014, 3138040.016337295994163 ], [ 458282.654385653499048, 3138040.470097505487502 ], [ 458282.895018090610392, 3138040.905460984446108 ], [ 458283.159741597482935, 3138041.32149742403999 ], [ 458283.448794925701804, 3138041.717552888207138 ], [ 458283.762122533633374, 3138042.09326363587752 ], [ 458284.099361855536699, 3138042.448561570607126 ], [ 458284.459839933377225, 3138042.783671220764518 ], [ 458284.842579558258876, 3138043.09909844212234 ], [ 458285.246314753661864, 3138043.39561131503433 ], [ 458285.669515133020468, 3138043.674213980790228 ], [ 458286.110418372903951, 3138043.936114382464439 ], [ 458286.567069783515763, 3138044.182687061838806 ], [ 458287.037367729528341, 3138044.415432320907712 ], [ 458287.519113468413707, 3138044.635933132842183 ], [ 458288.010063836409245, 3138044.845811233855784 ], [ 458288.507985123782419, 3138045.046683822758496 ], [ 458289.010706452012528, 3138045.240122209303081 ], [ 458289.516170986520592, 3138045.427613659761846 ], [ 458290.022483398322947, 3138045.610527518671006 ], [ 458290.527952115226071, 3138045.79008649662137 ], [ 458291.031125079432968, 3138045.967343796975911 ], [ 458291.530817944440059, 3138046.143166509456933 ], [ 458292.026133892068174, 3138046.318225456867367 ], [ 458292.516474524920341, 3138046.49299142556265 ], [ 458293.00154157722136, 3138046.66773748351261 ], [ 458293.481329482630827, 3138046.842546857893467 ], [ 458293.956109125923831, 3138047.017325671389699 ], [ 458294.426403383840807, 3138047.191819663159549 ], [ 458294.892955313669518, 3138047.365633919369429 ], [ 458295.356690070242621, 3138047.538254558108747 ], [ 458295.818671819521114, 3138047.709071292541921 ], [ 458296.280057057039812, 3138047.877399818040431 ], [ 458296.742045835242607, 3138048.04250303376466 ], [ 458297.205832447099965, 3138048.203610211610794 ], [ 458297.672557108046021, 3138048.359933381900191 ], [ 458298.143260120647028, 3138048.510680365841836 ], [ 458298.61883990385104, 3138048.655064079444855 ], [ 458299.100016121345107, 3138048.792307956144214 ], [ 458299.587298958736937, 3138048.921647525392473 ], [ 458300.08096538472455, 3138049.042328414972872 ], [ 458300.581042992125731, 3138049.153601214755327 ], [ 458301.087301762250718, 3138049.254713834729046 ], [ 458301.599253835331183, 3138049.344902106560767 ], [ 458302.116161114128772, 3138049.423379503190517 ], [ 458302.637050281802658, 3138049.489326902665198 ], [ 458303.16073458828032, 3138049.541883343830705 ], [ 458303.685841559781693, 3138049.58013870427385 ], [ 458304.210845619032625, 3138049.603129148948938 ], [ 458304.734104472969193, 3138049.609836093150079 ], [ 458305.25389803678263, 3138049.599189270753413 ], [ 458305.768468616588507, 3138049.570074323564768 ], [ 458306.276061072014272, 3138049.521345101762563 ], [ 458306.774961719522253, 3138049.451840667519718 ], [ 458307.26353481906699, 3138049.360406738240272 ], [ 458307.740255603392143, 3138049.245921100489795 ], [ 458308.203738957992755, 3138049.107322284951806 ], [ 458308.652763034391683, 3138048.943640624172986 ], [ 458309.086287270765752, 3138048.75403062812984 ], [ 458309.503464500186965, 3138048.537803498096764 ], [ 458309.90364703227533, 3138048.294458516873419 ], [ 458310.286386800406035, 3138048.023712014313787 ], [ 458310.651429860386997, 3138047.725522629916668 ], [ 458310.998705701029394, 3138047.40011166408658 ], [ 458311.32831198401982, 3138047.047977436333895 ], [ 458311.640495452331379, 3138046.669902728870511 ], [ 458311.935629843617789, 3138046.266954621765763 ], [ 458312.214191704115365, 3138045.840476262383163 ], [ 458312.47673502296675, 3138045.392070403788239 ], [ 458312.723865599080455, 3138044.923574826214463 ], [ 458312.956216009159107, 3138044.43703006953001 ], [ 458313.174421971547417, 3138043.93464019941166 ], [ 458313.37910080247093, 3138043.418727608863264 ], [ 458313.570832538185641, 3138042.891683117020875 ], [ 458313.75014415953774, 3138042.355912840459496 ], [ 458313.917497206712142, 3138041.813783490564674 ], [ 458314.073278919153381, 3138041.267567865084857 ], [ 458314.217796886456199, 3138040.719392353668809 ], [ 458314.35127705236664, 3138040.171188290696591 ], [ 458314.473864786268678, 3138039.624648889992386 ], [ 458314.585628626984544, 3138039.081193390768021 ], [ 458314.686566214659251, 3138038.541939813643694 ], [ 458314.776611867244355, 3138038.007687508128583 ], [ 458314.855645220901351, 3138037.478910330217332 ], [ 458314.923500350327231, 3138036.955760988872498 ], [ 458314.979974804446101, 3138036.438086693175137 ], [ 458315.024838042096235, 3138035.925455867312849 ], [ 458315.057838824111968, 3138035.41719531128183 ], [ 458315.078711207490414, 3138034.912436794023961 ], [ 458315.087178896181285, 3138034.410171728115529 ], [ 458315.082957818056457, 3138033.909312245901674 ], [ 458315.065756921074353, 3138033.408756744116545 ], [ 458315.035277299699374, 3138032.907457735855132 ], [ 458314.991209880274255, 3138032.404489734210074 ], [ 458314.933231993229128, 3138031.89911480108276 ], [ 458314.86100324819563, 3138031.390843434724957 ], [ 458314.774161190900486, 3138030.879488531965762 ], [ 458314.672317263379227, 3138030.36521036317572 ], [ 458314.555053602147382, 3138029.848550712224096 ], [ 458314.421921196335461, 3138029.330454677343369 ], [ 458314.272439888271037, 3138028.812278966419399 ], [ 458314.10610063112108, 3138028.295785966794938 ], [ 458313.922370328335091, 3138027.783123300410807 ], [ 458313.720699469384272, 3138027.276789051946253 ], [ 458313.500532648467924, 3138026.779583335854113 ], [ 458313.261321915721055, 3138026.294547327328473 ], [ 458313.002542766218539, 3138025.824891313910484 ], [ 458312.723712430917658, 3138025.373913724441081 ], [ 458312.424409997300245, 3138024.944913431070745 ], [ 458312.104297764133662, 3138024.541097877547145 ], [ 458311.7631431320915, 3138024.165489802137017 ], [ 458311.400840249378234, 3138023.820835403166711 ], [ 458311.017430580046494, 3138023.509516838937998 ], [ 458310.613121539761778, 3138023.233471864368767 ], [ 458310.188302355003543, 3138022.99412324372679 ], [ 458309.743556347268168, 3138022.792320334818214 ], [ 458309.279668921197299, 3138022.62829490378499 ], [ 458308.797630646906327, 3138022.501632831059396 ], [ 458308.298634964565281, 3138022.411262911278754 ], [ 458307.784070203371812, 3138022.355463452637196 ], [ 458307.255505788954906, 3138022.331886841449887 ], [ 458306.71467270841822, 3138022.337601715698838 ], [ 458306.163438505027443, 3138022.369151832070202 ], [ 458305.603777273790911, 3138022.422630224842578 ], [ 458305.037735322723165, 3138022.493766756728292 ], [ 458304.467393340019044, 3138022.578026768285781 ], [ 458303.894826062838547, 3138022.670718159060925 ], [ 458303.322060567967128, 3138022.767103977967054 ], [ 458302.751034395070747, 3138022.862517412751913 ], [ 458302.183554768853355, 3138022.952475978061557 ], [ 458301.621260194224305, 3138023.032791708130389 ] ] ] } },
{ "type": "Feature", "properties": { "id": 71, "area_ha": 0.016728296799082949 }, "geometry": { "type": "Polygon", "coordinates": [ [ [ 458211.078058741986752, 3138074.55713135516271 ], [ 458210.877450554980896, 3138074.425728787668049 ], [ 458210.674819607811514, 3138074.301510359160602 ], [ 458210.469824300496839, 3138074.184947514906526 ], [ 458210.262104650959373, 3138074.076485889498144 ], [ 458210.051300750288647, 3138073.976539897266775 ], [ 458209.837071667599957, 3138073.885488647501916 ], [ 458209.619114250061102, 3138073.803673222195357 ], [ 458209.397181261447258, 3138073.731395302340388 ], [ 458209.171098315040581, 3138073.668917060364038 ], [ 458208.940779086900875, 3138073.616462203674018 ], [ 458208.706238337908871, 3138073.574217984452844 ], [ 458208.4676023334614, 3138073.542337978258729 ], [ 458208.225116317684297, 3138073.520945399068296 ], [ 458207.979148781043477, 3138073.510136699303985 ], [ 458207.730192349757999, 3138073.509985212236643 ], [ 458207.47886121791089, 3138073.520544592756778 ], [ 458207.225885143619962, 3138073.541851838584989 ], [ 458206.972100125800353, 3138073.573929700534791 ], [ 458206.718435974500608, 3138073.616788327693939 ], [ 458206.465901077201124, 3138073.670426037628204 ], [ 458206.215564745245501, 3138073.734829160850495 ], [ 458205.968537594657391, 3138073.809970939997584 ], [ 458205.725950476247817, 3138073.895809540059417 ], [ 458205.488932511361782, 3138073.992285259533674 ], [ 458205.258588821394369, 3138074.099317083135247 ], [ 458205.035978548461571, 3138074.216798762325197 ], [ 458204.82209376123501, 3138074.344594628550112 ], [ 458204.617839817889035, 3138074.482535379938781 ], [ 458204.424017719516996, 3138074.630414084531367 ], [ 458204.241308934637345, 3138074.787982648704201 ], [ 458204.070263107889332, 3138074.954948981292546 ], [ 458203.911288986739237, 3138075.130975074600428 ], [ 458203.764648812182713, 3138075.315676177851856 ], [ 458203.630456323269755, 3138075.508621205575764 ], [ 458203.50867842551088, 3138075.709334476850927 ], [ 458203.399140471359715, 3138075.917298816144466 ], [ 458203.301535001781303, 3138076.131960010621697 ], [ 458203.215433701989241, 3138076.352732530795038 ], [ 458203.140302235027775, 3138076.579006402287632 ], [ 458203.075517539808061, 3138076.810155025683343 ], [ 458203.020387111289892, 3138077.045543729327619 ], [ 458202.974169727938715, 3138077.284538776148111 ], [ 458202.936097053810954, 3138077.526516534388065 ], [ 458202.905395520036109, 3138077.770872499328107 ], [ 458202.881307886214927, 3138078.017029845621437 ], [ 458202.863113893428817, 3138078.264447204768658 ], [ 458202.850149450066965, 3138078.512625383213162 ], [ 458202.841823835391551, 3138078.761112762615085 ], [ 458202.837634463096038, 3138079.009509176947176 ], [ 458202.837178820278496, 3138079.257468110416085 ], [ 458202.840163277171087, 3138079.504697127267718 ], [ 458202.846408552140929, 3138079.750956500414759 ], [ 458202.855851713742595, 3138079.996056091506034 ], [ 458202.868544695957098, 3138080.239850596059114 ], [ 458202.884649403917138, 3138080.482233330141753 ], [ 458202.904429579502903, 3138080.723128813318908 ], [ 458202.928239687054884, 3138080.962484439834952 ], [ 458202.956511160009541, 3138081.200261584483087 ], [ 458202.989736420917325, 3138081.436426518950611 ], [ 458203.028451145684812, 3138081.670941528864205 ], [ 458203.073215287644416, 3138081.903756631072611 ], [ 458203.124593409302179, 3138082.134802270215005 ], [ 458203.183134881430306, 3138082.363983350340277 ], [ 458203.249354510975536, 3138082.59117491543293 ], [ 458203.323714140395168, 3138082.816219730302691 ], [ 458203.406605730822776, 3138083.038927948568016 ], [ 458203.49833639501594, 3138083.259078976232558 ], [ 458203.599115788529161, 3138083.476425552275032 ], [ 458203.709046198287979, 3138083.690699975937605 ], [ 458203.828115590906236, 3138083.901622330304235 ], [ 458203.956193799327593, 3138084.108910449314862 ], [ 458204.093031937954947, 3138084.312291303183883 ], [ 458204.238265047897585, 3138084.511513407807797 ], [ 458204.391417886014096, 3138084.706359790638089 ], [ 458204.551913685747422, 3138084.896661014761776 ], [ 458204.719085639924742, 3138085.082307720091194 ], [ 458204.892190783342812, 3138085.263262142427266 ], [ 458205.070425891899504, 3138085.439568073488772 ], [ 458205.252944965206552, 3138085.611358753871173 ], [ 458205.438877819862682, 3138085.778862240724266 ], [ 458205.627349296933971, 3138085.942403859458864 ], [ 458205.817498576070648, 3138086.102405436336994 ], [ 458206.00849808845669, 3138086.259381087031215 ], [ 458206.199571540462784, 3138086.413929474540055 ], [ 458206.390010583389085, 3138086.566722540650517 ], [ 458206.579189708863851, 3138086.718490850646049 ], [ 458206.766578997019678, 3138086.870005801320076 ], [ 458206.95175440388266, 3138087.022059072740376 ], [ 458207.134405342629179, 3138087.17543979594484 ], [ 458207.314339381526224, 3138087.330910021439195 ], [ 458207.491483959427569, 3138087.489179140422493 ], [ 458207.665885092283133, 3138087.650877989362925 ], [ 458207.837703122408129, 3138087.816533389035612 ], [ 458208.007205631758552, 3138087.986543911974877 ], [ 458208.174757711123675, 3138088.161157643888146 ], [ 458208.34080983774038, 3138088.340452686883509 ], [ 458208.505883668607567, 3138088.524321097414941 ], [ 458208.670556103868876, 3138088.712456862907857 ], [ 458208.835442010080442, 3138088.904348436743021 ], [ 458209.001176021120045, 3138089.099276220425963 ], [ 458209.168393849104177, 3138089.296315252780914 ], [ 458209.337713544548023, 3138089.494343230035156 ], [ 458209.509717139590066, 3138089.692053814884275 ], [ 458209.684933093783911, 3138089.887975049670786 ], [ 458209.863819937279914, 3138090.080492537003011 ], [ 458210.046751475310884, 3138090.26787690166384 ], [ 458210.234003875579219, 3138090.448314921464771 ], [ 458210.425744917010888, 3138090.619943595025688 ], [ 458210.622025624616072, 3138090.780886322725564 ], [ 458210.822774461936206, 3138090.929290298372507 ], [ 458211.027794193476439, 3138091.063364160712808 ], [ 458211.236761473643128, 3138091.181414948310703 ], [ 458211.449229157413356, 3138091.281883380841464 ], [ 458211.664631272782572, 3138091.36337655922398 ], [ 458211.88229054043768, 3138091.424697209149599 ], [ 458212.101428274298087, 3138091.464868707116693 ], [ 458212.321176451107021, 3138091.483155218884349 ], [ 458212.540591694239993, 3138091.479076428338885 ], [ 458212.758670883951709, 3138091.452416467946023 ], [ 458212.974368073628284, 3138091.403226834256202 ], [ 458213.186612372111995, 3138091.331823224201798 ], [ 458213.39432643429609, 3138091.238776407204568 ], [ 458213.596445193921681, 3138091.124897396657616 ], [ 458213.791934471635614, 3138090.99121736176312 ], [ 458213.979809094336815, 3138090.838962833862752 ], [ 458214.159150174760725, 3138090.669526918791234 ], [ 458214.329121217422653, 3138090.484437299426645 ], [ 458214.488982740498614, 3138090.28532191645354 ], [ 458214.638105131860357, 3138090.073873260524124 ], [ 458214.775979491649196, 3138089.851812226232141 ], [ 458214.902226250444073, 3138089.620852496474981 ], [ 458215.016601395909674, 3138089.382666368503124 ], [ 458215.119000181672163, 3138089.138852906879038 ], [ 458215.209458242636174, 3138088.890909193549305 ], [ 458215.288150085718371, 3138088.640205370727926 ], [ 458215.355384976719506, 3138088.387964026071131 ], [ 458215.411600290390197, 3138088.135244353674352 ], [ 458215.457352440746035, 3138087.882931351661682 ], [ 458215.493305553740356, 3138087.631730193737894 ], [ 458215.520218089804985, 3138087.382165729999542 ], [ 458215.538927662651986, 3138087.134586946107447 ], [ 458215.550334339612164, 3138086.889176051132381 ], [ 458215.555382739577908, 3138086.6459617507644 ], [ 458215.555043271626346, 3138086.404836137779057 ], [ 458215.550292878702749, 3138086.16557455714792 ], [ 458215.542095663375221, 3138085.927857712842524 ], [ 458215.531383781170007, 3138085.691295261960477 ], [ 458215.519038986298256, 3138085.455450099892914 ], [ 458215.505875204573385, 3138085.219862566329539 ], [ 458215.492622495512478, 3138084.984073811676353 ], [ 458215.479912739130668, 3138084.747647632844746 ], [ 458215.468267353833653, 3138084.5101901544258 ], [ 458215.45808731217403, 3138084.27136681554839 ], [ 458215.449645677173976, 3138084.030916244722903 ], [ 458215.443082831450738, 3138083.788660707883537 ], [ 458215.438404515618458, 3138083.544512941502035 ], [ 458215.435482733009849, 3138083.2984793134965 ], [ 458215.434059516643174, 3138083.050659373868257 ], [ 458215.433753490273375, 3138082.801241975277662 ], [ 458215.434069092851132, 3138082.550498253665864 ], [ 458215.434408274537418, 3138082.298771856818348 ], [ 458215.4340844132239, 3138082.046466880477965 ], [ 458215.432338147598784, 3138081.794034047052264 ], [ 458215.428354775183834, 3138081.541955685243011 ], [ 458215.421282821742352, 3138081.290730110369623 ], [ 458215.410253359761555, 3138081.040855987928808 ], [ 458215.394399628276005, 3138080.792817254550755 ], [ 458215.372876496694516, 3138080.547069127205759 ], [ 458215.344879313837737, 3138080.304025673307478 ], [ 458215.309661694220267, 3138080.064049350097775 ], [ 458215.266551814391278, 3138079.827442828565836 ], [ 458215.214966827537864, 3138079.594443339388818 ], [ 458215.154425045126118, 3138079.365219663828611 ], [ 458215.084555589593947, 3138079.139871812891215 ], [ 458215.005105282820296, 3138078.918433322571218 ], [ 458214.915942603023723, 3138078.700876018032432 ], [ 458214.817058617656585, 3138078.487117002718151 ], [ 458214.708564876811579, 3138078.277027561329305 ], [ 458214.590688330121338, 3138078.070443606004119 ], [ 458214.463763408653904, 3138077.867177255917341 ], [ 458214.32822148950072, 3138077.667029094416648 ], [ 458214.184578030777629, 3138077.469800660852343 ], [ 458214.033417728322092, 3138077.275306722149253 ], [ 458213.875378102355171, 3138077.083386890590191 ], [ 458213.711131965392269, 3138076.893916209228337 ], [ 458213.541369256330654, 3138076.706814344041049 ], [ 458213.366778746945783, 3138076.522053116932511 ], [ 458213.188030131917913, 3138076.339662153273821 ], [ 458213.005757007107604, 3138076.159732509404421 ], [ 458212.820541218796279, 3138075.982418219558895 ], [ 458212.632899031275883, 3138075.807935767807066 ], [ 458212.443269512790721, 3138075.636561584658921 ], [ 458212.252005478192586, 3138075.468627714551985 ], [ 458212.059367259265855, 3138075.30451587587595 ], [ 458211.865519492130261, 3138075.144650176633149 ], [ 458211.67053103010403, 3138074.989488792140037 ], [ 458211.47437799803447, 3138074.839514932129532 ], [ 458211.276949917490128, 3138074.69522743858397 ], [ 458211.078058741986752, 3138074.55713135516271 ] ] ] } },
{ "type": "Feature", "properties": { "id": 72, "area_ha": 0.0075704139354746819 }, "geometry": { "type": "Polygon", "coordinates": [ [ [ 458379.520274355309084, 3138087.762598472647369 ], [ 458379.360300849133637, 3138087.733057681471109 ], [ 458379.196504980907775, 3138087.708070238586515 ], [ 458379.029236482747365, 3138087.687191368546337 ], [ 458378.85886853642296, 3138087.669977197889239 ], [ 458378.685795273631811, 3138087.655994751956314 ], [ 458378.510428701119963, 3138087.644832127261907 ], [ 458378.333195092272945, 3138087.636108596343547 ], [ 458378.154530911473557, 3138087.629484387114644 ], [ 458377.974878359818831, 3138087.62466987920925 ], [ 458377.794680651917588, 3138087.621433940250427 ], [ 458377.614377146877814, 3138087.619611142668873 ], [ 458377.434398470795713, 3138087.619107611477375 ], [ 458377.255161771085113, 3138087.619905284140259 ], [ 458377.077066246652976, 3138087.622064384166151 ], [ 458376.900489090476185, 3138087.625723961740732 ], [ 458376.725781972054392, 3138087.631100403610617 ], [ 458376.553268172603566, 3138087.638483859598637 ], [ 458376.383240463153925, 3138087.64823260018602 ], [ 458376.215959795459639, 3138087.660765375476331 ], [ 458376.051654845126905, 3138087.676551917102188 ], [ 458375.890522420289926, 3138087.696101767010987 ], [ 458375.732728718372528, 3138087.719951698090881 ], [ 458375.578411383205093, 3138087.748652018606663 ], [ 458375.427682288049255, 3138087.782752114813775 ], [ 458375.280630943307187, 3138087.822785613127053 ], [ 458375.137328405224252, 3138087.869255562312901 ], [ 458374.997831545420922, 3138087.922620058525354 ], [ 458374.86218752595596, 3138087.98327872203663 ], [ 458374.730438318569213, 3138088.0515604368411 ], [ 458374.602625105355401, 3138088.127712715882808 ], [ 458374.478792401612736, 3138088.211893037427217 ], [ 458374.358991752902512, 3138088.304162422660738 ], [ 458374.243284873722587, 3138088.404481490608305 ], [ 458374.131746115454007, 3138088.512709123082459 ], [ 458374.024464178248309, 3138088.628603829070926 ], [ 458373.921543006727006, 3138088.751827791333199 ], [ 458373.823101843590848, 3138088.881953508127481 ], [ 458373.729274442594033, 3138089.018472862429917 ], [ 458373.640207478951197, 3138089.160808366257697 ], [ 458373.556058220507111, 3138089.308326261583716 ], [ 458373.476991554547567, 3138089.460351102985442 ], [ 458373.403176488063764, 3138089.61618138384074 ], [ 458373.334782259189524, 3138089.775105739478022 ], [ 458373.271974212373607, 3138089.936419240199029 ], [ 458373.214909599220846, 3138090.099439267069101 ], [ 458373.163733469613362, 3138090.26352048618719 ], [ 458373.118574813008308, 3138090.428068451583385 ], [ 458373.079543102707248, 3138090.592551413923502 ], [ 458373.046725376974791, 3138090.756509960629046 ], [ 458373.020183972956147, 3138090.919564187061042 ], [ 458372.999955001578201, 3138091.081418169662356 ], [ 458372.986047624610364, 3138091.241861606948078 ], [ 458372.978444161242805, 3138091.400768574792892 ], [ 458372.977101021213457, 3138091.558093453291804 ], [ 458372.981950426008552, 3138091.713864159304649 ], [ 458372.992902850441169, 3138091.868172926362604 ], [ 458373.009850085247308, 3138092.021164942998439 ], [ 458373.032668798638042, 3138092.17302524857223 ], [ 458373.061224450182635, 3138092.323964333627373 ], [ 458373.095375399047043, 3138092.47420295746997 ], [ 458373.13497703516623, 3138092.623956709168851 ], [ 458373.179885763092898, 3138092.773420862853527 ], [ 458373.229962669545785, 3138092.922756077256054 ], [ 458373.285076718602795, 3138093.072075453586876 ], [ 458373.345107333851047, 3138093.221433438826352 ], [ 458373.409946252068039, 3138093.370817001909018 ], [ 458373.479498559609056, 3138093.520139425527304 ], [ 458373.553682855213992, 3138093.669236997608095 ], [ 458373.632430519093759, 3138093.817868757992983 ], [ 458373.715684102498926, 3138093.965719388332218 ], [ 458373.803394891961943, 3138094.112405193038285 ], [ 458373.895519734418485, 3138094.257483042310923 ], [ 458373.992017245560419, 3138094.400462023448199 ], [ 458374.092843550199177, 3138094.540817463770509 ], [ 458374.197947729437146, 3138094.678006884641945 ], [ 458374.30726716510253, 3138094.811487397179008 ], [ 458374.4207229843596, 3138094.940733960364014 ], [ 458374.538215809559915, 3138095.065257909707725 ], [ 458374.65962201426737, 3138095.184625120833516 ], [ 458374.784790673351381, 3138095.298473181203008 ], [ 458374.913541375892237, 3138095.406526965089142 ], [ 458375.045663041761145, 3138095.508612031117082 ], [ 458375.180913849151693, 3138095.604665332008153 ], [ 458375.319022343843244, 3138095.694742802996188 ], [ 458375.459689755633008, 3138095.779023471754044 ], [ 458375.60259350616252, 3138095.857809850014746 ], [ 458375.747391843469813, 3138095.931524477899075 ], [ 458375.89372949738754, 3138096.000702599063516 ], [ 458376.041244203865062, 3138096.065981083549559 ], [ 458376.189573911484331, 3138096.128083818592131 ], [ 458376.338364448340144, 3138096.187803910579532 ], [ 458376.487277402135078, 3138096.245983145199716 ], [ 458376.635997948644217, 3138096.303489243611693 ], [ 458376.784242353518493, 3138096.361191528849304 ], [ 458376.931764872919302, 3138096.419935681857169 ], [ 458377.078363787557464, 3138096.480518293567002 ], [ 458377.223886324034538, 3138096.543661957606673 ], [ 458377.368232245033141, 3138096.609991618897766 ], [ 458377.511355925991666, 3138096.680012892000377 ], [ 458377.653266780427657, 3138096.75409299461171 ], [ 458377.79402794491034, 3138096.832444891799241 ], [ 458377.933753188932315, 3138096.915115147363394 ], [ 458378.072602072032169, 3138097.001975884195417 ], [ 458378.210773428785615, 3138097.092721143271774 ], [ 458378.348497317521833, 3138097.186867802403867 ], [ 458378.486025625432376, 3138097.283761092927307 ], [ 458378.623621568782255, 3138097.382584621198475 ], [ 458378.761548372451216, 3138097.48237466905266 ], [ 458378.900057447084691, 3138097.582038442138582 ], [ 458379.039376406581141, 3138097.680375799536705 ], [ 458379.179697286861483, 3138097.77610392216593 ], [ 458379.321165327914059, 3138097.867884283419698 ], [ 458379.463868677616119, 3138097.954351224936545 ], [ 458379.607829354528803, 3138098.034141393844038 ], [ 458379.752995781076606, 3138098.10592328151688 ], [ 458379.899237156147137, 3138098.168426100630313 ], [ 458380.046339889988303, 3138098.220467254985124 ], [ 458380.194006268575322, 3138098.260977707337588 ], [ 458380.341855449834839, 3138098.289024603087455 ], [ 458380.489426831831224, 3138098.303830599877983 ], [ 458380.636185760784429, 3138098.304789433255792 ], [ 458380.781531481363345, 3138098.291477366816252 ], [ 458380.924807162897196, 3138098.263660282827914 ], [ 458381.065311774029396, 3138098.221296301111579 ], [ 458381.202313521003816, 3138098.164533914532512 ], [ 458381.335064517566934, 3138098.093705780338496 ], [ 458381.462816312501673, 3138098.009318391326815 ], [ 458381.584835875954013, 3138097.91203797608614 ], [ 458381.700421624002047, 3138097.802673064637929 ], [ 458381.808919060393237, 3138097.682154233567417 ], [ 458381.909735617169645, 3138097.551511618308723 ], [ 458382.00235429906752, 3138097.411850807256997 ], [ 458382.086345764517318, 3138097.264327781274915 ], [ 458382.16137851862004, 3138097.11012355517596 ], [ 458382.227226944582071, 3138096.950419169384986 ], [ 458382.283776957658119, 3138096.786371654365212 ], [ 458382.331029131135438, 3138096.619091544300318 ], [ 458382.36909921199549, 3138096.449622448999435 ], [ 458382.398216015077196, 3138096.2789231329225 ], [ 458382.418716754880734, 3138096.107852452434599 ], [ 458382.431039942312054, 3138095.937157424166799 ], [ 458382.435716039384715, 3138095.767464593984187 ], [ 458382.433356119843666, 3138095.599274788517505 ], [ 458382.424638838274404, 3138095.432961224578321 ], [ 458382.410296046873555, 3138095.268770880065858 ], [ 458382.391097434156109, 3138095.106828925665468 ], [ 458382.367834576405585, 3138094.947145960759372 ], [ 458382.341304802510422, 3138094.789627724792808 ], [ 458382.312295270210598, 3138094.634086905512959 ], [ 458382.281567635538522, 3138094.480256631039083 ], [ 458382.249843673896976, 3138094.327805207110941 ], [ 458382.217792175360955, 3138094.176351654808968 ], [ 458382.18601739523001, 3138094.025481602177024 ], [ 458382.155049288645387, 3138093.874763105995953 ], [ 458382.125335705350153, 3138093.723762003239244 ], [ 458382.097236661065836, 3138093.572056437842548 ], [ 458382.071020741248503, 3138093.419250241946429 ], [ 458382.046863635070622, 3138093.264984912704676 ], [ 458382.024848738161381, 3138093.108949982561171 ], [ 458382.004969710833393, 3138092.950891632121056 ], [ 458381.987134828406852, 3138092.79061945900321 ], [ 458381.971172921243124, 3138092.628011371009052 ], [ 458381.956840666593052, 3138092.463016623165458 ], [ 458381.943830970209092, 3138092.295657070819288 ], [ 458381.931782160827424, 3138092.126026737969369 ], [ 458381.920287712651771, 3138091.954289860092103 ], [ 458381.908906214521267, 3138091.780677552334964 ], [ 458381.897171315562446, 3138091.605483307503164 ], [ 458381.8846013963921, 3138091.429057504516095 ], [ 458381.870708741189446, 3138091.251801141537726 ], [ 458381.855008018086664, 3138091.074158976320177 ], [ 458381.83702391089173, 3138090.89661226561293 ], [ 458381.81629778642673, 3138090.719671270810068 ], [ 458381.792393320938572, 3138090.543867676053196 ], [ 458381.7649010506575, 3138090.3697470552288 ], [ 458381.733441851276439, 3138090.197861486580223 ], [ 458381.697669387154747, 3138090.028762402478606 ], [ 458381.657271604635753, 3138089.862993740011007 ], [ 458381.611971369653475, 3138089.701085432898253 ], [ 458381.56152637390187, 3138089.543547277338803 ], [ 458381.505728447169531, 3138089.390863189008087 ], [ 458381.444402422872372, 3138089.243485864251852 ], [ 458381.377404706843663, 3138089.101831845939159 ], [ 458381.304621692455839, 3138088.966277009807527 ], [ 458381.225968157639727, 3138088.837152475025505 ], [ 458381.1413857616717, 3138088.714740962721407 ], [ 458381.050841739168391, 3138088.599273624364287 ], [ 458380.954327867482789, 3138088.490927383303642 ], [ 458380.851859754300676, 3138088.389822829514742 ], [ 458380.74347646831302, 3138088.296022729948163 ], [ 458380.629240507842042, 3138088.20953121362254 ], [ 458380.509238075464964, 3138088.13029370456934 ], [ 458380.383579606132116, 3138088.058197666425258 ], [ 458380.252400473924354, 3138087.993074230384082 ], [ 458380.115861788624898, 3138087.93470075679943 ], [ 458379.974151181406341, 3138087.882804382126778 ], [ 458379.827483474218752, 3138087.8370665688999 ], [ 458379.676101125951391, 3138087.797128669451922 ], [ 458379.520274355309084, 3138087.762598472647369 ] ] ] } },
{ "type": "Feature", "properties": { "id": 73, "area_ha": 0.049589652174571799 }, "geometry": { "type": "Polygon", "coordinates": [ [ [ 458209.440881728078239, 3138191.6759915179573 ], [ 458209.076725981780328, 3138191.851768039166927 ], [ 458208.71578920527827, 3138192.067515643779188 ], [ 458208.35742987395497, 3138192.320745450910181 ], [ 458208.000960449280683, 3138192.608674232382327 ], [ 458207.6457357792533, 3138192.928279553540051 ], [ 458207.291239122918341, 3138193.276357974391431 ], [ 458206.9371619708254, 3138193.649584974162281 ], [ 458206.583474092883989, 3138194.044575270731002 ], [ 458206.230480642057955, 3138194.457942235283554 ], [ 458205.87886366143357, 3138194.886355177033693 ], [ 458205.529705967288464, 3138195.3265933515504 ], [ 458205.184496084228158, 3138195.775595674291253 ], [ 458204.84511366346851, 3138196.230505241081119 ], [ 458204.513795599865261, 3138196.688707925844938 ], [ 458204.193083834892605, 3138197.1478644576855 ], [ 458203.885756577714346, 3138197.605935575906187 ], [ 458203.594745351991151, 3138198.061200009193271 ], [ 458203.32304086687509, 3138198.512265200726688 ], [ 458203.073591190390289, 3138198.958070855587721 ], [ 458202.849196048860904, 3138199.397885549347848 ], [ 458202.652401285711676, 3138199.831296761985868 ], [ 458202.485397564189043, 3138200.258194836322218 ], [ 458202.349927299190313, 3138200.678751461673528 ], [ 458202.247203551756684, 3138201.093393377494067 ], [ 458202.177844225487206, 3138201.502772061154246 ], [ 458202.141824381367769, 3138201.90773021010682 ], [ 458202.138448853860609, 3138202.309265869669616 ], [ 458202.166346631420311, 3138202.708495064638555 ], [ 458202.223487684212159, 3138203.106613787356764 ], [ 458202.307222107832786, 3138203.504860178101808 ], [ 458202.414340636169072, 3138203.904477689880878 ], [ 458202.541154789389111, 3138204.306679988279939 ], [ 458202.683594189991709, 3138204.71261826204136 ], [ 458202.837317934958264, 3138205.123351560905576 ], [ 458202.997836369846482, 3138205.539820681326091 ], [ 458203.160639202862512, 3138205.962826047092676 ], [ 458203.321325629134662, 3138206.393009929917753 ], [ 458203.475732023944147, 3138206.830843259114772 ], [ 458203.620052813319489, 3138207.276617180090398 ], [ 458203.750950336514506, 3138207.7304394133389 ], [ 458203.865649875369854, 3138208.192235376220196 ], [ 458203.962016524397768, 3138208.661753934808075 ], [ 458204.038611198600847, 3138209.138577557634562 ], [ 458204.094723798334599, 3138209.622136563062668 ], [ 458204.130382347968407, 3138210.111727070063353 ], [ 458204.146337770973332, 3138210.606532189529389 ], [ 458204.144024822220672, 3138211.10564592294395 ], [ 458204.12550054572057, 3138211.608099186327308 ], [ 458204.093362425512169, 3138212.112887324765325 ], [ 458204.050649121287279, 3138212.618998450227082 ], [ 458204.000727307342459, 3138213.125441901851445 ], [ 458203.947168630489614, 3138213.631276131607592 ], [ 458203.893621161929332, 3138214.135635298676789 ], [ 458203.843679919140413, 3138214.637753889895976 ], [ 458203.800761069869623, 3138215.13698869291693 ], [ 458203.767984302772675, 3138215.632837508339435 ], [ 458203.748067558859475, 3138216.124954031314701 ], [ 458203.743237872549798, 3138216.61315841274336 ], [ 458203.755161495762877, 3138217.097443090751767 ], [ 458203.784895778109785, 3138217.577973575796932 ], [ 458203.832864492957015, 3138218.055083992891014 ], [ 458203.898857444874011, 3138218.529267292935401 ], [ 458203.982054312771652, 3138219.00116016715765 ], [ 458204.081071796186734, 3138219.471522841602564 ], [ 458204.194032278261147, 3138219.941214048303664 ], [ 458204.318651427573059, 3138220.411161606200039 ], [ 458204.452341456722934, 3138220.882329175714403 ], [ 458204.592326172278263, 3138221.355679864063859 ], [ 458204.73576350271469, 3138221.832137473393232 ], [ 458204.879870896576904, 3138222.312546274159104 ], [ 458205.022048859333154, 3138222.797630271408707 ], [ 458205.1599979402381, 3138223.287952978629619 ], [ 458205.291824696003459, 3138223.783878755755723 ], [ 458205.416132538579404, 3138224.285536779090762 ], [ 458205.532093902060296, 3138224.792788681108505 ], [ 458205.639500828576274, 3138225.305200871545821 ], [ 458205.73879184119869, 3138225.822022461798042 ], [ 458205.831053828878794, 3138226.342169625218958 ], [ 458205.917998571065255, 3138226.864217095542699 ], [ 458206.001914455264341, 3138227.386397359427065 ], [ 458206.085594851640053, 3138227.906607924494892 ], [ 458206.17224547395017, 3138228.422426862176508 ], [ 458206.265373840753455, 3138228.931136620230973 ], [ 458206.368664633308072, 3138229.429755895398557 ], [ 458206.48584529402433, 3138229.915079140104353 ], [ 458206.62054660654394, 3138230.383723079226911 ], [ 458206.776163228380028, 3138230.832179399672896 ], [ 458206.955719200952444, 3138231.256872609723359 ], [ 458207.161743336182553, 3138231.65422187699005 ], [ 458207.39615907787811, 3138232.020705539733171 ], [ 458207.660192969196942, 3138232.352926853112876 ], [ 458207.954305238148663, 3138232.647679479792714 ], [ 458208.278145267860964, 3138232.902011170517653 ], [ 458208.630533866409678, 3138233.11328410403803 ], [ 458209.009473324927967, 3138233.279230385553092 ], [ 458209.412185287394095, 3138233.398001282475889 ], [ 458209.835175479762256, 3138233.468208906706423 ], [ 458210.274323396326508, 3138233.488959201145917 ], [ 458210.724994155112654, 3138233.459875290282071 ], [ 458211.182168935134541, 3138233.381110466085374 ], [ 458211.64058973302599, 3138233.253350332379341 ], [ 458212.094913643959444, 3138233.077803895343095 ], [ 458212.539871504763141, 3138232.856183655560017 ], [ 458212.970425546111073, 3138232.590675035491586 ], [ 458213.381920697691385, 3138232.283895760774612 ], [ 458213.770224370062351, 3138231.938846059143543 ], [ 458214.13184990308946, 3138231.558850791770965 ], [ 458214.464059398917016, 3138231.147494855802506 ], [ 458214.764942345093004, 3138230.708553360309452 ], [ 458215.033467241271865, 3138230.245918245054781 ], [ 458215.269504358468112, 3138229.763523103203624 ], [ 458215.473818737140391, 3138229.265268021728843 ], [ 458215.64803355030017, 3138228.754946271888912 ], [ 458215.794564970594365, 3138228.236174634192139 ], [ 458215.916530663263984, 3138227.712329050060362 ], [ 458216.017634937074035, 3138227.186487160157412 ], [ 458216.102034395444207, 3138226.661379110068083 ], [ 458216.174188609234989, 3138226.139347778633237 ], [ 458216.23870086070383, 3138225.622319340705872 ], [ 458216.300154359778389, 3138225.111784792970866 ], [ 458216.362949504808057, 3138224.60879278043285 ], [ 458216.431147736380808, 3138224.113953751977533 ], [ 458216.508327319985256, 3138223.627455169335008 ], [ 458216.597455996088684, 3138223.149087194353342 ], [ 458216.700784868909977, 3138222.678277993109077 ], [ 458216.819767185370438, 3138222.214137543458492 ], [ 458216.955004811286926, 3138221.755508594680578 ], [ 458217.106224269373342, 3138221.301023252308369 ], [ 458217.272283193655312, 3138220.849163501057774 ], [ 458217.451207018690184, 3138220.398323896341026 ], [ 458217.640254687983543, 3138219.946874595247209 ], [ 458217.836011173727456, 3138219.493222921621054 ], [ 458218.0345036831568, 3138219.035871692933142 ], [ 458218.231337617558893, 3138218.57347267633304 ], [ 458218.421847672609147, 3138218.104873675853014 ], [ 458218.601258951995987, 3138217.62915795436129 ], [ 458218.764852624677587, 3138217.145674949511886 ], [ 458218.908130498311948, 3138216.65406147763133 ], [ 458219.026972921798006, 3138216.154252941254526 ], [ 458219.117784655187279, 3138215.646484333090484 ], [ 458219.1776237571612, 3138215.131281149107963 ], [ 458219.204309118853416, 3138214.609440623316914 ], [ 458219.196502999810036, 3138214.082003985065967 ], [ 458219.153765771712642, 3138213.550220704637468 ], [ 458219.076581018569414, 3138213.015505941584706 ], [ 458218.966350147093181, 3138212.479392593726516 ], [ 458218.825356688757893, 3138211.943479522597045 ], [ 458218.656701498897746, 3138211.409377621952444 ], [ 458218.46421103173634, 3138210.878655483014882 ], [ 458218.252321771229617, 3138210.352786389179528 ], [ 458218.025944686611183, 3138209.83309835428372 ], [ 458217.790314238576684, 3138209.320728812832385 ], [ 458217.550826959020924, 3138208.816585426684469 ], [ 458217.31287495495053, 3138208.321314301807433 ], [ 458217.081679827882908, 3138207.835276660509408 ], [ 458216.862132454465609, 3138207.358534788712859 ], [ 458216.658643845526967, 3138206.890847778413445 ], [ 458216.475011892791372, 3138206.431677298620343 ], [ 458216.314308247645386, 3138205.980203333776444 ], [ 458216.178788867255207, 3138205.535349521320313 ], [ 458216.069830944878049, 3138205.09581743972376 ], [ 458215.987898030085489, 3138204.660128928720951 ], [ 458215.932534186751582, 3138204.226675280835479 ], [ 458215.902387053298298, 3138203.793771942146122 ], [ 458215.895258704258595, 3138203.359717187006027 ], [ 458215.908182291488629, 3138202.922853112220764 ], [ 458215.937521602609195, 3138202.481627224478871 ], [ 458215.979089941829443, 3138202.034652863163501 ], [ 458216.028284135973081, 3138201.580766730941832 ], [ 458216.080229018814862, 3138201.119081880431622 ], [ 458216.12992746377131, 3138200.64903461560607 ], [ 458216.172410923463758, 3138200.170423943549395 ], [ 458216.20288550312398, 3138199.683442407753319 ], [ 458216.21686883084476, 3138199.188697360921651 ], [ 458216.210313389194198, 3138198.687222006265074 ], [ 458216.179712518583983, 3138198.180475798435509 ], [ 458216.122185971878935, 3138197.670334090478718 ], [ 458216.035542673314922, 3138197.159067198168486 ], [ 458215.91831917327363, 3138196.649309318512678 ], [ 458215.76979317626683, 3138196.144018031656742 ], [ 458215.589972406742163, 3138195.646425333339721 ], [ 458215.379559947934467, 3138195.159981372766197 ], [ 458215.139897999877576, 3138194.688292255625129 ], [ 458214.872892733081244, 3138194.235053413081914 ], [ 458214.580923536035698, 3138193.803980132099241 ], [ 458214.266740446852054, 3138193.398736920207739 ], [ 458213.933353904401883, 3138193.022867376916111 ], [ 458213.583921143552288, 3138192.679726221598685 ], [ 458213.221633585751988, 3138192.372415054123849 ], [ 458212.849609441589564, 3138192.10372332111001 ], [ 458212.470795452594757, 3138191.876075797714293 ], [ 458212.087881267536432, 3138191.691487735137343 ], [ 458211.703229393286165, 3138191.551528610289097 ], [ 458211.318822999019176, 3138191.457295190542936 ], [ 458210.93623311718693, 3138191.409394393209368 ], [ 458210.556605996680446, 3138191.407936179544777 ], [ 458210.180670558998827, 3138191.452536470256746 ], [ 458209.808765113062691, 3138191.542329838499427 ], [ 458209.440881728078239, 3138191.6759915179573 ] ] ] } },
{ "type": "Feature", "properties": { "id": 74, "area_ha": 0.038526206273260408 }, "geometry": { "type": "Polygon", "coordinates": [ [ [ 458403.894708487554453, 3138266.87273081485182 ], [ 458403.496597085264511, 3138267.284161780029535 ], [ 458403.10547622985905, 3138267.709094986319542 ], [ 458402.721572069101967, 3138268.138402804266661 ], [ 458402.34485709265573, 3138268.563306246884167 ], [ 458401.97505473124329, 3138268.975601574871689 ], [ 458401.611652285500895, 3138269.36786484811455 ], [ 458401.253922145871911, 3138269.733628831803799 ], [ 458400.900951049057767, 3138270.067527583334595 ], [ 458400.551676892093383, 3138270.365405155345798 ], [ 458400.204932399792597, 3138270.624385994393378 ], [ 458399.859494722564705, 3138270.842905854806304 ], [ 458399.514139833510853, 3138271.020703288726509 ], [ 458399.167700403835624, 3138271.158772983122617 ], [ 458398.819125671347138, 3138271.259283370804042 ], [ 458398.46754168352345, 3138271.325461997184902 ], [ 458398.112310199998319, 3138271.361453044228256 ], [ 458397.753084484953433, 3138271.37215217621997 ], [ 458397.389860212802887, 3138271.363024456892163 ], [ 458397.02301975118462, 3138271.339911470655352 ], [ 458396.653368177998345, 3138271.30883396230638 ], [ 458396.28215953335166, 3138271.275796294212341 ], [ 458395.911112000467256, 3138271.246598778758198 ], [ 458395.542410950991325, 3138271.226663547568023 ], [ 458395.178699073265307, 3138271.220879009924829 ], [ 458394.823053121566772, 3138271.233467243146151 ], [ 458394.478947174502537, 3138271.267877774778754 ], [ 458394.150202657910995, 3138271.326710282359272 ], [ 458393.840925769123714, 3138271.411667734384537 ], [ 458393.555433317262214, 3138271.52354045631364 ], [ 458393.298168363224249, 3138271.662220601458102 ], [ 458393.073607387719676, 3138271.826745531056076 ], [ 458392.886161027476192, 3138272.015367713756859 ], [ 458392.740070687956177, 3138272.22564797475934 ], [ 458392.639303553500213, 3138272.454568246379495 ], [ 458392.587448666919954, 3138272.69865947868675 ], [ 458392.587616833392531, 3138272.954139997251332 ], [ 458392.642347110027913, 3138273.217059417162091 ], [ 458392.753522572806105, 3138273.483443202916533 ], [ 458392.922297905490268, 3138273.749433107208461 ], [ 458393.149041128635872, 3138274.011419025715441 ], [ 458393.433291491586715, 3138274.26615824829787 ], [ 458393.773735183698591, 3138274.510878637433052 ], [ 458394.168200100888498, 3138274.743362938519567 ], [ 458394.613670431426726, 3138274.962012147065252 ], [ 458395.106321319704875, 3138275.165886627975851 ], [ 458395.641573338012677, 3138275.354724483564496 ], [ 458396.214165959914681, 3138275.528937433846295 ], [ 458396.818248700234108, 3138275.689585210755467 ], [ 458397.447488081816118, 3138275.838330147787929 ], [ 458398.095188120787498, 3138275.977374226320535 ], [ 458398.754421606834512, 3138276.109381331596524 ], [ 458399.418169107520953, 3138276.237387836445123 ], [ 458400.079462351568509, 3138276.364704870153219 ], [ 458400.731528461561538, 3138276.494815756566823 ], [ 458401.36793141666567, 3138276.631272068247199 ], [ 458401.982707130664494, 3138276.777591633144766 ], [ 458402.570488641038537, 3138276.937161559704691 ], [ 458403.126618109818082, 3138277.113149003591388 ], [ 458403.647242639330216, 3138277.308421980123967 ], [ 458404.129391296417452, 3138277.525482018943876 ], [ 458404.571031205647159, 3138277.766409942880273 ], [ 458404.971101107774302, 3138278.032825492788106 ], [ 458405.329521364998072, 3138278.325860986020416 ], [ 458405.64718001690926, 3138278.646148674190044 ], [ 458405.925895131775178, 3138278.993820992298424 ], [ 458406.168354338500649, 3138279.368522490840405 ], [ 458406.378033047134522, 3138279.769431897439063 ], [ 458406.559093454154208, 3138280.195292524062097 ], [ 458406.716266960371286, 3138280.644449065439403 ], [ 458406.85472309513716, 3138281.114888799842447 ], [ 458406.97992842271924, 3138281.604285217821598 ], [ 458407.097499191237148, 3138282.110042247921228 ], [ 458407.213051669998094, 3138282.62933744629845 ], [ 458407.332054192724172, 3138283.159162784926593 ], [ 458407.459684885980096, 3138283.696361999493092 ], [ 458407.600698908907361, 3138284.237663809210062 ], [ 458407.759308772161603, 3138284.77971070073545 ], [ 458407.939080941141583, 3138285.319083317648619 ], [ 458408.142851474869531, 3138285.852320869918913 ], [ 458408.372662921319716, 3138286.375938255339861 ], [ 458408.629724091035314, 3138286.886440863832831 ], [ 458408.914393691055011, 3138287.380338211078197 ], [ 458409.226188126369379, 3138287.854157653171569 ], [ 458409.563813097542152, 3138288.304459483828396 ], [ 458409.925217951938976, 3138288.727854636963457 ], [ 458410.307671104674228, 3138289.121026100125164 ], [ 458410.707854255451821, 3138289.480754917953163 ], [ 458411.121972597728018, 3138289.803951394744217 ], [ 458411.545877773489337, 3138290.087691759224981 ], [ 458411.975199972221162, 3138290.329260184429586 ], [ 458412.405485324736219, 3138290.526195662561804 ], [ 458412.832334603881463, 3138290.676342818886042 ], [ 458413.251539220975246, 3138290.777905381750315 ], [ 458413.659210595826153, 3138290.829500659368932 ], [ 458414.051899184298236, 3138290.830213090404868 ], [ 458414.426699752279092, 3138290.779644698370248 ], [ 458414.781339893059339, 3138290.677960143424571 ], [ 458415.114249272679444, 3138290.525924019981176 ], [ 458415.424607647757512, 3138290.324928090907633 ], [ 458415.712370312772691, 3138290.077006324194372 ], [ 458415.978270281397272, 3138289.784835850354284 ], [ 458416.223797172599006, 3138289.451722318306565 ], [ 458416.451153432484716, 3138289.081568589899689 ], [ 458416.663189164421055, 3138288.67882621800527 ], [ 458416.863317439914681, 3138288.248429753817618 ], [ 458417.055412507150322, 3138287.795714529231191 ], [ 458417.243693783937488, 3138287.326319200918078 ], [ 458417.432598910701927, 3138286.846074966248125 ], [ 458417.626649429032113, 3138286.360883938148618 ], [ 458417.830312840116676, 3138285.876589707564563 ], [ 458418.047864880005363, 3138285.39884356316179 ], [ 458418.283255820686463, 3138284.932970186229795 ], [ 458418.539984473958611, 3138284.483836866449565 ], [ 458418.820983340090606, 3138284.055730383377522 ], [ 458419.12851801479701, 3138283.652245649602264 ], [ 458419.464103558275383, 3138283.276190024334937 ], [ 458419.82844004733488, 3138282.929506869520992 ], [ 458420.221368994738441, 3138282.613221451174468 ], [ 458420.641851743566804, 3138282.32741168839857 ], [ 458421.087970342545304, 3138282.071205544751137 ], [ 458421.556950804661028, 3138281.842806069646031 ], [ 458422.045208054420073, 3138281.639544217381626 ], [ 458422.548411304014735, 3138281.457958701532334 ], [ 458423.06156807334628, 3138281.293901224154979 ], [ 458423.579124603362288, 3138281.14266454661265 ], [ 458424.095080012222752, 3138280.999130051583052 ], [ 458424.603111225645989, 3138280.857930711936206 ], [ 458425.096705477568321, 3138280.713624754454941 ], [ 458425.56929703411879, 3138280.560874835122377 ], [ 458426.01440474082483, 3138280.394627201836556 ], [ 458426.425767034932505, 3138280.210285189561546 ], [ 458426.797471190162469, 3138280.003871401306242 ], [ 458427.124073773215059, 3138279.772173166740686 ], [ 458427.400709573994391, 3138279.5128662600182 ], [ 458427.623186622746289, 3138279.224612439982593 ], [ 458427.788065307657234, 3138278.907127115409821 ], [ 458427.89272005087696, 3138278.561214306857437 ], [ 458427.93538247019751, 3138278.188767076469958 ], [ 458427.915165439539123, 3138277.7927326541394 ], [ 458427.832067943527363, 3138277.377042625565082 ], [ 458427.68696109589655, 3138276.94650966161862 ], [ 458427.481556136161089, 3138276.506693391129375 ], [ 458427.21835562994238, 3138276.063739058561623 ], [ 458426.900589464348741, 3138275.624193555209786 ], [ 458426.532137539354153, 3138275.194804233964533 ], [ 458426.117441308451816, 3138274.782306574750692 ], [ 458425.661406508297659, 3138274.393207241781056 ], [ 458425.169299539062195, 3138274.033569345250726 ], [ 458424.646640011225827, 3138273.708806775510311 ], [ 458424.09909196337685, 3138273.423494320362806 ], [ 458423.532356185489334, 3138273.181199881248176 ], [ 458422.95206595241325, 3138272.984344526659697 ], [ 458422.363688293437008, 3138272.834095323923975 ], [ 458421.772432702302467, 3138272.730294946581125 ], [ 458421.18316893390147, 3138272.671430949587375 ], [ 458420.600355252390727, 3138272.654646400362253 ], [ 458420.027978190220892, 3138272.675792281515896 ], [ 458419.469504572218284, 3138272.729520772583783 ], [ 458418.927846242382657, 3138272.809417218901217 ], [ 458418.405337632633746, 3138272.908167364541441 ], [ 458417.903726019198075, 3138273.017755267210305 ], [ 458417.424174046085682, 3138273.129686297383159 ], [ 458416.967273851274513, 3138273.235228785313666 ], [ 458416.533071919169743, 3138273.325667200610042 ], [ 458416.121103600773495, 3138273.392559332307428 ], [ 458415.730436100391671, 3138273.427989711053669 ], [ 458415.359718614839949, 3138273.42481155693531 ], [ 458415.00723823858425, 3138273.376869819592685 ], [ 458414.670980206050444, 3138273.279198372736573 ], [ 458414.348691033665091, 3138273.128185170702636 ], [ 458414.037943145085592, 3138272.921700099948794 ], [ 458413.736199611448683, 3138272.659181351773441 ], [ 458413.440877705812454, 3138272.341677396558225 ], [ 458413.149410065438133, 3138271.971842951606959 ], [ 458412.859302358003333, 3138271.553888740949333 ], [ 458412.568186468794011, 3138271.093486239667982 ], [ 458412.27386835514335, 3138270.597629965282977 ], [ 458411.974369848438073, 3138270.07446117606014 ], [ 458411.667963823652826, 3138269.533058006782085 ], [ 458411.353202299156692, 3138268.983198105823249 ], [ 458411.028937168070115, 3138268.435100663453341 ], [ 458410.694333404942881, 3138267.899155356455594 ], [ 458410.348874725983478, 3138267.385646123904735 ], [ 458409.992361815704498, 3138266.90447783190757 ], [ 458409.624903360090684, 3138266.464913793839514 ], [ 458409.246900250320323, 3138266.075331761501729 ], [ 458408.859023437136784, 3138265.743005427066237 ], [ 458408.46218602755107, 3138265.473917679861188 ], [ 458408.057510315906256, 3138265.272610879037529 ], [ 458407.646290537319146, 3138265.14207827206701 ], [ 458407.229952214169316, 3138265.083699413109571 ], [ 458406.810009039414581, 3138265.097221106756479 ], [ 458406.38801830005832, 3138265.180784025229514 ], [ 458405.965535888855811, 3138265.330993759911507 ], [ 458405.544071981857996, 3138265.543033760040998 ], [ 458405.125048468878958, 3138265.810816370882094 ], [ 458404.709759213903453, 3138266.127167073078454 ], [ 458404.299334191018716, 3138266.484036097303033 ], [ 458403.894708487554453, 3138266.87273081485182 ] ] ] } },
{ "type": "Feature", "properties": { "id": 75, "area_ha": 0.068183184504488251 }, "geometry": { "type": "Polygon", "coordinates": [ [ [ 458292.56895691761747, 3138272.617334238719195 ], [ 458291.960725437325891, 3138272.707778475247324 ], [ 458291.360066491237376, 3138272.850501603446901 ], [ 458290.770348589750938, 3138273.04364894842729 ], [ 458290.194381437788252, 3138273.284462764393538 ], [ 458289.634362377750222, 3138273.569306253455579 ], [ 458289.091841421381105, 3138273.89371197624132 ], [ 458288.567705434805248, 3138274.252453943714499 ], [ 458288.062181454210076, 3138274.639641938731074 ], [ 458287.574858535954263, 3138275.048835898283869 ], [ 458287.104727001569699, 3138275.473177544306964 ], [ 458286.650233443768229, 3138275.905535872559994 ], [ 458286.209349429525901, 3138276.338662638794631 ], [ 458285.779651477758307, 3138276.765353636816144 ], [ 458285.358409620588645, 3138277.178611331153661 ], [ 458284.942681675893255, 3138277.571804325096309 ], [ 458284.529410276736598, 3138277.938819201663136 ], [ 458284.115519714716356, 3138278.274200476240367 ], [ 458283.698009758780245, 3138278.573274720925838 ], [ 458283.274043804907706, 3138278.832255396526307 ], [ 458282.841028981492855, 3138279.048325474373996 ], [ 458282.396686174266506, 3138279.21969560533762 ], [ 458281.939108327438589, 3138279.345636315178126 ], [ 458281.466805810690857, 3138279.42648348165676 ], [ 458280.978738097590394, 3138279.463617146480829 ], [ 458280.474331468052696, 3138279.459414508659393 ], [ 458279.953482902958058, 3138279.417178703472018 ], [ 458279.416550776280928, 3138279.341045674867928 ], [ 458278.864333345438354, 3138279.235872085206211 ], [ 458278.298036390973721, 3138279.107107715681195 ], [ 458277.719231644354295, 3138278.960656243376434 ], [ 458277.129807864548638, 3138278.802728544920683 ], [ 458276.531916570849717, 3138278.639692837838084 ], [ 458275.927914511936251, 3138278.477925965096802 ], [ 458275.320304947730619, 3138278.323670003097504 ], [ 458274.711679742671549, 3138278.182898101396859 ], [ 458274.104664123908151, 3138278.061193071771413 ], [ 458273.501865755009931, 3138277.96364174829796 ], [ 458272.905829516530503, 3138277.894747553858906 ], [ 458272.318999092502054, 3138277.858363036997616 ], [ 458271.743686137080658, 3138277.85764345806092 ], [ 458271.182047458947636, 3138277.895021764561534 ], [ 458270.636070323002059, 3138277.972204583697021 ], [ 458270.107565640937537, 3138278.090188167523593 ], [ 458269.598168518568855, 3138278.249292588792741 ], [ 458269.109345359902363, 3138278.44921192759648 ], [ 458268.64240650011925, 3138278.689077716786414 ], [ 458268.198523166007362, 3138278.967532563023269 ], [ 458267.778747443982866, 3138279.282810613047332 ], [ 458267.384033874142915, 3138279.632821437902749 ], [ 458267.015261292108335, 3138280.015233911108226 ], [ 458266.673253594548441, 3138280.427556828595698 ], [ 458266.35879821976414, 3138280.867213252000511 ], [ 458266.072661292506382, 3138281.331605974584818 ], [ 458265.815598583663814, 3138281.81817193608731 ], [ 458265.588361666887067, 3138282.324423999525607 ], [ 458265.391698906838428, 3138282.847979066893458 ], [ 458265.226351176912431, 3138283.386572165414691 ], [ 458265.093042465799954, 3138283.938056759070605 ], [ 458264.9924657837837, 3138284.500392165500671 ], [ 458264.925265006255358, 3138285.071619525086135 ], [ 458264.892013491888065, 3138285.649828295689076 ], [ 458264.893190469709225, 3138286.233115666080266 ], [ 458264.929156304628123, 3138286.819541617296636 ], [ 458265.000127815350424, 3138287.407082567922771 ], [ 458265.106154832639731, 3138287.993586657103151 ], [ 458265.24709914799314, 3138288.576733663678169 ], [ 458265.422616916592233, 3138289.154002425726503 ], [ 458265.63214544596849, 3138289.722648339346051 ], [ 458265.874895129527431, 3138290.279693144839257 ], [ 458266.149847081687767, 3138290.821928704623133 ], [ 458266.455756802693941, 3138291.345935950987041 ], [ 458266.791163960529957, 3138291.848119531292468 ], [ 458267.15440813137684, 3138292.324758049100637 ], [ 458267.543650101521052, 3138292.77206912683323 ], [ 458267.956898108997848, 3138293.186287856195122 ], [ 458268.392038207093719, 3138293.563756605610251 ], [ 458268.846867765008938, 3138293.901023589074612 ], [ 458269.319130998104811, 3138294.194947137497365 ], [ 458269.806555338611361, 3138294.442802244797349 ], [ 458270.306887429265771, 3138294.642385707702488 ], [ 458270.817927538475487, 3138294.792116060853004 ], [ 458271.337561265216209, 3138294.891124511137605 ], [ 458271.863787515205331, 3138294.939333226531744 ], [ 458272.394741885364056, 3138294.937517615966499 ], [ 458272.928714785899501, 3138294.887349639553577 ], [ 458273.464163846161682, 3138294.791419704444706 ], [ 458273.999720389489084, 3138294.653235328383744 ], [ 458274.534190006088465, 3138294.477195430546999 ], [ 458275.066547499620356, 3138294.268539874348789 ], [ 458275.595926714595407, 3138294.033274647779763 ], [ 458276.121605963038746, 3138293.778073865454644 ], [ 458276.642989951302297, 3138293.510160518810153 ], [ 458277.159589249407873, 3138293.237168628256768 ], [ 458277.670998444024008, 3138292.966990069951862 ], [ 458278.176874165073968, 3138292.707609917968512 ], [ 458278.676914174167905, 3138292.466934539377689 ], [ 458279.170838646357879, 3138292.252617015037686 ], [ 458279.658374672173522, 3138292.07188458647579 ], [ 458280.139244854450226, 3138291.931372865568846 ], [ 458280.613160678709392, 3138291.836971402633935 ], [ 458281.079821108549368, 3138291.793684917036444 ], [ 458281.53891660523368, 3138291.805514102336019 ], [ 458281.99013850063784, 3138291.875359361525625 ], [ 458282.433193382166792, 3138292.004950190894306 ], [ 458282.867821883177385, 3138292.194802200421691 ], [ 458283.293821025290526, 3138292.444202966522425 ], [ 458283.711069043900352, 3138292.751227086409926 ], [ 458284.119551448617131, 3138293.112779955379665 ], [ 458284.519386940344702, 3138293.524668981786817 ], [ 458284.910851731721777, 3138293.981700157281011 ], [ 458285.294400799786672, 3138294.477797206025571 ], [ 458285.670684643904679, 3138295.006139899138361 ], [ 458286.040560230787378, 3138295.559317617211491 ], [ 458286.405094972345978, 3138296.129493860993534 ], [ 458286.765562805871014, 3138296.708577146288007 ], [ 458287.12343171442626, 3138297.288393620867282 ], [ 458287.480342336231843, 3138297.860856777988374 ], [ 458287.838077648309991, 3138298.418129812926054 ], [ 458288.198524068051483, 3138298.952776490710676 ], [ 458288.563624670961872, 3138299.457896820269525 ], [ 458288.935325577098411, 3138299.927244374994189 ], [ 458289.315516880422365, 3138300.3553227330558 ], [ 458289.705969788483344, 3138300.737459196243435 ], [ 458290.108271879493259, 3138301.0698546837084 ], [ 458290.523762566328514, 3138301.349609452299774 ], [ 458290.953470972192008, 3138301.574725029524416 ], [ 458291.398058461898472, 3138301.744083465076983 ], [ 458291.857768034620676, 3138301.857405641581863 ], [ 458292.332382665656041, 3138301.915190986357629 ], [ 458292.821194486925378, 3138301.918641384691 ], [ 458293.322986426588614, 3138301.869572478812188 ], [ 458293.836027588986326, 3138301.770315796602517 ], [ 458294.358083261351567, 3138301.623615273740143 ], [ 458294.886439992696978, 3138301.432521748356521 ], [ 458295.417945717985276, 3138301.200288887601346 ], [ 458295.949064411979634, 3138300.930273770820349 ], [ 458296.475944267411251, 3138300.625845026690513 ], [ 458296.994497920386493, 3138300.290300995111465 ], [ 458297.500492805091199, 3138299.926799885928631 ], [ 458297.989649329974782, 3138299.538303373381495 ], [ 458298.457744237966835, 3138299.12753447284922 ], [ 458298.90071626228746, 3138298.696949985343963 ], [ 458299.314771022007335, 3138298.248727209400386 ], [ 458299.696482029103208, 3138297.784764090552926 ], [ 458300.042884704307653, 3138297.306691506877542 ], [ 458300.351560424373019, 3138296.815895972307771 ], [ 458300.620707847177982, 3138296.313550716731697 ], [ 458300.849199076299556, 3138295.800652876961976 ], [ 458301.036618629295845, 3138295.278064399026334 ], [ 458301.183283646183554, 3138294.746554234996438 ], [ 458301.290244309755508, 3138294.206839489284903 ], [ 458301.359264025755692, 3138293.659623346757144 ], [ 458301.392779513786081, 3138293.105627886485308 ], [ 458301.393841569428332, 3138292.545620202552527 ], [ 458301.366037855681498, 3138291.980430674739182 ], [ 458301.313399645558093, 3138291.41096265707165 ], [ 458301.240294955146965, 3138290.838193314149976 ], [ 458301.151310951332562, 3138290.263165815267712 ], [ 458301.051128886872903, 3138289.686973533127457 ], [ 458300.944395082071424, 3138289.110737320035696 ], [ 458300.835591641603969, 3138288.535577286034822 ], [ 458300.72891064628493, 3138287.962580813560635 ], [ 458300.628135500766803, 3138287.392768749035895 ], [ 458300.53653294587275, 3138286.827061833813787 ], [ 458300.456758959160652, 3138286.26624948438257 ], [ 458300.390781386464369, 3138285.710962946526706 ], [ 458300.339821671834216, 3138285.161654698196799 ], [ 458300.304317503876518, 3138284.618585729971528 ], [ 458300.283907588163856, 3138284.081821996252984 ], [ 458300.277439104858786, 3138283.551240934524685 ], [ 458300.282997742644511, 3138283.026548518333584 ], [ 458300.297959526826162, 3138282.507306817919016 ], [ 458300.319063014583662, 3138281.992971556261182 ], [ 458300.342499818885699, 3138281.482938666362315 ], [ 458300.364020878274459, 3138280.97659839456901 ], [ 458300.379055418423377, 3138280.473395077511668 ], [ 458300.382839173078537, 3138279.972890386357903 ], [ 458300.37054816033924, 3138279.474827541969717 ], [ 458300.337434146320447, 3138278.979193841572851 ], [ 458300.278957886621356, 3138278.486278757452965 ], [ 458300.190916308725718, 3138277.996724892407656 ], [ 458300.069559991359711, 3138277.51156922057271 ], [ 458299.911697596020531, 3138277.032272284850478 ], [ 458299.714784307696391, 3138276.560733363963664 ], [ 458299.476991829636972, 3138276.099290054291487 ], [ 458299.197258038795553, 3138275.650701220147312 ], [ 458298.875315020908602, 3138275.218112830072641 ], [ 458298.511694855289534, 3138274.805006796959788 ], [ 458298.107713182398584, 3138274.415133567061275 ], [ 458297.665431244065985, 3138274.052429808303714 ], [ 458297.187597717100289, 3138273.720923142973334 ], [ 458296.677572246582713, 3138273.424626404419541 ], [ 458296.13923310325481, 3138273.167424367275089 ], [ 458295.576871833356563, 3138272.952956270892173 ], [ 458294.995078115491197, 3138272.784497744869441 ], [ 458294.398618287348654, 3138272.664845890831202 ], [ 458293.792311141325627, 3138272.596211316995323 ], [ 458293.180904615146574, 3138272.580120827071369 ], [ 458292.56895691761747, 3138272.617334238719195 ] ] ] } },
{ "type": "Feature", "properties": { "id": 76, "area_ha": 0.12277683697941486 }, "geometry": { "type": "Polygon", "coordinates": [ [ [ 458179.268123662506696, 3138302.622085216455162 ], [ 458178.310334184032399, 3138302.571513938251883 ], [ 458177.387903094640933, 3138302.601628631353378 ], [ 458176.519045684486628, 3138302.723578889388591 ], [ 458175.721404288138729, 3138302.946267704479396 ], [ 458175.010901224508416, 3138303.275614765007049 ], [ 458174.400620143685956, 3138303.71404289174825 ], [ 458173.899811880430207, 3138304.260223841760308 ], [ 458173.513116270245519, 3138304.90909783821553 ], [ 458173.240077812864911, 3138305.652158794458956 ], [ 458173.075011443113908, 3138306.477976162917912 ], [ 458173.007246703782585, 3138307.372906380798668 ], [ 458173.021746715006884, 3138308.321933391038328 ], [ 458173.100065374688711, 3138309.309569728095084 ], [ 458173.221575296367519, 3138310.320747592952102 ], [ 458173.364873094949871, 3138311.341633232776076 ], [ 458173.509250373055693, 3138312.360307211987674 ], [ 458173.636110107414424, 3138313.367266789078712 ], [ 458173.730210177658591, 3138314.355723338667303 ], [ 458173.780628627981059, 3138315.321685915347189 ], [ 458173.781367979303468, 3138316.263840085826814 ], [ 458173.731546637136489, 3138317.183247453067452 ], [ 458173.635161475511268, 3138318.082904507406056 ], [ 458173.500443769793492, 3138318.967208541464061 ], [ 458173.338867293146905, 3138319.841382722835988 ], [ 458173.163899136066902, 3138320.710911871865392 ], [ 458172.989607614988927, 3138321.581035307608545 ], [ 458172.829255168326199, 3138322.456334 ], [ 458172.694005982251838, 3138323.340437269303948 ], [ 458172.591867927229032, 3138324.235860593616962 ], [ 458172.526967029261868, 3138325.143972183112055 ], [ 458172.49922202329617, 3138326.065073151607066 ], [ 458172.504449325962923, 3138326.99856555275619 ], [ 458172.534888460068032, 3138327.943175254389644 ], [ 458172.580098320438992, 3138328.897193117067218 ], [ 458172.628139439329971, 3138329.858698517084122 ], [ 458172.666929937491659, 3138330.825733653735369 ], [ 458172.685645790421404, 3138331.796404800377786 ], [ 458172.676031075476203, 3138332.768896785564721 ], [ 458172.633491539745592, 3138333.741398466750979 ], [ 458172.557864493341185, 3138334.711948554962873 ], [ 458172.453787880018353, 3138335.678221669513732 ], [ 458172.330628638213966, 3138336.63728288654238 ], [ 458172.201971628295723, 3138337.585344400722533 ], [ 458172.084711584378965, 3138338.517559717409313 ], [ 458171.997827825543936, 3138339.42788883112371 ], [ 458171.960951288579963, 3138340.309062252752483 ], [ 458171.992852950992528, 3138341.15266307676211 ], [ 458172.109990027558524, 3138341.949335323646665 ], [ 458172.325240723439492, 3138342.689114567358047 ], [ 458172.646940334583633, 3138343.361864553298801 ], [ 458173.078302816371433, 3138343.957792250439525 ], [ 458173.61727533780504, 3138344.468004681635648 ], [ 458174.256832324434072, 3138344.885064785368741 ], [ 458174.985674018564168, 3138345.203501103911549 ], [ 458175.789256657939404, 3138345.42022756068036 ], [ 458176.651050667278469, 3138345.534834898076952 ], [ 458177.5539027491468, 3138345.549724109005183 ], [ 458178.481369445391465, 3138345.470063685905188 ], [ 458179.418894429865759, 3138345.303565798792988 ], [ 458180.354719031369314, 3138345.060090485494584 ], [ 458181.280443583673332, 3138344.751100430265069 ], [ 458182.191193405305967, 3138344.389000852126628 ], [ 458183.085383959871251, 3138343.986408373340964 ], [ 458183.964121011027601, 3138343.555398824624717 ], [ 458184.83030927053187, 3138343.106786226388067 ], [ 458185.687573367264122, 3138342.649483537767082 ], [ 458186.539114878512919, 3138342.189990339335054 ], [ 458187.386636587383691, 3138341.732043870724738 ], [ 458188.229459222697187, 3138341.276458481326699 ], [ 458189.063937151338905, 3138340.821165498811752 ], [ 458189.883249567414168, 3138340.361451741307974 ], [ 458190.677605499804486, 3138339.890381475444883 ], [ 458191.434858148451895, 3138339.399374476633966 ], [ 458192.141480842896271, 3138338.878902864642441 ], [ 458192.783817589865066, 3138338.319262162782252 ], [ 458193.34948969387915, 3138337.711368009913713 ], [ 458193.828819552029017, 3138337.047529261559248 ], [ 458194.216125646373257, 3138336.322150755207986 ], [ 458194.510749940876849, 3138335.532324467785656 ], [ 458194.717699908302166, 3138334.678275614511222 ], [ 458194.847820510040037, 3138333.763639795128256 ], [ 458194.917453662201297, 3138332.795557813253254 ], [ 458194.947590180672705, 3138331.784585604444146 ], [ 458194.96256745402934, 3138330.744426991790533 ], [ 458194.988410578574985, 3138329.691506260074675 ], [ 458195.050951101467945, 3138328.644405212718993 ], [ 458195.173882274772041, 3138327.623195168562233 ], [ 458195.376920284586959, 3138326.64869812130928 ], [ 458195.674236044520512, 3138325.741712912917137 ], [ 458196.073302027711179, 3138324.922242016065866 ], [ 458196.574264875496738, 3138324.208752453327179 ], [ 458197.169910070253536, 3138323.617500942666084 ], [ 458197.846233731892426, 3138323.161948775872588 ], [ 458198.583583195926622, 3138322.852286654990166 ], [ 458199.358277305727825, 3138322.695083987899125 ], [ 458200.144573944446165, 3138322.693071350455284 ], [ 458200.916820259357337, 3138322.845059153623879 ], [ 458201.651603287318721, 3138323.145990232937038 ], [ 458202.329716985230334, 3138323.58711926266551 ], [ 458202.937776259146631, 3138324.156307666096836 ], [ 458203.469338244292885, 3138324.838419124018401 ], [ 458203.925433209165931, 3138325.615797942038625 ], [ 458204.314458317647222, 3138326.468810408376157 ], [ 458204.651442539237905, 3138327.376427933108062 ], [ 458204.956745353527367, 3138328.316830187570304 ], [ 458205.254300698812585, 3138329.268006662838161 ], [ 458205.569556544418447, 3138330.208336077164859 ], [ 458205.927286091609858, 3138331.117124810349196 ], [ 458206.349456712137908, 3138331.975087988190353 ], [ 458206.853336517408025, 3138332.764759929850698 ], [ 458207.449996566923801, 3138333.470824205782264 ], [ 458208.143331254541408, 3138334.080357435625046 ], [ 458208.929673613107298, 3138334.582984940614551 ], [ 458209.798030324513093, 3138334.970950240734965 ], [ 458210.730907785240561, 3138335.239103932864964 ], [ 458211.705650411080569, 3138335.384820479899645 ], [ 458212.696169862698298, 3138335.40785369137302 ], [ 458213.674912690592464, 3138335.310143102891743 ], [ 458214.614896603685338, 3138335.095583916176111 ], [ 458215.491643451270647, 3138334.769772792700678 ], [ 458216.284849971532822, 3138334.339740582741797 ], [ 458216.979663942474872, 3138333.813681283034384 ], [ 458217.567470918642357, 3138333.200684351380914 ], [ 458218.046141655242536, 3138332.51047525787726 ], [ 458218.419738431985024, 3138331.753167078830302 ], [ 458218.697725410398562, 3138330.939024339430034 ], [ 458218.893769727845211, 3138330.078239354304969 ], [ 458219.024252664821688, 3138329.180721122771502 ], [ 458219.106631245173048, 3138328.255897471215576 ], [ 458219.157798485306557, 3138327.312532433774322 ], [ 458219.192584901058581, 3138326.358562691137195 ], [ 458219.222525730961934, 3138325.400958923622966 ], [ 458219.254989707435016, 3138324.445619810372591 ], [ 458219.292729048989713, 3138323.49730777926743 ], [ 458219.333870221802499, 3138322.559636078309268 ], [ 458219.372324729163665, 3138321.635116024408489 ], [ 458219.398562438378576, 3138320.725271188654006 ], [ 458219.400659986713436, 3138319.830821756739169 ], [ 458219.365516128193121, 3138318.951937458012253 ], [ 458219.280116030364297, 3138318.088551591616124 ], [ 458219.132727985095698, 3138317.240722239948809 ], [ 458218.913928150373977, 3138316.409020306542516 ], [ 458218.61737019388238, 3138315.594918225426227 ], [ 458218.240244677232113, 3138314.801148754544556 ], [ 458217.783404752728529, 3138314.032000796869397 ], [ 458217.251167069480289, 3138313.293519242666662 ], [ 458216.650826587749179, 3138312.593578751198947 ], [ 458215.99194854835514, 3138311.941807253286242 ], [ 458215.285518016957212, 3138311.349343682639301 ], [ 458214.543035926006269, 3138310.828425545245409 ], [ 458213.775649955205154, 3138310.391814750153571 ], [ 458212.993399444152601, 3138310.052083717659116 ], [ 458212.204637144401204, 3138309.820797097869217 ], [ 458211.415668985049706, 3138309.707636315841228 ], [ 458210.630628576385789, 3138309.719523443840444 ], [ 458209.85157850838732, 3138309.859806676860899 ], [ 458209.078808122430928, 3138310.127571049612015 ], [ 458208.311279503395781, 3138310.517134643159807 ], [ 458207.547161563532427, 3138311.017782175913453 ], [ 458206.784387173363939, 3138311.613774941768497 ], [ 458206.021170492167585, 3138312.284659217577428 ], [ 458205.256430346576963, 3138313.005875592585653 ], [ 458204.49007944756886, 3138313.749650565907359 ], [ 458203.723156660154928, 3138314.486130769364536 ], [ 458202.957798386865761, 3138315.184700954705477 ], [ 458202.197063280560542, 3138315.815411025192589 ], [ 458201.444640008267015, 3138316.35042628692463 ], [ 458200.704479057865683, 3138316.765409814193845 ], [ 458199.980395571445115, 3138317.04074702039361 ], [ 458199.275690468668472, 3138317.162530367262661 ], [ 458198.592831937770825, 3138317.123236251063645 ], [ 458197.933229555084836, 3138316.922045617364347 ], [ 458197.297120203671511, 3138316.564783424139023 ], [ 458196.68357026996091, 3138316.063478004653007 ], [ 458196.090584132645745, 3138315.435567760374397 ], [ 458195.515296454599593, 3138314.702807409223169 ], [ 458194.954216730548069, 3138313.889947302173823 ], [ 458194.403489949356299, 3138313.023275424260646 ], [ 458193.859137589985039, 3138312.129121285863221 ], [ 458193.317248346516863, 3138311.232423194684088 ], [ 458192.77409726078622, 3138310.355455118231475 ], [ 458192.226184109167662, 3138309.516796877607703 ], [ 458191.670195362647064, 3138308.730612671468407 ], [ 458191.102907065767795, 3138308.0062793684192 ], [ 458190.521056828612927, 3138307.348379434552044 ], [ 458189.921220308577176, 3138306.757045896723866 ], [ 458189.299729996593669, 3138306.228620490990579 ], [ 458188.652671287301928, 3138305.75656319828704 ], [ 458187.975982801814098, 3138305.33253351226449 ], [ 458187.2656754735508, 3138304.947552362456918 ], [ 458186.518169296847191, 3138304.593149511609226 ], [ 458185.730729608505499, 3138304.262404697481543 ], [ 458184.901968300633598, 3138303.950801417697221 ], [ 458184.032361477147788, 3138303.656829132698476 ], [ 458183.124725594534539, 3138303.382291351445019 ], [ 458182.184590491349809, 3138303.132301707286388 ], [ 458181.220410773996264, 3138302.914975726511329 ], [ 458180.243566925171763, 3138302.740850431844592 ], [ 458179.268123662506696, 3138302.622085216455162 ] ] ] } },
{ "type": "Feature", "properties": { "id": 77, "area_ha": 0.015207188227834189 }, "geometry": { "type": "Polygon", "coordinates": [ [ [ 458264.837117486342322, 3138549.680008468683809 ], [ 458264.59276189369848, 3138549.652553204447031 ], [ 458264.348045366816223, 3138549.637871623039246 ], [ 458264.103799966163933, 3138549.636630927212536 ], [ 458263.860912127944175, 3138549.649418290238827 ], [ 458263.620306975673884, 3138549.676725359167904 ], [ 458263.382931745261885, 3138549.718934503849596 ], [ 458263.149738834763411, 3138549.776307242456824 ], [ 458262.921668996743392, 3138549.848975212313235 ], [ 458262.699635180761106, 3138549.936933977063745 ], [ 458262.484507504676003, 3138550.04003987647593 ], [ 458262.277099788829219, 3138550.158010027837008 ], [ 458262.078158028249163, 3138550.290425492450595 ], [ 458261.888351105153561, 3138550.436737527139485 ], [ 458261.708263963577338, 3138550.596276737749577 ], [ 458261.538393379247282, 3138550.768264864105731 ], [ 458261.379146366030909, 3138550.951828854158521 ], [ 458261.230841167911422, 3138551.14601680310443 ], [ 458261.093710697081406, 3138551.349815289024264 ], [ 458260.967908195743803, 3138551.562167598400265 ], [ 458260.853514824179001, 3138551.781992303673178 ], [ 458260.750548818497919, 3138552.00820166664198 ], [ 458260.658975809987169, 3138552.239719345234334 ], [ 458260.578719868091866, 3138552.475496916566044 ], [ 458260.50967481097905, 3138552.714528782758862 ], [ 458260.451715328381397, 3138552.955865080934018 ], [ 458260.404707480745856, 3138553.198622297495604 ], [ 458260.368518169212621, 3138553.441991373430938 ], [ 458260.343023220775649, 3138553.685243173036724 ], [ 458260.328113793744706, 3138553.927731286734343 ], [ 458260.323700877896044, 3138554.168892229907215 ], [ 458260.329717744898517, 3138554.408243189100176 ], [ 458260.346120285801589, 3138554.645377553533763 ], [ 458260.372885258926544, 3138554.879958536010236 ], [ 458260.410006554273423, 3138555.111711262259632 ], [ 458260.457489659369458, 3138555.340413732919842 ], [ 458260.515344583662227, 3138555.565887121018022 ], [ 458260.583577558456454, 3138555.787985848262906 ], [ 458260.662181879335549, 3138556.006587913725525 ], [ 458260.751128292060457, 3138556.221585898660123 ], [ 458260.850355342961848, 3138556.432879050262272 ], [ 458260.959760117286351, 3138556.640366785228252 ], [ 458261.079189777432475, 3138556.843943898100406 ], [ 458261.208434284373652, 3138557.043497666716576 ], [ 458261.347220642317552, 3138557.238906984683126 ], [ 458261.495208952226676, 3138557.430043536238372 ], [ 458261.651990493701305, 3138557.616774965077639 ], [ 458261.81708797957981, 3138557.798969880212098 ], [ 458261.989958047866821, 3138557.97650447068736 ], [ 458262.169995975040365, 3138558.149270420428365 ], [ 458262.356542510329746, 3138558.31718376185745 ], [ 458262.548892654653173, 3138558.48019424173981 ], [ 458262.746306135028135, 3138558.63829475780949 ], [ 458262.948019263218157, 3138558.791530393529683 ], [ 458263.153257815574761, 3138558.940006588120013 ], [ 458263.361250533780549, 3138559.083895997144282 ], [ 458263.571242822043132, 3138559.223443633876741 ], [ 458263.782510208489839, 3138559.358969933353364 ], [ 458263.99437114642933, 3138559.490871455986053 ], [ 458264.206198754312936, 3138559.619619016069919 ], [ 458264.417431129026227, 3138559.745753119233996 ], [ 458264.627579920634162, 3138559.869876679964364 ], [ 458264.836236914328765, 3138559.992645099759102 ], [ 458265.043078439426608, 3138560.114753866102546 ], [ 458265.247867498605046, 3138560.236923948395997 ], [ 458265.450453591882251, 3138560.359885334502906 ], [ 458265.650770289357752, 3138560.484359136782587 ], [ 458265.848830684379209, 3138560.611038758885115 ], [ 458266.044720928941388, 3138560.740570658817887 ], [ 458266.238592119771056, 3138560.873535274993628 ], [ 458266.430650852445979, 3138561.010428690817207 ], [ 458266.621148805308621, 3138561.151645611040294 ], [ 458266.810371738043614, 3138561.297464189119637 ], [ 458266.998628304281738, 3138561.448033201042563 ], [ 458267.186239071481396, 3138561.603362003806978 ], [ 458267.373526123701595, 3138561.763313631061465 ], [ 458267.560803590575233, 3138561.927601293195039 ], [ 458267.748369397479109, 3138562.095788449980319 ], [ 458267.936498477240093, 3138562.267292516771704 ], [ 458268.125437615148257, 3138562.441392156295478 ], [ 458268.315402029023971, 3138562.617237998638302 ], [ 458268.506573707796633, 3138562.793866534717381 ], [ 458268.699101457139477, 3138562.970216827932745 ], [ 458268.893102526199073, 3138563.145149601623416 ], [ 458269.088665620191023, 3138563.317468197550625 ], [ 458269.285855045483913, 3138563.485940840560943 ], [ 458269.484715680417139, 3138563.649323606397957 ], [ 458269.685278431861661, 3138563.806383474729955 ], [ 458269.887565811513923, 3138563.955920855049044 ], [ 458270.091597260092385, 3138564.096790985204279 ], [ 458270.297393854823895, 3138564.227923651691526 ], [ 458270.504982059937902, 3138564.348340734373778 ], [ 458270.714396217255853, 3138564.457171147689223 ], [ 458270.925679527688771, 3138564.553662844933569 ], [ 458271.138883336854633, 3138564.637191635090858 ], [ 458271.354064611834474, 3138564.707266676239669 ], [ 458271.571281576005276, 3138564.763532603159547 ], [ 458271.790587552008219, 3138564.805768357589841 ], [ 458272.012023147544824, 3138564.833882888313383 ], [ 458272.23560700006783, 3138564.847907982766628 ], [ 458272.461325370997656, 3138564.847988566383719 ], [ 458272.689120947907213, 3138564.834370893426239 ], [ 458272.918881266668905, 3138564.807389085646719 ], [ 458273.150427207699977, 3138564.767450529150665 ], [ 458273.383502043725457, 3138564.715020653791726 ], [ 458273.617761525383685, 3138564.65060761757195 ], [ 458273.85276548017282, 3138564.574747412465513 ], [ 458274.087971371714957, 3138564.487989858258516 ], [ 458274.322730220621452, 3138564.39088591793552 ], [ 458274.556285226077307, 3138564.283976691775024 ], [ 458274.787773351417854, 3138564.167784379795194 ], [ 458275.016230047156569, 3138564.042805419303477 ], [ 458275.240597188356332, 3138563.90950590511784 ], [ 458275.45973419904476, 3138563.768319325055927 ], [ 458275.672432230319828, 3138563.619646542705595 ], [ 458275.877431153610814, 3138563.463857871480286 ], [ 458276.07343902986031, 3138563.301297022029757 ], [ 458276.259153624705505, 3138563.132286615204066 ], [ 458276.433285457605962, 3138562.957134915050119 ], [ 458276.594581809011288, 3138562.776143388357013 ], [ 458276.741851059021428, 3138562.589614672586322 ], [ 458276.87398670281982, 3138562.397860522381961 ], [ 458276.989990378613584, 3138562.201209323480725 ], [ 458277.08899325481616, 3138562.000012768432498 ], [ 458277.170275156327989, 3138561.794651352800429 ], [ 458277.233280863205437, 3138561.585538372397423 ], [ 458277.277633085323032, 3138561.37312219850719 ], [ 458277.303141705400776, 3138561.15788665227592 ], [ 458277.309808985912241, 3138560.940349401440471 ], [ 458277.297830546507612, 3138560.7210583682172 ], [ 458277.267592039483134, 3138560.500586227048188 ], [ 458277.219661575742066, 3138560.279523150529712 ], [ 458277.15477807429852, 3138560.058468031696975 ], [ 458277.073835828108713, 3138559.838018475566059 ], [ 458276.977865690016188, 3138559.6187599087134 ], [ 458276.868013378581963, 3138559.401254188269377 ], [ 458276.745515488204546, 3138559.186028131749481 ], [ 458276.611673852428794, 3138558.973562375642359 ], [ 458276.467828954861034, 3138558.764280990231782 ], [ 458276.315333104110323, 3138558.558542237617075 ], [ 458276.155524093890563, 3138558.356630831491202 ], [ 458275.989700043923222, 3138558.158752002753317 ], [ 458275.819096079911105, 3138557.965027620084584 ], [ 458275.644863443332724, 3138557.775494535919279 ], [ 458275.468051545729395, 3138557.590105254668742 ], [ 458275.289593382680323, 3138557.408730938564986 ], [ 458275.110294616431929, 3138557.231166681740433 ], [ 458274.930826519557741, 3138557.057138903997838 ], [ 458274.751722848974168, 3138556.886314647272229 ], [ 458274.573380600370001, 3138556.718312474433333 ], [ 458274.396064470871352, 3138556.552714633755386 ], [ 458274.219914749555755, 3138556.389080093707889 ], [ 458274.044958252285141, 3138556.226958028506488 ], [ 458273.871121831762139, 3138556.065901320893317 ], [ 458273.698247922817245, 3138555.905479644890875 ], [ 458273.526111534098163, 3138555.745291718281806 ], [ 458273.354438063048292, 3138555.584976329933852 ], [ 458273.182921306404751, 3138555.424221811816096 ], [ 458273.011241046129726, 3138555.262773672584444 ], [ 458272.839079627010506, 3138555.100440174341202 ], [ 458272.666136991523672, 3138554.93709572404623 ], [ 458272.492143708921503, 3138554.772682017181069 ], [ 458272.316871618502773, 3138554.607206963468343 ], [ 458272.140141803422011, 3138554.440741498023272 ], [ 458271.961829714826308, 3138554.27341446839273 ], [ 458271.781867375655565, 3138554.105405842885375 ], [ 458271.600242701359093, 3138553.936938563361764 ], [ 458271.416996082523838, 3138553.768269398249686 ], [ 458271.23221447202377, 3138553.599679193925112 ], [ 458271.046023309405427, 3138553.431462945882231 ], [ 458270.858576691010967, 3138553.263920097611845 ], [ 458270.670046253944747, 3138553.097345489542931 ], [ 458270.480609283957165, 3138552.932021321263164 ], [ 458270.290436581301037, 3138552.768210481386632 ], [ 458270.099680621060543, 3138552.606151506304741 ], [ 458269.908464529027697, 3138552.446055399253964 ], [ 458269.716872357064858, 3138552.288104441948235 ], [ 458269.524941091949586, 3138552.132453055121005 ], [ 458269.332654759986326, 3138551.979230686090887 ], [ 458269.139940911147278, 3138551.828546614386141 ], [ 458268.946669672965072, 3138551.680496484506875 ], [ 458268.752655468240846, 3138551.535170305054635 ], [ 458268.557661388302222, 3138551.392661585938185 ], [ 458268.361406113952398, 3138551.253077232278883 ], [ 458268.163573178928345, 3138551.116547778714448 ], [ 458267.963822283432819, 3138550.983237519394606 ], [ 458267.761802286026068, 3138550.853354084771127 ], [ 458267.557165438134689, 3138550.727157018147409 ], [ 458267.349582376948092, 3138550.604964944068342 ], [ 458267.138757360633463, 3138550.487160949967802 ], [ 458266.924443216703366, 3138550.374195863958448 ], [ 458266.706455481529702, 3138550.26658917684108 ], [ 458266.484685231465846, 3138550.164927443955094 ], [ 458266.25911015010206, 3138550.069860074669123 ], [ 458266.029803433106281, 3138549.982092522550374 ], [ 458265.796940204512794, 3138549.902376971207559 ], [ 458265.560801201791037, 3138549.83150070393458 ], [ 458265.321773579285946, 3138549.770272435154766 ], [ 458265.080348775081802, 3138549.719506950583309 ], [ 458264.837117486342322, 3138549.680008468683809 ] ] ] } },
{ "type": "Feature", "properties": { "id": 78, "area_ha": 0.014119196873790282 }, "geometry": { "type": "Polygon", "coordinates": [ [ [ 458288.548035107203759, 3138567.046252721920609 ], [ 458288.25919103238266, 3138567.049820097628981 ], [ 458287.973823728447314, 3138567.065627097617835 ], [ 458287.694623859948479, 3138567.093635621480644 ], [ 458287.424021327868104, 3138567.133914116304368 ], [ 458287.164136373030487, 3138567.186626002192497 ], [ 458286.916741761611775, 3138567.252011987380683 ], [ 458286.683236795477569, 3138567.330367194022983 ], [ 458286.464633502415381, 3138567.422014211770147 ], [ 458286.261554974364117, 3138567.527273352257907 ], [ 458286.074245442869142, 3138567.64643147867173 ], [ 458285.902591328369454, 3138567.779710829257965 ], [ 458285.746152180188801, 3138567.927239259239286 ], [ 458285.604200146743096, 3138568.089023237582296 ], [ 458285.475766393181402, 3138568.264924830757082 ], [ 458285.359692715341225, 3138568.454643743112683 ], [ 458285.254686493484769, 3138568.657705259043723 ], [ 458285.15937708853744, 3138568.87345471419394 ], [ 458285.072371802874841, 3138569.101058831438422 ], [ 458284.992309611698147, 3138569.339514010585845 ], [ 458284.917911005904898, 3138569.587661354802549 ], [ 458284.848022478225175, 3138569.844207960180938 ], [ 458284.781654412741773, 3138570.107753740623593 ], [ 458284.718011402233969, 3138570.376822831574827 ], [ 458284.656514304631855, 3138570.649898435454816 ], [ 458284.596813651209231, 3138570.925459824036807 ], [ 458284.538794319960289, 3138571.202020130120218 ], [ 458284.482571685686707, 3138571.478163511026651 ], [ 458284.428479732829146, 3138571.752580290660262 ], [ 458284.377051871153526, 3138572.024098752997816 ], [ 458284.32899540825747, 3138572.291712391190231 ], [ 458284.285160812025424, 3138572.554601569194347 ], [ 458284.246507024683524, 3138572.81214878289029 ], [ 458284.214064174040686, 3138573.063946932088584 ], [ 458284.18889505934203, 3138573.309800297487527 ], [ 458284.172056774608791, 3138573.549718181136996 ], [ 458284.164563766913489, 3138573.783901459537446 ], [ 458284.167353523953352, 3138574.012722570914775 ], [ 458284.181255940289702, 3138574.236699711997062 ], [ 458284.206967237463687, 3138574.456466239411384 ], [ 458284.245029115641955, 3138574.672736471518874 ], [ 458284.295813599601388, 3138574.886269222013652 ], [ 458284.35951382224448, 3138575.09783048229292 ], [ 458284.4361407677643, 3138575.308156729210168 ], [ 458284.525525785400532, 3138575.51792029151693 ], [ 458284.627328491653316, 3138575.727698151953518 ], [ 458284.741049505828414, 3138575.937945424579084 ], [ 458284.866047322575469, 3138576.148974580224603 ], [ 458285.001558513846248, 3138576.360941259656101 ], [ 458285.146720378892496, 3138576.573837269563228 ], [ 458285.300595124717802, 3138576.787491079419851 ], [ 458285.462194656312931, 3138577.001575833186507 ], [ 458285.63050509482855, 3138577.215624599251896 ], [ 458285.804510206042323, 3138577.429052289575338 ], [ 458285.98321301949909, 3138577.641183408442885 ], [ 458286.165655037504621, 3138577.851284544914961 ], [ 458286.350932570698205, 3138578.058600321412086 ], [ 458286.538209884543903, 3138578.262391354888678 ], [ 458286.726728994224686, 3138578.461972678080201 ], [ 458286.915816096763592, 3138578.656751027796417 ], [ 458287.104884771222714, 3138578.846259415149689 ], [ 458287.293436206004117, 3138579.030187470372766 ], [ 458287.481056822231039, 3138579.208406188059598 ], [ 458287.667413747287355, 3138579.380985885392874 ], [ 458287.852248653420247, 3138579.548206413630396 ], [ 458288.035370506404433, 3138579.710558950901031 ], [ 458288.216647774563171, 3138579.868739005178213 ], [ 458288.396000621083658, 3138580.023630567826331 ], [ 458288.573393555707298, 3138580.176281714811921 ], [ 458288.7488289445173, 3138580.327872261870652 ], [ 458288.922341689118184, 3138580.479674397967756 ], [ 458289.093995277304202, 3138580.633007506839931 ], [ 458289.263879295671359, 3138580.789188633207232 ], [ 458289.432108377339318, 3138580.949480235110968 ], [ 458289.598822444153484, 3138581.115037027280778 ], [ 458289.764187999768183, 3138581.286853770725429 ], [ 458289.92840013874229, 3138581.46571590565145 ], [ 458290.09168486634735, 3138581.652154847513884 ], [ 458290.254301275068428, 3138581.84640966495499 ], [ 458290.41654310101876, 3138582.048396659549326 ], [ 458290.578739187621977, 3138582.257688140496612 ], [ 458290.741252415231429, 3138582.473501391708851 ], [ 458290.904476713913027, 3138582.694698505103588 ], [ 458291.068831860262435, 3138582.919797385577112 ], [ 458291.234755861805752, 3138583.146993880160153 ], [ 458291.402694855292793, 3138583.374194580130279 ], [ 458291.57309057819657, 3138583.599059499334544 ], [ 458291.746365610917564, 3138583.819053476676345 ], [ 458291.922906728752423, 3138584.031504836864769 ], [ 458292.103046831849497, 3138584.233669593464583 ], [ 458292.287046044366434, 3138584.422799249179661 ], [ 458292.475072671833914, 3138584.596210119780153 ], [ 458292.66718478378607, 3138584.751352028921247 ], [ 458292.863313234120142, 3138584.885874205268919 ], [ 458293.06324694812065, 3138584.997686298098415 ], [ 458293.26662128418684, 3138585.08501256396994 ], [ 458293.472910222830251, 3138585.146437471732497 ], [ 458293.681423045170959, 3138585.180941262282431 ], [ 458293.89130604028469, 3138585.187924304977059 ], [ 458294.101549625804182, 3138585.167219454888254 ], [ 458294.311001090391073, 3138585.119092009961605 ], [ 458294.518382967333309, 3138585.044227270409465 ], [ 458294.722316840779968, 3138584.943706108722836 ], [ 458294.921352171222679, 3138584.818969350773841 ], [ 458295.113999516994227, 3138584.671772154048085 ], [ 458295.298767328844406, 3138584.50412987312302 ], [ 458295.474201317294501, 3138584.318257216829807 ], [ 458295.63892523891991, 3138584.116502691060305 ], [ 458295.791681831877213, 3138583.901280502323061 ], [ 458295.931372553051915, 3138583.67500215722248 ], [ 458296.05709473695606, 3138583.440010015387088 ], [ 458296.168174811871722, 3138583.198514963965863 ], [ 458296.264196272357367, 3138582.952540252357721 ], [ 458296.345021221030038, 3138582.703873300924897 ], [ 458296.410804452141747, 3138582.454027017578483 ], [ 458296.461999251856469, 3138582.20421183668077 ], [ 458296.499354329949711, 3138581.955319311469793 ], [ 458296.523901567794383, 3138581.707917691674083 ], [ 458296.536934558476787, 3138581.462259515188634 ], [ 458296.539978220651392, 3138581.218300802633166 ], [ 458296.534750072343741, 3138580.975731063634157 ], [ 458296.523114049923606, 3138580.734012931585312 ], [ 458296.507028037856799, 3138580.492429921403527 ], [ 458296.488486523565371, 3138580.250140506308526 ], [ 458296.46946000616299, 3138580.00623650662601 ], [ 458296.451832950988319, 3138579.759803620167077 ], [ 458296.437342195538804, 3138579.509981848765165 ], [ 458296.427517763630021, 3138579.256023583002388 ], [ 458296.423628035234287, 3138578.997347183991224 ], [ 458296.426631143665873, 3138578.733584051486105 ], [ 458296.437134337087628, 3138578.46461739949882 ], [ 458296.455362838692963, 3138578.190611243247986 ], [ 458296.481139490904752, 3138577.912028444930911 ], [ 458296.513876161770895, 3138577.629637036472559 ], [ 458296.552577552734874, 3138577.344504466280341 ], [ 458296.595857672800776, 3138577.057979813311249 ], [ 458296.641968854470178, 3138576.77166445646435 ], [ 458296.688842789444607, 3138576.487372080795467 ], [ 458296.734142674307805, 3138576.207079281564802 ], [ 458296.775325184455141, 3138575.932868371251971 ], [ 458296.809710657747928, 3138575.666864258702844 ], [ 458296.834559574839659, 3138575.411167510785162 ], [ 458296.847153181850445, 3138575.16778582893312 ], [ 458296.844875923998188, 3138574.938566272612661 ], [ 458296.825297250295989, 3138574.725130525883287 ], [ 458296.786250314849894, 3138574.528815440367907 ], [ 458296.725905143131968, 3138574.35062091704458 ], [ 458296.642833951453213, 3138574.191166956909001 ], [ 458296.536066499480512, 3138574.050661424640566 ], [ 458296.40513361984631, 3138573.928879720624536 ], [ 458296.250097391020972, 3138573.825157165061682 ], [ 458296.071566797676496, 3138573.738394502084702 ], [ 458295.870698140293825, 3138573.667076484765857 ], [ 458295.649179901578464, 3138573.609303089324385 ], [ 458295.409202240000013, 3138573.562832498457283 ], [ 458295.153411742998287, 3138573.525134600233287 ], [ 458294.884852520131972, 3138573.493453424889594 ], [ 458294.606895139033441, 3138573.464876641985029 ], [ 458294.323155285324901, 3138573.436410031747073 ], [ 458294.037404354370665, 3138573.405054669361562 ], [ 458293.75347444525687, 3138573.367884507868439 ], [ 458293.475160415866412, 3138573.322122016455978 ], [ 458293.206121768860612, 3138573.265209623146802 ], [ 458292.949787166086026, 3138573.194874847307801 ], [ 458292.709264310600702, 3138573.109187230002135 ], [ 458292.487257796281483, 3138573.006605435162783 ], [ 458292.285997305414639, 3138572.886013234499842 ], [ 458292.107178242993541, 3138572.746743441093713 ], [ 458291.951916540157981, 3138572.588589250575751 ], [ 458291.820718950475566, 3138572.411802867427468 ], [ 458291.713469714391977, 3138572.217081671580672 ], [ 458291.629433989117388, 3138572.005542599130422 ], [ 458291.567277955182362, 3138571.778685752302408 ], [ 458291.525105022999924, 3138571.53834858443588 ], [ 458291.500507097807713, 3138571.28665228607133 ], [ 458291.490629424282815, 3138571.0259422021918 ], [ 458291.492247141897678, 3138570.758724266663194 ], [ 458291.501851352222729, 3138570.487599524669349 ], [ 458291.515742230811156, 3138570.215198820456862 ], [ 458291.530126528639812, 3138569.944119663909078 ], [ 458291.541216699348297, 3138569.676867179106921 ], [ 458291.545328860520385, 3138569.415800822433084 ], [ 458291.538976858835667, 3138569.163088349625468 ], [ 458291.518959846522193, 3138568.920668188948184 ], [ 458291.482440994528588, 3138568.690221086610109 ], [ 458291.427015253109857, 3138568.473151523154229 ], [ 458291.350764416041784, 3138568.270579065661877 ], [ 458291.25229814008344, 3138568.08333945274353 ], [ 458291.130780000297818, 3138567.911994887050241 ], [ 458290.985938115569297, 3138567.756852700375021 ], [ 458290.818060337507632, 3138567.61799127003178 ], [ 458290.627974452392664, 3138567.495291869156063 ], [ 458290.417014276783448, 3138567.388474931009114 ], [ 458290.186972928582691, 3138567.2971391226165 ], [ 458289.940044910297729, 3138567.220801555551589 ], [ 458289.678758937865496, 3138567.158937480300665 ], [ 458289.405903683276847, 3138567.111017890274525 ], [ 458289.124448762333486, 3138567.076543583068997 ], [ 458288.837463385949377, 3138567.055074417032301 ], [ 458288.548035107203759, 3138567.046252721920609 ] ] ] } },
{ "type": "Feature", "properties": { "id": 79, "area_ha": 0.0057687689785263395 }, "geometry": { "type": "Polygon", "coordinates": [ [ [ 458364.51880027068546, 3138908.049466372933239 ], [ 458364.385795559268445, 3138908.115026934072375 ], [ 458364.251561278535519, 3138908.188206757418811 ], [ 458364.116821430739947, 3138908.268392352387309 ], [ 458363.982335169217549, 3138908.35497056087479 ], [ 458363.848880969919264, 3138908.447337366174906 ], [ 458363.717240252939519, 3138908.544905865564942 ], [ 458363.588180909282528, 3138908.647113307844847 ], [ 458363.46244118938921, 3138908.753427129704505 ], [ 458363.340714393765666, 3138908.863349954597652 ], [ 458363.223634780326393, 3138908.976423542480916 ], [ 458363.111765063891653, 3138909.092231711372733 ], [ 458363.00558583100792, 3138909.210402257740498 ], [ 458362.90548713656608, 3138909.330607943236828 ], [ 458362.811762479774188, 3138909.452566609717906 ], [ 458362.72460528666852, 3138909.576040503568947 ], [ 458362.644107952015474, 3138909.700834902003407 ], [ 458362.570263418601826, 3138909.826796121895313 ], [ 458362.502969199151266, 3138909.953809010796249 ], [ 458362.44203367823502, 3138910.081794001627713 ], [ 458362.387184469553176, 3138910.210703812539577 ], [ 458362.33807854889892, 3138910.340519872494042 ], [ 458362.294313840102404, 3138910.47124853823334 ], [ 458362.25544189743232, 3138910.60291716363281 ], [ 458362.22098130453378, 3138910.735570075921714 ], [ 458362.190431402879767, 3138910.869264508131891 ], [ 458362.163285961782094, 3138911.004066524561495 ], [ 458362.139046418189537, 3138911.140046985819936 ], [ 458362.117234338482376, 3138911.277277582790703 ], [ 458362.097402788349427, 3138911.415826974436641 ], [ 458362.079146341711748, 3138911.555757073685527 ], [ 458362.062109507503919, 3138911.697119512129575 ], [ 458362.045993410923984, 3138911.839952326379716 ], [ 458362.030560620245524, 3138911.984276913572103 ], [ 458362.015638074139133, 3138912.130095306318253 ], [ 458362.001118118292652, 3138912.277387815061957 ], [ 458361.986957720480859, 3138912.4261110923253 ], [ 458361.973175981023815, 3138912.57619667891413 ], [ 458361.959850103303324, 3138912.727550082374364 ], [ 458361.947110026841983, 3138912.880050434265286 ], [ 458361.935131955426186, 3138913.033550779800862 ], [ 458361.924131034000311, 3138913.187879022210836 ], [ 458361.914353440282866, 3138913.342839553020895 ], [ 458361.906068159616552, 3138913.498215573374182 ], [ 458361.899558706150856, 3138913.653772093821317 ], [ 458361.895115037157666, 3138913.809259586036205 ], [ 458361.893025887780823, 3138913.964418239425868 ], [ 458361.893571722263005, 3138914.118982741143554 ], [ 458361.8970184669015, 3138914.272687498945743 ], [ 458361.903612150985282, 3138914.425272181630135 ], [ 458361.913574543141294, 3138914.576487448997796 ], [ 458361.927099831111263, 3138914.726100720930845 ], [ 458361.944352352817077, 3138914.873901820275933 ], [ 458361.965465350891463, 3138915.019708315376192 ], [ 458361.990540688449983, 3138915.163370392750949 ], [ 458362.019649435766041, 3138915.30477507552132 ], [ 458362.052833213296253, 3138915.443849622737616 ], [ 458362.090106160321739, 3138915.580563959665596 ], [ 458362.131457386596594, 3138915.714931989554316 ], [ 458362.176853759388905, 3138915.84701169282198 ], [ 458362.226242882257793, 3138915.976903911679983 ], [ 458362.279556125868112, 3138916.1047497917898 ], [ 458362.336711588606704, 3138916.23072685720399 ], [ 458362.397616877045948, 3138916.355043755378574 ], [ 458362.462171621562447, 3138916.477933748625219 ], [ 458362.530269661394414, 3138916.59964705677703 ], [ 458362.601800860720687, 3138916.720442219637334 ], [ 458362.676652539230417, 3138916.840576664078981 ], [ 458362.754710525041446, 3138916.96029670489952 ], [ 458362.83585985773243, 3138917.079827237874269 ], [ 458362.919985187880229, 3138917.199361406266689 ], [ 458363.006970932998229, 3138917.319050524383783 ], [ 458363.096701259433758, 3138917.43899456737563 ], [ 458363.189059965370689, 3138917.559233517386019 ], [ 458363.28393033897737, 3138917.679739852901548 ], [ 458363.381195062887855, 3138917.800412445794791 ], [ 458363.480736225901637, 3138917.921072097495198 ], [ 458363.582435491029173, 3138918.041458912659436 ], [ 458363.686174452246632, 3138918.161231660749763 ], [ 458363.791835195268504, 3138918.279969223309308 ], [ 458363.89930105797248, 3138918.397174174431711 ], [ 458364.008457565505523, 3138918.512278475333005 ], [ 458364.119193498219829, 3138918.62465120665729 ], [ 458364.231402031728067, 3138918.733608209062368 ], [ 458364.344981875037774, 3138918.838423429522663 ], [ 458364.459838322538417, 3138918.938341733533889 ], [ 458364.575884127931204, 3138919.032592883799225 ], [ 458364.693040108424611, 3138919.120406353846192 ], [ 458364.811235389614012, 3138919.201026609167457 ], [ 458364.930407211068086, 3138919.273728468455374 ], [ 458365.050500226032455, 3138919.337832150049508 ], [ 458365.171465246472508, 3138919.392717602197081 ], [ 458365.293257408484351, 3138919.437837742269039 ], [ 458365.415833755629137, 3138919.47273023892194 ], [ 458365.539150268246885, 3138919.49702751589939 ], [ 458365.663158393115737, 3138919.510464699938893 ], [ 458365.787801156984642, 3138919.512885289266706 ], [ 458365.913008974108379, 3138919.504244377370924 ], [ 458366.038695282361005, 3138919.484609332401305 ], [ 458366.164752162527293, 3138919.454157916363329 ], [ 458366.291046111029573, 3138919.413173876702785 ], [ 458366.417414145311341, 3138919.362040133681148 ], [ 458366.543660425872076, 3138919.301229747477919 ], [ 458366.669553573068697, 3138919.231294908095151 ], [ 458366.794824846670963, 3138919.152854253537953 ], [ 458366.919167338928673, 3138919.066578864119947 ], [ 458367.042236304376274, 3138918.973177324514836 ], [ 458367.163650721719023, 3138918.87338025867939 ], [ 458367.282996143039782, 3138918.767924766521901 ], [ 458367.399828848312609, 3138918.657539192121476 ], [ 458367.513681276701391, 3138918.542928630486131 ], [ 458367.624068663280923, 3138918.424761564470828 ], [ 458367.730496763077099, 3138918.303657987620682 ], [ 458367.832470502937213, 3138918.180179311428219 ], [ 458367.929503360588569, 3138918.054820314515382 ], [ 458368.021127236017492, 3138917.928003311157227 ], [ 458368.106902552361134, 3138917.800074662081897 ], [ 458368.186428301269189, 3138917.67130366852507 ], [ 458368.259351736865938, 3138917.541883819270879 ], [ 458368.325377419125289, 3138917.411936296150088 ], [ 458368.384275313466787, 3138917.281515557318926 ], [ 458368.435887672007084, 3138917.150616777129471 ], [ 458368.480134446348529, 3138917.019184846896678 ], [ 458368.517017018632032, 3138916.887124610133469 ], [ 458368.546620080887806, 3138916.754311954602599 ], [ 458368.569111543067265, 3138916.620605384930968 ], [ 458368.584740405844059, 3138916.48585765901953 ], [ 458368.59383259533206, 3138916.349927100352943 ], [ 458368.596784816705622, 3138916.212688200641423 ], [ 458368.594056546455249, 3138916.074041155166924 ], [ 458368.586160341626965, 3138915.933920017443597 ], [ 458368.573650699225254, 3138915.792299204971641 ], [ 458368.5571117491927, 3138915.649198148399591 ], [ 458368.537144103669561, 3138915.504683935083449 ], [ 458368.514351218473166, 3138915.358871878124774 ], [ 458368.489325643924531, 3138915.211923994123936 ], [ 458368.462635550065897, 3138915.064045467413962 ], [ 458368.434811912302393, 3138914.915479224640876 ], [ 458368.406336725747678, 3138914.766498825978488 ], [ 458368.377632592862938, 3138914.617399919778109 ], [ 458368.34905398945557, 3138914.468490574974567 ], [ 458368.320880468236282, 3138914.320080825127661 ], [ 458368.293312001100276, 3138914.17247180454433 ], [ 458368.266466598841362, 3138914.02594485366717 ], [ 458368.240380277391523, 3138913.880750993266702 ], [ 458368.215009368723258, 3138913.737101141363382 ], [ 458368.19023510243278, 3138913.595157431904227 ], [ 458368.16587031231029, 3138913.455025964882225 ], [ 458368.141668056079652, 3138913.316751259379089 ], [ 458368.117331877409015, 3138913.18031264655292 ], [ 458368.092527384054847, 3138913.045622763223946 ], [ 458368.066894776711706, 3138912.912528245244175 ], [ 458368.040061930543743, 3138912.780812658835202 ], [ 458368.01165761356242, 3138912.650201624259353 ], [ 458367.981324421707541, 3138912.520370023790747 ], [ 458367.948731017357204, 3138912.390951120294631 ], [ 458367.913583282264881, 3138912.261547350790352 ], [ 458367.875634028110653, 3138912.131742503028363 ], [ 458367.834690955933183, 3138912.001114943530411 ], [ 458367.790622611530125, 3138911.869251522701234 ], [ 458367.743362149456516, 3138911.735761773306876 ], [ 458367.692908788274508, 3138911.600291990209371 ], [ 458367.639326918288134, 3138911.462538790423423 ], [ 458367.582742896920536, 3138911.322261766530573 ], [ 458367.523339645471424, 3138911.179294865112752 ], [ 458367.461349233402871, 3138911.033556155860424 ], [ 458367.397043703473173, 3138910.885055711492896 ], [ 458367.330724450410344, 3138910.733901363797486 ], [ 458367.262710515642539, 3138910.580302156042308 ], [ 458367.193326197273564, 3138910.424569389782846 ], [ 458367.122888399928343, 3138910.267115221824497 ], [ 458367.051694160327315, 3138910.108448827173561 ], [ 458366.980008780374192, 3138909.949170229956508 ], [ 458366.908054982603062, 3138909.789961946196854 ], [ 458366.836003471864387, 3138909.631578649859875 ], [ 458366.763965242542326, 3138909.474835126195103 ], [ 458366.691985917161219, 3138909.320592809934169 ], [ 458366.620042334834579, 3138909.169745249208063 ], [ 458366.548041538510006, 3138909.02320284768939 ], [ 458366.475822231557686, 3138908.881877265870571 ], [ 458366.403158692701254, 3138908.746665847022086 ], [ 458366.329767060815357, 3138908.618436438962817 ], [ 458366.255313821602613, 3138908.498012955766171 ], [ 458366.179426255461294, 3138908.386161999776959 ], [ 458366.101704541651998, 3138908.283580832649022 ], [ 458366.021735157351941, 3138908.190886930562556 ], [ 458365.93910516530741, 3138908.108609326649457 ], [ 458365.85341695335228, 3138908.03718187706545 ], [ 458365.764302969793789, 3138907.976938547566533 ], [ 458365.67143999558175, 3138907.928110754583031 ], [ 458365.574562505760696, 3138907.890826745890081 ], [ 458365.473474696860649, 3138907.865112950094044 ], [ 458365.368060795648489, 3138907.850897195283324 ], [ 458365.258293315710034, 3138907.848013629205525 ], [ 458365.1442389889271, 3138907.856209165416658 ], [ 458365.026062168064527, 3138907.875151232350618 ], [ 458364.904025574796833, 3138907.904436596669257 ], [ 458364.778488343639765, 3138907.94360100151971 ], [ 458364.649901398108341, 3138907.992129378952086 ], [ 458364.51880027068546, 3138908.049466372933239 ] ] ] } }
]
}
