# real point-cloud mesh: ground + 2 building(s), 21967 triangles
v -12.375 -12.375 33.997 0.5373 0.5098 0.3176
v -12.125 -12.375 33.996 0.5373 0.5098 0.3176
v -11.875 -12.375 34.007 0.5373 0.5098 0.3176
v -11.625 -12.375 34.026 0.5373 0.5098 0.3176
v -11.375 -12.375 34.019 0.5373 0.5098 0.3176
v -11.125 -12.375 34.034 0.5373 0.5098 0.3176
v -10.875 -12.375 34.028 0.5373 0.5098 0.3176
v -10.625 -12.375 34.037 0.5373 0.5098 0.3176
v -10.375 -12.375 34.028 0.5373 0.5098 0.3176
v -10.125 -12.375 34.028 0.5373 0.5098 0.3176
v -9.875 -12.375 34.052 0.5373 0.5098 0.3176
v -9.625 -12.375 34.057 0.5373 0.5098 0.3176
v -9.375 -12.375 34.057 0.5373 0.5098 0.3176
v -9.125 -12.375 34.062 0.5373 0.5098 0.3176
v -8.875 -12.375 34.062 0.5373 0.5098 0.3176
v -8.625 -12.375 34.055 0.5373 0.5098 0.3176
v -8.375 -12.375 34.068 0.5373 0.5098 0.3176
v -8.125 -12.375 34.061 0.5373 0.5098 0.3176
v -7.875 -12.375 34.068 0.5373 0.5098 0.3176
v -7.625 -12.375 34.068 0.5373 0.5098 0.3176
v -7.375 -12.375 34.080 0.5373 0.5098 0.3176
v -7.125 -12.375 34.080 0.5373 0.5098 0.3176
v -6.875 -12.375 34.080 0.5373 0.5098 0.3176
v -6.625 -12.375 34.087 0.5373 0.5098 0.3176
v -6.375 -12.375 34.092 0.5373 0.5098 0.3176
v -6.125 -12.375 34.107 0.5373 0.5098 0.3176
v -5.875 -12.375 34.086 0.5373 0.5098 0.3176
v -5.625 -12.375 34.086 0.5373 0.5098 0.3176
v -5.375 -12.375 34.095 0.5373 0.5098 0.3176
v -5.125 -12.375 34.095 0.5373 0.5098 0.3176
v -4.875 -12.375 34.095 0.5373 0.5098 0.3176
v -4.625 -12.375 34.086 0.5373 0.5098 0.3176
v -4.375 -12.375 34.086 0.5373 0.5098 0.3176
v -4.125 -12.375 34.094 0.5373 0.5098 0.3176
v -3.875 -12.375 34.103 0.5373 0.5098 0.3176
v -3.625 -12.375 34.092 0.5373 0.5098 0.3176
v -3.375 -12.375 34.110 0.5373 0.5098 0.3176
v -3.125 -12.375 34.110 0.5373 0.5098 0.3176
v -2.875 -12.375 34.110 0.5373 0.5098 0.3176
v -2.625 -12.375 34.098 0.5373 0.5098 0.3176
v -2.375 -12.375 34.077 0.5373 0.5098 0.3176
v -2.125 -12.375 34.089 0.5373 0.5098 0.3176
v -1.875 -12.375 34.092 0.5373 0.5098 0.3176
v -1.625 -12.375 34.065 0.5373 0.5098 0.3176
v -1.375 -12.375 34.093 0.5373 0.5098 0.3176
v -1.125 -12.375 34.077 0.5373 0.5098 0.3176
v -0.875 -12.375 34.084 0.5373 0.5098 0.3176
v -0.625 -12.375 34.061 0.5373 0.5098 0.3176
v -0.375 -12.375 34.052 0.5373 0.5098 0.3176
v -0.125 -12.375 34.077 0.5373 0.5098 0.3176
v 0.125 -12.375 34.077 0.5373 0.5098 0.3176
v 0.375 -12.375 34.066 0.5373 0.5098 0.3176
v 0.625 -12.375 34.092 0.5373 0.5098 0.3176
v 0.875 -12.375 34.110 0.5373 0.5098 0.3176
v 1.125 -12.375 34.110 0.5373 0.5098 0.3176
v 1.375 -12.375 34.110 0.5373 0.5098 0.3176
v 1.625 -12.375 34.217 0.5373 0.5098 0.3176
v 1.875 -12.375 34.217 0.5373 0.5098 0.3176
v 2.125 -12.375 34.217 0.5373 0.5098 0.3176
v 2.375 -12.375 34.217 0.5373 0.5098 0.3176
v 2.625 -12.375 34.217 0.5373 0.5098 0.3176
v 2.875 -12.375 34.226 0.5373 0.5098 0.3176
v 3.125 -12.375 34.269 0.5373 0.5098 0.3176
v 3.375 -12.375 34.269 0.5373 0.5098 0.3176
v 3.625 -12.375 34.269 0.5373 0.5098 0.3176
v 3.875 -12.375 34.269 0.5373 0.5098 0.3176
v 4.125 -12.375 34.269 0.5373 0.5098 0.3176
v 4.375 -12.375 34.269 0.5373 0.5098 0.3176
v 4.625 -12.375 34.269 0.5373 0.5098 0.3176
v 4.875 -12.375 34.269 0.5373 0.5098 0.3176
v 5.125 -12.375 34.269 0.5373 0.5098 0.3176
v 5.375 -12.375 34.269 0.5373 0.5098 0.3176
v 5.625 -12.375 34.269 0.5373 0.5098 0.3176
v 5.875 -12.375 34.269 0.5373 0.5098 0.3176
v 6.125 -12.375 34.269 0.5373 0.5098 0.3176
v 6.375 -12.375 34.269 0.5373 0.5098 0.3176
v 6.625 -12.375 34.269 0.5373 0.5098 0.3176
v 6.875 -12.375 34.269 0.5373 0.5098 0.3176
v 7.125 -12.375 34.269 0.5373 0.5098 0.3176
v 7.375 -12.375 34.269 0.5373 0.5098 0.3176
v 7.625 -12.375 34.269 0.5373 0.5098 0.3176
v 7.875 -12.375 34.269 0.5373 0.5098 0.3176
v 8.125 -12.375 34.269 0.5373 0.5098 0.3176
v 8.375 -12.375 34.269 0.5373 0.5098 0.3176
v 8.625 -12.375 34.269 0.5373 0.5098 0.3176
v 8.875 -12.375 34.269 0.5373 0.5098 0.3176
v 9.125 -12.375 34.269 0.5373 0.5098 0.3176
v 9.375 -12.375 34.269 0.5373 0.5098 0.3176
v 9.625 -12.375 34.269 0.5373 0.5098 0.3176
v 9.875 -12.375 34.269 0.5373 0.5098 0.3176
v 10.125 -12.375 34.269 0.5373 0.5098 0.3176
v 10.375 -12.375 34.260 0.5373 0.5098 0.3176
v 10.625 -12.375 34.260 0.5373 0.5098 0.3176
v 10.875 -12.375 34.260 0.5373 0.5098 0.3176
v 11.125 -12.375 34.260 0.5373 0.5098 0.3176
v 11.375 -12.375 34.260 0.5373 0.5098 0.3176
v 11.625 -12.375 34.260 0.5373 0.5098 0.3176
v 11.875 -12.375 34.260 0.5373 0.5098 0.3176
v 12.125 -12.375 34.260 0.5373 0.5098 0.3176
v 12.375 -12.375 34.260 0.5373 0.5098 0.3176
v -12.375 -12.125 33.995 0.5373 0.5098 0.3176
v -12.125 -12.125 33.994 0.5373 0.5098 0.3176
v -11.875 -12.125 34.007 0.5373 0.5098 0.3176
v -11.625 -12.125 34.005 0.5373 0.5098 0.3176
v -11.375 -12.125 33.991 0.5373 0.5098 0.3176
v -11.125 -12.125 33.997 0.5373 0.5098 0.3176
v -10.875 -12.125 34.009 0.5373 0.5098 0.3176
v -10.625 -12.125 34.016 0.5373 0.5098 0.3176
v -10.375 -12.125 34.016 0.5373 0.5098 0.3176
v -10.125 -12.125 34.014 0.5373 0.5098 0.3176
v -9.875 -12.125 34.026 0.5373 0.5098 0.3176
v -9.625 -12.125 34.043 0.5373 0.5098 0.3176
v -9.375 -12.125 34.031 0.5373 0.5098 0.3176
v -9.125 -12.125 34.045 0.5373 0.5098 0.3176
v -8.875 -12.125 34.052 0.5373 0.5098 0.3176
v -8.625 -12.125 34.055 0.5373 0.5098 0.3176
v -8.375 -12.125 34.059 0.5373 0.5098 0.3176
v -8.125 -12.125 34.061 0.5373 0.5098 0.3176
v -7.875 -12.125 34.068 0.5373 0.5098 0.3176
v -7.625 -12.125 34.056 0.5373 0.5098 0.3176
v -7.375 -12.125 34.055 0.5373 0.5098 0.3176
v -7.125 -12.125 34.073 0.5373 0.5098 0.3176
v -6.875 -12.125 34.080 0.5373 0.5098 0.3176
v -6.625 -12.125 34.083 0.5373 0.5098 0.3176
v -6.375 -12.125 34.087 0.5373 0.5098 0.3176
v -6.125 -12.125 34.087 0.5373 0.5098 0.3176
v -5.875 -12.125 34.092 0.5373 0.5098 0.3176
v -5.625 -12.125 34.095 0.5373 0.5098 0.3176
v -5.375 -12.125 34.093 0.5373 0.5098 0.3176
v -5.125 -12.125 34.101 0.5373 0.5098 0.3176
v -4.875 -12.125 34.101 0.5373 0.5098 0.3176
v -4.625 -12.125 34.101 0.5373 0.5098 0.3176
v -4.375 -12.125 34.094 0.5373 0.5098 0.3176
v -4.125 -12.125 34.094 0.5373 0.5098 0.3176
v -3.875 -12.125 34.103 0.5373 0.5098 0.3176
v -3.625 -12.125 34.092 0.5373 0.5098 0.3176
v -3.375 -12.125 34.098 0.5373 0.5098 0.3176
v -3.125 -12.125 34.107 0.5373 0.5098 0.3176
v -2.875 -12.125 34.104 0.5373 0.5098 0.3176
v -2.625 -12.125 34.109 0.5373 0.5098 0.3176
v -2.375 -12.125 34.109 0.5373 0.5098 0.3176
v -2.125 -12.125 34.095 0.5373 0.5098 0.3176
v -1.875 -12.125 34.089 0.5373 0.5098 0.3176
v -1.625 -12.125 34.083 0.5373 0.5098 0.3176
v -1.375 -12.125 34.082 0.5373 0.5098 0.3176
v -1.125 -12.125 34.046 0.5373 0.5098 0.3176
v -0.875 -12.125 34.063 0.5373 0.5098 0.3176
v -0.625 -12.125 34.063 0.5373 0.5098 0.3176
v -0.375 -12.125 34.048 0.5373 0.5098 0.3176
v -0.125 -12.125 34.028 0.5373 0.5098 0.3176
v 0.125 -12.125 34.061 0.5373 0.5098 0.3176
v 0.375 -12.125 34.061 0.5373 0.5098 0.3176
v 0.625 -12.125 34.037 0.5373 0.5098 0.3176
v 0.875 -12.125 34.037 0.5373 0.5098 0.3176
v 1.125 -12.125 34.110 0.5373 0.5098 0.3176
v 1.375 -12.125 34.110 0.5373 0.5098 0.3176
v 1.625 -12.125 34.217 0.5373 0.5098 0.3176
v 1.875 -12.125 34.217 0.5373 0.5098 0.3176
v 2.125 -12.125 34.217 0.5373 0.5098 0.3176
v 2.375 -12.125 34.217 0.5373 0.5098 0.3176
v 2.625 -12.125 34.226 0.5373 0.5098 0.3176
v 2.875 -12.125 34.226 0.5373 0.5098 0.3176
v 3.125 -12.125 34.269 0.5373 0.5098 0.3176
v 3.375 -12.125 34.269 0.5373 0.5098 0.3176
v 3.625 -12.125 34.269 0.5373 0.5098 0.3176
v 3.875 -12.125 34.269 0.5373 0.5098 0.3176
v 4.125 -12.125 34.269 0.5373 0.5098 0.3176
v 4.375 -12.125 34.269 0.5373 0.5098 0.3176
v 4.625 -12.125 34.269 0.5373 0.5098 0.3176
v 4.875 -12.125 34.269 0.5373 0.5098 0.3176
v 5.125 -12.125 34.269 0.5373 0.5098 0.3176
v 5.375 -12.125 34.269 0.5373 0.5098 0.3176
v 5.625 -12.125 34.269 0.5373 0.5098 0.3176
v 5.875 -12.125 34.269 0.5373 0.5098 0.3176
v 6.125 -12.125 34.269 0.5373 0.5098 0.3176
v 6.375 -12.125 34.269 0.5373 0.5098 0.3176
v 6.625 -12.125 34.269 0.5373 0.5098 0.3176
v 6.875 -12.125 34.269 0.5373 0.5098 0.3176
v 7.125 -12.125 34.269 0.5373 0.5098 0.3176
v 7.375 -12.125 34.269 0.5373 0.5098 0.3176
v 7.625 -12.125 34.033 0.5373 0.5098 0.3176
v 7.875 -12.125 34.269 0.5373 0.5098 0.3176
v 8.125 -12.125 34.269 0.5373 0.5098 0.3176
v 8.375 -12.125 34.269 0.5373 0.5098 0.3176
v 8.625 -12.125 34.269 0.5373 0.5098 0.3176
v 8.875 -12.125 34.269 0.5373 0.5098 0.3176
v 9.125 -12.125 34.269 0.5373 0.5098 0.3176
v 9.375 -12.125 34.269 0.5373 0.5098 0.3176
v 9.625 -12.125 34.269 0.5373 0.5098 0.3176
v 9.875 -12.125 34.269 0.5373 0.5098 0.3176
v 10.125 -12.125 34.269 0.5373 0.5098 0.3176
v 10.375 -12.125 34.269 0.5373 0.5098 0.3176
v 10.625 -12.125 34.269 0.5373 0.5098 0.3176
v 10.875 -12.125 34.260 0.5373 0.5098 0.3176
v 11.125 -12.125 34.260 0.5373 0.5098 0.3176
v 11.375 -12.125 34.260 0.5373 0.5098 0.3176
v 11.625 -12.125 34.260 0.5373 0.5098 0.3176
v 11.875 -12.125 34.260 0.5373 0.5098 0.3176
v 12.125 -12.125 34.260 0.5373 0.5098 0.3176
v 12.375 -12.125 34.260 0.5373 0.5098 0.3176
v -12.375 -11.875 33.967 0.5373 0.5098 0.3176
v -12.125 -11.875 33.991 0.5373 0.5098 0.3176
v -11.875 -11.875 33.990 0.5373 0.5098 0.3176
v -11.625 -11.875 33.979 0.5373 0.5098 0.3176
v -11.375 -11.875 33.985 0.5373 0.5098 0.3176
v -11.125 -11.875 33.985 0.5373 0.5098 0.3176
v -10.875 -11.875 33.995 0.5373 0.5098 0.3176
v -10.625 -11.875 33.997 0.5373 0.5098 0.3176
v -10.375 -11.875 34.010 0.5373 0.5098 0.3176
v -10.125 -11.875 33.994 0.5373 0.5098 0.3176
v -9.875 -11.875 34.028 0.5373 0.5098 0.3176
v -9.625 -11.875 34.031 0.5373 0.5098 0.3176
v -9.375 -11.875 34.034 0.5373 0.5098 0.3176
v -9.125 -11.875 34.037 0.5373 0.5098 0.3176
v -8.875 -11.875 34.037 0.5373 0.5098 0.3176
v -8.625 -11.875 34.037 0.5373 0.5098 0.3176
v -8.375 -11.875 34.037 0.5373 0.5098 0.3176
v -8.125 -11.875 34.058 0.5373 0.5098 0.3176
v -7.875 -11.875 34.063 0.5373 0.5098 0.3176
v -7.625 -11.875 34.074 0.5373 0.5098 0.3176
v -7.375 -11.875 34.055 0.5373 0.5098 0.3176
v -7.125 -11.875 34.078 0.5373 0.5098 0.3176
v -6.875 -11.875 34.072 0.5373 0.5098 0.3176
v -6.625 -11.875 34.067 0.5373 0.5098 0.3176
v -6.375 -11.875 34.080 0.5373 0.5098 0.3176
v -6.125 -11.875 34.089 0.5373 0.5098 0.3176
v -5.875 -11.875 34.081 0.5373 0.5098 0.3176
v -5.625 -11.875 34.077 0.5373 0.5098 0.3176
v -5.375 -11.875 34.093 0.5373 0.5098 0.3176
v -5.125 -11.875 34.113 0.5373 0.5098 0.3176
v -4.875 -11.875 34.107 0.5373 0.5098 0.3176
v -4.625 -11.875 34.107 0.5373 0.5098 0.3176
v -4.375 -11.875 34.107 0.5373 0.5098 0.3176
v -4.125 -11.875 34.086 0.5373 0.5098 0.3176
v -3.875 -11.875 34.077 0.5373 0.5098 0.3176
v -3.625 -11.875 34.077 0.5373 0.5098 0.3176
v -3.375 -11.875 34.077 0.5373 0.5098 0.3176
v -3.125 -11.875 34.093 0.5373 0.5098 0.3176
v -2.875 -11.875 34.093 0.5373 0.5098 0.3176
v -2.625 -11.875 34.065 0.5373 0.5098 0.3176
v -2.375 -11.875 34.055 0.5373 0.5098 0.3176
v -2.125 -11.875 34.055 0.5373 0.5098 0.3176
v -1.875 -11.875 34.089 0.5373 0.5098 0.3176
v -1.625 -11.875 34.089 0.5373 0.5098 0.3176
v -1.375 -11.875 34.080 0.5373 0.5098 0.3176
v -1.125 -11.875 34.058 0.5373 0.5098 0.3176
v -0.875 -11.875 34.058 0.5373 0.5098 0.3176
v -0.625 -11.875 34.058 0.5373 0.5098 0.3176
v -0.375 -11.875 34.037 0.5373 0.5098 0.3176
v -0.125 -11.875 34.046 0.5373 0.5098 0.3176
v 0.125 -11.875 34.042 0.5373 0.5098 0.3176
v 0.375 -11.875 34.042 0.5373 0.5098 0.3176
v 0.625 -11.875 34.080 0.5373 0.5098 0.3176
v 0.875 -11.875 34.058 0.5373 0.5098 0.3176
v 1.125 -11.875 34.058 0.5373 0.5098 0.3176
v 1.375 -11.875 34.235 0.5373 0.5098 0.3176
v 1.625 -11.875 34.235 0.5373 0.5098 0.3176
v 1.875 -11.875 34.217 0.5373 0.5098 0.3176
v 2.125 -11.875 34.217 0.5373 0.5098 0.3176
v 2.375 -11.875 34.217 0.5373 0.5098 0.3176
v 2.625 -11.875 34.226 0.5373 0.5098 0.3176
v 2.875 -11.875 34.226 0.5373 0.5098 0.3176
v 3.125 -11.875 34.269 0.5373 0.5098 0.3176
v 3.375 -11.875 34.269 0.5373 0.5098 0.3176
v 3.625 -11.875 34.269 0.5373 0.5098 0.3176
v 3.875 -11.875 34.269 0.5373 0.5098 0.3176
v 4.125 -11.875 34.269 0.5373 0.5098 0.3176
v 4.375 -11.875 34.269 0.5373 0.5098 0.3176
v 4.625 -11.875 34.269 0.5373 0.5098 0.3176
v 4.875 -11.875 34.269 0.5373 0.5098 0.3176
v 5.125 -11.875 34.269 0.5373 0.5098 0.3176
v 5.375 -11.875 34.269 0.5373 0.5098 0.3176
v 5.625 -11.875 34.269 0.5373 0.5098 0.3176
v 5.875 -11.875 34.269 0.5373 0.5098 0.3176
v 6.125 -11.875 34.269 0.5373 0.5098 0.3176
v 6.375 -11.875 34.269 0.5373 0.5098 0.3176
v 6.625 -11.875 34.269 0.5373 0.5098 0.3176
v 6.875 -11.875 34.269 0.5373 0.5098 0.3176
v 7.125 -11.875 34.269 0.5373 0.5098 0.3176
v 7.375 -11.875 34.033 0.5373 0.5098 0.3176
v 7.625 -11.875 34.033 0.5373 0.5098 0.3176
v 7.875 -11.875 34.025 0.5373 0.5098 0.3176
v 8.125 -11.875 34.269 0.5373 0.5098 0.3176
v 8.375 -11.875 34.269 0.5373 0.5098 0.3176
v 8.625 -11.875 34.269 0.5373 0.5098 0.3176
v 8.875 -11.875 34.269 0.5373 0.5098 0.3176
v 9.125 -11.875 34.269 0.5373 0.5098 0.3176
v 9.375 -11.875 34.269 0.5373 0.5098 0.3176
v 9.625 -11.875 34.269 0.5373 0.5098 0.3176
v 9.875 -11.875 34.269 0.5373 0.5098 0.3176
v 10.125 -11.875 34.269 0.5373 0.5098 0.3176
v 10.375 -11.875 34.269 0.5373 0.5098 0.3176
v 10.625 -11.875 34.269 0.5373 0.5098 0.3176
v 10.875 -11.875 34.269 0.5373 0.5098 0.3176
v 11.125 -11.875 34.269 0.5373 0.5098 0.3176
v 11.375 -11.875 34.260 0.5373 0.5098 0.3176
v 11.625 -11.875 34.260 0.5373 0.5098 0.3176
v 11.875 -11.875 34.260 0.5373 0.5098 0.3176
v 12.125 -11.875 34.260 0.5373 0.5098 0.3176
v 12.375 -11.875 34.260 0.5373 0.5098 0.3176
v -12.375 -11.625 33.967 0.5373 0.5098 0.3176
v -12.125 -11.625 33.940 0.5373 0.5098 0.3176
v -11.875 -11.625 33.949 0.5373 0.5098 0.3176
v -11.625 -11.625 33.949 0.5373 0.5098 0.3176
v -11.375 -11.625 33.958 0.5373 0.5098 0.3176
v -11.125 -11.625 33.979 0.5373 0.5098 0.3176
v -10.875 -11.625 33.979 0.5373 0.5098 0.3176
v -10.625 -11.625 33.979 0.5373 0.5098 0.3176
v -10.375 -11.625 33.988 0.5373 0.5098 0.3176
v -10.125 -11.625 33.988 0.5373 0.5098 0.3176
v -9.875 -11.625 33.996 0.5373 0.5098 0.3176
v -9.625 -11.625 34.016 0.5373 0.5098 0.3176
v -9.375 -11.625 34.019 0.5373 0.5098 0.3176
v -9.125 -11.625 34.013 0.5373 0.5098 0.3176
v -8.875 -11.625 34.016 0.5373 0.5098 0.3176
v -8.625 -11.625 34.037 0.5373 0.5098 0.3176
v -8.375 -11.625 34.036 0.5373 0.5098 0.3176
v -8.125 -11.625 34.036 0.5373 0.5098 0.3176
v -7.875 -11.625 34.037 0.5373 0.5098 0.3176
v -7.625 -11.625 34.046 0.5373 0.5098 0.3176
v -7.375 -11.625 34.034 0.5373 0.5098 0.3176
v -7.125 -11.625 34.058 0.5373 0.5098 0.3176
v -6.875 -11.625 34.058 0.5373 0.5098 0.3176
v -6.625 -11.625 34.052 0.5373 0.5098 0.3176
v -6.375 -11.625 34.060 0.5373 0.5098 0.3176
v -6.125 -11.625 34.065 0.5373 0.5098 0.3176
v -5.875 -11.625 34.071 0.5373 0.5098 0.3176
v -5.625 -11.625 34.083 0.5373 0.5098 0.3176
v -5.375 -11.625 34.079 0.5373 0.5098 0.3176
v -5.125 -11.625 34.086 0.5373 0.5098 0.3176
v -4.875 -11.625 34.083 0.5373 0.5098 0.3176
v -4.625 -11.625 34.083 0.5373 0.5098 0.3176
v -4.375 -11.625 34.077 0.5373 0.5098 0.3176
v -4.125 -11.625 34.089 0.5373 0.5098 0.3176
v -3.875 -11.625 34.089 0.5373 0.5098 0.3176
v -3.625 -11.625 34.092 0.5373 0.5098 0.3176
v -3.375 -11.625 34.092 0.5373 0.5098 0.3176
v -3.125 -11.625 34.092 0.5373 0.5098 0.3176
v -2.875 -11.625 34.079 0.5373 0.5098 0.3176
v -2.625 -11.625 34.079 0.5373 0.5098 0.3176
v -2.375 -11.625 34.069 0.5373 0.5098 0.3176
v -2.125 -11.625 34.058 0.5373 0.5098 0.3176
v -1.875 -11.625 34.025 0.5373 0.5098 0.3176
v -1.625 -11.625 34.043 0.5373 0.5098 0.3176
v -1.375 -11.625 34.046 0.5373 0.5098 0.3176
v -1.125 -11.625 34.036 0.5373 0.5098 0.3176
v -0.875 -11.625 34.013 0.5373 0.5098 0.3176
v -0.625 -11.625 34.049 0.5373 0.5098 0.3176
v -0.375 -11.625 34.039 0.5373 0.5098 0.3176
v -0.125 -11.625 34.028 0.5373 0.5098 0.3176
v 0.125 -11.625 34.031 0.5373 0.5098 0.3176
v 0.375 -11.625 34.037 0.5373 0.5098 0.3176
v 0.625 -11.625 34.061 0.5373 0.5098 0.3176
v 0.875 -11.625 34.061 0.5373 0.5098 0.3176
v 1.125 -11.625 34.058 0.5373 0.5098 0.3176
v 1.375 -11.625 34.235 0.5373 0.5098 0.3176
v 1.625 -11.625 34.235 0.5373 0.5098 0.3176
v 1.875 -11.625 34.235 0.5373 0.5098 0.3176
v 2.125 -11.625 34.244 0.5373 0.5098 0.3176
v 2.375 -11.625 34.225 0.5373 0.5098 0.3176
v 2.625 -11.625 34.226 0.5373 0.5098 0.3176
v 2.875 -11.625 34.226 0.5373 0.5098 0.3176
v 3.125 -11.625 34.269 0.5373 0.5098 0.3176
v 3.375 -11.625 34.269 0.5373 0.5098 0.3176
v 3.625 -11.625 34.269 0.5373 0.5098 0.3176
v 3.875 -11.625 34.269 0.5373 0.5098 0.3176
v 4.125 -11.625 34.269 0.5373 0.5098 0.3176
v 4.375 -11.625 34.269 0.5373 0.5098 0.3176
v 4.625 -11.625 34.269 0.5373 0.5098 0.3176
v 4.875 -11.625 34.269 0.5373 0.5098 0.3176
v 5.125 -11.625 34.269 0.5373 0.5098 0.3176
v 5.375 -11.625 34.269 0.5373 0.5098 0.3176
v 5.625 -11.625 34.269 0.5373 0.5098 0.3176
v 5.875 -11.625 34.269 0.5373 0.5098 0.3176
v 6.125 -11.625 34.269 0.5373 0.5098 0.3176
v 6.375 -11.625 34.269 0.5373 0.5098 0.3176
v 6.625 -11.625 34.202 0.5373 0.5098 0.3176
v 6.875 -11.625 34.202 0.5373 0.5098 0.3176
v 7.125 -11.625 34.202 0.5373 0.5098 0.3176
v 7.375 -11.625 34.033 0.5373 0.5098 0.3176
v 7.625 -11.625 34.033 0.5373 0.5098 0.3176
v 7.875 -11.625 34.025 0.5373 0.5098 0.3176
v 8.125 -11.625 34.025 0.5373 0.5098 0.3176
v 8.375 -11.625 34.269 0.5373 0.5098 0.3176
v 8.625 -11.625 34.269 0.5373 0.5098 0.3176
v 8.875 -11.625 34.269 0.5373 0.5098 0.3176
v 9.125 -11.625 34.269 0.5373 0.5098 0.3176
v 9.375 -11.625 34.269 0.5373 0.5098 0.3176
v 9.625 -11.625 34.269 0.5373 0.5098 0.3176
v 9.875 -11.625 34.269 0.5373 0.5098 0.3176
v 10.125 -11.625 34.269 0.5373 0.5098 0.3176
v 10.375 -11.625 34.269 0.5373 0.5098 0.3176
v 10.625 -11.625 34.269 0.5373 0.5098 0.3176
v 10.875 -11.625 34.269 0.5373 0.5098 0.3176
v 11.125 -11.625 34.269 0.5373 0.5098 0.3176
v 11.375 -11.625 34.269 0.5373 0.5098 0.3176
v 11.625 -11.625 34.269 0.5373 0.5098 0.3176
v 11.875 -11.625 34.260 0.5373 0.5098 0.3176
v 12.125 -11.625 34.260 0.5373 0.5098 0.3176
v 12.375 -11.625 34.260 0.5373 0.5098 0.3176
v -12.375 -11.375 33.924 0.5373 0.5098 0.3176
v -12.125 -11.375 33.924 0.5373 0.5098 0.3176
v -11.875 -11.375 33.921 0.5373 0.5098 0.3176
v -11.625 -11.375 33.921 0.5373 0.5098 0.3176
v -11.375 -11.375 33.912 0.5373 0.5098 0.3176
v -11.125 -11.375 33.964 0.5373 0.5098 0.3176
v -10.875 -11.375 33.943 0.5373 0.5098 0.3176
v -10.625 -11.375 33.952 0.5373 0.5098 0.3176
v -10.375 -11.375 33.937 0.5373 0.5098 0.3176
v -10.125 -11.375 33.958 0.5373 0.5098 0.3176
v -9.875 -11.375 33.958 0.5373 0.5098 0.3176
v -9.625 -11.375 33.991 0.5373 0.5098 0.3176
v -9.375 -11.375 33.991 0.5373 0.5098 0.3176
v -9.125 -11.375 34.013 0.5373 0.5098 0.3176
v -8.875 -11.375 34.011 0.5373 0.5098 0.3176
v -8.625 -11.375 34.011 0.5373 0.5098 0.3176
v -8.375 -11.375 34.010 0.5373 0.5098 0.3176
v -8.125 -11.375 34.016 0.5373 0.5098 0.3176
v -7.875 -11.375 34.026 0.5373 0.5098 0.3176
v -7.625 -11.375 34.040 0.5373 0.5098 0.3176
v -7.375 -11.375 34.028 0.5373 0.5098 0.3176
v -7.125 -11.375 34.046 0.5373 0.5098 0.3176
v -6.875 -11.375 34.046 0.5373 0.5098 0.3176
v -6.625 -11.375 34.037 0.5373 0.5098 0.3176
v -6.375 -11.375 34.046 0.5373 0.5098 0.3176
v -6.125 -11.375 34.043 0.5373 0.5098 0.3176
v -5.875 -11.375 34.058 0.5373 0.5098 0.3176
v -5.625 -11.375 34.058 0.5373 0.5098 0.3176
v -5.375 -11.375 34.071 0.5373 0.5098 0.3176
v -5.125 -11.375 34.071 0.5373 0.5098 0.3176
v -4.875 -11.375 34.083 0.5373 0.5098 0.3176
v -4.625 -11.375 34.077 0.5373 0.5098 0.3176
v -4.375 -11.375 34.077 0.5373 0.5098 0.3176
v -4.125 -11.375 34.104 0.5373 0.5098 0.3176
v -3.875 -11.375 34.100 0.5373 0.5098 0.3176
v -3.625 -11.375 34.086 0.5373 0.5098 0.3176
v -3.375 -11.375 34.077 0.5373 0.5098 0.3176
v -3.125 -11.375 34.077 0.5373 0.5098 0.3176
v -2.875 -11.375 34.058 0.5373 0.5098 0.3176
v -2.625 -11.375 34.058 0.5373 0.5098 0.3176
v -2.375 -11.375 34.065 0.5373 0.5098 0.3176
v -2.125 -11.375 34.060 0.5373 0.5098 0.3176
v -1.875 -11.375 34.060 0.5373 0.5098 0.3176
v -1.625 -11.375 34.040 0.5373 0.5098 0.3176
v -1.375 -11.375 34.033 0.5373 0.5098 0.3176
v -1.125 -11.375 34.017 0.5373 0.5098 0.3176
v -0.875 -11.375 34.022 0.5373 0.5098 0.3176
v -0.625 -11.375 34.016 0.5373 0.5098 0.3176
v -0.375 -11.375 34.023 0.5373 0.5098 0.3176
v -0.125 -11.375 34.007 0.5373 0.5098 0.3176
v 0.125 -11.375 34.023 0.5373 0.5098 0.3176
v 0.375 -11.375 34.037 0.5373 0.5098 0.3176
v 0.625 -11.375 34.100 0.5373 0.5098 0.3176
v 0.875 -11.375 34.100 0.5373 0.5098 0.3176
v 1.125 -11.375 34.214 0.5373 0.5098 0.3176
v 1.375 -11.375 34.217 0.5373 0.5098 0.3176
v 1.625 -11.375 34.235 0.5373 0.5098 0.3176
v 1.875 -11.375 34.250 0.5373 0.5098 0.3176
v 2.125 -11.375 34.244 0.5373 0.5098 0.3176
v 2.375 -11.375 34.225 0.5373 0.5098 0.3176
v 2.625 -11.375 34.217 0.5373 0.5098 0.3176
v 2.875 -11.375 34.275 0.5373 0.5098 0.3176
v 3.125 -11.375 34.275 0.5373 0.5098 0.3176
v 3.375 -11.375 34.269 0.5373 0.5098 0.3176
v 3.625 -11.375 34.269 0.5373 0.5098 0.3176
v 3.875 -11.375 34.269 0.5373 0.5098 0.3176
v 4.125 -11.375 34.269 0.5373 0.5098 0.3176
v 4.375 -11.375 34.269 0.5373 0.5098 0.3176
v 4.625 -11.375 34.269 0.5373 0.5098 0.3176
v 4.875 -11.375 34.269 0.5373 0.5098 0.3176
v 5.125 -11.375 34.269 0.5373 0.5098 0.3176
v 5.375 -11.375 34.202 0.5373 0.5098 0.3176
v 5.625 -11.375 34.202 0.5373 0.5098 0.3176
v 5.875 -11.375 34.202 0.5373 0.5098 0.3176
v 6.125 -11.375 34.202 0.5373 0.5098 0.3176
v 6.375 -11.375 34.202 0.5373 0.5098 0.3176
v 6.625 -11.375 34.202 0.5373 0.5098 0.3176
v 6.875 -11.375 34.077 0.5373 0.5098 0.3176
v 7.125 -11.375 34.025 0.5373 0.5098 0.3176
v 7.375 -11.375 34.033 0.5373 0.5098 0.3176
v 7.625 -11.375 34.033 0.5373 0.5098 0.3176
v 7.875 -11.375 34.025 0.5373 0.5098 0.3176
v 8.125 -11.375 34.025 0.5373 0.5098 0.3176
v 8.375 -11.375 34.269 0.5373 0.5098 0.3176
v 8.625 -11.375 34.269 0.5373 0.5098 0.3176
v 8.875 -11.375 34.269 0.5373 0.5098 0.3176
v 9.125 -11.375 34.269 0.5373 0.5098 0.3176
v 9.375 -11.375 34.269 0.5373 0.5098 0.3176
v 9.625 -11.375 34.269 0.5373 0.5098 0.3176
v 9.875 -11.375 34.269 0.5373 0.5098 0.3176
v 10.125 -11.375 34.269 0.5373 0.5098 0.3176
v 10.375 -11.375 34.269 0.5373 0.5098 0.3176
v 10.625 -11.375 34.269 0.5373 0.5098 0.3176
v 10.875 -11.375 34.269 0.5373 0.5098 0.3176
v 11.125 -11.375 34.269 0.5373 0.5098 0.3176
v 11.375 -11.375 34.269 0.5373 0.5098 0.3176
v 11.625 -11.375 34.269 0.5373 0.5098 0.3176
v 11.875 -11.375 34.269 0.5373 0.5098 0.3176
v 12.125 -11.375 34.269 0.5373 0.5098 0.3176
v 12.375 -11.375 34.260 0.5373 0.5098 0.3176
v -12.375 -11.125 33.876 0.5373 0.5098 0.3176
v -12.125 -11.125 33.898 0.5373 0.5098 0.3176
v -11.875 -11.125 33.898 0.5373 0.5098 0.3176
v -11.625 -11.125 33.891 0.5373 0.5098 0.3176
v -11.375 -11.125 33.891 0.5373 0.5098 0.3176
v -11.125 -11.125 33.927 0.5373 0.5098 0.3176
v -10.875 -11.125 33.921 0.5373 0.5098 0.3176
v -10.625 -11.125 33.909 0.5373 0.5098 0.3176
v -10.375 -11.125 33.921 0.5373 0.5098 0.3176
v -10.125 -11.125 33.944 0.5373 0.5098 0.3176
v -9.875 -11.125 33.955 0.5373 0.5098 0.3176
v -9.625 -11.125 33.962 0.5373 0.5098 0.3176
v -9.375 -11.125 33.955 0.5373 0.5098 0.3176
v -9.125 -11.125 33.988 0.5373 0.5098 0.3176
v -8.875 -11.125 33.988 0.5373 0.5098 0.3176
v -8.625 -11.125 33.970 0.5373 0.5098 0.3176
v -8.375 -11.125 34.010 0.5373 0.5098 0.3176
v -8.125 -11.125 34.016 0.5373 0.5098 0.3176
v -7.875 -11.125 34.026 0.5373 0.5098 0.3176
v -7.625 -11.125 34.040 0.5373 0.5098 0.3176
v -7.375 -11.125 34.028 0.5373 0.5098 0.3176
v -7.125 -11.125 34.025 0.5373 0.5098 0.3176
v -6.875 -11.125 34.034 0.5373 0.5098 0.3176
v -6.625 -11.125 34.034 0.5373 0.5098 0.3176
v -6.375 -11.125 34.034 0.5373 0.5098 0.3176
v -6.125 -11.125 34.034 0.5373 0.5098 0.3176
v -5.875 -11.125 34.034 0.5373 0.5098 0.3176
v -5.625 -11.125 34.040 0.5373 0.5098 0.3176
v -5.375 -11.125 34.055 0.5373 0.5098 0.3176
v -5.125 -11.125 34.055 0.5373 0.5098 0.3176
v -4.875 -11.125 34.055 0.5373 0.5098 0.3176
v -4.625 -11.125 34.077 0.5373 0.5098 0.3176
v -4.375 -11.125 34.077 0.5373 0.5098 0.3176
v -4.125 -11.125 34.104 0.5373 0.5098 0.3176
v -3.875 -11.125 34.100 0.5373 0.5098 0.3176
v -3.625 -11.125 34.086 0.5373 0.5098 0.3176
v -3.375 -11.125 34.077 0.5373 0.5098 0.3176
v -3.125 -11.125 34.055 0.5373 0.5098 0.3176
v -2.875 -11.125 34.025 0.5373 0.5098 0.3176
v -2.625 -11.125 34.025 0.5373 0.5098 0.3176
v -2.375 -11.125 34.016 0.5373 0.5098 0.3176
v -2.125 -11.125 34.007 0.5373 0.5098 0.3176
v -1.875 -11.125 33.994 0.5373 0.5098 0.3176
v -1.625 -11.125 33.994 0.5373 0.5098 0.3176
v -1.375 -11.125 34.033 0.5373 0.5098 0.3176
v -1.125 -11.125 34.013 0.5373 0.5098 0.3176
v -0.875 -11.125 34.013 0.5373 0.5098 0.3176
v -0.625 -11.125 34.001 0.5373 0.5098 0.3176
v -0.375 -11.125 34.007 0.5373 0.5098 0.3176
v -0.125 -11.125 34.010 0.5373 0.5098 0.3176
v 0.125 -11.125 34.022 0.5373 0.5098 0.3176
v 0.375 -11.125 34.055 0.5373 0.5098 0.3176
v 0.625 -11.125 34.141 0.5373 0.5098 0.3176
v 0.875 -11.125 34.141 0.5373 0.5098 0.3176
v 1.125 -11.125 34.214 0.5373 0.5098 0.3176
v 1.375 -11.125 34.217 0.5373 0.5098 0.3176
v 1.625 -11.125 34.217 0.5373 0.5098 0.3176
v 1.875 -11.125 34.250 0.5373 0.5098 0.3176
v 2.125 -11.125 34.217 0.5373 0.5098 0.3176
v 2.375 -11.125 34.241 0.5373 0.5098 0.3176
v 2.625 -11.125 34.250 0.5373 0.5098 0.3176
v 2.875 -11.125 34.250 0.5373 0.5098 0.3176
v 3.125 -11.125 34.263 0.5373 0.5098 0.3176
v 3.375 -11.125 34.263 0.5373 0.5098 0.3176
v 3.625 -11.125 34.263 0.5373 0.5098 0.3176
v 3.875 -11.125 34.263 0.5373 0.5098 0.3176
v 4.125 -11.125 34.263 0.5373 0.5098 0.3176
v 4.375 -11.125 34.263 0.5373 0.5098 0.3176
v 4.625 -11.125 34.202 0.5373 0.5098 0.3176
v 4.875 -11.125 34.202 0.5373 0.5098 0.3176
v 5.125 -11.125 34.202 0.5373 0.5098 0.3176
v 5.375 -11.125 34.202 0.5373 0.5098 0.3176
v 5.625 -11.125 34.202 0.5373 0.5098 0.3176
v 5.875 -11.125 34.202 0.5373 0.5098 0.3176
v 6.125 -11.125 34.202 0.5373 0.5098 0.3176
v 6.375 -11.125 34.077 0.5373 0.5098 0.3176
v 6.625 -11.125 34.077 0.5373 0.5098 0.3176
v 6.875 -11.125 34.077 0.5373 0.5098 0.3176
v 7.125 -11.125 34.025 0.5373 0.5098 0.3176
v 7.375 -11.125 34.033 0.5373 0.5098 0.3176
v 7.625 -11.125 34.033 0.5373 0.5098 0.3176
v 7.875 -11.125 34.025 0.5373 0.5098 0.3176
v 8.125 -11.125 34.025 0.5373 0.5098 0.3176
v 8.375 -11.125 34.025 0.5373 0.5098 0.3176
v 8.625 -11.125 34.269 0.5373 0.5098 0.3176
v 8.875 -11.125 34.269 0.5373 0.5098 0.3176
v 9.125 -11.125 34.269 0.5373 0.5098 0.3176
v 9.375 -11.125 34.269 0.5373 0.5098 0.3176
v 9.625 -11.125 34.269 0.5373 0.5098 0.3176
v 9.875 -11.125 34.269 0.5373 0.5098 0.3176
v 10.125 -11.125 34.269 0.5373 0.5098 0.3176
v 10.375 -11.125 34.269 0.5373 0.5098 0.3176
v 10.625 -11.125 34.269 0.5373 0.5098 0.3176
v 10.875 -11.125 34.269 0.5373 0.5098 0.3176
v 11.125 -11.125 34.269 0.5373 0.5098 0.3176
v 11.375 -11.125 34.269 0.5373 0.5098 0.3176
v 11.625 -11.125 34.269 0.5373 0.5098 0.3176
v 11.875 -11.125 34.269 0.5373 0.5098 0.3176
v 12.125 -11.125 34.269 0.5373 0.5098 0.3176
v 12.375 -11.125 34.269 0.5373 0.5098 0.3176
v -12.375 -10.875 33.876 0.5373 0.5098 0.3176
v -12.125 -10.875 33.876 0.5373 0.5098 0.3176
v -11.875 -10.875 33.897 0.5373 0.5098 0.3176
v -11.625 -10.875 33.885 0.5373 0.5098 0.3176
v -11.375 -10.875 33.885 0.5373 0.5098 0.3176
v -11.125 -10.875 33.885 0.5373 0.5098 0.3176
v -10.875 -10.875 33.888 0.5373 0.5098 0.3176
v -10.625 -10.875 33.897 0.5373 0.5098 0.3176
v -10.375 -10.875 33.903 0.5373 0.5098 0.3176
v -10.125 -10.875 33.903 0.5373 0.5098 0.3176
v -9.875 -10.875 33.921 0.5373 0.5098 0.3176
v -9.625 -10.875 33.912 0.5373 0.5098 0.3176
v -9.375 -10.875 33.909 0.5373 0.5098 0.3176
v -9.125 -10.875 33.939 0.5373 0.5098 0.3176
v -8.875 -10.875 33.952 0.5373 0.5098 0.3176
v -8.625 -10.875 33.970 0.5373 0.5098 0.3176
v -8.375 -10.875 33.973 0.5373 0.5098 0.3176
v -8.125 -10.875 33.980 0.5373 0.5098 0.3176
v -7.875 -10.875 33.985 0.5373 0.5098 0.3176
v -7.625 -10.875 33.993 0.5373 0.5098 0.3176
v -7.375 -10.875 33.994 0.5373 0.5098 0.3176
v -7.125 -10.875 34.010 0.5373 0.5098 0.3176
v -6.875 -10.875 34.023 0.5373 0.5098 0.3176
v -6.625 -10.875 34.023 0.5373 0.5098 0.3176
v -6.375 -10.875 34.023 0.5373 0.5098 0.3176
v -6.125 -10.875 34.034 0.5373 0.5098 0.3176
v -5.875 -10.875 34.040 0.5373 0.5098 0.3176
v -5.625 -10.875 34.040 0.5373 0.5098 0.3176
v -5.375 -10.875 34.046 0.5373 0.5098 0.3176
v -5.125 -10.875 34.054 0.5373 0.5098 0.3176
v -4.875 -10.875 34.034 0.5373 0.5098 0.3176
v -4.625 -10.875 34.071 0.5373 0.5098 0.3176
v -4.375 -10.875 34.071 0.5373 0.5098 0.3176
v -4.125 -10.875 34.071 0.5373 0.5098 0.3176
v -3.875 -10.875 34.100 0.5373 0.5098 0.3176
v -3.625 -10.875 34.086 0.5373 0.5098 0.3176
v -3.375 -10.875 34.055 0.5373 0.5098 0.3176
v -3.125 -10.875 34.055 0.5373 0.5098 0.3176
v -2.875 -10.875 34.046 0.5373 0.5098 0.3176
v -2.625 -10.875 34.020 0.5373 0.5098 0.3176
v -2.375 -10.875 34.020 0.5373 0.5098 0.3176
v -2.125 -10.875 33.994 0.5373 0.5098 0.3176
v -1.875 -10.875 34.001 0.5373 0.5098 0.3176
v -1.625 -10.875 33.993 0.5373 0.5098 0.3176
v -1.375 -10.875 33.992 0.5373 0.5098 0.3176
v -1.125 -10.875 33.970 0.5373 0.5098 0.3176
v -0.875 -10.875 33.984 0.5373 0.5098 0.3176
v -0.625 -10.875 33.994 0.5373 0.5098 0.3176
v -0.375 -10.875 34.004 0.5373 0.5098 0.3176
v -0.125 -10.875 34.013 0.5373 0.5098 0.3176
v 0.125 -10.875 34.013 0.5373 0.5098 0.3176
v 0.375 -10.875 34.061 0.5373 0.5098 0.3176
v 0.625 -10.875 34.061 0.5373 0.5098 0.3176
v 0.875 -10.875 34.209 0.5373 0.5098 0.3176
v 1.125 -10.875 34.209 0.5373 0.5098 0.3176
v 1.375 -10.875 34.234 0.5373 0.5098 0.3176
v 1.625 -10.875 34.229 0.5373 0.5098 0.3176
v 1.875 -10.875 34.229 0.5373 0.5098 0.3176
v 2.125 -10.875 34.226 0.5373 0.5098 0.3176
v 2.375 -10.875 34.217 0.5373 0.5098 0.3176
v 2.625 -10.875 34.217 0.5373 0.5098 0.3176
v 2.875 -10.875 34.250 0.5373 0.5098 0.3176
v 3.125 -10.875 34.250 0.5373 0.5098 0.3176
v 3.375 -10.875 34.263 0.5373 0.5098 0.3176
v 3.625 -10.875 34.263 0.5373 0.5098 0.3176
v 3.875 -10.875 34.202 0.5373 0.5098 0.3176
v 4.125 -10.875 34.202 0.5373 0.5098 0.3176
v 4.375 -10.875 34.202 0.5373 0.5098 0.3176
v 4.625 -10.875 34.202 0.5373 0.5098 0.3176
v 4.875 -10.875 34.202 0.5373 0.5098 0.3176
v 5.125 -10.875 34.202 0.5373 0.5098 0.3176
v 5.375 -10.875 34.202 0.5373 0.5098 0.3176
v 5.625 -10.875 34.202 0.5373 0.5098 0.3176
v 5.875 -10.875 34.077 0.5373 0.5098 0.3176
v 6.125 -10.875 34.077 0.5373 0.5098 0.3176
v 6.375 -10.875 34.077 0.5373 0.5098 0.3176
v 6.625 -10.875 34.077 0.5373 0.5098 0.3176
v 6.875 -10.875 34.007 0.5373 0.5098 0.3176
v 7.125 -10.875 34.025 0.5373 0.5098 0.3176
v 7.375 -10.875 34.033 0.5373 0.5098 0.3176
v 7.625 -10.875 34.033 0.5373 0.5098 0.3176
v 7.875 -10.875 34.025 0.5373 0.5098 0.3176
v 8.125 -10.875 34.025 0.5373 0.5098 0.3176
v 8.375 -10.875 34.025 0.5373 0.5098 0.3176
v 8.625 -10.875 34.025 0.5373 0.5098 0.3176
v 8.875 -10.875 34.269 0.5373 0.5098 0.3176
v 9.125 -10.875 34.269 0.5373 0.5098 0.3176
v 9.375 -10.875 34.269 0.5373 0.5098 0.3176
v 9.625 -10.875 34.269 0.5373 0.5098 0.3176
v 9.875 -10.875 34.269 0.5373 0.5098 0.3176
v 10.125 -10.875 34.269 0.5373 0.5098 0.3176
v 10.375 -10.875 34.269 0.5373 0.5098 0.3176
v 10.625 -10.875 34.269 0.5373 0.5098 0.3176
v 10.875 -10.875 34.269 0.5373 0.5098 0.3176
v 11.125 -10.875 34.269 0.5373 0.5098 0.3176
v 11.375 -10.875 34.269 0.5373 0.5098 0.3176
v 11.625 -10.875 34.269 0.5373 0.5098 0.3176
v 11.875 -10.875 34.269 0.5373 0.5098 0.3176
v 12.125 -10.875 34.269 0.5373 0.5098 0.3176
v 12.375 -10.875 34.269 0.5373 0.5098 0.3176
v -12.375 -10.625 33.876 0.5373 0.5098 0.3176
v -12.125 -10.625 33.889 0.5373 0.5098 0.3176
v -11.875 -10.625 33.885 0.5373 0.5098 0.3176
v -11.625 -10.625 33.886 0.5373 0.5098 0.3176
v -11.375 -10.625 33.874 0.5373 0.5098 0.3176
v -11.125 -10.625 33.885 0.5373 0.5098 0.3176
v -10.875 -10.625 33.872 0.5373 0.5098 0.3176
v -10.625 -10.625 33.866 0.5373 0.5098 0.3176
v -10.375 -10.625 33.883 0.5373 0.5098 0.3176
v -10.125 -10.625 33.894 0.5373 0.5098 0.3176
v -9.875 -10.625 33.897 0.5373 0.5098 0.3176
v -9.625 -10.625 33.883 0.5373 0.5098 0.3176
v -9.375 -10.625 33.906 0.5373 0.5098 0.3176
v -9.125 -10.625 33.912 0.5373 0.5098 0.3176
v -8.875 -10.625 33.929 0.5373 0.5098 0.3176
v -8.625 -10.625 33.946 0.5373 0.5098 0.3176
v -8.375 -10.625 33.950 0.5373 0.5098 0.3176
v -8.125 -10.625 33.956 0.5373 0.5098 0.3176
v -7.875 -10.625 33.964 0.5373 0.5098 0.3176
v -7.625 -10.625 33.979 0.5373 0.5098 0.3176
v -7.375 -10.625 33.985 0.5373 0.5098 0.3176
v -7.125 -10.625 33.993 0.5373 0.5098 0.3176
v -6.875 -10.625 33.996 0.5373 0.5098 0.3176
v -6.625 -10.625 34.012 0.5373 0.5098 0.3176
v -6.375 -10.625 34.004 0.5373 0.5098 0.3176
v -6.125 -10.625 34.025 0.5373 0.5098 0.3176
v -5.875 -10.625 34.031 0.5373 0.5098 0.3176
v -5.625 -10.625 34.025 0.5373 0.5098 0.3176
v -5.375 -10.625 34.028 0.5373 0.5098 0.3176
v -5.125 -10.625 34.040 0.5373 0.5098 0.3176
v -4.875 -10.625 34.040 0.5373 0.5098 0.3176
v -4.625 -10.625 34.071 0.5373 0.5098 0.3176
v -4.375 -10.625 34.071 0.5373 0.5098 0.3176
v -4.125 -10.625 34.071 0.5373 0.5098 0.3176
v -3.875 -10.625 34.100 0.5373 0.5098 0.3176
v -3.625 -10.625 34.055 0.5373 0.5098 0.3176
v -3.375 -10.625 34.055 0.5373 0.5098 0.3176
v -3.125 -10.625 34.046 0.5373 0.5098 0.3176
v -2.875 -10.625 34.046 0.5373 0.5098 0.3176
v -2.625 -10.625 34.020 0.5373 0.5098 0.3176
v -2.375 -10.625 33.985 0.5373 0.5098 0.3176
v -2.125 -10.625 33.964 0.5373 0.5098 0.3176
v -1.875 -10.625 33.964 0.5373 0.5098 0.3176
v -1.625 -10.625 33.994 0.5373 0.5098 0.3176
v -1.375 -10.625 33.994 0.5373 0.5098 0.3176
v -1.125 -10.625 33.976 0.5373 0.5098 0.3176
v -0.875 -10.625 33.991 0.5373 0.5098 0.3176
v -0.625 -10.625 33.994 0.5373 0.5098 0.3176
v -0.375 -10.625 34.016 0.5373 0.5098 0.3176
v -0.125 -10.625 34.025 0.5373 0.5098 0.3176
v 0.125 -10.625 34.031 0.5373 0.5098 0.3176
v 0.375 -10.625 34.066 0.5373 0.5098 0.3176
v 0.625 -10.625 34.165 0.5373 0.5098 0.3176
v 0.875 -10.625 34.165 0.5373 0.5098 0.3176
v 1.125 -10.625 34.147 0.5373 0.5098 0.3176
v 1.375 -10.625 34.234 0.5373 0.5098 0.3176
v 1.625 -10.625 34.229 0.5373 0.5098 0.3176
v 1.875 -10.625 34.229 0.5373 0.5098 0.3176
v 2.125 -10.625 34.226 0.5373 0.5098 0.3176
v 2.375 -10.625 34.217 0.5373 0.5098 0.3176
v 2.625 -10.625 34.226 0.5373 0.5098 0.3176
v 2.875 -10.625 34.226 0.5373 0.5098 0.3176
v 3.125 -10.625 34.250 0.5373 0.5098 0.3176
v 3.375 -10.625 34.202 0.5373 0.5098 0.3176
v 3.625 -10.625 34.202 0.5373 0.5098 0.3176
v 3.875 -10.625 34.202 0.5373 0.5098 0.3176
v 4.125 -10.625 34.202 0.5373 0.5098 0.3176
v 4.375 -10.625 34.202 0.5373 0.5098 0.3176
v 4.625 -10.625 34.202 0.5373 0.5098 0.3176
v 4.875 -10.625 34.202 0.5373 0.5098 0.3176
v 5.125 -10.625 34.202 0.5373 0.5098 0.3176
v 5.375 -10.625 34.077 0.5373 0.5098 0.3176
v 5.625 -10.625 34.077 0.5373 0.5098 0.3176
v 5.875 -10.625 34.077 0.5373 0.5098 0.3176
v 6.125 -10.625 34.077 0.5373 0.5098 0.3176
v 6.375 -10.625 34.077 0.5373 0.5098 0.3176
v 6.625 -10.625 34.007 0.5373 0.5098 0.3176
v 6.875 -10.625 34.007 0.5373 0.5098 0.3176
v 7.125 -10.625 34.025 0.5373 0.5098 0.3176
v 7.375 -10.625 34.033 0.5373 0.5098 0.3176
v 7.625 -10.625 34.033 0.5373 0.5098 0.3176
v 7.875 -10.625 34.025 0.5373 0.5098 0.3176
v 8.125 -10.625 34.025 0.5373 0.5098 0.3176
v 8.375 -10.625 34.025 0.5373 0.5098 0.3176
v 8.625 -10.625 34.025 0.5373 0.5098 0.3176
v 8.875 -10.625 34.025 0.5373 0.5098 0.3176
v 9.125 -10.625 34.269 0.5373 0.5098 0.3176
v 9.375 -10.625 34.269 0.5373 0.5098 0.3176
v 9.625 -10.625 34.269 0.5373 0.5098 0.3176
v 9.875 -10.625 34.269 0.5373 0.5098 0.3176
v 10.125 -10.625 34.269 0.5373 0.5098 0.3176
v 10.375 -10.625 34.269 0.5373 0.5098 0.3176
v 10.625 -10.625 34.269 0.5373 0.5098 0.3176
v 10.875 -10.625 34.269 0.5373 0.5098 0.3176
v 11.125 -10.625 34.269 0.5373 0.5098 0.3176
v 11.375 -10.625 34.269 0.5373 0.5098 0.3176
v 11.625 -10.625 34.269 0.5373 0.5098 0.3176
v 11.875 -10.625 34.269 0.5373 0.5098 0.3176
v 12.125 -10.625 34.269 0.5373 0.5098 0.3176
v 12.375 -10.625 34.269 0.5373 0.5098 0.3176
v -12.375 -10.375 33.879 0.5373 0.5098 0.3176
v -12.125 -10.375 33.869 0.5373 0.5098 0.3176
v -11.875 -10.375 33.869 0.5373 0.5098 0.3176
v -11.625 -10.375 33.869 0.5373 0.5098 0.3176
v -11.375 -10.375 33.869 0.5373 0.5098 0.3176
v -11.125 -10.375 33.857 0.5373 0.5098 0.3176
v -10.875 -10.375 33.869 0.5373 0.5098 0.3176
v -10.625 -10.375 33.879 0.5373 0.5098 0.3176
v -10.375 -10.375 33.876 0.5373 0.5098 0.3176
v -10.125 -10.375 33.882 0.5373 0.5098 0.3176
v -9.875 -10.375 33.879 0.5373 0.5098 0.3176
v -9.625 -10.375 33.876 0.5373 0.5098 0.3176
v -9.375 -10.375 33.897 0.5373 0.5098 0.3176
v -9.125 -10.375 33.906 0.5373 0.5098 0.3176
v -8.875 -10.375 33.906 0.5373 0.5098 0.3176
v -8.625 -10.375 33.915 0.5373 0.5098 0.3176
v -8.375 -10.375 33.924 0.5373 0.5098 0.3176
v -8.125 -10.375 33.924 0.5373 0.5098 0.3176
v -7.875 -10.375 33.964 0.5373 0.5098 0.3176
v -7.625 -10.375 33.979 0.5373 0.5098 0.3176
v -7.375 -10.375 33.985 0.5373 0.5098 0.3176
v -7.125 -10.375 33.967 0.5373 0.5098 0.3176
v -6.875 -10.375 33.979 0.5373 0.5098 0.3176
v -6.625 -10.375 33.979 0.5373 0.5098 0.3176
v -6.375 -10.375 33.979 0.5373 0.5098 0.3176
v -6.125 -10.375 33.993 0.5373 0.5098 0.3176
v -5.875 -10.375 33.993 0.5373 0.5098 0.3176
v -5.625 -10.375 33.994 0.5373 0.5098 0.3176
v -5.375 -10.375 34.007 0.5373 0.5098 0.3176
v -5.125 -10.375 34.016 0.5373 0.5098 0.3176
v -4.875 -10.375 34.016 0.5373 0.5098 0.3176
v -4.625 -10.375 34.016 0.5373 0.5098 0.3176
v -4.375 -10.375 34.071 0.5373 0.5098 0.3176
v -4.125 -10.375 34.071 0.5373 0.5098 0.3176
v -3.875 -10.375 34.071 0.5373 0.5098 0.3176
v -3.625 -10.375 34.065 0.5373 0.5098 0.3176
v -3.375 -10.375 34.065 0.5373 0.5098 0.3176
v -3.125 -10.375 34.065 0.5373 0.5098 0.3176
v -2.875 -10.375 34.065 0.5373 0.5098 0.3176
v -2.625 -10.375 34.065 0.5373 0.5098 0.3176
v -2.375 -10.375 33.985 0.5373 0.5098 0.3176
v -2.125 -10.375 33.985 0.5373 0.5098 0.3176
v -1.875 -10.375 33.985 0.5373 0.5098 0.3176
v -1.625 -10.375 33.965 0.5373 0.5098 0.3176
v -1.375 -10.375 33.970 0.5373 0.5098 0.3176
v -1.125 -10.375 33.970 0.5373 0.5098 0.3176
v -0.875 -10.375 33.993 0.5373 0.5098 0.3176
v -0.625 -10.375 33.993 0.5373 0.5098 0.3176
v -0.375 -10.375 34.034 0.5373 0.5098 0.3176
v -0.125 -10.375 34.046 0.5373 0.5098 0.3176
v 0.125 -10.375 34.046 0.5373 0.5098 0.3176
v 0.375 -10.375 34.095 0.5373 0.5098 0.3176
v 0.625 -10.375 34.202 0.5373 0.5098 0.3176
v 0.875 -10.375 34.186 0.5373 0.5098 0.3176
v 1.125 -10.375 34.147 0.5373 0.5098 0.3176
v 1.375 -10.375 34.147 0.5373 0.5098 0.3176
v 1.625 -10.375 34.229 0.5373 0.5098 0.3176
v 1.875 -10.375 34.229 0.5373 0.5098 0.3176
v 2.125 -10.375 34.234 0.5373 0.5098 0.3176
v 2.375 -10.375 34.234 0.5373 0.5098 0.3176
v 2.625 -10.375 34.234 0.5373 0.5098 0.3176
v 2.875 -10.375 34.250 0.5373 0.5098 0.3176
v 3.125 -10.375 34.250 0.5373 0.5098 0.3176
v 3.375 -10.375 34.202 0.5373 0.5098 0.3176
v 3.625 -10.375 34.202 0.5373 0.5098 0.3176
v 3.875 -10.375 34.202 0.5373 0.5098 0.3176
v 4.125 -10.375 34.202 0.5373 0.5098 0.3176
v 4.375 -10.375 34.202 0.5373 0.5098 0.3176
v 4.625 -10.375 34.202 0.5373 0.5098 0.3176
v 4.875 -10.375 34.077 0.5373 0.5098 0.3176
v 5.125 -10.375 34.077 0.5373 0.5098 0.3176
v 5.375 -10.375 34.077 0.5373 0.5098 0.3176
v 5.625 -10.375 34.077 0.5373 0.5098 0.3176
v 5.875 -10.375 34.077 0.5373 0.5098 0.3176
v 6.125 -10.375 34.077 0.5373 0.5098 0.3176
v 6.375 -10.375 34.077 0.5373 0.5098 0.3176
v 6.625 -10.375 34.007 0.5373 0.5098 0.3176
v 6.875 -10.375 34.007 0.5373 0.5098 0.3176
v 7.125 -10.375 34.025 0.5373 0.5098 0.3176
v 7.375 -10.375 34.033 0.5373 0.5098 0.3176
v 7.625 -10.375 34.033 0.5373 0.5098 0.3176
v 7.875 -10.375 34.025 0.5373 0.5098 0.3176
v 8.125 -10.375 34.025 0.5373 0.5098 0.3176
v 8.375 -10.375 34.025 0.5373 0.5098 0.3176
v 8.625 -10.375 34.025 0.5373 0.5098 0.3176
v 8.875 -10.375 34.025 0.5373 0.5098 0.3176
v 9.125 -10.375 34.025 0.5373 0.5098 0.3176
v 9.375 -10.375 34.269 0.5373 0.5098 0.3176
v 9.625 -10.375 34.269 0.5373 0.5098 0.3176
v 9.875 -10.375 34.269 0.5373 0.5098 0.3176
v 10.125 -10.375 34.269 0.5373 0.5098 0.3176
v 10.375 -10.375 34.269 0.5373 0.5098 0.3176
v 10.625 -10.375 34.269 0.5373 0.5098 0.3176
v 10.875 -10.375 34.269 0.5373 0.5098 0.3176
v 11.125 -10.375 34.269 0.5373 0.5098 0.3176
v 11.375 -10.375 34.269 0.5373 0.5098 0.3176
v 11.625 -10.375 34.269 0.5373 0.5098 0.3176
v 11.875 -10.375 34.269 0.5373 0.5098 0.3176
v 12.125 -10.375 34.269 0.5373 0.5098 0.3176
v 12.375 -10.375 34.269 0.5373 0.5098 0.3176
v -12.375 -10.125 33.879 0.5373 0.5098 0.3176
v -12.125 -10.125 33.879 0.5373 0.5098 0.3176
v -11.875 -10.125 33.879 0.5373 0.5098 0.3176
v -11.625 -10.125 33.879 0.5373 0.5098 0.3176
v -11.375 -10.125 33.879 0.5373 0.5098 0.3176
v -11.125 -10.125 33.883 0.5373 0.5098 0.3176
v -10.875 -10.125 33.848 0.5373 0.5098 0.3176
v -10.625 -10.125 33.857 0.5373 0.5098 0.3176
v -10.375 -10.125 33.880 0.5373 0.5098 0.3176
v -10.125 -10.125 33.880 0.5373 0.5098 0.3176
v -9.875 -10.125 33.876 0.5373 0.5098 0.3176
v -9.625 -10.125 33.879 0.5373 0.5098 0.3176
v -9.375 -10.125 33.871 0.5373 0.5098 0.3176
v -9.125 -10.125 33.881 0.5373 0.5098 0.3176
v -8.875 -10.125 33.904 0.5373 0.5098 0.3176
v -8.625 -10.125 33.888 0.5373 0.5098 0.3176
v -8.375 -10.125 33.908 0.5373 0.5098 0.3176
v -8.125 -10.125 33.928 0.5373 0.5098 0.3176
v -7.875 -10.125 33.928 0.5373 0.5098 0.3176
v -7.625 -10.125 33.927 0.5373 0.5098 0.3176
v -7.375 -10.125 33.955 0.5373 0.5098 0.3176
v -7.125 -10.125 33.956 0.5373 0.5098 0.3176
v -6.875 -10.125 33.970 0.5373 0.5098 0.3176
v -6.625 -10.125 33.970 0.5373 0.5098 0.3176
v -6.375 -10.125 33.985 0.5373 0.5098 0.3176
v -6.125 -10.125 33.990 0.5373 0.5098 0.3176
v -5.875 -10.125 33.988 0.5373 0.5098 0.3176
v -5.625 -10.125 33.990 0.5373 0.5098 0.3176
v -5.375 -10.125 33.989 0.5373 0.5098 0.3176
v -5.125 -10.125 34.001 0.5373 0.5098 0.3176
v -4.875 -10.125 34.001 0.5373 0.5098 0.3176
v -4.625 -10.125 34.001 0.5373 0.5098 0.3176
v -4.375 -10.125 34.001 0.5373 0.5098 0.3176
v -4.125 -10.125 34.071 0.5373 0.5098 0.3176
v -3.875 -10.125 34.065 0.5373 0.5098 0.3176
v -3.625 -10.125 34.065 0.5373 0.5098 0.3176
v -3.375 -10.125 34.065 0.5373 0.5098 0.3176
v -3.125 -10.125 34.065 0.5373 0.5098 0.3176
v -2.875 -10.125 34.065 0.5373 0.5098 0.3176
v -2.625 -10.125 34.019 0.5373 0.5098 0.3176
v -2.375 -10.125 33.975 0.5373 0.5098 0.3176
v -2.125 -10.125 33.969 0.5373 0.5098 0.3176
v -1.875 -10.125 33.982 0.5373 0.5098 0.3176
v -1.625 -10.125 33.947 0.5373 0.5098 0.3176
v -1.375 -10.125 33.958 0.5373 0.5098 0.3176
v -1.125 -10.125 33.982 0.5373 0.5098 0.3176
v -0.875 -10.125 33.982 0.5373 0.5098 0.3176
v -0.625 -10.125 33.993 0.5373 0.5098 0.3176
v -0.375 -10.125 34.034 0.5373 0.5098 0.3176
v -0.125 -10.125 34.046 0.5373 0.5098 0.3176
v 0.125 -10.125 34.089 0.5373 0.5098 0.3176
v 0.375 -10.125 34.089 0.5373 0.5098 0.3176
v 0.625 -10.125 34.180 0.5373 0.5098 0.3176
v 0.875 -10.125 34.189 0.5373 0.5098 0.3176
v 1.125 -10.125 34.199 0.5373 0.5098 0.3176
v 1.375 -10.125 34.199 0.5373 0.5098 0.3176
v 1.625 -10.125 34.229 0.5373 0.5098 0.3176
v 1.875 -10.125 34.229 0.5373 0.5098 0.3176
v 2.125 -10.125 34.235 0.5373 0.5098 0.3176
v 2.375 -10.125 34.241 0.5373 0.5098 0.3176
v 2.625 -10.125 34.231 0.5373 0.5098 0.3176
v 2.875 -10.125 34.240 0.5373 0.5098 0.3176
v 3.125 -10.125 34.240 0.5373 0.5098 0.3176
v 3.375 -10.125 34.202 0.5373 0.5098 0.3176
v 3.625 -10.125 34.202 0.5373 0.5098 0.3176
v 3.875 -10.125 34.202 0.5373 0.5098 0.3176
v 4.125 -10.125 34.202 0.5373 0.5098 0.3176
v 4.375 -10.125 34.077 0.5373 0.5098 0.3176
v 4.625 -10.125 34.077 0.5373 0.5098 0.3176
v 4.875 -10.125 34.077 0.5373 0.5098 0.3176
v 5.125 -10.125 34.077 0.5373 0.5098 0.3176
v 5.375 -10.125 34.077 0.5373 0.5098 0.3176
v 5.625 -10.125 34.077 0.5373 0.5098 0.3176
v 5.875 -10.125 34.077 0.5373 0.5098 0.3176
v 6.125 -10.125 34.077 0.5373 0.5098 0.3176
v 6.375 -10.125 34.007 0.5373 0.5098 0.3176
v 6.625 -10.125 34.007 0.5373 0.5098 0.3176
v 6.875 -10.125 34.007 0.5373 0.5098 0.3176
v 7.125 -10.125 34.025 0.5373 0.5098 0.3176
v 7.375 -10.125 34.033 0.5373 0.5098 0.3176
v 7.625 -10.125 34.033 0.5373 0.5098 0.3176
v 7.875 -10.125 34.025 0.5373 0.5098 0.3176
v 8.125 -10.125 34.025 0.5373 0.5098 0.3176
v 8.375 -10.125 34.025 0.5373 0.5098 0.3176
v 8.625 -10.125 34.025 0.5373 0.5098 0.3176
v 8.875 -10.125 34.025 0.5373 0.5098 0.3176
v 9.125 -10.125 34.025 0.5373 0.5098 0.3176
v 9.375 -10.125 34.025 0.5373 0.5098 0.3176
v 9.625 -10.125 34.269 0.5373 0.5098 0.3176
v 9.875 -10.125 34.269 0.5373 0.5098 0.3176
v 10.125 -10.125 34.269 0.5373 0.5098 0.3176
v 10.375 -10.125 34.269 0.5373 0.5098 0.3176
v 10.625 -10.125 34.269 0.5373 0.5098 0.3176
v 10.875 -10.125 34.269 0.5373 0.5098 0.3176
v 11.125 -10.125 34.269 0.5373 0.5098 0.3176
v 11.375 -10.125 34.269 0.5373 0.5098 0.3176
v 11.625 -10.125 34.269 0.5373 0.5098 0.3176
v 11.875 -10.125 34.269 0.5373 0.5098 0.3176
v 12.125 -10.125 34.269 0.5373 0.5098 0.3176
v 12.375 -10.125 34.269 0.5373 0.5098 0.3176
v -12.375 -9.875 33.877 0.5373 0.5098 0.3176
v -12.125 -9.875 33.860 0.5373 0.5098 0.3176
v -11.875 -9.875 33.872 0.5373 0.5098 0.3176
v -11.625 -9.875 33.866 0.5373 0.5098 0.3176
v -11.375 -9.875 33.869 0.5373 0.5098 0.3176
v -11.125 -9.875 33.860 0.5373 0.5098 0.3176
v -10.875 -9.875 33.839 0.5373 0.5098 0.3176
v -10.625 -9.875 33.848 0.5373 0.5098 0.3176
v -10.375 -9.875 33.859 0.5373 0.5098 0.3176
v -10.125 -9.875 33.859 0.5373 0.5098 0.3176
v -9.875 -9.875 33.865 0.5373 0.5098 0.3176
v -9.625 -9.875 33.869 0.5373 0.5098 0.3176
v -9.375 -9.875 33.854 0.5373 0.5098 0.3176
v -9.125 -9.875 33.872 0.5373 0.5098 0.3176
v -8.875 -9.875 33.872 0.5373 0.5098 0.3176
v -8.625 -9.875 33.882 0.5373 0.5098 0.3176
v -8.375 -9.875 33.882 0.5373 0.5098 0.3176
v -8.125 -9.875 33.915 0.5373 0.5098 0.3176
v -7.875 -9.875 33.914 0.5373 0.5098 0.3176
v -7.625 -9.875 33.927 0.5373 0.5098 0.3176
v -7.375 -9.875 33.933 0.5373 0.5098 0.3176
v -7.125 -9.875 33.940 0.5373 0.5098 0.3176
v -6.875 -9.875 33.953 0.5373 0.5098 0.3176
v -6.625 -9.875 33.953 0.5373 0.5098 0.3176
v -6.375 -9.875 33.962 0.5373 0.5098 0.3176
v -6.125 -9.875 33.967 0.5373 0.5098 0.3176
v -5.875 -9.875 33.946 0.5373 0.5098 0.3176
v -5.625 -9.875 33.979 0.5373 0.5098 0.3176
v -5.375 -9.875 33.979 0.5373 0.5098 0.3176
v -5.125 -9.875 34.001 0.5373 0.5098 0.3176
v -4.875 -9.875 34.001 0.5373 0.5098 0.3176
v -4.625 -9.875 34.001 0.5373 0.5098 0.3176
v -4.375 -9.875 33.961 0.5373 0.5098 0.3176
v -4.125 -9.875 33.961 0.5373 0.5098 0.3176
v -3.875 -9.875 33.961 0.5373 0.5098 0.3176
v -3.625 -9.875 34.065 0.5373 0.5098 0.3176
v -3.375 -9.875 34.065 0.5373 0.5098 0.3176
v -3.125 -9.875 34.037 0.5373 0.5098 0.3176
v -2.875 -9.875 34.037 0.5373 0.5098 0.3176
v -2.625 -9.875 34.037 0.5373 0.5098 0.3176
v -2.375 -9.875 34.037 0.5373 0.5098 0.3176
v -2.125 -9.875 33.988 0.5373 0.5098 0.3176
v -1.875 -9.875 33.967 0.5373 0.5098 0.3176
v -1.625 -9.875 33.967 0.5373 0.5098 0.3176
v -1.375 -9.875 33.958 0.5373 0.5098 0.3176
v -1.125 -9.875 33.958 0.5373 0.5098 0.3176
v -0.875 -9.875 33.982 0.5373 0.5098 0.3176
v -0.625 -9.875 33.982 0.5373 0.5098 0.3176
v -0.375 -9.875 34.034 0.5373 0.5098 0.3176
v -0.125 -9.875 34.046 0.5373 0.5098 0.3176
v 0.125 -9.875 34.089 0.5373 0.5098 0.3176
v 0.375 -9.875 34.089 0.5373 0.5098 0.3176
v 0.625 -9.875 34.177 0.5373 0.5098 0.3176
v 0.875 -9.875 34.217 0.5373 0.5098 0.3176
v 1.125 -9.875 34.220 0.5373 0.5098 0.3176
v 1.375 -9.875 34.177 0.5373 0.5098 0.3176
v 1.625 -9.875 34.177 0.5373 0.5098 0.3176
v 1.875 -9.875 34.217 0.5373 0.5098 0.3176
v 2.125 -9.875 34.217 0.5373 0.5098 0.3176
v 2.375 -9.875 34.241 0.5373 0.5098 0.3176
v 2.625 -9.875 34.231 0.5373 0.5098 0.3176
v 2.875 -9.875 34.240 0.5373 0.5098 0.3176
v 3.125 -9.875 34.241 0.5373 0.5098 0.3176
v 3.375 -9.875 34.241 0.5373 0.5098 0.3176
v 3.625 -9.875 34.241 0.5373 0.5098 0.3176
v 3.875 -9.875 34.077 0.5373 0.5098 0.3176
v 4.125 -9.875 34.077 0.5373 0.5098 0.3176
v 4.375 -9.875 34.077 0.5373 0.5098 0.3176
v 4.625 -9.875 34.077 0.5373 0.5098 0.3176
v 4.875 -9.875 34.077 0.5373 0.5098 0.3176
v 5.125 -9.875 34.077 0.5373 0.5098 0.3176
v 5.375 -9.875 34.077 0.5373 0.5098 0.3176
v 5.625 -9.875 34.077 0.5373 0.5098 0.3176
v 5.875 -9.875 34.077 0.5373 0.5098 0.3176
v 6.125 -9.875 34.077 0.5373 0.5098 0.3176
v 6.375 -9.875 34.007 0.5373 0.5098 0.3176
v 6.625 -9.875 34.007 0.5373 0.5098 0.3176
v 6.875 -9.875 34.007 0.5373 0.5098 0.3176
v 7.125 -9.875 34.025 0.5373 0.5098 0.3176
v 7.375 -9.875 34.033 0.5373 0.5098 0.3176
v 7.625 -9.875 34.033 0.5373 0.5098 0.3176
v 7.875 -9.875 34.025 0.5373 0.5098 0.3176
v 8.125 -9.875 34.025 0.5373 0.5098 0.3176
v 8.375 -9.875 34.025 0.5373 0.5098 0.3176
v 8.625 -9.875 34.025 0.5373 0.5098 0.3176
v 8.875 -9.875 34.025 0.5373 0.5098 0.3176
v 9.125 -9.875 34.025 0.5373 0.5098 0.3176
v 9.375 -9.875 34.025 0.5373 0.5098 0.3176
v 9.625 -9.875 34.269 0.5373 0.5098 0.3176
v 9.875 -9.875 34.269 0.5373 0.5098 0.3176
v 10.125 -9.875 34.269 0.5373 0.5098 0.3176
v 10.375 -9.875 34.269 0.5373 0.5098 0.3176
v 10.625 -9.875 34.269 0.5373 0.5098 0.3176
v 10.875 -9.875 34.269 0.5373 0.5098 0.3176
v 11.125 -9.875 34.269 0.5373 0.5098 0.3176
v 11.375 -9.875 34.269 0.5373 0.5098 0.3176
v 11.625 -9.875 34.269 0.5373 0.5098 0.3176
v 11.875 -9.875 34.269 0.5373 0.5098 0.3176
v 12.125 -9.875 34.269 0.5373 0.5098 0.3176
v 12.375 -9.875 34.269 0.5373 0.5098 0.3176
v -12.375 -9.625 33.885 0.5373 0.5098 0.3176
v -12.125 -9.625 33.885 0.5373 0.5098 0.3176
v -11.875 -9.625 33.845 0.5373 0.5098 0.3176
v -11.625 -9.625 33.845 0.5373 0.5098 0.3176
v -11.375 -9.625 33.869 0.5373 0.5098 0.3176
v -11.125 -9.625 33.860 0.5373 0.5098 0.3176
v -10.875 -9.625 33.839 0.5373 0.5098 0.3176
v -10.625 -9.625 33.848 0.5373 0.5098 0.3176
v -10.375 -9.625 33.859 0.5373 0.5098 0.3176
v -10.125 -9.625 33.857 0.5373 0.5098 0.3176
v -9.875 -9.625 33.848 0.5373 0.5098 0.3176
v -9.625 -9.625 33.839 0.5373 0.5098 0.3176
v -9.375 -9.625 33.848 0.5373 0.5098 0.3176
v -9.125 -9.625 33.857 0.5373 0.5098 0.3176
v -8.875 -9.625 33.869 0.5373 0.5098 0.3176
v -8.625 -9.625 33.869 0.5373 0.5098 0.3176
v -8.375 -9.625 33.879 0.5373 0.5098 0.3176
v -8.125 -9.625 33.888 0.5373 0.5098 0.3176
v -7.875 -9.625 33.888 0.5373 0.5098 0.3176
v -7.625 -9.625 33.927 0.5373 0.5098 0.3176
v -7.375 -9.625 33.933 0.5373 0.5098 0.3176
v -7.125 -9.625 33.940 0.5373 0.5098 0.3176
v -6.875 -9.625 33.953 0.5373 0.5098 0.3176
v -6.625 -9.625 33.924 0.5373 0.5098 0.3176
v -6.375 -9.625 33.924 0.5373 0.5098 0.3176
v -6.125 -9.625 33.937 0.5373 0.5098 0.3176
v -5.875 -9.625 33.937 0.5373 0.5098 0.3176
v -5.625 -9.625 33.940 0.5373 0.5098 0.3176
v -5.375 -9.625 33.940 0.5373 0.5098 0.3176
v -5.125 -9.625 33.930 0.5373 0.5098 0.3176
v -4.875 -9.625 33.961 0.5373 0.5098 0.3176
v -4.625 -9.625 33.961 0.5373 0.5098 0.3176
v -4.375 -9.625 33.961 0.5373 0.5098 0.3176
v -4.125 -9.625 33.961 0.5373 0.5098 0.3176
v -3.875 -9.625 33.961 0.5373 0.5098 0.3176
v -3.625 -9.625 34.037 0.5373 0.5098 0.3176
v -3.375 -9.625 34.037 0.5373 0.5098 0.3176
v -3.125 -9.625 34.037 0.5373 0.5098 0.3176
v -2.875 -9.625 34.037 0.5373 0.5098 0.3176
v -2.625 -9.625 34.037 0.5373 0.5098 0.3176
v -2.375 -9.625 34.037 0.5373 0.5098 0.3176
v -2.125 -9.625 33.988 0.5373 0.5098 0.3176
v -1.875 -9.625 33.952 0.5373 0.5098 0.3176
v -1.625 -9.625 33.938 0.5373 0.5098 0.3176
v -1.375 -9.625 33.938 0.5373 0.5098 0.3176
v -1.125 -9.625 33.970 0.5373 0.5098 0.3176
v -0.875 -9.625 33.970 0.5373 0.5098 0.3176
v -0.625 -9.625 33.970 0.5373 0.5098 0.3176
v -0.375 -9.625 34.034 0.5373 0.5098 0.3176
v -0.125 -9.625 34.141 0.5373 0.5098 0.3176
v 0.125 -9.625 34.141 0.5373 0.5098 0.3176
v 0.375 -9.625 34.141 0.5373 0.5098 0.3176
v 0.625 -9.625 34.132 0.5373 0.5098 0.3176
v 0.875 -9.625 34.224 0.5373 0.5098 0.3176
v 1.125 -9.625 34.226 0.5373 0.5098 0.3176
v 1.375 -9.625 34.228 0.5373 0.5098 0.3176
v 1.625 -9.625 34.235 0.5373 0.5098 0.3176
v 1.875 -9.625 34.232 0.5373 0.5098 0.3176
v 2.125 -9.625 34.236 0.5373 0.5098 0.3176
v 2.375 -9.625 34.226 0.5373 0.5098 0.3176
v 2.625 -9.625 34.241 0.5373 0.5098 0.3176
v 2.875 -9.625 34.234 0.5373 0.5098 0.3176
v 3.125 -9.625 34.241 0.5373 0.5098 0.3176
v 3.375 -9.625 34.241 0.5373 0.5098 0.3176
v 3.625 -9.625 34.077 0.5373 0.5098 0.3176
v 3.875 -9.625 34.077 0.5373 0.5098 0.3176
v 4.125 -9.625 34.077 0.5373 0.5098 0.3176
v 4.375 -9.625 34.077 0.5373 0.5098 0.3176
v 4.625 -9.625 34.077 0.5373 0.5098 0.3176
v 4.875 -9.625 34.077 0.5373 0.5098 0.3176
v 5.125 -9.625 34.077 0.5373 0.5098 0.3176
v 5.375 -9.625 34.077 0.5373 0.5098 0.3176
v 5.625 -9.625 34.077 0.5373 0.5098 0.3176
v 5.875 -9.625 34.077 0.5373 0.5098 0.3176
v 6.125 -9.625 33.943 0.5373 0.5098 0.3176
v 6.375 -9.625 34.007 0.5373 0.5098 0.3176
v 6.625 -9.625 34.007 0.5373 0.5098 0.3176
v 6.875 -9.625 34.007 0.5373 0.5098 0.3176
v 7.125 -9.625 34.025 0.5373 0.5098 0.3176
v 7.375 -9.625 34.033 0.5373 0.5098 0.3176
v 7.625 -9.625 34.033 0.5373 0.5098 0.3176
v 7.875 -9.625 34.025 0.5373 0.5098 0.3176
v 8.125 -9.625 34.025 0.5373 0.5098 0.3176
v 8.375 -9.625 34.025 0.5373 0.5098 0.3176
v 8.625 -9.625 34.025 0.5373 0.5098 0.3176
v 8.875 -9.625 34.025 0.5373 0.5098 0.3176
v 9.125 -9.625 34.025 0.5373 0.5098 0.3176
v 9.375 -9.625 34.025 0.5373 0.5098 0.3176
v 9.625 -9.625 34.025 0.5373 0.5098 0.3176
v 9.875 -9.625 34.269 0.5373 0.5098 0.3176
v 10.125 -9.625 34.269 0.5373 0.5098 0.3176
v 10.375 -9.625 34.269 0.5373 0.5098 0.3176
v 10.625 -9.625 34.269 0.5373 0.5098 0.3176
v 10.875 -9.625 34.269 0.5373 0.5098 0.3176
v 11.125 -9.625 34.269 0.5373 0.5098 0.3176
v 11.375 -9.625 34.269 0.5373 0.5098 0.3176
v 11.625 -9.625 34.269 0.5373 0.5098 0.3176
v 11.875 -9.625 34.269 0.5373 0.5098 0.3176
v 12.125 -9.625 34.269 0.5373 0.5098 0.3176
v 12.375 -9.625 34.269 0.5373 0.5098 0.3176
v -12.375 -9.375 33.845 0.5373 0.5098 0.3176
v -12.125 -9.375 33.845 0.5373 0.5098 0.3176
v -11.875 -9.375 33.853 0.5373 0.5098 0.3176
v -11.625 -9.375 33.854 0.5373 0.5098 0.3176
v -11.375 -9.375 33.847 0.5373 0.5098 0.3176
v -11.125 -9.375 33.851 0.5373 0.5098 0.3176
v -10.875 -9.375 33.840 0.5373 0.5098 0.3176
v -10.625 -9.375 33.847 0.5373 0.5098 0.3176
v -10.375 -9.375 33.860 0.5373 0.5098 0.3176
v -10.125 -9.375 33.857 0.5373 0.5098 0.3176
v -9.875 -9.375 33.855 0.5373 0.5098 0.3176
v -9.625 -9.375 33.860 0.5373 0.5098 0.3176
v -9.375 -9.375 33.860 0.5373 0.5098 0.3176
v -9.125 -9.375 33.860 0.5373 0.5098 0.3176
v -8.875 -9.375 33.872 0.5373 0.5098 0.3176
v -8.625 -9.375 33.878 0.5373 0.5098 0.3176
v -8.375 -9.375 33.885 0.5373 0.5098 0.3176
v -8.125 -9.375 33.886 0.5373 0.5098 0.3176
v -7.875 -9.375 33.895 0.5373 0.5098 0.3176
v -7.625 -9.375 33.900 0.5373 0.5098 0.3176
v -7.375 -9.375 33.911 0.5373 0.5098 0.3176
v -7.125 -9.375 33.921 0.5373 0.5098 0.3176
v -6.875 -9.375 33.920 0.5373 0.5098 0.3176
v -6.625 -9.375 33.920 0.5373 0.5098 0.3176
v -6.375 -9.375 33.920 0.5373 0.5098 0.3176
v -6.125 -9.375 33.930 0.5373 0.5098 0.3176
v -5.875 -9.375 33.943 0.5373 0.5098 0.3176
v -5.625 -9.375 33.952 0.5373 0.5098 0.3176
v -5.375 -9.375 33.930 0.5373 0.5098 0.3176
v -5.125 -9.375 33.930 0.5373 0.5098 0.3176
v -4.875 -9.375 33.961 0.5373 0.5098 0.3176
v -4.625 -9.375 33.961 0.5373 0.5098 0.3176
v -4.375 -9.375 33.961 0.5373 0.5098 0.3176
v -4.125 -9.375 33.961 0.5373 0.5098 0.3176
v -3.875 -9.375 33.961 0.5373 0.5098 0.3176
v -3.625 -9.375 34.037 0.5373 0.5098 0.3176
v -3.375 -9.375 34.037 0.5373 0.5098 0.3176
v -3.125 -9.375 34.037 0.5373 0.5098 0.3176
v -2.875 -9.375 34.037 0.5373 0.5098 0.3176
v -2.625 -9.375 34.037 0.5373 0.5098 0.3176
v -2.375 -9.375 33.985 0.5373 0.5098 0.3176
v -2.125 -9.375 33.985 0.5373 0.5098 0.3176
v -1.875 -9.375 33.952 0.5373 0.5098 0.3176
v -1.625 -9.375 33.930 0.5373 0.5098 0.3176
v -1.375 -9.375 33.949 0.5373 0.5098 0.3176
v -1.125 -9.375 33.970 0.5373 0.5098 0.3176
v -0.875 -9.375 33.970 0.5373 0.5098 0.3176
v -0.625 -9.375 33.970 0.5373 0.5098 0.3176
v -0.375 -9.375 33.970 0.5373 0.5098 0.3176
v -0.125 -9.375 34.141 0.5373 0.5098 0.3176
v 0.125 -9.375 34.141 0.5373 0.5098 0.3176
v 0.375 -9.375 34.141 0.5373 0.5098 0.3176
v 0.625 -9.375 34.132 0.5373 0.5098 0.3176
v 0.875 -9.375 34.224 0.5373 0.5098 0.3176
v 1.125 -9.375 34.226 0.5373 0.5098 0.3176
v 1.375 -9.375 34.228 0.5373 0.5098 0.3176
v 1.625 -9.375 34.235 0.5373 0.5098 0.3176
v 1.875 -9.375 34.226 0.5373 0.5098 0.3176
v 2.125 -9.375 34.235 0.5373 0.5098 0.3176
v 2.375 -9.375 34.235 0.5373 0.5098 0.3176
v 2.625 -9.375 34.244 0.5373 0.5098 0.3176
v 2.875 -9.375 34.257 0.5373 0.5098 0.3176
v 3.125 -9.375 34.257 0.5373 0.5098 0.3176
v 3.375 -9.375 34.241 0.5373 0.5098 0.3176
v 3.625 -9.375 34.077 0.5373 0.5098 0.3176
v 3.875 -9.375 34.077 0.5373 0.5098 0.3176
v 4.125 -9.375 34.077 0.5373 0.5098 0.3176
v 4.375 -9.375 34.077 0.5373 0.5098 0.3176
v 4.625 -9.375 34.077 0.5373 0.5098 0.3176
v 4.875 -9.375 34.077 0.5373 0.5098 0.3176
v 5.125 -9.375 34.077 0.5373 0.5098 0.3176
v 5.375 -9.375 34.077 0.5373 0.5098 0.3176
v 5.625 -9.375 34.077 0.5373 0.5098 0.3176
v 5.875 -9.375 33.943 0.5373 0.5098 0.3176
v 6.125 -9.375 33.943 0.5373 0.5098 0.3176
v 6.375 -9.375 34.007 0.5373 0.5098 0.3176
v 6.625 -9.375 34.007 0.5373 0.5098 0.3176
v 6.875 -9.375 34.007 0.5373 0.5098 0.3176
v 7.125 -9.375 34.025 0.5373 0.5098 0.3176
v 7.375 -9.375 34.033 0.5373 0.5098 0.3176
v 7.625 -9.375 34.033 0.5373 0.5098 0.3176
v 7.875 -9.375 34.025 0.5373 0.5098 0.3176
v 8.125 -9.375 34.025 0.5373 0.5098 0.3176
v 8.375 -9.375 34.025 0.5373 0.5098 0.3176
v 8.625 -9.375 34.025 0.5373 0.5098 0.3176
v 8.875 -9.375 34.025 0.5373 0.5098 0.3176
v 9.125 -9.375 34.025 0.5373 0.5098 0.3176
v 9.375 -9.375 34.025 0.5373 0.5098 0.3176
v 9.625 -9.375 34.025 0.5373 0.5098 0.3176
v 9.875 -9.375 34.025 0.5373 0.5098 0.3176
v 10.125 -9.375 34.269 0.5373 0.5098 0.3176
v 10.375 -9.375 34.269 0.5373 0.5098 0.3176
v 10.625 -9.375 34.269 0.5373 0.5098 0.3176
v 10.875 -9.375 34.269 0.5373 0.5098 0.3176
v 11.125 -9.375 34.269 0.5373 0.5098 0.3176
v 11.375 -9.375 34.269 0.5373 0.5098 0.3176
v 11.625 -9.375 34.269 0.5373 0.5098 0.3176
v 11.875 -9.375 34.269 0.5373 0.5098 0.3176
v 12.125 -9.375 34.269 0.5373 0.5098 0.3176
v 12.375 -9.375 34.269 0.5373 0.5098 0.3176
v -12.375 -9.125 33.860 0.5373 0.5098 0.3176
v -12.125 -9.125 33.848 0.5373 0.5098 0.3176
v -11.875 -9.125 33.839 0.5373 0.5098 0.3176
v -11.625 -9.125 33.848 0.5373 0.5098 0.3176
v -11.375 -9.125 33.845 0.5373 0.5098 0.3176
v -11.125 -9.125 33.851 0.5373 0.5098 0.3176
v -10.875 -9.125 33.848 0.5373 0.5098 0.3176
v -10.625 -9.125 33.848 0.5373 0.5098 0.3176
v -10.375 -9.125 33.854 0.5373 0.5098 0.3176
v -10.125 -9.125 33.836 0.5373 0.5098 0.3176
v -9.875 -9.125 33.827 0.5373 0.5098 0.3176
v -9.625 -9.125 33.836 0.5373 0.5098 0.3176
v -9.375 -9.125 33.836 0.5373 0.5098 0.3176
v -9.125 -9.125 33.854 0.5373 0.5098 0.3176
v -8.875 -9.125 33.854 0.5373 0.5098 0.3176
v -8.625 -9.125 33.854 0.5373 0.5098 0.3176
v -8.375 -9.125 33.854 0.5373 0.5098 0.3176
v -8.125 -9.125 33.876 0.5373 0.5098 0.3176
v -7.875 -9.125 33.876 0.5373 0.5098 0.3176
v -7.625 -9.125 33.876 0.5373 0.5098 0.3176
v -7.375 -9.125 33.897 0.5373 0.5098 0.3176
v -7.125 -9.125 33.898 0.5373 0.5098 0.3176
v -6.875 -9.125 33.900 0.5373 0.5098 0.3176
v -6.625 -9.125 33.915 0.5373 0.5098 0.3176
v -6.375 -9.125 33.911 0.5373 0.5098 0.3176
v -6.125 -9.125 33.917 0.5373 0.5098 0.3176
v -5.875 -9.125 33.909 0.5373 0.5098 0.3176
v -5.625 -9.125 33.906 0.5373 0.5098 0.3176
v -5.375 -9.125 33.909 0.5373 0.5098 0.3176
v -5.125 -9.125 33.909 0.5373 0.5098 0.3176
v -4.875 -9.125 33.961 0.5373 0.5098 0.3176
v -4.625 -9.125 33.961 0.5373 0.5098 0.3176
v -4.375 -9.125 33.961 0.5373 0.5098 0.3176
v -4.125 -9.125 33.930 0.5373 0.5098 0.3176
v -3.875 -9.125 33.930 0.5373 0.5098 0.3176
v -3.625 -9.125 33.930 0.5373 0.5098 0.3176
v -3.375 -9.125 34.037 0.5373 0.5098 0.3176
v -3.125 -9.125 34.037 0.5373 0.5098 0.3176
v -2.875 -9.125 33.985 0.5373 0.5098 0.3176
v -2.625 -9.125 33.985 0.5373 0.5098 0.3176
v -2.375 -9.125 33.985 0.5373 0.5098 0.3176
v -2.125 -9.125 33.985 0.5373 0.5098 0.3176
v -1.875 -9.125 33.924 0.5373 0.5098 0.3176
v -1.625 -9.125 33.915 0.5373 0.5098 0.3176
v -1.375 -9.125 33.915 0.5373 0.5098 0.3176
v -1.125 -9.125 33.970 0.5373 0.5098 0.3176
v -0.875 -9.125 33.970 0.5373 0.5098 0.3176
v -0.625 -9.125 33.970 0.5373 0.5098 0.3176
v -0.375 -9.125 33.970 0.5373 0.5098 0.3176
v -0.125 -9.125 34.141 0.5373 0.5098 0.3176
v 0.125 -9.125 34.125 0.5373 0.5098 0.3176
v 0.375 -9.125 34.125 0.5373 0.5098 0.3176
v 0.625 -9.125 34.125 0.5373 0.5098 0.3176
v 0.875 -9.125 34.125 0.5373 0.5098 0.3176
v 1.125 -9.125 34.196 0.5373 0.5098 0.3176
v 1.375 -9.125 34.196 0.5373 0.5098 0.3176
v 1.625 -9.125 34.196 0.5373 0.5098 0.3176
v 1.875 -9.125 34.196 0.5373 0.5098 0.3176
v 2.125 -9.125 34.235 0.5373 0.5098 0.3176
v 2.375 -9.125 34.232 0.5373 0.5098 0.3176
v 2.625 -9.125 34.244 0.5373 0.5098 0.3176
v 2.875 -9.125 34.257 0.5373 0.5098 0.3176
v 3.125 -9.125 34.237 0.5373 0.5098 0.3176
v 3.375 -9.125 34.237 0.5373 0.5098 0.3176
v 3.625 -9.125 34.077 0.5373 0.5098 0.3176
v 3.875 -9.125 34.077 0.5373 0.5098 0.3176
v 4.125 -9.125 34.077 0.5373 0.5098 0.3176
v 4.375 -9.125 34.077 0.5373 0.5098 0.3176
v 4.625 -9.125 34.077 0.5373 0.5098 0.3176
v 4.875 -9.125 34.077 0.5373 0.5098 0.3176
v 5.125 -9.125 34.077 0.5373 0.5098 0.3176
v 5.375 -9.125 34.077 0.5373 0.5098 0.3176
v 5.625 -9.125 33.943 0.5373 0.5098 0.3176
v 5.875 -9.125 33.943 0.5373 0.5098 0.3176
v 6.125 -9.125 33.943 0.5373 0.5098 0.3176
v 6.375 -9.125 34.007 0.5373 0.5098 0.3176
v 6.625 -9.125 34.007 0.5373 0.5098 0.3176
v 6.875 -9.125 34.007 0.5373 0.5098 0.3176
v 7.125 -9.125 34.025 0.5373 0.5098 0.3176
v 7.375 -9.125 34.033 0.5373 0.5098 0.3176
v 7.625 -9.125 34.033 0.5373 0.5098 0.3176
v 7.875 -9.125 34.025 0.5373 0.5098 0.3176
v 8.125 -9.125 34.025 0.5373 0.5098 0.3176
v 8.375 -9.125 34.025 0.5373 0.5098 0.3176
v 8.625 -9.125 34.025 0.5373 0.5098 0.3176
v 8.875 -9.125 34.025 0.5373 0.5098 0.3176
v 9.125 -9.125 34.025 0.5373 0.5098 0.3176
v 9.375 -9.125 34.025 0.5373 0.5098 0.3176
v 9.625 -9.125 34.025 0.5373 0.5098 0.3176
v 9.875 -9.125 34.025 0.5373 0.5098 0.3176
v 10.125 -9.125 34.025 0.5373 0.5098 0.3176
v 10.375 -9.125 34.269 0.5373 0.5098 0.3176
v 10.625 -9.125 34.269 0.5373 0.5098 0.3176
v 10.875 -9.125 34.269 0.5373 0.5098 0.3176
v 11.125 -9.125 34.269 0.5373 0.5098 0.3176
v 11.375 -9.125 34.269 0.5373 0.5098 0.3176
v 11.625 -9.125 34.269 0.5373 0.5098 0.3176
v 11.875 -9.125 34.269 0.5373 0.5098 0.3176
v 12.125 -9.125 34.269 0.5373 0.5098 0.3176
v 12.375 -9.125 34.269 0.5373 0.5098 0.3176
v -12.375 -8.875 33.860 0.5373 0.5098 0.3176
v -12.125 -8.875 33.837 0.5373 0.5098 0.3176
v -11.875 -8.875 33.836 0.5373 0.5098 0.3176
v -11.625 -8.875 33.836 0.5373 0.5098 0.3176
v -11.375 -8.875 33.836 0.5373 0.5098 0.3176
v -11.125 -8.875 33.845 0.5373 0.5098 0.3176
v -10.875 -8.875 33.845 0.5373 0.5098 0.3176
v -10.625 -8.875 33.839 0.5373 0.5098 0.3176
v -10.375 -8.875 33.836 0.5373 0.5098 0.3176
v -10.125 -8.875 33.840 0.5373 0.5098 0.3176
v -9.875 -8.875 33.833 0.5373 0.5098 0.3176
v -9.625 -8.875 33.845 0.5373 0.5098 0.3176
v -9.375 -8.875 33.836 0.5373 0.5098 0.3176
v -9.125 -8.875 33.836 0.5373 0.5098 0.3176
v -8.875 -8.875 33.840 0.5373 0.5098 0.3176
v -8.625 -8.875 33.845 0.5373 0.5098 0.3176
v -8.375 -8.875 33.865 0.5373 0.5098 0.3176
v -8.125 -8.875 33.871 0.5373 0.5098 0.3176
v -7.875 -8.875 33.876 0.5373 0.5098 0.3176
v -7.625 -8.875 33.897 0.5373 0.5098 0.3176
v -7.375 -8.875 33.885 0.5373 0.5098 0.3176
v -7.125 -8.875 33.891 0.5373 0.5098 0.3176
v -6.875 -8.875 33.906 0.5373 0.5098 0.3176
v -6.625 -8.875 33.906 0.5373 0.5098 0.3176
v -6.375 -8.875 33.901 0.5373 0.5098 0.3176
v -6.125 -8.875 33.904 0.5373 0.5098 0.3176
v -5.875 -8.875 33.909 0.5373 0.5098 0.3176
v -5.625 -8.875 33.924 0.5373 0.5098 0.3176
v -5.375 -8.875 33.900 0.5373 0.5098 0.3176
v -5.125 -8.875 33.911 0.5373 0.5098 0.3176
v -4.875 -8.875 33.958 0.5373 0.5098 0.3176
v -4.625 -8.875 33.958 0.5373 0.5098 0.3176
v -4.375 -8.875 33.930 0.5373 0.5098 0.3176
v -4.125 -8.875 33.930 0.5373 0.5098 0.3176
v -3.875 -8.875 33.930 0.5373 0.5098 0.3176
v -3.625 -8.875 33.930 0.5373 0.5098 0.3176
v -3.375 -8.875 33.891 0.5373 0.5098 0.3176
v -3.125 -8.875 33.985 0.5373 0.5098 0.3176
v -2.875 -8.875 33.985 0.5373 0.5098 0.3176
v -2.625 -8.875 33.985 0.5373 0.5098 0.3176
v -2.375 -8.875 33.985 0.5373 0.5098 0.3176
v -2.125 -8.875 33.985 0.5373 0.5098 0.3176
v -1.875 -8.875 33.955 0.5373 0.5098 0.3176
v -1.625 -8.875 33.918 0.5373 0.5098 0.3176
v -1.375 -8.875 33.906 0.5373 0.5098 0.3176
v -1.125 -8.875 33.929 0.5373 0.5098 0.3176
v -0.875 -8.875 33.929 0.5373 0.5098 0.3176
v -0.625 -8.875 33.929 0.5373 0.5098 0.3176
v -0.375 -8.875 33.929 0.5373 0.5098 0.3176
v -0.125 -8.875 34.125 0.5373 0.5098 0.3176
v 0.125 -8.875 34.125 0.5373 0.5098 0.3176
v 0.375 -8.875 34.125 0.5373 0.5098 0.3176
v 0.625 -8.875 34.125 0.5373 0.5098 0.3176
v 0.875 -8.875 34.199 0.5373 0.5098 0.3176
v 1.125 -8.875 34.209 0.5373 0.5098 0.3176
v 1.375 -8.875 34.216 0.5373 0.5098 0.3176
v 1.625 -8.875 34.221 0.5373 0.5098 0.3176
v 1.875 -8.875 34.220 0.5373 0.5098 0.3176
v 2.125 -8.875 34.215 0.5373 0.5098 0.3176
v 2.375 -8.875 34.232 0.5373 0.5098 0.3176
v 2.625 -8.875 34.234 0.5373 0.5098 0.3176
v 2.875 -8.875 34.234 0.5373 0.5098 0.3176
v 3.125 -8.875 34.237 0.5373 0.5098 0.3176
v 3.375 -8.875 34.237 0.5373 0.5098 0.3176
v 3.625 -8.875 34.237 0.5373 0.5098 0.3176
v 3.875 -8.875 34.077 0.5373 0.5098 0.3176
v 4.125 -8.875 34.077 0.5373 0.5098 0.3176
v 4.375 -8.875 34.077 0.5373 0.5098 0.3176
v 4.625 -8.875 34.077 0.5373 0.5098 0.3176
v 4.875 -8.875 34.077 0.5373 0.5098 0.3176
v 5.125 -8.875 34.077 0.5373 0.5098 0.3176
v 5.375 -8.875 33.943 0.5373 0.5098 0.3176
v 5.625 -8.875 33.943 0.5373 0.5098 0.3176
v 5.875 -8.875 33.943 0.5373 0.5098 0.3176
v 6.125 -8.875 33.943 0.5373 0.5098 0.3176
v 6.375 -8.875 34.007 0.5373 0.5098 0.3176
v 6.625 -8.875 34.007 0.5373 0.5098 0.3176
v 6.875 -8.875 34.007 0.5373 0.5098 0.3176
v 7.125 -8.875 34.025 0.5373 0.5098 0.3176
v 7.375 -8.875 34.033 0.5373 0.5098 0.3176
v 7.625 -8.875 34.033 0.5373 0.5098 0.3176
v 7.875 -8.875 34.025 0.5373 0.5098 0.3176
v 8.125 -8.875 34.025 0.5373 0.5098 0.3176
v 8.375 -8.875 34.025 0.5373 0.5098 0.3176
v 8.625 -8.875 34.025 0.5373 0.5098 0.3176
v 8.875 -8.875 34.025 0.5373 0.5098 0.3176
v 9.125 -8.875 34.025 0.5373 0.5098 0.3176
v 9.375 -8.875 34.025 0.5373 0.5098 0.3176
v 9.625 -8.875 34.025 0.5373 0.5098 0.3176
v 9.875 -8.875 34.025 0.5373 0.5098 0.3176
v 10.125 -8.875 34.025 0.5373 0.5098 0.3176
v 10.375 -8.875 34.025 0.5373 0.5098 0.3176
v 10.625 -8.875 34.269 0.5373 0.5098 0.3176
v 10.875 -8.875 34.269 0.5373 0.5098 0.3176
v 11.125 -8.875 34.269 0.5373 0.5098 0.3176
v 11.375 -8.875 34.269 0.5373 0.5098 0.3176
v 11.625 -8.875 34.269 0.5373 0.5098 0.3176
v 11.875 -8.875 34.269 0.5373 0.5098 0.3176
v 12.125 -8.875 34.269 0.5373 0.5098 0.3176
v 12.375 -8.875 34.269 0.5373 0.5098 0.3176
v -12.375 -8.625 33.836 0.5373 0.5098 0.3176
v -12.125 -8.625 33.834 0.5373 0.5098 0.3176
v -11.875 -8.625 33.837 0.5373 0.5098 0.3176
v -11.625 -8.625 33.827 0.5373 0.5098 0.3176
v -11.375 -8.625 33.839 0.5373 0.5098 0.3176
v -11.125 -8.625 33.830 0.5373 0.5098 0.3176
v -10.875 -8.625 33.833 0.5373 0.5098 0.3176
v -10.625 -8.625 33.833 0.5373 0.5098 0.3176
v -10.375 -8.625 33.821 0.5373 0.5098 0.3176
v -10.125 -8.625 33.821 0.5373 0.5098 0.3176
v -9.875 -8.625 33.812 0.5373 0.5098 0.3176
v -9.625 -8.625 33.821 0.5373 0.5098 0.3176
v -9.375 -8.625 33.839 0.5373 0.5098 0.3176
v -9.125 -8.625 33.817 0.5373 0.5098 0.3176
v -8.875 -8.625 33.825 0.5373 0.5098 0.3176
v -8.625 -8.625 33.844 0.5373 0.5098 0.3176
v -8.375 -8.625 33.840 0.5373 0.5098 0.3176
v -8.125 -8.625 33.849 0.5373 0.5098 0.3176
v -7.875 -8.625 33.859 0.5373 0.5098 0.3176
v -7.625 -8.625 33.857 0.5373 0.5098 0.3176
v -7.375 -8.625 33.860 0.5373 0.5098 0.3176
v -7.125 -8.625 33.857 0.5373 0.5098 0.3176
v -6.875 -8.625 33.860 0.5373 0.5098 0.3176
v -6.625 -8.625 33.869 0.5373 0.5098 0.3176
v -6.375 -8.625 33.883 0.5373 0.5098 0.3176
v -6.125 -8.625 33.891 0.5373 0.5098 0.3176
v -5.875 -8.625 33.891 0.5373 0.5098 0.3176
v -5.625 -8.625 33.895 0.5373 0.5098 0.3176
v -5.375 -8.625 33.904 0.5373 0.5098 0.3176
v -5.125 -8.625 33.889 0.5373 0.5098 0.3176
v -4.875 -8.625 33.911 0.5373 0.5098 0.3176
v -4.625 -8.625 33.930 0.5373 0.5098 0.3176
v -4.375 -8.625 33.930 0.5373 0.5098 0.3176
v -4.125 -8.625 33.930 0.5373 0.5098 0.3176
v -3.875 -8.625 33.891 0.5373 0.5098 0.3176
v -3.625 -8.625 33.891 0.5373 0.5098 0.3176
v -3.375 -8.625 33.839 0.5373 0.5098 0.3176
v -3.125 -8.625 33.985 0.5373 0.5098 0.3176
v -2.875 -8.625 33.985 0.5373 0.5098 0.3176
v -2.625 -8.625 33.985 0.5373 0.5098 0.3176
v -2.375 -8.625 33.985 0.5373 0.5098 0.3176
v -2.125 -8.625 33.955 0.5373 0.5098 0.3176
v -1.875 -8.625 33.955 0.5373 0.5098 0.3176
v -1.625 -8.625 33.918 0.5373 0.5098 0.3176
v -1.375 -8.625 33.895 0.5373 0.5098 0.3176
v -1.125 -8.625 33.914 0.5373 0.5098 0.3176
v -0.875 -8.625 33.914 0.5373 0.5098 0.3176
v -0.625 -8.625 33.914 0.5373 0.5098 0.3176
v -0.375 -8.625 33.885 0.5373 0.5098 0.3176
v -0.125 -8.625 33.885 0.5373 0.5098 0.3176
v 0.125 -8.625 34.125 0.5373 0.5098 0.3176
v 0.375 -8.625 34.205 0.5373 0.5098 0.3176
v 0.625 -8.625 34.205 0.5373 0.5098 0.3176
v 0.875 -8.625 34.205 0.5373 0.5098 0.3176
v 1.125 -8.625 34.205 0.5373 0.5098 0.3176
v 1.375 -8.625 34.216 0.5373 0.5098 0.3176
v 1.625 -8.625 34.221 0.5373 0.5098 0.3176
v 1.875 -8.625 34.220 0.5373 0.5098 0.3176
v 2.125 -8.625 34.220 0.5373 0.5098 0.3176
v 2.375 -8.625 34.229 0.5373 0.5098 0.3176
v 2.625 -8.625 34.220 0.5373 0.5098 0.3176
v 2.875 -8.625 34.220 0.5373 0.5098 0.3176
v 3.125 -8.625 34.237 0.5373 0.5098 0.3176
v 3.375 -8.625 34.237 0.5373 0.5098 0.3176
v 3.625 -8.625 34.237 0.5373 0.5098 0.3176
v 3.875 -8.625 34.077 0.5373 0.5098 0.3176
v 4.125 -8.625 34.077 0.5373 0.5098 0.3176
v 4.375 -8.625 34.077 0.5373 0.5098 0.3176
v 4.625 -8.625 34.077 0.5373 0.5098 0.3176
v 4.875 -8.625 34.077 0.5373 0.5098 0.3176
v 5.125 -8.625 33.943 0.5373 0.5098 0.3176
v 5.375 -8.625 33.943 0.5373 0.5098 0.3176
v 5.625 -8.625 33.943 0.5373 0.5098 0.3176
v 5.875 -8.625 33.943 0.5373 0.5098 0.3176
v 6.125 -8.625 33.943 0.5373 0.5098 0.3176
v 6.375 -8.625 34.007 0.5373 0.5098 0.3176
v 6.625 -8.625 34.007 0.5373 0.5098 0.3176
v 6.875 -8.625 34.007 0.5373 0.5098 0.3176
v 7.125 -8.625 34.025 0.5373 0.5098 0.3176
v 7.375 -8.625 34.033 0.5373 0.5098 0.3176
v 7.625 -8.625 34.033 0.5373 0.5098 0.3176
v 7.875 -8.625 34.025 0.5373 0.5098 0.3176
v 8.125 -8.625 34.025 0.5373 0.5098 0.3176
v 8.375 -8.625 34.025 0.5373 0.5098 0.3176
v 8.625 -8.625 34.025 0.5373 0.5098 0.3176
v 8.875 -8.625 34.025 0.5373 0.5098 0.3176
v 9.125 -8.625 34.025 0.5373 0.5098 0.3176
v 9.375 -8.625 34.025 0.5373 0.5098 0.3176
v 9.625 -8.625 34.025 0.5373 0.5098 0.3176
v 9.875 -8.625 34.025 0.5373 0.5098 0.3176
v 10.125 -8.625 34.025 0.5373 0.5098 0.3176
v 10.375 -8.625 34.025 0.5373 0.5098 0.3176
v 10.625 -8.625 34.269 0.5373 0.5098 0.3176
v 10.875 -8.625 34.269 0.5373 0.5098 0.3176
v 11.125 -8.625 34.269 0.5373 0.5098 0.3176
v 11.375 -8.625 34.269 0.5373 0.5098 0.3176
v 11.625 -8.625 34.269 0.5373 0.5098 0.3176
v 11.875 -8.625 34.269 0.5373 0.5098 0.3176
v 12.125 -8.625 34.269 0.5373 0.5098 0.3176
v 12.375 -8.625 34.269 0.5373 0.5098 0.3176
v -12.375 -8.375 33.842 0.5373 0.5098 0.3176
v -12.125 -8.375 33.842 0.5373 0.5098 0.3176
v -11.875 -8.375 33.833 0.5373 0.5098 0.3176
v -11.625 -8.375 33.833 0.5373 0.5098 0.3176
v -11.375 -8.375 33.833 0.5373 0.5098 0.3176
v -11.125 -8.375 33.821 0.5373 0.5098 0.3176
v -10.875 -8.375 33.808 0.5373 0.5098 0.3176
v -10.625 -8.375 33.809 0.5373 0.5098 0.3176
v -10.375 -8.375 33.815 0.5373 0.5098 0.3176
v -10.125 -8.375 33.818 0.5373 0.5098 0.3176
v -9.875 -8.375 33.818 0.5373 0.5098 0.3176
v -9.625 -8.375 33.808 0.5373 0.5098 0.3176
v -9.375 -8.375 33.808 0.5373 0.5098 0.3176
v -9.125 -8.375 33.817 0.5373 0.5098 0.3176
v -8.875 -8.375 33.825 0.5373 0.5098 0.3176
v -8.625 -8.375 33.844 0.5373 0.5098 0.3176
v -8.375 -8.375 33.840 0.5373 0.5098 0.3176
v -8.125 -8.375 33.849 0.5373 0.5098 0.3176
v -7.875 -8.375 33.859 0.5373 0.5098 0.3176
v -7.625 -8.375 33.839 0.5373 0.5098 0.3176
v -7.375 -8.375 33.839 0.5373 0.5098 0.3176
v -7.125 -8.375 33.818 0.5373 0.5098 0.3176
v -6.875 -8.375 33.818 0.5373 0.5098 0.3176
v -6.625 -8.375 33.869 0.5373 0.5098 0.3176
v -6.375 -8.375 33.866 0.5373 0.5098 0.3176
v -6.125 -8.375 33.866 0.5373 0.5098 0.3176
v -5.875 -8.375 33.866 0.5373 0.5098 0.3176
v -5.625 -8.375 33.866 0.5373 0.5098 0.3176
v -5.375 -8.375 33.866 0.5373 0.5098 0.3176
v -5.125 -8.375 33.897 0.5373 0.5098 0.3176
v -4.875 -8.375 33.897 0.5373 0.5098 0.3176
v -4.625 -8.375 33.906 0.5373 0.5098 0.3176
v -4.375 -8.375 33.906 0.5373 0.5098 0.3176
v -4.125 -8.375 33.891 0.5373 0.5098 0.3176
v -3.875 -8.375 33.891 0.5373 0.5098 0.3176
v -3.625 -8.375 33.839 0.5373 0.5098 0.3176
v -3.375 -8.375 33.839 0.5373 0.5098 0.3176
v -3.125 -8.375 33.909 0.5373 0.5098 0.3176
v -2.875 -8.375 33.985 0.5373 0.5098 0.3176
v -2.625 -8.375 33.985 0.5373 0.5098 0.3176
v -2.375 -8.375 33.955 0.5373 0.5098 0.3176
v -2.125 -8.375 33.955 0.5373 0.5098 0.3176
v -1.875 -8.375 33.955 0.5373 0.5098 0.3176
v -1.625 -8.375 33.895 0.5373 0.5098 0.3176
v -1.375 -8.375 33.895 0.5373 0.5098 0.3176
v -1.125 -8.375 33.906 0.5373 0.5098 0.3176
v -0.875 -8.375 33.906 0.5373 0.5098 0.3176
v -0.625 -8.375 33.885 0.5373 0.5098 0.3176
v -0.375 -8.375 33.885 0.5373 0.5098 0.3176
v -0.125 -8.375 33.885 0.5373 0.5098 0.3176
v 0.125 -8.375 34.113 0.5373 0.5098 0.3176
v 0.375 -8.375 34.113 0.5373 0.5098 0.3176
v 0.625 -8.375 34.113 0.5373 0.5098 0.3176
v 0.875 -8.375 34.170 0.5373 0.5098 0.3176
v 1.125 -8.375 34.196 0.5373 0.5098 0.3176
v 1.375 -8.375 34.202 0.5373 0.5098 0.3176
v 1.625 -8.375 34.202 0.5373 0.5098 0.3176
v 1.875 -8.375 34.220 0.5373 0.5098 0.3176
v 2.125 -8.375 34.220 0.5373 0.5098 0.3176
v 2.375 -8.375 34.229 0.5373 0.5098 0.3176
v 2.625 -8.375 34.220 0.5373 0.5098 0.3176
v 2.875 -8.375 34.220 0.5373 0.5098 0.3176
v 3.125 -8.375 34.237 0.5373 0.5098 0.3176
v 3.375 -8.375 34.237 0.5373 0.5098 0.3176
v 3.625 -8.375 33.937 0.5373 0.5098 0.3176
v 3.875 -8.375 33.937 0.5373 0.5098 0.3176
v 4.125 -8.375 33.937 0.5373 0.5098 0.3176
v 4.375 -8.375 33.915 0.5373 0.5098 0.3176
v 4.625 -8.375 33.915 0.5373 0.5098 0.3176
v 4.875 -8.375 33.915 0.5373 0.5098 0.3176
v 5.125 -8.375 33.943 0.5373 0.5098 0.3176
v 5.375 -8.375 33.943 0.5373 0.5098 0.3176
v 5.625 -8.375 33.943 0.5373 0.5098 0.3176
v 5.875 -8.375 33.943 0.5373 0.5098 0.3176
v 6.125 -8.375 33.943 0.5373 0.5098 0.3176
v 6.375 -8.375 34.007 0.5373 0.5098 0.3176
v 6.625 -8.375 34.007 0.5373 0.5098 0.3176
v 6.875 -8.375 34.007 0.5373 0.5098 0.3176
v 7.125 -8.375 34.025 0.5373 0.5098 0.3176
v 7.375 -8.375 34.033 0.5373 0.5098 0.3176
v 7.625 -8.375 34.033 0.5373 0.5098 0.3176
v 7.875 -8.375 34.025 0.5373 0.5098 0.3176
v 8.125 -8.375 34.025 0.5373 0.5098 0.3176
v 8.375 -8.375 34.025 0.5373 0.5098 0.3176
v 8.625 -8.375 34.025 0.5373 0.5098 0.3176
v 8.875 -8.375 34.025 0.5373 0.5098 0.3176
v 9.125 -8.375 34.025 0.5373 0.5098 0.3176
v 9.375 -8.375 34.025 0.5373 0.5098 0.3176
v 9.625 -8.375 34.025 0.5373 0.5098 0.3176
v 9.875 -8.375 34.025 0.5373 0.5098 0.3176
v 10.125 -8.375 34.025 0.5373 0.5098 0.3176
v 10.375 -8.375 34.025 0.5373 0.5098 0.3176
v 10.625 -8.375 34.025 0.5373 0.5098 0.3176
v 10.875 -8.375 34.269 0.5373 0.5098 0.3176
v 11.125 -8.375 34.269 0.5373 0.5098 0.3176
v 11.375 -8.375 34.269 0.5373 0.5098 0.3176
v 11.625 -8.375 34.269 0.5373 0.5098 0.3176
v 11.875 -8.375 34.269 0.5373 0.5098 0.3176
v 12.125 -8.375 34.269 0.5373 0.5098 0.3176
v 12.375 -8.375 34.269 0.5373 0.5098 0.3176
v -12.375 -8.125 33.808 0.5373 0.5098 0.3176
v -12.125 -8.125 33.830 0.5373 0.5098 0.3176
v -11.875 -8.125 33.830 0.5373 0.5098 0.3176
v -11.625 -8.125 33.833 0.5373 0.5098 0.3176
v -11.375 -8.125 33.819 0.5373 0.5098 0.3176
v -11.125 -8.125 33.830 0.5373 0.5098 0.3176
v -10.875 -8.125 33.830 0.5373 0.5098 0.3176
v -10.625 -8.125 33.809 0.5373 0.5098 0.3176
v -10.375 -8.125 33.815 0.5373 0.5098 0.3176
v -10.125 -8.125 33.808 0.5373 0.5098 0.3176
v -9.875 -8.125 33.818 0.5373 0.5098 0.3176
v -9.625 -8.125 33.818 0.5373 0.5098 0.3176
v -9.375 -8.125 33.799 0.5373 0.5098 0.3176
v -9.125 -8.125 33.799 0.5373 0.5098 0.3176
v -8.875 -8.125 33.804 0.5373 0.5098 0.3176
v -8.625 -8.125 33.808 0.5373 0.5098 0.3176
v -8.375 -8.125 33.810 0.5373 0.5098 0.3176
v -8.125 -8.125 33.821 0.5373 0.5098 0.3176
v -7.875 -8.125 33.821 0.5373 0.5098 0.3176
v -7.625 -8.125 33.821 0.5373 0.5098 0.3176
v -7.375 -8.125 33.833 0.5373 0.5098 0.3176
v -7.125 -8.125 33.833 0.5373 0.5098 0.3176
v -6.875 -8.125 33.842 0.5373 0.5098 0.3176
v -6.625 -8.125 33.839 0.5373 0.5098 0.3176
v -6.375 -8.125 33.840 0.5373 0.5098 0.3176
v -6.125 -8.125 33.851 0.5373 0.5098 0.3176
v -5.875 -8.125 33.839 0.5373 0.5098 0.3176
v -5.625 -8.125 33.860 0.5373 0.5098 0.3176
v -5.375 -8.125 33.860 0.5373 0.5098 0.3176
v -5.125 -8.125 33.869 0.5373 0.5098 0.3176
v -4.875 -8.125 33.879 0.5373 0.5098 0.3176
v -4.625 -8.125 33.866 0.5373 0.5098 0.3176
v -4.375 -8.125 33.891 0.5373 0.5098 0.3176
v -4.125 -8.125 33.891 0.5373 0.5098 0.3176
v -3.875 -8.125 33.839 0.5373 0.5098 0.3176
v -3.625 -8.125 33.839 0.5373 0.5098 0.3176
v -3.375 -8.125 33.909 0.5373 0.5098 0.3176
v -3.125 -8.125 33.909 0.5373 0.5098 0.3176
v -2.875 -8.125 33.909 0.5373 0.5098 0.3176
v -2.625 -8.125 33.955 0.5373 0.5098 0.3176
v -2.375 -8.125 33.955 0.5373 0.5098 0.3176
v -2.125 -8.125 33.898 0.5373 0.5098 0.3176
v -1.875 -8.125 33.898 0.5373 0.5098 0.3176
v -1.625 -8.125 33.898 0.5373 0.5098 0.3176
v -1.375 -8.125 33.898 0.5373 0.5098 0.3176
v -1.125 -8.125 33.876 0.5373 0.5098 0.3176
v -0.875 -8.125 33.885 0.5373 0.5098 0.3176
v -0.625 -8.125 33.885 0.5373 0.5098 0.3176
v -0.375 -8.125 33.885 0.5373 0.5098 0.3176
v -0.125 -8.125 33.882 0.5373 0.5098 0.3176
v 0.125 -8.125 34.113 0.5373 0.5098 0.3176
v 0.375 -8.125 34.113 0.5373 0.5098 0.3176
v 0.625 -8.125 34.113 0.5373 0.5098 0.3176
v 0.875 -8.125 34.113 0.5373 0.5098 0.3176
v 1.125 -8.125 34.196 0.5373 0.5098 0.3176
v 1.375 -8.125 34.202 0.5373 0.5098 0.3176
v 1.625 -8.125 34.202 0.5373 0.5098 0.3176
v 1.875 -8.125 34.220 0.5373 0.5098 0.3176
v 2.125 -8.125 34.034 0.5373 0.5098 0.3176
v 2.375 -8.125 34.034 0.5373 0.5098 0.3176
v 2.625 -8.125 34.034 0.5373 0.5098 0.3176
v 2.875 -8.125 34.034 0.5373 0.5098 0.3176
v 3.125 -8.125 33.937 0.5373 0.5098 0.3176
v 3.375 -8.125 33.937 0.5373 0.5098 0.3176
v 3.625 -8.125 33.937 0.5373 0.5098 0.3176
v 3.875 -8.125 33.937 0.5373 0.5098 0.3176
v 4.125 -8.125 33.915 0.5373 0.5098 0.3176
v 4.375 -8.125 33.915 0.5373 0.5098 0.3176
v 4.625 -8.125 33.915 0.5373 0.5098 0.3176
v 4.875 -8.125 33.915 0.5373 0.5098 0.3176
v 5.125 -8.125 33.943 0.5373 0.5098 0.3176
v 5.375 -8.125 33.943 0.5373 0.5098 0.3176
v 5.625 -8.125 33.943 0.5373 0.5098 0.3176
v 5.875 -8.125 33.943 0.5373 0.5098 0.3176
v 6.125 -8.125 33.943 0.5373 0.5098 0.3176
v 6.375 -8.125 34.007 0.5373 0.5098 0.3176
v 6.625 -8.125 34.007 0.5373 0.5098 0.3176
v 6.875 -8.125 34.007 0.5373 0.5098 0.3176
v 7.125 -8.125 34.025 0.5373 0.5098 0.3176
v 7.375 -8.125 34.033 0.5373 0.5098 0.3176
v 7.625 -8.125 34.033 0.5373 0.5098 0.3176
v 7.875 -8.125 34.025 0.5373 0.5098 0.3176
v 8.125 -8.125 34.025 0.5373 0.5098 0.3176
v 8.375 -8.125 34.025 0.5373 0.5098 0.3176
v 8.625 -8.125 34.025 0.5373 0.5098 0.3176
v 8.875 -8.125 34.025 0.5373 0.5098 0.3176
v 9.125 -8.125 34.025 0.5373 0.5098 0.3176
v 9.375 -8.125 34.025 0.5373 0.5098 0.3176
v 9.625 -8.125 34.025 0.5373 0.5098 0.3176
v 9.875 -8.125 34.025 0.5373 0.5098 0.3176
v 10.125 -8.125 34.025 0.5373 0.5098 0.3176
v 10.375 -8.125 34.025 0.5373 0.5098 0.3176
v 10.625 -8.125 34.025 0.5373 0.5098 0.3176
v 10.875 -8.125 34.025 0.5373 0.5098 0.3176
v 11.125 -8.125 34.269 0.5373 0.5098 0.3176
v 11.375 -8.125 34.269 0.5373 0.5098 0.3176
v 11.625 -8.125 34.269 0.5373 0.5098 0.3176
v 11.875 -8.125 34.269 0.5373 0.5098 0.3176
v 12.125 -8.125 34.269 0.5373 0.5098 0.3176
v 12.375 -8.125 34.269 0.5373 0.5098 0.3176
v -12.375 -7.875 33.799 0.5373 0.5098 0.3176
v -12.125 -7.875 33.802 0.5373 0.5098 0.3176
v -11.875 -7.875 33.817 0.5373 0.5098 0.3176
v -11.625 -7.875 33.796 0.5373 0.5098 0.3176
v -11.375 -7.875 33.819 0.5373 0.5098 0.3176
v -11.125 -7.875 33.819 0.5373 0.5098 0.3176
v -10.875 -7.875 33.801 0.5373 0.5098 0.3176
v -10.625 -7.875 33.801 0.5373 0.5098 0.3176
v -10.375 -7.875 33.778 0.5373 0.5098 0.3176
v -10.125 -7.875 33.815 0.5373 0.5098 0.3176
v -9.875 -7.875 33.812 0.5373 0.5098 0.3176
v -9.625 -7.875 33.818 0.5373 0.5098 0.3176
v -9.375 -7.875 33.819 0.5373 0.5098 0.3176
v -9.125 -7.875 33.815 0.5373 0.5098 0.3176
v -8.875 -7.875 33.809 0.5373 0.5098 0.3176
v -8.625 -7.875 33.799 0.5373 0.5098 0.3176
v -8.375 -7.875 33.813 0.5373 0.5098 0.3176
v -8.125 -7.875 33.809 0.5373 0.5098 0.3176
v -7.875 -7.875 33.799 0.5373 0.5098 0.3176
v -7.625 -7.875 33.813 0.5373 0.5098 0.3176
v -7.375 -7.875 33.802 0.5373 0.5098 0.3176
v -7.125 -7.875 33.807 0.5373 0.5098 0.3176
v -6.875 -7.875 33.836 0.5373 0.5098 0.3176
v -6.625 -7.875 33.815 0.5373 0.5098 0.3176
v -6.375 -7.875 33.825 0.5373 0.5098 0.3176
v -6.125 -7.875 33.825 0.5373 0.5098 0.3176
v -5.875 -7.875 33.845 0.5373 0.5098 0.3176
v -5.625 -7.875 33.854 0.5373 0.5098 0.3176
v -5.375 -7.875 33.848 0.5373 0.5098 0.3176
v -5.125 -7.875 33.863 0.5373 0.5098 0.3176
v -4.875 -7.875 33.848 0.5373 0.5098 0.3176
v -4.625 -7.875 33.862 0.5373 0.5098 0.3176
v -4.375 -7.875 33.885 0.5373 0.5098 0.3176
v -4.125 -7.875 33.839 0.5373 0.5098 0.3176
v -3.875 -7.875 33.839 0.5373 0.5098 0.3176
v -3.625 -7.875 33.909 0.5373 0.5098 0.3176
v -3.375 -7.875 33.909 0.5373 0.5098 0.3176
v -3.125 -7.875 33.909 0.5373 0.5098 0.3176
v -2.875 -7.875 33.909 0.5373 0.5098 0.3176
v -2.625 -7.875 33.851 0.5373 0.5098 0.3176
v -2.375 -7.875 33.898 0.5373 0.5098 0.3176
v -2.125 -7.875 33.898 0.5373 0.5098 0.3176
v -1.875 -7.875 33.898 0.5373 0.5098 0.3176
v -1.625 -7.875 33.898 0.5373 0.5098 0.3176
v -1.375 -7.875 33.898 0.5373 0.5098 0.3176
v -1.125 -7.875 33.857 0.5373 0.5098 0.3176
v -0.875 -7.875 33.857 0.5373 0.5098 0.3176
v -0.625 -7.875 33.885 0.5373 0.5098 0.3176
v -0.375 -7.875 33.882 0.5373 0.5098 0.3176
v -0.125 -7.875 33.882 0.5373 0.5098 0.3176
v 0.125 -7.875 33.882 0.5373 0.5098 0.3176
v 0.375 -7.875 34.113 0.5373 0.5098 0.3176
v 0.625 -7.875 34.113 0.5373 0.5098 0.3176
v 0.875 -7.875 34.113 0.5373 0.5098 0.3176
v 1.125 -7.875 34.196 0.5373 0.5098 0.3176
v 1.375 -7.875 34.202 0.5373 0.5098 0.3176
v 1.625 -7.875 34.202 0.5373 0.5098 0.3176
v 1.875 -7.875 34.034 0.5373 0.5098 0.3176
v 2.125 -7.875 34.034 0.5373 0.5098 0.3176
v 2.375 -7.875 34.034 0.5373 0.5098 0.3176
v 2.625 -7.875 34.034 0.5373 0.5098 0.3176
v 2.875 -7.875 34.034 0.5373 0.5098 0.3176
v 3.125 -7.875 33.937 0.5373 0.5098 0.3176
v 3.375 -7.875 33.937 0.5373 0.5098 0.3176
v 3.625 -7.875 33.937 0.5373 0.5098 0.3176
v 3.875 -7.875 33.937 0.5373 0.5098 0.3176
v 4.125 -7.875 33.915 0.5373 0.5098 0.3176
v 4.375 -7.875 33.915 0.5373 0.5098 0.3176
v 4.625 -7.875 33.915 0.5373 0.5098 0.3176
v 4.875 -7.875 33.915 0.5373 0.5098 0.3176
v 5.125 -7.875 33.943 0.5373 0.5098 0.3176
v 5.375 -7.875 33.943 0.5373 0.5098 0.3176
v 5.625 -7.875 33.943 0.5373 0.5098 0.3176
v 5.875 -7.875 33.943 0.5373 0.5098 0.3176
v 6.125 -7.875 33.943 0.5373 0.5098 0.3176
v 6.375 -7.875 34.007 0.5373 0.5098 0.3176
v 6.625 -7.875 34.007 0.5373 0.5098 0.3176
v 6.875 -7.875 34.007 0.5373 0.5098 0.3176
v 7.125 -7.875 34.025 0.5373 0.5098 0.3176
v 7.375 -7.875 34.033 0.5373 0.5098 0.3176
v 7.625 -7.875 34.033 0.5373 0.5098 0.3176
v 7.875 -7.875 34.025 0.5373 0.5098 0.3176
v 8.125 -7.875 34.025 0.5373 0.5098 0.3176
v 8.375 -7.875 34.025 0.5373 0.5098 0.3176
v 8.625 -7.875 34.025 0.5373 0.5098 0.3176
v 8.875 -7.875 34.025 0.5373 0.5098 0.3176
v 9.125 -7.875 34.025 0.5373 0.5098 0.3176
v 9.375 -7.875 34.025 0.5373 0.5098 0.3176
v 9.625 -7.875 34.025 0.5373 0.5098 0.3176
v 9.875 -7.875 34.025 0.5373 0.5098 0.3176
v 10.125 -7.875 34.025 0.5373 0.5098 0.3176
v 10.375 -7.875 34.025 0.5373 0.5098 0.3176
v 10.625 -7.875 34.025 0.5373 0.5098 0.3176
v 10.875 -7.875 34.025 0.5373 0.5098 0.3176
v 11.125 -7.875 34.025 0.5373 0.5098 0.3176
v 11.375 -7.875 34.269 0.5373 0.5098 0.3176
v 11.625 -7.875 34.269 0.5373 0.5098 0.3176
v 11.875 -7.875 34.269 0.5373 0.5098 0.3176
v 12.125 -7.875 34.269 0.5373 0.5098 0.3176
v 12.375 -7.875 34.269 0.5373 0.5098 0.3176
v -12.375 -7.625 33.799 0.5373 0.5098 0.3176
v -12.125 -7.625 33.815 0.5373 0.5098 0.3176
v -11.875 -7.625 33.815 0.5373 0.5098 0.3176
v -11.625 -7.625 33.784 0.5373 0.5098 0.3176
v -11.375 -7.625 33.784 0.5373 0.5098 0.3176
v -11.125 -7.625 33.805 0.5373 0.5098 0.3176
v -10.875 -7.625 33.784 0.5373 0.5098 0.3176
v -10.625 -7.625 33.778 0.5373 0.5098 0.3176
v -10.375 -7.625 33.796 0.5373 0.5098 0.3176
v -10.125 -7.625 33.798 0.5373 0.5098 0.3176
v -9.875 -7.625 33.818 0.5373 0.5098 0.3176
v -9.625 -7.625 33.818 0.5373 0.5098 0.3176
v -9.375 -7.625 33.808 0.5373 0.5098 0.3176
v -9.125 -7.625 33.787 0.5373 0.5098 0.3176
v -8.875 -7.625 33.787 0.5373 0.5098 0.3176
v -8.625 -7.625 33.787 0.5373 0.5098 0.3176
v -8.375 -7.625 33.787 0.5373 0.5098 0.3176
v -8.125 -7.625 33.787 0.5373 0.5098 0.3176
v -7.875 -7.625 33.787 0.5373 0.5098 0.3176
v -7.625 -7.625 33.799 0.5373 0.5098 0.3176
v -7.375 -7.625 33.787 0.5373 0.5098 0.3176
v -7.125 -7.625 33.799 0.5373 0.5098 0.3176
v -6.875 -7.625 33.799 0.5373 0.5098 0.3176
v -6.625 -7.625 33.804 0.5373 0.5098 0.3176
v -6.375 -7.625 33.804 0.5373 0.5098 0.3176
v -6.125 -7.625 33.808 0.5373 0.5098 0.3176
v -5.875 -7.625 33.808 0.5373 0.5098 0.3176
v -5.625 -7.625 33.808 0.5373 0.5098 0.3176
v -5.375 -7.625 33.845 0.5373 0.5098 0.3176
v -5.125 -7.625 33.845 0.5373 0.5098 0.3176
v -4.875 -7.625 33.854 0.5373 0.5098 0.3176
v -4.625 -7.625 33.854 0.5373 0.5098 0.3176
v -4.375 -7.625 33.885 0.5373 0.5098 0.3176
v -4.125 -7.625 33.839 0.5373 0.5098 0.3176
v -3.875 -7.625 33.909 0.5373 0.5098 0.3176
v -3.625 -7.625 33.909 0.5373 0.5098 0.3176
v -3.375 -7.625 33.909 0.5373 0.5098 0.3176
v -3.125 -7.625 33.909 0.5373 0.5098 0.3176
v -2.875 -7.625 33.851 0.5373 0.5098 0.3176
v -2.625 -7.625 33.851 0.5373 0.5098 0.3176
v -2.375 -7.625 33.906 0.5373 0.5098 0.3176
v -2.125 -7.625 33.906 0.5373 0.5098 0.3176
v -1.875 -7.625 33.906 0.5373 0.5098 0.3176
v -1.625 -7.625 33.906 0.5373 0.5098 0.3176
v -1.375 -7.625 33.906 0.5373 0.5098 0.3176
v -1.125 -7.625 33.857 0.5373 0.5098 0.3176
v -0.875 -7.625 33.860 0.5373 0.5098 0.3176
v -0.625 -7.625 33.860 0.5373 0.5098 0.3176
v -0.375 -7.625 33.882 0.5373 0.5098 0.3176
v -0.125 -7.625 33.882 0.5373 0.5098 0.3176
v 0.125 -7.625 33.882 0.5373 0.5098 0.3176
v 0.375 -7.625 34.113 0.5373 0.5098 0.3176
v 0.625 -7.625 34.113 0.5373 0.5098 0.3176
v 0.875 -7.625 34.113 0.5373 0.5098 0.3176
v 1.125 -7.625 34.113 0.5373 0.5098 0.3176
v 1.375 -7.625 34.202 0.5373 0.5098 0.3176
v 1.625 -7.625 34.202 0.5373 0.5098 0.3176
v 1.875 -7.625 34.034 0.5373 0.5098 0.3176
v 2.125 -7.625 34.034 0.5373 0.5098 0.3176
v 2.375 -7.625 34.034 0.5373 0.5098 0.3176
v 2.625 -7.625 34.034 0.5373 0.5098 0.3176
v 2.875 -7.625 34.034 0.5373 0.5098 0.3176
v 3.125 -7.625 33.924 0.5373 0.5098 0.3176
v 3.375 -7.625 33.924 0.5373 0.5098 0.3176
v 3.625 -7.625 33.924 0.5373 0.5098 0.3176
v 3.875 -7.625 33.924 0.5373 0.5098 0.3176
v 4.125 -7.625 33.915 0.5373 0.5098 0.3176
v 4.375 -7.625 33.915 0.5373 0.5098 0.3176
v 4.625 -7.625 33.915 0.5373 0.5098 0.3176
v 4.875 -7.625 33.915 0.5373 0.5098 0.3176
v 5.125 -7.625 33.943 0.5373 0.5098 0.3176
v 5.375 -7.625 33.943 0.5373 0.5098 0.3176
v 5.625 -7.625 33.943 0.5373 0.5098 0.3176
v 5.875 -7.625 33.943 0.5373 0.5098 0.3176
v 6.125 -7.625 33.943 0.5373 0.5098 0.3176
v 6.375 -7.625 34.007 0.5373 0.5098 0.3176
v 6.625 -7.625 34.007 0.5373 0.5098 0.3176
v 6.875 -7.625 34.007 0.5373 0.5098 0.3176
v 7.125 -7.625 34.025 0.5373 0.5098 0.3176
v 7.375 -7.625 34.033 0.5373 0.5098 0.3176
v 7.625 -7.625 34.033 0.5373 0.5098 0.3176
v 7.875 -7.625 34.025 0.5373 0.5098 0.3176
v 8.125 -7.625 34.025 0.5373 0.5098 0.3176
v 8.375 -7.625 34.025 0.5373 0.5098 0.3176
v 8.625 -7.625 34.025 0.5373 0.5098 0.3176
v 8.875 -7.625 34.025 0.5373 0.5098 0.3176
v 9.125 -7.625 34.025 0.5373 0.5098 0.3176
v 9.375 -7.625 34.025 0.5373 0.5098 0.3176
v 9.625 -7.625 34.025 0.5373 0.5098 0.3176
v 9.875 -7.625 34.025 0.5373 0.5098 0.3176
v 10.125 -7.625 34.025 0.5373 0.5098 0.3176
v 10.375 -7.625 34.025 0.5373 0.5098 0.3176
v 10.625 -7.625 34.025 0.5373 0.5098 0.3176
v 10.875 -7.625 34.025 0.5373 0.5098 0.3176
v 11.125 -7.625 34.025 0.5373 0.5098 0.3176
v 11.375 -7.625 34.025 0.5373 0.5098 0.3176
v 11.625 -7.625 34.269 0.5373 0.5098 0.3176
v 11.875 -7.625 34.269 0.5373 0.5098 0.3176
v 12.125 -7.625 34.269 0.5373 0.5098 0.3176
v 12.375 -7.625 34.269 0.5373 0.5098 0.3176
v -12.375 -7.375 33.769 0.5373 0.5098 0.3176
v -12.125 -7.375 33.769 0.5373 0.5098 0.3176
v -11.875 -7.375 33.792 0.5373 0.5098 0.3176
v -11.625 -7.375 33.784 0.5373 0.5098 0.3176
v -11.375 -7.375 33.830 0.5373 0.5098 0.3176
v -11.125 -7.375 33.830 0.5373 0.5098 0.3176
v -10.875 -7.375 33.784 0.5373 0.5098 0.3176
v -10.625 -7.375 33.790 0.5373 0.5098 0.3176
v -10.375 -7.375 33.790 0.5373 0.5098 0.3176
v -10.125 -7.375 33.802 0.5373 0.5098 0.3176
v -9.875 -7.375 33.802 0.5373 0.5098 0.3176
v -9.625 -7.375 33.798 0.5373 0.5098 0.3176
v -9.375 -7.375 33.781 0.5373 0.5098 0.3176
v -9.125 -7.375 33.778 0.5373 0.5098 0.3176
v -8.875 -7.375 33.780 0.5373 0.5098 0.3176
v -8.625 -7.375 33.780 0.5373 0.5098 0.3176
v -8.375 -7.375 33.788 0.5373 0.5098 0.3176
v -8.125 -7.375 33.781 0.5373 0.5098 0.3176
v -7.875 -7.375 33.781 0.5373 0.5098 0.3176
v -7.625 -7.375 33.784 0.5373 0.5098 0.3176
v -7.375 -7.375 33.784 0.5373 0.5098 0.3176
v -7.125 -7.375 33.772 0.5373 0.5098 0.3176
v -6.875 -7.375 33.783 0.5373 0.5098 0.3176
v -6.625 -7.375 33.790 0.5373 0.5098 0.3176
v -6.375 -7.375 33.801 0.5373 0.5098 0.3176
v -6.125 -7.375 33.808 0.5373 0.5098 0.3176
v -5.875 -7.375 33.808 0.5373 0.5098 0.3176
v -5.625 -7.375 33.822 0.5373 0.5098 0.3176
v -5.375 -7.375 33.813 0.5373 0.5098 0.3176
v -5.125 -7.375 33.815 0.5373 0.5098 0.3176
v -4.875 -7.375 33.815 0.5373 0.5098 0.3176
v -4.625 -7.375 33.836 0.5373 0.5098 0.3176
v -4.375 -7.375 33.808 0.5373 0.5098 0.3176
v -4.125 -7.375 33.833 0.5373 0.5098 0.3176
v -3.875 -7.375 33.833 0.5373 0.5098 0.3176
v -3.625 -7.375 33.909 0.5373 0.5098 0.3176
v -3.375 -7.375 33.818 0.5373 0.5098 0.3176
v -3.125 -7.375 33.851 0.5373 0.5098 0.3176
v -2.875 -7.375 33.851 0.5373 0.5098 0.3176
v -2.625 -7.375 33.851 0.5373 0.5098 0.3176
v -2.375 -7.375 33.851 0.5373 0.5098 0.3176
v -2.125 -7.375 33.906 0.5373 0.5098 0.3176
v -1.875 -7.375 33.906 0.5373 0.5098 0.3176
v -1.625 -7.375 33.906 0.5373 0.5098 0.3176
v -1.375 -7.375 33.906 0.5373 0.5098 0.3176
v -1.125 -7.375 33.845 0.5373 0.5098 0.3176
v -0.875 -7.375 33.851 0.5373 0.5098 0.3176
v -0.625 -7.375 33.857 0.5373 0.5098 0.3176
v -0.375 -7.375 33.854 0.5373 0.5098 0.3176
v -0.125 -7.375 33.854 0.5373 0.5098 0.3176
v 0.125 -7.375 33.854 0.5373 0.5098 0.3176
v 0.375 -7.375 33.903 0.5373 0.5098 0.3176
v 0.625 -7.375 33.903 0.5373 0.5098 0.3176
v 0.875 -7.375 33.882 0.5373 0.5098 0.3176
v 1.125 -7.375 33.882 0.5373 0.5098 0.3176
v 1.375 -7.375 33.882 0.5373 0.5098 0.3176
v 1.625 -7.375 33.833 0.5373 0.5098 0.3176
v 1.875 -7.375 33.833 0.5373 0.5098 0.3176
v 2.125 -7.375 33.833 0.5373 0.5098 0.3176
v 2.375 -7.375 34.034 0.5373 0.5098 0.3176
v 2.625 -7.375 34.034 0.5373 0.5098 0.3176
v 2.875 -7.375 34.034 0.5373 0.5098 0.3176
v 3.125 -7.375 33.924 0.5373 0.5098 0.3176
v 3.375 -7.375 33.924 0.5373 0.5098 0.3176
v 3.625 -7.375 33.924 0.5373 0.5098 0.3176
v 3.875 -7.375 33.924 0.5373 0.5098 0.3176
v 4.125 -7.375 33.915 0.5373 0.5098 0.3176
v 4.375 -7.375 33.915 0.5373 0.5098 0.3176
v 4.625 -7.375 33.915 0.5373 0.5098 0.3176
v 4.875 -7.375 33.915 0.5373 0.5098 0.3176
v 5.125 -7.375 33.943 0.5373 0.5098 0.3176
v 5.375 -7.375 33.943 0.5373 0.5098 0.3176
v 5.625 -7.375 33.943 0.5373 0.5098 0.3176
v 5.875 -7.375 33.943 0.5373 0.5098 0.3176
v 6.125 -7.375 33.943 0.5373 0.5098 0.3176
v 6.375 -7.375 34.007 0.5373 0.5098 0.3176
v 6.625 -7.375 34.007 0.5373 0.5098 0.3176
v 6.875 -7.375 33.964 0.5373 0.5098 0.3176
v 7.125 -7.375 34.025 0.5373 0.5098 0.3176
v 7.375 -7.375 34.033 0.5373 0.5098 0.3176
v 7.625 -7.375 34.033 0.5373 0.5098 0.3176
v 7.875 -7.375 34.025 0.5373 0.5098 0.3176
v 8.125 -7.375 34.025 0.5373 0.5098 0.3176
v 8.375 -7.375 34.025 0.5373 0.5098 0.3176
v 8.625 -7.375 34.025 0.5373 0.5098 0.3176
v 8.875 -7.375 34.025 0.5373 0.5098 0.3176
v 9.125 -7.375 34.025 0.5373 0.5098 0.3176
v 9.375 -7.375 34.025 0.5373 0.5098 0.3176
v 9.625 -7.375 34.025 0.5373 0.5098 0.3176
v 9.875 -7.375 34.025 0.5373 0.5098 0.3176
v 10.125 -7.375 34.025 0.5373 0.5098 0.3176
v 10.375 -7.375 34.025 0.5373 0.5098 0.3176
v 10.625 -7.375 34.025 0.5373 0.5098 0.3176
v 10.875 -7.375 34.025 0.5373 0.5098 0.3176
v 11.125 -7.375 34.025 0.5373 0.5098 0.3176
v 11.375 -7.375 34.025 0.5373 0.5098 0.3176
v 11.625 -7.375 33.299 0.5373 0.5098 0.3176
v 11.875 -7.375 33.278 0.5373 0.5098 0.3176
v 12.125 -7.375 34.269 0.5373 0.5098 0.3176
v 12.375 -7.375 34.269 0.5373 0.5098 0.3176
v -12.375 -7.125 33.772 0.5373 0.5098 0.3176
v -12.125 -7.125 33.778 0.5373 0.5098 0.3176
v -11.875 -7.125 33.792 0.5373 0.5098 0.3176
v -11.625 -7.125 33.790 0.5373 0.5098 0.3176
v -11.375 -7.125 33.798 0.5373 0.5098 0.3176
v -11.125 -7.125 33.764 0.5373 0.5098 0.3176
v -10.875 -7.125 33.770 0.5373 0.5098 0.3176
v -10.625 -7.125 33.778 0.5373 0.5098 0.3176
v -10.375 -7.125 33.775 0.5373 0.5098 0.3176
v -10.125 -7.125 33.801 0.5373 0.5098 0.3176
v -9.875 -7.125 33.782 0.5373 0.5098 0.3176
v -9.625 -7.125 33.784 0.5373 0.5098 0.3176
v -9.375 -7.125 33.769 0.5373 0.5098 0.3176
v -9.125 -7.125 33.769 0.5373 0.5098 0.3176
v -8.875 -7.125 33.778 0.5373 0.5098 0.3176
v -8.625 -7.125 33.772 0.5373 0.5098 0.3176
v -8.375 -7.125 33.772 0.5373 0.5098 0.3176
v -8.125 -7.125 33.766 0.5373 0.5098 0.3176
v -7.875 -7.125 33.763 0.5373 0.5098 0.3176
v -7.625 -7.125 33.766 0.5373 0.5098 0.3176
v -7.375 -7.125 33.764 0.5373 0.5098 0.3176
v -7.125 -7.125 33.757 0.5373 0.5098 0.3176
v -6.875 -7.125 33.773 0.5373 0.5098 0.3176
v -6.625 -7.125 33.776 0.5373 0.5098 0.3176
v -6.375 -7.125 33.784 0.5373 0.5098 0.3176
v -6.125 -7.125 33.783 0.5373 0.5098 0.3176
v -5.875 -7.125 33.786 0.5373 0.5098 0.3176
v -5.625 -7.125 33.792 0.5373 0.5098 0.3176
v -5.375 -7.125 33.792 0.5373 0.5098 0.3176
v -5.125 -7.125 33.798 0.5373 0.5098 0.3176
v -4.875 -7.125 33.815 0.5373 0.5098 0.3176
v -4.625 -7.125 33.827 0.5373 0.5098 0.3176
v -4.375 -7.125 33.815 0.5373 0.5098 0.3176
v -4.125 -7.125 33.814 0.5373 0.5098 0.3176
v -3.875 -7.125 33.816 0.5373 0.5098 0.3176
v -3.625 -7.125 33.816 0.5373 0.5098 0.3176
v -3.375 -7.125 33.818 0.5373 0.5098 0.3176
v -3.125 -7.125 33.851 0.5373 0.5098 0.3176
v -2.875 -7.125 33.851 0.5373 0.5098 0.3176
v -2.625 -7.125 33.851 0.5373 0.5098 0.3176
v -2.375 -7.125 33.842 0.5373 0.5098 0.3176
v -2.125 -7.125 33.842 0.5373 0.5098 0.3176
v -1.875 -7.125 33.906 0.5373 0.5098 0.3176
v -1.625 -7.125 33.845 0.5373 0.5098 0.3176
v -1.375 -7.125 33.845 0.5373 0.5098 0.3176
v -1.125 -7.125 33.845 0.5373 0.5098 0.3176
v -0.875 -7.125 33.854 0.5373 0.5098 0.3176
v -0.625 -7.125 33.854 0.5373 0.5098 0.3176
v -0.375 -7.125 33.842 0.5373 0.5098 0.3176
v -0.125 -7.125 33.842 0.5373 0.5098 0.3176
v 0.125 -7.125 33.903 0.5373 0.5098 0.3176
v 0.375 -7.125 33.903 0.5373 0.5098 0.3176
v 0.625 -7.125 33.903 0.5373 0.5098 0.3176
v 0.875 -7.125 33.882 0.5373 0.5098 0.3176
v 1.125 -7.125 33.882 0.5373 0.5098 0.3176
v 1.375 -7.125 33.882 0.5373 0.5098 0.3176
v 1.625 -7.125 33.833 0.5373 0.5098 0.3176
v 1.875 -7.125 33.833 0.5373 0.5098 0.3176
v 2.125 -7.125 33.833 0.5373 0.5098 0.3176
v 2.375 -7.125 33.833 0.5373 0.5098 0.3176
v 2.625 -7.125 33.833 0.5373 0.5098 0.3176
v 2.875 -7.125 33.833 0.5373 0.5098 0.3176
v 3.125 -7.125 33.924 0.5373 0.5098 0.3176
v 3.375 -7.125 33.924 0.5373 0.5098 0.3176
v 3.625 -7.125 33.924 0.5373 0.5098 0.3176
v 3.875 -7.125 33.924 0.5373 0.5098 0.3176
v 4.125 -7.125 33.915 0.5373 0.5098 0.3176
v 4.375 -7.125 33.915 0.5373 0.5098 0.3176
v 4.625 -7.125 33.915 0.5373 0.5098 0.3176
v 4.875 -7.125 33.836 0.5373 0.5098 0.3176
v 5.125 -7.125 33.943 0.5373 0.5098 0.3176
v 5.375 -7.125 33.943 0.5373 0.5098 0.3176
v 5.625 -7.125 33.943 0.5373 0.5098 0.3176
v 5.875 -7.125 33.943 0.5373 0.5098 0.3176
v 6.125 -7.125 33.943 0.5373 0.5098 0.3176
v 6.375 -7.125 33.964 0.5373 0.5098 0.3176
v 6.625 -7.125 33.964 0.5373 0.5098 0.3176
v 6.875 -7.125 33.964 0.5373 0.5098 0.3176
v 7.125 -7.125 33.964 0.5373 0.5098 0.3176
v 7.375 -7.125 33.964 0.5373 0.5098 0.3176
v 7.625 -7.125 34.033 0.5373 0.5098 0.3176
v 7.875 -7.125 34.025 0.5373 0.5098 0.3176
v 8.125 -7.125 34.025 0.5373 0.5098 0.3176
v 8.375 -7.125 34.025 0.5373 0.5098 0.3176
v 8.625 -7.125 34.025 0.5373 0.5098 0.3176
v 8.875 -7.125 34.025 0.5373 0.5098 0.3176
v 9.125 -7.125 34.025 0.5373 0.5098 0.3176
v 9.375 -7.125 34.025 0.5373 0.5098 0.3176
v 9.625 -7.125 34.025 0.5373 0.5098 0.3176
v 9.875 -7.125 34.025 0.5373 0.5098 0.3176
v 10.125 -7.125 34.025 0.5373 0.5098 0.3176
v 10.375 -7.125 34.025 0.5373 0.5098 0.3176
v 10.625 -7.125 34.025 0.5373 0.5098 0.3176
v 10.875 -7.125 34.025 0.5373 0.5098 0.3176
v 11.125 -7.125 34.025 0.5373 0.5098 0.3176
v 11.375 -7.125 33.281 0.5373 0.5098 0.3176
v 11.625 -7.125 33.299 0.5373 0.5098 0.3176
v 11.875 -7.125 33.278 0.5373 0.5098 0.3176
v 12.125 -7.125 33.278 0.5373 0.5098 0.3176
v 12.375 -7.125 33.278 0.5373 0.5098 0.3176
v -12.375 -6.875 33.772 0.5373 0.5098 0.3176
v -12.125 -6.875 33.778 0.5373 0.5098 0.3176
v -11.875 -6.875 33.792 0.5373 0.5098 0.3176
v -11.625 -6.875 33.790 0.5373 0.5098 0.3176
v -11.375 -6.875 33.798 0.5373 0.5098 0.3176
v -11.125 -6.875 33.764 0.5373 0.5098 0.3176
v -10.875 -6.875 33.770 0.5373 0.5098 0.3176
v -10.625 -6.875 33.776 0.5373 0.5098 0.3176
v -10.375 -6.875 33.778 0.5373 0.5098 0.3176
v -10.125 -6.875 33.792 0.5373 0.5098 0.3176
v -9.875 -6.875 33.775 0.5373 0.5098 0.3176
v -9.625 -6.875 33.799 0.5373 0.5098 0.3176
v -9.375 -6.875 33.772 0.5373 0.5098 0.3176
v -9.125 -6.875 33.776 0.5373 0.5098 0.3176
v -8.875 -6.875 33.776 0.5373 0.5098 0.3176
v -8.625 -6.875 33.760 0.5373 0.5098 0.3176
v -8.375 -6.875 33.760 0.5373 0.5098 0.3176
v -8.125 -6.875 33.775 0.5373 0.5098 0.3176
v -7.875 -6.875 33.757 0.5373 0.5098 0.3176
v -7.625 -6.875 33.757 0.5373 0.5098 0.3176
v -7.375 -6.875 33.764 0.5373 0.5098 0.3176
v -7.125 -6.875 33.757 0.5373 0.5098 0.3176
v -6.875 -6.875 33.773 0.5373 0.5098 0.3176
v -6.625 -6.875 33.763 0.5373 0.5098 0.3176
v -6.375 -6.875 33.776 0.5373 0.5098 0.3176
v -6.125 -6.875 33.769 0.5373 0.5098 0.3176
v -5.875 -6.875 33.775 0.5373 0.5098 0.3176
v -5.625 -6.875 33.772 0.5373 0.5098 0.3176
v -5.375 -6.875 33.778 0.5373 0.5098 0.3176
v -5.125 -6.875 33.786 0.5373 0.5098 0.3176
v -4.875 -6.875 33.786 0.5373 0.5098 0.3176
v -4.625 -6.875 33.802 0.5373 0.5098 0.3176
v -4.375 -6.875 33.801 0.5373 0.5098 0.3176
v -4.125 -6.875 33.801 0.5373 0.5098 0.3176
v -3.875 -6.875 33.812 0.5373 0.5098 0.3176
v -3.625 -6.875 33.793 0.5373 0.5098 0.3176
v -3.375 -6.875 33.818 0.5373 0.5098 0.3176
v -3.125 -6.875 33.851 0.5373 0.5098 0.3176
v -2.875 -6.875 33.851 0.5373 0.5098 0.3176
v -2.625 -6.875 33.842 0.5373 0.5098 0.3176
v -2.375 -6.875 33.842 0.5373 0.5098 0.3176
v -2.125 -6.875 33.842 0.5373 0.5098 0.3176
v -1.875 -6.875 33.802 0.5373 0.5098 0.3176
v -1.625 -6.875 33.802 0.5373 0.5098 0.3176
v -1.375 -6.875 33.802 0.5373 0.5098 0.3176
v -1.125 -6.875 33.842 0.5373 0.5098 0.3176
v -0.875 -6.875 33.842 0.5373 0.5098 0.3176
v -0.625 -6.875 33.833 0.5373 0.5098 0.3176
v -0.375 -6.875 33.836 0.5373 0.5098 0.3176
v -0.125 -6.875 33.842 0.5373 0.5098 0.3176
v 0.125 -6.875 33.903 0.5373 0.5098 0.3176
v 0.375 -6.875 33.903 0.5373 0.5098 0.3176
v 0.625 -6.875 33.903 0.5373 0.5098 0.3176
v 0.875 -6.875 33.882 0.5373 0.5098 0.3176
v 1.125 -6.875 33.882 0.5373 0.5098 0.3176
v 1.375 -6.875 33.882 0.5373 0.5098 0.3176
v 1.625 -6.875 33.833 0.5373 0.5098 0.3176
v 1.875 -6.875 33.833 0.5373 0.5098 0.3176
v 2.125 -6.875 33.833 0.5373 0.5098 0.3176
v 2.375 -6.875 33.833 0.5373 0.5098 0.3176
v 2.625 -6.875 33.833 0.5373 0.5098 0.3176
v 2.875 -6.875 33.833 0.5373 0.5098 0.3176
v 3.125 -6.875 33.735 0.5373 0.5098 0.3176
v 3.375 -6.875 33.784 0.5373 0.5098 0.3176
v 3.625 -6.875 33.924 0.5373 0.5098 0.3176
v 3.875 -6.875 33.812 0.5373 0.5098 0.3176
v 4.125 -6.875 33.805 0.5373 0.5098 0.3176
v 4.375 -6.875 33.805 0.5373 0.5098 0.3176
v 4.625 -6.875 33.805 0.5373 0.5098 0.3176
v 4.875 -6.875 33.836 0.5373 0.5098 0.3176
v 5.125 -6.875 33.827 0.5373 0.5098 0.3176
v 5.375 -6.875 33.854 0.5373 0.5098 0.3176
v 5.625 -6.875 33.854 0.5373 0.5098 0.3176
v 5.875 -6.875 33.885 0.5373 0.5098 0.3176
v 6.125 -6.875 33.885 0.5373 0.5098 0.3176
v 6.375 -6.875 33.885 0.5373 0.5098 0.3176
v 6.625 -6.875 33.964 0.5373 0.5098 0.3176
v 6.875 -6.875 33.964 0.5373 0.5098 0.3176
v 7.125 -6.875 33.964 0.5373 0.5098 0.3176
v 7.375 -6.875 33.964 0.5373 0.5098 0.3176
v 7.625 -6.875 33.964 0.5373 0.5098 0.3176
v 7.875 -6.875 34.025 0.5373 0.5098 0.3176
v 8.125 -6.875 34.025 0.5373 0.5098 0.3176
v 8.375 -6.875 34.025 0.5373 0.5098 0.3176
v 8.625 -6.875 34.025 0.5373 0.5098 0.3176
v 8.875 -6.875 34.025 0.5373 0.5098 0.3176
v 9.125 -6.875 34.025 0.5373 0.5098 0.3176
v 9.375 -6.875 34.025 0.5373 0.5098 0.3176
v 9.625 -6.875 34.025 0.5373 0.5098 0.3176
v 9.875 -6.875 34.025 0.5373 0.5098 0.3176
v 10.125 -6.875 34.025 0.5373 0.5098 0.3176
v 10.375 -6.875 34.025 0.5373 0.5098 0.3176
v 10.625 -6.875 34.025 0.5373 0.5098 0.3176
v 10.875 -6.875 34.025 0.5373 0.5098 0.3176
v 11.125 -6.875 33.281 0.5373 0.5098 0.3176
v 11.375 -6.875 33.281 0.5373 0.5098 0.3176
v 11.625 -6.875 33.299 0.5373 0.5098 0.3176
v 11.875 -6.875 33.278 0.5373 0.5098 0.3176
v 12.125 -6.875 33.278 0.5373 0.5098 0.3176
v 12.375 -6.875 33.278 0.5373 0.5098 0.3176
v -12.375 -6.625 33.708 0.5373 0.5098 0.3176
v -12.125 -6.625 33.717 0.5373 0.5098 0.3176
v -11.875 -6.625 33.708 0.5373 0.5098 0.3176
v -11.625 -6.625 33.729 0.5373 0.5098 0.3176
v -11.375 -6.625 33.766 0.5373 0.5098 0.3176
v -11.125 -6.625 33.766 0.5373 0.5098 0.3176
v -10.875 -6.625 33.772 0.5373 0.5098 0.3176
v -10.625 -6.625 33.772 0.5373 0.5098 0.3176
v -10.375 -6.625 33.772 0.5373 0.5098 0.3176
v -10.125 -6.625 33.802 0.5373 0.5098 0.3176
v -9.875 -6.625 33.802 0.5373 0.5098 0.3176
v -9.625 -6.625 33.772 0.5373 0.5098 0.3176
v -9.375 -6.625 33.764 0.5373 0.5098 0.3176
v -9.125 -6.625 33.764 0.5373 0.5098 0.3176
v -8.875 -6.625 33.755 0.5373 0.5098 0.3176
v -8.625 -6.625 33.751 0.5373 0.5098 0.3176
v -8.375 -6.625 33.729 0.5373 0.5098 0.3176
v -8.125 -6.625 33.729 0.5373 0.5098 0.3176
v -7.875 -6.625 33.717 0.5373 0.5098 0.3176
v -7.625 -6.625 33.717 0.5373 0.5098 0.3176
v -7.375 -6.625 33.659 0.5373 0.5098 0.3176
v -7.125 -6.625 33.659 0.5373 0.5098 0.3176
v -6.875 -6.625 33.757 0.5373 0.5098 0.3176
v -6.625 -6.625 33.757 0.5373 0.5098 0.3176
v -6.375 -6.625 33.737 0.5373 0.5098 0.3176
v -6.125 -6.625 33.751 0.5373 0.5098 0.3176
v -5.875 -6.625 33.741 0.5373 0.5098 0.3176
v -5.625 -6.625 33.767 0.5373 0.5098 0.3176
v -5.375 -6.625 33.738 0.5373 0.5098 0.3176
v -5.125 -6.625 33.772 0.5373 0.5098 0.3176
v -4.875 -6.625 33.775 0.5373 0.5098 0.3176
v -4.625 -6.625 33.775 0.5373 0.5098 0.3176
v -4.375 -6.625 33.802 0.5373 0.5098 0.3176
v -4.125 -6.625 33.789 0.5373 0.5098 0.3176
v -3.875 -6.625 33.796 0.5373 0.5098 0.3176
v -3.625 -6.625 33.778 0.5373 0.5098 0.3176
v -3.375 -6.625 33.784 0.5373 0.5098 0.3176
v -3.125 -6.625 33.778 0.5373 0.5098 0.3176
v -2.875 -6.625 33.842 0.5373 0.5098 0.3176
v -2.625 -6.625 33.842 0.5373 0.5098 0.3176
v -2.375 -6.625 33.842 0.5373 0.5098 0.3176
v -2.125 -6.625 33.735 0.5373 0.5098 0.3176
v -1.875 -6.625 33.775 0.5373 0.5098 0.3176
v -1.625 -6.625 33.802 0.5373 0.5098 0.3176
v -1.375 -6.625 33.802 0.5373 0.5098 0.3176
v -1.125 -6.625 33.802 0.5373 0.5098 0.3176
v -0.875 -6.625 33.808 0.5373 0.5098 0.3176
v -0.625 -6.625 33.833 0.5373 0.5098 0.3176
v -0.375 -6.625 33.833 0.5373 0.5098 0.3176
v -0.125 -6.625 33.833 0.5373 0.5098 0.3176
v 0.125 -6.625 33.903 0.5373 0.5098 0.3176
v 0.375 -6.625 33.903 0.5373 0.5098 0.3176
v 0.625 -6.625 33.903 0.5373 0.5098 0.3176
v 0.875 -6.625 33.882 0.5373 0.5098 0.3176
v 1.125 -6.625 33.882 0.5373 0.5098 0.3176
v 1.375 -6.625 33.882 0.5373 0.5098 0.3176
v 1.625 -6.625 33.833 0.5373 0.5098 0.3176
v 1.875 -6.625 33.833 0.5373 0.5098 0.3176
v 2.125 -6.625 33.833 0.5373 0.5098 0.3176
v 2.375 -6.625 33.833 0.5373 0.5098 0.3176
v 2.625 -6.625 33.833 0.5373 0.5098 0.3176
v 2.875 -6.625 33.735 0.5373 0.5098 0.3176
v 3.125 -6.625 33.735 0.5373 0.5098 0.3176
v 3.375 -6.625 33.784 0.5373 0.5098 0.3176
v 3.625 -6.625 33.793 0.5373 0.5098 0.3176
v 3.875 -6.625 33.812 0.5373 0.5098 0.3176
v 4.125 -6.625 33.805 0.5373 0.5098 0.3176
v 4.375 -6.625 33.805 0.5373 0.5098 0.3176
v 4.625 -6.625 33.805 0.5373 0.5098 0.3176
v 4.875 -6.625 33.836 0.5373 0.5098 0.3176
v 5.125 -6.625 33.827 0.5373 0.5098 0.3176
v 5.375 -6.625 33.854 0.5373 0.5098 0.3176
v 5.625 -6.625 33.854 0.5373 0.5098 0.3176
v 5.875 -6.625 33.885 0.5373 0.5098 0.3176
v 6.125 -6.625 33.885 0.5373 0.5098 0.3176
v 6.375 -6.625 33.885 0.5373 0.5098 0.3176
v 6.625 -6.625 33.949 0.5373 0.5098 0.3176
v 6.875 -6.625 33.949 0.5373 0.5098 0.3176
v 7.125 -6.625 33.949 0.5373 0.5098 0.3176
v 7.375 -6.625 33.949 0.5373 0.5098 0.3176
v 7.625 -6.625 33.949 0.5373 0.5098 0.3176
v 7.875 -6.625 33.949 0.5373 0.5098 0.3176
v 8.125 -6.625 34.025 0.5373 0.5098 0.3176
v 8.375 -6.625 34.025 0.5373 0.5098 0.3176
v 8.625 -6.625 34.025 0.5373 0.5098 0.3176
v 8.875 -6.625 34.025 0.5373 0.5098 0.3176
v 9.125 -6.625 34.025 0.5373 0.5098 0.3176
v 9.375 -6.625 34.025 0.5373 0.5098 0.3176
v 9.625 -6.625 34.025 0.5373 0.5098 0.3176
v 9.875 -6.625 34.025 0.5373 0.5098 0.3176
v 10.125 -6.625 34.025 0.5373 0.5098 0.3176
v 10.375 -6.625 34.025 0.5373 0.5098 0.3176
v 10.625 -6.625 34.025 0.5373 0.5098 0.3176
v 10.875 -6.625 33.281 0.5373 0.5098 0.3176
v 11.125 -6.625 33.281 0.5373 0.5098 0.3176
v 11.375 -6.625 33.281 0.5373 0.5098 0.3176
v 11.625 -6.625 33.299 0.5373 0.5098 0.3176
v 11.875 -6.625 33.278 0.5373 0.5098 0.3176
v 12.125 -6.625 33.278 0.5373 0.5098 0.3176
v 12.375 -6.625 33.278 0.5373 0.5098 0.3176
v -12.375 -6.375 33.708 0.5373 0.5098 0.3176
v -12.125 -6.375 33.708 0.5373 0.5098 0.3176
v -11.875 -6.375 33.708 0.5373 0.5098 0.3176
v -11.625 -6.375 33.748 0.5373 0.5098 0.3176
v -11.375 -6.375 33.769 0.5373 0.5098 0.3176
v -11.125 -6.375 33.766 0.5373 0.5098 0.3176
v -10.875 -6.375 33.766 0.5373 0.5098 0.3176
v -10.625 -6.375 33.759 0.5373 0.5098 0.3176
v -10.375 -6.375 33.757 0.5373 0.5098 0.3176
v -10.125 -6.375 33.790 0.5373 0.5098 0.3176
v -9.875 -6.375 33.735 0.5373 0.5098 0.3176
v -9.625 -6.375 33.749 0.5373 0.5098 0.3176
v -9.375 -6.375 33.734 0.5373 0.5098 0.3176
v -9.125 -6.375 33.734 0.5373 0.5098 0.3176
v -8.875 -6.375 33.738 0.5373 0.5098 0.3176
v -8.625 -6.375 33.738 0.5373 0.5098 0.3176
v -8.375 -6.375 33.741 0.5373 0.5098 0.3176
v -8.125 -6.375 33.717 0.5373 0.5098 0.3176
v -7.875 -6.375 33.708 0.5373 0.5098 0.3176
v -7.625 -6.375 33.708 0.5373 0.5098 0.3176
v -7.375 -6.375 33.638 0.5373 0.5098 0.3176
v -7.125 -6.375 33.664 0.5373 0.5098 0.3176
v -6.875 -6.375 33.708 0.5373 0.5098 0.3176
v -6.625 -6.375 33.717 0.5373 0.5098 0.3176
v -6.375 -6.375 33.717 0.5373 0.5098 0.3176
v -6.125 -6.375 33.751 0.5373 0.5098 0.3176
v -5.875 -6.375 33.738 0.5373 0.5098 0.3176
v -5.625 -6.375 33.738 0.5373 0.5098 0.3176
v -5.375 -6.375 33.738 0.5373 0.5098 0.3176
v -5.125 -6.375 33.772 0.5373 0.5098 0.3176
v -4.875 -6.375 33.775 0.5373 0.5098 0.3176
v -4.625 -6.375 33.775 0.5373 0.5098 0.3176
v -4.375 -6.375 33.769 0.5373 0.5098 0.3176
v -4.125 -6.375 33.769 0.5373 0.5098 0.3176
v -3.875 -6.375 33.769 0.5373 0.5098 0.3176
v -3.625 -6.375 33.760 0.5373 0.5098 0.3176
v -3.375 -6.375 33.760 0.5373 0.5098 0.3176
v -3.125 -6.375 33.748 0.5373 0.5098 0.3176
v -2.875 -6.375 33.748 0.5373 0.5098 0.3176
v -2.625 -6.375 33.755 0.5373 0.5098 0.3176
v -2.375 -6.375 33.735 0.5373 0.5098 0.3176
v -2.125 -6.375 33.735 0.5373 0.5098 0.3176
v -1.875 -6.375 33.775 0.5373 0.5098 0.3176
v -1.625 -6.375 33.775 0.5373 0.5098 0.3176
v -1.375 -6.375 33.802 0.5373 0.5098 0.3176
v -1.125 -6.375 33.787 0.5373 0.5098 0.3176
v -0.875 -6.375 33.808 0.5373 0.5098 0.3176
v -0.625 -6.375 33.808 0.5373 0.5098 0.3176
v -0.375 -6.375 33.833 0.5373 0.5098 0.3176
v -0.125 -6.375 33.833 0.5373 0.5098 0.3176
v 0.125 -6.375 33.903 0.5373 0.5098 0.3176
v 0.375 -6.375 33.903 0.5373 0.5098 0.3176
v 0.625 -6.375 33.848 0.5373 0.5098 0.3176
v 0.875 -6.375 33.882 0.5373 0.5098 0.3176
v 1.125 -6.375 33.882 0.5373 0.5098 0.3176
v 1.375 -6.375 33.882 0.5373 0.5098 0.3176
v 1.625 -6.375 33.833 0.5373 0.5098 0.3176
v 1.875 -6.375 33.833 0.5373 0.5098 0.3176
v 2.125 -6.375 33.833 0.5373 0.5098 0.3176
v 2.375 -6.375 33.833 0.5373 0.5098 0.3176
v 2.625 -6.375 33.735 0.5373 0.5098 0.3176
v 2.875 -6.375 33.735 0.5373 0.5098 0.3176
v 3.125 -6.375 33.735 0.5373 0.5098 0.3176
v 3.375 -6.375 33.784 0.5373 0.5098 0.3176
v 3.625 -6.375 33.793 0.5373 0.5098 0.3176
v 3.875 -6.375 33.812 0.5373 0.5098 0.3176
v 4.125 -6.375 33.805 0.5373 0.5098 0.3176
v 4.375 -6.375 33.793 0.5373 0.5098 0.3176
v 4.625 -6.375 33.805 0.5373 0.5098 0.3176
v 4.875 -6.375 33.836 0.5373 0.5098 0.3176
v 5.125 -6.375 33.827 0.5373 0.5098 0.3176
v 5.375 -6.375 33.854 0.5373 0.5098 0.3176
v 5.625 -6.375 33.854 0.5373 0.5098 0.3176
v 5.875 -6.375 33.845 0.5373 0.5098 0.3176
v 6.125 -6.375 33.885 0.5373 0.5098 0.3176
v 6.375 -6.375 33.885 0.5373 0.5098 0.3176
v 6.625 -6.375 33.921 0.5373 0.5098 0.3176
v 6.875 -6.375 33.949 0.5373 0.5098 0.3176
v 7.125 -6.375 33.949 0.5373 0.5098 0.3176
v 7.375 -6.375 33.949 0.5373 0.5098 0.3176
v 7.625 -6.375 33.949 0.5373 0.5098 0.3176
v 7.875 -6.375 33.949 0.5373 0.5098 0.3176
v 8.125 -6.375 33.949 0.5373 0.5098 0.3176
v 8.375 -6.375 34.025 0.5373 0.5098 0.3176
v 8.625 -6.375 34.025 0.5373 0.5098 0.3176
v 8.875 -6.375 34.025 0.5373 0.5098 0.3176
v 9.125 -6.375 34.025 0.5373 0.5098 0.3176
v 9.375 -6.375 34.025 0.5373 0.5098 0.3176
v 9.625 -6.375 34.025 0.5373 0.5098 0.3176
v 9.875 -6.375 34.025 0.5373 0.5098 0.3176
v 10.125 -6.375 34.025 0.5373 0.5098 0.3176
v 10.375 -6.375 34.025 0.5373 0.5098 0.3176
v 10.625 -6.375 33.281 0.5373 0.5098 0.3176
v 10.875 -6.375 33.281 0.5373 0.5098 0.3176
v 11.125 -6.375 33.281 0.5373 0.5098 0.3176
v 11.375 -6.375 33.281 0.5373 0.5098 0.3176
v 11.625 -6.375 33.299 0.5373 0.5098 0.3176
v 11.875 -6.375 33.278 0.5373 0.5098 0.3176
v 12.125 -6.375 33.278 0.5373 0.5098 0.3176
v 12.375 -6.375 33.278 0.5373 0.5098 0.3176
v -12.375 -6.125 33.659 0.5373 0.5098 0.3176
v -12.125 -6.125 33.659 0.5373 0.5098 0.3176
v -11.875 -6.125 33.708 0.5373 0.5098 0.3176
v -11.625 -6.125 33.748 0.5373 0.5098 0.3176
v -11.375 -6.125 33.766 0.5373 0.5098 0.3176
v -11.125 -6.125 33.735 0.5373 0.5098 0.3176
v -10.875 -6.125 33.748 0.5373 0.5098 0.3176
v -10.625 -6.125 33.726 0.5373 0.5098 0.3176
v -10.375 -6.125 33.726 0.5373 0.5098 0.3176
v -10.125 -6.125 33.726 0.5373 0.5098 0.3176
v -9.875 -6.125 33.737 0.5373 0.5098 0.3176
v -9.625 -6.125 33.737 0.5373 0.5098 0.3176
v -9.375 -6.125 33.734 0.5373 0.5098 0.3176
v -9.125 -6.125 33.723 0.5373 0.5098 0.3176
v -8.875 -6.125 33.738 0.5373 0.5098 0.3176
v -8.625 -6.125 33.748 0.5373 0.5098 0.3176
v -8.375 -6.125 33.748 0.5373 0.5098 0.3176
v -8.125 -6.125 33.717 0.5373 0.5098 0.3176
v -7.875 -6.125 33.726 0.5373 0.5098 0.3176
v -7.625 -6.125 33.726 0.5373 0.5098 0.3176
v -7.375 -6.125 33.638 0.5373 0.5098 0.3176
v -7.125 -6.125 33.664 0.5373 0.5098 0.3176
v -6.875 -6.125 33.706 0.5373 0.5098 0.3176
v -6.625 -6.125 33.708 0.5373 0.5098 0.3176
v -6.375 -6.125 33.705 0.5373 0.5098 0.3176
v -6.125 -6.125 33.722 0.5373 0.5098 0.3176
v -5.875 -6.125 33.714 0.5373 0.5098 0.3176
v -5.625 -6.125 33.708 0.5373 0.5098 0.3176
v -5.375 -6.125 33.722 0.5373 0.5098 0.3176
v -5.125 -6.125 33.722 0.5373 0.5098 0.3176
v -4.875 -6.125 33.737 0.5373 0.5098 0.3176
v -4.625 -6.125 33.744 0.5373 0.5098 0.3176
v -4.375 -6.125 33.746 0.5373 0.5098 0.3176
v -4.125 -6.125 33.757 0.5373 0.5098 0.3176
v -3.875 -6.125 33.754 0.5373 0.5098 0.3176
v -3.625 -6.125 33.744 0.5373 0.5098 0.3176
v -3.375 -6.125 33.744 0.5373 0.5098 0.3176
v -3.125 -6.125 33.754 0.5373 0.5098 0.3176
v -2.875 -6.125 33.760 0.5373 0.5098 0.3176
v -2.625 -6.125 33.755 0.5373 0.5098 0.3176
v -2.375 -6.125 33.735 0.5373 0.5098 0.3176
v -2.125 -6.125 33.735 0.5373 0.5098 0.3176
v -1.875 -6.125 33.775 0.5373 0.5098 0.3176
v -1.625 -6.125 33.775 0.5373 0.5098 0.3176
v -1.375 -6.125 33.754 0.5373 0.5098 0.3176
v -1.125 -6.125 33.787 0.5373 0.5098 0.3176
v -0.875 -6.125 33.787 0.5373 0.5098 0.3176
v -0.625 -6.125 33.808 0.5373 0.5098 0.3176
v -0.375 -6.125 33.833 0.5373 0.5098 0.3176
v -0.125 -6.125 33.784 0.5373 0.5098 0.3176
v 0.125 -6.125 33.784 0.5373 0.5098 0.3176
v 0.375 -6.125 33.784 0.5373 0.5098 0.3176
v 0.625 -6.125 33.848 0.5373 0.5098 0.3176
v 0.875 -6.125 33.848 0.5373 0.5098 0.3176
v 1.125 -6.125 33.848 0.5373 0.5098 0.3176
v 1.375 -6.125 33.882 0.5373 0.5098 0.3176
v 1.625 -6.125 33.882 0.5373 0.5098 0.3176
v 1.875 -6.125 33.833 0.5373 0.5098 0.3176
v 2.125 -6.125 33.833 0.5373 0.5098 0.3176
v 2.375 -6.125 33.735 0.5373 0.5098 0.3176
v 2.625 -6.125 33.735 0.5373 0.5098 0.3176
v 2.875 -6.125 33.735 0.5373 0.5098 0.3176
v 3.125 -6.125 33.735 0.5373 0.5098 0.3176
v 3.375 -6.125 33.784 0.5373 0.5098 0.3176
v 3.625 -6.125 33.793 0.5373 0.5098 0.3176
v 3.875 -6.125 33.812 0.5373 0.5098 0.3176
v 4.125 -6.125 33.805 0.5373 0.5098 0.3176
v 4.375 -6.125 33.793 0.5373 0.5098 0.3176
v 4.625 -6.125 33.812 0.5373 0.5098 0.3176
v 4.875 -6.125 33.799 0.5373 0.5098 0.3176
v 5.125 -6.125 33.804 0.5373 0.5098 0.3176
v 5.375 -6.125 33.804 0.5373 0.5098 0.3176
v 5.625 -6.125 33.860 0.5373 0.5098 0.3176
v 5.875 -6.125 33.845 0.5373 0.5098 0.3176
v 6.125 -6.125 33.845 0.5373 0.5098 0.3176
v 6.375 -6.125 33.845 0.5373 0.5098 0.3176
v 6.625 -6.125 33.921 0.5373 0.5098 0.3176
v 6.875 -6.125 33.921 0.5373 0.5098 0.3176
v 7.125 -6.125 33.937 0.5373 0.5098 0.3176
v 7.375 -6.125 33.937 0.5373 0.5098 0.3176
v 7.625 -6.125 33.937 0.5373 0.5098 0.3176
v 7.875 -6.125 33.937 0.5373 0.5098 0.3176
v 8.125 -6.125 33.937 0.5373 0.5098 0.3176
v 8.375 -6.125 33.937 0.5373 0.5098 0.3176
v 8.625 -6.125 34.025 0.5373 0.5098 0.3176
v 8.875 -6.125 34.025 0.5373 0.5098 0.3176
v 9.125 -6.125 34.025 0.5373 0.5098 0.3176
v 9.375 -6.125 34.025 0.5373 0.5098 0.3176
v 9.625 -6.125 34.025 0.5373 0.5098 0.3176
v 9.875 -6.125 34.025 0.5373 0.5098 0.3176
v 10.125 -6.125 34.025 0.5373 0.5098 0.3176
v 10.375 -6.125 33.281 0.5373 0.5098 0.3176
v 10.625 -6.125 33.281 0.5373 0.5098 0.3176
v 10.875 -6.125 33.281 0.5373 0.5098 0.3176
v 11.125 -6.125 33.281 0.5373 0.5098 0.3176
v 11.375 -6.125 33.281 0.5373 0.5098 0.3176
v 11.625 -6.125 33.299 0.5373 0.5098 0.3176
v 11.875 -6.125 33.278 0.5373 0.5098 0.3176
v 12.125 -6.125 33.278 0.5373 0.5098 0.3176
v 12.375 -6.125 33.278 0.5373 0.5098 0.3176
v -12.375 -5.875 33.638 0.5373 0.5098 0.3176
v -12.125 -5.875 33.659 0.5373 0.5098 0.3176
v -11.875 -5.875 33.699 0.5373 0.5098 0.3176
v -11.625 -5.875 33.714 0.5373 0.5098 0.3176
v -11.375 -5.875 33.714 0.5373 0.5098 0.3176
v -11.125 -5.875 33.729 0.5373 0.5098 0.3176
v -10.875 -5.875 33.714 0.5373 0.5098 0.3176
v -10.625 -5.875 33.729 0.5373 0.5098 0.3176
v -10.375 -5.875 33.729 0.5373 0.5098 0.3176
v -10.125 -5.875 33.714 0.5373 0.5098 0.3176
v -9.875 -5.875 33.725 0.5373 0.5098 0.3176
v -9.625 -5.875 33.732 0.5373 0.5098 0.3176
v -9.375 -5.875 33.740 0.5373 0.5098 0.3176
v -9.125 -5.875 33.723 0.5373 0.5098 0.3176
v -8.875 -5.875 33.723 0.5373 0.5098 0.3176
v -8.625 -5.875 33.722 0.5373 0.5098 0.3176
v -8.375 -5.875 33.717 0.5373 0.5098 0.3176
v -8.125 -5.875 33.717 0.5373 0.5098 0.3176
v -7.875 -5.875 33.697 0.5373 0.5098 0.3176
v -7.625 -5.875 33.697 0.5373 0.5098 0.3176
v -7.375 -5.875 33.677 0.5373 0.5098 0.3176
v -7.125 -5.875 33.674 0.5373 0.5098 0.3176
v -6.875 -5.875 33.674 0.5373 0.5098 0.3176
v -6.625 -5.875 33.687 0.5373 0.5098 0.3176
v -6.375 -5.875 33.687 0.5373 0.5098 0.3176
v -6.125 -5.875 33.713 0.5373 0.5098 0.3176
v -5.875 -5.875 33.696 0.5373 0.5098 0.3176
v -5.625 -5.875 33.699 0.5373 0.5098 0.3176
v -5.375 -5.875 33.703 0.5373 0.5098 0.3176
v -5.125 -5.875 33.712 0.5373 0.5098 0.3176
v -4.875 -5.875 33.720 0.5373 0.5098 0.3176
v -4.625 -5.875 33.728 0.5373 0.5098 0.3176
v -4.375 -5.875 33.729 0.5373 0.5098 0.3176
v -4.125 -5.875 33.735 0.5373 0.5098 0.3176
v -3.875 -5.875 33.726 0.5373 0.5098 0.3176
v -3.625 -5.875 33.725 0.5373 0.5098 0.3176
v -3.375 -5.875 33.726 0.5373 0.5098 0.3176
v -3.125 -5.875 33.741 0.5373 0.5098 0.3176
v -2.875 -5.875 33.734 0.5373 0.5098 0.3176
v -2.625 -5.875 33.714 0.5373 0.5098 0.3176
v -2.375 -5.875 33.751 0.5373 0.5098 0.3176
v -2.125 -5.875 33.696 0.5373 0.5098 0.3176
v -1.875 -5.875 33.763 0.5373 0.5098 0.3176
v -1.625 -5.875 33.732 0.5373 0.5098 0.3176
v -1.375 -5.875 33.732 0.5373 0.5098 0.3176
v -1.125 -5.875 33.787 0.5373 0.5098 0.3176
v -0.875 -5.875 33.787 0.5373 0.5098 0.3176
v -0.625 -5.875 33.787 0.5373 0.5098 0.3176
v -0.375 -5.875 33.808 0.5373 0.5098 0.3176
v -0.125 -5.875 33.784 0.5373 0.5098 0.3176
v 0.125 -5.875 33.784 0.5373 0.5098 0.3176
v 0.375 -5.875 33.784 0.5373 0.5098 0.3176
v 0.625 -5.875 33.848 0.5373 0.5098 0.3176
v 0.875 -5.875 33.848 0.5373 0.5098 0.3176
v 1.125 -5.875 33.848 0.5373 0.5098 0.3176
v 1.375 -5.875 33.848 0.5373 0.5098 0.3176
v 1.625 -5.875 33.848 0.5373 0.5098 0.3176
v 1.875 -5.875 33.833 0.5373 0.5098 0.3176
v 2.125 -5.875 33.833 0.5373 0.5098 0.3176
v 2.375 -5.875 33.735 0.5373 0.5098 0.3176
v 2.625 -5.875 33.735 0.5373 0.5098 0.3176
v 2.875 -5.875 33.735 0.5373 0.5098 0.3176
v 3.125 -5.875 33.735 0.5373 0.5098 0.3176
v 3.375 -5.875 33.784 0.5373 0.5098 0.3176
v 3.625 -5.875 33.793 0.5373 0.5098 0.3176
v 3.875 -5.875 33.812 0.5373 0.5098 0.3176
v 4.125 -5.875 33.805 0.5373 0.5098 0.3176
v 4.375 -5.875 33.793 0.5373 0.5098 0.3176
v 4.625 -5.875 33.812 0.5373 0.5098 0.3176
v 4.875 -5.875 33.799 0.5373 0.5098 0.3176
v 5.125 -5.875 33.804 0.5373 0.5098 0.3176
v 5.375 -5.875 33.827 0.5373 0.5098 0.3176
v 5.625 -5.875 33.848 0.5373 0.5098 0.3176
v 5.875 -5.875 33.836 0.5373 0.5098 0.3176
v 6.125 -5.875 33.836 0.5373 0.5098 0.3176
v 6.375 -5.875 33.845 0.5373 0.5098 0.3176
v 6.625 -5.875 33.885 0.5373 0.5098 0.3176
v 6.875 -5.875 33.937 0.5373 0.5098 0.3176
v 7.125 -5.875 33.937 0.5373 0.5098 0.3176
v 7.375 -5.875 33.937 0.5373 0.5098 0.3176
v 7.625 -5.875 33.937 0.5373 0.5098 0.3176
v 7.875 -5.875 33.937 0.5373 0.5098 0.3176
v 8.125 -5.875 33.937 0.5373 0.5098 0.3176
v 8.375 -5.875 33.937 0.5373 0.5098 0.3176
v 8.625 -5.875 33.937 0.5373 0.5098 0.3176
v 8.875 -5.875 33.937 0.5373 0.5098 0.3176
v 9.125 -5.875 34.025 0.5373 0.5098 0.3176
v 9.375 -5.875 34.025 0.5373 0.5098 0.3176
v 9.625 -5.875 34.025 0.5373 0.5098 0.3176
v 9.875 -5.875 34.025 0.5373 0.5098 0.3176
v 10.125 -5.875 33.281 0.5373 0.5098 0.3176
v 10.375 -5.875 33.281 0.5373 0.5098 0.3176
v 10.625 -5.875 33.281 0.5373 0.5098 0.3176
v 10.875 -5.875 33.281 0.5373 0.5098 0.3176
v 11.125 -5.875 33.281 0.5373 0.5098 0.3176
v 11.375 -5.875 33.281 0.5373 0.5098 0.3176
v 11.625 -5.875 33.299 0.5373 0.5098 0.3176
v 11.875 -5.875 33.278 0.5373 0.5098 0.3176
v 12.125 -5.875 33.278 0.5373 0.5098 0.3176
v 12.375 -5.875 33.278 0.5373 0.5098 0.3176
v -12.375 -5.625 33.638 0.5373 0.5098 0.3176
v -12.125 -5.625 33.659 0.5373 0.5098 0.3176
v -11.875 -5.625 33.659 0.5373 0.5098 0.3176
v -11.625 -5.625 33.702 0.5373 0.5098 0.3176
v -11.375 -5.625 33.702 0.5373 0.5098 0.3176
v -11.125 -5.625 33.725 0.5373 0.5098 0.3176
v -10.875 -5.625 33.728 0.5373 0.5098 0.3176
v -10.625 -5.625 33.728 0.5373 0.5098 0.3176
v -10.375 -5.625 33.732 0.5373 0.5098 0.3176
v -10.125 -5.625 33.726 0.5373 0.5098 0.3176
v -9.875 -5.625 33.717 0.5373 0.5098 0.3176
v -9.625 -5.625 33.717 0.5373 0.5098 0.3176
v -9.375 -5.625 33.726 0.5373 0.5098 0.3176
v -9.125 -5.625 33.714 0.5373 0.5098 0.3176
v -8.875 -5.625 33.735 0.5373 0.5098 0.3176
v -8.625 -5.625 33.735 0.5373 0.5098 0.3176
v -8.375 -5.625 33.717 0.5373 0.5098 0.3176
v -8.125 -5.625 33.729 0.5373 0.5098 0.3176
v -7.875 -5.625 33.729 0.5373 0.5098 0.3176
v -7.625 -5.625 33.687 0.5373 0.5098 0.3176
v -7.375 -5.625 33.671 0.5373 0.5098 0.3176
v -7.125 -5.625 33.667 0.5373 0.5098 0.3176
v -6.875 -5.625 33.662 0.5373 0.5098 0.3176
v -6.625 -5.625 33.662 0.5373 0.5098 0.3176
v -6.375 -5.625 33.667 0.5373 0.5098 0.3176
v -6.125 -5.625 33.674 0.5373 0.5098 0.3176
v -5.875 -5.625 33.674 0.5373 0.5098 0.3176
v -5.625 -5.625 33.674 0.5373 0.5098 0.3176
v -5.375 -5.625 33.674 0.5373 0.5098 0.3176
v -5.125 -5.625 33.687 0.5373 0.5098 0.3176
v -4.875 -5.625 33.696 0.5373 0.5098 0.3176
v -4.625 -5.625 33.696 0.5373 0.5098 0.3176
v -4.375 -5.625 33.706 0.5373 0.5098 0.3176
v -4.125 -5.625 33.714 0.5373 0.5098 0.3176
v -3.875 -5.625 33.717 0.5373 0.5098 0.3176
v -3.625 -5.625 33.706 0.5373 0.5098 0.3176
v -3.375 -5.625 33.701 0.5373 0.5098 0.3176
v -3.125 -5.625 33.705 0.5373 0.5098 0.3176
v -2.875 -5.625 33.699 0.5373 0.5098 0.3176
v -2.625 -5.625 33.711 0.5373 0.5098 0.3176
v -2.375 -5.625 33.665 0.5373 0.5098 0.3176
v -2.125 -5.625 33.665 0.5373 0.5098 0.3176
v -1.875 -5.625 33.763 0.5373 0.5098 0.3176
v -1.625 -5.625 33.732 0.5373 0.5098 0.3176
v -1.375 -5.625 33.732 0.5373 0.5098 0.3176
v -1.125 -5.625 33.787 0.5373 0.5098 0.3176
v -0.875 -5.625 33.787 0.5373 0.5098 0.3176
v -0.625 -5.625 33.787 0.5373 0.5098 0.3176
v -0.375 -5.625 33.781 0.5373 0.5098 0.3176
v -0.125 -5.625 33.781 0.5373 0.5098 0.3176
v 0.125 -5.625 33.781 0.5373 0.5098 0.3176
v 0.375 -5.625 33.781 0.5373 0.5098 0.3176
v 0.625 -5.625 33.781 0.5373 0.5098 0.3176
v 0.875 -5.625 33.781 0.5373 0.5098 0.3176
v 1.125 -5.625 33.848 0.5373 0.5098 0.3176
v 1.375 -5.625 33.848 0.5373 0.5098 0.3176
v 1.625 -5.625 33.748 0.5373 0.5098 0.3176
v 1.875 -5.625 33.748 0.5373 0.5098 0.3176
v 2.125 -5.625 33.735 0.5373 0.5098 0.3176
v 2.375 -5.625 33.735 0.5373 0.5098 0.3176
v 2.625 -5.625 33.735 0.5373 0.5098 0.3176
v 2.875 -5.625 33.735 0.5373 0.5098 0.3176
v 3.125 -5.625 33.735 0.5373 0.5098 0.3176
v 3.375 -5.625 33.784 0.5373 0.5098 0.3176
v 3.625 -5.625 33.793 0.5373 0.5098 0.3176
v 3.875 -5.625 33.812 0.5373 0.5098 0.3176
v 4.125 -5.625 33.805 0.5373 0.5098 0.3176
v 4.375 -5.625 33.793 0.5373 0.5098 0.3176
v 4.625 -5.625 33.790 0.5373 0.5098 0.3176
v 4.875 -5.625 33.790 0.5373 0.5098 0.3176
v 5.125 -5.625 33.786 0.5373 0.5098 0.3176
v 5.375 -5.625 33.827 0.5373 0.5098 0.3176
v 5.625 -5.625 33.790 0.5373 0.5098 0.3176
v 5.875 -5.625 33.842 0.5373 0.5098 0.3176
v 6.125 -5.625 33.842 0.5373 0.5098 0.3176
v 6.375 -5.625 33.857 0.5373 0.5098 0.3176
v 6.625 -5.625 33.879 0.5373 0.5098 0.3176
v 6.875 -5.625 33.910 0.5373 0.5098 0.3176
v 7.125 -5.625 33.910 0.5373 0.5098 0.3176
v 7.375 -5.625 33.910 0.5373 0.5098 0.3176
v 7.625 -5.625 33.910 0.5373 0.5098 0.3176
v 7.875 -5.625 33.910 0.5373 0.5098 0.3176
v 8.125 -5.625 33.910 0.5373 0.5098 0.3176
v 8.375 -5.625 33.910 0.5373 0.5098 0.3176
v 8.625 -5.625 33.910 0.5373 0.5098 0.3176
v 8.875 -5.625 33.910 0.5373 0.5098 0.3176
v 9.125 -5.625 33.513 0.5373 0.5098 0.3176
v 9.375 -5.625 33.513 0.5373 0.5098 0.3176
v 9.625 -5.625 33.513 0.5373 0.5098 0.3176
v 9.875 -5.625 33.513 0.5373 0.5098 0.3176
v 10.125 -5.625 33.281 0.5373 0.5098 0.3176
v 10.375 -5.625 33.281 0.5373 0.5098 0.3176
v 10.625 -5.625 33.281 0.5373 0.5098 0.3176
v 10.875 -5.625 33.281 0.5373 0.5098 0.3176
v 11.125 -5.625 33.281 0.5373 0.5098 0.3176
v 11.375 -5.625 33.281 0.5373 0.5098 0.3176
v 11.625 -5.625 33.299 0.5373 0.5098 0.3176
v 11.875 -5.625 33.278 0.5373 0.5098 0.3176
v 12.125 -5.625 33.278 0.5373 0.5098 0.3176
v 12.375 -5.625 33.278 0.5373 0.5098 0.3176
v -12.375 -5.375 33.629 0.5373 0.5098 0.3176
v -12.125 -5.375 33.629 0.5373 0.5098 0.3176
v -11.875 -5.375 33.659 0.5373 0.5098 0.3176
v -11.625 -5.375 33.659 0.5373 0.5098 0.3176
v -11.375 -5.375 33.687 0.5373 0.5098 0.3176
v -11.125 -5.375 33.725 0.5373 0.5098 0.3176
v -10.875 -5.375 33.728 0.5373 0.5098 0.3176
v -10.625 -5.375 33.717 0.5373 0.5098 0.3176
v -10.375 -5.375 33.708 0.5373 0.5098 0.3176
v -10.125 -5.375 33.677 0.5373 0.5098 0.3176
v -9.875 -5.375 33.677 0.5373 0.5098 0.3176
v -9.625 -5.375 33.737 0.5373 0.5098 0.3176
v -9.375 -5.375 33.737 0.5373 0.5098 0.3176
v -9.125 -5.375 33.735 0.5373 0.5098 0.3176
v -8.875 -5.375 33.735 0.5373 0.5098 0.3176
v -8.625 -5.375 33.735 0.5373 0.5098 0.3176
v -8.375 -5.375 33.744 0.5373 0.5098 0.3176
v -8.125 -5.375 33.744 0.5373 0.5098 0.3176
v -7.875 -5.375 33.690 0.5373 0.5098 0.3176
v -7.625 -5.375 33.687 0.5373 0.5098 0.3176
v -7.375 -5.375 33.647 0.5373 0.5098 0.3176
v -7.125 -5.375 33.647 0.5373 0.5098 0.3176
v -6.875 -5.375 33.647 0.5373 0.5098 0.3176
v -6.625 -5.375 33.648 0.5373 0.5098 0.3176
v -6.375 -5.375 33.674 0.5373 0.5098 0.3176
v -6.125 -5.375 33.656 0.5373 0.5098 0.3176
v -5.875 -5.375 33.686 0.5373 0.5098 0.3176
v -5.625 -5.375 33.685 0.5373 0.5098 0.3176
v -5.375 -5.375 33.674 0.5373 0.5098 0.3176
v -5.125 -5.375 33.671 0.5373 0.5098 0.3176
v -4.875 -5.375 33.686 0.5373 0.5098 0.3176
v -4.625 -5.375 33.687 0.5373 0.5098 0.3176
v -4.375 -5.375 33.693 0.5373 0.5098 0.3176
v -4.125 -5.375 33.694 0.5373 0.5098 0.3176
v -3.875 -5.375 33.694 0.5373 0.5098 0.3176
v -3.625 -5.375 33.693 0.5373 0.5098 0.3176
v -3.375 -5.375 33.700 0.5373 0.5098 0.3176
v -3.125 -5.375 33.680 0.5373 0.5098 0.3176
v -2.875 -5.375 33.679 0.5373 0.5098 0.3176
v -2.625 -5.375 33.692 0.5373 0.5098 0.3176
v -2.375 -5.375 33.693 0.5373 0.5098 0.3176
v -2.125 -5.375 33.714 0.5373 0.5098 0.3176
v -1.875 -5.375 33.720 0.5373 0.5098 0.3176
v -1.625 -5.375 33.741 0.5373 0.5098 0.3176
v -1.375 -5.375 33.741 0.5373 0.5098 0.3176
v -1.125 -5.375 33.741 0.5373 0.5098 0.3176
v -0.875 -5.375 33.741 0.5373 0.5098 0.3176
v -0.625 -5.375 33.735 0.5373 0.5098 0.3176
v -0.375 -5.375 33.760 0.5373 0.5098 0.3176
v -0.125 -5.375 33.781 0.5373 0.5098 0.3176
v 0.125 -5.375 33.781 0.5373 0.5098 0.3176
v 0.375 -5.375 33.781 0.5373 0.5098 0.3176
v 0.625 -5.375 33.781 0.5373 0.5098 0.3176
v 0.875 -5.375 33.781 0.5373 0.5098 0.3176
v 1.125 -5.375 33.748 0.5373 0.5098 0.3176
v 1.375 -5.375 33.748 0.5373 0.5098 0.3176
v 1.625 -5.375 33.748 0.5373 0.5098 0.3176
v 1.875 -5.375 33.748 0.5373 0.5098 0.3176
v 2.125 -5.375 33.735 0.5373 0.5098 0.3176
v 2.375 -5.375 33.735 0.5373 0.5098 0.3176
v 2.625 -5.375 33.735 0.5373 0.5098 0.3176
v 2.875 -5.375 33.735 0.5373 0.5098 0.3176
v 3.125 -5.375 33.735 0.5373 0.5098 0.3176
v 3.375 -5.375 33.784 0.5373 0.5098 0.3176
v 3.625 -5.375 33.793 0.5373 0.5098 0.3176
v 3.875 -5.375 33.812 0.5373 0.5098 0.3176
v 4.125 -5.375 33.805 0.5373 0.5098 0.3176
v 4.375 -5.375 33.790 0.5373 0.5098 0.3176
v 4.625 -5.375 33.790 0.5373 0.5098 0.3176
v 4.875 -5.375 33.790 0.5373 0.5098 0.3176
v 5.125 -5.375 33.786 0.5373 0.5098 0.3176
v 5.375 -5.375 33.760 0.5373 0.5098 0.3176
v 5.625 -5.375 33.760 0.5373 0.5098 0.3176
v 5.875 -5.375 33.787 0.5373 0.5098 0.3176
v 6.125 -5.375 33.787 0.5373 0.5098 0.3176
v 6.375 -5.375 33.857 0.5373 0.5098 0.3176
v 6.625 -5.375 33.879 0.5373 0.5098 0.3176
v 6.875 -5.375 33.910 0.5373 0.5098 0.3176
v 7.125 -5.375 33.910 0.5373 0.5098 0.3176
v 7.375 -5.375 33.910 0.5373 0.5098 0.3176
v 7.625 -5.375 33.910 0.5373 0.5098 0.3176
v 7.875 -5.375 33.910 0.5373 0.5098 0.3176
v 8.125 -5.375 33.910 0.5373 0.5098 0.3176
v 8.375 -5.375 33.910 0.5373 0.5098 0.3176
v 8.625 -5.375 33.910 0.5373 0.5098 0.3176
v 8.875 -5.375 33.513 0.5373 0.5098 0.3176
v 9.125 -5.375 33.513 0.5373 0.5098 0.3176
v 9.375 -5.375 33.513 0.5373 0.5098 0.3176
v 9.625 -5.375 33.513 0.5373 0.5098 0.3176
v 9.875 -5.375 33.278 0.5373 0.5098 0.3176
v 10.125 -5.375 33.281 0.5373 0.5098 0.3176
v 10.375 -5.375 33.281 0.5373 0.5098 0.3176
v 10.625 -5.375 33.281 0.5373 0.5098 0.3176
v 10.875 -5.375 33.281 0.5373 0.5098 0.3176
v 11.125 -5.375 33.281 0.5373 0.5098 0.3176
v 11.375 -5.375 33.281 0.5373 0.5098 0.3176
v 11.625 -5.375 33.299 0.5373 0.5098 0.3176
v 11.875 -5.375 33.278 0.5373 0.5098 0.3176
v 12.125 -5.375 33.278 0.5373 0.5098 0.3176
v 12.375 -5.375 33.278 0.5373 0.5098 0.3176
v -12.375 -5.125 33.607 0.5373 0.5098 0.3176
v -12.125 -5.125 33.607 0.5373 0.5098 0.3176
v -11.875 -5.125 33.650 0.5373 0.5098 0.3176
v -11.625 -5.125 33.671 0.5373 0.5098 0.3176
v -11.375 -5.125 33.687 0.5373 0.5098 0.3176
v -11.125 -5.125 33.687 0.5373 0.5098 0.3176
v -10.875 -5.125 33.690 0.5373 0.5098 0.3176
v -10.625 -5.125 33.708 0.5373 0.5098 0.3176
v -10.375 -5.125 33.704 0.5373 0.5098 0.3176
v -10.125 -5.125 33.704 0.5373 0.5098 0.3176
v -9.875 -5.125 33.687 0.5373 0.5098 0.3176
v -9.625 -5.125 33.716 0.5373 0.5098 0.3176
v -9.375 -5.125 33.738 0.5373 0.5098 0.3176
v -9.125 -5.125 33.702 0.5373 0.5098 0.3176
v -8.875 -5.125 33.702 0.5373 0.5098 0.3176
v -8.625 -5.125 33.702 0.5373 0.5098 0.3176
v -8.375 -5.125 33.711 0.5373 0.5098 0.3176
v -8.125 -5.125 33.711 0.5373 0.5098 0.3176
v -7.875 -5.125 33.690 0.5373 0.5098 0.3176
v -7.625 -5.125 33.659 0.5373 0.5098 0.3176
v -7.375 -5.125 33.659 0.5373 0.5098 0.3176
v -7.125 -5.125 33.659 0.5373 0.5098 0.3176
v -6.875 -5.125 33.647 0.5373 0.5098 0.3176
v -6.625 -5.125 33.648 0.5373 0.5098 0.3176
v -6.375 -5.125 33.674 0.5373 0.5098 0.3176
v -6.125 -5.125 33.680 0.5373 0.5098 0.3176
v -5.875 -5.125 33.680 0.5373 0.5098 0.3176
v -5.625 -5.125 33.680 0.5373 0.5098 0.3176
v -5.375 -5.125 33.662 0.5373 0.5098 0.3176
v -5.125 -5.125 33.662 0.5373 0.5098 0.3176
v -4.875 -5.125 33.677 0.5373 0.5098 0.3176
v -4.625 -5.125 33.677 0.5373 0.5098 0.3176
v -4.375 -5.125 33.650 0.5373 0.5098 0.3176
v -4.125 -5.125 33.650 0.5373 0.5098 0.3176
v -3.875 -5.125 33.650 0.5373 0.5098 0.3176
v -3.625 -5.125 33.650 0.5373 0.5098 0.3176
v -3.375 -5.125 33.650 0.5373 0.5098 0.3176
v -3.125 -5.125 33.650 0.5373 0.5098 0.3176
v -2.875 -5.125 33.679 0.5373 0.5098 0.3176
v -2.625 -5.125 33.692 0.5373 0.5098 0.3176
v -2.375 -5.125 33.693 0.5373 0.5098 0.3176
v -2.125 -5.125 33.714 0.5373 0.5098 0.3176
v -1.875 -5.125 33.720 0.5373 0.5098 0.3176
v -1.625 -5.125 33.741 0.5373 0.5098 0.3176
v -1.375 -5.125 33.741 0.5373 0.5098 0.3176
v -1.125 -5.125 33.741 0.5373 0.5098 0.3176
v -0.875 -5.125 33.735 0.5373 0.5098 0.3176
v -0.625 -5.125 33.735 0.5373 0.5098 0.3176
v -0.375 -5.125 33.735 0.5373 0.5098 0.3176
v -0.125 -5.125 33.760 0.5373 0.5098 0.3176
v 0.125 -5.125 33.760 0.5373 0.5098 0.3176
v 0.375 -5.125 33.781 0.5373 0.5098 0.3176
v 0.625 -5.125 33.720 0.5373 0.5098 0.3176
v 0.875 -5.125 33.748 0.5373 0.5098 0.3176
v 1.125 -5.125 33.748 0.5373 0.5098 0.3176
v 1.375 -5.125 33.748 0.5373 0.5098 0.3176
v 1.625 -5.125 33.748 0.5373 0.5098 0.3176
v 1.875 -5.125 33.748 0.5373 0.5098 0.3176
v 2.125 -5.125 33.748 0.5373 0.5098 0.3176
v 2.375 -5.125 33.735 0.5373 0.5098 0.3176
v 2.625 -5.125 33.735 0.5373 0.5098 0.3176
v 2.875 -5.125 33.735 0.5373 0.5098 0.3176
v 3.125 -5.125 33.735 0.5373 0.5098 0.3176
v 3.375 -5.125 33.784 0.5373 0.5098 0.3176
v 3.625 -5.125 33.793 0.5373 0.5098 0.3176
v 3.875 -5.125 33.812 0.5373 0.5098 0.3176
v 4.125 -5.125 33.790 0.5373 0.5098 0.3176
v 4.375 -5.125 33.790 0.5373 0.5098 0.3176
v 4.625 -5.125 33.790 0.5373 0.5098 0.3176
v 4.875 -5.125 33.790 0.5373 0.5098 0.3176
v 5.125 -5.125 33.738 0.5373 0.5098 0.3176
v 5.375 -5.125 33.738 0.5373 0.5098 0.3176
v 5.625 -5.125 33.738 0.5373 0.5098 0.3176
v 5.875 -5.125 33.787 0.5373 0.5098 0.3176
v 6.125 -5.125 33.818 0.5373 0.5098 0.3176
v 6.375 -5.125 33.818 0.5373 0.5098 0.3176
v 6.625 -5.125 33.818 0.5373 0.5098 0.3176
v 6.875 -5.125 33.818 0.5373 0.5098 0.3176
v 7.125 -5.125 33.818 0.5373 0.5098 0.3176
v 7.375 -5.125 33.818 0.5373 0.5098 0.3176
v 7.625 -5.125 33.818 0.5373 0.5098 0.3176
v 7.875 -5.125 33.818 0.5373 0.5098 0.3176
v 8.125 -5.125 33.818 0.5373 0.5098 0.3176
v 8.375 -5.125 33.818 0.5373 0.5098 0.3176
v 8.625 -5.125 33.513 0.5373 0.5098 0.3176
v 8.875 -5.125 33.513 0.5373 0.5098 0.3176
v 9.125 -5.125 33.513 0.5373 0.5098 0.3176
v 9.375 -5.125 33.513 0.5373 0.5098 0.3176
v 9.625 -5.125 33.513 0.5373 0.5098 0.3176
v 9.875 -5.125 33.278 0.5373 0.5098 0.3176
v 10.125 -5.125 33.281 0.5373 0.5098 0.3176
v 10.375 -5.125 33.281 0.5373 0.5098 0.3176
v 10.625 -5.125 33.281 0.5373 0.5098 0.3176
v 10.875 -5.125 33.281 0.5373 0.5098 0.3176
v 11.125 -5.125 33.281 0.5373 0.5098 0.3176
v 11.375 -5.125 33.281 0.5373 0.5098 0.3176
v 11.625 -5.125 33.299 0.5373 0.5098 0.3176
v 11.875 -5.125 33.278 0.5373 0.5098 0.3176
v 12.125 -5.125 33.278 0.5373 0.5098 0.3176
v 12.375 -5.125 33.278 0.5373 0.5098 0.3176
v -12.375 -4.875 33.598 0.5373 0.5098 0.3176
v -12.125 -4.875 33.607 0.5373 0.5098 0.3176
v -11.875 -4.875 33.665 0.5373 0.5098 0.3176
v -11.625 -4.875 33.693 0.5373 0.5098 0.3176
v -11.375 -4.875 33.693 0.5373 0.5098 0.3176
v -11.125 -4.875 33.677 0.5373 0.5098 0.3176
v -10.875 -4.875 33.677 0.5373 0.5098 0.3176
v -10.625 -4.875 33.677 0.5373 0.5098 0.3176
v -10.375 -4.875 33.716 0.5373 0.5098 0.3176
v -10.125 -4.875 33.687 0.5373 0.5098 0.3176
v -9.875 -4.875 33.687 0.5373 0.5098 0.3176
v -9.625 -4.875 33.687 0.5373 0.5098 0.3176
v -9.375 -4.875 33.674 0.5373 0.5098 0.3176
v -9.125 -4.875 33.674 0.5373 0.5098 0.3176
v -8.875 -4.875 33.674 0.5373 0.5098 0.3176
v -8.625 -4.875 33.674 0.5373 0.5098 0.3176
v -8.375 -4.875 33.674 0.5373 0.5098 0.3176
v -8.125 -4.875 33.711 0.5373 0.5098 0.3176
v -7.875 -4.875 33.690 0.5373 0.5098 0.3176
v -7.625 -4.875 33.647 0.5373 0.5098 0.3176
v -7.375 -4.875 33.616 0.5373 0.5098 0.3176
v -7.125 -4.875 33.620 0.5373 0.5098 0.3176
v -6.875 -4.875 33.620 0.5373 0.5098 0.3176
v -6.625 -4.875 33.607 0.5373 0.5098 0.3176
v -6.375 -4.875 33.629 0.5373 0.5098 0.3176
v -6.125 -4.875 33.629 0.5373 0.5098 0.3176
v -5.875 -4.875 33.556 0.5373 0.5098 0.3176
v -5.625 -4.875 33.616 0.5373 0.5098 0.3176
v -5.375 -4.875 33.616 0.5373 0.5098 0.3176
v -5.125 -4.875 33.626 0.5373 0.5098 0.3176
v -4.875 -4.875 33.626 0.5373 0.5098 0.3176
v -4.625 -4.875 33.677 0.5373 0.5098 0.3176
v -4.375 -4.875 33.650 0.5373 0.5098 0.3176
v -4.125 -4.875 33.638 0.5373 0.5098 0.3176
v -3.875 -4.875 33.629 0.5373 0.5098 0.3176
v -3.625 -4.875 33.629 0.5373 0.5098 0.3176
v -3.375 -4.875 33.629 0.5373 0.5098 0.3176
v -3.125 -4.875 33.609 0.5373 0.5098 0.3176
v -2.875 -4.875 33.607 0.5373 0.5098 0.3176
v -2.625 -4.875 33.607 0.5373 0.5098 0.3176
v -2.375 -4.875 33.607 0.5373 0.5098 0.3176
v -2.125 -4.875 33.601 0.5373 0.5098 0.3176
v -1.875 -4.875 33.632 0.5373 0.5098 0.3176
v -1.625 -4.875 33.632 0.5373 0.5098 0.3176
v -1.375 -4.875 33.632 0.5373 0.5098 0.3176
v -1.125 -4.875 33.632 0.5373 0.5098 0.3176
v -0.875 -4.875 33.635 0.5373 0.5098 0.3176
v -0.625 -4.875 33.735 0.5373 0.5098 0.3176
v -0.375 -4.875 33.735 0.5373 0.5098 0.3176
v -0.125 -4.875 33.687 0.5373 0.5098 0.3176
v 0.125 -4.875 33.760 0.5373 0.5098 0.3176
v 0.375 -4.875 33.760 0.5373 0.5098 0.3176
v 0.625 -4.875 33.720 0.5373 0.5098 0.3176
v 0.875 -4.875 33.748 0.5373 0.5098 0.3176
v 1.125 -4.875 33.748 0.5373 0.5098 0.3176
v 1.375 -4.875 33.748 0.5373 0.5098 0.3176
v 1.625 -4.875 33.748 0.5373 0.5098 0.3176
v 1.875 -4.875 33.748 0.5373 0.5098 0.3176
v 2.125 -4.875 33.748 0.5373 0.5098 0.3176
v 2.375 -4.875 33.370 0.5373 0.5098 0.3176
v 2.625 -4.875 33.370 0.5373 0.5098 0.3176
v 2.875 -4.875 33.370 0.5373 0.5098 0.3176
v 3.125 -4.875 33.566 0.5373 0.5098 0.3176
v 3.375 -4.875 33.566 0.5373 0.5098 0.3176
v 3.625 -4.875 33.566 0.5373 0.5098 0.3176
v 3.875 -4.875 33.546 0.5373 0.5098 0.3176
v 4.125 -4.875 33.546 0.5373 0.5098 0.3176
v 4.375 -4.875 33.546 0.5373 0.5098 0.3176
v 4.625 -4.875 33.790 0.5373 0.5098 0.3176
v 4.875 -4.875 33.738 0.5373 0.5098 0.3176
v 5.125 -4.875 33.738 0.5373 0.5098 0.3176
v 5.375 -4.875 33.738 0.5373 0.5098 0.3176
v 5.625 -4.875 33.738 0.5373 0.5098 0.3176
v 5.875 -4.875 33.787 0.5373 0.5098 0.3176
v 6.125 -4.875 33.741 0.5373 0.5098 0.3176
v 6.375 -4.875 33.741 0.5373 0.5098 0.3176
v 6.625 -4.875 33.799 0.5373 0.5098 0.3176
v 6.875 -4.875 33.799 0.5373 0.5098 0.3176
v 7.125 -4.875 33.799 0.5373 0.5098 0.3176
v 7.375 -4.875 33.799 0.5373 0.5098 0.3176
v 7.625 -4.875 33.799 0.5373 0.5098 0.3176
v 7.875 -4.875 33.799 0.5373 0.5098 0.3176
v 8.125 -4.875 33.799 0.5373 0.5098 0.3176
v 8.375 -4.875 33.513 0.5373 0.5098 0.3176
v 8.625 -4.875 33.513 0.5373 0.5098 0.3176
v 8.875 -4.875 33.513 0.5373 0.5098 0.3176
v 9.125 -4.875 33.513 0.5373 0.5098 0.3176
v 9.375 -4.875 33.513 0.5373 0.5098 0.3176
v 9.625 -4.875 33.513 0.5373 0.5098 0.3176
v 9.875 -4.875 33.278 0.5373 0.5098 0.3176
v 10.125 -4.875 33.299 0.5373 0.5098 0.3176
v 10.375 -4.875 33.281 0.5373 0.5098 0.3176
v 10.625 -4.875 33.281 0.5373 0.5098 0.3176
v 10.875 -4.875 33.281 0.5373 0.5098 0.3176
v 11.125 -4.875 33.281 0.5373 0.5098 0.3176
v 11.375 -4.875 33.281 0.5373 0.5098 0.3176
v 11.625 -4.875 33.299 0.5373 0.5098 0.3176
v 11.875 -4.875 33.278 0.5373 0.5098 0.3176
v 12.125 -4.875 33.278 0.5373 0.5098 0.3176
v 12.375 -4.875 33.278 0.5373 0.5098 0.3176
v -12.375 -4.625 33.598 0.5373 0.5098 0.3176
v -12.125 -4.625 33.638 0.5373 0.5098 0.3176
v -11.875 -4.625 33.629 0.5373 0.5098 0.3176
v -11.625 -4.625 33.629 0.5373 0.5098 0.3176
v -11.375 -4.625 33.671 0.5373 0.5098 0.3176
v -11.125 -4.625 33.671 0.5373 0.5098 0.3176
v -10.875 -4.625 33.677 0.5373 0.5098 0.3176
v -10.625 -4.625 33.677 0.5373 0.5098 0.3176
v -10.375 -4.625 33.716 0.5373 0.5098 0.3176
v -10.125 -4.625 33.677 0.5373 0.5098 0.3176
v -9.875 -4.625 33.677 0.5373 0.5098 0.3176
v -9.625 -4.625 33.638 0.5373 0.5098 0.3176
v -9.375 -4.625 33.638 0.5373 0.5098 0.3176
v -9.125 -4.625 33.699 0.5373 0.5098 0.3176
v -8.875 -4.625 33.699 0.5373 0.5098 0.3176
v -8.625 -4.625 33.674 0.5373 0.5098 0.3176
v -8.375 -4.625 33.632 0.5373 0.5098 0.3176
v -8.125 -4.625 33.632 0.5373 0.5098 0.3176
v -7.875 -4.625 33.647 0.5373 0.5098 0.3176
v -7.625 -4.625 33.647 0.5373 0.5098 0.3176
v -7.375 -4.625 33.616 0.5373 0.5098 0.3176
v -7.125 -4.625 33.620 0.5373 0.5098 0.3176
v -6.875 -4.625 33.598 0.5373 0.5098 0.3176
v -6.625 -4.625 33.610 0.5373 0.5098 0.3176
v -6.375 -4.625 33.598 0.5373 0.5098 0.3176
v -6.125 -4.625 33.598 0.5373 0.5098 0.3176
v -5.875 -4.625 33.556 0.5373 0.5098 0.3176
v -5.625 -4.625 33.616 0.5373 0.5098 0.3176
v -5.375 -4.625 33.586 0.5373 0.5098 0.3176
v -5.125 -4.625 33.626 0.5373 0.5098 0.3176
v -4.875 -4.625 33.612 0.5373 0.5098 0.3176
v -4.625 -4.625 33.635 0.5373 0.5098 0.3176
v -4.375 -4.625 33.632 0.5373 0.5098 0.3176
v -4.125 -4.625 33.629 0.5373 0.5098 0.3176
v -3.875 -4.625 33.635 0.5373 0.5098 0.3176
v -3.625 -4.625 33.632 0.5373 0.5098 0.3176
v -3.375 -4.625 33.592 0.5373 0.5098 0.3176
v -3.125 -4.625 33.609 0.5373 0.5098 0.3176
v -2.875 -4.625 33.581 0.5373 0.5098 0.3176
v -2.625 -4.625 33.601 0.5373 0.5098 0.3176
v -2.375 -4.625 33.601 0.5373 0.5098 0.3176
v -2.125 -4.625 33.601 0.5373 0.5098 0.3176
v -1.875 -4.625 33.632 0.5373 0.5098 0.3176
v -1.625 -4.625 33.632 0.5373 0.5098 0.3176
v -1.375 -4.625 33.632 0.5373 0.5098 0.3176
v -1.125 -4.625 33.635 0.5373 0.5098 0.3176
v -0.875 -4.625 33.635 0.5373 0.5098 0.3176
v -0.625 -4.625 33.735 0.5373 0.5098 0.3176
v -0.375 -4.625 33.735 0.5373 0.5098 0.3176
v -0.125 -4.625 33.687 0.5373 0.5098 0.3176
v 0.125 -4.625 33.687 0.5373 0.5098 0.3176
v 0.375 -4.625 33.726 0.5373 0.5098 0.3176
v 0.625 -4.625 33.726 0.5373 0.5098 0.3176
v 0.875 -4.625 33.711 0.5373 0.5098 0.3176
v 1.125 -4.625 33.711 0.5373 0.5098 0.3176
v 1.375 -4.625 33.711 0.5373 0.5098 0.3176
v 1.625 -4.625 33.711 0.5373 0.5098 0.3176
v 1.875 -4.625 33.711 0.5373 0.5098 0.3176
v 2.125 -4.625 33.370 0.5373 0.5098 0.3176
v 2.375 -4.625 33.370 0.5373 0.5098 0.3176
v 2.625 -4.625 33.370 0.5373 0.5098 0.3176
v 2.875 -4.625 33.370 0.5373 0.5098 0.3176
v 3.125 -4.625 33.566 0.5373 0.5098 0.3176
v 3.375 -4.625 33.566 0.5373 0.5098 0.3176
v 3.625 -4.625 33.566 0.5373 0.5098 0.3176
v 3.875 -4.625 33.546 0.5373 0.5098 0.3176
v 4.125 -4.625 33.546 0.5373 0.5098 0.3176
v 4.375 -4.625 33.546 0.5373 0.5098 0.3176
v 4.625 -4.625 33.546 0.5373 0.5098 0.3176
v 4.875 -4.625 33.738 0.5373 0.5098 0.3176
v 5.125 -4.625 33.738 0.5373 0.5098 0.3176
v 5.375 -4.625 33.738 0.5373 0.5098 0.3176
v 5.625 -4.625 33.674 0.5373 0.5098 0.3176
v 5.875 -4.625 33.674 0.5373 0.5098 0.3176
v 6.125 -4.625 33.716 0.5373 0.5098 0.3176
v 6.375 -4.625 33.717 0.5373 0.5098 0.3176
v 6.625 -4.625 33.717 0.5373 0.5098 0.3176
v 6.875 -4.625 33.699 0.5373 0.5098 0.3176
v 7.125 -4.625 33.699 0.5373 0.5098 0.3176
v 7.375 -4.625 33.699 0.5373 0.5098 0.3176
v 7.625 -4.625 33.699 0.5373 0.5098 0.3176
v 7.875 -4.625 33.699 0.5373 0.5098 0.3176
v 8.125 -4.625 33.522 0.5373 0.5098 0.3176
v 8.375 -4.625 33.513 0.5373 0.5098 0.3176
v 8.625 -4.625 33.513 0.5373 0.5098 0.3176
v 8.875 -4.625 33.513 0.5373 0.5098 0.3176
v 9.125 -4.625 33.513 0.5373 0.5098 0.3176
v 9.375 -4.625 33.513 0.5373 0.5098 0.3176
v 9.625 -4.625 33.278 0.5373 0.5098 0.3176
v 9.875 -4.625 33.278 0.5373 0.5098 0.3176
v 10.125 -4.625 33.299 0.5373 0.5098 0.3176
v 10.375 -4.625 33.281 0.5373 0.5098 0.3176
v 10.625 -4.625 33.281 0.5373 0.5098 0.3176
v 10.875 -4.625 33.281 0.5373 0.5098 0.3176
v 11.125 -4.625 33.281 0.5373 0.5098 0.3176
v 11.375 -4.625 33.281 0.5373 0.5098 0.3176
v 11.625 -4.625 33.299 0.5373 0.5098 0.3176
v 11.875 -4.625 33.278 0.5373 0.5098 0.3176
v 12.125 -4.625 33.278 0.5373 0.5098 0.3176
v 12.375 -4.625 33.278 0.5373 0.5098 0.3176
v -12.375 -4.375 33.598 0.5373 0.5098 0.3176
v -12.125 -4.375 33.629 0.5373 0.5098 0.3176
v -11.875 -4.375 33.620 0.5373 0.5098 0.3176
v -11.625 -4.375 33.653 0.5373 0.5098 0.3176
v -11.375 -4.375 33.623 0.5373 0.5098 0.3176
v -11.125 -4.375 33.645 0.5373 0.5098 0.3176
v -10.875 -4.375 33.656 0.5373 0.5098 0.3176
v -10.625 -4.375 33.656 0.5373 0.5098 0.3176
v -10.375 -4.375 33.647 0.5373 0.5098 0.3176
v -10.125 -4.375 33.647 0.5373 0.5098 0.3176
v -9.875 -4.375 33.677 0.5373 0.5098 0.3176
v -9.625 -4.375 33.638 0.5373 0.5098 0.3176
v -9.375 -4.375 33.635 0.5373 0.5098 0.3176
v -9.125 -4.375 33.676 0.5373 0.5098 0.3176
v -8.875 -4.375 33.676 0.5373 0.5098 0.3176
v -8.625 -4.375 33.659 0.5373 0.5098 0.3176
v -8.375 -4.375 33.632 0.5373 0.5098 0.3176
v -8.125 -4.375 33.632 0.5373 0.5098 0.3176
v -7.875 -4.375 33.665 0.5373 0.5098 0.3176
v -7.625 -4.375 33.647 0.5373 0.5098 0.3176
v -7.375 -4.375 33.627 0.5373 0.5098 0.3176
v -7.125 -4.375 33.627 0.5373 0.5098 0.3176
v -6.875 -4.375 33.534 0.5373 0.5098 0.3176
v -6.625 -4.375 33.584 0.5373 0.5098 0.3176
v -6.375 -4.375 33.571 0.5373 0.5098 0.3176
v -6.125 -4.375 33.571 0.5373 0.5098 0.3176
v -5.875 -4.375 33.586 0.5373 0.5098 0.3176
v -5.625 -4.375 33.586 0.5373 0.5098 0.3176
v -5.375 -4.375 33.586 0.5373 0.5098 0.3176
v -5.125 -4.375 33.586 0.5373 0.5098 0.3176
v -4.875 -4.375 33.601 0.5373 0.5098 0.3176
v -4.625 -4.375 33.612 0.5373 0.5098 0.3176
v -4.375 -4.375 33.559 0.5373 0.5098 0.3176
v -4.125 -4.375 33.559 0.5373 0.5098 0.3176
v -3.875 -4.375 33.549 0.5373 0.5098 0.3176
v -3.625 -4.375 33.589 0.5373 0.5098 0.3176
v -3.375 -4.375 33.549 0.5373 0.5098 0.3176
v -3.125 -4.375 33.549 0.5373 0.5098 0.3176
v -2.875 -4.375 33.581 0.5373 0.5098 0.3176
v -2.625 -4.375 33.601 0.5373 0.5098 0.3176
v -2.375 -4.375 33.601 0.5373 0.5098 0.3176
v -2.125 -4.375 33.601 0.5373 0.5098 0.3176
v -1.875 -4.375 33.632 0.5373 0.5098 0.3176
v -1.625 -4.375 33.632 0.5373 0.5098 0.3176
v -1.375 -4.375 33.632 0.5373 0.5098 0.3176
v -1.125 -4.375 33.635 0.5373 0.5098 0.3176
v -0.875 -4.375 33.635 0.5373 0.5098 0.3176
v -0.625 -4.375 33.635 0.5373 0.5098 0.3176
v -0.375 -4.375 33.616 0.5373 0.5098 0.3176
v -0.125 -4.375 33.616 0.5373 0.5098 0.3176
v 0.125 -4.375 33.598 0.5373 0.5098 0.3176
v 0.375 -4.375 33.604 0.5373 0.5098 0.3176
v 0.625 -4.375 33.556 0.5373 0.5098 0.3176
v 0.875 -4.375 33.556 0.5373 0.5098 0.3176
v 1.125 -4.375 33.711 0.5373 0.5098 0.3176
v 1.375 -4.375 33.711 0.5373 0.5098 0.3176
v 1.625 -4.375 33.711 0.5373 0.5098 0.3176
v 1.875 -4.375 33.370 0.5373 0.5098 0.3176
v 2.125 -4.375 33.370 0.5373 0.5098 0.3176
v 2.375 -4.375 33.370 0.5373 0.5098 0.3176
v 2.625 -4.375 33.370 0.5373 0.5098 0.3176
v 2.875 -4.375 33.370 0.5373 0.5098 0.3176
v 3.125 -4.375 33.467 0.5373 0.5098 0.3176
v 3.375 -4.375 33.566 0.5373 0.5098 0.3176
v 3.625 -4.375 33.566 0.5373 0.5098 0.3176
v 3.875 -4.375 33.546 0.5373 0.5098 0.3176
v 4.125 -4.375 33.546 0.5373 0.5098 0.3176
v 4.375 -4.375 33.546 0.5373 0.5098 0.3176
v 4.625 -4.375 33.546 0.5373 0.5098 0.3176
v 4.875 -4.375 33.738 0.5373 0.5098 0.3176
v 5.125 -4.375 33.623 0.5373 0.5098 0.3176
v 5.375 -4.375 33.623 0.5373 0.5098 0.3176
v 5.625 -4.375 33.623 0.5373 0.5098 0.3176
v 5.875 -4.375 33.623 0.5373 0.5098 0.3176
v 6.125 -4.375 33.650 0.5373 0.5098 0.3176
v 6.375 -4.375 33.650 0.5373 0.5098 0.3176
v 6.625 -4.375 33.677 0.5373 0.5098 0.3176
v 6.875 -4.375 33.677 0.5373 0.5098 0.3176
v 7.125 -4.375 33.699 0.5373 0.5098 0.3176
v 7.375 -4.375 33.699 0.5373 0.5098 0.3176
v 7.625 -4.375 33.531 0.5373 0.5098 0.3176
v 7.875 -4.375 33.522 0.5373 0.5098 0.3176
v 8.125 -4.375 33.522 0.5373 0.5098 0.3176
v 8.375 -4.375 33.513 0.5373 0.5098 0.3176
v 8.625 -4.375 33.513 0.5373 0.5098 0.3176
v 8.875 -4.375 33.513 0.5373 0.5098 0.3176
v 9.125 -4.375 33.513 0.5373 0.5098 0.3176
v 9.375 -4.375 33.513 0.5373 0.5098 0.3176
v 9.625 -4.375 33.278 0.5373 0.5098 0.3176
v 9.875 -4.375 33.278 0.5373 0.5098 0.3176
v 10.125 -4.375 33.299 0.5373 0.5098 0.3176
v 10.375 -4.375 33.299 0.5373 0.5098 0.3176
v 10.625 -4.375 33.281 0.5373 0.5098 0.3176
v 10.875 -4.375 33.281 0.5373 0.5098 0.3176
v 11.125 -4.375 33.281 0.5373 0.5098 0.3176
v 11.375 -4.375 33.281 0.5373 0.5098 0.3176
v 11.625 -4.375 33.299 0.5373 0.5098 0.3176
v 11.875 -4.375 33.278 0.5373 0.5098 0.3176
v 12.125 -4.375 33.278 0.5373 0.5098 0.3176
v 12.375 -4.375 33.278 0.5373 0.5098 0.3176
v -12.375 -4.125 33.595 0.5373 0.5098 0.3176
v -12.125 -4.125 33.626 0.5373 0.5098 0.3176
v -11.875 -4.125 33.635 0.5373 0.5098 0.3176
v -11.625 -4.125 33.635 0.5373 0.5098 0.3176
v -11.375 -4.125 33.626 0.5373 0.5098 0.3176
v -11.125 -4.125 33.626 0.5373 0.5098 0.3176
v -10.875 -4.125 33.650 0.5373 0.5098 0.3176
v -10.625 -4.125 33.650 0.5373 0.5098 0.3176
v -10.375 -4.125 33.647 0.5373 0.5098 0.3176
v -10.125 -4.125 33.647 0.5373 0.5098 0.3176
v -9.875 -4.125 33.638 0.5373 0.5098 0.3176
v -9.625 -4.125 33.638 0.5373 0.5098 0.3176
v -9.375 -4.125 33.650 0.5373 0.5098 0.3176
v -9.125 -4.125 33.650 0.5373 0.5098 0.3176
v -8.875 -4.125 33.629 0.5373 0.5098 0.3176
v -8.625 -4.125 33.629 0.5373 0.5098 0.3176
v -8.375 -4.125 33.632 0.5373 0.5098 0.3176
v -8.125 -4.125 33.665 0.5373 0.5098 0.3176
v -7.875 -4.125 33.665 0.5373 0.5098 0.3176
v -7.625 -4.125 33.616 0.5373 0.5098 0.3176
v -7.375 -4.125 33.604 0.5373 0.5098 0.3176
v -7.125 -4.125 33.604 0.5373 0.5098 0.3176
v -6.875 -4.125 33.495 0.5373 0.5098 0.3176
v -6.625 -4.125 33.495 0.5373 0.5098 0.3176
v -6.375 -4.125 33.571 0.5373 0.5098 0.3176
v -6.125 -4.125 33.571 0.5373 0.5098 0.3176
v -5.875 -4.125 33.565 0.5373 0.5098 0.3176
v -5.625 -4.125 33.565 0.5373 0.5098 0.3176
v -5.375 -4.125 33.565 0.5373 0.5098 0.3176
v -5.125 -4.125 33.556 0.5373 0.5098 0.3176
v -4.875 -4.125 33.586 0.5373 0.5098 0.3176
v -4.625 -4.125 33.595 0.5373 0.5098 0.3176
v -4.375 -4.125 33.595 0.5373 0.5098 0.3176
v -4.125 -4.125 33.537 0.5373 0.5098 0.3176
v -3.875 -4.125 33.539 0.5373 0.5098 0.3176
v -3.625 -4.125 33.528 0.5373 0.5098 0.3176
v -3.375 -4.125 33.540 0.5373 0.5098 0.3176
v -3.125 -4.125 33.520 0.5373 0.5098 0.3176
v -2.875 -4.125 33.520 0.5373 0.5098 0.3176
v -2.625 -4.125 33.525 0.5373 0.5098 0.3176
v -2.375 -4.125 33.530 0.5373 0.5098 0.3176
v -2.125 -4.125 33.530 0.5373 0.5098 0.3176
v -1.875 -4.125 33.501 0.5373 0.5098 0.3176
v -1.625 -4.125 33.501 0.5373 0.5098 0.3176
v -1.375 -4.125 33.565 0.5373 0.5098 0.3176
v -1.125 -4.125 33.565 0.5373 0.5098 0.3176
v -0.875 -4.125 33.565 0.5373 0.5098 0.3176
v -0.625 -4.125 33.565 0.5373 0.5098 0.3176
v -0.375 -4.125 33.516 0.5373 0.5098 0.3176
v -0.125 -4.125 33.528 0.5373 0.5098 0.3176
v 0.125 -4.125 33.525 0.5373 0.5098 0.3176
v 0.375 -4.125 33.525 0.5373 0.5098 0.3176
v 0.625 -4.125 33.513 0.5373 0.5098 0.3176
v 0.875 -4.125 33.495 0.5373 0.5098 0.3176
v 1.125 -4.125 33.495 0.5373 0.5098 0.3176
v 1.375 -4.125 33.495 0.5373 0.5098 0.3176
v 1.625 -4.125 33.495 0.5373 0.5098 0.3176
v 1.875 -4.125 33.370 0.5373 0.5098 0.3176
v 2.125 -4.125 33.370 0.5373 0.5098 0.3176
v 2.375 -4.125 33.370 0.5373 0.5098 0.3176
v 2.625 -4.125 33.370 0.5373 0.5098 0.3176
v 2.875 -4.125 33.370 0.5373 0.5098 0.3176
v 3.125 -4.125 33.467 0.5373 0.5098 0.3176
v 3.375 -4.125 33.507 0.5373 0.5098 0.3176
v 3.625 -4.125 33.566 0.5373 0.5098 0.3176
v 3.875 -4.125 33.546 0.5373 0.5098 0.3176
v 4.125 -4.125 33.546 0.5373 0.5098 0.3176
v 4.375 -4.125 33.546 0.5373 0.5098 0.3176
v 4.625 -4.125 33.461 0.5373 0.5098 0.3176
v 4.875 -4.125 33.461 0.5373 0.5098 0.3176
v 5.125 -4.125 33.623 0.5373 0.5098 0.3176
v 5.375 -4.125 33.623 0.5373 0.5098 0.3176
v 5.625 -4.125 33.623 0.5373 0.5098 0.3176
v 5.875 -4.125 33.623 0.5373 0.5098 0.3176
v 6.125 -4.125 33.604 0.5373 0.5098 0.3176
v 6.375 -4.125 33.577 0.5373 0.5098 0.3176
v 6.625 -4.125 33.577 0.5373 0.5098 0.3176
v 6.875 -4.125 33.519 0.5373 0.5098 0.3176
v 7.125 -4.125 33.519 0.5373 0.5098 0.3176
v 7.375 -4.125 33.519 0.5373 0.5098 0.3176
v 7.625 -4.125 33.531 0.5373 0.5098 0.3176
v 7.875 -4.125 33.522 0.5373 0.5098 0.3176
v 8.125 -4.125 33.522 0.5373 0.5098 0.3176
v 8.375 -4.125 33.513 0.5373 0.5098 0.3176
v 8.625 -4.125 33.513 0.5373 0.5098 0.3176
v 8.875 -4.125 33.513 0.5373 0.5098 0.3176
v 9.125 -4.125 33.513 0.5373 0.5098 0.3176
v 9.375 -4.125 33.513 0.5373 0.5098 0.3176
v 9.625 -4.125 33.278 0.5373 0.5098 0.3176
v 9.875 -4.125 33.278 0.5373 0.5098 0.3176
v 10.125 -4.125 33.299 0.5373 0.5098 0.3176
v 10.375 -4.125 33.299 0.5373 0.5098 0.3176
v 10.625 -4.125 33.269 0.5373 0.5098 0.3176
v 10.875 -4.125 33.281 0.5373 0.5098 0.3176
v 11.125 -4.125 33.281 0.5373 0.5098 0.3176
v 11.375 -4.125 33.281 0.5373 0.5098 0.3176
v 11.625 -4.125 33.299 0.5373 0.5098 0.3176
v 11.875 -4.125 33.278 0.5373 0.5098 0.3176
v 12.125 -4.125 33.278 0.5373 0.5098 0.3176
v 12.375 -4.125 33.278 0.5373 0.5098 0.3176
v -12.375 -3.875 33.620 0.5373 0.5098 0.3176
v -12.125 -3.875 33.650 0.5373 0.5098 0.3176
v -11.875 -3.875 33.620 0.5373 0.5098 0.3176
v -11.625 -3.875 33.632 0.5373 0.5098 0.3176
v -11.375 -3.875 33.632 0.5373 0.5098 0.3176
v -11.125 -3.875 33.598 0.5373 0.5098 0.3176
v -10.875 -3.875 33.650 0.5373 0.5098 0.3176
v -10.625 -3.875 33.650 0.5373 0.5098 0.3176
v -10.375 -3.875 33.647 0.5373 0.5098 0.3176
v -10.125 -3.875 33.647 0.5373 0.5098 0.3176
v -9.875 -3.875 33.638 0.5373 0.5098 0.3176
v -9.625 -3.875 33.638 0.5373 0.5098 0.3176
v -9.375 -3.875 33.612 0.5373 0.5098 0.3176
v -9.125 -3.875 33.612 0.5373 0.5098 0.3176
v -8.875 -3.875 33.604 0.5373 0.5098 0.3176
v -8.625 -3.875 33.604 0.5373 0.5098 0.3176
v -8.375 -3.875 33.537 0.5373 0.5098 0.3176
v -8.125 -3.875 33.665 0.5373 0.5098 0.3176
v -7.875 -3.875 33.665 0.5373 0.5098 0.3176
v -7.625 -3.875 33.665 0.5373 0.5098 0.3176
v -7.375 -3.875 33.604 0.5373 0.5098 0.3176
v -7.125 -3.875 33.604 0.5373 0.5098 0.3176
v -6.875 -3.875 33.495 0.5373 0.5098 0.3176
v -6.625 -3.875 33.531 0.5373 0.5098 0.3176
v -6.375 -3.875 33.531 0.5373 0.5098 0.3176
v -6.125 -3.875 33.531 0.5373 0.5098 0.3176
v -5.875 -3.875 33.546 0.5373 0.5098 0.3176
v -5.625 -3.875 33.546 0.5373 0.5098 0.3176
v -5.375 -3.875 33.531 0.5373 0.5098 0.3176
v -5.125 -3.875 33.554 0.5373 0.5098 0.3176
v -4.875 -3.875 33.531 0.5373 0.5098 0.3176
v -4.625 -3.875 33.569 0.5373 0.5098 0.3176
v -4.375 -3.875 33.537 0.5373 0.5098 0.3176
v -4.125 -3.875 33.522 0.5373 0.5098 0.3176
v -3.875 -3.875 33.537 0.5373 0.5098 0.3176
v -3.625 -3.875 33.522 0.5373 0.5098 0.3176
v -3.375 -3.875 33.522 0.5373 0.5098 0.3176
v -3.125 -3.875 33.501 0.5373 0.5098 0.3176
v -2.875 -3.875 33.505 0.5373 0.5098 0.3176
v -2.625 -3.875 33.488 0.5373 0.5098 0.3176
v -2.375 -3.875 33.499 0.5373 0.5098 0.3176
v -2.125 -3.875 33.479 0.5373 0.5098 0.3176
v -1.875 -3.875 33.501 0.5373 0.5098 0.3176
v -1.625 -3.875 33.501 0.5373 0.5098 0.3176
v -1.375 -3.875 33.501 0.5373 0.5098 0.3176
v -1.125 -3.875 33.525 0.5373 0.5098 0.3176
v -0.875 -3.875 33.525 0.5373 0.5098 0.3176
v -0.625 -3.875 33.525 0.5373 0.5098 0.3176
v -0.375 -3.875 33.508 0.5373 0.5098 0.3176
v -0.125 -3.875 33.495 0.5373 0.5098 0.3176
v 0.125 -3.875 33.522 0.5373 0.5098 0.3176
v 0.375 -3.875 33.476 0.5373 0.5098 0.3176
v 0.625 -3.875 33.478 0.5373 0.5098 0.3176
v 0.875 -3.875 33.478 0.5373 0.5098 0.3176
v 1.125 -3.875 33.495 0.5373 0.5098 0.3176
v 1.375 -3.875 33.495 0.5373 0.5098 0.3176
v 1.625 -3.875 33.370 0.5373 0.5098 0.3176
v 1.875 -3.875 33.370 0.5373 0.5098 0.3176
v 2.125 -3.875 33.370 0.5373 0.5098 0.3176
v 2.375 -3.875 33.370 0.5373 0.5098 0.3176
v 2.625 -3.875 33.370 0.5373 0.5098 0.3176
v 2.875 -3.875 33.370 0.5373 0.5098 0.3176
v 3.125 -3.875 33.467 0.5373 0.5098 0.3176
v 3.375 -3.875 33.507 0.5373 0.5098 0.3176
v 3.625 -3.875 33.507 0.5373 0.5098 0.3176
v 3.875 -3.875 33.546 0.5373 0.5098 0.3176
v 4.125 -3.875 33.461 0.5373 0.5098 0.3176
v 4.375 -3.875 33.461 0.5373 0.5098 0.3176
v 4.625 -3.875 33.461 0.5373 0.5098 0.3176
v 4.875 -3.875 33.461 0.5373 0.5098 0.3176
v 5.125 -3.875 33.379 0.5373 0.5098 0.3176
v 5.375 -3.875 33.379 0.5373 0.5098 0.3176
v 5.625 -3.875 33.479 0.5373 0.5098 0.3176
v 5.875 -3.875 33.479 0.5373 0.5098 0.3176
v 6.125 -3.875 33.522 0.5373 0.5098 0.3176
v 6.375 -3.875 33.534 0.5373 0.5098 0.3176
v 6.625 -3.875 33.537 0.5373 0.5098 0.3176
v 6.875 -3.875 33.519 0.5373 0.5098 0.3176
v 7.125 -3.875 33.519 0.5373 0.5098 0.3176
v 7.375 -3.875 33.519 0.5373 0.5098 0.3176
v 7.625 -3.875 33.531 0.5373 0.5098 0.3176
v 7.875 -3.875 33.522 0.5373 0.5098 0.3176
v 8.125 -3.875 33.522 0.5373 0.5098 0.3176
v 8.375 -3.875 33.513 0.5373 0.5098 0.3176
v 8.625 -3.875 33.513 0.5373 0.5098 0.3176
v 8.875 -3.875 33.513 0.5373 0.5098 0.3176
v 9.125 -3.875 33.513 0.5373 0.5098 0.3176
v 9.375 -3.875 33.278 0.5373 0.5098 0.3176
v 9.625 -3.875 33.278 0.5373 0.5098 0.3176
v 9.875 -3.875 33.278 0.5373 0.5098 0.3176
v 10.125 -3.875 33.299 0.5373 0.5098 0.3176
v 10.375 -3.875 33.299 0.5373 0.5098 0.3176
v 10.625 -3.875 33.269 0.5373 0.5098 0.3176
v 10.875 -3.875 33.269 0.5373 0.5098 0.3176
v 11.125 -3.875 33.281 0.5373 0.5098 0.3176
v 11.375 -3.875 33.281 0.5373 0.5098 0.3176
v 11.625 -3.875 33.299 0.5373 0.5098 0.3176
v 11.875 -3.875 33.278 0.5373 0.5098 0.3176
v 12.125 -3.875 33.278 0.5373 0.5098 0.3176
v 12.375 -3.875 33.278 0.5373 0.5098 0.3176
v -12.375 -3.625 33.620 0.5373 0.5098 0.3176
v -12.125 -3.625 33.629 0.5373 0.5098 0.3176
v -11.875 -3.625 33.629 0.5373 0.5098 0.3176
v -11.625 -3.625 33.632 0.5373 0.5098 0.3176
v -11.375 -3.625 33.598 0.5373 0.5098 0.3176
v -11.125 -3.625 33.598 0.5373 0.5098 0.3176
v -10.875 -3.625 33.598 0.5373 0.5098 0.3176
v -10.625 -3.625 33.598 0.5373 0.5098 0.3176
v -10.375 -3.625 33.597 0.5373 0.5098 0.3176
v -10.125 -3.625 33.597 0.5373 0.5098 0.3176
v -9.875 -3.625 33.566 0.5373 0.5098 0.3176
v -9.625 -3.625 33.612 0.5373 0.5098 0.3176
v -9.375 -3.625 33.612 0.5373 0.5098 0.3176
v -9.125 -3.625 33.612 0.5373 0.5098 0.3176
v -8.875 -3.625 33.604 0.5373 0.5098 0.3176
v -8.625 -3.625 33.537 0.5373 0.5098 0.3176
v -8.375 -3.625 33.537 0.5373 0.5098 0.3176
v -8.125 -3.625 33.665 0.5373 0.5098 0.3176
v -7.875 -3.625 33.665 0.5373 0.5098 0.3176
v -7.625 -3.625 33.665 0.5373 0.5098 0.3176
v -7.375 -3.625 33.479 0.5373 0.5098 0.3176
v -7.125 -3.625 33.479 0.5373 0.5098 0.3176
v -6.875 -3.625 33.495 0.5373 0.5098 0.3176
v -6.625 -3.625 33.495 0.5373 0.5098 0.3176
v -6.375 -3.625 33.531 0.5373 0.5098 0.3176
v -6.125 -3.625 33.556 0.5373 0.5098 0.3176
v -5.875 -3.625 33.525 0.5373 0.5098 0.3176
v -5.625 -3.625 33.546 0.5373 0.5098 0.3176
v -5.375 -3.625 33.531 0.5373 0.5098 0.3176
v -5.125 -3.625 33.554 0.5373 0.5098 0.3176
v -4.875 -3.625 33.519 0.5373 0.5098 0.3176
v -4.625 -3.625 33.519 0.5373 0.5098 0.3176
v -4.375 -3.625 33.528 0.5373 0.5098 0.3176
v -4.125 -3.625 33.528 0.5373 0.5098 0.3176
v -3.875 -3.625 33.537 0.5373 0.5098 0.3176
v -3.625 -3.625 33.488 0.5373 0.5098 0.3176
v -3.375 -3.625 33.479 0.5373 0.5098 0.3176
v -3.125 -3.625 33.479 0.5373 0.5098 0.3176
v -2.875 -3.625 33.449 0.5373 0.5098 0.3176
v -2.625 -3.625 33.409 0.5373 0.5098 0.3176
v -2.375 -3.625 33.409 0.5373 0.5098 0.3176
v -2.125 -3.625 33.479 0.5373 0.5098 0.3176
v -1.875 -3.625 33.501 0.5373 0.5098 0.3176
v -1.625 -3.625 33.397 0.5373 0.5098 0.3176
v -1.375 -3.625 33.397 0.5373 0.5098 0.3176
v -1.125 -3.625 33.525 0.5373 0.5098 0.3176
v -0.875 -3.625 33.525 0.5373 0.5098 0.3176
v -0.625 -3.625 33.498 0.5373 0.5098 0.3176
v -0.375 -3.625 33.498 0.5373 0.5098 0.3176
v -0.125 -3.625 33.440 0.5373 0.5098 0.3176
v 0.125 -3.625 33.440 0.5373 0.5098 0.3176
v 0.375 -3.625 33.476 0.5373 0.5098 0.3176
v 0.625 -3.625 33.478 0.5373 0.5098 0.3176
v 0.875 -3.625 33.431 0.5373 0.5098 0.3176
v 1.125 -3.625 33.431 0.5373 0.5098 0.3176
v 1.375 -3.625 33.345 0.5373 0.5098 0.3176
v 1.625 -3.625 33.370 0.5373 0.5098 0.3176
v 1.875 -3.625 33.370 0.5373 0.5098 0.3176
v 2.125 -3.625 33.370 0.5373 0.5098 0.3176
v 2.375 -3.625 33.330 0.5373 0.5098 0.3176
v 2.625 -3.625 33.370 0.5373 0.5098 0.3176
v 2.875 -3.625 33.370 0.5373 0.5098 0.3176
v 3.125 -3.625 33.440 0.5373 0.5098 0.3176
v 3.375 -3.625 33.510 0.5373 0.5098 0.3176
v 3.625 -3.625 33.510 0.5373 0.5098 0.3176
v 3.875 -3.625 33.461 0.5373 0.5098 0.3176
v 4.125 -3.625 33.461 0.5373 0.5098 0.3176
v 4.375 -3.625 33.461 0.5373 0.5098 0.3176
v 4.625 -3.625 33.461 0.5373 0.5098 0.3176
v 4.875 -3.625 33.461 0.5373 0.5098 0.3176
v 5.125 -3.625 33.379 0.5373 0.5098 0.3176
v 5.375 -3.625 33.379 0.5373 0.5098 0.3176
v 5.625 -3.625 33.379 0.5373 0.5098 0.3176
v 5.875 -3.625 33.479 0.5373 0.5098 0.3176
v 6.125 -3.625 33.476 0.5373 0.5098 0.3176
v 6.375 -3.625 33.498 0.5373 0.5098 0.3176
v 6.625 -3.625 33.499 0.5373 0.5098 0.3176
v 6.875 -3.625 33.488 0.5373 0.5098 0.3176
v 7.125 -3.625 33.519 0.5373 0.5098 0.3176
v 7.375 -3.625 33.519 0.5373 0.5098 0.3176
v 7.625 -3.625 33.531 0.5373 0.5098 0.3176
v 7.875 -3.625 33.522 0.5373 0.5098 0.3176
v 8.125 -3.625 33.522 0.5373 0.5098 0.3176
v 8.375 -3.625 33.513 0.5373 0.5098 0.3176
v 8.625 -3.625 33.513 0.5373 0.5098 0.3176
v 8.875 -3.625 33.513 0.5373 0.5098 0.3176
v 9.125 -3.625 33.513 0.5373 0.5098 0.3176
v 9.375 -3.625 33.278 0.5373 0.5098 0.3176
v 9.625 -3.625 33.278 0.5373 0.5098 0.3176
v 9.875 -3.625 33.278 0.5373 0.5098 0.3176
v 10.125 -3.625 33.299 0.5373 0.5098 0.3176
v 10.375 -3.625 33.299 0.5373 0.5098 0.3176
v 10.625 -3.625 33.299 0.5373 0.5098 0.3176
v 10.875 -3.625 33.269 0.5373 0.5098 0.3176
v 11.125 -3.625 33.269 0.5373 0.5098 0.3176
v 11.375 -3.625 33.281 0.5373 0.5098 0.3176
v 11.625 -3.625 33.299 0.5373 0.5098 0.3176
v 11.875 -3.625 33.278 0.5373 0.5098 0.3176
v 12.125 -3.625 33.278 0.5373 0.5098 0.3176
v 12.375 -3.625 33.278 0.5373 0.5098 0.3176
v -12.375 -3.375 33.629 0.5373 0.5098 0.3176
v -12.125 -3.375 33.629 0.5373 0.5098 0.3176
v -11.875 -3.375 33.595 0.5373 0.5098 0.3176
v -11.625 -3.375 33.595 0.5373 0.5098 0.3176
v -11.375 -3.375 33.598 0.5373 0.5098 0.3176
v -11.125 -3.375 33.598 0.5373 0.5098 0.3176
v -10.875 -3.375 33.598 0.5373 0.5098 0.3176
v -10.625 -3.375 33.592 0.5373 0.5098 0.3176
v -10.375 -3.375 33.597 0.5373 0.5098 0.3176
v -10.125 -3.375 33.597 0.5373 0.5098 0.3176
v -9.875 -3.375 33.566 0.5373 0.5098 0.3176
v -9.625 -3.375 33.595 0.5373 0.5098 0.3176
v -9.375 -3.375 33.595 0.5373 0.5098 0.3176
v -9.125 -3.375 33.595 0.5373 0.5098 0.3176
v -8.875 -3.375 33.537 0.5373 0.5098 0.3176
v -8.625 -3.375 33.537 0.5373 0.5098 0.3176
v -8.375 -3.375 33.537 0.5373 0.5098 0.3176
v -8.125 -3.375 33.537 0.5373 0.5098 0.3176
v -7.875 -3.375 33.665 0.5373 0.5098 0.3176
v -7.625 -3.375 33.479 0.5373 0.5098 0.3176
v -7.375 -3.375 33.479 0.5373 0.5098 0.3176
v -7.125 -3.375 33.479 0.5373 0.5098 0.3176
v -6.875 -3.375 33.495 0.5373 0.5098 0.3176
v -6.625 -3.375 33.495 0.5373 0.5098 0.3176
v -6.375 -3.375 33.556 0.5373 0.5098 0.3176
v -6.125 -3.375 33.556 0.5373 0.5098 0.3176
v -5.875 -3.375 33.525 0.5373 0.5098 0.3176
v -5.625 -3.375 33.525 0.5373 0.5098 0.3176
v -5.375 -3.375 33.485 0.5373 0.5098 0.3176
v -5.125 -3.375 33.476 0.5373 0.5098 0.3176
v -4.875 -3.375 33.482 0.5373 0.5098 0.3176
v -4.625 -3.375 33.485 0.5373 0.5098 0.3176
v -4.375 -3.375 33.482 0.5373 0.5098 0.3176
v -4.125 -3.375 33.482 0.5373 0.5098 0.3176
v -3.875 -3.375 33.459 0.5373 0.5098 0.3176
v -3.625 -3.375 33.459 0.5373 0.5098 0.3176
v -3.375 -3.375 33.446 0.5373 0.5098 0.3176
v -3.125 -3.375 33.424 0.5373 0.5098 0.3176
v -2.875 -3.375 33.424 0.5373 0.5098 0.3176
v -2.625 -3.375 33.388 0.5373 0.5098 0.3176
v -2.375 -3.375 33.397 0.5373 0.5098 0.3176
v -2.125 -3.375 33.405 0.5373 0.5098 0.3176
v -1.875 -3.375 33.405 0.5373 0.5098 0.3176
v -1.625 -3.375 33.397 0.5373 0.5098 0.3176
v -1.375 -3.375 33.397 0.5373 0.5098 0.3176
v -1.125 -3.375 33.385 0.5373 0.5098 0.3176
v -0.875 -3.375 33.437 0.5373 0.5098 0.3176
v -0.625 -3.375 33.431 0.5373 0.5098 0.3176
v -0.375 -3.375 33.427 0.5373 0.5098 0.3176
v -0.125 -3.375 33.427 0.5373 0.5098 0.3176
v 0.125 -3.375 33.427 0.5373 0.5098 0.3176
v 0.375 -3.375 33.447 0.5373 0.5098 0.3176
v 0.625 -3.375 33.426 0.5373 0.5098 0.3176
v 0.875 -3.375 33.431 0.5373 0.5098 0.3176
v 1.125 -3.375 33.431 0.5373 0.5098 0.3176
v 1.375 -3.375 33.345 0.5373 0.5098 0.3176
v 1.625 -3.375 33.388 0.5373 0.5098 0.3176
v 1.875 -3.375 33.370 0.5373 0.5098 0.3176
v 2.125 -3.375 33.370 0.5373 0.5098 0.3176
v 2.375 -3.375 33.330 0.5373 0.5098 0.3176
v 2.625 -3.375 33.318 0.5373 0.5098 0.3176
v 2.875 -3.375 33.370 0.5373 0.5098 0.3176
v 3.125 -3.375 33.412 0.5373 0.5098 0.3176
v 3.375 -3.375 33.455 0.5373 0.5098 0.3176
v 3.625 -3.375 33.432 0.5373 0.5098 0.3176
v 3.875 -3.375 33.432 0.5373 0.5098 0.3176
v 4.125 -3.375 33.470 0.5373 0.5098 0.3176
v 4.375 -3.375 33.470 0.5373 0.5098 0.3176
v 4.625 -3.375 33.470 0.5373 0.5098 0.3176
v 4.875 -3.375 33.470 0.5373 0.5098 0.3176
v 5.125 -3.375 33.379 0.5373 0.5098 0.3176
v 5.375 -3.375 33.379 0.5373 0.5098 0.3176
v 5.625 -3.375 33.379 0.5373 0.5098 0.3176
v 5.875 -3.375 33.379 0.5373 0.5098 0.3176
v 6.125 -3.375 33.461 0.5373 0.5098 0.3176
v 6.375 -3.375 33.461 0.5373 0.5098 0.3176
v 6.625 -3.375 33.499 0.5373 0.5098 0.3176
v 6.875 -3.375 33.488 0.5373 0.5098 0.3176
v 7.125 -3.375 33.490 0.5373 0.5098 0.3176
v 7.375 -3.375 33.470 0.5373 0.5098 0.3176
v 7.625 -3.375 33.470 0.5373 0.5098 0.3176
v 7.875 -3.375 33.522 0.5373 0.5098 0.3176
v 8.125 -3.375 33.522 0.5373 0.5098 0.3176
v 8.375 -3.375 33.513 0.5373 0.5098 0.3176
v 8.625 -3.375 33.513 0.5373 0.5098 0.3176
v 8.875 -3.375 33.513 0.5373 0.5098 0.3176
v 9.125 -3.375 33.431 0.5373 0.5098 0.3176
v 9.375 -3.375 33.382 0.5373 0.5098 0.3176
v 9.625 -3.375 33.278 0.5373 0.5098 0.3176
v 9.875 -3.375 33.278 0.5373 0.5098 0.3176
v 10.125 -3.375 33.299 0.5373 0.5098 0.3176
v 10.375 -3.375 33.299 0.5373 0.5098 0.3176
v 10.625 -3.375 33.299 0.5373 0.5098 0.3176
v 10.875 -3.375 33.269 0.5373 0.5098 0.3176
v 11.125 -3.375 33.269 0.5373 0.5098 0.3176
v 11.375 -3.375 33.269 0.5373 0.5098 0.3176
v 11.625 -3.375 33.278 0.5373 0.5098 0.3176
v 11.875 -3.375 33.278 0.5373 0.5098 0.3176
v 12.125 -3.375 33.278 0.5373 0.5098 0.3176
v 12.375 -3.375 33.211 0.5373 0.5098 0.3176
v -12.375 -3.125 33.620 0.5373 0.5098 0.3176
v -12.125 -3.125 33.620 0.5373 0.5098 0.3176
v -11.875 -3.125 33.595 0.5373 0.5098 0.3176
v -11.625 -3.125 33.595 0.5373 0.5098 0.3176
v -11.375 -3.125 33.572 0.5373 0.5098 0.3176
v -11.125 -3.125 33.572 0.5373 0.5098 0.3176
v -10.875 -3.125 33.572 0.5373 0.5098 0.3176
v -10.625 -3.125 33.592 0.5373 0.5098 0.3176
v -10.375 -3.125 33.597 0.5373 0.5098 0.3176
v -10.125 -3.125 33.597 0.5373 0.5098 0.3176
v -9.875 -3.125 33.566 0.5373 0.5098 0.3176
v -9.625 -3.125 33.566 0.5373 0.5098 0.3176
v -9.375 -3.125 33.565 0.5373 0.5098 0.3176
v -9.125 -3.125 33.549 0.5373 0.5098 0.3176
v -8.875 -3.125 33.556 0.5373 0.5098 0.3176
v -8.625 -3.125 33.542 0.5373 0.5098 0.3176
v -8.375 -3.125 33.542 0.5373 0.5098 0.3176
v -8.125 -3.125 33.519 0.5373 0.5098 0.3176
v -7.875 -3.125 33.519 0.5373 0.5098 0.3176
v -7.625 -3.125 33.519 0.5373 0.5098 0.3176
v -7.375 -3.125 33.479 0.5373 0.5098 0.3176
v -7.125 -3.125 33.485 0.5373 0.5098 0.3176
v -6.875 -3.125 33.485 0.5373 0.5098 0.3176
v -6.625 -3.125 33.546 0.5373 0.5098 0.3176
v -6.375 -3.125 33.546 0.5373 0.5098 0.3176
v -6.125 -3.125 33.554 0.5373 0.5098 0.3176
v -5.875 -3.125 33.554 0.5373 0.5098 0.3176
v -5.625 -3.125 33.507 0.5373 0.5098 0.3176
v -5.375 -3.125 33.507 0.5373 0.5098 0.3176
v -5.125 -3.125 33.476 0.5373 0.5098 0.3176
v -4.875 -3.125 33.469 0.5373 0.5098 0.3176
v -4.625 -3.125 33.467 0.5373 0.5098 0.3176
v -4.375 -3.125 33.473 0.5373 0.5098 0.3176
v -4.125 -3.125 33.473 0.5373 0.5098 0.3176
v -3.875 -3.125 33.440 0.5373 0.5098 0.3176
v -3.625 -3.125 33.431 0.5373 0.5098 0.3176
v -3.375 -3.125 33.431 0.5373 0.5098 0.3176
v -3.125 -3.125 33.412 0.5373 0.5098 0.3176
v -2.875 -3.125 33.412 0.5373 0.5098 0.3176
v -2.625 -3.125 33.388 0.5373 0.5098 0.3176
v -2.375 -3.125 33.357 0.5373 0.5098 0.3176
v -2.125 -3.125 33.357 0.5373 0.5098 0.3176
v -1.875 -3.125 33.348 0.5373 0.5098 0.3176
v -1.625 -3.125 33.406 0.5373 0.5098 0.3176
v -1.375 -3.125 33.406 0.5373 0.5098 0.3176
v -1.125 -3.125 33.385 0.5373 0.5098 0.3176
v -0.875 -3.125 33.437 0.5373 0.5098 0.3176
v -0.625 -3.125 33.385 0.5373 0.5098 0.3176
v -0.375 -3.125 33.357 0.5373 0.5098 0.3176
v -0.125 -3.125 33.382 0.5373 0.5098 0.3176
v 0.125 -3.125 33.376 0.5373 0.5098 0.3176
v 0.375 -3.125 33.376 0.5373 0.5098 0.3176
v 0.625 -3.125 33.394 0.5373 0.5098 0.3176
v 0.875 -3.125 33.385 0.5373 0.5098 0.3176
v 1.125 -3.125 33.385 0.5373 0.5098 0.3176
v 1.375 -3.125 33.345 0.5373 0.5098 0.3176
v 1.625 -3.125 33.388 0.5373 0.5098 0.3176
v 1.875 -3.125 33.348 0.5373 0.5098 0.3176
v 2.125 -3.125 33.357 0.5373 0.5098 0.3176
v 2.375 -3.125 33.330 0.5373 0.5098 0.3176
v 2.625 -3.125 33.318 0.5373 0.5098 0.3176
v 2.875 -3.125 33.370 0.5373 0.5098 0.3176
v 3.125 -3.125 33.370 0.5373 0.5098 0.3176
v 3.375 -3.125 33.455 0.5373 0.5098 0.3176
v 3.625 -3.125 33.432 0.5373 0.5098 0.3176
v 3.875 -3.125 33.432 0.5373 0.5098 0.3176
v 4.125 -3.125 33.470 0.5373 0.5098 0.3176
v 4.375 -3.125 33.470 0.5373 0.5098 0.3176
v 4.625 -3.125 33.470 0.5373 0.5098 0.3176
v 4.875 -3.125 33.257 0.5373 0.5098 0.3176
v 5.125 -3.125 33.257 0.5373 0.5098 0.3176
v 5.375 -3.125 33.379 0.5373 0.5098 0.3176
v 5.625 -3.125 33.379 0.5373 0.5098 0.3176
v 5.875 -3.125 33.376 0.5373 0.5098 0.3176
v 6.125 -3.125 33.379 0.5373 0.5098 0.3176
v 6.375 -3.125 33.379 0.5373 0.5098 0.3176
v 6.625 -3.125 33.165 0.5373 0.5098 0.3176
v 6.875 -3.125 33.490 0.5373 0.5098 0.3176
v 7.125 -3.125 33.490 0.5373 0.5098 0.3176
v 7.375 -3.125 33.470 0.5373 0.5098 0.3176
v 7.625 -3.125 33.470 0.5373 0.5098 0.3176
v 7.875 -3.125 33.522 0.5373 0.5098 0.3176
v 8.125 -3.125 33.522 0.5373 0.5098 0.3176
v 8.375 -3.125 33.513 0.5373 0.5098 0.3176
v 8.625 -3.125 33.513 0.5373 0.5098 0.3176
v 8.875 -3.125 33.431 0.5373 0.5098 0.3176
v 9.125 -3.125 33.431 0.5373 0.5098 0.3176
v 9.375 -3.125 33.382 0.5373 0.5098 0.3176
v 9.625 -3.125 33.344 0.5373 0.5098 0.3176
v 9.875 -3.125 33.278 0.5373 0.5098 0.3176
v 10.125 -3.125 33.299 0.5373 0.5098 0.3176
v 10.375 -3.125 33.299 0.5373 0.5098 0.3176
v 10.625 -3.125 33.299 0.5373 0.5098 0.3176
v 10.875 -3.125 33.235 0.5373 0.5098 0.3176
v 11.125 -3.125 33.269 0.5373 0.5098 0.3176
v 11.375 -3.125 33.226 0.5373 0.5098 0.3176
v 11.625 -3.125 33.278 0.5373 0.5098 0.3176
v 11.875 -3.125 33.232 0.5373 0.5098 0.3176
v 12.125 -3.125 33.232 0.5373 0.5098 0.3176
v 12.375 -3.125 33.211 0.5373 0.5098 0.3176
v -12.375 -2.875 33.620 0.5373 0.5098 0.3176
v -12.125 -2.875 33.620 0.5373 0.5098 0.3176
v -11.875 -2.875 33.595 0.5373 0.5098 0.3176
v -11.625 -2.875 33.604 0.5373 0.5098 0.3176
v -11.375 -2.875 33.604 0.5373 0.5098 0.3176
v -11.125 -2.875 33.572 0.5373 0.5098 0.3176
v -10.875 -2.875 33.572 0.5373 0.5098 0.3176
v -10.625 -2.875 33.592 0.5373 0.5098 0.3176
v -10.375 -2.875 33.597 0.5373 0.5098 0.3176
v -10.125 -2.875 33.556 0.5373 0.5098 0.3176
v -9.875 -2.875 33.556 0.5373 0.5098 0.3176
v -9.625 -2.875 33.556 0.5373 0.5098 0.3176
v -9.375 -2.875 33.565 0.5373 0.5098 0.3176
v -9.125 -2.875 33.549 0.5373 0.5098 0.3176
v -8.875 -2.875 33.556 0.5373 0.5098 0.3176
v -8.625 -2.875 33.542 0.5373 0.5098 0.3176
v -8.375 -2.875 33.542 0.5373 0.5098 0.3176
v -8.125 -2.875 33.519 0.5373 0.5098 0.3176
v -7.875 -2.875 33.519 0.5373 0.5098 0.3176
v -7.625 -2.875 33.519 0.5373 0.5098 0.3176
v -7.375 -2.875 33.498 0.5373 0.5098 0.3176
v -7.125 -2.875 33.498 0.5373 0.5098 0.3176
v -6.875 -2.875 33.485 0.5373 0.5098 0.3176
v -6.625 -2.875 33.546 0.5373 0.5098 0.3176
v -6.375 -2.875 33.546 0.5373 0.5098 0.3176
v -6.125 -2.875 33.554 0.5373 0.5098 0.3176
v -5.875 -2.875 33.507 0.5373 0.5098 0.3176
v -5.625 -2.875 33.507 0.5373 0.5098 0.3176
v -5.375 -2.875 33.455 0.5373 0.5098 0.3176
v -5.125 -2.875 33.455 0.5373 0.5098 0.3176
v -4.875 -2.875 33.464 0.5373 0.5098 0.3176
v -4.625 -2.875 33.418 0.5373 0.5098 0.3176
v -4.375 -2.875 33.388 0.5373 0.5098 0.3176
v -4.125 -2.875 33.418 0.5373 0.5098 0.3176
v -3.875 -2.875 33.418 0.5373 0.5098 0.3176
v -3.625 -2.875 33.388 0.5373 0.5098 0.3176
v -3.375 -2.875 33.379 0.5373 0.5098 0.3176
v -3.125 -2.875 33.379 0.5373 0.5098 0.3176
v -2.875 -2.875 33.373 0.5373 0.5098 0.3176
v -2.625 -2.875 33.339 0.5373 0.5098 0.3176
v -2.375 -2.875 33.318 0.5373 0.5098 0.3176
v -2.125 -2.875 33.318 0.5373 0.5098 0.3176
v -1.875 -2.875 33.348 0.5373 0.5098 0.3176
v -1.625 -2.875 33.406 0.5373 0.5098 0.3176
v -1.375 -2.875 33.406 0.5373 0.5098 0.3176
v -1.125 -2.875 33.385 0.5373 0.5098 0.3176
v -0.875 -2.875 33.437 0.5373 0.5098 0.3176
v -0.625 -2.875 33.348 0.5373 0.5098 0.3176
v -0.375 -2.875 33.354 0.5373 0.5098 0.3176
v -0.125 -2.875 33.357 0.5373 0.5098 0.3176
v 0.125 -2.875 33.357 0.5373 0.5098 0.3176
v 0.375 -2.875 33.354 0.5373 0.5098 0.3176
v 0.625 -2.875 33.330 0.5373 0.5098 0.3176
v 0.875 -2.875 33.357 0.5373 0.5098 0.3176
v 1.125 -2.875 33.357 0.5373 0.5098 0.3176
v 1.375 -2.875 33.345 0.5373 0.5098 0.3176
v 1.625 -2.875 33.388 0.5373 0.5098 0.3176
v 1.875 -2.875 33.348 0.5373 0.5098 0.3176
v 2.125 -2.875 33.357 0.5373 0.5098 0.3176
v 2.375 -2.875 33.299 0.5373 0.5098 0.3176
v 2.625 -2.875 33.309 0.5373 0.5098 0.3176
v 2.875 -2.875 33.357 0.5373 0.5098 0.3176
v 3.125 -2.875 33.355 0.5373 0.5098 0.3176
v 3.375 -2.875 33.327 0.5373 0.5098 0.3176
v 3.625 -2.875 33.342 0.5373 0.5098 0.3176
v 3.875 -2.875 33.342 0.5373 0.5098 0.3176
v 4.125 -2.875 33.397 0.5373 0.5098 0.3176
v 4.375 -2.875 33.397 0.5373 0.5098 0.3176
v 4.625 -2.875 33.397 0.5373 0.5098 0.3176
v 4.875 -2.875 33.257 0.5373 0.5098 0.3176
v 5.125 -2.875 33.257 0.5373 0.5098 0.3176
v 5.375 -2.875 33.278 0.5373 0.5098 0.3176
v 5.625 -2.875 33.315 0.5373 0.5098 0.3176
v 5.875 -2.875 33.341 0.5373 0.5098 0.3176
v 6.125 -2.875 33.333 0.5373 0.5098 0.3176
v 6.375 -2.875 33.165 0.5373 0.5098 0.3176
v 6.625 -2.875 33.165 0.5373 0.5098 0.3176
v 6.875 -2.875 33.165 0.5373 0.5098 0.3176
v 7.125 -2.875 33.490 0.5373 0.5098 0.3176
v 7.375 -2.875 33.470 0.5373 0.5098 0.3176
v 7.625 -2.875 33.470 0.5373 0.5098 0.3176
v 7.875 -2.875 33.522 0.5373 0.5098 0.3176
v 8.125 -2.875 33.522 0.5373 0.5098 0.3176
v 8.375 -2.875 33.513 0.5373 0.5098 0.3176
v 8.625 -2.875 33.431 0.5373 0.5098 0.3176
v 8.875 -2.875 33.431 0.5373 0.5098 0.3176
v 9.125 -2.875 33.431 0.5373 0.5098 0.3176
v 9.375 -2.875 33.382 0.5373 0.5098 0.3176
v 9.625 -2.875 33.344 0.5373 0.5098 0.3176
v 9.875 -2.875 33.300 0.5373 0.5098 0.3176
v 10.125 -2.875 33.290 0.5373 0.5098 0.3176
v 10.375 -2.875 33.289 0.5373 0.5098 0.3176
v 10.625 -2.875 33.235 0.5373 0.5098 0.3176
v 10.875 -2.875 33.235 0.5373 0.5098 0.3176
v 11.125 -2.875 33.217 0.5373 0.5098 0.3176
v 11.375 -2.875 33.226 0.5373 0.5098 0.3176
v 11.625 -2.875 33.178 0.5373 0.5098 0.3176
v 11.875 -2.875 33.202 0.5373 0.5098 0.3176
v 12.125 -2.875 33.220 0.5373 0.5098 0.3176
v 12.375 -2.875 33.202 0.5373 0.5098 0.3176
v -12.375 -2.625 33.568 0.5373 0.5098 0.3176
v -12.125 -2.625 33.607 0.5373 0.5098 0.3176
v -11.875 -2.625 33.607 0.5373 0.5098 0.3176
v -11.625 -2.625 33.580 0.5373 0.5098 0.3176
v -11.375 -2.625 33.580 0.5373 0.5098 0.3176
v -11.125 -2.625 33.580 0.5373 0.5098 0.3176
v -10.875 -2.625 33.525 0.5373 0.5098 0.3176
v -10.625 -2.625 33.525 0.5373 0.5098 0.3176
v -10.375 -2.625 33.525 0.5373 0.5098 0.3176
v -10.125 -2.625 33.525 0.5373 0.5098 0.3176
v -9.875 -2.625 33.546 0.5373 0.5098 0.3176
v -9.625 -2.625 33.546 0.5373 0.5098 0.3176
v -9.375 -2.625 33.464 0.5373 0.5098 0.3176
v -9.125 -2.625 33.525 0.5373 0.5098 0.3176
v -8.875 -2.625 33.525 0.5373 0.5098 0.3176
v -8.625 -2.625 33.516 0.5373 0.5098 0.3176
v -8.375 -2.625 33.516 0.5373 0.5098 0.3176
v -8.125 -2.625 33.525 0.5373 0.5098 0.3176
v -7.875 -2.625 33.519 0.5373 0.5098 0.3176
v -7.625 -2.625 33.525 0.5373 0.5098 0.3176
v -7.375 -2.625 33.498 0.5373 0.5098 0.3176
v -7.125 -2.625 33.531 0.5373 0.5098 0.3176
v -6.875 -2.625 33.531 0.5373 0.5098 0.3176
v -6.625 -2.625 33.464 0.5373 0.5098 0.3176
v -6.375 -2.625 33.525 0.5373 0.5098 0.3176
v -6.125 -2.625 33.525 0.5373 0.5098 0.3176
v -5.875 -2.625 33.507 0.5373 0.5098 0.3176
v -5.625 -2.625 33.455 0.5373 0.5098 0.3176
v -5.375 -2.625 33.455 0.5373 0.5098 0.3176
v -5.125 -2.625 33.424 0.5373 0.5098 0.3176
v -4.875 -2.625 33.437 0.5373 0.5098 0.3176
v -4.625 -2.625 33.423 0.5373 0.5098 0.3176
v -4.375 -2.625 33.421 0.5373 0.5098 0.3176
v -4.125 -2.625 33.400 0.5373 0.5098 0.3176
v -3.875 -2.625 33.400 0.5373 0.5098 0.3176
v -3.625 -2.625 33.382 0.5373 0.5098 0.3176
v -3.375 -2.625 33.359 0.5373 0.5098 0.3176
v -3.125 -2.625 33.339 0.5373 0.5098 0.3176
v -2.875 -2.625 33.333 0.5373 0.5098 0.3176
v -2.625 -2.625 33.299 0.5373 0.5098 0.3176
v -2.375 -2.625 33.299 0.5373 0.5098 0.3176
v -2.125 -2.625 33.299 0.5373 0.5098 0.3176
v -1.875 -2.625 33.309 0.5373 0.5098 0.3176
v -1.625 -2.625 33.312 0.5373 0.5098 0.3176
v -1.375 -2.625 33.321 0.5373 0.5098 0.3176
v -1.125 -2.625 33.321 0.5373 0.5098 0.3176
v -0.875 -2.625 33.315 0.5373 0.5098 0.3176
v -0.625 -2.625 33.315 0.5373 0.5098 0.3176
v -0.375 -2.625 33.342 0.5373 0.5098 0.3176
v -0.125 -2.625 33.328 0.5373 0.5098 0.3176
v 0.125 -2.625 33.333 0.5373 0.5098 0.3176
v 0.375 -2.625 33.342 0.5373 0.5098 0.3176
v 0.625 -2.625 33.351 0.5373 0.5098 0.3176
v 0.875 -2.625 33.346 0.5373 0.5098 0.3176
v 1.125 -2.625 33.342 0.5373 0.5098 0.3176
v 1.375 -2.625 33.342 0.5373 0.5098 0.3176
v 1.625 -2.625 33.333 0.5373 0.5098 0.3176
v 1.875 -2.625 33.325 0.5373 0.5098 0.3176
v 2.125 -2.625 33.260 0.5373 0.5098 0.3176
v 2.375 -2.625 33.278 0.5373 0.5098 0.3176
v 2.625 -2.625 33.278 0.5373 0.5098 0.3176
v 2.875 -2.625 33.342 0.5373 0.5098 0.3176
v 3.125 -2.625 33.306 0.5373 0.5098 0.3176
v 3.375 -2.625 33.306 0.5373 0.5098 0.3176
v 3.625 -2.625 33.322 0.5373 0.5098 0.3176
v 3.875 -2.625 33.322 0.5373 0.5098 0.3176
v 4.125 -2.625 33.397 0.5373 0.5098 0.3176
v 4.375 -2.625 33.397 0.5373 0.5098 0.3176
v 4.625 -2.625 33.257 0.5373 0.5098 0.3176
v 4.875 -2.625 33.257 0.5373 0.5098 0.3176
v 5.125 -2.625 33.257 0.5373 0.5098 0.3176
v 5.375 -2.625 33.278 0.5373 0.5098 0.3176
v 5.625 -2.625 33.229 0.5373 0.5098 0.3176
v 5.875 -2.625 33.229 0.5373 0.5098 0.3176
v 6.125 -2.625 33.333 0.5373 0.5098 0.3176
v 6.375 -2.625 33.165 0.5373 0.5098 0.3176
v 6.625 -2.625 33.165 0.5373 0.5098 0.3176
v 6.875 -2.625 33.199 0.5373 0.5098 0.3176
v 7.125 -2.625 33.199 0.5373 0.5098 0.3176
v 7.375 -2.625 33.199 0.5373 0.5098 0.3176
v 7.625 -2.625 33.470 0.5373 0.5098 0.3176
v 7.875 -2.625 33.522 0.5373 0.5098 0.3176
v 8.125 -2.625 33.522 0.5373 0.5098 0.3176
v 8.375 -2.625 33.513 0.5373 0.5098 0.3176
v 8.625 -2.625 33.431 0.5373 0.5098 0.3176
v 8.875 -2.625 33.431 0.5373 0.5098 0.3176
v 9.125 -2.625 33.431 0.5373 0.5098 0.3176
v 9.375 -2.625 33.382 0.5373 0.5098 0.3176
v 9.625 -2.625 33.269 0.5373 0.5098 0.3176
v 9.875 -2.625 33.269 0.5373 0.5098 0.3176
v 10.125 -2.625 33.284 0.5373 0.5098 0.3176
v 10.375 -2.625 33.245 0.5373 0.5098 0.3176
v 10.625 -2.625 33.245 0.5373 0.5098 0.3176
v 10.875 -2.625 33.196 0.5373 0.5098 0.3176
v 11.125 -2.625 33.187 0.5373 0.5098 0.3176
v 11.375 -2.625 33.187 0.5373 0.5098 0.3176
v 11.625 -2.625 33.107 0.5373 0.5098 0.3176
v 11.875 -2.625 33.129 0.5373 0.5098 0.3176
v 12.125 -2.625 33.147 0.5373 0.5098 0.3176
v 12.375 -2.625 33.147 0.5373 0.5098 0.3176
v -12.375 -2.375 33.568 0.5373 0.5098 0.3176
v -12.125 -2.375 33.568 0.5373 0.5098 0.3176
v -11.875 -2.375 33.537 0.5373 0.5098 0.3176
v -11.625 -2.375 33.522 0.5373 0.5098 0.3176
v -11.375 -2.375 33.522 0.5373 0.5098 0.3176
v -11.125 -2.375 33.522 0.5373 0.5098 0.3176
v -10.875 -2.375 33.537 0.5373 0.5098 0.3176
v -10.625 -2.375 33.537 0.5373 0.5098 0.3176
v -10.375 -2.375 33.537 0.5373 0.5098 0.3176
v -10.125 -2.375 33.537 0.5373 0.5098 0.3176
v -9.875 -2.375 33.552 0.5373 0.5098 0.3176
v -9.625 -2.375 33.522 0.5373 0.5098 0.3176
v -9.375 -2.375 33.522 0.5373 0.5098 0.3176
v -9.125 -2.375 33.516 0.5373 0.5098 0.3176
v -8.875 -2.375 33.516 0.5373 0.5098 0.3176
v -8.625 -2.375 33.502 0.5373 0.5098 0.3176
v -8.375 -2.375 33.525 0.5373 0.5098 0.3176
v -8.125 -2.375 33.525 0.5373 0.5098 0.3176
v -7.875 -2.375 33.546 0.5373 0.5098 0.3176
v -7.625 -2.375 33.525 0.5373 0.5098 0.3176
v -7.375 -2.375 33.525 0.5373 0.5098 0.3176
v -7.125 -2.375 33.528 0.5373 0.5098 0.3176
v -6.875 -2.375 33.464 0.5373 0.5098 0.3176
v -6.625 -2.375 33.464 0.5373 0.5098 0.3176
v -6.375 -2.375 33.525 0.5373 0.5098 0.3176
v -6.125 -2.375 33.525 0.5373 0.5098 0.3176
v -5.875 -2.375 33.525 0.5373 0.5098 0.3176
v -5.625 -2.375 33.464 0.5373 0.5098 0.3176
v -5.375 -2.375 33.424 0.5373 0.5098 0.3176
v -5.125 -2.375 33.424 0.5373 0.5098 0.3176
v -4.875 -2.375 33.415 0.5373 0.5098 0.3176
v -4.625 -2.375 33.385 0.5373 0.5098 0.3176
v -4.375 -2.375 33.397 0.5373 0.5098 0.3176
v -4.125 -2.375 33.406 0.5373 0.5098 0.3176
v -3.875 -2.375 33.370 0.5373 0.5098 0.3176
v -3.625 -2.375 33.370 0.5373 0.5098 0.3176
v -3.375 -2.375 33.367 0.5373 0.5098 0.3176
v -3.125 -2.375 33.367 0.5373 0.5098 0.3176
v -2.875 -2.375 33.315 0.5373 0.5098 0.3176
v -2.625 -2.375 33.306 0.5373 0.5098 0.3176
v -2.375 -2.375 33.306 0.5373 0.5098 0.3176
v -2.125 -2.375 33.248 0.5373 0.5098 0.3176
v -1.875 -2.375 33.269 0.5373 0.5098 0.3176
v -1.625 -2.375 33.269 0.5373 0.5098 0.3176
v -1.375 -2.375 33.318 0.5373 0.5098 0.3176
v -1.125 -2.375 33.318 0.5373 0.5098 0.3176
v -0.875 -2.375 33.318 0.5373 0.5098 0.3176
v -0.625 -2.375 33.318 0.5373 0.5098 0.3176
v -0.375 -2.375 33.284 0.5373 0.5098 0.3176
v -0.125 -2.375 33.284 0.5373 0.5098 0.3176
v 0.125 -2.375 33.275 0.5373 0.5098 0.3176
v 0.375 -2.375 33.275 0.5373 0.5098 0.3176
v 0.625 -2.375 33.351 0.5373 0.5098 0.3176
v 0.875 -2.375 33.346 0.5373 0.5098 0.3176
v 1.125 -2.375 33.342 0.5373 0.5098 0.3176
v 1.375 -2.375 33.342 0.5373 0.5098 0.3176
v 1.625 -2.375 33.333 0.5373 0.5098 0.3176
v 1.875 -2.375 33.287 0.5373 0.5098 0.3176
v 2.125 -2.375 33.248 0.5373 0.5098 0.3176
v 2.375 -2.375 33.248 0.5373 0.5098 0.3176
v 2.625 -2.375 33.232 0.5373 0.5098 0.3176
v 2.875 -2.375 33.342 0.5373 0.5098 0.3176
v 3.125 -2.375 33.306 0.5373 0.5098 0.3176
v 3.375 -2.375 33.278 0.5373 0.5098 0.3176
v 3.625 -2.375 33.278 0.5373 0.5098 0.3176
v 3.875 -2.375 33.322 0.5373 0.5098 0.3176
v 4.125 -2.375 33.272 0.5373 0.5098 0.3176
v 4.375 -2.375 33.272 0.5373 0.5098 0.3176
v 4.625 -2.375 33.272 0.5373 0.5098 0.3176
v 4.875 -2.375 33.275 0.5373 0.5098 0.3176
v 5.125 -2.375 33.257 0.5373 0.5098 0.3176
v 5.375 -2.375 33.229 0.5373 0.5098 0.3176
v 5.625 -2.375 33.257 0.5373 0.5098 0.3176
v 5.875 -2.375 33.252 0.5373 0.5098 0.3176
v 6.125 -2.375 33.252 0.5373 0.5098 0.3176
v 6.375 -2.375 33.168 0.5373 0.5098 0.3176
v 6.625 -2.375 33.199 0.5373 0.5098 0.3176
v 6.875 -2.375 33.199 0.5373 0.5098 0.3176
v 7.125 -2.375 33.199 0.5373 0.5098 0.3176
v 7.375 -2.375 33.199 0.5373 0.5098 0.3176
v 7.625 -2.375 33.199 0.5373 0.5098 0.3176
v 7.875 -2.375 33.522 0.5373 0.5098 0.3176
v 8.125 -2.375 33.522 0.5373 0.5098 0.3176
v 8.375 -2.375 33.431 0.5373 0.5098 0.3176
v 8.625 -2.375 33.431 0.5373 0.5098 0.3176
v 8.875 -2.375 33.431 0.5373 0.5098 0.3176
v 9.125 -2.375 33.431 0.5373 0.5098 0.3176
v 9.375 -2.375 33.269 0.5373 0.5098 0.3176
v 9.625 -2.375 33.269 0.5373 0.5098 0.3176
v 9.875 -2.375 33.245 0.5373 0.5098 0.3176
v 10.125 -2.375 33.245 0.5373 0.5098 0.3176
v 10.375 -2.375 33.226 0.5373 0.5098 0.3176
v 10.625 -2.375 33.138 0.5373 0.5098 0.3176
v 10.875 -2.375 33.144 0.5373 0.5098 0.3176
v 11.125 -2.375 33.144 0.5373 0.5098 0.3176
v 11.375 -2.375 33.144 0.5373 0.5098 0.3176
v 11.625 -2.375 33.144 0.5373 0.5098 0.3176
v 11.875 -2.375 33.080 0.5373 0.5098 0.3176
v 12.125 -2.375 33.080 0.5373 0.5098 0.3176
v 12.375 -2.375 33.062 0.5373 0.5098 0.3176
v -12.375 -2.125 33.568 0.5373 0.5098 0.3176
v -12.125 -2.125 33.568 0.5373 0.5098 0.3176
v -11.875 -2.125 33.537 0.5373 0.5098 0.3176
v -11.625 -2.125 33.522 0.5373 0.5098 0.3176
v -11.375 -2.125 33.522 0.5373 0.5098 0.3176
v -11.125 -2.125 33.522 0.5373 0.5098 0.3176
v -10.875 -2.125 33.446 0.5373 0.5098 0.3176
v -10.625 -2.125 33.537 0.5373 0.5098 0.3176
v -10.375 -2.125 33.537 0.5373 0.5098 0.3176
v -10.125 -2.125 33.519 0.5373 0.5098 0.3176
v -9.875 -2.125 33.552 0.5373 0.5098 0.3176
v -9.625 -2.125 33.522 0.5373 0.5098 0.3176
v -9.375 -2.125 33.522 0.5373 0.5098 0.3176
v -9.125 -2.125 33.516 0.5373 0.5098 0.3176
v -8.875 -2.125 33.549 0.5373 0.5098 0.3176
v -8.625 -2.125 33.502 0.5373 0.5098 0.3176
v -8.375 -2.125 33.525 0.5373 0.5098 0.3176
v -8.125 -2.125 33.516 0.5373 0.5098 0.3176
v -7.875 -2.125 33.516 0.5373 0.5098 0.3176
v -7.625 -2.125 33.525 0.5373 0.5098 0.3176
v -7.375 -2.125 33.525 0.5373 0.5098 0.3176
v -7.125 -2.125 33.528 0.5373 0.5098 0.3176
v -6.875 -2.125 33.464 0.5373 0.5098 0.3176
v -6.625 -2.125 33.464 0.5373 0.5098 0.3176
v -6.375 -2.125 33.525 0.5373 0.5098 0.3176
v -6.125 -2.125 33.525 0.5373 0.5098 0.3176
v -5.875 -2.125 33.525 0.5373 0.5098 0.3176
v -5.625 -2.125 33.464 0.5373 0.5098 0.3176
v -5.375 -2.125 33.424 0.5373 0.5098 0.3176
v -5.125 -2.125 33.424 0.5373 0.5098 0.3176
v -4.875 -2.125 33.415 0.5373 0.5098 0.3176
v -4.625 -2.125 33.385 0.5373 0.5098 0.3176
v -4.375 -2.125 33.397 0.5373 0.5098 0.3176
v -4.125 -2.125 33.406 0.5373 0.5098 0.3176
v -3.875 -2.125 33.397 0.5373 0.5098 0.3176
v -3.625 -2.125 33.397 0.5373 0.5098 0.3176
v -3.375 -2.125 33.318 0.5373 0.5098 0.3176
v -3.125 -2.125 33.278 0.5373 0.5098 0.3176
v -2.875 -2.125 33.260 0.5373 0.5098 0.3176
v -2.625 -2.125 33.260 0.5373 0.5098 0.3176
v -2.375 -2.125 33.239 0.5373 0.5098 0.3176
v -2.125 -2.125 33.239 0.5373 0.5098 0.3176
v -1.875 -2.125 33.269 0.5373 0.5098 0.3176
v -1.625 -2.125 33.219 0.5373 0.5098 0.3176
v -1.375 -2.125 33.318 0.5373 0.5098 0.3176
v -1.125 -2.125 33.225 0.5373 0.5098 0.3176
v -0.875 -2.125 33.251 0.5373 0.5098 0.3176
v -0.625 -2.125 33.318 0.5373 0.5098 0.3176
v -0.375 -2.125 33.284 0.5373 0.5098 0.3176
v -0.125 -2.125 33.284 0.5373 0.5098 0.3176
v 0.125 -2.125 33.275 0.5373 0.5098 0.3176
v 0.375 -2.125 33.278 0.5373 0.5098 0.3176
v 0.625 -2.125 33.299 0.5373 0.5098 0.3176
v 0.875 -2.125 33.299 0.5373 0.5098 0.3176
v 1.125 -2.125 33.299 0.5373 0.5098 0.3176
v 1.375 -2.125 33.342 0.5373 0.5098 0.3176
v 1.625 -2.125 33.287 0.5373 0.5098 0.3176
v 1.875 -2.125 33.287 0.5373 0.5098 0.3176
v 2.125 -2.125 33.263 0.5373 0.5098 0.3176
v 2.375 -2.125 33.263 0.5373 0.5098 0.3176
v 2.625 -2.125 33.232 0.5373 0.5098 0.3176
v 2.875 -2.125 33.232 0.5373 0.5098 0.3176
v 3.125 -2.125 33.220 0.5373 0.5098 0.3176
v 3.375 -2.125 33.220 0.5373 0.5098 0.3176
v 3.625 -2.125 33.220 0.5373 0.5098 0.3176
v 3.875 -2.125 33.217 0.5373 0.5098 0.3176
v 4.125 -2.125 33.272 0.5373 0.5098 0.3176
v 4.375 -2.125 33.272 0.5373 0.5098 0.3176
v 4.625 -2.125 33.272 0.5373 0.5098 0.3176
v 4.875 -2.125 33.275 0.5373 0.5098 0.3176
v 5.125 -2.125 33.212 0.5373 0.5098 0.3176
v 5.375 -2.125 33.212 0.5373 0.5098 0.3176
v 5.625 -2.125 33.182 0.5373 0.5098 0.3176
v 5.875 -2.125 33.174 0.5373 0.5098 0.3176
v 6.125 -2.125 33.168 0.5373 0.5098 0.3176
v 6.375 -2.125 33.168 0.5373 0.5098 0.3176
v 6.625 -2.125 33.199 0.5373 0.5098 0.3176
v 6.875 -2.125 33.199 0.5373 0.5098 0.3176
v 7.125 -2.125 33.199 0.5373 0.5098 0.3176
v 7.375 -2.125 33.199 0.5373 0.5098 0.3176
v 7.625 -2.125 33.199 0.5373 0.5098 0.3176
v 7.875 -2.125 33.199 0.5373 0.5098 0.3176
v 8.125 -2.125 33.147 0.5373 0.5098 0.3176
v 8.375 -2.125 33.147 0.5373 0.5098 0.3176
v 8.625 -2.125 33.431 0.5373 0.5098 0.3176
v 8.875 -2.125 33.431 0.5373 0.5098 0.3176
v 9.125 -2.125 33.269 0.5373 0.5098 0.3176
v 9.375 -2.125 33.193 0.5373 0.5098 0.3176
v 9.625 -2.125 33.193 0.5373 0.5098 0.3176
v 9.875 -2.125 33.193 0.5373 0.5098 0.3176
v 10.125 -2.125 33.171 0.5373 0.5098 0.3176
v 10.375 -2.125 33.156 0.5373 0.5098 0.3176
v 10.625 -2.125 33.156 0.5373 0.5098 0.3176
v 10.875 -2.125 33.144 0.5373 0.5098 0.3176
v 11.125 -2.125 33.077 0.5373 0.5098 0.3176
v 11.375 -2.125 33.077 0.5373 0.5098 0.3176
v 11.625 -2.125 33.079 0.5373 0.5098 0.3176
v 11.875 -2.125 33.082 0.5373 0.5098 0.3176
v 12.125 -2.125 33.066 0.5373 0.5098 0.3176
v 12.375 -2.125 33.037 0.5373 0.5098 0.3176
v -12.375 -1.875 33.476 0.5373 0.5098 0.3176
v -12.125 -1.875 33.476 0.5373 0.5098 0.3176
v -11.875 -1.875 33.455 0.5373 0.5098 0.3176
v -11.625 -1.875 33.455 0.5373 0.5098 0.3176
v -11.375 -1.875 33.446 0.5373 0.5098 0.3176
v -11.125 -1.875 33.446 0.5373 0.5098 0.3176
v -10.875 -1.875 33.446 0.5373 0.5098 0.3176
v -10.625 -1.875 33.507 0.5373 0.5098 0.3176
v -10.375 -1.875 33.498 0.5373 0.5098 0.3176
v -10.125 -1.875 33.519 0.5373 0.5098 0.3176
v -9.875 -1.875 33.519 0.5373 0.5098 0.3176
v -9.625 -1.875 33.475 0.5373 0.5098 0.3176
v -9.375 -1.875 33.507 0.5373 0.5098 0.3176
v -9.125 -1.875 33.507 0.5373 0.5098 0.3176
v -8.875 -1.875 33.549 0.5373 0.5098 0.3176
v -8.625 -1.875 33.498 0.5373 0.5098 0.3176
v -8.375 -1.875 33.498 0.5373 0.5098 0.3176
v -8.125 -1.875 33.516 0.5373 0.5098 0.3176
v -7.875 -1.875 33.459 0.5373 0.5098 0.3176
v -7.625 -1.875 33.470 0.5373 0.5098 0.3176
v -7.375 -1.875 33.467 0.5373 0.5098 0.3176
v -7.125 -1.875 33.452 0.5373 0.5098 0.3176
v -6.875 -1.875 33.452 0.5373 0.5098 0.3176
v -6.625 -1.875 33.437 0.5373 0.5098 0.3176
v -6.375 -1.875 33.446 0.5373 0.5098 0.3176
v -6.125 -1.875 33.455 0.5373 0.5098 0.3176
v -5.875 -1.875 33.455 0.5373 0.5098 0.3176
v -5.625 -1.875 33.437 0.5373 0.5098 0.3176
v -5.375 -1.875 33.420 0.5373 0.5098 0.3176
v -5.125 -1.875 33.420 0.5373 0.5098 0.3176
v -4.875 -1.875 33.367 0.5373 0.5098 0.3176
v -4.625 -1.875 33.306 0.5373 0.5098 0.3176
v -4.375 -1.875 33.354 0.5373 0.5098 0.3176
v -4.125 -1.875 33.345 0.5373 0.5098 0.3176
v -3.875 -1.875 33.345 0.5373 0.5098 0.3176
v -3.625 -1.875 33.337 0.5373 0.5098 0.3176
v -3.375 -1.875 33.303 0.5373 0.5098 0.3176
v -3.125 -1.875 33.287 0.5373 0.5098 0.3176
v -2.875 -1.875 33.239 0.5373 0.5098 0.3176
v -2.625 -1.875 33.208 0.5373 0.5098 0.3176
v -2.375 -1.875 33.208 0.5373 0.5098 0.3176
v -2.125 -1.875 33.199 0.5373 0.5098 0.3176
v -1.875 -1.875 33.199 0.5373 0.5098 0.3176
v -1.625 -1.875 33.219 0.5373 0.5098 0.3176
v -1.375 -1.875 33.219 0.5373 0.5098 0.3176
v -1.125 -1.875 33.225 0.5373 0.5098 0.3176
v -0.875 -1.875 33.251 0.5373 0.5098 0.3176
v -0.625 -1.875 33.239 0.5373 0.5098 0.3176
v -0.375 -1.875 33.225 0.5373 0.5098 0.3176
v -0.125 -1.875 33.225 0.5373 0.5098 0.3176
v 0.125 -1.875 33.235 0.5373 0.5098 0.3176
v 0.375 -1.875 33.235 0.5373 0.5098 0.3176
v 0.625 -1.875 33.271 0.5373 0.5098 0.3176
v 0.875 -1.875 33.271 0.5373 0.5098 0.3176
v 1.125 -1.875 33.226 0.5373 0.5098 0.3176
v 1.375 -1.875 33.286 0.5373 0.5098 0.3176
v 1.625 -1.875 33.286 0.5373 0.5098 0.3176
v 1.875 -1.875 33.286 0.5373 0.5098 0.3176
v 2.125 -1.875 33.269 0.5373 0.5098 0.3176
v 2.375 -1.875 33.248 0.5373 0.5098 0.3176
v 2.625 -1.875 33.217 0.5373 0.5098 0.3176
v 2.875 -1.875 33.217 0.5373 0.5098 0.3176
v 3.125 -1.875 33.208 0.5373 0.5098 0.3176
v 3.375 -1.875 33.208 0.5373 0.5098 0.3176
v 3.625 -1.875 33.147 0.5373 0.5098 0.3176
v 3.875 -1.875 33.217 0.5373 0.5098 0.3176
v 4.125 -1.875 33.217 0.5373 0.5098 0.3176
v 4.375 -1.875 33.272 0.5373 0.5098 0.3176
v 4.625 -1.875 33.272 0.5373 0.5098 0.3176
v 4.875 -1.875 33.275 0.5373 0.5098 0.3176
v 5.125 -1.875 33.212 0.5373 0.5098 0.3176
v 5.375 -1.875 33.161 0.5373 0.5098 0.3176
v 5.625 -1.875 33.182 0.5373 0.5098 0.3176
v 5.875 -1.875 33.174 0.5373 0.5098 0.3176
v 6.125 -1.875 33.168 0.5373 0.5098 0.3176
v 6.375 -1.875 33.168 0.5373 0.5098 0.3176
v 6.625 -1.875 33.147 0.5373 0.5098 0.3176
v 6.875 -1.875 33.199 0.5373 0.5098 0.3176
v 7.125 -1.875 33.199 0.5373 0.5098 0.3176
v 7.375 -1.875 33.199 0.5373 0.5098 0.3176
v 7.625 -1.875 33.199 0.5373 0.5098 0.3176
v 7.875 -1.875 33.147 0.5373 0.5098 0.3176
v 8.125 -1.875 33.147 0.5373 0.5098 0.3176
v 8.375 -1.875 33.147 0.5373 0.5098 0.3176
v 8.625 -1.875 33.028 0.5373 0.5098 0.3176
v 8.875 -1.875 33.028 0.5373 0.5098 0.3176
v 9.125 -1.875 33.028 0.5373 0.5098 0.3176
v 9.375 -1.875 33.193 0.5373 0.5098 0.3176
v 9.625 -1.875 33.193 0.5373 0.5098 0.3176
v 9.875 -1.875 33.193 0.5373 0.5098 0.3176
v 10.125 -1.875 33.171 0.5373 0.5098 0.3176
v 10.375 -1.875 33.156 0.5373 0.5098 0.3176
v 10.625 -1.875 33.156 0.5373 0.5098 0.3176
v 10.875 -1.875 33.062 0.5373 0.5098 0.3176
v 11.125 -1.875 33.068 0.5373 0.5098 0.3176
v 11.375 -1.875 33.068 0.5373 0.5098 0.3176
v 11.625 -1.875 33.059 0.5373 0.5098 0.3176
v 11.875 -1.875 33.059 0.5373 0.5098 0.3176
v 12.125 -1.875 33.059 0.5373 0.5098 0.3176
v 12.375 -1.875 33.059 0.5373 0.5098 0.3176
v -12.375 -1.625 33.495 0.5373 0.5098 0.3176
v -12.125 -1.625 33.437 0.5373 0.5098 0.3176
v -11.875 -1.625 33.437 0.5373 0.5098 0.3176
v -11.625 -1.625 33.446 0.5373 0.5098 0.3176
v -11.375 -1.625 33.446 0.5373 0.5098 0.3176
v -11.125 -1.625 33.446 0.5373 0.5098 0.3176
v -10.875 -1.625 33.446 0.5373 0.5098 0.3176
v -10.625 -1.625 33.507 0.5373 0.5098 0.3176
v -10.375 -1.625 33.507 0.5373 0.5098 0.3176
v -10.125 -1.625 33.519 0.5373 0.5098 0.3176
v -9.875 -1.625 33.475 0.5373 0.5098 0.3176
v -9.625 -1.625 33.475 0.5373 0.5098 0.3176
v -9.375 -1.625 33.475 0.5373 0.5098 0.3176
v -9.125 -1.625 33.507 0.5373 0.5098 0.3176
v -8.875 -1.625 33.549 0.5373 0.5098 0.3176
v -8.625 -1.625 33.479 0.5373 0.5098 0.3176
v -8.375 -1.625 33.475 0.5373 0.5098 0.3176
v -8.125 -1.625 33.475 0.5373 0.5098 0.3176
v -7.875 -1.625 33.459 0.5373 0.5098 0.3176
v -7.625 -1.625 33.470 0.5373 0.5098 0.3176
v -7.375 -1.625 33.467 0.5373 0.5098 0.3176
v -7.125 -1.625 33.443 0.5373 0.5098 0.3176
v -6.875 -1.625 33.443 0.5373 0.5098 0.3176
v -6.625 -1.625 33.437 0.5373 0.5098 0.3176
v -6.375 -1.625 33.446 0.5373 0.5098 0.3176
v -6.125 -1.625 33.455 0.5373 0.5098 0.3176
v -5.875 -1.625 33.455 0.5373 0.5098 0.3176
v -5.625 -1.625 33.437 0.5373 0.5098 0.3176
v -5.375 -1.625 33.406 0.5373 0.5098 0.3176
v -5.125 -1.625 33.406 0.5373 0.5098 0.3176
v -4.875 -1.625 33.367 0.5373 0.5098 0.3176
v -4.625 -1.625 33.306 0.5373 0.5098 0.3176
v -4.375 -1.625 33.354 0.5373 0.5098 0.3176
v -4.125 -1.625 33.354 0.5373 0.5098 0.3176
v -3.875 -1.625 33.327 0.5373 0.5098 0.3176
v -3.625 -1.625 33.315 0.5373 0.5098 0.3176
v -3.375 -1.625 33.315 0.5373 0.5098 0.3176
v -3.125 -1.625 33.296 0.5373 0.5098 0.3176
v -2.875 -1.625 33.245 0.5373 0.5098 0.3176
v -2.625 -1.625 33.226 0.5373 0.5098 0.3176
v -2.375 -1.625 33.226 0.5373 0.5098 0.3176
v -2.125 -1.625 33.178 0.5373 0.5098 0.3176
v -1.875 -1.625 33.159 0.5373 0.5098 0.3176
v -1.625 -1.625 33.205 0.5373 0.5098 0.3176
v -1.375 -1.625 33.178 0.5373 0.5098 0.3176
v -1.125 -1.625 33.178 0.5373 0.5098 0.3176
v -0.875 -1.625 33.178 0.5373 0.5098 0.3176
v -0.625 -1.625 33.239 0.5373 0.5098 0.3176
v -0.375 -1.625 33.214 0.5373 0.5098 0.3176
v -0.125 -1.625 33.205 0.5373 0.5098 0.3176
v 0.125 -1.625 33.208 0.5373 0.5098 0.3176
v 0.375 -1.625 33.208 0.5373 0.5098 0.3176
v 0.625 -1.625 33.271 0.5373 0.5098 0.3176
v 0.875 -1.625 33.226 0.5373 0.5098 0.3176
v 1.125 -1.625 33.226 0.5373 0.5098 0.3176
v 1.375 -1.625 33.226 0.5373 0.5098 0.3176
v 1.625 -1.625 33.286 0.5373 0.5098 0.3176
v 1.875 -1.625 33.286 0.5373 0.5098 0.3176
v 2.125 -1.625 33.245 0.5373 0.5098 0.3176
v 2.375 -1.625 33.196 0.5373 0.5098 0.3176
v 2.625 -1.625 33.196 0.5373 0.5098 0.3176
v 2.875 -1.625 33.196 0.5373 0.5098 0.3176
v 3.125 -1.625 33.208 0.5373 0.5098 0.3176
v 3.375 -1.625 33.129 0.5373 0.5098 0.3176
v 3.625 -1.625 33.147 0.5373 0.5098 0.3176
v 3.875 -1.625 33.159 0.5373 0.5098 0.3176
v 4.125 -1.625 33.187 0.5373 0.5098 0.3176
v 4.375 -1.625 33.187 0.5373 0.5098 0.3176
v 4.625 -1.625 33.178 0.5373 0.5098 0.3176
v 4.875 -1.625 33.174 0.5373 0.5098 0.3176
v 5.125 -1.625 33.156 0.5373 0.5098 0.3176
v 5.375 -1.625 33.161 0.5373 0.5098 0.3176
v 5.625 -1.625 33.110 0.5373 0.5098 0.3176
v 5.875 -1.625 33.110 0.5373 0.5098 0.3176
v 6.125 -1.625 33.110 0.5373 0.5098 0.3176
v 6.375 -1.625 33.147 0.5373 0.5098 0.3176
v 6.625 -1.625 33.147 0.5373 0.5098 0.3176
v 6.875 -1.625 33.147 0.5373 0.5098 0.3176
v 7.125 -1.625 33.077 0.5373 0.5098 0.3176
v 7.375 -1.625 33.077 0.5373 0.5098 0.3176
v 7.625 -1.625 33.147 0.5373 0.5098 0.3176
v 7.875 -1.625 33.147 0.5373 0.5098 0.3176
v 8.125 -1.625 33.147 0.5373 0.5098 0.3176
v 8.375 -1.625 33.147 0.5373 0.5098 0.3176
v 8.625 -1.625 33.028 0.5373 0.5098 0.3176
v 8.875 -1.625 33.028 0.5373 0.5098 0.3176
v 9.125 -1.625 33.028 0.5373 0.5098 0.3176
v 9.375 -1.625 33.056 0.5373 0.5098 0.3176
v 9.625 -1.625 32.996 0.5373 0.5098 0.3176
v 9.875 -1.625 33.193 0.5373 0.5098 0.3176
v 10.125 -1.625 32.949 0.5373 0.5098 0.3176
v 10.375 -1.625 32.949 0.5373 0.5098 0.3176
v 10.625 -1.625 32.949 0.5373 0.5098 0.3176
v 10.875 -1.625 33.062 0.5373 0.5098 0.3176
v 11.125 -1.625 33.062 0.5373 0.5098 0.3176
v 11.375 -1.625 33.040 0.5373 0.5098 0.3176
v 11.625 -1.625 33.040 0.5373 0.5098 0.3176
v 11.875 -1.625 33.013 0.5373 0.5098 0.3176
v 12.125 -1.625 32.982 0.5373 0.5098 0.3176
v 12.375 -1.625 32.986 0.5373 0.5098 0.3176
v -12.375 -1.375 33.495 0.5373 0.5098 0.3176
v -12.125 -1.375 33.476 0.5373 0.5098 0.3176
v -11.875 -1.375 33.415 0.5373 0.5098 0.3176
v -11.625 -1.375 33.437 0.5373 0.5098 0.3176
v -11.375 -1.375 33.415 0.5373 0.5098 0.3176
v -11.125 -1.375 33.415 0.5373 0.5098 0.3176
v -10.875 -1.375 33.464 0.5373 0.5098 0.3176
v -10.625 -1.375 33.464 0.5373 0.5098 0.3176
v -10.375 -1.375 33.546 0.5373 0.5098 0.3176
v -10.125 -1.375 33.586 0.5373 0.5098 0.3176
v -9.875 -1.375 33.586 0.5373 0.5098 0.3176
v -9.625 -1.375 33.475 0.5373 0.5098 0.3176
v -9.375 -1.375 33.546 0.5373 0.5098 0.3176
v -9.125 -1.375 33.481 0.5373 0.5098 0.3176
v -8.875 -1.375 33.481 0.5373 0.5098 0.3176
v -8.625 -1.375 33.479 0.5373 0.5098 0.3176
v -8.375 -1.375 33.475 0.5373 0.5098 0.3176
v -8.125 -1.375 33.421 0.5373 0.5098 0.3176
v -7.875 -1.375 33.459 0.5373 0.5098 0.3176
v -7.625 -1.375 33.388 0.5373 0.5098 0.3176
v -7.375 -1.375 33.418 0.5373 0.5098 0.3176
v -7.125 -1.375 33.418 0.5373 0.5098 0.3176
v -6.875 -1.375 33.424 0.5373 0.5098 0.3176
v -6.625 -1.375 33.424 0.5373 0.5098 0.3176
v -6.375 -1.375 33.406 0.5373 0.5098 0.3176
v -6.125 -1.375 33.406 0.5373 0.5098 0.3176
v -5.875 -1.375 33.394 0.5373 0.5098 0.3176
v -5.625 -1.375 33.385 0.5373 0.5098 0.3176
v -5.375 -1.375 33.385 0.5373 0.5098 0.3176
v -5.125 -1.375 33.345 0.5373 0.5098 0.3176
v -4.875 -1.375 33.345 0.5373 0.5098 0.3176
v -4.625 -1.375 33.345 0.5373 0.5098 0.3176
v -4.375 -1.375 33.319 0.5373 0.5098 0.3176
v -4.125 -1.375 33.345 0.5373 0.5098 0.3176
v -3.875 -1.375 33.300 0.5373 0.5098 0.3176
v -3.625 -1.375 33.269 0.5373 0.5098 0.3176
v -3.375 -1.375 33.280 0.5373 0.5098 0.3176
v -3.125 -1.375 33.244 0.5373 0.5098 0.3176
v -2.875 -1.375 33.214 0.5373 0.5098 0.3176
v -2.625 -1.375 33.187 0.5373 0.5098 0.3176
v -2.375 -1.375 33.196 0.5373 0.5098 0.3176
v -2.125 -1.375 33.196 0.5373 0.5098 0.3176
v -1.875 -1.375 33.159 0.5373 0.5098 0.3176
v -1.625 -1.375 33.205 0.5373 0.5098 0.3176
v -1.375 -1.375 33.178 0.5373 0.5098 0.3176
v -1.125 -1.375 33.141 0.5373 0.5098 0.3176
v -0.875 -1.375 33.141 0.5373 0.5098 0.3176
v -0.625 -1.375 33.205 0.5373 0.5098 0.3176
v -0.375 -1.375 33.205 0.5373 0.5098 0.3176
v -0.125 -1.375 33.190 0.5373 0.5098 0.3176
v 0.125 -1.375 33.199 0.5373 0.5098 0.3176
v 0.375 -1.375 33.226 0.5373 0.5098 0.3176
v 0.625 -1.375 33.226 0.5373 0.5098 0.3176
v 0.875 -1.375 33.226 0.5373 0.5098 0.3176
v 1.125 -1.375 33.226 0.5373 0.5098 0.3176
v 1.375 -1.375 33.226 0.5373 0.5098 0.3176
v 1.625 -1.375 33.286 0.5373 0.5098 0.3176
v 1.875 -1.375 33.245 0.5373 0.5098 0.3176
v 2.125 -1.375 33.245 0.5373 0.5098 0.3176
v 2.375 -1.375 33.156 0.5373 0.5098 0.3176
v 2.625 -1.375 33.167 0.5373 0.5098 0.3176
v 2.875 -1.375 33.167 0.5373 0.5098 0.3176
v 3.125 -1.375 33.171 0.5373 0.5098 0.3176
v 3.375 -1.375 33.129 0.5373 0.5098 0.3176
v 3.625 -1.375 33.160 0.5373 0.5098 0.3176
v 3.875 -1.375 33.154 0.5373 0.5098 0.3176
v 4.125 -1.375 33.178 0.5373 0.5098 0.3176
v 4.375 -1.375 33.184 0.5373 0.5098 0.3176
v 4.625 -1.375 33.178 0.5373 0.5098 0.3176
v 4.875 -1.375 33.178 0.5373 0.5098 0.3176
v 5.125 -1.375 33.150 0.5373 0.5098 0.3176
v 5.375 -1.375 33.150 0.5373 0.5098 0.3176
v 5.625 -1.375 33.092 0.5373 0.5098 0.3176
v 5.875 -1.375 33.092 0.5373 0.5098 0.3176
v 6.125 -1.375 33.092 0.5373 0.5098 0.3176
v 6.375 -1.375 33.092 0.5373 0.5098 0.3176
v 6.625 -1.375 33.147 0.5373 0.5098 0.3176
v 6.875 -1.375 33.077 0.5373 0.5098 0.3176
v 7.125 -1.375 33.077 0.5373 0.5098 0.3176
v 7.375 -1.375 33.077 0.5373 0.5098 0.3176
v 7.625 -1.375 33.068 0.5373 0.5098 0.3176
v 7.875 -1.375 33.147 0.5373 0.5098 0.3176
v 8.125 -1.375 33.147 0.5373 0.5098 0.3176
v 8.375 -1.375 33.147 0.5373 0.5098 0.3176
v 8.625 -1.375 33.028 0.5373 0.5098 0.3176
v 8.875 -1.375 33.028 0.5373 0.5098 0.3176
v 9.125 -1.375 33.028 0.5373 0.5098 0.3176
v 9.375 -1.375 33.056 0.5373 0.5098 0.3176
v 9.625 -1.375 32.996 0.5373 0.5098 0.3176
v 9.875 -1.375 32.998 0.5373 0.5098 0.3176
v 10.125 -1.375 32.986 0.5373 0.5098 0.3176
v 10.375 -1.375 32.949 0.5373 0.5098 0.3176
v 10.625 -1.375 32.949 0.5373 0.5098 0.3176
v 10.875 -1.375 33.062 0.5373 0.5098 0.3176
v 11.125 -1.375 33.022 0.5373 0.5098 0.3176
v 11.375 -1.375 33.022 0.5373 0.5098 0.3176
v 11.625 -1.375 33.013 0.5373 0.5098 0.3176
v 11.875 -1.375 32.982 0.5373 0.5098 0.3176
v 12.125 -1.375 32.982 0.5373 0.5098 0.3176
v 12.375 -1.375 32.986 0.5373 0.5098 0.3176
v -12.375 -1.125 33.421 0.5373 0.5098 0.3176
v -12.125 -1.125 33.431 0.5373 0.5098 0.3176
v -11.875 -1.125 33.431 0.5373 0.5098 0.3176
v -11.625 -1.125 33.424 0.5373 0.5098 0.3176
v -11.375 -1.125 33.424 0.5373 0.5098 0.3176
v -11.125 -1.125 33.437 0.5373 0.5098 0.3176
v -10.875 -1.125 33.464 0.5373 0.5098 0.3176
v -10.625 -1.125 33.616 0.5373 0.5098 0.3176
v -10.375 -1.125 33.616 0.5373 0.5098 0.3176
v -10.125 -1.125 33.616 0.5373 0.5098 0.3176
v -9.875 -1.125 33.595 0.5373 0.5098 0.3176
v -9.625 -1.125 33.595 0.5373 0.5098 0.3176
v -9.375 -1.125 33.556 0.5373 0.5098 0.3176
v -9.125 -1.125 33.556 0.5373 0.5098 0.3176
v -8.875 -1.125 33.481 0.5373 0.5098 0.3176
v -8.625 -1.125 33.382 0.5373 0.5098 0.3176
v -8.375 -1.125 33.412 0.5373 0.5098 0.3176
v -8.125 -1.125 33.421 0.5373 0.5098 0.3176
v -7.875 -1.125 33.421 0.5373 0.5098 0.3176
v -7.625 -1.125 33.412 0.5373 0.5098 0.3176
v -7.375 -1.125 33.412 0.5373 0.5098 0.3176
v -7.125 -1.125 33.383 0.5373 0.5098 0.3176
v -6.875 -1.125 33.393 0.5373 0.5098 0.3176
v -6.625 -1.125 33.385 0.5373 0.5098 0.3176
v -6.375 -1.125 33.370 0.5373 0.5098 0.3176
v -6.125 -1.125 33.394 0.5373 0.5098 0.3176
v -5.875 -1.125 33.365 0.5373 0.5098 0.3176
v -5.625 -1.125 33.287 0.5373 0.5098 0.3176
v -5.375 -1.125 33.367 0.5373 0.5098 0.3176
v -5.125 -1.125 33.348 0.5373 0.5098 0.3176
v -4.875 -1.125 33.327 0.5373 0.5098 0.3176
v -4.625 -1.125 33.327 0.5373 0.5098 0.3176
v -4.375 -1.125 33.309 0.5373 0.5098 0.3176
v -4.125 -1.125 33.293 0.5373 0.5098 0.3176
v -3.875 -1.125 33.275 0.5373 0.5098 0.3176
v -3.625 -1.125 33.251 0.5373 0.5098 0.3176
v -3.375 -1.125 33.235 0.5373 0.5098 0.3176
v -3.125 -1.125 33.228 0.5373 0.5098 0.3176
v -2.875 -1.125 33.187 0.5373 0.5098 0.3176
v -2.625 -1.125 33.187 0.5373 0.5098 0.3176
v -2.375 -1.125 33.176 0.5373 0.5098 0.3176
v -2.125 -1.125 33.130 0.5373 0.5098 0.3176
v -1.875 -1.125 33.117 0.5373 0.5098 0.3176
v -1.625 -1.125 33.117 0.5373 0.5098 0.3176
v -1.375 -1.125 33.141 0.5373 0.5098 0.3176
v -1.125 -1.125 33.141 0.5373 0.5098 0.3176
v -0.875 -1.125 33.141 0.5373 0.5098 0.3176
v -0.625 -1.125 33.202 0.5373 0.5098 0.3176
v -0.375 -1.125 33.202 0.5373 0.5098 0.3176
v -0.125 -1.125 33.202 0.5373 0.5098 0.3176
v 0.125 -1.125 33.193 0.5373 0.5098 0.3176
v 0.375 -1.125 33.193 0.5373 0.5098 0.3176
v 0.625 -1.125 33.226 0.5373 0.5098 0.3176
v 0.875 -1.125 33.226 0.5373 0.5098 0.3176
v 1.125 -1.125 33.226 0.5373 0.5098 0.3176
v 1.375 -1.125 33.226 0.5373 0.5098 0.3176
v 1.625 -1.125 33.245 0.5373 0.5098 0.3176
v 1.875 -1.125 33.156 0.5373 0.5098 0.3176
v 2.125 -1.125 33.156 0.5373 0.5098 0.3176
v 2.375 -1.125 33.156 0.5373 0.5098 0.3176
v 2.625 -1.125 33.156 0.5373 0.5098 0.3176
v 2.875 -1.125 33.104 0.5373 0.5098 0.3176
v 3.125 -1.125 33.104 0.5373 0.5098 0.3176
v 3.375 -1.125 33.155 0.5373 0.5098 0.3176
v 3.625 -1.125 33.155 0.5373 0.5098 0.3176
v 3.875 -1.125 33.154 0.5373 0.5098 0.3176
v 4.125 -1.125 33.178 0.5373 0.5098 0.3176
v 4.375 -1.125 33.165 0.5373 0.5098 0.3176
v 4.625 -1.125 33.165 0.5373 0.5098 0.3176
v 4.875 -1.125 33.159 0.5373 0.5098 0.3176
v 5.125 -1.125 33.152 0.5373 0.5098 0.3176
v 5.375 -1.125 33.152 0.5373 0.5098 0.3176
v 5.625 -1.125 33.103 0.5373 0.5098 0.3176
v 5.875 -1.125 33.103 0.5373 0.5098 0.3176
v 6.125 -1.125 33.120 0.5373 0.5098 0.3176
v 6.375 -1.125 33.120 0.5373 0.5098 0.3176
v 6.625 -1.125 33.059 0.5373 0.5098 0.3176
v 6.875 -1.125 33.059 0.5373 0.5098 0.3176
v 7.125 -1.125 33.010 0.5373 0.5098 0.3176
v 7.375 -1.125 33.068 0.5373 0.5098 0.3176
v 7.625 -1.125 33.068 0.5373 0.5098 0.3176
v 7.875 -1.125 33.147 0.5373 0.5098 0.3176
v 8.125 -1.125 33.147 0.5373 0.5098 0.3176
v 8.375 -1.125 33.147 0.5373 0.5098 0.3176
v 8.625 -1.125 33.028 0.5373 0.5098 0.3176
v 8.875 -1.125 33.028 0.5373 0.5098 0.3176
v 9.125 -1.125 33.028 0.5373 0.5098 0.3176
v 9.375 -1.125 33.056 0.5373 0.5098 0.3176
v 9.625 -1.125 32.996 0.5373 0.5098 0.3176
v 9.875 -1.125 32.998 0.5373 0.5098 0.3176
v 10.125 -1.125 32.986 0.5373 0.5098 0.3176
v 10.375 -1.125 32.986 0.5373 0.5098 0.3176
v 10.625 -1.125 32.986 0.5373 0.5098 0.3176
v 10.875 -1.125 32.961 0.5373 0.5098 0.3176
v 11.125 -1.125 32.961 0.5373 0.5098 0.3176
v 11.375 -1.125 32.978 0.5373 0.5098 0.3176
v 11.625 -1.125 32.986 0.5373 0.5098 0.3176
v 11.875 -1.125 32.943 0.5373 0.5098 0.3176
v 12.125 -1.125 32.915 0.5373 0.5098 0.3176
v 12.375 -1.125 32.925 0.5373 0.5098 0.3176
v -12.375 -0.875 33.421 0.5373 0.5098 0.3176
v -12.125 -0.875 33.421 0.5373 0.5098 0.3176
v -11.875 -0.875 33.421 0.5373 0.5098 0.3176
v -11.625 -0.875 33.284 0.5373 0.5098 0.3176
v -11.375 -0.875 33.367 0.5373 0.5098 0.3176
v -11.125 -0.875 33.437 0.5373 0.5098 0.3176
v -10.875 -0.875 33.437 0.5373 0.5098 0.3176
v -10.625 -0.875 33.616 0.5373 0.5098 0.3176
v -10.375 -0.875 33.616 0.5373 0.5098 0.3176
v -10.125 -0.875 33.616 0.5373 0.5098 0.3176
v -9.875 -0.875 33.595 0.5373 0.5098 0.3176
v -9.625 -0.875 33.595 0.5373 0.5098 0.3176
v -9.375 -0.875 33.556 0.5373 0.5098 0.3176
v -9.125 -0.875 33.556 0.5373 0.5098 0.3176
v -8.875 -0.875 33.382 0.5373 0.5098 0.3176
v -8.625 -0.875 33.382 0.5373 0.5098 0.3176
v -8.375 -0.875 33.382 0.5373 0.5098 0.3176
v -8.125 -0.875 33.421 0.5373 0.5098 0.3176
v -7.875 -0.875 33.400 0.5373 0.5098 0.3176
v -7.625 -0.875 33.400 0.5373 0.5098 0.3176
v -7.375 -0.875 33.373 0.5373 0.5098 0.3176
v -7.125 -0.875 33.373 0.5373 0.5098 0.3176
v -6.875 -0.875 33.393 0.5373 0.5098 0.3176
v -6.625 -0.875 33.385 0.5373 0.5098 0.3176
v -6.375 -0.875 33.370 0.5373 0.5098 0.3176
v -6.125 -0.875 33.394 0.5373 0.5098 0.3176
v -5.875 -0.875 33.365 0.5373 0.5098 0.3176
v -5.625 -0.875 33.287 0.5373 0.5098 0.3176
v -5.375 -0.875 33.367 0.5373 0.5098 0.3176
v -5.125 -0.875 33.307 0.5373 0.5098 0.3176
v -4.875 -0.875 33.315 0.5373 0.5098 0.3176
v -4.625 -0.875 33.315 0.5373 0.5098 0.3176
v -4.375 -0.875 33.306 0.5373 0.5098 0.3176
v -4.125 -0.875 33.257 0.5373 0.5098 0.3176
v -3.875 -0.875 33.257 0.5373 0.5098 0.3176
v -3.625 -0.875 33.231 0.5373 0.5098 0.3176
v -3.375 -0.875 33.231 0.5373 0.5098 0.3176
v -3.125 -0.875 33.197 0.5373 0.5098 0.3176
v -2.875 -0.875 33.196 0.5373 0.5098 0.3176
v -2.625 -0.875 33.159 0.5373 0.5098 0.3176
v -2.375 -0.875 33.159 0.5373 0.5098 0.3176
v -2.125 -0.875 33.130 0.5373 0.5098 0.3176
v -1.875 -0.875 33.104 0.5373 0.5098 0.3176
v -1.625 -0.875 33.104 0.5373 0.5098 0.3176
v -1.375 -0.875 33.053 0.5373 0.5098 0.3176
v -1.125 -0.875 33.141 0.5373 0.5098 0.3176
v -0.875 -0.875 33.141 0.5373 0.5098 0.3176
v -0.625 -0.875 33.202 0.5373 0.5098 0.3176
v -0.375 -0.875 33.202 0.5373 0.5098 0.3176
v -0.125 -0.875 33.171 0.5373 0.5098 0.3176
v 0.125 -0.875 33.214 0.5373 0.5098 0.3176
v 0.375 -0.875 33.214 0.5373 0.5098 0.3176
v 0.625 -0.875 33.202 0.5373 0.5098 0.3176
v 0.875 -0.875 33.202 0.5373 0.5098 0.3176
v 1.125 -0.875 33.202 0.5373 0.5098 0.3176
v 1.375 -0.875 33.205 0.5373 0.5098 0.3176
v 1.625 -0.875 33.187 0.5373 0.5098 0.3176
v 1.875 -0.875 33.187 0.5373 0.5098 0.3176
v 2.125 -0.875 33.187 0.5373 0.5098 0.3176
v 2.375 -0.875 33.187 0.5373 0.5098 0.3176
v 2.625 -0.875 33.086 0.5373 0.5098 0.3176
v 2.875 -0.875 33.086 0.5373 0.5098 0.3176
v 3.125 -0.875 33.104 0.5373 0.5098 0.3176
v 3.375 -0.875 33.142 0.5373 0.5098 0.3176
v 3.625 -0.875 33.138 0.5373 0.5098 0.3176
v 3.875 -0.875 33.120 0.5373 0.5098 0.3176
v 4.125 -0.875 33.123 0.5373 0.5098 0.3176
v 4.375 -0.875 33.123 0.5373 0.5098 0.3176
v 4.625 -0.875 33.141 0.5373 0.5098 0.3176
v 4.875 -0.875 33.141 0.5373 0.5098 0.3176
v 5.125 -0.875 33.132 0.5373 0.5098 0.3176
v 5.375 -0.875 33.132 0.5373 0.5098 0.3176
v 5.625 -0.875 33.092 0.5373 0.5098 0.3176
v 5.875 -0.875 33.022 0.5373 0.5098 0.3176
v 6.125 -0.875 33.022 0.5373 0.5098 0.3176
v 6.375 -0.875 33.062 0.5373 0.5098 0.3176
v 6.625 -0.875 33.019 0.5373 0.5098 0.3176
v 6.875 -0.875 33.019 0.5373 0.5098 0.3176
v 7.125 -0.875 33.010 0.5373 0.5098 0.3176
v 7.375 -0.875 33.068 0.5373 0.5098 0.3176
v 7.625 -0.875 33.068 0.5373 0.5098 0.3176
v 7.875 -0.875 33.065 0.5373 0.5098 0.3176
v 8.125 -0.875 33.065 0.5373 0.5098 0.3176
v 8.375 -0.875 33.065 0.5373 0.5098 0.3176
v 8.625 -0.875 33.010 0.5373 0.5098 0.3176
v 8.875 -0.875 33.028 0.5373 0.5098 0.3176
v 9.125 -0.875 32.967 0.5373 0.5098 0.3176
v 9.375 -0.875 32.987 0.5373 0.5098 0.3176
v 9.625 -0.875 32.989 0.5373 0.5098 0.3176
v 9.875 -0.875 32.946 0.5373 0.5098 0.3176
v 10.125 -0.875 32.964 0.5373 0.5098 0.3176
v 10.375 -0.875 32.964 0.5373 0.5098 0.3176
v 10.625 -0.875 32.964 0.5373 0.5098 0.3176
v 10.875 -0.875 32.964 0.5373 0.5098 0.3176
v 11.125 -0.875 32.976 0.5373 0.5098 0.3176
v 11.375 -0.875 32.976 0.5373 0.5098 0.3176
v 11.625 -0.875 32.986 0.5373 0.5098 0.3176
v 11.875 -0.875 32.915 0.5373 0.5098 0.3176
v 12.125 -0.875 32.899 0.5373 0.5098 0.3176
v 12.375 -0.875 32.899 0.5373 0.5098 0.3176
v -12.375 -0.625 33.421 0.5373 0.5098 0.3176
v -12.125 -0.625 33.296 0.5373 0.5098 0.3176
v -11.875 -0.625 33.421 0.5373 0.5098 0.3176
v -11.625 -0.625 33.284 0.5373 0.5098 0.3176
v -11.375 -0.625 33.367 0.5373 0.5098 0.3176
v -11.125 -0.625 33.367 0.5373 0.5098 0.3176
v -10.875 -0.625 33.367 0.5373 0.5098 0.3176
v -10.625 -0.625 33.443 0.5373 0.5098 0.3176
v -10.375 -0.625 33.495 0.5373 0.5098 0.3176
v -10.125 -0.625 33.595 0.5373 0.5098 0.3176
v -9.875 -0.625 33.595 0.5373 0.5098 0.3176
v -9.625 -0.625 33.546 0.5373 0.5098 0.3176
v -9.375 -0.625 33.534 0.5373 0.5098 0.3176
v -9.125 -0.625 33.507 0.5373 0.5098 0.3176
v -8.875 -0.625 33.507 0.5373 0.5098 0.3176
v -8.625 -0.625 33.382 0.5373 0.5098 0.3176
v -8.375 -0.625 33.306 0.5373 0.5098 0.3176
v -8.125 -0.625 33.391 0.5373 0.5098 0.3176
v -7.875 -0.625 33.391 0.5373 0.5098 0.3176
v -7.625 -0.625 33.333 0.5373 0.5098 0.3176
v -7.375 -0.625 33.333 0.5373 0.5098 0.3176
v -7.125 -0.625 33.290 0.5373 0.5098 0.3176
v -6.875 -0.625 33.321 0.5373 0.5098 0.3176
v -6.625 -0.625 33.321 0.5373 0.5098 0.3176
v -6.375 -0.625 33.284 0.5373 0.5098 0.3176
v -6.125 -0.625 33.284 0.5373 0.5098 0.3176
v -5.875 -0.625 33.284 0.5373 0.5098 0.3176
v -5.625 -0.625 33.306 0.5373 0.5098 0.3176
v -5.375 -0.625 33.295 0.5373 0.5098 0.3176
v -5.125 -0.625 33.312 0.5373 0.5098 0.3176
v -4.875 -0.625 33.312 0.5373 0.5098 0.3176
v -4.625 -0.625 33.290 0.5373 0.5098 0.3176
v -4.375 -0.625 33.251 0.5373 0.5098 0.3176
v -4.125 -0.625 33.251 0.5373 0.5098 0.3176
v -3.875 -0.625 33.190 0.5373 0.5098 0.3176
v -3.625 -0.625 33.190 0.5373 0.5098 0.3176
v -3.375 -0.625 33.168 0.5373 0.5098 0.3176
v -3.125 -0.625 33.138 0.5373 0.5098 0.3176
v -2.875 -0.625 33.138 0.5373 0.5098 0.3176
v -2.625 -0.625 33.150 0.5373 0.5098 0.3176
v -2.375 -0.625 33.129 0.5373 0.5098 0.3176
v -2.125 -0.625 33.095 0.5373 0.5098 0.3176
v -1.875 -0.625 33.095 0.5373 0.5098 0.3176
v -1.625 -0.625 33.053 0.5373 0.5098 0.3176
v -1.375 -0.625 33.053 0.5373 0.5098 0.3176
v -1.125 -0.625 33.022 0.5373 0.5098 0.3176
v -0.875 -0.625 33.022 0.5373 0.5098 0.3176
v -0.625 -0.625 33.171 0.5373 0.5098 0.3176
v -0.375 -0.625 33.171 0.5373 0.5098 0.3176
v -0.125 -0.625 33.171 0.5373 0.5098 0.3176
v 0.125 -0.625 33.171 0.5373 0.5098 0.3176
v 0.375 -0.625 33.202 0.5373 0.5098 0.3176
v 0.625 -0.625 33.202 0.5373 0.5098 0.3176
v 0.875 -0.625 33.202 0.5373 0.5098 0.3176
v 1.125 -0.625 33.205 0.5373 0.5098 0.3176
v 1.375 -0.625 33.205 0.5373 0.5098 0.3176
v 1.625 -0.625 33.205 0.5373 0.5098 0.3176
v 1.875 -0.625 33.214 0.5373 0.5098 0.3176
v 2.125 -0.625 33.187 0.5373 0.5098 0.3176
v 2.375 -0.625 33.187 0.5373 0.5098 0.3176
v 2.625 -0.625 33.086 0.5373 0.5098 0.3176
v 2.875 -0.625 33.065 0.5373 0.5098 0.3176
v 3.125 -0.625 33.077 0.5373 0.5098 0.3176
v 3.375 -0.625 33.129 0.5373 0.5098 0.3176
v 3.625 -0.625 33.092 0.5373 0.5098 0.3176
v 3.875 -0.625 33.098 0.5373 0.5098 0.3176
v 4.125 -0.625 33.101 0.5373 0.5098 0.3176
v 4.375 -0.625 33.110 0.5373 0.5098 0.3176
v 4.625 -0.625 33.110 0.5373 0.5098 0.3176
v 4.875 -0.625 33.110 0.5373 0.5098 0.3176
v 5.125 -0.625 33.107 0.5373 0.5098 0.3176
v 5.375 -0.625 33.101 0.5373 0.5098 0.3176
v 5.625 -0.625 33.101 0.5373 0.5098 0.3176
v 5.875 -0.625 32.992 0.5373 0.5098 0.3176
v 6.125 -0.625 33.013 0.5373 0.5098 0.3176
v 6.375 -0.625 33.013 0.5373 0.5098 0.3176
v 6.625 -0.625 33.019 0.5373 0.5098 0.3176
v 6.875 -0.625 32.998 0.5373 0.5098 0.3176
v 7.125 -0.625 32.998 0.5373 0.5098 0.3176
v 7.375 -0.625 33.019 0.5373 0.5098 0.3176
v 7.625 -0.625 33.019 0.5373 0.5098 0.3176
v 7.875 -0.625 33.024 0.5373 0.5098 0.3176
v 8.125 -0.625 33.024 0.5373 0.5098 0.3176
v 8.375 -0.625 33.028 0.5373 0.5098 0.3176
v 8.625 -0.625 33.010 0.5373 0.5098 0.3176
v 8.875 -0.625 32.967 0.5373 0.5098 0.3176
v 9.125 -0.625 32.967 0.5373 0.5098 0.3176
v 9.375 -0.625 32.964 0.5373 0.5098 0.3176
v 9.625 -0.625 32.937 0.5373 0.5098 0.3176
v 9.875 -0.625 32.937 0.5373 0.5098 0.3176
v 10.125 -0.625 32.954 0.5373 0.5098 0.3176
v 10.375 -0.625 32.954 0.5373 0.5098 0.3176
v 10.625 -0.625 32.946 0.5373 0.5098 0.3176
v 10.875 -0.625 32.938 0.5373 0.5098 0.3176
v 11.125 -0.625 32.938 0.5373 0.5098 0.3176
v 11.375 -0.625 32.922 0.5373 0.5098 0.3176
v 11.625 -0.625 32.923 0.5373 0.5098 0.3176
v 11.875 -0.625 32.923 0.5373 0.5098 0.3176
v 12.125 -0.625 32.899 0.5373 0.5098 0.3176
v 12.375 -0.625 32.899 0.5373 0.5098 0.3176
v -12.375 -0.375 33.296 0.5373 0.5098 0.3176
v -12.125 -0.375 33.296 0.5373 0.5098 0.3176
v -11.875 -0.375 33.235 0.5373 0.5098 0.3176
v -11.625 -0.375 33.235 0.5373 0.5098 0.3176
v -11.375 -0.375 33.235 0.5373 0.5098 0.3176
v -11.125 -0.375 33.367 0.5373 0.5098 0.3176
v -10.875 -0.375 33.394 0.5373 0.5098 0.3176
v -10.625 -0.375 33.443 0.5373 0.5098 0.3176
v -10.375 -0.375 33.495 0.5373 0.5098 0.3176
v -10.125 -0.375 33.495 0.5373 0.5098 0.3176
v -9.875 -0.375 33.546 0.5373 0.5098 0.3176
v -9.625 -0.375 33.546 0.5373 0.5098 0.3176
v -9.375 -0.375 33.534 0.5373 0.5098 0.3176
v -9.125 -0.375 33.507 0.5373 0.5098 0.3176
v -8.875 -0.375 33.507 0.5373 0.5098 0.3176
v -8.625 -0.375 33.363 0.5373 0.5098 0.3176
v -8.375 -0.375 33.306 0.5373 0.5098 0.3176
v -8.125 -0.375 33.306 0.5373 0.5098 0.3176
v -7.875 -0.375 33.235 0.5373 0.5098 0.3176
v -7.625 -0.375 33.235 0.5373 0.5098 0.3176
v -7.375 -0.375 33.251 0.5373 0.5098 0.3176
v -7.125 -0.375 33.251 0.5373 0.5098 0.3176
v -6.875 -0.375 33.281 0.5373 0.5098 0.3176
v -6.625 -0.375 33.281 0.5373 0.5098 0.3176
v -6.375 -0.375 33.284 0.5373 0.5098 0.3176
v -6.125 -0.375 33.284 0.5373 0.5098 0.3176
v -5.875 -0.375 33.284 0.5373 0.5098 0.3176
v -5.625 -0.375 33.306 0.5373 0.5098 0.3176
v -5.375 -0.375 33.295 0.5373 0.5098 0.3176
v -5.125 -0.375 33.295 0.5373 0.5098 0.3176
v -4.875 -0.375 33.281 0.5373 0.5098 0.3176
v -4.625 -0.375 33.281 0.5373 0.5098 0.3176
v -4.375 -0.375 33.242 0.5373 0.5098 0.3176
v -4.125 -0.375 33.242 0.5373 0.5098 0.3176
v -3.875 -0.375 33.232 0.5373 0.5098 0.3176
v -3.625 -0.375 33.193 0.5373 0.5098 0.3176
v -3.375 -0.375 33.193 0.5373 0.5098 0.3176
v -3.125 -0.375 33.162 0.5373 0.5098 0.3176
v -2.875 -0.375 33.162 0.5373 0.5098 0.3176
v -2.625 -0.375 33.107 0.5373 0.5098 0.3176
v -2.375 -0.375 33.080 0.5373 0.5098 0.3176
v -2.125 -0.375 33.080 0.5373 0.5098 0.3176
v -1.875 -0.375 33.045 0.5373 0.5098 0.3176
v -1.625 -0.375 33.037 0.5373 0.5098 0.3176
v -1.375 -0.375 33.022 0.5373 0.5098 0.3176
v -1.125 -0.375 33.022 0.5373 0.5098 0.3176
v -0.875 -0.375 33.022 0.5373 0.5098 0.3176
v -0.625 -0.375 33.171 0.5373 0.5098 0.3176
v -0.375 -0.375 33.171 0.5373 0.5098 0.3176
v -0.125 -0.375 33.171 0.5373 0.5098 0.3176
v 0.125 -0.375 33.181 0.5373 0.5098 0.3176
v 0.375 -0.375 33.181 0.5373 0.5098 0.3176
v 0.625 -0.375 33.174 0.5373 0.5098 0.3176
v 0.875 -0.375 33.174 0.5373 0.5098 0.3176
v 1.125 -0.375 33.205 0.5373 0.5098 0.3176
v 1.375 -0.375 33.205 0.5373 0.5098 0.3176
v 1.625 -0.375 33.205 0.5373 0.5098 0.3176
v 1.875 -0.375 33.214 0.5373 0.5098 0.3176
v 2.125 -0.375 33.187 0.5373 0.5098 0.3176
v 2.375 -0.375 33.174 0.5373 0.5098 0.3176
v 2.625 -0.375 33.074 0.5373 0.5098 0.3176
v 2.875 -0.375 33.065 0.5373 0.5098 0.3176
v 3.125 -0.375 33.065 0.5373 0.5098 0.3176
v 3.375 -0.375 33.129 0.5373 0.5098 0.3176
v 3.625 -0.375 33.092 0.5373 0.5098 0.3176
v 3.875 -0.375 33.098 0.5373 0.5098 0.3176
v 4.125 -0.375 33.101 0.5373 0.5098 0.3176
v 4.375 -0.375 33.110 0.5373 0.5098 0.3176
v 4.625 -0.375 33.037 0.5373 0.5098 0.3176
v 4.875 -0.375 33.107 0.5373 0.5098 0.3176
v 5.125 -0.375 33.107 0.5373 0.5098 0.3176
v 5.375 -0.375 33.101 0.5373 0.5098 0.3176
v 5.625 -0.375 32.998 0.5373 0.5098 0.3176
v 5.875 -0.375 32.998 0.5373 0.5098 0.3176
v 6.125 -0.375 32.958 0.5373 0.5098 0.3176
v 6.375 -0.375 32.958 0.5373 0.5098 0.3176
v 6.625 -0.375 32.940 0.5373 0.5098 0.3176
v 6.875 -0.375 32.940 0.5373 0.5098 0.3176
v 7.125 -0.375 32.998 0.5373 0.5098 0.3176
v 7.375 -0.375 33.019 0.5373 0.5098 0.3176
v 7.625 -0.375 33.019 0.5373 0.5098 0.3176
v 7.875 -0.375 32.998 0.5373 0.5098 0.3176
v 8.125 -0.375 33.024 0.5373 0.5098 0.3176
v 8.375 -0.375 33.028 0.5373 0.5098 0.3176
v 8.625 -0.375 33.010 0.5373 0.5098 0.3176
v 8.875 -0.375 32.989 0.5373 0.5098 0.3176
v 9.125 -0.375 32.989 0.5373 0.5098 0.3176
v 9.375 -0.375 32.989 0.5373 0.5098 0.3176
v 9.625 -0.375 32.989 0.5373 0.5098 0.3176
v 9.875 -0.375 32.900 0.5373 0.5098 0.3176
v 10.125 -0.375 32.954 0.5373 0.5098 0.3176
v 10.375 -0.375 32.912 0.5373 0.5098 0.3176
v 10.625 -0.375 32.946 0.5373 0.5098 0.3176
v 10.875 -0.375 32.938 0.5373 0.5098 0.3176
v 11.125 -0.375 32.880 0.5373 0.5098 0.3176
v 11.375 -0.375 32.870 0.5373 0.5098 0.3176
v 11.625 -0.375 32.870 0.5373 0.5098 0.3176
v 11.875 -0.375 32.870 0.5373 0.5098 0.3176
v 12.125 -0.375 32.839 0.5373 0.5098 0.3176
v 12.375 -0.375 32.839 0.5373 0.5098 0.3176
v -12.375 -0.125 33.257 0.5373 0.5098 0.3176
v -12.125 -0.125 33.266 0.5373 0.5098 0.3176
v -11.875 -0.125 33.205 0.5373 0.5098 0.3176
v -11.625 -0.125 33.235 0.5373 0.5098 0.3176
v -11.375 -0.125 33.235 0.5373 0.5098 0.3176
v -11.125 -0.125 33.275 0.5373 0.5098 0.3176
v -10.875 -0.125 33.345 0.5373 0.5098 0.3176
v -10.625 -0.125 33.424 0.5373 0.5098 0.3176
v -10.375 -0.125 33.495 0.5373 0.5098 0.3176
v -10.125 -0.125 33.495 0.5373 0.5098 0.3176
v -9.875 -0.125 33.455 0.5373 0.5098 0.3176
v -9.625 -0.125 33.546 0.5373 0.5098 0.3176
v -9.375 -0.125 33.534 0.5373 0.5098 0.3176
v -9.125 -0.125 33.507 0.5373 0.5098 0.3176
v -8.875 -0.125 33.336 0.5373 0.5098 0.3176
v -8.625 -0.125 33.363 0.5373 0.5098 0.3176
v -8.375 -0.125 33.306 0.5373 0.5098 0.3176
v -8.125 -0.125 33.245 0.5373 0.5098 0.3176
v -7.875 -0.125 33.245 0.5373 0.5098 0.3176
v -7.625 -0.125 33.235 0.5373 0.5098 0.3176
v -7.375 -0.125 33.251 0.5373 0.5098 0.3176
v -7.125 -0.125 33.251 0.5373 0.5098 0.3176
v -6.875 -0.125 33.281 0.5373 0.5098 0.3176
v -6.625 -0.125 33.281 0.5373 0.5098 0.3176
v -6.375 -0.125 33.202 0.5373 0.5098 0.3176
v -6.125 -0.125 33.284 0.5373 0.5098 0.3176
v -5.875 -0.125 33.315 0.5373 0.5098 0.3176
v -5.625 -0.125 33.315 0.5373 0.5098 0.3176
v -5.375 -0.125 33.295 0.5373 0.5098 0.3176
v -5.125 -0.125 33.235 0.5373 0.5098 0.3176
v -4.875 -0.125 33.235 0.5373 0.5098 0.3176
v -4.625 -0.125 33.235 0.5373 0.5098 0.3176
v -4.375 -0.125 33.235 0.5373 0.5098 0.3176
v -4.125 -0.125 33.196 0.5373 0.5098 0.3176
v -3.875 -0.125 33.174 0.5373 0.5098 0.3176
v -3.625 -0.125 33.126 0.5373 0.5098 0.3176
v -3.375 -0.125 33.135 0.5373 0.5098 0.3176
v -3.125 -0.125 33.115 0.5373 0.5098 0.3176
v -2.875 -0.125 33.117 0.5373 0.5098 0.3176
v -2.625 -0.125 33.117 0.5373 0.5098 0.3176
v -2.375 -0.125 33.117 0.5373 0.5098 0.3176
v -2.125 -0.125 33.117 0.5373 0.5098 0.3176
v -1.875 -0.125 33.045 0.5373 0.5098 0.3176
v -1.625 -0.125 33.037 0.5373 0.5098 0.3176
v -1.375 -0.125 33.022 0.5373 0.5098 0.3176
v -1.125 -0.125 32.990 0.5373 0.5098 0.3176
v -0.875 -0.125 32.990 0.5373 0.5098 0.3176
v -0.625 -0.125 32.990 0.5373 0.5098 0.3176
v -0.375 -0.125 33.171 0.5373 0.5098 0.3176
v -0.125 -0.125 33.181 0.5373 0.5098 0.3176
v 0.125 -0.125 33.181 0.5373 0.5098 0.3176
v 0.375 -0.125 33.174 0.5373 0.5098 0.3176
v 0.625 -0.125 33.174 0.5373 0.5098 0.3176
v 0.875 -0.125 33.174 0.5373 0.5098 0.3176
v 1.125 -0.125 33.193 0.5373 0.5098 0.3176
v 1.375 -0.125 33.205 0.5373 0.5098 0.3176
v 1.625 -0.125 33.205 0.5373 0.5098 0.3176
v 1.875 -0.125 33.214 0.5373 0.5098 0.3176
v 2.125 -0.125 33.187 0.5373 0.5098 0.3176
v 2.375 -0.125 33.130 0.5373 0.5098 0.3176
v 2.625 -0.125 33.086 0.5373 0.5098 0.3176
v 2.875 -0.125 33.046 0.5373 0.5098 0.3176
v 3.125 -0.125 33.057 0.5373 0.5098 0.3176
v 3.375 -0.125 33.037 0.5373 0.5098 0.3176
v 3.625 -0.125 33.037 0.5373 0.5098 0.3176
v 3.875 -0.125 33.033 0.5373 0.5098 0.3176
v 4.125 -0.125 33.033 0.5373 0.5098 0.3176
v 4.375 -0.125 33.056 0.5373 0.5098 0.3176
v 4.625 -0.125 33.037 0.5373 0.5098 0.3176
v 4.875 -0.125 33.031 0.5373 0.5098 0.3176
v 5.125 -0.125 33.019 0.5373 0.5098 0.3176
v 5.375 -0.125 33.019 0.5373 0.5098 0.3176
v 5.625 -0.125 32.949 0.5373 0.5098 0.3176
v 5.875 -0.125 32.909 0.5373 0.5098 0.3176
v 6.125 -0.125 32.900 0.5373 0.5098 0.3176
v 6.375 -0.125 32.918 0.5373 0.5098 0.3176
v 6.625 -0.125 32.896 0.5373 0.5098 0.3176
v 6.875 -0.125 32.900 0.5373 0.5098 0.3176
v 7.125 -0.125 32.944 0.5373 0.5098 0.3176
v 7.375 -0.125 32.950 0.5373 0.5098 0.3176
v 7.625 -0.125 32.950 0.5373 0.5098 0.3176
v 7.875 -0.125 32.998 0.5373 0.5098 0.3176
v 8.125 -0.125 32.998 0.5373 0.5098 0.3176
v 8.375 -0.125 32.937 0.5373 0.5098 0.3176
v 8.625 -0.125 33.010 0.5373 0.5098 0.3176
v 8.875 -0.125 32.989 0.5373 0.5098 0.3176
v 9.125 -0.125 32.961 0.5373 0.5098 0.3176
v 9.375 -0.125 32.931 0.5373 0.5098 0.3176
v 9.625 -0.125 32.928 0.5373 0.5098 0.3176
v 9.875 -0.125 32.900 0.5373 0.5098 0.3176
v 10.125 -0.125 32.909 0.5373 0.5098 0.3176
v 10.375 -0.125 32.912 0.5373 0.5098 0.3176
v 10.625 -0.125 32.896 0.5373 0.5098 0.3176
v 10.875 -0.125 32.879 0.5373 0.5098 0.3176
v 11.125 -0.125 32.880 0.5373 0.5098 0.3176
v 11.375 -0.125 32.880 0.5373 0.5098 0.3176
v 11.625 -0.125 32.851 0.5373 0.5098 0.3176
v 11.875 -0.125 32.851 0.5373 0.5098 0.3176
v 12.125 -0.125 32.851 0.5373 0.5098 0.3176
v 12.375 -0.125 32.821 0.5373 0.5098 0.3176
v -12.375 0.125 33.257 0.5373 0.5098 0.3176
v -12.125 0.125 33.266 0.5373 0.5098 0.3176
v -11.875 0.125 33.205 0.5373 0.5098 0.3176
v -11.625 0.125 33.235 0.5373 0.5098 0.3176
v -11.375 0.125 33.235 0.5373 0.5098 0.3176
v -11.125 0.125 33.284 0.5373 0.5098 0.3176
v -10.875 0.125 33.345 0.5373 0.5098 0.3176
v -10.625 0.125 33.345 0.5373 0.5098 0.3176
v -10.375 0.125 33.495 0.5373 0.5098 0.3176
v -10.125 0.125 33.464 0.5373 0.5098 0.3176
v -9.875 0.125 33.455 0.5373 0.5098 0.3176
v -9.625 0.125 33.455 0.5373 0.5098 0.3176
v -9.375 0.125 33.395 0.5373 0.5098 0.3176
v -9.125 0.125 33.395 0.5373 0.5098 0.3176
v -8.875 0.125 33.336 0.5373 0.5098 0.3176
v -8.625 0.125 33.336 0.5373 0.5098 0.3176
v -8.375 0.125 33.266 0.5373 0.5098 0.3176
v -8.125 0.125 33.245 0.5373 0.5098 0.3176
v -7.875 0.125 33.245 0.5373 0.5098 0.3176
v -7.625 0.125 33.211 0.5373 0.5098 0.3176
v -7.375 0.125 33.197 0.5373 0.5098 0.3176
v -7.125 0.125 33.197 0.5373 0.5098 0.3176
v -6.875 0.125 33.207 0.5373 0.5098 0.3176
v -6.625 0.125 33.207 0.5373 0.5098 0.3176
v -6.375 0.125 33.202 0.5373 0.5098 0.3176
v -6.125 0.125 33.242 0.5373 0.5098 0.3176
v -5.875 0.125 33.242 0.5373 0.5098 0.3176
v -5.625 0.125 33.235 0.5373 0.5098 0.3176
v -5.375 0.125 33.211 0.5373 0.5098 0.3176
v -5.125 0.125 33.232 0.5373 0.5098 0.3176
v -4.875 0.125 33.215 0.5373 0.5098 0.3176
v -4.625 0.125 33.215 0.5373 0.5098 0.3176
v -4.375 0.125 33.202 0.5373 0.5098 0.3176
v -4.125 0.125 33.156 0.5373 0.5098 0.3176
v -3.875 0.125 33.156 0.5373 0.5098 0.3176
v -3.625 0.125 33.135 0.5373 0.5098 0.3176
v -3.375 0.125 33.126 0.5373 0.5098 0.3176
v -3.125 0.125 33.065 0.5373 0.5098 0.3176
v -2.875 0.125 33.056 0.5373 0.5098 0.3176
v -2.625 0.125 33.065 0.5373 0.5098 0.3176
v -2.375 0.125 33.074 0.5373 0.5098 0.3176
v -2.125 0.125 33.056 0.5373 0.5098 0.3176
v -1.875 0.125 33.034 0.5373 0.5098 0.3176
v -1.625 0.125 33.034 0.5373 0.5098 0.3176
v -1.375 0.125 33.011 0.5373 0.5098 0.3176
v -1.125 0.125 32.990 0.5373 0.5098 0.3176
v -0.875 0.125 32.990 0.5373 0.5098 0.3176
v -0.625 0.125 32.990 0.5373 0.5098 0.3176
v -0.375 0.125 33.181 0.5373 0.5098 0.3176
v -0.125 0.125 33.181 0.5373 0.5098 0.3176
v 0.125 0.125 33.181 0.5373 0.5098 0.3176
v 0.375 0.125 33.174 0.5373 0.5098 0.3176
v 0.625 0.125 33.174 0.5373 0.5098 0.3176
v 0.875 0.125 33.135 0.5373 0.5098 0.3176
v 1.125 0.125 33.193 0.5373 0.5098 0.3176
v 1.375 0.125 33.193 0.5373 0.5098 0.3176
v 1.625 0.125 33.205 0.5373 0.5098 0.3176
v 1.875 0.125 33.214 0.5373 0.5098 0.3176
v 2.125 0.125 33.129 0.5373 0.5098 0.3176
v 2.375 0.125 33.048 0.5373 0.5098 0.3176
v 2.625 0.125 33.048 0.5373 0.5098 0.3176
v 2.875 0.125 33.034 0.5373 0.5098 0.3176
v 3.125 0.125 33.062 0.5373 0.5098 0.3176
v 3.375 0.125 33.046 0.5373 0.5098 0.3176
v 3.625 0.125 33.010 0.5373 0.5098 0.3176
v 3.875 0.125 33.022 0.5373 0.5098 0.3176
v 4.125 0.125 33.016 0.5373 0.5098 0.3176
v 4.375 0.125 33.016 0.5373 0.5098 0.3176
v 4.625 0.125 33.037 0.5373 0.5098 0.3176
v 4.875 0.125 33.031 0.5373 0.5098 0.3176
v 5.125 0.125 33.019 0.5373 0.5098 0.3176
v 5.375 0.125 32.964 0.5373 0.5098 0.3176
v 5.625 0.125 32.964 0.5373 0.5098 0.3176
v 5.875 0.125 32.909 0.5373 0.5098 0.3176
v 6.125 0.125 32.900 0.5373 0.5098 0.3176
v 6.375 0.125 32.918 0.5373 0.5098 0.3176
v 6.625 0.125 32.896 0.5373 0.5098 0.3176
v 6.875 0.125 32.870 0.5373 0.5098 0.3176
v 7.125 0.125 32.870 0.5373 0.5098 0.3176
v 7.375 0.125 32.897 0.5373 0.5098 0.3176
v 7.625 0.125 32.972 0.5373 0.5098 0.3176
v 7.875 0.125 32.967 0.5373 0.5098 0.3176
v 8.125 0.125 32.982 0.5373 0.5098 0.3176
v 8.375 0.125 32.937 0.5373 0.5098 0.3176
v 8.625 0.125 32.925 0.5373 0.5098 0.3176
v 8.875 0.125 32.925 0.5373 0.5098 0.3176
v 9.125 0.125 32.885 0.5373 0.5098 0.3176
v 9.375 0.125 32.854 0.5373 0.5098 0.3176
v 9.625 0.125 32.854 0.5373 0.5098 0.3176
v 9.875 0.125 32.854 0.5373 0.5098 0.3176
v 10.125 0.125 32.854 0.5373 0.5098 0.3176
v 10.375 0.125 32.845 0.5373 0.5098 0.3176
v 10.625 0.125 32.845 0.5373 0.5098 0.3176
v 10.875 0.125 32.862 0.5373 0.5098 0.3176
v 11.125 0.125 32.858 0.5373 0.5098 0.3176
v 11.375 0.125 32.854 0.5373 0.5098 0.3176
v 11.625 0.125 32.854 0.5373 0.5098 0.3176
v 11.875 0.125 32.836 0.5373 0.5098 0.3176
v 12.125 0.125 32.824 0.5373 0.5098 0.3176
v 12.375 0.125 32.815 0.5373 0.5098 0.3176
v -12.375 0.375 33.220 0.5373 0.5098 0.3176
v -12.125 0.375 33.229 0.5373 0.5098 0.3176
v -11.875 0.375 33.225 0.5373 0.5098 0.3176
v -11.625 0.375 33.187 0.5373 0.5098 0.3176
v -11.375 0.375 33.205 0.5373 0.5098 0.3176
v -11.125 0.375 33.205 0.5373 0.5098 0.3176
v -10.875 0.375 33.285 0.5373 0.5098 0.3176
v -10.625 0.375 33.285 0.5373 0.5098 0.3176
v -10.375 0.375 33.345 0.5373 0.5098 0.3176
v -10.125 0.375 33.464 0.5373 0.5098 0.3176
v -9.875 0.375 33.455 0.5373 0.5098 0.3176
v -9.625 0.375 33.455 0.5373 0.5098 0.3176
v -9.375 0.375 33.284 0.5373 0.5098 0.3176
v -9.125 0.375 33.284 0.5373 0.5098 0.3176
v -8.875 0.375 33.245 0.5373 0.5098 0.3176
v -8.625 0.375 33.245 0.5373 0.5098 0.3176
v -8.375 0.375 33.196 0.5373 0.5098 0.3176
v -8.125 0.375 33.187 0.5373 0.5098 0.3176
v -7.875 0.375 33.193 0.5373 0.5098 0.3176
v -7.625 0.375 33.193 0.5373 0.5098 0.3176
v -7.375 0.375 33.173 0.5373 0.5098 0.3176
v -7.125 0.375 33.173 0.5373 0.5098 0.3176
v -6.875 0.375 33.173 0.5373 0.5098 0.3176
v -6.625 0.375 33.181 0.5373 0.5098 0.3176
v -6.375 0.375 33.187 0.5373 0.5098 0.3176
v -6.125 0.375 33.202 0.5373 0.5098 0.3176
v -5.875 0.375 33.174 0.5373 0.5098 0.3176
v -5.625 0.375 33.174 0.5373 0.5098 0.3176
v -5.375 0.375 33.174 0.5373 0.5098 0.3176
v -5.125 0.375 33.196 0.5373 0.5098 0.3176
v -4.875 0.375 33.187 0.5373 0.5098 0.3176
v -4.625 0.375 33.187 0.5373 0.5098 0.3176
v -4.375 0.375 33.174 0.5373 0.5098 0.3176
v -4.125 0.375 33.144 0.5373 0.5098 0.3176
v -3.875 0.375 33.126 0.5373 0.5098 0.3176
v -3.625 0.375 33.126 0.5373 0.5098 0.3176
v -3.375 0.375 33.104 0.5373 0.5098 0.3176
v -3.125 0.375 33.104 0.5373 0.5098 0.3176
v -2.875 0.375 33.056 0.5373 0.5098 0.3176
v -2.625 0.375 33.074 0.5373 0.5098 0.3176
v -2.375 0.375 33.046 0.5373 0.5098 0.3176
v -2.125 0.375 33.060 0.5373 0.5098 0.3176
v -1.875 0.375 33.034 0.5373 0.5098 0.3176
v -1.625 0.375 33.035 0.5373 0.5098 0.3176
v -1.375 0.375 33.035 0.5373 0.5098 0.3176
v -1.125 0.375 33.046 0.5373 0.5098 0.3176
v -0.875 0.375 33.046 0.5373 0.5098 0.3176
v -0.625 0.375 33.046 0.5373 0.5098 0.3176
v -0.375 0.375 32.961 0.5373 0.5098 0.3176
v -0.125 0.375 33.181 0.5373 0.5098 0.3176
v 0.125 0.375 33.174 0.5373 0.5098 0.3176
v 0.375 0.375 33.174 0.5373 0.5098 0.3176
v 0.625 0.375 33.135 0.5373 0.5098 0.3176
v 0.875 0.375 33.135 0.5373 0.5098 0.3176
v 1.125 0.375 33.107 0.5373 0.5098 0.3176
v 1.375 0.375 33.107 0.5373 0.5098 0.3176
v 1.625 0.375 33.077 0.5373 0.5098 0.3176
v 1.875 0.375 33.077 0.5373 0.5098 0.3176
v 2.125 0.375 33.019 0.5373 0.5098 0.3176
v 2.375 0.375 33.046 0.5373 0.5098 0.3176
v 2.625 0.375 33.025 0.5373 0.5098 0.3176
v 2.875 0.375 33.025 0.5373 0.5098 0.3176
v 3.125 0.375 33.062 0.5373 0.5098 0.3176
v 3.375 0.375 33.046 0.5373 0.5098 0.3176
v 3.625 0.375 33.010 0.5373 0.5098 0.3176
v 3.875 0.375 33.022 0.5373 0.5098 0.3176
v 4.125 0.375 33.016 0.5373 0.5098 0.3176
v 4.375 0.375 32.976 0.5373 0.5098 0.3176
v 4.625 0.375 32.976 0.5373 0.5098 0.3176
v 4.875 0.375 32.937 0.5373 0.5098 0.3176
v 5.125 0.375 32.937 0.5373 0.5098 0.3176
v 5.375 0.375 32.925 0.5373 0.5098 0.3176
v 5.625 0.375 32.894 0.5373 0.5098 0.3176
v 5.875 0.375 32.894 0.5373 0.5098 0.3176
v 6.125 0.375 32.870 0.5373 0.5098 0.3176
v 6.375 0.375 32.806 0.5373 0.5098 0.3176
v 6.625 0.375 32.806 0.5373 0.5098 0.3176
v 6.875 0.375 32.797 0.5373 0.5098 0.3176
v 7.125 0.375 32.797 0.5373 0.5098 0.3176
v 7.375 0.375 32.897 0.5373 0.5098 0.3176
v 7.625 0.375 32.972 0.5373 0.5098 0.3176
v 7.875 0.375 32.967 0.5373 0.5098 0.3176
v 8.125 0.375 32.964 0.5373 0.5098 0.3176
v 8.375 0.375 32.925 0.5373 0.5098 0.3176
v 8.625 0.375 32.909 0.5373 0.5098 0.3176
v 8.875 0.375 32.854 0.5373 0.5098 0.3176
v 9.125 0.375 32.854 0.5373 0.5098 0.3176
v 9.375 0.375 32.836 0.5373 0.5098 0.3176
v 9.625 0.375 32.836 0.5373 0.5098 0.3176
v 9.875 0.375 32.836 0.5373 0.5098 0.3176
v 10.125 0.375 32.824 0.5373 0.5098 0.3176
v 10.375 0.375 32.824 0.5373 0.5098 0.3176
v 10.625 0.375 32.824 0.5373 0.5098 0.3176
v 10.875 0.375 32.836 0.5373 0.5098 0.3176
v 11.125 0.375 32.836 0.5373 0.5098 0.3176
v 11.375 0.375 32.815 0.5373 0.5098 0.3176
v 11.625 0.375 32.803 0.5373 0.5098 0.3176
v 11.875 0.375 32.781 0.5373 0.5098 0.3176
v 12.125 0.375 32.806 0.5373 0.5098 0.3176
v 12.375 0.375 32.784 0.5373 0.5098 0.3176
v -12.375 0.625 33.220 0.5373 0.5098 0.3176
v -12.125 0.625 33.214 0.5373 0.5098 0.3176
v -11.875 0.625 33.126 0.5373 0.5098 0.3176
v -11.625 0.625 33.156 0.5373 0.5098 0.3176
v -11.375 0.625 33.156 0.5373 0.5098 0.3176
v -11.125 0.625 33.174 0.5373 0.5098 0.3176
v -10.875 0.625 33.174 0.5373 0.5098 0.3176
v -10.625 0.625 33.345 0.5373 0.5098 0.3176
v -10.375 0.625 33.345 0.5373 0.5098 0.3176
v -10.125 0.625 33.336 0.5373 0.5098 0.3176
v -9.875 0.625 33.336 0.5373 0.5098 0.3176
v -9.625 0.625 33.165 0.5373 0.5098 0.3176
v -9.375 0.625 33.165 0.5373 0.5098 0.3176
v -9.125 0.625 33.284 0.5373 0.5098 0.3176
v -8.875 0.625 33.226 0.5373 0.5098 0.3176
v -8.625 0.625 33.187 0.5373 0.5098 0.3176
v -8.375 0.625 33.187 0.5373 0.5098 0.3176
v -8.125 0.625 33.165 0.5373 0.5098 0.3176
v -7.875 0.625 33.144 0.5373 0.5098 0.3176
v -7.625 0.625 33.144 0.5373 0.5098 0.3176
v -7.375 0.625 33.156 0.5373 0.5098 0.3176
v -7.125 0.625 33.144 0.5373 0.5098 0.3176
v -6.875 0.625 33.144 0.5373 0.5098 0.3176
v -6.625 0.625 33.086 0.5373 0.5098 0.3176
v -6.375 0.625 33.074 0.5373 0.5098 0.3176
v -6.125 0.625 33.174 0.5373 0.5098 0.3176
v -5.875 0.625 33.174 0.5373 0.5098 0.3176
v -5.625 0.625 33.174 0.5373 0.5098 0.3176
v -5.375 0.625 33.095 0.5373 0.5098 0.3176
v -5.125 0.625 33.165 0.5373 0.5098 0.3176
v -4.875 0.625 33.196 0.5373 0.5098 0.3176
v -4.625 0.625 33.165 0.5373 0.5098 0.3176
v -4.375 0.625 33.165 0.5373 0.5098 0.3176
v -4.125 0.625 33.104 0.5373 0.5098 0.3176
v -3.875 0.625 33.095 0.5373 0.5098 0.3176
v -3.625 0.625 33.106 0.5373 0.5098 0.3176
v -3.375 0.625 33.065 0.5373 0.5098 0.3176
v -3.125 0.625 33.074 0.5373 0.5098 0.3176
v -2.875 0.625 33.034 0.5373 0.5098 0.3176
v -2.625 0.625 33.046 0.5373 0.5098 0.3176
v -2.375 0.625 33.025 0.5373 0.5098 0.3176
v -2.125 0.625 33.025 0.5373 0.5098 0.3176
v -1.875 0.625 33.007 0.5373 0.5098 0.3176
v -1.625 0.625 33.016 0.5373 0.5098 0.3176
v -1.375 0.625 33.016 0.5373 0.5098 0.3176
v -1.125 0.625 33.025 0.5373 0.5098 0.3176
v -0.875 0.625 33.025 0.5373 0.5098 0.3176
v -0.625 0.625 32.961 0.5373 0.5098 0.3176
v -0.375 0.625 32.961 0.5373 0.5098 0.3176
v -0.125 0.625 32.961 0.5373 0.5098 0.3176
v 0.125 0.625 33.174 0.5373 0.5098 0.3176
v 0.375 0.625 33.135 0.5373 0.5098 0.3176
v 0.625 0.625 33.135 0.5373 0.5098 0.3176
v 0.875 0.625 33.107 0.5373 0.5098 0.3176
v 1.125 0.625 33.107 0.5373 0.5098 0.3176
v 1.375 0.625 32.943 0.5373 0.5098 0.3176
v 1.625 0.625 32.952 0.5373 0.5098 0.3176
v 1.875 0.625 33.077 0.5373 0.5098 0.3176
v 2.125 0.625 33.013 0.5373 0.5098 0.3176
v 2.375 0.625 33.013 0.5373 0.5098 0.3176
v 2.625 0.625 33.014 0.5373 0.5098 0.3176
v 2.875 0.625 33.014 0.5373 0.5098 0.3176
v 3.125 0.625 33.028 0.5373 0.5098 0.3176
v 3.375 0.625 33.025 0.5373 0.5098 0.3176
v 3.625 0.625 33.005 0.5373 0.5098 0.3176
v 3.875 0.625 32.952 0.5373 0.5098 0.3176
v 4.125 0.625 32.955 0.5373 0.5098 0.3176
v 4.375 0.625 32.937 0.5373 0.5098 0.3176
v 4.625 0.625 32.894 0.5373 0.5098 0.3176
v 4.875 0.625 32.894 0.5373 0.5098 0.3176
v 5.125 0.625 32.906 0.5373 0.5098 0.3176
v 5.375 0.625 32.906 0.5373 0.5098 0.3176
v 5.625 0.625 32.826 0.5373 0.5098 0.3176
v 5.875 0.625 32.803 0.5373 0.5098 0.3176
v 6.125 0.625 32.824 0.5373 0.5098 0.3176
v 6.375 0.625 32.804 0.5373 0.5098 0.3176
v 6.625 0.625 32.804 0.5373 0.5098 0.3176
v 6.875 0.625 32.797 0.5373 0.5098 0.3176
v 7.125 0.625 32.815 0.5373 0.5098 0.3176
v 7.375 0.625 32.821 0.5373 0.5098 0.3176
v 7.625 0.625 32.886 0.5373 0.5098 0.3176
v 7.875 0.625 32.915 0.5373 0.5098 0.3176
v 8.125 0.625 32.937 0.5373 0.5098 0.3176
v 8.375 0.625 32.894 0.5373 0.5098 0.3176
v 8.625 0.625 32.906 0.5373 0.5098 0.3176
v 8.875 0.625 32.836 0.5373 0.5098 0.3176
v 9.125 0.625 32.824 0.5373 0.5098 0.3176
v 9.375 0.625 32.816 0.5373 0.5098 0.3176
v 9.625 0.625 32.816 0.5373 0.5098 0.3176
v 9.875 0.625 32.813 0.5373 0.5098 0.3176
v 10.125 0.625 32.804 0.5373 0.5098 0.3176
v 10.375 0.625 32.809 0.5373 0.5098 0.3176
v 10.625 0.625 32.811 0.5373 0.5098 0.3176
v 10.875 0.625 32.806 0.5373 0.5098 0.3176
v 11.125 0.625 32.804 0.5373 0.5098 0.3176
v 11.375 0.625 32.804 0.5373 0.5098 0.3176
v 11.625 0.625 32.803 0.5373 0.5098 0.3176
v 11.875 0.625 32.789 0.5373 0.5098 0.3176
v 12.125 0.625 32.784 0.5373 0.5098 0.3176
v 12.375 0.625 32.781 0.5373 0.5098 0.3176
v -12.375 0.875 33.214 0.5373 0.5098 0.3176
v -12.125 0.875 33.214 0.5373 0.5098 0.3176
v -11.875 0.875 33.126 0.5373 0.5098 0.3176
v -11.625 0.875 33.156 0.5373 0.5098 0.3176
v -11.375 0.875 33.112 0.5373 0.5098 0.3176
v -11.125 0.875 33.174 0.5373 0.5098 0.3176
v -10.875 0.875 33.245 0.5373 0.5098 0.3176
v -10.625 0.875 33.245 0.5373 0.5098 0.3176
v -10.375 0.875 33.345 0.5373 0.5098 0.3176
v -10.125 0.875 33.336 0.5373 0.5098 0.3176
v -9.875 0.875 33.336 0.5373 0.5098 0.3176
v -9.625 0.875 33.106 0.5373 0.5098 0.3176
v -9.375 0.875 33.165 0.5373 0.5098 0.3176
v -9.125 0.875 33.174 0.5373 0.5098 0.3176
v -8.875 0.875 33.174 0.5373 0.5098 0.3176
v -8.625 0.875 33.187 0.5373 0.5098 0.3176
v -8.375 0.875 33.095 0.5373 0.5098 0.3176
v -8.125 0.875 33.165 0.5373 0.5098 0.3176
v -7.875 0.875 33.144 0.5373 0.5098 0.3176
v -7.625 0.875 33.110 0.5373 0.5098 0.3176
v -7.375 0.875 33.110 0.5373 0.5098 0.3176
v -7.125 0.875 33.092 0.5373 0.5098 0.3176
v -6.875 0.875 33.092 0.5373 0.5098 0.3176
v -6.625 0.875 33.083 0.5373 0.5098 0.3176
v -6.375 0.875 33.083 0.5373 0.5098 0.3176
v -6.125 0.875 33.114 0.5373 0.5098 0.3176
v -5.875 0.875 33.109 0.5373 0.5098 0.3176
v -5.625 0.875 33.109 0.5373 0.5098 0.3176
v -5.375 0.875 33.095 0.5373 0.5098 0.3176
v -5.125 0.875 33.114 0.5373 0.5098 0.3176
v -4.875 0.875 33.132 0.5373 0.5098 0.3176
v -4.625 0.875 33.141 0.5373 0.5098 0.3176
v -4.375 0.875 33.141 0.5373 0.5098 0.3176
v -4.125 0.875 33.127 0.5373 0.5098 0.3176
v -3.875 0.875 33.110 0.5373 0.5098 0.3176
v -3.625 0.875 33.101 0.5373 0.5098 0.3176
v -3.375 0.875 33.076 0.5373 0.5098 0.3176
v -3.125 0.875 33.034 0.5373 0.5098 0.3176
v -2.875 0.875 33.034 0.5373 0.5098 0.3176
v -2.625 0.875 33.016 0.5373 0.5098 0.3176
v -2.375 0.875 33.016 0.5373 0.5098 0.3176
v -2.125 0.875 32.986 0.5373 0.5098 0.3176
v -1.875 0.875 33.019 0.5373 0.5098 0.3176
v -1.625 0.875 33.003 0.5373 0.5098 0.3176
v -1.375 0.875 33.003 0.5373 0.5098 0.3176
v -1.125 0.875 32.957 0.5373 0.5098 0.3176
v -0.875 0.875 32.961 0.5373 0.5098 0.3176
v -0.625 0.875 32.961 0.5373 0.5098 0.3176
v -0.375 0.875 32.961 0.5373 0.5098 0.3176
v -0.125 0.875 32.961 0.5373 0.5098 0.3176
v 0.125 0.875 32.961 0.5373 0.5098 0.3176
v 0.375 0.875 33.135 0.5373 0.5098 0.3176
v 0.625 0.875 33.107 0.5373 0.5098 0.3176
v 0.875 0.875 32.943 0.5373 0.5098 0.3176
v 1.125 0.875 32.943 0.5373 0.5098 0.3176
v 1.375 0.875 32.943 0.5373 0.5098 0.3176
v 1.625 0.875 32.952 0.5373 0.5098 0.3176
v 1.875 0.875 32.973 0.5373 0.5098 0.3176
v 2.125 0.875 32.989 0.5373 0.5098 0.3176
v 2.375 0.875 32.989 0.5373 0.5098 0.3176
v 2.625 0.875 32.992 0.5373 0.5098 0.3176
v 2.875 0.875 32.992 0.5373 0.5098 0.3176
v 3.125 0.875 33.031 0.5373 0.5098 0.3176
v 3.375 0.875 33.019 0.5373 0.5098 0.3176
v 3.625 0.875 33.019 0.5373 0.5098 0.3176
v 3.875 0.875 32.954 0.5373 0.5098 0.3176
v 4.125 0.875 32.894 0.5373 0.5098 0.3176
v 4.375 0.875 32.894 0.5373 0.5098 0.3176
v 4.625 0.875 32.876 0.5373 0.5098 0.3176
v 4.875 0.875 32.876 0.5373 0.5098 0.3176
v 5.125 0.875 32.867 0.5373 0.5098 0.3176
v 5.375 0.875 32.871 0.5373 0.5098 0.3176
v 5.625 0.875 32.871 0.5373 0.5098 0.3176
v 5.875 0.875 32.803 0.5373 0.5098 0.3176
v 6.125 0.875 32.824 0.5373 0.5098 0.3176
v 6.375 0.875 32.787 0.5373 0.5098 0.3176
v 6.625 0.875 32.787 0.5373 0.5098 0.3176
v 6.875 0.875 32.797 0.5373 0.5098 0.3176
v 7.125 0.875 32.815 0.5373 0.5098 0.3176
v 7.375 0.875 32.850 0.5373 0.5098 0.3176
v 7.625 0.875 32.876 0.5373 0.5098 0.3176
v 7.875 0.875 32.911 0.5373 0.5098 0.3176
v 8.125 0.875 32.905 0.5373 0.5098 0.3176
v 8.375 0.875 32.856 0.5373 0.5098 0.3176
v 8.625 0.875 32.845 0.5373 0.5098 0.3176
v 8.875 0.875 32.815 0.5373 0.5098 0.3176
v 9.125 0.875 32.824 0.5373 0.5098 0.3176
v 9.375 0.875 32.797 0.5373 0.5098 0.3176
v 9.625 0.875 32.797 0.5373 0.5098 0.3176
v 9.875 0.875 32.797 0.5373 0.5098 0.3176
v 10.125 0.875 32.797 0.5373 0.5098 0.3176
v 10.375 0.875 32.797 0.5373 0.5098 0.3176
v 10.625 0.875 32.797 0.5373 0.5098 0.3176
v 10.875 0.875 32.801 0.5373 0.5098 0.3176
v 11.125 0.875 32.801 0.5373 0.5098 0.3176
v 11.375 0.875 32.784 0.5373 0.5098 0.3176
v 11.625 0.875 32.807 0.5373 0.5098 0.3176
v 11.875 0.875 32.809 0.5373 0.5098 0.3176
v 12.125 0.875 32.775 0.5373 0.5098 0.3176
v 12.375 0.875 32.763 0.5373 0.5098 0.3176
v -12.375 1.125 33.086 0.5373 0.5098 0.3176
v -12.125 1.125 33.143 0.5373 0.5098 0.3176
v -11.875 1.125 33.124 0.5373 0.5098 0.3176
v -11.625 1.125 33.126 0.5373 0.5098 0.3176
v -11.375 1.125 33.112 0.5373 0.5098 0.3176
v -11.125 1.125 33.117 0.5373 0.5098 0.3176
v -10.875 1.125 33.126 0.5373 0.5098 0.3176
v -10.625 1.125 33.126 0.5373 0.5098 0.3176
v -10.375 1.125 33.165 0.5373 0.5098 0.3176
v -10.125 1.125 33.156 0.5373 0.5098 0.3176
v -9.875 1.125 33.156 0.5373 0.5098 0.3176
v -9.625 1.125 33.106 0.5373 0.5098 0.3176
v -9.375 1.125 33.114 0.5373 0.5098 0.3176
v -9.125 1.125 33.127 0.5373 0.5098 0.3176
v -8.875 1.125 33.132 0.5373 0.5098 0.3176
v -8.625 1.125 33.115 0.5373 0.5098 0.3176
v -8.375 1.125 33.095 0.5373 0.5098 0.3176
v -8.125 1.125 33.095 0.5373 0.5098 0.3176
v -7.875 1.125 33.106 0.5373 0.5098 0.3176
v -7.625 1.125 33.083 0.5373 0.5098 0.3176
v -7.375 1.125 33.056 0.5373 0.5098 0.3176
v -7.125 1.125 33.080 0.5373 0.5098 0.3176
v -6.875 1.125 33.080 0.5373 0.5098 0.3176
v -6.625 1.125 33.080 0.5373 0.5098 0.3176
v -6.375 1.125 33.080 0.5373 0.5098 0.3176
v -6.125 1.125 33.080 0.5373 0.5098 0.3176
v -5.875 1.125 33.109 0.5373 0.5098 0.3176
v -5.625 1.125 33.056 0.5373 0.5098 0.3176
v -5.375 1.125 33.065 0.5373 0.5098 0.3176
v -5.125 1.125 33.065 0.5373 0.5098 0.3176
v -4.875 1.125 33.075 0.5373 0.5098 0.3176
v -4.625 1.125 33.095 0.5373 0.5098 0.3176
v -4.375 1.125 33.086 0.5373 0.5098 0.3176
v -4.125 1.125 33.074 0.5373 0.5098 0.3176
v -3.875 1.125 33.074 0.5373 0.5098 0.3176
v -3.625 1.125 33.101 0.5373 0.5098 0.3176
v -3.375 1.125 33.076 0.5373 0.5098 0.3176
v -3.125 1.125 33.034 0.5373 0.5098 0.3176
v -2.875 1.125 32.964 0.5373 0.5098 0.3176
v -2.625 1.125 33.016 0.5373 0.5098 0.3176
v -2.375 1.125 33.025 0.5373 0.5098 0.3176
v -2.125 1.125 32.986 0.5373 0.5098 0.3176
v -1.875 1.125 32.986 0.5373 0.5098 0.3176
v -1.625 1.125 32.976 0.5373 0.5098 0.3176
v -1.375 1.125 32.976 0.5373 0.5098 0.3176
v -1.125 1.125 32.986 0.5373 0.5098 0.3176
v -0.875 1.125 32.986 0.5373 0.5098 0.3176
v -0.625 1.125 32.961 0.5373 0.5098 0.3176
v -0.375 1.125 32.961 0.5373 0.5098 0.3176
v -0.125 1.125 32.915 0.5373 0.5098 0.3176
v 0.125 1.125 32.915 0.5373 0.5098 0.3176
v 0.375 1.125 32.943 0.5373 0.5098 0.3176
v 0.625 1.125 32.943 0.5373 0.5098 0.3176
v 0.875 1.125 32.943 0.5373 0.5098 0.3176
v 1.125 1.125 32.943 0.5373 0.5098 0.3176
v 1.375 1.125 32.943 0.5373 0.5098 0.3176
v 1.625 1.125 32.986 0.5373 0.5098 0.3176
v 1.875 1.125 32.986 0.5373 0.5098 0.3176
v 2.125 1.125 32.986 0.5373 0.5098 0.3176
v 2.375 1.125 33.011 0.5373 0.5098 0.3176
v 2.625 1.125 33.056 0.5373 0.5098 0.3176
v 2.875 1.125 33.056 0.5373 0.5098 0.3176
v 3.125 1.125 33.031 0.5373 0.5098 0.3176
v 3.375 1.125 33.019 0.5373 0.5098 0.3176
v 3.625 1.125 33.019 0.5373 0.5098 0.3176
v 3.875 1.125 32.954 0.5373 0.5098 0.3176
v 4.125 1.125 32.894 0.5373 0.5098 0.3176
v 4.375 1.125 32.806 0.5373 0.5098 0.3176
v 4.625 1.125 32.876 0.5373 0.5098 0.3176
v 4.875 1.125 32.813 0.5373 0.5098 0.3176
v 5.125 1.125 32.839 0.5373 0.5098 0.3176
v 5.375 1.125 32.870 0.5373 0.5098 0.3176
v 5.625 1.125 32.827 0.5373 0.5098 0.3176
v 5.875 1.125 32.827 0.5373 0.5098 0.3176
v 6.125 1.125 32.804 0.5373 0.5098 0.3176
v 6.375 1.125 32.787 0.5373 0.5098 0.3176
v 6.625 1.125 32.787 0.5373 0.5098 0.3176
v 6.875 1.125 32.778 0.5373 0.5098 0.3176
v 7.125 1.125 32.809 0.5373 0.5098 0.3176
v 7.375 1.125 32.809 0.5373 0.5098 0.3176
v 7.625 1.125 32.876 0.5373 0.5098 0.3176
v 7.875 1.125 32.911 0.5373 0.5098 0.3176
v 8.125 1.125 32.905 0.5373 0.5098 0.3176
v 8.375 1.125 32.856 0.5373 0.5098 0.3176
v 8.625 1.125 32.813 0.5373 0.5098 0.3176
v 8.875 1.125 32.824 0.5373 0.5098 0.3176
v 9.125 1.125 32.824 0.5373 0.5098 0.3176
v 9.375 1.125 32.808 0.5373 0.5098 0.3176
v 9.625 1.125 32.806 0.5373 0.5098 0.3176
v 9.875 1.125 32.790 0.5373 0.5098 0.3176
v 10.125 1.125 32.790 0.5373 0.5098 0.3176
v 10.375 1.125 32.790 0.5373 0.5098 0.3176
v 10.625 1.125 32.787 0.5373 0.5098 0.3176
v 10.875 1.125 32.781 0.5373 0.5098 0.3176
v 11.125 1.125 32.781 0.5373 0.5098 0.3176
v 11.375 1.125 32.790 0.5373 0.5098 0.3176
v 11.625 1.125 32.790 0.5373 0.5098 0.3176
v 11.875 1.125 32.780 0.5373 0.5098 0.3176
v 12.125 1.125 32.798 0.5373 0.5098 0.3176
v 12.375 1.125 32.798 0.5373 0.5098 0.3176
v -12.375 1.375 33.086 0.5373 0.5098 0.3176
v -12.125 1.375 33.095 0.5373 0.5098 0.3176
v -11.875 1.375 33.086 0.5373 0.5098 0.3176
v -11.625 1.375 33.075 0.5373 0.5098 0.3176
v -11.375 1.375 33.095 0.5373 0.5098 0.3176
v -11.125 1.375 33.065 0.5373 0.5098 0.3176
v -10.875 1.375 33.065 0.5373 0.5098 0.3176
v -10.625 1.375 33.025 0.5373 0.5098 0.3176
v -10.375 1.375 33.144 0.5373 0.5098 0.3176
v -10.125 1.375 33.144 0.5373 0.5098 0.3176
v -9.875 1.375 33.060 0.5373 0.5098 0.3176
v -9.625 1.375 33.106 0.5373 0.5098 0.3176
v -9.375 1.375 33.114 0.5373 0.5098 0.3176
v -9.125 1.375 33.127 0.5373 0.5098 0.3176
v -8.875 1.375 33.132 0.5373 0.5098 0.3176
v -8.625 1.375 33.115 0.5373 0.5098 0.3176
v -8.375 1.375 33.095 0.5373 0.5098 0.3176
v -8.125 1.375 33.036 0.5373 0.5098 0.3176
v -7.875 1.375 33.106 0.5373 0.5098 0.3176
v -7.625 1.375 33.083 0.5373 0.5098 0.3176
v -7.375 1.375 33.056 0.5373 0.5098 0.3176
v -7.125 1.375 33.080 0.5373 0.5098 0.3176
v -6.875 1.375 33.065 0.5373 0.5098 0.3176
v -6.625 1.375 33.065 0.5373 0.5098 0.3176
v -6.375 1.375 33.025 0.5373 0.5098 0.3176
v -6.125 1.375 33.086 0.5373 0.5098 0.3176
v -5.875 1.375 33.016 0.5373 0.5098 0.3176
v -5.625 1.375 33.016 0.5373 0.5098 0.3176
v -5.375 1.375 33.065 0.5373 0.5098 0.3176
v -5.125 1.375 32.995 0.5373 0.5098 0.3176
v -4.875 1.375 33.056 0.5373 0.5098 0.3176
v -4.625 1.375 33.065 0.5373 0.5098 0.3176
v -4.375 1.375 33.065 0.5373 0.5098 0.3176
v -4.125 1.375 33.034 0.5373 0.5098 0.3176
v -3.875 1.375 33.034 0.5373 0.5098 0.3176
v -3.625 1.375 33.069 0.5373 0.5098 0.3176
v -3.375 1.375 33.056 0.5373 0.5098 0.3176
v -3.125 1.375 33.007 0.5373 0.5098 0.3176
v -2.875 1.375 32.964 0.5373 0.5098 0.3176
v -2.625 1.375 32.964 0.5373 0.5098 0.3176
v -2.375 1.375 32.986 0.5373 0.5098 0.3176
v -2.125 1.375 32.946 0.5373 0.5098 0.3176
v -1.875 1.375 32.946 0.5373 0.5098 0.3176
v -1.625 1.375 32.964 0.5373 0.5098 0.3176
v -1.375 1.375 32.958 0.5373 0.5098 0.3176
v -1.125 1.375 32.958 0.5373 0.5098 0.3176
v -0.875 1.375 32.958 0.5373 0.5098 0.3176
v -0.625 1.375 32.958 0.5373 0.5098 0.3176
v -0.375 1.375 32.915 0.5373 0.5098 0.3176
v -0.125 1.375 32.915 0.5373 0.5098 0.3176
v 0.125 1.375 32.894 0.5373 0.5098 0.3176
v 0.375 1.375 32.894 0.5373 0.5098 0.3176
v 0.625 1.375 32.946 0.5373 0.5098 0.3176
v 0.875 1.375 32.943 0.5373 0.5098 0.3176
v 1.125 1.375 32.906 0.5373 0.5098 0.3176
v 1.375 1.375 32.906 0.5373 0.5098 0.3176
v 1.625 1.375 32.906 0.5373 0.5098 0.3176
v 1.875 1.375 32.949 0.5373 0.5098 0.3176
v 2.125 1.375 32.961 0.5373 0.5098 0.3176
v 2.375 1.375 33.031 0.5373 0.5098 0.3176
v 2.625 1.375 33.080 0.5373 0.5098 0.3176
v 2.875 1.375 33.080 0.5373 0.5098 0.3176
v 3.125 1.375 33.080 0.5373 0.5098 0.3176
v 3.375 1.375 33.019 0.5373 0.5098 0.3176
v 3.625 1.375 32.836 0.5373 0.5098 0.3176
v 3.875 1.375 32.836 0.5373 0.5098 0.3176
v 4.125 1.375 32.836 0.5373 0.5098 0.3176
v 4.375 1.375 32.806 0.5373 0.5098 0.3176
v 4.625 1.375 32.815 0.5373 0.5098 0.3176
v 4.875 1.375 32.813 0.5373 0.5098 0.3176
v 5.125 1.375 32.830 0.5373 0.5098 0.3176
v 5.375 1.375 32.793 0.5373 0.5098 0.3176
v 5.625 1.375 32.804 0.5373 0.5098 0.3176
v 5.875 1.375 32.803 0.5373 0.5098 0.3176
v 6.125 1.375 32.804 0.5373 0.5098 0.3176
v 6.375 1.375 32.803 0.5373 0.5098 0.3176
v 6.625 1.375 32.803 0.5373 0.5098 0.3176
v 6.875 1.375 32.786 0.5373 0.5098 0.3176
v 7.125 1.375 32.796 0.5373 0.5098 0.3176
v 7.375 1.375 32.803 0.5373 0.5098 0.3176
v 7.625 1.375 32.807 0.5373 0.5098 0.3176
v 7.875 1.375 32.821 0.5373 0.5098 0.3176
v 8.125 1.375 32.821 0.5373 0.5098 0.3176
v 8.375 1.375 32.830 0.5373 0.5098 0.3176
v 8.625 1.375 32.848 0.5373 0.5098 0.3176
v 8.875 1.375 32.854 0.5373 0.5098 0.3176
v 9.125 1.375 32.854 0.5373 0.5098 0.3176
v 9.375 1.375 32.808 0.5373 0.5098 0.3176
v 9.625 1.375 32.812 0.5373 0.5098 0.3176
v 9.875 1.375 32.812 0.5373 0.5098 0.3176
v 10.125 1.375 32.790 0.5373 0.5098 0.3176
v 10.375 1.375 32.775 0.5373 0.5098 0.3176
v 10.625 1.375 32.790 0.5373 0.5098 0.3176
v 10.875 1.375 32.790 0.5373 0.5098 0.3176
v 11.125 1.375 32.781 0.5373 0.5098 0.3176
v 11.375 1.375 32.790 0.5373 0.5098 0.3176
v 11.625 1.375 32.766 0.5373 0.5098 0.3176
v 11.875 1.375 32.766 0.5373 0.5098 0.3176
v 12.125 1.375 32.798 0.5373 0.5098 0.3176
v 12.375 1.375 32.788 0.5373 0.5098 0.3176
v -12.375 1.625 33.051 0.5373 0.5098 0.3176
v -12.125 1.625 33.051 0.5373 0.5098 0.3176
v -11.875 1.625 33.051 0.5373 0.5098 0.3176
v -11.625 1.625 33.075 0.5373 0.5098 0.3176
v -11.375 1.625 33.040 0.5373 0.5098 0.3176
v -11.125 1.625 33.040 0.5373 0.5098 0.3176
v -10.875 1.625 33.053 0.5373 0.5098 0.3176
v -10.625 1.625 33.025 0.5373 0.5098 0.3176
v -10.375 1.625 33.078 0.5373 0.5098 0.3176
v -10.125 1.625 33.034 0.5373 0.5098 0.3176
v -9.875 1.625 33.060 0.5373 0.5098 0.3176
v -9.625 1.625 33.053 0.5373 0.5098 0.3176
v -9.375 1.625 33.034 0.5373 0.5098 0.3176
v -9.125 1.625 33.065 0.5373 0.5098 0.3176
v -8.875 1.625 33.040 0.5373 0.5098 0.3176
v -8.625 1.625 33.065 0.5373 0.5098 0.3176
v -8.375 1.625 33.054 0.5373 0.5098 0.3176
v -8.125 1.625 33.036 0.5373 0.5098 0.3176
v -7.875 1.625 33.046 0.5373 0.5098 0.3176
v -7.625 1.625 33.036 0.5373 0.5098 0.3176
v -7.375 1.625 33.025 0.5373 0.5098 0.3176
v -7.125 1.625 33.033 0.5373 0.5098 0.3176
v -6.875 1.625 33.040 0.5373 0.5098 0.3176
v -6.625 1.625 33.034 0.5373 0.5098 0.3176
v -6.375 1.625 33.018 0.5373 0.5098 0.3176
v -6.125 1.625 33.018 0.5373 0.5098 0.3176
v -5.875 1.625 33.013 0.5373 0.5098 0.3176
v -5.625 1.625 33.016 0.5373 0.5098 0.3176
v -5.375 1.625 33.016 0.5373 0.5098 0.3176
v -5.125 1.625 32.995 0.5373 0.5098 0.3176
v -4.875 1.625 32.995 0.5373 0.5098 0.3176
v -4.625 1.625 33.034 0.5373 0.5098 0.3176
v -4.375 1.625 33.016 0.5373 0.5098 0.3176
v -4.125 1.625 33.016 0.5373 0.5098 0.3176
v -3.875 1.625 33.036 0.5373 0.5098 0.3176
v -3.625 1.625 33.036 0.5373 0.5098 0.3176
v -3.375 1.625 33.038 0.5373 0.5098 0.3176
v -3.125 1.625 32.955 0.5373 0.5098 0.3176
v -2.875 1.625 32.955 0.5373 0.5098 0.3176
v -2.625 1.625 32.955 0.5373 0.5098 0.3176
v -2.375 1.625 32.946 0.5373 0.5098 0.3176
v -2.125 1.625 32.925 0.5373 0.5098 0.3176
v -1.875 1.625 32.935 0.5373 0.5098 0.3176
v -1.625 1.625 32.935 0.5373 0.5098 0.3176
v -1.375 1.625 32.938 0.5373 0.5098 0.3176
v -1.125 1.625 32.906 0.5373 0.5098 0.3176
v -0.875 1.625 32.952 0.5373 0.5098 0.3176
v -0.625 1.625 32.915 0.5373 0.5098 0.3176
v -0.375 1.625 32.915 0.5373 0.5098 0.3176
v -0.125 1.625 32.894 0.5373 0.5098 0.3176
v 0.125 1.625 32.894 0.5373 0.5098 0.3176
v 0.375 1.625 32.894 0.5373 0.5098 0.3176
v 0.625 1.625 32.946 0.5373 0.5098 0.3176
v 0.875 1.625 32.946 0.5373 0.5098 0.3176
v 1.125 1.625 32.925 0.5373 0.5098 0.3176
v 1.375 1.625 32.925 0.5373 0.5098 0.3176
v 1.625 1.625 32.906 0.5373 0.5098 0.3176
v 1.875 1.625 32.946 0.5373 0.5098 0.3176
v 2.125 1.625 32.946 0.5373 0.5098 0.3176
v 2.375 1.625 33.065 0.5373 0.5098 0.3176
v 2.625 1.625 33.086 0.5373 0.5098 0.3176
v 2.875 1.625 33.086 0.5373 0.5098 0.3176
v 3.125 1.625 32.995 0.5373 0.5098 0.3176
v 3.375 1.625 32.876 0.5373 0.5098 0.3176
v 3.625 1.625 32.876 0.5373 0.5098 0.3176
v 3.875 1.625 32.836 0.5373 0.5098 0.3176
v 4.125 1.625 32.784 0.5373 0.5098 0.3176
v 4.375 1.625 32.806 0.5373 0.5098 0.3176
v 4.625 1.625 32.824 0.5373 0.5098 0.3176
v 4.875 1.625 32.824 0.5373 0.5098 0.3176
v 5.125 1.625 32.830 0.5373 0.5098 0.3176
v 5.375 1.625 32.793 0.5373 0.5098 0.3176
v 5.625 1.625 32.815 0.5373 0.5098 0.3176
v 5.875 1.625 32.815 0.5373 0.5098 0.3176
v 6.125 1.625 32.804 0.5373 0.5098 0.3176
v 6.375 1.625 32.803 0.5373 0.5098 0.3176
v 6.625 1.625 32.803 0.5373 0.5098 0.3176
v 6.875 1.625 32.786 0.5373 0.5098 0.3176
v 7.125 1.625 32.796 0.5373 0.5098 0.3176
v 7.375 1.625 32.803 0.5373 0.5098 0.3176
v 7.625 1.625 32.807 0.5373 0.5098 0.3176
v 7.875 1.625 32.821 0.5373 0.5098 0.3176
v 8.125 1.625 32.918 0.5373 0.5098 0.3176
v 8.375 1.625 32.918 0.5373 0.5098 0.3176
v 8.625 1.625 32.897 0.5373 0.5098 0.3176
v 8.875 1.625 32.897 0.5373 0.5098 0.3176
v 9.125 1.625 32.827 0.5373 0.5098 0.3176
v 9.375 1.625 32.827 0.5373 0.5098 0.3176
v 9.625 1.625 32.784 0.5373 0.5098 0.3176
v 9.875 1.625 32.784 0.5373 0.5098 0.3176
v 10.125 1.625 32.784 0.5373 0.5098 0.3176
v 10.375 1.625 32.775 0.5373 0.5098 0.3176
v 10.625 1.625 32.784 0.5373 0.5098 0.3176
v 10.875 1.625 32.784 0.5373 0.5098 0.3176
v 11.125 1.625 32.784 0.5373 0.5098 0.3176
v 11.375 1.625 32.797 0.5373 0.5098 0.3176
v 11.625 1.625 32.784 0.5373 0.5098 0.3176
v 11.875 1.625 32.784 0.5373 0.5098 0.3176
v 12.125 1.625 32.784 0.5373 0.5098 0.3176
v 12.375 1.625 32.788 0.5373 0.5098 0.3176
v -12.375 1.875 33.022 0.5373 0.5098 0.3176
v -12.125 1.875 33.025 0.5373 0.5098 0.3176
v -11.875 1.875 33.020 0.5373 0.5098 0.3176
v -11.625 1.875 33.025 0.5373 0.5098 0.3176
v -11.375 1.875 33.032 0.5373 0.5098 0.3176
v -11.125 1.875 33.028 0.5373 0.5098 0.3176
v -10.875 1.875 33.007 0.5373 0.5098 0.3176
v -10.625 1.875 32.998 0.5373 0.5098 0.3176
v -10.375 1.875 32.998 0.5373 0.5098 0.3176
v -10.125 1.875 33.013 0.5373 0.5098 0.3176
v -9.875 1.875 33.013 0.5373 0.5098 0.3176
v -9.625 1.875 33.016 0.5373 0.5098 0.3176
v -9.375 1.875 33.036 0.5373 0.5098 0.3176
v -9.125 1.875 33.021 0.5373 0.5098 0.3176
v -8.875 1.875 33.028 0.5373 0.5098 0.3176
v -8.625 1.875 33.025 0.5373 0.5098 0.3176
v -8.375 1.875 33.036 0.5373 0.5098 0.3176
v -8.125 1.875 33.025 0.5373 0.5098 0.3176
v -7.875 1.875 33.025 0.5373 0.5098 0.3176
v -7.625 1.875 32.995 0.5373 0.5098 0.3176
v -7.375 1.875 32.995 0.5373 0.5098 0.3176
v -7.125 1.875 33.007 0.5373 0.5098 0.3176
v -6.875 1.875 33.007 0.5373 0.5098 0.3176
v -6.625 1.875 33.007 0.5373 0.5098 0.3176
v -6.375 1.875 33.007 0.5373 0.5098 0.3176
v -6.125 1.875 32.964 0.5373 0.5098 0.3176
v -5.875 1.875 32.964 0.5373 0.5098 0.3176
v -5.625 1.875 32.976 0.5373 0.5098 0.3176
v -5.375 1.875 32.976 0.5373 0.5098 0.3176
v -5.125 1.875 32.955 0.5373 0.5098 0.3176
v -4.875 1.875 32.937 0.5373 0.5098 0.3176
v -4.625 1.875 32.986 0.5373 0.5098 0.3176
v -4.375 1.875 32.995 0.5373 0.5098 0.3176
v -4.125 1.875 32.986 0.5373 0.5098 0.3176
v -3.875 1.875 32.976 0.5373 0.5098 0.3176
v -3.625 1.875 33.021 0.5373 0.5098 0.3176
v -3.375 1.875 33.021 0.5373 0.5098 0.3176
v -3.125 1.875 32.955 0.5373 0.5098 0.3176
v -2.875 1.875 32.915 0.5373 0.5098 0.3176
v -2.625 1.875 32.955 0.5373 0.5098 0.3176
v -2.375 1.875 32.946 0.5373 0.5098 0.3176
v -2.125 1.875 32.937 0.5373 0.5098 0.3176
v -1.875 1.875 32.915 0.5373 0.5098 0.3176
v -1.625 1.875 32.906 0.5373 0.5098 0.3176
v -1.375 1.875 32.885 0.5373 0.5098 0.3176
v -1.125 1.875 32.885 0.5373 0.5098 0.3176
v -0.875 1.875 32.896 0.5373 0.5098 0.3176
v -0.625 1.875 32.891 0.5373 0.5098 0.3176
v -0.375 1.875 32.894 0.5373 0.5098 0.3176
v -0.125 1.875 32.894 0.5373 0.5098 0.3176
v 0.125 1.875 32.894 0.5373 0.5098 0.3176
v 0.375 1.875 32.894 0.5373 0.5098 0.3176
v 0.625 1.875 32.946 0.5373 0.5098 0.3176
v 0.875 1.875 32.946 0.5373 0.5098 0.3176
v 1.125 1.875 32.946 0.5373 0.5098 0.3176
v 1.375 1.875 32.925 0.5373 0.5098 0.3176
v 1.625 1.875 32.925 0.5373 0.5098 0.3176
v 1.875 1.875 32.925 0.5373 0.5098 0.3176
v 2.125 1.875 32.925 0.5373 0.5098 0.3176
v 2.375 1.875 33.065 0.5373 0.5098 0.3176
v 2.625 1.875 33.095 0.5373 0.5098 0.3176
v 2.875 1.875 33.089 0.5373 0.5098 0.3176
v 3.125 1.875 32.995 0.5373 0.5098 0.3176
v 3.375 1.875 32.876 0.5373 0.5098 0.3176
v 3.625 1.875 32.876 0.5373 0.5098 0.3176
v 3.875 1.875 32.815 0.5373 0.5098 0.3176
v 4.125 1.875 32.784 0.5373 0.5098 0.3176
v 4.375 1.875 32.784 0.5373 0.5098 0.3176
v 4.625 1.875 32.806 0.5373 0.5098 0.3176
v 4.875 1.875 32.797 0.5373 0.5098 0.3176
v 5.125 1.875 32.797 0.5373 0.5098 0.3176
v 5.375 1.875 32.784 0.5373 0.5098 0.3176
v 5.625 1.875 32.803 0.5373 0.5098 0.3176
v 5.875 1.875 32.806 0.5373 0.5098 0.3176
v 6.125 1.875 32.797 0.5373 0.5098 0.3176
v 6.375 1.875 32.812 0.5373 0.5098 0.3176
v 6.625 1.875 32.784 0.5373 0.5098 0.3176
v 6.875 1.875 32.784 0.5373 0.5098 0.3176
v 7.125 1.875 32.790 0.5373 0.5098 0.3176
v 7.375 1.875 32.830 0.5373 0.5098 0.3176
v 7.625 1.875 32.830 0.5373 0.5098 0.3176
v 7.875 1.875 32.918 0.5373 0.5098 0.3176
v 8.125 1.875 32.918 0.5373 0.5098 0.3176
v 8.375 1.875 32.918 0.5373 0.5098 0.3176
v 8.625 1.875 32.897 0.5373 0.5098 0.3176
v 8.875 1.875 32.897 0.5373 0.5098 0.3176
v 9.125 1.875 32.827 0.5373 0.5098 0.3176
v 9.375 1.875 32.827 0.5373 0.5098 0.3176
v 9.625 1.875 32.839 0.5373 0.5098 0.3176
v 9.875 1.875 32.797 0.5373 0.5098 0.3176
v 10.125 1.875 32.800 0.5373 0.5098 0.3176
v 10.375 1.875 32.787 0.5373 0.5098 0.3176
v 10.625 1.875 32.804 0.5373 0.5098 0.3176
v 10.875 1.875 32.804 0.5373 0.5098 0.3176
v 11.125 1.875 32.804 0.5373 0.5098 0.3176
v 11.375 1.875 32.804 0.5373 0.5098 0.3176
v 11.625 1.875 32.812 0.5373 0.5098 0.3176
v 11.875 1.875 32.793 0.5373 0.5098 0.3176
v 12.125 1.875 32.793 0.5373 0.5098 0.3176
v 12.375 1.875 32.803 0.5373 0.5098 0.3176
v -12.375 2.125 33.022 0.5373 0.5098 0.3176
v -12.125 2.125 33.025 0.5373 0.5098 0.3176
v -11.875 2.125 33.020 0.5373 0.5098 0.3176
v -11.625 2.125 33.007 0.5373 0.5098 0.3176
v -11.375 2.125 33.007 0.5373 0.5098 0.3176
v -11.125 2.125 32.995 0.5373 0.5098 0.3176
v -10.875 2.125 32.946 0.5373 0.5098 0.3176
v -10.625 2.125 32.946 0.5373 0.5098 0.3176
v -10.375 2.125 33.016 0.5373 0.5098 0.3176
v -10.125 2.125 32.986 0.5373 0.5098 0.3176
v -9.875 2.125 32.976 0.5373 0.5098 0.3176
v -9.625 2.125 32.976 0.5373 0.5098 0.3176
v -9.375 2.125 33.010 0.5373 0.5098 0.3176
v -9.125 2.125 33.010 0.5373 0.5098 0.3176
v -8.875 2.125 33.028 0.5373 0.5098 0.3176
v -8.625 2.125 33.016 0.5373 0.5098 0.3176
v -8.375 2.125 33.007 0.5373 0.5098 0.3176
v -8.125 2.125 32.986 0.5373 0.5098 0.3176
v -7.875 2.125 32.995 0.5373 0.5098 0.3176
v -7.625 2.125 32.995 0.5373 0.5098 0.3176
v -7.375 2.125 32.946 0.5373 0.5098 0.3176
v -7.125 2.125 32.964 0.5373 0.5098 0.3176
v -6.875 2.125 32.964 0.5373 0.5098 0.3176
v -6.625 2.125 32.894 0.5373 0.5098 0.3176
v -6.375 2.125 32.954 0.5373 0.5098 0.3176
v -6.125 2.125 32.954 0.5373 0.5098 0.3176
v -5.875 2.125 32.943 0.5373 0.5098 0.3176
v -5.625 2.125 32.943 0.5373 0.5098 0.3176
v -5.375 2.125 32.976 0.5373 0.5098 0.3176
v -5.125 2.125 32.955 0.5373 0.5098 0.3176
v -4.875 2.125 32.937 0.5373 0.5098 0.3176
v -4.625 2.125 32.955 0.5373 0.5098 0.3176
v -4.375 2.125 32.964 0.5373 0.5098 0.3176
v -4.125 2.125 32.966 0.5373 0.5098 0.3176
v -3.875 2.125 32.966 0.5373 0.5098 0.3176
v -3.625 2.125 32.993 0.5373 0.5098 0.3176
v -3.375 2.125 32.955 0.5373 0.5098 0.3176
v -3.125 2.125 32.955 0.5373 0.5098 0.3176
v -2.875 2.125 32.915 0.5373 0.5098 0.3176
v -2.625 2.125 32.906 0.5373 0.5098 0.3176
v -2.375 2.125 32.894 0.5373 0.5098 0.3176
v -2.125 2.125 32.944 0.5373 0.5098 0.3176
v -1.875 2.125 32.944 0.5373 0.5098 0.3176
v -1.625 2.125 32.894 0.5373 0.5098 0.3176
v -1.375 2.125 32.885 0.5373 0.5098 0.3176
v -1.125 2.125 32.885 0.5373 0.5098 0.3176
v -0.875 2.125 32.865 0.5373 0.5098 0.3176
v -0.625 2.125 32.867 0.5373 0.5098 0.3176
v -0.375 2.125 32.891 0.5373 0.5098 0.3176
v -0.125 2.125 32.891 0.5373 0.5098 0.3176
v 0.125 2.125 32.891 0.5373 0.5098 0.3176
v 0.375 2.125 32.891 0.5373 0.5098 0.3176
v 0.625 2.125 32.946 0.5373 0.5098 0.3176
v 0.875 2.125 32.946 0.5373 0.5098 0.3176
v 1.125 2.125 32.946 0.5373 0.5098 0.3176
v 1.375 2.125 32.894 0.5373 0.5098 0.3176
v 1.625 2.125 32.894 0.5373 0.5098 0.3176
v 1.875 2.125 32.973 0.5373 0.5098 0.3176
v 2.125 2.125 33.071 0.5373 0.5098 0.3176
v 2.375 2.125 33.071 0.5373 0.5098 0.3176
v 2.625 2.125 33.102 0.5373 0.5098 0.3176
v 2.875 2.125 33.086 0.5373 0.5098 0.3176
v 3.125 2.125 33.086 0.5373 0.5098 0.3176
v 3.375 2.125 32.830 0.5373 0.5098 0.3176
v 3.625 2.125 32.830 0.5373 0.5098 0.3176
v 3.875 2.125 32.790 0.5373 0.5098 0.3176
v 4.125 2.125 32.780 0.5373 0.5098 0.3176
v 4.375 2.125 32.780 0.5373 0.5098 0.3176
v 4.625 2.125 32.797 0.5373 0.5098 0.3176
v 4.875 2.125 32.797 0.5373 0.5098 0.3176
v 5.125 2.125 32.784 0.5373 0.5098 0.3176
v 5.375 2.125 32.821 0.5373 0.5098 0.3176
v 5.625 2.125 32.798 0.5373 0.5098 0.3176
v 5.875 2.125 32.784 0.5373 0.5098 0.3176
v 6.125 2.125 32.789 0.5373 0.5098 0.3176
v 6.375 2.125 32.775 0.5373 0.5098 0.3176
v 6.625 2.125 32.780 0.5373 0.5098 0.3176
v 6.875 2.125 32.798 0.5373 0.5098 0.3176
v 7.125 2.125 32.810 0.5373 0.5098 0.3176
v 7.375 2.125 32.864 0.5373 0.5098 0.3176
v 7.625 2.125 32.864 0.5373 0.5098 0.3176
v 7.875 2.125 32.864 0.5373 0.5098 0.3176
v 8.125 2.125 32.876 0.5373 0.5098 0.3176
v 8.375 2.125 32.876 0.5373 0.5098 0.3176
v 8.625 2.125 32.915 0.5373 0.5098 0.3176
v 8.875 2.125 32.915 0.5373 0.5098 0.3176
v 9.125 2.125 32.867 0.5373 0.5098 0.3176
v 9.375 2.125 32.867 0.5373 0.5098 0.3176
v 9.625 2.125 32.815 0.5373 0.5098 0.3176
v 9.875 2.125 32.804 0.5373 0.5098 0.3176
v 10.125 2.125 32.800 0.5373 0.5098 0.3176
v 10.375 2.125 32.804 0.5373 0.5098 0.3176
v 10.625 2.125 32.803 0.5373 0.5098 0.3176
v 10.875 2.125 32.815 0.5373 0.5098 0.3176
v 11.125 2.125 32.806 0.5373 0.5098 0.3176
v 11.375 2.125 32.807 0.5373 0.5098 0.3176
v 11.625 2.125 32.807 0.5373 0.5098 0.3176
v 11.875 2.125 32.807 0.5373 0.5098 0.3176
v 12.125 2.125 32.798 0.5373 0.5098 0.3176
v 12.375 2.125 32.803 0.5373 0.5098 0.3176
v -12.375 2.375 32.952 0.5373 0.5098 0.3176
v -12.125 2.375 32.961 0.5373 0.5098 0.3176
v -11.875 2.375 32.961 0.5373 0.5098 0.3176
v -11.625 2.375 32.961 0.5373 0.5098 0.3176
v -11.375 2.375 32.970 0.5373 0.5098 0.3176
v -11.125 2.375 32.970 0.5373 0.5098 0.3176
v -10.875 2.375 32.970 0.5373 0.5098 0.3176
v -10.625 2.375 32.982 0.5373 0.5098 0.3176
v -10.375 2.375 32.964 0.5373 0.5098 0.3176
v -10.125 2.375 32.967 0.5373 0.5098 0.3176
v -9.875 2.375 32.964 0.5373 0.5098 0.3176
v -9.625 2.375 32.966 0.5373 0.5098 0.3176
v -9.375 2.375 32.966 0.5373 0.5098 0.3176
v -9.125 2.375 32.976 0.5373 0.5098 0.3176
v -8.875 2.375 32.984 0.5373 0.5098 0.3176
v -8.625 2.375 32.958 0.5373 0.5098 0.3176
v -8.375 2.375 33.001 0.5373 0.5098 0.3176
v -8.125 2.375 32.946 0.5373 0.5098 0.3176
v -7.875 2.375 32.981 0.5373 0.5098 0.3176
v -7.625 2.375 32.970 0.5373 0.5098 0.3176
v -7.375 2.375 32.944 0.5373 0.5098 0.3176
v -7.125 2.375 32.943 0.5373 0.5098 0.3176
v -6.875 2.375 32.946 0.5373 0.5098 0.3176
v -6.625 2.375 32.931 0.5373 0.5098 0.3176
v -6.375 2.375 32.906 0.5373 0.5098 0.3176
v -6.125 2.375 32.910 0.5373 0.5098 0.3176
v -5.875 2.375 32.925 0.5373 0.5098 0.3176
v -5.625 2.375 32.918 0.5373 0.5098 0.3176
v -5.375 2.375 32.918 0.5373 0.5098 0.3176
v -5.125 2.375 32.876 0.5373 0.5098 0.3176
v -4.875 2.375 32.876 0.5373 0.5098 0.3176
v -4.625 2.375 32.955 0.5373 0.5098 0.3176
v -4.375 2.375 32.970 0.5373 0.5098 0.3176
v -4.125 2.375 32.970 0.5373 0.5098 0.3176
v -3.875 2.375 32.970 0.5373 0.5098 0.3176
v -3.625 2.375 32.970 0.5373 0.5098 0.3176
v -3.375 2.375 32.970 0.5373 0.5098 0.3176
v -3.125 2.375 32.894 0.5373 0.5098 0.3176
v -2.875 2.375 32.885 0.5373 0.5098 0.3176
v -2.625 2.375 32.885 0.5373 0.5098 0.3176
v -2.375 2.375 32.906 0.5373 0.5098 0.3176
v -2.125 2.375 32.906 0.5373 0.5098 0.3176
v -1.875 2.375 32.928 0.5373 0.5098 0.3176
v -1.625 2.375 32.918 0.5373 0.5098 0.3176
v -1.375 2.375 32.906 0.5373 0.5098 0.3176
v -1.125 2.375 32.899 0.5373 0.5098 0.3176
v -0.875 2.375 32.899 0.5373 0.5098 0.3176
v -0.625 2.375 32.867 0.5373 0.5098 0.3176
v -0.375 2.375 32.882 0.5373 0.5098 0.3176
v -0.125 2.375 32.882 0.5373 0.5098 0.3176
v 0.125 2.375 32.882 0.5373 0.5098 0.3176
v 0.375 2.375 32.851 0.5373 0.5098 0.3176
v 0.625 2.375 32.839 0.5373 0.5098 0.3176
v 0.875 2.375 32.946 0.5373 0.5098 0.3176
v 1.125 2.375 32.946 0.5373 0.5098 0.3176
v 1.375 2.375 32.894 0.5373 0.5098 0.3176
v 1.625 2.375 32.943 0.5373 0.5098 0.3176
v 1.875 2.375 32.973 0.5373 0.5098 0.3176
v 2.125 2.375 33.071 0.5373 0.5098 0.3176
v 2.375 2.375 32.964 0.5373 0.5098 0.3176
v 2.625 2.375 32.964 0.5373 0.5098 0.3176
v 2.875 2.375 32.964 0.5373 0.5098 0.3176
v 3.125 2.375 33.086 0.5373 0.5098 0.3176
v 3.375 2.375 32.830 0.5373 0.5098 0.3176
v 3.625 2.375 32.830 0.5373 0.5098 0.3176
v 3.875 2.375 32.790 0.5373 0.5098 0.3176
v 4.125 2.375 32.780 0.5373 0.5098 0.3176
v 4.375 2.375 32.810 0.5373 0.5098 0.3176
v 4.625 2.375 32.810 0.5373 0.5098 0.3176
v 4.875 2.375 32.826 0.5373 0.5098 0.3176
v 5.125 2.375 32.826 0.5373 0.5098 0.3176
v 5.375 2.375 32.806 0.5373 0.5098 0.3176
v 5.625 2.375 32.810 0.5373 0.5098 0.3176
v 5.875 2.375 32.810 0.5373 0.5098 0.3176
v 6.125 2.375 32.801 0.5373 0.5098 0.3176
v 6.375 2.375 32.797 0.5373 0.5098 0.3176
v 6.625 2.375 32.797 0.5373 0.5098 0.3176
v 6.875 2.375 32.797 0.5373 0.5098 0.3176
v 7.125 2.375 32.797 0.5373 0.5098 0.3176
v 7.375 2.375 32.864 0.5373 0.5098 0.3176
v 7.625 2.375 32.864 0.5373 0.5098 0.3176
v 7.875 2.375 32.897 0.5373 0.5098 0.3176
v 8.125 2.375 32.897 0.5373 0.5098 0.3176
v 8.375 2.375 32.876 0.5373 0.5098 0.3176
v 8.625 2.375 32.915 0.5373 0.5098 0.3176
v 8.875 2.375 32.915 0.5373 0.5098 0.3176
v 9.125 2.375 32.925 0.5373 0.5098 0.3176
v 9.375 2.375 32.867 0.5373 0.5098 0.3176
v 9.625 2.375 32.815 0.5373 0.5098 0.3176
v 9.875 2.375 32.815 0.5373 0.5098 0.3176
v 10.125 2.375 32.815 0.5373 0.5098 0.3176
v 10.375 2.375 32.806 0.5373 0.5098 0.3176
v 10.625 2.375 32.806 0.5373 0.5098 0.3176
v 10.875 2.375 32.824 0.5373 0.5098 0.3176
v 11.125 2.375 32.824 0.5373 0.5098 0.3176
v 11.375 2.375 32.815 0.5373 0.5098 0.3176
v 11.625 2.375 32.809 0.5373 0.5098 0.3176
v 11.875 2.375 32.806 0.5373 0.5098 0.3176
v 12.125 2.375 32.806 0.5373 0.5098 0.3176
v 12.375 2.375 32.809 0.5373 0.5098 0.3176
v -12.375 2.625 32.938 0.5373 0.5098 0.3176
v -12.125 2.625 32.917 0.5373 0.5098 0.3176
v -11.875 2.625 32.929 0.5373 0.5098 0.3176
v -11.625 2.625 32.932 0.5373 0.5098 0.3176
v -11.375 2.625 32.925 0.5373 0.5098 0.3176
v -11.125 2.625 32.923 0.5373 0.5098 0.3176
v -10.875 2.625 32.952 0.5373 0.5098 0.3176
v -10.625 2.625 32.925 0.5373 0.5098 0.3176
v -10.375 2.625 32.937 0.5373 0.5098 0.3176
v -10.125 2.625 32.925 0.5373 0.5098 0.3176
v -9.875 2.625 32.952 0.5373 0.5098 0.3176
v -9.625 2.625 32.946 0.5373 0.5098 0.3176
v -9.375 2.625 32.955 0.5373 0.5098 0.3176
v -9.125 2.625 32.955 0.5373 0.5098 0.3176
v -8.875 2.625 32.946 0.5373 0.5098 0.3176
v -8.625 2.625 32.935 0.5373 0.5098 0.3176
v -8.375 2.625 32.920 0.5373 0.5098 0.3176
v -8.125 2.625 32.915 0.5373 0.5098 0.3176
v -7.875 2.625 32.925 0.5373 0.5098 0.3176
v -7.625 2.625 32.915 0.5373 0.5098 0.3176
v -7.375 2.625 32.915 0.5373 0.5098 0.3176
v -7.125 2.625 32.909 0.5373 0.5098 0.3176
v -6.875 2.625 32.906 0.5373 0.5098 0.3176
v -6.625 2.625 32.876 0.5373 0.5098 0.3176
v -6.375 2.625 32.876 0.5373 0.5098 0.3176
v -6.125 2.625 32.910 0.5373 0.5098 0.3176
v -5.875 2.625 32.876 0.5373 0.5098 0.3176
v -5.625 2.625 32.876 0.5373 0.5098 0.3176
v -5.375 2.625 32.867 0.5373 0.5098 0.3176
v -5.125 2.625 32.845 0.5373 0.5098 0.3176
v -4.875 2.625 32.867 0.5373 0.5098 0.3176
v -4.625 2.625 32.885 0.5373 0.5098 0.3176
v -4.375 2.625 32.894 0.5373 0.5098 0.3176
v -4.125 2.625 32.894 0.5373 0.5098 0.3176
v -3.875 2.625 32.876 0.5373 0.5098 0.3176
v -3.625 2.625 32.894 0.5373 0.5098 0.3176
v -3.375 2.625 32.894 0.5373 0.5098 0.3176
v -3.125 2.625 32.894 0.5373 0.5098 0.3176
v -2.875 2.625 32.885 0.5373 0.5098 0.3176
v -2.625 2.625 32.888 0.5373 0.5098 0.3176
v -2.375 2.625 32.906 0.5373 0.5098 0.3176
v -2.125 2.625 32.885 0.5373 0.5098 0.3176
v -1.875 2.625 32.885 0.5373 0.5098 0.3176
v -1.625 2.625 32.915 0.5373 0.5098 0.3176
v -1.375 2.625 32.885 0.5373 0.5098 0.3176
v -1.125 2.625 32.885 0.5373 0.5098 0.3176
v -0.875 2.625 32.815 0.5373 0.5098 0.3176
v -0.625 2.625 32.836 0.5373 0.5098 0.3176
v -0.375 2.625 32.885 0.5373 0.5098 0.3176
v -0.125 2.625 32.885 0.5373 0.5098 0.3176
v 0.125 2.625 32.824 0.5373 0.5098 0.3176
v 0.375 2.625 32.851 0.5373 0.5098 0.3176
v 0.625 2.625 32.839 0.5373 0.5098 0.3176
v 0.875 2.625 32.850 0.5373 0.5098 0.3176
v 1.125 2.625 32.850 0.5373 0.5098 0.3176
v 1.375 2.625 32.943 0.5373 0.5098 0.3176
v 1.625 2.625 32.943 0.5373 0.5098 0.3176
v 1.875 2.625 32.943 0.5373 0.5098 0.3176
v 2.125 2.625 32.964 0.5373 0.5098 0.3176
v 2.375 2.625 32.964 0.5373 0.5098 0.3176
v 2.625 2.625 32.964 0.5373 0.5098 0.3176
v 2.875 2.625 32.986 0.5373 0.5098 0.3176
v 3.125 2.625 32.986 0.5373 0.5098 0.3176
v 3.375 2.625 32.876 0.5373 0.5098 0.3176
v 3.625 2.625 32.806 0.5373 0.5098 0.3176
v 3.875 2.625 32.818 0.5373 0.5098 0.3176
v 4.125 2.625 32.842 0.5373 0.5098 0.3176
v 4.375 2.625 32.842 0.5373 0.5098 0.3176
v 4.625 2.625 32.842 0.5373 0.5098 0.3176
v 4.875 2.625 32.842 0.5373 0.5098 0.3176
v 5.125 2.625 32.842 0.5373 0.5098 0.3176
v 5.375 2.625 32.822 0.5373 0.5098 0.3176
v 5.625 2.625 32.824 0.5373 0.5098 0.3176
v 5.875 2.625 32.821 0.5373 0.5098 0.3176
v 6.125 2.625 32.809 0.5373 0.5098 0.3176
v 6.375 2.625 32.797 0.5373 0.5098 0.3176
v 6.625 2.625 32.804 0.5373 0.5098 0.3176
v 6.875 2.625 32.809 0.5373 0.5098 0.3176
v 7.125 2.625 32.804 0.5373 0.5098 0.3176
v 7.375 2.625 32.847 0.5373 0.5098 0.3176
v 7.625 2.625 32.847 0.5373 0.5098 0.3176
v 7.875 2.625 32.880 0.5373 0.5098 0.3176
v 8.125 2.625 32.897 0.5373 0.5098 0.3176
v 8.375 2.625 32.897 0.5373 0.5098 0.3176
v 8.625 2.625 32.896 0.5373 0.5098 0.3176
v 8.875 2.625 32.941 0.5373 0.5098 0.3176
v 9.125 2.625 32.925 0.5373 0.5098 0.3176
v 9.375 2.625 32.925 0.5373 0.5098 0.3176
v 9.625 2.625 32.815 0.5373 0.5098 0.3176
v 9.875 2.625 32.818 0.5373 0.5098 0.3176
v 10.125 2.625 32.812 0.5373 0.5098 0.3176
v 10.375 2.625 32.813 0.5373 0.5098 0.3176
v 10.625 2.625 32.809 0.5373 0.5098 0.3176
v 10.875 2.625 32.815 0.5373 0.5098 0.3176
v 11.125 2.625 32.819 0.5373 0.5098 0.3176
v 11.375 2.625 32.818 0.5373 0.5098 0.3176
v 11.625 2.625 32.818 0.5373 0.5098 0.3176
v 11.875 2.625 32.809 0.5373 0.5098 0.3176
v 12.125 2.625 32.809 0.5373 0.5098 0.3176
v 12.375 2.625 32.809 0.5373 0.5098 0.3176
v -12.375 2.875 32.906 0.5373 0.5098 0.3176
v -12.125 2.875 32.906 0.5373 0.5098 0.3176
v -11.875 2.875 32.906 0.5373 0.5098 0.3176
v -11.625 2.875 32.903 0.5373 0.5098 0.3176
v -11.375 2.875 32.883 0.5373 0.5098 0.3176
v -11.125 2.875 32.883 0.5373 0.5098 0.3176
v -10.875 2.875 32.883 0.5373 0.5098 0.3176
v -10.625 2.875 32.888 0.5373 0.5098 0.3176
v -10.375 2.875 32.903 0.5373 0.5098 0.3176
v -10.125 2.875 32.903 0.5373 0.5098 0.3176
v -9.875 2.875 32.903 0.5373 0.5098 0.3176
v -9.625 2.875 32.903 0.5373 0.5098 0.3176
v -9.375 2.875 32.906 0.5373 0.5098 0.3176
v -9.125 2.875 32.918 0.5373 0.5098 0.3176
v -8.875 2.875 32.918 0.5373 0.5098 0.3176
v -8.625 2.875 32.893 0.5373 0.5098 0.3176
v -8.375 2.875 32.893 0.5373 0.5098 0.3176
v -8.125 2.875 32.885 0.5373 0.5098 0.3176
v -7.875 2.875 32.885 0.5373 0.5098 0.3176
v -7.625 2.875 32.915 0.5373 0.5098 0.3176
v -7.375 2.875 32.876 0.5373 0.5098 0.3176
v -7.125 2.875 32.891 0.5373 0.5098 0.3176
v -6.875 2.875 32.885 0.5373 0.5098 0.3176
v -6.625 2.875 32.879 0.5373 0.5098 0.3176
v -6.375 2.875 32.867 0.5373 0.5098 0.3176
v -6.125 2.875 32.861 0.5373 0.5098 0.3176
v -5.875 2.875 32.864 0.5373 0.5098 0.3176
v -5.625 2.875 32.836 0.5373 0.5098 0.3176
v -5.375 2.875 32.873 0.5373 0.5098 0.3176
v -5.125 2.875 32.873 0.5373 0.5098 0.3176
v -4.875 2.875 32.854 0.5373 0.5098 0.3176
v -4.625 2.875 32.874 0.5373 0.5098 0.3176
v -4.375 2.875 32.874 0.5373 0.5098 0.3176
v -4.125 2.875 32.870 0.5373 0.5098 0.3176
v -3.875 2.875 32.876 0.5373 0.5098 0.3176
v -3.625 2.875 32.893 0.5373 0.5098 0.3176
v -3.375 2.875 32.904 0.5373 0.5098 0.3176
v -3.125 2.875 32.885 0.5373 0.5098 0.3176
v -2.875 2.875 32.845 0.5373 0.5098 0.3176
v -2.625 2.875 32.888 0.5373 0.5098 0.3176
v -2.375 2.875 32.888 0.5373 0.5098 0.3176
v -2.125 2.875 32.882 0.5373 0.5098 0.3176
v -1.875 2.875 32.882 0.5373 0.5098 0.3176
v -1.625 2.875 32.858 0.5373 0.5098 0.3176
v -1.375 2.875 32.824 0.5373 0.5098 0.3176
v -1.125 2.875 32.824 0.5373 0.5098 0.3176
v -0.875 2.875 32.815 0.5373 0.5098 0.3176
v -0.625 2.875 32.830 0.5373 0.5098 0.3176
v -0.375 2.875 32.830 0.5373 0.5098 0.3176
v -0.125 2.875 32.848 0.5373 0.5098 0.3176
v 0.125 2.875 32.824 0.5373 0.5098 0.3176
v 0.375 2.875 32.851 0.5373 0.5098 0.3176
v 0.625 2.875 32.839 0.5373 0.5098 0.3176
v 0.875 2.875 32.850 0.5373 0.5098 0.3176
v 1.125 2.875 32.850 0.5373 0.5098 0.3176
v 1.375 2.875 32.876 0.5373 0.5098 0.3176
v 1.625 2.875 32.943 0.5373 0.5098 0.3176
v 1.875 2.875 32.943 0.5373 0.5098 0.3176
v 2.125 2.875 32.964 0.5373 0.5098 0.3176
v 2.375 2.875 32.964 0.5373 0.5098 0.3176
v 2.625 2.875 32.964 0.5373 0.5098 0.3176
v 2.875 2.875 32.986 0.5373 0.5098 0.3176
v 3.125 2.875 32.876 0.5373 0.5098 0.3176
v 3.375 2.875 32.876 0.5373 0.5098 0.3176
v 3.625 2.875 32.806 0.5373 0.5098 0.3176
v 3.875 2.875 32.818 0.5373 0.5098 0.3176
v 4.125 2.875 32.810 0.5373 0.5098 0.3176
v 4.375 2.875 32.814 0.5373 0.5098 0.3176
v 4.625 2.875 32.806 0.5373 0.5098 0.3176
v 4.875 2.875 32.839 0.5373 0.5098 0.3176
v 5.125 2.875 32.816 0.5373 0.5098 0.3176
v 5.375 2.875 32.815 0.5373 0.5098 0.3176
v 5.625 2.875 32.807 0.5373 0.5098 0.3176
v 5.875 2.875 32.807 0.5373 0.5098 0.3176
v 6.125 2.875 32.797 0.5373 0.5098 0.3176
v 6.375 2.875 32.806 0.5373 0.5098 0.3176
v 6.625 2.875 32.797 0.5373 0.5098 0.3176
v 6.875 2.875 32.797 0.5373 0.5098 0.3176
v 7.125 2.875 32.819 0.5373 0.5098 0.3176
v 7.375 2.875 32.850 0.5373 0.5098 0.3176
v 7.625 2.875 32.850 0.5373 0.5098 0.3176
v 7.875 2.875 32.880 0.5373 0.5098 0.3176
v 8.125 2.875 32.880 0.5373 0.5098 0.3176
v 8.375 2.875 32.845 0.5373 0.5098 0.3176
v 8.625 2.875 32.845 0.5373 0.5098 0.3176
v 8.875 2.875 32.876 0.5373 0.5098 0.3176
v 9.125 2.875 32.876 0.5373 0.5098 0.3176
v 9.375 2.875 32.925 0.5373 0.5098 0.3176
v 9.625 2.875 32.815 0.5373 0.5098 0.3176
v 9.875 2.875 32.818 0.5373 0.5098 0.3176
v 10.125 2.875 32.797 0.5373 0.5098 0.3176
v 10.375 2.875 32.797 0.5373 0.5098 0.3176
v 10.625 2.875 32.797 0.5373 0.5098 0.3176
v 10.875 2.875 32.806 0.5373 0.5098 0.3176
v 11.125 2.875 32.806 0.5373 0.5098 0.3176
v 11.375 2.875 32.806 0.5373 0.5098 0.3176
v 11.625 2.875 32.806 0.5373 0.5098 0.3176
v 11.875 2.875 32.806 0.5373 0.5098 0.3176
v 12.125 2.875 32.815 0.5373 0.5098 0.3176
v 12.375 2.875 32.806 0.5373 0.5098 0.3176
v -12.375 3.125 32.824 0.5373 0.5098 0.3176
v -12.125 3.125 32.859 0.5373 0.5098 0.3176
v -11.875 3.125 32.852 0.5373 0.5098 0.3176
v -11.625 3.125 32.866 0.5373 0.5098 0.3176
v -11.375 3.125 32.815 0.5373 0.5098 0.3176
v -11.125 3.125 32.830 0.5373 0.5098 0.3176
v -10.875 3.125 32.873 0.5373 0.5098 0.3176
v -10.625 3.125 32.839 0.5373 0.5098 0.3176
v -10.375 3.125 32.901 0.5373 0.5098 0.3176
v -10.125 3.125 32.873 0.5373 0.5098 0.3176
v -9.875 3.125 32.881 0.5373 0.5098 0.3176
v -9.625 3.125 32.912 0.5373 0.5098 0.3176
v -9.375 3.125 32.888 0.5373 0.5098 0.3176
v -9.125 3.125 32.888 0.5373 0.5098 0.3176
v -8.875 3.125 32.903 0.5373 0.5098 0.3176
v -8.625 3.125 32.854 0.5373 0.5098 0.3176
v -8.375 3.125 32.842 0.5373 0.5098 0.3176
v -8.125 3.125 32.842 0.5373 0.5098 0.3176
v -7.875 3.125 32.854 0.5373 0.5098 0.3176
v -7.625 3.125 32.854 0.5373 0.5098 0.3176
v -7.375 3.125 32.854 0.5373 0.5098 0.3176
v -7.125 3.125 32.854 0.5373 0.5098 0.3176
v -6.875 3.125 32.873 0.5373 0.5098 0.3176
v -6.625 3.125 32.847 0.5373 0.5098 0.3176
v -6.375 3.125 32.854 0.5373 0.5098 0.3176
v -6.125 3.125 32.827 0.5373 0.5098 0.3176
v -5.875 3.125 32.836 0.5373 0.5098 0.3176
v -5.625 3.125 32.832 0.5373 0.5098 0.3176
v -5.375 3.125 32.824 0.5373 0.5098 0.3176
v -5.125 3.125 32.824 0.5373 0.5098 0.3176
v -4.875 3.125 32.815 0.5373 0.5098 0.3176
v -4.625 3.125 32.815 0.5373 0.5098 0.3176
v -4.375 3.125 32.832 0.5373 0.5098 0.3176
v -4.125 3.125 32.877 0.5373 0.5098 0.3176
v -3.875 3.125 32.877 0.5373 0.5098 0.3176
v -3.625 3.125 32.893 0.5373 0.5098 0.3176
v -3.375 3.125 32.904 0.5373 0.5098 0.3176
v -3.125 3.125 32.836 0.5373 0.5098 0.3176
v -2.875 3.125 32.845 0.5373 0.5098 0.3176
v -2.625 3.125 32.824 0.5373 0.5098 0.3176
v -2.375 3.125 32.836 0.5373 0.5098 0.3176
v -2.125 3.125 32.861 0.5373 0.5098 0.3176
v -1.875 3.125 32.876 0.5373 0.5098 0.3176
v -1.625 3.125 32.871 0.5373 0.5098 0.3176
v -1.375 3.125 32.815 0.5373 0.5098 0.3176
v -1.125 3.125 32.815 0.5373 0.5098 0.3176
v -0.875 3.125 32.806 0.5373 0.5098 0.3176
v -0.625 3.125 32.806 0.5373 0.5098 0.3176
v -0.375 3.125 32.806 0.5373 0.5098 0.3176
v -0.125 3.125 32.815 0.5373 0.5098 0.3176
v 0.125 3.125 32.815 0.5373 0.5098 0.3176
v 0.375 3.125 32.815 0.5373 0.5098 0.3176
v 0.625 3.125 32.815 0.5373 0.5098 0.3176
v 0.875 3.125 32.850 0.5373 0.5098 0.3176
v 1.125 3.125 32.876 0.5373 0.5098 0.3176
v 1.375 3.125 32.876 0.5373 0.5098 0.3176
v 1.625 3.125 32.876 0.5373 0.5098 0.3176
v 1.875 3.125 32.943 0.5373 0.5098 0.3176
v 2.125 3.125 32.964 0.5373 0.5098 0.3176
v 2.375 3.125 32.964 0.5373 0.5098 0.3176
v 2.625 3.125 32.876 0.5373 0.5098 0.3176
v 2.875 3.125 32.876 0.5373 0.5098 0.3176
v 3.125 3.125 32.876 0.5373 0.5098 0.3176
v 3.375 3.125 32.876 0.5373 0.5098 0.3176
v 3.625 3.125 32.815 0.5373 0.5098 0.3176
v 3.875 3.125 32.806 0.5373 0.5098 0.3176
v 4.125 3.125 32.806 0.5373 0.5098 0.3176
v 4.375 3.125 32.815 0.5373 0.5098 0.3176
v 4.625 3.125 32.806 0.5373 0.5098 0.3176
v 4.875 3.125 32.806 0.5373 0.5098 0.3176
v 5.125 3.125 32.826 0.5373 0.5098 0.3176
v 5.375 3.125 32.826 0.5373 0.5098 0.3176
v 5.625 3.125 32.825 0.5373 0.5098 0.3176
v 5.875 3.125 32.824 0.5373 0.5098 0.3176
v 6.125 3.125 32.806 0.5373 0.5098 0.3176
v 6.375 3.125 32.806 0.5373 0.5098 0.3176
v 6.625 3.125 32.806 0.5373 0.5098 0.3176
v 6.875 3.125 32.797 0.5373 0.5098 0.3176
v 7.125 3.125 32.819 0.5373 0.5098 0.3176
v 7.375 3.125 32.850 0.5373 0.5098 0.3176
v 7.625 3.125 32.833 0.5373 0.5098 0.3176
v 7.875 3.125 32.880 0.5373 0.5098 0.3176
v 8.125 3.125 32.836 0.5373 0.5098 0.3176
v 8.375 3.125 32.824 0.5373 0.5098 0.3176
v 8.625 3.125 32.824 0.5373 0.5098 0.3176
v 8.875 3.125 32.845 0.5373 0.5098 0.3176
v 9.125 3.125 32.824 0.5373 0.5098 0.3176
v 9.375 3.125 32.824 0.5373 0.5098 0.3176
v 9.625 3.125 32.819 0.5373 0.5098 0.3176
v 9.875 3.125 32.810 0.5373 0.5098 0.3176
v 10.125 3.125 32.806 0.5373 0.5098 0.3176
v 10.375 3.125 32.806 0.5373 0.5098 0.3176
v 10.625 3.125 32.818 0.5373 0.5098 0.3176
v 10.875 3.125 32.822 0.5373 0.5098 0.3176
v 11.125 3.125 32.822 0.5373 0.5098 0.3176
v 11.375 3.125 32.818 0.5373 0.5098 0.3176
v 11.625 3.125 32.806 0.5373 0.5098 0.3176
v 11.875 3.125 32.830 0.5373 0.5098 0.3176
v 12.125 3.125 32.814 0.5373 0.5098 0.3176
v 12.375 3.125 32.815 0.5373 0.5098 0.3176
v -12.375 3.375 32.795 0.5373 0.5098 0.3176
v -12.125 3.375 32.815 0.5373 0.5098 0.3176
v -11.875 3.375 32.806 0.5373 0.5098 0.3176
v -11.625 3.375 32.821 0.5373 0.5098 0.3176
v -11.375 3.375 32.821 0.5373 0.5098 0.3176
v -11.125 3.375 32.806 0.5373 0.5098 0.3176
v -10.875 3.375 32.830 0.5373 0.5098 0.3176
v -10.625 3.375 32.830 0.5373 0.5098 0.3176
v -10.375 3.375 32.854 0.5373 0.5098 0.3176
v -10.125 3.375 32.854 0.5373 0.5098 0.3176
v -9.875 3.375 32.854 0.5373 0.5098 0.3176
v -9.625 3.375 32.854 0.5373 0.5098 0.3176
v -9.375 3.375 32.876 0.5373 0.5098 0.3176
v -9.125 3.375 32.882 0.5373 0.5098 0.3176
v -8.875 3.375 32.850 0.5373 0.5098 0.3176
v -8.625 3.375 32.845 0.5373 0.5098 0.3176
v -8.375 3.375 32.821 0.5373 0.5098 0.3176
v -8.125 3.375 32.833 0.5373 0.5098 0.3176
v -7.875 3.375 32.806 0.5373 0.5098 0.3176
v -7.625 3.375 32.815 0.5373 0.5098 0.3176
v -7.375 3.375 32.803 0.5373 0.5098 0.3176
v -7.125 3.375 32.813 0.5373 0.5098 0.3176
v -6.875 3.375 32.824 0.5373 0.5098 0.3176
v -6.625 3.375 32.806 0.5373 0.5098 0.3176
v -6.375 3.375 32.806 0.5373 0.5098 0.3176
v -6.125 3.375 32.815 0.5373 0.5098 0.3176
v -5.875 3.375 32.845 0.5373 0.5098 0.3176
v -5.625 3.375 32.845 0.5373 0.5098 0.3176
v -5.375 3.375 32.824 0.5373 0.5098 0.3176
v -5.125 3.375 32.784 0.5373 0.5098 0.3176
v -4.875 3.375 32.784 0.5373 0.5098 0.3176
v -4.625 3.375 32.775 0.5373 0.5098 0.3176
v -4.375 3.375 32.775 0.5373 0.5098 0.3176
v -4.125 3.375 32.804 0.5373 0.5098 0.3176
v -3.875 3.375 32.867 0.5373 0.5098 0.3176
v -3.625 3.375 32.854 0.5373 0.5098 0.3176
v -3.375 3.375 32.819 0.5373 0.5098 0.3176
v -3.125 3.375 32.824 0.5373 0.5098 0.3176
v -2.875 3.375 32.824 0.5373 0.5098 0.3176
v -2.625 3.375 32.824 0.5373 0.5098 0.3176
v -2.375 3.375 32.836 0.5373 0.5098 0.3176
v -2.125 3.375 32.845 0.5373 0.5098 0.3176
v -1.875 3.375 32.856 0.5373 0.5098 0.3176
v -1.625 3.375 32.856 0.5373 0.5098 0.3176
v -1.375 3.375 32.797 0.5373 0.5098 0.3176
v -1.125 3.375 32.795 0.5373 0.5098 0.3176
v -0.875 3.375 32.775 0.5373 0.5098 0.3176
v -0.625 3.375 32.806 0.5373 0.5098 0.3176
v -0.375 3.375 32.784 0.5373 0.5098 0.3176
v -0.125 3.375 32.806 0.5373 0.5098 0.3176
v 0.125 3.375 32.806 0.5373 0.5098 0.3176
v 0.375 3.375 32.784 0.5373 0.5098 0.3176
v 0.625 3.375 32.813 0.5373 0.5098 0.3176
v 0.875 3.375 32.813 0.5373 0.5098 0.3176
v 1.125 3.375 32.842 0.5373 0.5098 0.3176
v 1.375 3.375 32.842 0.5373 0.5098 0.3176
v 1.625 3.375 32.842 0.5373 0.5098 0.3176
v 1.875 3.375 32.842 0.5373 0.5098 0.3176
v 2.125 3.375 32.821 0.5373 0.5098 0.3176
v 2.375 3.375 32.964 0.5373 0.5098 0.3176
v 2.625 3.375 32.876 0.5373 0.5098 0.3176
v 2.875 3.375 32.876 0.5373 0.5098 0.3176
v 3.125 3.375 32.876 0.5373 0.5098 0.3176
v 3.375 3.375 32.824 0.5373 0.5098 0.3176
v 3.625 3.375 32.806 0.5373 0.5098 0.3176
v 3.875 3.375 32.806 0.5373 0.5098 0.3176
v 4.125 3.375 32.819 0.5373 0.5098 0.3176
v 4.375 3.375 32.821 0.5373 0.5098 0.3176
v 4.625 3.375 32.821 0.5373 0.5098 0.3176
v 4.875 3.375 32.836 0.5373 0.5098 0.3176
v 5.125 3.375 32.836 0.5373 0.5098 0.3176
v 5.375 3.375 32.821 0.5373 0.5098 0.3176
v 5.625 3.375 32.821 0.5373 0.5098 0.3176
v 5.875 3.375 32.816 0.5373 0.5098 0.3176
v 6.125 3.375 32.813 0.5373 0.5098 0.3176
v 6.375 3.375 32.813 0.5373 0.5098 0.3176
v 6.625 3.375 32.818 0.5373 0.5098 0.3176
v 6.875 3.375 32.812 0.5373 0.5098 0.3176
v 7.125 3.375 32.821 0.5373 0.5098 0.3176
v 7.375 3.375 32.818 0.5373 0.5098 0.3176
v 7.625 3.375 32.833 0.5373 0.5098 0.3176
v 7.875 3.375 32.821 0.5373 0.5098 0.3176
v 8.125 3.375 32.821 0.5373 0.5098 0.3176
v 8.375 3.375 32.830 0.5373 0.5098 0.3176
v 8.625 3.375 32.830 0.5373 0.5098 0.3176
v 8.875 3.375 32.830 0.5373 0.5098 0.3176
v 9.125 3.375 32.822 0.5373 0.5098 0.3176
v 9.375 3.375 32.821 0.5373 0.5098 0.3176
v 9.625 3.375 32.820 0.5373 0.5098 0.3176
v 9.875 3.375 32.815 0.5373 0.5098 0.3176
v 10.125 3.375 32.819 0.5373 0.5098 0.3176
v 10.375 3.375 32.822 0.5373 0.5098 0.3176
v 10.625 3.375 32.815 0.5373 0.5098 0.3176
v 10.875 3.375 32.827 0.5373 0.5098 0.3176
v 11.125 3.375 32.815 0.5373 0.5098 0.3176
v 11.375 3.375 32.822 0.5373 0.5098 0.3176
v 11.625 3.375 32.822 0.5373 0.5098 0.3176
v 11.875 3.375 32.815 0.5373 0.5098 0.3176
v 12.125 3.375 32.821 0.5373 0.5098 0.3176
v 12.375 3.375 32.824 0.5373 0.5098 0.3176
v -12.375 3.625 32.795 0.5373 0.5098 0.3176
v -12.125 3.625 32.815 0.5373 0.5098 0.3176
v -11.875 3.625 32.806 0.5373 0.5098 0.3176
v -11.625 3.625 32.821 0.5373 0.5098 0.3176
v -11.375 3.625 32.757 0.5373 0.5098 0.3176
v -11.125 3.625 32.757 0.5373 0.5098 0.3176
v -10.875 3.625 32.830 0.5373 0.5098 0.3176
v -10.625 3.625 32.806 0.5373 0.5098 0.3176
v -10.375 3.625 32.806 0.5373 0.5098 0.3176
v -10.125 3.625 32.797 0.5373 0.5098 0.3176
v -9.875 3.625 32.810 0.5373 0.5098 0.3176
v -9.625 3.625 32.836 0.5373 0.5098 0.3176
v -9.375 3.625 32.836 0.5373 0.5098 0.3176
v -9.125 3.625 32.804 0.5373 0.5098 0.3176
v -8.875 3.625 32.824 0.5373 0.5098 0.3176
v -8.625 3.625 32.763 0.5373 0.5098 0.3176
v -8.375 3.625 32.784 0.5373 0.5098 0.3176
v -8.125 3.625 32.784 0.5373 0.5098 0.3176
v -7.875 3.625 32.772 0.5373 0.5098 0.3176
v -7.625 3.625 32.797 0.5373 0.5098 0.3176
v -7.375 3.625 32.774 0.5373 0.5098 0.3176
v -7.125 3.625 32.803 0.5373 0.5098 0.3176
v -6.875 3.625 32.792 0.5373 0.5098 0.3176
v -6.625 3.625 32.757 0.5373 0.5098 0.3176
v -6.375 3.625 32.766 0.5373 0.5098 0.3176
v -6.125 3.625 32.790 0.5373 0.5098 0.3176
v -5.875 3.625 32.772 0.5373 0.5098 0.3176
v -5.625 3.625 32.772 0.5373 0.5098 0.3176
v -5.375 3.625 32.711 0.5373 0.5098 0.3176
v -5.125 3.625 32.784 0.5373 0.5098 0.3176
v -4.875 3.625 32.784 0.5373 0.5098 0.3176
v -4.625 3.625 32.775 0.5373 0.5098 0.3176
v -4.375 3.625 32.723 0.5373 0.5098 0.3176
v -4.125 3.625 32.804 0.5373 0.5098 0.3176
v -3.875 3.625 32.802 0.5373 0.5098 0.3176
v -3.625 3.625 32.813 0.5373 0.5098 0.3176
v -3.375 3.625 32.784 0.5373 0.5098 0.3176
v -3.125 3.625 32.775 0.5373 0.5098 0.3176
v -2.875 3.625 32.806 0.5373 0.5098 0.3176
v -2.625 3.625 32.800 0.5373 0.5098 0.3176
v -2.375 3.625 32.807 0.5373 0.5098 0.3176
v -2.125 3.625 32.807 0.5373 0.5098 0.3176
v -1.875 3.625 32.790 0.5373 0.5098 0.3176
v -1.625 3.625 32.790 0.5373 0.5098 0.3176
v -1.375 3.625 32.784 0.5373 0.5098 0.3176
v -1.125 3.625 32.766 0.5373 0.5098 0.3176
v -0.875 3.625 32.766 0.5373 0.5098 0.3176
v -0.625 3.625 32.766 0.5373 0.5098 0.3176
v -0.375 3.625 32.784 0.5373 0.5098 0.3176
v -0.125 3.625 32.784 0.5373 0.5098 0.3176
v 0.125 3.625 32.797 0.5373 0.5098 0.3176
v 0.375 3.625 32.797 0.5373 0.5098 0.3176
v 0.625 3.625 32.807 0.5373 0.5098 0.3176
v 0.875 3.625 32.807 0.5373 0.5098 0.3176
v 1.125 3.625 32.844 0.5373 0.5098 0.3176
v 1.375 3.625 32.844 0.5373 0.5098 0.3176
v 1.625 3.625 32.844 0.5373 0.5098 0.3176
v 1.875 3.625 32.821 0.5373 0.5098 0.3176
v 2.125 3.625 32.821 0.5373 0.5098 0.3176
v 2.375 3.625 32.821 0.5373 0.5098 0.3176
v 2.625 3.625 32.821 0.5373 0.5098 0.3176
v 2.875 3.625 32.821 0.5373 0.5098 0.3176
v 3.125 3.625 32.824 0.5373 0.5098 0.3176
v 3.375 3.625 32.824 0.5373 0.5098 0.3176
v 3.625 3.625 32.806 0.5373 0.5098 0.3176
v 3.875 3.625 32.797 0.5373 0.5098 0.3176
v 4.125 3.625 32.815 0.5373 0.5098 0.3176
v 4.375 3.625 32.826 0.5373 0.5098 0.3176
v 4.625 3.625 32.806 0.5373 0.5098 0.3176
v 4.875 3.625 32.806 0.5373 0.5098 0.3176
v 5.125 3.625 32.815 0.5373 0.5098 0.3176
v 5.375 3.625 32.826 0.5373 0.5098 0.3176
v 5.625 3.625 32.824 0.5373 0.5098 0.3176
v 5.875 3.625 32.824 0.5373 0.5098 0.3176
v 6.125 3.625 32.806 0.5373 0.5098 0.3176
v 6.375 3.625 32.806 0.5373 0.5098 0.3176
v 6.625 3.625 32.806 0.5373 0.5098 0.3176
v 6.875 3.625 32.815 0.5373 0.5098 0.3176
v 7.125 3.625 32.826 0.5373 0.5098 0.3176
v 7.375 3.625 32.819 0.5373 0.5098 0.3176
v 7.625 3.625 32.824 0.5373 0.5098 0.3176
v 7.875 3.625 32.824 0.5373 0.5098 0.3176
v 8.125 3.625 32.821 0.5373 0.5098 0.3176
v 8.375 3.625 32.826 0.5373 0.5098 0.3176
v 8.625 3.625 32.826 0.5373 0.5098 0.3176
v 8.875 3.625 32.815 0.5373 0.5098 0.3176
v 9.125 3.625 32.830 0.5373 0.5098 0.3176
v 9.375 3.625 32.830 0.5373 0.5098 0.3176
v 9.625 3.625 32.815 0.5373 0.5098 0.3176
v 9.875 3.625 32.815 0.5373 0.5098 0.3176
v 10.125 3.625 32.824 0.5373 0.5098 0.3176
v 10.375 3.625 32.824 0.5373 0.5098 0.3176
v 10.625 3.625 32.824 0.5373 0.5098 0.3176
v 10.875 3.625 32.819 0.5373 0.5098 0.3176
v 11.125 3.625 32.819 0.5373 0.5098 0.3176
v 11.375 3.625 32.819 0.5373 0.5098 0.3176
v 11.625 3.625 32.830 0.5373 0.5098 0.3176
v 11.875 3.625 32.830 0.5373 0.5098 0.3176
v 12.125 3.625 32.836 0.5373 0.5098 0.3176
v 12.375 3.625 32.826 0.5373 0.5098 0.3176
v -12.375 3.875 32.733 0.5373 0.5098 0.3176
v -12.125 3.875 32.720 0.5373 0.5098 0.3176
v -11.875 3.875 32.711 0.5373 0.5098 0.3176
v -11.625 3.875 32.737 0.5373 0.5098 0.3176
v -11.375 3.875 32.742 0.5373 0.5098 0.3176
v -11.125 3.875 32.720 0.5373 0.5098 0.3176
v -10.875 3.875 32.720 0.5373 0.5098 0.3176
v -10.625 3.875 32.708 0.5373 0.5098 0.3176
v -10.375 3.875 32.693 0.5373 0.5098 0.3176
v -10.125 3.875 32.693 0.5373 0.5098 0.3176
v -9.875 3.875 32.734 0.5373 0.5098 0.3176
v -9.625 3.875 32.739 0.5373 0.5098 0.3176
v -9.375 3.875 32.742 0.5373 0.5098 0.3176
v -9.125 3.875 32.772 0.5373 0.5098 0.3176
v -8.875 3.875 32.772 0.5373 0.5098 0.3176
v -8.625 3.875 32.751 0.5373 0.5098 0.3176
v -8.375 3.875 32.745 0.5373 0.5098 0.3176
v -8.125 3.875 32.751 0.5373 0.5098 0.3176
v -7.875 3.875 32.728 0.5373 0.5098 0.3176
v -7.625 3.875 32.728 0.5373 0.5098 0.3176
v -7.375 3.875 32.751 0.5373 0.5098 0.3176
v -7.125 3.875 32.751 0.5373 0.5098 0.3176
v -6.875 3.875 32.792 0.5373 0.5098 0.3176
v -6.625 3.875 32.757 0.5373 0.5098 0.3176
v -6.375 3.875 32.766 0.5373 0.5098 0.3176
v -6.125 3.875 32.754 0.5373 0.5098 0.3176
v -5.875 3.875 32.723 0.5373 0.5098 0.3176
v -5.625 3.875 32.728 0.5373 0.5098 0.3176
v -5.375 3.875 32.711 0.5373 0.5098 0.3176
v -5.125 3.875 32.711 0.5373 0.5098 0.3176
v -4.875 3.875 32.711 0.5373 0.5098 0.3176
v -4.625 3.875 32.733 0.5373 0.5098 0.3176
v -4.375 3.875 32.723 0.5373 0.5098 0.3176
v -4.125 3.875 32.723 0.5373 0.5098 0.3176
v -3.875 3.875 32.802 0.5373 0.5098 0.3176
v -3.625 3.875 32.813 0.5373 0.5098 0.3176
v -3.375 3.875 32.784 0.5373 0.5098 0.3176
v -3.125 3.875 32.775 0.5373 0.5098 0.3176
v -2.875 3.875 32.806 0.5373 0.5098 0.3176
v -2.625 3.875 32.800 0.5373 0.5098 0.3176
v -2.375 3.875 32.797 0.5373 0.5098 0.3176
v -2.125 3.875 32.815 0.5373 0.5098 0.3176
v -1.875 3.875 32.815 0.5373 0.5098 0.3176
v -1.625 3.875 32.806 0.5373 0.5098 0.3176
v -1.375 3.875 32.806 0.5373 0.5098 0.3176
v -1.125 3.875 32.745 0.5373 0.5098 0.3176
v -0.875 3.875 32.766 0.5373 0.5098 0.3176
v -0.625 3.875 32.766 0.5373 0.5098 0.3176
v -0.375 3.875 32.766 0.5373 0.5098 0.3176
v -0.125 3.875 32.818 0.5373 0.5098 0.3176
v 0.125 3.875 32.797 0.5373 0.5098 0.3176
v 0.375 3.875 32.825 0.5373 0.5098 0.3176
v 0.625 3.875 32.807 0.5373 0.5098 0.3176
v 0.875 3.875 32.836 0.5373 0.5098 0.3176
v 1.125 3.875 32.836 0.5373 0.5098 0.3176
v 1.375 3.875 32.844 0.5373 0.5098 0.3176
v 1.625 3.875 32.795 0.5373 0.5098 0.3176
v 1.875 3.875 32.821 0.5373 0.5098 0.3176
v 2.125 3.875 32.821 0.5373 0.5098 0.3176
v 2.375 3.875 32.821 0.5373 0.5098 0.3176
v 2.625 3.875 32.821 0.5373 0.5098 0.3176
v 2.875 3.875 32.821 0.5373 0.5098 0.3176
v 3.125 3.875 32.824 0.5373 0.5098 0.3176
v 3.375 3.875 32.836 0.5373 0.5098 0.3176
v 3.625 3.875 32.806 0.5373 0.5098 0.3176
v 3.875 3.875 32.806 0.5373 0.5098 0.3176
v 4.125 3.875 32.815 0.5373 0.5098 0.3176
v 4.375 3.875 32.815 0.5373 0.5098 0.3176
v 4.625 3.875 32.815 0.5373 0.5098 0.3176
v 4.875 3.875 32.815 0.5373 0.5098 0.3176
v 5.125 3.875 32.815 0.5373 0.5098 0.3176
v 5.375 3.875 32.824 0.5373 0.5098 0.3176
v 5.625 3.875 32.830 0.5373 0.5098 0.3176
v 5.875 3.875 32.830 0.5373 0.5098 0.3176
v 6.125 3.875 32.836 0.5373 0.5098 0.3176
v 6.375 3.875 32.826 0.5373 0.5098 0.3176
v 6.625 3.875 32.826 0.5373 0.5098 0.3176
v 6.875 3.875 32.824 0.5373 0.5098 0.3176
v 7.125 3.875 32.824 0.5373 0.5098 0.3176
v 7.375 3.875 32.824 0.5373 0.5098 0.3176
v 7.625 3.875 32.836 0.5373 0.5098 0.3176
v 7.875 3.875 32.822 0.5373 0.5098 0.3176
v 8.125 3.875 32.822 0.5373 0.5098 0.3176
v 8.375 3.875 32.826 0.5373 0.5098 0.3176
v 8.625 3.875 32.826 0.5373 0.5098 0.3176
v 8.875 3.875 32.825 0.5373 0.5098 0.3176
v 9.125 3.875 32.826 0.5373 0.5098 0.3176
v 9.375 3.875 32.845 0.5373 0.5098 0.3176
v 9.625 3.875 32.828 0.5373 0.5098 0.3176
v 9.875 3.875 32.828 0.5373 0.5098 0.3176
v 10.125 3.875 32.812 0.5373 0.5098 0.3176
v 10.375 3.875 32.840 0.5373 0.5098 0.3176
v 10.625 3.875 32.840 0.5373 0.5098 0.3176
v 10.875 3.875 32.826 0.5373 0.5098 0.3176
v 11.125 3.875 32.836 0.5373 0.5098 0.3176
v 11.375 3.875 32.830 0.5373 0.5098 0.3176
v 11.625 3.875 32.838 0.5373 0.5098 0.3176
v 11.875 3.875 32.834 0.5373 0.5098 0.3176
v 12.125 3.875 32.836 0.5373 0.5098 0.3176
v 12.375 3.875 32.830 0.5373 0.5098 0.3176
v -12.375 4.125 32.649 0.5373 0.5098 0.3176
v -12.125 4.125 32.635 0.5373 0.5098 0.3176
v -11.875 4.125 32.635 0.5373 0.5098 0.3176
v -11.625 4.125 32.635 0.5373 0.5098 0.3176
v -11.375 4.125 32.640 0.5373 0.5098 0.3176
v -11.125 4.125 32.641 0.5373 0.5098 0.3176
v -10.875 4.125 32.644 0.5373 0.5098 0.3176
v -10.625 4.125 32.656 0.5373 0.5098 0.3176
v -10.375 4.125 32.656 0.5373 0.5098 0.3176
v -10.125 4.125 32.601 0.5373 0.5098 0.3176
v -9.875 4.125 32.734 0.5373 0.5098 0.3176
v -9.625 4.125 32.739 0.5373 0.5098 0.3176
v -9.375 4.125 32.742 0.5373 0.5098 0.3176
v -9.125 4.125 32.714 0.5373 0.5098 0.3176
v -8.875 4.125 32.665 0.5373 0.5098 0.3176
v -8.625 4.125 32.656 0.5373 0.5098 0.3176
v -8.375 4.125 32.656 0.5373 0.5098 0.3176
v -8.125 4.125 32.665 0.5373 0.5098 0.3176
v -7.875 4.125 32.665 0.5373 0.5098 0.3176
v -7.625 4.125 32.696 0.5373 0.5098 0.3176
v -7.375 4.125 32.714 0.5373 0.5098 0.3176
v -7.125 4.125 32.726 0.5373 0.5098 0.3176
v -6.875 4.125 32.726 0.5373 0.5098 0.3176
v -6.625 4.125 32.696 0.5373 0.5098 0.3176
v -6.375 4.125 32.696 0.5373 0.5098 0.3176
v -6.125 4.125 32.754 0.5373 0.5098 0.3176
v -5.875 4.125 32.723 0.5373 0.5098 0.3176
v -5.625 4.125 32.728 0.5373 0.5098 0.3176
v -5.375 4.125 32.711 0.5373 0.5098 0.3176
v -5.125 4.125 32.702 0.5373 0.5098 0.3176
v -4.875 4.125 32.711 0.5373 0.5098 0.3176
v -4.625 4.125 32.723 0.5373 0.5098 0.3176
v -4.375 4.125 32.711 0.5373 0.5098 0.3176
v -4.125 4.125 32.733 0.5373 0.5098 0.3176
v -3.875 4.125 32.733 0.5373 0.5098 0.3176
v -3.625 4.125 32.733 0.5373 0.5098 0.3176
v -3.375 4.125 32.733 0.5373 0.5098 0.3176
v -3.125 4.125 32.733 0.5373 0.5098 0.3176
v -2.875 4.125 32.733 0.5373 0.5098 0.3176
v -2.625 4.125 32.739 0.5373 0.5098 0.3176
v -2.375 4.125 32.742 0.5373 0.5098 0.3176
v -2.125 4.125 32.781 0.5373 0.5098 0.3176
v -1.875 4.125 32.781 0.5373 0.5098 0.3176
v -1.625 4.125 32.768 0.5373 0.5098 0.3176
v -1.375 4.125 32.769 0.5373 0.5098 0.3176
v -1.125 4.125 32.736 0.5373 0.5098 0.3176
v -0.875 4.125 32.736 0.5373 0.5098 0.3176
v -0.625 4.125 32.736 0.5373 0.5098 0.3176
v -0.375 4.125 32.792 0.5373 0.5098 0.3176
v -0.125 4.125 32.818 0.5373 0.5098 0.3176
v 0.125 4.125 32.812 0.5373 0.5098 0.3176
v 0.375 4.125 32.825 0.5373 0.5098 0.3176
v 0.625 4.125 32.815 0.5373 0.5098 0.3176
v 0.875 4.125 32.812 0.5373 0.5098 0.3176
v 1.125 4.125 32.830 0.5373 0.5098 0.3176
v 1.375 4.125 32.830 0.5373 0.5098 0.3176
v 1.625 4.125 32.795 0.5373 0.5098 0.3176
v 1.875 4.125 32.821 0.5373 0.5098 0.3176
v 2.125 4.125 32.821 0.5373 0.5098 0.3176
v 2.375 4.125 32.821 0.5373 0.5098 0.3176
v 2.625 4.125 32.821 0.5373 0.5098 0.3176
v 2.875 4.125 32.821 0.5373 0.5098 0.3176
v 3.125 4.125 32.824 0.5373 0.5098 0.3176
v 3.375 4.125 32.822 0.5373 0.5098 0.3176
v 3.625 4.125 32.806 0.5373 0.5098 0.3176
v 3.875 4.125 32.825 0.5373 0.5098 0.3176
v 4.125 4.125 32.821 0.5373 0.5098 0.3176
v 4.375 4.125 32.821 0.5373 0.5098 0.3176
v 4.625 4.125 32.777 0.5373 0.5098 0.3176
v 4.875 4.125 32.777 0.5373 0.5098 0.3176
v 5.125 4.125 32.742 0.5373 0.5098 0.3176
v 5.375 4.125 32.751 0.5373 0.5098 0.3176
v 5.625 4.125 32.751 0.5373 0.5098 0.3176
v 5.875 4.125 32.781 0.5373 0.5098 0.3176
v 6.125 4.125 32.781 0.5373 0.5098 0.3176
v 6.375 4.125 32.803 0.5373 0.5098 0.3176
v 6.625 4.125 32.816 0.5373 0.5098 0.3176
v 6.875 4.125 32.816 0.5373 0.5098 0.3176
v 7.125 4.125 32.816 0.5373 0.5098 0.3176
v 7.375 4.125 32.816 0.5373 0.5098 0.3176
v 7.625 4.125 32.821 0.5373 0.5098 0.3176
v 7.875 4.125 32.821 0.5373 0.5098 0.3176
v 8.125 4.125 32.822 0.5373 0.5098 0.3176
v 8.375 4.125 32.826 0.5373 0.5098 0.3176
v 8.625 4.125 32.826 0.5373 0.5098 0.3176
v 8.875 4.125 32.825 0.5373 0.5098 0.3176
v 9.125 4.125 32.826 0.5373 0.5098 0.3176
v 9.375 4.125 32.845 0.5373 0.5098 0.3176
v 9.625 4.125 32.828 0.5373 0.5098 0.3176
v 9.875 4.125 32.828 0.5373 0.5098 0.3176
v 10.125 4.125 32.812 0.5373 0.5098 0.3176
v 10.375 4.125 32.840 0.5373 0.5098 0.3176
v 10.625 4.125 32.840 0.5373 0.5098 0.3176
v 10.875 4.125 32.826 0.5373 0.5098 0.3176
v 11.125 4.125 32.836 0.5373 0.5098 0.3176
v 11.375 4.125 32.830 0.5373 0.5098 0.3176
v 11.625 4.125 32.838 0.5373 0.5098 0.3176
v 11.875 4.125 32.834 0.5373 0.5098 0.3176
v 12.125 4.125 32.836 0.5373 0.5098 0.3176
v 12.375 4.125 32.830 0.5373 0.5098 0.3176
v -12.375 4.375 32.649 0.5373 0.5098 0.3176
v -12.125 4.375 32.635 0.5373 0.5098 0.3176
v -11.875 4.375 32.627 0.5373 0.5098 0.3176
v -11.625 4.375 32.623 0.5373 0.5098 0.3176
v -11.375 4.375 32.611 0.5373 0.5098 0.3176
v -11.125 4.375 32.623 0.5373 0.5098 0.3176
v -10.875 4.375 32.613 0.5373 0.5098 0.3176
v -10.625 4.375 32.609 0.5373 0.5098 0.3176
v -10.375 4.375 32.629 0.5373 0.5098 0.3176
v -10.125 4.375 32.601 0.5373 0.5098 0.3176
v -9.875 4.375 32.627 0.5373 0.5098 0.3176
v -9.625 4.375 32.649 0.5373 0.5098 0.3176
v -9.375 4.375 32.627 0.5373 0.5098 0.3176
v -9.125 4.375 32.669 0.5373 0.5098 0.3176
v -8.875 4.375 32.662 0.5373 0.5098 0.3176
v -8.625 4.375 32.664 0.5373 0.5098 0.3176
v -8.375 4.375 32.664 0.5373 0.5098 0.3176
v -8.125 4.375 32.643 0.5373 0.5098 0.3176
v -7.875 4.375 32.657 0.5373 0.5098 0.3176
v -7.625 4.375 32.650 0.5373 0.5098 0.3176
v -7.375 4.375 32.641 0.5373 0.5098 0.3176
v -7.125 4.375 32.655 0.5373 0.5098 0.3176
v -6.875 4.375 32.694 0.5373 0.5098 0.3176
v -6.625 4.375 32.693 0.5373 0.5098 0.3176
v -6.375 4.375 32.681 0.5373 0.5098 0.3176
v -6.125 4.375 32.665 0.5373 0.5098 0.3176
v -5.875 4.375 32.665 0.5373 0.5098 0.3176
v -5.625 4.375 32.665 0.5373 0.5098 0.3176
v -5.375 4.375 32.656 0.5373 0.5098 0.3176
v -5.125 4.375 32.711 0.5373 0.5098 0.3176
v -4.875 4.375 32.720 0.5373 0.5098 0.3176
v -4.625 4.375 32.734 0.5373 0.5098 0.3176
v -4.375 4.375 32.739 0.5373 0.5098 0.3176
v -4.125 4.375 32.733 0.5373 0.5098 0.3176
v -3.875 4.375 32.723 0.5373 0.5098 0.3176
v -3.625 4.375 32.714 0.5373 0.5098 0.3176
v -3.375 4.375 32.742 0.5373 0.5098 0.3176
v -3.125 4.375 32.745 0.5373 0.5098 0.3176
v -2.875 4.375 32.714 0.5373 0.5098 0.3176
v -2.625 4.375 32.739 0.5373 0.5098 0.3176
v -2.375 4.375 32.763 0.5373 0.5098 0.3176
v -2.125 4.375 32.754 0.5373 0.5098 0.3176
v -1.875 4.375 32.745 0.5373 0.5098 0.3176
v -1.625 4.375 32.745 0.5373 0.5098 0.3176
v -1.375 4.375 32.714 0.5373 0.5098 0.3176
v -1.125 4.375 32.705 0.5373 0.5098 0.3176
v -0.875 4.375 32.705 0.5373 0.5098 0.3176
v -0.625 4.375 32.705 0.5373 0.5098 0.3176
v -0.375 4.375 32.714 0.5373 0.5098 0.3176
v -0.125 4.375 32.736 0.5373 0.5098 0.3176
v 0.125 4.375 32.736 0.5373 0.5098 0.3176
v 0.375 4.375 32.736 0.5373 0.5098 0.3176
v 0.625 4.375 32.757 0.5373 0.5098 0.3176
v 0.875 4.375 32.757 0.5373 0.5098 0.3176
v 1.125 4.375 32.841 0.5373 0.5098 0.3176
v 1.375 4.375 32.845 0.5373 0.5098 0.3176
v 1.625 4.375 32.795 0.5373 0.5098 0.3176
v 1.875 4.375 32.795 0.5373 0.5098 0.3176
v 2.125 4.375 32.784 0.5373 0.5098 0.3176
v 2.375 4.375 32.797 0.5373 0.5098 0.3176
v 2.625 4.375 32.797 0.5373 0.5098 0.3176
v 2.875 4.375 32.806 0.5373 0.5098 0.3176
v 3.125 4.375 32.815 0.5373 0.5098 0.3176
v 3.375 4.375 32.810 0.5373 0.5098 0.3176
v 3.625 4.375 32.810 0.5373 0.5098 0.3176
v 3.875 4.375 32.806 0.5373 0.5098 0.3176
v 4.125 4.375 32.815 0.5373 0.5098 0.3176
v 4.375 4.375 32.815 0.5373 0.5098 0.3176
v 4.625 4.375 32.777 0.5373 0.5098 0.3176
v 4.875 4.375 32.777 0.5373 0.5098 0.3176
v 5.125 4.375 32.742 0.5373 0.5098 0.3176
v 5.375 4.375 32.751 0.5373 0.5098 0.3176
v 5.625 4.375 32.717 0.5373 0.5098 0.3176
v 5.875 4.375 32.781 0.5373 0.5098 0.3176
v 6.125 4.375 32.699 0.5373 0.5098 0.3176
v 6.375 4.375 32.803 0.5373 0.5098 0.3176
v 6.625 4.375 32.816 0.5373 0.5098 0.3176
v 6.875 4.375 32.748 0.5373 0.5098 0.3176
v 7.125 4.375 32.816 0.5373 0.5098 0.3176
v 7.375 4.375 32.739 0.5373 0.5098 0.3176
v 7.625 4.375 32.821 0.5373 0.5098 0.3176
v 7.875 4.375 32.821 0.5373 0.5098 0.3176
v 8.125 4.375 32.708 0.5373 0.5098 0.3176
v 8.375 4.375 32.708 0.5373 0.5098 0.3176
v 8.625 4.375 32.729 0.5373 0.5098 0.3176
v 8.875 4.375 32.729 0.5373 0.5098 0.3176
v 9.125 4.375 32.787 0.5373 0.5098 0.3176
v 9.375 4.375 32.760 0.5373 0.5098 0.3176
v 9.625 4.375 32.760 0.5373 0.5098 0.3176
v 9.875 4.375 32.765 0.5373 0.5098 0.3176
v 10.125 4.375 32.765 0.5373 0.5098 0.3176
v 10.375 4.375 32.719 0.5373 0.5098 0.3176
v 10.625 4.375 32.769 0.5373 0.5098 0.3176
v 10.875 4.375 32.778 0.5373 0.5098 0.3176
v 11.125 4.375 32.769 0.5373 0.5098 0.3176
v 11.375 4.375 32.769 0.5373 0.5098 0.3176
v 11.625 4.375 32.758 0.5373 0.5098 0.3176
v 11.875 4.375 32.800 0.5373 0.5098 0.3176
v 12.125 4.375 32.836 0.5373 0.5098 0.3176
v 12.375 4.375 32.836 0.5373 0.5098 0.3176
v -12.375 4.625 32.534 0.5373 0.5098 0.3176
v -12.125 4.625 32.565 0.5373 0.5098 0.3176
v -11.875 4.625 32.566 0.5373 0.5098 0.3176
v -11.625 4.625 32.547 0.5373 0.5098 0.3176
v -11.375 4.625 32.550 0.5373 0.5098 0.3176
v -11.125 4.625 32.550 0.5373 0.5098 0.3176
v -10.875 4.625 32.560 0.5373 0.5098 0.3176
v -10.625 4.625 32.575 0.5373 0.5098 0.3176
v -10.375 4.625 32.574 0.5373 0.5098 0.3176
v -10.125 4.625 32.574 0.5373 0.5098 0.3176
v -9.875 4.625 32.580 0.5373 0.5098 0.3176
v -9.625 4.625 32.562 0.5373 0.5098 0.3176
v -9.375 4.625 32.571 0.5373 0.5098 0.3176
v -9.125 4.625 32.571 0.5373 0.5098 0.3176
v -8.875 4.625 32.544 0.5373 0.5098 0.3176
v -8.625 4.625 32.580 0.5373 0.5098 0.3176
v -8.375 4.625 32.580 0.5373 0.5098 0.3176
v -8.125 4.625 32.605 0.5373 0.5098 0.3176
v -7.875 4.625 32.605 0.5373 0.5098 0.3176
v -7.625 4.625 32.605 0.5373 0.5098 0.3176
v -7.375 4.625 32.617 0.5373 0.5098 0.3176
v -7.125 4.625 32.617 0.5373 0.5098 0.3176
v -6.875 4.625 32.595 0.5373 0.5098 0.3176
v -6.625 4.625 32.595 0.5373 0.5098 0.3176
v -6.375 4.625 32.605 0.5373 0.5098 0.3176
v -6.125 4.625 32.605 0.5373 0.5098 0.3176
v -5.875 4.625 32.605 0.5373 0.5098 0.3176
v -5.625 4.625 32.617 0.5373 0.5098 0.3176
v -5.375 4.625 32.617 0.5373 0.5098 0.3176
v -5.125 4.625 32.665 0.5373 0.5098 0.3176
v -4.875 4.625 32.676 0.5373 0.5098 0.3176
v -4.625 4.625 32.676 0.5373 0.5098 0.3176
v -4.375 4.625 32.665 0.5373 0.5098 0.3176
v -4.125 4.625 32.675 0.5373 0.5098 0.3176
v -3.875 4.625 32.675 0.5373 0.5098 0.3176
v -3.625 4.625 32.696 0.5373 0.5098 0.3176
v -3.375 4.625 32.696 0.5373 0.5098 0.3176
v -3.125 4.625 32.705 0.5373 0.5098 0.3176
v -2.875 4.625 32.714 0.5373 0.5098 0.3176
v -2.625 4.625 32.714 0.5373 0.5098 0.3176
v -2.375 4.625 32.708 0.5373 0.5098 0.3176
v -2.125 4.625 32.690 0.5373 0.5098 0.3176
v -1.875 4.625 32.690 0.5373 0.5098 0.3176
v -1.625 4.625 32.697 0.5373 0.5098 0.3176
v -1.375 4.625 32.693 0.5373 0.5098 0.3176
v -1.125 4.625 32.684 0.5373 0.5098 0.3176
v -0.875 4.625 32.675 0.5373 0.5098 0.3176
v -0.625 4.625 32.675 0.5373 0.5098 0.3176
v -0.375 4.625 32.687 0.5373 0.5098 0.3176
v -0.125 4.625 32.687 0.5373 0.5098 0.3176
v 0.125 4.625 32.714 0.5373 0.5098 0.3176
v 0.375 4.625 32.736 0.5373 0.5098 0.3176
v 0.625 4.625 32.757 0.5373 0.5098 0.3176
v 0.875 4.625 32.764 0.5373 0.5098 0.3176
v 1.125 4.625 32.841 0.5373 0.5098 0.3176
v 1.375 4.625 32.824 0.5373 0.5098 0.3176
v 1.625 4.625 32.824 0.5373 0.5098 0.3176
v 1.875 4.625 32.783 0.5373 0.5098 0.3176
v 2.125 4.625 32.784 0.5373 0.5098 0.3176
v 2.375 4.625 32.797 0.5373 0.5098 0.3176
v 2.625 4.625 32.807 0.5373 0.5098 0.3176
v 2.875 4.625 32.824 0.5373 0.5098 0.3176
v 3.125 4.625 32.824 0.5373 0.5098 0.3176
v 3.375 4.625 32.797 0.5373 0.5098 0.3176
v 3.625 4.625 32.797 0.5373 0.5098 0.3176
v 3.875 4.625 32.806 0.5373 0.5098 0.3176
v 4.125 4.625 32.815 0.5373 0.5098 0.3176
v 4.375 4.625 32.734 0.5373 0.5098 0.3176
v 4.625 4.625 32.734 0.5373 0.5098 0.3176
v 4.875 4.625 32.717 0.5373 0.5098 0.3176
v 5.125 4.625 32.729 0.5373 0.5098 0.3176
v 5.375 4.625 32.717 0.5373 0.5098 0.3176
v 5.625 4.625 32.717 0.5373 0.5098 0.3176
v 5.875 4.625 32.717 0.5373 0.5098 0.3176
v 6.125 4.625 32.699 0.5373 0.5098 0.3176
v 6.375 4.625 32.690 0.5373 0.5098 0.3176
v 6.625 4.625 32.690 0.5373 0.5098 0.3176
v 6.875 4.625 32.748 0.5373 0.5098 0.3176
v 7.125 4.625 32.748 0.5373 0.5098 0.3176
v 7.375 4.625 32.739 0.5373 0.5098 0.3176
v 7.625 4.625 32.708 0.5373 0.5098 0.3176
v 7.875 4.625 32.708 0.5373 0.5098 0.3176
v 8.125 4.625 32.708 0.5373 0.5098 0.3176
v 8.375 4.625 32.708 0.5373 0.5098 0.3176
v 8.625 4.625 32.729 0.5373 0.5098 0.3176
v 8.875 4.625 32.729 0.5373 0.5098 0.3176
v 9.125 4.625 32.787 0.5373 0.5098 0.3176
v 9.375 4.625 32.760 0.5373 0.5098 0.3176
v 9.625 4.625 32.760 0.5373 0.5098 0.3176
v 9.875 4.625 32.765 0.5373 0.5098 0.3176
v 10.125 4.625 32.765 0.5373 0.5098 0.3176
v 10.375 4.625 32.719 0.5373 0.5098 0.3176
v 10.625 4.625 32.769 0.5373 0.5098 0.3176
v 10.875 4.625 32.778 0.5373 0.5098 0.3176
v 11.125 4.625 32.769 0.5373 0.5098 0.3176
v 11.375 4.625 32.769 0.5373 0.5098 0.3176
v 11.625 4.625 32.758 0.5373 0.5098 0.3176
v 11.875 4.625 32.800 0.5373 0.5098 0.3176
v 12.125 4.625 32.800 0.5373 0.5098 0.3176
v 12.375 4.625 32.838 0.5373 0.5098 0.3176
v -12.375 4.875 32.495 0.5373 0.5098 0.3176
v -12.125 4.875 32.495 0.5373 0.5098 0.3176
v -11.875 4.875 32.495 0.5373 0.5098 0.3176
v -11.625 4.875 32.486 0.5373 0.5098 0.3176
v -11.375 4.875 32.486 0.5373 0.5098 0.3176
v -11.125 4.875 32.495 0.5373 0.5098 0.3176
v -10.875 4.875 32.553 0.5373 0.5098 0.3176
v -10.625 4.875 32.513 0.5373 0.5098 0.3176
v -10.375 4.875 32.504 0.5373 0.5098 0.3176
v -10.125 4.875 32.504 0.5373 0.5098 0.3176
v -9.875 4.875 32.516 0.5373 0.5098 0.3176
v -9.625 4.875 32.516 0.5373 0.5098 0.3176
v -9.375 4.875 32.562 0.5373 0.5098 0.3176
v -9.125 4.875 32.531 0.5373 0.5098 0.3176
v -8.875 4.875 32.525 0.5373 0.5098 0.3176
v -8.625 4.875 32.522 0.5373 0.5098 0.3176
v -8.375 4.875 32.547 0.5373 0.5098 0.3176
v -8.125 4.875 32.522 0.5373 0.5098 0.3176
v -7.875 4.875 32.539 0.5373 0.5098 0.3176
v -7.625 4.875 32.586 0.5373 0.5098 0.3176
v -7.375 4.875 32.501 0.5373 0.5098 0.3176
v -7.125 4.875 32.586 0.5373 0.5098 0.3176
v -6.875 4.875 32.586 0.5373 0.5098 0.3176
v -6.625 4.875 32.501 0.5373 0.5098 0.3176
v -6.375 4.875 32.605 0.5373 0.5098 0.3176
v -6.125 4.875 32.617 0.5373 0.5098 0.3176
v -5.875 4.875 32.617 0.5373 0.5098 0.3176
v -5.625 4.875 32.626 0.5373 0.5098 0.3176
v -5.375 4.875 32.626 0.5373 0.5098 0.3176
v -5.125 4.875 32.626 0.5373 0.5098 0.3176
v -4.875 4.875 32.626 0.5373 0.5098 0.3176
v -4.625 4.875 32.627 0.5373 0.5098 0.3176
v -4.375 4.875 32.626 0.5373 0.5098 0.3176
v -4.125 4.875 32.647 0.5373 0.5098 0.3176
v -3.875 4.875 32.656 0.5373 0.5098 0.3176
v -3.625 4.875 32.656 0.5373 0.5098 0.3176
v -3.375 4.875 32.672 0.5373 0.5098 0.3176
v -3.125 4.875 32.681 0.5373 0.5098 0.3176
v -2.875 4.875 32.678 0.5373 0.5098 0.3176
v -2.625 4.875 32.678 0.5373 0.5098 0.3176
v -2.375 4.875 32.673 0.5373 0.5098 0.3176
v -2.125 4.875 32.687 0.5373 0.5098 0.3176
v -1.875 4.875 32.676 0.5373 0.5098 0.3176
v -1.625 4.875 32.676 0.5373 0.5098 0.3176
v -1.375 4.875 32.675 0.5373 0.5098 0.3176
v -1.125 4.875 32.656 0.5373 0.5098 0.3176
v -0.875 4.875 32.665 0.5373 0.5098 0.3176
v -0.625 4.875 32.665 0.5373 0.5098 0.3176
v -0.375 4.875 32.675 0.5373 0.5098 0.3176
v -0.125 4.875 32.696 0.5373 0.5098 0.3176
v 0.125 4.875 32.714 0.5373 0.5098 0.3176
v 0.375 4.875 32.725 0.5373 0.5098 0.3176
v 0.625 4.875 32.748 0.5373 0.5098 0.3176
v 0.875 4.875 32.764 0.5373 0.5098 0.3176
v 1.125 4.875 32.778 0.5373 0.5098 0.3176
v 1.375 4.875 32.772 0.5373 0.5098 0.3176
v 1.625 4.875 32.771 0.5373 0.5098 0.3176
v 1.875 4.875 32.783 0.5373 0.5098 0.3176
v 2.125 4.875 32.792 0.5373 0.5098 0.3176
v 2.375 4.875 32.793 0.5373 0.5098 0.3176
v 2.625 4.875 32.807 0.5373 0.5098 0.3176
v 2.875 4.875 32.823 0.5373 0.5098 0.3176
v 3.125 4.875 32.816 0.5373 0.5098 0.3176
v 3.375 4.875 32.819 0.5373 0.5098 0.3176
v 3.625 4.875 32.805 0.5373 0.5098 0.3176
v 3.875 4.875 32.769 0.5373 0.5098 0.3176
v 4.125 4.875 32.748 0.5373 0.5098 0.3176
v 4.375 4.875 32.734 0.5373 0.5098 0.3176
v 4.625 4.875 32.734 0.5373 0.5098 0.3176
v 4.875 4.875 32.717 0.5373 0.5098 0.3176
v 5.125 4.875 32.729 0.5373 0.5098 0.3176
v 5.375 4.875 32.717 0.5373 0.5098 0.3176
v 5.625 4.875 32.708 0.5373 0.5098 0.3176
v 5.875 4.875 32.708 0.5373 0.5098 0.3176
v 6.125 4.875 32.690 0.5373 0.5098 0.3176
v 6.375 4.875 32.690 0.5373 0.5098 0.3176
v 6.625 4.875 32.678 0.5373 0.5098 0.3176
v 6.875 4.875 32.760 0.5373 0.5098 0.3176
v 7.125 4.875 32.760 0.5373 0.5098 0.3176
v 7.375 4.875 32.717 0.5373 0.5098 0.3176
v 7.625 4.875 32.717 0.5373 0.5098 0.3176
v 7.875 4.875 32.699 0.5373 0.5098 0.3176
v 8.125 4.875 32.678 0.5373 0.5098 0.3176
v 8.375 4.875 32.678 0.5373 0.5098 0.3176
v 8.625 4.875 32.748 0.5373 0.5098 0.3176
v 8.875 4.875 32.748 0.5373 0.5098 0.3176
v 9.125 4.875 32.787 0.5373 0.5098 0.3176
v 9.375 4.875 32.787 0.5373 0.5098 0.3176
v 9.625 4.875 32.760 0.5373 0.5098 0.3176
v 9.875 4.875 32.760 0.5373 0.5098 0.3176
v 10.125 4.875 32.765 0.5373 0.5098 0.3176
v 10.375 4.875 32.719 0.5373 0.5098 0.3176
v 10.625 4.875 32.769 0.5373 0.5098 0.3176
v 10.875 4.875 32.778 0.5373 0.5098 0.3176
v 11.125 4.875 32.769 0.5373 0.5098 0.3176
v 11.375 4.875 32.772 0.5373 0.5098 0.3176
v 11.625 4.875 32.758 0.5373 0.5098 0.3176
v 11.875 4.875 32.800 0.5373 0.5098 0.3176
v 12.125 4.875 32.800 0.5373 0.5098 0.3176
v 12.375 4.875 32.838 0.5373 0.5098 0.3176
v -12.375 5.125 32.495 0.5373 0.5098 0.3176
v -12.125 5.125 32.480 0.5373 0.5098 0.3176
v -11.875 5.125 32.463 0.5373 0.5098 0.3176
v -11.625 5.125 32.449 0.5373 0.5098 0.3176
v -11.375 5.125 32.458 0.5373 0.5098 0.3176
v -11.125 5.125 32.419 0.5373 0.5098 0.3176
v -10.875 5.125 32.440 0.5373 0.5098 0.3176
v -10.625 5.125 32.419 0.5373 0.5098 0.3176
v -10.375 5.125 32.449 0.5373 0.5098 0.3176
v -10.125 5.125 32.444 0.5373 0.5098 0.3176
v -9.875 5.125 32.449 0.5373 0.5098 0.3176
v -9.625 5.125 32.481 0.5373 0.5098 0.3176
v -9.375 5.125 32.475 0.5373 0.5098 0.3176
v -9.125 5.125 32.463 0.5373 0.5098 0.3176
v -8.875 5.125 32.480 0.5373 0.5098 0.3176
v -8.625 5.125 32.470 0.5373 0.5098 0.3176
v -8.375 5.125 32.489 0.5373 0.5098 0.3176
v -8.125 5.125 32.499 0.5373 0.5098 0.3176
v -7.875 5.125 32.489 0.5373 0.5098 0.3176
v -7.625 5.125 32.481 0.5373 0.5098 0.3176
v -7.375 5.125 32.490 0.5373 0.5098 0.3176
v -7.125 5.125 32.523 0.5373 0.5098 0.3176
v -6.875 5.125 32.483 0.5373 0.5098 0.3176
v -6.625 5.125 32.501 0.5373 0.5098 0.3176
v -6.375 5.125 32.515 0.5373 0.5098 0.3176
v -6.125 5.125 32.558 0.5373 0.5098 0.3176
v -5.875 5.125 32.568 0.5373 0.5098 0.3176
v -5.625 5.125 32.573 0.5373 0.5098 0.3176
v -5.375 5.125 32.571 0.5373 0.5098 0.3176
v -5.125 5.125 32.577 0.5373 0.5098 0.3176
v -4.875 5.125 32.620 0.5373 0.5098 0.3176
v -4.625 5.125 32.620 0.5373 0.5098 0.3176
v -4.375 5.125 32.627 0.5373 0.5098 0.3176
v -4.125 5.125 32.617 0.5373 0.5098 0.3176
v -3.875 5.125 32.627 0.5373 0.5098 0.3176
v -3.625 5.125 32.636 0.5373 0.5098 0.3176
v -3.375 5.125 32.615 0.5373 0.5098 0.3176
v -3.125 5.125 32.647 0.5373 0.5098 0.3176
v -2.875 5.125 32.646 0.5373 0.5098 0.3176
v -2.625 5.125 32.663 0.5373 0.5098 0.3176
v -2.375 5.125 32.647 0.5373 0.5098 0.3176
v -2.125 5.125 32.635 0.5373 0.5098 0.3176
v -1.875 5.125 32.646 0.5373 0.5098 0.3176
v -1.625 5.125 32.635 0.5373 0.5098 0.3176
v -1.375 5.125 32.635 0.5373 0.5098 0.3176
v -1.125 5.125 32.635 0.5373 0.5098 0.3176
v -0.875 5.125 32.635 0.5373 0.5098 0.3176
v -0.625 5.125 32.656 0.5373 0.5098 0.3176
v -0.375 5.125 32.656 0.5373 0.5098 0.3176
v -0.125 5.125 32.687 0.5373 0.5098 0.3176
v 0.125 5.125 32.705 0.5373 0.5098 0.3176
v 0.375 5.125 32.705 0.5373 0.5098 0.3176
v 0.625 5.125 32.726 0.5373 0.5098 0.3176
v 0.875 5.125 32.726 0.5373 0.5098 0.3176
v 1.125 5.125 32.757 0.5373 0.5098 0.3176
v 1.375 5.125 32.775 0.5373 0.5098 0.3176
v 1.625 5.125 32.781 0.5373 0.5098 0.3176
v 1.875 5.125 32.775 0.5373 0.5098 0.3176
v 2.125 5.125 32.797 0.5373 0.5098 0.3176
v 2.375 5.125 32.797 0.5373 0.5098 0.3176
v 2.625 5.125 32.797 0.5373 0.5098 0.3176
v 2.875 5.125 32.815 0.5373 0.5098 0.3176
v 3.125 5.125 32.815 0.5373 0.5098 0.3176
v 3.375 5.125 32.806 0.5373 0.5098 0.3176
v 3.625 5.125 32.806 0.5373 0.5098 0.3176
v 3.875 5.125 32.769 0.5373 0.5098 0.3176
v 4.125 5.125 32.748 0.5373 0.5098 0.3176
v 4.375 5.125 32.734 0.5373 0.5098 0.3176
v 4.625 5.125 32.702 0.5373 0.5098 0.3176
v 4.875 5.125 32.717 0.5373 0.5098 0.3176
v 5.125 5.125 32.729 0.5373 0.5098 0.3176
v 5.375 5.125 32.717 0.5373 0.5098 0.3176
v 5.625 5.125 32.708 0.5373 0.5098 0.3176
v 5.875 5.125 32.711 0.5373 0.5098 0.3176
v 6.125 5.125 32.690 0.5373 0.5098 0.3176
v 6.375 5.125 32.693 0.5373 0.5098 0.3176
v 6.625 5.125 32.678 0.5373 0.5098 0.3176
v 6.875 5.125 32.760 0.5373 0.5098 0.3176
v 7.125 5.125 32.711 0.5373 0.5098 0.3176
v 7.375 5.125 32.717 0.5373 0.5098 0.3176
v 7.625 5.125 32.655 0.5373 0.5098 0.3176
v 7.875 5.125 32.699 0.5373 0.5098 0.3176
v 8.125 5.125 32.678 0.5373 0.5098 0.3176
v 8.375 5.125 32.694 0.5373 0.5098 0.3176
v 8.625 5.125 32.748 0.5373 0.5098 0.3176
v 8.875 5.125 32.751 0.5373 0.5098 0.3176
v 9.125 5.125 32.787 0.5373 0.5098 0.3176
v 9.375 5.125 32.787 0.5373 0.5098 0.3176
v 9.625 5.125 32.760 0.5373 0.5098 0.3176
v 9.875 5.125 32.760 0.5373 0.5098 0.3176
v 10.125 5.125 32.705 0.5373 0.5098 0.3176
v 10.375 5.125 32.771 0.5373 0.5098 0.3176
v 10.625 5.125 32.781 0.5373 0.5098 0.3176
v 10.875 5.125 32.781 0.5373 0.5098 0.3176
v 11.125 5.125 32.781 0.5373 0.5098 0.3176
v 11.375 5.125 32.772 0.5373 0.5098 0.3176
v 11.625 5.125 32.772 0.5373 0.5098 0.3176
v 11.875 5.125 32.772 0.5373 0.5098 0.3176
v 12.125 5.125 32.803 0.5373 0.5098 0.3176
v 12.375 5.125 32.806 0.5373 0.5098 0.3176
v -12.375 5.375 32.480 0.5373 0.5098 0.3176
v -12.125 5.375 32.480 0.5373 0.5098 0.3176
v -11.875 5.375 32.463 0.5373 0.5098 0.3176
v -11.625 5.375 32.449 0.5373 0.5098 0.3176
v -11.375 5.375 32.458 0.5373 0.5098 0.3176
v -11.125 5.375 32.419 0.5373 0.5098 0.3176
v -10.875 5.375 32.440 0.5373 0.5098 0.3176
v -10.625 5.375 32.419 0.5373 0.5098 0.3176
v -10.375 5.375 32.449 0.5373 0.5098 0.3176
v -10.125 5.375 32.444 0.5373 0.5098 0.3176
v -9.875 5.375 32.449 0.5373 0.5098 0.3176
v -9.625 5.375 32.461 0.5373 0.5098 0.3176
v -9.375 5.375 32.443 0.5373 0.5098 0.3176
v -9.125 5.375 32.443 0.5373 0.5098 0.3176
v -8.875 5.375 32.443 0.5373 0.5098 0.3176
v -8.625 5.375 32.443 0.5373 0.5098 0.3176
v -8.375 5.375 32.452 0.5373 0.5098 0.3176
v -8.125 5.375 32.422 0.5373 0.5098 0.3176
v -7.875 5.375 32.422 0.5373 0.5098 0.3176
v -7.625 5.375 32.412 0.5373 0.5098 0.3176
v -7.375 5.375 32.422 0.5373 0.5098 0.3176
v -7.125 5.375 32.422 0.5373 0.5098 0.3176
v -6.875 5.375 32.483 0.5373 0.5098 0.3176
v -6.625 5.375 32.492 0.5373 0.5098 0.3176
v -6.375 5.375 32.483 0.5373 0.5098 0.3176
v -6.125 5.375 32.473 0.5373 0.5098 0.3176
v -5.875 5.375 32.492 0.5373 0.5098 0.3176
v -5.625 5.375 32.531 0.5373 0.5098 0.3176
v -5.375 5.375 32.562 0.5373 0.5098 0.3176
v -5.125 5.375 32.531 0.5373 0.5098 0.3176
v -4.875 5.375 32.513 0.5373 0.5098 0.3176
v -4.625 5.375 32.513 0.5373 0.5098 0.3176
v -4.375 5.375 32.627 0.5373 0.5098 0.3176
v -4.125 5.375 32.617 0.5373 0.5098 0.3176
v -3.875 5.375 32.627 0.5373 0.5098 0.3176
v -3.625 5.375 32.636 0.5373 0.5098 0.3176
v -3.375 5.375 32.615 0.5373 0.5098 0.3176
v -3.125 5.375 32.647 0.5373 0.5098 0.3176
v -2.875 5.375 32.646 0.5373 0.5098 0.3176
v -2.625 5.375 32.605 0.5373 0.5098 0.3176
v -2.375 5.375 32.605 0.5373 0.5098 0.3176
v -2.125 5.375 32.605 0.5373 0.5098 0.3176
v -1.875 5.375 32.617 0.5373 0.5098 0.3176
v -1.625 5.375 32.617 0.5373 0.5098 0.3176
v -1.375 5.375 32.656 0.5373 0.5098 0.3176
v -1.125 5.375 32.656 0.5373 0.5098 0.3176
v -0.875 5.375 32.635 0.5373 0.5098 0.3176
v -0.625 5.375 32.656 0.5373 0.5098 0.3176
v -0.375 5.375 32.659 0.5373 0.5098 0.3176
v -0.125 5.375 32.687 0.5373 0.5098 0.3176
v 0.125 5.375 32.702 0.5373 0.5098 0.3176
v 0.375 5.375 32.720 0.5373 0.5098 0.3176
v 0.625 5.375 32.720 0.5373 0.5098 0.3176
v 0.875 5.375 32.742 0.5373 0.5098 0.3176
v 1.125 5.375 32.742 0.5373 0.5098 0.3176
v 1.375 5.375 32.777 0.5373 0.5098 0.3176
v 1.625 5.375 32.772 0.5373 0.5098 0.3176
v 1.875 5.375 32.772 0.5373 0.5098 0.3176
v 2.125 5.375 32.803 0.5373 0.5098 0.3176
v 2.375 5.375 32.803 0.5373 0.5098 0.3176
v 2.625 5.375 32.807 0.5373 0.5098 0.3176
v 2.875 5.375 32.821 0.5373 0.5098 0.3176
v 3.125 5.375 32.781 0.5373 0.5098 0.3176
v 3.375 5.375 32.803 0.5373 0.5098 0.3176
v 3.625 5.375 32.803 0.5373 0.5098 0.3176
v 3.875 5.375 32.711 0.5373 0.5098 0.3176
v 4.125 5.375 32.702 0.5373 0.5098 0.3176
v 4.375 5.375 32.702 0.5373 0.5098 0.3176
v 4.625 5.375 32.702 0.5373 0.5098 0.3176
v 4.875 5.375 32.702 0.5373 0.5098 0.3176
v 5.125 5.375 32.693 0.5373 0.5098 0.3176
v 5.375 5.375 32.702 0.5373 0.5098 0.3176
v 5.625 5.375 32.702 0.5373 0.5098 0.3176
v 5.875 5.375 32.711 0.5373 0.5098 0.3176
v 6.125 5.375 32.711 0.5373 0.5098 0.3176
v 6.375 5.375 32.693 0.5373 0.5098 0.3176
v 6.625 5.375 32.693 0.5373 0.5098 0.3176
v 6.875 5.375 32.693 0.5373 0.5098 0.3176
v 7.125 5.375 32.711 0.5373 0.5098 0.3176
v 7.375 5.375 32.711 0.5373 0.5098 0.3176
v 7.625 5.375 32.655 0.5373 0.5098 0.3176
v 7.875 5.375 32.710 0.5373 0.5098 0.3176
v 8.125 5.375 32.710 0.5373 0.5098 0.3176
v 8.375 5.375 32.694 0.5373 0.5098 0.3176
v 8.625 5.375 32.694 0.5373 0.5098 0.3176
v 8.875 5.375 32.751 0.5373 0.5098 0.3176
v 9.125 5.375 32.729 0.5373 0.5098 0.3176
v 9.375 5.375 32.729 0.5373 0.5098 0.3176
v 9.625 5.375 32.725 0.5373 0.5098 0.3176
v 9.875 5.375 32.725 0.5373 0.5098 0.3176
v 10.125 5.375 32.705 0.5373 0.5098 0.3176
v 10.375 5.375 32.771 0.5373 0.5098 0.3176
v 10.625 5.375 32.771 0.5373 0.5098 0.3176
v 10.875 5.375 32.778 0.5373 0.5098 0.3176
v 11.125 5.375 32.778 0.5373 0.5098 0.3176
v 11.375 5.375 32.778 0.5373 0.5098 0.3176
v 11.625 5.375 32.769 0.5373 0.5098 0.3176
v 11.875 5.375 32.769 0.5373 0.5098 0.3176
v 12.125 5.375 32.800 0.5373 0.5098 0.3176
v 12.375 5.375 32.800 0.5373 0.5098 0.3176
v -12.375 5.625 32.376 0.5373 0.5098 0.3176
v -12.125 5.625 32.376 0.5373 0.5098 0.3176
v -11.875 5.625 32.376 0.5373 0.5098 0.3176
v -11.625 5.625 32.376 0.5373 0.5098 0.3176
v -11.375 5.625 32.376 0.5373 0.5098 0.3176
v -11.125 5.625 32.394 0.5373 0.5098 0.3176
v -10.875 5.625 32.374 0.5373 0.5098 0.3176
v -10.625 5.625 32.353 0.5373 0.5098 0.3176
v -10.375 5.625 32.361 0.5373 0.5098 0.3176
v -10.125 5.625 32.367 0.5373 0.5098 0.3176
v -9.875 5.625 32.368 0.5373 0.5098 0.3176
v -9.625 5.625 32.373 0.5373 0.5098 0.3176
v -9.375 5.625 32.373 0.5373 0.5098 0.3176
v -9.125 5.625 32.382 0.5373 0.5098 0.3176
v -8.875 5.625 32.385 0.5373 0.5098 0.3176
v -8.625 5.625 32.402 0.5373 0.5098 0.3176
v -8.375 5.625 32.382 0.5373 0.5098 0.3176
v -8.125 5.625 32.399 0.5373 0.5098 0.3176
v -7.875 5.625 32.387 0.5373 0.5098 0.3176
v -7.625 5.625 32.388 0.5373 0.5098 0.3176
v -7.375 5.625 32.382 0.5373 0.5098 0.3176
v -7.125 5.625 32.428 0.5373 0.5098 0.3176
v -6.875 5.625 32.443 0.5373 0.5098 0.3176
v -6.625 5.625 32.443 0.5373 0.5098 0.3176
v -6.375 5.625 32.422 0.5373 0.5098 0.3176
v -6.125 5.625 32.412 0.5373 0.5098 0.3176
v -5.875 5.625 32.483 0.5373 0.5098 0.3176
v -5.625 5.625 32.483 0.5373 0.5098 0.3176
v -5.375 5.625 32.461 0.5373 0.5098 0.3176
v -5.125 5.625 32.513 0.5373 0.5098 0.3176
v -4.875 5.625 32.501 0.5373 0.5098 0.3176
v -4.625 5.625 32.527 0.5373 0.5098 0.3176
v -4.375 5.625 32.531 0.5373 0.5098 0.3176
v -4.125 5.625 32.531 0.5373 0.5098 0.3176
v -3.875 5.625 32.501 0.5373 0.5098 0.3176
v -3.625 5.625 32.531 0.5373 0.5098 0.3176
v -3.375 5.625 32.531 0.5373 0.5098 0.3176
v -3.125 5.625 32.473 0.5373 0.5098 0.3176
v -2.875 5.625 32.565 0.5373 0.5098 0.3176
v -2.625 5.625 32.568 0.5373 0.5098 0.3176
v -2.375 5.625 32.592 0.5373 0.5098 0.3176
v -2.125 5.625 32.589 0.5373 0.5098 0.3176
v -1.875 5.625 32.589 0.5373 0.5098 0.3176
v -1.625 5.625 32.622 0.5373 0.5098 0.3176
v -1.375 5.625 32.659 0.5373 0.5098 0.3176
v -1.125 5.625 32.673 0.5373 0.5098 0.3176
v -0.875 5.625 32.675 0.5373 0.5098 0.3176
v -0.625 5.625 32.675 0.5373 0.5098 0.3176
v -0.375 5.625 32.659 0.5373 0.5098 0.3176
v -0.125 5.625 32.678 0.5373 0.5098 0.3176
v 0.125 5.625 32.678 0.5373 0.5098 0.3176
v 0.375 5.625 32.708 0.5373 0.5098 0.3176
v 0.625 5.625 32.745 0.5373 0.5098 0.3176
v 0.875 5.625 32.739 0.5373 0.5098 0.3176
v 1.125 5.625 32.739 0.5373 0.5098 0.3176
v 1.375 5.625 32.769 0.5373 0.5098 0.3176
v 1.625 5.625 32.769 0.5373 0.5098 0.3176
v 1.875 5.625 32.769 0.5373 0.5098 0.3176
v 2.125 5.625 32.800 0.5373 0.5098 0.3176
v 2.375 5.625 32.800 0.5373 0.5098 0.3176
v 2.625 5.625 32.800 0.5373 0.5098 0.3176
v 2.875 5.625 32.800 0.5373 0.5098 0.3176
v 3.125 5.625 32.781 0.5373 0.5098 0.3176
v 3.375 5.625 32.815 0.5373 0.5098 0.3176
v 3.625 5.625 32.815 0.5373 0.5098 0.3176
v 3.875 5.625 32.708 0.5373 0.5098 0.3176
v 4.125 5.625 32.690 0.5373 0.5098 0.3176
v 4.375 5.625 32.690 0.5373 0.5098 0.3176
v 4.625 5.625 32.690 0.5373 0.5098 0.3176
v 4.875 5.625 32.690 0.5373 0.5098 0.3176
v 5.125 5.625 32.690 0.5373 0.5098 0.3176
v 5.375 5.625 32.699 0.5373 0.5098 0.3176
v 5.625 5.625 32.699 0.5373 0.5098 0.3176
v 5.875 5.625 32.708 0.5373 0.5098 0.3176
v 6.125 5.625 32.708 0.5373 0.5098 0.3176
v 6.375 5.625 32.690 0.5373 0.5098 0.3176
v 6.625 5.625 32.690 0.5373 0.5098 0.3176
v 6.875 5.625 32.690 0.5373 0.5098 0.3176
v 7.125 5.625 32.690 0.5373 0.5098 0.3176
v 7.375 5.625 32.690 0.5373 0.5098 0.3176
v 7.625 5.625 32.655 0.5373 0.5098 0.3176
v 7.875 5.625 32.710 0.5373 0.5098 0.3176
v 8.125 5.625 32.710 0.5373 0.5098 0.3176
v 8.375 5.625 32.694 0.5373 0.5098 0.3176
v 8.625 5.625 32.742 0.5373 0.5098 0.3176
v 8.875 5.625 32.751 0.5373 0.5098 0.3176
v 9.125 5.625 32.729 0.5373 0.5098 0.3176
v 9.375 5.625 32.729 0.5373 0.5098 0.3176
v 9.625 5.625 32.725 0.5373 0.5098 0.3176
v 9.875 5.625 32.702 0.5373 0.5098 0.3176
v 10.125 5.625 32.705 0.5373 0.5098 0.3176
v 10.375 5.625 32.771 0.5373 0.5098 0.3176
v 10.625 5.625 32.771 0.5373 0.5098 0.3176
v 10.875 5.625 32.778 0.5373 0.5098 0.3176
v 11.125 5.625 32.781 0.5373 0.5098 0.3176
v 11.375 5.625 32.778 0.5373 0.5098 0.3176
v 11.625 5.625 32.769 0.5373 0.5098 0.3176
v 11.875 5.625 32.769 0.5373 0.5098 0.3176
v 12.125 5.625 32.800 0.5373 0.5098 0.3176
v 12.375 5.625 32.781 0.5373 0.5098 0.3176
v -12.375 5.875 32.324 0.5373 0.5098 0.3176
v -12.125 5.875 32.348 0.5373 0.5098 0.3176
v -11.875 5.875 32.348 0.5373 0.5098 0.3176
v -11.625 5.875 32.341 0.5373 0.5098 0.3176
v -11.375 5.875 32.330 0.5373 0.5098 0.3176
v -11.125 5.875 32.329 0.5373 0.5098 0.3176
v -10.875 5.875 32.318 0.5373 0.5098 0.3176
v -10.625 5.875 32.315 0.5373 0.5098 0.3176
v -10.375 5.875 32.327 0.5373 0.5098 0.3176
v -10.125 5.875 32.327 0.5373 0.5098 0.3176
v -9.875 5.875 32.352 0.5373 0.5098 0.3176
v -9.625 5.875 32.335 0.5373 0.5098 0.3176
v -9.375 5.875 32.333 0.5373 0.5098 0.3176
v -9.125 5.875 32.339 0.5373 0.5098 0.3176
v -8.875 5.875 32.336 0.5373 0.5098 0.3176
v -8.625 5.875 32.336 0.5373 0.5098 0.3176
v -8.375 5.875 32.348 0.5373 0.5098 0.3176
v -8.125 5.875 32.348 0.5373 0.5098 0.3176
v -7.875 5.875 32.348 0.5373 0.5098 0.3176
v -7.625 5.875 32.348 0.5373 0.5098 0.3176
v -7.375 5.875 32.348 0.5373 0.5098 0.3176
v -7.125 5.875 32.382 0.5373 0.5098 0.3176
v -6.875 5.875 32.391 0.5373 0.5098 0.3176
v -6.625 5.875 32.420 0.5373 0.5098 0.3176
v -6.375 5.875 32.440 0.5373 0.5098 0.3176
v -6.125 5.875 32.391 0.5373 0.5098 0.3176
v -5.875 5.875 32.435 0.5373 0.5098 0.3176
v -5.625 5.875 32.435 0.5373 0.5098 0.3176
v -5.375 5.875 32.419 0.5373 0.5098 0.3176
v -5.125 5.875 32.468 0.5373 0.5098 0.3176
v -4.875 5.875 32.443 0.5373 0.5098 0.3176
v -4.625 5.875 32.507 0.5373 0.5098 0.3176
v -4.375 5.875 32.507 0.5373 0.5098 0.3176
v -4.125 5.875 32.490 0.5373 0.5098 0.3176
v -3.875 5.875 32.501 0.5373 0.5098 0.3176
v -3.625 5.875 32.483 0.5373 0.5098 0.3176
v -3.375 5.875 32.483 0.5373 0.5098 0.3176
v -3.125 5.875 32.473 0.5373 0.5098 0.3176
v -2.875 5.875 32.492 0.5373 0.5098 0.3176
v -2.625 5.875 32.513 0.5373 0.5098 0.3176
v -2.375 5.875 32.544 0.5373 0.5098 0.3176
v -2.125 5.875 32.547 0.5373 0.5098 0.3176
v -1.875 5.875 32.547 0.5373 0.5098 0.3176
v -1.625 5.875 32.556 0.5373 0.5098 0.3176
v -1.375 5.875 32.586 0.5373 0.5098 0.3176
v -1.125 5.875 32.586 0.5373 0.5098 0.3176
v -0.875 5.875 32.595 0.5373 0.5098 0.3176
v -0.625 5.875 32.617 0.5373 0.5098 0.3176
v -0.375 5.875 32.644 0.5373 0.5098 0.3176
v -0.125 5.875 32.644 0.5373 0.5098 0.3176
v 0.125 5.875 32.665 0.5373 0.5098 0.3176
v 0.375 5.875 32.696 0.5373 0.5098 0.3176
v 0.625 5.875 32.696 0.5373 0.5098 0.3176
v 0.875 5.875 32.746 0.5373 0.5098 0.3176
v 1.125 5.875 32.757 0.5373 0.5098 0.3176
v 1.375 5.875 32.757 0.5373 0.5098 0.3176
v 1.625 5.875 32.766 0.5373 0.5098 0.3176
v 1.875 5.875 32.766 0.5373 0.5098 0.3176
v 2.125 5.875 32.784 0.5373 0.5098 0.3176
v 2.375 5.875 32.784 0.5373 0.5098 0.3176
v 2.625 5.875 32.806 0.5373 0.5098 0.3176
v 2.875 5.875 32.806 0.5373 0.5098 0.3176
v 3.125 5.875 32.781 0.5373 0.5098 0.3176
v 3.375 5.875 32.815 0.5373 0.5098 0.3176
v 3.625 5.875 32.815 0.5373 0.5098 0.3176
v 3.875 5.875 32.708 0.5373 0.5098 0.3176
v 4.125 5.875 32.690 0.5373 0.5098 0.3176
v 4.375 5.875 32.672 0.5373 0.5098 0.3176
v 4.625 5.875 32.690 0.5373 0.5098 0.3176
v 4.875 5.875 32.702 0.5373 0.5098 0.3176
v 5.125 5.875 32.690 0.5373 0.5098 0.3176
v 5.375 5.875 32.699 0.5373 0.5098 0.3176
v 5.625 5.875 32.693 0.5373 0.5098 0.3176
v 5.875 5.875 32.708 0.5373 0.5098 0.3176
v 6.125 5.875 32.693 0.5373 0.5098 0.3176
v 6.375 5.875 32.690 0.5373 0.5098 0.3176
v 6.625 5.875 32.690 0.5373 0.5098 0.3176
v 6.875 5.875 32.711 0.5373 0.5098 0.3176
v 7.125 5.875 32.690 0.5373 0.5098 0.3176
v 7.375 5.875 32.672 0.5373 0.5098 0.3176
v 7.625 5.875 32.672 0.5373 0.5098 0.3176
v 7.875 5.875 32.711 0.5373 0.5098 0.3176
v 8.125 5.875 32.711 0.5373 0.5098 0.3176
v 8.375 5.875 32.711 0.5373 0.5098 0.3176
v 8.625 5.875 32.742 0.5373 0.5098 0.3176
v 8.875 5.875 32.742 0.5373 0.5098 0.3176
v 9.125 5.875 32.711 0.5373 0.5098 0.3176
v 9.375 5.875 32.711 0.5373 0.5098 0.3176
v 9.625 5.875 32.720 0.5373 0.5098 0.3176
v 9.875 5.875 32.702 0.5373 0.5098 0.3176
v 10.125 5.875 32.702 0.5373 0.5098 0.3176
v 10.375 5.875 32.693 0.5373 0.5098 0.3176
v 10.625 5.875 32.693 0.5373 0.5098 0.3176
v 10.875 5.875 32.772 0.5373 0.5098 0.3176
v 11.125 5.875 32.781 0.5373 0.5098 0.3176
v 11.375 5.875 32.781 0.5373 0.5098 0.3176
v 11.625 5.875 32.790 0.5373 0.5098 0.3176
v 11.875 5.875 32.790 0.5373 0.5098 0.3176
v 12.125 5.875 32.781 0.5373 0.5098 0.3176
v 12.375 5.875 32.781 0.5373 0.5098 0.3176
v -12.375 6.125 32.324 0.5373 0.5098 0.3176
v -12.125 6.125 32.348 0.5373 0.5098 0.3176
v -11.875 6.125 32.348 0.5373 0.5098 0.3176
v -11.625 6.125 32.341 0.5373 0.5098 0.3176
v -11.375 6.125 32.330 0.5373 0.5098 0.3176
v -11.125 6.125 32.329 0.5373 0.5098 0.3176
v -10.875 6.125 32.318 0.5373 0.5098 0.3176
v -10.625 6.125 32.315 0.5373 0.5098 0.3176
v -10.375 6.125 32.336 0.5373 0.5098 0.3176
v -10.125 6.125 32.336 0.5373 0.5098 0.3176
v -9.875 6.125 32.312 0.5373 0.5098 0.3176
v -9.625 6.125 32.321 0.5373 0.5098 0.3176
v -9.375 6.125 32.294 0.5373 0.5098 0.3176
v -9.125 6.125 32.294 0.5373 0.5098 0.3176
v -8.875 6.125 32.303 0.5373 0.5098 0.3176
v -8.625 6.125 32.333 0.5373 0.5098 0.3176
v -8.375 6.125 32.329 0.5373 0.5098 0.3176
v -8.125 6.125 32.303 0.5373 0.5098 0.3176
v -7.875 6.125 32.303 0.5373 0.5098 0.3176
v -7.625 6.125 32.303 0.5373 0.5098 0.3176
v -7.375 6.125 32.336 0.5373 0.5098 0.3176
v -7.125 6.125 32.345 0.5373 0.5098 0.3176
v -6.875 6.125 32.345 0.5373 0.5098 0.3176
v -6.625 6.125 32.355 0.5373 0.5098 0.3176
v -6.375 6.125 32.355 0.5373 0.5098 0.3176
v -6.125 6.125 32.394 0.5373 0.5098 0.3176
v -5.875 6.125 32.391 0.5373 0.5098 0.3176
v -5.625 6.125 32.391 0.5373 0.5098 0.3176
v -5.375 6.125 32.419 0.5373 0.5098 0.3176
v -5.125 6.125 32.412 0.5373 0.5098 0.3176
v -4.875 6.125 32.422 0.5373 0.5098 0.3176
v -4.625 6.125 32.461 0.5373 0.5098 0.3176
v -4.375 6.125 32.461 0.5373 0.5098 0.3176
v -4.125 6.125 32.444 0.5373 0.5098 0.3176
v -3.875 6.125 32.443 0.5373 0.5098 0.3176
v -3.625 6.125 32.434 0.5373 0.5098 0.3176
v -3.375 6.125 32.434 0.5373 0.5098 0.3176
v -3.125 6.125 32.473 0.5373 0.5098 0.3176
v -2.875 6.125 32.483 0.5373 0.5098 0.3176
v -2.625 6.125 32.516 0.5373 0.5098 0.3176
v -2.375 6.125 32.510 0.5373 0.5098 0.3176
v -2.125 6.125 32.523 0.5373 0.5098 0.3176
v -1.875 6.125 32.527 0.5373 0.5098 0.3176
v -1.625 6.125 32.534 0.5373 0.5098 0.3176
v -1.375 6.125 32.556 0.5373 0.5098 0.3176
v -1.125 6.125 32.556 0.5373 0.5098 0.3176
v -0.875 6.125 32.586 0.5373 0.5098 0.3176
v -0.625 6.125 32.623 0.5373 0.5098 0.3176
v -0.375 6.125 32.617 0.5373 0.5098 0.3176
v -0.125 6.125 32.643 0.5373 0.5098 0.3176
v 0.125 6.125 32.681 0.5373 0.5098 0.3176
v 0.375 6.125 32.687 0.5373 0.5098 0.3176
v 0.625 6.125 32.720 0.5373 0.5098 0.3176
v 0.875 6.125 32.726 0.5373 0.5098 0.3176
v 1.125 6.125 32.761 0.5373 0.5098 0.3176
v 1.375 6.125 32.763 0.5373 0.5098 0.3176
v 1.625 6.125 32.775 0.5373 0.5098 0.3176
v 1.875 6.125 32.780 0.5373 0.5098 0.3176
v 2.125 6.125 32.806 0.5373 0.5098 0.3176
v 2.375 6.125 32.800 0.5373 0.5098 0.3176
v 2.625 6.125 32.800 0.5373 0.5098 0.3176
v 2.875 6.125 32.804 0.5373 0.5098 0.3176
v 3.125 6.125 32.817 0.5373 0.5098 0.3176
v 3.375 6.125 32.817 0.5373 0.5098 0.3176
v 3.625 6.125 32.772 0.5373 0.5098 0.3176
v 3.875 6.125 32.772 0.5373 0.5098 0.3176
v 4.125 6.125 32.702 0.5373 0.5098 0.3176
v 4.375 6.125 32.672 0.5373 0.5098 0.3176
v 4.625 6.125 32.672 0.5373 0.5098 0.3176
v 4.875 6.125 32.702 0.5373 0.5098 0.3176
v 5.125 6.125 32.702 0.5373 0.5098 0.3176
v 5.375 6.125 32.681 0.5373 0.5098 0.3176
v 5.625 6.125 32.693 0.5373 0.5098 0.3176
v 5.875 6.125 32.693 0.5373 0.5098 0.3176
v 6.125 6.125 32.693 0.5373 0.5098 0.3176
v 6.375 6.125 32.693 0.5373 0.5098 0.3176
v 6.625 6.125 32.693 0.5373 0.5098 0.3176
v 6.875 6.125 32.711 0.5373 0.5098 0.3176
v 7.125 6.125 32.711 0.5373 0.5098 0.3176
v 7.375 6.125 32.672 0.5373 0.5098 0.3176
v 7.625 6.125 32.672 0.5373 0.5098 0.3176
v 7.875 6.125 32.711 0.5373 0.5098 0.3176
v 8.125 6.125 32.693 0.5373 0.5098 0.3176
v 8.375 6.125 32.693 0.5373 0.5098 0.3176
v 8.625 6.125 32.742 0.5373 0.5098 0.3176
v 8.875 6.125 32.742 0.5373 0.5098 0.3176
v 9.125 6.125 32.711 0.5373 0.5098 0.3176
v 9.375 6.125 32.711 0.5373 0.5098 0.3176
v 9.625 6.125 32.711 0.5373 0.5098 0.3176
v 9.875 6.125 32.711 0.5373 0.5098 0.3176
v 10.125 6.125 32.711 0.5373 0.5098 0.3176
v 10.375 6.125 32.711 0.5373 0.5098 0.3176
v 10.625 6.125 32.711 0.5373 0.5098 0.3176
v 10.875 6.125 32.751 0.5373 0.5098 0.3176
v 11.125 6.125 32.763 0.5373 0.5098 0.3176
v 11.375 6.125 32.763 0.5373 0.5098 0.3176
v 11.625 6.125 32.790 0.5373 0.5098 0.3176
v 11.875 6.125 32.790 0.5373 0.5098 0.3176
v 12.125 6.125 32.790 0.5373 0.5098 0.3176
v 12.375 6.125 32.790 0.5373 0.5098 0.3176
v -12.375 6.375 32.275 0.5373 0.5098 0.3176
v -12.125 6.375 32.234 0.5373 0.5098 0.3176
v -11.875 6.375 32.234 0.5373 0.5098 0.3176
v -11.625 6.375 32.269 0.5373 0.5098 0.3176
v -11.375 6.375 32.248 0.5373 0.5098 0.3176
v -11.125 6.375 32.266 0.5373 0.5098 0.3176
v -10.875 6.375 32.242 0.5373 0.5098 0.3176
v -10.625 6.375 32.266 0.5373 0.5098 0.3176
v -10.375 6.375 32.250 0.5373 0.5098 0.3176
v -10.125 6.375 32.250 0.5373 0.5098 0.3176
v -9.875 6.375 32.251 0.5373 0.5098 0.3176
v -9.625 6.375 32.260 0.5373 0.5098 0.3176
v -9.375 6.375 32.297 0.5373 0.5098 0.3176
v -9.125 6.375 32.260 0.5373 0.5098 0.3176
v -8.875 6.375 32.260 0.5373 0.5098 0.3176
v -8.625 6.375 32.271 0.5373 0.5098 0.3176
v -8.375 6.375 32.266 0.5373 0.5098 0.3176
v -8.125 6.375 32.263 0.5373 0.5098 0.3176
v -7.875 6.375 32.278 0.5373 0.5098 0.3176
v -7.625 6.375 32.259 0.5373 0.5098 0.3176
v -7.375 6.375 32.290 0.5373 0.5098 0.3176
v -7.125 6.375 32.294 0.5373 0.5098 0.3176
v -6.875 6.375 32.301 0.5373 0.5098 0.3176
v -6.625 6.375 32.317 0.5373 0.5098 0.3176
v -6.375 6.375 32.317 0.5373 0.5098 0.3176
v -6.125 6.375 32.374 0.5373 0.5098 0.3176
v -5.875 6.375 32.374 0.5373 0.5098 0.3176
v -5.625 6.375 32.359 0.5373 0.5098 0.3176
v -5.375 6.375 32.352 0.5373 0.5098 0.3176
v -5.125 6.375 32.352 0.5373 0.5098 0.3176
v -4.875 6.375 32.412 0.5373 0.5098 0.3176
v -4.625 6.375 32.412 0.5373 0.5098 0.3176
v -4.375 6.375 32.391 0.5373 0.5098 0.3176
v -4.125 6.375 32.408 0.5373 0.5098 0.3176
v -3.875 6.375 32.437 0.5373 0.5098 0.3176
v -3.625 6.375 32.434 0.5373 0.5098 0.3176
v -3.375 6.375 32.412 0.5373 0.5098 0.3176
v -3.125 6.375 32.412 0.5373 0.5098 0.3176
v -2.875 6.375 32.434 0.5373 0.5098 0.3176
v -2.625 6.375 32.483 0.5373 0.5098 0.3176
v -2.375 6.375 32.480 0.5373 0.5098 0.3176
v -2.125 6.375 32.477 0.5373 0.5098 0.3176
v -1.875 6.375 32.495 0.5373 0.5098 0.3176
v -1.625 6.375 32.544 0.5373 0.5098 0.3176
v -1.375 6.375 32.525 0.5373 0.5098 0.3176
v -1.125 6.375 32.556 0.5373 0.5098 0.3176
v -0.875 6.375 32.556 0.5373 0.5098 0.3176
v -0.625 6.375 32.588 0.5373 0.5098 0.3176
v -0.375 6.375 32.618 0.5373 0.5098 0.3176
v -0.125 6.375 32.644 0.5373 0.5098 0.3176
v 0.125 6.375 32.672 0.5373 0.5098 0.3176
v 0.375 6.375 32.672 0.5373 0.5098 0.3176
v 0.625 6.375 32.720 0.5373 0.5098 0.3176
v 0.875 6.375 32.720 0.5373 0.5098 0.3176
v 1.125 6.375 32.751 0.5373 0.5098 0.3176
v 1.375 6.375 32.763 0.5373 0.5098 0.3176
v 1.625 6.375 32.763 0.5373 0.5098 0.3176
v 1.875 6.375 32.790 0.5373 0.5098 0.3176
v 2.125 6.375 32.790 0.5373 0.5098 0.3176
v 2.375 6.375 32.803 0.5373 0.5098 0.3176
v 2.625 6.375 32.818 0.5373 0.5098 0.3176
v 2.875 6.375 32.784 0.5373 0.5098 0.3176
v 3.125 6.375 32.812 0.5373 0.5098 0.3176
v 3.375 6.375 32.815 0.5373 0.5098 0.3176
v 3.625 6.375 32.790 0.5373 0.5098 0.3176
v 3.875 6.375 32.702 0.5373 0.5098 0.3176
v 4.125 6.375 32.702 0.5373 0.5098 0.3176
v 4.375 6.375 32.672 0.5373 0.5098 0.3176
v 4.625 6.375 32.672 0.5373 0.5098 0.3176
v 4.875 6.375 32.711 0.5373 0.5098 0.3176
v 5.125 6.375 32.711 0.5373 0.5098 0.3176
v 5.375 6.375 32.681 0.5373 0.5098 0.3176
v 5.625 6.375 32.702 0.5373 0.5098 0.3176
v 5.875 6.375 32.702 0.5373 0.5098 0.3176
v 6.125 6.375 32.702 0.5373 0.5098 0.3176
v 6.375 6.375 32.702 0.5373 0.5098 0.3176
v 6.625 6.375 32.693 0.5373 0.5098 0.3176
v 6.875 6.375 32.720 0.5373 0.5098 0.3176
v 7.125 6.375 32.720 0.5373 0.5098 0.3176
v 7.375 6.375 32.681 0.5373 0.5098 0.3176
v 7.625 6.375 32.681 0.5373 0.5098 0.3176
v 7.875 6.375 32.681 0.5373 0.5098 0.3176
v 8.125 6.375 32.681 0.5373 0.5098 0.3176
v 8.375 6.375 32.678 0.5373 0.5098 0.3176
v 8.625 6.375 32.742 0.5373 0.5098 0.3176
v 8.875 6.375 32.742 0.5373 0.5098 0.3176
v 9.125 6.375 32.711 0.5373 0.5098 0.3176
v 9.375 6.375 32.690 0.5373 0.5098 0.3176
v 9.625 6.375 32.711 0.5373 0.5098 0.3176
v 9.875 6.375 32.711 0.5373 0.5098 0.3176
v 10.125 6.375 32.693 0.5373 0.5098 0.3176
v 10.375 6.375 32.711 0.5373 0.5098 0.3176
v 10.625 6.375 32.705 0.5373 0.5098 0.3176
v 10.875 6.375 32.751 0.5373 0.5098 0.3176
v 11.125 6.375 32.763 0.5373 0.5098 0.3176
v 11.375 6.375 32.742 0.5373 0.5098 0.3176
v 11.625 6.375 32.790 0.5373 0.5098 0.3176
v 11.875 6.375 32.771 0.5373 0.5098 0.3176
v 12.125 6.375 32.790 0.5373 0.5098 0.3176
v 12.375 6.375 32.781 0.5373 0.5098 0.3176
v -12.375 6.625 32.242 0.5373 0.5098 0.3176
v -12.125 6.625 32.111 0.5373 0.5098 0.3176
v -11.875 6.625 32.236 0.5373 0.5098 0.3176
v -11.625 6.625 32.220 0.5373 0.5098 0.3176
v -11.375 6.625 32.227 0.5373 0.5098 0.3176
v -11.125 6.625 32.214 0.5373 0.5098 0.3176
v -10.875 6.625 32.202 0.5373 0.5098 0.3176
v -10.625 6.625 32.205 0.5373 0.5098 0.3176
v -10.375 6.625 32.211 0.5373 0.5098 0.3176
v -10.125 6.625 32.188 0.5373 0.5098 0.3176
v -9.875 6.625 32.228 0.5373 0.5098 0.3176
v -9.625 6.625 32.222 0.5373 0.5098 0.3176
v -9.375 6.625 32.202 0.5373 0.5098 0.3176
v -9.125 6.625 32.211 0.5373 0.5098 0.3176
v -8.875 6.625 32.211 0.5373 0.5098 0.3176
v -8.625 6.625 32.220 0.5373 0.5098 0.3176
v -8.375 6.625 32.220 0.5373 0.5098 0.3176
v -8.125 6.625 32.220 0.5373 0.5098 0.3176
v -7.875 6.625 32.239 0.5373 0.5098 0.3176
v -7.625 6.625 32.236 0.5373 0.5098 0.3176
v -7.375 6.625 32.256 0.5373 0.5098 0.3176
v -7.125 6.625 32.252 0.5373 0.5098 0.3176
v -6.875 6.625 32.252 0.5373 0.5098 0.3176
v -6.625 6.625 32.252 0.5373 0.5098 0.3176
v -6.375 6.625 32.283 0.5373 0.5098 0.3176
v -6.125 6.625 32.283 0.5373 0.5098 0.3176
v -5.875 6.625 32.272 0.5373 0.5098 0.3176
v -5.625 6.625 32.310 0.5373 0.5098 0.3176
v -5.375 6.625 32.303 0.5373 0.5098 0.3176
v -5.125 6.625 32.281 0.5373 0.5098 0.3176
v -4.875 6.625 32.361 0.5373 0.5098 0.3176
v -4.625 6.625 32.361 0.5373 0.5098 0.3176
v -4.375 6.625 32.329 0.5373 0.5098 0.3176
v -4.125 6.625 32.391 0.5373 0.5098 0.3176
v -3.875 6.625 32.345 0.5373 0.5098 0.3176
v -3.625 6.625 32.425 0.5373 0.5098 0.3176
v -3.375 6.625 32.403 0.5373 0.5098 0.3176
v -3.125 6.625 32.412 0.5373 0.5098 0.3176
v -2.875 6.625 32.412 0.5373 0.5098 0.3176
v -2.625 6.625 32.434 0.5373 0.5098 0.3176
v -2.375 6.625 32.437 0.5373 0.5098 0.3176
v -2.125 6.625 32.464 0.5373 0.5098 0.3176
v -1.875 6.625 32.464 0.5373 0.5098 0.3176
v -1.625 6.625 32.504 0.5373 0.5098 0.3176
v -1.375 6.625 32.504 0.5373 0.5098 0.3176
v -1.125 6.625 32.525 0.5373 0.5098 0.3176
v -0.875 6.625 32.556 0.5373 0.5098 0.3176
v -0.625 6.625 32.556 0.5373 0.5098 0.3176
v -0.375 6.625 32.595 0.5373 0.5098 0.3176
v -0.125 6.625 32.595 0.5373 0.5098 0.3176
v 0.125 6.625 32.672 0.5373 0.5098 0.3176
v 0.375 6.625 32.687 0.5373 0.5098 0.3176
v 0.625 6.625 32.726 0.5373 0.5098 0.3176
v 0.875 6.625 32.726 0.5373 0.5098 0.3176
v 1.125 6.625 32.745 0.5373 0.5098 0.3176
v 1.375 6.625 32.766 0.5373 0.5098 0.3176
v 1.625 6.625 32.774 0.5373 0.5098 0.3176
v 1.875 6.625 32.774 0.5373 0.5098 0.3176
v 2.125 6.625 32.775 0.5373 0.5098 0.3176
v 2.375 6.625 32.797 0.5373 0.5098 0.3176
v 2.625 6.625 32.797 0.5373 0.5098 0.3176
v 2.875 6.625 32.806 0.5373 0.5098 0.3176
v 3.125 6.625 32.824 0.5373 0.5098 0.3176
v 3.375 6.625 32.806 0.5373 0.5098 0.3176
v 3.625 6.625 32.806 0.5373 0.5098 0.3176
v 3.875 6.625 32.702 0.5373 0.5098 0.3176
v 4.125 6.625 32.699 0.5373 0.5098 0.3176
v 4.375 6.625 32.672 0.5373 0.5098 0.3176
v 4.625 6.625 32.670 0.5373 0.5098 0.3176
v 4.875 6.625 32.711 0.5373 0.5098 0.3176
v 5.125 6.625 32.681 0.5373 0.5098 0.3176
v 5.375 6.625 32.681 0.5373 0.5098 0.3176
v 5.625 6.625 32.702 0.5373 0.5098 0.3176
v 5.875 6.625 32.701 0.5373 0.5098 0.3176
v 6.125 6.625 32.699 0.5373 0.5098 0.3176
v 6.375 6.625 32.699 0.5373 0.5098 0.3176
v 6.625 6.625 32.669 0.5373 0.5098 0.3176
v 6.875 6.625 32.669 0.5373 0.5098 0.3176
v 7.125 6.625 32.690 0.5373 0.5098 0.3176
v 7.375 6.625 32.690 0.5373 0.5098 0.3176
v 7.625 6.625 32.690 0.5373 0.5098 0.3176
v 7.875 6.625 32.669 0.5373 0.5098 0.3176
v 8.125 6.625 32.669 0.5373 0.5098 0.3176
v 8.375 6.625 32.678 0.5373 0.5098 0.3176
v 8.625 6.625 32.699 0.5373 0.5098 0.3176
v 8.875 6.625 32.699 0.5373 0.5098 0.3176
v 9.125 6.625 32.678 0.5373 0.5098 0.3176
v 9.375 6.625 32.690 0.5373 0.5098 0.3176
v 9.625 6.625 32.690 0.5373 0.5098 0.3176
v 9.875 6.625 32.691 0.5373 0.5098 0.3176
v 10.125 6.625 32.693 0.5373 0.5098 0.3176
v 10.375 6.625 32.699 0.5373 0.5098 0.3176
v 10.625 6.625 32.705 0.5373 0.5098 0.3176
v 10.875 6.625 32.705 0.5373 0.5098 0.3176
v 11.125 6.625 32.701 0.5373 0.5098 0.3176
v 11.375 6.625 32.742 0.5373 0.5098 0.3176
v 11.625 6.625 32.748 0.5373 0.5098 0.3176
v 11.875 6.625 32.771 0.5373 0.5098 0.3176
v 12.125 6.625 32.771 0.5373 0.5098 0.3176
v 12.375 6.625 32.781 0.5373 0.5098 0.3176
v -12.375 6.875 32.242 0.5373 0.5098 0.3176
v -12.125 6.875 32.111 0.5373 0.5098 0.3176
v -11.875 6.875 32.236 0.5373 0.5098 0.3176
v -11.625 6.875 32.172 0.5373 0.5098 0.3176
v -11.375 6.875 32.172 0.5373 0.5098 0.3176
v -11.125 6.875 32.214 0.5373 0.5098 0.3176
v -10.875 6.875 32.202 0.5373 0.5098 0.3176
v -10.625 6.875 32.205 0.5373 0.5098 0.3176
v -10.375 6.875 32.211 0.5373 0.5098 0.3176
v -10.125 6.875 32.188 0.5373 0.5098 0.3176
v -9.875 6.875 32.163 0.5373 0.5098 0.3176
v -9.625 6.875 32.163 0.5373 0.5098 0.3176
v -9.375 6.875 32.153 0.5373 0.5098 0.3176
v -9.125 6.875 32.153 0.5373 0.5098 0.3176
v -8.875 6.875 32.153 0.5373 0.5098 0.3176
v -8.625 6.875 32.193 0.5373 0.5098 0.3176
v -8.375 6.875 32.193 0.5373 0.5098 0.3176
v -8.125 6.875 32.172 0.5373 0.5098 0.3176
v -7.875 6.875 32.163 0.5373 0.5098 0.3176
v -7.625 6.875 32.163 0.5373 0.5098 0.3176
v -7.375 6.875 32.256 0.5373 0.5098 0.3176
v -7.125 6.875 32.252 0.5373 0.5098 0.3176
v -6.875 6.875 32.187 0.5373 0.5098 0.3176
v -6.625 6.875 32.252 0.5373 0.5098 0.3176
v -6.375 6.875 32.283 0.5373 0.5098 0.3176
v -6.125 6.875 32.233 0.5373 0.5098 0.3176
v -5.875 6.875 32.251 0.5373 0.5098 0.3176
v -5.625 6.875 32.251 0.5373 0.5098 0.3176
v -5.375 6.875 32.242 0.5373 0.5098 0.3176
v -5.125 6.875 32.224 0.5373 0.5098 0.3176
v -4.875 6.875 32.269 0.5373 0.5098 0.3176
v -4.625 6.875 32.275 0.5373 0.5098 0.3176
v -4.375 6.875 32.303 0.5373 0.5098 0.3176
v -4.125 6.875 32.300 0.5373 0.5098 0.3176
v -3.875 6.875 32.342 0.5373 0.5098 0.3176
v -3.625 6.875 32.339 0.5373 0.5098 0.3176
v -3.375 6.875 32.339 0.5373 0.5098 0.3176
v -3.125 6.875 32.412 0.5373 0.5098 0.3176
v -2.875 6.875 32.333 0.5373 0.5098 0.3176
v -2.625 6.875 32.434 0.5373 0.5098 0.3176
v -2.375 6.875 32.419 0.5373 0.5098 0.3176
v -2.125 6.875 32.428 0.5373 0.5098 0.3176
v -1.875 6.875 32.428 0.5373 0.5098 0.3176
v -1.625 6.875 32.498 0.5373 0.5098 0.3176
v -1.375 6.875 32.498 0.5373 0.5098 0.3176
v -1.125 6.875 32.528 0.5373 0.5098 0.3176
v -0.875 6.875 32.550 0.5373 0.5098 0.3176
v -0.625 6.875 32.553 0.5373 0.5098 0.3176
v -0.375 6.875 32.600 0.5373 0.5098 0.3176
v -0.125 6.875 32.632 0.5373 0.5098 0.3176
v 0.125 6.875 32.650 0.5373 0.5098 0.3176
v 0.375 6.875 32.702 0.5373 0.5098 0.3176
v 0.625 6.875 32.733 0.5373 0.5098 0.3176
v 0.875 6.875 32.745 0.5373 0.5098 0.3176
v 1.125 6.875 32.758 0.5373 0.5098 0.3176
v 1.375 6.875 32.763 0.5373 0.5098 0.3176
v 1.625 6.875 32.768 0.5373 0.5098 0.3176
v 1.875 6.875 32.777 0.5373 0.5098 0.3176
v 2.125 6.875 32.795 0.5373 0.5098 0.3176
v 2.375 6.875 32.792 0.5373 0.5098 0.3176
v 2.625 6.875 32.803 0.5373 0.5098 0.3176
v 2.875 6.875 32.809 0.5373 0.5098 0.3176
v 3.125 6.875 32.822 0.5373 0.5098 0.3176
v 3.375 6.875 32.775 0.5373 0.5098 0.3176
v 3.625 6.875 32.729 0.5373 0.5098 0.3176
v 3.875 6.875 32.720 0.5373 0.5098 0.3176
v 4.125 6.875 32.699 0.5373 0.5098 0.3176
v 4.375 6.875 32.681 0.5373 0.5098 0.3176
v 4.625 6.875 32.670 0.5373 0.5098 0.3176
v 4.875 6.875 32.678 0.5373 0.5098 0.3176
v 5.125 6.875 32.681 0.5373 0.5098 0.3176
v 5.375 6.875 32.690 0.5373 0.5098 0.3176
v 5.625 6.875 32.693 0.5373 0.5098 0.3176
v 5.875 6.875 32.701 0.5373 0.5098 0.3176
v 6.125 6.875 32.701 0.5373 0.5098 0.3176
v 6.375 6.875 32.681 0.5373 0.5098 0.3176
v 6.625 6.875 32.681 0.5373 0.5098 0.3176
v 6.875 6.875 32.672 0.5373 0.5098 0.3176
v 7.125 6.875 32.672 0.5373 0.5098 0.3176
v 7.375 6.875 32.702 0.5373 0.5098 0.3176
v 7.625 6.875 32.672 0.5373 0.5098 0.3176
v 7.875 6.875 32.672 0.5373 0.5098 0.3176
v 8.125 6.875 32.681 0.5373 0.5098 0.3176
v 8.375 6.875 32.681 0.5373 0.5098 0.3176
v 8.625 6.875 32.702 0.5373 0.5098 0.3176
v 8.875 6.875 32.681 0.5373 0.5098 0.3176
v 9.125 6.875 32.681 0.5373 0.5098 0.3176
v 9.375 6.875 32.693 0.5373 0.5098 0.3176
v 9.625 6.875 32.693 0.5373 0.5098 0.3176
v 9.875 6.875 32.691 0.5373 0.5098 0.3176
v 10.125 6.875 32.693 0.5373 0.5098 0.3176
v 10.375 6.875 32.699 0.5373 0.5098 0.3176
v 10.625 6.875 32.705 0.5373 0.5098 0.3176
v 10.875 6.875 32.705 0.5373 0.5098 0.3176
v 11.125 6.875 32.701 0.5373 0.5098 0.3176
v 11.375 6.875 32.742 0.5373 0.5098 0.3176
v 11.625 6.875 32.748 0.5373 0.5098 0.3176
v 11.875 6.875 32.771 0.5373 0.5098 0.3176
v 12.125 6.875 32.771 0.5373 0.5098 0.3176
v 12.375 6.875 32.781 0.5373 0.5098 0.3176
v -12.375 7.125 32.169 0.5373 0.5098 0.3176
v -12.125 7.125 32.147 0.5373 0.5098 0.3176
v -11.875 7.125 32.160 0.5373 0.5098 0.3176
v -11.625 7.125 32.129 0.5373 0.5098 0.3176
v -11.375 7.125 32.147 0.5373 0.5098 0.3176
v -11.125 7.125 32.147 0.5373 0.5098 0.3176
v -10.875 7.125 32.132 0.5373 0.5098 0.3176
v -10.625 7.125 32.142 0.5373 0.5098 0.3176
v -10.375 7.125 32.102 0.5373 0.5098 0.3176
v -10.125 7.125 32.092 0.5373 0.5098 0.3176
v -9.875 7.125 32.118 0.5373 0.5098 0.3176
v -9.625 7.125 32.118 0.5373 0.5098 0.3176
v -9.375 7.125 32.131 0.5373 0.5098 0.3176
v -9.125 7.125 32.135 0.5373 0.5098 0.3176
v -8.875 7.125 32.132 0.5373 0.5098 0.3176
v -8.625 7.125 32.131 0.5373 0.5098 0.3176
v -8.375 7.125 32.123 0.5373 0.5098 0.3176
v -8.125 7.125 32.125 0.5373 0.5098 0.3176
v -7.875 7.125 32.140 0.5373 0.5098 0.3176
v -7.625 7.125 32.102 0.5373 0.5098 0.3176
v -7.375 7.125 32.144 0.5373 0.5098 0.3176
v -7.125 7.125 32.190 0.5373 0.5098 0.3176
v -6.875 7.125 32.187 0.5373 0.5098 0.3176
v -6.625 7.125 32.176 0.5373 0.5098 0.3176
v -6.375 7.125 32.176 0.5373 0.5098 0.3176
v -6.125 7.125 32.225 0.5373 0.5098 0.3176
v -5.875 7.125 32.269 0.5373 0.5098 0.3176
v -5.625 7.125 32.260 0.5373 0.5098 0.3176
v -5.375 7.125 32.260 0.5373 0.5098 0.3176
v -5.125 7.125 32.224 0.5373 0.5098 0.3176
v -4.875 7.125 32.237 0.5373 0.5098 0.3176
v -4.625 7.125 32.237 0.5373 0.5098 0.3176
v -4.375 7.125 32.262 0.5373 0.5098 0.3176
v -4.125 7.125 32.281 0.5373 0.5098 0.3176
v -3.875 7.125 32.281 0.5373 0.5098 0.3176
v -3.625 7.125 32.321 0.5373 0.5098 0.3176
v -3.375 7.125 32.321 0.5373 0.5098 0.3176
v -3.125 7.125 32.321 0.5373 0.5098 0.3176
v -2.875 7.125 32.333 0.5373 0.5098 0.3176
v -2.625 7.125 32.364 0.5373 0.5098 0.3176
v -2.375 7.125 32.400 0.5373 0.5098 0.3176
v -2.125 7.125 32.400 0.5373 0.5098 0.3176
v -1.875 7.125 32.443 0.5373 0.5098 0.3176
v -1.625 7.125 32.492 0.5373 0.5098 0.3176
v -1.375 7.125 32.492 0.5373 0.5098 0.3176
v -1.125 7.125 32.522 0.5373 0.5098 0.3176
v -0.875 7.125 32.522 0.5373 0.5098 0.3176
v -0.625 7.125 32.553 0.5373 0.5098 0.3176
v -0.375 7.125 32.600 0.5373 0.5098 0.3176
v -0.125 7.125 32.632 0.5373 0.5098 0.3176
v 0.125 7.125 32.650 0.5373 0.5098 0.3176
v 0.375 7.125 32.722 0.5373 0.5098 0.3176
v 0.625 7.125 32.722 0.5373 0.5098 0.3176
v 0.875 7.125 32.745 0.5373 0.5098 0.3176
v 1.125 7.125 32.758 0.5373 0.5098 0.3176
v 1.375 7.125 32.763 0.5373 0.5098 0.3176
v 1.625 7.125 32.781 0.5373 0.5098 0.3176
v 1.875 7.125 32.781 0.5373 0.5098 0.3176
v 2.125 7.125 32.793 0.5373 0.5098 0.3176
v 2.375 7.125 32.812 0.5373 0.5098 0.3176
v 2.625 7.125 32.812 0.5373 0.5098 0.3176
v 2.875 7.125 32.812 0.5373 0.5098 0.3176
v 3.125 7.125 32.812 0.5373 0.5098 0.3176
v 3.375 7.125 32.812 0.5373 0.5098 0.3176
v 3.625 7.125 32.729 0.5373 0.5098 0.3176
v 3.875 7.125 32.720 0.5373 0.5098 0.3176
v 4.125 7.125 32.699 0.5373 0.5098 0.3176
v 4.375 7.125 32.681 0.5373 0.5098 0.3176
v 4.625 7.125 32.670 0.5373 0.5098 0.3176
v 4.875 7.125 32.678 0.5373 0.5098 0.3176
v 5.125 7.125 32.681 0.5373 0.5098 0.3176
v 5.375 7.125 32.690 0.5373 0.5098 0.3176
v 5.625 7.125 32.693 0.5373 0.5098 0.3176
v 5.875 7.125 32.701 0.5373 0.5098 0.3176
v 6.125 7.125 32.701 0.5373 0.5098 0.3176
v 6.375 7.125 32.681 0.5373 0.5098 0.3176
v 6.625 7.125 32.681 0.5373 0.5098 0.3176
v 6.875 7.125 32.672 0.5373 0.5098 0.3176
v 7.125 7.125 32.672 0.5373 0.5098 0.3176
v 7.375 7.125 32.702 0.5373 0.5098 0.3176
v 7.625 7.125 32.672 0.5373 0.5098 0.3176
v 7.875 7.125 32.690 0.5373 0.5098 0.3176
v 8.125 7.125 32.681 0.5373 0.5098 0.3176
v 8.375 7.125 32.733 0.5373 0.5098 0.3176
v 8.625 7.125 32.702 0.5373 0.5098 0.3176
v 8.875 7.125 32.681 0.5373 0.5098 0.3176
v 9.125 7.125 32.685 0.5373 0.5098 0.3176
v 9.375 7.125 32.693 0.5373 0.5098 0.3176
v 9.625 7.125 32.720 0.5373 0.5098 0.3176
v 9.875 7.125 32.705 0.5373 0.5098 0.3176
v 10.125 7.125 32.705 0.5373 0.5098 0.3176
v 10.375 7.125 32.719 0.5373 0.5098 0.3176
v 10.625 7.125 32.699 0.5373 0.5098 0.3176
v 10.875 7.125 32.702 0.5373 0.5098 0.3176
v 11.125 7.125 32.699 0.5373 0.5098 0.3176
v 11.375 7.125 32.693 0.5373 0.5098 0.3176
v 11.625 7.125 32.734 0.5373 0.5098 0.3176
v 11.875 7.125 32.748 0.5373 0.5098 0.3176
v 12.125 7.125 32.742 0.5373 0.5098 0.3176
v 12.375 7.125 32.748 0.5373 0.5098 0.3176
v -12.375 7.375 32.169 0.5373 0.5098 0.3176
v -12.125 7.375 32.147 0.5373 0.5098 0.3176
v -11.875 7.375 32.163 0.5373 0.5098 0.3176
v -11.625 7.375 32.123 0.5373 0.5098 0.3176
v -11.375 7.375 32.123 0.5373 0.5098 0.3176
v -11.125 7.375 32.147 0.5373 0.5098 0.3176
v -10.875 7.375 32.132 0.5373 0.5098 0.3176
v -10.625 7.375 32.123 0.5373 0.5098 0.3176
v -10.375 7.375 32.083 0.5373 0.5098 0.3176
v -10.125 7.375 32.100 0.5373 0.5098 0.3176
v -9.875 7.375 32.092 0.5373 0.5098 0.3176
v -9.625 7.375 32.102 0.5373 0.5098 0.3176
v -9.375 7.375 32.131 0.5373 0.5098 0.3176
v -9.125 7.375 32.131 0.5373 0.5098 0.3176
v -8.875 7.375 32.114 0.5373 0.5098 0.3176
v -8.625 7.375 32.102 0.5373 0.5098 0.3176
v -8.375 7.375 32.102 0.5373 0.5098 0.3176
v -8.125 7.375 32.125 0.5373 0.5098 0.3176
v -7.875 7.375 32.140 0.5373 0.5098 0.3176
v -7.625 7.375 32.102 0.5373 0.5098 0.3176
v -7.375 7.375 32.123 0.5373 0.5098 0.3176
v -7.125 7.375 32.141 0.5373 0.5098 0.3176
v -6.875 7.375 32.178 0.5373 0.5098 0.3176
v -6.625 7.375 32.132 0.5373 0.5098 0.3176
v -6.375 7.375 32.163 0.5373 0.5098 0.3176
v -6.125 7.375 32.202 0.5373 0.5098 0.3176
v -5.875 7.375 32.181 0.5373 0.5098 0.3176
v -5.625 7.375 32.123 0.5373 0.5098 0.3176
v -5.375 7.375 32.190 0.5373 0.5098 0.3176
v -5.125 7.375 32.146 0.5373 0.5098 0.3176
v -4.875 7.375 32.146 0.5373 0.5098 0.3176
v -4.625 7.375 32.178 0.5373 0.5098 0.3176
v -4.375 7.375 32.178 0.5373 0.5098 0.3176
v -4.125 7.375 32.281 0.5373 0.5098 0.3176
v -3.875 7.375 32.138 0.5373 0.5098 0.3176
v -3.625 7.375 32.245 0.5373 0.5098 0.3176
v -3.375 7.375 32.288 0.5373 0.5098 0.3176
v -3.125 7.375 32.294 0.5373 0.5098 0.3176
v -2.875 7.375 32.315 0.5373 0.5098 0.3176
v -2.625 7.375 32.341 0.5373 0.5098 0.3176
v -2.375 7.375 32.341 0.5373 0.5098 0.3176
v -2.125 7.375 32.358 0.5373 0.5098 0.3176
v -1.875 7.375 32.397 0.5373 0.5098 0.3176
v -1.625 7.375 32.397 0.5373 0.5098 0.3176
v -1.375 7.375 32.446 0.5373 0.5098 0.3176
v -1.125 7.375 32.464 0.5373 0.5098 0.3176
v -0.875 7.375 32.516 0.5373 0.5098 0.3176
v -0.625 7.375 32.516 0.5373 0.5098 0.3176
v -0.375 7.375 32.556 0.5373 0.5098 0.3176
v -0.125 7.375 32.605 0.5373 0.5098 0.3176
v 0.125 7.375 32.605 0.5373 0.5098 0.3176
v 0.375 7.375 32.665 0.5373 0.5098 0.3176
v 0.625 7.375 32.726 0.5373 0.5098 0.3176
v 0.875 7.375 32.726 0.5373 0.5098 0.3176
v 1.125 7.375 32.745 0.5373 0.5098 0.3176
v 1.375 7.375 32.757 0.5373 0.5098 0.3176
v 1.625 7.375 32.757 0.5373 0.5098 0.3176
v 1.875 7.375 32.766 0.5373 0.5098 0.3176
v 2.125 7.375 32.778 0.5373 0.5098 0.3176
v 2.375 7.375 32.793 0.5373 0.5098 0.3176
v 2.625 7.375 32.812 0.5373 0.5098 0.3176
v 2.875 7.375 32.809 0.5373 0.5098 0.3176
v 3.125 7.375 32.815 0.5373 0.5098 0.3176
v 3.375 7.375 32.815 0.5373 0.5098 0.3176
v 3.625 7.375 32.797 0.5373 0.5098 0.3176
v 3.875 7.375 32.797 0.5373 0.5098 0.3176
v 4.125 7.375 32.711 0.5373 0.5098 0.3176
v 4.375 7.375 32.714 0.5373 0.5098 0.3176
v 4.625 7.375 32.714 0.5373 0.5098 0.3176
v 4.875 7.375 32.710 0.5373 0.5098 0.3176
v 5.125 7.375 32.748 0.5373 0.5098 0.3176
v 5.375 7.375 32.751 0.5373 0.5098 0.3176
v 5.625 7.375 32.731 0.5373 0.5098 0.3176
v 5.875 7.375 32.731 0.5373 0.5098 0.3176
v 6.125 7.375 32.740 0.5373 0.5098 0.3176
v 6.375 7.375 32.699 0.5373 0.5098 0.3176
v 6.625 7.375 32.702 0.5373 0.5098 0.3176
v 6.875 7.375 32.678 0.5373 0.5098 0.3176
v 7.125 7.375 32.678 0.5373 0.5098 0.3176
v 7.375 7.375 32.678 0.5373 0.5098 0.3176
v 7.625 7.375 32.678 0.5373 0.5098 0.3176
v 7.875 7.375 32.690 0.5373 0.5098 0.3176
v 8.125 7.375 32.717 0.5373 0.5098 0.3176
v 8.375 7.375 32.733 0.5373 0.5098 0.3176
v 8.625 7.375 32.696 0.5373 0.5098 0.3176
v 8.875 7.375 32.696 0.5373 0.5098 0.3176
v 9.125 7.375 32.685 0.5373 0.5098 0.3176
v 9.375 7.375 32.708 0.5373 0.5098 0.3176
v 9.625 7.375 32.720 0.5373 0.5098 0.3176
v 9.875 7.375 32.705 0.5373 0.5098 0.3176
v 10.125 7.375 32.705 0.5373 0.5098 0.3176
v 10.375 7.375 32.719 0.5373 0.5098 0.3176
v 10.625 7.375 32.699 0.5373 0.5098 0.3176
v 10.875 7.375 32.702 0.5373 0.5098 0.3176
v 11.125 7.375 32.699 0.5373 0.5098 0.3176
v 11.375 7.375 32.693 0.5373 0.5098 0.3176
v 11.625 7.375 32.734 0.5373 0.5098 0.3176
v 11.875 7.375 32.748 0.5373 0.5098 0.3176
v 12.125 7.375 32.742 0.5373 0.5098 0.3176
v 12.375 7.375 32.748 0.5373 0.5098 0.3176
v -12.375 7.625 32.096 0.5373 0.5098 0.3176
v -12.125 7.625 32.108 0.5373 0.5098 0.3176
v -11.875 7.625 32.086 0.5373 0.5098 0.3176
v -11.625 7.625 32.121 0.5373 0.5098 0.3176
v -11.375 7.625 32.120 0.5373 0.5098 0.3176
v -11.125 7.625 32.120 0.5373 0.5098 0.3176
v -10.875 7.625 32.100 0.5373 0.5098 0.3176
v -10.625 7.625 32.100 0.5373 0.5098 0.3176
v -10.375 7.625 32.099 0.5373 0.5098 0.3176
v -10.125 7.625 32.077 0.5373 0.5098 0.3176
v -9.875 7.625 32.077 0.5373 0.5098 0.3176
v -9.625 7.625 32.077 0.5373 0.5098 0.3176
v -9.375 7.625 32.111 0.5373 0.5098 0.3176
v -9.125 7.625 32.114 0.5373 0.5098 0.3176
v -8.875 7.625 32.121 0.5373 0.5098 0.3176
v -8.625 7.625 32.121 0.5373 0.5098 0.3176
v -8.375 7.625 32.092 0.5373 0.5098 0.3176
v -8.125 7.625 32.062 0.5373 0.5098 0.3176
v -7.875 7.625 32.062 0.5373 0.5098 0.3176
v -7.625 7.625 32.102 0.5373 0.5098 0.3176
v -7.375 7.625 32.102 0.5373 0.5098 0.3176
v -7.125 7.625 32.141 0.5373 0.5098 0.3176
v -6.875 7.625 32.178 0.5373 0.5098 0.3176
v -6.625 7.625 32.132 0.5373 0.5098 0.3176
v -6.375 7.625 32.163 0.5373 0.5098 0.3176
v -6.125 7.625 32.163 0.5373 0.5098 0.3176
v -5.875 7.625 32.163 0.5373 0.5098 0.3176
v -5.625 7.625 32.108 0.5373 0.5098 0.3176
v -5.375 7.625 32.044 0.5373 0.5098 0.3176
v -5.125 7.625 32.044 0.5373 0.5098 0.3176
v -4.875 7.625 32.106 0.5373 0.5098 0.3176
v -4.625 7.625 32.153 0.5373 0.5098 0.3176
v -4.375 7.625 32.108 0.5373 0.5098 0.3176
v -4.125 7.625 32.108 0.5373 0.5098 0.3176
v -3.875 7.625 32.138 0.5373 0.5098 0.3176
v -3.625 7.625 32.169 0.5373 0.5098 0.3176
v -3.375 7.625 32.169 0.5373 0.5098 0.3176
v -3.125 7.625 32.218 0.5373 0.5098 0.3176
v -2.875 7.625 32.257 0.5373 0.5098 0.3176
v -2.625 7.625 32.269 0.5373 0.5098 0.3176
v -2.375 7.625 32.316 0.5373 0.5098 0.3176
v -2.125 7.625 32.316 0.5373 0.5098 0.3176
v -1.875 7.625 32.366 0.5373 0.5098 0.3176
v -1.625 7.625 32.409 0.5373 0.5098 0.3176
v -1.375 7.625 32.409 0.5373 0.5098 0.3176
v -1.125 7.625 32.456 0.5373 0.5098 0.3176
v -0.875 7.625 32.456 0.5373 0.5098 0.3176
v -0.625 7.625 32.512 0.5373 0.5098 0.3176
v -0.375 7.625 32.559 0.5373 0.5098 0.3176
v -0.125 7.625 32.569 0.5373 0.5098 0.3176
v 0.125 7.625 32.633 0.5373 0.5098 0.3176
v 0.375 7.625 32.633 0.5373 0.5098 0.3176
v 0.625 7.625 32.700 0.5373 0.5098 0.3176
v 0.875 7.625 32.700 0.5373 0.5098 0.3176
v 1.125 7.625 32.750 0.5373 0.5098 0.3176
v 1.375 7.625 32.761 0.5373 0.5098 0.3176
v 1.625 7.625 32.761 0.5373 0.5098 0.3176
v 1.875 7.625 32.775 0.5373 0.5098 0.3176
v 2.125 7.625 32.775 0.5373 0.5098 0.3176
v 2.375 7.625 32.789 0.5373 0.5098 0.3176
v 2.625 7.625 32.809 0.5373 0.5098 0.3176
v 2.875 7.625 32.812 0.5373 0.5098 0.3176
v 3.125 7.625 32.819 0.5373 0.5098 0.3176
v 3.375 7.625 32.819 0.5373 0.5098 0.3176
v 3.625 7.625 32.795 0.5373 0.5098 0.3176
v 3.875 7.625 32.717 0.5373 0.5098 0.3176
v 4.125 7.625 32.711 0.5373 0.5098 0.3176
v 4.375 7.625 32.714 0.5373 0.5098 0.3176
v 4.625 7.625 32.714 0.5373 0.5098 0.3176
v 4.875 7.625 32.710 0.5373 0.5098 0.3176
v 5.125 7.625 32.748 0.5373 0.5098 0.3176
v 5.375 7.625 32.751 0.5373 0.5098 0.3176
v 5.625 7.625 32.731 0.5373 0.5098 0.3176
v 5.875 7.625 32.731 0.5373 0.5098 0.3176
v 6.125 7.625 32.740 0.5373 0.5098 0.3176
v 6.375 7.625 32.699 0.5373 0.5098 0.3176
v 6.625 7.625 32.702 0.5373 0.5098 0.3176
v 6.875 7.625 32.702 0.5373 0.5098 0.3176
v 7.125 7.625 32.681 0.5373 0.5098 0.3176
v 7.375 7.625 32.693 0.5373 0.5098 0.3176
v 7.625 7.625 32.693 0.5373 0.5098 0.3176
v 7.875 7.625 32.693 0.5373 0.5098 0.3176
v 8.125 7.625 32.693 0.5373 0.5098 0.3176
v 8.375 7.625 32.733 0.5373 0.5098 0.3176
v 8.625 7.625 32.696 0.5373 0.5098 0.3176
v 8.875 7.625 32.696 0.5373 0.5098 0.3176
v 9.125 7.625 32.685 0.5373 0.5098 0.3176
v 9.375 7.625 32.708 0.5373 0.5098 0.3176
v 9.625 7.625 32.720 0.5373 0.5098 0.3176
v 9.875 7.625 32.705 0.5373 0.5098 0.3176
v 10.125 7.625 32.705 0.5373 0.5098 0.3176
v 10.375 7.625 32.719 0.5373 0.5098 0.3176
v 10.625 7.625 32.699 0.5373 0.5098 0.3176
v 10.875 7.625 32.702 0.5373 0.5098 0.3176
v 11.125 7.625 32.699 0.5373 0.5098 0.3176
v 11.375 7.625 32.693 0.5373 0.5098 0.3176
v 11.625 7.625 32.734 0.5373 0.5098 0.3176
v 11.875 7.625 32.748 0.5373 0.5098 0.3176
v 12.125 7.625 32.742 0.5373 0.5098 0.3176
v 12.375 7.625 32.748 0.5373 0.5098 0.3176
v -12.375 7.875 32.068 0.5373 0.5098 0.3176
v -12.125 7.875 32.091 0.5373 0.5098 0.3176
v -11.875 7.875 32.065 0.5373 0.5098 0.3176
v -11.625 7.875 32.084 0.5373 0.5098 0.3176
v -11.375 7.875 32.096 0.5373 0.5098 0.3176
v -11.125 7.875 32.087 0.5373 0.5098 0.3176
v -10.875 7.875 32.091 0.5373 0.5098 0.3176
v -10.625 7.875 32.080 0.5373 0.5098 0.3176
v -10.375 7.875 32.064 0.5373 0.5098 0.3176
v -10.125 7.875 32.063 0.5373 0.5098 0.3176
v -9.875 7.875 32.060 0.5373 0.5098 0.3176
v -9.625 7.875 32.068 0.5373 0.5098 0.3176
v -9.375 7.875 32.086 0.5373 0.5098 0.3176
v -9.125 7.875 32.100 0.5373 0.5098 0.3176
v -8.875 7.875 32.100 0.5373 0.5098 0.3176
v -8.625 7.875 32.060 0.5373 0.5098 0.3176
v -8.375 7.875 32.050 0.5373 0.5098 0.3176
v -8.125 7.875 32.041 0.5373 0.5098 0.3176
v -7.875 7.875 32.052 0.5373 0.5098 0.3176
v -7.625 7.875 32.102 0.5373 0.5098 0.3176
v -7.375 7.875 32.102 0.5373 0.5098 0.3176
v -7.125 7.875 32.132 0.5373 0.5098 0.3176
v -6.875 7.875 32.132 0.5373 0.5098 0.3176
v -6.625 7.875 32.132 0.5373 0.5098 0.3176
v -6.375 7.875 32.163 0.5373 0.5098 0.3176
v -6.125 7.875 32.163 0.5373 0.5098 0.3176
v -5.875 7.875 32.163 0.5373 0.5098 0.3176
v -5.625 7.875 32.108 0.5373 0.5098 0.3176
v -5.375 7.875 32.044 0.5373 0.5098 0.3176
v -5.125 7.875 32.047 0.5373 0.5098 0.3176
v -4.875 7.875 32.044 0.5373 0.5098 0.3176
v -4.625 7.875 32.047 0.5373 0.5098 0.3176
v -4.375 7.875 32.065 0.5373 0.5098 0.3176
v -4.125 7.875 32.065 0.5373 0.5098 0.3176
v -3.875 7.875 32.096 0.5373 0.5098 0.3176
v -3.625 7.875 32.153 0.5373 0.5098 0.3176
v -3.375 7.875 32.156 0.5373 0.5098 0.3176
v -3.125 7.875 32.156 0.5373 0.5098 0.3176
v -2.875 7.875 32.205 0.5373 0.5098 0.3176
v -2.625 7.875 32.254 0.5373 0.5098 0.3176
v -2.375 7.875 32.254 0.5373 0.5098 0.3176
v -2.125 7.875 32.297 0.5373 0.5098 0.3176
v -1.875 7.875 32.345 0.5373 0.5098 0.3176
v -1.625 7.875 32.376 0.5373 0.5098 0.3176
v -1.375 7.875 32.376 0.5373 0.5098 0.3176
v -1.125 7.875 32.406 0.5373 0.5098 0.3176
v -0.875 7.875 32.464 0.5373 0.5098 0.3176
v -0.625 7.875 32.464 0.5373 0.5098 0.3176
v -0.375 7.875 32.504 0.5373 0.5098 0.3176
v -0.125 7.875 32.556 0.5373 0.5098 0.3176
v 0.125 7.875 32.626 0.5373 0.5098 0.3176
v 0.375 7.875 32.626 0.5373 0.5098 0.3176
v 0.625 7.875 32.687 0.5373 0.5098 0.3176
v 0.875 7.875 32.725 0.5373 0.5098 0.3176
v 1.125 7.875 32.725 0.5373 0.5098 0.3176
v 1.375 7.875 32.742 0.5373 0.5098 0.3176
v 1.625 7.875 32.745 0.5373 0.5098 0.3176
v 1.875 7.875 32.777 0.5373 0.5098 0.3176
v 2.125 7.875 32.777 0.5373 0.5098 0.3176
v 2.375 7.875 32.786 0.5373 0.5098 0.3176
v 2.625 7.875 32.803 0.5373 0.5098 0.3176
v 2.875 7.875 32.803 0.5373 0.5098 0.3176
v 3.125 7.875 32.819 0.5373 0.5098 0.3176
v 3.375 7.875 32.815 0.5373 0.5098 0.3176
v 3.625 7.875 32.818 0.5373 0.5098 0.3176
v 3.875 7.875 32.809 0.5373 0.5098 0.3176
v 4.125 7.875 32.809 0.5373 0.5098 0.3176
v 4.375 7.875 32.800 0.5373 0.5098 0.3176
v 4.625 7.875 32.800 0.5373 0.5098 0.3176
v 4.875 7.875 32.710 0.5373 0.5098 0.3176
v 5.125 7.875 32.748 0.5373 0.5098 0.3176
v 5.375 7.875 32.751 0.5373 0.5098 0.3176
v 5.625 7.875 32.731 0.5373 0.5098 0.3176
v 5.875 7.875 32.687 0.5373 0.5098 0.3176
v 6.125 7.875 32.740 0.5373 0.5098 0.3176
v 6.375 7.875 32.699 0.5373 0.5098 0.3176
v 6.625 7.875 32.702 0.5373 0.5098 0.3176
v 6.875 7.875 32.702 0.5373 0.5098 0.3176
v 7.125 7.875 32.681 0.5373 0.5098 0.3176
v 7.375 7.875 32.693 0.5373 0.5098 0.3176
v 7.625 7.875 32.751 0.5373 0.5098 0.3176
v 7.875 7.875 32.693 0.5373 0.5098 0.3176
v 8.125 7.875 32.693 0.5373 0.5098 0.3176
v 8.375 7.875 32.816 0.5373 0.5098 0.3176
v 8.625 7.875 32.751 0.5373 0.5098 0.3176
v 8.875 7.875 32.720 0.5373 0.5098 0.3176
v 9.125 7.875 32.733 0.5373 0.5098 0.3176
v 9.375 7.875 32.733 0.5373 0.5098 0.3176
v 9.625 7.875 32.716 0.5373 0.5098 0.3176
v 9.875 7.875 32.693 0.5373 0.5098 0.3176
v 10.125 7.875 32.693 0.5373 0.5098 0.3176
v 10.375 7.875 32.702 0.5373 0.5098 0.3176
v 10.625 7.875 32.711 0.5373 0.5098 0.3176
v 10.875 7.875 32.693 0.5373 0.5098 0.3176
v 11.125 7.875 32.711 0.5373 0.5098 0.3176
v 11.375 7.875 32.720 0.5373 0.5098 0.3176
v 11.625 7.875 32.720 0.5373 0.5098 0.3176
v 11.875 7.875 32.720 0.5373 0.5098 0.3176
v 12.125 7.875 32.720 0.5373 0.5098 0.3176
v 12.375 7.875 32.736 0.5373 0.5098 0.3176
v -12.375 8.125 32.068 0.5373 0.5098 0.3176
v -12.125 8.125 32.044 0.5373 0.5098 0.3176
v -11.875 8.125 32.044 0.5373 0.5098 0.3176
v -11.625 8.125 32.084 0.5373 0.5098 0.3176
v -11.375 8.125 32.096 0.5373 0.5098 0.3176
v -11.125 8.125 32.087 0.5373 0.5098 0.3176
v -10.875 8.125 32.091 0.5373 0.5098 0.3176
v -10.625 8.125 32.062 0.5373 0.5098 0.3176
v -10.375 8.125 32.039 0.5373 0.5098 0.3176
v -10.125 8.125 32.039 0.5373 0.5098 0.3176
v -9.875 8.125 32.050 0.5373 0.5098 0.3176
v -9.625 8.125 32.088 0.5373 0.5098 0.3176
v -9.375 8.125 32.088 0.5373 0.5098 0.3176
v -9.125 8.125 32.105 0.5373 0.5098 0.3176
v -8.875 8.125 32.094 0.5373 0.5098 0.3176
v -8.625 8.125 32.071 0.5373 0.5098 0.3176
v -8.375 8.125 32.071 0.5373 0.5098 0.3176
v -8.125 8.125 32.022 0.5373 0.5098 0.3176
v -7.875 8.125 32.022 0.5373 0.5098 0.3176
v -7.625 8.125 32.086 0.5373 0.5098 0.3176
v -7.375 8.125 32.086 0.5373 0.5098 0.3176
v -7.125 8.125 32.132 0.5373 0.5098 0.3176
v -6.875 8.125 32.132 0.5373 0.5098 0.3176
v -6.625 8.125 32.132 0.5373 0.5098 0.3176
v -6.375 8.125 32.163 0.5373 0.5098 0.3176
v -6.125 8.125 32.163 0.5373 0.5098 0.3176
v -5.875 8.125 31.995 0.5373 0.5098 0.3176
v -5.625 8.125 31.995 0.5373 0.5098 0.3176
v -5.375 8.125 31.995 0.5373 0.5098 0.3176
v -5.125 8.125 31.995 0.5373 0.5098 0.3176
v -4.875 8.125 31.998 0.5373 0.5098 0.3176
v -4.625 8.125 32.016 0.5373 0.5098 0.3176
v -4.375 8.125 32.016 0.5373 0.5098 0.3176
v -4.125 8.125 32.035 0.5373 0.5098 0.3176
v -3.875 8.125 32.105 0.5373 0.5098 0.3176
v -3.625 8.125 32.105 0.5373 0.5098 0.3176
v -3.375 8.125 32.135 0.5373 0.5098 0.3176
v -3.125 8.125 32.184 0.5373 0.5098 0.3176
v -2.875 8.125 32.187 0.5373 0.5098 0.3176
v -2.625 8.125 32.236 0.5373 0.5098 0.3176
v -2.375 8.125 32.236 0.5373 0.5098 0.3176
v -2.125 8.125 32.284 0.5373 0.5098 0.3176
v -1.875 8.125 32.336 0.5373 0.5098 0.3176
v -1.625 8.125 32.336 0.5373 0.5098 0.3176
v -1.375 8.125 32.355 0.5373 0.5098 0.3176
v -1.125 8.125 32.355 0.5373 0.5098 0.3176
v -0.875 8.125 32.416 0.5373 0.5098 0.3176
v -0.625 8.125 32.477 0.5373 0.5098 0.3176
v -0.375 8.125 32.477 0.5373 0.5098 0.3176
v -0.125 8.125 32.547 0.5373 0.5098 0.3176
v 0.125 8.125 32.547 0.5373 0.5098 0.3176
v 0.375 8.125 32.605 0.5373 0.5098 0.3176
v 0.625 8.125 32.687 0.5373 0.5098 0.3176
v 0.875 8.125 32.711 0.5373 0.5098 0.3176
v 1.125 8.125 32.714 0.5373 0.5098 0.3176
v 1.375 8.125 32.745 0.5373 0.5098 0.3176
v 1.625 8.125 32.772 0.5373 0.5098 0.3176
v 1.875 8.125 32.757 0.5373 0.5098 0.3176
v 2.125 8.125 32.757 0.5373 0.5098 0.3176
v 2.375 8.125 32.775 0.5373 0.5098 0.3176
v 2.625 8.125 32.797 0.5373 0.5098 0.3176
v 2.875 8.125 32.797 0.5373 0.5098 0.3176
v 3.125 8.125 32.806 0.5373 0.5098 0.3176
v 3.375 8.125 32.806 0.5373 0.5098 0.3176
v 3.625 8.125 32.806 0.5373 0.5098 0.3176
v 3.875 8.125 32.806 0.5373 0.5098 0.3176
v 4.125 8.125 32.818 0.5373 0.5098 0.3176
v 4.375 8.125 32.806 0.5373 0.5098 0.3176
v 4.625 8.125 32.781 0.5373 0.5098 0.3176
v 4.875 8.125 32.742 0.5373 0.5098 0.3176
v 5.125 8.125 32.742 0.5373 0.5098 0.3176
v 5.375 8.125 32.720 0.5373 0.5098 0.3176
v 5.625 8.125 32.720 0.5373 0.5098 0.3176
v 5.875 8.125 32.687 0.5373 0.5098 0.3176
v 6.125 8.125 32.693 0.5373 0.5098 0.3176
v 6.375 8.125 32.693 0.5373 0.5098 0.3176
v 6.625 8.125 32.681 0.5373 0.5098 0.3176
v 6.875 8.125 32.681 0.5373 0.5098 0.3176
v 7.125 8.125 32.726 0.5373 0.5098 0.3176
v 7.375 8.125 32.733 0.5373 0.5098 0.3176
v 7.625 8.125 32.751 0.5373 0.5098 0.3176
v 7.875 8.125 32.832 0.5373 0.5098 0.3176
v 8.125 8.125 32.832 0.5373 0.5098 0.3176
v 8.375 8.125 32.816 0.5373 0.5098 0.3176
v 8.625 8.125 32.751 0.5373 0.5098 0.3176
v 8.875 8.125 32.720 0.5373 0.5098 0.3176
v 9.125 8.125 32.733 0.5373 0.5098 0.3176
v 9.375 8.125 32.733 0.5373 0.5098 0.3176
v 9.625 8.125 32.716 0.5373 0.5098 0.3176
v 9.875 8.125 32.693 0.5373 0.5098 0.3176
v 10.125 8.125 32.693 0.5373 0.5098 0.3176
v 10.375 8.125 32.702 0.5373 0.5098 0.3176
v 10.625 8.125 32.711 0.5373 0.5098 0.3176
v 10.875 8.125 32.693 0.5373 0.5098 0.3176
v 11.125 8.125 32.711 0.5373 0.5098 0.3176
v 11.375 8.125 32.720 0.5373 0.5098 0.3176
v 11.625 8.125 32.720 0.5373 0.5098 0.3176
v 11.875 8.125 32.720 0.5373 0.5098 0.3176
v 12.125 8.125 32.720 0.5373 0.5098 0.3176
v 12.375 8.125 32.743 0.5373 0.5098 0.3176
v -12.375 8.375 32.062 0.5373 0.5098 0.3176
v -12.125 8.375 32.031 0.5373 0.5098 0.3176
v -11.875 8.375 32.031 0.5373 0.5098 0.3176
v -11.625 8.375 32.083 0.5373 0.5098 0.3176
v -11.375 8.375 32.083 0.5373 0.5098 0.3176
v -11.125 8.375 32.099 0.5373 0.5098 0.3176
v -10.875 8.375 32.099 0.5373 0.5098 0.3176
v -10.625 8.375 32.062 0.5373 0.5098 0.3176
v -10.375 8.375 32.039 0.5373 0.5098 0.3176
v -10.125 8.375 31.990 0.5373 0.5098 0.3176
v -9.875 8.375 32.050 0.5373 0.5098 0.3176
v -9.625 8.375 32.088 0.5373 0.5098 0.3176
v -9.375 8.375 32.114 0.5373 0.5098 0.3176
v -9.125 8.375 32.114 0.5373 0.5098 0.3176
v -8.875 8.375 32.123 0.5373 0.5098 0.3176
v -8.625 8.375 32.083 0.5373 0.5098 0.3176
v -8.375 8.375 32.083 0.5373 0.5098 0.3176
v -8.125 8.375 31.952 0.5373 0.5098 0.3176
v -7.875 8.375 32.001 0.5373 0.5098 0.3176
v -7.625 8.375 32.062 0.5373 0.5098 0.3176
v -7.375 8.375 32.062 0.5373 0.5098 0.3176
v -7.125 8.375 32.031 0.5373 0.5098 0.3176
v -6.875 8.375 32.031 0.5373 0.5098 0.3176
v -6.625 8.375 32.132 0.5373 0.5098 0.3176
v -6.375 8.375 32.163 0.5373 0.5098 0.3176
v -6.125 8.375 32.163 0.5373 0.5098 0.3176
v -5.875 8.375 31.957 0.5373 0.5098 0.3176
v -5.625 8.375 31.957 0.5373 0.5098 0.3176
v -5.375 8.375 31.957 0.5373 0.5098 0.3176
v -5.125 8.375 31.957 0.5373 0.5098 0.3176
v -4.875 8.375 31.952 0.5373 0.5098 0.3176
v -4.625 8.375 31.964 0.5373 0.5098 0.3176
v -4.375 8.375 32.013 0.5373 0.5098 0.3176
v -4.125 8.375 32.010 0.5373 0.5098 0.3176
v -3.875 8.375 32.096 0.5373 0.5098 0.3176
v -3.625 8.375 32.114 0.5373 0.5098 0.3176
v -3.375 8.375 32.141 0.5373 0.5098 0.3176
v -3.125 8.375 32.141 0.5373 0.5098 0.3176
v -2.875 8.375 32.181 0.5373 0.5098 0.3176
v -2.625 8.375 32.220 0.5373 0.5098 0.3176
v -2.375 8.375 32.220 0.5373 0.5098 0.3176
v -2.125 8.375 32.271 0.5373 0.5098 0.3176
v -1.875 8.375 32.271 0.5373 0.5098 0.3176
v -1.625 8.375 32.321 0.5373 0.5098 0.3176
v -1.375 8.375 32.373 0.5373 0.5098 0.3176
v -1.125 8.375 32.373 0.5373 0.5098 0.3176
v -0.875 8.375 32.400 0.5373 0.5098 0.3176
v -0.625 8.375 32.473 0.5373 0.5098 0.3176
v -0.375 8.375 32.483 0.5373 0.5098 0.3176
v -0.125 8.375 32.553 0.5373 0.5098 0.3176
v 0.125 8.375 32.562 0.5373 0.5098 0.3176
v 0.375 8.375 32.632 0.5373 0.5098 0.3176
v 0.625 8.375 32.632 0.5373 0.5098 0.3176
v 0.875 8.375 32.697 0.5373 0.5098 0.3176
v 1.125 8.375 32.742 0.5373 0.5098 0.3176
v 1.375 8.375 32.742 0.5373 0.5098 0.3176
v 1.625 8.375 32.781 0.5373 0.5098 0.3176
v 1.875 8.375 32.772 0.5373 0.5098 0.3176
v 2.125 8.375 32.781 0.5373 0.5098 0.3176
v 2.375 8.375 32.781 0.5373 0.5098 0.3176
v 2.625 8.375 32.797 0.5373 0.5098 0.3176
v 2.875 8.375 32.807 0.5373 0.5098 0.3176
v 3.125 8.375 32.833 0.5373 0.5098 0.3176
v 3.375 8.375 32.826 0.5373 0.5098 0.3176
v 3.625 8.375 32.830 0.5373 0.5098 0.3176
v 3.875 8.375 32.813 0.5373 0.5098 0.3176
v 4.125 8.375 32.797 0.5373 0.5098 0.3176
v 4.375 8.375 32.797 0.5373 0.5098 0.3176
v 4.625 8.375 32.790 0.5373 0.5098 0.3176
v 4.875 8.375 32.790 0.5373 0.5098 0.3176
v 5.125 8.375 32.742 0.5373 0.5098 0.3176
v 5.375 8.375 32.720 0.5373 0.5098 0.3176
v 5.625 8.375 32.720 0.5373 0.5098 0.3176
v 5.875 8.375 32.687 0.5373 0.5098 0.3176
v 6.125 8.375 32.693 0.5373 0.5098 0.3176
v 6.375 8.375 32.693 0.5373 0.5098 0.3176
v 6.625 8.375 32.681 0.5373 0.5098 0.3176
v 6.875 8.375 32.681 0.5373 0.5098 0.3176
v 7.125 8.375 32.726 0.5373 0.5098 0.3176
v 7.375 8.375 32.733 0.5373 0.5098 0.3176
v 7.625 8.375 32.751 0.5373 0.5098 0.3176
v 7.875 8.375 32.832 0.5373 0.5098 0.3176
v 8.125 8.375 32.832 0.5373 0.5098 0.3176
v 8.375 8.375 32.816 0.5373 0.5098 0.3176
v 8.625 8.375 32.751 0.5373 0.5098 0.3176
v 8.875 8.375 32.720 0.5373 0.5098 0.3176
v 9.125 8.375 32.733 0.5373 0.5098 0.3176
v 9.375 8.375 32.733 0.5373 0.5098 0.3176
v 9.625 8.375 32.716 0.5373 0.5098 0.3176
v 9.875 8.375 32.693 0.5373 0.5098 0.3176
v 10.125 8.375 32.693 0.5373 0.5098 0.3176
v 10.375 8.375 32.754 0.5373 0.5098 0.3176
v 10.625 8.375 32.754 0.5373 0.5098 0.3176
v 10.875 8.375 32.693 0.5373 0.5098 0.3176
v 11.125 8.375 32.711 0.5373 0.5098 0.3176
v 11.375 8.375 32.720 0.5373 0.5098 0.3176
v 11.625 8.375 32.720 0.5373 0.5098 0.3176
v 11.875 8.375 32.720 0.5373 0.5098 0.3176
v 12.125 8.375 32.720 0.5373 0.5098 0.3176
v 12.375 8.375 32.743 0.5373 0.5098 0.3176
v -12.375 8.625 31.984 0.5373 0.5098 0.3176
v -12.125 8.625 31.996 0.5373 0.5098 0.3176
v -11.875 8.625 31.984 0.5373 0.5098 0.3176
v -11.625 8.625 32.041 0.5373 0.5098 0.3176
v -11.375 8.625 32.041 0.5373 0.5098 0.3176
v -11.125 8.625 32.099 0.5373 0.5098 0.3176
v -10.875 8.625 32.099 0.5373 0.5098 0.3176
v -10.625 8.625 32.045 0.5373 0.5098 0.3176
v -10.375 8.625 31.983 0.5373 0.5098 0.3176
v -10.125 8.625 31.990 0.5373 0.5098 0.3176
v -9.875 8.625 31.995 0.5373 0.5098 0.3176
v -9.625 8.625 31.995 0.5373 0.5098 0.3176
v -9.375 8.625 32.019 0.5373 0.5098 0.3176
v -9.125 8.625 32.057 0.5373 0.5098 0.3176
v -8.875 8.625 32.057 0.5373 0.5098 0.3176
v -8.625 8.625 32.083 0.5373 0.5098 0.3176
v -8.375 8.625 32.083 0.5373 0.5098 0.3176
v -8.125 8.625 31.952 0.5373 0.5098 0.3176
v -7.875 8.625 31.955 0.5373 0.5098 0.3176
v -7.625 8.625 31.955 0.5373 0.5098 0.3176
v -7.375 8.625 32.031 0.5373 0.5098 0.3176
v -7.125 8.625 32.031 0.5373 0.5098 0.3176
v -6.875 8.625 32.031 0.5373 0.5098 0.3176
v -6.625 8.625 32.031 0.5373 0.5098 0.3176
v -6.375 8.625 32.031 0.5373 0.5098 0.3176
v -6.125 8.625 31.957 0.5373 0.5098 0.3176
v -5.875 8.625 31.957 0.5373 0.5098 0.3176
v -5.625 8.625 31.957 0.5373 0.5098 0.3176
v -5.375 8.625 31.957 0.5373 0.5098 0.3176
v -5.125 8.625 31.957 0.5373 0.5098 0.3176
v -4.875 8.625 31.952 0.5373 0.5098 0.3176
v -4.625 8.625 31.964 0.5373 0.5098 0.3176
v -4.375 8.625 31.983 0.5373 0.5098 0.3176
v -4.125 8.625 31.983 0.5373 0.5098 0.3176
v -3.875 8.625 32.096 0.5373 0.5098 0.3176
v -3.625 8.625 32.092 0.5373 0.5098 0.3176
v -3.375 8.625 32.108 0.5373 0.5098 0.3176
v -3.125 8.625 32.184 0.5373 0.5098 0.3176
v -2.875 8.625 32.184 0.5373 0.5098 0.3176
v -2.625 8.625 32.211 0.5373 0.5098 0.3176
v -2.375 8.625 32.233 0.5373 0.5098 0.3176
v -2.125 8.625 32.233 0.5373 0.5098 0.3176
v -1.875 8.625 32.271 0.5373 0.5098 0.3176
v -1.625 8.625 32.321 0.5373 0.5098 0.3176
v -1.375 8.625 32.373 0.5373 0.5098 0.3176
v -1.125 8.625 32.373 0.5373 0.5098 0.3176
v -0.875 8.625 32.400 0.5373 0.5098 0.3176
v -0.625 8.625 32.434 0.5373 0.5098 0.3176
v -0.375 8.625 32.434 0.5373 0.5098 0.3176
v -0.125 8.625 32.513 0.5373 0.5098 0.3176
v 0.125 8.625 32.553 0.5373 0.5098 0.3176
v 0.375 8.625 32.623 0.5373 0.5098 0.3176
v 0.625 8.625 32.662 0.5373 0.5098 0.3176
v 0.875 8.625 32.702 0.5373 0.5098 0.3176
v 1.125 8.625 32.702 0.5373 0.5098 0.3176
v 1.375 8.625 32.742 0.5373 0.5098 0.3176
v 1.625 8.625 32.742 0.5373 0.5098 0.3176
v 1.875 8.625 32.772 0.5373 0.5098 0.3176
v 2.125 8.625 32.781 0.5373 0.5098 0.3176
v 2.375 8.625 32.781 0.5373 0.5098 0.3176
v 2.625 8.625 32.797 0.5373 0.5098 0.3176
v 2.875 8.625 32.807 0.5373 0.5098 0.3176
v 3.125 8.625 32.821 0.5373 0.5098 0.3176
v 3.375 8.625 32.821 0.5373 0.5098 0.3176
v 3.625 8.625 32.821 0.5373 0.5098 0.3176
v 3.875 8.625 32.821 0.5373 0.5098 0.3176
v 4.125 8.625 32.797 0.5373 0.5098 0.3176
v 4.375 8.625 32.818 0.5373 0.5098 0.3176
v 4.625 8.625 32.790 0.5373 0.5098 0.3176
v 4.875 8.625 32.823 0.5373 0.5098 0.3176
v 5.125 8.625 32.818 0.5373 0.5098 0.3176
v 5.375 8.625 32.823 0.5373 0.5098 0.3176
v 5.625 8.625 32.823 0.5373 0.5098 0.3176
v 5.875 8.625 32.823 0.5373 0.5098 0.3176
v 6.125 8.625 32.816 0.5373 0.5098 0.3176
v 6.375 8.625 32.833 0.5373 0.5098 0.3176
v 6.625 8.625 32.807 0.5373 0.5098 0.3176
v 6.875 8.625 32.807 0.5373 0.5098 0.3176
v 7.125 8.625 32.832 0.5373 0.5098 0.3176
v 7.375 8.625 32.861 0.5373 0.5098 0.3176
v 7.625 8.625 32.861 0.5373 0.5098 0.3176
v 7.875 8.625 32.830 0.5373 0.5098 0.3176
v 8.125 8.625 32.830 0.5373 0.5098 0.3176
v 8.375 8.625 32.826 0.5373 0.5098 0.3176
v 8.625 8.625 32.821 0.5373 0.5098 0.3176
v 8.875 8.625 32.821 0.5373 0.5098 0.3176
v 9.125 8.625 32.830 0.5373 0.5098 0.3176
v 9.375 8.625 32.830 0.5373 0.5098 0.3176
v 9.625 8.625 32.882 0.5373 0.5098 0.3176
v 9.875 8.625 32.821 0.5373 0.5098 0.3176
v 10.125 8.625 32.793 0.5373 0.5098 0.3176
v 10.375 8.625 32.803 0.5373 0.5098 0.3176
v 10.625 8.625 32.793 0.5373 0.5098 0.3176
v 10.875 8.625 32.806 0.5373 0.5098 0.3176
v 11.125 8.625 32.803 0.5373 0.5098 0.3176
v 11.375 8.625 32.803 0.5373 0.5098 0.3176
v 11.625 8.625 32.793 0.5373 0.5098 0.3176
v 11.875 8.625 32.793 0.5373 0.5098 0.3176
v 12.125 8.625 32.793 0.5373 0.5098 0.3176
v 12.375 8.625 32.815 0.5373 0.5098 0.3176
v -12.375 8.875 31.984 0.5373 0.5098 0.3176
v -12.125 8.875 31.996 0.5373 0.5098 0.3176
v -11.875 8.875 31.984 0.5373 0.5098 0.3176
v -11.625 8.875 32.041 0.5373 0.5098 0.3176
v -11.375 8.875 31.958 0.5373 0.5098 0.3176
v -11.125 8.875 32.099 0.5373 0.5098 0.3176
v -10.875 8.875 32.099 0.5373 0.5098 0.3176
v -10.625 8.875 32.045 0.5373 0.5098 0.3176
v -10.375 8.875 32.001 0.5373 0.5098 0.3176
v -10.125 8.875 31.931 0.5373 0.5098 0.3176
v -9.875 8.875 31.931 0.5373 0.5098 0.3176
v -9.625 8.875 31.870 0.5373 0.5098 0.3176
v -9.375 8.875 31.967 0.5373 0.5098 0.3176
v -9.125 8.875 31.967 0.5373 0.5098 0.3176
v -8.875 8.875 32.019 0.5373 0.5098 0.3176
v -8.625 8.875 31.931 0.5373 0.5098 0.3176
v -8.375 8.875 31.931 0.5373 0.5098 0.3176
v -8.125 8.875 31.873 0.5373 0.5098 0.3176
v -7.875 8.875 31.873 0.5373 0.5098 0.3176
v -7.625 8.875 31.955 0.5373 0.5098 0.3176
v -7.375 8.875 32.031 0.5373 0.5098 0.3176
v -7.125 8.875 32.031 0.5373 0.5098 0.3176
v -6.875 8.875 32.031 0.5373 0.5098 0.3176
v -6.625 8.875 32.031 0.5373 0.5098 0.3176
v -6.375 8.875 32.031 0.5373 0.5098 0.3176
v -6.125 8.875 31.957 0.5373 0.5098 0.3176
v -5.875 8.875 31.957 0.5373 0.5098 0.3176
v -5.625 8.875 31.957 0.5373 0.5098 0.3176
v -5.375 8.875 31.957 0.5373 0.5098 0.3176
v -5.125 8.875 31.903 0.5373 0.5098 0.3176
v -4.875 8.875 31.903 0.5373 0.5098 0.3176
v -4.625 8.875 31.885 0.5373 0.5098 0.3176
v -4.375 8.875 31.900 0.5373 0.5098 0.3176
v -4.125 8.875 31.900 0.5373 0.5098 0.3176
v -3.875 8.875 32.050 0.5373 0.5098 0.3176
v -3.625 8.875 32.050 0.5373 0.5098 0.3176
v -3.375 8.875 32.108 0.5373 0.5098 0.3176
v -3.125 8.875 32.172 0.5373 0.5098 0.3176
v -2.875 8.875 32.172 0.5373 0.5098 0.3176
v -2.625 8.875 32.211 0.5373 0.5098 0.3176
v -2.375 8.875 32.199 0.5373 0.5098 0.3176
v -2.125 8.875 32.217 0.5373 0.5098 0.3176
v -1.875 8.875 32.217 0.5373 0.5098 0.3176
v -1.625 8.875 32.248 0.5373 0.5098 0.3176
v -1.375 8.875 32.280 0.5373 0.5098 0.3176
v -1.125 8.875 32.280 0.5373 0.5098 0.3176
v -0.875 8.875 32.326 0.5373 0.5098 0.3176
v -0.625 8.875 32.376 0.5373 0.5098 0.3176
v -0.375 8.875 32.376 0.5373 0.5098 0.3176
v -0.125 8.875 32.451 0.5373 0.5098 0.3176
v 0.125 8.875 32.528 0.5373 0.5098 0.3176
v 0.375 8.875 32.577 0.5373 0.5098 0.3176
v 0.625 8.875 32.624 0.5373 0.5098 0.3176
v 0.875 8.875 32.656 0.5373 0.5098 0.3176
v 1.125 8.875 32.693 0.5373 0.5098 0.3176
v 1.375 8.875 32.716 0.5373 0.5098 0.3176
v 1.625 8.875 32.745 0.5373 0.5098 0.3176
v 1.875 8.875 32.760 0.5373 0.5098 0.3176
v 2.125 8.875 32.772 0.5373 0.5098 0.3176
v 2.375 8.875 32.771 0.5373 0.5098 0.3176
v 2.625 8.875 32.769 0.5373 0.5098 0.3176
v 2.875 8.875 32.790 0.5373 0.5098 0.3176
v 3.125 8.875 32.790 0.5373 0.5098 0.3176
v 3.375 8.875 32.787 0.5373 0.5098 0.3176
v 3.625 8.875 32.806 0.5373 0.5098 0.3176
v 3.875 8.875 32.806 0.5373 0.5098 0.3176
v 4.125 8.875 32.819 0.5373 0.5098 0.3176
v 4.375 8.875 32.818 0.5373 0.5098 0.3176
v 4.625 8.875 32.821 0.5373 0.5098 0.3176
v 4.875 8.875 32.823 0.5373 0.5098 0.3176
v 5.125 8.875 32.818 0.5373 0.5098 0.3176
v 5.375 8.875 32.823 0.5373 0.5098 0.3176
v 5.625 8.875 32.823 0.5373 0.5098 0.3176
v 5.875 8.875 32.823 0.5373 0.5098 0.3176
v 6.125 8.875 32.816 0.5373 0.5098 0.3176
v 6.375 8.875 32.833 0.5373 0.5098 0.3176
v 6.625 8.875 32.807 0.5373 0.5098 0.3176
v 6.875 8.875 32.807 0.5373 0.5098 0.3176
v 7.125 8.875 32.832 0.5373 0.5098 0.3176
v 7.375 8.875 32.861 0.5373 0.5098 0.3176
v 7.625 8.875 32.861 0.5373 0.5098 0.3176
v 7.875 8.875 32.830 0.5373 0.5098 0.3176
v 8.125 8.875 32.830 0.5373 0.5098 0.3176
v 8.375 8.875 32.826 0.5373 0.5098 0.3176
v 8.625 8.875 32.821 0.5373 0.5098 0.3176
v 8.875 8.875 32.821 0.5373 0.5098 0.3176
v 9.125 8.875 32.842 0.5373 0.5098 0.3176
v 9.375 8.875 32.842 0.5373 0.5098 0.3176
v 9.625 8.875 32.891 0.5373 0.5098 0.3176
v 9.875 8.875 32.851 0.5373 0.5098 0.3176
v 10.125 8.875 32.821 0.5373 0.5098 0.3176
v 10.375 8.875 32.821 0.5373 0.5098 0.3176
v 10.625 8.875 32.812 0.5373 0.5098 0.3176
v 10.875 8.875 32.803 0.5373 0.5098 0.3176
v 11.125 8.875 32.821 0.5373 0.5098 0.3176
v 11.375 8.875 32.816 0.5373 0.5098 0.3176
v 11.625 8.875 32.816 0.5373 0.5098 0.3176
v 11.875 8.875 32.821 0.5373 0.5098 0.3176
v 12.125 8.875 32.797 0.5373 0.5098 0.3176
v 12.375 8.875 32.815 0.5373 0.5098 0.3176
v -12.375 9.125 31.914 0.5373 0.5098 0.3176
v -12.125 9.125 31.919 0.5373 0.5098 0.3176
v -11.875 9.125 31.891 0.5373 0.5098 0.3176
v -11.625 9.125 31.937 0.5373 0.5098 0.3176
v -11.375 9.125 31.958 0.5373 0.5098 0.3176
v -11.125 9.125 31.958 0.5373 0.5098 0.3176
v -10.875 9.125 31.958 0.5373 0.5098 0.3176
v -10.625 9.125 31.891 0.5373 0.5098 0.3176
v -10.375 9.125 31.884 0.5373 0.5098 0.3176
v -10.125 9.125 31.870 0.5373 0.5098 0.3176
v -9.875 9.125 31.852 0.5373 0.5098 0.3176
v -9.625 9.125 31.870 0.5373 0.5098 0.3176
v -9.375 9.125 31.852 0.5373 0.5098 0.3176
v -9.125 9.125 31.864 0.5373 0.5098 0.3176
v -8.875 9.125 31.839 0.5373 0.5098 0.3176
v -8.625 9.125 31.852 0.5373 0.5098 0.3176
v -8.375 9.125 31.897 0.5373 0.5098 0.3176
v -8.125 9.125 31.852 0.5373 0.5098 0.3176
v -7.875 9.125 31.873 0.5373 0.5098 0.3176
v -7.625 9.125 31.873 0.5373 0.5098 0.3176
v -7.375 9.125 31.873 0.5373 0.5098 0.3176
v -7.125 9.125 32.031 0.5373 0.5098 0.3176
v -6.875 9.125 32.031 0.5373 0.5098 0.3176
v -6.625 9.125 32.031 0.5373 0.5098 0.3176
v -6.375 9.125 32.031 0.5373 0.5098 0.3176
v -6.125 9.125 31.957 0.5373 0.5098 0.3176
v -5.875 9.125 31.957 0.5373 0.5098 0.3176
v -5.625 9.125 31.957 0.5373 0.5098 0.3176
v -5.375 9.125 31.903 0.5373 0.5098 0.3176
v -5.125 9.125 31.903 0.5373 0.5098 0.3176
v -4.875 9.125 31.903 0.5373 0.5098 0.3176
v -4.625 9.125 31.821 0.5373 0.5098 0.3176
v -4.375 9.125 31.818 0.5373 0.5098 0.3176
v -4.125 9.125 31.870 0.5373 0.5098 0.3176
v -3.875 9.125 31.931 0.5373 0.5098 0.3176
v -3.625 9.125 31.961 0.5373 0.5098 0.3176
v -3.375 9.125 32.001 0.5373 0.5098 0.3176
v -3.125 9.125 32.051 0.5373 0.5098 0.3176
v -2.875 9.125 32.153 0.5373 0.5098 0.3176
v -2.625 9.125 32.172 0.5373 0.5098 0.3176
v -2.375 9.125 32.185 0.5373 0.5098 0.3176
v -2.125 9.125 32.202 0.5373 0.5098 0.3176
v -1.875 9.125 32.204 0.5373 0.5098 0.3176
v -1.625 9.125 32.204 0.5373 0.5098 0.3176
v -1.375 9.125 32.236 0.5373 0.5098 0.3176
v -1.125 9.125 32.284 0.5373 0.5098 0.3176
v -0.875 9.125 32.284 0.5373 0.5098 0.3176
v -0.625 9.125 32.349 0.5373 0.5098 0.3176
v -0.375 9.125 32.349 0.5373 0.5098 0.3176
v -0.125 9.125 32.425 0.5373 0.5098 0.3176
v 0.125 9.125 32.521 0.5373 0.5098 0.3176
v 0.375 9.125 32.531 0.5373 0.5098 0.3176
v 0.625 9.125 32.615 0.5373 0.5098 0.3176
v 0.875 9.125 32.615 0.5373 0.5098 0.3176
v 1.125 9.125 32.670 0.5373 0.5098 0.3176
v 1.375 9.125 32.670 0.5373 0.5098 0.3176
v 1.625 9.125 32.720 0.5373 0.5098 0.3176
v 1.875 9.125 32.752 0.5373 0.5098 0.3176
v 2.125 9.125 32.763 0.5373 0.5098 0.3176
v 2.375 9.125 32.772 0.5373 0.5098 0.3176
v 2.625 9.125 32.763 0.5373 0.5098 0.3176
v 2.875 9.125 32.781 0.5373 0.5098 0.3176
v 3.125 9.125 32.807 0.5373 0.5098 0.3176
v 3.375 9.125 32.807 0.5373 0.5098 0.3176
v 3.625 9.125 32.803 0.5373 0.5098 0.3176
v 3.875 9.125 32.812 0.5373 0.5098 0.3176
v 4.125 9.125 32.821 0.5373 0.5098 0.3176
v 4.375 9.125 32.821 0.5373 0.5098 0.3176
v 4.625 9.125 32.821 0.5373 0.5098 0.3176
v 4.875 9.125 32.821 0.5373 0.5098 0.3176
v 5.125 9.125 32.818 0.5373 0.5098 0.3176
v 5.375 9.125 32.823 0.5373 0.5098 0.3176
v 5.625 9.125 32.819 0.5373 0.5098 0.3176
v 5.875 9.125 32.823 0.5373 0.5098 0.3176
v 6.125 9.125 32.821 0.5373 0.5098 0.3176
v 6.375 9.125 32.833 0.5373 0.5098 0.3176
v 6.625 9.125 32.833 0.5373 0.5098 0.3176
v 6.875 9.125 32.831 0.5373 0.5098 0.3176
v 7.125 9.125 32.832 0.5373 0.5098 0.3176
v 7.375 9.125 32.861 0.5373 0.5098 0.3176
v 7.625 9.125 32.861 0.5373 0.5098 0.3176
v 7.875 9.125 32.830 0.5373 0.5098 0.3176
v 8.125 9.125 32.830 0.5373 0.5098 0.3176
v 8.375 9.125 32.826 0.5373 0.5098 0.3176
v 8.625 9.125 32.821 0.5373 0.5098 0.3176
v 8.875 9.125 32.821 0.5373 0.5098 0.3176
v 9.125 9.125 32.842 0.5373 0.5098 0.3176
v 9.375 9.125 32.842 0.5373 0.5098 0.3176
v 9.625 9.125 32.891 0.5373 0.5098 0.3176
v 9.875 9.125 32.851 0.5373 0.5098 0.3176
v 10.125 9.125 32.841 0.5373 0.5098 0.3176
v 10.375 9.125 32.821 0.5373 0.5098 0.3176
v 10.625 9.125 32.821 0.5373 0.5098 0.3176
v 10.875 9.125 32.835 0.5373 0.5098 0.3176
v 11.125 9.125 32.826 0.5373 0.5098 0.3176
v 11.375 9.125 32.848 0.5373 0.5098 0.3176
v 11.625 9.125 32.821 0.5373 0.5098 0.3176
v 11.875 9.125 32.835 0.5373 0.5098 0.3176
v 12.125 9.125 32.839 0.5373 0.5098 0.3176
v 12.375 9.125 32.839 0.5373 0.5098 0.3176
v -12.375 9.375 31.914 0.5373 0.5098 0.3176
v -12.125 9.375 31.890 0.5373 0.5098 0.3176
v -11.875 9.375 31.890 0.5373 0.5098 0.3176
v -11.625 9.375 31.890 0.5373 0.5098 0.3176
v -11.375 9.375 31.910 0.5373 0.5098 0.3176
v -11.125 9.375 31.900 0.5373 0.5098 0.3176
v -10.875 9.375 31.861 0.5373 0.5098 0.3176
v -10.625 9.375 31.881 0.5373 0.5098 0.3176
v -10.375 9.375 31.836 0.5373 0.5098 0.3176
v -10.125 9.375 31.827 0.5373 0.5098 0.3176
v -9.875 9.375 31.812 0.5373 0.5098 0.3176
v -9.625 9.375 31.835 0.5373 0.5098 0.3176
v -9.375 9.375 31.820 0.5373 0.5098 0.3176
v -9.125 9.375 31.782 0.5373 0.5098 0.3176
v -8.875 9.375 31.800 0.5373 0.5098 0.3176
v -8.625 9.375 31.820 0.5373 0.5098 0.3176
v -8.375 9.375 31.820 0.5373 0.5098 0.3176
v -8.125 9.375 31.838 0.5373 0.5098 0.3176
v -7.875 9.375 31.862 0.5373 0.5098 0.3176
v -7.625 9.375 31.862 0.5373 0.5098 0.3176
v -7.375 9.375 31.862 0.5373 0.5098 0.3176
v -7.125 9.375 31.803 0.5373 0.5098 0.3176
v -6.875 9.375 31.803 0.5373 0.5098 0.3176
v -6.625 9.375 32.031 0.5373 0.5098 0.3176
v -6.375 9.375 32.031 0.5373 0.5098 0.3176
v -6.125 9.375 31.957 0.5373 0.5098 0.3176
v -5.875 9.375 31.751 0.5373 0.5098 0.3176
v -5.625 9.375 31.751 0.5373 0.5098 0.3176
v -5.375 9.375 31.751 0.5373 0.5098 0.3176
v -5.125 9.375 31.751 0.5373 0.5098 0.3176
v -4.875 9.375 31.751 0.5373 0.5098 0.3176
v -4.625 9.375 31.788 0.5373 0.5098 0.3176
v -4.375 9.375 31.833 0.5373 0.5098 0.3176
v -4.125 9.375 31.800 0.5373 0.5098 0.3176
v -3.875 9.375 31.849 0.5373 0.5098 0.3176
v -3.625 9.375 31.943 0.5373 0.5098 0.3176
v -3.375 9.375 31.974 0.5373 0.5098 0.3176
v -3.125 9.375 31.974 0.5373 0.5098 0.3176
v -2.875 9.375 32.153 0.5373 0.5098 0.3176
v -2.625 9.375 32.184 0.5373 0.5098 0.3176
v -2.375 9.375 32.178 0.5373 0.5098 0.3176
v -2.125 9.375 32.147 0.5373 0.5098 0.3176
v -1.875 9.375 32.147 0.5373 0.5098 0.3176
v -1.625 9.375 32.178 0.5373 0.5098 0.3176
v -1.375 9.375 32.199 0.5373 0.5098 0.3176
v -1.125 9.375 32.248 0.5373 0.5098 0.3176
v -0.875 9.375 32.248 0.5373 0.5098 0.3176
v -0.625 9.375 32.300 0.5373 0.5098 0.3176
v -0.375 9.375 32.348 0.5373 0.5098 0.3176
v -0.125 9.375 32.348 0.5373 0.5098 0.3176
v 0.125 9.375 32.470 0.5373 0.5098 0.3176
v 0.375 9.375 32.544 0.5373 0.5098 0.3176
v 0.625 9.375 32.598 0.5373 0.5098 0.3176
v 0.875 9.375 32.598 0.5373 0.5098 0.3176
v 1.125 9.375 32.670 0.5373 0.5098 0.3176
v 1.375 9.375 32.702 0.5373 0.5098 0.3176
v 1.625 9.375 32.720 0.5373 0.5098 0.3176
v 1.875 9.375 32.748 0.5373 0.5098 0.3176
v 2.125 9.375 32.748 0.5373 0.5098 0.3176
v 2.375 9.375 32.769 0.5373 0.5098 0.3176
v 2.625 9.375 32.760 0.5373 0.5098 0.3176
v 2.875 9.375 32.781 0.5373 0.5098 0.3176
v 3.125 9.375 32.797 0.5373 0.5098 0.3176
v 3.375 9.375 32.797 0.5373 0.5098 0.3176
v 3.625 9.375 32.778 0.5373 0.5098 0.3176
v 3.875 9.375 32.810 0.5373 0.5098 0.3176
v 4.125 9.375 32.833 0.5373 0.5098 0.3176
v 4.375 9.375 32.818 0.5373 0.5098 0.3176
v 4.625 9.375 32.821 0.5373 0.5098 0.3176
v 4.875 9.375 32.819 0.5373 0.5098 0.3176
v 5.125 9.375 32.827 0.5373 0.5098 0.3176
v 5.375 9.375 32.827 0.5373 0.5098 0.3176
v 5.625 9.375 32.819 0.5373 0.5098 0.3176
v 5.875 9.375 32.810 0.5373 0.5098 0.3176
v 6.125 9.375 32.810 0.5373 0.5098 0.3176
v 6.375 9.375 32.830 0.5373 0.5098 0.3176
v 6.625 9.375 32.830 0.5373 0.5098 0.3176
v 6.875 9.375 32.831 0.5373 0.5098 0.3176
v 7.125 9.375 32.851 0.5373 0.5098 0.3176
v 7.375 9.375 32.851 0.5373 0.5098 0.3176
v 7.625 9.375 32.830 0.5373 0.5098 0.3176
v 7.875 9.375 32.830 0.5373 0.5098 0.3176
v 8.125 9.375 32.830 0.5373 0.5098 0.3176
v 8.375 9.375 32.812 0.5373 0.5098 0.3176
v 8.625 9.375 32.812 0.5373 0.5098 0.3176
v 8.875 9.375 32.821 0.5373 0.5098 0.3176
v 9.125 9.375 32.821 0.5373 0.5098 0.3176
v 9.375 9.375 32.842 0.5373 0.5098 0.3176
v 9.625 9.375 32.891 0.5373 0.5098 0.3176
v 9.875 9.375 32.891 0.5373 0.5098 0.3176
v 10.125 9.375 32.830 0.5373 0.5098 0.3176
v 10.375 9.375 32.827 0.5373 0.5098 0.3176
v 10.625 9.375 32.812 0.5373 0.5098 0.3176
v 10.875 9.375 32.819 0.5373 0.5098 0.3176
v 11.125 9.375 32.815 0.5373 0.5098 0.3176
v 11.375 9.375 32.812 0.5373 0.5098 0.3176
v 11.625 9.375 32.815 0.5373 0.5098 0.3176
v 11.875 9.375 32.816 0.5373 0.5098 0.3176
v 12.125 9.375 32.808 0.5373 0.5098 0.3176
v 12.375 9.375 32.818 0.5373 0.5098 0.3176
v -12.375 9.625 31.914 0.5373 0.5098 0.3176
v -12.125 9.625 31.858 0.5373 0.5098 0.3176
v -11.875 9.625 31.879 0.5373 0.5098 0.3176
v -11.625 9.625 31.879 0.5373 0.5098 0.3176
v -11.375 9.625 31.870 0.5373 0.5098 0.3176
v -11.125 9.625 31.879 0.5373 0.5098 0.3176
v -10.875 9.625 31.879 0.5373 0.5098 0.3176
v -10.625 9.625 31.849 0.5373 0.5098 0.3176
v -10.375 9.625 31.849 0.5373 0.5098 0.3176
v -10.125 9.625 31.827 0.5373 0.5098 0.3176
v -9.875 9.625 31.818 0.5373 0.5098 0.3176
v -9.625 9.625 31.812 0.5373 0.5098 0.3176
v -9.375 9.625 31.809 0.5373 0.5098 0.3176
v -9.125 9.625 31.771 0.5373 0.5098 0.3176
v -8.875 9.625 31.794 0.5373 0.5098 0.3176
v -8.625 9.625 31.809 0.5373 0.5098 0.3176
v -8.375 9.625 31.812 0.5373 0.5098 0.3176
v -8.125 9.625 31.803 0.5373 0.5098 0.3176
v -7.875 9.625 31.821 0.5373 0.5098 0.3176
v -7.625 9.625 31.821 0.5373 0.5098 0.3176
v -7.375 9.625 31.803 0.5373 0.5098 0.3176
v -7.125 9.625 31.803 0.5373 0.5098 0.3176
v -6.875 9.625 31.803 0.5373 0.5098 0.3176
v -6.625 9.625 31.803 0.5373 0.5098 0.3176
v -6.375 9.625 31.803 0.5373 0.5098 0.3176
v -6.125 9.625 31.751 0.5373 0.5098 0.3176
v -5.875 9.625 31.751 0.5373 0.5098 0.3176
v -5.625 9.625 31.751 0.5373 0.5098 0.3176
v -5.375 9.625 31.751 0.5373 0.5098 0.3176
v -5.125 9.625 31.751 0.5373 0.5098 0.3176
v -4.875 9.625 31.751 0.5373 0.5098 0.3176
v -4.625 9.625 31.742 0.5373 0.5098 0.3176
v -4.375 9.625 31.769 0.5373 0.5098 0.3176
v -4.125 9.625 31.800 0.5373 0.5098 0.3176
v -3.875 9.625 31.800 0.5373 0.5098 0.3176
v -3.625 9.625 31.885 0.5373 0.5098 0.3176
v -3.375 9.625 31.885 0.5373 0.5098 0.3176
v -3.125 9.625 31.961 0.5373 0.5098 0.3176
v -2.875 9.625 32.044 0.5373 0.5098 0.3176
v -2.625 9.625 32.073 0.5373 0.5098 0.3176
v -2.375 9.625 32.101 0.5373 0.5098 0.3176
v -2.125 9.625 32.101 0.5373 0.5098 0.3176
v -1.875 9.625 32.131 0.5373 0.5098 0.3176
v -1.625 9.625 32.160 0.5373 0.5098 0.3176
v -1.375 9.625 32.202 0.5373 0.5098 0.3176
v -1.125 9.625 32.205 0.5373 0.5098 0.3176
v -0.875 9.625 32.257 0.5373 0.5098 0.3176
v -0.625 9.625 32.281 0.5373 0.5098 0.3176
v -0.375 9.625 32.300 0.5373 0.5098 0.3176
v -0.125 9.625 32.300 0.5373 0.5098 0.3176
v 0.125 9.625 32.440 0.5373 0.5098 0.3176
v 0.375 9.625 32.528 0.5373 0.5098 0.3176
v 0.625 9.625 32.576 0.5373 0.5098 0.3176
v 0.875 9.625 32.591 0.5373 0.5098 0.3176
v 1.125 9.625 32.649 0.5373 0.5098 0.3176
v 1.375 9.625 32.695 0.5373 0.5098 0.3176
v 1.625 9.625 32.681 0.5373 0.5098 0.3176
v 1.875 9.625 32.721 0.5373 0.5098 0.3176
v 2.125 9.625 32.743 0.5373 0.5098 0.3176
v 2.375 9.625 32.755 0.5373 0.5098 0.3176
v 2.625 9.625 32.763 0.5373 0.5098 0.3176
v 2.875 9.625 32.755 0.5373 0.5098 0.3176
v 3.125 9.625 32.780 0.5373 0.5098 0.3176
v 3.375 9.625 32.803 0.5373 0.5098 0.3176
v 3.625 9.625 32.790 0.5373 0.5098 0.3176
v 3.875 9.625 32.810 0.5373 0.5098 0.3176
v 4.125 9.625 32.824 0.5373 0.5098 0.3176
v 4.375 9.625 32.821 0.5373 0.5098 0.3176
v 4.625 9.625 32.820 0.5373 0.5098 0.3176
v 4.875 9.625 32.827 0.5373 0.5098 0.3176
v 5.125 9.625 32.818 0.5373 0.5098 0.3176
v 5.375 9.625 32.836 0.5373 0.5098 0.3176
v 5.625 9.625 32.815 0.5373 0.5098 0.3176
v 5.875 9.625 32.815 0.5373 0.5098 0.3176
v 6.125 9.625 32.807 0.5373 0.5098 0.3176
v 6.375 9.625 32.810 0.5373 0.5098 0.3176
v 6.625 9.625 32.815 0.5373 0.5098 0.3176
v 6.875 9.625 32.827 0.5373 0.5098 0.3176
v 7.125 9.625 32.830 0.5373 0.5098 0.3176
v 7.375 9.625 32.861 0.5373 0.5098 0.3176
v 7.625 9.625 32.861 0.5373 0.5098 0.3176
v 7.875 9.625 32.830 0.5373 0.5098 0.3176
v 8.125 9.625 32.830 0.5373 0.5098 0.3176
v 8.375 9.625 32.821 0.5373 0.5098 0.3176
v 8.625 9.625 32.821 0.5373 0.5098 0.3176
v 8.875 9.625 32.821 0.5373 0.5098 0.3176
v 9.125 9.625 32.830 0.5373 0.5098 0.3176
v 9.375 9.625 32.830 0.5373 0.5098 0.3176
v 9.625 9.625 32.900 0.5373 0.5098 0.3176
v 9.875 9.625 32.851 0.5373 0.5098 0.3176
v 10.125 9.625 32.819 0.5373 0.5098 0.3176
v 10.375 9.625 32.810 0.5373 0.5098 0.3176
v 10.625 9.625 32.809 0.5373 0.5098 0.3176
v 10.875 9.625 32.812 0.5373 0.5098 0.3176
v 11.125 9.625 32.809 0.5373 0.5098 0.3176
v 11.375 9.625 32.801 0.5373 0.5098 0.3176
v 11.625 9.625 32.809 0.5373 0.5098 0.3176
v 11.875 9.625 32.809 0.5373 0.5098 0.3176
v 12.125 9.625 32.806 0.5373 0.5098 0.3176
v 12.375 9.625 32.809 0.5373 0.5098 0.3176
v -12.375 9.875 31.861 0.5373 0.5098 0.3176
v -12.125 9.875 31.861 0.5373 0.5098 0.3176
v -11.875 9.875 31.830 0.5373 0.5098 0.3176
v -11.625 9.875 31.830 0.5373 0.5098 0.3176
v -11.375 9.875 31.782 0.5373 0.5098 0.3176
v -11.125 9.875 31.782 0.5373 0.5098 0.3176
v -10.875 9.875 31.797 0.5373 0.5098 0.3176
v -10.625 9.875 31.791 0.5373 0.5098 0.3176
v -10.375 9.875 31.794 0.5373 0.5098 0.3176
v -10.125 9.875 31.795 0.5373 0.5098 0.3176
v -9.875 9.875 31.795 0.5373 0.5098 0.3176
v -9.625 9.875 31.791 0.5373 0.5098 0.3176
v -9.375 9.875 31.786 0.5373 0.5098 0.3176
v -9.125 9.875 31.786 0.5373 0.5098 0.3176
v -8.875 9.875 31.764 0.5373 0.5098 0.3176
v -8.625 9.875 31.782 0.5373 0.5098 0.3176
v -8.375 9.875 31.791 0.5373 0.5098 0.3176
v -8.125 9.875 31.792 0.5373 0.5098 0.3176
v -7.875 9.875 31.782 0.5373 0.5098 0.3176
v -7.625 9.875 31.803 0.5373 0.5098 0.3176
v -7.375 9.875 31.803 0.5373 0.5098 0.3176
v -7.125 9.875 31.803 0.5373 0.5098 0.3176
v -6.875 9.875 31.803 0.5373 0.5098 0.3176
v -6.625 9.875 31.803 0.5373 0.5098 0.3176
v -6.375 9.875 31.803 0.5373 0.5098 0.3176
v -6.125 9.875 31.559 0.5373 0.5098 0.3176
v -5.875 9.875 31.751 0.5373 0.5098 0.3176
v -5.625 9.875 31.751 0.5373 0.5098 0.3176
v -5.375 9.875 31.751 0.5373 0.5098 0.3176
v -5.125 9.875 31.751 0.5373 0.5098 0.3176
v -4.875 9.875 31.751 0.5373 0.5098 0.3176
v -4.625 9.875 31.733 0.5373 0.5098 0.3176
v -4.375 9.875 31.763 0.5373 0.5098 0.3176
v -4.125 9.875 31.801 0.5373 0.5098 0.3176
v -3.875 9.875 31.830 0.5373 0.5098 0.3176
v -3.625 9.875 31.821 0.5373 0.5098 0.3176
v -3.375 9.875 31.867 0.5373 0.5098 0.3176
v -3.125 9.875 31.922 0.5373 0.5098 0.3176
v -2.875 9.875 31.971 0.5373 0.5098 0.3176
v -2.625 9.875 32.053 0.5373 0.5098 0.3176
v -2.375 9.875 32.053 0.5373 0.5098 0.3176
v -2.125 9.875 32.092 0.5373 0.5098 0.3176
v -1.875 9.875 32.092 0.5373 0.5098 0.3176
v -1.625 9.875 32.152 0.5373 0.5098 0.3176
v -1.375 9.875 32.167 0.5373 0.5098 0.3176
v -1.125 9.875 32.167 0.5373 0.5098 0.3176
v -0.875 9.875 32.217 0.5373 0.5098 0.3176
v -0.625 9.875 32.242 0.5373 0.5098 0.3176
v -0.375 9.875 32.272 0.5373 0.5098 0.3176
v -0.125 9.875 32.373 0.5373 0.5098 0.3176
v 0.125 9.875 32.373 0.5373 0.5098 0.3176
v 0.375 9.875 32.483 0.5373 0.5098 0.3176
v 0.625 9.875 32.531 0.5373 0.5098 0.3176
v 0.875 9.875 32.531 0.5373 0.5098 0.3176
v 1.125 9.875 32.649 0.5373 0.5098 0.3176
v 1.375 9.875 32.669 0.5373 0.5098 0.3176
v 1.625 9.875 32.699 0.5373 0.5098 0.3176
v 1.875 9.875 32.699 0.5373 0.5098 0.3176
v 2.125 9.875 32.736 0.5373 0.5098 0.3176
v 2.375 9.875 32.736 0.5373 0.5098 0.3176
v 2.625 9.875 32.751 0.5373 0.5098 0.3176
v 2.875 9.875 32.766 0.5373 0.5098 0.3176
v 3.125 9.875 32.766 0.5373 0.5098 0.3176
v 3.375 9.875 32.801 0.5373 0.5098 0.3176
v 3.625 9.875 32.795 0.5373 0.5098 0.3176
v 3.875 9.875 32.812 0.5373 0.5098 0.3176
v 4.125 9.875 32.839 0.5373 0.5098 0.3176
v 4.375 9.875 32.839 0.5373 0.5098 0.3176
v 4.625 9.875 32.818 0.5373 0.5098 0.3176
v 4.875 9.875 32.827 0.5373 0.5098 0.3176
v 5.125 9.875 32.827 0.5373 0.5098 0.3176
v 5.375 9.875 32.827 0.5373 0.5098 0.3176
v 5.625 9.875 32.819 0.5373 0.5098 0.3176
v 5.875 9.875 32.812 0.5373 0.5098 0.3176
v 6.125 9.875 32.800 0.5373 0.5098 0.3176
v 6.375 9.875 32.810 0.5373 0.5098 0.3176
v 6.625 9.875 32.812 0.5373 0.5098 0.3176
v 6.875 9.875 32.818 0.5373 0.5098 0.3176
v 7.125 9.875 32.818 0.5373 0.5098 0.3176
v 7.375 9.875 32.861 0.5373 0.5098 0.3176
v 7.625 9.875 32.900 0.5373 0.5098 0.3176
v 7.875 9.875 32.830 0.5373 0.5098 0.3176
v 8.125 9.875 32.830 0.5373 0.5098 0.3176
v 8.375 9.875 32.821 0.5373 0.5098 0.3176
v 8.625 9.875 32.821 0.5373 0.5098 0.3176
v 8.875 9.875 32.842 0.5373 0.5098 0.3176
v 9.125 9.875 32.830 0.5373 0.5098 0.3176
v 9.375 9.875 32.911 0.5373 0.5098 0.3176
v 9.625 9.875 32.911 0.5373 0.5098 0.3176
v 9.875 9.875 32.833 0.5373 0.5098 0.3176
v 10.125 9.875 32.815 0.5373 0.5098 0.3176
v 10.375 9.875 32.805 0.5373 0.5098 0.3176
v 10.625 9.875 32.803 0.5373 0.5098 0.3176
v 10.875 9.875 32.800 0.5373 0.5098 0.3176
v 11.125 9.875 32.790 0.5373 0.5098 0.3176
v 11.375 9.875 32.793 0.5373 0.5098 0.3176
v 11.625 9.875 32.790 0.5373 0.5098 0.3176
v 11.875 9.875 32.769 0.5373 0.5098 0.3176
v 12.125 9.875 32.769 0.5373 0.5098 0.3176
v 12.375 9.875 32.800 0.5373 0.5098 0.3176
v -12.375 10.125 31.809 0.5373 0.5098 0.3176
v -12.125 10.125 31.861 0.5373 0.5098 0.3176
v -11.875 10.125 31.830 0.5373 0.5098 0.3176
v -11.625 10.125 31.830 0.5373 0.5098 0.3176
v -11.375 10.125 31.782 0.5373 0.5098 0.3176
v -11.125 10.125 31.782 0.5373 0.5098 0.3176
v -10.875 10.125 31.782 0.5373 0.5098 0.3176
v -10.625 10.125 31.797 0.5373 0.5098 0.3176
v -10.375 10.125 31.803 0.5373 0.5098 0.3176
v -10.125 10.125 31.803 0.5373 0.5098 0.3176
v -9.875 10.125 31.794 0.5373 0.5098 0.3176
v -9.625 10.125 31.772 0.5373 0.5098 0.3176
v -9.375 10.125 31.742 0.5373 0.5098 0.3176
v -9.125 10.125 31.742 0.5373 0.5098 0.3176
v -8.875 10.125 31.763 0.5373 0.5098 0.3176
v -8.625 10.125 31.763 0.5373 0.5098 0.3176
v -8.375 10.125 31.791 0.5373 0.5098 0.3176
v -8.125 10.125 31.792 0.5373 0.5098 0.3176
v -7.875 10.125 31.782 0.5373 0.5098 0.3176
v -7.625 10.125 31.803 0.5373 0.5098 0.3176
v -7.375 10.125 31.803 0.5373 0.5098 0.3176
v -7.125 10.125 31.803 0.5373 0.5098 0.3176
v -6.875 10.125 31.721 0.5373 0.5098 0.3176
v -6.625 10.125 31.721 0.5373 0.5098 0.3176
v -6.375 10.125 31.721 0.5373 0.5098 0.3176
v -6.125 10.125 31.559 0.5373 0.5098 0.3176
v -5.875 10.125 31.559 0.5373 0.5098 0.3176
v -5.625 10.125 31.559 0.5373 0.5098 0.3176
v -5.375 10.125 31.661 0.5373 0.5098 0.3176
v -5.125 10.125 31.661 0.5373 0.5098 0.3176
v -4.875 10.125 31.661 0.5373 0.5098 0.3176
v -4.625 10.125 31.733 0.5373 0.5098 0.3176
v -4.375 10.125 31.751 0.5373 0.5098 0.3176
v -4.125 10.125 31.751 0.5373 0.5098 0.3176
v -3.875 10.125 31.782 0.5373 0.5098 0.3176
v -3.625 10.125 31.794 0.5373 0.5098 0.3176
v -3.375 10.125 31.843 0.5373 0.5098 0.3176
v -3.125 10.125 31.903 0.5373 0.5098 0.3176
v -2.875 10.125 31.961 0.5373 0.5098 0.3176
v -2.625 10.125 31.983 0.5373 0.5098 0.3176
v -2.375 10.125 32.001 0.5373 0.5098 0.3176
v -2.125 10.125 32.001 0.5373 0.5098 0.3176
v -1.875 10.125 32.031 0.5373 0.5098 0.3176
v -1.625 10.125 32.031 0.5373 0.5098 0.3176
v -1.375 10.125 32.167 0.5373 0.5098 0.3176
v -1.125 10.125 32.096 0.5373 0.5098 0.3176
v -0.875 10.125 32.217 0.5373 0.5098 0.3176
v -0.625 10.125 32.242 0.5373 0.5098 0.3176
v -0.375 10.125 32.312 0.5373 0.5098 0.3176
v -0.125 10.125 32.312 0.5373 0.5098 0.3176
v 0.125 10.125 32.403 0.5373 0.5098 0.3176
v 0.375 10.125 32.473 0.5373 0.5098 0.3176
v 0.625 10.125 32.544 0.5373 0.5098 0.3176
v 0.875 10.125 32.544 0.5373 0.5098 0.3176
v 1.125 10.125 32.586 0.5373 0.5098 0.3176
v 1.375 10.125 32.684 0.5373 0.5098 0.3176
v 1.625 10.125 32.684 0.5373 0.5098 0.3176
v 1.875 10.125 32.672 0.5373 0.5098 0.3176
v 2.125 10.125 32.702 0.5373 0.5098 0.3176
v 2.375 10.125 32.702 0.5373 0.5098 0.3176
v 2.625 10.125 32.751 0.5373 0.5098 0.3176
v 2.875 10.125 32.766 0.5373 0.5098 0.3176
v 3.125 10.125 32.763 0.5373 0.5098 0.3176
v 3.375 10.125 32.812 0.5373 0.5098 0.3176
v 3.625 10.125 32.812 0.5373 0.5098 0.3176
v 3.875 10.125 32.812 0.5373 0.5098 0.3176
v 4.125 10.125 32.862 0.5373 0.5098 0.3176
v 4.375 10.125 32.842 0.5373 0.5098 0.3176
v 4.625 10.125 32.858 0.5373 0.5098 0.3176
v 4.875 10.125 32.842 0.5373 0.5098 0.3176
v 5.125 10.125 32.864 0.5373 0.5098 0.3176
v 5.375 10.125 32.833 0.5373 0.5098 0.3176
v 5.625 10.125 32.833 0.5373 0.5098 0.3176
v 5.875 10.125 32.842 0.5373 0.5098 0.3176
v 6.125 10.125 32.842 0.5373 0.5098 0.3176
v 6.375 10.125 32.830 0.5373 0.5098 0.3176
v 6.625 10.125 32.807 0.5373 0.5098 0.3176
v 6.875 10.125 32.807 0.5373 0.5098 0.3176
v 7.125 10.125 32.821 0.5373 0.5098 0.3176
v 7.375 10.125 32.821 0.5373 0.5098 0.3176
v 7.625 10.125 32.900 0.5373 0.5098 0.3176
v 7.875 10.125 32.851 0.5373 0.5098 0.3176
v 8.125 10.125 32.851 0.5373 0.5098 0.3176
v 8.375 10.125 32.851 0.5373 0.5098 0.3176
v 8.625 10.125 32.851 0.5373 0.5098 0.3176
v 8.875 10.125 32.842 0.5373 0.5098 0.3176
v 9.125 10.125 32.851 0.5373 0.5098 0.3176
v 9.375 10.125 32.851 0.5373 0.5098 0.3176
v 9.625 10.125 32.882 0.5373 0.5098 0.3176
v 9.875 10.125 32.882 0.5373 0.5098 0.3176
v 10.125 10.125 32.812 0.5373 0.5098 0.3176
v 10.375 10.125 32.790 0.5373 0.5098 0.3176
v 10.625 10.125 32.790 0.5373 0.5098 0.3176
v 10.875 10.125 32.775 0.5373 0.5098 0.3176
v 11.125 10.125 32.768 0.5373 0.5098 0.3176
v 11.375 10.125 32.772 0.5373 0.5098 0.3176
v 11.625 10.125 32.763 0.5373 0.5098 0.3176
v 11.875 10.125 32.772 0.5373 0.5098 0.3176
v 12.125 10.125 32.779 0.5373 0.5098 0.3176
v 12.375 10.125 32.803 0.5373 0.5098 0.3176
v -12.375 10.375 31.809 0.5373 0.5098 0.3176
v -12.125 10.375 31.849 0.5373 0.5098 0.3176
v -11.875 10.375 31.849 0.5373 0.5098 0.3176
v -11.625 10.375 31.839 0.5373 0.5098 0.3176
v -11.375 10.375 31.811 0.5373 0.5098 0.3176
v -11.125 10.375 31.811 0.5373 0.5098 0.3176
v -10.875 10.375 31.800 0.5373 0.5098 0.3176
v -10.625 10.375 31.788 0.5373 0.5098 0.3176
v -10.375 10.375 31.788 0.5373 0.5098 0.3176
v -10.125 10.375 31.788 0.5373 0.5098 0.3176
v -9.875 10.375 31.791 0.5373 0.5098 0.3176
v -9.625 10.375 31.788 0.5373 0.5098 0.3176
v -9.375 10.375 31.772 0.5373 0.5098 0.3176
v -9.125 10.375 31.760 0.5373 0.5098 0.3176
v -8.875 10.375 31.769 0.5373 0.5098 0.3176
v -8.625 10.375 31.771 0.5373 0.5098 0.3176
v -8.375 10.375 31.772 0.5373 0.5098 0.3176
v -8.125 10.375 31.769 0.5373 0.5098 0.3176
v -7.875 10.375 31.769 0.5373 0.5098 0.3176
v -7.625 10.375 31.733 0.5373 0.5098 0.3176
v -7.375 10.375 31.733 0.5373 0.5098 0.3176
v -7.125 10.375 31.721 0.5373 0.5098 0.3176
v -6.875 10.375 31.721 0.5373 0.5098 0.3176
v -6.625 10.375 31.721 0.5373 0.5098 0.3176
v -6.375 10.375 31.721 0.5373 0.5098 0.3176
v -6.125 10.375 31.559 0.5373 0.5098 0.3176
v -5.875 10.375 31.559 0.5373 0.5098 0.3176
v -5.625 10.375 31.559 0.5373 0.5098 0.3176
v -5.375 10.375 31.559 0.5373 0.5098 0.3176
v -5.125 10.375 31.661 0.5373 0.5098 0.3176
v -4.875 10.375 31.661 0.5373 0.5098 0.3176
v -4.625 10.375 31.670 0.5373 0.5098 0.3176
v -4.375 10.375 31.686 0.5373 0.5098 0.3176
v -4.125 10.375 31.711 0.5373 0.5098 0.3176
v -3.875 10.375 31.725 0.5373 0.5098 0.3176
v -3.625 10.375 31.725 0.5373 0.5098 0.3176
v -3.375 10.375 31.772 0.5373 0.5098 0.3176
v -3.125 10.375 31.861 0.5373 0.5098 0.3176
v -2.875 10.375 31.910 0.5373 0.5098 0.3176
v -2.625 10.375 31.947 0.5373 0.5098 0.3176
v -2.375 10.375 31.974 0.5373 0.5098 0.3176
v -2.125 10.375 31.997 0.5373 0.5098 0.3176
v -1.875 10.375 32.042 0.5373 0.5098 0.3176
v -1.625 10.375 32.071 0.5373 0.5098 0.3176
v -1.375 10.375 32.080 0.5373 0.5098 0.3176
v -1.125 10.375 32.096 0.5373 0.5098 0.3176
v -0.875 10.375 32.123 0.5373 0.5098 0.3176
v -0.625 10.375 32.158 0.5373 0.5098 0.3176
v -0.375 10.375 32.199 0.5373 0.5098 0.3176
v -0.125 10.375 32.199 0.5373 0.5098 0.3176
v 0.125 10.375 32.335 0.5373 0.5098 0.3176
v 0.375 10.375 32.435 0.5373 0.5098 0.3176
v 0.625 10.375 32.496 0.5373 0.5098 0.3176
v 0.875 10.375 32.496 0.5373 0.5098 0.3176
v 1.125 10.375 32.586 0.5373 0.5098 0.3176
v 1.375 10.375 32.612 0.5373 0.5098 0.3176
v 1.625 10.375 32.637 0.5373 0.5098 0.3176
v 1.875 10.375 32.662 0.5373 0.5098 0.3176
v 2.125 10.375 32.667 0.5373 0.5098 0.3176
v 2.375 10.375 32.709 0.5373 0.5098 0.3176
v 2.625 10.375 32.726 0.5373 0.5098 0.3176
v 2.875 10.375 32.742 0.5373 0.5098 0.3176
v 3.125 10.375 32.763 0.5373 0.5098 0.3176
v 3.375 10.375 32.798 0.5373 0.5098 0.3176
v 3.625 10.375 32.790 0.5373 0.5098 0.3176
v 3.875 10.375 32.790 0.5373 0.5098 0.3176
v 4.125 10.375 32.830 0.5373 0.5098 0.3176
v 4.375 10.375 32.830 0.5373 0.5098 0.3176
v 4.625 10.375 32.858 0.5373 0.5098 0.3176
v 4.875 10.375 32.851 0.5373 0.5098 0.3176
v 5.125 10.375 32.851 0.5373 0.5098 0.3176
v 5.375 10.375 32.842 0.5373 0.5098 0.3176
v 5.625 10.375 32.818 0.5373 0.5098 0.3176
v 5.875 10.375 32.807 0.5373 0.5098 0.3176
v 6.125 10.375 32.807 0.5373 0.5098 0.3176
v 6.375 10.375 32.803 0.5373 0.5098 0.3176
v 6.625 10.375 32.803 0.5373 0.5098 0.3176
v 6.875 10.375 32.803 0.5373 0.5098 0.3176
v 7.125 10.375 32.803 0.5373 0.5098 0.3176
v 7.375 10.375 32.882 0.5373 0.5098 0.3176
v 7.625 10.375 32.882 0.5373 0.5098 0.3176
v 7.875 10.375 32.873 0.5373 0.5098 0.3176
v 8.125 10.375 32.873 0.5373 0.5098 0.3176
v 8.375 10.375 32.861 0.5373 0.5098 0.3176
v 8.625 10.375 32.842 0.5373 0.5098 0.3176
v 8.875 10.375 32.842 0.5373 0.5098 0.3176
v 9.125 10.375 32.861 0.5373 0.5098 0.3176
v 9.375 10.375 32.891 0.5373 0.5098 0.3176
v 9.625 10.375 32.882 0.5373 0.5098 0.3176
v 9.875 10.375 32.812 0.5373 0.5098 0.3176
v 10.125 10.375 32.793 0.5373 0.5098 0.3176
v 10.375 10.375 32.790 0.5373 0.5098 0.3176
v 10.625 10.375 32.790 0.5373 0.5098 0.3176
v 10.875 10.375 32.775 0.5373 0.5098 0.3176
v 11.125 10.375 32.768 0.5373 0.5098 0.3176
v 11.375 10.375 32.772 0.5373 0.5098 0.3176
v 11.625 10.375 32.763 0.5373 0.5098 0.3176
v 11.875 10.375 32.772 0.5373 0.5098 0.3176
v 12.125 10.375 32.763 0.5373 0.5098 0.3176
v 12.375 10.375 32.781 0.5373 0.5098 0.3176
v -12.375 10.625 31.809 0.5373 0.5098 0.3176
v -12.125 10.625 31.818 0.5373 0.5098 0.3176
v -11.875 10.625 31.818 0.5373 0.5098 0.3176
v -11.625 10.625 31.818 0.5373 0.5098 0.3176
v -11.375 10.625 31.809 0.5373 0.5098 0.3176
v -11.125 10.625 31.812 0.5373 0.5098 0.3176
v -10.875 10.625 31.785 0.5373 0.5098 0.3176
v -10.625 10.625 31.788 0.5373 0.5098 0.3176
v -10.375 10.625 31.777 0.5373 0.5098 0.3176
v -10.125 10.625 31.788 0.5373 0.5098 0.3176
v -9.875 10.625 31.799 0.5373 0.5098 0.3176
v -9.625 10.625 31.791 0.5373 0.5098 0.3176
v -9.375 10.625 31.774 0.5373 0.5098 0.3176
v -9.125 10.625 31.742 0.5373 0.5098 0.3176
v -8.875 10.625 31.745 0.5373 0.5098 0.3176
v -8.625 10.625 31.777 0.5373 0.5098 0.3176
v -8.375 10.625 31.782 0.5373 0.5098 0.3176
v -8.125 10.625 31.770 0.5373 0.5098 0.3176
v -7.875 10.625 31.733 0.5373 0.5098 0.3176
v -7.625 10.625 31.742 0.5373 0.5098 0.3176
v -7.375 10.625 31.721 0.5373 0.5098 0.3176
v -7.125 10.625 31.721 0.5373 0.5098 0.3176
v -6.875 10.625 31.721 0.5373 0.5098 0.3176
v -6.625 10.625 31.721 0.5373 0.5098 0.3176
v -6.375 10.625 31.721 0.5373 0.5098 0.3176
v -6.125 10.625 31.559 0.5373 0.5098 0.3176
v -5.875 10.625 31.559 0.5373 0.5098 0.3176
v -5.625 10.625 31.559 0.5373 0.5098 0.3176
v -5.375 10.625 31.559 0.5373 0.5098 0.3176
v -5.125 10.625 31.591 0.5373 0.5098 0.3176
v -4.875 10.625 31.591 0.5373 0.5098 0.3176
v -4.625 10.625 31.615 0.5373 0.5098 0.3176
v -4.375 10.625 31.641 0.5373 0.5098 0.3176
v -4.125 10.625 31.669 0.5373 0.5098 0.3176
v -3.875 10.625 31.681 0.5373 0.5098 0.3176
v -3.625 10.625 31.721 0.5373 0.5098 0.3176
v -3.375 10.625 31.785 0.5373 0.5098 0.3176
v -3.125 10.625 31.821 0.5373 0.5098 0.3176
v -2.875 10.625 31.885 0.5373 0.5098 0.3176
v -2.625 10.625 31.885 0.5373 0.5098 0.3176
v -2.375 10.625 31.940 0.5373 0.5098 0.3176
v -2.125 10.625 31.958 0.5373 0.5098 0.3176
v -1.875 10.625 32.010 0.5373 0.5098 0.3176
v -1.625 10.625 32.019 0.5373 0.5098 0.3176
v -1.375 10.625 32.019 0.5373 0.5098 0.3176
v -1.125 10.625 32.054 0.5373 0.5098 0.3176
v -0.875 10.625 32.083 0.5373 0.5098 0.3176
v -0.625 10.625 32.123 0.5373 0.5098 0.3176
v -0.375 10.625 32.211 0.5373 0.5098 0.3176
v -0.125 10.625 32.211 0.5373 0.5098 0.3176
v 0.125 10.625 32.335 0.5373 0.5098 0.3176
v 0.375 10.625 32.382 0.5373 0.5098 0.3176
v 0.625 10.625 32.382 0.5373 0.5098 0.3176
v 0.875 10.625 32.522 0.5373 0.5098 0.3176
v 1.125 10.625 32.586 0.5373 0.5098 0.3176
v 1.375 10.625 32.612 0.5373 0.5098 0.3176
v 1.625 10.625 32.637 0.5373 0.5098 0.3176
v 1.875 10.625 32.659 0.5373 0.5098 0.3176
v 2.125 10.625 32.669 0.5373 0.5098 0.3176
v 2.375 10.625 32.672 0.5373 0.5098 0.3176
v 2.625 10.625 32.690 0.5373 0.5098 0.3176
v 2.875 10.625 32.720 0.5373 0.5098 0.3176
v 3.125 10.625 32.742 0.5373 0.5098 0.3176
v 3.375 10.625 32.746 0.5373 0.5098 0.3176
v 3.625 10.625 32.775 0.5373 0.5098 0.3176
v 3.875 10.625 32.775 0.5373 0.5098 0.3176
v 4.125 10.625 32.787 0.5373 0.5098 0.3176
v 4.375 10.625 32.787 0.5373 0.5098 0.3176
v 4.625 10.625 32.787 0.5373 0.5098 0.3176
v 4.875 10.625 32.787 0.5373 0.5098 0.3176
v 5.125 10.625 32.818 0.5373 0.5098 0.3176
v 5.375 10.625 32.787 0.5373 0.5098 0.3176
v 5.625 10.625 32.787 0.5373 0.5098 0.3176
v 5.875 10.625 32.787 0.5373 0.5098 0.3176
v 6.125 10.625 32.790 0.5373 0.5098 0.3176
v 6.375 10.625 32.778 0.5373 0.5098 0.3176
v 6.625 10.625 32.781 0.5373 0.5098 0.3176
v 6.875 10.625 32.795 0.5373 0.5098 0.3176
v 7.125 10.625 32.827 0.5373 0.5098 0.3176
v 7.375 10.625 32.882 0.5373 0.5098 0.3176
v 7.625 10.625 32.879 0.5373 0.5098 0.3176
v 7.875 10.625 32.870 0.5373 0.5098 0.3176
v 8.125 10.625 32.870 0.5373 0.5098 0.3176
v 8.375 10.625 32.879 0.5373 0.5098 0.3176
v 8.625 10.625 32.879 0.5373 0.5098 0.3176
v 8.875 10.625 32.816 0.5373 0.5098 0.3176
v 9.125 10.625 32.861 0.5373 0.5098 0.3176
v 9.375 10.625 32.864 0.5373 0.5098 0.3176
v 9.625 10.625 32.848 0.5373 0.5098 0.3176
v 9.875 10.625 32.801 0.5373 0.5098 0.3176
v 10.125 10.625 32.772 0.5373 0.5098 0.3176
v 10.375 10.625 32.760 0.5373 0.5098 0.3176
v 10.625 10.625 32.742 0.5373 0.5098 0.3176
v 10.875 10.625 32.754 0.5373 0.5098 0.3176
v 11.125 10.625 32.740 0.5373 0.5098 0.3176
v 11.375 10.625 32.725 0.5373 0.5098 0.3176
v 11.625 10.625 32.717 0.5373 0.5098 0.3176
v 11.875 10.625 32.717 0.5373 0.5098 0.3176
v 12.125 10.625 32.708 0.5373 0.5098 0.3176
v 12.375 10.625 32.701 0.5373 0.5098 0.3176
v -12.375 10.875 31.779 0.5373 0.5098 0.3176
v -12.125 10.875 31.809 0.5373 0.5098 0.3176
v -11.875 10.875 31.809 0.5373 0.5098 0.3176
v -11.625 10.875 31.800 0.5373 0.5098 0.3176
v -11.375 10.875 31.800 0.5373 0.5098 0.3176
v -11.125 10.875 31.779 0.5373 0.5098 0.3176
v -10.875 10.875 31.779 0.5373 0.5098 0.3176
v -10.625 10.875 31.779 0.5373 0.5098 0.3176
v -10.375 10.875 31.766 0.5373 0.5098 0.3176
v -10.125 10.875 31.779 0.5373 0.5098 0.3176
v -9.875 10.875 31.779 0.5373 0.5098 0.3176
v -9.625 10.875 31.775 0.5373 0.5098 0.3176
v -9.375 10.875 31.745 0.5373 0.5098 0.3176
v -9.125 10.875 31.730 0.5373 0.5098 0.3176
v -8.875 10.875 31.730 0.5373 0.5098 0.3176
v -8.625 10.875 31.765 0.5373 0.5098 0.3176
v -8.375 10.875 31.769 0.5373 0.5098 0.3176
v -8.125 10.875 31.730 0.5373 0.5098 0.3176
v -7.875 10.875 31.730 0.5373 0.5098 0.3176
v -7.625 10.875 31.699 0.5373 0.5098 0.3176
v -7.375 10.875 31.699 0.5373 0.5098 0.3176
v -7.125 10.875 31.721 0.5373 0.5098 0.3176
v -6.875 10.875 31.721 0.5373 0.5098 0.3176
v -6.625 10.875 31.721 0.5373 0.5098 0.3176
v -6.375 10.875 31.693 0.5373 0.5098 0.3176
v -6.125 10.875 31.559 0.5373 0.5098 0.3176
v -5.875 10.875 31.559 0.5373 0.5098 0.3176
v -5.625 10.875 31.559 0.5373 0.5098 0.3176
v -5.375 10.875 31.559 0.5373 0.5098 0.3176
v -5.125 10.875 31.559 0.5373 0.5098 0.3176
v -4.875 10.875 31.550 0.5373 0.5098 0.3176
v -4.625 10.875 31.568 0.5373 0.5098 0.3176
v -4.375 10.875 31.608 0.5373 0.5098 0.3176
v -4.125 10.875 31.608 0.5373 0.5098 0.3176
v -3.875 10.875 31.647 0.5373 0.5098 0.3176
v -3.625 10.875 31.701 0.5373 0.5098 0.3176
v -3.375 10.875 31.701 0.5373 0.5098 0.3176
v -3.125 10.875 31.769 0.5373 0.5098 0.3176
v -2.875 10.875 31.852 0.5373 0.5098 0.3176
v -2.625 10.875 31.858 0.5373 0.5098 0.3176
v -2.375 10.875 31.903 0.5373 0.5098 0.3176
v -2.125 10.875 31.911 0.5373 0.5098 0.3176
v -1.875 10.875 31.955 0.5373 0.5098 0.3176
v -1.625 10.875 31.983 0.5373 0.5098 0.3176
v -1.375 10.875 31.998 0.5373 0.5098 0.3176
v -1.125 10.875 32.019 0.5373 0.5098 0.3176
v -0.875 10.875 32.019 0.5373 0.5098 0.3176
v -0.625 10.875 32.123 0.5373 0.5098 0.3176
v -0.375 10.875 32.149 0.5373 0.5098 0.3176
v -0.125 10.875 32.216 0.5373 0.5098 0.3176
v 0.125 10.875 32.278 0.5373 0.5098 0.3176
v 0.375 10.875 32.370 0.5373 0.5098 0.3176
v 0.625 10.875 32.422 0.5373 0.5098 0.3176
v 0.875 10.875 32.522 0.5373 0.5098 0.3176
v 1.125 10.875 32.531 0.5373 0.5098 0.3176
v 1.375 10.875 32.548 0.5373 0.5098 0.3176
v 1.625 10.875 32.583 0.5373 0.5098 0.3176
v 1.875 10.875 32.583 0.5373 0.5098 0.3176
v 2.125 10.875 32.613 0.5373 0.5098 0.3176
v 2.375 10.875 32.613 0.5373 0.5098 0.3176
v 2.625 10.875 32.670 0.5373 0.5098 0.3176
v 2.875 10.875 32.670 0.5373 0.5098 0.3176
v 3.125 10.875 32.696 0.5373 0.5098 0.3176
v 3.375 10.875 32.739 0.5373 0.5098 0.3176
v 3.625 10.875 32.739 0.5373 0.5098 0.3176
v 3.875 10.875 32.741 0.5373 0.5098 0.3176
v 4.125 10.875 32.755 0.5373 0.5098 0.3176
v 4.375 10.875 32.763 0.5373 0.5098 0.3176
v 4.625 10.875 32.746 0.5373 0.5098 0.3176
v 4.875 10.875 32.772 0.5373 0.5098 0.3176
v 5.125 10.875 32.755 0.5373 0.5098 0.3176
v 5.375 10.875 32.760 0.5373 0.5098 0.3176
v 5.625 10.875 32.746 0.5373 0.5098 0.3176
v 5.875 10.875 32.765 0.5373 0.5098 0.3176
v 6.125 10.875 32.771 0.5373 0.5098 0.3176
v 6.375 10.875 32.781 0.5373 0.5098 0.3176
v 6.625 10.875 32.769 0.5373 0.5098 0.3176
v 6.875 10.875 32.777 0.5373 0.5098 0.3176
v 7.125 10.875 32.795 0.5373 0.5098 0.3176
v 7.375 10.875 32.815 0.5373 0.5098 0.3176
v 7.625 10.875 32.807 0.5373 0.5098 0.3176
v 7.875 10.875 32.818 0.5373 0.5098 0.3176
v 8.125 10.875 32.817 0.5373 0.5098 0.3176
v 8.375 10.875 32.803 0.5373 0.5098 0.3176
v 8.625 10.875 32.815 0.5373 0.5098 0.3176
v 8.875 10.875 32.816 0.5373 0.5098 0.3176
v 9.125 10.875 32.818 0.5373 0.5098 0.3176
v 9.375 10.875 32.817 0.5373 0.5098 0.3176
v 9.625 10.875 32.803 0.5373 0.5098 0.3176
v 9.875 10.875 32.800 0.5373 0.5098 0.3176
v 10.125 10.875 32.783 0.5373 0.5098 0.3176
v 10.375 10.875 32.783 0.5373 0.5098 0.3176
v 10.625 10.875 32.731 0.5373 0.5098 0.3176
v 10.875 10.875 32.742 0.5373 0.5098 0.3176
v 11.125 10.875 32.721 0.5373 0.5098 0.3176
v 11.375 10.875 32.707 0.5373 0.5098 0.3176
v 11.625 10.875 32.684 0.5373 0.5098 0.3176
v 11.875 10.875 32.691 0.5373 0.5098 0.3176
v 12.125 10.875 32.669 0.5373 0.5098 0.3176
v 12.375 10.875 32.672 0.5373 0.5098 0.3176
v -12.375 11.125 31.779 0.5373 0.5098 0.3176
v -12.125 11.125 31.748 0.5373 0.5098 0.3176
v -11.875 11.125 31.769 0.5373 0.5098 0.3176
v -11.625 11.125 31.769 0.5373 0.5098 0.3176
v -11.375 11.125 31.800 0.5373 0.5098 0.3176
v -11.125 11.125 31.757 0.5373 0.5098 0.3176
v -10.875 11.125 31.757 0.5373 0.5098 0.3176
v -10.625 11.125 31.780 0.5373 0.5098 0.3176
v -10.375 11.125 31.757 0.5373 0.5098 0.3176
v -10.125 11.125 31.772 0.5373 0.5098 0.3176
v -9.875 11.125 31.767 0.5373 0.5098 0.3176
v -9.625 11.125 31.751 0.5373 0.5098 0.3176
v -9.375 11.125 31.741 0.5373 0.5098 0.3176
v -9.125 11.125 31.730 0.5373 0.5098 0.3176
v -8.875 11.125 31.733 0.5373 0.5098 0.3176
v -8.625 11.125 31.754 0.5373 0.5098 0.3176
v -8.375 11.125 31.756 0.5373 0.5098 0.3176
v -8.125 11.125 31.737 0.5373 0.5098 0.3176
v -7.875 11.125 31.737 0.5373 0.5098 0.3176
v -7.625 11.125 31.697 0.5373 0.5098 0.3176
v -7.375 11.125 31.697 0.5373 0.5098 0.3176
v -7.125 11.125 31.697 0.5373 0.5098 0.3176
v -6.875 11.125 31.693 0.5373 0.5098 0.3176
v -6.625 11.125 31.693 0.5373 0.5098 0.3176
v -6.375 11.125 31.693 0.5373 0.5098 0.3176
v -6.125 11.125 31.559 0.5373 0.5098 0.3176
v -5.875 11.125 31.559 0.5373 0.5098 0.3176
v -5.625 11.125 31.559 0.5373 0.5098 0.3176
v -5.375 11.125 31.559 0.5373 0.5098 0.3176
v -5.125 11.125 31.519 0.5373 0.5098 0.3176
v -4.875 11.125 31.519 0.5373 0.5098 0.3176
v -4.625 11.125 31.532 0.5373 0.5098 0.3176
v -4.375 11.125 31.558 0.5373 0.5098 0.3176
v -4.125 11.125 31.584 0.5373 0.5098 0.3176
v -3.875 11.125 31.606 0.5373 0.5098 0.3176
v -3.625 11.125 31.647 0.5373 0.5098 0.3176
v -3.375 11.125 31.721 0.5373 0.5098 0.3176
v -3.125 11.125 31.772 0.5373 0.5098 0.3176
v -2.875 11.125 31.827 0.5373 0.5098 0.3176
v -2.625 11.125 31.827 0.5373 0.5098 0.3176
v -2.375 11.125 31.865 0.5373 0.5098 0.3176
v -2.125 11.125 31.888 0.5373 0.5098 0.3176
v -1.875 11.125 31.916 0.5373 0.5098 0.3176
v -1.625 11.125 31.934 0.5373 0.5098 0.3176
v -1.375 11.125 31.948 0.5373 0.5098 0.3176
v -1.125 11.125 31.992 0.5373 0.5098 0.3176
v -0.875 11.125 32.016 0.5373 0.5098 0.3176
v -0.625 11.125 32.051 0.5373 0.5098 0.3176
v -0.375 11.125 32.082 0.5373 0.5098 0.3176
v -0.125 11.125 32.082 0.5373 0.5098 0.3176
v 0.125 11.125 32.227 0.5373 0.5098 0.3176
v 0.375 11.125 32.350 0.5373 0.5098 0.3176
v 0.625 11.125 32.400 0.5373 0.5098 0.3176
v 0.875 11.125 32.461 0.5373 0.5098 0.3176
v 1.125 11.125 32.461 0.5373 0.5098 0.3176
v 1.375 11.125 32.521 0.5373 0.5098 0.3176
v 1.625 11.125 32.553 0.5373 0.5098 0.3176
v 1.875 11.125 32.571 0.5373 0.5098 0.3176
v 2.125 11.125 32.623 0.5373 0.5098 0.3176
v 2.375 11.125 32.629 0.5373 0.5098 0.3176
v 2.625 11.125 32.672 0.5373 0.5098 0.3176
v 2.875 11.125 32.669 0.5373 0.5098 0.3176
v 3.125 11.125 32.667 0.5373 0.5098 0.3176
v 3.375 11.125 32.667 0.5373 0.5098 0.3176
v 3.625 11.125 32.717 0.5373 0.5098 0.3176
v 3.875 11.125 32.725 0.5373 0.5098 0.3176
v 4.125 11.125 32.729 0.5373 0.5098 0.3176
v 4.375 11.125 32.742 0.5373 0.5098 0.3176
v 4.625 11.125 32.740 0.5373 0.5098 0.3176
v 4.875 11.125 32.739 0.5373 0.5098 0.3176
v 5.125 11.125 32.739 0.5373 0.5098 0.3176
v 5.375 11.125 32.739 0.5373 0.5098 0.3176
v 5.625 11.125 32.731 0.5373 0.5098 0.3176
v 5.875 11.125 32.745 0.5373 0.5098 0.3176
v 6.125 11.125 32.745 0.5373 0.5098 0.3176
v 6.375 11.125 32.760 0.5373 0.5098 0.3176
v 6.625 11.125 32.751 0.5373 0.5098 0.3176
v 6.875 11.125 32.763 0.5373 0.5098 0.3176
v 7.125 11.125 32.771 0.5373 0.5098 0.3176
v 7.375 11.125 32.784 0.5373 0.5098 0.3176
v 7.625 11.125 32.787 0.5373 0.5098 0.3176
v 7.875 11.125 32.787 0.5373 0.5098 0.3176
v 8.125 11.125 32.787 0.5373 0.5098 0.3176
v 8.375 11.125 32.787 0.5373 0.5098 0.3176
v 8.625 11.125 32.800 0.5373 0.5098 0.3176
v 8.875 11.125 32.800 0.5373 0.5098 0.3176
v 9.125 11.125 32.778 0.5373 0.5098 0.3176
v 9.375 11.125 32.795 0.5373 0.5098 0.3176
v 9.625 11.125 32.763 0.5373 0.5098 0.3176
v 9.875 11.125 32.778 0.5373 0.5098 0.3176
v 10.125 11.125 32.733 0.5373 0.5098 0.3176
v 10.375 11.125 32.701 0.5373 0.5098 0.3176
v 10.625 11.125 32.693 0.5373 0.5098 0.3176
v 10.875 11.125 32.699 0.5373 0.5098 0.3176
v 11.125 11.125 32.678 0.5373 0.5098 0.3176
v 11.375 11.125 32.669 0.5373 0.5098 0.3176
v 11.625 11.125 32.669 0.5373 0.5098 0.3176
v 11.875 11.125 32.659 0.5373 0.5098 0.3176
v 12.125 11.125 32.638 0.5373 0.5098 0.3176
v 12.375 11.125 32.646 0.5373 0.5098 0.3176
v -12.375 11.375 31.772 0.5373 0.5098 0.3176
v -12.125 11.375 31.772 0.5373 0.5098 0.3176
v -11.875 11.375 31.791 0.5373 0.5098 0.3176
v -11.625 11.375 31.772 0.5373 0.5098 0.3176
v -11.375 11.375 31.771 0.5373 0.5098 0.3176
v -11.125 11.375 31.760 0.5373 0.5098 0.3176
v -10.875 11.375 31.742 0.5373 0.5098 0.3176
v -10.625 11.375 31.742 0.5373 0.5098 0.3176
v -10.375 11.375 31.759 0.5373 0.5098 0.3176
v -10.125 11.375 31.753 0.5373 0.5098 0.3176
v -9.875 11.375 31.753 0.5373 0.5098 0.3176
v -9.625 11.375 31.742 0.5373 0.5098 0.3176
v -9.375 11.375 31.742 0.5373 0.5098 0.3176
v -9.125 11.375 31.721 0.5373 0.5098 0.3176
v -8.875 11.375 31.733 0.5373 0.5098 0.3176
v -8.625 11.375 31.733 0.5373 0.5098 0.3176
v -8.375 11.375 31.751 0.5373 0.5098 0.3176
v -8.125 11.375 31.751 0.5373 0.5098 0.3176
v -7.875 11.375 31.718 0.5373 0.5098 0.3176
v -7.625 11.375 31.692 0.5373 0.5098 0.3176
v -7.375 11.375 31.692 0.5373 0.5098 0.3176
v -7.125 11.375 31.693 0.5373 0.5098 0.3176
v -6.875 11.375 31.693 0.5373 0.5098 0.3176
v -6.625 11.375 31.693 0.5373 0.5098 0.3176
v -6.375 11.375 31.693 0.5373 0.5098 0.3176
v -6.125 11.375 31.693 0.5373 0.5098 0.3176
v -5.875 11.375 31.559 0.5373 0.5098 0.3176
v -5.625 11.375 31.559 0.5373 0.5098 0.3176
v -5.375 11.375 31.559 0.5373 0.5098 0.3176
v -5.125 11.375 31.519 0.5373 0.5098 0.3176
v -4.875 11.375 31.519 0.5373 0.5098 0.3176
v -4.625 11.375 31.522 0.5373 0.5098 0.3176
v -4.375 11.375 31.522 0.5373 0.5098 0.3176
v -4.125 11.375 31.553 0.5373 0.5098 0.3176
v -3.875 11.375 31.583 0.5373 0.5098 0.3176
v -3.625 11.375 31.641 0.5373 0.5098 0.3176
v -3.375 11.375 31.641 0.5373 0.5098 0.3176
v -3.125 11.375 31.772 0.5373 0.5098 0.3176
v -2.875 11.375 31.827 0.5373 0.5098 0.3176
v -2.625 11.375 31.827 0.5373 0.5098 0.3176
v -2.375 11.375 31.865 0.5373 0.5098 0.3176
v -2.125 11.375 31.888 0.5373 0.5098 0.3176
v -1.875 11.375 31.916 0.5373 0.5098 0.3176
v -1.625 11.375 31.934 0.5373 0.5098 0.3176
v -1.375 11.375 31.948 0.5373 0.5098 0.3176
v -1.125 11.375 31.992 0.5373 0.5098 0.3176
v -0.875 11.375 31.961 0.5373 0.5098 0.3176
v -0.625 11.375 32.001 0.5373 0.5098 0.3176
v -0.375 11.375 32.001 0.5373 0.5098 0.3176
v -0.125 11.375 32.053 0.5373 0.5098 0.3176
v 0.125 11.375 32.153 0.5373 0.5098 0.3176
v 0.375 11.375 32.263 0.5373 0.5098 0.3176
v 0.625 11.375 32.342 0.5373 0.5098 0.3176
v 0.875 11.375 32.382 0.5373 0.5098 0.3176
v 1.125 11.375 32.452 0.5373 0.5098 0.3176
v 1.375 11.375 32.452 0.5373 0.5098 0.3176
v 1.625 11.375 32.553 0.5373 0.5098 0.3176
v 1.875 11.375 32.571 0.5373 0.5098 0.3176
v 2.125 11.375 32.608 0.5373 0.5098 0.3176
v 2.375 11.375 32.620 0.5373 0.5098 0.3176
v 2.625 11.375 32.620 0.5373 0.5098 0.3176
v 2.875 11.375 32.659 0.5373 0.5098 0.3176
v 3.125 11.375 32.662 0.5373 0.5098 0.3176
v 3.375 11.375 32.647 0.5373 0.5098 0.3176
v 3.625 11.375 32.691 0.5373 0.5098 0.3176
v 3.875 11.375 32.691 0.5373 0.5098 0.3176
v 4.125 11.375 32.690 0.5373 0.5098 0.3176
v 4.375 11.375 32.699 0.5373 0.5098 0.3176
v 4.625 11.375 32.699 0.5373 0.5098 0.3176
v 4.875 11.375 32.699 0.5373 0.5098 0.3176
v 5.125 11.375 32.699 0.5373 0.5098 0.3176
v 5.375 11.375 32.708 0.5373 0.5098 0.3176
v 5.625 11.375 32.708 0.5373 0.5098 0.3176
v 5.875 11.375 32.708 0.5373 0.5098 0.3176
v 6.125 11.375 32.729 0.5373 0.5098 0.3176
v 6.375 11.375 32.720 0.5373 0.5098 0.3176
v 6.625 11.375 32.702 0.5373 0.5098 0.3176
v 6.875 11.375 32.726 0.5373 0.5098 0.3176
v 7.125 11.375 32.760 0.5373 0.5098 0.3176
v 7.375 11.375 32.723 0.5373 0.5098 0.3176
v 7.625 11.375 32.760 0.5373 0.5098 0.3176
v 7.875 11.375 32.772 0.5373 0.5098 0.3176
v 8.125 11.375 32.766 0.5373 0.5098 0.3176
v 8.375 11.375 32.761 0.5373 0.5098 0.3176
v 8.625 11.375 32.761 0.5373 0.5098 0.3176
v 8.875 11.375 32.751 0.5373 0.5098 0.3176
v 9.125 11.375 32.748 0.5373 0.5098 0.3176
v 9.375 11.375 32.748 0.5373 0.5098 0.3176
v 9.625 11.375 32.739 0.5373 0.5098 0.3176
v 9.875 11.375 32.711 0.5373 0.5098 0.3176
v 10.125 11.375 32.711 0.5373 0.5098 0.3176
v 10.375 11.375 32.675 0.5373 0.5098 0.3176
v 10.625 11.375 32.672 0.5373 0.5098 0.3176
v 10.875 11.375 32.643 0.5373 0.5098 0.3176
v 11.125 11.375 32.640 0.5373 0.5098 0.3176
v 11.375 11.375 32.623 0.5373 0.5098 0.3176
v 11.625 11.375 32.621 0.5373 0.5098 0.3176
v 11.875 11.375 32.600 0.5373 0.5098 0.3176
v 12.125 11.375 32.592 0.5373 0.5098 0.3176
v 12.375 11.375 32.577 0.5373 0.5098 0.3176
v -12.375 11.625 31.660 0.5373 0.5098 0.3176
v -12.125 11.625 31.660 0.5373 0.5098 0.3176
v -11.875 11.625 31.669 0.5373 0.5098 0.3176
v -11.625 11.625 31.669 0.5373 0.5098 0.3176
v -11.375 11.625 31.771 0.5373 0.5098 0.3176
v -11.125 11.625 31.760 0.5373 0.5098 0.3176
v -10.875 11.625 31.742 0.5373 0.5098 0.3176
v -10.625 11.625 31.745 0.5373 0.5098 0.3176
v -10.375 11.625 31.745 0.5373 0.5098 0.3176
v -10.125 11.625 31.753 0.5373 0.5098 0.3176
v -9.875 11.625 31.705 0.5373 0.5098 0.3176
v -9.625 11.625 31.715 0.5373 0.5098 0.3176
v -9.375 11.625 31.715 0.5373 0.5098 0.3176
v -9.125 11.625 31.705 0.5373 0.5098 0.3176
v -8.875 11.625 31.727 0.5373 0.5098 0.3176
v -8.625 11.625 31.736 0.5373 0.5098 0.3176
v -8.375 11.625 31.736 0.5373 0.5098 0.3176
v -8.125 11.625 31.701 0.5373 0.5098 0.3176
v -7.875 11.625 31.718 0.5373 0.5098 0.3176
v -7.625 11.625 31.692 0.5373 0.5098 0.3176
v -7.375 11.625 31.692 0.5373 0.5098 0.3176
v -7.125 11.625 31.672 0.5373 0.5098 0.3176
v -6.875 11.625 31.693 0.5373 0.5098 0.3176
v -6.625 11.625 31.693 0.5373 0.5098 0.3176
v -6.375 11.625 31.693 0.5373 0.5098 0.3176
v -6.125 11.625 31.693 0.5373 0.5098 0.3176
v -5.875 11.625 31.559 0.5373 0.5098 0.3176
v -5.625 11.625 31.404 0.5373 0.5098 0.3176
v -5.375 11.625 31.404 0.5373 0.5098 0.3176
v -5.125 11.625 31.404 0.5373 0.5098 0.3176
v -4.875 11.625 31.404 0.5373 0.5098 0.3176
v -4.625 11.625 31.404 0.5373 0.5098 0.3176
v -4.375 11.625 31.446 0.5373 0.5098 0.3176
v -4.125 11.625 31.553 0.5373 0.5098 0.3176
v -3.875 11.625 31.583 0.5373 0.5098 0.3176
v -3.625 11.625 31.641 0.5373 0.5098 0.3176
v -3.375 11.625 31.702 0.5373 0.5098 0.3176
v -3.125 11.625 31.702 0.5373 0.5098 0.3176
v -2.875 11.625 31.672 0.5373 0.5098 0.3176
v -2.625 11.625 31.721 0.5373 0.5098 0.3176
v -2.375 11.625 31.711 0.5373 0.5098 0.3176
v -2.125 11.625 31.760 0.5373 0.5098 0.3176
v -1.875 11.625 31.812 0.5373 0.5098 0.3176
v -1.625 11.625 31.812 0.5373 0.5098 0.3176
v -1.375 11.625 31.794 0.5373 0.5098 0.3176
v -1.125 11.625 31.843 0.5373 0.5098 0.3176
v -0.875 11.625 31.843 0.5373 0.5098 0.3176
v -0.625 11.625 32.001 0.5373 0.5098 0.3176
v -0.375 11.625 31.962 0.5373 0.5098 0.3176
v -0.125 11.625 32.053 0.5373 0.5098 0.3176
v 0.125 11.625 32.102 0.5373 0.5098 0.3176
v 0.375 11.625 32.257 0.5373 0.5098 0.3176
v 0.625 11.625 32.342 0.5373 0.5098 0.3176
v 0.875 11.625 32.382 0.5373 0.5098 0.3176
v 1.125 11.625 32.391 0.5373 0.5098 0.3176
v 1.375 11.625 32.492 0.5373 0.5098 0.3176
v 1.625 11.625 32.522 0.5373 0.5098 0.3176
v 1.875 11.625 32.544 0.5373 0.5098 0.3176
v 2.125 11.625 32.541 0.5373 0.5098 0.3176
v 2.375 11.625 32.541 0.5373 0.5098 0.3176
v 2.625 11.625 32.541 0.5373 0.5098 0.3176
v 2.875 11.625 32.601 0.5373 0.5098 0.3176
v 3.125 11.625 32.601 0.5373 0.5098 0.3176
v 3.375 11.625 32.623 0.5373 0.5098 0.3176
v 3.625 11.625 32.672 0.5373 0.5098 0.3176
v 3.875 11.625 32.641 0.5373 0.5098 0.3176
v 4.125 11.625 32.672 0.5373 0.5098 0.3176
v 4.375 11.625 32.672 0.5373 0.5098 0.3176
v 4.625 11.625 32.672 0.5373 0.5098 0.3176
v 4.875 11.625 32.672 0.5373 0.5098 0.3176
v 5.125 11.625 32.681 0.5373 0.5098 0.3176
v 5.375 11.625 32.681 0.5373 0.5098 0.3176
v 5.625 11.625 32.672 0.5373 0.5098 0.3176
v 5.875 11.625 32.672 0.5373 0.5098 0.3176
v 6.125 11.625 32.665 0.5373 0.5098 0.3176
v 6.375 11.625 32.684 0.5373 0.5098 0.3176
v 6.625 11.625 32.684 0.5373 0.5098 0.3176
v 6.875 11.625 32.678 0.5373 0.5098 0.3176
v 7.125 11.625 32.711 0.5373 0.5098 0.3176
v 7.375 11.625 32.696 0.5373 0.5098 0.3176
v 7.625 11.625 32.709 0.5373 0.5098 0.3176
v 7.875 11.625 32.693 0.5373 0.5098 0.3176
v 8.125 11.625 32.713 0.5373 0.5098 0.3176
v 8.375 11.625 32.707 0.5373 0.5098 0.3176
v 8.625 11.625 32.705 0.5373 0.5098 0.3176
v 8.875 11.625 32.720 0.5373 0.5098 0.3176
v 9.125 11.625 32.719 0.5373 0.5098 0.3176
v 9.375 11.625 32.713 0.5373 0.5098 0.3176
v 9.625 11.625 32.693 0.5373 0.5098 0.3176
v 9.875 11.625 32.664 0.5373 0.5098 0.3176
v 10.125 11.625 32.681 0.5373 0.5098 0.3176
v 10.375 11.625 32.653 0.5373 0.5098 0.3176
v 10.625 11.625 32.649 0.5373 0.5098 0.3176
v 10.875 11.625 32.649 0.5373 0.5098 0.3176
v 11.125 11.625 32.605 0.5373 0.5098 0.3176
v 11.375 11.625 32.605 0.5373 0.5098 0.3176
v 11.625 11.625 32.588 0.5373 0.5098 0.3176
v 11.875 11.625 32.573 0.5373 0.5098 0.3176
v 12.125 11.625 32.557 0.5373 0.5098 0.3176
v 12.375 11.625 32.554 0.5373 0.5098 0.3176
v -12.375 11.875 31.660 0.5373 0.5098 0.3176
v -12.125 11.875 31.629 0.5373 0.5098 0.3176
v -11.875 11.875 31.669 0.5373 0.5098 0.3176
v -11.625 11.875 31.687 0.5373 0.5098 0.3176
v -11.375 11.875 31.708 0.5373 0.5098 0.3176
v -11.125 11.875 31.708 0.5373 0.5098 0.3176
v -10.875 11.875 31.669 0.5373 0.5098 0.3176
v -10.625 11.875 31.690 0.5373 0.5098 0.3176
v -10.375 11.875 31.690 0.5373 0.5098 0.3176
v -10.125 11.875 31.690 0.5373 0.5098 0.3176
v -9.875 11.875 31.678 0.5373 0.5098 0.3176
v -9.625 11.875 31.668 0.5373 0.5098 0.3176
v -9.375 11.875 31.663 0.5373 0.5098 0.3176
v -9.125 11.875 31.678 0.5373 0.5098 0.3176
v -8.875 11.875 31.695 0.5373 0.5098 0.3176
v -8.625 11.875 31.715 0.5373 0.5098 0.3176
v -8.375 11.875 31.710 0.5373 0.5098 0.3176
v -8.125 11.875 31.701 0.5373 0.5098 0.3176
v -7.875 11.875 31.663 0.5373 0.5098 0.3176
v -7.625 11.875 31.614 0.5373 0.5098 0.3176
v -7.375 11.875 31.614 0.5373 0.5098 0.3176
v -7.125 11.875 31.672 0.5373 0.5098 0.3176
v -6.875 11.875 31.672 0.5373 0.5098 0.3176
v -6.625 11.875 31.693 0.5373 0.5098 0.3176
v -6.375 11.875 31.693 0.5373 0.5098 0.3176
v -6.125 11.875 31.693 0.5373 0.5098 0.3176
v -5.875 11.875 31.349 0.5373 0.5098 0.3176
v -5.625 11.875 31.349 0.5373 0.5098 0.3176
v -5.375 11.875 31.364 0.5373 0.5098 0.3176
v -5.125 11.875 31.364 0.5373 0.5098 0.3176
v -4.875 11.875 31.364 0.5373 0.5098 0.3176
v -4.625 11.875 31.419 0.5373 0.5098 0.3176
v -4.375 11.875 31.446 0.5373 0.5098 0.3176
v -4.125 11.875 31.467 0.5373 0.5098 0.3176
v -3.875 11.875 31.494 0.5373 0.5098 0.3176
v -3.625 11.875 31.521 0.5373 0.5098 0.3176
v -3.375 11.875 31.580 0.5373 0.5098 0.3176
v -3.125 11.875 31.586 0.5373 0.5098 0.3176
v -2.875 11.875 31.672 0.5373 0.5098 0.3176
v -2.625 11.875 31.721 0.5373 0.5098 0.3176
v -2.375 11.875 31.711 0.5373 0.5098 0.3176
v -2.125 11.875 31.760 0.5373 0.5098 0.3176
v -1.875 11.875 31.754 0.5373 0.5098 0.3176
v -1.625 11.875 31.787 0.5373 0.5098 0.3176
v -1.375 11.875 31.807 0.5373 0.5098 0.3176
v -1.125 11.875 31.833 0.5373 0.5098 0.3176
v -0.875 11.875 31.887 0.5373 0.5098 0.3176
v -0.625 11.875 31.903 0.5373 0.5098 0.3176
v -0.375 11.875 31.962 0.5373 0.5098 0.3176
v -0.125 11.875 32.013 0.5373 0.5098 0.3176
v 0.125 11.875 32.105 0.5373 0.5098 0.3176
v 0.375 11.875 32.309 0.5373 0.5098 0.3176
v 0.625 11.875 32.324 0.5373 0.5098 0.3176
v 0.875 11.875 32.367 0.5373 0.5098 0.3176
v 1.125 11.875 32.428 0.5373 0.5098 0.3176
v 1.375 11.875 32.428 0.5373 0.5098 0.3176
v 1.625 11.875 32.480 0.5373 0.5098 0.3176
v 1.875 11.875 32.496 0.5373 0.5098 0.3176
v 2.125 11.875 32.525 0.5373 0.5098 0.3176
v 2.375 11.875 32.489 0.5373 0.5098 0.3176
v 2.625 11.875 32.525 0.5373 0.5098 0.3176
v 2.875 11.875 32.525 0.5373 0.5098 0.3176
v 3.125 11.875 32.594 0.5373 0.5098 0.3176
v 3.375 11.875 32.577 0.5373 0.5098 0.3176
v 3.625 11.875 32.577 0.5373 0.5098 0.3176
v 3.875 11.875 32.635 0.5373 0.5098 0.3176
v 4.125 11.875 32.635 0.5373 0.5098 0.3176
v 4.375 11.875 32.644 0.5373 0.5098 0.3176
v 4.625 11.875 32.644 0.5373 0.5098 0.3176
v 4.875 11.875 32.665 0.5373 0.5098 0.3176
v 5.125 11.875 32.665 0.5373 0.5098 0.3176
v 5.375 11.875 32.665 0.5373 0.5098 0.3176
v 5.625 11.875 32.649 0.5373 0.5098 0.3176
v 5.875 11.875 32.632 0.5373 0.5098 0.3176
v 6.125 11.875 32.641 0.5373 0.5098 0.3176
v 6.375 11.875 32.623 0.5373 0.5098 0.3176
v 6.625 11.875 32.632 0.5373 0.5098 0.3176
v 6.875 11.875 32.632 0.5373 0.5098 0.3176
v 7.125 11.875 32.632 0.5373 0.5098 0.3176
v 7.375 11.875 32.696 0.5373 0.5098 0.3176
v 7.625 11.875 32.709 0.5373 0.5098 0.3176
v 7.875 11.875 32.693 0.5373 0.5098 0.3176
v 8.125 11.875 32.713 0.5373 0.5098 0.3176
v 8.375 11.875 32.707 0.5373 0.5098 0.3176
v 8.625 11.875 32.662 0.5373 0.5098 0.3176
v 8.875 11.875 32.662 0.5373 0.5098 0.3176
v 9.125 11.875 32.662 0.5373 0.5098 0.3176
v 9.375 11.875 32.623 0.5373 0.5098 0.3176
v 9.625 11.875 32.623 0.5373 0.5098 0.3176
v 9.875 11.875 32.601 0.5373 0.5098 0.3176
v 10.125 11.875 32.623 0.5373 0.5098 0.3176
v 10.375 11.875 32.614 0.5373 0.5098 0.3176
v 10.625 11.875 32.571 0.5373 0.5098 0.3176
v 10.875 11.875 32.571 0.5373 0.5098 0.3176
v 11.125 11.875 32.544 0.5373 0.5098 0.3176
v 11.375 11.875 32.544 0.5373 0.5098 0.3176
v 11.625 11.875 32.588 0.5373 0.5098 0.3176
v 11.875 11.875 32.573 0.5373 0.5098 0.3176
v 12.125 11.875 32.557 0.5373 0.5098 0.3176
v 12.375 11.875 32.554 0.5373 0.5098 0.3176
v -12.375 12.125 31.643 0.5373 0.5098 0.3176
v -12.125 12.125 31.629 0.5373 0.5098 0.3176
v -11.875 12.125 31.647 0.5373 0.5098 0.3176
v -11.625 12.125 31.666 0.5373 0.5098 0.3176
v -11.375 12.125 31.660 0.5373 0.5098 0.3176
v -11.125 12.125 31.644 0.5373 0.5098 0.3176
v -10.875 12.125 31.646 0.5373 0.5098 0.3176
v -10.625 12.125 31.647 0.5373 0.5098 0.3176
v -10.375 12.125 31.654 0.5373 0.5098 0.3176
v -10.125 12.125 31.661 0.5373 0.5098 0.3176
v -9.875 12.125 31.647 0.5373 0.5098 0.3176
v -9.625 12.125 31.641 0.5373 0.5098 0.3176
v -9.375 12.125 31.644 0.5373 0.5098 0.3176
v -9.125 12.125 31.654 0.5373 0.5098 0.3176
v -8.875 12.125 31.678 0.5373 0.5098 0.3176
v -8.625 12.125 31.675 0.5373 0.5098 0.3176
v -8.375 12.125 31.679 0.5373 0.5098 0.3176
v -8.125 12.125 31.660 0.5373 0.5098 0.3176
v -7.875 12.125 31.660 0.5373 0.5098 0.3176
v -7.625 12.125 31.605 0.5373 0.5098 0.3176
v -7.375 12.125 31.635 0.5373 0.5098 0.3176
v -7.125 12.125 31.654 0.5373 0.5098 0.3176
v -6.875 12.125 31.654 0.5373 0.5098 0.3176
v -6.625 12.125 31.654 0.5373 0.5098 0.3176
v -6.375 12.125 31.693 0.5373 0.5098 0.3176
v -6.125 12.125 31.693 0.5373 0.5098 0.3176
v -5.875 12.125 31.349 0.5373 0.5098 0.3176
v -5.625 12.125 31.349 0.5373 0.5098 0.3176
v -5.375 12.125 31.349 0.5373 0.5098 0.3176
v -5.125 12.125 31.349 0.5373 0.5098 0.3176
v -4.875 12.125 31.367 0.5373 0.5098 0.3176
v -4.625 12.125 31.370 0.5373 0.5098 0.3176
v -4.375 12.125 31.404 0.5373 0.5098 0.3176
v -4.125 12.125 31.419 0.5373 0.5098 0.3176
v -3.875 12.125 31.431 0.5373 0.5098 0.3176
v -3.625 12.125 31.480 0.5373 0.5098 0.3176
v -3.375 12.125 31.529 0.5373 0.5098 0.3176
v -3.125 12.125 31.529 0.5373 0.5098 0.3176
v -2.875 12.125 31.615 0.5373 0.5098 0.3176
v -2.625 12.125 31.641 0.5373 0.5098 0.3176
v -2.375 12.125 31.650 0.5373 0.5098 0.3176
v -2.125 12.125 31.669 0.5373 0.5098 0.3176
v -1.875 12.125 31.669 0.5373 0.5098 0.3176
v -1.625 12.125 31.787 0.5373 0.5098 0.3176
v -1.375 12.125 31.807 0.5373 0.5098 0.3176
v -1.125 12.125 31.833 0.5373 0.5098 0.3176
v -0.875 12.125 31.864 0.5373 0.5098 0.3176
v -0.625 12.125 31.864 0.5373 0.5098 0.3176
v -0.375 12.125 31.891 0.5373 0.5098 0.3176
v -0.125 12.125 31.961 0.5373 0.5098 0.3176
v 0.125 12.125 32.103 0.5373 0.5098 0.3176
v 0.375 12.125 32.231 0.5373 0.5098 0.3176
v 0.625 12.125 32.231 0.5373 0.5098 0.3176
v 0.875 12.125 32.294 0.5373 0.5098 0.3176
v 1.125 12.125 32.333 0.5373 0.5098 0.3176
v 1.375 12.125 32.333 0.5373 0.5098 0.3176
v 1.625 12.125 32.480 0.5373 0.5098 0.3176
v 1.875 12.125 32.496 0.5373 0.5098 0.3176
v 2.125 12.125 32.525 0.5373 0.5098 0.3176
v 2.375 12.125 32.489 0.5373 0.5098 0.3176
v 2.625 12.125 32.525 0.5373 0.5098 0.3176
v 2.875 12.125 32.473 0.5373 0.5098 0.3176
v 3.125 12.125 32.544 0.5373 0.5098 0.3176
v 3.375 12.125 32.544 0.5373 0.5098 0.3176
v 3.625 12.125 32.550 0.5373 0.5098 0.3176
v 3.875 12.125 32.550 0.5373 0.5098 0.3176
v 4.125 12.125 32.577 0.5373 0.5098 0.3176
v 4.375 12.125 32.598 0.5373 0.5098 0.3176
v 4.625 12.125 32.598 0.5373 0.5098 0.3176
v 4.875 12.125 32.598 0.5373 0.5098 0.3176
v 5.125 12.125 32.608 0.5373 0.5098 0.3176
v 5.375 12.125 32.608 0.5373 0.5098 0.3176
v 5.625 12.125 32.608 0.5373 0.5098 0.3176
v 5.875 12.125 32.620 0.5373 0.5098 0.3176
v 6.125 12.125 32.620 0.5373 0.5098 0.3176
v 6.375 12.125 32.614 0.5373 0.5098 0.3176
v 6.625 12.125 32.635 0.5373 0.5098 0.3176
v 6.875 12.125 32.630 0.5373 0.5098 0.3176
v 7.125 12.125 32.621 0.5373 0.5098 0.3176
v 7.375 12.125 32.632 0.5373 0.5098 0.3176
v 7.625 12.125 32.623 0.5373 0.5098 0.3176
v 7.875 12.125 32.612 0.5373 0.5098 0.3176
v 8.125 12.125 32.614 0.5373 0.5098 0.3176
v 8.375 12.125 32.624 0.5373 0.5098 0.3176
v 8.625 12.125 32.647 0.5373 0.5098 0.3176
v 8.875 12.125 32.611 0.5373 0.5098 0.3176
v 9.125 12.125 32.624 0.5373 0.5098 0.3176
v 9.375 12.125 32.620 0.5373 0.5098 0.3176
v 9.625 12.125 32.605 0.5373 0.5098 0.3176
v 9.875 12.125 32.605 0.5373 0.5098 0.3176
v 10.125 12.125 32.566 0.5373 0.5098 0.3176
v 10.375 12.125 32.522 0.5373 0.5098 0.3176
v 10.625 12.125 32.537 0.5373 0.5098 0.3176
v 10.875 12.125 32.496 0.5373 0.5098 0.3176
v 11.125 12.125 32.519 0.5373 0.5098 0.3176
v 11.375 12.125 32.498 0.5373 0.5098 0.3176
v 11.625 12.125 32.470 0.5373 0.5098 0.3176
v 11.875 12.125 32.467 0.5373 0.5098 0.3176
v 12.125 12.125 32.445 0.5373 0.5098 0.3176
v 12.375 12.125 32.416 0.5373 0.5098 0.3176
v -12.375 12.375 31.643 0.5373 0.5098 0.3176
v -12.125 12.375 31.599 0.5373 0.5098 0.3176
v -11.875 12.375 31.608 0.5373 0.5098 0.3176
v -11.625 12.375 31.608 0.5373 0.5098 0.3176
v -11.375 12.375 31.608 0.5373 0.5098 0.3176
v -11.125 12.375 31.608 0.5373 0.5098 0.3176
v -10.875 12.375 31.617 0.5373 0.5098 0.3176
v -10.625 12.375 31.617 0.5373 0.5098 0.3176
v -10.375 12.375 31.632 0.5373 0.5098 0.3176
v -10.125 12.375 31.600 0.5373 0.5098 0.3176
v -9.875 12.375 31.608 0.5373 0.5098 0.3176
v -9.625 12.375 31.600 0.5373 0.5098 0.3176
v -9.375 12.375 31.602 0.5373 0.5098 0.3176
v -9.125 12.375 31.635 0.5373 0.5098 0.3176
v -8.875 12.375 31.640 0.5373 0.5098 0.3176
v -8.625 12.375 31.631 0.5373 0.5098 0.3176
v -8.375 12.375 31.631 0.5373 0.5098 0.3176
v -8.125 12.375 31.611 0.5373 0.5098 0.3176
v -7.875 12.375 31.611 0.5373 0.5098 0.3176
v -7.625 12.375 31.605 0.5373 0.5098 0.3176
v -7.375 12.375 31.635 0.5373 0.5098 0.3176
v -7.125 12.375 31.654 0.5373 0.5098 0.3176
v -6.875 12.375 31.654 0.5373 0.5098 0.3176
v -6.625 12.375 31.654 0.5373 0.5098 0.3176
v -6.375 12.375 31.654 0.5373 0.5098 0.3176
v -6.125 12.375 31.349 0.5373 0.5098 0.3176
v -5.875 12.375 31.349 0.5373 0.5098 0.3176
v -5.625 12.375 31.349 0.5373 0.5098 0.3176
v -5.375 12.375 31.349 0.5373 0.5098 0.3176
v -5.125 12.375 31.349 0.5373 0.5098 0.3176
v -4.875 12.375 31.327 0.5373 0.5098 0.3176
v -4.625 12.375 31.349 0.5373 0.5098 0.3176
v -4.375 12.375 31.352 0.5373 0.5098 0.3176
v -4.125 12.375 31.379 0.5373 0.5098 0.3176
v -3.875 12.375 31.405 0.5373 0.5098 0.3176
v -3.625 12.375 31.451 0.5373 0.5098 0.3176
v -3.375 12.375 31.486 0.5373 0.5098 0.3176
v -3.125 12.375 31.500 0.5373 0.5098 0.3176
v -2.875 12.375 31.565 0.5373 0.5098 0.3176
v -2.625 12.375 31.577 0.5373 0.5098 0.3176
v -2.375 12.375 31.620 0.5373 0.5098 0.3176
v -2.125 12.375 31.620 0.5373 0.5098 0.3176
v -1.875 12.375 31.672 0.5373 0.5098 0.3176
v -1.625 12.375 31.692 0.5373 0.5098 0.3176
v -1.375 12.375 31.693 0.5373 0.5098 0.3176
v -1.125 12.375 31.747 0.5373 0.5098 0.3176
v -0.875 12.375 31.747 0.5373 0.5098 0.3176
v -0.625 12.375 31.812 0.5373 0.5098 0.3176
v -0.375 12.375 31.852 0.5373 0.5098 0.3176
v -0.125 12.375 31.852 0.5373 0.5098 0.3176
v 0.125 12.375 32.129 0.5373 0.5098 0.3176
v 0.375 12.375 32.129 0.5373 0.5098 0.3176
v 0.625 12.375 32.272 0.5373 0.5098 0.3176
v 0.875 12.375 32.318 0.5373 0.5098 0.3176
v 1.125 12.375 32.312 0.5373 0.5098 0.3176
v 1.375 12.375 32.361 0.5373 0.5098 0.3176
v 1.625 12.375 32.361 0.5373 0.5098 0.3176
v 1.875 12.375 32.405 0.5373 0.5098 0.3176
v 2.125 12.375 32.388 0.5373 0.5098 0.3176
v 2.375 12.375 32.412 0.5373 0.5098 0.3176
v 2.625 12.375 32.452 0.5373 0.5098 0.3176
v 2.875 12.375 32.473 0.5373 0.5098 0.3176
v 3.125 12.375 32.492 0.5373 0.5098 0.3176
v 3.375 12.375 32.485 0.5373 0.5098 0.3176
v 3.625 12.375 32.485 0.5373 0.5098 0.3176
v 3.875 12.375 32.498 0.5373 0.5098 0.3176
v 4.125 12.375 32.525 0.5373 0.5098 0.3176
v 4.375 12.375 32.550 0.5373 0.5098 0.3176
v 4.625 12.375 32.528 0.5373 0.5098 0.3176
v 4.875 12.375 32.513 0.5373 0.5098 0.3176
v 5.125 12.375 32.534 0.5373 0.5098 0.3176
v 5.375 12.375 32.554 0.5373 0.5098 0.3176
v 5.625 12.375 32.541 0.5373 0.5098 0.3176
v 5.875 12.375 32.554 0.5373 0.5098 0.3176
v 6.125 12.375 32.554 0.5373 0.5098 0.3176
v 6.375 12.375 32.569 0.5373 0.5098 0.3176
v 6.625 12.375 32.574 0.5373 0.5098 0.3176
v 6.875 12.375 32.592 0.5373 0.5098 0.3176
v 7.125 12.375 32.597 0.5373 0.5098 0.3176
v 7.375 12.375 32.597 0.5373 0.5098 0.3176
v 7.625 12.375 32.609 0.5373 0.5098 0.3176
v 7.875 12.375 32.598 0.5373 0.5098 0.3176
v 8.125 12.375 32.592 0.5373 0.5098 0.3176
v 8.375 12.375 32.585 0.5373 0.5098 0.3176
v 8.625 12.375 32.580 0.5373 0.5098 0.3176
v 8.875 12.375 32.583 0.5373 0.5098 0.3176
v 9.125 12.375 32.575 0.5373 0.5098 0.3176
v 9.375 12.375 32.522 0.5373 0.5098 0.3176
v 9.625 12.375 32.548 0.5373 0.5098 0.3176
v 9.875 12.375 32.537 0.5373 0.5098 0.3176
v 10.125 12.375 32.556 0.5373 0.5098 0.3176
v 10.375 12.375 32.525 0.5373 0.5098 0.3176
v 10.625 12.375 32.467 0.5373 0.5098 0.3176
v 10.875 12.375 32.504 0.5373 0.5098 0.3176
v 11.125 12.375 32.455 0.5373 0.5098 0.3176
v 11.375 12.375 32.464 0.5373 0.5098 0.3176
v 11.625 12.375 32.426 0.5373 0.5098 0.3176
v 11.875 12.375 32.364 0.5373 0.5098 0.3176
v 12.125 12.375 32.416 0.5373 0.5098 0.3176
v 12.375 12.375 32.341 0.5373 0.5098 0.3176
f 9899 9900 10000
f 9999 9899 10000
f 2402 2501 2401
f 2501 2402 2502
f 5100 5099 5000
f 5000 5099 4999
f 7375 7474 7374
f 7474 7375 7475
f 9851 9951 9950
f 9851 9950 9850
f 2501 2602 2601
f 2602 2501 2502
f 4300 4400 4399
f 4299 4300 4399
f 4400 4500 4399
f 4500 4499 4399
f 4300 4199 4200
f 4199 4300 4299
f 5200 5099 5100
f 5099 5200 5199
f 6877 6976 6876
f 6976 6877 6977
f 5764 5865 5864
f 5865 5764 5765
f 6169 6268 6168
f 6268 6169 6269
f 5768 5869 5868
f 5869 5768 5769
f 5669 5768 5668
f 5768 5669 5769
f 5766 5865 5765
f 5766 5866 5865
f 3141 3242 3241
f 3242 3141 3142
f 3364 3263 3264
f 3263 3364 3363
f 999 900 1000
f 900 999 899
f 9944 9943 9844
f 9943 9843 9844
f 9945 9944 9844
f 9845 9945 9844
f 9851 9952 9951
f 9952 9851 9852
f 9750 9851 9850
f 9851 9750 9751
f 5130 5030 5031
f 5131 5130 5031
f 4342 4241 4242
f 4241 4342 4341
f 4944 4844 4945
f 4945 4844 4845
f 4844 4943 4843
f 4943 4844 4944
f 4846 4945 4845
f 4945 4846 4946
f 4342 4443 4442
f 4443 4342 4343
f 4443 4542 4442
f 4542 4443 4543
f 7101 7202 7201
f 7202 7101 7102
f 5128 5029 5129
f 5029 5128 5028
f 5130 5029 5030
f 5029 5130 5129
f 9909 9810 9910
f 9810 9909 9809
f 2301 2402 2401
f 2301 2302 2402
f 418 317 318
f 317 418 417
f 128 27 28
f 27 128 127
f 27 126 26
f 126 27 127
f 2 101 1
f 101 2 102
f 3096 2997 3097
f 2997 3096 2996
f 3600 3499 3500
f 3499 3600 3599
f 1676 1577 1677
f 1577 1676 1576
f 1900 1999 1899
f 1999 1900 2000
f 1999 1898 1899
f 1898 1999 1998
f 2988 2888 2989
f 2989 2888 2889
f 2787 2886 2786
f 2886 2787 2887
f 1693 1794 1793
f 1794 1693 1694
f 1592 1492 1493
f 1592 1493 1593
f 1491 1592 1591
f 1592 1491 1492
f 2675 2574 2575
f 2574 2675 2674
f 2574 2475 2575
f 2475 2574 2474
f 2978 3077 2977
f 3077 2978 3078
f 3768 3767 3668
f 3767 3667 3668
f 4752 4851 4751
f 4851 4752 4852
f 4954 4854 4955
f 4955 4854 4855
f 4856 4955 4855
f 4856 4956 4955
f 5044 4943 4944
f 4943 5044 5043
f 7953 8052 7952
f 8052 7953 8053
f 7350 7449 7349
f 7449 7350 7450
f 5555 5554 5455
f 5554 5454 5455
f 5655 5755 5754
f 5654 5655 5754
f 5655 5554 5555
f 5554 5655 5654
f 5956 5955 5855
f 5856 5956 5855
f 5955 5956 6055
f 6055 5956 6056
f 5755 5854 5754
f 5854 5755 5855
f 5661 5760 5660
f 5760 5661 5761
f 5857 5956 5856
f 5956 5857 5957
f 5655 5756 5755
f 5756 5655 5656
f 5755 5756 5855
f 5756 5856 5855
f 5857 5756 5757
f 5756 5857 5856
f 5657 5756 5656
f 5756 5657 5757
f 5700 5699 5600
f 5699 5599 5600
f 5599 5500 5600
f 5500 5599 5499
f 5198 5099 5199
f 5099 5198 5098
f 5699 5598 5599
f 5598 5699 5698
f 7576 7575 7475
f 7476 7576 7475
f 7576 7676 7675
f 7575 7576 7675
f 7477 7576 7476
f 7576 7477 7577
f 7576 7677 7676
f 7576 7577 7677
f 5956 6057 6056
f 6057 5956 5957
f 5268 5369 5368
f 5369 5268 5269
f 5867 5768 5868
f 5768 5867 5767
f 5866 5867 5966
f 5867 5967 5966
f 5766 5867 5866
f 5867 5766 5767
f 5080 5179 5079
f 5179 5080 5180
f 2427 2527 2426
f 2426 2527 2526
f 2525 2425 2526
f 2425 2426 2526
f 1436 1537 1536
f 1537 1436 1437
f 1535 1436 1536
f 1436 1535 1435
f 2732 2631 2632
f 2631 2732 2731
f 2631 2531 2532
f 2632 2631 2532
f 2631 2530 2531
f 2631 2630 2530
f 2327 2427 2426
f 2327 2426 2326
f 3025 2925 2926
f 3025 2926 3026
f 2825 2726 2826
f 2726 2825 2725
f 2925 2825 2926
f 2926 2825 2826
f 3125 3025 3026
f 3126 3125 3026
f 3754 3853 3753
f 3853 3754 3854
f 4654 4553 4554
f 4553 4654 4653
f 4975 4974 4874
f 4975 4874 4875
f 4774 4874 4873
f 4773 4774 4873
f 4675 4576 4676
f 4576 4675 4575
f 5176 5277 5276
f 5277 5176 5177
f 5176 5077 5177
f 5176 5076 5077
f 4360 4259 4260
f 4259 4360 4359
f 4358 4259 4359
f 4258 4259 4358
f 4259 4158 4159
f 4158 4259 4258
f 4259 4160 4260
f 4160 4259 4159
f 3767 3666 3667
f 3666 3767 3766
f 3469 3568 3468
f 3568 3469 3569
f 4867 4767 4868
f 4767 4768 4868
f 2961 2962 3061
f 3061 2962 3062
f 3067 3168 3167
f 3168 3067 3068
f 1251 1350 1250
f 1350 1251 1351
f 1074 1175 1174
f 1175 1074 1075
f 4559 4658 4558
f 4658 4559 4659
f 4458 4557 4457
f 4557 4458 4558
f 4658 4557 4558
f 4557 4658 4657
f 3754 3755 3854
f 3755 3855 3854
f 3653 3754 3753
f 3754 3653 3654
f 3653 3652 3552
f 3553 3653 3552
f 3752 3653 3753
f 3653 3752 3652
f 3265 3165 3266
f 3165 3166 3266
f 3362 3463 3462
f 3463 3362 3363
f 3365 3265 3266
f 3365 3266 3366
f 3365 3364 3264
f 3265 3365 3264
f 200 99 100
f 99 200 199
f 1491 1392 1492
f 1392 1491 1391
f 178 277 177
f 277 178 278
f 181 80 81
f 80 181 180
f 378 277 278
f 277 378 377
f 660 761 760
f 761 660 661
f 559 660 659
f 660 559 560
f 660 561 661
f 561 660 560
f 1835 1734 1735
f 1734 1835 1834
f 8027 7926 7927
f 7926 8027 8026
f 9925 9826 9926
f 9826 9925 9825
f 9820 9921 9920
f 9921 9820 9821
f 9856 9955 9855
f 9955 9856 9956
f 9854 9955 9954
f 9955 9854 9855
f 9891 9991 9990
f 9891 9990 9890
f 9991 9891 9992
f 9891 9892 9992
f 5138 5037 5038
f 5138 5137 5037
f 5432 5433 5532
f 5532 5433 5533
f 5433 5334 5434
f 5334 5433 5333
f 4644 4544 4645
f 4645 4544 4545
f 4443 4444 4543
f 4444 4544 4543
f 4643 4542 4543
f 4542 4643 4642
f 4643 4544 4644
f 4544 4643 4543
f 7530 7431 7531
f 7431 7530 7430
f 7431 7432 7532
f 7531 7431 7532
f 7249 7350 7349
f 7350 7249 7250
f 7148 7249 7248
f 7249 7148 7149
f 7839 7938 7838
f 7938 7839 7939
f 6001 6002 6101
f 6101 6002 6102
f 5901 6002 6001
f 6002 5901 5902
f 8002 7901 7902
f 7901 8002 8001
f 8101 8002 8102
f 8002 8101 8001
f 8716 8617 8717
f 8617 8716 8616
f 6202 6201 6101
f 6202 6101 6102
f 6202 6301 6201
f 6301 6202 6302
f 7002 7101 7001
f 7101 7002 7102
f 7002 6902 6903
f 7003 7002 6903
f 7103 7002 7003
f 7002 7103 7102
f 7708 7707 7608
f 7707 7607 7608
f 6930 6831 6931
f 6831 6930 6830
f 6930 6829 6830
f 6829 6930 6929
f 6732 6831 6731
f 6831 6732 6832
f 7136 7036 7037
f 7137 7136 7037
f 5827 5726 5727
f 5726 5827 5826
f 5426 5325 5326
f 5325 5426 5425
f 5332 5433 5432
f 5433 5332 5333
f 5025 5126 5125
f 5126 5025 5026
f 4322 4421 4321
f 4421 4322 4422
f 4522 4421 4422
f 4421 4522 4521
f 150 51 151
f 51 150 50
f 150 250 249
f 149 150 249
f 150 251 250
f 251 150 151
f 350 251 351
f 251 350 250
f 251 252 352
f 251 352 351
f 146 45 46
f 45 146 145
f 150 49 50
f 49 150 149
f 49 148 48
f 148 49 149
f 549 650 649
f 650 549 550
f 241 342 341
f 342 241 242
f 342 441 341
f 441 342 442
f 650 749 649
f 749 650 750
f 141 40 41
f 40 141 140
f 42 141 41
f 141 42 142
f 241 141 242
f 141 142 242
f 134 33 34
f 33 134 133
f 134 34 35
f 135 134 35
f 139 39 140
f 39 40 140
f 5802 5901 5801
f 5901 5802 5902
f 4809 4708 4709
f 4708 4809 4808
f 1914 2013 1913
f 2013 1914 2014
f 2202 2303 2302
f 2303 2202 2203
f 2302 2303 2402
f 2303 2403 2402
f 3505 3604 3504
f 3604 3505 3605
f 2102 2201 2101
f 2201 2102 2202
f 2301 2201 2302
f 2201 2202 2302
f 2004 1905 2005
f 1905 2004 1904
f 1518 1617 1517
f 1617 1518 1618
f 1516 1617 1616
f 1617 1516 1517
f 1516 1615 1515
f 1615 1516 1616
f 1517 1516 1417
f 1516 1416 1417
f 2220 2119 2120
f 2119 2220 2219
f 2119 2020 2120
f 2020 2119 2019
f 1813 1914 1913
f 1813 1814 1914
f 1510 1611 1610
f 1611 1510 1511
f 1619 1518 1519
f 1518 1619 1618
f 1520 1619 1519
f 1619 1520 1620
f 1520 1621 1620
f 1621 1520 1521
f 114 13 14
f 13 114 113
f 15 114 14
f 114 15 115
f 116 15 16
f 15 116 115
f 119 19 120
f 19 20 120
f 518 619 618
f 619 518 519
f 418 518 417
f 518 517 417
f 622 623 722
f 623 723 722
f 108 7 8
f 7 108 107
f 1102 1101 1001
f 1102 1001 1002
f 1101 1102 1201
f 1201 1102 1202
f 5099 4998 4999
f 4998 5099 5098
f 4200 4099 4100
f 4199 4099 4200
f 2899 2800 2900
f 2800 2899 2799
f 4591 4492 4592
f 4492 4591 4491
f 1287 1186 1187
f 1186 1287 1286
f 1287 1188 1288
f 1188 1287 1187
f 982 881 882
f 881 982 981
f 883 982 882
f 982 883 983
f 883 984 983
f 984 883 884
f 982 1082 981
f 981 1082 1081
f 2077 2177 2176
f 2076 2077 2176
f 1777 1776 1677
f 1776 1676 1677
f 1577 1678 1677
f 1678 1577 1578
f 1476 1577 1576
f 1577 1476 1477
f 1382 1483 1482
f 1483 1382 1383
f 2100 1999 2000
f 1999 2100 2099
f 2700 2599 2600
f 2599 2700 2699
f 2699 2700 2799
f 2700 2800 2799
f 2400 2399 2299
f 2300 2400 2299
f 1700 1799 1699
f 1800 1799 1700
f 1799 1900 1899
f 1799 1800 1900
f 2896 2797 2897
f 2797 2896 2796
f 2896 2997 2996
f 2997 2896 2897
f 1991 1890 1891
f 1890 1991 1990
f 2592 2491 2492
f 2491 2592 2591
f 1785 1884 1784
f 1884 1785 1885
f 1784 1884 1783
f 1884 1883 1783
f 2787 2788 2887
f 2788 2888 2887
f 1585 1686 1685
f 1585 1586 1686
f 1693 1594 1694
f 1594 1693 1593
f 1890 1791 1891
f 1791 1890 1790
f 2869 2770 2870
f 2770 2869 2769
f 2673 2573 2674
f 2573 2574 2674
f 2475 2476 2575
f 2575 2476 2576
f 2476 2577 2576
f 2577 2476 2477
f 3177 3077 3078
f 3178 3177 3078
f 2978 2979 3078
f 3078 2979 3079
f 3179 3178 3078
f 3179 3078 3079
f 2676 2777 2776
f 2777 2676 2677
f 2577 2676 2576
f 2676 2577 2677
f 2676 2675 2575
f 2676 2575 2576
f 2676 2776 2775
f 2675 2676 2775
f 4671 4772 4771
f 4772 4671 4672
f 4471 4372 4472
f 4372 4471 4371
f 3669 3568 3569
f 3568 3669 3668
f 3669 3768 3668
f 3669 3769 3768
f 5252 5353 5352
f 5353 5252 5253
f 4654 4754 4653
f 4653 4754 4753
f 4952 4851 4852
f 4851 4952 4951
f 4951 4952 5051
f 4952 5052 5051
f 4853 4952 4852
f 4952 4853 4953
f 4752 4853 4852
f 4853 4752 4753
f 4754 4853 4753
f 4853 4754 4854
f 4853 4854 4954
f 4953 4853 4954
f 4952 5053 5052
f 5053 4952 4953
f 4960 4860 4961
f 4961 4860 4861
f 4959 4860 4960
f 4860 4959 4859
f 9051 9150 9050
f 9150 9051 9151
f 9051 8950 8951
f 8950 9051 9050
f 7468 7369 7469
f 7369 7468 7368
f 7268 7369 7368
f 7269 7369 7268
f 8163 8162 8062
f 8063 8163 8062
f 7962 8063 8062
f 8063 7962 7963
f 5045 4944 4945
f 5045 5044 4944
f 5050 4951 5051
f 4951 5050 4950
f 5052 5151 5051
f 5152 5151 5052
f 5151 5050 5051
f 5050 5151 5150
f 7851 7850 7750
f 7751 7851 7750
f 7851 7951 7950
f 7850 7851 7950
f 8054 8154 8053
f 8154 8153 8053
f 8260 8361 8360
f 8361 8260 8261
f 7156 7056 7057
f 7156 7057 7157
f 7249 7348 7248
f 7348 7249 7349
f 7162 7061 7062
f 7061 7162 7161
f 6963 7062 6962
f 7062 6963 7063
f 7864 7765 7865
f 7765 7864 7764
f 7765 7766 7866
f 7865 7765 7866
f 7564 7464 7565
f 7464 7465 7565
f 7351 7250 7251
f 7351 7350 7250
f 7350 7351 7450
f 7351 7451 7450
f 6554 6653 6553
f 6653 6554 6654
f 6652 6653 6752
f 6653 6753 6752
f 4866 4767 4867
f 4767 4866 4766
f 5556 5655 5555
f 5655 5556 5656
f 5556 5555 5455
f 5456 5556 5455
f 4962 4961 4861
f 4862 4962 4861
f 5063 4962 4963
f 4962 5063 5062
f 4962 5061 4961
f 5061 4962 5062
f 5263 5362 5262
f 5362 5263 5363
f 5362 5261 5262
f 5261 5362 5361
f 5162 5061 5062
f 5061 5162 5161
f 5063 5162 5062
f 5162 5063 5163
f 5261 5162 5262
f 5162 5261 5161
f 5162 5263 5262
f 5263 5162 5163
f 4593 4692 4592
f 4692 4593 4693
f 4793 4692 4693
f 4792 4692 4793
f 5200 5299 5199
f 5299 5200 5300
f 6189 6188 6088
f 6089 6189 6088
f 9899 9800 9900
f 9799 9800 9899
f 9800 9799 9699
f 9700 9800 9699
f 9499 9600 9599
f 9600 9499 9500
f 9600 9700 9699
f 9600 9699 9599
f 9000 9100 8999
f 9100 9099 8999
f 9099 9100 9199
f 9100 9200 9199
f 9499 9400 9500
f 9400 9499 9399
f 6394 6295 6395
f 6295 6394 6294
f 7799 7700 7800
f 7700 7799 7699
f 6673 6774 6773
f 6774 6673 6674
f 6675 6774 6674
f 6774 6675 6775
f 6675 6776 6775
f 6676 6776 6675
f 7570 7571 7670
f 7670 7571 7671
f 7471 7571 7470
f 7571 7570 7470
f 7574 7474 7475
f 7575 7574 7475
f 7574 7473 7474
f 7473 7574 7573
f 7471 7372 7472
f 7372 7471 7371
f 7477 7478 7577
f 7478 7578 7577
f 5181 5080 5081
f 5080 5181 5180
f 5284 5283 5184
f 5184 5283 5183
f 5881 5980 5880
f 5980 5881 5981
f 5681 5580 5581
f 5580 5681 5680
f 5580 5480 5481
f 5581 5580 5481
f 5582 5681 5581
f 5681 5582 5682
f 6478 6377 6378
f 6377 6478 6477
f 6580 6579 6479
f 6480 6580 6479
f 5866 5965 5865
f 5965 5866 5966
f 5764 5665 5765
f 5664 5665 5764
f 6661 6761 6660
f 6761 6760 6660
f 6662 6763 6762
f 6763 6662 6663
f 6662 6761 6661
f 6761 6662 6762
f 6058 6057 5957
f 6058 5957 5958
f 6575 6676 6675
f 6676 6575 6576
f 5470 5571 5570
f 5571 5470 5471
f 5567 5466 5467
f 5466 5567 5566
f 4967 4866 4867
f 4866 4967 4966
f 4967 4867 4868
f 4968 4967 4868
f 5264 5263 5163
f 5164 5264 5163
f 5070 5169 5069
f 5169 5070 5170
f 5169 5270 5269
f 5270 5169 5170
f 5268 5169 5269
f 5168 5169 5268
f 4985 4885 4886
f 4986 4985 4886
f 4984 4985 5084
f 4985 5085 5084
f 4985 5086 5085
f 5086 4985 4986
f 2934 3034 3033
f 2933 2934 3033
f 2626 2525 2526
f 2626 2625 2525
f 2626 2726 2725
f 2625 2626 2725
f 2324 2423 2323
f 2423 2324 2424
f 1537 1636 1536
f 1637 1636 1537
f 1533 1632 1532
f 1632 1533 1633
f 435 336 436
f 336 435 335
f 841 940 840
f 940 841 941
f 841 942 941
f 841 842 942
f 742 843 842
f 843 742 743
f 837 936 836
f 936 837 937
f 2527 2627 2526
f 2627 2626 2526
f 2630 2629 2530
f 2530 2629 2529
f 2128 2229 2228
f 2229 2128 2129
f 4836 4737 4837
f 4737 4836 4736
f 4837 4737 4838
f 4737 4738 4838
f 4342 4441 4341
f 4441 4342 4442
f 4542 4441 4442
f 4441 4542 4541
f 4739 4638 4639
f 4638 4739 4738
f 4737 4638 4738
f 4638 4737 4637
f 4540 4441 4541
f 4441 4540 4440
f 4440 4540 4439
f 4540 4539 4439
f 5027 5126 5026
f 5126 5027 5127
f 5128 5027 5028
f 5127 5027 5128
f 5027 5026 4926
f 4927 5027 4926
f 5027 4928 5028
f 4928 5027 4927
f 3923 4024 4023
f 4024 3923 3924
f 3141 3041 3142
f 3041 3042 3142
f 3041 3141 3140
f 3040 3041 3140
f 2942 2943 3042
f 2943 3043 3042
f 3245 3144 3145
f 3144 3245 3244
f 5176 5075 5076
f 5075 5176 5175
f 5174 5075 5175
f 5075 5174 5074
f 5076 5075 4976
f 5075 4975 4976
f 4975 5075 4974
f 4974 5075 5074
f 4872 4773 4873
f 4872 4772 4773
f 4673 4774 4773
f 4774 4673 4674
f 4772 4673 4773
f 4673 4772 4672
f 4572 4673 4672
f 4673 4572 4573
f 4874 4775 4875
f 4774 4775 4874
f 4775 4774 4674
f 4675 4775 4674
f 4879 4878 4779
f 4779 4878 4778
f 5372 5273 5373
f 5372 5272 5273
f 3864 3963 3863
f 3963 3864 3964
f 3862 3761 3762
f 3761 3862 3861
f 3862 3963 3962
f 3963 3862 3863
f 3961 3862 3962
f 3862 3961 3861
f 3960 3961 4060
f 3961 4061 4060
f 4156 4157 4256
f 4256 4157 4257
f 4157 4056 4057
f 4056 4157 4156
f 4157 4158 4258
f 4157 4258 4257
f 4061 4161 4060
f 4161 4160 4060
f 4160 4161 4260
f 4260 4161 4261
f 3463 3562 3462
f 3562 3463 3563
f 3860 3961 3960
f 3961 3860 3861
f 3860 3761 3861
f 3761 3860 3760
f 3762 3661 3662
f 3761 3661 3762
f 3665 3666 3766
f 3765 3665 3766
f 3262 3263 3363
f 3362 3262 3363
f 4065 4164 4064
f 4164 4065 4165
f 3865 3765 3766
f 3865 3766 3866
f 5372 5271 5272
f 5271 5372 5371
f 4969 4968 4868
f 4969 4868 4869
f 2862 2962 2961
f 2862 2961 2861
f 3165 3066 3166
f 3066 3165 3065
f 3066 3067 3167
f 3166 3066 3167
f 2965 3066 3065
f 3066 2965 2966
f 2862 2863 2962
f 2962 2863 2963
f 2857 2756 2757
f 2756 2857 2856
f 2857 2956 2856
f 2956 2857 2957
f 2957 2857 2958
f 2857 2858 2958
f 3361 3262 3362
f 3262 3361 3261
f 2663 2563 2564
f 2664 2663 2564
f 2565 2665 2664
f 2565 2664 2564
f 1461 1562 1561
f 1562 1461 1462
f 1262 1363 1362
f 1363 1262 1263
f 1169 1168 1068
f 1169 1068 1069
f 4459 4358 4359
f 4459 4458 4358
f 4459 4559 4558
f 4458 4459 4558
f 4557 4456 4457
f 4456 4557 4556
f 4555 4456 4556
f 4456 4555 4455
f 4456 4455 4355
f 4356 4456 4355
f 4357 4456 4356
f 4456 4357 4457
f 4357 4258 4358
f 4258 4357 4257
f 4458 4357 4358
f 4357 4458 4457
f 4357 4256 4257
f 4357 4356 4256
f 4657 4758 4757
f 4658 4758 4657
f 4759 4758 4659
f 4758 4658 4659
f 3151 3050 3051
f 3050 3151 3150
f 3151 3052 3152
f 3052 3151 3051
f 3151 3250 3150
f 3250 3151 3251
f 3252 3151 3152
f 3151 3252 3251
f 3251 3252 3351
f 3252 3352 3351
f 3752 3751 3652
f 3652 3751 3651
f 3852 3751 3752
f 3751 3852 3851
f 3852 3853 3953
f 3852 3953 3952
f 3853 3852 3753
f 3852 3752 3753
f 3954 3855 3955
f 3855 3954 3854
f 3954 3853 3854
f 3853 3954 3953
f 4054 3954 4055
f 3954 3955 4055
f 3954 4053 3953
f 4053 3954 4054
f 3466 3365 3366
f 3365 3466 3465
f 3270 3371 3370
f 3371 3270 3271
f 3270 3369 3269
f 3369 3270 3370
f 3270 3171 3271
f 3171 3270 3170
f 3270 3169 3170
f 3169 3270 3269
f 3268 3169 3269
f 3169 3268 3168
f 3169 3168 3068
f 3069 3169 3068
f 2955 3054 2954
f 3054 2955 3055
f 2955 3056 3055
f 3056 2955 2956
f 2965 3064 2964
f 3064 2965 3065
f 3464 3365 3465
f 3365 3464 3364
f 3464 3465 3565
f 3564 3464 3565
f 3364 3464 3363
f 3464 3463 3363
f 3464 3564 3563
f 3463 3464 3563
f 1100 999 1000
f 1100 1099 999
f 300 299 199
f 200 300 199
f 298 399 398
f 399 298 299
f 300 399 299
f 399 300 400
f 500 399 400
f 399 500 499
f 498 399 499
f 399 498 398
f 797 898 897
f 898 797 798
f 1097 1196 1096
f 1196 1097 1197
f 1297 1196 1197
f 1196 1297 1296
f 1292 1392 1391
f 1291 1292 1391
f 1388 1287 1288
f 1287 1388 1387
f 1188 1289 1288
f 1289 1188 1189
f 1289 1388 1288
f 1388 1289 1389
f 69 70 169
f 70 170 169
f 74 174 173
f 73 74 173
f 575 474 475
f 474 575 574
f 575 674 574
f 674 575 675
f 474 573 473
f 573 474 574
f 672 573 673
f 573 672 572
f 674 573 574
f 573 674 673
f 77 178 177
f 178 77 78
f 182 283 282
f 283 182 183
f 281 182 282
f 182 281 181
f 575 676 675
f 676 575 576
f 478 577 477
f 577 478 578
f 378 478 377
f 478 477 377
f 677 676 576
f 577 677 576
f 194 93 94
f 93 194 193
f 93 193 192
f 92 93 192
f 86 185 85
f 185 86 186
f 187 86 87
f 86 187 186
f 189 89 190
f 89 90 190
f 163 62 63
f 62 163 162
f 160 59 60
f 59 160 159
f 59 158 58
f 158 59 159
f 762 761 661
f 762 661 662
f 762 861 761
f 861 762 862
f 160 259 159
f 259 160 260
f 259 158 159
f 158 259 258
f 563 463 564
f 564 463 464
f 561 562 661
f 661 562 662
f 562 463 563
f 463 562 462
f 1733 1632 1633
f 1632 1733 1732
f 1634 1733 1633
f 1733 1634 1734
f 2033 2133 2032
f 2133 2132 2032
f 2534 2533 2434
f 2533 2433 2434
f 1151 1252 1251
f 1252 1151 1152
f 1151 1052 1152
f 1151 1051 1052
f 1251 1352 1351
f 1252 1352 1251
f 1242 1141 1142
f 1141 1242 1241
f 1040 940 941
f 1041 1040 941
f 1943 1843 1944
f 1843 1844 1944
f 1641 1542 1642
f 1542 1641 1541
f 1643 1542 1543
f 1542 1643 1642
f 1542 1443 1543
f 1443 1542 1442
f 8230 8129 8130
f 8129 8230 8229
f 7926 7827 7927
f 7827 7926 7826
f 7827 7726 7727
f 7726 7827 7826
f 9919 9820 9920
f 9820 9919 9819
f 9818 9917 9817
f 9818 9918 9917
f 9818 9919 9918
f 9919 9818 9819
f 9719 9820 9819
f 9820 9719 9720
f 9215 9116 9216
f 9115 9116 9215
f 9127 9028 9128
f 9028 9127 9027
f 9820 9721 9821
f 9721 9820 9720
f 9824 9925 9924
f 9925 9824 9825
f 8923 9024 9023
f 9024 8923 8924
f 8716 8715 8616
f 8715 8615 8616
f 9930 9831 9931
f 9831 9930 9830
f 9730 9831 9830
f 9831 9730 9731
f 9634 9534 9635
f 9534 9535 9635
f 9456 9356 9457
f 9356 9357 9457
f 9857 9756 9757
f 9756 9857 9856
f 8960 9061 9060
f 9061 8960 8961
f 8859 8960 8959
f 8960 8859 8860
f 9856 9957 9956
f 9857 9957 9856
f 8650 8549 8550
f 8549 8650 8649
f 8549 8450 8550
f 8450 8549 8449
f 9952 9853 9953
f 9853 9952 9852
f 9853 9754 9854
f 9754 9853 9753
f 9853 9954 9953
f 9853 9854 9954
f 9349 9250 9350
f 9250 9349 9249
f 9745 9845 9844
f 9744 9745 9844
f 9644 9745 9744
f 9745 9644 9645
f 9949 9849 9950
f 9950 9849 9850
f 9849 9949 9948
f 9848 9849 9948
f 9251 9150 9151
f 9150 9251 9250
f 9851 9752 9852
f 9752 9851 9751
f 9752 9853 9852
f 9853 9752 9753
f 9895 9994 9894
f 9994 9895 9995
f 9895 9996 9995
f 9996 9895 9896
f 9897 9996 9896
f 9997 9996 9897
f 9998 9899 9999
f 9998 9898 9899
f 9998 9997 9897
f 9898 9998 9897
f 7676 7775 7675
f 7776 7775 7676
f 4833 4734 4834
f 4734 4833 4733
f 5032 4931 4932
f 4931 5032 5031
f 3840 3941 3940
f 3941 3840 3841
f 3941 4040 3940
f 4040 3941 4041
f 4141 4040 4041
f 4040 4141 4140
f 4139 4040 4140
f 4040 4139 4039
f 4544 4445 4545
f 4444 4445 4544
f 4643 4743 4642
f 4743 4742 4642
f 4746 4846 4845
f 4745 4746 4845
f 4734 4835 4834
f 4835 4734 4735
f 4836 4835 4736
f 4835 4735 4736
f 5037 4937 5038
f 4937 4938 5038
f 4937 4837 4838
f 4938 4937 4838
f 4738 4839 4838
f 4739 4839 4738
f 4743 4842 4742
f 4842 4743 4843
f 6829 6928 6828
f 6928 6829 6929
f 6928 6827 6828
f 6928 6927 6827
f 6930 7029 6929
f 7029 6930 7030
f 7228 7127 7128
f 7127 7228 7227
f 7124 7225 7224
f 7225 7124 7125
f 7230 7331 7330
f 7331 7230 7231
f 7330 7331 7430
f 7331 7431 7430
f 7431 7331 7432
f 7432 7331 7332
f 8440 8539 8439
f 8539 8440 8540
f 8339 8440 8439
f 8440 8339 8340
f 3923 3922 3823
f 3823 3922 3822
f 3722 3723 3822
f 3723 3823 3822
f 3908 3807 3808
f 3807 3908 3907
f 3807 3706 3707
f 3706 3807 3806
f 3908 4007 3907
f 4007 3908 4008
f 3024 3125 3124
f 3125 3024 3025
f 3025 3024 2925
f 2925 3024 2924
f 5921 5822 5922
f 5822 5921 5821
f 5921 6020 5920
f 6020 5921 6021
f 6219 6118 6119
f 6118 6219 6218
f 5614 5515 5615
f 5515 5614 5514
f 5520 5620 5519
f 5620 5619 5519
f 5816 5716 5817
f 5716 5717 5817
f 5717 5718 5817
f 5718 5818 5817
f 7903 8002 7902
f 8002 7903 8003
f 7302 7301 7201
f 7202 7302 7201
f 7301 7302 7401
f 7302 7402 7401
f 7403 7302 7303
f 7302 7403 7402
f 8002 8103 8102
f 8103 8002 8003
f 8512 8613 8612
f 8613 8512 8513
f 8416 8517 8516
f 8517 8416 8417
f 8517 8617 8616
f 8516 8517 8616
f 7824 7823 7723
f 7724 7824 7723
f 7824 7923 7823
f 7923 7824 7924
f 8022 7923 8023
f 7923 8022 7922
f 6203 6202 6102
f 6103 6203 6102
f 6901 7002 7001
f 7002 6901 6902
f 6901 6802 6902
f 6802 6901 6801
f 7204 7305 7304
f 7305 7204 7205
f 7407 7306 7307
f 7306 7407 7406
f 7407 7508 7507
f 7508 7407 7408
f 7607 7508 7608
f 7507 7508 7607
f 7508 7609 7608
f 7609 7508 7509
f 7808 7707 7708
f 7707 7808 7807
f 6013 5914 6014
f 5914 6013 5913
f 6110 6211 6210
f 6211 6110 6111
f 6112 6211 6111
f 6211 6112 6212
f 5612 5711 5611
f 5711 5612 5712
f 5614 5713 5613
f 5713 5614 5714
f 5612 5713 5712
f 5713 5612 5613
f 5713 5812 5712
f 5812 5713 5813
f 5713 5814 5813
f 5814 5713 5714
f 5814 5914 5913
f 5813 5814 5913
f 6519 6620 6619
f 6620 6519 6520
f 7221 7120 7121
f 7120 7221 7220
f 6409 6309 6410
f 6410 6309 6310
f 6409 6509 6408
f 6509 6508 6408
f 6509 6409 6410
f 6510 6509 6410
f 6737 6836 6736
f 6836 6737 6837
f 6737 6638 6738
f 6638 6737 6637
f 5932 6033 6032
f 6033 5932 5933
f 6337 6438 6437
f 6438 6337 6338
f 6737 6636 6637
f 6636 6737 6736
f 6537 6638 6637
f 6638 6537 6538
f 6438 6537 6437
f 6537 6438 6538
f 6636 6537 6637
f 6537 6636 6536
f 6436 6537 6536
f 6537 6436 6437
f 6337 6436 6336
f 6436 6337 6437
f 6831 6932 6931
f 6932 6831 6832
f 6534 6433 6434
f 6433 6534 6533
f 6432 6433 6532
f 6532 6433 6533
f 6636 6535 6536
f 6535 6636 6635
f 6535 6436 6536
f 6436 6535 6435
f 6535 6534 6434
f 6535 6434 6435
f 6634 6535 6635
f 6535 6634 6534
f 6632 6732 6731
f 6632 6731 6631
f 7640 7539 7540
f 7539 7640 7639
f 7440 7539 7439
f 7539 7440 7540
f 7333 7433 7332
f 7433 7432 7332
f 7331 7232 7332
f 7232 7331 7231
f 6936 6937 7037
f 7036 6936 7037
f 6936 6836 6837
f 6937 6936 6837
f 5825 5826 5926
f 5925 5825 5926
f 5825 5726 5826
f 5726 5825 5725
f 5825 5925 5924
f 5824 5825 5924
f 5827 5927 5826
f 5826 5927 5926
f 5428 5328 5329
f 5429 5428 5329
f 5230 5130 5131
f 5230 5131 5231
f 5230 5331 5330
f 5331 5230 5231
f 5130 5230 5129
f 5230 5229 5129
f 5329 5230 5330
f 5229 5230 5329
f 5828 5927 5827
f 5927 5828 5928
f 5828 5827 5727
f 5728 5828 5727
f 5828 5929 5928
f 5929 5828 5829
f 4826 4925 4825
f 4925 4826 4926
f 4824 4925 4924
f 4925 4824 4825
f 5026 4925 4926
f 5025 4925 5026
f 5126 5225 5125
f 5225 5126 5226
f 5325 5225 5326
f 5326 5225 5226
f 5625 5726 5725
f 5625 5626 5726
f 5729 5828 5728
f 5828 5729 5829
f 5931 5831 5832
f 5932 5931 5832
f 4928 4827 4828
f 4827 4928 4927
f 4827 4927 4926
f 4826 4827 4926
f 4024 4123 4023
f 4123 4024 4124
f 9810 9911 9910
f 9811 9911 9810
f 9202 9301 9201
f 9301 9202 9302
f 9602 9701 9601
f 9701 9602 9702
f 9501 9602 9601
f 9602 9501 9502
f 9509 9410 9510
f 9410 9509 9409
f 9316 9217 9317
f 9217 9316 9216
f 250 349 249
f 350 349 250
f 251 152 252
f 152 251 151
f 51 152 151
f 52 152 51
f 152 52 53
f 152 53 153
f 451 350 351
f 350 451 450
f 450 451 550
f 451 551 550
f 259 358 258
f 358 259 359
f 558 559 659
f 658 558 659
f 155 55 56
f 156 155 56
f 152 253 252
f 253 152 153
f 252 253 352
f 253 353 352
f 453 454 554
f 553 453 554
f 453 354 454
f 354 453 353
f 652 651 552
f 651 551 552
f 651 650 550
f 551 651 550
f 246 347 346
f 347 246 247
f 248 149 249
f 248 148 149
f 147 46 47
f 147 146 46
f 246 147 247
f 147 246 146
f 48 147 47
f 148 147 48
f 248 147 148
f 147 248 247
f 447 548 547
f 548 447 448
f 548 549 649
f 548 649 648
f 544 445 545
f 445 544 444
f 645 544 545
f 544 645 644
f 645 545 546
f 646 645 546
f 548 647 547
f 647 548 648
f 647 646 546
f 547 647 546
f 749 748 649
f 649 748 648
f 849 748 749
f 748 849 848
f 1141 1042 1142
f 1042 1141 1041
f 1042 1041 941
f 942 1042 941
f 745 645 646
f 745 646 746
f 846 745 746
f 745 846 845
f 945 846 946
f 846 945 845
f 232 333 332
f 333 232 233
f 134 234 133
f 234 233 133
f 240 141 241
f 141 240 140
f 138 37 38
f 37 138 137
f 138 39 139
f 39 138 38
f 4301 4201 4302
f 4201 4202 4302
f 5106 5207 5206
f 5106 5107 5207
f 4401 4301 4302
f 4402 4401 4302
f 4502 4401 4402
f 4401 4502 4501
f 4202 4303 4302
f 4203 4303 4202
f 4801 4902 4901
f 4902 4801 4802
f 4903 5004 5003
f 5004 4903 4904
f 5701 5802 5801
f 5802 5701 5702
f 5401 5502 5501
f 5502 5401 5402
f 5106 5007 5107
f 5007 5106 5006
f 5004 4905 5005
f 4905 5004 4904
f 4707 4607 4608
f 4708 4707 4608
f 4711 4812 4811
f 4812 4711 4712
f 5013 5114 5113
f 5114 5013 5014
f 4812 4911 4811
f 4911 4812 4912
f 4810 4911 4910
f 4911 4810 4811
f 5612 5513 5613
f 5513 5612 5512
f 5614 5513 5514
f 5513 5614 5613
f 4714 4815 4814
f 4815 4714 4715
f 5114 5214 5113
f 5214 5213 5113
f 5420 5521 5520
f 5521 5420 5421
f 4925 5024 4924
f 5024 4925 5025
f 4622 4523 4623
f 4523 4622 4522
f 4211 4110 4111
f 4110 4211 4210
f 4211 4312 4311
f 4312 4211 4212
f 4213 4312 4212
f 4312 4213 4313
f 2106 2006 2007
f 2106 2007 2107
f 2307 2308 2408
f 2407 2307 2408
f 2013 2012 1913
f 1913 2012 1912
f 2402 2503 2502
f 2403 2503 2402
f 2304 2303 2203
f 2204 2304 2203
f 3703 3604 3704
f 3604 3703 3603
f 3703 3804 3803
f 3804 3703 3704
f 3804 3903 3803
f 3903 3804 3904
f 2202 2103 2203
f 2102 2103 2202
f 1601 1602 1702
f 1701 1601 1702
f 2006 1906 2007
f 2007 1906 1907
f 1905 1906 2005
f 1906 2006 2005
f 2002 2103 2102
f 2103 2002 2003
f 2002 2102 2101
f 2001 2002 2101
f 1901 2002 2001
f 2002 1901 1902
f 1818 1717 1718
f 1717 1818 1817
f 1717 1617 1618
f 1718 1717 1618
f 1220 1119 1120
f 1119 1220 1219
f 1119 1020 1120
f 1020 1119 1019
f 1416 1317 1417
f 1316 1317 1416
f 1710 1709 1609
f 1710 1609 1610
f 1615 1514 1515
f 1514 1615 1614
f 1611 1512 1612
f 1512 1611 1511
f 1719 1619 1620
f 1719 1620 1720
f 1619 1719 1618
f 1719 1718 1618
f 1716 1717 1817
f 1716 1817 1816
f 1617 1716 1616
f 1717 1716 1617
f 1813 1714 1814
f 1714 1813 1713
f 1003 1102 1002
f 1102 1003 1103
f 809 808 709
f 808 708 709
f 808 809 909
f 908 808 909
f 1009 910 1010
f 910 1009 909
f 1407 1307 1308
f 1408 1407 1308
f 1407 1408 1508
f 1507 1407 1508
f 1608 1509 1609
f 1509 1608 1508
f 1408 1509 1508
f 1509 1408 1409
f 1609 1509 1610
f 1509 1510 1610
f 1410 1509 1409
f 1510 1509 1410
f 1309 1408 1308
f 1408 1309 1409
f 1102 1203 1202
f 1203 1102 1103
f 714 615 715
f 615 714 614
f 815 714 715
f 714 815 814
f 1520 1420 1521
f 1420 1421 1521
f 1824 1724 1725
f 1825 1824 1725
f 1621 1721 1620
f 1620 1721 1720
f 2423 2322 2323
f 2322 2423 2422
f 12 13 113
f 112 12 113
f 718 619 719
f 619 718 618
f 518 617 517
f 617 518 618
f 516 617 616
f 617 516 517
f 718 617 618
f 617 718 717
f 520 620 519
f 620 619 519
f 215 114 115
f 114 215 214
f 116 215 115
f 215 116 216
f 215 314 214
f 314 215 315
f 316 215 216
f 215 316 315
f 515 615 614
f 514 515 614
f 515 516 616
f 615 515 616
f 31 131 30
f 30 131 130
f 29 128 28
f 29 129 128
f 29 30 130
f 129 29 130
f 325 426 425
f 426 325 326
f 1025 1124 1024
f 1025 1125 1124
f 526 427 527
f 427 526 426
f 623 624 723
f 723 624 724
f 123 24 124
f 24 123 23
f 1220 1321 1320
f 1321 1220 1221
f 1321 1420 1320
f 1420 1321 1421
f 927 928 1028
f 1027 927 1028
f 1112 1212 1211
f 1111 1112 1211
f 1014 1115 1114
f 1115 1014 1015
f 1014 1114 1113
f 1013 1014 1113
f 7 106 6
f 106 7 107
f 106 5 6
f 5 106 105
f 207 106 107
f 106 207 206
f 105 106 205
f 106 206 205
f 111 12 112
f 12 111 11
f 111 212 211
f 212 111 112
f 111 10 11
f 10 111 110
f 111 210 110
f 210 111 211
f 309 210 310
f 210 309 209
f 109 210 209
f 210 109 110
f 9 109 8
f 109 108 8
f 109 10 110
f 10 109 9
f 507 508 607
f 508 608 607
f 301 201 302
f 201 202 302
f 201 101 102
f 202 201 102
f 202 203 302
f 203 303 302
f 505 405 406
f 506 505 406
f 804 905 904
f 905 804 805
f 907 808 908
f 808 907 807
f 1109 1008 1009
f 1008 1109 1108
f 1009 1008 909
f 1008 908 909
f 1008 907 908
f 907 1008 1007
f 4899 4900 5000
f 4899 5000 4999
f 3600 3699 3599
f 3700 3699 3600
f 3499 3400 3500
f 3399 3400 3499
f 3300 3299 3200
f 3299 3199 3200
f 3199 3299 3198
f 3198 3299 3298
f 3299 3400 3399
f 3400 3299 3300
f 3398 3299 3399
f 3299 3398 3298
f 3398 3399 3499
f 3398 3499 3498
f 3088 2988 2989
f 3089 3088 2989
f 3189 3090 3190
f 3090 3189 3089
f 3088 3189 3188
f 3189 3088 3089
f 4392 4492 4491
f 4391 4392 4491
f 4394 4493 4393
f 4493 4394 4494
f 4594 4493 4494
f 4493 4594 4593
f 4392 4493 4492
f 4493 4392 4393
f 4492 4493 4592
f 4493 4593 4592
f 783 682 683
f 682 783 782
f 783 883 882
f 783 882 782
f 1287 1386 1286
f 1386 1287 1387
f 1386 1285 1286
f 1285 1386 1385
f 1483 1384 1484
f 1384 1483 1383
f 1384 1285 1385
f 1285 1384 1284
f 1579 1679 1578
f 1679 1678 1578
f 1475 1476 1576
f 1575 1475 1576
f 1682 1581 1582
f 1581 1682 1681
f 1381 1380 1280
f 1281 1381 1280
f 2081 1982 2082
f 1982 2081 1981
f 2200 2300 2299
f 2199 2200 2299
f 2100 2200 2099
f 2200 2199 2099
f 2598 2497 2498
f 2497 2598 2597
f 2499 2598 2498
f 2598 2499 2599
f 1299 1300 1400
f 1399 1299 1400
f 2593 2592 2492
f 2493 2593 2492
f 3194 3295 3294
f 3295 3194 3195
f 3293 3392 3292
f 3392 3293 3393
f 3293 3194 3294
f 3194 3293 3193
f 2886 2785 2786
f 2885 2785 2886
f 1794 1893 1793
f 1893 1794 1894
f 1988 1889 1989
f 1889 1988 1888
f 1889 1890 1990
f 1989 1889 1990
f 2491 2391 2492
f 2492 2391 2392
f 1786 1887 1886
f 1887 1786 1787
f 1785 1786 1885
f 1786 1886 1885
f 1686 1786 1685
f 1786 1785 1685
f 2389 2488 2388
f 2488 2389 2489
f 2785 2686 2786
f 2686 2785 2685
f 1785 1684 1685
f 1684 1785 1784
f 1386 1485 1385
f 1485 1386 1486
f 1485 1384 1385
f 1384 1485 1484
f 1585 1485 1586
f 1586 1485 1486
f 1786 1687 1787
f 1687 1786 1686
f 1487 1386 1387
f 1386 1487 1486
f 1289 1390 1389
f 1390 1289 1290
f 1390 1291 1391
f 1291 1390 1290
f 1389 1390 1489
f 1390 1490 1489
f 1491 1390 1391
f 1490 1390 1491
f 1395 1494 1394
f 1494 1395 1495
f 1493 1494 1593
f 1494 1594 1593
f 1693 1692 1593
f 1692 1592 1593
f 3070 3169 3069
f 3169 3070 3170
f 3171 3070 3071
f 3070 3171 3170
f 2969 3070 3069
f 3070 2969 2970
f 2969 3069 3068
f 2969 3068 2968
f 2970 2969 2870
f 2969 2869 2870
f 2967 3066 2966
f 3066 2967 3067
f 3067 2967 3068
f 3068 2967 2968
f 2866 2967 2966
f 2967 2866 2867
f 2969 2868 2869
f 2868 2969 2968
f 2868 2967 2867
f 2967 2868 2968
f 2869 2868 2769
f 2868 2768 2769
f 2868 2767 2768
f 2767 2868 2867
f 2866 2767 2867
f 2767 2866 2766
f 2666 2767 2766
f 2767 2666 2667
f 2565 2666 2665
f 2666 2565 2566
f 2567 2666 2566
f 2666 2567 2667
f 2375 2476 2475
f 2476 2375 2376
f 2274 2375 2374
f 2375 2274 2275
f 2375 2475 2474
f 2374 2375 2474
f 2574 2473 2474
f 2573 2473 2574
f 2572 2573 2673
f 2572 2673 2672
f 2572 2473 2573
f 2473 2572 2472
f 2777 2876 2776
f 2876 2777 2877
f 2381 2382 2481
f 2382 2482 2481
f 2281 2382 2381
f 2382 2281 2282
f 2482 2581 2481
f 2581 2482 2582
f 2081 2182 2181
f 2182 2081 2082
f 2281 2182 2282
f 2182 2281 2181
f 2379 2278 2279
f 2278 2379 2378
f 2278 2277 2177
f 2278 2177 2178
f 2377 2476 2376
f 2476 2377 2477
f 2278 2377 2277
f 2377 2278 2378
f 2377 2378 2478
f 2477 2377 2478
f 2276 2375 2275
f 2375 2276 2376
f 2377 2276 2277
f 2276 2377 2376
f 2177 2276 2176
f 2277 2276 2177
f 3177 3176 3077
f 3077 3176 3076
f 3376 3277 3377
f 3277 3376 3276
f 3277 3176 3177
f 3176 3277 3276
f 2878 2978 2977
f 2878 2977 2877
f 2777 2878 2877
f 2878 2777 2778
f 3180 3279 3179
f 3279 3180 3280
f 3281 3381 3280
f 3381 3380 3280
f 2884 2785 2885
f 2785 2884 2784
f 2884 2783 2784
f 2884 2883 2783
f 3187 3287 3286
f 3186 3187 3286
f 3189 3288 3188
f 3288 3189 3289
f 3187 3288 3287
f 3288 3187 3188
f 4467 4368 4468
f 4368 4467 4367
f 4467 4366 4367
f 4366 4467 4466
f 4768 4667 4668
f 4767 4667 4768
f 3669 3770 3769
f 3770 3669 3670
f 3770 3869 3769
f 3869 3770 3870
f 3769 3868 3768
f 3869 3868 3769
f 4075 3976 4076
f 3976 4075 3975
f 4175 4075 4076
f 4175 4076 4176
f 4884 4985 4984
f 4985 4884 4885
f 4884 4783 4784
f 4783 4884 4883
f 4655 4654 4554
f 4555 4655 4554
f 4956 5055 4955
f 5055 4956 5056
f 5252 5153 5253
f 5153 5252 5152
f 5053 5153 5052
f 5153 5152 5052
f 4761 4862 4861
f 4862 4761 4762
f 5060 4960 4961
f 5061 5060 4961
f 8954 8855 8955
f 8855 8954 8854
f 7770 7769 7669
f 7670 7770 7669
f 7770 7670 7671
f 7771 7770 7671
f 7569 7468 7469
f 7569 7568 7468
f 7569 7670 7669
f 7569 7570 7670
f 7570 7569 7470
f 7470 7569 7469
f 7370 7471 7470
f 7471 7370 7371
f 7369 7370 7469
f 7370 7470 7469
f 7765 7666 7766
f 7666 7765 7665
f 7666 7767 7766
f 7666 7667 7767
f 7668 7569 7669
f 7569 7668 7568
f 7769 7668 7669
f 7668 7769 7768
f 7667 7668 7767
f 7767 7668 7768
f 7668 7567 7568
f 7567 7668 7667
f 7568 7567 7468
f 7567 7467 7468
f 7367 7268 7368
f 7367 7267 7268
f 7468 7367 7368
f 7467 7367 7468
f 8262 8361 8261
f 8361 8262 8362
f 7770 7869 7769
f 7869 7770 7870
f 5049 4949 4950
f 5050 5049 4950
f 5153 5254 5253
f 5254 5153 5154
f 5254 5155 5255
f 5155 5254 5154
f 5254 5353 5253
f 5254 5354 5353
f 6743 6742 6642
f 6643 6743 6642
f 6438 6539 6538
f 6539 6438 6439
f 6539 6638 6538
f 6638 6539 6639
f 6440 6539 6439
f 6539 6440 6540
f 6045 6044 5944
f 5945 6045 5944
f 6144 6245 6244
f 6245 6144 6145
f 6045 6144 6044
f 6144 6045 6145
f 6043 6144 6143
f 6144 6043 6044
f 5833 5932 5832
f 5932 5833 5933
f 7851 7852 7951
f 7951 7852 7952
f 7852 7851 7751
f 7752 7852 7751
f 7653 7753 7752
f 7652 7653 7752
f 7855 7956 7955
f 7956 7855 7856
f 8155 8154 8054
f 8155 8054 8055
f 8058 8157 8057
f 8157 8058 8158
f 8157 8158 8258
f 8257 8157 8258
f 8157 8256 8156
f 8157 8257 8256
f 8154 8254 8153
f 8254 8253 8153
f 7957 8058 8057
f 8058 7957 7958
f 7957 7858 7958
f 7957 7857 7858
f 7957 7956 7856
f 7857 7957 7856
f 8056 8157 8156
f 8157 8056 8057
f 7957 8056 7956
f 8056 7957 8057
f 8056 8155 8055
f 8155 8056 8156
f 7956 8056 7955
f 7955 8056 8055
f 8058 8159 8158
f 8159 8058 8059
f 7959 8058 7958
f 8058 7959 8059
f 7860 7961 7960
f 7961 7860 7861
f 7256 7357 7356
f 7357 7256 7257
f 7257 7256 7157
f 7256 7156 7157
f 7155 7256 7255
f 7156 7256 7155
f 7163 7062 7063
f 7163 7162 7062
f 7060 7061 7161
f 7160 7060 7161
f 7064 7163 7063
f 7163 7064 7164
f 7163 7262 7162
f 7262 7163 7263
f 7162 7262 7161
f 7262 7261 7161
f 7262 7361 7261
f 7361 7262 7362
f 7362 7262 7363
f 7363 7262 7263
f 7964 8063 7963
f 8063 7964 8064
f 7964 8065 8064
f 8065 7964 7965
f 7964 7963 7863
f 7864 7964 7863
f 7964 7864 7865
f 7964 7865 7965
f 7864 7763 7764
f 7763 7864 7863
f 6856 6755 6756
f 6755 6856 6855
f 7055 7156 7155
f 7156 7055 7056
f 7553 7653 7652
f 7553 7652 7552
f 6751 6852 6851
f 6852 6751 6752
f 6753 6852 6752
f 6853 6852 6753
f 7150 7249 7149
f 7249 7150 7250
f 7651 7652 7752
f 7651 7752 7751
f 7651 7751 7750
f 7650 7651 7750
f 7652 7651 7552
f 7651 7551 7552
f 7651 7550 7551
f 7550 7651 7650
f 7550 7449 7450
f 7449 7550 7549
f 7549 7550 7649
f 7550 7650 7649
f 7451 7550 7450
f 7551 7550 7451
f 5854 5853 5754
f 5853 5753 5754
f 5653 5654 5754
f 5753 5653 5754
f 5653 5753 5752
f 5652 5653 5752
f 4866 4865 4766
f 4865 4765 4766
f 4865 4764 4765
f 4764 4865 4864
f 4665 4764 4664
f 4764 4665 4765
f 4964 4863 4864
f 4863 4964 4963
f 4962 4863 4963
f 4863 4962 4862
f 4863 4764 4864
f 4764 4863 4763
f 4863 4862 4762
f 4763 4863 4762
f 5860 5760 5761
f 5861 5860 5761
f 5960 5860 5961
f 5860 5861 5961
f 5254 5355 5354
f 5355 5254 5255
f 5454 5355 5455
f 5354 5355 5454
f 5355 5456 5455
f 5355 5356 5456
f 5557 5558 5658
f 5657 5557 5658
f 5458 5557 5457
f 5557 5458 5558
f 5557 5657 5656
f 5556 5557 5656
f 5557 5556 5456
f 5557 5456 5457
f 5564 5665 5664
f 5665 5564 5565
f 5464 5564 5463
f 5463 5564 5563
f 5267 5168 5268
f 5168 5267 5167
f 5267 5268 5368
f 5267 5368 5367
f 5462 5561 5461
f 5561 5462 5562
f 5562 5462 5563
f 5462 5463 5563
f 5362 5462 5361
f 5462 5461 5361
f 5462 5362 5363
f 5463 5462 5363
f 5461 5360 5361
f 5460 5360 5461
f 6090 6189 6089
f 6189 6090 6190
f 4691 4692 4792
f 4691 4792 4791
f 4691 4591 4592
f 4692 4691 4592
f 4588 4489 4589
f 4489 4588 4488
f 4887 4986 4886
f 4986 4887 4987
f 5397 5296 5297
f 5296 5397 5396
f 5599 5498 5499
f 5598 5498 5599
f 5400 5399 5300
f 5399 5299 5300
f 5399 5500 5499
f 5500 5399 5400
f 5498 5399 5499
f 5399 5498 5398
f 5298 5399 5398
f 5399 5298 5299
f 5298 5198 5199
f 5299 5298 5199
f 5298 5397 5297
f 5397 5298 5398
f 5799 5700 5800
f 5799 5699 5700
f 5488 5388 5489
f 5388 5389 5489
f 5582 5683 5682
f 5683 5582 5583
f 5688 5587 5588
f 5587 5688 5687
f 5686 5785 5685
f 5785 5686 5786
f 5686 5787 5786
f 5787 5686 5687
f 5585 5686 5685
f 5586 5686 5585
f 5686 5587 5687
f 5587 5686 5586
f 5290 5390 5289
f 5390 5389 5289
f 8100 8099 7999
f 8000 8100 7999
f 6183 6282 6182
f 6282 6183 6283
f 6282 6181 6182
f 6181 6282 6281
f 9200 9300 9199
f 9300 9299 9199
f 9300 9400 9399
f 9299 9300 9399
f 6899 6800 6900
f 6800 6899 6799
f 7000 6899 6900
f 6899 7000 6999
f 6099 6000 6100
f 6000 6099 5999
f 7897 7998 7997
f 7998 7897 7898
f 7899 7900 8000
f 7899 8000 7999
f 7899 7998 7898
f 7998 7899 7999
f 7900 7899 7800
f 7899 7799 7800
f 7798 7899 7898
f 7899 7798 7799
f 7096 7195 7095
f 7195 7096 7196
f 7174 7274 7273
f 7174 7273 7173
f 7275 7375 7374
f 7274 7275 7374
f 7275 7174 7175
f 7174 7275 7274
f 7176 7077 7177
f 7077 7176 7076
f 7077 6976 6977
f 6976 7077 7076
f 7577 7678 7677
f 7578 7678 7577
f 6677 6676 6576
f 6577 6677 6576
f 7572 7473 7573
f 7473 7572 7472
f 7572 7571 7471
f 7572 7471 7472
f 7474 7373 7374
f 7473 7373 7474
f 7373 7274 7374
f 7274 7373 7273
f 7372 7373 7472
f 7373 7473 7472
f 7373 7272 7273
f 7272 7373 7372
f 7478 7479 7578
f 7479 7579 7578
f 6383 6282 6283
f 6282 6383 6382
f 5182 5283 5282
f 5283 5182 5183
f 5182 5181 5081
f 5082 5182 5081
f 5683 5782 5682
f 5782 5683 5783
f 5778 5878 5877
f 5778 5877 5777
f 5580 5579 5480
f 5579 5479 5480
f 5579 5580 5680
f 5679 5579 5680
f 5482 5581 5481
f 5482 5582 5581
f 6476 6577 6576
f 6577 6476 6477
f 6280 6181 6281
f 6181 6280 6180
f 6381 6282 6382
f 6282 6381 6281
f 6280 6381 6380
f 6381 6280 6281
f 6480 6381 6481
f 6380 6381 6480
f 6381 6482 6481
f 6482 6381 6382
f 6482 6383 6483
f 6383 6482 6382
f 6482 6581 6481
f 6581 6482 6582
f 6682 6581 6582
f 6581 6682 6681
f 6581 6480 6481
f 6581 6580 6480
f 6979 6880 6980
f 6880 6979 6879
f 6081 5980 5981
f 5980 6081 6080
f 6080 6081 6180
f 6081 6181 6180
f 6167 6067 6168
f 6067 6068 6168
f 5865 5964 5864
f 5965 5964 5865
f 5763 5764 5864
f 5863 5763 5864
f 5967 6066 5966
f 6067 6066 5967
f 6066 6067 6167
f 6066 6167 6166
f 6364 6263 6264
f 6263 6364 6363
f 6264 6263 6164
f 6263 6163 6164
f 6561 6662 6661
f 6662 6561 6562
f 6561 6461 6462
f 6561 6462 6562
f 6658 6657 6557
f 6558 6658 6557
f 6757 6658 6758
f 6657 6658 6757
f 6559 6658 6558
f 6658 6559 6659
f 5959 6059 5958
f 6059 6058 5958
f 6457 6558 6557
f 6457 6458 6558
f 6355 6454 6354
f 6454 6355 6455
f 6355 6456 6455
f 6456 6355 6356
f 5370 5271 5371
f 5271 5370 5270
f 5370 5369 5269
f 5270 5370 5269
f 5470 5370 5471
f 5471 5370 5371
f 6072 6173 6172
f 6173 6072 6073
f 6369 6268 6269
f 6268 6369 6368
f 6270 6170 6171
f 6270 6171 6271
f 6169 6270 6269
f 6170 6270 6169
f 6371 6270 6271
f 6370 6270 6371
f 6369 6270 6370
f 6270 6369 6269
f 6069 6169 6168
f 6068 6069 6168
f 6069 6170 6169
f 6170 6069 6070
f 6069 5970 6070
f 5970 6069 5969
f 6069 5968 5969
f 5968 6069 6068
f 5968 5867 5868
f 5867 5968 5967
f 5968 6067 5967
f 6067 5968 6068
f 5869 5968 5868
f 5969 5968 5869
f 6574 6673 6573
f 6673 6574 6674
f 6574 6473 6474
f 6473 6574 6573
f 6574 6675 6674
f 6574 6575 6675
f 5877 5776 5777
f 5776 5877 5876
f 5776 5677 5777
f 5677 5776 5676
f 5870 5970 5969
f 5870 5969 5869
f 5569 5670 5669
f 5670 5569 5570
f 5768 5667 5668
f 5667 5768 5767
f 5366 5267 5367
f 5267 5366 5266
f 5466 5366 5467
f 5467 5366 5367
f 5465 5564 5464
f 5564 5465 5565
f 5465 5366 5466
f 5366 5465 5365
f 5465 5466 5566
f 5465 5566 5565
f 4969 5068 4968
f 5068 4969 5069
f 5169 5068 5069
f 5068 5169 5168
f 5465 5364 5365
f 5364 5465 5464
f 5364 5463 5363
f 5364 5464 5463
f 5263 5364 5363
f 5264 5364 5263
f 4381 4481 4380
f 4481 4480 4380
f 4679 4779 4778
f 4678 4679 4778
f 4286 4386 4385
f 4285 4286 4385
f 4387 4286 4287
f 4286 4387 4386
f 5083 5184 5183
f 5083 5084 5184
f 5182 5083 5183
f 5083 5182 5082
f 5085 5185 5084
f 5084 5185 5184
f 5185 5284 5184
f 5185 5285 5284
f 4988 5089 5088
f 5089 4988 4989
f 2425 2325 2426
f 2426 2325 2326
f 2324 2325 2424
f 2325 2425 2424
f 2224 2324 2323
f 2223 2224 2323
f 2224 2325 2324
f 2325 2224 2225
f 1925 1826 1926
f 1826 1925 1825
f 1824 1925 1924
f 1925 1824 1825
f 1925 1926 2026
f 2025 1925 2026
f 1925 2024 1924
f 2024 1925 2025
f 2824 2825 2925
f 2824 2925 2924
f 2923 2824 2924
f 2824 2923 2823
f 2825 2824 2725
f 2824 2724 2725
f 2824 2823 2723
f 2724 2824 2723
f 2624 2625 2725
f 2724 2624 2725
f 1033 932 933
f 1033 1032 932
f 934 1033 933
f 1033 934 1034
f 1730 1831 1830
f 1730 1731 1831
f 1532 1431 1432
f 1431 1532 1531
f 1128 1027 1028
f 1128 1127 1027
f 1739 1840 1839
f 1840 1739 1740
f 1637 1538 1638
f 1538 1637 1537
f 1538 1537 1437
f 1438 1538 1437
f 1338 1237 1238
f 1338 1337 1237
f 1239 1338 1238
f 1338 1239 1339
f 1338 1438 1437
f 1337 1338 1437
f 1439 1338 1339
f 1438 1338 1439
f 1836 1835 1735
f 1736 1836 1735
f 1737 1836 1736
f 1836 1737 1837
f 1737 1636 1637
f 1636 1737 1736
f 1433 1533 1532
f 1433 1532 1432
f 435 535 434
f 535 534 434
f 535 634 534
f 634 535 635
f 735 634 635
f 634 735 734
f 539 439 540
f 540 439 440
f 438 439 539
f 438 539 538
f 136 36 37
f 136 37 137
f 136 135 35
f 36 136 35
f 1040 939 940
f 939 1040 1039
f 940 939 840
f 939 839 840
f 943 1042 942
f 1042 943 1043
f 842 943 942
f 843 943 842
f 939 838 839
f 838 939 938
f 937 838 938
f 837 838 937
f 2626 2727 2726
f 2627 2727 2626
f 2727 2628 2728
f 2628 2727 2627
f 2628 2627 2527
f 2628 2527 2528
f 2628 2729 2728
f 2729 2628 2629
f 2628 2528 2529
f 2629 2628 2529
f 2126 2025 2026
f 2025 2126 2125
f 1926 1927 2026
f 1927 2027 2026
f 1826 1927 1926
f 1927 1826 1827
f 2230 2229 2129
f 2130 2230 2129
f 2527 2428 2528
f 2428 2527 2427
f 3831 3731 3732
f 3832 3831 3732
f 4134 4035 4135
f 4035 4134 4034
f 4740 4839 4739
f 4839 4740 4840
f 4638 4538 4639
f 4538 4539 4639
f 4234 4134 4135
f 4234 4135 4235
f 4734 4635 4735
f 4635 4734 4634
f 4534 4635 4634
f 4635 4534 4535
f 4534 4435 4535
f 4435 4534 4434
f 4536 4435 4436
f 4535 4435 4536
f 4427 4326 4327
f 4326 4427 4426
f 4729 4630 4730
f 4630 4729 4629
f 4530 4529 4430
f 4529 4429 4430
f 4529 4630 4629
f 4630 4529 4530
f 4729 4628 4629
f 4628 4729 4728
f 3824 3723 3724
f 3723 3824 3823
f 3923 3824 3924
f 3824 3923 3823
f 3328 3229 3329
f 3229 3328 3228
f 3325 3225 3326
f 3225 3226 3326
f 3225 3125 3126
f 3226 3225 3126
f 3328 3227 3228
f 3227 3328 3327
f 3227 3226 3126
f 3127 3227 3126
f 3226 3227 3326
f 3326 3227 3327
f 3139 3040 3140
f 3139 3039 3040
f 4454 4555 4554
f 4555 4454 4455
f 4155 4056 4156
f 4056 4155 4055
f 3344 3243 3244
f 3243 3344 3343
f 3143 3242 3142
f 3143 3243 3242
f 3042 3143 3142
f 3043 3143 3042
f 3143 3144 3244
f 3243 3143 3244
f 2946 2846 2947
f 2846 2847 2947
f 3344 3443 3343
f 3443 3344 3444
f 3242 3342 3241
f 3342 3341 3241
f 3243 3342 3242
f 3342 3243 3343
f 3443 3342 3343
f 3342 3443 3442
f 3342 3441 3341
f 3441 3342 3442
f 3338 3337 3238
f 3238 3337 3237
f 3331 3431 3430
f 3330 3331 3430
f 3331 3432 3431
f 3432 3331 3332
f 3331 3231 3232
f 3331 3232 3332
f 3934 4035 4034
f 4035 3934 3935
f 3934 3834 3835
f 3935 3934 3835
f 4770 4871 4870
f 4871 4770 4771
f 4772 4871 4771
f 4872 4871 4772
f 4974 4973 4874
f 4874 4973 4873
f 4973 4974 5074
f 5073 4973 5074
f 4571 4471 4472
f 4572 4571 4472
f 4671 4571 4672
f 4571 4572 4672
f 4673 4574 4674
f 4574 4673 4573
f 4675 4574 4575
f 4574 4675 4674
f 4473 4574 4573
f 4574 4473 4474
f 4372 4473 4472
f 4473 4372 4373
f 4572 4473 4573
f 4473 4572 4472
f 4374 4473 4373
f 4473 4374 4474
f 4776 4675 4676
f 4776 4775 4675
f 4374 4475 4474
f 4475 4374 4375
f 4475 4574 4474
f 4574 4475 4575
f 4475 4576 4575
f 4475 4476 4576
f 4677 4678 4778
f 4777 4677 4778
f 4677 4776 4676
f 4776 4677 4777
f 4576 4677 4676
f 4577 4677 4576
f 4978 5079 5078
f 5079 4978 4979
f 4978 4878 4879
f 4978 4879 4979
f 4878 4877 4778
f 4877 4777 4778
f 5174 5173 5074
f 5173 5073 5074
f 5073 5173 5072
f 5173 5172 5072
f 5272 5173 5273
f 5172 5173 5272
f 5274 5173 5174
f 5173 5274 5273
f 5273 5274 5373
f 5274 5374 5373
f 5576 5677 5676
f 5576 5577 5677
f 4263 4164 4264
f 4164 4263 4163
f 4263 4264 4364
f 4363 4263 4364
f 4164 4063 4064
f 4063 4164 4163
f 4063 3963 3964
f 4064 4063 3964
f 4160 4059 4060
f 4059 4160 4159
f 3755 3856 3855
f 3856 3755 3756
f 3661 3561 3662
f 3561 3562 3662
f 3559 3660 3659
f 3660 3559 3560
f 3660 3561 3661
f 3561 3660 3560
f 3660 3761 3760
f 3660 3661 3761
f 3664 3564 3565
f 3665 3664 3565
f 4273 4374 4373
f 4374 4273 4274
f 4372 4273 4373
f 4272 4273 4372
f 4271 4372 4371
f 4271 4272 4372
f 4271 4170 4171
f 4170 4271 4270
f 5172 5171 5072
f 5072 5171 5071
f 5070 5171 5170
f 5171 5070 5071
f 5271 5171 5272
f 5171 5172 5272
f 5171 5270 5170
f 5171 5271 5270
f 4970 4969 4869
f 4870 4970 4869
f 4970 5070 5069
f 4969 4970 5069
f 4663 4764 4763
f 4764 4663 4664
f 4663 4763 4762
f 4662 4663 4762
f 2863 2762 2763
f 2762 2863 2862
f 2762 2862 2861
f 2761 2762 2861
f 3059 3060 3159
f 3060 3160 3159
f 2857 2758 2858
f 2758 2857 2757
f 2758 2657 2658
f 2657 2758 2757
f 3161 3262 3261
f 3262 3161 3162
f 3161 3061 3062
f 3162 3161 3062
f 3260 3161 3261
f 3160 3161 3260
f 3060 3161 3160
f 3161 3060 3061
f 3461 3362 3462
f 3461 3361 3362
f 3562 3461 3462
f 3561 3461 3562
f 3361 3360 3261
f 3360 3260 3261
f 3653 3554 3654
f 3554 3653 3553
f 1658 1759 1758
f 1759 1658 1659
f 2154 2053 2054
f 2053 2154 2153
f 2555 2554 2455
f 2455 2554 2454
f 2554 2655 2654
f 2655 2554 2555
f 2456 2555 2455
f 2555 2456 2556
f 2456 2357 2457
f 2357 2456 2356
f 1951 1850 1851
f 1850 1951 1950
f 3050 2949 2950
f 2949 3050 3049
f 1162 1062 1063
f 1162 1063 1163
f 1262 1162 1263
f 1263 1162 1163
f 1461 1361 1462
f 1361 1362 1462
f 2466 2567 2566
f 2567 2466 2467
f 1965 2064 1964
f 2064 1965 2065
f 1965 1866 1966
f 1866 1965 1865
f 2263 2362 2262
f 2362 2263 2363
f 1664 1764 1663
f 1764 1763 1663
f 2265 2266 2366
f 2365 2265 2366
f 1666 1565 1566
f 1565 1666 1665
f 1760 1861 1860
f 1861 1760 1761
f 1560 1461 1561
f 1461 1560 1460
f 1564 1565 1665
f 1664 1564 1665
f 1661 1662 1761
f 1662 1762 1761
f 1763 1662 1663
f 1662 1763 1762
f 1562 1662 1561
f 1662 1661 1561
f 1363 1463 1362
f 1362 1463 1462
f 1463 1364 1464
f 1364 1463 1363
f 1372 1473 1472
f 1473 1372 1373
f 1568 1669 1668
f 1669 1568 1569
f 1169 1268 1168
f 1268 1169 1269
f 1369 1268 1269
f 1268 1369 1368
f 1168 1268 1167
f 1268 1267 1167
f 1070 970 971
f 1071 1070 971
f 4459 4460 4559
f 4460 4560 4559
f 4360 4460 4359
f 4460 4459 4359
f 4460 4461 4561
f 4560 4460 4561
f 4562 4663 4662
f 4663 4562 4563
f 2852 2953 2952
f 2953 2852 2853
f 2854 2953 2853
f 2953 2854 2954
f 3449 3450 3550
f 3549 3449 3550
f 3548 3449 3549
f 3449 3548 3448
f 3548 3649 3648
f 3649 3548 3549
f 3649 3748 3648
f 3649 3749 3748
f 3449 3350 3450
f 3350 3449 3349
f 3350 3251 3351
f 3350 3250 3251
f 3652 3551 3552
f 3551 3652 3651
f 3870 3771 3871
f 3770 3771 3870
f 3671 3771 3670
f 3771 3770 3670
f 3671 3571 3672
f 3672 3571 3572
f 3578 3478 3479
f 3578 3479 3579
f 3368 3469 3468
f 3469 3368 3369
f 3368 3268 3269
f 3369 3368 3269
f 3368 3267 3268
f 3267 3368 3367
f 3166 3267 3266
f 3267 3166 3167
f 3266 3267 3366
f 3267 3367 3366
f 3168 3267 3167
f 3268 3267 3168
f 3665 3566 3666
f 3566 3665 3565
f 3466 3566 3465
f 3465 3566 3565
f 2852 2753 2853
f 2753 2852 2752
f 2753 2754 2854
f 2753 2854 2853
f 2655 2755 2654
f 2755 2754 2654
f 3063 2962 2963
f 2962 3063 3062
f 3064 3063 2964
f 2964 3063 2963
f 799 900 899
f 799 800 900
f 799 898 798
f 898 799 899
f 800 799 700
f 799 699 700
f 599 498 499
f 498 599 598
f 500 599 499
f 599 500 600
f 599 600 700
f 699 599 700
f 299 198 199
f 298 198 299
f 198 99 199
f 198 98 99
f 599 698 598
f 698 599 699
f 698 799 798
f 799 698 699
f 595 594 495
f 594 494 495
f 1186 1087 1187
f 1086 1087 1186
f 1087 1188 1187
f 1087 1088 1188
f 1095 995 996
f 1096 1095 996
f 1097 1098 1197
f 1197 1098 1198
f 997 1097 1096
f 997 1096 996
f 1298 1297 1197
f 1298 1197 1198
f 894 795 895
f 795 894 794
f 70 171 170
f 171 70 71
f 476 577 576
f 577 476 477
f 575 476 576
f 476 575 475
f 477 476 377
f 476 376 377
f 376 476 375
f 476 475 375
f 1073 1074 1174
f 1073 1174 1173
f 370 469 369
f 469 370 470
f 68 168 67
f 67 168 167
f 168 69 169
f 168 68 69
f 269 168 169
f 168 269 268
f 170 269 169
f 270 269 170
f 269 370 369
f 370 269 270
f 672 671 572
f 671 571 572
f 671 570 571
f 570 671 670
f 570 469 470
f 469 570 569
f 571 570 471
f 570 470 471
f 379 478 378
f 478 379 479
f 379 378 278
f 279 379 278
f 178 179 278
f 179 279 278
f 179 178 78
f 79 179 78
f 179 80 180
f 179 79 80
f 82 181 81
f 82 182 181
f 182 82 183
f 82 83 183
f 179 280 279
f 280 179 180
f 181 280 180
f 281 280 181
f 382 481 381
f 481 382 482
f 382 281 282
f 281 382 381
f 382 383 483
f 482 382 483
f 283 382 282
f 383 382 283
f 1176 1175 1075
f 1076 1176 1075
f 678 577 578
f 678 677 577
f 90 91 190
f 91 191 190
f 91 92 192
f 191 91 192
f 594 493 494
f 493 594 593
f 292 191 192
f 191 292 291
f 1190 1289 1189
f 1289 1190 1290
f 1188 1089 1189
f 1088 1089 1188
f 1089 1190 1189
f 1190 1089 1090
f 187 286 186
f 286 187 287
f 184 283 183
f 283 184 284
f 184 83 84
f 83 184 183
f 85 184 84
f 185 184 85
f 187 188 287
f 287 188 288
f 191 290 190
f 290 191 291
f 57 157 56
f 157 156 56
f 157 57 58
f 158 157 58
f 157 158 258
f 257 157 258
f 1067 1168 1167
f 1168 1067 1068
f 1070 969 970
f 969 1070 1069
f 570 669 569
f 669 570 670
f 562 461 462
f 461 562 561
f 61 161 60
f 161 160 60
f 62 161 61
f 161 62 162
f 160 161 260
f 161 261 260
f 67 166 66
f 166 67 167
f 164 263 163
f 263 164 264
f 164 163 63
f 64 164 63
f 161 262 261
f 262 161 162
f 163 262 162
f 263 262 163
f 363 262 263
f 262 363 362
f 363 463 462
f 362 363 462
f 463 363 464
f 363 364 464
f 363 263 264
f 364 363 264
f 1635 1535 1536
f 1636 1635 1536
f 1635 1636 1736
f 1635 1736 1735
f 1734 1635 1735
f 1634 1635 1734
f 1836 1935 1835
f 1935 1836 1936
f 1835 1935 1834
f 1935 1934 1834
f 2530 2431 2531
f 2430 2431 2530
f 1150 1251 1250
f 1150 1151 1251
f 1051 1150 1050
f 1151 1150 1051
f 953 1053 1052
f 952 953 1052
f 1452 1551 1451
f 1551 1452 1552
f 1352 1452 1351
f 1452 1451 1351
f 1037 936 937
f 936 1037 1036
f 2943 2843 2944
f 2843 2844 2944
f 1850 1749 1750
f 1749 1850 1849
f 1446 1547 1546
f 1547 1446 1447
f 1545 1446 1546
f 1446 1545 1445
f 1842 1843 1943
f 1842 1943 1942
f 1842 1741 1742
f 1741 1842 1841
f 1741 1840 1740
f 1840 1741 1841
f 1741 1641 1642
f 1741 1642 1742
f 1343 1444 1443
f 1444 1343 1344
f 1343 1443 1442
f 1343 1442 1342
f 1441 1542 1541
f 1542 1441 1442
f 1540 1441 1541
f 1441 1540 1440
f 9439 9440 9540
f 9539 9439 9540
f 8629 8528 8529
f 8528 8629 8628
f 8129 8030 8130
f 8029 8030 8129
f 8528 8429 8529
f 8429 8528 8428
f 8331 8432 8431
f 8432 8331 8332
f 8125 8226 8225
f 8126 8226 8125
f 7518 7619 7618
f 7619 7518 7519
f 7619 7718 7618
f 7718 7619 7719
f 7510 7609 7509
f 7609 7510 7610
f 7413 7512 7412
f 7512 7413 7513
f 7314 7413 7313
f 7413 7314 7414
f 7413 7514 7513
f 7514 7413 7414
f 8224 8124 8125
f 8224 8125 8225
f 8025 8126 8125
f 8126 8025 8026
f 8025 7926 8026
f 8025 7925 7926
f 8027 8127 8026
f 8127 8126 8026
f 8127 8226 8126
f 8226 8127 8227
f 9619 9718 9618
f 9718 9619 9719
f 9818 9718 9819
f 9718 9719 9819
f 9718 9818 9817
f 9717 9718 9817
f 9217 9318 9317
f 9318 9217 9218
f 9418 9318 9419
f 9318 9319 9419
f 9913 9813 9914
f 9813 9814 9914
f 9917 9816 9817
f 9916 9816 9917
f 9116 9117 9216
f 9117 9217 9216
f 9016 9117 9116
f 9117 9016 9017
f 8613 8712 8612
f 8712 8613 8713
f 8813 8712 8713
f 8712 8813 8812
f 9319 9420 9419
f 9320 9420 9319
f 9024 9123 9023
f 9123 9024 9124
f 9122 9123 9222
f 9123 9223 9222
f 9318 9219 9319
f 9219 9318 9218
f 9219 9320 9319
f 9320 9219 9220
f 9219 9120 9220
f 9120 9219 9119
f 9021 9120 9020
f 9120 9021 9121
f 9125 9226 9225
f 9226 9125 9126
f 9123 9224 9223
f 9224 9123 9124
f 9323 9224 9324
f 9224 9323 9223
f 9224 9125 9225
f 9125 9224 9124
f 9129 9030 9130
f 9030 9129 9029
f 9028 9129 9128
f 9129 9028 9029
f 9024 9025 9124
f 9025 9125 9124
f 8925 9024 8924
f 8925 9025 9024
f 9721 9822 9821
f 9822 9721 9722
f 9822 9921 9821
f 9822 9922 9921
f 9022 9123 9122
f 9123 9022 9023
f 8923 9022 8922
f 9022 8923 9023
f 9021 9022 9121
f 9022 9122 9121
f 8526 8625 8525
f 8625 8526 8626
f 8625 8726 8725
f 8726 8625 8626
f 8923 8823 8924
f 8823 8824 8924
f 8724 8625 8725
f 8625 8724 8624
f 8624 8724 8623
f 8724 8723 8623
f 8823 8724 8824
f 8724 8823 8723
f 8820 8721 8821
f 8721 8820 8720
f 8921 9022 9021
f 9022 8921 8922
f 8921 9021 9020
f 8921 9020 8920
f 8820 8921 8920
f 8921 8820 8821
f 8613 8714 8713
f 8714 8613 8614
f 8714 8813 8713
f 8813 8714 8814
f 8814 8714 8815
f 8714 8715 8815
f 8715 8714 8615
f 8714 8614 8615
f 9826 9927 9926
f 9827 9927 9826
f 9727 9827 9826
f 9727 9826 9726
f 9424 9323 9324
f 9323 9424 9423
f 9325 9224 9225
f 9224 9325 9324
f 9325 9226 9326
f 9226 9325 9225
f 9325 9424 9324
f 9424 9325 9425
f 9325 9426 9425
f 9426 9325 9326
f 9527 9426 9427
f 9426 9527 9526
f 9525 9426 9526
f 9425 9426 9525
f 9732 9633 9733
f 9633 9732 9632
f 9835 9936 9935
f 9936 9835 9836
f 9331 9432 9431
f 9432 9331 9332
f 9066 8965 8966
f 8965 9066 9065
f 9066 8967 9067
f 8967 9066 8966
f 9066 9165 9065
f 9165 9066 9166
f 9062 9161 9061
f 9161 9062 9162
f 9163 9062 9063
f 9062 9163 9162
f 8359 8460 8459
f 8460 8359 8360
f 8860 8759 8760
f 8859 8759 8860
f 8759 8660 8760
f 8759 8659 8660
f 8453 8554 8553
f 8554 8453 8454
f 8458 8359 8459
f 8359 8458 8358
f 8357 8257 8258
f 8358 8357 8258
f 8357 8458 8457
f 8458 8357 8358
f 9453 9554 9553
f 9554 9453 9454
f 9960 9861 9961
f 9861 9960 9860
f 9960 9859 9860
f 9859 9960 9959
f 9048 9148 9047
f 9148 9147 9047
f 8948 9048 9047
f 8948 9047 8947
f 8847 8846 8747
f 8747 8846 8746
f 8646 8745 8645
f 8745 8646 8746
f 8646 8747 8746
f 8646 8647 8747
f 8748 8648 8749
f 8749 8648 8649
f 8647 8648 8747
f 8648 8748 8747
f 9755 9656 9756
f 9656 9755 9655
f 9755 9856 9855
f 9755 9756 9856
f 9854 9755 9855
f 9754 9755 9854
f 9447 9548 9547
f 9548 9447 9448
f 9749 9750 9850
f 9849 9749 9850
f 9644 9545 9645
f 9545 9644 9544
f 9847 9948 9947
f 9847 9848 9948
f 9449 9348 9349
f 9348 9449 9448
f 9449 9349 9350
f 9450 9449 9350
f 9351 9450 9350
f 9450 9351 9451
f 9250 9351 9350
f 9251 9351 9250
f 9551 9450 9451
f 9450 9551 9550
f 9977 9878 9978
f 9878 9977 9877
f 9892 9993 9992
f 9893 9993 9892
f 9994 9993 9894
f 9993 9893 9894
f 9990 9989 9890
f 9989 9889 9890
f 9888 9989 9988
f 9989 9888 9889
f 9983 9882 9883
f 9983 9982 9882
f 9981 9980 9880
f 9881 9981 9880
f 9981 9881 9882
f 9982 9981 9882
f 7677 7777 7676
f 7777 7776 7676
f 7678 7777 7677
f 7777 7678 7778
f 7777 7876 7776
f 7876 7777 7877
f 7876 7775 7776
f 7775 7876 7875
f 7876 7877 7977
f 7976 7876 7977
f 9773 9674 9774
f 9674 9773 9673
f 9674 9775 9774
f 9775 9674 9675
f 9167 9066 9067
f 9066 9167 9166
f 9068 9167 9067
f 9167 9068 9168
f 3941 4042 4041
f 4042 3941 3942
f 3939 4040 4039
f 4040 3939 3940
f 4139 4138 4039
f 4039 4138 4038
f 4850 4951 4950
f 4850 4851 4951
f 4346 4446 4345
f 4446 4445 4345
f 3946 3845 3846
f 3845 3946 3945
f 3941 3842 3942
f 3842 3941 3841
f 4744 4644 4645
f 4745 4744 4645
f 4844 4744 4845
f 4744 4745 4845
f 4744 4643 4644
f 4744 4743 4643
f 4744 4844 4843
f 4743 4744 4843
f 4646 4746 4745
f 4646 4745 4645
f 4747 4648 4748
f 4648 4747 4647
f 4646 4747 4746
f 4747 4646 4647
f 5039 5138 5038
f 5138 5039 5139
f 7228 7129 7229
f 7129 7228 7128
f 7129 7230 7229
f 7230 7129 7130
f 7130 7129 7030
f 7129 7029 7030
f 7127 7028 7128
f 7028 7127 7027
f 7129 7028 7029
f 7028 7129 7128
f 6928 7028 6927
f 6927 7028 7027
f 7028 6928 6929
f 7029 7028 6929
f 7426 7327 7427
f 7327 7426 7326
f 7226 7127 7227
f 7127 7226 7126
f 7226 7327 7326
f 7327 7226 7227
f 7226 7326 7325
f 7225 7226 7325
f 7226 7225 7125
f 7126 7226 7125
f 7127 7026 7027
f 7026 7127 7126
f 6926 6927 7027
f 7026 6926 7027
f 6831 6730 6731
f 6730 6831 6830
f 6730 6630 6631
f 6731 6730 6631
f 7732 7831 7731
f 7831 7732 7832
f 7633 7732 7632
f 7732 7633 7733
f 7732 7631 7632
f 7631 7732 7731
f 7631 7530 7531
f 7530 7631 7630
f 7631 7531 7532
f 7632 7631 7532
f 8028 8127 8027
f 8127 8028 8128
f 8028 8029 8129
f 8028 8129 8128
f 7147 7148 7248
f 7147 7248 7247
f 7148 7048 7149
f 7048 7049 7149
f 7147 7048 7148
f 7048 7147 7047
f 6546 6545 6446
f 6545 6445 6446
f 8239 8138 8139
f 8138 8239 8238
f 8239 8338 8238
f 8338 8239 8339
f 7738 7839 7838
f 7738 7739 7839
f 4123 4022 4023
f 4022 4123 4122
f 3922 4022 3921
f 4022 4021 3921
f 4022 3923 4023
f 4022 3922 3923
f 3423 3324 3424
f 3423 3323 3324
f 3705 3804 3704
f 3804 3705 3805
f 3705 3604 3605
f 3604 3705 3704
f 3705 3806 3805
f 3705 3706 3806
f 3905 3804 3805
f 3804 3905 3904
f 4506 4405 4406
f 4505 4405 4506
f 4209 4309 4208
f 4309 4308 4208
f 4109 4110 4210
f 4209 4109 4210
f 2322 2421 2321
f 2421 2322 2422
f 2421 2422 2522
f 2521 2421 2522
f 3024 3023 2924
f 3023 2923 2924
f 7621 7620 7521
f 7620 7520 7521
f 7520 7620 7519
f 7620 7619 7519
f 6925 6824 6825
f 6824 6925 6924
f 6923 6824 6924
f 6824 6923 6823
f 7122 7023 7123
f 7023 7122 7022
f 7023 7124 7123
f 7124 7023 7024
f 7023 7022 6922
f 6923 7023 6922
f 7023 6923 6924
f 7024 7023 6924
f 6523 6624 6623
f 6624 6523 6524
f 6422 6523 6522
f 6523 6422 6423
f 6521 6422 6522
f 6422 6521 6421
f 6420 6521 6520
f 6521 6420 6421
f 6521 6620 6520
f 6620 6521 6621
f 6523 6424 6524
f 6424 6523 6423
f 6422 6323 6423
f 6323 6422 6322
f 6323 6222 6223
f 6222 6323 6322
f 6323 6424 6423
f 6424 6323 6324
f 6727 6626 6627
f 6626 6727 6726
f 6626 6725 6625
f 6725 6626 6726
f 6626 6527 6627
f 6527 6626 6526
f 5722 5623 5723
f 5623 5722 5622
f 5722 5821 5721
f 5722 5822 5821
f 6120 6020 6021
f 6120 6021 6121
f 5522 5623 5622
f 5623 5522 5523
f 6022 5921 5922
f 5921 6022 6021
f 5923 6022 5922
f 6022 5923 6023
f 6422 6321 6322
f 6321 6422 6421
f 6420 6321 6421
f 6321 6420 6320
f 6321 6222 6322
f 6321 6221 6222
f 5621 5722 5721
f 5722 5621 5622
f 5621 5522 5622
f 5522 5621 5521
f 5621 5620 5520
f 5521 5621 5520
f 5818 5917 5817
f 5918 5917 5818
f 5814 5915 5914
f 5915 5814 5815
f 5914 5915 6014
f 5915 6015 6014
f 5716 5616 5717
f 5717 5616 5617
f 5814 5715 5815
f 5715 5814 5714
f 5715 5614 5615
f 5614 5715 5714
f 5715 5616 5716
f 5616 5715 5615
f 5715 5716 5816
f 5715 5816 5815
f 5618 5719 5718
f 5719 5618 5619
f 5619 5618 5519
f 5618 5518 5519
f 5618 5718 5717
f 5618 5717 5617
f 6219 6319 6218
f 6319 6318 6218
f 6114 6013 6014
f 6013 6114 6113
f 6112 6213 6212
f 6213 6112 6113
f 6114 6213 6113
f 6213 6114 6214
f 6217 6118 6218
f 6217 6117 6118
f 6217 6116 6117
f 6116 6217 6216
f 7803 7904 7903
f 7904 7803 7804
f 7506 7407 7507
f 7407 7506 7406
f 7701 7601 7702
f 7601 7602 7702
f 8202 8103 8203
f 8103 8202 8102
f 8202 8303 8302
f 8303 8202 8203
f 8202 8101 8102
f 8202 8201 8101
f 8201 8202 8301
f 8301 8202 8302
f 8906 9005 8905
f 9005 8906 9006
f 7903 8004 8003
f 7904 8004 7903
f 8501 8602 8601
f 8602 8501 8502
f 8602 8701 8601
f 8701 8602 8702
f 8804 8703 8704
f 8703 8804 8803
f 8514 8613 8513
f 8613 8514 8614
f 8219 8119 8220
f 8220 8119 8120
f 8119 8020 8120
f 8119 8019 8020
f 8416 8316 8417
f 8316 8317 8417
f 8122 8022 8023
f 8122 8023 8123
f 8122 8021 8022
f 8021 8122 8121
f 8020 8021 8120
f 8021 8121 8120
f 7920 8021 8020
f 7921 8021 7920
f 8021 7921 7922
f 8022 8021 7922
f 6104 6203 6103
f 6203 6104 6204
f 6003 6104 6103
f 6104 6003 6004
f 6003 6002 5902
f 5903 6003 5902
f 6002 6003 6102
f 6003 6103 6102
f 6202 6303 6302
f 6203 6303 6202
f 6104 6205 6204
f 6205 6104 6105
f 6205 6306 6305
f 6306 6205 6206
f 6207 6306 6206
f 6307 6306 6207
f 6607 6507 6508
f 6607 6508 6608
f 6407 6306 6307
f 6306 6407 6406
f 6407 6506 6406
f 6506 6407 6507
f 6507 6407 6508
f 6508 6407 6408
f 6902 6803 6903
f 6802 6803 6902
f 7308 7407 7307
f 7407 7308 7408
f 7508 7409 7509
f 7409 7508 7408
f 7409 7510 7509
f 7510 7409 7410
f 7409 7308 7309
f 7308 7409 7408
f 7413 7312 7313
f 7312 7413 7412
f 7312 7212 7213
f 7313 7312 7213
f 7312 7211 7212
f 7211 7312 7311
f 7411 7510 7410
f 7510 7411 7511
f 7312 7411 7311
f 7411 7312 7412
f 7512 7411 7412
f 7411 7512 7511
f 7310 7409 7309
f 7409 7310 7410
f 7411 7310 7311
f 7310 7411 7410
f 7310 7211 7311
f 7211 7310 7210
f 7203 7202 7102
f 7103 7203 7102
f 7203 7302 7202
f 7302 7203 7303
f 7203 7204 7304
f 7203 7304 7303
f 7203 7104 7204
f 7104 7203 7103
f 7104 7103 7003
f 7004 7104 7003
f 7005 7104 7004
f 7104 7005 7105
f 7204 7104 7205
f 7104 7105 7205
f 7206 7107 7207
f 7107 7206 7106
f 7105 7206 7205
f 7206 7105 7106
f 7306 7206 7307
f 7307 7206 7207
f 7206 7305 7205
f 7206 7306 7305
f 7810 7709 7710
f 7709 7810 7809
f 7709 7808 7708
f 7808 7709 7809
f 7709 7609 7610
f 7710 7709 7610
f 7709 7708 7608
f 7609 7709 7608
f 7510 7611 7610
f 7611 7510 7511
f 7908 7808 7809
f 7909 7908 7809
f 7808 7908 7807
f 7908 7907 7807
f 8308 8409 8408
f 8409 8308 8309
f 8308 8209 8309
f 8209 8308 8208
f 8308 8408 8407
f 8307 8308 8407
f 8308 8207 8208
f 8207 8308 8307
f 6012 6112 6111
f 6011 6012 6111
f 6012 6013 6113
f 6112 6012 6113
f 6011 6010 5911
f 5911 6010 5910
f 6110 6010 6111
f 6010 6011 6111
f 6311 6410 6310
f 6311 6411 6410
f 6311 6211 6212
f 6311 6212 6312
f 6211 6311 6210
f 6210 6311 6310
f 5811 5711 5712
f 5812 5811 5712
f 6718 6618 6619
f 6718 6619 6719
f 7013 6912 6913
f 6912 7013 7012
f 7022 7021 6922
f 6922 7021 6921
f 7122 7021 7022
f 7021 7122 7121
f 6215 6314 6214
f 6314 6215 6315
f 6215 6316 6315
f 6316 6215 6216
f 6518 6519 6619
f 6618 6518 6619
f 6415 6514 6414
f 6514 6415 6515
f 6415 6314 6315
f 6314 6415 6414
f 6415 6316 6416
f 6316 6415 6315
f 6407 6308 6408
f 6308 6407 6307
f 6308 6307 6207
f 6208 6308 6207
f 6308 6309 6409
f 6308 6409 6408
f 6711 6612 6712
f 6612 6711 6611
f 6612 6713 6712
f 6713 6612 6613
f 6511 6612 6611
f 6612 6511 6512
f 6411 6511 6410
f 6511 6510 6410
f 6412 6311 6312
f 6311 6412 6411
f 6412 6511 6411
f 6511 6412 6512
f 6436 6335 6336
f 6335 6436 6435
f 6732 6833 6832
f 6833 6732 6733
f 7035 6936 7036
f 6936 7035 6935
f 7136 7035 7036
f 7035 7136 7135
f 6534 6633 6533
f 6634 6633 6534
f 6632 6633 6732
f 6732 6633 6733
f 6633 6532 6533
f 6633 6632 6532
f 7238 7237 7137
f 7138 7238 7137
f 7236 7136 7137
f 7237 7236 7137
f 7136 7235 7135
f 7236 7235 7136
f 7335 7235 7336
f 7235 7236 7336
f 7938 7937 7838
f 7937 7837 7838
f 7937 7936 7836
f 7837 7937 7836
f 7436 7335 7336
f 7335 7436 7435
f 7236 7337 7336
f 7337 7236 7237
f 7337 7238 7338
f 7238 7337 7237
f 7337 7436 7336
f 7436 7337 7437
f 7438 7337 7338
f 7337 7438 7437
f 7636 7736 7735
f 7636 7735 7635
f 7434 7535 7534
f 7535 7434 7435
f 7434 7335 7435
f 7335 7434 7334
f 7434 7333 7334
f 7434 7433 7333
f 6332 6433 6432
f 6433 6332 6333
f 5627 5728 5727
f 5627 5628 5728
f 5726 5627 5727
f 5626 5627 5726
f 5327 5426 5326
f 5426 5327 5427
f 5428 5327 5328
f 5327 5428 5427
f 5228 5128 5129
f 5229 5228 5129
f 5328 5228 5329
f 5228 5229 5329
f 5528 5429 5529
f 5528 5428 5429
f 5524 5624 5523
f 5624 5623 5523
f 5624 5524 5525
f 5625 5624 5525
f 5831 5731 5832
f 5832 5731 5732
f 5731 5632 5732
f 5731 5631 5632
f 5631 5531 5632
f 5632 5531 5532
f 5629 5528 5529
f 5528 5629 5628
f 5629 5729 5728
f 5628 5629 5728
f 5930 5929 5829
f 5930 5829 5830
f 5931 5930 5831
f 5831 5930 5830
f 4727 4628 4728
f 4628 4727 4627
f 4827 4727 4828
f 4828 4727 4728
f 4121 4022 4122
f 4022 4121 4021
f 9909 9808 9809
f 9908 9808 9909
f 9808 9709 9809
f 9709 9808 9708
f 9808 9908 9907
f 9807 9808 9907
f 9705 9806 9805
f 9806 9705 9706
f 9905 9806 9906
f 9806 9905 9805
f 9906 9806 9907
f 9806 9807 9907
f 9101 9102 9201
f 9102 9202 9201
f 9202 9203 9302
f 9302 9203 9303
f 9102 9203 9202
f 9203 9102 9103
f 9402 9501 9401
f 9501 9402 9502
f 9301 9402 9401
f 9402 9301 9302
f 9402 9302 9303
f 9403 9402 9303
f 9801 9902 9901
f 9801 9802 9902
f 9801 9701 9702
f 9802 9801 9702
f 9804 9705 9805
f 9705 9804 9704
f 9804 9905 9904
f 9905 9804 9805
f 9610 9509 9510
f 9509 9610 9609
f 9608 9709 9708
f 9709 9608 9609
f 9608 9509 9609
f 9608 9508 9509
f 9705 9606 9706
f 9606 9705 9605
f 9505 9606 9605
f 9606 9505 9506
f 9313 9414 9413
f 9414 9313 9314
f 9315 9215 9216
f 9316 9315 9216
f 548 449 549
f 449 548 448
f 549 449 550
f 449 450 550
f 449 349 350
f 449 350 450
f 655 656 756
f 755 655 756
f 761 860 760
f 861 860 761
f 759 658 659
f 658 759 758
f 759 660 760
f 660 759 659
f 860 759 760
f 759 860 859
f 657 558 658
f 558 657 557
f 653 652 552
f 553 653 552
f 157 256 156
f 256 157 257
f 357 256 257
f 256 357 356
f 358 357 258
f 357 257 258
f 458 357 358
f 357 458 457
f 458 358 359
f 458 359 459
f 457 458 557
f 458 558 557
f 558 458 559
f 559 458 459
f 53 154 153
f 54 154 53
f 154 54 55
f 155 154 55
f 451 452 551
f 551 452 552
f 352 452 351
f 452 451 351
f 452 453 553
f 452 553 552
f 353 452 352
f 453 452 353
f 653 752 652
f 752 653 753
f 245 246 346
f 345 245 346
f 146 245 145
f 246 245 146
f 449 348 349
f 348 449 448
f 447 348 448
f 348 447 347
f 349 348 249
f 348 248 249
f 348 347 247
f 248 348 247
f 545 446 546
f 445 446 545
f 446 345 346
f 446 445 345
f 446 547 546
f 446 447 547
f 347 446 346
f 447 446 347
f 640 541 641
f 541 640 540
f 541 540 440
f 441 541 440
f 541 441 442
f 542 541 442
f 541 642 641
f 642 541 542
f 544 443 444
f 443 544 543
f 443 542 442
f 542 443 543
f 342 443 442
f 343 443 342
f 344 245 345
f 245 344 244
f 344 443 343
f 443 344 444
f 445 344 345
f 344 445 444
f 42 43 142
f 43 143 142
f 144 245 244
f 245 144 145
f 144 45 145
f 45 144 44
f 43 144 143
f 144 43 44
f 243 344 343
f 344 243 244
f 144 243 143
f 243 144 244
f 243 342 242
f 243 343 342
f 142 243 242
f 143 243 142
f 747 846 746
f 846 747 847
f 647 747 646
f 646 747 746
f 747 647 648
f 748 747 648
f 747 748 848
f 847 747 848
f 850 749 750
f 850 849 749
f 846 947 946
f 947 846 847
f 1150 1049 1050
f 1049 1150 1149
f 1249 1150 1250
f 1150 1249 1149
f 1350 1249 1250
f 1349 1249 1350
f 943 1044 1043
f 1044 943 944
f 645 744 644
f 745 744 645
f 435 334 335
f 334 435 434
f 334 333 233
f 234 334 233
f 239 138 139
f 138 239 238
f 239 139 140
f 240 239 140
f 4102 4101 4001
f 4002 4102 4001
f 4102 4201 4101
f 4201 4102 4202
f 4103 4102 4003
f 4102 4002 4003
f 4102 4203 4202
f 4102 4103 4203
f 5101 5202 5201
f 5202 5101 5102
f 5002 4903 5003
f 4903 5002 4902
f 5002 5001 4901
f 4902 5002 4901
f 5101 5002 5102
f 5002 5101 5001
f 5103 5202 5102
f 5202 5103 5203
f 5103 5002 5003
f 5002 5103 5102
f 4304 4303 4203
f 4304 4203 4204
f 4803 4902 4802
f 4803 4903 4902
f 4911 5010 4910
f 5010 4911 5011
f 5405 5304 5305
f 5304 5405 5404
f 5506 5607 5606
f 5607 5506 5507
f 5506 5407 5507
f 5506 5406 5407
f 5207 5306 5206
f 5307 5306 5207
f 5406 5306 5407
f 5306 5307 5407
f 5306 5405 5305
f 5405 5306 5406
f 4710 4809 4709
f 4710 4810 4809
f 4710 4711 4811
f 4810 4710 4811
f 5213 5212 5113
f 5212 5112 5113
f 5111 5212 5211
f 5212 5111 5112
f 4911 5012 5011
f 5012 4911 4912
f 4913 5012 4912
f 5012 4913 5013
f 5012 5013 5113
f 5112 5012 5113
f 5111 5012 5112
f 5012 5111 5011
f 4716 4815 4715
f 4815 4716 4816
f 4615 4716 4715
f 4716 4615 4616
f 5212 5311 5211
f 5311 5212 5312
f 5311 5210 5211
f 5210 5311 5310
f 4716 4817 4816
f 4817 4716 4717
f 5315 5216 5316
f 5216 5315 5215
f 5316 5216 5317
f 5216 5217 5317
f 4915 4815 4816
f 4915 4816 4916
f 5115 5216 5215
f 5216 5115 5116
f 5115 5214 5114
f 5214 5115 5215
f 5115 5114 5014
f 5015 5115 5014
f 5016 5115 5015
f 5115 5016 5116
f 5016 4915 4916
f 4915 5016 5015
f 5117 5216 5116
f 5216 5117 5217
f 5016 5117 5116
f 5117 5016 5017
f 5218 5117 5118
f 5117 5218 5217
f 5117 5018 5118
f 5018 5117 5017
f 5414 5515 5514
f 5515 5414 5415
f 5419 5520 5519
f 5419 5420 5520
f 5418 5419 5518
f 5518 5419 5519
f 5124 5025 5125
f 5124 5024 5025
f 4923 4824 4924
f 4923 4823 4824
f 3917 3818 3918
f 3818 3917 3817
f 3919 3818 3819
f 3818 3919 3918
f 3710 3811 3810
f 3811 3710 3711
f 3710 3809 3709
f 3809 3710 3810
f 4112 4211 4111
f 4211 4112 4212
f 4509 4410 4510
f 4410 4509 4409
f 4713 4612 4613
f 4612 4713 4712
f 1710 1809 1709
f 1809 1710 1810
f 1809 1909 1908
f 1809 1908 1808
f 2008 2007 1907
f 1908 2008 1907
f 1909 2008 1908
f 2008 1909 2009
f 2008 2108 2107
f 2007 2008 2107
f 2008 2009 2109
f 2108 2008 2109
f 2106 2105 2006
f 2006 2105 2005
f 2208 2108 2109
f 2209 2208 2109
f 2114 2213 2113
f 2213 2114 2214
f 2114 2215 2214
f 2215 2114 2115
f 2114 2013 2014
f 2114 2113 2013
f 2213 2112 2113
f 2112 2213 2212
f 2112 2012 2013
f 2113 2112 2013
f 2211 2112 2212
f 2112 2211 2111
f 2009 2110 2109
f 2010 2110 2009
f 2110 2211 2210
f 2211 2110 2111
f 2110 2209 2109
f 2209 2110 2210
f 2603 2604 2704
f 2603 2704 2703
f 2603 2504 2604
f 2504 2603 2503
f 2603 2602 2502
f 2503 2603 2502
f 3705 3606 3706
f 3606 3705 3605
f 2803 2704 2804
f 2704 2803 2703
f 3306 3205 3206
f 3205 3306 3305
f 3206 3205 3106
f 3205 3105 3106
f 1903 2002 1902
f 2002 1903 2003
f 2004 1903 1904
f 1903 2004 2003
f 1903 1804 1904
f 1804 1903 1803
f 1804 1905 1904
f 1905 1804 1805
f 1804 1703 1704
f 1804 1803 1703
f 1903 1802 1803
f 1802 1903 1902
f 1701 1802 1801
f 1802 1701 1702
f 1901 1802 1902
f 1802 1901 1801
f 1803 1802 1703
f 1703 1802 1702
f 1806 1906 1905
f 1806 1905 1805
f 1607 1507 1508
f 1608 1607 1508
f 1708 1809 1808
f 1809 1708 1709
f 1708 1608 1609
f 1709 1708 1609
f 1708 1607 1608
f 1607 1708 1707
f 1218 1118 1219
f 1118 1119 1219
f 1216 1317 1316
f 1317 1216 1217
f 1313 1414 1413
f 1414 1313 1314
f 1414 1513 1413
f 1513 1414 1514
f 1815 1715 1816
f 1715 1716 1816
f 1715 1615 1616
f 1716 1715 1616
f 1714 1715 1814
f 1715 1815 1814
f 1615 1715 1614
f 1715 1714 1614
f 1407 1306 1307
f 1306 1407 1406
f 1206 1306 1205
f 1205 1306 1305
f 1006 1107 1106
f 1007 1107 1006
f 1107 1008 1108
f 1008 1107 1007
f 606 507 607
f 507 606 506
f 707 808 807
f 808 707 708
f 608 707 607
f 707 608 708
f 606 707 706
f 707 606 607
f 1310 1410 1409
f 1309 1310 1409
f 1502 1601 1501
f 1601 1502 1602
f 1401 1502 1501
f 1502 1401 1402
f 1302 1301 1201
f 1302 1201 1202
f 1302 1401 1301
f 1401 1302 1402
f 1306 1405 1305
f 1405 1306 1406
f 1304 1205 1305
f 1205 1304 1204
f 1405 1304 1305
f 1304 1405 1404
f 1110 1111 1211
f 1210 1110 1211
f 1011 1110 1010
f 1111 1110 1011
f 1110 1009 1010
f 1110 1109 1009
f 1110 1209 1109
f 1209 1110 1210
f 1209 1310 1309
f 1310 1209 1210
f 1209 1309 1308
f 1208 1209 1308
f 1109 1209 1108
f 1209 1208 1108
f 615 716 715
f 716 615 616
f 617 716 616
f 716 617 717
f 710 611 711
f 611 710 610
f 1318 1317 1217
f 1218 1318 1217
f 1622 1721 1621
f 1721 1622 1722
f 1622 1723 1722
f 1723 1622 1623
f 1819 1818 1718
f 1719 1819 1718
f 2020 2121 2120
f 2121 2020 2021
f 1726 1825 1725
f 1726 1826 1825
f 114 213 113
f 213 114 214
f 314 213 214
f 213 314 313
f 213 212 112
f 213 112 113
f 312 213 313
f 213 312 212
f 118 19 119
f 19 118 18
f 518 419 519
f 419 518 418
f 419 418 318
f 319 419 318
f 219 119 120
f 220 219 120
f 219 118 119
f 118 219 218
f 219 220 320
f 319 219 320
f 219 319 318
f 218 219 318
f 919 1020 1019
f 1020 919 920
f 721 822 821
f 822 721 722
f 515 416 516
f 416 515 415
f 517 416 417
f 516 416 517
f 316 416 315
f 315 416 415
f 416 317 417
f 416 316 317
f 414 515 514
f 515 414 415
f 414 314 315
f 414 315 415
f 714 713 614
f 713 613 614
f 232 132 233
f 233 132 133
f 33 132 32
f 132 33 133
f 132 232 231
f 131 132 231
f 132 31 32
f 132 131 31
f 327 426 326
f 327 427 426
f 528 529 629
f 628 528 629
f 1127 1126 1027
f 1027 1126 1026
f 1126 1025 1026
f 1025 1126 1125
f 1224 1323 1223
f 1323 1224 1324
f 723 823 722
f 823 822 722
f 922 823 923
f 823 922 822
f 525 424 425
f 424 525 524
f 426 525 425
f 526 525 426
f 322 422 321
f 422 421 321
f 421 422 521
f 422 522 521
f 223 123 124
f 224 223 124
f 820 921 920
f 921 820 821
f 822 921 821
f 922 921 822
f 1123 1224 1223
f 1224 1123 1124
f 1323 1322 1223
f 1322 1222 1223
f 1322 1423 1422
f 1322 1323 1423
f 1222 1322 1221
f 1322 1321 1221
f 1321 1322 1421
f 1421 1322 1422
f 627 528 628
f 528 627 527
f 927 827 928
f 928 827 828
f 728 627 628
f 627 728 727
f 827 728 828
f 728 827 727
f 728 628 629
f 729 728 629
f 829 728 729
f 728 829 828
f 829 928 828
f 829 929 928
f 532 631 531
f 631 532 632
f 1012 1013 1113
f 1112 1012 1113
f 1012 1112 1111
f 1012 1111 1011
f 1012 913 1013
f 913 1012 912
f 109 208 108
f 208 109 209
f 309 208 209
f 208 309 308
f 108 208 107
f 208 207 107
f 307 208 308
f 208 307 207
f 710 609 610
f 609 710 709
f 708 609 709
f 608 609 708
f 104 5 105
f 5 104 4
f 602 701 601
f 701 602 702
f 305 404 304
f 404 305 405
f 703 602 603
f 602 703 702
f 906 1005 905
f 1005 906 1006
f 906 907 1007
f 906 1007 1006
f 4599 4600 4700
f 4699 4599 4700
f 4599 4500 4600
f 4500 4599 4499
f 4599 4698 4598
f 4698 4599 4699
f 4593 4694 4693
f 4594 4694 4593
f 4694 4793 4693
f 4694 4794 4793
f 4800 4799 4700
f 4799 4699 4700
f 4900 4799 4800
f 4899 4799 4900
f 3497 3398 3498
f 3398 3497 3397
f 3999 4000 4100
f 4099 3999 4100
f 3999 4098 3998
f 4098 3999 4099
f 3999 3900 4000
f 3900 3999 3899
f 3898 3999 3998
f 3999 3898 3899
f 4296 4395 4295
f 4395 4296 4396
f 3197 3098 3198
f 3098 3197 3097
f 3898 3799 3899
f 3799 3898 3798
f 3799 3900 3899
f 3900 3799 3800
f 3698 3799 3798
f 3799 3698 3699
f 3799 3700 3800
f 3799 3699 3700
f 3297 3198 3298
f 3297 3197 3198
f 3398 3297 3298
f 3297 3398 3397
f 3297 3397 3396
f 3296 3297 3396
f 3196 3297 3296
f 3297 3196 3197
f 3196 3096 3097
f 3197 3196 3097
f 3196 3295 3195
f 3196 3296 3295
f 2987 2886 2887
f 2886 2987 2986
f 2987 2888 2988
f 2888 2987 2887
f 2990 2989 2889
f 2890 2990 2889
f 2990 3089 2989
f 2990 3090 3089
f 881 781 882
f 882 781 782
f 781 682 782
f 682 781 681
f 880 781 881
f 781 880 780
f 883 784 884
f 783 784 883
f 1083 982 983
f 1083 1082 982
f 1082 1182 1081
f 1182 1181 1081
f 1083 1182 1082
f 1182 1083 1183
f 1475 1574 1474
f 1574 1475 1575
f 1669 1769 1668
f 1769 1768 1668
f 1176 1275 1175
f 1275 1176 1276
f 1580 1479 1480
f 1479 1580 1579
f 1277 1377 1276
f 1377 1376 1276
f 1476 1377 1477
f 1377 1476 1376
f 1481 1580 1480
f 1481 1581 1580
f 1581 1481 1582
f 1582 1481 1482
f 1381 1481 1380
f 1380 1481 1480
f 1481 1382 1482
f 1481 1381 1382
f 1682 1781 1681
f 1782 1781 1682
f 2179 2278 2178
f 2278 2179 2279
f 1883 1882 1783
f 1882 1782 1783
f 1882 1781 1782
f 1781 1882 1881
f 1882 1982 1981
f 1882 1981 1881
f 1877 1776 1777
f 1776 1877 1876
f 2398 2499 2498
f 2499 2398 2399
f 2399 2298 2299
f 2398 2298 2399
f 2393 2493 2492
f 2393 2492 2392
f 2599 2500 2600
f 2499 2500 2599
f 2400 2500 2399
f 2500 2499 2399
f 2596 2697 2696
f 2697 2596 2597
f 2697 2797 2796
f 2696 2697 2796
f 1199 1100 1200
f 1100 1199 1099
f 1098 1199 1198
f 1199 1098 1099
f 1300 1199 1200
f 1299 1199 1300
f 1199 1298 1198
f 1298 1199 1299
f 1500 1399 1400
f 1500 1499 1399
f 1599 1700 1699
f 1599 1600 1700
f 1599 1500 1600
f 1500 1599 1499
f 2888 2789 2889
f 2788 2789 2888
f 2689 2789 2688
f 2789 2788 2688
f 2790 2890 2889
f 2789 2790 2889
f 2790 2789 2689
f 2790 2689 2690
f 3094 2993 2994
f 2993 3094 3093
f 3094 3194 3193
f 3094 3193 3093
f 2795 2696 2796
f 2795 2695 2696
f 2795 2794 2694
f 2795 2694 2695
f 2993 2894 2994
f 2894 2993 2893
f 2693 2593 2594
f 2694 2693 2594
f 1792 1693 1793
f 1792 1692 1693
f 2389 2390 2489
f 2390 2490 2489
f 2390 2391 2491
f 2390 2491 2490
f 2390 2291 2391
f 2291 2390 2290
f 2687 2788 2787
f 2788 2687 2688
f 2586 2687 2686
f 2687 2586 2587
f 2687 2787 2786
f 2686 2687 2786
f 1683 1782 1682
f 1782 1683 1783
f 1683 1784 1783
f 1683 1684 1784
f 1590 1689 1589
f 1689 1590 1690
f 1590 1491 1591
f 1590 1490 1491
f 1490 1590 1489
f 1590 1589 1489
f 1586 1587 1686
f 1587 1687 1686
f 1587 1586 1486
f 1487 1587 1486
f 1488 1587 1487
f 1587 1488 1588
f 1589 1488 1489
f 1488 1589 1588
f 1488 1388 1389
f 1488 1389 1489
f 1388 1488 1387
f 1488 1487 1387
f 1295 1395 1394
f 1295 1394 1294
f 1494 1595 1594
f 1595 1494 1495
f 1691 1590 1591
f 1590 1691 1690
f 1691 1791 1790
f 1690 1691 1790
f 1792 1691 1692
f 1691 1792 1791
f 1592 1691 1591
f 1692 1691 1592
f 2567 2668 2667
f 2668 2567 2568
f 2668 2767 2667
f 2767 2668 2768
f 2768 2668 2769
f 2668 2669 2769
f 2669 2668 2569
f 2569 2668 2568
f 2871 2771 2872
f 2872 2771 2772
f 2770 2771 2870
f 2771 2871 2870
f 3070 2971 3071
f 2971 3070 2970
f 2971 2871 2872
f 2972 2971 2872
f 2971 2970 2870
f 2871 2971 2870
f 2863 2864 2963
f 2864 2964 2963
f 2175 2276 2275
f 2276 2175 2176
f 2370 2471 2470
f 2471 2370 2371
f 2370 2271 2371
f 2271 2370 2270
f 2780 2881 2880
f 2881 2780 2781
f 2780 2681 2781
f 2681 2780 2680
f 2781 2681 2782
f 2681 2682 2782
f 2681 2680 2580
f 2581 2681 2580
f 2681 2581 2582
f 2682 2681 2582
f 2488 2487 2388
f 2487 2387 2388
f 2087 2186 2086
f 2186 2087 2187
f 2380 2281 2381
f 2281 2380 2280
f 2380 2379 2279
f 2380 2279 2280
f 2879 2780 2880
f 2780 2879 2779
f 2979 2879 2980
f 2879 2880 2980
f 2879 2979 2978
f 2878 2879 2978
f 2879 2878 2778
f 2879 2778 2779
f 3180 3181 3280
f 3181 3281 3280
f 2979 3080 3079
f 3080 2979 2980
f 3080 3181 3180
f 3181 3080 3081
f 3080 3179 3079
f 3080 3180 3179
f 3278 3177 3178
f 3278 3277 3177
f 3277 3278 3377
f 3377 3278 3378
f 3179 3278 3178
f 3279 3278 3179
f 3379 3278 3279
f 3278 3379 3378
f 3478 3379 3479
f 3379 3478 3378
f 3379 3279 3280
f 3380 3379 3280
f 2682 2683 2782
f 2683 2783 2782
f 2683 2682 2582
f 2583 2683 2582
f 2884 2984 2883
f 2883 2984 2983
f 3379 3480 3479
f 3480 3379 3380
f 3382 3381 3281
f 3382 3281 3282
f 3388 3389 3489
f 3388 3489 3488
f 3389 3388 3289
f 3388 3288 3289
f 3288 3388 3287
f 3287 3388 3387
f 4571 4470 4471
f 4470 4571 4570
f 4366 4266 4367
f 4367 4266 4267
f 4567 4566 4466
f 4467 4567 4466
f 4667 4567 4668
f 4567 4568 4668
f 4567 4467 4468
f 4568 4567 4468
f 4568 4669 4668
f 4669 4568 4569
f 3966 3867 3967
f 3867 3966 3866
f 3767 3867 3766
f 3766 3867 3866
f 3867 3767 3768
f 3868 3867 3768
f 3968 3867 3868
f 3867 3968 3967
f 4069 3968 3969
f 4068 3968 4069
f 3968 4067 3967
f 4067 3968 4068
f 3968 3868 3869
f 3968 3869 3969
f 4175 4074 4075
f 4074 4175 4174
f 4374 4275 4375
f 4275 4374 4274
f 4175 4275 4174
f 4275 4274 4174
f 4780 4879 4779
f 4780 4880 4879
f 4981 5082 5081
f 4981 4982 5082
f 4756 4857 4856
f 4857 4756 4757
f 5153 5054 5154
f 5054 5153 5053
f 5054 4953 4954
f 5054 5053 4953
f 5054 5155 5154
f 5054 5055 5155
f 5054 4954 4955
f 5055 5054 4955
f 4661 4562 4662
f 4562 4661 4561
f 4761 4661 4762
f 4661 4662 4762
f 5059 4959 4960
f 5060 5059 4960
f 7871 7770 7771
f 7770 7871 7870
f 7170 7071 7171
f 7071 7170 7070
f 7170 7069 7070
f 7169 7069 7170
f 7069 6969 6970
f 7069 6970 7070
f 7163 7264 7263
f 7264 7163 7164
f 7264 7363 7263
f 7363 7264 7364
f 7165 7264 7164
f 7264 7165 7265
f 7168 7069 7169
f 7069 7168 7068
f 7168 7269 7268
f 7168 7169 7269
f 7267 7168 7268
f 7167 7168 7267
f 7270 7169 7170
f 7169 7270 7269
f 7270 7369 7269
f 7270 7370 7369
f 6466 6565 6465
f 6565 6466 6566
f 6565 6566 6666
f 6565 6666 6665
f 7566 7666 7665
f 7565 7566 7665
f 7465 7566 7565
f 7566 7465 7466
f 7666 7566 7667
f 7566 7567 7667
f 7567 7566 7467
f 7467 7566 7466
f 7464 7365 7465
f 7365 7464 7364
f 7264 7365 7364
f 7365 7264 7265
f 7966 7865 7866
f 7865 7966 7965
f 8167 8067 8068
f 8168 8167 8068
f 5347 5246 5247
f 5246 5347 5346
f 5049 5048 4949
f 5048 4948 4949
f 6345 6346 6446
f 6445 6345 6446
f 6345 6246 6346
f 6246 6345 6245
f 7440 7341 7441
f 7340 7341 7440
f 7339 7438 7338
f 7438 7339 7439
f 7339 7440 7439
f 7339 7340 7440
f 6941 7040 6940
f 7040 6941 7041
f 5138 5238 5137
f 5137 5238 5237
f 5433 5534 5533
f 5534 5433 5434
f 6339 6438 6338
f 6438 6339 6439
f 6339 6440 6439
f 6440 6339 6340
f 7756 7857 7856
f 7756 7757 7857
f 7357 7457 7356
f 7356 7457 7456
f 7949 7850 7950
f 7949 7849 7850
f 8039 7938 7939
f 7938 8039 8038
f 8138 8039 8139
f 8039 8138 8038
f 7853 7953 7952
f 7852 7853 7952
f 7853 7852 7752
f 7753 7853 7752
f 8952 9051 8951
f 9051 8952 9052
f 8754 8855 8854
f 8754 8755 8855
f 8750 8749 8649
f 8650 8750 8649
f 7654 7555 7655
f 7555 7654 7554
f 7553 7654 7653
f 7654 7553 7554
f 7653 7654 7753
f 7753 7654 7754
f 8256 8255 8156
f 8255 8155 8156
f 8155 8255 8154
f 8255 8254 8154
f 8152 8052 8053
f 8153 8152 8053
f 7951 8051 7950
f 8051 8050 7950
f 8052 8051 7952
f 8051 7951 7952
f 8051 8151 8150
f 8050 8051 8150
f 8152 8051 8052
f 8051 8152 8151
f 8158 8259 8258
f 8159 8259 8158
f 8259 8260 8360
f 8359 8259 8360
f 8259 8358 8258
f 8259 8359 8358
f 8061 7962 8062
f 8061 7961 7962
f 7449 7448 7349
f 7448 7348 7349
f 7448 7449 7549
f 7548 7448 7549
f 7648 7549 7649
f 7648 7548 7549
f 6863 6964 6963
f 6964 6863 6864
f 6963 6964 7063
f 6964 7064 7063
f 7168 7067 7068
f 7067 7168 7167
f 6968 7069 7068
f 7069 6968 6969
f 7067 6968 7068
f 6968 7067 6967
f 6867 6968 6967
f 6968 6867 6868
f 6863 6764 6864
f 6764 6863 6763
f 6867 6766 6767
f 6766 6867 6866
f 6666 6766 6665
f 6766 6765 6665
f 7660 7659 7559
f 7660 7559 7560
f 7759 7660 7760
f 7660 7759 7659
f 7561 7660 7560
f 7660 7561 7661
f 7463 7363 7364
f 7464 7463 7364
f 7463 7464 7564
f 7563 7463 7564
f 7762 7663 7763
f 7663 7762 7662
f 7859 7860 7960
f 7959 7859 7960
f 7858 7859 7958
f 7859 7959 7958
f 7859 7759 7760
f 7860 7859 7760
f 7159 7060 7160
f 7060 7159 7059
f 6555 6454 6455
f 6454 6555 6554
f 6754 6653 6654
f 6653 6754 6753
f 6754 6853 6753
f 6853 6754 6854
f 6754 6755 6855
f 6754 6855 6854
f 7051 6952 7052
f 6952 7051 6951
f 6852 6952 6851
f 6851 6952 6951
f 7151 7051 7052
f 7151 7052 7152
f 7250 7151 7251
f 7150 7151 7250
f 6958 6959 7059
f 7058 6958 7059
f 6959 6960 7059
f 6960 7060 7059
f 6759 6658 6659
f 6658 6759 6758
f 6760 6759 6660
f 6759 6659 6660
f 5351 5452 5451
f 5452 5351 5352
f 5853 5852 5753
f 5753 5852 5752
f 5953 5852 5853
f 5852 5953 5952
f 6253 6152 6153
f 6152 6253 6252
f 6251 6152 6252
f 6152 6251 6151
f 6254 6355 6354
f 6355 6254 6255
f 6255 6254 6155
f 6254 6154 6155
f 6254 6253 6153
f 6154 6254 6153
f 6353 6254 6354
f 6253 6254 6353
f 4464 4363 4364
f 4363 4464 4463
f 4666 4567 4667
f 4567 4666 4566
f 4666 4767 4766
f 4666 4667 4767
f 4665 4666 4765
f 4765 4666 4766
f 5559 5659 5658
f 5558 5559 5658
f 5758 5657 5658
f 5657 5758 5757
f 5156 5055 5056
f 5055 5156 5155
f 5157 5156 5056
f 5057 5157 5056
f 5166 5267 5266
f 5267 5166 5167
f 5065 5166 5165
f 5166 5065 5066
f 5265 5366 5365
f 5366 5265 5266
f 5265 5364 5264
f 5364 5265 5365
f 5166 5265 5165
f 5265 5166 5266
f 5265 5264 5164
f 5165 5265 5164
f 6090 6091 6190
f 6091 6191 6190
f 5089 4990 5090
f 4990 5089 4989
f 4889 4990 4989
f 4990 4889 4890
f 4588 4688 4587
f 4688 4687 4587
f 5097 4998 5098
f 5097 4997 4998
f 6000 5899 5900
f 5899 6000 5999
f 5900 5899 5800
f 5899 5799 5800
f 5789 5890 5889
f 5890 5789 5790
f 5890 5791 5891
f 5791 5890 5790
f 5784 5884 5883
f 5783 5784 5883
f 5885 5785 5786
f 5886 5885 5786
f 5885 5984 5884
f 5984 5885 5985
f 5784 5885 5884
f 5885 5784 5785
f 6086 6185 6085
f 6185 6086 6186
f 5484 5485 5585
f 5584 5484 5585
f 5486 5586 5585
f 5485 5486 5585
f 5285 5385 5284
f 5284 5385 5384
f 5484 5385 5485
f 5385 5484 5384
f 5492 5391 5392
f 5391 5492 5491
f 5391 5390 5290
f 5391 5290 5291
f 5589 5688 5588
f 5688 5589 5689
f 5589 5488 5489
f 5488 5589 5588
f 5391 5490 5390
f 5490 5391 5491
f 5490 5589 5489
f 5589 5490 5590
f 5389 5490 5489
f 5390 5490 5389
f 5498 5497 5398
f 5497 5397 5398
f 5497 5498 5598
f 5497 5598 5597
f 5397 5497 5396
f 5497 5496 5396
f 5787 5887 5786
f 5887 5886 5786
f 5988 6087 5987
f 6087 5988 6088
f 5887 5988 5987
f 5988 5887 5888
f 5887 5788 5888
f 5788 5887 5787
f 5688 5788 5687
f 5788 5787 5687
f 5788 5789 5889
f 5888 5788 5889
f 5788 5688 5689
f 5789 5788 5689
f 8100 8199 8099
f 8199 8100 8200
f 8399 8400 8499
f 8400 8500 8499
f 8700 8799 8699
f 8799 8700 8800
f 8899 8900 9000
f 8899 9000 8999
f 8900 8899 8800
f 8899 8799 8800
f 7099 7000 7100
f 7000 7099 6999
f 7099 6998 6999
f 6998 7099 7098
f 6400 6299 6300
f 6299 6400 6399
f 6499 6400 6500
f 6400 6499 6399
f 6099 6098 5999
f 5999 6098 5998
f 6696 6595 6596
f 6595 6696 6695
f 6195 6296 6295
f 6296 6195 6196
f 6197 6296 6196
f 6296 6197 6297
f 8199 8098 8099
f 8098 8199 8198
f 8099 8098 7999
f 8098 7998 7999
f 7998 8098 7997
f 7997 8098 8097
f 7799 7698 7699
f 7798 7698 7799
f 7797 7897 7896
f 7796 7797 7896
f 7897 7797 7898
f 7797 7798 7898
f 7698 7797 7697
f 7797 7698 7798
f 7176 7075 7076
f 7075 7176 7175
f 7075 6976 7076
f 7075 6975 6976
f 6776 6875 6775
f 6875 6776 6876
f 6976 6875 6876
f 6975 6875 6976
f 7375 7376 7475
f 7376 7476 7475
f 7479 7580 7579
f 7580 7479 7480
f 6578 6679 6678
f 6679 6578 6579
f 6579 6578 6479
f 6578 6478 6479
f 6478 6578 6477
f 6578 6577 6477
f 6578 6677 6577
f 6677 6578 6678
f 6777 6877 6876
f 6776 6777 6876
f 6878 6777 6778
f 6777 6878 6877
f 6777 6776 6676
f 6677 6777 6676
f 6777 6677 6678
f 6777 6678 6778
f 7071 7172 7171
f 7172 7071 7072
f 7273 7172 7173
f 7272 7172 7273
f 6183 6284 6283
f 6284 6183 6184
f 6185 6284 6184
f 6284 6185 6285
f 5881 5882 5981
f 5882 5982 5981
f 5882 5783 5883
f 5882 5782 5783
f 5882 5781 5782
f 5781 5882 5881
f 5781 5881 5880
f 5780 5781 5880
f 5681 5781 5680
f 5781 5780 5680
f 5781 5681 5682
f 5782 5781 5682
f 5780 5779 5680
f 5779 5679 5680
f 5779 5780 5880
f 5779 5880 5879
f 5878 5779 5879
f 5778 5779 5878
f 5678 5579 5679
f 5579 5678 5578
f 5678 5779 5778
f 5779 5678 5679
f 5678 5577 5578
f 5577 5678 5677
f 5678 5778 5777
f 5677 5678 5777
f 5878 5978 5877
f 5978 5977 5877
f 6377 6277 6378
f 6378 6277 6278
f 6376 6377 6477
f 6476 6376 6477
f 6782 6883 6882
f 6883 6782 6783
f 6877 6978 6977
f 6878 6978 6877
f 6978 7077 6977
f 7077 6978 7078
f 6979 6978 6879
f 6879 6978 6878
f 6581 6680 6580
f 6680 6581 6681
f 6580 6680 6579
f 6680 6679 6579
f 6779 6878 6778
f 6779 6879 6878
f 6679 6779 6678
f 6678 6779 6778
f 6082 6183 6182
f 6183 6082 6083
f 6181 6082 6182
f 6081 6082 6181
f 6082 6081 5981
f 5982 6082 5981
f 6268 6267 6168
f 6267 6167 6168
f 6267 6268 6368
f 6367 6267 6368
f 5762 5861 5761
f 5861 5762 5862
f 5762 5863 5862
f 5762 5763 5863
f 6065 6165 6164
f 6064 6065 6164
f 6065 5964 5965
f 5964 6065 6064
f 6165 6065 6166
f 6065 6066 6166
f 6065 5965 5966
f 6066 6065 5966
f 5964 5963 5864
f 5963 5863 5864
f 6362 6463 6462
f 6463 6362 6363
f 6763 6862 6762
f 6863 6862 6763
f 6862 6963 6962
f 6862 6863 6963
f 6565 6464 6465
f 6464 6565 6564
f 6364 6464 6363
f 6464 6463 6363
f 6464 6563 6463
f 6563 6464 6564
f 6662 6563 6663
f 6563 6662 6562
f 6462 6563 6562
f 6463 6563 6462
f 6459 6559 6558
f 6458 6459 6558
f 6560 6661 6660
f 6560 6561 6661
f 6561 6560 6461
f 6461 6560 6460
f 6659 6560 6660
f 6559 6560 6659
f 6459 6560 6559
f 6560 6459 6460
f 6156 6055 6056
f 6055 6156 6155
f 6059 6159 6058
f 6058 6159 6158
f 6160 6060 6161
f 6161 6060 6061
f 6060 5960 5961
f 6061 6060 5961
f 6060 6159 6059
f 6159 6060 6160
f 6060 6059 5959
f 6060 5959 5960
f 6357 6456 6356
f 6357 6457 6456
f 6272 6371 6271
f 6371 6272 6372
f 6171 6272 6271
f 6172 6272 6171
f 5970 6071 6070
f 6071 5970 5971
f 6071 6170 6070
f 6170 6071 6171
f 6071 6072 6172
f 6071 6172 6171
f 6177 6076 6077
f 6076 6177 6176
f 5571 5671 5570
f 5671 5670 5570
f 5671 5770 5670
f 5770 5671 5771
f 5669 5770 5769
f 5670 5770 5669
f 5770 5869 5769
f 5770 5870 5869
f 5770 5871 5870
f 5871 5770 5771
f 5870 5871 5970
f 5970 5871 5971
f 5974 5973 5874
f 5973 5873 5874
f 5671 5772 5771
f 5772 5671 5672
f 5772 5871 5771
f 5871 5772 5872
f 5772 5673 5773
f 5673 5772 5672
f 5873 5772 5773
f 5872 5772 5873
f 5368 5468 5367
f 5468 5467 5367
f 5666 5665 5565
f 5566 5666 5565
f 5666 5766 5765
f 5665 5666 5765
f 5567 5666 5566
f 5667 5666 5567
f 5766 5666 5767
f 5666 5667 5767
f 5067 5166 5066
f 5166 5067 5167
f 4967 5067 4966
f 5067 5066 4966
f 5067 4967 4968
f 5068 5067 4968
f 5067 5168 5167
f 5067 5068 5168
f 4865 4965 4864
f 4965 4964 4864
f 4965 4866 4966
f 4965 4865 4866
f 5066 4965 4966
f 5065 4965 5066
f 5064 4965 5065
f 4965 5064 4964
f 5063 5064 5163
f 5064 5164 5163
f 5064 5063 4963
f 4964 5064 4963
f 5064 5165 5164
f 5064 5065 5165
f 4185 4286 4285
f 4286 4185 4186
f 4086 4185 4085
f 4185 4086 4186
f 4677 4578 4678
f 4578 4677 4577
f 4382 4481 4381
f 4481 4382 4482
f 4588 4487 4488
f 4487 4588 4587
f 4882 4983 4982
f 4983 4882 4883
f 4983 4884 4984
f 4884 4983 4883
f 4982 4983 5082
f 4983 5083 5082
f 4983 4984 5084
f 5083 4983 5084
f 5388 5288 5389
f 5389 5288 5289
f 5288 5388 5387
f 5287 5288 5387
f 5288 5187 5188
f 5187 5288 5287
f 5288 5189 5289
f 5189 5288 5188
f 5089 5189 5088
f 5189 5188 5088
f 5179 5178 5079
f 5079 5178 5078
f 5077 5178 5177
f 5178 5077 5078
f 5279 5178 5179
f 5278 5178 5279
f 5178 5277 5177
f 5178 5278 5277
f 5182 5281 5181
f 5281 5182 5282
f 5281 5382 5381
f 5382 5281 5282
f 5382 5482 5481
f 5381 5382 5481
f 2833 2934 2933
f 2934 2833 2834
f 2932 2833 2933
f 2832 2833 2932
f 2224 2124 2225
f 2225 2124 2125
f 2124 2224 2223
f 2124 2223 2123
f 2124 2025 2125
f 2124 2024 2025
f 2023 2124 2123
f 2024 2124 2023
f 2623 2724 2723
f 2623 2624 2724
f 1233 1133 1234
f 1133 1134 1234
f 1133 1233 1232
f 1133 1232 1132
f 1133 1033 1034
f 1133 1034 1134
f 1033 1133 1032
f 1032 1133 1132
f 934 1035 1034
f 1035 934 935
f 1035 936 1036
f 936 1035 935
f 1034 1035 1134
f 1035 1135 1134
f 1136 1035 1036
f 1135 1035 1136
f 1523 1624 1623
f 1624 1523 1524
f 1624 1723 1623
f 1723 1624 1724
f 1724 1624 1725
f 1624 1625 1725
f 1632 1631 1532
f 1532 1631 1531
f 1631 1632 1732
f 1731 1631 1732
f 1730 1631 1731
f 1631 1730 1630
f 1729 1730 1830
f 1829 1729 1830
f 1630 1729 1629
f 1730 1729 1630
f 1729 1628 1629
f 1628 1729 1728
f 1828 1927 1827
f 1927 1828 1928
f 1729 1828 1728
f 1828 1729 1829
f 1828 1829 1929
f 1928 1828 1929
f 1230 1329 1229
f 1329 1230 1330
f 2634 2535 2635
f 2535 2634 2534
f 2535 2534 2434
f 2435 2535 2434
f 2234 2233 2133
f 2234 2133 2134
f 2236 2137 2237
f 2137 2236 2136
f 1739 1738 1639
f 1639 1738 1638
f 1738 1739 1839
f 1738 1839 1838
f 1738 1637 1638
f 1738 1737 1637
f 1737 1738 1837
f 1837 1738 1838
f 1333 1233 1234
f 1334 1333 1234
f 1635 1534 1535
f 1534 1635 1634
f 1533 1534 1633
f 1534 1634 1633
f 432 532 531
f 432 531 431
f 634 533 534
f 533 634 633
f 533 633 632
f 532 533 632
f 536 435 436
f 536 535 435
f 936 835 836
f 835 936 935
f 934 835 935
f 835 934 834
f 734 835 834
f 735 835 734
f 437 536 436
f 536 437 537
f 336 437 436
f 437 336 337
f 437 438 538
f 537 437 538
f 437 337 338
f 438 437 338
f 138 237 137
f 237 138 238
f 337 237 338
f 237 238 338
f 334 235 335
f 235 334 234
f 235 134 135
f 235 234 134
f 539 639 538
f 538 639 638
f 639 539 540
f 640 639 540
f 642 741 641
f 741 642 742
f 841 741 842
f 741 742 842
f 2831 2932 2931
f 2831 2832 2932
f 2732 2831 2731
f 2832 2831 2732
f 3227 3128 3228
f 3128 3227 3127
f 3027 3126 3026
f 3027 3127 3126
f 3027 3128 3127
f 3128 3027 3028
f 2831 2730 2731
f 2730 2831 2830
f 2730 2631 2731
f 2631 2730 2630
f 2730 2830 2829
f 2729 2730 2829
f 2730 2629 2630
f 2730 2729 2629
f 2226 2325 2225
f 2325 2226 2326
f 2126 2226 2125
f 2226 2225 2125
f 1927 2028 2027
f 2028 1927 1928
f 2028 1928 1929
f 2029 2028 1929
f 2128 2028 2129
f 2028 2029 2129
f 2429 2530 2529
f 2429 2430 2530
f 2528 2429 2529
f 2428 2429 2528
f 3930 4031 4030
f 4031 3930 3931
f 4030 4031 4130
f 4031 4131 4130
f 3932 3831 3832
f 3831 3932 3931
f 4540 4640 4539
f 4539 4640 4639
f 4640 4739 4639
f 4640 4740 4739
f 4322 4423 4422
f 4323 4423 4322
f 4423 4522 4422
f 4423 4523 4522
f 4334 4435 4434
f 4435 4334 4335
f 4334 4234 4235
f 4335 4334 4235
f 4135 4236 4235
f 4236 4135 4136
f 4537 4638 4637
f 4537 4538 4638
f 4636 4537 4637
f 4537 4636 4536
f 4636 4737 4736
f 4737 4636 4637
f 4636 4635 4535
f 4636 4535 4536
f 4735 4636 4736
f 4635 4636 4735
f 4425 4526 4525
f 4526 4425 4426
f 4523 4624 4623
f 4624 4523 4524
f 4529 4528 4429
f 4429 4528 4428
f 4528 4529 4629
f 4628 4528 4629
f 3725 3824 3724
f 3824 3725 3825
f 3324 3425 3424
f 3425 3324 3325
f 3429 3330 3430
f 3330 3429 3329
f 3331 3230 3231
f 3230 3331 3330
f 3229 3230 3329
f 3230 3330 3329
f 3222 3321 3221
f 3321 3222 3322
f 3222 3323 3322
f 3222 3223 3323
f 3224 3225 3325
f 3324 3224 3325
f 3125 3224 3124
f 3225 3224 3125
f 3223 3224 3323
f 3323 3224 3324
f 3037 3138 3137
f 3138 3037 3038
f 3138 3238 3237
f 3137 3138 3237
f 3039 3138 3038
f 3139 3138 3039
f 4252 4153 4253
f 4153 4252 4152
f 3852 3951 3851
f 3951 3852 3952
f 4455 4354 4355
f 4454 4354 4455
f 3245 3345 3244
f 3345 3344 3244
f 3345 3246 3346
f 3246 3345 3245
f 3344 3345 3444
f 3345 3445 3444
f 3446 3345 3346
f 3445 3345 3446
f 3249 3350 3349
f 3350 3249 3250
f 3449 3348 3349
f 3348 3449 3448
f 3348 3249 3349
f 3249 3348 3248
f 3348 3247 3248
f 3247 3348 3347
f 3246 3247 3346
f 3247 3347 3346
f 3146 3245 3145
f 3146 3246 3245
f 3146 3247 3246
f 3247 3146 3147
f 3143 3044 3144
f 3044 3143 3043
f 2943 3044 3043
f 3044 2943 2944
f 3144 3044 3145
f 3044 3045 3145
f 3044 2945 3045
f 2945 3044 2944
f 2844 2945 2944
f 2945 2844 2845
f 2945 2846 2946
f 2846 2945 2845
f 3541 3441 3442
f 3541 3442 3542
f 2934 2935 3034
f 3034 2935 3035
f 2935 2934 2834
f 2835 2935 2834
f 3436 3535 3435
f 3535 3436 3536
f 3335 3436 3435
f 3436 3335 3336
f 3034 3134 3033
f 3134 3133 3033
f 3233 3134 3234
f 3133 3134 3233
f 3337 3236 3237
f 3236 3337 3336
f 3335 3236 3336
f 3235 3236 3335
f 3433 3532 3432
f 3532 3433 3533
f 3535 3434 3435
f 3434 3535 3534
f 3433 3434 3533
f 3434 3534 3533
f 3232 3333 3332
f 3233 3333 3232
f 3333 3432 3332
f 3333 3433 3432
f 3834 3735 3835
f 3734 3735 3834
f 3733 3832 3732
f 3733 3833 3832
f 3733 3734 3834
f 3833 3733 3834
f 4035 4036 4135
f 4135 4036 4136
f 4036 4035 3935
f 3936 4036 3935
f 5070 4971 5071
f 4970 4971 5070
f 4871 4971 4870
f 4971 4970 4870
f 4376 4475 4375
f 4475 4376 4476
f 4378 4477 4377
f 4477 4378 4478
f 4477 4578 4577
f 4578 4477 4478
f 4477 4577 4576
f 4476 4477 4576
f 4477 4376 4377
f 4376 4477 4476
f 4775 4876 4875
f 4776 4876 4775
f 4876 4975 4875
f 4975 4876 4976
f 4876 4776 4777
f 4877 4876 4777
f 4977 4876 4877
f 4876 4977 4976
f 4977 5076 4976
f 5076 4977 5077
f 4977 4978 5078
f 5077 4977 5078
f 4978 4977 4878
f 4977 4877 4878
f 5176 5275 5175
f 5275 5176 5276
f 5275 5174 5175
f 5275 5274 5174
f 5274 5375 5374
f 5275 5375 5274
f 5375 5275 5276
f 5376 5375 5276
f 5478 5579 5578
f 5579 5478 5479
f 5774 5873 5773
f 5873 5774 5874
f 4062 3961 3962
f 3961 4062 4061
f 4062 4161 4061
f 4161 4062 4162
f 3963 4062 3962
f 4063 4062 3963
f 4062 4063 4163
f 4162 4062 4163
f 3558 3458 3459
f 3559 3558 3459
f 3759 3660 3760
f 3660 3759 3659
f 3860 3759 3760
f 3759 3860 3859
f 3759 3859 3858
f 3758 3759 3858
f 4157 4058 4158
f 4058 4157 4057
f 4158 4058 4159
f 4058 4059 4159
f 4058 3959 4059
f 3959 4058 3958
f 3959 3860 3960
f 3860 3959 3859
f 3859 3959 3858
f 3959 3958 3858
f 3959 3960 4060
f 4059 3959 4060
f 3956 4056 4055
f 3955 3956 4055
f 3855 3956 3955
f 3856 3956 3855
f 3562 3663 3662
f 3663 3562 3563
f 3564 3663 3563
f 3664 3663 3564
f 4268 4368 4367
f 4268 4367 4267
f 4167 4268 4267
f 4268 4167 4168
f 4266 4167 4267
f 4167 4266 4166
f 4167 4067 4068
f 4168 4167 4068
f 4169 4070 4170
f 4070 4169 4069
f 4169 4268 4168
f 4268 4169 4269
f 4169 4170 4270
f 4169 4270 4269
f 4169 4168 4068
f 4169 4068 4069
f 3864 3965 3964
f 3865 3965 3864
f 3965 4065 4064
f 3965 4064 3964
f 3965 3865 3866
f 3966 3965 3866
f 4167 4066 4067
f 4066 4167 4166
f 4066 3965 3966
f 3965 4066 4065
f 4065 4066 4165
f 4066 4166 4165
f 4067 4066 3967
f 4066 3966 3967
f 2663 2662 2563
f 2662 2562 2563
f 2561 2662 2661
f 2662 2561 2562
f 2762 2662 2763
f 2662 2663 2763
f 2662 2761 2661
f 2662 2762 2761
f 2858 2959 2958
f 2859 2959 2858
f 2959 3058 2958
f 3058 2959 3059
f 2660 2561 2661
f 2561 2660 2560
f 2557 2456 2457
f 2456 2557 2556
f 2657 2557 2658
f 2557 2558 2658
f 3559 3460 3560
f 3460 3559 3459
f 3460 3561 3560
f 3460 3461 3561
f 3461 3460 3361
f 3460 3360 3361
f 3757 3656 3657
f 3656 3757 3756
f 1457 1558 1557
f 1558 1457 1458
f 1658 1558 1659
f 1558 1559 1659
f 2456 2355 2356
f 2355 2456 2455
f 2355 2255 2256
f 2356 2355 2256
f 2355 2455 2454
f 2354 2355 2454
f 1952 2051 1951
f 2051 1952 2052
f 1951 2051 1950
f 2051 2050 1950
f 2252 2353 2352
f 2353 2252 2253
f 2254 2355 2354
f 2355 2254 2255
f 2254 2353 2253
f 2353 2254 2354
f 2154 2254 2153
f 2153 2254 2253
f 1652 1553 1653
f 1553 1652 1552
f 1655 1556 1656
f 1556 1655 1555
f 1652 1753 1752
f 1753 1652 1653
f 1753 1852 1752
f 1852 1753 1853
f 1852 1952 1951
f 1852 1951 1851
f 2656 2557 2657
f 2557 2656 2556
f 2756 2656 2757
f 2656 2657 2757
f 2656 2755 2655
f 2755 2656 2756
f 2656 2555 2556
f 2656 2655 2555
f 1958 2057 1957
f 2057 1958 2058
f 2158 2057 2058
f 2057 2158 2157
f 2257 2358 2357
f 2358 2257 2258
f 2158 2257 2157
f 2257 2158 2258
f 2257 2356 2256
f 2257 2357 2356
f 2852 2851 2752
f 2851 2751 2752
f 2648 2549 2649
f 2549 2648 2548
f 2351 2252 2352
f 2252 2351 2251
f 2847 2948 2947
f 2848 2948 2847
f 2948 2949 3049
f 3048 2948 3049
f 1261 1162 1262
f 1162 1261 1161
f 1261 1262 1362
f 1361 1261 1362
f 1560 1459 1460
f 1459 1560 1559
f 1459 1558 1458
f 1558 1459 1559
f 1457 1357 1458
f 1357 1358 1458
f 2463 2362 2363
f 2362 2463 2462
f 2562 2463 2563
f 2463 2562 2462
f 2364 2463 2363
f 2463 2364 2464
f 2563 2463 2564
f 2463 2464 2564
f 2465 2565 2564
f 2464 2465 2564
f 2364 2465 2464
f 2465 2364 2365
f 2565 2465 2566
f 2465 2466 2566
f 2465 2365 2366
f 2466 2465 2366
f 2064 2063 1964
f 2063 1963 1964
f 1763 1862 1762
f 1862 1763 1863
f 1862 1861 1761
f 1762 1862 1761
f 2257 2156 2157
f 2156 2257 2256
f 1864 1965 1964
f 1965 1864 1865
f 1963 1864 1964
f 1864 1963 1863
f 1763 1864 1863
f 1764 1864 1763
f 1765 1864 1764
f 1864 1765 1865
f 1666 1765 1665
f 1765 1666 1766
f 1765 1866 1865
f 1866 1765 1766
f 1765 1764 1664
f 1765 1664 1665
f 2164 2063 2064
f 2063 2164 2163
f 2165 2164 2065
f 2164 2064 2065
f 2466 2367 2467
f 2367 2466 2366
f 2266 2367 2366
f 2267 2367 2266
f 1364 1465 1464
f 1465 1364 1365
f 1465 1366 1466
f 1366 1465 1365
f 1564 1465 1565
f 1465 1564 1464
f 1565 1465 1566
f 1566 1465 1466
f 1760 1660 1761
f 1660 1661 1761
f 1660 1759 1659
f 1660 1760 1759
f 1661 1660 1561
f 1660 1560 1561
f 1560 1660 1559
f 1559 1660 1659
f 1264 1165 1265
f 1165 1264 1164
f 1264 1263 1163
f 1164 1264 1163
f 1364 1264 1365
f 1264 1265 1365
f 1264 1363 1263
f 1264 1364 1363
f 1563 1664 1663
f 1563 1564 1664
f 1662 1563 1663
f 1563 1662 1562
f 1563 1463 1464
f 1564 1563 1464
f 1563 1562 1462
f 1463 1563 1462
f 1567 1566 1466
f 1467 1567 1466
f 1165 1266 1265
f 1266 1165 1166
f 1267 1266 1167
f 1266 1166 1167
f 1265 1266 1365
f 1266 1366 1365
f 5059 4958 4959
f 4958 5059 5058
f 4460 4361 4461
f 4361 4460 4360
f 4361 4360 4260
f 4361 4260 4261
f 4262 4361 4261
f 4361 4262 4362
f 4161 4262 4261
f 4262 4161 4162
f 4263 4262 4163
f 4262 4162 4163
f 4262 4263 4363
f 4362 4262 4363
f 4462 4361 4362
f 4361 4462 4461
f 4462 4362 4363
f 4462 4363 4463
f 4461 4462 4561
f 4462 4562 4561
f 4562 4462 4563
f 4563 4462 4463
f 3052 3053 3152
f 3053 3153 3152
f 2953 3053 2952
f 3053 3052 2952
f 3054 3053 2954
f 3053 2953 2954
f 3447 3446 3346
f 3347 3447 3346
f 3447 3348 3448
f 3348 3447 3347
f 3751 3650 3651
f 3650 3751 3750
f 3650 3551 3651
f 3551 3650 3550
f 3649 3650 3749
f 3749 3650 3750
f 3650 3549 3550
f 3650 3649 3549
f 3253 3252 3152
f 3153 3253 3152
f 3053 3154 3153
f 3154 3053 3054
f 3253 3154 3254
f 3154 3253 3153
f 3352 3451 3351
f 3452 3451 3352
f 3350 3451 3450
f 3451 3350 3351
f 3551 3451 3552
f 3451 3452 3552
f 3450 3451 3550
f 3451 3551 3550
f 3372 3371 3271
f 3272 3372 3271
f 3470 3369 3370
f 3470 3469 3369
f 3673 3672 3572
f 3573 3673 3572
f 3574 3673 3573
f 3673 3574 3674
f 3473 3372 3373
f 3372 3473 3472
f 3473 3574 3573
f 3574 3473 3474
f 3473 3573 3572
f 3472 3473 3572
f 3972 3873 3973
f 3873 3972 3872
f 3876 3977 3976
f 3977 3876 3877
f 3878 3777 3778
f 3777 3878 3877
f 3678 3777 3677
f 3777 3678 3778
f 3577 3678 3677
f 3678 3577 3578
f 3475 3574 3474
f 3574 3475 3575
f 3575 3475 3576
f 3475 3476 3576
f 3667 3567 3668
f 3567 3568 3668
f 3666 3567 3667
f 3566 3567 3666
f 3057 2956 2957
f 3057 3056 2956
f 3057 2957 2958
f 3058 3057 2958
f 2855 2955 2954
f 2854 2855 2954
f 2956 2855 2856
f 2955 2855 2956
f 2754 2855 2854
f 2755 2855 2754
f 2855 2756 2856
f 2855 2755 2756
f 3164 3265 3264
f 3164 3165 3265
f 3165 3164 3065
f 3164 3064 3065
f 197 96 97
f 96 197 196
f 98 197 97
f 198 197 98
f 95 195 94
f 195 194 94
f 96 195 95
f 195 96 196
f 194 195 294
f 195 295 294
f 694 795 794
f 795 694 695
f 594 694 593
f 694 693 593
f 694 595 695
f 694 594 595
f 583 484 584
f 484 583 483
f 586 686 685
f 585 586 685
f 686 586 687
f 586 587 687
f 487 586 486
f 587 586 487
f 1185 1186 1286
f 1285 1185 1286
f 1185 1086 1186
f 1086 1185 1085
f 1185 1285 1284
f 1184 1185 1284
f 1099 998 999
f 1098 998 1099
f 999 998 899
f 998 898 899
f 998 1098 1097
f 997 998 1097
f 898 998 897
f 998 997 897
f 1398 1299 1399
f 1398 1298 1299
f 1499 1398 1399
f 1398 1499 1498
f 1298 1398 1297
f 1398 1397 1297
f 1497 1398 1498
f 1398 1497 1397
f 1395 1396 1495
f 1396 1496 1495
f 1295 1396 1395
f 1396 1295 1296
f 1497 1396 1397
f 1396 1497 1496
f 1297 1396 1296
f 1397 1396 1297
f 1494 1393 1394
f 1393 1494 1493
f 1492 1393 1493
f 1392 1393 1492
f 1394 1393 1294
f 1393 1293 1294
f 1292 1393 1392
f 1293 1393 1292
f 472 571 471
f 571 472 572
f 573 472 473
f 472 573 572
f 73 172 72
f 172 73 173
f 172 71 72
f 172 171 71
f 74 175 174
f 175 74 75
f 472 373 473
f 373 472 372
f 772 671 672
f 671 772 771
f 772 871 771
f 871 772 872
f 972 1072 1071
f 972 1071 971
f 972 871 872
f 871 972 971
f 774 674 675
f 774 675 775
f 874 774 875
f 875 774 775
f 371 472 471
f 472 371 372
f 370 371 470
f 470 371 471
f 565 564 464
f 565 464 465
f 267 166 167
f 166 267 266
f 168 267 167
f 267 168 268
f 464 365 465
f 364 365 464
f 365 364 264
f 265 365 264
f 365 265 266
f 366 365 266
f 380 280 281
f 380 281 381
f 380 379 279
f 280 380 279
f 579 678 578
f 678 579 679
f 478 579 578
f 579 478 479
f 680 781 780
f 781 680 681
f 579 680 679
f 680 579 580
f 679 680 779
f 680 780 779
f 680 581 681
f 680 580 581
f 581 582 681
f 582 682 681
f 582 481 482
f 481 582 581
f 682 582 683
f 582 583 683
f 583 582 483
f 582 482 483
f 677 776 676
f 776 677 777
f 676 776 675
f 675 776 775
f 776 875 775
f 776 876 875
f 980 881 981
f 980 880 881
f 776 877 876
f 877 776 777
f 976 877 977
f 877 976 876
f 877 978 977
f 978 877 878
f 879 978 878
f 978 879 979
f 780 879 779
f 880 879 780
f 879 980 979
f 980 879 880
f 1176 1177 1276
f 1177 1277 1276
f 879 778 779
f 778 879 878
f 877 778 878
f 778 877 777
f 677 778 777
f 678 778 677
f 778 679 779
f 778 678 679
f 394 295 395
f 295 394 294
f 494 394 495
f 394 395 495
f 1191 1292 1291
f 1292 1191 1192
f 1191 1291 1290
f 1190 1191 1290
f 992 893 993
f 893 992 892
f 587 688 687
f 688 587 588
f 388 287 288
f 287 388 387
f 992 891 892
f 891 992 991
f 890 891 990
f 891 991 990
f 891 792 892
f 792 891 791
f 184 285 284
f 285 184 185
f 285 185 186
f 286 285 186
f 88 187 87
f 88 188 187
f 88 89 189
f 188 88 189
f 591 590 490
f 491 591 490
f 391 290 291
f 290 391 390
f 292 391 291
f 391 292 392
f 391 491 490
f 390 391 490
f 663 562 563
f 562 663 662
f 663 563 564
f 664 663 564
f 1165 1066 1166
f 1066 1165 1065
f 1066 1067 1167
f 1166 1066 1167
f 763 762 662
f 663 763 662
f 559 460 560
f 460 559 459
f 460 561 560
f 460 461 561
f 265 165 266
f 165 166 266
f 165 65 66
f 166 165 66
f 164 165 264
f 165 265 264
f 165 64 65
f 165 164 64
f 2234 2135 2235
f 2135 2234 2134
f 2236 2135 2136
f 2135 2236 2235
f 1731 1832 1831
f 1832 1731 1732
f 2132 2031 2032
f 2131 2031 2132
f 2533 2432 2433
f 2432 2533 2532
f 2531 2432 2532
f 2431 2432 2531
f 2535 2636 2635
f 2636 2535 2536
f 2636 2737 2736
f 2737 2636 2637
f 2635 2636 2735
f 2636 2736 2735
f 2633 2632 2532
f 2533 2633 2532
f 2633 2533 2534
f 2634 2633 2534
f 855 755 756
f 855 756 856
f 956 857 957
f 857 956 856
f 855 956 955
f 956 855 856
f 1057 956 957
f 956 1057 1056
f 1554 1453 1454
f 1453 1554 1553
f 1452 1453 1552
f 1453 1553 1552
f 1455 1554 1454
f 1554 1455 1555
f 1354 1455 1454
f 1455 1354 1355
f 1052 1153 1152
f 1053 1153 1052
f 1153 1252 1152
f 1153 1253 1252
f 1055 956 1056
f 956 1055 955
f 1156 1055 1056
f 1055 1156 1155
f 1156 1057 1157
f 1057 1156 1056
f 1156 1255 1155
f 1255 1156 1256
f 1354 1255 1355
f 1255 1354 1254
f 1138 1239 1238
f 1138 1139 1239
f 1040 1140 1039
f 1140 1139 1039
f 1140 1040 1041
f 1141 1140 1041
f 1139 1140 1239
f 1140 1240 1239
f 1140 1141 1241
f 1240 1140 1241
f 2143 2244 2243
f 2244 2143 2144
f 2044 2045 2145
f 2044 2145 2144
f 2143 2044 2144
f 2044 2143 2043
f 2044 1943 1944
f 2044 2043 1943
f 2842 2943 2942
f 2842 2843 2943
f 2337 2236 2237
f 2236 2337 2336
f 2046 1947 2047
f 1947 2046 1946
f 1949 1948 1848
f 1849 1949 1848
f 1949 1850 1950
f 1850 1949 1849
f 2050 1949 1950
f 2049 1949 2050
f 1947 2048 2047
f 2048 1947 1948
f 2048 1949 2049
f 1949 2048 1948
f 1749 1649 1750
f 1750 1649 1650
f 1649 1549 1550
f 1649 1550 1650
f 1450 1350 1351
f 1451 1450 1351
f 1551 1450 1451
f 1550 1450 1551
f 1649 1548 1549
f 1548 1649 1648
f 1544 1643 1543
f 1643 1544 1644
f 1443 1544 1543
f 1444 1544 1443
f 1545 1544 1445
f 1544 1444 1445
f 1643 1743 1642
f 1642 1743 1742
f 1842 1743 1843
f 1743 1842 1742
f 1744 1743 1644
f 1743 1643 1644
f 1843 1743 1844
f 1743 1744 1844
f 1647 1548 1648
f 1548 1647 1547
f 1649 1748 1648
f 1748 1649 1749
f 1748 1749 1849
f 1748 1849 1848
f 1647 1748 1747
f 1748 1647 1648
f 1945 2044 1944
f 2044 1945 2045
f 2046 1945 1946
f 1945 2046 2045
f 1945 1845 1846
f 1945 1846 1946
f 1844 1945 1944
f 1845 1945 1844
f 1340 1439 1339
f 1340 1440 1439
f 1239 1340 1339
f 1240 1340 1239
f 1538 1539 1638
f 1539 1639 1638
f 1539 1538 1438
f 1539 1438 1439
f 1440 1539 1439
f 1540 1539 1440
f 1640 1539 1540
f 1539 1640 1639
f 1739 1640 1740
f 1640 1739 1639
f 1640 1741 1740
f 1741 1640 1641
f 1641 1640 1541
f 1640 1540 1541
f 9940 9939 9839
f 9840 9940 9839
f 9640 9741 9740
f 9741 9640 9641
f 9036 9136 9135
f 9035 9036 9135
f 9436 9536 9535
f 9436 9535 9435
f 9838 9939 9938
f 9939 9838 9839
f 9439 9538 9438
f 9538 9439 9539
f 8935 9036 9035
f 9036 8935 8936
f 9134 9235 9234
f 9235 9134 9135
f 9429 9330 9430
f 9330 9429 9329
f 9330 9431 9430
f 9330 9331 9431
f 9030 9031 9130
f 9031 9131 9130
f 7732 7833 7832
f 7833 7732 7733
f 8333 8234 8334
f 8234 8333 8233
f 8429 8430 8529
f 8430 8530 8529
f 8228 8127 8128
f 8127 8228 8227
f 8228 8129 8229
f 8129 8228 8128
f 8228 8327 8227
f 8228 8328 8327
f 6816 6917 6916
f 6917 6816 6817
f 6915 6816 6916
f 6816 6915 6815
f 6715 6816 6815
f 6816 6715 6716
f 6715 6815 6814
f 6714 6715 6814
f 6914 7013 6913
f 7013 6914 7014
f 6815 6914 6814
f 6915 6914 6815
f 7517 7518 7618
f 7517 7618 7617
f 7517 7417 7418
f 7518 7517 7418
f 7718 7717 7618
f 7618 7717 7617
f 7115 7214 7114
f 7214 7115 7215
f 7214 7313 7213
f 7214 7314 7313
f 7214 7315 7314
f 7315 7214 7215
f 7314 7315 7414
f 7315 7415 7414
f 7415 7315 7416
f 7315 7316 7416
f 7216 7315 7215
f 7316 7315 7216
f 7717 7816 7716
f 7816 7717 7817
f 7824 7825 7924
f 7825 7925 7924
f 7926 7825 7826
f 7925 7825 7926
f 7825 7824 7724
f 7725 7825 7724
f 7825 7726 7826
f 7825 7725 7726
f 7730 7631 7731
f 7631 7730 7630
f 8223 8122 8123
f 8122 8223 8222
f 8324 8223 8224
f 8223 8324 8323
f 8224 8223 8124
f 8124 8223 8123
f 8024 8124 8123
f 8023 8024 8123
f 8024 7923 7924
f 7923 8024 8023
f 8124 8024 8125
f 8024 8025 8125
f 7925 8024 7924
f 8025 8024 7925
f 9718 9617 9618
f 9617 9718 9717
f 9911 9812 9912
f 9812 9911 9811
f 9812 9711 9712
f 9711 9812 9811
f 9812 9913 9912
f 9812 9813 9913
f 9713 9812 9712
f 9812 9713 9813
f 9814 9915 9914
f 9815 9915 9814
f 9915 9816 9916
f 9816 9915 9815
f 9617 9716 9616
f 9716 9617 9717
f 9716 9717 9817
f 9816 9716 9817
f 9716 9816 9815
f 9716 9815 9715
f 9615 9716 9715
f 9716 9615 9616
f 9118 9219 9218
f 9219 9118 9119
f 9217 9118 9218
f 9117 9118 9217
f 8617 8718 8717
f 8718 8617 8618
f 8619 8718 8618
f 8718 8619 8719
f 9421 9420 9320
f 9321 9421 9320
f 9221 9120 9121
f 9120 9221 9220
f 9122 9221 9121
f 9221 9122 9222
f 9221 9321 9320
f 9221 9320 9220
f 9322 9221 9222
f 9221 9322 9321
f 9223 9322 9222
f 9323 9322 9223
f 9120 9019 9020
f 9019 9120 9119
f 8718 8817 8717
f 8817 8718 8818
f 9227 9226 9126
f 9127 9227 9126
f 8929 9030 9029
f 9030 8929 8930
f 8927 9026 8926
f 9026 8927 9027
f 9127 9026 9027
f 9026 9127 9126
f 8925 9026 9025
f 9026 8925 8926
f 9125 9026 9126
f 9025 9026 9125
f 8724 8825 8824
f 8825 8724 8725
f 8825 8726 8826
f 8726 8825 8725
f 8824 8825 8924
f 8825 8925 8924
f 8925 8825 8926
f 8926 8825 8826
f 9823 9924 9923
f 9823 9824 9924
f 9922 9823 9923
f 9822 9823 9922
f 9622 9621 9521
f 9522 9622 9521
f 9721 9622 9722
f 9621 9622 9721
f 8423 8324 8424
f 8324 8423 8323
f 8524 8625 8624
f 8625 8524 8525
f 8523 8524 8623
f 8524 8624 8623
f 8423 8524 8523
f 8524 8423 8424
f 8527 8528 8628
f 8627 8527 8628
f 8526 8527 8626
f 8626 8527 8627
f 8822 8921 8821
f 8921 8822 8922
f 8721 8822 8821
f 8822 8721 8722
f 8822 8923 8922
f 8822 8823 8923
f 8823 8822 8723
f 8723 8822 8722
f 8819 8718 8719
f 8718 8819 8818
f 8820 8819 8720
f 8819 8719 8720
f 8221 8220 8120
f 8121 8221 8120
f 8122 8221 8121
f 8221 8122 8222
f 8218 8319 8318
f 8319 8218 8219
f 9828 9927 9827
f 9927 9828 9928
f 9627 9727 9726
f 9626 9627 9726
f 9527 9627 9526
f 9627 9626 9526
f 9530 9429 9430
f 9530 9529 9429
f 9528 9627 9527
f 9627 9528 9628
f 9528 9527 9427
f 9528 9427 9428
f 9628 9528 9629
f 9528 9529 9629
f 9529 9528 9429
f 9429 9528 9428
f 9533 9633 9632
f 9532 9533 9632
f 9533 9534 9634
f 9633 9533 9634
f 9931 9832 9932
f 9831 9832 9931
f 9832 9933 9932
f 9933 9832 9833
f 9832 9831 9731
f 9732 9832 9731
f 9832 9732 9733
f 9832 9733 9833
f 9933 9834 9934
f 9834 9933 9833
f 9934 9834 9935
f 9834 9835 9935
f 9061 9160 9060
f 9161 9160 9061
f 9261 9161 9162
f 9262 9261 9162
f 9261 9160 9161
f 9160 9261 9260
f 9263 9262 9162
f 9163 9263 9162
f 8962 9061 8961
f 8962 9062 9061
f 8561 8662 8661
f 8662 8561 8562
f 8758 8657 8658
f 8657 8758 8757
f 8857 8758 8858
f 8758 8857 8757
f 8759 8758 8659
f 8659 8758 8658
f 8758 8759 8859
f 8758 8859 8858
f 8857 8756 8757
f 8756 8857 8856
f 8756 8657 8757
f 8657 8756 8656
f 8755 8756 8855
f 8855 8756 8856
f 8554 8655 8654
f 8655 8554 8555
f 8655 8756 8755
f 8756 8655 8656
f 8556 8655 8555
f 8655 8556 8656
f 8754 8655 8755
f 8655 8754 8654
f 8557 8657 8656
f 8556 8557 8656
f 9455 9554 9454
f 9554 9455 9555
f 9455 9356 9456
f 9455 9355 9356
f 9455 9354 9355
f 9354 9455 9454
f 9453 9354 9454
f 9354 9453 9353
f 9255 9354 9254
f 9355 9354 9255
f 9155 9255 9254
f 9154 9155 9254
f 8855 8956 8955
f 8956 8855 8856
f 9059 8960 9060
f 8960 9059 8959
f 9358 9258 9359
f 9359 9258 9259
f 8958 8859 8959
f 8859 8958 8858
f 9059 8958 8959
f 8958 9059 9058
f 9261 9360 9260
f 9360 9261 9361
f 9360 9359 9259
f 9360 9259 9260
f 9149 9250 9249
f 9149 9150 9250
f 9150 9049 9050
f 9149 9049 9150
f 9049 9148 9048
f 9049 9149 9148
f 8848 8948 8947
f 8847 8848 8947
f 8848 8847 8747
f 8748 8848 8747
f 8848 8748 8749
f 8849 8848 8749
f 8846 8845 8746
f 8845 8745 8746
f 9149 9248 9148
f 9248 9149 9249
f 9148 9248 9147
f 9147 9248 9247
f 9349 9248 9249
f 9348 9248 9349
f 9749 9649 9750
f 9649 9650 9750
f 9748 9849 9848
f 9748 9749 9849
f 9748 9649 9749
f 9649 9748 9648
f 9843 9743 9844
f 9743 9744 9844
f 9743 9644 9744
f 9743 9643 9644
f 9644 9543 9544
f 9643 9543 9644
f 9945 9846 9946
f 9846 9945 9845
f 9946 9846 9947
f 9846 9847 9947
f 9552 9453 9553
f 9453 9552 9452
f 9552 9551 9451
f 9552 9451 9452
f 9979 9879 9980
f 9980 9879 9880
f 9879 9979 9978
f 9878 9879 9978
f 9598 9499 9599
f 9598 9498 9499
f 9699 9598 9599
f 9698 9598 9699
f 9798 9898 9897
f 9797 9798 9897
f 9798 9799 9899
f 9898 9798 9899
f 9798 9797 9697
f 9698 9798 9697
f 9799 9798 9699
f 9798 9698 9699
f 9888 9788 9889
f 9788 9789 9889
f 9986 9887 9987
f 9887 9986 9886
f 9887 9788 9888
f 9788 9887 9787
f 9887 9988 9987
f 9887 9888 9988
f 9882 9783 9883
f 9782 9783 9882
f 9781 9881 9880
f 9780 9781 9880
f 9881 9781 9882
f 9781 9782 9882
f 7674 7575 7675
f 7674 7574 7575
f 8077 7976 7977
f 7976 8077 8076
f 8175 8274 8174
f 8274 8175 8275
f 8072 7972 7973
f 8073 8072 7973
f 8072 8071 7971
f 7972 8072 7971
f 9072 9171 9071
f 9171 9072 9172
f 8973 8873 8974
f 8974 8873 8874
f 9272 9171 9172
f 9171 9272 9271
f 9070 8970 8971
f 9070 8971 9071
f 9773 9872 9772
f 9872 9773 9873
f 9972 9872 9973
f 9973 9872 9873
f 9874 9773 9774
f 9773 9874 9873
f 9874 9974 9973
f 9874 9973 9873
f 9566 9665 9565
f 9665 9566 9666
f 9766 9665 9666
f 9665 9766 9765
f 9070 8969 8970
f 8969 9070 9069
f 9267 9167 9168
f 9267 9168 9268
f 4931 4832 4932
f 4831 4832 4931
f 4829 4828 4728
f 4729 4829 4728
f 3938 3939 4039
f 3938 4039 4038
f 3839 3840 3940
f 3939 3839 3940
f 4340 4441 4440
f 4441 4340 4341
f 4340 4440 4439
f 4339 4340 4439
f 4547 4648 4647
f 4648 4547 4548
f 5045 5144 5044
f 5144 5045 5145
f 4942 4943 5043
f 5042 4942 5043
f 4943 4942 4843
f 4942 4842 4843
f 4942 5042 5041
f 4941 4942 5041
f 4942 4841 4842
f 4841 4942 4941
f 7025 7024 6924
f 6925 7025 6924
f 7124 7025 7125
f 7025 7124 7024
f 7025 6926 7026
f 6926 7025 6925
f 7025 7126 7125
f 7025 7026 7126
f 6826 6725 6726
f 6725 6826 6825
f 6727 6826 6726
f 6826 6727 6827
f 6826 6926 6925
f 6826 6925 6825
f 6927 6826 6827
f 6926 6826 6927
f 6531 6632 6631
f 6632 6531 6532
f 6630 6531 6631
f 6530 6531 6630
f 7931 8031 7930
f 8031 8030 7930
f 8033 7932 7933
f 7932 8033 8032
f 7932 7833 7933
f 7833 7932 7832
f 7932 8031 7931
f 8031 7932 8032
f 7932 7831 7832
f 7932 7931 7831
f 7535 7634 7534
f 7634 7535 7635
f 7634 7735 7734
f 7735 7634 7635
f 7633 7634 7733
f 7733 7634 7734
f 7434 7533 7433
f 7533 7434 7534
f 7533 7634 7633
f 7634 7533 7534
f 7432 7533 7532
f 7433 7533 7432
f 7533 7632 7532
f 7533 7633 7632
f 7928 8027 7927
f 7928 8028 8027
f 7050 7151 7150
f 7151 7050 7051
f 7050 7150 7149
f 7049 7050 7149
f 7051 7050 6951
f 7050 6950 6951
f 7146 7147 7247
f 7246 7146 7247
f 6749 6649 6750
f 6649 6650 6750
f 6850 6751 6851
f 6751 6850 6750
f 6850 6851 6951
f 6950 6850 6951
f 8438 8339 8439
f 8438 8338 8339
f 7738 7638 7739
f 7739 7638 7639
f 7737 7837 7836
f 7736 7737 7836
f 7737 7636 7637
f 7636 7737 7736
f 7737 7738 7838
f 7837 7737 7838
f 7638 7737 7637
f 7737 7638 7738
f 3821 3922 3921
f 3922 3821 3822
f 3725 3624 3625
f 3624 3725 3724
f 3723 3624 3724
f 3623 3624 3723
f 3622 3723 3722
f 3622 3623 3723
f 3520 3419 3420
f 3419 3520 3519
f 3807 3906 3806
f 3906 3807 3907
f 3806 3906 3805
f 3906 3905 3805
f 4205 4105 4206
f 4105 4106 4206
f 4106 4207 4206
f 4107 4207 4106
f 4307 4207 4308
f 4308 4207 4208
f 4207 4306 4206
f 4306 4207 4307
f 4211 4310 4210
f 4310 4211 4311
f 4310 4410 4409
f 4309 4310 4409
f 4310 4309 4209
f 4310 4209 4210
f 4207 4108 4208
f 4108 4207 4107
f 4108 4007 4008
f 4108 4107 4007
f 4108 4209 4208
f 4108 4109 4209
f 4009 4108 4008
f 4109 4108 4009
f 3224 3123 3124
f 3123 3224 3223
f 3123 3024 3124
f 3123 3023 3024
f 3811 3712 3812
f 3712 3811 3711
f 3710 3611 3711
f 3611 3710 3610
f 3611 3712 3711
f 3712 3611 3612
f 5802 5803 5902
f 5803 5903 5902
f 5803 5802 5702
f 5703 5803 5702
f 6107 6208 6207
f 6208 6107 6108
f 5907 5808 5908
f 5808 5907 5807
f 6301 6402 6401
f 6402 6301 6302
f 6303 6402 6302
f 6402 6303 6403
f 7319 7218 7219
f 7218 7319 7318
f 7619 7720 7719
f 7620 7720 7619
f 7624 7725 7724
f 7725 7624 7625
f 7624 7525 7625
f 7624 7524 7525
f 7426 7425 7326
f 7326 7425 7325
f 7425 7526 7525
f 7526 7425 7426
f 7122 7222 7121
f 7222 7221 7121
f 7522 7621 7521
f 7522 7622 7621
f 7421 7522 7521
f 7422 7522 7421
f 7316 7317 7416
f 7317 7417 7416
f 7417 7317 7418
f 7418 7317 7318
f 7317 7316 7216
f 7217 7317 7216
f 7317 7218 7318
f 7317 7217 7218
f 6725 6724 6625
f 6724 6624 6625
f 6824 6724 6825
f 6724 6725 6825
f 6523 6622 6522
f 6622 6523 6623
f 6521 6622 6621
f 6622 6521 6522
f 6721 6622 6722
f 6622 6721 6621
f 6620 6720 6619
f 6619 6720 6719
f 6720 6819 6719
f 6819 6720 6820
f 6721 6720 6621
f 6720 6620 6621
f 6720 6821 6820
f 6821 6720 6721
f 6527 6628 6627
f 6628 6527 6528
f 5923 6024 6023
f 6024 5923 5924
f 5722 5823 5822
f 5823 5722 5723
f 5822 5823 5922
f 5823 5923 5922
f 5823 5824 5924
f 5923 5823 5924
f 6321 6220 6221
f 6220 6321 6320
f 6220 6319 6219
f 6319 6220 6320
f 6220 6219 6119
f 6120 6220 6119
f 6220 6120 6121
f 6221 6220 6121
f 6117 6018 6118
f 6018 6117 6017
f 6018 5917 5918
f 5917 6018 6017
f 6222 6122 6223
f 6122 6123 6223
f 6122 6221 6121
f 6221 6122 6222
f 6122 6022 6023
f 6123 6122 6023
f 6021 6122 6121
f 6022 6122 6021
f 5916 5816 5817
f 5917 5916 5817
f 5916 5915 5815
f 5816 5916 5815
f 5416 5315 5316
f 5315 5416 5415
f 5718 5819 5818
f 5719 5819 5718
f 6519 6419 6520
f 6419 6420 6520
f 6518 6419 6519
f 6419 6518 6418
f 6420 6419 6320
f 6419 6319 6320
f 6319 6419 6318
f 6318 6419 6418
f 6114 6115 6214
f 6115 6215 6214
f 6015 6115 6014
f 6115 6114 6014
f 6115 6116 6216
f 6215 6115 6216
f 7901 7802 7902
f 7801 7802 7901
f 7802 7801 7701
f 7802 7701 7702
f 7802 7903 7902
f 7802 7803 7903
f 7703 7802 7702
f 7802 7703 7803
f 7602 7703 7702
f 7603 7703 7602
f 8402 8501 8401
f 8501 8402 8502
f 8402 8401 8301
f 8402 8301 8302
f 8303 8402 8302
f 8403 8402 8303
f 8403 8304 8404
f 8304 8403 8303
f 8304 8303 8203
f 8204 8304 8203
f 8205 8304 8204
f 8304 8205 8305
f 8413 8514 8513
f 8514 8413 8414
f 8512 8413 8513
f 8412 8413 8512
f 8804 8904 8803
f 8904 8903 8803
f 8904 9003 8903
f 9003 8904 9004
f 9005 8904 8905
f 9004 8904 9005
f 8813 8912 8812
f 8912 8813 8913
f 8615 8515 8616
f 8515 8516 8616
f 8515 8416 8516
f 8416 8515 8415
f 8614 8515 8615
f 8514 8515 8614
f 8515 8414 8415
f 8515 8514 8414
f 7910 7909 7809
f 7810 7910 7809
f 7910 8009 7909
f 7910 8010 8009
f 8011 7910 7911
f 7910 8011 8010
f 7717 7818 7817
f 7818 7717 7718
f 8316 8217 8317
f 8217 8316 8216
f 8217 8218 8318
f 8317 8217 8318
f 8413 8314 8414
f 8314 8413 8313
f 6405 6306 6406
f 6306 6405 6305
f 6506 6405 6406
f 6405 6506 6505
f 6304 6205 6305
f 6205 6304 6204
f 6405 6304 6305
f 6304 6405 6404
f 6304 6203 6204
f 6304 6303 6203
f 6304 6404 6403
f 6303 6304 6403
f 6503 6402 6403
f 6402 6503 6502
f 6607 6606 6507
f 6606 6506 6507
f 6506 6606 6505
f 6606 6605 6505
f 6606 6705 6605
f 6705 6606 6706
f 6804 6803 6703
f 6704 6804 6703
f 6705 6804 6704
f 6804 6705 6805
f 7105 7006 7106
f 7005 7006 7105
f 7310 7209 7210
f 7209 7310 7309
f 8511 8412 8512
f 8412 8511 8411
f 8511 8512 8612
f 8611 8511 8612
f 8712 8711 8612
f 8711 8611 8612
f 7711 7710 7610
f 7611 7711 7610
f 7912 7813 7913
f 7813 7912 7812
f 8306 8307 8407
f 8406 8306 8407
f 8605 8506 8606
f 8506 8605 8505
f 8405 8304 8305
f 8304 8405 8404
f 8405 8506 8505
f 8506 8405 8406
f 8405 8306 8406
f 8306 8405 8305
f 8504 8405 8505
f 8405 8504 8404
f 8008 7908 7909
f 8009 8008 7909
f 5912 5812 5813
f 5912 5813 5913
f 5912 5811 5812
f 5811 5912 5911
f 6013 5912 5913
f 6012 5912 6013
f 5912 6011 5911
f 5912 6012 6011
f 6009 6010 6110
f 6109 6009 6110
f 6308 6209 6309
f 6209 6308 6208
f 6309 6209 6310
f 6209 6210 6310
f 6209 6208 6108
f 6109 6209 6108
f 6209 6110 6210
f 6209 6109 6110
f 5810 5911 5910
f 5810 5811 5911
f 5707 5708 5807
f 5708 5808 5807
f 5708 5709 5809
f 5808 5708 5809
f 6816 6717 6817
f 6717 6816 6716
f 6818 6917 6817
f 6917 6818 6918
f 6818 6718 6719
f 6819 6818 6719
f 6717 6818 6817
f 6818 6717 6718
f 7211 7111 7212
f 7111 7112 7212
f 7111 7211 7210
f 7110 7111 7210
f 7112 7111 7012
f 7111 7011 7012
f 7113 7214 7213
f 7214 7113 7114
f 7212 7113 7213
f 7112 7113 7212
f 7113 7013 7014
f 7114 7113 7014
f 7113 7112 7012
f 7013 7113 7012
f 6812 6711 6712
f 6711 6812 6811
f 7018 6917 6918
f 6917 7018 7017
f 7119 7120 7220
f 7219 7119 7220
f 6818 6919 6918
f 6919 6818 6819
f 6919 7018 6918
f 7018 6919 7019
f 6313 6412 6312
f 6412 6313 6413
f 6213 6313 6212
f 6212 6313 6312
f 6313 6213 6214
f 6314 6313 6214
f 6313 6314 6414
f 6313 6414 6413
f 6513 6612 6512
f 6612 6513 6613
f 6513 6412 6413
f 6412 6513 6512
f 6414 6513 6413
f 6514 6513 6414
f 6614 6715 6714
f 6715 6614 6615
f 6614 6513 6514
f 6513 6614 6613
f 6614 6713 6613
f 6713 6614 6714
f 6614 6515 6615
f 6614 6514 6515
f 6318 6317 6218
f 6317 6217 6218
f 6217 6317 6216
f 6317 6316 6216
f 6707 6606 6607
f 6606 6707 6706
f 6509 6609 6508
f 6508 6609 6608
f 6838 6737 6738
f 6737 6838 6837
f 6433 6334 6434
f 6334 6433 6333
f 6434 6334 6435
f 6334 6335 6435
f 6235 6234 6134
f 6235 6134 6135
f 6334 6235 6335
f 6235 6334 6234
f 7035 6934 6935
f 6934 7035 7034
f 8037 7937 7938
f 8037 7938 8038
f 7937 8037 7936
f 8037 8036 7936
f 7436 7536 7435
f 7536 7535 7435
f 7536 7636 7635
f 7535 7536 7635
f 6930 7031 7030
f 7031 6930 6931
f 7234 7335 7334
f 7234 7235 7335
f 6031 5930 5931
f 5930 6031 6030
f 6031 6132 6131
f 6132 6031 6032
f 6031 5932 6032
f 6031 5931 5932
f 5428 5527 5427
f 5528 5527 5428
f 5627 5527 5628
f 5527 5528 5628
f 5227 5326 5226
f 5227 5327 5326
f 5227 5126 5127
f 5126 5227 5226
f 5327 5227 5328
f 5227 5228 5328
f 5227 5127 5128
f 5228 5227 5128
f 5823 5724 5824
f 5724 5823 5723
f 5825 5724 5725
f 5724 5825 5824
f 5623 5724 5723
f 5624 5724 5623
f 5724 5625 5725
f 5724 5624 5625
f 5629 5730 5729
f 5730 5629 5630
f 5729 5730 5829
f 5829 5730 5830
f 5731 5730 5631
f 5631 5730 5630
f 5730 5731 5831
f 5730 5831 5830
f 5430 5329 5330
f 5430 5429 5329
f 4219 4320 4319
f 4320 4219 4220
f 4221 4121 4122
f 4222 4221 4122
f 4221 4322 4321
f 4221 4222 4322
f 4121 4221 4120
f 4221 4220 4120
f 4221 4320 4220
f 4320 4221 4321
f 9105 9005 9006
f 9106 9105 9006
f 9402 9503 9502
f 9503 9402 9403
f 9503 9602 9502
f 9503 9603 9602
f 9602 9703 9702
f 9603 9703 9602
f 9803 9802 9702
f 9703 9803 9702
f 9804 9803 9704
f 9803 9703 9704
f 9710 9811 9810
f 9710 9711 9811
f 9710 9810 9809
f 9709 9710 9809
f 9710 9709 9609
f 9610 9710 9609
f 9410 9511 9510
f 9511 9410 9411
f 9406 9505 9405
f 9505 9406 9506
f 9507 9406 9407
f 9406 9507 9506
f 9305 9406 9405
f 9306 9406 9305
f 9707 9806 9706
f 9806 9707 9807
f 9808 9707 9708
f 9707 9808 9807
f 9514 9615 9614
f 9615 9514 9515
f 9514 9613 9513
f 9514 9614 9613
f 9414 9514 9413
f 9413 9514 9513
f 8813 8914 8913
f 8914 8813 8814
f 9315 9214 9215
f 9214 9315 9314
f 9214 9313 9213
f 9313 9214 9314
f 9214 9115 9215
f 9214 9114 9115
f 9311 9312 9411
f 9411 9312 9412
f 9312 9313 9413
f 9312 9413 9412
f 9514 9415 9515
f 9415 9514 9414
f 9415 9414 9314
f 9315 9415 9314
f 657 556 557
f 556 657 656
f 1061 1162 1161
f 1162 1061 1062
f 759 858 758
f 858 759 859
f 858 859 959
f 958 858 959
f 857 858 957
f 858 958 957
f 757 858 857
f 858 757 758
f 757 857 856
f 756 757 856
f 757 658 758
f 757 657 658
f 656 757 756
f 657 757 656
f 654 655 755
f 654 755 754
f 653 654 753
f 753 654 754
f 654 553 554
f 654 653 553
f 255 256 356
f 255 356 355
f 255 155 156
f 256 255 156
f 852 953 952
f 953 852 853
f 852 752 753
f 852 753 853
f 643 544 644
f 544 643 543
f 744 643 644
f 643 744 743
f 643 542 543
f 643 642 542
f 742 643 743
f 642 643 742
f 948 847 848
f 948 947 847
f 1148 1049 1149
f 1049 1148 1048
f 948 1047 947
f 1047 948 1048
f 1148 1047 1048
f 1047 1148 1147
f 947 1047 946
f 1047 1046 946
f 1045 1144 1044
f 1144 1045 1145
f 1045 1044 944
f 945 1045 944
f 1045 945 946
f 1046 1045 946
f 844 943 843
f 943 844 944
f 945 844 845
f 844 945 944
f 844 843 743
f 744 844 743
f 844 745 845
f 844 744 745
f 438 339 439
f 339 438 338
f 239 339 238
f 238 339 338
f 5302 5301 5201
f 5202 5302 5201
f 5302 5401 5301
f 5401 5302 5402
f 5302 5202 5203
f 5303 5302 5203
f 5204 5303 5203
f 5303 5204 5304
f 4504 4405 4505
f 4405 4504 4404
f 4504 4403 4404
f 4403 4504 4503
f 4403 4402 4302
f 4303 4403 4302
f 4304 4403 4303
f 4403 4304 4404
f 4403 4502 4402
f 4403 4503 4502
f 4501 4602 4601
f 4502 4602 4501
f 5403 5302 5303
f 5302 5403 5402
f 5403 5303 5304
f 5403 5304 5404
f 5503 5403 5504
f 5403 5404 5504
f 5403 5502 5402
f 5403 5503 5502
f 5701 5602 5702
f 5602 5701 5601
f 5602 5601 5501
f 5502 5602 5501
f 4807 4708 4808
f 4807 4707 4708
f 4906 4807 4907
f 4807 4906 4806
f 4905 4906 5005
f 5005 4906 5006
f 4906 5007 5006
f 4906 4907 5007
f 4807 4908 4907
f 4908 4807 4808
f 5405 5505 5404
f 5404 5505 5504
f 5506 5505 5406
f 5505 5405 5406
f 4711 4611 4712
f 4611 4612 4712
f 4617 4716 4616
f 4716 4617 4717
f 4614 4713 4613
f 4713 4614 4714
f 4714 4614 4715
f 4614 4615 4715
f 4515 4416 4516
f 4416 4515 4415
f 4614 4515 4615
f 4515 4614 4514
f 4415 4515 4414
f 4515 4514 4414
f 4615 4515 4616
f 4515 4516 4616
f 4812 4813 4912
f 4813 4913 4912
f 4813 4812 4712
f 4713 4813 4712
f 4813 4714 4814
f 4813 4713 4714
f 5612 5511 5512
f 5511 5612 5611
f 5110 5010 5011
f 5111 5110 5011
f 5110 5111 5211
f 5210 5110 5211
f 4419 4519 4418
f 4418 4519 4518
f 5016 4917 5017
f 4917 5016 4916
f 5018 4917 4918
f 4917 5018 5017
f 4917 4818 4918
f 4917 4817 4818
f 4817 4917 4816
f 4816 4917 4916
f 4718 4817 4717
f 4817 4718 4818
f 4617 4718 4717
f 4718 4617 4618
f 4718 4819 4818
f 4819 4718 4719
f 5219 5218 5118
f 5119 5219 5118
f 5318 5419 5418
f 5419 5318 5319
f 5318 5219 5319
f 5219 5318 5218
f 5218 5318 5217
f 5217 5318 5317
f 4914 4813 4814
f 4813 4914 4913
f 5013 4914 5014
f 4913 4914 5013
f 4815 4914 4814
f 4915 4914 4815
f 4914 4915 5015
f 4914 5015 5014
f 5212 5313 5312
f 5313 5212 5213
f 5524 5424 5525
f 5525 5424 5425
f 5424 5524 5523
f 5423 5424 5523
f 5422 5521 5421
f 5422 5522 5521
f 5522 5422 5523
f 5422 5423 5523
f 4921 4822 4922
f 4822 4921 4821
f 4923 4822 4823
f 4822 4923 4922
f 5124 5023 5024
f 5023 5124 5123
f 5024 5023 4924
f 5023 4923 4924
f 4021 4020 3921
f 4020 3920 3921
f 4121 4020 4021
f 4020 4121 4120
f 3520 3619 3519
f 3619 3520 3620
f 3516 3615 3515
f 3615 3516 3616
f 3516 3617 3616
f 3516 3517 3617
f 3908 3909 4008
f 3909 4009 4008
f 3909 3908 3808
f 3809 3909 3808
f 3617 3716 3616
f 3717 3716 3617
f 3916 4017 4016
f 4017 3916 3917
f 4113 4213 4212
f 4112 4113 4212
f 4012 4113 4112
f 4113 4012 4013
f 4513 4614 4613
f 4614 4513 4514
f 4514 4513 4414
f 4513 4413 4414
f 4407 4306 4307
f 4306 4407 4406
f 4708 4609 4709
f 4609 4708 4608
f 2104 2204 2203
f 2103 2104 2203
f 2104 2103 2003
f 2004 2104 2003
f 2104 2004 2005
f 2105 2104 2005
f 2205 2104 2105
f 2104 2205 2204
f 2205 2105 2106
f 2205 2106 2206
f 2205 2304 2204
f 2205 2305 2304
f 2207 2106 2107
f 2106 2207 2206
f 2307 2207 2308
f 2207 2208 2308
f 2108 2207 2107
f 2208 2207 2108
f 1818 1918 1817
f 1918 1917 1817
f 2015 2114 2014
f 2114 2015 2115
f 1812 1813 1913
f 1812 1913 1912
f 1910 1809 1810
f 1809 1910 1909
f 1909 1910 2009
f 1910 2010 2009
f 2011 2112 2111
f 2112 2011 2012
f 2110 2011 2111
f 2011 2110 2010
f 1910 2011 2010
f 2011 1910 1911
f 2012 2011 1912
f 2011 1911 1912
f 3009 2908 2909
f 2908 3009 3008
f 3007 2908 3008
f 2908 3007 2907
f 2305 2404 2304
f 2404 2305 2405
f 2303 2404 2403
f 2304 2404 2303
f 2404 2503 2403
f 2404 2504 2503
f 2404 2505 2504
f 2505 2404 2405
f 2406 2505 2405
f 2505 2406 2506
f 2605 2505 2606
f 2505 2506 2606
f 2504 2505 2604
f 2505 2605 2604
f 3207 3206 3106
f 3207 3106 3107
f 3210 3111 3211
f 3111 3210 3110
f 3510 3611 3610
f 3611 3510 3511
f 3609 3710 3709
f 3710 3609 3610
f 3609 3510 3610
f 3510 3609 3509
f 2906 2806 2907
f 2907 2806 2807
f 2507 2407 2408
f 2508 2507 2408
f 2406 2507 2506
f 2507 2406 2407
f 2507 2508 2608
f 2607 2507 2608
f 2506 2507 2606
f 2507 2607 2606
f 3703 3702 3603
f 3702 3602 3603
f 3601 3702 3701
f 3702 3601 3602
f 3702 3703 3803
f 3802 3702 3803
f 3702 3801 3701
f 3702 3802 3801
f 4002 3902 4003
f 3902 3903 4003
f 3901 3902 4001
f 3902 4002 4001
f 3903 3902 3803
f 3902 3802 3803
f 3801 3902 3901
f 3802 3902 3801
f 1708 1807 1707
f 1807 1708 1808
f 1908 1807 1808
f 1807 1908 1907
f 1807 1706 1707
f 1706 1807 1806
f 1906 1807 1907
f 1806 1807 1906
f 1506 1405 1406
f 1405 1506 1505
f 1506 1407 1507
f 1407 1506 1406
f 1117 1118 1218
f 1117 1218 1217
f 1119 1018 1019
f 1118 1018 1119
f 1117 1018 1118
f 1018 1117 1017
f 1115 1215 1114
f 1114 1215 1214
f 1215 1314 1214
f 1314 1215 1315
f 1215 1216 1316
f 1215 1316 1315
f 1114 1213 1113
f 1213 1114 1214
f 1112 1213 1212
f 1213 1112 1113
f 1314 1213 1214
f 1313 1213 1314
f 1415 1316 1416
f 1316 1415 1315
f 1415 1516 1515
f 1516 1415 1416
f 1415 1314 1315
f 1415 1414 1314
f 1514 1415 1515
f 1414 1415 1514
f 1613 1714 1713
f 1714 1613 1614
f 1512 1613 1612
f 1513 1613 1512
f 1613 1514 1614
f 1613 1513 1514
f 1307 1207 1308
f 1207 1208 1308
f 1306 1207 1307
f 1207 1306 1206
f 1208 1207 1108
f 1207 1107 1108
f 1107 1207 1106
f 1207 1206 1106
f 1105 1206 1205
f 1206 1105 1106
f 1105 1006 1106
f 1105 1005 1006
f 1412 1513 1512
f 1513 1412 1413
f 1203 1303 1202
f 1303 1302 1202
f 1302 1303 1402
f 1402 1303 1403
f 1304 1303 1204
f 1303 1203 1204
f 1303 1304 1404
f 1303 1404 1403
f 1016 915 916
f 915 1016 1015
f 1016 917 1017
f 917 1016 916
f 915 816 916
f 816 915 815
f 816 917 916
f 917 816 817
f 816 815 715
f 716 816 715
f 816 716 717
f 816 717 817
f 1012 911 912
f 911 1012 1011
f 910 911 1010
f 911 1011 1010
f 912 911 812
f 911 811 812
f 911 810 811
f 810 911 910
f 809 810 909
f 810 910 909
f 810 809 709
f 710 810 709
f 810 710 711
f 811 810 711
f 1419 1520 1519
f 1419 1420 1520
f 1923 2024 2023
f 2024 1923 1924
f 1522 1621 1521
f 1522 1622 1621
f 1421 1522 1521
f 1522 1421 1422
f 1622 1522 1623
f 1522 1523 1623
f 1423 1522 1422
f 1523 1522 1423
f 2020 1920 2021
f 1920 1921 2021
f 2122 2023 2123
f 2122 2022 2023
f 2122 2121 2021
f 2022 2122 2021
f 1626 1726 1725
f 1625 1626 1725
f 1828 1727 1728
f 1727 1828 1827
f 1727 1628 1728
f 1628 1727 1627
f 1626 1727 1726
f 1727 1626 1627
f 1826 1727 1827
f 1726 1727 1826
f 311 210 211
f 210 311 310
f 212 311 211
f 312 311 212
f 217 316 216
f 316 217 317
f 317 217 318
f 217 218 318
f 421 420 321
f 420 320 321
f 420 421 521
f 520 420 521
f 420 319 320
f 420 419 319
f 420 520 519
f 419 420 519
f 718 818 717
f 717 818 817
f 621 620 520
f 621 520 521
f 522 621 521
f 621 522 622
f 621 622 722
f 721 621 722
f 720 621 721
f 621 720 620
f 619 720 719
f 620 720 619
f 720 721 821
f 820 720 821
f 613 513 614
f 513 514 614
f 611 712 711
f 712 611 612
f 712 811 711
f 811 712 812
f 713 712 613
f 613 712 612
f 128 227 127
f 228 227 128
f 227 126 127
f 126 227 226
f 227 327 326
f 226 227 326
f 531 430 431
f 430 531 530
f 129 229 128
f 229 228 128
f 331 232 332
f 232 331 231
f 331 432 431
f 432 331 332
f 430 331 431
f 331 430 330
f 126 125 26
f 125 25 26
f 24 125 124
f 25 125 24
f 324 325 425
f 424 324 425
f 324 223 224
f 223 324 323
f 624 625 724
f 625 725 724
f 525 625 524
f 625 624 524
f 423 324 424
f 324 423 323
f 423 422 322
f 423 322 323
f 322 222 323
f 222 223 323
f 924 1023 923
f 1023 924 1024
f 1124 1023 1024
f 1123 1023 1124
f 634 733 633
f 733 634 734
f 529 630 629
f 630 529 530
f 631 630 531
f 531 630 530
f 813 712 713
f 712 813 812
f 813 714 814
f 813 713 714
f 813 912 812
f 813 913 912
f 813 914 913
f 914 813 814
f 914 1014 1013
f 913 914 1013
f 1014 914 1015
f 914 915 1015
f 815 914 814
f 915 914 815
f 206 306 205
f 306 305 205
f 405 306 406
f 305 306 405
f 207 306 206
f 307 306 207
f 508 509 608
f 509 609 608
f 407 306 307
f 306 407 406
f 407 506 406
f 407 507 506
f 407 307 308
f 408 407 308
f 407 508 507
f 407 408 508
f 203 204 303
f 204 304 303
f 305 204 205
f 204 305 304
f 204 105 205
f 204 104 105
f 204 103 104
f 103 204 203
f 2 103 102
f 3 103 2
f 103 202 102
f 103 203 202
f 103 3 4
f 104 103 4
f 505 504 405
f 504 404 405
f 902 1001 901
f 1001 902 1002
f 806 707 807
f 707 806 706
f 907 806 807
f 906 806 907
f 806 905 805
f 806 906 905
f 4498 4599 4598
f 4599 4498 4499
f 4499 4498 4399
f 4498 4398 4399
f 4498 4397 4398
f 4498 4497 4397
f 4498 4597 4497
f 4597 4498 4598
f 4798 4698 4699
f 4799 4798 4699
f 4296 4297 4396
f 4297 4397 4396
f 2998 2997 2897
f 2898 2998 2897
f 2997 2998 3097
f 2998 3098 3097
f 3598 3499 3599
f 3499 3598 3498
f 3699 3598 3599
f 3698 3598 3699
f 3087 3088 3188
f 3187 3087 3188
f 3087 3187 3186
f 3086 3087 3186
f 3088 3087 2988
f 3087 2987 2988
f 2987 3087 2986
f 3087 3086 2986
f 3293 3192 3193
f 3192 3293 3292
f 2990 3091 3090
f 3091 2990 2991
f 3090 3091 3190
f 3091 3191 3190
f 583 684 683
f 684 583 584
f 684 585 685
f 684 584 585
f 684 783 683
f 684 784 783
f 1084 1185 1184
f 1185 1084 1085
f 1084 985 1085
f 985 1084 984
f 1083 1084 1183
f 1084 1184 1183
f 984 1084 983
f 1084 1083 983
f 1282 1381 1281
f 1381 1282 1382
f 1182 1282 1181
f 1181 1282 1281
f 1770 1769 1669
f 1770 1669 1670
f 1773 1772 1673
f 1673 1772 1672
f 1174 1274 1173
f 1274 1273 1173
f 1175 1274 1174
f 1275 1274 1175
f 1377 1478 1477
f 1478 1377 1378
f 1478 1577 1477
f 1577 1478 1578
f 1478 1579 1578
f 1478 1479 1579
f 1780 1781 1881
f 1880 1780 1881
f 2281 2180 2181
f 2180 2281 2280
f 2179 2180 2279
f 2279 2180 2280
f 2393 2494 2493
f 2494 2393 2394
f 2494 2593 2493
f 2593 2494 2594
f 2395 2494 2394
f 2494 2395 2495
f 2496 2497 2597
f 2596 2496 2597
f 2395 2496 2495
f 2496 2395 2396
f 2496 2595 2495
f 2595 2496 2596
f 2595 2694 2594
f 2694 2595 2695
f 2695 2595 2696
f 2595 2596 2696
f 2595 2494 2495
f 2494 2595 2594
f 2397 2496 2396
f 2496 2397 2497
f 2397 2298 2398
f 2298 2397 2297
f 2497 2397 2498
f 2397 2398 2498
f 2198 2199 2299
f 2298 2198 2299
f 2391 2292 2392
f 2291 2292 2391
f 2698 2599 2699
f 2698 2598 2599
f 2598 2698 2597
f 2698 2697 2597
f 2590 2691 2690
f 2691 2590 2591
f 2590 2491 2591
f 2491 2590 2490
f 2689 2590 2690
f 2589 2590 2689
f 2490 2590 2489
f 2590 2589 2489
f 2588 2687 2587
f 2687 2588 2688
f 2588 2487 2488
f 2487 2588 2587
f 2588 2488 2489
f 2589 2588 2489
f 2588 2689 2688
f 2588 2589 2689
f 2993 2892 2893
f 2892 2993 2992
f 3096 3095 2996
f 3095 2995 2996
f 3196 3095 3096
f 3095 3196 3195
f 3095 3094 2994
f 3095 2994 2995
f 3194 3095 3195
f 3094 3095 3194
f 2896 2895 2796
f 2895 2795 2796
f 2895 2896 2996
f 2995 2895 2996
f 2795 2895 2794
f 2895 2894 2794
f 2894 2895 2994
f 2994 2895 2995
f 2793 2894 2893
f 2894 2793 2794
f 2794 2793 2694
f 2793 2693 2694
f 3688 3589 3689
f 3589 3688 3588
f 3489 3589 3488
f 3589 3588 3488
f 3490 3589 3489
f 3589 3490 3590
f 3789 3688 3689
f 3688 3789 3788
f 3888 3789 3889
f 3789 3888 3788
f 1892 1991 1891
f 1892 1992 1991
f 1893 1892 1793
f 1892 1792 1793
f 1791 1892 1891
f 1792 1892 1791
f 2091 1992 2092
f 1992 2091 1991
f 1991 2091 1990
f 2091 2090 1990
f 2287 2288 2387
f 2387 2288 2388
f 2089 1989 1990
f 2090 2089 1990
f 2089 1988 1989
f 1988 2089 2088
f 2089 2090 2190
f 2189 2089 2190
f 1483 1583 1482
f 1583 1582 1482
f 1583 1682 1582
f 1583 1683 1682
f 1890 1789 1790
f 1889 1789 1890
f 1789 1689 1690
f 1789 1690 1790
f 1596 1595 1495
f 1496 1596 1495
f 1799 1798 1699
f 1798 1698 1699
f 1898 1798 1899
f 1798 1799 1899
f 1798 1797 1697
f 1698 1798 1697
f 3074 2975 3075
f 2975 3074 2974
f 3273 3372 3272
f 3372 3273 3373
f 3176 3175 3076
f 3175 3075 3076
f 3074 3175 3174
f 3175 3074 3075
f 2673 2773 2672
f 2672 2773 2772
f 2771 2671 2772
f 2671 2672 2772
f 2764 2663 2664
f 2663 2764 2763
f 2764 2863 2763
f 2764 2864 2863
f 2075 2076 2176
f 2175 2075 2176
f 2174 2073 2074
f 2073 2174 2173
f 2274 2174 2275
f 2174 2175 2275
f 2075 2174 2074
f 2174 2075 2175
f 2273 2174 2274
f 2174 2273 2173
f 1872 1972 1871
f 1871 1972 1971
f 2976 2876 2877
f 2977 2976 2877
f 3077 2976 2977
f 2976 3077 3076
f 3075 2976 3076
f 2975 2976 3075
f 2875 2976 2975
f 2976 2875 2876
f 2776 2875 2775
f 2876 2875 2776
f 2875 2975 2974
f 2874 2875 2974
f 2777 2678 2778
f 2678 2777 2677
f 2286 2186 2187
f 2287 2286 2187
f 2586 2486 2587
f 2486 2487 2587
f 1988 1987 1888
f 1987 1887 1888
f 1987 1988 2088
f 2087 1987 2088
f 2182 2183 2282
f 2183 2283 2282
f 2286 2185 2186
f 2185 2286 2285
f 2581 2480 2481
f 2480 2581 2580
f 2480 2381 2481
f 2480 2380 2381
f 2283 2383 2282
f 2383 2382 2282
f 2585 2686 2685
f 2585 2586 2686
f 2585 2486 2586
f 2486 2585 2485
f 2684 2585 2685
f 2585 2684 2584
f 2785 2684 2685
f 2684 2785 2784
f 2783 2684 2784
f 2683 2684 2783
f 2684 2683 2583
f 2584 2684 2583
f 2985 2886 2986
f 2985 2885 2886
f 2985 2884 2885
f 2985 2984 2884
f 2882 2881 2781
f 2882 2781 2782
f 2883 2882 2783
f 2783 2882 2782
f 2882 2883 2983
f 2982 2882 2983
f 2981 2882 2982
f 2882 2981 2881
f 2981 3080 2980
f 3080 2981 3081
f 2881 2981 2880
f 2880 2981 2980
f 2981 3082 3081
f 2981 2982 3082
f 3382 3481 3381
f 3481 3382 3482
f 3381 3481 3380
f 3481 3480 3380
f 3481 3580 3480
f 3580 3481 3581
f 3479 3580 3579
f 3480 3580 3479
f 3681 3580 3581
f 3580 3681 3680
f 4081 4180 4080
f 4180 4081 4181
f 3681 3780 3680
f 3780 3681 3781
f 3881 3780 3781
f 3780 3881 3880
f 3980 4081 4080
f 4081 3980 3981
f 3881 3980 3880
f 3980 3881 3981
f 3083 2982 2983
f 2982 3083 3082
f 3182 3181 3081
f 3082 3182 3081
f 3181 3182 3281
f 3281 3182 3282
f 3083 3182 3082
f 3182 3083 3183
f 3385 3284 3285
f 3284 3385 3384
f 3487 3388 3488
f 3388 3487 3387
f 3582 3481 3482
f 3481 3582 3581
f 3382 3483 3482
f 3483 3382 3383
f 3483 3582 3482
f 3582 3483 3583
f 3785 3684 3685
f 3684 3785 3784
f 3785 3686 3786
f 3686 3785 3685
f 4271 4370 4270
f 4370 4271 4371
f 4471 4370 4371
f 4470 4370 4471
f 4265 4164 4165
f 4164 4265 4264
f 4266 4265 4166
f 4166 4265 4165
f 4769 4770 4870
f 4769 4870 4869
f 4868 4769 4869
f 4768 4769 4868
f 4769 4768 4668
f 4669 4769 4668
f 4670 4769 4669
f 4769 4670 4770
f 4670 4571 4671
f 4571 4670 4570
f 4670 4671 4771
f 4770 4670 4771
f 4670 4669 4569
f 4670 4569 4570
f 4172 4271 4171
f 4271 4172 4272
f 4782 4783 4883
f 4882 4782 4883
f 4387 4486 4386
f 4487 4486 4387
f 4486 4487 4587
f 4586 4486 4587
f 4879 4980 4979
f 4880 4980 4879
f 4980 5080 5079
f 4980 5079 4979
f 5080 4980 5081
f 4980 4981 5081
f 4881 4782 4882
f 4782 4881 4781
f 4980 4881 4981
f 4881 4980 4880
f 4780 4881 4880
f 4881 4780 4781
f 4981 4881 4982
f 4881 4882 4982
f 4755 4754 4654
f 4655 4755 4654
f 4854 4755 4855
f 4754 4755 4854
f 4755 4856 4855
f 4755 4756 4856
f 4755 4656 4756
f 4656 4755 4655
f 4557 4656 4556
f 4656 4557 4657
f 4656 4555 4556
f 4656 4655 4555
f 4656 4657 4757
f 4756 4656 4757
f 4559 4660 4659
f 4560 4660 4559
f 4660 4560 4561
f 4661 4660 4561
f 5260 5261 5361
f 5360 5260 5361
f 9051 9152 9151
f 9152 9051 9052
f 9152 9251 9151
f 9152 9252 9251
f 9351 9352 9451
f 9451 9352 9452
f 9352 9453 9452
f 9453 9352 9353
f 9352 9351 9251
f 9252 9352 9251
f 7073 7172 7072
f 7172 7073 7173
f 6972 7073 7072
f 7073 6972 6973
f 6572 6473 6573
f 6473 6572 6472
f 7271 7172 7272
f 7172 7271 7171
f 7271 7372 7371
f 7271 7272 7372
f 7271 7170 7171
f 7271 7270 7170
f 7370 7271 7371
f 7270 7271 7370
f 7266 7167 7267
f 7167 7266 7166
f 7266 7165 7166
f 7165 7266 7265
f 8164 8163 8063
f 8164 8063 8064
f 8065 8164 8064
f 8165 8164 8065
f 8069 8168 8068
f 8069 8169 8168
f 8167 8066 8067
f 8066 8167 8166
f 8066 8165 8065
f 8165 8066 8166
f 8066 8065 7965
f 7966 8066 7965
f 5249 5350 5349
f 5350 5249 5250
f 5151 5251 5150
f 5251 5250 5150
f 5251 5151 5152
f 5252 5251 5152
f 5251 5350 5250
f 5350 5251 5351
f 5251 5252 5352
f 5351 5251 5352
f 5048 5149 5148
f 5149 5048 5049
f 5149 5050 5150
f 5149 5049 5050
f 5149 5248 5148
f 5248 5149 5249
f 5250 5149 5150
f 5249 5149 5250
f 4949 4849 4950
f 4849 4850 4950
f 4948 4849 4949
f 4848 4849 4948
f 4846 4847 4946
f 4847 4947 4946
f 4746 4847 4846
f 4747 4847 4746
f 4847 4848 4948
f 4947 4847 4948
f 4847 4747 4748
f 4848 4847 4748
f 5245 5146 5246
f 5146 5245 5145
f 5347 5446 5346
f 5446 5347 5447
f 5446 5447 5547
f 5546 5446 5547
f 6243 6144 6244
f 6144 6243 6143
f 6245 6344 6244
f 6345 6344 6245
f 7142 7241 7141
f 7241 7142 7242
f 7241 7341 7340
f 7241 7340 7240
f 7339 7239 7340
f 7340 7239 7240
f 7238 7239 7338
f 7239 7339 7338
f 6943 7042 6942
f 7042 6943 7043
f 6941 7042 7041
f 7042 6941 6942
f 7143 7042 7043
f 7142 7042 7143
f 7042 7142 7141
f 7042 7141 7041
f 6743 6843 6742
f 6742 6843 6842
f 6843 6943 6942
f 6843 6942 6842
f 5746 5745 5646
f 5646 5745 5645
f 6142 6043 6143
f 6142 6042 6043
f 6247 6146 6147
f 6146 6247 6246
f 6146 6245 6145
f 6146 6246 6245
f 6045 6146 6145
f 6046 6146 6045
f 5334 5435 5434
f 5335 5435 5334
f 5733 5832 5732
f 5733 5833 5832
f 5934 6033 5933
f 5934 6034 6033
f 5833 5934 5933
f 5834 5934 5833
f 5835 5934 5834
f 5934 5835 5935
f 7556 7457 7557
f 7457 7556 7456
f 7555 7556 7655
f 7655 7556 7656
f 7556 7455 7456
f 7556 7555 7455
f 7654 7755 7754
f 7755 7654 7655
f 7855 7755 7856
f 7755 7756 7856
f 7755 7655 7656
f 7756 7755 7656
f 7358 7357 7257
f 7258 7358 7257
f 7358 7259 7359
f 7358 7258 7259
f 7458 7358 7359
f 7459 7458 7359
f 7458 7457 7357
f 7358 7458 7357
f 7556 7657 7656
f 7657 7556 7557
f 7756 7657 7757
f 7657 7756 7656
f 7859 7758 7759
f 7758 7859 7858
f 7657 7758 7757
f 7758 7657 7658
f 7857 7758 7858
f 7757 7758 7857
f 7759 7758 7659
f 7758 7658 7659
f 8049 8050 8150
f 8049 8150 8149
f 8049 7949 7950
f 8050 8049 7950
f 8039 8040 8139
f 8040 8140 8139
f 8040 8039 7939
f 7940 8040 7939
f 7740 7739 7639
f 7640 7740 7639
f 7743 7843 7742
f 7843 7842 7742
f 7843 7944 7943
f 7944 7843 7844
f 7942 7843 7943
f 7843 7942 7842
f 8043 7942 7943
f 7942 8043 8042
f 7944 8043 7943
f 8043 7944 8044
f 7755 7854 7754
f 7854 7755 7855
f 7854 7853 7753
f 7854 7753 7754
f 8953 8954 9054
f 9053 8953 9054
f 8952 8953 9052
f 8953 9053 9052
f 8851 8952 8951
f 8952 8851 8852
f 8456 8557 8556
f 8557 8456 8457
f 8161 8262 8261
f 8262 8161 8162
f 8162 8161 8062
f 8161 8061 8062
f 8049 7948 7949
f 7948 8049 8048
f 7949 7948 7849
f 7948 7848 7849
f 7648 7748 7647
f 7748 7747 7647
f 7744 7843 7743
f 7843 7744 7844
f 7344 7345 7445
f 7444 7344 7445
f 7345 7344 7245
f 7344 7244 7245
f 7845 7944 7844
f 7944 7845 7945
f 7948 7847 7848
f 7847 7948 7947
f 7748 7847 7747
f 7847 7748 7848
f 7847 7746 7747
f 7746 7847 7846
f 7544 7444 7445
f 7544 7445 7545
f 6764 6865 6864
f 6865 6764 6765
f 6865 6766 6866
f 6766 6865 6765
f 6563 6664 6663
f 6664 6563 6564
f 6664 6565 6665
f 6565 6664 6564
f 6664 6763 6663
f 6664 6764 6763
f 6764 6664 6765
f 6765 6664 6665
f 7862 7961 7861
f 7961 7862 7962
f 7962 7862 7963
f 7963 7862 7863
f 7862 7763 7863
f 7862 7762 7763
f 7761 7660 7661
f 7660 7761 7760
f 7862 7761 7762
f 7761 7862 7861
f 7860 7761 7861
f 7761 7860 7760
f 7762 7761 7662
f 7761 7661 7662
f 7562 7663 7662
f 7663 7562 7563
f 7561 7562 7661
f 7661 7562 7662
f 7664 7564 7565
f 7664 7565 7665
f 7664 7765 7764
f 7765 7664 7665
f 7664 7563 7564
f 7664 7663 7563
f 7763 7664 7764
f 7663 7664 7763
f 7559 7460 7560
f 7459 7460 7559
f 7460 7561 7560
f 7561 7460 7461
f 7460 7459 7359
f 7360 7460 7359
f 7460 7361 7461
f 7460 7360 7361
f 7260 7159 7160
f 7159 7260 7259
f 7260 7160 7161
f 7261 7260 7161
f 7260 7360 7359
f 7259 7260 7359
f 7361 7260 7261
f 7360 7260 7361
f 7159 7158 7059
f 7158 7058 7059
f 7057 7158 7157
f 7058 7158 7057
f 7158 7159 7259
f 7258 7158 7259
f 7158 7257 7157
f 7158 7258 7257
f 6656 6657 6757
f 6656 6757 6756
f 7054 7055 7155
f 7154 7054 7155
f 7054 6955 7055
f 6955 7054 6954
f 6856 6955 6855
f 6955 6856 6956
f 7055 6955 7056
f 7056 6955 6956
f 6855 6955 6854
f 6955 6954 6854
f 7254 7155 7255
f 7254 7154 7155
f 7452 7551 7451
f 7551 7452 7552
f 7054 6953 6954
f 6953 7054 7053
f 6953 6853 6854
f 6954 6953 6854
f 6953 6852 6853
f 6953 6952 6852
f 6952 6953 7052
f 7052 6953 7053
f 7056 6957 7057
f 6957 7056 6956
f 6957 6958 7058
f 6957 7058 7057
f 6759 6858 6758
f 6858 6759 6859
f 6958 6858 6959
f 6858 6859 6959
f 7061 6961 7062
f 7062 6961 6962
f 7060 6961 7061
f 6960 6961 7060
f 5447 5548 5547
f 5448 5548 5447
f 5453 5354 5454
f 5354 5453 5353
f 5353 5453 5352
f 5453 5452 5352
f 6051 6152 6151
f 6152 6051 6052
f 6152 6053 6153
f 6053 6152 6052
f 5953 6053 5952
f 6053 6052 5952
f 6552 6653 6652
f 6653 6552 6553
f 6253 6352 6252
f 6352 6253 6353
f 6454 6453 6354
f 6453 6353 6354
f 6453 6554 6553
f 6453 6454 6554
f 6453 6352 6353
f 6352 6453 6452
f 6453 6552 6452
f 6552 6453 6553
f 5848 5749 5849
f 5848 5748 5749
f 4564 4663 4563
f 4663 4564 4664
f 4464 4564 4463
f 4564 4563 4463
f 5561 5560 5461
f 5560 5460 5461
f 5560 5661 5660
f 5560 5561 5661
f 5559 5560 5659
f 5659 5560 5660
f 5459 5560 5559
f 5560 5459 5460
f 5459 5360 5460
f 5360 5459 5359
f 5459 5358 5359
f 5358 5459 5458
f 5458 5459 5558
f 5459 5559 5558
f 5857 5858 5957
f 5957 5858 5958
f 5858 5857 5757
f 5758 5858 5757
f 5355 5256 5356
f 5256 5355 5255
f 5157 5256 5156
f 5256 5157 5257
f 5155 5256 5255
f 5156 5256 5155
f 5357 5256 5257
f 5256 5357 5356
f 5356 5357 5456
f 5456 5357 5457
f 5357 5458 5457
f 5357 5358 5458
f 5991 5890 5891
f 5890 5991 5990
f 5991 6091 6090
f 5991 6090 5990
f 4790 4889 4789
f 4889 4790 4890
f 4891 4790 4791
f 4890 4790 4891
f 4790 4691 4791
f 4790 4690 4691
f 4489 4590 4589
f 4490 4590 4489
f 4591 4590 4491
f 4590 4490 4491
f 4691 4590 4591
f 4690 4590 4691
f 4887 4888 4987
f 4888 4988 4987
f 4988 4888 4989
f 4888 4889 4989
f 4790 4689 4690
f 4689 4790 4789
f 4689 4590 4690
f 4590 4689 4589
f 4689 4588 4589
f 4689 4688 4588
f 4786 4887 4886
f 4786 4787 4887
f 5292 5391 5291
f 5391 5292 5392
f 5097 5096 4997
f 5096 4996 4997
f 4991 4990 4890
f 4991 4890 4891
f 5898 5997 5897
f 5997 5898 5998
f 5898 5899 5999
f 5898 5999 5998
f 5796 5797 5897
f 5796 5897 5896
f 5497 5596 5496
f 5596 5497 5597
f 5697 5596 5597
f 5596 5697 5696
f 5697 5598 5698
f 5598 5697 5597
f 5697 5796 5696
f 5796 5697 5797
f 5997 5996 5897
f 5897 5996 5896
f 5789 5690 5790
f 5690 5789 5689
f 5589 5690 5689
f 5690 5589 5590
f 5892 5991 5891
f 5991 5892 5992
f 5684 5683 5583
f 5584 5684 5583
f 5684 5585 5685
f 5684 5584 5585
f 5683 5684 5783
f 5684 5784 5783
f 5785 5684 5685
f 5784 5684 5785
f 5983 5882 5883
f 5882 5983 5982
f 5983 6082 5982
f 6082 5983 6083
f 5884 5983 5883
f 5984 5983 5884
f 6084 6185 6184
f 6185 6084 6085
f 6084 5983 5984
f 5983 6084 6083
f 6084 6183 6083
f 6183 6084 6184
f 6084 5984 5985
f 6085 6084 5985
f 5986 5887 5987
f 5887 5986 5886
f 5986 5885 5886
f 5885 5986 5985
f 5986 6085 5985
f 5986 6086 6085
f 6087 5986 5987
f 6086 5986 6087
f 5587 5487 5588
f 5487 5488 5588
f 5487 5388 5488
f 5388 5487 5387
f 5487 5587 5586
f 5486 5487 5586
f 5386 5487 5486
f 5487 5386 5387
f 5386 5287 5387
f 5287 5386 5286
f 5386 5486 5485
f 5385 5386 5485
f 5386 5385 5285
f 5386 5285 5286
f 6195 6095 6196
f 6095 6096 6196
f 5890 5989 5889
f 5989 5890 5990
f 5989 6090 6089
f 6090 5989 5990
f 5989 5888 5889
f 5989 5988 5888
f 5989 6089 6088
f 5988 5989 6088
f 7692 7591 7592
f 7591 7692 7691
f 8400 8299 8300
f 8299 8400 8399
f 8299 8200 8300
f 8299 8199 8200
f 8500 8600 8499
f 8600 8599 8499
f 8600 8700 8699
f 8599 8600 8699
f 7283 7182 7183
f 7182 7283 7282
f 7184 7283 7183
f 7283 7184 7284
f 6394 6393 6294
f 6393 6293 6294
f 7090 6989 6990
f 6989 7090 7089
f 6800 6699 6700
f 6699 6800 6799
f 9499 9398 9399
f 9498 9398 9499
f 9398 9498 9497
f 9397 9398 9497
f 8998 8899 8999
f 8899 8998 8898
f 9099 8998 8999
f 9098 8998 9099
f 8998 9097 8997
f 9097 8998 9098
f 7996 7897 7997
f 7897 7996 7896
f 7097 6998 7098
f 6998 7097 6997
f 7198 7097 7098
f 7097 7198 7197
f 7096 7097 7196
f 7097 7197 7196
f 6197 6298 6297
f 6298 6197 6198
f 6397 6298 6398
f 6297 6298 6397
f 6298 6299 6399
f 6298 6399 6398
f 6298 6199 6299
f 6199 6298 6198
f 6199 6098 6099
f 6098 6199 6198
f 6200 6199 6100
f 6199 6099 6100
f 6199 6200 6300
f 6299 6199 6300
f 6498 6397 6398
f 6498 6497 6397
f 6399 6498 6398
f 6499 6498 6399
f 6096 6097 6196
f 6097 6197 6196
f 6097 5996 5997
f 5996 6097 6096
f 6097 6098 6198
f 6197 6097 6198
f 6098 6097 5998
f 6097 5997 5998
f 6595 6495 6596
f 6495 6496 6596
f 6497 6396 6397
f 6396 6497 6496
f 6495 6396 6496
f 6396 6495 6395
f 6396 6296 6297
f 6396 6297 6397
f 6295 6396 6395
f 6296 6396 6295
f 7696 7797 7796
f 7797 7696 7697
f 6898 6899 6999
f 6998 6898 6999
f 6898 6998 6997
f 6897 6898 6997
f 6996 7097 7096
f 7097 6996 6997
f 6996 6897 6997
f 6897 6996 6896
f 6996 7096 7095
f 6995 6996 7095
f 6895 6996 6995
f 6996 6895 6896
f 6895 6994 6894
f 6994 6895 6995
f 6895 6796 6896
f 6796 6895 6795
f 6697 6796 6696
f 6796 6697 6797
f 6796 6897 6896
f 6897 6796 6797
f 6696 6796 6695
f 6796 6795 6695
f 6973 6874 6974
f 6874 6973 6873
f 6774 6874 6773
f 6874 6873 6773
f 6874 6875 6975
f 6874 6975 6974
f 6874 6774 6775
f 6875 6874 6775
f 6384 6383 6283
f 6284 6384 6283
f 6782 6683 6783
f 6683 6782 6682
f 6286 6185 6186
f 6185 6286 6285
f 6188 6187 6088
f 6187 6087 6088
f 6086 6187 6186
f 6187 6086 6087
f 6187 6286 6186
f 6286 6187 6287
f 6187 6288 6287
f 6288 6187 6188
f 6189 6288 6188
f 6289 6288 6189
f 6785 6686 6786
f 6686 6785 6685
f 5880 5979 5879
f 5980 5979 5880
f 5979 5878 5879
f 5979 5978 5878
f 6475 6574 6474
f 6574 6475 6575
f 6575 6475 6576
f 6475 6476 6576
f 6177 6276 6176
f 6277 6276 6177
f 6276 6277 6377
f 6376 6276 6377
f 6379 6480 6479
f 6379 6380 6480
f 6379 6478 6378
f 6478 6379 6479
f 6379 6280 6380
f 6379 6279 6280
f 6379 6378 6278
f 6279 6379 6278
f 6682 6781 6681
f 6782 6781 6682
f 7379 7479 7478
f 7379 7478 7378
f 6167 6266 6166
f 6267 6266 6167
f 5662 5561 5562
f 5561 5662 5661
f 5661 5662 5761
f 5662 5762 5761
f 6062 6161 6061
f 6062 6162 6161
f 6261 6160 6161
f 6261 6260 6160
f 6259 6159 6160
f 6260 6259 6160
f 6159 6259 6158
f 6259 6258 6158
f 6256 6355 6255
f 6355 6256 6356
f 6256 6255 6155
f 6156 6256 6155
f 6468 6367 6368
f 6367 6468 6467
f 6466 6567 6566
f 6567 6466 6467
f 6567 6468 6568
f 6468 6567 6467
f 5975 5974 5874
f 5875 5975 5874
f 6175 6076 6176
f 6076 6175 6075
f 5975 6074 5974
f 6074 5975 6075
f 6074 5973 5974
f 5973 6074 6073
f 6074 6175 6174
f 6175 6074 6075
f 6074 6173 6073
f 6074 6174 6173
f 5871 5972 5971
f 5972 5871 5872
f 5972 6071 5971
f 6071 5972 6072
f 5972 5872 5873
f 5973 5972 5873
f 6072 5972 6073
f 5972 5973 6073
f 5469 5470 5570
f 5569 5469 5570
f 5469 5370 5470
f 5370 5469 5369
f 5369 5469 5368
f 5469 5468 5368
f 5469 5568 5468
f 5568 5469 5569
f 5667 5568 5668
f 5568 5667 5567
f 5568 5669 5668
f 5568 5569 5669
f 5568 5567 5467
f 5468 5568 5467
f 3787 3688 3788
f 3688 3787 3687
f 3787 3686 3687
f 3686 3787 3786
f 3888 3787 3788
f 3887 3787 3888
f 4782 4683 4783
f 4683 4782 4682
f 4076 4077 4176
f 4077 4177 4176
f 3976 4077 4076
f 3977 4077 3976
f 4279 4378 4278
f 4378 4279 4379
f 4279 4280 4379
f 4379 4280 4380
f 4282 4383 4382
f 4383 4282 4283
f 5086 5186 5085
f 5186 5185 5085
f 5185 5186 5285
f 5285 5186 5286
f 5186 5287 5286
f 5186 5187 5287
f 5186 5087 5187
f 5087 5186 5086
f 5087 4988 5088
f 4988 5087 4987
f 5087 5086 4986
f 5087 4986 4987
f 5188 5087 5088
f 5187 5087 5188
f 5290 5190 5291
f 5190 5191 5291
f 5190 5290 5289
f 5189 5190 5289
f 5190 5089 5090
f 5190 5189 5089
f 5280 5179 5180
f 5280 5279 5179
f 5181 5280 5180
f 5281 5280 5181
f 5582 5483 5583
f 5482 5483 5582
f 5483 5484 5584
f 5483 5584 5583
f 2425 2524 2424
f 2524 2425 2525
f 2625 2524 2525
f 2624 2524 2625
f 1336 1436 1435
f 1335 1336 1435
f 1436 1336 1437
f 1336 1337 1437
f 1337 1336 1237
f 1336 1236 1237
f 1336 1235 1236
f 1235 1336 1335
f 1235 1334 1234
f 1235 1335 1334
f 1134 1235 1234
f 1135 1235 1134
f 1235 1135 1136
f 1236 1235 1136
f 1528 1628 1627
f 1527 1528 1627
f 1232 1231 1132
f 1231 1131 1132
f 1230 1231 1330
f 1231 1331 1330
f 2036 2137 2136
f 2036 2037 2137
f 1836 1937 1936
f 1937 1836 1837
f 2036 1937 2037
f 1937 2036 1936
f 2236 2335 2235
f 2335 2236 2336
f 1231 1332 1331
f 1332 1231 1232
f 1431 1332 1432
f 1331 1332 1431
f 1233 1332 1232
f 1333 1332 1233
f 1332 1433 1432
f 1332 1333 1433
f 1434 1333 1334
f 1333 1434 1433
f 1335 1434 1334
f 1434 1335 1435
f 1433 1434 1533
f 1434 1534 1533
f 1535 1434 1435
f 1534 1434 1535
f 333 433 332
f 433 432 332
f 433 334 434
f 334 433 333
f 432 433 532
f 433 533 532
f 534 433 434
f 533 433 534
f 637 538 638
f 637 537 538
f 236 136 137
f 237 236 137
f 336 236 337
f 236 237 337
f 136 236 135
f 236 235 135
f 236 336 335
f 235 236 335
f 838 739 839
f 739 838 738
f 639 739 638
f 739 738 638
f 2926 2927 3026
f 2927 3027 3026
f 3129 3230 3229
f 3230 3129 3130
f 3129 3229 3228
f 3128 3129 3228
f 3129 3128 3028
f 3029 3129 3028
f 2227 2327 2326
f 2226 2227 2326
f 2329 2230 2330
f 2230 2329 2229
f 2429 2329 2430
f 2430 2329 2330
f 4431 4330 4331
f 4330 4431 4430
f 4134 4133 4034
f 4133 4033 4034
f 4234 4133 4134
f 4133 4234 4233
f 3934 3933 3834
f 3933 3833 3834
f 3933 3934 4034
f 4033 3933 4034
f 3933 3932 3832
f 3833 3933 3832
f 4133 4032 4033
f 4032 4133 4132
f 3933 4032 3932
f 4032 3933 4033
f 4031 4032 4131
f 4032 4132 4131
f 4032 4031 3931
f 3932 4032 3931
f 4542 4641 4541
f 4641 4542 4642
f 4641 4540 4541
f 4641 4640 4540
f 4123 4223 4122
f 4223 4222 4122
f 4222 4223 4322
f 4223 4323 4322
f 4223 4123 4124
f 4224 4223 4124
f 4223 4324 4323
f 4223 4224 4324
f 4333 4334 4434
f 4433 4333 4434
f 4334 4333 4234
f 4234 4333 4233
f 4337 4237 4338
f 4338 4237 4238
f 4237 4138 4238
f 4138 4237 4137
f 4237 4236 4136
f 4137 4237 4136
f 4237 4336 4236
f 4336 4237 4337
f 4435 4336 4436
f 4336 4435 4335
f 4336 4335 4235
f 4236 4336 4235
f 4437 4336 4337
f 4336 4437 4436
f 4437 4536 4436
f 4437 4537 4536
f 4131 4230 4130
f 4231 4230 4131
f 4330 4230 4331
f 4230 4231 4331
f 4333 4232 4233
f 4232 4333 4332
f 4133 4232 4132
f 4232 4133 4233
f 4232 4231 4131
f 4132 4232 4131
f 4231 4232 4331
f 4232 4332 4331
f 4328 4427 4327
f 4427 4328 4428
f 4126 4227 4226
f 4227 4126 4127
f 4328 4227 4228
f 4227 4328 4327
f 4326 4227 4327
f 4226 4227 4326
f 4424 4423 4323
f 4324 4424 4323
f 4423 4424 4523
f 4523 4424 4524
f 4424 4425 4525
f 4424 4525 4524
f 4424 4325 4425
f 4325 4424 4324
f 4224 4325 4324
f 4325 4224 4225
f 4325 4226 4326
f 4226 4325 4225
f 4325 4326 4426
f 4425 4325 4426
f 4726 4827 4826
f 4726 4727 4827
f 4427 4527 4426
f 4527 4526 4426
f 4528 4527 4428
f 4527 4427 4428
f 4527 4628 4627
f 4527 4528 4628
f 3827 3726 3727
f 3726 3827 3826
f 3825 3726 3826
f 3725 3726 3825
f 3328 3428 3327
f 3428 3427 3327
f 3428 3328 3329
f 3429 3428 3329
f 3240 3141 3241
f 3141 3240 3140
f 3341 3340 3241
f 3340 3240 3241
f 2638 2737 2637
f 2737 2638 2738
f 4252 4351 4251
f 4351 4252 4352
f 4452 4351 4352
f 4351 4452 4451
f 4251 4351 4250
f 4351 4350 4250
f 4549 4450 4550
f 4450 4549 4449
f 4351 4450 4350
f 4450 4351 4451
f 4349 4450 4449
f 4450 4349 4350
f 4349 4249 4250
f 4350 4349 4250
f 3953 4052 3952
f 4053 4052 3953
f 4052 4153 4152
f 4153 4052 4053
f 3951 3850 3851
f 3850 3951 3950
f 3850 3751 3851
f 3751 3850 3750
f 3850 3749 3750
f 3850 3849 3749
f 4553 4453 4554
f 4453 4454 4554
f 4552 4453 4553
f 4453 4552 4452
f 3247 3148 3248
f 3148 3247 3147
f 2945 3046 3045
f 3046 2945 2946
f 3046 3146 3145
f 3045 3046 3145
f 3445 3544 3444
f 3544 3445 3545
f 3642 3541 3542
f 3541 3642 3641
f 2737 2836 2736
f 2836 2737 2837
f 2736 2836 2735
f 2836 2835 2735
f 3135 3034 3035
f 3135 3134 3034
f 3134 3135 3234
f 3135 3235 3234
f 3230 3131 3231
f 3131 3230 3130
f 3129 3030 3130
f 3030 3129 3029
f 3030 3131 3130
f 3131 3030 3031
f 3830 3930 3929
f 3829 3830 3929
f 3930 3830 3931
f 3830 3831 3931
f 3830 3829 3729
f 3730 3830 3729
f 3831 3830 3731
f 3830 3730 3731
f 3632 3733 3732
f 3733 3632 3633
f 3632 3532 3533
f 3633 3632 3533
f 3828 3829 3929
f 3928 3828 3929
f 3927 3828 3928
f 3828 3927 3827
f 3828 3728 3729
f 3829 3828 3729
f 3828 3827 3727
f 3728 3828 3727
f 3426 3325 3326
f 3426 3425 3325
f 3426 3326 3327
f 3427 3426 3327
f 3426 3427 3527
f 3526 3426 3527
f 3334 3335 3435
f 3434 3334 3435
f 3334 3235 3335
f 3235 3334 3234
f 3334 3434 3433
f 3333 3334 3433
f 3334 3233 3234
f 3334 3333 3233
f 3836 3935 3835
f 3836 3936 3935
f 3635 3535 3536
f 3636 3635 3536
f 4037 3938 4038
f 3938 4037 3937
f 4138 4037 4038
f 4037 4138 4137
f 4037 4036 3936
f 4037 3936 3937
f 4037 4137 4136
f 4036 4037 4136
f 4972 4872 4873
f 4973 4972 4873
f 4972 4973 5073
f 4972 5073 5072
f 4972 4871 4872
f 4972 4971 4871
f 4972 5072 5071
f 4971 4972 5071
f 4276 4175 4176
f 4276 4275 4175
f 4275 4276 4375
f 4276 4376 4375
f 5576 5475 5476
f 5475 5576 5575
f 5574 5475 5575
f 5475 5574 5474
f 5475 5375 5376
f 5475 5376 5476
f 5375 5475 5374
f 5374 5475 5474
f 5378 5278 5279
f 5378 5279 5379
f 5478 5378 5479
f 5479 5378 5379
f 5775 5776 5876
f 5875 5775 5876
f 5774 5775 5874
f 5775 5875 5874
f 5374 5473 5373
f 5473 5374 5474
f 5574 5473 5474
f 5573 5473 5574
f 5671 5572 5672
f 5572 5671 5571
f 5572 5673 5672
f 5572 5573 5673
f 3658 3759 3758
f 3759 3658 3659
f 3658 3757 3657
f 3658 3758 3757
f 3658 3559 3659
f 3658 3558 3559
f 3557 3658 3657
f 3658 3557 3558
f 3857 3758 3858
f 3758 3857 3757
f 3857 3856 3756
f 3757 3857 3756
f 3862 3763 3863
f 3763 3862 3762
f 3763 3762 3662
f 3663 3763 3662
f 3869 3970 3969
f 3970 3869 3870
f 3970 4069 3969
f 3970 4070 4069
f 2960 2961 3061
f 3060 2960 3061
f 2961 2960 2861
f 2861 2960 2860
f 2960 3060 3059
f 2959 2960 3059
f 2960 2959 2859
f 2960 2859 2860
f 2759 2859 2858
f 2758 2759 2858
f 3359 3460 3459
f 3460 3359 3360
f 3655 3754 3654
f 3655 3755 3754
f 3755 3655 3756
f 3655 3656 3756
f 2461 2561 2560
f 2460 2461 2560
f 2561 2461 2562
f 2562 2461 2462
f 2461 2460 2360
f 2361 2461 2360
f 2461 2362 2462
f 2461 2361 2362
f 2261 2160 2161
f 2160 2261 2260
f 2362 2261 2262
f 2361 2261 2362
f 2261 2361 2360
f 2261 2360 2260
f 2152 2051 2052
f 2051 2152 2151
f 2152 2053 2153
f 2053 2152 2052
f 2151 2152 2251
f 2152 2252 2251
f 2152 2153 2253
f 2252 2152 2253
f 1852 1953 1952
f 1953 1852 1853
f 1952 1953 2052
f 1953 2053 2052
f 2053 1953 2054
f 1953 1954 2054
f 1753 1854 1853
f 1854 1753 1754
f 1953 1854 1954
f 1854 1953 1853
f 1550 1651 1650
f 1651 1550 1551
f 1651 1551 1552
f 1652 1651 1552
f 1753 1654 1754
f 1654 1753 1653
f 1553 1654 1653
f 1554 1654 1553
f 1655 1654 1555
f 1654 1554 1555
f 1755 1854 1754
f 1854 1755 1855
f 1755 1654 1655
f 1654 1755 1754
f 1755 1655 1656
f 1756 1755 1656
f 2557 2458 2558
f 2458 2557 2457
f 2357 2458 2457
f 2358 2458 2357
f 2360 2359 2260
f 2359 2259 2260
f 2359 2358 2258
f 2259 2359 2258
f 2446 2445 2345
f 2346 2446 2345
f 2948 2849 2949
f 2849 2948 2848
f 3050 2951 3051
f 2951 3050 2950
f 2951 3052 3051
f 3052 2951 2952
f 2951 2852 2952
f 2951 2851 2852
f 2547 2448 2548
f 2448 2547 2447
f 2244 2245 2344
f 2344 2245 2345
f 2245 2244 2144
f 2145 2245 2144
f 1356 1255 1256
f 1255 1356 1355
f 2162 2263 2262
f 2263 2162 2163
f 2162 2261 2161
f 2261 2162 2262
f 1862 1962 1861
f 1861 1962 1961
f 1962 1862 1863
f 1963 1962 1863
f 2158 2159 2258
f 2159 2259 2258
f 2159 2160 2260
f 2259 2159 2260
f 1955 1854 1855
f 1854 1955 1954
f 1954 1955 2054
f 1955 2055 2054
f 2155 2154 2054
f 2055 2155 2054
f 2254 2155 2255
f 2155 2254 2154
f 2255 2155 2256
f 2155 2156 2256
f 1955 2056 2055
f 2056 1955 1956
f 2155 2056 2156
f 2056 2155 2055
f 2057 2056 1957
f 2056 1956 1957
f 2056 2057 2157
f 2156 2056 2157
f 1861 1960 1860
f 1960 1861 1961
f 1960 1859 1860
f 1859 1960 1959
f 1859 1760 1860
f 1760 1859 1759
f 1759 1859 1758
f 1859 1858 1758
f 1858 1859 1958
f 1859 1959 1958
f 2264 2265 2365
f 2364 2264 2365
f 2263 2264 2363
f 2264 2364 2363
f 2264 2164 2165
f 2265 2264 2165
f 2264 2263 2163
f 2164 2264 2163
f 2468 2567 2467
f 2567 2468 2568
f 2468 2569 2568
f 2468 2469 2569
f 2170 2271 2270
f 2271 2170 2171
f 2066 1965 1966
f 1965 2066 2065
f 1574 1573 1474
f 1573 1473 1474
f 1473 1573 1472
f 1573 1572 1472
f 1573 1673 1672
f 1572 1573 1672
f 1170 1169 1069
f 1070 1170 1069
f 1169 1170 1269
f 1170 1270 1269
f 1568 1468 1569
f 1468 1469 1569
f 1369 1468 1368
f 1468 1369 1469
f 1468 1567 1467
f 1567 1468 1568
f 1266 1367 1366
f 1367 1266 1267
f 1367 1468 1467
f 1468 1367 1368
f 1367 1268 1368
f 1268 1367 1267
f 1366 1367 1466
f 1367 1467 1466
f 1666 1667 1766
f 1667 1767 1766
f 1768 1667 1668
f 1767 1667 1768
f 1667 1666 1566
f 1567 1667 1566
f 1667 1568 1668
f 1667 1567 1568
f 4758 4858 4757
f 4858 4857 4757
f 4858 4758 4759
f 4858 4759 4859
f 4959 4858 4859
f 4958 4858 4959
f 4957 4858 4958
f 4858 4957 4857
f 4956 4957 5056
f 4957 5057 5056
f 4856 4957 4956
f 4857 4957 4856
f 4957 4958 5058
f 5057 4957 5058
f 3571 3471 3572
f 3471 3472 3572
f 3372 3471 3371
f 3471 3372 3472
f 3371 3471 3370
f 3471 3470 3370
f 3471 3570 3470
f 3570 3471 3571
f 3669 3570 3670
f 3570 3669 3569
f 3570 3671 3670
f 3570 3571 3671
f 3469 3570 3569
f 3470 3570 3469
f 3771 3772 3871
f 3772 3872 3871
f 3772 3771 3671
f 3772 3671 3672
f 3676 3577 3677
f 3577 3676 3576
f 3879 3780 3880
f 3780 3879 3779
f 3980 3879 3880
f 3879 3980 3979
f 3879 3878 3778
f 3879 3778 3779
f 3477 3376 3377
f 3477 3476 3376
f 3477 3377 3378
f 3478 3477 3378
f 3477 3577 3576
f 3476 3477 3576
f 3578 3477 3478
f 3577 3477 3578
f 3679 3780 3779
f 3780 3679 3680
f 3679 3580 3680
f 3580 3679 3579
f 3778 3679 3779
f 3678 3679 3778
f 3679 3578 3579
f 3679 3678 3578
f 3467 3466 3366
f 3367 3467 3366
f 3467 3368 3468
f 3368 3467 3367
f 3467 3566 3466
f 3467 3567 3566
f 3568 3467 3468
f 3567 3467 3568
f 3163 3162 3062
f 3063 3163 3062
f 3262 3163 3263
f 3163 3262 3162
f 3163 3063 3064
f 3164 3163 3064
f 3263 3163 3264
f 3163 3164 3264
f 195 296 295
f 296 195 196
f 995 896 996
f 896 995 895
f 896 997 996
f 997 896 897
f 795 896 895
f 796 896 795
f 896 797 897
f 896 796 797
f 596 595 495
f 496 596 495
f 485 586 585
f 586 485 486
f 484 485 584
f 584 485 585
f 384 283 284
f 384 383 283
f 383 384 483
f 384 484 483
f 986 887 987
f 887 986 886
f 986 1087 1086
f 1087 986 987
f 986 1086 1085
f 985 986 1085
f 1193 1293 1292
f 1193 1292 1192
f 893 994 993
f 994 893 894
f 994 894 895
f 995 994 895
f 1095 994 995
f 1094 994 1095
f 1196 1195 1096
f 1195 1095 1096
f 1195 1196 1296
f 1295 1195 1296
f 1497 1597 1496
f 1597 1596 1496
f 176 77 177
f 77 176 76
f 76 176 75
f 176 175 75
f 273 172 173
f 172 273 272
f 273 373 372
f 273 372 272
f 772 773 872
f 872 773 873
f 773 672 673
f 773 772 672
f 773 774 874
f 773 874 873
f 674 773 673
f 774 773 674
f 972 973 1072
f 973 1073 1072
f 973 972 872
f 973 872 873
f 1073 973 1074
f 973 974 1074
f 874 973 873
f 974 973 874
f 171 271 170
f 271 270 170
f 172 271 171
f 271 172 272
f 271 370 270
f 271 371 370
f 371 271 372
f 372 271 272
f 466 365 366
f 365 466 465
f 579 480 580
f 480 579 479
f 480 481 581
f 580 480 581
f 481 480 381
f 480 380 381
f 379 480 479
f 380 480 379
f 975 874 875
f 975 974 874
f 1074 975 1075
f 974 975 1074
f 976 975 876
f 876 975 875
f 975 1076 1075
f 975 976 1076
f 1079 978 979
f 978 1079 1078
f 1478 1379 1479
f 1379 1478 1378
f 1479 1379 1480
f 1379 1380 1480
f 1380 1379 1280
f 1379 1279 1280
f 978 1077 977
f 1077 978 1078
f 1077 976 977
f 976 1077 1076
f 1178 1077 1078
f 1077 1178 1177
f 1077 1176 1076
f 1077 1177 1176
f 493 393 494
f 393 394 494
f 991 1091 990
f 1091 1090 990
f 1091 1190 1090
f 1091 1191 1190
f 589 489 590
f 590 489 490
f 188 289 288
f 289 188 189
f 289 189 190
f 290 289 190
f 692 791 691
f 692 792 791
f 894 793 794
f 893 793 894
f 793 694 794
f 694 793 693
f 793 893 892
f 792 793 892
f 692 793 792
f 793 692 693
f 492 393 493
f 393 492 392
f 492 391 392
f 391 492 491
f 966 867 967
f 867 966 866
f 1066 966 1067
f 966 967 1067
f 1068 968 1069
f 968 969 1069
f 867 968 967
f 968 867 868
f 1067 968 1068
f 967 968 1067
f 1064 1165 1164
f 1165 1064 1065
f 1063 1064 1163
f 1064 1164 1163
f 1062 963 1063
f 962 963 1062
f 963 1064 1063
f 1064 963 964
f 766 865 765
f 865 766 866
f 565 665 564
f 665 664 564
f 665 766 765
f 766 665 666
f 764 665 765
f 665 764 664
f 764 663 664
f 764 763 663
f 865 764 765
f 764 865 864
f 669 668 569
f 668 568 569
f 770 671 771
f 671 770 670
f 262 361 261
f 361 262 362
f 461 361 462
f 361 362 462
f 2035 1935 1936
f 2036 2035 1936
f 2135 2035 2136
f 2035 2036 2136
f 1833 1734 1834
f 1833 1733 1734
f 1733 1833 1732
f 1833 1832 1732
f 1832 1931 1831
f 1931 1832 1932
f 2031 1931 2032
f 1931 1932 2032
f 2231 2230 2130
f 2131 2231 2130
f 2733 2833 2832
f 2733 2832 2732
f 2733 2732 2632
f 2633 2733 2632
f 854 753 754
f 753 854 853
f 855 854 755
f 755 854 754
f 1156 1257 1256
f 1257 1156 1157
f 1257 1356 1256
f 1356 1257 1357
f 1357 1257 1358
f 1257 1258 1358
f 1158 1257 1157
f 1257 1158 1258
f 1353 1452 1352
f 1353 1453 1452
f 1353 1352 1252
f 1253 1353 1252
f 1453 1353 1454
f 1353 1354 1454
f 1354 1353 1254
f 1353 1253 1254
f 1154 1255 1254
f 1255 1154 1155
f 1154 1055 1155
f 1055 1154 1054
f 1153 1154 1253
f 1253 1154 1254
f 1154 1153 1053
f 1154 1053 1054
f 1037 1137 1036
f 1137 1136 1036
f 1137 1236 1136
f 1236 1137 1237
f 1237 1137 1238
f 1137 1138 1238
f 1137 1038 1138
f 1038 1137 1037
f 939 1038 938
f 1038 939 1039
f 1038 937 938
f 1038 1037 937
f 1138 1038 1139
f 1139 1038 1039
f 2142 2143 2243
f 2142 2243 2242
f 3041 2941 3042
f 2941 2942 3042
f 2941 3041 3040
f 2940 2941 3040
f 2640 2741 2740
f 2741 2640 2641
f 2436 2535 2435
f 2535 2436 2536
f 2436 2335 2336
f 2335 2436 2435
f 1748 1847 1747
f 1847 1748 1848
f 1846 1847 1946
f 1847 1947 1946
f 1947 1847 1948
f 1948 1847 1848
f 1449 1349 1350
f 1450 1449 1350
f 1549 1449 1550
f 1449 1450 1550
f 1047 1146 1046
f 1146 1047 1147
f 1146 1045 1046
f 1045 1146 1145
f 1146 1245 1145
f 1245 1146 1246
f 1745 1845 1844
f 1744 1745 1844
f 1442 1341 1342
f 1441 1341 1442
f 1242 1341 1241
f 1341 1242 1342
f 1341 1441 1440
f 1340 1341 1440
f 1341 1240 1241
f 1341 1340 1240
f 9841 9940 9840
f 9940 9841 9941
f 9741 9841 9740
f 9841 9840 9740
f 8845 8744 8745
f 8744 8845 8844
f 8745 8744 8645
f 8645 8744 8644
f 8744 8643 8644
f 8643 8744 8743
f 8541 8442 8542
f 8442 8541 8441
f 8440 8541 8540
f 8541 8440 8441
f 8937 8836 8837
f 8836 8937 8936
f 9837 9736 9737
f 9736 9837 9836
f 9936 9837 9937
f 9837 9936 9836
f 9937 9837 9938
f 9837 9838 9938
f 9835 9735 9836
f 9735 9736 9836
f 9640 9541 9641
f 9541 9640 9540
f 9440 9541 9540
f 9441 9541 9440
f 9444 9545 9544
f 9545 9444 9445
f 9331 9232 9332
f 9232 9331 9231
f 9230 9129 9130
f 9129 9230 9229
f 9131 9230 9130
f 9230 9131 9231
f 9230 9330 9329
f 9229 9230 9329
f 9331 9230 9231
f 9330 9230 9331
f 8831 8931 8830
f 8931 8930 8830
f 8931 9031 9030
f 8931 9030 8930
f 7834 7833 7733
f 7834 7733 7734
f 8134 8234 8233
f 8134 8233 8133
f 8330 8231 8331
f 8231 8330 8230
f 8330 8331 8431
f 8430 8330 8431
f 8033 8132 8032
f 8132 8033 8133
f 7116 7217 7216
f 7217 7116 7117
f 7115 7116 7215
f 7116 7216 7215
f 7616 7717 7716
f 7717 7616 7617
f 7512 7612 7511
f 7612 7611 7511
f 7612 7711 7611
f 7711 7612 7712
f 7612 7512 7513
f 7613 7612 7513
f 7916 7816 7817
f 7917 7916 7817
f 8116 8015 8016
f 8015 8116 8115
f 8014 8015 8114
f 8015 8115 8114
f 7726 7626 7727
f 7626 7627 7727
f 7725 7626 7726
f 7626 7725 7625
f 7526 7626 7525
f 7525 7626 7625
f 7527 7626 7526
f 7626 7527 7627
f 7527 7426 7427
f 7527 7526 7426
f 7428 7527 7427
f 7527 7428 7528
f 7629 7530 7630
f 7629 7529 7530
f 7931 7830 7831
f 7830 7931 7930
f 7831 7830 7731
f 7830 7730 7731
f 8325 8224 8225
f 8325 8324 8224
f 9421 9520 9420
f 9520 9421 9521
f 9420 9520 9419
f 9520 9519 9419
f 9518 9619 9618
f 9518 9519 9619
f 9518 9418 9419
f 9519 9518 9419
f 9615 9714 9614
f 9714 9615 9715
f 9815 9714 9715
f 9714 9815 9814
f 9614 9714 9613
f 9714 9713 9613
f 9813 9714 9814
f 9713 9714 9813
f 8619 8620 8719
f 8719 8620 8720
f 9421 9422 9521
f 9422 9522 9521
f 9422 9421 9321
f 9322 9422 9321
f 9422 9323 9423
f 9422 9322 9323
f 9018 9117 9017
f 9018 9118 9117
f 9118 9018 9119
f 9018 9019 9119
f 8715 8816 8815
f 8816 8715 8716
f 8816 8716 8717
f 8817 8816 8717
f 8917 9018 9017
f 9018 8917 8918
f 8917 8817 8818
f 8918 8917 8818
f 9129 9228 9128
f 9228 9129 9229
f 9228 9127 9128
f 9228 9227 9127
f 8629 8729 8628
f 8729 8728 8628
f 8727 8726 8626
f 8727 8626 8627
f 8727 8627 8628
f 8728 8727 8628
f 9028 8928 9029
f 8928 8929 9029
f 8928 9028 9027
f 8927 8928 9027
f 9625 9525 9526
f 9626 9625 9526
f 9622 9723 9722
f 9723 9622 9623
f 9723 9822 9722
f 9723 9823 9822
f 9422 9523 9522
f 9523 9422 9423
f 9523 9622 9522
f 9622 9523 9623
f 8328 8427 8327
f 8427 8328 8428
f 8528 8427 8428
f 8527 8427 8528
f 8622 8723 8722
f 8723 8622 8623
f 8522 8523 8623
f 8622 8522 8623
f 8919 9018 8918
f 9018 8919 9019
f 9020 8919 8920
f 9019 8919 9020
f 8819 8919 8818
f 8919 8918 8818
f 8919 8820 8920
f 8919 8819 8820
f 8320 8219 8220
f 8320 8319 8219
f 8320 8419 8319
f 8419 8320 8420
f 9930 9829 9830
f 9829 9930 9929
f 9928 9829 9929
f 9828 9829 9928
f 9432 9531 9431
f 9531 9432 9532
f 9431 9531 9430
f 9531 9530 9430
f 8964 8864 8865
f 8965 8964 8865
f 8964 8965 9065
f 9064 8964 9065
f 9164 9263 9163
f 9263 9164 9264
f 9164 9265 9264
f 9265 9164 9165
f 9164 9163 9063
f 9064 9164 9063
f 9165 9164 9065
f 9164 9064 9065
f 9465 9566 9565
f 9566 9465 9466
f 8361 8461 8360
f 8461 8460 8360
f 8461 8361 8362
f 8462 8461 8362
f 8561 8461 8562
f 8461 8462 8562
f 8560 8461 8561
f 8461 8560 8460
f 8659 8560 8660
f 8560 8659 8559
f 8460 8560 8459
f 8459 8560 8559
f 8560 8561 8661
f 8560 8661 8660
f 8551 8650 8550
f 8551 8651 8650
f 8254 8353 8253
f 8353 8254 8354
f 8453 8353 8454
f 8454 8353 8354
f 8558 8458 8459
f 8558 8459 8559
f 8558 8659 8658
f 8659 8558 8559
f 8458 8558 8457
f 8558 8557 8457
f 8657 8558 8658
f 8557 8558 8657
f 9654 9554 9555
f 9654 9555 9655
f 9755 9654 9655
f 9654 9755 9754
f 9554 9654 9553
f 9654 9653 9553
f 9654 9754 9753
f 9653 9654 9753
f 9556 9656 9655
f 9555 9556 9655
f 9455 9556 9555
f 9556 9455 9456
f 9556 9456 9457
f 9557 9556 9457
f 9758 9657 9658
f 9657 9758 9757
f 9756 9657 9757
f 9656 9657 9756
f 9657 9556 9557
f 9556 9657 9656
f 8956 9055 8955
f 9055 8956 9056
f 9055 8954 8955
f 8954 9055 9054
f 9055 9155 9154
f 9055 9154 9054
f 9159 9160 9260
f 9259 9159 9260
f 9160 9159 9060
f 9159 9059 9060
f 8857 8957 8856
f 8957 8956 8856
f 8956 8957 9056
f 9056 8957 9057
f 8957 8857 8858
f 8958 8957 8858
f 8957 8958 9058
f 8957 9058 9057
f 9858 9959 9958
f 9858 9859 9959
f 9858 9957 9857
f 9957 9858 9958
f 9858 9857 9757
f 9758 9858 9757
f 8949 8848 8849
f 8848 8949 8948
f 8948 8949 9048
f 8949 9049 9048
f 8949 8950 9050
f 9049 8949 9050
f 8341 8440 8340
f 8440 8341 8441
f 8240 8239 8139
f 8140 8240 8139
f 8339 8240 8340
f 8239 8240 8339
f 8240 8140 8141
f 8241 8240 8141
f 8240 8341 8340
f 8341 8240 8241
f 8548 8549 8649
f 8648 8548 8649
f 8643 8544 8644
f 8544 8643 8543
f 8442 8443 8542
f 8443 8543 8542
f 8443 8344 8444
f 8344 8443 8343
f 8544 8443 8444
f 8443 8544 8543
f 8047 7948 8048
f 7948 8047 7947
f 7944 8045 8044
f 8045 7944 7945
f 8348 8247 8248
f 8247 8348 8347
f 9347 9248 9348
f 9248 9347 9247
f 9447 9347 9448
f 9347 9348 9448
f 9446 9347 9447
f 9347 9446 9346
f 9446 9545 9445
f 9545 9446 9546
f 9546 9446 9547
f 9446 9447 9547
f 9346 9446 9345
f 9345 9446 9445
f 9347 9246 9247
f 9246 9347 9346
f 9246 9147 9247
f 9246 9146 9147
f 9549 9548 9448
f 9449 9549 9448
f 9549 9449 9450
f 9549 9450 9550
f 9549 9649 9648
f 9548 9549 9648
f 9649 9549 9650
f 9650 9549 9550
f 9742 9741 9641
f 9742 9641 9642
f 9743 9742 9643
f 9643 9742 9642
f 9847 9747 9848
f 9747 9748 9848
f 9750 9651 9751
f 9650 9651 9750
f 9551 9651 9550
f 9651 9650 9550
f 9595 9594 9495
f 9594 9494 9495
f 9496 9596 9495
f 9596 9595 9495
f 9984 9983 9883
f 9884 9984 9883
f 9977 9876 9877
f 9876 9977 9976
f 9879 9779 9880
f 9779 9780 9880
f 9382 9483 9482
f 9483 9382 9383
f 9381 9482 9481
f 9381 9382 9482
f 9680 9779 9679
f 9779 9680 9780
f 7571 7672 7671
f 7572 7672 7571
f 7672 7771 7671
f 7672 7772 7771
f 7872 7972 7971
f 7871 7872 7971
f 7872 7871 7771
f 7772 7872 7771
f 7775 7774 7675
f 7774 7674 7675
f 7774 7775 7875
f 7874 7774 7875
f 8075 8176 8175
f 8176 8075 8076
f 8175 8176 8275
f 8176 8276 8275
f 8371 8272 8372
f 8272 8371 8271
f 8072 8171 8071
f 8171 8072 8172
f 8171 8272 8271
f 8272 8171 8172
f 8375 8274 8275
f 8274 8375 8374
f 8875 8974 8874
f 8974 8875 8975
f 8972 8873 8973
f 8873 8972 8872
f 8971 8972 9071
f 8972 9072 9071
f 8972 8871 8872
f 8871 8972 8971
f 9676 9775 9675
f 9676 9776 9775
f 9575 9676 9675
f 9676 9575 9576
f 9177 9276 9176
f 9276 9177 9277
f 9176 9276 9175
f 9276 9275 9175
f 9375 9276 9376
f 9276 9375 9275
f 9173 9272 9172
f 9272 9173 9273
f 9674 9574 9675
f 9574 9575 9675
f 9373 9272 9273
f 9272 9373 9372
f 9171 9170 9071
f 9170 9070 9071
f 9170 9171 9271
f 9270 9170 9271
f 9871 9972 9971
f 9871 9872 9972
f 9861 9962 9961
f 9862 9962 9861
f 9963 9962 9863
f 9962 9862 9863
f 9762 9763 9863
f 9862 9762 9863
f 9963 9864 9964
f 9864 9963 9863
f 9864 9965 9964
f 9965 9864 9865
f 9767 9866 9766
f 9866 9767 9867
f 9866 9967 9966
f 9967 9866 9867
f 9866 9965 9865
f 9965 9866 9966
f 9766 9866 9765
f 9866 9865 9765
f 9759 9858 9758
f 9858 9759 9859
f 9759 9658 9659
f 9759 9758 9658
f 9859 9759 9860
f 9759 9760 9860
f 9759 9660 9760
f 9660 9759 9659
f 9559 9660 9659
f 9660 9559 9560
f 9263 9362 9262
f 9362 9263 9363
f 9362 9261 9262
f 9261 9362 9361
f 9266 9165 9166
f 9266 9265 9165
f 9167 9266 9166
f 9267 9266 9167
f 8965 8866 8966
f 8866 8965 8865
f 5233 5334 5333
f 5233 5234 5334
f 5030 4930 5031
f 4930 4931 5031
f 4146 4047 4147
f 4047 4146 4046
f 3938 3838 3939
f 3838 3839 3939
f 4141 4240 4140
f 4240 4141 4241
f 4240 4241 4341
f 4340 4240 4341
f 4752 4652 4753
f 4652 4653 4753
f 4652 4553 4653
f 4652 4552 4553
f 4445 4546 4545
f 4446 4546 4445
f 4546 4645 4545
f 4546 4646 4645
f 4646 4546 4647
f 4546 4547 4647
f 3842 3843 3942
f 3843 3943 3942
f 4939 4938 4838
f 4839 4939 4838
f 4938 4939 5038
f 4939 5039 5038
f 5242 5243 5342
f 5243 5343 5342
f 7828 7827 7727
f 7728 7828 7727
f 7827 7828 7927
f 7828 7928 7927
f 7929 7830 7930
f 7830 7929 7829
f 7828 7929 7928
f 7929 7828 7829
f 7929 8030 8029
f 8030 7929 7930
f 8028 7929 8029
f 7928 7929 8028
f 6947 7048 7047
f 6947 6948 7048
f 6846 6947 6946
f 6947 6846 6847
f 6947 7046 6946
f 7046 6947 7047
f 7147 7046 7047
f 7146 7046 7147
f 6947 6848 6948
f 6848 6947 6847
f 6846 6747 6847
f 6747 6846 6746
f 6747 6848 6847
f 6848 6747 6748
f 6747 6648 6748
f 6648 6747 6647
f 6648 6547 6548
f 6547 6648 6647
f 6648 6548 6549
f 6649 6648 6549
f 6648 6649 6749
f 6748 6648 6749
f 8539 8538 8439
f 8538 8438 8439
f 7440 7541 7540
f 7541 7440 7441
f 7541 7640 7540
f 7541 7641 7640
f 7541 7642 7641
f 7642 7541 7542
f 7642 7743 7742
f 7642 7643 7743
f 7642 7542 7543
f 7643 7642 7543
f 7539 7538 7439
f 7538 7438 7439
f 7538 7539 7639
f 7638 7538 7639
f 3721 3622 3722
f 3622 3721 3621
f 3721 3720 3620
f 3621 3721 3620
f 3721 3722 3822
f 3821 3721 3822
f 3820 3721 3821
f 3721 3820 3720
f 3820 3919 3819
f 3919 3820 3920
f 3820 3821 3921
f 3920 3820 3921
f 3521 3622 3621
f 3622 3521 3522
f 3521 3621 3620
f 3520 3521 3620
f 3521 3520 3420
f 3421 3521 3420
f 3422 3521 3421
f 3521 3422 3522
f 3423 3422 3323
f 3323 3422 3322
f 3422 3321 3322
f 3422 3421 3321
f 3426 3525 3425
f 3525 3426 3526
f 3425 3524 3424
f 3525 3524 3425
f 3624 3524 3625
f 3524 3525 3625
f 3318 3217 3218
f 3317 3217 3318
f 3415 3516 3515
f 3516 3415 3416
f 3415 3314 3315
f 3314 3415 3414
f 3314 3215 3315
f 3215 3314 3214
f 3421 3320 3321
f 3320 3421 3420
f 3316 3415 3315
f 3415 3316 3416
f 3215 3316 3315
f 3316 3215 3216
f 3316 3217 3317
f 3217 3316 3216
f 3418 3419 3519
f 3418 3519 3518
f 4203 4104 4204
f 4103 4104 4203
f 4104 4105 4205
f 4104 4205 4204
f 4006 4107 4106
f 4107 4006 4007
f 4007 4006 3907
f 4006 3906 3907
f 4304 4305 4404
f 4305 4405 4404
f 4305 4304 4204
f 4205 4305 4204
f 4405 4305 4406
f 4305 4306 4406
f 4305 4205 4206
f 4306 4305 4206
f 3023 2922 2923
f 2922 3023 3022
f 3021 3121 3120
f 3021 3120 3020
f 3021 2922 3022
f 2922 3021 2921
f 3019 3118 3018
f 3118 3019 3119
f 3120 3019 3020
f 3119 3019 3120
f 3019 2918 2919
f 2918 3019 3018
f 3021 2920 2921
f 2920 3021 3020
f 2920 3019 2919
f 3019 2920 3020
f 2821 2920 2820
f 2920 2821 2921
f 2518 2417 2418
f 2417 2518 2517
f 2417 2317 2318
f 2417 2318 2418
f 2220 2320 2219
f 2320 2319 2219
f 3122 3021 3022
f 3021 3122 3121
f 3122 3222 3221
f 3121 3122 3221
f 3222 3122 3223
f 3122 3123 3223
f 3123 3122 3023
f 3023 3122 3022
f 3415 3514 3414
f 3514 3415 3515
f 3615 3514 3515
f 3514 3615 3614
f 3613 3514 3614
f 3514 3613 3513
f 3514 3413 3414
f 3514 3513 3413
f 3512 3611 3511
f 3611 3512 3612
f 3513 3512 3413
f 3512 3412 3413
f 3613 3512 3513
f 3512 3613 3612
f 6106 6205 6105
f 6205 6106 6206
f 6106 6207 6206
f 6106 6107 6207
f 6402 6501 6401
f 6501 6402 6502
f 6501 6602 6601
f 6602 6501 6502
f 7419 7518 7418
f 7518 7419 7519
f 7319 7419 7318
f 7419 7418 7318
f 7822 7923 7922
f 7923 7822 7823
f 7522 7623 7622
f 7623 7522 7523
f 7524 7623 7523
f 7624 7623 7524
f 7623 7724 7723
f 7623 7624 7724
f 7522 7423 7523
f 7423 7522 7422
f 7124 7223 7123
f 7223 7124 7224
f 7223 7122 7123
f 7223 7222 7122
f 7322 7422 7421
f 7322 7421 7321
f 7222 7322 7221
f 7221 7322 7321
f 6622 6723 6722
f 6723 6622 6623
f 6723 6824 6823
f 6723 6724 6824
f 6624 6723 6623
f 6724 6723 6624
f 6822 6723 6823
f 6723 6822 6722
f 6923 6822 6823
f 6822 6923 6922
f 6822 6721 6722
f 6822 6821 6721
f 6822 6922 6921
f 6821 6822 6921
f 6829 6729 6830
f 6729 6730 6830
f 6730 6629 6630
f 6729 6629 6730
f 6525 6626 6625
f 6626 6525 6526
f 6525 6624 6524
f 6624 6525 6625
f 6526 6525 6426
f 6525 6425 6426
f 6424 6525 6524
f 6425 6525 6424
f 6325 6424 6324
f 6325 6425 6424
f 6325 6326 6426
f 6425 6325 6426
f 5925 6025 5924
f 6025 6024 5924
f 5919 5918 5818
f 5819 5919 5818
f 6115 6016 6116
f 6016 6115 6015
f 6116 6016 6117
f 6117 6016 6017
f 5915 6016 6015
f 5916 6016 5915
f 6016 5917 6017
f 6016 5916 5917
f 5417 5318 5418
f 5318 5417 5317
f 5417 5316 5317
f 5417 5416 5316
f 5621 5720 5620
f 5720 5621 5721
f 5620 5720 5619
f 5720 5719 5619
f 7905 8004 7904
f 8004 7905 8005
f 7905 7904 7804
f 7805 7905 7804
f 7603 7504 7604
f 7504 7603 7503
f 7306 7405 7305
f 7405 7306 7406
f 7506 7405 7406
f 7505 7405 7506
f 7706 7707 7807
f 7706 7807 7806
f 7603 7502 7503
f 7502 7603 7602
f 7403 7502 7402
f 7502 7403 7503
f 7601 7502 7602
f 7501 7502 7601
f 7402 7502 7401
f 7502 7501 7401
f 7803 7704 7804
f 7703 7704 7803
f 7704 7703 7603
f 7704 7603 7604
f 8806 8907 8906
f 8907 8806 8807
f 8104 8103 8003
f 8004 8104 8003
f 8103 8104 8203
f 8104 8204 8203
f 8802 8703 8803
f 8703 8802 8702
f 8903 8802 8803
f 8802 8903 8902
f 8802 8701 8702
f 8802 8801 8701
f 8801 8802 8901
f 8901 8802 8902
f 8413 8312 8313
f 8312 8413 8412
f 8213 8312 8212
f 8312 8213 8313
f 8312 8412 8411
f 8311 8312 8411
f 8209 8310 8309
f 8210 8310 8209
f 8310 8409 8309
f 8409 8310 8410
f 8310 8311 8411
f 8410 8310 8411
f 9001 9002 9101
f 9002 9102 9101
f 9002 9001 8901
f 9002 8901 8902
f 9102 9002 9103
f 9002 9003 9103
f 8903 9002 8902
f 9003 9002 8903
f 9509 9408 9409
f 9508 9408 9509
f 9408 9507 9407
f 9507 9408 9508
f 8709 8808 8708
f 8808 8709 8809
f 8808 8707 8708
f 8707 8808 8807
f 8808 8907 8807
f 8808 8908 8907
f 9410 9310 9411
f 9310 9311 9411
f 9310 9410 9409
f 9309 9310 9409
f 7720 7819 7719
f 7819 7720 7820
f 7819 7718 7719
f 7819 7818 7718
f 8118 8119 8219
f 8218 8118 8219
f 8214 8314 8313
f 8213 8214 8313
f 8315 8316 8416
f 8315 8416 8415
f 8414 8315 8415
f 8314 8315 8414
f 6405 6504 6404
f 6504 6405 6505
f 6404 6504 6403
f 6504 6503 6403
f 6904 7003 6903
f 6904 7004 7003
f 6904 7005 7004
f 7005 6904 6905
f 6803 6904 6903
f 6804 6904 6803
f 6904 6805 6905
f 6904 6804 6805
f 7208 7308 7307
f 7208 7307 7207
f 7308 7208 7309
f 7208 7209 7309
f 8711 8610 8611
f 8610 8711 8710
f 8709 8610 8710
f 8610 8709 8609
f 7912 7811 7812
f 7811 7912 7911
f 7811 7910 7810
f 7910 7811 7911
f 7811 7711 7712
f 7812 7811 7712
f 7811 7810 7710
f 7711 7811 7710
f 7612 7713 7712
f 7713 7612 7613
f 7713 7813 7812
f 7713 7812 7712
f 8205 8206 8305
f 8206 8306 8305
f 8206 8207 8307
f 8306 8206 8307
f 8409 8508 8408
f 8508 8409 8509
f 8503 8402 8403
f 8402 8503 8502
f 8503 8403 8404
f 8504 8503 8404
f 8605 8604 8505
f 8604 8504 8505
f 8113 8214 8213
f 8214 8113 8114
f 8211 8312 8311
f 8312 8211 8212
f 8310 8211 8311
f 8211 8310 8210
f 8110 8211 8210
f 8211 8110 8111
f 8010 8110 8009
f 8009 8110 8109
f 8110 8210 8209
f 8110 8209 8109
f 8011 8110 8010
f 8111 8110 8011
f 8206 8107 8207
f 8107 8206 8106
f 6008 5907 5908
f 5907 6008 6007
f 6107 6008 6108
f 6008 6107 6007
f 6008 6109 6108
f 6008 6009 6109
f 6008 5909 6009
f 5909 6008 5908
f 5909 5810 5910
f 5810 5909 5809
f 5808 5909 5908
f 5909 5808 5809
f 6010 5909 5910
f 6009 5909 6010
f 5609 5710 5709
f 5710 5609 5610
f 5711 5710 5611
f 5611 5710 5610
f 5710 5810 5809
f 5709 5710 5809
f 5811 5710 5711
f 5810 5710 5811
f 5608 5509 5609
f 5509 5608 5508
f 5608 5607 5507
f 5508 5608 5507
f 5708 5608 5709
f 5608 5609 5709
f 5608 5708 5707
f 5607 5608 5707
f 6616 6715 6615
f 6715 6616 6716
f 6813 6714 6814
f 6813 6713 6714
f 6813 6914 6913
f 6914 6813 6814
f 6713 6813 6712
f 6813 6812 6712
f 6912 6813 6913
f 6812 6813 6912
f 7018 7118 7017
f 7017 7118 7117
f 7217 7118 7218
f 7118 7217 7117
f 7118 7018 7019
f 7119 7118 7019
f 7218 7118 7219
f 7118 7119 7219
f 6821 6920 6820
f 6920 6821 6921
f 6920 6819 6820
f 6920 6919 6819
f 6417 6318 6418
f 6417 6317 6318
f 6316 6417 6416
f 6317 6417 6316
f 6609 6708 6608
f 6708 6609 6709
f 6708 6607 6608
f 6708 6707 6607
f 6708 6807 6707
f 6807 6708 6808
f 7010 7111 7110
f 7111 7010 7011
f 6711 6610 6611
f 6610 6711 6710
f 6610 6511 6611
f 6511 6610 6510
f 6709 6610 6710
f 6609 6610 6709
f 6610 6509 6510
f 6610 6609 6509
f 6542 6641 6541
f 6641 6542 6642
f 6941 6841 6942
f 6942 6841 6842
f 6838 6739 6839
f 6739 6838 6738
f 6638 6739 6738
f 6739 6638 6639
f 6938 6937 6837
f 6838 6938 6837
f 6137 6036 6037
f 6036 6137 6136
f 6035 5934 5935
f 5934 6035 6034
f 6134 6035 6135
f 6034 6035 6134
f 6035 6036 6136
f 6035 6136 6135
f 6236 6137 6237
f 6137 6236 6136
f 6236 6337 6336
f 6236 6237 6337
f 6136 6236 6135
f 6236 6235 6135
f 6335 6236 6336
f 6235 6236 6335
f 6636 6735 6635
f 6735 6636 6736
f 6933 6932 6832
f 6833 6933 6832
f 6933 6934 7034
f 6933 7034 7033
f 8138 8137 8038
f 8137 8037 8038
f 7131 7232 7231
f 7131 7132 7232
f 7131 7230 7130
f 7230 7131 7231
f 7131 7130 7030
f 7031 7131 7030
f 7032 6933 7033
f 6933 7032 6932
f 7032 7131 7031
f 7131 7032 7132
f 6932 7032 6931
f 7032 7031 6931
f 7133 7032 7033
f 7032 7133 7132
f 6334 6233 6234
f 6233 6334 6333
f 5625 5526 5626
f 5526 5625 5525
f 5426 5526 5425
f 5526 5525 5425
f 5526 5627 5626
f 5526 5527 5627
f 5526 5426 5427
f 5527 5526 5427
f 5431 5432 5532
f 5531 5431 5532
f 5431 5332 5432
f 5332 5431 5331
f 5331 5431 5330
f 5431 5430 5330
f 5431 5530 5430
f 5530 5431 5531
f 5530 5629 5529
f 5629 5530 5630
f 5530 5531 5631
f 5530 5631 5630
f 5429 5530 5529
f 5430 5530 5429
f 4519 4420 4520
f 4420 4519 4419
f 4420 4421 4521
f 4420 4521 4520
f 4320 4420 4319
f 4420 4419 4319
f 4421 4420 4321
f 4420 4320 4321
f 9205 9306 9305
f 9306 9205 9206
f 9205 9105 9106
f 9205 9106 9206
f 9404 9305 9405
f 9305 9404 9304
f 9404 9403 9303
f 9304 9404 9303
f 9604 9705 9704
f 9705 9604 9605
f 9604 9703 9603
f 9703 9604 9704
f 9903 9804 9904
f 9903 9803 9804
f 9802 9903 9902
f 9803 9903 9802
f 9512 9413 9513
f 9413 9512 9412
f 9512 9511 9411
f 9512 9411 9412
f 9611 9710 9610
f 9710 9611 9711
f 9611 9610 9510
f 9511 9611 9510
f 9607 9606 9506
f 9507 9607 9506
f 9608 9607 9508
f 9607 9507 9508
f 9606 9607 9706
f 9607 9707 9706
f 9607 9608 9708
f 9707 9607 9708
f 8915 8814 8815
f 8915 8914 8814
f 354 455 454
f 455 354 355
f 860 960 859
f 859 960 959
f 254 253 153
f 154 254 153
f 253 254 353
f 254 354 353
f 254 154 155
f 255 254 155
f 254 255 355
f 354 254 355
f 948 949 1048
f 949 1049 1048
f 849 949 848
f 949 948 848
f 1049 949 1050
f 949 950 1050
f 850 949 849
f 950 949 850
f 1143 1042 1043
f 1042 1143 1142
f 1044 1143 1043
f 1144 1143 1044
f 340 241 341
f 340 240 241
f 441 340 341
f 340 441 440
f 340 239 240
f 340 339 239
f 439 340 440
f 339 340 439
f 5106 5105 5006
f 5105 5005 5006
f 4903 4804 4904
f 4803 4804 4903
f 4703 4804 4803
f 4804 4703 4704
f 5007 5008 5107
f 5008 5108 5107
f 4907 5008 5007
f 4908 5008 4907
f 4315 4416 4415
f 4416 4315 4316
f 4416 4517 4516
f 4517 4416 4417
f 4517 4418 4518
f 4418 4517 4417
f 4516 4517 4616
f 4517 4617 4616
f 4617 4517 4618
f 4618 4517 4518
f 5311 5411 5310
f 5411 5410 5310
f 5411 5311 5312
f 5412 5411 5312
f 5511 5411 5512
f 5411 5412 5512
f 5209 5110 5210
f 5110 5209 5109
f 5209 5210 5310
f 5309 5209 5310
f 4721 4820 4720
f 4820 4721 4821
f 4820 4819 4719
f 4720 4820 4719
f 4619 4718 4618
f 4718 4619 4719
f 4519 4619 4518
f 4619 4618 4518
f 5120 5220 5119
f 5220 5219 5119
f 5513 5413 5514
f 5413 5414 5514
f 5413 5513 5512
f 5412 5413 5512
f 5413 5412 5312
f 5313 5413 5312
f 5314 5413 5313
f 5413 5314 5414
f 5314 5214 5215
f 5315 5314 5215
f 5414 5314 5415
f 5314 5315 5415
f 5214 5314 5213
f 5314 5313 5213
f 5324 5325 5425
f 5424 5324 5425
f 4624 4723 4623
f 4723 4624 4724
f 4823 4723 4824
f 4824 4723 4724
f 3820 3719 3720
f 3719 3820 3819
f 3719 3619 3620
f 3720 3719 3620
f 3615 3715 3614
f 3715 3714 3614
f 3814 3715 3815
f 3715 3814 3714
f 3715 3615 3616
f 3716 3715 3616
f 3816 3715 3716
f 3715 3816 3815
f 3816 3716 3717
f 3816 3717 3817
f 3917 3816 3817
f 3916 3816 3917
f 3913 3912 3813
f 3813 3912 3812
f 3912 3913 4013
f 4012 3912 4013
f 4612 4512 4613
f 4512 4513 4613
f 4508 4609 4608
f 4609 4508 4509
f 4710 4610 4711
f 4610 4611 4711
f 4610 4710 4709
f 4609 4610 4709
f 4610 4509 4510
f 4610 4609 4509
f 2309 2208 2209
f 2208 2309 2308
f 2309 2209 2210
f 2310 2309 2210
f 2306 2207 2307
f 2207 2306 2206
f 2205 2306 2305
f 2306 2205 2206
f 2306 2406 2405
f 2305 2306 2405
f 2306 2307 2407
f 2406 2306 2407
f 1817 1916 1816
f 1917 1916 1817
f 2314 2213 2214
f 2213 2314 2313
f 1712 1613 1713
f 1613 1712 1612
f 1813 1712 1713
f 1812 1712 1813
f 3013 3112 3012
f 3112 3013 3113
f 3111 3112 3211
f 3112 3212 3211
f 3213 3112 3113
f 3112 3213 3212
f 3114 3213 3113
f 3213 3114 3214
f 3114 3215 3214
f 3215 3114 3115
f 3112 3011 3012
f 3011 3112 3111
f 2905 3006 3005
f 2906 3006 2905
f 3105 3006 3106
f 3006 3105 3005
f 3007 3006 2907
f 3006 2906 2907
f 3106 3006 3107
f 3006 3007 3107
f 3505 3506 3605
f 3506 3606 3605
f 3306 3405 3305
f 3406 3405 3306
f 3405 3506 3505
f 3506 3405 3406
f 3307 3406 3306
f 3406 3307 3407
f 3307 3306 3206
f 3207 3307 3206
f 3809 3708 3709
f 3708 3809 3808
f 3807 3708 3808
f 3708 3807 3707
f 2607 2706 2606
f 2706 2607 2707
f 2806 2706 2807
f 2706 2707 2807
f 2708 2607 2608
f 2607 2708 2707
f 2902 3001 2901
f 3001 2902 3002
f 3604 3503 3504
f 3503 3604 3603
f 1705 1604 1605
f 1604 1705 1704
f 1804 1705 1805
f 1705 1804 1704
f 1705 1806 1805
f 1705 1706 1806
f 1705 1606 1706
f 1606 1705 1605
f 1606 1607 1707
f 1706 1606 1707
f 1607 1606 1507
f 1606 1506 1507
f 1506 1606 1505
f 1606 1605 1505
f 1104 1203 1103
f 1203 1104 1204
f 1104 1205 1204
f 1104 1105 1205
f 1312 1213 1313
f 1213 1312 1212
f 1312 1313 1413
f 1412 1312 1413
f 1504 1405 1505
f 1405 1504 1404
f 1604 1504 1605
f 1605 1504 1505
f 1216 1116 1217
f 1116 1117 1217
f 1116 1215 1115
f 1215 1116 1216
f 1117 1116 1017
f 1116 1016 1017
f 1116 1115 1015
f 1016 1116 1015
f 1317 1418 1417
f 1318 1418 1317
f 1418 1517 1417
f 1418 1518 1517
f 1518 1418 1519
f 1418 1419 1519
f 1418 1319 1419
f 1319 1418 1318
f 1319 1220 1320
f 1220 1319 1219
f 1319 1218 1219
f 1319 1318 1218
f 1420 1319 1320
f 1419 1319 1420
f 1921 1922 2021
f 1922 2022 2021
f 1922 1923 2023
f 2022 1922 2023
f 1819 1919 1818
f 1919 1918 1818
f 1919 2020 2019
f 1919 1920 2020
f 1919 1820 1920
f 1820 1919 1819
f 1721 1820 1720
f 1820 1721 1821
f 1820 1719 1720
f 1820 1819 1719
f 1920 1820 1921
f 1921 1820 1821
f 2222 2223 2323
f 2322 2222 2323
f 2223 2222 2123
f 2222 2122 2123
f 18 117 17
f 118 117 18
f 117 16 17
f 117 116 16
f 117 118 218
f 217 117 218
f 116 117 216
f 117 217 216
f 819 720 820
f 720 819 719
f 919 819 920
f 819 820 920
f 819 718 719
f 819 818 718
f 819 918 818
f 918 819 919
f 918 919 1019
f 1018 918 1019
f 918 1018 1017
f 917 918 1017
f 918 917 817
f 818 918 817
f 412 311 312
f 311 412 411
f 230 331 330
f 331 230 231
f 131 230 130
f 230 131 231
f 230 129 130
f 230 229 129
f 227 328 327
f 328 227 228
f 225 324 224
f 324 225 325
f 325 225 326
f 225 226 326
f 225 224 124
f 125 225 124
f 225 126 226
f 225 125 126
f 1528 1427 1428
f 1427 1528 1527
f 824 723 724
f 824 823 723
f 823 824 923
f 824 924 923
f 626 526 527
f 627 626 527
f 626 627 727
f 626 727 726
f 626 525 526
f 626 625 525
f 725 626 726
f 625 626 725
f 523 623 622
f 522 523 622
f 523 624 623
f 624 523 524
f 422 523 522
f 423 523 422
f 523 424 524
f 523 423 424
f 122 22 23
f 123 122 23
f 223 122 123
f 222 122 223
f 1122 1123 1223
f 1222 1122 1223
f 928 1029 1028
f 929 1029 928
f 832 931 831
f 931 832 932
f 831 730 731
f 730 831 830
f 730 829 729
f 829 730 830
f 730 630 631
f 730 631 731
f 730 729 629
f 630 730 629
f 510 611 610
f 611 510 511
f 609 510 610
f 509 510 609
f 309 409 308
f 409 408 308
f 409 509 508
f 408 409 508
f 402 401 301
f 402 301 302
f 903 1003 1002
f 902 903 1002
f 4798 4697 4698
f 4697 4798 4797
f 4698 4697 4598
f 4697 4597 4598
f 4394 4495 4494
f 4395 4495 4394
f 4996 4896 4997
f 4896 4897 4997
f 4997 4898 4998
f 4897 4898 4997
f 4998 4898 4999
f 4898 4899 4999
f 4798 4898 4797
f 4898 4897 4797
f 4898 4799 4899
f 4898 4798 4799
f 4198 4099 4199
f 4198 4098 4099
f 3394 3293 3294
f 3293 3394 3393
f 3394 3493 3393
f 3493 3394 3494
f 3497 3496 3397
f 3397 3496 3396
f 4395 4294 4295
f 4294 4395 4394
f 4294 4394 4393
f 4293 4294 4393
f 4390 4391 4491
f 4490 4390 4491
f 2999 2899 2900
f 3000 2999 2900
f 2999 2998 2898
f 2899 2999 2898
f 3193 3092 3093
f 3192 3092 3193
f 3092 2993 3093
f 2993 3092 2992
f 3091 3092 3191
f 3092 3192 3191
f 3092 3091 2991
f 2992 3092 2991
f 785 684 685
f 684 785 784
f 686 785 685
f 786 785 686
f 787 688 788
f 688 787 687
f 787 887 886
f 786 787 886
f 787 686 687
f 787 786 686
f 1283 1184 1284
f 1184 1283 1183
f 1283 1384 1383
f 1384 1283 1284
f 1283 1182 1183
f 1283 1282 1182
f 1382 1283 1383
f 1282 1283 1382
f 1870 1871 1971
f 1970 1870 1971
f 1870 1970 1969
f 1870 1969 1869
f 1770 1870 1769
f 1769 1870 1869
f 1774 1873 1773
f 1873 1774 1874
f 1873 1972 1872
f 1972 1873 1973
f 1873 1772 1773
f 1772 1873 1872
f 1771 1870 1770
f 1870 1771 1871
f 1771 1770 1670
f 1671 1771 1670
f 1772 1771 1672
f 1771 1671 1672
f 1771 1772 1872
f 1771 1872 1871
f 1374 1473 1373
f 1473 1374 1474
f 1274 1374 1273
f 1273 1374 1373
f 1680 1581 1681
f 1581 1680 1580
f 1680 1679 1579
f 1580 1680 1579
f 1781 1680 1681
f 1780 1680 1781
f 2080 2081 2181
f 2180 2080 2181
f 1999 2098 1998
f 2098 1999 2099
f 2199 2098 2099
f 2198 2098 2199
f 2293 2393 2392
f 2292 2293 2392
f 2393 2293 2394
f 2293 2294 2394
f 2293 2194 2294
f 2194 2293 2193
f 1896 1996 1895
f 1996 1995 1895
f 2797 2798 2897
f 2798 2898 2897
f 2899 2798 2799
f 2798 2899 2898
f 2697 2798 2797
f 2698 2798 2697
f 2798 2699 2799
f 2798 2698 2699
f 2691 2791 2690
f 2791 2790 2690
f 3389 3390 3489
f 3390 3490 3489
f 3490 3390 3491
f 3390 3391 3491
f 3789 3890 3889
f 3890 3789 3790
f 2191 2291 2290
f 2190 2191 2290
f 2091 2191 2090
f 2090 2191 2190
f 2289 2190 2290
f 2289 2189 2190
f 2390 2289 2290
f 2289 2390 2389
f 2289 2389 2388
f 2288 2289 2388
f 2188 2089 2189
f 2089 2188 2088
f 2188 2289 2288
f 2289 2188 2189
f 2087 2188 2187
f 2188 2087 2088
f 2188 2288 2287
f 2188 2287 2187
f 1584 1585 1685
f 1684 1584 1685
f 1485 1584 1484
f 1584 1485 1585
f 1683 1584 1684
f 1583 1584 1683
f 1584 1483 1484
f 1584 1583 1483
f 1788 1887 1787
f 1887 1788 1888
f 1788 1889 1888
f 1788 1789 1889
f 1597 1696 1596
f 1696 1597 1697
f 1798 1897 1797
f 1897 1798 1898
f 1897 1898 1998
f 1997 1897 1998
f 1897 1996 1896
f 1996 1897 1997
f 3072 2971 2972
f 2971 3072 3071
f 2873 2874 2974
f 2973 2873 2974
f 2873 2972 2872
f 2972 2873 2973
f 2873 2872 2772
f 2773 2873 2772
f 2774 2875 2874
f 2875 2774 2775
f 2774 2873 2773
f 2873 2774 2874
f 2774 2675 2775
f 2675 2774 2674
f 2774 2673 2674
f 2774 2773 2673
f 2469 2570 2569
f 2570 2469 2470
f 2666 2765 2665
f 2765 2666 2766
f 2665 2765 2664
f 2765 2764 2664
f 1975 1875 1876
f 1976 1975 1876
f 2075 1975 2076
f 1975 1976 2076
f 2373 2374 2474
f 2473 2373 2474
f 2373 2274 2374
f 2373 2273 2274
f 2072 2073 2173
f 2172 2072 2173
f 2072 2172 2171
f 2071 2072 2171
f 2072 1972 1973
f 2073 2072 1973
f 1972 2072 1971
f 2072 2071 1971
f 2680 2679 2580
f 2679 2579 2580
f 2780 2679 2680
f 2679 2780 2779
f 2778 2679 2779
f 2678 2679 2778
f 2578 2679 2678
f 2679 2578 2579
f 2578 2477 2478
f 2578 2577 2477
f 2577 2578 2677
f 2578 2678 2677
f 2286 2386 2285
f 2386 2385 2285
f 2386 2287 2387
f 2386 2286 2287
f 2386 2486 2485
f 2385 2386 2485
f 2487 2386 2387
f 2486 2386 2487
f 1887 1986 1886
f 1987 1986 1887
f 1986 2087 2086
f 1986 1987 2087
f 1882 1983 1982
f 1983 1882 1883
f 1884 1983 1883
f 1984 1983 1884
f 2183 2184 2283
f 2184 2284 2283
f 2184 2185 2285
f 2284 2184 2285
f 2479 2578 2478
f 2578 2479 2579
f 2379 2479 2378
f 2378 2479 2478
f 2579 2479 2580
f 2479 2480 2580
f 2380 2479 2379
f 2480 2479 2380
f 2585 2484 2485
f 2484 2585 2584
f 4184 4185 4285
f 4284 4184 4285
f 4185 4184 4085
f 4085 4184 4084
f 4184 4284 4283
f 4183 4184 4283
f 3982 4081 3981
f 4081 3982 4082
f 4083 4184 4183
f 4184 4083 4084
f 4083 3982 3983
f 3982 4083 4082
f 4083 3984 4084
f 3984 4083 3983
f 3283 3182 3183
f 3182 3283 3282
f 3283 3382 3282
f 3382 3283 3383
f 3283 3284 3384
f 3383 3283 3384
f 2984 3084 2983
f 3084 3083 2983
f 3386 3487 3486
f 3487 3386 3387
f 3287 3386 3286
f 3386 3287 3387
f 3485 3386 3486
f 3386 3485 3385
f 3386 3385 3285
f 3386 3285 3286
f 3688 3587 3588
f 3587 3688 3687
f 3588 3587 3488
f 3587 3487 3488
f 4268 4369 4368
f 4369 4268 4269
f 4270 4369 4269
f 4370 4369 4270
f 4485 4486 4586
f 4485 4586 4585
f 4386 4485 4385
f 4486 4485 4386
f 4860 4760 4861
f 4760 4761 4861
f 4760 4860 4859
f 4759 4760 4859
f 4760 4661 4761
f 4760 4660 4661
f 4760 4759 4659
f 4660 4760 4659
f 9153 9053 9054
f 9154 9153 9054
f 9153 9152 9052
f 9053 9153 9052
f 6971 7071 7070
f 6970 6971 7070
f 7071 6971 7072
f 6971 6972 7072
f 6971 6872 6972
f 6872 6971 6871
f 6873 6872 6773
f 6872 6772 6773
f 6872 6771 6772
f 6771 6872 6871
f 6973 6872 6873
f 6972 6872 6973
f 7174 7074 7175
f 7074 7075 7175
f 7075 7074 6975
f 6975 7074 6974
f 7074 7174 7173
f 7073 7074 7173
f 7074 6973 6974
f 7074 7073 6973
f 6571 6672 6671
f 6672 6571 6572
f 6672 6673 6773
f 6772 6672 6773
f 6771 6672 6772
f 6672 6771 6671
f 6673 6672 6573
f 6672 6572 6573
f 7465 7366 7466
f 7365 7366 7465
f 7366 7367 7467
f 7366 7467 7466
f 7366 7365 7265
f 7266 7366 7265
f 7367 7366 7267
f 7366 7266 7267
f 7871 7970 7870
f 7970 7871 7971
f 8270 8171 8271
f 8171 8270 8170
f 8371 8270 8271
f 8270 8371 8370
f 8369 8270 8370
f 8270 8369 8269
f 8270 8169 8170
f 8270 8269 8169
f 7767 7867 7766
f 7766 7867 7866
f 5449 5548 5448
f 5548 5449 5549
f 5348 5448 5447
f 5347 5348 5447
f 5348 5449 5448
f 5449 5348 5349
f 5348 5347 5247
f 5248 5348 5247
f 5348 5249 5349
f 5348 5248 5249
f 4649 4648 4548
f 4549 4649 4548
f 5345 5246 5346
f 5345 5245 5246
f 5046 4945 4946
f 5046 5045 4945
f 5045 5046 5145
f 5046 5146 5145
f 6047 6146 6046
f 6146 6047 6147
f 6337 6238 6338
f 6237 6238 6337
f 6238 6339 6338
f 6238 6239 6339
f 6039 6140 6139
f 6140 6039 6040
f 6543 6643 6642
f 6542 6543 6642
f 6246 6347 6346
f 6247 6347 6246
f 6543 6444 6544
f 6444 6543 6443
f 6545 6444 6445
f 6544 6444 6545
f 6444 6345 6445
f 6444 6344 6345
f 7139 7238 7138
f 7139 7239 7238
f 6843 6844 6943
f 6844 6944 6943
f 6945 6846 6946
f 6846 6945 6845
f 7046 6945 6946
f 6945 7046 7045
f 6844 6945 6944
f 6945 6844 6845
f 5946 6047 6046
f 6047 5946 5947
f 5946 6045 5945
f 5946 6046 6045
f 5845 5946 5945
f 5946 5845 5846
f 5845 5945 5944
f 5844 5845 5944
f 5845 5745 5746
f 5846 5845 5746
f 6043 5943 6044
f 6044 5943 5944
f 6042 5943 6043
f 5942 5943 6042
f 5039 5140 5139
f 5040 5140 5039
f 5643 5743 5742
f 5643 5742 5642
f 5542 5643 5642
f 5543 5643 5542
f 5845 5744 5745
f 5744 5845 5844
f 5643 5744 5743
f 5744 5643 5644
f 5745 5744 5645
f 5744 5644 5645
f 5442 5541 5441
f 5541 5442 5542
f 5442 5341 5342
f 5341 5442 5441
f 5442 5543 5542
f 5442 5443 5543
f 5343 5442 5342
f 5443 5442 5343
f 5436 5337 5437
f 5337 5436 5336
f 5436 5435 5335
f 5436 5335 5336
f 5633 5532 5533
f 5633 5632 5532
f 5632 5633 5732
f 5633 5733 5732
f 5835 5734 5735
f 5734 5835 5834
f 5733 5734 5833
f 5734 5834 5833
f 6039 5939 6040
f 6040 5939 5940
f 5939 5839 5940
f 5839 5840 5940
f 7657 7558 7658
f 7558 7657 7557
f 7659 7558 7559
f 7658 7558 7659
f 7457 7558 7557
f 7458 7558 7457
f 7558 7459 7559
f 7558 7458 7459
f 8349 8450 8449
f 8349 8350 8450
f 8349 8348 8248
f 8249 8349 8248
f 8250 8349 8249
f 8349 8250 8350
f 8150 8250 8149
f 8250 8249 8149
f 8350 8250 8351
f 8250 8251 8351
f 8151 8250 8150
f 8251 8250 8151
f 8353 8252 8253
f 8252 8353 8352
f 8253 8252 8153
f 8252 8152 8153
f 8251 8252 8351
f 8252 8352 8351
f 8152 8252 8151
f 8252 8251 8151
f 8041 7942 8042
f 7942 8041 7941
f 8041 8040 7940
f 7941 8041 7940
f 8040 8041 8140
f 8140 8041 8141
f 7942 7841 7842
f 7841 7942 7941
f 8054 7954 8055
f 7954 7955 8055
f 7953 7954 8053
f 7954 8054 8053
f 7954 7855 7955
f 7954 7854 7855
f 7853 7954 7953
f 7854 7954 7853
f 8954 8853 8854
f 8953 8853 8954
f 8853 8953 8952
f 8853 8952 8852
f 8949 8850 8950
f 8850 8949 8849
f 8750 8850 8749
f 8850 8849 8749
f 8950 8850 8951
f 8850 8851 8951
f 8850 8751 8851
f 8751 8850 8750
f 8751 8750 8650
f 8651 8751 8650
f 8751 8652 8752
f 8652 8751 8651
f 8851 8751 8852
f 8751 8752 8852
f 8255 8355 8254
f 8254 8355 8354
f 8259 8160 8260
f 8160 8259 8159
f 8260 8160 8261
f 8160 8161 8261
f 7648 7547 7548
f 7547 7648 7647
f 7850 7749 7750
f 7849 7749 7850
f 7749 7650 7750
f 7650 7749 7649
f 7848 7749 7849
f 7748 7749 7848
f 7749 7648 7649
f 7749 7748 7648
f 7142 7243 7242
f 7243 7142 7143
f 7144 7243 7143
f 7243 7144 7244
f 6945 7044 6944
f 7044 6945 7045
f 6943 7044 7043
f 6944 7044 6943
f 7044 7143 7043
f 7044 7144 7143
f 7046 7145 7045
f 7145 7046 7146
f 7044 7145 7144
f 7145 7044 7045
f 7145 7146 7246
f 7145 7246 7245
f 7244 7145 7245
f 7144 7145 7244
f 7546 7646 7545
f 7646 7645 7545
f 7646 7547 7647
f 7547 7646 7546
f 7747 7646 7647
f 7746 7646 7747
f 7745 7646 7746
f 7646 7745 7645
f 7744 7745 7844
f 7745 7845 7844
f 7745 7746 7846
f 7845 7745 7846
f 7644 7745 7744
f 7745 7644 7645
f 7644 7744 7743
f 7643 7644 7743
f 7644 7643 7543
f 7544 7644 7543
f 7645 7644 7545
f 7644 7544 7545
f 6867 6966 6866
f 6966 6867 6967
f 7462 7362 7363
f 7463 7462 7363
f 7462 7361 7362
f 7361 7462 7461
f 7462 7463 7563
f 7562 7462 7563
f 7462 7562 7561
f 7462 7561 7461
f 6554 6655 6654
f 6555 6655 6554
f 6655 6754 6654
f 6754 6655 6755
f 6755 6655 6756
f 6655 6656 6756
f 6655 6556 6656
f 6556 6655 6555
f 6556 6457 6557
f 6457 6556 6456
f 6456 6556 6455
f 6556 6555 6455
f 6657 6556 6557
f 6656 6556 6657
f 7253 7354 7353
f 7354 7253 7254
f 7351 7352 7451
f 7352 7452 7451
f 7453 7553 7552
f 7452 7453 7552
f 7352 7453 7452
f 7453 7352 7353
f 6856 6857 6956
f 6857 6957 6956
f 6857 6856 6756
f 6757 6857 6756
f 6957 6857 6958
f 6857 6858 6958
f 6857 6757 6758
f 6858 6857 6758
f 6861 6761 6762
f 6862 6861 6762
f 6861 6862 6962
f 6961 6861 6962
f 5647 5746 5646
f 5746 5647 5747
f 5647 5546 5547
f 5546 5647 5646
f 5647 5648 5747
f 5648 5748 5747
f 5548 5648 5547
f 5648 5647 5547
f 5748 5649 5749
f 5648 5649 5748
f 5649 5548 5549
f 5649 5648 5548
f 5751 5652 5752
f 5751 5651 5652
f 5551 5552 5651
f 5651 5552 5652
f 5452 5552 5451
f 5552 5551 5451
f 6051 5951 6052
f 6052 5951 5952
f 5951 6050 5950
f 5951 6051 6050
f 6154 6054 6155
f 6054 6055 6155
f 6054 6154 6153
f 6053 6054 6153
f 6150 6051 6151
f 6051 6150 6050
f 6251 6150 6151
f 6250 6150 6251
f 6651 6652 6752
f 6751 6651 6752
f 6650 6651 6750
f 6651 6751 6750
f 6250 6351 6350
f 6351 6250 6251
f 6351 6251 6252
f 6352 6351 6252
f 5847 5946 5846
f 5946 5847 5947
f 5847 5746 5747
f 5847 5846 5746
f 5848 5847 5748
f 5748 5847 5747
f 6050 5949 5950
f 5949 6050 6049
f 4365 4266 4366
f 4365 4265 4266
f 4264 4365 4364
f 4265 4365 4264
f 4365 4366 4466
f 4465 4365 4466
f 4365 4464 4364
f 4365 4465 4464
f 4565 4665 4664
f 4564 4565 4664
f 4666 4565 4566
f 4565 4666 4665
f 4565 4564 4464
f 4465 4565 4464
f 4566 4565 4466
f 4565 4465 4466
f 5760 5759 5660
f 5759 5659 5660
f 5659 5759 5658
f 5759 5758 5658
f 6192 6193 6293
f 6192 6293 6292
f 6194 6295 6294
f 6194 6195 6295
f 6293 6194 6294
f 6193 6194 6293
f 4689 4788 4688
f 4788 4689 4789
f 4688 4788 4687
f 4788 4787 4687
f 4788 4888 4887
f 4787 4788 4887
f 4889 4788 4789
f 4888 4788 4889
f 4785 4884 4784
f 4884 4785 4885
f 4885 4785 4886
f 4785 4786 4886
f 5192 5292 5291
f 5191 5192 5291
f 5196 5295 5195
f 5295 5196 5296
f 5196 5195 5095
f 5096 5196 5095
f 5091 5190 5090
f 5190 5091 5191
f 5091 5192 5191
f 5192 5091 5092
f 4990 5091 5090
f 4991 5091 4990
f 5697 5798 5797
f 5798 5697 5698
f 5699 5798 5698
f 5799 5798 5699
f 5797 5798 5897
f 5798 5898 5897
f 5899 5798 5799
f 5898 5798 5899
f 5695 5596 5696
f 5596 5695 5595
f 5691 5791 5790
f 5690 5691 5790
f 5596 5495 5496
f 5495 5596 5595
f 5996 5995 5896
f 5995 5895 5896
f 6095 5995 6096
f 5995 5996 6096
f 7489 7590 7589
f 7590 7489 7490
f 8298 8299 8399
f 8298 8399 8398
f 8199 8298 8198
f 8299 8298 8199
f 7082 6981 6982
f 6981 7082 7081
f 7082 7181 7081
f 7181 7082 7182
f 7182 7082 7183
f 7183 7082 7083
f 6884 6883 6783
f 6784 6884 6783
f 7082 6983 7083
f 6983 7082 6982
f 6883 6983 6882
f 6983 6982 6882
f 6983 6884 6984
f 6884 6983 6883
f 6892 6793 6893
f 6793 6892 6792
f 6790 6689 6690
f 6689 6790 6789
f 6599 6498 6499
f 6498 6599 6598
f 6599 6500 6600
f 6599 6499 6500
f 6599 6698 6598
f 6599 6699 6698
f 6700 6599 6600
f 6699 6599 6700
f 6597 6498 6598
f 6498 6597 6497
f 6497 6597 6496
f 6496 6597 6596
f 6698 6597 6598
f 6697 6597 6698
f 6597 6696 6596
f 6597 6697 6696
f 8799 8798 8699
f 8798 8698 8699
f 8899 8798 8799
f 8798 8899 8898
f 8698 8798 8697
f 8798 8797 8697
f 8399 8498 8398
f 8498 8399 8499
f 9396 9397 9497
f 9496 9396 9497
f 8689 8588 8589
f 8588 8689 8688
f 8485 8585 8584
f 8484 8485 8584
f 7398 7299 7399
f 7299 7398 7298
f 7400 7299 7300
f 7299 7400 7399
f 6694 6595 6695
f 6694 6594 6595
f 7795 7796 7896
f 7895 7795 7896
f 7693 7792 7692
f 7792 7693 7793
f 6994 6993 6894
f 6993 6893 6894
f 6993 7094 7093
f 7094 6993 6994
f 7094 6994 6995
f 7094 6995 7095
f 7195 7094 7095
f 7194 7094 7195
f 6798 6697 6698
f 6697 6798 6797
f 6798 6699 6799
f 6699 6798 6698
f 6798 6898 6897
f 6798 6897 6797
f 6899 6798 6799
f 6898 6798 6899
f 7396 7495 7395
f 7495 7396 7496
f 7599 7700 7699
f 7599 7600 7700
f 7698 7599 7699
f 7598 7599 7698
f 7377 7478 7477
f 7478 7377 7378
f 7377 7477 7476
f 7376 7377 7476
f 7276 7377 7376
f 7377 7276 7277
f 7176 7276 7175
f 7276 7275 7175
f 7275 7276 7375
f 7276 7376 7375
f 7276 7176 7177
f 7277 7276 7177
f 7777 7878 7877
f 7878 7777 7778
f 6383 6484 6483
f 6384 6484 6383
f 6482 6583 6582
f 6583 6482 6483
f 6583 6682 6582
f 6583 6683 6682
f 6785 6684 6685
f 6684 6785 6784
f 6683 6684 6783
f 6684 6784 6783
f 6291 6192 6292
f 6192 6291 6191
f 6389 6288 6289
f 6288 6389 6388
f 6586 6686 6685
f 6586 6685 6585
f 6280 6179 6180
f 6279 6179 6280
f 6680 6780 6679
f 6780 6779 6679
f 6780 6880 6879
f 6779 6780 6879
f 6780 6680 6681
f 6781 6780 6681
f 6881 6780 6781
f 6780 6881 6880
f 6881 6782 6882
f 6881 6781 6782
f 6880 6881 6980
f 6881 6981 6980
f 6982 6881 6882
f 6981 6881 6982
f 7079 6978 6979
f 6978 7079 7078
f 7077 7178 7177
f 7178 7077 7078
f 7178 7079 7179
f 7079 7178 7078
f 7481 7582 7581
f 7582 7481 7482
f 7481 7580 7480
f 7580 7481 7581
f 7380 7481 7480
f 7481 7380 7381
f 7479 7380 7480
f 7379 7380 7479
f 6365 6464 6364
f 6464 6365 6465
f 5663 5664 5764
f 5763 5663 5764
f 5564 5663 5563
f 5663 5564 5664
f 5762 5663 5763
f 5662 5663 5762
f 5663 5562 5563
f 5663 5662 5562
f 5863 5962 5862
f 5963 5962 5863
f 5962 5861 5862
f 5861 5962 5961
f 5962 6061 5961
f 5962 6062 6061
f 5962 6063 6062
f 6063 5962 5963
f 6063 6064 6164
f 6163 6063 6164
f 6063 5964 6064
f 6063 5963 5964
f 6062 6063 6162
f 6162 6063 6163
f 6262 6263 6363
f 6362 6262 6363
f 6263 6262 6163
f 6262 6162 6163
f 6162 6262 6161
f 6262 6261 6161
f 6461 6361 6462
f 6361 6362 6462
f 6361 6262 6362
f 6262 6361 6261
f 6360 6461 6460
f 6360 6361 6461
f 6261 6360 6260
f 6361 6360 6261
f 6459 6359 6460
f 6359 6360 6460
f 6359 6259 6260
f 6360 6359 6260
f 6257 6357 6356
f 6256 6257 6356
f 6471 6371 6372
f 6472 6471 6372
f 6572 6471 6472
f 6571 6471 6572
f 6667 6766 6666
f 6766 6667 6767
f 6566 6667 6666
f 6567 6667 6566
f 6867 6768 6868
f 6768 6867 6767
f 6869 6968 6868
f 6968 6869 6969
f 6768 6869 6868
f 6869 6768 6769
f 6076 5976 6077
f 5976 5977 6077
f 5877 5976 5876
f 5977 5976 5877
f 5975 5976 6075
f 5976 6076 6075
f 5976 5975 5875
f 5976 5875 5876
f 6373 6473 6472
f 6373 6472 6372
f 6473 6373 6474
f 6373 6374 6474
f 6375 6376 6476
f 6475 6375 6476
f 6375 6475 6474
f 6374 6375 6474
f 4679 4680 4779
f 4680 4780 4779
f 4579 4679 4678
f 4578 4579 4678
f 4680 4579 4580
f 4579 4680 4679
f 4783 4684 4784
f 4683 4684 4783
f 3978 3879 3979
f 3879 3978 3878
f 3978 3977 3877
f 3878 3978 3877
f 4382 4483 4482
f 4383 4483 4382
f 4485 4384 4385
f 4384 4485 4484
f 4384 4285 4385
f 4384 4284 4285
f 4284 4384 4283
f 4384 4383 4283
f 4483 4384 4484
f 4384 4483 4383
f 4281 4381 4380
f 4280 4281 4380
f 4281 4180 4181
f 4281 4280 4180
f 4281 4382 4381
f 4281 4282 4382
f 4083 4182 4082
f 4182 4083 4183
f 4281 4182 4282
f 4182 4281 4181
f 4081 4182 4181
f 4182 4081 4082
f 4282 4182 4283
f 4182 4183 4283
f 5480 5380 5481
f 5380 5381 5481
f 5479 5380 5480
f 5380 5479 5379
f 5380 5281 5381
f 5380 5280 5281
f 5279 5380 5379
f 5280 5380 5279
f 5283 5383 5282
f 5383 5382 5282
f 5383 5283 5284
f 5383 5284 5384
f 5382 5383 5482
f 5383 5483 5482
f 5484 5383 5384
f 5483 5383 5484
f 2423 2523 2422
f 2422 2523 2522
f 2623 2523 2624
f 2523 2524 2624
f 2523 2423 2424
f 2524 2523 2424
f 1430 1331 1431
f 1331 1430 1330
f 1941 1842 1942
f 1842 1941 1841
f 1941 1840 1841
f 1941 1940 1840
f 2234 2334 2233
f 2233 2334 2333
f 2433 2334 2434
f 2334 2433 2333
f 2334 2234 2235
f 2335 2334 2235
f 2334 2435 2434
f 2334 2335 2435
f 737 838 837
f 838 737 738
f 737 637 638
f 738 737 638
f 535 636 635
f 536 636 535
f 636 536 537
f 637 636 537
f 740 640 641
f 741 740 641
f 740 841 840
f 740 741 841
f 740 639 640
f 740 739 639
f 839 740 840
f 739 740 839
f 2726 2827 2826
f 2727 2827 2726
f 2827 2926 2826
f 2827 2927 2926
f 3027 2928 3028
f 2927 2928 3027
f 2928 3029 3028
f 2928 2929 3029
f 2127 2126 2026
f 2027 2127 2026
f 2028 2127 2027
f 2127 2028 2128
f 2127 2226 2126
f 2127 2227 2226
f 2127 2128 2228
f 2227 2127 2228
f 2327 2328 2427
f 2328 2428 2427
f 2227 2328 2327
f 2328 2227 2228
f 2328 2429 2428
f 2328 2329 2429
f 2229 2328 2228
f 2329 2328 2229
f 4432 4333 4433
f 4333 4432 4332
f 4432 4431 4331
f 4332 4432 4331
f 4740 4741 4840
f 4741 4841 4840
f 4842 4741 4742
f 4841 4741 4842
f 4640 4741 4740
f 4641 4741 4640
f 4742 4741 4642
f 4741 4641 4642
f 4539 4438 4439
f 4538 4438 4539
f 4438 4339 4439
f 4339 4438 4338
f 4537 4438 4538
f 4437 4438 4537
f 4438 4337 4338
f 4438 4437 4337
f 4429 4329 4430
f 4329 4330 4430
f 4329 4429 4428
f 4328 4329 4428
f 3927 4028 4027
f 4028 3927 3928
f 4125 4224 4124
f 4224 4125 4225
f 4125 4126 4226
f 4125 4226 4225
f 4527 4626 4526
f 4626 4527 4627
f 4727 4626 4627
f 4726 4626 4727
f 3627 3626 3527
f 3626 3526 3527
f 3525 3626 3625
f 3626 3525 3526
f 3726 3626 3727
f 3626 3627 3727
f 3626 3725 3625
f 3626 3726 3725
f 3629 3730 3729
f 3730 3629 3630
f 3239 3338 3238
f 3239 3339 3338
f 3138 3239 3238
f 3239 3138 3139
f 3239 3340 3339
f 3340 3239 3240
f 3239 3139 3140
f 3240 3239 3140
f 3541 3440 3441
f 3440 3541 3540
f 3441 3440 3341
f 3440 3340 3341
f 2440 2439 2340
f 2340 2439 2339
f 3749 3848 3748
f 3849 3848 3749
f 4051 3951 3952
f 4052 4051 3952
f 4154 4053 4054
f 4154 4153 4053
f 4154 4054 4055
f 4155 4154 4055
f 4153 4154 4253
f 4154 4254 4253
f 4154 4255 4254
f 4255 4154 4155
f 4356 4255 4256
f 4255 4356 4355
f 4255 4156 4256
f 4255 4155 4156
f 4354 4255 4355
f 4254 4255 4354
f 4353 4254 4354
f 4254 4353 4253
f 4353 4252 4253
f 4252 4353 4352
f 4353 4354 4454
f 4453 4353 4454
f 4353 4452 4352
f 4353 4453 4452
f 3250 3149 3150
f 3249 3149 3250
f 3149 3050 3150
f 3050 3149 3049
f 3149 3249 3248
f 3148 3149 3248
f 3149 3048 3049
f 3149 3148 3048
f 3047 3148 3147
f 3148 3047 3048
f 2948 3047 2947
f 3047 2948 3048
f 3146 3047 3147
f 3046 3047 3146
f 3047 2946 2947
f 3047 3046 2946
f 2642 2741 2641
f 2741 2642 2742
f 2244 2343 2243
f 2343 2244 2344
f 2243 2343 2242
f 2343 2342 2242
f 2842 2743 2843
f 2743 2842 2742
f 2843 2743 2844
f 2844 2743 2744
f 2743 2642 2643
f 2642 2743 2742
f 2743 2643 2644
f 2743 2644 2744
f 3742 3842 3841
f 3742 3841 3741
f 3642 3742 3641
f 3641 3742 3741
f 3443 3543 3442
f 3442 3543 3542
f 3543 3443 3444
f 3544 3543 3444
f 3645 3544 3545
f 3544 3645 3644
f 2935 2936 3035
f 2936 3036 3035
f 2936 3037 3036
f 3037 2936 2937
f 2936 2935 2835
f 2836 2936 2835
f 2936 2836 2837
f 2937 2936 2837
f 3136 3137 3237
f 3236 3136 3237
f 3136 3037 3137
f 3037 3136 3036
f 3136 3236 3235
f 3135 3136 3235
f 3136 3135 3035
f 3036 3136 3035
f 3132 3133 3233
f 3132 3233 3232
f 3231 3132 3232
f 3131 3132 3231
f 2830 2930 2829
f 2930 2929 2829
f 2930 2831 2931
f 2831 2930 2830
f 2930 3030 3029
f 2929 2930 3029
f 3030 2930 3031
f 3031 2930 2931
f 3730 3631 3731
f 3631 3730 3630
f 3731 3631 3732
f 3631 3632 3732
f 3736 3635 3636
f 3635 3736 3735
f 3735 3736 3835
f 3736 3836 3835
f 3733 3634 3734
f 3634 3733 3633
f 3534 3634 3533
f 3634 3633 3533
f 3634 3735 3734
f 3634 3635 3735
f 3535 3634 3534
f 3635 3634 3535
f 3537 3636 3536
f 3537 3637 3636
f 4277 4378 4377
f 4378 4277 4278
f 4376 4277 4377
f 4276 4277 4376
f 4177 4277 4176
f 4277 4276 4176
f 5277 5377 5276
f 5377 5376 5276
f 5278 5377 5277
f 5378 5377 5278
f 5675 5576 5676
f 5576 5675 5575
f 5776 5675 5676
f 5775 5675 5776
f 5472 5372 5373
f 5473 5472 5373
f 5472 5471 5371
f 5372 5472 5371
f 5472 5473 5573
f 5572 5472 5573
f 5472 5571 5471
f 5472 5572 5571
f 3656 3556 3657
f 3556 3557 3657
f 3457 3356 3357
f 3356 3457 3456
f 3556 3457 3557
f 3457 3556 3456
f 3558 3457 3458
f 3557 3457 3558
f 4056 3957 4057
f 3956 3957 4056
f 3957 4058 4057
f 4058 3957 3958
f 3957 3956 3856
f 3857 3957 3856
f 3958 3957 3858
f 3957 3857 3858
f 3764 3665 3765
f 3764 3664 3665
f 3865 3764 3765
f 3764 3865 3864
f 3764 3663 3664
f 3764 3763 3663
f 3764 3864 3863
f 3763 3764 3863
f 3972 3971 3872
f 3872 3971 3871
f 3971 3870 3871
f 3971 3970 3870
f 2761 2760 2661
f 2760 2660 2661
f 2760 2761 2861
f 2760 2861 2860
f 2859 2760 2860
f 2759 2760 2859
f 2659 2760 2759
f 2760 2659 2660
f 2558 2659 2658
f 2659 2558 2559
f 2660 2659 2560
f 2560 2659 2559
f 2659 2758 2658
f 2659 2759 2758
f 3457 3358 3458
f 3358 3457 3357
f 3258 3358 3257
f 3358 3357 3257
f 3458 3358 3459
f 3358 3359 3459
f 3358 3259 3359
f 3259 3358 3258
f 3259 3160 3260
f 3160 3259 3159
f 3360 3259 3260
f 3359 3259 3360
f 1857 1958 1957
f 1857 1858 1958
f 1858 1857 1758
f 1857 1757 1758
f 1558 1657 1557
f 1657 1558 1658
f 1556 1657 1656
f 1657 1556 1557
f 1657 1658 1758
f 1757 1657 1758
f 1657 1756 1656
f 1657 1757 1756
f 1852 1751 1752
f 1751 1852 1851
f 1850 1751 1851
f 1751 1850 1750
f 1751 1652 1752
f 1751 1651 1652
f 1751 1750 1650
f 1651 1751 1650
f 2754 2653 2654
f 2753 2653 2754
f 2653 2554 2654
f 2653 2553 2554
f 2453 2353 2354
f 2453 2354 2454
f 2554 2453 2454
f 2553 2453 2554
f 2458 2459 2558
f 2558 2459 2559
f 2459 2460 2560
f 2459 2560 2559
f 2459 2458 2358
f 2359 2459 2358
f 2460 2459 2360
f 2459 2359 2360
f 2844 2745 2845
f 2745 2844 2744
f 2745 2846 2845
f 2745 2746 2846
f 2747 2848 2847
f 2848 2747 2748
f 2846 2747 2847
f 2746 2747 2846
f 2549 2550 2649
f 2550 2650 2649
f 2650 2550 2651
f 2550 2551 2651
f 2451 2350 2351
f 2350 2451 2450
f 2550 2451 2551
f 2451 2550 2450
f 2749 2648 2649
f 2648 2749 2748
f 2749 2849 2848
f 2749 2848 2748
f 2850 2951 2950
f 2951 2850 2851
f 2949 2850 2950
f 2849 2850 2949
f 2550 2449 2450
f 2449 2550 2549
f 2449 2350 2450
f 2350 2449 2349
f 2449 2549 2548
f 2448 2449 2548
f 2348 2449 2448
f 2449 2348 2349
f 2048 2147 2047
f 2147 2048 2148
f 2341 2241 2342
f 2342 2241 2242
f 1261 1260 1161
f 1260 1160 1161
f 1456 1556 1555
f 1455 1456 1555
f 1456 1457 1557
f 1556 1456 1557
f 1456 1455 1355
f 1356 1456 1355
f 1456 1357 1457
f 1456 1356 1357
f 2062 2063 2163
f 2162 2062 2163
f 2063 2062 1963
f 2062 1962 1963
f 1960 2059 1959
f 2059 1960 2060
f 1958 2059 2058
f 1959 2059 1958
f 2159 2059 2160
f 2160 2059 2060
f 2059 2158 2058
f 2059 2159 2158
f 2070 1970 1971
f 2071 2070 1971
f 2170 2070 2171
f 2070 2071 2171
f 2166 2267 2266
f 2166 2167 2267
f 2265 2166 2266
f 2166 2265 2165
f 2166 2165 2065
f 2066 2166 2065
f 2067 2166 2066
f 2166 2067 2167
f 2168 2067 2068
f 2067 2168 2167
f 1968 2067 1967
f 2067 1968 2068
f 2067 2066 1966
f 1967 2067 1966
f 2269 2170 2270
f 2170 2269 2169
f 1769 1868 1768
f 1868 1769 1869
f 1969 1868 1869
f 1968 1868 1969
f 1669 1570 1670
f 1570 1669 1569
f 1469 1570 1569
f 1470 1570 1469
f 3252 3353 3352
f 3253 3353 3252
f 3353 3253 3254
f 3354 3353 3254
f 3355 3356 3456
f 3355 3456 3455
f 3454 3355 3455
f 3355 3454 3354
f 3875 3976 3975
f 3875 3876 3976
f 4075 3974 3975
f 4074 3974 4075
f 3974 4073 3973
f 4073 3974 4074
f 3974 3875 3975
f 3875 3974 3874
f 3873 3974 3973
f 3874 3974 3873
f 3773 3874 3873
f 3874 3773 3774
f 3773 3673 3674
f 3774 3773 3674
f 3773 3873 3872
f 3772 3773 3872
f 3673 3773 3672
f 3773 3772 3672
f 3675 3574 3575
f 3574 3675 3674
f 3675 3575 3576
f 3676 3675 3576
f 3259 3158 3159
f 3158 3259 3258
f 3158 3059 3159
f 3158 3058 3059
f 3158 3258 3257
f 3157 3158 3257
f 3158 3057 3058
f 3158 3157 3057
f 498 397 398
f 397 498 497
f 797 697 798
f 697 698 798
f 386 487 486
f 487 386 387
f 386 286 287
f 386 287 387
f 988 1087 987
f 1087 988 1088
f 891 790 791
f 790 891 890
f 994 1093 993
f 1093 994 1094
f 1194 1093 1094
f 1093 1194 1193
f 1293 1194 1294
f 1193 1194 1293
f 1194 1094 1095
f 1195 1194 1095
f 1194 1295 1294
f 1194 1195 1295
f 1598 1599 1699
f 1698 1598 1699
f 1599 1598 1499
f 1499 1598 1498
f 1598 1698 1697
f 1597 1598 1697
f 1598 1497 1498
f 1598 1597 1497
f 276 376 375
f 275 276 375
f 276 277 377
f 376 276 377
f 176 276 175
f 175 276 275
f 277 276 177
f 276 176 177
f 175 274 174
f 274 175 275
f 174 274 173
f 274 273 173
f 1080 981 1081
f 1080 980 981
f 980 1080 979
f 1080 1079 979
f 1278 1379 1378
f 1379 1278 1279
f 1278 1377 1277
f 1377 1278 1378
f 1177 1278 1277
f 1178 1278 1177
f 193 293 192
f 293 292 192
f 194 293 193
f 293 194 294
f 292 293 392
f 293 393 392
f 394 293 294
f 393 293 394
f 388 488 387
f 488 487 387
f 587 488 588
f 488 587 487
f 488 489 589
f 488 589 588
f 488 389 489
f 389 488 388
f 389 390 490
f 489 389 490
f 389 388 288
f 289 389 288
f 389 290 390
f 389 289 290
f 592 692 691
f 591 592 691
f 693 592 593
f 692 592 693
f 592 591 491
f 492 592 491
f 592 493 593
f 592 492 493
f 863 764 864
f 764 863 763
f 762 863 862
f 763 863 762
f 963 863 964
f 964 863 864
f 863 963 962
f 863 962 862
f 965 1066 1065
f 965 966 1066
f 1064 965 1065
f 965 1064 964
f 966 965 866
f 965 865 866
f 965 964 864
f 865 965 864
f 867 767 868
f 767 768 868
f 767 867 866
f 766 767 866
f 970 870 971
f 870 871 971
f 871 870 771
f 870 770 771
f 359 360 459
f 360 460 459
f 259 360 359
f 360 259 260
f 460 360 461
f 360 361 461
f 261 360 260
f 361 360 261
f 2034 2133 2033
f 2133 2034 2134
f 1935 2034 1934
f 2035 2034 1935
f 2034 2135 2134
f 2034 2035 2135
f 2034 1933 1934
f 1933 2034 2033
f 1933 2033 2032
f 1932 1933 2032
f 1832 1933 1932
f 1833 1933 1832
f 1934 1933 1834
f 1933 1833 1834
f 1829 1930 1929
f 1930 1829 1830
f 1831 1930 1830
f 1931 1930 1831
f 2133 2232 2132
f 2233 2232 2133
f 2232 2131 2132
f 2232 2231 2131
f 2734 2634 2635
f 2734 2635 2735
f 2734 2835 2834
f 2835 2734 2735
f 2734 2633 2634
f 2734 2733 2633
f 2833 2734 2834
f 2733 2734 2833
f 1055 954 955
f 954 1055 1054
f 953 954 1053
f 1053 954 1054
f 954 855 955
f 954 854 855
f 954 953 853
f 854 954 853
f 1058 1057 957
f 958 1058 957
f 1058 958 959
f 1059 1058 959
f 1057 1058 1157
f 1058 1158 1157
f 1058 1059 1159
f 1158 1058 1159
f 2042 1941 1942
f 1941 2042 2041
f 1943 2042 1942
f 2043 2042 1943
f 2143 2042 2043
f 2142 2042 2143
f 2737 2838 2837
f 2838 2737 2738
f 3039 2939 3040
f 2939 2940 3040
f 2940 2939 2840
f 2939 2839 2840
f 2739 2838 2738
f 2838 2739 2839
f 2839 2739 2840
f 2739 2740 2840
f 2540 2439 2440
f 2439 2540 2539
f 2841 2842 2942
f 2941 2841 2942
f 2841 2941 2940
f 2841 2940 2840
f 2842 2841 2742
f 2841 2741 2742
f 2740 2841 2840
f 2741 2841 2740
f 1448 1547 1447
f 1448 1548 1547
f 1548 1448 1549
f 1448 1449 1549
f 1244 1144 1145
f 1245 1244 1145
f 1345 1446 1445
f 1345 1346 1446
f 1444 1345 1445
f 1345 1444 1344
f 1346 1345 1246
f 1345 1245 1246
f 1345 1244 1245
f 1244 1345 1344
f 1547 1646 1546
f 1647 1646 1547
f 8642 8541 8542
f 8541 8642 8641
f 8642 8643 8743
f 8642 8743 8742
f 8543 8642 8542
f 8643 8642 8543
f 8639 8538 8539
f 8538 8639 8638
f 8642 8741 8641
f 8741 8642 8742
f 8843 8744 8844
f 8744 8843 8743
f 8743 8843 8742
f 8843 8842 8742
f 9733 9734 9833
f 9734 9834 9833
f 9633 9734 9733
f 9734 9633 9634
f 9834 9734 9835
f 9734 9735 9835
f 9734 9634 9635
f 9735 9734 9635
f 9735 9636 9736
f 9636 9735 9635
f 9535 9636 9635
f 9536 9636 9535
f 9736 9636 9737
f 9636 9637 9737
f 9640 9639 9540
f 9639 9539 9540
f 9436 9537 9536
f 9537 9436 9437
f 9538 9537 9438
f 9537 9437 9438
f 9636 9537 9637
f 9537 9636 9536
f 9542 9543 9643
f 9542 9643 9642
f 9542 9441 9442
f 9542 9541 9441
f 9541 9542 9641
f 9641 9542 9642
f 9243 9344 9343
f 9344 9243 9244
f 9344 9345 9445
f 9444 9344 9445
f 9443 9542 9442
f 9542 9443 9543
f 9443 9344 9444
f 9344 9443 9343
f 9543 9443 9544
f 9443 9444 9544
f 9037 9036 8936
f 8937 9037 8936
f 9031 9132 9131
f 9132 9031 9032
f 9132 9232 9231
f 9131 9132 9231
f 9034 9035 9135
f 9134 9034 9135
f 9034 8935 9035
f 8935 9034 8934
f 9034 8933 8934
f 9034 9033 8933
f 8833 8932 8832
f 8932 8833 8933
f 9033 8932 8933
f 8932 9033 9032
f 8932 8931 8831
f 8932 8831 8832
f 8931 8932 9031
f 9031 8932 9032
f 8430 8531 8530
f 8531 8430 8431
f 8432 8531 8431
f 8532 8531 8432
f 8730 8831 8830
f 8730 8731 8831
f 7835 7736 7836
f 7736 7835 7735
f 7735 7835 7734
f 7835 7834 7734
f 8329 8429 8428
f 8328 8329 8428
f 8329 8228 8229
f 8228 8329 8328
f 8329 8430 8429
f 8329 8330 8430
f 8230 8329 8229
f 8330 8329 8230
f 8331 8232 8332
f 8231 8232 8331
f 8333 8232 8233
f 8232 8333 8332
f 8233 8232 8133
f 8232 8132 8133
f 8232 8131 8132
f 8131 8232 8231
f 8131 8230 8130
f 8131 8231 8230
f 8030 8131 8130
f 8031 8131 8030
f 8131 8031 8032
f 8132 8131 8032
f 6917 7016 6916
f 7016 6917 7017
f 7116 7016 7117
f 7016 7017 7117
f 7517 7516 7417
f 7417 7516 7416
f 7516 7517 7617
f 7616 7516 7617
f 7916 7915 7816
f 7816 7915 7815
f 8015 7915 8016
f 7915 7916 8016
f 7230 7329 7229
f 7329 7230 7330
f 7627 7628 7727
f 7628 7728 7727
f 7527 7628 7627
f 7628 7527 7528
f 7629 7628 7529
f 7628 7528 7529
f 7729 7830 7829
f 7830 7729 7730
f 7828 7729 7829
f 7729 7828 7728
f 7729 7628 7629
f 7628 7729 7728
f 7730 7729 7630
f 7729 7629 7630
f 8426 8527 8526
f 8426 8427 8527
f 9620 9721 9720
f 9620 9621 9721
f 9719 9620 9720
f 9619 9620 9719
f 9621 9620 9521
f 9620 9520 9521
f 9520 9620 9519
f 9519 9620 9619
f 9617 9517 9618
f 9517 9518 9618
f 9429 9328 9329
f 9328 9429 9428
f 9328 9229 9329
f 9328 9228 9229
f 8928 8829 8929
f 8829 8928 8828
f 8929 8829 8930
f 8930 8829 8830
f 8729 8829 8728
f 8728 8829 8828
f 8829 8730 8830
f 8730 8829 8729
f 8928 8827 8828
f 8827 8928 8927
f 8827 8927 8926
f 8827 8926 8826
f 8827 8727 8728
f 8827 8728 8828
f 8726 8827 8826
f 8727 8827 8726
f 9725 9826 9825
f 9826 9725 9726
f 9725 9626 9726
f 9725 9625 9626
f 9625 9524 9525
f 9524 9625 9624
f 9524 9424 9425
f 9524 9425 9525
f 9523 9524 9623
f 9524 9624 9623
f 9424 9524 9423
f 9524 9523 9423
f 8621 8620 8520
f 8521 8621 8520
f 8621 8721 8720
f 8620 8621 8720
f 8621 8522 8622
f 8522 8621 8521
f 8721 8621 8722
f 8621 8622 8722
f 8223 8322 8222
f 8322 8223 8323
f 8418 8317 8318
f 8317 8418 8417
f 8319 8418 8318
f 8419 8418 8319
f 9729 9730 9830
f 9829 9729 9830
f 9732 9631 9632
f 9631 9732 9731
f 9631 9532 9632
f 9631 9531 9532
f 9062 8963 9063
f 8962 8963 9062
f 8963 8964 9064
f 8963 9064 9063
f 8964 8963 8864
f 8864 8963 8863
f 9266 9365 9265
f 9365 9266 9366
f 9365 9366 9466
f 9465 9365 9466
f 8660 8761 8760
f 8661 8761 8660
f 8662 8761 8661
f 8762 8761 8662
f 8452 8353 8453
f 8353 8452 8352
f 9256 9355 9255
f 9355 9256 9356
f 9058 9158 9057
f 9158 9157 9057
f 9258 9158 9259
f 9158 9159 9259
f 9059 9158 9058
f 9159 9158 9059
f 8443 8342 8343
f 8342 8443 8442
f 8342 8442 8441
f 8341 8342 8441
f 8342 8341 8241
f 8242 8342 8241
f 8342 8243 8343
f 8243 8342 8242
f 8041 8142 8141
f 8142 8041 8042
f 8043 8142 8042
f 8142 8043 8143
f 8142 8243 8242
f 8243 8142 8143
f 8142 8242 8241
f 8142 8241 8141
f 8545 8646 8645
f 8646 8545 8546
f 8545 8645 8644
f 8544 8545 8644
f 7946 7847 7947
f 7847 7946 7846
f 7845 7946 7945
f 7946 7845 7846
f 8147 8246 8146
f 8246 8147 8247
f 8946 8846 8847
f 8946 8847 8947
f 9344 9245 9345
f 9245 9344 9244
f 9246 9245 9146
f 9146 9245 9145
f 9245 9346 9345
f 9245 9246 9346
f 9842 9942 9941
f 9841 9842 9941
f 9842 9943 9942
f 9943 9842 9843
f 9842 9841 9741
f 9742 9842 9741
f 9842 9743 9843
f 9842 9742 9743
f 9646 9545 9546
f 9545 9646 9645
f 9652 9552 9553
f 9653 9652 9553
f 9752 9652 9753
f 9652 9653 9753
f 9552 9652 9551
f 9652 9651 9551
f 9652 9752 9751
f 9651 9652 9751
f 9893 9793 9894
f 9793 9794 9894
f 9793 9893 9892
f 9792 9793 9892
f 9594 9695 9694
f 9695 9594 9595
f 9598 9597 9498
f 9498 9597 9497
f 9597 9598 9698
f 9597 9698 9697
f 9597 9596 9496
f 9597 9496 9497
f 9488 9589 9588
f 9589 9488 9489
f 9775 9875 9774
f 9875 9874 9774
f 9974 9875 9975
f 9874 9875 9974
f 9776 9875 9775
f 9876 9875 9776
f 9875 9976 9975
f 9875 9876 9976
f 9681 9781 9780
f 9680 9681 9780
f 9385 9486 9485
f 9486 9385 9386
f 9384 9283 9284
f 9283 9384 9383
f 9082 8981 8982
f 8981 9082 9081
f 9080 8981 9081
f 8981 9080 8980
f 8883 8882 8782
f 8783 8883 8782
f 8882 8883 8982
f 8883 8983 8982
f 8883 8984 8983
f 8984 8883 8884
f 8885 8984 8884
f 8984 8885 8985
f 9184 9283 9183
f 9283 9184 9284
f 9085 8984 8985
f 8984 9085 9084
f 9486 9585 9485
f 9585 9486 9586
f 9484 9483 9383
f 9384 9484 9383
f 9484 9385 9485
f 9385 9484 9384
f 9484 9583 9483
f 9583 9484 9584
f 9484 9585 9584
f 9585 9484 9485
f 7774 7673 7674
f 7673 7774 7773
f 7574 7673 7573
f 7674 7673 7574
f 7672 7673 7772
f 7772 7673 7773
f 7673 7572 7573
f 7673 7672 7572
f 7774 7873 7773
f 7873 7774 7874
f 7873 7974 7973
f 7974 7873 7874
f 7873 7772 7773
f 7873 7872 7772
f 7972 7873 7973
f 7872 7873 7972
f 8074 8175 8174
f 8074 8075 8175
f 8074 8073 7973
f 7974 8074 7973
f 7975 8074 7974
f 8074 7975 8075
f 7975 7876 7976
f 7876 7975 7875
f 7975 7976 8076
f 8075 7975 8076
f 7975 7974 7874
f 7975 7874 7875
f 8380 8381 8481
f 8480 8380 8481
f 8379 8380 8479
f 8380 8480 8479
f 8077 8177 8076
f 8177 8176 8076
f 8176 8177 8276
f 8276 8177 8277
f 8178 8177 8078
f 8177 8077 8078
f 8277 8177 8278
f 8177 8178 8278
f 8473 8573 8472
f 8472 8573 8572
f 8474 8375 8475
f 8375 8474 8374
f 8474 8573 8473
f 8573 8474 8574
f 8373 8473 8472
f 8373 8472 8372
f 8474 8373 8374
f 8373 8474 8473
f 8173 8074 8174
f 8074 8173 8073
f 8173 8072 8073
f 8072 8173 8172
f 8575 8474 8475
f 8474 8575 8574
f 8476 8575 8475
f 8575 8476 8576
f 9080 8979 8980
f 8979 9080 9079
f 8873 8773 8874
f 8773 8774 8874
f 8672 8671 8572
f 8671 8571 8572
f 9080 9179 9079
f 9179 9080 9180
f 9678 9579 9679
f 9579 9678 9578
f 9577 9476 9477
f 9476 9577 9576
f 9276 9377 9376
f 9377 9276 9277
f 9377 9278 9378
f 9278 9377 9277
f 9476 9377 9477
f 9377 9476 9376
f 9377 9478 9477
f 9478 9377 9378
f 9478 9579 9578
f 9579 9478 9479
f 9478 9577 9477
f 9577 9478 9578
f 9077 9177 9176
f 9076 9077 9176
f 9075 8974 8975
f 9075 9074 8974
f 9075 9076 9176
f 9075 9176 9175
f 9073 8973 8974
f 9074 9073 8974
f 9073 8972 8973
f 8972 9073 9072
f 9072 9073 9172
f 9073 9173 9172
f 9174 9075 9175
f 9075 9174 9074
f 9073 9174 9173
f 9174 9073 9074
f 9275 9174 9175
f 9174 9275 9274
f 9173 9174 9273
f 9273 9174 9274
f 9672 9773 9772
f 9773 9672 9673
f 9373 9472 9372
f 9472 9373 9473
f 9573 9674 9673
f 9573 9574 9674
f 9573 9473 9474
f 9574 9573 9474
f 9375 9374 9275
f 9275 9374 9274
f 9473 9374 9474
f 9373 9374 9473
f 9374 9273 9274
f 9374 9373 9273
f 9368 9269 9369
f 9269 9368 9268
f 9769 9670 9770
f 9670 9769 9669
f 9870 9769 9770
f 9769 9870 9869
f 9660 9761 9760
f 9761 9660 9661
f 9761 9861 9860
f 9760 9761 9860
f 9662 9761 9661
f 9761 9662 9762
f 9761 9862 9861
f 9761 9762 9862
f 9764 9665 9765
f 9764 9664 9665
f 9763 9764 9863
f 9764 9864 9863
f 9864 9764 9865
f 9865 9764 9765
f 9566 9667 9666
f 9667 9566 9567
f 9667 9766 9666
f 9667 9767 9766
f 9357 9458 9457
f 9358 9458 9357
f 8967 8968 9067
f 8968 9068 9067
f 8968 8969 9069
f 9068 8968 9069
f 8970 8870 8971
f 8870 8871 8971
f 8969 8870 8970
f 8869 8870 8969
f 8764 8864 8863
f 8764 8863 8763
f 8683 8783 8782
f 8682 8683 8782
f 5232 5331 5231
f 5232 5332 5331
f 5332 5232 5333
f 5232 5233 5333
f 4936 4836 4837
f 4937 4936 4837
f 4936 4835 4836
f 4936 4935 4835
f 4832 4933 4932
f 4933 4832 4833
f 5234 5235 5334
f 5235 5335 5334
f 4929 4928 4828
f 4829 4929 4828
f 4929 5029 5028
f 4928 4929 5028
f 5029 4929 5030
f 4929 4930 5030
f 4929 4830 4930
f 4830 4929 4829
f 4830 4731 4831
f 4731 4830 4730
f 4830 4729 4730
f 4830 4829 4729
f 4830 4831 4931
f 4930 4830 4931
f 4245 4346 4345
f 4346 4245 4246
f 4344 4445 4444
f 4445 4344 4345
f 4344 4443 4343
f 4344 4444 4443
f 4344 4245 4345
f 4245 4344 4244
f 3946 4045 3945
f 4045 3946 4046
f 3944 3845 3945
f 3944 3844 3845
f 3843 3944 3943
f 3944 3843 3844
f 4045 3944 3945
f 3944 4045 4044
f 4142 4141 4041
f 4042 4142 4041
f 4241 4142 4242
f 4141 4142 4241
f 4344 4243 4244
f 4243 4344 4343
f 4142 4243 4242
f 4243 4142 4143
f 4243 4342 4242
f 4342 4243 4343
f 4244 4243 4144
f 4243 4143 4144
f 4043 3944 4044
f 3944 4043 3943
f 4142 4043 4143
f 4043 4142 4042
f 4043 4042 3942
f 3943 4043 3942
f 4143 4043 4144
f 4043 4044 4144
f 3640 3541 3641
f 3541 3640 3540
f 3640 3539 3540
f 3640 3639 3539
f 3838 3739 3839
f 3739 3838 3738
f 3638 3739 3738
f 3639 3739 3638
f 4239 4338 4238
f 4239 4339 4338
f 4239 4138 4139
f 4138 4239 4238
f 4239 4340 4339
f 4239 4240 4340
f 4239 4139 4140
f 4240 4239 4140
f 4651 4752 4751
f 4651 4652 4752
f 4940 4941 5041
f 5040 4940 5041
f 4940 4841 4941
f 4841 4940 4840
f 4940 5040 5039
f 4939 4940 5039
f 4940 4839 4840
f 4940 4939 4839
f 5244 5144 5145
f 5245 5244 5145
f 5244 5345 5344
f 5345 5244 5245
f 5243 5244 5343
f 5244 5344 5343
f 5143 5244 5243
f 5244 5143 5144
f 5143 5042 5043
f 5042 5143 5142
f 5044 5143 5043
f 5144 5143 5044
f 5143 5243 5242
f 5143 5242 5142
f 6543 6644 6643
f 6644 6543 6544
f 6644 6544 6545
f 6645 6644 6545
f 6747 6646 6647
f 6646 6747 6746
f 6646 6547 6647
f 6547 6646 6546
f 6646 6545 6546
f 6646 6645 6545
f 6849 6749 6750
f 6850 6849 6750
f 6849 6848 6748
f 6849 6748 6749
f 8537 8538 8638
f 8637 8537 8638
f 7537 7436 7437
f 7537 7536 7436
f 7636 7537 7637
f 7536 7537 7636
f 7438 7537 7437
f 7538 7537 7438
f 7537 7638 7637
f 7537 7538 7638
f 3622 3523 3623
f 3523 3622 3522
f 3422 3523 3522
f 3523 3422 3423
f 3523 3624 3623
f 3523 3524 3624
f 3523 3423 3424
f 3524 3523 3424
f 3116 3215 3115
f 3215 3116 3216
f 3121 3220 3120
f 3220 3121 3221
f 3321 3220 3221
f 3320 3220 3321
f 3316 3417 3416
f 3417 3316 3317
f 3516 3417 3517
f 3417 3516 3416
f 3417 3317 3318
f 3418 3417 3318
f 3417 3418 3518
f 3517 3417 3518
f 3906 4005 3905
f 4006 4005 3906
f 4105 4005 4106
f 4005 4006 4106
f 2621 2620 2521
f 2521 2620 2520
f 2819 2920 2919
f 2920 2819 2820
f 2923 2822 2823
f 2922 2822 2923
f 2823 2822 2723
f 2822 2722 2723
f 2821 2822 2921
f 2822 2922 2921
f 2722 2822 2721
f 2822 2821 2721
f 2817 2917 2816
f 2917 2916 2816
f 2016 1916 1917
f 2017 2016 1917
f 1919 2018 1918
f 2018 1919 2019
f 1918 2018 1917
f 2018 2017 1917
f 2419 2518 2418
f 2518 2419 2519
f 2318 2419 2418
f 2319 2419 2318
f 3814 3713 3714
f 3713 3814 3813
f 3712 3713 3812
f 3713 3813 3812
f 3714 3713 3614
f 3713 3613 3614
f 3713 3712 3612
f 3613 3713 3612
f 5503 5603 5502
f 5603 5602 5502
f 5603 5703 5702
f 5602 5603 5702
f 5603 5503 5504
f 5604 5603 5504
f 5603 5704 5703
f 5603 5604 5704
f 5607 5706 5606
f 5706 5607 5707
f 5505 5605 5504
f 5605 5604 5504
f 5605 5506 5606
f 5605 5505 5506
f 5604 5605 5704
f 5605 5705 5704
f 5706 5605 5606
f 5605 5706 5705
f 6503 6603 6502
f 6603 6602 6502
f 6702 6803 6802
f 6803 6702 6703
f 6702 6801 6701
f 6702 6802 6801
f 6603 6702 6602
f 6702 6603 6703
f 6601 6702 6701
f 6602 6702 6601
f 7520 7420 7521
f 7420 7421 7521
f 7420 7520 7519
f 7419 7420 7519
f 7623 7722 7622
f 7722 7623 7723
f 7823 7722 7723
f 7822 7722 7823
f 7524 7424 7525
f 7424 7425 7525
f 7424 7524 7523
f 7423 7424 7523
f 7323 7423 7422
f 7322 7323 7422
f 7223 7323 7222
f 7323 7322 7222
f 6728 6727 6627
f 6628 6728 6627
f 6827 6728 6828
f 6727 6728 6827
f 6728 6629 6729
f 6629 6728 6628
f 6728 6829 6828
f 6728 6729 6829
f 6127 6228 6227
f 6127 6128 6228
f 6029 5930 6030
f 5930 6029 5929
f 5927 6026 5926
f 6027 6026 5927
f 6026 5925 5926
f 6026 6025 5925
f 6124 6123 6023
f 6024 6124 6023
f 6327 6326 6226
f 6327 6226 6227
f 6529 6628 6528
f 6529 6629 6628
f 6529 6530 6630
f 6629 6529 6630
f 6118 6019 6119
f 6018 6019 6118
f 6120 6019 6020
f 6019 6120 6119
f 6019 6018 5918
f 5919 6019 5918
f 6020 6019 5920
f 6019 5919 5920
f 5515 5516 5615
f 5516 5616 5615
f 5516 5515 5415
f 5416 5516 5415
f 5820 5919 5819
f 5919 5820 5920
f 5820 5921 5920
f 5921 5820 5821
f 5820 5819 5719
f 5720 5820 5719
f 5821 5820 5721
f 5820 5720 5721
f 7907 7906 7807
f 7807 7906 7806
f 7905 7906 8005
f 7906 8006 8005
f 7906 7905 7805
f 7906 7805 7806
f 7404 7504 7503
f 7403 7404 7503
f 7304 7404 7303
f 7404 7403 7303
f 7404 7405 7505
f 7504 7404 7505
f 7305 7404 7304
f 7405 7404 7305
f 7504 7605 7604
f 7605 7504 7505
f 8705 8604 8605
f 8604 8705 8704
f 8206 8105 8106
f 8105 8206 8205
f 8006 8105 8005
f 8105 8006 8106
f 8105 8205 8204
f 8104 8105 8204
f 8105 8004 8005
f 8105 8104 8004
f 9408 9308 9409
f 9308 9309 9409
f 9309 9308 9209
f 9308 9208 9209
f 8808 8909 8908
f 8909 8808 8809
f 9210 9310 9309
f 9210 9309 9209
f 9310 9210 9311
f 9210 9211 9311
f 9211 9212 9311
f 9212 9312 9311
f 9313 9212 9213
f 9312 9212 9313
f 9111 9212 9211
f 9212 9111 9112
f 7919 7920 8020
f 8019 7919 8020
f 7919 7819 7820
f 7920 7919 7820
f 8119 8018 8019
f 8118 8018 8119
f 8115 8215 8114
f 8215 8214 8114
f 8116 8215 8115
f 8215 8116 8216
f 8214 8215 8314
f 8215 8315 8314
f 8316 8215 8216
f 8315 8215 8316
f 7107 7108 7207
f 7108 7208 7207
f 8511 8510 8411
f 8510 8410 8411
f 8510 8409 8410
f 8409 8510 8509
f 8510 8511 8611
f 8610 8510 8611
f 8510 8610 8609
f 8510 8609 8509
f 7514 7614 7513
f 7614 7613 7513
f 8603 8602 8502
f 8503 8603 8502
f 8602 8603 8702
f 8603 8703 8702
f 8603 8503 8504
f 8604 8603 8504
f 8703 8603 8704
f 8603 8604 8704
f 8013 8014 8114
f 8113 8013 8114
f 8211 8112 8212
f 8112 8211 8111
f 8112 8213 8212
f 8112 8113 8213
f 7906 8007 8006
f 8007 7906 7907
f 7908 8007 7907
f 8008 8007 7908
f 8007 8107 8106
f 8006 8007 8106
f 8007 8108 8107
f 8108 8007 8008
f 8108 8209 8208
f 8209 8108 8109
f 8108 8008 8009
f 8108 8009 8109
f 8207 8108 8208
f 8107 8108 8207
f 5510 5411 5511
f 5411 5510 5410
f 5510 5511 5611
f 5510 5611 5610
f 5609 5510 5610
f 5509 5510 5609
f 6516 6415 6416
f 6415 6516 6515
f 6515 6516 6615
f 6516 6616 6615
f 6718 6617 6618
f 6717 6617 6718
f 6617 6717 6716
f 6616 6617 6716
f 7119 7020 7120
f 7020 7119 7019
f 7120 7020 7121
f 7020 7021 7121
f 6919 7020 7019
f 6920 7020 6919
f 7021 7020 6921
f 7020 6920 6921
f 6705 6806 6805
f 6806 6705 6706
f 6707 6806 6706
f 6807 6806 6707
f 6812 6911 6811
f 6911 6812 6912
f 6911 6912 7012
f 7011 6911 7012
f 6640 6739 6639
f 6739 6640 6740
f 6640 6539 6540
f 6539 6640 6639
f 6641 6640 6541
f 6541 6640 6540
f 6741 6640 6641
f 6640 6741 6740
f 6742 6741 6642
f 6741 6641 6642
f 6741 6742 6842
f 6841 6741 6842
f 6840 6739 6740
f 6739 6840 6839
f 6840 6741 6841
f 6741 6840 6740
f 6840 6941 6940
f 6840 6841 6941
f 6840 6939 6839
f 6939 6840 6940
f 6939 6838 6839
f 6939 6938 6838
f 7038 7137 7037
f 7038 7138 7137
f 6937 7038 7037
f 6938 7038 6937
f 6633 6734 6733
f 6734 6633 6634
f 6734 6634 6635
f 6735 6734 6635
f 8338 8237 8238
f 8237 8338 8337
f 8237 8138 8238
f 8237 8137 8138
f 7235 7134 7135
f 7234 7134 7235
f 7035 7134 7034
f 7134 7035 7135
f 7034 7134 7033
f 7134 7133 7033
f 7134 7233 7133
f 7233 7134 7234
f 7233 7333 7332
f 7232 7233 7332
f 7333 7233 7334
f 7233 7234 7334
f 7132 7233 7232
f 7133 7233 7132
f 6131 6232 6231
f 6132 6232 6131
f 6332 6232 6333
f 6232 6233 6333
f 6232 6133 6233
f 6133 6232 6132
f 6034 6133 6033
f 6133 6034 6134
f 6033 6133 6032
f 6133 6132 6032
f 6234 6133 6134
f 6233 6133 6234
f 4318 4419 4418
f 4419 4318 4319
f 4318 4219 4319
f 4318 4218 4219
f 4019 3919 3920
f 4020 4019 3920
f 9104 9003 9004
f 9003 9104 9103
f 9104 9004 9005
f 9105 9104 9005
f 9504 9503 9403
f 9404 9504 9403
f 9505 9504 9405
f 9504 9404 9405
f 9503 9504 9603
f 9504 9604 9603
f 9504 9505 9605
f 9604 9504 9605
f 9613 9612 9513
f 9612 9512 9513
f 9612 9713 9712
f 9713 9612 9613
f 9512 9612 9511
f 9612 9611 9511
f 9711 9612 9712
f 9611 9612 9711
f 8916 8816 8817
f 8917 8916 8817
f 9016 8916 9017
f 8916 8917 9017
f 8816 8916 8815
f 8916 8915 8815
f 8914 9014 8913
f 9014 9013 8913
f 456 457 557
f 556 456 557
f 456 357 457
f 357 456 356
f 356 456 355
f 456 455 355
f 456 555 455
f 555 456 556
f 654 555 655
f 555 654 554
f 655 555 656
f 555 556 656
f 454 555 554
f 455 555 454
f 1060 1061 1161
f 1160 1060 1161
f 1059 1060 1159
f 1060 1160 1159
f 960 1060 959
f 1060 1059 959
f 961 1060 960
f 1060 961 1061
f 961 861 862
f 962 961 862
f 1061 961 1062
f 961 962 1062
f 961 860 861
f 961 960 860
f 751 651 652
f 752 751 652
f 650 751 750
f 651 751 650
f 852 751 752
f 851 751 852
f 751 850 750
f 751 851 850
f 951 1051 1050
f 950 951 1050
f 951 952 1052
f 1051 951 1052
f 851 951 850
f 951 950 850
f 951 852 952
f 951 851 852
f 5304 5205 5305
f 5204 5205 5304
f 5205 5306 5305
f 5306 5205 5206
f 5205 5106 5206
f 5205 5105 5106
f 5205 5104 5105
f 5104 5205 5204
f 5004 5104 5003
f 5104 5103 5003
f 5103 5104 5203
f 5104 5204 5203
f 5104 5004 5005
f 5105 5104 5005
f 4605 4505 4506
f 4606 4605 4506
f 4605 4504 4505
f 4504 4605 4604
f 4605 4704 4604
f 4605 4705 4704
f 4605 4706 4705
f 4706 4605 4606
f 4807 4706 4707
f 4706 4807 4806
f 4707 4706 4607
f 4706 4606 4607
f 4805 4706 4806
f 4706 4805 4705
f 4906 4805 4806
f 4805 4906 4905
f 4805 4905 4904
f 4804 4805 4904
f 4705 4805 4704
f 4805 4804 4704
f 4702 4701 4601
f 4602 4702 4601
f 4801 4702 4802
f 4702 4801 4701
f 4702 4803 4802
f 4702 4703 4803
f 4702 4603 4703
f 4603 4702 4602
f 4504 4603 4503
f 4603 4504 4604
f 4503 4603 4502
f 4603 4602 4502
f 4703 4603 4704
f 4704 4603 4604
f 4810 4909 4809
f 4909 4810 4910
f 4809 4909 4808
f 4909 4908 4808
f 4413 4314 4414
f 4314 4413 4313
f 4314 4415 4414
f 4314 4315 4415
f 5410 5409 5310
f 5409 5309 5310
f 5510 5409 5410
f 5409 5510 5509
f 5208 5307 5207
f 5208 5308 5307
f 5107 5208 5207
f 5108 5208 5107
f 5208 5209 5309
f 5308 5208 5309
f 5209 5208 5109
f 5208 5108 5109
f 4522 4621 4521
f 4622 4621 4522
f 5320 5419 5319
f 5419 5320 5420
f 5219 5320 5319
f 5220 5320 5219
f 5022 5023 5123
f 5122 5022 5123
f 4923 5022 4922
f 5023 5022 4923
f 5022 5122 5121
f 5021 5022 5121
f 5022 4921 4922
f 5022 5021 4921
f 5018 5019 5118
f 5019 5119 5118
f 5223 5122 5123
f 5122 5223 5222
f 4722 4822 4821
f 4721 4722 4821
f 4722 4621 4622
f 4621 4722 4721
f 4822 4722 4823
f 4722 4723 4823
f 4722 4622 4623
f 4723 4722 4623
f 4017 4117 4016
f 4117 4116 4016
f 3718 3818 3817
f 3717 3718 3817
f 3818 3718 3819
f 3718 3719 3819
f 4116 4015 4016
f 4015 4116 4115
f 4010 4109 4009
f 4109 4010 4110
f 4310 4411 4410
f 4411 4310 4311
f 4507 4506 4406
f 4407 4507 4406
f 4606 4507 4607
f 4507 4606 4506
f 4607 4507 4608
f 4507 4508 4608
f 4507 4408 4508
f 4408 4507 4407
f 4408 4309 4409
f 4309 4408 4308
f 4408 4307 4308
f 4408 4407 4307
f 4509 4408 4409
f 4508 4408 4509
f 2308 2409 2408
f 2309 2409 2308
f 2213 2312 2212
f 2312 2213 2313
f 1914 1915 2014
f 1915 2015 2014
f 1814 1915 1914
f 1815 1915 1814
f 2016 1915 1916
f 1915 2016 2015
f 1915 1815 1816
f 1916 1915 1816
f 2215 2315 2214
f 2315 2314 2214
f 1611 1711 1610
f 1711 1710 1610
f 1711 1611 1612
f 1712 1711 1612
f 3313 3314 3414
f 3413 3313 3414
f 3412 3313 3413
f 3313 3412 3312
f 3314 3313 3214
f 3313 3213 3214
f 3213 3313 3212
f 3212 3313 3312
f 2916 2815 2816
f 2815 2916 2915
f 2714 2615 2715
f 2615 2714 2614
f 2912 3011 2911
f 3011 2912 3012
f 3010 3109 3009
f 3109 3010 3110
f 3010 3111 3110
f 3010 3011 3111
f 3210 3209 3110
f 3209 3109 3110
f 3209 3108 3109
f 3108 3209 3208
f 3108 3007 3008
f 3007 3108 3107
f 3108 3207 3107
f 3207 3108 3208
f 3009 3108 3008
f 3109 3108 3009
f 3303 3404 3403
f 3404 3303 3304
f 3404 3503 3403
f 3503 3404 3504
f 3405 3404 3305
f 3404 3304 3305
f 3404 3505 3504
f 3404 3405 3505
f 3209 3308 3208
f 3308 3209 3309
f 3308 3307 3207
f 3308 3207 3208
f 3307 3308 3407
f 3308 3408 3407
f 3212 3311 3211
f 3311 3212 3312
f 3308 3409 3408
f 3409 3308 3309
f 3409 3510 3509
f 3409 3410 3510
f 3706 3607 3707
f 3606 3607 3706
f 2805 2806 2906
f 2805 2906 2905
f 2908 2808 2909
f 2808 2809 2909
f 2808 2907 2807
f 2808 2908 2907
f 2707 2808 2807
f 2708 2808 2707
f 3204 3205 3305
f 3304 3204 3305
f 3205 3204 3105
f 3204 3104 3105
f 2904 2805 2905
f 2805 2904 2804
f 2603 2702 2602
f 2702 2603 2703
f 2602 2702 2601
f 2702 2701 2601
f 3303 3402 3302
f 3402 3303 3403
f 3402 3401 3301
f 3402 3301 3302
f 905 1004 904
f 1005 1004 905
f 903 1004 1003
f 1004 903 904
f 1105 1004 1005
f 1104 1004 1105
f 1003 1004 1103
f 1004 1104 1103
f 1311 1310 1210
f 1311 1210 1211
f 1212 1311 1211
f 1312 1311 1212
f 1603 1703 1702
f 1602 1603 1702
f 1703 1603 1704
f 1603 1604 1704
f 1824 1823 1724
f 1823 1723 1724
f 1823 1824 1924
f 1923 1823 1924
f 2221 2220 2120
f 2121 2221 2120
f 2221 2320 2220
f 2320 2221 2321
f 2122 2221 2121
f 2222 2221 2122
f 2221 2322 2321
f 2221 2222 2322
f 413 414 514
f 513 413 514
f 314 413 313
f 414 413 314
f 413 312 313
f 413 412 312
f 413 512 412
f 512 413 513
f 611 512 612
f 512 611 511
f 512 513 613
f 512 613 612
f 412 512 411
f 411 512 511
f 427 428 527
f 428 528 527
f 327 428 427
f 328 428 327
f 230 329 229
f 329 230 330
f 229 329 228
f 329 328 228
f 1125 1225 1124
f 1225 1224 1124
f 1126 1225 1125
f 1226 1225 1126
f 1526 1527 1627
f 1626 1526 1627
f 1424 1323 1324
f 1323 1424 1423
f 1523 1424 1524
f 1424 1523 1423
f 725 825 724
f 825 824 724
f 21 121 20
f 20 121 120
f 22 121 21
f 122 121 22
f 1220 1121 1221
f 1121 1220 1120
f 1121 1222 1221
f 1121 1122 1222
f 1022 922 923
f 1023 1022 923
f 1022 1023 1123
f 1122 1022 1123
f 1031 1032 1132
f 1131 1031 1132
f 1032 1031 932
f 1031 931 932
f 1031 930 931
f 930 1031 1030
f 829 930 929
f 930 829 830
f 1029 930 1030
f 930 1029 929
f 831 930 830
f 931 930 831
f 1129 1128 1028
f 1029 1129 1028
f 833 734 834
f 833 733 734
f 934 833 834
f 833 934 933
f 932 833 933
f 832 833 932
f 732 833 832
f 833 732 733
f 732 631 632
f 631 732 731
f 633 732 632
f 733 732 633
f 732 832 831
f 732 831 731
f 510 410 511
f 410 411 511
f 311 410 310
f 410 311 411
f 410 510 509
f 409 410 509
f 410 309 310
f 410 409 309
f 704 703 603
f 604 704 603
f 503 604 603
f 604 503 504
f 704 803 703
f 803 704 804
f 803 804 904
f 903 803 904
f 4397 4298 4398
f 4297 4298 4397
f 4298 4299 4399
f 4398 4298 4399
f 4298 4199 4299
f 4298 4198 4199
f 4195 4296 4295
f 4195 4196 4296
f 3296 3395 3295
f 3395 3296 3396
f 3295 3395 3294
f 3395 3394 3294
f 3597 3497 3498
f 3598 3597 3498
f 3597 3598 3698
f 3597 3698 3697
f 3597 3496 3497
f 3496 3597 3596
f 4392 4292 4393
f 4292 4293 4393
f 4292 4192 4193
f 4293 4292 4193
f 3988 3887 3888
f 3887 3988 3987
f 4086 4187 4186
f 4187 4086 4087
f 4286 4187 4287
f 4187 4286 4186
f 4389 4490 4489
f 4389 4390 4490
f 3099 3199 3198
f 3098 3099 3198
f 3099 3100 3200
f 3199 3099 3200
f 2998 3099 3098
f 2999 3099 2998
f 3099 3000 3100
f 3099 2999 3000
f 986 885 886
f 885 986 985
f 885 984 884
f 885 985 984
f 885 786 886
f 885 785 786
f 784 885 884
f 785 885 784
f 1676 1675 1576
f 1675 1575 1576
f 1375 1275 1276
f 1376 1375 1276
f 1475 1375 1476
f 1476 1375 1376
f 1375 1274 1275
f 1375 1374 1274
f 1375 1475 1474
f 1374 1375 1474
f 1778 1777 1677
f 1678 1778 1677
f 1977 2077 2076
f 1976 1977 2076
f 1877 1977 1876
f 1977 1976 1876
f 2077 2078 2177
f 2177 2078 2178
f 1977 2078 2077
f 2078 1977 1978
f 1980 1880 1881
f 1981 1980 1881
f 2081 1980 1981
f 2080 1980 2081
f 1995 1994 1895
f 1994 1894 1895
f 2891 2892 2992
f 2891 2992 2991
f 2990 2891 2991
f 2891 2990 2890
f 2790 2891 2890
f 2791 2891 2790
f 2892 2792 2893
f 2792 2793 2893
f 2891 2792 2892
f 2792 2891 2791
f 3189 3290 3289
f 3290 3189 3190
f 3290 3389 3289
f 3290 3390 3389
f 2192 2293 2292
f 2293 2192 2193
f 2192 2292 2291
f 2191 2192 2291
f 2192 2091 2092
f 2192 2191 2091
f 1689 1688 1589
f 1589 1688 1588
f 1587 1688 1687
f 1688 1587 1588
f 1789 1688 1689
f 1788 1688 1789
f 1687 1688 1787
f 1688 1788 1787
f 1594 1695 1694
f 1595 1695 1594
f 1596 1695 1595
f 1696 1695 1596
f 3173 3274 3273
f 3274 3173 3174
f 3475 3375 3476
f 3476 3375 3376
f 2670 2771 2770
f 2670 2671 2771
f 2670 2770 2769
f 2669 2670 2769
f 2670 2669 2569
f 2570 2670 2569
f 2571 2670 2570
f 2670 2571 2671
f 2572 2571 2472
f 2571 2471 2472
f 2571 2572 2672
f 2671 2571 2672
f 2471 2571 2470
f 2571 2570 2470
f 2865 2965 2964
f 2864 2865 2964
f 2965 2865 2966
f 2865 2866 2966
f 2764 2865 2864
f 2765 2865 2764
f 2866 2865 2766
f 2865 2765 2766
f 1974 1873 1874
f 1873 1974 1973
f 2073 1974 2074
f 1974 2073 1973
f 1975 1974 1875
f 1875 1974 1874
f 1974 2075 2074
f 1974 1975 2075
f 2272 2271 2171
f 2172 2272 2171
f 2273 2272 2173
f 2272 2172 2173
f 1985 1884 1885
f 1985 1984 1884
f 1886 1985 1885
f 1986 1985 1886
f 2083 2184 2183
f 2184 2083 2084
f 2083 2182 2082
f 2083 2183 2182
f 2083 1983 1984
f 2083 1984 2084
f 1982 2083 2082
f 1983 2083 1982
f 2384 2383 2283
f 2284 2384 2283
f 2385 2384 2285
f 2384 2284 2285
f 2384 2385 2485
f 2484 2384 2485
f 2483 2384 2484
f 2384 2483 2383
f 2482 2483 2582
f 2483 2583 2582
f 2382 2483 2482
f 2383 2483 2382
f 2483 2584 2583
f 2483 2484 2584
f 3785 3885 3784
f 3885 3884 3784
f 3185 3186 3286
f 3285 3185 3286
f 3483 3484 3583
f 3583 3484 3584
f 3484 3483 3383
f 3484 3383 3384
f 3385 3484 3384
f 3485 3484 3385
f 3684 3585 3685
f 3585 3684 3584
f 3484 3585 3584
f 3585 3484 3485
f 3682 3681 3581
f 3582 3682 3581
f 3681 3682 3781
f 3682 3782 3781
f 3881 3882 3981
f 3882 3982 3981
f 3882 3881 3781
f 3782 3882 3781
f 4469 4470 4570
f 4569 4469 4570
f 4469 4568 4468
f 4568 4469 4569
f 4469 4370 4470
f 4469 4369 4370
f 4368 4469 4468
f 4369 4469 4368
f 4072 3972 3973
f 4073 4072 3973
f 4173 4273 4272
f 4172 4173 4272
f 4273 4173 4274
f 4274 4173 4174
f 4173 4072 4073
f 4072 4173 4172
f 4173 4074 4174
f 4173 4073 4074
f 5357 5258 5358
f 5258 5357 5257
f 5261 5160 5161
f 5260 5160 5261
f 5160 5061 5161
f 5160 5060 5061
f 5160 5059 5060
f 5160 5159 5059
f 9352 9253 9353
f 9253 9352 9252
f 9253 9354 9353
f 9354 9253 9254
f 9152 9253 9252
f 9153 9253 9152
f 9253 9154 9254
f 9253 9153 9154
f 8363 8462 8362
f 8363 8463 8462
f 8265 8165 8166
f 8266 8265 8166
f 8265 8266 8366
f 8265 8366 8365
f 8265 8164 8165
f 8265 8264 8164
f 7969 8069 8068
f 7968 7969 8068
f 7969 7869 7870
f 7970 7969 7870
f 8070 7969 7970
f 7969 8070 8069
f 8171 8070 8071
f 8070 8171 8170
f 8069 8070 8169
f 8169 8070 8170
f 8071 8070 7971
f 8070 7970 7971
f 7969 7868 7869
f 7868 7969 7968
f 7769 7868 7768
f 7869 7868 7769
f 7868 7767 7768
f 7868 7867 7767
f 7868 7967 7867
f 7967 7868 7968
f 7967 8066 7966
f 8066 7967 8067
f 8067 7967 8068
f 7967 7968 8068
f 7967 7966 7866
f 7867 7967 7866
f 4749 4848 4748
f 4749 4849 4848
f 4648 4749 4748
f 4649 4749 4648
f 5545 5546 5646
f 5545 5646 5645
f 5248 5147 5148
f 5147 5248 5247
f 5246 5147 5247
f 5146 5147 5246
f 6339 6240 6340
f 6239 6240 6339
f 6140 6240 6139
f 6240 6239 6139
f 6241 6240 6141
f 6240 6140 6141
f 6240 6341 6340
f 6341 6240 6241
f 6243 6242 6143
f 6242 6142 6143
f 6242 6241 6141
f 6142 6242 6141
f 6242 6341 6241
f 6341 6242 6342
f 6444 6343 6344
f 6343 6444 6443
f 6242 6343 6342
f 6343 6242 6243
f 6343 6243 6244
f 6344 6343 6244
f 6447 6546 6446
f 6447 6547 6546
f 6346 6447 6446
f 6347 6447 6346
f 7140 7040 7041
f 7141 7140 7041
f 7241 7140 7141
f 7140 7241 7240
f 7239 7140 7240
f 7139 7140 7239
f 5843 5744 5844
f 5744 5843 5743
f 5843 5844 5944
f 5943 5843 5944
f 5840 5841 5940
f 5841 5941 5940
f 6041 6140 6040
f 6140 6041 6141
f 6142 6041 6042
f 6041 6142 6141
f 5941 6041 5940
f 6041 6040 5940
f 6041 5942 6042
f 6041 5941 5942
f 5538 5638 5537
f 5638 5637 5537
f 5438 5538 5537
f 5437 5438 5537
f 5742 5641 5642
f 5741 5641 5742
f 5641 5542 5642
f 5641 5541 5542
f 5541 5540 5441
f 5441 5540 5440
f 5042 5141 5041
f 5141 5042 5142
f 5141 5140 5040
f 5141 5040 5041
f 5637 5536 5537
f 5636 5536 5637
f 5536 5436 5437
f 5536 5437 5537
f 5534 5634 5533
f 5634 5633 5533
f 5633 5634 5733
f 5634 5734 5733
f 5734 5634 5735
f 5634 5635 5735
f 5635 5736 5735
f 5636 5736 5635
f 5736 5835 5735
f 5736 5836 5835
f 7741 7740 7640
f 7641 7741 7640
f 7642 7741 7641
f 7741 7642 7742
f 7842 7741 7742
f 7841 7741 7842
f 7840 7741 7841
f 7741 7840 7740
f 7839 7840 7939
f 7840 7940 7939
f 7739 7840 7839
f 7740 7840 7739
f 7840 7941 7940
f 7840 7841 7941
f 8653 8554 8654
f 8554 8653 8553
f 8455 8556 8555
f 8455 8456 8556
f 8554 8455 8555
f 8455 8554 8454
f 8455 8454 8354
f 8355 8455 8354
f 8356 8455 8355
f 8455 8356 8456
f 8257 8356 8256
f 8357 8356 8257
f 8356 8357 8457
f 8456 8356 8457
f 8356 8255 8256
f 8356 8355 8255
f 7961 8060 7960
f 8061 8060 7961
f 7959 8060 8059
f 8060 7959 7960
f 8161 8060 8061
f 8160 8060 8161
f 8060 8159 8059
f 8060 8160 8159
f 7246 7346 7245
f 7346 7345 7245
f 7241 7342 7341
f 7342 7241 7242
f 7064 7065 7164
f 7065 7165 7164
f 7355 7356 7456
f 7455 7355 7456
f 7355 7256 7356
f 7256 7355 7255
f 7355 7254 7255
f 7355 7354 7254
f 7153 7054 7154
f 7054 7153 7053
f 7052 7153 7152
f 7153 7052 7053
f 7254 7153 7154
f 7253 7153 7254
f 7252 7153 7253
f 7153 7252 7152
f 7252 7151 7152
f 7151 7252 7251
f 7252 7253 7353
f 7352 7252 7353
f 7252 7351 7251
f 7252 7352 7351
f 7355 7454 7354
f 7454 7355 7455
f 7454 7555 7554
f 7555 7454 7455
f 7354 7454 7353
f 7454 7453 7353
f 7553 7454 7554
f 7453 7454 7553
f 6860 6960 6959
f 6859 6860 6959
f 6860 6759 6760
f 6759 6860 6859
f 6860 6961 6960
f 6860 6861 6961
f 6761 6860 6760
f 6861 6860 6761
f 5949 5850 5950
f 5850 5949 5849
f 5749 5750 5849
f 5750 5850 5849
f 5554 5553 5454
f 5553 5453 5454
f 5553 5554 5654
f 5653 5553 5654
f 5453 5553 5452
f 5553 5552 5452
f 5553 5653 5652
f 5552 5553 5652
f 5954 5853 5854
f 5954 5953 5853
f 5955 5954 5855
f 5954 5854 5855
f 5954 6053 5953
f 5954 6054 6053
f 5954 5955 6055
f 6054 5954 6055
f 6551 6552 6652
f 6651 6551 6652
f 5847 5948 5947
f 5948 5847 5848
f 5948 6047 5947
f 6047 5948 6048
f 5948 5848 5849
f 5949 5948 5849
f 6048 5948 6049
f 5948 5949 6049
f 5859 5959 5958
f 5858 5859 5958
f 5859 5860 5960
f 5959 5859 5960
f 5859 5858 5758
f 5759 5859 5758
f 5860 5859 5760
f 5859 5759 5760
f 6091 6092 6191
f 6092 6192 6191
f 5991 6092 6091
f 6092 5991 5992
f 6192 6092 6193
f 6092 6093 6193
f 6094 5995 6095
f 5995 6094 5994
f 6094 6194 6193
f 6093 6094 6193
f 6094 6095 6195
f 6194 6094 6195
f 4685 4785 4784
f 4684 4685 4784
f 5198 5197 5098
f 5197 5097 5098
f 5197 5298 5297
f 5298 5197 5198
f 5197 5096 5097
f 5197 5196 5096
f 5296 5197 5297
f 5196 5197 5296
f 4792 4892 4791
f 4892 4891 4791
f 4892 4792 4793
f 4893 4892 4793
f 4794 4894 4793
f 4894 4893 4793
f 5795 5796 5896
f 5895 5795 5896
f 5796 5795 5696
f 5795 5695 5696
f 5694 5795 5794
f 5695 5795 5694
f 5492 5591 5491
f 5591 5492 5592
f 5591 5490 5491
f 5490 5591 5590
f 5591 5690 5590
f 5591 5691 5690
f 6092 5993 6093
f 5993 6092 5992
f 5993 6094 6093
f 6094 5993 5994
f 5892 5993 5992
f 5893 5993 5892
f 5894 5995 5994
f 5995 5894 5895
f 5795 5894 5794
f 5894 5795 5895
f 5894 5993 5893
f 5993 5894 5994
f 5193 5192 5092
f 5193 5092 5093
f 5395 5296 5396
f 5395 5295 5296
f 5496 5395 5396
f 5495 5395 5496
f 7090 7190 7089
f 7190 7189 7089
f 7291 7290 7191
f 7290 7190 7191
f 7493 7392 7393
f 7392 7493 7492
f 7491 7590 7490
f 7590 7491 7591
f 7491 7392 7492
f 7392 7491 7391
f 7591 7491 7592
f 7491 7492 7592
f 7384 7283 7284
f 7384 7383 7283
f 7382 7481 7381
f 7481 7382 7482
f 7283 7382 7282
f 7383 7382 7283
f 7380 7281 7381
f 7281 7380 7280
f 7382 7281 7282
f 7281 7382 7381
f 7281 7182 7282
f 7281 7181 7182
f 7084 6983 6984
f 6983 7084 7083
f 7084 7184 7183
f 7084 7183 7083
f 6889 6989 6988
f 6888 6889 6988
f 6989 6889 6990
f 6889 6890 6990
f 6790 6889 6789
f 6889 6790 6890
f 7285 7384 7284
f 7384 7285 7385
f 6987 6887 6888
f 6987 6888 6988
f 9198 9099 9199
f 9198 9098 9099
f 9198 9097 9098
f 9198 9197 9097
f 8698 8598 8699
f 8598 8599 8699
f 8599 8598 8499
f 8598 8498 8499
f 8797 8796 8697
f 8796 8696 8697
f 8796 8896 8895
f 8796 8895 8795
f 8897 8996 8896
f 8996 8897 8997
f 8998 8897 8898
f 8897 8998 8997
f 8897 8798 8898
f 8798 8897 8797
f 8796 8897 8896
f 8897 8796 8797
f 9494 9395 9495
f 9394 9395 9494
f 9395 9496 9495
f 9395 9396 9496
f 9094 9093 8993
f 9094 8993 8994
f 8695 8796 8795
f 8796 8695 8696
f 8592 8593 8693
f 8692 8592 8693
f 8686 8687 8786
f 8687 8787 8786
f 9287 9187 9288
f 9187 9188 9288
f 8885 8886 8985
f 8985 8886 8986
f 8186 8087 8187
f 8087 8186 8086
f 7986 8087 8086
f 8087 7986 7987
f 7692 7791 7691
f 7792 7791 7692
f 7893 7792 7793
f 7893 7892 7792
f 7893 7992 7892
f 7992 7893 7993
f 8093 7994 8094
f 7994 8093 7993
f 8093 7992 7993
f 7992 8093 8092
f 7199 7099 7100
f 7200 7199 7100
f 7099 7199 7098
f 7199 7198 7098
f 7199 7200 7300
f 7299 7199 7300
f 7199 7299 7298
f 7198 7199 7298
f 6693 6793 6792
f 6692 6693 6792
f 6693 6592 6593
f 6693 6692 6592
f 6694 6693 6594
f 6594 6693 6593
f 6794 6693 6694
f 6693 6794 6793
f 6793 6794 6893
f 6893 6794 6894
f 6794 6895 6894
f 6895 6794 6795
f 6795 6794 6695
f 6794 6694 6695
f 6494 6495 6595
f 6594 6494 6595
f 6494 6394 6395
f 6495 6494 6395
f 6494 6594 6593
f 6493 6494 6593
f 6494 6393 6394
f 6494 6493 6393
f 7695 7696 7796
f 7795 7695 7796
f 7396 7295 7296
f 7295 7396 7395
f 7295 7195 7196
f 7296 7295 7196
f 7394 7295 7395
f 7295 7394 7294
f 7295 7294 7194
f 7295 7194 7195
f 6790 6791 6890
f 6890 6791 6891
f 6892 6791 6792
f 6791 6892 6891
f 6791 6790 6690
f 6691 6791 6690
f 6791 6692 6792
f 6791 6691 6692
f 7198 7297 7197
f 7297 7198 7298
f 7197 7297 7196
f 7297 7296 7196
f 7597 7698 7697
f 7597 7598 7698
f 7696 7597 7697
f 7597 7696 7596
f 7597 7498 7598
f 7498 7597 7497
f 7597 7596 7496
f 7497 7597 7496
f 7978 8077 7977
f 8077 7978 8078
f 7877 7978 7977
f 7878 7978 7877
f 6484 6584 6483
f 6584 6583 6483
f 6583 6584 6683
f 6584 6684 6683
f 6684 6584 6685
f 6685 6584 6585
f 6290 6189 6190
f 6290 6289 6189
f 6290 6389 6289
f 6389 6290 6390
f 6191 6290 6190
f 6291 6290 6191
f 6586 6587 6686
f 6587 6687 6686
f 6584 6485 6585
f 6485 6584 6484
f 6178 6277 6177
f 6277 6178 6278
f 6178 6279 6278
f 6178 6179 6279
f 7080 6981 7081
f 6981 7080 6980
f 7080 6979 6980
f 7080 7079 6979
f 7279 7380 7379
f 7380 7279 7280
f 6366 6267 6367
f 6366 6266 6267
f 6366 6367 6467
f 6466 6366 6467
f 6366 6466 6465
f 6365 6366 6465
f 6265 6366 6365
f 6366 6265 6266
f 6165 6265 6164
f 6265 6264 6164
f 6265 6165 6166
f 6266 6265 6166
f 6265 6364 6264
f 6265 6365 6364
f 6257 6358 6357
f 6358 6257 6258
f 6457 6358 6458
f 6357 6358 6457
f 6259 6358 6258
f 6359 6358 6259
f 6358 6459 6458
f 6358 6359 6459
f 6057 6157 6056
f 6157 6156 6056
f 6058 6157 6057
f 6157 6058 6158
f 6157 6256 6156
f 6157 6257 6256
f 6258 6157 6158
f 6257 6157 6258
f 6870 6971 6970
f 6971 6870 6871
f 6969 6870 6970
f 6869 6870 6969
f 6670 6571 6671
f 6670 6570 6571
f 6668 6567 6568
f 6668 6667 6567
f 6667 6668 6767
f 6668 6768 6767
f 6768 6668 6769
f 6668 6669 6769
f 6173 6273 6172
f 6273 6272 6172
f 6272 6273 6372
f 6273 6373 6372
f 6276 6275 6176
f 6275 6175 6176
f 6275 6276 6376
f 6375 6275 6376
f 4681 4782 4781
f 4782 4681 4682
f 4780 4681 4781
f 4680 4681 4780
f 4480 4479 4380
f 4479 4379 4380
f 4378 4479 4478
f 4479 4378 4379
f 4579 4479 4580
f 4580 4479 4480
f 4479 4578 4478
f 4479 4579 4578
f 4584 4485 4585
f 4485 4584 4484
f 4584 4685 4684
f 4685 4584 4585
f 4280 4179 4180
f 4179 4280 4279
f 1628 1529 1629
f 1528 1529 1628
f 2337 2238 2338
f 2238 2337 2237
f 2338 2238 2339
f 2238 2239 2339
f 1941 2040 1940
f 2040 1941 2041
f 736 837 836
f 736 737 837
f 736 835 735
f 835 736 836
f 737 736 637
f 736 636 637
f 736 735 635
f 636 736 635
f 2828 2727 2728
f 2828 2827 2727
f 2828 2729 2829
f 2729 2828 2728
f 2827 2828 2927
f 2828 2928 2927
f 2928 2828 2929
f 2929 2828 2829
f 4230 4229 4130
f 4229 4129 4130
f 4229 4230 4330
f 4329 4229 4330
f 4229 4328 4228
f 4229 4329 4328
f 4128 4229 4228
f 4229 4128 4129
f 4128 4227 4127
f 4227 4128 4228
f 4028 4128 4027
f 4027 4128 4127
f 4029 4128 4028
f 4128 4029 4129
f 4029 3930 4030
f 3930 4029 3929
f 4029 4030 4130
f 4129 4029 4130
f 4029 3928 3929
f 4029 4028 3928
f 4024 4025 4124
f 4025 4125 4124
f 4824 4725 4825
f 4725 4824 4724
f 4725 4826 4825
f 4725 4726 4826
f 3427 3528 3527
f 3428 3528 3427
f 3339 3439 3338
f 3439 3438 3338
f 3340 3439 3339
f 3440 3439 3340
f 3539 3439 3540
f 3439 3440 3540
f 2337 2437 2336
f 2437 2436 2336
f 3947 4047 4046
f 3946 3947 4046
f 4546 4447 4547
f 4447 4546 4446
f 4447 4446 4346
f 4347 4447 4346
f 4247 4146 4147
f 4146 4247 4246
f 4247 4346 4246
f 4247 4347 4346
f 4151 4252 4251
f 4252 4151 4152
f 4151 4052 4152
f 4151 4051 4052
f 3843 3743 3844
f 3844 3743 3744
f 3743 3843 3842
f 3742 3743 3842
f 3845 3745 3846
f 3745 3746 3846
f 3745 3844 3744
f 3844 3745 3845
f 3645 3745 3644
f 3644 3745 3744
f 3748 3647 3648
f 3747 3647 3748
f 2932 3032 2931
f 3032 3031 2931
f 3032 2933 3033
f 3032 2932 2933
f 3032 3131 3031
f 3032 3132 3131
f 3133 3032 3033
f 3132 3032 3133
f 3432 3531 3431
f 3532 3531 3432
f 3431 3531 3430
f 3531 3530 3430
f 3632 3531 3532
f 3631 3531 3632
f 3531 3631 3630
f 3531 3630 3530
f 3836 3837 3936
f 3936 3837 3937
f 3837 3938 3937
f 3837 3838 3938
f 3437 3337 3338
f 3438 3437 3338
f 3337 3437 3336
f 3437 3436 3336
f 3436 3437 3536
f 3437 3537 3536
f 3538 3439 3539
f 3439 3538 3438
f 3437 3538 3537
f 3538 3437 3438
f 3538 3639 3638
f 3639 3538 3539
f 3537 3538 3637
f 3538 3638 3637
f 5577 5477 5578
f 5477 5478 5578
f 5576 5477 5577
f 5477 5576 5476
f 5477 5378 5478
f 5477 5377 5378
f 5376 5477 5476
f 5377 5477 5376
f 5673 5674 5773
f 5674 5774 5773
f 5674 5573 5574
f 5573 5674 5673
f 5674 5775 5774
f 5674 5675 5775
f 5674 5574 5575
f 5675 5674 5575
f 3554 3555 3654
f 3555 3655 3654
f 3555 3454 3455
f 3454 3555 3554
f 3655 3555 3656
f 3555 3556 3656
f 3456 3555 3455
f 3556 3555 3456
f 1856 1955 1855
f 1955 1856 1956
f 1755 1856 1855
f 1856 1755 1756
f 1956 1856 1957
f 1856 1857 1957
f 1857 1856 1757
f 1757 1856 1756
f 2551 2652 2651
f 2652 2551 2552
f 2751 2652 2752
f 2652 2751 2651
f 2653 2652 2553
f 2553 2652 2552
f 2652 2753 2752
f 2652 2653 2753
f 2452 2453 2553
f 2452 2553 2552
f 2353 2452 2352
f 2453 2452 2353
f 2551 2452 2552
f 2451 2452 2551
f 2452 2351 2352
f 2452 2451 2351
f 2650 2750 2649
f 2750 2749 2649
f 2750 2650 2651
f 2751 2750 2651
f 2749 2750 2849
f 2750 2850 2849
f 2851 2750 2751
f 2850 2750 2851
f 2149 2048 2049
f 2048 2149 2148
f 2351 2250 2251
f 2350 2250 2351
f 2250 2350 2349
f 2249 2250 2349
f 2246 2346 2345
f 2245 2246 2345
f 2139 2240 2239
f 2240 2139 2140
f 2240 2340 2339
f 2239 2240 2339
f 2240 2241 2341
f 2240 2341 2340
f 2141 2042 2142
f 2042 2141 2041
f 2240 2141 2241
f 2141 2240 2140
f 2141 2040 2041
f 2040 2141 2140
f 2141 2142 2242
f 2241 2141 2242
f 1360 1361 1461
f 1360 1461 1460
f 1360 1261 1361
f 1360 1260 1261
f 1158 1259 1258
f 1259 1158 1159
f 1260 1259 1160
f 1160 1259 1159
f 2160 2061 2161
f 2061 2160 2060
f 2061 1960 1961
f 1960 2061 2060
f 2061 2162 2161
f 2061 2062 2162
f 1962 2061 1961
f 2062 2061 1962
f 2069 2168 2068
f 2168 2069 2169
f 2069 1968 1969
f 1968 2069 2068
f 2069 2170 2169
f 2069 2070 2170
f 1970 2069 1969
f 2070 2069 1970
f 2367 2368 2467
f 2368 2468 2467
f 1866 1867 1966
f 1867 1967 1966
f 1867 1866 1766
f 1767 1867 1766
f 1867 1968 1967
f 1867 1868 1968
f 1867 1767 1768
f 1868 1867 1768
f 1571 1572 1672
f 1671 1571 1672
f 1571 1671 1670
f 1570 1571 1670
f 1272 1273 1373
f 1372 1272 1373
f 1370 1369 1269
f 1270 1370 1269
f 1369 1370 1469
f 1370 1470 1469
f 3453 3554 3553
f 3453 3454 3554
f 3453 3553 3552
f 3452 3453 3552
f 3453 3353 3354
f 3454 3453 3354
f 3453 3452 3352
f 3353 3453 3352
f 3255 3354 3254
f 3255 3355 3354
f 3775 3875 3874
f 3775 3874 3774
f 3775 3774 3674
f 3675 3775 3674
f 197 297 196
f 297 296 196
f 297 198 298
f 297 197 198
f 297 298 398
f 397 297 398
f 396 297 397
f 297 396 296
f 395 396 495
f 396 496 495
f 295 396 395
f 296 396 295
f 396 397 497
f 496 396 497
f 597 596 496
f 597 496 497
f 597 498 598
f 498 597 497
f 698 597 598
f 697 597 698
f 696 597 697
f 597 696 596
f 696 796 795
f 696 795 695
f 595 696 695
f 596 696 595
f 796 696 797
f 696 697 797
f 385 485 484
f 384 385 484
f 285 385 284
f 385 384 284
f 485 385 486
f 385 386 486
f 385 285 286
f 386 385 286
f 888 787 788
f 787 888 887
f 887 888 987
f 888 988 987
f 888 989 988
f 989 888 889
f 1089 989 1090
f 1090 989 990
f 989 890 990
f 989 889 890
f 989 1089 1088
f 988 989 1088
f 591 690 590
f 690 591 691
f 791 690 691
f 790 690 791
f 789 888 788
f 888 789 889
f 789 790 890
f 889 789 890
f 992 1092 991
f 1092 1091 991
f 1191 1092 1192
f 1091 1092 1191
f 1092 992 993
f 1093 1092 993
f 1092 1193 1192
f 1092 1093 1193
f 374 474 473
f 373 374 473
f 474 374 475
f 475 374 375
f 273 374 373
f 274 374 273
f 374 275 375
f 374 274 275
f 566 467 567
f 467 566 466
f 566 665 565
f 665 566 666
f 566 565 465
f 466 566 465
f 1180 1181 1281
f 1180 1281 1280
f 1181 1180 1081
f 1180 1080 1081
f 566 667 666
f 667 566 567
f 668 667 568
f 667 567 568
f 767 667 768
f 667 668 768
f 667 766 666
f 667 767 766
f 769 668 669
f 668 769 768
f 769 669 670
f 770 769 670
f 2030 2031 2131
f 2030 2131 2130
f 2029 2030 2129
f 2030 2130 2129
f 2030 1931 2031
f 2030 1930 1931
f 2030 2029 1929
f 1930 2030 1929
f 2432 2332 2433
f 2433 2332 2333
f 2332 2233 2333
f 2332 2232 2233
f 2938 2937 2837
f 2838 2938 2837
f 3037 2938 3038
f 2938 3037 2937
f 2939 2938 2839
f 2938 2838 2839
f 2938 3039 3038
f 2938 2939 3039
f 2540 2639 2539
f 2639 2540 2640
f 2639 2640 2740
f 2739 2639 2740
f 2638 2639 2738
f 2639 2739 2738
f 1446 1347 1447
f 1346 1347 1446
f 1243 1242 1142
f 1143 1243 1142
f 1243 1343 1342
f 1242 1243 1342
f 1243 1143 1144
f 1244 1243 1144
f 1343 1243 1344
f 1243 1244 1344
f 1645 1744 1644
f 1645 1745 1744
f 1645 1544 1545
f 1544 1645 1644
f 1645 1545 1546
f 1646 1645 1546
f 1746 1645 1646
f 1645 1746 1745
f 1746 1847 1846
f 1847 1746 1747
f 1845 1746 1846
f 1745 1746 1845
f 1746 1647 1747
f 1746 1646 1647
f 8838 8937 8837
f 8937 8838 8938
f 8541 8640 8540
f 8640 8541 8641
f 8741 8640 8641
f 8640 8741 8740
f 8640 8539 8540
f 8640 8639 8539
f 9433 9533 9532
f 9432 9433 9532
f 9433 9432 9332
f 9333 9433 9332
f 9739 9840 9839
f 9840 9739 9740
f 9739 9640 9740
f 9739 9639 9640
f 9341 9441 9440
f 9340 9341 9440
f 9439 9339 9440
f 9339 9340 9440
f 9136 9236 9135
f 9236 9235 9135
f 9038 8939 9039
f 8939 9038 8938
f 9038 9037 8937
f 9038 8937 8938
f 9137 9236 9136
f 9236 9137 9237
f 9036 9137 9136
f 9037 9137 9036
f 9232 9233 9332
f 9233 9333 9332
f 8836 8736 8837
f 8736 8737 8837
f 8737 8736 8637
f 8736 8636 8637
f 8433 8432 8332
f 8333 8433 8332
f 8433 8532 8432
f 8433 8533 8532
f 7936 7935 7836
f 7935 7835 7836
f 7015 7115 7114
f 7015 7114 7014
f 6914 7015 7014
f 7015 6914 6915
f 7015 7116 7115
f 7015 7016 7116
f 7015 6915 6916
f 7016 7015 6916
f 8013 7914 8014
f 7914 8013 7913
f 7813 7914 7913
f 7914 7813 7814
f 7914 8015 8014
f 7914 7915 8015
f 7915 7914 7815
f 7815 7914 7814
f 7327 7328 7427
f 7328 7428 7427
f 7228 7328 7227
f 7328 7327 7227
f 7328 7228 7229
f 7329 7328 7229
f 7429 7328 7329
f 7328 7429 7428
f 7530 7429 7430
f 7529 7429 7530
f 7428 7429 7528
f 7528 7429 7529
f 7429 7330 7430
f 7429 7329 7330
f 8324 8425 8424
f 8325 8425 8324
f 8425 8524 8424
f 8524 8425 8525
f 8425 8526 8525
f 8425 8426 8526
f 8425 8326 8426
f 8326 8425 8325
f 8327 8326 8227
f 8326 8226 8227
f 8226 8326 8225
f 8326 8325 8225
f 8427 8326 8327
f 8426 8326 8427
f 9417 9318 9418
f 9318 9417 9317
f 9518 9417 9418
f 9517 9417 9518
f 9226 9327 9326
f 9227 9327 9226
f 9426 9327 9427
f 9327 9426 9326
f 9228 9327 9227
f 9328 9327 9228
f 9427 9327 9428
f 9327 9328 9428
f 9724 9723 9623
f 9624 9724 9623
f 9823 9724 9824
f 9723 9724 9823
f 9725 9724 9625
f 9625 9724 9624
f 9824 9724 9825
f 9724 9725 9825
f 8422 8423 8523
f 8522 8422 8523
f 8423 8422 8323
f 8422 8322 8323
f 8517 8518 8617
f 8617 8518 8618
f 8518 8517 8417
f 8418 8518 8417
f 9727 9728 9827
f 9728 9828 9827
f 9627 9728 9727
f 9728 9627 9628
f 9728 9829 9828
f 9728 9729 9829
f 9728 9628 9629
f 9729 9728 9629
f 9530 9630 9529
f 9529 9630 9629
f 9729 9630 9730
f 9630 9729 9629
f 9531 9630 9530
f 9631 9630 9531
f 9730 9630 9731
f 9630 9631 9731
f 9364 9263 9264
f 9263 9364 9363
f 9265 9364 9264
f 9365 9364 9265
f 9464 9365 9465
f 9464 9364 9365
f 9364 9464 9363
f 9464 9463 9363
f 8861 8960 8860
f 8960 8861 8961
f 8861 8860 8760
f 8761 8861 8760
f 8450 8451 8550
f 8451 8551 8550
f 8350 8451 8450
f 8451 8350 8351
f 8352 8451 8351
f 8452 8451 8352
f 8552 8451 8452
f 8451 8552 8551
f 8653 8552 8553
f 8552 8653 8652
f 8551 8552 8651
f 8552 8652 8651
f 8552 8453 8553
f 8552 8452 8453
f 9257 9158 9258
f 9158 9257 9157
f 9257 9258 9358
f 9257 9358 9357
f 9356 9257 9357
f 9256 9257 9356
f 9156 9257 9256
f 9257 9156 9157
f 9055 9156 9155
f 9156 9055 9056
f 9156 9056 9057
f 9157 9156 9057
f 9155 9156 9255
f 9156 9256 9255
f 8549 8448 8449
f 8548 8448 8549
f 8448 8349 8449
f 8349 8448 8348
f 8348 8448 8347
f 8448 8447 8347
f 8448 8547 8447
f 8547 8448 8548
f 8646 8547 8647
f 8547 8646 8546
f 8547 8648 8647
f 8547 8548 8648
f 8446 8547 8546
f 8447 8547 8446
f 8445 8344 8345
f 8344 8445 8444
f 8445 8544 8444
f 8445 8545 8544
f 8445 8446 8546
f 8545 8445 8546
f 8046 8147 8146
f 8147 8046 8047
f 8046 8045 7945
f 7946 8046 7945
f 8047 8046 7947
f 8046 7946 7947
f 8445 8346 8446
f 8346 8445 8345
f 8245 8346 8345
f 8346 8245 8246
f 8346 8447 8446
f 8447 8346 8347
f 8346 8247 8347
f 8346 8246 8247
f 8148 8049 8149
f 8049 8148 8048
f 8148 8249 8248
f 8249 8148 8149
f 8148 8047 8048
f 8148 8147 8047
f 8247 8148 8248
f 8147 8148 8247
f 9042 9143 9142
f 9043 9143 9042
f 8943 8843 8844
f 8944 8943 8844
f 8843 8943 8842
f 8842 8943 8942
f 8943 9043 9042
f 8943 9042 8942
f 9748 9647 9648
f 9747 9647 9748
f 9647 9548 9648
f 9548 9647 9547
f 9647 9546 9547
f 9647 9646 9546
f 9647 9746 9646
f 9746 9647 9747
f 9745 9746 9845
f 9746 9846 9845
f 9846 9746 9847
f 9746 9747 9847
f 9746 9745 9645
f 9646 9746 9645
f 9490 9589 9489
f 9589 9490 9590
f 9190 9191 9291
f 9190 9291 9290
f 9289 9190 9290
f 9190 9289 9189
f 9188 9289 9288
f 9289 9188 9189
f 9889 9790 9890
f 9789 9790 9889
f 9795 9895 9894
f 9794 9795 9894
f 9695 9795 9694
f 9795 9794 9694
f 9696 9597 9697
f 9597 9696 9596
f 9596 9696 9595
f 9696 9695 9595
f 9289 9388 9288
f 9388 9289 9389
f 9488 9388 9489
f 9388 9389 9489
f 9687 9788 9787
f 9687 9688 9788
f 9788 9689 9789
f 9688 9689 9788
f 9790 9689 9690
f 9689 9790 9789
f 9589 9689 9588
f 9689 9688 9588
f 9689 9589 9590
f 9690 9689 9590
f 9580 9479 9480
f 9580 9579 9479
f 9580 9680 9679
f 9579 9580 9679
f 9285 9384 9284
f 9285 9385 9384
f 9382 9282 9383
f 9282 9283 9383
f 9083 8984 9084
f 8984 9083 8983
f 9083 9184 9183
f 9184 9083 9084
f 9083 9082 8982
f 8983 9083 8982
f 9086 9085 8985
f 9086 8985 8986
f 9190 9091 9191
f 9091 9190 9090
f 9190 9089 9090
f 9089 9190 9189
f 9089 8988 8989
f 8988 9089 9088
f 9188 9089 9189
f 9089 9188 9088
f 9089 8990 9090
f 9089 8989 8990
f 9885 9986 9985
f 9986 9885 9886
f 9984 9885 9985
f 9885 9984 9884
f 9682 9783 9782
f 9783 9682 9683
f 9781 9682 9782
f 9681 9682 9781
f 8379 8378 8279
f 8279 8378 8278
f 8378 8277 8278
f 8378 8377 8277
f 8378 8379 8479
f 8478 8378 8479
f 8377 8378 8477
f 8378 8478 8477
f 8769 8870 8869
f 8870 8769 8770
f 8272 8273 8372
f 8273 8373 8372
f 8273 8274 8374
f 8373 8273 8374
f 8273 8272 8172
f 8173 8273 8172
f 8274 8273 8174
f 8273 8173 8174
f 8471 8371 8372
f 8472 8471 8372
f 8471 8472 8572
f 8571 8471 8572
f 8371 8471 8370
f 8471 8470 8370
f 8276 8376 8275
f 8376 8375 8275
f 8376 8276 8277
f 8377 8376 8277
f 8375 8376 8475
f 8376 8476 8475
f 8376 8377 8477
f 8476 8376 8477
f 8781 8682 8782
f 8682 8781 8681
f 8575 8675 8574
f 8675 8674 8574
f 8772 8873 8872
f 8772 8773 8873
f 8573 8673 8572
f 8673 8672 8572
f 8673 8573 8574
f 8674 8673 8574
f 8772 8673 8773
f 8673 8772 8672
f 8773 8673 8774
f 8673 8674 8774
f 8769 8670 8770
f 8670 8769 8669
f 9279 9178 9179
f 9178 9279 9278
f 9077 9178 9177
f 9178 9077 9078
f 9177 9178 9277
f 9178 9278 9277
f 9179 9178 9079
f 9079 9178 9078
f 9778 9879 9878
f 9778 9779 9879
f 9779 9778 9679
f 9778 9678 9679
f 9374 9475 9474
f 9475 9374 9375
f 9574 9475 9575
f 9475 9574 9474
f 9475 9375 9376
f 9476 9475 9376
f 9575 9475 9576
f 9475 9476 9576
f 9677 9676 9576
f 9577 9677 9576
f 9678 9677 9578
f 9677 9577 9578
f 9671 9570 9571
f 9570 9671 9670
f 9572 9671 9571
f 9671 9572 9672
f 9572 9472 9473
f 9573 9572 9473
f 9672 9572 9673
f 9572 9573 9673
f 9070 9169 9069
f 9170 9169 9070
f 9068 9169 9168
f 9169 9068 9069
f 9169 9170 9270
f 9269 9169 9270
f 9168 9169 9268
f 9169 9269 9268
f 9467 9566 9466
f 9566 9467 9567
f 9967 9868 9968
f 9868 9967 9867
f 9868 9969 9968
f 9868 9869 9969
f 9970 9871 9971
f 9970 9870 9871
f 9870 9970 9869
f 9869 9970 9969
f 9462 9362 9363
f 9463 9462 9363
f 9663 9764 9763
f 9764 9663 9664
f 9762 9663 9763
f 9662 9663 9762
f 9668 9667 9567
f 9568 9668 9567
f 9658 9558 9659
f 9558 9559 9659
f 9558 9657 9557
f 9657 9558 9658
f 9558 9557 9457
f 9458 9558 9457
f 9459 9558 9458
f 9558 9459 9559
f 9360 9459 9359
f 9459 9360 9460
f 9559 9459 9560
f 9560 9459 9460
f 9459 9358 9359
f 9459 9458 9358
f 8463 8563 8462
f 8462 8563 8562
f 8765 8866 8865
f 8866 8765 8766
f 8864 8765 8865
f 8764 8765 8864
f 8568 8467 8468
f 8467 8568 8567
f 8568 8667 8567
f 8667 8568 8668
f 8583 8684 8683
f 8684 8583 8584
f 8483 8484 8584
f 8583 8483 8584
f 8582 8581 8481
f 8482 8582 8481
f 8582 8682 8681
f 8581 8582 8681
f 8582 8483 8583
f 8483 8582 8482
f 8582 8683 8682
f 8582 8583 8683
f 5132 5131 5031
f 5032 5132 5031
f 5131 5132 5231
f 5132 5232 5231
f 5137 5036 5037
f 5136 5036 5137
f 4936 5036 4935
f 4935 5036 5035
f 5036 4937 5037
f 5036 4936 4937
f 5033 5032 4932
f 4933 5033 4932
f 5236 5137 5237
f 5236 5136 5137
f 5236 5337 5336
f 5337 5236 5237
f 5335 5236 5336
f 5235 5236 5335
f 5036 5135 5035
f 5135 5036 5136
f 5135 5236 5235
f 5236 5135 5136
f 5135 5235 5234
f 5135 5234 5134
f 4245 4145 4246
f 4145 4146 4246
f 4145 4245 4244
f 4145 4244 4144
f 4146 4145 4046
f 4145 4045 4046
f 4044 4145 4144
f 4045 4145 4044
f 3740 3641 3741
f 3740 3640 3641
f 3840 3740 3841
f 3841 3740 3741
f 3640 3740 3639
f 3740 3739 3639
f 3839 3740 3840
f 3739 3740 3839
f 4650 4549 4550
f 4650 4649 4549
f 4452 4551 4451
f 4552 4551 4452
f 4450 4551 4550
f 4551 4450 4451
f 4652 4551 4552
f 4651 4551 4652
f 4551 4650 4550
f 4650 4551 4651
f 6846 6745 6746
f 6745 6846 6845
f 6745 6646 6746
f 6646 6745 6645
f 7048 6949 7049
f 6948 6949 7048
f 7050 6949 6950
f 6949 7050 7049
f 6848 6949 6948
f 6849 6949 6848
f 6949 6850 6950
f 6949 6849 6850
f 8438 8437 8338
f 8338 8437 8337
f 8437 8336 8337
f 8336 8437 8436
f 8538 8437 8438
f 8537 8437 8538
f 3017 2918 3018
f 3017 2917 2918
f 3219 3118 3119
f 3118 3219 3218
f 3219 3119 3120
f 3220 3219 3120
f 4004 4103 4003
f 4004 4104 4103
f 4004 3903 3904
f 3903 4004 4003
f 4104 4004 4105
f 4004 4005 4105
f 3905 4004 3904
f 4005 4004 3905
f 2622 2623 2723
f 2722 2622 2723
f 2523 2622 2522
f 2622 2523 2623
f 2622 2722 2721
f 2621 2622 2721
f 2622 2521 2522
f 2622 2621 2521
f 2618 2619 2718
f 2619 2719 2718
f 2619 2518 2519
f 2619 2618 2518
f 2620 2619 2520
f 2619 2519 2520
f 2720 2619 2620
f 2619 2720 2719
f 2720 2821 2820
f 2821 2720 2721
f 2819 2720 2820
f 2720 2819 2719
f 2720 2620 2621
f 2720 2621 2721
f 2717 2818 2817
f 2818 2717 2718
f 2917 2818 2918
f 2818 2917 2817
f 2918 2818 2919
f 2818 2819 2919
f 2819 2818 2719
f 2719 2818 2718
f 2315 2216 2316
f 2216 2315 2215
f 2421 2420 2321
f 2420 2320 2321
f 2420 2421 2521
f 2420 2521 2520
f 2320 2420 2319
f 2420 2419 2319
f 2519 2420 2520
f 2419 2420 2519
f 5804 5803 5703
f 5704 5804 5703
f 6605 6604 6505
f 6604 6504 6505
f 6705 6604 6605
f 6604 6705 6704
f 6504 6604 6503
f 6604 6603 6503
f 6604 6704 6703
f 6603 6604 6703
f 7320 7319 7219
f 7320 7219 7220
f 7221 7320 7220
f 7320 7221 7321
f 7320 7419 7319
f 7320 7420 7419
f 7421 7320 7321
f 7420 7320 7421
f 7721 7620 7621
f 7721 7720 7620
f 7622 7721 7621
f 7722 7721 7622
f 7425 7324 7325
f 7424 7324 7425
f 7225 7324 7224
f 7324 7225 7325
f 7324 7424 7423
f 7323 7324 7423
f 7324 7223 7224
f 7324 7323 7223
f 6127 6028 6128
f 6028 6127 6027
f 6028 5927 5928
f 6028 6027 5927
f 5929 6028 5928
f 6029 6028 5929
f 6126 6127 6227
f 6226 6126 6227
f 6126 6026 6027
f 6127 6126 6027
f 6224 6323 6223
f 6323 6224 6324
f 6123 6224 6223
f 6124 6224 6123
f 6428 6529 6528
f 6529 6428 6429
f 6232 6331 6231
f 6331 6232 6332
f 6130 6031 6131
f 6031 6130 6030
f 5517 5418 5518
f 5517 5417 5418
f 5517 5618 5617
f 5618 5517 5518
f 5417 5517 5416
f 5517 5516 5416
f 5616 5517 5617
f 5516 5517 5616
f 7705 7805 7804
f 7704 7705 7804
f 7705 7706 7806
f 7805 7705 7806
f 7705 7704 7604
f 7605 7705 7604
f 7606 7705 7605
f 7705 7606 7706
f 7606 7507 7607
f 7606 7506 7507
f 7707 7606 7607
f 7706 7606 7707
f 7606 7505 7506
f 7606 7605 7505
f 8806 8706 8807
f 8706 8707 8807
f 8607 8706 8606
f 8706 8607 8707
f 8706 8605 8606
f 8706 8705 8605
f 8706 8805 8705
f 8805 8706 8806
f 8904 8805 8905
f 8805 8904 8804
f 8805 8906 8905
f 8805 8806 8906
f 8805 8804 8704
f 8705 8805 8704
f 9307 9306 9206
f 9207 9307 9206
f 9406 9307 9407
f 9307 9406 9306
f 9308 9307 9208
f 9208 9307 9207
f 9307 9408 9407
f 9307 9308 9408
f 8906 9007 9006
f 8907 9007 8906
f 8908 9007 8907
f 9008 9007 8908
f 9208 9108 9209
f 9209 9108 9109
f 8811 8712 8812
f 8811 8711 8712
f 9108 9009 9109
f 9009 9108 9008
f 8909 9009 8908
f 9009 9008 8908
f 9113 9212 9112
f 9212 9113 9213
f 9214 9113 9114
f 9113 9214 9213
f 9014 9113 9013
f 9113 9014 9114
f 9113 9012 9013
f 9012 9113 9112
f 9111 9012 9112
f 9012 9111 9011
f 9012 8912 8913
f 9013 9012 8913
f 9009 9110 9109
f 9110 9009 9010
f 9110 9210 9209
f 9110 9209 9109
f 9210 9110 9211
f 9110 9111 9211
f 9111 9110 9011
f 9110 9010 9011
f 7819 7918 7818
f 7919 7918 7819
f 7818 7918 7817
f 7918 7917 7817
f 7918 7919 8019
f 8018 7918 8019
f 8017 7916 7917
f 7916 8017 8016
f 7918 8017 7917
f 8017 7918 8018
f 7007 7107 7106
f 7006 7007 7106
f 7209 7109 7210
f 7109 7110 7210
f 7109 7010 7110
f 7010 7109 7009
f 7208 7109 7209
f 7108 7109 7208
f 7715 7816 7815
f 7816 7715 7716
f 7515 7514 7414
f 7415 7515 7414
f 7515 7415 7416
f 7516 7515 7416
f 8408 8507 8407
f 8508 8507 8408
f 8507 8406 8407
f 8507 8506 8406
f 8506 8507 8606
f 8507 8607 8606
f 8507 8608 8607
f 8608 8507 8508
f 8709 8608 8609
f 8608 8709 8708
f 8608 8508 8509
f 8609 8608 8509
f 8707 8608 8708
f 8607 8608 8707
f 8012 7912 7913
f 8013 8012 7913
f 8012 8011 7911
f 7912 8012 7911
f 8012 8013 8113
f 8112 8012 8113
f 8012 8111 8011
f 8012 8112 8111
f 6417 6517 6416
f 6517 6516 6416
f 6518 6517 6418
f 6517 6417 6418
f 6516 6517 6616
f 6517 6617 6616
f 6517 6518 6618
f 6617 6517 6618
f 6711 6810 6710
f 6810 6711 6811
f 7039 7140 7139
f 7140 7039 7040
f 7040 7039 6940
f 7039 6939 6940
f 6939 7039 6938
f 7039 7038 6938
f 7039 7139 7138
f 7038 7039 7138
f 6137 6138 6237
f 6138 6238 6237
f 6238 6138 6239
f 6239 6138 6139
f 6138 6137 6037
f 6038 6138 6037
f 6138 6039 6139
f 6138 6038 6039
f 6834 6933 6833
f 6933 6834 6934
f 6834 6833 6733
f 6734 6834 6733
f 8236 8237 8337
f 8336 8236 8337
f 4317 4416 4316
f 4416 4317 4417
f 4317 4418 4417
f 4317 4318 4418
f 4018 3917 3918
f 4018 4017 3917
f 3919 4018 3918
f 4019 4018 3919
f 9204 9205 9305
f 9204 9305 9304
f 9203 9204 9303
f 9204 9304 9303
f 9205 9204 9105
f 9204 9104 9105
f 9204 9203 9103
f 9104 9204 9103
f 9015 8916 9016
f 8916 9015 8915
f 9015 9116 9115
f 9015 9016 9116
f 8915 9015 8914
f 9015 9014 8914
f 9114 9015 9115
f 9014 9015 9114
f 5008 5009 5108
f 5108 5009 5109
f 5110 5009 5010
f 5009 5110 5109
f 5009 5008 4908
f 4909 5009 4908
f 5010 5009 4910
f 5009 4909 4910
f 4116 4215 4115
f 4215 4116 4216
f 4315 4215 4316
f 4215 4216 4316
f 5307 5408 5407
f 5308 5408 5307
f 5407 5408 5507
f 5408 5508 5507
f 5408 5308 5309
f 5409 5408 5309
f 5408 5509 5508
f 5408 5409 5509
f 4620 4720 4719
f 4619 4620 4719
f 4620 4519 4520
f 4620 4619 4519
f 4620 4721 4720
f 4620 4621 4721
f 4521 4620 4520
f 4621 4620 4521
f 5321 5422 5421
f 5422 5321 5322
f 5420 5321 5421
f 5320 5321 5420
f 4818 4919 4918
f 4819 4919 4818
f 4919 5018 4918
f 4919 5019 5018
f 5020 5021 5121
f 5120 5020 5121
f 5020 5120 5119
f 5019 5020 5119
f 5323 5424 5423
f 5323 5324 5424
f 5422 5323 5423
f 5323 5422 5322
f 5223 5323 5222
f 5222 5323 5322
f 5224 5323 5223
f 5323 5224 5324
f 5225 5224 5125
f 5224 5124 5125
f 5224 5225 5325
f 5324 5224 5325
f 5124 5224 5123
f 5224 5223 5123
f 3619 3618 3519
f 3519 3618 3518
f 3517 3618 3617
f 3618 3517 3518
f 3719 3618 3619
f 3718 3618 3719
f 3618 3717 3617
f 3618 3718 3717
f 4014 4113 4013
f 4113 4014 4114
f 4014 4015 4115
f 4014 4115 4114
f 3910 3809 3810
f 3910 3909 3809
f 3909 3910 4009
f 3910 4010 4009
f 4513 4412 4413
f 4512 4412 4513
f 4412 4312 4313
f 4413 4412 4313
f 4312 4412 4311
f 4412 4411 4311
f 4412 4511 4411
f 4511 4412 4512
f 4610 4511 4611
f 4511 4610 4510
f 4611 4511 4612
f 4511 4512 4612
f 4410 4511 4510
f 4411 4511 4410
f 2811 2710 2711
f 2710 2811 2810
f 2508 2509 2608
f 2509 2609 2608
f 2509 2508 2408
f 2409 2509 2408
f 2410 2509 2409
f 2509 2410 2510
f 2410 2309 2310
f 2410 2409 2309
f 2311 2410 2310
f 2410 2311 2411
f 2211 2311 2210
f 2311 2310 2210
f 2311 2211 2212
f 2312 2311 2212
f 2514 2615 2614
f 2615 2514 2515
f 2417 2416 2317
f 2317 2416 2316
f 2416 2417 2517
f 2516 2416 2517
f 2616 2615 2515
f 2516 2616 2515
f 1811 1812 1912
f 1911 1811 1912
f 1811 1910 1810
f 1910 1811 1911
f 1811 1712 1812
f 1811 1711 1712
f 1710 1811 1810
f 1711 1811 1710
f 3013 3014 3113
f 3014 3114 3113
f 3114 3014 3115
f 3115 3014 3015
f 3014 2915 3015
f 3014 2914 2915
f 2814 2815 2915
f 2914 2814 2915
f 2814 2714 2715
f 2815 2814 2715
f 3014 2913 2914
f 2913 3014 3013
f 2913 2814 2914
f 2814 2913 2813
f 2913 3013 3012
f 2912 2913 3012
f 2811 2910 2810
f 2910 2811 2911
f 2809 2910 2909
f 2910 2809 2810
f 3011 2910 2911
f 3010 2910 3011
f 2910 3009 2909
f 2910 3010 3009
f 3510 3411 3511
f 3410 3411 3510
f 3512 3411 3412
f 3411 3512 3511
f 3412 3411 3312
f 3411 3311 3312
f 3409 3310 3410
f 3310 3409 3309
f 3411 3310 3311
f 3310 3411 3410
f 3310 3209 3210
f 3209 3310 3309
f 3310 3210 3211
f 3311 3310 3211
f 3507 3406 3407
f 3507 3506 3406
f 3506 3507 3606
f 3507 3607 3606
f 2705 2605 2606
f 2706 2705 2606
f 2605 2705 2604
f 2604 2705 2704
f 2705 2706 2806
f 2805 2705 2806
f 2704 2705 2804
f 2705 2805 2804
f 3201 3202 3301
f 3301 3202 3302
f 2903 2803 2804
f 2904 2903 2804
f 3105 3004 3005
f 3104 3004 3105
f 3004 2905 3005
f 3004 2904 2905
f 2801 2802 2901
f 2802 2902 2901
f 2903 2802 2803
f 2802 2903 2902
f 2701 2802 2801
f 2702 2802 2701
f 2803 2802 2703
f 2802 2702 2703
f 3602 3502 3603
f 3502 3503 3603
f 3502 3601 3501
f 3601 3502 3602
f 3503 3502 3403
f 3502 3402 3403
f 3401 3502 3501
f 3402 3502 3401
f 1411 1512 1511
f 1411 1412 1512
f 1411 1510 1410
f 1510 1411 1511
f 1411 1312 1412
f 1411 1311 1312
f 1310 1411 1410
f 1311 1411 1310
f 1404 1503 1403
f 1504 1503 1404
f 1503 1502 1402
f 1503 1402 1403
f 1503 1504 1604
f 1603 1503 1604
f 1502 1503 1602
f 1503 1603 1602
f 1822 1922 1921
f 1822 1921 1821
f 1822 1721 1722
f 1721 1822 1821
f 1922 1822 1923
f 1822 1823 1923
f 1723 1822 1722
f 1823 1822 1723
f 528 429 529
f 428 429 528
f 529 429 530
f 429 430 530
f 429 428 328
f 329 429 328
f 430 429 330
f 429 329 330
f 1325 1424 1324
f 1424 1325 1425
f 1325 1225 1226
f 1325 1226 1326
f 1224 1325 1324
f 1225 1325 1224
f 1227 1126 1127
f 1227 1226 1126
f 1226 1227 1326
f 1227 1327 1326
f 1525 1424 1425
f 1424 1525 1524
f 1525 1624 1524
f 1624 1525 1625
f 1525 1626 1625
f 1525 1526 1626
f 1426 1325 1326
f 1325 1426 1425
f 1525 1426 1526
f 1426 1525 1425
f 1327 1426 1326
f 1426 1327 1427
f 1426 1427 1527
f 1526 1426 1527
f 925 1025 1024
f 924 925 1024
f 824 925 924
f 825 925 824
f 221 322 321
f 221 222 322
f 320 221 321
f 220 221 320
f 221 122 222
f 221 121 122
f 221 220 120
f 121 221 120
f 1020 1021 1120
f 1021 1121 1120
f 1021 1020 920
f 921 1021 920
f 1121 1021 1122
f 1021 1022 1122
f 1021 921 922
f 1022 1021 922
f 1130 1031 1131
f 1031 1130 1030
f 1231 1130 1131
f 1130 1231 1230
f 1130 1029 1030
f 1130 1129 1029
f 1130 1230 1229
f 1129 1130 1229
f 705 806 805
f 806 705 706
f 804 705 805
f 704 705 804
f 502 501 401
f 402 502 401
f 501 502 601
f 502 602 601
f 602 502 603
f 502 503 603
f 502 403 503
f 403 502 402
f 304 403 303
f 404 403 304
f 303 403 302
f 403 402 302
f 504 403 404
f 503 403 504
f 801 802 901
f 802 902 901
f 802 701 702
f 701 802 801
f 802 903 902
f 802 803 903
f 703 802 702
f 803 802 703
f 4595 4694 4594
f 4694 4595 4695
f 4595 4594 4494
f 4495 4595 4494
f 4896 4796 4897
f 4897 4796 4797
f 4796 4697 4797
f 4796 4696 4697
f 4194 4093 4094
f 4093 4194 4193
f 4194 4294 4293
f 4194 4293 4193
f 4194 4094 4095
f 4195 4194 4095
f 4294 4194 4295
f 4194 4195 4295
f 4195 4096 4196
f 4096 4195 4095
f 4096 3997 4097
f 3997 4096 3996
f 3997 3898 3998
f 3997 3897 3898
f 4098 3997 3998
f 4097 3997 4098
f 4197 4096 4097
f 4096 4197 4196
f 4197 4298 4297
f 4298 4197 4198
f 4197 4297 4296
f 4196 4197 4296
f 4198 4197 4098
f 4197 4097 4098
f 3495 3496 3596
f 3495 3596 3595
f 3495 3595 3594
f 3494 3495 3594
f 3496 3495 3396
f 3495 3395 3396
f 3394 3495 3494
f 3395 3495 3394
f 3890 3989 3889
f 3989 3890 3990
f 3989 3888 3889
f 3989 3988 3888
f 4088 4187 4087
f 4187 4088 4188
f 3988 4088 3987
f 3987 4088 4087
f 4388 4487 4387
f 4487 4388 4488
f 4388 4489 4488
f 4388 4389 4489
f 1774 1775 1874
f 1775 1875 1874
f 1775 1776 1876
f 1875 1775 1876
f 1776 1775 1676
f 1775 1675 1676
f 1775 1674 1675
f 1674 1775 1774
f 1573 1674 1673
f 1674 1573 1574
f 1674 1773 1673
f 1674 1774 1773
f 1674 1574 1575
f 1675 1674 1575
f 1779 1680 1780
f 1680 1779 1679
f 1679 1779 1678
f 1779 1778 1678
f 1878 1977 1877
f 1977 1878 1978
f 1878 1877 1777
f 1778 1878 1777
f 2079 1980 2080
f 1980 2079 1979
f 2079 2180 2179
f 2079 2080 2180
f 2079 2078 1978
f 2079 1978 1979
f 2079 2179 2178
f 2078 2079 2178
f 1993 1892 1893
f 1892 1993 1992
f 1993 1893 1894
f 1994 1993 1894
f 2397 2296 2297
f 2296 2397 2396
f 2593 2692 2592
f 2693 2692 2593
f 2592 2692 2591
f 2692 2691 2591
f 2793 2692 2693
f 2792 2692 2793
f 2692 2791 2691
f 2692 2792 2791
f 3392 3291 3292
f 3391 3291 3392
f 3291 3192 3292
f 3192 3291 3191
f 3390 3291 3391
f 3290 3291 3390
f 3191 3291 3190
f 3291 3290 3190
f 3589 3690 3689
f 3690 3589 3590
f 3690 3789 3689
f 3789 3690 3790
f 3995 4096 4095
f 4096 3995 3996
f 4094 3994 4095
f 3994 3995 4095
f 3597 3696 3596
f 3696 3597 3697
f 3596 3695 3595
f 3696 3695 3596
f 3990 3991 4090
f 4090 3991 4091
f 4192 4092 4193
f 4092 4093 4193
f 4092 3991 3992
f 3991 4092 4091
f 1897 1796 1797
f 1796 1897 1896
f 1797 1796 1697
f 1796 1696 1697
f 3073 3072 2972
f 3073 2972 2973
f 3074 3073 2974
f 3073 2973 2974
f 3073 3074 3174
f 3173 3073 3174
f 3172 3073 3173
f 3073 3172 3072
f 3171 3172 3271
f 3172 3272 3271
f 3172 3171 3071
f 3072 3172 3071
f 3172 3273 3272
f 3172 3173 3273
f 3175 3275 3174
f 3275 3274 3174
f 3275 3176 3276
f 3275 3175 3176
f 3376 3275 3276
f 3375 3275 3376
f 3374 3275 3375
f 3275 3374 3274
f 3473 3374 3474
f 3374 3473 3373
f 3273 3374 3373
f 3274 3374 3273
f 3374 3475 3474
f 3374 3375 3475
f 2372 2473 2472
f 2372 2373 2473
f 2372 2471 2371
f 2471 2372 2472
f 2373 2372 2273
f 2372 2272 2273
f 2271 2372 2371
f 2272 2372 2271
f 2184 2085 2185
f 2085 2184 2084
f 2186 2085 2086
f 2185 2085 2186
f 1985 2085 1984
f 1984 2085 2084
f 2085 1986 2086
f 2085 1985 1986
f 3886 3787 3887
f 3787 3886 3786
f 3886 3785 3786
f 3886 3885 3785
f 3985 4085 4084
f 3984 3985 4084
f 3885 3985 3884
f 3985 3984 3884
f 2985 3085 2984
f 3085 3084 2984
f 3086 3085 2986
f 3085 2985 2986
f 3085 3086 3186
f 3185 3085 3186
f 3184 3085 3185
f 3085 3184 3084
f 3283 3184 3284
f 3184 3283 3183
f 3083 3184 3183
f 3084 3184 3083
f 3284 3184 3285
f 3184 3185 3285
f 3686 3586 3687
f 3586 3587 3687
f 3487 3586 3486
f 3587 3586 3487
f 3586 3686 3685
f 3585 3586 3685
f 3586 3485 3486
f 3586 3585 3485
f 3970 4071 4070
f 3971 4071 3970
f 4170 4071 4171
f 4070 4071 4170
f 4071 3971 3972
f 4072 4071 3972
f 4071 4172 4171
f 4071 4072 4172
f 5160 5259 5159
f 5259 5160 5260
f 5259 5260 5360
f 5259 5360 5359
f 5358 5259 5359
f 5258 5259 5358
f 5158 5259 5258
f 5259 5158 5159
f 5158 5057 5058
f 5158 5157 5057
f 5059 5158 5058
f 5159 5158 5059
f 5157 5158 5257
f 5158 5258 5257
f 8164 8263 8163
f 8264 8263 8164
f 8163 8263 8162
f 8263 8262 8162
f 8262 8263 8362
f 8263 8363 8362
f 8265 8364 8264
f 8364 8265 8365
f 8263 8364 8363
f 8364 8263 8264
f 8363 8364 8463
f 8463 8364 8464
f 8467 8367 8468
f 8367 8368 8468
f 5643 5544 5644
f 5544 5643 5543
f 5644 5544 5645
f 5544 5545 5645
f 4947 5047 4946
f 5047 5046 4946
f 5048 5047 4948
f 5047 4947 4948
f 5046 5047 5146
f 5047 5147 5146
f 5047 5048 5148
f 5147 5047 5148
f 6440 6441 6540
f 6441 6541 6540
f 6441 6440 6340
f 6341 6441 6340
f 6548 6448 6549
f 6448 6449 6549
f 6547 6448 6548
f 6447 6448 6547
f 5842 5943 5942
f 5842 5843 5943
f 5743 5842 5742
f 5843 5842 5743
f 5841 5842 5941
f 5941 5842 5942
f 5842 5741 5742
f 5842 5841 5741
f 5238 5338 5237
f 5338 5337 5237
f 5337 5338 5437
f 5338 5438 5437
f 5639 5638 5538
f 5639 5538 5539
f 5242 5241 5142
f 5241 5141 5142
f 5241 5242 5342
f 5341 5241 5342
f 5141 5241 5140
f 5241 5240 5140
f 5634 5535 5635
f 5535 5634 5534
f 5535 5534 5434
f 5435 5535 5434
f 5436 5535 5435
f 5536 5535 5436
f 5535 5536 5636
f 5535 5636 5635
f 5938 5939 6039
f 6038 5938 6039
f 5938 5839 5939
f 5839 5938 5838
f 5938 6038 6037
f 5937 5938 6037
f 5938 5837 5838
f 5837 5938 5937
f 5835 5936 5935
f 5836 5936 5835
f 6035 5936 6036
f 5936 6035 5935
f 5936 5837 5937
f 5837 5936 5836
f 6036 5936 6037
f 5936 5937 6037
f 5837 5737 5838
f 5838 5737 5738
f 5638 5737 5637
f 5737 5638 5738
f 5736 5737 5836
f 5737 5837 5836
f 5737 5636 5637
f 5737 5736 5636
f 8753 8853 8852
f 8752 8753 8852
f 8753 8754 8854
f 8853 8753 8854
f 8652 8753 8752
f 8653 8753 8652
f 8754 8753 8654
f 8753 8653 8654
f 7447 7448 7548
f 7547 7447 7548
f 7541 7442 7542
f 7442 7541 7441
f 7341 7442 7441
f 7342 7442 7341
f 7067 7066 6967
f 7066 6966 6967
f 7066 7167 7166
f 7066 7067 7167
f 7165 7066 7166
f 7065 7066 7165
f 6965 7066 7065
f 7066 6965 6966
f 6965 6964 6864
f 6865 6965 6864
f 6965 6865 6866
f 6966 6965 6866
f 6964 6965 7064
f 6965 7065 7064
f 5350 5450 5349
f 5450 5449 5349
f 5450 5351 5451
f 5450 5350 5351
f 5449 5450 5549
f 5450 5550 5549
f 5551 5450 5451
f 5550 5450 5551
f 5851 5852 5952
f 5951 5851 5952
f 5852 5851 5752
f 5851 5751 5752
f 5851 5951 5950
f 5850 5851 5950
f 5750 5851 5850
f 5851 5750 5751
f 5650 5649 5549
f 5550 5650 5549
f 5650 5551 5651
f 5650 5550 5551
f 5649 5650 5749
f 5650 5750 5749
f 5751 5650 5651
f 5750 5650 5751
f 6550 6649 6549
f 6649 6550 6650
f 6550 6651 6650
f 6550 6551 6651
f 4786 4686 4787
f 4787 4686 4687
f 4687 4686 4587
f 4686 4586 4587
f 4785 4686 4786
f 4685 4686 4785
f 4586 4686 4585
f 4686 4685 4585
f 5091 4992 5092
f 4992 5091 4991
f 5092 4992 5093
f 4992 4993 5093
f 4992 4991 4891
f 4892 4992 4891
f 4992 4892 4893
f 4992 4893 4993
f 4995 5096 5095
f 5096 4995 4996
f 5591 5692 5691
f 5692 5591 5592
f 5894 5793 5794
f 5793 5894 5893
f 5793 5694 5794
f 5793 5693 5694
f 5594 5695 5694
f 5695 5594 5595
f 5195 5194 5095
f 5194 5094 5095
f 5194 5193 5093
f 5094 5194 5093
f 7187 7188 7288
f 7187 7288 7287
f 7088 6989 7089
f 6989 7088 6988
f 7189 7088 7089
f 7188 7088 7189
f 7491 7390 7391
f 7390 7491 7490
f 7489 7390 7490
f 7390 7489 7389
f 7390 7290 7291
f 7390 7291 7391
f 7289 7388 7288
f 7388 7289 7389
f 7390 7289 7290
f 7289 7390 7389
f 7289 7188 7189
f 7188 7289 7288
f 7190 7289 7189
f 7290 7289 7190
f 7593 7692 7592
f 7593 7693 7692
f 7493 7593 7492
f 7492 7593 7592
f 8096 7997 8097
f 8096 7996 7997
f 8395 8494 8394
f 8494 8395 8495
f 7484 7585 7584
f 7585 7484 7485
f 7484 7384 7385
f 7484 7385 7485
f 7285 7286 7385
f 7286 7386 7385
f 7286 7387 7386
f 7387 7286 7287
f 7288 7387 7287
f 7388 7387 7288
f 6587 6688 6687
f 6688 6587 6588
f 6686 6787 6786
f 6687 6787 6686
f 9191 9292 9291
f 9292 9191 9192
f 9292 9193 9293
f 9193 9292 9192
f 8597 8698 8697
f 8597 8598 8698
f 8696 8597 8697
f 8597 8696 8596
f 8598 8597 8498
f 8597 8497 8498
f 8497 8597 8496
f 8496 8597 8596
f 9197 9096 9097
f 9096 9197 9196
f 9097 9096 8997
f 9096 8996 8997
f 8896 8995 8895
f 8996 8995 8896
f 9295 9395 9394
f 9295 9394 9294
f 9299 9298 9199
f 9298 9198 9199
f 9298 9299 9399
f 9398 9298 9399
f 9198 9298 9197
f 9298 9297 9197
f 9298 9398 9397
f 9297 9298 9397
f 8793 8692 8693
f 8793 8792 8692
f 8792 8793 8892
f 8793 8893 8892
f 8793 8894 8893
f 8894 8793 8794
f 8995 8894 8895
f 8894 8995 8994
f 8895 8894 8795
f 8894 8794 8795
f 8993 8894 8994
f 8893 8894 8993
f 8694 8793 8693
f 8793 8694 8794
f 8694 8695 8795
f 8794 8694 8795
f 8791 8792 8892
f 8891 8791 8892
f 8791 8890 8790
f 8890 8791 8891
f 8792 8791 8692
f 8791 8691 8692
f 8687 8788 8787
f 8788 8687 8688
f 8689 8788 8688
f 8789 8788 8689
f 8788 8887 8787
f 8887 8788 8888
f 8988 8887 8888
f 8887 8988 8987
f 8886 8887 8986
f 8887 8987 8986
f 8787 8887 8786
f 8887 8886 8786
f 8285 8286 8385
f 8286 8386 8385
f 8587 8588 8688
f 8687 8587 8688
f 7891 7791 7792
f 7892 7891 7792
f 7996 7995 7896
f 7995 7895 7896
f 8096 7995 7996
f 7995 8096 8095
f 7994 7995 8094
f 8094 7995 8095
f 7894 7995 7994
f 7995 7894 7895
f 7894 7795 7895
f 7795 7894 7794
f 7894 7994 7993
f 7893 7894 7993
f 7894 7893 7793
f 7794 7894 7793
f 7593 7694 7693
f 7694 7593 7594
f 7693 7694 7793
f 7694 7794 7793
f 7694 7795 7794
f 7694 7695 7795
f 7694 7595 7695
f 7595 7694 7594
f 7595 7495 7496
f 7596 7595 7496
f 7695 7595 7696
f 7696 7595 7596
f 6890 6991 6990
f 6991 6890 6891
f 7394 7293 7294
f 7293 7394 7393
f 7595 7494 7495
f 7494 7595 7594
f 7593 7494 7594
f 7494 7593 7493
f 7494 7493 7393
f 7394 7494 7393
f 7495 7494 7395
f 7494 7394 7395
f 6692 6591 6592
f 6691 6591 6692
f 6489 6488 6388
f 6389 6489 6388
f 6490 6489 6390
f 6489 6389 6390
f 7396 7397 7496
f 7397 7497 7496
f 7397 7498 7497
f 7498 7397 7398
f 7397 7396 7296
f 7297 7397 7296
f 7398 7397 7298
f 7397 7297 7298
f 7600 7499 7500
f 7599 7499 7600
f 7499 7400 7500
f 7400 7499 7399
f 7499 7599 7598
f 7498 7499 7598
f 7499 7398 7399
f 7499 7498 7398
f 7779 7878 7778
f 7878 7779 7879
f 7779 7880 7879
f 7880 7779 7780
f 6385 6284 6285
f 6385 6384 6284
f 6385 6484 6384
f 6385 6485 6484
f 6079 5980 6080
f 6079 5979 5980
f 6079 6080 6180
f 6179 6079 6180
f 7180 7281 7280
f 7281 7180 7181
f 7279 7180 7280
f 7180 7279 7179
f 7181 7180 7081
f 7180 7080 7081
f 7079 7180 7179
f 7080 7180 7079
f 7278 7277 7177
f 7178 7278 7177
f 7377 7278 7378
f 7278 7377 7277
f 7278 7178 7179
f 7279 7278 7179
f 7278 7379 7378
f 7278 7279 7379
f 6470 6370 6371
f 6471 6470 6371
f 6470 6471 6571
f 6570 6470 6571
f 6569 6668 6568
f 6668 6569 6669
f 6670 6569 6570
f 6569 6670 6669
f 6770 6869 6769
f 6770 6870 6869
f 6770 6771 6871
f 6870 6770 6871
f 6670 6770 6669
f 6669 6770 6769
f 6771 6770 6671
f 6770 6670 6671
f 6373 6274 6374
f 6273 6274 6373
f 6174 6274 6173
f 6274 6273 6173
f 6274 6375 6374
f 6274 6275 6375
f 6175 6274 6174
f 6275 6274 6175
f 4481 4581 4480
f 4581 4580 4480
f 4581 4481 4482
f 4582 4581 4482
f 4581 4680 4580
f 4581 4681 4680
f 4681 4581 4682
f 4581 4582 4682
f 4483 4583 4482
f 4583 4582 4482
f 4583 4683 4682
f 4582 4583 4682
f 4583 4483 4484
f 4584 4583 4484
f 4583 4684 4683
f 4583 4584 4684
f 4178 4277 4177
f 4277 4178 4278
f 4178 4279 4278
f 4178 4179 4279
f 1530 1431 1531
f 1530 1430 1431
f 1530 1631 1630
f 1631 1530 1531
f 1530 1630 1629
f 1529 1530 1629
f 1429 1530 1529
f 1530 1429 1430
f 1429 1329 1330
f 1430 1429 1330
f 1429 1528 1428
f 1429 1529 1528
f 2137 2138 2237
f 2138 2238 2237
f 2238 2138 2239
f 2138 2139 2239
f 4534 4533 4434
f 4533 4433 4434
f 4630 4631 4730
f 4631 4731 4730
f 4732 4832 4831
f 4731 4732 4831
f 4833 4732 4733
f 4832 4732 4833
f 4631 4732 4731
f 4732 4631 4632
f 3925 3824 3825
f 3824 3925 3924
f 3925 4024 3924
f 3925 4025 4024
f 4526 4625 4525
f 4626 4625 4526
f 4525 4625 4524
f 4625 4624 4524
f 4625 4626 4726
f 4725 4625 4726
f 4624 4625 4724
f 4625 4725 4724
f 3728 3628 3729
f 3628 3629 3729
f 3627 3628 3727
f 3628 3728 3727
f 3628 3627 3527
f 3528 3628 3527
f 3529 3628 3528
f 3628 3529 3629
f 3529 3429 3430
f 3530 3529 3430
f 3629 3529 3630
f 3630 3529 3530
f 3529 3428 3429
f 3529 3528 3428
f 2636 2537 2637
f 2537 2636 2536
f 2436 2537 2536
f 2437 2537 2436
f 2439 2438 2339
f 2438 2338 2339
f 2438 2337 2338
f 2438 2437 2337
f 3850 3949 3849
f 3949 3850 3950
f 3746 3847 3846
f 3847 3746 3747
f 3848 3847 3748
f 3847 3747 3748
f 3847 3946 3846
f 3847 3947 3946
f 4448 4549 4548
f 4549 4448 4449
f 4547 4448 4548
f 4447 4448 4547
f 4248 4149 4249
f 4149 4248 4148
f 4248 4247 4147
f 4248 4147 4148
f 4249 4150 4250
f 4149 4150 4249
f 4150 4251 4250
f 4150 4151 4251
f 2643 2544 2644
f 2543 2544 2643
f 2640 2541 2641
f 2540 2541 2640
f 3643 3642 3542
f 3543 3643 3542
f 3643 3543 3544
f 3643 3544 3644
f 3643 3742 3642
f 3643 3743 3742
f 3743 3643 3744
f 3643 3644 3744
f 3548 3547 3448
f 3547 3447 3448
f 3547 3548 3648
f 3647 3547 3648
f 3646 3745 3645
f 3745 3646 3746
f 3646 3647 3747
f 3746 3646 3747
f 3737 3736 3636
f 3637 3737 3636
f 3737 3638 3738
f 3638 3737 3637
f 3736 3737 3836
f 3737 3837 3836
f 3838 3737 3738
f 3837 3737 3838
f 2747 2647 2748
f 2647 2648 2748
f 2648 2647 2548
f 2647 2547 2548
f 2647 2747 2746
f 2646 2647 2746
f 2150 2049 2050
f 2150 2149 2049
f 2150 2051 2151
f 2051 2150 2050
f 2150 2250 2249
f 2149 2150 2249
f 2150 2151 2251
f 2250 2150 2251
f 2347 2446 2346
f 2446 2347 2447
f 2347 2448 2447
f 2347 2348 2448
f 2146 2046 2047
f 2147 2146 2047
f 2045 2146 2145
f 2046 2146 2045
f 2146 2245 2145
f 2146 2246 2245
f 1459 1359 1460
f 1359 1360 1460
f 1358 1359 1458
f 1359 1459 1458
f 1360 1359 1260
f 1359 1259 1260
f 1258 1359 1358
f 1259 1359 1258
f 2269 2268 2169
f 2268 2168 2169
f 2168 2268 2167
f 2167 2268 2267
f 2268 2367 2267
f 2268 2368 2367
f 2268 2369 2368
f 2369 2268 2269
f 2469 2369 2470
f 2369 2370 2470
f 2370 2369 2270
f 2369 2269 2270
f 2468 2369 2469
f 2368 2369 2468
f 1370 1471 1470
f 1471 1370 1371
f 1471 1372 1472
f 1471 1371 1372
f 1471 1570 1470
f 1471 1571 1570
f 1572 1471 1472
f 1571 1471 1572
f 1073 1172 1072
f 1172 1073 1173
f 1273 1172 1173
f 1272 1172 1273
f 3357 3256 3257
f 3356 3256 3357
f 3355 3256 3356
f 3255 3256 3355
f 3777 3776 3677
f 3776 3676 3677
f 3876 3776 3877
f 3776 3777 3877
f 3776 3675 3676
f 3776 3775 3675
f 3875 3776 3876
f 3775 3776 3875
f 689 589 590
f 690 689 590
f 689 688 588
f 589 689 588
f 689 690 790
f 789 689 790
f 688 689 788
f 689 789 788
f 368 269 369
f 269 368 268
f 1079 1179 1078
f 1179 1178 1078
f 1278 1179 1279
f 1179 1278 1178
f 1080 1179 1079
f 1180 1179 1080
f 1279 1179 1280
f 1179 1180 1280
f 969 869 970
f 869 870 970
f 869 968 868
f 968 869 969
f 870 869 770
f 869 769 770
f 768 869 868
f 769 869 768
f 2230 2331 2330
f 2231 2331 2230
f 2331 2430 2330
f 2331 2431 2430
f 2232 2331 2231
f 2332 2331 2232
f 2331 2432 2431
f 2331 2332 2432
f 1449 1348 1349
f 1448 1348 1449
f 1348 1448 1447
f 1347 1348 1447
f 1146 1247 1246
f 1247 1146 1147
f 1247 1346 1246
f 1247 1347 1346
f 8739 8640 8740
f 8640 8739 8639
f 9534 9434 9535
f 9535 9434 9435
f 9533 9434 9534
f 9433 9434 9533
f 9638 9537 9538
f 9537 9638 9637
f 9638 9538 9539
f 9639 9638 9539
f 9042 9041 8942
f 9041 8941 8942
f 8841 8741 8742
f 8842 8841 8742
f 8841 8842 8942
f 8941 8841 8942
f 9443 9342 9343
f 9342 9443 9442
f 9441 9342 9442
f 9341 9342 9441
f 9241 9341 9340
f 9240 9241 9340
f 9436 9336 9437
f 9336 9337 9437
f 9336 9436 9435
f 9335 9336 9435
f 9336 9236 9237
f 9337 9336 9237
f 9236 9336 9235
f 9336 9335 9235
f 9133 9132 9032
f 9033 9133 9032
f 9133 9034 9134
f 9034 9133 9033
f 9132 9133 9232
f 9133 9233 9232
f 9133 9134 9234
f 9233 9133 9234
f 8437 8536 8436
f 8536 8437 8537
f 8536 8537 8637
f 8636 8536 8637
f 8935 8835 8936
f 8835 8836 8936
f 8632 8531 8532
f 8632 8631 8531
f 8630 8729 8629
f 8630 8730 8729
f 8630 8629 8529
f 8530 8630 8529
f 8730 8630 8731
f 8630 8631 8731
f 8531 8630 8530
f 8631 8630 8531
f 7833 7934 7933
f 7834 7934 7833
f 7835 7934 7834
f 7935 7934 7835
f 8036 8035 7936
f 8035 7935 7936
f 9416 9315 9316
f 9416 9415 9315
f 9416 9316 9317
f 9417 9416 9317
f 8221 8321 8220
f 8321 8320 8220
f 8321 8221 8222
f 8322 8321 8222
f 8519 8419 8420
f 8519 8420 8520
f 8519 8620 8619
f 8620 8519 8520
f 8519 8418 8419
f 8519 8518 8418
f 8519 8619 8618
f 8518 8519 8618
f 9663 9564 9664
f 9564 9663 9563
f 9665 9564 9565
f 9664 9564 9665
f 9464 9564 9463
f 9463 9564 9563
f 9564 9465 9565
f 9564 9464 9465
f 8863 8862 8763
f 8862 8762 8763
f 8862 8963 8962
f 8963 8862 8863
f 8862 8761 8762
f 8862 8861 8761
f 8862 8962 8961
f 8861 8862 8961
f 8043 8144 8143
f 8144 8043 8044
f 9044 8943 8944
f 8943 9044 9043
f 8945 8845 8846
f 8946 8945 8846
f 8845 8945 8844
f 8945 8944 8844
f 8945 9044 8944
f 9044 8945 9045
f 8945 9046 9045
f 9046 8945 8946
f 9147 9046 9047
f 9146 9046 9147
f 9047 9046 8947
f 9046 8946 8947
f 9046 9146 9145
f 9045 9046 9145
f 9793 9693 9794
f 9794 9693 9694
f 9693 9793 9792
f 9692 9693 9792
f 9891 9791 9892
f 9791 9792 9892
f 9791 9891 9890
f 9790 9791 9890
f 9895 9796 9896
f 9795 9796 9895
f 9796 9897 9896
f 9796 9797 9897
f 9796 9795 9695
f 9696 9796 9695
f 9797 9796 9697
f 9796 9696 9697
f 9387 9486 9386
f 9486 9387 9487
f 9387 9287 9288
f 9388 9387 9288
f 9387 9388 9488
f 9387 9488 9487
f 9486 9587 9586
f 9587 9486 9487
f 9587 9488 9588
f 9488 9587 9487
f 9687 9587 9688
f 9688 9587 9588
f 9581 9580 9480
f 9481 9581 9480
f 9581 9681 9680
f 9580 9581 9680
f 9085 9185 9084
f 9185 9184 9084
f 9086 9185 9085
f 9185 9086 9186
f 9184 9185 9284
f 9185 9285 9284
f 9387 9286 9287
f 9286 9387 9386
f 9185 9286 9285
f 9286 9185 9186
f 9286 9187 9287
f 9187 9286 9186
f 9385 9286 9386
f 9285 9286 9385
f 9381 9281 9382
f 9281 9282 9382
f 9182 9083 9183
f 9083 9182 9082
f 9283 9182 9183
f 9282 9182 9283
f 8988 9087 8987
f 9087 8988 9088
f 9187 9087 9188
f 9188 9087 9088
f 9087 9187 9186
f 9086 9087 9186
f 9087 9086 8986
f 8987 9087 8986
f 8889 8988 8888
f 8988 8889 8989
f 8788 8889 8888
f 8889 8788 8789
f 8890 8889 8790
f 8889 8789 8790
f 8989 8889 8990
f 8889 8890 8990
f 9092 9193 9192
f 9193 9092 9093
f 9091 9092 9191
f 9191 9092 9192
f 9783 9784 9883
f 9784 9884 9883
f 8568 8569 8668
f 8569 8669 8668
f 8881 8882 8982
f 8981 8881 8982
f 8882 8881 8782
f 8881 8781 8782
f 8781 8680 8681
f 8680 8781 8780
f 8476 8577 8576
f 8577 8476 8477
f 8779 8680 8780
f 8680 8779 8679
f 8775 8776 8876
f 8875 8775 8876
f 8775 8875 8874
f 8774 8775 8874
f 8675 8775 8674
f 8674 8775 8774
f 8670 8771 8770
f 8771 8670 8671
f 8870 8771 8871
f 8771 8870 8770
f 8771 8671 8672
f 8772 8771 8672
f 8871 8771 8872
f 8771 8772 8872
f 9380 9381 9481
f 9380 9481 9480
f 9777 9878 9877
f 9777 9778 9878
f 9777 9876 9776
f 9876 9777 9877
f 9778 9777 9678
f 9777 9677 9678
f 9676 9777 9776
f 9677 9777 9676
f 8875 8976 8975
f 8976 8875 8876
f 8976 9075 8975
f 9075 8976 9076
f 8978 8979 9079
f 8978 9079 9078
f 8879 8978 8878
f 8978 8879 8979
f 9569 9470 9570
f 9470 9569 9469
f 9569 9668 9568
f 9668 9569 9669
f 9569 9670 9669
f 9569 9570 9670
f 9771 9870 9770
f 9870 9771 9871
f 9872 9771 9772
f 9871 9771 9872
f 9670 9771 9770
f 9671 9771 9670
f 9771 9672 9772
f 9771 9671 9672
f 9367 9267 9268
f 9368 9367 9268
f 9266 9367 9366
f 9367 9266 9267
f 9366 9367 9466
f 9367 9467 9466
f 9468 9569 9568
f 9569 9468 9469
f 9367 9468 9467
f 9468 9367 9368
f 9468 9368 9369
f 9468 9369 9469
f 9467 9468 9567
f 9468 9568 9567
f 9461 9360 9361
f 9360 9461 9460
f 9362 9461 9361
f 9462 9461 9362
f 9768 9769 9869
f 9868 9768 9869
f 9767 9768 9867
f 9768 9868 9867
f 9769 9768 9669
f 9768 9668 9669
f 9667 9768 9767
f 9668 9768 9667
f 8564 8563 8463
f 8564 8463 8464
f 8765 8666 8766
f 8666 8765 8665
f 8666 8767 8766
f 8767 8666 8667
f 8785 8886 8885
f 8886 8785 8786
f 8179 8279 8278
f 8178 8179 8278
f 8179 8178 8078
f 8079 8179 8078
f 7979 7978 7878
f 7979 7878 7879
f 7880 7979 7879
f 7979 7880 7980
f 7978 7979 8078
f 7979 8079 8078
f 8080 7979 7980
f 7979 8080 8079
f 8381 8382 8481
f 8382 8482 8481
f 8382 8281 8282
f 8281 8382 8381
f 5232 5133 5233
f 5132 5133 5232
f 5233 5133 5234
f 5234 5133 5134
f 5133 5132 5032
f 5033 5133 5032
f 5135 5034 5035
f 5034 5135 5134
f 5133 5034 5134
f 5034 5133 5033
f 4849 4750 4850
f 4749 4750 4849
f 4851 4750 4751
f 4850 4750 4851
f 4750 4749 4649
f 4650 4750 4649
f 4750 4651 4751
f 4750 4650 4651
f 6744 6743 6643
f 6644 6744 6643
f 6744 6843 6743
f 6744 6844 6843
f 6744 6644 6645
f 6745 6744 6645
f 6844 6744 6845
f 6744 6745 6845
f 3117 3217 3216
f 3116 3117 3216
f 3217 3117 3218
f 3117 3118 3218
f 3118 3117 3018
f 3117 3017 3018
f 3117 3016 3017
f 3016 3117 3116
f 2916 3016 2915
f 2915 3016 3015
f 3016 3116 3115
f 3016 3115 3015
f 2917 3016 2916
f 3017 3016 2917
f 3419 3319 3420
f 3319 3320 3420
f 3418 3319 3419
f 3319 3418 3318
f 3319 3220 3320
f 3319 3219 3220
f 3319 3318 3218
f 3219 3319 3218
f 2015 2116 2115
f 2016 2116 2015
f 2116 2215 2115
f 2116 2216 2215
f 5806 5707 5807
f 5806 5706 5707
f 5907 5806 5807
f 5906 5806 5907
f 6005 6104 6004
f 6104 6005 6105
f 5904 6005 6004
f 6005 5904 5905
f 6003 5904 6004
f 5904 6003 5903
f 5803 5904 5903
f 5804 5904 5803
f 7921 7821 7922
f 7821 7822 7922
f 7821 7921 7920
f 7821 7920 7820
f 7821 7722 7822
f 7821 7721 7722
f 7720 7821 7820
f 7721 7821 7720
f 6325 6225 6326
f 6326 6225 6226
f 6225 6325 6324
f 6224 6225 6324
f 6326 6427 6426
f 6327 6427 6326
f 6427 6527 6526
f 6427 6526 6426
f 6527 6427 6528
f 6427 6428 6528
f 6427 6328 6428
f 6328 6427 6327
f 6228 6328 6227
f 6328 6327 6227
f 6428 6328 6429
f 6429 6328 6329
f 6431 6432 6532
f 6531 6431 6532
f 6431 6332 6432
f 6431 6331 6332
f 6129 6028 6029
f 6028 6129 6128
f 6129 6029 6030
f 6130 6129 6030
f 6331 6230 6231
f 6230 6331 6330
f 6230 6131 6231
f 6230 6130 6131
f 9107 9106 9006
f 9007 9107 9006
f 9106 9107 9206
f 9107 9207 9206
f 9107 9007 9008
f 9108 9107 9008
f 9107 9208 9207
f 9107 9108 9208
f 8911 9012 9011
f 9012 8911 8912
f 8912 8911 8812
f 8911 8811 8812
f 8217 8117 8218
f 8117 8118 8218
f 8117 8217 8216
f 8116 8117 8216
f 8117 8018 8118
f 8117 8017 8018
f 8117 8116 8016
f 8017 8117 8016
f 6907 6807 6808
f 6908 6907 6808
f 7714 7713 7613
f 7614 7714 7613
f 7713 7714 7813
f 7813 7714 7814
f 7714 7815 7814
f 7714 7715 7815
f 7714 7615 7715
f 7615 7714 7614
f 7615 7616 7716
f 7715 7615 7716
f 7615 7614 7514
f 7515 7615 7514
f 7615 7516 7616
f 7615 7515 7516
f 6708 6809 6808
f 6809 6708 6709
f 6809 6709 6710
f 6810 6809 6710
f 6836 6835 6736
f 6835 6735 6736
f 6835 6936 6935
f 6936 6835 6836
f 6835 6734 6735
f 6835 6834 6734
f 6934 6835 6935
f 6834 6835 6934
f 8234 8235 8334
f 8235 8335 8334
f 8235 8236 8336
f 8335 8235 8336
f 4117 4217 4116
f 4116 4217 4216
f 4318 4217 4218
f 4317 4217 4318
f 4217 4317 4316
f 4216 4217 4316
f 4118 4217 4117
f 4217 4118 4218
f 4118 4117 4017
f 4018 4118 4017
f 4213 4214 4313
f 4214 4314 4313
f 4113 4214 4213
f 4214 4113 4114
f 4314 4214 4315
f 4214 4215 4315
f 4115 4214 4114
f 4215 4214 4115
f 5221 5220 5120
f 5221 5120 5121
f 5122 5221 5121
f 5221 5122 5222
f 5221 5320 5220
f 5221 5321 5320
f 5321 5221 5322
f 5221 5222 5322
f 4820 4920 4819
f 4920 4919 4819
f 4921 4920 4821
f 4920 4820 4821
f 4919 4920 5019
f 4920 5020 5019
f 5021 4920 4921
f 5020 4920 5021
f 3915 3816 3916
f 3816 3915 3815
f 3915 3916 4016
f 4015 3915 4016
f 4011 4112 4111
f 4011 4012 4112
f 4110 4011 4111
f 4010 4011 4110
f 2509 2610 2609
f 2610 2509 2510
f 2709 2708 2608
f 2609 2709 2608
f 2808 2709 2809
f 2709 2808 2708
f 2610 2709 2609
f 2709 2610 2710
f 2809 2709 2810
f 2709 2710 2810
f 2713 2814 2813
f 2814 2713 2714
f 2714 2713 2614
f 2713 2613 2614
f 2812 2913 2912
f 2913 2812 2813
f 2812 2713 2813
f 2713 2812 2712
f 2812 2912 2911
f 2811 2812 2911
f 2812 2811 2711
f 2712 2812 2711
f 2315 2415 2314
f 2314 2415 2414
f 2514 2415 2515
f 2415 2514 2414
f 2415 2315 2316
f 2416 2415 2316
f 2415 2416 2516
f 2415 2516 2515
f 2617 2618 2718
f 2717 2617 2718
f 2518 2617 2517
f 2618 2617 2518
f 2617 2516 2517
f 2617 2616 2516
f 2617 2716 2616
f 2716 2617 2717
f 2815 2716 2816
f 2716 2815 2715
f 2716 2817 2816
f 2716 2717 2817
f 2615 2716 2715
f 2616 2716 2615
f 3608 3609 3709
f 3708 3608 3709
f 3608 3708 3707
f 3607 3608 3707
f 3001 3102 3101
f 3102 3001 3002
f 3102 3201 3101
f 3102 3202 3201
f 1129 1228 1128
f 1228 1129 1229
f 1128 1228 1127
f 1228 1227 1127
f 926 1027 1026
f 926 927 1027
f 1025 926 1026
f 925 926 1025
f 605 504 505
f 605 604 504
f 605 505 506
f 606 605 506
f 605 704 604
f 605 705 704
f 605 606 706
f 705 605 706
f 4697 4596 4597
f 4696 4596 4697
f 4595 4596 4695
f 4596 4696 4695
f 4694 4795 4794
f 4795 4694 4695
f 4796 4795 4696
f 4696 4795 4695
f 4089 3989 3990
f 4089 3990 4090
f 4190 4089 4090
f 4089 4190 4189
f 3989 4089 3988
f 4089 4088 3988
f 4088 4089 4188
f 4188 4089 4189
f 4187 4288 4287
f 4288 4187 4188
f 4288 4387 4287
f 4288 4388 4387
f 1879 1780 1880
f 1879 1779 1780
f 1980 1879 1880
f 1879 1980 1979
f 1779 1879 1778
f 1879 1878 1778
f 1878 1879 1978
f 1978 1879 1979
f 2195 2094 2095
f 2094 2195 2194
f 2094 1994 1995
f 2094 1995 2095
f 2197 2298 2297
f 2197 2198 2298
f 2295 2395 2394
f 2294 2295 2394
f 2194 2295 2294
f 2195 2295 2194
f 2395 2295 2396
f 2295 2296 2396
f 3591 3490 3491
f 3490 3591 3590
f 3492 3392 3393
f 3493 3492 3393
f 3391 3492 3491
f 3492 3391 3392
f 3492 3591 3491
f 3591 3492 3592
f 3793 3894 3893
f 3894 3793 3794
f 3492 3593 3592
f 3593 3492 3493
f 3593 3493 3494
f 3593 3494 3594
f 3592 3593 3692
f 3593 3693 3692
f 3895 3894 3794
f 3795 3895 3794
f 3994 3895 3995
f 3895 3994 3894
f 3993 4092 3992
f 4092 3993 4093
f 4093 3993 4094
f 3993 3994 4094
f 3994 3993 3894
f 3894 3993 3893
f 3796 3695 3696
f 3695 3796 3795
f 3593 3694 3693
f 3694 3593 3594
f 3793 3694 3794
f 3694 3793 3693
f 3694 3695 3795
f 3694 3795 3794
f 3595 3694 3594
f 3695 3694 3595
f 1795 1794 1694
f 1695 1795 1694
f 1794 1795 1894
f 1894 1795 1895
f 1795 1695 1696
f 1796 1795 1696
f 1795 1896 1895
f 1795 1796 1896
f 3986 3887 3987
f 3986 3886 3887
f 4086 3986 4087
f 3986 3987 4087
f 3886 3986 3885
f 3986 3985 3885
f 3986 4086 4085
f 3985 3986 4085
f 3683 3582 3583
f 3683 3682 3582
f 3683 3583 3584
f 3684 3683 3584
f 3682 3683 3782
f 3683 3783 3782
f 3683 3684 3784
f 3783 3683 3784
f 3982 3883 3983
f 3882 3883 3982
f 3883 3984 3983
f 3984 3883 3884
f 3883 3882 3782
f 3783 3883 3782
f 3884 3883 3784
f 3883 3783 3784
f 8267 8266 8166
f 8167 8267 8166
f 8266 8267 8366
f 8267 8367 8366
f 5344 5444 5343
f 5444 5443 5343
f 5443 5444 5543
f 5444 5544 5543
f 6442 6343 6443
f 6343 6442 6342
f 6442 6543 6542
f 6543 6442 6443
f 6442 6341 6342
f 6442 6441 6341
f 6442 6542 6541
f 6441 6442 6541
f 6148 6047 6048
f 6047 6148 6147
f 6148 6247 6147
f 6148 6248 6247
f 6249 6250 6350
f 6349 6249 6350
f 6348 6249 6349
f 6249 6348 6248
f 6348 6347 6247
f 6248 6348 6247
f 6448 6348 6449
f 6348 6349 6449
f 6348 6447 6347
f 6348 6448 6447
f 5739 5839 5838
f 5739 5838 5738
f 5639 5739 5638
f 5638 5739 5738
f 7347 7246 7247
f 7347 7346 7246
f 7348 7347 7248
f 7248 7347 7247
f 7448 7347 7348
f 7447 7347 7448
f 7446 7347 7447
f 7347 7446 7346
f 7446 7546 7545
f 7445 7446 7545
f 7345 7446 7445
f 7346 7446 7345
f 7446 7547 7546
f 7446 7447 7547
f 7443 7544 7543
f 7544 7443 7444
f 7542 7443 7543
f 7442 7443 7542
f 6451 6352 6452
f 6451 6351 6352
f 6552 6451 6452
f 6551 6451 6552
f 4894 4994 4893
f 4893 4994 4993
f 4993 4994 5093
f 4994 5094 5093
f 4994 4995 5095
f 5094 4994 5095
f 5691 5792 5791
f 5692 5792 5691
f 5791 5792 5891
f 5792 5892 5891
f 5793 5792 5693
f 5792 5692 5693
f 5792 5893 5892
f 5792 5793 5893
f 5493 5492 5392
f 5393 5493 5392
f 5395 5294 5295
f 5294 5395 5394
f 5295 5294 5195
f 5294 5194 5195
f 7087 6986 6987
f 6986 7087 7086
f 7187 7087 7188
f 7087 7088 7188
f 7087 6987 6988
f 7088 7087 6988
f 7586 7686 7585
f 7585 7686 7685
f 7686 7785 7685
f 7686 7786 7785
f 7885 7786 7886
f 7786 7885 7785
f 7885 7784 7785
f 7784 7885 7884
f 7983 7884 7984
f 7884 7983 7883
f 7981 8080 7980
f 8080 7981 8081
f 7880 7981 7980
f 7981 7880 7881
f 7981 8082 8081
f 7981 7982 8082
f 7684 7683 7583
f 7584 7684 7583
f 7684 7585 7685
f 7585 7684 7584
f 7784 7684 7785
f 7785 7684 7685
f 7683 7682 7583
f 7682 7582 7583
f 7981 7882 7982
f 7882 7981 7881
f 7983 7882 7883
f 7882 7983 7982
f 7783 7684 7784
f 7684 7783 7683
f 7882 7783 7883
f 7783 7882 7782
f 7783 7884 7883
f 7783 7784 7884
f 7783 7682 7683
f 7682 7783 7782
f 8498 8397 8398
f 8497 8397 8498
f 8397 8298 8398
f 8397 8297 8298
f 8098 8197 8097
f 8197 8098 8198
f 8298 8197 8198
f 8297 8197 8298
f 8195 8094 8095
f 8094 8195 8194
f 7382 7483 7482
f 7483 7382 7383
f 7483 7582 7482
f 7582 7483 7583
f 7384 7483 7383
f 7484 7483 7384
f 7483 7584 7583
f 7483 7484 7584
f 7087 7186 7086
f 7186 7087 7187
f 7186 7187 7287
f 7286 7186 7287
f 7385 7486 7485
f 7386 7486 7385
f 7486 7585 7485
f 7486 7586 7585
f 6885 6884 6784
f 6785 6885 6784
f 6788 6689 6789
f 6788 6688 6689
f 6889 6788 6789
f 6788 6889 6888
f 6688 6788 6687
f 6788 6787 6687
f 6887 6788 6888
f 6787 6788 6887
f 9393 9394 9494
f 9493 9393 9494
f 9394 9393 9294
f 9393 9293 9294
f 9194 9295 9294
f 9295 9194 9195
f 9094 9194 9093
f 9194 9193 9093
f 9193 9194 9293
f 9293 9194 9294
f 9095 9194 9094
f 9194 9095 9195
f 9095 9096 9196
f 9195 9095 9196
f 9096 9095 8996
f 9095 8995 8996
f 9095 9094 8994
f 8995 9095 8994
f 9396 9296 9397
f 9296 9297 9397
f 9197 9296 9196
f 9297 9296 9197
f 9395 9296 9396
f 9295 9296 9395
f 9296 9195 9196
f 9296 9295 9195
f 8595 8496 8596
f 8496 8595 8495
f 8695 8595 8696
f 8696 8595 8596
f 8591 8592 8692
f 8691 8591 8692
f 8791 8690 8691
f 8690 8791 8790
f 8690 8591 8691
f 8591 8690 8590
f 8789 8690 8790
f 8690 8789 8689
f 8690 8689 8589
f 8590 8690 8589
f 8392 8391 8291
f 8292 8392 8291
f 8588 8489 8589
f 8489 8588 8488
f 8193 8093 8094
f 8193 8094 8194
f 8294 8193 8194
f 8193 8294 8293
f 8093 8193 8092
f 8193 8192 8092
f 8292 8193 8293
f 8192 8193 8292
f 8388 8287 8288
f 8287 8388 8387
f 8286 8287 8386
f 8386 8287 8387
f 8287 8186 8187
f 8287 8286 8186
f 8586 8687 8686
f 8586 8587 8687
f 8287 8188 8288
f 8188 8287 8187
f 7989 7888 7889
f 7888 7989 7988
f 7890 7989 7889
f 7990 7989 7890
f 8185 8286 8285
f 8286 8185 8186
f 8186 8185 8086
f 8185 8085 8086
f 7190 7091 7191
f 7091 7190 7090
f 7091 7090 6990
f 6991 7091 6990
f 6992 7091 6991
f 7091 6992 7092
f 6992 6892 6893
f 6993 6992 6893
f 6992 6993 7093
f 7092 6992 7093
f 6892 6992 6891
f 6992 6991 6891
f 7091 7192 7191
f 7192 7091 7092
f 6590 6691 6690
f 6590 6591 6691
f 6391 6290 6291
f 6290 6391 6390
f 7580 7679 7579
f 7680 7679 7580
f 7679 7678 7578
f 7579 7679 7578
f 7679 7680 7780
f 7779 7679 7780
f 7678 7679 7778
f 7679 7779 7778
f 6286 6386 6285
f 6386 6385 6285
f 6078 6177 6077
f 6078 6178 6177
f 5978 6078 5977
f 5977 6078 6077
f 6178 6078 6179
f 6078 6079 6179
f 5979 6078 5978
f 6079 6078 5979
f 6469 6369 6370
f 6470 6469 6370
f 6369 6469 6368
f 6469 6468 6368
f 6469 6470 6570
f 6569 6469 6570
f 6468 6469 6568
f 6469 6569 6568
f 4078 4077 3977
f 3978 4078 3977
f 4077 4078 4177
f 4078 4178 4177
f 2037 2038 2137
f 2038 2138 2137
f 4633 4732 4632
f 4732 4633 4733
f 4633 4734 4733
f 4734 4633 4634
f 4633 4534 4634
f 4633 4533 4534
f 4532 4432 4433
f 4533 4532 4433
f 4532 4633 4632
f 4633 4532 4533
f 3927 3926 3827
f 3827 3926 3826
f 3926 3825 3826
f 3926 3925 3825
f 2538 2638 2637
f 2537 2538 2637
f 2639 2538 2539
f 2538 2639 2638
f 2538 2537 2437
f 2438 2538 2437
f 2538 2439 2539
f 2538 2438 2439
f 4348 4447 4347
f 4348 4448 4447
f 4348 4349 4449
f 4448 4348 4449
f 4247 4348 4347
f 4248 4348 4247
f 4349 4348 4249
f 4348 4248 4249
f 2547 2546 2447
f 2546 2446 2447
f 2647 2546 2547
f 2546 2647 2646
f 2444 2344 2345
f 2445 2444 2345
f 3447 3546 3446
f 3547 3546 3447
f 3445 3546 3545
f 3546 3445 3446
f 3546 3547 3647
f 3646 3546 3647
f 3546 3645 3545
f 3546 3646 3645
f 2247 2146 2147
f 2146 2247 2246
f 2246 2247 2346
f 2247 2347 2346
f 1171 1070 1071
f 1171 1170 1070
f 1072 1171 1071
f 1172 1171 1072
f 3155 3054 3055
f 3155 3154 3054
f 3154 3155 3254
f 3155 3255 3254
f 467 468 567
f 567 468 568
f 468 469 569
f 568 468 569
f 469 468 369
f 468 368 369
f 468 367 368
f 367 468 467
f 367 366 266
f 267 367 266
f 367 466 366
f 367 467 466
f 367 267 268
f 368 367 268
f 1248 1249 1349
f 1348 1248 1349
f 1249 1248 1149
f 1248 1148 1149
f 1248 1348 1347
f 1247 1248 1347
f 1148 1248 1147
f 1248 1247 1147
f 8738 8838 8837
f 8737 8738 8837
f 8738 8637 8638
f 8738 8737 8637
f 8639 8738 8638
f 8739 8738 8639
f 8838 8839 8938
f 8839 8939 8938
f 8738 8839 8838
f 8839 8738 8739
f 9233 9334 9333
f 9334 9233 9234
f 9235 9334 9234
f 9335 9334 9235
f 9334 9433 9333
f 9334 9434 9433
f 9334 9335 9435
f 9434 9334 9435
f 9838 9738 9839
f 9738 9739 9839
f 9837 9738 9838
f 9738 9837 9737
f 9739 9738 9639
f 9738 9638 9639
f 9637 9738 9737
f 9638 9738 9637
f 8939 9040 9039
f 9040 8939 8940
f 9041 9040 8941
f 8941 9040 8940
f 9242 9243 9343
f 9342 9242 9343
f 9143 9242 9142
f 9242 9143 9243
f 9242 9342 9341
f 9241 9242 9341
f 9339 9239 9340
f 9239 9240 9340
f 9138 9239 9238
f 9239 9138 9139
f 9138 9038 9039
f 9138 9039 9139
f 9038 9138 9037
f 9138 9137 9037
f 9137 9138 9237
f 9138 9238 9237
f 9239 9338 9238
f 9338 9239 9339
f 9437 9338 9438
f 9337 9338 9437
f 9338 9439 9438
f 9338 9339 9439
f 9238 9338 9237
f 9338 9337 9237
f 8435 8336 8436
f 8435 8335 8336
f 8731 8732 8831
f 8831 8732 8832
f 8632 8732 8631
f 8631 8732 8731
f 8533 8633 8532
f 8633 8632 8532
f 8034 8033 7933
f 7934 8034 7933
f 8034 8134 8133
f 8033 8034 8133
f 8034 7934 7935
f 8035 8034 7935
f 9516 9617 9616
f 9516 9517 9617
f 9516 9615 9515
f 9615 9516 9616
f 9516 9417 9517
f 9516 9416 9417
f 9415 9516 9515
f 9416 9516 9415
f 8421 8522 8521
f 8421 8422 8522
f 8421 8521 8520
f 8420 8421 8520
f 8422 8421 8322
f 8421 8321 8322
f 8320 8421 8420
f 8321 8421 8320
f 8246 8145 8146
f 8245 8145 8246
f 8046 8145 8045
f 8145 8046 8146
f 8045 8145 8044
f 8145 8144 8044
f 8145 8244 8144
f 8244 8145 8245
f 8244 8344 8343
f 8243 8244 8343
f 8344 8244 8345
f 8244 8245 8345
f 8244 8243 8143
f 8144 8244 8143
f 9243 9144 9244
f 9143 9144 9243
f 9144 9245 9244
f 9245 9144 9145
f 9144 9143 9043
f 9044 9144 9043
f 9144 9045 9145
f 9144 9044 9045
f 9490 9491 9590
f 9590 9491 9591
f 9592 9491 9492
f 9491 9592 9591
f 9390 9491 9490
f 9491 9390 9391
f 9390 9289 9290
f 9289 9390 9389
f 9390 9490 9489
f 9389 9390 9489
f 9291 9390 9290
f 9391 9390 9291
f 9593 9592 9492
f 9493 9593 9492
f 9594 9593 9494
f 9593 9493 9494
f 9593 9693 9692
f 9592 9593 9692
f 9593 9594 9694
f 9693 9593 9694
f 9691 9592 9692
f 9592 9691 9591
f 9691 9690 9590
f 9691 9590 9591
f 9691 9692 9792
f 9791 9691 9792
f 9691 9790 9690
f 9691 9791 9790
f 9682 9582 9683
f 9582 9583 9683
f 9483 9582 9482
f 9583 9582 9483
f 9582 9682 9681
f 9581 9582 9681
f 9482 9582 9481
f 9582 9581 9481
f 9080 9181 9180
f 9181 9080 9081
f 9281 9181 9282
f 9181 9182 9282
f 9082 9181 9081
f 9182 9181 9082
f 8991 8890 8891
f 8890 8991 8990
f 8991 9091 9090
f 8990 8991 9090
f 9684 9583 9584
f 9583 9684 9683
f 9684 9783 9683
f 9684 9784 9783
f 8671 8570 8571
f 8670 8570 8671
f 8570 8471 8571
f 8471 8570 8470
f 8570 8670 8669
f 8569 8570 8669
f 8469 8570 8569
f 8570 8469 8470
f 8368 8469 8468
f 8469 8368 8369
f 8469 8369 8370
f 8470 8469 8370
f 8469 8568 8468
f 8469 8569 8568
f 8880 8779 8780
f 8779 8880 8879
f 8979 8880 8980
f 8879 8880 8979
f 8781 8880 8780
f 8881 8880 8781
f 8880 8981 8980
f 8880 8881 8981
f 8480 8580 8479
f 8580 8579 8479
f 8580 8480 8481
f 8581 8580 8481
f 8580 8680 8679
f 8579 8580 8679
f 8580 8581 8681
f 8680 8580 8681
f 8676 8575 8576
f 8676 8675 8575
f 8775 8676 8776
f 8676 8775 8675
f 8578 8478 8479
f 8579 8578 8479
f 8478 8578 8477
f 8578 8577 8477
f 9278 9379 9378
f 9279 9379 9278
f 9478 9379 9479
f 9379 9478 9378
f 9479 9379 9480
f 9379 9380 9480
f 9280 9181 9281
f 9181 9280 9180
f 9379 9280 9380
f 9280 9379 9279
f 9280 9179 9180
f 9280 9279 9179
f 9280 9281 9381
f 9380 9280 9381
f 8977 8976 8876
f 8877 8977 8876
f 8977 9077 9076
f 8976 8977 9076
f 8977 8877 8878
f 8978 8977 8878
f 9077 8977 9078
f 8977 8978 9078
f 9370 9269 9270
f 9269 9370 9369
f 9370 9470 9469
f 9369 9370 9469
f 9660 9561 9661
f 9561 9660 9560
f 9561 9560 9460
f 9461 9561 9460
f 8664 8765 8764
f 8765 8664 8665
f 8367 8466 8366
f 8466 8367 8467
f 8669 8768 8668
f 8769 8768 8669
f 8768 8667 8668
f 8768 8767 8667
f 8867 8967 8966
f 8866 8867 8966
f 8867 8866 8766
f 8767 8867 8766
f 8585 8685 8584
f 8685 8684 8584
f 8685 8586 8686
f 8586 8685 8585
f 8685 8686 8786
f 8785 8685 8786
f 8784 8685 8785
f 8685 8784 8684
f 8883 8784 8884
f 8784 8883 8783
f 8683 8784 8783
f 8684 8784 8683
f 8784 8885 8884
f 8784 8785 8885
f 8180 8179 8079
f 8080 8180 8079
f 8384 8485 8484
f 8485 8384 8385
f 4934 4833 4834
f 4934 4933 4833
f 4835 4934 4834
f 4935 4934 4835
f 4934 5033 4933
f 4934 5034 5033
f 4934 4935 5035
f 5034 4934 5035
f 2119 2118 2019
f 2118 2018 2019
f 5805 5904 5804
f 5904 5805 5905
f 5705 5805 5704
f 5805 5804 5704
f 5805 5806 5906
f 5805 5906 5905
f 5706 5805 5705
f 5806 5805 5706
f 6006 5907 6007
f 6006 5906 5907
f 6106 6006 6107
f 6107 6006 6007
f 5906 6006 5905
f 6006 6005 5905
f 6006 6106 6105
f 6005 6006 6105
f 6026 6125 6025
f 6126 6125 6026
f 6025 6125 6024
f 6125 6124 6024
f 6125 6126 6226
f 6225 6125 6226
f 6125 6224 6124
f 6125 6225 6224
f 6430 6429 6329
f 6330 6430 6329
f 6529 6430 6530
f 6430 6529 6429
f 6431 6430 6331
f 6331 6430 6330
f 6430 6531 6530
f 6430 6431 6531
f 6128 6229 6228
f 6129 6229 6128
f 6229 6328 6228
f 6328 6229 6329
f 6229 6129 6130
f 6230 6229 6130
f 6229 6230 6330
f 6229 6330 6329
f 8810 8709 8710
f 8709 8810 8809
f 8711 8810 8710
f 8811 8810 8711
f 7008 7108 7107
f 7007 7008 7107
f 7109 7008 7009
f 7008 7109 7108
f 7008 6907 6908
f 6907 7008 7007
f 6805 6906 6905
f 6806 6906 6805
f 6906 7006 7005
f 6906 7005 6905
f 6906 6806 6807
f 6907 6906 6807
f 6906 7007 7006
f 6906 6907 7007
f 7008 6909 7009
f 6909 7008 6908
f 6909 6908 6808
f 6809 6909 6808
f 8034 8135 8134
f 8135 8034 8035
f 8134 8135 8234
f 8135 8235 8234
f 4119 4020 4120
f 4119 4019 4020
f 4220 4119 4120
f 4219 4119 4220
f 4119 4018 4019
f 4119 4118 4018
f 4218 4119 4219
f 4118 4119 4218
f 3913 3914 4013
f 3914 4014 4013
f 3814 3914 3813
f 3914 3913 3813
f 4014 3914 4015
f 3914 3915 4015
f 3914 3814 3815
f 3915 3914 3815
f 3811 3911 3810
f 3911 3910 3810
f 3911 3811 3812
f 3912 3911 3812
f 3910 3911 4010
f 3911 4011 4010
f 3911 3912 4012
f 4011 3911 4012
f 2412 2311 2312
f 2311 2412 2411
f 2713 2612 2613
f 2612 2713 2712
f 3408 3508 3407
f 3508 3507 3407
f 3508 3409 3509
f 3409 3508 3408
f 3507 3508 3607
f 3508 3608 3607
f 3609 3508 3509
f 3608 3508 3609
f 2902 3003 3002
f 2903 3003 2902
f 3003 2903 2904
f 3004 3003 2904
f 3303 3203 3304
f 3203 3204 3304
f 3203 3303 3302
f 3202 3203 3302
f 1427 1328 1428
f 1327 1328 1427
f 1429 1328 1329
f 1328 1429 1428
f 1227 1328 1327
f 1228 1328 1227
f 1329 1328 1229
f 1328 1228 1229
f 826 725 726
f 826 825 725
f 727 826 726
f 827 826 727
f 826 925 825
f 826 926 925
f 826 827 927
f 926 826 927
f 4496 4395 4396
f 4496 4495 4395
f 4397 4496 4396
f 4497 4496 4397
f 4496 4595 4495
f 4496 4596 4595
f 4597 4496 4497
f 4596 4496 4597
f 4994 4895 4995
f 4895 4994 4894
f 4895 4896 4996
f 4995 4895 4996
f 4895 4894 4794
f 4795 4895 4794
f 4895 4796 4896
f 4895 4795 4796
f 4291 4392 4391
f 4291 4292 4392
f 4390 4291 4391
f 4290 4291 4390
f 4389 4289 4390
f 4289 4290 4390
f 4190 4289 4189
f 4289 4190 4290
f 4388 4289 4389
f 4288 4289 4388
f 4289 4188 4189
f 4289 4288 4188
f 1992 2093 2092
f 1993 2093 1992
f 2192 2093 2193
f 2093 2192 2092
f 2093 1993 1994
f 2094 2093 1994
f 2093 2194 2193
f 2093 2094 2194
f 1996 2096 1995
f 1995 2096 2095
f 3691 3591 3592
f 3691 3592 3692
f 3691 3690 3590
f 3591 3691 3590
f 3995 3896 3996
f 3895 3896 3995
f 3896 3997 3996
f 3997 3896 3897
f 3896 3895 3795
f 3796 3896 3795
f 3797 3896 3796
f 3896 3797 3897
f 3797 3698 3798
f 3698 3797 3697
f 3898 3797 3798
f 3897 3797 3898
f 3797 3696 3697
f 3797 3796 3696
f 8369 8268 8269
f 8368 8268 8369
f 8169 8268 8168
f 8269 8268 8169
f 8367 8268 8368
f 8267 8268 8367
f 8268 8167 8168
f 8268 8267 8167
f 5445 5446 5546
f 5545 5445 5546
f 5446 5445 5346
f 5445 5345 5346
f 5544 5445 5545
f 5444 5445 5544
f 5345 5445 5344
f 5445 5444 5344
f 6149 6048 6049
f 6149 6148 6048
f 6050 6149 6049
f 6150 6149 6050
f 6148 6149 6248
f 6149 6249 6248
f 6149 6150 6250
f 6249 6149 6250
f 5340 5241 5341
f 5241 5340 5240
f 5340 5441 5440
f 5340 5341 5441
f 5439 5340 5440
f 5340 5439 5339
f 5540 5439 5440
f 5439 5540 5539
f 5438 5439 5538
f 5538 5439 5539
f 5338 5439 5438
f 5339 5439 5338
f 5239 5340 5339
f 5340 5239 5240
f 5239 5138 5139
f 5239 5238 5138
f 5140 5239 5139
f 5240 5239 5140
f 5239 5338 5238
f 5239 5339 5338
f 5841 5740 5741
f 5740 5841 5840
f 5839 5740 5840
f 5739 5740 5839
f 7243 7343 7242
f 7343 7342 7242
f 7344 7343 7244
f 7343 7243 7244
f 7343 7442 7342
f 7343 7443 7442
f 7343 7344 7444
f 7443 7343 7444
f 6449 6450 6549
f 6450 6550 6549
f 6450 6349 6350
f 6349 6450 6449
f 6550 6450 6551
f 6450 6451 6551
f 6351 6450 6350
f 6451 6450 6351
f 5693 5593 5694
f 5593 5594 5694
f 5593 5692 5592
f 5692 5593 5693
f 5492 5593 5592
f 5493 5593 5492
f 5494 5593 5493
f 5593 5494 5594
f 5494 5395 5495
f 5395 5494 5394
f 5494 5495 5595
f 5594 5494 5595
f 5494 5493 5393
f 5494 5393 5394
f 5192 5293 5292
f 5193 5293 5192
f 5292 5293 5392
f 5293 5393 5392
f 5194 5293 5193
f 5294 5293 5194
f 5393 5293 5394
f 5293 5294 5394
f 7985 7986 8086
f 8085 7985 8086
f 7985 7885 7886
f 7986 7985 7886
f 7885 7985 7884
f 7884 7985 7984
f 7681 7580 7581
f 7681 7680 7580
f 7582 7681 7581
f 7682 7681 7582
f 8395 8396 8495
f 8396 8496 8495
f 8397 8396 8297
f 8297 8396 8296
f 8396 8497 8496
f 8396 8397 8497
f 8196 8096 8097
f 8197 8196 8097
f 8196 8197 8297
f 8196 8297 8296
f 8096 8196 8095
f 8196 8195 8095
f 8396 8295 8296
f 8295 8396 8395
f 8196 8295 8195
f 8295 8196 8296
f 8295 8395 8394
f 8294 8295 8394
f 8195 8295 8194
f 8295 8294 8194
f 7184 7185 7284
f 7185 7285 7284
f 7084 7185 7184
f 7185 7084 7085
f 7185 7286 7285
f 7185 7186 7286
f 7186 7185 7086
f 7185 7085 7086
f 7588 7689 7688
f 7689 7588 7589
f 6985 6986 7086
f 7085 6985 7086
f 6985 7084 6984
f 7084 6985 7085
f 6884 6985 6984
f 6885 6985 6884
f 6886 6985 6885
f 6985 6886 6986
f 6787 6886 6786
f 6886 6787 6887
f 6987 6886 6887
f 6986 6886 6987
f 6886 6785 6786
f 6886 6885 6785
f 9392 9491 9391
f 9491 9392 9492
f 9292 9392 9291
f 9392 9391 9291
f 9392 9292 9293
f 9393 9392 9293
f 9392 9493 9492
f 9392 9393 9493
f 8593 8594 8693
f 8594 8694 8693
f 8694 8594 8695
f 8594 8595 8695
f 8594 8494 8495
f 8595 8594 8495
f 8493 8594 8593
f 8594 8493 8494
f 8490 8591 8590
f 8591 8490 8491
f 8490 8590 8589
f 8489 8490 8589
f 8386 8486 8385
f 8486 8485 8385
f 8485 8486 8585
f 8486 8586 8585
f 7989 8088 7988
f 8088 7989 8089
f 8088 8087 7987
f 7988 8088 7987
f 8087 8088 8187
f 8088 8188 8187
f 8189 8088 8089
f 8188 8088 8189
f 7986 7887 7987
f 7887 7986 7886
f 7887 7888 7988
f 7887 7988 7987
f 7991 7990 7890
f 7891 7991 7890
f 7992 7991 7892
f 7991 7891 7892
f 7991 7992 8092
f 8091 7991 8092
f 7789 7788 7689
f 7689 7788 7688
f 7888 7788 7889
f 7788 7789 7889
f 7891 7790 7791
f 7790 7891 7890
f 7790 7890 7889
f 7789 7790 7889
f 7392 7292 7393
f 7292 7293 7393
f 7291 7292 7391
f 7292 7392 7391
f 7292 7291 7191
f 7192 7292 7191
f 7193 7292 7192
f 7292 7193 7293
f 7193 7094 7194
f 7094 7193 7093
f 7294 7193 7194
f 7293 7193 7294
f 7193 7092 7093
f 7193 7192 7092
f 6489 6589 6488
f 6488 6589 6588
f 6589 6688 6588
f 6688 6589 6689
f 6589 6489 6490
f 6590 6589 6490
f 6689 6589 6690
f 6589 6590 6690
f 6393 6392 6293
f 6293 6392 6292
f 6392 6291 6292
f 6392 6391 6291
f 6288 6387 6287
f 6387 6288 6388
f 6387 6286 6287
f 6387 6386 6286
f 4180 4079 4080
f 4179 4079 4180
f 3980 4079 3979
f 4079 3980 4080
f 4178 4079 4179
f 4078 4079 4178
f 4079 3978 3979
f 4079 4078 3978
f 1938 1837 1838
f 1938 1937 1837
f 1937 1938 2037
f 1938 2038 2037
f 4531 4630 4530
f 4531 4631 4630
f 4531 4530 4430
f 4431 4531 4430
f 4631 4531 4632
f 4531 4532 4632
f 4432 4531 4431
f 4532 4531 4432
f 4125 4026 4126
f 4025 4026 4125
f 4026 4027 4127
f 4126 4026 4127
f 3925 4026 4025
f 3926 4026 3925
f 4026 3927 4027
f 4026 3926 3927
f 3948 3847 3848
f 3847 3948 3947
f 3948 3848 3849
f 3949 3948 3849
f 4151 4050 4051
f 4150 4050 4151
f 3951 4050 3950
f 4051 4050 3951
f 4050 4150 4149
f 4049 4050 4149
f 4050 3949 3950
f 4050 4049 3949
f 2644 2645 2744
f 2645 2745 2744
f 2745 2645 2746
f 2645 2646 2746
f 2542 2642 2641
f 2541 2542 2641
f 2642 2542 2643
f 2542 2543 2643
f 2542 2443 2543
f 2443 2542 2442
f 2443 2343 2344
f 2444 2443 2344
f 2443 2544 2543
f 2443 2444 2544
f 2343 2443 2342
f 2443 2442 2342
f 2542 2441 2442
f 2441 2542 2541
f 2341 2441 2340
f 2441 2440 2340
f 2441 2540 2440
f 2441 2541 2540
f 2441 2341 2342
f 2442 2441 2342
f 2348 2248 2349
f 2248 2249 2349
f 2149 2248 2148
f 2248 2149 2249
f 2347 2248 2348
f 2247 2248 2347
f 2248 2147 2148
f 2248 2247 2147
f 1271 1272 1372
f 1371 1271 1372
f 1271 1370 1270
f 1370 1271 1371
f 1271 1172 1272
f 1271 1171 1172
f 1170 1271 1270
f 1171 1271 1170
f 3156 3157 3257
f 3256 3156 3257
f 3057 3156 3056
f 3157 3156 3057
f 3156 3256 3255
f 3155 3156 3255
f 3056 3156 3055
f 3156 3155 3055
f 8840 8841 8941
f 8840 8941 8940
f 8741 8840 8740
f 8841 8840 8741
f 8939 8840 8940
f 8839 8840 8939
f 8840 8739 8740
f 8840 8839 8739
f 9239 9140 9240
f 9140 9239 9139
f 9040 9140 9039
f 9039 9140 9139
f 8434 8333 8334
f 8434 8433 8333
f 8335 8434 8334
f 8435 8434 8335
f 8834 8935 8934
f 8834 8835 8935
f 8933 8834 8934
f 8833 8834 8933
f 8834 8735 8835
f 8735 8834 8734
f 8736 8735 8636
f 8735 8635 8636
f 8735 8736 8836
f 8835 8735 8836
f 8635 8735 8634
f 8735 8734 8634
f 8834 8733 8734
f 8733 8834 8833
f 8733 8833 8832
f 8732 8733 8832
f 8733 8732 8632
f 8633 8733 8632
f 8734 8733 8634
f 8733 8633 8634
f 9093 8992 8993
f 9092 8992 9093
f 8893 8992 8892
f 8992 8893 8993
f 8992 9092 9091
f 8991 8992 9091
f 8992 8891 8892
f 8992 8991 8891
f 9887 9786 9787
f 9786 9887 9886
f 8776 8777 8876
f 8777 8877 8876
f 9272 9371 9271
f 9371 9272 9372
f 9371 9270 9271
f 9371 9370 9270
f 9562 9462 9463
f 9562 9463 9563
f 9562 9663 9662
f 9663 9562 9563
f 9562 9461 9462
f 9562 9561 9461
f 9562 9662 9661
f 9561 9562 9661
f 8663 8662 8562
f 8563 8663 8562
f 8663 8762 8662
f 8762 8663 8763
f 8564 8663 8563
f 8664 8663 8564
f 8663 8764 8763
f 8663 8664 8764
f 8364 8465 8464
f 8465 8364 8365
f 8366 8465 8365
f 8466 8465 8366
f 8868 8769 8869
f 8868 8768 8769
f 8868 8869 8969
f 8968 8868 8969
f 8768 8868 8767
f 8868 8867 8767
f 8868 8968 8967
f 8867 8868 8967
f 8380 8280 8381
f 8280 8281 8381
f 8280 8379 8279
f 8280 8380 8379
f 8179 8280 8279
f 8180 8280 8179
f 8383 8483 8482
f 8382 8383 8482
f 8483 8383 8484
f 8383 8384 8484
f 2218 2319 2318
f 2319 2218 2219
f 2218 2119 2219
f 2218 2118 2119
f 9010 8910 9011
f 8910 8911 9011
f 8910 9009 8909
f 9009 8910 9010
f 8911 8910 8811
f 8910 8810 8811
f 8910 8909 8809
f 8810 8910 8809
f 6911 6910 6811
f 6910 6810 6811
f 7010 6910 7011
f 6910 6911 7011
f 6910 6809 6810
f 6910 6909 6809
f 6910 7010 7009
f 6909 6910 7009
f 8237 8136 8137
f 8236 8136 8237
f 8037 8136 8036
f 8137 8136 8037
f 8235 8136 8236
f 8135 8136 8235
f 8136 8035 8036
f 8136 8135 8035
f 2314 2413 2313
f 2413 2314 2414
f 2413 2312 2313
f 2413 2412 2312
f 2511 2410 2411
f 2410 2511 2510
f 2412 2511 2411
f 2511 2412 2512
f 3103 3102 3002
f 3003 3103 3002
f 3103 3004 3104
f 3103 3003 3004
f 3102 3103 3202
f 3103 3203 3202
f 3204 3103 3104
f 3203 3103 3204
f 4191 4090 4091
f 4191 4190 4090
f 4191 4092 4192
f 4092 4191 4091
f 4190 4191 4290
f 4191 4291 4290
f 4292 4191 4192
f 4291 4191 4292
f 2097 2098 2198
f 2197 2097 2198
f 2098 2097 1998
f 2097 1997 1998
f 2097 1996 1997
f 2097 2096 1996
f 2097 2196 2096
f 2196 2097 2197
f 2196 2295 2195
f 2295 2196 2296
f 2296 2196 2297
f 2196 2197 2297
f 2196 2195 2095
f 2096 2196 2095
f 3690 3791 3790
f 3691 3791 3690
f 5640 5639 5539
f 5540 5640 5539
f 5641 5640 5541
f 5640 5540 5541
f 5640 5739 5639
f 5640 5740 5739
f 5640 5641 5741
f 5740 5640 5741
f 7781 7882 7881
f 7882 7781 7782
f 7781 7880 7780
f 7880 7781 7881
f 7781 7682 7782
f 7781 7681 7682
f 7680 7781 7780
f 7681 7781 7680
f 7488 7388 7389
f 7489 7488 7389
f 7488 7489 7589
f 7588 7488 7589
f 8392 8492 8391
f 8391 8492 8491
f 8591 8492 8592
f 8492 8591 8491
f 8592 8492 8593
f 8492 8493 8593
f 8492 8393 8493
f 8393 8492 8392
f 8294 8393 8293
f 8393 8294 8394
f 8393 8392 8292
f 8393 8292 8293
f 8494 8393 8394
f 8493 8393 8494
f 8587 8487 8588
f 8588 8487 8488
f 8388 8487 8387
f 8487 8388 8488
f 8586 8487 8587
f 8486 8487 8586
f 8487 8386 8387
f 8487 8486 8386
f 8090 7991 8091
f 7991 8090 7990
f 8090 7989 7990
f 7989 8090 8089
f 8090 8189 8089
f 8090 8190 8189
f 8389 8489 8488
f 8388 8389 8488
f 8191 8192 8292
f 8191 8292 8291
f 8192 8191 8092
f 8191 8091 8092
f 8090 8191 8190
f 8191 8090 8091
f 8181 8280 8180
f 8280 8181 8281
f 8181 8080 8081
f 8181 8180 8080
f 8281 8181 8282
f 8181 8182 8282
f 8082 8181 8081
f 8182 8181 8082
f 7786 7787 7886
f 7787 7887 7886
f 7686 7787 7786
f 7787 7686 7687
f 7887 7787 7888
f 7787 7788 7888
f 7788 7787 7688
f 7688 7787 7687
f 7590 7690 7589
f 7690 7689 7589
f 7690 7591 7691
f 7690 7590 7591
f 7690 7789 7689
f 7690 7790 7789
f 7791 7690 7691
f 7790 7690 7791
f 6492 6493 6593
f 6592 6492 6593
f 6493 6492 6393
f 6492 6392 6393
f 6587 6487 6588
f 6487 6488 6588
f 6488 6487 6388
f 6487 6387 6388
f 1840 1939 1839
f 1940 1939 1840
f 1839 1939 1838
f 1939 1938 1838
f 4048 4149 4148
f 4048 4049 4149
f 4047 4048 4147
f 4147 4048 4148
f 4049 4048 3949
f 4048 3948 3949
f 3947 4048 4047
f 3948 4048 3947
f 2446 2545 2445
f 2546 2545 2446
f 2545 2444 2445
f 2444 2545 2544
f 2545 2546 2646
f 2645 2545 2646
f 2544 2545 2644
f 2545 2645 2644
f 9242 9141 9142
f 9141 9242 9241
f 9141 9042 9142
f 9141 9041 9042
f 9141 9241 9240
f 9140 9141 9240
f 9141 9040 9041
f 9141 9140 9040
f 8534 8633 8533
f 8633 8534 8634
f 8433 8534 8533
f 8434 8534 8433
f 9686 9587 9687
f 9587 9686 9586
f 9686 9687 9787
f 9786 9686 9787
f 8778 8779 8879
f 8778 8879 8878
f 8877 8778 8878
f 8777 8778 8877
f 9570 9471 9571
f 9470 9471 9570
f 9572 9471 9472
f 9471 9572 9571
f 9370 9471 9470
f 9371 9471 9370
f 9472 9471 9372
f 9471 9371 9372
f 8667 8566 8567
f 8666 8566 8667
f 8566 8467 8567
f 8566 8466 8467
f 2117 2016 2017
f 2117 2116 2016
f 2018 2117 2017
f 2118 2117 2018
f 2612 2513 2613
f 2513 2612 2512
f 2513 2514 2614
f 2613 2513 2614
f 2412 2513 2512
f 2413 2513 2412
f 2514 2513 2414
f 2513 2413 2414
f 2611 2712 2711
f 2611 2612 2712
f 2710 2611 2711
f 2610 2611 2710
f 2612 2611 2512
f 2611 2511 2512
f 2611 2610 2510
f 2511 2611 2510
f 3993 3892 3893
f 3892 3993 3992
f 7587 7686 7586
f 7686 7587 7687
f 7587 7588 7688
f 7587 7688 7687
f 8290 8191 8291
f 8191 8290 8190
f 7983 8083 7982
f 7982 8083 8082
f 8083 8182 8082
f 8083 8183 8182
f 8284 8285 8385
f 8384 8284 8385
f 6491 6490 6390
f 6391 6491 6390
f 6590 6491 6591
f 6491 6590 6490
f 6392 6491 6391
f 6492 6491 6392
f 6591 6491 6592
f 6491 6492 6592
f 6385 6486 6485
f 6386 6486 6385
f 6486 6586 6585
f 6485 6486 6585
f 6387 6486 6386
f 6487 6486 6387
f 6486 6587 6586
f 6486 6487 6587
f 2138 2039 2139
f 2038 2039 2138
f 2039 2040 2140
f 2139 2039 2140
f 1938 2039 2038
f 1939 2039 1938
f 2040 2039 1940
f 2039 1939 1940
f 8536 8535 8436
f 8535 8435 8436
f 8535 8536 8636
f 8635 8535 8636
f 8535 8434 8435
f 8535 8534 8434
f 8535 8635 8634
f 8534 8535 8634
f 9585 9685 9584
f 9685 9684 9584
f 9685 9585 9586
f 9686 9685 9586
f 8577 8677 8576
f 8677 8676 8576
f 8676 8677 8776
f 8677 8777 8776
f 8565 8564 8464
f 8465 8565 8464
f 8664 8565 8665
f 8565 8664 8564
f 8565 8465 8466
f 8566 8565 8466
f 8565 8666 8665
f 8565 8566 8666
f 2317 2217 2318
f 2217 2218 2318
f 2216 2217 2316
f 2217 2317 2316
f 2218 2217 2118
f 2217 2117 2118
f 2116 2217 2216
f 2117 2217 2116
f 3792 3691 3692
f 3792 3791 3691
f 3793 3792 3693
f 3693 3792 3692
f 3792 3793 3893
f 3892 3792 3893
f 3891 3792 3892
f 3792 3891 3791
f 3890 3891 3990
f 3891 3991 3990
f 3891 3890 3790
f 3791 3891 3790
f 3991 3891 3992
f 3891 3892 3992
f 7487 7387 7388
f 7488 7487 7388
f 7387 7487 7386
f 7487 7486 7386
f 7487 7488 7588
f 7587 7487 7588
f 7486 7487 7586
f 7487 7587 7586
f 8390 8490 8489
f 8389 8390 8489
f 8390 8391 8491
f 8490 8390 8491
f 8391 8390 8291
f 8390 8290 8291
f 8390 8289 8290
f 8289 8390 8389
f 8289 8188 8189
f 8188 8289 8288
f 8289 8388 8288
f 8289 8389 8388
f 8190 8289 8189
f 8290 8289 8190
f 7985 8084 7984
f 8084 7985 8085
f 8084 7983 7984
f 8084 8083 7983
f 8182 8283 8282
f 8183 8283 8182
f 8283 8382 8282
f 8283 8383 8382
f 8383 8283 8384
f 8283 8284 8384
f 9885 9785 9886
f 9785 9786 9886
f 9785 9885 9884
f 9784 9785 9884
f 9785 9686 9786
f 9785 9685 9686
f 9684 9785 9784
f 9685 9785 9684
f 8779 8678 8679
f 8778 8678 8779
f 8678 8579 8679
f 8678 8578 8579
f 8678 8778 8777
f 8677 8678 8777
f 8578 8678 8577
f 8678 8677 8577
f 8283 8184 8284
f 8184 8283 8183
f 8184 8185 8285
f 8284 8184 8285
f 8083 8184 8183
f 8084 8184 8083
f 8185 8184 8085
f 8184 8084 8085
v 4.882 -9.239 37.747 0.6000 0.4196 0.3569
v 5.221 -9.178 37.695 0.6000 0.4196 0.3569
v 5.553 -9.108 37.716 0.6000 0.4196 0.3569
v 5.843 -9.059 37.765 0.6000 0.4196 0.3569
v 6.163 -8.998 37.747 0.6000 0.4196 0.3569
v 6.483 -8.928 37.734 0.6000 0.4196 0.3569
v 6.812 -8.870 37.734 0.6000 0.4196 0.3569
v 7.132 -8.809 37.716 0.6000 0.4196 0.3569
v 7.452 -8.739 37.707 0.6000 0.4196 0.3569
v 7.784 -8.678 37.676 0.6000 0.4196 0.3569
v 7.842 -8.389 37.576 0.6000 0.4196 0.3569
v 7.482 -8.459 37.615 0.6000 0.4196 0.3569
v 7.135 -8.520 37.606 0.6000 0.4196 0.3569
v 6.794 -8.590 37.637 0.6000 0.4196 0.3569
v 6.434 -8.660 37.655 0.6000 0.4196 0.3569
v 6.071 -8.730 37.676 0.6000 0.4196 0.3569
v 5.724 -8.800 37.686 0.6000 0.4196 0.3569
v 5.364 -8.870 37.695 0.6000 0.4196 0.3569
v 5.023 -8.928 37.695 0.6000 0.4196 0.3569
v 4.663 -8.998 37.725 0.6000 0.4196 0.3569
v 2.996 -8.120 37.515 0.6000 0.4196 0.3569
v 3.313 -8.059 37.506 0.6000 0.4196 0.3569
v 3.633 -7.999 37.497 0.6000 0.4196 0.3569
v 3.953 -7.928 37.475 0.6000 0.4196 0.3569
v 4.282 -7.870 37.436 0.6000 0.4196 0.3569
v 4.611 -7.800 37.405 0.6000 0.4196 0.3569
v 4.931 -7.739 37.414 0.6000 0.4196 0.3569
v 5.251 -7.678 37.387 0.6000 0.4196 0.3569
v 5.571 -7.618 37.366 0.6000 0.4196 0.3569
v 5.904 -7.550 37.295 0.6000 0.4196 0.3569
v 6.211 -7.489 37.286 0.6000 0.4196 0.3569
v 6.531 -7.429 37.317 0.6000 0.4196 0.3569
v 6.842 -7.368 37.326 0.6000 0.4196 0.3569
v 7.162 -7.310 37.344 0.6000 0.4196 0.3569
v 7.473 -7.249 37.356 0.6000 0.4196 0.3569
v 7.772 -7.188 37.396 0.6000 0.4196 0.3569
v 7.013 -7.148 37.356 0.6000 0.4196 0.3569
v 6.653 -7.218 37.414 0.6000 0.4196 0.3569
v 6.303 -7.279 37.426 0.6000 0.4196 0.3569
v 5.961 -7.349 37.387 0.6000 0.4196 0.3569
v 5.623 -7.419 37.396 0.6000 0.4196 0.3569
v 5.273 -7.480 37.396 0.6000 0.4196 0.3569
v 4.943 -7.550 37.366 0.6000 0.4196 0.3569
v 4.593 -7.608 37.366 0.6000 0.4196 0.3569
v 4.242 -7.678 37.366 0.6000 0.4196 0.3569
v 3.883 -7.749 37.414 0.6000 0.4196 0.3569
v 3.541 -7.819 37.436 0.6000 0.4196 0.3569
v 3.191 -7.880 37.445 0.6000 0.4196 0.3569
v 2.862 -7.950 37.396 0.6000 0.4196 0.3569
v 2.682 -8.840 37.625 0.6000 0.4196 0.3569
v 2.962 -8.788 37.716 0.6000 0.4196 0.3569
v 3.252 -8.730 37.707 0.6000 0.4196 0.3569
v 3.551 -8.678 37.686 0.6000 0.4196 0.3569
v 3.852 -8.620 37.655 0.6000 0.4196 0.3569
v 4.142 -8.559 37.646 0.6000 0.4196 0.3569
v 4.434 -8.498 37.625 0.6000 0.4196 0.3569
v 4.742 -8.440 37.594 0.6000 0.4196 0.3569
v 5.032 -8.386 37.585 0.6000 0.4196 0.3569
v 5.334 -8.331 37.554 0.6000 0.4196 0.3569
v 5.623 -8.270 37.536 0.6000 0.4196 0.3569
v 5.913 -8.209 37.524 0.6000 0.4196 0.3569
v 6.227 -8.148 37.536 0.6000 0.4196 0.3569
v 6.513 -8.099 37.515 0.6000 0.4196 0.3569
v 6.812 -8.038 37.497 0.6000 0.4196 0.3569
v 7.114 -7.980 37.445 0.6000 0.4196 0.3569
v 7.394 -7.928 37.457 0.6000 0.4196 0.3569
v 7.693 -7.870 37.426 0.6000 0.4196 0.3569
v 7.973 -7.810 37.436 0.6000 0.4196 0.3569
v 7.934 -7.608 37.417 0.6000 0.4196 0.3569
v 7.644 -7.660 37.320 0.6000 0.4196 0.3569
v 7.333 -7.718 37.399 0.6000 0.4196 0.3569
v 7.013 -7.779 37.408 0.6000 0.4196 0.3569
v 6.693 -7.849 37.448 0.6000 0.4196 0.3569
v 6.382 -7.910 37.478 0.6000 0.4196 0.3569
v 6.053 -7.968 37.469 0.6000 0.4196 0.3569
v 5.742 -8.029 37.460 0.6000 0.4196 0.3569
v 5.413 -8.099 37.487 0.6000 0.4196 0.3569
v 5.093 -8.160 37.527 0.6000 0.4196 0.3569
v 4.791 -8.218 37.527 0.6000 0.4196 0.3569
v 4.462 -8.279 37.558 0.6000 0.4196 0.3569
v 4.151 -8.340 37.588 0.6000 0.4196 0.3569
v 3.831 -8.398 37.597 0.6000 0.4196 0.3569
v 3.511 -8.459 37.628 0.6000 0.4196 0.3569
v 3.191 -8.529 37.658 0.6000 0.4196 0.3569
v 2.880 -8.590 37.618 0.6000 0.4196 0.3569
v 2.581 -8.639 37.597 0.6000 0.4196 0.3569
v 3.852 -7.288 37.347 0.6000 0.4196 0.3569
v 4.163 -7.227 37.338 0.6000 0.4196 0.3569
v 4.441 -7.169 37.320 0.6000 0.4196 0.3569
v 4.733 -7.118 37.359 0.6000 0.4196 0.3569
v 3.941 -7.078 37.359 0.6000 0.4196 0.3569
v 3.633 -7.139 37.347 0.6000 0.4196 0.3569
v 3.322 -7.200 37.359 0.6000 0.4196 0.3569
v 7.894 -7.480 37.381 0.6000 0.4196 0.3569
v 7.044 -7.459 37.301 0.6000 0.4196 0.3569
v 6.614 -7.450 37.323 0.6000 0.4196 0.3569
v 6.193 -7.438 37.311 0.6000 0.4196 0.3569
v 5.773 -7.429 37.311 0.6000 0.4196 0.3569
v 5.352 -7.419 37.292 0.6000 0.4196 0.3569
v 4.931 -7.410 37.323 0.6000 0.4196 0.3569
v 4.501 -7.398 37.292 0.6000 0.4196 0.3569
v 4.093 -7.389 37.301 0.6000 0.4196 0.3569
v 3.660 -7.380 37.332 0.6000 0.4196 0.3569
v 3.230 -7.358 37.323 0.6000 0.4196 0.3569
v 3.200 -8.139 37.554 0.6000 0.4196 0.3569
v 3.633 -8.148 37.554 0.6000 0.4196 0.3569
v 4.041 -8.160 37.564 0.6000 0.4196 0.3569
v 4.462 -8.169 37.564 0.6000 0.4196 0.3569
v 4.882 -8.178 37.576 0.6000 0.4196 0.3569
v 5.291 -8.200 37.564 0.6000 0.4196 0.3569
v 5.724 -8.209 37.564 0.6000 0.4196 0.3569
v 6.132 -8.218 37.564 0.6000 0.4196 0.3569
v 6.553 -8.230 37.576 0.6000 0.4196 0.3569
v 6.973 -8.239 37.585 0.6000 0.4196 0.3569
v 7.394 -8.248 37.594 0.6000 0.4196 0.3569
v 7.812 -8.261 37.594 0.6000 0.4196 0.3569
v 7.824 -8.889 37.792 0.6000 0.4196 0.3569
v 7.403 -8.879 37.780 0.6000 0.4196 0.3569
v 6.983 -8.870 37.771 0.6000 0.4196 0.3569
v 6.553 -8.858 37.780 0.6000 0.4196 0.3569
v 6.123 -8.846 37.780 0.6000 0.4196 0.3569
v 5.712 -8.840 37.771 0.6000 0.4196 0.3569
v 5.282 -8.831 37.762 0.6000 0.4196 0.3569
v 4.873 -8.818 37.762 0.6000 0.4196 0.3569
v 4.431 -8.809 37.762 0.6000 0.4196 0.3569
v 4.011 -8.800 37.762 0.6000 0.4196 0.3569
v 3.590 -8.788 37.753 0.6000 0.4196 0.3569
v 3.173 -8.770 37.762 0.6000 0.4196 0.3569
v 2.950 -7.569 37.393 0.6000 0.4196 0.3569
v 3.791 -7.599 37.332 0.6000 0.4196 0.3569
v 4.212 -7.608 37.311 0.6000 0.4196 0.3569
v 4.633 -7.618 37.332 0.6000 0.4196 0.3569
v 5.062 -7.630 37.341 0.6000 0.4196 0.3569
v 5.471 -7.639 37.341 0.6000 0.4196 0.3569
v 5.904 -7.648 37.341 0.6000 0.4196 0.3569
v 6.321 -7.660 37.341 0.6000 0.4196 0.3569
v 6.742 -7.669 37.372 0.6000 0.4196 0.3569
v 7.162 -7.688 37.381 0.6000 0.4196 0.3569
v 7.574 -7.700 37.433 0.6000 0.4196 0.3569
v 8.013 -7.709 37.451 0.6000 0.4196 0.3569
v 7.973 -8.389 37.631 0.6000 0.4196 0.3569
v 7.562 -8.380 37.631 0.6000 0.4196 0.3569
v 7.153 -8.370 37.622 0.6000 0.4196 0.3569
v 6.742 -8.358 37.622 0.6000 0.4196 0.3569
v 6.321 -8.349 37.622 0.6000 0.4196 0.3569
v 5.913 -8.340 37.600 0.6000 0.4196 0.3569
v 5.492 -8.331 37.600 0.6000 0.4196 0.3569
v 5.081 -8.319 37.600 0.6000 0.4196 0.3569
v 4.672 -8.309 37.612 0.6000 0.4196 0.3569
v 4.261 -8.300 37.591 0.6000 0.4196 0.3569
v 3.852 -8.288 37.600 0.6000 0.4196 0.3569
v 3.432 -8.279 37.591 0.6000 0.4196 0.3569
v 3.020 -8.270 37.582 0.6000 0.4196 0.3569
v 2.993 -8.879 37.801 0.6000 0.4196 0.3569
v 3.410 -8.889 37.792 0.6000 0.4196 0.3569
v 3.831 -8.901 37.780 0.6000 0.4196 0.3569
v 4.252 -8.910 37.792 0.6000 0.4196 0.3569
v 4.672 -8.919 37.792 0.6000 0.4196 0.3569
v 5.093 -8.928 37.792 0.6000 0.4196 0.3569
v 5.513 -8.949 37.792 0.6000 0.4196 0.3569
v 5.931 -8.959 37.811 0.6000 0.4196 0.3569
v 6.352 -8.971 37.823 0.6000 0.4196 0.3569
v 6.772 -8.980 37.811 0.6000 0.4196 0.3569
v 7.193 -8.989 37.801 0.6000 0.4196 0.3569
v 7.604 -8.998 37.823 0.6000 0.4196 0.3569
v 8.022 -9.010 37.811 0.6000 0.4196 0.3569
v 7.894 -8.511 37.686 0.6000 0.4196 0.3569
v 7.553 -8.520 37.676 0.6000 0.4196 0.3569
v 7.214 -8.520 37.676 0.6000 0.4196 0.3569
v 6.873 -8.529 37.686 0.6000 0.4196 0.3569
v 6.522 -8.538 37.686 0.6000 0.4196 0.3569
v 6.184 -8.538 37.686 0.6000 0.4196 0.3569
v 5.843 -8.550 37.695 0.6000 0.4196 0.3569
v 5.501 -8.550 37.695 0.6000 0.4196 0.3569
v 5.172 -8.559 37.695 0.6000 0.4196 0.3569
v 4.831 -8.568 37.716 0.6000 0.4196 0.3569
v 4.492 -8.568 37.695 0.6000 0.4196 0.3569
v 4.142 -8.581 37.695 0.6000 0.4196 0.3569
v 3.813 -8.581 37.707 0.6000 0.4196 0.3569
v 3.471 -8.590 37.707 0.6000 0.4196 0.3569
v 3.142 -8.599 37.725 0.6000 0.4196 0.3569
v 2.810 -8.599 37.786 0.6000 0.4196 0.3569
v 2.950 -8.358 37.676 0.6000 0.4196 0.3569
v 3.331 -8.349 37.637 0.6000 0.4196 0.3569
v 3.721 -8.340 37.615 0.6000 0.4196 0.3569
v 4.111 -8.331 37.615 0.6000 0.4196 0.3569
v 4.501 -8.331 37.615 0.6000 0.4196 0.3569
v 4.892 -8.319 37.637 0.6000 0.4196 0.3569
v 5.291 -8.309 37.637 0.6000 0.4196 0.3569
v 5.681 -8.300 37.637 0.6000 0.4196 0.3569
v 6.071 -8.300 37.625 0.6000 0.4196 0.3569
v 6.452 -8.288 37.637 0.6000 0.4196 0.3569
v 6.852 -8.279 37.615 0.6000 0.4196 0.3569
v 7.254 -8.279 37.625 0.6000 0.4196 0.3569
v 7.632 -8.270 37.606 0.6000 0.4196 0.3569
v 8.034 -8.261 37.606 0.6000 0.4196 0.3569
v 7.894 -8.940 37.786 0.6000 0.4196 0.3569
v 7.553 -8.949 37.804 0.6000 0.4196 0.3569
v 7.193 -8.949 37.795 0.6000 0.4196 0.3569
v 6.852 -8.959 37.795 0.6000 0.4196 0.3569
v 6.513 -8.959 37.804 0.6000 0.4196 0.3569
v 6.163 -8.971 37.795 0.6000 0.4196 0.3569
v 5.812 -8.980 37.804 0.6000 0.4196 0.3569
v 5.462 -8.980 37.804 0.6000 0.4196 0.3569
v 5.123 -8.989 37.804 0.6000 0.4196 0.3569
v 4.773 -8.998 37.795 0.6000 0.4196 0.3569
v 4.431 -8.998 37.804 0.6000 0.4196 0.3569
v 4.081 -9.010 37.817 0.6000 0.4196 0.3569
v 3.743 -9.010 37.817 0.6000 0.4196 0.3569
v 3.392 -9.020 37.817 0.6000 0.4196 0.3569
v 3.051 -9.029 37.844 0.6000 0.4196 0.3569
v 2.770 -8.761 37.875 0.6000 0.4196 0.3569
v 3.151 -8.748 37.786 0.6000 0.4196 0.3569
v 3.541 -8.739 37.765 0.6000 0.4196 0.3569
v 3.953 -8.730 37.756 0.6000 0.4196 0.3569
v 4.361 -8.730 37.756 0.6000 0.4196 0.3569
v 4.751 -8.718 37.765 0.6000 0.4196 0.3569
v 5.151 -8.709 37.747 0.6000 0.4196 0.3569
v 5.562 -8.700 37.756 0.6000 0.4196 0.3569
v 5.952 -8.700 37.734 0.6000 0.4196 0.3569
v 6.364 -8.690 37.747 0.6000 0.4196 0.3569
v 6.763 -8.678 37.734 0.6000 0.4196 0.3569
v 7.162 -8.669 37.725 0.6000 0.4196 0.3569
v 7.553 -8.669 37.716 0.6000 0.4196 0.3569
v 7.973 -8.660 37.734 0.6000 0.4196 0.3569
v 7.952 -7.520 37.326 0.6000 0.4196 0.3569
v 7.623 -7.520 37.396 0.6000 0.4196 0.3569
v 7.263 -7.529 37.356 0.6000 0.4196 0.3569
v 6.922 -7.538 37.375 0.6000 0.4196 0.3569
v 6.592 -7.538 37.436 0.6000 0.4196 0.3569
v 6.242 -7.550 37.436 0.6000 0.4196 0.3569
v 5.891 -7.550 37.414 0.6000 0.4196 0.3569
v 5.501 -7.560 37.305 0.6000 0.4196 0.3569
v 5.151 -7.569 37.295 0.6000 0.4196 0.3569
v 4.812 -7.569 37.335 0.6000 0.4196 0.3569
v 4.462 -7.578 37.326 0.6000 0.4196 0.3569
v 4.111 -7.590 37.326 0.6000 0.4196 0.3569
v 3.752 -7.590 37.305 0.6000 0.4196 0.3569
v 3.410 -7.599 37.335 0.6000 0.4196 0.3569
v 3.112 -7.258 37.366 0.6000 0.4196 0.3569
v 3.511 -7.258 37.326 0.6000 0.4196 0.3569
v 3.913 -7.249 37.335 0.6000 0.4196 0.3569
v 4.303 -7.240 37.305 0.6000 0.4196 0.3569
v 4.721 -7.227 37.335 0.6000 0.4196 0.3569
v 5.102 -7.227 37.295 0.6000 0.4196 0.3569
v 5.513 -7.218 37.317 0.6000 0.4196 0.3569
v 5.931 -7.209 37.366 0.6000 0.4196 0.3569
v 7.934 -7.169 37.344 0.6000 0.4196 0.3569
v 12.085 -9.129 37.786 0.6000 0.4196 0.3569
v 12.405 -9.068 37.774 0.6000 0.4196 0.3569
v 12.414 -8.849 37.747 0.6000 0.4196 0.3569
v 12.054 -8.919 37.756 0.6000 0.4196 0.3569
v 11.704 -8.980 37.786 0.6000 0.4196 0.3569
v 11.366 -9.050 37.804 0.6000 0.4196 0.3569
v 10.665 -9.190 37.856 0.6000 0.4196 0.3569
v 10.314 -9.248 37.856 0.6000 0.4196 0.3569
v 8.104 -8.620 37.655 0.6000 0.4196 0.3569
v 8.433 -8.550 37.646 0.6000 0.4196 0.3569
v 8.753 -8.489 37.625 0.6000 0.4196 0.3569
v 9.074 -8.428 37.625 0.6000 0.4196 0.3569
v 9.403 -8.358 37.594 0.6000 0.4196 0.3569
v 9.714 -8.300 37.606 0.6000 0.4196 0.3569
v 10.043 -8.239 37.585 0.6000 0.4196 0.3569
v 10.375 -8.169 37.554 0.6000 0.4196 0.3569
v 10.695 -8.108 37.554 0.6000 0.4196 0.3569
v 11.015 -8.050 37.536 0.6000 0.4196 0.3569
v 11.305 -7.989 37.585 0.6000 0.4196 0.3569
v 11.643 -7.928 37.515 0.6000 0.4196 0.3569
v 11.954 -7.870 37.524 0.6000 0.4196 0.3569
v 12.274 -7.810 37.506 0.6000 0.4196 0.3569
v 11.003 -7.770 37.445 0.6000 0.4196 0.3569
v 10.655 -7.840 37.475 0.6000 0.4196 0.3569
v 10.305 -7.910 37.466 0.6000 0.4196 0.3569
v 9.954 -7.980 37.506 0.6000 0.4196 0.3569
v 9.595 -8.050 37.524 0.6000 0.4196 0.3569
v 9.253 -8.108 37.515 0.6000 0.4196 0.3569
v 8.894 -8.178 37.536 0.6000 0.4196 0.3569
v 8.543 -8.248 37.545 0.6000 0.4196 0.3569
v 8.193 -8.319 37.567 0.6000 0.4196 0.3569
v 9.704 -8.889 37.747 0.6000 0.4196 0.3569
v 9.994 -8.831 37.734 0.6000 0.4196 0.3569
v 10.284 -8.779 37.725 0.6000 0.4196 0.3569
v 10.585 -8.718 37.725 0.6000 0.4196 0.3569
v 10.863 -8.660 37.707 0.6000 0.4196 0.3569
v 11.155 -8.608 37.716 0.6000 0.4196 0.3569
v 11.436 -8.550 37.747 0.6000 0.4196 0.3569
v 11.734 -8.489 37.676 0.6000 0.4196 0.3569
v 12.024 -8.440 37.664 0.6000 0.4196 0.3569
v 12.314 -8.380 37.664 0.6000 0.4196 0.3569
v 12.365 -8.230 37.646 0.6000 0.4196 0.3569
v 12.054 -8.288 37.637 0.6000 0.4196 0.3569
v 11.734 -8.349 37.664 0.6000 0.4196 0.3569
v 11.424 -8.410 37.716 0.6000 0.4196 0.3569
v 11.125 -8.468 37.686 0.6000 0.4196 0.3569
v 10.823 -8.529 37.676 0.6000 0.4196 0.3569
v 10.515 -8.587 37.686 0.6000 0.4196 0.3569
v 10.204 -8.651 37.707 0.6000 0.4196 0.3569
v 9.884 -8.709 37.725 0.6000 0.4196 0.3569
v 9.573 -8.770 37.734 0.6000 0.4196 0.3569
v 8.272 -7.758 37.426 0.6000 0.4196 0.3569
v 8.574 -7.700 37.396 0.6000 0.4196 0.3569
v 8.863 -7.639 37.387 0.6000 0.4196 0.3569
v 9.704 -7.480 37.375 0.6000 0.4196 0.3569
v 10.284 -7.358 37.326 0.6000 0.4196 0.3569
v 10.564 -7.310 37.356 0.6000 0.4196 0.3569
v 10.113 -7.188 37.289 0.6000 0.4196 0.3569
v 9.485 -7.310 37.338 0.6000 0.4196 0.3569
v 9.183 -7.368 37.320 0.6000 0.4196 0.3569
v 8.574 -7.480 37.277 0.6000 0.4196 0.3569
v 8.254 -7.550 37.390 0.6000 0.4196 0.3569
v 10.015 -7.538 37.341 0.6000 0.4196 0.3569
v 8.744 -7.499 37.381 0.6000 0.4196 0.3569
v 8.315 -7.489 37.362 0.6000 0.4196 0.3569
v 8.223 -8.270 37.594 0.6000 0.4196 0.3569
v 8.644 -8.279 37.615 0.6000 0.4196 0.3569
v 9.064 -8.300 37.603 0.6000 0.4196 0.3569
v 9.485 -8.309 37.615 0.6000 0.4196 0.3569
v 9.903 -8.319 37.615 0.6000 0.4196 0.3569
v 10.735 -8.340 37.664 0.6000 0.4196 0.3569
v 11.155 -8.349 37.704 0.6000 0.4196 0.3569
v 11.573 -8.358 37.655 0.6000 0.4196 0.3569
v 11.993 -8.370 37.615 0.6000 0.4196 0.3569
v 12.414 -8.380 37.615 0.6000 0.4196 0.3569
v 12.493 -9.010 37.811 0.6000 0.4196 0.3569
v 12.076 -8.998 37.801 0.6000 0.4196 0.3569
v 11.643 -8.989 37.823 0.6000 0.4196 0.3569
v 11.225 -8.980 37.823 0.6000 0.4196 0.3569
v 10.805 -8.971 37.792 0.6000 0.4196 0.3569
v 10.363 -8.959 37.811 0.6000 0.4196 0.3569
v 9.945 -8.949 37.823 0.6000 0.4196 0.3569
v 9.512 -8.940 37.801 0.6000 0.4196 0.3569
v 8.424 -7.718 37.433 0.6000 0.4196 0.3569
v 8.845 -7.730 37.442 0.6000 0.4196 0.3569
v 9.262 -7.739 37.433 0.6000 0.4196 0.3569
v 9.683 -7.749 37.411 0.6000 0.4196 0.3569
v 10.113 -7.758 37.433 0.6000 0.4196 0.3569
v 12.216 -7.819 37.381 0.6000 0.4196 0.3569
v 12.103 -8.498 37.652 0.6000 0.4196 0.3569
v 11.695 -8.489 37.682 0.6000 0.4196 0.3569
v 11.283 -8.480 37.722 0.6000 0.4196 0.3569
v 10.863 -8.468 37.701 0.6000 0.4196 0.3569
v 10.454 -8.459 37.692 0.6000 0.4196 0.3569
v 10.034 -8.450 37.652 0.6000 0.4196 0.3569
v 9.634 -8.440 37.652 0.6000 0.4196 0.3569
v 9.214 -8.428 37.643 0.6000 0.4196 0.3569
v 8.802 -8.419 37.652 0.6000 0.4196 0.3569
v 8.385 -8.410 37.643 0.6000 0.4196 0.3569
v 9.704 -9.059 37.823 0.6000 0.4196 0.3569
v 10.125 -9.068 37.862 0.6000 0.4196 0.3569
v 10.555 -9.081 37.823 0.6000 0.4196 0.3569
v 10.954 -9.090 37.832 0.6000 0.4196 0.3569
v 12.216 -9.129 37.841 0.6000 0.4196 0.3569
v 12.304 -8.428 37.646 0.6000 0.4196 0.3569
v 11.963 -8.440 37.655 0.6000 0.4196 0.3569
v 11.634 -8.450 37.655 0.6000 0.4196 0.3569
v 11.283 -8.450 37.664 0.6000 0.4196 0.3569
v 10.945 -8.459 37.655 0.6000 0.4196 0.3569
v 10.604 -8.459 37.655 0.6000 0.4196 0.3569
v 10.265 -8.468 37.655 0.6000 0.4196 0.3569
v 9.933 -8.480 37.676 0.6000 0.4196 0.3569
v 9.595 -8.480 37.716 0.6000 0.4196 0.3569
v 9.253 -8.489 37.686 0.6000 0.4196 0.3569
v 8.912 -8.489 37.707 0.6000 0.4196 0.3569
v 8.564 -8.498 37.686 0.6000 0.4196 0.3569
v 8.223 -8.511 37.676 0.6000 0.4196 0.3569
v 8.424 -8.248 37.615 0.6000 0.4196 0.3569
v 8.824 -8.248 37.646 0.6000 0.4196 0.3569
v 9.223 -8.239 37.646 0.6000 0.4196 0.3569
v 9.613 -8.230 37.655 0.6000 0.4196 0.3569
v 10.003 -8.218 37.625 0.6000 0.4196 0.3569
v 10.375 -8.218 37.585 0.6000 0.4196 0.3569
v 10.765 -8.209 37.585 0.6000 0.4196 0.3569
v 11.183 -8.200 37.637 0.6000 0.4196 0.3569
v 11.564 -8.191 37.625 0.6000 0.4196 0.3569
v 11.954 -8.191 37.615 0.6000 0.4196 0.3569
v 12.335 -8.178 37.594 0.6000 0.4196 0.3569
v 12.384 -8.858 37.756 0.6000 0.4196 0.3569
v 12.045 -8.870 37.756 0.6000 0.4196 0.3569
v 11.686 -8.870 37.756 0.6000 0.4196 0.3569
v 11.344 -8.879 37.765 0.6000 0.4196 0.3569
v 11.003 -8.879 37.765 0.6000 0.4196 0.3569
v 10.655 -8.889 37.765 0.6000 0.4196 0.3569
v 10.314 -8.901 37.774 0.6000 0.4196 0.3569
v 9.964 -8.901 37.774 0.6000 0.4196 0.3569
v 9.628 -8.910 37.795 0.6000 0.4196 0.3569
v 8.363 -8.651 37.725 0.6000 0.4196 0.3569
v 8.784 -8.639 37.747 0.6000 0.4196 0.3569
v 9.174 -8.639 37.747 0.6000 0.4196 0.3569
v 9.583 -8.629 37.756 0.6000 0.4196 0.3569
v 9.973 -8.620 37.716 0.6000 0.4196 0.3569
v 10.375 -8.608 37.695 0.6000 0.4196 0.3569
v 10.774 -8.608 37.707 0.6000 0.4196 0.3569
v 11.174 -8.599 37.707 0.6000 0.4196 0.3569
v 11.564 -8.590 37.686 0.6000 0.4196 0.3569
v 11.975 -8.581 37.695 0.6000 0.4196 0.3569
v 12.374 -8.581 37.686 0.6000 0.4196 0.3569
v 10.043 -7.480 37.295 0.6000 0.4196 0.3569
v 9.704 -7.489 37.344 0.6000 0.4196 0.3569
v 8.653 -7.508 37.305 0.6000 0.4196 0.3569
v 8.302 -7.508 37.326 0.6000 0.4196 0.3569
v 8.324 -7.169 37.317 0.6000 0.4196 0.3569
v 2.151 -12.290 37.426 0.6000 0.4196 0.3569
v 1.780 -12.360 37.466 0.6000 0.4196 0.3569
v 1.420 -12.430 37.515 0.6000 0.4196 0.3569
v 1.261 -11.979 37.265 0.6000 0.4196 0.3569
v 1.551 -11.930 37.265 0.6000 0.4196 0.3569
v 1.850 -11.869 37.247 0.6000 0.4196 0.3569
v 2.151 -11.812 37.216 0.6000 0.4196 0.3569
v 2.441 -11.748 37.195 0.6000 0.4196 0.3569
v 2.770 -11.479 37.094 0.6000 0.4196 0.3569
v 2.441 -11.537 37.177 0.6000 0.4196 0.3569
v 2.121 -11.601 37.177 0.6000 0.4196 0.3569
v 1.810 -11.659 37.225 0.6000 0.4196 0.3569
v 1.490 -11.720 37.195 0.6000 0.4196 0.3569
v 1.170 -11.790 37.234 0.6000 0.4196 0.3569
v 0.850 -11.851 37.234 0.6000 0.4196 0.3569
v 0.539 -11.909 37.234 0.6000 0.4196 0.3569
v 0.740 -12.229 37.341 0.6000 0.4196 0.3569
v 1.161 -12.250 37.350 0.6000 0.4196 0.3569
v 1.582 -12.260 37.350 0.6000 0.4196 0.3569
v 2.002 -12.272 37.350 0.6000 0.4196 0.3569
v 2.411 -12.281 37.372 0.6000 0.4196 0.3569
v 1.319 -11.671 37.100 0.6000 0.4196 0.3569
v 1.752 -11.690 37.113 0.6000 0.4196 0.3569
v 2.170 -11.702 37.100 0.6000 0.4196 0.3569
v 2.590 -11.711 37.113 0.6000 0.4196 0.3569
v 2.331 -12.351 37.402 0.6000 0.4196 0.3569
v 1.920 -12.342 37.381 0.6000 0.4196 0.3569
v 1.502 -12.330 37.393 0.6000 0.4196 0.3569
v 1.100 -12.321 37.381 0.6000 0.4196 0.3569
v 1.481 -11.671 37.109 0.6000 0.4196 0.3569
v 1.152 -11.671 37.149 0.6000 0.4196 0.3569
v 0.810 -11.680 37.158 0.6000 0.4196 0.3569
v 0.490 -11.680 37.198 0.6000 0.4196 0.3569
v 1.170 -12.119 37.359 0.6000 0.4196 0.3569
v 0.820 -12.119 37.359 0.6000 0.4196 0.3569
v 0.499 -12.132 37.439 0.6000 0.4196 0.3569
v 0.631 -11.830 37.259 0.6000 0.4196 0.3569
v 1.021 -11.821 37.219 0.6000 0.4196 0.3569
v 1.420 -11.812 37.189 0.6000 0.4196 0.3569
f 10439 10415 10432
f 10211 10411 10410
f 10163 10410 10164
f 10163 10004 10410
f 10002 10001 10410
f 10268 10375 10269
f 10378 10396 10338
f 10395 10378 10338
f 10417 10438 10434
f 10001 10208 10410
f 10208 10209 10410
f 10210 10211 10410
f 10209 10210 10410
f 10411 10050 10412
f 10050 10411 10211
f 10433 10086 10434
f 10050 10433 10432
f 10433 10050 10086
f 10438 10433 10434
f 10433 10438 10416
f 10433 10439 10432
f 10433 10416 10439
f 10129 10240 10434
f 10086 10129 10434
f 10004 10003 10410
f 10003 10002 10410
f 10117 10225 10010
f 10396 10353 10338
f 10353 10396 10323
f 10292 10322 10375
f 10326 10380 10254
f 10326 10249 10253
f 10249 10326 10254
f 10255 10249 10254
f 10352 10249 10256
f 10249 10255 10256
f 10395 10379 10378
f 10379 10253 10378
f 10379 10326 10253
f 10380 10379 10394
f 10326 10379 10380
f 10377 10396 10378
f 10250 10377 10352
f 10377 10250 10324
f 10166 10422 10256
f 10165 10422 10166
f 10410 10422 10164
f 10422 10165 10164
f 10050 10423 10431
f 10423 10050 10432
f 10415 10423 10432
f 10049 10129 10086
f 10068 10116 10196
f 10116 10068 10067
f 10351 10255 10254
f 10380 10327 10254
f 10327 10380 10381
f 10327 10351 10254
f 10351 10327 10381
f 10255 10350 10256
f 10304 10306 10397
f 10337 10376 10270
f 10375 10337 10269
f 10376 10337 10375
f 10379 10287 10394
f 10287 10379 10395
f 10226 10069 10140
f 10069 10068 10140
f 10068 10069 10067
f 10197 10165 10166
f 10197 10117 10165
f 10225 10197 10166
f 10197 10225 10117
f 10331 10387 10166
f 10289 10353 10323
f 10353 10289 10338
f 10288 10395 10338
f 10249 10325 10253
f 10325 10249 10352
f 10377 10325 10352
f 10251 10377 10324
f 10377 10251 10396
f 10323 10251 10324
f 10396 10251 10323
f 10427 10250 10352
f 10427 10352 10256
f 10422 10427 10256
f 10050 10212 10086
f 10214 10180 10052
f 10129 10104 10240
f 10239 10104 10129
f 10068 10300 10140
f 10225 10167 10010
f 10207 10208 10001
f 10351 10328 10255
f 10328 10350 10255
f 10350 10328 10382
f 10328 10351 10381
f 10304 10305 10306
f 10337 10305 10269
f 10305 10337 10270
f 10387 10386 10166
f 10198 10224 10009
f 10118 10198 10009
f 10117 10198 10165
f 10165 10198 10164
f 10198 10118 10164
f 10198 10117 10010
f 10224 10198 10010
f 10200 10163 10164
f 10224 10012 10009
f 10307 10306 10401
f 10308 10307 10401
f 10334 10333 10276
f 10275 10334 10276
f 10334 10275 10335
f 10334 10307 10308
f 10333 10302 10301
f 10302 10334 10308
f 10334 10302 10333
f 10226 10313 10248
f 10313 10401 10248
f 10349 10348 10256
f 10348 10166 10256
f 10348 10331 10166
f 10290 10289 10323
f 10289 10290 10376
f 10290 10323 10270
f 10376 10290 10270
f 10288 10291 10322
f 10291 10289 10376
f 10289 10291 10338
f 10291 10288 10338
f 10291 10376 10375
f 10322 10291 10375
f 10354 10287 10395
f 10288 10354 10395
f 10354 10288 10322
f 10354 10322 10292
f 10287 10354 10292
f 10253 10252 10378
f 10325 10252 10253
f 10252 10377 10378
f 10252 10325 10377
f 10413 10408 10412
f 10424 10413 10431
f 10413 10050 10431
f 10050 10413 10412
f 10425 10411 10412
f 10408 10425 10412
f 10409 10408 10422
f 10425 10409 10411
f 10409 10425 10408
f 10440 10423 10415
f 10406 10407 10424
f 10407 10413 10424
f 10413 10407 10408
f 10407 10406 10420
f 10416 10436 10439
f 10436 10438 10417
f 10438 10436 10416
f 10406 10405 10420
f 10440 10405 10406
f 10405 10440 10415
f 10405 10415 10439
f 10408 10402 10422
f 10402 10427 10422
f 10427 10402 10428
f 10154 10050 10211
f 10154 10212 10050
f 10183 10049 10086
f 10155 10127 10214
f 10155 10214 10052
f 10155 10210 10209
f 10127 10155 10209
f 10048 10239 10129
f 10049 10048 10129
f 10300 10310 10140
f 10310 10226 10140
f 10310 10313 10226
f 10313 10310 10400
f 10332 10313 10400
f 10310 10332 10400
f 10332 10310 10300
f 10116 10141 10196
f 10163 10005 10004
f 10162 10005 10163
f 10035 10037 10034
f 10036 10037 10035
f 10037 10036 10248
f 10037 10091 10090
f 10401 10037 10248
f 10306 10037 10401
f 10091 10037 10306
f 10069 10070 10067
f 10206 10020 10001
f 10020 10207 10001
f 10091 10089 10090
f 10243 10102 10131
f 10048 10047 10239
f 10047 10048 10022
f 10284 10328 10381
f 10328 10284 10382
f 10272 10305 10304
f 10339 10287 10292
f 10355 10339 10292
f 10287 10339 10394
f 10339 10355 10394
f 10266 10272 10265
f 10317 10275 10276
f 10345 10362 10261
f 10260 10362 10345
f 10118 10199 10164
f 10008 10199 10118
f 10195 10116 10067
f 10228 10035 10034
f 10303 10311 10397
f 10306 10303 10397
f 10307 10303 10306
f 10336 10311 10335
f 10336 10304 10397
f 10311 10336 10397
f 10277 10333 10301
f 10333 10277 10276
f 10258 10386 10387
f 10312 10399 10301
f 10302 10312 10301
f 10312 10302 10308
f 10312 10308 10401
f 10399 10309 10301
f 10309 10332 10301
f 10332 10309 10313
f 10313 10309 10401
f 10309 10312 10401
f 10312 10309 10399
f 10331 10385 10299
f 10348 10385 10331
f 10426 10422 10410
f 10426 10409 10422
f 10411 10426 10410
f 10409 10426 10411
f 10423 10414 10431
f 10440 10414 10423
f 10414 10440 10406
f 10414 10424 10431
f 10414 10406 10424
f 10437 10436 10417
f 10437 10417 10434
f 10405 10429 10420
f 10404 10429 10419
f 10407 10421 10408
f 10421 10402 10408
f 10402 10421 10428
f 10212 10182 10086
f 10182 10183 10086
f 10183 10021 10049
f 10021 10048 10049
f 10184 10180 10083
f 10152 10184 10083
f 10366 10332 10300
f 10258 10365 10386
f 10347 10365 10258
f 10005 10161 10004
f 10094 10069 10226
f 10094 10070 10069
f 10094 10226 10248
f 10036 10094 10248
f 10088 10102 10243
f 10088 10089 10091
f 10089 10088 10243
f 10102 10087 10130
f 10087 10103 10130
f 10092 10087 10091
f 10087 10092 10103
f 10241 10104 10239
f 10103 10241 10239
f 10092 10241 10103
f 10238 10103 10239
f 10103 10238 10130
f 10047 10238 10239
f 10238 10046 10130
f 10046 10238 10047
f 10023 10047 10022
f 10023 10046 10047
f 10237 10102 10130
f 10046 10237 10130
f 10102 10237 10131
f 10272 10271 10305
f 10266 10271 10272
f 10271 10268 10269
f 10305 10271 10269
f 10167 10168 10010
f 10168 10224 10010
f 10168 10012 10224
f 10070 10139 10067
f 10311 10398 10335
f 10303 10398 10311
f 10398 10334 10335
f 10334 10398 10307
f 10398 10303 10307
f 10277 10316 10276
f 10316 10260 10345
f 10316 10363 10260
f 10364 10258 10387
f 10364 10347 10258
f 10388 10362 10260
f 10363 10388 10260
f 10388 10363 10387
f 10331 10388 10387
f 10388 10331 10299
f 10437 10418 10436
f 10429 10435 10419
f 10435 10429 10405
f 10436 10435 10439
f 10435 10405 10439
f 10403 10429 10404
f 10403 10427 10428
f 10403 10404 10427
f 10429 10403 10420
f 10403 10407 10420
f 10421 10403 10428
f 10403 10421 10407
f 10154 10051 10212
f 10048 10105 10022
f 10021 10105 10048
f 10105 10152 10022
f 10105 10184 10152
f 10156 10126 10215
f 10156 10127 10209
f 10208 10156 10209
f 10126 10156 10208
f 10180 10053 10083
f 10053 10180 10214
f 10127 10053 10214
f 10332 10278 10301
f 10366 10278 10332
f 10278 10277 10301
f 10277 10278 10315
f 10278 10366 10347
f 10278 10364 10315
f 10364 10278 10347
f 10366 10314 10347
f 10314 10366 10300
f 10314 10068 10196
f 10314 10300 10068
f 10257 10365 10141
f 10257 10167 10225
f 10257 10141 10167
f 10365 10257 10386
f 10257 10225 10166
f 10386 10257 10166
f 10201 10162 10163
f 10120 10201 10163
f 10221 10121 10162
f 10119 10199 10008
f 10119 10200 10164
f 10199 10119 10164
f 10223 10119 10008
f 10223 10118 10009
f 10223 10008 10118
f 10219 10017 10173
f 10174 10219 10173
f 10002 10205 10001
f 10089 10244 10090
f 10136 10032 10231
f 10032 10136 10230
f 10135 10136 10231
f 10136 10135 10075
f 10030 10135 10231
f 10174 10190 10147
f 10190 10174 10173
f 10135 10076 10075
f 10191 10172 10145
f 10096 10032 10230
f 10094 10227 10070
f 10227 10139 10070
f 10227 10036 10035
f 10227 10094 10036
f 10228 10227 10035
f 10139 10227 10228
f 10038 10039 10032
f 10096 10038 10032
f 10038 10096 10033
f 10038 10033 10037
f 10126 10178 10215
f 10088 10242 10102
f 10242 10087 10102
f 10242 10088 10091
f 10087 10242 10091
f 10104 10093 10240
f 10241 10093 10104
f 10093 10241 10092
f 10093 10092 10091
f 10152 10106 10022
f 10106 10023 10022
f 10285 10284 10381
f 10380 10285 10381
f 10393 10285 10380
f 10286 10380 10394
f 10286 10393 10380
f 10355 10286 10394
f 10011 10168 10167
f 10195 10011 10116
f 10011 10141 10116
f 10141 10011 10167
f 10168 10142 10012
f 10142 10011 10195
f 10011 10142 10168
f 10316 10368 10276
f 10368 10316 10345
f 10368 10345 10261
f 10368 10317 10276
f 10317 10368 10261
f 10367 10277 10315
f 10346 10367 10315
f 10367 10316 10277
f 10316 10367 10363
f 10367 10346 10363
f 10364 10259 10315
f 10259 10346 10315
f 10259 10364 10387
f 10363 10259 10387
f 10346 10259 10363
f 10430 10404 10419
f 10430 10418 10404
f 10418 10430 10436
f 10435 10430 10419
f 10430 10435 10436
f 10085 10182 10212
f 10051 10085 10212
f 10182 10085 10183
f 10213 10051 10154
f 10105 10153 10184
f 10153 10021 10183
f 10153 10105 10021
f 10023 10024 10046
f 10106 10024 10023
f 10024 10237 10046
f 10179 10053 10127
f 10053 10179 10083
f 10279 10365 10347
f 10314 10279 10347
f 10365 10279 10141
f 10141 10279 10196
f 10279 10314 10196
f 10202 10005 10162
f 10121 10202 10162
f 10202 10161 10005
f 10202 10121 10161
f 10121 10016 10161
f 10016 10221 10172
f 10221 10016 10121
f 10201 10006 10162
f 10006 10201 10120
f 10006 10221 10162
f 10221 10006 10120
f 10015 10221 10120
f 10221 10015 10172
f 10015 10171 10145
f 10172 10015 10145
f 10119 10007 10200
f 10200 10007 10163
f 10007 10120 10163
f 10071 10138 10065
f 10071 10139 10228
f 10138 10071 10228
f 10137 10096 10230
f 10161 10203 10004
f 10017 10203 10161
f 10203 10003 10004
f 10218 10019 10159
f 10019 10205 10159
f 10019 10206 10001
f 10205 10019 10001
f 10018 10205 10002
f 10176 10218 10175
f 10110 10059 10147
f 10059 10174 10147
f 10174 10059 10175
f 10031 10030 10231
f 10030 10031 10097
f 10031 10039 10097
f 10032 10031 10231
f 10039 10031 10032
f 10038 10247 10039
f 10247 10037 10090
f 10247 10038 10037
f 10030 10232 10135
f 10190 10060 10147
f 10060 10190 10111
f 10076 10060 10111
f 10172 10146 10173
f 10191 10146 10172
f 10146 10190 10173
f 10190 10146 10111
f 10112 10062 10075
f 10062 10112 10145
f 10112 10191 10145
f 10157 10125 10216
f 10157 10126 10208
f 10207 10157 10208
f 10125 10157 10207
f 10157 10178 10126
f 10178 10157 10216
f 10185 10152 10083
f 10185 10106 10152
f 10179 10185 10083
f 10185 10179 10082
f 10341 10319 10295
f 10294 10285 10393
f 10320 10373 10266
f 10392 10296 10283
f 10392 10284 10295
f 10284 10392 10382
f 10392 10283 10382
f 10296 10358 10342
f 10392 10358 10296
f 10319 10358 10295
f 10358 10392 10295
f 10385 10280 10299
f 10280 10298 10299
f 10280 10385 10348
f 10275 10274 10335
f 10274 10336 10335
f 10272 10264 10265
f 10115 10142 10195
f 10142 10115 10012
f 10128 10154 10211
f 10128 10213 10154
f 10210 10128 10211
f 10155 10128 10210
f 10128 10155 10052
f 10213 10128 10052
f 10181 10085 10051
f 10213 10181 10051
f 10085 10181 10183
f 10181 10213 10052
f 10178 10054 10215
f 10054 10156 10215
f 10179 10054 10082
f 10156 10054 10127
f 10054 10179 10127
f 10220 10017 10161
f 10016 10220 10161
f 10017 10220 10173
f 10220 10172 10173
f 10220 10016 10172
f 10222 10007 10119
f 10007 10222 10120
f 10222 10014 10171
f 10015 10222 10171
f 10222 10015 10120
f 10095 10228 10034
f 10095 10138 10228
f 10037 10095 10034
f 10033 10095 10037
f 10013 10170 10223
f 10223 10170 10119
f 10222 10170 10014
f 10170 10222 10119
f 10064 10114 10065
f 10122 10203 10017
f 10122 10017 10219
f 10003 10204 10002
f 10204 10018 10002
f 10205 10123 10159
f 10018 10123 10205
f 10123 10218 10159
f 10123 10174 10175
f 10218 10123 10175
f 10174 10123 10219
f 10123 10018 10219
f 10026 10236 10025
f 10236 10026 10044
f 10158 10020 10206
f 10020 10158 10207
f 10158 10125 10207
f 10124 10019 10218
f 10176 10124 10218
f 10019 10124 10206
f 10124 10158 10206
f 10125 10177 10216
f 10078 10148 10110
f 10040 10030 10097
f 10039 10040 10097
f 10247 10040 10039
f 10040 10232 10030
f 10077 10060 10076
f 10077 10110 10147
f 10060 10077 10147
f 10077 10078 10110
f 10235 10026 10027
f 10133 10043 10027
f 10043 10235 10027
f 10061 10076 10111
f 10146 10061 10111
f 10076 10061 10075
f 10061 10112 10075
f 10061 10146 10191
f 10112 10061 10191
f 10151 10024 10106
f 10185 10151 10106
f 10151 10185 10082
f 10186 10151 10082
f 10372 10266 10265
f 10319 10372 10265
f 10357 10294 10320
f 10357 10320 10266
f 10372 10357 10266
f 10341 10357 10319
f 10357 10372 10319
f 10284 10357 10295
f 10357 10341 10295
f 10285 10357 10284
f 10294 10357 10285
f 10267 10271 10266
f 10373 10267 10266
f 10271 10267 10268
f 10293 10286 10355
f 10391 10296 10342
f 10296 10391 10283
f 10263 10274 10370
f 10298 10281 10390
f 10281 10297 10390
f 10360 10298 10390
f 10360 10344 10298
f 10298 10389 10299
f 10344 10389 10298
f 10389 10388 10299
f 10388 10389 10362
f 10317 10369 10275
f 10344 10369 10317
f 10273 10264 10272
f 10273 10272 10304
f 10336 10273 10304
f 10274 10273 10336
f 10263 10273 10274
f 10273 10263 10264
f 10066 10195 10067
f 10066 10115 10195
f 10139 10066 10067
f 10071 10066 10139
f 10066 10071 10065
f 10169 10013 10223
f 10012 10169 10009
f 10169 10223 10009
f 10084 10153 10183
f 10181 10084 10183
f 10153 10084 10184
f 10184 10084 10180
f 10180 10084 10052
f 10084 10181 10052
f 10054 10055 10082
f 10055 10054 10178
f 10055 10186 10082
f 10186 10055 10081
f 10055 10150 10081
f 10095 10229 10138
f 10229 10095 10033
f 10096 10229 10033
f 10137 10229 10096
f 10171 10192 10145
f 10113 10192 10171
f 10192 10062 10145
f 10062 10074 10075
f 10074 10136 10075
f 10113 10193 10064
f 10193 10114 10064
f 10114 10193 10170
f 10160 10204 10003
f 10203 10160 10003
f 10122 10160 10203
f 10160 10122 10219
f 10018 10160 10219
f 10204 10160 10018
f 10045 10236 10131
f 10236 10045 10025
f 10237 10045 10131
f 10024 10045 10237
f 10045 10024 10025
f 10101 10236 10044
f 10101 10235 10244
f 10101 10244 10089
f 10101 10089 10243
f 10101 10243 10131
f 10236 10101 10131
f 10108 10026 10025
f 10150 10108 10025
f 10109 10148 10078
f 10109 10078 10027
f 10026 10109 10027
f 10056 10177 10187
f 10055 10056 10150
f 10177 10056 10216
f 10056 10178 10216
f 10056 10055 10178
f 10217 10124 10176
f 10124 10217 10158
f 10158 10217 10125
f 10217 10177 10125
f 10058 10176 10175
f 10148 10058 10175
f 10189 10059 10110
f 10148 10189 10110
f 10059 10189 10175
f 10189 10148 10175
f 10077 10028 10078
f 10078 10028 10027
f 10028 10133 10027
f 10029 10076 10135
f 10232 10029 10135
f 10029 10041 10233
f 10026 10132 10044
f 10235 10132 10026
f 10132 10101 10044
f 10101 10132 10235
f 10234 10043 10133
f 10028 10234 10133
f 10107 10151 10186
f 10151 10107 10024
f 10107 10186 10081
f 10150 10107 10081
f 10024 10107 10025
f 10107 10150 10025
f 10356 10373 10320
f 10356 10293 10373
f 10294 10356 10320
f 10374 10267 10373
f 10293 10374 10373
f 10267 10374 10268
f 10268 10374 10375
f 10374 10292 10375
f 10359 10391 10342
f 10391 10359 10297
f 10383 10281 10349
f 10330 10280 10348
f 10330 10348 10349
f 10343 10359 10263
f 10343 10360 10390
f 10297 10343 10390
f 10359 10343 10297
f 10361 10389 10344
f 10361 10317 10261
f 10361 10344 10317
f 10362 10361 10261
f 10389 10361 10362
f 10360 10262 10344
f 10262 10369 10344
f 10274 10262 10370
f 10262 10274 10275
f 10369 10262 10275
f 10115 10194 10012
f 10194 10169 10012
f 10114 10194 10065
f 10194 10066 10065
f 10066 10194 10115
f 10229 10072 10138
f 10072 10229 10137
f 10138 10072 10065
f 10072 10064 10065
f 10063 10113 10064
f 10063 10074 10062
f 10192 10063 10062
f 10063 10192 10113
f 10144 10113 10171
f 10144 10193 10113
f 10014 10144 10171
f 10170 10144 10014
f 10193 10144 10170
f 10080 10108 10150
f 10080 10056 10187
f 10056 10080 10150
f 10080 10187 10149
f 10108 10080 10149
f 10109 10188 10148
f 10188 10058 10148
f 10058 10188 10176
f 10134 10029 10233
f 10134 10028 10077
f 10134 10077 10076
f 10029 10134 10076
f 10040 10098 10232
f 10098 10029 10232
f 10098 10041 10029
f 10098 10040 10247
f 10246 10247 10090
f 10246 10098 10247
f 10098 10246 10041
f 10234 10100 10043
f 10235 10100 10244
f 10043 10100 10235
f 10340 10294 10393
f 10340 10356 10294
f 10286 10340 10393
f 10293 10340 10286
f 10356 10340 10293
f 10321 10355 10292
f 10374 10321 10292
f 10321 10293 10355
f 10321 10374 10293
f 10263 10371 10264
f 10359 10371 10263
f 10371 10359 10342
f 10358 10371 10342
f 10371 10358 10319
f 10371 10319 10265
f 10264 10371 10265
f 10391 10282 10283
f 10282 10383 10283
f 10282 10391 10297
f 10281 10282 10297
f 10383 10282 10281
f 10283 10329 10382
f 10383 10329 10283
f 10329 10350 10382
f 10350 10329 10256
f 10329 10349 10256
f 10329 10383 10349
f 10280 10384 10298
f 10330 10384 10280
f 10384 10281 10298
f 10281 10384 10349
f 10384 10330 10349
f 10262 10318 10370
f 10318 10262 10360
f 10343 10318 10360
f 10318 10263 10370
f 10318 10343 10263
f 10169 10143 10013
f 10194 10143 10169
f 10143 10194 10114
f 10143 10170 10013
f 10143 10114 10170
f 10073 10063 10064
f 10073 10072 10137
f 10072 10073 10064
f 10063 10073 10074
f 10073 10137 10230
f 10136 10073 10230
f 10074 10073 10136
f 10188 10079 10149
f 10079 10188 10109
f 10079 10108 10149
f 10108 10079 10026
f 10079 10109 10026
f 10057 10188 10149
f 10188 10057 10176
f 10187 10057 10149
f 10177 10057 10187
f 10057 10217 10176
f 10217 10057 10177
f 10245 10100 10234
f 10245 10246 10090
f 10244 10245 10090
f 10100 10245 10244
f 10245 10099 10246
f 10041 10099 10233
f 10246 10099 10041
f 10042 10245 10234
f 10042 10099 10245
f 10042 10234 10028
f 10134 10042 10028
f 10042 10134 10233
f 10099 10042 10233
v 4.011 -10.760 41.627 0.6196 0.3373 0.4196
v 4.343 -10.699 41.584 0.6196 0.3373 0.4196
v 4.663 -10.641 41.535 0.6196 0.3373 0.4196
v 5.001 -10.571 41.486 0.6196 0.3373 0.4196
v 5.321 -10.510 41.456 0.6196 0.3373 0.4196
v 5.663 -10.440 41.416 0.6196 0.3373 0.4196
v 5.983 -10.379 41.364 0.6196 0.3373 0.4196
v 6.312 -10.309 41.325 0.6196 0.3373 0.4196
v 6.641 -10.251 41.285 0.6196 0.3373 0.4196
v 6.964 -10.190 41.264 0.6196 0.3373 0.4196
v 7.293 -10.120 41.246 0.6196 0.3373 0.4196
v 7.623 -10.059 41.197 0.6196 0.3373 0.4196
v 7.952 -9.989 41.166 0.6196 0.3373 0.4196
v 8.022 -9.751 41.014 0.6196 0.3373 0.4196
v 7.662 -9.821 41.057 0.6196 0.3373 0.4196
v 7.312 -9.888 41.105 0.6196 0.3373 0.4196
v 6.943 -9.958 41.115 0.6196 0.3373 0.4196
v 6.592 -10.028 41.145 0.6196 0.3373 0.4196
v 6.242 -10.099 41.185 0.6196 0.3373 0.4196
v 5.873 -10.169 41.236 0.6196 0.3373 0.4196
v 5.523 -10.239 41.276 0.6196 0.3373 0.4196
v 5.151 -10.309 41.334 0.6196 0.3373 0.4196
v 4.791 -10.379 41.364 0.6196 0.3373 0.4196
v 4.431 -10.449 41.425 0.6196 0.3373 0.4196
v 4.081 -10.519 41.456 0.6196 0.3373 0.4196
v 3.712 -10.589 41.517 0.6196 0.3373 0.4196
v 3.362 -10.659 41.557 0.6196 0.3373 0.4196
v 2.993 -10.730 41.584 0.6196 0.3373 0.4196
v 2.682 -10.790 41.517 0.6196 0.3373 0.4196
v 2.752 -9.708 40.825 0.6196 0.3373 0.4196
v 3.041 -9.660 40.904 0.6196 0.3373 0.4196
v 3.371 -9.590 40.895 0.6196 0.3373 0.4196
v 3.691 -9.529 40.865 0.6196 0.3373 0.4196
v 4.011 -9.471 40.846 0.6196 0.3373 0.4196
v 4.331 -9.401 40.834 0.6196 0.3373 0.4196
v 4.642 -9.340 40.846 0.6196 0.3373 0.4196
v 7.833 -10.781 41.605 0.6196 0.3373 0.4196
v 8.004 -10.541 41.465 0.6196 0.3373 0.4196
v 7.684 -10.601 41.505 0.6196 0.3373 0.4196
v 7.354 -10.669 41.557 0.6196 0.3373 0.4196
v 7.044 -10.730 41.596 0.6196 0.3373 0.4196
v 6.723 -10.790 41.614 0.6196 0.3373 0.4196
v 3.782 -9.230 40.855 0.6196 0.3373 0.4196
v 3.441 -9.291 40.834 0.6196 0.3373 0.4196
v 3.102 -9.361 40.834 0.6196 0.3373 0.4196
v 2.770 -9.419 40.776 0.6196 0.3373 0.4196
v 2.700 -10.300 41.084 0.6196 0.3373 0.4196
v 2.901 -10.260 41.255 0.6196 0.3373 0.4196
v 3.191 -10.211 41.255 0.6196 0.3373 0.4196
v 3.493 -10.150 41.236 0.6196 0.3373 0.4196
v 3.791 -10.089 41.197 0.6196 0.3373 0.4196
v 4.102 -10.028 41.145 0.6196 0.3373 0.4196
v 4.392 -9.971 41.136 0.6196 0.3373 0.4196
v 4.694 -9.910 41.105 0.6196 0.3373 0.4196
v 5.001 -9.849 41.075 0.6196 0.3373 0.4196
v 5.291 -9.791 41.044 0.6196 0.3373 0.4196
v 5.611 -9.730 40.996 0.6196 0.3373 0.4196
v 5.891 -9.681 40.974 0.6196 0.3373 0.4196
v 6.184 -9.620 40.947 0.6196 0.3373 0.4196
v 6.474 -9.568 40.926 0.6196 0.3373 0.4196
v 6.772 -9.510 40.895 0.6196 0.3373 0.4196
v 7.044 -9.458 40.947 0.6196 0.3373 0.4196
v 7.354 -9.401 40.895 0.6196 0.3373 0.4196
v 7.632 -9.340 40.886 0.6196 0.3373 0.4196
v 7.934 -9.279 40.877 0.6196 0.3373 0.4196
v 8.052 -9.120 40.886 0.6196 0.3373 0.4196
v 7.732 -9.178 40.877 0.6196 0.3373 0.4196
v 7.434 -9.239 40.904 0.6196 0.3373 0.4196
v 7.114 -9.300 40.895 0.6196 0.3373 0.4196
v 6.803 -9.361 40.904 0.6196 0.3373 0.4196
v 6.483 -9.416 40.935 0.6196 0.3373 0.4196
v 6.184 -9.480 40.916 0.6196 0.3373 0.4196
v 5.882 -9.541 40.935 0.6196 0.3373 0.4196
v 5.562 -9.599 40.974 0.6196 0.3373 0.4196
v 5.242 -9.660 41.014 0.6196 0.3373 0.4196
v 4.913 -9.721 41.044 0.6196 0.3373 0.4196
v 4.593 -9.791 41.066 0.6196 0.3373 0.4196
v 4.282 -9.849 41.084 0.6196 0.3373 0.4196
v 3.962 -9.910 41.105 0.6196 0.3373 0.4196
v 3.633 -9.971 41.154 0.6196 0.3373 0.4196
v 3.322 -10.028 41.185 0.6196 0.3373 0.4196
v 3.011 -10.089 41.185 0.6196 0.3373 0.4196
v 2.770 -10.141 41.044 0.6196 0.3373 0.4196
v 2.941 -9.489 40.840 0.6196 0.3373 0.4196
v 3.352 -9.510 40.862 0.6196 0.3373 0.4196
v 3.773 -9.519 40.883 0.6196 0.3373 0.4196
v 4.191 -9.529 40.871 0.6196 0.3373 0.4196
v 4.611 -9.541 40.871 0.6196 0.3373 0.4196
v 5.023 -9.547 40.883 0.6196 0.3373 0.4196
v 5.443 -9.559 40.901 0.6196 0.3373 0.4196
v 5.861 -9.568 40.892 0.6196 0.3373 0.4196
v 6.272 -9.580 40.892 0.6196 0.3373 0.4196
v 6.693 -9.590 40.910 0.6196 0.3373 0.4196
v 7.101 -9.611 40.910 0.6196 0.3373 0.4196
v 7.525 -9.620 40.932 0.6196 0.3373 0.4196
v 7.943 -9.629 40.923 0.6196 0.3373 0.4196
v 7.693 -10.239 41.270 0.6196 0.3373 0.4196
v 7.272 -10.230 41.270 0.6196 0.3373 0.4196
v 6.852 -10.220 41.270 0.6196 0.3373 0.4196
v 6.422 -10.211 41.252 0.6196 0.3373 0.4196
v 6.001 -10.199 41.261 0.6196 0.3373 0.4196
v 5.584 -10.181 41.252 0.6196 0.3373 0.4196
v 5.163 -10.169 41.230 0.6196 0.3373 0.4196
v 4.742 -10.160 41.230 0.6196 0.3373 0.4196
v 4.322 -10.150 41.230 0.6196 0.3373 0.4196
v 3.892 -10.141 41.221 0.6196 0.3373 0.4196
v 3.471 -10.129 41.221 0.6196 0.3373 0.4196
v 3.063 -10.120 41.191 0.6196 0.3373 0.4196
v 2.840 -10.790 41.672 0.6196 0.3373 0.4196
v 3.261 -10.800 41.651 0.6196 0.3373 0.4196
v 7.842 -9.660 40.932 0.6196 0.3373 0.4196
v 7.421 -9.651 40.941 0.6196 0.3373 0.4196
v 7.022 -9.638 40.910 0.6196 0.3373 0.4196
v 6.602 -9.629 40.923 0.6196 0.3373 0.4196
v 6.202 -9.620 40.901 0.6196 0.3373 0.4196
v 5.782 -9.599 40.901 0.6196 0.3373 0.4196
v 5.373 -9.590 40.910 0.6196 0.3373 0.4196
v 4.962 -9.580 40.901 0.6196 0.3373 0.4196
v 4.553 -9.568 40.883 0.6196 0.3373 0.4196
v 4.142 -9.559 40.871 0.6196 0.3373 0.4196
v 3.730 -9.550 40.892 0.6196 0.3373 0.4196
v 3.322 -9.541 40.852 0.6196 0.3373 0.4196
v 2.901 -9.529 40.840 0.6196 0.3373 0.4196
v 2.752 -10.251 41.221 0.6196 0.3373 0.4196
v 3.173 -10.260 41.291 0.6196 0.3373 0.4196
v 3.590 -10.269 41.300 0.6196 0.3373 0.4196
v 4.023 -10.278 41.313 0.6196 0.3373 0.4196
v 4.431 -10.291 41.313 0.6196 0.3373 0.4196
v 4.852 -10.300 41.313 0.6196 0.3373 0.4196
v 5.273 -10.309 41.322 0.6196 0.3373 0.4196
v 5.693 -10.321 41.340 0.6196 0.3373 0.4196
v 6.117 -10.339 41.340 0.6196 0.3373 0.4196
v 6.531 -10.349 41.340 0.6196 0.3373 0.4196
v 6.952 -10.361 41.361 0.6196 0.3373 0.4196
v 7.373 -10.370 41.361 0.6196 0.3373 0.4196
v 7.784 -10.379 41.361 0.6196 0.3373 0.4196
v 7.754 -9.940 41.087 0.6196 0.3373 0.4196
v 7.421 -9.940 41.118 0.6196 0.3373 0.4196
v 7.074 -9.949 41.118 0.6196 0.3373 0.4196
v 6.742 -9.958 41.157 0.6196 0.3373 0.4196
v 6.403 -9.958 41.169 0.6196 0.3373 0.4196
v 6.062 -9.971 41.169 0.6196 0.3373 0.4196
v 5.736 -9.971 41.179 0.6196 0.3373 0.4196
v 5.382 -9.977 41.179 0.6196 0.3373 0.4196
v 5.053 -9.989 41.200 0.6196 0.3373 0.4196
v 4.712 -9.989 41.200 0.6196 0.3373 0.4196
v 4.370 -10.001 41.209 0.6196 0.3373 0.4196
v 4.041 -10.001 41.209 0.6196 0.3373 0.4196
v 3.703 -10.010 41.227 0.6196 0.3373 0.4196
v 3.362 -10.010 41.218 0.6196 0.3373 0.4196
v 3.032 -10.019 41.200 0.6196 0.3373 0.4196
v 2.892 -9.791 41.038 0.6196 0.3373 0.4196
v 3.282 -9.779 41.087 0.6196 0.3373 0.4196
v 3.660 -9.779 41.078 0.6196 0.3373 0.4196
v 4.050 -9.769 41.078 0.6196 0.3373 0.4196
v 4.453 -9.760 41.069 0.6196 0.3373 0.4196
v 4.831 -9.751 41.060 0.6196 0.3373 0.4196
v 5.212 -9.751 41.047 0.6196 0.3373 0.4196
v 5.611 -9.739 41.029 0.6196 0.3373 0.4196
v 5.992 -9.730 41.029 0.6196 0.3373 0.4196
v 6.391 -9.721 41.029 0.6196 0.3373 0.4196
v 6.772 -9.721 41.029 0.6196 0.3373 0.4196
v 7.162 -9.708 40.959 0.6196 0.3373 0.4196
v 7.553 -9.699 40.968 0.6196 0.3373 0.4196
v 7.952 -9.699 40.968 0.6196 0.3373 0.4196
v 7.882 -10.571 41.486 0.6196 0.3373 0.4196
v 7.543 -10.580 41.505 0.6196 0.3373 0.4196
v 7.202 -10.580 41.517 0.6196 0.3373 0.4196
v 6.842 -10.586 41.505 0.6196 0.3373 0.4196
v 6.504 -10.589 41.526 0.6196 0.3373 0.4196
v 6.154 -10.601 41.526 0.6196 0.3373 0.4196
v 5.812 -10.611 41.535 0.6196 0.3373 0.4196
v 5.462 -10.611 41.535 0.6196 0.3373 0.4196
v 5.111 -10.620 41.535 0.6196 0.3373 0.4196
v 4.782 -10.629 41.566 0.6196 0.3373 0.4196
v 4.422 -10.629 41.557 0.6196 0.3373 0.4196
v 4.072 -10.641 41.566 0.6196 0.3373 0.4196
v 3.730 -10.641 41.566 0.6196 0.3373 0.4196
v 3.383 -10.650 41.584 0.6196 0.3373 0.4196
v 3.051 -10.659 41.614 0.6196 0.3373 0.4196
v 2.731 -10.659 41.736 0.6196 0.3373 0.4196
v 2.840 -10.349 41.535 0.6196 0.3373 0.4196
v 3.212 -10.339 41.425 0.6196 0.3373 0.4196
v 3.602 -10.330 41.395 0.6196 0.3373 0.4196
v 4.002 -10.330 41.386 0.6196 0.3373 0.4196
v 4.413 -10.321 41.386 0.6196 0.3373 0.4196
v 4.812 -10.309 41.377 0.6196 0.3373 0.4196
v 5.212 -10.300 41.364 0.6196 0.3373 0.4196
v 5.602 -10.300 41.355 0.6196 0.3373 0.4196
v 6.001 -10.291 41.355 0.6196 0.3373 0.4196
v 6.403 -10.278 41.346 0.6196 0.3373 0.4196
v 6.803 -10.269 41.334 0.6196 0.3373 0.4196
v 7.202 -10.260 41.325 0.6196 0.3373 0.4196
v 7.614 -10.260 41.334 0.6196 0.3373 0.4196
v 8.004 -10.251 41.316 0.6196 0.3373 0.4196
v 11.594 -10.800 41.636 0.6196 0.3373 0.4196
v 11.923 -10.730 41.575 0.6196 0.3373 0.4196
v 12.243 -10.669 41.557 0.6196 0.3373 0.4196
v 12.405 -10.391 41.355 0.6196 0.3373 0.4196
v 12.045 -10.461 41.377 0.6196 0.3373 0.4196
v 11.686 -10.531 41.456 0.6196 0.3373 0.4196
v 11.323 -10.601 41.486 0.6196 0.3373 0.4196
v 10.975 -10.669 41.517 0.6196 0.3373 0.4196
v 10.613 -10.739 41.575 0.6196 0.3373 0.4196
v 8.284 -9.931 41.115 0.6196 0.3373 0.4196
v 8.613 -9.861 41.075 0.6196 0.3373 0.4196
v 8.933 -9.800 41.066 0.6196 0.3373 0.4196
v 9.275 -9.730 41.026 0.6196 0.3373 0.4196
v 9.595 -9.669 40.987 0.6196 0.3373 0.4196
v 9.924 -9.599 40.947 0.6196 0.3373 0.4196
v 10.244 -9.541 40.916 0.6196 0.3373 0.4196
v 10.585 -9.480 40.877 0.6196 0.3373 0.4196
v 11.204 -9.349 40.807 0.6196 0.3373 0.4196
v 11.527 -9.291 40.834 0.6196 0.3373 0.4196
v 10.134 -9.340 40.816 0.6196 0.3373 0.4196
v 9.433 -9.480 40.916 0.6196 0.3373 0.4196
v 9.095 -9.541 40.947 0.6196 0.3373 0.4196
v 8.744 -9.611 40.965 0.6196 0.3373 0.4196
v 8.372 -9.681 40.996 0.6196 0.3373 0.4196
v 8.132 -10.720 41.575 0.6196 0.3373 0.4196
v 8.433 -10.659 41.517 0.6196 0.3373 0.4196
v 8.723 -10.611 41.505 0.6196 0.3373 0.4196
v 9.025 -10.550 41.465 0.6196 0.3373 0.4196
v 9.323 -10.489 41.425 0.6196 0.3373 0.4196
v 9.613 -10.431 41.386 0.6196 0.3373 0.4196
v 9.924 -10.370 41.346 0.6196 0.3373 0.4196
v 10.213 -10.321 41.316 0.6196 0.3373 0.4196
v 10.503 -10.257 41.285 0.6196 0.3373 0.4196
v 10.805 -10.199 41.224 0.6196 0.3373 0.4196
v 11.094 -10.141 41.215 0.6196 0.3373 0.4196
v 11.393 -10.089 41.185 0.6196 0.3373 0.4196
v 11.695 -10.028 41.154 0.6196 0.3373 0.4196
v 11.984 -9.971 41.115 0.6196 0.3373 0.4196
v 12.286 -9.910 41.084 0.6196 0.3373 0.4196
v 12.405 -9.690 41.026 0.6196 0.3373 0.4196
v 12.094 -9.751 41.026 0.6196 0.3373 0.4196
v 11.795 -9.809 41.035 0.6196 0.3373 0.4196
v 11.463 -9.870 41.066 0.6196 0.3373 0.4196
v 11.164 -9.931 41.084 0.6196 0.3373 0.4196
v 10.844 -9.989 41.105 0.6196 0.3373 0.4196
v 10.533 -10.050 41.145 0.6196 0.3373 0.4196
v 10.223 -10.111 41.185 0.6196 0.3373 0.4196
v 9.915 -10.169 41.206 0.6196 0.3373 0.4196
v 9.583 -10.239 41.276 0.6196 0.3373 0.4196
v 9.262 -10.300 41.316 0.6196 0.3373 0.4196
v 8.955 -10.361 41.346 0.6196 0.3373 0.4196
v 8.635 -10.419 41.377 0.6196 0.3373 0.4196
v 8.315 -10.480 41.416 0.6196 0.3373 0.4196
v 8.214 -9.230 40.895 0.6196 0.3373 0.4196
v 8.504 -9.169 40.855 0.6196 0.3373 0.4196
v 8.793 -9.120 40.865 0.6196 0.3373 0.4196
v 8.354 -9.059 40.877 0.6196 0.3373 0.4196
v 8.363 -9.638 40.932 0.6196 0.3373 0.4196
v 8.784 -9.651 40.910 0.6196 0.3373 0.4196
v 9.192 -9.660 40.941 0.6196 0.3373 0.4196
v 9.613 -9.669 40.932 0.6196 0.3373 0.4196
v 10.034 -9.681 40.941 0.6196 0.3373 0.4196
v 10.445 -9.690 40.941 0.6196 0.3373 0.4196
v 10.875 -9.708 40.932 0.6196 0.3373 0.4196
v 11.283 -9.721 40.941 0.6196 0.3373 0.4196
v 11.704 -9.730 40.941 0.6196 0.3373 0.4196
v 12.115 -9.739 40.962 0.6196 0.3373 0.4196
v 12.353 -10.361 41.340 0.6196 0.3373 0.4196
v 11.923 -10.349 41.340 0.6196 0.3373 0.4196
v 11.506 -10.339 41.331 0.6196 0.3373 0.4196
v 11.085 -10.321 41.322 0.6196 0.3373 0.4196
v 10.655 -10.309 41.313 0.6196 0.3373 0.4196
v 10.235 -10.300 41.313 0.6196 0.3373 0.4196
v 9.805 -10.291 41.300 0.6196 0.3373 0.4196
v 9.384 -10.278 41.291 0.6196 0.3373 0.4196
v 8.964 -10.269 41.300 0.6196 0.3373 0.4196
v 8.534 -10.260 41.291 0.6196 0.3373 0.4196
v 8.113 -10.251 41.282 0.6196 0.3373 0.4196
v 12.365 -9.769 40.971 0.6196 0.3373 0.4196
v 11.963 -9.760 40.971 0.6196 0.3373 0.4196
v 11.545 -9.751 40.953 0.6196 0.3373 0.4196
v 11.134 -9.739 40.953 0.6196 0.3373 0.4196
v 10.726 -9.730 40.941 0.6196 0.3373 0.4196
v 10.314 -9.721 40.962 0.6196 0.3373 0.4196
v 9.903 -9.708 40.953 0.6196 0.3373 0.4196
v 9.485 -9.699 40.953 0.6196 0.3373 0.4196
v 9.083 -9.690 40.932 0.6196 0.3373 0.4196
v 8.662 -9.681 40.941 0.6196 0.3373 0.4196
v 8.263 -9.669 40.932 0.6196 0.3373 0.4196
v 8.214 -10.391 41.371 0.6196 0.3373 0.4196
v 8.622 -10.400 41.383 0.6196 0.3373 0.4196
v 9.043 -10.409 41.383 0.6196 0.3373 0.4196
v 9.464 -10.431 41.392 0.6196 0.3373 0.4196
v 9.884 -10.440 41.392 0.6196 0.3373 0.4196
v 10.305 -10.449 41.401 0.6196 0.3373 0.4196
v 10.726 -10.461 41.410 0.6196 0.3373 0.4196
v 11.143 -10.470 41.422 0.6196 0.3373 0.4196
v 11.555 -10.480 41.422 0.6196 0.3373 0.4196
v 11.975 -10.489 41.432 0.6196 0.3373 0.4196
v 12.396 -10.501 41.432 0.6196 0.3373 0.4196
v 12.164 -9.861 41.029 0.6196 0.3373 0.4196
v 11.814 -9.870 41.047 0.6196 0.3373 0.4196
v 11.484 -9.870 41.038 0.6196 0.3373 0.4196
v 11.143 -9.879 41.047 0.6196 0.3373 0.4196
v 10.793 -9.879 41.029 0.6196 0.3373 0.4196
v 10.463 -9.888 41.060 0.6196 0.3373 0.4196
v 10.125 -9.900 41.078 0.6196 0.3373 0.4196
v 9.784 -9.900 41.060 0.6196 0.3373 0.4196
v 9.455 -9.910 41.078 0.6196 0.3373 0.4196
v 9.113 -9.910 41.069 0.6196 0.3373 0.4196
v 8.775 -9.919 41.087 0.6196 0.3373 0.4196
v 8.433 -9.931 41.099 0.6196 0.3373 0.4196
v 8.092 -9.931 41.078 0.6196 0.3373 0.4196
v 8.333 -9.690 40.968 0.6196 0.3373 0.4196
v 8.723 -9.681 40.959 0.6196 0.3373 0.4196
v 9.113 -9.669 40.950 0.6196 0.3373 0.4196
v 9.503 -9.669 40.938 0.6196 0.3373 0.4196
v 9.893 -9.660 40.950 0.6196 0.3373 0.4196
v 10.284 -9.651 40.919 0.6196 0.3373 0.4196
v 10.665 -9.638 40.929 0.6196 0.3373 0.4196
v 11.064 -9.638 40.929 0.6196 0.3373 0.4196
v 11.454 -9.629 40.929 0.6196 0.3373 0.4196
v 11.844 -9.620 40.907 0.6196 0.3373 0.4196
v 12.234 -9.611 40.919 0.6196 0.3373 0.4196
v 12.396 -10.489 41.447 0.6196 0.3373 0.4196
v 12.054 -10.489 41.447 0.6196 0.3373 0.4196
v 11.704 -10.501 41.456 0.6196 0.3373 0.4196
v 11.353 -10.510 41.447 0.6196 0.3373 0.4196
v 11.003 -10.510 41.456 0.6196 0.3373 0.4196
v 10.665 -10.519 41.456 0.6196 0.3373 0.4196
v 10.314 -10.531 41.474 0.6196 0.3373 0.4196
v 9.973 -10.531 41.474 0.6196 0.3373 0.4196
v 9.625 -10.541 41.474 0.6196 0.3373 0.4196
v 9.275 -10.541 41.486 0.6196 0.3373 0.4196
v 8.933 -10.550 41.496 0.6196 0.3373 0.4196
v 8.574 -10.559 41.496 0.6196 0.3373 0.4196
v 8.244 -10.559 41.505 0.6196 0.3373 0.4196
v 8.403 -10.239 41.325 0.6196 0.3373 0.4196
v 8.802 -10.230 41.316 0.6196 0.3373 0.4196
v 9.192 -10.230 41.307 0.6196 0.3373 0.4196
v 9.595 -10.220 41.294 0.6196 0.3373 0.4196
v 9.994 -10.211 41.294 0.6196 0.3373 0.4196
v 10.384 -10.199 41.276 0.6196 0.3373 0.4196
v 10.793 -10.199 41.276 0.6196 0.3373 0.4196
v 11.195 -10.190 41.276 0.6196 0.3373 0.4196
v 11.585 -10.181 41.255 0.6196 0.3373 0.4196
v 11.993 -10.169 41.264 0.6196 0.3373 0.4196
v 12.384 -10.169 41.264 0.6196 0.3373 0.4196
v 3.090 -12.461 42.754 0.6196 0.3373 0.4196
v 3.422 -12.400 42.727 0.6196 0.3373 0.4196
v 3.752 -12.330 42.675 0.6196 0.3373 0.4196
v 4.081 -12.272 42.626 0.6196 0.3373 0.4196
v 4.413 -12.202 42.575 0.6196 0.3373 0.4196
v 4.733 -12.141 42.535 0.6196 0.3373 0.4196
v 5.071 -12.071 42.486 0.6196 0.3373 0.4196
v 5.392 -12.010 42.425 0.6196 0.3373 0.4196
v 5.712 -11.952 42.395 0.6196 0.3373 0.4196
v 6.044 -11.882 42.337 0.6196 0.3373 0.4196
v 6.373 -11.821 42.294 0.6196 0.3373 0.4196
v 6.693 -11.760 42.255 0.6196 0.3373 0.4196
v 7.022 -11.690 42.215 0.6196 0.3373 0.4196
v 7.354 -11.632 42.175 0.6196 0.3373 0.4196
v 7.684 -11.562 42.136 0.6196 0.3373 0.4196
v 8.004 -11.501 42.096 0.6196 0.3373 0.4196
v 7.732 -11.299 41.974 0.6196 0.3373 0.4196
v 7.373 -11.370 41.995 0.6196 0.3373 0.4196
v 7.013 -11.440 42.044 0.6196 0.3373 0.4196
v 6.663 -11.510 42.087 0.6196 0.3373 0.4196
v 6.303 -11.580 42.136 0.6196 0.3373 0.4196
v 5.943 -11.650 42.197 0.6196 0.3373 0.4196
v 5.584 -11.720 42.236 0.6196 0.3373 0.4196
v 5.212 -11.790 42.315 0.6196 0.3373 0.4196
v 4.852 -11.860 42.355 0.6196 0.3373 0.4196
v 4.492 -11.930 42.416 0.6196 0.3373 0.4196
v 4.133 -12.001 42.456 0.6196 0.3373 0.4196
v 3.773 -12.071 42.517 0.6196 0.3373 0.4196
v 3.422 -12.141 42.556 0.6196 0.3373 0.4196
v 3.051 -12.211 42.605 0.6196 0.3373 0.4196
v 2.731 -12.272 42.575 0.6196 0.3373 0.4196
v 3.020 -10.961 41.745 0.6196 0.3373 0.4196
v 3.362 -10.891 41.715 0.6196 0.3373 0.4196
v 3.682 -10.830 41.666 0.6196 0.3373 0.4196
v 5.961 -12.452 42.715 0.6196 0.3373 0.4196
v 6.263 -12.391 42.666 0.6196 0.3373 0.4196
v 6.574 -12.330 42.636 0.6196 0.3373 0.4196
v 6.852 -12.281 42.605 0.6196 0.3373 0.4196
v 7.162 -12.220 42.575 0.6196 0.3373 0.4196
v 7.452 -12.159 42.526 0.6196 0.3373 0.4196
v 7.754 -12.101 42.486 0.6196 0.3373 0.4196
v 8.052 -12.040 42.434 0.6196 0.3373 0.4196
v 7.973 -11.891 42.346 0.6196 0.3373 0.4196
v 7.653 -11.952 42.386 0.6196 0.3373 0.4196
v 7.342 -12.022 42.434 0.6196 0.3373 0.4196
v 7.022 -12.080 42.465 0.6196 0.3373 0.4196
v 6.702 -12.141 42.504 0.6196 0.3373 0.4196
v 6.382 -12.202 42.535 0.6196 0.3373 0.4196
v 6.062 -12.260 42.587 0.6196 0.3373 0.4196
v 5.742 -12.330 42.636 0.6196 0.3373 0.4196
v 5.413 -12.391 42.684 0.6196 0.3373 0.4196
v 5.093 -12.452 42.736 0.6196 0.3373 0.4196
v 3.041 -11.720 42.245 0.6196 0.3373 0.4196
v 3.322 -11.671 42.224 0.6196 0.3373 0.4196
v 3.633 -11.610 42.197 0.6196 0.3373 0.4196
v 3.932 -11.549 42.145 0.6196 0.3373 0.4196
v 4.233 -11.492 42.105 0.6196 0.3373 0.4196
v 4.532 -11.431 42.066 0.6196 0.3373 0.4196
v 4.831 -11.370 42.026 0.6196 0.3373 0.4196
v 5.132 -11.312 41.995 0.6196 0.3373 0.4196
v 5.431 -11.251 41.934 0.6196 0.3373 0.4196
v 5.733 -11.190 41.895 0.6196 0.3373 0.4196
v 6.032 -11.141 41.855 0.6196 0.3373 0.4196
v 6.333 -11.080 41.806 0.6196 0.3373 0.4196
v 6.641 -11.019 41.767 0.6196 0.3373 0.4196
v 6.943 -10.961 41.724 0.6196 0.3373 0.4196
v 7.233 -10.900 41.685 0.6196 0.3373 0.4196
v 7.534 -10.839 41.654 0.6196 0.3373 0.4196
v 6.403 -10.851 41.666 0.6196 0.3373 0.4196
v 6.071 -10.922 41.715 0.6196 0.3373 0.4196
v 5.751 -10.979 41.776 0.6196 0.3373 0.4196
v 5.443 -11.040 41.806 0.6196 0.3373 0.4196
v 5.132 -11.101 41.846 0.6196 0.3373 0.4196
v 4.803 -11.171 41.886 0.6196 0.3373 0.4196
v 4.483 -11.229 41.947 0.6196 0.3373 0.4196
v 4.142 -11.290 42.005 0.6196 0.3373 0.4196
v 3.831 -11.351 42.035 0.6196 0.3373 0.4196
v 3.502 -11.421 42.087 0.6196 0.3373 0.4196
v 3.182 -11.479 42.126 0.6196 0.3373 0.4196
v 3.672 -10.809 41.642 0.6196 0.3373 0.4196
v 4.093 -10.821 41.651 0.6196 0.3373 0.4196
v 4.511 -10.830 41.660 0.6196 0.3373 0.4196
v 4.931 -10.839 41.660 0.6196 0.3373 0.4196
v 5.352 -10.851 41.681 0.6196 0.3373 0.4196
v 5.763 -10.861 41.681 0.6196 0.3373 0.4196
v 6.184 -10.879 41.681 0.6196 0.3373 0.4196
v 6.592 -10.891 41.691 0.6196 0.3373 0.4196
v 7.022 -10.900 41.681 0.6196 0.3373 0.4196
v 7.434 -10.909 41.703 0.6196 0.3373 0.4196
v 7.854 -10.922 41.703 0.6196 0.3373 0.4196
v 8.004 -11.540 42.133 0.6196 0.3373 0.4196
v 7.583 -11.531 42.133 0.6196 0.3373 0.4196
v 7.153 -11.519 42.102 0.6196 0.3373 0.4196
v 6.733 -11.510 42.111 0.6196 0.3373 0.4196
v 6.312 -11.501 42.102 0.6196 0.3373 0.4196
v 5.891 -11.492 42.102 0.6196 0.3373 0.4196
v 5.471 -11.479 42.102 0.6196 0.3373 0.4196
v 5.041 -11.470 42.111 0.6196 0.3373 0.4196
v 4.633 -11.461 42.102 0.6196 0.3373 0.4196
v 4.203 -11.449 42.093 0.6196 0.3373 0.4196
v 3.782 -11.440 42.081 0.6196 0.3373 0.4196
v 3.371 -11.421 42.102 0.6196 0.3373 0.4196
v 2.944 -11.409 42.111 0.6196 0.3373 0.4196
v 3.191 -12.211 42.611 0.6196 0.3373 0.4196
v 3.611 -12.220 42.620 0.6196 0.3373 0.4196
v 4.023 -12.229 42.611 0.6196 0.3373 0.4196
v 4.441 -12.250 42.632 0.6196 0.3373 0.4196
v 4.861 -12.260 42.632 0.6196 0.3373 0.4196
v 5.282 -12.272 42.642 0.6196 0.3373 0.4196
v 5.693 -12.281 42.632 0.6196 0.3373 0.4196
v 6.114 -12.290 42.632 0.6196 0.3373 0.4196
v 6.531 -12.299 42.632 0.6196 0.3373 0.4196
v 6.952 -12.311 42.642 0.6196 0.3373 0.4196
v 7.364 -12.321 42.642 0.6196 0.3373 0.4196
v 7.784 -12.342 42.651 0.6196 0.3373 0.4196
v 7.952 -11.111 41.822 0.6196 0.3373 0.4196
v 7.553 -11.101 41.831 0.6196 0.3373 0.4196
v 7.144 -11.089 41.800 0.6196 0.3373 0.4196
v 6.733 -11.080 41.822 0.6196 0.3373 0.4196
v 6.312 -11.071 41.813 0.6196 0.3373 0.4196
v 5.904 -11.059 41.800 0.6196 0.3373 0.4196
v 5.492 -11.050 41.813 0.6196 0.3373 0.4196
v 5.081 -11.040 41.800 0.6196 0.3373 0.4196
v 4.681 -11.031 41.791 0.6196 0.3373 0.4196
v 4.261 -11.019 41.800 0.6196 0.3373 0.4196
v 3.852 -11.010 41.782 0.6196 0.3373 0.4196
v 3.441 -11.001 41.791 0.6196 0.3373 0.4196
v 3.032 -10.992 41.813 0.6196 0.3373 0.4196
v 2.950 -11.641 42.273 0.6196 0.3373 0.4196
v 3.371 -11.650 42.251 0.6196 0.3373 0.4196
v 3.800 -11.659 42.230 0.6196 0.3373 0.4196
v 4.221 -11.671 42.242 0.6196 0.3373 0.4196
v 4.633 -11.680 42.251 0.6196 0.3373 0.4196
v 5.062 -11.702 42.261 0.6196 0.3373 0.4196
v 5.471 -11.711 42.251 0.6196 0.3373 0.4196
v 5.904 -11.720 42.251 0.6196 0.3373 0.4196
v 6.312 -11.729 42.261 0.6196 0.3373 0.4196
v 6.742 -11.741 42.273 0.6196 0.3373 0.4196
v 7.162 -11.751 42.261 0.6196 0.3373 0.4196
v 7.574 -11.760 42.282 0.6196 0.3373 0.4196
v 7.995 -11.769 42.282 0.6196 0.3373 0.4196
v 8.034 -12.421 42.703 0.6196 0.3373 0.4196
v 7.623 -12.412 42.690 0.6196 0.3373 0.4196
v 7.223 -12.400 42.690 0.6196 0.3373 0.4196
v 6.803 -12.391 42.690 0.6196 0.3373 0.4196
v 6.382 -12.369 42.681 0.6196 0.3373 0.4196
v 5.983 -12.360 42.681 0.6196 0.3373 0.4196
v 5.562 -12.351 42.681 0.6196 0.3373 0.4196
v 5.151 -12.342 42.681 0.6196 0.3373 0.4196
v 4.742 -12.330 42.681 0.6196 0.3373 0.4196
v 4.331 -12.321 42.672 0.6196 0.3373 0.4196
v 3.922 -12.311 42.663 0.6196 0.3373 0.4196
v 3.502 -12.299 42.681 0.6196 0.3373 0.4196
v 3.102 -12.290 42.663 0.6196 0.3373 0.4196
v 2.682 -12.281 42.642 0.6196 0.3373 0.4196
v 7.964 -11.549 42.157 0.6196 0.3373 0.4196
v 7.623 -11.562 42.148 0.6196 0.3373 0.4196
v 7.284 -11.562 42.148 0.6196 0.3373 0.4196
v 6.943 -11.571 42.157 0.6196 0.3373 0.4196
v 6.602 -11.580 42.169 0.6196 0.3373 0.4196
v 6.272 -11.580 42.187 0.6196 0.3373 0.4196
v 5.931 -11.589 42.200 0.6196 0.3373 0.4196
v 5.593 -11.589 42.200 0.6196 0.3373 0.4196
v 5.251 -11.601 42.218 0.6196 0.3373 0.4196
v 4.922 -11.610 42.218 0.6196 0.3373 0.4196
v 4.581 -11.610 42.218 0.6196 0.3373 0.4196
v 4.242 -11.620 42.227 0.6196 0.3373 0.4196
v 3.901 -11.620 42.227 0.6196 0.3373 0.4196
v 3.572 -11.632 42.248 0.6196 0.3373 0.4196
v 3.230 -11.641 42.258 0.6196 0.3373 0.4196
v 2.901 -11.641 42.279 0.6196 0.3373 0.4196
v 3.261 -11.391 42.099 0.6196 0.3373 0.4196
v 3.642 -11.379 42.069 0.6196 0.3373 0.4196
v 4.041 -11.370 42.078 0.6196 0.3373 0.4196
v 4.431 -11.360 42.069 0.6196 0.3373 0.4196
v 4.822 -11.360 42.059 0.6196 0.3373 0.4196
v 5.203 -11.351 42.047 0.6196 0.3373 0.4196
v 5.593 -11.339 42.029 0.6196 0.3373 0.4196
v 5.983 -11.330 42.029 0.6196 0.3373 0.4196
v 6.373 -11.330 42.020 0.6196 0.3373 0.4196
v 6.763 -11.321 41.998 0.6196 0.3373 0.4196
v 7.153 -11.312 41.998 0.6196 0.3373 0.4196
v 7.543 -11.299 41.989 0.6196 0.3373 0.4196
v 7.934 -11.296 41.989 0.6196 0.3373 0.4196
v 7.802 -11.991 42.477 0.6196 0.3373 0.4196
v 7.452 -12.001 42.489 0.6196 0.3373 0.4196
v 7.114 -12.010 42.498 0.6196 0.3373 0.4196
v 6.763 -12.010 42.489 0.6196 0.3373 0.4196
v 6.413 -12.022 42.498 0.6196 0.3373 0.4196
v 6.071 -12.022 42.520 0.6196 0.3373 0.4196
v 5.733 -12.028 42.520 0.6196 0.3373 0.4196
v 5.382 -12.040 42.529 0.6196 0.3373 0.4196
v 5.041 -12.040 42.538 0.6196 0.3373 0.4196
v 4.694 -12.049 42.538 0.6196 0.3373 0.4196
v 4.343 -12.061 42.547 0.6196 0.3373 0.4196
v 4.002 -12.061 42.559 0.6196 0.3373 0.4196
v 3.651 -12.071 42.568 0.6196 0.3373 0.4196
v 3.313 -12.071 42.578 0.6196 0.3373 0.4196
v 2.981 -12.080 42.617 0.6196 0.3373 0.4196
v 3.243 -11.769 42.379 0.6196 0.3373 0.4196
v 3.633 -11.769 42.340 0.6196 0.3373 0.4196
v 4.032 -11.760 42.328 0.6196 0.3373 0.4196
v 4.431 -11.751 42.319 0.6196 0.3373 0.4196
v 4.822 -11.741 42.297 0.6196 0.3373 0.4196
v 5.233 -11.741 42.309 0.6196 0.3373 0.4196
v 5.632 -11.729 42.288 0.6196 0.3373 0.4196
v 6.022 -11.720 42.288 0.6196 0.3373 0.4196
v 6.422 -11.711 42.279 0.6196 0.3373 0.4196
v 6.824 -11.711 42.239 0.6196 0.3373 0.4196
v 7.214 -11.702 42.239 0.6196 0.3373 0.4196
v 7.614 -11.690 42.218 0.6196 0.3373 0.4196
v 8.022 -11.680 42.248 0.6196 0.3373 0.4196
v 9.744 -12.439 42.776 0.6196 0.3373 0.4196
v 10.064 -12.369 42.736 0.6196 0.3373 0.4196
v 10.384 -12.311 42.696 0.6196 0.3373 0.4196
v 10.726 -12.241 42.645 0.6196 0.3373 0.4196
v 11.055 -12.180 42.596 0.6196 0.3373 0.4196
v 11.375 -12.119 42.565 0.6196 0.3373 0.4196
v 11.704 -12.049 42.504 0.6196 0.3373 0.4196
v 12.045 -11.991 42.465 0.6196 0.3373 0.4196
v 12.374 -11.921 42.407 0.6196 0.3373 0.4196
v 12.164 -11.702 42.215 0.6196 0.3373 0.4196
v 11.814 -11.769 42.255 0.6196 0.3373 0.4196
v 11.445 -11.839 42.306 0.6196 0.3373 0.4196
v 11.094 -11.909 42.346 0.6196 0.3373 0.4196
v 10.744 -11.970 42.376 0.6196 0.3373 0.4196
v 10.384 -12.040 42.434 0.6196 0.3373 0.4196
v 10.015 -12.119 42.486 0.6196 0.3373 0.4196
v 9.665 -12.190 42.535 0.6196 0.3373 0.4196
v 9.293 -12.260 42.587 0.6196 0.3373 0.4196
v 8.942 -12.330 42.636 0.6196 0.3373 0.4196
v 8.583 -12.400 42.684 0.6196 0.3373 0.4196
v 8.223 -12.461 42.715 0.6196 0.3373 0.4196
v 8.324 -11.440 42.056 0.6196 0.3373 0.4196
v 8.653 -11.370 42.005 0.6196 0.3373 0.4196
v 8.973 -11.312 41.986 0.6196 0.3373 0.4196
v 9.302 -11.242 41.925 0.6196 0.3373 0.4196
v 9.634 -11.181 41.877 0.6196 0.3373 0.4196
v 9.964 -11.120 41.846 0.6196 0.3373 0.4196
v 10.284 -11.050 41.785 0.6196 0.3373 0.4196
v 10.613 -10.992 41.755 0.6196 0.3373 0.4196
v 10.933 -10.922 41.706 0.6196 0.3373 0.4196
v 11.265 -10.861 41.675 0.6196 0.3373 0.4196
v 10.244 -10.809 41.627 0.6196 0.3373 0.4196
v 9.893 -10.879 41.675 0.6196 0.3373 0.4196
v 9.534 -10.949 41.724 0.6196 0.3373 0.4196
v 9.174 -11.019 41.776 0.6196 0.3373 0.4196
v 8.814 -11.089 41.825 0.6196 0.3373 0.4196
v 8.455 -11.159 41.864 0.6196 0.3373 0.4196
v 8.092 -11.229 41.916 0.6196 0.3373 0.4196
v 8.342 -11.991 42.416 0.6196 0.3373 0.4196
v 8.644 -11.930 42.376 0.6196 0.3373 0.4196
v 8.942 -11.869 42.346 0.6196 0.3373 0.4196
v 9.235 -11.812 42.294 0.6196 0.3373 0.4196
v 9.534 -11.751 42.255 0.6196 0.3373 0.4196
v 9.823 -11.702 42.224 0.6196 0.3373 0.4196
v 10.125 -11.641 42.175 0.6196 0.3373 0.4196
v 10.415 -11.580 42.145 0.6196 0.3373 0.4196
v 10.713 -11.519 42.105 0.6196 0.3373 0.4196
v 11.003 -11.470 42.075 0.6196 0.3373 0.4196
v 11.314 -11.400 42.026 0.6196 0.3373 0.4196
v 11.594 -11.351 41.986 0.6196 0.3373 0.4196
v 11.896 -11.290 41.956 0.6196 0.3373 0.4196
v 12.186 -11.229 41.916 0.6196 0.3373 0.4196
v 12.484 -11.181 41.877 0.6196 0.3373 0.4196
v 12.405 -11.031 41.776 0.6196 0.3373 0.4196
v 12.103 -11.089 41.806 0.6196 0.3373 0.4196
v 11.774 -11.150 41.855 0.6196 0.3373 0.4196
v 11.463 -11.211 41.895 0.6196 0.3373 0.4196
v 11.143 -11.269 41.925 0.6196 0.3373 0.4196
v 10.844 -11.330 41.956 0.6196 0.3373 0.4196
v 10.524 -11.400 41.995 0.6196 0.3373 0.4196
v 10.204 -11.461 42.044 0.6196 0.3373 0.4196
v 9.893 -11.519 42.087 0.6196 0.3373 0.4196
v 9.583 -11.580 42.126 0.6196 0.3373 0.4196
v 9.244 -11.650 42.184 0.6196 0.3373 0.4196
v 8.933 -11.711 42.236 0.6196 0.3373 0.4196
v 8.613 -11.769 42.267 0.6196 0.3373 0.4196
v 8.293 -11.830 42.306 0.6196 0.3373 0.4196
v 8.272 -10.931 41.721 0.6196 0.3373 0.4196
v 8.683 -10.940 41.721 0.6196 0.3373 0.4196
v 9.113 -10.949 41.730 0.6196 0.3373 0.4196
v 9.525 -10.961 41.730 0.6196 0.3373 0.4196
v 9.945 -10.979 41.742 0.6196 0.3373 0.4196
v 10.354 -10.992 41.742 0.6196 0.3373 0.4196
v 10.774 -11.001 41.742 0.6196 0.3373 0.4196
v 11.195 -11.010 41.761 0.6196 0.3373 0.4196
v 11.603 -11.019 41.752 0.6196 0.3373 0.4196
v 12.024 -11.031 41.761 0.6196 0.3373 0.4196
v 12.445 -11.040 41.782 0.6196 0.3373 0.4196
v 12.225 -11.650 42.160 0.6196 0.3373 0.4196
v 11.805 -11.641 42.172 0.6196 0.3373 0.4196
v 11.384 -11.632 42.172 0.6196 0.3373 0.4196
v 10.954 -11.620 42.160 0.6196 0.3373 0.4196
v 10.533 -11.610 42.160 0.6196 0.3373 0.4196
v 10.113 -11.601 42.151 0.6196 0.3373 0.4196
v 9.692 -11.589 42.142 0.6196 0.3373 0.4196
v 9.275 -11.580 42.151 0.6196 0.3373 0.4196
v 8.845 -11.571 42.142 0.6196 0.3373 0.4196
v 8.424 -11.562 42.133 0.6196 0.3373 0.4196
v 8.202 -12.351 42.651 0.6196 0.3373 0.4196
v 8.613 -12.360 42.663 0.6196 0.3373 0.4196
v 9.043 -12.369 42.681 0.6196 0.3373 0.4196
v 9.455 -12.382 42.681 0.6196 0.3373 0.4196
v 9.875 -12.391 42.703 0.6196 0.3373 0.4196
v 10.293 -12.400 42.681 0.6196 0.3373 0.4196
v 10.704 -12.412 42.690 0.6196 0.3373 0.4196
v 11.134 -12.430 42.703 0.6196 0.3373 0.4196
v 11.545 -12.439 42.712 0.6196 0.3373 0.4196
v 11.963 -12.452 42.712 0.6196 0.3373 0.4196
v 12.384 -12.461 42.712 0.6196 0.3373 0.4196
v 12.484 -11.229 41.892 0.6196 0.3373 0.4196
v 12.076 -11.220 41.883 0.6196 0.3373 0.4196
v 11.664 -11.211 41.870 0.6196 0.3373 0.4196
v 11.253 -11.199 41.883 0.6196 0.3373 0.4196
v 10.844 -11.190 41.870 0.6196 0.3373 0.4196
v 10.433 -11.181 41.861 0.6196 0.3373 0.4196
v 10.015 -11.171 41.861 0.6196 0.3373 0.4196
v 9.604 -11.159 41.861 0.6196 0.3373 0.4196
v 9.192 -11.150 41.861 0.6196 0.3373 0.4196
v 8.784 -11.141 41.843 0.6196 0.3373 0.4196
v 8.372 -11.120 41.852 0.6196 0.3373 0.4196
v 8.412 -11.790 42.291 0.6196 0.3373 0.4196
v 8.845 -11.799 42.300 0.6196 0.3373 0.4196
v 9.262 -11.812 42.312 0.6196 0.3373 0.4196
v 9.674 -11.821 42.291 0.6196 0.3373 0.4196
v 10.104 -11.830 42.312 0.6196 0.3373 0.4196
v 10.515 -11.839 42.312 0.6196 0.3373 0.4196
v 10.945 -11.851 42.331 0.6196 0.3373 0.4196
v 11.353 -11.869 42.331 0.6196 0.3373 0.4196
v 11.774 -11.882 42.343 0.6196 0.3373 0.4196
v 12.195 -11.891 42.331 0.6196 0.3373 0.4196
v 10.933 -12.491 42.742 0.6196 0.3373 0.4196
v 10.515 -12.482 42.742 0.6196 0.3373 0.4196
v 10.104 -12.470 42.742 0.6196 0.3373 0.4196
v 9.692 -12.461 42.742 0.6196 0.3373 0.4196
v 9.275 -12.452 42.733 0.6196 0.3373 0.4196
v 8.872 -12.439 42.721 0.6196 0.3373 0.4196
v 8.443 -12.430 42.703 0.6196 0.3373 0.4196
v 12.374 -11.470 42.099 0.6196 0.3373 0.4196
v 12.033 -11.479 42.108 0.6196 0.3373 0.4196
v 11.695 -11.479 42.108 0.6196 0.3373 0.4196
v 11.353 -11.492 42.108 0.6196 0.3373 0.4196
v 11.024 -11.501 42.130 0.6196 0.3373 0.4196
v 10.674 -11.501 42.117 0.6196 0.3373 0.4196
v 10.345 -11.510 42.117 0.6196 0.3373 0.4196
v 9.994 -11.519 42.130 0.6196 0.3373 0.4196
v 9.665 -11.519 42.139 0.6196 0.3373 0.4196
v 9.314 -11.531 42.139 0.6196 0.3373 0.4196
v 8.982 -11.531 42.148 0.6196 0.3373 0.4196
v 8.644 -11.540 42.157 0.6196 0.3373 0.4196
v 8.302 -11.549 42.169 0.6196 0.3373 0.4196
v 8.324 -11.290 41.998 0.6196 0.3373 0.4196
v 8.714 -11.281 41.977 0.6196 0.3373 0.4196
v 9.104 -11.269 41.989 0.6196 0.3373 0.4196
v 9.494 -11.269 41.977 0.6196 0.3373 0.4196
v 9.884 -11.260 41.968 0.6196 0.3373 0.4196
v 10.284 -11.251 41.959 0.6196 0.3373 0.4196
v 10.665 -11.242 41.950 0.6196 0.3373 0.4196
v 11.055 -11.242 41.950 0.6196 0.3373 0.4196
v 11.445 -11.229 41.950 0.6196 0.3373 0.4196
v 11.835 -11.220 41.938 0.6196 0.3373 0.4196
v 12.225 -11.211 41.938 0.6196 0.3373 0.4196
v 12.304 -11.909 42.419 0.6196 0.3373 0.4196
v 11.954 -11.921 42.419 0.6196 0.3373 0.4196
v 11.616 -11.921 42.428 0.6196 0.3373 0.4196
v 11.274 -11.930 42.450 0.6196 0.3373 0.4196
v 10.914 -11.940 42.437 0.6196 0.3373 0.4196
v 10.573 -11.940 42.450 0.6196 0.3373 0.4196
v 10.223 -11.952 42.450 0.6196 0.3373 0.4196
v 9.884 -11.961 42.459 0.6196 0.3373 0.4196
v 9.534 -11.961 42.450 0.6196 0.3373 0.4196
v 9.192 -11.970 42.468 0.6196 0.3373 0.4196
v 8.845 -11.970 42.468 0.6196 0.3373 0.4196
v 8.494 -11.979 42.489 0.6196 0.3373 0.4196
v 8.153 -11.991 42.477 0.6196 0.3373 0.4196
v 8.424 -11.680 42.258 0.6196 0.3373 0.4196
v 8.814 -11.671 42.248 0.6196 0.3373 0.4196
v 9.223 -11.659 42.239 0.6196 0.3373 0.4196
v 9.613 -11.650 42.218 0.6196 0.3373 0.4196
v 10.015 -11.650 42.218 0.6196 0.3373 0.4196
v 10.402 -11.641 42.209 0.6196 0.3373 0.4196
v 10.805 -11.632 42.200 0.6196 0.3373 0.4196
v 11.204 -11.620 42.200 0.6196 0.3373 0.4196
v 11.603 -11.620 42.187 0.6196 0.3373 0.4196
v 11.993 -11.610 42.200 0.6196 0.3373 0.4196
v 12.396 -11.601 42.178 0.6196 0.3373 0.4196
f 10655 10653 10654
f 10675 10639 11048
f 10652 10653 10655
f 10691 10654 10692
f 10691 10655 10654
f 10814 10938 10784
f 11116 10818 10784
f 10485 10484 10486
f 10525 10485 10562
f 10485 10525 10484
f 10938 10954 10469
f 10836 10954 10982
f 10814 10954 10938
f 10954 10814 10982
f 10755 10652 10698
f 10755 10699 10652
f 10690 10691 10692
f 10652 10651 10698
f 10651 10652 10655
f 10759 10714 10675
f 10702 10714 10759
f 10714 10702 10736
f 10783 10639 10675
f 10714 10783 10675
f 10818 10835 10784
f 10835 10818 10834
f 10592 10470 10523
f 10487 10470 10486
f 10470 10487 10523
f 10485 10471 10562
f 10954 10886 10469
f 11095 11004 11094
f 11093 11116 11094
f 11093 11092 11116
f 10650 10651 10655
f 10702 10676 10736
f 10783 10703 10639
f 10703 10760 10639
f 10674 10714 10736
f 10674 10783 10714
f 10639 10735 11048
f 10760 10735 10639
f 10483 10506 10692
f 10507 10506 10483
f 10530 10476 10529
f 10510 10476 10511
f 10476 10510 10509
f 10476 10509 10508
f 10476 10507 10483
f 10507 10476 10508
f 10524 10485 10486
f 10524 10471 10485
f 10621 10487 10469
f 10549 10621 10469
f 10886 10911 10469
f 11118 11117 11089
f 11085 11121 11014
f 10651 10754 10698
f 10754 10719 10698
f 11092 11091 11116
f 11091 11000 11116
f 11000 10999 11116
f 10734 10640 10704
f 10672 10781 10704
f 11170 11004 11095
f 10717 10756 10699
f 10652 10756 10653
f 10699 10756 10652
f 10739 10717 10699
f 10758 10759 10654
f 10758 10702 10759
f 10676 10758 10715
f 10758 10676 10702
f 10739 10700 10717
f 10756 10700 10653
f 10700 10756 10717
f 10782 10672 10704
f 10782 10703 10783
f 10674 10782 10783
f 10640 10782 10704
f 10703 10782 10640
f 10758 10677 10715
f 10738 10716 10678
f 10743 10742 10720
f 10742 10743 10683
f 10683 10743 10776
f 10743 10744 10776
f 10744 10710 10776
f 10745 10744 10648
f 10647 10694 10750
f 10769 10663 11065
f 10727 10663 10769
f 10509 10503 10508
f 10504 10507 10508
f 10503 10504 10508
f 10476 10512 10511
f 10475 10476 10483
f 10446 10447 10571
f 10629 10446 10571
f 10446 10629 10613
f 10501 10510 10511
f 10602 10580 10457
f 10554 10580 10602
f 10524 10563 10471
f 10563 10470 10592
f 10471 10563 10592
f 10470 10563 10486
f 10563 10524 10486
f 10931 10892 10834
f 10931 10833 10893
f 10818 10931 10834
f 10833 10931 10818
f 10911 10910 10816
f 10912 10886 10954
f 10912 10862 10886
f 10912 10954 10836
f 10862 10912 10836
f 10815 10549 10469
f 10911 10815 10469
f 10487 10564 10523
f 10564 10488 10523
f 10591 10592 10523
f 10591 10471 10592
f 10621 10622 10487
f 10622 10564 10487
f 10564 10622 10488
f 10622 10623 10488
f 10471 10593 10562
f 10591 10593 10471
f 10525 10473 10484
f 10484 10473 10483
f 10442 10908 10865
f 10997 11118 11089
f 11086 11156 11014
f 11121 11086 11014
f 11120 11086 11121
f 11086 11013 11156
f 11013 11086 11120
f 10797 10801 10941
f 10709 10683 10776
f 10777 10742 10683
f 10742 10697 10720
f 10754 10697 10719
f 10697 10742 10719
f 10650 10697 10651
f 10697 10754 10651
f 10719 10741 10698
f 10742 10741 10719
f 11020 11138 11132
f 11139 11020 11132
f 11020 11103 11138
f 11058 11139 11132
f 11151 10999 11000
f 11090 11117 11116
f 10999 11090 11116
f 10761 10637 10638
f 10761 10734 10637
f 10734 10761 10640
f 10761 10703 10640
f 10703 10761 10760
f 10735 10761 10638
f 10761 10735 10760
f 10637 10636 11071
f 11050 11049 10638
f 10637 11072 10638
f 11072 11050 10638
f 11170 11147 11004
f 11004 11147 11094
f 11074 11147 11170
f 10764 10643 10732
f 10716 10757 10678
f 10757 10700 10678
f 10757 10758 10654
f 10653 10757 10654
f 10700 10757 10653
f 10677 10701 10672
f 10738 10701 10716
f 10701 10738 10672
f 10701 10677 10758
f 10701 10757 10716
f 10757 10701 10758
f 10782 10673 10672
f 10673 10676 10715
f 10676 10673 10736
f 10673 10674 10736
f 10673 10782 10674
f 10671 10781 10672
f 10738 10671 10672
f 10671 10738 10678
f 10671 10705 10781
f 10671 10780 10705
f 10697 10753 10720
f 10753 10697 10650
f 10744 10721 10648
f 10649 10721 10744
f 10656 10650 10655
f 10691 10656 10655
f 10721 10656 10648
f 10775 10710 10744
f 10745 10775 10744
f 10775 10745 10711
f 10727 10775 10711
f 10690 10658 10691
f 10694 10658 10750
f 10657 10656 10691
f 10658 10657 10691
f 10657 10658 10694
f 10773 10645 10713
f 10580 10539 10457
f 10539 10580 10449
f 10574 10632 10609
f 10632 10539 10449
f 10539 10632 10574
f 10535 10504 10503
f 10513 10476 10530
f 10513 10512 10476
f 10512 10513 10499
f 10513 10600 10499
f 10585 10495 10586
f 10517 10559 10596
f 10559 10517 10528
f 10475 10559 10476
f 10559 10528 10476
f 10541 10630 10572
f 10630 10447 10572
f 10629 10445 10613
f 10445 10462 10614
f 10445 10867 10613
f 10867 10445 10614
f 10866 10867 10614
f 10533 10554 10602
f 10501 10533 10602
f 10554 10533 10511
f 10533 10501 10511
f 10459 10540 10581
f 10459 10541 10572
f 10600 10582 10499
f 10601 10582 10581
f 10582 10459 10581
f 10459 10582 10541
f 10580 10458 10449
f 10540 10458 10581
f 10458 10540 10449
f 10458 10580 10554
f 10458 10601 10581
f 10601 10458 10554
f 10975 10931 10893
f 10931 10975 10892
f 10790 10975 10791
f 10975 10790 10892
f 10835 10785 10784
f 10932 10891 10835
f 10932 10790 10891
f 10790 10932 10892
f 10932 10835 10834
f 10892 10932 10834
f 10488 10522 10523
f 10522 10591 10523
f 10489 10623 10547
f 10620 10623 10622
f 10620 10622 10621
f 10593 10472 10562
f 10472 10593 10594
f 10472 10525 10562
f 10472 10473 10525
f 10473 10472 10594
f 10473 10526 10483
f 10623 10490 10547
f 10490 10520 10547
f 10443 10616 10865
f 10616 10442 10865
f 11108 11037 11156
f 11037 11036 11156
f 11060 11036 11037
f 11088 11011 11012
f 11011 11088 10997
f 10997 11088 11118
f 11087 11013 11120
f 11119 11087 11120
f 11013 11087 11012
f 11087 11119 11012
f 10872 10850 10901
f 10965 10801 10901
f 10825 11084 11159
f 11016 11120 11121
f 11016 11119 11120
f 11016 10818 11116
f 11117 11016 11116
f 11118 11016 11117
f 11119 11016 11118
f 10824 10968 10827
f 10898 10824 10926
f 10825 10824 10898
f 10824 10825 10968
f 10927 10928 10818
f 10927 11016 10926
f 11016 10927 10818
f 10777 10666 10667
f 10666 10709 10729
f 10709 10666 10683
f 10666 10777 10683
f 10777 10682 10742
f 10682 10741 10742
f 10741 10682 10681
f 10682 10778 10681
f 11029 10769 11065
f 11029 10768 10769
f 10718 10755 10698
f 10741 10718 10698
f 10755 10718 10699
f 10681 10707 10779
f 10644 10643 10765
f 10644 11024 11069
f 10766 10644 10765
f 11027 10644 10766
f 11025 10644 11069
f 10644 11025 10643
f 11038 11058 11132
f 10641 10636 10637
f 10636 10641 10733
f 10643 10642 10732
f 10642 10636 10733
f 11073 10735 10638
f 11049 11073 10638
f 10735 11073 11048
f 11073 11049 11048
f 11146 11095 11048
f 11049 11146 11048
f 11146 11049 11050
f 11047 11146 11050
f 11070 11052 11071
f 11098 11052 11070
f 11005 11074 11169
f 11147 11005 11115
f 11074 11005 11147
f 11123 11074 11170
f 11123 11146 11047
f 11123 11170 11095
f 11146 11123 11095
f 10643 10731 10765
f 10764 10731 10643
f 10731 10707 10765
f 10731 10764 10669
f 10731 10669 10779
f 10707 10731 10779
f 10737 10677 10672
f 10673 10737 10672
f 10677 10737 10715
f 10737 10673 10715
f 10696 10753 10650
f 10656 10696 10650
f 10696 10656 10649
f 10753 10696 10720
f 10696 10743 10720
f 10696 10649 10744
f 10743 10696 10744
f 10752 10721 10649
f 10656 10752 10649
f 10752 10656 10721
f 10775 10685 10710
f 10685 10727 10769
f 10685 10775 10727
f 10656 10695 10648
f 10657 10695 10656
f 10722 10694 10647
f 10722 10657 10694
f 10745 10722 10647
f 10722 10745 10648
f 10723 10646 10750
f 10658 10723 10750
f 10746 10745 10647
f 10746 10647 10750
f 10646 10746 10750
f 10774 10746 10712
f 10746 10646 10712
f 10745 10746 10711
f 10746 10774 10711
f 10773 10747 10645
f 10646 10747 10712
f 10747 10773 10712
f 10663 10770 11065
f 10770 10663 10727
f 10770 10687 10662
f 11138 11031 11019
f 10873 10899 11063
f 10539 10450 10457
f 10450 10539 10574
f 10450 10579 10457
f 10456 10579 10451
f 10579 10456 10603
f 10608 10574 10609
f 10634 10452 10451
f 10634 10575 10607
f 10689 10690 10692
f 10506 10689 10692
f 10645 10748 10713
f 10577 10455 10452
f 10552 10535 10503
f 10534 10552 10503
f 10552 10534 10603
f 10456 10552 10603
f 10535 10552 10604
f 10535 10551 10504
f 10551 10535 10604
f 10455 10551 10604
f 10551 10455 10577
f 10531 10513 10556
f 10495 10494 10586
f 10476 10558 10529
f 10528 10558 10476
f 10807 10790 10791
f 10513 10514 10556
f 10514 10513 10530
f 10599 10498 10556
f 10498 10531 10556
f 10513 10498 10600
f 10531 10498 10513
f 10460 10630 10541
f 10582 10460 10541
f 10447 10460 10571
f 10630 10460 10447
f 10628 10445 10570
f 10628 10462 10445
f 10907 10443 10865
f 10907 10866 10443
f 10866 10906 10867
f 10500 10554 10511
f 10500 10601 10554
f 10582 10555 10499
f 10555 10582 10601
f 10555 10512 10499
f 10459 10448 10540
f 10448 10631 10540
f 10448 10459 10572
f 10540 10573 10449
f 10631 10573 10540
f 10632 10573 10609
f 10573 10632 10449
f 10448 10573 10631
f 10891 10933 10835
f 10619 10624 10623
f 10619 10466 10624
f 10864 10909 10908
f 10442 10864 10908
f 10864 10442 10617
f 10909 10817 10910
f 10521 10489 10547
f 10521 10593 10591
f 10522 10548 10591
f 10548 10521 10591
f 10521 10548 10489
f 10548 10522 10488
f 10815 10468 10549
f 10468 10621 10549
f 10468 10620 10621
f 10561 10473 10594
f 10561 10526 10473
f 10624 10566 10623
f 10566 10490 10623
f 11162 11060 11037
f 11162 11037 11108
f 11162 11133 11060
f 11133 11138 11019
f 11119 10996 11012
f 10996 11088 11012
f 10996 11119 11118
f 11088 10996 11118
f 10850 10871 10901
f 10871 10849 10901
f 10801 10900 10901
f 10900 10872 10901
f 10900 10801 10966
f 10872 10900 10851
f 10900 10873 10851
f 10873 10900 10899
f 10849 10964 10901
f 10964 10965 10901
f 10928 10819 10818
f 10929 10819 10928
f 10820 10928 10821
f 10820 10929 10928
f 10925 10825 10898
f 10825 10925 11084
f 10925 11016 11084
f 10925 10898 10926
f 11016 10925 10926
f 11016 11122 11084
f 11158 11122 11085
f 11122 11016 11121
f 10897 10927 10926
f 10823 10824 10827
f 10824 10823 10926
f 10823 10897 10926
f 10897 10822 10927
f 10822 10823 10828
f 10823 10822 10897
f 10993 10797 10941
f 10730 10766 10765
f 10708 10777 10667
f 10708 10682 10777
f 10682 10708 10778
f 10730 10708 10667
f 10708 10730 10778
f 10665 10728 10768
f 10709 10665 10729
f 10665 10768 10729
f 10768 10664 10769
f 10728 10664 10768
f 10664 10685 10769
f 10664 10728 10710
f 10685 10664 10710
f 11103 11030 11138
f 11020 11030 11103
f 11031 11030 11065
f 11030 11031 11138
f 10680 10681 10779
f 10669 10680 10779
f 10670 10680 10669
f 10778 10668 10681
f 10668 10707 10681
f 10730 10668 10778
f 10707 10668 10765
f 10668 10730 10765
f 11100 11142 11024
f 11024 11142 11069
f 11142 11100 11055
f 11068 11027 11023
f 11100 11068 11023
f 11068 11100 11024
f 10644 11068 11024
f 11068 10644 11027
f 11029 11028 10768
f 11099 11025 11069
f 11142 11099 11069
f 11099 11142 11054
f 11128 11142 11055
f 11142 11128 11054
f 11155 11108 11156
f 11155 11038 11108
f 11155 11013 11012
f 11013 11155 11156
f 11058 11131 11139
f 10762 10705 10733
f 10641 10762 10733
f 10705 10762 10781
f 10781 10762 10704
f 10762 10734 10704
f 10734 10762 10637
f 10762 10641 10637
f 10642 11026 10636
f 11026 11070 11071
f 10636 11026 11071
f 11026 10642 10643
f 11026 11025 11070
f 11025 11026 10643
f 10705 10763 10733
f 10763 10642 10733
f 10642 10763 10732
f 10763 10780 10732
f 10780 10763 10705
f 11096 11047 11050
f 11072 11096 11050
f 11051 10637 11071
f 11051 11072 10637
f 11144 11052 11098
f 11052 11144 11045
f 11151 11008 11112
f 11008 11151 11000
f 11150 11008 11000
f 11001 11150 11000
f 11001 11091 11092
f 11091 11001 11000
f 11168 11125 11045
f 11007 11168 11076
f 10679 10670 10780
f 10671 10679 10780
f 10680 10679 10739
f 10679 10680 10670
f 10679 10671 10678
f 10700 10679 10678
f 10679 10700 10739
f 10764 10706 10669
f 10706 10670 10669
f 10706 10764 10732
f 10780 10706 10732
f 10670 10706 10780
f 10751 10695 10657
f 10722 10751 10657
f 10695 10751 10648
f 10751 10722 10648
f 10726 10774 10712
f 10726 10687 10774
f 10687 10686 10774
f 10770 10686 10687
f 10774 10686 10711
f 10686 10727 10711
f 10686 10770 10727
f 11134 11061 11161
f 11033 10899 10967
f 10899 11033 11063
f 11033 11105 11063
f 11105 11033 11136
f 10968 10994 10827
f 10873 10477 10851
f 10633 10450 10574
f 10579 10633 10451
f 10633 10579 10450
f 10608 10633 10574
f 10633 10608 10575
f 10502 10503 10509
f 10502 10534 10503
f 10510 10502 10509
f 10501 10502 10510
f 10575 10480 10607
f 10608 10480 10575
f 10607 10480 10851
f 10480 10872 10851
f 10872 10480 10850
f 10480 10608 10850
f 10479 10477 10606
f 10479 10607 10851
f 10477 10479 10851
f 10478 10576 10606
f 10576 10479 10606
f 10576 10634 10607
f 10479 10576 10607
f 10505 10689 10506
f 10689 10505 10536
f 10505 10506 10507
f 10504 10505 10507
f 10551 10505 10504
f 10505 10551 10536
f 10689 10693 10690
f 10693 10658 10690
f 10693 10723 10658
f 10455 10578 10452
f 10452 10578 10451
f 10578 10456 10451
f 10578 10455 10604
f 10552 10578 10604
f 10578 10552 10456
f 10551 10605 10536
f 10605 10551 10577
f 10494 10597 10517
f 10517 10597 10528
f 10597 10558 10528
f 10597 10494 10495
f 10807 10976 10790
f 10790 10976 10891
f 10948 10842 10882
f 10497 10599 10556
f 10514 10497 10556
f 10543 10628 10570
f 10628 10543 10462
f 10569 10543 10585
f 10543 10569 10462
f 10496 10584 10599
f 10584 10543 10570
f 10584 10496 10585
f 10543 10584 10585
f 10542 10629 10571
f 10460 10542 10571
f 10583 10460 10582
f 10583 10582 10600
f 10498 10583 10600
f 10583 10498 10599
f 10583 10542 10460
f 10584 10583 10599
f 10542 10583 10584
f 10544 10585 10586
f 10544 10569 10585
f 10866 10615 10443
f 10462 10444 10614
f 10569 10444 10462
f 10444 10866 10614
f 10444 10615 10866
f 10918 10947 10988
f 10918 10807 10791
f 10807 10918 10988
f 10908 10858 10865
f 10858 10907 10865
f 10907 10857 10866
f 10857 10906 10866
f 10858 10857 10907
f 10857 10842 10843
f 10857 10858 10882
f 10500 10532 10601
f 10532 10555 10601
f 10555 10532 10512
f 10512 10532 10511
f 10532 10500 10511
f 10934 10785 10835
f 10933 10934 10835
f 10789 10933 10891
f 10789 10976 10808
f 10976 10789 10891
f 10813 10887 10982
f 10814 10813 10982
f 10785 10937 10784
f 10887 10937 10785
f 10813 10937 10887
f 10937 10814 10784
f 10937 10813 10814
f 10468 10550 10620
f 10550 10468 10815
f 10550 10911 10816
f 10550 10815 10911
f 10620 10467 10623
f 10467 10619 10623
f 10550 10467 10620
f 10619 10467 10816
f 10467 10550 10816
f 10909 10859 10908
f 10957 10859 10909
f 10883 10859 10957
f 10859 10883 10958
f 10859 10858 10908
f 10858 10859 10958
f 10910 10863 10816
f 10817 10863 10910
f 10863 10619 10816
f 10864 10441 10909
f 10441 10817 10909
f 10441 10864 10617
f 10521 10590 10593
f 10593 10590 10594
f 10590 10520 10594
f 10520 10590 10547
f 10590 10521 10547
f 10565 10548 10488
f 10548 10565 10489
f 10623 10565 10488
f 10489 10565 10623
f 10595 10561 10594
f 10561 10595 10526
f 10442 10465 10617
f 10616 10465 10442
f 10490 10589 10520
f 10566 10589 10490
f 10520 10589 10594
f 11038 11059 11108
f 11059 11162 11108
f 11082 11134 11161
f 11060 11082 11161
f 11133 11082 11060
f 11082 11133 11019
f 10481 10608 10609
f 10608 10481 10850
f 10481 10871 10850
f 10610 10573 10448
f 10573 10610 10609
f 10905 10844 10961
f 10848 10963 10964
f 10803 10963 10943
f 10963 10803 10964
f 10964 10802 10965
f 10833 10974 10893
f 10975 10974 10791
f 10974 10975 10893
f 11085 11015 11121
f 11015 11122 11121
f 11122 11015 11085
f 10969 10823 10827
f 10823 10969 10828
f 10993 10969 10797
f 10969 10993 10828
f 10822 10896 10927
f 10928 10896 10821
f 10927 10896 10928
f 10970 10822 10828
f 10665 10684 10728
f 10710 10684 10776
f 10728 10684 10710
f 10684 10709 10776
f 10684 10665 10709
f 11066 11029 11065
f 11030 11066 11065
f 11066 11030 11020
f 11066 11020 11139
f 10718 10740 10699
f 10740 10739 10699
f 10740 10680 10739
f 10680 10740 10681
f 10740 10741 10681
f 10740 10718 10741
f 10768 10767 10729
f 11028 10767 10768
f 10767 11028 11027
f 10767 11027 10766
f 10730 10767 10766
f 10767 10666 10729
f 10666 10767 10667
f 10767 10730 10667
f 11143 11099 11054
f 11098 11143 11053
f 11143 11098 11070
f 11025 11143 11070
f 11099 11143 11025
f 11128 11042 11054
f 11127 11044 11053
f 11044 11098 11053
f 11044 11144 11098
f 11144 11044 11045
f 11077 11166 11112
f 11008 11077 11112
f 11151 11009 10999
f 11009 11152 10999
f 11009 11151 11112
f 11166 11009 11112
f 11117 10998 11089
f 11090 10998 11117
f 10998 11090 10999
f 10998 10997 11089
f 10998 11011 10997
f 11042 11078 11166
f 11078 11042 11128
f 11078 11128 11055
f 11100 11141 11055
f 11141 11100 11023
f 11038 11163 11058
f 11155 11109 11038
f 11109 11163 11038
f 11163 11109 11039
f 11124 11096 11046
f 11125 11124 11046
f 11096 11124 11047
f 11074 11124 11169
f 11124 11123 11047
f 11123 11124 11074
f 11051 11145 11072
f 11145 11096 11072
f 11096 11145 11046
f 11145 11125 11046
f 11075 11125 11168
f 11124 11075 11169
f 11075 11124 11125
f 11113 11007 11076
f 11001 11113 11150
f 11007 11113 11001
f 11093 11002 11092
f 11002 11001 11092
f 10661 11064 10662
f 11064 11031 11065
f 10770 11064 11065
f 11064 10770 10662
f 11064 10661 11063
f 11105 11064 11063
f 10661 10660 11063
f 10660 10873 11063
f 10660 10477 10873
f 10660 10478 10606
f 10477 10660 10606
f 10773 10688 10712
f 10688 10726 10712
f 11034 11062 11159
f 11084 11034 11159
f 11122 11034 11084
f 11034 11122 11158
f 11061 11106 11158
f 11106 11034 11158
f 11034 11106 11062
f 11035 11061 11158
f 11035 11158 11085
f 11137 11082 11019
f 10924 10994 10968
f 11062 10924 11159
f 10798 10924 10939
f 10924 10798 10994
f 10633 10538 10451
f 10538 10633 10575
f 10538 10634 10451
f 10634 10538 10575
f 10553 10502 10501
f 10502 10553 10534
f 10553 10501 10602
f 10553 10602 10457
f 10534 10553 10603
f 10579 10553 10457
f 10553 10579 10603
f 10537 10577 10452
f 10634 10537 10452
f 10576 10537 10634
f 10724 10689 10536
f 10724 10693 10689
f 10724 10748 10645
f 10453 10605 10577
f 10748 10453 10713
f 10537 10453 10577
f 10516 10597 10495
f 10597 10516 10558
f 10558 10516 10529
f 10976 10917 10808
f 10917 10976 10807
f 10917 10987 10808
f 10917 10948 10987
f 10917 10807 10988
f 10947 10917 10988
f 10881 10947 10960
f 10881 10960 10843
f 10881 10917 10947
f 10917 10881 10948
f 10842 10881 10843
f 10948 10881 10842
f 10557 10496 10599
f 10497 10557 10599
f 10557 10515 10496
f 10557 10514 10530
f 10557 10497 10514
f 10557 10530 10529
f 10515 10557 10529
f 10515 10598 10496
f 10598 10495 10585
f 10496 10598 10585
f 10598 10515 10529
f 10516 10598 10529
f 10598 10516 10495
f 10461 10584 10570
f 10461 10542 10584
f 10542 10461 10629
f 10445 10461 10570
f 10461 10445 10629
f 10844 10880 10961
f 10918 10880 10947
f 10947 10880 10960
f 10880 10844 10960
f 10858 10841 10882
f 10841 10858 10958
f 10856 10857 10843
f 10857 10856 10906
f 10960 10856 10843
f 10844 10856 10960
f 10906 10856 10867
f 10842 10959 10882
f 10959 10857 10882
f 10857 10959 10842
f 10916 10948 10882
f 10948 10916 10987
f 10987 10916 10808
f 10977 10789 10808
f 10977 10890 10789
f 10890 10934 10933
f 10789 10890 10933
f 10860 10957 10909
f 10955 10910 10911
f 10862 10955 10886
f 10955 10911 10886
f 10618 10441 10617
f 10465 10618 10617
f 10618 10465 10466
f 10619 10618 10466
f 10863 10618 10619
f 10618 10863 10817
f 10441 10618 10817
f 10595 10474 10526
f 10474 10475 10483
f 10526 10474 10483
f 10518 10595 10492
f 10615 10463 10443
f 10463 10444 10569
f 10444 10463 10615
f 10464 10465 10616
f 10465 10464 10626
f 10464 10616 10443
f 10463 10464 10443
f 10519 10595 10594
f 10589 10519 10594
f 10546 10566 10624
f 11081 11038 11132
f 11081 11059 11038
f 11059 11081 11162
f 11081 11133 11162
f 11138 11081 11132
f 11133 11081 11138
f 10447 10611 10572
f 10611 10448 10572
f 10611 10610 10448
f 10880 10946 10961
f 10946 10880 10918
f 10832 10974 10833
f 10832 10973 10974
f 10963 10878 10943
f 10902 10964 10849
f 10902 10848 10964
f 10611 10852 10610
f 10963 10847 10903
f 10848 10847 10963
f 10847 10852 10903
f 10852 10870 10610
f 10870 10847 10848
f 10847 10870 10852
f 10802 10876 10965
f 10801 10876 10941
f 10965 10876 10801
f 10876 10993 10941
f 10993 10876 10796
f 10803 10877 10964
f 10877 10802 10964
f 10877 10803 10943
f 10994 10923 10827
f 10923 10969 10827
f 10923 10994 10797
f 10969 10923 10797
f 10993 10922 10828
f 10922 10970 10828
f 10922 10993 10796
f 10970 10922 10796
f 10829 10896 10822
f 10970 10829 10822
f 10896 10829 10821
f 10829 10971 10821
f 10829 10992 10971
f 10829 10970 10796
f 10992 10829 10796
f 11131 11021 11139
f 11140 11021 11131
f 11140 11057 11130
f 11057 11140 11131
f 11101 11141 11023
f 11141 11101 11056
f 11056 11101 11130
f 11101 11140 11130
f 11043 11042 11166
f 11077 11043 11166
f 11043 11077 11127
f 11042 11043 11054
f 11043 11143 11054
f 11043 11127 11053
f 11143 11043 11053
f 11167 11044 11127
f 11077 11167 11127
f 11167 11077 11008
f 11167 11113 11076
f 11167 11008 11150
f 11113 11167 11150
f 11152 11010 10999
f 11010 10998 10999
f 10998 11010 11011
f 11041 11078 11055
f 11141 11129 11055
f 11129 11141 11056
f 11129 11041 11055
f 11110 11154 11011
f 11154 11110 11039
f 11109 11154 11039
f 11011 11154 11012
f 11154 11155 11012
f 11154 11109 11155
f 11110 11164 11039
f 11057 11164 11130
f 11164 11057 11039
f 11080 11163 11039
f 11057 11080 11039
f 11080 11057 11131
f 11080 11131 11058
f 11163 11080 11058
f 11097 11145 11051
f 11097 11052 11045
f 11125 11097 11045
f 11145 11097 11125
f 11052 11097 11071
f 11097 11051 11071
f 11003 11002 11093
f 11003 11093 11094
f 11147 11003 11094
f 11003 11147 11115
f 10688 10771 10726
f 10771 10688 10661
f 10726 10771 10687
f 10687 10771 10662
f 10771 10661 10662
f 10725 10773 10713
f 10725 10688 10773
f 10478 10725 10713
f 10772 10660 10661
f 10688 10772 10661
f 10660 10772 10478
f 10772 10725 10478
f 10725 10772 10688
f 11033 11017 11136
f 11083 11017 11135
f 11160 11106 11061
f 11160 11134 11083
f 11160 11061 11134
f 11160 11083 11135
f 11062 11160 11135
f 11106 11160 11062
f 11061 11107 11161
f 11035 11107 11061
f 11107 11060 11161
f 11107 11036 11060
f 11157 11085 11014
f 11157 11035 11085
f 11156 11157 11014
f 11036 11157 11156
f 11107 11157 11036
f 11157 11107 11035
f 11032 11064 11105
f 11032 11105 11136
f 10825 10826 10968
f 10826 10924 10968
f 10826 10825 11159
f 10924 10826 11159
f 10995 10874 10939
f 10924 10995 10939
f 10874 10995 11135
f 10995 11062 11135
f 10995 10924 11062
f 10800 10900 10966
f 10800 10939 10967
f 10800 10798 10939
f 10899 10800 10967
f 10900 10800 10899
f 10798 10940 10994
f 10724 10454 10748
f 10454 10453 10748
f 10453 10454 10605
f 10605 10454 10536
f 10454 10724 10536
f 10749 10724 10645
f 10724 10749 10693
f 10747 10749 10645
f 10453 10635 10713
f 10635 10453 10537
f 10635 10537 10576
f 10635 10478 10713
f 10635 10576 10478
f 10855 10905 10867
f 10856 10855 10867
f 10905 10855 10844
f 10855 10856 10844
f 10841 10949 10882
f 10949 10916 10882
f 10916 10949 10986
f 10949 10950 10986
f 10950 10949 10841
f 10916 10809 10808
f 10809 10977 10808
f 10809 10916 10986
f 10809 10986 10978
f 10934 10788 10978
f 10890 10788 10934
f 10788 10809 10978
f 10788 10890 10977
f 10809 10788 10977
f 10986 10810 10978
f 10839 10883 10957
f 10860 10839 10957
f 10839 10860 10884
f 10860 10956 10884
f 10861 10956 10910
f 10956 10909 10910
f 10956 10860 10909
f 10474 10527 10475
f 10527 10518 10596
f 10559 10527 10596
f 10527 10559 10475
f 10544 10627 10569
f 10627 10463 10569
f 10463 10627 10544
f 10587 10518 10492
f 10545 10587 10492
f 10587 10544 10586
f 10568 10545 10626
f 10568 10463 10544
f 10587 10568 10544
f 10568 10587 10545
f 10464 10568 10626
f 10568 10464 10463
f 10491 10589 10566
f 10546 10491 10566
f 10491 10519 10589
f 10491 10546 10519
f 10588 10546 10492
f 10546 10588 10519
f 10595 10588 10492
f 10519 10588 10595
f 10466 10625 10624
f 10625 10546 10624
f 10465 10625 10466
f 10852 10869 10903
f 10869 10852 10611
f 10446 10612 10447
f 10612 10611 10447
f 10612 10446 10613
f 10905 10868 10867
f 10854 10868 10905
f 10867 10868 10613
f 10868 10612 10613
f 10946 10806 10989
f 10806 10946 10918
f 10806 10918 10791
f 10930 10833 10818
f 10930 10832 10833
f 10972 10971 10795
f 10973 10793 10974
f 10878 10804 10943
f 10804 10878 10944
f 10878 10962 10944
f 10962 10878 10963
f 10610 10482 10609
f 10870 10482 10610
f 10482 10481 10609
f 10482 10870 10848
f 10871 10482 10849
f 10481 10482 10871
f 10482 10902 10849
f 10902 10482 10848
f 10971 10921 10795
f 10992 10921 10971
f 10877 10921 10992
f 10795 10921 10943
f 10921 10877 10943
f 10877 10942 10802
f 10942 10877 10992
f 10942 10992 10796
f 10876 10942 10796
f 10942 10876 10802
f 11102 11066 11139
f 11021 11102 11139
f 11066 11102 11029
f 11102 11028 11029
f 11102 11021 11028
f 11021 11067 11028
f 11067 11101 11023
f 11027 11067 11023
f 11028 11067 11027
f 11126 11167 11076
f 11167 11126 11044
f 11044 11126 11045
f 11126 11168 11045
f 11168 11126 11076
f 11153 11110 11011
f 11010 11153 11011
f 11040 11164 11110
f 11040 11129 11056
f 11007 11149 11168
f 11114 11149 11002
f 11149 11007 11001
f 11002 11149 11001
f 11006 11075 11168
f 11149 11006 11168
f 11006 11149 11114
f 11075 11006 11169
f 11003 11148 11002
f 11148 11114 11002
f 11148 11006 11114
f 11005 11148 11115
f 11148 11003 11115
f 11148 11005 11169
f 11006 11148 11169
f 10799 11017 11033
f 10799 11033 10967
f 10799 10874 11135
f 11017 10799 11135
f 10939 10799 10967
f 10874 10799 10939
f 11018 11032 11136
f 11032 11018 11137
f 11017 11018 11136
f 11082 11018 11134
f 11137 11018 11082
f 11134 11018 11083
f 11018 11017 11083
f 11064 11104 11031
f 11032 11104 11064
f 11104 11032 11137
f 11031 11104 11019
f 11104 11137 11019
f 10994 10875 10797
f 10940 10875 10994
f 10797 10875 10801
f 10801 10875 10966
f 10875 10800 10966
f 10800 10875 10798
f 10875 10940 10798
f 10749 10659 10693
f 10723 10659 10646
f 10693 10659 10723
f 10659 10747 10646
f 10659 10749 10747
f 10883 10840 10958
f 10840 10841 10958
f 10840 10950 10841
f 10839 10840 10883
f 10840 10839 10950
f 10787 10934 10978
f 10810 10787 10978
f 10810 10915 10985
f 10915 10839 10985
f 10839 10915 10950
f 10950 10915 10986
f 10915 10810 10986
f 10887 10981 10982
f 10560 10474 10595
f 10560 10527 10474
f 10518 10560 10595
f 10527 10560 10518
f 10518 10493 10596
f 10587 10493 10518
f 10493 10517 10596
f 10493 10494 10517
f 10494 10493 10586
f 10493 10587 10586
f 10546 10567 10492
f 10625 10567 10546
f 10567 10545 10492
f 10545 10567 10626
f 10567 10465 10626
f 10567 10625 10465
f 10972 10830 10971
f 10830 10820 10821
f 10971 10830 10821
f 10831 10819 10929
f 10831 10972 10973
f 10991 10795 10943
f 10804 10991 10943
f 10845 10905 10961
f 10845 10854 10905
f 10846 10963 10903
f 10846 10962 10963
f 11022 11021 11140
f 11022 11067 11021
f 11101 11022 11140
f 11067 11022 11101
f 11153 11165 11110
f 11165 11040 11110
f 11129 11165 11041
f 11040 11165 11129
f 11041 11165 11078
f 11164 11079 11130
f 11040 11079 11164
f 11079 11056 11130
f 11079 11040 11056
f 10787 10935 10934
f 10839 10951 10985
f 10951 10914 10985
f 10951 10839 10884
f 10914 10951 10884
f 10983 10836 10982
f 10981 10983 10982
f 10983 10981 10984
f 10838 10956 10861
f 10952 10838 10861
f 10956 10838 10884
f 10838 10914 10884
f 10914 10838 10984
f 10838 10952 10984
f 10895 10830 10972
f 10831 10895 10972
f 10830 10895 10820
f 10820 10895 10929
f 10895 10831 10929
f 10831 10894 10819
f 10930 10894 10832
f 10894 10973 10832
f 10894 10831 10973
f 10819 10894 10818
f 10894 10930 10818
f 10793 10792 10974
f 10919 10792 10793
f 10792 10919 10989
f 10806 10792 10989
f 10974 10792 10791
f 10792 10806 10791
f 10945 10946 10989
f 10919 10945 10989
f 10962 10945 10944
f 10794 10972 10795
f 10991 10794 10795
f 10972 10794 10973
f 10794 10793 10973
f 10869 10853 10903
f 10853 10846 10903
f 10868 10853 10612
f 10853 10869 10611
f 10612 10853 10611
f 11111 11153 11010
f 11111 11165 11153
f 11111 11010 11152
f 11165 11111 11078
f 11078 11111 11166
f 11111 11009 11166
f 11009 11111 11152
f 10934 10786 10785
f 10935 10786 10934
f 10979 10810 10985
f 10955 10885 10910
f 10885 10861 10910
f 10885 10955 10862
f 10837 10953 10983
f 10953 10862 10836
f 10983 10953 10836
f 10953 10885 10862
f 10913 10983 10984
f 10913 10837 10983
f 10952 10913 10984
f 10913 10952 10861
f 10885 10913 10861
f 10913 10953 10837
f 10953 10913 10885
f 10879 10945 10962
f 10879 10845 10961
f 10845 10879 10962
f 10946 10879 10961
f 10945 10879 10946
f 10990 10919 10793
f 10945 10990 10944
f 10920 10794 10991
f 10920 10804 10944
f 10920 10991 10804
f 10990 10920 10944
f 10794 10920 10793
f 10920 10990 10793
f 10853 10904 10846
f 10845 10904 10854
f 10904 10868 10854
f 10904 10853 10868
f 10904 10845 10962
f 10846 10904 10962
f 10889 10935 10787
f 10889 10787 10810
f 10979 10889 10810
f 10805 10945 10919
f 10990 10805 10919
f 10805 10990 10945
f 10812 10887 10785
f 10812 10981 10887
f 10981 10812 10984
f 10786 10936 10785
f 10888 10936 10786
f 10936 10812 10785
f 10812 10936 10888
f 10811 10888 10786
f 10811 10786 10935
f 10889 10811 10935
f 10811 10889 10979
f 10811 10914 10984
f 10914 10811 10985
f 10811 10979 10985
f 10980 10812 10888
f 10811 10980 10888
f 10812 10980 10984
f 10980 10811 10984
v 3.112 -7.258 37.366 0.4392 0.4196 0.4000
v 0.490 -11.680 37.198 0.4392 0.4196 0.4000
v 0.490 -11.680 34.052 0.4392 0.4196 0.4000
v 3.112 -7.258 33.930 0.4392 0.4196 0.4000
v 12.405 -9.068 37.774 0.4392 0.4196 0.4000
v 12.493 -9.010 37.811 0.4392 0.4196 0.4000
v 12.493 -9.010 34.811 0.4392 0.4196 0.4000
v 12.405 -9.068 34.774 0.4392 0.4196 0.4000
v 12.414 -8.380 37.615 0.4392 0.4196 0.4000
v 12.493 -9.010 37.811 0.4392 0.4196 0.4000
v 12.493 -9.010 34.811 0.4392 0.4196 0.4000
v 12.414 -8.380 34.615 0.4392 0.4196 0.4000
v 2.331 -12.351 37.402 0.4392 0.4196 0.4000
v 12.405 -9.068 37.774 0.4392 0.4196 0.4000
v 12.405 -9.068 34.774 0.4392 0.4196 0.4000
v 2.331 -12.351 34.217 0.4392 0.4196 0.4000
v 10.564 -7.310 37.356 0.4392 0.4196 0.4000
v 10.113 -7.188 37.289 0.4392 0.4196 0.4000
v 10.113 -7.188 34.025 0.4392 0.4196 0.4000
v 10.564 -7.310 34.025 0.4392 0.4196 0.4000
v 10.564 -7.310 37.356 0.4392 0.4196 0.4000
v 12.274 -7.810 37.506 0.4392 0.4196 0.4000
v 12.274 -7.810 34.269 0.4392 0.4196 0.4000
v 10.564 -7.310 34.025 0.4392 0.4196 0.4000
v 12.414 -8.380 37.615 0.4392 0.4196 0.4000
v 12.274 -7.810 37.506 0.4392 0.4196 0.4000
v 12.274 -7.810 34.269 0.4392 0.4196 0.4000
v 12.414 -8.380 34.615 0.4392 0.4196 0.4000
v 3.941 -7.078 37.359 0.4392 0.4196 0.4000
v 10.113 -7.188 37.289 0.4392 0.4196 0.4000
v 10.113 -7.188 34.025 0.4392 0.4196 0.4000
v 3.941 -7.078 33.901 0.4392 0.4196 0.4000
v 0.499 -12.132 37.439 0.4392 0.4196 0.4000
v 0.490 -11.680 37.198 0.4392 0.4196 0.4000
v 0.490 -11.680 34.052 0.4392 0.4196 0.4000
v 0.499 -12.132 34.051 0.4392 0.4196 0.4000
v 0.499 -12.132 37.439 0.4392 0.4196 0.4000
v 0.740 -12.229 37.341 0.4392 0.4196 0.4000
v 0.740 -12.229 34.060 0.4392 0.4196 0.4000
v 0.499 -12.132 34.051 0.4392 0.4196 0.4000
v 1.420 -12.430 37.515 0.4392 0.4196 0.4000
v 2.331 -12.351 37.402 0.4392 0.4196 0.4000
v 2.331 -12.351 34.217 0.4392 0.4196 0.4000
v 1.420 -12.430 34.515 0.4392 0.4196 0.4000
v 3.322 -7.200 37.359 0.4392 0.4196 0.4000
v 3.112 -7.258 37.366 0.4392 0.4196 0.4000
v 3.112 -7.258 33.930 0.4392 0.4196 0.4000
v 3.322 -7.200 33.924 0.4392 0.4196 0.4000
v 3.322 -7.200 37.359 0.4392 0.4196 0.4000
v 3.941 -7.078 37.359 0.4392 0.4196 0.4000
v 3.941 -7.078 33.901 0.4392 0.4196 0.4000
v 3.322 -7.200 33.924 0.4392 0.4196 0.4000
v 0.740 -12.229 37.341 0.4392 0.4196 0.4000
v 1.420 -12.430 37.515 0.4392 0.4196 0.4000
v 1.420 -12.430 34.515 0.4392 0.4196 0.4000
v 0.740 -12.229 34.060 0.4392 0.4196 0.4000
f 11171 11172 11173
f 11171 11173 11174
f 11175 11176 11177
f 11175 11177 11178
f 11179 11180 11181
f 11179 11181 11182
f 11183 11184 11185
f 11183 11185 11186
f 11187 11188 11189
f 11187 11189 11190
f 11191 11192 11193
f 11191 11193 11194
f 11195 11196 11197
f 11195 11197 11198
f 11199 11200 11201
f 11199 11201 11202
f 11203 11204 11205
f 11203 11205 11206
f 11207 11208 11209
f 11207 11209 11210
f 11211 11212 11213
f 11211 11213 11214
f 11215 11216 11217
f 11215 11217 11218
f 11219 11220 11221
f 11219 11221 11222
f 11223 11224 11225
f 11223 11225 11226
v 12.405 -9.690 41.026 0.4392 0.4196 0.4000
v 12.484 -11.181 41.877 0.4392 0.4196 0.4000
v 12.484 -11.181 38.877 0.4392 0.4196 0.4000
v 12.405 -9.690 38.026 0.4392 0.4196 0.4000
v 11.527 -9.291 40.834 0.4392 0.4196 0.4000
v 8.354 -9.059 40.877 0.4392 0.4196 0.4000
v 8.354 -9.059 34.025 0.4392 0.4196 0.4000
v 11.527 -9.291 34.269 0.4392 0.4196 0.4000
v 2.682 -12.281 42.642 0.4392 0.4196 0.4000
v 3.090 -12.461 42.754 0.4392 0.4196 0.4000
v 3.090 -12.461 39.754 0.4392 0.4196 0.4000
v 2.682 -12.281 34.222 0.4392 0.4196 0.4000
v 10.933 -12.491 42.742 0.4392 0.4196 0.4000
v 3.090 -12.461 42.754 0.4392 0.4196 0.4000
v 3.090 -12.461 39.754 0.4392 0.4196 0.4000
v 10.933 -12.491 39.742 0.4392 0.4196 0.4000
v 3.441 -9.291 40.834 0.4392 0.4196 0.4000
v 2.770 -9.419 40.776 0.4392 0.4196 0.4000
v 2.770 -9.419 34.247 0.4392 0.4196 0.4000
v 3.441 -9.291 34.198 0.4392 0.4196 0.4000
v 2.682 -12.281 42.642 0.4392 0.4196 0.4000
v 2.682 -10.790 41.517 0.4392 0.4196 0.4000
v 2.682 -10.790 34.220 0.4392 0.4196 0.4000
v 2.682 -12.281 34.222 0.4392 0.4196 0.4000
v 12.234 -9.611 40.919 0.4392 0.4196 0.4000
v 12.405 -9.690 41.026 0.4392 0.4196 0.4000
v 12.405 -9.690 38.026 0.4392 0.4196 0.4000
v 12.234 -9.611 34.269 0.4392 0.4196 0.4000
v 2.700 -10.300 41.084 0.4392 0.4196 0.4000
v 2.770 -9.419 40.776 0.4392 0.4196 0.4000
v 2.770 -9.419 34.247 0.4392 0.4196 0.4000
v 2.700 -10.300 34.238 0.4392 0.4196 0.4000
v 12.484 -11.229 41.892 0.4392 0.4196 0.4000
v 12.384 -12.461 42.712 0.4392 0.4196 0.4000
v 12.384 -12.461 39.712 0.4392 0.4196 0.4000
v 12.484 -11.229 38.892 0.4392 0.4196 0.4000
v 10.933 -12.491 42.742 0.4392 0.4196 0.4000
v 12.384 -12.461 42.712 0.4392 0.4196 0.4000
v 12.384 -12.461 39.712 0.4392 0.4196 0.4000
v 10.933 -12.491 39.742 0.4392 0.4196 0.4000
v 3.782 -9.230 40.855 0.4392 0.4196 0.4000
v 8.354 -9.059 40.877 0.4392 0.4196 0.4000
v 8.354 -9.059 34.025 0.4392 0.4196 0.4000
v 3.782 -9.230 34.077 0.4392 0.4196 0.4000
v 2.700 -10.300 41.084 0.4392 0.4196 0.4000
v 2.682 -10.790 41.517 0.4392 0.4196 0.4000
v 2.682 -10.790 34.220 0.4392 0.4196 0.4000
v 2.700 -10.300 34.238 0.4392 0.4196 0.4000
v 12.234 -9.611 40.919 0.4392 0.4196 0.4000
v 11.527 -9.291 40.834 0.4392 0.4196 0.4000
v 11.527 -9.291 34.269 0.4392 0.4196 0.4000
v 12.234 -9.611 34.269 0.4392 0.4196 0.4000
v 3.441 -9.291 40.834 0.4392 0.4196 0.4000
v 3.782 -9.230 40.855 0.4392 0.4196 0.4000
v 3.782 -9.230 34.077 0.4392 0.4196 0.4000
v 3.441 -9.291 34.198 0.4392 0.4196 0.4000
v 12.484 -11.229 41.892 0.4392 0.4196 0.4000
v 12.484 -11.181 41.877 0.4392 0.4196 0.4000
v 12.484 -11.181 38.877 0.4392 0.4196 0.4000
v 12.484 -11.229 38.892 0.4392 0.4196 0.4000
f 11227 11228 11229
f 11227 11229 11230
f 11231 11232 11233
f 11231 11233 11234
f 11235 11236 11237
f 11235 11237 11238
f 11239 11240 11241
f 11239 11241 11242
f 11243 11244 11245
f 11243 11245 11246
f 11247 11248 11249
f 11247 11249 11250
f 11251 11252 11253
f 11251 11253 11254
f 11255 11256 11257
f 11255 11257 11258
f 11259 11260 11261
f 11259 11261 11262
f 11263 11264 11265
f 11263 11265 11266
f 11267 11268 11269
f 11267 11269 11270
f 11271 11272 11273
f 11271 11273 11274
f 11275 11276 11277
f 11275 11277 11278
f 11279 11280 11281
f 11279 11281 11282
f 11283 11284 11285
f 11283 11285 11286
