scenario,total_rain_mm,flooded_ha_peak,max_depth_m,max_velocity_ms,max_lake_rise_m
flash_1hr_100yr,119.0,210.2525141458338,3.9770267009735107,3.5246198177337646,0.105
sustained_12hr_100yr,240.0,175.03956969442748,4.778602600097656,2.2918665409088135,0.134
flash_1hr_10yr,75.0,170.33153911610088,2.849414825439453,3.12264347076416,0.059
sustained_12hr_10yr,151.0,122.38508402483902,3.113818883895874,1.8969342708587646,0.058
