{
"type": "FeatureCollection",
"name": "flood_extent_ian",
"crs": { "type": "name", "properties": { "name": "urn:ogc:def:crs:OGC:1.3:CRS84" } },
"features": [
{ "type": "Feature", "properties": { "event": "Ian", "date": "2022-09-30", "peak_depth_m": 0.553, "peak_ha": 23.4 }, "geometry": { "type": "MultiPolygon", "coordinates": [ [ [ [ -81.442261904203022, 28.357721175331402 ], [ -81.442254135556922, 28.357765922822232 ], [ -81.442203769384847, 28.357759007189724 ], [ -81.442211538056981, 28.357714259701734 ], [ -81.442261904203022, 28.357721175331402 ] ] ], [ [ [ -81.44249819801675, 28.357845248126221 ], [ -81.442482660943725, 28.357934743107496 ], [ -81.442432294652349, 28.357927827585726 ], [ -81.442447831777443, 28.357838332610186 ], [ -81.44249819801675, 28.357845248126221 ] ] ], [ [ [ -81.442583393551217, 28.357948574079433 ], [ -81.442575625054431, 28.357993321567115 ], [ -81.442525258720522, 28.357986406090244 ], [ -81.442533027243343, 28.357941658605419 ], [ -81.442583393551217, 28.357948574079433 ] ] ], [ [ [ -81.442618222917574, 28.358044984504907 ], [ -81.442567856549417, 28.358038069049005 ], [ -81.442575625054431, 28.357993321567115 ], [ -81.442625991396568, 28.358000237020121 ], [ -81.442618222917574, 28.358044984504907 ] ] ], [ [ [ -81.446143889170841, 28.358529007115127 ], [ -81.446093522225752, 28.358522093329743 ], [ -81.446101288908537, 28.358477345648055 ], [ -81.446151655827578, 28.358484259430575 ], [ -81.446143889170841, 28.358529007115127 ] ] ], [ [ [ -81.443582953463306, 28.35813162609357 ], [ -81.44357518547892, 28.358176373632531 ], [ -81.443524818954145, 28.358169458630069 ], [ -81.443532586964551, 28.358124711093947 ], [ -81.443582953463306, 28.35813162609357 ] ] ], [ [ [ -81.446043155288905, 28.358515179520449 ], [ -81.446035388571872, 28.358559927193522 ], [ -81.445985021617233, 28.358553013357493 ], [ -81.4459927883603, 28.358508265687302 ], [ -81.446043155288905, 28.358515179520449 ] ] ], [ [ [ -81.44488471801597, 28.3583561553206 ], [ -81.444876950700191, 28.358400902928043 ], [ -81.444776217178244, 28.358387074134441 ], [ -81.444783984546092, 28.358342326532714 ], [ -81.44488471801597, 28.3583561553206 ] ] ], [ [ [ -81.443509282908622, 28.358258953685006 ], [ -81.44345891634002, 28.358252038652921 ], [ -81.443466684392931, 28.358207291131261 ], [ -81.443517050935498, 28.358214206160429 ], [ -81.443509282908622, 28.358258953685006 ] ] ], [ [ [ -81.444609582040599, 28.358455825934012 ], [ -81.444559215264647, 28.358448911424116 ], [ -81.444566982753059, 28.358404163845375 ], [ -81.444617349502977, 28.358411078352432 ], [ -81.444609582040599, 28.358455825934012 ] ] ], [ [ [ -81.445725420086205, 28.358563191469738 ], [ -81.445717653196525, 28.358607939114073 ], [ -81.445667286239271, 28.358601025129204 ], [ -81.445675053154972, 28.358556277487711 ], [ -81.445725420086205, 28.358563191469738 ] ] ], [ [ [ -81.445616919290259, 28.358594111120436 ], [ -81.445609152340282, 28.358638858753338 ], [ -81.445558785373478, 28.358631944717864 ], [ -81.44556655234949, 28.358587197087846 ], [ -81.445616919290259, 28.358594111120436 ] ] ], [ [ [ -81.445508418414917, 28.358625030658512 ], [ -81.445500651404657, 28.358669778279872 ], [ -81.445450284428304, 28.358662864193835 ], [ -81.445458051464598, 28.358618116575329 ], [ -81.445508418414917, 28.358625030658512 ] ] ], [ [ [ -81.443385245493531, 28.358379366118879 ], [ -81.443334878863311, 28.358372451030533 ], [ -81.44334264699296, 28.358327703531906 ], [ -81.443393013597131, 28.358334618617359 ], [ -81.443385245493531, 28.358379366118879 ] ] ], [ [ [ -81.445392150389637, 28.358700697693802 ], [ -81.445341783403734, 28.358693783557175 ], [ -81.44534955050031, 28.358649035950151 ], [ -81.445399917460179, 28.358655950083925 ], [ -81.445392150389637, 28.358700697693802 ] ] ], [ [ [ -81.445291416426059, 28.358686869396667 ], [ -81.44528364929522, 28.358731616995076 ], [ -81.445182915312543, 28.358717788596788 ], [ -81.445190682495451, 28.358673041004081 ], [ -81.445291416426059, 28.358686869396667 ] ] ], [ [ [ -81.443327110725448, 28.358417198523419 ], [ -81.443319342579358, 28.358461946010465 ], [ -81.443268975905326, 28.358455030892557 ], [ -81.443276744077451, 28.358410283408336 ], [ -81.443327110725448, 28.358417198523419 ] ] ], [ [ [ -81.445132548333575, 28.358710874361837 ], [ -81.445124781116419, 28.358755621945871 ], [ -81.445074414119659, 28.3587487076842 ], [ -81.445082181362849, 28.358703960103 ], [ -81.445132548333575, 28.358710874361837 ] ] ], [ [ [ -81.443253439536392, 28.358544525843634 ], [ -81.443203072818534, 28.35853761069615 ], [ -81.443218609239537, 28.358448115750779 ], [ -81.443268975905326, 28.358455030892557 ], [ -81.443253439536392, 28.358544525843634 ] ] ], [ [ [ -81.445016279853675, 28.35878654097122 ], [ -81.444965912847366, 28.358779626658961 ], [ -81.444973680150852, 28.35873487908929 ], [ -81.445024047131128, 28.358741793398696 ], [ -81.445016279853675, 28.35878654097122 ] ] ], [ [ [ -81.444915545849284, 28.358772712322892 ], [ -81.444907778511549, 28.358817459883891 ], [ -81.444857411495676, 28.358810545521081 ], [ -81.444865178859459, 28.358765797962903 ], [ -81.444915545849284, 28.358772712322892 ] ] ], [ [ [ -81.443203072818534, 28.35853761069615 ], [ -81.443187536364647, 28.358627105618353 ], [ -81.443137169602977, 28.358620190441336 ], [ -81.443152706108933, 28.358530695524813 ], [ -81.443203072818534, 28.35853761069615 ] ] ], [ [ [ -81.444799277090027, 28.358848378683945 ], [ -81.444698543047437, 28.358834549833276 ], [ -81.444706310497537, 28.358789802289408 ], [ -81.444807044488059, 28.35880363113441 ], [ -81.444799277090027, 28.358848378683945 ] ] ], [ [ [ -81.444690775589123, 28.358879297371328 ], [ -81.44464040855415, 28.358872382907339 ], [ -81.444648176038498, 28.358827635372137 ], [ -81.444698543047437, 28.358834549833276 ], [ -81.444690775589123, 28.358879297371328 ] ] ], [ [ [ -81.443121633064109, 28.358709685334688 ], [ -81.443071266258613, 28.358702770128033 ], [ -81.44308680284955, 28.35861327524038 ], [ -81.443137169602977, 28.358620190441336 ], [ -81.443121633064109, 28.358709685334688 ] ] ], [ [ [ -81.443055729634779, 28.358792264992594 ], [ -81.443005362785456, 28.358785349756385 ], [ -81.443020899461359, 28.358695854897611 ], [ -81.443071266258613, 28.358702770128033 ], [ -81.443055729634779, 28.358792264992594 ] ] ], [ [ [ -81.442923922389738, 28.358957424133077 ], [ -81.442873555452778, 28.358950508837747 ], [ -81.442896860709183, 28.358816266627429 ], [ -81.442947227568055, 28.358823181914179 ], [ -81.44295499594439, 28.358778434496319 ], [ -81.443005362785456, 28.358785349756385 ], [ -81.442989826076655, 28.358874844592041 ], [ -81.442939459183521, 28.358867929326262 ], [ -81.442923922389738, 28.358957424133077 ] ] ], [ [ [ -81.44267985631852, 28.358878100031465 ], [ -81.442672087787358, 28.358922847417713 ], [ -81.442621720891609, 28.358915932003075 ], [ -81.442629489448805, 28.358871184619659 ], [ -81.44267985631852, 28.358878100031465 ] ] ], [ [ [ -81.441932123051672, 28.358729618999416 ], [ -81.44198248977996, 28.358736534742498 ], [ -81.441974720892588, 28.358781282094544 ], [ -81.442528755734102, 28.358857353724446 ], [ -81.442520987124837, 28.35890210110216 ], [ -81.442470620253829, 28.358895185615854 ], [ -81.442462851610316, 28.358939932984939 ], [ -81.442362117840943, 28.358926101935118 ], [ -81.442354349137119, 28.358970849292621 ], [ -81.442303982238769, 28.358963933729086 ], [ -81.442296213500711, 28.35900868107797 ], [ -81.442195479676656, 28.358994849873621 ], [ -81.442187710878301, 28.35903959721098 ], [ -81.442137343952609, 28.359032681570135 ], [ -81.442129575119992, 28.359077428898889 ], [ -81.442028841241267, 28.359063597539869 ], [ -81.442044379002397, 28.358974102887981 ], [ -81.441994012127481, 28.358967187178397 ], [ -81.442009549907752, 28.358877692509036 ], [ -81.441959183093147, 28.358870776781291 ], [ -81.441951414181077, 28.358915524116014 ], [ -81.441901047348665, 28.358908608361514 ], [ -81.4418855094478, 28.358998103007885 ], [ -81.441835142571563, 28.35899118722384 ], [ -81.441819604585731, 28.359080681841348 ], [ -81.441869971514024, 28.35908759763111 ], [ -81.441862202534793, 28.359132344934046 ], [ -81.441711101696526, 28.359111597484599 ], [ -81.44171887075386, 28.35906685019021 ], [ -81.441668503850295, 28.359059934328876 ], [ -81.441738425230284, 28.358657208445031 ], [ -81.441788791899569, 28.358664124280651 ], [ -81.441819867750411, 28.358485134837117 ], [ -81.441870234323815, 28.358492050637452 ], [ -81.441862465399481, 28.358536798009915 ], [ -81.441912832007148, 28.35854371378927 ], [ -81.441889525262852, 28.358677955880392 ], [ -81.441939891956864, 28.35868487164446 ], [ -81.441932123051672, 28.358729618999416 ] ] ], [ [ [ -81.442858018574029, 28.359040003615704 ], [ -81.442807651593256, 28.359033088290815 ], [ -81.442823188524059, 28.358943593518507 ], [ -81.442873555452778, 28.358950508837747 ], [ -81.442858018574029, 28.359040003615704 ] ] ], [ [ [ -81.44279211462954, 28.359122583039909 ], [ -81.442741747604927, 28.359115667685387 ], [ -81.442757284620725, 28.359026172941988 ], [ -81.442807651593256, 28.359033088290815 ], [ -81.44279211462954, 28.359122583039909 ] ] ], [ [ [ -81.44269138058857, 28.359108752307058 ], [ -81.442741747604927, 28.359115667685387 ], [ -81.442726210556259, 28.35920516240569 ], [ -81.44267584348782, 28.359198247021627 ], [ -81.44269138058857, 28.359108752307058 ] ] ], [ [ [ -81.444136491818654, 28.359398783470763 ], [ -81.444128724010881, 28.359443530902141 ], [ -81.444078356685637, 28.359436616183398 ], [ -81.444086124519444, 28.359391868754884 ], [ -81.444136491818654, 28.359398783470763 ] ] ], [ [ [ -81.442660306354171, 28.359287741713022 ], [ -81.442609939241933, 28.359280826299411 ], [ -81.442625476427651, 28.359191331613701 ], [ -81.44267584348782, 28.359198247021627 ], [ -81.442660306354171, 28.359287741713022 ] ] ], [ [ [ -81.442350335068951, 28.359290996193128 ], [ -81.442299967980148, 28.359284080633479 ], [ -81.44230773674154, 28.359239333316427 ], [ -81.442358103804324, 28.359246248873259 ], [ -81.442350335068951, 28.359290996193128 ] ] ], [ [ [ -81.442551803506689, 28.35931865819321 ], [ -81.442559572137924, 28.359273910861909 ], [ -81.442609939241933, 28.359280826299411 ], [ -81.442594402023303, 28.359370320961951 ], [ -81.442544034867225, 28.359363405518728 ], [ -81.442536266219548, 28.359408152838515 ], [ -81.442485899045693, 28.359401237368559 ], [ -81.442501436384887, 28.359311742728995 ], [ -81.442551803506689, 28.35931865819321 ] ] ], [ [ [ -81.442299967980148, 28.359284080633479 ], [ -81.442292199210527, 28.359328827944726 ], [ -81.442241832103903, 28.3593219123583 ], [ -81.442249600899558, 28.3592771650499 ], [ -81.442299967980148, 28.359284080633479 ] ] ], [ [ [ -81.442191465005536, 28.359314996748029 ], [ -81.442183696175633, 28.359359744047833 ], [ -81.442133329059459, 28.359352828410856 ], [ -81.442141097915396, 28.359308081113959 ], [ -81.442191465005536, 28.359314996748029 ] ] ], [ [ [ -81.442075193061342, 28.359390660038283 ], [ -81.442024825935633, 28.35938374435073 ], [ -81.442032594851867, 28.359338997065318 ], [ -81.442082961951542, 28.359345912750051 ], [ -81.442075193061342, 28.359390660038283 ] ] ], [ [ [ -81.443880647115193, 28.359684356282312 ], [ -81.443830279666727, 28.359677441451026 ], [ -81.443845815633082, 28.359587946680453 ], [ -81.443946550434134, 28.359601776307766 ], [ -81.443938782507132, 28.359646523701674 ], [ -81.443888415076458, 28.359639608897066 ], [ -81.443880647115193, 28.359684356282312 ] ] ], [ [ [ -81.442485899045693, 28.359401237368559 ], [ -81.442470361673571, 28.359490731985009 ], [ -81.442419994455889, 28.359483816485469 ], [ -81.442435531880065, 28.359394321874767 ], [ -81.442485899045693, 28.359401237368559 ] ] ], [ [ [ -81.442024825935633, 28.35938374435073 ], [ -81.442017057011171, 28.359428491630336 ], [ -81.441966689867684, 28.359421575916077 ], [ -81.441974458818166, 28.359376828639309 ], [ -81.442024825935633, 28.35938374435073 ] ] ], [ [ [ -81.441916322732425, 28.359414660177915 ], [ -81.44190855374768, 28.359459407446046 ], [ -81.441858186594629, 28.359452491681218 ], [ -81.441865955605422, 28.359407744415925 ], [ -81.441916322732425, 28.359414660177915 ] ] ], [ [ [ -81.442404456998815, 28.359573311073049 ], [ -81.442354089737307, 28.359566395544029 ], [ -81.44236962724645, 28.359476900962143 ], [ -81.442419994455889, 28.359483816485469 ], [ -81.442404456998815, 28.359573311073049 ] ] ], [ [ [ -81.44114527793414, 28.359400415686942 ], [ -81.441094910878718, 28.359393499561264 ], [ -81.441102680288211, 28.359348752344609 ], [ -81.441153047317599, 28.359355668467423 ], [ -81.44114527793414, 28.359400415686942 ] ] ], [ [ [ -81.441807819449835, 28.359445575892465 ], [ -81.441800050404794, 28.359490323149128 ], [ -81.441749683242207, 28.359483407333659 ], [ -81.441757452313283, 28.359438660079874 ], [ -81.441807819449835, 28.359445575892465 ] ] ], [ [ [ -81.441699316087863, 28.359476491494362 ], [ -81.441691546982526, 28.359521238739511 ], [ -81.441641179810389, 28.35951432287349 ], [ -81.441648948941761, 28.359469575631199 ], [ -81.441699316087863, 28.359476491494362 ] ] ], [ [ [ -81.441094910878718, 28.359393499561264 ], [ -81.441087141460997, 28.35943824677215 ], [ -81.441036774387783, 28.359431330619771 ], [ -81.441044543831538, 28.359386583411702 ], [ -81.441094910878718, 28.359393499561264 ] ] ], [ [ [ -81.442338552195253, 28.359655890102736 ], [ -81.442288184889918, 28.359648974544076 ], [ -81.442303722484041, 28.359559479991052 ], [ -81.442354089737307, 28.359566395544029 ], [ -81.442338552195253, 28.359655890102736 ] ] ], [ [ [ -81.441583043480875, 28.359552154217244 ], [ -81.441532676299204, 28.359545238300637 ], [ -81.441540445490858, 28.359500491069834 ], [ -81.44159081264651, 28.359507406983575 ], [ -81.441583043480875, 28.359552154217244 ] ] ], [ [ [ -81.4410290049358, 28.35947607782197 ], [ -81.440978637844793, 28.359469161642878 ], [ -81.440986407322811, 28.359424414443492 ], [ -81.441036774387783, 28.359431330619771 ], [ -81.4410290049358, 28.35947607782197 ] ] ], [ [ [ -81.440928270762043, 28.359462245439911 ], [ -81.440978637844793, 28.359469161642878 ], [ -81.440970868358548, 28.359513908836487 ], [ -81.440920501249764, 28.35950699263066 ], [ -81.440928270762043, 28.359462245439911 ] ] ], [ [ [ -81.441532676299204, 28.359545238300637 ], [ -81.441524907099321, 28.359589985525623 ], [ -81.441474539899843, 28.3595830695823 ], [ -81.44148230912576, 28.359538322360155 ], [ -81.441532676299204, 28.359545238300637 ] ] ], [ [ [ -81.443597737507304, 28.359828771313179 ], [ -81.443698472554829, 28.35984260116571 ], [ -81.44370624062708, 28.359797853812189 ], [ -81.443756608137164, 28.359804768699771 ], [ -81.443748840090947, 28.35984951605618 ], [ -81.443799207635323, 28.359856430922772 ], [ -81.443791439606898, 28.35990117827625 ], [ -81.443640336920438, 28.359880433596292 ], [ -81.443632568805683, 28.359925180935424 ], [ -81.443582201233994, 28.359918265991507 ], [ -81.443597737507304, 28.359828771313179 ] ] ], [ [ [ -81.442272647262897, 28.359738469073953 ], [ -81.44222227991375, 28.359731553485691 ], [ -81.44223781759284, 28.359642058961555 ], [ -81.442288184889918, 28.359648974544076 ], [ -81.442272647262897, 28.359738469073953 ] ] ], [ [ [ -81.441474539899843, 28.3595830695823 ], [ -81.441466770665699, 28.359627816798664 ], [ -81.44136603623943, 28.35961398483472 ], [ -81.441373805525629, 28.359569237624061 ], [ -81.441474539899843, 28.3595830695823 ] ] ], [ [ [ -81.440920501249764, 28.35950699263066 ], [ -81.44091273172927, 28.359551739815608 ], [ -81.440862364602694, 28.359544823583079 ], [ -81.440870134149236, 28.359500076400945 ], [ -81.440920501249764, 28.35950699263066 ] ] ], [ [ [ -81.440862364602694, 28.359544823583079 ], [ -81.440854595047924, 28.359589570759397 ], [ -81.440804227903556, 28.35958265450013 ], [ -81.44081199748436, 28.359537907326658 ], [ -81.440862364602694, 28.359544823583079 ] ] ], [ [ [ -81.441358266945002, 28.359658732039588 ], [ -81.441307899718183, 28.359651816018971 ], [ -81.441315669038659, 28.359607068816942 ], [ -81.44136603623943, 28.35961398483472 ], [ -81.441358266945002, 28.359658732039588 ] ] ], [ [ [ -81.442206742201734, 28.359821047986745 ], [ -81.442156374808775, 28.359814132368939 ], [ -81.442171912572846, 28.359724637873633 ], [ -81.44222227991375, 28.359731553485691 ], [ -81.442206742201734, 28.359821047986745 ] ] ], [ [ [ -81.441300130389479, 28.359696563215206 ], [ -81.441249763144896, 28.359689647167858 ], [ -81.441257532499634, 28.359644899974445 ], [ -81.441307899718183, 28.359651816018971 ], [ -81.441300130389479, 28.359696563215206 ] ] ], [ [ [ -81.441199395908555, 28.359682731096626 ], [ -81.441249763144896, 28.359689647167858 ], [ -81.441241993781944, 28.359734394355431 ], [ -81.441191626519569, 28.359727478281364 ], [ -81.441199395908555, 28.359682731096626 ] ] ], [ [ [ -81.441904537967559, 28.35977955392201 ], [ -81.441896768943025, 28.359824301146737 ], [ -81.4418464015735, 28.359817385382875 ], [ -81.441854170624069, 28.359772638161015 ], [ -81.441904537967559, 28.35977955392201 ] ] ], [ [ [ -81.442140837011806, 28.359903626841167 ], [ -81.442090469575007, 28.35989671119378 ], [ -81.442106007424044, 28.35980721672729 ], [ -81.442156374808775, 28.359814132368939 ], [ -81.442140837011806, 28.359903626841167 ] ] ], [ [ [ -81.441133489842173, 28.359765309359506 ], [ -81.441083122570248, 28.359758393234863 ], [ -81.441090892019531, 28.359713646061635 ], [ -81.441141259265422, 28.359720562183433 ], [ -81.441133489842173, 28.359765309359506 ] ] ], [ [ [ -81.4418464015735, 28.359817385382875 ], [ -81.441838632514703, 28.359862132598966 ], [ -81.441788265127371, 28.359855216808381 ], [ -81.441796034212189, 28.359810469595171 ], [ -81.4418464015735, 28.359817385382875 ] ] ], [ [ [ -81.441083122570248, 28.359758393234863 ], [ -81.441075353112737, 28.359803140402345 ], [ -81.44102498582302, 28.359796224250953 ], [ -81.441032755306566, 28.359751477086348 ], [ -81.441083122570248, 28.359758393234863 ] ] ], [ [ [ -81.442090469575007, 28.35989671119378 ], [ -81.442074931693071, 28.359986205637089 ], [ -81.442024564212446, 28.359979289960169 ], [ -81.442040102146464, 28.35988979552252 ], [ -81.442090469575007, 28.35989671119378 ] ] ], [ [ [ -81.441671992078966, 28.359930879553357 ], [ -81.441621624664279, 28.359923963685496 ], [ -81.441629393843655, 28.359879216492416 ], [ -81.441679761232294, 28.359886132357413 ], [ -81.441671992078966, 28.359930879553357 ] ] ], [ [ [ -81.441017216331247, 28.359840971409785 ], [ -81.440966849023752, 28.359834055231694 ], [ -81.44097461854156, 28.359789308075747 ], [ -81.44102498582302, 28.359796224250953 ], [ -81.441017216331247, 28.359840971409785 ] ] ], [ [ [ -81.442024564212446, 28.359979289960169 ], [ -81.442016795233101, 28.360024037170295 ], [ -81.441966427734698, 28.360017121466633 ], [ -81.441974196740077, 28.359972374259343 ], [ -81.442024564212446, 28.359979289960169 ] ] ], [ [ [ -81.440966849023752, 28.359834055231694 ], [ -81.44095907949773, 28.359878802381889 ], [ -81.440908712172444, 28.359871886177075 ], [ -81.4409164817245, 28.359827139029726 ], [ -81.440966849023752, 28.359834055231694 ] ] ], [ [ [ -81.441513120620002, 28.359954879059778 ], [ -81.441520889859675, 28.359910131878166 ], [ -81.441621624664279, 28.359923963685496 ], [ -81.441613855476689, 28.359968710872774 ], [ -81.441563488044224, 28.359961794978201 ], [ -81.441555718822357, 28.360006542156853 ], [ -81.441454983930115, 28.359992710290388 ], [ -81.441462753204036, 28.35994796311742 ], [ -81.441513120620002, 28.359954879059778 ] ] ], [ [ [ -81.44079243831365, 28.35994754796171 ], [ -81.440742070961036, 28.359940631679603 ], [ -81.440749840607637, 28.359895884552419 ], [ -81.440800207934245, 28.359902800831673 ], [ -81.44079243831365, 28.35994754796171 ] ] ], [ [ [ -81.441950889699257, 28.360106615863881 ], [ -81.441900522157042, 28.360099700130604 ], [ -81.441908291204911, 28.360054952937755 ], [ -81.441958658721092, 28.360061868668119 ], [ -81.441950889699257, 28.360106615863881 ] ] ], [ [ [ -81.441447214647951, 28.360037457457583 ], [ -81.441396847188145, 28.360030541485703 ], [ -81.441404616496342, 28.359985794321364 ], [ -81.441454983930115, 28.359992710290388 ], [ -81.441447214647951, 28.360037457457583 ] ] ], [ [ [ -81.440734301306179, 28.35998537880101 ], [ -81.440683933935773, 28.359978462492215 ], [ -81.440691703616636, 28.359933715373639 ], [ -81.440742070961036, 28.359940631679603 ], [ -81.440734301306179, 28.35998537880101 ] ] ], [ [ [ -81.441389077871733, 28.360075288644161 ], [ -81.441288342924807, 28.360061456623153 ], [ -81.441296112293301, 28.360016709470333 ], [ -81.441396847188145, 28.360030541485703 ], [ -81.441389077871733, 28.360075288644161 ] ] ], [ [ [ -81.44365562289461, 28.36038648388184 ], [ -81.443647854741442, 28.360431231163052 ], [ -81.443597486866892, 28.360424316235459 ], [ -81.443605255046094, 28.360379568957121 ], [ -81.44365562289461, 28.36038648388184 ] ] ], [ [ [ -81.440676164246668, 28.36002320960494 ], [ -81.440625796858455, 28.360016293269418 ], [ -81.440633566573595, 28.35997154615951 ], [ -81.440683933935773, 28.359978462492215 ], [ -81.440676164246668, 28.36002320960494 ] ] ], [ [ [ -81.441884984036619, 28.360189194498968 ], [ -81.441834616450578, 28.360182278736158 ], [ -81.441842385540923, 28.360137531557701 ], [ -81.441892753100944, 28.360144447317662 ], [ -81.441884984036619, 28.360189194498968 ] ] ], [ [ [ -81.441288342924807, 28.360061456623153 ], [ -81.441280573548099, 28.360106203770151 ], [ -81.441230206060979, 28.36009928772101 ], [ -81.441237975463721, 28.360054540576815 ], [ -81.441288342924807, 28.360061456623153 ] ] ], [ [ [ -81.440625796858455, 28.360016293269418 ], [ -81.440618027135102, 28.360061040373505 ], [ -81.440517292331378, 28.360047207625115 ], [ -81.440525062106786, 28.360002460526733 ], [ -81.440625796858455, 28.360016293269418 ] ] ], [ [ [ -81.441222436650008, 28.360144034859353 ], [ -81.441172069145097, 28.360137118783488 ], [ -81.441179838582102, 28.360092371647958 ], [ -81.441230206060979, 28.36009928772101 ], [ -81.441222436650008, 28.360144034859353 ] ] ], [ [ [ -81.441819078245189, 28.36027177307561 ], [ -81.441768710615321, 28.360264857283241 ], [ -81.441776479748142, 28.360220110119261 ], [ -81.44182684735199, 28.360227025908774 ], [ -81.441819078245189, 28.36027177307561 ] ] ], [ [ [ -81.441071334159986, 28.360123286560043 ], [ -81.441172069145097, 28.360137118783488 ], [ -81.441164299699864, 28.360181865913198 ], [ -81.441113932177146, 28.360174949810567 ], [ -81.44110616269765, 28.360219696931686 ], [ -81.441005427624916, 28.360205864649167 ], [ -81.441013197156479, 28.360161117533735 ], [ -81.441063564662684, 28.360168033684094 ], [ -81.441071334159986, 28.360123286560043 ] ] ], [ [ [ -81.441005427624916, 28.360205864649167 ], [ -81.440997658085124, 28.360250611758783 ], [ -81.440947290535092, 28.360243695578838 ], [ -81.440955060100919, 28.360198948472096 ], [ -81.441005427624916, 28.360205864649167 ] ] ], [ [ [ -81.441760941474243, 28.360309604441515 ], [ -81.441753172324951, 28.360354351593902 ], [ -81.441702804651257, 28.360347435771946 ], [ -81.441710573826583, 28.360302688622394 ], [ -81.441760941474243, 28.360309604441515 ] ] ], [ [ [ -81.440939520961052, 28.360288442679817 ], [ -81.440889153393215, 28.360281526473166 ], [ -81.440896922993289, 28.360236779375043 ], [ -81.440947290535092, 28.360243695578838 ], [ -81.440939520961052, 28.360288442679817 ] ] ], [ [ [ -81.44168726627592, 28.36043693005379 ], [ -81.4416368985584, 28.360430014202219 ], [ -81.441652436985819, 28.360340519926144 ], [ -81.441702804651257, 28.360347435771946 ], [ -81.44168726627592, 28.36043693005379 ] ] ], [ [ [ -81.440788418282295, 28.360267693988288 ], [ -81.440889153393215, 28.360281526473166 ], [ -81.440881383784912, 28.360326273565494 ], [ -81.440831016199297, 28.360319357332145 ], [ -81.440823246556732, 28.360364104415844 ], [ -81.440722511358175, 28.360350271871809 ], [ -81.440730281052808, 28.360305524793819 ], [ -81.440780648621924, 28.36031244107491 ], [ -81.440788418282295, 28.360267693988288 ] ] ], [ [ [ -81.4416368985584, 28.360430014202219 ], [ -81.44162912933237, 28.360474761331581 ], [ -81.441578761597071, 28.360467845453329 ], [ -81.441586530849136, 28.360423098326809 ], [ -81.4416368985584, 28.360430014202219 ] ] ], [ [ [ -81.440722511358175, 28.360350271871809 ], [ -81.440714741655313, 28.360395018944008 ], [ -81.440664374042356, 28.360388102633351 ], [ -81.440672143771252, 28.360343355563998 ], [ -81.440722511358175, 28.360350271871809 ] ] ], [ [ [ -81.441326923044187, 28.360433265704099 ], [ -81.441319153653723, 28.360478012810564 ], [ -81.441268785941858, 28.360471096786281 ], [ -81.441276555358357, 28.360426349682669 ], [ -81.441326923044187, 28.360433265704099 ] ] ], [ [ [ -81.441563223068229, 28.360557339688988 ], [ -81.441512855289119, 28.360550423781191 ], [ -81.441520624583674, 28.360505676669089 ], [ -81.441570992336764, 28.360512592574061 ], [ -81.441563223068229, 28.360557339688988 ] ] ], [ [ [ -81.440656604305232, 28.360432849696902 ], [ -81.440606236674498, 28.360425933359501 ], [ -81.440614006437656, 28.360381186298817 ], [ -81.440664374042356, 28.360388102633351 ], [ -81.440656604305232, 28.360432849696902 ] ] ], [ [ [ -81.441268785941858, 28.360471096786281 ], [ -81.441261016517132, 28.360515843884052 ], [ -81.441210648787461, 28.360508927833092 ], [ -81.441218418238208, 28.360464180738109 ], [ -81.441268785941858, 28.360471096786281 ] ] ], [ [ [ -81.440606236674498, 28.360425933359501 ], [ -81.440598466903126, 28.360470680414419 ], [ -81.440497731614315, 28.360456847662338 ], [ -81.440505501437769, 28.360412100613132 ], [ -81.440606236674498, 28.360425933359501 ] ] ], [ [ [ -81.441202879328486, 28.360553674922251 ], [ -81.441152511581024, 28.360546758844499 ], [ -81.441160281066047, 28.360502011758168 ], [ -81.441210648787461, 28.360508927833092 ], [ -81.441202879328486, 28.360553674922251 ] ] ], [ [ [ -81.440489961782632, 28.360501594705777 ], [ -81.44043959412457, 28.360494678291076 ], [ -81.440447363982287, 28.360449931250496 ], [ -81.440497731614315, 28.360456847662338 ], [ -81.440489961782632, 28.360501594705777 ] ] ], [ [ [ -81.441144742087772, 28.360591505925047 ], [ -81.441044006565534, 28.36057767369228 ], [ -81.441051776110839, 28.360532926617459 ], [ -81.441152511581024, 28.360546758844499 ], [ -81.441144742087772, 28.360591505925047 ] ] ], [ [ [ -81.441505085986321, 28.360595170887496 ], [ -81.441497316675296, 28.360639917988046 ], [ -81.441446948852345, 28.360633002050626 ], [ -81.441454718189405, 28.36058825495294 ], [ -81.441505085986321, 28.360595170887496 ] ] ], [ [ [ -81.441044006565534, 28.36057767369228 ], [ -81.441036237012, 28.360622420761317 ], [ -81.440985869237196, 28.360615504606304 ], [ -81.440993638816778, 28.360570757540117 ], [ -81.441044006565534, 28.36057767369228 ] ] ], [ [ [ -81.440985869237196, 28.360615504606304 ], [ -81.440978099649399, 28.360660251666658 ], [ -81.440927731856831, 28.360653335484947 ], [ -81.440935501470662, 28.360608588427386 ], [ -81.440985869237196, 28.360615504606304 ] ] ], [ [ [ -81.441381042286793, 28.360715580261605 ], [ -81.441388811666343, 28.360670833178361 ], [ -81.441439179507071, 28.3606777491425 ], [ -81.441431410153569, 28.360722496228586 ], [ -81.441381042286793, 28.360715580261605 ] ] ], [ [ [ -81.441381042286793, 28.360715580261605 ], [ -81.441373272899042, 28.360760327339065 ], [ -81.441322905014474, 28.360753411345375 ], [ -81.441330674428272, 28.360708664270788 ], [ -81.441381042286793, 28.360715580261605 ] ] ], [ [ [ -81.440927731856831, 28.360653335484947 ], [ -81.440919962234759, 28.360698082536693 ], [ -81.440869594424399, 28.360691166328198 ], [ -81.440877364072492, 28.360646419279284 ], [ -81.440927731856831, 28.360653335484947 ] ] ], [ [ [ -81.441315135592447, 28.360798158414191 ], [ -81.441307366162192, 28.36084290547722 ], [ -81.441256998233811, 28.360835989453985 ], [ -81.4412647676901, 28.360791242393777 ], [ -81.441315135592447, 28.360798158414191 ] ] ], [ [ [ -81.441256998233811, 28.360835989453985 ], [ -81.441249228769308, 28.360880736508332 ], [ -81.441198860823135, 28.360873820458337 ], [ -81.441206630313673, 28.360829073406812 ], [ -81.441256998233811, 28.360835989453985 ] ] ], [ [ [ -81.440838515749746, 28.360870154465999 ], [ -81.440788147843492, 28.360863238222226 ], [ -81.440803687249343, 28.360773744170647 ], [ -81.440904422965957, 28.360787576622847 ], [ -81.440896653319214, 28.360832323657267 ], [ -81.440846285430752, 28.360825407440217 ], [ -81.440838515749746, 28.360870154465999 ] ] ], [ [ [ -81.440637044174181, 28.360842489347739 ], [ -81.44058667630091, 28.360835573008554 ], [ -81.440594446112087, 28.360790825997061 ], [ -81.440644813959338, 28.360797742333396 ], [ -81.440637044174181, 28.360842489347739 ] ] ], [ [ [ -81.440788147843492, 28.360863238222226 ], [ -81.440780378128224, 28.360907985239358 ], [ -81.440730010204177, 28.360901068968893 ], [ -81.440737779945479, 28.360856321954635 ], [ -81.440788147843492, 28.360863238222226 ] ] ], [ [ [ -81.44058667630091, 28.360835573008554 ], [ -81.440578906481505, 28.360880320014264 ], [ -81.440528538590442, 28.360873403648309 ], [ -81.440536308435867, 28.360828656645484 ], [ -81.44058667630091, 28.360835573008554 ] ] ], [ [ [ -81.441183321817348, 28.360963314544055 ], [ -81.441132953827349, 28.360956398464495 ], [ -81.441140723360391, 28.360911651427404 ], [ -81.441191091324356, 28.360918567504111 ], [ -81.441183321817348, 28.360963314544055 ] ] ], [ [ [ -81.440520768736789, 28.360918150645364 ], [ -81.44047040082792, 28.360911234252729 ], [ -81.440478170707621, 28.360866487258519 ], [ -81.440528538590442, 28.360873403648309 ], [ -81.440520768736789, 28.360918150645364 ] ] ], [ [ [ -81.44111741473661, 28.361045892521396 ], [ -81.441067046702784, 28.361038976412246 ], [ -81.441082585845606, 28.360949482361075 ], [ -81.441132953827349, 28.360956398464495 ], [ -81.44111741473661, 28.361045892521396 ] ] ], [ [ [ -81.440462630940004, 28.360955981241162 ], [ -81.440412263013371, 28.360949064821813 ], [ -81.440420032927321, 28.360904317836226 ], [ -81.44047040082792, 28.360911234252729 ], [ -81.440462630940004, 28.360955981241162 ] ] ], [ [ [ -81.440311527184804, 28.360935231911455 ], [ -81.440412263013371, 28.360949064821813 ], [ -81.440404493091194, 28.36099381180156 ], [ -81.440303757210572, 28.360979978885528 ], [ -81.440311527184804, 28.360935231911455 ] ] ], [ [ [ -81.441067046702784, 28.361038976412246 ], [ -81.441059277119038, 28.361083723429154 ], [ -81.441008909067421, 28.361076807293273 ], [ -81.441016678677215, 28.361032060279257 ], [ -81.441067046702784, 28.361038976412246 ] ] ], [ [ [ -81.440598195125091, 28.361066224332731 ], [ -81.440547827121634, 28.36105930797925 ], [ -81.440555596973951, 28.361014560996676 ], [ -81.440605964951359, 28.361021477347318 ], [ -81.440598195125091, 28.361066224332731 ] ] ], [ [ [ -81.440993369823175, 28.361166301304063 ], [ -81.440943001727746, 28.361159385138599 ], [ -81.440950771380017, 28.361114638138961 ], [ -81.441001139449426, 28.361121554301565 ], [ -81.440993369823175, 28.361166301304063 ] ] ], [ [ [ -81.442051101731508, 28.361311535265532 ], [ -81.442035563547762, 28.361401029373042 ], [ -81.44193482691476, 28.361387198009172 ], [ -81.44194259606283, 28.361342450964052 ], [ -81.441992964349168, 28.36134936665502 ], [ -81.442000733462962, 28.361304619601238 ], [ -81.442051101731508, 28.361311535265532 ] ] ], [ [ [ -81.440943001727746, 28.361159385138599 ], [ -81.44092746239852, 28.361248879120513 ], [ -81.440877094259264, 28.361241962925526 ], [ -81.440892633640559, 28.361152468949317 ], [ -81.440943001727746, 28.361159385138599 ] ] ], [ [ [ -81.440877094259264, 28.361241962925526 ], [ -81.440869324556274, 28.361286709904888 ], [ -81.440818956399227, 28.361279793683206 ], [ -81.440826726128265, 28.361235046706639 ], [ -81.440877094259264, 28.361241962925526 ] ] ], [ [ [ -81.440710450320566, 28.361310708133196 ], [ -81.440718220109886, 28.361265961168133 ], [ -81.440768588250435, 28.361272877437603 ], [ -81.440760818487163, 28.361317624405505 ], [ -81.440710450320566, 28.361310708133196 ] ] ], [ [ [ -81.440710450320566, 28.361310708133196 ], [ -81.440702680523032, 28.361355455092486 ], [ -81.440652312338642, 28.361348538793496 ], [ -81.440660082162225, 28.361303791837013 ], [ -81.440710450320566, 28.361310708133196 ] ] ], [ [ [ -81.440594174304678, 28.361386369418359 ], [ -81.440543806110767, 28.361379453068743 ], [ -81.440551575994633, 28.361334706123813 ], [ -81.440601944162523, 28.361341622470565 ], [ -81.440594174304678, 28.361386369418359 ] ] ], [ [ [ -81.440493437925085, 28.361372536695225 ], [ -81.440543806110767, 28.361379453068743 ], [ -81.44053603621866, 28.361424200007878 ], [ -81.440485668006943, 28.361417283631564 ], [ -81.440493437925085, 28.361372536695225 ] ] ], [ [ [ -81.440477898080587, 28.361462030562048 ], [ -81.440427529851092, 28.361455114159003 ], [ -81.440435299803482, 28.361410367231354 ], [ -81.440485668006943, 28.361417283631564 ], [ -81.440477898080587, 28.361462030562048 ] ] ], [ [ [ -81.440369391643173, 28.361492944651125 ], [ -81.44037716162984, 28.361448197732074 ], [ -81.440427529851092, 28.361455114159003 ], [ -81.44041975989046, 28.36149986108088 ], [ -81.440369391643173, 28.361492944651125 ] ] ], [ [ [ -81.440369391643173, 28.361492944651125 ], [ -81.440361621648293, 28.361537691564294 ], [ -81.440311253383214, 28.36153077510782 ], [ -81.440319023404143, 28.361486028197472 ], [ -81.440369391643173, 28.361492944651125 ] ] ], [ [ [ -81.440311253383214, 28.36153077510782 ], [ -81.440303483354072, 28.361575522012416 ], [ -81.440253115071215, 28.361568605529186 ], [ -81.440260885126392, 28.361523858627464 ], [ -81.440311253383214, 28.36153077510782 ] ] ], [ [ [ -81.441663430107724, 28.361762258038485 ], [ -81.44165566077325, 28.36180700501437 ], [ -81.441605292241761, 28.361800089172668 ], [ -81.441613061602268, 28.361755342199583 ], [ -81.441663430107724, 28.361762258038485 ] ] ], [ [ [ -81.44055532489206, 28.361610104070525 ], [ -81.44054755498486, 28.361654850983619 ], [ -81.44049718663473, 28.361647934616837 ], [ -81.440504956567978, 28.361603187706638 ], [ -81.44055532489206, 28.361610104070525 ] ] ], [ [ [ -81.441372740257407, 28.361951413355733 ], [ -81.44132237166302, 28.36194449738327 ], [ -81.441337910701961, 28.361855003506221 ], [ -81.441388279244293, 28.36186191947295 ], [ -81.441372740257407, 28.361951413355733 ] ] ], [ [ [ -81.441306832591181, 28.362033991237162 ], [ -81.441256463952939, 28.362027075235098 ], [ -81.441264233519007, 28.361982328313911 ], [ -81.4413146021312, 28.361989244313111 ], [ -81.441306832591181, 28.362033991237162 ] ] ], [ [ [ -81.440298913609681, 28.363086749148241 ], [ -81.44029114343094, 28.363131495870434 ], [ -81.440240774221692, 28.363124579409465 ], [ -81.440248544426467, 28.363079832690094 ], [ -81.440298913609681, 28.363086749148241 ] ] ], [ [ [ -81.44015932401517, 28.363296649732767 ], [ -81.440136013174623, 28.363430889778204 ], [ -81.44008564379962, 28.363423973249514 ], [ -81.440108954718283, 28.363289733212671 ], [ -81.44015932401517, 28.363296649732767 ] ] ], [ [ [ -81.440070103146041, 28.363513466578446 ], [ -81.440062332806917, 28.363558213234267 ], [ -81.440011963362082, 28.363551296673126 ], [ -81.44001973372724, 28.36350655002018 ], [ -81.440070103146041, 28.363513466578446 ] ] ], [ [ [ -81.443564908834048, 28.364176553741718 ], [ -81.443514538734036, 28.364169638842583 ], [ -81.443522307301421, 28.364124892007055 ], [ -81.443572677375428, 28.36413180690338 ], [ -81.443564908834048, 28.364176553741718 ] ] ], [ [ [ -81.440127692671183, 28.364666714029056 ], [ -81.440077322560256, 28.364659797518737 ], [ -81.440092863417007, 28.364570304456073 ], [ -81.440143233475851, 28.364577220960701 ], [ -81.440127692671183, 28.364666714029056 ] ] ], [ [ [ -81.440433662160373, 28.364983608119488 ], [ -81.440425891878576, 28.365028354630297 ], [ -81.440375521527699, 28.365021438267036 ], [ -81.440383291835531, 28.364976691759033 ], [ -81.440433662160373, 28.364983608119488 ] ] ], [ [ [ -81.444238526037225, 28.365643421848478 ], [ -81.444230757709477, 28.36568816855894 ], [ -81.44418038665394, 28.36568125400084 ], [ -81.444188155007723, 28.365636507293218 ], [ -81.444238526037225, 28.365643421848478 ] ] ], [ [ [ -81.443207800443403, 28.365639366152092 ], [ -81.443200031570242, 28.365684112788081 ], [ -81.443149660601463, 28.365677197744127 ], [ -81.443157429500673, 28.365632451110962 ], [ -81.443207800443403, 28.365639366152092 ] ] ], [ [ [ -81.44394006010117, 28.36587732892405 ], [ -81.443889688956659, 28.365870414232358 ], [ -81.443897457481768, 28.365825667567925 ], [ -81.443947828600244, 28.365832582256772 ], [ -81.44394006010117, 28.36587732892405 ] ] ], [ [ [ -81.440789193148618, 28.367094023720224 ], [ -81.440738821536726, 28.367087107565428 ], [ -81.440746591842128, 28.367042361271896 ], [ -81.440796963427985, 28.367049277423892 ], [ -81.440789193148618, 28.367094023720224 ] ] ], [ [ [ -81.443143364495981, 28.371357123932068 ], [ -81.443135595062998, 28.371401869896836 ], [ -81.44308522069106, 28.371394954925499 ], [ -81.443092990150078, 28.371350208963587 ], [ -81.443143364495981, 28.371357123932068 ] ] ], [ [ [ -81.443313026557192, 28.373350344799761 ], [ -81.443305257030786, 28.373395090544555 ], [ -81.443254881456653, 28.373388175689083 ], [ -81.443262651009107, 28.373343429947106 ], [ -81.443313026557192, 28.373350344799761 ] ] ], [ [ [ -81.443216033570977, 28.373611904312437 ], [ -81.443208263969154, 28.37365665001974 ], [ -81.443157888247001, 28.373649735123262 ], [ -81.443165657874886, 28.373604989418798 ], [ -81.443216033570977, 28.373611904312437 ] ] ], [ [ [ -81.442018543560835, 28.373676583871237 ], [ -81.441968167924188, 28.373669668414383 ], [ -81.441975938183916, 28.373624922798708 ], [ -81.442026313794528, 28.373631838252706 ], [ -81.442018543560835, 28.373676583871237 ] ] ], [ [ [ -81.440053899841999, 28.373406863369194 ], [ -81.440003524526958, 28.37339994698155 ], [ -81.440011295802279, 28.373355201477292 ], [ -81.440061671091286, 28.373362117862055 ], [ -81.440053899841999, 28.373406863369194 ] ] ], [ [ [ -81.442068919205724, 28.373683499304157 ], [ -81.44206114898985, 28.373728244919768 ], [ -81.442010773318913, 28.373721329483978 ], [ -81.442018543560835, 28.373676583871237 ], [ -81.442068919205724, 28.373683499304157 ] ] ], [ [ [ -81.440929573718378, 28.373710336441874 ], [ -81.440921802896696, 28.373755081971513 ], [ -81.440871427303009, 28.373748165999192 ], [ -81.440879198150739, 28.373703420472435 ], [ -81.440929573718378, 28.373710336441874 ] ] ], [ [ [ -81.440526569408163, 28.373655008017892 ], [ -81.440518798378122, 28.373699753524662 ], [ -81.440317296316763, 28.373672088728419 ], [ -81.440325067450956, 28.3736273432331 ], [ -81.440526569408163, 28.373655008017892 ] ] ], [ [ [ -81.440087296127118, 28.359850717840516 ], [ -81.44018803062626, 28.359864551001369 ], [ -81.440203570483988, 28.359775056804018 ], [ -81.440304304911976, 28.359788889857938 ], [ -81.440312074776415, 28.359744142744908 ], [ -81.44036244197676, 28.359751059233204 ], [ -81.440370211806936, 28.359706312111559 ], [ -81.44047094618027, 28.359720145010876 ], [ -81.440478715950164, 28.359675397877648 ], [ -81.440529083123167, 28.359682314288666 ], [ -81.440536852858813, 28.359637567146873 ], [ -81.44058722001401, 28.359644483531142 ], [ -81.440594989715393, 28.359599736380659 ], [ -81.440695723998473, 28.359613569071932 ], [ -81.440687954349158, 28.359658316228135 ], [ -81.440637587177463, 28.359651399891593 ], [ -81.4406298174939, 28.359696147039131 ], [ -81.440579450304398, 28.359689230675819 ], [ -81.440571680586586, 28.359733977814741 ], [ -81.440521313379293, 28.359727061424746 ], [ -81.440513543627219, 28.359771808555003 ], [ -81.440463176402147, 28.359764892138305 ], [ -81.440455406615783, 28.359809639259904 ], [ -81.440405039372948, 28.359802722816429 ], [ -81.440397269552335, 28.359847469929417 ], [ -81.440346902291694, 28.359840553459275 ], [ -81.440339132436804, 28.359885300563608 ], [ -81.440238397888209, 28.359871467545979 ], [ -81.440230627973037, 28.35991621463884 ], [ -81.440180260685068, 28.359909298091353 ], [ -81.440172490735634, 28.359954045175588 ], [ -81.440122123429887, 28.359947128601405 ], [ -81.440114353446205, 28.359991875676972 ], [ -81.440013618807342, 28.359978042451282 ], [ -81.440005848763363, 28.360022789515369 ], [ -81.439955481430275, 28.360015872863865 ], [ -81.439947711352033, 28.360060619919324 ], [ -81.439897344001153, 28.36005370324111 ], [ -81.439889573888649, 28.360098450287889 ], [ -81.439788839159576, 28.360084616854142 ], [ -81.439796609324134, 28.360039869813097 ], [ -81.439846976658529, 28.360046786539026 ], [ -81.439854746788825, 28.360002039489288 ], [ -81.439905114105429, 28.360008956188505 ], [ -81.439912884201476, 28.359964209130116 ], [ -81.439963251500274, 28.359971125802623 ], [ -81.439971021562073, 28.359926378735654 ], [ -81.440021388843093, 28.359933295381431 ], [ -81.440029158870615, 28.359888548305776 ], [ -81.440079526133843, 28.359895464924843 ], [ -81.440087296127118, 28.359850717840516 ] ] ], [ [ [ -81.440509522547714, 28.360091954717745 ], [ -81.440459155132189, 28.360085038304906 ], [ -81.440466924941873, 28.360040291215117 ], [ -81.440517292331378, 28.360047207625115 ], [ -81.440509522547714, 28.360091954717745 ] ] ], [ [ [ -81.440451385314262, 28.360129785388892 ], [ -81.440401017880944, 28.360122868949347 ], [ -81.440408787724891, 28.360078121868192 ], [ -81.440459155132189, 28.360085038304906 ], [ -81.440451385314262, 28.360129785388892 ] ] ], [ [ [ -81.44034288057766, 28.360160699558367 ], [ -81.440350650455869, 28.360115952485891 ], [ -81.440401017880944, 28.360122868949347 ], [ -81.440393248028769, 28.360167616024679 ], [ -81.44034288057766, 28.360160699558367 ] ] ], [ [ [ -81.44034288057766, 28.360160699558367 ], [ -81.440335110691208, 28.360205446625084 ], [ -81.440284743222321, 28.360198530132063 ], [ -81.440292513134793, 28.360153783068231 ], [ -81.44034288057766, 28.360160699558367 ] ] ], [ [ [ -81.439781068986775, 28.360129363889452 ], [ -81.439730701608553, 28.360122447133907 ], [ -81.439738471807374, 28.360077700101503 ], [ -81.439788839159576, 28.360084616854142 ], [ -81.439781068986775, 28.360129363889452 ] ] ], [ [ [ -81.440276973301636, 28.36024327719015 ], [ -81.440226605814928, 28.360236360670417 ], [ -81.440234375761662, 28.360191613615186 ], [ -81.440284743222321, 28.360198530132063 ], [ -81.440276973301636, 28.36024327719015 ] ] ], [ [ [ -81.439722931401519, 28.360167194160564 ], [ -81.439672564005505, 28.360160277378366 ], [ -81.439680334238588, 28.360115530354552 ], [ -81.439730701608553, 28.360122447133907 ], [ -81.439722931401519, 28.360167194160564 ] ] ], [ [ [ -81.440226605814928, 28.360236360670417 ], [ -81.44021883585998, 28.360281107719825 ], [ -81.440168468355509, 28.360274191173406 ], [ -81.440176238336505, 28.360229444126777 ], [ -81.440226605814928, 28.360236360670417 ] ] ], [ [ [ -81.439672564005505, 28.360160277378366 ], [ -81.439664793764194, 28.360205024396389 ], [ -81.439614426350403, 28.360198107587443 ], [ -81.439622196617748, 28.360153360572244 ], [ -81.439672564005505, 28.360160277378366 ] ] ], [ [ [ -81.440160698366299, 28.360318938214153 ], [ -81.440110330844021, 28.360312021640979 ], [ -81.44011810085928, 28.360267274603085 ], [ -81.440168468355509, 28.360274191173406 ], [ -81.440160698366299, 28.360318938214153 ] ] ], [ [ [ -81.440052193280508, 28.360349852073256 ], [ -81.44005996333, 28.360305105043963 ], [ -81.440110330844021, 28.360312021640979 ], [ -81.440102560820549, 28.360356768673157 ], [ -81.440052193280508, 28.360349852073256 ] ] ], [ [ [ -81.440052193280508, 28.360349852073256 ], [ -81.440044423222758, 28.360394599096779 ], [ -81.439994055664926, 28.360387682470165 ], [ -81.440001825748681, 28.36034293544952 ], [ -81.440052193280508, 28.360349852073256 ] ] ], [ [ [ -81.439885550429892, 28.360418596154481 ], [ -81.439877780277612, 28.360463343157903 ], [ -81.439827412692438, 28.360456426453997 ], [ -81.439835182870766, 28.360411679453449 ], [ -81.439885550429892, 28.360418596154481 ] ] ], [ [ [ -81.44043959412457, 28.360494678291076 ], [ -81.440431824258624, 28.360539425325861 ], [ -81.44038145658277, 28.360532508884457 ], [ -81.440389226474736, 28.360487761852522 ], [ -81.44043959412457, 28.360494678291076 ] ] ], [ [ [ -81.439819642505881, 28.360501173448696 ], [ -81.439769274902929, 28.360494256718052 ], [ -81.43977704511552, 28.360449509726202 ], [ -81.439827412692438, 28.360456426453997 ], [ -81.439819642505881, 28.360501173448696 ] ] ], [ [ [ -81.440373686682577, 28.360577255910606 ], [ -81.440323318988931, 28.360570339442468 ], [ -81.440331088915158, 28.360525592419172 ], [ -81.44038145658277, 28.360532508884457 ], [ -81.440373686682577, 28.360577255910606 ] ] ], [ [ [ -81.43976150468211, 28.360539003704172 ], [ -81.439711137061366, 28.360532086946815 ], [ -81.439718907308205, 28.360487339963584 ], [ -81.439769274902929, 28.360494256718052 ], [ -81.43976150468211, 28.360539003704172 ] ] ], [ [ [ -81.440323318988931, 28.360570339442468 ], [ -81.440315549054489, 28.360615086459955 ], [ -81.440265181343037, 28.360608169965104 ], [ -81.440272951303527, 28.360563422950477 ], [ -81.440323318988931, 28.360570339442468 ] ] ], [ [ [ -81.439711137061366, 28.360532086946815 ], [ -81.439703366806285, 28.360576833924245 ], [ -81.439652999167748, 28.360569917140179 ], [ -81.439660769448864, 28.360525170165609 ], [ -81.439711137061366, 28.360532086946815 ] ] ], [ [ [ -81.439157093777283, 28.360456001040976 ], [ -81.439149323235839, 28.360500747987004 ], [ -81.439098955687996, 28.360493830940438 ], [ -81.439106726255474, 28.360449083997228 ], [ -81.439157093777283, 28.360456001040976 ] ] ], [ [ [ -81.440257411374319, 28.360652916973979 ], [ -81.440207043645103, 28.360646000452427 ], [ -81.440214813639841, 28.360601253446422 ], [ -81.440265181343037, 28.360608169965104 ], [ -81.440257411374319, 28.360652916973979 ] ] ], [ [ [ -81.439645228878405, 28.360614664109011 ], [ -81.439594861222091, 28.360607747298204 ], [ -81.439602631537468, 28.360563000332284 ], [ -81.439652999167748, 28.360569917140179 ], [ -81.439645228878405, 28.360614664109011 ] ] ], [ [ [ -81.439587090898485, 28.360652494258414 ], [ -81.439536723224379, 28.360645577420865 ], [ -81.439544493574004, 28.360600830463554 ], [ -81.439594861222091, 28.360607747298204 ], [ -81.439587090898485, 28.360652494258414 ] ] ], [ [ [ -81.439486355558515, 28.360638660559516 ], [ -81.439536723224379, 28.360645577420865 ], [ -81.439528952866524, 28.360690324372403 ], [ -81.439478585174626, 28.360683407508208 ], [ -81.439486355558515, 28.360638660559516 ] ] ], [ [ [ -81.440032630238974, 28.36075949170214 ], [ -81.439982262464625, 28.360752575076546 ], [ -81.439990032588199, 28.360707828099347 ], [ -81.440040400336514, 28.360714744722081 ], [ -81.440032630238974, 28.36075949170214 ] ] ], [ [ [ -81.439470814782496, 28.360728154451063 ], [ -81.43942044707282, 28.360721237560121 ], [ -81.43942821749097, 28.360676490620094 ], [ -81.439478585174626, 28.360683407508208 ], [ -81.439470814782496, 28.360728154451063 ] ] ], [ [ [ -81.439974492332837, 28.360797322047986 ], [ -81.439924124540696, 28.360790405395694 ], [ -81.439931894698532, 28.360745658427099 ], [ -81.439982262464625, 28.360752575076546 ], [ -81.439974492332837, 28.360797322047986 ] ] ], [ [ [ -81.43942044707282, 28.360721237560121 ], [ -81.439412676646427, 28.360765984494396 ], [ -81.439362308918945, 28.360759067576698 ], [ -81.439370079371372, 28.360714320645329 ], [ -81.43942044707282, 28.360721237560121 ] ] ], [ [ [ -81.439924124540696, 28.360790405395694 ], [ -81.439916354374645, 28.360835152358518 ], [ -81.439865986564726, 28.360828235679467 ], [ -81.439873756756811, 28.360783488719505 ], [ -81.439924124540696, 28.360790405395694 ] ] ], [ [ [ -81.439311941199719, 28.360752150635172 ], [ -81.439304170713044, 28.360796897557936 ], [ -81.43925380297604, 28.360789980589672 ], [ -81.439261573488736, 28.360745233669803 ], [ -81.439311941199719, 28.360752150635172 ] ] ], [ [ [ -81.439807848536702, 28.360866065927901 ], [ -81.439815618763049, 28.36082131897663 ], [ -81.439865986564726, 28.360828235679467 ], [ -81.439858216364414, 28.36087298263363 ], [ -81.439807848536702, 28.360866065927901 ] ] ], [ [ [ -81.439807848536702, 28.360866065927901 ], [ -81.439800078302127, 28.36091081287341 ], [ -81.439749710456624, 28.360903896140957 ], [ -81.439757480717233, 28.360859149198273 ], [ -81.439807848536702, 28.360866065927901 ] ] ], [ [ [ -81.439246032455102, 28.360834727503821 ], [ -81.439195664700293, 28.360827810508823 ], [ -81.439203435247251, 28.360783063597594 ], [ -81.43925380297604, 28.360789980589672 ], [ -81.439246032455102, 28.360834727503821 ] ] ], [ [ [ -81.43914529695374, 28.360820893490001 ], [ -81.439195664700293, 28.360827810508823 ], [ -81.439187894145093, 28.360872557414304 ], [ -81.439137526372491, 28.360865640392596 ], [ -81.43914529695374, 28.360820893490001 ] ] ], [ [ [ -81.440295987228083, 28.361024725853834 ], [ -81.440245619274123, 28.361017809357143 ], [ -81.440253389282617, 28.360973062391682 ], [ -81.440303757210572, 28.360979978885528 ], [ -81.440295987228083, 28.361024725853834 ] ] ], [ [ [ -81.439741940187801, 28.360948643077815 ], [ -81.439691572324506, 28.360941726318664 ], [ -81.439699342619377, 28.360896979384655 ], [ -81.439749710456624, 28.360903896140957 ], [ -81.439741940187801, 28.360948643077815 ] ] ], [ [ [ -81.440237849257386, 28.361062556316782 ], [ -81.440187481285605, 28.361055639793406 ], [ -81.440195251328376, 28.3610108928366 ], [ -81.440245619274123, 28.361017809357143 ], [ -81.440237849257386, 28.361062556316782 ] ] ], [ [ [ -81.439137526372491, 28.360865640392596 ], [ -81.439129755783028, 28.36091038728944 ], [ -81.439079387992649, 28.360903470241038 ], [ -81.43908715860816, 28.360858723347079 ], [ -81.439137526372491, 28.360865640392596 ] ] ], [ [ [ -81.439691572324506, 28.360941726318664 ], [ -81.439683802021406, 28.360986473246918 ], [ -81.439633434140333, 28.36097955646099 ], [ -81.439641204469467, 28.360934809535618 ], [ -81.439691572324506, 28.360941726318664 ] ] ], [ [ [ -81.439079387992649, 28.360903470241038 ], [ -81.439071617368938, 28.360948217129231 ], [ -81.439021249560767, 28.360941300054094 ], [ -81.439029020210512, 28.360896553168761 ], [ -81.439079387992649, 28.360903470241038 ] ] ], [ [ [ -81.44017971123462, 28.361100386744411 ], [ -81.440129343245047, 28.361093470194294 ], [ -81.440137113322081, 28.361048723246149 ], [ -81.440187481285605, 28.361055639793406 ], [ -81.44017971123462, 28.361100386744411 ] ] ], [ [ [ -81.439625663802971, 28.361024303380621 ], [ -81.439575295904092, 28.361017386567969 ], [ -81.439583066267502, 28.360972639651248 ], [ -81.439633434140333, 28.36097955646099 ], [ -81.439625663802971, 28.361024303380621 ] ] ], [ [ [ -81.439021249560767, 28.360941300054094 ], [ -81.43901347890278, 28.360986046933622 ], [ -81.438963111076816, 28.360979129831826 ], [ -81.438970881760838, 28.360934382955136 ], [ -81.439021249560767, 28.360941300054094 ] ] ], [ [ [ -81.440129343245047, 28.361093470194294 ], [ -81.4401215731598, 28.361138217136666 ], [ -81.440071205152449, 28.361131300559823 ], [ -81.440078975263745, 28.361086553620311 ], [ -81.440129343245047, 28.361093470194294 ] ] ], [ [ [ -81.440071205152449, 28.361131300559823 ], [ -81.44006343503294, 28.361176047493565 ], [ -81.440013067007811, 28.361169130889976 ], [ -81.440020837153369, 28.361124383959133 ], [ -81.440071205152449, 28.361131300559823 ] ] ], [ [ [ -81.438889431079588, 28.361106453292905 ], [ -81.438839063192034, 28.36109953613478 ], [ -81.438846833952795, 28.361054789281134 ], [ -81.438897201814328, 28.361061706436388 ], [ -81.438889431079588, 28.361106453292905 ] ] ], [ [ [ -81.439838652261557, 28.361282621668355 ], [ -81.439788284191295, 28.361275704960814 ], [ -81.439796054465674, 28.361230958058691 ], [ -81.439846422509902, 28.361237874763408 ], [ -81.439838652261557, 28.361282621668355 ] ] ], [ [ [ -81.438839063192034, 28.36109953613478 ], [ -81.438831292423032, 28.3611442829826 ], [ -81.438780924517687, 28.361137365797745 ], [ -81.438788695312709, 28.361092618952767 ], [ -81.438839063192034, 28.36109953613478 ] ] ], [ [ [ -81.440148630948343, 28.361279374490628 ], [ -81.440140860856204, 28.361324121412689 ], [ -81.440090492736488, 28.361317204848298 ], [ -81.440098262854661, 28.361272457929083 ], [ -81.440148630948343, 28.361279374490628 ] ] ], [ [ [ -81.439788284191295, 28.361275704960814 ], [ -81.439780513908701, 28.361320451857125 ], [ -81.439730145820675, 28.361313535122804 ], [ -81.439737916129289, 28.361268788229342 ], [ -81.439788284191295, 28.361275704960814 ] ] ], [ [ [ -81.440082722610086, 28.361361951761744 ], [ -81.440032354472578, 28.36135503517065 ], [ -81.440040124625014, 28.361310288260061 ], [ -81.440090492736488, 28.361317204848298 ], [ -81.440082722610086, 28.361361951761744 ] ] ], [ [ [ -81.438773153714422, 28.36118211263695 ], [ -81.438722785791285, 28.361175195425396 ], [ -81.43873055662057, 28.361130448589012 ], [ -81.438780924517687, 28.361137365797745 ], [ -81.438773153714422, 28.36118211263695 ] ] ], [ [ [ -81.439730145820675, 28.361313535122804 ], [ -81.439722375503791, 28.361358282010492 ], [ -81.439672007397974, 28.361351365249469 ], [ -81.439679777740878, 28.361306618364654 ], [ -81.439730145820675, 28.361313535122804 ] ] ], [ [ [ -81.440032354472578, 28.36135503517065 ], [ -81.4400245843119, 28.361399782075434 ], [ -81.439974216156628, 28.361392865457624 ], [ -81.439981986343312, 28.361348118555664 ], [ -81.440032354472578, 28.36135503517065 ] ] ], [ [ [ -81.439974216156628, 28.361392865457624 ], [ -81.439966445961687, 28.361437612353772 ], [ -81.43991607778861, 28.361430695709227 ], [ -81.43992384800957, 28.361385948815943 ], [ -81.439974216156628, 28.361392865457624 ] ] ], [ [ [ -81.439613868923232, 28.361389195340799 ], [ -81.439621639300384, 28.361344448464571 ], [ -81.439672007397974, 28.361351365249469 ], [ -81.439664237046856, 28.361396112128485 ], [ -81.439613868923232, 28.361389195340799 ] ] ], [ [ [ -81.439613868923232, 28.361389195340799 ], [ -81.439606098537851, 28.361433942211168 ], [ -81.439555730396435, 28.361427025396715 ], [ -81.439563500807864, 28.361382278529188 ], [ -81.439613868923232, 28.361389195340799 ] ] ], [ [ [ -81.439857939368551, 28.36146852592551 ], [ -81.4398501691051, 28.361513272804412 ], [ -81.439799800896452, 28.361506356106396 ], [ -81.439807571185909, 28.361461609230339 ], [ -81.439857939368551, 28.36146852592551 ] ] ], [ [ [ -81.439555730396435, 28.361427025396715 ], [ -81.439547959976807, 28.361471772258461 ], [ -81.439497591817613, 28.36146485541731 ], [ -81.439505362263276, 28.361420108558381 ], [ -81.439555730396435, 28.361427025396715 ] ] ], [ [ [ -81.44024534500781, 28.361613352425145 ], [ -81.440194976707147, 28.361606435915199 ], [ -81.440202746796587, 28.361561689022103 ], [ -81.440253115071215, 28.361568605529186 ], [ -81.44024534500781, 28.361613352425145 ] ] ], [ [ [ -81.439489821363708, 28.361509602270431 ], [ -81.439439453186722, 28.361502685402517 ], [ -81.439447223666662, 28.361457938552228 ], [ -81.439497591817613, 28.36146485541731 ], [ -81.439489821363708, 28.361509602270431 ] ] ], [ [ [ -81.44018720660948, 28.361651182802522 ], [ -81.440136838291039, 28.361644266265877 ], [ -81.440144608414755, 28.361599519381411 ], [ -81.440194976707147, 28.361606435915199 ], [ -81.44018720660948, 28.361651182802522 ] ] ], [ [ [ -81.439439453186722, 28.361502685402517 ], [ -81.43943168269854, 28.36154743224699 ], [ -81.439381314503777, 28.36154051535237 ], [ -81.439389085017979, 28.361495768510764 ], [ -81.439439453186722, 28.361502685402517 ] ] ], [ [ [ -81.438935771870376, 28.361433515410987 ], [ -81.438928001121866, 28.361478262226942 ], [ -81.438877633009554, 28.361471345093662 ], [ -81.438885403784084, 28.36142659828063 ], [ -81.438935771870376, 28.361433515410987 ] ] ], [ [ [ -81.440136838291039, 28.361644266265877 ], [ -81.440129068159109, 28.361689013144549 ], [ -81.440078699822863, 28.36168209658118 ], [ -81.440086469980841, 28.361637349705379 ], [ -81.440136838291039, 28.361644266265877 ] ] ], [ [ [ -81.438869862226795, 28.361516091900945 ], [ -81.438819494096691, 28.361509174740956 ], [ -81.43882726490547, 28.36146442793655 ], [ -81.438877633009554, 28.361471345093662 ], [ -81.438869862226795, 28.361516091900945 ] ] ], [ [ [ -81.439365773450689, 28.361630009018263 ], [ -81.439315405212099, 28.361623092094064 ], [ -81.439330946317241, 28.361533598433891 ], [ -81.439381314503777, 28.36154051535237 ], [ -81.439365773450689, 28.361630009018263 ] ] ], [ [ [ -81.438819494096691, 28.361509174740956 ], [ -81.43881172327967, 28.361553921539631 ], [ -81.43876135513176, 28.361547004352904 ], [ -81.438769125974815, 28.36150225755712 ], [ -81.438819494096691, 28.361509174740956 ] ] ], [ [ [ -81.439726121700119, 28.361633679969394 ], [ -81.439718351351686, 28.361678426819417 ], [ -81.439617614767315, 28.361664593281287 ], [ -81.439625385167815, 28.36161984643692 ], [ -81.439726121700119, 28.361633679969394 ] ] ], [ [ [ -81.43876135513176, 28.361547004352904 ], [ -81.438753584280462, 28.361591751142885 ], [ -81.438703216114789, 28.361584833929491 ], [ -81.438710986992106, 28.36154008714237 ], [ -81.43876135513176, 28.361547004352904 ] ] ], [ [ [ -81.439191356883995, 28.361743498603857 ], [ -81.43909062030832, 28.361729664571296 ], [ -81.439098390993834, 28.361684917772838 ], [ -81.439148759251523, 28.361691834798211 ], [ -81.439156529902775, 28.361647087991155 ], [ -81.439206898142658, 28.361654004989791 ], [ -81.439214668759647, 28.361609258174063 ], [ -81.439315405212099, 28.361623092094064 ], [ -81.439307634647179, 28.361667838915473 ], [ -81.439257266390797, 28.361660921964571 ], [ -81.439249495791614, 28.361705668777343 ], [ -81.439199127517441, 28.361698751799732 ], [ -81.439191356883995, 28.361743498603857 ] ] ], [ [ [ -81.439954652495672, 28.361802503958415 ], [ -81.439904284106092, 28.361795587314898 ], [ -81.439912054366829, 28.361750840465 ], [ -81.439962422730403, 28.361757757105682 ], [ -81.439954652495672, 28.361802503958415 ] ] ], [ [ [ -81.439904284106092, 28.361795587314898 ], [ -81.439896513837098, 28.36184033415902 ], [ -81.439846145429712, 28.361833417488782 ], [ -81.43985391572474, 28.361788670647528 ], [ -81.439904284106092, 28.361795587314898 ] ] ], [ [ [ -81.440055389299616, 28.361816337173927 ], [ -81.440047619108725, 28.361861084026572 ], [ -81.439997250676612, 28.361854167427921 ], [ -81.440005020893508, 28.36180942057813 ], [ -81.440055389299616, 28.361816337173927 ] ] ], [ [ [ -81.439082849614579, 28.361774411363921 ], [ -81.439032481313092, 28.361767494308978 ], [ -81.439040252032854, 28.361722747519185 ], [ -81.43909062030832, 28.361729664571296 ], [ -81.439082849614579, 28.361774411363921 ] ] ], [ [ [ -81.439788006701306, 28.361871247627285 ], [ -81.43973763828437, 28.361864330906418 ], [ -81.439745408639681, 28.361819584076677 ], [ -81.439795777030582, 28.361826500794685 ], [ -81.439788006701306, 28.361871247627285 ] ] ], [ [ [ -81.439024710585088, 28.36181224109297 ], [ -81.438923973954758, 28.36179840690578 ], [ -81.43893174473483, 28.36175366012753 ], [ -81.439032481313092, 28.361767494308978 ], [ -81.439024710585088, 28.36181224109297 ] ] ], [ [ [ -81.43973763828437, 28.361864330906418 ], [ -81.439729867920832, 28.361909077730417 ], [ -81.439679499486118, 28.361902160982861 ], [ -81.439687269875691, 28.361857414161712 ], [ -81.43973763828437, 28.361864330906418 ] ] ], [ [ [ -81.438923973954758, 28.36179840690578 ], [ -81.438916203166457, 28.361843153678276 ], [ -81.438865834837628, 28.361836236546065 ], [ -81.438873605651949, 28.361791489776419 ], [ -81.438923973954758, 28.36179840690578 ] ] ], [ [ [ -81.439679499486118, 28.361902160982861 ], [ -81.439671729088317, 28.361946907798202 ], [ -81.439621360635812, 28.361939991023913 ], [ -81.439629131059647, 28.361895244211421 ], [ -81.439679499486118, 28.361902160982861 ] ] ], [ [ [ -81.439168044934277, 28.361877738981526 ], [ -81.439175815592421, 28.361832992194749 ], [ -81.439226183944683, 28.361839909180958 ], [ -81.439218413312588, 28.361884655970556 ], [ -81.439168044934277, 28.361877738981526 ] ] ], [ [ [ -81.439168044934277, 28.361877738981526 ], [ -81.43916027426792, 28.361922485762548 ], [ -81.439109905871831, 28.361915568746785 ], [ -81.439117676564223, 28.361870821968616 ], [ -81.439168044934277, 28.361877738981526 ] ] ], [ [ [ -81.438858064015065, 28.361880983309916 ], [ -81.438807695668444, 28.36187406615095 ], [ -81.438815466517042, 28.361829319389951 ], [ -81.438865834837628, 28.361836236546065 ], [ -81.438858064015065, 28.361880983309916 ] ] ], [ [ [ -81.439613590203763, 28.361984737830607 ], [ -81.439563221733465, 28.361977821029594 ], [ -81.439570992191548, 28.361933074225771 ], [ -81.439621360635812, 28.361939991023913 ], [ -81.439613590203763, 28.361984737830607 ] ] ], [ [ [ -81.438799924811619, 28.361918812906172 ], [ -81.43874955644722, 28.361911895720482 ], [ -81.43875732733008, 28.361867148968123 ], [ -81.438807695668444, 28.36187406615095 ], [ -81.438799924811619, 28.361918812906172 ] ] ], [ [ [ -81.439454714299217, 28.36200873414835 ], [ -81.439404345827626, 28.362001817272898 ], [ -81.43941211637204, 28.361957070483449 ], [ -81.439462484817611, 28.361963987356013 ], [ -81.439454714299217, 28.36200873414835 ] ] ], [ [ [ -81.438741785556118, 28.361956642467085 ], [ -81.438691417173928, 28.361949725254693 ], [ -81.43869918809105, 28.36190497851096 ], [ -81.43874955644722, 28.361911895720482 ], [ -81.438741785556118, 28.361956642467085 ] ] ], [ [ [ -81.439396575274969, 28.362046564056616 ], [ -81.439346206785586, 28.362039647154472 ], [ -81.439353977364277, 28.361994900373631 ], [ -81.439404345827626, 28.362001817272898 ], [ -81.439396575274969, 28.362046564056616 ] ] ], [ [ [ -81.438691417173928, 28.361949725254693 ], [ -81.438683646248592, 28.361994471992627 ], [ -81.438633277848595, 28.36198755475354 ], [ -81.43864104879998, 28.361942808018398 ], [ -81.438691417173928, 28.361949725254693 ] ] ], [ [ [ -81.439346206785586, 28.362039647154472 ], [ -81.439338436198668, 28.362084393929557 ], [ -81.439288067691493, 28.362077477000661 ], [ -81.43929583830446, 28.362032730228414 ], [ -81.439346206785586, 28.362039647154472 ] ] ], [ [ [ -81.438633277848595, 28.36198755475354 ], [ -81.438625506888997, 28.362032301482788 ], [ -81.438575138471222, 28.362025384216981 ], [ -81.438582909456869, 28.361980637490532 ], [ -81.438633277848595, 28.36198755475354 ] ] ], [ [ [ -81.439229928545359, 28.362115306811475 ], [ -81.439237699192574, 28.362070560047925 ], [ -81.439288067691493, 28.362077477000661 ], [ -81.439280297070326, 28.362122223767063 ], [ -81.439229928545359, 28.362115306811475 ] ] ], [ [ [ -81.439229928545359, 28.362115306811475 ], [ -81.43922215788993, 28.362160053569234 ], [ -81.439171789347185, 28.362153136586929 ], [ -81.439179560028649, 28.362108389831992 ], [ -81.439229928545359, 28.362115306811475 ] ] ], [ [ [ -81.439164018657493, 28.362197883336101 ], [ -81.439113650096942, 28.362190966327034 ], [ -81.439121420812683, 28.362146219580715 ], [ -81.439171789347185, 28.362153136586929 ], [ -81.439164018657493, 28.362197883336101 ] ] ], [ [ [ -81.439063281544648, 28.362184049294108 ], [ -81.439113650096942, 28.362190966327034 ], [ -81.439105879372988, 28.362235713067559 ], [ -81.43905551079466, 28.362228796031768 ], [ -81.439063281544648, 28.362184049294108 ] ] ], [ [ [ -81.438997371440323, 28.362266625701185 ], [ -81.438947002852458, 28.362259708614818 ], [ -81.438954773662743, 28.36221496188865 ], [ -81.439005142224573, 28.362221878972154 ], [ -81.438997371440323, 28.362266625701185 ] ] ], [ [ [ -81.438888863428275, 28.362297538222123 ], [ -81.438896634272822, 28.362252791504602 ], [ -81.438947002852458, 28.362259708614818 ], [ -81.438939232033931, 28.362304455335163 ], [ -81.438888863428275, 28.362297538222123 ] ] ], [ [ [ -81.438888863428275, 28.362297538222123 ], [ -81.438881092575485, 28.362342284933842 ], [ -81.438830723952051, 28.362335367794074 ], [ -81.438838494830861, 28.362290621085176 ], [ -81.438888863428275, 28.362297538222123 ] ] ], [ [ [ -81.438780355336846, 28.362328450630397 ], [ -81.438772584423774, 28.362373197330637 ], [ -81.438722215790776, 28.362366280140275 ], [ -81.438729986729882, 28.362321533442877 ], [ -81.438780355336846, 28.362328450630397 ] ] ], [ [ [ -81.438582623470197, 28.362576179059467 ], [ -81.438574852429625, 28.362620925716463 ], [ -81.438524483665176, 28.362614008437362 ], [ -81.438532254731783, 28.362569261783243 ], [ -81.438582623470197, 28.362576179059467 ] ] ], [ [ [ -81.438524483665176, 28.362614008437362 ], [ -81.438508941507308, 28.362703501728227 ], [ -81.438458572699034, 28.362696584419577 ], [ -81.438474114908971, 28.3626070911344 ], [ -81.438524483665176, 28.362614008437362 ] ] ], [ [ [ -81.437238111005712, 28.370317264677777 ], [ -81.437187737763082, 28.370310346907392 ], [ -81.437203282719338, 28.370220855582446 ], [ -81.437253655909885, 28.370227773347125 ], [ -81.437238111005712, 28.370317264677777 ] ] ], [ [ [ -81.43725739445361, 28.370503165027621 ], [ -81.437207021098573, 28.370496247269656 ], [ -81.4372147935877, 28.370451501630317 ], [ -81.437265166916703, 28.370458419385436 ], [ -81.43725739445361, 28.370503165027621 ] ] ], [ [ [ -81.437292222918089, 28.370599574034401 ], [ -81.437284450456346, 28.370644319662087 ], [ -81.437234077014949, 28.370637401919414 ], [ -81.43724184950274, 28.370592656294576 ], [ -81.437292222918089, 28.370599574034401 ] ] ], [ [ [ -81.437311506549477, 28.370785474237742 ], [ -81.437303734080828, 28.370830219845171 ], [ -81.437253360527038, 28.370823302114928 ], [ -81.437261133021721, 28.370778556510395 ], [ -81.437311506549477, 28.370785474237742 ] ] ], [ [ [ -81.437330790265705, 28.370971374347647 ], [ -81.437323017790177, 28.371016119934787 ], [ -81.437272644123979, 28.371009202216989 ], [ -81.437280416625541, 28.370964456632695 ], [ -81.437330790265705, 28.370971374347647 ] ] ], [ [ [ -81.437342301584366, 28.37120201993088 ], [ -81.437291927805759, 28.371195102225535 ], [ -81.437307472814425, 28.371105611091743 ], [ -81.437357846540962, 28.371112528791382 ], [ -81.437342301584366, 28.37120201993088 ] ] ], [ [ [ -81.437369357952704, 28.371343174286924 ], [ -81.437318984087725, 28.371336256596866 ], [ -81.437326756594842, 28.37129151104735 ], [ -81.437377130433759, 28.371298428734534 ], [ -81.437369357952704, 28.371343174286924 ] ] ], [ [ [ -81.437404186891158, 28.371439583046289 ], [ -81.437396414411424, 28.371484328584202 ], [ -81.437346040460099, 28.371477410909435 ], [ -81.437353812965853, 28.371432665374364 ], [ -81.437404186891158, 28.371439583046289 ] ] ], [ [ [ -81.437423470960567, 28.371625482822736 ], [ -81.437407925979102, 28.371714973852235 ], [ -81.43735755188932, 28.371708056187039 ], [ -81.437373096922869, 28.371618565163278 ], [ -81.437423470960567, 28.371625482822736 ] ] ], [ [ [ -81.437442755114816, 28.371811382505676 ], [ -81.43742721011958, 28.371900873494653 ], [ -81.437376835917405, 28.371893955841923 ], [ -81.437392380964724, 28.371804464858617 ], [ -81.437442755114816, 28.371811382505676 ] ] ], [ [ [ -81.437438721828059, 28.372131518509189 ], [ -81.437388347487428, 28.372124600866023 ], [ -81.437403892564987, 28.372035109934842 ], [ -81.437454266853536, 28.372042027572267 ], [ -81.437438721828059, 28.372131518509189 ] ] ], [ [ [ -81.437458006131351, 28.372317417944373 ], [ -81.437407631678326, 28.372310500313638 ], [ -81.437423176769656, 28.372221009422983 ], [ -81.437473551170612, 28.372227927047977 ], [ -81.437458006131351, 28.372317417944373 ] ] ], [ [ [ -81.437485063050133, 28.372458571861046 ], [ -81.437469517980645, 28.37254806270537 ], [ -81.437419143389178, 28.372541145084234 ], [ -81.437434688510749, 28.372451654245612 ], [ -81.437485063050133, 28.372458571861046 ] ] ], [ [ [ -81.437496574992508, 28.372689216534351 ], [ -81.437488802446765, 28.372733961933356 ], [ -81.437438427742876, 28.37272704432463 ], [ -81.437446200314668, 28.372682298928495 ], [ -81.437496574992508, 28.372689216534351 ] ] ], [ [ [ -81.437523632094766, 28.372830370304563 ], [ -81.437515859550373, 28.372875115689087 ], [ -81.437465484760125, 28.372868198095674 ], [ -81.437473257330566, 28.372823452714009 ], [ -81.437523632094766, 28.372830370304563 ] ] ], [ [ [ -81.437535144193092, 28.373061014750377 ], [ -81.437484769290421, 28.373054097169401 ], [ -81.437500314436875, 28.372964606440785 ], [ -81.437550689287448, 28.372971524016052 ], [ -81.437535144193092, 28.373061014750377 ] ] ], [ [ [ -81.437538883779609, 28.373336404388851 ], [ -81.437488508712462, 28.373329486814558 ], [ -81.437504053905599, 28.373239996149639 ], [ -81.437554428920649, 28.37324691371817 ], [ -81.437538883779609, 28.373336404388851 ] ] ], [ [ [ -81.437573713733087, 28.373432812592483 ], [ -81.437558168578249, 28.373522303222664 ], [ -81.437507793398694, 28.37351538566082 ], [ -81.437523338605615, 28.373425895036419 ], [ -81.437573713733087, 28.373432812592483 ] ] ], [ [ [ -81.437592998630379, 28.373618711373364 ], [ -81.437585226050174, 28.373663456671029 ], [ -81.43753485078426, 28.373656539124532 ], [ -81.437542623390499, 28.373611793829671 ], [ -81.437592998630379, 28.373618711373364 ] ] ], [ [ [ -81.437620056191363, 28.373759864777465 ], [ -81.437612283612523, 28.373804610060731 ], [ -81.437561908260221, 28.373797692529489 ], [ -81.43756968086511, 28.373752947249095 ], [ -81.437620056191363, 28.373759864777465 ] ] ], [ [ [ -81.437337088756991, 28.373904257938079 ], [ -81.437387464154412, 28.373911175573337 ], [ -81.437371918714305, 28.374000666064962 ], [ -81.437271167823539, 28.373986830759112 ], [ -81.437263395039068, 28.374031575990525 ], [ -81.437213019580028, 28.374024658298989 ], [ -81.437228565192839, 28.373935167836059 ], [ -81.43732931601501, 28.373949003183913 ], [ -81.437337088756991, 28.373904257938079 ] ] ], [ [ [ -81.437623796085546, 28.374035253911828 ], [ -81.437573420594816, 28.374028336390197 ], [ -81.437581193214811, 28.37398359113585 ], [ -81.437631568679521, 28.373990508654625 ], [ -81.437623796085546, 28.374035253911828 ] ] ], [ [ [ -81.436817789223426, 28.37392457070154 ], [ -81.436810016204589, 28.373969315907249 ], [ -81.436759640819787, 28.373962398000881 ], [ -81.436767413864672, 28.373917652798021 ], [ -81.436817789223426, 28.37392457070154 ] ] ], [ [ [ -81.437104495815845, 28.374055568061312 ], [ -81.437054120355498, 28.374048650295254 ], [ -81.437061893252377, 28.374003905081086 ], [ -81.437011517826321, 28.373996987294014 ], [ -81.437019290740992, 28.373952242076932 ], [ -81.437120041549278, 28.373966077621375 ], [ -81.437104495815845, 28.374055568061312 ] ] ], [ [ [ -81.436651116969713, 28.373993307307892 ], [ -81.436550366205751, 28.373979471322386 ], [ -81.436558139363044, 28.373934726136774 ], [ -81.436658890074909, 28.373948562116531 ], [ -81.436651116969713, 28.373993307307892 ] ] ], [ [ [ -81.437658626423996, 28.374131661912326 ], [ -81.437650853831371, 28.374176407155051 ], [ -81.437600478254268, 28.374169489648683 ], [ -81.437608250872927, 28.374124744408867 ], [ -81.437658626423996, 28.374131661912326 ] ] ], [ [ [ -81.437391203297224, 28.374186564607285 ], [ -81.437340827735312, 28.37417964697876 ], [ -81.437348600492413, 28.374134901758961 ], [ -81.437398976028277, 28.374141819384672 ], [ -81.437391203297224, 28.374186564607285 ] ] ], [ [ [ -81.437670139068089, 28.374362305562038 ], [ -81.437619763378578, 28.374355388068111 ], [ -81.437635308621438, 28.374265897623161 ], [ -81.437685684258895, 28.374272815111361 ], [ -81.437670139068089, 28.374362305562038 ] ] ], [ [ [ -81.436856356001101, 28.374296367966458 ], [ -81.43684858296848, 28.374341113131646 ], [ -81.436798207358834, 28.374334195250142 ], [ -81.436805980417503, 28.374289450087815 ], [ -81.436856356001101, 28.374296367966458 ] ] ], [ [ [ -81.437007482801349, 28.374317121459168 ], [ -81.436999709846859, 28.374361866632874 ], [ -81.436949334212471, 28.374354948823004 ], [ -81.43695710719301, 28.374310203652122 ], [ -81.437007482801349, 28.374317121459168 ] ] ], [ [ [ -81.437689424389674, 28.374548203875545 ], [ -81.437673879152186, 28.374637694262589 ], [ -81.437623503298155, 28.37463077677543 ], [ -81.437639048587741, 28.374541286394042 ], [ -81.437689424389674, 28.374548203875545 ] ] ], [ [ [ -81.437561321810577, 28.374988738069639 ], [ -81.437510945756486, 28.374981820535737 ], [ -81.437526491229846, 28.374892330252553 ], [ -81.437576867231883, 28.374899247780757 ], [ -81.437561321810577, 28.374988738069639 ] ] ], [ [ [ -81.437479854710944, 28.375160801032766 ], [ -81.437429478560929, 28.375153883463536 ], [ -81.437437251360706, 28.375109138350762 ], [ -81.437487627484686, 28.375116055917136 ], [ -81.437479854710944, 28.375160801032766 ] ] ], [ [ [ -81.437413932936678, 28.375243373671658 ], [ -81.437406160112218, 28.375288118767049 ], [ -81.437355783892329, 28.375281201165404 ], [ -81.437363556742838, 28.375236456072859 ], [ -81.437413932936678, 28.375243373671658 ] ] ], [ [ [ -81.437340238166598, 28.375370691333163 ], [ -81.437332465291391, 28.37541543640836 ], [ -81.437282089001627, 28.375408518774258 ], [ -81.437289861902883, 28.375363773701906 ], [ -81.437340238166598, 28.375370691333163 ] ] ], [ [ [ -81.437258770248491, 28.375542753956609 ], [ -81.437250997314308, 28.375587499005835 ], [ -81.437200620928621, 28.375580581336457 ], [ -81.437208393888838, 28.375535836290091 ], [ -81.437258770248491, 28.375542753956609 ] ] ], [ [ [ -81.437169529005402, 28.375759561464182 ], [ -81.437119152523792, 28.375752643759508 ], [ -81.437126925542998, 28.375707898739076 ], [ -81.43717730199856, 28.375714816440919 ], [ -81.437169529005402, 28.375759561464182 ] ] ], [ [ [ -81.437088060364701, 28.375931623783359 ], [ -81.437037683787182, 28.375924706043357 ], [ -81.437053229935273, 28.375835216048699 ], [ -81.437103606460724, 28.375842133782992 ], [ -81.437088060364701, 28.375931623783359 ] ] ], [ [ [ -81.436894327260404, 28.375859207694319 ], [ -81.436886554104106, 28.375903952680204 ], [ -81.436836177559584, 28.375897034844769 ], [ -81.436843950741917, 28.375852289861758 ], [ -81.436894327260404, 28.375859207694319 ] ] ], [ [ [ -81.437022137606135, 28.376014196014868 ], [ -81.437014364503284, 28.376058940991982 ], [ -81.436963987855876, 28.376052023219561 ], [ -81.43697176098479, 28.376007278245357 ], [ -81.437022137606135, 28.376014196014868 ] ] ], [ [ [ -81.436932895257911, 28.376231003058777 ], [ -81.436925122087857, 28.376275748004133 ], [ -81.436874745318491, 28.376268830193556 ], [ -81.436882518514622, 28.376224085251035 ], [ -81.436932895257911, 28.376231003058777 ] ] ], [ [ [ -81.436634371698673, 28.376464883281272 ], [ -81.436583994840348, 28.376457965337053 ], [ -81.436591768207848, 28.376413220437694 ], [ -81.436642145040111, 28.376420138379068 ], [ -81.436634371698673, 28.376464883281272 ] ] ], [ [ [ -81.436432864314909, 28.376437211361257 ], [ -81.43633211067251, 28.37642337525806 ], [ -81.436339884170209, 28.376378630372979 ], [ -81.436440637760512, 28.376392466470506 ], [ -81.436432864314909, 28.376437211361257 ] ] ], [ [ [ -81.436851425680757, 28.376403064986341 ], [ -81.436828105968914, 28.376537299727197 ], [ -81.43677772905157, 28.376530381875583 ], [ -81.436801048841531, 28.376396147143353 ], [ -81.436851425680757, 28.376403064986341 ] ] ], [ [ [ -81.43642509086105, 28.376481956246234 ], [ -81.436417317398977, 28.376526701125439 ], [ -81.43636694052158, 28.376519783080049 ], [ -81.436374714009702, 28.376475038203729 ], [ -81.43642509086105, 28.376481956246234 ] ] ], [ [ [ -81.43636694052158, 28.376519783080049 ], [ -81.436359167025216, 28.37656452795061 ], [ -81.436258413243067, 28.376550691782505 ], [ -81.436266186791514, 28.376505946917668 ], [ -81.43636694052158, 28.376519783080049 ] ] ], [ [ [ -81.436459920840349, 28.37657836402321 ], [ -81.436409543928661, 28.376571445998817 ], [ -81.436417317398977, 28.376526701125439 ], [ -81.43646769428463, 28.37653361914693 ], [ -81.436459920840349, 28.37657836402321 ] ] ], [ [ [ -81.436444373927117, 28.376667853758427 ], [ -81.436343620007804, 28.37665401767439 ], [ -81.436351393520624, 28.376609272815376 ], [ -81.436452147387854, 28.376623108893718 ], [ -81.436444373927117, 28.376667853758427 ] ] ], [ [ [ -81.436281431608833, 28.377011976338352 ], [ -81.436273658021904, 28.377056721145365 ], [ -81.436223280840252, 28.377049803041828 ], [ -81.436231054453216, 28.377005058237696 ], [ -81.436281431608833, 28.377011976338352 ] ] ], [ [ [ -81.43677743029221, 28.377125900868073 ], [ -81.436769656957466, 28.377170645697902 ], [ -81.436719279667287, 28.37716372783019 ], [ -81.436727053028051, 28.377118983003218 ], [ -81.43677743029221, 28.377125900868073 ] ] ], [ [ [ -81.436820034255916, 28.377177563541739 ], [ -81.436812260939007, 28.377222308368637 ], [ -81.436761883614508, 28.377215390521872 ], [ -81.436769656957466, 28.377170645697902 ], [ -81.436820034255916, 28.377177563541739 ] ] ], [ [ [ -81.43694784645966, 28.377332551419148 ], [ -81.436897469058337, 28.377325633638307 ], [ -81.436905242339634, 28.377280888817264 ], [ -81.436955619714922, 28.377287806595248 ], [ -81.43694784645966, 28.377332551419148 ] ] ], [ [ [ -81.438007864149029, 28.357274420987437 ], [ -81.438058229688934, 28.357281338606295 ], [ -81.438042688018015, 28.357370833073553 ], [ -81.438093053618218, 28.357377750674321 ], [ -81.43808528279645, 28.357422497902075 ], [ -81.438135648430929, 28.357429415481842 ], [ -81.438112335994319, 28.357563657139092 ], [ -81.438162701715157, 28.35757057470353 ], [ -81.438139389282568, 28.357704816317241 ], [ -81.438089023483656, 28.357697898744252 ], [ -81.438096794328771, 28.357653151548305 ], [ -81.438046428564135, 28.357646233954316 ], [ -81.438054199427057, 28.35760148675546 ], [ -81.438003833696698, 28.357594569140442 ], [ -81.438019375449898, 28.357505074731012 ], [ -81.437969009779863, 28.35749815709789 ], [ -81.437992322426041, 28.35736391544895 ], [ -81.437941956842337, 28.357356997800526 ], [ -81.437965269492551, 28.357222756108072 ], [ -81.43801563499818, 28.357229673747987 ], [ -81.438007864149029, 28.357274420987437 ] ] ], [ [ [ -81.43816615375377, 28.358441523423888 ], [ -81.438173924626426, 28.358396776309135 ], [ -81.43827465707939, 28.358410611326018 ], [ -81.43828242789175, 28.358365864199722 ], [ -81.438433526554917, 28.358386616537537 ], [ -81.43844129728096, 28.358341869396906 ], [ -81.438491663492471, 28.358348786792252 ], [ -81.438499434184251, 28.358304039642967 ], [ -81.438650532790192, 28.358324791677301 ], [ -81.438658303395641, 28.358280044513631 ], [ -81.438809401997688, 28.35830079632461 ], [ -81.438778319838846, 28.358479784978655 ], [ -81.438727953525799, 28.35847286772081 ], [ -81.438704641742191, 28.358607109142 ], [ -81.438654275359283, 28.358600191851689 ], [ -81.438646504722257, 28.358644938977704 ], [ -81.438596138321572, 28.358638021660632 ], [ -81.438580596970766, 28.358727515889541 ], [ -81.438429497662, 28.358706763778148 ], [ -81.438421726896166, 28.358751510875337 ], [ -81.438522459812489, 28.358765345645867 ], [ -81.438514689090496, 28.358810092742974 ], [ -81.438413956122091, 28.358796257966766 ], [ -81.438406185339801, 28.358841005052412 ], [ -81.43830545235231, 28.35882717017499 ], [ -81.438313223186682, 28.358782423095075 ], [ -81.438212490284243, 28.35876858812799 ], [ -81.438220261162442, 28.358723841047965 ], [ -81.438169894749635, 28.35871692353146 ], [ -81.438185436533388, 28.358627429359839 ], [ -81.438135070180877, 28.358620511825176 ], [ -81.438142841086446, 28.358575764733537 ], [ -81.438092474768212, 28.358568847177896 ], [ -81.438115787513638, 28.35843460587683 ], [ -81.43816615375377, 28.358441523423888 ] ] ], [ [ [ -81.438716155126215, 28.358837762009017 ], [ -81.438700613865763, 28.358927256208784 ], [ -81.438599880727281, 28.358913421612048 ], [ -81.438615422091857, 28.358823927423764 ], [ -81.438716155126215, 28.358837762009017 ] ] ], [ [ [ -81.438843943070836, 28.358992755024687 ], [ -81.438836172498142, 28.359037502118642 ], [ -81.438785805847985, 28.359030584898083 ], [ -81.438793576446713, 28.358985837806973 ], [ -81.438843943070836, 28.358992755024687 ] ] ], [ [ [ -81.43892913529433, 28.35909608358202 ], [ -81.438878768601654, 28.359089166406338 ], [ -81.438886539156542, 28.359044419315332 ], [ -81.438936905823198, 28.359051336488143 ], [ -81.43892913529433, 28.35909608358202 ] ] ], [ [ [ -81.43870435662474, 28.359202655948835 ], [ -81.438653989886944, 28.359195738669122 ], [ -81.438661760570639, 28.359150991606878 ], [ -81.438712127282415, 28.359157908883695 ], [ -81.43870435662474, 28.359202655948835 ] ] ], [ [ [ -81.438409065535467, 28.360903040136495 ], [ -81.438416836505851, 28.360858293291194 ], [ -81.438467204215073, 28.360865210652676 ], [ -81.438474975151195, 28.360820463798778 ], [ -81.438525342842624, 28.360827381133536 ], [ -81.438533113744484, 28.360782634270958 ], [ -81.438583481418135, 28.360789551579042 ], [ -81.438591252285718, 28.36074480470781 ], [ -81.438641619941592, 28.360751721989143 ], [ -81.438649390774913, 28.360706975109299 ], [ -81.438699758413009, 28.360713892363947 ], [ -81.438707529212067, 28.36066914547543 ], [ -81.438757896832342, 28.360676062703355 ], [ -81.438765667597153, 28.360631315806202 ], [ -81.438816035199665, 28.360638233007407 ], [ -81.438823805930198, 28.360593486101628 ], [ -81.438874173514918, 28.360600403276074 ], [ -81.438881944211204, 28.360555656361647 ], [ -81.438932311778132, 28.360562573509402 ], [ -81.438940082440141, 28.360517826586349 ], [ -81.439040817546683, 28.360531660804543 ], [ -81.43904858814841, 28.360486913869977 ], [ -81.439098955687996, 28.360493830940438 ], [ -81.439083414528397, 28.360583324809451 ], [ -81.439033046936714, 28.36057640773328 ], [ -81.439025276318532, 28.360621154656275 ], [ -81.438974908709085, 28.360614237553406 ], [ -81.43896713805664, 28.360658984467726 ], [ -81.438916770429415, 28.360652067338165 ], [ -81.438908999742694, 28.360696814243852 ], [ -81.438858632097677, 28.360689897087532 ], [ -81.438850861376707, 28.360734643984586 ], [ -81.438800493713885, 28.360727726801546 ], [ -81.438792722958652, 28.360772473689988 ], [ -81.438742355278052, 28.360765556480221 ], [ -81.438734584488571, 28.360810303360019 ], [ -81.438684216790179, 28.360803386123553 ], [ -81.438676445966422, 28.360848132994725 ], [ -81.438626078250238, 28.360841215731515 ], [ -81.438618307392233, 28.36088596259399 ], [ -81.43856793965827, 28.360879045304085 ], [ -81.438560168765989, 28.360923792157937 ], [ -81.438509801014249, 28.360916874841315 ], [ -81.43850203008769, 28.360961621686517 ], [ -81.438451662318158, 28.360954704343182 ], [ -81.438443891357366, 28.360999451179719 ], [ -81.438393523570042, 28.360992533809675 ], [ -81.438385752574973, 28.361037280637607 ], [ -81.438335384769857, 28.361030363240825 ], [ -81.43832761374054, 28.361075110060096 ], [ -81.438277245917646, 28.361068192636619 ], [ -81.438269474854053, 28.361112939447263 ], [ -81.438219107013367, 28.361106021997024 ], [ -81.438211335915511, 28.361150768799039 ], [ -81.438110600206812, 28.361136933821307 ], [ -81.438118371356722, 28.361092187025026 ], [ -81.438168739180924, 28.361099104522975 ], [ -81.438176510296572, 28.361054357718007 ], [ -81.438226878102981, 28.361061275189222 ], [ -81.43823464918438, 28.361016528375661 ], [ -81.438285016972998, 28.361023445820187 ], [ -81.438292788020121, 28.360978698997958 ], [ -81.43834315579096, 28.360985616415729 ], [ -81.438358697808468, 28.360896122748251 ], [ -81.438409065535467, 28.360903040136495 ] ] ], [ [ [ -81.438149455874083, 28.360913199781947 ], [ -81.438141684757085, 28.360957946601413 ], [ -81.438091317019243, 28.360951029088167 ], [ -81.438099088162261, 28.3609062822716 ], [ -81.438149455874083, 28.360913199781947 ] ] ], [ [ [ -81.438563911155697, 28.36119919046946 ], [ -81.438614279080156, 28.361206107755493 ], [ -81.438622049969737, 28.361161360930616 ], [ -81.438722785791285, 28.361175195425396 ], [ -81.438715014953772, 28.361219942255932 ], [ -81.438664647012828, 28.361213025017644 ], [ -81.438656876141053, 28.361257771839579 ], [ -81.438606508182346, 28.361250854574568 ], [ -81.438598737276294, 28.361295601387827 ], [ -81.438548369299781, 28.361288684096063 ], [ -81.438563911155697, 28.36119919046946 ] ] ], [ [ [ -81.43849023036519, 28.361326513582288 ], [ -81.438498001331524, 28.36128176678049 ], [ -81.438548369299781, 28.361288684096063 ], [ -81.438540598359481, 28.361333430900736 ], [ -81.43849023036519, 28.361326513582288 ] ] ], [ [ [ -81.43849023036519, 28.361326513582288 ], [ -81.438482459390613, 28.361371260378291 ], [ -81.438432091378544, 28.361364343033085 ], [ -81.438439862379141, 28.361319596239937 ], [ -81.43849023036519, 28.361326513582288 ] ] ], [ [ [ -81.43842432036972, 28.361409089820434 ], [ -81.438373952339859, 28.361402172448607 ], [ -81.438381723374718, 28.36135742566406 ], [ -81.438432091378544, 28.361364343033085 ], [ -81.43842432036972, 28.361409089820434 ] ] ], [ [ [ -81.437920640442101, 28.361339915027575 ], [ -81.437870272494692, 28.361332997417044 ], [ -81.43787804378988, 28.361288250661055 ], [ -81.437928411711269, 28.361295168268736 ], [ -81.437920640442101, 28.361339915027575 ] ] ], [ [ [ -81.438366181296757, 28.361446919227276 ], [ -81.438315813249105, 28.361440001828655 ], [ -81.438323584318226, 28.361395255052802 ], [ -81.438373952339859, 28.361402172448607 ], [ -81.438366181296757, 28.361446919227276 ] ] ], [ [ [ -81.437862501191276, 28.3613777441672 ], [ -81.437812133226075, 28.361370826529953 ], [ -81.437819904555525, 28.361326079782621 ], [ -81.437870272494692, 28.361332997417044 ], [ -81.437862501191276, 28.3613777441672 ] ] ], [ [ [ -81.438308042171755, 28.361484748598748 ], [ -81.438257674106296, 28.361477831173417 ], [ -81.438265445209694, 28.36143308440618 ], [ -81.438315813249105, 28.361440001828655 ], [ -81.438308042171755, 28.361484748598748 ] ] ], [ [ [ -81.437804361888382, 28.361415573271476 ], [ -81.437753993905403, 28.361408655607502 ], [ -81.43776176526913, 28.361363908868817 ], [ -81.437812133226075, 28.361370826529953 ], [ -81.437804361888382, 28.361415573271476 ] ] ], [ [ [ -81.438257674106296, 28.361477831173417 ], [ -81.438249902994684, 28.361522577934842 ], [ -81.438199534911462, 28.361515660482802 ], [ -81.438207306049108, 28.361470913724204 ], [ -81.438257674106296, 28.361477831173417 ] ] ], [ [ [ -81.437753993905403, 28.361408655607502 ], [ -81.437746222533463, 28.361453402340342 ], [ -81.437695854532691, 28.361446484649651 ], [ -81.437703625930666, 28.361401737919671 ], [ -81.437753993905403, 28.361408655607502 ] ] ], [ [ [ -81.438695445229243, 28.361629580710876 ], [ -81.438645077045777, 28.361622663470737 ], [ -81.438652847957371, 28.361577916692209 ], [ -81.438703216114789, 28.361584833929491 ], [ -81.438695445229243, 28.361629580710876 ] ] ], [ [ [ -81.438191763765587, 28.361560407235601 ], [ -81.438141395664559, 28.361553489756805 ], [ -81.438149166836482, 28.361508743006869 ], [ -81.438199534911462, 28.361515660482802 ], [ -81.438191763765587, 28.361560407235601 ] ] ], [ [ [ -81.438637306125955, 28.361667410243438 ], [ -81.438586937924697, 28.361660492976583 ], [ -81.438594708870554, 28.36161574620672 ], [ -81.438645077045777, 28.361622663470737 ], [ -81.438637306125955, 28.361667410243438 ] ] ], [ [ [ -81.438141395664559, 28.361553489756805 ], [ -81.438133624484422, 28.361598236500985 ], [ -81.438083256365616, 28.361591318995472 ], [ -81.438091027571801, 28.361546572254184 ], [ -81.438141395664559, 28.361553489756805 ] ] ], [ [ [ -81.438586937924697, 28.361660492976583 ], [ -81.438579166970626, 28.361705239740662 ], [ -81.438528798751577, 28.361698322447101 ], [ -81.438536569731696, 28.36165357568585 ], [ -81.438586937924697, 28.361660492976583 ] ] ], [ [ [ -81.438528798751577, 28.361698322447101 ], [ -81.438521027763258, 28.361743069202518 ], [ -81.438470659526416, 28.361736151882237 ], [ -81.438478430540783, 28.361691405129619 ], [ -81.438528798751577, 28.361698322447101 ] ] ], [ [ [ -81.437564032673421, 28.361611636036081 ], [ -81.43751366459324, 28.361604718262353 ], [ -81.437521436102244, 28.361559971564056 ], [ -81.437571804156377, 28.361566889334895 ], [ -81.437564032673421, 28.361611636036081 ] ] ], [ [ [ -81.438067713928589, 28.361680812460712 ], [ -81.438017345765971, 28.361673894925623 ], [ -81.438025117014632, 28.361629148198784 ], [ -81.438075485151217, 28.361636065731002 ], [ -81.438067713928589, 28.361680812460712 ] ] ], [ [ [ -81.438470659526416, 28.361736151882237 ], [ -81.438462888503807, 28.361780898629018 ], [ -81.438412520249202, 28.36177398128201 ], [ -81.438420291297831, 28.361729234538085 ], [ -81.438470659526416, 28.361736151882237 ] ] ], [ [ [ -81.438017345765971, 28.361673894925623 ], [ -81.438009574509081, 28.36171864164675 ], [ -81.437959206328657, 28.361711724084948 ], [ -81.437966977611595, 28.361666977366735 ], [ -81.438017345765971, 28.361673894925623 ] ] ], [ [ [ -81.437951435037505, 28.361756470797403 ], [ -81.437901066839302, 28.361749553208895 ], [ -81.437908838156488, 28.361704806499304 ], [ -81.437959206328657, 28.361711724084948 ], [ -81.437951435037505, 28.361756470797403 ] ] ], [ [ [ -81.43840474919233, 28.36181872802015 ], [ -81.438354380919918, 28.361811810646412 ], [ -81.43836215200281, 28.361767063911152 ], [ -81.438412520249202, 28.36177398128201 ], [ -81.43840474919233, 28.36181872802015 ] ] ], [ [ [ -81.437893295513888, 28.361794299912688 ], [ -81.437842927297893, 28.361787382297457 ], [ -81.437850698649356, 28.361742635596524 ], [ -81.437901066839302, 28.361749553208895 ], [ -81.437893295513888, 28.361794299912688 ] ] ], [ [ [ -81.437835155938203, 28.36183212899266 ], [ -81.437784787704445, 28.361825211350691 ], [ -81.437792559090155, 28.361780464658366 ], [ -81.437842927297893, 28.361787382297457 ], [ -81.437835155938203, 28.36183212899266 ] ] ], [ [ [ -81.437734419478915, 28.361818293684916 ], [ -81.437784787704445, 28.361825211350691 ], [ -81.437777016310491, 28.361869958037261 ], [ -81.437726648058927, 28.361863040368608 ], [ -81.437734419478915, 28.361818293684916 ] ] ], [ [ [ -81.438288470413227, 28.361894386696353 ], [ -81.438280699279602, 28.361939133411489 ], [ -81.438230330945586, 28.361932215981426 ], [ -81.438222559777714, 28.361976962687862 ], [ -81.438172191425906, 28.361970045231132 ], [ -81.438164420223771, 28.36201479192896 ], [ -81.438114051854186, 28.36200787444546 ], [ -81.438129594302296, 28.36191838104979 ], [ -81.438179962619827, 28.361925298527556 ], [ -81.438187733805492, 28.361880551818132 ], [ -81.438238102105231, 28.361887469269199 ], [ -81.438245873256662, 28.36184272255117 ], [ -81.438296241538609, 28.361849639975517 ], [ -81.438304012655763, 28.361804893248841 ], [ -81.438354380919918, 28.361811810646412 ], [ -81.43833883872945, 28.361901304099653 ], [ -81.438288470413227, 28.361894386696353 ] ] ], [ [ [ -81.437711105194282, 28.361952533718608 ], [ -81.437660736898906, 28.36194561602035 ], [ -81.437676279815634, 28.361856122676059 ], [ -81.437726648058927, 28.361863040368608 ], [ -81.437711105194282, 28.361952533718608 ] ] ], [ [ [ -81.438567367477347, 28.362070130937642 ], [ -81.438516999041795, 28.362063213645083 ], [ -81.43852477006169, 28.36201846692726 ], [ -81.438575138471222, 28.362025384216981 ], [ -81.438567367477347, 28.362070130937642 ] ] ], [ [ [ -81.437660736898906, 28.36194561602035 ], [ -81.4376529654282, 28.361990362683795 ], [ -81.437602597115045, 28.361983444958824 ], [ -81.437610368611772, 28.361938698298204 ], [ -81.437660736898906, 28.36194561602035 ] ] ], [ [ [ -81.438516999041795, 28.362063213645083 ], [ -81.438509228013658, 28.362107960357086 ], [ -81.438458859560313, 28.362101043037828 ], [ -81.438466630614485, 28.362056296328682 ], [ -81.438516999041795, 28.362063213645083 ] ] ], [ [ [ -81.438114051854186, 28.36200787444546 ], [ -81.438106280617774, 28.362052621134676 ], [ -81.438055912230396, 28.362045703624464 ], [ -81.438063683492828, 28.362000956938118 ], [ -81.438114051854186, 28.36200787444546 ] ] ], [ [ [ -81.437594825610077, 28.362028191613668 ], [ -81.437544457279117, 28.362021273861941 ], [ -81.437552228810119, 28.361976527209947 ], [ -81.437602597115045, 28.361983444958824 ], [ -81.437594825610077, 28.362028191613668 ] ] ], [ [ [ -81.438451088497928, 28.36214578974117 ], [ -81.438400720026777, 28.362138872395175 ], [ -81.438408491115212, 28.362094125694643 ], [ -81.438458859560313, 28.362101043037828 ], [ -81.438451088497928, 28.36214578974117 ] ] ], [ [ [ -81.438055912230396, 28.362045703624464 ], [ -81.438048140959737, 28.362090450304965 ], [ -81.437997772554567, 28.362083532768057 ], [ -81.438005543851261, 28.362038786090395 ], [ -81.438055912230396, 28.362045703624464 ] ] ], [ [ [ -81.437544457279117, 28.362021273861941 ], [ -81.437536685739886, 28.362066020508163 ], [ -81.437486317391148, 28.362059102729745 ], [ -81.437494088956413, 28.362014356086416 ], [ -81.437544457279117, 28.362021273861941 ] ] ], [ [ [ -81.437486317391148, 28.362059102729745 ], [ -81.437478545817655, 28.362103849367298 ], [ -81.437428177451125, 28.362096931562153 ], [ -81.437435949050652, 28.362052184927457 ], [ -81.437486317391148, 28.362059102729745 ] ] ], [ [ [ -81.437865950291595, 28.362248684252659 ], [ -81.437815581807044, 28.362241766632767 ], [ -81.437831124614249, 28.362152273335006 ], [ -81.437881493046746, 28.362159190949264 ], [ -81.437889264411965, 28.362114444288832 ], [ -81.437939632826669, 28.362121361876326 ], [ -81.43794740415764, 28.362076615207293 ], [ -81.437997772554567, 28.362083532768057 ], [ -81.43798222993648, 28.362173026106063 ], [ -81.437931861487485, 28.36216610853959 ], [ -81.437924090140058, 28.362210855197088 ], [ -81.437873721673284, 28.362203937603841 ], [ -81.437865950291595, 28.362248684252659 ] ] ], [ [ [ -81.438327038171124, 28.362266195083656 ], [ -81.43827666963837, 28.362259277681321 ], [ -81.438284440803557, 28.362214531003872 ], [ -81.438334809310263, 28.362221448403325 ], [ -81.438327038171124, 28.362266195083656 ] ] ], [ [ [ -81.437420405843383, 28.362141678191083 ], [ -81.4374126342274, 28.36218642481419 ], [ -81.437362265817043, 28.362179506979484 ], [ -81.437370037459061, 28.362134760359208 ], [ -81.437420405843383, 28.362141678191083 ] ] ], [ [ [ -81.437815581807044, 28.362241766632767 ], [ -81.437807810391092, 28.362286513272927 ], [ -81.437757441888749, 28.362279595626273 ], [ -81.437765213330721, 28.362234848988972 ], [ -81.437815581807044, 28.362241766632767 ] ] ], [ [ [ -81.437354494166797, 28.362224253593965 ], [ -81.437304125738663, 28.362217335732552 ], [ -81.437311897414943, 28.362172589120931 ], [ -81.437362265817043, 28.362179506979484 ], [ -81.437354494166797, 28.362224253593965 ] ] ], [ [ [ -81.438152618896495, 28.362379682785669 ], [ -81.438102250310379, 28.362372765303245 ], [ -81.438110021578368, 28.362328018651699 ], [ -81.438160390138421, 28.362334936131308 ], [ -81.438152618896495, 28.362379682785669 ] ] ], [ [ [ -81.437296354054155, 28.36226208233839 ], [ -81.437245985608229, 28.362255164450225 ], [ -81.437253757318771, 28.362210417847269 ], [ -81.437304125738663, 28.362217335732552 ], [ -81.437296354054155, 28.36226208233839 ] ] ], [ [ [ -81.438102250310379, 28.362372765303245 ], [ -81.438094479034177, 28.362417511948976 ], [ -81.438044110430283, 28.362410594439833 ], [ -81.438051881732534, 28.362365847796909 ], [ -81.438102250310379, 28.362372765303245 ] ] ], [ [ [ -81.438354093323355, 28.362407352476872 ], [ -81.438330779860564, 28.362541592439623 ], [ -81.43823004247443, 28.362527757624633 ], [ -81.438253356093441, 28.362393517679021 ], [ -81.438354093323355, 28.362407352476872 ] ] ], [ [ [ -81.438028567801126, 28.362500087708259 ], [ -81.437978199153406, 28.362493170169483 ], [ -81.437985970498147, 28.362448423541032 ], [ -81.438036339119819, 28.362455341076924 ], [ -81.438028567801126, 28.362500087708259 ] ] ], [ [ [ -81.437920059134939, 28.362530999226728 ], [ -81.437927830513942, 28.362486252606868 ], [ -81.437978199153406, 28.362493170169483 ], [ -81.437970427800437, 28.362537916792228 ], [ -81.437920059134939, 28.362530999226728 ] ] ], [ [ [ -81.437920059134939, 28.362530999226728 ], [ -81.437912287747722, 28.3625757458408 ], [ -81.437861919064432, 28.362568828248587 ], [ -81.437869690477683, 28.362524081637417 ], [ -81.437920059134939, 28.362530999226728 ] ] ], [ [ [ -81.437342689313184, 28.362589144162026 ], [ -81.437350461003248, 28.362544397590948 ], [ -81.437400829630107, 28.36255131542466 ], [ -81.437408601285895, 28.362506568844942 ], [ -81.437458969894976, 28.362513486651928 ], [ -81.4374745131298, 28.362423993469438 ], [ -81.437524881695055, 28.362430911246804 ], [ -81.43753265327409, 28.362386164644047 ], [ -81.437583021821553, 28.362393082394725 ], [ -81.437590793366326, 28.36234833578332 ], [ -81.437641161895996, 28.362355253507264 ], [ -81.437648933406507, 28.362310506887233 ], [ -81.4376993019184, 28.36231742458444 ], [ -81.437707073394634, 28.362272677955797 ], [ -81.437757441888749, 28.362279595626273 ], [ -81.437741898980093, 28.362369088883579 ], [ -81.437691530433924, 28.362362171207376 ], [ -81.437683758941219, 28.36240691782449 ], [ -81.437633390377258, 28.362400000121557 ], [ -81.437617847315096, 28.362489493332731 ], [ -81.437567478707322, 28.362482575600215 ], [ -81.437559707137851, 28.362527322194286 ], [ -81.437509338512299, 28.362520404435028 ], [ -81.437501566908566, 28.362565151020441 ], [ -81.437451198265208, 28.362558233234491 ], [ -81.437435654981016, 28.362647726382264 ], [ -81.437385286293846, 28.362640808566738 ], [ -81.43737751461336, 28.362685555129101 ], [ -81.437327145908398, 28.36267863728683 ], [ -81.437319374193649, 28.362723383840567 ], [ -81.437269005470895, 28.36271646597157 ], [ -81.437261233721898, 28.36276121251661 ], [ -81.437210864981367, 28.362754294620952 ], [ -81.437195321406591, 28.362843787688011 ], [ -81.437144952622234, 28.36283686976272 ], [ -81.437137180796469, 28.362881616284763 ], [ -81.437086811994334, 28.36287469833275 ], [ -81.437079040134293, 28.362919444846142 ], [ -81.437028671314366, 28.362912526867408 ], [ -81.437044215078259, 28.362823033840588 ], [ -81.437094583846118, 28.362829951813627 ], [ -81.437110127525031, 28.362740458757912 ], [ -81.437160496249078, 28.362747376701368 ], [ -81.437168268050144, 28.362702630161987 ], [ -81.437218636756398, 28.362709548078708 ], [ -81.437234180281791, 28.36262005497689 ], [ -81.437284548944234, 28.362626972864028 ], [ -81.437292320668547, 28.362582226301619 ], [ -81.437342689313184, 28.362589144162026 ] ] ], [ [ [ -81.437846376213216, 28.362658321453623 ], [ -81.437838604775266, 28.36270306804747 ], [ -81.437737867277235, 28.362689232774375 ], [ -81.43774563876724, 28.362644486186248 ], [ -81.437846376213216, 28.362658321453623 ] ] ], [ [ [ -81.437730095778988, 28.362733979356705 ], [ -81.437679727016302, 28.362727061681518 ], [ -81.437687498540569, 28.362682315102028 ], [ -81.437737867277235, 28.362689232774375 ], [ -81.437730095778988, 28.362733979356705 ] ] ], [ [ [ -81.438435259322404, 28.362830824303913 ], [ -81.438384890444269, 28.362823906962788 ], [ -81.43839266160407, 28.362779160343308 ], [ -81.43844303045617, 28.362786077681541 ], [ -81.438435259322404, 28.362830824303913 ] ] ], [ [ [ -81.437664183943056, 28.362816554823141 ], [ -81.437613815136544, 28.362809637118332 ], [ -81.437629358261859, 28.362720143982436 ], [ -81.437679727016302, 28.362727061681518 ], [ -81.437664183943056, 28.362816554823141 ] ] ], [ [ [ -81.43760604356153, 28.362854383677625 ], [ -81.43755567473724, 28.362847465946107 ], [ -81.437563446338288, 28.362802719389684 ], [ -81.437613815136544, 28.362809637118332 ], [ -81.43760604356153, 28.362854383677625 ] ] ], [ [ [ -81.437505305921192, 28.362840548190764 ], [ -81.43755567473724, 28.362847465946107 ], [ -81.437547903127992, 28.362892212496785 ], [ -81.43749753428591, 28.362885294738557 ], [ -81.437505305921192, 28.362840548190764 ] ] ], [ [ [ -81.437966396955261, 28.362858060550721 ], [ -81.43794308275227, 28.362992300271177 ], [ -81.437892713818187, 28.362985382700998 ], [ -81.437916028099266, 28.362851142989104 ], [ -81.437966396955261, 28.362858060550721 ] ] ], [ [ [ -81.438353805722741, 28.36300289338288 ], [ -81.43830343674874, 28.362995976006488 ], [ -81.438311207967502, 28.362951229412975 ], [ -81.438361576915469, 28.362958146786518 ], [ -81.438353805722741, 28.36300289338288 ] ] ], [ [ [ -81.437489762642372, 28.362930041280514 ], [ -81.437439393782512, 28.362923123495577 ], [ -81.43744716545207, 28.362878376956445 ], [ -81.43749753428591, 28.362885294738557 ], [ -81.437489762642372, 28.362930041280514 ] ] ], [ [ [ -81.437431622104711, 28.36296787002895 ], [ -81.437423850418682, 28.363012616556549 ], [ -81.43737348151501, 28.363005698742047 ], [ -81.437381253227059, 28.362960952217303 ], [ -81.437431622104711, 28.36296787002895 ] ] ], [ [ [ -81.438287894286532, 28.363085469176102 ], [ -81.438280123043086, 28.363130215752243 ], [ -81.438229753999209, 28.363123298343389 ], [ -81.438237525268676, 28.363078551770077 ], [ -81.438287894286532, 28.363085469176102 ] ] ], [ [ [ -81.437365709794705, 28.363050445260928 ], [ -81.437315340873226, 28.363043527419745 ], [ -81.437323112619552, 28.36299878090362 ], [ -81.43737348151501, 28.363005698742047 ], [ -81.437365709794705, 28.363050445260928 ] ] ], [ [ [ -81.437299797355905, 28.363133020434521 ], [ -81.437249428390601, 28.363126102563754 ], [ -81.437264971960005, 28.363036609554594 ], [ -81.437315340873226, 28.363043527419745 ], [ -81.437299797355905, 28.363133020434521 ] ] ], [ [ [ -81.437846085033797, 28.36325386196868 ], [ -81.437795715951765, 28.363246944357503 ], [ -81.437811258964871, 28.363157451297131 ], [ -81.437861627994849, 28.363164368902616 ], [ -81.437846085033797, 28.36325386196868 ] ] ], [ [ [ -81.438206440141386, 28.363257538028517 ], [ -81.438198668838979, 28.363302284578676 ], [ -81.438148299699222, 28.363295367134516 ], [ -81.438156071027649, 28.363250620587262 ], [ -81.438206440141386, 28.363257538028517 ] ] ], [ [ [ -81.437249428390601, 28.363126102563754 ], [ -81.437241656593557, 28.363170849059582 ], [ -81.437191287610474, 28.363163931162063 ], [ -81.437199059433553, 28.363119184669035 ], [ -81.437249428390601, 28.363126102563754 ] ] ], [ [ [ -81.438132757017655, 28.363384860211752 ], [ -81.43812498566453, 28.363429606741711 ], [ -81.438074616454912, 28.363422689265157 ], [ -81.438082387834058, 28.36337794273809 ], [ -81.438132757017655, 28.363384860211752 ] ] ], [ [ [ -81.438043530855978, 28.363601675315625 ], [ -81.43799316155048, 28.363594757803785 ], [ -81.438000932988587, 28.363550011302753 ], [ -81.438051302268065, 28.363556928811725 ], [ -81.438043530855978, 28.363601675315625 ] ] ], [ [ [ -81.437962075715731, 28.363773743750357 ], [ -81.437911706314324, 28.363766826203211 ], [ -81.437919477811391, 28.363722079728138 ], [ -81.43796984718675, 28.363728997272368 ], [ -81.437962075715731, 28.363773743750357 ] ] ], [ [ [ -81.437896163295505, 28.363856319136051 ], [ -81.43788839177374, 28.363901065593787 ], [ -81.437838022302486, 28.363894148014236 ], [ -81.437845793850286, 28.36384940155931 ], [ -81.437896163295505, 28.363856319136051 ] ] ], [ [ [ -81.437644316151847, 28.363821731013886 ], [ -81.437636544499924, 28.363866477457325 ], [ -81.437586175069882, 28.363859559758456 ], [ -81.437593946747853, 28.363814813317862 ], [ -81.437644316151847, 28.363821731013886 ] ] ], [ [ [ -81.437578403383696, 28.363904306193291 ], [ -81.437570631689283, 28.363949052622353 ], [ -81.437520262215429, 28.363942134893868 ], [ -81.437528033935891, 28.363897388467688 ], [ -81.437578403383696, 28.363904306193291 ] ] ], [ [ [ -81.43780693602902, 28.364073133775985 ], [ -81.437756566461886, 28.36406621616111 ], [ -81.437764338068618, 28.364021469732219 ], [ -81.437814707609732, 28.36402838734422 ], [ -81.43780693602902, 28.364073133775985 ] ] ], [ [ [ -81.437489175251301, 28.364121120540776 ], [ -81.437438805681566, 28.364114202777042 ], [ -81.437446577460975, 28.364069456376825 ], [ -81.437496947004675, 28.364076374137724 ], [ -81.437489175251301, 28.364121120540776 ] ] ], [ [ [ -81.437741023223694, 28.364155709001579 ], [ -81.437733251592263, 28.364200455413158 ], [ -81.437682881955268, 28.364193537765857 ], [ -81.437690653612719, 28.364148791357142 ], [ -81.437741023223694, 28.364155709001579 ] ] ], [ [ [ -81.437659566933462, 28.364327776957246 ], [ -81.437651795243085, 28.364372523342791 ], [ -81.437601425510181, 28.364365605660247 ], [ -81.437609197226593, 28.364320859277537 ], [ -81.437659566933462, 28.364327776957246 ] ] ], [ [ [ -81.43758588205263, 28.3644550984083 ], [ -81.43757811031152, 28.364499844773647 ], [ -81.43752774050877, 28.364492927058649 ], [ -81.437535512275915, 28.364448180696165 ], [ -81.43758588205263, 28.3644550984083 ] ] ], [ [ [ -81.437496653357854, 28.364671912450845 ], [ -81.437446283459209, 28.364664994700565 ], [ -81.437454055285329, 28.364620248364051 ], [ -81.437504425157925, 28.364627166111479 ], [ -81.437496653357854, 28.364671912450845 ] ] ], [ [ [ -81.437415196072479, 28.364843979988759 ], [ -81.437364826077939, 28.364837062203161 ], [ -81.437380369839843, 28.364747569576348 ], [ -81.4374307397823, 28.364754487356215 ], [ -81.437415196072479, 28.364843979988759 ] ] ], [ [ [ -81.437349282283137, 28.364926554806889 ], [ -81.437341510373372, 28.364971301100066 ], [ -81.437291140308972, 28.364964383282043 ], [ -81.437298912244756, 28.364919636991711 ], [ -81.437349282283137, 28.364926554806889 ] ] ], [ [ [ -81.437267824452221, 28.365098622118289 ], [ -81.437260052483509, 28.365143368385464 ], [ -81.437209682323214, 28.365136450532187 ], [ -81.43721745431796, 28.365091704267865 ], [ -81.437267824452221, 28.365098622118289 ] ] ], [ [ [ -81.437194138309025, 28.365225943043505 ], [ -81.437186366289595, 28.365270689290476 ], [ -81.437135996059439, 28.365263771404738 ], [ -81.437143768104917, 28.365219025160592 ], [ -81.437194138309025, 28.365225943043505 ] ] ], [ [ [ -81.437104907795231, 28.365442756323418 ], [ -81.437054537469194, 28.365435838402366 ], [ -81.437062309573619, 28.365391092184264 ], [ -81.437112679873636, 28.36539801010241 ], [ -81.437104907795231, 28.365442756323418 ] ] ], [ [ [ -81.436829739572389, 28.365542405065042 ], [ -81.436779369209475, 28.365535487016128 ], [ -81.43678714146877, 28.365490740829596 ], [ -81.436837511805663, 28.365497658875707 ], [ -81.436829739572389, 28.365542405065042 ] ] ], [ [ [ -81.437038993235646, 28.36552533082131 ], [ -81.437023448969171, 28.365614823217129 ], [ -81.436973078547226, 28.365607905260777 ], [ -81.436988622865783, 28.365518412870689 ], [ -81.437038993235646, 28.36552533082131 ] ] ], [ [ [ -81.436864267395521, 28.366234351343781 ], [ -81.436813896617338, 28.366227433323562 ], [ -81.436907163729984, 28.365690479641838 ], [ -81.436957534195756, 28.365697397627777 ], [ -81.436864267395521, 28.366234351343781 ] ] ], [ [ [ -81.436693873813923, 28.366027694686025 ], [ -81.436643503172874, 28.366020776581806 ], [ -81.436659047916393, 28.36593128433595 ], [ -81.436709418505387, 28.365938202434474 ], [ -81.436693873813923, 28.366027694686025 ] ] ], [ [ [ -81.436643503172874, 28.366020776581806 ], [ -81.436627958396429, 28.366110268804594 ], [ -81.43657758771154, 28.366103350670798 ], [ -81.436593132540068, 28.366013858453726 ], [ -81.436643503172874, 28.366020776581806 ] ] ], [ [ [ -81.436891321374802, 28.36637550764754 ], [ -81.436840950510259, 28.366368589642647 ], [ -81.436848722813565, 28.36632384354882 ], [ -81.436899093652087, 28.366330761550856 ], [ -81.436891321374802, 28.36637550764754 ] ] ], [ [ [ -81.436871741615988, 28.366785140264422 ], [ -81.436821370508881, 28.366778222257697 ], [ -81.436844687538269, 28.366643984106364 ], [ -81.436895058567259, 28.366650902104524 ], [ -81.436871741615988, 28.366785140264422 ] ] ], [ [ [ -81.43662765861842, 28.366705803958904 ], [ -81.436619886162916, 28.366750549992112 ], [ -81.436569515097034, 28.366743631866068 ], [ -81.436577287578572, 28.366698885835639 ], [ -81.43662765861842, 28.366705803958904 ] ] ], [ [ [ -81.436906568108071, 28.366881550330714 ], [ -81.436891023451878, 28.366971042390986 ], [ -81.436840652232377, 28.366964124396699 ], [ -81.436856196940639, 28.366874632342117 ], [ -81.436906568108071, 28.366881550330714 ] ] ], [ [ [ -81.436639167436837, 28.366936452180909 ], [ -81.436631394966227, 28.366981198188057 ], [ -81.436581023761917, 28.366974280071563 ], [ -81.436588796258576, 28.366929534067285 ], [ -81.436639167436837, 28.366936452180909 ] ] ], [ [ [ -81.436918077711709, 28.367112198417068 ], [ -81.436867706405849, 28.367105280438032 ], [ -81.436875478762758, 28.367060534428163 ], [ -81.436925850042584, 28.36706745240431 ], [ -81.436918077711709, 28.367112198417068 ] ] ], [ [ [ -81.436650676318109, 28.367167100262993 ], [ -81.43660030500142, 28.367160182158973 ], [ -81.436608077504957, 28.367115436174938 ], [ -81.436658448795612, 28.367122354276116 ], [ -81.436650676318109, 28.367167100262993 ] ] ], [ [ [ -81.436456963682474, 28.367094681728201 ], [ -81.436433645912814, 28.367228919637277 ], [ -81.436332903249507, 28.367215083203011 ], [ -81.436348448541665, 28.367125591280836 ], [ -81.436398819817114, 28.367132509504202 ], [ -81.436406592424802, 28.367087763531551 ], [ -81.436456963682474, 28.367094681728201 ] ] ], [ [ [ -81.436952904391461, 28.367208608386072 ], [ -81.436945132061922, 28.367253354384342 ], [ -81.436894760669702, 28.367246436420618 ], [ -81.436902533025275, 28.367201690425222 ], [ -81.436952904391461, 28.367208608386072 ] ] ], [ [ [ -81.436972186502516, 28.367394510292868 ], [ -81.436964414166113, 28.367439256270842 ], [ -81.436914042661499, 28.367432338319571 ], [ -81.43692181502395, 28.36738759234445 ], [ -81.436972186502516, 28.367394510292868 ] ] ], [ [ [ -81.436662185262193, 28.367397748205271 ], [ -81.436611813807076, 28.367390830110871 ], [ -81.436619586325733, 28.367346084152853 ], [ -81.436669957754816, 28.367353002244446 ], [ -81.436662185262193, 28.367397748205271 ] ] ], [ [ [ -81.436301812566427, 28.367394066978054 ], [ -81.436352183998096, 28.367400985218531 ], [ -81.436359956655181, 28.367356239280607 ], [ -81.436410328069059, 28.367363157494371 ], [ -81.436433645912814, 28.367228919637277 ], [ -81.436484017256845, 28.367235837818658 ], [ -81.436452926886176, 28.367414821627971 ], [ -81.4365032983426, 28.367421739796882 ], [ -81.436487753159952, 28.367511231672555 ], [ -81.43628626717549, 28.367483558830859 ], [ -81.436301812566427, 28.367394066978054 ] ] ], [ [ [ -81.436991468698437, 28.367580412106129 ], [ -81.436983696355128, 28.367625158063891 ], [ -81.436933324738135, 28.367618240125047 ], [ -81.436941097107479, 28.367573494170205 ], [ -81.436991468698437, 28.367580412106129 ] ] ], [ [ [ -81.436479980556271, 28.367555977601704 ], [ -81.436472207944377, 28.367600723525072 ], [ -81.436522579513181, 28.367607641681523 ], [ -81.436491489087416, 28.367786625328698 ], [ -81.436441117414461, 28.367779707160778 ], [ -81.436448890059296, 28.367734961260506 ], [ -81.436348146790209, 28.36772112485885 ], [ -81.436355919478871, 28.367676378958517 ], [ -81.436456662695875, 28.367690215354504 ], [ -81.436464435324254, 28.367645469442692 ], [ -81.436363692159304, 28.367631633052444 ], [ -81.436371464831495, 28.367586887140561 ], [ -81.436421836383815, 28.36759380534475 ], [ -81.436429609021758, 28.367549059424249 ], [ -81.436479980556271, 28.367555977601704 ] ] ], [ [ [ -81.437010750979198, 28.367766313825921 ], [ -81.437002978628996, 28.367811059763373 ], [ -81.436952606899609, 28.367804141836984 ], [ -81.436960379275845, 28.367759395902361 ], [ -81.437010750979198, 28.367766313825921 ] ] ], [ [ [ -81.436510770315294, 28.36797252703877 ], [ -81.436460398529945, 28.367965608883299 ], [ -81.436491489087416, 28.367786625328698 ], [ -81.436541860768614, 28.367793543472704 ], [ -81.436510770315294, 28.36797252703877 ] ] ], [ [ [ -81.437014488622395, 28.368041707280735 ], [ -81.436964116754567, 28.368034789363932 ], [ -81.436971889145909, 28.3679900434554 ], [ -81.437022260987689, 28.367996961369339 ], [ -81.437014488622395, 28.368041707280735 ] ] ], [ [ [ -81.436553369501013, 28.368024191050303 ], [ -81.436502997681373, 28.368017272915843 ], [ -81.436510770315294, 28.36797252703877 ], [ -81.436561142108886, 28.367979445170366 ], [ -81.436553369501013, 28.368024191050303 ] ] ], [ [ [ -81.436402254066849, 28.368003436575314 ], [ -81.436502997681373, 28.368017272915843 ], [ -81.436495225039238, 28.3680620187871 ], [ -81.436344109551726, 28.368041264231969 ], [ -81.436359654983988, 28.367951772500788 ], [ -81.436410026752839, 28.367958690703965 ], [ -81.436402254066849, 28.368003436575314 ] ] ], [ [ [ -81.437049315795221, 28.368138116984845 ], [ -81.437033771059049, 28.368227608772955 ], [ -81.436983399078827, 28.368220690868583 ], [ -81.436998943867067, 28.368131199086211 ], [ -81.437049315795221, 28.368138116984845 ] ] ], [ [ [ -81.436708221666777, 28.368320338576073 ], [ -81.436607477657347, 28.368306502439939 ], [ -81.436615250262534, 28.368261756589003 ], [ -81.436665622237101, 28.36826867466613 ], [ -81.436673394808025, 28.368223928806561 ], [ -81.4367237667648, 28.368230846856989 ], [ -81.436708221666777, 28.368320338576073 ] ] ], [ [ [ -81.437053053580541, 28.368413510171639 ], [ -81.43700268148794, 28.368406592279662 ], [ -81.437010453893052, 28.36836184641168 ], [ -81.437060825959634, 28.36836876430073 ], [ -81.437053053580541, 28.368413510171639 ] ] ], [ [ [ -81.436692676535856, 28.368409830272036 ], [ -81.436684903958053, 28.368454576111365 ], [ -81.436584159792389, 28.368440739958086 ], [ -81.436591932422274, 28.368395994124501 ], [ -81.436692676535856, 28.368409830272036 ] ] ], [ [ [ -81.437080108572871, 28.368554665626178 ], [ -81.437064563792674, 28.368644157321601 ], [ -81.43701419156163, 28.368637239439206 ], [ -81.437029736393882, 28.368547747749552 ], [ -81.437080108572871, 28.368554665626178 ] ] ], [ [ [ -81.43709939127092, 28.368740566858097 ], [ -81.437091618878071, 28.368785312688392 ], [ -81.437041246560653, 28.368778394821401 ], [ -81.437049018979565, 28.368733648993885 ], [ -81.43709939127092, 28.368740566858097 ] ] ], [ [ [ -81.437110901654094, 28.368971213806589 ], [ -81.437060529224283, 28.36896429595193 ], [ -81.437076074067633, 28.36887480433176 ], [ -81.437126446445362, 28.368881722180635 ], [ -81.437110901654094, 28.368971213806589 ] ] ], [ [ [ -81.437130184514956, 28.369157114831179 ], [ -81.437079811972765, 28.369150196989008 ], [ -81.437095356829872, 28.369060705409353 ], [ -81.437145729320008, 28.369067623245819 ], [ -81.437130184514956, 28.369157114831179 ] ] ], [ [ [ -81.437172784676562, 28.369208778436391 ], [ -81.437149467460671, 28.369343015762315 ], [ -81.437099094806072, 28.369336097932596 ], [ -81.437122412100081, 28.369201860615181 ], [ -81.437172784676562, 28.369208778436391 ] ] ], [ [ [ -81.437184295323831, 28.36943942509561 ], [ -81.437160978062579, 28.369573662343434 ], [ -81.437110605269538, 28.369566744523258 ], [ -81.437133922608908, 28.369432507284039 ], [ -81.437184295323831, 28.36943942509561 ] ] ], [ [ [ -81.436355014363784, 28.369462974357045 ], [ -81.436370560046043, 28.369373482955751 ], [ -81.436420932663282, 28.369380401128165 ], [ -81.436428705466028, 28.369335655415977 ], [ -81.436479078065489, 28.369342573561681 ], [ -81.436486850833973, 28.369297827840828 ], [ -81.436537223415627, 28.36930474595983 ], [ -81.436544996149848, 28.369260000230344 ], [ -81.436645741285844, 28.369273836391002 ], [ -81.43665351395974, 28.369229090650016 ], [ -81.436703886514081, 28.369236008691686 ], [ -81.436711659153701, 28.369191262942113 ], [ -81.436812404235042, 28.369205098948161 ], [ -81.436796859051682, 28.369294590453002 ], [ -81.436847231656799, 28.36930150842592 ], [ -81.436839459078811, 28.369346254172548 ], [ -81.436889831718204, 28.369353172124416 ], [ -81.436835423624061, 28.369666392208803 ], [ -81.436785050802413, 28.369659474236936 ], [ -81.43676950550649, 28.36974896563186 ], [ -81.436618386934768, 28.369728211555749 ], [ -81.436626159664954, 28.369683465869777 ], [ -81.436575786850256, 28.369676547799518 ], [ -81.436568014094036, 28.369721293482652 ], [ -81.436517641261531, 28.369714375385701 ], [ -81.436525414043786, 28.36966962970541 ], [ -81.436424668455629, 28.369655793445588 ], [ -81.436432441281724, 28.36961104776524 ], [ -81.436382068526044, 28.369604129602401 ], [ -81.436405387033076, 28.369469892535211 ], [ -81.436355014363784, 28.369462974357045 ] ] ], [ [ [ -81.437188033606631, 28.369714817344057 ], [ -81.437137660727231, 28.369707899539161 ], [ -81.437145433180589, 28.369663153813054 ], [ -81.437195806033941, 28.36967007161504 ], [ -81.437188033606631, 28.369714817344057 ] ] ], [ [ [ -81.437207316806877, 28.36990071799465 ], [ -81.437156943815083, 28.369893800202235 ], [ -81.437164716275319, 28.36984905449636 ], [ -81.437215089241079, 28.369855972285919 ], [ -81.437207316806877, 28.36990071799465 ] ] ], [ [ [ -81.437226600091975, 28.370086618551742 ], [ -81.437218827642653, 28.370131364234407 ], [ -81.437168454512431, 28.370124446451587 ], [ -81.437176226987773, 28.370079700771733 ], [ -81.437226600091975, 28.370086618551742 ] ] ], [ [ [ -81.435889238591159, 28.370956651302045 ], [ -81.435881465353617, 28.371001396786053 ], [ -81.435831091814222, 28.370994478388571 ], [ -81.435823318542418, 28.371039223863992 ], [ -81.435772944985231, 28.371032305439766 ], [ -81.435765171679165, 28.371077050906507 ], [ -81.435714798104172, 28.3710701324556 ], [ -81.435707024763829, 28.371114877913705 ], [ -81.435656651171058, 28.371107959436085 ], [ -81.435648877796439, 28.371152704885542 ], [ -81.43559850418589, 28.371145786381192 ], [ -81.435590730776994, 28.371190531822013 ], [ -81.435540357148653, 28.371183613290945 ], [ -81.435532583705481, 28.371228358723123 ], [ -81.435482210059348, 28.371221440165346 ], [ -81.435497756989506, 28.371131949300882 ], [ -81.435548130583584, 28.371138867852942 ], [ -81.435563677428732, 28.371049376959704 ], [ -81.435614050978955, 28.37105629548218 ], [ -81.435621824363139, 28.371011550024022 ], [ -81.435672197895599, 28.371018468519818 ], [ -81.435679971245506, 28.370973723052998 ], [ -81.435730344760159, 28.37098064152206 ], [ -81.435738118075818, 28.370935896046571 ], [ -81.435889238591159, 28.370956651302045 ] ] ], [ [ [ -81.436105672021498, 28.372085888169579 ], [ -81.436097898794685, 28.372130633537729 ], [ -81.435997150342303, 28.372116796963653 ], [ -81.436004923621184, 28.37207205160119 ], [ -81.436105672021498, 28.372085888169579 ] ] ], [ [ [ -81.436492518403142, 28.373421774659004 ], [ -81.436442143370769, 28.373414856593175 ], [ -81.436449916533405, 28.373370111349573 ], [ -81.436500291539744, 28.373377029412609 ], [ -81.436492518403142, 28.373421774659004 ] ] ], [ [ [ -81.435605049575145, 28.373483145026974 ], [ -81.435554674578839, 28.373476226543897 ], [ -81.435562448217098, 28.373431481372094 ], [ -81.435612823187356, 28.373438399852276 ], [ -81.435605049575145, 28.373483145026974 ] ] ], [ [ [ -81.436515537194566, 28.373883062922499 ], [ -81.436499990836154, 28.37397255329379 ], [ -81.436399240121688, 28.373958717165099 ], [ -81.436407013357098, 28.373913971988081 ], [ -81.436457388684161, 28.373920890061449 ], [ -81.43646516188528, 28.373876144875808 ], [ -81.436515537194566, 28.373883062922499 ] ] ], [ [ [ -81.435837338251872, 28.373927361890559 ], [ -81.435786962971719, 28.373920443525041 ], [ -81.435794736527839, 28.373875698388034 ], [ -81.435845111781944, 28.373882616750738 ], [ -81.435837338251872, 28.373927361890559 ] ] ], [ [ [ -81.435275436799131, 28.373896003659585 ], [ -81.435225061583665, 28.37388908502858 ], [ -81.435232835434462, 28.373844339928805 ], [ -81.435283210623879, 28.373851258556908 ], [ -81.435275436799131, 28.373896003659585 ] ] ], [ [ [ -81.43521728772464, 28.373933830122603 ], [ -81.435209513857387, 28.37397857521081 ], [ -81.43515913859811, 28.3739716565503 ], [ -81.435166912491397, 28.373926911464959 ], [ -81.43521728772464, 28.373933830122603 ] ] ], [ [ [ -81.43641852255503, 28.374144615903255 ], [ -81.43646889802055, 28.374151533967108 ], [ -81.436453351563344, 28.374241024269086 ], [ -81.436402976045741, 28.374234106199545 ], [ -81.4364107493045, 28.374189361054274 ], [ -81.436360373821202, 28.374182442963708 ], [ -81.436352600536395, 28.374227188106111 ], [ -81.436302225035291, 28.374220269988808 ], [ -81.436333318229259, 28.374041289396004 ], [ -81.436282942840549, 28.374034371266276 ], [ -81.436290716144512, 28.373989626106507 ], [ -81.43639146687805, 28.374003462336397 ], [ -81.436383693626183, 28.37404820750189 ], [ -81.436434069031378, 28.374055125583894 ], [ -81.43641852255503, 28.374144615903255 ] ] ], [ [ [ -81.436453351563344, 28.374241024269086 ], [ -81.436503727089189, 28.374247942314803 ], [ -81.436495953874285, 28.374292687460006 ], [ -81.436445578322392, 28.374285769411401 ], [ -81.436453351563344, 28.374241024269086 ] ] ], [ [ [ -81.434856262634455, 28.375121189200058 ], [ -81.43487181094514, 28.375031699335491 ], [ -81.434821435085624, 28.37502478053478 ], [ -81.434906950492064, 28.374532585897889 ], [ -81.434856574927252, 28.374525667104741 ], [ -81.434872123128017, 28.374436177101384 ], [ -81.434922498640745, 28.374443095888772 ], [ -81.434914724570504, 28.374487840896226 ], [ -81.434965100117523, 28.374494759662639 ], [ -81.434949552004468, 28.374584249665883 ], [ -81.434999927611827, 28.374591168414121 ], [ -81.434984379517886, 28.374680658400038 ], [ -81.435286633647721, 28.374722170422643 ], [ -81.435278859744642, 28.374766915424072 ], [ -81.435480362767024, 28.37479458963994 ], [ -81.435464815144513, 28.374884079648261 ], [ -81.435414439324461, 28.374877161124395 ], [ -81.435422213165879, 28.374832416125972 ], [ -81.435220710072343, 28.374804741803217 ], [ -81.43521293612676, 28.374849486790183 ], [ -81.435162560347962, 28.374842568146949 ], [ -81.435170334319594, 28.374797823162819 ], [ -81.435119958575072, 28.3747909044986 ], [ -81.43511218457742, 28.374835649479905 ], [ -81.435011433061078, 28.374821812074156 ], [ -81.434972562688884, 28.375045536865301 ], [ -81.435022938573127, 28.37505245559441 ], [ -81.434968519888542, 28.375365670079269 ], [ -81.435018895963339, 28.375372588804524 ], [ -81.434980025357532, 28.375596313277498 ], [ -81.435080777792265, 28.375610150685006 ], [ -81.435073003698477, 28.375654895567997 ], [ -81.435375261356953, 28.375696407234688 ], [ -81.43536748741117, 28.375741152129034 ], [ -81.435518616429903, 28.375761907648787 ], [ -81.435510842554024, 28.375806652545965 ], [ -81.434906326612122, 28.375723629143888 ], [ -81.434898552415518, 28.375768374000955 ], [ -81.434797799821951, 28.375754536427433 ], [ -81.434813348311096, 28.375665046718971 ], [ -81.434863724551676, 28.375671965511948 ], [ -81.434894821326978, 28.375492986014148 ], [ -81.434844445190564, 28.375486067232611 ], [ -81.434875541938297, 28.375307087653795 ], [ -81.434825165914305, 28.375300168859841 ], [ -81.43484848846677, 28.37516593412365 ], [ -81.434798112529151, 28.375159015314399 ], [ -81.43480588672287, 28.375114270393631 ], [ -81.434856262634455, 28.375121189200058 ] ] ], [ [ [ -81.43580936689763, 28.375572775060526 ], [ -81.435801593193133, 28.375617520000795 ], [ -81.43575121690823, 28.375610601648862 ], [ -81.435758990638774, 28.37556585671139 ], [ -81.43580936689763, 28.375572775060526 ] ] ], [ [ [ -81.435658238145777, 28.37555201994163 ], [ -81.435642690572308, 28.375641509799379 ], [ -81.435592314286097, 28.375634591372958 ], [ -81.435607861911663, 28.375545101520927 ], [ -81.435658238145777, 28.37555201994163 ] ] ], [ [ [ -81.435076735374921, 28.375930283432474 ], [ -81.435026358962901, 28.375923364744512 ], [ -81.435034133106072, 28.375878619896238 ], [ -81.435084509492057, 28.375885538581294 ], [ -81.435076735374921, 28.375930283432474 ] ] ], [ [ [ -81.435878719690123, 28.376361111612251 ], [ -81.435828342955546, 28.376354193310068 ], [ -81.435836116713674, 28.376309448453576 ], [ -81.435886493422203, 28.376316366752913 ], [ -81.435878719690123, 28.376361111612251 ] ] ], [ [ [ -81.435409781418372, 28.376388335683039 ], [ -81.435402007427214, 28.376433080499314 ], [ -81.435301253958571, 28.376419243424316 ], [ -81.435309028001811, 28.376374498613735 ], [ -81.435409781418372, 28.376388335683039 ] ] ], [ [ [ -81.435153855778111, 28.37667387496144 ], [ -81.435146081625163, 28.376718619725768 ], [ -81.435045327857935, 28.376704782419832 ], [ -81.43505310206298, 28.376660037661171 ], [ -81.435153855778111, 28.37667387496144 ] ] ], [ [ [ -81.435808755730946, 28.376763815086065 ], [ -81.435793208093898, 28.376853304683365 ], [ -81.435742831072858, 28.376846386349687 ], [ -81.435758378762003, 28.376756896758138 ], [ -81.435808755730946, 28.376763815086065 ] ] ], [ [ [ -81.435401698971731, 28.377028599638752 ], [ -81.435351321878244, 28.377021681123765 ], [ -81.435359095950375, 28.376976936379773 ], [ -81.435409473017828, 28.376983854891893 ], [ -81.435401698971731, 28.377028599638752 ] ] ], [ [ [ -81.435502453183474, 28.37704243659714 ], [ -81.435452076073474, 28.377035518129873 ], [ -81.435459850093537, 28.376990773380136 ], [ -81.435510227177488, 28.37699769184459 ], [ -81.435502453183474, 28.37704243659714 ] ] ], [ [ [ -81.435494679181218, 28.377087181343928 ], [ -81.43548690517072, 28.377131926084978 ], [ -81.435436528008651, 28.37712500761198 ], [ -81.435444302045184, 28.377080262873818 ], [ -81.435494679181218, 28.377087181343928 ] ] ], [ [ [ -81.435789168316433, 28.377173436421671 ], [ -81.435781394453969, 28.377218181174019 ], [ -81.435731017216341, 28.377211262841396 ], [ -81.435738791104853, 28.37716651809184 ], [ -81.435789168316433, 28.377173436421671 ] ] ], [ [ [ -81.4357232433196, 28.377256007585125 ], [ -81.435715469414617, 28.377300752323166 ], [ -81.435665092133164, 28.377293833960938 ], [ -81.435672866064181, 28.377249089225781 ], [ -81.4357232433196, 28.377256007585125 ] ] ], [ [ [ -81.435506186320922, 28.377317823451808 ], [ -81.435455809046431, 28.377310904991276 ], [ -81.435463583089856, 28.377266160273379 ], [ -81.435513960338298, 28.377273078731083 ], [ -81.435506186320922, 28.377317823451808 ] ] ], [ [ [ -81.434727204796317, 28.3773482780366 ], [ -81.434626450346826, 28.377334440358513 ], [ -81.434634224831626, 28.37728969570367 ], [ -81.434734979229034, 28.377303533376061 ], [ -81.434727204796317, 28.3773482780366 ] ] ], [ [ [ -81.437980811218239, 28.357133261617538 ], [ -81.437973040359509, 28.357178008865681 ], [ -81.437922674888156, 28.35717109120478 ], [ -81.437930445772906, 28.357126343959479 ], [ -81.437980811218239, 28.357133261617538 ] ] ], [ [ [ -81.437407216768563, 28.357466808731399 ], [ -81.43739944557548, 28.357511555898952 ], [ -81.437349079952298, 28.357504637973662 ], [ -81.437356851171415, 28.357459890809018 ], [ -81.437407216768563, 28.357466808731399 ] ] ], [ [ [ -81.43722503486778, 28.357625043493776 ], [ -81.437217263563682, 28.357669790629604 ], [ -81.437166897861132, 28.357662872621347 ], [ -81.437174669191236, 28.357618125488383 ], [ -81.43722503486778, 28.357625043493776 ] ] ], [ [ [ -81.436748429436065, 28.357697021899181 ], [ -81.436647698083476, 28.35768318541783 ], [ -81.436655469690379, 28.357638438325008 ], [ -81.436756200990885, 28.3576522748006 ], [ -81.436748429436065, 28.357697021899181 ] ] ], [ [ [ -81.43727136730854, 28.357952109302214 ], [ -81.437221001433315, 28.357945191324553 ], [ -81.437228772760747, 28.357900444220583 ], [ -81.437279138609952, 28.357907362195398 ], [ -81.43727136730854, 28.357952109302214 ] ] ], [ [ [ -81.436422920294888, 28.357789753378373 ], [ -81.436415148550964, 28.357834500436645 ], [ -81.4363647828159, 28.357827582053311 ], [ -81.436372554585859, 28.35778283499787 ], [ -81.436422920294888, 28.357789753378373 ] ] ], [ [ [ -81.43652335125411, 28.358399138116308 ], [ -81.436515579507329, 28.358443885110777 ], [ -81.436465213400879, 28.35843696678581 ], [ -81.436472985173694, 28.358392219794144 ], [ -81.43652335125411, 28.358399138116308 ] ] ], [ [ [ -81.436565945621993, 28.358450803411937 ], [ -81.436542630410358, 28.358585044369189 ], [ -81.436492264217577, 28.358578126059502 ], [ -81.436515579507329, 28.358443885110777 ], [ -81.436565945621993, 28.358450803411937 ] ] ], [ [ [ -81.437480308348555, 28.358530581703121 ], [ -81.437429942111478, 28.358523663834355 ], [ -81.437437713381485, 28.358478916782691 ], [ -81.437538445811825, 28.358492752490573 ], [ -81.437522903367707, 28.358582246599532 ], [ -81.437623635935154, 28.35859608222345 ], [ -81.437608093562261, 28.358685576320678 ], [ -81.437658459910395, 28.358692494102506 ], [ -81.437635146367413, 28.358826735213558 ], [ -81.437685512801906, 28.358833652980131 ], [ -81.437669970450841, 28.358923147030932 ], [ -81.437720336945631, 28.358930064779329 ], [ -81.437689252248873, 28.359109052822955 ], [ -81.437638885649946, 28.359102135063115 ], [ -81.437646656862512, 28.35905738806375 ], [ -81.437596290297861, 28.359050470282902 ], [ -81.437611832750378, 28.358960976272538 ], [ -81.437561466246038, 28.358954058473532 ], [ -81.437577008717696, 28.358864564445735 ], [ -81.437526642273667, 28.358857646628575 ], [ -81.437534413523167, 28.358812899608832 ], [ -81.437484047113429, 28.358805981770669 ], [ -81.437507360890677, 28.358671740685345 ], [ -81.43745699456727, 28.358664822831898 ], [ -81.437480308348555, 28.358530581703121 ] ] ], [ [ [ -81.437065573156403, 28.358840132188636 ], [ -81.437015206768805, 28.358833214130058 ], [ -81.437022978286876, 28.358788467144667 ], [ -81.437073344648439, 28.35879538520042 ], [ -81.437065573156403, 28.358840132188636 ] ] ], [ [ [ -81.436302306317415, 28.358781105743127 ], [ -81.436286762511301, 28.358870599605016 ], [ -81.436236396169292, 28.358863681179862 ], [ -81.436251940027475, 28.358774187323665 ], [ -81.436302306317415, 28.358781105743127 ] ] ], [ [ [ -81.4365811889773, 28.358956856594176 ], [ -81.436604504230289, 28.358822615758648 ], [ -81.436554137890852, 28.358815697482378 ], [ -81.436561909651431, 28.35877095052847 ], [ -81.436511543346271, 28.358764032231221 ], [ -81.436542630410358, 28.358585044369189 ], [ -81.436592996611367, 28.358591962655019 ], [ -81.436577453147862, 28.358681456603325 ], [ -81.436627819409196, 28.358688374871019 ], [ -81.436620047691108, 28.35873312183935 ], [ -81.436670413986718, 28.358740040086058 ], [ -81.436654870577954, 28.35882953401104 ], [ -81.436705236933861, 28.358836452239572 ], [ -81.436697465243157, 28.358881199196222 ], [ -81.436747831633355, 28.358888117403797 ], [ -81.436732288279316, 28.358977611305473 ], [ -81.436782654729825, 28.358984529494858 ], [ -81.436767111394943, 28.359074023379154 ], [ -81.436817477905748, 28.359080941550356 ], [ -81.436794162919796, 28.359215182341956 ], [ -81.436844529516947, 28.359222100497909 ], [ -81.436828986203892, 28.359311594335722 ], [ -81.436778619554673, 28.359304676174062 ], [ -81.436786391241355, 28.359259929260912 ], [ -81.436736024626413, 28.359253011078277 ], [ -81.436743796330887, 28.359208264162191 ], [ -81.436693429750235, 28.359201345958514 ], [ -81.436701201472516, 28.359156599039483 ], [ -81.436650834926127, 28.359149680814834 ], [ -81.436666378398073, 28.359060186965085 ], [ -81.436616011911994, 28.359053268722263 ], [ -81.436631555403054, 28.358963774855148 ], [ -81.4365811889773, 28.358956856594176 ] ] ], [ [ [ -81.436921947910236, 28.359370177503344 ], [ -81.4369141762852, 28.359414924413542 ], [ -81.436863809567427, 28.35940800629394 ], [ -81.436871581218512, 28.359363259386626 ], [ -81.436921947910236, 28.359370177503344 ] ] ], [ [ [ -81.437026418629799, 28.359659413136161 ], [ -81.436976051757142, 28.359652495073831 ], [ -81.436983823371264, 28.359607748186857 ], [ -81.437034190217901, 28.35961466624634 ], [ -81.437026418629799, 28.359659413136161 ] ] ], [ [ [ -81.437265562503455, 28.361845526928793 ], [ -81.437215194308337, 28.361838609018609 ], [ -81.437222965996881, 28.361793862369272 ], [ -81.43727333416598, 28.361800780276617 ], [ -81.437265562503455, 28.361845526928793 ] ] ], [ [ [ -81.436908950494995, 28.362117245393215 ], [ -81.436901178610441, 28.362161991982024 ], [ -81.43685081025653, 28.362155073905786 ], [ -81.436858582167119, 28.362110327319858 ], [ -81.436908950494995, 28.362117245393215 ] ] ], [ [ [ -81.437137476970278, 28.362286075193843 ], [ -81.437121933403915, 28.362375568359457 ], [ -81.437071564904628, 28.362368650391154 ], [ -81.437087108523073, 28.362279157231246 ], [ -81.437137476970278, 28.362286075193843 ] ] ], [ [ [ -81.436726757636123, 28.362275477387712 ], [ -81.436718985640567, 28.36232022394476 ], [ -81.436668617207246, 28.362313305785563 ], [ -81.436676389228836, 28.362268559231321 ], [ -81.436726757636123, 28.362275477387712 ] ] ], [ [ [ -81.437013424566004, 28.362406478967401 ], [ -81.437021196413596, 28.362361732398959 ], [ -81.437071564904628, 28.362368650391154 ], [ -81.437063793083084, 28.362413396962445 ], [ -81.437013424566004, 28.362406478967401 ] ] ], [ [ [ -81.437013424566004, 28.362406478967401 ], [ -81.436997880846121, 28.362495972086915 ], [ -81.436947512285229, 28.362489054062312 ], [ -81.436963056057181, 28.362399560948525 ], [ -81.437013424566004, 28.362406478967401 ] ] ], [ [ [ -81.436939740386904, 28.36253380061051 ], [ -81.436889371808235, 28.362526882559187 ], [ -81.43689714373258, 28.362482136013821 ], [ -81.436947512285229, 28.362489054062312 ], [ -81.436939740386904, 28.36253380061051 ] ] ], [ [ [ -81.436536791988402, 28.362478455531701 ], [ -81.436486423475685, 28.362471537289473 ], [ -81.436494195608319, 28.362426790766968 ], [ -81.436544564094987, 28.362433709006346 ], [ -81.436536791988402, 28.362478455531701 ] ] ], [ [ [ -81.436873827934832, 28.36261637563257 ], [ -81.436823459312336, 28.362609457551688 ], [ -81.436839003237793, 28.36251996448399 ], [ -81.436889371808235, 28.362526882559187 ], [ -81.436873827934832, 28.36261637563257 ] ] ], [ [ [ -81.436815687337258, 28.362654204076843 ], [ -81.436765318696985, 28.362647285969214 ], [ -81.436773090698082, 28.362602539446922 ], [ -81.436823459312336, 28.362609457551688 ], [ -81.436815687337258, 28.362654204076843 ] ] ], [ [ [ -81.436354597653974, 28.36263668674275 ], [ -81.436304229061875, 28.362629768417499 ], [ -81.436312001305524, 28.362585021926694 ], [ -81.436362369871574, 28.362591940249121 ], [ -81.436354597653974, 28.36263668674275 ] ] ], [ [ [ -81.436749774670062, 28.362736778996446 ], [ -81.436699405985948, 28.36272986085925 ], [ -81.436714950064939, 28.362640367837695 ], [ -81.436765318696985, 28.362647285969214 ], [ -81.436749774670062, 28.362736778996446 ] ] ], [ [ [ -81.436691633934103, 28.362774607361334 ], [ -81.436641265232225, 28.362767689197412 ], [ -81.436649037310104, 28.362722942698209 ], [ -81.436699405985948, 28.36272986085925 ], [ -81.436691633934103, 28.362774607361334 ] ] ], [ [ [ -81.436590896538576, 28.362760771009647 ], [ -81.436641265232225, 28.362767689197412 ], [ -81.436633493146132, 28.362812435690845 ], [ -81.436583124426448, 28.362805517500231 ], [ -81.436590896538576, 28.362760771009647 ] ] ], [ [ [ -81.436567580177481, 28.362895010464069 ], [ -81.436517211413999, 28.36288809224386 ], [ -81.436524983568617, 28.362843345767654 ], [ -81.436575352306079, 28.362850263985049 ], [ -81.436567580177481, 28.362895010464069 ] ] ], [ [ [ -81.437020899420077, 28.362957273372164 ], [ -81.436970530582343, 28.362950355366735 ], [ -81.436978302502681, 28.362905608864828 ], [ -81.437028671314366, 28.362912526867408 ], [ -81.437020899420077, 28.362957273372164 ] ] ], [ [ [ -81.436509439251125, 28.362932838714244 ], [ -81.436459070469851, 28.362925920467301 ], [ -81.436466842658746, 28.362881173999792 ], [ -81.436517211413999, 28.36288809224386 ], [ -81.436509439251125, 28.362932838714244 ] ] ], [ [ [ -81.436970530582343, 28.362950355366735 ], [ -81.436954986716998, 28.363039848353118 ], [ -81.436904617835467, 28.363032930318095 ], [ -81.43692016175288, 28.362943437337364 ], [ -81.436970530582343, 28.362950355366735 ] ] ], [ [ [ -81.436459070469851, 28.362925920467301 ], [ -81.436451298272715, 28.362970666929026 ], [ -81.436400929473663, 28.362963748655375 ], [ -81.436408701696806, 28.362919002196506 ], [ -81.436459070469851, 28.362925920467301 ] ] ], [ [ [ -81.436896845864425, 28.363077676799755 ], [ -81.436846476965101, 28.36307075873799 ], [ -81.436854248962177, 28.363026012259198 ], [ -81.436904617835467, 28.363032930318095 ], [ -81.436896845864425, 28.363077676799755 ] ] ], [ [ [ -81.436788336042667, 28.363108587122579 ], [ -81.43679610807402, 28.363063840652426 ], [ -81.436846476965101, 28.36307075873799 ], [ -81.436838704959783, 28.363115505211056 ], [ -81.436788336042667, 28.363108587122579 ] ] ], [ [ [ -81.436788336042667, 28.363108587122579 ], [ -81.436780564003087, 28.363153333586979 ], [ -81.436730195068179, 28.363146415471807 ], [ -81.436737967133809, 28.363101669010256 ], [ -81.436788336042667, 28.363108587122579 ] ] ], [ [ [ -81.436335016159759, 28.36304632325259 ], [ -81.436327243885884, 28.363091069691254 ], [ -81.436276875025186, 28.363084151361267 ], [ -81.43628464732511, 28.363039404925463 ], [ -81.436335016159759, 28.36304632325259 ] ] ], [ [ [ -81.435583217271642, 28.363217942806898 ], [ -81.435590989951152, 28.363173196437145 ], [ -81.435641358808738, 28.363180115088738 ], [ -81.435649131453985, 28.363135368710299 ], [ -81.435699500293808, 28.363142287335236 ], [ -81.435707272904779, 28.363097540948175 ], [ -81.435757641726809, 28.363104459546349 ], [ -81.435773186871998, 28.363014966749162 ], [ -81.435823555650202, 28.363021885317774 ], [ -81.435831328184435, 28.362977138907649 ], [ -81.435881696944847, 28.36298405744953 ], [ -81.435889469444803, 28.362939311030768 ], [ -81.435939838187437, 28.362946229545958 ], [ -81.435947610653116, 28.362901483118545 ], [ -81.435997979377973, 28.362908401606994 ], [ -81.436013524232592, 28.362818908729114 ], [ -81.436063892913623, 28.36282582718799 ], [ -81.436071665302549, 28.36278108073752 ], [ -81.436122033965788, 28.36278799916969 ], [ -81.436137578666887, 28.362698506245657 ], [ -81.436187947286314, 28.362705424648219 ], [ -81.436195719598473, 28.36266067817472 ], [ -81.436246088200122, 28.362667596550583 ], [ -81.436253860478033, 28.362622850068377 ], [ -81.436304229061875, 28.362629768417499 ], [ -81.436288684549893, 28.362719261381795 ], [ -81.436238315913982, 28.362712343026956 ], [ -81.43622277131702, 28.362801835962365 ], [ -81.436172402637283, 28.362794917577926 ], [ -81.436164630300411, 28.362839664034105 ], [ -81.436114261602881, 28.362832745622988 ], [ -81.436098716852413, 28.362922238512272 ], [ -81.436048348111072, 28.362915320071561 ], [ -81.436040575697447, 28.362960066504666 ], [ -81.435990206938314, 28.362953148037256 ], [ -81.435974662034312, 28.363042640880401 ], [ -81.435924293231366, 28.363035722383362 ], [ -81.435916520740975, 28.363080468793441 ], [ -81.435866151920251, 28.363073550269668 ], [ -81.435850606862715, 28.363163043066709 ], [ -81.435800237998166, 28.363156124513417 ], [ -81.435792465431021, 28.363200870900407 ], [ -81.43574209654868, 28.36319395232038 ], [ -81.435734323947287, 28.363238698698748 ], [ -81.435683955047153, 28.363231780091962 ], [ -81.435676182411484, 28.363276526461672 ], [ -81.435625813493573, 28.363269607828197 ], [ -81.435618040823641, 28.363314354189264 ], [ -81.435567671887924, 28.363307435529105 ], [ -81.43555989918373, 28.363352181881499 ], [ -81.435509530230249, 28.363345263194564 ], [ -81.435501757491792, 28.363390009538367 ], [ -81.435401019557489, 28.363376172087271 ], [ -81.435393246758736, 28.363420918419557 ], [ -81.435242139841037, 28.363400162055314 ], [ -81.435249912717893, 28.36335541573159 ], [ -81.435300281656168, 28.36336233454066 ], [ -81.435308054498776, 28.3633175882083 ], [ -81.435408792348028, 28.36333142574918 ], [ -81.435416565130325, 28.363286679405341 ], [ -81.435466934041273, 28.363293598137101 ], [ -81.435474706789307, 28.363248851784608 ], [ -81.435525075682477, 28.363255770489673 ], [ -81.435532848396264, 28.363211024128574 ], [ -81.435583217271642, 28.363217942806898 ] ] ], [ [ [ -81.436269102717048, 28.363128897791306 ], [ -81.436218733838587, 28.363121979434666 ], [ -81.436226506172773, 28.363077233007488 ], [ -81.436276875025186, 28.363084151361267 ], [ -81.436269102717048, 28.363128897791306 ] ] ], [ [ [ -81.436714650912265, 28.363235908377504 ], [ -81.43666428193356, 28.363228990232756 ], [ -81.436672054041665, 28.363184243785639 ], [ -81.43672242299435, 28.363191161927528 ], [ -81.436714650912265, 28.363235908377504 ] ] ], [ [ [ -81.436203189145516, 28.363211472271676 ], [ -81.436152820223242, 28.363204553885389 ], [ -81.436168364968367, 28.363115061054096 ], [ -81.436218733838587, 28.363121979434666 ], [ -81.436203189145516, 28.363211472271676 ] ] ], [ [ [ -81.43666428193356, 28.363228990232756 ], [ -81.436656509817212, 28.363273736674067 ], [ -81.4366061408207, 28.363266818502591 ], [ -81.436613912963068, 28.363222072064126 ], [ -81.43666428193356, 28.363228990232756 ] ] ], [ [ [ -81.436152820223242, 28.363204553885389 ], [ -81.436145047838338, 28.363249300292388 ], [ -81.436094678898272, 28.363242381879417 ], [ -81.43610245130921, 28.363197635475306 ], [ -81.436152820223242, 28.363204553885389 ] ] ], [ [ [ -81.43608690647909, 28.363287128277729 ], [ -81.436036537521247, 28.363280209838074 ], [ -81.436044309966448, 28.363235463442571 ], [ -81.436094678898272, 28.363242381879417 ], [ -81.43608690647909, 28.363287128277729 ] ] ], [ [ [ -81.436532455277842, 28.36339413957938 ], [ -81.436482086219726, 28.363387221351616 ], [ -81.436489858438847, 28.363342474936196 ], [ -81.436540227470942, 28.363349393161137 ], [ -81.436532455277842, 28.36339413957938 ] ] ], [ [ [ -81.436020992606146, 28.363369702611639 ], [ -81.435970623604447, 28.363362784142378 ], [ -81.435986168571631, 28.363273291374501 ], [ -81.436036537521247, 28.363280209838074 ], [ -81.436020992606146, 28.363369702611639 ] ] ], [ [ [ -81.436482086219726, 28.363387221351616 ], [ -81.436474313992363, 28.363431967761191 ], [ -81.436423944916456, 28.363425049506738 ], [ -81.436431717169867, 28.363380303099962 ], [ -81.436482086219726, 28.363387221351616 ] ] ], [ [ [ -81.435970623604447, 28.363362784142378 ], [ -81.435962851108528, 28.363407530517652 ], [ -81.435912482089066, 28.363400612021678 ], [ -81.435920254611034, 28.36335586564924 ], [ -81.435970623604447, 28.363362784142378 ] ] ], [ [ [ -81.435912482089066, 28.363400612021678 ], [ -81.435904709558869, 28.363445358388304 ], [ -81.43585434052163, 28.363438439865579 ], [ -81.435862113077846, 28.363393693501806 ], [ -81.435912482089066, 28.363400612021678 ] ] ], [ [ [ -81.436350258961141, 28.363552370405415 ], [ -81.43629988982363, 28.363545452094634 ], [ -81.43630766215378, 28.363500705710933 ], [ -81.436358031265257, 28.363507624018837 ], [ -81.436350258961141, 28.363552370405415 ] ] ], [ [ [ -81.43583879538447, 28.363527932575785 ], [ -81.43578842630339, 28.363521014023494 ], [ -81.435796198902125, 28.36347626767412 ], [ -81.435846567957157, 28.363483186223597 ], [ -81.43583879538447, 28.363527932575785 ] ] ], [ [ [ -81.436233975957293, 28.363628026504315 ], [ -81.436226203576396, 28.363672772867808 ], [ -81.436175834377295, 28.363665854500674 ], [ -81.436183606784212, 28.363621108140052 ], [ -81.436233975957293, 28.363628026504315 ] ] ], [ [ [ -81.43578065369644, 28.363565760367052 ], [ -81.435772881081249, 28.36361050670482 ], [ -81.435722511956357, 28.363603588122967 ], [ -81.435730284597582, 28.363558841788066 ], [ -81.43578065369644, 28.363565760367052 ] ] ], [ [ [ -81.436175834377295, 28.363665854500674 ], [ -81.436168061962135, 28.363710600855555 ], [ -81.436117692745242, 28.363703682461733 ], [ -81.436125465186421, 28.363658936109712 ], [ -81.436175834377295, 28.363665854500674 ] ] ], [ [ [ -81.435656597480516, 28.363686162164033 ], [ -81.435664370164233, 28.363641415843542 ], [ -81.435714739306903, 28.363648334452119 ], [ -81.435706966649235, 28.363693080775512 ], [ -81.435656597480516, 28.363686162164033 ] ] ], [ [ [ -81.435656597480516, 28.363686162164033 ], [ -81.435641052088386, 28.363775654787691 ], [ -81.435590682875855, 28.363768736146667 ], [ -81.435606228320054, 28.36367924352874 ], [ -81.435656597480516, 28.363686162164033 ] ] ], [ [ [ -81.436051778577465, 28.363786256724975 ], [ -81.436044006085552, 28.363831003056799 ], [ -81.435993636807041, 28.363824084606669 ], [ -81.436001409324987, 28.363779338277727 ], [ -81.436051778577465, 28.363786256724975 ] ] ], [ [ [ -81.435590682875855, 28.363768736146667 ], [ -81.435582910141406, 28.363813482446979 ], [ -81.435532540911083, 28.363806563779228 ], [ -81.435540313671567, 28.36376181748178 ], [ -81.435590682875855, 28.363768736146667 ] ] ], [ [ [ -81.435524768142386, 28.363851310070867 ], [ -81.435474398894286, 28.363844391376425 ], [ -81.435482171689017, 28.363799645087614 ], [ -81.435532540911083, 28.363806563779228 ], [ -81.435524768142386, 28.363851310070867 ] ] ], [ [ [ -81.43591994985546, 28.363951405076229 ], [ -81.435869580515345, 28.363944486569828 ], [ -81.435877353110044, 28.363899740263925 ], [ -81.435927722424125, 28.363906658767522 ], [ -81.43591994985546, 28.363951405076229 ] ] ], [ [ [ -81.435466626091312, 28.363889137659445 ], [ -81.435416256825405, 28.363882218938205 ], [ -81.435424029654413, 28.363837472658087 ], [ -81.435474398894286, 28.363844391376425 ], [ -81.435466626091312, 28.363889137659445 ] ] ], [ [ [ -81.435869580515345, 28.363944486569828 ], [ -81.435861807912403, 28.363989232869923 ], [ -81.435811438554495, 28.36398231433677 ], [ -81.435819211183471, 28.363937568039553 ], [ -81.435869580515345, 28.363944486569828 ] ] ], [ [ [ -81.435416256825405, 28.363882218938205 ], [ -81.435400711142691, 28.363971711481245 ], [ -81.435350341832986, 28.363964792730435 ], [ -81.43536588756777, 28.363875300193186 ], [ -81.435416256825405, 28.363882218938205 ] ] ], [ [ [ -81.435745523870139, 28.364064888351184 ], [ -81.435737751190445, 28.364109634628203 ], [ -81.435687381770933, 28.364102716038747 ], [ -81.435695154476662, 28.364057969764627 ], [ -81.435745523870139, 28.364064888351184 ] ] ], [ [ [ -81.435563324633875, 28.364223117558996 ], [ -81.435571097416357, 28.364178371307887 ], [ -81.435621466871439, 28.364185289950758 ], [ -81.435613694114991, 28.364230036204685 ], [ -81.435563324633875, 28.364223117558996 ] ] ], [ [ [ -81.435563324633875, 28.364223117558996 ], [ -81.435555551843152, 28.364267863804308 ], [ -81.435505182344244, 28.364260945131857 ], [ -81.435512955161002, 28.36421619888937 ], [ -81.435563324633875, 28.364223117558996 ] ] ], [ [ [ -81.435489636686029, 28.364350437599395 ], [ -81.435439267143309, 28.364343518897392 ], [ -81.435447040002558, 28.364298772669354 ], [ -81.435497409519257, 28.364305691368532 ], [ -81.435489636686029, 28.364350437599395 ] ] ], [ [ [ -81.435388897608817, 28.364336600171512 ], [ -81.435439267143309, 28.364343518897392 ], [ -81.435431494275818, 28.364388265119661 ], [ -81.435381124715306, 28.3643813463909 ], [ -81.435388897608817, 28.364336600171512 ] ] ], [ [ [ -81.435315209299233, 28.364463920054057 ], [ -81.435307436354989, 28.364508666253236 ], [ -81.435257066732873, 28.364501747468179 ], [ -81.435264839703152, 28.364457001271813 ], [ -81.435315209299233, 28.364463920054057 ] ] ], [ [ [ -81.435140160933301, 28.365768476323826 ], [ -81.435089790573954, 28.365761557482681 ], [ -81.435097563748698, 28.365716811445406 ], [ -81.435147934081996, 28.365723730283726 ], [ -81.435140160933301, 28.365768476323826 ] ] ], [ [ [ -81.435275725894925, 28.36587872478421 ], [ -81.435174985030869, 28.365864887209774 ], [ -81.435182758170001, 28.365820141178322 ], [ -81.435132387776363, 28.365813222358181 ], [ -81.435140160933301, 28.365768476323826 ], [ -81.435240901676721, 28.365782313934591 ], [ -81.435233128571866, 28.365827059974656 ], [ -81.435283498981974, 28.365833978747098 ], [ -81.435275725894925, 28.36587872478421 ] ] ], [ [ [ -81.435326096339324, 28.365885643535613 ], [ -81.435318323270053, 28.365930389569851 ], [ -81.435267952799634, 28.365923470815542 ], [ -81.435275725894925, 28.36587872478421 ], [ -81.435326096339324, 28.365885643535613 ] ] ], [ [ [ -81.43546166173148, 28.365995891726509 ], [ -81.43545388872387, 28.366040637757688 ], [ -81.435403518176614, 28.366033719069268 ], [ -81.435411291210258, 28.365988973040949 ], [ -81.43546166173148, 28.365995891726509 ] ] ], [ [ [ -81.435554629843125, 28.366054475062921 ], [ -81.435546856879341, 28.366099221094043 ], [ -81.435496486289566, 28.366092302450539 ], [ -81.435504259279355, 28.366047556422245 ], [ -81.435554629843125, 28.366054475062921 ] ] ], [ [ [ -81.435194262924071, 28.366050790088202 ], [ -81.43524463346435, 28.366057708874923 ], [ -81.435221314054999, 28.366191946882207 ], [ -81.435170943436589, 28.366185028086896 ], [ -81.435163170257638, 28.366229774074942 ], [ -81.43511279962145, 28.366222855252925 ], [ -81.435151665564078, 28.365999125269322 ], [ -81.435202036070095, 28.366006044077057 ], [ -81.435194262924071, 28.366050790088202 ] ] ], [ [ [ -81.436127986596631, 28.366316481116492 ], [ -81.436027245071145, 28.366302644361163 ], [ -81.43603501779927, 28.366257898318839 ], [ -81.436135759272673, 28.366271735068427 ], [ -81.436127986596631, 28.366316481116492 ] ] ], [ [ [ -81.436279098946699, 28.366337236070432 ], [ -81.436271326340531, 28.366381982121297 ], [ -81.436220955522884, 28.366375063824346 ], [ -81.436236500779074, 28.366285571722546 ], [ -81.436337242318459, 28.366299408281233 ], [ -81.436329469746568, 28.36634415434068 ], [ -81.436279098946699, 28.366337236070432 ] ] ], [ [ [ -81.43572875407915, 28.366536528102301 ], [ -81.435705435306701, 28.366670766047754 ], [ -81.435554322501105, 28.366650010300713 ], [ -81.435569868513852, 28.366560518360021 ], [ -81.435620239388726, 28.36656743696053 ], [ -81.435628012356716, 28.366522690978641 ], [ -81.43572875407915, 28.366536528102301 ] ] ], [ [ [ -81.43595729014767, 28.366705358482221 ], [ -81.435949517337235, 28.366750104466792 ], [ -81.435899146326506, 28.366743186024763 ], [ -81.435906919162989, 28.366698440043052 ], [ -81.43595729014767, 28.366705358482221 ] ] ], [ [ [ -81.435841002453301, 28.366781013531906 ], [ -81.435790631433051, 28.366774095039315 ], [ -81.435798404329816, 28.36672934906915 ], [ -81.435848775324033, 28.366736267558863 ], [ -81.435841002453301, 28.366781013531906 ] ] ], [ [ [ -81.435077664745876, 28.366721979561408 ], [ -81.434926552002878, 28.366701222929546 ], [ -81.434918778647059, 28.366745968839581 ], [ -81.434767665900182, 28.366725211984328 ], [ -81.434783212759854, 28.366635720175566 ], [ -81.434934325350511, 28.366656477013674 ], [ -81.434942098689874, 28.366611731092082 ], [ -81.435093211276651, 28.366632487706852 ], [ -81.435100984529697, 28.366587741770871 ], [ -81.43530246799007, 28.366615416911678 ], [ -81.435294694841161, 28.366660162859063 ], [ -81.435244323937653, 28.366653244106825 ], [ -81.43523655075451, 28.366697990045576 ], [ -81.435085438015378, 28.366677233636992 ], [ -81.435077664745876, 28.366721979561408 ] ] ], [ [ [ -81.436267288874987, 28.366702122608551 ], [ -81.43627506151276, 28.366657376595299 ], [ -81.436325432503111, 28.366664294861678 ], [ -81.436333205106592, 28.366619548839825 ], [ -81.436383576079152, 28.366626467079517 ], [ -81.436375803501704, 28.366671213104258 ], [ -81.436426174508554, 28.366678131322924 ], [ -81.436402856804918, 28.366812369371001 ], [ -81.436453227898113, 28.366819287574351 ], [ -81.436414365024277, 28.367043017553158 ], [ -81.436313622585757, 28.36702918109399 ], [ -81.436305849934229, 28.367073927066684 ], [ -81.436205107476624, 28.36706009050631 ], [ -81.436228425562746, 28.366925852588029 ], [ -81.4363795390272, 28.366946607367012 ], [ -81.436387311627996, 28.366901861374128 ], [ -81.436336940490975, 28.366894943141155 ], [ -81.436344713109577, 28.366850197145368 ], [ -81.436193599826098, 28.366829442311928 ], [ -81.436209145194837, 28.366739950320031 ], [ -81.436360258322111, 28.366760705136336 ], [ -81.436368030916029, 28.366715959123169 ], [ -81.436267288874987, 28.366702122608551 ] ] ], [ [ [ -81.436011395468157, 28.366987671143711 ], [ -81.435995849844431, 28.367077163049057 ], [ -81.435895107433737, 28.367063326196629 ], [ -81.435910653161599, 28.36697383430273 ], [ -81.436011395468157, 28.366987671143711 ] ] ], [ [ [ -81.435612159476065, 28.367207717309189 ], [ -81.43560438643668, 28.367252463210033 ], [ -81.435402901358501, 28.367224788684378 ], [ -81.435410674502037, 28.367180042794939 ], [ -81.435461045733192, 28.367186961459318 ], [ -81.435468818842452, 28.367142215561216 ], [ -81.435619932507237, 28.367162971402557 ], [ -81.435627705530166, 28.367118225490106 ], [ -81.435778819191071, 28.367138981108063 ], [ -81.435771046246245, 28.367183727029072 ], [ -81.435720674991657, 28.367176808510759 ], [ -81.435712902012568, 28.367221554423121 ], [ -81.435612159476065, 28.367207717309189 ] ] ], [ [ [ -81.435236241168496, 28.367293524283955 ], [ -81.435185869892237, 28.36728660551551 ], [ -81.435201416412312, 28.367197113776832 ], [ -81.435251787636474, 28.367204032539522 ], [ -81.435236241168496, 28.367293524283955 ] ] ], [ [ [ -81.435573294196786, 28.367431446755706 ], [ -81.435623665591095, 28.367438365338884 ], [ -81.435615892536575, 28.367483111213701 ], [ -81.435666263965174, 28.367490029775905 ], [ -81.435658490928461, 28.367534775647822 ], [ -81.435507376589314, 28.367514019881089 ], [ -81.435515149704145, 28.367469274017793 ], [ -81.435565521116231, 28.367476192627681 ], [ -81.435573294196786, 28.367431446755706 ] ] ], [ [ [ -81.435391087379315, 28.36758967428181 ], [ -81.435340715913853, 28.367582755591748 ], [ -81.435348489123257, 28.367538009748603 ], [ -81.435398860562671, 28.367544928435766 ], [ -81.435391087379315, 28.36758967428181 ] ] ], [ [ [ -81.435290344456646, 28.367575836877805 ], [ -81.435340715913853, 28.367582755591748 ], [ -81.435309622993955, 28.367761738906676 ], [ -81.435208879879497, 28.367747901432047 ], [ -81.435232199737982, 28.367613663971678 ], [ -81.43528257121298, 28.367620582712366 ], [ -81.435290344456646, 28.367575836877805 ] ] ], [ [ [ -81.435878951556532, 28.368343884212294 ], [ -81.435677463786078, 28.368316210282956 ], [ -81.435685236884623, 28.368271464500772 ], [ -81.435886724550926, 28.368299138418706 ], [ -81.435878951556532, 28.368343884212294 ] ] ], [ [ [ -81.435568946791491, 28.368347118945735 ], [ -81.435576719950348, 28.368302373175048 ], [ -81.435677463786078, 28.368316210282956 ], [ -81.435669690679305, 28.368360956059291 ], [ -81.435568946791491, 28.368347118945735 ] ] ], [ [ [ -81.435367459114843, 28.368319444432181 ], [ -81.435375232377851, 28.368274698672902 ], [ -81.435425604258597, 28.368281617334254 ], [ -81.435417831021624, 28.368326363096362 ], [ -81.435568946791491, 28.368347118945735 ], [ -81.435561173624393, 28.368391864710595 ], [ -81.435158198194799, 28.368336515278756 ], [ -81.435165971570186, 28.3682917695367 ], [ -81.435367459114843, 28.368319444432181 ] ] ], [ [ [ -81.435158198194799, 28.368336515278756 ], [ -81.435150424811198, 28.368381261014996 ], [ -81.434999309083096, 28.368360504575719 ], [ -81.435007082544814, 28.368315758848048 ], [ -81.435158198194799, 28.368336515278756 ] ] ], [ [ [ -81.434898565305588, 28.368346666830188 ], [ -81.434890791783559, 28.368391412546401 ], [ -81.434790047986993, 28.368377574699718 ], [ -81.434797821561091, 28.368332828989239 ], [ -81.434898565305588, 28.368346666830188 ] ] ], [ [ [ -81.434790047986993, 28.368377574699718 ], [ -81.434782274404654, 28.368422320404392 ], [ -81.4347319024927, 28.368415401442391 ], [ -81.434739676101074, 28.368370655740559 ], [ -81.434790047986993, 28.368377574699718 ] ] ], [ [ [ -81.434665983295503, 28.368497973837108 ], [ -81.434565239408698, 28.368484135782335 ], [ -81.434573013111631, 28.368439390100683 ], [ -81.434623385024878, 28.368446309137141 ], [ -81.434631158693549, 28.368401563446781 ], [ -81.434681530589003, 28.368408482456534 ], [ -81.434665983295503, 28.368497973837108 ] ] ], [ [ [ -81.436018256040583, 28.368729523991952 ], [ -81.435917511656285, 28.368715687220213 ], [ -81.435925284664464, 28.368670941467141 ], [ -81.436026028996693, 28.368684778233131 ], [ -81.436018256040583, 28.368729523991952 ] ] ], [ [ [ -81.434979719692578, 28.368770134727416 ], [ -81.434995266703922, 28.368680643364648 ], [ -81.435146383003527, 28.368701399792311 ], [ -81.435154156418733, 28.368656654093659 ], [ -81.435305272714487, 28.368677410298016 ], [ -81.435297499377384, 28.368722156005237 ], [ -81.435196755119904, 28.368708318553821 ], [ -81.435188981722504, 28.368753064249539 ], [ -81.435138609580108, 28.368746145485183 ], [ -81.435130836148446, 28.36879089117225 ], [ -81.434979719692578, 28.368770134727416 ] ] ], [ [ [ -81.434898253331568, 28.368942198509522 ], [ -81.434890479754586, 28.36898694415628 ], [ -81.434840107497209, 28.368980025255443 ], [ -81.434847881100211, 28.368935279611566 ], [ -81.434898253331568, 28.368942198509522 ] ] ], [ [ [ -81.435041596576241, 28.369007700715567 ], [ -81.435033823069134, 28.369052446365121 ], [ -81.434983450760967, 28.369045527533011 ], [ -81.434991224294109, 28.369000781886356 ], [ -81.435041596576241, 28.369007700715567 ] ] ], [ [ [ -81.435126794246969, 28.369111029607165 ], [ -81.435076421896269, 28.369104110819922 ], [ -81.435084195385556, 28.369059365173356 ], [ -81.435134567710222, 28.369066283957732 ], [ -81.435126794246969, 28.369111029607165 ] ] ], [ [ [ -81.435219765553711, 28.369169612759418 ], [ -81.435169393160479, 28.369162694017078 ], [ -81.435177166605925, 28.369117948370562 ], [ -81.435227538973123, 28.369124867110028 ], [ -81.435219765553711, 28.369169612759418 ] ] ], [ [ [ -81.435320510364932, 28.369183450172475 ], [ -81.43531273698936, 28.369228195821854 ], [ -81.435262364553594, 28.369221277124364 ], [ -81.435270137955214, 28.369176531477876 ], [ -81.435320510364932, 28.369183450172475 ] ] ], [ [ [ -81.43528537548525, 28.36968257069941 ], [ -81.435235002780857, 28.369675651997269 ], [ -81.435258323129858, 28.369541415205305 ], [ -81.435308695756135, 28.369548333898919 ], [ -81.435324242562217, 28.369458842669694 ], [ -81.435374615144681, 28.369465761333725 ], [ -81.435390161865769, 28.369376270075659 ], [ -81.435440534404407, 28.369383188710071 ], [ -81.435401667670121, 28.369606916826186 ], [ -81.435351295001311, 28.369599998177453 ], [ -81.435343521603727, 28.369644743780473 ], [ -81.435293148917125, 28.369637825105034 ], [ -81.43528537548525, 28.36968257069941 ] ] ], [ [ [ -81.43573095699027, 28.369789583559371 ], [ -81.43568058418559, 28.369782665069106 ], [ -81.435688357417391, 28.369737919457641 ], [ -81.435738730196007, 28.369744837945053 ], [ -81.43573095699027, 28.369789583559371 ] ] ], [ [ [ -81.435331707029789, 28.370009627071003 ], [ -81.435323933584129, 28.370054372624836 ], [ -81.435273560654949, 28.370047453947532 ], [ -81.435281334126628, 28.370002708396552 ], [ -81.435331707029789, 28.370009627071003 ] ] ], [ [ [ -81.435475052421211, 28.370075128513577 ], [ -81.435424679467275, 28.370068209907863 ], [ -81.435432452860837, 28.370023464348286 ], [ -81.435482825788753, 28.370030382951153 ], [ -81.435475052421211, 28.370075128513577 ] ] ], [ [ [ -81.435365915724589, 28.371297093808007 ], [ -81.435315542051114, 28.371290175172913 ], [ -81.435331089170433, 28.371200684348707 ], [ -81.435381462791824, 28.37120760297811 ], [ -81.435365915724589, 28.371297093808007 ] ] ], [ [ [ -81.435164421080202, 28.37126941912436 ], [ -81.435156647430077, 28.371314164519205 ], [ -81.435106273763552, 28.371307245785765 ], [ -81.435114047439725, 28.371262500393765 ], [ -81.435164421080202, 28.37126941912436 ] ] ], [ [ [ -81.434451416849612, 28.371217300079245 ], [ -81.434443642826722, 28.371262045428317 ], [ -81.434393269249668, 28.371255126357891 ], [ -81.434401043298593, 28.371210381011675 ], [ -81.434451416849612, 28.371217300079245 ] ] ], [ [ [ -81.435257394787854, 28.371328001914527 ], [ -81.435241847567042, 28.371417492698306 ], [ -81.435191473831949, 28.371410574006898 ], [ -81.435199247472511, 28.371365828620732 ], [ -81.435148873771709, 28.37135890990827 ], [ -81.435156647430077, 28.371314164519205 ], [ -81.435257394787854, 28.371328001914527 ] ] ], [ [ [ -81.434319573406526, 28.371382443258998 ], [ -81.434327347506198, 28.371337697932976 ], [ -81.434377721127092, 28.371344617032957 ], [ -81.434369947053455, 28.371389362361853 ], [ -81.434319573406526, 28.371382443258998 ] ] ], [ [ [ -81.434319573406526, 28.371382443258998 ], [ -81.434311799298627, 28.37142718857924 ], [ -81.43426142563392, 28.371420269449622 ], [ -81.434269199767868, 28.371375524132247 ], [ -81.434319573406526, 28.371382443258998 ] ] ], [ [ [ -81.435319274325252, 28.371565566159031 ], [ -81.435268900495558, 28.371558647506799 ], [ -81.435276674108721, 28.371513902132236 ], [ -81.435327047912395, 28.371520820781686 ], [ -81.435319274325252, 28.371565566159031 ] ] ], [ [ [ -81.435218526674106, 28.371551728830653 ], [ -81.435268900495558, 28.371558647506799 ], [ -81.435261126874138, 28.371603392875539 ], [ -81.435210753026666, 28.371596474196547 ], [ -81.435218526674106, 28.371551728830653 ] ] ], [ [ [ -81.435202979370985, 28.371641219556643 ], [ -81.435152605505692, 28.37163430085096 ], [ -81.435160379187423, 28.371589555493689 ], [ -81.435210753026666, 28.371596474196547 ], [ -81.435202979370985, 28.371641219556643 ] ] ], [ [ [ -81.435144831815734, 28.371679046202395 ], [ -81.435094457932692, 28.37167212746996 ], [ -81.435102231648671, 28.371627382121382 ], [ -81.435152605505692, 28.37163430085096 ], [ -81.435144831815734, 28.371679046202395 ] ] ], [ [ [ -81.434079207758714, 28.371578493095125 ], [ -81.43402883402284, 28.371571573858645 ], [ -81.43403660829388, 28.371526828575771 ], [ -81.434086982003706, 28.371533747809423 ], [ -81.434079207758714, 28.371578493095125 ] ] ], [ [ [ -81.435086684208457, 28.371716872812804 ], [ -81.435036310307595, 28.371709954053639 ], [ -81.43504408405785, 28.371665208713694 ], [ -81.435094457932692, 28.37167212746996 ], [ -81.435086684208457, 28.371716872812804 ] ] ], [ [ [ -81.434985936414989, 28.371703035270631 ], [ -81.435036310307595, 28.371709954053639 ], [ -81.435028536549098, 28.37175469938785 ], [ -81.434978162630458, 28.371747780601979 ], [ -81.434985936414989, 28.371703035270631 ] ] ], [ [ [ -81.435288179894371, 28.371744547610799 ], [ -81.435272632629548, 28.37183403830198 ], [ -81.435222258643606, 28.371827119632584 ], [ -81.435237805960526, 28.371737628947088 ], [ -81.435288179894371, 28.371744547610799 ] ] ], [ [ [ -81.434920014901266, 28.371785607114948 ], [ -81.434927788720074, 28.371740861792237 ], [ -81.434978162630458, 28.371747780601979 ], [ -81.434970388837698, 28.371792525927507 ], [ -81.434920014901266, 28.371785607114948 ] ] ], [ [ [ -81.434920014901266, 28.371785607114948 ], [ -81.434912241074215, 28.371830352431843 ], [ -81.434861867120006, 28.371823433592493 ], [ -81.434869640973062, 28.371778688278454 ], [ -81.434920014901266, 28.371785607114948 ] ] ], [ [ [ -81.435214484972818, 28.371871864966636 ], [ -81.435206711293773, 28.371916610294928 ], [ -81.435156337264019, 28.371909691595913 ], [ -81.435164110969097, 28.371864946270517 ], [ -81.435214484972818, 28.371871864966636 ] ] ], [ [ [ -81.434861867120006, 28.371823433592493 ], [ -81.434854093258679, 28.371868178900776 ], [ -81.434803719286677, 28.371861260034709 ], [ -81.434811493174024, 28.371816514729336 ], [ -81.434861867120006, 28.371823433592493 ] ] ], [ [ [ -81.434803719286677, 28.371861260034709 ], [ -81.434795945391087, 28.371906005334399 ], [ -81.43474557140128, 28.371899086441609 ], [ -81.434753345322918, 28.371854341144815 ], [ -81.434803719286677, 28.371861260034709 ] ] ], [ [ [ -81.434730023533348, 28.371988577017877 ], [ -81.434629275474322, 28.371974739149294 ], [ -81.434637049464499, 28.371929993869742 ], [ -81.434737797471428, 28.371943831732622 ], [ -81.434730023533348, 28.371988577017877 ] ] ], [ [ [ -81.435326738946529, 28.372116347538327 ], [ -81.435276364787867, 28.372109428899492 ], [ -81.43528413844777, 28.372064683588636 ], [ -81.435334512580383, 28.372071602224576 ], [ -81.435326738946529, 28.372116347538327 ] ] ], [ [ [ -81.434621501475931, 28.372019484422996 ], [ -81.434571127432761, 28.372012565450078 ], [ -81.434578901457186, 28.371967820179211 ], [ -81.434629275474322, 28.371974739149294 ], [ -81.434621501475931, 28.372019484422996 ] ] ], [ [ [ -81.434520753397848, 28.372005646453214 ], [ -81.434571127432761, 28.372012565450078 ], [ -81.43456335340008, 28.372057310715185 ], [ -81.434512979339118, 28.372050391715497 ], [ -81.434520753397848, 28.372005646453214 ] ] ], [ [ [ -81.434454831193435, 28.372088217945556 ], [ -81.434303709006684, 28.37206746072318 ], [ -81.43431148317778, 28.37202271547816 ], [ -81.434462605286413, 28.372043472691956 ], [ -81.434454831193435, 28.372088217945556 ] ] ], [ [ [ -81.434144812636731, 28.372091448516699 ], [ -81.434152586894186, 28.372046703286031 ], [ -81.434303709006684, 28.37206746072318 ], [ -81.434295934827361, 28.372112205962395 ], [ -81.434144812636731, 28.372091448516699 ] ] ], [ [ [ -81.434144812636731, 28.372091448516699 ], [ -81.434137038371048, 28.372136193741568 ], [ -81.433985916176567, 28.372115436072445 ], [ -81.433993690520367, 28.372070690856134 ], [ -81.434144812636731, 28.372091448516699 ] ] ], [ [ [ -81.434477838497301, 28.372549508249769 ], [ -81.434485612620534, 28.372504763048251 ], [ -81.434586361287998, 28.372518601033171 ], [ -81.43459413535092, 28.372473855820139 ], [ -81.434694883999299, 28.372487693703846 ], [ -81.43470265800191, 28.372442948479339 ], [ -81.434753032312429, 28.372449867382528 ], [ -81.434760806280764, 28.372405122149377 ], [ -81.434962303501194, 28.372432797512122 ], [ -81.434954529636997, 28.37247754275668 ], [ -81.435004903988769, 28.372484461540562 ], [ -81.434981582424925, 28.372618697248203 ], [ -81.435031956863071, 28.372625616016801 ], [ -81.435024183018029, 28.37267036124393 ], [ -81.434973808553849, 28.372663442472518 ], [ -81.434966034674531, 28.37270818769105 ], [ -81.434915660192573, 28.372701268892886 ], [ -81.434907886278992, 28.372746014102781 ], [ -81.434706388329474, 28.372718338660057 ], [ -81.43471416234722, 28.372673593461624 ], [ -81.434663787906501, 28.372666674544099 ], [ -81.434671561942054, 28.372621929342706 ], [ -81.434570813137427, 28.37260809144184 ], [ -81.434563039049806, 28.372652836637521 ], [ -81.434210418311295, 28.372604403212705 ], [ -81.434218192581199, 28.372559658037009 ], [ -81.434318941270291, 28.372573496272004 ], [ -81.434326715479884, 28.372528751084879 ], [ -81.434477838497301, 28.372549508249769 ] ] ], [ [ [ -81.435035688271938, 28.372901006054992 ], [ -81.435027914403548, 28.372945751250363 ], [ -81.434977539774877, 28.37293883248563 ], [ -81.434985313669316, 28.37289408729313 ], [ -81.435035688271938, 28.372901006054992 ] ] ], [ [ [ -81.435240918856067, 28.373204070677424 ], [ -81.435217597468565, 28.373338306184991 ], [ -81.435116847720366, 28.373324468824642 ], [ -81.435155716918771, 28.373100742978409 ], [ -81.435206091658543, 28.373107661656217 ], [ -81.435190544055956, 28.373197152017752 ], [ -81.435240918856067, 28.373204070677424 ] ] ], [ [ [ -81.434210101471507, 28.373199928285512 ], [ -81.434159726758281, 28.373193009139928 ], [ -81.434175275451835, 28.373103518927383 ], [ -81.434225650112992, 28.37311043806724 ], [ -81.434210101471507, 28.373199928285512 ] ] ], [ [ [ -81.434636421799269, 28.373121045186238 ], [ -81.434888295428564, 28.373155639558536 ], [ -81.434864973494228, 28.373289875006133 ], [ -81.434814598673753, 28.37328295617078 ], [ -81.434822372686128, 28.37323821103023 ], [ -81.434721623122016, 28.37322437329377 ], [ -81.434690526814748, 28.373403353798381 ], [ -81.434640151940897, 28.373396434882924 ], [ -81.434632377817451, 28.373441179991769 ], [ -81.434582002925808, 28.373434261049599 ], [ -81.434636421799269, 28.373121045186238 ] ] ], [ [ [ -81.434260476192975, 28.373206847407193 ], [ -81.434244927570631, 28.373296337608107 ], [ -81.434194552797081, 28.373289418480692 ], [ -81.434210101471507, 28.373199928285512 ], [ -81.434260476192975, 28.373206847407193 ] ] ], [ [ [ -81.434539402217936, 28.373382596980356 ], [ -81.434531628042436, 28.373427342083527 ], [ -81.434430878300404, 28.373413504079771 ], [ -81.434446426747371, 28.373324013879131 ], [ -81.434496801562176, 28.373330932887221 ], [ -81.434489027368855, 28.373375677993252 ], [ -81.434539402217936, 28.373382596980356 ] ] ], [ [ [ -81.43507020441055, 28.373592939649445 ], [ -81.435062430496771, 28.373637684766695 ], [ -81.435012055452773, 28.373630766030715 ], [ -81.435027603324173, 28.373541275796196 ], [ -81.435128353316287, 28.373555113232843 ], [ -81.43512057943677, 28.37359985835872 ], [ -81.43507020441055, 28.373592939649445 ] ] ], [ [ [ -81.434527583648901, 28.373747476629777 ], [ -81.434326083435749, 28.373719800542258 ], [ -81.434333857747021, 28.373675055488143 ], [ -81.4344849828164, 28.373695812580952 ], [ -81.434492757041326, 28.37365106751253 ], [ -81.434694257145154, 28.373678743290746 ], [ -81.434702031257686, 28.373633998205111 ], [ -81.434752406278236, 28.373640917087105 ], [ -81.434744632191752, 28.373685662175635 ], [ -81.434795007246578, 28.373692581036696 ], [ -81.4347872331779, 28.373737326122296 ], [ -81.434535357856021, 28.373702731564194 ], [ -81.434527583648901, 28.373747476629777 ] ] ], [ [ [ -81.433957909368544, 28.373760856521169 ], [ -81.433806784312296, 28.373740098686604 ], [ -81.433814558900437, 28.373695353672634 ], [ -81.433965683878554, 28.373716111498609 ], [ -81.433957909368544, 28.373760856521169 ] ] ], [ [ [ -81.435008012869744, 28.373950900425523 ], [ -81.435000238890098, 28.373995645496528 ], [ -81.434949863637783, 28.373988726737686 ], [ -81.434957637643464, 28.373943981669566 ], [ -81.435008012869744, 28.373950900425523 ] ] ], [ [ [ -81.435151364696566, 28.374016401629884 ], [ -81.435100989419496, 28.374009482942633 ], [ -81.435108763347074, 28.373964737865901 ], [ -81.43515913859811, 28.3739716565503 ], [ -81.435151364696566, 28.374016401629884 ] ] ], [ [ [ -81.434953594839286, 28.374264115801253 ], [ -81.434903219430709, 28.374257197025234 ], [ -81.434910993485815, 28.37421245199177 ], [ -81.434860618111543, 28.374205533194775 ], [ -81.434876166249111, 28.374116043116182 ], [ -81.434976916901746, 28.374129880674907 ], [ -81.434953594839286, 28.374264115801253 ] ] ], [ [ [ -81.434754884800597, 28.37629839302603 ], [ -81.434747110470909, 28.37634313780514 ], [ -81.434696733839701, 28.376336218969321 ], [ -81.434704508195438, 28.376291474193042 ], [ -81.434754884800597, 28.37629839302603 ] ] ], [ [ [ -81.434076665547735, 28.376342680544049 ], [ -81.434026288971722, 28.376335761392191 ], [ -81.434034063682461, 28.376291016664663 ], [ -81.434084440232439, 28.376297935813621 ], [ -81.434076665547735, 28.376342680544049 ] ] ], [ [ [ -81.434154094777284, 28.376490752949753 ], [ -81.434103718106641, 28.376483833837082 ], [ -81.434111492790009, 28.376439089121163 ], [ -81.434161869434604, 28.376446008230971 ], [ -81.434154094777284, 28.376490752949753 ] ] ], [ [ [ -81.433960362905694, 28.376418331648473 ], [ -81.433952588144209, 28.376463076355822 ], [ -81.433902211506563, 28.37645615714769 ], [ -81.433909986294083, 28.376411412443225 ], [ -81.433960362905694, 28.376418331648473 ] ] ], [ [ [ -81.434374880063487, 28.376704327029646 ], [ -81.434367105495227, 28.376749071733801 ], [ -81.434316728653116, 28.376742152726194 ], [ -81.434324503247439, 28.376697408024832 ], [ -81.434374880063487, 28.376704327029646 ] ] ], [ [ [ -81.433824463178425, 28.376903603874744 ], [ -81.433816688300311, 28.376948348515693 ], [ -81.43376631138446, 28.37694142925222 ], [ -81.433774086288608, 28.376896684614149 ], [ -81.433824463178425, 28.376903603874744 ] ] ], [ [ [ -81.434312683286677, 28.377062284501278 ], [ -81.434262306262283, 28.377055365473606 ], [ -81.434270080914246, 28.377010620812737 ], [ -81.434320457912605, 28.377017539837524 ], [ -81.434312683286677, 28.377062284501278 ] ] ], [ [ [ -81.433793363616573, 28.377082582403784 ], [ -81.433742986622619, 28.377075663131738 ], [ -81.433750761551465, 28.377030918511043 ], [ -81.433801138519399, 28.377037837780225 ], [ -81.433793363616573, 28.377082582403784 ] ] ], [ [ [ -81.434440490716582, 28.377217275423238 ], [ -81.434432716135845, 28.377262020072443 ], [ -81.43438233898253, 28.377255101104957 ], [ -81.434390113589302, 28.377210356458644 ], [ -81.434440490716582, 28.377217275423238 ] ] ], [ [ [ -81.436117295232577, 28.356877292376804 ], [ -81.436109523410749, 28.356922039519301 ], [ -81.436059158244475, 28.356915120975469 ], [ -81.436066930092338, 28.3568703738358 ], [ -81.436117295232577, 28.356877292376804 ] ] ], [ [ [ -81.435598100028727, 28.356897600115211 ], [ -81.43554773491887, 28.356890681329908 ], [ -81.435555507035261, 28.356845934224562 ], [ -81.435605872119069, 28.356852853007041 ], [ -81.435598100028727, 28.356897600115211 ] ] ], [ [ [ -81.435942884112123, 28.356990778066734 ], [ -81.435892518918536, 28.356983859445581 ], [ -81.435900290860943, 28.356939112326096 ], [ -81.43595065602851, 28.356946030944354 ], [ -81.435942884112123, 28.356990778066734 ] ] ], [ [ [ -81.435539962794252, 28.356935428429441 ], [ -81.435489597666631, 28.356928509617369 ], [ -81.43549736981727, 28.35688376252072 ], [ -81.43554773491887, 28.356890681329908 ], [ -81.435539962794252, 28.356935428429441 ] ] ], [ [ [ -81.435489597666631, 28.356928509617369 ], [ -81.435481825507736, 28.356973256708265 ], [ -81.435431460362338, 28.356966337869494 ], [ -81.435439232547253, 28.35692159078145 ], [ -81.435489597666631, 28.356928509617369 ] ] ], [ [ [ -81.435784016553384, 28.357014769239722 ], [ -81.435776244542453, 28.357059516341931 ], [ -81.435725879321524, 28.357052597643488 ], [ -81.435733651358504, 28.357007850544147 ], [ -81.435784016553384, 28.357014769239722 ] ] ], [ [ [ -81.435322957851056, 28.356997247196905 ], [ -81.435315185597631, 28.357041994267647 ], [ -81.435264820424905, 28.357035075351583 ], [ -81.435272592704365, 28.356990328283651 ], [ -81.435322957851056, 28.356997247196905 ] ] ], [ [ [ -81.435551467313729, 28.357166082642664 ], [ -81.435501102047709, 28.357159163840247 ], [ -81.435508874213482, 28.357114416769644 ], [ -81.435559239453468, 28.357121335569243 ], [ -81.435551467313729, 28.357166082642664 ] ] ], [ [ [ -81.436148079313583, 28.357293853512839 ], [ -81.436097713922578, 28.357286934993883 ], [ -81.436105485784225, 28.357242187894805 ], [ -81.436155851149195, 28.357249106410936 ], [ -81.436148079313583, 28.357293853512839 ] ] ], [ [ [ -81.435326689518163, 28.357272648441011 ], [ -81.435276324207038, 28.357265729534532 ], [ -81.435284096501618, 28.357220982492741 ], [ -81.435334461786709, 28.35722790139636 ], [ -81.435326689518163, 28.357272648441011 ] ] ], [ [ [ -81.435225958904169, 28.357258810604211 ], [ -81.435276324207038, 28.357265729534532 ], [ -81.435268551904244, 28.357310476570525 ], [ -81.435218186575327, 28.357303557637366 ], [ -81.435225958904169, 28.357258810604211 ] ] ], [ [ [ -81.436244773003011, 28.357627838538011 ], [ -81.436237001179649, 28.35767258560222 ], [ -81.436186635555671, 28.357665667132004 ], [ -81.436194407405054, 28.357620920070641 ], [ -81.436244773003011, 28.357627838538011 ] ] ], [ [ [ -81.436132232379521, 28.35797889639943 ], [ -81.43603150079187, 28.357965059347407 ], [ -81.436047044701752, 28.357875565311385 ], [ -81.435996678972359, 28.357868646755264 ], [ -81.436004450940985, 28.357823899731457 ], [ -81.435954085245868, 28.35781698115435 ], [ -81.435961857232286, 28.357772234127552 ], [ -81.435911491571446, 28.357765315529466 ], [ -81.43592703557168, 28.357675821464237 ], [ -81.435876669971137, 28.357668902848001 ], [ -81.435884441984939, 28.357624155809557 ], [ -81.435834076418672, 28.357617237172281 ], [ -81.435849620473633, 28.3575277430838 ], [ -81.435899985987845, 28.357534661715381 ], [ -81.435892213990499, 28.357579408765325 ], [ -81.435942579538974, 28.357586327375877 ], [ -81.435934807559434, 28.357631074422969 ], [ -81.4359851731422, 28.357637993012482 ], [ -81.435977401180452, 28.357682740056642 ], [ -81.43602776679748, 28.357689658625159 ], [ -81.436019994853538, 28.357734405666392 ], [ -81.436120726164404, 28.357748242737561 ], [ -81.436112954264289, 28.357792989778694 ], [ -81.436163319958126, 28.357799908281326 ], [ -81.436155548075831, 28.357844655319539 ], [ -81.436205913803917, 28.357851573801177 ], [ -81.436198141939414, 28.357896320836421 ], [ -81.436248507701805, 28.357903239297062 ], [ -81.436240735855108, 28.357947986329435 ], [ -81.436291101651747, 28.357954904769059 ], [ -81.436275557985709, 28.358044398822098 ], [ -81.436325923842688, 28.358051317243554 ], [ -81.436318152023361, 28.358096064264259 ], [ -81.436368517914588, 28.358102982664729 ], [ -81.436352974303304, 28.358192476694473 ], [ -81.436403340254842, 28.358199395076806 ], [ -81.436395568462885, 28.358244142085809 ], [ -81.436445934448713, 28.358251060447159 ], [ -81.436430390892156, 28.358340554453573 ], [ -81.436380024854273, 28.358333636086584 ], [ -81.436387796662686, 28.358288889089117 ], [ -81.43633743065908, 28.358281970701082 ], [ -81.436345202485299, 28.358237223700659 ], [ -81.436244470554882, 28.358223386858761 ], [ -81.436252242424928, 28.35817863985827 ], [ -81.436201876498131, 28.35817172140435 ], [ -81.436209648385983, 28.358126974400925 ], [ -81.436159282493449, 28.35812005592603 ], [ -81.436167054399093, 28.358075308919684 ], [ -81.436116688540849, 28.358068390423764 ], [ -81.436132232379521, 28.35797889639943 ] ] ], [ [ [ -81.435318608270165, 28.357912944280073 ], [ -81.435268242578118, 28.357906025381318 ], [ -81.435276014935866, 28.357861278414802 ], [ -81.435326380601879, 28.357868197310701 ], [ -81.435318608270165, 28.357912944280073 ] ] ], [ [ [ -81.435268242578118, 28.357906025381318 ], [ -81.435260470212157, 28.357950772342036 ], [ -81.435210104502332, 28.357943853416543 ], [ -81.435217876894342, 28.357899106458703 ], [ -81.435268242578118, 28.357906025381318 ] ] ], [ [ [ -81.435396022790641, 28.358061022896422 ], [ -81.43538825047807, 28.358105769848358 ], [ -81.435337884665429, 28.358098850985954 ], [ -81.435345657004021, 28.358054104036846 ], [ -81.435396022790641, 28.358061022896422 ] ] ], [ [ [ -81.435632307474407, 28.358185110763038 ], [ -81.435624535275522, 28.358229857717678 ], [ -81.435574169369573, 28.358222938968837 ], [ -81.435581941594478, 28.358178192017068 ], [ -81.435632307474407, 28.358185110763038 ] ] ], [ [ [ -81.434988743521771, 28.358921366013583 ], [ -81.434938377255762, 28.358914446977536 ], [ -81.434946149880901, 28.358869700152685 ], [ -81.434996516120862, 28.358876619185871 ], [ -81.434988743521771, 28.358921366013583 ] ] ], [ [ [ -81.435922387779726, 28.359187063775128 ], [ -81.435872021278954, 28.359180145183927 ], [ -81.435879793434182, 28.359135398322152 ], [ -81.435930159908935, 28.359142316910457 ], [ -81.435922387779726, 28.359187063775128 ] ] ], [ [ [ -81.435720921826089, 28.359159389267202 ], [ -81.4356705553583, 28.35915247058055 ], [ -81.435678327617666, 28.359107723730197 ], [ -81.435728694059421, 28.359114642414003 ], [ -81.435720921826089, 28.359159389267202 ] ] ], [ [ [ -81.435620188898753, 28.359145551870057 ], [ -81.4356705553583, 28.35915247058055 ], [ -81.435662783090706, 28.359197217425105 ], [ -81.435612416605139, 28.359190298711763 ], [ -81.435620188898753, 28.359145551870057 ] ] ], [ [ [ -81.435159118606023, 28.359128029217707 ], [ -81.435151346069887, 28.359172776027922 ], [ -81.435100979640751, 28.359165857073073 ], [ -81.435108752202908, 28.359121110265729 ], [ -81.435159118606023, 28.359128029217707 ] ] ], [ [ [ -81.435999804525224, 28.359335141462189 ], [ -81.435949437929864, 28.359328222910143 ], [ -81.435964982177367, 28.359238729204144 ], [ -81.436015348720659, 28.359245647750438 ], [ -81.435999804525224, 28.359335141462189 ] ] ], [ [ [ -81.435193939988935, 28.359224441766198 ], [ -81.435143573525522, 28.359217522832328 ], [ -81.435151346069887, 28.359172776027922 ], [ -81.435201712507279, 28.359179694958936 ], [ -81.435193939988935, 28.359224441766198 ] ] ], [ [ [ -81.435623921629301, 28.359420951561141 ], [ -81.435616149312324, 28.359465698370986 ], [ -81.435565782670565, 28.359458779640491 ], [ -81.435573555013562, 28.35941403283346 ], [ -81.435623921629301, 28.359420951561141 ] ] ], [ [ [ -81.43570911034746, 28.359524282570163 ], [ -81.435701338066096, 28.359569029374139 ], [ -81.435650971355756, 28.359562110685669 ], [ -81.435658743663168, 28.359517363884535 ], [ -81.435608376987119, 28.359510445175019 ], [ -81.435616149312324, 28.359465698370986 ], [ -81.43576724928711, 28.359486454419272 ], [ -81.435759477039994, 28.359531201231885 ], [ -81.43570911034746, 28.359524282570163 ] ] ], [ [ [ -81.435492098880559, 28.359586101263801 ], [ -81.435484326478601, 28.359630848044809 ], [ -81.435433959749204, 28.359623929255143 ], [ -81.435441732177182, 28.359579182477045 ], [ -81.435492098880559, 28.359586101263801 ] ] ], [ [ [ -81.434938065597109, 28.359509993296658 ], [ -81.434887698984454, 28.35950307424736 ], [ -81.434903244388423, 28.359413580736604 ], [ -81.434852877836079, 28.359406661669162 ], [ -81.434868423259189, 28.35931716814094 ], [ -81.434918789759465, 28.359324087202634 ], [ -81.434911017078051, 28.359368833972525 ], [ -81.434961383612631, 28.359375753013254 ], [ -81.434953610949009, 28.359420499780128 ], [ -81.435104710680264, 28.359441256767703 ], [ -81.435112483265783, 28.359396509992195 ], [ -81.435162849833318, 28.359403428937473 ], [ -81.435170622384575, 28.359358682153339 ], [ -81.435220988934333, 28.35936560107185 ], [ -81.435228761451327, 28.359320854279073 ], [ -81.435329494523515, 28.3593346920389 ], [ -81.435337266980227, 28.359289945234597 ], [ -81.435438000033344, 28.359303782893193 ], [ -81.4354302276287, 28.359348529703222 ], [ -81.435379861071993, 28.359341610882996 ], [ -81.435364316185968, 28.359431104479903 ], [ -81.435313949585421, 28.359424185630083 ], [ -81.435306177104053, 28.359468932417009 ], [ -81.435255810485728, 28.35946201354043 ], [ -81.435248037970069, 28.359506760318727 ], [ -81.435197671333981, 28.359499841415492 ], [ -81.435158808502095, 28.359723575205816 ], [ -81.435209175268355, 28.359730494123376 ], [ -81.435193630130058, 28.35981998760473 ], [ -81.43514326331173, 28.359813068681476 ], [ -81.435151035911034, 28.359768321946543 ], [ -81.435100669126982, 28.359761403002295 ], [ -81.435108441744092, 28.359716656264457 ], [ -81.435058074994316, 28.359709737299202 ], [ -81.435065847629218, 28.359664990558425 ], [ -81.434965114206506, 28.359651152562016 ], [ -81.434957341519549, 28.35969589929709 ], [ -81.434906974794529, 28.359688980260241 ], [ -81.434899202073296, 28.359733726986693 ], [ -81.434848835330484, 28.359726807923128 ], [ -81.434841062575003, 28.359771554640911 ], [ -81.434790695814414, 28.359764635550569 ], [ -81.434782923024656, 28.359809382259751 ], [ -81.434732556246288, 28.359802463142739 ], [ -81.434748101869616, 28.359712969724381 ], [ -81.434798468595915, 28.359719888835702 ], [ -81.434806241369216, 28.359675142114927 ], [ -81.434856608077752, 28.359682061199486 ], [ -81.434864380816762, 28.359637314470156 ], [ -81.434914747507506, 28.359644233527998 ], [ -81.434922520212268, 28.359599486790021 ], [ -81.434972886885234, 28.359606405821175 ], [ -81.434980659555734, 28.359561659074529 ], [ -81.434930292908803, 28.359554740046217 ], [ -81.434938065597109, 28.359509993296658 ] ] ], [ [ [ -81.434883656606146, 28.359823220422136 ], [ -81.434984390220635, 28.359837058489138 ], [ -81.434992162906241, 28.359792311768537 ], [ -81.435092896501658, 28.359806149734347 ], [ -81.435085123868106, 28.359850896460653 ], [ -81.435034757040242, 28.359843977486804 ], [ -81.435026984372428, 28.359888724204481 ], [ -81.434976617526786, 28.359881805203926 ], [ -81.434968844824695, 28.359926551912913 ], [ -81.434868111106084, 28.359912713834525 ], [ -81.434883656606146, 28.359823220422136 ] ] ], [ [ [ -81.435472513912529, 28.35999574087305 ], [ -81.435464741462539, 28.360040487604863 ], [ -81.435565475431119, 28.360054325116245 ], [ -81.435557703024955, 28.36009907184793 ], [ -81.435658437078615, 28.360112909269596 ], [ -81.435635119966918, 28.360247149447112 ], [ -81.435584752857864, 28.360240230739656 ], [ -81.435592525262706, 28.360195484022466 ], [ -81.435491791121422, 28.36018164654163 ], [ -81.435499563570076, 28.360136899824386 ], [ -81.435449196537846, 28.36012998105106 ], [ -81.435456969004292, 28.360085234330846 ], [ -81.435356235016641, 28.360071396718308 ], [ -81.435364007526928, 28.360026649998005 ], [ -81.435313640571493, 28.360019731158783 ], [ -81.435321413099601, 28.359974984435578 ], [ -81.435472513912529, 28.35999574087305 ] ] ], [ [ [ -81.435208865514966, 28.360326039176204 ], [ -81.43515849839379, 28.360319120269246 ], [ -81.435166271031576, 28.360274373592254 ], [ -81.435216638126704, 28.360281292496332 ], [ -81.435208865514966, 28.360326039176204 ] ] ], [ [ [ -81.43528628205361, 28.360474116940495 ], [ -81.435235914837847, 28.360467198072698 ], [ -81.435243687448263, 28.360422451407324 ], [ -81.435294054637978, 28.360429370272282 ], [ -81.43528628205361, 28.360474116940495 ] ] ], [ [ [ -81.435146684324721, 28.3606840124068 ], [ -81.435138911638902, 28.360728759034593 ], [ -81.43508854428346, 28.360721840101931 ], [ -81.435096316995313, 28.360677093476994 ], [ -81.435146684324721, 28.3606840124068 ] ] ], [ [ [ -81.435181506334573, 28.360780424568226 ], [ -81.435131138944854, 28.360773505656578 ], [ -81.435138911638902, 28.360728759034593 ], [ -81.435189279002586, 28.360735677943346 ], [ -81.435181506334573, 28.360780424568226 ] ] ], [ [ [ -81.43499931312337, 28.360938654169058 ], [ -81.434898578193398, 28.360924816155883 ], [ -81.434906351024495, 28.36088006956841 ], [ -81.435007085902413, 28.360893907575893 ], [ -81.43499931312337, 28.360938654169058 ] ] ], [ [ [ -81.43468933548894, 28.360941886413396 ], [ -81.434681562537264, 28.360986632977863 ], [ -81.434631195065577, 28.360979713834329 ], [ -81.434638968043288, 28.360934967272737 ], [ -81.43468933548894, 28.360941886413396 ] ] ], [ [ [ -81.435242139841037, 28.363400162055314 ], [ -81.435234366955939, 28.363444908373229 ], [ -81.435133628999978, 28.363431070672014 ], [ -81.435141401937145, 28.363386324359809 ], [ -81.435242139841037, 28.363400162055314 ] ] ], [ [ [ -81.435342568953246, 28.364009538990402 ], [ -81.435292199625749, 28.364002620212901 ], [ -81.435299972531524, 28.363957873955815 ], [ -81.435350341832986, 28.363964792730435 ], [ -81.435342568953246, 28.364009538990402 ] ] ], [ [ [ -81.435234057366458, 28.364040447660027 ], [ -81.435241830306509, 28.363995701411529 ], [ -81.435292199625749, 28.364002620212901 ], [ -81.435284426711746, 28.364047366464217 ], [ -81.435234057366458, 28.364040447660027 ] ] ], [ [ [ -81.435234057366458, 28.364040447660027 ], [ -81.435226284418206, 28.364085193902717 ], [ -81.435175915055126, 28.364078275071726 ], [ -81.435183688029426, 28.364033528831907 ], [ -81.435234057366458, 28.364040447660027 ] ] ], [ [ [ -81.435160369081828, 28.364167767534045 ], [ -81.435109999674935, 28.364160848673542 ], [ -81.435125545700288, 28.364071356216968 ], [ -81.435175915055126, 28.364078275071726 ], [ -81.435160369081828, 28.364167767534045 ] ] ], [ [ [ -81.435059630276299, 28.364153929789186 ], [ -81.435109999674935, 28.364160848673542 ], [ -81.435102226649903, 28.36420559489315 ], [ -81.435051857225233, 28.36419867600592 ], [ -81.435059630276299, 28.364153929789186 ] ] ], [ [ [ -81.435044084165938, 28.364243422216866 ], [ -81.434993714723461, 28.364236503302944 ], [ -81.435001487808805, 28.364191757094815 ], [ -81.435051857225233, 28.36419867600592 ], [ -81.435044084165938, 28.364243422216866 ] ] ], [ [ [ -81.434935572169664, 28.364274330564594 ], [ -81.434943345289255, 28.364229584365095 ], [ -81.434993714723461, 28.364236503302944 ], [ -81.434985941629904, 28.364281249505243 ], [ -81.434935572169664, 28.364274330564594 ] ] ], [ [ [ -81.434935572169664, 28.364274330564594 ], [ -81.43492779904183, 28.364319076758257 ], [ -81.434877429563784, 28.364312157790906 ], [ -81.434885202717652, 28.364267411600061 ], [ -81.434935572169664, 28.364274330564594 ] ] ], [ [ [ -81.434861883231378, 28.364401650155219 ], [ -81.434811513709519, 28.364394731158232 ], [ -81.434819286905878, 28.364349984981793 ], [ -81.434869656401688, 28.364356903975935 ], [ -81.434861883231378, 28.364401650155219 ] ] ], [ [ [ -81.434761144195917, 28.364387812137416 ], [ -81.434811513709519, 28.364394731158232 ], [ -81.434803740504933, 28.364439477328872 ], [ -81.434753370965282, 28.364432558305143 ], [ -81.434761144195917, 28.364387812137416 ] ] ], [ [ [ -81.434753370965282, 28.364432558305143 ], [ -81.434745597726433, 28.364477304467155 ], [ -81.434695228169005, 28.364470385416709 ], [ -81.434703001433888, 28.3644256392576 ], [ -81.434753370965282, 28.364432558305143 ] ] ], [ [ [ -81.434679681614526, 28.364559877717678 ], [ -81.434629312013271, 28.364552958637649 ], [ -81.434637085320659, 28.364508212492947 ], [ -81.434687454895879, 28.364515131570091 ], [ -81.434679681614526, 28.364559877717678 ] ] ], [ [ [ -81.435183378080652, 28.364629067205023 ], [ -81.435133008396917, 28.364622148363633 ], [ -81.435140781443977, 28.364577402190378 ], [ -81.435191151101662, 28.364584321028854 ], [ -81.435183378080652, 28.364629067205023 ] ] ], [ [ [ -81.435133008396917, 28.364622148363633 ], [ -81.435125235341644, 28.364666894531176 ], [ -81.435074865640132, 28.36465997566307 ], [ -81.43508263872144, 28.364615229498426 ], [ -81.435133008396917, 28.364622148363633 ] ] ], [ [ [ -81.434629312013271, 28.364552958637649 ], [ -81.434621538697641, 28.364597704776557 ], [ -81.434571169078609, 28.364590785669861 ], [ -81.434578942420274, 28.364546039533792 ], [ -81.434629312013271, 28.364552958637649 ] ] ], [ [ [ -81.43456339572873, 28.364635531800143 ], [ -81.434513026091906, 28.364628612666682 ], [ -81.434520799467819, 28.364583866539284 ], [ -81.434571169078609, 28.364590785669861 ], [ -81.43456339572873, 28.364635531800143 ] ] ], [ [ [ -81.434497479315368, 28.36471810490422 ], [ -81.434447109634732, 28.364711185741214 ], [ -81.434462656463339, 28.364621693509399 ], [ -81.434513026091906, 28.364628612666682 ], [ -81.434497479315368, 28.36471810490422 ] ] ], [ [ [ -81.435001176575426, 28.364787295221788 ], [ -81.434950806812296, 28.364780376297389 ], [ -81.434958579970385, 28.364735630155828 ], [ -81.43500894970748, 28.364742549077377 ], [ -81.435001176575426, 28.364787295221788 ] ] ], [ [ [ -81.434439336208087, 28.364755931848428 ], [ -81.434388966509644, 28.364749012658656 ], [ -81.434396739962338, 28.364704266554316 ], [ -81.434447109634732, 28.364711185741214 ], [ -81.434439336208087, 28.364755931848428 ] ] ], [ [ [ -81.434338596819472, 28.364742093445088 ], [ -81.434388966509644, 28.364749012658656 ], [ -81.434381193048736, 28.36479375875728 ], [ -81.434330823332516, 28.364786839540805 ], [ -81.434338596819472, 28.364742093445088 ] ] ], [ [ [ -81.434877117455699, 28.364907695730633 ], [ -81.434826747630979, 28.364900776749938 ], [ -81.43483452086582, 28.364856030631458 ], [ -81.43488489066452, 28.364862949609254 ], [ -81.434877117455699, 28.364907695730633 ] ] ], [ [ [ -81.434315276333919, 28.3648763317149 ], [ -81.434264906573887, 28.364869412468845 ], [ -81.434280453624552, 28.364779920300489 ], [ -81.434330823332516, 28.364786839540805 ], [ -81.434315276333919, 28.3648763317149 ] ] ], [ [ [ -81.434818974387909, 28.364945522862683 ], [ -81.434768604545397, 28.364938603855315 ], [ -81.434776377814487, 28.364893857745439 ], [ -81.434826747630979, 28.364900776749938 ], [ -81.434818974387909, 28.364945522862683 ] ] ], [ [ [ -81.434257133036198, 28.364914158544391 ], [ -81.434206763258388, 28.364907239271641 ], [ -81.434214536822111, 28.36486249319897 ], [ -81.434264906573887, 28.364869412468845 ], [ -81.434257133036198, 28.364914158544391 ] ] ], [ [ [ -81.434156393488806, 28.36490031997501 ], [ -81.434206763258388, 28.364907239271641 ], [ -81.434198989686422, 28.364951985338493 ], [ -81.434148619890834, 28.364945066039031 ], [ -81.434156393488806, 28.36490031997501 ] ] ], [ [ [ -81.434702688096138, 28.365021177020729 ], [ -81.434694914776301, 28.365065923110354 ], [ -81.434644544872185, 28.365059004046685 ], [ -81.434652318218056, 28.365014257959896 ], [ -81.434702688096138, 28.365021177020729 ] ] ], [ [ [ -81.434082702830736, 28.365027638820639 ], [ -81.434098250103474, 28.364938146715719 ], [ -81.434148619890834, 28.364945066039031 ], [ -81.434133072670164, 28.365034558149706 ], [ -81.434082702830736, 28.365027638820639 ] ] ], [ [ [ -81.434082702830736, 28.365027638820639 ], [ -81.434074929182017, 28.365072384864444 ], [ -81.434024559324811, 28.365065465508682 ], [ -81.434032332999564, 28.365020719467736 ], [ -81.434082702830736, 28.365027638820639 ] ] ], [ [ [ -81.434024559324811, 28.365065465508682 ], [ -81.43401678564183, 28.365110211543858 ], [ -81.433966415766818, 28.365103292161397 ], [ -81.433974189475848, 28.365058546129042 ], [ -81.434024559324811, 28.365065465508682 ] ] ], [ [ [ -81.434578628207802, 28.365141577109675 ], [ -81.434570854811199, 28.365186323176285 ], [ -81.434520484845464, 28.365179404056324 ], [ -81.434528258268102, 28.365134657992517 ], [ -81.434578628207802, 28.365141577109675 ] ] ], [ [ [ -81.433950868324089, 28.365192784208649 ], [ -81.433900498405279, 28.365185864796562 ], [ -81.433916045900091, 28.365096372755016 ], [ -81.433966415766818, 28.365103292161397 ], [ -81.433950868324089, 28.365192784208649 ] ] ], [ [ [ -81.434446794492587, 28.365306723060399 ], [ -81.434396424465234, 28.365299803884117 ], [ -81.434404197964639, 28.365255057843413 ], [ -81.434454567965957, 28.365261977016839 ], [ -81.434446794492587, 28.365306723060399 ] ] ], [ [ [ -81.433892724645531, 28.365230610808659 ], [ -81.433842354708929, 28.365223691369895 ], [ -81.433850128494726, 28.36517894536064 ], [ -81.433900498405279, 28.365185864796562 ], [ -81.433892724645531, 28.365230610808659 ] ] ], [ [ [ -81.434396424465234, 28.365299803884117 ], [ -81.434388650957615, 28.365344549918984 ], [ -81.434338280912485, 28.365337630716013 ], [ -81.434346054446152, 28.365292884683935 ], [ -81.434396424465234, 28.365299803884117 ] ] ], [ [ [ -81.434272363731495, 28.365420203530089 ], [ -81.434264590147095, 28.365464949541973 ], [ -81.43421422004036, 28.365458030282653 ], [ -81.434221993650795, 28.365413284273657 ], [ -81.434272363731495, 28.365420203530089 ] ] ], [ [ [ -81.43421422004036, 28.365458030282653 ], [ -81.434206446421697, 28.365502776285819 ], [ -81.434156076297171, 28.365495856999818 ], [ -81.434163849941882, 28.365451110999459 ], [ -81.43421422004036, 28.365458030282653 ] ] ], [ [ [ -81.434760518335779, 28.365578886857097 ], [ -81.43471014812053, 28.365571967833571 ], [ -81.43471792147885, 28.365527221801809 ], [ -81.434768291668064, 28.365534140822508 ], [ -81.434760518335779, 28.365578886857097 ] ] ], [ [ [ -81.434140528983079, 28.365585348983121 ], [ -81.43409015881474, 28.36557842966754 ], [ -81.434097932501942, 28.365533683681626 ], [ -81.434148302644246, 28.365540602994376 ], [ -81.434140528983079, 28.365585348983121 ] ] ], [ [ [ -81.434702374753968, 28.365616713859559 ], [ -81.434694601379192, 28.365661459879743 ], [ -81.434644231120117, 28.365654540826657 ], [ -81.434652004520942, 28.365609794809309 ], [ -81.434702374753968, 28.365616713859559 ] ] ], [ [ [ -81.434729424924313, 28.365757870937728 ], [ -81.434744971646509, 28.365668378909014 ], [ -81.434795341922083, 28.365675297914361 ], [ -81.43480311524479, 28.36563055188844 ], [ -81.434853485502572, 28.3656374708671 ], [ -81.434845712205899, 28.365682216895884 ], [ -81.434896082497957, 28.365689135853504 ], [ -81.43488830921909, 28.365733881879329 ], [ -81.434787568591133, 28.365720043934481 ], [ -81.434779795251956, 28.365764789948816 ], [ -81.434729424924313, 28.365757870937728 ] ] ], [ [ [ -81.434636457711079, 28.365699286838193 ], [ -81.434586087434212, 28.365692367758395 ], [ -81.434593860869299, 28.365647621749716 ], [ -81.434644231120117, 28.365654540826657 ], [ -81.434636457711079, 28.365699286838193 ] ] ], [ [ [ -81.434074611415639, 28.365667921621984 ], [ -81.434024241203474, 28.365661002276791 ], [ -81.434039788654658, 28.365571510328071 ], [ -81.43409015881474, 28.36557842966754 ], [ -81.434074611415639, 28.365667921621984 ] ] ], [ [ [ -81.43457054053934, 28.365781859758457 ], [ -81.434520170218661, 28.365774940649047 ], [ -81.434535717165602, 28.365685448654673 ], [ -81.434586087434212, 28.365692367758395 ], [ -81.43457054053934, 28.365781859758457 ] ] ], [ [ [ -81.434729424924313, 28.365757870937728 ], [ -81.434721651550859, 28.365802616943419 ], [ -81.434671281205439, 28.365795697905664 ], [ -81.434679054604928, 28.365750951902804 ], [ -81.434729424924313, 28.365757870937728 ] ] ], [ [ [ -81.434024241203474, 28.365661002276791 ], [ -81.434016467465554, 28.365705748242515 ], [ -81.433966097235597, 28.36569882887061 ], [ -81.43397387099958, 28.365654082907731 ], [ -81.434024241203474, 28.365661002276791 ] ] ], [ [ [ -81.434512396732856, 28.365819686637511 ], [ -81.434462026394385, 28.365812767501463 ], [ -81.434469799906225, 28.365768021515791 ], [ -81.434520170218661, 28.365774940649047 ], [ -81.434512396732856, 28.365819686637511 ] ] ], [ [ [ -81.433958323463401, 28.365743574827668 ], [ -81.43390795321568, 28.365736655429028 ], [ -81.433915727013911, 28.365691909474823 ], [ -81.433966097235597, 28.36569882887061 ], [ -81.433958323463401, 28.365743574827668 ] ] ], [ [ [ -81.434454252874303, 28.365857513481288 ], [ -81.434403882518055, 28.365850594318488 ], [ -81.434411656064171, 28.365805848341445 ], [ -81.434462026394385, 28.365812767501463 ], [ -81.434454252874303, 28.365857513481288 ] ] ], [ [ [ -81.43390795321568, 28.365736655429028 ], [ -81.433900179409193, 28.365781401377486 ], [ -81.43384980914368, 28.365774481952105 ], [ -81.433857582976188, 28.365729736006532 ], [ -81.43390795321568, 28.365736655429028 ] ] ], [ [ [ -81.433842035302945, 28.365819227891912 ], [ -81.433834261453981, 28.365863973825913 ], [ -81.433783891144657, 28.365857054370984 ], [ -81.433791665019655, 28.365812308439828 ], [ -81.433842035302945, 28.365819227891912 ] ] ], [ [ [ -81.434388335401096, 28.365940086255083 ], [ -81.434337965001035, 28.365933167062668 ], [ -81.434345738589656, 28.365888421100067 ], [ -81.434396108963696, 28.365895340289651 ], [ -81.434388335401096, 28.365940086255083 ] ] ], [ [ [ -81.434330191404186, 28.365977913019481 ], [ -81.434279820986319, 28.365970993800332 ], [ -81.434287594609202, 28.365926247846378 ], [ -81.434337965001035, 28.365933167062668 ], [ -81.434330191404186, 28.365977913019481 ] ] ], [ [ [ -81.433768343369934, 28.36594654621593 ], [ -81.433717973016783, 28.365939626731429 ], [ -81.433733520843546, 28.365850134892167 ], [ -81.433783891144657, 28.365857054370984 ], [ -81.433768343369934, 28.36594654621593 ] ] ], [ [ [ -81.434272047355194, 28.366015739748455 ], [ -81.434264273715854, 28.366060485690856 ], [ -81.434213903254175, 28.366053566442115 ], [ -81.434221676919563, 28.366008820502611 ], [ -81.434272047355194, 28.366015739748455 ] ] ], [ [ [ -81.434423158711638, 28.366036497342861 ], [ -81.434415385150388, 28.366081243293802 ], [ -81.434365014663967, 28.366074324116674 ], [ -81.434372788251238, 28.366029578168614 ], [ -81.434423158711638, 28.366036497342861 ] ] ], [ [ [ -81.434206129580545, 28.366098312375851 ], [ -81.434155759101074, 28.366091393100429 ], [ -81.434163532800738, 28.366046647169526 ], [ -81.434213903254175, 28.366053566442115 ], [ -81.434206129580545, 28.366098312375851 ] ] ], [ [ [ -81.434802802608118, 28.366226087781929 ], [ -81.434853173220844, 28.366233006750004 ], [ -81.434845399869232, 28.366277752709305 ], [ -81.434895770516249, 28.366284671656356 ], [ -81.434887997182429, 28.366329417612754 ], [ -81.434787255844569, 28.366315579689036 ], [ -81.434779482450438, 28.366360325633924 ], [ -81.434729111767837, 28.366353406633458 ], [ -81.434736885188002, 28.366308660691409 ], [ -81.434686514539706, 28.366301741669911 ], [ -81.434702061407393, 28.366212249774208 ], [ -81.434651690819408, 28.366205330734612 ], [ -81.434675011137315, 28.36607109285627 ], [ -81.434725381647198, 28.366078011887335 ], [ -81.434717608242167, 28.366122757855408 ], [ -81.43476797878634, 28.366129676865498 ], [ -81.434760205399087, 28.366174422830632 ], [ -81.434810575977551, 28.36618134181969 ], [ -81.434802802608118, 28.366226087781929 ] ] ], [ [ [ -81.434140211677075, 28.366180884944807 ], [ -81.434089841153792, 28.366173965639788 ], [ -81.43410538862986, 28.366084473801102 ], [ -81.434155759101074, 28.366091393100429 ], [ -81.434140211677075, 28.366180884944807 ] ] ], [ [ [ -81.434089841153792, 28.366173965639788 ], [ -81.434082067403409, 28.366218711550481 ], [ -81.43403169686232, 28.366211792218714 ], [ -81.434039470638751, 28.36616704631091 ], [ -81.434089841153792, 28.366173965639788 ] ] ], [ [ [ -81.4341828085103, 28.366232550142328 ], [ -81.434175034803744, 28.366277296052921 ], [ -81.434124664220136, 28.366270376766092 ], [ -81.434132437952726, 28.366225630858356 ], [ -81.4341828085103, 28.366232550142328 ] ] ], [ [ [ -81.43403169686232, 28.366211792218714 ], [ -81.434016149284773, 28.366301284016991 ], [ -81.433965778699886, 28.36629436465568 ], [ -81.433981326329501, 28.366204872863079 ], [ -81.43403169686232, 28.366211792218714 ] ] ], [ [ [ -81.434419114260905, 28.366356638048423 ], [ -81.434469484920044, 28.366363557194958 ], [ -81.434461711353251, 28.36640830311114 ], [ -81.434360969991147, 28.366394464788506 ], [ -81.434353196364043, 28.366439210693198 ], [ -81.434302825669334, 28.366432291493211 ], [ -81.434326146604064, 28.366298053770393 ], [ -81.434426887845518, 28.366311892129325 ], [ -81.434419114260905, 28.366356638048423 ] ] ], [ [ [ -81.434109116730269, 28.366359868564224 ], [ -81.434058746102835, 28.366352949247759 ], [ -81.434066519877931, 28.366308203354468 ], [ -81.434116890479316, 28.366315122668073 ], [ -81.434109116730269, 28.366359868564224 ] ] ], [ [ [ -81.433958004872736, 28.366339110543265 ], [ -81.433907634270042, 28.366332191155209 ], [ -81.433915408123241, 28.366287445270473 ], [ -81.433965778699886, 28.36629436465568 ], [ -81.433958004872736, 28.366339110543265 ] ] ], [ [ [ -81.433857263675606, 28.366325271743342 ], [ -81.433907634270042, 28.366332191155209 ], [ -81.433899860408616, 28.366376937034186 ], [ -81.433849489788159, 28.366370017619449 ], [ -81.433857263675606, 28.366325271743342 ] ] ], [ [ [ -81.434058746102835, 28.366352949247759 ], [ -81.434050972319525, 28.366397695135326 ], [ -81.434000601674313, 28.36639077579213 ], [ -81.434008375483657, 28.366346029907426 ], [ -81.434058746102835, 28.366352949247759 ] ] ], [ [ [ -81.433833941988539, 28.366459509354314 ], [ -81.433783571324255, 28.366452589909997 ], [ -81.433791345254207, 28.36640784404829 ], [ -81.433841715892456, 28.366414763489754 ], [ -81.433833941988539, 28.366459509354314 ] ] ], [ [ [ -81.434186536869547, 28.36650794479652 ], [ -81.43413616614751, 28.366501025519202 ], [ -81.434143939895222, 28.366456279637543 ], [ -81.434194310591224, 28.366463198911966 ], [ -81.434186536869547, 28.36650794479652 ] ] ], [ [ [ -81.433783571324255, 28.366452589909997 ], [ -81.433775797386062, 28.36649733576586 ], [ -81.433725426703987, 28.366490416294798 ], [ -81.4337332006682, 28.366445670441781 ], [ -81.433783571324255, 28.366452589909997 ] ] ], [ [ [ -81.433934683341874, 28.366473348171418 ], [ -81.433926909481784, 28.366518094035879 ], [ -81.433876538774953, 28.366511174636408 ], [ -81.433884312661078, 28.366466428774793 ], [ -81.433934683341874, 28.366473348171418 ] ] ], [ [ [ -81.433709878750832, 28.366579907983557 ], [ -81.433659508024931, 28.366572988482883 ], [ -81.433675056030154, 28.36648349679983 ], [ -81.433725426703987, 28.366490416294798 ], [ -81.433709878750832, 28.366579907983557 ] ] ], [ [ [ -81.434062474063097, 28.366628343819833 ], [ -81.434012103279457, 28.366621424486265 ], [ -81.434019877103935, 28.366576678627631 ], [ -81.434070247861541, 28.366583597958371 ], [ -81.434062474063097, 28.366628343819833 ] ] ], [ [ [ -81.43365173400997, 28.366617734315774 ], [ -81.433601363266291, 28.366610814788391 ], [ -81.433609137307286, 28.366566068958409 ], [ -81.433659508024931, 28.366572988482883 ], [ -81.43365173400997, 28.366617734315774 ] ] ], [ [ [ -81.433953958645304, 28.366659250978813 ], [ -81.433961732504059, 28.366614505128798 ], [ -81.434012103279457, 28.366621424486265 ], [ -81.433996555605788, 28.3667109161862 ], [ -81.433946184778321, 28.366703996822991 ], [ -81.43393841090311, 28.366748742661432 ], [ -81.433888040057866, 28.366741823271514 ], [ -81.433903587852143, 28.366652331594643 ], [ -81.433953958645304, 28.366659250978813 ] ] ], [ [ [ -81.433872492230677, 28.366831314925324 ], [ -81.433822121341592, 28.366824395505837 ], [ -81.433829895285356, 28.36677964968473 ], [ -81.433880266148378, 28.366786569101308 ], [ -81.433872492230677, 28.366831314925324 ] ] ], [ [ [ -81.434310283212028, 28.366983080308714 ], [ -81.434259912196637, 28.366976161098322 ], [ -81.434267685922535, 28.366931415263025 ], [ -81.434318056911877, 28.366938334470579 ], [ -81.434310283212028, 28.366983080308714 ] ] ], [ [ [ -81.43467065406827, 28.366986768255178 ], [ -81.434662880550675, 28.367031514113322 ], [ -81.434612509477546, 28.367024595069974 ], [ -81.434620283021204, 28.366979849214676 ], [ -81.43467065406827, 28.366986768255178 ] ] ], [ [ [ -81.433752155477364, 28.367227107635916 ], [ -81.433651413255333, 28.367213268673968 ], [ -81.433659187325247, 28.367168522910578 ], [ -81.433608816252629, 28.367161603396642 ], [ -81.433616590340364, 28.367116857630311 ], [ -81.433566219302037, 28.367109938095389 ], [ -81.433589541593904, 28.366975700770325 ], [ -81.433690283522594, 28.366989539799182 ], [ -81.433713605584146, 28.366855302404957 ], [ -81.433763976482751, 28.366862221875007 ], [ -81.433771750460764, 28.366817476062508 ], [ -81.433822121341592, 28.366824395505837 ], [ -81.433752155477364, 28.367227107635916 ] ] ], [ [ [ -81.434329559458035, 28.367168982801488 ], [ -81.434279188330251, 28.367162063603487 ], [ -81.434302509503937, 28.367027826141062 ], [ -81.43435288055359, 28.367034745330482 ], [ -81.434337333164777, 28.367124236983614 ], [ -81.434387704274769, 28.367131156154823 ], [ -81.434372156905098, 28.367220647790511 ], [ -81.434422528075416, 28.367227566943612 ], [ -81.434406980724873, 28.367317058561916 ], [ -81.434306238288372, 28.367303220220421 ], [ -81.434329559458035, 28.367168982801488 ] ] ], [ [ [ -81.434391433341418, 28.367406550157039 ], [ -81.434375885925036, 28.367496041729044 ], [ -81.434325514598513, 28.367489122558819 ], [ -81.434341062066977, 28.367399630992495 ], [ -81.434391433341418, 28.367406550157039 ] ] ], [ [ [ -81.434596648270528, 28.36770962035407 ], [ -81.434619969091017, 28.367575383013865 ], [ -81.434670340493071, 28.367582302043807 ], [ -81.434678114057391, 28.367537556249282 ], [ -81.434728485441667, 28.36754447525248 ], [ -81.434720711903367, 28.367589221049808 ], [ -81.43477108332192, 28.367596140031981 ], [ -81.434755536272704, 28.367685631615046 ], [ -81.434705164802082, 28.367678712627143 ], [ -81.434697391239098, 28.367723458407134 ], [ -81.434596648270528, 28.36770962035407 ] ] ], [ [ [ -81.434267369507609, 28.367526949136341 ], [ -81.434251821937679, 28.36761644066226 ], [ -81.434352564738703, 28.367630279043695 ], [ -81.434344790993464, 28.367675024803727 ], [ -81.434395162432381, 28.367681943961525 ], [ -81.434387388704934, 28.367726689718573 ], [ -81.434337017239983, 28.367719770557947 ], [ -81.434329243478274, 28.367764516306341 ], [ -81.434278871995531, 28.367757597118949 ], [ -81.434271098199559, 28.367802342858788 ], [ -81.434321469708337, 28.367809262048993 ], [ -81.434282600735131, 28.368032990675474 ], [ -81.434232229096182, 28.36802607147099 ], [ -81.434247776762234, 28.367936580043427 ], [ -81.434197405183596, 28.367929660820739 ], [ -81.434212952868791, 28.367840169375825 ], [ -81.434162581350478, 28.367833250134968 ], [ -81.434193676726196, 28.367654267187095 ], [ -81.434143305320276, 28.367647347933879 ], [ -81.434174400668425, 28.367468364904919 ], [ -81.434224771970207, 28.367475284146742 ], [ -81.43421699817155, 28.367520029915511 ], [ -81.434267369507609, 28.367526949136341 ] ] ], [ [ [ -81.433499978160086, 28.367788043517908 ], [ -81.433449606731216, 28.36778112394013 ], [ -81.433457380960249, 28.367736378257575 ], [ -81.43350775236307, 28.367743297832533 ], [ -81.433499978160086, 28.367788043517908 ] ] ], [ [ [ -81.43439889154763, 28.367957337568228 ], [ -81.434449263159266, 28.367964256695483 ], [ -81.434441489434505, 28.36800900242358 ], [ -81.434491861080417, 28.368015921529761 ], [ -81.434468539934841, 28.368150158687918 ], [ -81.434418168210826, 28.368143239573165 ], [ -81.434433715701516, 28.368053748145847 ], [ -81.434383344037798, 28.368046829012947 ], [ -81.43439889154763, 28.367957337568228 ] ] ], [ [ [ -81.43432519858905, 28.36808465556695 ], [ -81.434309650977752, 28.368174146971267 ], [ -81.43425927925243, 28.368167227782013 ], [ -81.434274826915797, 28.36807773638343 ], [ -81.43432519858905, 28.36808465556695 ] ] ], [ [ [ -81.433856305746872, 28.368111873409038 ], [ -81.43383298356521, 28.368246110394935 ], [ -81.433782611836023, 28.368239190982358 ], [ -81.433805934095815, 28.368104954005034 ], [ -81.433856305746872, 28.368111873409038 ] ] ], [ [ [ -81.434429671194223, 28.368373887169209 ], [ -81.434421897421416, 28.368418632848108 ], [ -81.434270781805424, 28.368397875380758 ], [ -81.434286329499045, 28.368308384034311 ], [ -81.434336701310727, 28.368315303208217 ], [ -81.434328927494064, 28.368360048887208 ], [ -81.434429671194223, 28.368373887169209 ] ] ], [ [ [ -81.434278239312718, 28.368948661377914 ], [ -81.434227867128286, 28.368941742187836 ], [ -81.434220093196359, 28.368986487785865 ], [ -81.434169720994134, 28.368979568569063 ], [ -81.43416194702796, 28.36902431415848 ], [ -81.434111574807943, 28.369017394914945 ], [ -81.434142670727454, 28.368838412534071 ], [ -81.434193042843319, 28.368845331766185 ], [ -81.434200816776567, 28.368800586153604 ], [ -81.434251188874654, 28.368807505359023 ], [ -81.43425896277364, 28.368762759737848 ], [ -81.434309334853921, 28.368769678916479 ], [ -81.434317108718645, 28.368724933286721 ], [ -81.434367480781148, 28.368731852438625 ], [ -81.434351933095556, 28.368821343698137 ], [ -81.43430156098097, 28.368814424540496 ], [ -81.434278239312718, 28.368948661377914 ] ] ], [ [ [ -81.433453010610933, 28.368652049633862 ], [ -81.433503382559238, 28.368658969194371 ], [ -81.433518931113611, 28.368569478020415 ], [ -81.43361967493081, 28.368583317058341 ], [ -81.433565255210908, 28.368896536106025 ], [ -81.433514883115933, 28.368889616578961 ], [ -81.43350710881127, 28.368934362131235 ], [ -81.433456736698503, 28.368927442577462 ], [ -81.433441188012381, 28.369016933658912 ], [ -81.433390815855788, 28.369010014075556 ], [ -81.433453010610933, 28.368652049633862 ] ] ], [ [ [ -81.433328620573704, 28.369367978147253 ], [ -81.433344169443629, 28.369278487164028 ], [ -81.433394541756442, 28.369285406764476 ], [ -81.433402316153021, 28.369240661261355 ], [ -81.433452688448043, 28.369247580835129 ], [ -81.433468237164419, 28.369158089805779 ], [ -81.433518609415614, 28.369165009349977 ], [ -81.433541932350309, 28.369030772754034 ], [ -81.433592304531658, 28.36903769226576 ], [ -81.433615627314154, 28.368903455609189 ], [ -81.433665999425614, 28.368910375088511 ], [ -81.433658225199068, 28.368955120649353 ], [ -81.433708597344832, 28.368962040107622 ], [ -81.433739694097525, 28.368783057818209 ], [ -81.433790066147395, 28.368789977241256 ], [ -81.43381338854735, 28.368655740454901 ], [ -81.433863760527359, 28.368662659845452 ], [ -81.433809341661103, 28.368975878952671 ], [ -81.43375896949884, 28.368968959542066 ], [ -81.433743421125172, 28.369058450657846 ], [ -81.433693048919096, 28.3690515312177 ], [ -81.433677500460405, 28.369141022304571 ], [ -81.433627128210489, 28.369134102834796 ], [ -81.433603805382603, 28.369268339413235 ], [ -81.433553433062841, 28.369261419911069 ], [ -81.433537884417689, 28.369350910928755 ], [ -81.433487512054086, 28.369343991396981 ], [ -81.43347196332391, 28.369433482385805 ], [ -81.433421590916495, 28.369426562824469 ], [ -81.433406042101311, 28.369516053784434 ], [ -81.433355669650069, 28.36950913419351 ], [ -81.433347895204093, 28.369553879661989 ], [ -81.43329752273506, 28.369546960044339 ], [ -81.433281973766327, 28.369636450958193 ], [ -81.433231601253482, 28.369629531310988 ], [ -81.433223826730739, 28.369674276756371 ], [ -81.433173454200073, 28.369667357082431 ], [ -81.433165679643054, 28.369712102519202 ], [ -81.433115307094624, 28.369705182818517 ], [ -81.433123081677692, 28.369660437384635 ], [ -81.43307270916354, 28.369653517662972 ], [ -81.4330804837644, 28.369608772226144 ], [ -81.433130856252518, 28.369615691944968 ], [ -81.433146405377457, 28.369526201048249 ], [ -81.433196777821735, 28.369533120737465 ], [ -81.433212326861678, 28.369443629811904 ], [ -81.433262699262144, 28.369450549471569 ], [ -81.433278248217078, 28.369361058517161 ], [ -81.433328620573704, 28.369367978147253 ] ] ], [ [ [ -81.433061209709805, 28.369422870689746 ], [ -81.433068984295531, 28.369378125226902 ], [ -81.433119356645207, 28.369385044955251 ], [ -81.433134905739891, 28.369295554006449 ], [ -81.433185278045741, 28.3693024737053 ], [ -81.433193052554699, 28.369257728219342 ], [ -81.433243424842757, 28.369264647891416 ], [ -81.433227875868695, 28.369354138863226 ], [ -81.433177503528555, 28.369347219185435 ], [ -81.433161954469483, 28.36943671012838 ], [ -81.433061209709805, 28.369422870689746 ] ] ], [ [ [ -81.4332350029607, 28.370500452817989 ], [ -81.433184629936633, 28.370493533164225 ], [ -81.433200179166178, 28.370404042464312 ], [ -81.433250552138162, 28.370410962112381 ], [ -81.433258326714537, 28.370366216750892 ], [ -81.433308699668743, 28.37037313637223 ], [ -81.433293150559834, 28.370462627095119 ], [ -81.433242777553545, 28.370455707468068 ], [ -81.4332350029607, 28.370500452817989 ] ] ], [ [ [ -81.434308386455726, 28.37055626920883 ], [ -81.434207640173497, 28.370542430891224 ], [ -81.434215414255164, 28.370497685475446 ], [ -81.434165041152468, 28.370490766283691 ], [ -81.434172815251927, 28.370446020864964 ], [ -81.434072069123346, 28.370432182415581 ], [ -81.434079843266673, 28.370387436996801 ], [ -81.433979097223158, 28.370373598457636 ], [ -81.433986871410312, 28.370328853038817 ], [ -81.433835752485038, 28.37030809505967 ], [ -81.433843526742052, 28.370263349643658 ], [ -81.433642035061354, 28.370235672015397 ], [ -81.43363426070016, 28.370280417420023 ], [ -81.43348314194813, 28.370259658939663 ], [ -81.433475367500606, 28.370304404329943 ], [ -81.433424994573727, 28.370297484785929 ], [ -81.433417220091926, 28.37034223016752 ], [ -81.433366847147269, 28.370335310596762 ], [ -81.433359072631191, 28.370380055969726 ], [ -81.433308699668743, 28.37037313637223 ], [ -81.433324248744725, 28.370283645626227 ], [ -81.433374621655091, 28.370290565217996 ], [ -81.433382396154698, 28.370245819833439 ], [ -81.433432769047286, 28.370252739398509 ], [ -81.433440543512617, 28.370207994005344 ], [ -81.433490916387427, 28.370214913543645 ], [ -81.433498690818482, 28.370170168141826 ], [ -81.433599436540774, 28.370184007141177 ], [ -81.433607210911518, 28.370139261727871 ], [ -81.433808702350944, 28.370166939428707 ], [ -81.433816476609309, 28.370122193998149 ], [ -81.433917222326443, 28.370136032699648 ], [ -81.433909448120147, 28.370180778135914 ], [ -81.434060566835825, 28.370201536017756 ], [ -81.434052792699418, 28.370246281456758 ], [ -81.434153538603198, 28.370260119931057 ], [ -81.434145764510632, 28.370304865370027 ], [ -81.434246510499477, 28.370318703754499 ], [ -81.434238736450752, 28.370363449193459 ], [ -81.434339482524678, 28.370377287488186 ], [ -81.434331708519792, 28.370422032927067 ], [ -81.434382081595174, 28.370428952041511 ], [ -81.434374307608081, 28.370473697477383 ], [ -81.43442468071774, 28.370480616570827 ], [ -81.434416906748467, 28.370525362003811 ], [ -81.434467279892417, 28.370532281076269 ], [ -81.43445950594095, 28.370577026506322 ], [ -81.434509879119176, 28.370583945557744 ], [ -81.434494331243613, 28.37067343640626 ], [ -81.434544704482164, 28.370680355439511 ], [ -81.434529156625743, 28.37076984627063 ], [ -81.434579529924633, 28.370776765285715 ], [ -81.434517338377901, 28.371134728401731 ], [ -81.434466964870708, 28.371127809363763 ], [ -81.434498060814093, 28.370948827863419 ], [ -81.434447687419294, 28.370941908812988 ], [ -81.434471009368508, 28.37080767263566 ], [ -81.434420636060082, 28.37080075356991 ], [ -81.434428410052718, 28.370756008168783 ], [ -81.434378036778583, 28.370749089082061 ], [ -81.434393584791223, 28.37065959826808 ], [ -81.434343211577414, 28.370652679163236 ], [ -81.434350985597433, 28.370607933750417 ], [ -81.4343006124179, 28.370601014624558 ], [ -81.434308386455726, 28.37055626920883 ] ] ], [ [ [ -81.433134256920809, 28.370486613486563 ], [ -81.433184629936633, 28.370493533164225 ], [ -81.433169080674162, 28.370583023841025 ], [ -81.433118707606269, 28.370576104157664 ], [ -81.433110932936643, 28.370620849484503 ], [ -81.433060559850972, 28.370613929774414 ], [ -81.433076109234051, 28.370524439120658 ], [ -81.433126482267653, 28.37053135882498 ], [ -81.433134256920809, 28.370486613486563 ] ] ], [ [ [ -81.433060559850972, 28.370613929774414 ], [ -81.433045010434938, 28.370703420405079 ], [ -81.432994637305427, 28.370696500665421 ], [ -81.433010186773529, 28.370607010040455 ], [ -81.433060559850972, 28.370613929774414 ] ] ], [ [ [ -81.43393617966521, 28.370917462348508 ], [ -81.433928405397069, 28.370962207695069 ], [ -81.433878032040951, 28.370955288376383 ], [ -81.433885806335127, 28.370910543032728 ], [ -81.43393617966521, 28.370917462348508 ] ] ], [ [ [ -81.43390508254322, 28.371096443699976 ], [ -81.433854709108985, 28.371089524372753 ], [ -81.433862483427873, 28.371044779046436 ], [ -81.433912856836074, 28.371051698370785 ], [ -81.43390508254322, 28.371096443699976 ] ] ], [ [ [ -81.433846934781869, 28.371134269693318 ], [ -81.433796561329842, 28.371127350339336 ], [ -81.433804335682993, 28.371082605021634 ], [ -81.433854709108985, 28.371089524372753 ], [ -81.433846934781869, 28.371134269693318 ] ] ], [ [ [ -81.433559921735835, 28.371598790153207 ], [ -81.43376141664011, 28.371626467837963 ], [ -81.433769191057806, 28.371581722581038 ], [ -81.433920312244524, 28.371602480585402 ], [ -81.433928086575861, 28.37155773531407 ], [ -81.43402883402284, 28.371571573858645 ], [ -81.434021059743586, 28.371616319135676 ], [ -81.43397068598992, 28.371609399872487 ], [ -81.433962911676389, 28.371654145140866 ], [ -81.433811790386812, 28.371633387199488 ], [ -81.433804015986922, 28.371678132453528 ], [ -81.433753642214199, 28.371671213089144 ], [ -81.433745867780033, 28.37171595833458 ], [ -81.433645120207245, 28.371702119528504 ], [ -81.433637345712754, 28.371746864762436 ], [ -81.433486224337344, 28.371726106365749 ], [ -81.433478449756521, 28.371770851585293 ], [ -81.433377702162076, 28.371757012529159 ], [ -81.433369927520957, 28.371801757737245 ], [ -81.433067684779402, 28.371760239978791 ], [ -81.433059909973807, 28.371804985163912 ], [ -81.43311028376948, 28.371811904852844 ], [ -81.43310250898169, 28.37185665003507 ], [ -81.432901013744356, 28.371828971124739 ], [ -81.432908788636297, 28.371784225953942 ], [ -81.432757667373053, 28.371763466529206 ], [ -81.432773217288457, 28.371673976187413 ], [ -81.433075459576756, 28.371715494787864 ], [ -81.433083234365895, 28.371670749591161 ], [ -81.433234355543306, 28.37169150856062 ], [ -81.433242130246086, 28.371646763349535 ], [ -81.433393251419645, 28.371667522095663 ], [ -81.433401026036066, 28.37162277687025 ], [ -81.433552147205759, 28.371643535392945 ], [ -81.433559921735835, 28.371598790153207 ] ] ], [ [ [ -81.433978141824525, 28.372160181283011 ], [ -81.433827019626179, 28.372139423390539 ], [ -81.433834794056338, 28.372094678188532 ], [ -81.433985916176567, 28.372115436072445 ], [ -81.433978141824525, 28.372160181283011 ] ] ], [ [ [ -81.43367589750207, 28.372118665283253 ], [ -81.433827019626179, 28.372139423390539 ], [ -81.433819245187806, 28.372184168586681 ], [ -81.43366812298558, 28.372163410470876 ], [ -81.43367589750207, 28.372118665283253 ] ] ], [ [ [ -81.433660348460847, 28.372208155652693 ], [ -81.43350922625477, 28.372187397313446 ], [ -81.43351700085762, 28.372142652140226 ], [ -81.43366812298558, 28.372163410470876 ], [ -81.433660348460847, 28.372208155652693 ] ] ], [ [ [ -81.433501451643693, 28.372232142480932 ], [ -81.433400703495479, 28.372218303463089 ], [ -81.433408478158626, 28.372173558301331 ], [ -81.43350922625477, 28.372187397313446 ], [ -81.433501451643693, 28.372232142480932 ] ] ], [ [ [ -81.433342554736299, 28.372256129071491 ], [ -81.433292180656792, 28.372249209500051 ], [ -81.433299955380264, 28.372204464349792 ], [ -81.433350329433736, 28.37221138391838 ], [ -81.433342554736299, 28.372256129071491 ] ] ], [ [ [ -81.433024760650909, 28.372304101539424 ], [ -81.432873638429385, 28.372283342306741 ], [ -81.432881413377629, 28.372238597190876 ], [ -81.433032535521036, 28.372259356414979 ], [ -81.433024760650909, 28.372304101539424 ] ] ], [ [ [ -81.432722516282098, 28.372262582859264 ], [ -81.432873638429385, 28.372283342306741 ], [ -81.432865863472898, 28.372328087416815 ], [ -81.432714741247494, 28.372307327960723 ], [ -81.432722516282098, 28.372262582859264 ] ] ], [ [ [ -81.432714741247494, 28.372307327960723 ], [ -81.432706966204663, 28.372352073056437 ], [ -81.432606218043588, 28.372338233294041 ], [ -81.432613993138489, 28.372293488204015 ], [ -81.432714741247494, 28.372307327960723 ] ] ], [ [ [ -81.433342231781168, 28.37285165468187 ], [ -81.433140734092575, 28.372823976295173 ], [ -81.433148508949131, 28.372779231222886 ], [ -81.433350006533587, 28.372806909598136 ], [ -81.433342231781168, 28.37285165468187 ] ] ], [ [ [ -81.433190784477645, 28.37342642064613 ], [ -81.432989285467997, 28.373398742015357 ], [ -81.432997060457637, 28.373353997021074 ], [ -81.433198559363134, 28.373381675640402 ], [ -81.433190784477645, 28.37342642064613 ] ] ], [ [ [ -81.432578512638557, 28.373388128573865 ], [ -81.432586287844757, 28.373343383608237 ], [ -81.432838161297397, 28.373377982791673 ], [ -81.432830386221411, 28.373422727771597 ], [ -81.432628887338637, 28.373395048461159 ], [ -81.432621112150244, 28.373439793423881 ], [ -81.432419613295338, 28.373412113720111 ], [ -81.432427388587868, 28.373367368768829 ], [ -81.432578512638557, 28.373388128573865 ] ] ], [ [ [ -81.433655659330327, 28.373719340637226 ], [ -81.433647884655826, 28.373764085636839 ], [ -81.433446384691223, 28.37373640789211 ], [ -81.433454159469875, 28.373691662903958 ], [ -81.433655659330327, 28.373719340637226 ] ] ], [ [ [ -81.433388234907767, 28.373774233375862 ], [ -81.433085985101627, 28.373732715882465 ], [ -81.43309376007079, 28.373687970920052 ], [ -81.433396009720695, 28.373729488396318 ], [ -81.433388234907767, 28.373774233375862 ] ] ], [ [ [ -81.432582236084798, 28.37366351815081 ], [ -81.433085985101627, 28.373732715882465 ], [ -81.433078210124222, 28.373777460839058 ], [ -81.432775960458869, 28.37373594246932 ], [ -81.432768185317002, 28.373780687403045 ], [ -81.43246593579245, 28.373739168156987 ], [ -81.432473711090566, 28.373694423240408 ], [ -81.432574460847007, 28.37370826307885 ], [ -81.432582236084798, 28.37366351815081 ] ] ], [ [ [ -81.433980914414974, 28.374222144923007 ], [ -81.433779413248899, 28.374194467839153 ], [ -81.433771638596227, 28.374239212792389 ], [ -81.433620512730187, 28.374218454720314 ], [ -81.433612737991155, 28.374263199659282 ], [ -81.433360861582571, 28.374228602380843 ], [ -81.433353086705097, 28.374273347299685 ], [ -81.433101210372584, 28.374238749410299 ], [ -81.433093435356682, 28.374283494309115 ], [ -81.432640058243592, 28.374221216578945 ], [ -81.432632282985111, 28.374265961446188 ], [ -81.432279656621375, 28.374217521855083 ], [ -81.43229520749469, 28.374128032154754 ], [ -81.432547083167123, 28.37416263195345 ], [ -81.432554858461216, 28.374117887080335 ], [ -81.432705983885583, 28.374138646664623 ], [ -81.432713759093332, 28.374093901777105 ], [ -81.433016010008586, 28.374135420284041 ], [ -81.433023785051859, 28.37409067537364 ], [ -81.433426786525942, 28.374146032023496 ], [ -81.433434561352655, 28.3741012870845 ], [ -81.433988688955253, 28.374177399952529 ], [ -81.433980914414974, 28.374222144923007 ] ] ], [ [ [ -81.432887231347607, 28.375766992449577 ], [ -81.432895006609229, 28.375722247738629 ], [ -81.433398768156366, 28.375791443625225 ], [ -81.433406543149346, 28.375746698879937 ], [ -81.433708800317433, 28.375788215249116 ], [ -81.43370102548073, 28.375832960011579 ], [ -81.433751401730305, 28.375839879325763 ], [ -81.433743626911394, 28.375884624085295 ], [ -81.433542121858338, 28.375856946673892 ], [ -81.433534346927019, 28.375901691416217 ], [ -81.433282465666124, 28.375867094100684 ], [ -81.433274690596377, 28.375911838822915 ], [ -81.433022809411568, 28.375877240896415 ], [ -81.433015034203365, 28.375921985598588 ], [ -81.43261202452841, 28.375866627652268 ], [ -81.432604249103647, 28.375911372325763 ], [ -81.432150863616172, 28.375849092784627 ], [ -81.43214308794883, 28.375893837426652 ], [ -81.431790455071706, 28.37584539642695 ], [ -81.431798230921359, 28.375800651804923 ], [ -81.431949359169622, 28.375821412367987 ], [ -81.431957134932915, 28.375776667731596 ], [ -81.432158639275301, 28.375804348136779 ], [ -81.432166414926186, 28.375759603483203 ], [ -81.432367919296439, 28.375787283495075 ], [ -81.432375694834931, 28.375742538824273 ], [ -81.432677951481608, 28.375784058108973 ], [ -81.432685726855624, 28.375739313415227 ], [ -81.432887231347607, 28.375766992449577 ] ] ], [ [ [ -81.433154338110185, 28.376307621499858 ], [ -81.433053585159271, 28.37629378230168 ], [ -81.433061360381259, 28.37624903763998 ], [ -81.433162113280105, 28.376262876832442 ], [ -81.433154338110185, 28.376307621499858 ] ] ], [ [ [ -81.432693174678462, 28.376290088992089 ], [ -81.432642798247102, 28.376283169187293 ], [ -81.432650573685663, 28.376238424554252 ], [ -81.432700950090975, 28.376245344356199 ], [ -81.432693174678462, 28.376290088992089 ] ] ], [ [ [ -81.435051856650674, 28.356776745087384 ], [ -81.435044084273983, 28.356821492164151 ], [ -81.434993719254848, 28.356814573116324 ], [ -81.435001491657559, 28.35676982604242 ], [ -81.435051856650674, 28.356776745087384 ] ] ], [ [ [ -81.435257048137203, 28.357079822413688 ], [ -81.435206682946699, 28.357072903470861 ], [ -81.435214455260422, 28.357028156411648 ], [ -81.435264820424905, 28.357035075351583 ], [ -81.435257048137203, 28.357079822413688 ] ] ], [ [ [ -81.435032270199841, 28.357186387616665 ], [ -81.434981904964218, 28.357179468569864 ], [ -81.434989677406747, 28.357134721539381 ], [ -81.435040042616336, 28.357141640583347 ], [ -81.435032270199841, 28.357186387616665 ] ] ], [ [ [ -81.43497413251346, 28.357224215594513 ], [ -81.434923767260059, 28.357217296520965 ], [ -81.434931539736851, 28.357172549499172 ], [ -81.434981904964218, 28.357179468569864 ], [ -81.43497413251346, 28.357224215594513 ] ] ], [ [ [ -81.434873402014915, 28.35721037742357 ], [ -81.434923767260059, 28.357217296520965 ], [ -81.434915994775039, 28.357262043537027 ], [ -81.434865629503861, 28.357255124436747 ], [ -81.434873402014915, 28.35721037742357 ] ] ], [ [ [ -81.435043773367923, 28.357417041733644 ], [ -81.434993407993886, 28.357410122696404 ], [ -81.43500118045155, 28.357365375692019 ], [ -81.435051545799524, 28.357372294726396 ], [ -81.435043773367923, 28.357417041733644 ] ] ], [ [ [ -81.433986102245456, 28.357271736940749 ], [ -81.433935737044621, 28.357264817402395 ], [ -81.433943510048891, 28.357220070457984 ], [ -81.433993875223706, 28.357226989993439 ], [ -81.433986102245456, 28.357271736940749 ] ] ], [ [ [ -81.434985635528022, 28.357454869695012 ], [ -81.434935270136222, 28.357447950631045 ], [ -81.434943042628134, 28.357403203635343 ], [ -81.434993407993886, 28.357410122696404 ], [ -81.434985635528022, 28.357454869695012 ] ] ], [ [ [ -81.434935270136222, 28.357447950631045 ], [ -81.434927497636082, 28.357492697621037 ], [ -81.434877132226504, 28.357485778530361 ], [ -81.434884904752664, 28.357441031543246 ], [ -81.434935270136222, 28.357447950631045 ] ] ], [ [ [ -81.433935418326755, 28.357860366280139 ], [ -81.433927645259317, 28.357905113149247 ], [ -81.433877279685817, 28.357898193594774 ], [ -81.433885052779289, 28.357853446728512 ], [ -81.433935418326755, 28.357860366280139 ] ] ], [ [ [ -81.434683129851379, 28.358008903602723 ], [ -81.434675357166142, 28.358053650508875 ], [ -81.434624991442931, 28.358046731309464 ], [ -81.434632764154173, 28.358001984406197 ], [ -81.434683129851379, 28.358008903602723 ] ] ], [ [ [ -81.434171700304958, 28.357984457441244 ], [ -81.434121334664212, 28.35797753800323 ], [ -81.434129107635755, 28.357932791128508 ], [ -81.434179473250495, 28.357939710563656 ], [ -81.434171700304958, 28.357984457441244 ] ] ], [ [ [ -81.433869506584116, 28.357942940455239 ], [ -81.433819140992824, 28.357936020874011 ], [ -81.433826914120559, 28.357891274016424 ], [ -81.433877279685817, 28.357898193594774 ], [ -81.433869506584116, 28.357942940455239 ] ] ], [ [ [ -81.434624991442931, 28.358046731309464 ], [ -81.434617218723432, 28.35809147820699 ], [ -81.434516487249653, 28.358077639730929 ], [ -81.434524260021192, 28.358032892839141 ], [ -81.434624991442931, 28.358046731309464 ] ] ], [ [ [ -81.434121334664212, 28.35797753800323 ], [ -81.434113561684413, 28.358022284872177 ], [ -81.434063196025861, 28.358015365407468 ], [ -81.434070969031694, 28.357970618541351 ], [ -81.434121334664212, 28.35797753800323 ] ] ], [ [ [ -81.434063196025861, 28.358015365407468 ], [ -81.434055423011813, 28.358060112267758 ], [ -81.434005057335497, 28.358053192776321 ], [ -81.434012830375579, 28.358008445918856 ], [ -81.434063196025861, 28.358015365407468 ] ] ], [ [ [ -81.434307251517154, 28.358094709367066 ], [ -81.434256885799599, 28.358087789994915 ], [ -81.434264658709523, 28.358043043123224 ], [ -81.434315024401045, 28.358049962492455 ], [ -81.434307251517154, 28.358094709367066 ] ] ], [ [ [ -81.433873233556724, 28.358218341070948 ], [ -81.433822867801013, 28.358211421496485 ], [ -81.43383064095211, 28.358166674670723 ], [ -81.433881006681787, 28.358173594242313 ], [ -81.433873233556724, 28.358218341070948 ] ] ], [ [ [ -81.433822867801013, 28.358211421496485 ], [ -81.433815094641687, 28.358256168316441 ], [ -81.433764728868198, 28.358249248715271 ], [ -81.433772502053557, 28.358204501898179 ], [ -81.433822867801013, 28.358211421496485 ] ] ], [ [ [ -81.433640677584336, 28.358369649840714 ], [ -81.433632904313995, 28.358414396629009 ], [ -81.433582538461124, 28.358407476944802 ], [ -81.433590311757513, 28.358362730159428 ], [ -81.433640677584336, 28.358369649840714 ] ] ], [ [ [ -81.434953922497797, 28.358824953322024 ], [ -81.434946149880901, 28.358869700152685 ], [ -81.434895783649168, 28.358862781095638 ], [ -81.434903556292113, 28.358818034267895 ], [ -81.434953922497797, 28.358824953322024 ] ] ], [ [ [ -81.434426942155667, 28.358890002095372 ], [ -81.43437657595436, 28.358883082793977 ], [ -81.434384348874062, 28.358838336006325 ], [ -81.434333982707017, 28.358831416683987 ], [ -81.434349528573776, 28.358741923097007 ], [ -81.434450260811985, 28.358755761706487 ], [ -81.434442487934774, 28.358800508508576 ], [ -81.434492854092284, 28.358807427780352 ], [ -81.434469535489356, 28.358941668160458 ], [ -81.434419169253772, 28.358934748880113 ], [ -81.434426942155667, 28.358890002095372 ] ] ], [ [ [ -81.433655903408976, 28.358875703547103 ], [ -81.433605537279306, 28.358868783882084 ], [ -81.433613310605935, 28.358824037148864 ], [ -81.433663676709557, 28.358830956811037 ], [ -81.433655903408976, 28.358875703547103 ] ] ], [ [ [ -81.43406660583554, 28.358886313249361 ], [ -81.43405883274319, 28.358931060008302 ], [ -81.434008466547539, 28.358924140534207 ], [ -81.434016239665922, 28.358879393778121 ], [ -81.43406660583554, 28.358886313249361 ] ] ], [ [ [ -81.433958100360158, 28.358917221036194 ], [ -81.433950327207526, 28.358961967783642 ], [ -81.433899961002325, 28.358955048258927 ], [ -81.433907734181005, 28.358910301514346 ], [ -81.433958100360158, 28.358917221036194 ] ] ], [ [ [ -81.434306619306639, 28.359285803622551 ], [ -81.434298846304628, 28.359330550352333 ], [ -81.434248479851249, 28.359323630998571 ], [ -81.434256252879308, 28.359278884271617 ], [ -81.434306619306639, 28.359285803622551 ] ] ], [ [ [ -81.434779193017491, 28.359533982818199 ], [ -81.434728826403571, 28.359527063694465 ], [ -81.434736599195972, 28.359482316956313 ], [ -81.4347869657839, 28.359489236077195 ], [ -81.434779193017491, 28.359533982818199 ] ] ], [ [ [ -81.433764089010424, 28.359440342487606 ], [ -81.433713722535416, 28.35943342288374 ], [ -81.433721495856673, 28.359388676208511 ], [ -81.433671129415927, 28.359381756583641 ], [ -81.43367890275502, 28.359337009905445 ], [ -81.433578169950323, 28.359323170589853 ], [ -81.433585943333227, 28.359278423911626 ], [ -81.433535576969291, 28.359271504220839 ], [ -81.433543350369987, 28.359226757539723 ], [ -81.433492984040328, 28.359219837827965 ], [ -81.433500757458845, 28.359175091143872 ], [ -81.43340002487632, 28.359161251654506 ], [ -81.433415571792764, 28.359071758280347 ], [ -81.433516304271151, 28.359085597758291 ], [ -81.433508530869105, 28.35913034445397 ], [ -81.433609263432558, 28.359144183842186 ], [ -81.433601490074338, 28.359188930537801 ], [ -81.433651856394462, 28.35919585019894 ], [ -81.433644083054062, 28.359240596891613 ], [ -81.433744815771121, 28.359254436148067 ], [ -81.433737042474547, 28.359299182840672 ], [ -81.433787408871467, 28.359306102435944 ], [ -81.433779635592686, 28.35935084912564 ], [ -81.433930734911058, 28.35937160777684 ], [ -81.433938508111751, 28.359326861078635 ], [ -81.433988874541669, 28.359333780578474 ], [ -81.433996647708099, 28.35928903387158 ], [ -81.434047014120239, 28.359295953344731 ], [ -81.434054787252393, 28.359251206629228 ], [ -81.434105153646755, 28.359258126075581 ], [ -81.434112926744646, 28.359213379351424 ], [ -81.434163293121244, 28.359220298771088 ], [ -81.434178839240289, 28.359130805299731 ], [ -81.434279571914047, 28.359144644056066 ], [ -81.4342717989107, 28.35918939080037 ], [ -81.434221432543666, 28.359182471431257 ], [ -81.434198113406126, 28.359316711620885 ], [ -81.434147746969259, 28.359309792219371 ], [ -81.434139973880917, 28.359354538934777 ], [ -81.434089607426259, 28.359347619506547 ], [ -81.434074061172836, 28.359437112914382 ], [ -81.434023694674352, 28.359430193456561 ], [ -81.434015921509257, 28.359474940148917 ], [ -81.433965554993009, 28.35946802066438 ], [ -81.433942235370239, 28.359602260698221 ], [ -81.43389186878413, 28.359595341181244 ], [ -81.433884095534054, 28.359640087844749 ], [ -81.433833728930168, 28.359633168301055 ], [ -81.43382595564583, 28.359677914955935 ], [ -81.433775589024151, 28.359670995385532 ], [ -81.433760042378722, 28.359760488672219 ], [ -81.433659309055983, 28.359746649448368 ], [ -81.433643762273505, 28.359836142700487 ], [ -81.433593395572444, 28.359829223047029 ], [ -81.433585622142814, 28.359873969661564 ], [ -81.43353525542399, 28.359867049981407 ], [ -81.433527481960098, 28.359911796587284 ], [ -81.433477115223468, 28.359904876880407 ], [ -81.433469341725328, 28.359949623477682 ], [ -81.43341897497092, 28.359942703744107 ], [ -81.433442295518759, 28.359808463943569 ], [ -81.433492662195079, 28.359815383668625 ], [ -81.433508209133748, 28.359725890433644 ], [ -81.433558575766241, 28.359732810129053 ], [ -81.433566349197207, 28.359688063500052 ], [ -81.433616715811922, 28.359694983168769 ], [ -81.433632262597087, 28.359605489887635 ], [ -81.433682629167976, 28.359612409526793 ], [ -81.433690402522174, 28.359567662874724 ], [ -81.4337407690753, 28.35957458248717 ], [ -81.433764089010424, 28.359440342487606 ] ] ], [ [ [ -81.434531089215255, 28.359774786436095 ], [ -81.434523316287127, 28.359819533125147 ], [ -81.434573683058531, 28.359826452340481 ], [ -81.434565910148194, 28.359871199026621 ], [ -81.434616276953903, 28.359878118220923 ], [ -81.434608504061359, 28.359922864904117 ], [ -81.43465887090133, 28.359929784077455 ], [ -81.434651098026606, 28.359974530757736 ], [ -81.434550364302851, 28.359960692381549 ], [ -81.434542591367816, 28.360005439050322 ], [ -81.434240390238273, 28.359963923331925 ], [ -81.434232617138818, 28.360008669977837 ], [ -81.434182250286739, 28.360001750605043 ], [ -81.43419779652946, 28.359912257313219 ], [ -81.434248163329471, 28.3599191766803 ], [ -81.43425593641247, 28.359874430022849 ], [ -81.434306303194717, 28.359881349363199 ], [ -81.434314076243439, 28.359836602697097 ], [ -81.43436444300788, 28.359843522010742 ], [ -81.434372216022354, 28.359798775336003 ], [ -81.434422582769031, 28.359805694622899 ], [ -81.434430355749228, 28.359760947939566 ], [ -81.434531089215255, 28.359774786436095 ] ] ], [ [ [ -81.434220799115508, 28.360373562308247 ], [ -81.434236345385798, 28.360284069097617 ], [ -81.434286712410568, 28.360290988439786 ], [ -81.434294485507351, 28.360246241822917 ], [ -81.434344852514343, 28.360253161138381 ], [ -81.43435262557685, 28.360208414512883 ], [ -81.434402992566049, 28.360215333801623 ], [ -81.434410765594293, 28.360170587167456 ], [ -81.43446113256573, 28.360177506429483 ], [ -81.434468905559697, 28.360132759786705 ], [ -81.434519272513342, 28.360139679022012 ], [ -81.434527045473061, 28.360094932370608 ], [ -81.434577412408913, 28.360101851579152 ], [ -81.43458518533437, 28.360057104919097 ], [ -81.434685919178762, 28.360070943258993 ], [ -81.434693692043922, 28.360026196587416 ], [ -81.434744058952447, 28.360033115718711 ], [ -81.434736286113321, 28.360077862393133 ], [ -81.434786653056136, 28.360084781503417 ], [ -81.434778880234802, 28.360129528174916 ], [ -81.43482924721188, 28.360136447264214 ], [ -81.434813701596596, 28.360225940595544 ], [ -81.434864068633985, 28.360232859666652 ], [ -81.434856295840021, 28.360277606326548 ], [ -81.434906662911715, 28.360284525376645 ], [ -81.434891117351142, 28.360374018684766 ], [ -81.434941484483133, 28.360380937716691 ], [ -81.434925938941717, 28.360470431007325 ], [ -81.434875571757672, 28.360463511969655 ], [ -81.434867798948588, 28.360508258603446 ], [ -81.434767064553157, 28.360494420450802 ], [ -81.434743745920329, 28.36062866030035 ], [ -81.434693378656888, 28.360621741179639 ], [ -81.434685605736775, 28.360666487781703 ], [ -81.434635238455556, 28.360659568634329 ], [ -81.43462746550118, 28.360704315227743 ], [ -81.434325261830864, 28.360662799825004 ], [ -81.434333034941432, 28.3606180532487 ], [ -81.434232300502686, 28.360604214595927 ], [ -81.434240073657094, 28.360559468019531 ], [ -81.434189706476133, 28.360552548660191 ], [ -81.434197479648304, 28.360507802080896 ], [ -81.43414711250162, 28.360500882700531 ], [ -81.434162658873376, 28.360411389530292 ], [ -81.434112291787017, 28.360404470131822 ], [ -81.434120064986573, 28.360359723540888 ], [ -81.434220799115508, 28.360373562308247 ] ] ], [ [ [ -81.433395331814609, 28.360672488002063 ], [ -81.433387558202554, 28.360717234503845 ], [ -81.433337190997364, 28.360710314745525 ], [ -81.433344964635452, 28.360665568246652 ], [ -81.433395331814609, 28.360672488002063 ] ] ], [ [ [ -81.434193434607266, 28.360827947390991 ], [ -81.434143067270114, 28.360821028014549 ], [ -81.434150840491696, 28.360776281469928 ], [ -81.434201207802801, 28.360783200843553 ], [ -81.434193434607266, 28.360827947390991 ] ] ], [ [ [ -81.434127520802249, 28.360910521086357 ], [ -81.434077153421299, 28.360903601680342 ], [ -81.434084926685358, 28.36085885515017 ], [ -81.434135294040303, 28.360865774553321 ], [ -81.434127520802249, 28.360910521086357 ] ] ], [ [ [ -81.433464971908307, 28.36086531343647 ], [ -81.433457198315381, 28.360910059920823 ], [ -81.433406830989568, 28.360903140198808 ], [ -81.433414604608515, 28.360858393717336 ], [ -81.433464971908307, 28.36086531343647 ] ] ], [ [ [ -81.433759402443442, 28.36095157775161 ], [ -81.433767175880178, 28.360906831250102 ], [ -81.433716808530917, 28.360899911674167 ], [ -81.433732355431744, 28.360810418659646 ], [ -81.433782722728935, 28.360817338229843 ], [ -81.43377494930867, 28.360862084742923 ], [ -81.433875683979892, 28.360875923817478 ], [ -81.433867910603453, 28.360920670330433 ], [ -81.433968645359727, 28.360934509315307 ], [ -81.433960872027114, 28.360979255828166 ], [ -81.434011239443649, 28.360986175287682 ], [ -81.434019012750227, 28.360941428771934 ], [ -81.434069380148983, 28.360948348204701 ], [ -81.434053833579668, 28.361037841236076 ], [ -81.434154568506045, 28.361051680041452 ], [ -81.434146795261114, 28.361096426554173 ], [ -81.434247530272543, 28.361110265269819 ], [ -81.434231983862091, 28.361199758289384 ], [ -81.434181616300194, 28.361192838937779 ], [ -81.434173843056598, 28.361237585436022 ], [ -81.434123475476909, 28.361230666057693 ], [ -81.434131248746553, 28.36118591956232 ], [ -81.43403051366397, 28.361172080739816 ], [ -81.43403828697744, 28.361127334244358 ], [ -81.433937551979909, 28.361113495332091 ], [ -81.43394532533722, 28.361068748836605 ], [ -81.433844590424755, 28.361054909834575 ], [ -81.433852363825892, 28.361010163339007 ], [ -81.433801996408064, 28.36100324380504 ], [ -81.433809769826979, 28.360958497306537 ], [ -81.433759402443442, 28.36095157775161 ] ] ], [ [ [ -81.434107928912951, 28.361320159031145 ], [ -81.434092382316067, 28.361409651981418 ], [ -81.434042014640497, 28.361402732567786 ], [ -81.434057561289436, 28.361313239623225 ], [ -81.434107928912951, 28.361320159031145 ] ] ], [ [ [ -81.433161795684498, 28.362610422038305 ], [ -81.433111427369468, 28.362603502207755 ], [ -81.433119201301224, 28.362558755946111 ], [ -81.433169569590234, 28.362565675773794 ], [ -81.433161795684498, 28.362610422038305 ] ] ], [ [ [ -81.433347721399201, 28.362727593656359 ], [ -81.433246984607266, 28.362713754150892 ], [ -81.433254758477403, 28.362669007892247 ], [ -81.433355495217285, 28.362682847392033 ], [ -81.433347721399201, 28.362727593656359 ] ] ], [ [ [ -81.433448458224134, 28.362741433066358 ], [ -81.433440684449906, 28.362786179330651 ], [ -81.433390316007277, 28.362779259634756 ], [ -81.433398089807554, 28.362734513373304 ], [ -81.433448458224134, 28.362741433066358 ] ] ], [ [ [ -81.432886632034695, 28.362710061362904 ], [ -81.432894406095301, 28.362665315130045 ], [ -81.432944774429416, 28.362672235061705 ], [ -81.432937000394844, 28.362716981297471 ], [ -81.432886632034695, 28.362710061362904 ] ] ], [ [ [ -81.432886632034695, 28.362710061362904 ], [ -81.432878857965875, 28.362754807589969 ], [ -81.432828489587948, 28.362747887628675 ], [ -81.432836263682802, 28.362703141404449 ], [ -81.432886632034695, 28.362710061362904 ] ] ], [ [ [ -81.433754395695701, 28.363058347868638 ], [ -81.433762169328872, 28.363013601613304 ], [ -81.433661432128133, 28.362999762508824 ], [ -81.433669205805131, 28.362955016253366 ], [ -81.433568468689444, 28.362941177059135 ], [ -81.433576242410297, 28.362896430803637 ], [ -81.433525873890858, 28.36288951117357 ], [ -81.433533647629488, 28.362844764915138 ], [ -81.43348327914434, 28.362837845264075 ], [ -81.433491052900777, 28.362793099002726 ], [ -81.433692526786757, 28.362820777452338 ], [ -81.433684753134443, 28.362865523725151 ], [ -81.433785490178991, 28.362879362812482 ], [ -81.433777716570518, 28.362924109085213 ], [ -81.433928822277295, 28.362944867545806 ], [ -81.433921048738682, 28.362989613821309 ], [ -81.434021785969847, 28.36300345268144 ], [ -81.434014012475075, 28.363048198956854 ], [ -81.434114749791291, 28.363062037727257 ], [ -81.43410697634036, 28.363106784002607 ], [ -81.434207713741642, 28.363120622683269 ], [ -81.434199940334537, 28.363165368958551 ], [ -81.434300677820872, 28.36317920754945 ], [ -81.434292904457607, 28.363223953824694 ], [ -81.434393642028994, 28.363237792325833 ], [ -81.434385868709569, 28.363282538601002 ], [ -81.434536975206626, 28.363303296182306 ], [ -81.434529201957048, 28.363348042460231 ], [ -81.434730677506053, 28.36337571891265 ], [ -81.434722904352398, 28.363420465196242 ], [ -81.434319953178075, 28.363365111886758 ], [ -81.434327726540019, 28.363320365625984 ], [ -81.434176620063838, 28.363299607749717 ], [ -81.434184393495627, 28.363254861491786 ], [ -81.434083655938153, 28.363241022794032 ], [ -81.434091429413797, 28.363196276536002 ], [ -81.433940323217541, 28.363175518318901 ], [ -81.433948096763032, 28.363130772063709 ], [ -81.433847359392175, 28.363116933138709 ], [ -81.433855132981506, 28.363072186883389 ], [ -81.433754395695701, 28.363058347868638 ] ] ], [ [ [ -81.433285530558265, 28.363085563563033 ], [ -81.433235161949909, 28.363078643799327 ], [ -81.433242935859866, 28.36303389758411 ], [ -81.433293304442188, 28.363040817344899 ], [ -81.433285530558265, 28.363085563563033 ] ] ], [ [ [ -81.433710519426739, 28.365388836377001 ], [ -81.433660149410741, 28.365381916855174 ], [ -81.433675697196151, 28.365292424894324 ], [ -81.433726067160066, 28.365299344410452 ], [ -81.433733841014387, 28.365254598418442 ], [ -81.433784210960525, 28.365261517907804 ], [ -81.433791984780584, 28.3652167719072 ], [ -81.433842354708929, 28.365223691369895 ], [ -81.433826807112666, 28.365313183371025 ], [ -81.433776437132252, 28.365306263902674 ], [ -81.433768663295737, 28.365351009891672 ], [ -81.433718293297531, 28.365344090396587 ], [ -81.433710519426739, 28.365388836377001 ] ] ], [ [ [ -81.433528313525642, 28.36554706156943 ], [ -81.433477943430248, 28.365540141964608 ], [ -81.433493491437716, 28.365450650067146 ], [ -81.433543861481027, 28.365457569666251 ], [ -81.433551635446392, 28.365412823705988 ], [ -81.433602005471926, 28.365419743278423 ], [ -81.433609779403, 28.365374997309512 ], [ -81.433660149410741, 28.365381916855174 ], [ -81.433644601592405, 28.365471408792956 ], [ -81.433594231532595, 28.365464489241564 ], [ -81.433586457585051, 28.365509235198861 ], [ -81.433536087507449, 28.36550231562077 ], [ -81.433528313525642, 28.36554706156943 ] ] ], [ [ [ -81.433404251192059, 28.365667460130165 ], [ -81.433353881035075, 28.365660540469008 ], [ -81.433369429196077, 28.36557104861766 ], [ -81.433419799300992, 28.365577968273108 ], [ -81.43342757334311, 28.365533222335888 ], [ -81.433477943430248, 28.365540141964608 ], [ -81.433462395389839, 28.36562963383895 ], [ -81.433412025250647, 28.365622714204555 ], [ -81.433404251192059, 28.365667460130165 ] ] ], [ [ [ -81.433222044116746, 28.365825684685582 ], [ -81.433171673880352, 28.365818764941455 ], [ -81.433187222263442, 28.365729273153494 ], [ -81.433237592447753, 28.365736192891919 ], [ -81.433245366600914, 28.365691446986414 ], [ -81.433295736767434, 28.365698366698183 ], [ -81.433303510886319, 28.365653620784002 ], [ -81.433353881035075, 28.365660540469008 ], [ -81.433338332841132, 28.365750032297242 ], [ -81.433287962640307, 28.365743112606534 ], [ -81.433280188504966, 28.365787858509101 ], [ -81.433229818286364, 28.36578093879163 ], [ -81.433222044116746, 28.365825684685582 ] ] ], [ [ [ -81.433710199091038, 28.365984372642359 ], [ -81.433659828720096, 28.365977453131098 ], [ -81.433667602671875, 28.36593270722306 ], [ -81.433717973016783, 28.365939626731429 ], [ -81.433710199091038, 28.365984372642359 ] ] ], [ [ [ -81.433121303652229, 28.365811845173379 ], [ -81.433171673880352, 28.365818764941455 ], [ -81.43315612546435, 28.365908256706227 ], [ -81.433105755184144, 28.365901336932495 ], [ -81.43309798093776, 28.365946082803358 ], [ -81.433047610639761, 28.365939163002885 ], [ -81.433063159176385, 28.365849671261067 ], [ -81.4331135294223, 28.365856591055838 ], [ -81.433121303652229, 28.365811845173379 ] ] ], [ [ [ -81.433659828720096, 28.365977453131098 ], [ -81.433652054760088, 28.36602219903342 ], [ -81.433601684371368, 28.366015279495475 ], [ -81.433609458357409, 28.365970533596023 ], [ -81.433659828720096, 28.365977453131098 ] ] ], [ [ [ -81.432923547045661, 28.366059560882555 ], [ -81.432915772688247, 28.366104306721734 ], [ -81.432865402310853, 28.366097386838241 ], [ -81.432880951069549, 28.36600789515985 ], [ -81.432931321394861, 28.366014815037605 ], [ -81.432939095735819, 28.365970069186872 ], [ -81.432989466043338, 28.365976989037954 ], [ -81.432997240350034, 28.36593224317858 ], [ -81.433047610639761, 28.365939163002885 ], [ -81.433032062070225, 28.366028654721578 ], [ -81.432981691728429, 28.366021734891529 ], [ -81.432973917405278, 28.366066480739345 ], [ -81.432923547045661, 28.366059560882555 ] ] ], [ [ [ -81.432102072857887, 28.366038331509813 ], [ -81.432109847640106, 28.36599358572208 ], [ -81.432059477394716, 28.365986665456781 ], [ -81.432067252194727, 28.365941919666163 ], [ -81.432016881983628, 28.365934999379871 ], [ -81.432024656801445, 28.36589025358635 ], [ -81.431974286624623, 28.365883333279019 ], [ -81.431982061460246, 28.365838587482578 ], [ -81.43188132118344, 28.365824746802023 ], [ -81.431873546295748, 28.365869492592715 ], [ -81.431823176143681, 28.365862572213793 ], [ -81.431862050629931, 28.365638843216573 ], [ -81.431912420651841, 28.365645763581249 ], [ -81.431896870934096, 28.365735255203152 ], [ -81.431947241016317, 28.365742175549659 ], [ -81.43193946617113, 28.365786921354836 ], [ -81.432090576545377, 28.365807682259735 ], [ -81.432098351312447, 28.365762936445975 ], [ -81.432148721427666, 28.365769856697007 ], [ -81.432156496160488, 28.365725110874678 ], [ -81.432106126071304, 28.365718190626446 ], [ -81.432121675564289, 28.365628698970117 ], [ -81.432071305535445, 28.365621778703776 ], [ -81.432079080295622, 28.365577032869769 ], [ -81.43202871030104, 28.365570112582404 ], [ -81.432036485079024, 28.365525366745516 ], [ -81.432137225024363, 28.365539207290588 ], [ -81.432129450298447, 28.365583953133228 ], [ -81.432179820309514, 28.365590873372859 ], [ -81.432172045601405, 28.365635619212618 ], [ -81.432222415646777, 28.365642539431224 ], [ -81.43221464095646, 28.365687285267981 ], [ -81.432265011036108, 28.365694205465555 ], [ -81.432257236363583, 28.365738951299434 ], [ -81.432307606477522, 28.365745871476037 ], [ -81.432299831822817, 28.365790617306935 ], [ -81.432350201971033, 28.365797537462509 ], [ -81.432342427334106, 28.365842283290547 ], [ -81.432392797516613, 28.365849203425149 ], [ -81.432385022897506, 28.365893949250218 ], [ -81.432435393114275, 28.365900869363774 ], [ -81.432427618512975, 28.36594561518595 ], [ -81.432477988764049, 28.365952535278502 ], [ -81.43247021418054, 28.365997281097712 ], [ -81.432520584465891, 28.366004201169297 ], [ -81.432512809900189, 28.366048946985579 ], [ -81.43256318021983, 28.366055867036142 ], [ -81.432555405671906, 28.366100612849547 ], [ -81.432605776025838, 28.366107532879113 ], [ -81.432598001495748, 28.366152278689512 ], [ -81.432648371883943, 28.366159198698043 ], [ -81.432640597371645, 28.366203944505564 ], [ -81.432489486153685, 28.366183184399837 ], [ -81.432497260744086, 28.366138438600853 ], [ -81.432446890380618, 28.366131518520746 ], [ -81.432454664988825, 28.36608677271888 ], [ -81.432404294659662, 28.366079852617748 ], [ -81.432412069285661, 28.366035106812877 ], [ -81.432361698990775, 28.366028186690762 ], [ -81.432369473634594, 28.365983440883053 ], [ -81.432319103373985, 28.365976520739874 ], [ -81.432326878035582, 28.365931774929237 ], [ -81.432276507809291, 28.365924854765062 ], [ -81.432284282488695, 28.36588010895148 ], [ -81.432233912296653, 28.365873188766326 ], [ -81.432241686993862, 28.365828442949802 ], [ -81.432140946686616, 28.365814602513602 ], [ -81.432117622414097, 28.365948839928659 ], [ -81.432167992641695, 28.365955760167257 ], [ -81.432160217893738, 28.366000505963584 ], [ -81.432260958425758, 28.366014346374904 ], [ -81.432253183721656, 28.366059092171163 ], [ -81.432303554026063, 28.366066012343875 ], [ -81.432295779339768, 28.366110758137175 ], [ -81.432346149678466, 28.366117678288916 ], [ -81.432330600333216, 28.366207169863923 ], [ -81.43238097073224, 28.366214089997467 ], [ -81.4323731960733, 28.366258835779178 ], [ -81.432423566506614, 28.366265755891742 ], [ -81.432415791865481, 28.366310501670473 ], [ -81.43231505095504, 28.366296661415753 ], [ -81.432322825648257, 28.366251915642739 ], [ -81.432272455231427, 28.366244995482436 ], [ -81.43228022994245, 28.366200249706477 ], [ -81.432229859559925, 28.366193329525185 ], [ -81.43223763428874, 28.366148583746259 ], [ -81.432187263940492, 28.366141663543985 ], [ -81.432195038687098, 28.366096917762174 ], [ -81.432144668373155, 28.366089997538861 ], [ -81.432152443137554, 28.366045251754116 ], [ -81.432102072857887, 28.366038331509813 ] ] ], [ [ [ -81.433477621454927, 28.366135677994468 ], [ -81.433485395517735, 28.366090932118098 ], [ -81.43353576594204, 28.366097851709501 ], [ -81.433527991905265, 28.366142597588734 ], [ -81.433477621454927, 28.366135677994468 ] ] ], [ [ [ -81.433477621454927, 28.366135677994468 ], [ -81.43346984738389, 28.366180423865046 ], [ -81.433419476915759, 28.366173504244088 ], [ -81.433427251012844, 28.366128758376306 ], [ -81.433477621454927, 28.366135677994468 ] ] ], [ [ [ -81.432807257524004, 28.3661352127586 ], [ -81.432815031941729, 28.366090466930913 ], [ -81.432865402310853, 28.366097386838241 ], [ -81.432849853519244, 28.366186878493536 ], [ -81.432799483098051, 28.366179958580457 ], [ -81.432791708663856, 28.366224704396558 ], [ -81.432741338224858, 28.366217784456758 ], [ -81.432756887137089, 28.366128292824474 ], [ -81.432807257524004, 28.3661352127586 ] ] ], [ [ [ -81.433411702810446, 28.366218250106055 ], [ -81.433403928696904, 28.366262995962241 ], [ -81.433353558184962, 28.366256076311679 ], [ -81.433361332324552, 28.366211330458359 ], [ -81.433411702810446, 28.366218250106055 ] ] ], [ [ [ -81.433295413507437, 28.366293902481878 ], [ -81.433303187681275, 28.366249156637245 ], [ -81.433353558184962, 28.366256076311679 ], [ -81.433338009881126, 28.366345568000941 ], [ -81.433287639325357, 28.366338648320788 ], [ -81.433279865135049, 28.366383394153942 ], [ -81.433229494561488, 28.366376474447097 ], [ -81.433245042985959, 28.366286982780778 ], [ -81.433295413507437, 28.366293902481878 ] ] ], [ [ [ -81.43245838770973, 28.366362167537872 ], [ -81.432408017216105, 28.366355247443455 ], [ -81.432415791865481, 28.366310501670473 ], [ -81.432466162333071, 28.366317421762002 ], [ -81.43245838770973, 28.366362167537872 ] ] ], [ [ [ -81.43245838770973, 28.366362167537872 ], [ -81.432508758211611, 28.366369087608408 ], [ -81.432500983606076, 28.366413833381337 ], [ -81.43245061307816, 28.366406913307905 ], [ -81.43245838770973, 28.366362167537872 ] ] ], [ [ [ -81.433601363266291, 28.366610814788391 ], [ -81.433593589217068, 28.366655560612557 ], [ -81.433543218455583, 28.366648641058504 ], [ -81.433550992530854, 28.366603895237137 ], [ -81.433601363266291, 28.366610814788391 ] ] ], [ [ [ -81.432435063790322, 28.366496404830681 ], [ -81.432427289134054, 28.366541150583402 ], [ -81.432376918536278, 28.366534230477541 ], [ -81.43238469321858, 28.366489484727673 ], [ -81.432435063790322, 28.366496404830681 ] ] ], [ [ [ -81.433543218455583, 28.366648641058504 ], [ -81.433527670280355, 28.366738132683825 ], [ -81.433477299475072, 28.366731213100152 ], [ -81.433492847702368, 28.366641721480523 ], [ -81.433543218455583, 28.366648641058504 ] ] ], [ [ [ -81.432721738385609, 28.366627416481293 ], [ -81.432671367712317, 28.366620496515797 ], [ -81.432679142246641, 28.366575750754638 ], [ -81.432729512893914, 28.366582670717261 ], [ -81.432721738385609, 28.366627416481293 ] ] ], [ [ [ -81.43236136914696, 28.366623721959897 ], [ -81.432310998505386, 28.366616801824449 ], [ -81.432318773230193, 28.366572056089005 ], [ -81.432369143845733, 28.366578976221611 ], [ -81.43236136914696, 28.366623721959897 ] ] ], [ [ [ -81.433477299475072, 28.366731213100152 ], [ -81.433469525349068, 28.366775958901336 ], [ -81.433419154525978, 28.366769039290926 ], [ -81.433426928678017, 28.366724293492624 ], [ -81.433477299475072, 28.366731213100152 ] ] ], [ [ [ -81.433570267019974, 28.366789798050508 ], [ -81.433562492937824, 28.366834543851549 ], [ -81.433512122072202, 28.366827624286028 ], [ -81.4335198961804, 28.36678287848785 ], [ -81.433570267019974, 28.366789798050508 ] ] ], [ [ [ -81.432310998505386, 28.366616801824449 ], [ -81.432303223772337, 28.366661547554092 ], [ -81.432252853112971, 28.366654627391952 ], [ -81.43226062787204, 28.366609881665202 ], [ -81.432310998505386, 28.366616801824449 ] ] ], [ [ [ -81.433403606197231, 28.366858530870122 ], [ -81.433302864471671, 28.366844691566346 ], [ -81.433310638692248, 28.366799945785338 ], [ -81.433361009524845, 28.366806865446286 ], [ -81.43336878371116, 28.366762119656624 ], [ -81.433419154525978, 28.366769039290926 ], [ -81.433403606197231, 28.366858530870122 ] ] ], [ [ [ -81.433504347955775, 28.3668723700785 ], [ -81.433453977072375, 28.366865450486252 ], [ -81.433461751214836, 28.366820704696686 ], [ -81.433512122072202, 28.366827624286028 ], [ -81.433504347955775, 28.3668723700785 ] ] ], [ [ [ -81.432252853112971, 28.366654627391952 ], [ -81.432237303570119, 28.366744118828144 ], [ -81.432186932866912, 28.366737198636464 ], [ -81.432202482461847, 28.366647707205964 ], [ -81.432252853112971, 28.366654627391952 ] ] ], [ [ [ -81.433453977072375, 28.366865450486252 ], [ -81.433446202921672, 28.366910196270055 ], [ -81.433395832020494, 28.366903276651062 ], [ -81.433403606197231, 28.366858530870122 ], [ -81.433453977072375, 28.366865450486252 ] ] ], [ [ [ -81.432186932866912, 28.366737198636464 ], [ -81.43217915805711, 28.366781944343028 ], [ -81.432128787336126, 28.366775024124575 ], [ -81.432136562171962, 28.366730278420871 ], [ -81.432186932866912, 28.366737198636464 ] ] ], [ [ [ -81.432426959750472, 28.367136685056682 ], [ -81.432376588797752, 28.36712976496143 ], [ -81.432384363535022, 28.367085019281074 ], [ -81.432434734461708, 28.367091939373463 ], [ -81.432426959750472, 28.367136685056682 ] ] ], [ [ [ -81.432981040774948, 28.367212804529409 ], [ -81.432930669731462, 28.367205884696673 ], [ -81.432938444182355, 28.367161138984883 ], [ -81.432988815199778, 28.367168058814745 ], [ -81.432981040774948, 28.367212804529409 ] ] ], [ [ [ -81.432922895272355, 28.367250630402737 ], [ -81.432915120805006, 28.367295376102973 ], [ -81.432864749717723, 28.367288456240669 ], [ -81.432872524211092, 28.36724371054326 ], [ -81.432922895272355, 28.367250630402737 ] ] ], [ [ [ -81.433074008505628, 28.367271389837935 ], [ -81.433066234116396, 28.36731613554679 ], [ -81.433015863004343, 28.367309215756006 ], [ -81.433023637419623, 28.367264470050085 ], [ -81.433074008505628, 28.367271389837935 ] ] ], [ [ [ -81.432310668301952, 28.367212336180042 ], [ -81.432302893513949, 28.367257081840211 ], [ -81.43225252249961, 28.367250161688638 ], [ -81.432260297313661, 28.367205416031315 ], [ -81.432310668301952, 28.367212336180042 ] ] ], [ [ [ -81.433008088580834, 28.367353961456214 ], [ -81.432957717451004, 28.367347041638784 ], [ -81.432965491900561, 28.367302295941435 ], [ -81.433015863004343, 28.367309215756006 ], [ -81.433008088580834, 28.367353961456214 ] ] ], [ [ [ -81.432856975216097, 28.367333201932265 ], [ -81.432806604111022, 28.367326282043212 ], [ -81.432814378638668, 28.367281536354479 ], [ -81.432864749717723, 28.367288456240669 ], [ -81.432856975216097, 28.367333201932265 ] ] ], [ [ [ -81.432798829575134, 28.367371027726197 ], [ -81.432748458452267, 28.367364107810459 ], [ -81.432756233014189, 28.36731936213031 ], [ -81.432806604111022, 28.367326282043212 ], [ -81.432798829575134, 28.367371027726197 ] ] ], [ [ [ -81.432698087337641, 28.367357187870844 ], [ -81.432748458452267, 28.367364107810459 ], [ -81.432732909303709, 28.36745359915335 ], [ -81.432682538137016, 28.367446679208012 ], [ -81.432698087337641, 28.367357187870844 ] ] ], [ [ [ -81.432186601788672, 28.367332732804822 ], [ -81.432178826923902, 28.367377478441949 ], [ -81.432128455847959, 28.36737055823405 ], [ -81.432136230738763, 28.367325812599798 ], [ -81.432186601788672, 28.367332732804822 ] ] ], [ [ [ -81.432674763524361, 28.367491424867936 ], [ -81.432624392339903, 28.367484504895849 ], [ -81.432632166978578, 28.367439759238763 ], [ -81.432682538137016, 28.367446679208012 ], [ -81.432674763524361, 28.367491424867936 ] ] ], [ [ [ -81.433372186716824, 28.367633047665198 ], [ -81.433321815390826, 28.367626128024394 ], [ -81.433329589673235, 28.3675813823331 ], [ -81.433379960973213, 28.367588301971093 ], [ -81.433372186716824, 28.367633047665198 ] ] ], [ [ [ -81.432775505918059, 28.367505264740451 ], [ -81.43276773134923, 28.367550010400311 ], [ -81.43271736012224, 28.36754309047312 ], [ -81.432725134717089, 28.367498344816131 ], [ -81.432775505918059, 28.367505264740451 ] ] ], [ [ [ -81.432624392339903, 28.367484504895849 ], [ -81.432616617692972, 28.367529250547147 ], [ -81.432566246490708, 28.367522330548329 ], [ -81.43257402116366, 28.367477584899916 ], [ -81.432624392339903, 28.367484504895849 ] ] ], [ [ [ -81.433011813161158, 28.367629355346672 ], [ -81.433004038706045, 28.367674101009239 ], [ -81.432852924769819, 28.367653341496872 ], [ -81.432868473828009, 28.367563850183139 ], [ -81.432969216339785, 28.367577689870469 ], [ -81.432976990804463, 28.367532944199187 ], [ -81.433077733297154, 28.367546783785322 ], [ -81.43308550770152, 28.367502038102554 ], [ -81.433135878934209, 28.36750895785698 ], [ -81.433120330169302, 28.367598449222488 ], [ -81.433069958884531, 28.367591529462313 ], [ -81.433062184463708, 28.36763627513357 ], [ -81.433011813161158, 28.367629355346672 ] ] ], [ [ [ -81.432500325873988, 28.367604901799421 ], [ -81.432515875296701, 28.36751541052568 ], [ -81.432566246490708, 28.367522330548329 ], [ -81.432550697120078, 28.367611821827836 ], [ -81.432500325873988, 28.367604901799421 ] ] ], [ [ [ -81.432500325873988, 28.367604901799421 ], [ -81.432492551150304, 28.367649647427665 ], [ -81.432442179886436, 28.367642727372555 ], [ -81.432449954636169, 28.367597981747195 ], [ -81.432500325873988, 28.367604901799421 ] ] ], [ [ [ -81.432442179886436, 28.367642727372555 ], [ -81.432434405128461, 28.367687472992138 ], [ -81.432384033846816, 28.367680552910322 ], [ -81.432391808630811, 28.36763580729361 ], [ -81.432442179886436, 28.367642727372555 ] ] ], [ [ [ -81.432593293702766, 28.367663487466238 ], [ -81.432585519022922, 28.36770823309439 ], [ -81.432535147716507, 28.367701313084165 ], [ -81.4325429224224, 28.367656567458909 ], [ -81.432593293702766, 28.367663487466238 ] ] ], [ [ [ -81.432368484254098, 28.367770044126409 ], [ -81.432318112928627, 28.367763124015013 ], [ -81.432333662573399, 28.367673632804667 ], [ -81.432384033846816, 28.367680552910322 ], [ -81.432368484254098, 28.367770044126409 ] ] ], [ [ [ -81.432461452173158, 28.367828629882737 ], [ -81.432411080805153, 28.367821709816219 ], [ -81.432418855587827, 28.367776964213963 ], [ -81.432469226929797, 28.367783884277621 ], [ -81.432461452173158, 28.367828629882737 ] ] ], [ [ [ -81.43231033809387, 28.367807869611521 ], [ -81.432259966750607, 28.367800949473391 ], [ -81.432267741611398, 28.367756203879765 ], [ -81.432318112928627, 28.367763124015013 ], [ -81.43231033809387, 28.367807869611521 ] ] ], [ [ [ -81.432403306014251, 28.367866455412649 ], [ -81.432395531215107, 28.367911201003253 ], [ -81.432345159803276, 28.367904280907162 ], [ -81.43235293462844, 28.367859535319369 ], [ -81.432403306014251, 28.367866455412649 ] ] ], [ [ [ -81.43219404561728, 28.367883520475665 ], [ -81.43218627070577, 28.367928266049152 ], [ -81.432135899300903, 28.367921345854722 ], [ -81.432143674238446, 28.367876600284113 ], [ -81.43219404561728, 28.367883520475665 ] ] ], [ [ [ -81.432345159803276, 28.367904280907162 ], [ -81.43233738496987, 28.36794902648921 ], [ -81.432287013540247, 28.367942106366375 ], [ -81.432294788399702, 28.367897360787207 ], [ -81.432345159803276, 28.367904280907162 ] ] ], [ [ [ -81.432523321287604, 28.36806619791146 ], [ -81.432472949772915, 28.368059277878388 ], [ -81.432465174992913, 28.368104023451629 ], [ -81.432364431936222, 28.368090183308166 ], [ -81.432379981592121, 28.368000692167247 ], [ -81.432430353064277, 28.368007612245215 ], [ -81.43244590263518, 28.367918121075537 ], [ -81.432496274063524, 28.367925041123907 ], [ -81.432504048810586, 28.367880295527531 ], [ -81.432554420221123, 28.367887215549189 ], [ -81.432562194933936, 28.367842469944176 ], [ -81.432612566326682, 28.367849389939114 ], [ -81.432589242241704, 28.367983626745371 ], [ -81.432538870770827, 28.367976706741853 ], [ -81.432523321287604, 28.36806619791146 ] ] ], [ [ [ -81.432128124355117, 28.367966091419525 ], [ -81.432077752932457, 28.367959171198361 ], [ -81.432085527904277, 28.367914425636425 ], [ -81.432135899300903, 28.367921345854722 ], [ -81.432128124355117, 28.367966091419525 ] ] ], [ [ [ -81.432287013540247, 28.367942106366375 ], [ -81.432279238672564, 28.367986851939779 ], [ -81.432228867225177, 28.367979931790256 ], [ -81.43223664211888, 28.36793518621965 ], [ -81.432287013540247, 28.367942106366375 ] ] ], [ [ [ -81.432077752932457, 28.367959171198361 ], [ -81.432069977952395, 28.368003916754549 ], [ -81.432019606511957, 28.367996996506687 ], [ -81.432027381518068, 28.367952250953362 ], [ -81.432077752932457, 28.367959171198361 ] ] ], [ [ [ -81.432213317413044, 28.368069422913962 ], [ -81.432162945921817, 28.368062502734801 ], [ -81.432170720858025, 28.368017757178688 ], [ -81.432221092323218, 28.36802467735497 ], [ -81.432213317413044, 28.368069422913962 ] ] ], [ [ [ -81.432155170977367, 28.368107248285146 ], [ -81.432104799468362, 28.368100328079247 ], [ -81.432112574438833, 28.368055582531809 ], [ -81.432162945921817, 28.368062502734801 ], [ -81.432155170977367, 28.368107248285146 ] ] ], [ [ [ -81.43200405647508, 28.368086487595949 ], [ -81.431953684990816, 28.368079567318535 ], [ -81.431961460039417, 28.368034821779645 ], [ -81.432011831497633, 28.368041742054245 ], [ -81.43200405647508, 28.368086487595949 ] ] ], [ [ [ -81.432104799468362, 28.368100328079247 ], [ -81.432097024489636, 28.36814507362093 ], [ -81.432046652962839, 28.368138153388397 ], [ -81.432054427967586, 28.36809340784955 ], [ -81.432104799468362, 28.368100328079247 ] ] ], [ [ [ -81.431953684990816, 28.368079567318535 ], [ -81.431945909933987, 28.368124312851606 ], [ -81.431895538431945, 28.368117392547454 ], [ -81.431903313514809, 28.368072647017183 ], [ -81.431953684990816, 28.368079567318535 ] ] ], [ [ [ -81.433003713382732, 28.368269633726406 ], [ -81.432995938864423, 28.368314379313759 ], [ -81.432945567163088, 28.368307459507896 ], [ -81.43296889077142, 28.368173222737099 ], [ -81.433120005665828, 28.368193982057399 ], [ -81.433104456758073, 28.368283473260799 ], [ -81.433003713382732, 28.368269633726406 ] ] ], [ [ [ -81.43198073135801, 28.368220724186536 ], [ -81.431988506405261, 28.368175978662162 ], [ -81.43203887794985, 28.368182898921429 ], [ -81.432031102928619, 28.368227644448673 ], [ -81.43198073135801, 28.368220724186536 ] ] ], [ [ [ -81.43198073135801, 28.368220724186536 ], [ -81.431972956302502, 28.368265469705186 ], [ -81.431922584714101, 28.368258549416275 ], [ -81.431930359795629, 28.368213803900517 ], [ -81.43198073135801, 28.368220724186536 ] ] ], [ [ [ -81.431922584714101, 28.368258549416275 ], [ -81.431914809624331, 28.368303294926278 ], [ -81.431864438018138, 28.368296374610665 ], [ -81.431872213133957, 28.368251629103522 ], [ -81.431922584714101, 28.368258549416275 ] ] ], [ [ [ -81.432705207074321, 28.368503507824336 ], [ -81.432720756445406, 28.368414016730267 ], [ -81.432771128191831, 28.36842093664017 ], [ -81.43277890283899, 28.368376191081609 ], [ -81.432829274567638, 28.368383110964782 ], [ -81.432837049180534, 28.368338365397541 ], [ -81.43288742089139, 28.368345285254012 ], [ -81.432864097106162, 28.368479521946856 ], [ -81.432813725317175, 28.368472602081862 ], [ -81.432805950679594, 28.368517347631695 ], [ -81.432705207074321, 28.368503507824336 ] ] ], [ [ [ -81.431856662894106, 28.36834112011201 ], [ -81.431848887761831, 28.368385865607568 ], [ -81.431798516111826, 28.36837894526241 ], [ -81.431806291270121, 28.368334199769706 ], [ -81.431856662894106, 28.36834112011201 ] ] ], [ [ [ -81.433069309163116, 28.36878259422933 ], [ -81.433018937176669, 28.368775674466455 ], [ -81.433065584344575, 28.368507201168292 ], [ -81.433115956174802, 28.368514120913996 ], [ -81.433069309163116, 28.36878259422933 ] ] ], [ [ [ -81.432538542168047, 28.368572238988122 ], [ -81.432588913993897, 28.368579158981003 ], [ -81.432565589669892, 28.368713395526971 ], [ -81.432515217765953, 28.368706475525471 ], [ -81.43250744294879, 28.368751221026344 ], [ -81.432457071027045, 28.368744300998124 ], [ -81.432480395531954, 28.368610064486713 ], [ -81.432530767375582, 28.368616984506371 ], [ -81.432538542168047, 28.368572238988122 ] ] ], [ [ [ -81.432782626717454, 28.368651584246638 ], [ -81.432767077368183, 28.368741075294285 ], [ -81.432716705431233, 28.368734155388225 ], [ -81.432732254832587, 28.368644664346288 ], [ -81.432782626717454, 28.368651584246638 ] ] ], [ [ [ -81.432457071027045, 28.368744300998124 ], [ -81.432449296175605, 28.368789046490363 ], [ -81.432398924236097, 28.368782126435452 ], [ -81.432406699113571, 28.368737380946051 ], [ -81.432457071027045, 28.368744300998124 ] ] ], [ [ [ -81.4318370582738, 28.368750749708145 ], [ -81.431821507904871, 28.368840240595151 ], [ -81.431771135986253, 28.368833320245265 ], [ -81.43178668640725, 28.368743829363943 ], [ -81.4318370582738, 28.368750749708145 ] ] ], [ [ [ -81.432871545451775, 28.369030307924945 ], [ -81.432770801224194, 28.369016468197891 ], [ -81.432778575926292, 28.368971722708782 ], [ -81.432879320101804, 28.368985562430115 ], [ -81.432871545451775, 28.369030307924945 ] ] ], [ [ [ -81.432437469223743, 28.369153930274123 ], [ -81.432487841388067, 28.369160850304205 ], [ -81.432480066514586, 28.369205595750131 ], [ -81.43237932214214, 28.369191755660413 ], [ -81.432387097067689, 28.369147010220182 ], [ -81.432336724919878, 28.36914009014238 ], [ -81.432344499863234, 28.369095344699243 ], [ -81.432243755644421, 28.369081504477801 ], [ -81.432251530631618, 28.369036759034579 ], [ -81.43220115856063, 28.369029838890881 ], [ -81.432208933565605, 28.36898509344476 ], [ -81.432410421794913, 28.369012773864885 ], [ -81.432394871984997, 28.36910226477422 ], [ -81.43244524411503, 28.369109184825287 ], [ -81.432437469223743, 28.369153930274123 ] ] ], [ [ [ -81.432530438713201, 28.369212515759216 ], [ -81.432522663857526, 28.369257261202215 ], [ -81.432472291632891, 28.369250341190273 ], [ -81.432480066514586, 28.369205595750131 ], [ -81.432530438713201, 28.369212515759216 ] ] ], [ [ [ -81.431794127753463, 28.369294615037866 ], [ -81.431693383387241, 28.369280774304762 ], [ -81.431708933972914, 28.369191283539099 ], [ -81.431759306099835, 28.369198203911861 ], [ -81.431751530837147, 28.369242949300467 ], [ -81.431801902998345, 28.369249869652194 ], [ -81.431794127753463, 28.369294615037866 ] ] ], [ [ [ -81.432073035734774, 28.36947037283803 ], [ -81.432022663419914, 28.369463452618088 ], [ -81.432030438559323, 28.369418707235447 ], [ -81.432080810848134, 28.369425627452614 ], [ -81.432073035734774, 28.36947037283803 ] ] ], [ [ [ -81.431720429704058, 28.36942193079696 ], [ -81.431712654400201, 28.369466676156613 ], [ -81.431611909842189, 28.369452835352902 ], [ -81.431627460545812, 28.369363344639272 ], [ -81.431677832768614, 28.369370265047305 ], [ -81.431670057446965, 28.36941501040992 ], [ -81.431720429704058, 28.36942193079696 ] ] ], [ [ [ -81.432166005319701, 28.369528958591815 ], [ -81.432065260613172, 28.369515118217734 ], [ -81.432073035734774, 28.36947037283803 ], [ -81.432173780389235, 28.369484213206409 ], [ -81.432166005319701, 28.369528958591815 ] ] ], [ [ [ -81.431805623731208, 28.369525262224442 ], [ -81.431755251405534, 28.369518341879427 ], [ -81.431763026691598, 28.369473596522649 ], [ -81.431813398991224, 28.369480516864851 ], [ -81.431805623731208, 28.369525262224442 ] ] ], [ [ [ -81.432216377685336, 28.369535878743061 ], [ -81.432208602633608, 28.369580624125561 ], [ -81.432158230241939, 28.369573703971433 ], [ -81.432166005319701, 28.369528958591815 ], [ -81.432216377685336, 28.369535878743061 ] ] ], [ [ [ -81.431855996065124, 28.369532182545587 ], [ -81.431848220822914, 28.369576927902273 ], [ -81.431797848462949, 28.369570007578258 ], [ -81.431805623731208, 28.369525262224442 ], [ -81.431855996065124, 28.369532182545587 ] ] ], [ [ [ -81.432359719858155, 28.369601384444664 ], [ -81.432351944876302, 28.369646129829945 ], [ -81.432301572433843, 28.369639209744584 ], [ -81.432309347441731, 28.369594464362152 ], [ -81.432359719858155, 28.369601384444664 ] ] ], [ [ [ -81.432813071977279, 28.369663664113357 ], [ -81.432762699486602, 28.369656744245646 ], [ -81.432747149931274, 28.369746235056105 ], [ -81.432696777396757, 28.369739315158792 ], [ -81.432689002580702, 28.369784060552483 ], [ -81.432638630028407, 28.369777140628447 ], [ -81.432646404870511, 28.369732395237616 ], [ -81.432596032352492, 28.369725475292562 ], [ -81.432603807212402, 28.369680729898807 ], [ -81.432654179704357, 28.369687649840991 ], [ -81.432661954529991, 28.36964290443861 ], [ -81.432712327004168, 28.369649824354035 ], [ -81.432720101795525, 28.369605078943003 ], [ -81.432770474251924, 28.369611998831736 ], [ -81.432778249009004, 28.369567253412058 ], [ -81.432828621447612, 28.369574173274039 ], [ -81.432813071977279, 28.369663664113357 ] ] ], [ [ [ -81.432034160044424, 28.369694099678593 ], [ -81.431983787599378, 28.369687179444352 ], [ -81.431991562779956, 28.369642434090633 ], [ -81.432041935198967, 28.369649354322075 ], [ -81.432034160044424, 28.369694099678593 ] ] ], [ [ [ -81.432134904959256, 28.369707940075553 ], [ -81.432127129848553, 28.369752685432044 ], [ -81.432026384881652, 28.369738845029367 ], [ -81.432034160044424, 28.369694099678593 ], [ -81.432134904959256, 28.369707940075553 ] ] ], [ [ [ -81.432413815013618, 28.369883696797224 ], [ -81.432406040034422, 28.369928442153519 ], [ -81.432254922213616, 28.369907681917564 ], [ -81.4322626972709, 28.369862936569845 ], [ -81.432413815013618, 28.369883696797224 ] ] ], [ [ [ -81.432506785289561, 28.369942282191502 ], [ -81.432499010354221, 28.36998702754774 ], [ -81.432398265047027, 28.369973187504058 ], [ -81.432406040034422, 28.369928442153519 ], [ -81.432506785289561, 28.369942282191502 ] ] ], [ [ [ -81.432836069658464, 28.37012495768402 ], [ -81.432785696890903, 28.370118037835393 ], [ -81.43279347168648, 28.370073292473609 ], [ -81.432843844428007, 28.370080212319326 ], [ -81.432836069658464, 28.37012495768402 ] ] ], [ [ [ -81.432707948482204, 28.370565491135558 ], [ -81.432657575462542, 28.37055857123454 ], [ -81.432665350366491, 28.370513825933404 ], [ -81.432715723360133, 28.370520745831563 ], [ -81.432707948482204, 28.370565491135558 ] ] ], [ [ [ -81.431518269127523, 28.370585308269494 ], [ -81.431502718083365, 28.370674798682415 ], [ -81.431452345097242, 28.370667878215357 ], [ -81.431475671729217, 28.370533642595827 ], [ -81.431526044637252, 28.370540563054355 ], [ -81.431541595631984, 28.370451072606702 ], [ -81.431591968496193, 28.370457993035643 ], [ -81.431584193028968, 28.370502738265152 ], [ -81.431634565927467, 28.370509658673061 ], [ -81.431626790478049, 28.370554403899746 ], [ -81.431576417553515, 28.370547483488973 ], [ -81.431568642069834, 28.370592228706933 ], [ -81.431518269127523, 28.370585308269494 ] ] ], [ [ [ -81.432626475764337, 28.370737552381271 ], [ -81.432618700819219, 28.370782297653509 ], [ -81.432568327677586, 28.370775377714384 ], [ -81.432576102648767, 28.370730632444964 ], [ -81.432626475764337, 28.370737552381271 ] ] ], [ [ [ -81.431363094104483, 28.370884683627008 ], [ -81.431514213453468, 28.370905445071109 ], [ -81.431498662346101, 28.37099493540887 ], [ -81.431448289169438, 28.370988014945642 ], [ -81.431456064753291, 28.370943269782533 ], [ -81.431355318476818, 28.370929428790237 ], [ -81.431339767196761, 28.37101891909926 ], [ -81.431390140382945, 28.371025839613047 ], [ -81.431382364756587, 28.371070584761764 ], [ -81.431432737977062, 28.37107750525454 ], [ -81.431417186751744, 28.371166995540303 ], [ -81.431517933321601, 28.371180836465744 ], [ -81.431494606578084, 28.371315071868203 ], [ -81.431444233210925, 28.371308151408808 ], [ -81.431459784433571, 28.371218661152042 ], [ -81.431359037828145, 28.371204820173155 ], [ -81.431366813479201, 28.371160075041796 ], [ -81.431266066958855, 28.371146233973167 ], [ -81.431273842653752, 28.371101488841759 ], [ -81.431223469431984, 28.371094568274515 ], [ -81.431277899247902, 28.37078135221272 ], [ -81.431328272287402, 28.37078827275996 ], [ -81.431336047916403, 28.370743527582309 ], [ -81.431386420938111, 28.370750448102829 ], [ -81.431363094104483, 28.370884683627008 ] ] ], [ [ [ -81.431428681955339, 28.371397641642513 ], [ -81.431378308544339, 28.371390721153599 ], [ -81.431393859852008, 28.371301230925596 ], [ -81.431444233210925, 28.371308151408808 ], [ -81.431428681955339, 28.371397641642513 ] ] ], [ [ [ -81.431312046488401, 28.372068817658153 ], [ -81.431261672686858, 28.372061897126368 ], [ -81.431269448468328, 28.372017152101975 ], [ -81.43131982224385, 28.372024072630953 ], [ -81.431312046488401, 28.372068817658153 ] ] ], [ [ [ -81.432555843975408, 28.372331313377028 ], [ -81.432548068846231, 28.372376058458372 ], [ -81.432447320682556, 28.37236221854705 ], [ -81.432455095863844, 28.372317473471394 ], [ -81.432555843975408, 28.372331313377028 ] ] ], [ [ [ -81.431246121099193, 28.372151387157786 ], [ -81.431238345293011, 28.37219613216487 ], [ -81.431187971421579, 28.37218921160062 ], [ -81.43119574725381, 28.372144466596399 ], [ -81.431246121099193, 28.372151387157786 ] ] ], [ [ [ -81.43239694661311, 28.372355298555568 ], [ -81.432389171397574, 28.372400043622623 ], [ -81.43218767509812, 28.372372363406644 ], [ -81.432195450417808, 28.372327618351058 ], [ -81.43239694661311, 28.372355298555568 ] ] ], [ [ [ -81.431885430896486, 28.372330842366711 ], [ -81.432137301043895, 28.372365443292978 ], [ -81.43212952568993, 28.372410188339906 ], [ -81.431928029451342, 28.372382507635201 ], [ -81.431920253984984, 28.372427252664902 ], [ -81.431668383742206, 28.372392651232776 ], [ -81.43167615933875, 28.372347906217378 ], [ -81.431877655412308, 28.372375587399382 ], [ -81.431885430896486, 28.372330842366711 ] ] ], [ [ [ -81.431915866735622, 28.3733429127901 ], [ -81.43216773991233, 28.373377513553461 ], [ -81.432159964481357, 28.373422258484634 ], [ -81.432008840472449, 28.373401498089649 ], [ -81.432001064955131, 28.373446243006544 ], [ -81.431749191641799, 28.373411641856663 ], [ -81.431756967289317, 28.373366896954064 ], [ -81.431908091174449, 28.373387657707031 ], [ -81.431915866735622, 28.3733429127901 ] ] ], [ [ [ -81.431388793511644, 28.37340794412118 ], [ -81.431396569349673, 28.373363199244366 ], [ -81.431648442374211, 28.37339780122964 ], [ -81.431640666666382, 28.373442546120703 ], [ -81.431539917379723, 28.373428705392499 ], [ -81.431532141611584, 28.373473450272062 ], [ -81.431330643033149, 28.373445768517808 ], [ -81.431338418905455, 28.373401023649691 ], [ -81.431388793511644, 28.37340794412118 ] ] ], [ [ [ -81.431059160427978, 28.373820789832067 ], [ -81.431066936478572, 28.373776045027366 ], [ -81.430966186888256, 28.373762203770397 ], [ -81.430973962982662, 28.37371745896564 ], [ -81.430923588225923, 28.373710538304206 ], [ -81.430931364338164, 28.373665793496468 ], [ -81.43108248855502, 28.373686555400624 ], [ -81.43107471252091, 28.373731300216882 ], [ -81.431125087302405, 28.373738220806722 ], [ -81.431109535261555, 28.373827710427587 ], [ -81.431059160427978, 28.373820789832067 ] ] ], [ [ [ -81.431210284953465, 28.373841551547102 ], [ -81.43120250897276, 28.373886296354616 ], [ -81.431101759228767, 28.373872455229407 ], [ -81.431109535261555, 28.373827710427587 ], [ -81.431210284953465, 28.373841551547102 ] ] ], [ [ [ -81.431748857452192, 28.374007165670054 ], [ -81.431698482459254, 28.374000245379055 ], [ -81.431706258187802, 28.373955500548739 ], [ -81.431756633154691, 28.373962420836907 ], [ -81.431748857452192, 28.374007165670054 ] ] ], [ [ [ -81.430935082428178, 28.373941182931638 ], [ -81.430834332662556, 28.373927341556342 ], [ -81.430842108842015, 28.373882596780419 ], [ -81.430942858555554, 28.373896438150027 ], [ -81.430935082428178, 28.373941182931638 ] ] ], [ [ [ -81.431561567088963, 28.376272081457159 ], [ -81.431553791070627, 28.376316826007045 ], [ -81.431503414716616, 28.376309905665739 ], [ -81.431511190761029, 28.376265161118685 ], [ -81.431561567088963, 28.376272081457159 ] ] ], [ [ [ -81.431201156766008, 28.376268383116539 ], [ -81.431193380557133, 28.376313127640646 ], [ -81.431042251615096, 28.376292366035297 ], [ -81.431050027902089, 28.376247621519784 ], [ -81.431201156766008, 28.376268383116539 ] ] ], [ [ [ -81.430991875317588, 28.376285445452488 ], [ -81.430984098996319, 28.376330189959319 ], [ -81.430933722681033, 28.376323269349736 ], [ -81.43094149902835, 28.376278524845723 ], [ -81.430991875317588, 28.376285445452488 ] ] ], [ [ [ -81.430588865234654, 28.376230079930458 ], [ -81.430689617705866, 28.376243921454162 ], [ -81.430681841228349, 28.376288665943896 ], [ -81.430631464962559, 28.376281745191097 ], [ -81.43062368845078, 28.376326489672199 ], [ -81.430321430873178, 28.376284964637183 ], [ -81.430329207541206, 28.376240220173244 ], [ -81.43058108870504, 28.376274824414462 ], [ -81.430588865234654, 28.376230079930458 ] ] ], [ [ [ -81.432967302301932, 28.356902687129985 ], [ -81.433168761974372, 28.35693036699211 ], [ -81.433176535353951, 28.356885620064471 ], [ -81.433226900266661, 28.356892539967479 ], [ -81.433234673611977, 28.356847793031204 ], [ -81.433335403410055, 28.356861632759923 ], [ -81.433327630116793, 28.356906379701933 ], [ -81.433277265187613, 28.356899459846666 ], [ -81.433269491860074, 28.356944206779989 ], [ -81.433219126913087, 28.356937286897985 ], [ -81.433211353551314, 28.356982033822661 ], [ -81.43316098858655, 28.356975113913979 ], [ -81.433145441786223, 28.357064607740295 ], [ -81.433195806803042, 28.357071527654711 ], [ -81.433188033416556, 28.357116274562085 ], [ -81.433238398467637, 28.357123194455507 ], [ -81.433207304943522, 28.357302182038431 ], [ -81.433257670106968, 28.357309101919459 ], [ -81.433234349955541, 28.357443342554486 ], [ -81.433183984713992, 28.357436422664893 ], [ -81.433199531541902, 28.357346928919764 ], [ -81.433149166360678, 28.357340009012045 ], [ -81.433164713207731, 28.357250515249415 ], [ -81.433063982974105, 28.357236675373798 ], [ -81.433087303339107, 28.357102434703613 ], [ -81.433036938312767, 28.357095514738589 ], [ -81.433044711777342, 28.357050767839812 ], [ -81.432994346785264, 28.357043847853806 ], [ -81.433009893741769, 28.356954354044603 ], [ -81.432959528810002, 28.356947434040443 ], [ -81.432967302301932, 28.356902687129985 ] ] ], [ [ [ -81.433636951362857, 28.358094249325578 ], [ -81.433629178115879, 28.35813899614568 ], [ -81.433578812427456, 28.35813207645473 ], [ -81.433586585700453, 28.358087329637513 ], [ -81.433636951362857, 28.358094249325578 ] ] ], [ [ [ -81.43318366069812, 28.358031971273874 ], [ -81.433168113727376, 28.358121464856925 ], [ -81.433117748087128, 28.358114544948357 ], [ -81.43313329510994, 28.358025051371079 ], [ -81.43318366069812, 28.358031971273874 ] ] ], [ [ [ -81.433578812427456, 28.35813207645473 ], [ -81.433571039146202, 28.358176823266213 ], [ -81.433520673439986, 28.358169903548571 ], [ -81.43352844674726, 28.358125156739973 ], [ -81.433578812427456, 28.35813207645473 ] ] ], [ [ [ -81.433388848532644, 28.358335051195393 ], [ -81.433338482747047, 28.358328131394742 ], [ -81.433346256165336, 28.35828338461787 ], [ -81.433396621924885, 28.358290304415643 ], [ -81.433388848532644, 28.358335051195393 ] ] ], [ [ [ -81.433264796587338, 28.358455451857616 ], [ -81.433214430740151, 28.358448532000661 ], [ -81.433222204235193, 28.358403785246832 ], [ -81.433272570056346, 28.358410705100923 ], [ -81.433264796587338, 28.358455451857616 ] ] ], [ [ [ -81.433458486685467, 28.358527877809106 ], [ -81.433450713304126, 28.358572624565671 ], [ -81.433400347371872, 28.358565704798433 ], [ -81.433408120779248, 28.358520958044732 ], [ -81.433458486685467, 28.358527877809106 ] ] ], [ [ [ -81.433326661098235, 28.358693025225111 ], [ -81.433276295104392, 28.358686105401571 ], [ -81.433284068588534, 28.358641358670962 ], [ -81.433334434556343, 28.358648278491618 ], [ -81.433326661098235, 28.358693025225111 ] ] ], [ [ [ -81.43291968360181, 28.358957812791612 ], [ -81.432970049728382, 28.358964732778318 ], [ -81.432954502359863, 28.359054226112576 ], [ -81.432904136181236, 28.359047306120218 ], [ -81.432896362458578, 28.359092052775811 ], [ -81.432845996262174, 28.359085132756686 ], [ -81.432861543751287, 28.358995639445389 ], [ -81.432911909895637, 28.359002559458791 ], [ -81.43291968360181, 28.358957812791612 ] ] ], [ [ [ -81.432714168608854, 28.359250279177118 ], [ -81.432706394766967, 28.359295025795248 ], [ -81.432656028465161, 28.359288105690261 ], [ -81.43267157619276, 28.359198612453937 ], [ -81.432721942442512, 28.359205532553236 ], [ -81.432737490085145, 28.359116039288093 ], [ -81.432787856291085, 28.359122959357805 ], [ -81.432795630074025, 28.359078212713712 ], [ -81.432845996262174, 28.359085132756686 ], [ -81.432830448740134, 28.359174626044823 ], [ -81.432780082499917, 28.359167705996125 ], [ -81.432764534892897, 28.359257199255417 ], [ -81.432714168608854, 28.359250279177118 ] ] ], [ [ [ -81.43322560539373, 28.359274732233523 ], [ -81.433175239061484, 28.359267812372899 ], [ -81.433183012652648, 28.359223065717526 ], [ -81.433233378958846, 28.359229985575265 ], [ -81.43322560539373, 28.359274732233523 ] ] ], [ [ [ -81.43315191823865, 28.359402052304294 ], [ -81.433101551836558, 28.359395132411219 ], [ -81.433109325478441, 28.359350385776072 ], [ -81.433159691854485, 28.359357305666261 ], [ -81.43315191823865, 28.359402052304294 ] ] ], [ [ [ -81.432849719949871, 28.35936053258791 ], [ -81.432841946169617, 28.359405279202999 ], [ -81.432791579790987, 28.359398359163897 ], [ -81.432799353597289, 28.359353612551669 ], [ -81.432849719949871, 28.35936053258791 ] ] ], [ [ [ -81.432834172381121, 28.359450025812322 ], [ -81.432841946169617, 28.359405279202999 ], [ -81.43289231255649, 28.35941219921828 ], [ -81.432884538794013, 28.359456945830456 ], [ -81.432834172381121, 28.359450025812322 ] ] ], [ [ [ -81.433136046622963, 28.360087090980709 ], [ -81.433085679813914, 28.360080171092509 ], [ -81.433093453527221, 28.360035424538427 ], [ -81.433143820310221, 28.360042344423757 ], [ -81.433136046622963, 28.360087090980709 ] ] ], [ [ [ -81.433077906092393, 28.360124917640828 ], [ -81.433027539265566, 28.360117997725919 ], [ -81.433035313013136, 28.360073251180463 ], [ -81.433085679813914, 28.360080171092509 ], [ -81.433077906092393, 28.360124917640828 ] ] ], [ [ [ -81.432174363722609, 28.36146684218858 ], [ -81.432123996170006, 28.361459921872026 ], [ -81.432131770519405, 28.361415175548803 ], [ -81.432182138045974, 28.361422095862533 ], [ -81.432174363722609, 28.36146684218858 ] ] ], [ [ [ -81.432364007767319, 28.361859413927867 ], [ -81.432356233500016, 28.361904160216159 ], [ -81.432305865671893, 28.36189723999318 ], [ -81.432313639965216, 28.361852493707769 ], [ -81.432364007767319, 28.361859413927867 ] ] ], [ [ [ -81.432635118259341, 28.362079919934267 ], [ -81.432627344115289, 28.362124666216513 ], [ -81.432526608160032, 28.362110826010287 ], [ -81.432534382356138, 28.362066079733744 ], [ -81.432635118259341, 28.362079919934267 ] ] ], [ [ [ -81.432677712105303, 28.362131586283887 ], [ -81.432669937979071, 28.362176332563255 ], [ -81.432619569963023, 28.36216941249306 ], [ -81.432627344115289, 28.362124666216513 ], [ -81.432677712105303, 28.362131586283887 ] ] ], [ [ [ -81.432805493955698, 28.362286585189125 ], [ -81.43275512586284, 28.362279665184822 ], [ -81.432762899953488, 28.362234918911298 ], [ -81.432813268020311, 28.362241838912787 ], [ -81.432805493955698, 28.362286585189125 ] ] ], [ [ [ -81.432565150666619, 28.362482636266517 ], [ -81.432514782476602, 28.362475716152481 ], [ -81.432530330940224, 28.362386223680414 ], [ -81.432580699078187, 28.36239314378874 ], [ -81.432565150666619, 28.362482636266517 ] ] ], [ [ [ -81.431913419649348, 28.363859150452438 ], [ -81.431863050692272, 28.363852230056061 ], [ -81.431878600099338, 28.363762737999867 ], [ -81.43192896900436, 28.363769658390556 ], [ -81.431913419649348, 28.363859150452438 ] ] ], [ [ [ -81.431812681743438, 28.363845309635824 ], [ -81.431863050692272, 28.363852230056061 ], [ -81.431855275976389, 28.363896976075459 ], [ -81.431804907001535, 28.363890055652359 ], [ -81.431812681743438, 28.363845309635824 ] ] ], [ [ [ -81.432343417242919, 28.364055671072745 ], [ -81.432293048133502, 28.364048750882535 ], [ -81.432308597121377, 28.363959258809622 ], [ -81.43240933524433, 28.363973099154734 ], [ -81.432401560806568, 28.364017845199808 ], [ -81.432351191714943, 28.364010925036318 ], [ -81.432343417242919, 28.364055671072745 ] ] ], [ [ [ -81.432234904500007, 28.364086576693385 ], [ -81.432242679032328, 28.364041830668498 ], [ -81.432293048133502, 28.364048750882535 ], [ -81.432285273627215, 28.364093496910328 ], [ -81.432234904500007, 28.364086576693385 ] ] ], [ [ [ -81.432234904500007, 28.364086576693385 ], [ -81.432227129959458, 28.364131322712542 ], [ -81.432176760814471, 28.36412440246891 ], [ -81.432184535381055, 28.364079656452656 ], [ -81.432234904500007, 28.364086576693385 ] ] ], [ [ [ -81.432103067850491, 28.364251720206976 ], [ -81.432087518591146, 28.364341212181735 ], [ -81.432037149332501, 28.364334291876133 ], [ -81.432052698643886, 28.364244799907059 ], [ -81.432103067850491, 28.364251720206976 ] ] ], [ [ [ -81.431804573242218, 28.364485594237927 ], [ -81.431796798437091, 28.364530340179218 ], [ -81.431746429089515, 28.364523419739939 ], [ -81.431754203920661, 28.364478673801507 ], [ -81.431804573242218, 28.364485594237927 ] ] ], [ [ [ -81.432006050610894, 28.364513275744869 ], [ -81.432013825303642, 28.364468529786365 ], [ -81.432114563985408, 28.364482370390945 ], [ -81.432106789344729, 28.364527116355148 ], [ -81.432207528111562, 28.36454095686998 ], [ -81.432199753514723, 28.364585702834152 ], [ -81.432250122936551, 28.364592623058627 ], [ -81.432242348357505, 28.36463736901986 ], [ -81.43229271781361, 28.364644289223321 ], [ -81.43228494325237, 28.364689035181627 ], [ -81.432335312742751, 28.364695955364123 ], [ -81.432327538199303, 28.364740701319505 ], [ -81.432377907723989, 28.364747621480934 ], [ -81.432370133198347, 28.364792367433395 ], [ -81.432269394105177, 28.364778527080915 ], [ -81.432277168682887, 28.364733781134166 ], [ -81.432176429674769, 28.364719940691938 ], [ -81.43218420429632, 28.364675194745111 ], [ -81.43213383483068, 28.364668274491052 ], [ -81.432141609470023, 28.364623528541305 ], [ -81.432091240038673, 28.36461660826625 ], [ -81.432099014695822, 28.3645718623136 ], [ -81.43204864529875, 28.364564942017509 ], [ -81.432056419973676, 28.364520196061932 ], [ -81.432006050610894, 28.364513275744869 ] ] ], [ [ [ -81.431688284884771, 28.36456124520662 ], [ -81.43173865425014, 28.364568165672605 ], [ -81.431723104546663, 28.364657657520556 ], [ -81.431672735129226, 28.364650737048894 ], [ -81.431664960239118, 28.364695482961313 ], [ -81.431614590803903, 28.364688562462931 ], [ -81.431630140627973, 28.364599070637944 ], [ -81.43168051001112, 28.364605991130638 ], [ -81.431688284884771, 28.36456124520662 ] ] ], [ [ [ -81.43241272824946, 28.36484403352334 ], [ -81.432362358664463, 28.364837113380048 ], [ -81.432370133198347, 28.364792367433395 ], [ -81.432420502757296, 28.36479928757381 ], [ -81.43241272824946, 28.36484403352334 ] ] ], [ [ [ -81.432505692980172, 28.364902619687829 ], [ -81.432497918507934, 28.364947365631508 ], [ -81.432447548854384, 28.364940445530205 ], [ -81.432431999833128, 28.365029937394478 ], [ -81.432381630135751, 28.365023017263638 ], [ -81.4323660810295, 28.365112509099074 ], [ -81.432315711288297, 28.365105588938611 ], [ -81.432307936696787, 28.365150334844806 ], [ -81.432257566937807, 28.365143414657613 ], [ -81.43226534155535, 28.365098668754321 ], [ -81.432214971830646, 28.365091748546135 ], [ -81.432246070322634, 28.364912764886395 ], [ -81.43234680957201, 28.364926605256041 ], [ -81.432354584122365, 28.364881859320967 ], [ -81.432404953733382, 28.364888779467059 ], [ -81.43241272824946, 28.36484403352334 ], [ -81.432463097842714, 28.364850953642783 ], [ -81.432455323352656, 28.364895699589411 ], [ -81.432505692980172, 28.364902619687829 ] ] ], [ [ [ -81.43162608566503, 28.364919212436838 ], [ -81.43161053577775, 28.36500870418654 ], [ -81.431560166160295, 28.365001783668131 ], [ -81.431567941134077, 28.364957037799016 ], [ -81.431517571550913, 28.364950117259582 ], [ -81.4315253465425, 28.36490537138754 ], [ -81.43162608566503, 28.364919212436838 ] ] ], [ [ [ -81.431660905403447, 28.365015624681099 ], [ -81.431653130473492, 28.36506037055014 ], [ -81.431602760821761, 28.365053450052716 ], [ -81.43161053577775, 28.36500870418654 ], [ -81.431660905403447, 28.365015624681099 ] ] ], [ [ [ -81.431695725221317, 28.365112036889787 ], [ -81.431645355535309, 28.365105116413396 ], [ -81.431653130473492, 28.36506037055014 ], [ -81.431703500133466, 28.365067291023681 ], [ -81.431695725221317, 28.365112036889787 ] ] ], [ [ [ -81.431695725221317, 28.365112036889787 ], [ -81.431746094915596, 28.36511895734235 ], [ -81.431738320021239, 28.365163703205525 ], [ -81.43168795030094, 28.36515678275013 ], [ -81.431695725221317, 28.365112036889787 ] ] ], [ [ [ -81.431788689749794, 28.365170623637084 ], [ -81.431780914873229, 28.365215369497353 ], [ -81.43173054511864, 28.36520844906293 ], [ -81.431738320021239, 28.365163703205525 ], [ -81.431788689749794, 28.365170623637084 ] ] ], [ [ [ -81.431529066182804, 28.365180767086766 ], [ -81.43152129116784, 28.365225512926934 ], [ -81.43147092142847, 28.365218592370354 ], [ -81.431478696469455, 28.365173846533011 ], [ -81.431529066182804, 28.365180767086766 ] ] ], [ [ [ -81.431831284636075, 28.365222289907866 ], [ -81.431823509777331, 28.365267035765196 ], [ -81.431773139988451, 28.36526011535182 ], [ -81.431780914873229, 28.365215369497353 ], [ -81.431831284636075, 28.365222289907866 ] ] ], [ [ [ -81.431866104733501, 28.365318702009112 ], [ -81.431815734910344, 28.365311781616768 ], [ -81.431823509777331, 28.365267035765196 ], [ -81.431873879574439, 28.365273956154713 ], [ -81.431866104733501, 28.365318702009112 ] ] ], [ [ [ -81.431563885918308, 28.365277179296886 ], [ -81.431513516144648, 28.365270258761353 ], [ -81.43152129116784, 28.365225512926934 ], [ -81.431571660915466, 28.365232433459649 ], [ -81.431563885918308, 28.365277179296886 ] ] ], [ [ [ -81.4319164745649, 28.365325622377611 ], [ -81.431908699741754, 28.365370368229105 ], [ -81.431858329884307, 28.365363447857717 ], [ -81.431866104733501, 28.365318702009112 ], [ -81.4319164745649, 28.365325622377611 ] ] ], [ [ [ -81.431614255700211, 28.365284099808626 ], [ -81.431606480720873, 28.365328845642924 ], [ -81.431556110912922, 28.36532192512837 ], [ -81.431563885918308, 28.365277179296886 ], [ -81.431614255700211, 28.365284099808626 ] ] ], [ [ [ -81.431959069607444, 28.365377288576632 ], [ -81.43195129480209, 28.365422034425187 ], [ -81.431900924910366, 28.365415114074789 ], [ -81.431908699741754, 28.365370368229105 ], [ -81.431959069607444, 28.365377288576632 ] ] ], [ [ [ -81.431649075575493, 28.365380511965043 ], [ -81.431598705733279, 28.365373591471528 ], [ -81.431606480720873, 28.365328845642924 ], [ -81.431656850537053, 28.365335766133622 ], [ -81.431649075575493, 28.365380511965043 ] ] ], [ [ [ -81.431993889914509, 28.365473700597327 ], [ -81.431943519988494, 28.365466780267987 ], [ -81.43195129480209, 28.365422034425187 ], [ -81.432001664702057, 28.365428954751685 ], [ -81.431993889914509, 28.365473700597327 ] ] ], [ [ [ -81.431699445425963, 28.365387432434748 ], [ -81.431691670482223, 28.36543217826323 ], [ -81.431641300605705, 28.365425257790672 ], [ -81.431649075575493, 28.365380511965043 ], [ -81.431699445425963, 28.365387432434748 ] ] ], [ [ [ -81.432036485079024, 28.365525366745516 ], [ -81.431986115118733, 28.365518446437189 ], [ -81.431993889914509, 28.365473700597327 ], [ -81.432044259848766, 28.365480620902812 ], [ -81.432036485079024, 28.365525366745516 ] ] ], [ [ [ -81.431734265441008, 28.365483844537501 ], [ -81.431683895530213, 28.365476924085911 ], [ -81.431691670482223, 28.36543217826323 ], [ -81.431742040366984, 28.365439098711867 ], [ -81.431734265441008, 28.365483844537501 ] ] ], [ [ [ -81.43178463536006, 28.365490764965145 ], [ -81.431776860451905, 28.365535510787765 ], [ -81.431726490506833, 28.365528590357229 ], [ -81.431734265441008, 28.365483844537501 ], [ -81.43178463536006, 28.365490764965145 ] ] ], [ [ [ -81.431819455514884, 28.365587177014163 ], [ -81.431769085535521, 28.365580256604641 ], [ -81.431776860451905, 28.365535510787765 ], [ -81.431827230405233, 28.36554243119442 ], [ -81.431819455514884, 28.365587177014163 ] ] ], [ [ [ -81.431819455514884, 28.365587177014163 ], [ -81.431869825502488, 28.365594097399804 ], [ -81.431862050629931, 28.365638843216573 ], [ -81.431811680616292, 28.365631922828083 ], [ -81.431819455514884, 28.365587177014163 ] ] ], [ [ [ -81.431815401221712, 28.365907317995873 ], [ -81.431765031051867, 28.365900397590227 ], [ -81.43177280599987, 28.365855651811003 ], [ -81.431823176143681, 28.365862572213793 ], [ -81.431815401221712, 28.365907317995873 ] ] ], [ [ [ -81.431714660890265, 28.365893477160714 ], [ -81.431765031051867, 28.365900397590227 ], [ -81.431757256095636, 28.365945143363653 ], [ -81.431706885908014, 28.36593822293128 ], [ -81.431714660890265, 28.365893477160714 ] ] ], [ [ [ -81.431699110917521, 28.365982968696134 ], [ -81.431648740712092, 28.365976048237034 ], [ -81.431656515728633, 28.365931302475033 ], [ -81.431706885908014, 28.36593822293128 ], [ -81.431699110917521, 28.365982968696134 ] ] ], [ [ [ -81.431590595464129, 28.366013873507338 ], [ -81.431598370514919, 28.365969127754042 ], [ -81.431648740712092, 28.365976048237034 ], [ -81.431640965687336, 28.366020793993158 ], [ -81.431590595464129, 28.366013873507338 ] ] ], [ [ [ -81.431590595464129, 28.366013873507338 ], [ -81.431582820405112, 28.366058619254904 ], [ -81.431482079931371, 28.366044778205932 ], [ -81.431489855042472, 28.366000032464129 ], [ -81.431590595464129, 28.366013873507338 ] ] ], [ [ [ -81.431869492193954, 28.366189633340998 ], [ -81.431861717266429, 28.366234379088311 ], [ -81.431962458028366, 28.366248219772572 ], [ -81.431908033669671, 28.366561439881956 ], [ -81.431857663102321, 28.366554519531778 ], [ -81.431849888134963, 28.366599265235685 ], [ -81.431799517549848, 28.36659234485877 ], [ -81.43180729254324, 28.36654759915767 ], [ -81.431756921992388, 28.366540678759776 ], [ -81.431764697003601, 28.366495933055749 ], [ -81.43171432648704, 28.366489012636801 ], [ -81.43172210151603, 28.366444266929928 ], [ -81.431671731033759, 28.366437346489963 ], [ -81.431679506080556, 28.366392600780145 ], [ -81.431629135632562, 28.366385680319159 ], [ -81.43166801087321, 28.366161951697553 ], [ -81.431869492193954, 28.366189633340998 ] ] ], [ [ [ -81.431400609076022, 28.36621684054364 ], [ -81.431408384246083, 28.366172094827796 ], [ -81.431458754548672, 28.366179015396661 ], [ -81.431443204252375, 28.36626850682828 ], [ -81.431493574615288, 28.366275427378941 ], [ -81.4314702491872, 28.36640966449152 ], [ -81.431520619636458, 28.366416585026943 ], [ -81.431489519054523, 28.366595567774162 ], [ -81.431338407419048, 28.36657480606204 ], [ -81.431353957882692, 28.366485314717181 ], [ -81.431303587406106, 28.366478394104462 ], [ -81.431319137888892, 28.36638890274212 ], [ -81.431268767472616, 28.366381982111228 ], [ -81.431276542727687, 28.366337236424272 ], [ -81.431226172345703, 28.366330315772402 ], [ -81.43123394761858, 28.366285570082511 ], [ -81.431183577270886, 28.36627864940964 ], [ -81.43119912784401, 28.366189158018159 ], [ -81.431400609076022, 28.36621684054364 ] ] ], [ [ [ -81.432113237639726, 28.366864515514706 ], [ -81.432062866874915, 28.36685759526668 ], [ -81.432078416623398, 28.366768103882286 ], [ -81.432128787336126, 28.366775024124575 ], [ -81.432113237639726, 28.366864515514706 ] ] ], [ [ [ -81.432004721205757, 28.366895420675426 ], [ -81.432012496118375, 28.366850674994794 ], [ -81.432062866874915, 28.36685759526668 ], [ -81.432055091988346, 28.366902340950194 ], [ -81.432004721205757, 28.366895420675426 ] ] ], [ [ [ -81.432004721205757, 28.366895420675426 ], [ -81.431996946284897, 28.366940166350268 ], [ -81.431946575484531, 28.366933246048809 ], [ -81.431954350431411, 28.366888500376824 ], [ -81.432004721205757, 28.366895420675426 ] ] ], [ [ [ -81.431931025566044, 28.367022737375507 ], [ -81.431880654721866, 28.367015817044486 ], [ -81.43188842971125, 28.366971071386885 ], [ -81.431938800529409, 28.366977991715085 ], [ -81.431931025566044, 28.367022737375507 ] ] ], [ [ [ -81.43183028388593, 28.367008896689583 ], [ -81.431880654721866, 28.367015817044486 ], [ -81.431872879724253, 28.367060562696281 ], [ -81.431822508862268, 28.367053642338497 ], [ -81.43183028388593, 28.367008896689583 ] ] ], [ [ [ -81.431311025404028, 28.367029183062829 ], [ -81.431303250103554, 28.367073928671655 ], [ -81.431252879280251, 28.367067008045613 ], [ -81.431260654606774, 28.367022262439651 ], [ -81.431311025404028, 28.367029183062829 ] ] ], [ [ [ -81.43175658788445, 28.367136213231696 ], [ -81.431764362950602, 28.367091467597184 ], [ -81.431814733830365, 28.367098387981699 ], [ -81.431806958790247, 28.367143133619074 ], [ -81.43175658788445, 28.367136213231696 ] ] ], [ [ [ -81.43175658788445, 28.367136213231696 ], [ -81.431748812810056, 28.367180958860462 ], [ -81.431698441886468, 28.367174038446425 ], [ -81.431706216986896, 28.367129292820501 ], [ -81.43175658788445, 28.367136213231696 ] ] ], [ [ [ -81.431682891660898, 28.367263529680809 ], [ -81.431632520693512, 28.367256609237192 ], [ -81.431640295836445, 28.367211863625723 ], [ -81.431690666777797, 28.367218784066484 ], [ -81.431682891660898, 28.367263529680809 ] ] ], [ [ [ -81.431582149734353, 28.367249688769668 ], [ -81.431632520693512, 28.367256609237192 ], [ -81.431616970382919, 28.367346100442802 ], [ -81.431566599371692, 28.36733917996958 ], [ -81.431582149734353, 28.367249688769668 ] ] ], [ [ [ -81.431566599371692, 28.36733917996958 ], [ -81.431558824178026, 28.367383925560784 ], [ -81.431508453149021, 28.367377005060838 ], [ -81.431516228368721, 28.367332259472448 ], [ -81.431566599371692, 28.36733917996958 ] ] ], [ [ [ -81.431492902684894, 28.367466496220338 ], [ -81.431442531612063, 28.367459575690813 ], [ -81.431450306874282, 28.36741483011685 ], [ -81.431500677921079, 28.367421750643476 ], [ -81.431492902684894, 28.367466496220338 ] ] ], [ [ [ -81.431996613866943, 28.367535700203153 ], [ -81.431946242711604, 28.367528779912227 ], [ -81.431954017713466, 28.367484034309673 ], [ -81.43200438884277, 28.36749095459772 ], [ -81.431996613866943, 28.367535700203153 ] ] ], [ [ [ -81.431198451764075, 28.367380227125444 ], [ -81.431190676371685, 28.367424972685132 ], [ -81.431140305348364, 28.367418052012386 ], [ -81.431148080766803, 28.367373306455562 ], [ -81.431198451764075, 28.367380227125444 ] ] ], [ [ [ -81.431182900971066, 28.36746971823905 ], [ -81.431190676371685, 28.367424972685132 ], [ -81.431241047403262, 28.367431893334015 ], [ -81.431233272028678, 28.367476638890782 ], [ -81.431182900971066, 28.36746971823905 ] ] ], [ [ [ -81.431426981062941, 28.367549066821415 ], [ -81.431376609946284, 28.367542146262299 ], [ -81.431392160547503, 28.367452655137406 ], [ -81.431442531612063, 28.367459575690813 ], [ -81.431426981062941, 28.367549066821415 ] ] ], [ [ [ -81.431368834633332, 28.367586891816082 ], [ -81.431318463498911, 28.367579971230253 ], [ -81.431326238837897, 28.36753522567933 ], [ -81.431376609946284, 28.367542146262299 ], [ -81.431368834633332, 28.367586891816082 ] ] ], [ [ [ -81.431872546431435, 28.367656096361923 ], [ -81.431822175214506, 28.367649176014751 ], [ -81.431829950293135, 28.367604430435225 ], [ -81.43188032148403, 28.367611350779558 ], [ -81.431872546431435, 28.367656096361923 ] ] ], [ [ [ -81.431318463498911, 28.367579971230253 ], [ -81.431302912796227, 28.367669462314772 ], [ -81.43125254161798, 28.36766254169936 ], [ -81.431268092372719, 28.367573050620553 ], [ -81.431318463498911, 28.367579971230253 ] ] ], [ [ [ -81.431756253771781, 28.36773174677964 ], [ -81.431748478642419, 28.367776492338912 ], [ -81.431698107363871, 28.367769571935433 ], [ -81.431705882519267, 28.367724826378986 ], [ -81.431756253771781, 28.36773174677964 ] ] ], [ [ [ -81.431244766228247, 28.367707287230058 ], [ -81.431194395032222, 28.367700366587908 ], [ -81.431202170447975, 28.367655621060059 ], [ -81.43125254161798, 28.36766254169936 ], [ -81.431244766228247, 28.367707287230058 ] ] ], [ [ [ -81.431186619608212, 28.36774511210999 ], [ -81.431136248394395, 28.367738191441131 ], [ -81.431144023844439, 28.367693445921908 ], [ -81.431194395032222, 28.367700366587908 ], [ -81.431186619608212, 28.36774511210999 ] ] ], [ [ [ -81.431690332200219, 28.367814317486086 ], [ -81.431639960903908, 28.367807397055898 ], [ -81.431647736093581, 28.367762651508102 ], [ -81.431698107363871, 28.367769571935433 ], [ -81.431690332200219, 28.367814317486086 ] ] ], [ [ [ -81.431136248394395, 28.367738191441131 ], [ -81.431120697469638, 28.367827682462202 ], [ -81.431070326211994, 28.367820761763788 ], [ -81.431085877188821, 28.367731270748383 ], [ -81.431136248394395, 28.367738191441131 ] ] ], [ [ [ -81.431574039159699, 28.367889967674312 ], [ -81.431566263919279, 28.367934713201922 ], [ -81.43151589256135, 28.367927792715395 ], [ -81.431523667827804, 28.367883047190688 ], [ -81.431574039159699, 28.367889967674312 ] ] ], [ [ [ -81.431070326211994, 28.367820761763788 ], [ -81.431062550711204, 28.36786550726281 ], [ -81.431012179435783, 28.367858586537601 ], [ -81.431019954962593, 28.367813841041478 ], [ -81.431070326211994, 28.367820761763788 ] ] ], [ [ [ -81.431384048513806, 28.36809293368907 ], [ -81.431333677076481, 28.368086013119488 ], [ -81.431341452453978, 28.368041267626442 ], [ -81.431391823865269, 28.368048188193161 ], [ -81.431384048513806, 28.36809293368907 ] ] ], [ [ [ -81.431887763340839, 28.368162138071945 ], [ -81.43183739182102, 28.36815521774103 ], [ -81.431845166938146, 28.368110472219438 ], [ -81.431895538431945, 28.368117392547454 ], [ -81.431887763340839, 28.368162138071945 ] ] ], [ [ [ -81.431821841562041, 28.368244708766934 ], [ -81.431771469998395, 28.368237788406482 ], [ -81.431779245158026, 28.368193042899264 ], [ -81.431829616695637, 28.368199963256867 ], [ -81.431821841562041, 28.368244708766934 ] ] ], [ [ [ -81.431721098442992, 28.36823086802211 ], [ -81.431771469998395, 28.368237788406482 ], [ -81.431763694830508, 28.368282533907852 ], [ -81.43171332324907, 28.368275613520677 ], [ -81.431721098442992, 28.36823086802211 ] ] ], [ [ [ -81.43126775481565, 28.36816858348914 ], [ -81.431259979387406, 28.368213328961936 ], [ -81.431209607888476, 28.368206408336075 ], [ -81.431217383342741, 28.368161662866111 ], [ -81.43126775481565, 28.36816858348914 ] ] ], [ [ [ -81.431705548046935, 28.368320359013463 ], [ -81.431655176447705, 28.368313438599518 ], [ -81.431662951675889, 28.368268693109606 ], [ -81.43171332324907, 28.368275613520677 ], [ -81.431705548046935, 28.368320359013463 ] ] ], [ [ [ -81.431790740945274, 28.368423690749324 ], [ -81.431740369277492, 28.368416770377426 ], [ -81.431748144470063, 28.368372024893361 ], [ -81.431798516111826, 28.36837894526241 ], [ -81.431790740945274, 28.368423690749324 ] ] ], [ [ [ -81.431647401211293, 28.368358184083664 ], [ -81.431639625966653, 28.368402929561995 ], [ -81.431589254323612, 28.368396009118523 ], [ -81.431597029594286, 28.368351263643035 ], [ -81.431647401211293, 28.368358184083664 ] ] ], [ [ [ -81.431740369277492, 28.368416770377426 ], [ -81.431732594076678, 28.368461515855689 ], [ -81.431682222391089, 28.368454595457099 ], [ -81.431689997617937, 28.368409849981639 ], [ -81.431740369277492, 28.368416770377426 ] ] ], [ [ [ -81.431581479044681, 28.36844075458821 ], [ -81.431531107383861, 28.368433834117972 ], [ -81.431538882688798, 28.368389088651146 ], [ -81.431589254323612, 28.368396009118523 ], [ -81.431581479044681, 28.36844075458821 ] ] ], [ [ [ -81.431523332070668, 28.368478579579076 ], [ -81.431472960392043, 28.368471659082143 ], [ -81.43148073573127, 28.3684269136239 ], [ -81.431531107383861, 28.368433834117972 ], [ -81.431523332070668, 28.368478579579076 ] ] ], [ [ [ -81.431666671912708, 28.368544086390603 ], [ -81.431616300183293, 28.368537165962373 ], [ -81.431624075452646, 28.368492420501358 ], [ -81.431674447156013, 28.368499340926721 ], [ -81.431666671912708, 28.368544086390603 ] ] ], [ [ [ -81.431616300183293, 28.368537165962373 ], [ -81.431608524905712, 28.368581911417607 ], [ -81.43155815315852, 28.368574990962696 ], [ -81.431565928462149, 28.368530245510314 ], [ -81.431616300183293, 28.368537165962373 ] ] ], [ [ [ -81.431875934051988, 28.368527022389493 ], [ -81.43186815891282, 28.368571767864786 ], [ -81.431817787150422, 28.368564847532028 ], [ -81.431810011976978, 28.368609592998677 ], [ -81.431759640196788, 28.368602672639213 ], [ -81.431744089773133, 28.368692163549451 ], [ -81.431643346133342, 28.368678322747474 ], [ -81.431651121401359, 28.368633577300994 ], [ -81.431701493191085, 28.368640497711045 ], [ -81.431717043650352, 28.368551006794942 ], [ -81.431767415396251, 28.368557927175424 ], [ -81.431775190587501, 28.368513181705826 ], [ -81.431825562315623, 28.368520102059573 ], [ -81.431833337472597, 28.368475356581403 ], [ -81.431934080901513, 28.368489197211591 ], [ -81.431926305796608, 28.368533942695539 ], [ -81.431875934051988, 28.368527022389493 ] ] ], [ [ [ -81.431399262576491, 28.368598974892695 ], [ -81.431348890836261, 28.368592054339427 ], [ -81.43135666625227, 28.368547308904315 ], [ -81.431407037966451, 28.368554229454698 ], [ -81.431399262576491, 28.368598974892695 ] ] ], [ [ [ -81.431290743654017, 28.368629879188848 ], [ -81.431298519104303, 28.368585133762345 ], [ -81.431348890836261, 28.368592054339427 ], [ -81.431341115412039, 28.368636799768833 ], [ -81.431290743654017, 28.368629879188848 ] ] ], [ [ [ -81.431290743654017, 28.368629879188848 ], [ -81.431282968195518, 28.368674624609586 ], [ -81.431232596419719, 28.368667704002895 ], [ -81.431240371904266, 28.368622958584982 ], [ -81.431290743654017, 28.368629879188848 ] ] ], [ [ [ -81.431643346133342, 28.368678322747474 ], [ -81.431635570857097, 28.368723068188256 ], [ -81.431585199023544, 28.3687161477486 ], [ -81.431592974325838, 28.368671402310706 ], [ -81.431643346133342, 28.368678322747474 ] ] ], [ [ [ -81.431492230735557, 28.368657561365573 ], [ -81.431484455381195, 28.368702306797715 ], [ -81.431434083572398, 28.368695386286468 ], [ -81.431441858952809, 28.368650640857137 ], [ -81.431492230735557, 28.368657561365573 ] ] ], [ [ [ -81.431434083572398, 28.368695386286468 ], [ -81.431426308183774, 28.368740131709981 ], [ -81.431375936357199, 28.368733211172046 ], [ -81.431383711771858, 28.368688465751347 ], [ -81.431434083572398, 28.368695386286468 ] ] ], [ [ [ -81.431577423713023, 28.368760893180688 ], [ -81.431527051861679, 28.368753972714345 ], [ -81.431534827198249, 28.368709227285102 ], [ -81.431585199023544, 28.3687161477486 ], [ -81.431577423713023, 28.368760893180688 ] ] ], [ [ [ -81.431217045425925, 28.368757194821267 ], [ -81.431166673606327, 28.368750274185025 ], [ -81.43118222465219, 28.368660783372324 ], [ -81.431232596419719, 28.368667704002895 ], [ -81.431217045425925, 28.368757194821267 ] ] ], [ [ [ -81.431375936357199, 28.368733211172046 ], [ -81.431368160934284, 28.368777956586943 ], [ -81.431317789089917, 28.368771036022245 ], [ -81.431325564538852, 28.368726290610219 ], [ -81.431375936357199, 28.368733211172046 ] ] ], [ [ [ -81.431166673606327, 28.368750274185025 ], [ -81.431158898071033, 28.368795019582642 ], [ -81.431108526233643, 28.368788098919648 ], [ -81.431116301794958, 28.368743353524863 ], [ -81.431166673606327, 28.368750274185025 ] ] ], [ [ [ -81.431302238167333, 28.368860526828957 ], [ -81.431251866279155, 28.368853606234712 ], [ -81.431259641770595, 28.368808860837067 ], [ -81.431310013632753, 28.368815781428481 ], [ -81.431302238167333, 28.368860526828957 ] ] ], [ [ [ -81.431244090779472, 28.368898351626527 ], [ -81.431193718873487, 28.368891431005526 ], [ -81.431201494399218, 28.368846685616575 ], [ -81.431251866279155, 28.368853606234712 ], [ -81.431244090779472, 28.368898351626527 ] ] ], [ [ [ -81.431092975086301, 28.368877589691941 ], [ -81.431042603205086, 28.368870668999374 ], [ -81.431050378808905, 28.368825923618999 ], [ -81.431100750664086, 28.368832844308674 ], [ -81.431092975086301, 28.368877589691941 ] ] ], [ [ [ -81.431042603205086, 28.368870668999374 ], [ -81.43103482759301, 28.368915414373991 ], [ -81.430984455694002, 28.368908493654718 ], [ -81.430992231332098, 28.368863748282958 ], [ -81.431042603205086, 28.368870668999374 ] ] ], [ [ [ -81.431185943339543, 28.368936176388722 ], [ -81.43117816779737, 28.368980921766138 ], [ -81.431127795847573, 28.368974001115557 ], [ -81.431135571415794, 28.368929255741005 ], [ -81.431185943339543, 28.368936176388722 ] ] ], [ [ [ -81.431623740400724, 28.369087951944657 ], [ -81.431615965076389, 28.36913269733623 ], [ -81.431565593000272, 28.369125776894748 ], [ -81.431573368350627, 28.369081031506003 ], [ -81.431623740400724, 28.369087951944657 ] ] ], [ [ [ -81.430910756761449, 28.369035808983529 ], [ -81.430860384800837, 28.3690288882079 ], [ -81.430868160515701, 28.368984142859215 ], [ -81.430918532450292, 28.36899106363197 ], [ -81.430910756761449, 28.369035808983529 ] ] ], [ [ [ -81.430995949409194, 28.369139141160328 ], [ -81.430945577380015, 28.369132220426753 ], [ -81.430961128730317, 28.369042729735266 ], [ -81.431011500707442, 28.369049650463158 ], [ -81.431019276344188, 28.369004905105886 ], [ -81.431069648303534, 28.369011825807032 ], [ -81.431077423906018, 28.368967080441102 ], [ -81.431127795847573, 28.368974001115557 ], [ -81.431112244686418, 28.369063491847289 ], [ -81.431061872692808, 28.36905657116716 ], [ -81.43105409707384, 28.369101316521494 ], [ -81.431003725062439, 28.369094395814606 ], [ -81.430995949409194, 28.369139141160328 ] ] ], [ [ [ -81.430860384800837, 28.3690288882079 ], [ -81.430852609077732, 28.369073633550844 ], [ -81.430802237099329, 28.369066712748459 ], [ -81.430810012848468, 28.369021967408447 ], [ -81.430860384800837, 28.3690288882079 ] ] ], [ [ [ -81.431499670154892, 28.369208347183704 ], [ -81.43149189475379, 28.369253092552196 ], [ -81.431441522616055, 28.369246172054414 ], [ -81.431449298043191, 28.369201426688772 ], [ -81.431499670154892, 28.369208347183704 ] ] ], [ [ [ -81.430794461341947, 28.369111458082745 ], [ -81.430786685576336, 28.369156203411258 ], [ -81.430736313554107, 28.369149282579322 ], [ -81.430744089345765, 28.369104537253691 ], [ -81.430794461341947, 28.369111458082745 ] ] ], [ [ [ -81.431081142265299, 28.369242473241449 ], [ -81.431030770167553, 28.369235552549874 ], [ -81.431038545811205, 28.369190807212828 ], [ -81.431088917882946, 28.369197727901579 ], [ -81.431081142265299, 28.369242473241449 ] ] ], [ [ [ -81.431584863696756, 28.369311678844653 ], [ -81.431484119344447, 28.36929783791496 ], [ -81.43149189475379, 28.369253092552196 ], [ -81.431592639054017, 28.369266933476229 ], [ -81.431584863696756, 28.369311678844653 ] ] ], [ [ [ -81.430887429645523, 28.369170045003504 ], [ -81.430895205359079, 28.369125299669275 ], [ -81.430945577380015, 28.369132220426753 ], [ -81.430930025996773, 28.369221711095086 ], [ -81.430879653923768, 28.369214790331945 ], [ -81.430871878193756, 28.36925953565455 ], [ -81.430821506102959, 28.369252614864667 ], [ -81.430837057606823, 28.369163124219334 ], [ -81.430887429645523, 28.369170045003504 ] ] ], [ [ [ -81.431433747180677, 28.369290917414265 ], [ -81.43142597173707, 28.3693356627684 ], [ -81.431375599555508, 28.369328742240949 ], [ -81.431383375025149, 28.36928399688977 ], [ -81.431433747180677, 28.369290917414265 ] ] ], [ [ [ -81.43081373033867, 28.369297360178663 ], [ -81.430763358230081, 28.369290439362043 ], [ -81.430771134020404, 28.369245694050878 ], [ -81.430821506102959, 28.369252614864667 ], [ -81.43081373033867, 28.369297360178663 ] ] ], [ [ [ -81.430755582431544, 28.369335184667406 ], [ -81.430705210305177, 28.369328263824077 ], [ -81.430712986129762, 28.369283518521545 ], [ -81.430763358230081, 28.369290439362043 ], [ -81.430755582431544, 28.369335184667406 ] ] ], [ [ [ -81.431545986786915, 28.369535405600168 ], [ -81.431495614476447, 28.369528485132903 ], [ -81.431503389900925, 28.36948373979622 ], [ -81.431553762185345, 28.369490660260606 ], [ -81.431545986786915, 28.369535405600168 ] ] ], [ [ [ -81.431305619958152, 28.369731450141831 ], [ -81.43129784440616, 28.369776195435286 ], [ -81.431197099547063, 28.369762354251726 ], [ -81.431204875151138, 28.369717608964066 ], [ -81.431305619958152, 28.369731450141831 ] ] ], [ [ [ -81.431092297488604, 28.370068650456197 ], [ -81.431041924897428, 28.370061729784783 ], [ -81.431049700611212, 28.370016984543248 ], [ -81.431100073176339, 28.370023905211834 ], [ -81.431092297488604, 28.370068650456197 ] ] ], [ [ [ -81.43111460858961, 28.371720999548355 ], [ -81.431164982175886, 28.371727920155632 ], [ -81.431180533771553, 28.371638430037304 ], [ -81.431230907314017, 28.37164535061498 ], [ -81.43124645882466, 28.371555860467822 ], [ -81.431296832323298, 28.371562781015932 ], [ -81.43124240207419, 28.371875996449866 ], [ -81.431192028393298, 28.371869075881769 ], [ -81.431184252584444, 28.371913820917769 ], [ -81.431083505195318, 28.371899979704239 ], [ -81.43111460858961, 28.371720999548355 ] ] ], [ [ [ -81.43106795344876, 28.371989469747522 ], [ -81.43106017756314, 28.372034214760465 ], [ -81.430959430050777, 28.372020373434349 ], [ -81.43096720598848, 28.371975628427101 ], [ -81.43106795344876, 28.371989469747522 ] ] ], [ [ [ -81.430901280334993, 28.372058197734045 ], [ -81.430850906573411, 28.372051277008477 ], [ -81.430858682571426, 28.372006532012737 ], [ -81.430909056306973, 28.372013452735459 ], [ -81.430901280334993, 28.372058197734045 ] ] ], [ [ [ -81.430575709455212, 28.372150907932181 ], [ -81.43052533566501, 28.372143987054812 ], [ -81.430533111843971, 28.372099242093583 ], [ -81.430583485608125, 28.372106162968077 ], [ -81.430575709455212, 28.372150907932181 ] ] ], [ [ [ -81.431164643875505, 28.372323446578498 ], [ -81.431156868010333, 28.372368191559595 ], [ -81.431106494043007, 28.372361270960063 ], [ -81.431114269934213, 28.372316525981834 ], [ -81.431164643875505, 28.372323446578498 ] ] ], [ [ [ -81.430307599310567, 28.373396843623311 ], [ -81.430299822892763, 28.373441588416949 ], [ -81.430148699306358, 28.373420825392998 ], [ -81.430156475802264, 28.37337608060794 ], [ -81.430307599310567, 28.373396843623311 ] ] ], [ [ [ -81.430284270032459, 28.373531077986893 ], [ -81.430276493589972, 28.373575822763186 ], [ -81.430226118974801, 28.373568901770476 ], [ -81.430233895443337, 28.373524156997036 ], [ -81.430284270032459, 28.373531077986893 ] ] ], [ [ [ -81.430361690039504, 28.373679154223701 ], [ -81.430311315355752, 28.373672233273009 ], [ -81.430319091788689, 28.373627488505406 ], [ -81.430268717139214, 28.373620567533717 ], [ -81.430276493589972, 28.373575822763186 ], [ -81.430377242845069, 28.373589664677031 ], [ -81.430361690039504, 28.373679154223701 ] ] ], [ [ [ -81.430791733997609, 28.373875676059814 ], [ -81.43069098433358, 28.373861834546975 ], [ -81.430698760582914, 28.373817089773862 ], [ -81.430799510194859, 28.373830931280949 ], [ -81.430791733997609, 28.373875676059814 ] ] ], [ [ [ -81.430733582929946, 28.373913500085521 ], [ -81.430725806690177, 28.373958244849977 ], [ -81.430675431810215, 28.373951324075911 ], [ -81.430683208076005, 28.373906579314326 ], [ -81.430733582929946, 28.373913500085521 ] ] ], [ [ [ -81.430593951688763, 28.37412338225506 ], [ -81.430609504330107, 28.374033892778098 ], [ -81.430659879253895, 28.374040813581733 ], [ -81.430628774042447, 28.374219792523988 ], [ -81.430578399014493, 28.374212871708917 ], [ -81.430570622665002, 28.374257616427212 ], [ -81.430520247619256, 28.374250695585395 ], [ -81.430543576721149, 28.374116461421867 ], [ -81.430593951688763, 28.37412338225506 ] ] ], [ [ [ -81.43024910359577, 28.37403019120578 ], [ -81.430272433067543, 28.373895957024335 ], [ -81.430322807881481, 28.373902877989345 ], [ -81.430330584329568, 28.373858133247733 ], [ -81.430431333930144, 28.373871975100418 ], [ -81.430384675430616, 28.37414044349741 ], [ -81.430334300469966, 28.374133522565874 ], [ -81.43030319453473, 28.374312501370198 ], [ -81.43025281947817, 28.374305580403348 ], [ -81.430221713307006, 28.37448455910376 ], [ -81.430171338154537, 28.374477638101588 ], [ -81.430148008361556, 28.374611872057692 ], [ -81.430097633139226, 28.374604951023098 ], [ -81.430082079850649, 28.374694440292483 ], [ -81.430031704584508, 28.374687519228331 ], [ -81.430023927901814, 28.374732263851556 ], [ -81.429973552617867, 28.374725342760602 ], [ -81.429965775900911, 28.374770087375175 ], [ -81.429865025305716, 28.374756245116071 ], [ -81.429888355588119, 28.374622011272244 ], [ -81.429938730803471, 28.374628932405145 ], [ -81.429962060933633, 28.374494698500733 ], [ -81.430012436079124, 28.374501619601187 ], [ -81.430043542699863, 28.374322640969634 ], [ -81.43009391774946, 28.37432956203482 ], [ -81.43012502413427, 28.374150583299343 ], [ -81.430175399087958, 28.374157504329212 ], [ -81.430198728711957, 28.37402327020834 ], [ -81.43024910359577, 28.37403019120578 ] ] ], [ [ [ -81.430516187987934, 28.37457082929323 ], [ -81.43046581275992, 28.374563908431444 ], [ -81.430473589193113, 28.374519163756478 ], [ -81.430523964395093, 28.374526084615397 ], [ -81.430516187987934, 28.37457082929323 ] ] ], [ [ [ -81.430655478262139, 28.374956469807646 ], [ -81.430403600997934, 28.374921865622966 ], [ -81.430411377497009, 28.374877120994224 ], [ -81.430663254631014, 28.374911725164651 ], [ -81.430655478262139, 28.374956469807646 ] ] ], [ [ [ -81.430705853739738, 28.374963390573004 ], [ -81.430698077388669, 28.375008135213072 ], [ -81.430647701885022, 28.375001214444911 ], [ -81.430655478262139, 28.374956469807646 ], [ -81.430705853739738, 28.374963390573004 ] ] ], [ [ [ -81.430244698153018, 28.374945847440127 ], [ -81.430236921559342, 28.374990592048722 ], [ -81.43018654610394, 28.374983671062868 ], [ -81.430194322723651, 28.374938926457101 ], [ -81.430244698153018, 28.374945847440127 ] ] ], [ [ [ -81.43018654610394, 28.374983671062868 ], [ -81.430178769476001, 28.375028415662801 ], [ -81.430128394002807, 28.375021494650209 ], [ -81.43013617065678, 28.374976750053126 ], [ -81.43018654610394, 28.374983671062868 ] ] ], [ [ [ -81.430279520447144, 28.375042257616379 ], [ -81.430229144957451, 28.375035336651507 ], [ -81.430236921559342, 28.374990592048722 ], [ -81.430287297023014, 28.374997513010669 ], [ -81.430279520447144, 28.375042257616379 ] ] ], [ [ [ -81.430415093945555, 28.37515250957885 ], [ -81.430364718379025, 28.375145588679864 ], [ -81.430380271451298, 28.375056099474449 ], [ -81.43043064696576, 28.375063020367723 ], [ -81.430415093945555, 28.37515250957885 ] ] ], [ [ [ -81.430442140006392, 28.375293664235915 ], [ -81.430449916519279, 28.375248919647692 ], [ -81.430500292154392, 28.375255840504625 ], [ -81.430508068633003, 28.375211095907794 ], [ -81.430457693023939, 28.375204175053714 ], [ -81.430473246008518, 28.375114685848391 ], [ -81.430624372704273, 28.375135448321927 ], [ -81.430616596294229, 28.375180192936035 ], [ -81.430566220694672, 28.375173272132535 ], [ -81.43054289133697, 28.37530750593168 ], [ -81.430442140006392, 28.375293664235915 ] ] ], [ [ [ -81.430232860819004, 28.375310725128969 ], [ -81.43022508418548, 28.375355469694217 ], [ -81.430174708513505, 28.375348548709344 ], [ -81.430182485173063, 28.375303804146974 ], [ -81.430232860819004, 28.375310725128969 ] ] ], [ [ [ -81.430535114867922, 28.375352250519786 ], [ -81.430519561905143, 28.375441739678763 ], [ -81.430418810418317, 28.37542789796586 ], [ -81.430426586955917, 28.37538315339496 ], [ -81.430476962669161, 28.37539007426054 ], [ -81.430484739172471, 28.375345329680982 ], [ -81.430535114867922, 28.375352250519786 ] ] ], [ [ [ -81.430212901684953, 28.376315867220335 ], [ -81.430162525441375, 28.376308946247029 ], [ -81.430170302195776, 28.376264201797486 ], [ -81.43022067841332, 28.376271122767896 ], [ -81.430212901684953, 28.376315867220335 ] ] ], [ [ [ -81.429658763459443, 28.37623973520143 ], [ -81.429910644347245, 28.376274341022597 ], [ -81.429902867454402, 28.376319085452131 ], [ -81.429701362623504, 28.376291400831484 ], [ -81.429693585618253, 28.376336145243787 ], [ -81.429492080815237, 28.376308460229861 ], [ -81.42949985792464, 28.37626371582898 ], [ -81.4296509864364, 28.376284479616661 ], [ -81.429658763459443, 28.37623973520143 ] ] ], [ [ [ -81.43223142973703, 28.356389241820548 ], [ -81.432181065205768, 28.356382321439241 ], [ -81.432188839057886, 28.356337574519518 ], [ -81.432239203563114, 28.356344494897968 ], [ -81.43223142973703, 28.356389241820548 ] ] ], [ [ [ -81.432130700682762, 28.3563754010341 ], [ -81.432181065205768, 28.356382321439241 ], [ -81.432165517476861, 28.356471815261393 ], [ -81.432115152901773, 28.356464894850518 ], [ -81.432130700682762, 28.3563754010341 ] ] ], [ [ [ -81.432057014406084, 28.356502721312452 ], [ -81.432107378998936, 28.356509641750037 ], [ -81.432060735409053, 28.356778123025641 ], [ -81.432010370660024, 28.356771202570926 ], [ -81.431994822678817, 28.356860696277455 ], [ -81.43194445788599, 28.356853775793141 ], [ -81.431983327907403, 28.356630041497723 ], [ -81.432033692570101, 28.356636961967755 ], [ -81.432057014406084, 28.356502721312452 ] ] ], [ [ [ -81.43188631904637, 28.356891602123842 ], [ -81.431894093101391, 28.356846855285006 ], [ -81.43194445788599, 28.356853775793141 ], [ -81.431936683857003, 28.356898522634857 ], [ -81.43188631904637, 28.356891602123842 ] ] ], [ [ [ -81.43188631904637, 28.356891602123842 ], [ -81.431870770911658, 28.356981095784228 ], [ -81.431820406057241, 28.35697417524365 ], [ -81.431835954244008, 28.356884681588998 ], [ -81.43188631904637, 28.356891602123842 ] ] ], [ [ [ -81.431924856355892, 28.357263417670328 ], [ -81.431940404485289, 28.357173924067972 ], [ -81.43199076946857, 28.357180844548438 ], [ -81.431998543494885, 28.357136097735683 ], [ -81.432048908460402, 28.357143018189383 ], [ -81.43200226433521, 28.357411498996004 ], [ -81.431951899213516, 28.357404578525195 ], [ -81.431975221391255, 28.357270338156468 ], [ -81.431924856355892, 28.357263417670328 ] ] ], [ [ [ -81.431986716227627, 28.35750099255193 ], [ -81.43200226433521, 28.357411498996004 ], [ -81.432052629465147, 28.357418419443011 ], [ -81.43204485544149, 28.357463166226729 ], [ -81.432095220605703, 28.3574700866527 ], [ -81.432087446599851, 28.357514833433459 ], [ -81.431986716227627, 28.35750099255193 ] ] ], [ [ [ -81.432056350494136, 28.357693820498717 ], [ -81.432048576447116, 28.357738567250539 ], [ -81.431998211126739, 28.357731646807448 ], [ -81.431990437045471, 28.357776393550623 ], [ -81.431940071707288, 28.357769473080793 ], [ -81.431932297591771, 28.357814219815346 ], [ -81.432033028328405, 28.357828060736885 ], [ -81.432017480176768, 28.35791755420005 ], [ -81.431967114752268, 28.357910633745536 ], [ -81.431959340638059, 28.357955380465565 ], [ -81.431908975195768, 28.357948459984318 ], [ -81.431916749335997, 28.35790371326711 ], [ -81.431866383927996, 28.357896792764802 ], [ -81.431881932235825, 28.357807299318779 ], [ -81.431831566888121, 28.357800378798384 ], [ -81.431854889366193, 28.357666138594503 ], [ -81.431905254635822, 28.357673059106325 ], [ -81.431920802861313, 28.357583565602461 ], [ -81.432021533321162, 28.357597406543086 ], [ -81.43200598519978, 28.35768690005844 ], [ -81.432056350494136, 28.357693820498717 ] ] ], [ [ [ -81.431986383774699, 28.358096541056987 ], [ -81.431936018246077, 28.358089620591002 ], [ -81.431951566515636, 28.358000127179842 ], [ -81.432001931992204, 28.358007047640086 ], [ -81.431986383774699, 28.358096541056987 ] ] ], [ [ [ -81.432063792624874, 28.358244622016382 ], [ -81.432013427001678, 28.358237701589584 ], [ -81.432021201113201, 28.358192954898549 ], [ -81.431970835524268, 28.358186034450718 ], [ -81.431978609653598, 28.358141287756713 ], [ -81.432079340787652, 28.358155128622812 ], [ -81.432063792624874, 28.358244622016382 ] ] ], [ [ [ -81.432125653605354, 28.358482196209749 ], [ -81.432141201746319, 28.358392702862556 ], [ -81.432393030459025, 28.358427304442934 ], [ -81.43237748257836, 28.358516797818627 ], [ -81.432327116767254, 28.358509877544599 ], [ -81.432319342788531, 28.358554624220872 ], [ -81.432218611139035, 28.358540783595483 ], [ -81.432226385169798, 28.358496036924876 ], [ -81.432125653605354, 28.358482196209749 ] ] ], [ [ [ -81.431617941580967, 28.358733138163178 ], [ -81.431610167206244, 28.35877788476186 ], [ -81.43155980130237, 28.35877096413088 ], [ -81.431567575703141, 28.358726217535015 ], [ -81.431617941580967, 28.358733138163178 ] ] ], [ [ [ -81.432683400740657, 28.358833719177152 ], [ -81.432733766773922, 28.358840639277417 ], [ -81.432741540559533, 28.358795892604316 ], [ -81.432791906575019, 28.358802812677883 ], [ -81.432768585271603, 28.358937052688393 ], [ -81.432718219178042, 28.35893013260625 ], [ -81.432702671549208, 28.359019625911998 ], [ -81.432652305411821, 28.359012705800232 ], [ -81.432636757697992, 28.35910219907711 ], [ -81.43253602534385, 28.359088358770691 ], [ -81.432528251422539, 28.359133105394704 ], [ -81.432477885231791, 28.359126185202822 ], [ -81.432470111276231, 28.359170931818202 ], [ -81.432419745067705, 28.359164011599646 ], [ -81.432411971077855, 28.35920875820641 ], [ -81.432361604851565, 28.359201837961066 ], [ -81.432353830827466, 28.359246584559198 ], [ -81.432303464583384, 28.359239664287177 ], [ -81.432326786709098, 28.359105424484035 ], [ -81.432276420551347, 28.359098504196719 ], [ -81.432291968646055, 28.359009010971434 ], [ -81.432493433118267, 28.359036691954696 ], [ -81.432508980971804, 28.35894719868341 ], [ -81.432559347058401, 28.358954118863821 ], [ -81.4325671209468, 28.358909372216644 ], [ -81.432617487015634, 28.358916292370385 ], [ -81.432625260869756, 28.358871545714592 ], [ -81.432675626920798, 28.358878465841588 ], [ -81.432683400740657, 28.358833719177152 ] ] ], [ [ [ -81.432295690525009, 28.359284410876626 ], [ -81.43224532426315, 28.359277490577849 ], [ -81.432253098347545, 28.359232743991239 ], [ -81.432303464583384, 28.359239664287177 ], [ -81.432295690525009, 28.359284410876626 ] ] ], [ [ [ -81.432171635628862, 28.359404809971796 ], [ -81.432121269305398, 28.359397889616758 ], [ -81.43212904346656, 28.35935314305322 ], [ -81.432179409763975, 28.359360063405401 ], [ -81.432171635628862, 28.359404809971796 ] ] ], [ [ [ -81.431667972765482, 28.359335605347454 ], [ -81.431660198361811, 28.359380351879473 ], [ -81.431609832094821, 28.359373431282929 ], [ -81.431594283210742, 28.359462924323925 ], [ -81.431543916899926, 28.359456003697829 ], [ -81.431536142419503, 28.359500750206802 ], [ -81.431435409770557, 28.359486908877262 ], [ -81.431450958827298, 28.359397415864972 ], [ -81.431501325095581, 28.359404336535945 ], [ -81.431509099585568, 28.359359590018279 ], [ -81.43155946583606, 28.359366510662543 ], [ -81.431575014739281, 28.359277017604125 ], [ -81.431625380945974, 28.359283938218788 ], [ -81.431633155359194, 28.359239191678036 ], [ -81.431733887745267, 28.359253032830125 ], [ -81.431718339014708, 28.359342525917253 ], [ -81.431667972765482, 28.359335605347454 ] ] ], [ [ [ -81.431753156560731, 28.359438939532918 ], [ -81.431760930920575, 28.359394193000963 ], [ -81.431811297212306, 28.359401113525905 ], [ -81.431803522878511, 28.359445860060763 ], [ -81.431753156560731, 28.359438939532918 ] ] ], [ [ [ -81.431753156560731, 28.359438939532918 ], [ -81.431745382192673, 28.359483686059104 ], [ -81.431695015857116, 28.359476765504603 ], [ -81.431702790251208, 28.359432018981238 ], [ -81.431753156560731, 28.359438939532918 ] ] ], [ [ [ -81.432055354591114, 28.359480462341818 ], [ -81.432047580379248, 28.359525208885135 ], [ -81.431997213994194, 28.35951828847379 ], [ -81.432004988232109, 28.359473541933319 ], [ -81.432055354591114, 28.359480462341818 ] ] ], [ [ [ -81.431497269893896, 28.359724482664866 ], [ -81.431446903435145, 28.359717561997758 ], [ -81.431454677982771, 28.35967281552055 ], [ -81.431505044415488, 28.359679736184837 ], [ -81.431497269893896, 28.359724482664866 ] ] ], [ [ [ -81.431373213214314, 28.359844880695039 ], [ -81.431322846693973, 28.359837959971617 ], [ -81.431330621318352, 28.359793213517502 ], [ -81.431380987812659, 28.359800134238043 ], [ -81.431373213214314, 28.359844880695039 ] ] ], [ [ [ -81.431625045939768, 28.35987948395416 ], [ -81.431617271463338, 28.359924230419658 ], [ -81.431566904875709, 28.359917309812662 ], [ -81.431574679378173, 28.359872563350049 ], [ -81.431625045939768, 28.35987948395416 ] ] ], [ [ [ -81.431678128511138, 28.361948434175041 ], [ -81.431670353872477, 28.361993180403019 ], [ -81.431619986047451, 28.361986259858377 ], [ -81.431627760712132, 28.361941513633237 ], [ -81.431678128511138, 28.361948434175041 ] ] ], [ [ [ -81.432258558632498, 28.363356799186672 ], [ -81.432266333085138, 28.363312053074925 ], [ -81.432316701753294, 28.36331897329099 ], [ -81.432332250581837, 28.363229481044439 ], [ -81.432382619206166, 28.363236401230925 ], [ -81.432390393582054, 28.363191655096077 ], [ -81.432440762188591, 28.363198575255872 ], [ -81.4324563108636, 28.363109082963195 ], [ -81.432405942309131, 28.363102162809135 ], [ -81.432413716660307, 28.363057416656961 ], [ -81.432363348140129, 28.363050496481904 ], [ -81.43237112250911, 28.36300575032681 ], [ -81.432320754023209, 28.362998830130771 ], [ -81.432328528409997, 28.362954083972738 ], [ -81.432227791514975, 28.362940243514707 ], [ -81.432235565945604, 28.362895497356629 ], [ -81.432185197536498, 28.362888577094665 ], [ -81.432192971984932, 28.362843830933638 ], [ -81.432092235243545, 28.362829990343879 ], [ -81.432100009735805, 28.362785244182788 ], [ -81.432049641403509, 28.362778323854982 ], [ -81.432057415913562, 28.36273357769096 ], [ -81.432007047615571, 28.362726657342112 ], [ -81.432014822143415, 28.362681911175169 ], [ -81.431964453879701, 28.362674990805345 ], [ -81.431972228425366, 28.362630244635472 ], [ -81.431871491974718, 28.362616403829914 ], [ -81.431879266564209, 28.362571657660013 ], [ -81.431778530198642, 28.362557816764671 ], [ -81.431786304831959, 28.362513070594716 ], [ -81.431685568551444, 28.362499229609636 ], [ -81.431693343228588, 28.362454483439546 ], [ -81.431642975126749, 28.362447562914124 ], [ -81.431650749821699, 28.362402816741096 ], [ -81.431550013694832, 28.362388975624281 ], [ -81.431557788433594, 28.362344229451267 ], [ -81.431457052391778, 28.36233038824469 ], [ -81.431464827174395, 28.362285642071566 ], [ -81.431364091217645, 28.362271800775282 ], [ -81.431371866044074, 28.362227054602084 ], [ -81.431321498104111, 28.362220133921006 ], [ -81.431329272948346, 28.362175387744831 ], [ -81.431127801375098, 28.36214770479333 ], [ -81.431120026426726, 28.362192450958037 ], [ -81.431069658528003, 28.362185530157682 ], [ -81.431061883545368, 28.362230276313724 ], [ -81.431011515628853, 28.362223355486616 ], [ -81.431003740611942, 28.362268101634058 ], [ -81.430953372677649, 28.362261180780234 ], [ -81.430968922755298, 28.362171688485255 ], [ -81.431019290637522, 28.362178609333412 ], [ -81.431034840630161, 28.362089117009635 ], [ -81.431085208468573, 28.362096037828167 ], [ -81.431116308250907, 28.361917053099745 ], [ -81.431166675993438, 28.361923973883012 ], [ -81.431158901086235, 28.361968720076614 ], [ -81.431310004441428, 28.361989482291797 ], [ -81.431302229604086, 28.362034228488216 ], [ -81.431453333111619, 28.362054990497153 ], [ -81.431445558344137, 28.362099736696372 ], [ -81.43149592622251, 28.362106657321139 ], [ -81.43148815147282, 28.362151403517402 ], [ -81.431538519385498, 28.3621583241212 ], [ -81.4315307446536, 28.362203070314582 ], [ -81.431631480555723, 28.362216911456226 ], [ -81.431623705867679, 28.362261657649494 ], [ -81.431674073857153, 28.362268578187376 ], [ -81.431666299186901, 28.362313324377716 ], [ -81.431716667210651, 28.362320244894626 ], [ -81.431708892558206, 28.362364991082078 ], [ -81.431759260616232, 28.362371911577927 ], [ -81.431751485981579, 28.362416657762452 ], [ -81.431852222174456, 28.362430498688315 ], [ -81.431844447583629, 28.36247524487279 ], [ -81.431894815718479, 28.362482165302769 ], [ -81.431887041145472, 28.362526911484274 ], [ -81.431937409314585, 28.362533831893252 ], [ -81.431929634759371, 28.362578578071865 ], [ -81.432030371174434, 28.362592418823962 ], [ -81.432022596663046, 28.362637165002457 ], [ -81.432072964908983, 28.362644085345561 ], [ -81.432065190415386, 28.362688831521165 ], [ -81.432165926984084, 28.362702672141506 ], [ -81.432158152534328, 28.362747418317024 ], [ -81.432258889188077, 28.362761258847627 ], [ -81.432251114782147, 28.362806005023099 ], [ -81.432351851520963, 28.362819845463981 ], [ -81.432344077158874, 28.362864591639326 ], [ -81.432394445566686, 28.362871511826825 ], [ -81.432386671222389, 28.362916257999295 ], [ -81.432437039664478, 28.362923178165762 ], [ -81.432429265338001, 28.362967924335262 ], [ -81.432580370791868, 28.362988684700156 ], [ -81.432572596535266, 28.363033430872441 ], [ -81.432622965062407, 28.363040350949206 ], [ -81.432584093785962, 28.363264081738222 ], [ -81.432533725128636, 28.363257161647205 ], [ -81.432525950822608, 28.363301907784795 ], [ -81.432475582147504, 28.36329498766705 ], [ -81.432460033458696, 28.363384479919191 ], [ -81.432409664739765, 28.363377559771873 ], [ -81.432394115965963, 28.363467051995137 ], [ -81.43234374720322, 28.363460131818222 ], [ -81.432335972777935, 28.363504877918363 ], [ -81.432285603997414, 28.363497957714717 ], [ -81.432277829537867, 28.363542703806178 ], [ -81.432227460739554, 28.363535783575813 ], [ -81.43221968624573, 28.363580529658609 ], [ -81.43216931742964, 28.363573609401573 ], [ -81.432161542901554, 28.363618355475744 ], [ -81.432111174067686, 28.363611435191949 ], [ -81.432095624934746, 28.363700927317264 ], [ -81.432045256057066, 28.363694007003897 ], [ -81.432037481452198, 28.363738753054989 ], [ -81.431987112556712, 28.363731832714922 ], [ -81.43197933791761, 28.363776578757381 ], [ -81.43192896900436, 28.363769658390556 ], [ -81.431952292975097, 28.363635420254329 ], [ -81.432002661810259, 28.363642340612568 ], [ -81.432010436424676, 28.363597594552726 ], [ -81.43206080524206, 28.363604514884315 ], [ -81.432076354394127, 28.36351502274157 ], [ -81.432126723167684, 28.363521943043523 ], [ -81.432142272234756, 28.363432450871915 ], [ -81.432192640964502, 28.36343937114432 ], [ -81.432208189946564, 28.363349878943868 ], [ -81.432258558632498, 28.363356799186672 ] ] ], [ [ [ -81.431204874452462, 28.362891325868983 ], [ -81.43115450613027, 28.362884405121218 ], [ -81.431162281124031, 28.362839659034677 ], [ -81.431212649420218, 28.362846579779642 ], [ -81.431204874452462, 28.362891325868983 ] ] ], [ [ [ -81.431658189723592, 28.362953611525306 ], [ -81.43160782132712, 28.362946690992267 ], [ -81.431615596086601, 28.362901944880068 ], [ -81.431665964457025, 28.36290886541024 ], [ -81.431658189723592, 28.362953611525306 ] ] ], [ [ [ -81.43160782132712, 28.362946690992267 ], [ -81.43160004655941, 28.362991437098692 ], [ -81.431549678145174, 28.362984516539004 ], [ -81.431557452938918, 28.362939770435396 ], [ -81.43160782132712, 28.362946690992267 ] ] ], [ [ [ -81.431390461397754, 28.363604040758332 ], [ -81.431382686454484, 28.36364878677232 ], [ -81.431281948886266, 28.363634945447789 ], [ -81.431289723881605, 28.363590199439564 ], [ -81.431390461397754, 28.363604040758332 ] ] ], [ [ [ -81.431549007031691, 28.36417559559516 ], [ -81.431498637915837, 28.364168675032712 ], [ -81.431506412845565, 28.364123929070914 ], [ -81.431556781935384, 28.364130849630548 ], [ -81.431549007031691, 28.36417559559516 ] ] ], [ [ [ -81.43149086297791, 28.364213420988705 ], [ -81.431440493844278, 28.364206500399586 ], [ -81.431448268808253, 28.364161754446432 ], [ -81.431498637915837, 28.364168675032712 ], [ -81.43149086297791, 28.364213420988705 ] ] ], [ [ [ -81.430669407096133, 28.364192180501576 ], [ -81.430619038042451, 28.364185259524891 ], [ -81.430626813439432, 28.364140513629035 ], [ -81.430677182467093, 28.364147434602895 ], [ -81.430669407096133, 28.364192180501576 ] ] ], [ [ [ -81.431072359822721, 28.364247547456152 ], [ -81.431064584651793, 28.364292293371918 ], [ -81.431014215506067, 28.364285372583296 ], [ -81.431021990703016, 28.364240626670362 ], [ -81.431072359822721, 28.364247547456152 ] ] ], [ [ [ -81.430719776158085, 28.364199101454467 ], [ -81.430712000804931, 28.364243847350238 ], [ -81.430661631716958, 28.364236926394533 ], [ -81.430669407096133, 28.364192180501576 ], [ -81.430719776158085, 28.364199101454467 ] ] ], [ [ [ -81.43076236990116, 28.364250768282041 ], [ -81.430754594565812, 28.364295514174955 ], [ -81.430704225443549, 28.364288593240278 ], [ -81.430712000804931, 28.364243847350238 ], [ -81.43076236990116, 28.364250768282041 ] ] ], [ [ [ -81.430797188378776, 28.364347180975688 ], [ -81.430746819222222, 28.364340260062026 ], [ -81.430754594565812, 28.364295514174955 ], [ -81.430804963696318, 28.364302435085758 ], [ -81.430797188378776, 28.364347180975688 ] ] ], [ [ [ -81.431192366810635, 28.364447293333058 ], [ -81.431141997562051, 28.364440372607444 ], [ -81.431149772705595, 28.364395626703299 ], [ -81.431099403491302, 28.36438870595666 ], [ -81.431107178652653, 28.364343960049617 ], [ -81.43120791703744, 28.364357801513307 ], [ -81.431192366810635, 28.364447293333058 ] ] ], [ [ [ -81.430847557543572, 28.364354101865512 ], [ -81.430839782243822, 28.364398847752504 ], [ -81.430789413052977, 28.364391926859827 ], [ -81.430797188378776, 28.364347180975688 ], [ -81.430847557543572, 28.364354101865512 ] ] ], [ [ [ -81.43083200693583, 28.364443593633773 ], [ -81.430839782243822, 28.364398847752504 ], [ -81.430890151442895, 28.364405768621364 ], [ -81.430882376160937, 28.364450514505414 ], [ -81.43083200693583, 28.364443593633773 ] ] ], [ [ [ -81.43124273606746, 28.364454214034843 ], [ -81.431234960967728, 28.364498959938921 ], [ -81.431184591684868, 28.3644920392343 ], [ -81.431192366810635, 28.364447293333058 ], [ -81.43124273606746, 28.364454214034843 ] ] ], [ [ [ -81.43092497013015, 28.364502181234364 ], [ -81.430874600870737, 28.364495260383748 ], [ -81.430882376160937, 28.364450514505414 ], [ -81.430932745394301, 28.364457435353245 ], [ -81.43092497013015, 28.364502181234364 ] ] ], [ [ [ -81.43092497013015, 28.364502181234364 ], [ -81.43097533939779, 28.364509102061216 ], [ -81.430967564151445, 28.364553847939437 ], [ -81.430917194857756, 28.364546927109775 ], [ -81.43092497013015, 28.364502181234364 ] ] ], [ [ [ -81.430715717765537, 28.364519243552472 ], [ -81.430707942380778, 28.364563989410673 ], [ -81.430657573102323, 28.36455706845884 ], [ -81.430665348513102, 28.364512322603503 ], [ -81.430715717765537, 28.364519243552472 ] ] ], [ [ [ -81.431017933453376, 28.364560768745225 ], [ -81.431010158224822, 28.364605514620504 ], [ -81.430959788896843, 28.36459859381187 ], [ -81.430967564151445, 28.364553847939437 ], [ -81.431017933453376, 28.364560768745225 ] ] ], [ [ [ -81.431320149438207, 28.36460229307885 ], [ -81.431312374365859, 28.364647038971263 ], [ -81.431262004988398, 28.364640118305807 ], [ -81.43126978008678, 28.364595372416208 ], [ -81.431320149438207, 28.36460229307885 ] ] ], [ [ [ -81.431354968697022, 28.364698705502388 ], [ -81.431304599285269, 28.364691784857918 ], [ -81.431312374365859, 28.364647038971263 ], [ -81.431362743751563, 28.364653959612852 ], [ -81.431354968697022, 28.364698705502388 ] ] ], [ [ [ -81.431052752350269, 28.364657181277686 ], [ -81.431002382988027, 28.364650260490013 ], [ -81.431010158224822, 28.364605514620504 ], [ -81.43106052756103, 28.364612435405288 ], [ -81.431052752350269, 28.364657181277686 ] ] ], [ [ [ -81.430901644288269, 28.364636418843141 ], [ -81.430893868991177, 28.364681164701192 ], [ -81.430843499627642, 28.36467424383909 ], [ -81.430851274950783, 28.364629497983891 ], [ -81.430901644288269, 28.364636418843141 ] ] ], [ [ [ -81.431103121720781, 28.364664102041459 ], [ -81.431095346527812, 28.364708847910926 ], [ -81.431044977131279, 28.364701927144274 ], [ -81.431052752350269, 28.364657181277686 ], [ -81.431103121720781, 28.364664102041459 ] ] ], [ [ [ -81.431145715932601, 28.364715768653703 ], [ -81.431137940757438, 28.364760514520217 ], [ -81.431087571326614, 28.364753593774591 ], [ -81.431095346527812, 28.364708847910926 ], [ -81.431145715932601, 28.364715768653703 ] ] ], [ [ [ -81.431180535039147, 28.364812181105602 ], [ -81.431130165574046, 28.364805260380976 ], [ -81.431137940757438, 28.364760514520217 ], [ -81.431188310196504, 28.36476743524198 ], [ -81.431180535039147, 28.364812181105602 ] ] ], [ [ [ -81.431180535039147, 28.364812181105602 ], [ -81.431230904512503, 28.36481910180634 ], [ -81.431223129372938, 28.364863847667007 ], [ -81.431172759873562, 28.36485692696338 ], [ -81.431180535039147, 28.364812181105602 ] ] ], [ [ [ -81.430785354914974, 28.364712068799658 ], [ -81.430777579549357, 28.364756814640405 ], [ -81.430727210150252, 28.364749893724824 ], [ -81.430719434750358, 28.364794639556944 ], [ -81.430669065333475, 28.364787718614682 ], [ -81.430661289899305, 28.364832464438134 ], [ -81.430610920464645, 28.364825543469166 ], [ -81.430603144996212, 28.364870289283967 ], [ -81.430552775543759, 28.364863368288262 ], [ -81.430545000041064, 28.364908114094405 ], [ -81.43044426110886, 28.364894272025698 ], [ -81.430452036663624, 28.364849526225253 ], [ -81.430502406099563, 28.364856447268711 ], [ -81.430517957132324, 28.364766955644697 ], [ -81.430618695924835, 28.364780797648557 ], [ -81.430626471376812, 28.364736051822177 ], [ -81.430676840759403, 28.364742972785443 ], [ -81.430692391586561, 28.364653481109581 ], [ -81.430843499627642, 28.36467424383909 ], [ -81.430835724296287, 28.36471898968847 ], [ -81.430785354914974, 28.364712068799658 ] ] ], [ [ [ -81.431273498880586, 28.364870768346787 ], [ -81.431265723758813, 28.364915514204494 ], [ -81.431215354225145, 28.364908593521907 ], [ -81.431223129372938, 28.364863847667007 ], [ -81.431273498880586, 28.364870768346787 ] ] ], [ [ [ -81.431316093300737, 28.364922434863271 ], [ -81.431308318196784, 28.36496718071805 ], [ -81.431257948628826, 28.364960260056478 ], [ -81.431265723758813, 28.364915514204494 ], [ -81.431316093300737, 28.364922434863271 ] ] ], [ [ [ -81.431350912686824, 28.365018847207701 ], [ -81.431300543084589, 28.365011926567096 ], [ -81.431308318196784, 28.36496718071805 ], [ -81.431358687772985, 28.364974101355802 ], [ -81.431350912686824, 28.365018847207701 ] ] ], [ [ [ -81.431350912686824, 28.365018847207701 ], [ -81.431401282297315, 28.365025767824463 ], [ -81.431393507228961, 28.365070513673398 ], [ -81.431343137592421, 28.36506359305379 ], [ -81.431350912686824, 28.365018847207701 ] ] ], [ [ [ -81.431443876873715, 28.365077434269153 ], [ -81.431436101823166, 28.365122180115204 ], [ -81.431385732152364, 28.365115259516617 ], [ -81.431393507228961, 28.365070513673398 ], [ -81.431443876873715, 28.365077434269153 ] ] ], [ [ [ -81.431478696469455, 28.365173846533011 ], [ -81.431428326764376, 28.365166925955425 ], [ -81.431436101823166, 28.365122180115204 ], [ -81.431486471502211, 28.365129100689906 ], [ -81.431478696469455, 28.365173846533011 ] ] ], [ [ [ -81.431048356104284, 28.365572859901963 ], [ -81.430846876523077, 28.365545176665943 ], [ -81.430854651924548, 28.365500430912086 ], [ -81.430905021781427, 28.365507351754019 ], [ -81.430912797148636, 28.365462605991549 ], [ -81.43106390669071, 28.365483368365599 ], [ -81.431071681971574, 28.365438622588727 ], [ -81.431172421655489, 28.365452464046371 ], [ -81.43116464642668, 28.365497209828963 ], [ -81.431114276554581, 28.365490289109214 ], [ -81.431106501291509, 28.365535034883134 ], [ -81.431056131401618, 28.365528114136641 ], [ -81.431048356104284, 28.365572859901963 ] ] ], [ [ [ -81.43047873638146, 28.36558622153451 ], [ -81.43047096077305, 28.365630967250993 ], [ -81.430420590878029, 28.36562404620674 ], [ -81.430428366512473, 28.365579300493067 ], [ -81.43047873638146, 28.36558622153451 ] ] ], [ [ [ -81.430339118266986, 28.365796107923874 ], [ -81.43028874828434, 28.365789186820436 ], [ -81.430296524003793, 28.365744441135636 ], [ -81.430346893960404, 28.365751362236217 ], [ -81.430339118266986, 28.365796107923874 ] ] ], [ [ [ -81.431330969282655, 28.366024016453494 ], [ -81.431179858708177, 28.366003254486273 ], [ -81.431187633975497, 28.365958508761629 ], [ -81.431338744471844, 28.36597927072027 ], [ -81.431330969282655, 28.366024016453494 ] ] ], [ [ [ -81.431129488533202, 28.365996333782817 ], [ -81.431121713231633, 28.366041079498885 ], [ -81.431020972854327, 28.366027238014645 ], [ -81.431028748207979, 28.365982492304347 ], [ -81.431129488533202, 28.365996333782817 ] ] ], [ [ [ -81.430970602678059, 28.366020317236707 ], [ -81.430962827290145, 28.366065062938421 ], [ -81.430862086910281, 28.366051221305288 ], [ -81.430869862350264, 28.366006475609296 ], [ -81.430970602678059, 28.366020317236707 ] ] ], [ [ [ -81.43085431146207, 28.366095966995413 ], [ -81.43075357106315, 28.366082125261116 ], [ -81.430761346563415, 28.366037379576678 ], [ -81.430862086910281, 28.366051221305288 ], [ -81.43085431146207, 28.366095966995413 ] ] ], [ [ [ -81.430451350064374, 28.366040599485409 ], [ -81.430400979926787, 28.366033678439262 ], [ -81.430408755609307, 28.365988932774844 ], [ -81.430459125720859, 28.365995853818117 ], [ -81.430451350064374, 28.366040599485409 ] ] ], [ [ [ -81.430745795554628, 28.366126870939787 ], [ -81.430695425341511, 28.366119950034005 ], [ -81.430703200876053, 28.366075204358179 ], [ -81.43075357106315, 28.366082125261116 ], [ -81.430745795554628, 28.366126870939787 ] ] ], [ [ [ -81.430687649798713, 28.366164695704036 ], [ -81.430586909345152, 28.366150853815089 ], [ -81.430594684940019, 28.366106108150767 ], [ -81.430695425341511, 28.366119950034005 ], [ -81.430687649798713, 28.366164695704036 ] ] ], [ [ [ -81.43052098786427, 28.366233424140397 ], [ -81.430420247356068, 28.366219582096871 ], [ -81.430428023045494, 28.366174836452672 ], [ -81.430478393269439, 28.366181757483535 ], [ -81.430486168924588, 28.366137011830684 ], [ -81.430586909345152, 28.366150853815089 ], [ -81.430579133742071, 28.366195599473635 ], [ -81.430528763501627, 28.366188678490516 ], [ -81.43052098786427, 28.366233424140397 ] ] ], [ [ [ -81.430420247356068, 28.366219582096871 ], [ -81.430412471658414, 28.366264327735252 ], [ -81.430362101390656, 28.366257406674805 ], [ -81.430369877114344, 28.36621266103926 ], [ -81.430420247356068, 28.366219582096871 ] ] ], [ [ [ -81.430985813891709, 28.36652636123193 ], [ -81.430885072958162, 28.366512519637055 ], [ -81.430900623890423, 28.366423028343583 ], [ -81.430950994301014, 28.366429949147243 ], [ -81.430989871357426, 28.366206220798045 ], [ -81.431140982248152, 28.366226983022912 ], [ -81.431086554858268, 28.366540202731272 ], [ -81.431136925353925, 28.366547123445141 ], [ -81.431129150005603, 28.366591869097491 ], [ -81.430978038465298, 28.366571106875657 ], [ -81.430985813891709, 28.36652636123193 ] ] ], [ [ [ -81.430799883094011, 28.366409186664718 ], [ -81.430749512708189, 28.366402265789525 ], [ -81.430757288240073, 28.366357520142657 ], [ -81.430807658599875, 28.366364441015019 ], [ -81.430799883094011, 28.366409186664718 ] ] ], [ [ [ -81.430885072958162, 28.366512519637055 ], [ -81.430877297479682, 28.366557265275137 ], [ -81.430927667968362, 28.366564186087313 ], [ -81.430919892507674, 28.366608931722443 ], [ -81.430869521992932, 28.366602010907389 ], [ -81.430861746497982, 28.366646756533914 ], [ -81.430761005441227, 28.36663291482645 ], [ -81.430784332057598, 28.366498677946758 ], [ -81.430885072958162, 28.366512519637055 ] ] ], [ [ [ -81.430733620302675, 28.367087291610499 ], [ -81.430741395906011, 28.367042546044672 ], [ -81.430640654397124, 28.367028704238074 ], [ -81.430663981313941, 28.366894467523068 ], [ -81.430764722666623, 28.366908309312496 ], [ -81.43074917150112, 28.366997800473047 ], [ -81.4307995422419, 28.3670047213377 ], [ -81.430791766672826, 28.367049466912146 ], [ -81.430842137447911, 28.36705638775582 ], [ -81.430834361896643, 28.367101133327324 ], [ -81.430733620302675, 28.367087291610499 ] ] ], [ [ [ -81.430927328016182, 28.367159720520224 ], [ -81.430919552500512, 28.367204466085902 ], [ -81.430869181630825, 28.367197545281417 ], [ -81.430876957172543, 28.367152799718596 ], [ -81.430927328016182, 28.367159720520224 ] ] ], [ [ [ -81.431012518792798, 28.367263053188886 ], [ -81.430962147880578, 28.367256132429262 ], [ -81.430969923378441, 28.367211386866529 ], [ -81.431020294264627, 28.367218307623276 ], [ -81.431012518792798, 28.367263053188886 ] ] ], [ [ [ -81.431012518792798, 28.367263053188886 ], [ -81.431062889713246, 28.367269973924632 ], [ -81.431055114259237, 28.367314719487311 ], [ -81.431004743312727, 28.367307798748719 ], [ -81.431012518792798, 28.367263053188886 ] ] ], [ [ [ -81.43110548521399, 28.367321640202078 ], [ -81.43109770977776, 28.367366385761812 ], [ -81.431047338796972, 28.367359465044224 ], [ -81.431055114259237, 28.367314719487311 ], [ -81.43110548521399, 28.367321640202078 ] ] ], [ [ [ -81.430326594254069, 28.367352063508445 ], [ -81.430334370097285, 28.367307318003114 ], [ -81.430283999214225, 28.367300396924684 ], [ -81.430299550928041, 28.367210905902379 ], [ -81.430400292598279, 28.367224748024004 ], [ -81.430408068390761, 28.367180002498454 ], [ -81.430458439212217, 28.36718692352056 ], [ -81.430435111888158, 28.367321160088384 ], [ -81.4303847409886, 28.367314239057716 ], [ -81.430376965171419, 28.367358984565861 ], [ -81.430326594254069, 28.367352063508445 ] ] ], [ [ [ -81.430830303798814, 28.367421273008787 ], [ -81.430822528207713, 28.367466018536927 ], [ -81.430772157190077, 28.367459097691416 ], [ -81.430779932807212, 28.36741435216614 ], [ -81.430830303798814, 28.367421273008787 ] ] ], [ [ [ -81.430035859800583, 28.367541185231882 ], [ -81.430059187819595, 28.367406948828116 ], [ -81.430210300628843, 28.367427712303897 ], [ -81.430194748780593, 28.367517203262675 ], [ -81.430144377783861, 28.36751028212225 ], [ -81.43013660182136, 28.36755502759009 ], [ -81.430035859800583, 28.367541185231882 ] ] ], [ [ [ -81.430035859800583, 28.367541185231882 ], [ -81.43002030774673, 28.36763067613877 ], [ -81.429969936696637, 28.367623754918139 ], [ -81.429985488802572, 28.367534264016964 ], [ -81.430035859800583, 28.367541185231882 ] ] ], [ [ [ -81.431004403900744, 28.367903332028007 ], [ -81.430954032607531, 28.367896411276124 ], [ -81.430961808168604, 28.367851665788599 ], [ -81.431012179435783, 28.367858586537601 ], [ -81.431004403900744, 28.367903332028007 ] ] ], [ [ [ -81.430903661322574, 28.367889490500339 ], [ -81.430954032607531, 28.367896411276124 ], [ -81.430946257038229, 28.367941156757855 ], [ -81.430895885727224, 28.367934235979213 ], [ -81.430903661322574, 28.367889490500339 ] ] ], [ [ [ -81.430888110123647, 28.367978981452342 ], [ -81.430837738794864, 28.367972060646991 ], [ -81.43084551442449, 28.367927315176733 ], [ -81.430895885727224, 28.367934235979213 ], [ -81.430888110123647, 28.367978981452342 ] ] ], [ [ [ -81.430771816138332, 28.368054630735237 ], [ -81.430787367474338, 28.367965139817787 ], [ -81.430837738794864, 28.367972060646991 ], [ -81.430822187510927, 28.368061551570143 ], [ -81.430771816138332, 28.368054630735237 ] ] ], [ [ [ -81.430771816138332, 28.368054630735237 ], [ -81.430764040457973, 28.368099376185274 ], [ -81.430713669067586, 28.368092455323584 ], [ -81.430721444773965, 28.368047709876446 ], [ -81.430771816138332, 28.368054630735237 ] ] ], [ [ [ -81.430698117630087, 28.36818194620065 ], [ -81.430647746195888, 28.368175025309391 ], [ -81.430655521944786, 28.368130279876631 ], [ -81.43070589335295, 28.36813720076502 ], [ -81.430698117630087, 28.36818194620065 ] ] ], [ [ [ -81.430597374769931, 28.368168104394361 ], [ -81.430647746195888, 28.368175025309391 ], [ -81.430632194673379, 28.368264516157591 ], [ -81.430581823195354, 28.368257595236795 ], [ -81.430597374769931, 28.368168104394361 ] ] ], [ [ [ -81.430178851668174, 28.36820222701121 ], [ -81.43017107566024, 28.368246972400893 ], [ -81.430120704230447, 28.368240051262415 ], [ -81.430128480264401, 28.368195305875581 ], [ -81.430178851668174, 28.36820222701121 ] ] ], [ [ [ -81.430574047395709, 28.368302340649311 ], [ -81.430523675899906, 28.368295419701791 ], [ -81.430531451725585, 28.368250674292128 ], [ -81.430581823195354, 28.368257595236795 ], [ -81.430574047395709, 28.368302340649311 ] ] ], [ [ [ -81.430264042580518, 28.368305559995836 ], [ -81.430213671108177, 28.36829863890226 ], [ -81.430221447098305, 28.368253893515458 ], [ -81.430271818544597, 28.368260814606202 ], [ -81.430264042580518, 28.368305559995836 ] ] ], [ [ [ -81.430523675899906, 28.368295419701791 ], [ -81.430515900065998, 28.368340165105742 ], [ -81.430465528552389, 28.368333244131463 ], [ -81.430473304412345, 28.368288498730408 ], [ -81.430523675899906, 28.368295419701791 ] ] ], [ [ [ -81.430213671108177, 28.36829863890226 ], [ -81.430205895109822, 28.368343384283243 ], [ -81.430155523619689, 28.36833646316294 ], [ -81.430163299644079, 28.3682917177848 ], [ -81.430213671108177, 28.36829863890226 ] ] ], [ [ [ -81.430449976807807, 28.368422734916287 ], [ -81.4303996052504, 28.368415813912403 ], [ -81.430407381152847, 28.368371068525803 ], [ -81.430457752684219, 28.368377989526739 ], [ -81.430449976807807, 28.368422734916287 ] ] ], [ [ [ -81.430391829339698, 28.368460559293258 ], [ -81.430341457764499, 28.368453638262718 ], [ -81.430349233701222, 28.368408892884723 ], [ -81.4303996052504, 28.368415813912403 ], [ -81.430391829339698, 28.368460559293258 ] ] ], [ [ [ -81.430325905866354, 28.368543129001385 ], [ -81.430275534247329, 28.368536207941226 ], [ -81.430283310226557, 28.368491462577644 ], [ -81.430333681819548, 28.368498383634936 ], [ -81.430325905866354, 28.368543129001385 ] ] ], [ [ [ -81.430275534247329, 28.368536207941226 ], [ -81.430267758259873, 28.368580953298995 ], [ -81.43021738662307, 28.368574032212155 ], [ -81.43022516263656, 28.368529286857235 ], [ -81.430275534247329, 28.368536207941226 ] ] ], [ [ [ -81.430779250808868, 28.368605417468675 ], [ -81.430771475081755, 28.368650162855023 ], [ -81.430721103362458, 28.368643242006808 ], [ -81.430728879115591, 28.368598496623317 ], [ -81.430779250808868, 28.368605417468675 ] ] ], [ [ [ -81.429957752410871, 28.368584171754733 ], [ -81.429907380797545, 28.368577250521842 ], [ -81.429915156975497, 28.368532505189851 ], [ -81.429965528562789, 28.368539426419915 ], [ -81.429957752410871, 28.368584171754733 ] ] ], [ [ [ -81.430201834571363, 28.368663522904686 ], [ -81.430151462890734, 28.368656601788228 ], [ -81.430159238946743, 28.368611856447714 ], [ -81.430209610601338, 28.368618777561295 ], [ -81.430201834571363, 28.368663522904686 ] ] ], [ [ [ -81.429891828416942, 28.368666741168511 ], [ -81.429841456759775, 28.368659819906018 ], [ -81.42985700919246, 28.368570329265062 ], [ -81.429907380797545, 28.368577250521842 ], [ -81.429891828416942, 28.368666741168511 ] ] ], [ [ [ -81.430151462890734, 28.368656601788228 ], [ -81.430143686826483, 28.36870134712299 ], [ -81.430093315128076, 28.368694425979811 ], [ -81.430101091218361, 28.368649680647906 ], [ -81.430151462890734, 28.368656601788228 ] ] ], [ [ [ -81.430655180068328, 28.36872581187869 ], [ -81.430647404264448, 28.368770557242041 ], [ -81.430597032483519, 28.368763636337519 ], [ -81.430604808313433, 28.368718890977046 ], [ -81.430655180068328, 28.36872581187869 ] ] ], [ [ [ -81.430077762922835, 28.368783916626185 ], [ -81.430027391180602, 28.368776995453455 ], [ -81.430035167313363, 28.368732250136006 ], [ -81.430085539029577, 28.368739171305908 ], [ -81.430077762922835, 28.368783916626185 ] ] ], [ [ [ -81.430019615039583, 28.368821740765117 ], [ -81.429969243279558, 28.36881481956566 ], [ -81.429977019446611, 28.368770074256833 ], [ -81.430027391180602, 28.368776995453455 ], [ -81.430019615039583, 28.368821740765117 ] ] ], [ [ [ -81.430523333093589, 28.368890951447252 ], [ -81.430472961251056, 28.368884030486392 ], [ -81.430480737157751, 28.368839285149033 ], [ -81.430531108974236, 28.368846206106969 ], [ -81.430523333093589, 28.368890951447252 ] ] ], [ [ [ -81.42995369092074, 28.368904310165941 ], [ -81.429903319116903, 28.368897388936904 ], [ -81.429918871527789, 28.368807898342325 ], [ -81.429969243279558, 28.36881481956566 ], [ -81.42995369092074, 28.368904310165941 ] ] ], [ [ [ -81.429852947321308, 28.368890467683986 ], [ -81.429903319116903, 28.368897388936904 ], [ -81.429895542899118, 28.368942134225502 ], [ -81.429845171077488, 28.368935212969728 ], [ -81.429852947321308, 28.368890467683986 ] ] ], [ [ [ -81.430348889665041, 28.369004424453522 ], [ -81.430341113673336, 28.369049169762082 ], [ -81.430290741751406, 28.369042248718241 ], [ -81.43029851776916, 28.368997503412558 ], [ -81.430348889665041, 28.369004424453522 ] ] ], [ [ [ -81.429837394825427, 28.368979958249717 ], [ -81.429787022986019, 28.368973036967191 ], [ -81.429794799264116, 28.368928291690082 ], [ -81.429845171077488, 28.368935212969728 ], [ -81.429837394825427, 28.368979958249717 ] ] ], [ [ [ -81.4297714704051, 28.36906252750412 ], [ -81.429721098521881, 28.369055606191996 ], [ -81.429728874842482, 28.369010860929325 ], [ -81.429779246699681, 28.369017782238522 ], [ -81.4297714704051, 28.36906252750412 ] ] ], [ [ [ -81.430736313554107, 28.369149282579322 ], [ -81.430728537754234, 28.369194027899169 ], [ -81.430678165714227, 28.36918710704056 ], [ -81.430685941540148, 28.369142361723558 ], [ -81.430736313554107, 28.369149282579322 ] ] ], [ [ [ -81.430224817725488, 28.36912481823888 ], [ -81.430217041657002, 28.369169563524331 ], [ -81.430166669673469, 28.369162642424229 ], [ -81.430174445767989, 28.369117897141571 ], [ -81.430224817725488, 28.36912481823888 ] ] ], [ [ [ -81.430166669673469, 28.369162642424229 ], [ -81.43015889357072, 28.369207387701039 ], [ -81.430108521569409, 28.369200466574195 ], [ -81.430116297698206, 28.369155721300185 ], [ -81.430166669673469, 28.369162642424229 ] ] ], [ [ [ -81.430554093975587, 28.369307501150836 ], [ -81.430561869878275, 28.369262755856852 ], [ -81.430612241953853, 28.369269676768987 ], [ -81.430604466077199, 28.369314422065766 ], [ -81.430554093975587, 28.369307501150836 ] ] ], [ [ [ -81.430554093975587, 28.369307501150836 ], [ -81.430546318064643, 28.369352246438986 ], [ -81.430495945945253, 28.369345325497303 ], [ -81.430503721882218, 28.369300580211977 ], [ -81.430554093975587, 28.369307501150836 ] ] ], [ [ [ -81.430495945945253, 28.369345325497303 ], [ -81.430488170000046, 28.36939007077682 ], [ -81.430437797862865, 28.369383149808439 ], [ -81.430445573834106, 28.369338404531788 ], [ -81.430495945945253, 28.369345325497303 ] ] ], [ [ [ -81.430647062328191, 28.369366088250683 ], [ -81.430654838187053, 28.369321342956834 ], [ -81.430705210305177, 28.369328263824077 ], [ -81.43068965863128, 28.369417754411739 ], [ -81.430639286461087, 28.369410833538812 ], [ -81.430631510585769, 28.369455578821125 ], [ -81.430581138397798, 28.369448657921456 ], [ -81.430596690192289, 28.36935916735677 ], [ -81.430647062328191, 28.369366088250683 ] ] ], [ [ [ -81.430522990282441, 28.36948648226878 ], [ -81.43053076621807, 28.369441736997974 ], [ -81.430581138397798, 28.369448657921456 ], [ -81.430565586570353, 28.369538148463036 ], [ -81.430515214338556, 28.369531227533773 ], [ -81.430507438386456, 28.369575972793019 ], [ -81.430457066136867, 28.369569051837093 ], [ -81.430449290150491, 28.36961379708767 ], [ -81.430398917883124, 28.369606876104985 ], [ -81.430391141862472, 28.369651621346964 ], [ -81.430340769577327, 28.369644700337535 ], [ -81.430332993522399, 28.369689445570888 ], [ -81.430282621219462, 28.369682524534735 ], [ -81.430290397300425, 28.369637779304295 ], [ -81.430240025031779, 28.369630858247156 ], [ -81.430247801130534, 28.369586113013753 ], [ -81.430298173373146, 28.369593034068046 ], [ -81.430305949437638, 28.369548288826017 ], [ -81.430406693895534, 28.369562130857265 ], [ -81.430414469899716, 28.369517385603743 ], [ -81.430464842115015, 28.369524306580676 ], [ -81.430472618084934, 28.369479561318535 ], [ -81.430522990282441, 28.36948648226878 ] ] ], [ [ [ -81.429577409844782, 28.369585627523129 ], [ -81.429627782032185, 28.369592548893348 ], [ -81.429635558451636, 28.369547803700016 ], [ -81.429685930621261, 28.369554725043525 ], [ -81.429693707006422, 28.369509979841602 ], [ -81.429744079158255, 28.369516901158384 ], [ -81.429759631851809, 28.369427410731408 ], [ -81.429810003959844, 28.369434332018624 ], [ -81.429817780268209, 28.369389586793627 ], [ -81.429868152358452, 28.369396508054137 ], [ -81.429875928632569, 28.369351762820475 ], [ -81.42992630070502, 28.369358684054248 ], [ -81.429934076944861, 28.369313938811967 ], [ -81.429984448999519, 28.369320860018988 ], [ -81.430000001402433, 28.36923136951135 ], [ -81.43005037341328, 28.369238290688799 ], [ -81.43005814957634, 28.369193545423421 ], [ -81.430108521569409, 28.369200466574195 ], [ -81.430092969287116, 28.369289957104833 ], [ -81.430042597241979, 28.369283035948357 ], [ -81.430027044874677, 28.369372526450153 ], [ -81.429976672785727, 28.369365605264115 ], [ -81.429968896563679, 28.369410350503493 ], [ -81.429918524456951, 28.369403429290749 ], [ -81.429902971936073, 28.369492919746449 ], [ -81.429852599785534, 28.369485998504089 ], [ -81.429844823486704, 28.369530743720357 ], [ -81.429794451318372, 28.369523822451317 ], [ -81.429778898643946, 28.369613312860888 ], [ -81.429728526431774, 28.369606391562229 ], [ -81.429712973672338, 28.369695881942963 ], [ -81.429662601416354, 28.369688960614745 ], [ -81.429654824998238, 28.369733705793575 ], [ -81.429604452724476, 28.369726784438598 ], [ -81.429596676272098, 28.369771529608794 ], [ -81.42954630398053, 28.369764608227133 ], [ -81.429538527493889, 28.369809353388646 ], [ -81.429488155184558, 28.369802431980283 ], [ -81.429472602134467, 28.369891922280285 ], [ -81.429422229781295, 28.369885000842316 ], [ -81.429414453217873, 28.369929745980802 ], [ -81.429364080846923, 28.369922824516106 ], [ -81.429356304249225, 28.369967569645951 ], [ -81.429305931860483, 28.36996064815451 ], [ -81.429298155228508, 28.370005393275751 ], [ -81.429247782821989, 28.369998471757572 ], [ -81.429263336129779, 28.369908981515096 ], [ -81.42931370848423, 28.369915903027515 ], [ -81.429329261706997, 28.369826412756197 ], [ -81.429379634017621, 28.36983333423904 ], [ -81.429387410590621, 28.369788589091886 ], [ -81.429437782883454, 28.369795510548009 ], [ -81.429453335952658, 28.369706020230566 ], [ -81.429503708201693, 28.369712941657102 ], [ -81.429511484697912, 28.36966819648686 ], [ -81.429561856929126, 28.369675117886668 ], [ -81.429577409844782, 28.369585627523129 ] ] ], [ [ [ -81.430166324347567, 28.369758172823076 ], [ -81.430115952017317, 28.369751251709662 ], [ -81.430123728192854, 28.36970650649932 ], [ -81.430174100497084, 28.369713427609877 ], [ -81.430166324347567, 28.369758172823076 ] ] ], [ [ [ -81.430425962141939, 28.369748032804825 ], [ -81.430410410095064, 28.369837523253981 ], [ -81.430360037697511, 28.369830602257021 ], [ -81.430375589796455, 28.369741111813578 ], [ -81.430425962141939, 28.369748032804825 ] ] ], [ [ [ -81.430115952017317, 28.369751251709662 ], [ -81.430108175833539, 28.369795996914149 ], [ -81.430057803485496, 28.369789075774023 ], [ -81.430065579695309, 28.369744330572342 ], [ -81.430115952017317, 28.369751251709662 ] ] ], [ [ [ -81.430042251041172, 28.369878566160043 ], [ -81.429991878649318, 28.369871644990322 ], [ -81.430007431145711, 28.369782154609997 ], [ -81.430057803485496, 28.369789075774023 ], [ -81.430042251041172, 28.369878566160043 ] ] ], [ [ [ -81.429984102388744, 28.369916390171827 ], [ -81.429933729979112, 28.369909468975361 ], [ -81.429941506265706, 28.369864723796709 ], [ -81.429991878649318, 28.369871644990322 ], [ -81.429984102388744, 28.369916390171827 ] ] ], [ [ [ -81.430270784786529, 28.370047407229396 ], [ -81.430220412275304, 28.370040486170403 ], [ -81.430212636120217, 28.37008523134886 ], [ -81.430111891070439, 28.370071389153562 ], [ -81.430127443476508, 28.369981898802298 ], [ -81.430177815945214, 28.369988819906183 ], [ -81.430193368266259, 28.369899329526127 ], [ -81.430243740691125, 28.369906250600383 ], [ -81.430251516813271, 28.369861505398834 ], [ -81.430301889220345, 28.369868426446399 ], [ -81.430309665308215, 28.369823681236216 ], [ -81.430360037697511, 28.369830602257021 ], [ -81.430328933400773, 28.370009583074591 ], [ -81.43027856090734, 28.370002662042324 ], [ -81.430270784786529, 28.370047407229396 ] ] ], [ [ [ -81.429875581256837, 28.369947292925001 ], [ -81.429883357577708, 28.369902547755004 ], [ -81.429933729979112, 28.369909468975361 ], [ -81.429918177381211, 28.369998959315264 ], [ -81.429867804927738, 28.369992038089173 ], [ -81.429860028590412, 28.370036783247642 ], [ -81.429809656119147, 28.370029861994851 ], [ -81.429825208837656, 28.369940371677956 ], [ -81.429875581256837, 28.369947292925001 ] ] ], [ [ [ -81.430111891070439, 28.370071389153562 ], [ -81.430104114855041, 28.370116134320465 ], [ -81.430053742316503, 28.370109213184197 ], [ -81.43006151855792, 28.370064468020104 ], [ -81.430111891070439, 28.370071389153562 ] ] ], [ [ [ -81.429794103367698, 28.370119352288679 ], [ -81.429743730852621, 28.370112431006284 ], [ -81.429759283656153, 28.370022940718254 ], [ -81.429809656119147, 28.370029861994851 ], [ -81.429794103367698, 28.370119352288679 ] ] ], [ [ [ -81.429685581905659, 28.370150254832591 ], [ -81.429693358345801, 28.370105509700096 ], [ -81.429743730852621, 28.370112431006284 ], [ -81.429735954438499, 28.370157176141692 ], [ -81.429685581905659, 28.370150254832591 ] ] ], [ [ [ -81.429685581905659, 28.370150254832591 ], [ -81.429670029000633, 28.370239745080298 ], [ -81.429619656423952, 28.370232823741613 ], [ -81.429635209381033, 28.370143333499637 ], [ -81.429685581905659, 28.370150254832591 ] ] ], [ [ [ -81.429619656423952, 28.370232823741613 ], [ -81.429611879933063, 28.370277568853961 ], [ -81.42956150733859, 28.37027064748855 ], [ -81.429569283855528, 28.370225902379108 ], [ -81.429619656423952, 28.370232823741613 ] ] ], [ [ [ -81.42955373081341, 28.370315392592218 ], [ -81.429545954280002, 28.370360137690142 ], [ -81.429495581641717, 28.37035321629514 ], [ -81.429503358201174, 28.370308471200122 ], [ -81.42955373081341, 28.370315392592218 ] ] ], [ [ [ -81.430223093097169, 28.372102461289455 ], [ -81.430238645759303, 28.372012971395478 ], [ -81.430339393144763, 28.372026813401277 ], [ -81.430331616869893, 28.372071558356879 ], [ -81.430281243146993, 28.372064637363074 ], [ -81.430273466837846, 28.372109382310033 ], [ -81.43032384058678, 28.372116303306694 ], [ -81.43031606429544, 28.372161048250749 ], [ -81.43036643807865, 28.372167969226435 ], [ -81.430374214343971, 28.372123224279537 ], [ -81.430474961883078, 28.372137066153606 ], [ -81.430459409448389, 28.372226556053043 ], [ -81.43025791419484, 28.372198872186573 ], [ -81.430226808810019, 28.372377851870411 ], [ -81.430176434913108, 28.372370930832691 ], [ -81.430160882119196, 28.372460420634219 ], [ -81.430110508178487, 28.372453499566909 ], [ -81.43015716661759, 28.372185030110199 ], [ -81.430056419073352, 28.372171187938278 ], [ -81.430064195503121, 28.372126443014331 ], [ -81.429913074326748, 28.372105679586081 ], [ -81.429920850826406, 28.372060934664916 ], [ -81.430122345640569, 28.372088619176733 ], [ -81.430114569245077, 28.372133364109317 ], [ -81.43016494299529, 28.372140285180482 ], [ -81.430172719364748, 28.372095540245052 ], [ -81.430223093097169, 28.372102461289455 ] ] ], [ [ [ -81.430090548263863, 28.373458649113697 ], [ -81.429838675695962, 28.373424043462794 ], [ -81.429846452356344, 28.373379298700637 ], [ -81.430098324794045, 28.373413904337283 ], [ -81.430090548263863, 28.373458649113697 ] ] ], [ [ [ -81.429780524512495, 28.373461867014456 ], [ -81.429528652061961, 28.373427260633285 ], [ -81.42953642888682, 28.373382515894107 ], [ -81.42978830120714, 28.373417122261017 ], [ -81.429780524512495, 28.373461867014456 ] ] ], [ [ [ -81.429528652061961, 28.373427260633285 ], [ -81.429520875228889, 28.373472005366732 ], [ -81.429470500737494, 28.373465084016043 ], [ -81.429478277596615, 28.373420339285463 ], [ -81.429528652061961, 28.373427260633285 ] ] ], [ [ [ -81.428993445746357, 28.374132548475757 ], [ -81.429043820596604, 28.374139470039243 ], [ -81.429028266277598, 28.374228959263824 ], [ -81.429078641188156, 28.37423588080917 ], [ -81.429070864042345, 28.374280625415604 ], [ -81.428919739257282, 28.374259860699375 ], [ -81.42892751648121, 28.374215116101503 ], [ -81.428977891375283, 28.37422203769459 ], [ -81.428993445746357, 28.374132548475757 ] ] ], [ [ [ -81.429163836838342, 28.374339213046852 ], [ -81.429113461859203, 28.374332291543475 ], [ -81.429121238987221, 28.374287546939978 ], [ -81.429171613940326, 28.374294468440411 ], [ -81.429163836838342, 28.374339213046852 ] ] ], [ [ [ -81.429473863832328, 28.374335996942101 ], [ -81.429423488829698, 28.374329075584846 ], [ -81.429400157889646, 28.374463309429554 ], [ -81.429450532970392, 28.374470230795438 ], [ -81.429442755999958, 28.374514975401649 ], [ -81.429342005794638, 28.374501132640376 ], [ -81.429334228763864, 28.374545877235064 ], [ -81.429283853647547, 28.374538955815762 ], [ -81.429268299509232, 28.374628444982129 ], [ -81.429217924349061, 28.37462152353325 ], [ -81.42921014724152, 28.374666268104903 ], [ -81.429159772063571, 28.374659346629301 ], [ -81.429175326322536, 28.374569857485888 ], [ -81.429225701448388, 28.374576778955831 ], [ -81.429256809763288, 28.374397800588255 ], [ -81.429307184793231, 28.374404722022831 ], [ -81.429322738849194, 28.37431523279864 ], [ -81.429373113835325, 28.374322154203693 ], [ -81.429380890824902, 28.374277409580067 ], [ -81.429431265793227, 28.374284330958336 ], [ -81.429439042748541, 28.374239586326116 ], [ -81.429489417699088, 28.374246507677626 ], [ -81.429473863832328, 28.374335996942101 ] ] ], [ [ [ -81.429144217771693, 28.374748835749557 ], [ -81.429093842549932, 28.374741914244396 ], [ -81.429109396893892, 28.374652425129817 ], [ -81.429159772063571, 28.374659346629301 ], [ -81.429144217771693, 28.374748835749557 ] ] ], [ [ [ -81.429027912907415, 28.374824481801042 ], [ -81.42897753765007, 28.374817560242406 ], [ -81.428985314894746, 28.374772815705267 ], [ -81.429035690126042, 28.374779737261075 ], [ -81.429027912907415, 28.374824481801042 ] ] ], [ [ [ -81.428911607834877, 28.374900127711065 ], [ -81.428903830539483, 28.374944872227978 ], [ -81.428853455220533, 28.374937950613031 ], [ -81.428837900552921, 28.375027439623778 ], [ -81.428787525190145, 28.37502051797923 ], [ -81.428779747817956, 28.375065262473111 ], [ -81.428678997065077, 28.375051419106722 ], [ -81.428671219632562, 28.375096163589049 ], [ -81.428620844242474, 28.375089241867233 ], [ -81.428605289300648, 28.37517873080888 ], [ -81.42865566474282, 28.37518565253648 ], [ -81.428647887285592, 28.375230397001506 ], [ -81.428547136357437, 28.375216553516736 ], [ -81.428578246345225, 28.375037575644836 ], [ -81.428527870997684, 28.375030653878088 ], [ -81.428535648500088, 28.374985909398532 ], [ -81.428636399151358, 28.374999752902447 ], [ -81.428644176593437, 28.374955008411376 ], [ -81.428694551905409, 28.37496193012462 ], [ -81.428702329313211, 28.374917185624945 ], [ -81.428803079909827, 28.374931028974149 ], [ -81.428810857257318, 28.374886284462971 ], [ -81.428911607834877, 28.374900127711065 ] ] ], [ [ [ -81.428791236352396, 28.375295906517415 ], [ -81.428783458956815, 28.37534065097946 ], [ -81.428733083411771, 28.375333729314924 ], [ -81.428740860833386, 28.37528898485575 ], [ -81.428791236352396, 28.375295906517415 ] ] ], [ [ [ -81.428876432719932, 28.375399238698975 ], [ -81.428868655359963, 28.375443983155215 ], [ -81.428818279746324, 28.375437061532637 ], [ -81.428826057132341, 28.375392317079292 ], [ -81.428876432719932, 28.375399238698975 ] ] ], [ [ [ -81.428837545837666, 28.375622960922275 ], [ -81.428845323230604, 28.375578216489146 ], [ -81.428895698930617, 28.375585138096415 ], [ -81.428887921563728, 28.37562988253238 ], [ -81.428837545837666, 28.375622960922275 ] ] ], [ [ [ -81.428837545837666, 28.375622960922275 ], [ -81.428829768436501, 28.375667705349564 ], [ -81.428779392692661, 28.375660783712757 ], [ -81.428787170119861, 28.375616039288282 ], [ -81.428837545837666, 28.375622960922275 ] ] ], [ [ [ -81.428771615257219, 28.375705528131402 ], [ -81.428721239495601, 28.375698606467854 ], [ -81.428729016957092, 28.375653862052005 ], [ -81.428779392692661, 28.375660783712757 ], [ -81.428771615257219, 28.375705528131402 ] ] ], [ [ [ -81.428670863742227, 28.375691684780442 ], [ -81.428721239495601, 28.375698606467854 ], [ -81.428713462025883, 28.375743350877919 ], [ -81.428663086246473, 28.375736429187622 ], [ -81.428670863742227, 28.375691684780442 ] ] ], [ [ [ -81.428663086246473, 28.375736429187622 ], [ -81.428655308742478, 28.375781173589033 ], [ -81.428604932945277, 28.375774251872027 ], [ -81.428612710475306, 28.375729507473466 ], [ -81.428663086246473, 28.375736429187622 ] ] ], [ [ [ -81.428825702332077, 28.375987837811962 ], [ -81.428775326397712, 28.375980916179003 ], [ -81.428759771455347, 28.376070404935412 ], [ -81.428709395477142, 28.376063483272837 ], [ -81.428701617967562, 28.376108227639506 ], [ -81.428651241971579, 28.376101305950176 ], [ -81.42862790931531, 28.376235539006998 ], [ -81.428527157191837, 28.376221695539634 ], [ -81.428519379571213, 28.376266439874598 ], [ -81.428469003495806, 28.376259518102255 ], [ -81.428484558780951, 28.376170029432295 ], [ -81.428534934804262, 28.376176951198879 ], [ -81.428542712408429, 28.376132206852336 ], [ -81.428593088413947, 28.376139128592204 ], [ -81.428608643545516, 28.376049639876094 ], [ -81.428659019507194, 28.37605656158642 ], [ -81.42866679703458, 28.376011817216817 ], [ -81.42871717297848, 28.376018738900342 ], [ -81.428732727956444, 28.375929250138132 ], [ -81.428833479764862, 28.375943093422226 ], [ -81.428825702332077, 28.375987837811962 ] ] ], [ [ [ -81.429232422749322, 28.376318597806211 ], [ -81.429081294279385, 28.376297833428641 ], [ -81.429089071605347, 28.376253089056419 ], [ -81.429240199997153, 28.376273853425477 ], [ -81.429232422749322, 28.376318597806211 ] ] ], [ [ [ -81.428589021390081, 28.376459260652684 ], [ -81.428581243780329, 28.376504004964509 ], [ -81.428530867558237, 28.376497083225615 ], [ -81.428538645194024, 28.376452338916678 ], [ -81.428589021390081, 28.376459260652684 ] ] ], [ [ [ -81.431018626401041, 28.356543294850013 ], [ -81.431010851910443, 28.356588041660597 ], [ -81.43096048736065, 28.356581120707656 ], [ -81.430968261877283, 28.356536373899889 ], [ -81.431018626401041, 28.356543294850013 ] ] ], [ [ [ -81.431428980785171, 28.357149464726795 ], [ -81.431421206456079, 28.35719421149647 ], [ -81.431370841511452, 28.357187290747827 ], [ -81.431378615866592, 28.357142543981013 ], [ -81.431428980785171, 28.357149464726795 ] ] ], [ [ [ -81.430863135024879, 28.357438229962394 ], [ -81.430812769980534, 28.357431308955174 ], [ -81.430820544653585, 28.357386562257354 ], [ -81.430870909671896, 28.357393483261738 ], [ -81.430863135024879, 28.357438229962394 ] ] ], [ [ [ -81.430688715691915, 28.357551706910559 ], [ -81.430638350594236, 28.357544785823123 ], [ -81.430646125370075, 28.357500039151283 ], [ -81.430696490441719, 28.357506960235863 ], [ -81.430688715691915, 28.357551706910559 ] ] ], [ [ [ -81.43078167120602, 28.357610295688417 ], [ -81.430773896491814, 28.35765504235729 ], [ -81.430723531325583, 28.357648121311868 ], [ -81.430731306065837, 28.357603374645901 ], [ -81.43078167120602, 28.357610295688417 ] ] ], [ [ [ -81.431381997975606, 28.358013493890432 ], [ -81.43137422354215, 28.358058240555899 ], [ -81.431323858086486, 28.358051319800708 ], [ -81.431331632545977, 28.358006573138081 ], [ -81.431381997975606, 28.358013493890432 ] ] ], [ [ [ -81.431653093568187, 28.35823400459898 ], [ -81.431645319257967, 28.358278751258492 ], [ -81.431544588047657, 28.358264909987732 ], [ -81.431552362409931, 28.358220163333982 ], [ -81.431653093568187, 28.35823400459898 ] ] ], [ [ [ -81.431153156225534, 28.358440197870603 ], [ -81.431102790560345, 28.358433277018129 ], [ -81.431118339775438, 28.35834378380839 ], [ -81.431168705388586, 28.358350704655155 ], [ -81.431153156225534, 28.358440197870603 ] ] ], [ [ [ -81.430804313734342, 28.358667151802472 ], [ -81.430703582198831, 28.358653309752988 ], [ -81.430711357042114, 28.358608563205706 ], [ -81.430812088525556, 28.35862240524947 ], [ -81.430804313734342, 28.358667151802472 ] ] ], [ [ [ -81.431098733895567, 28.358753423942453 ], [ -81.431090959244074, 28.358798170500965 ], [ -81.431040593370639, 28.358791249625657 ], [ -81.431048368048167, 28.358746503069941 ], [ -81.431098733895567, 28.358753423942453 ] ] ], [ [ [ -81.431094677200065, 28.359073570599396 ], [ -81.431102451874921, 28.359028824072709 ], [ -81.431303916004737, 28.359056507297073 ], [ -81.43129614143399, 28.359101253835206 ], [ -81.431245775363138, 28.359094333062057 ], [ -81.431238000758128, 28.359139079591518 ], [ -81.431137268589111, 28.359125237967888 ], [ -81.431145043246161, 28.359080491444129 ], [ -81.431094677200065, 28.359073570599396 ] ] ], [ [ [ -81.430532533563905, 28.359637732328913 ], [ -81.430524758531277, 28.359682478743107 ], [ -81.430474392177189, 28.359675557616853 ], [ -81.430497717328493, 28.359541318365494 ], [ -81.430598449888691, 28.359555160576992 ], [ -81.430582899900202, 28.359644653428415 ], [ -81.430532533563905, 28.359637732328913 ] ] ], [ [ [ -81.43097805608916, 28.359744767805363 ], [ -81.430985830887508, 28.359700021365455 ], [ -81.431036197298056, 28.359706942250238 ], [ -81.431028422525713, 28.359751688693006 ], [ -81.43097805608916, 28.359744767805363 ] ] ], [ [ [ -81.43097805608916, 28.359744767805363 ], [ -81.430962506467736, 28.359834260667814 ], [ -81.430861773515232, 28.359820418809633 ], [ -81.43086954838212, 28.359775672387006 ], [ -81.430919914828223, 28.359782593325161 ], [ -81.430927689660848, 28.3597378468939 ], [ -81.43097805608916, 28.359744767805363 ] ] ], [ [ [ -81.431055464682245, 28.359892848858852 ], [ -81.431032140319871, 28.360027088108936 ], [ -81.43093140712611, 28.36001324632328 ], [ -81.430923632270137, 28.360057992722659 ], [ -81.430873265659599, 28.360051071791208 ], [ -81.430904365138275, 28.359872086170338 ], [ -81.431005098159346, 28.359885927986557 ], [ -81.431028422525713, 28.359751688693006 ], [ -81.431078788970538, 28.359758609556735 ], [ -81.431086563716832, 28.359713863111107 ], [ -81.431187296579154, 28.359727704761312 ], [ -81.431156197752813, 28.359906690531894 ], [ -81.431055464682245, 28.359892848858852 ] ] ], [ [ [ -81.431132873546616, 28.360040929799066 ], [ -81.431125098794752, 28.360085676209934 ], [ -81.431074732151217, 28.360078755373902 ], [ -81.43106695736509, 28.360123501776069 ], [ -81.431016590703777, 28.36011658091336 ], [ -81.431032140319871, 28.360027088108936 ], [ -81.431082506929116, 28.360034008965968 ], [ -81.431090281698786, 28.359989262552176 ], [ -81.431140648290253, 28.359996183382474 ], [ -81.431156197752813, 28.359906690531894 ], [ -81.431206564300467, 28.359913611332622 ], [ -81.431214338993371, 28.359868864895809 ], [ -81.431264705523247, 28.359875785669775 ], [ -81.431272480181875, 28.359831039224318 ], [ -81.431322846693973, 28.359837959971617 ], [ -81.431307297420531, 28.359927452862497 ], [ -81.431256930856378, 28.359920532109481 ], [ -81.431241381497941, 28.36001002497148 ], [ -81.431191014889976, 28.360003104188905 ], [ -81.431183240172373, 28.360047850608385 ], [ -81.431132873546616, 28.360040929799066 ] ] ], [ [ [ -81.431016590703777, 28.36011658091336 ], [ -81.431008815883388, 28.360161327306908 ], [ -81.430958449204283, 28.36015440641744 ], [ -81.430966224050721, 28.360109660026758 ], [ -81.431016590703777, 28.36011658091336 ] ] ], [ [ [ -81.430872925350243, 28.360646616333131 ], [ -81.430822558393061, 28.360639695388407 ], [ -81.430830333356084, 28.360594949064197 ], [ -81.430880700287233, 28.360601870006093 ], [ -81.430872925350243, 28.360646616333131 ] ] ], [ [ [ -81.430748866427578, 28.360767013349065 ], [ -81.430698499408791, 28.360760092348027 ], [ -81.430706274448582, 28.36071534604692 ], [ -81.430756641441334, 28.360722267045123 ], [ -81.430748866427578, 28.360767013349065 ] ] ], [ [ [ -81.430698499408791, 28.360760092348027 ], [ -81.430690724360787, 28.360804838643372 ], [ -81.430640357324222, 28.360797917615606 ], [ -81.430648132398261, 28.360753171323129 ], [ -81.430698499408791, 28.360760092348027 ] ] ], [ [ [ -81.430574440071055, 28.360880489125829 ], [ -81.430566664946269, 28.360925235398124 ], [ -81.430516297848129, 28.36091831431407 ], [ -81.430524072998935, 28.360873568044649 ], [ -81.430574440071055, 28.360880489125829 ] ] ], [ [ [ -81.430516297848129, 28.36091831431407 ], [ -81.430508522689081, 28.360963060577703 ], [ -81.430458155573149, 28.360956139466875 ], [ -81.430465930758217, 28.360911393206127 ], [ -81.430516297848129, 28.36091831431407 ] ] ], [ [ [ -81.430709991235332, 28.360990744782164 ], [ -81.430717766290229, 28.360945998507145 ], [ -81.430768133421395, 28.360952919495741 ], [ -81.430760358392504, 28.360997665773652 ], [ -81.430709991235332, 28.360990744782164 ] ] ], [ [ [ -81.430709991235332, 28.360990744782164 ], [ -81.430702216172179, 28.361035491051435 ], [ -81.430651848997201, 28.361028570033255 ], [ -81.430659624086388, 28.360983823766848 ], [ -81.430709991235332, 28.360990744782164 ] ] ], [ [ [ -81.430636298794141, 28.361118062548726 ], [ -81.430585931575351, 28.361111141500931 ], [ -81.430593706707043, 28.361066395248962 ], [ -81.430644073899799, 28.361073316293883 ], [ -81.430636298794141, 28.361118062548726 ] ] ], [ [ [ -81.430349646120661, 28.360987043422988 ], [ -81.430400013246128, 28.360993964584363 ], [ -81.430407788465459, 28.360949218332244 ], [ -81.430458155573149, 28.360956139466875 ], [ -81.4304426051783, 28.361045631971063 ], [ -81.430392238018555, 28.361038710830684 ], [ -81.43038446278274, 28.361083457071253 ], [ -81.430334095605204, 28.361076535904168 ], [ -81.430318545056835, 28.361166028362195 ], [ -81.430268177835487, 28.36115910716553 ], [ -81.430260402522933, 28.361203853383032 ], [ -81.430210035283807, 28.361196932159611 ], [ -81.430202259936976, 28.361241678368458 ], [ -81.430151892680058, 28.36123475711835 ], [ -81.43013634190963, 28.361324249512986 ], [ -81.430035607316441, 28.36131040692975 ], [ -81.430051158190992, 28.361220914546546 ], [ -81.430101525431397, 28.361227835844414 ], [ -81.43010930083031, 28.361183089641305 ], [ -81.430159668052937, 28.361190010912399 ], [ -81.43016744341756, 28.361145264700635 ], [ -81.430217810622409, 28.361152185945038 ], [ -81.430225585952769, 28.361107439724599 ], [ -81.430275953139827, 28.361114360942278 ], [ -81.430291503723794, 28.361024868478363 ], [ -81.430341870867053, 28.361031789666463 ], [ -81.430349646120661, 28.360987043422988 ] ] ], [ [ [ -81.430570381287296, 28.361200633987529 ], [ -81.430520014024708, 28.361193712910197 ], [ -81.430512238842297, 28.361238459141976 ], [ -81.430461871561917, 28.361231538037895 ], [ -81.430438545887199, 28.361365776689951 ], [ -81.430337811195002, 28.361351934393085 ], [ -81.430330035901576, 28.361396680593089 ], [ -81.430279668541814, 28.361389759405991 ], [ -81.430295219172521, 28.361300267005895 ], [ -81.430345586480215, 28.361307188187247 ], [ -81.430353361757184, 28.361262441975615 ], [ -81.430403729047086, 28.361269363130262 ], [ -81.430419279524273, 28.361179870683948 ], [ -81.430469646770376, 28.361186791808986 ], [ -81.430477421970579, 28.361142045574304 ], [ -81.430527789198891, 28.361148966672673 ], [ -81.430535564364831, 28.361104220429294 ], [ -81.430585931575351, 28.361111141500931 ], [ -81.430570381287296, 28.361200633987529 ] ] ], [ [ [ -81.430035607316441, 28.36131040692975 ], [ -81.430027831866809, 28.36135515311268 ], [ -81.429977464556558, 28.361348231782394 ], [ -81.429985240032224, 28.361303485602363 ], [ -81.430035607316441, 28.36131040692975 ] ] ], [ [ [ -81.430271893214098, 28.36143450559743 ], [ -81.430221525836586, 28.361427584383645 ], [ -81.430229301190309, 28.361382838195073 ], [ -81.430279668541814, 28.361389759405991 ], [ -81.430271893214098, 28.36143450559743 ] ] ], [ [ [ -81.430147832278593, 28.361554901668352 ], [ -81.430097464839449, 28.361547980398267 ], [ -81.430105240269953, 28.361503234232774 ], [ -81.430155607683062, 28.361510155500014 ], [ -81.430147832278593, 28.361554901668352 ] ] ], [ [ [ -81.430089689400717, 28.361592726557951 ], [ -81.430039321943809, 28.361585805261111 ], [ -81.43004709740859, 28.361541059104294 ], [ -81.430097464839449, 28.361547980398267 ], [ -81.430089689400717, 28.361592726557951 ] ] ], [ [ [ -81.429988954495158, 28.361578883940421 ], [ -81.430039321943809, 28.361585805261111 ], [ -81.430031546470815, 28.361630551412194 ], [ -81.429981178996115, 28.361623630088634 ], [ -81.429988954495158, 28.361578883940421 ] ] ], [ [ [ -81.430767451308895, 28.362144004854159 ], [ -81.430759676170069, 28.362188750993063 ], [ -81.430709308303065, 28.362181830022759 ], [ -81.430717083467911, 28.362137083886701 ], [ -81.430767451308895, 28.362144004854159 ] ] ], [ [ [ -81.430953372677649, 28.362261180780234 ], [ -81.430937822567088, 28.362350673052003 ], [ -81.430887454588984, 28.362343752168606 ], [ -81.43087967949532, 28.362388498292955 ], [ -81.430829311499437, 28.362381577382816 ], [ -81.430844861730606, 28.362292085134026 ], [ -81.43089522967442, 28.36229900603843 ], [ -81.430903004751627, 28.362254259902492 ], [ -81.430953372677649, 28.362261180780234 ] ] ], [ [ [ -81.430829311499437, 28.362381577382816 ], [ -81.430821536371496, 28.362426323498511 ], [ -81.430771168357836, 28.36241940256166 ], [ -81.430778943511797, 28.362374656448811 ], [ -81.430829311499437, 28.362381577382816 ] ] ], [ [ [ -81.429824971877764, 28.363709632329506 ], [ -81.429817196095854, 28.363754378217269 ], [ -81.429766827372887, 28.363747456831053 ], [ -81.429774603180846, 28.363702710946143 ], [ -81.429824971877764, 28.363709632329506 ] ] ], [ [ [ -81.429751275732315, 28.36383694858349 ], [ -81.429743499899672, 28.363881694451042 ], [ -81.429693131106873, 28.363874773032364 ], [ -81.42970090696555, 28.363830027167648 ], [ -81.429751275732315, 28.36383694858349 ] ] ], [ [ [ -81.43039829495693, 28.363971670722439 ], [ -81.430406070451141, 28.363926924817747 ], [ -81.430506808223939, 28.363940766957352 ], [ -81.430499032781796, 28.363985512867757 ], [ -81.430549401706614, 28.363992433904627 ], [ -81.430541626282263, 28.364037179812122 ], [ -81.43044088838883, 28.364023337708829 ], [ -81.430448663865235, 28.363978591807019 ], [ -81.43039829495693, 28.363971670722439 ] ] ], [ [ [ -81.429786092885877, 28.363933361710522 ], [ -81.429735724058787, 28.363926440312824 ], [ -81.429743499899672, 28.363881694451042 ], [ -81.429793868700727, 28.363888615845877 ], [ -81.429786092885877, 28.363933361710522 ] ] ], [ [ [ -81.430332374991664, 28.36405424140035 ], [ -81.43028200604779, 28.36404732026228 ], [ -81.43028978161054, 28.364002574374879 ], [ -81.43034015052838, 28.364009495510061 ], [ -81.430332374991664, 28.36405424140035 ] ] ], [ [ [ -81.430591995241357, 28.364044100827989 ], [ -81.430584219834799, 28.364088846732525 ], [ -81.430533850849685, 28.364081925713812 ], [ -81.430541626282263, 28.364037179812122 ], [ -81.430591995241357, 28.364044100827989 ] ] ], [ [ [ -81.430576444420026, 28.364133592631323 ], [ -81.430584219834799, 28.364088846732525 ], [ -81.430634588828184, 28.364095767727392 ], [ -81.430626813439432, 28.364140513629035 ], [ -81.430576444420026, 28.364133592631323 ] ] ], [ [ [ -81.430274230476812, 28.36409206614394 ], [ -81.430223861515145, 28.364085144979175 ], [ -81.430231637112158, 28.364040399100389 ], [ -81.43028200604779, 28.36404732026228 ], [ -81.430274230476812, 28.36409206614394 ] ] ], [ [ [ -81.429964241095192, 28.364095284656077 ], [ -81.429863503227054, 28.364081442010598 ], [ -81.429879054793801, 28.363991950298846 ], [ -81.429929423671666, 28.363998871627803 ], [ -81.429921647918448, 28.36404361748944 ], [ -81.429972016830604, 28.364050538797393 ], [ -81.429964241095192, 28.364095284656077 ] ] ], [ [ [ -81.430216085909905, 28.364129890852126 ], [ -81.430165716930446, 28.364122969660684 ], [ -81.430173492561735, 28.364078223790496 ], [ -81.430223861515145, 28.364085144979175 ], [ -81.430216085909905, 28.364129890852126 ] ] ], [ [ [ -81.430165716930446, 28.364122969660684 ], [ -81.430157941290929, 28.364167715525024 ], [ -81.430107572293707, 28.364160794306784 ], [ -81.430115347959273, 28.364116048445343 ], [ -81.430165716930446, 28.364122969660684 ] ] ], [ [ [ -81.430014610041624, 28.364102205943055 ], [ -81.430006834324018, 28.364146951798809 ], [ -81.429956465351538, 28.364140030508999 ], [ -81.429964241095192, 28.364095284656077 ], [ -81.430014610041624, 28.364102205943055 ] ] ], [ [ [ -81.43035941736234, 28.364195400159218 ], [ -81.43030904833212, 28.364188479036422 ], [ -81.430316823893534, 28.364143733163512 ], [ -81.430367192897734, 28.364150654283417 ], [ -81.43035941736234, 28.364195400159218 ] ] ], [ [ [ -81.430301272762449, 28.364233224903579 ], [ -81.430250903714438, 28.36422630375414 ], [ -81.430258679310128, 28.364181557889815 ], [ -81.43030904833212, 28.364188479036422 ], [ -81.430301272762449, 28.364233224903579 ] ] ], [ [ [ -81.429797582653634, 28.364164012334971 ], [ -81.429747213688131, 28.364157090946893 ], [ -81.429754989544151, 28.36411234511116 ], [ -81.42980535848362, 28.364119266496402 ], [ -81.429797582653634, 28.364164012334971 ] ] ], [ [ [ -81.430107572293707, 28.364160794306784 ], [ -81.430092020937906, 28.364250286012474 ], [ -81.429991282864066, 28.364236443493027 ], [ -81.430006834324018, 28.364146951798809 ], [ -81.430107572293707, 28.364160794306784 ] ] ], [ [ [ -81.429747213688131, 28.364157090946893 ], [ -81.429739437823883, 28.364201836776832 ], [ -81.429689068840588, 28.364194915361985 ], [ -81.42969684473087, 28.364150169534906 ], [ -81.429747213688131, 28.364157090946893 ] ] ], [ [ [ -81.429689068840588, 28.364194915361985 ], [ -81.429681292942078, 28.364239661183245 ], [ -81.429630923941005, 28.364232739741706 ], [ -81.429638699865549, 28.364187993923277 ], [ -81.429689068840588, 28.364194915361985 ] ] ], [ [ [ -81.430177207760124, 28.364353620130341 ], [ -81.430126838650523, 28.364346698924606 ], [ -81.430134614322967, 28.364301953083352 ], [ -81.430084245247642, 28.36429503185661 ], [ -81.430092020937906, 28.364250286012474 ], [ -81.430192759044743, 28.364264128436403 ], [ -81.430177207760124, 28.364353620130341 ] ] ], [ [ [ -81.429565003022319, 28.364315309890056 ], [ -81.429514633985676, 28.364308388395077 ], [ -81.429522409978773, 28.364263642593929 ], [ -81.429572778989368, 28.364270564086095 ], [ -81.429565003022319, 28.364315309890056 ] ] ], [ [ [ -81.429514633985676, 28.364308388395077 ], [ -81.42950685798435, 28.364353134190434 ], [ -81.429456488929944, 28.364346212668703 ], [ -81.429464264957289, 28.364301466876185 ], [ -81.429514633985676, 28.364308388395077 ] ] ], [ [ [ -81.430153880771442, 28.364487857627893 ], [ -81.430177207760124, 28.364353620130341 ], [ -81.430277946004082, 28.364367462470337 ], [ -81.430270170401499, 28.364412208314345 ], [ -81.430370908730538, 28.364426050564539 ], [ -81.430347582029555, 28.364560288078998 ], [ -81.430297212782818, 28.364553366957256 ], [ -81.43030498838408, 28.364508621127719 ], [ -81.430153880771442, 28.364487857627893 ] ] ], [ [ [ -81.429708334284527, 28.364380820038651 ], [ -81.42970055837911, 28.364425565839682 ], [ -81.429650189265644, 28.364418644410542 ], [ -81.429657965197109, 28.364373898612428 ], [ -81.429708334284527, 28.364380820038651 ] ] ], [ [ [ -81.430146105092078, 28.364532603448815 ], [ -81.430095735878339, 28.364525682231601 ], [ -81.430103511583752, 28.364480936413532 ], [ -81.430153880771442, 28.364487857627893 ], [ -81.430146105092078, 28.364532603448815 ] ] ], [ [ [ -81.429743151613181, 28.364477233043008 ], [ -81.429692782465438, 28.364470311634889 ], [ -81.42970055837911, 28.364425565839682 ], [ -81.429750927500805, 28.36443248724493 ], [ -81.429743151613181, 28.364477233043008 ] ] ], [ [ [ -81.429541675071732, 28.364449547267355 ], [ -81.429533899071743, 28.364494293048246 ], [ -81.429382791674186, 28.364473528457317 ], [ -81.429390567752293, 28.364428782685046 ], [ -81.429541675071732, 28.364449547267355 ] ] ], [ [ [ -81.429793520769152, 28.364484154427263 ], [ -81.429785744899334, 28.364528900222417 ], [ -81.429735375717314, 28.364521978835334 ], [ -81.429743151613181, 28.364477233043008 ], [ -81.429793520769152, 28.364484154427263 ] ] ], [ [ [ -81.430490914313935, 28.364625797136199 ], [ -81.430475363278504, 28.364715288789192 ], [ -81.430424993928924, 28.364708367730465 ], [ -81.430432769476781, 28.364663621909717 ], [ -81.430382400161463, 28.364656700829983 ], [ -81.43039017572714, 28.364611955006332 ], [ -81.430490914313935, 28.364625797136199 ] ] ], [ [ [ -81.429820562377301, 28.364625313164336 ], [ -81.429870931627889, 28.364632234509429 ], [ -81.429878707462123, 28.364587488720115 ], [ -81.429979445935984, 28.364601331333031 ], [ -81.429987221709908, 28.36455658553222 ], [ -81.430037590933196, 28.36456350680001 ], [ -81.430045366672857, 28.364518760990556 ], [ -81.430095735878339, 28.364525682231601 ], [ -81.430080184442858, 28.364615173850442 ], [ -81.430029815185293, 28.364608252603681 ], [ -81.430022039429161, 28.364652998401557 ], [ -81.429921300886733, 28.364639155830652 ], [ -81.429913525070305, 28.364683901617042 ], [ -81.429863155785426, 28.364676980292913 ], [ -81.429855379934722, 28.364721726070709 ], [ -81.42980501063208, 28.364714804719839 ], [ -81.429797234747113, 28.364759550488952 ], [ -81.429696496114488, 28.364745707710046 ], [ -81.429680944215718, 28.364835199219435 ], [ -81.429630574859715, 28.364828277788472 ], [ -81.429622798871932, 28.364873023531636 ], [ -81.429572429498151, 28.364866102073929 ], [ -81.429564653476106, 28.364910847808456 ], [ -81.429413545326156, 28.364890083283566 ], [ -81.42942132142629, 28.364845337557615 ], [ -81.42947169077533, 28.364852259086934 ], [ -81.429479466841201, 28.364807513352329 ], [ -81.429529836172449, 28.36481443485491 ], [ -81.429537612204058, 28.364769689111693 ], [ -81.429587981517528, 28.364776610587505 ], [ -81.429603533503965, 28.364687119077963 ], [ -81.429754641337681, 28.364707883345201 ], [ -81.42976241724044, 28.364663137573142 ], [ -81.429812786508819, 28.364670058945002 ], [ -81.429820562377301, 28.364625313164336 ] ] ], [ [ [ -81.430087614302892, 28.365165965568082 ], [ -81.430037244716431, 28.365159044334739 ], [ -81.430045020511074, 28.365114298594737 ], [ -81.4300953900715, 28.365121219825262 ], [ -81.430087614302892, 28.365165965568082 ] ] ], [ [ [ -81.429533549305589, 28.365089830688717 ], [ -81.429525773242389, 28.365134576394372 ], [ -81.429475403720645, 28.365127654895652 ], [ -81.429483179809907, 28.365082909192896 ], [ -81.429533549305589, 28.365089830688717 ] ] ], [ [ [ -81.429971323472174, 28.365241614534419 ], [ -81.430021693102432, 28.365248535797313 ], [ -81.430013917283105, 28.365293281519961 ], [ -81.430064286947655, 28.365300202761873 ], [ -81.43005651114612, 28.365344948481589 ], [ -81.43010688084496, 28.365351869702486 ], [ -81.430099105061217, 28.365396615419275 ], [ -81.430048735336342, 28.365389694195489 ], [ -81.430040959518308, 28.36543443990362 ], [ -81.429990589775642, 28.365427518653121 ], [ -81.429998365619696, 28.365382772947846 ], [ -81.42994799591132, 28.365375851676344 ], [ -81.429955771773166, 28.365331105968163 ], [ -81.429855032433224, 28.365317263359266 ], [ -81.429878360125571, 28.365183026217146 ], [ -81.429928729713325, 28.365189947524939 ], [ -81.42993650556825, 28.365145201796441 ], [ -81.430037244716431, 28.365159044334739 ], [ -81.430029468913546, 28.365203790068925 ], [ -81.429979099309307, 28.365196868808866 ], [ -81.429971323472174, 28.365241614534419 ] ] ], [ [ [ -81.429362824988445, 28.36547869876404 ], [ -81.429413194710207, 28.365485620309453 ], [ -81.429420970865323, 28.365440874652997 ], [ -81.429521710281534, 28.365454717666534 ], [ -81.429513934178473, 28.365499463328774 ], [ -81.429463564440212, 28.365492541831046 ], [ -81.429455788302889, 28.365537287484617 ], [ -81.42940541854685, 28.365530365960186 ], [ -81.42939764237525, 28.365575111605096 ], [ -81.429347272601433, 28.365568190053935 ], [ -81.429339496395556, 28.365612935690226 ], [ -81.429289126603948, 28.365606014112352 ], [ -81.429281350363823, 28.365650759740014 ], [ -81.429230980554436, 28.365643838135394 ], [ -81.429223204280035, 28.365688583754366 ], [ -81.429172834452856, 28.365681662123052 ], [ -81.429165058144179, 28.365726407733426 ], [ -81.429064318462522, 28.365712564393451 ], [ -81.429072094823269, 28.365667818788829 ], [ -81.429122464633934, 28.365674740467863 ], [ -81.429130240960404, 28.365629994854597 ], [ -81.429180610753292, 28.365636916506919 ], [ -81.4291883870455, 28.365592170884977 ], [ -81.42923875682061, 28.365599092510568 ], [ -81.42924653307854, 28.365554346880046 ], [ -81.429296902835858, 28.365561268478917 ], [ -81.429304679059513, 28.365516522839737 ], [ -81.429355048799067, 28.365523444411888 ], [ -81.429362824988445, 28.36547869876404 ] ] ], [ [ [ -81.429726554594367, 28.366353334435384 ], [ -81.429718778517085, 28.366398080007738 ], [ -81.429668408226419, 28.366391158622758 ], [ -81.429676184329722, 28.366346413053297 ], [ -81.429726554594367, 28.366353334435384 ] ] ], [ [ [ -81.429249541774595, 28.367020812402835 ], [ -81.429199171151168, 28.367013890807939 ], [ -81.42920694756026, 28.366969145345184 ], [ -81.429257318157653, 28.366976066937241 ], [ -81.429249541774595, 28.367020812402835 ] ] ], [ [ [ -81.429291784560377, 28.367668013075406 ], [ -81.429342155581296, 28.367674934614858 ], [ -81.429381037469994, 28.367451207576693 ], [ -81.429431408368998, 28.367458129077967 ], [ -81.42946251362757, 28.367279147331914 ], [ -81.429512884430679, 28.367286068797878 ], [ -81.429528436958478, 28.367196577884464 ], [ -81.429578807717775, 28.367203499320901 ], [ -81.429602136369624, 28.367069262898777 ], [ -81.429652507059046, 28.367076184302768 ], [ -81.42966805940037, 28.366986693320086 ], [ -81.42971843004598, 28.366993614694437 ], [ -81.429733982302295, 28.366904123682922 ], [ -81.429784352904093, 28.366911045027699 ], [ -81.429799905075384, 28.366821553987339 ], [ -81.42985027563337, 28.366828475302547 ], [ -81.429865827719652, 28.366738984233329 ], [ -81.429916198233812, 28.366745905518957 ], [ -81.429923974238577, 28.366701159972855 ], [ -81.429974344734944, 28.366708081231756 ], [ -81.429982120705432, 28.36666333567695 ], [ -81.430032491184036, 28.366670256909167 ], [ -81.430040267120248, 28.366625511345717 ], [ -81.43009063758106, 28.366632432551217 ], [ -81.430098413483009, 28.366587686979159 ], [ -81.430148783926043, 28.366594608157925 ], [ -81.430156559793716, 28.366549862577219 ], [ -81.430206930218958, 28.366556783729223 ], [ -81.430199154377334, 28.366601529312813 ], [ -81.430299895304643, 28.366615371550957 ], [ -81.430276567886509, 28.366749608284113 ], [ -81.430326938440643, 28.36675652937598 ], [ -81.430295835205328, 28.366935511617278 ], [ -81.430245464547056, 28.366928590513993 ], [ -81.430229912827912, 28.367018081594253 ], [ -81.430179542125813, 28.367011160461363 ], [ -81.430171766227858, 28.367055905989975 ], [ -81.430121395507982, 28.36704898483038 ], [ -81.430113619575749, 28.367093730350351 ], [ -81.430063248838096, 28.367086809164004 ], [ -81.430047696896864, 28.367176300180855 ], [ -81.429997326115384, 28.367169378964952 ], [ -81.429981774089143, 28.367258869952959 ], [ -81.429931403263851, 28.36725194870748 ], [ -81.429915851152614, 28.367341439666657 ], [ -81.429865480283482, 28.367334518391583 ], [ -81.429842151976743, 28.367468754778358 ], [ -81.429791781037764, 28.367461833470845 ], [ -81.429682914261861, 28.368088269214471 ], [ -81.42973328556532, 28.368095190562023 ], [ -81.429655522854645, 28.368542643999294 ], [ -81.429403665118031, 28.368508036880154 ], [ -81.42941144155634, 28.368463291576724 ], [ -81.429361070059812, 28.368456370084168 ], [ -81.429368846515914, 28.368411624777853 ], [ -81.429318475053662, 28.368404703264272 ], [ -81.429334027993249, 28.36831521263991 ], [ -81.429283656591323, 28.368308291108207 ], [ -81.429299209550038, 28.368218800466501 ], [ -81.429248838208437, 28.368211878916643 ], [ -81.429287720591262, 28.367988152225387 ], [ -81.429237349388089, 28.367981230665951 ], [ -81.429291784560377, 28.367668013075406 ] ] ], [ [ [ -81.429074747485743, 28.3677298174252 ], [ -81.429043641239957, 28.367908798848202 ], [ -81.428993270104087, 28.367901877172329 ], [ -81.429024376454009, 28.367722895760707 ], [ -81.429074747485743, 28.3677298174252 ] ] ], [ [ [ -81.429039576319141, 28.36822893778794 ], [ -81.429008469815145, 28.368407918968018 ], [ -81.428958098384626, 28.368400997284496 ], [ -81.428989204992774, 28.368222016115897 ], [ -81.429039576319141, 28.36822893778794 ] ] ], [ [ [ -81.429058841253905, 28.368414840627647 ], [ -81.429051064633342, 28.368459585911054 ], [ -81.429000693168547, 28.368452664248537 ], [ -81.429008469815145, 28.368407918968018 ], [ -81.429058841253905, 28.368414840627647 ] ] ], [ [ [ -81.428954033116042, 28.368721135810503 ], [ -81.428853289898768, 28.368707292379668 ], [ -81.428861066646846, 28.368662547139472 ], [ -81.428961809812051, 28.368676390564598 ], [ -81.428954033116042, 28.368721135810503 ] ] ], [ [ [ -81.429155519649626, 28.368748822385818 ], [ -81.42910514800387, 28.368741900777803 ], [ -81.429112924621762, 28.368697155523304 ], [ -81.429163296241484, 28.368704077128491 ], [ -81.429155519649626, 28.368748822385818 ] ] ], [ [ [ -81.429248486417904, 28.368807410787539 ], [ -81.429232933297143, 28.368896901284621 ], [ -81.429182561556772, 28.368889979715753 ], [ -81.429190338147308, 28.368845234472943 ], [ -81.429139966441198, 28.368838312883089 ], [ -81.429147743049541, 28.368793567637304 ], [ -81.429248486417904, 28.368807410787539 ] ] ], [ [ [ -81.429391825054211, 28.368872920593812 ], [ -81.429384048567812, 28.36891766584808 ], [ -81.429434420341209, 28.368924587321498 ], [ -81.429418867395796, 28.369014077818349 ], [ -81.42936849557033, 28.369007156339244 ], [ -81.429360719059233, 28.369051901576125 ], [ -81.429310347215988, 28.369044980070289 ], [ -81.429341453315104, 28.368865999099416 ], [ -81.429391825054211, 28.368872920593812 ] ] ], [ [ [ -81.429713322193038, 28.369100351448918 ], [ -81.429662950292013, 28.369093430110151 ], [ -81.429670726646904, 28.36904868485605 ], [ -81.429721098521881, 28.369055606191996 ], [ -81.429713322193038, 28.369100351448918 ] ] ], [ [ [ -81.429108859925506, 28.369017293808206 ], [ -81.429058488123516, 28.369010372182995 ], [ -81.429066264790833, 28.368965626963256 ], [ -81.429116636566789, 28.368972548585575 ], [ -81.429108859925506, 28.369017293808206 ] ] ], [ [ [ -81.429655173928907, 28.369138175358412 ], [ -81.429604802010104, 28.369131253992844 ], [ -81.429612578399272, 28.369086508747461 ], [ -81.429662950292013, 28.369093430110151 ], [ -81.429655173928907, 28.369138175358412 ] ] ], [ [ [ -81.429589249207098, 28.369220744466343 ], [ -81.429538877244482, 28.369213823071235 ], [ -81.429554430099557, 28.369124332603484 ], [ -81.429604802010104, 28.369131253992844 ], [ -81.429589249207098, 28.369220744466343 ] ] ], [ [ [ -81.429488505290109, 28.369206901652266 ], [ -81.429538877244482, 28.369213823071235 ], [ -81.429531100804581, 28.36925856829642 ], [ -81.429480728824188, 28.369251646874602 ], [ -81.429488505290109, 28.369206901652266 ] ] ], [ [ [ -81.428984786200317, 28.369137686149969 ], [ -81.428977009474025, 28.369182431343749 ], [ -81.428926637584397, 28.369175509659396 ], [ -81.428934414336723, 28.369130764468455 ], [ -81.428984786200317, 28.369137686149969 ] ] ], [ [ [ -81.429422580351826, 28.369289470642642 ], [ -81.429430356852038, 28.369244725428914 ], [ -81.429480728824188, 28.369251646874602 ], [ -81.429472952350011, 28.369296392091172 ], [ -81.429422580351826, 28.369289470642642 ] ] ], [ [ [ -81.429422580351826, 28.369289470642642 ], [ -81.429414803843386, 28.369334215850571 ], [ -81.429364431827423, 28.369327294375267 ], [ -81.429372208361897, 28.369282549170201 ], [ -81.429422580351826, 28.369289470642642 ] ] ], [ [ [ -81.429348878733762, 28.36941678476807 ], [ -81.429298506673973, 28.369409863263233 ], [ -81.429314059819703, 28.369320372876125 ], [ -81.429364431827423, 28.369327294375267 ], [ -81.429348878733762, 28.36941678476807 ] ] ], [ [ [ -81.429248134622426, 28.369402941734478 ], [ -81.429298506673973, 28.369409863263233 ], [ -81.429290730088766, 28.369454608448077 ], [ -81.429240358011171, 28.369447686916509 ], [ -81.429248134622426, 28.369402941734478 ] ] ], [ [ [ -81.429232581391688, 28.369492432092695 ], [ -81.429182209296329, 28.369485510534389 ], [ -81.429189985941846, 28.369440765361034 ], [ -81.429240358011171, 28.369447686916509 ], [ -81.429232581391688, 28.369492432092695 ] ] ], [ [ [ -81.429124060529418, 28.369523334116984 ], [ -81.429131837209212, 28.369478588952219 ], [ -81.429182209296329, 28.369485510534389 ], [ -81.429174432642554, 28.369530255702003 ], [ -81.429124060529418, 28.369523334116984 ] ] ], [ [ [ -81.429124060529418, 28.369523334116984 ], [ -81.429108507145116, 28.369612824429083 ], [ -81.429058134988153, 28.36960590281452 ], [ -81.429073688424538, 28.369516412508101 ], [ -81.429124060529418, 28.369523334116984 ] ] ], [ [ [ -81.429050358257612, 28.369650647959034 ], [ -81.428999986082857, 28.369643726317676 ], [ -81.429007762839447, 28.369598981176015 ], [ -81.429058134988153, 28.36960590281452 ], [ -81.429050358257612, 28.369650647959034 ] ] ], [ [ [ -81.428949613916359, 28.369636804652462 ], [ -81.428999986082857, 28.369643726317676 ], [ -81.428992209318039, 28.369688471453578 ], [ -81.428941837125507, 28.369681549785529 ], [ -81.428949613916359, 28.369636804652462 ] ] ], [ [ [ -81.428809985311148, 28.369846686829245 ], [ -81.428759613039219, 28.369839765078151 ], [ -81.428775166834782, 28.369750274869695 ], [ -81.428825539054642, 28.369757196615073 ], [ -81.428833315914048, 28.369712451499339 ], [ -81.428883688116102, 28.369719373217965 ], [ -81.428891464941231, 28.369674628093563 ], [ -81.428941837125507, 28.369681549785529 ], [ -81.428926283519104, 28.369771040034209 ], [ -81.428875911282745, 28.369764118336604 ], [ -81.42886813444116, 28.369808863449396 ], [ -81.428817762187009, 28.369801941725054 ], [ -81.428809985311148, 28.369846686829245 ] ] ], [ [ [ -81.428701463839374, 28.369877588395873 ], [ -81.428709240775561, 28.369832843303165 ], [ -81.428759613039219, 28.369839765078151 ], [ -81.428751836129081, 28.369884510173698 ], [ -81.428701463839374, 28.369877588395873 ] ] ], [ [ [ -81.428701463839374, 28.369877588395873 ], [ -81.428693686894945, 28.369922333482766 ], [ -81.428643314587475, 28.369915411678257 ], [ -81.428651091557924, 28.369870666594203 ], [ -81.428701463839374, 28.369877588395873 ] ] ], [ [ [ -81.429247782821989, 28.369998471757572 ], [ -81.429240006155737, 28.370043216870148 ], [ -81.42918963373144, 28.370036295325281 ], [ -81.429197410423726, 28.369991550215552 ], [ -81.429247782821989, 28.369998471757572 ] ] ], [ [ [ -81.428585165283508, 28.369953234925283 ], [ -81.428592942288233, 28.369908489849848 ], [ -81.428643314587475, 28.369915411678257 ], [ -81.42862776062185, 28.370004901829031 ], [ -81.428577388270554, 28.369997979994874 ], [ -81.428569611249358, 28.370042725058759 ], [ -81.428519238880256, 28.37003580319789 ], [ -81.428534792966488, 28.369946313070141 ], [ -81.428585165283508, 28.369953234925283 ] ] ], [ [ [ -81.42918963373144, 28.370036295325281 ], [ -81.429181857030926, 28.370081040429184 ], [ -81.429131484588837, 28.370074118857588 ], [ -81.429139261315399, 28.370029373756537 ], [ -81.42918963373144, 28.370036295325281 ] ] ], [ [ [ -81.429065558625112, 28.370156687441241 ], [ -81.429073335394165, 28.370111942354573 ], [ -81.429123707854032, 28.370118863952893 ], [ -81.429115931111014, 28.370163609042415 ], [ -81.429065558625112, 28.370156687441241 ] ] ], [ [ [ -81.429065558625112, 28.370156687441241 ], [ -81.429057781847803, 28.370201432522062 ], [ -81.429007409344109, 28.37019451089418 ], [ -81.429015186147453, 28.370149765816166 ], [ -81.429065558625112, 28.370156687441241 ] ] ], [ [ [ -81.428941483165204, 28.370277079375374 ], [ -81.428933706311128, 28.370321824433216 ], [ -81.42888333374583, 28.370314902749001 ], [ -81.428891110625955, 28.370270157694058 ], [ -81.428941483165204, 28.370277079375374 ] ] ], [ [ [ -81.429495581641717, 28.37035321629514 ], [ -81.429480028498133, 28.370442706467863 ], [ -81.429429655816037, 28.37043578504333 ], [ -81.429445209011689, 28.370346294876327 ], [ -81.429495581641717, 28.37035321629514 ] ] ], [ [ [ -81.42888333374583, 28.370314902749001 ], [ -81.428875556857477, 28.370359647798164 ], [ -81.428825184274402, 28.370352726087187 ], [ -81.428832961188789, 28.370307981040909 ], [ -81.42888333374583, 28.370314902749001 ] ] ], [ [ [ -81.428759257793999, 28.370435294422002 ], [ -81.428767034750905, 28.370390549390077 ], [ -81.428817407351772, 28.370397471127752 ], [ -81.428809630420901, 28.370442216162488 ], [ -81.428759257793999, 28.370435294422002 ] ] ], [ [ [ -81.428759257793999, 28.370435294422002 ], [ -81.428751480828865, 28.370480039448097 ], [ -81.428701108184171, 28.370473117680859 ], [ -81.42870888517534, 28.37042837265761 ], [ -81.428759257793999, 28.370435294422002 ] ] ], [ [ [ -81.429290027082899, 28.370645667410418 ], [ -81.429282250379458, 28.370690412450642 ], [ -81.429231877565869, 28.370683490937321 ], [ -81.429255207729597, 28.370549255807923 ], [ -81.429305580465069, 28.370556177312665 ], [ -81.429321133814298, 28.370466687191776 ], [ -81.429371506505944, 28.370473608666892 ], [ -81.429379283142168, 28.370428863594903 ], [ -81.429429655816037, 28.37043578504333 ], [ -81.429414102587415, 28.370525275187216 ], [ -81.429363729861478, 28.370518353733068 ], [ -81.429340399878683, 28.370652588896977 ], [ -81.429290027082899, 28.370645667410418 ] ] ], [ [ [ -81.428635181488602, 28.370555685913185 ], [ -81.428627404446672, 28.370600430916209 ], [ -81.428577031740375, 28.370593509092679 ], [ -81.428584808808353, 28.370548764092486 ], [ -81.428635181488602, 28.370555685913185 ] ] ], [ [ [ -81.429231877565869, 28.370683490937321 ], [ -81.429216324082219, 28.370772980994701 ], [ -81.429165951224817, 28.370766059451814 ], [ -81.429181504760564, 28.370676569400132 ], [ -81.429231877565869, 28.370683490937321 ] ] ], [ [ [ -81.429491518315572, 28.370673353213537 ], [ -81.429541891144368, 28.370680274604613 ], [ -81.429526337989614, 28.370769764707848 ], [ -81.429475965108736, 28.370762843311027 ], [ -81.429452635236743, 28.370897078413936 ], [ -81.429402262286004, 28.370890156984654 ], [ -81.429394485619497, 28.370934902004532 ], [ -81.429344112650966, 28.370927980548572 ], [ -81.429328559241171, 28.37101747056526 ], [ -81.429278186228842, 28.371010549079696 ], [ -81.429317069821764, 28.370786824008828 ], [ -81.429367442703921, 28.370793745480157 ], [ -81.429375219371764, 28.370749000445759 ], [ -81.429425592236115, 28.370755921890325 ], [ -81.429433368869681, 28.370711176847305 ], [ -81.42938299603135, 28.370704255405627 ], [ -81.429390772682723, 28.37065951035968 ], [ -81.429441145495005, 28.370666431798561 ], [ -81.429448922112115, 28.370621686743934 ], [ -81.42949929490662, 28.370628608156071 ], [ -81.429491518315572, 28.370673353213537 ] ] ], [ [ [ -81.428855937317309, 28.370769274693345 ], [ -81.428805564491626, 28.370762352980574 ], [ -81.428813341454102, 28.370717607983408 ], [ -81.428863714253737, 28.370724529693341 ], [ -81.428855937317309, 28.370769274693345 ] ] ], [ [ [ -81.42845295494304, 28.37071390032272 ], [ -81.428445177790067, 28.370758645294099 ], [ -81.428394805004373, 28.370751723387507 ], [ -81.428402582183395, 28.370706978419015 ], [ -81.42845295494304, 28.37071390032272 ] ] ], [ [ [ -81.429158174444595, 28.37081080446896 ], [ -81.429142620859423, 28.370900294485963 ], [ -81.429092247932175, 28.370893372910583 ], [ -81.429107801569415, 28.370803882899338 ], [ -81.429158174444595, 28.37081080446896 ] ] ], [ [ [ -81.428797787520907, 28.370807097971912 ], [ -81.428790010541945, 28.370851842957514 ], [ -81.428739637672464, 28.370844921215131 ], [ -81.428747414677474, 28.37080017623239 ], [ -81.428797787520907, 28.370807097971912 ] ] ], [ [ [ -81.429068917414568, 28.371027607884134 ], [ -81.429018544417445, 28.371020686276346 ], [ -81.429041875013169, 28.370886451311396 ], [ -81.429092247932175, 28.370893372910583 ], [ -81.429068917414568, 28.371027607884134 ] ] ], [ [ [ -81.428716306608067, 28.370979156128612 ], [ -81.428665933668725, 28.370972234353765 ], [ -81.428681487771968, 28.370882744422975 ], [ -81.428731860659241, 28.370889666192078 ], [ -81.428716306608067, 28.370979156128612 ] ] ], [ [ [ -81.428665933668725, 28.370972234353765 ], [ -81.428650379532542, 28.371061724261452 ], [ -81.42860000654936, 28.37105480245706 ], [ -81.42861556073764, 28.370965312555082 ], [ -81.428665933668725, 28.370972234353765 ] ] ], [ [ [ -81.429010767535729, 28.371065431253111 ], [ -81.428995213747598, 28.371154921189273 ], [ -81.428944840680614, 28.371147999549059 ], [ -81.428960394520828, 28.371058509618617 ], [ -81.429010767535729, 28.371065431253111 ] ] ], [ [ [ -81.428592229442884, 28.371099547399382 ], [ -81.428584452328153, 28.371144292335906 ], [ -81.428534079301173, 28.371137370501941 ], [ -81.428541856441939, 28.371092625568263 ], [ -81.428592229442884, 28.371099547399382 ] ] ], [ [ [ -81.428510747829463, 28.371271605268305 ], [ -81.428460374732609, 28.371264683401883 ], [ -81.428475929107393, 28.37117519356913 ], [ -81.428526302152164, 28.371182115429804 ], [ -81.428510747829463, 28.371271605268305 ] ] ], [ [ [ -81.428905955935946, 28.371371724273985 ], [ -81.428855582747047, 28.37136480259565 ], [ -81.428878913696664, 28.371230567786572 ], [ -81.42892928680746, 28.371237489456369 ], [ -81.428905955935946, 28.371371724273985 ] ] ], [ [ [ -81.428452597532882, 28.371309428309569 ], [ -81.428444820324899, 28.371354173211522 ], [ -81.428394447184232, 28.37134725131547 ], [ -81.428402224418249, 28.371302506416438 ], [ -81.428452597532882, 28.371309428309569 ] ] ], [ [ [ -81.429002637110486, 28.371705703598074 ], [ -81.429010414055455, 28.371660958696566 ], [ -81.428960040685567, 28.371654037072641 ], [ -81.428975594602832, 28.371564547257911 ], [ -81.428925221293255, 28.371557625615864 ], [ -81.428940775229648, 28.371468135783758 ], [ -81.428991148487157, 28.371475057420128 ], [ -81.428998925416948, 28.3714303124925 ], [ -81.429099671904609, 28.371444155687865 ], [ -81.429053010514679, 28.371712625201017 ], [ -81.429002637110486, 28.371705703598074 ] ] ], [ [ [ -81.428816697666264, 28.371588527161787 ], [ -81.428785589453398, 28.371767506710693 ], [ -81.428886336308139, 28.371781350094974 ], [ -81.428878559286403, 28.37182609497345 ], [ -81.428777812379593, 28.3718122515834 ], [ -81.428770035297532, 28.371856996450397 ], [ -81.42871966183047, 28.371850074716747 ], [ -81.428766324355422, 28.371581605445254 ], [ -81.428816697666264, 28.371588527161787 ] ] ], [ [ [ -81.429095607025999, 28.371764291681508 ], [ -81.429196353927694, 28.371778134773749 ], [ -81.429188577070434, 28.371822879675101 ], [ -81.429238950559693, 28.371829801188298 ], [ -81.429231173720225, 28.371874546086822 ], [ -81.429130426697867, 28.371860703030901 ], [ -81.429138203589417, 28.371815958138129 ], [ -81.429087830116657, 28.371809036577236 ], [ -81.429095607025999, 28.371764291681508 ] ] ], [ [ [ -81.428599293793923, 28.372245856450519 ], [ -81.428649667487065, 28.372252778233737 ], [ -81.428587449732845, 28.372610736522525 ], [ -81.428537075831386, 28.372603814716406 ], [ -81.428498189337105, 28.372827538444735 ], [ -81.428447815313703, 28.372820616600443 ], [ -81.428517811089492, 28.372417913811137 ], [ -81.428568184878543, 28.372424835629676 ], [ -81.428599293793923, 28.372245856450519 ] ] ], [ [ [ -81.428571538631644, 28.373295750943356 ], [ -81.42856376130382, 28.37334049562245 ], [ -81.428362264015036, 28.373312808262668 ], [ -81.428370041446996, 28.373268063594985 ], [ -81.428571538631644, 28.373295750943356 ] ] ], [ [ [ -81.428827121503105, 28.373605749340776 ], [ -81.428819344282104, 28.373650494002334 ], [ -81.428768969741768, 28.373643572324244 ], [ -81.428776746988802, 28.373598827665511 ], [ -81.428827121503105, 28.373605749340776 ] ] ], [ [ [ -81.428617846170297, 28.373622807146713 ], [ -81.428610068836889, 28.37366755179108 ], [ -81.42855969430353, 28.373660630014641 ], [ -81.428567471662987, 28.373615885373141 ], [ -81.428617846170297, 28.373622807146713 ] ] ], [ [ [ -81.428098546272722, 28.373643077562836 ], [ -81.428048171795851, 28.373636155544855 ], [ -81.428055949423921, 28.373591410937731 ], [ -81.428106323874744, 28.373598332952835 ], [ -81.428098546272722, 28.373643077562836 ] ] ], [ [ [ -81.428350418780823, 28.37367768729457 ], [ -81.428300044262699, 28.373670765395971 ], [ -81.428307821760555, 28.373626020774523 ], [ -81.428358196252645, 28.373632942670252 ], [ -81.428350418780823, 28.37367768729457 ] ] ], [ [ [ -81.428602291495253, 28.373712296429652 ], [ -81.428594514145374, 28.373757041062476 ], [ -81.428493764982775, 28.373743197474344 ], [ -81.428501542384723, 28.373698452847197 ], [ -81.428602291495253, 28.373712296429652 ] ] ], [ [ [ -81.428300044262699, 28.373670765395971 ], [ -81.428292266756586, 28.373715510011632 ], [ -81.428241892220669, 28.373708588086256 ], [ -81.428249669752816, 28.373663843473441 ], [ -81.428300044262699, 28.373670765395971 ] ] ], [ [ [ -81.428241892220669, 28.373708588086256 ], [ -81.428234114680279, 28.373753332693301 ], [ -81.428183740126585, 28.373746410741234 ], [ -81.428191517693008, 28.373701666137091 ], [ -81.428241892220669, 28.373708588086256 ] ] ], [ [ [ -81.428369683441645, 28.373863587620118 ], [ -81.428319308811112, 28.37385666573396 ], [ -81.428327086315903, 28.373811921132802 ], [ -81.428377460920387, 28.373818843016103 ], [ -81.428369683441645, 28.373863587620118 ] ] ], [ [ [ -81.428168184969024, 28.373835899932182 ], [ -81.428117810371504, 28.373828977950545 ], [ -81.428125587980446, 28.373784233360784 ], [ -81.428175962551933, 28.373791155339589 ], [ -81.428168184969024, 28.373835899932182 ] ] ], [ [ [ -81.427916312063957, 28.373801289785249 ], [ -81.42790853434262, 28.373846034357808 ], [ -81.427858159760333, 28.373839112253954 ], [ -81.427865937507704, 28.373794367684258 ], [ -81.427916312063957, 28.373801289785249 ] ] ], [ [ [ -81.428117810371504, 28.373828977950545 ], [ -81.42810225512892, 28.373918467112684 ], [ -81.428051880487573, 28.37391154510145 ], [ -81.428067435782239, 28.373822055944991 ], [ -81.428117810371504, 28.373828977950545 ] ] ], [ [ [ -81.428454877849447, 28.373966920523067 ], [ -81.42844710039806, 28.374011665115479 ], [ -81.428396725672911, 28.374004743268468 ], [ -81.428404503150318, 28.373959998678917 ], [ -81.428454877849447, 28.373966920523067 ] ] ], [ [ [ -81.428044102827897, 28.373956289670996 ], [ -81.427993728168758, 28.373949367632996 ], [ -81.428001505854482, 28.373904623066327 ], [ -81.428051880487573, 28.37391154510145 ], [ -81.428044102827897, 28.373956289670996 ] ] ], [ [ [ -81.428532295049834, 28.374114997916887 ], [ -81.428431545470602, 28.374101154282954 ], [ -81.42844710039806, 28.374011665115479 ], [ -81.428497475131479, 28.374018586938671 ], [ -81.428489697697898, 28.374063331528184 ], [ -81.428540072465609, 28.374070253330288 ], [ -81.428532295049834, 28.374114997916887 ] ] ], [ [ [ -81.427978172772598, 28.374038856749035 ], [ -81.427927798069632, 28.374031934681504 ], [ -81.427943353517875, 28.373942445571188 ], [ -81.427993728168758, 28.373949367632996 ], [ -81.427978172772598, 28.374038856749035 ] ] ], [ [ [ -81.427877423374937, 28.374025012590074 ], [ -81.427927798069632, 28.374031934681504 ], [ -81.427920020333147, 28.374076679228008 ], [ -81.427869645612418, 28.374069757133743 ], [ -81.427877423374937, 28.374025012590074 ] ] ], [ [ [ -81.427869645612418, 28.374069757133743 ], [ -81.427861867841656, 28.37411450167156 ], [ -81.427811493103135, 28.374107579550564 ], [ -81.427819270899931, 28.374062835015604 ], [ -81.427869645612418, 28.374069757133743 ] ] ], [ [ [ -81.427109586377739, 28.374881579113588 ], [ -81.427159961520218, 28.374888501551414 ], [ -81.427167739733903, 28.374843757154853 ], [ -81.427318865132747, 28.374864524316628 ], [ -81.427326643260088, 28.374819779905661 ], [ -81.427377018383496, 28.374826702242348 ], [ -81.427384796476574, 28.374781957822744 ], [ -81.427435171582189, 28.374788880132694 ], [ -81.427419615439902, 28.374878368971803 ], [ -81.427469990605857, 28.374885291263613 ], [ -81.427462212548392, 28.374930035677327 ], [ -81.427512587748652, 28.374936957948115 ], [ -81.427535921818219, 28.374802724680976 ], [ -81.427485546696076, 28.37479580241877 ], [ -81.427493324728829, 28.374751057987652 ], [ -81.427594074929274, 28.3747649024825 ], [ -81.427601852901716, 28.374720158039921 ], [ -81.427652227988276, 28.374727080248697 ], [ -81.427660005926441, 28.374682335797445 ], [ -81.427760756072246, 28.374696180137654 ], [ -81.427768533950101, 28.374651435674927 ], [ -81.427818909009346, 28.374658357806389 ], [ -81.42782668685291, 28.374613613334983 ], [ -81.427927436944088, 28.374627457520571 ], [ -81.427935214727341, 28.37458271303775 ], [ -81.427985589759274, 28.374589635091834 ], [ -81.427993367508236, 28.374544890600347 ], [ -81.428043742522391, 28.374551812627761 ], [ -81.428051520237091, 28.37450706812762 ], [ -81.428101895233439, 28.374513990128325 ], [ -81.428109672913862, 28.374469245619519 ], [ -81.428160047892433, 28.374476167593492 ], [ -81.42816782553858, 28.374431423076071 ], [ -81.428218200499373, 28.374438345023275 ], [ -81.428225978111243, 28.37439360049726 ], [ -81.428276353054244, 28.374400522417776 ], [ -81.428284130631823, 28.374355777883061 ], [ -81.428334505557046, 28.374362699776832 ], [ -81.428342283100363, 28.374317955233526 ], [ -81.42839265800778, 28.374324877100605 ], [ -81.428400435516835, 28.374280132548627 ], [ -81.428450810406474, 28.374287054388915 ], [ -81.428458587881238, 28.374242309828333 ], [ -81.428508962753099, 28.374249231641912 ], [ -81.428516740193572, 28.374204487072685 ], [ -81.428567115047656, 28.374211408859569 ], [ -81.428574892453867, 28.374166664281688 ], [ -81.428675642134706, 28.374180507778114 ], [ -81.428683419480592, 28.374135763188736 ], [ -81.42893529369691, 28.374170371497815 ], [ -81.42892751648121, 28.374215116101503 ], [ -81.428877141595407, 28.374208194484581 ], [ -81.428869364345431, 28.374252939079582 ], [ -81.428818989441837, 28.374246017435905 ], [ -81.428811212157598, 28.374290762022305 ], [ -81.428760837236212, 28.374283840351911 ], [ -81.428768614546499, 28.374239095768367 ], [ -81.428718239659403, 28.374232174076955 ], [ -81.428694907625712, 28.374366407801645 ], [ -81.428644532668756, 28.374359486077815 ], [ -81.428621200482823, 28.374493719741896 ], [ -81.428570825456006, 28.37448679798559 ], [ -81.428563048018177, 28.374531542525865 ], [ -81.428512672973554, 28.374524620742836 ], [ -81.428504895501462, 28.374569365274478 ], [ -81.428353770339044, 28.374548599773657 ], [ -81.428345992780592, 28.374593344290943 ], [ -81.428144492575441, 28.374565656610958 ], [ -81.428136714904582, 28.374610401111028 ], [ -81.428086339847894, 28.374603479128496 ], [ -81.428078562142773, 28.374648223619918 ], [ -81.428028187068278, 28.374641301610687 ], [ -81.428004853825342, 28.374775535041707 ], [ -81.427954478681016, 28.374768613000018 ], [ -81.427938923092455, 28.37485810191945 ], [ -81.427888547904274, 28.374851179848164 ], [ -81.42788077007161, 28.374895924296329 ], [ -81.427780019667949, 28.374882080076453 ], [ -81.42777224177496, 28.374926824513157 ], [ -81.427671491352243, 28.374912980192082 ], [ -81.427663713398942, 28.374957724617303 ], [ -81.427562962957154, 28.374943880195044 ], [ -81.427555184943529, 28.374988624608704 ], [ -81.427504809708978, 28.374981702358934 ], [ -81.42749703166109, 28.375026446763982 ], [ -81.427396281164675, 28.375012602187102 ], [ -81.427388503056449, 28.375057346580657 ], [ -81.427338127794599, 28.375050424253544 ], [ -81.427330349652095, 28.375095168638474 ], [ -81.426977722867903, 28.375046711660538 ], [ -81.426985501192675, 28.375001967295624 ], [ -81.426935125996835, 28.37499504477762 ], [ -81.426958460999842, 28.374860811656831 ], [ -81.426908085890375, 28.374853889123486 ], [ -81.426939199216548, 28.374674911559641 ], [ -81.427039949235393, 28.374688756579552 ], [ -81.427024392692942, 28.374778245384459 ], [ -81.42707476776684, 28.37478516786431 ], [ -81.427066989509285, 28.374829912260989 ], [ -81.427117364617473, 28.374836834719861 ], [ -81.427109586377739, 28.374881579113588 ] ], [ [ -81.427237377295626, 28.375036579527766 ], [ -81.427252933660071, 28.374947090752045 ], [ -81.427202558475031, 28.374940168359053 ], [ -81.427187002058531, 28.375029657129108 ], [ -81.427237377295626, 28.375036579527766 ] ], [ [ -81.428485630382227, 28.37438346531496 ], [ -81.428493407847412, 28.374338720763074 ], [ -81.428443032923468, 28.374331798943746 ], [ -81.428435255432248, 28.374376543492783 ], [ -81.428485630382227, 28.37438346531496 ] ] ], [ [ [ -81.428051159981507, 28.375102590230373 ], [ -81.428000784638385, 28.375095668216382 ], [ -81.428008562425887, 28.37505092378273 ], [ -81.428058937742975, 28.37505784579384 ], [ -81.428051159981507, 28.375102590230373 ] ] ], [ [ [ -81.428430830314795, 28.375292198826401 ], [ -81.428438607892659, 28.375247454384365 ], [ -81.428488983362143, 28.375254376189275 ], [ -81.4284812058103, 28.37529912063415 ], [ -81.428430830314795, 28.375292198826401 ] ] ], [ [ [ -81.428271926213498, 28.37531617768763 ], [ -81.428171175244643, 28.375302333851607 ], [ -81.428163397520109, 28.375347078267801 ], [ -81.428062646532183, 28.375333234330569 ], [ -81.428078202077188, 28.375243745503827 ], [ -81.428178952960948, 28.375257589429616 ], [ -81.428186730669012, 28.37521284500189 ], [ -81.428237106097228, 28.37521976692609 ], [ -81.428244883771015, 28.375175022489742 ], [ -81.428446385462266, 28.375202709936545 ], [ -81.428438607892659, 28.375247454384365 ], [ -81.42833785697843, 28.375233610702963 ], [ -81.428330079348484, 28.375278355139265 ], [ -81.42827970387772, 28.375271433259964 ], [ -81.428271926213498, 28.37531617768763 ] ] ], [ [ [ -81.428523803780067, 28.375350786860004 ], [ -81.428473428250257, 28.375343865073276 ], [ -81.4284812058103, 28.37529912063415 ], [ -81.42853158131409, 28.37530604241805 ], [ -81.428523803780067, 28.375350786860004 ] ] ], [ [ [ -81.428267858012404, 28.375636310421811 ], [ -81.42826008030832, 28.375681054806119 ], [ -81.428159328906318, 28.375667210972072 ], [ -81.428182662150078, 28.375532977818992 ], [ -81.428333789031115, 28.375553743508501 ], [ -81.428318233699741, 28.375643232300163 ], [ -81.428267858012404, 28.375636310421811 ] ] ], [ [ [ -81.428496403785289, 28.375805152753401 ], [ -81.428504181375644, 28.375760408366361 ], [ -81.428554557156332, 28.375767330131119 ], [ -81.428546779592011, 28.375812074521008 ], [ -81.428496403785289, 28.375805152753401 ] ] ], [ [ [ -81.428496403785289, 28.375805152753401 ], [ -81.428488626186706, 28.3758498971347 ], [ -81.428438250362191, 28.375842975340333 ], [ -81.428446027986823, 28.375798230961937 ], [ -81.428496403785289, 28.375805152753401 ] ] ], [ [ [ -81.42831416565835, 28.375963364763489 ], [ -81.42830638794868, 28.376008109113087 ], [ -81.42825601204477, 28.376001187235726 ], [ -81.428263789780473, 28.375956442888995 ], [ -81.42831416565835, 28.375963364763489 ] ] ], [ [ [ -81.42820934545756, 28.376269653194708 ], [ -81.428201567664203, 28.376314397500959 ], [ -81.428151191586267, 28.376307475579722 ], [ -81.428158969405672, 28.376262731276292 ], [ -81.42820934545756, 28.376269653194708 ] ] ], [ [ [ -81.430259444280267, 28.356164076073703 ], [ -81.430274993970883, 28.356074582457097 ], [ -81.430325358162676, 28.356081503742331 ], [ -81.430317583347517, 28.356126250556361 ], [ -81.430418311807898, 28.356140093060898 ], [ -81.430402762256989, 28.356229586683071 ], [ -81.430453126551612, 28.356236507905244 ], [ -81.430445351789828, 28.356281254710474 ], [ -81.430495716118742, 28.356288175911686 ], [ -81.430480166622544, 28.356377669510508 ], [ -81.430530531011755, 28.35638459069358 ], [ -81.430514981534685, 28.356474084274989 ], [ -81.430464617093406, 28.356467163086226 ], [ -81.430472391862097, 28.356422416301299 ], [ -81.430422027455094, 28.35641549509155 ], [ -81.430429802241576, 28.35637074830364 ], [ -81.430379437868865, 28.356363827072897 ], [ -81.430387212673139, 28.356319080282073 ], [ -81.430336848334704, 28.356312159030292 ], [ -81.430352397970609, 28.356222665436995 ], [ -81.43030203369247, 28.356215744167105 ], [ -81.430309808524115, 28.356170997364664 ], [ -81.430259444280267, 28.356164076073703 ] ] ], [ [ [ -81.430340219674846, 28.357183110858561 ], [ -81.430440949398559, 28.357196953303589 ], [ -81.430433174541974, 28.357241699995907 ], [ -81.430483539442221, 28.35724862118548 ], [ -81.430475764603443, 28.357293367874842 ], [ -81.430375034759123, 28.357279525466083 ], [ -81.43038280964997, 28.357234778782466 ], [ -81.430332444766208, 28.357227857545137 ], [ -81.430340219674846, 28.357183110858561 ] ] ], [ [ [ -81.430510579887766, 28.357389782410532 ], [ -81.430460214901188, 28.357382861236211 ], [ -81.430475764603443, 28.357293367874842 ], [ -81.430526129537981, 28.357300289043437 ], [ -81.430518354716995, 28.357345035729871 ], [ -81.430568719685809, 28.357351956877412 ], [ -81.4305609448826, 28.357396703560951 ], [ -81.430611309885691, 28.357403624687517 ], [ -81.430603535100303, 28.357448371368061 ], [ -81.430653900137671, 28.357455292473627 ], [ -81.430646125370075, 28.357500039151283 ], [ -81.430545395251528, 28.357486196910557 ], [ -81.430553170071178, 28.357441450238671 ], [ -81.430502805050324, 28.357434529085342 ], [ -81.430510579887766, 28.357389782410532 ] ] ], [ [ [ -81.430057295305431, 28.357327490982826 ], [ -81.430049520233709, 28.357372237631921 ], [ -81.429999155295334, 28.357365316240031 ], [ -81.430006930393077, 28.357320569593746 ], [ -81.430057295305431, 28.357327490982826 ] ] ], [ [ [ -81.429832510153332, 28.357434045179165 ], [ -81.429824734952803, 28.357478791799537 ], [ -81.429774369969337, 28.357471870303605 ], [ -81.429782145195901, 28.35742712368609 ], [ -81.429832510153332, 28.357434045179165 ] ] ], [ [ [ -81.42978957248161, 28.35797792574505 ], [ -81.429781797208321, 28.358022672298848 ], [ -81.429731431904258, 28.358015750792472 ], [ -81.429739207203582, 28.357971004241566 ], [ -81.42978957248161, 28.35797792574505 ] ] ], [ [ [ -81.429808836729421, 28.358163833416526 ], [ -81.429758471339028, 28.358156911925413 ], [ -81.429781797208321, 28.358022672298848 ], [ -81.42983216252064, 28.358029593781353 ], [ -81.429808836729421, 28.358163833416526 ] ] ], [ [ [ -81.430254350568362, 28.358270872321494 ], [ -81.430304716067269, 28.358277793576804 ], [ -81.430289166002765, 28.358367286683563 ], [ -81.430238800451775, 28.358360365422548 ], [ -81.430231025381147, 28.358405111964363 ], [ -81.430180659812379, 28.358398190676635 ], [ -81.430196209997462, 28.358308697592872 ], [ -81.430246575514175, 28.358315618874883 ], [ -81.430254350568362, 28.358270872321494 ] ] ], [ [ [ -81.429777735559213, 28.358342819515702 ], [ -81.429769960246077, 28.358387566026092 ], [ -81.429719594725526, 28.358380644520729 ], [ -81.429727370064683, 28.358335898013237 ], [ -81.429777735559213, 28.358342819515702 ] ] ], [ [ [ -81.430397328459961, 28.358931929780535 ], [ -81.43038177837316, 28.359021422748157 ], [ -81.430331412424749, 28.359014501542578 ], [ -81.430323637342966, 28.359059248014852 ], [ -81.430273271376791, 28.359052326782543 ], [ -81.430257721136456, 28.359141819704032 ], [ -81.43020735512647, 28.35913489844215 ], [ -81.430191804801154, 28.359224391334777 ], [ -81.430091072701799, 28.359210548728012 ], [ -81.430098847920632, 28.359165802290331 ], [ -81.430048481909353, 28.359158880954023 ], [ -81.430056257145978, 28.359114134513415 ], [ -81.430106623131223, 28.35912105584692 ], [ -81.4301143983336, 28.359076309397604 ], [ -81.430164764301068, 28.35908323070435 ], [ -81.430180314629041, 28.35899373778274 ], [ -81.430281046484595, 28.359007580313165 ], [ -81.430296596675518, 28.358918087356997 ], [ -81.430397328459961, 28.358931929780535 ] ] ], [ [ [ -81.429726673305169, 28.359526991491233 ], [ -81.429525208570467, 28.359499305327255 ], [ -81.429532984115482, 28.35945455896444 ], [ -81.429734448746046, 28.359482245116997 ], [ -81.429726673305169, 28.359526991491233 ] ] ], [ [ [ -81.429517433017239, 28.359544051684303 ], [ -81.429467066828167, 28.359537130080803 ], [ -81.42947484240743, 28.359492383726643 ], [ -81.429525208570467, 28.359499305327255 ], [ -81.429517433017239, 28.359544051684303 ] ] ], [ [ [ -81.430276642171052, 28.359923272390009 ], [ -81.430226275693784, 28.359916351151185 ], [ -81.43023405090598, 28.359871604785965 ], [ -81.430284417357214, 28.359878526021959 ], [ -81.430276642171052, 28.359923272390009 ] ] ], [ [ [ -81.429873363231607, 28.360463446634267 ], [ -81.429865587774003, 28.360508192904156 ], [ -81.429815220981808, 28.360501271482164 ], [ -81.429830771940857, 28.360411778942261 ], [ -81.429931505429352, 28.36042562175102 ], [ -81.42992373000601, 28.360470368029564 ], [ -81.429873363231607, 28.360463446634267 ] ] ], [ [ [ -81.429129350063604, 28.360590275686143 ], [ -81.429137125918572, 28.360545529479353 ], [ -81.429187492681592, 28.360552451220205 ], [ -81.429195268502326, 28.360507705004768 ], [ -81.429245635247568, 28.360514626718889 ], [ -81.429253411034026, 28.360469880494851 ], [ -81.42930377776149, 28.360476802182209 ], [ -81.429288226232416, 28.360566294630228 ], [ -81.429237859452883, 28.360559372937129 ], [ -81.429230083649969, 28.360604119149624 ], [ -81.429129350063604, 28.360590275686143 ] ] ], [ [ [ -81.429419361525433, 28.36159224006563 ], [ -81.42936899412372, 28.36158531845286 ], [ -81.42937676994336, 28.361540572344715 ], [ -81.429427137319053, 28.361547493954649 ], [ -81.429419361525433, 28.36159224006563 ] ] ], [ [ [ -81.429671198657786, 28.361626847771483 ], [ -81.429620831214805, 28.361619926278046 ], [ -81.429628606904302, 28.361575180155665 ], [ -81.429678974321234, 28.361582101646242 ], [ -81.429671198657786, 28.361626847771483 ] ] ], [ [ [ -81.429303075014204, 28.361667889009365 ], [ -81.429252707576921, 28.361660967343209 ], [ -81.429268259345022, 28.361571475155746 ], [ -81.42936899412372, 28.36158531845286 ], [ -81.429361218295853, 28.361630064555182 ], [ -81.429310850876348, 28.361623142915715 ], [ -81.429303075014204, 28.361667889009365 ] ] ], [ [ [ -81.429252707576921, 28.361660967343209 ], [ -81.4292449316805, 28.361705713428261 ], [ -81.429043461909771, 28.361678026513385 ], [ -81.429059013902602, 28.36158853436034 ], [ -81.429008646532623, 28.361581612577641 ], [ -81.429024198544582, 28.361492120407185 ], [ -81.429074565862507, 28.361499042184153 ], [ -81.429066789886676, 28.361543788275103 ], [ -81.429117157238892, 28.361550710031086 ], [ -81.429109381280867, 28.361595456119115 ], [ -81.429159748667345, 28.361602377854076 ], [ -81.429151972727112, 28.361647123939179 ], [ -81.429252707576921, 28.361660967343209 ] ] ], [ [ [ -81.428985318452916, 28.361715850789945 ], [ -81.428977542409868, 28.36176059684913 ], [ -81.428927174943993, 28.361753675031174 ], [ -81.428934951013076, 28.361708928974871 ], [ -81.428985318452916, 28.361715850789945 ] ] ], [ [ [ -81.429674912111537, 28.361902245888395 ], [ -81.429624544504136, 28.36189532440163 ], [ -81.429632320216996, 28.361850578311092 ], [ -81.429682687798376, 28.361857499794979 ], [ -81.429674912111537, 28.361902245888395 ] ] ], [ [ [ -81.429020133858742, 28.361812264699527 ], [ -81.428969766358605, 28.361805342902567 ], [ -81.428977542409868, 28.36176059684913 ], [ -81.429027909883999, 28.36176751864323 ], [ -81.429020133858742, 28.361812264699527 ] ] ], [ [ [ -81.429616768783035, 28.361940070486447 ], [ -81.429566401157857, 28.361933148973005 ], [ -81.429574176904978, 28.361888402891068 ], [ -81.429624544504136, 28.36189532440163 ], [ -81.429616768783035, 28.361940070486447 ] ] ], [ [ [ -81.42907050136715, 28.361819186472609 ], [ -81.429062725359728, 28.361863932525978 ], [ -81.429012357825286, 28.361857010750001 ], [ -81.429020133858742, 28.361812264699527 ], [ -81.42907050136715, 28.361819186472609 ] ] ], [ [ [ -81.429566401157857, 28.361933148973005 ], [ -81.429558625402493, 28.361977895049105 ], [ -81.429508257759522, 28.361970973508949 ], [ -81.429516033540907, 28.361926227435681 ], [ -81.429566401157857, 28.361933148973005 ] ] ], [ [ [ -81.429508257759522, 28.361970973508949 ], [ -81.429500481969882, 28.362015719576419 ], [ -81.429450114309134, 28.362008798009541 ], [ -81.429457890124795, 28.36196405194492 ], [ -81.429508257759522, 28.361970973508949 ] ] ], [ [ [ -81.429229027962052, 28.362390747409908 ], [ -81.429178660100007, 28.362383825721896 ], [ -81.4291864360939, 28.362339079720691 ], [ -81.429236803929911, 28.36234600140596 ], [ -81.429229027962052, 28.362390747409908 ] ] ], [ [ [ -81.429229027962052, 28.362390747409908 ], [ -81.429279395832339, 28.362397669074145 ], [ -81.429271619882272, 28.362442415075208 ], [ -81.42922125198595, 28.362435493408135 ], [ -81.429229027962052, 28.362390747409908 ] ] ], [ [ [ -81.429321987786849, 28.362449336718427 ], [ -81.429314211854575, 28.362494082716562 ], [ -81.429263843923977, 28.362487161070511 ], [ -81.429271619882272, 28.362442415075208 ], [ -81.429321987786849, 28.362449336718427 ] ] ], [ [ [ -81.429197924008264, 28.362569731368104 ], [ -81.429190147999222, 28.362614477343179 ], [ -81.428988676079939, 28.362586790390566 ], [ -81.42899645219309, 28.362542044426917 ], [ -81.429197924008264, 28.362569731368104 ] ] ], [ [ [ -81.42923645207901, 28.362941542379868 ], [ -81.429252004099993, 28.362852050493494 ], [ -81.429302372247108, 28.362858972138557 ], [ -81.429310148219216, 28.362814226183794 ], [ -81.429410884486131, 28.362828069396592 ], [ -81.429403108566078, 28.362872815357047 ], [ -81.429352740402479, 28.362865893759739 ], [ -81.429344964448163, 28.362910639711547 ], [ -81.429294596266757, 28.362903718087509 ], [ -81.429286820278179, 28.362948464030634 ], [ -81.42923645207901, 28.362941542379868 ] ] ], [ [ [ -81.428783138657721, 28.362879246449111 ], [ -81.428732770541046, 28.362872324559689 ], [ -81.428740546815987, 28.362827578647959 ], [ -81.428790914906614, 28.362834500534515 ], [ -81.428783138657721, 28.362879246449111 ] ] ], [ [ [ -81.428976835053888, 28.362951679688312 ], [ -81.428926466878181, 28.362944757891515 ], [ -81.428934243057213, 28.362900011974141 ], [ -81.428984611206886, 28.362906933768095 ], [ -81.428976835053888, 28.362951679688312 ] ] ], [ [ [ -81.429027203237851, 28.362958601461258 ], [ -81.429019427102631, 28.363003347378534 ], [ -81.428969058892648, 28.362996425602748 ], [ -81.428976835053888, 28.362951679688312 ], [ -81.429027203237851, 28.362958601461258 ] ] ], [ [ [ -81.428868322497422, 28.362982581979555 ], [ -81.428817954312194, 28.362975660132168 ], [ -81.428825730551537, 28.36293091422629 ], [ -81.428876098710731, 28.362937836070834 ], [ -81.428868322497422, 28.362982581979555 ] ] ], [ [ [ -81.429573477957035, 28.363079485337344 ], [ -81.429523109656287, 28.363072563824065 ], [ -81.429530885531165, 28.363027817878201 ], [ -81.429581253805878, 28.363034739388652 ], [ -81.429573477957035, 28.363079485337344 ] ] ], [ [ [ -81.428817954312194, 28.362975660132168 ], [ -81.428810178064609, 28.363020406032298 ], [ -81.428759809861603, 28.363013484158156 ], [ -81.428767586135208, 28.362968738260886 ], [ -81.428817954312194, 28.362975660132168 ] ] ], [ [ [ -81.429062019203457, 28.363055015044882 ], [ -81.429112387455973, 28.363061936775811 ], [ -81.429104611356351, 28.363106682687263 ], [ -81.429154979643158, 28.363113604397178 ], [ -81.429147203561342, 28.363158350305689 ], [ -81.429298308549349, 28.363179115300866 ], [ -81.429274980488785, 28.363313353017478 ], [ -81.429325348912712, 28.363320274643357 ], [ -81.429317572902093, 28.363365020540186 ], [ -81.429166467576934, 28.363344255582309 ], [ -81.42918201974615, 28.363254763800036 ], [ -81.429131651372998, 28.363247842105373 ], [ -81.429139427471284, 28.363203096208434 ], [ -81.429089059132423, 28.363196174492824 ], [ -81.429096835248501, 28.363151428592932 ], [ -81.429046466943916, 28.363144506856283 ], [ -81.429054243077815, 28.363099760953464 ], [ -81.429003874807492, 28.363092839195843 ], [ -81.429019427102631, 28.363003347378534 ], [ -81.429069795320856, 28.363010269130491 ], [ -81.429062019203457, 28.363055015044882 ] ] ], [ [ [ -81.429635335475808, 28.363317057977852 ], [ -81.429534598589228, 28.363303214994289 ], [ -81.429542374479254, 28.363258469074474 ], [ -81.429592742892368, 28.363265390575311 ], [ -81.429600518748131, 28.363220644646873 ], [ -81.429650887143481, 28.363227566121036 ], [ -81.429635335475808, 28.363317057977852 ] ] ], [ [ [ -81.428879809630999, 28.363213233274251 ], [ -81.428864257149414, 28.363302725022237 ], [ -81.42876352040625, 28.36328888131133 ], [ -81.428771296703218, 28.363244135445953 ], [ -81.428821665044651, 28.363251057310453 ], [ -81.428829441307371, 28.363206311436429 ], [ -81.428879809630999, 28.363213233274251 ] ] ], [ [ [ -81.429166467576934, 28.363344255582309 ], [ -81.429158691479984, 28.363389001464746 ], [ -81.429108323028728, 28.363382079761543 ], [ -81.429116099151713, 28.363337333881958 ], [ -81.429166467576934, 28.363344255582309 ] ] ], [ [ [ -81.42876352040625, 28.36328888131133 ], [ -81.428755744101025, 28.363333627170906 ], [ -81.428705375715779, 28.363326705276766 ], [ -81.428713152047024, 28.363281959420028 ], [ -81.42876352040625, 28.36328888131133 ] ] ], [ [ [ -81.429360165367484, 28.36341668803896 ], [ -81.429309796883231, 28.363409766431193 ], [ -81.429317572902093, 28.363365020540186 ], [ -81.429367941360312, 28.363371942145054 ], [ -81.429360165367484, 28.36341668803896 ] ] ], [ [ [ -81.429100546897502, 28.363426825635376 ], [ -81.429050178428483, 28.363419903905427 ], [ -81.42905795458573, 28.363375158034469 ], [ -81.429108323028728, 28.363382079761543 ], [ -81.429100546897502, 28.363426825635376 ] ] ], [ [ [ -81.429538311671493, 28.363578611912597 ], [ -81.429530535749848, 28.363623357794786 ], [ -81.429480167128474, 28.363616436271009 ], [ -81.42948794307614, 28.363571690391719 ], [ -81.429538311671493, 28.363578611912597 ] ] ], [ [ [ -81.429522759819989, 28.363668103671149 ], [ -81.429530535749848, 28.363623357794786 ], [ -81.429580904379492, 28.363630279294647 ], [ -81.429573128475653, 28.363675025173908 ], [ -81.429522759819989, 28.363668103671149 ] ] ], [ [ [ -81.429456839236053, 28.363750673874307 ], [ -81.429449063255447, 28.363795419730511 ], [ -81.429398694538179, 28.363788498171512 ], [ -81.429406470544819, 28.363743752318165 ], [ -81.429456839236053, 28.363750673874307 ] ] ], [ [ [ -81.429038337551248, 28.363784792417654 ], [ -81.428987968873955, 28.363777870664915 ], [ -81.428995745097083, 28.363733124840198 ], [ -81.428945376454095, 28.363726203066424 ], [ -81.428953152695016, 28.363681457238794 ], [ -81.429053889937222, 28.363695300756845 ], [ -81.429046113748342, 28.363740046590166 ], [ -81.429096482407857, 28.363746968316224 ], [ -81.429080930057481, 28.363836459971271 ], [ -81.429030561345897, 28.363829538239457 ], [ -81.429038337551248, 28.363784792417654 ] ] ], [ [ [ -81.428728349249724, 28.363788007347594 ], [ -81.428627611950333, 28.363774163526081 ], [ -81.428635388363944, 28.363729417727171 ], [ -81.428736125611266, 28.363743261542975 ], [ -81.428728349249724, 28.363788007347594 ] ] ], [ [ [ -81.429340549788265, 28.363826322433276 ], [ -81.429332773739119, 28.363871068272225 ], [ -81.429282404986296, 28.363864146659736 ], [ -81.429290181061461, 28.363819400823701 ], [ -81.429340549788265, 28.363826322433276 ] ] ], [ [ [ -81.428991680195693, 28.364053267261493 ], [ -81.428983903940946, 28.364098013048544 ], [ -81.428933535081427, 28.364091091275732 ], [ -81.428925758792403, 28.364135837054175 ], [ -81.428825021046038, 28.364121993431262 ], [ -81.428809468339182, 28.364211484959345 ], [ -81.428658361625338, 28.364190719328853 ], [ -81.42866613806099, 28.364145973576289 ], [ -81.428716506931323, 28.364152895474128 ], [ -81.428724283332699, 28.364108149712919 ], [ -81.42877465218524, 28.364115071584052 ], [ -81.428790204911238, 28.364025580038547 ], [ -81.428840573719967, 28.364032501880107 ], [ -81.428856126360955, 28.363943010305778 ], [ -81.429057601470149, 28.363970697410391 ], [ -81.42904204903742, 28.364060189007581 ], [ -81.428991680195693, 28.364053267261493 ] ] ], [ [ [ -81.429235748362302, 28.364132621554592 ], [ -81.429243524486893, 28.364087875753221 ], [ -81.429344262261139, 28.364101718982866 ], [ -81.429336486188618, 28.364146464789943 ], [ -81.429386855114146, 28.364153386371832 ], [ -81.429371302996472, 28.364242877974338 ], [ -81.429270565049535, 28.364229034775263 ], [ -81.429286117271332, 28.36413954318418 ], [ -81.429235748362302, 28.364132621554592 ] ] ], [ [ [ -81.429053536791642, 28.364290839635824 ], [ -81.429103905780053, 28.364297761348432 ], [ -81.429096129562254, 28.364342507115129 ], [ -81.429196867615872, 28.364356350474544 ], [ -81.429181315259655, 28.364445842002059 ], [ -81.429130946176642, 28.364438920328599 ], [ -81.42912316996015, 28.36448366608079 ], [ -81.429022431766811, 28.364469822656506 ], [ -81.429014655490022, 28.364514568397219 ], [ -81.428964286379696, 28.364507646646445 ], [ -81.428956510068645, 28.364552392378506 ], [ -81.428805402709074, 28.364531626974411 ], [ -81.428813179098242, 28.364486881250922 ], [ -81.428762810020928, 28.364479959404679 ], [ -81.42878613921711, 28.364345722208025 ], [ -81.428836508216335, 28.364352644045699 ], [ -81.428844284572548, 28.364307898299067 ], [ -81.428894653553996, 28.364314820110003 ], [ -81.428902429875947, 28.364270074354735 ], [ -81.428952798839589, 28.364276996138958 ], [ -81.428960575127277, 28.364232250375021 ], [ -81.429061313027276, 28.364246093866182 ], [ -81.429053536791642, 28.364290839635824 ] ] ], [ [ [ -81.428836153536082, 28.364948181903728 ], [ -81.428785784181912, 28.364941260076627 ], [ -81.42879356061917, 28.364896514402307 ], [ -81.428843929947291, 28.364903436226598 ], [ -81.428836153536082, 28.364948181903728 ] ] ], [ [ [ -81.429413545326156, 28.364890083283566 ], [ -81.429397993101176, 28.364979574718127 ], [ -81.42934762368229, 28.364972653156403 ], [ -81.429339847531423, 28.365017398862133 ], [ -81.429239108666337, 28.365003555661399 ], [ -81.42922355623574, 28.365093047044112 ], [ -81.429173186763506, 28.365086125402225 ], [ -81.429165410509825, 28.365130871082034 ], [ -81.429014302064544, 28.365110106004575 ], [ -81.429022078396315, 28.365065360333332 ], [ -81.429072447843794, 28.365072282046835 ], [ -81.429088000430596, 28.364982790681253 ], [ -81.429138369834263, 28.364989712365151 ], [ -81.429146146089266, 28.364944966670848 ], [ -81.42929725427166, 28.364965731570816 ], [ -81.429305030440332, 28.364920985862174 ], [ -81.429355399824942, 28.364927907444915 ], [ -81.429363175959338, 28.364883161727597 ], [ -81.429413545326156, 28.364890083283566 ] ] ], [ [ [ -81.428378762366947, 28.365206026036969 ], [ -81.42838653904407, 28.365161280423145 ], [ -81.428336169599731, 28.365154358388011 ], [ -81.428359499659805, 28.365020121520391 ], [ -81.428409869026041, 28.365027043546956 ], [ -81.428402092373631, 28.36507178917816 ], [ -81.428452461774143, 28.36507871118372 ], [ -81.428444685139524, 28.365123456811993 ], [ -81.428495054574327, 28.365130378796565 ], [ -81.428479501332447, 28.365219870041432 ], [ -81.428378762366947, 28.365206026036969 ] ] ], [ [ [ -81.428789494895852, 28.365216655845302 ], [ -81.4286887558834, 28.365202812132946 ], [ -81.428696532396089, 28.365158066496189 ], [ -81.428797271356473, 28.365171910202818 ], [ -81.428789494895852, 28.365216655845302 ] ] ], [ [ [ -81.428680979362468, 28.365247557763894 ], [ -81.428630609842585, 28.365240635869114 ], [ -81.428638386389537, 28.365195890240987 ], [ -81.4286887558834, 28.365202812132946 ], [ -81.428680979362468, 28.365247557763894 ] ] ], [ [ [ -81.42903356623269, 28.36529601035955 ], [ -81.428983196655039, 28.365289088631769 ], [ -81.428990973019765, 28.365244342983626 ], [ -81.429041342571381, 28.365251264708569 ], [ -81.42903356623269, 28.36529601035955 ] ] ], [ [ [ -81.428580240330945, 28.365233713950385 ], [ -81.428564687160261, 28.365323205183564 ], [ -81.428615056723956, 28.36533012710796 ], [ -81.428607280152292, 28.365374872718728 ], [ -81.428657649750278, 28.365381794622127 ], [ -81.428649873196406, 28.365426540229947 ], [ -81.428750612469187, 28.365440383970871 ], [ -81.428719506379636, 28.365619366367273 ], [ -81.42861876689858, 28.365605522603474 ], [ -81.428626543485379, 28.365560777018768 ], [ -81.428576173783256, 28.365553855103911 ], [ -81.428599503572386, 28.36541961832372 ], [ -81.428549133956622, 28.365412696393577 ], [ -81.428556910562548, 28.365367950791445 ], [ -81.428506540981076, 28.36536102884028 ], [ -81.428522094220313, 28.365271537624448 ], [ -81.428471724699151, 28.365264615655139 ], [ -81.428479501332447, 28.365219870041432 ], [ -81.428580240330945, 28.365233713950385 ] ] ], [ [ [ -81.428398025158842, 28.365391930460003 ], [ -81.428390248466556, 28.365436676047754 ], [ -81.428289509257226, 28.365422831967013 ], [ -81.428297286001566, 28.365378086384972 ], [ -81.428398025158842, 28.365391930460003 ] ] ], [ [ [ -81.428928761871376, 28.365602308006618 ], [ -81.428920985440783, 28.365647053608463 ], [ -81.428870615663101, 28.365640131833942 ], [ -81.428878392119756, 28.365595386235004 ], [ -81.428928761871376, 28.365602308006618 ] ] ], [ [ [ -81.429056542093562, 28.365757309992308 ], [ -81.42900617223907, 28.365750388283683 ], [ -81.429013948634079, 28.365705642687701 ], [ -81.429064318462522, 28.365712564393451 ], [ -81.429056542093562, 28.365757309992308 ] ] ], [ [ [ -81.428746546557008, 28.365760524958503 ], [ -81.428696176725992, 28.365753603103816 ], [ -81.428719506379636, 28.365619366367273 ], [ -81.428769876132549, 28.36562628821337 ], [ -81.428746546557008, 28.365760524958503 ] ] ], [ [ [ -81.428688400158308, 28.365798348671092 ], [ -81.428638030309514, 28.365791426789713 ], [ -81.428645806903234, 28.365746681225293 ], [ -81.428696176725992, 28.365753603103816 ], [ -81.428688400158308, 28.365798348671092 ] ] ], [ [ [ -81.428587660468978, 28.365784504884445 ], [ -81.428638030309514, 28.365791426789713 ], [ -81.428630253707567, 28.365836172348324 ], [ -81.428579883840982, 28.365829250440203 ], [ -81.428587660468978, 28.365784504884445 ] ] ], [ [ [ -81.428579883840982, 28.365829250440203 ], [ -81.428572107204772, 28.36587399599021 ], [ -81.428471367444303, 28.365860152096701 ], [ -81.428479144132595, 28.365815406552382 ], [ -81.428579883840982, 28.365829250440203 ] ] ], [ [ [ -81.428304704308019, 28.365928877131473 ], [ -81.428254334412841, 28.365921955071578 ], [ -81.428262111221741, 28.365877209550241 ], [ -81.42831248109087, 28.365884131607299 ], [ -81.428304704308019, 28.365928877131473 ] ] ], [ [ [ -81.428606923852286, 28.365970408989593 ], [ -81.428657293805216, 28.365977330882398 ], [ -81.428665070405842, 28.365932585338264 ], [ -81.428765810284389, 28.365946429046627 ], [ -81.428758033735818, 28.365991174596473 ], [ -81.428707663766389, 28.365984252751378 ], [ -81.428699887183555, 28.366028998292606 ], [ -81.428649517196362, 28.366022076420794 ], [ -81.428633963953928, 28.366111567480186 ], [ -81.428583593922895, 28.366104645578801 ], [ -81.428606923852286, 28.365970408989593 ] ] ], [ [ [ -81.42843248387932, 28.366083879731388 ], [ -81.42841693039567, 28.366173370744754 ], [ -81.42836656034558, 28.366166448742181 ], [ -81.428382113881298, 28.366076957734514 ], [ -81.42843248387932, 28.366083879731388 ] ] ], [ [ [ -81.428703597665333, 28.366304393283645 ], [ -81.428711374271529, 28.366259647774271 ], [ -81.428661004145894, 28.366252725911981 ], [ -81.428668780769897, 28.36620798039969 ], [ -81.428618410678553, 28.366201058516431 ], [ -81.428633963953928, 28.366111567480186 ], [ -81.428785074096524, 28.366132333041204 ], [ -81.428769520977355, 28.366221824094609 ], [ -81.428819891093454, 28.366228745906287 ], [ -81.428804337993427, 28.36631823694227 ], [ -81.428703597665333, 28.366304393283645 ] ] ], [ [ [ -81.428467300454017, 28.366180292723485 ], [ -81.428459523725877, 28.366225038224325 ], [ -81.428409153641496, 28.366218116242781 ], [ -81.42841693039567, 28.366173370744754 ], [ -81.428467300454017, 28.366180292723485 ] ] ], [ [ [ -81.428614344228919, 28.366521198864476 ], [ -81.428563973955335, 28.366514276961194 ], [ -81.428571750654783, 28.366469531486448 ], [ -81.428622120902347, 28.366476453386809 ], [ -81.428614344228919, 28.366521198864476 ] ] ], [ [ [ -81.428951383368045, 28.366659142496996 ], [ -81.428901012984625, 28.366652220755071 ], [ -81.428908789518303, 28.366607475271849 ], [ -81.428858419169174, 28.366600553508903 ], [ -81.428866195720644, 28.366555808022824 ], [ -81.428815825405792, 28.366548886238849 ], [ -81.428831378536131, 28.366459395255003 ], [ -81.428881748798901, 28.366466317033229 ], [ -81.428873972263901, 28.366511062530911 ], [ -81.428924342560961, 28.366517984288098 ], [ -81.428916566043753, 28.366562729782853 ], [ -81.428966936375105, 28.366569651519107 ], [ -81.428951383368045, 28.366659142496996 ] ] ], [ [ [ -81.428664714510759, 28.36652812074384 ], [ -81.428656937855138, 28.366572866218519 ], [ -81.428606567547263, 28.36656594433628 ], [ -81.428614344228919, 28.366521198864476 ], [ -81.428664714510759, 28.36652812074384 ] ] ], [ [ [ -81.428769165817172, 28.366817359051726 ], [ -81.428718795354357, 28.36681043722675 ], [ -81.428726571999093, 28.366765691775278 ], [ -81.428676201570568, 28.36675876992933 ], [ -81.428691754887396, 28.366669279014697 ], [ -81.428641384519196, 28.36666235715056 ], [ -81.428656937855138, 28.366572866218519 ], [ -81.428707308171269, 28.366579788076937 ], [ -81.428699531533454, 28.366624533548695 ], [ -81.428749901883862, 28.366631455386102 ], [ -81.428734348635587, 28.366720946317997 ], [ -81.42878471904632, 28.3667278681372 ], [ -81.428769165817172, 28.366817359051726 ] ] ], [ [ [ -81.429071388767284, 28.366858889500332 ], [ -81.428970647750901, 28.3668450461129 ], [ -81.428986200771774, 28.366755555175519 ], [ -81.42908694168402, 28.366769398551497 ], [ -81.429071388767284, 28.366858889500332 ] ] ], [ [ [ -81.428819536288216, 28.366824280852789 ], [ -81.428811759687321, 28.366869026304251 ], [ -81.428761389190242, 28.366862104500285 ], [ -81.428769165817172, 28.366817359051726 ], [ -81.428819536288216, 28.366824280852789 ] ] ], [ [ [ -81.428865841240366, 28.367151342462002 ], [ -81.428815470570569, 28.367144420688636 ], [ -81.428823247194842, 28.367099675269028 ], [ -81.428873617838605, 28.367106597039548 ], [ -81.428865841240366, 28.367151342462002 ] ] ], [ [ [ -81.428699175878322, 28.367220067880677 ], [ -81.428598434492343, 28.367206224155446 ], [ -81.428606211237224, 28.36716147875887 ], [ -81.428706952571133, 28.367175322478381 ], [ -81.428699175878322, 28.367220067880677 ] ] ], [ [ [ -81.428323250497215, 28.367305850536987 ], [ -81.428315473589208, 28.367350595896148 ], [ -81.428265102845714, 28.367343673866994 ], [ -81.428272879779755, 28.367298928510706 ], [ -81.428323250497215, 28.367305850536987 ] ] ], [ [ [ -81.428214732110476, 28.367336751813998 ], [ -81.428206955142173, 28.367381497161617 ], [ -81.428156584389143, 28.367374575081872 ], [ -81.428164361383494, 28.367329829737077 ], [ -81.428214732110476, 28.367336751813998 ] ] ], [ [ [ -81.428156584389143, 28.367374575081872 ], [ -81.428148807386563, 28.367419320420922 ], [ -81.428048065853218, 28.3674054761841 ], [ -81.428055842907867, 28.367360730850777 ], [ -81.428156584389143, 28.367374575081872 ] ] ], [ [ [ -81.428946964247473, 28.367574816257925 ], [ -81.428896593318612, 28.367567894530396 ], [ -81.428904369938891, 28.367523149154273 ], [ -81.428954740841732, 28.3675300708789 ], [ -81.428946964247473, 28.367574816257925 ] ] ], [ [ [ -81.428028442987625, 28.367815106079806 ], [ -81.428078813992755, 28.367822028212032 ], [ -81.428063259814635, 28.367911518768672 ], [ -81.427962517708508, 28.367897674468939 ], [ -81.427954740555037, 28.367942419732877 ], [ -81.427904369488317, 28.367935497544391 ], [ -81.427919923839099, 28.367846007016436 ], [ -81.428020665876659, 28.367859851358169 ], [ -81.428028442987625, 28.367815106079806 ] ] ], [ [ [ -81.428384749719953, 28.368138954189785 ], [ -81.428408080526864, 28.368004718355518 ], [ -81.428458451676093, 28.368011640305372 ], [ -81.428466228569221, 28.367966895012881 ], [ -81.428566970840407, 28.367980738835268 ], [ -81.428559193999348, 28.368025484133501 ], [ -81.428609565173346, 28.368032406011771 ], [ -81.428594011518584, 28.368121896596591 ], [ -81.428543640292517, 28.368114974712643 ], [ -81.428535863426745, 28.368159719993518 ], [ -81.428384749719953, 28.368138954189785 ] ] ], [ [ [ -81.428299561273661, 28.368035619662411 ], [ -81.428284007290003, 28.368125110201341 ], [ -81.428233636087413, 28.368118188171326 ], [ -81.42824141310939, 28.368073442907566 ], [ -81.428191041941091, 28.368066520856544 ], [ -81.428198818980874, 28.368021775589906 ], [ -81.428299561273661, 28.368035619662411 ] ] ], [ [ [ -81.428140670781048, 28.36805959878167 ], [ -81.428132893706987, 28.368104344039693 ], [ -81.427981780198252, 28.368083577663192 ], [ -81.427989557350401, 28.368038832413752 ], [ -81.428140670781048, 28.36805959878167 ] ] ], [ [ [ -81.428268453273418, 28.368214600717188 ], [ -81.428218082018745, 28.368207678681451 ], [ -81.428225859057193, 28.368162933429264 ], [ -81.428276230285817, 28.36816985546216 ], [ -81.428268453273418, 28.368214600717188 ] ] ], [ [ [ -81.428275871640949, 28.368765387395023 ], [ -81.428225500057337, 28.368758465372714 ], [ -81.428233277142567, 28.368713720184193 ], [ -81.42818290559326, 28.368706798140852 ], [ -81.428245122186752, 28.368348836447563 ], [ -81.42829549352777, 28.368355758467999 ], [ -81.428256608348789, 28.368579484583986 ], [ -81.428306979828236, 28.368586406594865 ], [ -81.428299202793752, 28.368631151803612 ], [ -81.428450317359747, 28.368651917701623 ], [ -81.428434763422302, 28.368741408118847 ], [ -81.428283648700116, 28.368720642203645 ], [ -81.428275871640949, 28.368765387395023 ] ] ], [ [ [ -81.427981419478556, 28.368679109728951 ], [ -81.427973642263169, 28.368723854903156 ], [ -81.427872899203265, 28.36871001054827 ], [ -81.427880676470721, 28.368665265379779 ], [ -81.427981419478556, 28.368679109728951 ] ] ], [ [ [ -81.428337729673814, 28.369002957266709 ], [ -81.428329952617275, 28.369047702429086 ], [ -81.428279580860973, 28.369040780437395 ], [ -81.428264026671144, 28.36913027073911 ], [ -81.428314398479515, 28.369137192736545 ], [ -81.428283290105171, 28.36931617328203 ], [ -81.428232918192649, 28.369309251273148 ], [ -81.428240695324618, 28.369264506148312 ], [ -81.428190323446387, 28.369257584118412 ], [ -81.428229209112914, 28.369033858421759 ], [ -81.428178837373096, 28.369026936382323 ], [ -81.428186614507737, 28.368982191228497 ], [ -81.428236986221506, 28.368989113265105 ], [ -81.428244763321871, 28.368944368102643 ], [ -81.428295135017848, 28.368951290112527 ], [ -81.428287357943532, 28.368996035277842 ], [ -81.428337729673814, 28.369002957266709 ] ] ], [ [ [ -81.42806217936527, 28.369698112995739 ], [ -81.428054402098837, 28.369742858057052 ], [ -81.427953657810832, 28.369729013815068 ], [ -81.427961435129319, 28.369684268759425 ], [ -81.427911063023728, 28.369677346605517 ], [ -81.427926617688058, 28.369587856482688 ], [ -81.42797698974158, 28.369594778630933 ], [ -81.427984767035355, 28.369550033557953 ], [ -81.428035139071085, 28.369556955679489 ], [ -81.428027361803359, 28.369601700755251 ], [ -81.428128105951657, 28.369615544932401 ], [ -81.428112551495602, 28.369705035078098 ], [ -81.42806217936527, 28.369698112995739 ] ] ], [ [ [ -81.427810318837317, 28.369663502226008 ], [ -81.427759946756481, 28.369656580000466 ], [ -81.427744391902976, 28.369746070083021 ], [ -81.427593275553775, 28.369725303246106 ], [ -81.427601053062759, 28.369680558216277 ], [ -81.4275003089233, 28.369666713544685 ], [ -81.427508086476124, 28.369621968514871 ], [ -81.427608830563486, 28.369635813180693 ], [ -81.427632163016298, 28.369501578039277 ], [ -81.427732906980481, 28.369515422592539 ], [ -81.427725129556521, 28.369560167651162 ], [ -81.427775501577031, 28.369567089894833 ], [ -81.427767724170877, 28.369611834950533 ], [ -81.427818096225664, 28.369618757173207 ], [ -81.427810318837317, 28.369663502226008 ] ] ], [ [ [ -81.428511461824797, 28.370080548253128 ], [ -81.428461089437917, 28.370073626365549 ], [ -81.428468866519424, 28.370028881313203 ], [ -81.428519238880256, 28.37003580319789 ], [ -81.428511461824797, 28.370080548253128 ] ] ], [ [ [ -81.428453312348168, 28.37011837141209 ], [ -81.42840293994351, 28.370111449497827 ], [ -81.428410717059279, 28.370066704454104 ], [ -81.428461089437917, 28.370073626365549 ], [ -81.428453312348168, 28.37011837141209 ] ] ], [ [ [ -81.428352567547108, 28.370104527559633 ], [ -81.42840293994351, 28.370111449497827 ], [ -81.428395162819498, 28.370156194535703 ], [ -81.428344790397048, 28.370149272594709 ], [ -81.428352567547108, 28.370104527559633 ] ] ], [ [ [ -81.42833701323876, 28.370194017624019 ], [ -81.428286640798532, 28.370187095656298 ], [ -81.428294417982855, 28.370142350629852 ], [ -81.428344790397048, 28.370149272594709 ], [ -81.42833701323876, 28.370194017624019 ] ] ], [ [ [ -81.428162564184234, 28.370307486676648 ], [ -81.428154786914874, 28.37035223167425 ], [ -81.428104414395264, 28.370345309623495 ], [ -81.428096637091642, 28.370390054612429 ], [ -81.42804626455424, 28.370383132534936 ], [ -81.428061819205311, 28.370293642556963 ], [ -81.428112191690644, 28.370300564628746 ], [ -81.428119968977782, 28.370255819628191 ], [ -81.428170341445337, 28.370262741673255 ], [ -81.428178118698199, 28.370217996664124 ], [ -81.428228491147962, 28.370224918682485 ], [ -81.428236268366561, 28.370180173664679 ], [ -81.428286640798532, 28.370187095656298 ], [ -81.428271086405175, 28.370276585691762 ], [ -81.428220713921135, 28.370269663694511 ], [ -81.428212936686052, 28.37031440870069 ], [ -81.428162564184234, 28.370307486676648 ] ] ], [ [ [ -81.42804626455424, 28.370383132534936 ], [ -81.428038487216355, 28.370427877515244 ], [ -81.427988114661161, 28.370420955411046 ], [ -81.427995892025095, 28.370376210433569 ], [ -81.42804626455424, 28.370383132534936 ] ] ], [ [ [ -81.427914409894925, 28.370548268172051 ], [ -81.427864037278141, 28.370541346011535 ], [ -81.427856259829184, 28.37058609096016 ], [ -81.427805887194623, 28.370579168772856 ], [ -81.427798109711389, 28.370623913712848 ], [ -81.427747737059036, 28.370616991498878 ], [ -81.427763292069315, 28.370527501618859 ], [ -81.4278136646696, 28.370534423827106 ], [ -81.427821442136349, 28.370489678875593 ], [ -81.427871814718841, 28.370496601057102 ], [ -81.427879592151314, 28.37045185609696 ], [ -81.427929964716029, 28.370458778251738 ], [ -81.427937742114224, 28.370414033282938 ], [ -81.427988114661161, 28.370420955411046 ], [ -81.427972559908611, 28.370510445348561 ], [ -81.427922187309591, 28.37050352321479 ], [ -81.427914409894925, 28.370548268172051 ] ] ], [ [ [ -81.427697364414925, 28.370610069261044 ], [ -81.427747737059036, 28.370616991498878 ], [ -81.42773995954154, 28.37066173643019 ], [ -81.427689586871409, 28.370654814189486 ], [ -81.427697364414925, 28.370610069261044 ] ] ], [ [ [ -81.427689586871409, 28.370654814189486 ], [ -81.427681809319637, 28.370699559112182 ], [ -81.427631436631714, 28.370692636844776 ], [ -81.42763921420952, 28.370647891924936 ], [ -81.427689586871409, 28.370654814189486 ] ] ], [ [ [ -81.428270727715088, 28.370872114356402 ], [ -81.428278504970891, 28.370827369410971 ], [ -81.42832887779214, 28.370834291370961 ], [ -81.428321100562371, 28.370879036319266 ], [ -81.428270727715088, 28.370872114356402 ] ] ], [ [ [ -81.428270727715088, 28.370872114356402 ], [ -81.428262950451057, 28.370916859296049 ], [ -81.428212577585981, 28.370909937306436 ], [ -81.428220354876061, 28.370865192369653 ], [ -81.428270727715088, 28.370872114356402 ] ] ], [ [ [ -81.427456985600301, 28.370806104598405 ], [ -81.427464763280923, 28.370761359704506 ], [ -81.42751513599616, 28.370768282049251 ], [ -81.427522913642505, 28.370723537146649 ], [ -81.427573286339964, 28.370730459464667 ], [ -81.427581063952033, 28.370685714553488 ], [ -81.427631436631714, 28.370692636844776 ], [ -81.427615881451388, 28.370782126667084 ], [ -81.427565508719653, 28.370775204370066 ], [ -81.427557731091085, 28.370819949269752 ], [ -81.427507358341558, 28.370813026946013 ], [ -81.427499580678742, 28.37085777183697 ], [ -81.427449207911422, 28.370850849486537 ], [ -81.42744143021433, 28.370895594368879 ], [ -81.427391057429233, 28.370888671991693 ], [ -81.427383279697864, 28.370933416865423 ], [ -81.427332906894975, 28.370926494461557 ], [ -81.427325129129329, 28.37097123932659 ], [ -81.427274756308677, 28.37096431689594 ], [ -81.42726697850874, 28.371009061752424 ], [ -81.427216605670296, 28.371002139295058 ], [ -81.427208827836097, 28.371046884142839 ], [ -81.427158454979875, 28.371039961658806 ], [ -81.427174010692099, 28.370950471963123 ], [ -81.427224383496267, 28.370957394441458 ], [ -81.427232161313981, 28.37091264958211 ], [ -81.427282534100357, 28.370919572033753 ], [ -81.427290311883795, 28.37087482716575 ], [ -81.427340684652393, 28.370881749590648 ], [ -81.427348462401568, 28.370837004714041 ], [ -81.42739883515236, 28.370843927112197 ], [ -81.427406612867273, 28.370799182226932 ], [ -81.427456985600301, 28.370806104598405 ] ] ], [ [ [ -81.428146650072236, 28.370992505143455 ], [ -81.428138872731424, 28.37103725006008 ], [ -81.42808849980473, 28.371030328014136 ], [ -81.428096277171605, 28.370985583100463 ], [ -81.428146650072236, 28.370992505143455 ] ] ], [ [ [ -81.42808849980473, 28.371030328014136 ], [ -81.428080722429655, 28.37107507292211 ], [ -81.428030349485184, 28.371068150849492 ], [ -81.428038126886321, 28.371023405944388 ], [ -81.42808849980473, 28.371030328014136 ] ] ], [ [ [ -81.427906271211995, 28.37118854129605 ], [ -81.427914048689914, 28.371143796413985 ], [ -81.427964421669927, 28.371150718540115 ], [ -81.427956644218057, 28.371195463425 ], [ -81.427906271211995, 28.37118854129605 ] ] ], [ [ [ -81.427906271211995, 28.37118854129605 ], [ -81.427898493725834, 28.37123328617227 ], [ -81.427848120701981, 28.371226364016618 ], [ -81.427855898214176, 28.37118161914325 ], [ -81.427906271211995, 28.37118854129605 ] ] ], [ [ [ -81.427848120701981, 28.371226364016618 ], [ -81.427840343181558, 28.371271108884205 ], [ -81.427789970139926, 28.37126418670184 ], [ -81.427797747686384, 28.371219441837074 ], [ -81.427848120701981, 28.371226364016618 ] ] ], [ [ [ -81.427665891236387, 28.371384576807881 ], [ -81.427658113604892, 28.371429321643781 ], [ -81.427607740483879, 28.371422399378353 ], [ -81.427615518141394, 28.371377654545306 ], [ -81.427665891236387, 28.371384576807881 ] ] ], [ [ [ -81.427607740483879, 28.371422399378353 ], [ -81.427599962818121, 28.371467144205635 ], [ -81.427549589679302, 28.37146022191348 ], [ -81.427557367371108, 28.371415477089041 ], [ -81.427607740483879, 28.371422399378353 ] ] ], [ [ [ -81.42741773236861, 28.371625356474564 ], [ -81.427367359150409, 28.371618434099382 ], [ -81.427375136953259, 28.371573689306672 ], [ -81.427425510145426, 28.371580611678976 ], [ -81.42741773236861, 28.371625356474564 ] ] ], [ [ [ -81.428080362394525, 28.371670600347461 ], [ -81.428181109018169, 28.371684444400014 ], [ -81.428173331631925, 28.371729189238476 ], [ -81.428122958289933, 28.371722267221276 ], [ -81.42810740344062, 28.371811756875168 ], [ -81.42800665667724, 28.371797912757717 ], [ -81.428014434158086, 28.371753167939424 ], [ -81.4280648075096, 28.371760090007186 ], [ -81.428080362394525, 28.371670600347461 ] ] ], [ [ [ -81.427359581339303, 28.371663178886322 ], [ -81.427309208103324, 28.371656256484389 ], [ -81.427316985940465, 28.371611511700294 ], [ -81.427367359150409, 28.371618434099382 ], [ -81.427359581339303, 28.371663178886322 ] ] ], [ [ [ -81.427258834875602, 28.371649334058617 ], [ -81.427309208103324, 28.371656256484389 ], [ -81.427301430257955, 28.371701001262682 ], [ -81.427251057004199, 28.371694078834086 ], [ -81.427258834875602, 28.371649334058617 ] ] ], [ [ [ -81.427251057004199, 28.371694078834086 ], [ -81.427243279124554, 28.37173882360371 ], [ -81.427192905853005, 28.371731901148369 ], [ -81.427200683758699, 28.371687156381608 ], [ -81.427251057004199, 28.371694078834086 ] ] ], [ [ [ -81.428049252591762, 28.371849579643762 ], [ -81.42804147512048, 28.371894324453393 ], [ -81.427991101690836, 28.371887402377048 ], [ -81.427983324185277, 28.371932147178025 ], [ -81.427882577298689, 28.371918302947982 ], [ -81.427890354856316, 28.371873558152668 ], [ -81.427940728269448, 28.371880480276808 ], [ -81.427948505792813, 28.371835735472885 ], [ -81.428049252591762, 28.371849579643762 ] ] ], [ [ [ -81.427882577298689, 28.371918302947982 ], [ -81.42787479973282, 28.371963047737449 ], [ -81.427824426275862, 28.371956125583754 ], [ -81.427832203867766, 28.371911380797155 ], [ -81.427882577298689, 28.371918302947982 ] ] ], [ [ [ -81.427909618093651, 28.372059459434631 ], [ -81.427901840529103, 28.372104204209631 ], [ -81.427952214080676, 28.372111126324135 ], [ -81.427944436533934, 28.372155871096247 ], [ -81.42804518371392, 28.372169715259396 ], [ -81.428029628699875, 28.372259204797668 ], [ -81.427928881415738, 28.372245360623047 ], [ -81.42793665897895, 28.372200615862535 ], [ -81.427785538192765, 28.372179849430214 ], [ -81.42777776055145, 28.372224594182128 ], [ -81.427677013349836, 28.372210749768829 ], [ -81.427684791043248, 28.372166005022642 ], [ -81.427584043926743, 28.372152160519594 ], [ -81.427591821663981, 28.372107415773346 ], [ -81.427642195192078, 28.37211433803391 ], [ -81.42764997289504, 28.372069593278976 ], [ -81.427700346405345, 28.372076515512855 ], [ -81.427715901734501, 28.371987025979934 ], [ -81.427816648675716, 28.372000870364591 ], [ -81.427808871067342, 28.372045615139658 ], [ -81.427909618093651, 28.372059459434631 ] ] ], [ [ [ -81.427769982901864, 28.372269338928319 ], [ -81.42777776055145, 28.372224594182128 ], [ -81.427828134164628, 28.372231516352961 ], [ -81.427820356541091, 28.372276261101991 ], [ -81.427769982901864, 28.372269338928319 ] ] ], [ [ [ -81.427378478375743, 28.372444606588228 ], [ -81.427370700494478, 28.372489351279707 ], [ -81.427269953043918, 28.372475506492307 ], [ -81.427277730977238, 28.372430761806541 ], [ -81.427378478375743, 28.372444606588228 ] ] ], [ [ [ -81.427421074232157, 28.372496273637609 ], [ -81.427471447978078, 28.372503195971657 ], [ -81.427502559245369, 28.372324217148218 ], [ -81.427552932895395, 28.37233113944696 ], [ -81.427560710665588, 28.372286394723798 ], [ -81.427661457938314, 28.372300239243966 ], [ -81.427653680220203, 28.37234498397283 ], [ -81.427804801269318, 28.372365750582698 ], [ -81.427797023621082, 28.372410495314377 ], [ -81.427948144822594, 28.372431261718003 ], [ -81.427917034459711, 28.372610240621242 ], [ -81.427866660613461, 28.372603318499149 ], [ -81.427827772344344, 28.372827041983808 ], [ -81.427727024416228, 28.372813197639427 ], [ -81.427719246685626, 28.372857942313331 ], [ -81.427819994665811, 28.372871786663467 ], [ -81.427804439284017, 28.372961276005313 ], [ -81.427653317169899, 28.372940509427146 ], [ -81.427668872707912, 28.372851020102466 ], [ -81.427618498738454, 28.37284409786772 ], [ -81.427626276521138, 28.372799353199564 ], [ -81.427575902585971, 28.372792430943814 ], [ -81.427591458178725, 28.372702941595858 ], [ -81.427541084303897, 28.372696019321953 ], [ -81.427548862113937, 28.372651274642202 ], [ -81.4274984882734, 28.372644352347294 ], [ -81.427506266101261, 28.372599607664576 ], [ -81.427405518497011, 28.372585763008892 ], [ -81.427421074232157, 28.372496273637609 ] ] ], [ [ [ -81.427660731942609, 28.373491289367792 ], [ -81.427610357592116, 28.37348436714079 ], [ -81.427633691105214, 28.373350133344566 ], [ -81.427684065377605, 28.373357055563005 ], [ -81.427660731942609, 28.373491289367792 ] ] ], [ [ [ -81.427587024004865, 28.373618600885024 ], [ -81.427536649584511, 28.373611678625533 ], [ -81.427552205369651, 28.373522189474222 ], [ -81.427602579737936, 28.373529111727958 ], [ -81.427587024004865, 28.373618600885024 ] ] ], [ [ [ -81.427486275172413, 28.373604756342218 ], [ -81.427536649584511, 28.373611678625533 ], [ -81.427528871679598, 28.373656423192511 ], [ -81.427478497241438, 28.373649500906343 ], [ -81.427486275172413, 28.373604756342218 ] ] ], [ [ [ -81.427462941354804, 28.373738990017259 ], [ -81.427412566872832, 28.373732067701479 ], [ -81.427420344846297, 28.373687323151753 ], [ -81.427470719302235, 28.373694245464694 ], [ -81.427462941354804, 28.373738990017259 ] ] ], [ [ [ -81.42740478889111, 28.373776812245371 ], [ -81.42735441439136, 28.373769889902903 ], [ -81.427362192399102, 28.373725145361849 ], [ -81.427412566872832, 28.373732067701479 ], [ -81.42740478889111, 28.373776812245371 ] ] ], [ [ [ -81.427850382004721, 28.37388385681783 ], [ -81.427800007404656, 28.37387693468726 ], [ -81.427807785186303, 28.37383219012624 ], [ -81.427858159760333, 28.373839112253954 ], [ -81.427850382004721, 28.37388385681783 ] ] ], [ [ [ -81.427338858351135, 28.373859378967712 ], [ -81.427288483807558, 28.373852456595614 ], [ -81.427296261857819, 28.373807712068981 ], [ -81.427346636375361, 28.373814634438226 ], [ -81.427338858351135, 28.373859378967712 ] ] ], [ [ [ -81.427238109272238, 28.373845534199706 ], [ -81.427288483807558, 28.373852456595614 ], [ -81.427280705749055, 28.373897201116485 ], [ -81.427230331187687, 28.373890278717685 ], [ -81.427238109272238, 28.373845534199706 ] ] ], [ [ [ -81.427222553094907, 28.373935023229908 ], [ -81.427172178515761, 28.373928100804356 ], [ -81.427179956634575, 28.373883356294986 ], [ -81.427230331187687, 28.373890278717685 ], [ -81.427222553094907, 28.373935023229908 ] ] ], [ [ [ -81.427164400388705, 28.373972845307989 ], [ -81.427114025791766, 28.373965922855763 ], [ -81.427121803944871, 28.373921178354983 ], [ -81.427172178515761, 28.373928100804356 ], [ -81.427164400388705, 28.373972845307989 ] ] ], [ [ [ -81.427609994231574, 28.374079890827907 ], [ -81.427559619534307, 28.374072968587591 ], [ -81.427567397461289, 28.374028224066898 ], [ -81.427617772132507, 28.374035146304372 ], [ -81.427609994231574, 28.374079890827907 ] ] ], [ [ [ -81.427106247630434, 28.374010667350653 ], [ -81.427005498409258, 28.373996822368831 ], [ -81.42701327662266, 28.373952077879601 ], [ -81.427114025791766, 28.373965922855763 ], [ -81.427106247630434, 28.374010667350653 ] ] ], [ [ [ -81.426955123811055, 28.373989899842147 ], [ -81.427005498409258, 28.373996822368831 ], [ -81.426997720187615, 28.374041566852277 ], [ -81.426947345563363, 28.374034644322723 ], [ -81.426955123811055, 28.373989899842147 ] ] ], [ [ [ -81.427803715298111, 28.374152324079787 ], [ -81.427702965793742, 28.374138479760454 ], [ -81.427710743650849, 28.37409373523694 ], [ -81.427811493103135, 28.374107579550564 ], [ -81.427803715298111, 28.374152324079787 ] ] ], [ [ [ -81.426889192665399, 28.374072466241259 ], [ -81.426838818031612, 28.374065543661057 ], [ -81.426846596339615, 28.374020799191939 ], [ -81.426896970947354, 28.374027721769266 ], [ -81.426889192665399, 28.374072466241259 ] ] ], [ [ [ -81.427695187928393, 28.374183224278188 ], [ -81.427644813162544, 28.374176302079842 ], [ -81.427652591053942, 28.374131557565029 ], [ -81.427702965793742, 28.374138479760454 ], [ -81.427695187928393, 28.374183224278188 ] ] ], [ [ [ -81.427586660479292, 28.374214124363935 ], [ -81.427536285703937, 28.374207202114981 ], [ -81.427544063655631, 28.374162457611661 ], [ -81.427594438404967, 28.374169379857683 ], [ -81.427586660479292, 28.374214124363935 ] ] ], [ [ [ -81.427485910936809, 28.374200279842221 ], [ -81.427536285703937, 28.374207202114981 ], [ -81.427528507744, 28.374251946612596 ], [ -81.427478132950824, 28.37424502433694 ], [ -81.427485910936809, 28.374200279842221 ] ] ], [ [ [ -81.42737738338927, 28.374231179714069 ], [ -81.427478132950824, 28.37424502433694 ], [ -81.427470354956611, 28.374289768825903 ], [ -81.427419980145686, 28.374282846523492 ], [ -81.427412202117182, 28.374327591003784 ], [ -81.427261077655771, 28.374306823944966 ], [ -81.427268855762364, 28.374262079473269 ], [ -81.427369605342989, 28.374275924197285 ], [ -81.42737738338927, 28.374231179714069 ] ] ], [ [ [ -81.427202924710912, 28.374344646007369 ], [ -81.427210702851795, 28.374299901544276 ], [ -81.427261077655771, 28.374306823944966 ], [ -81.427253299540908, 28.374351568410894 ], [ -81.427202924710912, 28.374344646007369 ] ] ], [ [ [ -81.427202924710912, 28.374344646007369 ], [ -81.427195146561786, 28.374389390464675 ], [ -81.427144771713998, 28.374382468034447 ], [ -81.427152549889158, 28.374337723579945 ], [ -81.427202924710912, 28.374344646007369 ] ] ], [ [ [ -81.427136993530596, 28.374427212483095 ], [ -81.427036243807706, 28.374413367545216 ], [ -81.427044022043177, 28.374368623102281 ], [ -81.427144771713998, 28.374382468034447 ], [ -81.427136993530596, 28.374427212483095 ] ] ], [ [ [ -81.426985868958639, 28.37440644504052 ], [ -81.427036243807706, 28.374413367545216 ], [ -81.427028465563993, 28.37445811198241 ], [ -81.426978090688877, 28.374451189474833 ], [ -81.426985868958639, 28.37440644504052 ] ] ], [ [ [ -81.426970312410887, 28.374495933903319 ], [ -81.426869562633371, 28.374482088810854 ], [ -81.426877340963443, 28.374437344388046 ], [ -81.426978090688877, 28.374451189474833 ], [ -81.426970312410887, 28.374495933903319 ] ] ], [ [ [ -81.426861784295056, 28.374526833227904 ], [ -81.426761034498469, 28.374512988034212 ], [ -81.426768812888852, 28.374468243622946 ], [ -81.426869562633371, 28.374482088810854 ], [ -81.426861784295056, 28.374526833227904 ] ] ], [ [ [ -81.427148110873077, 28.375253378952976 ], [ -81.427047360163243, 28.375239534055368 ], [ -81.427055138468887, 28.375194789707884 ], [ -81.427155889126638, 28.375208634599762 ], [ -81.427148110873077, 28.375253378952976 ] ] ], [ [ [ -81.426787705089041, 28.375249665721167 ], [ -81.426779926636712, 28.375294410042823 ], [ -81.426679175938276, 28.375280564799706 ], [ -81.426686954442673, 28.375235820483748 ], [ -81.426787705089041, 28.375249665721167 ] ] ], [ [ [ -81.426857342118012, 28.375442488137931 ], [ -81.426865120542971, 28.375397743827925 ], [ -81.426965871411582, 28.375411588891549 ], [ -81.426958093038706, 28.375456333207325 ], [ -81.427058843992441, 28.375470178181221 ], [ -81.427051065663406, 28.375514922496908 ], [ -81.42674881274506, 28.375473387271651 ], [ -81.42675659123033, 28.375428642973109 ], [ -81.426857342118012, 28.375442488137931 ] ] ], [ [ [ -81.427101441178678, 28.375521844950924 ], [ -81.427085884547978, 28.375611333570671 ], [ -81.427136260123589, 28.375618256006533 ], [ -81.427081811838903, 28.375931466013693 ], [ -81.427031436081009, 28.375924543557794 ], [ -81.427039214458162, 28.375879799291258 ], [ -81.426988838734559, 28.375872876814345 ], [ -81.426981060331372, 28.375917621078056 ], [ -81.426930684589991, 28.37591069857444 ], [ -81.426922906152527, 28.37595544282949 ], [ -81.426822154642451, 28.375941597744927 ], [ -81.426837711613288, 28.375852109240473 ], [ -81.426938463019198, 28.375865954313575 ], [ -81.426946241440191, 28.375821210046976 ], [ -81.42699661712949, 28.375828132544896 ], [ -81.427004395516192, 28.375783388269642 ], [ -81.427054771187713, 28.375790310740822 ], [ -81.427062549540139, 28.375745566456942 ], [ -81.427012173894653, 28.37573864398864 ], [ -81.427051065663406, 28.375514922496908 ], [ -81.427101441178678, 28.375521844950924 ] ] ], [ [ [ -81.427139599243787, 28.376489164123129 ], [ -81.427089223148641, 28.376482241704544 ], [ -81.427097001546514, 28.376437497498742 ], [ -81.427147377615626, 28.376444419914471 ], [ -81.427139599243787, 28.376489164123129 ] ] ], [ [ [ -81.429600647634544, 28.356394245957187 ], [ -81.429550283315749, 28.356387324336069 ], [ -81.42955805856117, 28.35634257760832 ], [ -81.42960842285396, 28.35634949922661 ], [ -81.429600647634544, 28.356394245957187 ] ] ], [ [ [ -81.429786206784286, 28.357106975704589 ], [ -81.429778431589341, 28.357151722359763 ], [ -81.429728066804572, 28.357144800836107 ], [ -81.429735842025565, 28.357100054183789 ], [ -81.429786206784286, 28.357106975704589 ] ] ], [ [ [ -81.428930007007708, 28.356989306605531 ], [ -81.429030736269439, 28.357003150386934 ], [ -81.429022960684065, 28.357047896999237 ], [ -81.429073325353329, 28.357054818856948 ], [ -81.429065549785733, 28.357099565466307 ], [ -81.428964820403394, 28.357085721721248 ], [ -81.42897259602303, 28.357040975117627 ], [ -81.428922231370265, 28.357034053212136 ], [ -81.428930007007708, 28.356989306605531 ] ] ], [ [ [ -81.429201092917438, 28.35720982412348 ], [ -81.429150728145316, 28.357202902328751 ], [ -81.429158503677328, 28.357158155725205 ], [ -81.429208868423402, 28.357165077517067 ], [ -81.429201092917438, 28.35720982412348 ] ] ], [ [ [ -81.429294047024243, 28.357268414247621 ], [ -81.429286271553863, 28.357313160848094 ], [ -81.429235906713188, 28.357306239095411 ], [ -81.429243682209602, 28.357261492497734 ], [ -81.429294047024243, 28.357268414247621 ] ] ], [ [ [ -81.429371450398577, 28.357416497477015 ], [ -81.429321085489363, 28.357409575766336 ], [ -81.429328860950193, 28.357364829174539 ], [ -81.429379225833372, 28.357371750882397 ], [ -81.429371450398577, 28.357416497477015 ] ] ], [ [ [ -81.42940626447384, 28.357512912341512 ], [ -81.429355899504301, 28.357505990648953 ], [ -81.429363674955553, 28.35746124406591 ], [ -81.429414039899058, 28.357468165755584 ], [ -81.42940626447384, 28.357512912341512 ] ] ], [ [ [ -81.429313310020305, 28.357454322352346 ], [ -81.429305534543019, 28.357499068932558 ], [ -81.429255169590007, 28.357492147192236 ], [ -81.429262945093313, 28.357447400614909 ], [ -81.429313310020305, 28.357454322352346 ] ] ], [ [ [ -81.429561072334863, 28.357809078335709 ], [ -81.429553296956129, 28.357853824892594 ], [ -81.429502931771395, 28.357846903275473 ], [ -81.429510707176178, 28.357802156721487 ], [ -81.429561072334863, 28.357809078335709 ] ] ], [ [ [ -81.429537746173935, 28.357943317988926 ], [ -81.429529970770488, 28.357988064528424 ], [ -81.429479605507666, 28.357981142902744 ], [ -81.429495156358385, 28.357891649823678 ], [ -81.429595886788164, 28.357905493039755 ], [ -81.42958811141898, 28.357950239587879 ], [ -81.429537746173935, 28.357943317988926 ] ] ], [ [ [ -81.429552947354154, 28.35844937284195 ], [ -81.429452216283181, 28.35843552960505 ], [ -81.429467767246507, 28.358346036636007 ], [ -81.429518132725818, 28.358352958260678 ], [ -81.429525908169097, 28.358308211764623 ], [ -81.42957627363063, 28.358315133362566 ], [ -81.429584049039647, 28.358270386857857 ], [ -81.429634414483388, 28.358277308429127 ], [ -81.429595537486094, 28.358501040909037 ], [ -81.42954517191221, 28.358494119323513 ], [ -81.429552947354154, 28.35844937284195 ] ] ], [ [ [ -81.429347421946858, 28.35874183314014 ], [ -81.429397787652178, 28.358748754814414 ], [ -81.429405563195587, 28.358704008373266 ], [ -81.429455928883144, 28.358710930020845 ], [ -81.429471479893209, 28.358621437115502 ], [ -81.429521845536939, 28.358628358733444 ], [ -81.429498519087559, 28.358762598091275 ], [ -81.429448153365755, 28.358755676464774 ], [ -81.429440377840123, 28.358800422903006 ], [ -81.429339646369172, 28.35878657957262 ], [ -81.429347421946858, 28.35874183314014 ] ] ], [ [ [ -81.429304831845272, 28.358690165006635 ], [ -81.429289280646074, 28.358779657871668 ], [ -81.429238914931233, 28.358772736146847 ], [ -81.429254466182471, 28.358683243287523 ], [ -81.429304831845272, 28.358690165006635 ] ] ], [ [ [ -81.429219299842174, 28.359182375477896 ], [ -81.429195972759331, 28.359316614575782 ], [ -81.429095240713181, 28.359302771033693 ], [ -81.429103016467749, 28.359258024679217 ], [ -81.429153382460683, 28.35926494645933 ], [ -81.429168933893052, 28.359175453727325 ], [ -81.429219299842174, 28.359182375477896 ] ] ], [ [ [ -81.429141542611191, 28.359629838935117 ], [ -81.429133766842796, 28.359674585248992 ], [ -81.429083400607354, 28.35966766346699 ], [ -81.429091176401755, 28.359622917155985 ], [ -81.429141542611191, 28.359629838935117 ] ] ], [ [ [ -81.42915303003474, 28.359860492216264 ], [ -81.429001931016032, 28.359839726836029 ], [ -81.429009706869408, 28.359794980550991 ], [ -81.429060073174696, 28.359801902365433 ], [ -81.429067848993824, 28.359757156071769 ], [ -81.429168581577088, 28.359770999623276 ], [ -81.42915303003474, 28.359860492216264 ] ] ], [ [ [ -81.428746033840156, 28.360125263081617 ], [ -81.428695667367876, 28.360118341125073 ], [ -81.428703443409049, 28.360073594894782 ], [ -81.428753809855309, 28.360080516848488 ], [ -81.428746033840156, 28.360125263081617 ] ] ], [ [ [ -81.428796400320692, 28.360132185014336 ], [ -81.428780848317771, 28.360221677468925 ], [ -81.428680115260832, 28.360207833568218 ], [ -81.428687891318475, 28.360163087349502 ], [ -81.428738257816789, 28.360170009308934 ], [ -81.428746033840156, 28.360125263081617 ], [ -81.428796400320692, 28.360132185014336 ] ] ], [ [ [ -81.428966762703013, 28.360338857438339 ], [ -81.428958986776863, 28.36038360365681 ], [ -81.428908620133171, 28.360376681805242 ], [ -81.428900844172745, 28.360421428015087 ], [ -81.428951210842456, 28.360428349869483 ], [ -81.428935658948959, 28.360517842277499 ], [ -81.428834925513655, 28.360503998533382 ], [ -81.428842701516587, 28.360459252337971 ], [ -81.42864123484911, 28.360431564574817 ], [ -81.428656787038506, 28.360342072189514 ], [ -81.428707153640929, 28.360348994160386 ], [ -81.428722705745315, 28.360259501746224 ], [ -81.428773072303954, 28.360266423687559 ], [ -81.428757520251622, 28.360355916107427 ], [ -81.428807886870544, 28.360362838030525 ], [ -81.428815662874797, 28.360318091820638 ], [ -81.428966762703013, 28.360338857438339 ] ] ], [ [ [ -81.428633458742055, 28.360476310758795 ], [ -81.428625682626773, 28.360521056936971 ], [ -81.42857531592847, 28.360514134930778 ], [ -81.428583092069786, 28.360469388755501 ], [ -81.428633458742055, 28.360476310758795 ] ] ], [ [ [ -81.428412372713169, 28.360858259995464 ], [ -81.428563473408076, 28.360879026154166 ], [ -81.428586801926841, 28.360744787741094 ], [ -81.428687535608503, 28.360758631710382 ], [ -81.428656431108593, 28.360937616272409 ], [ -81.42860606415951, 28.360930694288282 ], [ -81.42859828798791, 28.360975440411437 ], [ -81.42854792102105, 28.360968518400572 ], [ -81.428540144815187, 28.361013264515144 ], [ -81.428389043886014, 28.360992498330777 ], [ -81.428412372713169, 28.360858259995464 ] ] ], [ [ [ -81.428346453236102, 28.360940830118437 ], [ -81.428296086310482, 28.360933907988226 ], [ -81.428303862638273, 28.360889161882241 ], [ -81.428354229537845, 28.360896084009561 ], [ -81.428346453236102, 28.360940830118437 ] ] ], [ [ [ -81.428733836726295, 28.361085698547061 ], [ -81.428726060608085, 28.361130444661466 ], [ -81.428675693538366, 28.36112352271364 ], [ -81.428691245818626, 28.361034030484728 ], [ -81.428791979862154, 28.361047874345189 ], [ -81.428784203778221, 28.361092620468209 ], [ -81.428733836726295, 28.361085698547061 ] ] ], [ [ [ -81.428861609761782, 28.361240702590464 ], [ -81.428853833696962, 28.361285448696119 ], [ -81.428803466524414, 28.361278526811269 ], [ -81.428811242615254, 28.361233780708488 ], [ -81.428861609761782, 28.361240702590464 ] ] ], [ [ [ -81.428904200877767, 28.361292370557077 ], [ -81.42891975294711, 28.361202878334307 ], [ -81.428970120084102, 28.361209800165735 ], [ -81.428954568066814, 28.361299292394182 ], [ -81.429004935264132, 28.36130621420747 ], [ -81.428997159269173, 28.361350960315868 ], [ -81.428846057623915, 28.361330194795926 ], [ -81.428853833696962, 28.361285448696119 ], [ -81.428904200877767, 28.361292370557077 ] ] ], [ [ [ -81.428334609667758, 28.361305720910551 ], [ -81.428284242525649, 28.361298798781355 ], [ -81.428292018893274, 28.361254052718738 ], [ -81.428342386009348, 28.361260974845049 ], [ -81.428334609667758, 28.361305720910551 ] ] ], [ [ [ -81.428687179893529, 28.361354175146705 ], [ -81.428737547101662, 28.361361097085002 ], [ -81.428729770960061, 28.361405843167542 ], [ -81.42878013820247, 28.361412765084793 ], [ -81.428772362078675, 28.361457511164435 ], [ -81.42882272935536, 28.361464433060714 ], [ -81.428807177135127, 28.361553925208337 ], [ -81.428756809806401, 28.361547003306338 ], [ -81.428764585946652, 28.361502257238286 ], [ -81.428714218652189, 28.361495335315315 ], [ -81.428721994810246, 28.361450589244335 ], [ -81.428671627550059, 28.361443667300332 ], [ -81.428679403725909, 28.361398921226403 ], [ -81.428629036500013, 28.361391999261386 ], [ -81.428636812693668, 28.361347253184572 ], [ -81.428586445502049, 28.361340331198523 ], [ -81.428594221713496, 28.361295585118793 ], [ -81.428694956052908, 28.361309429061251 ], [ -81.428687179893529, 28.361354175146705 ] ] ], [ [ [ -81.428384976818108, 28.361312643015893 ], [ -81.42837720049431, 28.361357389078403 ], [ -81.428427567678952, 28.361364311162749 ], [ -81.428419791372932, 28.361409057222346 ], [ -81.428470158591864, 28.361415979285656 ], [ -81.428462382303664, 28.36146072534239 ], [ -81.42856311681831, 28.361474569403111 ], [ -81.428555340573936, 28.361519315459738 ], [ -81.428605707869679, 28.361526237457191 ], [ -81.428597931643083, 28.361570983510838 ], [ -81.428648298973116, 28.361577905487341 ], [ -81.428640522764326, 28.361622651538074 ], [ -81.428690890128635, 28.361629573493545 ], [ -81.428683113937637, 28.361674319541383 ], [ -81.428582379165221, 28.361660475600928 ], [ -81.428590155408273, 28.361615729558785 ], [ -81.428539788060476, 28.361608807555637 ], [ -81.42854756432132, 28.361564061510553 ], [ -81.428396462405516, 28.361543295366516 ], [ -81.428404238736221, 28.36149854932421 ], [ -81.42835387147349, 28.361491627231338 ], [ -81.428361647822001, 28.361446881186168 ], [ -81.428311280593547, 28.361439959072261 ], [ -81.428334609667758, 28.361305720910551 ], [ -81.428384976818108, 28.361312643015893 ] ] ], [ [ [ -81.428907911817376, 28.361567768940731 ], [ -81.428892359668339, 28.361657261076591 ], [ -81.428841992271032, 28.361650339216652 ], [ -81.428849768375699, 28.361605593154419 ], [ -81.428799401012682, 28.361598671273448 ], [ -81.428807177135127, 28.361553925208337 ], [ -81.428907911817376, 28.361567768940731 ] ] ], [ [ [ -81.428733481336209, 28.361681241475765 ], [ -81.428725705163032, 28.361725987520703 ], [ -81.428675337738426, 28.361719065583401 ], [ -81.428683113937637, 28.361674319541383 ], [ -81.428733481336209, 28.361681241475765 ] ] ], [ [ [ -81.42864423285917, 28.361898049693771 ], [ -81.428543497826439, 28.361884205724749 ], [ -81.42855127411066, 28.361839459711561 ], [ -81.428652009091337, 28.361853303674891 ], [ -81.42864423285917, 28.361898049693771 ] ] ], [ [ [ -81.428287592910934, 28.362169739350797 ], [ -81.428337960572392, 28.362176661462644 ], [ -81.428345736992355, 28.362131915498512 ], [ -81.428396104636036, 28.3621388375837 ], [ -81.428403881021737, 28.362094091610942 ], [ -81.428454248647625, 28.36210101366936 ], [ -81.42843869592005, 28.362190505614901 ], [ -81.428388328242093, 28.36218358355071 ], [ -81.428380551839936, 28.362228329511886 ], [ -81.428279816456694, 28.362214485306275 ], [ -81.428287592910934, 28.362169739350797 ] ] ], [ [ [ -81.428640166714416, 28.36221819363292 ], [ -81.428632390442402, 28.362262939608438 ], [ -81.428582022705413, 28.362256017636856 ], [ -81.428589799003447, 28.362211271664219 ], [ -81.428640166714416, 28.36221819363292 ] ] ], [ [ [ -81.428884229251139, 28.362297549108344 ], [ -81.428876453101054, 28.362342295092333 ], [ -81.428826085296777, 28.362335373237233 ], [ -81.428833861472896, 28.362290627256073 ], [ -81.428884229251139, 28.362297549108344 ] ] ], [ [ [ -81.428574246399137, 28.362300763603699 ], [ -81.428523878644341, 28.362293841605378 ], [ -81.428531654976652, 28.362249095641399 ], [ -81.428582022705413, 28.362256017636856 ], [ -81.428574246399137, 28.362300763603699 ] ] ], [ [ [ -81.428516102303803, 28.36233858756361 ], [ -81.428465734531258, 28.362331665538569 ], [ -81.428473510897817, 28.362286919583227 ], [ -81.428523878644341, 28.362293841605378 ], [ -81.428516102303803, 28.36233858756361 ] ] ], [ [ [ -81.428818309112415, 28.362380119212567 ], [ -81.42876794129036, 28.362373197330715 ], [ -81.428775717500741, 28.362328451358241 ], [ -81.428826085296777, 28.362335373237233 ], [ -81.428818309112415, 28.362380119212567 ] ] ], [ [ [ -81.427946503981005, 28.362351935812107 ], [ -81.427954280624363, 28.362307189896875 ], [ -81.428004648340448, 28.362314112163403 ], [ -81.42802020155041, 28.362224620309945 ], [ -81.428070569222669, 28.362231542546855 ], [ -81.428062792647836, 28.362276288479379 ], [ -81.428113160354386, 28.362283210695278 ], [ -81.428105383797359, 28.362327956624842 ], [ -81.428055016064775, 28.362321034406062 ], [ -81.428047239473457, 28.362365780327004 ], [ -81.427946503981005, 28.362351935812107 ] ] ], [ [ [ -81.428543141091666, 28.362479747413254 ], [ -81.428535364744221, 28.362524493351206 ], [ -81.428484996859282, 28.362517571338575 ], [ -81.428492773232762, 28.36247282540355 ], [ -81.428543141091666, 28.362479747413254 ] ] ], [ [ [ -81.428252419409276, 28.362668866686345 ], [ -81.428202051461469, 28.362661944542985 ], [ -81.428209827998046, 28.362617198645371 ], [ -81.428260195919819, 28.362624120785835 ], [ -81.428252419409276, 28.362668866686345 ] ] ], [ [ [ -81.428194274916649, 28.362706690434866 ], [ -81.42814390695105, 28.362699768264804 ], [ -81.428151683521904, 28.362655022375804 ], [ -81.428202051461469, 28.362661944542985 ], [ -81.428194274916649, 28.362706690434866 ] ] ], [ [ [ -81.428740546815987, 28.362827578647959 ], [ -81.428690178733589, 28.362820656737561 ], [ -81.428705731310828, 28.362731164902492 ], [ -81.428756099341157, 28.362738086807198 ], [ -81.428740546815987, 28.362827578647959 ] ] ], [ [ [ -81.428136130371968, 28.362744514148019 ], [ -81.428085762388591, 28.362737591951227 ], [ -81.428093538993721, 28.36269284607086 ], [ -81.42814390695105, 28.362699768264804 ], [ -81.428136130371968, 28.362744514148019 ] ] ], [ [ [ -81.428077985775246, 28.362782337825852 ], [ -81.428027617774106, 28.36277541560229 ], [ -81.42803539441347, 28.36273066973061 ], [ -81.428085762388591, 28.362737591951227 ], [ -81.428077985775246, 28.362782337825852 ] ] ], [ [ [ -81.428430562014327, 28.362830792722132 ], [ -81.428380193955419, 28.362823870665686 ], [ -81.428387970412587, 28.362779124773944 ], [ -81.428438338445446, 28.362786046827551 ], [ -81.428430562014327, 28.362830792722132 ] ] ], [ [ [ -81.427919105096876, 28.362806316943935 ], [ -81.427926881796566, 28.362761571083727 ], [ -81.428027617774106, 28.36277541560229 ], [ -81.428019841126485, 28.362820161468246 ], [ -81.427969473107552, 28.362813239218028 ], [ -81.427961696425669, 28.36285798507533 ], [ -81.427860960360505, 28.36284414049759 ], [ -81.427868737094457, 28.362799394646014 ], [ -81.427919105096876, 28.362806316943935 ] ] ], [ [ [ -81.427980957764859, 28.363043890711129 ], [ -81.427930589615769, 28.363036968446647 ], [ -81.427938366330608, 28.362992222612466 ], [ -81.427988734453649, 28.362999144874124 ], [ -81.427980957764859, 28.363043890711129 ] ] ], [ [ [ -81.428693889042862, 28.363096054031558 ], [ -81.428643520804272, 28.363089132103976 ], [ -81.428635744453899, 28.363133877978147 ], [ -81.428585376197546, 28.363126956023883 ], [ -81.42856982342002, 28.363216447749135 ], [ -81.428418718544279, 28.363195681725969 ], [ -81.428426495015259, 28.363150935874817 ], [ -81.428476863272891, 28.363157857903552 ], [ -81.428484639709595, 28.363113112043699 ], [ -81.428535007949449, 28.363120034045728 ], [ -81.428550560746075, 28.363030542303072 ], [ -81.428600928942117, 28.363037464275482 ], [ -81.428608705302068, 28.362992718392643 ], [ -81.428759809861603, 28.363013484158156 ], [ -81.428752033579755, 28.363058230049585 ], [ -81.428701665358957, 28.363051308148766 ], [ -81.428693889042862, 28.363096054031558 ] ] ], [ [ [ -81.428333535039528, 28.363092345894501 ], [ -81.428325758524721, 28.363137091745745 ], [ -81.428275390291844, 28.363130169645412 ], [ -81.428283166832685, 28.363085423797074 ], [ -81.428333535039528, 28.363092345894501 ] ] ], [ [ [ -81.428418718544279, 28.363195681725969 ], [ -81.428410942065071, 28.363240427571352 ], [ -81.428360573763612, 28.363233505513044 ], [ -81.42836835026884, 28.363188759670496 ], [ -81.428418718544279, 28.363195681725969 ] ] ], [ [ [ -81.428015772571968, 28.363140304614184 ], [ -81.428007995884499, 28.363185050436673 ], [ -81.427907259421886, 28.363171205914373 ], [ -81.427915036161423, 28.363126460097604 ], [ -81.428015772571968, 28.363140304614184 ] ] ], [ [ [ -81.428600572607223, 28.363633004174034 ], [ -81.428550204056265, 28.363626082212178 ], [ -81.428565756929956, 28.363536590585333 ], [ -81.428616125428846, 28.363543512541465 ], [ -81.428600572607223, 28.363633004174034 ] ] ], [ [ [ -81.427996150540253, 28.363549939056774 ], [ -81.427945782088287, 28.363543016808556 ], [ -81.427953558841651, 28.363498271032327 ], [ -81.428003927267554, 28.363505193277714 ], [ -81.427996150540253, 28.363549939056774 ] ] ], [ [ [ -81.428065780685529, 28.363742766563014 ], [ -81.428015412112941, 28.363735844351094 ], [ -81.428023188847163, 28.363691098592298 ], [ -81.428073557393716, 28.363698020801348 ], [ -81.428065780685529, 28.363742766563014 ] ] ], [ [ [ -81.427879860061125, 28.363625586065893 ], [ -81.427930228556875, 28.363632508343674 ], [ -81.427922451778826, 28.363677254102601 ], [ -81.427972820308881, 28.363684176359371 ], [ -81.42796504354861, 28.363728922115321 ], [ -81.428015412112941, 28.363735844351094 ], [ -81.428007635370477, 28.36378059010412 ], [ -81.427957266780112, 28.36377366786553 ], [ -81.427941713218416, 28.363863159348522 ], [ -81.42799208186085, 28.363870081592868 ], [ -81.42796097474276, 28.364049064500882 ], [ -81.427910605996203, 28.364042142245133 ], [ -81.42792615962378, 28.363952650808368 ], [ -81.427875790937534, 28.363945728534439 ], [ -81.427891344584253, 28.363856237080292 ], [ -81.427840975958318, 28.363849314788173 ], [ -81.427879860061125, 28.363625586065893 ] ] ], [ [ [ -81.428487992232121, 28.36398404848822 ], [ -81.428503545237561, 28.363894556953941 ], [ -81.428553913944711, 28.36390147893291 ], [ -81.428546137472154, 28.363946224705813 ], [ -81.428596506213594, 28.363953146663807 ], [ -81.428573176824557, 28.364087383956399 ], [ -81.428522808005013, 28.364080461989847 ], [ -81.42853836099134, 28.363990970472976 ], [ -81.428487992232121, 28.36398404848822 ] ] ], [ [ [ -81.42800356672349, 28.364100732448261 ], [ -81.427953197942642, 28.364093810213458 ], [ -81.42796097474276, 28.364049064500882 ], [ -81.428011343497559, 28.364055986732843 ], [ -81.42800356672349, 28.364100732448261 ] ] ], [ [ [ -81.427736169068609, 28.364155612420547 ], [ -81.427685800276961, 28.364148690060698 ], [ -81.427693577223707, 28.364103944374019 ], [ -81.42774394598932, 28.364110866730989 ], [ -81.427736169068609, 28.364155612420547 ] ] ], [ [ [ -81.428383187520438, 28.364290346647515 ], [ -81.428375410921674, 28.364335092362687 ], [ -81.428274673027943, 28.364321248228187 ], [ -81.428282449678775, 28.364276502518752 ], [ -81.428332818595464, 28.364283424595069 ], [ -81.428340595212035, 28.364238678877037 ], [ -81.428390964110946, 28.364245600926587 ], [ -81.42839874069324, 28.364200855199908 ], [ -81.42854984736141, 28.364221621196926 ], [ -81.428542070857219, 28.364266366932192 ], [ -81.428491701933538, 28.364259444954211 ], [ -81.428483925395085, 28.364304190680812 ], [ -81.428383187520438, 28.364290346647515 ] ] ], [ [ [ -81.428142828273323, 28.364486386755235 ], [ -81.428173935167237, 28.36430740399825 ], [ -81.428224304093462, 28.364314326125129 ], [ -81.428200974013492, 28.364448563210114 ], [ -81.428251343026076, 28.364455485321749 ], [ -81.428235789650316, 28.364544976688521 ], [ -81.428185420585663, 28.364538054571199 ], [ -81.428193197303685, 28.364493308893582 ], [ -81.428142828273323, 28.364486386755235 ] ] ], [ [ [ -81.428092459251218, 28.364479464593042 ], [ -81.428084682481114, 28.364524210264939 ], [ -81.428034313441216, 28.364517288076041 ], [ -81.428042090237355, 28.364472542406951 ], [ -81.428092459251218, 28.364479464593042 ] ] ], [ [ [ -81.428297644481177, 28.364782549195933 ], [ -81.42824727526984, 28.364775627112046 ], [ -81.428262828675898, 28.364686135797349 ], [ -81.4282124595249, 28.364679213695332 ], [ -81.428235789650316, 28.364544976688521 ], [ -81.428336527804362, 28.364558820851588 ], [ -81.428297644481177, 28.364782549195933 ] ] ], [ [ [ -81.427844321876364, 28.364720249581797 ], [ -81.427894691021677, 28.364727171856639 ], [ -81.427886914124059, 28.364771917485228 ], [ -81.427937283303649, 28.36477883973906 ], [ -81.4279139526395, 28.364913076598921 ], [ -81.427863583381807, 28.364906154336477 ], [ -81.427879137218227, 28.364816663108105 ], [ -81.427828768020845, 28.364809740827596 ], [ -81.427844321876364, 28.364720249581797 ] ] ], [ [ [ -81.428107652952392, 28.364985511029495 ], [ -81.428099876143762, 28.365030256643522 ], [ -81.427999137466486, 28.365016412274418 ], [ -81.428006914327185, 28.364971666666104 ], [ -81.428107652952392, 28.364985511029495 ] ] ], [ [ [ -81.428037661378298, 28.365388221347501 ], [ -81.428029884495558, 28.365432966909477 ], [ -81.427979514918491, 28.365426044711086 ], [ -81.427987291827264, 28.365381299152023 ], [ -81.428037661378298, 28.365388221347501 ] ] ], [ [ [ -81.428080254080868, 28.365439889083955 ], [ -81.42807247721592, 28.365484634643025 ], [ -81.428022107604562, 28.36547771246568 ], [ -81.428029884495558, 28.365432966909477 ], [ -81.428080254080868, 28.365439889083955 ] ] ], [ [ [ -81.427812852238347, 28.36549476905661 ], [ -81.427762482642237, 28.36548784675707 ], [ -81.427770259671604, 28.365443101220983 ], [ -81.427820629241694, 28.365450023517646 ], [ -81.427812852238347, 28.36549476905661 ] ] ], [ [ [ -81.42807247721592, 28.365484634643025 ], [ -81.428122846835521, 28.365491556796481 ], [ -81.42811506998838, 28.365536302352634 ], [ -81.428165439642271, 28.365543224485098 ], [ -81.428149885975316, 28.365632715585726 ], [ -81.428099516269384, 28.365625793447496 ], [ -81.428107293132996, 28.365581047902953 ], [ -81.428056923461327, 28.365574125743723 ], [ -81.42807247721592, 28.365484634643025 ] ] ], [ [ [ -81.428293218374975, 28.3656982274073 ], [ -81.42824284861824, 28.365691305337855 ], [ -81.428250625411991, 28.365646559790495 ], [ -81.428300995142706, 28.365653481857105 ], [ -81.428293218374975, 28.3656982274073 ] ] ], [ [ [ -81.428192478869747, 28.365684383244499 ], [ -81.42824284861824, 28.365691305337855 ], [ -81.428227295006025, 28.365780796415144 ], [ -81.428277664814843, 28.365787718490356 ], [ -81.428262111221741, 28.365877209550241 ], [ -81.428211741360855, 28.365870287469399 ], [ -81.428219518187561, 28.365825541945167 ], [ -81.428169148360965, 28.365818619843317 ], [ -81.428184702041719, 28.365729128783201 ], [ -81.428134332275448, 28.365722206663147 ], [ -81.428149885975316, 28.365632715585726 ], [ -81.428200255689532, 28.365639637700006 ], [ -81.428192478869747, 28.365684383244499 ] ] ], [ [ [ -81.427681004750326, 28.365659906508881 ], [ -81.427673227653727, 28.365704652013196 ], [ -81.427622857943945, 28.365697729651675 ], [ -81.427630635066578, 28.365652984150209 ], [ -81.427681004750326, 28.365659906508881 ] ] ], [ [ [ -81.427750635915061, 28.365852733160182 ], [ -81.427700266110662, 28.365845810837829 ], [ -81.427708043205939, 28.36580106534797 ], [ -81.427758412984289, 28.365807987667509 ], [ -81.427750635915061, 28.365852733160182 ] ] ], [ [ [ -81.428045077993431, 28.365939012097481 ], [ -81.427994708113502, 28.365932089915383 ], [ -81.428002485060802, 28.365887344414176 ], [ -81.428052854914711, 28.365894266593383 ], [ -81.428045077993431, 28.365939012097481 ] ] ], [ [ [ -81.427479161816024, 28.366227752798668 ], [ -81.427463607296332, 28.366317243639781 ], [ -81.427413237238582, 28.366310321190454 ], [ -81.427421014528576, 28.366265575775692 ], [ -81.427370644505118, 28.366258653305376 ], [ -81.427378421812904, 28.366213907887673 ], [ -81.427328051823721, 28.366206985396364 ], [ -81.427343606466692, 28.366117494549275 ], [ -81.427393976403806, 28.366124417034829 ], [ -81.427386199112476, 28.366169162464157 ], [ -81.427436569083881, 28.366176084928718 ], [ -81.427428791810343, 28.366220830355086 ], [ -81.427479161816024, 28.366227752798668 ] ] ], [ [ [ -81.42745583002413, 28.366361989051629 ], [ -81.427463607296332, 28.366317243639781 ], [ -81.427513977362338, 28.366324166065201 ], [ -81.42750620011617, 28.366368911479952 ], [ -81.42745583002413, 28.366361989051629 ] ] ], [ [ [ -81.428156943868814, 28.366779040991471 ], [ -81.428164720808141, 28.366734295577199 ], [ -81.428114350444361, 28.366727373465888 ], [ -81.428129904350428, 28.366637882625675 ], [ -81.428079534046958, 28.366630960496206 ], [ -81.428087311013655, 28.366586215070296 ], [ -81.427885829986494, 28.366558526325147 ], [ -81.427878052915645, 28.366603271739656 ], [ -81.427777312399499, 28.366589427218187 ], [ -81.427769535268354, 28.366634172621161 ], [ -81.427668794733151, 28.366620327998493 ], [ -81.427661017541695, 28.366665073389967 ], [ -81.427509906722676, 28.366644306268455 ], [ -81.427517683992235, 28.366599560885575 ], [ -81.427568054230946, 28.366606483280421 ], [ -81.427575831466243, 28.36656173788889 ], [ -81.427676571916365, 28.366575582601254 ], [ -81.427684349091351, 28.366530837198226 ], [ -81.427785089522402, 28.366544681809415 ], [ -81.427792866637077, 28.366499936394884 ], [ -81.427843236838967, 28.366506858661861 ], [ -81.427851013919366, 28.366462113238683 ], [ -81.427901384103464, 28.366469035478904 ], [ -81.4279091611496, 28.366424290047053 ], [ -81.427959531315906, 28.366431212260572 ], [ -81.427967308327766, 28.366386466820149 ], [ -81.427916938187494, 28.366379544609494 ], [ -81.427932492238583, 28.366290053716899 ], [ -81.427882122158621, 28.366283131488142 ], [ -81.427889899197837, 28.36623838603602 ], [ -81.427839529152166, 28.366231463786235 ], [ -81.427855083257981, 28.366141972870427 ], [ -81.427804713272636, 28.366135050602473 ], [ -81.42782026739755, 28.366045559669232 ], [ -81.42776989747253, 28.366038637383159 ], [ -81.4277854516166, 28.365949146432488 ], [ -81.427735081751877, 28.365942224128251 ], [ -81.427750635915061, 28.365852733160182 ], [ -81.427801005727702, 28.365859655458728 ], [ -81.427793228676251, 28.36590440094847 ], [ -81.427843598523197, 28.365911323225998 ], [ -81.427835821489552, 28.365956068712901 ], [ -81.427886191370774, 28.365962990969404 ], [ -81.427878414354936, 28.36600773645333 ], [ -81.427928784270435, 28.366014658688847 ], [ -81.4279132302661, 28.366104149645075 ], [ -81.427963600241924, 28.36611107186242 ], [ -81.427955823253441, 28.366155817334693 ], [ -81.428006193263556, 28.366162739531092 ], [ -81.42799841629288, 28.366207485000466 ], [ -81.428048786337257, 28.366214407175821 ], [ -81.428041009384373, 28.366259152642257 ], [ -81.428091379463055, 28.366266074796581 ], [ -81.428075825584642, 28.36635556571785 ], [ -81.42812619572365, 28.366362487854047 ], [ -81.428118418798121, 28.366407233308852 ], [ -81.428168788971405, 28.366414155424074 ], [ -81.428153235147718, 28.366503646322048 ], [ -81.428203605381327, 28.366510568419098 ], [ -81.428188051576768, 28.366600059299653 ], [ -81.428238421870702, 28.36660698137857 ], [ -81.428230644982079, 28.366651726813064 ], [ -81.428281015310304, 28.366658648870928 ], [ -81.428265461560457, 28.366748139728291 ], [ -81.428315831949007, 28.366755061767996 ], [ -81.428300278218288, 28.366844552607887 ], [ -81.428350648667148, 28.366851474629524 ], [ -81.42834287181546, 28.366896220043643 ], [ -81.428393242298611, 28.366903142044226 ], [ -81.428385465464743, 28.366947887455442 ], [ -81.428435835982157, 28.366954809435008 ], [ -81.428420282341762, 28.367044300245816 ], [ -81.428470652919515, 28.367051222207234 ], [ -81.428462876113002, 28.367095967606847 ], [ -81.428513246725032, 28.367102889547258 ], [ -81.428497693139363, 28.367192380334789 ], [ -81.428346581171795, 28.367171614424791 ], [ -81.428362134913684, 28.367082123654392 ], [ -81.428311764326395, 28.367075201642368 ], [ -81.428327318087398, 28.366985710854586 ], [ -81.428276947560448, 28.36697878882439 ], [ -81.428284724454628, 28.366934043424713 ], [ -81.42823435396194, 28.366927121373539 ], [ -81.428242130873926, 28.366882375970881 ], [ -81.428191760415544, 28.366875453898704 ], [ -81.428207314266871, 28.366785963081785 ], [ -81.428156943868814, 28.366779040991471 ] ] ], [ [ [ -81.42734324125793, 28.366713029663437 ], [ -81.427351018622048, 28.366668284300687 ], [ -81.427451759162352, 28.366682129221132 ], [ -81.427443981850303, 28.366726874589638 ], [ -81.42734324125793, 28.366713029663437 ] ] ], [ [ [ -81.42734324125793, 28.366713029663437 ], [ -81.427335463885555, 28.366757775020481 ], [ -81.427285093575705, 28.366750852518727 ], [ -81.427292870974114, 28.3667061071646 ], [ -81.42734324125793, 28.366713029663437 ] ] ], [ [ [ -81.42796694751334, 28.366982001519045 ], [ -81.427916577018109, 28.366975079318998 ], [ -81.427924354102771, 28.36693033394506 ], [ -81.427974724571968, 28.366937256142283 ], [ -81.42796694751334, 28.366982001519045 ] ] ], [ [ [ -81.427815836052403, 28.366961234847235 ], [ -81.427916577018109, 28.366975079318998 ], [ -81.427908799925206, 28.367019824687123 ], [ -81.427808058907445, 28.367005980209651 ], [ -81.427815836052403, 28.366961234847235 ] ] ], [ [ [ -81.427808058907445, 28.367005980209651 ], [ -81.42780028175423, 28.367050725566315 ], [ -81.427749911231686, 28.367043803288936 ], [ -81.427757688410935, 28.366999057935143 ], [ -81.427808058907445, 28.367005980209651 ] ] ], [ [ [ -81.427253983899746, 28.366929833877329 ], [ -81.427304354313733, 28.366936756390476 ], [ -81.427296576900176, 28.366981501718552 ], [ -81.427346947348454, 28.366988424210703 ], [ -81.427323615136487, 28.367122660168793 ], [ -81.42727324461012, 28.367115737668062 ], [ -81.427281022048376, 28.367070992357313 ], [ -81.427230651556286, 28.367064069835571 ], [ -81.427253983899746, 28.366929833877329 ] ] ], [ [ [ -81.427931770114725, 28.367481122489675 ], [ -81.42788139932486, 28.367474200282043 ], [ -81.427889176474096, 28.367429454968857 ], [ -81.427939547237926, 28.367436377173654 ], [ -81.427931770114725, 28.367481122489675 ] ] ], [ [ [ -81.427772880560354, 28.367505101096821 ], [ -81.427765103342594, 28.367549846392698 ], [ -81.42771473252543, 28.367542924107752 ], [ -81.427722509769225, 28.367498178814685 ], [ -81.427772880560354, 28.367505101096821 ] ] ], [ [ [ -81.427555842793268, 28.367566902388369 ], [ -81.427563620123408, 28.367522157109704 ], [ -81.427664361716495, 28.367536001798925 ], [ -81.427656584438424, 28.367580747083309 ], [ -81.427555842793268, 28.367566902388369 ] ] ], [ [ [ -81.427555842793268, 28.367566902388369 ], [ -81.427548065454886, 28.367611647661278 ], [ -81.427447323790659, 28.367597802865081 ], [ -81.42745510118111, 28.367553057597934 ], [ -81.427555842793268, 28.367566902388369 ] ] ], [ [ [ -81.427447323790659, 28.367597802865081 ], [ -81.42743954639198, 28.367642548126501 ], [ -81.427338804708711, 28.36762870322919 ], [ -81.427346582159458, 28.367583957973519 ], [ -81.427447323790659, 28.367597802865081 ] ] ], [ [ [ -81.427280656394416, 28.367666525991783 ], [ -81.427230285547381, 28.367659603480615 ], [ -81.427238063058439, 28.367614858236418 ], [ -81.427288433879454, 28.367621780744699 ], [ -81.427280656394416, 28.367666525991783 ] ] ], [ [ [ -81.427625475243772, 28.367759728163076 ], [ -81.427575104312922, 28.367752805816131 ], [ -81.427582881649982, 28.367708060557685 ], [ -81.427633252554799, 28.367714982901798 ], [ -81.427625475243772, 28.367759728163076 ] ] ], [ [ [ -81.42726880728128, 28.368031410270095 ], [ -81.427284362322808, 28.367941919857071 ], [ -81.427334733342562, 28.367948842337668 ], [ -81.427319178353102, 28.368038332756448 ], [ -81.427419920521515, 28.368052177657439 ], [ -81.427412143066491, 28.368096922863888 ], [ -81.427210658658552, 28.368069232954891 ], [ -81.4272184362177, 28.368024487759936 ], [ -81.42726880728128, 28.368031410270095 ] ] ], [ [ [ -81.427807335023573, 28.368197046759857 ], [ -81.427799557760366, 28.368241791977592 ], [ -81.427749186527905, 28.368234869721377 ], [ -81.427741409230435, 28.368279614930437 ], [ -81.427539924278975, 28.3682519256554 ], [ -81.427547701680595, 28.36820718045773 ], [ -81.427598072880031, 28.36821410280945 ], [ -81.427644736960573, 28.36794563148489 ], [ -81.42769510801206, 28.367952553795561 ], [ -81.427687330711933, 28.367997299033618 ], [ -81.427737701797724, 28.368004221323318 ], [ -81.42772992451539, 28.36804896655849 ], [ -81.427780295635458, 28.36805588882714 ], [ -81.427756963817146, 28.368190124506469 ], [ -81.427807335023573, 28.368197046759857 ] ] ], [ [ [ -81.427160287577195, 28.368062310418036 ], [ -81.427152509983756, 28.368107055604373 ], [ -81.427001396711105, 28.368086287841908 ], [ -81.427009174382647, 28.368041542664098 ], [ -81.427160287577195, 28.368062310418036 ] ] ], [ [ [ -81.427322884423333, 28.368313726353616 ], [ -81.427222141959007, 28.368299881370547 ], [ -81.427237697099372, 28.36821039102686 ], [ -81.427288068275345, 28.3682173135246 ], [ -81.427280290735311, 28.368262058702172 ], [ -81.427330661945561, 28.368268981178929 ], [ -81.427322884423333, 28.368313726353616 ] ] ], [ [ [ -81.427772156176374, 28.368696166097923 ], [ -81.427671413182495, 28.368682321552132 ], [ -81.427679190554102, 28.368637576395109 ], [ -81.427779933495913, 28.36865142093518 ], [ -81.427772156176374, 28.368696166097923 ] ] ], [ [ [ -81.427411778332186, 28.368692454907009 ], [ -81.427361406862858, 28.368685532476139 ], [ -81.427369184398913, 28.368640787341985 ], [ -81.427419555842206, 28.36864770977002 ], [ -81.427411778332186, 28.368692454907009 ] ] ], [ [ [ -81.427159921068068, 28.368657842513961 ], [ -81.427361406862858, 28.368685532476139 ], [ -81.427353629318574, 28.368730277604485 ], [ -81.427152143419619, 28.368702587630867 ], [ -81.427159921068068, 28.368657842513961 ] ] ], [ [ [ -81.427775863751734, 28.368971559207445 ], [ -81.42776030904119, 28.369061049451989 ], [ -81.427558822220291, 28.369033360268929 ], [ -81.427566599683814, 28.36898861516099 ], [ -81.427717714709004, 28.369009382075511 ], [ -81.427725492086196, 28.368964636953148 ], [ -81.427775863751734, 28.368971559207445 ] ] ], [ [ [ -81.427349557955509, 28.369050415794735 ], [ -81.427097699649948, 28.36901580328734 ], [ -81.427105477356051, 28.368971058210906 ], [ -81.427357335531426, 28.369005670704002 ], [ -81.427349557955509, 28.369050415794735 ] ] ], [ [ [ -81.427469562964291, 28.369250163352213 ], [ -81.427419191157767, 28.369243240958625 ], [ -81.427434746263117, 28.369153750806181 ], [ -81.427485118017557, 28.369160673194084 ], [ -81.427469562964291, 28.369250163352213 ] ] ], [ [ [ -81.427356970406933, 28.369601201337034 ], [ -81.427341415136851, 28.369690691373897 ], [ -81.427291043078228, 28.369683768927786 ], [ -81.427306598400378, 28.369594278896763 ], [ -81.427356970406933, 28.369601201337034 ] ] ], [ [ [ -81.426713617073858, 28.369741855355176 ], [ -81.426721395050166, 28.369697110391346 ], [ -81.426872511134647, 28.369717878462588 ], [ -81.426864733236471, 28.369762623435026 ], [ -81.42681436117401, 28.369755700765602 ], [ -81.426798805300834, 28.369845190687414 ], [ -81.426748433194561, 28.369838267988442 ], [ -81.426763989119806, 28.369748778072342 ], [ -81.426713617073858, 28.369741855355176 ] ] ], [ [ [ -81.427492167187523, 28.370306988107384 ], [ -81.427507722411406, 28.370217498192293 ], [ -81.427306232915754, 28.370189808616487 ], [ -81.427314010619483, 28.370145063661706 ], [ -81.427465127650734, 28.370165830870807 ], [ -81.42749623807083, 28.369986850959616 ], [ -81.427546610326942, 28.369993773303488 ], [ -81.427515500010983, 28.370172753226107 ], [ -81.427565872379503, 28.37017967555753 ], [ -81.427542539634146, 28.370313910447393 ], [ -81.427492167187523, 28.370306988107384 ] ] ], [ [ [ -81.426724729660407, 28.370568031950238 ], [ -81.426623984606437, 28.370554186484664 ], [ -81.426639540795293, 28.370464696753558 ], [ -81.426689913266074, 28.370471619492552 ], [ -81.426705469369878, 28.370382129732647 ], [ -81.426806214232059, 28.3703959751276 ], [ -81.426798436236339, 28.370440720016202 ], [ -81.426848808705856, 28.370447642680741 ], [ -81.426817696744763, 28.370626622188691 ], [ -81.426716951605698, 28.370612776812813 ], [ -81.426724729660407, 28.370568031950238 ] ] ], [ [ [ -81.427150677111399, 28.371084706497914 ], [ -81.427100304237385, 28.371077783987136 ], [ -81.427108082131909, 28.371033039150831 ], [ -81.427158454979875, 28.371039961658806 ], [ -81.427150677111399, 28.371084706497914 ] ] ], [ [ [ -81.426755472427175, 28.370984580927015 ], [ -81.426747694350411, 28.371029325743283 ], [ -81.426697321542434, 28.371022403041579 ], [ -81.426705099645233, 28.370977658228167 ], [ -81.426755472427175, 28.370984580927015 ] ] ], [ [ [ -81.427049931371627, 28.371070861452452 ], [ -81.427042153442855, 28.371115606280092 ], [ -81.426991780559305, 28.371108683718735 ], [ -81.426999558514126, 28.371063938893901 ], [ -81.427049931371627, 28.371070861452452 ] ] ], [ [ [ -81.426697321542434, 28.371022403041579 ], [ -81.426689543431394, 28.371067147849242 ], [ -81.426639170605625, 28.371060225120786 ], [ -81.4266469487427, 28.371015480315975 ], [ -81.426697321542434, 28.371022403041579 ] ] ], [ [ [ -81.426782511040486, 28.371125738042117 ], [ -81.426883256801872, 28.371139583337623 ], [ -81.42689103481699, 28.371094838524371 ], [ -81.426991780559305, 28.371108683718735 ], [ -81.426984002596257, 28.371153428537706 ], [ -81.426933629694929, 28.371146505949639 ], [ -81.426925851697604, 28.371191250759995 ], [ -81.426875478778499, 28.371184328145198 ], [ -81.426867700746882, 28.371229072946882 ], [ -81.426766954881359, 28.371215227639894 ], [ -81.426782511040486, 28.371125738042117 ] ] ], [ [ [ -81.427270684539153, 28.371284453220213 ], [ -81.427220311536217, 28.371277530769614 ], [ -81.427228089385579, 28.371232785947846 ], [ -81.427278462362466, 28.371239708395617 ], [ -81.427270684539153, 28.371284453220213 ] ] ], [ [ [ -81.426766954881359, 28.371215227639894 ], [ -81.426759176789446, 28.371259972430181 ], [ -81.426708803843013, 28.371253049737977 ], [ -81.426716581960974, 28.371208304950613 ], [ -81.426766954881359, 28.371215227639894 ] ] ], [ [ [ -81.427162160657943, 28.37131535310818 ], [ -81.427154382766091, 28.371360097915524 ], [ -81.4271040097276, 28.371353175411432 ], [ -81.427111787645487, 28.371308430606945 ], [ -81.427162160657943, 28.37131535310818 ] ] ], [ [ [ -81.427096231801457, 28.371397920210139 ], [ -81.427045858745188, 28.371390997679317 ], [ -81.427053636697366, 28.371346252883487 ], [ -81.4271040097276, 28.371353175411432 ], [ -81.427096231801457, 28.371397920210139 ] ] ], [ [ [ -81.426987707710737, 28.371428819911841 ], [ -81.426995485697176, 28.371384075124617 ], [ -81.427045858745188, 28.371390997679317 ], [ -81.427038080784783, 28.371435742469338 ], [ -81.426987707710737, 28.371428819911841 ] ] ], [ [ [ -81.426987707710737, 28.371428819911841 ], [ -81.426979929716055, 28.371473564693247 ], [ -81.426929556624216, 28.371466642108967 ], [ -81.426937334644933, 28.371421897330443 ], [ -81.426987707710737, 28.371428819911841 ] ] ], [ [ [ -81.426921778595258, 28.37151138688175 ], [ -81.426871405485642, 28.371504464270746 ], [ -81.42687918354062, 28.371459719500827 ], [ -81.426929556624216, 28.371466642108967 ], [ -81.426921778595258, 28.37151138688175 ] ] ], [ [ [ -81.426821032384268, 28.371497541635904 ], [ -81.426871405485642, 28.371504464270746 ], [ -81.426863627422406, 28.3715492090349 ], [ -81.426813254295013, 28.371542286397155 ], [ -81.426821032384268, 28.371497541635904 ] ] ], [ [ [ -81.426805476197487, 28.371587031152664 ], [ -81.426755103052301, 28.371580108488217 ], [ -81.426762881175847, 28.371535363735617 ], [ -81.426813254295013, 28.371542286397155 ], [ -81.426805476197487, 28.371587031152664 ] ] ], [ [ [ -81.426696951757549, 28.371617930543913 ], [ -81.426704729915372, 28.371573185799942 ], [ -81.426755103052301, 28.371580108488217 ], [ -81.426747324920527, 28.37162485323508 ], [ -81.426696951757549, 28.371617930543913 ] ] ], [ [ [ -81.426696951757549, 28.371617930543913 ], [ -81.426689173591498, 28.371662675282117 ], [ -81.426638800410743, 28.37165575256428 ], [ -81.426646578602842, 28.371611007828911 ], [ -81.426696951757549, 28.371617930543913 ] ] ], [ [ [ -81.426631022210415, 28.371700497293837 ], [ -81.426580649011882, 28.371693574549234 ], [ -81.426588427238258, 28.371648829822529 ], [ -81.426638800410743, 28.37165575256428 ], [ -81.426631022210415, 28.371700497293837 ] ] ], [ [ [ -81.426530275821605, 28.371686651780763 ], [ -81.426580649011882, 28.371693574549234 ], [ -81.426572870777278, 28.371738319270168 ], [ -81.426522497560953, 28.371731396498856 ], [ -81.426530275821605, 28.371686651780763 ] ] ], [ [ [ -81.426514719292072, 28.371776141211125 ], [ -81.426464346057969, 28.371769218413061 ], [ -81.426472124352884, 28.371724473703615 ], [ -81.426522497560953, 28.371731396498856 ], [ -81.426514719292072, 28.371776141211125 ] ] ], [ [ [ -81.427061047421276, 28.371897035152575 ], [ -81.427010674070331, 28.371890112614217 ], [ -81.427018452087083, 28.371845367879065 ], [ -81.427068825411979, 28.371852290414619 ], [ -81.427061047421276, 28.371897035152575 ] ] ], [ [ [ -81.426456567754812, 28.371813963116725 ], [ -81.426406194502931, 28.371807040291955 ], [ -81.426413972832123, 28.37176229559115 ], [ -81.426464346057969, 28.371769218413061 ], [ -81.426456567754812, 28.371813963116725 ] ] ], [ [ [ -81.427002896045352, 28.371934857343504 ], [ -81.426952522676643, 28.371927934778366 ], [ -81.426960300727657, 28.371883190051939 ], [ -81.427010674070331, 28.371890112614217 ], [ -81.427002896045352, 28.371934857343504 ] ] ], [ [ [ -81.426902149316177, 28.371921012189397 ], [ -81.426952522676643, 28.371927934778366 ], [ -81.426944744617373, 28.371972679499056 ], [ -81.426894371230887, 28.371965756907237 ], [ -81.426902149316177, 28.371921012189397 ] ] ], [ [ [ -81.42688659313734, 28.37201050161924 ], [ -81.426836219733048, 28.372003579000676 ], [ -81.426843997852629, 28.371958834291483 ], [ -81.426894371230887, 28.371965756907237 ], [ -81.42688659313734, 28.37201050161924 ] ] ], [ [ [ -81.426828441605267, 28.37204832370411 ], [ -81.426778068183182, 28.372041401058823 ], [ -81.42678584633704, 28.371996656358281 ], [ -81.426836219733048, 28.372003579000676 ], [ -81.426828441605267, 28.37204832370411 ] ] ], [ [ [ -81.426529904856494, 28.37228217825222 ], [ -81.426479531319472, 28.372275255470477 ], [ -81.426487309652927, 28.372230510818881 ], [ -81.426537683163914, 28.372237433597824 ], [ -81.426529904856494, 28.37228217825222 ] ] ], [ [ [ -81.426413601047003, 28.372357821944899 ], [ -81.426363227474411, 28.372350899109705 ], [ -81.426371005876419, 28.372306154475378 ], [ -81.426421379422962, 28.372313077307783 ], [ -81.426413601047003, 28.372357821944899 ] ] ], [ [ [ -81.426312853910076, 28.37234397625059 ], [ -81.426363227474411, 28.372350899109705 ], [ -81.426355449064161, 28.372395643738205 ], [ -81.426305075473792, 28.372388720876248 ], [ -81.426312853910076, 28.37234397625059 ] ] ], [ [ [ -81.426750659874116, 28.372495770420233 ], [ -81.426742881655684, 28.372540515060045 ], [ -81.426692507947209, 28.372533592383295 ], [ -81.426700286191675, 28.372488847746336 ], [ -81.426750659874116, 28.372495770420233 ] ] ], [ [ [ -81.426634355968247, 28.372571414311022 ], [ -81.426583982250236, 28.372564491583674 ], [ -81.426591760554999, 28.37251974695824 ], [ -81.426642134246976, 28.372526669682674 ], [ -81.426634355968247, 28.372571414311022 ] ] ], [ [ [ -81.426467678100565, 28.372640135279561 ], [ -81.42641730435524, 28.372633212474902 ], [ -81.426425082754605, 28.372588467869608 ], [ -81.426475456473881, 28.372595390671378 ], [ -81.426467678100565, 28.372640135279561 ] ] ], [ [ [ -81.426692138121794, 28.373129117541804 ], [ -81.426684359814075, 28.373173862103545 ], [ -81.426734733903601, 28.373180784772568 ], [ -81.426726955613688, 28.373225529331414 ], [ -81.427029200480391, 28.373267064861615 ], [ -81.427036978614083, 28.373222320285628 ], [ -81.427137726916925, 28.373236165265759 ], [ -81.427114392647383, 28.373370398993547 ], [ -81.426761773185035, 28.373321941085514 ], [ -81.426753994896444, 28.373366685629886 ], [ -81.42630062737625, 28.3733043808612 ], [ -81.426308405899192, 28.373259636342599 ], [ -81.426157283619133, 28.373238867665339 ], [ -81.42616506221195, 28.373194123149528 ], [ -81.426265810338307, 28.373207968952503 ], [ -81.426273588870814, 28.373163224425141 ], [ -81.426374336978114, 28.373177070126911 ], [ -81.426382115450281, 28.37313232558812 ], [ -81.426533237595052, 28.373153093953231 ], [ -81.426541015980874, 28.373108349400042 ], [ -81.426692138121794, 28.373129117541804 ] ] ], [ [ [ -81.426738068788836, 28.374051698429145 ], [ -81.426730290420494, 28.374096442886746 ], [ -81.426629541158661, 28.374082597553635 ], [ -81.426637319579058, 28.374037853101704 ], [ -81.426738068788836, 28.374051698429145 ] ] ], [ [ [ -81.426118016655636, 28.374058113873552 ], [ -81.42612579534466, 28.374013369456069 ], [ -81.426377668148476, 28.374047983803159 ], [ -81.426369889589651, 28.374092728234974 ], [ -81.426218765804478, 28.374071959689719 ], [ -81.426210987159294, 28.374116704107173 ], [ -81.42616061255471, 28.37410978120819 ], [ -81.426168391225929, 28.374065036793564 ], [ -81.426118016655636, 28.374058113873552 ] ] ], [ [ [ -81.426137276491616, 28.374244014417247 ], [ -81.426238025865274, 28.374257860208573 ], [ -81.426230247213169, 28.374302604605781 ], [ -81.426179872496178, 28.374295681719158 ], [ -81.426172093809797, 28.374340426107754 ], [ -81.4260713443485, 28.374326580257272 ], [ -81.42607912308695, 28.374281835874434 ], [ -81.426129497787443, 28.374288758808742 ], [ -81.426137276491616, 28.374244014417247 ] ] ], [ [ [ -81.426753256099843, 28.374557732439783 ], [ -81.426652506284199, 28.374543887144906 ], [ -81.426660284734908, 28.374499142745137 ], [ -81.426761034498469, 28.374512988034212 ], [ -81.426753256099843, 28.374557732439783 ] ] ], [ [ [ -81.42640841047043, 28.374464529104639 ], [ -81.426400631889535, 28.374509273490148 ], [ -81.426199132522399, 28.374481582136784 ], [ -81.426206911207444, 28.374436837762676 ], [ -81.42640841047043, 28.374464529104639 ] ] ], [ [ [ -81.426652506284199, 28.374543887144906 ], [ -81.426644727825263, 28.374588631538952 ], [ -81.426594352903777, 28.37458170885288 ], [ -81.426602131388762, 28.374536964461726 ], [ -81.426652506284199, 28.374543887144906 ] ] ], [ [ [ -81.426586574410564, 28.374626453238289 ], [ -81.426485824540279, 28.374612607788784 ], [ -81.426493603085575, 28.374567863409091 ], [ -81.426594352903777, 28.37458170885288 ], [ -81.426586574410564, 28.374626453238289 ] ] ], [ [ [ -81.426478045986755, 28.374657352162703 ], [ -81.426377296097414, 28.374643506612049 ], [ -81.426400631889535, 28.374509273490148 ], [ -81.426451006751961, 28.374516196268825 ], [ -81.426435449617529, 28.374605685028232 ], [ -81.426485824540279, 28.374612607788784 ], [ -81.426478045986755, 28.374657352162703 ] ] ], [ [ [ -81.426229874121958, 28.374898127019282 ], [ -81.426179499049951, 28.374891204143253 ], [ -81.426195056508021, 28.374801715487646 ], [ -81.426245431527946, 28.37480863835793 ], [ -81.426229874121958, 28.374898127019282 ] ] ], [ [ [ -81.426113566443078, 28.374973769870202 ], [ -81.426098008867001, 28.37506325847388 ], [ -81.426047633707341, 28.375056335538673 ], [ -81.426063191335487, 28.374966846940712 ], [ -81.426113566443078, 28.374973769870202 ] ] ], [ [ [ -81.426241355673227, 28.375128771437982 ], [ -81.426233576942721, 28.375173515733948 ], [ -81.426183201706223, 28.375166592864648 ], [ -81.426190980462763, 28.375121848571528 ], [ -81.426241355673227, 28.375128771437982 ] ] ], [ [ [ -81.426435077971277, 28.37520120697252 ], [ -81.42642729933668, 28.375245951274177 ], [ -81.426376924041108, 28.375239028497436 ], [ -81.426384702701753, 28.375194284198692 ], [ -81.426435077971277, 28.37520120697252 ] ] ], [ [ [ -81.425834276810832, 28.375393520681957 ], [ -81.425783901475882, 28.375386597628435 ], [ -81.425807238415942, 28.375252364895839 ], [ -81.425857613672775, 28.3752592879408 ], [ -81.425834276810832, 28.375393520681957 ] ] ], [ [ [ -81.426539532366917, 28.375490440925436 ], [ -81.426388406040118, 28.37546967269563 ], [ -81.426396184715898, 28.375424928422898 ], [ -81.42654731096458, 28.37544569664411 ], [ -81.426539532366917, 28.375490440925436 ] ] ], [ [ [ -81.4261131925265, 28.375569291242588 ], [ -81.426105413687566, 28.375614035477909 ], [ -81.426055038198925, 28.375607112556114 ], [ -81.426062817063908, 28.375562368323667 ], [ -81.4261131925265, 28.375569291242588 ] ] ], [ [ [ -81.425853536326926, 28.375579420630359 ], [ -81.425837978363944, 28.375668909055065 ], [ -81.425787602864489, 28.375661986008282 ], [ -81.425803160879568, 28.3755724975893 ], [ -81.425853536326926, 28.375579420630359 ] ] ], [ [ [ -81.426132452696336, 28.375755191055653 ], [ -81.426109116134057, 28.375889423683521 ], [ -81.426058740480926, 28.375882500768487 ], [ -81.426082077121322, 28.375748268149195 ], [ -81.426132452696336, 28.375755191055653 ] ] ], [ [ [ -81.425857237950936, 28.375854808869565 ], [ -81.425806862339087, 28.375847885835178 ], [ -81.425814641357661, 28.375803141648841 ], [ -81.425865016943476, 28.375810064680351 ], [ -81.425857237950936, 28.375854808869565 ] ] ], [ [ [ -81.426411370226205, 28.375930960672733 ], [ -81.426360994523534, 28.375924037900866 ], [ -81.42636877325566, 28.37587929368307 ], [ -81.426419148932283, 28.375886216452074 ], [ -81.426411370226205, 28.375930960672733 ] ] ], [ [ [ -81.428345609126524, 28.355901049336676 ], [ -81.428337833279798, 28.355945796027768 ], [ -81.42828746933165, 28.355938873803332 ], [ -81.428295245204396, 28.355894127115135 ], [ -81.428345609126524, 28.355901049336676 ] ] ], [ [ [ -81.42833005742483, 28.355990542713023 ], [ -81.428337833279798, 28.355945796027768 ], [ -81.428388197236202, 28.355952718228306 ], [ -81.428380421407269, 28.355997464916406 ], [ -81.42833005742483, 28.355990542713023 ] ] ], [ [ [ -81.42852373764498, 28.356062978074348 ], [ -81.428515961877665, 28.356107724759465 ], [ -81.42846559781843, 28.356100802621963 ], [ -81.428473373611766, 28.356056055939707 ], [ -81.42852373764498, 28.356062978074348 ] ] ], [ [ [ -81.427927145862398, 28.355935164226722 ], [ -81.428128601577626, 28.355962853660746 ], [ -81.428120825610307, 28.356007600328773 ], [ -81.428171189585768, 28.356014522630531 ], [ -81.428163413636256, 28.356059269295628 ], [ -81.428213777645993, 28.356066191576343 ], [ -81.428206001714273, 28.356110938238547 ], [ -81.428256365758287, 28.356117860498241 ], [ -81.428248589844372, 28.356162607157476 ], [ -81.428298953922663, 28.356169529396162 ], [ -81.428291178026527, 28.35621427605254 ], [ -81.428341542139108, 28.356221198270188 ], [ -81.428333766260764, 28.356265944923607 ], [ -81.428233037991831, 28.356252100458644 ], [ -81.428217486106348, 28.356341593736612 ], [ -81.428116757766276, 28.356327749164777 ], [ -81.4281245337652, 28.356283002534397 ], [ -81.428023805510193, 28.356269157872816 ], [ -81.428031581552915, 28.356224411242344 ], [ -81.427930853382975, 28.356210566491036 ], [ -81.427938629469537, 28.356165819860529 ], [ -81.427888265422965, 28.356158897451905 ], [ -81.427896041527319, 28.356114150818453 ], [ -81.427845677515023, 28.356107228388868 ], [ -81.427853453637184, 28.35606248175247 ], [ -81.427903817623445, 28.356069404179209 ], [ -81.427927145862398, 28.355935164226722 ] ] ], [ [ [ -81.428391548480832, 28.356823670934212 ], [ -81.428341184005149, 28.356816748751001 ], [ -81.428348959930233, 28.356772002161325 ], [ -81.428399324379896, 28.356778924341725 ], [ -81.428391548480832, 28.356823670934212 ] ] ], [ [ [ -81.428492277456954, 28.356837515229124 ], [ -81.42848450160173, 28.356882261821603 ], [ -81.428434137083514, 28.356875339683214 ], [ -81.428449688837802, 28.356785846498244 ], [ -81.428550417778368, 28.356799690739738 ], [ -81.428542641957392, 28.356844437340801 ], [ -81.428492277456954, 28.356837515229124 ] ] ], [ [ [ -81.428937782636922, 28.356944559993181 ], [ -81.428930007007708, 28.356989306605531 ], [ -81.428879642389219, 28.356982384679082 ], [ -81.428887418044454, 28.35693763806956 ], [ -81.428937782636922, 28.356944559993181 ] ] ], [ [ [ -81.42768426998137, 28.360300042485619 ], [ -81.427676493379749, 28.360344788615283 ], [ -81.42762612686424, 28.360337866158602 ], [ -81.427633903491895, 28.360293120031766 ], [ -81.42768426998137, 28.360300042485619 ] ] ], [ [ [ -81.427401330639967, 28.360444414404562 ], [ -81.427350964087623, 28.360437491819933 ], [ -81.42736651764443, 28.360347999623816 ], [ -81.427416884144705, 28.360354922202745 ], [ -81.427401330639967, 28.360444414404562 ] ] ], [ [ [ -81.427854629982349, 28.360506716592077 ], [ -81.427804263355753, 28.360499794222275 ], [ -81.427812039903998, 28.360455048101382 ], [ -81.427862406504559, 28.360461970468343 ], [ -81.427854629982349, 28.360506716592077 ] ] ], [ [ [ -81.427839076913216, 28.360596208822233 ], [ -81.427831300366307, 28.360640954928662 ], [ -81.427881667079248, 28.360647877283146 ], [ -81.427866114012772, 28.360737369484323 ], [ -81.427715013742514, 28.36071660233198 ], [ -81.427722790357961, 28.360671856242845 ], [ -81.427470956869357, 28.360637243859294 ], [ -81.427478733606719, 28.360592497778711 ], [ -81.427176533848879, 28.360550962148061 ], [ -81.427184310734191, 28.360506216078825 ], [ -81.427738343564144, 28.360582364047303 ], [ -81.427730566965167, 28.360627110147981 ], [ -81.427780933661623, 28.360634032550237 ], [ -81.427788710234552, 28.360589286446718 ], [ -81.427839076913216, 28.360596208822233 ] ] ], [ [ [ -81.428160538386692, 28.360823649253746 ], [ -81.428059804713854, 28.360809804790023 ], [ -81.428075357588554, 28.360720312577595 ], [ -81.428176091157269, 28.360734157029917 ], [ -81.428160538386692, 28.360823649253746 ] ] ], [ [ [ -81.428245719393132, 28.360926985834201 ], [ -81.428195352484025, 28.360920063656277 ], [ -81.428210905235488, 28.36083057144986 ], [ -81.428261272092527, 28.360837493622043 ], [ -81.428245719393132, 28.360926985834201 ] ] ], [ [ [ -81.4279705554288, 28.361026612937909 ], [ -81.42796277891189, 28.361071359003667 ], [ -81.427912411939914, 28.361064436694999 ], [ -81.427920188482858, 28.361019690632123 ], [ -81.4279705554288, 28.361026612937909 ] ] ], [ [ [ -81.427559843367121, 28.36101597986616 ], [ -81.427509476461154, 28.361009057366559 ], [ -81.427517253212343, 28.360964311326541 ], [ -81.427567620092276, 28.36097123382325 ], [ -81.427559843367121, 28.36101597986616 ] ] ], [ [ [ -81.428055736407515, 28.361129949615076 ], [ -81.428005369393006, 28.361123027351301 ], [ -81.428013145892109, 28.361078281288489 ], [ -81.428063512880598, 28.361085203549393 ], [ -81.428055736407515, 28.361129949615076 ] ] ], [ [ [ -81.427610210281344, 28.361022902341865 ], [ -81.427594656858389, 28.361112394416011 ], [ -81.427544289892111, 28.361105471934575 ], [ -81.427559843367121, 28.36101597986616 ], [ -81.427610210281344, 28.361022902341865 ] ] ], [ [ [ -81.428156470461289, 28.361143794071133 ], [ -81.428148694032032, 28.36118854013672 ], [ -81.42809832697499, 28.361181617917811 ], [ -81.428106103430281, 28.361136871855031 ], [ -81.428156470461289, 28.361143794071133 ] ] ], [ [ [ -81.428249428170872, 28.361202384503013 ], [ -81.428241651785441, 28.361247130568536 ], [ -81.428191284685866, 28.361240208394491 ], [ -81.428199061097331, 28.3611954623318 ], [ -81.428249428170872, 28.361202384503013 ] ] ], [ [ [ -81.428001300865375, 28.361443171912875 ], [ -81.427900566480176, 28.361429327321417 ], [ -81.427892789889157, 28.361474073335096 ], [ -81.427842422682915, 28.361467151000735 ], [ -81.427873529101703, 28.361288166922662 ], [ -81.427823162007826, 28.361281244575878 ], [ -81.427830938617959, 28.361236498544756 ], [ -81.42798203984627, 28.36125726550506 ], [ -81.427974263314212, 28.361302011544741 ], [ -81.428024630432859, 28.36130893381997 ], [ -81.428016853918592, 28.36135367985673 ], [ -81.428067221071515, 28.36136060211097 ], [ -81.428059444575055, 28.361405348144782 ], [ -81.428009077396098, 28.361398425887693 ], [ -81.428001300865375, 28.361443171912875 ] ] ], [ [ [ -81.427710581536331, 28.361632290222968 ], [ -81.427609846973354, 28.361618445364272 ], [ -81.427625400473346, 28.361528953405998 ], [ -81.427675767698645, 28.361535875841518 ], [ -81.427667990978804, 28.361580621826416 ], [ -81.427718358238394, 28.361587544240987 ], [ -81.427710581536331, 28.361632290222968 ] ] ], [ [ [ -81.427388753330249, 28.362000391346069 ], [ -81.427373199492877, 28.362089883159964 ], [ -81.42727246443971, 28.362076037999767 ], [ -81.427303572289745, 28.361897054371735 ], [ -81.42735393970807, 28.361903976952359 ], [ -81.427338385851598, 28.361993468783616 ], [ -81.427388753330249, 28.362000391346069 ] ] ], [ [ [ -81.42776058658184, 28.362234754682639 ], [ -81.427745033095078, 28.362324246495966 ], [ -81.427694665394242, 28.362317324107305 ], [ -81.427686888612484, 28.36236207000244 ], [ -81.427636520893856, 28.362355147587039 ], [ -81.427628744077822, 28.362399893473512 ], [ -81.42757837634143, 28.362392971031372 ], [ -81.427586153183469, 28.362348225147734 ], [ -81.427535785481339, 28.362341302684623 ], [ -81.427543562341199, 28.36229655679805 ], [ -81.427493194673346, 28.362289634313925 ], [ -81.427508748420408, 28.362200142529126 ], [ -81.42760948366022, 28.362213987462184 ], [ -81.427617260469347, 28.362169241555385 ], [ -81.427667628075596, 28.362176163983229 ], [ -81.427659851292518, 28.362220909892859 ], [ -81.42776058658184, 28.362234754682639 ] ] ], [ [ [ -81.427946503981005, 28.362351935812107 ], [ -81.427938727329405, 28.362396681721528 ], [ -81.427888359569522, 28.362389759425451 ], [ -81.427896136247156, 28.362345013518894 ], [ -81.427946503981005, 28.362351935812107 ] ] ], [ [ [ -81.427353574590342, 28.362499518606093 ], [ -81.427252839052088, 28.362485673442208 ], [ -81.427268393089747, 28.362396181738141 ], [ -81.427318760802692, 28.362403104326294 ], [ -81.42731098381401, 28.362447850184111 ], [ -81.427361351561217, 28.362454772751267 ], [ -81.427353574590342, 28.362499518606093 ] ] ], [ [ [ -81.42705914520171, 28.362413236990328 ], [ -81.427008777504, 28.362406314279948 ], [ -81.42698544601997, 28.362540551767122 ], [ -81.426935078252427, 28.362533629024366 ], [ -81.426942855448033, 28.362488883203923 ], [ -81.426892487714767, 28.362481960440139 ], [ -81.426900264928179, 28.362437214616801 ], [ -81.426849897229189, 28.362430291832034 ], [ -81.426865451683369, 28.362340800173708 ], [ -81.42691581933029, 28.362347722952773 ], [ -81.426923596518975, 28.362302977112083 ], [ -81.427024331785503, 28.362316822592973 ], [ -81.427016554648873, 28.36236156843934 ], [ -81.427066922320549, 28.362368491146849 ], [ -81.42705914520171, 28.362413236990328 ] ] ], [ [ [ -81.427504677959575, 28.362520286172973 ], [ -81.427512454852376, 28.362475540309589 ], [ -81.427613190421084, 28.362489385229125 ], [ -81.427605413580338, 28.362534131098279 ], [ -81.427555045765843, 28.362527208647577 ], [ -81.427547268890848, 28.362571954508045 ], [ -81.427446533234516, 28.362558109529346 ], [ -81.427454310161593, 28.362513363674569 ], [ -81.427504677959575, 28.362520286172973 ] ] ], [ [ [ -81.427740963523405, 28.362644390045286 ], [ -81.427748740302505, 28.362599644179124 ], [ -81.42779910817606, 28.362606566537234 ], [ -81.427806884920898, 28.362561820662442 ], [ -81.427907620640667, 28.362575665301389 ], [ -81.427915397325208, 28.362530919415065 ], [ -81.427965765171436, 28.36253784169589 ], [ -81.427973541821714, 28.362493095800968 ], [ -81.428023909650165, 28.362500018055055 ], [ -81.428031686266166, 28.362455272151479 ], [ -81.428082054076839, 28.362462194378832 ], [ -81.42809760723209, 28.362372702548612 ], [ -81.428248710557426, 28.362393469070394 ], [ -81.428256487044592, 28.362348723137998 ], [ -81.428357222584012, 28.362362567360822 ], [ -81.428349446148914, 28.362407313298881 ], [ -81.428299078349042, 28.362400391196555 ], [ -81.428291301879653, 28.362445137126013 ], [ -81.428240934062018, 28.362438214996924 ], [ -81.428233157558381, 28.362482960917728 ], [ -81.428182789722953, 28.36247603876194 ], [ -81.42817501318504, 28.362520784674086 ], [ -81.428124645331835, 28.362513862491614 ], [ -81.428116868759645, 28.36255860839508 ], [ -81.428066500888676, 28.362551686185885 ], [ -81.428058724282224, 28.362596432080764 ], [ -81.428008356393448, 28.362589509844849 ], [ -81.428000579752748, 28.362634255731027 ], [ -81.427950211846195, 28.362627333468378 ], [ -81.427942435171218, 28.362672079345955 ], [ -81.427841699330813, 28.362658234743339 ], [ -81.427833922595539, 28.362702980609406 ], [ -81.427783554661673, 28.362696058269417 ], [ -81.427775777892123, 28.362740804126872 ], [ -81.427725409940479, 28.362733881760192 ], [ -81.42771763313668, 28.36277862760895 ], [ -81.427616897206093, 28.362764782798301 ], [ -81.427609120341984, 28.362809528635562 ], [ -81.42750838439234, 28.362795683723757 ], [ -81.427500607467934, 28.362840429549536 ], [ -81.427399871499233, 28.362826584536517 ], [ -81.427392094514531, 28.362871330350821 ], [ -81.427291358526773, 28.362857485236628 ], [ -81.427283581481746, 28.362902231039403 ], [ -81.427182845474945, 28.362888385824018 ], [ -81.427190622572013, 28.362843640026988 ], [ -81.427240990545258, 28.362850562643729 ], [ -81.427248767608063, 28.362805816838051 ], [ -81.427299135563544, 28.362812739428065 ], [ -81.427306912592073, 28.362767993613701 ], [ -81.427357280529762, 28.362774916177028 ], [ -81.427380611487848, 28.362640678690667 ], [ -81.427632450909599, 28.362675291106388 ], [ -81.427640227749009, 28.362630545251747 ], [ -81.427740963523405, 28.362644390045286 ] ] ], [ [ [ -81.427213953813805, 28.362709402601059 ], [ -81.427113218048248, 28.362695557313138 ], [ -81.427120995164458, 28.362650811498614 ], [ -81.427221730877932, 28.362664656780865 ], [ -81.427213953813805, 28.362709402601059 ] ] ], [ [ [ -81.427105440923839, 28.362740303121836 ], [ -81.427055073027404, 28.362733380439224 ], [ -81.427062850177848, 28.362688634633361 ], [ -81.427113218048248, 28.362695557313138 ], [ -81.427105440923839, 28.362740303121836 ] ] ], [ [ [ -81.427175068369635, 28.362933131615303 ], [ -81.427124700352564, 28.362926208968975 ], [ -81.427132477483909, 28.362881463180567 ], [ -81.427182845474945, 28.362888385824018 ], [ -81.427175068369635, 28.362933131615303 ] ] ], [ [ [ -81.427124700352564, 28.362926208968975 ], [ -81.427116923212992, 28.362970954751631 ], [ -81.427066555178158, 28.36296403207858 ], [ -81.427074332343764, 28.362919286298766 ], [ -81.427124700352564, 28.362926208968975 ] ] ], [ [ [ -81.427016187151565, 28.362957109381647 ], [ -81.427008409951696, 28.363001855152802 ], [ -81.426958041907326, 28.362994932429171 ], [ -81.42696581913323, 28.3629501866609 ], [ -81.427016187151565, 28.362957109381647 ] ] ], [ [ [ -81.426950264673181, 28.363039678191669 ], [ -81.426849528557142, 28.363025832667073 ], [ -81.426857305843328, 28.362981086910313 ], [ -81.426958041907326, 28.362994932429171 ], [ -81.426950264673181, 28.363039678191669 ] ] ], [ [ [ -81.426841751262685, 28.363070578418061 ], [ -81.426791383191016, 28.363063655617143 ], [ -81.426799160511493, 28.363018909868984 ], [ -81.426849528557142, 28.363025832667073 ], [ -81.426841751262685, 28.363070578418061 ] ] ], [ [ [ -81.427480983008678, 28.363250064217727 ], [ -81.427430614777663, 28.363243141721298 ], [ -81.427438391776192, 28.363198395947542 ], [ -81.427488759981159, 28.363205318441121 ], [ -81.427480983008678, 28.363250064217727 ] ] ], [ [ [ -81.427093591744864, 28.363105192064811 ], [ -81.427194327995494, 28.363119037356494 ], [ -81.42720210510771, 28.363074291585519 ], [ -81.427302841339284, 28.363088136775964 ], [ -81.427295064279122, 28.363132882552726 ], [ -81.427244696133187, 28.363125959966503 ], [ -81.427236919038762, 28.363170705734603 ], [ -81.427186550875035, 28.363163783121717 ], [ -81.427178773746348, 28.363208528881124 ], [ -81.427078037391595, 28.363194683578044 ], [ -81.427070260202612, 28.363239429325979 ], [ -81.427019892011558, 28.363232506635764 ], [ -81.427012114788312, 28.363277252375092 ], [ -81.426911378378932, 28.363263406917362 ], [ -81.42690360109539, 28.363308152645153 ], [ -81.42685323287705, 28.363301229877596 ], [ -81.426845455559203, 28.363345975596765 ], [ -81.426744719095225, 28.363332129984503 ], [ -81.426752496465113, 28.363287384271047 ], [ -81.426802864666939, 28.363294307086271 ], [ -81.426810642002579, 28.363249561364192 ], [ -81.426861010186627, 28.363256484152735 ], [ -81.426868787487976, 28.363211738422009 ], [ -81.426919155654261, 28.363218661183822 ], [ -81.426926932921347, 28.363173915444449 ], [ -81.42702766922659, 28.363187760890703 ], [ -81.427035446433365, 28.363143015139816 ], [ -81.427085814572337, 28.363149937824328 ], [ -81.427093591744864, 28.363105192064811 ] ] ], [ [ [ -81.426694350875607, 28.363325207142523 ], [ -81.426744719095225, 28.363332129984503 ], [ -81.426736941717095, 28.363376875692104 ], [ -81.426686573471443, 28.3633699528473 ], [ -81.426694350875607, 28.363325207142523 ] ] ], [ [ [ -81.427527280821849, 28.363577129453081 ], [ -81.427511726840976, 28.363666620919382 ], [ -81.427360621420306, 28.363645853424497 ], [ -81.427368398492945, 28.363601107702831 ], [ -81.427318030061926, 28.363594185159663 ], [ -81.427333584234574, 28.363504693704694 ], [ -81.427383952613539, 28.363511616242125 ], [ -81.42739172966148, 28.363466870503142 ], [ -81.427442098022652, 28.363473793013849 ], [ -81.427434321000746, 28.363518538755731 ], [ -81.427484689396223, 28.363525461245437 ], [ -81.427476912392095, 28.363570206984392 ], [ -81.427527280821849, 28.363577129453081 ] ] ], [ [ [ -81.427066188030594, 28.363559572085911 ], [ -81.427015819649085, 28.363552649399562 ], [ -81.427023596895722, 28.363507903692096 ], [ -81.426872491878797, 28.363487135498435 ], [ -81.426880269195294, 28.363442389793832 ], [ -81.427081742463571, 28.363470080659503 ], [ -81.427073965251196, 28.363514826375575 ], [ -81.427124333614927, 28.363521749035225 ], [ -81.427108779217534, 28.363611240455739 ], [ -81.427058410801749, 28.363604317790418 ], [ -81.427066188030594, 28.363559572085911 ] ] ], [ [ [ -81.42719396174769, 28.363714577123659 ], [ -81.427143593263324, 28.363707654500303 ], [ -81.427151370456571, 28.363662908801675 ], [ -81.427201738914917, 28.363669831422136 ], [ -81.42719396174769, 28.363714577123659 ] ] ], [ [ [ -81.427523210364896, 28.363897271948666 ], [ -81.427515433346969, 28.36394201764702 ], [ -81.427465064700712, 28.363935095179315 ], [ -81.427472841744688, 28.363890349483778 ], [ -81.427523210364896, 28.363897271948666 ] ] ], [ [ [ -81.427255813041867, 28.363952150748133 ], [ -81.427263590198208, 28.363907405069838 ], [ -81.427313958811453, 28.363914327632994 ], [ -81.427306181681146, 28.363959073314209 ], [ -81.427356550328682, 28.363965995856343 ], [ -81.427348773216181, 28.364010741534624 ], [ -81.427298404542611, 28.364003818989584 ], [ -81.427290627395848, 28.364048564659182 ], [ -81.427139521346561, 28.364027796872353 ], [ -81.427147298571427, 28.363983051211324 ], [ -81.427096929930869, 28.363976128570851 ], [ -81.427112484407971, 28.363886637237147 ], [ -81.427062115827724, 28.36387971457852 ], [ -81.427069893079945, 28.363834968905877 ], [ -81.427170630196628, 28.363848814193531 ], [ -81.42716285299646, 28.363893559871919 ], [ -81.427213221593206, 28.36390048248278 ], [ -81.427205444410845, 28.363945228158283 ], [ -81.427255813041867, 28.363952150748133 ] ] ], [ [ [ -81.427433956442499, 28.364114077903615 ], [ -81.427418402263967, 28.364203569231087 ], [ -81.427368033469762, 28.364196646722384 ], [ -81.427383587700362, 28.364107155400617 ], [ -81.427433956442499, 28.364114077903615 ] ] ], [ [ [ -81.427460993990834, 28.364255237373857 ], [ -81.427410625162352, 28.364248314886105 ], [ -81.427418402263967, 28.364203569231087 ], [ -81.42746877106643, 28.364210491715962 ], [ -81.427460993990834, 28.364255237373857 ] ] ], [ [ [ -81.427503221696256, 28.36490244341724 ], [ -81.427452852478567, 28.364895520961127 ], [ -81.427460629617386, 28.364850775378425 ], [ -81.427510998809055, 28.364857697831763 ], [ -81.427503221696256, 28.36490244341724 ] ] ], [ [ [ -81.42708471351888, 28.364936554207837 ], [ -81.427034344315118, 28.364929631555061 ], [ -81.427042121678681, 28.364884886006884 ], [ -81.42709249085641, 28.364891808656768 ], [ -81.42708471351888, 28.364936554207837 ] ] ], [ [ [ -81.426983975119626, 28.364922708878424 ], [ -81.427034344315118, 28.364929631555061 ], [ -81.427026566943326, 28.3649743770975 ], [ -81.4269761977218, 28.36496745441805 ], [ -81.426983975119626, 28.364922708878424 ] ] ], [ [ [ -81.42727841317479, 28.365008990137 ], [ -81.427228043911995, 28.365002067576835 ], [ -81.42723582117965, 28.36495732202297 ], [ -81.42728619041641, 28.364964244580268 ], [ -81.42727841317479, 28.365008990137 ] ] ], [ [ [ -81.427220266636098, 28.365046813124909 ], [ -81.427169897355512, 28.365039890538014 ], [ -81.427177674657443, 28.364995144992797 ], [ -81.427228043911995, 28.365002067576835 ], [ -81.427220266636098, 28.365046813124909 ] ] ], [ [ [ -81.42705360408641, 28.365115536354299 ], [ -81.427003234778525, 28.365108613690108 ], [ -81.427011012175029, 28.365063868165016 ], [ -81.427061381456895, 28.365070790826341 ], [ -81.42705360408641, 28.365115536354299 ] ] ], [ [ [ -81.426945088048129, 28.365146436518479 ], [ -81.426894718730708, 28.365139513803651 ], [ -81.426902496187523, 28.365094768290113 ], [ -81.426952865478896, 28.365101691002049 ], [ -81.426945088048129, 28.365146436518479 ] ] ], [ [ [ -81.426886941265678, 28.365184259311501 ], [ -81.42683657193048, 28.365177336569968 ], [ -81.426844349421557, 28.365132591065056 ], [ -81.426894718730708, 28.365139513803651 ], [ -81.426886941265678, 28.365184259311501 ] ] ], [ [ [ -81.426778425078197, 28.365215159300874 ], [ -81.426728055733477, 28.365208236508774 ], [ -81.426735833284852, 28.365163491015345 ], [ -81.426786202603537, 28.365170413804591 ], [ -81.426778425078197, 28.365215159300874 ] ] ], [ [ [ -81.426728055733477, 28.365208236508774 ], [ -81.42672027817386, 28.365252981996445 ], [ -81.426669908811363, 28.365246059177618 ], [ -81.426677686396999, 28.365201313692843 ], [ -81.426728055733477, 28.365208236508774 ] ] ], [ [ [ -81.42646843144388, 28.365218367663701 ], [ -81.426418062122622, 28.365211444725531 ], [ -81.426425839838444, 28.365166699255035 ], [ -81.426476209133654, 28.365173622190316 ], [ -81.42646843144388, 28.365218367663701 ] ] ], [ [ [ -81.426611761837194, 28.365283881811138 ], [ -81.426561392465175, 28.365276958941692 ], [ -81.426569170111108, 28.365232213468353 ], [ -81.426619539457107, 28.365239136334928 ], [ -81.426611761837194, 28.365283881811138 ] ] ], [ [ [ -81.426418062122622, 28.365211444725531 ], [ -81.426410284398585, 28.365256190190298 ], [ -81.426359915059564, 28.365249267225394 ], [ -81.426367692809649, 28.36520452176352 ], [ -81.426418062122622, 28.365211444725531 ] ] ], [ [ [ -81.426561392465175, 28.365276958941692 ], [ -81.42655361481097, 28.365321704409162 ], [ -81.426452876039605, 28.365307858593045 ], [ -81.426460653745863, 28.365263113131295 ], [ -81.426561392465175, 28.365276958941692 ] ] ], [ [ [ -81.426452876039605, 28.365307858593045 ], [ -81.426445098325118, 28.365352604049075 ], [ -81.426394728925771, 28.365345681102365 ], [ -81.426402506666307, 28.365300935649216 ], [ -81.426452876039605, 28.365307858593045 ] ] ], [ [ [ -81.4271928629733, 28.365501190879247 ], [ -81.427142493424142, 28.36549426828763 ], [ -81.427150270782406, 28.36544952279743 ], [ -81.427200640305543, 28.365456445386165 ], [ -81.4271928629733, 28.365501190879247 ] ] ], [ [ [ -81.427308791199906, 28.366021081175329 ], [ -81.427258421331359, 28.36601415864769 ], [ -81.42726619867608, 28.365969413209626 ], [ -81.427316568518592, 28.365976335734384 ], [ -81.427308791199906, 28.366021081175329 ] ] ], [ [ [ -81.426653983552569, 28.365931086455145 ], [ -81.426661761209687, 28.365886341051343 ], [ -81.426611391474452, 28.365879418216377 ], [ -81.426619169149376, 28.365834672809687 ], [ -81.426568799448432, 28.365827749953706 ], [ -81.42658435482565, 28.365738259128694 ], [ -81.426634724474525, 28.365745181978983 ], [ -81.426642502124736, 28.365700436554935 ], [ -81.426692871755819, 28.365707359378458 ], [ -81.426677316499223, 28.365796850226499 ], [ -81.426727686190631, 28.365803773031868 ], [ -81.426719908576018, 28.36584851845009 ], [ -81.426770278301717, 28.365855441234455 ], [ -81.426754723099833, 28.365944932059218 ], [ -81.426805092885843, 28.365951854825429 ], [ -81.426789537703101, 28.36604134563277 ], [ -81.426839907549422, 28.366048268380847 ], [ -81.426832129971729, 28.366093013778702 ], [ -81.42688249985234, 28.36609993650583 ], [ -81.426866944724296, 28.366189427289889 ], [ -81.426917314665246, 28.36619634999882 ], [ -81.42690175955633, 28.36628584076546 ], [ -81.426851389563311, 28.366278918050806 ], [ -81.426859167147924, 28.366234172673217 ], [ -81.42680879718921, 28.36622724993758 ], [ -81.426816574791616, 28.366182504557081 ], [ -81.426766204867164, 28.366175581800409 ], [ -81.42677398248739, 28.366130836416975 ], [ -81.426723612597229, 28.366123913639314 ], [ -81.426739167864994, 28.366034422860817 ], [ -81.426688798035173, 28.366027500064984 ], [ -81.426704353322066, 28.36593800926909 ], [ -81.426653983552569, 28.365931086455145 ] ] ], [ [ [ -81.427351383775814, 28.366072749117031 ], [ -81.427343606466692, 28.366117494549275 ], [ -81.427293236537821, 28.366110572039794 ], [ -81.427301013872977, 28.366065826610484 ], [ -81.427351383775814, 28.366072749117031 ] ] ], [ [ [ -81.426556947519373, 28.366192635901299 ], [ -81.426549169778554, 28.366237381261737 ], [ -81.426498799843316, 28.366230458380013 ], [ -81.426506577610169, 28.366185713022432 ], [ -81.426556947519373, 28.366192635901299 ] ] ], [ [ [ -81.426936574467788, 28.366382254205487 ], [ -81.426886204414458, 28.366375331509001 ], [ -81.42690175955633, 28.36628584076546 ], [ -81.426952129557591, 28.366292763456279 ], [ -81.426936574467788, 28.366382254205487 ] ] ], [ [ [ -81.426184726818221, 28.366553806151476 ], [ -81.426235096920479, 28.366560729175383 ], [ -81.42622731897535, 28.366605474469473 ], [ -81.426277689111885, 28.366612397472359 ], [ -81.426262133249011, 28.366701888048887 ], [ -81.426211763060408, 28.366694965040328 ], [ -81.426219541022007, 28.366650219757787 ], [ -81.426169170867681, 28.366643296728171 ], [ -81.426184726818221, 28.366553806151476 ] ] ], [ [ [ -81.426358798631526, 28.367035873827351 ], [ -81.426351020708182, 28.367080619075018 ], [ -81.426300650286535, 28.367073696115156 ], [ -81.426308428235913, 28.367028950870306 ], [ -81.426358798631526, 28.367035873827351 ] ] ], [ [ [ -81.426494354169122, 28.367146133061986 ], [ -81.426502132022605, 28.367101387811488 ], [ -81.426451761576203, 28.367094464923198 ], [ -81.426459539447478, 28.367049719669787 ], [ -81.426409169035381, 28.367042796760504 ], [ -81.426440280542266, 28.366863815700437 ], [ -81.426389910242563, 28.366856892778731 ], [ -81.426413243864332, 28.366722656931547 ], [ -81.426362873650987, 28.366715733994564 ], [ -81.426370651534455, 28.366670988703454 ], [ -81.426471391917374, 28.366684834547904 ], [ -81.426463614085961, 28.366729579844684 ], [ -81.426513984315832, 28.366736502733975 ], [ -81.426498428680347, 28.366825993315999 ], [ -81.426548798970529, 28.366832916187125 ], [ -81.426533243354172, 28.366922406751712 ], [ -81.426583613704679, 28.366929329604726 ], [ -81.426568058107435, 28.367018820151884 ], [ -81.426618428518282, 28.36702574298673 ], [ -81.426595095138751, 28.367159978772666 ], [ -81.426645465635929, 28.367166901592231 ], [ -81.426622132260363, 28.367301137334756 ], [ -81.426672502843914, 28.367308060139003 ], [ -81.426664725061627, 28.367352805377774 ], [ -81.426715095679455, 28.367359728161034 ], [ -81.426691762361258, 28.367493963851295 ], [ -81.426641391665328, 28.367487041059462 ], [ -81.426656947271098, 28.367397550610807 ], [ -81.426606576635479, 28.367390627800805 ], [ -81.426598798810673, 28.36743537302517 ], [ -81.426548428157275, 28.367428450188459 ], [ -81.426540650298207, 28.367473195404184 ], [ -81.426490279627032, 28.367466272540788 ], [ -81.426482501733688, 28.367511017747841 ], [ -81.426281019027371, 28.367483326044024 ], [ -81.426288797024839, 28.367438580848397 ], [ -81.426439908964113, 28.36745934965349 ], [ -81.426463242672824, 28.367325114006121 ], [ -81.42651361325764, 28.367332036884797 ], [ -81.426505835389008, 28.367376782109247 ], [ -81.426556206008101, 28.367383704966972 ], [ -81.426571761685082, 28.367294214506604 ], [ -81.42652139111803, 28.367287291654627 ], [ -81.426544724649801, 28.367153055929261 ], [ -81.426494354169122, 28.367146133061986 ] ] ], [ [ [ -81.426742133065446, 28.367500886619265 ], [ -81.426726577530872, 28.367590377056242 ], [ -81.426676206774616, 28.367583454282538 ], [ -81.426691762361258, 28.367493963851295 ], [ -81.426742133065446, 28.367500886619265 ] ] ], [ [ [ -81.427121766306669, 28.367690503619308 ], [ -81.42707139545837, 28.367683581033717 ], [ -81.427079173055773, 28.367638835803881 ], [ -81.427129543878053, 28.367645758386665 ], [ -81.427121766306669, 28.367690503619308 ] ] ], [ [ [ -81.426164721599918, 28.36755897041148 ], [ -81.426114350908406, 28.367552047372403 ], [ -81.426122129000476, 28.367507302196874 ], [ -81.426172499665938, 28.367514225233091 ], [ -81.426164721599918, 28.36755897041148 ] ] ], [ [ [ -81.426776948295384, 28.367597299806064 ], [ -81.426769170541775, 28.367642045018716 ], [ -81.426718799751228, 28.367635122266055 ], [ -81.426726577530872, 28.367590377056242 ], [ -81.426776948295384, 28.367597299806064 ] ] ], [ [ [ -81.426447315346849, 28.368010137541866 ], [ -81.426455093304767, 28.367965392395515 ], [ -81.426555835244656, 28.367979238113687 ], [ -81.426563613142264, 28.367934492955833 ], [ -81.426613984098537, 28.367941415776283 ], [ -81.426606206226978, 28.367986160936969 ], [ -81.426706948216378, 28.368000006511942 ], [ -81.42669917038863, 28.368044751672578 ], [ -81.426648799363761, 28.368037828894177 ], [ -81.426641021501737, 28.368082574046156 ], [ -81.426590650459104, 28.368075651241057 ], [ -81.426598428347162, 28.368030906091899 ], [ -81.426497686338706, 28.36801706041577 ], [ -81.426489908398594, 28.368061805559147 ], [ -81.426338795369702, 28.368041036857406 ], [ -81.42633101734323, 28.368085781986423 ], [ -81.426230275313173, 28.368071936060169 ], [ -81.426199162916674, 28.368250916495708 ], [ -81.426148791809879, 28.368243993485361 ], [ -81.426156569947395, 28.368199248388027 ], [ -81.426106198874905, 28.36819232535667 ], [ -81.426121755177292, 28.368102835150335 ], [ -81.426071384165112, 28.368095912100838 ], [ -81.426079162329984, 28.368051166991844 ], [ -81.426129533316129, 28.368058090038531 ], [ -81.426137311446723, 28.368013344920897 ], [ -81.42628842437658, 28.36803411390904 ], [ -81.426296202420829, 28.367989368777064 ], [ -81.426447315346849, 28.368010137541866 ] ] ], [ [ [ -81.42597064216551, 28.368082065930228 ], [ -81.425962863940342, 28.368126811027722 ], [ -81.425912492926884, 28.368119887903784 ], [ -81.4259202711781, 28.368075142809126 ], [ -81.42597064216551, 28.368082065930228 ] ] ], [ [ [ -81.426016936780357, 28.368409127701788 ], [ -81.42596656559418, 28.368402204608394 ], [ -81.425989900315173, 28.368267969394122 ], [ -81.426040271423247, 28.368274892478937 ], [ -81.426016936780357, 28.368409127701788 ] ] ], [ [ [ -81.42603619510642, 28.368595030998975 ], [ -81.425985823807849, 28.368588107917972 ], [ -81.42600915854959, 28.368453872764508 ], [ -81.426059529770043, 28.368460795836899 ], [ -81.42603619510642, 28.368595030998975 ] ] ], [ [ [ -81.426078788201579, 28.36864669910133 ], [ -81.42606323175356, 28.368736189174623 ], [ -81.426012860368644, 28.368729266108986 ], [ -81.426028416868732, 28.368639776041395 ], [ -81.426078788201579, 28.36864669910133 ] ] ], [ [ [ -81.426691022738822, 28.368685028879568 ], [ -81.426698800629808, 28.368640283794161 ], [ -81.426749172017892, 28.368647206538171 ], [ -81.426741394152941, 28.36869195162641 ], [ -81.42684213700592, 28.368705797048513 ], [ -81.426826581355442, 28.36879528721915 ], [ -81.426725838398312, 28.368781441785561 ], [ -81.426718060508648, 28.368826186856484 ], [ -81.42666768901644, 28.368819264101067 ], [ -81.426675466932124, 28.368774519033046 ], [ -81.42647398114994, 28.368746827784147 ], [ -81.42646620313009, 28.368791572840781 ], [ -81.426315088801985, 28.36877080414494 ], [ -81.426307310695805, 28.368815549187239 ], [ -81.426256939243572, 28.368808626238042 ], [ -81.426249161103129, 28.368853371271616 ], [ -81.426198789633105, 28.368846448295738 ], [ -81.426206567799596, 28.368801703264964 ], [ -81.426156196363891, 28.368794780268047 ], [ -81.42619508720297, 28.368571055041819 ], [ -81.426295829822308, 28.368584900983187 ], [ -81.426272495499788, 28.368719136153423 ], [ -81.426373238308344, 28.368732982016503 ], [ -81.426381016372019, 28.368688236959837 ], [ -81.426632873407698, 28.368722851185627 ], [ -81.42664065133296, 28.36867810610886 ], [ -81.426691022738822, 28.368685028879568 ] ] ], [ [ [ -81.426291754458731, 28.368905039254372 ], [ -81.426283976327824, 28.368949784279295 ], [ -81.426233604797488, 28.368942861321539 ], [ -81.42624138295443, 28.368898116299466 ], [ -81.426291754458731, 28.368905039254372 ] ] ], [ [ [ -81.426074712012735, 28.368966837312737 ], [ -81.426024340489377, 28.368959914256649 ], [ -81.426047675272599, 28.368825679224788 ], [ -81.426098046717854, 28.368832602272281 ], [ -81.426074712012735, 28.368966837312737 ] ] ], [ [ [ -81.426865101830757, 28.369167093054095 ], [ -81.426764358424052, 28.369153247670265 ], [ -81.426795469955636, 28.368974267490938 ], [ -81.42684584155073, 28.368981190183352 ], [ -81.426830285853484, 28.369070680290267 ], [ -81.426880657508889, 28.369077602964541 ], [ -81.426865101830757, 28.369167093054095 ] ] ], [ [ [ -81.426109527085146, 28.36906325034872 ], [ -81.426086192334566, 28.369197485311002 ], [ -81.426035820672794, 28.369190562264517 ], [ -81.426059155501463, 28.36905632731078 ], [ -81.426109527085146, 28.36906325034872 ] ] ], [ [ [ -81.425815076096825, 28.368976966781272 ], [ -81.425776184064787, 28.369200691632599 ], [ -81.425725812426492, 28.369193768440077 ], [ -81.425764704588687, 28.368970043602971 ], [ -81.425815076096825, 28.368976966781272 ] ] ], [ [ [ -81.425826555711339, 28.369207614801322 ], [ -81.425803220471394, 28.369341849651331 ], [ -81.425752848746725, 28.369334926474082 ], [ -81.425776184064787, 28.369200691632599 ], [ -81.425826555711339, 28.369207614801322 ] ] ], [ [ [ -81.426810656697839, 28.369480308185317 ], [ -81.42670991292664, 28.369466462761508 ], [ -81.426725468824216, 28.369376972764357 ], [ -81.426826212491292, 28.369390818176715 ], [ -81.426810656697839, 28.369480308185317 ] ] ], [ [ [ -81.426380644368166, 28.369283768081988 ], [ -81.426531759629711, 28.369304536657335 ], [ -81.426523981589128, 28.369349281653204 ], [ -81.426574353385519, 28.369356204466779 ], [ -81.426566575362727, 28.369400949459642 ], [ -81.426667319032362, 28.369414795020983 ], [ -81.426659541053411, 28.369459540013779 ], [ -81.426558797331708, 28.36944569444675 ], [ -81.426543241244957, 28.369535184403663 ], [ -81.426593613153756, 28.369542107204786 ], [ -81.426585835124044, 28.369586852177449 ], [ -81.426535463189225, 28.369579929373391 ], [ -81.426527685125251, 28.369624674337398 ], [ -81.426326197364347, 28.369596982871244 ], [ -81.426333975532458, 28.369552237918672 ], [ -81.426384347434279, 28.369559160818167 ], [ -81.426392125568114, 28.369514415856976 ], [ -81.426341753692341, 28.369507492960377 ], [ -81.426349531843968, 28.369462747996227 ], [ -81.426299160002486, 28.369455825078624 ], [ -81.426291381824811, 28.369500570039865 ], [ -81.426241009965551, 28.369493647095521 ], [ -81.426264344551967, 28.369359412203018 ], [ -81.426365088122552, 28.36937325805069 ], [ -81.426380644368166, 28.369283768081988 ] ] ], [ [ [ -81.426113229258007, 28.369338643252487 ], [ -81.426082116147214, 28.369517623063345 ], [ -81.426031744294917, 28.369510700020641 ], [ -81.426062857509862, 28.369331720221261 ], [ -81.426113229258007, 28.369338643252487 ] ] ], [ [ [ -81.425838035388537, 28.369438262681602 ], [ -81.425806921658179, 28.36961724236588 ], [ -81.425756549769048, 28.369610319195299 ], [ -81.425787663603558, 28.36943133952245 ], [ -81.425838035388537, 28.369438262681602 ] ] ], [ [ [ -81.425860994930943, 28.369899558022706 ], [ -81.425853216480391, 28.369944302900343 ], [ -81.425752472312894, 28.369930456590758 ], [ -81.425799143204983, 28.369661987272497 ], [ -81.425849515128405, 28.369668910422075 ], [ -81.425810622869093, 28.369892634882692 ], [ -81.425860994930943, 28.369899558022706 ] ] ], [ [ [ -81.426051002904615, 28.369696602781641 ], [ -81.426101374869305, 28.369703525811897 ], [ -81.426085818250641, 28.369793015642088 ], [ -81.426136190275656, 28.3697999386542 ], [ -81.42610507704363, 28.369978918256653 ], [ -81.426054704914478, 28.369971995233104 ], [ -81.426078039928967, 28.369837760548499 ], [ -81.42602766788616, 28.369830837509703 ], [ -81.426051002904615, 28.369696602781641 ] ] ], [ [ [ -81.426383975450051, 28.370154690589242 ], [ -81.426132114248645, 28.370120075906005 ], [ -81.42613989256769, 28.370075331028513 ], [ -81.42639175363891, 28.370109945697465 ], [ -81.426383975450051, 28.370154690589242 ] ] ], [ [ [ -81.426318046738771, 28.370237257460747 ], [ -81.426310268499151, 28.370282002332296 ], [ -81.426159151543999, 28.370261233496631 ], [ -81.426166929861722, 28.370216488633677 ], [ -81.426318046738771, 28.370237257460747 ] ] ], [ [ [ -81.425605056677284, 28.370185079261592 ], [ -81.425554684466192, 28.370178156006116 ], [ -81.425562463096355, 28.370133411177463 ], [ -81.425612835281399, 28.370140334430097 ], [ -81.425605056677284, 28.370185079261592 ] ] ], [ [ [ -81.426042850184203, 28.370336877184045 ], [ -81.425992477846762, 28.370329954137652 ], [ -81.426015813058939, 28.370195719591774 ], [ -81.426066185318277, 28.370202642629625 ], [ -81.426042850184203, 28.370336877184045 ] ] ], [ [ [ -81.425775431521913, 28.370391751358813 ], [ -81.425767652980753, 28.370436496172893 ], [ -81.425717280606477, 28.370429572998582 ], [ -81.425725059173672, 28.370384828187401 ], [ -81.425775431521913, 28.370391751358813 ] ] ], [ [ [ -81.426271377177571, 28.370505726603316 ], [ -81.426221004720745, 28.370498803667651 ], [ -81.426228783027582, 28.370454058827882 ], [ -81.426279155458374, 28.370460981760687 ], [ -81.426271377177571, 28.370505726603316 ] ] ], [ [ [ -81.42550801251231, 28.37044662485669 ], [ -81.425457640153269, 28.370439701560183 ], [ -81.425465418858877, 28.370394956769083 ], [ -81.425515791191899, 28.370401880062701 ], [ -81.42550801251231, 28.37044662485669 ] ] ], [ [ [ -81.426120259831862, 28.37048495772477 ], [ -81.426089146313885, 28.370663937003219 ], [ -81.426038773777663, 28.370657013984498 ], [ -81.426069887399791, 28.370478034717536 ], [ -81.426120259831862, 28.37048495772477 ] ] ], [ [ [ -81.425794689768523, 28.370577653739367 ], [ -81.425771354099595, 28.370711888103358 ], [ -81.425720981560829, 28.370704964935772 ], [ -81.425744317307874, 28.370570730580351 ], [ -81.425794689768523, 28.370577653739367 ] ] ], [ [ [ -81.426139518858335, 28.370670859998022 ], [ -81.426100626905694, 28.370894583980323 ], [ -81.426050254231043, 28.370887660971196 ], [ -81.426089146313885, 28.370663937003219 ], [ -81.426139518858335, 28.370670859998022 ] ] ], [ [ [ -81.425767276646354, 28.371032024580849 ], [ -81.425716903917078, 28.371025101417089 ], [ -81.425732461153288, 28.370935611927766 ], [ -81.425782833830468, 28.370942535085799 ], [ -81.425767276646354, 28.371032024580849 ] ] ], [ [ [ -81.426104329129771, 28.371169975570691 ], [ -81.426053956290659, 28.371163052568285 ], [ -81.426085070066975, 28.370984073532767 ], [ -81.42613544280195, 28.370990996523734 ], [ -81.426104329129771, 28.371169975570691 ] ] ], [ [ [ -81.425569863994085, 28.370684195289797 ], [ -81.425515413082564, 28.370997408523454 ], [ -81.425565785778815, 28.371004331782686 ], [ -81.42551133464589, 28.371317544753026 ], [ -81.425561707532637, 28.371324468008389 ], [ -81.425507256178292, 28.37163768071553 ], [ -81.425456883109277, 28.371630757440208 ], [ -81.425472440732364, 28.371541268129878 ], [ -81.425422067723659, 28.371534344836384 ], [ -81.425492076854056, 28.371131642679707 ], [ -81.425441704087945, 28.371124719388082 ], [ -81.425496155354722, 28.37081150629583 ], [ -81.425445782779136, 28.370804583000371 ], [ -81.425500233824494, 28.37049136964491 ], [ -81.42555060621784, 28.370498292920356 ], [ -81.425519491488359, 28.370677272026786 ], [ -81.425569863994085, 28.370684195289797 ] ] ], [ [ [ -81.425809870805494, 28.371083692462392 ], [ -81.425786535020933, 28.371217926652772 ], [ -81.425736162179263, 28.371211003501493 ], [ -81.425759498041941, 28.371076769319608 ], [ -81.425809870805494, 28.371083692462392 ] ] ], [ [ [ -81.426600279796673, 28.371283949057982 ], [ -81.426608057974946, 28.371239204282084 ], [ -81.426708803843013, 28.371253049737977 ], [ -81.426701025716824, 28.371297794519574 ], [ -81.426650652752627, 28.371290871800721 ], [ -81.426642874592162, 28.371335616573706 ], [ -81.426542128636441, 28.371321771058618 ], [ -81.426534350415665, 28.371366515820078 ], [ -81.426483977424141, 28.371359593023886 ], [ -81.426476199169088, 28.371404337776713 ], [ -81.426375453158755, 28.371390492107025 ], [ -81.426367674843391, 28.37143523684831 ], [ -81.426266928813988, 28.371421391077448 ], [ -81.426259150438312, 28.371466135807243 ], [ -81.426158404389852, 28.371452289935227 ], [ -81.426166182817596, 28.371407545211092 ], [ -81.426216555811678, 28.371414468156186 ], [ -81.426224334205145, 28.371369723423477 ], [ -81.426325080165952, 28.37138356923634 ], [ -81.426332858499123, 28.371338824492096 ], [ -81.426433604440888, 28.371352670203816 ], [ -81.426441382713733, 28.371307925448079 ], [ -81.426491755670952, 28.371314848265271 ], [ -81.426499533909535, 28.371270103500891 ], [ -81.426600279796673, 28.371283949057982 ] ] ], [ [ [ -81.425782457600803, 28.37153806270884 ], [ -81.425732084568622, 28.371531139561391 ], [ -81.425755420526173, 28.37139690549235 ], [ -81.425805793480251, 28.371403828631241 ], [ -81.425782457600803, 28.37153806270884 ] ] ], [ [ [ -81.426010987322456, 28.371706912156604 ], [ -81.425960614170918, 28.371699989119911 ], [ -81.425968392726205, 28.371655244439062 ], [ -81.426018765851722, 28.371662167472898 ], [ -81.426010987322456, 28.371706912156604 ] ] ], [ [ [ -81.425859867892541, 28.371686142974873 ], [ -81.425852089276944, 28.371730887644226 ], [ -81.425801716124113, 28.371723964533043 ], [ -81.425809494765758, 28.371679219866561 ], [ -81.425859867892541, 28.371686142974873 ] ] ], [ [ [ -81.426162106826681, 28.37172768112357 ], [ -81.426146549899684, 28.371817170490758 ], [ -81.426096176671294, 28.371810247519917 ], [ -81.426111733650359, 28.371720758158428 ], [ -81.426162106826681, 28.37172768112357 ] ] ], [ [ [ -81.425526514118843, 28.371823582541108 ], [ -81.42547614093742, 28.371816659278171 ], [ -81.425483919759998, 28.371771914646203 ], [ -81.425534292915387, 28.371778837906266 ], [ -81.425526514118843, 28.371823582541108 ] ] ], [ [ [ -81.426115435946841, 28.371996149155823 ], [ -81.426065062614299, 28.371989226173557 ], [ -81.426088398169398, 28.371854992192031 ], [ -81.426138771423837, 28.371861915165734 ], [ -81.426146549899684, 28.371817170490758 ], [ -81.426297669634408, 28.371837939260068 ], [ -81.426289891236664, 28.371882683943614 ], [ -81.42623951795747, 28.371875761041519 ], [ -81.426231739525463, 28.37192050571635 ], [ -81.426181366228462, 28.371913582787556 ], [ -81.426173587762179, 28.37195832745379 ], [ -81.426123214447415, 28.371951404498212 ], [ -81.426115435946841, 28.371996149155823 ] ] ], [ [ [ -81.425468362106614, 28.371861403904386 ], [ -81.425417988907412, 28.371854480614722 ], [ -81.425425767764253, 28.371809735991373 ], [ -81.42547614093742, 28.371816659278171 ], [ -81.425468362106614, 28.371861403904386 ] ] ], [ [ [ -81.425828753380713, 28.37186512161756 ], [ -81.425820974732162, 28.37190986626381 ], [ -81.425770601475179, 28.37190294314118 ], [ -81.425778380149765, 28.371858198497829 ], [ -81.425828753380713, 28.37186512161756 ] ] ], [ [ [ -81.425417988907412, 28.371854480614722 ], [ -81.42540243116899, 28.371943969844097 ], [ -81.425301684691206, 28.371930123181723 ], [ -81.4253094636166, 28.371885378575634 ], [ -81.425359836825322, 28.371892301915906 ], [ -81.425367615716453, 28.371847557301187 ], [ -81.425417988907412, 28.371854480614722 ] ] ], [ [ [ -81.426107657438024, 28.372040893807647 ], [ -81.426099878920994, 28.372085638453697 ], [ -81.426049505536369, 28.372078715465719 ], [ -81.426057284079448, 28.372033970822539 ], [ -81.426107657438024, 28.372040893807647 ] ] ], [ [ [ -81.425987276895157, 28.372436672403033 ], [ -81.425936903310472, 28.372429749368255 ], [ -81.425975796403222, 28.372206026340084 ], [ -81.426026169857693, 28.372212949360556 ], [ -81.425987276895157, 28.372436672403033 ] ] ], [ [ [ -81.425355757756023, 28.372212437393397 ], [ -81.425406131163513, 28.372219360705945 ], [ -81.425398352258568, 28.37226410528007 ], [ -81.425448725700363, 28.372271028571653 ], [ -81.425425389014151, 28.372405262268082 ], [ -81.425375015494254, 28.372398338967965 ], [ -81.425359457610185, 28.372487828064308 ], [ -81.425309084046461, 28.372480904734612 ], [ -81.425301305066043, 28.372525649271257 ], [ -81.425250931484527, 28.372518725914858 ], [ -81.425243152469832, 28.372563470442834 ], [ -81.425192778870539, 28.372556547059688 ], [ -81.425184999821568, 28.372601291579059 ], [ -81.425134626204482, 28.372594368169199 ], [ -81.42512684712122, 28.372639112679913 ], [ -81.425076473486371, 28.372632189243305 ], [ -81.425068694368832, 28.372676933745396 ], [ -81.424967947071821, 28.372663086794926 ], [ -81.424975726241414, 28.372618342298548 ], [ -81.425026099859778, 28.372625265782858 ], [ -81.425041658122183, 28.372535776767059 ], [ -81.425092031696721, 28.372542700221828 ], [ -81.425115368950458, 28.372408466646188 ], [ -81.425165742455107, 28.372415390068497 ], [ -81.425181300531008, 28.372325900983494 ], [ -81.42523167399186, 28.372332824376183 ], [ -81.425270568907209, 28.372109101548148 ], [ -81.425371315593296, 28.372122948233429 ], [ -81.425355757756023, 28.372212437393397 ] ] ], [ [ [ -81.425619104368607, 28.372477699795201 ], [ -81.425603546728439, 28.372567188908601 ], [ -81.425553173097398, 28.37256026569537 ], [ -81.425568730789649, 28.372470776587704 ], [ -81.425619104368607, 28.372477699795201 ] ] ], [ [ [ -81.426029871896887, 28.372488340007884 ], [ -81.425998757449761, 28.372667318326112 ], [ -81.425948383726649, 28.372660395300954 ], [ -81.425979498277925, 28.372481416994155 ], [ -81.426029871896887, 28.372488340007884 ] ] ], [ [ [ -81.42564614156133, 28.372618856648856 ], [ -81.425630583923805, 28.372708345733241 ], [ -81.425580210206391, 28.372701422535304 ], [ -81.425595767895999, 28.372611933456593 ], [ -81.42564614156133, 28.372618856648856 ] ] ], [ [ [ -81.425983200176759, 28.372756807450575 ], [ -81.425932826401578, 28.372749884419704 ], [ -81.42594060506822, 28.372705139863218 ], [ -81.425990978817381, 28.372712062891207 ], [ -81.425983200176759, 28.372756807450575 ] ] ], [ [ [ -81.426002459419507, 28.372942708648548 ], [ -81.425952085531904, 28.372935785630069 ], [ -81.425975421527909, 28.37280155200412 ], [ -81.426025795337381, 28.372808475013994 ], [ -81.426002459419507, 28.372942708648548 ] ] ], [ [ [ -81.42565762120951, 28.372849502499168 ], [ -81.425626505840896, 28.373028480540729 ], [ -81.425576131932957, 28.373021557346583 ], [ -81.425607247405736, 28.372842579316504 ], [ -81.42565762120951, 28.372849502499168 ] ] ], [ [ [ -81.42604505468563, 28.372994376179257 ], [ -81.426037276047651, 28.373039120709642 ], [ -81.425986902099737, 28.373032197709371 ], [ -81.42599468076375, 28.372987453181814 ], [ -81.42604505468563, 28.372994376179257 ] ] ], [ [ [ -81.425207956658298, 28.373062583260083 ], [ -81.425157582764342, 28.37305565986934 ], [ -81.425165361869659, 28.373010915404951 ], [ -81.425215735737581, 28.373017838792805 ], [ -81.425207956658298, 28.373062583260083 ] ] ], [ [ [ -81.425099429739021, 28.373093480910548 ], [ -81.425107208878629, 28.373048736454741 ], [ -81.425157582764342, 28.37305565986934 ], [ -81.425149803650768, 28.373100404328014 ], [ -81.425099429739021, 28.373093480910548 ] ] ], [ [ [ -81.425099429739021, 28.373093480910548 ], [ -81.425091650591185, 28.373138225360545 ], [ -81.425041276661645, 28.373131301916359 ], [ -81.425049055835544, 28.373086557469239 ], [ -81.425099429739021, 28.373093480910548 ] ] ], [ [ [ -81.425041276661645, 28.373131301916359 ], [ -81.425033497479532, 28.373176046357738 ], [ -81.424983123532229, 28.373169122886829 ], [ -81.424990902740376, 28.373124378448288 ], [ -81.425041276661645, 28.373131301916359 ] ] ], [ [ [ -81.425637985491122, 28.373259126147094 ], [ -81.425622427727063, 28.373348615081103 ], [ -81.425572053628628, 28.373341691890861 ], [ -81.42558761144474, 28.373252202962576 ], [ -81.425637985491122, 28.373259126147094 ] ] ], [ [ [ -81.425575754237201, 28.373617081744431 ], [ -81.42552908045073, 28.373885548199684 ], [ -81.42547870603984, 28.373878624975106 ], [ -81.425486485050882, 28.373833880583216 ], [ -81.425284987593983, 28.373806187457806 ], [ -81.425308324890139, 28.373671954281743 ], [ -81.425358699163866, 28.373678877590304 ], [ -81.425366478220084, 28.373634133183849 ], [ -81.42546722674021, 28.373647979723685 ], [ -81.425513900591994, 28.373379513129372 ], [ -81.425564274708208, 28.373386436346333 ], [ -81.425525379982531, 28.373610158537033 ], [ -81.425575754237201, 28.373617081744431 ] ] ], [ [ [ -81.425118306193113, 28.373874906101104 ], [ -81.425067931822213, 28.373867982682814 ], [ -81.4250757110498, 28.373823238319503 ], [ -81.425126085394666, 28.373830161735039 ], [ -81.425118306193113, 28.373874906101104 ] ] ], [ [ [ -81.425614271406744, 28.373988883360834 ], [ -81.425563896927244, 28.373981960178238 ], [ -81.425571675902688, 28.3739372157922 ], [ -81.425622050356139, 28.373944138971861 ], [ -81.425614271406744, 28.373988883360834 ] ] ], [ [ [ -81.425017557459569, 28.373861059240543 ], [ -81.42500977819769, 28.373905803595189 ], [ -81.424959403817269, 28.373898880126251 ], [ -81.424967183105181, 28.373854135774529 ], [ -81.425017557459569, 28.373861059240543 ] ] ], [ [ [ -81.425563896927244, 28.373981960178238 ], [ -81.425548338951643, 28.374071448933027 ], [ -81.425497964428331, 28.374064525720879 ], [ -81.425513522456001, 28.373975036971842 ], [ -81.425563896927244, 28.373981960178238 ] ] ], [ [ [ -81.425381657241687, 28.374140167939583 ], [ -81.425280908148693, 28.374126321336846 ], [ -81.425288687287278, 28.374081576988182 ], [ -81.425389436328189, 28.374095423585224 ], [ -81.425381657241687, 28.374140167939583 ] ] ], [ [ [ -81.425172379889801, 28.374157218975764 ], [ -81.425180159088725, 28.374112474638636 ], [ -81.425280908148693, 28.374126321336846 ], [ -81.425273129001852, 28.374171065679683 ], [ -81.425172379889801, 28.374157218975764 ] ] ], [ [ [ -81.425172379889801, 28.374157218975764 ], [ -81.425164600682663, 28.374201963307112 ], [ -81.425063851551556, 28.374188116501998 ], [ -81.425071630810777, 28.374143372176338 ], [ -81.425172379889801, 28.374157218975764 ] ] ], [ [ [ -81.425827249708348, 28.374247220844882 ], [ -81.425811691962821, 28.374336709576177 ], [ -81.42576131725977, 28.374329786492961 ], [ -81.425776875057394, 28.374240297767372 ], [ -81.425827249708348, 28.374247220844882 ] ] ], [ [ [ -81.425063851551556, 28.374188116501998 ], [ -81.425056072284093, 28.374232860821895 ], [ -81.424955323133929, 28.374219013915557 ], [ -81.424963102453475, 28.374174269601443 ], [ -81.425063851551556, 28.374188116501998 ] ] ], [ [ [ -81.424955323133929, 28.374219013915557 ], [ -81.424947543806155, 28.374263758223929 ], [ -81.424846794636935, 28.374249911216456 ], [ -81.424854574016791, 28.374205166913818 ], [ -81.424955323133929, 28.374219013915557 ] ] ], [ [ [ -81.42583873007213, 28.374477865697713 ], [ -81.42578835528272, 28.374470942629781 ], [ -81.425796134184338, 28.374426198284393 ], [ -81.425846508947686, 28.374433121349476 ], [ -81.42583873007213, 28.374477865697713 ] ] ], [ [ [ -81.425203116309618, 28.374573764505389 ], [ -81.42505199195088, 28.374552994336526 ], [ -81.425059771249977, 28.374508250054202 ], [ -81.425160520762134, 28.374522096851624 ], [ -81.425168300000905, 28.37447735255785 ], [ -81.425218674743334, 28.374484275917919 ], [ -81.425203116309618, 28.374573764505389 ] ] ], [ [ [ -81.424776779847463, 28.374652609680243 ], [ -81.424784559301472, 28.374607865429549 ], [ -81.42498605850615, 28.374635559440588 ], [ -81.424978279156292, 28.374680303702714 ], [ -81.424827154662282, 28.37465953322166 ], [ -81.424819375226079, 28.374704277469363 ], [ -81.424668250728246, 28.374683506764942 ], [ -81.424676030242566, 28.374638762525798 ], [ -81.424776779847463, 28.374652609680243 ] ] ], [ [ [ -81.424586757668294, 28.374855560036401 ], [ -81.424578978086728, 28.374900304243763 ], [ -81.424528603148687, 28.374893380589693 ], [ -81.424544162355659, 28.374803892174906 ], [ -81.424896786730727, 28.374852357211921 ], [ -81.424889007313638, 28.374897101442244 ], [ -81.424586757668294, 28.374855560036401 ] ] ], [ [ [ -81.42585391207362, 28.374983899274586 ], [ -81.425838354220687, 28.375073387838118 ], [ -81.425787979076262, 28.375066464780712 ], [ -81.425803536981277, 28.374976976222943 ], [ -81.42585391207362, 28.374983899274586 ] ] ], [ [ [ -81.425517222901547, 28.374250426373244 ], [ -81.425567597537267, 28.374257349572961 ], [ -81.425536481459531, 28.374436326932123 ], [ -81.425586856207659, 28.374443250119377 ], [ -81.425540182000105, 28.374711716001944 ], [ -81.425590556912724, 28.374718639182497 ], [ -81.425551661643382, 28.374942360606639 ], [ -81.425602036694457, 28.374949283777639 ], [ -81.425532024924948, 28.375351982002766 ], [ -81.425582400218616, 28.375358905175649 ], [ -81.425535725491102, 28.375627370416176 ], [ -81.425586100949261, 28.375634293582316 ], [ -81.42554720524663, 28.375858014471447 ], [ -81.425496829658258, 28.375851091291011 ], [ -81.425504608841294, 28.375806347127607 ], [ -81.42545423328724, 28.375799423926139 ], [ -81.425516466663311, 28.375441470433646 ], [ -81.425466091325816, 28.375434547231222 ], [ -81.425512766168083, 28.375166081886309 ], [ -81.425462390995065, 28.375159158677167 ], [ -81.425501286600564, 28.374935437411775 ], [ -81.425450911566017, 28.374928514193041 ], [ -81.425520923371224, 28.374525815577044 ], [ -81.42547054857927, 28.374518892360182 ], [ -81.425517222901547, 28.374250426373244 ] ] ], [ [ [ -81.424865669012931, 28.375031334098519 ], [ -81.424714543918753, 28.375010563477254 ], [ -81.424722323438687, 28.374965819272834 ], [ -81.424873448454761, 28.374986589885548 ], [ -81.424865669012931, 28.375031334098519 ] ] ], [ [ [ -81.424842330638086, 28.375165566702766 ], [ -81.424834551163315, 28.375210310892658 ], [ -81.424683425756669, 28.375189540237059 ], [ -81.424691205309543, 28.375144796055782 ], [ -81.424842330638086, 28.375165566702766 ] ] ], [ [ [ -81.4248693673932, 28.375306722764904 ], [ -81.42486158791975, 28.375351466940302 ], [ -81.424710462253984, 28.375330696330579 ], [ -81.42471824180555, 28.375285952163722 ], [ -81.4248693673932, 28.375306722764904 ] ] ], [ [ [ -81.425132722122953, 28.375571984227722 ], [ -81.425124942764555, 28.375616728391368 ], [ -81.425074567354642, 28.375609805007603 ], [ -81.425097905483256, 28.375475572507874 ], [ -81.425198656155089, 28.375489419234444 ], [ -81.425206435462741, 28.375444675050616 ], [ -81.425357561454291, 28.375465444952951 ], [ -81.425349782224757, 28.37551018914537 ], [ -81.425299406859949, 28.375503265865589 ], [ -81.425291627596152, 28.375548010049386 ], [ -81.425241252213539, 28.375541086742896 ], [ -81.425233472915451, 28.375585830918055 ], [ -81.425132722122953, 28.375571984227722 ] ] ], [ [ [ -81.424570813709622, 28.375540569856838 ], [ -81.424721939716449, 28.375561340652645 ], [ -81.424714160141491, 28.375606084787659 ], [ -81.424663784771596, 28.375599161210062 ], [ -81.424648225544871, 28.375688649456965 ], [ -81.42459785013115, 28.375681725849759 ], [ -81.424605629774661, 28.375636981732086 ], [ -81.42455525439523, 28.375630058103884 ], [ -81.424570813709622, 28.375540569856838 ] ] ], [ [ [ -81.424644143596083, 28.376008781742573 ], [ -81.424593767991823, 28.376001858139194 ], [ -81.424601547666967, 28.37595711405908 ], [ -81.424651923245193, 28.375964037659575 ], [ -81.424644143596083, 28.376008781742573 ] ] ], [ [ [ -81.424628584273123, 28.376098269891198 ], [ -81.424620804599286, 28.376143013956831 ], [ -81.424520053242802, 28.376129166709145 ], [ -81.424527832968707, 28.376084422649203 ], [ -81.424628584273123, 28.376098269891198 ] ] ], [ [ [ -81.427667550202429, 28.355945298539581 ], [ -81.427644221548363, 28.356079538431857 ], [ -81.427593857577321, 28.356072615882905 ], [ -81.427617186309476, 28.355938375999251 ], [ -81.427667550202429, 28.355945298539581 ] ] ], [ [ [ -81.426847299018036, 28.360368264661481 ], [ -81.426839521966997, 28.360413010722315 ], [ -81.42658768961148, 28.360378396233905 ], [ -81.426611021130398, 28.360244158076966 ], [ -81.426661387506897, 28.360251081013775 ], [ -81.426645833221244, 28.360340573129928 ], [ -81.426847299018036, 28.360368264661481 ] ] ], [ [ [ -81.426471402235791, 28.360454042335721 ], [ -81.42642103575389, 28.360447119313037 ], [ -81.426428813029673, 28.360402373286657 ], [ -81.42647917948554, 28.360409296306507 ], [ -81.426471402235791, 28.360454042335721 ] ] ], [ [ [ -81.426506214253834, 28.360550457381432 ], [ -81.426455847711608, 28.360543534376841 ], [ -81.426463624977828, 28.360498788359195 ], [ -81.426513991494005, 28.360505711360862 ], [ -81.426506214253834, 28.360550457381432 ] ] ], [ [ [ -81.427114318469918, 28.360908930493679 ], [ -81.427106541510483, 28.360953676510874 ], [ -81.426854707434501, 28.360919062700503 ], [ -81.426862484524079, 28.360874316697636 ], [ -81.427114318469918, 28.360908930493679 ] ] ], [ [ [ -81.426494362794642, 28.360915348340818 ], [ -81.426486585506368, 28.36096009431213 ], [ -81.426335485176892, 28.360939325221256 ], [ -81.426351039901377, 28.360849833290011 ], [ -81.426602873564789, 28.360884448293564 ], [ -81.426595096336825, 28.360929194276363 ], [ -81.426494362794642, 28.360915348340818 ] ] ], [ [ [ -81.427063217345165, 28.362093093274147 ], [ -81.427055440249703, 28.362137839149451 ], [ -81.426904337674671, 28.362117070926683 ], [ -81.426912114848221, 28.362072325059927 ], [ -81.426811379891518, 28.362058479464462 ], [ -81.426819157108895, 28.362013733597639 ], [ -81.426768789668955, 28.362006810766967 ], [ -81.426784344131079, 28.361917319021714 ], [ -81.426885078915078, 28.361931164647704 ], [ -81.426892856081722, 28.361886418760687 ], [ -81.427144693055993, 28.361921032393884 ], [ -81.427113584860649, 28.362100015964497 ], [ -81.427063217345165, 28.362093093274147 ] ] ], [ [ [ -81.426524729958345, 28.361927450400263 ], [ -81.426625464711904, 28.361941296270619 ], [ -81.426609910077133, 28.362030787987212 ], [ -81.426559542644171, 28.362023865058216 ], [ -81.426551765288394, 28.362068610904995 ], [ -81.426249560707717, 28.362027072812822 ], [ -81.426241783187521, 28.362071818636664 ], [ -81.426090680930486, 28.362051049259822 ], [ -81.42609845852877, 28.362006303444609 ], [ -81.426048091152296, 28.361999380274117 ], [ -81.426071423975856, 28.361865142802252 ], [ -81.426222525895739, 28.361885912216401 ], [ -81.426214748374221, 28.361930658054678 ], [ -81.426365850446501, 28.361951427262603 ], [ -81.426373627889916, 28.361906681415721 ], [ -81.426423995237812, 28.361913604434417 ], [ -81.426431772646964, 28.361868858578877 ], [ -81.426532507315457, 28.361882704538978 ], [ -81.426524729958345, 28.361927450400263 ] ] ], [ [ [ -81.426102160356422, 28.362281701413057 ], [ -81.4260517928155, 28.362274778249311 ], [ -81.426067348086207, 28.362185286670897 ], [ -81.426168083072156, 28.362199132963109 ], [ -81.426160305492999, 28.362243878760925 ], [ -81.426210673024372, 28.362250801874076 ], [ -81.426202895463007, 28.362295547668982 ], [ -81.426152527905572, 28.362288624552903 ], [ -81.426144750309945, 28.362333370339194 ], [ -81.426094382734746, 28.362326447196448 ], [ -81.426102160356422, 28.362281701413057 ] ] ], [ [ [ -81.426431401030811, 28.36246440028399 ], [ -81.426423623566635, 28.36250914607005 ], [ -81.426373255863837, 28.362502223061881 ], [ -81.426396588309714, 28.362367985694995 ], [ -81.426497323567389, 28.362381831670287 ], [ -81.426481768715831, 28.362471323265396 ], [ -81.426431401030811, 28.36246440028399 ] ] ], [ [ [ -81.426535839670692, 28.36275364383761 ], [ -81.426528062235207, 28.36279838959755 ], [ -81.426427326475959, 28.362784543666265 ], [ -81.426435103963499, 28.362739797912091 ], [ -81.426334368289332, 28.362725951891029 ], [ -81.426349923343835, 28.362636460376716 ], [ -81.426400291124736, 28.362643383393465 ], [ -81.426408068613611, 28.362598637624771 ], [ -81.426458436376734, 28.362605560614778 ], [ -81.426450658913893, 28.362650306386296 ], [ -81.426501026711293, 28.362657229355325 ], [ -81.426485471812967, 28.362746720886779 ], [ -81.426535839670692, 28.36275364383761 ] ] ], [ [ [ -81.426225855056487, 28.362756851517346 ], [ -81.426218077456582, 28.362801597254332 ], [ -81.426167709596314, 28.362794674154571 ], [ -81.426175487222238, 28.362749928420474 ], [ -81.426225855056487, 28.362756851517346 ] ] ], [ [ [ -81.426721756513146, 28.362870826939247 ], [ -81.426729533852736, 28.362826081173672 ], [ -81.426779901777749, 28.362833004008074 ], [ -81.426772124464193, 28.362877749776487 ], [ -81.426721756513146, 28.362870826939247 ] ] ], [ [ [ -81.426721756513146, 28.362870826939247 ], [ -81.426713979165328, 28.362915572698999 ], [ -81.426663611196489, 28.362908649835081 ], [ -81.426655833814394, 28.362953395586207 ], [ -81.426555097849445, 28.362939549780958 ], [ -81.426570652709529, 28.362850058284319 ], [ -81.426721756513146, 28.362870826939247 ] ] ], [ [ [ -81.426202522232032, 28.362891088710953 ], [ -81.426218077456582, 28.362801597254332 ], [ -81.426268445325093, 28.362808520330194 ], [ -81.426260667742966, 28.36285326606426 ], [ -81.426311035645796, 28.362860189119154 ], [ -81.426295480508912, 28.362949680575611 ], [ -81.426245112554042, 28.362942757515015 ], [ -81.426252890152625, 28.362898011792524 ], [ -81.426202522232032, 28.362891088710953 ] ] ], [ [ [ -81.426555097849445, 28.362939549780958 ], [ -81.426547320407053, 28.362984295520615 ], [ -81.426496952410915, 28.362977372579326 ], [ -81.426504729879341, 28.362932626842575 ], [ -81.426555097849445, 28.362939549780958 ] ] ], [ [ [ -81.426345848472025, 28.362956603612336 ], [ -81.426338070917268, 28.363001349334731 ], [ -81.426287702928121, 28.362994426295156 ], [ -81.426295480508912, 28.362949680575611 ], [ -81.426345848472025, 28.362956603612336 ] ] ], [ [ [ -81.426783605862312, 28.363108401359451 ], [ -81.426733237772851, 28.363101478531824 ], [ -81.42674101512759, 28.363056732792277 ], [ -81.426791383191016, 28.363063655617143 ], [ -81.426783605862312, 28.363108401359451 ] ] ], [ [ [ -81.426616946780371, 28.363177124255088 ], [ -81.426516210555093, 28.363163278421275 ], [ -81.426523988030453, 28.363118532704778 ], [ -81.426624724203663, 28.363132378532875 ], [ -81.426616946780371, 28.363177124255088 ] ] ], [ [ [ -81.426516210555093, 28.363163278421275 ], [ -81.426508433071518, 28.363208024131961 ], [ -81.426458064945237, 28.363201101176408 ], [ -81.426465842454846, 28.363156355468575 ], [ -81.426516210555093, 28.363163278421275 ] ] ], [ [ [ -81.425954384136205, 28.363131870308273 ], [ -81.426055120231993, 28.363145716672843 ], [ -81.426062897949848, 28.363100970987833 ], [ -81.4261132659841, 28.363107894131449 ], [ -81.426097710592202, 28.363197385501344 ], [ -81.425896238296502, 28.363169692760835 ], [ -81.425911793896645, 28.363080201413783 ], [ -81.425962161906128, 28.363087124629008 ], [ -81.425954384136205, 28.363131870308273 ] ] ], [ [ [ -81.426283627803329, 28.363314569229686 ], [ -81.426233259631957, 28.363307646170092 ], [ -81.426241037270415, 28.36326290049103 ], [ -81.426291405415753, 28.36326982354775 ], [ -81.426283627803329, 28.363314569229686 ] ] ], [ [ [ -81.42662842779562, 28.363407775674727 ], [ -81.426578059540446, 28.363400852779385 ], [ -81.426585837004907, 28.363356107086112 ], [ -81.426636205234047, 28.363363029978629 ], [ -81.42662842779562, 28.363407775674727 ] ] ], [ [ [ -81.426570282067757, 28.363445598466843 ], [ -81.426519913794806, 28.363438675544739 ], [ -81.426527691293529, 28.363393929860099 ], [ -81.426578059540446, 28.363400852779385 ], [ -81.426570282067757, 28.363445598466843 ] ] ], [ [ [ -81.426461767997097, 28.363476498274728 ], [ -81.426411399714624, 28.363469575302044 ], [ -81.426419177273644, 28.363424829628865 ], [ -81.426469545530097, 28.363431752598743 ], [ -81.426461767997097, 28.363476498274728 ] ] ], [ [ [ -81.426403622147362, 28.363514320969426 ], [ -81.426302885555074, 28.363500474946683 ], [ -81.426310663174419, 28.363455729285054 ], [ -81.426411399714624, 28.363469575302044 ], [ -81.426403622147362, 28.363514320969426 ] ] ], [ [ [ -81.426252517271337, 28.363493551899541 ], [ -81.426302885555074, 28.363500474946683 ], [ -81.426295107927515, 28.3635452206025 ], [ -81.426244739617729, 28.363538297552523 ], [ -81.426252517271337, 28.363493551899541 ] ] ], [ [ [ -81.426244739617729, 28.363538297552523 ], [ -81.426236961955908, 28.363583043199757 ], [ -81.426186593628344, 28.363576120123014 ], [ -81.4261943713162, 28.363531374478619 ], [ -81.426244739617729, 28.363538297552523 ] ] ], [ [ [ -81.425845494492393, 28.363758309210681 ], [ -81.425795126092424, 28.363751385952611 ], [ -81.425802904003703, 28.363706640357172 ], [ -81.425853272377637, 28.363713563612389 ], [ -81.425845494492393, 28.363758309210681 ] ] ], [ [ [ -81.425926599106887, 28.364181789043187 ], [ -81.425825861797108, 28.364167942594921 ], [ -81.425818083855546, 28.364212688138203 ], [ -81.42591882121738, 28.364226534592255 ], [ -81.42591104331963, 28.364271280135466 ], [ -81.425709568524837, 28.364243587120562 ], [ -81.42571734652671, 28.364198841588774 ], [ -81.425666977874684, 28.364191918278266 ], [ -81.42569031190898, 28.364057681656696 ], [ -81.425791049065097, 28.364071528236749 ], [ -81.425783271113986, 28.364116273788753 ], [ -81.425833639730442, 28.364123197045807 ], [ -81.425856973481032, 28.363988960363884 ], [ -81.425907342027656, 28.363995883588501 ], [ -81.425884008355169, 28.364130120279029 ], [ -81.425934376988153, 28.364137043488387 ], [ -81.425926599106887, 28.364181789043187 ] ] ], [ [ [ -81.42632954867608, 28.364237173881815 ], [ -81.426321770994818, 28.364281919453727 ], [ -81.426271402243756, 28.364274996429547 ], [ -81.426279179951038, 28.364230250860505 ], [ -81.42632954867608, 28.364237173881815 ] ] ], [ [ [ -81.426046593838379, 28.364381540732342 ], [ -81.426038815994019, 28.36442628626682 ], [ -81.425988447180089, 28.364419363111875 ], [ -81.425996225050469, 28.364374617580292 ], [ -81.426046593838379, 28.364381540732342 ] ] ], [ [ [ -81.426123998037355, 28.364529623568039 ], [ -81.426073629154857, 28.364522700455147 ], [ -81.426081406989638, 28.364477954929384 ], [ -81.426131775846116, 28.364484878039441 ], [ -81.426123998037355, 28.364529623568039 ] ] ], [ [ [ -81.42605029560103, 28.36465693699768 ], [ -81.425899188768753, 28.364636167490094 ], [ -81.425930300469744, 28.364457185456079 ], [ -81.426031038141417, 28.36447103179546 ], [ -81.426023260280601, 28.364515777318385 ], [ -81.426073629154857, 28.364522700455147 ], [ -81.42605029560103, 28.36465693699768 ] ] ], [ [ [ -81.425705491149643, 28.364563728990749 ], [ -81.4256551222811, 28.364556805681254 ], [ -81.425662900340626, 28.364512060189934 ], [ -81.425713269183149, 28.364518983496591 ], [ -81.425705491149643, 28.364563728990749 ] ] ], [ [ [ -81.426336954057106, 28.364787966402353 ], [ -81.426329176329105, 28.364832711910555 ], [ -81.426278807249133, 28.364825788899825 ], [ -81.426286585003183, 28.364781043394444 ], [ -81.426336954057106, 28.364787966402353 ] ] ], [ [ [ -81.426371767707082, 28.364884380402696 ], [ -81.42636398998863, 28.364929125902179 ], [ -81.426414359137169, 28.364936048870899 ], [ -81.426406581436495, 28.36498079436744 ], [ -81.426255473937559, 28.364960025381105 ], [ -81.426247696150554, 28.365004770863354 ], [ -81.426298065334649, 28.365011693885531 ], [ -81.42628250978801, 28.36510118483832 ], [ -81.426131402104289, 28.36508041568305 ], [ -81.426139179959833, 28.365035670218131 ], [ -81.426038441597328, 28.365021824001037 ], [ -81.426061775270725, 28.364887587588697 ], [ -81.426112144369753, 28.364894510700633 ], [ -81.426119922218362, 28.364849765215446 ], [ -81.426220660389092, 28.364863611361919 ], [ -81.426212882592537, 28.364908356852816 ], [ -81.426263251716321, 28.364915279893157 ], [ -81.426271029486841, 28.364870534399369 ], [ -81.426371767707082, 28.364884380402696 ] ] ], [ [ [ -81.425592897508324, 28.364914769403548 ], [ -81.425585119374659, 28.364959514842795 ], [ -81.425534750280079, 28.364952591483654 ], [ -81.425542528439777, 28.364907846047281 ], [ -81.425592897508324, 28.364914769403548 ] ] ], [ [ [ -81.425662523294378, 28.365107597789702 ], [ -81.425612154105195, 28.36510067446974 ], [ -81.425619932237524, 28.365055929044921 ], [ -81.425670301400686, 28.365062852362058 ], [ -81.425662523294378, 28.365107597789702 ] ] ], [ [ [ -81.425739927485381, 28.36525568062337 ], [ -81.425689558201583, 28.365248757342592 ], [ -81.42569733630657, 28.365204011929428 ], [ -81.425646967057048, 28.365197088627614 ], [ -81.425662523294378, 28.365107597789702 ], [ -81.425712892491831, 28.365114521085808 ], [ -81.425705114403314, 28.365159266510503 ], [ -81.425755483635044, 28.365166189785597 ], [ -81.425739927485381, 28.36525568062337 ] ] ], [ [ [ -81.426394728925771, 28.365345681102365 ], [ -81.426386951177022, 28.365390426549713 ], [ -81.426336581759898, 28.3653835035763 ], [ -81.426344359534696, 28.365338758131738 ], [ -81.426394728925771, 28.365345681102365 ] ] ], [ [ [ -81.425790296777421, 28.365262603880321 ], [ -81.425782518716261, 28.365307349293385 ], [ -81.425732149398186, 28.365300426033588 ], [ -81.425739927485381, 28.36525568062337 ], [ -81.425790296777421, 28.365262603880321 ] ] ], [ [ [ -81.425480302931561, 28.36526580937656 ], [ -81.425488081148927, 28.365221063980652 ], [ -81.425588819658742, 28.365234910709326 ], [ -81.425581041493459, 28.365279656110964 ], [ -81.425631410786778, 28.365286579442351 ], [ -81.425623632639287, 28.36533132484109 ], [ -81.425522894008822, 28.365317478148697 ], [ -81.425530672208382, 28.365272732755706 ], [ -81.425480302931561, 28.36526580937656 ] ] ], [ [ [ -81.426228065115311, 28.365414402990865 ], [ -81.426235842950419, 28.365369657557814 ], [ -81.42628621235103, 28.365376580579017 ], [ -81.42627843454197, 28.365421326014875 ], [ -81.426228065115311, 28.365414402990865 ] ] ], [ [ [ -81.426228065115311, 28.365414402990865 ], [ -81.426220287271988, 28.365459148418051 ], [ -81.426169917827565, 28.36545222536731 ], [ -81.426177695696936, 28.365407479942977 ], [ -81.426228065115311, 28.365414402990865 ] ] ], [ [ [ -81.426169917827565, 28.36545222536731 ], [ -81.426162139949966, 28.365496970785916 ], [ -81.426061401033792, 28.365483124607103 ], [ -81.426069178963459, 28.365438379194238 ], [ -81.426169917827565, 28.36545222536731 ] ] ], [ [ [ -81.425867701334312, 28.36541068656166 ], [ -81.425852145258474, 28.365500177358747 ], [ -81.425751406389281, 28.365486330887887 ], [ -81.425759184483397, 28.365441585497887 ], [ -81.425809553887817, 28.365448508742425 ], [ -81.425817331947641, 28.365403763343842 ], [ -81.425867701334312, 28.36541068656166 ] ] ], [ [ [ -81.426061401033792, 28.365483124607103 ], [ -81.426053623095896, 28.365527870014159 ], [ -81.42600325362416, 28.365520946886125 ], [ -81.426011031588104, 28.365476201481886 ], [ -81.426061401033792, 28.365483124607103 ] ] ], [ [ [ -81.425576963581349, 28.365599797111894 ], [ -81.425526594105804, 28.36559287376048 ], [ -81.425534372328741, 28.365548128399336 ], [ -81.425584741778266, 28.365555051747915 ], [ -81.425576963581349, 28.365599797111894 ] ] ], [ [ [ -81.425762885355837, 28.365716981012429 ], [ -81.425662146242814, 28.365703134465253 ], [ -81.425677702557238, 28.365613643743121 ], [ -81.425778441566109, 28.365627490278897 ], [ -81.425762885355837, 28.365716981012429 ] ] ], [ [ [ -81.426053248798681, 28.366123406038909 ], [ -81.426037692788142, 28.366212896696773 ], [ -81.425987322909378, 28.366205973573599 ], [ -81.426002878972, 28.366116482921402 ], [ -81.426053248798681, 28.366123406038909 ] ] ], [ [ [ -81.425836213322668, 28.366185204060763 ], [ -81.425828435200913, 28.36622994936959 ], [ -81.425727695465625, 28.366216102902662 ], [ -81.425735473639463, 28.366171357599551 ], [ -81.425836213322668, 28.366185204060763 ] ] ], [ [ [ -81.425510659513492, 28.366277900248466 ], [ -81.425526216094127, 28.366188409682454 ], [ -81.425576585924617, 28.366195333023303 ], [ -81.425568807664462, 28.366240078312092 ], [ -81.425619177529242, 28.366247001631887 ], [ -81.425603621036259, 28.366336492197799 ], [ -81.42555325111941, 28.366329568872271 ], [ -81.42556102939605, 28.366284823595066 ], [ -81.425510659513492, 28.366277900248466 ] ] ], [ [ [ -81.42610732065873, 28.366405724140904 ], [ -81.42605695065933, 28.366398801053961 ], [ -81.42608028468355, 28.366264565119263 ], [ -81.426130654604833, 28.366271488197576 ], [ -81.426122876631027, 28.366316233517807 ], [ -81.4261732465866, 28.366323156575127 ], [ -81.4261654686306, 28.366367901892417 ], [ -81.426215838620465, 28.366374824928766 ], [ -81.42620028273582, 28.366464315551692 ], [ -81.426099542660211, 28.366450469443727 ], [ -81.42610732065873, 28.366405724140904 ] ] ], [ [ [ -81.425394363055389, 28.366353544015215 ], [ -81.425343993145518, 28.366346620591358 ], [ -81.425359549915314, 28.366257130065584 ], [ -81.425409919773116, 28.366264053483771 ], [ -81.425394363055389, 28.366353544015215 ] ] ], [ [ [ -81.425444732973503, 28.366360467415262 ], [ -81.425436954628324, 28.366405212675133 ], [ -81.425386584684176, 28.366398289272251 ], [ -81.425394363055389, 28.366353544015215 ], [ -81.425444732973503, 28.366360467415262 ] ] ], [ [ [ -81.425615099714932, 28.366567141827357 ], [ -81.425630656238226, 28.366477651313563 ], [ -81.425580286235018, 28.366470728003275 ], [ -81.425595842777412, 28.366381237472091 ], [ -81.425696582687948, 28.366395084057334 ], [ -81.425688804472927, 28.36643982933154 ], [ -81.425739174466614, 28.366446752591205 ], [ -81.425723618063941, 28.366536243128035 ], [ -81.425673248018185, 28.366529319862579 ], [ -81.425665469778465, 28.366574065119455 ], [ -81.425615099714932, 28.366567141827357 ] ] ], [ [ [ -81.425479546253356, 28.366456881311127 ], [ -81.425471767917728, 28.36650162656235 ], [ -81.425421397913254, 28.366494703177622 ], [ -81.425429176274903, 28.366449957929262 ], [ -81.425479546253356, 28.366456881311127 ] ] ], [ [ [ -81.425506581286569, 28.366598040413976 ], [ -81.425456211221757, 28.366591117047449 ], [ -81.425463989573856, 28.366546371807754 ], [ -81.425514359612649, 28.366553295171464 ], [ -81.425506581286569, 28.366598040413976 ] ] ], [ [ [ -81.425506581286569, 28.366598040413976 ], [ -81.425556951359624, 28.366604963756711 ], [ -81.42554139473485, 28.36669445423005 ], [ -81.425491024609727, 28.36668753088162 ], [ -81.425506581286569, 28.366598040413976 ] ] ], [ [ [ -81.425801023670616, 28.36668432536618 ], [ -81.425777689086885, 28.366818561093069 ], [ -81.425727318868425, 28.366811637858248 ], [ -81.425750653530244, 28.366677402139899 ], [ -81.425801023670616, 28.36668432536618 ] ] ], [ [ [ -81.425576208262569, 28.366790868010579 ], [ -81.425525838077121, 28.366783944680275 ], [ -81.42554139473485, 28.36669445423005 ], [ -81.42559176486823, 28.36670137755463 ], [ -81.425576208262569, 28.366790868010579 ] ] ], [ [ [ -81.425576208262569, 28.366790868010579 ], [ -81.42562657845626, 28.366797791316998 ], [ -81.425618800167115, 28.366842536539135 ], [ -81.42556842994739, 28.366835613229881 ], [ -81.425576208262569, 28.366790868010579 ] ] ], [ [ [ -81.426122502818373, 28.366911768319412 ], [ -81.426072132516126, 28.366904845248737 ], [ -81.426079910570962, 28.366860100000878 ], [ -81.42613028084719, 28.366867023068664 ], [ -81.426122502818373, 28.366911768319412 ] ] ], [ [ [ -81.426064354453032, 28.366949590490869 ], [ -81.426013984132993, 28.366942667393502 ], [ -81.426021762222106, 28.366897922154273 ], [ -81.426072132516126, 28.366904845248737 ], [ -81.426064354453032, 28.366949590490869 ] ] ], [ [ [ -81.425343613843594, 28.366942155343029 ], [ -81.425293243587035, 28.366935231905835 ], [ -81.425301022057099, 28.36689048671818 ], [ -81.42525065183483, 28.366883563260018 ], [ -81.425266208802313, 28.366794072873063 ], [ -81.425215838640355, 28.366787149396711 ], [ -81.425231395626966, 28.366697658992379 ], [ -81.425281765736855, 28.366704582462983 ], [ -81.425273987273712, 28.366749327670899 ], [ -81.425324357417878, 28.366756251120513 ], [ -81.425308800518934, 28.366845741524756 ], [ -81.425359170723425, 28.366852664956212 ], [ -81.425343613843594, 28.366942155343029 ] ] ], [ [ [ -81.425913243517655, 28.366928821127196 ], [ -81.425905465368231, 28.366973566354954 ], [ -81.425855095046899, 28.366966643183137 ], [ -81.425862873222371, 28.366921897958264 ], [ -81.425913243517655, 28.366928821127196 ] ] ], [ [ [ -81.425661392123743, 28.366894205043803 ], [ -81.425645835556324, 28.366983695464956 ], [ -81.42559546525024, 28.366976772170968 ], [ -81.425611021869727, 28.366887281755545 ], [ -81.425661392123743, 28.366894205043803 ] ] ], [ [ [ -81.425696205870665, 28.366990618735063 ], [ -81.425688427600633, 28.367035363939785 ], [ -81.425638057260272, 28.367028440666829 ], [ -81.425645835556324, 28.366983695464956 ], [ -81.425696205870665, 28.366990618735063 ] ] ], [ [ [ -81.425386205682202, 28.36699382394395 ], [ -81.425335835391337, 28.366986900527738 ], [ -81.425343613843594, 28.366942155343029 ], [ -81.425393984108425, 28.366949078756321 ], [ -81.425386205682202, 28.36699382394395 ] ] ], [ [ [ -81.42542101915619, 28.367090237699813 ], [ -81.425370648805, 28.367083314301773 ], [ -81.425378427247722, 28.367038569125729 ], [ -81.425428797572863, 28.367045492520887 ], [ -81.42542101915619, 28.367090237699813 ] ] ], [ [ [ -81.425731019697039, 28.367087032390781 ], [ -81.425715463167862, 28.367176522777058 ], [ -81.425665092741113, 28.367169599519347 ], [ -81.425680649322359, 28.367080109138755 ], [ -81.425731019697039, 28.367087032390781 ] ] ], [ [ [ -81.42546361111674, 28.367141906249913 ], [ -81.425455832709616, 28.367186651420099 ], [ -81.425405462298116, 28.36717972804021 ], [ -81.42541324073126, 28.367134982872916 ], [ -81.42546361111674, 28.367141906249913 ] ] ], [ [ [ -81.426033242118336, 28.367128571401452 ], [ -81.425994351514632, 28.367352297409607 ], [ -81.425893610414178, 28.367338451139592 ], [ -81.425901388603464, 28.367293705955241 ], [ -81.425951759123535, 28.367300629099311 ], [ -81.425982871694146, 28.367121648292692 ], [ -81.426033242118336, 28.367128571401452 ] ] ], [ [ [ -81.425750277092789, 28.367272936379763 ], [ -81.425699906605729, 28.367266013140224 ], [ -81.425715463167862, 28.367176522777058 ], [ -81.425765833602838, 28.367183446010905 ], [ -81.425750277092789, 28.367272936379763 ] ] ], [ [ [ -81.425482867936694, 28.367327810260537 ], [ -81.425432497438834, 28.367320886895975 ], [ -81.425448054294264, 28.367231396584494 ], [ -81.425498424740042, 28.367238319943358 ], [ -81.425482867936694, 28.367327810260537 ] ] ], [ [ [ -81.42580064758809, 28.367279859595424 ], [ -81.42578509109714, 28.367369349946927 ], [ -81.425734720549769, 28.367362426725496 ], [ -81.425750277092789, 28.367272936379763 ], [ -81.42580064758809, 28.367279859595424 ] ] ], [ [ [ -81.426044722077251, 28.367359220508856 ], [ -81.426036943957826, 28.367403965695946 ], [ -81.425986573369187, 28.367397042593865 ], [ -81.425994351514632, 28.367352297409607 ], [ -81.426044722077251, 28.367359220508856 ] ] ], [ [ [ -81.425533238442796, 28.367334733601261 ], [ -81.425517681658562, 28.367424223901029 ], [ -81.425467311100391, 28.36741730055456 ], [ -81.425482867936694, 28.367327810260537 ], [ -81.425533238442796, 28.367334733601261 ] ] ], [ [ [ -81.425819905180958, 28.367465763478513 ], [ -81.425769534573249, 28.367458840275265 ], [ -81.425777312839315, 28.367414095113997 ], [ -81.425827683420991, 28.367421018314378 ], [ -81.425819905180958, 28.367465763478513 ] ] ], [ [ [ -81.42584694110549, 28.367606922124242 ], [ -81.425796570411435, 28.367599998936232 ], [ -81.425812126932684, 28.367510508636876 ], [ -81.42586249757467, 28.36751743181912 ], [ -81.42584694110549, 28.367606922124242 ] ] ], [ [ [ -81.425122496028763, 28.367324091337153 ], [ -81.425145831792875, 28.367189855930086 ], [ -81.425196202189127, 28.367196779432145 ], [ -81.425180645073368, 28.367286269715034 ], [ -81.42523101552996, 28.36729319319895 ], [ -81.4252154584333, 28.367382683464385 ], [ -81.425265828950202, 28.367389606930146 ], [ -81.425250271872684, 28.367479097178229 ], [ -81.425300642449912, 28.367486020625808 ], [ -81.425285085391494, 28.367575510856458 ], [ -81.425335456029046, 28.367582434285918 ], [ -81.425319898989756, 28.367671924499099 ], [ -81.425370269687633, 28.367678847910476 ], [ -81.425346934145026, 28.367813083195493 ], [ -81.425296563369045, 28.367806159775544 ], [ -81.425312120457761, 28.367716669597058 ], [ -81.425261749742106, 28.367709746159019 ], [ -81.425269528300134, 28.367665001063934 ], [ -81.42521915761877, 28.367658077604894 ], [ -81.425234714762212, 28.367568587403131 ], [ -81.425184344141158, 28.367561663925905 ], [ -81.425207679872628, 28.367427428588449 ], [ -81.425157309337933, 28.367420505095982 ], [ -81.425172866503132, 28.36733101484775 ], [ -81.425122496028763, 28.367324091337153 ] ] ], [ [ [ -81.42552916025042, 28.367654872886114 ], [ -81.425544717064952, 28.367565382638418 ], [ -81.425494346420422, 28.367558459307304 ], [ -81.425517681658562, 28.367424223901029 ], [ -81.425568052224989, 28.367431147223602 ], [ -81.425552495459883, 28.367520637505951 ], [ -81.425602866086635, 28.367527560810384 ], [ -81.425587309340628, 28.367617051075296 ], [ -81.425637680027705, 28.367623974361596 ], [ -81.425629901668387, 28.367668719488229 ], [ -81.42552916025042, 28.367654872886114 ] ] ], [ [ [ -81.425897311807802, 28.367613845288304 ], [ -81.425889533586897, 28.367658590435017 ], [ -81.425839162858551, 28.367651667268078 ], [ -81.42584694110549, 28.367606922124242 ], [ -81.425897311807802, 28.367613845288304 ] ] ], [ [ [ -81.42538952642461, 28.367864751677818 ], [ -81.425339155614338, 28.367857828278911 ], [ -81.425346934145026, 28.367813083195493 ], [ -81.425397304929263, 28.367820006591479 ], [ -81.42538952642461, 28.367864751677818 ] ] ], [ [ [ -81.425122115161457, 28.367919624571361 ], [ -81.425071744340386, 28.367912701047384 ], [ -81.425079523017715, 28.367867955989862 ], [ -81.425129893812752, 28.367874879510939 ], [ -81.425122115161457, 28.367919624571361 ] ] ], [ [ [ -81.425695452220197, 28.368181685318334 ], [ -81.425679895451808, 28.36827117544421 ], [ -81.425629524375495, 28.368264252189505 ], [ -81.425645081195924, 28.368174762069309 ], [ -81.425695452220197, 28.368181685318334 ] ] ], [ [ [ -81.425435818671218, 28.368191813886231 ], [ -81.425420261626016, 28.368281303971976 ], [ -81.425369890564937, 28.368274380595082 ], [ -81.425385447662194, 28.368184890515046 ], [ -81.425435818671218, 28.368191813886231 ] ] ], [ [ [ -81.425722488165889, 28.368322843732219 ], [ -81.425699153004942, 28.368457078868907 ], [ -81.425648781816221, 28.368450155626633 ], [ -81.425672117055271, 28.368315920498482 ], [ -81.425722488165889, 28.368322843732219 ] ] ], [ [ [ -81.42544729714389, 28.368422462418845 ], [ -81.425396925996452, 28.368415539057235 ], [ -81.425412483091065, 28.368326049006193 ], [ -81.425462854186449, 28.368332972362047 ], [ -81.42544729714389, 28.368422462418845 ] ] ], [ [ [ -81.425726189044937, 28.368598237180596 ], [ -81.425675817769871, 28.368591313953559 ], [ -81.425699153004942, 28.368457078868907 ], [ -81.425749524201905, 28.368464002087364 ], [ -81.425726189044937, 28.368598237180596 ] ] ], [ [ [ -81.425489889792004, 28.368474130779187 ], [ -81.425474332752088, 28.368563620806942 ], [ -81.425423961518291, 28.368556697460601 ], [ -81.425439518610261, 28.368467207438531 ], [ -81.425489889792004, 28.368474130779187 ] ] ], [ [ [ -81.425768781952172, 28.368649905406077 ], [ -81.425745446774442, 28.368784140438549 ], [ -81.425695075386983, 28.368777217223979 ], [ -81.425718410642801, 28.36864298220009 ], [ -81.425768781952172, 28.368649905406077 ] ] ], [ [ [ -81.425516925487884, 28.368615289137473 ], [ -81.425493589919625, 28.368749524127022 ], [ -81.42544321857342, 28.368742600793137 ], [ -81.425466554219781, 28.368608365812158 ], [ -81.425516925487884, 28.368615289137473 ] ] ], [ [ [ -81.424939505565391, 28.36867336614165 ], [ -81.424889134309979, 28.368666442545283 ], [ -81.424904691988559, 28.36857695262665 ], [ -81.424955063191902, 28.368583876217301 ], [ -81.424939505565391, 28.36867336614165 ] ] ], [ [ [ -81.425764704588687, 28.368970043602971 ], [ -81.425714333088834, 28.368963120400842 ], [ -81.425729889948116, 28.368873630431224 ], [ -81.4257802613959, 28.36888055362768 ], [ -81.425764704588687, 28.368970043602971 ] ] ], [ [ [ -81.424982098029474, 28.368725034670593 ], [ -81.424974319221661, 28.368769779621157 ], [ -81.425024690545641, 28.368776703175563 ], [ -81.425009132957371, 28.368866193065074 ], [ -81.425059504341675, 28.368873116601321 ], [ -81.425036167975591, 28.369007351400864 ], [ -81.425086539446255, 28.36901427492181 ], [ -81.425047645468183, 28.369237999486348 ], [ -81.424997273867334, 28.369231075951081 ], [ -81.424950600665596, 28.36949954522057 ], [ -81.424900228916783, 28.369492621644255 ], [ -81.424939123402353, 28.369268897281799 ], [ -81.424888751791968, 28.369261973695945 ], [ -81.424919867336286, 28.369082994113327 ], [ -81.424869495838308, 28.369076070515057 ], [ -81.424877274729823, 28.369031325607835 ], [ -81.424927646201766, 28.369038249203225 ], [ -81.424943203908015, 28.368948759365676 ], [ -81.42489283248814, 28.368941835775978 ], [ -81.424931726739786, 28.368718111095195 ], [ -81.424982098029474, 28.368725034670593 ] ] ], [ [ [ -81.425563218638743, 28.368942350651228 ], [ -81.425532104508889, 28.36912133048671 ], [ -81.425582476088138, 28.369128253771905 ], [ -81.42553580480245, 28.369396723368833 ], [ -81.425586176546162, 28.369403646647275 ], [ -81.42557839799575, 28.369448391562759 ], [ -81.425528026226004, 28.369441468281426 ], [ -81.425520247641316, 28.369486213188239 ], [ -81.425570619437096, 28.369493136472421 ], [ -81.425539505120113, 28.369672116053266 ], [ -81.425589877028301, 28.369679039324968 ], [ -81.425519869567495, 28.370081743069417 ], [ -81.425570241718248, 28.370088666343008 ], [ -81.425562463096355, 28.370133411177463 ], [ -81.425411346590721, 28.370112641276446 ], [ -81.425489133220196, 28.369665192757601 ], [ -81.425438761328508, 28.369658269438141 ], [ -81.425500990247244, 28.36930031022969 ], [ -81.425450618572114, 28.369293386909227 ], [ -81.425497290071377, 28.369024917277226 ], [ -81.425446918560709, 28.369017993950063 ], [ -81.425493589919625, 28.368749524127022 ], [ -81.425543961274087, 28.368756447437075 ], [ -81.425512847171902, 28.368935427353641 ], [ -81.425563218638743, 28.368942350651228 ] ] ], [ [ [ -81.424764288296629, 28.369977891101371 ], [ -81.424756509258145, 28.370022635890063 ], [ -81.42470613721342, 28.370015712231741 ], [ -81.424713916277938, 28.369970967445933 ], [ -81.424764288296629, 28.369977891101371 ] ] ], [ [ [ -81.424992811764255, 28.370146743412285 ], [ -81.424942439626193, 28.3701398198676 ], [ -81.424934660667134, 28.370184564650419 ], [ -81.424985032831245, 28.370191488197978 ], [ -81.424977253889978, 28.37023623297781 ], [ -81.424826137344326, 28.370215462254976 ], [ -81.424849474377709, 28.370081227923734 ], [ -81.425000590689052, 28.370101998620864 ], [ -81.424992811764255, 28.370146743412285 ] ] ], [ [ [ -81.425128370509938, 28.370257003485932 ], [ -81.425077998295023, 28.370250080007068 ], [ -81.425085777184208, 28.370205335221485 ], [ -81.425136149373088, 28.370212258697453 ], [ -81.425128370509938, 28.370257003485932 ] ] ], [ [ [ -81.424647601854332, 28.370649062324755 ], [ -81.424639822692257, 28.370693807026747 ], [ -81.424589450256988, 28.370686883325554 ], [ -81.424597229445098, 28.37064213862638 ], [ -81.424647601854332, 28.370649062324755 ] ] ], [ [ [ -81.424926499440801, 28.370824838153741 ], [ -81.424976871985919, 28.370831761693598 ], [ -81.424953534947633, 28.370965995790211 ], [ -81.424903162324398, 28.370959072241746 ], [ -81.424918720410247, 28.370869582855509 ], [ -81.424868347847323, 28.370862659288914 ], [ -81.424883905952299, 28.370773169885272 ], [ -81.4247831609554, 28.370759322691946 ], [ -81.424790940047586, 28.370714577987137 ], [ -81.424690195135781, 28.370700730704073 ], [ -81.424697974271808, 28.370655985999257 ], [ -81.424899464024278, 28.370683680458534 ], [ -81.424915022063331, 28.3705941910086 ], [ -81.424965394470007, 28.370601114558053 ], [ -81.424926499440801, 28.370824838153741 ] ] ], [ [ [ -81.424930197835195, 28.371100229834795 ], [ -81.424879825133857, 28.371093306277775 ], [ -81.424887604205608, 28.371048561604837 ], [ -81.424937976880912, 28.371055485159065 ], [ -81.424930197835195, 28.371100229834795 ] ] ], [ [ [ -81.424918338090777, 28.371465110588652 ], [ -81.424867965172893, 28.37145818703263 ], [ -81.424860186053024, 28.371502931656366 ], [ -81.424759440189945, 28.371489084466987 ], [ -81.424790556828256, 28.371310105960273 ], [ -81.424840929651538, 28.371317029555435 ], [ -81.424856487869178, 28.371227540261728 ], [ -81.424906860648633, 28.371234463827296 ], [ -81.42492241878125, 28.371144974504748 ], [ -81.424972791516879, 28.371151898040772 ], [ -81.424957233436331, 28.37124138736905 ], [ -81.425007606232285, 28.37124831088693 ], [ -81.424999827205696, 28.371293055545276 ], [ -81.424949454383693, 28.371286132024544 ], [ -81.424918338090777, 28.371465110588652 ] ] ], [ [ [ -81.424701288064568, 28.371526905445847 ], [ -81.424709067270783, 28.371482160836464 ], [ -81.424759440189945, 28.371489084466987 ], [ -81.424751661009779, 28.371533829079162 ], [ -81.424701288064568, 28.371526905445847 ] ] ], [ [ [ -81.424701288064568, 28.371526905445847 ], [ -81.424693508850112, 28.371571650049408 ], [ -81.424643135887152, 28.371564726389359 ], [ -81.424650915127629, 28.371519981788587 ], [ -81.424701288064568, 28.371526905445847 ] ] ], [ [ [ -81.424643135887152, 28.371564726389359 ], [ -81.424635356638419, 28.371609470984254 ], [ -81.424584983657667, 28.371602547297456 ], [ -81.42459276293242, 28.371557802705411 ], [ -81.424643135887152, 28.371564726389359 ] ] ], [ [ [ -81.424778696451369, 28.371674986499215 ], [ -81.424770917264283, 28.371719731091176 ], [ -81.424670171157345, 28.371705883825452 ], [ -81.424685729627441, 28.371616394647184 ], [ -81.424736102624706, 28.371623318286289 ], [ -81.424728323419814, 28.371668062881174 ], [ -81.424778696451369, 28.371674986499215 ] ] ], [ [ [ -81.425073155783224, 28.371761272315506 ], [ -81.425065376744115, 28.371806016918836 ], [ -81.425015003610952, 28.37179909343827 ], [ -81.425022782676095, 28.371754348837769 ], [ -81.425073155783224, 28.371761272315506 ] ] ], [ [ [ -81.425069075634084, 28.372081407891294 ], [ -81.425018702336459, 28.372074484417432 ], [ -81.425026481424993, 28.372029739848792 ], [ -81.425076854696599, 28.372036663319808 ], [ -81.425069075634084, 28.372081407891294 ] ] ], [ [ [ -81.424557563698031, 28.372056916615737 ], [ -81.424507190456893, 28.372049992900315 ], [ -81.424514969814041, 28.372005248366051 ], [ -81.424565343029144, 28.372012172078584 ], [ -81.424557563698031, 28.372056916615737 ] ] ], [ [ [ -81.424727556084463, 28.372859114945427 ], [ -81.424677182351161, 28.372852191324622 ], [ -81.424684961692151, 28.372807446871427 ], [ -81.424735335399419, 28.37281437048939 ], [ -81.424727556084463, 28.372859114945427 ] ] ], [ [ [ -81.42462680862613, 28.372845267679949 ], [ -81.424677182351161, 28.372852191324622 ], [ -81.424669403001943, 28.372896935772005 ], [ -81.424619029250863, 28.372890012124458 ], [ -81.42462680862613, 28.372845267679949 ] ] ], [ [ [ -81.424611249867368, 28.37293475656319 ], [ -81.424560876098496, 28.372927832888941 ], [ -81.42456865550804, 28.372883088453076 ], [ -81.424619029250863, 28.372890012124458 ], [ -81.424611249867368, 28.37293475656319 ] ] ], [ [ [ -81.424502722894076, 28.372965653618067 ], [ -81.424510502337895, 28.372920909190789 ], [ -81.424560876098496, 28.372927832888941 ], [ -81.424553096680725, 28.37297257731905 ], [ -81.424502722894076, 28.372965653618067 ] ] ], [ [ [ -81.424336042515094, 28.373034371191896 ], [ -81.424343822053515, 28.372989626784779 ], [ -81.42439419584143, 28.372996550560227 ], [ -81.42440197534556, 28.372951806144489 ], [ -81.424502722894076, 28.372965653618067 ], [ -81.424494943442014, 28.373010398039519 ], [ -81.424444569637586, 28.373003474311801 ], [ -81.424436790151248, 28.37304821872463 ], [ -81.424336042515094, 28.373034371191896 ] ] ], [ [ [ -81.424983123532229, 28.373169122886829 ], [ -81.42497534431584, 28.373213867319517 ], [ -81.42492497035073, 28.373206943821877 ], [ -81.424932749593168, 28.373162199392063 ], [ -81.424983123532229, 28.373169122886829 ] ] ], [ [ [ -81.424219735706274, 28.373110012349127 ], [ -81.424211956091071, 28.373154756733168 ], [ -81.424161582223761, 28.373147832874711 ], [ -81.424169361865012, 28.373103088493483 ], [ -81.424219735706274, 28.373110012349127 ] ] ], [ [ [ -81.424161582223761, 28.373147832874711 ], [ -81.424153802574281, 28.373192577250091 ], [ -81.424103428689207, 28.373185653364871 ], [ -81.424111208364721, 28.373140908992323 ], [ -81.424161582223761, 28.373147832874711 ] ] ], [ [ [ -81.424700136483736, 28.373313482813316 ], [ -81.424707915855038, 28.373268738412222 ], [ -81.424758289839176, 28.373275662011018 ], [ -81.424750510493908, 28.373320406414965 ], [ -81.424700136483736, 28.373313482813316 ] ] ], [ [ [ -81.424700136483736, 28.373313482813316 ], [ -81.424692357104178, 28.373358227208612 ], [ -81.424641983076228, 28.373351303580179 ], [ -81.424649762481806, 28.373306559187775 ], [ -81.424700136483736, 28.373313482813316 ] ] ], [ [ [ -81.424641983076228, 28.373351303580179 ], [ -81.424634203662393, 28.373396047966878 ], [ -81.424583829616651, 28.373389124311711 ], [ -81.424591609056506, 28.373344379927921 ], [ -81.424641983076228, 28.373351303580179 ] ] ], [ [ [ -81.424475302049757, 28.373420021302209 ], [ -81.424467522541335, 28.373464765668729 ], [ -81.424417148468279, 28.373457841936307 ], [ -81.424424928002722, 28.373413097572616 ], [ -81.424475302049757, 28.373420021302209 ] ] ], [ [ [ -81.424409368925595, 28.373502586294148 ], [ -81.424358994834748, 28.37349566253501 ], [ -81.424366774403481, 28.373450918179991 ], [ -81.424417148468279, 28.373457841936307 ], [ -81.424409368925595, 28.373502586294148 ] ] ], [ [ [ -81.424351215257786, 28.373540406884246 ], [ -81.424300841149162, 28.373533483098353 ], [ -81.424308620752157, 28.373488738751956 ], [ -81.424358994834748, 28.37349566253501 ], [ -81.424351215257786, 28.373540406884246 ] ] ], [ [ [ -81.424242687411507, 28.37357130362636 ], [ -81.424192313293361, 28.373564379789855 ], [ -81.424200092956681, 28.373519635454954 ], [ -81.424250467048793, 28.373526559288614 ], [ -81.424242687411507, 28.37357130362636 ] ] ], [ [ [ -81.424184533621798, 28.373609124118964 ], [ -81.424134159485874, 28.373602200255757 ], [ -81.424141939183457, 28.37355745592949 ], [ -81.424192313293361, 28.373564379789855 ], [ -81.424184533621798, 28.373609124118964 ] ] ], [ [ [ -81.424083785358192, 28.37359527636869 ], [ -81.424134159485874, 28.373602200255757 ], [ -81.424126379780034, 28.373646944576187 ], [ -81.424076005626318, 28.373640020686267 ], [ -81.424083785358192, 28.37359527636869 ] ] ], [ [ [ -81.424850875732957, 28.373929777457001 ], [ -81.424843096376492, 28.373974521791496 ], [ -81.424792721968771, 28.373967598245251 ], [ -81.424800501351257, 28.373922853913637 ], [ -81.424850875732957, 28.373929777457001 ] ] ], [ [ [ -81.424676414284178, 28.374043239715594 ], [ -81.424626039849144, 28.374036316092003 ], [ -81.424633819326232, 28.373991571780536 ], [ -81.424684193735246, 28.373998495401239 ], [ -81.424676414284178, 28.374043239715594 ] ] ], [ [ [ -81.42456788591096, 28.374074136747414 ], [ -81.424517511466391, 28.374067213073253 ], [ -81.424525291003803, 28.374022468773319 ], [ -81.424575665422338, 28.374029392444587 ], [ -81.42456788591096, 28.374074136747414 ] ] ], [ [ [ -81.424467137030078, 28.374060289375265 ], [ -81.424459357458389, 28.374105033666588 ], [ -81.424408983004284, 28.374098109941833 ], [ -81.424416762602007, 28.37405336565336 ], [ -81.424467137030078, 28.374060289375265 ] ] ], [ [ [ -81.42435860855845, 28.374091186193219 ], [ -81.424350828926435, 28.374135930473042 ], [ -81.424300454462809, 28.374129006697682 ], [ -81.424308234120844, 28.374084262420745 ], [ -81.42435860855845, 28.374091186193219 ] ] ], [ [ [ -81.42425008000744, 28.374122082898513 ], [ -81.424242300315115, 28.374166827166867 ], [ -81.424191925841967, 28.374159903340935 ], [ -81.424199705560312, 28.374115159075437 ], [ -81.42425008000744, 28.374122082898513 ] ] ], [ [ [ -81.424738266060572, 28.374280808404645 ], [ -81.424746045500754, 28.374236064113557 ], [ -81.424846794636935, 28.374249911216456 ], [ -81.424839015248835, 28.374294655513335 ], [ -81.424738266060572, 28.374280808404645 ] ] ], [ [ [ -81.424738266060572, 28.374280808404645 ], [ -81.424730486612162, 28.374325552690021 ], [ -81.424680112004367, 28.374318629097029 ], [ -81.424687891478825, 28.374273884814563 ], [ -81.424738266060572, 28.374280808404645 ] ] ], [ [ [ -81.424083397141743, 28.374190799871421 ], [ -81.424075617354831, 28.374235544119603 ], [ -81.42402524285437, 28.37422862021635 ], [ -81.424033022667302, 28.374183875971035 ], [ -81.424083397141743, 28.374190799871421 ] ] ], [ [ [ -81.424629737404842, 28.374311705480196 ], [ -81.424621957896107, 28.374356449754064 ], [ -81.424571583278791, 28.374349526110485 ], [ -81.42457936281356, 28.37430478183947 ], [ -81.424629737404842, 28.374311705480196 ] ] ], [ [ [ -81.424513429100671, 28.374387346705415 ], [ -81.424463054473833, 28.374380423011235 ], [ -81.424470834068913, 28.374335678751727 ], [ -81.424521208669731, 28.374342602443001 ], [ -81.424513429100671, 28.374387346705415 ] ] ], [ [ [ -81.424354525589507, 28.374411319799304 ], [ -81.424362305244912, 28.374366575551306 ], [ -81.424463054473833, 28.374380423011235 ], [ -81.42445527487051, 28.374425167264945 ], [ -81.424354525589507, 28.374411319799304 ] ] ], [ [ [ -81.424354525589507, 28.374411319799304 ], [ -81.424346745925874, 28.374456064041528 ], [ -81.424296371271723, 28.374449140270077 ], [ -81.42430415096139, 28.374404396030666 ], [ -81.424354525589507, 28.374411319799304 ] ] ], [ [ [ -81.424288591573799, 28.374493884503654 ], [ -81.424187842238183, 28.374480036883313 ], [ -81.424195621988176, 28.374435292655427 ], [ -81.424296371271723, 28.374449140270077 ], [ -81.424288591573799, 28.374493884503654 ] ] ], [ [ [ -81.424087092935579, 28.374466189167592 ], [ -81.424187842238183, 28.374480036883313 ], [ -81.424180062479948, 28.374524781105432 ], [ -81.424079313125276, 28.374510933383981 ], [ -81.424087092935579, 28.374466189167592 ] ] ], [ [ [ -81.424071533306716, 28.374555677594564 ], [ -81.42402115861573, 28.374548753695152 ], [ -81.424028938460324, 28.374504009487428 ], [ -81.424079313125276, 28.374510933383981 ], [ -81.424071533306716, 28.374555677594564 ] ] ], [ [ [ -81.424013378762908, 28.374593497897081 ], [ -81.423912629353609, 28.37457965002098 ], [ -81.423920409258514, 28.374534905824721 ], [ -81.42402115861573, 28.374548753695152 ], [ -81.424013378762908, 28.374593497897081 ] ] ], [ [ [ -81.424292288049699, 28.374769273575371 ], [ -81.424443412608511, 28.374790044806705 ], [ -81.424435632957071, 28.374834789011256 ], [ -81.424385258069833, 28.374827865288488 ], [ -81.424377478384102, 28.374872609484459 ], [ -81.424327103479101, 28.374865685734921 ], [ -81.424334883190866, 28.374820941541866 ], [ -81.424284508320127, 28.374814017771346 ], [ -81.424292288049699, 28.374769273575371 ] ] ], [ [ [ -81.4244045142689, 28.375013765771797 ], [ -81.424396734576263, 28.37505850994749 ], [ -81.424295984549673, 28.375044662449422 ], [ -81.424311544030857, 28.374955174103761 ], [ -81.424714543918753, 28.375010563477254 ], [ -81.424706764390592, 28.375055307675918 ], [ -81.4244045142689, 28.375013765771797 ] ] ], [ [ [ -81.424373395448924, 28.375192742439879 ], [ -81.424365615723318, 28.375237486592418 ], [ -81.424315240601743, 28.375230562843907 ], [ -81.424330800096769, 28.375141074538725 ], [ -81.424481925330056, 28.375161845695494 ], [ -81.42447414566476, 28.375206589859541 ], [ -81.424373395448924, 28.375192742439879 ] ] ], [ [ [ -81.42435005624742, 28.375326974880213 ], [ -81.424357835989483, 28.375282230739209 ], [ -81.424408211145376, 28.375289154466707 ], [ -81.424400431429319, 28.375333898610585 ], [ -81.42445080661949, 28.375340822317114 ], [ -81.424443026921267, 28.375385566458011 ], [ -81.424291901297394, 28.375364795258392 ], [ -81.424299681073748, 28.37532005112601 ], [ -81.42435005624742, 28.375326974880213 ] ] ], [ [ [ -81.424512658711421, 28.375578390334077 ], [ -81.424462283374538, 28.375571466661 ], [ -81.424477842776611, 28.375481978413791 ], [ -81.424528218061411, 28.375488902081162 ], [ -81.424512658711421, 28.375578390334077 ] ] ], [ [ [ -81.424101876351898, 28.375567744376152 ], [ -81.424051501055033, 28.375560820509289 ], [ -81.424059280976735, 28.375516076417281 ], [ -81.424109656247566, 28.375523000281291 ], [ -81.424101876351898, 28.375567744376152 ] ] ], [ [ [ -81.42429559782218, 28.375640183705453 ], [ -81.424311157413442, 28.375550695498593 ], [ -81.424361532725541, 28.375557619243253 ], [ -81.424353752960073, 28.375602363352431 ], [ -81.424404128306492, 28.375609287076099 ], [ -81.424388568802897, 28.37569877528286 ], [ -81.424338193404424, 28.375691851553508 ], [ -81.424345973186362, 28.375647107455855 ], [ -81.42429559782218, 28.375640183705453 ] ] ], [ [ [ -81.4239040704703, 28.375815437100556 ], [ -81.423880730351172, 28.375949669220773 ], [ -81.423830354844725, 28.375942745256616 ], [ -81.423838134918711, 28.375898001225131 ], [ -81.423787759446554, 28.375891077239956 ], [ -81.423826659823064, 28.375667357010322 ], [ -81.423776284489364, 28.375660433015543 ], [ -81.423815184790101, 28.375436712655794 ], [ -81.423865559993601, 28.375443636636248 ], [ -81.423842219915997, 28.375577868878011 ], [ -81.423892595205885, 28.375584792843231 ], [ -81.423853695041956, 28.375808513144907 ], [ -81.4239040704703, 28.375815437100556 ] ] ], [ [ [ -81.426811365144218, 28.355827612108587 ], [ -81.42680358849195, 28.355872358696541 ], [ -81.426753224713238, 28.355865435747699 ], [ -81.426761001391526, 28.355820689162591 ], [ -81.426811365144218, 28.355827612108587 ] ] ], [ [ [ -81.426196237719722, 28.360553664993638 ], [ -81.425894038731087, 28.360512125732082 ], [ -81.425901816291869, 28.360467379751647 ], [ -81.426204015124313, 28.360508918996072 ], [ -81.426196237719722, 28.360553664993638 ] ] ], [ [ [ -81.425975140473483, 28.360935609110967 ], [ -81.425874407025233, 28.360921762591285 ], [ -81.425882184634105, 28.360877016660083 ], [ -81.425932551328074, 28.360883939928986 ], [ -81.425940328902669, 28.360839193989133 ], [ -81.425990695578875, 28.360846117231311 ], [ -81.425975140473483, 28.360935609110967 ] ] ], [ [ [ -81.425362962401707, 28.360897274457891 ], [ -81.425370740279106, 28.360852528561072 ], [ -81.425521840216305, 28.360873299020685 ], [ -81.42551406241698, 28.360918044926123 ], [ -81.425614795801764, 28.360931891785594 ], [ -81.425607018046264, 28.360976637690978 ], [ -81.425455917903378, 28.360955867357344 ], [ -81.425463695736966, 28.360911121460575 ], [ -81.425362962401707, 28.360897274457891 ] ] ], [ [ [ -81.425734785181788, 28.36113164551692 ], [ -81.425750340577778, 28.361042153717982 ], [ -81.425951807753634, 28.361069846887101 ], [ -81.425936252565904, 28.361159338708919 ], [ -81.42583551885734, 28.361145492160617 ], [ -81.425827741199058, 28.361190238057112 ], [ -81.425777374331119, 28.361183314744366 ], [ -81.425785152015436, 28.361138568850691 ], [ -81.425734785181788, 28.36113164551692 ] ] ], [ [ [ -81.426079575662484, 28.361224854263138 ], [ -81.426064020581521, 28.361314346067392 ], [ -81.425912919722521, 28.361293576398211 ], [ -81.425920697345205, 28.361248830507588 ], [ -81.425971064263933, 28.361255753751628 ], [ -81.42597884185237, 28.361211007852344 ], [ -81.426079575662484, 28.361224854263138 ] ] ], [ [ [ -81.425567751445911, 28.361795909870875 ], [ -81.425668485885879, 28.361809756648018 ], [ -81.425660708078027, 28.361854502454925 ], [ -81.425761442603076, 28.361868349142366 ], [ -81.425738109286257, 28.36200258654544 ], [ -81.425587007276789, 28.361981816452705 ], [ -81.425594785135402, 28.361937070666041 ], [ -81.425443683278303, 28.361916300367135 ], [ -81.425435905341615, 28.361961046145233 ], [ -81.425385538046385, 28.361954122661675 ], [ -81.425377760075435, 28.361998868431133 ], [ -81.425277025457675, 28.361985021386698 ], [ -81.425284803480707, 28.361940275622992 ], [ -81.425234436210232, 28.361933352067847 ], [ -81.425242214251057, 28.361888606301164 ], [ -81.425191847014887, 28.36188168272502 ], [ -81.425207403123864, 28.361792191180086 ], [ -81.425308137500352, 28.361806038297114 ], [ -81.425300359502046, 28.361850784078172 ], [ -81.425501828458181, 28.36187847803723 ], [ -81.425509606352364, 28.361833732244737 ], [ -81.425559973586005, 28.361840655671994 ], [ -81.425567751445911, 28.361795909870875 ] ] ], [ [ [ -81.425807733004362, 28.362195416300555 ], [ -81.425908467959843, 28.36220926283713 ], [ -81.425900690242287, 28.362254008614855 ], [ -81.425951057758439, 28.362260931850212 ], [ -81.425935502350654, 28.362350423394041 ], [ -81.425834767222469, 28.362336576888076 ], [ -81.425842544982544, 28.362291831124733 ], [ -81.425792177456856, 28.362284907838809 ], [ -81.425807733004362, 28.362195416300555 ] ] ], [ [ [ -81.425675886745694, 28.362360552699041 ], [ -81.425652553157079, 28.362494789911214 ], [ -81.425551817903155, 28.362480943143719 ], [ -81.425559595826329, 28.362436197417839 ], [ -81.4255092282378, 28.36242927400113 ], [ -81.425524784111488, 28.362339782537738 ], [ -81.425675886745694, 28.362360552699041 ] ] ], [ [ [ -81.425408493085456, 28.362415427096174 ], [ -81.425400715084194, 28.362460172813517 ], [ -81.425350347494387, 28.362453249322375 ], [ -81.425358125521669, 28.362408503607913 ], [ -81.425408493085456, 28.362415427096174 ] ] ], [ [ [ -81.425451082682272, 28.362467096280774 ], [ -81.425443304698803, 28.362511841995151 ], [ -81.425392937074704, 28.362504918525023 ], [ -81.425400715084194, 28.362460172813517 ], [ -81.425451082682272, 28.362467096280774 ] ] ], [ [ [ -81.425834391397089, 28.362932117865043 ], [ -81.425784023490465, 28.362925194586797 ], [ -81.42579180133157, 28.362880448895844 ], [ -81.425741433459223, 28.362873525596633 ], [ -81.425749211318134, 28.362828779902713 ], [ -81.425849947019003, 28.36284262647164 ], [ -81.425834391397089, 28.362932117865043 ] ] ], [ [ [ -81.425632919820089, 28.362904424608974 ], [ -81.425683287701958, 28.362911347958786 ], [ -81.425667731890911, 28.363000839311937 ], [ -81.425768467783541, 28.363014685951413 ], [ -81.425760689917723, 28.363059431625022 ], [ -81.425710321941253, 28.363052508314393 ], [ -81.42569476613285, 28.363141999638522 ], [ -81.425745134161374, 28.363148922954935 ], [ -81.425729578372085, 28.363238414261673 ], [ -81.425679210291477, 28.363231490939562 ], [ -81.425686988216285, 28.363186745291937 ], [ -81.425636620169968, 28.36317982194883 ], [ -81.425644398112567, 28.363135076298281 ], [ -81.425594030100541, 28.363128152934184 ], [ -81.425617363956974, 28.362993915956412 ], [ -81.425566996031307, 28.362986992577056 ], [ -81.425590329891719, 28.36285275555575 ], [ -81.425539962052383, 28.362845832161078 ], [ -81.425547740015404, 28.362801086478612 ], [ -81.425648475650263, 28.362814933238393 ], [ -81.425632919820089, 28.362904424608974 ] ] ], [ [ [ -81.425156274744751, 28.362976350322128 ], [ -81.425148496558322, 28.363021095955641 ], [ -81.425098128654852, 28.363014172355747 ], [ -81.425113685071537, 28.362924681088632 ], [ -81.425214420782609, 28.36293852825311 ], [ -81.425206642630442, 28.362983273895299 ], [ -81.425156274744751, 28.362976350322128 ] ] ], [ [ [ -81.425427370012272, 28.363196873971148 ], [ -81.425435148067237, 28.363152128337809 ], [ -81.425384780062188, 28.363145204875419 ], [ -81.425392558134945, 28.363100459239142 ], [ -81.425543662096757, 28.363121229546234 ], [ -81.425520328088069, 28.363255466463379 ], [ -81.425469960014468, 28.363248543043007 ], [ -81.425477738051626, 28.363203797412559 ], [ -81.425427370012272, 28.363196873971148 ] ] ], [ [ [ -81.425675132850117, 28.363551633653074 ], [ -81.425574396332721, 28.363537786944971 ], [ -81.425582174341201, 28.363493041340714 ], [ -81.425682910806543, 28.363506888043062 ], [ -81.425675132850117, 28.363551633653074 ] ] ], [ [ [ -81.425272186978617, 28.363496246248072 ], [ -81.425070714240945, 28.363468551972861 ], [ -81.425078492509755, 28.36342380639714 ], [ -81.425279965143289, 28.363451500660933 ], [ -81.425272186978617, 28.363496246248072 ] ] ], [ [ [ -81.425566618315997, 28.363582532543479 ], [ -81.425516250043657, 28.363575609150796 ], [ -81.4255240280864, 28.363530863555173 ], [ -81.425574396332721, 28.363537786944971 ], [ -81.425566618315997, 28.363582532543479 ] ] ], [ [ [ -81.425508471992657, 28.363620354740661 ], [ -81.425407735420663, 28.363606507877982 ], [ -81.425415513523717, 28.363561762293827 ], [ -81.425516250043657, 28.363575609150796 ], [ -81.425508471992657, 28.363620354740661 ] ] ], [ [ [ -81.425357367147029, 28.363599584410846 ], [ -81.425407735420663, 28.363606507877982 ], [ -81.425399957309381, 28.363651253456322 ], [ -81.425349589009727, 28.363644329986336 ], [ -81.425357367147029, 28.363599584410846 ] ] ], [ [ [ -81.425241074237547, 28.363675228538749 ], [ -81.425233296031678, 28.363719974096941 ], [ -81.425182927704725, 28.363713050549631 ], [ -81.425190705936615, 28.363668304994288 ], [ -81.425241074237547, 28.363675228538749 ] ] ], [ [ [ -81.425795126092424, 28.363751385952611 ], [ -81.425787348172918, 28.363796131542273 ], [ -81.425736979755186, 28.363789208257483 ], [ -81.425729201801417, 28.363833953838451 ], [ -81.425628464938626, 28.363820107191561 ], [ -81.425636242944464, 28.363775361616248 ], [ -81.425686611345697, 28.363782284948769 ], [ -81.425694389317272, 28.363737539364848 ], [ -81.425795126092424, 28.363751385952611 ] ] ], [ [ [ -81.425628464938626, 28.363820107191561 ], [ -81.42562068692456, 28.363864852761029 ], [ -81.425570318479501, 28.363857929398954 ], [ -81.425578096519601, 28.363813183832285 ], [ -81.425628464938626, 28.363820107191561 ] ] ], [ [ [ -81.425519950042698, 28.363851006012968 ], [ -81.425512171968336, 28.363895751570926 ], [ -81.425461803513755, 28.363888828158238 ], [ -81.425469581614166, 28.363844082603126 ], [ -81.425519950042698, 28.363851006012968 ] ] ], [ [ [ -81.425353288468656, 28.363919726804941 ], [ -81.425345510299707, 28.363964472342776 ], [ -81.425295141817827, 28.363957548852785 ], [ -81.425302920012811, 28.363912803317746 ], [ -81.425353288468656, 28.363919726804941 ] ] ], [ [ [ -81.425236995114957, 28.363995370865243 ], [ -81.425186626623557, 28.363988447324658 ], [ -81.425194404878837, 28.363943701801173 ], [ -81.425244773344204, 28.363950625338898 ], [ -81.425236995114957, 28.363995370865243 ] ] ], [ [ [ -81.425178848360034, 28.364033192842356 ], [ -81.425128479850855, 28.364026269275062 ], [ -81.425136258140412, 28.363981523760206 ], [ -81.425186626623557, 28.363988447324658 ], [ -81.425178848360034, 28.364033192842356 ] ] ], [ [ [ -81.425023662910206, 28.36433256410589 ], [ -81.424922925568666, 28.364318716811944 ], [ -81.424930703993965, 28.364273971346122 ], [ -81.425031441283451, 28.364287818634423 ], [ -81.425023662910206, 28.36433256410589 ] ] ], [ [ [ -81.425252171629865, 28.364501418345867 ], [ -81.425267728157209, 28.364411927403211 ], [ -81.425217359415001, 28.364405003884595 ], [ -81.425225137692337, 28.364360258407444 ], [ -81.425174768984434, 28.364353334867875 ], [ -81.425182547279576, 28.364308589387765 ], [ -81.425283284651599, 28.364322436437373 ], [ -81.425275506408525, 28.364367181923182 ], [ -81.425325875132941, 28.364374105415056 ], [ -81.425302540432369, 28.364508341846342 ], [ -81.425252171629865, 28.364501418345867 ] ] ], [ [ [ -81.425345131019185, 28.364560010791291 ], [ -81.425294762182375, 28.36455308731183 ], [ -81.425302540432369, 28.364508341846342 ], [ -81.425352909243145, 28.364515265322886 ], [ -81.425345131019185, 28.364560010791291 ] ] ], [ [ [ -81.425178467904701, 28.364628731183632 ], [ -81.425128099040592, 28.364621807626875 ], [ -81.425135877385145, 28.364577062181514 ], [ -81.42518624622322, 28.364583985735397 ], [ -81.425178467904701, 28.364628731183632 ] ] ], [ [ [ -81.425438090537412, 28.364618603146894 ], [ -81.425422534152432, 28.364708094066174 ], [ -81.425372165221034, 28.364701170625878 ], [ -81.425387721658069, 28.364611679712343 ], [ -81.425438090537412, 28.364618603146894 ] ] ], [ [ [ -81.425213280167341, 28.364725145601355 ], [ -81.425221058476311, 28.364680400161827 ], [ -81.425271427382967, 28.364687323673721 ], [ -81.425263649100017, 28.364732069116101 ], [ -81.425213280167341, 28.364725145601355 ] ] ], [ [ [ -81.425213280167341, 28.364725145601355 ], [ -81.42520550185013, 28.364769891035138 ], [ -81.425155132899661, 28.364762967493647 ], [ -81.425162911242907, 28.364718222062795 ], [ -81.425213280167341, 28.364725145601355 ] ] ], [ [ [ -81.425558084734448, 28.364818355157102 ], [ -81.425542528439777, 28.364907846047281 ], [ -81.425492159379459, 28.364900922667164 ], [ -81.425499937556964, 28.364856177227804 ], [ -81.425449568530951, 28.364849253826694 ], [ -81.425457346726233, 28.364804508384427 ], [ -81.425406977734511, 28.364797584962307 ], [ -81.425422534152432, 28.364708094066174 ], [ -81.4254729030921, 28.364715017482599 ], [ -81.425465124913288, 28.364759762936426 ], [ -81.425515493887232, 28.364766686331809 ], [ -81.425507715726212, 28.364811431782709 ], [ -81.425558084734448, 28.364818355157102 ] ] ], [ [ [ -81.42534883050368, 28.364835406952864 ], [ -81.425341052248086, 28.364880152383574 ], [ -81.425290683220808, 28.364873228908028 ], [ -81.425298461502422, 28.364828483480117 ], [ -81.42534883050368, 28.364835406952864 ] ] ], [ [ [ -81.425038838208167, 28.364838611172122 ], [ -81.424988469230385, 28.364831687553362 ], [ -81.424996247668204, 28.364786942142619 ], [ -81.425046616619952, 28.364793865758525 ], [ -81.425038838208167, 28.364838611172122 ] ] ], [ [ [ -81.425282904930938, 28.364917974330112 ], [ -81.425232535885868, 28.364911050827796 ], [ -81.425240314201758, 28.364866305408576 ], [ -81.425290683220808, 28.364873228908028 ], [ -81.425282904930938, 28.364917974330112 ] ] ], [ [ [ -81.424786993401852, 28.364803992839636 ], [ -81.424988469230385, 28.364831687553362 ], [ -81.424980690784338, 28.364876432958329 ], [ -81.42487995280149, 28.364862585643447 ], [ -81.424864395780531, 28.364952076424611 ], [ -81.424814026749431, 28.364945152725657 ], [ -81.424821805290065, 28.364900407340862 ], [ -81.424771436293241, 28.364893483620914 ], [ -81.424786993401852, 28.364803992839636 ] ] ], [ [ [ -81.424914764819903, 28.36495900009967 ], [ -81.424906986323109, 28.36500374548439 ], [ -81.424856617257703, 28.364996821806471 ], [ -81.424864395780531, 28.364952076424611 ], [ -81.424914764819903, 28.36495900009967 ] ] ], [ [ [ -81.424891429304779, 28.365093236236547 ], [ -81.424906986323109, 28.36500374548439 ], [ -81.424957355396742, 28.365010669138481 ], [ -81.424941798430481, 28.365100159896375 ], [ -81.424891429304779, 28.365093236236547 ] ] ], [ [ [ -81.424716986153626, 28.365206701173157 ], [ -81.424732543377573, 28.365117210472853 ], [ -81.424782912504554, 28.3651241342071 ], [ -81.424775133922722, 28.365168879562994 ], [ -81.424825503084008, 28.365175803276212 ], [ -81.424809945947715, 28.365265293976368 ], [ -81.424759576734388, 28.365258370257411 ], [ -81.424767355332676, 28.365213624913093 ], [ -81.424716986153626, 28.365206701173157 ] ] ], [ [ [ -81.425061792138195, 28.365299912213136 ], [ -81.425011422883586, 28.365292988613536 ], [ -81.425019201351731, 28.365248243254911 ], [ -81.425069570580291, 28.365255166851686 ], [ -81.425061792138195, 28.365299912213136 ] ] ], [ [ [ -81.42485253661485, 28.365316963015722 ], [ -81.424802167367233, 28.365310039317766 ], [ -81.424809945947715, 28.365265293976368 ], [ -81.424860315169312, 28.365272217671453 ], [ -81.42485253661485, 28.365316963015722 ] ] ], [ [ [ -81.424902905870724, 28.365323886689801 ], [ -81.424887348789156, 28.365413377366732 ], [ -81.424836979481213, 28.365406453686909 ], [ -81.42485253661485, 28.365316963015722 ], [ -81.424902905870724, 28.365323886689801 ] ] ], [ [ [ -81.425197343198832, 28.365410173591609 ], [ -81.425181786413177, 28.365499664291221 ], [ -81.425131417029675, 28.365492740751769 ], [ -81.425139195452658, 28.365447995407742 ], [ -81.425088826103448, 28.365441071847272 ], [ -81.425096604544223, 28.365396326500253 ], [ -81.425046235229303, 28.36538940291879 ], [ -81.425061792138195, 28.365299912213136 ], [ -81.42511216140106, 28.365306835788886 ], [ -81.425104382976755, 28.365351581147468 ], [ -81.425154752273897, 28.365358504702208 ], [ -81.425146973867399, 28.365403250057838 ], [ -81.425197343198832, 28.365410173591609 ] ] ], [ [ [ -81.42493771810534, 28.365420301022645 ], [ -81.424929939578234, 28.365465046355219 ], [ -81.424879570236001, 28.365458122696495 ], [ -81.424887348789156, 28.365413377366732 ], [ -81.42493771810534, 28.365420301022645 ] ] ], [ [ [ -81.424964751901854, 28.365561460643832 ], [ -81.42491438249931, 28.365554537003185 ], [ -81.424929939578234, 28.365465046355219 ], [ -81.424980308928724, 28.365471969990196 ], [ -81.424964751901854, 28.365561460643832 ] ] ], [ [ [ -81.424964751901854, 28.365561460643832 ], [ -81.425015121312654, 28.365568384260591 ], [ -81.42500734281289, 28.365613129581575 ], [ -81.424956973376069, 28.365606205961956 ], [ -81.424964751901854, 28.365561460643832 ] ] ], [ [ [ -81.425418076896193, 28.365623772335695 ], [ -81.425410298604703, 28.365668517679602 ], [ -81.425359929101845, 28.365661594250888 ], [ -81.425367707419369, 28.36561684890987 ], [ -81.425418076896193, 28.365623772335695 ] ] ], [ [ [ -81.425057712257995, 28.365620053177377 ], [ -81.425042155285837, 28.365709543807711 ], [ -81.424991785788677, 28.365702620206246 ], [ -81.42500734281289, 28.365613129581575 ], [ -81.425057712257995, 28.365620053177377 ] ] ], [ [ [ -81.425169928541095, 28.365864550396925 ], [ -81.425162150096057, 28.36590929569466 ], [ -81.425111780470004, 28.365902372153318 ], [ -81.425119558941091, 28.365857626858428 ], [ -81.425169928541095, 28.365864550396925 ] ] ], [ [ [ -81.425204741303105, 28.36596096450689 ], [ -81.425154371642776, 28.365954040986558 ], [ -81.425162150096057, 28.36590929569466 ], [ -81.425212519730366, 28.365916219212131 ], [ -81.425204741303105, 28.36596096450689 ] ] ], [ [ [ -81.425204741303105, 28.36596096450689 ], [ -81.425255110971705, 28.365967888003411 ], [ -81.425247332562236, 28.366012633295252 ], [ -81.425196962867631, 28.366005709795981 ], [ -81.425204741303105, 28.36596096450689 ] ] ], [ [ [ -81.424902523464908, 28.365919423026984 ], [ -81.424894744873214, 28.365964168298841 ], [ -81.424844375236361, 28.365957244632504 ], [ -81.42485215385409, 28.3659124993635 ], [ -81.424902523464908, 28.365919423026984 ] ] ], [ [ [ -81.425297702265127, 28.366019556770727 ], [ -81.42528214547356, 28.366109047342881 ], [ -81.425231775718629, 28.36610212386168 ], [ -81.425247332562236, 28.366012633295252 ], [ -81.425297702265127, 28.366019556770727 ] ] ], [ [ [ -81.425332515236775, 28.366115970800173 ], [ -81.425324736854677, 28.366160716080447 ], [ -81.425274367065441, 28.366153792620239 ], [ -81.42528214547356, 28.366109047342881 ], [ -81.425332515236775, 28.366115970800173 ] ] ], [ [ [ -81.424972148503386, 28.366112251358111 ], [ -81.424921778771918, 28.36610532773086 ], [ -81.424929557362276, 28.36606058247347 ], [ -81.42497992706771, 28.36606750609786 ], [ -81.424972148503386, 28.366112251358111 ] ] ], [ [ [ -81.424972148503386, 28.366112251358111 ], [ -81.425022518243082, 28.366119174961423 ], [ -81.42501473969655, 28.366163920218753 ], [ -81.424964369930805, 28.366156996612521 ], [ -81.424972148503386, 28.366112251358111 ] ] ], [ [ [ -81.42537510665214, 28.366167639516721 ], [ -81.425359549915314, 28.366257130065584 ], [ -81.425309180065753, 28.366250206623569 ], [ -81.425324736854677, 28.366160716080447 ], [ -81.42537510665214, 28.366167639516721 ] ] ], [ [ [ -81.42476289095039, 28.36612930194903 ], [ -81.42475511226543, 28.366174047186281 ], [ -81.424704742514933, 28.366167123457888 ], [ -81.424712521225914, 28.366122378223498 ], [ -81.42476289095039, 28.36612930194903 ] ] ], [ [ [ -81.425057330941812, 28.366215589055511 ], [ -81.425049552404829, 28.366260334304094 ], [ -81.424999182578773, 28.366253410716048 ], [ -81.425006961141776, 28.36620866547031 ], [ -81.425057330941812, 28.366215589055511 ] ] ], [ [ [ -81.425084365192532, 28.366356748353894 ], [ -81.425033995306151, 28.366349824783956 ], [ -81.425049552404829, 28.366260334304094 ], [ -81.425099922239141, 28.36626725786833 ], [ -81.425084365192532, 28.366356748353894 ] ] ], [ [ [ -81.425084365192532, 28.366356748353894 ], [ -81.42513473508717, 28.366363671899965 ], [ -81.425126956577557, 28.366408417136938 ], [ -81.425076586656886, 28.366401493588022 ], [ -81.425084365192532, 28.366356748353894 ] ] ], [ [ [ -81.424824737177332, 28.366366875485465 ], [ -81.424816958503271, 28.366411620699534 ], [ -81.42476658860609, 28.36640469700454 ], [ -81.424774367306185, 28.366359951793363 ], [ -81.424824737177332, 28.366366875485465 ] ] ], [ [ [ -81.425169548014651, 28.366460085896055 ], [ -81.425161769514588, 28.366504831124313 ], [ -81.425111399533606, 28.366497907593551 ], [ -81.425119178059688, 28.366453162368138 ], [ -81.425169548014651, 28.366460085896055 ] ] ], [ [ [ -81.424867328408709, 28.366418544370621 ], [ -81.42485177108793, 28.366508034787071 ], [ -81.424801401130424, 28.36650111111026 ], [ -81.424816958503271, 28.366411620699534 ], [ -81.424867328408709, 28.366418544370621 ] ] ], [ [ [ -81.425196582531058, 28.366601245076126 ], [ -81.42514621248975, 28.366594321563504 ], [ -81.425161769514588, 28.366504831124313 ], [ -81.425212139503827, 28.36651175463119 ], [ -81.425196582531058, 28.366601245076126 ] ] ], [ [ [ -81.424642512530568, 28.366525085124749 ], [ -81.424592142580039, 28.366518161349596 ], [ -81.424599921382949, 28.366473416164361 ], [ -81.424549551466725, 28.366466492368207 ], [ -81.424557330287428, 28.366421747180045 ], [ -81.424658070076092, 28.36643559474274 ], [ -81.424642512530568, 28.366525085124749 ] ] ], [ [ [ -81.424902141053693, 28.366514958440025 ], [ -81.424886583752041, 28.366604448839027 ], [ -81.424836213734196, 28.366597525180374 ], [ -81.42485177108793, 28.366508034787071 ], [ -81.424902141053693, 28.366514958440025 ] ] ], [ [ [ -81.425231395626966, 28.366697658992379 ], [ -81.425181025525333, 28.36669073549788 ], [ -81.425196582531058, 28.366601245076126 ], [ -81.425246952580636, 28.366608168564888 ], [ -81.425231395626966, 28.366697658992379 ] ] ], [ [ [ -81.42492917514096, 28.366656117667553 ], [ -81.424878805088838, 28.366649194029897 ], [ -81.424886583752041, 28.366604448839027 ], [ -81.424936953778115, 28.366611372473823 ], [ -81.42492917514096, 28.366656117667553 ] ] ], [ [ [ -81.424979545201325, 28.366663041281338 ], [ -81.424963987954385, 28.36675253165712 ], [ -81.424913617841938, 28.366745608037615 ], [ -81.42492917514096, 28.366656117667553 ], [ -81.424979545201325, 28.366663041281338 ] ] ], [ [ [ -81.424712137474742, 28.366717913320894 ], [ -81.424661767403592, 28.366710989582046 ], [ -81.424669546187374, 28.366666244414194 ], [ -81.424719916232519, 28.366673168150172 ], [ -81.424712137474742, 28.366717913320894 ] ] ], [ [ [ -81.424998800847249, 28.366848945611146 ], [ -81.424948430674476, 28.366842022009781 ], [ -81.424963987954385, 28.36675253165712 ], [ -81.425014358075074, 28.366759455252755 ], [ -81.424998800847249, 28.366848945611146 ] ] ], [ [ [ -81.424762507554163, 28.366724837035864 ], [ -81.424746950065995, 28.366814327365649 ], [ -81.424696579934519, 28.366807403644962 ], [ -81.424712137474742, 28.366717913320894 ], [ -81.424762507554163, 28.366724837035864 ] ] ], [ [ [ -81.425049171028249, 28.366855869188633 ], [ -81.425041392428014, 28.366900614361999 ], [ -81.424991022220965, 28.366893690781648 ], [ -81.424998800847249, 28.366848945611146 ], [ -81.425049171028249, 28.366855869188633 ] ] ], [ [ [ -81.425091762643319, 28.366907537918522 ], [ -81.425076205470191, 28.366997028253596 ], [ -81.425025835202831, 28.366990104691382 ], [ -81.425041392428014, 28.366900614361999 ], [ -81.425091762643319, 28.366907537918522 ] ] ], [ [ [ -81.425111018591807, 28.367093442109649 ], [ -81.425060648264122, 28.367086518565564 ], [ -81.425076205470191, 28.366997028253596 ], [ -81.425126575745821, 28.367003951791986 ], [ -81.425111018591807, 28.367093442109649 ] ] ], [ [ [ -81.425111018591807, 28.367093442109649 ], [ -81.425161388927748, 28.367100365629828 ], [ -81.425145831792875, 28.367189855930086 ], [ -81.425095461404851, 28.367182932404216 ], [ -81.425111018591807, 28.367093442109649 ] ] ], [ [ [ -81.425048789646297, 28.367451403149104 ], [ -81.425041010991038, 28.367496148252997 ], [ -81.424990640429044, 28.36748922468319 ], [ -81.424998419110338, 28.367444479582158 ], [ -81.425048789646297, 28.367451403149104 ] ] ], [ [ [ -81.424731008923175, 28.36749935155721 ], [ -81.424723230095239, 28.36754409663239 ], [ -81.424622488974407, 28.367530249171107 ], [ -81.424630267854425, 28.367485504101609 ], [ -81.424731008923175, 28.36749935155721 ] ] ], [ [ [ -81.425060266962021, 28.367682052168156 ], [ -81.425052488291598, 28.367726797246029 ], [ -81.425002117591177, 28.367719873685783 ], [ -81.425009896287619, 28.367675128610777 ], [ -81.425060266962021, 28.367682052168156 ] ] ], [ [ [ -81.425013594815979, 28.367950522548558 ], [ -81.424963223985372, 28.367943598974023 ], [ -81.424971002723012, 28.36789885392794 ], [ -81.425021373527585, 28.367905777499637 ], [ -81.425013594815979, 28.367950522548558 ] ] ], [ [ [ -81.42490507439112, 28.367981420413091 ], [ -81.424804332719134, 28.367967573139016 ], [ -81.424812111543119, 28.367922828107261 ], [ -81.424912853163036, 28.367936675375653 ], [ -81.42490507439112, 28.367981420413091 ] ] ], [ [ [ -81.424753961895519, 28.367960649466159 ], [ -81.424746183037271, 28.368005394489227 ], [ -81.424595070537862, 28.367984623318964 ], [ -81.424602849474212, 28.367939878304426 ], [ -81.424753961895519, 28.367960649466159 ] ] ], [ [ [ -81.424881738025974, 28.368115655490737 ], [ -81.424873959221102, 28.368160400505026 ], [ -81.424773217340842, 28.36814655320806 ], [ -81.424780996197768, 28.368101808199469 ], [ -81.424881738025974, 28.368115655490737 ] ] ], [ [ [ -81.424455433847157, 28.368194500709969 ], [ -81.424447654809313, 28.368239245684034 ], [ -81.424346912904909, 28.368225397988088 ], [ -81.424354691994822, 28.368180653019721 ], [ -81.424455433847157, 28.368194500709969 ] ] ], [ [ [ -81.424168379160506, 28.368658999505243 ], [ -81.424118007976844, 28.368652075545135 ], [ -81.424133566469408, 28.368562585735418 ], [ -81.424183937601001, 28.368569509689792 ], [ -81.424168379160506, 28.368658999505243 ] ] ], [ [ [ -81.424319492761001, 28.368679771242316 ], [ -81.424369863977674, 28.368686695106959 ], [ -81.424377643097912, 28.36864195019071 ], [ -81.424528756719369, 28.368662721632862 ], [ -81.424536535753262, 28.368617976702232 ], [ -81.424586906950879, 28.368624900465683 ], [ -81.424571348926932, 28.368714390326875 ], [ -81.424520977677233, 28.368707466557698 ], [ -81.424513198626869, 28.368752211476782 ], [ -81.4243117136065, 28.368724516149989 ], [ -81.424319492761001, 28.368679771242316 ] ] ], [ [ [ -81.424261342372034, 28.368717592258612 ], [ -81.424253563183257, 28.368762337157591 ], [ -81.424152820687027, 28.368748489297563 ], [ -81.424160599927887, 28.368703744404268 ], [ -81.424261342372034, 28.368717592258612 ] ] ], [ [ [ -81.424640975512602, 28.36890721746953 ], [ -81.424633196507386, 28.368951962374055 ], [ -81.424582825111003, 28.368945038638312 ], [ -81.424590604142253, 28.36890029373663 ], [ -81.424640975512602, 28.36890721746953 ] ] ], [ [ [ -81.424559487967826, 28.369079273308575 ], [ -81.424551708903621, 28.369124018187115 ], [ -81.424501337411357, 28.369117094416065 ], [ -81.424509116501596, 28.369072349540399 ], [ -81.424559487967826, 28.369079273308575 ] ] ], [ [ [ -81.424539847802194, 28.369488900777263 ], [ -81.424547626906275, 28.369444155942151 ], [ -81.424597998597292, 28.36945107968549 ], [ -81.42459021951926, 28.36949582452349 ], [ -81.424539847802194, 28.369488900777263 ] ] ], [ [ [ -81.4242453969335, 28.369402612980984 ], [ -81.424237617673199, 28.369447357798954 ], [ -81.424287989340726, 28.369454281688366 ], [ -81.424280210098232, 28.369499026503437 ], [ -81.424380953510138, 28.369512874216291 ], [ -81.42438873270055, 28.36946812939556 ], [ -81.424539847802194, 28.369488900777263 ], [ -81.424532068689885, 28.369533645606641 ], [ -81.424431325228454, 28.369519798036944 ], [ -81.424423546055834, 28.369564542854793 ], [ -81.424322802575361, 28.369550695183928 ], [ -81.42431502334243, 28.369595439990267 ], [ -81.424163908105513, 28.369574668296394 ], [ -81.42417168741656, 28.369529923498622 ], [ -81.424222059127914, 28.369536847417603 ], [ -81.424229838404671, 28.369492102611183 ], [ -81.424179466719366, 28.369485178695086 ], [ -81.42419502530025, 28.369395689070618 ], [ -81.4242453969335, 28.369402612980984 ] ] ], [ [ [ -81.424237230559967, 28.37004288773587 ], [ -81.42418685854571, 28.370035963833182 ], [ -81.424194637887084, 28.369991219087467 ], [ -81.424245009875278, 28.36999814298732 ], [ -81.424237230559967, 28.37004288773587 ] ] ], [ [ [ -81.424136486539723, 28.370029039906608 ], [ -81.42418685854571, 28.370035963833182 ], [ -81.424179079196122, 28.370080708573084 ], [ -81.424128707164087, 28.370073784643637 ], [ -81.424136486539723, 28.370029039906608 ] ] ], [ [ [ -81.424430939480089, 28.370115327862095 ], [ -81.424415381016544, 28.370204817353169 ], [ -81.424365008891172, 28.370197893537362 ], [ -81.424380567406786, 28.370108404052043 ], [ -81.424430939480089, 28.370115327862095 ] ] ], [ [ [ -81.424062776312269, 28.370156350141368 ], [ -81.424012404244692, 28.370149426158498 ], [ -81.424020183688867, 28.370104681438765 ], [ -81.424070555730424, 28.370111605418785 ], [ -81.424062776312269, 28.370156350141368 ] ] ], [ [ [ -81.424609090460606, 28.370277257126016 ], [ -81.424508346099998, 28.370263409655781 ], [ -81.424516125292072, 28.370218664913192 ], [ -81.424616869600598, 28.370232512377754 ], [ -81.424609090460606, 28.370277257126016 ] ] ], [ [ [ -81.424457973932078, 28.370256485884823 ], [ -81.424450194705742, 28.370301230618779 ], [ -81.424399822520044, 28.370294306821087 ], [ -81.424407601772415, 28.370249562090034 ], [ -81.424457973932078, 28.370256485884823 ] ] ], [ [ [ -81.424349450342589, 28.370287382999582 ], [ -81.424341671055956, 28.370332127722005 ], [ -81.424291298860723, 28.370325203873747 ], [ -81.424299078173405, 28.370280459154198 ], [ -81.424349450342589, 28.370287382999582 ] ] ], [ [ [ -81.424581671060665, 28.370731628018891 ], [ -81.424531298607619, 28.37072470429095 ], [ -81.424539077829991, 28.370679959600466 ], [ -81.424589450256988, 28.370686883325554 ], [ -81.424581671060665, 28.370731628018891 ] ] ], [ [ [ -81.42432202954322, 28.370741753813828 ], [ -81.424271657105407, 28.370734829963695 ], [ -81.424279436466207, 28.370690085293329 ], [ -81.424229064062686, 28.370683161422189 ], [ -81.424236843441278, 28.370638416748857 ], [ -81.424337588204509, 28.370652264461526 ], [ -81.42432202954322, 28.370741753813828 ] ] ], [ [ [ -81.424430553726282, 28.370710856763509 ], [ -81.424531298607619, 28.37072470429095 ], [ -81.424523519377004, 28.370769448975668 ], [ -81.424473146906166, 28.370762525220993 ], [ -81.42446536764129, 28.37080726989705 ], [ -81.424414995152688, 28.370800346115644 ], [ -81.42440721585352, 28.370845090783099 ], [ -81.42430647084899, 28.370831243143041 ], [ -81.42432202954322, 28.370741753813828 ], [ -81.424422774443599, 28.370755601442458 ], [ -81.424430553726282, 28.370710856763509 ] ] ], [ [ [ -81.423911270720609, 28.370731106989275 ], [ -81.423903491161084, 28.370775851628132 ], [ -81.423853118737242, 28.370768927581373 ], [ -81.423860898322815, 28.370724182945374 ], [ -81.423911270720609, 28.370731106989275 ] ] ], [ [ [ -81.42430647084899, 28.370831243143041 ], [ -81.424290912121805, 28.370920732449065 ], [ -81.424190167046163, 28.370906884702084 ], [ -81.424197946465938, 28.370862140057643 ], [ -81.424248318973611, 28.370869063940201 ], [ -81.424256098359109, 28.370824319287156 ], [ -81.42430647084899, 28.370831243143041 ] ] ], [ [ [ -81.424132015066661, 28.370944705428574 ], [ -81.424081642523433, 28.370937781492557 ], [ -81.424089422003519, 28.370893036859652 ], [ -81.424139794520713, 28.370899960792823 ], [ -81.424132015066661, 28.370944705428574 ] ] ], [ [ [ -81.42369791622022, 28.371068291666038 ], [ -81.423798661407631, 28.37108213987117 ], [ -81.423806441050871, 28.371037395275707 ], [ -81.423856813630934, 28.3710443193396 ], [ -81.423864593239898, 28.370999574735507 ], [ -81.423914965802169, 28.371006498772694 ], [ -81.423922745376842, 28.370961754159914 ], [ -81.423973117921335, 28.370968678170357 ], [ -81.42398089746176, 28.370923933548958 ], [ -81.424081642523433, 28.370937781492557 ], [ -81.42406608353852, 28.371027270741077 ], [ -81.423965338372696, 28.371013422785992 ], [ -81.423949779250677, 28.37110291199992 ], [ -81.424000151881557, 28.371109835995117 ], [ -81.423992372334212, 28.371154580596254 ], [ -81.424042744999369, 28.371161504570399 ], [ -81.424027185932061, 28.371250993761091 ], [ -81.423976813214836, 28.371244069781209 ], [ -81.423984592778652, 28.371199325191625 ], [ -81.423934220095717, 28.371192401190729 ], [ -81.423941999677325, 28.371147656598236 ], [ -81.423891627028681, 28.371140732576347 ], [ -81.423899406628081, 28.371095987980866 ], [ -81.423849034013728, 28.371089063938001 ], [ -81.423841254388293, 28.371133808530562 ], [ -81.423740509132301, 28.371119960367398 ], [ -81.423732729446556, 28.371164704948491 ], [ -81.423682356804889, 28.371157780828295 ], [ -81.42369791622022, 28.371068291666038 ] ] ], [ [ [ -81.423635286996486, 28.372021775041205 ], [ -81.423736033310462, 28.372035623271003 ], [ -81.423743813074637, 28.371990878791184 ], [ -81.423794186217975, 28.371997802867394 ], [ -81.423801965947888, 28.371953058378946 ], [ -81.423852339073434, 28.371959982428436 ], [ -81.42386011876907, 28.371915237931358 ], [ -81.423910491876839, 28.371922161954153 ], [ -81.423918271538199, 28.371877417448434 ], [ -81.423968644628204, 28.371884341444456 ], [ -81.423976424255272, 28.371839596930112 ], [ -81.424026797327485, 28.371846520899432 ], [ -81.424034576920292, 28.371801776376394 ], [ -81.424135323037405, 28.371815624237765 ], [ -81.424143102569886, 28.371770879703266 ], [ -81.424193475614786, 28.371777803595272 ], [ -81.424201255113005, 28.371733059052129 ], [ -81.424251628140127, 28.371739982917411 ], [ -81.424267187059769, 28.371650493808037 ], [ -81.424216814084716, 28.371643569948453 ], [ -81.424224593558222, 28.371598825387956 ], [ -81.424174220617459, 28.37159190150734 ], [ -81.424197559066627, 28.371457667799746 ], [ -81.424247931929273, 28.371464591671774 ], [ -81.424240152480493, 28.371509336249591 ], [ -81.42429052537743, 28.371516260100623 ], [ -81.424282745946456, 28.371561004675499 ], [ -81.424333118877684, 28.371567928505527 ], [ -81.424317560043065, 28.371657417643718 ], [ -81.424418306034454, 28.371671265243553 ], [ -81.424426085403795, 28.371626520671636 ], [ -81.424476458385826, 28.371633444432835 ], [ -81.424484237720904, 28.371588699852275 ], [ -81.424584983657667, 28.371602547297456 ], [ -81.424577204374657, 28.371647291883754 ], [ -81.424526831376113, 28.371640368170283 ], [ -81.424519052058841, 28.371685112747929 ], [ -81.424468679042519, 28.371678189007664 ], [ -81.424453120331165, 28.371767678139928 ], [ -81.424402747271031, 28.371760754370058 ], [ -81.42439496787695, 28.37180549892469 ], [ -81.424344594799024, 28.371798575128157 ], [ -81.424336815370694, 28.37184331967407 ], [ -81.424185696108339, 28.371822548132634 ], [ -81.424177916593649, 28.371867292664245 ], [ -81.424127543496681, 28.371860368766487 ], [ -81.424111984390493, 28.371949857806626 ], [ -81.423960864992864, 28.371929085953063 ], [ -81.423945305697515, 28.372018574952925 ], [ -81.42384455936957, 28.372004726919791 ], [ -81.423836779657464, 28.372049471405347 ], [ -81.423786406479834, 28.372042547350116 ], [ -81.423778626733437, 28.37208729182699 ], [ -81.423728253538044, 28.372080367745006 ], [ -81.423720473757356, 28.372125112213304 ], [ -81.423670100544186, 28.372118188104597 ], [ -81.42366232072925, 28.372162932564262 ], [ -81.423561574275539, 28.372149084269576 ], [ -81.423553794400306, 28.372193828717666 ], [ -81.423503421159793, 28.372186904531677 ], [ -81.423464521529752, 28.37241062667125 ], [ -81.423414148167325, 28.372403702447095 ], [ -81.423445267991994, 28.372224724758414 ], [ -81.423143028615684, 28.37218317898094 ], [ -81.423150808707476, 28.37213843456151 ], [ -81.423251555081151, 28.372152283243707 ], [ -81.423259335112618, 28.37210753881277 ], [ -81.423460827854896, 28.372135235879437 ], [ -81.42346860777397, 28.372090491431241 ], [ -81.423569354142572, 28.372104339815664 ], [ -81.423577134001349, 28.372059595355967 ], [ -81.423627507171972, 28.372066519509517 ], [ -81.423635286996486, 28.372021775041205 ] ] ], [ [ [ -81.423650846620745, 28.37193228608723 ], [ -81.42364306681273, 28.37197703056712 ], [ -81.423592693694175, 28.37197010641929 ], [ -81.423600473528211, 28.371925361942278 ], [ -81.423650846620745, 28.37193228608723 ] ] ], [ [ [ -81.424189392132007, 28.372097939123705 ], [ -81.424139018896597, 28.372091015235533 ], [ -81.424146798452483, 28.372046270732827 ], [ -81.424197171661874, 28.372053194618118 ], [ -81.424189392132007, 28.372097939123705 ] ] ], [ [ [ -81.42389862761371, 28.372287041813767 ], [ -81.423848254289396, 28.372280117791963 ], [ -81.423856034016652, 28.372235373332455 ], [ -81.423906407314945, 28.372242297351409 ], [ -81.42389862761371, 28.372287041813767 ] ] ], [ [ [ -81.424095649005451, 28.373230397731657 ], [ -81.424045275102586, 28.373223473819706 ], [ -81.424053054812376, 28.373178729455823 ], [ -81.424103428689207, 28.373185653364871 ], [ -81.424095649005451, 28.373230397731657 ] ] ], [ [ [ -81.423987121463909, 28.373261294239203 ], [ -81.42399490120799, 28.373216549883967 ], [ -81.424045275102586, 28.373223473819706 ], [ -81.424037495384553, 28.37326821817787 ], [ -81.423987121463909, 28.373261294239203 ] ] ], [ [ [ -81.423987121463909, 28.373261294239203 ], [ -81.4239793417116, 28.373306038588684 ], [ -81.423928967773165, 28.373299114623329 ], [ -81.423936747551522, 28.373254370276669 ], [ -81.423987121463909, 28.373261294239203 ] ] ], [ [ [ -81.423921187986579, 28.37334385896418 ], [ -81.423870814030366, 28.373336934972087 ], [ -81.423878593843014, 28.37329219063405 ], [ -81.423928967773165, 28.373299114623329 ], [ -81.423921187986579, 28.37334385896418 ] ] ], [ [ [ -81.423820440082423, 28.373330010956089 ], [ -81.423870814030366, 28.373336934972087 ], [ -81.423863034209504, 28.373381679304263 ], [ -81.423812660235512, 28.373374755285411 ], [ -81.423820440082423, 28.373330010956089 ] ] ], [ [ [ -81.423521890480345, 28.373563856321834 ], [ -81.423471516425707, 28.373556932145515 ], [ -81.42347929647002, 28.373512187862204 ], [ -81.423529670498638, 28.373519112035709 ], [ -81.423521890480345, 28.373563856321834 ] ] ], [ [ [ -81.423463736373122, 28.373601676423021 ], [ -81.423413362300707, 28.373594752219972 ], [ -81.423421142379311, 28.373550007945312 ], [ -81.423471516425707, 28.373556932145515 ], [ -81.423463736373122, 28.373601676423021 ] ] ], [ [ [ -81.42395969775103, 28.373715661441274 ], [ -81.423909323570015, 28.373708737474026 ], [ -81.423917103396477, 28.373663993176539 ], [ -81.423967477551471, 28.373670917140917 ], [ -81.42395969775103, 28.373715661441274 ] ] ], [ [ [ -81.42340558221386, 28.373639496488849 ], [ -81.423355208123652, 28.373632572259098 ], [ -81.423362988236548, 28.373587827993074 ], [ -81.423413362300707, 28.373594752219972 ], [ -81.42340558221386, 28.373639496488849 ] ] ], [ [ [ -81.423304834041701, 28.373625648005405 ], [ -81.423355208123652, 28.373632572259098 ], [ -81.423347428002529, 28.373677316519299 ], [ -81.42329705389453, 28.373670392262774 ], [ -81.423304834041701, 28.373625648005405 ] ] ], [ [ [ -81.423909323570015, 28.373708737474026 ], [ -81.423901543735312, 28.373753481765696 ], [ -81.423851169536505, 28.373746557771714 ], [ -81.423858949397243, 28.373701813482889 ], [ -81.423909323570015, 28.373708737474026 ] ] ], [ [ [ -81.423742641242598, 28.373777453989451 ], [ -81.42375042116366, 28.373732709712129 ], [ -81.423800795345954, 28.37373963375385 ], [ -81.423793015450926, 28.373784378034046 ], [ -81.423742641242598, 28.373777453989451 ] ] ], [ [ [ -81.423742641242598, 28.373777453989451 ], [ -81.423734861313292, 28.373822198261013 ], [ -81.423684487087172, 28.373815274189742 ], [ -81.423692267042512, 28.373770529921046 ], [ -81.423742641242598, 28.373777453989451 ] ] ], [ [ [ -81.423575958644079, 28.373846170232714 ], [ -81.423568178620172, 28.373890914484136 ], [ -81.423517804366753, 28.373883990335557 ], [ -81.423525584416694, 28.373839246086987 ], [ -81.423575958644079, 28.373846170232714 ] ] ], [ [ [ -81.423409275774432, 28.37391488620376 ], [ -81.423401495655952, 28.373959630435063 ], [ -81.423351121375219, 28.37395270620911 ], [ -81.423358901519748, 28.373907961980688 ], [ -81.423409275774432, 28.37391488620376 ] ] ], [ [ [ -81.423963393120928, 28.373991051082406 ], [ -81.423955613288868, 28.374035795345122 ], [ -81.423905238917314, 28.374028871381757 ], [ -81.423913018775423, 28.373984127121862 ], [ -81.423963393120928, 28.373991051082406 ] ] ], [ [ [ -81.423343341222463, 28.373997450431748 ], [ -81.423292966923938, 28.373990526179075 ], [ -81.423300747102743, 28.373945781959332 ], [ -81.423351121375219, 28.37395270620911 ], [ -81.423343341222463, 28.373997450431748 ] ] ], [ [ [ -81.423788930353908, 28.374104511874268 ], [ -81.423738555955069, 28.37409758783355 ], [ -81.423746335907765, 28.37405284359383 ], [ -81.423796710280584, 28.374059767631699 ], [ -81.423788930353908, 28.374104511874268 ] ] ], [ [ [ -81.423630027169096, 28.37412848390872 ], [ -81.423622247147847, 28.374173228131202 ], [ -81.423571872721681, 28.37416630401318 ], [ -81.423579652768979, 28.374121559793593 ], [ -81.423630027169096, 28.37412848390872 ] ] ], [ [ [ -81.423521498303771, 28.374159379871266 ], [ -81.42351371822221, 28.374204124082191 ], [ -81.423463343786509, 28.37419719991356 ], [ -81.423471123894132, 28.37415245570546 ], [ -81.423521498303771, 28.374159379871266 ] ] ], [ [ [ -81.423974868362151, 28.37422169628924 ], [ -81.423967088514928, 28.374266440525933 ], [ -81.423916714004932, 28.374259516572117 ], [ -81.423924493878204, 28.374214772338263 ], [ -81.423974868362151, 28.37422169628924 ] ] ], [ [ [ -81.423455563670672, 28.374241944115909 ], [ -81.423405189217192, 28.374235019920544 ], [ -81.423412969359092, 28.374190275721105 ], [ -81.423463343786509, 28.37419719991356 ], [ -81.423455563670672, 28.374241944115909 ] ] ], [ [ [ -81.423347034595807, 28.374272839892118 ], [ -81.42329666013282, 28.374265915646166 ], [ -81.423304440335031, 28.374221171458238 ], [ -81.423354814771983, 28.374228095701298 ], [ -81.423347034595807, 28.374272839892118 ] ] ], [ [ [ -81.423288879922382, 28.374310659828392 ], [ -81.423238505441589, 28.37430373555566 ], [ -81.423246285678076, 28.374258991376351 ], [ -81.42329666013282, 28.374265915646166 ], [ -81.423288879922382, 28.374310659828392 ] ] ], [ [ [ -81.423137756504815, 28.374289886938723 ], [ -81.423238505441589, 28.37430373555566 ], [ -81.423230725196873, 28.374348479729207 ], [ -81.423129976208003, 28.37433463110656 ], [ -81.423137756504815, 28.374289886938723 ] ] ], [ [ [ -81.423904849440476, 28.374624394211406 ], [ -81.423854474722177, 28.374617470234668 ], [ -81.423862254661358, 28.374572726047084 ], [ -81.423912629353609, 28.37457965002098 ], [ -81.423904849440476, 28.374624394211406 ] ] ], [ [ [ -81.423745945310841, 28.374648366385799 ], [ -81.423753725310334, 28.37460362220969 ], [ -81.423854474722177, 28.374617470234668 ], [ -81.423846694774738, 28.374662214416507 ], [ -81.423745945310841, 28.374648366385799 ] ] ], [ [ [ -81.423745945310841, 28.374648366385799 ], [ -81.423738165303092, 28.37469311055612 ], [ -81.42368779055748, 28.374686186502078 ], [ -81.423695570591264, 28.374641442334589 ], [ -81.423745945310841, 28.374648366385799 ] ] ], [ [ [ -81.423629635752079, 28.374724006583023 ], [ -81.423579260996945, 28.374717082478373 ], [ -81.423587041091039, 28.37467233832238 ], [ -81.423637415820139, 28.374679262424177 ], [ -81.423629635752079, 28.374724006583023 ] ] ], [ [ [ -81.423478511511448, 28.374703234197483 ], [ -81.423579260996945, 28.374717082478373 ], [ -81.423571480894594, 28.374761826628568 ], [ -81.423470731357028, 28.374747978341986 ], [ -81.423478511511448, 28.374703234197483 ] ] ], [ [ [ -81.423470731357028, 28.374747978341986 ], [ -81.423462951194367, 28.37479272248067 ], [ -81.423412576411934, 28.374785798298689 ], [ -81.423420356600616, 28.37474105416285 ], [ -81.423470731357028, 28.374747978341986 ] ] ], [ [ [ -81.423304046622789, 28.374816693987519 ], [ -81.42331182687181, 28.374771949863199 ], [ -81.423362201637744, 28.37477887409289 ], [ -81.423354421414771, 28.37482361822007 ], [ -81.423304046622789, 28.374816693987519 ] ] ], [ [ [ -81.423304046622789, 28.374816693987519 ], [ -81.423296266365554, 28.37486143810607 ], [ -81.423195516754291, 28.3748475895637 ], [ -81.423203297063637, 28.374802845450859 ], [ -81.423304046622789, 28.374816693987519 ] ] ], [ [ [ -81.423749640024838, 28.374923755365508 ], [ -81.423741859993712, 28.374968499503971 ], [ -81.423641110181762, 28.374954651385483 ], [ -81.423648890264985, 28.374909907252693 ], [ -81.423749640024838, 28.374923755365508 ] ] ], [ [ [ -81.423195516754291, 28.3748475895637 ], [ -81.423187736436731, 28.374892333670719 ], [ -81.423086986806439, 28.37487848502715 ], [ -81.423094767176082, 28.374833740925801 ], [ -81.423195516754291, 28.3748475895637 ] ] ], [ [ [ -81.423086986806439, 28.37487848502715 ], [ -81.423079206428554, 28.374923229122675 ], [ -81.423028831599751, 28.374916304762223 ], [ -81.423036612003671, 28.37487156066954 ], [ -81.423086986806439, 28.37487848502715 ] ] ], [ [ [ -81.423819269852032, 28.375116579925066 ], [ -81.423617769882682, 28.375088883749136 ], [ -81.423625549990604, 28.375044139633722 ], [ -81.423575175044945, 28.375037215532931 ], [ -81.423559614768749, 28.375126703752336 ], [ -81.423358114860363, 28.375099007087631 ], [ -81.423365895106727, 28.375054262992251 ], [ -81.423416270045408, 28.375061187191388 ], [ -81.423424050257495, 28.375016443087347 ], [ -81.423474425178384, 28.375023367259761 ], [ -81.423482205356208, 28.374978623147125 ], [ -81.423582955170687, 28.374992471414512 ], [ -81.423590735288187, 28.374947727290369 ], [ -81.423641110181762, 28.374954651385483 ], [ -81.423633330090311, 28.37499939551244 ], [ -81.423834829851359, 28.375027091665466 ], [ -81.423819269852032, 28.375116579925066 ] ] ], [ [ [ -81.423512933742401, 28.375395168271766 ], [ -81.423311433209079, 28.375367471538478 ], [ -81.423319213504897, 28.375322727477808 ], [ -81.423520713934067, 28.375350424199695 ], [ -81.423512933742401, 28.375395168271766 ] ] ], [ [ [ -81.42321068299195, 28.375353623028623 ], [ -81.423202902635822, 28.375398367077842 ], [ -81.423152527513594, 28.375391442784263 ], [ -81.423160307895785, 28.375346698737875 ], [ -81.42321068299195, 28.375353623028623 ] ] ], [ [ [ -81.423187341898839, 28.375487855158859 ], [ -81.42316400073156, 28.375622087237119 ], [ -81.423113625479147, 28.375615162929194 ], [ -81.423136966724542, 28.37548093085956 ], [ -81.423187341898839, 28.375487855158859 ] ] ], [ [ [ -81.423191034828903, 28.375763243555959 ], [ -81.423167693591409, 28.375897475538757 ], [ -81.423117318174505, 28.375890551237543 ], [ -81.423140659490116, 28.375756319263335 ], [ -81.423191034828903, 28.375763243555959 ] ] ], [ [ [ -81.426199223691796, 28.355789281735419 ], [ -81.426148860012091, 28.355782358500221 ], [ -81.426156637002705, 28.355737611949422 ], [ -81.42620700065639, 28.355744535181739 ], [ -81.426199223691796, 28.355789281735419 ] ] ], [ [ [ -81.426009247340545, 28.355992244596973 ], [ -81.425958883555452, 28.355985321275867 ], [ -81.425966660665324, 28.35594057476257 ], [ -81.426017024424397, 28.355947498080774 ], [ -81.426009247340545, 28.355992244596973 ] ] ], [ [ [ -81.42581149286552, 28.35623995348617 ], [ -81.425819270076857, 28.3561952070133 ], [ -81.425869633975594, 28.356202130396415 ], [ -81.425861856790277, 28.356246876872124 ], [ -81.425912220723291, 28.356253800234214 ], [ -81.42590444355578, 28.356298546707016 ], [ -81.425702987769128, 28.356270853104075 ], [ -81.425710765040762, 28.356226106642701 ], [ -81.42581149286552, 28.35623995348617 ] ] ], [ [ [ -81.425435613393233, 28.356325728440311 ], [ -81.425427835966772, 28.356370474870015 ], [ -81.425377472003916, 28.356363551281717 ], [ -81.425385249456411, 28.35631880485488 ], [ -81.425435613393233, 28.356325728440311 ] ] ], [ [ [ -81.425327108049302, 28.356356627669619 ], [ -81.425319330562544, 28.356401374087834 ], [ -81.425168238670153, 28.356380603099652 ], [ -81.425176016235, 28.356335856690045 ], [ -81.425327108049302, 28.356356627669619 ] ] ], [ [ [ -81.424426021891449, 28.359760541444704 ], [ -81.424375655990403, 28.359753617445453 ], [ -81.424383434285303, 28.35970887148703 ], [ -81.424333068418548, 28.35970194746681 ], [ -81.424340846731241, 28.35965720150547 ], [ -81.424491944278174, 28.359677973486047 ], [ -81.424476387800738, 28.359767465420077 ], [ -81.424627485578114, 28.359788237203027 ], [ -81.424635263742871, 28.359743491230347 ], [ -81.424685629659137, 28.359750415107396 ], [ -81.424693407789619, 28.359705669126054 ], [ -81.424794139594866, 28.359719516802858 ], [ -81.424786361516439, 28.359764262789895 ], [ -81.42473599558366, 28.359757338960595 ], [ -81.424728217470971, 28.359802084938988 ], [ -81.424778583429784, 28.359809008771194 ], [ -81.424770805334887, 28.359853754746666 ], [ -81.424821171327977, 28.359860678557862 ], [ -81.424813393250872, 28.359905424530393 ], [ -81.424914125313862, 28.359919272086934 ], [ -81.424906347280583, 28.359964018059404 ], [ -81.424855981218926, 28.359957094290227 ], [ -81.42484820315137, 28.360001840254107 ], [ -81.424797837071949, 28.359994916458191 ], [ -81.424790058970132, 28.360039662413381 ], [ -81.424739692872933, 28.360032738590746 ], [ -81.424755249120381, 28.35994324668027 ], [ -81.424654517054847, 28.359929398974888 ], [ -81.424646738883183, 28.359974144927271 ], [ -81.42459637283676, 28.359967221035955 ], [ -81.424604151034444, 28.359922475086389 ], [ -81.424553785022312, 28.35991555117403 ], [ -81.424561563237802, 28.359870805221565 ], [ -81.424460831290361, 28.359856957330955 ], [ -81.424468609549663, 28.359812211378404 ], [ -81.42441824361434, 28.359805287400185 ], [ -81.424426021891449, 28.359760541444704 ] ] ], [ [ [ -81.424937077227014, 28.360380579069677 ], [ -81.424634879476244, 28.360339036228655 ], [ -81.42464265768777, 28.360294290319668 ], [ -81.424693023932917, 28.360301214183274 ], [ -81.424700802110181, 28.360256468265653 ], [ -81.424751168337536, 28.360263392102603 ], [ -81.424758946480523, 28.360218646176325 ], [ -81.424859678907936, 28.360232493772831 ], [ -81.424867456990626, 28.360187747835052 ], [ -81.424917823190682, 28.360194671594684 ], [ -81.424902267069115, 28.360284163470173 ], [ -81.424952633329482, 28.360291087211625 ], [ -81.424937077227014, 28.360380579069677 ] ] ], [ [ [ -81.425239275274876, 28.360422121051627 ], [ -81.425231497367477, 28.36046686698915 ], [ -81.425080398228317, 28.360446096096982 ], [ -81.425088176213819, 28.360401350168061 ], [ -81.425239275274876, 28.360422121051627 ] ] ], [ [ [ -81.424754865698375, 28.360538791368885 ], [ -81.42474708752377, 28.360583537257554 ], [ -81.424948553277559, 28.360611232351136 ], [ -81.42494077519882, 28.360655978245415 ], [ -81.424688942897063, 28.36062135930446 ], [ -81.424696721105946, 28.360576613424467 ], [ -81.424444889140645, 28.360541993901208 ], [ -81.424460445794011, 28.360452502152476 ], [ -81.424410079477767, 28.360445578181945 ], [ -81.424417857818128, 28.360400832301778 ], [ -81.424720055683196, 28.360442375749809 ], [ -81.424712277499012, 28.360487121647143 ], [ -81.424661911141499, 28.360480197795923 ], [ -81.424654132923052, 28.360524943684638 ], [ -81.424754865698375, 28.360538791368885 ] ] ], [ [ [ -81.424727450241875, 28.360993173829765 ], [ -81.424677083581543, 28.360986249994831 ], [ -81.424692640070788, 28.360896758315963 ], [ -81.42474300667908, 28.360903682145128 ], [ -81.424727450241875, 28.360993173829765 ] ] ], [ [ [ -81.424618938646432, 28.361024071963939 ], [ -81.424626716929438, 28.360979326136032 ], [ -81.424677083581543, 28.360986249994831 ], [ -81.424669305324542, 28.361030995825622 ], [ -81.424618938646432, 28.361024071963939 ] ] ], [ [ [ -81.424618938646432, 28.361024071963939 ], [ -81.42461116035517, 28.361068817786059 ], [ -81.424560793659268, 28.361061893897727 ], [ -81.424568571976565, 28.361017148078446 ], [ -81.424618938646432, 28.361024071963939 ] ] ], [ [ [ -81.425258150191752, 28.361203572016759 ], [ -81.425250372222422, 28.361248317864469 ], [ -81.425149638520182, 28.361234470672905 ], [ -81.425141860490555, 28.361279216509104 ], [ -81.424990759921016, 28.361258445534226 ], [ -81.424998538028731, 28.36121369970655 ], [ -81.425048904850954, 28.361220623385883 ], [ -81.425056682924406, 28.361175877549602 ], [ -81.425207783362524, 28.361196648435772 ], [ -81.425223339328554, 28.361107156728707 ], [ -81.425374439684759, 28.36112792738296 ], [ -81.425366661783968, 28.361172673247992 ], [ -81.425316294964276, 28.361165749717571 ], [ -81.425308517029208, 28.361210495573886 ], [ -81.425258150191752, 28.361203572016759 ] ] ], [ [ [ -81.424487091892274, 28.36118920740002 ], [ -81.42449487026029, 28.361144461600968 ], [ -81.42459560374796, 28.361158309412996 ], [ -81.424587825431999, 28.361203055217768 ], [ -81.424537458657994, 28.36119613132081 ], [ -81.424529680307771, 28.36124087711692 ], [ -81.42442894673249, 28.361227029245761 ], [ -81.424436725134782, 28.361182283455332 ], [ -81.424487091892274, 28.36118920740002 ] ] ], [ [ [ -81.424831881231668, 28.361282420157767 ], [ -81.424816324818877, 28.361371911766991 ], [ -81.424715591040439, 28.361358064170684 ], [ -81.424738925803467, 28.361223826765393 ], [ -81.42478929261047, 28.361230750566872 ], [ -81.424781514390389, 28.361275496377303 ], [ -81.424831881231668, 28.361282420157767 ] ] ], [ [ [ -81.425048523492549, 28.361816166092417 ], [ -81.424998156315425, 28.361809242423664 ], [ -81.425005934469922, 28.361764496659767 ], [ -81.425056301621026, 28.361771420325631 ], [ -81.425048523492549, 28.361816166092417 ] ] ], [ [ [ -81.425048523492549, 28.361816166092417 ], [ -81.425098890677958, 28.361823089737296 ], [ -81.425091112567273, 28.361867835501158 ], [ -81.425040745355858, 28.361860911853416 ], [ -81.425048523492549, 28.361816166092417 ] ] ], [ [ [ -81.425141479786944, 28.361874759125048 ], [ -81.425125923592958, 28.361964250641122 ], [ -81.425075556321218, 28.361957327011556 ], [ -81.425091112567273, 28.361867835501158 ], [ -81.425141479786944, 28.361874759125048 ] ] ], [ [ [ -81.425118145483609, 28.362008996390514 ], [ -81.425125923592958, 28.361964250641122 ], [ -81.42517629087294, 28.36197117424684 ], [ -81.425168512789625, 28.362015919999063 ], [ -81.425118145483609, 28.362008996390514 ] ] ], [ [ [ -81.424924454555523, 28.361936555979593 ], [ -81.42491667634205, 28.361981301717506 ], [ -81.424967043615069, 28.361988225421538 ], [ -81.424959265419375, 28.362032971156562 ], [ -81.42500963272667, 28.362039894839604 ], [ -81.424986298168292, 28.362174132018474 ], [ -81.424684093979792, 28.362132589510871 ], [ -81.424691872330328, 28.362087843807519 ], [ -81.424641505020489, 28.362080919975572 ], [ -81.424649283388831, 28.362036174269267 ], [ -81.424699650672636, 28.362043098098329 ], [ -81.424707429006716, 28.361998352383427 ], [ -81.424808163547027, 28.362012199964276 ], [ -81.424815941820796, 28.361967454237824 ], [ -81.424866309077302, 28.361974377989611 ], [ -81.424874087316809, 28.361929632254533 ], [ -81.424924454555523, 28.361936555979593 ] ] ], [ [ [ -81.424199673832433, 28.362249256791305 ], [ -81.424250041206392, 28.362256180828449 ], [ -81.424257819798129, 28.36221143517108 ], [ -81.424459289272406, 28.362239131069572 ], [ -81.42442817527251, 28.362418113710003 ], [ -81.424327440310606, 28.362404265785614 ], [ -81.424335218875001, 28.362359520139918 ], [ -81.424184116572164, 28.362338748082966 ], [ -81.424199673832433, 28.362249256791305 ] ] ], [ [ [ -81.425152575969136, 28.362700952819566 ], [ -81.42500147285493, 28.362680181936753 ], [ -81.425009251087829, 28.362635436274196 ], [ -81.425059618758283, 28.362642359922773 ], [ -81.425067396956919, 28.362597614251566 ], [ -81.425017029312485, 28.362590690605796 ], [ -81.425040363937057, 28.362456453565969 ], [ -81.425090731503403, 28.36246337720312 ], [ -81.425082953329479, 28.362508122891736 ], [ -81.425234056156086, 28.362528893668618 ], [ -81.42521072181917, 28.362663130725387 ], [ -81.42516035412396, 28.362656207148373 ], [ -81.425152575969136, 28.362700952819566 ] ] ], [ [ [ -81.424145223277364, 28.36256247621079 ], [ -81.424129665901788, 28.362651967421403 ], [ -81.424079298301805, 28.362645043334712 ], [ -81.424094855729436, 28.36255555212977 ], [ -81.424145223277364, 28.36256247621079 ] ] ], [ [ [ -81.424121887201636, 28.362696713018067 ], [ -81.424129665901788, 28.362651967421403 ], [ -81.424180033510027, 28.362658891484283 ], [ -81.424172254835923, 28.362703637083797 ], [ -81.424121887201636, 28.362696713018067 ] ] ], [ [ [ -81.424625563915797, 28.3627659526014 ], [ -81.424633342355648, 28.362721206976161 ], [ -81.424734077745441, 28.362735054600723 ], [ -81.424710742557437, 28.36286929147624 ], [ -81.424660374780288, 28.362862367667294 ], [ -81.424652596341787, 28.362907113278059 ], [ -81.424551860760232, 28.362893265582841 ], [ -81.424559639250802, 28.362848519977884 ], [ -81.424509271498437, 28.362841596097336 ], [ -81.424517050006813, 28.362796850489332 ], [ -81.424416314578892, 28.362783002662429 ], [ -81.424424093131108, 28.362738257054431 ], [ -81.424474460814906, 28.362745180976958 ], [ -81.424482239332818, 28.362700435360331 ], [ -81.424582974673115, 28.362714283128092 ], [ -81.424575196207243, 28.362759028750439 ], [ -81.424625563915797, 28.3627659526014 ] ] ], [ [ [ -81.424214843822114, 28.362755306722217 ], [ -81.424265211498934, 28.362762230743058 ], [ -81.424257432860401, 28.362806976336735 ], [ -81.424307800571512, 28.362813900336569 ], [ -81.424292243321801, 28.362903391512241 ], [ -81.424342611093223, 28.362910315493941 ], [ -81.424334832482046, 28.362955061075919 ], [ -81.424385200287745, 28.362961985036623 ], [ -81.424369643092746, 28.363051476189021 ], [ -81.424319275234978, 28.363044552222618 ], [ -81.424327053862626, 28.36299980665218 ], [ -81.42427668603915, 28.362992882664724 ], [ -81.424284464684604, 28.362948137091397 ], [ -81.424234096895404, 28.362941213082962 ], [ -81.424249654213639, 28.36285172192456 ], [ -81.424199286484779, 28.362844797898024 ], [ -81.42420706515756, 28.362800052313013 ], [ -81.424156697462962, 28.362793128265448 ], [ -81.424172254835923, 28.362703637083797 ], [ -81.424222622478439, 28.362710561125652 ], [ -81.424214843822114, 28.362755306722217 ] ] ], [ [ [ -81.424454821709205, 28.363154815190935 ], [ -81.42440445378287, 28.363147891266546 ], [ -81.424412232374934, 28.36310314570196 ], [ -81.424462600275234, 28.363110069623495 ], [ -81.424454821709205, 28.363154815190935 ] ] ], [ [ [ -81.424857765417002, 28.363210205727036 ], [ -81.424865543774771, 28.363165460136713 ], [ -81.424915911749352, 28.363172383843498 ], [ -81.424908133417603, 28.363217129436652 ], [ -81.424958501426474, 28.36322405312244 ], [ -81.424935166459917, 28.363358289875844 ], [ -81.424985534555134, 28.363365213546317 ], [ -81.424977756242512, 28.363409959122066 ], [ -81.424927388121247, 28.363403035448741 ], [ -81.424919609774349, 28.363447781015825 ], [ -81.424818873504549, 28.363433933591875 ], [ -81.424811095097354, 28.363478679147509 ], [ -81.424760726948804, 28.363471755396848 ], [ -81.424776283807034, 28.363382264285537 ], [ -81.424725915718795, 28.363375340516768 ], [ -81.424733694161588, 28.363330594955325 ], [ -81.424683326107626, 28.363323671165507 ], [ -81.424691104568211, 28.363278925601112 ], [ -81.424640736548554, 28.363272001790317 ], [ -81.424648515026931, 28.363227256223016 ], [ -81.424749251022448, 28.363241103815056 ], [ -81.424757029440528, 28.36319635823622 ], [ -81.424857765417002, 28.363210205727036 ] ] ], [ [ [ -81.424230013993508, 28.363261355983493 ], [ -81.424222235290401, 28.363306101516383 ], [ -81.424171867292955, 28.363299177485079 ], [ -81.424179646022083, 28.363254431955063 ], [ -81.424230013993508, 28.363261355983493 ] ] ], [ [ [ -81.424532221995321, 28.363302899652933 ], [ -81.424524443448405, 28.363347645202971 ], [ -81.424474075401434, 28.363340721314881 ], [ -81.424481853974385, 28.363295975767684 ], [ -81.424532221995321, 28.363302899652933 ] ] ], [ [ [ -81.424567032974494, 28.36339931461432 ], [ -81.424516664893247, 28.363392390747194 ], [ -81.424524443448405, 28.363347645202971 ], [ -81.424574811503604, 28.363354569067212 ], [ -81.424567032974494, 28.36339931461432 ] ] ], [ [ [ -81.4240555737357, 28.36337482038218 ], [ -81.424005205710955, 28.363367896273555 ], [ -81.42401298453467, 28.363323150763669 ], [ -81.424063352533395, 28.363330074869378 ], [ -81.4240555737357, 28.36337482038218 ] ] ], [ [ [ -81.424551475891548, 28.363488805691187 ], [ -81.424567032974494, 28.36339931461432 ], [ -81.424617401063998, 28.363406238457571 ], [ -81.424609622552666, 28.36345098400173 ], [ -81.42465999067646, 28.363457907823982 ], [ -81.424644433681166, 28.363547398900685 ], [ -81.424594065505303, 28.36354047507275 ], [ -81.424601844033106, 28.363495729540126 ], [ -81.424551475891548, 28.363488805691187 ] ] ], [ [ [ -81.424636655171156, 28.363592144430363 ], [ -81.424644433681166, 28.363547398900685 ], [ -81.424694801865272, 28.363554322704783 ], [ -81.424687023381296, 28.363599068237328 ], [ -81.424636655171156, 28.363592144430363 ] ] ], [ [ [ -81.423881133009488, 28.363488284462552 ], [ -81.423873354100763, 28.363533029943586 ], [ -81.423822985996651, 28.363526105751909 ], [ -81.423830764931424, 28.363481360273788 ], [ -81.423881133009488, 28.363488284462552 ] ] ], [ [ [ -81.424721834659081, 28.363695483073858 ], [ -81.424671466388631, 28.363688559285045 ], [ -81.424687023381296, 28.363599068237328 ], [ -81.424737391599692, 28.363605992020389 ], [ -81.424721834659081, 28.363695483073858 ] ] ], [ [ [ -81.423908164423054, 28.363629445061719 ], [ -81.423857796258616, 28.363622520888224 ], [ -81.423873354100763, 28.363533029943586 ], [ -81.423923722213146, 28.363539954111296 ], [ -81.423908164423054, 28.363629445061719 ] ] ], [ [ [ -81.423958532595734, 28.363636369211335 ], [ -81.423950753714351, 28.363681114680709 ], [ -81.423900385515637, 28.363674190528208 ], [ -81.423908164423054, 28.363629445061719 ], [ -81.423958532595734, 28.363636369211335 ] ] ], [ [ [ -81.423985564185941, 28.363777529736453 ], [ -81.423935195926916, 28.363770605602117 ], [ -81.423950753714351, 28.363681114680709 ], [ -81.424001121921336, 28.363688038809325 ], [ -81.423985564185941, 28.363777529736453 ] ] ], [ [ [ -81.423985564185941, 28.363777529736453 ], [ -81.424035932453222, 28.363784453846929 ], [ -81.42402815359921, 28.363829199304671 ], [ -81.423977785305894, 28.363822275191364 ], [ -81.423985564185941, 28.363777529736453 ] ] ], [ [ [ -81.424853302120184, 28.364125887547488 ], [ -81.424845523667528, 28.364170633024951 ], [ -81.424795155103723, 28.364163709303 ], [ -81.424802933582413, 28.364118963828449 ], [ -81.424853302120184, 28.364125887547488 ] ] ], [ [ [ -81.424291469919766, 28.364094470771182 ], [ -81.424241101446754, 28.364087546786742 ], [ -81.424248880211806, 28.364042801343633 ], [ -81.42429924865877, 28.364049725325216 ], [ -81.424291469919766, 28.364094470771182 ] ] ], [ [ [ -81.424454050596324, 28.364345893670574 ], [ -81.424403681960143, 28.364338969767317 ], [ -81.424411460662242, 28.364294224341656 ], [ -81.424461829272389, 28.364301148242085 ], [ -81.424454050596324, 28.364345893670574 ] ] ], [ [ [ -81.424798852778579, 28.364439105767993 ], [ -81.424698115346857, 28.364425258266003 ], [ -81.424705893901006, 28.364380512828973 ], [ -81.424756262586712, 28.364387436589045 ], [ -81.424764041106585, 28.364342691143435 ], [ -81.424814409774498, 28.364349614876787 ], [ -81.424798852778579, 28.364439105767993 ] ] ], [ [ [ -81.424647746643387, 28.364418334479179 ], [ -81.424698115346857, 28.364425258266003 ], [ -81.424690336784479, 28.364470003697214 ], [ -81.424639968054962, 28.364463079907519 ], [ -81.424647746643387, 28.364418334479179 ] ] ], [ [ [ -81.424550706137879, 28.364679883134748 ], [ -81.424542927474008, 28.364724628525547 ], [ -81.424593296351475, 28.364731552356243 ], [ -81.424577739051074, 28.364821043126177 ], [ -81.424628107988838, 28.364827966938748 ], [ -81.42461255070755, 28.364917457691281 ], [ -81.424562181717718, 28.364910533873022 ], [ -81.42456996038851, 28.36486578850252 ], [ -81.424519591432968, 28.364858864663262 ], [ -81.424527370121538, 28.364814119289818 ], [ -81.424477001200287, 28.364807195429545 ], [ -81.424492558604811, 28.36471770467098 ], [ -81.424442189743871, 28.364710780792596 ], [ -81.424457747167509, 28.364621290016633 ], [ -81.424508115976394, 28.364628213889329 ], [ -81.424500337294731, 28.364672959283048 ], [ -81.424550706137879, 28.364679883134748 ] ] ], [ [ [ -81.424732543377573, 28.365117210472853 ], [ -81.424682174258834, 28.365110286714742 ], [ -81.424689952884478, 28.365065541358796 ], [ -81.424740321977183, 28.365072465114043 ], [ -81.424732543377573, 28.365117210472853 ] ] ], [ [ [ -81.424069966531619, 28.365071945072032 ], [ -81.424019597494151, 28.365065021000863 ], [ -81.424027376466469, 28.365020275687819 ], [ -81.423977007463279, 28.365013351595675 ], [ -81.423984786453389, 28.364968606279721 ], [ -81.424085524415929, 28.364982454434493 ], [ -81.424069966531619, 28.365071945072032 ] ] ], [ [ [ -81.42361664549162, 28.365009627572231 ], [ -81.423601087105766, 28.36509911813517 ], [ -81.423550718090539, 28.365092193843477 ], [ -81.423566276528447, 28.365002703286223 ], [ -81.42361664549162, 28.365009627572231 ] ] ], [ [ [ -81.424054408614353, 28.365161435686435 ], [ -81.424069966531619, 28.365071945072032 ], [ -81.424120335577328, 28.365078869119372 ], [ -81.424112556648851, 28.365123614432342 ], [ -81.424162925728851, 28.365130538458626 ], [ -81.424147367899252, 28.365220029072905 ], [ -81.424096998767183, 28.365213105040873 ], [ -81.424104777712131, 28.365168359739471 ], [ -81.424054408614353, 28.365161435686435 ] ] ], [ [ [ -81.424197737039563, 28.365226953081066 ], [ -81.424189958138427, 28.365271698382422 ], [ -81.424139588972082, 28.365264774371351 ], [ -81.424147367899252, 28.365220029072905 ], [ -81.424197737039563, 28.365226953081066 ] ] ], [ [ [ -81.424189958138427, 28.365271698382422 ], [ -81.424240327313044, 28.365278622369555 ], [ -81.424232548429714, 28.365323367667955 ], [ -81.424282917638607, 28.365330291634134 ], [ -81.424267359899289, 28.365419782219249 ], [ -81.424216990638342, 28.36541285824736 ], [ -81.424224769538142, 28.365368112960574 ], [ -81.424174400311472, 28.365361188967707 ], [ -81.424189958138427, 28.365271698382422 ] ] ], [ [ [ -81.423620339362827, 28.365285023470879 ], [ -81.423569970235206, 28.365278099191645 ], [ -81.423577749465196, 28.365233353936183 ], [ -81.423628118566796, 28.365240278212571 ], [ -81.423620339362827, 28.365285023470879 ] ] ], [ [ [ -81.423569970235206, 28.365278099191645 ], [ -81.423562190996975, 28.365322844441266 ], [ -81.423511821851577, 28.365315920135313 ], [ -81.423519601115842, 28.365271174888491 ], [ -81.423569970235206, 28.365278099191645 ] ] ], [ [ [ -81.424251802127031, 28.365509272781285 ], [ -81.424267359899289, 28.365419782219249 ], [ -81.424317729168521, 28.365426706167284 ], [ -81.424309950312534, 28.365471451454049 ], [ -81.424360319616028, 28.365478375381038 ], [ -81.424344761931422, 28.365567865942928 ], [ -81.42429439257586, 28.365560942010223 ], [ -81.424302171448304, 28.36551619673503 ], [ -81.424251802127031, 28.365509272781285 ] ] ], [ [ [ -81.424143284558681, 28.365540170068826 ], [ -81.424135505599878, 28.365584915329684 ], [ -81.424034766910964, 28.365571067243732 ], [ -81.424050324924437, 28.365481576727689 ], [ -81.424100694212711, 28.365488500776916 ], [ -81.42409291523613, 28.365533246040652 ], [ -81.424143284558681, 28.365540170068826 ] ] ], [ [ [ -81.424387352466624, 28.365619535126918 ], [ -81.424437721864734, 28.365626459014795 ], [ -81.424429943053894, 28.365671204286969 ], [ -81.424480312486295, 28.365678128153828 ], [ -81.424464754891972, 28.365767618686636 ], [ -81.424515124384683, 28.365774542535309 ], [ -81.424507345601214, 28.365819287795919 ], [ -81.424557715128216, 28.365826211623599 ], [ -81.424542157588618, 28.36591570213308 ], [ -81.424491788009547, 28.365908778299694 ], [ -81.424499566809502, 28.365864033050659 ], [ -81.424449197264721, 28.36585710919622 ], [ -81.424456976082467, 28.365812363944318 ], [ -81.424406606571978, 28.365805440068883 ], [ -81.424422164234826, 28.365715949553401 ], [ -81.424371794784648, 28.3657090256598 ], [ -81.42437957362975, 28.365664280396274 ], [ -81.424329204213862, 28.365657356481666 ], [ -81.424344761931422, 28.365567865942928 ], [ -81.424395131295242, 28.365574789851788 ], [ -81.424387352466624, 28.365619535126918 ] ] ], [ [ [ -81.423860321623209, 28.365684530640689 ], [ -81.423759582860626, 28.365670682298923 ], [ -81.423767362026368, 28.365625937075464 ], [ -81.423868100736868, 28.365639785411528 ], [ -81.423860321623209, 28.365684530640689 ] ] ], [ [ [ -81.42427105590906, 28.36569517780109 ], [ -81.424247719168136, 28.365829413539888 ], [ -81.42419734966461, 28.365822489566131 ], [ -81.424212907552203, 28.365732999085139 ], [ -81.424162538109016, 28.3657260750932 ], [ -81.424170317066498, 28.365681329846883 ], [ -81.42427105590906, 28.36569517780109 ] ] ], [ [ [ -81.423701434291715, 28.365708503307118 ], [ -81.423693655083468, 28.365753248516128 ], [ -81.423643285670764, 28.365746324279868 ], [ -81.423651064905044, 28.365701579073686 ], [ -81.423701434291715, 28.365708503307118 ] ] ], [ [ [ -81.424526600016065, 28.366005192619486 ], [ -81.424542157588618, 28.36591570213308 ], [ -81.424592527175932, 28.365922625942659 ], [ -81.424584748419818, 28.365967371191623 ], [ -81.424635118041422, 28.36597429498018 ], [ -81.424619560556522, 28.366063785466405 ], [ -81.424569190882849, 28.366056861672099 ], [ -81.424576969655448, 28.366012116434739 ], [ -81.424526600016065, 28.366005192619486 ] ] ], [ [ [ -81.424410303052397, 28.366080835369132 ], [ -81.424359933385716, 28.366073911476548 ], [ -81.42436771227068, 28.3660291662564 ], [ -81.424317342638275, 28.366022242342815 ], [ -81.424325121541031, 28.365977497119744 ], [ -81.424425860762042, 28.365991344917354 ], [ -81.424410303052397, 28.366080835369132 ] ] ], [ [ [ -81.424487705940507, 28.366228918734169 ], [ -81.42443733617921, 28.36622199488076 ], [ -81.424445115036832, 28.366177249672237 ], [ -81.424495484772095, 28.366184173522822 ], [ -81.424487705940507, 28.366228918734169 ] ] ], [ [ [ -81.424220299268313, 28.366283789605223 ], [ -81.424212520281856, 28.366328534784941 ], [ -81.42416215048371, 28.366321610803638 ], [ -81.424169929496216, 28.366276865626716 ], [ -81.424220299268313, 28.366283789605223 ] ] ], [ [ [ -81.423968450490364, 28.366249169474195 ], [ -81.423960671373734, 28.366293914639655 ], [ -81.423910301616857, 28.366286990538974 ], [ -81.423918080759535, 28.36624224537637 ], [ -81.423968450490364, 28.366249169474195 ] ] ], [ [ [ -81.424522518074255, 28.366325332974863 ], [ -81.424514739243989, 28.36637007817178 ], [ -81.424464369396333, 28.366363154333616 ], [ -81.424472148252619, 28.36631840913962 ], [ -81.424522518074255, 28.366325332974863 ] ] ], [ [ [ -81.424297702009369, 28.366431873029583 ], [ -81.424247332142656, 28.36642494909022 ], [ -81.424255111119564, 28.366380203919217 ], [ -81.424305480960243, 28.366387127855674 ], [ -81.424297702009369, 28.366431873029583 ] ] ], [ [ [ -81.424123255297644, 28.366545336601249 ], [ -81.424072885377598, 28.366538412581765 ], [ -81.424080664457321, 28.366493667436647 ], [ -81.424131034351333, 28.366500591453281 ], [ -81.424123255297644, 28.366545336601249 ] ] ], [ [ [ -81.423468446980891, 28.366455322486416 ], [ -81.423460667580528, 28.366500067591403 ], [ -81.423410297741754, 28.366493143258836 ], [ -81.423418077168151, 28.366448398156699 ], [ -81.423468446980891, 28.366455322486416 ] ] ], [ [ [ -81.424115476235727, 28.366590081743386 ], [ -81.424107697165553, 28.366634826879778 ], [ -81.424057327193438, 28.366627902854585 ], [ -81.424065106289632, 28.36658315772106 ], [ -81.424115476235727, 28.366590081743386 ] ] ], [ [ [ -81.423511037427545, 28.366506991900156 ], [ -81.423503258044988, 28.366551737002215 ], [ -81.423452888171923, 28.366544812690659 ], [ -81.423460667580528, 28.366500067591403 ], [ -81.423511037427545, 28.366506991900156 ] ] ], [ [ [ -81.423975840658258, 28.366799959270363 ], [ -81.423983619813455, 28.366755214162851 ], [ -81.423933249779751, 28.366748290081333 ], [ -81.423941028952726, 28.366703544970875 ], [ -81.424041768976323, 28.366717393104334 ], [ -81.424033989855417, 28.366762138220498 ], [ -81.424084359905635, 28.366769062254274 ], [ -81.424068801691149, 28.366858552475012 ], [ -81.423917691409073, 28.366837780284925 ], [ -81.423925470598533, 28.366793035186031 ], [ -81.423975840658258, 28.366799959270363 ] ] ], [ [ [ -81.423917691409073, 28.366837780284925 ], [ -81.423909912211371, 28.366882525378045 ], [ -81.42385954210782, 28.366875601264091 ], [ -81.423867321331556, 28.366830856173831 ], [ -81.423917691409073, 28.366837780284925 ] ] ], [ [ [ -81.423944723955145, 28.366978939642721 ], [ -81.423952503143283, 28.366934194558308 ], [ -81.424002873289368, 28.366941118627423 ], [ -81.424010652443243, 28.366896373534356 ], [ -81.424061022571564, 28.366903297576705 ], [ -81.424068801691149, 28.366858552475012 ], [ -81.424119171801692, 28.366865476490666 ], [ -81.424111392708127, 28.366910221595212 ], [ -81.424161762852947, 28.366917145589863 ], [ -81.424146204693173, 28.36700663578733 ], [ -81.423944723955145, 28.366978939642721 ] ] ], [ [ [ -81.424130646500473, 28.367096125961673 ], [ -81.424138425600944, 28.367051380877378 ], [ -81.424188795832123, 28.367058304856744 ], [ -81.424181016757686, 28.367103049943928 ], [ -81.424231387023156, 28.36710997390222 ], [ -81.424223607966496, 28.367154718986477 ], [ -81.424072497116754, 28.367133947031274 ], [ -81.424080276251502, 28.367089201955629 ], [ -81.424130646500473, 28.367096125961673 ] ] ], [ [ [ -81.424072497116754, 28.367133947031274 ], [ -81.424064717973764, 28.367178692101092 ], [ -81.423963977396468, 28.367164844005938 ], [ -81.423971756591527, 28.367120098941793 ], [ -81.424072497116754, 28.367133947031274 ] ] ], [ [ [ -81.424250641124971, 28.367295878150323 ], [ -81.424099530016164, 28.367275106240996 ], [ -81.424107309149591, 28.367230361179818 ], [ -81.424208049828493, 28.367244209137553 ], [ -81.424215828901623, 28.367199464064861 ], [ -81.424266199227404, 28.367206388005098 ], [ -81.424250641124971, 28.367295878150323 ] ] ], [ [ [ -81.423808781891637, 28.367464211062316 ], [ -81.423758411449654, 28.367457286911204 ], [ -81.423789528723532, 28.3672783068162 ], [ -81.423739158393929, 28.367271382652632 ], [ -81.423746937717823, 28.367226637617296 ], [ -81.42369656742251, 28.367219713432707 ], [ -81.423704346764225, 28.367174968394409 ], [ -81.423653976503203, 28.367168044188876 ], [ -81.423661755862696, 28.367123299147675 ], [ -81.423611385635965, 28.367116374921132 ], [ -81.42362694438232, 28.367026884827066 ], [ -81.4235765742159, 28.367019960582365 ], [ -81.42356879482081, 28.367064705629414 ], [ -81.42346805446067, 28.367050857062658 ], [ -81.423460275005283, 28.367095602098193 ], [ -81.423359534626101, 28.367081753430288 ], [ -81.423351755110389, 28.367126498454336 ], [ -81.423200644525437, 28.367105725264857 ], [ -81.423208424119238, 28.367060980249448 ], [ -81.423258794279931, 28.367067904666914 ], [ -81.42326657383947, 28.367023159642802 ], [ -81.423316943982385, 28.367030084033551 ], [ -81.423324723507648, 28.36698533900082 ], [ -81.423375093632785, 28.366992263364871 ], [ -81.423382873123771, 28.366947518323435 ], [ -81.423483613346761, 28.366961366974206 ], [ -81.423491392777436, 28.366916621921323 ], [ -81.423592132981355, 28.366930470470908 ], [ -81.423607691713883, 28.366840980336331 ], [ -81.423557321659843, 28.366834056079174 ], [ -81.423565101039785, 28.366789311006062 ], [ -81.423514731020049, 28.366782386727913 ], [ -81.423522510417769, 28.366737641651902 ], [ -81.423572880411484, 28.366744565927167 ], [ -81.423580659774927, 28.366699820842499 ], [ -81.423631029750865, 28.366706745091079 ], [ -81.423623250413442, 28.366751490178597 ], [ -81.423673620423642, 28.366758414406178 ], [ -81.423658061776152, 28.366847904569582 ], [ -81.423758801925473, 28.366861752964585 ], [ -81.423743243349165, 28.36695124311634 ], [ -81.423793613488286, 28.366958167283695 ], [ -81.423785834213803, 28.367002912353747 ], [ -81.4238362043872, 28.367009836500152 ], [ -81.423805087311038, 28.367188816733993 ], [ -81.423855457596829, 28.367195740867935 ], [ -81.423847678333232, 28.367240485914824 ], [ -81.423898048653299, 28.367247410027773 ], [ -81.423890269407494, 28.367292155071684 ], [ -81.423940639761867, 28.367299079163654 ], [ -81.423925081297611, 28.367388569239882 ], [ -81.423975451712295, 28.367395493313701 ], [ -81.423967672493845, 28.367440238346017 ], [ -81.424018042942819, 28.36744716239884 ], [ -81.424002484533261, 28.367536652451818 ], [ -81.423952114032232, 28.367529728393279 ], [ -81.423928776278004, 28.367663963420782 ], [ -81.4238784057071, 28.367657039329828 ], [ -81.423870626413191, 28.367701784324574 ], [ -81.423820255824523, 28.367694860206871 ], [ -81.423812476496323, 28.367739605193009 ], [ -81.423711735291661, 28.367725756880265 ], [ -81.423703955903179, 28.367770501854913 ], [ -81.423653585287184, 28.367763577659876 ], [ -81.423645805864425, 28.367808322625848 ], [ -81.423494693987919, 28.367787549889083 ], [ -81.42351025298143, 28.367698059968522 ], [ -81.42361099412004, 28.367711908472092 ], [ -81.423618773552363, 28.36766716349749 ], [ -81.423669144108018, 28.367674087710601 ], [ -81.423676923506065, 28.367629342727312 ], [ -81.423777664590077, 28.367643191076287 ], [ -81.423785443927827, 28.367598446081459 ], [ -81.423835814456183, 28.367605370217294 ], [ -81.423851373054887, 28.367515880204628 ], [ -81.4238010025786, 28.367508956074499 ], [ -81.423808781891637, 28.367464211062316 ] ] ], [ [ [ -81.423336196054279, 28.367215988485075 ], [ -81.423328416513854, 28.367260733491779 ], [ -81.423278046232511, 28.367253809110576 ], [ -81.423285825798956, 28.367209064106738 ], [ -81.423336196054279, 28.367215988485075 ] ] ], [ [ [ -81.42361507958212, 28.367391769308153 ], [ -81.423514338824489, 28.367377920796866 ], [ -81.423522118277248, 28.367333175790279 ], [ -81.423622858982824, 28.367347024295849 ], [ -81.42361507958212, 28.367391769308153 ] ] ], [ [ [ -81.423231368660794, 28.367522279012181 ], [ -81.423180998231487, 28.367515354589994 ], [ -81.423196557507097, 28.367425864651672 ], [ -81.423246927884321, 28.367432789068125 ], [ -81.423231368660794, 28.367522279012181 ] ] ], [ [ [ -81.423525811941971, 28.36760857002481 ], [ -81.423518032465822, 28.3676533149996 ], [ -81.423467661934922, 28.367646390714818 ], [ -81.42347544143712, 28.367601645742951 ], [ -81.423525811941971, 28.36760857002481 ] ] ], [ [ [ -81.423905438449637, 28.367798198396255 ], [ -81.423855067800631, 28.367791274296714 ], [ -81.423862847111039, 28.36774652931355 ], [ -81.423913217733997, 28.367753453410206 ], [ -81.423905438449637, 28.367798198396255 ] ] ], [ [ [ -81.423905438449637, 28.367798198396255 ], [ -81.423955809106886, 28.367805122471921 ], [ -81.423940250565522, 28.367894612432433 ], [ -81.423889879856205, 28.367887688350994 ], [ -81.423905438449637, 28.367798198396255 ] ] ], [ [ [ -81.423494693987919, 28.367787549889083 ], [ -81.423486914478801, 28.367832294840717 ], [ -81.423436543843778, 28.367825370544502 ], [ -81.423444323378916, 28.367780625595767 ], [ -81.423494693987919, 28.367787549889083 ] ] ], [ [ [ -81.423823950476688, 28.367970254171642 ], [ -81.423808391765263, 28.368059744074394 ], [ -81.423758020968307, 28.368052819933819 ], [ -81.423773579731801, 28.367963330036766 ], [ -81.423823950476688, 28.367970254171642 ] ] ], [ [ [ -81.42365727939918, 28.368038971581104 ], [ -81.423641720498608, 28.368128461443582 ], [ -81.423591349674354, 28.368121537225676 ], [ -81.423606908626994, 28.368032047368967 ], [ -81.42365727939918, 28.368038971581104 ] ] ], [ [ [ -81.423172823975349, 28.368155632411433 ], [ -81.42312245317332, 28.368148707973052 ], [ -81.423130232904555, 28.368103963084863 ], [ -81.423180603680535, 28.368110887520398 ], [ -81.423172823975349, 28.368155632411433 ] ] ], [ [ [ -81.423726903342484, 28.368231799658535 ], [ -81.423676532449647, 28.368224875482671 ], [ -81.423684311894505, 28.368180130563026 ], [ -81.423734682761292, 28.368187054736008 ], [ -81.423726903342484, 28.368231799658535 ] ] ], [ [ [ -81.42356801118359, 28.368255771967483 ], [ -81.423560231670194, 28.36830051686983 ], [ -81.423509860750059, 28.368293592616613 ], [ -81.423517640289489, 28.368248847717137 ], [ -81.42356801118359, 28.368255771967483 ] ] ], [ [ [ -81.423595043599164, 28.368396930892217 ], [ -81.423587264087075, 28.368441675780076 ], [ -81.423536893080581, 28.368434751542228 ], [ -81.423544672618689, 28.368390006657201 ], [ -81.423595043599164, 28.368396930892217 ] ] ], [ [ [ -81.423536893080581, 28.368434751542228 ], [ -81.423529113534229, 28.36847949642145 ], [ -81.423428371493941, 28.368465647868355 ], [ -81.423436151092346, 28.368420902994814 ], [ -81.423536893080581, 28.368434751542228 ] ] ], [ [ [ -81.423036875586035, 28.368640901361463 ], [ -81.4229865045059, 28.368633976867802 ], [ -81.422994284353777, 28.36858923204607 ], [ -81.423044655407892, 28.368596156536881 ], [ -81.423036875586035, 28.368640901361463 ] ] ], [ [ [ -81.424145041437953, 28.368793234185084 ], [ -81.424044298922666, 28.368779386223814 ], [ -81.424052078223824, 28.36873464134203 ], [ -81.424152820687027, 28.368748489297563 ], [ -81.424145041437953, 28.368793234185084 ] ] ], [ [ [ -81.423986148341982, 28.368817207080536 ], [ -81.423885405824166, 28.368803358970446 ], [ -81.423893185211668, 28.368758614103026 ], [ -81.423993927677415, 28.368772462207456 ], [ -81.423986148341982, 28.368817207080536 ] ] ], [ [ [ -81.423672056087895, 28.369140545288822 ], [ -81.42362168465786, 28.369133621103487 ], [ -81.423645023305809, 28.368999386656981 ], [ -81.423594651962119, 28.368992462456362 ], [ -81.423602431521005, 28.368947717632185 ], [ -81.42355206021162, 28.368940793410555 ], [ -81.423544280626686, 28.368985538231907 ], [ -81.423493909299538, 28.368978613983579 ], [ -81.423486129680356, 28.369023358796269 ], [ -81.423385386998717, 28.369009510222227 ], [ -81.42337760731921, 28.369054255023475 ], [ -81.423327235964734, 28.369047330697821 ], [ -81.423311676528982, 28.369136820277134 ], [ -81.423261305130694, 28.369129895921926 ], [ -81.42325352537442, 28.369174640700074 ], [ -81.423052039759668, 28.369146943028987 ], [ -81.423067599472276, 28.369057453489823 ], [ -81.423117970811504, 28.369064377937683 ], [ -81.42312575062941, 28.369019633156551 ], [ -81.423176121950846, 28.369026557577627 ], [ -81.423199461277036, 28.368892323191037 ], [ -81.423149090033675, 28.368885398778481 ], [ -81.423164649595336, 28.36879590916422 ], [ -81.423215020786614, 28.368802833570989 ], [ -81.423207241035939, 28.368847578383889 ], [ -81.423257612261509, 28.3688545027697 ], [ -81.423242052787515, 28.36894399238388 ], [ -81.423292424073409, 28.368950916751537 ], [ -81.423284644350076, 28.368995661552816 ], [ -81.423335015670261, 28.36900258589943 ], [ -81.423342795367546, 28.36895784109532 ], [ -81.423443537980617, 28.368971689711319 ], [ -81.423451317617591, 28.368926944895719 ], [ -81.423501688910477, 28.36893386916508 ], [ -81.423509468513174, 28.368889124340789 ], [ -81.423559839788282, 28.368896048583427 ], [ -81.423575398916896, 28.368806558911817 ], [ -81.423776883891563, 28.36883425562079 ], [ -81.423784663339376, 28.36878951076487 ], [ -81.423885405824166, 28.368803358970446 ], [ -81.423877626428421, 28.368848103832079 ], [ -81.423827255155871, 28.368841179738357 ], [ -81.42381947572585, 28.368885924591357 ], [ -81.423769104435507, 28.368879000470908 ], [ -81.423761324971224, 28.368923745315261 ], [ -81.423710953663104, 28.368916821168096 ], [ -81.423695394657727, 28.369006310833761 ], [ -81.42374576601793, 28.369013234986593 ], [ -81.423706868490498, 28.369236959063834 ], [ -81.423656497000138, 28.369230034896603 ], [ -81.423672056087895, 28.369140545288822 ] ] ], [ [ [ -81.422943517081109, 28.369177838805477 ], [ -81.422935737152144, 28.369222583554912 ], [ -81.422885365733549, 28.369215659024039 ], [ -81.42290092563529, 28.369126169525138 ], [ -81.423052039759668, 28.369146943028987 ], [ -81.423044259891014, 28.369191687789922 ], [ -81.422943517081109, 28.369177838805477 ] ] ], [ [ [ -81.423323149332091, 28.36936746847001 ], [ -81.423272777795376, 28.369360544124302 ], [ -81.423280557558584, 28.369315799366458 ], [ -81.423330929069252, 28.369322723709288 ], [ -81.423323149332091, 28.36936746847001 ] ] ], [ [ [ -81.422904617353893, 28.369401562494737 ], [ -81.422854245831132, 28.369394637952468 ], [ -81.422869805798811, 28.36930514849983 ], [ -81.422920177269489, 28.369312073036408 ], [ -81.422904617353893, 28.369401562494737 ] ] ], [ [ [ -81.424063164655522, 28.369560820381178 ], [ -81.424163908105513, 28.369574668296394 ], [ -81.424156128786237, 28.369619413088397 ], [ -81.424105757031086, 28.369612489139882 ], [ -81.424097977677519, 28.36965723392321 ], [ -81.42399723413989, 28.369643385948784 ], [ -81.423989454726041, 28.369688130720643 ], [ -81.423939082943562, 28.369681206694807 ], [ -81.423931303495422, 28.369725951457983 ], [ -81.42383055990318, 28.369712103328993 ], [ -81.42382278039473, 28.369756848080712 ], [ -81.423772408584966, 28.369749923977533 ], [ -81.423756849491284, 28.369839413457861 ], [ -81.423706477637694, 28.369832489325145 ], [ -81.423714257214698, 28.369787744590703 ], [ -81.423613513584343, 28.369773896259339 ], [ -81.423621293205173, 28.369729151524826 ], [ -81.423671664990181, 28.369736075699564 ], [ -81.423679444576734, 28.369691330956439 ], [ -81.423780188119451, 28.369705179228678 ], [ -81.42378796764568, 28.369660434474049 ], [ -81.423838339403389, 28.369667358571501 ], [ -81.423846118895355, 28.369622613808218 ], [ -81.42394686238346, 28.369636461925818 ], [ -81.423954641815115, 28.369591717151028 ], [ -81.424055385284177, 28.369605565167433 ], [ -81.424063164655522, 28.369560820381178 ] ] ], [ [ [ -81.423547582463115, 28.369856461503737 ], [ -81.423446838778162, 28.369842613017727 ], [ -81.423454618493565, 28.369797868303344 ], [ -81.423504990305887, 28.369804792555435 ], [ -81.423512769987013, 28.369760047832475 ], [ -81.423613513584343, 28.369773896259339 ], [ -81.42360573395527, 28.369818640988029 ], [ -81.42355536212645, 28.369811716783683 ], [ -81.423547582463115, 28.369856461503737 ] ] ], [ [ [ -81.423439059054516, 28.369887357726295 ], [ -81.423388687198383, 28.369880433444642 ], [ -81.423396466948063, 28.369835688738906 ], [ -81.423446838778162, 28.369842613017727 ], [ -81.423439059054516, 28.369887357726295 ] ] ], [ [ [ -81.423388687198383, 28.369880433444642 ], [ -81.423380907440446, 28.369925178144584 ], [ -81.423330535566535, 28.369918253836193 ], [ -81.423322755774336, 28.369962998527484 ], [ -81.423222011999215, 28.369949149833349 ], [ -81.423214232146705, 28.369993894513165 ], [ -81.423163860245495, 28.369986970127467 ], [ -81.423156080358709, 28.370031714798593 ], [ -81.423055336528975, 28.370017865949837 ], [ -81.42306311646783, 28.369973121284467 ], [ -81.423113488352541, 28.369980045717892 ], [ -81.423129048153456, 28.369890556363945 ], [ -81.423078676320827, 28.369883631936275 ], [ -81.423094236140855, 28.369794142564892 ], [ -81.423144607921429, 28.369801066986902 ], [ -81.423136828041564, 28.369845811678317 ], [ -81.423187199856415, 28.369852736079313 ], [ -81.423179419994341, 28.369897480767815 ], [ -81.423280163700881, 28.369911329503903 ], [ -81.423287943510871, 28.369866584809703 ], [ -81.423388687198383, 28.369880433444642 ] ] ], [ [ [ -81.423055336528975, 28.370017865949837 ], [ -81.423047556581864, 28.370062610609516 ], [ -81.422997184653354, 28.37005568614649 ], [ -81.423004964626486, 28.370010941489678 ], [ -81.423055336528975, 28.370017865949837 ] ] ], [ [ [ -81.422721984775237, 28.370155297366232 ], [ -81.42273754502304, 28.370065808110137 ], [ -81.422787916936315, 28.37007273269538 ], [ -81.42279569702184, 28.370027988055767 ], [ -81.422946812733088, 28.370048761659621 ], [ -81.422939032725679, 28.370093506307768 ], [ -81.422888660787635, 28.370086581794141 ], [ -81.422880880745964, 28.370131326433658 ], [ -81.422830508790128, 28.370124401893356 ], [ -81.422822728714166, 28.370169146524187 ], [ -81.422721984775237, 28.370155297366232 ] ] ], [ [ [ -81.423090148589353, 28.370114279705401 ], [ -81.423082368651805, 28.370159024356322 ], [ -81.423031996662971, 28.370152099911476 ], [ -81.423039776626538, 28.370107355263375 ], [ -81.423090148589353, 28.370114279705401 ] ] ], [ [ [ -81.422721984775237, 28.370155297366232 ], [ -81.422714204638964, 28.370200041985569 ], [ -81.42261346068095, 28.370186192726397 ], [ -81.422621240869304, 28.370141448112765 ], [ -81.422721984775237, 28.370155297366232 ] ] ], [ [ [ -81.42371386641139, 28.370383273997621 ], [ -81.42372164603519, 28.37033852932684 ], [ -81.423772018191684, 28.370345453443324 ], [ -81.423764238593918, 28.370390198116954 ], [ -81.42371386641139, 28.370383273997621 ] ] ], [ [ [ -81.42371386641139, 28.370383273997621 ], [ -81.423698307139091, 28.370472763321821 ], [ -81.423647934912736, 28.370465839172915 ], [ -81.423640155238203, 28.370510583823442 ], [ -81.423589782994085, 28.370503659647788 ], [ -81.423574223568195, 28.370593148925909 ], [ -81.423523851280251, 28.370586224720682 ], [ -81.423547190484825, 28.370451990803467 ], [ -81.423446446089912, 28.370438142338575 ], [ -81.423454225860368, 28.370393397693618 ], [ -81.423605342386992, 28.370414170346596 ], [ -81.423613122071103, 28.370369425687336 ], [ -81.42371386641139, 28.370383273997621 ] ] ], [ [ [ -81.423035688853545, 28.370427492140568 ], [ -81.42302790885833, 28.370472236751077 ], [ -81.422977536687227, 28.370465312286171 ], [ -81.422985316708491, 28.370420567678512 ], [ -81.423035688853545, 28.370427492140568 ] ] ], [ [ [ -81.423229397625263, 28.370499934371971 ], [ -81.423244957399177, 28.370410445122339 ], [ -81.423396073904854, 28.370431218070298 ], [ -81.423388294100121, 28.370475962706536 ], [ -81.423337921897271, 28.370469038411574 ], [ -81.423322362211039, 28.370558527661061 ], [ -81.423271989964363, 28.370551603336509 ], [ -81.423279769837649, 28.370506858717523 ], [ -81.423229397625263, 28.370499934371971 ] ] ], [ [ [ -81.422927164524395, 28.370458387797395 ], [ -81.422919384468869, 28.370503132396376 ], [ -81.422869012288245, 28.370496207880898 ], [ -81.422876792369806, 28.370451463284791 ], [ -81.422927164524395, 28.370458387797395 ] ] ], [ [ [ -81.423364954636511, 28.370610196580678 ], [ -81.423314582355573, 28.370603272277116 ], [ -81.423322362211039, 28.370558527661061 ], [ -81.423372734465957, 28.37056545196176 ], [ -81.423364954636511, 28.370610196580678 ] ] ], [ [ [ -81.423760153551967, 28.370710334786001 ], [ -81.423709781178943, 28.37070341067048 ], [ -81.423717560834376, 28.370658666037325 ], [ -81.423767933181367, 28.370665590149976 ], [ -81.423760153551967, 28.370710334786001 ] ] ], [ [ [ -81.423516071528908, 28.370630969348163 ], [ -81.423484952441186, 28.370809947800378 ], [ -81.423434580031326, 28.370803023557006 ], [ -81.423442359841644, 28.370758278955478 ], [ -81.423391987466076, 28.370751354691084 ], [ -81.423415326925721, 28.370617120860405 ], [ -81.423516071528908, 28.370630969348163 ] ] ], [ [ [ -81.423682356804889, 28.371157780828295 ], [ -81.423674577084867, 28.371202525400726 ], [ -81.423624204425437, 28.371195601253781 ], [ -81.423631984171479, 28.371150856684164 ], [ -81.423682356804889, 28.371157780828295 ] ] ], [ [ [ -81.423081578129413, 28.371350081089872 ], [ -81.423089358177052, 28.371305336577795 ], [ -81.423139730858082, 28.371312260974822 ], [ -81.423147510871416, 28.371267516454132 ], [ -81.423298628885917, 28.37128828949346 ], [ -81.423306408812905, 28.371243544958364 ], [ -81.423457526823597, 28.371264317774347 ], [ -81.423449746974711, 28.371309062318026 ], [ -81.42339937427019, 28.371302138067058 ], [ -81.423391594387027, 28.371346882602055 ], [ -81.423341221664728, 28.371339958324345 ], [ -81.423325661821622, 28.37142944737132 ], [ -81.423376034595975, 28.371436371654731 ], [ -81.4233682546881, 28.371481116172408 ], [ -81.423418627496773, 28.371488040434834 ], [ -81.423403067708364, 28.37157752945852 ], [ -81.423302321995138, 28.371563680898362 ], [ -81.423310101945532, 28.371518936395137 ], [ -81.423259729127338, 28.371512012082114 ], [ -81.423275289055482, 28.371422523064009 ], [ -81.423224916297627, 28.371415598732842 ], [ -81.423232696275377, 28.371370854217961 ], [ -81.423131950836478, 28.371357005489756 ], [ -81.423124170806659, 28.371401749998931 ], [ -81.42297305263213, 28.371380976719049 ], [ -81.422980832740066, 28.371336232218461 ], [ -81.423081578129413, 28.371350081089872 ] ] ], [ [ [ -81.422701539568848, 28.371755978820463 ], [ -81.422751912486746, 28.371762903392192 ], [ -81.422713011062143, 28.371986625505258 ], [ -81.422662638014074, 28.371979700919287 ], [ -81.422685978971657, 28.371845467677371 ], [ -81.422635606009948, 28.371838543076091 ], [ -81.422651166659222, 28.371749054224942 ], [ -81.422600793757837, 28.371742129605533 ], [ -81.422616354426211, 28.371652640736983 ], [ -81.422565981585166, 28.371645716099412 ], [ -81.422573761933037, 28.371600971659323 ], [ -81.42267450757133, 28.371614820904878 ], [ -81.422666727275526, 28.371659565350651 ], [ -81.422717100133085, 28.371666489940491 ], [ -81.422701539568848, 28.371755978820463 ] ] ], [ [ [ -81.422713011062143, 28.371986625505258 ], [ -81.422763384118468, 28.37199355006743 ], [ -81.422755603834872, 28.372038294475544 ], [ -81.422705230752513, 28.372031369910545 ], [ -81.422713011062143, 28.371986625505258 ] ] ], [ [ [ -81.423363381527622, 28.372992303557858 ], [ -81.423355601469765, 28.373037047893281 ], [ -81.423305227742816, 28.373030123629082 ], [ -81.423313007826707, 28.372985379296495 ], [ -81.423363381527622, 28.372992303557858 ] ] ], [ [ [ -81.423196700169498, 28.373061019350196 ], [ -81.42304557900961, 28.373040246262644 ], [ -81.423037798779063, 28.37308499056935 ], [ -81.422987425049584, 28.373078066156243 ], [ -81.422964084230387, 28.373212299033082 ], [ -81.422812962857122, 28.373191525624826 ], [ -81.422805182489455, 28.373236269896992 ], [ -81.42275480868885, 28.373229345376988 ], [ -81.422723687031677, 28.373408322396362 ], [ -81.422673313135178, 28.37340139784105 ], [ -81.42266553267423, 28.373446142078532 ], [ -81.422464037066632, 28.373418443607203 ], [ -81.422502939809647, 28.373194722418951 ], [ -81.422553313568969, 28.373201647058295 ], [ -81.422568874556418, 28.373112158536792 ], [ -81.422619248271928, 28.373119083146531 ], [ -81.42263480917434, 28.373029594596208 ], [ -81.422685182846038, 28.373036519176374 ], [ -81.422692963258839, 28.372991774889694 ], [ -81.422944831610963, 28.373026397418265 ], [ -81.42295261188535, 28.372981653111502 ], [ -81.4232044803137, 28.373016275029098 ], [ -81.423196700169498, 28.373061019350196 ] ] ], [ [ [ -81.422204387039372, 28.373428564187005 ], [ -81.422154013173369, 28.373421639387352 ], [ -81.422161793902902, 28.373376895184194 ], [ -81.422212167742885, 28.373383819981015 ], [ -81.422204387039372, 28.373428564187005 ] ] ], [ [ [ -81.42329705389453, 28.373670392262774 ], [ -81.42328927373913, 28.373715136514377 ], [ -81.423238899613366, 28.373708212231147 ], [ -81.423246679794815, 28.373663467982446 ], [ -81.42329705389453, 28.373670392262774 ] ] ], [ [ [ -81.423130371144836, 28.373739107830311 ], [ -81.423138151386595, 28.373694363593138 ], [ -81.423188525495846, 28.373701287924035 ], [ -81.423180745280135, 28.373746032164124 ], [ -81.423130371144836, 28.373739107830311 ] ] ], [ [ [ -81.423130371144836, 28.373739107830311 ], [ -81.423122590894849, 28.373783852061781 ], [ -81.423072216741772, 28.373776927701261 ], [ -81.423079997017794, 28.373732183472661 ], [ -81.423130371144836, 28.373739107830311 ] ] ], [ [ [ -81.423072216741772, 28.373776927701261 ], [ -81.423064436457494, 28.373821671924055 ], [ -81.423014062286626, 28.373814747536787 ], [ -81.423021842596953, 28.373770003316842 ], [ -81.423072216741772, 28.373776927701261 ] ] ], [ [ [ -81.422905533599049, 28.373845642899092 ], [ -81.422897753220184, 28.37389038710176 ], [ -81.422847379022031, 28.373883462637195 ], [ -81.422855159426916, 28.373838718437359 ], [ -81.422905533599049, 28.373845642899092 ] ] ], [ [ [ -81.422847379022031, 28.373883462637195 ], [ -81.422839598608874, 28.373928206831224 ], [ -81.422789224392929, 28.373921282339904 ], [ -81.42279700483212, 28.373876538148746 ], [ -81.422847379022031, 28.373883462637195 ] ] ], [ [ [ -81.422242889288029, 28.373800367200587 ], [ -81.422343637494464, 28.373814216678696 ], [ -81.422335856820951, 28.373858960844139 ], [ -81.42228548268757, 28.373852036114148 ], [ -81.422277701979766, 28.373896780270954 ], [ -81.422176953685678, 28.373882930733664 ], [ -81.42218473444558, 28.373838186582621 ], [ -81.422235108562447, 28.373845111360279 ], [ -81.422242889288029, 28.373800367200587 ] ] ], [ [ [ -81.423234812420603, 28.374028346113707 ], [ -81.423184438112571, 28.374021421810475 ], [ -81.423192218351687, 28.373976677602183 ], [ -81.423242592633684, 28.373983601902573 ], [ -81.423234812420603, 28.374028346113707 ] ] ], [ [ [ -81.423184438112571, 28.374021421810475 ], [ -81.423176657865199, 28.374066166012955 ], [ -81.423126283539389, 28.374059241682964 ], [ -81.423134063812796, 28.374014497483333 ], [ -81.423184438112571, 28.374021421810475 ] ] ], [ [ [ -81.423075909221822, 28.374052317329138 ], [ -81.423068128914153, 28.374097061520125 ], [ -81.423017754578808, 28.374090137139554 ], [ -81.423025534912526, 28.374045392951441 ], [ -81.423075909221822, 28.374052317329138 ] ] ], [ [ [ -81.422909225538859, 28.374121032483497 ], [ -81.422901445136588, 28.374165776654316 ], [ -81.42285107077393, 28.374158852196427 ], [ -81.42285885120225, 28.37411410802844 ], [ -81.422909225538859, 28.374121032483497 ] ] ], [ [ [ -81.422734761087909, 28.374234491516305 ], [ -81.422684386697952, 28.374227566981077 ], [ -81.422692167220859, 28.374182822833212 ], [ -81.422742541584782, 28.374189747365556 ], [ -81.422734761087909, 28.374234491516305 ] ] ], [ [ [ -81.422626231759082, 28.374265386561238 ], [ -81.422575857359604, 28.37425846197544 ], [ -81.422583637942822, 28.374213717839091 ], [ -81.422634012316266, 28.374220642422017 ], [ -81.422626231759082, 28.374265386561238 ] ] ], [ [ [ -81.422575857359604, 28.37425846197544 ], [ -81.42256807676813, 28.374303206106038 ], [ -81.422517702350873, 28.374296281493493 ], [ -81.422525482968368, 28.374251537365783 ], [ -81.422575857359604, 28.37425846197544 ] ] ], [ [ [ -81.423129976208003, 28.37433463110656 ], [ -81.423122195902963, 28.37437937526856 ], [ -81.423071821394885, 28.374372450918575 ], [ -81.423079601725959, 28.374327706759388 ], [ -81.423129976208003, 28.37433463110656 ] ] ], [ [ [ -81.423013666529684, 28.374410270695233 ], [ -81.422963292012085, 28.374403346294674 ], [ -81.422971072403485, 28.374358602146966 ], [ -81.423021446895049, 28.374365526544693 ], [ -81.423013666529684, 28.374410270695233 ] ] ], [ [ [ -81.422459547290075, 28.374334100976231 ], [ -81.422409172863311, 28.374327176313091 ], [ -81.422416953541116, 28.374282432196896 ], [ -81.42246732794186, 28.374289356857101 ], [ -81.422459547290075, 28.374334100976231 ] ] ], [ [ [ -81.422955511612457, 28.374448090436562 ], [ -81.422854762549917, 28.374434241558074 ], [ -81.422862543001628, 28.374389497421902 ], [ -81.422963292012085, 28.374403346294674 ], [ -81.422955511612457, 28.374448090436562 ] ] ], [ [ [ -81.422854762549917, 28.374434241558074 ], [ -81.422846982089979, 28.374478985688476 ], [ -81.422746233008397, 28.374465136708807 ], [ -81.422754013520418, 28.374420392584142 ], [ -81.422854762549917, 28.374434241558074 ] ] ], [ [ [ -81.422300643296367, 28.374358071020001 ], [ -81.422292862549995, 28.37440281511893 ], [ -81.42224248809589, 28.374395890378477 ], [ -81.422250268868311, 28.374351146282411 ], [ -81.422300643296367, 28.374358071020001 ] ] ], [ [ [ -81.422746233008397, 28.374465136708807 ], [ -81.422738452488119, 28.374509880827706 ], [ -81.422688077933685, 28.374502956299235 ], [ -81.422695858479983, 28.374458212183161 ], [ -81.422746233008397, 28.374465136708807 ] ] ], [ [ [ -81.42213395837976, 28.374426784910632 ], [ -81.422141739212478, 28.374382040826056 ], [ -81.42219211365007, 28.374388965614177 ], [ -81.422184332843372, 28.374433709701641 ], [ -81.42213395837976, 28.374426784910632 ] ] ], [ [ [ -81.42213395837976, 28.374426784910632 ], [ -81.422126177538786, 28.374471528989435 ], [ -81.422025428584234, 28.374457679330067 ], [ -81.422033209477277, 28.374412935256981 ], [ -81.42213395837976, 28.374426784910632 ] ] ], [ [ [ -81.422629922806905, 28.374540775854264 ], [ -81.422579548242936, 28.374533851275167 ], [ -81.422587328849559, 28.374489107170643 ], [ -81.422637703387494, 28.374496031746844 ], [ -81.422629922806905, 28.374540775854264 ] ] ], [ [ [ -81.422478799139768, 28.374520002045408 ], [ -81.422579548242936, 28.374533851275167 ], [ -81.422571767628085, 28.374578595373958 ], [ -81.422471018472834, 28.374564746138429 ], [ -81.422478799139768, 28.374520002045408 ] ] ], [ [ [ -81.422025428584234, 28.374457679330067 ], [ -81.422017647682964, 28.374502423397352 ], [ -81.421967273192024, 28.374495498528997 ], [ -81.421975054119358, 28.374450754464593 ], [ -81.422025428584234, 28.374457679330067 ] ] ], [ [ [ -81.422362488623364, 28.374595640889005 ], [ -81.422370269350623, 28.374550896807477 ], [ -81.422471018472834, 28.374564746138429 ], [ -81.422463237797643, 28.374609490225698 ], [ -81.422362488623364, 28.374595640889005 ] ] ], [ [ [ -81.422362488623364, 28.374595640889005 ], [ -81.422354707887862, 28.374640384964767 ], [ -81.422253958694526, 28.374626535526911 ], [ -81.422261739482096, 28.374581791456858 ], [ -81.422362488623364, 28.374595640889005 ] ] ], [ [ [ -81.4222461778987, 28.374671279591158 ], [ -81.422145428686306, 28.374657430052121 ], [ -81.422153209534201, 28.374612685993608 ], [ -81.422253958694526, 28.374626535526911 ], [ -81.4222461778987, 28.374671279591158 ] ] ], [ [ [ -81.422044679506953, 28.374643580417629 ], [ -81.422145428686306, 28.374657430052121 ], [ -81.422137647830183, 28.374702174104868 ], [ -81.422036898598734, 28.374688324464657 ], [ -81.422044679506953, 28.374643580417629 ] ] ], [ [ [ -81.422029117682285, 28.374733068505929 ], [ -81.421928368431807, 28.374719218764515 ], [ -81.421936149400324, 28.374674474728973 ], [ -81.422036898598734, 28.374688324464657 ], [ -81.422029117682285, 28.374733068505929 ] ] ], [ [ [ -81.421920587455048, 28.374763962794258 ], [ -81.421819838185513, 28.374750112951652 ], [ -81.421827619214355, 28.374705368927639 ], [ -81.421928368431807, 28.374719218764515 ], [ -81.421920587455048, 28.374763962794258 ] ] ], [ [ [ -81.424417247977303, 28.355361044397117 ], [ -81.424366884698742, 28.355354120314331 ], [ -81.424382440479803, 28.355264627366338 ], [ -81.424432803706281, 28.355271551443437 ], [ -81.424417247977303, 28.355361044397117 ] ] ], [ [ [ -81.424346860511065, 28.356359313579578 ], [ -81.424354638508817, 28.356314567227258 ], [ -81.424304274667207, 28.356307643132183 ], [ -81.424312052682737, 28.356262896776933 ], [ -81.424261688875404, 28.356255972660779 ], [ -81.424277244933833, 28.356166479938601 ], [ -81.424327608689126, 28.356173404049009 ], [ -81.424319830690052, 28.356218150415831 ], [ -81.424420558277447, 28.356231998570724 ], [ -81.424397224386965, 28.356366237653699 ], [ -81.424346860511065, 28.356359313579578 ] ] ], [ [ [ -81.424609001254424, 28.358411236176245 ], [ -81.424601223198394, 28.358455982302409 ], [ -81.424550858060442, 28.35844905836224 ], [ -81.424558636142521, 28.35840431223891 ], [ -81.424609001254424, 28.358411236176245 ] ] ], [ [ [ -81.423922752537067, 28.359095754377023 ], [ -81.423914974054696, 28.359140500373417 ], [ -81.423763877610497, 28.359119727547963 ], [ -81.423779434723187, 28.359030235566514 ], [ -81.423880165573621, 28.359044084129273 ], [ -81.423872387073459, 28.359088830128588 ], [ -81.423922752537067, 28.359095754377023 ] ] ], [ [ [ -81.424286785090061, 28.359374877543907 ], [ -81.42418605377874, 28.359361029376402 ], [ -81.424193832137888, 28.35931628338599 ], [ -81.424294563397154, 28.359330131547768 ], [ -81.424286785090061, 28.359374877543907 ] ] ], [ [ [ -81.424523057134209, 28.359498989548527 ], [ -81.424472691381084, 28.35949206559031 ], [ -81.424480469600539, 28.359447319594306 ], [ -81.424530835327616, 28.359454243549703 ], [ -81.424523057134209, 28.359498989548527 ] ] ], [ [ [ -81.424371959899631, 28.359478217602256 ], [ -81.424364181619879, 28.359522963586759 ], [ -81.424263450119369, 28.359509115497573 ], [ -81.424279006774725, 28.359419623534254 ], [ -81.424329372468804, 28.359426547585052 ], [ -81.424321594171261, 28.359471293572465 ], [ -81.424371959899631, 28.359478217602256 ] ] ], [ [ [ -81.42366275557491, 28.359701424863122 ], [ -81.423678312901757, 28.359611933032145 ], [ -81.42362794715055, 28.359605008677811 ], [ -81.423635725827651, 28.359560262756489 ], [ -81.423585360110721, 28.359553338381179 ], [ -81.423593138805614, 28.359508592456901 ], [ -81.423693870195663, 28.359522441177987 ], [ -81.423686091552838, 28.35956718710797 ], [ -81.423736457286267, 28.359574111435556 ], [ -81.42372867866122, 28.359618857362587 ], [ -81.42377904442894, 28.359625781669202 ], [ -81.423771265821699, 28.359670527593295 ], [ -81.423821631623696, 28.359677451878884 ], [ -81.423813853034247, 28.359722197800043 ], [ -81.423864218870534, 28.359729122064632 ], [ -81.423856440298863, 28.359773867982913 ], [ -81.423906806169427, 28.359780792226481 ], [ -81.423891249053455, 28.35987028405134 ], [ -81.423941614984329, 28.359877208276771 ], [ -81.423933836440014, 28.359921954183381 ], [ -81.423984202405165, 28.359928878387809 ], [ -81.423976423878656, 28.359973624291513 ], [ -81.424026789878084, 28.359980548474923 ], [ -81.424019011369353, 28.360025294375692 ], [ -81.423918279326656, 28.360011445979225 ], [ -81.423926057887456, 28.359966700084193 ], [ -81.423875691904513, 28.359959775853071 ], [ -81.423883470483105, 28.359915029955101 ], [ -81.423833104534452, 28.359908105702939 ], [ -81.423840883130822, 28.359863359802034 ], [ -81.423689785412463, 28.359842586910982 ], [ -81.423697564078694, 28.359797841012856 ], [ -81.423747929950537, 28.359804765330878 ], [ -81.423763487206216, 28.359715273511608 ], [ -81.42366275557491, 28.359701424863122 ] ] ], [ [ [ -81.424193444762508, 28.359911829046013 ], [ -81.424143078790365, 28.359904904939899 ], [ -81.42415085722233, 28.359860159016101 ], [ -81.424201223168438, 28.35986708311934 ], [ -81.424193444762508, 28.359911829046013 ] ] ], [ [ [ -81.423682006738005, 28.359887332803275 ], [ -81.423631640822364, 28.359880408455702 ], [ -81.423639419522857, 28.359835662566244 ], [ -81.423689785412463, 28.359842586910982 ], [ -81.423682006738005, 28.359887332803275 ] ] ], [ [ [ -81.424135300350173, 28.359949650857942 ], [ -81.424084934360252, 28.359942726725123 ], [ -81.424092712826464, 28.359897980809929 ], [ -81.424143078790365, 28.359904904939899 ], [ -81.424135300350173, 28.359949650857942 ] ] ], [ [ [ -81.424162331056422, 28.36009081269491 ], [ -81.424146774153954, 28.360180304484629 ], [ -81.424096408025633, 28.36017338036136 ], [ -81.424104186507009, 28.360128634472257 ], [ -81.424053820412979, 28.360121710327995 ], [ -81.424061598912147, 28.36007696443594 ], [ -81.424162331056422, 28.36009081269491 ] ] ], [ [ [ -81.423333138211134, 28.360114261489166 ], [ -81.423340917091195, 28.360069515648714 ], [ -81.423290551094951, 28.360062591143617 ], [ -81.423298329992789, 28.360017845300273 ], [ -81.423449427928261, 28.360038618735363 ], [ -81.423457206739798, 28.359993872877599 ], [ -81.423507572708772, 28.360000797305407 ], [ -81.423492015129526, 28.360090289020754 ], [ -81.423441649108511, 28.360083364587311 ], [ -81.423433870280491, 28.360128110433493 ], [ -81.423333138211134, 28.360114261489166 ] ] ], [ [ [ -81.423584968446434, 28.360148883670941 ], [ -81.423577189688274, 28.360193629519895 ], [ -81.423526823598692, 28.360186705128378 ], [ -81.423534602382858, 28.360141959282288 ], [ -81.423584968446434, 28.360148883670941 ] ] ], [ [ [ -81.423619777045772, 28.360245299733535 ], [ -81.423569410921885, 28.360238375363043 ], [ -81.423577189688274, 28.360193629519895 ], [ -81.423627555786126, 28.360200553887513 ], [ -81.423619777045772, 28.360245299733535 ] ] ], [ [ [ -81.423336830944507, 28.360389660911608 ], [ -81.423286464757794, 28.360382736410408 ], [ -81.42329424368728, 28.360337990604613 ], [ -81.423344609847973, 28.360344915103013 ], [ -81.423336830944507, 28.360389660911608 ] ] ], [ [ [ -81.423538295773966, 28.360417358677875 ], [ -81.423530516966395, 28.360462104492115 ], [ -81.423480150720621, 28.360455180083456 ], [ -81.423487929554227, 28.360410434272083 ], [ -81.423538295773966, 28.360417358677875 ] ] ], [ [ [ -81.423983813549754, 28.360524423096003 ], [ -81.423976034968206, 28.360569168930134 ], [ -81.423875302284301, 28.36055532051282 ], [ -81.423883080917903, 28.360510574684358 ], [ -81.423983813549754, 28.360524423096003 ] ] ], [ [ [ -81.423480150720621, 28.360455180083456 ], [ -81.423472371878773, 28.360499925889052 ], [ -81.423422005615222, 28.360493001453726 ], [ -81.423429784483091, 28.360448255650972 ], [ -81.423480150720621, 28.360455180083456 ] ] ], [ [ [ -81.423817157286848, 28.360593142088202 ], [ -81.423766790939496, 28.360586217817048 ], [ -81.423774569633395, 28.360541472000051 ], [ -81.423824935954713, 28.360548396268374 ], [ -81.423817157286848, 28.360593142088202 ] ] ], [ [ [ -81.423650500752913, 28.360661860808253 ], [ -81.423700867135821, 28.360668785132866 ], [ -81.423708645872225, 28.3606240393303 ], [ -81.423759012237355, 28.360630963628207 ], [ -81.42373567608152, 28.360765201027029 ], [ -81.423685309638302, 28.360758276720542 ], [ -81.42369308839119, 28.360713530929583 ], [ -81.423642721982247, 28.360706606602108 ], [ -81.423650500752913, 28.360661860808253 ] ] ], [ [ [ -81.42360791316672, 28.36061019066296 ], [ -81.423592355581562, 28.360699682250804 ], [ -81.42349162280496, 28.360685833476548 ], [ -81.423483843947963, 28.360730579256035 ], [ -81.423383111152319, 28.360716730380602 ], [ -81.423375332235011, 28.360761476148653 ], [ -81.423274599420324, 28.360747627172053 ], [ -81.423266820442734, 28.360792372928543 ], [ -81.42316608760899, 28.360778523850794 ], [ -81.423173866638649, 28.360733778099991 ], [ -81.423224233025351, 28.360740702647941 ], [ -81.423232012020748, 28.360695956888506 ], [ -81.423282378389672, 28.360702881409743 ], [ -81.423290157350792, 28.360658135641646 ], [ -81.423390890061384, 28.360671984606778 ], [ -81.423398668962193, 28.360627238827206 ], [ -81.423449035303818, 28.36063416327114 ], [ -81.423456814170379, 28.360589417482899 ], [ -81.42360791316672, 28.36061019066296 ] ] ], [ [ [ -81.423627164416189, 28.360796098172528 ], [ -81.42361938562081, 28.360840843949056 ], [ -81.423569019142036, 28.360833919589172 ], [ -81.423576797963449, 28.360789173815515 ], [ -81.423627164416189, 28.360796098172528 ] ] ], [ [ [ -81.423518652671518, 28.360826995205411 ], [ -81.423495316079766, 28.360961232483135 ], [ -81.423444949539416, 28.360954308066884 ], [ -81.423468286209257, 28.36082007079774 ], [ -81.423518652671518, 28.360826995205411 ] ] ], [ [ [ -81.423572712675522, 28.361109318486751 ], [ -81.423522346040585, 28.361102394109714 ], [ -81.423530124911409, 28.361057648370736 ], [ -81.423580491520326, 28.361064572744922 ], [ -81.423572712675522, 28.361109318486751 ] ] ], [ [ [ -81.423456421595432, 28.36118496116362 ], [ -81.423355688262674, 28.361171112278722 ], [ -81.423363467228071, 28.361126366559912 ], [ -81.423413833864302, 28.361133291011456 ], [ -81.423421612795437, 28.36108854528397 ], [ -81.42347197941389, 28.361095469708786 ], [ -81.423456421595432, 28.36118496116362 ] ] ], [ [ [ -81.423262733980394, 28.361112517585322 ], [ -81.423254954962928, 28.361157263298413 ], [ -81.423204588325433, 28.361150338772436 ], [ -81.423212367368933, 28.361105593062216 ], [ -81.423262733980394, 28.361112517585322 ] ] ], [ [ [ -81.423460114777342, 28.361460359813083 ], [ -81.423506788274182, 28.361191885570278 ], [ -81.423557154961216, 28.361198809952992 ], [ -81.423572712675522, 28.361109318486751 ], [ -81.42362307931873, 28.361116242839969 ], [ -81.423584185101291, 28.361339971476575 ], [ -81.423634551882913, 28.361346895820166 ], [ -81.423618994190335, 28.361436387240023 ], [ -81.423719727882442, 28.361450235867117 ], [ -81.423711949075852, 28.361494981574097 ], [ -81.423460114777342, 28.361460359813083 ] ] ], [ [ [ -81.423979340925328, 28.361440111290253 ], [ -81.423928974059919, 28.361433187110805 ], [ -81.423936752745902, 28.361388441380846 ], [ -81.423987119585277, 28.36139536555741 ], [ -81.423979340925328, 28.361440111290253 ] ] ], [ [ [ -81.423921195365679, 28.361477932834987 ], [ -81.423870828482492, 28.361471008628804 ], [ -81.423878607202752, 28.3614262629075 ], [ -81.423928974059919, 28.361433187110805 ], [ -81.423921195365679, 28.361477932834987 ] ] ], [ [ [ -81.423731200755739, 28.361680888636162 ], [ -81.42368083376715, 28.361673964344128 ], [ -81.423688612606682, 28.361629218660308 ], [ -81.423738979569237, 28.361636142949447 ], [ -81.423731200755739, 28.361680888636162 ] ] ], [ [ [ -81.4233049279635, 28.361759730588332 ], [ -81.423297148908787, 28.361804476229008 ], [ -81.423246781882128, 28.361797551734618 ], [ -81.423254560962846, 28.361752806096806 ], [ -81.4233049279635, 28.361759730588332 ] ] ], [ [ [ -81.423281590774693, 28.361893967493 ], [ -81.423289369845861, 28.361849221863924 ], [ -81.423339736906826, 28.361856146337271 ], [ -81.423331957861691, 28.361900891969235 ], [ -81.423382324956933, 28.361907816421652 ], [ -81.423366766893992, 28.361997307673935 ], [ -81.423417134049558, 28.362004232108145 ], [ -81.423409355031765, 28.362048977728481 ], [ -81.423459722221622, 28.362055902141698 ], [ -81.423444164213379, 28.362145393370714 ], [ -81.423393796971467, 28.362138468951773 ], [ -81.423401576005745, 28.362093723343012 ], [ -81.42335120879811, 28.362086798903032 ], [ -81.423358987850179, 28.362042053291397 ], [ -81.423308620676835, 28.362035128830421 ], [ -81.423316399746696, 28.361990383215833 ], [ -81.423266032607643, 28.36198345873386 ], [ -81.423273811695282, 28.361938713116338 ], [ -81.423223444590519, 28.361931788613362 ], [ -81.42323122369595, 28.361887042992873 ], [ -81.423281590774693, 28.361893967493 ] ] ], [ [ [ -81.422998638575862, 28.362038327155243 ], [ -81.423014197036181, 28.361948835966093 ], [ -81.423064564133966, 28.361955760567387 ], [ -81.423056784933962, 28.362000506167668 ], [ -81.423107152066024, 28.362007430747962 ], [ -81.423091593693357, 28.362096921936971 ], [ -81.423041226509227, 28.362089997350946 ], [ -81.423049005725701, 28.362045251762204 ], [ -81.422998638575862, 28.362038327155243 ] ] ], [ [ [ -81.423529340784896, 28.362248733354321 ], [ -81.423478973474417, 28.362241808977398 ], [ -81.423486752473096, 28.362197063374477 ], [ -81.42353711975754, 28.362203987748558 ], [ -81.423529340784896, 28.362248733354321 ] ] ], [ [ [ -81.423091593693357, 28.362096921936971 ], [ -81.423141960885744, 28.362103846499075 ], [ -81.423134181713095, 28.362148592087767 ], [ -81.423184548939759, 28.362155516628864 ], [ -81.423168990621775, 28.362245007794609 ], [ -81.423118623343058, 28.362238083247753 ], [ -81.423126402532191, 28.362193337670611 ], [ -81.42307603528775, 28.362186413102791 ], [ -81.423091593693357, 28.362096921936971 ] ] ], [ [ [ -81.423730810109333, 28.362276430623439 ], [ -81.423723031232569, 28.362321176234861 ], [ -81.423672663863044, 28.362314251950529 ], [ -81.423664884952004, 28.362358997553269 ], [ -81.423564150185669, 28.362345148907313 ], [ -81.423556371214332, 28.362389894498548 ], [ -81.423506003817508, 28.362382970136899 ], [ -81.423529340784896, 28.362248733354321 ], [ -81.423730810109333, 28.362276430623439 ] ] ], [ [ [ -81.423219357908764, 28.36225193231758 ], [ -81.423211578763457, 28.362296677894609 ], [ -81.423161211450449, 28.36228975336876 ], [ -81.423168990621775, 28.362245007794609 ], [ -81.423219357908764, 28.36225193231758 ] ] ], [ [ [ -81.423990425688956, 28.362266306041409 ], [ -81.423982646950591, 28.362311051672918 ], [ -81.424033014343607, 28.362317975811209 ], [ -81.424025235623034, 28.362362721439769 ], [ -81.424075603050326, 28.362369645557077 ], [ -81.424060045636523, 28.362459136802553 ], [ -81.424110413124126, 28.362466060901699 ], [ -81.424094855729436, 28.36255555212977 ], [ -81.424044488189764, 28.362548628024875 ], [ -81.424052266917258, 28.362503882416625 ], [ -81.424001899411863, 28.362496958290734 ], [ -81.424009678157162, 28.36245221267955 ], [ -81.423959310686058, 28.362445288532676 ], [ -81.423967089449135, 28.362400542918554 ], [ -81.423916722012308, 28.362393618750641 ], [ -81.423932279565832, 28.362304127510715 ], [ -81.42388191218933, 28.362297203324701 ], [ -81.423889690979763, 28.362252457698933 ], [ -81.423990425688956, 28.362266306041409 ] ] ], [ [ [ -81.423691915643133, 28.362500158622638 ], [ -81.423641548169499, 28.36249323432687 ], [ -81.423657106032735, 28.362403743150242 ], [ -81.423707473454328, 28.362410667440312 ], [ -81.423691915643133, 28.362500158622638 ] ] ], [ [ [ -81.42301380133577, 28.362544377534775 ], [ -81.422963433891326, 28.362537452920225 ], [ -81.422971213190195, 28.362492707389304 ], [ -81.423021580608591, 28.362499632001057 ], [ -81.42301380133577, 28.362544377534775 ] ] ], [ [ [ -81.423308227050839, 28.362630670266217 ], [ -81.423323785292368, 28.36254117917024 ], [ -81.423374152768559, 28.362548103614898 ], [ -81.42336637367795, 28.362592849168649 ], [ -81.423416741188419, 28.362599773592315 ], [ -81.423401183034528, 28.362689264688196 ], [ -81.423350815471991, 28.362682340258822 ], [ -81.423358594579099, 28.362637594716638 ], [ -81.423308227050839, 28.362630670266217 ] ] ], [ [ [ -81.423393403945227, 28.362734010227516 ], [ -81.423401183034528, 28.362689264688196 ], [ -81.423451550605321, 28.362696189093779 ], [ -81.423443771542054, 28.362740934635891 ], [ -81.423393403945227, 28.362734010227516 ] ] ], [ [ [ -81.423098977783155, 28.362647717753973 ], [ -81.423091198537676, 28.362692463276066 ], [ -81.42304083099863, 28.362685538700656 ], [ -81.423048610270143, 28.362640793181377 ], [ -81.423098977783155, 28.362647717753973 ] ] ], [ [ [ -81.423653020971003, 28.362723886477205 ], [ -81.42370338858305, 28.362730810763441 ], [ -81.42369560964994, 28.362775556319832 ], [ -81.423745977296292, 28.362782480585061 ], [ -81.423730419457428, 28.36287197168625 ], [ -81.423680051759021, 28.362865047415315 ], [ -81.423687830708602, 28.362820301870492 ], [ -81.423637463044486, 28.36281337757854 ], [ -81.423653020971003, 28.362723886477205 ] ] ], [ [ [ -81.423133786857278, 28.362744133346826 ], [ -81.423083419283955, 28.36273720879236 ], [ -81.423091198537676, 28.362692463276066 ], [ -81.423141566084965, 28.362699387827618 ], [ -81.423133786857278, 28.362744133346826 ] ] ], [ [ [ -81.423889301447616, 28.362847998799545 ], [ -81.423881522602159, 28.362892744355829 ], [ -81.423831154878982, 28.362885820156496 ], [ -81.423846712613738, 28.362796329043871 ], [ -81.423947447964196, 28.362810177407233 ], [ -81.423939669153015, 28.362854922972137 ], [ -81.423889301447616, 28.362847998799545 ] ] ], [ [ [ -81.423443771542054, 28.362740934635891 ], [ -81.423494139147124, 28.362747859020388 ], [ -81.423486360101649, 28.362792604559573 ], [ -81.423536727741009, 28.362799528923112 ], [ -81.423521169677414, 28.362889019989872 ], [ -81.423470801985999, 28.362882095620634 ], [ -81.423478581047945, 28.36283735009301 ], [ -81.423428213390821, 28.362830425702743 ], [ -81.423443771542054, 28.362740934635891 ] ] ], [ [ [ -81.423598568084046, 28.363037105230653 ], [ -81.423548200298015, 28.363030180900569 ], [ -81.423555979332619, 28.362985435384594 ], [ -81.423505611580893, 28.362978511033521 ], [ -81.423521169677414, 28.362889019989872 ], [ -81.4235715373771, 28.362895944335257 ], [ -81.423563758358981, 28.362940689862825 ], [ -81.423614126092929, 28.362947614187181 ], [ -81.423598568084046, 28.363037105230653 ] ] ], [ [ [ -81.423583010042194, 28.363126596251053 ], [ -81.423598568084046, 28.363037105230653 ], [ -81.423648935878319, 28.363044029536873 ], [ -81.423641156887541, 28.363088775052816 ], [ -81.423691524716091, 28.363095699338047 ], [ -81.423675966761905, 28.363185190358241 ], [ -81.423625598881287, 28.363178266067301 ], [ -81.423633377888535, 28.363133520562943 ], [ -81.423583010042194, 28.363126596251053 ] ] ], [ [ [ -81.423055994127324, 28.363191588220531 ], [ -81.423106361969204, 28.363198512779661 ], [ -81.423090803376411, 28.363288003690705 ], [ -81.423040435482463, 28.363281079125858 ], [ -81.423048214809, 28.363236333676085 ], [ -81.422997846949343, 28.363229409090234 ], [ -81.423005626293687, 28.363184663637504 ], [ -81.422955258468292, 28.363177739030643 ], [ -81.422970817184321, 28.363088248113616 ], [ -81.422920449419252, 28.363081323488629 ], [ -81.422928228790937, 28.363036578024243 ], [ -81.423028964277265, 28.363050427244708 ], [ -81.423013405629774, 28.363139918179016 ], [ -81.423063773437377, 28.363146842759207 ], [ -81.423055994127324, 28.363191588220531 ] ] ], [ [ [ -81.423675966761905, 28.363185190358241 ], [ -81.423726334650794, 28.363192114625317 ], [ -81.423718555687373, 28.363236860129593 ], [ -81.423768923610524, 28.363243784375648 ], [ -81.423753365711036, 28.363333275372604 ], [ -81.423702997735816, 28.363326351120829 ], [ -81.423710776715708, 28.363281605628124 ], [ -81.423660408774765, 28.363274681355314 ], [ -81.423675966761905, 28.363185190358241 ] ] ], [ [ [ -81.423803733694513, 28.36334019960055 ], [ -81.423795954758432, 28.363384945093163 ], [ -81.423745586748936, 28.363378020862399 ], [ -81.423753365711036, 28.363333275372604 ], [ -81.423803733694513, 28.36334019960055 ] ] ], [ [ [ -81.423780396861588, 28.363474436061153 ], [ -81.423795954758432, 28.363384945093163 ], [ -81.4238463227762, 28.363391869300113 ], [ -81.423830764931424, 28.363481360273788 ], [ -81.423780396861588, 28.363474436061153 ] ] ], [ [ [ -81.423075244750677, 28.363377494578618 ], [ -81.423090803376411, 28.363288003690705 ], [ -81.423141171278616, 28.36329492823171 ], [ -81.423133391995904, 28.363339673681448 ], [ -81.4231837599324, 28.363346598201449 ], [ -81.423168201394304, 28.363436089089202 ], [ -81.423117833405755, 28.363429164563485 ], [ -81.423125612704951, 28.363384419125378 ], [ -81.423075244750677, 28.363377494578618 ] ] ], [ [ [ -81.422858214149187, 28.363439286995007 ], [ -81.422807846184128, 28.363432362323287 ], [ -81.422815625647758, 28.363387616908089 ], [ -81.422865993586782, 28.363394541576994 ], [ -81.422858214149187, 28.363439286995007 ] ] ], [ [ [ -81.422924140937383, 28.363356720795306 ], [ -81.423024876804661, 28.363370570008051 ], [ -81.42301709745341, 28.363415315440481 ], [ -81.423067465425447, 28.363422240013907 ], [ -81.423051906750288, 28.363511730867138 ], [ -81.42295117071032, 28.363497881684918 ], [ -81.422958950104089, 28.363453136266966 ], [ -81.422908582122517, 28.363446211642909 ], [ -81.422924140937383, 28.363356720795306 ] ] ], [ [ [ -81.423295967774877, 28.36359109883719 ], [ -81.423288188546834, 28.363635844263602 ], [ -81.423338556672547, 28.363642768705336 ], [ -81.423322998243862, 28.363732259546548 ], [ -81.423272630066094, 28.363725335099133 ], [ -81.423280409310593, 28.363680589684272 ], [ -81.423230041167116, 28.36367366521587 ], [ -81.423237820429392, 28.363628919798092 ], [ -81.423187452320207, 28.363621995308652 ], [ -81.423203010872143, 28.363532504461382 ], [ -81.423152642823268, 28.363525579953844 ], [ -81.423160422112915, 28.363480834524431 ], [ -81.423261158166838, 28.363494683509977 ], [ -81.423245599683469, 28.363584174374481 ], [ -81.423295967774877, 28.36359109883719 ] ] ], [ [ [ -81.422954862346771, 28.363773278691621 ], [ -81.422970421172849, 28.363683787913512 ], [ -81.423020789301106, 28.363690712504134 ], [ -81.423028568675747, 28.363645967103544 ], [ -81.423129304904919, 28.363659816207406 ], [ -81.423121525582332, 28.363704561613694 ], [ -81.423171893735343, 28.363711486132736 ], [ -81.423164114430534, 28.36375623153609 ], [ -81.423013009918208, 28.363735457898887 ], [ -81.423005230527068, 28.363780203287888 ], [ -81.422954862346771, 28.363773278691621 ] ] ], [ [ [ -81.423373366429871, 28.363739183970111 ], [ -81.423365587229199, 28.363783929384908 ], [ -81.423315219017155, 28.363777004958507 ], [ -81.423322998243862, 28.363732259546548 ], [ -81.423373366429871, 28.363739183970111 ] ] ], [ [ [ -81.423400397075511, 28.363880344605402 ], [ -81.423350028803142, 28.363873420197155 ], [ -81.423365587229199, 28.363783929384908 ], [ -81.423415955449514, 28.363790853787414 ], [ -81.423400397075511, 28.363880344605402 ] ] ], [ [ [ -81.423400397075511, 28.363880344605402 ], [ -81.423450765356137, 28.363887268989824 ], [ -81.42344298618282, 28.363932014392976 ], [ -81.423392617876161, 28.363925090005701 ], [ -81.423400397075511, 28.363880344605402 ] ] ], [ [ [ -81.423528164553659, 28.364035353896281 ], [ -81.423520385407684, 28.364080099287825 ], [ -81.423470017006437, 28.364073174939737 ], [ -81.423477796178446, 28.364028429551052 ], [ -81.423528164553659, 28.364035353896281 ] ] ], [ [ [ -81.423512606253468, 28.364124844673594 ], [ -81.423520385407684, 28.364080099287825 ], [ -81.423570753817202, 28.364087023612075 ], [ -81.42356297468902, 28.364131769000672 ], [ -81.423512606253468, 28.364124844673594 ] ] ], [ [ [ -81.423357414732578, 28.364424213446004 ], [ -81.423349635460411, 28.364468958779735 ], [ -81.423299266841369, 28.364462034358212 ], [ -81.423307046139584, 28.364417289027283 ], [ -81.423357414732578, 28.364424213446004 ] ] ], [ [ [ -81.423182970902801, 28.364537676076491 ], [ -81.423132602256473, 28.364530751577576 ], [ -81.423140381649247, 28.364486006266826 ], [ -81.423190750269541, 28.364492930762857 ], [ -81.423182970902801, 28.364537676076491 ] ] ], [ [ [ -81.422814831429108, 28.364578694653076 ], [ -81.422865200077993, 28.364585619300811 ], [ -81.422872979617395, 28.364540874015958 ], [ -81.423024085535474, 28.364561647807488 ], [ -81.423016306074146, 28.364606393101003 ], [ -81.422965937400491, 28.364599468524808 ], [ -81.422958157904915, 28.364644213809601 ], [ -81.422857420530335, 28.364630364579948 ], [ -81.422849640974434, 28.364675109853248 ], [ -81.422799272273494, 28.364668185199744 ], [ -81.422814831429108, 28.364578694653076 ] ] ], [ [ [ -81.422791492683331, 28.364712930464428 ], [ -81.422690755254152, 28.364699081080119 ], [ -81.422698534896384, 28.36465433582114 ], [ -81.422799272273494, 28.364668185199744 ], [ -81.422791492683331, 28.364712930464428 ] ] ], [ [ [ -81.422640386551947, 28.364692156352159 ], [ -81.422690755254152, 28.364699081080119 ], [ -81.422682975603678, 28.364743826333324 ], [ -81.422632606875439, 28.364736901602491 ], [ -81.422640386551947, 28.364692156352159 ] ] ], [ [ [ -81.422802963466054, 28.364943581371705 ], [ -81.422810743071381, 28.364898836133086 ], [ -81.422911480758358, 28.364912685397051 ], [ -81.42291926030336, 28.364867940146965 ], [ -81.423019997971295, 28.364881789309763 ], [ -81.423027777456014, 28.364837044048159 ], [ -81.423128515104878, 28.364850893109775 ], [ -81.4231362945293, 28.364806147836671 ], [ -81.42318666334009, 28.364813072328829 ], [ -81.423194442730235, 28.36476832704707 ], [ -81.423295180324502, 28.364782175954112 ], [ -81.423302959654336, 28.364737430660838 ], [ -81.423454066029564, 28.364758203833794 ], [ -81.423446286777818, 28.364802949135658 ], [ -81.423345549134012, 28.364789100371784 ], [ -81.423337769821984, 28.364833845662147 ], [ -81.42328740098641, 28.364826921241555 ], [ -81.423279621640106, 28.364871666523275 ], [ -81.423229252786783, 28.364864742075987 ], [ -81.423221473406187, 28.364909487349049 ], [ -81.423171104535086, 28.364902562874988 ], [ -81.423163325120214, 28.36494730813941 ], [ -81.423062587350714, 28.364933459114045 ], [ -81.423054807875531, 28.364978204366967 ], [ -81.422954070086988, 28.364964355240488 ], [ -81.422946290551508, 28.365009100481874 ], [ -81.422895921643587, 28.365002175879944 ], [ -81.422888142073845, 28.36504692111269 ], [ -81.422787404230689, 28.365033071831579 ], [ -81.422779624600651, 28.365077817052846 ], [ -81.422678886738439, 28.365063967670523 ], [ -81.422671107048089, 28.365108712880321 ], [ -81.422570369166834, 28.365094863396795 ], [ -81.422562589416202, 28.365139608595058 ], [ -81.422461851515891, 28.365125759010397 ], [ -81.422469631318606, 28.365081013817854 ], [ -81.422520000238592, 28.365087938619261 ], [ -81.42252778000703, 28.365043193418082 ], [ -81.422628517819717, 28.36505704294354 ], [ -81.422636297527859, 28.365012297730885 ], [ -81.422686666420532, 28.365019222454965 ], [ -81.422694446094411, 28.364974477233666 ], [ -81.42274481496932, 28.364981401931008 ], [ -81.422752594608923, 28.364936656701069 ], [ -81.422802963466054, 28.364943581371705 ] ] ], [ [ [ -81.422523690539364, 28.36536333449958 ], [ -81.42247332145493, 28.36535640970488 ], [ -81.422481101272808, 28.365311664538403 ], [ -81.422531470331208, 28.365318589330268 ], [ -81.422523690539364, 28.36536333449958 ] ] ], [ [ [ -81.422767756415467, 28.365442703292967 ], [ -81.422616648984999, 28.365421929186649 ], [ -81.422632208472791, 28.365332438842344 ], [ -81.422682577555946, 28.36533936356258 ], [ -81.422690357261459, 28.365294618378897 ], [ -81.422791095400498, 28.365308467742047 ], [ -81.422767756415467, 28.365442703292967 ] ] ], [ [ [ -81.422961057442151, 28.366110682984083 ], [ -81.422953277804851, 28.366155428092341 ], [ -81.422902908213089, 28.366148503514442 ], [ -81.422910687876424, 28.366103758409011 ], [ -81.422961057442151, 28.366110682984083 ] ] ], [ [ [ -81.422871789477369, 28.36632748387818 ], [ -81.422864009772852, 28.366372228954631 ], [ -81.422813640059161, 28.366365304338515 ], [ -81.422821419789727, 28.366320559264949 ], [ -81.422871789477369, 28.36632748387818 ] ] ], [ [ [ -81.423189172363763, 28.366875075699834 ], [ -81.423173613181746, 28.36696456576551 ], [ -81.42312324308962, 28.366957641306033 ], [ -81.423138802323692, 28.366868151245995 ], [ -81.423189172363763, 28.366875075699834 ] ] ], [ [ [ -81.423192864923379, 28.367150470274602 ], [ -81.423092124522626, 28.367136621356586 ], [ -81.423099904176723, 28.367091876352621 ], [ -81.423200644525437, 28.367105725264857 ], [ -81.423192864923379, 28.367150470274602 ] ] ], [ [ [ -81.422464342862469, 28.367187760718252 ], [ -81.422413972695423, 28.367180835928544 ], [ -81.42242175271268, 28.367136090979056 ], [ -81.422472122853691, 28.367143015765933 ], [ -81.422464342862469, 28.367187760718252 ] ] ], [ [ [ -81.422514713037756, 28.367194685484101 ], [ -81.422506933064312, 28.367239430433518 ], [ -81.422456562862976, 28.367232505664777 ], [ -81.422464342862469, 28.367187760718252 ], [ -81.422514713037756, 28.367194685484101 ] ] ], [ [ [ -81.422375072485508, 28.367404560589019 ], [ -81.422367292418798, 28.367449305503762 ], [ -81.422316922103818, 28.367442380673015 ], [ -81.422324702196562, 28.367397635761098 ], [ -81.422375072485508, 28.367404560589019 ] ] ], [ [ [ -81.423080257397672, 28.367501505673978 ], [ -81.423064697984984, 28.367590995577732 ], [ -81.423014327528378, 28.367584071078209 ], [ -81.423029886993149, 28.367494581180146 ], [ -81.423080257397672, 28.367501505673978 ] ] ], [ [ [ -81.423099509056257, 28.367687409939766 ], [ -81.423049138539326, 28.367680485458393 ], [ -81.423064697984984, 28.367590995577732 ], [ -81.423115068449832, 28.367597920053413 ], [ -81.423099509056257, 28.367687409939766 ] ] ], [ [ [ -81.422123221123272, 28.367369936210817 ], [ -81.422072850875608, 28.367363011263603 ], [ -81.422088411296698, 28.367273521451043 ], [ -81.422038041109346, 28.367266596485688 ], [ -81.422045821333555, 28.367221851573582 ], [ -81.422146561664448, 28.367235701474726 ], [ -81.422138781492308, 28.367280446392559 ], [ -81.422189151696173, 28.367287371310223 ], [ -81.42217359137922, 28.367376861134172 ], [ -81.422223961643411, 28.367383786033677 ], [ -81.422216181498598, 28.367428530939844 ], [ -81.422316922103818, 28.367442380673015 ], [ -81.422309142002845, 28.367487125579107 ], [ -81.422208401345557, 28.367473275840261 ], [ -81.422185060836995, 28.367607510506723 ], [ -81.422235431239613, 28.367614435396678 ], [ -81.422227651079652, 28.367659180276807 ], [ -81.422278021516547, 28.367666105145712 ], [ -81.42226246122398, 28.367755594894298 ], [ -81.4223128317212, 28.36776251974511 ], [ -81.422297271447732, 28.367852009476291 ], [ -81.422246900898429, 28.36784508461982 ], [ -81.422254681065326, 28.367800339759956 ], [ -81.422204310550327, 28.367793414882442 ], [ -81.422212090735016, 28.367748670019658 ], [ -81.422111349781829, 28.367734820198809 ], [ -81.422119130010344, 28.367690075335972 ], [ -81.42206875957217, 28.367683150392558 ], [ -81.422099880507957, 28.367504170894822 ], [ -81.422150250841995, 28.367511095826803 ], [ -81.422165811208387, 28.367421606037482 ], [ -81.422115440926419, 28.367414681111278 ], [ -81.422123221123272, 28.367369936210817 ] ] ], [ [ [ -81.422808757275234, 28.367876511837505 ], [ -81.422800977394729, 28.367921256728813 ], [ -81.422750606762875, 28.367914332110921 ], [ -81.422758386669415, 28.367869587222504 ], [ -81.422808757275234, 28.367876511837505 ] ] ], [ [ [ -81.42305283067779, 28.367955879460141 ], [ -81.423045050919214, 28.368000624359922 ], [ -81.422944309529157, 28.367986775333261 ], [ -81.422952089339788, 28.367942030439192 ], [ -81.42305283067779, 28.367955879460141 ] ] ], [ [ [ -81.422936529710256, 28.368031520221567 ], [ -81.422835788301157, 28.368017671093742 ], [ -81.422843568172112, 28.367972926211142 ], [ -81.422944309529157, 28.367986775333261 ], [ -81.422936529710256, 28.368031520221567 ] ] ], [ [ [ -81.422130599361992, 28.36792072452613 ], [ -81.42208022878539, 28.367913799592305 ], [ -81.42208800904686, 28.367869054752607 ], [ -81.422138379597428, 28.367875979683539 ], [ -81.422130599361992, 28.36792072452613 ] ] ], [ [ [ -81.422828008421959, 28.368062415970602 ], [ -81.422777637703746, 28.368055491368011 ], [ -81.422785417608992, 28.368010746494058 ], [ -81.422835788301157, 28.368017671093742 ], [ -81.422828008421959, 28.368062415970602 ] ] ], [ [ [ -81.422769857790286, 28.368100236236188 ], [ -81.42266911632656, 28.368086386953724 ], [ -81.422676896292103, 28.368041642091242 ], [ -81.422777637703746, 28.368055491368011 ], [ -81.422769857790286, 28.368100236236188 ] ] ], [ [ [ -81.422347642005278, 28.367858934308924 ], [ -81.422339861882207, 28.367903679168727 ], [ -81.422440603074151, 28.367917528768128 ], [ -81.422425042907463, 28.368007018481823 ], [ -81.422475413567867, 28.368013943251437 ], [ -81.422459853420278, 28.368103432947667 ], [ -81.422610965607277, 28.368124207130517 ], [ -81.422603185599229, 28.368168951978539 ], [ -81.422552814835939, 28.368162027271911 ], [ -81.422545034793615, 28.368206772111314 ], [ -81.422444293239749, 28.368192922620768 ], [ -81.422452073334128, 28.368148177787152 ], [ -81.422351331865343, 28.36813432820686 ], [ -81.422359112003562, 28.368089583373134 ], [ -81.422308741307589, 28.368082658550041 ], [ -81.422324301611383, 28.367993168870939 ], [ -81.422273930975734, 28.36798624402973 ], [ -81.422297271447732, 28.367852009476291 ], [ -81.422347642005278, 28.367858934308924 ] ] ], [ [ [ -81.422610965607277, 28.368124207130517 ], [ -81.422618745607082, 28.368079462276711 ], [ -81.42266911632656, 28.368086386953724 ], [ -81.422661336352775, 28.368131131810408 ], [ -81.422610965607277, 28.368124207130517 ] ] ], [ [ [ -81.421998736984648, 28.36808585392416 ], [ -81.421983176319003, 28.368175343534247 ], [ -81.421932805602708, 28.368168418535546 ], [ -81.421948366320422, 28.368078928931187 ], [ -81.421998736984648, 28.36808585392416 ] ] ], [ [ [ -81.422730958099351, 28.368323960490304 ], [ -81.422680587233188, 28.368317035846733 ], [ -81.422696147186343, 28.368227546168118 ], [ -81.422746518000451, 28.368234470806012 ], [ -81.422730958099351, 28.368323960490304 ] ] ], [ [ [ -81.42217687902567, 28.368247788098262 ], [ -81.422076137483231, 28.368233938262165 ], [ -81.422083917776348, 28.368189193460054 ], [ -81.422184659266719, 28.368203043290443 ], [ -81.42217687902567, 28.368247788098262 ] ] ], [ [ [ -81.422296870667097, 28.368447541881089 ], [ -81.422281310250582, 28.368537031450234 ], [ -81.422230939294252, 28.368530106598563 ], [ -81.422246499762849, 28.368440617035123 ], [ -81.422296870667097, 28.368447541881089 ] ] ], [ [ [ -81.422130197406389, 28.368516256823618 ], [ -81.422122417107673, 28.368561001590955 ], [ -81.422072046150078, 28.368554076664836 ], [ -81.422079826474842, 28.368509331900363 ], [ -81.422130197406389, 28.368516256823618 ] ] ], [ [ [ -81.422936133433993, 28.36862705235022 ], [ -81.422928353551825, 28.368671797163334 ], [ -81.422827611380725, 28.368657948050878 ], [ -81.422835391314962, 28.368613203243513 ], [ -81.422936133433993, 28.36862705235022 ] ] ], [ [ [ -81.422544635757433, 28.368802303966621 ], [ -81.422494264621406, 28.368795379243803 ], [ -81.422486484489767, 28.368840124005136 ], [ -81.422436113335962, 28.368833199255597 ], [ -81.422428333170046, 28.368877944008297 ], [ -81.422377961998464, 28.368871019232028 ], [ -81.422370181798271, 28.368915763976048 ], [ -81.422319810608911, 28.36890883917313 ], [ -81.422312030374442, 28.368953583908475 ], [ -81.422211287968409, 28.368939734225247 ], [ -81.422203507673643, 28.368984478949113 ], [ -81.422102765248567, 28.368970629164728 ], [ -81.422118325934008, 28.36888113972266 ], [ -81.422168697090356, 28.368888064621089 ], [ -81.422176477394686, 28.368843319888448 ], [ -81.422226848533228, 28.368850244760189 ], [ -81.422234628803295, 28.368805500018954 ], [ -81.422335371053123, 28.368819349685001 ], [ -81.422343151262851, 28.368774604932298 ], [ -81.422443893493622, 28.368788454497171 ], [ -81.422451673643067, 28.368743709732978 ], [ -81.42255241585481, 28.368757559196638 ], [ -81.422544635757433, 28.368802303966621 ] ] ], [ [ [ -81.421959432097822, 28.368905109599581 ], [ -81.421909060948479, 28.368898184602887 ], [ -81.42192462182571, 28.368808695172099 ], [ -81.421974992922983, 28.36881562016309 ], [ -81.421959432097822, 28.368905109599581 ] ] ], [ [ [ -81.421835348351621, 28.369025493676485 ], [ -81.421827567849874, 28.369070238363008 ], [ -81.421777196612894, 28.369063313307105 ], [ -81.421784977140661, 28.369018568623478 ], [ -81.421835348351621, 28.369025493676485 ] ] ], [ [ [ -81.421819787339899, 28.369114983043708 ], [ -81.421827567849874, 28.369070238363008 ], [ -81.421877939095125, 28.369077163395016 ], [ -81.421870158611171, 28.369121908078633 ], [ -81.421819787339899, 28.369114983043708 ] ] ], [ [ [ -81.422885365733549, 28.369215659024039 ], [ -81.422869805798811, 28.36930514849983 ], [ -81.42281943433639, 28.369298223939392 ], [ -81.422827214333907, 28.369253479207241 ], [ -81.422776842905776, 28.369246554625768 ], [ -81.422784622921085, 28.369201809890679 ], [ -81.422885365733549, 28.369215659024039 ] ] ], [ [ [ -81.421935687466515, 28.369634874272272 ], [ -81.421834944309921, 28.369621024258894 ], [ -81.421842724858465, 28.369576279636071 ], [ -81.421943467963004, 28.369590129643722 ], [ -81.421935687466515, 28.369634874272272 ] ] ], [ [ [ -81.421698985879843, 28.370106289654686 ], [ -81.421648614035789, 28.370099364556847 ], [ -81.421656394727052, 28.370054620003316 ], [ -81.421606022917302, 28.370047694884519 ], [ -81.421613803626343, 28.370002950328093 ], [ -81.421714547202029, 28.370016800536085 ], [ -81.421698985879843, 28.370106289654686 ] ] ], [ [ [ -81.42261346068095, 28.370186192726397 ], [ -81.422605680484381, 28.370230937334291 ], [ -81.422504936507337, 28.370217087973934 ], [ -81.422512716755989, 28.370172343371795 ], [ -81.42261346068095, 28.370186192726397 ] ] ], [ [ [ -81.422245296322131, 28.370227208737486 ], [ -81.422284198175063, 28.370003485769399 ], [ -81.422334570014044, 28.370010410569357 ], [ -81.422311229005103, 28.370144644376158 ], [ -81.422361600930429, 28.37015156916085 ], [ -81.422330479573986, 28.370330547500426 ], [ -81.422280107544495, 28.370323622704287 ], [ -81.422295668291284, 28.370234133551783 ], [ -81.422245296322131, 28.370227208737486 ] ] ], [ [ [ -81.421838228553312, 28.370491946141701 ], [ -81.421888600646923, 28.370498871143059 ], [ -81.421880820037728, 28.370543615661717 ], [ -81.42193119216563, 28.370550540642078 ], [ -81.421907850366694, 28.370684774171966 ], [ -81.421857478160689, 28.370677849182997 ], [ -81.421865258794611, 28.370633104681659 ], [ -81.421814886622897, 28.370626179671742 ], [ -81.421838228553312, 28.370491946141701 ] ] ], [ [ [ -81.421841916868118, 28.370767338168243 ], [ -81.421791544618287, 28.370760413149736 ], [ -81.421799325294728, 28.37071566866285 ], [ -81.421698580871933, 28.370701818559951 ], [ -81.4217063615922, 28.370657074073019 ], [ -81.421857478160689, 28.370677849182997 ], [ -81.421841916868118, 28.370767338168243 ] ] ], [ [ [ -81.422399702309107, 28.371118903551988 ], [ -81.422349329804007, 28.371111978802713 ], [ -81.422364890622646, 28.371022489823908 ], [ -81.42231451817787, 28.37101556505646 ], [ -81.422345639820435, 28.370836587040888 ], [ -81.422396012161073, 28.370843511796867 ], [ -81.42238045140833, 28.370933000821957 ], [ -81.422682685938, 28.370974548891116 ], [ -81.422690466162251, 28.370929804364351 ], [ -81.422740838586719, 28.370936728956142 ], [ -81.422717497967312, 28.371070962527771 ], [ -81.422415263075692, 28.371029414567477 ], [ -81.422399702309107, 28.371118903551988 ] ] ], [ [ [ -81.421957819397292, 28.371287227135177 ], [ -81.421950038752158, 28.371331971566992 ], [ -81.421899666156875, 28.371325046609591 ], [ -81.421907446828058, 28.371280302180672 ], [ -81.421957819397292, 28.371287227135177 ] ] ], [ [ [ -81.422201901852404, 28.371366595995934 ], [ -81.422194121329198, 28.37141134043625 ], [ -81.42209337601227, 28.371397490730541 ], [ -81.42210115658753, 28.37135274629593 ], [ -81.422201901852404, 28.371366595995934 ] ] ], [ [ [ -81.421977069448943, 28.371473129769846 ], [ -81.421992630728354, 28.371383640929395 ], [ -81.421942258098781, 28.371376715993037 ], [ -81.421950038752158, 28.371331971566992 ], [ -81.422050783967478, 28.371345821410138 ], [ -81.422043003366184, 28.371390565841896 ], [ -81.42209337601227, 28.371397490730541 ], [ -81.422085595428754, 28.371442235159364 ], [ -81.422035222756634, 28.371435310267859 ], [ -81.422027442138841, 28.37148005468806 ], [ -81.421977069448943, 28.371473129769846 ] ] ], [ [ [ -81.421961508136576, 28.371562618587141 ], [ -81.421911135402866, 28.371555693639323 ], [ -81.421918916089197, 28.37151094923642 ], [ -81.421969288796888, 28.371517874181389 ], [ -81.421961508136576, 28.371562618587141 ] ] ], [ [ [ -81.421601118323153, 28.371558887831252 ], [ -81.42155074562119, 28.371551962713525 ], [ -81.421558526498032, 28.371507218336451 ], [ -81.421608899173947, 28.371514143451325 ], [ -81.421601118323153, 28.371558887831252 ] ] ], [ [ [ -81.4218103899602, 28.371541843672123 ], [ -81.421911135402866, 28.371555693639323 ], [ -81.421903354708292, 28.371600438036459 ], [ -81.421852981956789, 28.371593513061914 ], [ -81.421845201227939, 28.37163825745041 ], [ -81.421794828458644, 28.371631332449148 ], [ -81.421787047695517, 28.371676076828983 ], [ -81.421736674908459, 28.371669151801029 ], [ -81.421728894111055, 28.371713896172189 ], [ -81.421779266924148, 28.371720821203056 ], [ -81.421771486144536, 28.37176556557133 ], [ -81.421821858991919, 28.371772490581161 ], [ -81.421814078230099, 28.371817234946555 ], [ -81.421713332491507, 28.371803384897298 ], [ -81.421721113305395, 28.371758640537657 ], [ -81.421670740474525, 28.371751715480048 ], [ -81.421662959634617, 28.371796459836833 ], [ -81.421562213945563, 28.371782609644377 ], [ -81.421577775721317, 28.371693120936488 ], [ -81.42162814850964, 28.371700046038931 ], [ -81.421643710200357, 28.371610557302134 ], [ -81.421593337464117, 28.371603632205421 ], [ -81.421601118323153, 28.371558887831252 ], [ -81.421701863751849, 28.371572737995102 ], [ -81.421694082944882, 28.371617482375015 ], [ -81.421744455697635, 28.371624407424012 ], [ -81.421752236478554, 28.371579663041242 ], [ -81.421802609213543, 28.371586588063504 ], [ -81.4218103899602, 28.371541843672123 ] ] ], [ [ [ -81.421511841113414, 28.371775684512318 ], [ -81.421562213945563, 28.371782609644377 ], [ -81.421554433045316, 28.37182735398968 ], [ -81.421504060187146, 28.371820428854779 ], [ -81.421511841113414, 28.371775684512318 ] ] ], [ [ [ -81.422185136042103, 28.373242662540022 ], [ -81.422177355337269, 28.373287406760568 ], [ -81.422026234023107, 28.373266632243986 ], [ -81.422034014806059, 28.373221888032109 ], [ -81.422185136042103, 28.373242662540022 ] ] ], [ [ [ -81.421499153666531, 28.373331614819541 ], [ -81.421549527425199, 28.373338539929467 ], [ -81.4215573084672, 28.373293795760635 ], [ -81.421607682208091, 28.373300720843858 ], [ -81.421615463215815, 28.373255976666428 ], [ -81.421665836938942, 28.373262901722903 ], [ -81.421673617912376, 28.373218157536783 ], [ -81.421723991617711, 28.373225082566577 ], [ -81.421731772556868, 28.373180338371821 ], [ -81.421782146244425, 28.373187263374884 ], [ -81.421789927149305, 28.373142519171495 ], [ -81.421840300819085, 28.373149444147781 ], [ -81.421832519940239, 28.373194188354027 ], [ -81.421882893644295, 28.373201113309335 ], [ -81.421875112783255, 28.373245857512725 ], [ -81.42182473905315, 28.3732389325545 ], [ -81.421816958157819, 28.373283676749189 ], [ -81.421766584409937, 28.373276751764287 ], [ -81.42175880348033, 28.373321495950339 ], [ -81.42170842971467, 28.373314570938724 ], [ -81.421700648750772, 28.37335931511614 ], [ -81.421650274967334, 28.37335239007778 ], [ -81.421642493969159, 28.373397134246577 ], [ -81.421592120167929, 28.373390209181487 ], [ -81.421584339135507, 28.373434953341622 ], [ -81.421533965316499, 28.373428028249808 ], [ -81.421526184249771, 28.373472772401282 ], [ -81.421475810412986, 28.373465847282777 ], [ -81.421468029311981, 28.373510591425607 ], [ -81.420510927487186, 28.373379009584777 ], [ -81.420503145883231, 28.373423753667517 ], [ -81.420452772159521, 28.373416828065949 ], [ -81.42044499052129, 28.373461572140044 ], [ -81.420344243046557, 28.373447720859577 ], [ -81.420352024736857, 28.373402976791233 ], [ -81.420402398444068, 28.373409902440521 ], [ -81.420410180100077, 28.373365158363548 ], [ -81.420460553789496, 28.373372083986073 ], [ -81.420468335411243, 28.373327339900445 ], [ -81.42061945645095, 28.373348116616366 ], [ -81.420627237986338, 28.373303372516357 ], [ -81.421433217703253, 28.373414177994594 ], [ -81.421440998813807, 28.37336943384306 ], [ -81.421491372590253, 28.37337635897973 ], [ -81.421499153666531, 28.373331614819541 ] ] ], [ [ [ -81.422018050460295, 28.373906900385492 ], [ -81.421967676324371, 28.373899975506593 ], [ -81.421975457196638, 28.373855231372794 ], [ -81.422025831306513, 28.373862156248801 ], [ -81.422018050460295, 28.373906900385492 ] ] ], [ [ [ -81.421909521290161, 28.373937794729073 ], [ -81.421901740375375, 28.373982538848495 ], [ -81.421800992040673, 28.373968688959952 ], [ -81.421793211065562, 28.374013433067908 ], [ -81.421742836884562, 28.374006508084971 ], [ -81.421735055875189, 28.374051252184266 ], [ -81.421634307485874, 28.374037402141102 ], [ -81.42164208854733, 28.373992658047495 ], [ -81.421692462711832, 28.373999583078174 ], [ -81.421700243738997, 28.373954838975948 ], [ -81.421750617885721, 28.373961763979885 ], [ -81.421758398878609, 28.373917019869062 ], [ -81.421859147144716, 28.373930869799569 ], [ -81.421866928077307, 28.373886125677231 ], [ -81.421967676324371, 28.373899975506593 ], [ -81.421959895443862, 28.373944719634672 ], [ -81.421909521290161, 28.373937794729073 ] ] ], [ [ [ -81.421994707872145, 28.374041132760969 ], [ -81.421986926992957, 28.374085876874574 ], [ -81.421936552752882, 28.374078951984238 ], [ -81.421944333658118, 28.3740342078735 ], [ -81.421994707872145, 28.374041132760969 ] ] ], [ [ [ -81.42182024235818, 28.374154590324675 ], [ -81.421769868090806, 28.374147665356983 ], [ -81.421777649090629, 28.374102921266424 ], [ -81.421828023331969, 28.374109846231228 ], [ -81.42182024235818, 28.374154590324675 ] ] ], [ [ [ -81.42176208708274, 28.374192409441818 ], [ -81.421711712797588, 28.374185484447452 ], [ -81.421719493831702, 28.374140740365522 ], [ -81.421769868090806, 28.374147665356983 ], [ -81.42176208708274, 28.374192409441818 ] ] ], [ [ [ -81.421653557452302, 28.374223303502543 ], [ -81.421603183157643, 28.374216378457589 ], [ -81.421610964252054, 28.374171634387114 ], [ -81.421661338520678, 28.374178559429211 ], [ -81.421653557452302, 28.374223303502543 ] ] ], [ [ [ -81.421603183157643, 28.374216378457589 ], [ -81.421595402054962, 28.374261122522253 ], [ -81.421545027742511, 28.374254197450568 ], [ -81.421552808871212, 28.374209453388744 ], [ -81.421603183157643, 28.374216378457589 ] ] ], [ [ [ -81.421300937562961, 28.37417482768663 ], [ -81.421293156304088, 28.374219571734113 ], [ -81.421242782041176, 28.374212646519219 ], [ -81.421250563326097, 28.374167902474586 ], [ -81.421300937562961, 28.37417482768663 ] ] ], [ [ [ -81.421494653438302, 28.37424727235501 ], [ -81.421486872275324, 28.374292016408162 ], [ -81.421436497953337, 28.374285091285874 ], [ -81.421444279142364, 28.374240347235592 ], [ -81.421494653438302, 28.37424727235501 ] ] ], [ [ [ -81.421134252194875, 28.374243540051026 ], [ -81.421142033540121, 28.374198796017854 ], [ -81.421242782041176, 28.374212646519219 ], [ -81.421235000747998, 28.374257390558085 ], [ -81.421134252194875, 28.374243540051026 ] ] ], [ [ [ -81.421134252194875, 28.374243540051026 ], [ -81.421126470841386, 28.374288284078421 ], [ -81.421076096551161, 28.374281358786181 ], [ -81.421083877930684, 28.374236614761656 ], [ -81.421134252194875, 28.374243540051026 ] ] ], [ [ [ -81.421327968084825, 28.37431598500854 ], [ -81.421320186827245, 28.374360729041566 ], [ -81.421269812477959, 28.374353803841966 ], [ -81.421277593761587, 28.3743090598118 ], [ -81.421327968084825, 28.37431598500854 ] ] ], [ [ [ -81.421211656819054, 28.374391622640058 ], [ -81.421161282460233, 28.374384697389846 ], [ -81.421169063804172, 28.374339953371162 ], [ -81.421219438136944, 28.37434687861851 ], [ -81.421211656819054, 28.374391622640058 ] ] ], [ [ [ -81.421909117747759, 28.374533317692588 ], [ -81.421858743247313, 28.374526392773671 ], [ -81.421866524234957, 28.374481648720746 ], [ -81.42191689870937, 28.374488573636835 ], [ -81.421909117747759, 28.374533317692588 ] ] ], [ [ [ -81.421153501108066, 28.374429441402715 ], [ -81.421052752363153, 28.37441559082502 ], [ -81.421060533767402, 28.374370846817865 ], [ -81.421161282460233, 28.374384697389846 ], [ -81.421153501108066, 28.374429441402715 ] ] ], [ [ [ -81.42185096225144, 28.37457113682083 ], [ -81.421750213223234, 28.374557286905645 ], [ -81.421757994271204, 28.374512542864206 ], [ -81.421858743247313, 28.374526392773671 ], [ -81.42185096225144, 28.37457113682083 ] ] ], [ [ [ -81.421044970950661, 28.374460334826452 ], [ -81.420944222186691, 28.374446484147587 ], [ -81.420952003651266, 28.3744017401519 ], [ -81.421052752363153, 28.37441559082502 ], [ -81.421044970950661, 28.374460334826452 ] ] ], [ [ [ -81.420944222186691, 28.374446484147587 ], [ -81.420936440713874, 28.374491228137462 ], [ -81.420886066318246, 28.374484302759338 ], [ -81.420893847817098, 28.37443955877232 ], [ -81.420944222186691, 28.374446484147587 ] ] ], [ [ [ -81.421750213223234, 28.374557286905645 ], [ -81.421742432167051, 28.374602030941336 ], [ -81.421641683119788, 28.374588180924967 ], [ -81.421649464228068, 28.374543436895035 ], [ -81.421750213223234, 28.374557286905645 ] ] ], [ [ [ -81.421633902003279, 28.374632924949104 ], [ -81.421533152936973, 28.374619074831589 ], [ -81.421540934105565, 28.374574330813125 ], [ -81.421641683119788, 28.374588180924967 ], [ -81.421633902003279, 28.374632924949104 ] ] ], [ [ [ -81.421424622674806, 28.374649968625491 ], [ -81.421432403903708, 28.374605224618563 ], [ -81.421533152936973, 28.374619074831589 ], [ -81.421525371760154, 28.374663818844223 ], [ -81.421424622674806, 28.374649968625491 ] ] ], [ [ [ -81.421424622674806, 28.374649968625491 ], [ -81.421416841437662, 28.374694712626649 ], [ -81.421316092333271, 28.374680862306697 ], [ -81.421323873622498, 28.374636118311301 ], [ -81.421424622674806, 28.374649968625491 ] ] ], [ [ [ -81.421316092333271, 28.374680862306697 ], [ -81.421308311035801, 28.374725606296384 ], [ -81.421207561912368, 28.374711755875296 ], [ -81.421215343261906, 28.374667011891329 ], [ -81.421316092333271, 28.374680862306697 ] ] ], [ [ [ -81.421819838185513, 28.374750112951652 ], [ -81.421812057148429, 28.374794856969952 ], [ -81.421711307859837, 28.374781007026151 ], [ -81.421719088949004, 28.374736263013581 ], [ -81.421819838185513, 28.374750112951652 ] ] ], [ [ [ -81.421711307859837, 28.374781007026151 ], [ -81.421703526762442, 28.374825751032898 ], [ -81.421653152104483, 28.374818826022366 ], [ -81.421660933227926, 28.374774082018494 ], [ -81.421711307859837, 28.374781007026151 ] ] ], [ [ [ -81.421099031412098, 28.374742649331164 ], [ -81.421106812821961, 28.374697905358744 ], [ -81.421207561912368, 28.374711755875296 ], [ -81.421199780554574, 28.374756499853437 ], [ -81.421099031412098, 28.374742649331164 ] ] ], [ [ [ -81.421099031412098, 28.374742649331164 ], [ -81.421091249994006, 28.374787393297812 ], [ -81.420990500832474, 28.374773542674355 ], [ -81.420998282302648, 28.374728798713399 ], [ -81.421099031412098, 28.374742649331164 ] ] ], [ [ [ -81.421602777454808, 28.374811900987943 ], [ -81.421594996297088, 28.374856644983186 ], [ -81.421544621629607, 28.374849719922079 ], [ -81.421552402813376, 28.374804975929681 ], [ -81.421602777454808, 28.374811900987943 ] ] ], [ [ [ -81.420990500832474, 28.374773542674355 ], [ -81.420982719354058, 28.374818286629512 ], [ -81.420881970173468, 28.37480443590486 ], [ -81.420889751703982, 28.374759691955401 ], [ -81.420990500832474, 28.374773542674355 ] ] ], [ [ [ -81.421536840437625, 28.374894463908699 ], [ -81.421436091075378, 28.374880613709081 ], [ -81.421443872319458, 28.374835869728177 ], [ -81.421544621629607, 28.374849719922079 ], [ -81.421536840437625, 28.374894463908699 ] ] ], [ [ [ -81.421428309823057, 28.374925357684198 ], [ -81.421327560441782, 28.374911507383448 ], [ -81.421335341746172, 28.374866763414026 ], [ -81.421436091075378, 28.374880613709081 ], [ -81.421428309823057, 28.374925357684198 ] ] ], [ [ [ -81.420874188634741, 28.374849179848535 ], [ -81.420773439435123, 28.374835329022691 ], [ -81.420781221025933, 28.374790585084714 ], [ -81.420881970173468, 28.37480443590486 ], [ -81.420874188634741, 28.374849179848535 ] ] ], [ [ [ -81.421319779129149, 28.374956251347065 ], [ -81.421219029728803, 28.374942400945049 ], [ -81.421226811093518, 28.374897656987169 ], [ -81.421327560441782, 28.374911507383448 ], [ -81.421319779129149, 28.374956251347065 ] ] ], [ [ [ -81.421118280361512, 28.374928550447617 ], [ -81.421219029728803, 28.374942400945049 ], [ -81.42121124835586, 28.374987144897183 ], [ -81.421110498936471, 28.374973294394046 ], [ -81.421118280361512, 28.374928550447617 ] ] ], [ [ [ -81.421102717503203, 28.375018038334673 ], [ -81.421001968064786, 28.375004187730305 ], [ -81.421009749550137, 28.374959443795433 ], [ -81.421110498936471, 28.374973294394046 ], [ -81.421102717503203, 28.375018038334673 ] ] ], [ [ [ -81.420893437113719, 28.375035080953914 ], [ -81.420901218659381, 28.374990337030489 ], [ -81.421001968064786, 28.375004187730305 ], [ -81.420994186571193, 28.375048931659428 ], [ -81.420893437113719, 28.375035080953914 ] ] ], [ [ [ -81.420893437113719, 28.375035080953914 ], [ -81.420885655559815, 28.375079824871523 ], [ -81.420784906083298, 28.375065974064796 ], [ -81.420792687689286, 28.375021230152921 ], [ -81.420893437113719, 28.375035080953914 ] ] ], [ [ [ -81.42429318761701, 28.355481435577641 ], [ -81.424277631701543, 28.355570928462051 ], [ -81.424176904925432, 28.355557080148571 ], [ -81.424184682939341, 28.355512333714966 ], [ -81.423983229590249, 28.355484636813078 ], [ -81.423991007700025, 28.355439890385103 ], [ -81.42429318761701, 28.355481435577641 ] ] ], [ [ [ -81.423587709980524, 28.355980047222374 ], [ -81.423595488345299, 28.355935300881072 ], [ -81.423696215476895, 28.355949149728982 ], [ -81.423688437164174, 28.355993896076022 ], [ -81.42373880076839, 28.356000820467035 ], [ -81.423731022473461, 28.356045566811201 ], [ -81.423630295221244, 28.356031717999546 ], [ -81.423638073568227, 28.35598697166116 ], [ -81.423587709980524, 28.355980047222374 ] ] ], [ [ [ -81.424141709899132, 28.356056214736096 ], [ -81.424133931812435, 28.356100961103117 ], [ -81.423982840748423, 28.356080188422599 ], [ -81.423990618913209, 28.356035442064162 ], [ -81.424141709899132, 28.356056214736096 ] ] ], [ [ [ -81.423378477235133, 28.355997095552933 ], [ -81.423328113662663, 28.355990170992044 ], [ -81.423335892165795, 28.355945424670786 ], [ -81.423386255712231, 28.355952349228865 ], [ -81.423378477235133, 28.355997095552933 ] ] ], [ [ [ -81.423599181750959, 28.356210703295279 ], [ -81.423498454323536, 28.3561968543654 ], [ -81.423506232755514, 28.356152108055849 ], [ -81.423556596439084, 28.356159032529852 ], [ -81.423564374836786, 28.356114286211717 ], [ -81.423614738502579, 28.356121210658987 ], [ -81.423622516866033, 28.356076464332176 ], [ -81.423672880514033, 28.356083388752769 ], [ -81.423665102176599, 28.356128135082457 ], [ -81.423715465858905, 28.356135059482021 ], [ -81.423707687539263, 28.356179805808779 ], [ -81.423606960130883, 28.356165956980014 ], [ -81.423599181750959, 28.356210703295279 ] ] ], [ [ [ -81.423434655732862, 28.358937018865884 ], [ -81.423426877006662, 28.358981764845261 ], [ -81.423376511651611, 28.358974840361043 ], [ -81.423384290403831, 28.358930094384515 ], [ -81.423434655732862, 28.358937018865884 ] ] ], [ [ [ -81.423268002153733, 28.359005737286104 ], [ -81.423260223332974, 28.359050483245316 ], [ -81.423159492576502, 28.35903663409843 ], [ -81.423175050313887, 28.358947142185613 ], [ -81.42322541563594, 28.358954066765275 ], [ -81.423217636797403, 28.358998812727425 ], [ -81.423268002153733, 28.359005737286104 ] ] ], [ [ [ -81.423151713695475, 28.359081380046192 ], [ -81.423101348303589, 28.359074455434069 ], [ -81.423109127210665, 28.359029709489217 ], [ -81.423159492576502, 28.35903663409843 ], [ -81.423151713695475, 28.359081380046192 ] ] ], [ [ [ -81.423093569388271, 28.359119201373204 ], [ -81.422992838577201, 28.359105352071694 ], [ -81.423000617544574, 28.359060606138346 ], [ -81.423101348303589, 28.359074455434069 ], [ -81.423093569388271, 28.359119201373204 ] ] ], [ [ [ -81.423100953230772, 28.359670001465606 ], [ -81.423050587492256, 28.359663076840242 ], [ -81.423066145460268, 28.359573585089404 ], [ -81.423116511146731, 28.359580509709108 ], [ -81.423100953230772, 28.359670001465606 ] ] ], [ [ [ -81.423042808495879, 28.359707822706945 ], [ -81.423035029491274, 28.359752568567892 ], [ -81.422984663708959, 28.359745643912927 ], [ -81.422992442739599, 28.35970089805484 ], [ -81.423042808495879, 28.359707822706945 ] ] ], [ [ [ -81.423162790058768, 28.359907579963426 ], [ -81.423155011099297, 28.359952325809829 ], [ -81.423104645188104, 28.359945401215025 ], [ -81.423096866194371, 28.359990147052731 ], [ -81.422996134344686, 28.359976297785863 ], [ -81.423003913390474, 28.359931551953814 ], [ -81.422953547504036, 28.359924627287409 ], [ -81.422945768432214, 28.359969373116549 ], [ -81.422794670744338, 28.359948598965595 ], [ -81.422786891586199, 28.359993344780381 ], [ -81.422585428013818, 28.359965645566962 ], [ -81.42259320727608, 28.359920899763591 ], [ -81.422693938993703, 28.359934749412282 ], [ -81.422701718195682, 28.359890003597449 ], [ -81.422852815755931, 28.359910777883048 ], [ -81.42286059487158, 28.359866032053798 ], [ -81.42291096071547, 28.359872956765088 ], [ -81.42292651887, 28.359783465083513 ], [ -81.422976884670092, 28.359790389765198 ], [ -81.422961326567631, 28.359879881452464 ], [ -81.423162790058768, 28.359907579963426 ] ] ], [ [ [ -81.423306108882414, 28.359973099451135 ], [ -81.423298329992789, 28.360017845300273 ], [ -81.423247964030807, 28.360010920774211 ], [ -81.423255742946452, 28.359966174927884 ], [ -81.423306108882414, 28.359973099451135 ] ] ], [ [ [ -81.42329424368728, 28.360337990604613 ], [ -81.42324387753483, 28.360331066082399 ], [ -81.423259435421159, 28.360241574459316 ], [ -81.42330980152154, 28.3602484989758 ], [ -81.42329424368728, 28.360337990604613 ] ] ], [ [ [ -81.422840948612404, 28.360275669045507 ], [ -81.422941680793485, 28.360289518447892 ], [ -81.422926122561847, 28.360379010013585 ], [ -81.422875756415124, 28.360372085318552 ], [ -81.422867977260935, 28.360416831089857 ], [ -81.422767244940175, 28.360402981622563 ], [ -81.422782803344461, 28.360313490085627 ], [ -81.422833169448637, 28.360320414825519 ], [ -81.422840948612404, 28.360275669045507 ] ] ], [ [ [ -81.422767244940175, 28.360402981622563 ], [ -81.422759465725676, 28.360447727382383 ], [ -81.422709099551653, 28.360440802610103 ], [ -81.422716878792187, 28.360396056853133 ], [ -81.422767244940175, 28.360402981622563 ] ] ], [ [ [ -81.423162395415034, 28.360503124701658 ], [ -81.4231468373778, 28.36059261624963 ], [ -81.423046104801827, 28.360578767051525 ], [ -81.423061662943169, 28.360489275514993 ], [ -81.423162395415034, 28.360503124701658 ] ] ], [ [ [ -81.422953151385713, 28.360520171998353 ], [ -81.422945372258866, 28.360564917758019 ], [ -81.422895005999763, 28.360557993075471 ], [ -81.422902785152644, 28.360513247318671 ], [ -81.422953151385713, 28.360520171998353 ] ] ], [ [ [ -81.422643174828053, 28.360523369304708 ], [ -81.422492076224088, 28.360502594755921 ], [ -81.422499855585215, 28.360457849021987 ], [ -81.422650954111077, 28.360478623562202 ], [ -81.422643174828053, 28.360523369304708 ] ] ], [ [ [ -81.422426151240259, 28.360585161303366 ], [ -81.422375785011639, 28.360578236376437 ], [ -81.42238356444129, 28.360533490659844 ], [ -81.422433930643891, 28.360540415583845 ], [ -81.422426151240259, 28.360585161303366 ] ] ], [ [ [ -81.422728348785327, 28.360626710363647 ], [ -81.422736128032767, 28.360581964627027 ], [ -81.422836860561773, 28.360595814117207 ], [ -81.422829081366373, 28.360640559859529 ], [ -81.422778715071715, 28.360633635123548 ], [ -81.422770935842067, 28.360678380857291 ], [ -81.422670203225465, 28.36066453130795 ], [ -81.422677982507182, 28.360619785579932 ], [ -81.422728348785327, 28.360626710363647 ] ] ], [ [ [ -81.422999430180084, 28.360847241522269 ], [ -81.422991651047624, 28.360891987247129 ], [ -81.422941284589825, 28.360885062592288 ], [ -81.422949063748291, 28.360840316870291 ], [ -81.422999430180084, 28.360847241522269 ] ] ], [ [ [ -81.422774626768017, 28.360953779894118 ], [ -81.422766847506736, 28.360998525590158 ], [ -81.422716481003846, 28.360991600831294 ], [ -81.422724260291162, 28.360946855138053 ], [ -81.422774626768017, 28.360953779894118 ] ] ], [ [ [ -81.422592409955271, 28.361111988269787 ], [ -81.422542043399048, 28.361105063430745 ], [ -81.42255760217104, 28.361015572090377 ], [ -81.422607968675209, 28.361022496923706 ], [ -81.422592409955271, 28.361111988269787 ] ] ], [ [ [ -81.422619438456138, 28.361253150069235 ], [ -81.42256907181357, 28.361246225245491 ], [ -81.422576851202365, 28.361201479592683 ], [ -81.422627217818899, 28.361208404413603 ], [ -81.422619438456138, 28.361253150069235 ] ] ], [ [ [ -81.422603879705875, 28.361342641363169 ], [ -81.422619438456138, 28.361253150069235 ], [ -81.422669805106949, 28.361260074869119 ], [ -81.42266202576198, 28.361304820521823 ], [ -81.422712392447082, 28.361311745300721 ], [ -81.422696833784457, 28.361401236594542 ], [ -81.422646467047301, 28.361394311809946 ], [ -81.422654246408754, 28.361349566168801 ], [ -81.422603879705875, 28.361342641363169 ] ] ], [ [ [ -81.422689054440781, 28.361445982232777 ], [ -81.422696833784457, 28.361401236594542 ], [ -81.422747200529869, 28.361408161355271 ], [ -81.422739421212242, 28.361452906996359 ], [ -81.422689054440781, 28.361445982232777 ] ] ], [ [ [ -81.422789787991945, 28.361459831736099 ], [ -81.422774229384018, 28.361549323006646 ], [ -81.42272386255226, 28.361542398261175 ], [ -81.422739421212242, 28.361452906996359 ], [ -81.422789787991945, 28.361459831736099 ] ] ], [ [ [ -81.422421661735029, 28.361500849287335 ], [ -81.422371294961053, 28.361493924374852 ], [ -81.422379074477362, 28.361449178765344 ], [ -81.422429441225319, 28.361456103674993 ], [ -81.422421661735029, 28.361500849287335 ] ] ], [ [ [ -81.422816816933747, 28.361600993357634 ], [ -81.422766450067712, 28.361594068633178 ], [ -81.422774229384018, 28.361549323006646 ], [ -81.422824596224046, 28.361556247728199 ], [ -81.422816816933747, 28.361600993357634 ] ] ], [ [ [ -81.422162048318981, 28.361510970078541 ], [ -81.42215426868205, 28.361555715665016 ], [ -81.422103901897287, 28.361548790627481 ], [ -81.422111681560239, 28.361504045043844 ], [ -81.422162048318981, 28.361510970078541 ] ] ], [ [ [ -81.422867183808052, 28.361607918058237 ], [ -81.422851625254808, 28.361697409305457 ], [ -81.422801258328462, 28.36169048459919 ], [ -81.422816816933747, 28.361600993357634 ], [ -81.422867183808052, 28.361607918058237 ] ] ], [ [ [ -81.422506836406583, 28.361604190259524 ], [ -81.422499056943622, 28.361648935860277 ], [ -81.422448690075043, 28.361642010986888 ], [ -81.422456469564025, 28.361597265389054 ], [ -81.422506836406583, 28.361604190259524 ] ] ], [ [ [ -81.422189076228605, 28.361652131840003 ], [ -81.422138709383518, 28.36164520682064 ], [ -81.42215426868205, 28.361555715665016 ], [ -81.422204635475097, 28.361562640678667 ], [ -81.422189076228605, 28.361652131840003 ] ] ], [ [ [ -81.422894212926494, 28.361749079605723 ], [ -81.422843845965843, 28.361742154920396 ], [ -81.422851625254808, 28.361697409305457 ], [ -81.422901992189438, 28.361704333987937 ], [ -81.422894212926494, 28.361749079605723 ] ] ], [ [ [ -81.422239443081935, 28.361659056835531 ], [ -81.42223166347236, 28.361703802410389 ], [ -81.422181296592996, 28.361696877412019 ], [ -81.422189076228605, 28.361652131840003 ], [ -81.422239443081935, 28.361659056835531 ] ] ], [ [ [ -81.422878654375893, 28.361838570823977 ], [ -81.422894212926494, 28.361749079605723 ], [ -81.4229445798954, 28.361756004267146 ], [ -81.422936800650248, 28.361800749881997 ], [ -81.422987167653432, 28.361807674522439 ], [ -81.422971609190483, 28.361897165740594 ], [ -81.422921242135246, 28.361890241094443 ], [ -81.422929021396868, 28.361845495491135 ], [ -81.422878654375893, 28.361838570823977 ] ] ], [ [ [ -81.42228203035998, 28.361710727384882 ], [ -81.422266471168186, 28.361800218522966 ], [ -81.422216104228497, 28.361793293542739 ], [ -81.42223166347236, 28.361703802410389 ], [ -81.42228203035998, 28.361710727384882 ] ] ], [ [ [ -81.423014197036181, 28.361948835966093 ], [ -81.422963829946653, 28.361941911340974 ], [ -81.422971609190483, 28.361897165740594 ], [ -81.423021976253978, 28.361904090362838 ], [ -81.423014197036181, 28.361948835966093 ] ] ], [ [ [ -81.422266471168186, 28.361800218522966 ], [ -81.422316838116132, 28.361807143479343 ], [ -81.422309058533898, 28.361851889042587 ], [ -81.422359425516134, 28.361858813977925 ], [ -81.422343866379023, 28.361948305092724 ], [ -81.422293499344732, 28.36194138015162 ], [ -81.422301278943436, 28.361896634600008 ], [ -81.422250911943436, 28.361889709637879 ], [ -81.422266471168186, 28.361800218522966 ] ] ], [ [ [ -81.422394233421556, 28.361955230009954 ], [ -81.422386453866679, 28.361999975561535 ], [ -81.422336086798111, 28.361993050641413 ], [ -81.422343866379023, 28.361948305092724 ], [ -81.422394233421556, 28.361955230009954 ] ] ], [ [ [ -81.422370894732197, 28.362089466647319 ], [ -81.422386453866679, 28.361999975561535 ], [ -81.422436820943503, 28.36200690045774 ], [ -81.422421261861089, 28.362096391549272 ], [ -81.422370894732197, 28.362089466647319 ] ] ], [ [ [ -81.422471628998238, 28.362103316427305 ], [ -81.422463849470702, 28.362148061967282 ], [ -81.422413482307533, 28.362141137086336 ], [ -81.422421261861089, 28.362096391549272 ], [ -81.422471628998238, 28.362103316427305 ] ] ], [ [ [ -81.422498657614398, 28.362244477892542 ], [ -81.422448290390918, 28.362237553029782 ], [ -81.422463849470702, 28.362148061967282 ], [ -81.422514216642128, 28.362154986824301 ], [ -81.422498657614398, 28.362244477892542 ] ] ], [ [ [ -81.422851228409925, 28.362292951263864 ], [ -81.422800861128664, 28.362286026568107 ], [ -81.422808640490459, 28.362241281019759 ], [ -81.4228590077457, 28.362248205712653 ], [ -81.422851228409925, 28.362292951263864 ] ] ], [ [ [ -81.422549024846148, 28.362251402731516 ], [ -81.422541245345954, 28.362296148259787 ], [ -81.422490878088198, 28.362289223418021 ], [ -81.422498657614398, 28.362244477892542 ], [ -81.422549024846148, 28.362251402731516 ] ] ], [ [ [ -81.422901595699457, 28.362299875935726 ], [ -81.422893816381475, 28.362344621484066 ], [ -81.422843449065937, 28.362337696809334 ], [ -81.422851228409925, 28.362292951263864 ], [ -81.422901595699457, 28.362299875935726 ] ] ], [ [ [ -81.422944183705283, 28.362351546134938 ], [ -81.422936404405121, 28.362396291680287 ], [ -81.422886037055278, 28.362389367026587 ], [ -81.422893816381475, 28.362344621484066 ], [ -81.422944183705283, 28.362351546134938 ] ] ], [ [ [ -81.422541245345954, 28.362296148259787 ], [ -81.422591612611981, 28.36230307307769 ], [ -81.422583833129593, 28.36234781860307 ], [ -81.422634200429911, 28.362354743400001 ], [ -81.422618641492448, 28.362444234439128 ], [ -81.42256827414009, 28.362437309636459 ], [ -81.422576053638963, 28.362392564122697 ], [ -81.422525686320867, 28.362385639299031 ], [ -81.422541245345954, 28.362296148259787 ] ] ], [ [ [ -81.422618641492448, 28.362444234439128 ], [ -81.422669008853092, 28.362451159217883 ], [ -81.422661229398059, 28.362495904731592 ], [ -81.422610862011382, 28.36248897994999 ], [ -81.422618641492448, 28.362444234439128 ] ] ], [ [ [ -81.422711596792951, 28.362502829489387 ], [ -81.422696037910214, 28.362592320505218 ], [ -81.42264567046324, 28.362585395741746 ], [ -81.422661229398059, 28.362495904731592 ], [ -81.422711596792951, 28.362502829489387 ] ] ], [ [ [ -81.422451980333534, 28.362512950958461 ], [ -81.422444200757894, 28.36255769644918 ], [ -81.422393833352189, 28.362550771566426 ], [ -81.422401612953863, 28.362506026078524 ], [ -81.422451980333534, 28.362512950958461 ] ] ], [ [ [ -81.422746405365444, 28.362599245244848 ], [ -81.42273862593774, 28.362643990746907 ], [ -81.422688258456489, 28.362637066004481 ], [ -81.422696037910214, 28.362592320505218 ], [ -81.422746405365444, 28.362599245244848 ] ] ], [ [ [ -81.422285318903576, 28.362581667205593 ], [ -81.422293098565547, 28.362536921729252 ], [ -81.422393833352189, 28.362550771566426 ], [ -81.422386053742272, 28.362595517048476 ], [ -81.422285318903576, 28.362581667205593 ] ] ], [ [ [ -81.422285318903576, 28.362581667205593 ], [ -81.422277539233349, 28.362626412676175 ], [ -81.422227171800358, 28.362619487716096 ], [ -81.422234951496606, 28.362574742248338 ], [ -81.422285318903576, 28.362581667205593 ] ] ], [ [ [ -81.422788993427247, 28.362650915465512 ], [ -81.422781214017348, 28.362695660964725 ], [ -81.422730846501807, 28.362688736243211 ], [ -81.42273862593774, 28.362643990746907 ], [ -81.422788993427247, 28.362650915465512 ] ] ], [ [ [ -81.4221690246451, 28.362657308191196 ], [ -81.422118657202574, 28.362650383180533 ], [ -81.422126436959118, 28.362605637724311 ], [ -81.42217680437561, 28.362612562732156 ], [ -81.4221690246451, 28.362657308191196 ] ] ], [ [ [ -81.42282380214904, 28.362747331158559 ], [ -81.422773434599208, 28.362740406458077 ], [ -81.422781214017348, 28.362695660964725 ], [ -81.422831581541146, 28.362702585662294 ], [ -81.42282380214904, 28.362747331158559 ] ] ], [ [ [ -81.422118657202574, 28.362650383180533 ], [ -81.422110877437788, 28.362695128630946 ], [ -81.422060509977499, 28.362688203593542 ], [ -81.422068289768305, 28.362643458145957 ], [ -81.422118657202574, 28.362650383180533 ] ] ], [ [ [ -81.421951995230543, 28.362719098883201 ], [ -81.421901627768989, 28.362712173771364 ], [ -81.421909407646126, 28.362667428338149 ], [ -81.42195977508166, 28.362674353447137 ], [ -81.421951995230543, 28.362719098883201 ] ] ], [ [ [ -81.422858610950243, 28.362843746816019 ], [ -81.4228082433401, 28.362836822133747 ], [ -81.422816022748691, 28.362792076649058 ], [ -81.4228663903328, 28.362799001328469 ], [ -81.422858610950243, 28.362843746816019 ] ] ], [ [ [ -81.422374184206348, 28.36296040560547 ], [ -81.422366404548328, 28.363005151038355 ], [ -81.422316036882322, 28.362998226126983 ], [ -81.422323816566376, 28.362953480696952 ], [ -81.422374184206348, 28.36296040560547 ] ] ], [ [ [ -81.422071978490294, 28.362918855796391 ], [ -81.422056418853614, 28.363008346622077 ], [ -81.422006051211113, 28.363001421564633 ], [ -81.422021610899833, 28.362911930744669 ], [ -81.422071978490294, 28.362918855796391 ] ] ], [ [ [ -81.422316036882322, 28.362998226126983 ], [ -81.422308257190025, 28.363042971551231 ], [ -81.422257889506227, 28.363036046613118 ], [ -81.422265669224558, 28.362991301191748 ], [ -81.422316036882322, 28.362998226126983 ] ] ], [ [ [ -81.422099006699725, 28.363060017062626 ], [ -81.422048639022933, 28.363053092026213 ], [ -81.422056418853614, 28.363008346622077 ], [ -81.422106786504401, 28.363015271655613 ], [ -81.422099006699725, 28.363060017062626 ] ] ], [ [ [ -81.422099006699725, 28.363060017062626 ], [ -81.422199742078107, 28.3630738670639 ], [ -81.422191962317257, 28.363118612470853 ], [ -81.42209122688682, 28.36310476246387 ], [ -81.422099006699725, 28.363060017062626 ] ] ], [ [ [ -81.422420462096312, 28.363287473299678 ], [ -81.422412682432679, 28.363332218697824 ], [ -81.422362314567934, 28.363325293814125 ], [ -81.422370094257602, 28.363280548418885 ], [ -81.422420462096312, 28.363287473299678 ] ] ], [ [ [ -81.422583035653759, 28.36353889957422 ], [ -81.422567476444129, 28.363628390329659 ], [ -81.422517108390181, 28.363621465524293 ], [ -81.422532667651865, 28.363531974774546 ], [ -81.422583035653759, 28.36353889957422 ] ] ], [ [ [ -81.422237838412855, 28.364041219351467 ], [ -81.422230058583139, 28.364085964648375 ], [ -81.422179690284111, 28.364079039692246 ], [ -81.422187470139875, 28.364034294398213 ], [ -81.422237838412855, 28.364041219351467 ] ] ], [ [ [ -81.422291896194082, 28.364323540915478 ], [ -81.422241527748398, 28.364316615992809 ], [ -81.422249307593276, 28.364271870721968 ], [ -81.42229967601294, 28.364278795641781 ], [ -81.422291896194082, 28.364323540915478 ] ] ], [ [ [ -81.422446691598054, 28.36461971195709 ], [ -81.422396322963152, 28.364612787112701 ], [ -81.422388543164729, 28.364657532354528 ], [ -81.422338174512049, 28.36465060748337 ], [ -81.422330394679364, 28.364695352716552 ], [ -81.422280026008906, 28.364688427818681 ], [ -81.422295585718118, 28.36459893735228 ], [ -81.422345954336507, 28.364605862244442 ], [ -81.422353734152722, 28.364561116999742 ], [ -81.422404102753333, 28.364568041865123 ], [ -81.422411882535286, 28.364523296611722 ], [ -81.42246225111812, 28.364530221450465 ], [ -81.422470030865796, 28.36448547618841 ], [ -81.422520399430852, 28.364492401000383 ], [ -81.422504839979325, 28.364581891524331 ], [ -81.422454471362201, 28.36457496670667 ], [ -81.422446691598054, 28.36461971195709 ] ] ], [ [ [ -81.421617453838792, 28.364643147162372 ], [ -81.42160967362517, 28.364687892343944 ], [ -81.421559305018221, 28.364680967106274 ], [ -81.421567085257891, 28.364636221927579 ], [ -81.421617453838792, 28.364643147162372 ] ] ], [ [ [ -81.422221877453694, 28.364726248118632 ], [ -81.422214097552455, 28.364770993334506 ], [ -81.422163728846442, 28.364764068383231 ], [ -81.422171508773729, 28.36471932317022 ], [ -81.422221877453694, 28.364726248118632 ] ] ], [ [ [ -81.422097800217372, 28.364846633811009 ], [ -81.422090020239366, 28.364891379003783 ], [ -81.422039651471763, 28.364884453996225 ], [ -81.422047431475818, 28.364839708806286 ], [ -81.422097800217372, 28.364846633811009 ] ] ], [ [ [ -81.421586332934879, 28.36482212785393 ], [ -81.421737439039546, 28.364842903449439 ], [ -81.421729658871072, 28.364887648616467 ], [ -81.421628921407631, 28.364873798237593 ], [ -81.421621141178846, 28.36491854339306 ], [ -81.421520403696391, 28.364904692913047 ], [ -81.42152818397723, 28.364859947763257 ], [ -81.421578552688302, 28.364866873012332 ], [ -81.421586332934879, 28.36482212785393 ] ] ], [ [ [ -81.422454071704934, 28.365170504197145 ], [ -81.42240370274115, 28.365163579366154 ], [ -81.422411482578127, 28.365118834182272 ], [ -81.422461851515891, 28.365125759010397 ], [ -81.422454071704934, 28.365170504197145 ] ] ], [ [ [ -81.422353333785608, 28.36515665451131 ], [ -81.42234555391434, 28.365201399686562 ], [ -81.422295184941021, 28.365194474805005 ], [ -81.422302964838309, 28.365149729632606 ], [ -81.422353333785608, 28.36515665451131 ] ] ], [ [ [ -81.421748906962975, 28.365073554391728 ], [ -81.421741126779324, 28.365118299532661 ], [ -81.421690757905083, 28.365111374364716 ], [ -81.421698538114754, 28.365066629226618 ], [ -81.421748906962975, 28.365073554391728 ] ] ], [ [ [ -81.422186667061553, 28.36522537013116 ], [ -81.422194447019152, 28.365180624970257 ], [ -81.422295184941021, 28.365194474805005 ], [ -81.42228740503549, 28.365239219971631 ], [ -81.422237036044407, 28.36523229506329 ], [ -81.4222292561046, 28.365277040221283 ], [ -81.422128518095093, 28.365263190327379 ], [ -81.422136298086969, 28.365218445175117 ], [ -81.422186667061553, 28.36522537013116 ] ] ], [ [ [ -81.422070369076593, 28.365301010488253 ], [ -81.422020000066453, 28.365294085478737 ], [ -81.422027780118626, 28.365249340338014 ], [ -81.422078149102731, 28.365256265344613 ], [ -81.422070369076593, 28.365301010488253 ] ] ], [ [ [ -81.421961850978136, 28.365331905577545 ], [ -81.421911481958475, 28.36532498051745 ], [ -81.421919262070944, 28.36528023538823 ], [ -81.42196963106457, 28.365287160445412 ], [ -81.421961850978136, 28.365331905577545 ] ] ], [ [ [ -81.421911481958475, 28.36532498051745 ], [ -81.421903701837749, 28.36536972564091 ], [ -81.421802963771128, 28.365355875443527 ], [ -81.421810743943908, 28.365311130325743 ], [ -81.421911481958475, 28.36532498051745 ] ] ], [ [ [ -81.421694445504443, 28.365386770256851 ], [ -81.421686665263124, 28.365431515357333 ], [ -81.421636296206643, 28.365424590169386 ], [ -81.421644076473996, 28.365379845071811 ], [ -81.421694445504443, 28.365386770256851 ] ] ], [ [ [ -81.421628515931062, 28.365469335261167 ], [ -81.421527777790772, 28.365455484807953 ], [ -81.421535558118435, 28.365410739721881 ], [ -81.421636296206643, 28.365424590169386 ], [ -81.421628515931062, 28.365469335261167 ] ] ], [ [ [ -81.42151999745488, 28.365500229888244 ], [ -81.421469628371099, 28.36549330462303 ], [ -81.421477408733011, 28.365448559545548 ], [ -81.421527777790772, 28.365455484807953 ], [ -81.42151999745488, 28.365500229888244 ] ] ], [ [ [ -81.4218492407621, 28.365682941343259 ], [ -81.421798871542421, 28.365676016236456 ], [ -81.421806651746834, 28.365631271156332 ], [ -81.421857020940479, 28.365638196260235 ], [ -81.4218492407621, 28.365682941343259 ] ] ], [ [ [ -81.421589614429507, 28.3656930606335 ], [ -81.421488876028903, 28.365679210151704 ], [ -81.421496656397778, 28.365634465094505 ], [ -81.421547025567904, 28.365641390344503 ], [ -81.421554805902474, 28.365596645278693 ], [ -81.421655544215454, 28.365610495701315 ], [ -81.421663324489728, 28.365565750624032 ], [ -81.421764062783666, 28.365579600945495 ], [ -81.421756282561446, 28.365624346028529 ], [ -81.421705913384329, 28.365617420876873 ], [ -81.421698133127848, 28.365662165951235 ], [ -81.421597394746286, 28.365648315570645 ], [ -81.421589614429507, 28.3656930606335 ] ] ], [ [ [ -81.421438506840985, 28.365672284875004 ], [ -81.421488876028903, 28.365679210151704 ], [ -81.421481095651828, 28.365723955203062 ], [ -81.421430726437876, 28.365717029923484 ], [ -81.421438506840985, 28.365672284875004 ] ] ], [ [ [ -81.422089215779366, 28.366082452075748 ], [ -81.422081435683026, 28.366127197123806 ], [ -81.422031066179528, 28.366120272134488 ], [ -81.422038846301902, 28.366075527089244 ], [ -81.422089215779366, 28.366082452075748 ] ] ], [ [ [ -81.422124025116247, 28.366178867134455 ], [ -81.422073655578458, 28.366171942166091 ], [ -81.422081435683026, 28.366127197123806 ], [ -81.42213180519478, 28.366134122089328 ], [ -81.422124025116247, 28.366178867134455 ] ] ], [ [ [ -81.421875865745548, 28.366419637198806 ], [ -81.421926235414759, 28.366426562255896 ], [ -81.421934015620835, 28.366381817253991 ], [ -81.421984385272268, 28.366388742284386 ], [ -81.421992165444095, 28.366343997273837 ], [ -81.42214327436983, 28.366364772213181 ], [ -81.422158834532539, 28.366275282157641 ], [ -81.422209204138895, 28.36628220708398 ], [ -81.422201424087703, 28.3663269521175 ], [ -81.42225179372835, 28.366333877022807 ], [ -81.422259573753522, 28.366289131986431 ], [ -81.42236031300753, 28.366302981719791 ], [ -81.422368092972377, 28.3662582366719 ], [ -81.42251920183719, 28.366279011084362 ], [ -81.422511421950446, 28.366323756140801 ], [ -81.422410682646898, 28.366309906550637 ], [ -81.422395122744547, 28.366399396634829 ], [ -81.422445492444254, 28.366406321447531 ], [ -81.422422152606998, 28.366540556538972 ], [ -81.422371782829202, 28.366533631717601 ], [ -81.422379562809212, 28.366488886695802 ], [ -81.422329193065693, 28.366481961853495 ], [ -81.422344753053096, 28.366392471798225 ], [ -81.42224401369495, 28.366378622053432 ], [ -81.422236233653322, 28.366423367078269 ], [ -81.422085124599931, 28.366402592273506 ], [ -81.422077344471958, 28.366447337283983 ], [ -81.42197660509224, 28.366433487289108 ], [ -81.421968824903956, 28.366478232288067 ], [ -81.421868085505182, 28.366464382192035 ], [ -81.421875865745548, 28.366419637198806 ] ] ], [ [ [ -81.421709196142274, 28.36648835184787 ], [ -81.421701415807362, 28.366533096820934 ], [ -81.421651046093046, 28.366526171659821 ], [ -81.421658826454021, 28.366481426689592 ], [ -81.421709196142274, 28.36648835184787 ] ] ], [ [ [ -81.421906583101048, 28.366836192071553 ], [ -81.421898802838612, 28.366880937018447 ], [ -81.421848432900816, 28.366874011956604 ], [ -81.421856213189287, 28.366829267012573 ], [ -81.421906583101048, 28.366836192071553 ] ] ], [ [ [ -81.421790282648516, 28.366911831806323 ], [ -81.421774721978309, 28.367001321659824 ], [ -81.421724351978909, 28.366994396541685 ], [ -81.421739912701184, 28.366904906693911 ], [ -81.421790282648516, 28.366911831806323 ] ] ], [ [ [ -81.421809531334858, 28.3670977365901 ], [ -81.421759161275133, 28.367090811490133 ], [ -81.421774721978309, 28.367001321659824 ], [ -81.421825091985951, 28.367008246754057 ], [ -81.421809531334858, 28.3670977365901 ] ] ], [ [ [ -81.421332859353257, 28.367169644464656 ], [ -81.421232119234475, 28.36715579379409 ], [ -81.421239899875232, 28.367111048927775 ], [ -81.421340639941931, 28.367124899592604 ], [ -81.421332859353257, 28.367169644464656 ] ] ], [ [ [ -81.421619519018023, 28.36730068566462 ], [ -81.421627299466991, 28.367255940786961 ], [ -81.421728039769931, 28.367269791081405 ], [ -81.421720259373032, 28.36731453596478 ], [ -81.421669889191406, 28.367307610826607 ], [ -81.421662108760231, 28.367352355701346 ], [ -81.421561368369666, 28.367338505347757 ], [ -81.42156914885291, 28.367293760478731 ], [ -81.421619519018023, 28.36730068566462 ] ] ], [ [ [ -81.421437286356763, 28.367458889453832 ], [ -81.421336545876059, 28.367445038892157 ], [ -81.421344326488139, 28.367400294051922 ], [ -81.421394696698343, 28.367407219341835 ], [ -81.421402477276175, 28.367362474493 ], [ -81.421452847468586, 28.3673693997562 ], [ -81.421437286356763, 28.367458889453832 ] ] ], [ [ [ -81.421228024755962, 28.367475933063744 ], [ -81.421127284289227, 28.367462082305451 ], [ -81.421135065013686, 28.367417337482433 ], [ -81.421235805428353, 28.367431188235027 ], [ -81.421228024755962, 28.367475933063744 ] ] ], [ [ [ -81.421700605854355, 28.367724164794826 ], [ -81.421599865014215, 28.367710314490928 ], [ -81.421607645511315, 28.367665569662456 ], [ -81.421708386299372, 28.367679419960659 ], [ -81.421700605854355, 28.367724164794826 ] ] ], [ [ [ -81.421340232422878, 28.367720433121924 ], [ -81.421390602823564, 28.367727358407986 ], [ -81.421367260945729, 28.367861592807017 ], [ -81.421266519996408, 28.367847742193867 ], [ -81.421274300682668, 28.367802997405654 ], [ -81.421223930246427, 28.367796072066167 ], [ -81.421231710950465, 28.367751327275059 ], [ -81.421181340548515, 28.367744401914564 ], [ -81.421228024755962, 28.367475933063744 ], [ -81.421278395001707, 28.367482858407101 ], [ -81.421255053013169, 28.367617092867086 ], [ -81.421305423345288, 28.367624018195194 ], [ -81.421297642691982, 28.367668763006488 ], [ -81.421348013058378, 28.367675688313522 ], [ -81.421340232422878, 28.367720433121924 ] ] ], [ [ [ -81.421592084508887, 28.367755059313595 ], [ -81.421541714075175, 28.367748134123001 ], [ -81.421549494606538, 28.367703389303163 ], [ -81.421599865014215, 28.367710314490928 ], [ -81.421592084508887, 28.367755059313595 ] ] ], [ [ [ -81.421696513123166, 28.368044303608297 ], [ -81.421688732638259, 28.368089048399092 ], [ -81.421638361997537, 28.368082123260049 ], [ -81.421646142508479, 28.368037378472103 ], [ -81.421696513123166, 28.368044303608297 ] ] ], [ [ [ -81.421967615620403, 28.368264833121234 ], [ -81.421952054888848, 28.368354322685047 ], [ -81.421851313256255, 28.368340472640902 ], [ -81.421859093678222, 28.368295727867597 ], [ -81.421909464464349, 28.368302652898727 ], [ -81.421917244852054, 28.368257908116792 ], [ -81.421967615620403, 28.368264833121234 ] ] ], [ [ [ -81.421657610616236, 28.368268027504374 ], [ -81.421649830090132, 28.368312772266187 ], [ -81.421700200869282, 28.368319697395698 ], [ -81.421692420360969, 28.368364442154611 ], [ -81.42174279117441, 28.368371367263094 ], [ -81.42171944967815, 28.368505601513782 ], [ -81.421669078786593, 28.368498676396747 ], [ -81.421676859319632, 28.368453931655143 ], [ -81.42162648846238, 28.368447006517133 ], [ -81.421634269013211, 28.368402261772605 ], [ -81.421583898190249, 28.368395336613553 ], [ -81.421591678758872, 28.368350591866097 ], [ -81.421541307970188, 28.368343666686069 ], [ -81.42156464970472, 28.368209432417654 ], [ -81.421615020415274, 28.368216357589088 ], [ -81.421607239871378, 28.368261102353873 ], [ -81.421657610616236, 28.368268027504374 ] ] ], [ [ [ -81.421332044199303, 28.368360710460379 ], [ -81.421281673425867, 28.368353785158135 ], [ -81.421289454150696, 28.368309040427825 ], [ -81.421339824898084, 28.368315965727245 ], [ -81.421332044199303, 28.368360710460379 ] ] ], [ [ [ -81.421544995223556, 28.36861906026401 ], [ -81.421494624278694, 28.368612135066822 ], [ -81.421502404914548, 28.368567390351139 ], [ -81.421552775833362, 28.368574315545462 ], [ -81.421544995223556, 28.36861906026401 ] ] ], [ [ [ -81.421715356980513, 28.368825739676243 ], [ -81.421707576433619, 28.368870484377343 ], [ -81.421657205325559, 28.368863559261239 ], [ -81.421664985898474, 28.368818814563085 ], [ -81.421715356980513, 28.368825739676243 ] ] ], [ [ [ -81.421029409967261, 28.368914689964171 ], [ -81.42102162904898, 28.368959434604921 ], [ -81.420971257944103, 28.368952509167201 ], [ -81.420979038888419, 28.368907764529308 ], [ -81.421029409967261, 28.368914689964171 ] ] ], [ [ [ -81.421602335402696, 28.369772302333633 ], [ -81.421586774006698, 28.369861791492813 ], [ -81.421536402317599, 28.369854866337739 ], [ -81.421544183045754, 28.369810121763845 ], [ -81.421493811390945, 28.369803196587714 ], [ -81.421501592136906, 28.369758452010959 ], [ -81.421602335402696, 28.369772302333633 ] ] ], [ [ [ -81.421687517409651, 28.369875641731426 ], [ -81.42163714570404, 28.369868716624058 ], [ -81.421644926380139, 28.369823972044472 ], [ -81.421695298059717, 28.369830897148994 ], [ -81.421687517409651, 28.369875641731426 ] ] ], [ [ [ -81.421396754939437, 28.370064738709839 ], [ -81.421296011358692, 28.37005088820403 ], [ -81.421303792232194, 28.370006143670498 ], [ -81.421404535760871, 28.370019994170626 ], [ -81.421396754939437, 28.370064738709839 ] ] ], [ [ [ -81.4214897177756, 28.370123333659436 ], [ -81.421481936989764, 28.370168078192798 ], [ -81.421431565126696, 28.370161152993809 ], [ -81.421439345938566, 28.370116408463279 ], [ -81.4214897177756, 28.370123333659436 ] ] ], [ [ [ -81.421395940658201, 28.371255795723222 ], [ -81.421388159718433, 28.371300540117815 ], [ -81.421337787187937, 28.371293614895052 ], [ -81.42134556815374, 28.371248870503358 ], [ -81.421395940658201, 28.371255795723222 ] ] ], [ [ [ -81.421330006213879, 28.371338359281012 ], [ -81.421279633665606, 28.371331434031532 ], [ -81.421287414665699, 28.371286689648475 ], [ -81.421337787187937, 28.371293614895052 ], [ -81.421330006213879, 28.371338359281012 ] ] ], [ [ [ -81.421271852657284, 28.371376178408806 ], [ -81.421221480091234, 28.371369253132585 ], [ -81.421229261125603, 28.371324508758136 ], [ -81.421279633665606, 28.371331434031532 ], [ -81.421271852657284, 28.371376178408806 ] ] ], [ [ [ -81.421112953889221, 28.371400146871505 ], [ -81.421062581321905, 28.371393221520869 ], [ -81.421070362442606, 28.371348477160797 ], [ -81.421120734983901, 28.371355402508588 ], [ -81.421112953889221, 28.371400146871505 ] ] ], [ [ [ -81.421012208762832, 28.371386296146323 ], [ -81.421004427607855, 28.371431040497782 ], [ -81.420903682462438, 28.371417189671391 ], [ -81.420911463669498, 28.371372445325679 ], [ -81.421012208762832, 28.371386296146323 ] ] ], [ [ [ -81.420837747411184, 28.371499752890745 ], [ -81.420829966153363, 28.371544497216284 ], [ -81.420729220901265, 28.37153064622958 ], [ -81.420737002211155, 28.371485901909764 ], [ -81.420837747411184, 28.371499752890745 ] ] ], [ [ [ -81.420729220901265, 28.37153064622958 ], [ -81.420721439583133, 28.371575390543562 ], [ -81.420620694312007, 28.371561539455666 ], [ -81.420628475682207, 28.371516795147389 ], [ -81.420729220901265, 28.37153064622958 ] ] ], [ [ [ -81.42023571385424, 28.373478613540581 ], [ -81.420243495604865, 28.373433869483684 ], [ -81.420344243046557, 28.373447720859577 ], [ -81.420336461348015, 28.373492464922165 ], [ -81.42023571385424, 28.373478613540581 ] ] ], [ [ [ -81.42023571385424, 28.373478613540581 ], [ -81.420227932095386, 28.37352335759164 ], [ -81.420026437102777, 28.373495654530586 ], [ -81.420034218965782, 28.373450910490938 ], [ -81.42023571385424, 28.373478613540581 ] ] ], [ [ [ -81.420835691930876, 28.374477377357366 ], [ -81.420827910397747, 28.374522121335779 ], [ -81.420777535992585, 28.37451519590708 ], [ -81.420785317551761, 28.37447045193154 ], [ -81.420835691930876, 28.374477377357366 ] ] ], [ [ [ -81.420727161595693, 28.374508270454534 ], [ -81.420719380002254, 28.374553014421409 ], [ -81.42066900558757, 28.374546088942108 ], [ -81.420676787207057, 28.374501344978096 ], [ -81.420727161595693, 28.374508270454534 ] ] ], [ [ [ -81.420618631181156, 28.374539163438982 ], [ -81.420610849527392, 28.374583907394342 ], [ -81.420560475103187, 28.374576981864468 ], [ -81.420568256782985, 28.374532237911943 ], [ -81.420618631181156, 28.374539163438982 ] ] ], [ [ [ -81.420401570113981, 28.374600949069816 ], [ -81.420409351880153, 28.37455620513165 ], [ -81.420510100687252, 28.374570056310709 ], [ -81.420502318973178, 28.374614800254619 ], [ -81.420401570113981, 28.374600949069816 ] ] ], [ [ [ -81.420401570113981, 28.374600949069816 ], [ -81.420393788339581, 28.37464569300224 ], [ -81.420293039461356, 28.374631841716241 ], [ -81.420300821287839, 28.374587097789544 ], [ -81.420401570113981, 28.374600949069816 ] ] ], [ [ [ -81.420285257626645, 28.374676585637093 ], [ -81.420184508729363, 28.374662734249934 ], [ -81.420192290616157, 28.374617990334791 ], [ -81.420293039461356, 28.374631841716241 ], [ -81.420285257626645, 28.374676585637093 ] ] ], [ [ [ -81.420083759865122, 28.374648882767307 ], [ -81.420184508729363, 28.374662734249934 ], [ -81.420176726834327, 28.37470747815933 ], [ -81.420075977918017, 28.374693626670986 ], [ -81.420083759865122, 28.374648882767307 ] ] ], [ [ [ -81.42002560347224, 28.374686700891004 ], [ -81.420017821490873, 28.374731444786018 ], [ -81.419917072572019, 28.374717593148741 ], [ -81.419924854605483, 28.374672849259415 ], [ -81.42002560347224, 28.374686700891004 ] ] ], [ [ [ -81.420765657836071, 28.374880072954852 ], [ -81.420664908617411, 28.37486622202783 ], [ -81.420672690268532, 28.374821478101364 ], [ -81.420773439435123, 28.374835329022691 ], [ -81.420765657836071, 28.374880072954852 ] ] ], [ [ [ -81.419858916057237, 28.374755411174966 ], [ -81.419808541592431, 28.374748485293818 ], [ -81.419816323686206, 28.374703741415988 ], [ -81.419866698124977, 28.374710667294302 ], [ -81.419858916057237, 28.374755411174966 ] ] ], [ [ [ -81.420548596000629, 28.374941858829434 ], [ -81.420447846743869, 28.374928007699999 ], [ -81.42044006496387, 28.374972751597685 ], [ -81.420339315688068, 28.374958900367119 ], [ -81.420331533847744, 28.375003644253294 ], [ -81.420180409917862, 28.374982867219806 ], [ -81.420188191836303, 28.374938123342218 ], [ -81.420288941062552, 28.374951974716009 ], [ -81.420296722920682, 28.374907230826921 ], [ -81.420397472127888, 28.37492108209954 ], [ -81.420405253925694, 28.374876338198938 ], [ -81.420506003113857, 28.37489018937033 ], [ -81.420513784851337, 28.374845445458263 ], [ -81.420664908617411, 28.37486622202783 ], [ -81.420657126958019, 28.374910965948473 ], [ -81.420556377720317, 28.374897114920262 ], [ -81.420548596000629, 28.374941858829434 ] ] ], [ [ [ -81.42007966067257, 28.374969015744885 ], [ -81.420180409917862, 28.374982867219806 ], [ -81.420172627991178, 28.375027611091596 ], [ -81.420071878693818, 28.375013759610937 ], [ -81.42007966067257, 28.374969015744885 ] ] ], [ [ [ -81.420777124469069, 28.375110717970909 ], [ -81.42067637497351, 28.375096867063029 ], [ -81.420684156639808, 28.375052123162636 ], [ -81.420784906083298, 28.375065974064796 ], [ -81.420777124469069, 28.375110717970909 ] ] ], [ [ [ -81.42066859329897, 28.375141610957623 ], [ -81.420567843784369, 28.375127759948541 ], [ -81.420575625510978, 28.375083016059669 ], [ -81.42067637497351, 28.375096867063029 ], [ -81.42066859329897, 28.375141610957623 ] ] ], [ [ [ -81.42006409670681, 28.375058503471219 ], [ -81.419963347390393, 28.375044651889361 ], [ -81.419971129429484, 28.374999908034788 ], [ -81.420071878693818, 28.375013759610937 ], [ -81.42006409670681, 28.375058503471219 ] ] ], [ [ [ -81.419912972744584, 28.375037726062615 ], [ -81.419905190671216, 28.375082469908556 ], [ -81.419804441352284, 28.375068618177785 ], [ -81.419812223477706, 28.375023874337565 ], [ -81.419912972744584, 28.375037726062615 ] ] ], [ [ [ -81.420509687278539, 28.375165578288492 ], [ -81.42045931251586, 28.375158652721389 ], [ -81.420467094302779, 28.375113908844014 ], [ -81.420517469039453, 28.375120834408214 ], [ -81.420509687278539, 28.375165578288492 ] ] ], [ [ [ -81.420350781167969, 28.375189545381616 ], [ -81.42030040640401, 28.37518261974007 ], [ -81.420308188277303, 28.375137875877016 ], [ -81.420358563015228, 28.375144801515692 ], [ -81.420350781167969, 28.375189545381616 ] ] ], [ [ [ -81.419804441352284, 28.375068618177785 ], [ -81.419796659218605, 28.375113362012229 ], [ -81.419746284545482, 28.375106436108183 ], [ -81.419754066705195, 28.375061692276603 ], [ -81.419804441352284, 28.375068618177785 ] ] ], [ [ [ -81.420242249740724, 28.375220437929055 ], [ -81.420191874967244, 28.375213512236982 ], [ -81.420199656900877, 28.375168768385432 ], [ -81.420250031648308, 28.37517569407472 ], [ -81.420242249740724, 28.375220437929055 ] ] ], [ [ [ -81.420083343451125, 28.37524440462116 ], [ -81.419982593909893, 28.375230553064181 ], [ -81.419990375955905, 28.375185809229833 ], [ -81.420091125445055, 28.375199660781128 ], [ -81.420083343451125, 28.37524440462116 ] ] ] ] } }
]
}
