time_min,rain_mm_hr,Pe_mm_hr,flooded_ha,lake_rise_m,mean_depth_m
0.0,0.0254,0.0,0.0,0.0,0.0
0.33333333333333337,0.0254,0.0,0.0,0.0,0.0
0.6666666666666667,0.0254,0.0,0.0,0.0,0.0
1.0,0.0254,0.0,0.0,0.0,0.0
1.3333333333333335,0.0254,0.0,0.0,0.0,0.0
1.6666666666666665,0.0254,0.0,0.0,0.0,0.0
2.0,0.0254,0.0,0.0,0.0,0.0
2.3333333333333335,0.0254,0.0,0.0,0.0,0.0
2.666666666666667,0.0254,0.0,0.0,0.0,0.0
3.0,0.0254,0.0,0.0,0.0,0.0
3.333333333333333,0.0254,0.0,0.0,0.0,0.0
3.6666666666666665,0.0254,0.0,0.0,0.0,0.0
4.0,0.0254,0.0,0.0,0.0,0.0
4.333333333333333,0.0254,0.0,0.0,0.0,0.0
4.666666666666667,0.0254,0.0,0.0,0.0,0.0
5.0,0.0254,0.0,0.0,0.0,0.0
5.333333333333334,0.0254,0.0,0.0,0.0,0.0
5.666666666666666,0.0254,0.0,0.0,0.0,0.0
6.0,0.0254,0.0,0.0,0.0,0.0
6.333333333333333,0.0254,0.0,0.0,0.0,0.0
6.666666666666666,0.0254,0.0,0.0,0.0,0.0
7.0,0.0254,0.0,0.0,0.0,0.0
7.333333333333333,0.0254,0.0,0.0,0.0,0.0
7.666666666666666,0.0254,0.0,0.0,0.0,0.0
8.0,0.0254,0.0,0.0,0.0,0.0
8.333333333333334,0.0254,0.0,0.0,0.0,0.0
8.666666666666666,0.0254,0.0,0.0,0.0,0.0
9.0,0.0254,0.0,0.0,0.0,0.0
9.333333333333334,0.0254,0.0,0.0,0.0,0.0
9.666666666666668,0.0254,0.0,0.0,0.0,0.0
10.0,0.0254,0.0,0.0,0.0,0.0
10.333333333333334,0.0254,0.0,0.0,0.0,0.0
10.666666666666668,0.0254,0.0,0.0,0.0,0.0
11.0,0.0254,0.0,0.0,0.0,0.0
11.333333333333332,0.0254,0.0,0.0,0.0,0.0
11.666666666666666,0.0254,0.0,0.0,0.0,0.0
12.0,0.0254,0.0,0.0,0.0,0.0
12.333333333333332,0.0254,0.0,0.0,0.0,0.0
12.666666666666666,0.0254,0.0,0.0,0.0,0.0
13.0,0.0254,0.0,0.0,0.0,0.0
13.333333333333332,0.0254,0.0,0.0,0.0,0.0
13.666666666666666,0.0254,0.0,0.0,0.0,0.0
14.0,0.0254,0.0,0.0,0.0,0.0
14.333333333333334,0.0254,0.0,0.0,0.0,0.0
14.666666666666666,0.0254,0.0,0.0,0.0,0.0
15.0,0.0254,0.0,0.0,0.0,0.0
15.333333333333332,0.0254,0.0,0.0,0.0,0.0
15.666666666666668,0.0254,0.0,0.0,0.0,0.0
16.0,0.0254,0.0,0.0,0.0,0.0
16.333333333333332,0.0254,0.0,0.0,0.0,0.0
16.666666666666668,0.0254,0.0,0.0,0.0,0.0
17.0,0.0254,0.0,0.0,0.0,0.0
17.333333333333332,0.0254,0.0,0.0,0.0,0.0
17.666666666666668,0.0254,0.0,0.0,0.0,0.0
18.0,0.0254,0.0,0.0,0.0,0.0
18.333333333333336,0.0254,0.0,0.0,0.0,0.0
18.666666666666668,0.0254,0.0,0.0,0.0,0.0
19.0,0.0254,0.0,0.0,0.0,0.0
19.333333333333336,0.0254,0.0,0.0,0.0,0.0
19.666666666666668,0.0254,0.0,0.0,0.0,0.0
20.0,0.0254,0.0,0.0,0.0,0.0
20.333333333333336,0.0254,0.0,0.0,0.0,0.0
20.666666666666668,0.0254,0.0,0.0,0.0,0.0
21.0,0.0254,0.0,0.0,0.0,0.0
21.333333333333336,0.0254,0.0,0.0,0.0,0.0
21.666666666666668,0.0254,0.0,0.0,0.0,0.0
22.0,0.0254,0.0,0.0,0.0,0.0
22.333333333333336,0.0254,0.0,0.0,0.0,0.0
22.666666666666664,0.0254,0.0,0.0,0.0,0.0
23.0,0.0254,0.0,0.0,0.0,0.0
23.333333333333332,0.0254,0.0,0.0,0.0,0.0
23.666666666666664,0.0254,0.0,0.0,0.0,0.0
24.0,0.0254,0.0,0.0,0.0,0.0
24.333333333333332,0.0254,0.0,0.0,0.0,0.0
24.666666666666664,0.0254,0.0,0.0,0.0,0.0
25.0,0.0254,0.0,0.0,0.0,0.0
25.333333333333332,0.0254,0.0,0.0,0.0,0.0
25.666666666666664,0.0254,0.0,0.0,0.0,0.0
26.0,0.0254,0.0,0.0,0.0,0.0
26.333333333333332,0.0254,0.0,0.0,0.0,0.0
26.666666666666664,0.0254,0.0,0.0,0.0,0.0
27.0,0.0254,0.0,0.0,0.0,0.0
27.333333333333332,0.0254,0.0,0.0,0.0,0.0
27.666666666666668,0.0254,0.0,0.0,0.0,0.0
28.0,0.0254,0.0,0.0,0.0,0.0
28.333333333333332,0.0254,0.0,0.0,0.0,0.0
28.666666666666668,0.0254,0.0,0.0,0.0,0.0
29.0,0.0254,0.0,0.0,0.0,0.0
29.333333333333332,0.0254,0.0,0.0,0.0,0.0
29.666666666666668,0.0254,0.0,0.0,0.0,0.0
30.0,0.0254,0.0,0.0,0.0,0.0
30.333333333333332,0.0254,0.0,0.0,0.0,0.0
30.666666666666664,0.0254,0.0,0.0,0.0,0.0
31.000000000000004,0.0254,0.0,0.0,0.0,0.0
31.333333333333336,0.0254,0.0,0.0,0.0,0.0
31.666666666666668,0.0254,0.0,0.0,0.0,0.0
32.0,0.0254,0.0,0.0,0.0,0.0
32.33333333333333,0.0254,0.0,0.0,0.0,0.0
32.666666666666664,0.0254,0.0,0.0,0.0,0.0
33.0,0.0254,0.0,0.0,0.0,0.0
33.333333333333336,0.0254,0.0,0.0,0.0,0.0
33.666666666666664,0.0254,0.0,0.0,0.0,0.0
34.0,0.0254,0.0,0.0,0.0,0.0
34.33333333333333,0.0254,0.0,0.0,0.0,0.0
34.666666666666664,0.0254,0.0,0.0,0.0,0.0
35.0,0.0254,0.0,0.0,0.0,0.0
35.333333333333336,0.0254,0.0,0.0,0.0,0.0
35.666666666666664,0.0254,0.0,0.0,0.0,0.0
36.0,0.0254,0.0,0.0,0.0,0.0
36.33333333333333,0.0254,0.0,0.0,0.0,0.0
36.66666666666667,0.0254,0.0,0.0,0.0,0.0
37.0,0.0254,0.0,0.0,0.0,0.0
37.333333333333336,0.0254,0.0,0.0,0.0,0.0
37.666666666666664,0.0254,0.0,0.0,0.0,0.0
38.0,0.0254,0.0,0.0,0.0,0.0
38.33333333333333,0.0254,0.0,0.0,0.0,0.0
38.66666666666667,0.0254,0.0,0.0,0.0,0.0
39.0,0.0254,0.0,0.0,0.0,0.0
39.333333333333336,0.0254,0.0,0.0,0.0,0.0
39.666666666666664,0.0254,0.0,0.0,0.0,0.0
40.0,0.0254,0.0,0.0,0.0,0.0
40.333333333333336,0.0254,0.0,0.0,0.0,0.0
40.66666666666667,0.0254,0.0,0.0,0.0,0.0
41.0,0.0254,0.0,0.0,0.0,0.0
41.333333333333336,0.0254,0.0,0.0,0.0,0.0
41.666666666666664,0.0254,0.0,0.0,0.0,0.0
42.0,0.0254,0.0,0.0,0.0,0.0
42.333333333333336,0.0254,0.0,0.0,0.0,0.0
42.66666666666667,0.0254,0.0,0.0,0.0,0.0
43.0,0.0254,0.0,0.0,0.0,0.0
43.333333333333336,0.0254,0.0,0.0,0.0,0.0
43.666666666666664,0.0254,0.0,0.0,0.0,0.0
44.0,0.0254,0.0,0.0,0.0,0.0
44.333333333333336,0.0254,0.0,0.0,0.0,0.0
44.66666666666667,0.0254,0.0,0.0,0.0,0.0
45.0,0.0254,0.0,0.0,0.0,0.0
45.33333333333333,0.0254,0.0,0.0,0.0,0.0
45.666666666666664,0.0254,0.0,0.0,0.0,0.0
46.0,0.0254,0.0,0.0,0.0,0.0
46.333333333333336,0.0254,0.0,0.0,0.0,0.0
46.666666666666664,0.0254,0.0,0.0,0.0,0.0
47.0,0.0254,0.0,0.0,0.0,0.0
47.33333333333333,0.0254,0.0,0.0,0.0,0.0
47.666666666666664,0.0254,0.0,0.0,0.0,0.0
48.0,0.0254,0.0,0.0,0.0,0.0
48.333333333333336,0.0254,0.0,0.0,0.0,0.0
48.666666666666664,0.0254,0.0,0.0,0.0,0.0
49.0,0.0254,0.0,0.0,0.0,0.0
49.33333333333333,0.0254,0.0,0.0,0.0,0.0
49.666666666666664,0.0254,0.0,0.0,0.0,0.0
50.0,0.0254,0.0,0.0,0.0,0.0
50.333333333333336,0.0254,0.0,0.0,0.0,0.0
50.666666666666664,0.0254,0.0,0.0,0.0,0.0
51.0,0.0254,0.0,0.0,0.0,0.0
51.33333333333333,0.0254,0.0,0.0,0.0,0.0
51.66666666666667,0.0254,0.0,0.0,0.0,0.0
52.0,0.0254,0.0,0.0,0.0,0.0
52.333333333333336,0.0254,0.0,0.0,0.0,0.0
52.666666666666664,0.0254,0.0,0.0,0.0,0.0
53.0,0.0254,0.0,0.0,0.0,0.0
53.33333333333333,0.0254,0.0,0.0,0.0,0.0
53.66666666666667,0.0254,0.0,0.0,0.0,0.0
54.0,0.0254,0.0,0.0,0.0,0.0
54.333333333333336,0.0254,0.0,0.0,0.0,0.0
54.666666666666664,0.0254,0.0,0.0,0.0,0.0
55.0,0.0254,0.0,0.0,0.0,0.0
55.333333333333336,0.0254,0.0,0.0,0.0,0.0
55.66666666666667,0.0254,0.0,0.0,0.0,0.0
56.0,0.0254,0.0,0.0,0.0,0.0
56.333333333333336,0.0254,0.0,0.0,0.0,0.0
56.666666666666664,0.0254,0.0,0.0,0.0,0.0
57.0,0.0254,0.0,0.0,0.0,0.0
57.333333333333336,0.0254,0.0,0.0,0.0,0.0
57.66666666666667,0.0254,0.0,0.0,0.0,0.0
58.0,0.0254,0.0,0.0,0.0,0.0
58.333333333333336,0.0254,0.0,0.0,0.0,0.0
58.666666666666664,0.0254,0.0,0.0,0.0,0.0
59.0,0.0254,0.0,0.0,0.0,0.0
59.333333333333336,0.0254,0.0,0.0,0.0,0.0
59.66666666666667,0.0254,0.0,0.0,0.0,0.0
60.0,0.0254,0.0,0.0,0.0,0.0
60.33333333333333,0.02949222222222222,0.0,0.0,0.0,0.0
60.666666666666664,0.03358444444444444,0.0,0.0,0.0,0.0
61.0,0.03767666666666666,0.0,0.0,0.0,0.0
61.33333333333333,0.04176888888888888,0.0,0.0,0.0,0.0
61.66666666666666,0.0458611111111111,0.0,0.0,0.0,0.0
62.00000000000001,0.04995333333333333,0.0,0.0,0.0,0.0
62.333333333333336,0.054045555555555555,0.0,0.0,0.0,0.0
62.66666666666667,0.058137777777777774,0.0,0.0,0.0,0.0
63.0,0.062229999999999994,0.0,0.0,0.0,0.0
63.333333333333336,0.06632222222222221,0.0,0.0,0.0,0.0
63.666666666666664,0.07041444444444443,0.0,0.0,0.0,0.0
64.0,0.07450666666666667,0.0,0.0,0.0,0.0
64.33333333333333,0.07859888888888888,0.0,0.0,0.0,0.0
64.66666666666666,0.0826911111111111,0.0,0.0,0.0,0.0
65.0,0.08678333333333332,0.0,0.0,0.0,0.0
65.33333333333333,0.09087555555555556,0.0,0.0,0.0,0.0
65.66666666666667,0.09496777777777778,0.0,0.0,0.0,0.0
66.0,0.09905999999999998,0.0,0.0,0.0,0.0
66.33333333333334,0.10315222222222221,0.0,0.0,0.0,0.0
66.66666666666667,0.10724444444444443,0.0,0.0,0.0,0.0
67.0,0.11133666666666667,0.0,0.0,0.0,0.0
67.33333333333333,0.11542888888888889,0.0,0.0,0.0,0.0
67.66666666666667,0.1195211111111111,0.0,0.0,0.0,0.0
68.0,0.1236133333333333,0.0,0.0,0.0,0.0
68.33333333333333,0.12770555555555554,0.0,0.0,0.0,0.0
68.66666666666666,0.13179777777777776,0.0,0.0,0.0,0.0
69.0,0.13589,0.0,0.0,0.0,0.0
69.33333333333333,0.13998222222222223,0.0,0.0,0.0,0.0
69.66666666666667,0.14407444444444445,0.0,0.0,0.0,0.0
70.0,0.14816666666666667,0.0,0.0,0.0,0.0
70.33333333333334,0.1522588888888889,0.0,0.0,0.0,0.0
70.66666666666667,0.1563511111111111,0.0,0.0,0.0,0.0
71.0,0.16044333333333333,0.0,0.0,0.0,0.0
71.33333333333333,0.16453555555555555,0.0,0.0,0.0,0.0
71.66666666666667,0.1686277777777778,0.0,0.0,0.0,0.0
72.0,0.17271999999999998,0.0,0.0,0.0,0.0
72.33333333333333,0.17681222222222223,0.0,0.0,0.0,0.0
72.66666666666666,0.18090444444444445,0.0,0.0,0.0,0.0
73.0,0.18499666666666667,0.0,0.0,0.0,0.0
73.33333333333334,0.18908888888888886,0.0,0.0,0.0,0.0
73.66666666666667,0.19318111111111108,0.0,0.0,0.0,0.0
74.0,0.19727333333333333,0.0,0.0,0.0,0.0
74.33333333333334,0.20136555555555555,0.0,0.0,0.0,0.0
74.66666666666667,0.20545777777777777,0.0,0.0,0.0,0.0
75.0,0.20955,0.0,0.0,0.0,0.0
75.33333333333333,0.2136422222222222,0.0,0.0,0.0,0.0
75.66666666666666,0.21773444444444442,0.0,0.0,0.0,0.0
76.0,0.22182666666666664,0.0,0.0,0.0,0.0
76.33333333333333,0.22591888888888884,0.0,0.0,0.0,0.0
76.66666666666666,0.2300111111111111,0.0,0.0,0.0,0.0
77.0,0.2341033333333333,0.0,0.0,0.0,0.0
77.33333333333334,0.23819555555555552,0.0,0.0,0.0,0.0
77.66666666666667,0.2422877777777777,0.0,0.0,0.0,0.0
78.0,0.24638,0.0,0.0,0.0,0.0
78.33333333333333,0.2504722222222222,0.0,0.0,0.0,0.0
78.66666666666667,0.2545644444444444,0.0,0.0,0.0,0.0
79.0,0.25865666666666665,0.0,0.0,0.0,0.0
79.33333333333333,0.26274888888888887,0.0,0.0,0.0,0.0
79.66666666666666,0.2668411111111111,0.0,0.0,0.0,0.0
80.0,0.27093333333333325,0.0,0.0,0.0,0.0
80.33333333333333,0.27502555555555547,0.0,0.0,0.0,0.0
80.66666666666667,0.27911777777777774,0.0,0.0,0.0,0.0
81.0,0.28320999999999996,0.0,0.0,0.0,0.0
81.33333333333334,0.2873022222222222,0.0,0.0,0.0,0.0
81.66666666666667,0.2913944444444444,0.0,0.0,0.0,0.0
82.0,0.2954866666666666,0.0,0.0,0.0,0.0
82.33333333333333,0.2995788888888889,0.0,0.0,0.0,0.0
82.66666666666667,0.30367111111111106,0.0,0.0,0.0,0.0
83.0,0.3077633333333333,0.0,0.0,0.0,0.0
83.33333333333333,0.31185555555555555,0.0,0.0,0.0,0.0
83.66666666666666,0.31594777777777777,0.0,0.0,0.0,0.0
84.0,0.32003999999999994,0.0,0.0,0.0,0.0
84.33333333333333,0.3241322222222222,0.0,0.0,0.0,0.0
84.66666666666667,0.32822444444444443,0.0,0.0,0.0,0.0
85.0,0.33231666666666665,0.0,0.0,0.0,0.0
85.33333333333334,0.3364088888888888,0.0,0.0,0.0,0.0
85.66666666666667,0.34050111111111103,0.0,0.0,0.0,0.0
86.0,0.3445933333333333,0.0,0.0,0.0,0.0
86.33333333333333,0.34868555555555547,0.0,0.0,0.0,0.0
86.66666666666667,0.3527777777777777,0.0,0.0,0.0,0.0
87.0,0.35686999999999997,0.0,0.0,0.0,0.0
87.33333333333333,0.3609622222222222,0.0,0.0,0.0,0.0
87.66666666666666,0.36505444444444435,0.0,0.0,0.0,0.0
88.0,0.3691466666666666,0.0,0.0,0.0,0.0
88.33333333333334,0.37323888888888884,0.0,0.0,0.0,0.0
88.66666666666667,0.3773311111111111,0.0,0.0,0.0,0.0
89.0,0.3814233333333333,0.0,0.0,0.0,0.0
89.33333333333334,0.3855155555555555,0.0,0.0,0.0,0.0
89.66666666666667,0.3896077777777778,0.0,0.0,0.0,0.0
90.0,0.3937,0.0,0.0,0.0,0.0
90.33333333333333,0.3977922222222221,0.0,0.0,0.0,0.0
90.66666666666666,0.4018844444444444,0.0,0.0,0.0,0.0
91.0,0.4059766666666666,0.0,0.0,0.0,0.0
91.33333333333333,0.41006888888888887,0.0,0.0,0.0,0.0
91.66666666666666,0.41416111111111104,0.0,0.0,0.0,0.0
92.0,0.41825333333333325,0.0,0.0,0.0,0.0
92.33333333333334,0.42234555555555553,0.0,0.0,0.0,0.0
92.66666666666667,0.42643777777777775,0.0,0.0,0.0,0.0
93.0,0.43052999999999997,0.0,0.0,0.0,0.0
93.33333333333333,0.43462222222222224,0.0,0.0,0.0,0.0
93.66666666666667,0.4387144444444444,0.0,0.0,0.0,0.0
94.0,0.4428066666666667,0.0,0.0,0.0,0.0
94.33333333333333,0.4468988888888889,0.0,0.0,0.0,0.0
94.66666666666666,0.45099111111111106,0.0,0.0,0.0,0.0
95.0,0.4550833333333333,0.0,0.0,0.0,0.0
95.33333333333333,0.4591755555555555,0.0,0.0,0.0,0.0
95.66666666666667,0.46326777777777767,0.0,0.0,0.0,0.0
96.0,0.46735999999999994,0.0,0.0,0.0,0.0
96.33333333333334,0.4714522222222222,0.0,0.0,0.0,0.0
96.66666666666667,0.4755444444444444,0.0,0.0,0.0,0.0
97.0,0.4796366666666666,0.0,0.0,0.0,0.0
97.33333333333333,0.4837288888888889,0.0,0.0,0.0,0.0
97.66666666666667,0.48782111111111104,0.0,0.0,0.0,0.0
98.0,0.4919133333333332,0.0,0.0,0.0,0.0
98.33333333333333,0.49600555555555553,0.0,0.0,0.0,0.0
98.66666666666666,0.5000977777777776,0.0,0.0,0.0,0.0
99.0,0.5041899999999999,0.0,0.0,0.0,0.0
99.33333333333333,0.5082822222222222,0.0,0.0,0.0,0.0
99.66666666666667,0.5123744444444444,0.0,0.0,0.0,0.0
100.0,0.5164666666666665,0.0,0.0,0.0,0.0
100.33333333333334,0.5205588888888889,0.0,0.0,0.0,0.0
100.66666666666667,0.524651111111111,0.0,0.0,0.0,0.0
101.0,0.5287433333333333,0.0,0.0,0.0,0.0
101.33333333333333,0.5328355555555555,0.0,0.0,0.0,0.0
101.66666666666667,0.5369277777777777,0.0,0.0,0.0,0.0
102.0,0.54102,0.0,0.0,0.0,0.0
102.33333333333333,0.5451122222222222,0.0,0.0,0.0,0.0
102.66666666666666,0.5492044444444444,0.0,0.0,0.0,0.0
103.0,0.5532966666666667,0.0,0.0,0.0,0.0
103.33333333333334,0.5573888888888888,0.0,0.0,0.0,0.0
103.66666666666667,0.5614811111111111,0.0,0.0,0.0,0.0
104.0,0.5655733333333333,0.0,0.0,0.0,0.0
104.33333333333334,0.5696655555555554,0.0,0.0,0.0,0.0
104.66666666666667,0.5737577777777778,0.0,0.0,0.0,0.0
105.0,0.5778499999999999,0.0,0.0,0.0,0.0
105.33333333333333,0.5819422222222221,0.0,0.0,0.0,0.0
105.66666666666666,0.5860344444444444,0.0,0.0,0.0,0.0
106.0,0.5901266666666666,0.0,0.0,0.0,0.0
106.33333333333333,0.5942188888888889,0.0,0.0,0.0,0.0
106.66666666666666,0.5983111111111111,0.0,0.0,0.0,0.0
107.0,0.6024033333333332,0.0,0.0,0.0,0.0
107.33333333333334,0.6064955555555556,0.0,0.0,0.0,0.0
107.66666666666667,0.6105877777777777,0.0,0.0,0.0,0.0
108.0,0.6146799999999999,0.0,0.0,0.0,0.0
108.33333333333333,0.6187722222222222,0.0,0.0,0.0,0.0
108.66666666666667,0.6228644444444443,0.0,0.0,0.0,0.0
109.0,0.6269566666666666,0.0,0.0,0.0,0.0
109.33333333333333,0.6310488888888888,0.0,0.0,0.0,0.0
109.66666666666666,0.635141111111111,0.0,0.0,0.0,0.0
110.0,0.6392333333333333,0.0,0.0,0.0,0.0
110.33333333333333,0.6433255555555555,0.0,0.0,0.0,0.0
110.66666666666667,0.6474177777777776,0.0,0.0,0.0,0.0
111.0,0.65151,0.0,0.0,0.0,0.0
111.33333333333334,0.6556022222222221,0.0,0.0,0.0,0.0
111.66666666666667,0.6596944444444444,0.0,0.0,0.0,0.0
112.0,0.6637866666666666,0.0,0.0,0.0,0.0
112.33333333333333,0.6678788888888888,0.0,0.0,0.0,0.0
112.66666666666667,0.6719711111111111,0.0,0.0,0.0,0.0
113.0,0.6760633333333333,0.0,0.0,0.0,0.0
113.33333333333333,0.6801555555555554,0.0,0.0,0.0,0.0
113.66666666666666,0.6842477777777777,0.0,0.0,0.0,0.0
114.0,0.68834,0.0,0.0,0.0,0.0
114.33333333333333,0.692432222222222,0.0,0.0,0.0,0.0
114.66666666666667,0.6965244444444444,0.0,0.0,0.0,0.0
115.0,0.7006166666666666,0.0,0.0,0.0,0.0
115.33333333333334,0.7047088888888888,0.0,0.0,0.0,0.0
115.66666666666667,0.708801111111111,1.3426463066346095e-05,0.0,0.0,0.0
116.0,0.7128933333333333,0.0001865961635205693,0.0,0.0,0.0
116.33333333333333,0.7169855555555555,0.0003597025927115638,0.0,0.0,0.0
116.66666666666667,0.7210777777777777,0.0005327418006739748,0.0,0.0,0.0
117.0,0.7251699999999999,0.0007057174844504743,0.0,0.0,0.0
117.33333333333333,0.7292622222222223,0.000878628569900286,0.0,0.0,0.0
117.66666666666666,0.7333544444444443,0.0010514782045056847,0.0,0.0,0.0
118.0,0.7374466666666667,0.0012242668878670315,0.0,0.0,0.0
118.33333333333334,0.7415388888888889,0.0013969923218226654,0.0,0.0,0.0
118.66666666666667,0.745631111111111,0.0015696593025360528,0.0,0.0,0.0
119.0,0.7497233333333333,0.0017422653320053882,0.0,0.0,0.0
119.33333333333334,0.7538155555555555,0.0019148127083923328,0.0,0.0,0.0
119.66666666666667,0.7579077777777776,0.0020873029304979696,0.0,0.0,0.0
120.0,0.7619999999999999,0.002259737597043454,0.0,0.0,0.0
120.33333333333333,0.7648222222222222,0.002379862906742858,0.0,0.0,0.0
120.66666666666666,0.7676444444444444,0.0024999354586441314,0.0,0.0,0.0
121.0,0.7704666666666665,0.0026199514557845305,0.0,0.0,0.0
121.33333333333333,0.7732888888888887,0.0027399156943275216,0.0,0.0,0.0
121.66666666666666,0.776111111111111,0.002859827774592816,0.0,0.0,0.0
122.0,0.7789333333333333,0.002979682101056369,0.0,0.0,0.0
122.33333333333333,0.7817555555555554,0.0030994890654056917,0.0,0.0,0.0
122.66666666666666,0.7845777777777777,0.003219242272756162,0.0,0.0,0.0
122.99999999999999,0.7874,0.0033389489173529796,0.0,0.0,0.0
123.33333333333331,0.7902222222222222,0.0034586050023932557,0.0,0.0,0.0
123.66666666666666,0.7930444444444443,0.0035782097285164127,0.0,0.0,0.0
124.00000000000001,0.7958666666666666,0.0036977684914063502,0.0,0.0,0.0
124.33333333333334,0.7986888888888888,0.0038172808913827794,0.0,0.0,0.0
124.66666666666667,0.8015111111111111,0.003936740933241367,0.0,0.0,0.0
125.00000000000001,0.8043333333333333,0.0040561582093090465,0.0,0.0,0.0
125.33333333333334,0.8071555555555555,0.00417552832310264,0.0,0.0,0.0
125.66666666666667,0.8099777777777778,0.004294858868547635,0.0,0.0,0.0
126.0,0.8128000000000001,0.004414135856833923,0.0,0.0,0.0
126.33333333333334,0.8156222222222221,0.0045333772735745015,0.0,0.0,0.0
126.66666666666667,0.8184444444444444,0.004652575125163594,0.0,0.0,0.0
127.0,0.8212666666666666,0.004771728612240622,0.0,0.0,0.0
127.33333333333333,0.8240888888888889,0.00489084013288732,0.0,0.0,0.0
127.66666666666667,0.826911111111111,0.00500990848806282,0.0,0.0,0.0
128.0,0.8297333333333333,0.005128939672971455,0.0,0.0,0.0
128.33333333333334,0.8325555555555556,0.005247928092089182,0.0,0.0,0.0
128.66666666666666,0.8353777777777778,0.005366876543178023,0.0,0.0,0.0
129.0,0.8382,0.005485782628156244,0.0,0.0,0.0
129.33333333333331,0.8410222222222221,0.005604656339031067,0.0,0.0,0.0
129.66666666666666,0.8438444444444444,0.005723495277720758,0.0,0.0,0.0
130.0,0.8466666666666666,0.005842287853496941,0.0,0.0,0.0
130.33333333333331,0.8494888888888888,0.005961046456448571,0.0,0.0,0.0
130.66666666666666,0.8523111111111111,0.006079762293609292,0.0,0.0,0.0
131.0,0.8551333333333333,0.0061984533505921036,0.0,0.0,0.0
131.33333333333334,0.8579555555555556,0.006317105638586895,0.0,0.0,0.0
131.66666666666669,0.8607777777777776,0.006435715960151356,0.0,0.0,0.0
132.0,0.8635999999999999,0.006554300702177329,0.0,0.0,0.0
132.33333333333334,0.8664222222222222,0.006672850272337882,0.0,0.0,0.0
132.66666666666669,0.8692444444444445,0.00679136666903446,0.0,0.0,0.0
133.0,0.8720666666666665,0.006909842298341573,0.0,0.0,0.0
133.33333333333334,0.8748888888888888,0.007028289150667888,0.0,0.0,0.0
133.66666666666669,0.8777111111111111,0.007146704827931671,0.0,0.0,0.0
134.0,0.8805333333333334,0.0072650917282146565,0.0,0.0,0.0
134.33333333333334,0.8833555555555553,0.007383443456632222,0.0,0.0,0.0
134.66666666666666,0.8861777777777776,0.0075017624112661,0.0,0.0,0.0
135.0,0.8889999999999999,0.007620051789558602,0.0,0.0,0.0
135.33333333333334,0.8918222222222222,0.007738316387673194,0.0,0.0,0.0
135.66666666666666,0.8946444444444445,0.007856544215201211,0.0,0.0,0.0
136.0,0.8974666666666665,0.007974756055517673,0.0,0.0,0.0
136.33333333333331,0.9002888888888888,0.008092919134838894,0.0,0.0,0.0
136.66666666666666,0.9031111111111111,0.008211069424390871,0.0,0.0,0.0
137.0,0.9059333333333333,0.008329184542077428,0.0,0.0,0.0
137.33333333333331,0.9087555555555555,0.00844727328086492,0.0,0.0,0.0
137.66666666666666,0.9115777777777776,0.008565336440113924,0.0,0.0,0.0
138.0,0.9143999999999999,0.008683376417906175,0.0,0.0,0.0
138.33333333333331,0.9172222222222222,0.008801378825751272,0.0,0.0,0.0
138.66666666666666,0.9200444444444444,0.008919365246384814,0.0,0.0,0.0
139.0,0.9228666666666667,0.00903732209067698,0.0,0.0,0.0
139.33333333333334,0.9256888888888888,0.009155254154791237,0.0,0.0,0.0
139.66666666666669,0.928511111111111,0.009273151846400651,0.0,0.0,0.0
140.0,0.9313333333333332,0.009391035948880244,0.0,0.0,0.0
140.33333333333334,0.9341555555555555,0.009508888876297306,0.0,0.0,0.0
140.66666666666669,0.9369777777777778,0.009626725017142235,0.0,0.0,0.0
141.0,0.9397999999999999,0.009744535578448676,0.0,0.0,0.0
141.33333333333334,0.9426222222222221,0.00986232775446183,0.0,0.0,0.0
141.66666666666666,0.9454444444444444,0.009980088755412453,0.0,0.0,0.0
142.0,0.9482666666666667,0.01009782337746401,0.0,0.0,0.0
142.33333333333334,0.9510888888888889,0.010215541212943435,0.0,0.0,0.0
142.66666666666666,0.9539111111111109,0.010333240663129573,0.0,0.0,0.0
143.0,0.9567333333333332,0.010450913734416645,0.0,0.0,0.0
143.33333333333334,0.9595555555555555,0.010568562824886385,0.0,0.0,0.0
143.66666666666666,0.9623777777777778,0.01068619273070226,0.0,0.0,0.0
144.0,0.9652000000000001,0.010803803451864269,0.0,0.0,0.0
144.33333333333331,0.9680222222222221,0.010921394189011835,0.0,0.0,0.0
144.66666666666666,0.9708444444444444,0.011038956149178603,0.0,0.0,0.0
145.0,0.9736666666666667,0.011156518908705948,0.0,0.0,0.0
145.33333333333331,0.9764888888888889,0.01127404409828614,0.0,0.0,0.0
145.66666666666666,0.9793111111111112,0.011391551701933622,0.0,0.0,0.0
146.0,0.9821333333333332,0.011509034525403194,0.0,0.0,0.0
146.33333333333334,0.9849555555555556,0.011626518947593922,0.0,0.0,0.0
146.66666666666669,0.9877777777777778,0.011743963401755764,0.0,0.0,0.0
147.0,0.9906000000000001,0.01186139186870605,0.0,0.0,0.0
147.33333333333334,0.9934222222222223,0.01197880195036305,0.0,0.0,0.0
147.66666666666669,0.9962444444444445,0.012096210433298893,0.0,0.0,0.0
148.0,0.9990666666666665,0.012213593336696249,0.0,0.0,0.0
148.33333333333334,1.001888888888889,0.012330953857997429,0.0,0.0,0.0
148.66666666666669,1.0047111111111109,0.012448290398481276,0.0,0.0,0.0
149.0,1.0075333333333334,0.012565622942162236,0.0,0.0,0.0
149.33333333333334,1.0103555555555555,0.012682940297992218,0.0,0.0,0.0
149.66666666666666,1.0131777777777777,0.012800231274923135,0.0,0.0,0.0
150.0,1.016,0.01291751585696943,0.0,0.0,0.0
150.33333333333334,1.018822222222222,0.013034770063313772,0.0,0.0,0.0
150.66666666666666,1.0216444444444444,0.01315201467733118,0.0,0.0,0.0
151.0,1.0244666666666666,0.01326924490285819,0.0,0.0,0.0
151.33333333333331,1.027288888888889,0.013386463137976534,0.0,0.0,0.0
151.66666666666666,1.0301111111111112,0.013503665385883323,0.0,0.0,0.0
152.0,1.032933333333333,0.013620850047857402,0.0,0.0,0.0
152.33333333333331,1.0357555555555555,0.01373801072901415,0.0,0.0,0.0
152.66666666666666,1.0385777777777776,0.013855176206334363,0.0,0.0,0.0
153.0,1.0414,0.01397231610411609,0.0,0.0,0.0
153.33333333333331,1.0442222222222222,0.014089448008292038,0.0,0.0,0.0
153.66666666666666,1.0470444444444444,0.01420655753037181,0.0,0.0,0.0
154.0,1.0498666666666665,0.014323649466518873,0.0,0.0,0.0
154.33333333333334,1.052688888888889,0.014440741402665935,0.0,0.0,0.0
154.66666666666669,1.055511111111111,0.014557815752880288,0.0,0.0,0.0
155.0,1.0583333333333333,0.01467487571460424,0.0,0.0,0.0
155.33333333333334,1.0611555555555554,0.014791921287837795,0.0,0.0,0.0
155.66666666666669,1.0639777777777777,0.014908947676417483,0.0,0.0,0.0
156.0,1.0668,0.015025972466276016,0.0,0.0,0.0
156.33333333333334,1.0696222222222223,0.015142981268922995,0.0,0.0,0.0
156.66666666666666,1.0724444444444445,0.015259990071569973,0.0,0.0,0.0
157.0,1.0752666666666666,0.015376963702351532,0.0,0.0,0.0
157.33333333333334,1.0780888888888887,0.015493932536969623,0.0,0.0,0.0
157.66666666666666,1.0809111111111112,0.015610886983097316,0.0,0.0,0.0
158.0,1.0837333333333332,0.01572784462666732,0.0,0.0,0.0
158.33333333333334,1.0865555555555557,0.01584477189453537,0.0,0.0,0.0
158.66666666666666,1.0893777777777776,0.015961707156009197,0.0,0.0,0.0
159.0,1.0922,0.016078620035386848,0.0,0.0,0.0
159.33333333333331,1.0950222222222221,0.016195520124995255,0.0,0.0,0.0
159.66666666666666,1.0978444444444446,0.016312402628670952,0.0,0.0,0.0
160.0,1.1006666666666667,0.01642928513234665,0.0,0.0,0.0
160.33333333333331,1.1034888888888887,0.01654616283985888,0.0,0.0,0.0
160.66666666666666,1.106311111111111,0.01666301656655378,0.0,0.0,0.0
161.0,1.1091333333333333,0.01677987349069099,0.0,0.0,0.0
161.33333333333334,1.1119555555555556,0.016896703236568555,0.0,0.0,0.0
161.66666666666669,1.1147777777777779,0.017013534581167278,0.0,0.0,0.0
162.0,1.1176,0.017130353135996756,0.0,0.0,0.0
162.33333333333334,1.1204222222222222,0.017247163697220458,0.0,0.0,0.0
162.66666666666669,1.1232444444444443,0.017363953475069138,0.0,0.0,0.0
163.0,1.1260666666666668,0.017480754443965907,0.0,0.0,0.0
163.33333333333334,1.1288888888888888,0.017597528234603033,0.0,0.0,0.0
163.66666666666669,1.1317111111111111,0.017714321209894024,0.0,0.0,0.0
164.0,1.1345333333333332,0.017831072618434973,0.0,0.0,0.0
164.33333333333334,1.1373555555555557,0.017947836816745166,0.0,0.0,0.0
164.66666666666666,1.1401777777777777,0.018064573836795716,0.0,0.0,0.0
165.0,1.1430000000000002,0.01818131725173089,0.0,0.0,0.0
165.33333333333334,1.145822222222222,0.018298038284569884,0.0,0.0,0.0
165.66666666666666,1.1486444444444444,0.018414767311014657,0.0,0.0,0.0
166.0,1.1514666666666666,0.018531477152805564,0.0,0.0,0.0
166.33333333333331,1.1542888888888887,0.018648172606106073,0.0,0.0,0.0
166.66666666666666,1.1571111111111112,0.018764869658127736,0.0,0.0,0.0
167.0,1.1599333333333333,0.01888154912421669,0.0,0.0,0.0
167.33333333333331,1.1627555555555555,0.018998238182632576,0.0,0.0,0.0
167.66666666666666,1.1655777777777778,0.019114904858952286,0.0,0.0,0.0
168.0,1.1684,0.019231557146781597,0.0,0.0,0.0
168.33333333333331,1.1712222222222222,0.019348211033332063,0.0,0.0,0.0
168.66666666666666,1.1740444444444444,0.01946485372883444,0.0,0.0,0.0
169.0,1.1768666666666667,0.019581509214106063,0.0,0.0,0.0
169.33333333333334,1.1796888888888888,0.01969813432367573,0.0,0.0,0.0
169.66666666666669,1.182511111111111,0.019814767426851176,0.0,0.0,0.0
170.0,1.1853333333333333,0.01993137654920929,0.0,0.0,0.0
170.33333333333334,1.1881555555555556,0.02004799686261549,0.0,0.0,0.0
170.66666666666669,1.190977777777778,0.020164599590088983,0.0,0.0,0.0
171.0,1.1938,0.020281195922677853,0.0,0.0,0.0
171.33333333333334,1.1966222222222223,0.0203977858603821,0.0,0.0,0.0
171.66666666666666,1.1994444444444445,0.02051437899552866,0.0,0.0,0.0
172.0,1.2022666666666668,0.020630972130675218,0.0,0.0,0.0
172.33333333333334,1.2050888888888889,0.020747533291398668,0.0,0.0,0.0
172.66666666666666,1.2079111111111114,0.020864094452122117,0.0,0.0,0.0
173.0,1.2107333333333332,0.020980670001335966,0.0,0.0,0.0
173.33333333333334,1.2135555555555557,0.021097195990193995,0.0,0.0,0.0
173.66666666666666,1.2163777777777778,0.021213747558590512,0.0,0.0,0.0
174.0,1.2192,0.02133030552187165,0.0,0.0,0.0
174.33333333333331,1.2220222222222223,0.02144683151072968,0.0,0.0,0.0
174.66666666666666,1.2248444444444444,0.02156337188807811,0.0,0.0,0.0
175.0,1.2276666666666667,0.02167988348844574,0.0,0.0,0.0
175.33333333333331,1.230488888888889,0.021796403082419147,0.0,0.0,0.0
175.66666666666666,1.2333111111111112,0.021912919478950244,0.0,0.0,0.0
176.0,1.2361333333333335,0.022029437474202496,0.0,0.0,0.0
176.33333333333334,1.2389555555555554,0.022145913902704706,0.0,0.0,0.0
176.66666666666669,1.2417777777777779,0.022262411114581937,0.0,0.0,0.0
177.0,1.2446,0.02237891472134379,0.0,0.0,0.0
177.33333333333334,1.2474222222222222,0.022495397544730622,0.0,0.0,0.0
177.66666666666669,1.2502444444444445,0.0226118787693963,0.0,0.0,0.0
178.0,1.2530666666666668,0.02272834720429273,0.0,0.0,0.0
178.33333333333334,1.2558888888888888,0.02284481404046801,0.0,0.0,0.0
178.66666666666669,1.2587111111111113,0.022961295265133685,0.0,0.0,0.0
179.0,1.2615333333333332,0.023077758903866652,0.0,0.0,0.0
179.33333333333334,1.2643555555555557,0.023194198561782287,0.0,0.0,0.0
179.66666666666666,1.2671777777777777,0.02331065580563063,0.0,0.0,0.0
180.0,1.27,0.023427100259709732,0.0,0.0,0.0
180.33333333333334,1.2643555555555555,0.023195213749716004,0.0,0.0,0.0
180.66666666666666,1.2587111111111113,0.022963303258904944,0.0,0.0,0.0
181.0,1.2530666666666668,0.022731392768093883,0.0,0.0,0.0
181.33333333333331,1.2474222222222224,0.02249948707344629,0.0,0.0,0.0
181.66666666666666,1.2417777777777779,0.02226759416856794,0.0,0.0,0.0
182.0,1.2361333333333335,0.02203565809821839,0.0,0.0,0.0
182.33333333333331,1.230488888888889,0.0218037380150804,0.0,0.0,0.0
182.66666666666666,1.2248444444444444,0.021571817931942405,0.0,0.0,0.0
183.0,1.2192,0.021339886657756324,0.0,0.0,0.0
183.33333333333331,1.2135555555555557,0.021107953784849087,0.0,0.0,0.0
183.66666666666666,1.2079111111111114,0.02087601771449954,0.0,0.0,0.0
184.0,1.2022666666666668,0.02064407524926537,0.0,0.0,0.0
184.33333333333334,1.1966222222222223,0.02041212638914658,0.0,0.0,0.0
184.66666666666669,1.190977777777778,0.02018018712135472,0.0,0.0,0.0
185.0,1.1853333333333333,0.019948231866351307,0.0,0.0,0.0
185.33333333333334,1.1796888888888888,0.01971628460495367,0.0,0.0,0.0
185.66666666666669,1.1740444444444444,0.01948431815890217,0.0,0.0,0.0
186.0,1.1684,0.019252346916687202,0.0,0.0,0.0
186.33333333333334,1.1627555555555555,0.019020382069356856,0.0,0.0,0.0
186.66666666666666,1.1571111111111112,0.018788410827141888,0.0,0.0,0.0
187.0,1.1514666666666666,0.01855644278236923,0.0,0.0,0.0
187.33333333333334,1.145822222222222,0.018324457151663864,0.0,0.0,0.0
187.66666666666666,1.1401777777777777,0.01809248111328543,0.0,0.0,0.0
188.0,1.1345333333333332,0.017860493883858908,0.0,0.0,0.0
188.33333333333334,1.1288888888888888,0.017628497062105453,0.0,0.0,0.0
188.66666666666666,1.1232444444444443,0.017396505036515464,0.0,0.0,0.0
189.0,1.1176,0.017164519405810097,0.0,0.0,0.0
189.33333333333331,1.1119555555555556,0.016932517787893175,0.0,0.0,0.0
189.66666666666666,1.106311111111111,0.016700522564860876,0.0,0.0,0.0
190.0,1.1006666666666667,0.016468514552059332,0.0,0.0,0.0
190.33333333333331,1.0950222222222221,0.01623650653925779,0.0,0.0,0.0
190.66666666666666,1.0893777777777776,0.0160045001251774,0.0,0.0,0.0
191.0,1.0837333333333332,0.01577248092132777,0.0,0.0,0.0
191.33333333333334,1.0780888888888887,0.015540472908526226,0.0,0.0,0.0
191.66666666666669,1.0724444444444445,0.015308450507234284,0.0,0.0,0.0
192.0,1.0668,0.015076426507221186,0.0,0.0,0.0
192.33333333333334,1.0611555555555556,0.014844407303371554,0.0,0.0,0.0
192.66666666666669,1.055511111111111,0.014612383303358456,0.0,0.0,0.0
193.0,1.0498666666666667,0.01438034811229727,0.0,0.0,0.0
193.33333333333334,1.0442222222222222,0.014148312921236084,0.0,0.0,0.0
193.66666666666669,1.0385777777777776,0.013916280927617208,0.0,0.0,0.0
194.0,1.0329333333333333,0.013684247335277178,0.0,0.0,0.0
194.33333333333334,1.027288888888889,0.013452202551889059,0.0,0.0,0.0
194.66666666666666,1.0216444444444446,0.013220159367222095,0.0,0.0,0.0
195.0,1.016,0.012988111386391665,0.0,0.0,0.0
195.33333333333334,1.0103555555555555,0.012756063405561235,0.0,0.0,0.0
195.66666666666666,1.004711111111111,0.012524012227288495,0.0,0.0,0.0
196.0,0.9990666666666665,0.012291953854770554,0.0,0.0,0.0
196.33333333333331,0.9934222222222223,0.012059909071382435,0.0,0.0,0.0
196.66666666666666,0.9877777777777778,0.011827857093749117,0.0,0.0,0.0
197.0,0.9821333333333332,0.011595791526985977,0.0,0.0,0.0
197.33333333333331,0.9764888888888889,0.011363722762780526,0.0,0.0,0.0
197.66666666666666,0.9708444444444444,0.011131664390262586,0.0,0.0,0.0
198.0,0.9652000000000001,0.010899592428614824,0.0,0.0,0.0
198.33333333333331,0.9595555555555555,0.010667534855457461,0.0,0.0,0.0
198.66666666666666,0.9539111111111109,0.0104354628938097,0.0,0.0,0.0
199.0,0.9482666666666667,0.010203386935359049,0.0,0.0,0.0
199.33333333333334,0.9426222222222224,0.00997131417435071,0.0,0.0,0.0
199.66666666666669,0.9369777777777778,0.009739230222294282,0.0,0.0,0.0
200.0,0.9313333333333332,0.009507155063204209,0.0,0.0,0.0
200.33333333333334,0.925688888888889,0.00927507510795067,0.0,0.0,0.0
200.66666666666669,0.9200444444444444,0.009042994353336553,0.0,0.0,0.0
201.0,0.9144000000000001,0.008810906404477237,0.0,0.0,0.0
201.33333333333334,0.9087555555555555,0.008578816057536187,0.0,0.0,0.0
201.66666666666666,0.9031111111111111,0.00834672810867687,0.0,0.0,0.0
202.0,0.8974666666666667,0.008114642557899288,0.0,0.0,0.0
202.33333333333334,0.8918222222222222,0.00788254821415535,0.0,0.0,0.0
202.66666666666666,0.8861777777777778,0.007650449074247945,0.0,0.0,0.0
203.0,0.8805333333333334,0.00741835712858574,0.0,0.0,0.0
203.33333333333334,0.8748888888888888,0.007186257189317757,0.0,0.0,0.0
203.66666666666666,0.8692444444444445,0.006954159648131508,0.0,0.0,0.0
204.0,0.8635999999999999,0.006722058909502948,0.0,0.0,0.0
204.33333333333331,0.8579555555555557,0.0064899541740714994,0.0,0.0,0.0
204.66666666666666,0.8523111111111111,0.006257845841517451,0.0,0.0,0.0
205.0,0.8466666666666667,0.006025742704807158,0.0,0.0,0.0
205.33333333333331,0.8410222222222222,0.005793632373851665,0.0,0.0,0.0
205.66666666666666,0.8353777777777779,0.005561528837461083,0.0,0.0,0.0
206.0,0.8297333333333334,0.005329414509702701,0.0,0.0,0.0
206.33333333333334,0.8240888888888889,0.005097302580026053,0.0,0.0,0.0
206.66666666666669,0.8184444444444444,0.004865185054825361,0.0,0.0,0.0
207.0,0.8128000000000001,0.0046330755232304455,0.0,0.0,0.0
207.33333333333334,0.8071555555555555,0.0044009567989888865,0.0,0.0,0.0
207.66666666666669,0.8015111111111111,0.004168838874107905,0.0,0.0,0.0
208.0,0.7958666666666666,0.00393671535370288,0.0,0.0,0.0
208.33333333333334,0.7902222222222223,0.0037045946310598765,0.0,0.0,0.0
208.66666666666669,0.7845777777777777,0.0034724703112942734,0.0,0.0,0.0
209.0,0.7789333333333333,0.0032403445926476593,0.0,0.0,0.0
209.33333333333334,0.7732888888888888,0.003008219673361623,0.0,0.0,0.0
209.66666666666666,0.7676444444444444,0.00277609355503472,0.0,0.0,0.0
210.0,0.762,0.002543966037826806,0.0,0.0,0.0
210.33333333333334,0.7563555555555556,0.002311836322377303,0.0,0.0,0.0
210.66666666666666,0.750711111111111,0.0020797048083665004,0.0,0.0,0.0
211.0,0.7450666666666665,0.0018475720953148311,0.0,0.0,0.0
211.33333333333331,0.7394222222222222,0.0016154379833821508,0.0,0.0,0.0
211.66666666666666,0.7337777777777778,0.0013833025724885317,0.0,0.0,0.0
212.0,0.7281333333333333,0.0011511672615149848,0.0,0.0,0.0
212.33333333333331,0.7224888888888888,0.0009190298522199214,0.0,0.0,0.0
212.66666666666666,0.7168444444444444,0.0006868922430847135,0.0,0.0,0.0
213.0,0.7111999999999999,0.0004547506871066531,0.0,0.0,0.0
213.33333333333331,0.7055555555555555,0.00022260910614857465,0.0,0.0,0.0
213.66666666666666,0.699911111111111,0.0,0.0,0.0,0.0
214.0,0.6942666666666667,0.0,0.0,0.0,0.0
214.33333333333334,0.6886222222222222,0.0,0.0,0.0,0.0
214.66666666666669,0.6829777777777778,0.0,0.0,0.0,0.0
215.0,0.6773333333333332,0.0,0.0,0.0,0.0
215.33333333333334,0.6716888888888889,0.0,0.0,0.0,0.0
215.66666666666669,0.6660444444444444,0.0,0.0,0.0,0.0
216.0,0.6604,0.0,0.0,0.0,0.0
216.33333333333334,0.6547555555555555,0.0,0.0,0.0,0.0
216.66666666666666,0.6491111111111112,0.0,0.0,0.0,0.0
217.0,0.6434666666666666,0.0,0.0,0.0,0.0
217.33333333333334,0.6378222222222222,0.0,0.0,0.0,0.0
217.66666666666666,0.6321777777777777,0.0,0.0,0.0,0.0
218.0,0.6265333333333334,0.0,0.0,0.0,0.0
218.33333333333334,0.6208888888888889,0.0,0.0,0.0,0.0
218.66666666666666,0.6152444444444445,0.0,0.0,0.0,0.0
219.0,0.6095999999999999,0.0,0.0,0.0,0.0
219.33333333333331,0.6039555555555556,0.0,0.0,0.0,0.0
219.66666666666666,0.5983111111111111,0.0,0.0,0.0,0.0
220.0,0.5926666666666667,0.0,0.0,0.0,0.0
220.33333333333331,0.5870222222222222,0.0,0.0,0.0,0.0
220.66666666666666,0.5813777777777778,0.0,0.0,0.0,0.0
221.0,0.5757333333333333,0.0,0.0,0.0,0.0
221.33333333333334,0.5700888888888889,0.0,0.0,0.0,0.0
221.66666666666669,0.5644444444444443,0.0,0.0,0.0,0.0
222.0,0.5588,0.0,0.0,0.0,0.0
222.33333333333334,0.5531555555555555,0.0,0.0,0.0,0.0
222.66666666666669,0.5475111111111111,0.0,0.0,0.0,0.0
223.0,0.5418666666666666,0.0,0.0,0.0,0.0
223.33333333333334,0.5362222222222222,0.0,0.0,0.0,0.0
223.66666666666669,0.5305777777777777,0.0,0.0,0.0,0.0
224.0,0.5249333333333333,0.0,0.0,0.0,0.0
224.33333333333334,0.5192888888888888,0.0,0.0,0.0,0.0
224.66666666666666,0.5136444444444445,0.0,0.0,0.0,0.0
225.0,0.508,0.0,0.0,0.0,0.0
225.33333333333334,0.5023555555555554,0.0,0.0,0.0,0.0
225.66666666666666,0.49671111111111105,0.0,0.0,0.0,0.0
226.0,0.4910666666666666,0.0,0.0,0.0,0.0
226.33333333333331,0.4854222222222222,0.0,0.0,0.0,0.0
226.66666666666666,0.47977777777777775,0.0,0.0,0.0,0.0
227.0,0.47413333333333335,0.0,0.0,0.0,0.0
227.33333333333331,0.4684888888888889,0.0,0.0,0.0,0.0
227.66666666666666,0.4628444444444444,0.0,0.0,0.0,0.0
228.0,0.45719999999999994,0.0,0.0,0.0,0.0
228.33333333333331,0.45155555555555554,0.0,0.0,0.0,0.0
228.66666666666666,0.4459111111111111,0.0,0.0,0.0,0.0
229.0,0.4402666666666667,0.0,0.0,0.0,0.0
229.33333333333334,0.43462222222222224,0.0,0.0,0.0,0.0
229.66666666666669,0.42897777777777774,0.0,0.0,0.0,0.0
230.0,0.4233333333333333,0.0,0.0,0.0,0.0
230.33333333333334,0.4176888888888889,0.0,0.0,0.0,0.0
230.66666666666669,0.41204444444444444,0.0,0.0,0.0,0.0
231.0,0.40639999999999993,0.0,0.0,0.0,0.0
231.33333333333334,0.40075555555555553,0.0,0.0,0.0,0.0
231.66666666666666,0.3951111111111111,0.0,0.0,0.0,0.0
232.0,0.3894666666666667,0.0,0.0,0.0,0.0
232.33333333333334,0.3838222222222222,0.0,0.0,0.0,0.0
232.66666666666666,0.37817777777777783,0.0,0.0,0.0,0.0
233.0,0.37253333333333327,0.0,0.0,0.0,0.0
233.33333333333334,0.36688888888888876,0.0,0.0,0.0,0.0
233.66666666666666,0.3612444444444444,0.0,0.0,0.0,0.0
234.0,0.3555999999999999,0.0,0.0,0.0,0.0
234.33333333333331,0.3499555555555556,0.0,0.0,0.0,0.0
234.66666666666666,0.34431111111111107,0.0,0.0,0.0,0.0
235.0,0.3386666666666665,0.0,0.0,0.0,0.0
235.33333333333331,0.3330222222222222,0.0,0.0,0.0,0.0
235.66666666666666,0.32737777777777766,0.0,0.0,0.0,0.0
236.0,0.32173333333333337,0.0,0.0,0.0,0.0
236.33333333333334,0.3160888888888888,0.0,0.0,0.0,0.0
236.66666666666669,0.3104444444444445,0.0,0.0,0.0,0.0
237.0,0.30479999999999996,0.0,0.0,0.0,0.0
237.33333333333334,0.29915555555555545,0.0,0.0,0.0,0.0
237.66666666666669,0.2935111111111111,0.0,0.0,0.0,0.0
238.0,0.2878666666666666,0.0,0.0,0.0,0.0
238.33333333333334,0.2822222222222222,0.0,0.0,0.0,0.0
238.66666666666669,0.27657777777777776,0.0,0.0,0.0,0.0
239.0,0.2709333333333332,0.0,0.0,0.0,0.0
239.33333333333334,0.26528888888888885,0.0,0.0,0.0,0.0
239.66666666666666,0.2596444444444443,0.0,0.0,0.0,0.0
240.0,0.254,0.0,0.0,0.0,0.0
240.33333333333334,0.25541111111111114,0.0,0.0,0.0,0.0
240.66666666666666,0.25682222222222223,0.0,0.0,0.0,0.0
241.0,0.2582333333333333,0.0,0.0,0.0,0.0
241.33333333333331,0.2596444444444444,0.0,0.0,0.0,0.0
241.66666666666666,0.26105555555555554,0.0,0.0,0.0,0.0
242.0,0.2624666666666666,0.0,0.0,0.0,0.0
242.33333333333331,0.26387777777777777,0.0,0.0,0.0,0.0
242.66666666666666,0.2652888888888889,0.0,0.0,0.0,0.0
243.0,0.2667,0.0,0.0,0.0,0.0
243.33333333333331,0.26811111111111113,0.0,0.0,0.0,0.0
243.66666666666666,0.26952222222222216,0.0,0.0,0.0,0.0
244.0,0.2709333333333333,0.0,0.0,0.0,0.0
244.33333333333331,0.2723444444444444,0.0,0.0,0.0,0.0
244.66666666666666,0.27375555555555553,0.0,0.0,0.0,0.0
244.99999999999997,0.27516666666666667,0.0,0.0,0.0,0.0
245.33333333333331,0.27657777777777776,0.0,0.0,0.0,0.0
245.66666666666666,0.2779888888888889,0.0,0.0,0.0,0.0
245.99999999999997,0.2794,0.0,0.0,0.0,0.0
246.33333333333331,0.28081111111111107,0.0,0.0,0.0,0.0
246.66666666666663,0.2822222222222222,0.0,0.0,0.0,0.0
246.99999999999997,0.2836333333333333,0.0,0.0,0.0,0.0
247.33333333333331,0.28504444444444443,0.0,0.0,0.0,0.0
247.66666666666669,0.2864555555555555,0.0,0.0,0.0,0.0
248.00000000000003,0.28786666666666666,0.0,0.0,0.0,0.0
248.33333333333337,0.2892777777777778,0.0,0.0,0.0,0.0
248.66666666666669,0.2906888888888889,0.0,0.0,0.0,0.0
249.00000000000003,0.2921,0.0,0.0,0.0,0.0
249.33333333333334,0.2935111111111111,0.0,0.0,0.0,0.0
249.66666666666669,0.2949222222222222,0.0,0.0,0.0,0.0
250.00000000000003,0.29633333333333334,0.0,0.0,0.0,0.0
250.33333333333334,0.2977444444444445,0.0,0.0,0.0,0.0
250.66666666666669,0.29915555555555556,0.0,0.0,0.0,0.0
251.0,0.3005666666666667,0.0,0.0,0.0,0.0
251.33333333333334,0.30197777777777784,0.0,0.0,0.0,0.0
251.66666666666669,0.30338888888888893,0.0,0.0,0.0,0.0
252.0,0.3048,0.0,0.0,0.0,0.0
252.33333333333334,0.3062111111111111,0.0,0.0,0.0,0.0
252.66666666666669,0.30762222222222224,0.0,0.0,0.0,0.0
253.0,0.3090333333333334,0.0,0.0,0.0,0.0
253.33333333333334,0.31044444444444447,0.0,0.0,0.0,0.0
253.66666666666669,0.3118555555555556,0.0,0.0,0.0,0.0
254.0,0.3132666666666667,0.0,0.0,0.0,0.0
254.33333333333334,0.31467777777777783,0.0,0.0,0.0,0.0
254.66666666666666,0.3160888888888889,0.0,0.0,0.0,0.0
255.0,0.3175,0.0,0.0,0.0,0.0
255.33333333333334,0.31891111111111115,0.0,0.0,0.0,0.0
255.66666666666666,0.32032222222222223,0.0,0.0,0.0,0.0
256.0,0.32173333333333337,0.0,0.0,0.0,0.0
256.3333333333333,0.3231444444444445,0.0,0.0,0.0,0.0
256.6666666666667,0.3245555555555556,0.0,0.0,0.0,0.0
257.0,0.3259666666666667,0.0,0.0,0.0,0.0
257.3333333333333,0.32737777777777777,0.0,0.0,0.0,0.0
257.66666666666663,0.3287888888888889,0.0,0.0,0.0,0.0
258.0,0.3302,0.0,0.0,0.0,0.0
258.3333333333333,0.33161111111111113,0.0,0.0,0.0,0.0
258.66666666666663,0.3330222222222222,0.0,0.0,0.0,0.0
259.0,0.33443333333333336,0.0,0.0,0.0,0.0
259.3333333333333,0.3358444444444445,0.0,0.0,0.0,0.0
259.66666666666663,0.3372555555555556,0.0,0.0,0.0,0.0
260.0,0.33866666666666667,0.0,0.0,0.0,0.0
260.3333333333333,0.34007777777777776,0.0,0.0,0.0,0.0
260.66666666666663,0.3414888888888889,0.0,0.0,0.0,0.0
261.0,0.34290000000000004,0.0,0.0,0.0,0.0
261.3333333333333,0.3443111111111111,0.0,0.0,0.0,0.0
261.66666666666663,0.34572222222222226,0.0,0.0,0.0,0.0
262.0,0.34713333333333335,0.0,0.0,0.0,0.0
262.3333333333333,0.3485444444444445,0.0,0.0,0.0,0.0
262.6666666666667,0.3499555555555556,0.0,0.0,0.0,0.0
263.0,0.35136666666666666,0.0,0.0,0.0,0.0
263.33333333333337,0.35277777777777775,0.0,0.0,0.0,0.0
263.6666666666667,0.3541888888888889,0.0,0.0,0.0,0.0
264.0,0.3556,0.0,0.0,0.0,0.0
264.33333333333337,0.3570111111111111,0.0,0.0,0.0,0.0
264.6666666666667,0.35842222222222225,0.0,0.0,0.0,0.0
265.0,0.35983333333333334,0.0,0.0,0.0,0.0
265.33333333333337,0.3612444444444444,0.0,0.0,0.0,0.0
265.6666666666667,0.36265555555555556,0.0,0.0,0.0,0.0
266.0,0.36406666666666665,0.0,0.0,0.0,0.0
266.33333333333337,0.36547777777777773,0.0,0.0,0.0,0.0
266.6666666666667,0.3668888888888889,0.0,0.0,0.0,0.0
267.0,0.3683,0.0,0.0,0.0,0.0
267.33333333333337,0.36971111111111116,0.0,0.0,0.0,0.0
267.6666666666667,0.37112222222222224,0.0,0.0,0.0,0.0
268.0,0.37253333333333327,0.0,0.0,0.0,0.0
268.3333333333333,0.3739444444444444,0.0,0.0,0.0,0.0
268.6666666666667,0.37535555555555555,0.0,0.0,0.0,0.0
269.0,0.3767666666666667,0.0,0.0,0.0,0.0
269.3333333333333,0.3781777777777778,0.0,0.0,0.0,0.0
269.6666666666667,0.37958888888888886,0.0,0.0,0.0,0.0
270.0,0.381,0.0,0.0,0.0,0.0
270.3333333333333,0.38241111111111115,0.0,0.0,0.0,0.0
270.6666666666667,0.38382222222222223,0.0,0.0,0.0,0.0
271.0,0.3852333333333333,0.0,0.0,0.0,0.0
271.3333333333333,0.3866444444444444,0.0,0.0,0.0,0.0
271.6666666666667,0.38805555555555554,0.0,0.0,0.0,0.0
272.0,0.3894666666666667,0.0,0.0,0.0,0.0
272.3333333333333,0.39087777777777777,0.0,0.0,0.0,0.0
272.66666666666663,0.3922888888888889,0.0,0.0,0.0,0.0
273.0,0.3937,0.0,0.0,0.0,0.0
273.3333333333333,0.39511111111111114,0.0,0.0,0.0,0.0
273.66666666666663,0.3965222222222222,0.0,0.0,0.0,0.0
274.0,0.3979333333333333,0.0,0.0,0.0,0.0
274.3333333333333,0.3993444444444444,0.0,0.0,0.0,0.0
274.66666666666663,0.40075555555555553,0.0,0.0,0.0,0.0
275.0,0.4021666666666667,0.0,0.0,0.0,0.0
275.3333333333333,0.4035777777777778,0.0,0.0,0.0,0.0
275.66666666666663,0.4049888888888889,0.0,0.0,0.0,0.0
276.0,0.40640000000000004,0.0,0.0,0.0,0.0
276.3333333333333,0.40781111111111107,0.0,0.0,0.0,0.0
276.66666666666663,0.4092222222222222,0.0,0.0,0.0,0.0
277.0,0.41063333333333335,0.0,0.0,0.0,0.0
277.3333333333333,0.41204444444444444,0.0,0.0,0.0,0.0
277.6666666666667,0.4134555555555556,0.0,0.0,0.0,0.0
278.0,0.4148666666666667,0.0,0.0,0.0,0.0
278.33333333333337,0.4162777777777778,0.0,0.0,0.0,0.0
278.6666666666667,0.41768888888888894,0.0,0.0,0.0,0.0
279.0,0.41910000000000003,0.0,0.0,0.0,0.0
279.33333333333337,0.4205111111111111,0.0,0.0,0.0,0.0
279.6666666666667,0.42192222222222225,0.0,0.0,0.0,0.0
280.0,0.4233333333333334,0.0,0.0,0.0,0.0
280.33333333333337,0.4247444444444445,0.0,0.0,0.0,0.0
280.6666666666667,0.42615555555555557,0.0,0.0,0.0,0.0
281.0,0.4275666666666667,0.0,0.0,0.0,0.0
281.33333333333337,0.42897777777777785,0.0,0.0,0.0,0.0
281.6666666666667,0.43038888888888893,0.0,0.0,0.0,0.0
282.0,0.4318000000000001,0.0,0.0,0.0,0.0
282.33333333333337,0.4332111111111111,0.0,0.0,0.0,0.0
282.6666666666667,0.43462222222222224,0.0,0.0,0.0,0.0
283.0,0.4360333333333334,0.0,0.0,0.0,0.0
283.3333333333333,0.4374444444444445,0.0,0.0,0.0,0.0
283.6666666666667,0.43885555555555567,0.0,0.0,0.0,0.0
284.0,0.4402666666666667,0.0,0.0,0.0,0.0
284.3333333333333,0.4416777777777778,0.0,0.0,0.0,0.0
284.6666666666667,0.4430888888888889,0.0,0.0,0.0,0.0
285.0,0.44449999999999995,0.0,0.0,0.0,0.0
285.3333333333333,0.4459111111111112,0.0,0.0,0.0,0.0
285.6666666666667,0.44732222222222223,0.0,0.0,0.0,0.0
286.0,0.4487333333333334,0.0,0.0,0.0,0.0
286.3333333333333,0.4501444444444445,0.0,0.0,0.0,0.0
286.6666666666667,0.45155555555555554,0.0,0.0,0.0,0.0
287.0,0.45296666666666663,0.0,0.0,0.0,0.0
287.3333333333333,0.45437777777777777,0.0,0.0,0.0,0.0
287.66666666666663,0.4557888888888889,0.0,0.0,0.0,0.0
288.0,0.45720000000000005,0.0,0.0,0.0,0.0
288.3333333333333,0.4586111111111111,0.0,0.0,0.0,0.0
288.66666666666663,0.4600222222222222,0.0,0.0,0.0,0.0
289.0,0.46143333333333336,0.0,0.0,0.0,0.0
289.3333333333333,0.4628444444444445,0.0,0.0,0.0,0.0
289.66666666666663,0.4642555555555556,0.0,0.0,0.0,0.0
290.0,0.4656666666666666,0.0,0.0,0.0,0.0
290.3333333333333,0.46707777777777776,0.0,0.0,0.0,0.0
290.66666666666663,0.4684888888888889,0.0,0.0,0.0,0.0
291.0,0.46990000000000004,0.0,0.0,0.0,0.0
291.3333333333333,0.4713111111111112,0.0,0.0,0.0,0.0
291.66666666666663,0.4727222222222222,0.0,0.0,0.0,0.0
292.0,0.47413333333333335,0.0,0.0,0.0,0.0
292.3333333333333,0.47554444444444444,0.0,0.0,0.0,0.0
292.6666666666667,0.47695555555555547,0.0,0.0,0.0,0.0
293.0,0.4783666666666667,0.0,0.0,0.0,0.0
293.33333333333337,0.47977777777777775,0.0,0.0,0.0,0.0
293.6666666666667,0.4811888888888889,0.0,0.0,0.0,0.0
294.0,0.48260000000000003,0.0,0.0,0.0,0.0
294.33333333333337,0.48401111111111106,0.0,0.0,0.0,0.0
294.6666666666667,0.4854222222222223,0.0,0.0,0.0,0.0
295.0,0.48683333333333334,0.0,0.0,0.0,0.0
295.33333333333337,0.4882444444444444,0.0,0.0,0.0,0.0
295.6666666666667,0.4896555555555556,0.0,0.0,0.0,0.0
296.0,0.4910666666666666,0.0,0.0,0.0,0.0
296.33333333333337,0.4924777777777779,0.0,0.0,0.0,0.0
296.6666666666667,0.4938888888888889,0.0,0.0,0.0,0.0
297.0,0.4953000000000001,0.0,0.0,0.0,0.0
297.33333333333337,0.49671111111111116,0.0,0.0,0.0,0.0
297.6666666666667,0.49812222222222224,0.0,0.0,0.0,0.0
298.0,0.4995333333333334,0.0,0.0,0.0,0.0
298.3333333333333,0.5009444444444445,0.0,0.0,0.0,0.0
298.6666666666667,0.5023555555555556,0.0,0.0,0.0,0.0
299.0,0.5037666666666667,0.0,0.0,0.0,0.0
299.3333333333333,0.5051777777777777,0.0,0.0,0.0,0.0
299.6666666666667,0.506588888888889,0.0,0.0,0.0,0.0
300.0,0.508,0.0,0.0,0.0,0.0
300.3333333333333,0.508,0.0,0.0,0.0,0.0
300.6666666666667,0.508,0.0,0.0,0.0,0.0
301.0,0.508,0.0,0.0,0.0,0.0
301.3333333333333,0.508,0.0,0.0,0.0,0.0
301.6666666666667,0.508,0.0,0.0,0.0,0.0
302.0,0.508,0.0,0.0,0.0,0.0
302.3333333333333,0.508,0.0,0.0,0.0,0.0
302.66666666666663,0.508,0.0,0.0,0.0,0.0
303.0,0.508,0.0,0.0,0.0,0.0
303.3333333333333,0.508,0.0,0.0,0.0,0.0
303.66666666666663,0.508,0.0,0.0,0.0,0.0
304.0,0.508,0.0,0.0,0.0,0.0
304.3333333333333,0.508,0.0,0.0,0.0,0.0
304.66666666666663,0.508,0.0,0.0,0.0,0.0
305.0,0.508,0.0,0.0,0.0,0.0
305.3333333333333,0.508,0.0,0.0,0.0,0.0
305.66666666666663,0.508,0.0,0.0,0.0,0.0
306.0,0.508,0.0,0.0,0.0,0.0
306.3333333333333,0.508,0.0,0.0,0.0,0.0
306.66666666666663,0.508,0.0,0.0,0.0,0.0
307.0,0.508,0.0,0.0,0.0,0.0
307.3333333333333,0.508,0.0,0.0,0.0,0.0
307.6666666666667,0.508,0.0,0.0,0.0,0.0
308.0,0.508,0.0,0.0,0.0,0.0
308.33333333333337,0.508,0.0,0.0,0.0,0.0
308.6666666666667,0.508,0.0,0.0,0.0,0.0
309.0,0.508,0.0,0.0,0.0,0.0
309.33333333333337,0.508,0.0,0.0,0.0,0.0
309.6666666666667,0.508,0.0,0.0,0.0,0.0
310.0,0.508,0.0,0.0,0.0,0.0
310.33333333333337,0.508,0.0,0.0,0.0,0.0
310.6666666666667,0.508,0.0,0.0,0.0,0.0
311.0,0.508,0.0,0.0,0.0,0.0
311.33333333333337,0.508,0.0,0.0,0.0,0.0
311.6666666666667,0.508,0.0,0.0,0.0,0.0
312.0,0.508,0.0,0.0,0.0,0.0
312.33333333333337,0.508,0.0,0.0,0.0,0.0
312.6666666666667,0.508,0.0,0.0,0.0,0.0
313.0,0.508,0.0,0.0,0.0,0.0
313.3333333333333,0.508,0.0,0.0,0.0,0.0
313.6666666666667,0.508,0.0,0.0,0.0,0.0
314.0,0.508,0.0,0.0,0.0,0.0
314.3333333333333,0.508,0.0,0.0,0.0,0.0
314.6666666666667,0.508,0.0,0.0,0.0,0.0
315.0,0.508,0.0,0.0,0.0,0.0
315.3333333333333,0.508,0.0,0.0,0.0,0.0
315.6666666666667,0.508,0.0,0.0,0.0,0.0
316.0,0.508,0.0,0.0,0.0,0.0
316.3333333333333,0.508,0.0,0.0,0.0,0.0
316.6666666666667,0.508,0.0,0.0,0.0,0.0
317.0,0.508,0.0,0.0,0.0,0.0
317.3333333333333,0.508,0.0,0.0,0.0,0.0
317.66666666666663,0.508,0.0,0.0,0.0,0.0
318.0,0.508,0.0,0.0,0.0,0.0
318.3333333333333,0.508,0.0,0.0,0.0,0.0
318.66666666666663,0.508,0.0,0.0,0.0,0.0
319.0,0.508,0.0,0.0,0.0,0.0
319.3333333333333,0.508,0.0,0.0,0.0,0.0
319.66666666666663,0.508,0.0,0.0,0.0,0.0
320.0,0.508,0.0,0.0,0.0,0.0
320.3333333333333,0.508,0.0,0.0,0.0,0.0
320.66666666666663,0.508,0.0,0.0,0.0,0.0
321.0,0.508,0.0,0.0,0.0,0.0
321.3333333333333,0.508,0.0,0.0,0.0,0.0
321.66666666666663,0.508,0.0,0.0,0.0,0.0
322.0,0.508,0.0,0.0,0.0,0.0
322.3333333333333,0.508,0.0,0.0,0.0,0.0
322.6666666666667,0.508,0.0,0.0,0.0,0.0
323.0,0.508,0.0,0.0,0.0,0.0
323.33333333333337,0.508,0.0,0.0,0.0,0.0
323.6666666666667,0.508,0.0,0.0,0.0,0.0
324.0,0.508,0.0,0.0,0.0,0.0
324.33333333333337,0.508,0.0,0.0,0.0,0.0
324.6666666666667,0.508,0.0,0.0,0.0,0.0
325.0,0.508,0.0,0.0,0.0,0.0
325.33333333333337,0.508,0.0,0.0,0.0,0.0
325.6666666666667,0.508,0.0,0.0,0.0,0.0
326.0,0.508,0.0,0.0,0.0,0.0
326.33333333333337,0.508,0.0,0.0,0.0,0.0
326.6666666666667,0.508,0.0,0.0,0.0,0.0
327.0,0.508,0.0,0.0,0.0,0.0
327.33333333333337,0.508,0.0,0.0,0.0,0.0
327.6666666666667,0.508,0.0,0.0,0.0,0.0
328.0,0.508,0.0,0.0,0.0,0.0
328.3333333333333,0.508,0.0,0.0,0.0,0.0
328.6666666666667,0.508,0.0,0.0,0.0,0.0
329.0,0.508,0.0,0.0,0.0,0.0
329.3333333333333,0.508,0.0,0.0,0.0,0.0
329.6666666666667,0.508,0.0,0.0,0.0,0.0
330.0,0.508,0.0,0.0,0.0,0.0
330.3333333333333,0.508,0.0,0.0,0.0,0.0
330.6666666666667,0.508,0.0,0.0,0.0,0.0
331.0,0.508,0.0,0.0,0.0,0.0
331.3333333333333,0.508,0.0,0.0,0.0,0.0
331.6666666666667,0.508,0.0,0.0,0.0,0.0
332.0,0.508,0.0,0.0,0.0,0.0
332.3333333333333,0.508,0.0,0.0,0.0,0.0
332.66666666666663,0.508,0.0,0.0,0.0,0.0
333.0,0.508,0.0,0.0,0.0,0.0
333.3333333333333,0.508,0.0,0.0,0.0,0.0
333.66666666666663,0.508,0.0,0.0,0.0,0.0
334.0,0.508,0.0,0.0,0.0,0.0
334.3333333333333,0.508,0.0,0.0,0.0,0.0
334.66666666666663,0.508,0.0,0.0,0.0,0.0
335.0,0.508,0.0,0.0,0.0,0.0
335.3333333333333,0.508,0.0,0.0,0.0,0.0
335.66666666666663,0.508,0.0,0.0,0.0,0.0
336.0,0.508,0.0,0.0,0.0,0.0
336.3333333333333,0.508,0.0,0.0,0.0,0.0
336.66666666666663,0.508,0.0,0.0,0.0,0.0
337.0,0.508,0.0,0.0,0.0,0.0
337.3333333333333,0.508,0.0,0.0,0.0,0.0
337.6666666666667,0.508,0.0,0.0,0.0,0.0
338.0,0.508,0.0,0.0,0.0,0.0
338.33333333333337,0.508,0.0,0.0,0.0,0.0
338.6666666666667,0.508,0.0,0.0,0.0,0.0
339.0,0.508,0.0,0.0,0.0,0.0
339.33333333333337,0.508,0.0,0.0,0.0,0.0
339.6666666666667,0.508,0.0,0.0,0.0,0.0
340.0,0.508,0.0,0.0,0.0,0.0
340.33333333333337,0.508,0.0,0.0,0.0,0.0
340.6666666666667,0.508,0.0,0.0,0.0,0.0
341.0,0.508,0.0,0.0,0.0,0.0
341.33333333333337,0.508,0.0,0.0,0.0,0.0
341.6666666666667,0.508,0.0,0.0,0.0,0.0
342.0,0.508,0.0,0.0,0.0,0.0
342.33333333333337,0.508,0.0,0.0,0.0,0.0
342.6666666666667,0.508,0.0,0.0,0.0,0.0
343.0,0.508,0.0,0.0,0.0,0.0
343.3333333333333,0.508,0.0,0.0,0.0,0.0
343.6666666666667,0.508,0.0,0.0,0.0,0.0
344.0,0.508,0.0,0.0,0.0,0.0
344.3333333333333,0.508,0.0,0.0,0.0,0.0
344.6666666666667,0.508,0.0,0.0,0.0,0.0
345.0,0.508,0.0,0.0,0.0,0.0
345.3333333333333,0.508,0.0,0.0,0.0,0.0
345.6666666666667,0.508,0.0,0.0,0.0,0.0
346.0,0.508,0.0,0.0,0.0,0.0
346.3333333333333,0.508,0.0,0.0,0.0,0.0
346.6666666666667,0.508,0.0,0.0,0.0,0.0
347.0,0.508,0.0,0.0,0.0,0.0
347.3333333333333,0.508,0.0,0.0,0.0,0.0
347.66666666666663,0.508,0.0,0.0,0.0,0.0
348.0,0.508,0.0,0.0,0.0,0.0
348.3333333333333,0.508,0.0,0.0,0.0,0.0
348.66666666666663,0.508,0.0,0.0,0.0,0.0
349.0,0.508,0.0,0.0,0.0,0.0
349.3333333333333,0.508,0.0,0.0,0.0,0.0
349.66666666666663,0.508,0.0,0.0,0.0,0.0
350.0,0.508,0.0,0.0,0.0,0.0
350.3333333333333,0.508,0.0,0.0,0.0,0.0
350.66666666666663,0.508,0.0,0.0,0.0,0.0
351.0,0.508,0.0,0.0,0.0,0.0
351.3333333333333,0.508,0.0,0.0,0.0,0.0
351.66666666666663,0.508,0.0,0.0,0.0,0.0
352.0,0.508,0.0,0.0,0.0,0.0
352.3333333333333,0.508,0.0,0.0,0.0,0.0
352.6666666666667,0.508,0.0,0.0,0.0,0.0
353.0,0.508,0.0,0.0,0.0,0.0
353.33333333333337,0.508,0.0,0.0,0.0,0.0
353.6666666666667,0.508,0.0,0.0,0.0,0.0
354.0,0.508,0.0,0.0,0.0,0.0
354.33333333333337,0.508,0.0,0.0,0.0,0.0
354.6666666666667,0.508,0.0,0.0,0.0,0.0
355.0,0.508,0.0,0.0,0.0,0.0
355.33333333333337,0.508,0.0,0.0,0.0,0.0
355.6666666666667,0.508,0.0,0.0,0.0,0.0
356.0,0.508,0.0,0.0,0.0,0.0
356.33333333333337,0.508,0.0,0.0,0.0,0.0
356.6666666666667,0.508,0.0,0.0,0.0,0.0
357.0,0.508,0.0,0.0,0.0,0.0
357.33333333333337,0.508,0.0,0.0,0.0,0.0
357.6666666666667,0.508,0.0,0.0,0.0,0.0
358.0,0.508,0.0,0.0,0.0,0.0
358.3333333333333,0.508,0.0,0.0,0.0,0.0
358.6666666666667,0.508,0.0,0.0,0.0,0.0
359.0,0.508,0.0,0.0,0.0,0.0
359.3333333333333,0.508,0.0,0.0,0.0,0.0
359.6666666666667,0.508,0.0,0.0,0.0,0.0
360.0,0.508,0.0,0.0,0.0,0.0
360.3333333333333,0.508,0.0,0.0,0.0,0.0
360.6666666666667,0.508,0.0,0.0,0.0,0.0
361.0,0.508,0.0,0.0,0.0,0.0
361.3333333333333,0.508,0.0,0.0,0.0,0.0
361.6666666666667,0.508,0.0,0.0,0.0,0.0
362.0,0.508,0.0,0.0,0.0,0.0
362.3333333333333,0.508,0.0,0.0,0.0,0.0
362.66666666666663,0.508,0.0,0.0,0.0,0.0
363.0,0.508,0.0,0.0,0.0,0.0
363.3333333333333,0.508,0.0,0.0,0.0,0.0
363.66666666666663,0.508,0.0,0.0,0.0,0.0
364.0,0.508,0.0,0.0,0.0,0.0
364.3333333333333,0.508,0.0,0.0,0.0,0.0
364.66666666666663,0.508,0.0,0.0,0.0,0.0
365.0,0.508,0.0,0.0,0.0,0.0
365.3333333333333,0.508,0.0,0.0,0.0,0.0
365.66666666666663,0.508,0.0,0.0,0.0,0.0
366.0,0.508,0.0,0.0,0.0,0.0
366.3333333333333,0.508,0.0,0.0,0.0,0.0
366.66666666666663,0.508,0.0,0.0,0.0,0.0
367.0,0.508,0.0,0.0,0.0,0.0
367.3333333333333,0.508,0.0,0.0,0.0,0.0
367.6666666666667,0.508,0.0,0.0,0.0,0.0
368.0,0.508,0.0,0.0,0.0,0.0
368.33333333333337,0.508,0.0,0.0,0.0,0.0
368.6666666666667,0.508,0.0,0.0,0.0,0.0
369.0,0.508,0.0,0.0,0.0,0.0
369.33333333333337,0.508,0.0,0.0,0.0,0.0
369.6666666666667,0.508,0.0,0.0,0.0,0.0
370.0,0.508,0.0,0.0,0.0,0.0
370.33333333333337,0.508,0.0,0.0,0.0,0.0
370.6666666666667,0.508,0.0,0.0,0.0,0.0
371.0,0.508,0.0,0.0,0.0,0.0
371.33333333333337,0.508,0.0,0.0,0.0,0.0
371.6666666666667,0.508,0.0,0.0,0.0,0.0
372.0,0.508,0.0,0.0,0.0,0.0
372.33333333333337,0.508,0.0,0.0,0.0,0.0
372.6666666666667,0.508,0.0,0.0,0.0,0.0
373.0,0.508,0.0,0.0,0.0,0.0
373.3333333333333,0.508,0.0,0.0,0.0,0.0
373.6666666666667,0.508,0.0,0.0,0.0,0.0
374.0,0.508,0.0,0.0,0.0,0.0
374.3333333333333,0.508,0.0,0.0,0.0,0.0
374.6666666666667,0.508,0.0,0.0,0.0,0.0
375.0,0.508,0.0,0.0,0.0,0.0
375.3333333333333,0.508,0.0,0.0,0.0,0.0
375.6666666666667,0.508,0.0,0.0,0.0,0.0
376.0,0.508,0.0,0.0,0.0,0.0
376.3333333333333,0.508,0.0,0.0,0.0,0.0
376.6666666666667,0.508,0.0,0.0,0.0,0.0
377.0,0.508,0.0,0.0,0.0,0.0
377.3333333333333,0.508,0.0,0.0,0.0,0.0
377.66666666666663,0.508,0.0,0.0,0.0,0.0
378.0,0.508,0.0,0.0,0.0,0.0
378.3333333333333,0.508,0.0,0.0,0.0,0.0
378.66666666666663,0.508,0.0,0.0,0.0,0.0
379.0,0.508,0.0,0.0,0.0,0.0
379.3333333333333,0.508,0.0,0.0,0.0,0.0
379.66666666666663,0.508,0.0,0.0,0.0,0.0
380.0,0.508,0.0,0.0,0.0,0.0
380.3333333333333,0.508,0.0,0.0,0.0,0.0
380.66666666666663,0.508,0.0,0.0,0.0,0.0
381.0,0.508,0.0,0.0,0.0,0.0
381.3333333333333,0.508,0.0,0.0,0.0,0.0
381.66666666666663,0.508,0.0,0.0,0.0,0.0
382.0,0.508,0.0,0.0,0.0,0.0
382.3333333333333,0.508,0.0,0.0,0.0,0.0
382.6666666666667,0.508,0.0,0.0,0.0,0.0
383.0,0.508,0.0,0.0,0.0,0.0
383.33333333333337,0.508,0.0,0.0,0.0,0.0
383.6666666666667,0.508,0.0,0.0,0.0,0.0
384.0,0.508,0.0,0.0,0.0,0.0
384.33333333333337,0.508,0.0,0.0,0.0,0.0
384.6666666666667,0.508,0.0,0.0,0.0,0.0
385.0,0.508,0.0,0.0,0.0,0.0
385.33333333333337,0.508,0.0,0.0,0.0,0.0
385.6666666666667,0.508,0.0,0.0,0.0,0.0
386.0,0.508,0.0,0.0,0.0,0.0
386.33333333333337,0.508,0.0,0.0,0.0,0.0
386.6666666666667,0.508,0.0,0.0,0.0,0.0
387.0,0.508,0.0,0.0,0.0,0.0
387.33333333333337,0.508,0.0,0.0,0.0,0.0
387.6666666666667,0.508,0.0,0.0,0.0,0.0
388.0,0.508,0.0,0.0,0.0,0.0
388.3333333333333,0.508,0.0,0.0,0.0,0.0
388.6666666666667,0.508,0.0,0.0,0.0,0.0
389.0,0.508,0.0,0.0,0.0,0.0
389.3333333333333,0.508,0.0,0.0,0.0,0.0
389.6666666666667,0.508,0.0,0.0,0.0,0.0
390.0,0.508,0.0,0.0,0.0,0.0
390.3333333333333,0.508,0.0,0.0,0.0,0.0
390.6666666666667,0.508,0.0,0.0,0.0,0.0
391.0,0.508,0.0,0.0,0.0,0.0
391.3333333333333,0.508,0.0,0.0,0.0,0.0
391.6666666666667,0.508,0.0,0.0,0.0,0.0
392.0,0.508,0.0,0.0,0.0,0.0
392.3333333333333,0.508,0.0,0.0,0.0,0.0
392.66666666666663,0.508,0.0,0.0,0.0,0.0
393.0,0.508,0.0,0.0,0.0,0.0
393.3333333333333,0.508,0.0,0.0,0.0,0.0
393.66666666666663,0.508,0.0,0.0,0.0,0.0
394.0,0.508,0.0,0.0,0.0,0.0
394.3333333333333,0.508,0.0,0.0,0.0,0.0
394.66666666666663,0.508,0.0,0.0,0.0,0.0
395.0,0.508,0.0,0.0,0.0,0.0
395.3333333333333,0.508,0.0,0.0,0.0,0.0
395.66666666666663,0.508,0.0,0.0,0.0,0.0
396.0,0.508,0.0,0.0,0.0,0.0
396.3333333333333,0.508,0.0,0.0,0.0,0.0
396.66666666666663,0.508,0.0,0.0,0.0,0.0
397.0,0.508,0.0,0.0,0.0,0.0
397.3333333333333,0.508,0.0,0.0,0.0,0.0
397.6666666666667,0.508,0.0,0.0,0.0,0.0
398.0,0.508,0.0,0.0,0.0,0.0
398.33333333333337,0.508,0.0,0.0,0.0,0.0
398.6666666666667,0.508,0.0,0.0,0.0,0.0
399.0,0.508,0.0,0.0,0.0,0.0
399.33333333333337,0.508,0.0,0.0,0.0,0.0
399.6666666666667,0.508,0.0,0.0,0.0,0.0
400.0,0.508,0.0,0.0,0.0,0.0
400.33333333333337,0.508,0.0,0.0,0.0,0.0
400.6666666666667,0.508,0.0,0.0,0.0,0.0
401.0,0.508,0.0,0.0,0.0,0.0
401.33333333333337,0.508,0.0,0.0,0.0,0.0
401.6666666666667,0.508,0.0,0.0,0.0,0.0
402.0,0.508,0.0,0.0,0.0,0.0
402.33333333333337,0.508,0.0,0.0,0.0,0.0
402.6666666666667,0.508,0.0,0.0,0.0,0.0
403.0,0.508,0.0,0.0,0.0,0.0
403.3333333333333,0.508,0.0,0.0,0.0,0.0
403.6666666666667,0.508,0.0,0.0,0.0,0.0
404.0,0.508,0.0,0.0,0.0,0.0
404.3333333333333,0.508,0.0,0.0,0.0,0.0
404.6666666666667,0.508,0.0,0.0,0.0,0.0
405.0,0.508,0.0,0.0,0.0,0.0
405.3333333333333,0.508,0.0,0.0,0.0,0.0
405.6666666666667,0.508,0.0,0.0,0.0,0.0
406.0,0.508,0.0,0.0,0.0,0.0
406.3333333333333,0.508,0.0,0.0,0.0,0.0
406.6666666666667,0.508,0.0,0.0,0.0,0.0
407.0,0.508,0.0,0.0,0.0,0.0
407.3333333333333,0.508,0.0,0.0,0.0,0.0
407.66666666666663,0.508,0.0,0.0,0.0,0.0
408.0,0.508,0.0,0.0,0.0,0.0
408.3333333333333,0.508,0.0,0.0,0.0,0.0
408.66666666666663,0.508,0.0,0.0,0.0,0.0
409.0,0.508,0.0,0.0,0.0,0.0
409.3333333333333,0.508,0.0,0.0,0.0,0.0
409.66666666666663,0.508,0.0,0.0,0.0,0.0
410.0,0.508,0.0,0.0,0.0,0.0
410.3333333333333,0.508,0.0,0.0,0.0,0.0
410.66666666666663,0.508,0.0,0.0,0.0,0.0
411.0,0.508,0.0,0.0,0.0,0.0
411.3333333333333,0.508,0.0,0.0,0.0,0.0
411.66666666666663,0.508,0.0,0.0,0.0,0.0
412.0,0.508,0.0,0.0,0.0,0.0
412.3333333333333,0.508,0.0,0.0,0.0,0.0
412.6666666666667,0.508,0.0,0.0,0.0,0.0
413.0,0.508,0.0,0.0,0.0,0.0
413.33333333333337,0.508,0.0,0.0,0.0,0.0
413.6666666666667,0.508,0.0,0.0,0.0,0.0
414.0,0.508,0.0,0.0,0.0,0.0
414.33333333333337,0.508,0.0,0.0,0.0,0.0
414.6666666666667,0.508,0.0,0.0,0.0,0.0
415.0,0.508,0.0,0.0,0.0,0.0
415.33333333333337,0.508,0.0,0.0,0.0,0.0
415.6666666666667,0.508,0.0,0.0,0.0,0.0
416.0,0.508,0.0,0.0,0.0,0.0
416.33333333333337,0.508,0.0,0.0,0.0,0.0
416.6666666666667,0.508,0.0,0.0,0.0,0.0
417.0,0.508,0.0,0.0,0.0,0.0
417.33333333333337,0.508,0.0,0.0,0.0,0.0
417.6666666666667,0.508,0.0,0.0,0.0,0.0
418.0,0.508,0.0,0.0,0.0,0.0
418.3333333333333,0.508,0.0,0.0,0.0,0.0
418.6666666666667,0.508,0.0,0.0,0.0,0.0
419.0,0.508,0.0,0.0,0.0,0.0
419.3333333333333,0.508,0.0,0.0,0.0,0.0
419.6666666666667,0.508,0.0,0.0,0.0,0.0
420.0,0.508,0.0,0.0,0.0,0.0
420.3333333333333,0.508,0.0,0.0,0.0,0.0
420.6666666666667,0.508,0.0,0.0,0.0,0.0
421.0,0.508,0.0,0.0,0.0,0.0
421.3333333333333,0.508,0.0,0.0,0.0,0.0
421.6666666666667,0.508,0.0,0.0,0.0,0.0
422.0,0.508,0.0,0.0,0.0,0.0
422.3333333333333,0.508,0.0,0.0,0.0,0.0
422.66666666666663,0.508,0.0,0.0,0.0,0.0
423.0,0.508,0.0,0.0,0.0,0.0
423.3333333333333,0.508,0.0,0.0,0.0,0.0
423.66666666666663,0.508,0.0,0.0,0.0,0.0
424.0,0.508,0.0,0.0,0.0,0.0
424.3333333333333,0.508,0.0,0.0,0.0,0.0
424.66666666666663,0.508,0.0,0.0,0.0,0.0
425.0,0.508,0.0,0.0,0.0,0.0
425.3333333333333,0.508,0.0,0.0,0.0,0.0
425.66666666666663,0.508,0.0,0.0,0.0,0.0
426.0,0.508,0.0,0.0,0.0,0.0
426.3333333333333,0.508,0.0,0.0,0.0,0.0
426.66666666666663,0.508,0.0,0.0,0.0,0.0
427.0,0.508,0.0,0.0,0.0,0.0
427.3333333333333,0.508,0.0,0.0,0.0,0.0
427.6666666666667,0.508,0.0,0.0,0.0,0.0
428.0,0.508,0.0,0.0,0.0,0.0
428.33333333333337,0.508,0.0,0.0,0.0,0.0
428.6666666666667,0.508,0.0,0.0,0.0,0.0
429.0,0.508,0.0,0.0,0.0,0.0
429.33333333333337,0.508,0.0,0.0,0.0,0.0
429.6666666666667,0.508,0.0,0.0,0.0,0.0
430.0,0.508,0.0,0.0,0.0,0.0
430.33333333333337,0.508,0.0,0.0,0.0,0.0
430.6666666666667,0.508,0.0,0.0,0.0,0.0
431.0,0.508,0.0,0.0,0.0,0.0
431.33333333333337,0.508,0.0,0.0,0.0,0.0
431.6666666666667,0.508,0.0,0.0,0.0,0.0
432.0,0.508,0.0,0.0,0.0,0.0
432.33333333333337,0.508,0.0,0.0,0.0,0.0
432.6666666666667,0.508,0.0,0.0,0.0,0.0
433.0,0.508,0.0,0.0,0.0,0.0
433.3333333333333,0.508,0.0,0.0,0.0,0.0
433.6666666666667,0.508,0.0,0.0,0.0,0.0
434.0,0.508,0.0,0.0,0.0,0.0
434.3333333333333,0.508,0.0,0.0,0.0,0.0
434.6666666666667,0.508,0.0,0.0,0.0,0.0
435.0,0.508,0.0,0.0,0.0,0.0
435.3333333333333,0.508,0.0,0.0,0.0,0.0
435.6666666666667,0.508,0.0,0.0,0.0,0.0
436.0,0.508,0.0,0.0,0.0,0.0
436.3333333333333,0.508,0.0,0.0,0.0,0.0
436.6666666666667,0.508,0.0,0.0,0.0,0.0
437.0,0.508,0.0,0.0,0.0,0.0
437.3333333333333,0.508,0.0,0.0,0.0,0.0
437.66666666666663,0.508,0.0,0.0,0.0,0.0
438.0,0.508,0.0,0.0,0.0,0.0
438.3333333333333,0.508,0.0,0.0,0.0,0.0
438.66666666666663,0.508,0.0,0.0,0.0,0.0
439.0,0.508,0.0,0.0,0.0,0.0
439.3333333333333,0.508,0.0,0.0,0.0,0.0
439.66666666666663,0.508,0.0,0.0,0.0,0.0
440.0,0.508,0.0,0.0,0.0,0.0
440.3333333333333,0.508,0.0,0.0,0.0,0.0
440.66666666666663,0.508,0.0,0.0,0.0,0.0
441.0,0.508,0.0,0.0,0.0,0.0
441.3333333333333,0.508,0.0,0.0,0.0,0.0
441.66666666666663,0.508,0.0,0.0,0.0,0.0
442.0,0.508,0.0,0.0,0.0,0.0
442.3333333333333,0.508,0.0,0.0,0.0,0.0
442.6666666666667,0.508,0.0,0.0,0.0,0.0
443.0,0.508,0.0,0.0,0.0,0.0
443.33333333333337,0.508,0.0,0.0,0.0,0.0
443.6666666666667,0.508,0.0,0.0,0.0,0.0
444.0,0.508,0.0,0.0,0.0,0.0
444.33333333333337,0.508,0.0,0.0,0.0,0.0
444.6666666666667,0.508,0.0,0.0,0.0,0.0
445.0,0.508,0.0,0.0,0.0,0.0
445.33333333333337,0.508,0.0,0.0,0.0,0.0
445.6666666666667,0.508,0.0,0.0,0.0,0.0
446.0,0.508,0.0,0.0,0.0,0.0
446.33333333333337,0.508,0.0,0.0,0.0,0.0
446.6666666666667,0.508,0.0,0.0,0.0,0.0
447.0,0.508,0.0,0.0,0.0,0.0
447.33333333333337,0.508,0.0,0.0,0.0,0.0
447.6666666666667,0.508,0.0,0.0,0.0,0.0
448.0,0.508,0.0,0.0,0.0,0.0
448.3333333333333,0.508,0.0,0.0,0.0,0.0
448.6666666666667,0.508,0.0,0.0,0.0,0.0
449.0,0.508,0.0,0.0,0.0,0.0
449.3333333333333,0.508,0.0,0.0,0.0,0.0
449.6666666666667,0.508,0.0,0.0,0.0,0.0
450.0,0.508,0.0,0.0,0.0,0.0
450.3333333333333,0.508,0.0,0.0,0.0,0.0
450.6666666666667,0.508,0.0,0.0,0.0,0.0
451.0,0.508,0.0,0.0,0.0,0.0
451.3333333333333,0.508,0.0,0.0,0.0,0.0
451.6666666666667,0.508,0.0,0.0,0.0,0.0
452.0,0.508,0.0,0.0,0.0,0.0
452.3333333333333,0.508,0.0,0.0,0.0,0.0
452.66666666666663,0.508,0.0,0.0,0.0,0.0
453.0,0.508,0.0,0.0,0.0,0.0
453.3333333333333,0.508,0.0,0.0,0.0,0.0
453.66666666666663,0.508,0.0,0.0,0.0,0.0
454.0,0.508,0.0,0.0,0.0,0.0
454.3333333333333,0.508,0.0,0.0,0.0,0.0
454.66666666666663,0.508,0.0,0.0,0.0,0.0
455.0,0.508,0.0,0.0,0.0,0.0
455.3333333333333,0.508,0.0,0.0,0.0,0.0
455.66666666666663,0.508,0.0,0.0,0.0,0.0
456.0,0.508,0.0,0.0,0.0,0.0
456.3333333333333,0.508,0.0,0.0,0.0,0.0
456.66666666666663,0.508,0.0,0.0,0.0,0.0
457.0,0.508,0.0,0.0,0.0,0.0
457.3333333333333,0.508,0.0,0.0,0.0,0.0
457.6666666666667,0.508,0.0,0.0,0.0,0.0
458.0,0.508,0.0,0.0,0.0,0.0
458.33333333333337,0.508,0.0,0.0,0.0,0.0
458.6666666666667,0.508,0.0,0.0,0.0,0.0
459.0,0.508,0.0,0.0,0.0,0.0
459.33333333333337,0.508,0.0,0.0,0.0,0.0
459.6666666666667,0.508,0.0,0.0,0.0,0.0
460.0,0.508,0.0,0.0,0.0,0.0
460.33333333333337,0.508,0.0,0.0,0.0,0.0
460.6666666666667,0.508,0.0,0.0,0.0,0.0
461.0,0.508,0.0,0.0,0.0,0.0
461.33333333333337,0.508,0.0,0.0,0.0,0.0
461.6666666666667,0.508,0.0,0.0,0.0,0.0
462.0,0.508,0.0,0.0,0.0,0.0
462.33333333333337,0.508,0.0,0.0,0.0,0.0
462.6666666666667,0.508,0.0,0.0,0.0,0.0
463.0,0.508,0.0,0.0,0.0,0.0
463.3333333333333,0.508,0.0,0.0,0.0,0.0
463.6666666666667,0.508,0.0,0.0,0.0,0.0
464.0,0.508,0.0,0.0,0.0,0.0
464.3333333333333,0.508,0.0,0.0,0.0,0.0
464.6666666666667,0.508,0.0,0.0,0.0,0.0
465.0,0.508,0.0,0.0,0.0,0.0
465.3333333333333,0.508,0.0,0.0,0.0,0.0
465.6666666666667,0.508,0.0,0.0,0.0,0.0
466.0,0.508,0.0,0.0,0.0,0.0
466.3333333333333,0.508,0.0,0.0,0.0,0.0
466.6666666666667,0.508,0.0,0.0,0.0,0.0
467.0,0.508,0.0,0.0,0.0,0.0
467.3333333333333,0.508,0.0,0.0,0.0,0.0
467.66666666666663,0.508,0.0,0.0,0.0,0.0
468.0,0.508,0.0,0.0,0.0,0.0
468.3333333333333,0.508,0.0,0.0,0.0,0.0
468.66666666666663,0.508,0.0,0.0,0.0,0.0
469.0,0.508,0.0,0.0,0.0,0.0
469.3333333333333,0.508,0.0,0.0,0.0,0.0
469.66666666666663,0.508,0.0,0.0,0.0,0.0
470.0,0.508,0.0,0.0,0.0,0.0
470.3333333333333,0.508,0.0,0.0,0.0,0.0
470.66666666666663,0.508,0.0,0.0,0.0,0.0
471.0,0.508,0.0,0.0,0.0,0.0
471.3333333333333,0.508,0.0,0.0,0.0,0.0
471.66666666666663,0.508,0.0,0.0,0.0,0.0
472.0,0.508,0.0,0.0,0.0,0.0
472.3333333333333,0.508,0.0,0.0,0.0,0.0
472.6666666666667,0.508,0.0,0.0,0.0,0.0
473.0,0.508,0.0,0.0,0.0,0.0
473.33333333333337,0.508,0.0,0.0,0.0,0.0
473.6666666666667,0.508,0.0,0.0,0.0,0.0
474.0,0.508,0.0,0.0,0.0,0.0
474.33333333333337,0.508,0.0,0.0,0.0,0.0
474.6666666666667,0.508,0.0,0.0,0.0,0.0
475.0,0.508,0.0,0.0,0.0,0.0
475.33333333333337,0.508,0.0,0.0,0.0,0.0
475.6666666666667,0.508,0.0,0.0,0.0,0.0
476.0,0.508,0.0,0.0,0.0,0.0
476.33333333333337,0.508,0.0,0.0,0.0,0.0
476.6666666666667,0.508,0.0,0.0,0.0,0.0
477.0,0.508,0.0,0.0,0.0,0.0
477.33333333333337,0.508,0.0,0.0,0.0,0.0
477.6666666666667,0.508,0.0,0.0,0.0,0.0
478.0,0.508,0.0,0.0,0.0,0.0
478.3333333333333,0.508,0.0,0.0,0.0,0.0
478.6666666666667,0.508,0.0,0.0,0.0,0.0
479.0,0.508,0.0,0.0,0.0,0.0
479.3333333333333,0.508,0.0,0.0,0.0,0.0
479.6666666666667,0.508,0.0,0.0,0.0,0.0
480.0,0.508,0.0,0.0,0.0,0.0
480.33333333333337,0.5164666666666666,0.0,0.0,0.0,0.0
480.6666666666667,0.5249333333333334,0.0,0.0,0.0,0.0
481.00000000000006,0.5334,0.0,0.0,0.0,0.0
481.3333333333333,0.5418666666666666,0.0,0.0,0.0,0.0
481.66666666666674,0.5503333333333333,0.0,0.0,0.0,0.0
482.0,0.5588,0.0,0.0,0.0,0.0
482.33333333333337,0.5672666666666666,0.0,0.0,0.0,0.0
482.66666666666663,0.5757333333333333,0.0,0.0,0.0,0.0
483.00000000000006,0.5842,0.0,0.0,0.0,0.0
483.3333333333333,0.5926666666666667,0.0,0.0,0.0,0.0
483.6666666666667,0.6011333333333334,0.0,0.0,0.0,0.0
484.0,0.6096,0.0,0.0,0.0,0.0
484.33333333333337,0.6180666666666668,0.0,0.0,0.0,0.0
484.66666666666663,0.6265333333333334,0.0,0.0,0.0,0.0
485.00000000000006,0.635,0.0,0.0,0.0,0.0
485.3333333333333,0.6434666666666667,0.0,0.0,0.0,0.0
485.6666666666667,0.6519333333333334,0.0,0.0,0.0,0.0
486.0,0.6604,0.0,0.0,0.0,0.0
486.33333333333337,0.6688666666666667,0.0,0.0,0.0,0.0
486.66666666666663,0.6773333333333333,0.0,0.0,0.0,0.0
487.0,0.6858000000000001,0.0,0.0,0.0,0.0
487.3333333333333,0.6942666666666667,0.0,0.0,0.0,0.0
487.6666666666667,0.7027333333333333,0.00011245477049559582,0.0,0.0,0.0
488.0,0.7112,0.00046079140503252347,0.0,0.0,0.0
488.33333333333337,0.7196666666666667,0.000809128464229758,0.0,0.0,0.0
488.66666666666663,0.7281333333333334,0.0011574651237467037,0.0,0.0,0.0
489.0,0.7366,0.001505801083823144,0.0,0.0,0.0
489.3333333333333,0.7450666666666667,0.0018541380431003063,0.0,0.0,0.0
489.6666666666667,0.7535333333333334,0.0022024754020577575,0.0,0.0,0.0
489.99999999999994,0.762,0.002550812960855353,0.0,0.0,0.0
490.33333333333337,0.7704666666666666,0.0028991467226902046,0.0,0.0,0.0
490.66666666666663,0.7789333333333334,0.0032474824829265003,0.0,0.0,0.0
491.0,0.7874,0.0035958180433226516,0.0,0.0,0.0
491.3333333333333,0.7958666666666666,0.003944154203239236,0.0,0.0,0.0
491.6666666666667,0.8043333333333333,0.004292493560598132,0.0,0.0,0.0
491.99999999999994,0.8128000000000001,0.0046408293208344276,0.0,0.0,0.0
492.33333333333337,0.8212666666666667,0.004989165480751012,0.0,0.0,0.0
492.66666666666663,0.8297333333333334,0.005337502839708463,0.0,0.0,0.0
493.0,0.8382000000000001,0.005685835002822159,0.0,0.0,0.0
493.33333333333326,0.8466666666666668,0.006034174759861344,0.0,0.0,0.0
493.6666666666667,0.8551333333333334,0.006382511319458217,0.0,0.0,0.0
493.99999999999994,0.8636000000000001,0.0067308454809733576,0.0,0.0,0.0
494.3333333333333,0.8720666666666668,0.007079181241209653,0.0,0.0,0.0
494.66666666666663,0.8805333333333334,0.0074275217976094154,0.0,0.0,0.0
495.0,0.8890000000000001,0.007775857557845711,0.0,0.0,0.0
495.33333333333337,0.8974666666666667,0.00812419571616374,0.0,0.0,0.0
495.6666666666667,0.9059333333333335,0.00847252987767888,0.0,0.0,0.0
496.00000000000006,0.9144000000000001,0.008820869634718065,0.0,0.0,0.0
496.3333333333333,0.9228666666666667,0.009169199799430316,0.0,0.0,0.0
496.66666666666674,0.9313333333333332,0.009517537957748345,0.0,0.0,0.0
497.0,0.9398000000000001,0.009865872119263486,0.0,0.0,0.0
497.33333333333337,0.9482666666666669,0.010214214274384403,0.0,0.0,0.0
497.66666666666663,0.9567333333333334,0.010562550034620699,0.0,0.0,0.0
498.00000000000006,0.9652000000000001,0.010910885794856995,0.0,0.0,0.0
498.3333333333333,0.9736666666666667,0.011259219157011557,0.0,0.0,0.0
498.6666666666667,0.9821333333333334,0.011607560512771897,0.0,0.0,0.0
499.0,0.9906000000000001,0.011955890677484149,0.0,0.0,0.0
499.33333333333337,0.9990666666666668,0.012304220042835823,0.0,0.0,0.0
499.66666666666663,1.0075333333333334,0.012652566194759629,0.0,0.0,0.0
500.00000000000006,1.016,0.013000901155635347,0.0,0.0,0.0
500.3333333333333,1.0244666666666666,0.013349239313953376,0.0,0.0,0.0
500.6666666666667,1.0329333333333333,0.013697574274829094,0.0,0.0,0.0
501.0,1.0414000000000003,0.014045908436344234,0.0,0.0,0.0
501.33333333333337,1.0498666666666667,0.01439424419658053,0.0,0.0,0.0
501.66666666666663,1.0583333333333333,0.014742594345307225,0.0,0.0,0.0
502.0,1.0668,0.015090918914495433,0.0,0.0,0.0
502.3333333333333,1.0752666666666668,0.01543925787217404,0.0,0.0,0.0
502.6666666666667,1.0837333333333332,0.015787596829852646,0.0,0.0,0.0
503.0,1.0922000000000003,0.01613593259008894,0.0,0.0,0.0
503.33333333333337,1.1006666666666667,0.01648426355416177,0.0,0.0,0.0
503.66666666666663,1.1091333333333333,0.016832607308003844,0.0,0.0,0.0
504.0,1.1176,0.017180935074634363,0.0,0.0,0.0
504.3333333333333,1.1260666666666668,0.01752927722975528,0.0,0.0,0.0
504.6666666666667,1.1345333333333334,0.017877612989991576,0.0,0.0,0.0
504.99999999999994,1.1430000000000002,0.018225953546391338,0.0,0.0,0.0
505.33333333333337,1.1514666666666666,0.0185742941027911,0.0,0.0,0.0
505.66666666666663,1.1599333333333333,0.01892262186942162,0.0,0.0,0.0
506.0,1.1684,0.019270940043725204,0.0,0.0,0.0
506.3333333333333,1.176866666666667,0.019619288593730744,0.0,0.0,0.0
506.6666666666667,1.1853333333333333,0.01996762435396704,0.0,0.0,0.0
506.99999999999994,1.1938,0.020315974502693734,0.0,0.0,0.0
507.33333333333337,1.2022666666666668,0.020664300670603097,0.0,0.0,0.0
507.66666666666663,1.2107333333333334,0.02101264762188748,0.0,0.0,0.0
508.0,1.2192,0.02136098178340262,0.0,0.0,0.0
508.33333333333326,1.227666666666667,0.021709315944917762,0.0,0.0,0.0
508.6666666666667,1.2361333333333335,0.022057659698759835,0.0,0.0,0.0
508.99999999999994,1.2446,0.022405993860274975,0.0,0.0,0.0
509.3333333333333,1.2530666666666668,0.02275432322562665,0.0,0.0,0.0
509.66666666666663,1.2615333333333334,0.023102649393536012,0.0,0.0,0.0
510.0,1.2700000000000002,0.023450993147378085,0.0,0.0,0.0
510.33333333333337,1.2784666666666669,0.023799320914008604,0.0,0.0,0.0
510.6666666666667,1.2869333333333335,0.024147655075523744,0.0,0.0,0.0
511.00000000000006,1.2953999999999999,0.024496013217856216,0.0,0.0,0.0
511.3333333333333,1.303866666666667,0.024844347379371357,0.0,0.0,0.0
511.66666666666674,1.3123333333333336,0.025192678343444186,0.0,0.0,0.0
512.0,1.3208000000000002,0.02554101410368048,0.0,0.0,0.0
512.3333333333334,1.3292666666666666,0.02588936265368602,0.0,0.0,0.0
512.6666666666666,1.3377333333333334,0.026237706407528094,0.0,0.0,0.0
513.0,1.3461999999999998,0.02658601339078359,0.0,0.0,0.0
513.3333333333334,1.3546666666666667,0.02693435874334682,0.0,0.0,0.0
513.6666666666667,1.3631333333333335,0.027282694503583116,0.0,0.0,0.0
514.0,1.3716000000000002,0.027631052645915588,0.0,0.0,0.0
514.3333333333334,1.3800666666666666,0.02797936922149802,0.0,0.0,0.0
514.6666666666666,1.3885333333333336,0.028327704981734314,0.0,0.0,0.0
515.0,1.397,0.028676053531739853,0.0,0.0,0.0
515.3333333333333,1.4054666666666666,0.029024376502206906,0.0,0.0,0.0
515.6666666666667,1.4139333333333335,0.029372725052212445,0.0,0.0,0.0
516.0,1.4224,0.029721044825237186,0.0,0.0,0.0
516.3333333333334,1.4308666666666667,0.030069390177800415,0.0,0.0,0.0
516.6666666666666,1.4393333333333336,0.0304177227405944,0.0,0.0,0.0
517.0,1.4478000000000002,0.03076604571106145,0.0,0.0,0.0
517.3333333333333,1.4562666666666668,0.031114397458509302,0.0,0.0,0.0
517.6666666666667,1.4647333333333337,0.03146273641618791,0.0,0.0,0.0
518.0,1.4732,0.03181106897898189,0.0,0.0,0.0
518.3333333333334,1.481666666666667,0.03215939834433357,0.0,0.0,0.0
518.6666666666666,1.4901333333333333,0.03250771172247369,0.0,0.0,0.0
519.0,1.4986000000000002,0.03285607625969078,0.0,0.0,0.0
519.3333333333333,1.5070666666666668,0.03320442161225401,0.0,0.0,0.0
519.6666666666667,1.5155333333333334,0.033552754175047994,0.0,0.0,0.0
520.0,1.5240000000000002,0.03390109952761122,0.0,0.0,0.0
520.3333333333334,1.5324666666666669,0.034249419300635964,0.0,0.0,0.0
520.6666666666666,1.5409333333333333,0.034597777442968436,0.0,0.0,0.0
521.0,1.5494000000000003,0.034946087623666244,0.0,0.0,0.0
521.3333333333333,1.5578666666666667,0.03529441698901792,0.0,0.0,0.0
521.6666666666666,1.5663333333333334,0.03564278472367732,0.0,0.0,0.0
522.0,1.5748000000000002,0.03599112048391362,0.0,0.0,0.0
522.3333333333334,1.5832666666666668,0.036339459441592226,0.0,0.0,0.0
522.6666666666666,1.5917333333333334,0.0366877888069439,0.0,0.0,0.0
523.0,1.6002000000000003,0.037036127764622506,0.0,0.0,0.0
523.3333333333333,1.6086666666666667,0.03738444753764725,0.0,0.0,0.0
523.6666666666666,1.6171333333333335,0.03773281207486434,0.0,0.0,0.0
524.0,1.6256000000000002,0.038081138242773704,0.0,0.0,0.0
524.3333333333334,1.6340666666666668,0.03842944842347151,0.0,0.0,0.0
524.6666666666666,1.6425333333333334,0.0387777809862655,0.0,0.0,0.0
525.0,1.651,0.03912613273371335,0.0,0.0,0.0
525.3333333333334,1.6594666666666669,0.0394744557041804,0.0,0.0,0.0
525.6666666666666,1.6679333333333335,0.03982279785930132,0.0,0.0,0.0
526.0,1.6764000000000001,0.04017115600163379,0.0,0.0,0.0
526.3333333333334,1.684866666666667,0.04051947577465853,0.0,0.0,0.0
526.6666666666667,1.6933333333333336,0.040867801942567894,0.0,0.0,0.0
527.0,1.7018,0.04121615049257343,0.0,0.0,0.0
527.3333333333334,1.710266666666667,0.04156448625280973,0.0,0.0,0.0
527.6666666666666,1.7187333333333337,0.041912790038622916,0.0,0.0,0.0
528.0,1.7272000000000003,0.04226115777328232,0.0,0.0,0.0
528.3333333333334,1.735666666666667,0.042609487138633995,0.0,0.0,0.0
528.6666666666667,1.7441333333333335,0.04295783249119722,0.0,0.0,0.0
529.0,1.7526,0.043306155461664275,0.0,0.0,0.0
529.3333333333334,1.7610666666666668,0.043654510406554436,0.0,0.0,0.0
529.6666666666666,1.7695333333333332,0.04400284296934842,0.0,0.0,0.0
530.0,1.7780000000000002,0.04435114995260392,0.0,0.0,0.0
530.3333333333333,1.7864666666666666,0.0446995112923787,0.0,0.0,0.0
530.6666666666667,1.7949333333333335,0.04504788542192273,0.0,0.0,0.0
531.0,1.8034000000000003,0.045396192405178226,0.0,0.0,0.0
531.3333333333334,1.811866666666667,0.0457445217705299,0.0,0.0,0.0
531.6666666666666,1.8203333333333336,0.0460928287537854,0.0,0.0,0.0
532.0,1.8288000000000002,0.04644119329100249,0.0,0.0,0.0
532.3333333333333,1.8372666666666666,0.046789554630777275,0.0,0.0,0.0
532.6666666666667,1.8457333333333334,0.047137874403802016,0.0,0.0,0.0
533.0,1.8541999999999998,0.04748621336148062,0.0,0.0,0.0
533.3333333333334,1.8626666666666665,0.047834533134505364,0.0,0.0,0.0
533.6666666666666,1.8711333333333335,0.04818286249985704,0.0,0.0,0.0
534.0,1.8796000000000002,0.04853122383963182,0.0,0.0,0.0
534.3333333333333,1.8880666666666668,0.048879550007541184,0.0,0.0,0.0
534.6666666666667,1.8965333333333338,0.04922788576777748,0.0,0.0,0.0
535.0,1.9050000000000002,0.04957623112034071,0.0,0.0,0.0
535.3333333333334,1.9134666666666669,0.04992455409080776,0.0,0.0,0.0
535.6666666666666,1.9219333333333337,0.05027291543058254,0.0,0.0,0.0
536.0,1.9304000000000001,0.050621238401049595,0.0,0.0,0.0
536.3333333333333,1.9388666666666667,0.050969551779189715,0.0,0.0,0.0
536.6666666666666,1.9473333333333334,0.05131792590873374,0.0,0.0,0.0
537.0,1.9557999999999998,0.05166623289198924,0.0,0.0,0.0
537.3333333333334,1.9642666666666668,0.0520145878368794,0.0,0.0,0.0
537.6666666666666,1.9727333333333334,0.052362888425250276,0.0,0.0,0.0
538.0,1.9812000000000003,0.05271124976502506,0.0,0.0,0.0
538.3333333333333,1.989666666666667,0.05305960790735753,0.0,0.0,0.0
538.6666666666666,1.9981333333333335,0.05340792768038227,0.0,0.0,0.0
539.0,2.0066,0.053756250650849324,0.0,0.0,0.0
539.3333333333334,2.015066666666667,0.054104605595739486,0.0,0.0,0.0
539.6666666666666,2.0235333333333334,0.0544529477508604,0.0,0.0,0.0
540.0,2.032,0.054801309090635186,0.0,0.0,0.0
540.3333333333334,2.0404666666666667,0.05514960008667913,0.0,0.0,0.0
540.6666666666666,2.0489333333333333,0.05549792305714618,0.0,0.0,0.0
541.0,2.0574,0.05584627800203634,0.0,0.0,0.0
541.3333333333334,2.0658666666666665,0.056194639341811126,0.0,0.0,0.0
541.6666666666667,2.0743333333333336,0.056542949522508934,0.0,0.0,0.0
542.0,2.0828,0.056891304467399095,0.0,0.0,0.0
542.3333333333334,2.091266666666667,0.057239621042981526,0.0,0.0,0.0
542.6666666666666,2.0997333333333335,0.05758795680321782,0.0,0.0,0.0
543.0,2.1082,0.05793633093276185,0.0,0.0,0.0
543.3333333333334,2.1166666666666667,0.05828462832369041,0.0,0.0,0.0
543.6666666666667,2.1251333333333338,0.05863297687369595,0.0,0.0,0.0
544.0,2.1336,0.05898129344927838,0.0,0.0,0.0
544.3333333333334,2.1420666666666666,0.0593296356043993,0.0,0.0,0.0
544.6666666666666,2.1505333333333336,0.05967797775952022,0.0,0.0,0.0
545.0,2.1590000000000003,0.06002629433510265,0.0,0.0,0.0
545.3333333333333,2.1674666666666664,0.06037466206976205,0.0,0.0,0.0
545.6666666666667,2.1759333333333335,0.06072297864534448,0.0,0.0,0.0
546.0,2.1844,0.061071333590234644,0.0,0.0,0.0
546.3333333333334,2.192866666666667,0.061419656560701696,0.0,0.0,0.0
546.6666666666666,2.2013333333333334,0.06176798592605337,0.0,0.0,0.0
547.0,2.2098,0.06211634087094353,0.0,0.0,0.0
547.3333333333333,2.2182666666666666,0.06246465744652596,0.0,0.0,0.0
547.6666666666667,2.2267333333333332,0.06281301878630074,0.0,0.0,0.0
548.0,2.2352000000000003,0.06316136733630628,0.0,0.0,0.0
548.3333333333334,2.243666666666667,0.06350965833235023,0.0,0.0,0.0
548.6666666666666,2.2521333333333335,0.06385801967212501,0.0,0.0,0.0
549.0,2.2606,0.06420631066816895,0.0,0.0,0.0
549.3333333333333,2.2690666666666663,0.0645614250061044,0.0,0.0,0.0
549.6666666666667,2.2775333333333334,0.0649636376692797,0.0,0.0,0.0
550.0,2.2860000000000005,0.06536579917337804,0.0,0.0,0.0
550.3333333333334,2.294466666666667,0.0657679990467841,0.0,0.0,0.0
550.6666666666666,2.3029333333333333,0.06617014136622856,0.0,0.0,0.0
551.0,2.3114,0.06657232205498076,0.0,0.0,0.0
551.3333333333333,2.3198666666666665,0.06697452832327144,0.0,0.0,0.0
551.6666666666666,2.3283333333333336,0.06737667064271591,0.0,0.0,0.0
552.0,2.3368,0.06777883214681424,0.0,0.0,0.0
552.3333333333334,2.345266666666667,0.06818100644068181,0.0,0.0,0.0
552.6666666666666,2.3537333333333335,0.0685831551550109,0.0,0.0,0.0
553.0,2.3622,0.06898534223864772,0.0,0.0,0.0
553.3333333333333,2.3706666666666667,0.06938754211205378,0.0,0.0,0.0
553.6666666666666,2.3791333333333333,0.0697897291956906,0.0,0.0,0.0
554.0,2.3876,0.07019185872536582,0.0,0.0,0.0
554.3333333333334,2.396066666666667,0.0705940074396949,0.0,0.0,0.0
554.6666666666666,2.4045333333333336,0.0709962456824087,0.0,0.0,0.0
555.0,2.4130000000000003,0.07139840718650703,0.0,0.0,0.0
555.3333333333334,2.421466666666667,0.07180055590083612,0.0,0.0,0.0
555.6666666666666,2.4299333333333335,0.07220276856401142,0.0,0.0,0.0
556.0,2.4384,0.07260485972437891,0.0,0.0,0.0
556.3333333333334,2.4468666666666667,0.07300707238755422,0.0,0.0,0.0
556.6666666666667,2.455333333333334,0.07340925307630641,0.0,0.0,0.0
557.0,2.4638000000000004,0.07381143376505861,0.0,0.0,0.0
557.3333333333334,2.472266666666667,0.07421357608450307,0.0,0.0,0.0
557.6666666666666,2.4807333333333332,0.07461576956302451,0.0,0.0,0.0
558.0,2.4892,0.07501787990804587,0.0,0.0,0.0
558.3333333333334,2.4976666666666665,0.07542014373029815,0.0,0.0,0.0
558.6666666666667,2.506133333333334,0.07582232441905035,0.0,0.0,0.0
559.0,2.5146,0.07622446034361019,0.0,0.0,0.0
559.3333333333334,2.523066666666667,0.0766266730067855,0.0,0.0,0.0
559.6666666666666,2.5315333333333334,0.0770288281159992,0.0,0.0,0.0
560.0,2.5400000000000005,0.07743097683032829,0.0,0.0,0.0
560.3333333333333,2.5484666666666667,0.0778331894935036,0.0,0.0,0.0
560.6666666666667,2.5569333333333337,0.07823533181294806,0.0,0.0,0.0
561.0,2.5654000000000003,0.07863747413239253,0.0,0.0,0.0
561.3333333333334,2.573866666666667,0.07903966121602934,0.0,0.0,0.0
561.6666666666666,2.582333333333333,0.0794418866689739,0.0,0.0,0.0
562.0,2.5907999999999998,0.07984401619864911,0.0,0.0,0.0
562.3333333333333,2.599266666666667,0.08024622886182442,0.0,0.0,0.0
562.6666666666667,2.607733333333334,0.08064836478638426,0.0,0.0,0.0
563.0,2.6162000000000005,0.08105053268536722,0.0,0.0,0.0
563.3333333333334,2.6246666666666667,0.08145271976900403,0.0,0.0,0.0
563.6666666666666,2.6331333333333338,0.08185491324752547,0.0,0.0,0.0
564.0,2.6416000000000004,0.08225701080277759,0.0,0.0,0.0
564.3333333333333,2.650066666666667,0.08265924904549138,0.0,0.0,0.0
564.6666666666667,2.658533333333333,0.08306142333935895,0.0,0.0,0.0
565.0,2.6670000000000003,0.08346369355649585,0.0,0.0,0.0
565.3333333333334,2.675466666666667,0.08386574634755561,0.0,0.0,0.0
565.6666666666666,2.683933333333334,0.08426793343119243,0.0,0.0,0.0
566.0,2.6924,0.08467013969948312,0.0,0.0,0.0
566.3333333333333,2.7008666666666667,0.08507226922915834,0.0,0.0,0.0
566.6666666666666,2.7093333333333334,0.08547444991791053,0.0,0.0,0.0
567.0,2.717800000000001,0.08587661781689349,0.0,0.0,0.0
567.3333333333334,2.726266666666667,0.08627876653122257,0.0,0.0,0.0
567.6666666666666,2.7347333333333337,0.08668097919439788,0.0,0.0,0.0
568.0,2.7432000000000003,0.08708311511895772,0.0,0.0,0.0
568.3333333333333,2.751666666666667,0.0874853213872484,0.0,0.0,0.0
568.6666666666666,2.760133333333333,0.08788748289134674,0.0,0.0,0.0
569.0,2.7686,0.0882896827647528,0.0,0.0,0.0
569.3333333333334,2.7770666666666672,0.08869186984838962,0.0,0.0,0.0
569.6666666666666,2.785533333333334,0.0890940185627187,0.0,0.0,0.0
570.0,2.794,0.08949621204124014,0.0,0.0,0.0
570.3333333333334,2.8024666666666667,0.08989834157091536,0.0,0.0,0.0
570.6666666666666,2.8109333333333337,0.09030052225966756,0.0,0.0,0.0
571.0,2.8194000000000004,0.09070265178934278,0.0,0.0,0.0
571.3333333333334,2.827866666666667,0.09110499874509514,0.0,0.0,0.0
571.6666666666667,2.8363333333333336,0.09150704514127028,0.0,0.0,0.0
572.0,2.8448,0.09190925780444559,0.0,0.0,0.0
572.3333333333334,2.853266666666667,0.09231137454435157,0.0,0.0,0.0
572.6666666666666,2.8617333333333335,0.09271357441775763,0.0,0.0,0.0
573.0,2.8702,0.09311573592185596,0.0,0.0,0.0
573.3333333333334,2.878666666666667,0.09351790382083891,0.0,0.0,0.0
573.6666666666667,2.8871333333333338,0.09392004614028338,0.0,0.0,0.0
574.0,2.8956000000000004,0.09432225880345868,0.0,0.0,0.0
574.3333333333334,2.904066666666667,0.09472449704617247,0.0,0.0,0.0
574.6666666666666,2.9125333333333336,0.09512655623211685,0.0,0.0,0.0
575.0,2.9210000000000003,0.09552876250040754,0.0,0.0,0.0
575.3333333333333,2.9294666666666673,0.09593099434823671,0.0,0.0,0.0
575.6666666666667,2.9379333333333335,0.0963330855086042,0.0,0.0,0.0
576.0,2.9464,0.09673530456666413,0.0,0.0,0.0
576.3333333333334,2.954866666666667,0.09713745967587784,0.0,0.0,0.0
576.6666666666666,2.963333333333334,0.09753967873393776,0.0,0.0,0.0
577.0,2.9718,0.0979418402380361,0.0,0.0,0.0
577.3333333333333,2.980266666666667,0.0983439377932882,0.0,0.0,0.0
577.6666666666667,2.988733333333334,0.0987460609280788,0.0,0.0,0.0
578.0,2.9972000000000008,0.09914826080148487,0.0,0.0,0.0
578.3333333333334,3.005666666666667,0.09955053741350639,0.0,0.0,0.0
578.6666666666666,3.0141333333333336,0.09995265415341237,0.0,0.0,0.0
579.0,3.0226,0.10035489879101078,0.0,0.0,0.0
579.3333333333333,3.031066666666667,0.10075700913603214,0.0,0.0,0.0
579.6666666666667,3.0395333333333334,0.10115917703501509,0.0,0.0,0.0
580.0,3.0480000000000005,0.1015613321442288,0.0,0.0,0.0
580.3333333333334,3.056466666666667,0.1019635448074041,0.0,0.0,0.0
580.6666666666666,3.0649333333333337,0.1023657254961563,0.0,0.0,0.0
581.0,3.0734000000000004,0.1027679061849085,0.0,0.0,0.0
581.3333333333333,3.081866666666667,0.1031700868736607,0.0,0.0,0.0
581.6666666666666,3.0903333333333336,0.10357221640333591,0.0,0.0,0.0
582.0,3.0988000000000007,0.10397444185628046,0.0,0.0,0.0
582.3333333333334,3.107266666666667,0.1043765458064172,0.0,0.0,0.0
582.6666666666666,3.1157333333333335,0.10477877125936175,0.0,0.0,0.0
583.0,3.1242,0.10518092636857546,0.0,0.0,0.0
583.3333333333333,3.132666666666667,0.10558308147778916,0.0,0.0,0.0
583.6666666666666,3.1411333333333333,0.10598532611538758,0.0,0.0,0.0
584.0,3.1496000000000004,0.10638748122460129,0.0,0.0,0.0
584.3333333333334,3.1580666666666675,0.10678955959519953,0.0,0.0,0.0
584.6666666666666,3.166533333333334,0.10719178504814408,0.0,0.0,0.0
585.0,3.1750000000000003,0.1075939721317809,0.0,0.0,0.0
585.3333333333334,3.183466666666667,0.10799613363587923,0.0,0.0,0.0
585.6666666666666,3.1919333333333335,0.10839837187859303,0.0,0.0,0.0
586.0,3.2004000000000006,0.10880053338269136,0.0,0.0,0.0
586.3333333333334,3.208866666666667,0.10920263093794347,0.0,0.0,0.0
586.6666666666667,3.2173333333333334,0.10960485639088802,0.0,0.0,0.0
587.0,3.2258000000000004,0.11000705626429408,0.0,0.0,0.0
587.3333333333334,3.234266666666667,0.11040916660931543,0.0,0.0,0.0
587.6666666666666,3.2427333333333337,0.11081139206225998,0.0,0.0,0.0
588.0,3.2512000000000003,0.11121354077658907,0.0,0.0,0.0
588.3333333333334,3.2596666666666674,0.11161574064999513,0.0,0.0,0.0
588.6666666666667,3.268133333333334,0.11201788936432422,0.0,0.0,0.0
589.0,3.2766000000000006,0.1124200636581918,0.0,0.0,0.0
589.3333333333334,3.285066666666667,0.11282221237252088,0.0,0.0,0.0
589.6666666666666,3.2935333333333334,0.1132243994561577,0.0,0.0,0.0
590.0,3.302,0.11362658653979452,0.0,0.0,0.0
590.3333333333333,3.3104666666666676,0.11402874804389285,0.0,0.0,0.0
590.6666666666667,3.3189333333333337,0.11443088396845269,0.0,0.0,0.0
591.0,3.3274000000000004,0.11483310942139724,0.0,0.0,0.0
591.3333333333334,3.3358666666666674,0.11523524534595708,0.0,0.0,0.0
591.6666666666666,3.344333333333334,0.11563747079890163,0.0,0.0,0.0
592.0,3.3528000000000002,0.11603960672346147,0.0,0.0,0.0
592.3333333333333,3.3612666666666673,0.11644179380709829,0.0,0.0,0.0
592.6666666666667,3.369733333333334,0.11684395531119662,0.0,0.0,0.0
593.0,3.3782000000000005,0.1172461296050642,0.0,0.0,0.0
593.3333333333334,3.386666666666667,0.11764835505800875,0.0,0.0,0.0
593.6666666666666,3.3951333333333333,0.11805049098256859,0.0,0.0,0.0
594.0,3.4036000000000004,0.11845266527643616,0.0,0.0,0.0
594.3333333333333,3.412066666666667,0.11885478841122676,0.0,0.0,0.0
594.6666666666667,3.420533333333334,0.11925705223347904,0.0,0.0,0.0
595.0,3.4290000000000007,0.11965913699896191,0.0,0.0,0.0
595.3333333333334,3.4374666666666673,0.12006143919052192,0.0,0.0,0.0
595.6666666666666,3.445933333333334,0.12046353674577404,0.0,0.0,0.0
596.0,3.4544000000000006,0.12086569824987237,0.0,0.0,0.0
596.3333333333333,3.4628666666666668,0.12126779580512448,0.0,0.0,0.0
596.6666666666666,3.471333333333334,0.12166993172968432,0.0,0.0,0.0
597.0,3.4798000000000004,0.12207224671101358,0.0,0.0,0.0
597.3333333333334,3.488266666666667,0.12247438263557342,0.0,0.0,0.0
597.6666666666666,3.4967333333333332,0.1228765313499025,0.0,0.0,0.0
598.0,3.5052,0.12327866727446235,0.0,0.0,0.0
598.3333333333333,3.5136666666666674,0.12368085435809917,0.0,0.0,0.0
598.6666666666666,3.5221333333333344,0.12408311818035145,0.0,0.0,0.0
599.0,3.5306000000000006,0.12448526689468054,0.0,0.0,0.0
599.3333333333334,3.5390666666666672,0.12488742839877887,0.0,0.0,0.0
599.6666666666666,3.547533333333334,0.12528962827218493,0.0,0.0,0.0
600.0,3.5560000000000005,0.12569172582743704,0.0,0.0,0.0
600.3333333333334,3.5447111111111114,0.12515554033143417,0.0,0.0,0.0
600.6666666666666,3.5334222222222222,0.12461939320473903,0.0,0.0,0.0
601.0,3.5221333333333344,0.12408311818035145,0.0,0.0,0.0
601.3333333333334,3.5108444444444453,0.12354685594573311,0.0,0.0,0.0
601.6666666666667,3.499555555555556,0.12301051697249932,0.0,0.0,0.0
602.0,3.488266666666667,0.12247438263557342,0.0,0.0,0.0
602.3333333333334,3.476977777777778,0.12193819713957055,0.0,0.0,0.0
602.6666666666666,3.4656888888888897,0.12140189653564448,0.0,0.0,0.0
603.0,3.4544000000000006,0.12086569824987237,0.0,0.0,0.0
603.3333333333334,3.4431111111111115,0.120329487174331,0.0,0.0,0.0
603.6666666666667,3.4318222222222228,0.11979318657040494,0.0,0.0,0.0
604.0,3.420533333333334,0.11925705223347904,0.0,0.0,0.0
604.3333333333334,3.409244444444445,0.11872080278862995,0.0,0.0,0.0
604.6666666666666,3.397955555555556,0.11818452776424238,0.0,0.0,0.0
605.0,3.386666666666667,0.11764835505800875,0.0,0.0,0.0
605.3333333333333,3.375377777777778,0.11711209282339041,0.0,0.0,0.0
605.6666666666667,3.364088888888889,0.11657588174784905,0.0,0.0,0.0
606.0,3.3528000000000002,0.11603960672346147,0.0,0.0,0.0
606.3333333333334,3.3415111111111115,0.11550335727861238,0.0,0.0,0.0
606.6666666666666,3.3302222222222224,0.1149671078337633,0.0,0.0,0.0
607.0,3.3189333333333337,0.11443088396845269,0.0,0.0,0.0
607.3333333333333,3.3076444444444446,0.11389468568268057,0.0,0.0,0.0
607.6666666666667,3.296355555555556,0.11335842344806224,0.0,0.0,0.0
608.0,3.285066666666667,0.11282221237252088,0.0,0.0,0.0
608.3333333333334,3.2737777777777777,0.11228598850721028,0.0,0.0,0.0
608.6666666666666,3.262488888888889,0.1117498030112074,0.0,0.0,0.0
609.0,3.2512000000000003,0.11121355356635831,0.0,0.0,0.0
609.3333333333333,3.2399111111111116,0.11067725296243225,0.0,0.0,0.0
609.6666666666667,3.2286222222222225,0.1101410163073524,0.0,0.0,0.0
610.0,3.2173333333333334,0.10960485639088802,0.0,0.0,0.0
610.3333333333334,3.2060444444444447,0.10906863252557741,0.0,0.0,0.0
610.6666666666666,3.1947555555555556,0.10853237029095908,0.0,0.0,0.0
611.0,3.183466666666667,0.10799613363587923,0.0,0.0,0.0
611.3333333333333,3.1721777777777778,0.10745988419103014,0.0,0.0,0.0
611.6666666666666,3.160888888888889,0.10692363474618105,0.0,0.0,0.0
612.0,3.1496000000000004,0.10638748122460129,0.0,0.0,0.0
612.3333333333334,3.1383111111111113,0.10585119980532909,0.0,0.0,0.0
612.6666666666666,3.1270222222222226,0.10531499512467235,0.0,0.0,0.0
613.0,3.1157333333333335,0.10477877125936175,0.0,0.0,0.0
613.3333333333333,3.1044444444444443,0.10424257297358963,0.0,0.0,0.0
613.6666666666666,3.0931555555555557,0.10370632992362516,0.0,0.0,0.0
614.0,3.0818666666666665,0.10317010605831456,0.0,0.0,0.0
614.3333333333334,3.070577777777778,0.10263385661346547,0.0,0.0,0.0
614.6666666666666,3.059288888888889,0.10209761995838562,0.0,0.0,0.0
615.0,3.048,0.1015613321442288,0.0,0.0,0.0
615.3333333333334,3.0367111111111114,0.10102511467380282,0.0,0.0,0.0
615.6666666666666,3.0254222222222222,0.10048890359826146,0.0,0.0,0.0
616.0,3.0141333333333336,0.09995267333806623,0.0,0.0,0.0
616.3333333333334,3.0028444444444444,0.09941648784206336,0.0,0.0,0.0
616.6666666666667,2.9915555555555553,0.09888017444836805,0.0,0.0,0.0
617.0,2.9802666666666666,0.09834394418817283,0.0,0.0,0.0
617.3333333333334,2.9689777777777784,0.09780777787682382,0.0,0.0,0.0
617.6666666666666,2.9576888888888893,0.09727152203709011,0.0,0.0,0.0
618.0,2.9464,0.09673531735643337,0.0,0.0,0.0
618.3333333333334,2.935111111111111,0.09619902314739193,0.0,0.0,0.0
618.6666666666667,2.9238222222222223,0.09566293357465838,0.0,0.0,0.0
619.0,2.9125333333333336,0.09512655623211685,0.0,0.0,0.0
619.3333333333334,2.9012444444444445,0.09459041550030634,0.0,0.0,0.0
619.6666666666666,2.8899555555555554,0.09405415966057262,0.0,0.0,0.0
620.0,2.878666666666667,0.09351792300549278,0.0,0.0,0.0
620.3333333333333,2.867377777777778,0.0929817055350668,0.0,0.0,0.0
620.6666666666667,2.8560888888888893,0.09244544330044846,0.0,0.0,0.0
621.0,2.8448,0.09190927698909945,0.0,0.0,0.0
621.3333333333334,2.833511111111111,0.0913730403340196,0.0,0.0,0.0
621.6666666666666,2.8222222222222224,0.09083680367893976,0.0,0.0,0.0
622.0,2.8109333333333333,0.09030054144432142,0.0,0.0,0.0
622.3333333333333,2.7996444444444446,0.08976424084039536,0.0,0.0,0.0
622.6666666666667,2.788355555555556,0.08922805534439249,0.0,0.0,0.0
623.0,2.777066666666667,0.08869188903304348,0.0,0.0,0.0
623.3333333333334,2.765777777777778,0.08815566516773288,0.0,0.0,0.0
623.6666666666666,2.754488888888889,0.08761937735357606,0.0,0.0,0.0
624.0,2.7432000000000003,0.08708312151384234,0.0,0.0,0.0
624.3333333333333,2.731911111111111,0.08654692962295485,0.0,0.0,0.0
624.6666666666667,2.720622222222222,0.08601056507018257,0.0,0.0,0.0
625.0,2.7093333333333334,0.08547446270767978,0.0,0.0,0.0
625.3333333333334,2.6980444444444447,0.08493823884236917,0.0,0.0,0.0
625.6666666666666,2.686755555555556,0.08440197021286622,0.0,0.0,0.0
626.0,2.675466666666667,0.08386576553220948,0.0,0.0,0.0
626.3333333333333,2.6641777777777778,0.08332957364132199,0.0,0.0,0.0
626.6666666666666,2.652888888888889,0.08279327303739592,0.0,0.0,0.0
627.0,2.6416000000000004,0.08225702359254683,0.0,0.0,0.0
627.3333333333334,2.6303111111111113,0.08172084449142858,0.0,0.0,0.0
627.6666666666666,2.619022222222222,0.08118466539031033,0.0,0.0,0.0
628.0,2.6077333333333335,0.08064839036592275,0.0,0.0,0.0
628.3333333333333,2.5964444444444448,0.08011220486991988,0.0,0.0,0.0
628.6666666666666,2.585155555555556,0.07957592345064768,0.0,0.0,0.0
629.0,2.573866666666667,0.07903968040068321,0.0,0.0,0.0
629.3333333333334,2.562577777777778,0.07850348850979572,0.0,0.0,0.0
629.6666666666666,2.5512888888888887,0.07796727103936973,0.0,0.0,0.0
630.0,2.54,0.07743097683032829,0.0,0.0,0.0
630.3333333333334,2.5287111111111114,0.07689480412409466,0.0,0.0,0.0
630.6666666666666,2.5174222222222227,0.07635854828436095,0.0,0.0,0.0
631.0,2.5061333333333335,0.07582233720881959,0.0,0.0,0.0
631.3333333333334,2.4948444444444444,0.0752859982355858,0.0,0.0,0.0
631.6666666666667,2.4835555555555557,0.07474984471400603,0.0,0.0,0.0
632.0,2.472266666666667,0.07421358887427232,0.0,0.0,0.0
632.3333333333334,2.460977777777778,0.0736773905885002,0.0,0.0,0.0
632.6666666666666,2.449688888888889,0.07314120509249733,0.0,0.0,0.0
633.0,2.4383999999999997,0.07260487251414816,0.0,0.0,0.0
633.3333333333334,2.4271111111111114,0.07206864864883755,0.0,0.0,0.0
633.6666666666667,2.4158222222222228,0.0715324695477193,0.0,0.0,0.0
634.0,2.4045333333333336,0.07099626486706256,0.0,0.0,0.0
634.3333333333334,2.3932444444444445,0.07046001542221347,0.0,0.0,0.0
634.6666666666666,2.381955555555556,0.06992379155690287,0.0,0.0,0.0
635.0,2.3706666666666667,0.06938755490182302,0.0,0.0,0.0
635.3333333333333,2.3593777777777776,0.0688513246416278,0.0,0.0,0.0
635.6666666666667,2.348088888888889,0.06831505601212484,0.0,0.0,0.0
636.0,2.3368,0.06777885772635273,0.0,0.0,0.0
636.3333333333334,2.325511111111111,0.0672426274661575,0.0,0.0,0.0
636.6666666666666,2.3142222222222224,0.06670637162642379,0.0,0.0,0.0
637.0,2.3029333333333333,0.06617017334065167,0.0,0.0,0.0
637.3333333333333,2.291644444444444,0.0656339302906872,0.0,0.0,0.0
637.6666666666667,2.2803555555555555,0.06509766805606887,0.0,0.0,0.0
638.0,2.2690666666666663,0.06456145058564289,0.0,0.0,0.0
638.3333333333334,2.2577777777777777,0.06409028188159027,0.0,0.0,0.0
638.6666666666666,2.2464888888888885,0.0636258022268521,0.0,0.0,0.0
639.0,2.2352,0.06316136733630628,0.0,0.0,0.0
639.3333333333333,2.2239111111111107,0.06269689407645274,0.0,0.0,0.0
639.6666666666667,2.212622222222222,0.06223246558079154,0.0,0.0,0.0
640.0,2.2013333333333334,0.06176798592605337,0.0,0.0,0.0
640.3333333333334,2.1900444444444442,0.061303595799699906,0.0,0.0,0.0
640.6666666666666,2.178755555555555,0.06083912253984636,0.0,0.0,0.0
641.0,2.167466666666666,0.06037466206976205,0.0,0.0,0.0
641.3333333333333,2.1561777777777773,0.05991020799456237,0.0,0.0,0.0
641.6666666666666,2.144888888888889,0.05944576670913193,0.0,0.0,0.0
642.0,2.1336,0.05898129344927838,0.0,0.0,0.0
642.3333333333334,2.122311111111111,0.05851687134850181,0.0,0.0,0.0
642.6666666666666,2.1110222222222217,0.05805240448353288,0.0,0.0,0.0
643.0,2.099733333333333,0.05758795680321782,0.0,0.0,0.0
643.3333333333333,2.0884444444444443,0.05712350272801814,0.0,0.0,0.0
643.6666666666666,2.077155555555555,0.05665905504770308,0.0,0.0,0.0
644.0,2.065866666666666,0.056194639341811126,0.0,0.0,0.0
644.3333333333334,2.0545777777777774,0.05573017887172682,0.0,0.0,0.0
644.6666666666666,2.0432888888888887,0.05526566084768092,0.0,0.0,0.0
645.0,2.032,0.054801309090635186,0.0,0.0,0.0
645.3333333333334,2.020711111111111,0.05433683583078164,0.0,0.0,0.0
645.6666666666666,2.0094222222222218,0.053872381755581955,0.0,0.0,0.0
646.0,1.9981333333333327,0.05340792768038227,0.0,0.0,0.0
646.3333333333334,1.9868444444444442,0.0529434768026249,0.0,0.0,0.0
646.6666666666667,1.9755555555555555,0.05247900354277135,0.0,0.0,0.0
647.0,1.9642666666666664,0.0520145878368794,0.0,0.0,0.0
647.3333333333334,1.9529777777777773,0.05155014655144896,0.0,0.0,0.0
647.6666666666666,1.9416888888888888,0.051085679686480034,0.0,0.0,0.0
648.0,1.9303999999999997,0.050621238401049595,0.0,0.0,0.0
648.3333333333334,1.919111111111111,0.05015677473352298,0.0,0.0,0.0
648.6666666666667,1.9078222222222219,0.049692317460880986,0.0,0.0,0.0
649.0,1.896533333333333,0.04922788576777748,0.0,0.0,0.0
649.3333333333334,1.8852444444444443,0.0487634316925778,0.0,0.0,0.0
649.6666666666666,1.8739555555555556,0.048299015986685845,0.0,0.0,0.0
650.0,1.8626666666666665,0.047834533134505364,0.0,0.0,0.0
650.3333333333333,1.8513777777777776,0.04737010463884417,0.0,0.0,0.0
650.6666666666667,1.8400888888888884,0.046905624984106,0.0,0.0,0.0
651.0,1.8287999999999998,0.04644119329100249,0.0,0.0,0.0
651.3333333333334,1.8175111111111106,0.04597674880812974,0.0,0.0,0.0
651.6666666666666,1.8062222222222222,0.04551229153548775,0.0,0.0,0.0
652.0,1.794933333333333,0.04504788542192273,0.0,0.0,0.0
652.3333333333333,1.7836444444444444,0.04458340576718456,0.0,0.0,0.0
652.6666666666667,1.7723555555555552,0.04411896128431181,0.0,0.0,0.0
653.0,1.7610666666666663,0.043654510406554436,0.0,0.0,0.0
653.3333333333334,1.7497777777777777,0.043190021159489334,0.0,0.0,0.0
653.6666666666666,1.7384888888888885,0.04272560865103969,0.0,0.0,0.0
654.0,1.7271999999999998,0.04226115777328232,0.0,0.0,0.0
654.3333333333333,1.715911111111111,0.041796729277621125,0.0,0.0,0.0
654.6666666666667,1.7046222222222218,0.04133226880753682,0.0,0.0,0.0
655.0,1.6933333333333331,0.040867801942567894,0.0,0.0,0.0
655.3333333333334,1.682044444444444,0.040403357459695144,0.0,0.0,0.0
655.6666666666666,1.6707555555555555,0.03993890018705315,0.0,0.0,0.0
656.0,1.6594666666666664,0.0394744557041804,0.0,0.0,0.0
656.3333333333333,1.6481777777777773,0.039010030405961515,0.0,0.0,0.0
656.6666666666666,1.6368888888888886,0.038545579528204144,0.0,0.0,0.0
657.0,1.6255999999999997,0.038081138242773704,0.0,0.0,0.0
657.3333333333334,1.614311111111111,0.03761665539059322,0.0,0.0,0.0
657.6666666666666,1.603022222222222,0.0371521885256243,0.0,0.0,0.0
658.0,1.5917333333333332,0.0366877888069439,0.0,0.0,0.0
658.3333333333333,1.5804444444444443,0.03622331554709035,0.0,0.0,0.0
658.6666666666666,1.5691555555555552,0.0357588710642176,0.0,0.0,0.0
659.0,1.5578666666666665,0.03529441698901792,0.0,0.0,0.0
659.3333333333334,1.5465777777777774,0.0348299820984721,0.0,0.0,0.0
659.6666666666666,1.5352888888888887,0.03436554081304166,0.0,0.0,0.0
660.0,1.5239999999999998,0.03390109952761122,0.0,0.0,0.0
660.3333333333334,1.5239999999999998,0.03390109952761122,0.0,0.0,0.0
660.6666666666666,1.5239999999999998,0.03390109952761122,0.0,0.0,0.0
661.0,1.5239999999999998,0.03390109952761122,0.0,0.0,0.0
661.3333333333334,1.5239999999999998,0.03390109952761122,0.0,0.0,0.0
661.6666666666667,1.5239999999999998,0.03390109952761122,0.0,0.0,0.0
662.0,1.5239999999999998,0.03390109952761122,0.0,0.0,0.0
662.3333333333334,1.5239999999999998,0.03390109952761122,0.0,0.0,0.0
662.6666666666666,1.5239999999999998,0.03390109952761122,0.0,0.0,0.0
663.0,1.5239999999999998,0.03390109952761122,0.0,0.0,0.0
663.3333333333334,1.5239999999999998,0.03390109952761122,0.0,0.0,0.0
663.6666666666667,1.5239999999999998,0.03390109952761122,0.0,0.0,0.0
664.0,1.5239999999999998,0.03390109952761122,0.0,0.0,0.0
664.3333333333334,1.5239999999999998,0.03390109952761122,0.0,0.0,0.0
664.6666666666666,1.5239999999999998,0.03390109952761122,0.0,0.0,0.0
665.0,1.5239999999999998,0.03390109952761122,0.0,0.0,0.0
665.3333333333333,1.5239999999999998,0.03390109952761122,0.0,0.0,0.0
665.6666666666667,1.5239999999999998,0.03390109952761122,0.0,0.0,0.0
666.0,1.5239999999999998,0.03390109952761122,0.0,0.0,0.0
666.3333333333334,1.5239999999999998,0.03390109952761122,0.0,0.0,0.0
666.6666666666666,1.5239999999999998,0.03390109952761122,0.0,0.0,0.0
667.0,1.5239999999999998,0.03390109952761122,0.0,0.0,0.0
667.3333333333333,1.5239999999999998,0.03390109952761122,0.0,0.0,0.0
667.6666666666667,1.5239999999999998,0.03390109952761122,0.0,0.0,0.0
668.0,1.5239999999999998,0.03390109952761122,0.0,0.0,0.0
668.3333333333334,1.5239999999999998,0.03390109952761122,0.0,0.0,0.0
668.6666666666666,1.5239999999999998,0.03390109952761122,0.0,0.0,0.0
669.0,1.5239999999999998,0.03390109952761122,0.0,0.0,0.0
669.3333333333333,1.5239999999999998,0.03390109952761122,0.0,0.0,0.0
669.6666666666667,1.5239999999999998,0.03390109952761122,0.0,0.0,0.0
670.0,1.5239999999999998,0.03390109952761122,0.0,0.0,0.0
670.3333333333334,1.5239999999999998,0.03390109952761122,0.0,0.0,0.0
670.6666666666666,1.5239999999999998,0.03390109952761122,0.0,0.0,0.0
671.0,1.5239999999999998,0.03390109952761122,0.0,0.0,0.0
671.3333333333333,1.5239999999999998,0.03390109952761122,0.0,0.0,0.0
671.6666666666666,1.5239999999999998,0.03390109952761122,0.0,0.0,0.0
672.0,1.5239999999999998,0.03390109952761122,0.0,0.0,0.0
672.3333333333334,1.5239999999999998,0.03390109952761122,0.0,0.0,0.0
672.6666666666666,1.5239999999999998,0.03390109952761122,0.0,0.0,0.0
673.0,1.5239999999999998,0.03390109952761122,0.0,0.0,0.0
673.3333333333333,1.5239999999999998,0.03390109952761122,0.0,0.0,0.0
673.6666666666666,1.5239999999999998,0.03390109952761122,0.0,0.0,0.0
674.0,1.5239999999999998,0.03390109952761122,0.0,0.0,0.0
674.3333333333334,1.5239999999999998,0.03390109952761122,0.0,0.0,0.0
674.6666666666666,1.5239999999999998,0.03390109952761122,0.0,0.0,0.0
675.0,1.5239999999999998,0.03390109952761122,0.0,0.0,0.0
675.3333333333334,1.5239999999999998,0.03390109952761122,0.0,0.0,0.0
675.6666666666666,1.5239999999999998,0.03390109952761122,0.0,0.0,0.0
676.0,1.5239999999999998,0.03390109952761122,0.0,0.0,0.0
676.3333333333334,1.5239999999999998,0.03390109952761122,0.0,0.0,0.0
676.6666666666667,1.5239999999999998,0.03390109952761122,0.0,0.0,0.0
677.0,1.5239999999999998,0.03390109952761122,0.0,0.0,0.0
677.3333333333334,1.5239999999999998,0.03390109952761122,0.0,0.0,0.0
677.6666666666666,1.5239999999999998,0.03390109952761122,0.0,0.0,0.0
678.0,1.5239999999999998,0.03390109952761122,0.0,0.0,0.0
678.3333333333334,1.5239999999999998,0.03390109952761122,0.0,0.0,0.0
678.6666666666667,1.5239999999999998,0.03390109952761122,0.0,0.0,0.0
679.0,1.5239999999999998,0.03390109952761122,0.0,0.0,0.0
679.3333333333334,1.5239999999999998,0.03390109952761122,0.0,0.0,0.0
679.6666666666666,1.5239999999999998,0.03390109952761122,0.0,0.0,0.0
680.0,1.5239999999999998,0.03390109952761122,0.0,0.0,0.0
680.3333333333333,1.5239999999999998,0.03390109952761122,0.0,0.0,0.0
680.6666666666667,1.5239999999999998,0.03390109952761122,0.0,0.0,0.0
681.0,1.5239999999999998,0.03390109952761122,0.0,0.0,0.0
681.3333333333334,1.5239999999999998,0.03390109952761122,0.0,0.0,0.0
681.6666666666666,1.5239999999999998,0.03390109952761122,0.0,0.0,0.0
682.0,1.5239999999999998,0.03390109952761122,0.0,0.0,0.0
682.3333333333333,1.5239999999999998,0.03390109952761122,0.0,0.0,0.0
682.6666666666667,1.5239999999999998,0.03390109952761122,0.0,0.0,0.0
683.0,1.5239999999999998,0.03390109952761122,0.0,0.0,0.0
683.3333333333334,1.5239999999999998,0.03390109952761122,0.0,0.0,0.0
683.6666666666666,1.5239999999999998,0.03390109952761122,0.0,0.0,0.0
684.0,1.5239999999999998,0.03390109952761122,0.0,0.0,0.0
684.3333333333333,1.5239999999999998,0.03390109952761122,0.0,0.0,0.0
684.6666666666667,1.5239999999999998,0.03390109952761122,0.0,0.0,0.0
685.0,1.5239999999999998,0.03390109952761122,0.0,0.0,0.0
685.3333333333334,1.5239999999999998,0.03390109952761122,0.0,0.0,0.0
685.6666666666666,1.5239999999999998,0.03390109952761122,0.0,0.0,0.0
686.0,1.5239999999999998,0.03390109952761122,0.0,0.0,0.0
686.3333333333333,1.5239999999999998,0.03390109952761122,0.0,0.0,0.0
686.6666666666666,1.5239999999999998,0.03390109952761122,0.0,0.0,0.0
687.0,1.5239999999999998,0.03390109952761122,0.0,0.0,0.0
687.3333333333334,1.5239999999999998,0.03390109952761122,0.0,0.0,0.0
687.6666666666666,1.5239999999999998,0.03390109952761122,0.0,0.0,0.0
688.0,1.5239999999999998,0.03390109952761122,0.0,0.0,0.0
688.3333333333333,1.5239999999999998,0.03390109952761122,0.0,0.0,0.0
688.6666666666666,1.5239999999999998,0.03390109952761122,0.0,0.0,0.0
689.0,1.5239999999999998,0.03390109952761122,0.0,0.0,0.0
689.3333333333334,1.5239999999999998,0.03390109952761122,0.0,0.0,0.0
689.6666666666666,1.5239999999999998,0.03390109952761122,0.0,0.0,0.0
690.0,1.5239999999999998,0.03390109952761122,0.0,0.0,0.0
690.3333333333334,1.5239999999999998,0.03390109952761122,0.0,0.0,0.0
690.6666666666666,1.5239999999999998,0.03390109952761122,0.0,0.0,0.0
691.0,1.5239999999999998,0.03390109952761122,0.0,0.0,0.0
691.3333333333334,1.5239999999999998,0.03390109952761122,0.0,0.0,0.0
691.6666666666667,1.5239999999999998,0.03390109952761122,0.0,0.0,0.0
692.0,1.5239999999999998,0.03390109952761122,0.0,0.0,0.0
692.3333333333334,1.5239999999999998,0.03390109952761122,0.0,0.0,0.0
692.6666666666666,1.5239999999999998,0.03390109952761122,0.0,0.0,0.0
693.0,1.5239999999999998,0.03390109952761122,0.0,0.0,0.0
693.3333333333334,1.5239999999999998,0.03390109952761122,0.0,0.0,0.0
693.6666666666667,1.5239999999999998,0.03390109952761122,0.0,0.0,0.0
694.0,1.5239999999999998,0.03390109952761122,0.0,0.0,0.0
694.3333333333334,1.5239999999999998,0.03390109952761122,0.0,0.0,0.0
694.6666666666666,1.5239999999999998,0.03390109952761122,0.0,0.0,0.0
695.0,1.5239999999999998,0.03390109952761122,0.0,0.0,0.0
695.3333333333333,1.5239999999999998,0.03390109952761122,0.0,0.0,0.0
695.6666666666667,1.5239999999999998,0.03390109952761122,0.0,0.0,0.0
696.0,1.5239999999999998,0.03390109952761122,0.0,0.0,0.0
696.3333333333334,1.5239999999999998,0.03390109952761122,0.0,0.0,0.0
696.6666666666666,1.5239999999999998,0.03390109952761122,0.0,0.0,0.0
697.0,1.5239999999999998,0.03390109952761122,0.0,0.0,0.0
697.3333333333333,1.5239999999999998,0.03390109952761122,0.0,0.0,0.0
697.6666666666667,1.5239999999999998,0.03390109952761122,0.0,0.0,0.0
698.0,1.5239999999999998,0.03390109952761122,0.0,0.0,0.0
698.3333333333334,1.5239999999999998,0.03390109952761122,0.0,0.0,0.0
698.6666666666666,1.5239999999999998,0.03390109952761122,0.0,0.0,0.0
699.0,1.5239999999999998,0.03390109952761122,0.0,0.0,0.0
699.3333333333333,1.5239999999999998,0.03390109952761122,0.0,0.0,0.0
699.6666666666667,1.5239999999999998,0.03390109952761122,0.0,0.0,0.0
700.0,1.5239999999999998,0.03390109952761122,0.0,0.0,0.0
700.3333333333334,1.5239999999999998,0.03390109952761122,0.0,0.0,0.0
700.6666666666666,1.5239999999999998,0.03390109952761122,0.0,0.0,0.0
701.0,1.5239999999999998,0.03390109952761122,0.0,0.0,0.0
701.3333333333333,1.5239999999999998,0.03390109952761122,0.0,0.0,0.0
701.6666666666666,1.5239999999999998,0.03390109952761122,0.0,0.0,0.0
702.0,1.5239999999999998,0.03390109952761122,0.0,0.0,0.0
702.3333333333334,1.5239999999999998,0.03390109952761122,0.0,0.0,0.0
702.6666666666666,1.5239999999999998,0.03390109952761122,0.0,0.0,0.0
703.0,1.5239999999999998,0.03390109952761122,0.0,0.0,0.0
703.3333333333333,1.5239999999999998,0.03390109952761122,0.0,0.0,0.0
703.6666666666666,1.5239999999999998,0.03390109952761122,0.0,0.0,0.0
704.0,1.5239999999999998,0.03390109952761122,0.0,0.0,0.0
704.3333333333334,1.5239999999999998,0.03390109952761122,0.0,0.0,0.0
704.6666666666666,1.5239999999999998,0.03390109952761122,0.0,0.0,0.0
705.0,1.5239999999999998,0.03390109952761122,0.0,0.0,0.0
705.3333333333334,1.5239999999999998,0.03390109952761122,0.0,0.0,0.0
705.6666666666666,1.5239999999999998,0.03390109952761122,0.0,0.0,0.0
706.0,1.5239999999999998,0.03390109952761122,0.0,0.0,0.0
706.3333333333334,1.5239999999999998,0.03390109952761122,0.0,0.0,0.0
706.6666666666667,1.5239999999999998,0.03390109952761122,0.0,0.0,0.0
707.0,1.5239999999999998,0.03390109952761122,0.0,0.0,0.0
707.3333333333334,1.5239999999999998,0.03390109952761122,0.0,0.0,0.0
707.6666666666666,1.5239999999999998,0.03390109952761122,0.0,0.0,0.0
708.0,1.5239999999999998,0.03390109952761122,0.0,0.0,0.0
708.3333333333334,1.5239999999999998,0.03390109952761122,0.0,0.0,0.0
708.6666666666667,1.5239999999999998,0.03390109952761122,0.0,0.0,0.0
709.0,1.5239999999999998,0.03390109952761122,0.0,0.0,0.0
709.3333333333334,1.5239999999999998,0.03390109952761122,0.0,0.0,0.0
709.6666666666666,1.5239999999999998,0.03390109952761122,0.0,0.0,0.0
710.0,1.5239999999999998,0.03390109952761122,0.0,0.0,0.0
710.3333333333333,1.5239999999999998,0.03390109952761122,0.0,0.0,0.0
710.6666666666667,1.5239999999999998,0.03390109952761122,0.0,0.0,0.0
711.0,1.5239999999999998,0.03390109952761122,0.0,0.0,0.0
711.3333333333334,1.5239999999999998,0.03390109952761122,0.0,0.0,0.0
711.6666666666666,1.5239999999999998,0.03390109952761122,0.0,0.0,0.0
712.0,1.5239999999999998,0.03390109952761122,0.0,0.0,0.0
712.3333333333333,1.5239999999999998,0.03390109952761122,0.0,0.0,0.0
712.6666666666667,1.5239999999999998,0.03390109952761122,0.0,0.0,0.0
713.0,1.5239999999999998,0.03390109952761122,0.0,0.0,0.0
713.3333333333334,1.5239999999999998,0.03390109952761122,0.0,0.0,0.0
713.6666666666666,1.5239999999999998,0.03390109952761122,0.0,0.0,0.0
714.0,1.5239999999999998,0.03390109952761122,0.0,0.0,0.0
714.3333333333333,1.5239999999999998,0.03390109952761122,0.0,0.0,0.0
714.6666666666667,1.5239999999999998,0.03390109952761122,0.0,0.0,0.0
715.0,1.5239999999999998,0.03390109952761122,0.0,0.0,0.0
715.3333333333334,1.5239999999999998,0.03390109952761122,0.0,0.0,0.0
715.6666666666666,1.5239999999999998,0.03390109952761122,0.0,0.0,0.0
716.0,1.5239999999999998,0.03390109952761122,0.0,0.0,0.0
716.3333333333333,1.5239999999999998,0.03390109952761122,0.0,0.0,0.0
716.6666666666666,1.5239999999999998,0.03390109952761122,0.0,0.0,0.0
717.0,1.5239999999999998,0.03390109952761122,0.0,0.0,0.0
717.3333333333334,1.5239999999999998,0.03390109952761122,0.0,0.0,0.0
717.6666666666666,1.5239999999999998,0.03390109952761122,0.0,0.0,0.0
718.0,1.5239999999999998,0.03390109952761122,0.0,0.0,0.0
718.3333333333333,1.5239999999999998,0.03390109952761122,0.0,0.0,0.0
718.6666666666666,1.5239999999999998,0.03390109952761122,0.0,0.0,0.0
719.0,1.5239999999999998,0.03390109952761122,0.0,0.0,0.0
719.3333333333334,1.5239999999999998,0.03390109952761122,0.0,0.0,0.0
719.6666666666666,1.5239999999999998,0.03390109952761122,0.0,0.0,0.0
720.0,1.5239999999999998,0.03390109952761122,0.0,0.0,0.0
720.3333333333334,1.5338777777777777,0.034307475260675346,0.0,0.0,0.0
720.6666666666666,1.5437555555555555,0.03471388616560489,0.0,0.0,0.0
721.0,1.5536333333333332,0.0351202587012267,0.0,0.0,0.0
721.3333333333334,1.5635111111111109,0.03552663763173314,0.0,0.0,0.0
721.6666666666667,1.5733888888888887,0.035933058128989614,0.0,0.0,0.0
722.0,1.5832666666666666,0.036339459441592226,0.0,0.0,0.0
722.3333333333334,1.5931444444444443,0.03674582877977173,0.0,0.0,0.0
722.6666666666666,1.6030222222222221,0.0371521885256243,0.0,0.0,0.0
723.0,1.6128999999999998,0.037558612220323084,0.0,0.0,0.0
723.3333333333334,1.6227777777777777,0.03796499754571414,0.0,0.0,0.0
723.6666666666667,1.6326555555555555,0.038371411648085996,0.0,0.0,0.0
724.0,1.6425333333333332,0.0387777809862655,0.0,0.0,0.0
724.3333333333334,1.6524111111111108,0.039184169509098865,0.0,0.0,0.0
724.6666666666666,1.6622888888888887,0.039590570821701476,0.0,0.0,0.0
725.0,1.6721666666666666,0.039996962541977155,0.0,0.0,0.0
725.3333333333333,1.6820444444444445,0.040403357459695144,0.0,0.0,0.0
725.6666666666667,1.6919222222222219,0.0408097427850862,0.0,0.0,0.0
726.0,1.7017999999999998,0.04121615049257343,0.0,0.0,0.0
726.3333333333334,1.7116777777777776,0.04162252942307987,0.0,0.0,0.0
726.6666666666666,1.7215555555555553,0.04202894032800941,0.0,0.0,0.0
727.0,1.7314333333333332,0.04243532565340047,0.0,0.0,0.0
727.3333333333333,1.741311111111111,0.04284168859669535,0.0,0.0,0.0
727.6666666666667,1.751188888888889,0.04324808990929796,0.0,0.0,0.0
728.0,1.7610666666666668,0.043654510406554436,0.0,0.0,0.0
728.3333333333334,1.7709444444444447,0.044060898929387804,0.0,0.0,0.0
728.6666666666666,1.7808222222222223,0.04446727146500962,0.0,0.0,0.0
729.0,1.7906999999999997,0.04487366958016992,0.0,0.0,0.0
729.3333333333333,1.8005777777777776,0.045280058103003284,0.0,0.0,0.0
729.6666666666667,1.8104555555555555,0.04568644342839434,0.0,0.0,0.0
730.0,1.8203333333333331,0.0460928287537854,0.0,0.0,0.0
730.3333333333334,1.830211111111111,0.04649926204081112,0.0,0.0,0.0
730.6666666666666,1.8400888888888889,0.046905624984106,0.0,0.0,0.0
731.0,1.8499666666666668,0.047312016704381676,0.0,0.0,0.0
731.3333333333333,1.8598444444444444,0.04771841481954198,0.0,0.0,0.0
731.6666666666666,1.8697222222222223,0.04812481293470228,0.0,0.0,0.0
732.0,1.8795999999999997,0.04853122383963182,0.0,0.0,0.0
732.3333333333334,1.8894777777777776,0.048937599572695945,0.0,0.0,0.0
732.6666666666666,1.8993555555555555,0.04934397530576007,0.0,0.0,0.0
733.0,1.9092333333333331,0.049750357433708814,0.0,0.0,0.0
733.3333333333333,1.919111111111111,0.05015677473352298,0.0,0.0,0.0
733.6666666666666,1.9289888888888889,0.050563160058914036,0.0,0.0,0.0
734.0,1.9388666666666667,0.050969551779189715,0.0,0.0,0.0
734.3333333333334,1.9487444444444444,0.0513759754738885,0.0,0.0,0.0
734.6666666666666,1.9586222222222225,0.05178233841718338,0.0,0.0,0.0
735.0,1.9684999999999997,0.05218876211188217,0.0,0.0,0.0
735.3333333333334,1.9783777777777778,0.05259512185773474,0.0,0.0,0.0
735.6666666666666,1.9882555555555554,0.05300155834220277,0.0,0.0,0.0
736.0,1.998133333333333,0.05340792768038227,0.0,0.0,0.0
736.3333333333334,2.008011111111111,0.05381432899298488,0.0,0.0,0.0
736.6666666666667,2.017888888888889,0.05422070472604901,0.0,0.0,0.0
737.0,2.0277666666666665,0.05462710603865162,0.0,0.0,0.0
737.3333333333334,2.0376444444444446,0.05503346258706188,0.0,0.0,0.0
737.6666666666666,2.0475222222222222,0.055439857504779866,0.0,0.0,0.0
738.0,2.0574,0.05584627800203634,0.0,0.0,0.0
738.3333333333334,2.067277777777778,0.056252647340215844,0.0,0.0,0.0
738.6666666666667,2.077155555555555,0.05665905504770308,0.0,0.0,0.0
739.0,2.0870333333333333,0.0570654307807672,0.0,0.0,0.0
739.3333333333334,2.096911111111111,0.05747187046267754,0.0,0.0,0.0
739.6666666666666,2.1067888888888886,0.057878233405972423,0.0,0.0,0.0
740.0,2.1166666666666667,0.05828462832369041,0.0,0.0,0.0
740.3333333333333,2.1265444444444443,0.05869101045163916,0.0,0.0,0.0
740.6666666666667,2.136422222222222,0.05909737978981866,0.0,0.0,0.0
741.0,2.1462999999999997,0.059503793892190515,0.0,0.0,0.0
741.3333333333334,2.1561777777777777,0.05991020799456237,0.0,0.0,0.0
741.6666666666666,2.1660555555555554,0.06031657733274187,0.0,0.0,0.0
742.0,2.1759333333333335,0.06072297864534448,0.0,0.0,0.0
742.3333333333333,2.185811111111111,0.061129379957947094,0.0,0.0,0.0
742.6666666666667,2.1956888888888892,0.061535742901241974,0.0,0.0,0.0
743.0,2.205566666666667,0.06194216979338307,0.0,0.0,0.0
743.3333333333334,2.215444444444445,0.06234852634179333,0.0,0.0,0.0
743.6666666666666,2.2253222222222226,0.06275494683904981,0.0,0.0,0.0
744.0,2.2352,0.06316136733630628,0.0,0.0,0.0
744.3333333333333,2.2450777777777784,0.06356774306937041,0.0,0.0,0.0
744.6666666666667,2.2549555555555556,0.0639741379870884,0.0,0.0,0.0
745.0,2.2648333333333337,0.06438049453549866,0.0,0.0,0.0
745.3333333333334,2.2747111111111114,0.0648295944927213,0.0,0.0,0.0
745.6666666666666,2.284588888888889,0.06529878717742577,0.0,0.0,0.0
746.0,2.294466666666667,0.06576801823143796,0.0,0.0,0.0
746.3333333333333,2.3043444444444448,0.06623717894171932,0.0,0.0,0.0
746.6666666666666,2.3142222222222224,0.06670637162642379,0.0,0.0,0.0
747.0,2.3241,0.06717559628555136,0.0,0.0,0.0
747.3333333333334,2.333977777777778,0.06764478897025583,0.0,0.0,0.0
747.6666666666666,2.343855555555556,0.06811400083961416,0.0,0.0,0.0
748.0,2.3537333333333335,0.06858318073454939,0.0,0.0,0.0
748.3333333333333,2.363611111111111,0.06905237341925385,0.0,0.0,0.0
748.6666666666666,2.373488888888889,0.06952163644768916,0.0,0.0,0.0
749.0,2.383366666666667,0.06999080355285514,0.0,0.0,0.0
749.3333333333334,2.3932444444444445,0.07046001542221347,0.0,0.0,0.0
749.6666666666666,2.4031222222222226,0.07092920810691794,0.0,0.0,0.0
750.0,2.413,0.0713984263711609,0.0,0.0,0.0
750.3333333333334,2.4228777777777784,0.07186761266098074,0.0,0.0,0.0
750.6666666666666,2.4327555555555556,0.07233677976614672,0.0,0.0,0.0
751.0,2.442633333333333,0.07280601721504354,0.0,0.0,0.0
751.3333333333334,2.4525111111111113,0.07327525466394036,0.0,0.0,0.0
751.6666666666667,2.462388888888889,0.07374442176910634,0.0,0.0,0.0
752.0,2.472266666666667,0.07421358887427232,0.0,0.0,0.0
752.3333333333334,2.4821444444444447,0.07468285829759225,0.0,0.0,0.0
752.6666666666666,2.4920222222222224,0.0751520190078736,0.0,0.0,0.0
753.0,2.5019,0.07562120529769345,0.0,0.0,0.0
753.3333333333334,2.511777777777778,0.07609044914147489,0.0,0.0,0.0
753.6666666666667,2.5216555555555558,0.07655963543129474,0.0,0.0,0.0
754.0,2.5315333333333334,0.07702885369553769,0.0,0.0,0.0
754.3333333333334,2.541411111111111,0.07749800801093443,0.0,0.0,0.0
754.6666666666666,2.551288888888889,0.07796727103936973,0.0,0.0,0.0
755.0,2.561166666666667,0.07843645732918958,0.0,0.0,0.0
755.3333333333333,2.5710444444444445,0.07890566280366329,0.0,0.0,0.0
755.6666666666667,2.5809222222222226,0.07937488106790624,0.0,0.0,0.0
756.0,2.5907999999999998,0.0798440417781876,0.0,0.0,0.0
756.3333333333334,2.6006777777777783,0.08031320248846896,0.0,0.0,0.0
756.6666666666666,2.6105555555555555,0.08078245272713502,0.0,0.0,0.0
757.0,2.6204333333333336,0.0812516773862626,0.0,0.0,0.0
757.3333333333333,2.6303111111111113,0.0817208508863132,0.0,0.0,0.0
757.6666666666667,2.640188888888889,0.08219000520170994,0.0,0.0,0.0
758.0,2.650066666666667,0.08265926823014524,0.0,0.0,0.0
758.3333333333334,2.6599444444444447,0.0831284864943882,0.0,0.0,0.0
758.6666666666666,2.6698222222222223,0.0835977175484004,0.0,0.0,0.0
759.0,2.6797,0.0840668334944894,0.0,0.0,0.0
759.3333333333333,2.689577777777778,0.08453604536384773,0.0,0.0,0.0
759.6666666666667,2.6994555555555553,0.08500528281274455,0.0,0.0,0.0
760.0,2.709333333333334,0.0854744691025644,0.0,0.0,0.0
760.3333333333334,2.719211111111111,0.08594366178726887,0.0,0.0,0.0
760.6666666666666,2.729088888888889,0.08641290563105031,0.0,0.0,0.0
761.0,2.7389666666666668,0.08688207273621629,0.0,0.0,0.0
761.3333333333333,2.7488444444444444,0.08735134215953622,0.0,0.0,0.0
761.6666666666666,2.7587222222222225,0.08782043892097136,0.0,0.0,0.0
762.0,2.7686,0.08828969555452204,0.0,0.0,0.0
762.3333333333334,2.7784777777777783,0.08875890742388037,0.0,0.0,0.0
762.6666666666666,2.788355555555556,0.08922806173927711,0.0,0.0,0.0
763.0,2.798233333333334,0.08969722884444309,0.0,0.0,0.0
763.3333333333333,2.8081111111111117,0.09016648547799377,0.0,0.0,0.0
763.6666666666666,2.8179888888888893,0.09063571013712135,0.0,0.0,0.0
764.0,2.827866666666667,0.09110501153486439,0.0,0.0,0.0
764.3333333333334,2.837744444444445,0.09157408911164566,0.0,0.0,0.0
764.6666666666666,2.8476222222222227,0.09204329458611937,0.0,0.0,0.0
765.0,2.8575000000000004,0.09251245529640073,0.0,0.0,0.0
765.3333333333334,2.8673777777777785,0.09298171192995142,0.0,0.0,0.0
765.6666666666666,2.8772555555555557,0.09345091740442513,0.0,0.0,0.0
766.0,2.887133333333334,0.09392005893005262,0.0,0.0,0.0
766.3333333333334,2.8970111111111114,0.09438930277383406,0.0,0.0,0.0
766.6666666666667,2.9068888888888895,0.09485850824830777,0.0,0.0,0.0
767.0,2.916766666666667,0.09532769453812762,0.0,0.0,0.0
767.3333333333334,2.926644444444445,0.09579690001260133,0.0,0.0,0.0
767.6666666666666,2.936522222222223,0.09626611188195966,0.0,0.0,0.0
768.0,2.9464,0.09673532375131799,0.0,0.0,0.0
768.3333333333334,2.9562777777777782,0.09720452283090708,0.0,0.0,0.0
768.6666666666667,2.966155555555556,0.09767372191049617,0.0,0.0,0.0
769.0,2.976033333333334,0.0981428762258929,0.0,0.0,0.0
769.3333333333334,2.9859111111111116,0.09861208170036662,0.0,0.0,0.0
769.6666666666666,2.9957888888888893,0.09908136391345579,0.0,0.0,0.0
770.0,3.005666666666667,0.09955055020327563,0.0,0.0,0.0
770.3333333333333,3.015544444444445,0.10001976846751859,0.0,0.0,0.0
770.6666666666667,3.0254222222222227,0.10048890359826146,0.0,0.0,0.0
771.0,3.0353000000000003,0.10095814104715828,0.0,0.0,0.0
771.3333333333334,3.0451777777777784,0.10142737210117048,0.0,0.0,0.0
771.6666666666666,3.0550555555555556,0.10189654560122108,0.0,0.0,0.0
772.0,3.064933333333334,0.1023657254961563,0.0,0.0,0.0
772.3333333333333,3.0748111111111114,0.10283496933993774,0.0,0.0,0.0
772.6666666666667,3.084688888888889,0.10330413644510372,0.0,0.0,0.0
773.0,3.094566666666667,0.10377333552469281,0.0,0.0,0.0
773.3333333333334,3.104444444444445,0.1042425921582435,0.0,0.0,0.0
773.6666666666666,3.114322222222223,0.10471174007875561,0.0,0.0,0.0
774.0,3.1242,0.10518092636857546,0.0,0.0,0.0
774.3333333333333,3.134077777777778,0.10565020218678,0.0,0.0,0.0
774.6666666666667,3.143955555555556,0.1061193437124075,0.0,0.0,0.0
775.0,3.153833333333334,0.10658854918688121,0.0,0.0,0.0
775.3333333333334,3.1637111111111116,0.10705772268693181,0.0,0.0,0.0
775.6666666666666,3.1735888888888892,0.10752708163863645,0.0,0.0,0.0
776.0,3.183466666666667,0.10799613363587923,0.0,0.0,0.0
776.3333333333333,3.193344444444445,0.10846540305919916,0.0,0.0,0.0
776.6666666666666,3.2032222222222226,0.10893458295413438,0.0,0.0,0.0
777.0,3.2131000000000003,0.10940376284906961,0.0,0.0,0.0
777.3333333333334,3.2229777777777784,0.10987298111331256,0.0,0.0,0.0
777.6666666666666,3.2328555555555556,0.110342224957094,0.0,0.0,0.0
778.0,3.242733333333334,0.11081140485202923,0.0,0.0,0.0
778.3333333333333,3.2526111111111113,0.1112805975367337,0.0,0.0,0.0
778.6666666666666,3.2624888888888894,0.1117498030112074,0.0,0.0,0.0
779.0,3.272366666666667,0.1122189445368349,0.0,0.0,0.0
779.3333333333334,3.2822444444444443,0.11268816280107785,0.0,0.0,0.0
779.6666666666666,3.2921222222222224,0.11315739385509005,0.0,0.0,0.0
780.0,3.302,0.11362658653979452,0.0,0.0,0.0
780.3333333333334,3.302,0.11362658653979452,0.0,0.0,0.0
780.6666666666666,3.302,0.11362658653979452,0.0,0.0,0.0
781.0,3.302,0.11362658653979452,0.0,0.0,0.0
781.3333333333334,3.302,0.11362658653979452,0.0,0.0,0.0
781.6666666666667,3.302,0.11362658653979452,0.0,0.0,0.0
782.0,3.302,0.11362658653979452,0.0,0.0,0.0
782.3333333333334,3.302,0.11362658653979452,0.0,0.0,0.0
782.6666666666666,3.302,0.11362658653979452,0.0,0.0,0.0
783.0,3.302,0.11362658653979452,0.0,0.0,0.0
783.3333333333334,3.302,0.11362658653979452,0.0,0.0,0.0
783.6666666666667,3.302,0.11362658653979452,0.0,0.0,0.0
784.0,3.302,0.11362658653979452,0.0,0.0,0.0
784.3333333333334,3.302,0.11362658653979452,0.0,0.0,0.0
784.6666666666666,3.302,0.11362658653979452,0.0,0.0,0.0
785.0,3.302,0.11362658653979452,0.0,0.0,0.0
785.3333333333333,3.302,0.11362658653979452,0.0,0.0,0.0
785.6666666666667,3.302,0.11362658653979452,0.0,0.0,0.0
786.0,3.302,0.11362658653979452,0.0,0.0,0.0
786.3333333333334,3.302,0.11362658653979452,0.0,0.0,0.0
786.6666666666666,3.302,0.11362658653979452,0.0,0.0,0.0
787.0,3.302,0.11362658653979452,0.0,0.0,0.0
787.3333333333333,3.302,0.11362658653979452,0.0,0.0,0.0
787.6666666666667,3.302,0.11362658653979452,0.0,0.0,0.0
788.0,3.302,0.11362658653979452,0.0,0.0,0.0
788.3333333333334,3.302,0.11362658653979452,0.0,0.0,0.0
788.6666666666666,3.302,0.11362658653979452,0.0,0.0,0.0
789.0,3.302,0.11362658653979452,0.0,0.0,0.0
789.3333333333333,3.302,0.11362658653979452,0.0,0.0,0.0
789.6666666666667,3.302,0.11362658653979452,0.0,0.0,0.0
790.0,3.302,0.11362658653979452,0.0,0.0,0.0
790.3333333333334,3.302,0.11362658653979452,0.0,0.0,0.0
790.6666666666666,3.302,0.11362658653979452,0.0,0.0,0.0
791.0,3.302,0.11362658653979452,0.0,0.0,0.0
791.3333333333333,3.302,0.11362658653979452,0.0,0.0,0.0
791.6666666666666,3.302,0.11362658653979452,0.0,0.0,0.0
792.0,3.302,0.11362658653979452,0.0,0.0,0.0
792.3333333333334,3.302,0.11362658653979452,0.0,0.0,0.0
792.6666666666666,3.302,0.11362658653979452,0.0,0.0,0.0
793.0,3.302,0.11362658653979452,0.0,0.0,0.0
793.3333333333333,3.302,0.11362658653979452,0.0,0.0,0.0
793.6666666666666,3.302,0.11362658653979452,0.0,0.0,0.0
794.0,3.302,0.11362658653979452,0.0,0.0,0.0
794.3333333333334,3.302,0.11362658653979452,0.0,0.0,0.0
794.6666666666666,3.302,0.11362658653979452,0.0,0.0,0.0
795.0,3.302,0.11362658653979452,0.0,0.0,0.0
795.3333333333334,3.302,0.11362658653979452,0.0,0.0,0.0
795.6666666666666,3.302,0.11362658653979452,0.0,0.0,0.0
796.0,3.302,0.11362658653979452,0.0,0.0,0.0
796.3333333333334,3.302,0.11362658653979452,0.0,0.0,0.0
796.6666666666667,3.302,0.11362658653979452,0.0,0.0,0.0
797.0,3.302,0.11362658653979452,0.0,0.0,0.0
797.3333333333334,3.302,0.11362658653979452,0.0,0.0,0.0
797.6666666666666,3.302,0.11362658653979452,0.0,0.0,0.0
798.0,3.302,0.11362658653979452,0.0,0.0,0.0
798.3333333333334,3.302,0.11362658653979452,0.0,0.0,0.0
798.6666666666667,3.302,0.11362658653979452,0.0,0.0,0.0
799.0,3.302,0.11362658653979452,0.0,0.0,0.0
799.3333333333334,3.302,0.11362658653979452,0.0,0.0,0.0
799.6666666666666,3.302,0.11362658653979452,0.0,0.0,0.0
800.0,3.302,0.11362658653979452,0.0,0.0,0.0
800.3333333333333,3.302,0.11362658653979452,0.0,0.0,0.0
800.6666666666667,3.302,0.11362658653979452,0.0,0.0,0.0
801.0,3.302,0.11362658653979452,0.0,0.0,0.0
801.3333333333334,3.302,0.11362658653979452,0.0,0.0,0.0
801.6666666666666,3.302,0.11362658653979452,0.0,0.0,0.0
802.0,3.302,0.11362658653979452,0.0,0.0,0.0
802.3333333333333,3.302,0.11362658653979452,0.0,0.0,0.0
802.6666666666667,3.302,0.11362658653979452,0.0,0.0,0.0
803.0,3.302,0.11362658653979452,0.0,0.0,0.0
803.3333333333334,3.302,0.11362658653979452,0.0,0.0,0.0
803.6666666666666,3.302,0.11362658653979452,0.0,0.0,0.0
804.0,3.302,0.11362658653979452,0.0,0.0,0.0
804.3333333333333,3.302,0.11362658653979452,0.0,0.0,0.0
804.6666666666667,3.302,0.11362658653979452,0.0,0.0,0.0
805.0,3.302,0.11362658653979452,0.0,0.0,0.0
805.3333333333334,3.302,0.11362658653979452,0.0,0.0,0.0
805.6666666666666,3.302,0.11362658653979452,0.0,0.0,0.0
806.0,3.302,0.11362658653979452,0.0,0.0,0.0
806.3333333333333,3.302,0.11362658653979452,0.0,0.0,0.0
806.6666666666666,3.302,0.11362658653979452,0.0,0.0,0.0
807.0,3.302,0.11362658653979452,0.0,0.0,0.0
807.3333333333334,3.302,0.11362658653979452,0.0,0.0,0.0
807.6666666666666,3.302,0.11362658653979452,0.0,0.0,0.0
808.0,3.302,0.11362658653979452,0.0,0.0,0.0
808.3333333333333,3.302,0.11362658653979452,0.0,0.0,0.0
808.6666666666666,3.302,0.11362658653979452,0.0,0.0,0.0
809.0,3.302,0.11362658653979452,0.0,0.0,0.0
809.3333333333334,3.302,0.11362658653979452,0.0,0.0,0.0
809.6666666666666,3.302,0.11362658653979452,0.0,0.0,0.0
810.0,3.302,0.11362658653979452,0.0,0.0,0.0
810.3333333333334,3.302,0.11362658653979452,0.0,0.0,0.0
810.6666666666666,3.302,0.11362658653979452,0.0,0.0,0.0
811.0,3.302,0.11362658653979452,0.0,0.0,0.0
811.3333333333334,3.302,0.11362658653979452,0.0,0.0,0.0
811.6666666666667,3.302,0.11362658653979452,0.0,0.0,0.0
812.0,3.302,0.11362658653979452,0.0,0.0,0.0
812.3333333333334,3.302,0.11362658653979452,0.0,0.0,0.0
812.6666666666666,3.302,0.11362658653979452,0.0,0.0,0.0
813.0,3.302,0.11362658653979452,0.0,0.0,0.0
813.3333333333334,3.302,0.11362658653979452,0.0,0.0,0.0
813.6666666666667,3.302,0.11362658653979452,0.0,0.0,0.0
814.0,3.302,0.11362658653979452,0.0,0.0,0.0
814.3333333333334,3.302,0.11362658653979452,0.0,0.0,0.0
814.6666666666666,3.302,0.11362658653979452,0.0,0.0,0.0
815.0,3.302,0.11362658653979452,0.0,0.0,0.0
815.3333333333333,3.302,0.11362658653979452,0.0,0.0,0.0
815.6666666666667,3.302,0.11362658653979452,0.0,0.0,0.0
816.0,3.302,0.11362658653979452,0.0,0.0,0.0
816.3333333333334,3.302,0.11362658653979452,0.0,0.0,0.0
816.6666666666666,3.302,0.11362658653979452,0.0,0.0,0.0
817.0,3.302,0.11362658653979452,0.0,0.0,0.0
817.3333333333333,3.302,0.11362658653979452,0.0,0.0,0.0
817.6666666666667,3.302,0.11362658653979452,0.0,0.0,0.0
818.0,3.302,0.11362658653979452,0.0,0.0,0.0
818.3333333333334,3.302,0.11362658653979452,0.0,0.0,0.0
818.6666666666666,3.302,0.11362658653979452,0.0,0.0,0.0
819.0,3.302,0.11362658653979452,0.0,0.0,0.0
819.3333333333333,3.302,0.11362658653979452,0.0,0.0,0.0
819.6666666666667,3.302,0.11362658653979452,0.0,0.0,0.0
820.0,3.302,0.11362658653979452,0.0,0.0,0.0
820.3333333333334,3.302,0.11362658653979452,0.0,0.0,0.0
820.6666666666666,3.302,0.11362658653979452,0.0,0.0,0.0
821.0,3.302,0.11362658653979452,0.0,0.0,0.0
821.3333333333333,3.302,0.11362658653979452,0.0,0.0,0.0
821.6666666666666,3.302,0.11362658653979452,0.0,0.0,0.0
822.0,3.302,0.11362658653979452,0.0,0.0,0.0
822.3333333333334,3.302,0.11362658653979452,0.0,0.0,0.0
822.6666666666666,3.302,0.11362658653979452,0.0,0.0,0.0
823.0,3.302,0.11362658653979452,0.0,0.0,0.0
823.3333333333333,3.302,0.11362658653979452,0.0,0.0,0.0
823.6666666666666,3.302,0.11362658653979452,0.0,0.0,0.0
824.0,3.302,0.11362658653979452,0.0,0.0,0.0
824.3333333333334,3.302,0.11362658653979452,0.0,0.0,0.0
824.6666666666666,3.302,0.11362658653979452,0.0,0.0,0.0
825.0,3.302,0.11362658653979452,0.0,0.0,0.0
825.3333333333334,3.302,0.11362658653979452,0.0,0.0,0.0
825.6666666666666,3.302,0.11362658653979452,0.0,0.0,0.0
826.0,3.302,0.11362658653979452,0.0,0.0,0.0
826.3333333333334,3.302,0.11362658653979452,0.0,0.0,0.0
826.6666666666667,3.302,0.11362658653979452,0.0,0.0,0.0
827.0,3.302,0.11362658653979452,0.0,0.0,0.0
827.3333333333334,3.302,0.11362658653979452,0.0,0.0,0.0
827.6666666666666,3.302,0.11362658653979452,0.0,0.0,0.0
828.0,3.302,0.11362658653979452,0.0,0.0,0.0
828.3333333333334,3.302,0.11362658653979452,0.0,0.0,0.0
828.6666666666667,3.302,0.11362658653979452,0.0,0.0,0.0
829.0,3.302,0.11362658653979452,0.0,0.0,0.0
829.3333333333334,3.302,0.11362658653979452,0.0,0.0,0.0
829.6666666666666,3.302,0.11362658653979452,0.0,0.0,0.0
830.0,3.302,0.11362658653979452,0.0,0.0,0.0
830.3333333333333,3.302,0.11362658653979452,0.0,0.0,0.0
830.6666666666667,3.302,0.11362658653979452,0.0,0.0,0.0
831.0,3.302,0.11362658653979452,0.0,0.0,0.0
831.3333333333334,3.302,0.11362658653979452,0.0,0.0,0.0
831.6666666666666,3.302,0.11362658653979452,0.0,0.0,0.0
832.0,3.302,0.11362658653979452,0.0,0.0,0.0
832.3333333333333,3.302,0.11362658653979452,0.0,0.0,0.0
832.6666666666667,3.302,0.11362658653979452,0.0,0.0,0.0
833.0,3.302,0.11362658653979452,0.0,0.0,0.0
833.3333333333334,3.302,0.11362658653979452,0.0,0.0,0.0
833.6666666666666,3.302,0.11362658653979452,0.0,0.0,0.0
834.0,3.302,0.11362658653979452,0.0,0.0,0.0
834.3333333333333,3.302,0.11362658653979452,0.0,0.0,0.0
834.6666666666667,3.302,0.11362658653979452,0.0,0.0,0.0
835.0,3.302,0.11362658653979452,0.0,0.0,0.0
835.3333333333334,3.302,0.11362658653979452,0.0,0.0,0.0
835.6666666666666,3.302,0.11362658653979452,0.0,0.0,0.0
836.0,3.302,0.11362658653979452,0.0,0.0,0.0
836.3333333333333,3.302,0.11362658653979452,0.0,0.0,0.0
836.6666666666666,3.302,0.11362658653979452,0.0,0.0,0.0
837.0,3.302,0.11362658653979452,0.0,0.0,0.0
837.3333333333334,3.302,0.11362658653979452,0.0,0.0,0.0
837.6666666666666,3.302,0.11362658653979452,0.0,0.0,0.0
838.0,3.302,0.11362658653979452,0.0,0.0,0.0
838.3333333333333,3.302,0.11362658653979452,0.0,0.0,0.0
838.6666666666666,3.302,0.11362658653979452,0.0,0.0,0.0
839.0,3.302,0.11362658653979452,0.0,0.0,0.0
839.3333333333334,3.302,0.11362658653979452,0.0,0.0,0.0
839.6666666666666,3.302,0.11362658653979452,0.0,0.0,0.0
840.0,3.302,0.11362658653979452,0.0,0.0,0.0
840.3333333333334,3.3062333333333336,0.11382769287138217,0.0,0.0,0.0
840.6666666666666,3.310466666666667,0.11402876083366209,0.0,0.0,0.0
841.0,3.3147,0.11422986716524974,0.0,0.0,0.0
841.3333333333334,3.3189333333333337,0.11443088396845269,0.0,0.0,0.0
841.6666666666667,3.3231666666666664,0.11463205424888656,0.0,0.0,0.0
842.0,3.3274000000000004,0.11483312221116648,0.0,0.0,0.0
842.3333333333334,3.3316333333333334,0.11503412622460019,0.0,0.0,0.0
842.6666666666666,3.335866666666667,0.11523525813572633,0.0,0.0,0.0
843.0,3.3401000000000005,0.11543639004685247,0.0,0.0,0.0
843.3333333333334,3.3443333333333336,0.11563747079890163,0.0,0.0,0.0
843.6666666666667,3.348566666666667,0.11583850039187382,0.0,0.0,0.0
844.0,3.3528000000000002,0.11603960672346147,0.0,0.0,0.0
844.3333333333334,3.3570333333333333,0.11624071305504913,0.0,0.0,0.0
844.6666666666666,3.361266666666667,0.11644180659686754,0.0,0.0,0.0
845.0,3.3655,0.11664287455914746,0.0,0.0,0.0
845.3333333333333,3.3697333333333335,0.11684398089073511,0.0,0.0,0.0
845.6666666666667,3.373966666666667,0.11704504885301503,0.0,0.0,0.0
846.0,3.3782000000000005,0.1172461296050642,0.0,0.0,0.0
846.3333333333334,3.3824333333333336,0.1174472231468826,0.0,0.0,0.0
846.6666666666666,3.386666666666667,0.11764835505800875,0.0,0.0,0.0
847.0,3.3909000000000002,0.11784939744075018,0.0,0.0,0.0
847.3333333333333,3.3951333333333333,0.11805049098256859,0.0,0.0,0.0
847.6666666666667,3.399366666666667,0.11825154615507927,0.0,0.0,0.0
848.0,3.4036,0.11845267806620541,0.0,0.0,0.0
848.3333333333334,3.4078333333333335,0.11865373323871609,0.0,0.0,0.0
848.6666666666666,3.412066666666667,0.11885478841122676,0.0,0.0,0.0
849.0,3.4163,0.1190559203223529,0.0,0.0,0.0
849.3333333333333,3.4205333333333336,0.11925705223347904,0.0,0.0,0.0
849.6666666666667,3.4247666666666667,0.11945812019575897,0.0,0.0,0.0
850.0,3.4290000000000003,0.11965913699896191,0.0,0.0,0.0
850.3333333333334,3.433233333333333,0.11986023054078032,0.0,0.0,0.0
850.6666666666666,3.4374666666666664,0.12006143919052192,0.0,0.0,0.0
851.0,3.4417,0.1202624048346479,0.0,0.0,0.0
851.3333333333333,3.445933333333334,0.12046354953554328,0.0,0.0,0.0
851.6666666666666,3.4501666666666675,0.12066457912851547,0.0,0.0,0.0
852.0,3.4544000000000006,0.12086569824987237,0.0,0.0,0.0
852.3333333333334,3.4586333333333337,0.12106671505307531,0.0,0.0,0.0
852.6666666666666,3.4628666666666668,0.12126779580512448,0.0,0.0,0.0
853.0,3.4671000000000003,0.12146892771625062,0.0,0.0,0.0
853.3333333333333,3.471333333333334,0.12166994451945357,0.0,0.0,0.0
853.6666666666666,3.475566666666667,0.12187117874873366,0.0,0.0,0.0
854.0,3.4798000000000004,0.12207225950078282,0.0,0.0,0.0
854.3333333333334,3.4840333333333335,0.12227325072444728,0.0,0.0,0.0
854.6666666666666,3.488266666666667,0.12247438263557342,0.0,0.0,0.0
855.0,3.4925,0.12267551454669956,0.0,0.0,0.0
855.3333333333334,3.4967333333333332,0.122876556929441,0.0,0.0,0.0
855.6666666666666,3.500966666666667,0.12307759931218243,0.0,0.0,0.0
856.0,3.5052,0.12327866727446235,0.0,0.0,0.0
856.3333333333334,3.5094333333333334,0.12347986313443471,0.0,0.0,0.0
856.6666666666667,3.5136666666666665,0.12368087993763766,0.0,0.0,0.0
857.0,3.5179,0.12388199905899455,0.0,0.0,0.0
857.3333333333334,3.5221333333333336,0.12408313097012069,0.0,0.0,0.0
857.6666666666666,3.5263666666666666,0.12428416056309288,0.0,0.0,0.0
858.0,3.5306,0.12448526689468054,0.0,0.0,0.0
858.3333333333334,3.534833333333333,0.12468630927742197,0.0,0.0,0.0
858.6666666666667,3.5390666666666664,0.12488742839877887,0.0,0.0,0.0
859.0,3.5432999999999995,0.1250884707815203,0.0,0.0,0.0
859.3333333333334,3.547533333333334,0.12528962827218493,0.0,0.0,0.0
859.6666666666666,3.5517666666666674,0.12549069623446485,0.0,0.0,0.0
860.0,3.5560000000000005,0.12569173861720628,0.0,0.0,0.0
860.3333333333333,3.560233333333334,0.12589288331810167,0.0,0.0,0.0
860.6666666666667,3.5644666666666667,0.12609391291107386,0.0,0.0,0.0
861.0,3.5687,0.12629508319150773,0.0,0.0,0.0
861.3333333333334,3.5729333333333333,0.12649612557424916,0.0,0.0,0.0
861.6666666666666,3.577166666666667,0.12669718074675984,0.0,0.0,0.0
862.0,3.5814000000000004,0.12689827428857825,0.0,0.0,0.0
862.3333333333333,3.5856333333333335,0.12709939340993515,0.0,0.0,0.0
862.6666666666667,3.589866666666667,0.1273004997415228,0.0,0.0,0.0
863.0,3.5941,0.12750154212426423,0.0,0.0,0.0
863.3333333333334,3.5983333333333336,0.12770261008654415,0.0,0.0,0.0
863.6666666666666,3.6025666666666667,0.1279037164181318,0.0,0.0,0.0
864.0,3.6068,0.128104746011104,0.0,0.0,0.0
864.3333333333333,3.6110333333333333,0.12830582676315316,0.0,0.0,0.0
864.6666666666667,3.6152666666666664,0.12850697146404855,0.0,0.0,0.0
865.0,3.6195,0.1287080522160977,0.0,0.0,0.0
865.3333333333334,3.623733333333333,0.1289091713374546,0.0,0.0,0.0
865.6666666666666,3.6279666666666666,0.12911027766904226,0.0,0.0,0.0
866.0,3.6322,0.12931133284155294,0.0,0.0,0.0
866.3333333333333,3.6364333333333336,0.12951245196290984,0.0,0.0,0.0
866.6666666666666,3.640666666666667,0.1297134431865743,0.0,0.0,0.0
867.0,3.6449000000000003,0.12991460067723892,0.0,0.0,0.0
867.3333333333334,3.649133333333334,0.13011560469067263,0.0,0.0,0.0
867.6666666666666,3.653366666666667,0.13031671102226028,0.0,0.0,0.0
868.0,3.6576000000000004,0.1305178685129249,0.0,0.0,0.0
868.3333333333333,3.661833333333334,0.1307188981058971,0.0,0.0,0.0
868.6666666666666,3.666066666666667,0.130920017227254,0.0,0.0,0.0
869.0,3.6703,0.1311211107690724,0.0,0.0,0.0
869.3333333333334,3.674533333333333,0.1313222298904293,0.0,0.0,0.0
869.6666666666666,3.6787666666666667,0.13152328506293998,0.0,0.0,0.0
870.0,3.6830000000000003,0.13172436581498914,0.0,0.0,0.0
870.3333333333334,3.6872333333333334,0.1319253570386536,0.0,0.0,0.0
870.6666666666666,3.691466666666667,0.13212652731908747,0.0,0.0,0.0
871.0,3.6957,0.13232764644044437,0.0,0.0,0.0
871.3333333333334,3.6999333333333335,0.1325286888231858,0.0,0.0,0.0
871.6666666666667,3.7041666666666666,0.1327298974729274,0.0,0.0,0.0
872.0,3.7083999999999997,0.13293088869659186,0.0,0.0,0.0
872.3333333333334,3.7126333333333332,0.13313196944864103,0.0,0.0,0.0
872.6666666666666,3.7168666666666663,0.13333308856999793,0.0,0.0,0.0
873.0,3.7211,0.13353411816297012,0.0,0.0,0.0
873.3333333333334,3.725333333333333,0.13373522449455777,0.0,0.0,0.0
873.6666666666667,3.7295666666666665,0.13393625408752996,0.0,0.0,0.0
874.0,3.7338,0.13413734762934837,0.0,0.0,0.0
874.3333333333334,3.738033333333333,0.13433851790978224,0.0,0.0,0.0
874.6666666666666,3.742266666666667,0.1345395986618314,0.0,0.0,0.0
875.0,3.7465,0.13474065383434208,0.0,0.0,0.0
875.3333333333333,3.7507333333333337,0.13494178574546822,0.0,0.0,0.0
875.6666666666667,3.754966666666667,0.1351428664975174,0.0,0.0,0.0
876.0,3.7592000000000003,0.1353439344597973,0.0,0.0,0.0
876.3333333333334,3.763433333333334,0.13554491289369253,0.0,0.0,0.0
876.6666666666666,3.767666666666667,0.13574610875366488,0.0,0.0,0.0
877.0,3.7719000000000005,0.13594718950571405,0.0,0.0,0.0
877.3333333333333,3.7761333333333336,0.13614824467822473,0.0,0.0,0.0
877.6666666666667,3.7803666666666667,0.13634940216888936,0.0,0.0,0.0
878.0,3.7845999999999997,0.13655040618232306,0.0,0.0,0.0
878.3333333333334,3.7888333333333333,0.13675148693437222,0.0,0.0,0.0
878.6666666666666,3.793066666666667,0.1369526572148061,0.0,0.0,0.0
879.0,3.7973,0.13715369959754753,0.0,0.0,0.0
879.3333333333333,3.8015333333333334,0.13735476755982745,0.0,0.0,0.0
879.6666666666667,3.8057666666666665,0.13755586110164586,0.0,0.0,0.0
880.0,3.81,0.13775692906392578,0.0,0.0,0.0
880.3333333333334,3.814233333333333,0.13795803539551343,0.0,0.0,0.0
880.6666666666666,3.8184666666666662,0.13815910335779336,0.0,0.0,0.0
881.0,3.8226999999999998,0.13836018410984252,0.0,0.0,0.0
881.3333333333333,3.8269333333333337,0.13856130323119942,0.0,0.0,0.0
881.6666666666666,3.8311666666666673,0.13876240956278707,0.0,0.0,0.0
882.0,3.8354000000000004,0.13896340078645153,0.0,0.0,0.0
882.3333333333334,3.839633333333334,0.13916451990780843,0.0,0.0,0.0
882.6666666666666,3.8438666666666674,0.13936571576778078,0.0,0.0,0.0
883.0,3.8481,0.13956679651982995,0.0,0.0,0.0
883.3333333333333,3.8523333333333336,0.1397678133230329,0.0,0.0,0.0
883.6666666666666,3.8565666666666667,0.13996889407508206,0.0,0.0,0.0
884.0,3.8608000000000002,0.14016994924759274,0.0,0.0,0.0
884.3333333333334,3.8650333333333333,0.14037099163033417,0.0,0.0,0.0
884.6666666666666,3.869266666666667,0.14057218749030653,0.0,0.0,0.0
885.0,3.8735000000000004,0.1407732682423557,0.0,0.0,0.0
885.3333333333334,3.8777333333333335,0.1409742978353279,0.0,0.0,0.0
885.6666666666666,3.881966666666667,0.14117537858737705,0.0,0.0,0.0
886.0,3.8861999999999997,0.14137654886781093,0.0,0.0,0.0
886.3333333333334,3.890433333333333,0.14157759125055236,0.0,0.0,0.0
886.6666666666667,3.8946666666666667,0.14177877432075547,0.0,0.0,0.0
887.0,3.8989,0.14197979112395842,0.0,0.0,0.0
887.3333333333334,3.9031333333333333,0.1421808207169306,0.0,0.0,0.0
887.6666666666666,3.907366666666666,0.14238190146897978,0.0,0.0,0.0
888.0,3.9115999999999995,0.1425830845391829,0.0,0.0,0.0
888.3333333333334,3.9158333333333326,0.14278413971169357,0.0,0.0,0.0
888.6666666666667,3.920066666666666,0.1429852076739735,0.0,0.0,0.0
889.0,3.9242999999999997,0.14318631400556114,0.0,0.0,0.0
889.3333333333334,3.9285333333333328,0.14338738196784107,0.0,0.0,0.0
889.6666666666666,3.9327666666666663,0.14358847550965947,0.0,0.0,0.0
890.0,3.9370000000000003,0.14378953068217015,0.0,0.0,0.0
890.3333333333333,3.941233333333334,0.14399064980352705,0.0,0.0,0.0
890.6666666666667,3.945466666666667,0.14419152591926832,0.0,0.0,0.0
891.0,3.9497000000000004,0.14439279851785614,0.0,0.0,0.0
891.3333333333334,3.953933333333334,0.14459395600852076,0.0,0.0,0.0
891.6666666666666,3.958166666666667,0.1447949728117237,0.0,0.0,0.0
892.0,3.9624000000000006,0.14499604077400363,0.0,0.0,0.0
892.3333333333333,3.9666333333333337,0.14519718547489902,0.0,0.0,0.0
892.6666666666667,3.9708666666666663,0.1453982150678712,0.0,0.0,0.0
893.0,3.9751,0.14559929581992037,0.0,0.0,0.0
893.3333333333334,3.979333333333333,0.14580044052081576,0.0,0.0,0.0
893.6666666666666,3.9835666666666665,0.14600147011378795,0.0,0.0,0.0
894.0,3.9877999999999996,0.14620256365560635,0.0,0.0,0.0
894.3333333333333,3.992033333333333,0.14640368277696325,0.0,0.0,0.0
894.6666666666667,3.996266666666666,0.14660471236993544,0.0,0.0,0.0
895.0,4.0005,0.14680589544013856,0.0,0.0,0.0
895.3333333333334,4.004733333333333,0.14700686108426453,0.0,0.0,0.0
895.6666666666666,4.008966666666667,0.1472079162567752,0.0,0.0,0.0
896.0,4.013199999999999,0.14740907374743983,0.0,0.0,0.0
896.3333333333333,4.017433333333333,0.1476101800790275,0.0,0.0,0.0
896.6666666666666,4.021666666666667,0.14781120967199968,0.0,0.0,0.0
897.0,4.025900000000001,0.14801254621943372,0.0,0.0,0.0
897.3333333333334,4.030133333333334,0.14821342233517498,0.0,0.0,0.0
897.6666666666666,4.034366666666667,0.14841447750768566,0.0,0.0,0.0
898.0,4.0386,0.1486156094188118,0.0,0.0,0.0
898.3333333333333,4.042833333333333,0.14881675411970718,0.0,0.0,0.0
898.6666666666666,4.047066666666667,0.14901778371267937,0.0,0.0,0.0
899.0,4.0512999999999995,0.14921890283403627,0.0,0.0,0.0
899.3333333333334,4.055533333333333,0.14942002195539317,0.0,0.0,0.0
899.6666666666666,4.0597666666666665,0.1496211538665193,0.0,0.0,0.0
900.0,4.064,0.14982222182879923,0.0,0.0,0.0
900.3333333333334,4.047066666666667,0.14901778371267937,0.0,0.0,0.0
900.6666666666666,4.030133333333334,0.14821342233517498,0.0,0.0,0.0
901.0,4.013199999999999,0.14740907374743983,0.0,0.0,0.0
901.3333333333334,3.996266666666666,0.14660471236993544,0.0,0.0,0.0
901.6666666666667,3.979333333333333,0.14580044052081576,0.0,0.0,0.0
902.0,3.9624000000000006,0.14499604077400363,0.0,0.0,0.0
902.3333333333334,3.945466666666667,0.14419152591926832,0.0,0.0,0.0
902.6666666666666,3.9285333333333328,0.14338738196784107,0.0,0.0,0.0
903.0,3.9115999999999995,0.1425830845391829,0.0,0.0,0.0
903.3333333333334,3.8946666666666667,0.14177877432075547,0.0,0.0,0.0
903.6666666666667,3.8777333333333335,0.1409742978353279,0.0,0.0,0.0
904.0,3.8608000000000002,0.14016994924759274,0.0,0.0,0.0
904.3333333333334,3.8438666666666674,0.13936571576778078,0.0,0.0,0.0
904.6666666666666,3.826933333333333,0.13856130323119942,0.0,0.0,0.0
905.0,3.81,0.13775692906392578,0.0,0.0,0.0
905.3333333333333,3.793066666666667,0.1369526572148061,0.0,0.0,0.0
905.6666666666667,3.7761333333333336,0.13614824467822473,0.0,0.0,0.0
906.0,3.7592000000000003,0.1353439344597973,0.0,0.0,0.0
906.3333333333334,3.7422666666666666,0.1345395986618314,0.0,0.0,0.0
906.6666666666666,3.725333333333333,0.13373522449455777,0.0,0.0,0.0
907.0,3.7083999999999997,0.13293088869659186,0.0,0.0,0.0
907.3333333333333,3.691466666666667,0.13212652731908747,0.0,0.0,0.0
907.6666666666667,3.674533333333333,0.1313222298904293,0.0,0.0,0.0
908.0,3.6576000000000004,0.1305178685129249,0.0,0.0,0.0
908.3333333333334,3.6406666666666663,0.1297134431865743,0.0,0.0,0.0
908.6666666666666,3.623733333333333,0.1289091713374546,0.0,0.0,0.0
909.0,3.6068,0.128104746011104,0.0,0.0,0.0
909.3333333333333,3.589866666666667,0.1273004997415228,0.0,0.0,0.0
909.6666666666667,3.5729333333333333,0.12649612557424916,0.0,0.0,0.0
910.0,3.5559999999999996,0.12569173861720628,0.0,0.0,0.0
910.3333333333334,3.5390666666666664,0.12488742839877887,0.0,0.0,0.0
910.6666666666666,3.5221333333333336,0.12408313097012069,0.0,0.0,0.0
911.0,3.5052,0.12327866727446235,0.0,0.0,0.0
911.3333333333333,3.488266666666667,0.12247438263557342,0.0,0.0,0.0
911.6666666666666,3.471333333333334,0.12166994451945357,0.0,0.0,0.0
912.0,3.4543999999999997,0.12086569824987237,0.0,0.0,0.0
912.3333333333334,3.4374666666666664,0.12006143919052192,0.0,0.0,0.0
912.6666666666666,3.4205333333333336,0.11925705223347904,0.0,0.0,0.0
913.0,3.4036,0.11845267806620541,0.0,0.0,0.0
913.3333333333333,3.3866666666666667,0.11764835505800875,0.0,0.0,0.0
913.6666666666666,3.3697333333333335,0.11684398089073511,0.0,0.0,0.0
914.0,3.3528,0.11603960672346147,0.0,0.0,0.0
914.3333333333334,3.3358666666666665,0.11523525813572633,0.0,0.0,0.0
914.6666666666666,3.3189333333333337,0.11443088396845269,0.0,0.0,0.0
915.0,3.3019999999999996,0.11362658653979452,0.0,0.0,0.0
915.3333333333334,3.285066666666667,0.11282221237252088,0.0,0.0,0.0
915.6666666666666,3.268133333333333,0.11201788936432422,0.0,0.0,0.0
916.0,3.2512000000000003,0.11121356635612756,0.0,0.0,0.0
916.3333333333334,3.2342666666666666,0.11040917939908468,0.0,0.0,0.0
916.6666666666667,3.2173333333333334,0.10960485639088802,0.0,0.0,0.0
917.0,3.2004,0.10880053338269136,0.0,0.0,0.0
917.3333333333334,3.1834666666666664,0.10799613363587923,0.0,0.0,0.0
917.6666666666666,3.166533333333333,0.1071917914430287,0.0,0.0,0.0
918.0,3.1496,0.10638748122460129,0.0,0.0,0.0
918.3333333333334,3.1326666666666667,0.10558308787267379,0.0,0.0,0.0
918.6666666666667,3.115733333333333,0.10477877125936175,0.0,0.0,0.0
919.0,3.0988,0.10397446104093433,0.0,0.0,0.0
919.3333333333334,3.081866666666666,0.10317010605831456,0.0,0.0,0.0
919.6666666666666,3.0649333333333333,0.1023657254961563,0.0,0.0,0.0
920.0,3.048,0.1015613321442288,0.0,0.0,0.0
920.3333333333333,3.031066666666667,0.10075701553091676,0.0,0.0,0.0
920.6666666666667,3.014133333333333,0.09995267333806623,0.0,0.0,0.0
921.0,2.9972,0.09914829277590798,0.0,0.0,0.0
921.3333333333334,2.980266666666666,0.09834395058305745,0.0,0.0,0.0
921.6666666666666,2.9633333333333334,0.097539691523707,0.0,0.0,0.0
922.0,2.9464,0.09673532375131799,0.0,0.0,0.0
922.3333333333333,2.929466666666667,0.09593101353289057,0.0,0.0,0.0
922.6666666666667,2.912533333333333,0.09512655623211685,0.0,0.0,0.0
923.0,2.8956,0.09432227159322792,0.0,0.0,0.0
923.3333333333334,2.8786666666666667,0.09351793579526202,0.0,0.0,0.0
923.6666666666666,2.8617333333333335,0.09271358720752687,0.0,0.0,0.0
924.0,2.8448,0.09190927698909945,0.0,0.0,0.0
924.3333333333333,2.827866666666667,0.09110501153486439,0.0,0.0,0.0
924.6666666666667,2.810933333333333,0.09030054144432142,0.0,0.0,0.0
925.0,2.794,0.08949621843612476,0.0,0.0,0.0
925.3333333333334,2.777066666666667,0.08869188903304348,0.0,0.0,0.0
925.6666666666666,2.760133333333333,0.0878875020760006,0.0,0.0,0.0
926.0,2.7432,0.08708312151384234,0.0,0.0,0.0
926.3333333333333,2.7262666666666666,0.08627876653122257,0.0,0.0,0.0
926.6666666666666,2.709333333333333,0.0854744691025644,0.0,0.0,0.0
927.0,2.6923999999999997,0.08467015248925236,0.0,0.0,0.0
927.3333333333334,2.675466666666667,0.08386576553220948,0.0,0.0,0.0
927.6666666666666,2.658533333333333,0.08306144252401282,0.0,0.0,0.0
928.0,2.6416,0.08225702359254683,0.0,0.0,0.0
928.3333333333333,2.6246666666666663,0.08145273255877328,0.0,0.0,0.0
928.6666666666666,2.6077333333333335,0.08064839676080737,0.0,0.0,0.0
929.0,2.5907999999999998,0.0798440417781876,0.0,0.0,0.0
929.3333333333334,2.573866666666667,0.07903968040068321,0.0,0.0,0.0
929.6666666666666,2.5569333333333333,0.07823535739248655,0.0,0.0,0.0
930.0,2.5399999999999996,0.07743099601498216,0.0,0.0,0.0
930.3333333333334,2.5230666666666663,0.07662669219143936,0.0,0.0,0.0
930.6666666666666,2.5061333333333335,0.07582233720881959,0.0,0.0,0.0
931.0,2.4892,0.07501790548758436,0.0,0.0,0.0
931.3333333333334,2.4722666666666666,0.07421358887427232,0.0,0.0,0.0
931.6666666666667,2.455333333333333,0.0734092786558449,0.0,0.0,0.0
932.0,2.4383999999999997,0.07260487890903278,0.0,0.0,0.0
932.3333333333334,2.4214666666666664,0.0718005814803746,0.0,0.0,0.0
932.6666666666666,2.4045333333333336,0.07099626486706256,0.0,0.0,0.0
933.0,2.3876,0.07019186512025044,0.0,0.0,0.0
933.3333333333334,2.3706666666666667,0.06938755490182302,0.0,0.0,0.0
933.6666666666667,2.353733333333333,0.06858318073454939,0.0,0.0,0.0
934.0,2.3368,0.06777885772635273,0.0,0.0,0.0
934.3333333333334,2.3198666666666665,0.06697453471815606,0.0,0.0,0.0
934.6666666666666,2.3029333333333333,0.0661701797355363,0.0,0.0,0.0
935.0,2.286,0.0653658183580319,0.0,0.0,0.0
935.3333333333333,2.2690666666666663,0.06456145698052751,0.0,0.0,0.0
935.6666666666667,2.252133333333333,0.06385801967212501,0.0,0.0,0.0
936.0,2.2352,0.06316136733630628,0.0,0.0,0.0
936.3333333333334,2.2182666666666666,0.06246465744652596,0.0,0.0,0.0
936.6666666666666,2.201333333333333,0.06176798592605337,0.0,0.0,0.0
937.0,2.1844,0.061071333590234644,0.0,0.0,0.0
937.3333333333333,2.167466666666666,0.06037466206976205,0.0,0.0,0.0
937.6666666666667,2.150533333333333,0.05967797775952022,0.0,0.0,0.0
938.0,2.1336,0.05898129344927838,0.0,0.0,0.0
938.3333333333334,2.1166666666666663,0.05828462832369041,0.0,0.0,0.0
938.6666666666666,2.099733333333333,0.05758795680321782,0.0,0.0,0.0
939.0,2.0828,0.056891304467399095,0.0,0.0,0.0
939.3333333333333,2.065866666666666,0.056194639341811126,0.0,0.0,0.0
939.6666666666667,2.0489333333333333,0.05549792305714618,0.0,0.0,0.0
940.0,2.0319999999999996,0.054801309090635186,0.0,0.0,0.0
940.3333333333334,2.015066666666667,0.054104605595739486,0.0,0.0,0.0
940.6666666666666,1.998133333333333,0.05340792768038227,0.0,0.0,0.0
941.0,1.9811999999999999,0.05271124976502506,0.0,0.0,0.0
941.3333333333333,1.9642666666666664,0.0520145878368794,0.0,0.0,0.0
941.6666666666666,1.9473333333333334,0.05131792590873374,0.0,0.0,0.0
942.0,1.9303999999999997,0.050621238401049595,0.0,0.0,0.0
942.3333333333334,1.9134666666666664,0.04992455409080776,0.0,0.0,0.0
942.6666666666666,1.896533333333333,0.04922788576777748,0.0,0.0,0.0
943.0,1.8795999999999997,0.04853122383963182,0.0,0.0,0.0
943.3333333333333,1.8626666666666665,0.047834533134505364,0.0,0.0,0.0
943.6666666666666,1.845733333333333,0.047137874403802016,0.0,0.0,0.0
944.0,1.8287999999999998,0.04644119329100249,0.0,0.0,0.0
944.3333333333334,1.8118666666666665,0.0457445217705299,0.0,0.0,0.0
944.6666666666666,1.794933333333333,0.04504788542192273,0.0,0.0,0.0
945.0,1.7779999999999998,0.04435114995260392,0.0,0.0,0.0
945.3333333333334,1.7610666666666668,0.043654510406554436,0.0,0.0,0.0
945.6666666666666,1.744133333333333,0.04295783249119722,0.0,0.0,0.0
946.0,1.7271999999999998,0.04226115777328232,0.0,0.0,0.0
946.3333333333334,1.7102666666666664,0.04156448625280973,0.0,0.0,0.0
946.6666666666667,1.6933333333333331,0.040867801942567894,0.0,0.0,0.0
947.0,1.6764,0.04017115600163379,0.0,0.0,0.0
947.3333333333334,1.6594666666666664,0.0394744557041804,0.0,0.0,0.0
947.6666666666666,1.6425333333333332,0.0387777809862655,0.0,0.0,0.0
948.0,1.6256000000000002,0.038081138242773704,0.0,0.0,0.0
948.3333333333334,1.6086666666666665,0.03738444753764725,0.0,0.0,0.0
948.6666666666667,1.5917333333333332,0.0366877888069439,0.0,0.0,0.0
949.0,1.5747999999999998,0.03599112048391362,0.0,0.0,0.0
949.3333333333334,1.5578666666666665,0.03529441698901792,0.0,0.0,0.0
949.6666666666666,1.540933333333333,0.034597777442968436,0.0,0.0,0.0
950.0,1.5239999999999998,0.03390109952761122,0.0,0.0,0.0
950.3333333333333,1.5070666666666663,0.03320442161225401,0.0,0.0,0.0
950.6666666666667,1.490133333333333,0.03250771172247369,0.0,0.0,0.0
951.0,1.4731999999999996,0.03181106897898189,0.0,0.0,0.0
951.3333333333334,1.4562666666666664,0.031114397458509302,0.0,0.0,0.0
951.6666666666666,1.439333333333333,0.0304177227405944,0.0,0.0,0.0
952.0,1.4223999999999997,0.029721044825237186,0.0,0.0,0.0
952.3333333333333,1.4054666666666664,0.029024376502206906,0.0,0.0,0.0
952.6666666666667,1.388533333333333,0.028327704981734314,0.0,0.0,0.0
953.0,1.3715999999999997,0.027631052645915588,0.0,0.0,0.0
953.3333333333334,1.3546666666666665,0.02693435874334682,0.0,0.0,0.0
953.6666666666666,1.337733333333333,0.026237706407528094,0.0,0.0,0.0
954.0,1.3207999999999998,0.02554101410368048,0.0,0.0,0.0
954.3333333333333,1.3038666666666667,0.024844347379371357,0.0,0.0,0.0
954.6666666666667,1.286933333333333,0.024147655075523744,0.0,0.0,0.0
955.0,1.2699999999999998,0.023450993147378085,0.0,0.0,0.0
955.3333333333334,1.2530666666666663,0.02275432322562665,0.0,0.0,0.0
955.6666666666666,1.236133333333333,0.022057659698759835,0.0,0.0,0.0
956.0,1.2191999999999998,0.02136098178340262,0.0,0.0,0.0
956.3333333333333,1.2022666666666664,0.020664300670603097,0.0,0.0,0.0
956.6666666666666,1.1853333333333331,0.01996762435396704,0.0,0.0,0.0
957.0,1.1684,0.019270940043725204,0.0,0.0,0.0
957.3333333333334,1.1514666666666664,0.0185742941027911,0.0,0.0,0.0
957.6666666666666,1.1345333333333332,0.017877612989991576,0.0,0.0,0.0
958.0,1.1175999999999997,0.017180935074634363,0.0,0.0,0.0
958.3333333333333,1.1006666666666665,0.01648426355416177,0.0,0.0,0.0
958.6666666666666,1.083733333333333,0.015787596829852646,0.0,0.0,0.0
959.0,1.0667999999999997,0.015090918914495433,0.0,0.0,0.0
959.3333333333334,1.0498666666666663,0.01439424419658053,0.0,0.0,0.0
959.6666666666666,1.032933333333333,0.013697574274829094,0.0,0.0,0.0
960.0,1.016,0.013000901155635347,0.0,0.0,0.0
960.3333333333334,1.0104966666666668,0.01277448307135387,0.0,0.0,0.0
960.6666666666667,1.0049933333333334,0.012548067385154127,0.0,0.0,0.0
961.0,0.99949,0.012321644504709184,0.0,0.0,0.0
961.3333333333334,0.9939866666666666,0.01209522881850944,0.0,0.0,0.0
961.6666666666667,0.9884833333333335,0.011868804339343342,0.0,0.0,0.0
962.0000000000001,0.9829800000000001,0.011642395847388798,0.0,0.0,0.0
962.3333333333333,0.9774766666666667,0.0114159713682227,0.0,0.0,0.0
962.6666666666666,0.9719733333333334,0.011189554882662378,0.0,0.0,0.0
963.0,0.96647,0.010963131202856857,0.0,0.0,0.0
963.3333333333335,0.9609666666666669,0.010736717914738847,0.0,0.0,0.0
963.6666666666666,0.9554633333333333,0.010510286241327549,0.0,0.0,0.0
964.0,0.94996,0.010283870555127805,0.0,0.0,0.0
964.3333333333334,0.9444566666666667,0.010057458066370373,0.0,0.0,0.0
964.6666666666667,0.9389533333333334,0.009831041580810052,0.0,0.0,0.0
964.9999999999999,0.93345,0.009604625894610308,0.0,0.0,0.0
965.3333333333333,0.9279466666666667,0.009378206211607676,0.0,0.0,0.0
965.6666666666667,0.9224433333333334,0.009151789726047355,0.0,0.0,0.0
966.0000000000001,0.9169400000000001,0.008925368444323567,0.0,0.0,0.0
966.3333333333333,0.9114366666666666,0.00869895036004209,0.0,0.0,0.0
966.6666666666666,0.9059333333333333,0.00847252987767888,0.0,0.0,0.0
967.0,0.9004300000000001,0.008246110194676248,0.0,0.0,0.0
967.3333333333334,0.8949266666666668,0.00801969290975535,0.0,0.0,0.0
967.6666666666666,0.8894233333333332,0.00779327562483445,0.0,0.0,0.0
968.0,0.8839199999999999,0.007566854343110663,0.0,0.0,0.0
968.3333333333334,0.8784166666666666,0.007340436258829186,0.0,0.0,0.0
968.6666666666667,0.8729133333333334,0.007114017375187132,0.0,0.0,0.0
968.9999999999999,0.8674100000000001,0.006887600090266233,0.0,0.0,0.0
969.3333333333333,0.8619066666666666,0.006661178009181867,0.0,0.0,0.0
969.6666666666667,0.8564033333333333,0.006434764321383568,0.0,0.0,0.0
970.0000000000001,0.8509,0.006208343439340069,0.0,0.0,0.0
970.3333333333333,0.8453966666666667,0.005981925355058593,0.0,0.0,0.0
970.6666666666666,0.8398933333333333,0.005755504473015094,0.0,0.0,0.0
971.0,0.83439,0.005529092783618239,0.0,0.0,0.0
971.3333333333334,0.8288866666666667,0.0053026683044521405,0.0,0.0,0.0
971.6666666666665,0.8233833333333332,0.005076252618252397,0.0,0.0,0.0
972.0,0.8178799999999999,0.004849828938446876,0.0,0.0,0.0
972.3333333333334,0.8123766666666666,0.004623413252247133,0.0,0.0,0.0
972.6666666666667,0.8068733333333333,0.004396994368605078,0.0,0.0,0.0
972.9999999999999,0.80137,0.004170574685602446,0.0,0.0,0.0
973.3333333333333,0.7958666666666666,0.003944154203239236,0.0,0.0,0.0
973.6666666666666,0.7903633333333332,0.003717735319597182,0.0,0.0,0.0
974.0,0.78486,0.003491320033077727,0.0,0.0,0.0
974.3333333333333,0.7793566666666667,0.0032649015491159616,0.0,0.0,0.0
974.6666666666666,0.7738533333333334,0.003038478868511163,0.0,0.0,0.0
975.0,0.76835,0.0028120613837501196,0.0,0.0,0.0
975.3333333333334,0.7628466666666667,0.0025856436991489318,0.0,0.0,0.0
975.6666666666667,0.7573433333333335,0.0023592254150273106,0.0,0.0,0.0
976.0,0.7518400000000001,0.0021328065313852562,0.0,0.0,0.0
976.3333333333334,0.7463366666666666,0.001906388247263635,0.0,0.0,0.0
976.6666666666667,0.7408333333333333,0.0016799683644208585,0.0,0.0,0.0
977.0000000000001,0.73533,0.001453549880459093,0.0,0.0,0.0
977.3333333333333,0.7298266666666667,0.001227130796976894,0.0,0.0,0.0
977.6666666666666,0.7243233333333333,0.0010007127126954174,0.0,0.0,0.0
978.0,0.71882,0.0007742965268953128,0.0,0.0,0.0
978.3333333333335,0.7133166666666667,0.0005478773434930417,0.0,0.0,0.0
978.6666666666666,0.7078133333333333,0.00032145848483100536,0.0,0.0,0.0
979.0,0.70231,9.50397698040728e-05,0.0,0.0,0.0
979.3333333333334,0.6968066666666667,0.0,0.0,0.0,0.0
979.6666666666667,0.6913033333333334,0.0,0.0,0.0,0.0
979.9999999999999,0.6858,0.0,0.0,0.0,0.0
980.3333333333333,0.6802966666666665,0.0,0.0,0.0,0.0
980.6666666666667,0.6747933333333332,0.0,0.0,0.0,0.0
981.0000000000001,0.66929,0.0,0.0,0.0,0.0
981.3333333333333,0.6637866666666666,0.0,0.0,0.0,0.0
981.6666666666666,0.6582833333333333,0.0,0.0,0.0,0.0
982.0,0.6527799999999999,0.0,0.0,0.0,0.0
982.3333333333334,0.6472766666666666,0.0,0.0,0.0,0.0
982.6666666666666,0.6417733333333334,0.0,0.0,0.0,0.0
983.0,0.63627,0.0,0.0,0.0,0.0
983.3333333333334,0.6307666666666666,0.0,0.0,0.0,0.0
983.6666666666667,0.6252633333333333,0.0,0.0,0.0,0.0
983.9999999999999,0.61976,0.0,0.0,0.0,0.0
984.3333333333333,0.6142566666666667,0.0,0.0,0.0,0.0
984.6666666666667,0.6087533333333333,0.0,0.0,0.0,0.0
985.0000000000001,0.60325,0.0,0.0,0.0,0.0
985.3333333333333,0.5977466666666666,0.0,0.0,0.0,0.0
985.6666666666666,0.5922433333333332,0.0,0.0,0.0,0.0
986.0,0.5867399999999999,0.0,0.0,0.0,0.0
986.3333333333334,0.5812366666666666,0.0,0.0,0.0,0.0
986.6666666666665,0.5757333333333333,0.0,0.0,0.0,0.0
987.0,0.57023,0.0,0.0,0.0,0.0
987.3333333333334,0.5647266666666667,0.0,0.0,0.0,0.0
987.6666666666667,0.5592233333333333,0.0,0.0,0.0,0.0
987.9999999999999,0.5537200000000001,0.0,0.0,0.0,0.0
988.3333333333333,0.5482166666666667,0.0,0.0,0.0,0.0
988.6666666666666,0.5427133333333334,0.0,0.0,0.0,0.0
989.0,0.53721,0.0,0.0,0.0,0.0
989.3333333333333,0.5317066666666667,0.0,0.0,0.0,0.0
989.6666666666666,0.5262033333333334,0.0,0.0,0.0,0.0
990.0,0.5207,0.0,0.0,0.0,0.0
990.3333333333334,0.5151966666666666,0.0,0.0,0.0,0.0
990.6666666666667,0.5096933333333333,0.0,0.0,0.0,0.0
991.0,0.5041899999999999,0.0,0.0,0.0,0.0
991.3333333333334,0.49868666666666667,0.0,0.0,0.0,0.0
991.6666666666667,0.49318333333333325,0.0,0.0,0.0,0.0
992.0000000000001,0.48768,0.0,0.0,0.0,0.0
992.3333333333333,0.4821766666666666,0.0,0.0,0.0,0.0
992.6666666666666,0.47667333333333334,0.0,0.0,0.0,0.0
993.0,0.4711699999999999,0.0,0.0,0.0,0.0
993.3333333333335,0.4656666666666666,0.0,0.0,0.0,0.0
993.6666666666666,0.46016333333333326,0.0,0.0,0.0,0.0
994.0,0.45465999999999995,0.0,0.0,0.0,0.0
994.3333333333334,0.44915666666666665,0.0,0.0,0.0,0.0
994.6666666666667,0.4436533333333333,0.0,0.0,0.0,0.0
994.9999999999999,0.43815,0.0,0.0,0.0,0.0
995.3333333333333,0.4326466666666666,0.0,0.0,0.0,0.0
995.6666666666667,0.4271433333333333,0.0,0.0,0.0,0.0
996.0000000000001,0.42163999999999996,0.0,0.0,0.0,0.0
996.3333333333333,0.41613666666666665,0.0,0.0,0.0,0.0
996.6666666666666,0.4106333333333333,0.0,0.0,0.0,0.0
997.0,0.40513000000000005,0.0,0.0,0.0,0.0
997.3333333333334,0.39962666666666663,0.0,0.0,0.0,0.0
997.6666666666666,0.3941233333333333,0.0,0.0,0.0,0.0
998.0,0.38861999999999997,0.0,0.0,0.0,0.0
998.3333333333334,0.38311666666666666,0.0,0.0,0.0,0.0
998.6666666666667,0.37761333333333325,0.0,0.0,0.0,0.0
998.9999999999999,0.37211,0.0,0.0,0.0,0.0
999.3333333333333,0.3666066666666666,0.0,0.0,0.0,0.0
999.6666666666667,0.36110333333333333,0.0,0.0,0.0,0.0
1000.0000000000001,0.3555999999999999,0.0,0.0,0.0,0.0
1000.3333333333333,0.3500966666666666,0.0,0.0,0.0,0.0
1000.6666666666666,0.34459333333333325,0.0,0.0,0.0,0.0
1001.0,0.33908999999999995,0.0,0.0,0.0,0.0
1001.3333333333334,0.3335866666666666,0.0,0.0,0.0,0.0
1001.6666666666665,0.3280833333333333,0.0,0.0,0.0,0.0
1002.0,0.3225799999999999,0.0,0.0,0.0,0.0
1002.3333333333334,0.3170766666666667,0.0,0.0,0.0,0.0
1002.6666666666667,0.31157333333333326,0.0,0.0,0.0,0.0
1002.9999999999999,0.30606999999999995,0.0,0.0,0.0,0.0
1003.3333333333333,0.3005666666666667,0.0,0.0,0.0,0.0
1003.6666666666666,0.2950633333333333,0.0,0.0,0.0,0.0
1004.0,0.28956000000000004,0.0,0.0,0.0,0.0
1004.3333333333333,0.2840566666666666,0.0,0.0,0.0,0.0
1004.6666666666666,0.2785533333333333,0.0,0.0,0.0,0.0
1005.0,0.27304999999999996,0.0,0.0,0.0,0.0
1005.3333333333334,0.26754666666666665,0.0,0.0,0.0,0.0
1005.6666666666667,0.26204333333333324,0.0,0.0,0.0,0.0
1006.0,0.25654,0.0,0.0,0.0,0.0
1006.3333333333334,0.2510366666666666,0.0,0.0,0.0,0.0
1006.6666666666667,0.2455333333333333,0.0,0.0,0.0,0.0
1007.0000000000001,0.24002999999999994,0.0,0.0,0.0,0.0
1007.3333333333333,0.23452666666666666,0.0,0.0,0.0,0.0
1007.6666666666666,0.22902333333333325,0.0,0.0,0.0,0.0
1008.0,0.22351999999999997,0.0,0.0,0.0,0.0
1008.3333333333335,0.21801666666666658,0.0,0.0,0.0,0.0
1008.6666666666666,0.2125133333333333,0.0,0.0,0.0,0.0
1009.0,0.20700999999999992,0.0,0.0,0.0,0.0
1009.3333333333334,0.2015066666666666,0.0,0.0,0.0,0.0
1009.6666666666667,0.19600333333333325,0.0,0.0,0.0,0.0
1009.9999999999999,0.19049999999999997,0.0,0.0,0.0,0.0
1010.3333333333333,0.1849966666666666,0.0,0.0,0.0,0.0
1010.6666666666667,0.17949333333333328,0.0,0.0,0.0,0.0
1011.0000000000001,0.1739899999999999,0.0,0.0,0.0,0.0
1011.3333333333333,0.16848666666666662,0.0,0.0,0.0,0.0
1011.6666666666666,0.16298333333333334,0.0,0.0,0.0,0.0
1012.0,0.15748000000000004,0.0,0.0,0.0,0.0
1012.3333333333334,0.15197666666666657,0.0,0.0,0.0,0.0
1012.6666666666666,0.14647333333333326,0.0,0.0,0.0,0.0
1013.0,0.14096999999999998,0.0,0.0,0.0,0.0
1013.3333333333334,0.13546666666666668,0.0,0.0,0.0,0.0
1013.6666666666667,0.1299633333333332,0.0,0.0,0.0,0.0
1013.9999999999999,0.12445999999999993,0.0,0.0,0.0,0.0
1014.3333333333333,0.11895666666666664,0.0,0.0,0.0,0.0
1014.6666666666667,0.11345333333333335,0.0,0.0,0.0,0.0
1015.0000000000001,0.10794999999999988,0.0,0.0,0.0,0.0
1015.3333333333333,0.10244666666666659,0.0,0.0,0.0,0.0
1015.6666666666666,0.09694333333333328,0.0,0.0,0.0,0.0
1016.0,0.09144000000000001,0.0,0.0,0.0,0.0
1016.3333333333334,0.08593666666666654,0.0,0.0,0.0,0.0
1016.6666666666665,0.08043333333333325,0.0,0.0,0.0,0.0
1017.0,0.07492999999999995,0.0,0.0,0.0,0.0
1017.3333333333334,0.06942666666666666,0.0,0.0,0.0,0.0
1017.6666666666667,0.0639233333333332,0.0,0.0,0.0,0.0
1017.9999999999999,0.058419999999999896,0.0,0.0,0.0,0.0
1018.3333333333333,0.05291666666666661,0.0,0.0,0.0,0.0
1018.6666666666666,0.04741333333333332,0.0,0.0,0.0,0.0
1019.0,0.04190999999999985,0.0,0.0,0.0,0.0
1019.3333333333333,0.03640666666666656,0.0,0.0,0.0,0.0
1019.6666666666666,0.030903333333333272,0.0,0.0,0.0,0.0
1020.0,0.0254,0.0,0.0,0.0,0.0
1020.3333333333334,0.03795888888888888,0.0,0.0,0.0,0.0
1020.6666666666667,0.050517777777777766,0.0,0.0,0.0,0.0
1021.0,0.06307666666666666,0.0,0.0,0.0,0.0
1021.3333333333334,0.07563555555555554,0.0,0.0,0.0,0.0
1021.6666666666667,0.08819444444444441,0.0,0.0,0.0,0.0
1022.0000000000001,0.1007533333333333,0.0,0.0,0.0,0.0
1022.3333333333333,0.1133122222222222,0.0,0.0,0.0,0.0
1022.6666666666666,0.1258711111111111,0.0,0.0,0.0,0.0
1023.0,0.13843,0.0,0.0,0.0,0.0
1023.3333333333335,0.15098888888888887,0.0,0.0,0.0,0.0
1023.6666666666666,0.16354777777777776,0.0,0.0,0.0,0.0
1024.0,0.17610666666666666,0.0,0.0,0.0,0.0
1024.3333333333335,0.18866555555555553,0.0,0.0,0.0,0.0
1024.6666666666667,0.20122444444444443,0.0,0.0,0.0,0.0
1025.0,0.2137833333333333,0.0,0.0,0.0,0.0
1025.3333333333333,0.2263422222222222,0.0,0.0,0.0,0.0
1025.6666666666667,0.23890111111111104,0.0,0.0,0.0,0.0
1026.0,0.25145999999999996,0.0,0.0,0.0,0.0
1026.3333333333333,0.26401888888888886,0.0,0.0,0.0,0.0
1026.6666666666667,0.2765777777777777,0.0,0.0,0.0,0.0
1027.0,0.2891366666666666,0.0,0.0,0.0,0.0
1027.3333333333335,0.3016955555555555,0.0,0.0,0.0,0.0
1027.6666666666665,0.3142544444444444,0.0,0.0,0.0,0.0
1028.0,0.3268133333333333,0.0,0.0,0.0,0.0
1028.3333333333333,0.33937222222222213,0.0,0.0,0.0,0.0
1028.6666666666667,0.35193111111111103,0.0,0.0,0.0,0.0
1029.0,0.3644899999999999,0.0,0.0,0.0,0.0
1029.3333333333333,0.3770488888888888,0.0,0.0,0.0,0.0
1029.6666666666667,0.38960777777777766,0.0,0.0,0.0,0.0
1030.0,0.40216666666666656,0.0,0.0,0.0,0.0
1030.3333333333333,0.41472555555555546,0.0,0.0,0.0,0.0
1030.6666666666665,0.42728444444444436,0.0,0.0,0.0,0.0
1031.0,0.43984333333333325,0.0,0.0,0.0,0.0
1031.3333333333335,0.4524022222222221,0.0,0.0,0.0,0.0
1031.6666666666665,0.46496111111111105,0.0,0.0,0.0,0.0
1032.0,0.4775199999999999,0.0,0.0,0.0,0.0
1032.3333333333333,0.49007888888888873,0.0,0.0,0.0,0.0
1032.6666666666667,0.5026377777777776,0.0,0.0,0.0,0.0
1033.0,0.5151966666666665,0.0,0.0,0.0,0.0
1033.3333333333333,0.5277555555555554,0.0,0.0,0.0,0.0
1033.6666666666667,0.5403144444444443,0.0,0.0,0.0,0.0
1034.0,0.5528733333333331,0.0,0.0,0.0,0.0
1034.3333333333333,0.5654322222222221,0.0,0.0,0.0,0.0
1034.6666666666665,0.5779911111111109,0.0,0.0,0.0,0.0
1035.0,0.5905499999999998,0.0,0.0,0.0,0.0
1035.3333333333335,0.6031088888888887,0.0,0.0,0.0,0.0
1035.6666666666667,0.6156677777777776,0.0,0.0,0.0,0.0
1036.0,0.6282266666666665,0.0,0.0,0.0,0.0
1036.3333333333333,0.6407855555555554,0.0,0.0,0.0,0.0
1036.6666666666667,0.6533444444444443,0.0,0.0,0.0,0.0
1037.0,0.6659033333333332,0.0,0.0,0.0,0.0
1037.3333333333333,0.6784622222222221,0.0,0.0,0.0,0.0
1037.6666666666667,0.6910211111111109,0.0,0.0,0.0,0.0
1038.0,0.7035799999999999,0.0001472891808518284,0.0,0.0,0.0
1038.3333333333335,0.7161388888888887,0.0006639882643710848,0.0,0.0,0.0
1038.6666666666665,0.7286977777777777,0.001180686748369908,0.0,0.0,0.0
1039.0,0.7412566666666665,0.0016973864314095977,0.0,0.0,0.0
1039.3333333333335,0.7538155555555553,0.0022140861144492874,0.0,0.0,0.0
1039.6666666666667,0.7663744444444442,0.002730785197968544,0.0,0.0,0.0
1040.0,0.7789333333333331,0.0032474824829265003,0.0,0.0,0.0
1040.3333333333333,0.791492222222222,0.0037641837646873455,0.0,0.0,0.0
1040.6666666666667,0.8040511111111109,0.004280880849805158,0.0,0.0,0.0
1041.0,0.8166099999999997,0.004797580333004703,0.0,0.0,0.0
1041.3333333333333,0.8291688888888887,0.005314278617163382,0.0,0.0,0.0
1041.6666666666667,0.8417277777777775,0.005830979699084082,0.0,0.0,0.0
1042.0,0.8542866666666665,0.006347680781004783,0.0,0.0,0.0
1042.3333333333335,0.8668455555555553,0.006864371471237973,0.0,0.0,0.0
1042.6666666666665,0.8794044444444442,0.0073810741518798295,0.0,0.0,0.0
1043.0,0.891963333333333,0.00789777203635822,0.0,0.0,0.0
1043.3333333333333,0.9045222222222221,0.008414471519557765,0.0,0.0,0.0
1043.6666666666667,0.9170811111111109,0.008931172601478465,0.0,0.0,0.0
1044.0,0.9296399999999998,0.00944787208467801,0.0,0.0,0.0
1044.3333333333333,0.9421988888888886,0.009964570768516978,0.0,0.0,0.0
1044.6666666666667,0.9547577777777775,0.010481271850437679,0.0,0.0,0.0
1045.0,0.9673166666666665,0.010997968136194913,0.0,0.0,0.0
1045.3333333333333,0.9798755555555554,0.011514669218115614,0.0,0.0,0.0
1045.6666666666665,0.9924344444444443,0.012031363105791115,0.0,0.0,0.0
1046.0,1.004993333333333,0.012548067385154127,0.0,0.0,0.0
1046.3333333333335,1.017552222222222,0.013064762871550784,0.0,0.0,0.0
1046.6666666666665,1.0301111111111108,0.013581463953471484,0.0,0.0,0.0
1047.0,1.04267,0.014098169032195074,0.0,0.0,0.0
1047.3333333333333,1.0552288888888885,0.01461486451859173,0.0,0.0,0.0
1047.6666666666667,1.0677877777777776,0.015131571196036475,0.0,0.0,0.0
1048.0,1.0803466666666663,0.015648255491385044,0.0,0.0,0.0
1048.3333333333333,1.0929055555555554,0.0161649509777817,0.0,0.0,0.0
1048.6666666666667,1.1054644444444441,0.016681654457784134,0.0,0.0,0.0
1049.0,1.1180233333333331,0.017198359536507724,0.0,0.0,0.0
1049.3333333333333,1.130582222222222,0.017715061417789002,0.0,0.0,0.0
1049.6666666666665,1.143141111111111,0.01823176010162797,0.0,0.0,0.0
1050.0,1.1556999999999995,0.01874845079186116,0.0,0.0,0.0
1050.3333333333335,1.1682588888888887,0.019265147876978972,0.0,0.0,0.0
1050.6666666666667,1.1808177777777775,0.019781854554423717,0.0,0.0,0.0
1051.0,1.1933766666666665,0.020298535652329974,0.0,0.0,0.0
1051.3333333333333,1.205935555555555,0.020815239132332408,0.0,0.0,0.0
1051.6666666666667,1.218494444444444,0.021331937816171376,0.0,0.0,0.0
1052.0,1.231053333333333,0.021848646092337276,0.0,0.0,0.0
1052.3333333333333,1.2436122222222221,0.0223653463748974,0.0,0.0,0.0
1052.6666666666667,1.2561711111111107,0.022882053052342144,0.0,0.0,0.0
1053.0,1.2687299999999997,0.0233987341502484,0.0,0.0,0.0
1053.3333333333335,1.2812888888888885,0.023915448821298924,0.0,0.0,0.0
1053.6666666666665,1.2938477777777777,0.024432128320484026,0.0,0.0,0.0
1054.0,1.3064066666666663,0.024948836596649926,0.0,0.0,0.0
1054.3333333333335,1.3189655555555553,0.02546554007665236,0.0,0.0,0.0
1054.6666666666667,1.331524444444444,0.025982243556654794,0.0,0.0,0.0
1055.0,1.344083333333333,0.026498937444330295,0.0,0.0,0.0
1055.3333333333333,1.3566422222222219,0.027015634529448107,0.0,0.0,0.0
1055.6666666666667,1.3692011111111109,0.027532347601777474,0.0,0.0,0.0
1056.0,1.3817599999999997,0.02804902869968373,0.0,0.0,0.0
1056.3333333333333,1.3943188888888887,0.02856571619247461,0.0,0.0,0.0
1056.6666666666667,1.4068777777777774,0.029082432462246288,0.0,0.0,0.0
1057.0,1.4194366666666662,0.0295991295473641,0.0,0.0,0.0
1057.3333333333335,1.4319955555555552,0.030115836224808845,0.0,0.0,0.0
1057.6666666666665,1.4445544444444443,0.030632520520157414,0.0,0.0,0.0
1058.0,1.457113333333333,0.03114923678992909,0.0,0.0,0.0
1058.3333333333333,1.4696722222222218,0.031665937072489214,0.0,0.0,0.0
1058.6666666666667,1.4822311111111106,0.03218265014481858,0.0,0.0,0.0
1059.0,1.4947899999999998,0.03269930886062866,0.0,0.0,0.0
1059.3333333333333,1.5073488888888886,0.03321603792016958,0.0,0.0,0.0
1059.6666666666667,1.5199077777777774,0.03373272541296046,0.0,0.0,0.0
1060.0,1.5324666666666662,0.034249419300635964,0.0,0.0,0.0
1060.3333333333333,1.5450255555555552,0.034766109990869154,0.0,0.0,0.0
1060.6666666666665,1.557584444444444,0.0352828166683139,0.0,0.0,0.0
1061.0,1.570143333333333,0.03579952014831633,0.0,0.0,0.0
1061.3333333333335,1.5827022222222218,0.036316217233434145,0.0,0.0,0.0
1061.6666666666665,1.5952611111111108,0.036832943095532755,0.0,0.0,0.0
1062.0,1.6078199999999996,0.03734960820622746,0.0,0.0,0.0
1062.3333333333333,1.6203788888888886,0.03786631168622989,0.0,0.0,0.0
1062.6666666666667,1.6329377777777774,0.03838300237646308,0.0,0.0,0.0
1063.0,1.6454966666666664,0.03889971864623476,0.0,0.0,0.0
1063.3333333333333,1.6580555555555552,0.039416425323679505,0.0,0.0,0.0
1063.6666666666667,1.670614444444444,0.03993310322414345,0.0,0.0,0.0
1064.0,1.683173333333333,0.040449803506703574,0.0,0.0,0.0
1064.3333333333333,1.695732222222222,0.04096651018414832,0.0,0.0,0.0
1064.6666666666665,1.7082911111111108,0.041483184887169955,0.0,0.0,0.0
1065.0,1.7208499999999995,0.0419999203415955,0.0,0.0,0.0
1065.3333333333335,1.7334088888888886,0.042516614229271,0.0,0.0,0.0
1065.6666666666667,1.7459677777777778,0.043033288932292635,0.0,0.0,0.0
1066.0,1.7585266666666663,0.04355002118927587,0.0,0.0,0.0
1066.3333333333333,1.7710855555555554,0.04406668949741288,0.0,0.0,0.0
1066.6666666666667,1.7836444444444444,0.04458340576718456,0.0,0.0,0.0
1067.0,1.7962033333333332,0.045100122036956236,0.0,0.0,0.0
1067.3333333333333,1.808762222222222,0.04561679354253556,0.0,0.0,0.0
1067.6666666666667,1.8213211111111107,0.04613350661486493,0.0,0.0,0.0
1068.0,1.8338799999999997,0.04665021329230967,0.0,0.0,0.0
1068.3333333333335,1.846438888888889,0.04716686561323513,0.0,0.0,0.0
1068.6666666666665,1.8589977777777775,0.04768362664719916,0.0,0.0,0.0
1069.0,1.8715566666666665,0.04820027577068231,0.0,0.0,0.0
1069.3333333333335,1.884115555555555,0.04871700483022323,0.0,0.0,0.0
1069.6666666666667,1.8966744444444443,0.04923371470511029,0.0,0.0,0.0
1070.0,1.9092333333333331,0.049750357433708814,0.0,0.0,0.0
1070.3333333333333,1.921792222222222,0.050267089690692046,0.0,0.0,0.0
1070.6666666666667,1.934351111111111,0.050783812355348346,0.0,0.0,0.0
1071.0,1.9469099999999997,0.05130048386092767,0.0,0.0,0.0
1071.3333333333333,1.9594688888888885,0.05181717774860317,0.0,0.0,0.0
1071.6666666666667,1.9720277777777775,0.05233385564906712,0.0,0.0,0.0
1072.0,1.9845866666666663,0.05285056232651186,0.0,0.0,0.0
1072.3333333333335,1.9971455555555553,0.05336724662186043,0.0,0.0,0.0
1072.6666666666665,2.009704444444444,0.05388396928651673,0.0,0.0,0.0
1073.0,2.022263333333333,0.0544006823588461,0.0,0.0,0.0
1073.3333333333333,2.034822222222222,0.0549173762465216,0.0,0.0,0.0
1073.6666666666667,2.0473811111111107,0.055434050949543234,0.0,0.0,0.0
1074.0,2.0599399999999997,0.05595078960141109,0.0,0.0,0.0
1074.3333333333333,2.0724988888888887,0.05646748348908659,0.0,0.0,0.0
1074.6666666666667,2.0850577777777777,0.05698416458699285,0.0,0.0,0.0
1075.0,2.097616666666666,0.057500877659322214,0.0,0.0,0.0
1075.3333333333333,2.1101755555555552,0.058017603521420824,0.0,0.0,0.0
1075.6666666666665,2.1227344444444443,0.05853428461932708,0.0,0.0,0.0
1076.0,2.1352933333333333,0.05905097850700258,0.0,0.0,0.0
1076.3333333333335,2.147852222222222,0.05956766599979346,0.0,0.0,0.0
1076.6666666666665,2.1604111111111104,0.06008437267723821,0.0,0.0,0.0
1077.0,2.17297,0.060601085749567574,0.0,0.0,0.0
1077.3333333333333,2.185528888888889,0.061117741267935344,0.0,0.0,0.0
1077.6666666666667,2.198087777777777,0.061634467130033954,0.0,0.0,0.0
1078.0,2.2106466666666664,0.06215116741259408,0.0,0.0,0.0
1078.3333333333333,2.223205555555555,0.06266785490538496,0.0,0.0,0.0
1078.6666666666667,2.2357644444444444,0.0631845615828297,0.0,0.0,0.0
1079.0,2.248323333333333,0.06370128105004369,0.0,0.0,0.0
1079.3333333333333,2.2608822222222216,0.06421797493771919,0.0,0.0,0.0
1079.6666666666665,2.273441111111111,0.06476925236142961,0.0,0.0,0.0
1080.0,2.2859999999999996,0.0653658183580319,0.0,0.0,0.0
1080.3333333333335,2.308577777777777,0.06643827887842235,0.0,0.0,0.0
1080.6666666666667,2.3311555555555548,0.0675107393988128,0.0,0.0,0.0
1081.0,2.3537333333333326,0.06858318073454939,0.0,0.0,0.0
1081.3333333333333,2.376311111111111,0.06965567322936295,0.0,0.0,0.0
1081.6666666666667,2.398888888888888,0.07072811456509953,0.0,0.0,0.0
1082.0,2.421466666666666,0.0718005814803746,0.0,0.0,0.0
1082.3333333333333,2.444044444444444,0.07287304200076505,0.0,0.0,0.0
1082.6666666666667,2.4666222222222216,0.07394550891604013,0.0,0.0,0.0
1083.0,2.489199999999999,0.07501790548758436,0.0,0.0,0.0
1083.3333333333335,2.511777777777777,0.07609044914147489,0.0,0.0,0.0
1083.6666666666665,2.534355555555555,0.07716290966186534,0.0,0.0,0.0
1084.0,2.556933333333333,0.07823535739248655,0.0,0.0,0.0
1084.3333333333335,2.57951111111111,0.07930778593845389,0.0,0.0,0.0
1084.6666666666667,2.602088888888888,0.08038031040769056,0.0,0.0,0.0
1085.0,2.6246666666666663,0.08145273255877328,0.0,0.0,0.0
1085.3333333333333,2.647244444444444,0.0825251866842791,0.0,0.0,0.0
1085.6666666666667,2.6698222222222214,0.0835977175484004,0.0,0.0,0.0
1086.0,2.6923999999999997,0.08467015248925236,0.0,0.0,0.0
1086.3333333333333,2.7149777777777775,0.08574258743010432,0.0,0.0,0.0
1086.6666666666667,2.7375555555555553,0.08681502876584091,0.0,0.0,0.0
1087.0,2.7601333333333327,0.0878875020760006,0.0,0.0,0.0
1087.3333333333335,2.782711111111111,0.08895996259639105,0.0,0.0,0.0
1087.6666666666665,2.8052888888888887,0.0900324231167815,0.0,0.0,0.0
1088.0,2.8278666666666665,0.09110501153486439,0.0,0.0,0.0
1088.3333333333333,2.850444444444444,0.09217730578825467,0.0,0.0,0.0
1088.6666666666667,2.8730222222222217,0.09324980467795285,0.0,0.0,0.0
1089.0,2.8955999999999995,0.09432227159322792,0.0,0.0,0.0
1089.3333333333333,2.9181777777777773,0.09539471292896451,0.0,0.0,0.0
1089.6666666666667,2.940755555555555,0.09646719263400882,0.0,0.0,0.0
1090.0,2.963333333333333,0.097539691523707,0.0,0.0,0.0
1090.3333333333333,2.9859111111111107,0.09861208170036662,0.0,0.0,0.0
1090.6666666666665,3.0084888888888885,0.09968456780029555,0.0,0.0,0.0
1091.0,3.031066666666666,0.10075701553091676,0.0,0.0,0.0
1091.3333333333335,3.053644444444444,0.10182949523596108,0.0,0.0,0.0
1091.6666666666665,3.0762222222222215,0.10290197494100539,0.0,0.0,0.0
1092.0,3.0987999999999998,0.10397446104093433,0.0,0.0,0.0
1092.3333333333333,3.121377777777777,0.1050469279562094,0.0,0.0,0.0
1092.6666666666667,3.143955555555555,0.1061193437124075,0.0,0.0,0.0
1093.0,3.1665333333333328,0.1071917914430287,0.0,0.0,0.0
1093.3333333333333,3.1891111111111106,0.10826432230715,0.0,0.0,0.0
1093.6666666666667,3.2116888888888884,0.10933671887869423,0.0,0.0,0.0
1094.0,3.2342666666666657,0.11040917939908468,0.0,0.0,0.0
1094.3333333333333,3.256844444444444,0.1114816910785521,0.0,0.0,0.0
1094.6666666666665,3.279422222222222,0.11255413880917331,0.0,0.0,0.0
1095.0,3.3019999999999996,0.11362658653979452,0.0,0.0,0.0
1095.3333333333335,3.3245777777777774,0.11469899590110799,0.0,0.0,0.0
1095.6666666666667,3.3471555555555548,0.11577149479080617,0.0,0.0,0.0
1096.0,3.369733333333333,0.11684398089073511,0.0,0.0,0.0
1096.3333333333333,3.392311111111111,0.11791637746227934,0.0,0.0,0.0
1096.6666666666667,3.414888888888888,0.11898890193151601,0.0,0.0,0.0
1097.0,3.4374666666666656,0.12006143919052192,0.0,0.0,0.0
1097.3333333333333,3.460044444444444,0.12113381018252767,0.0,0.0,0.0
1097.6666666666667,3.482622222222222,0.12220621954384114,0.0,0.0,0.0
1098.0,3.505199999999999,0.12327866727446235,0.0,0.0,0.0
1098.3333333333335,3.5277777777777772,0.12435119174369902,0.0,0.0,0.0
1098.6666666666665,3.550355555555555,0.1254236011050125,0.0,0.0,0.0
1099.0,3.572933333333333,0.12649612557424916,0.0,0.0,0.0
1099.3333333333335,3.5955111111111107,0.12756854772533188,0.0,0.0,0.0
1099.6666666666667,3.6180888888888885,0.1286410849843378,0.0,0.0,0.0
1100.0,3.6406666666666663,0.1297134431865743,0.0,0.0,0.0
1100.3333333333333,3.663244444444444,0.13078592928650323,0.0,0.0,0.0
1100.6666666666667,3.685822222222222,0.13185840259666293,0.0,0.0,0.0
1101.0,3.7083999999999997,0.13293088869659186,0.0,0.0,0.0
1101.3333333333333,3.7309777777777775,0.13400341316582853,0.0,0.0,0.0
1101.6666666666667,3.7535555555555558,0.13507579694760352,0.0,0.0,0.0
1102.0,3.7761333333333327,0.13614824467822473,0.0,0.0,0.0
1102.3333333333335,3.798711111111111,0.13722073077815367,0.0,0.0,0.0
1102.6666666666665,3.821288888888889,0.13829319129854412,0.0,0.0,0.0
1103.0,3.8438666666666665,0.13936571576778078,0.0,0.0,0.0
1103.3333333333333,3.8664444444444435,0.14043809954955577,0.0,0.0,0.0
1103.6666666666667,3.8890222222222217,0.14151057285971547,0.0,0.0,0.0
1104.0,3.9115999999999995,0.1425830845391829,0.0,0.0,0.0
1104.3333333333333,3.934177777777777,0.1436555066902656,0.0,0.0,0.0
1104.6666666666667,3.9567555555555547,0.14472803115950228,0.0,0.0,0.0
1105.0,3.979333333333333,0.14580044052081576,0.0,0.0,0.0
1105.3333333333333,4.00191111111111,0.1468729010412062,0.0,0.0,0.0
1105.6666666666665,4.024488888888889,0.1479453999309044,0.0,0.0,0.0
1106.0,4.047066666666667,0.14901778371267937,0.0,0.0,0.0
1106.3333333333335,4.069644444444444,0.15009024423306982,0.0,0.0,0.0
1106.6666666666665,4.0922222222222215,0.1511626280148448,0.0,0.0,0.0
1107.0,4.1148,0.15223520364315846,0.0,0.0,0.0
1107.3333333333333,4.137377777777777,0.1533076641635489,0.0,0.0,0.0
1107.6666666666667,4.159955555555555,0.15438017584301633,0.0,0.0,0.0
1108.0,4.182533333333333,0.15545264915317603,0.0,0.0,0.0
1108.3333333333333,4.205111111111111,0.15652502014518177,0.0,0.0,0.0
1108.6666666666667,4.227688888888889,0.1575975062451107,0.0,0.0,0.0
1109.0,4.2502666666666675,0.1586700051348089,0.0,0.0,0.0
1109.3333333333333,4.272844444444444,0.1597425423938148,0.0,0.0,0.0
1109.6666666666665,4.295422222222221,0.16081486222674357,0.0,0.0,0.0
1110.0,4.318,0.16188736111644175,0.0,0.0,0.0
1110.3333333333335,4.340577777777778,0.1629598472163707,0.0,0.0,0.0
1110.6666666666667,4.363155555555556,0.1640322693674534,0.0,0.0,0.0
1111.0,4.3857333333333335,0.16510472988784386,0.0,0.0,0.0
1111.3333333333333,4.408311111111111,0.16617717761846507,0.0,0.0,0.0
1111.6666666666667,4.430888888888889,0.16724974045700947,0.0,0.0,0.0
1112.0,4.4534666666666665,0.16832214981832294,0.0,0.0,0.0
1112.3333333333333,4.476044444444444,0.16939448244102095,0.0,0.0,0.0
1112.6666666666667,4.498622222222222,0.17046700691025762,0.0,0.0,0.0
1113.0,4.521199999999999,0.1715394418511096,0.0,0.0,0.0
1113.3333333333335,4.543777777777778,0.1726118895817308,0.0,0.0,0.0
1113.6666666666665,4.566355555555556,0.17368446521004444,0.0,0.0,0.0
1114.0,4.588933333333333,0.1747568745713579,0.0,0.0,0.0
1114.3333333333335,4.611511111111111,0.17582932230197912,0.0,0.0,0.0
1114.6666666666667,4.634088888888888,0.1769018467712158,0.0,0.0,0.0
1115.0,4.656666666666666,0.17797430729160624,0.0,0.0,0.0
1115.3333333333333,4.6792444444444445,0.17904675502222744,0.0,0.0,0.0
1115.6666666666667,4.701822222222222,0.1801190748551562,0.0,0.0,0.0
1116.0,4.724399999999999,0.1811916632732391,0.0,0.0,0.0
1116.3333333333333,4.7469777777777775,0.1822640214754756,0.0,0.0,0.0
1116.6666666666667,4.769555555555556,0.18333663547309698,0.0,0.0,0.0
1117.0,4.792133333333334,0.18440901925487196,0.0,0.0,0.0
1117.3333333333335,4.8147111111111105,0.18548154372410863,0.0,0.0,0.0
1117.6666666666665,4.837288888888888,0.18655402982403757,0.0,0.0,0.0
1118.0,4.859866666666666,0.1876263112876586,0.0,0.0,0.0
1118.3333333333333,4.882444444444444,0.18869883575689528,0.0,0.0,0.0
1118.6666666666667,4.905022222222222,0.18977141138520892,0.0,0.0,0.0
1119.0,4.9276,0.1908439102749071,0.0,0.0,0.0
1119.3333333333333,4.950177777777777,0.19191620452829738,0.0,0.0,0.0
1119.6666666666667,4.972755555555556,0.19298875457707254,0.0,0.0,0.0
1120.0,4.995333333333333,0.19406115114861677,0.0,0.0,0.0
1120.3333333333333,5.01791111111111,0.19513370119739193,0.0,0.0,0.0
1120.6666666666665,5.040488888888888,0.19620608497916692,0.0,0.0,0.0
1121.0,5.063066666666666,0.19727831528371098,0.0,0.0,0.0
1121.3333333333335,5.085644444444444,0.19835110833810177,0.0,0.0,0.0
1121.6666666666665,5.108222222222222,0.199423504909646,0.0,0.0,0.0
1122.0,5.1308,0.200495888691421,0.0,0.0,0.0
1122.3333333333333,5.153377777777777,0.2015683108425037,0.0,0.0,0.0
1122.6666666666667,5.175955555555555,0.20264082252197113,0.0,0.0,0.0
1123.0,5.198533333333333,0.2037132574628231,0.0,0.0,0.0
1123.3333333333333,5.221111111111111,0.20478583309113674,0.0,0.0,0.0
1123.6666666666667,5.243688888888888,0.20585822966268097,0.0,0.0,0.0
1124.0,5.266266666666666,0.20693079250122537,0.0,0.0,0.0
1124.3333333333333,5.288844444444444,0.20800308675461565,0.0,0.0,0.0
1124.6666666666665,5.311422222222222,0.2090756368033908,0.0,0.0,0.0
1125.0,5.334,0.21014808453401201,0.0,0.0,0.0
1125.3333333333335,5.356577777777778,0.21122051947486398,0.0,0.0,0.0
1125.6666666666667,5.379155555555554,0.2122930567338699,0.0,0.0,0.0
1126.0,5.401733333333333,0.21336553004402958,0.0,0.0,0.0
1126.3333333333333,5.424311111111111,0.21443793940534306,0.0,0.0,0.0
1126.6666666666667,5.446888888888888,0.21551045108481048,0.0,0.0,0.0
1127.0,5.469466666666666,0.21658284765635472,0.0,0.0,0.0
1127.3333333333333,5.492044444444444,0.21765509075066802,0.0,0.0,0.0
1127.6666666666667,5.514622222222222,0.2187277942766741,0.0,0.0,0.0
1128.0,5.5372,0.21980031874591077,0.0,0.0,0.0
1128.3333333333335,5.559777777777777,0.220872715317455,0.0,0.0,0.0
1128.6666666666665,5.582355555555554,0.22194523978669167,0.0,0.0,0.0
1129.0,5.604933333333332,0.2230176619377744,0.0,0.0,0.0
1129.3333333333335,5.627511111111111,0.22409000735024165,0.0,0.0,0.0
1129.6666666666667,5.650088888888889,0.22516260855809378,0.0,0.0,0.0
1130.0,5.672666666666666,0.226235056288715,0.0,0.0,0.0
1130.3333333333333,5.695244444444444,0.2273074784397977,0.0,0.0,0.0
1130.6666666666667,5.717822222222222,0.2283799517499574,0.0,0.0,0.0
1131.0,5.740399999999999,0.22945229716242466,0.0,0.0,0.0
1131.3333333333333,5.762977777777777,0.23052492394981527,0.0,0.0,0.0
1131.6666666666667,5.785555555555555,0.23159729494182102,0.0,0.0,0.0
1132.0,5.808133333333332,0.23266984499059618,0.0,0.0,0.0
1132.3333333333335,5.8307111111111105,0.23374213924398646,0.0,0.0,0.0
1132.6666666666665,5.853288888888889,0.23481481719045405,0.0,0.0,0.0
1133.0,5.875866666666666,0.2392586225141713,0.0,0.0,0.0
1133.3333333333333,5.898444444444444,0.2501320494729953,0.0,0.0,0.0
1133.6666666666667,5.921022222222222,0.26100550201135775,0.0,0.0,0.0
1134.0,5.943599999999999,0.2718790312883357,0.0,0.0,0.0
1134.3333333333333,5.966177777777777,0.2827524070880827,0.0,0.0,0.0
1134.6666666666667,5.988755555555556,0.2936257828878297,0.0,0.0,0.0
1135.0,6.011333333333333,0.3044992098466537,0.0,0.0,0.0
1135.3333333333333,6.033911111111111,0.31537291818040103,0.0,0.0,0.0
1135.6666666666665,6.0564888888888895,0.3262461405029171,0.0,0.0,0.0
1136.0,6.079066666666667,0.3371194139845102,0.0,0.0,0.0
1136.3333333333335,6.101644444444444,0.34799307115918054,0.0,0.0,0.0
1136.6666666666665,6.124222222222222,0.35886688181108184,0.0,0.0,0.0
1137.0,6.1468,0.3697399762359055,0.0,0.0,0.0
1137.3333333333333,6.169377777777778,0.3806133520356525,0.0,0.0,0.0
1137.6666666666667,6.191955555555555,0.39148688131263043,0.0,0.0,0.0
1138.0,6.214533333333334,0.40236043616914685,0.0,0.0,0.0
1138.3333333333333,6.237111111111111,0.4132335817530475,0.0,0.0,0.0
1138.6666666666667,6.259688888888889,0.4241073668254103,0.0,0.0,0.0
1139.0,6.282266666666667,0.4349805635683879,0.0,0.0,0.0
1139.3333333333333,6.304844444444444,0.44585401610675035,0.0,0.0,0.0
1139.6666666666665,6.327422222222222,0.4567272640088049,0.0,0.0,0.0
1140.0,6.35,0.46760102350162924,0.0,0.0,0.0
1140.3333333333335,6.46571111111111,0.5233274805505062,0.0,0.0,0.0
1140.6666666666667,6.581422222222222,0.5790536306449212,0.0,0.0,0.0
1141.0,6.697133333333333,0.6347798830574902,0.0,0.0,0.0
1141.3333333333333,6.812844444444444,0.6905063912654441,0.0,0.0,0.0
1141.6666666666667,6.928555555555554,0.7462330529506289,0.0,0.0,0.0
1142.0,7.044266666666667,0.8019597146358137,0.0,0.0,0.0
1142.3333333333333,7.159977777777778,0.8576852508213051,0.0,0.0,0.0
1142.6666666666667,7.2756888888888875,0.9134118613474129,0.0,0.0,0.0
1143.0,7.3914,0.9691378068055201,0.0,0.0,0.0
1143.3333333333335,7.5071111111111115,1.0248653893540904,0.0,0.0,0.0
1143.6666666666665,7.622822222222221,1.08059061858512,0.0,0.0,0.0
1144.0,7.738533333333334,1.1363183034518443,0.0,0.0,0.0
1144.3333333333335,7.854244444444444,1.1920437373191817,0.0,0.0,0.0
1144.6666666666667,7.969955555555556,1.2477703990043665,0.0,0.0,0.0
1145.0,8.085666666666667,1.3034969583713973,0.0,0.0,0.0
1145.3333333333333,8.201377777777777,1.3592236200565821,0.0,0.0,0.0
1145.6666666666667,8.317088888888888,1.4149492585602275,0.0,0.0,0.0
1146.0,8.4328,1.4706748970638728,0.0,0.0,0.0
1146.3333333333333,8.548511111111111,1.5264023772942892,0.0,0.0,0.0
1146.6666666666667,8.664222222222222,1.582129038979474,0.0,0.0,0.0
1147.0,8.779933333333334,1.637855189073889,0.0,0.0,0.0
1147.3333333333335,8.895644444444445,1.6935820553953818,0.0,0.0,0.0
1147.6666666666665,9.011355555555555,1.7493085124442587,7.733389238391972e-05,0.0,0.05001620203256607
1148.0,9.127066666666666,1.8050354810839053,7.733389238391972e-05,0.0,0.05003950372338295
1148.3333333333333,9.242777777777777,1.8607610172693967,7.733389238391972e-05,0.0,0.05006398633122444
1148.6666666666667,9.358488888888889,1.9164877812727354,7.733389238391972e-05,0.0,0.050087492913007736
1149.0,9.4742,1.9722139313671505,7.733389238391972e-05,0.0,0.05011210963129997
1149.3333333333333,9.58991111111111,2.027940900006797,7.733389238391972e-05,0.0,0.05013575777411461
1149.6666666666667,9.705622222222223,2.0836670501012122,7.733389238391972e-05,0.0,0.050160568207502365
1150.0,9.821333333333333,2.139391563105164,7.733389238391972e-05,0.0,0.05018441751599312
1150.3333333333333,9.937044444444444,2.195118327108503,7.733389238391972e-05,0.0,0.05020935833454132
1150.6666666666665,10.052755555555557,2.2508455003844574,7.733389238391972e-05,0.0,0.050233419984579086
1151.0,10.168466666666667,2.306568785570562,7.733389238391972e-05,0.0,0.05025849491357803
1151.3333333333335,10.284177777777778,2.3622978005732875,7.733389238391972e-05,0.0,0.050282761454582214
1151.6666666666665,10.399888888888889,2.4180245645766263,7.733389238391972e-05,0.0,0.05030803009867668
1152.0,10.5156,2.4737507146710414,7.733389238391972e-05,0.0,0.05033250153064728
1152.3333333333333,10.631311111111112,2.529478092583304,7.733389238391972e-05,0.0,0.050358034670352936
1152.6666666666667,10.747022222222224,2.5852050612229505,7.733389238391972e-05,0.0,0.05038271099328995
1153.0,10.862733333333335,2.6409293695905944,7.733389238391972e-05,0.0,0.05040837824344635
1153.3333333333333,10.978444444444445,2.696656338230241,7.733389238391972e-05,0.0,0.05043448880314827
1153.6666666666667,11.094155555555556,2.7523837161425035,7.733389238391972e-05,0.0,0.05045957490801811
1154.0,11.209866666666667,2.8081098662369186,7.733389238391972e-05,0.0,0.05048556625843048
1154.3333333333333,11.325577777777777,2.863831718968868,7.733389238391972e-05,0.0,0.050510797649621964
1154.6666666666665,11.44128888888889,2.919561961789441,7.733389238391972e-05,0.0,0.05053699389100075
1155.0,11.557,2.975289953610627,7.733389238391972e-05,0.0,0.050562430173158646
1155.3333333333335,11.672711111111113,3.031015899068734,7.733389238391972e-05,0.0,0.050588883459568024
1155.6666666666667,11.788422222222223,3.0867430723446887,7.733389238391972e-05,0.0,0.05061575397849083
1156.0,11.904133333333332,3.142466357530793,7.733389238391972e-05,0.0,0.05064160376787186
1156.3333333333333,12.019844444444445,3.19819332617044,7.733389238391972e-05,0.0,0.05066845566034317
1156.6666666666667,12.135555555555555,3.253919680901163,7.733389238391972e-05,0.0,0.05069445073604584
1157.0,12.251266666666666,3.30964562635927,7.733389238391972e-05,0.0,0.05072150006890297
1157.3333333333333,12.366977777777779,3.365374027453072,7.733389238391972e-05,0.0,0.050749052315950394
1157.6666666666667,12.48268888888889,3.4211032470921054,7.733389238391972e-05,0.0,0.05077552795410156
1158.0,12.5984,3.4768253044603625,7.733389238391972e-05,0.0,0.050802916288375854
1158.3333333333335,12.714111111111112,3.532553091645241,7.733389238391972e-05,0.0,0.05082966759800911
1158.6666666666665,12.829822222222223,3.588276786103961,7.733389238391972e-05,0.0,0.050857387483119965
1159.0,12.945533333333334,3.6440025269257603,7.733389238391972e-05,0.0,0.0508856363594532
1159.3333333333335,13.061244444444446,3.6997323604737176,7.733389238391972e-05,0.0,0.05091280862689018
1159.6666666666667,13.176955555555557,3.755459329113364,7.733389238391972e-05,0.0,0.050940874963998795
1160.0,13.292666666666666,3.811184251389932,7.733389238391972e-05,0.0,0.05096953362226486
1160.3333333333333,13.408377777777778,3.8669112200295785,7.733389238391972e-05,0.0,0.0509970523416996
1160.6666666666667,13.52408888888889,3.9226357330335304,7.733389238391972e-05,0.0,0.05102550610899925
1161.0,13.639800000000001,3.978367203671951,7.733389238391972e-05,0.0,0.05105458199977875
1161.3333333333333,13.755511111111113,4.0340900795854395,7.733389238391972e-05,0.0,0.051082585006952286
1161.6666666666667,13.871222222222224,4.089812546226312,7.733389238391972e-05,0.0,0.05111158639192581
1162.0,13.986933333333333,4.145541561229038,7.733389238391972e-05,0.0,0.051141221076250076
1162.3333333333335,14.102644444444442,4.201271394776995,7.733389238391972e-05,0.0,0.051169782876968384
1162.6666666666665,14.218355555555558,4.256992224327405,7.733389238391972e-05,0.0,0.05119926109910011
1163.0,14.334066666666667,4.312719192967052,7.733389238391972e-05,0.0,0.0512293204665184
1163.3333333333333,14.449777777777777,4.36844698015193,7.733389238391972e-05,0.0,0.05125958099961281
1163.6666666666667,14.565488888888892,4.424175176609424,7.733389238391972e-05,0.0,0.051288772374391556
1164.0,14.6812,4.479902145249071,7.733389238391972e-05,0.0,0.05131892114877701
1164.3333333333333,14.79691111111111,4.535623384072096,7.733389238391972e-05,0.0,0.05134960636496544
1164.6666666666667,14.912622222222225,4.591354036165285,7.733389238391972e-05,0.0,0.051380496472120285
1165.0,15.028333333333334,4.6470801862597,7.733389238391972e-05,0.0,0.05141032114624977
1165.3333333333333,15.144044444444443,4.702804289991036,7.733389238391972e-05,0.0,0.05144114047288895
1165.6666666666665,15.259755555555556,4.75853248644853,7.733389238391972e-05,0.0,0.05147259682416916
1166.0,15.37546666666667,4.814259864360793,7.733389238391972e-05,0.0,0.051503051072359085
1166.3333333333335,15.491177777777779,4.869986014455208,7.733389238391972e-05,0.0,0.05153436213731766
1166.6666666666665,15.60688888888889,4.925712983094854,7.733389238391972e-05,0.0,0.051566410809755325
1167.0,15.722600000000003,4.981439133189269,7.733389238391972e-05,0.0,0.05159870907664299
1167.3333333333333,15.83831111111111,5.037166920374148,7.733389238391972e-05,0.0,0.051631148904561996
1167.6666666666667,15.954022222222221,5.0928893870150205,7.733389238391972e-05,0.0,0.051662590354681015
1168.0,16.069733333333335,5.148618402017746,7.733389238391972e-05,0.0,0.051694855093955994
1168.3333333333333,16.185444444444443,5.204347826293088,7.733389238391972e-05,0.0,0.05172796547412872
1168.6666666666667,16.301155555555557,5.260071520751808,7.733389238391972e-05,0.0,0.051761187613010406
1169.0,16.416866666666667,5.315795215210528,7.733389238391972e-05,0.0,0.051794618368148804
1169.3333333333333,16.532577777777778,5.371521774577559,7.733389238391972e-05,0.0,0.05182712897658348
1169.6666666666665,16.64828888888889,5.427249971035053,7.733389238391972e-05,0.0,0.05186043307185173
1170.0,16.764000000000003,5.4829732562211575,7.733389238391972e-05,0.0,0.05189453810453415
1170.3333333333335,16.879711111111114,5.5387034990417305,7.733389238391972e-05,0.0,0.05192882940173149
1170.6666666666667,16.995422222222224,5.594430467681377,7.733389238391972e-05,0.0,0.051963333040475845
1171.0,17.11113333333334,5.650156617775792,7.733389238391972e-05,0.0,0.05199804529547691
1171.3333333333333,17.226844444444446,5.705883177142823,7.733389238391972e-05,0.0,0.052031777799129486
1171.6666666666667,17.342555555555556,5.761610555055086,7.733389238391972e-05,0.0,0.05206632986664772
1172.0,17.45826666666667,5.81733384024119,7.733389238391972e-05,0.0,0.05210177227854729
1172.3333333333333,17.573977777777777,5.873056716154679,7.733389238391972e-05,0.0,0.052137356251478195
1172.6666666666667,17.68968888888889,5.928786549702636,7.733389238391972e-05,0.0,0.052173297852277756
1173.0,17.805400000000002,5.984511471979204,7.733389238391972e-05,0.0,0.05220945179462433
1173.3333333333335,17.921111111111113,6.040243761162856,7.733389238391972e-05,0.0,0.05224469304084778
1173.6666666666665,18.036822222222224,6.095963362895418,7.733389238391972e-05,0.0,0.05228065326809883
1174.0,18.152533333333334,6.151691150080296,7.733389238391972e-05,0.0,0.05231746658682823
1174.3333333333335,18.268244444444445,6.207419755810406,7.733389238391972e-05,0.0,0.052354596555233
1174.6666666666667,18.383955555555556,6.263146315177437,7.733389238391972e-05,0.0,0.05239195376634598
1175.0,18.49966666666667,6.31887655799801,7.733389238391972e-05,0.0,0.05242956057190895
1175.3333333333333,18.615377777777777,6.374595341185341,7.733389238391972e-05,0.0,0.052467457950115204
1175.6666666666667,18.73108888888889,6.430325584005914,7.733389238391972e-05,0.0,0.05250557139515877
1176.0,18.846800000000005,6.48605255264556,7.733389238391972e-05,0.0,0.05254391208291054
1176.3333333333333,18.962511111111112,6.541775837831665,7.733389238391972e-05,0.0,0.05258261784911156
1176.6666666666667,19.078222222222227,6.5975028064713115,7.733389238391972e-05,0.0,0.05262034386396408
1177.0,19.193933333333337,6.6532310029288055,7.733389238391972e-05,0.0,0.05265886336565018
1177.3333333333335,19.309644444444448,6.708960836476763,7.733389238391972e-05,0.0,0.05269816890358925
1177.6666666666665,19.425355555555555,6.764684940208099,7.733389238391972e-05,0.0,0.05273793637752533
1178.0,19.54106666666667,6.820410271757282,7.733389238391972e-05,0.0,0.05277800187468529
1178.3333333333333,19.65677777777778,6.876129464217229,7.733389238391972e-05,0.0,0.05281836539506912
1178.6666666666667,19.772488888888887,6.931861753400881,7.733389238391972e-05,0.0,0.05285901576280594
1179.0,19.888200000000005,6.987585857132217,7.733389238391972e-05,0.0,0.05289996415376663
1179.3333333333333,20.003911111111112,7.043316509225406,7.733389238391972e-05,0.0,0.05294114351272583
1179.6666666666667,20.119622222222223,7.099040612956742,7.733389238391972e-05,0.0,0.052982695400714874
1180.0,20.235333333333333,7.154768809414236,7.733389238391972e-05,0.0,0.05302442982792854
1180.3333333333333,20.351044444444444,7.210495368781267,7.733389238391972e-05,0.0,0.05306653678417206
1180.6666666666665,20.466755555555558,7.266217016876908,7.733389238391972e-05,0.0,0.05310894548892975
1181.0,20.58246666666667,7.32194930606056,7.733389238391972e-05,0.0,0.053151655942201614
1181.3333333333335,20.698177777777783,7.377675046882359,7.733389238391972e-05,0.0,0.053194671869277954
1181.6666666666665,20.813888888888894,7.433405698975548,7.733389238391972e-05,0.0,0.05323794111609459
1182.0,20.929600000000004,7.489127347071189,7.733389238391972e-05,0.0,0.05328158661723137
1182.3333333333333,21.045311111111115,7.544853087892989,7.733389238391972e-05,0.0,0.053325533866882324
1182.6666666666667,21.161022222222226,7.6005796472600196,7.733389238391972e-05,0.0,0.05336978659033775
1183.0,21.276733333333336,7.656305388081819,7.733389238391972e-05,0.0,0.05341441556811333
1183.3333333333333,21.392444444444447,7.71203194744885,7.733389238391972e-05,0.0,0.053459350019693375
1183.6666666666667,21.508155555555557,7.767760143906344,7.733389238391972e-05,0.0,0.053504664450883865
1184.0,21.623866666666668,7.823481792001985,7.733389238391972e-05,0.0,0.05355028063058853
1184.3333333333333,21.73957777777778,7.879202621552395,7.733389238391972e-05,0.0,0.05359628051519394
1184.6666666666665,21.85528888888889,7.934939003462205,7.733389238391972e-05,0.0,0.053642500191926956
1185.0,21.971,7.990660651557846,7.733389238391972e-05,0.0,0.053689099848270416
1185.3333333333335,22.086711111111114,8.046392940741498,7.733389238391972e-05,0.0,0.05373600870370865
1185.6666666666667,22.20242222222222,8.102118681563297,7.733389238391972e-05,0.0,0.053783297538757324
1186.0,22.318133333333336,8.157846878020791,7.733389238391972e-05,0.0,0.05383092910051346
1186.3333333333333,22.433844444444446,8.21356688902597,7.733389238391972e-05,0.0,0.053878944367170334
1186.6666666666667,22.549555555555557,8.269295904028695,7.733389238391972e-05,0.0,0.05392726883292198
1187.0,22.66526666666667,8.325021644850494,7.733389238391972e-05,0.0,0.05397597700357437
1187.3333333333333,22.78097777777778,8.380744111491367,7.733389238391972e-05,0.0,0.0540250726044178
1187.6666666666667,22.896688888888892,8.436475582129788,7.733389238391972e-05,0.0,0.054074477404356
1188.0,23.012400000000003,8.492199685861124,7.733389238391972e-05,0.0,0.05412430316209793
1188.3333333333335,23.128111111111114,8.54792378959246,7.733389238391972e-05,0.0,0.05417443811893463
1188.6666666666665,23.243822222222224,8.633683592051966,7.733389238391972e-05,0.0,0.05422496050596237
1189.0,23.359533333333335,8.747478568693623,7.733389238391972e-05,0.0,0.05427579581737518
1189.3333333333335,23.47524444444445,8.861277638061438,7.733389238391972e-05,0.0,0.054327018558979034
1189.6666666666667,23.590955555555556,8.975077525974484,7.733389238391972e-05,0.0,0.05437866598367691
1190.0,23.70666666666667,9.088876595342299,7.733389238391972e-05,0.0,0.05443061515688896
1190.3333333333333,23.82237777777778,9.202674846164882,7.733389238391972e-05,0.0,0.05448286607861519
1190.6666666666667,23.93808888888889,9.316479645349318,7.733389238391972e-05,0.0,0.05453542247414589
1191.0,24.053800000000003,9.43028198889806,7.733389238391972e-05,0.0,0.05458811670541763
1191.3333333333333,24.16951111111111,9.54407860263018,7.733389238391972e-05,0.0,0.05464087426662445
1191.6666666666667,24.285222222222224,9.657884220359847,7.733389238391972e-05,0.0,0.05469350889325142
1192.0,24.400933333333338,9.771684926818125,7.733389238391972e-05,0.0,0.0547458715736866
1192.3333333333335,24.51664444444445,9.885485633276403,7.733389238391972e-05,0.0,0.054797783493995667
1192.6666666666665,24.63235555555556,9.999282247008523,7.733389238391972e-05,0.0,0.05484909564256668
1193.0,24.74806666666667,10.113079679285875,7.733389238391972e-05,0.0,0.05489957705140114
1193.3333333333333,24.86377777777778,10.226875474472763,7.733389238391972e-05,0.0,0.054949019104242325
1193.6666666666667,24.97948888888889,10.340685184928589,7.733389238391972e-05,0.0,0.054997194558382034
1194.0,25.095200000000006,10.454481798660709,7.733389238391972e-05,0.0,0.055043868720531464
1194.3333333333333,25.210911111111113,10.568287416390376,7.733389238391972e-05,0.0,0.055088821798563004
1194.6666666666667,25.326622222222223,10.682084030122496,7.733389238391972e-05,0.0,0.05513177812099457
1195.0,25.442333333333337,10.79587736967369,7.733389238391972e-05,0.0,0.05517248064279556
1195.3333333333333,25.558044444444445,10.90968462449382,7.733389238391972e-05,0.0,0.05521068722009659
1195.6666666666665,25.67375555555556,11.023484512406867,7.733389238391972e-05,0.0,0.055246204137802124
1196.0,25.78946666666667,11.137277033412829,7.733389238391972e-05,0.0,0.05527876317501068
1196.3333333333335,25.90517777777778,11.251071191509254,7.733389238391972e-05,0.0,0.05530817434191704
1196.6666666666665,26.02088888888889,11.364876809238922,7.733389238391972e-05,0.0,0.055334266275167465
1197.0,26.1366,11.478674241516273,7.733389238391972e-05,0.0,0.05535689741373062
1197.3333333333333,26.252311111111112,11.59247904070071,7.733389238391972e-05,0.0,0.055375970900058746
1197.6666666666667,26.368022222222226,11.706287114066072,7.733389238391972e-05,0.0,0.055391404777765274
1198.0,26.48373333333334,11.820089457614813,7.733389238391972e-05,0.0,0.05540315806865692
1198.3333333333333,26.599444444444448,11.933877067349385,7.733389238391972e-05,0.0,0.05541122704744339
1198.6666666666667,26.71515555555556,12.047682685079053,7.733389238391972e-05,0.0,0.05541566386818886
1199.0,26.83086666666667,12.161491576989647,7.733389238391972e-05,0.0,0.0554165355861187
1199.3333333333333,26.94657777777778,12.275284097995609,7.733389238391972e-05,0.0,0.05541396513581276
1199.6666666666665,27.062288888888894,12.389085622999119,7.733389238391972e-05,0.0,0.05540809780359268
1200.0,27.178,12.502884692366933,7.733389238391972e-05,0.0,0.05539911240339279
1200.3333333333335,27.056644444444448,12.383531793602742,7.733389238391972e-05,0.0,0.055387210100889206
1200.6666666666667,26.93528888888889,12.264167435205309,7.733389238391972e-05,0.0,0.05537261813879013
1201.0,26.813933333333335,12.144835818617139,7.733389238391972e-05,0.0,0.05535560101270676
1201.3333333333333,26.692577777777778,12.025482919852948,7.733389238391972e-05,0.0,0.05533642694354057
1201.6666666666667,26.571222222222225,11.906127565453062,7.733389238391972e-05,0.0,0.055315371602773666
1202.0,26.44986666666667,11.786771392507944,7.733389238391972e-05,0.0,0.05529269576072693
1202.3333333333333,26.328511111111112,11.66741685665329,7.733389238391972e-05,0.0,0.05526867136359215
1202.6666666666667,26.207155555555556,11.548068869160488,7.733389238391972e-05,0.0,0.05524357408285141
1203.0,26.085800000000003,11.42872251875815,7.733389238391972e-05,0.0,0.05521770194172859
1203.3333333333335,25.964444444444446,11.309372075629653,7.733389238391972e-05,0.0,0.0551912896335125
1203.6666666666665,25.84308888888889,11.190015902684536,7.733389238391972e-05,0.0,0.05516459047794342
1204.0,25.721733333333333,11.070667096646503,7.733389238391972e-05,0.0,0.05513784661889076
1204.3333333333335,25.60037777777778,10.951317472063238,7.733389238391972e-05,0.0,0.055111292749643326
1204.6666666666667,25.479022222222223,10.831965391844278,7.733389238391972e-05,0.0,0.05508515611290932
1205.0,25.357666666666667,10.712612493080087,7.733389238391972e-05,0.0,0.05505964905023575
1205.3333333333333,25.236311111111114,10.593248134682653,7.733389238391972e-05,0.0,0.05503496900200844
1205.6666666666667,25.114955555555557,10.47391488100402,7.733389238391972e-05,0.0,0.055011335760354996
1206.0,24.9936,10.354559526604135,7.733389238391972e-05,0.0,0.05498889088630676
1206.3333333333333,24.872244444444444,10.23520499074948,7.733389238391972e-05,0.0,0.05496779829263687
1206.6666666666667,24.75088888888889,10.115850454894826,7.733389238391972e-05,0.0,0.05494820326566696
1207.0,24.629533333333335,9.996504923037719,7.733389238391972e-05,0.0,0.05493023619055748
1207.3333333333335,24.508177777777778,9.877161028271075,7.733389238391972e-05,0.0,0.054914023727178574
1207.6666666666665,24.38682222222222,9.757797488418873,7.733389238391972e-05,0.0,0.054899662733078
1208.0,24.26546666666667,9.638445408199914,7.733389238391972e-05,0.0,0.05488723888993263
1208.3333333333333,24.144111111111112,9.519098239252344,7.733389238391972e-05,0.0,0.05487681180238724
1208.6666666666667,24.022755555555555,9.399747796123847,7.733389238391972e-05,0.0,0.054868437349796295
1209.0,23.9014,9.280406356992899,7.733389238391972e-05,0.0,0.0548621341586113
1209.3333333333333,23.780044444444446,9.161041180050233,7.733389238391972e-05,0.0,0.05485791340470314
1209.6666666666667,23.65868888888889,9.041696466738358,7.733389238391972e-05,0.0,0.05485578626394272
1210.0,23.537333333333333,8.92233456397662,7.733389238391972e-05,0.0,0.054855722934007645
1210.3333333333333,23.415977777777776,8.802990669209976,7.733389238391972e-05,0.0,0.05485769733786583
1210.6666666666665,23.294622222222223,8.68364022608148,7.733389238391972e-05,0.0,0.05486166104674339
1211.0,23.173266666666667,8.569677447667345,7.733389238391972e-05,0.0,0.05486755818128586
1211.3333333333335,23.05191111111111,8.51123495522188,7.733389238391972e-05,0.0,0.05487532541155815
1211.6666666666665,22.930555555555557,8.452784277324099,7.733389238391972e-05,0.0,0.054884880781173706
1212.0,22.8092,8.394340966333402,7.733389238391972e-05,0.0,0.054896142333745956
1212.3333333333333,22.687844444444444,8.335896018252242,7.733389238391972e-05,0.0,0.05490901693701744
1212.6666666666667,22.566488888888887,8.277448614535388,7.733389238391972e-05,0.0,0.0549234040081501
1213.0,22.445133333333334,8.219006940635154,7.733389238391972e-05,0.0,0.05493919923901558
1213.3333333333333,22.323777777777778,8.160569359461078,7.733389238391972e-05,0.0,0.05495629459619522
1213.6666666666667,22.20242222222222,8.102118681563297,7.733389238391972e-05,0.0,0.05497458577156067
1214.0,22.081066666666665,8.043673733482137,7.733389238391972e-05,0.0,0.05499395355582237
1214.3333333333333,21.959711111111112,7.985227966855746,7.733389238391972e-05,0.0,0.055014293640851974
1214.6666666666665,21.838355555555555,7.926780563138891,7.733389238391972e-05,0.0,0.05503549799323082
1215.0,21.717,7.868338070693426,7.733389238391972e-05,0.0,0.05505745857954025
1215.3333333333335,21.595644444444442,7.809897215338424,7.733389238391972e-05,0.0,0.055080052465200424
1215.6666666666667,21.47428888888889,7.751447355985874,7.733389238391972e-05,0.0,0.05510317534208298
1216.0,21.352933333333333,7.693004863540409,7.733389238391972e-05,0.0,0.05512670800089836
1216.3333333333333,21.231577777777776,7.634555822733091,7.733389238391972e-05,0.0,0.05515054240822792
1216.6666666666667,21.110222222222223,7.576110874651931,7.733389238391972e-05,0.0,0.0551745668053627
1217.0,20.988866666666667,7.517673293477856,7.733389238391972e-05,0.0,0.05519867688417435
1217.3333333333333,20.86751111111111,7.459223434125306,7.733389238391972e-05,0.0,0.0552227608859539
1217.6666666666667,20.746155555555553,7.400789127132157,7.733389238391972e-05,0.0,0.055246710777282715
1218.0,20.6248,7.3423368121439125,7.733389238391972e-05,0.0,0.05527042970061302
1218.3333333333335,20.503444444444444,7.283886134246131,7.733389238391972e-05,0.0,0.05529380962252617
1218.6666666666665,20.38208888888889,7.225448553072056,7.733389238391972e-05,0.0,0.05531676113605499
1219.0,20.260733333333334,7.167001149355201,7.733389238391972e-05,0.0,0.05533919483423233
1219.3333333333335,20.13937777777778,7.108560294000199,7.733389238391972e-05,0.0,0.05536101758480072
1219.6666666666667,20.018022222222225,7.050111253192881,7.733389238391972e-05,0.0,0.055382151156663895
1220.0,19.89666666666667,6.991671216383111,7.733389238391972e-05,0.0,0.055402521044015884
1220.3333333333333,19.77531111111111,6.933224631211488,7.733389238391972e-05,0.0,0.05542204901576042
1220.6666666666667,19.65395555555556,6.874777227494633,7.733389238391972e-05,0.0,0.05544067174196243
1221.0,19.532600000000002,6.8163330979587045,7.733389238391972e-05,0.0,0.05545832961797714
1221.3333333333333,19.411244444444446,6.757886512787081,7.733389238391972e-05,0.0,0.05547496676445007
1221.6666666666667,19.289888888888893,6.699439927615458,7.733389238391972e-05,0.0,0.055490538477897644
1222.0,19.168533333333336,6.64099866298784,7.733389238391972e-05,0.0,0.05550501123070717
1222.3333333333335,19.04717777777778,6.582552896361449,7.733389238391972e-05,0.0,0.05551834776997566
1222.6666666666665,18.925822222222223,6.524109585370752,7.733389238391972e-05,0.0,0.05553051829338074
1223.0,18.80446666666667,6.465663409471745,7.733389238391972e-05,0.0,0.055541522800922394
1223.3333333333333,18.683111111111113,6.407218052117969,7.733389238391972e-05,0.0,0.05555135756731033
1223.6666666666667,18.561755555555557,6.348776787490351,7.733389238391972e-05,0.0,0.055560026317834854
1224.0,18.4404,6.290330202318728,7.733389238391972e-05,0.0,0.055567555129528046
1224.3333333333333,18.319044444444447,6.231890574781573,7.733389238391972e-05,0.0,0.0555739663541317
1224.6666666666667,18.19768888888889,6.173444808155182,7.733389238391972e-05,0.0,0.055579282343387604
1225.0,18.076333333333334,6.114993311712169,7.733389238391972e-05,0.0,0.055583544075489044
1225.3333333333333,17.954977777777778,6.05654631726793,7.733389238391972e-05,0.0,0.0555867999792099
1225.6666666666665,17.833622222222225,5.998103415549849,7.733389238391972e-05,0.0,0.05558911710977554
1226.0,17.712266666666668,5.939660923104384,7.733389238391972e-05,0.0,0.055590543895959854
1226.3333333333335,17.59091111111111,5.881214747205377,7.733389238391972e-05,0.0,0.0555911622941494
1226.6666666666665,17.46955555555556,5.822769799124217,7.733389238391972e-05,0.0,0.05559103563427925
1227.0,17.348200000000002,5.764325669588288,7.733389238391972e-05,0.0,0.05559023842215538
1227.3333333333333,17.226844444444446,5.705883177142823,7.733389238391972e-05,0.0,0.05558886379003525
1227.6666666666667,17.10548888888889,5.6474415032425895,7.733389238391972e-05,0.0,0.055586978793144226
1228.0,16.984133333333336,5.588992462435272,7.733389238391972e-05,0.0,0.05558466538786888
1228.3333333333333,16.86277777777778,5.530545467991033,7.733389238391972e-05,0.0,0.05558202788233757
1228.6666666666667,16.741422222222223,5.472107886816957,7.733389238391972e-05,0.0,0.05557914078235626
1229.0,16.620066666666666,5.413657618191792,7.733389238391972e-05,0.0,0.05557609349489212
1229.3333333333333,16.498711111111113,5.355214307201095,7.733389238391972e-05,0.0,0.05557296797633171
1229.6666666666665,16.377355555555557,5.296770586937782,7.733389238391972e-05,0.0,0.0555698536336422
1230.0,16.256,5.238324820311391,7.733389238391972e-05,0.0,0.05556681007146835
1230.3333333333335,16.134644444444444,5.179878644412383,7.733389238391972e-05,0.0,0.055563926696777344
1230.6666666666667,16.01328888888889,5.121434105603839,7.733389238391972e-05,0.0,0.05556128919124603
1231.0,15.891933333333334,5.062989157522679,7.733389238391972e-05,0.0,0.0555589497089386
1231.3333333333333,15.770577777777778,5.004546665077214,7.733389238391972e-05,0.0,0.05555697903037071
1231.6666666666667,15.649222222222225,4.946099261360359,7.733389238391972e-05,0.0,0.05555543303489685
1232.0,15.527866666666668,4.887651448370889,7.733389238391972e-05,0.0,0.05555437132716179
1232.3333333333333,15.406511111111111,4.829214685742045,7.733389238391972e-05,0.0,0.05555384233593941
1232.6666666666667,15.285155555555557,4.770764007844264,7.733389238391972e-05,0.0,0.055553894490003586
1233.0,15.1638,4.712325198852341,7.733389238391972e-05,0.0,0.05555456131696701
1233.3333333333335,15.042444444444445,4.653878204408102,7.733389238391972e-05,0.0,0.055555861443281174
1233.6666666666665,14.921088888888889,4.595429982146015,7.733389238391972e-05,0.0,0.05555782839655876
1234.0,14.799733333333334,4.53698462479224,7.733389238391972e-05,0.0,0.055560480803251266
1234.3333333333335,14.678377777777778,4.478542950892006,7.733389238391972e-05,0.0,0.05556381866335869
1234.6666666666667,14.557022222222223,4.420095547175151,7.733389238391972e-05,0.0,0.05556785315275192
1235.0,14.435666666666666,4.361650599093991,7.733389238391972e-05,0.0,0.05557256564497948
1235.3333333333333,14.314311111111111,4.303208106648526,7.733389238391972e-05,0.0,0.05557795614004135
1235.6666666666667,14.192955555555555,4.244763158567366,7.733389238391972e-05,0.0,0.05558399856090546
1236.0,14.0716,4.186318210486206,7.733389238391972e-05,0.0,0.05559067055583
1236.3333333333333,13.950244444444444,4.127874080950278,7.733389238391972e-05,0.0,0.055597934871912
1236.6666666666667,13.828888888888889,4.06943281632266,7.733389238391972e-05,0.0,0.05560576915740967
1237.0,13.707533333333334,4.010986640423653,7.733389238391972e-05,0.0,0.055614128708839417
1237.3333333333335,13.586177777777777,3.952541283069877,7.733389238391972e-05,0.0,0.05562295392155647
1237.6666666666665,13.464822222222223,3.894093879353022,7.733389238391972e-05,0.0,0.05563219264149666
1238.0,13.343466666666666,3.835649340544478,7.733389238391972e-05,0.0,0.055641788989305496
1238.3333333333333,13.222111111111111,3.777206848099013,7.733389238391972e-05,0.0,0.055651675909757614
1238.6666666666667,13.100755555555555,3.7187623092904687,7.733389238391972e-05,0.0,0.05566176772117615
1239.0,12.9794,3.660316951936693,7.733389238391972e-05,0.0,0.05567200854420662
1239.3333333333333,12.858044444444443,3.6018703667650698,7.733389238391972e-05,0.0,0.05568233132362366
1239.6666666666667,12.736688888888889,3.543424600138678,7.733389238391972e-05,0.0,0.05569266155362129
1240.0,12.615333333333332,3.4849812891479814,7.733389238391972e-05,0.0,0.05570292845368385
1240.3333333333333,12.493977777777777,3.4265381827935926,7.733389238391972e-05,0.0,0.05571307614445686
1240.6666666666665,12.37262222222222,3.36809057444043,7.733389238391972e-05,0.0,0.05572301894426346
1241.0,12.251266666666666,3.30964562635927,7.733389238391972e-05,0.0,0.05573270469903946
1241.3333333333335,12.12991111111111,3.2512035431864206,7.733389238391972e-05,0.0,0.055742066353559494
1241.6666666666665,12.008555555555555,3.1927585951052606,7.733389238391972e-05,0.0,0.055751051753759384
1242.0,11.887199999999998,3.1343116006610217,7.733389238391972e-05,0.0,0.05575960502028465
1242.3333333333333,11.765844444444443,3.0758705406697118,7.733389238391972e-05,0.0,0.055767692625522614
1242.6666666666667,11.644488888888889,3.0174237508617807,7.733389238391972e-05,0.0,0.05577527731657028
1243.0,11.523133333333332,2.9589794166895445,7.733389238391972e-05,0.0,0.05578233301639557
1243.3333333333333,11.401777777777777,2.9005344686083845,7.733389238391972e-05,0.0,0.055788833647966385
1243.6666666666667,11.28042222222222,2.8420917715266114,7.733389238391972e-05,0.0,0.05579477176070213
1244.0,11.159066666666666,2.7836451863549883,7.733389238391972e-05,0.0,0.05580012500286102
1244.3333333333333,11.03771111111111,2.7252000336375204,7.733389238391972e-05,0.0,0.05580490827560425
1244.6666666666665,10.916355555555555,2.666756313374208,7.733389238391972e-05,0.0,0.05580912530422211
1245.0,10.794999999999998,2.608310956020432,7.733389238391972e-05,0.0,0.05581279098987579
1245.3333333333335,10.673644444444445,2.549863756939885,7.733389238391972e-05,0.0,0.05581594258546829
1245.6666666666667,10.552288888888889,2.4914206505854963,7.733389238391972e-05,0.0,0.055818598717451096
1246.0,10.430933333333334,2.4329748839591048,7.733389238391972e-05,0.0,0.055820807814598083
1246.3333333333333,10.309577777777777,2.374531572968408,7.733389238391972e-05,0.0,0.05582262575626373
1246.6666666666667,10.188222222222223,2.3160876480687875,7.733389238391972e-05,0.0,0.05582409352064133
1247.0,10.066866666666666,2.2576426999876276,7.733389238391972e-05,0.0,0.055825263261795044
1247.3333333333333,9.945511111111111,2.199197137997544,7.733389238391972e-05,0.0,0.05582618713378906
1247.6666666666667,9.824155555555555,2.1407509620985365,7.733389238391972e-05,0.0,0.05582693964242935
1248.0,9.7028,2.082307446471532,7.733389238391972e-05,0.0,0.055827584117650986
1248.3333333333335,9.581444444444445,2.02386270302668,7.733389238391972e-05,0.0,0.055828168988227844
1248.6666666666665,9.460088888888889,1.9654181642181356,7.733389238391972e-05,0.0,0.0558287650346756
1249.0,9.338733333333334,1.906972602228052,7.733389238391972e-05,0.0,0.05582943558692932
1249.3333333333335,9.217377777777777,1.848529495873663,7.733389238391972e-05,0.0,0.055830225348472595
1249.6666666666667,9.096022222222222,1.790084752428811,7.733389238391972e-05,0.0,0.055831197649240494
1250.0,8.974666666666666,1.731637757984572,7.733389238391972e-05,0.0,0.0558323860168457
1250.3333333333333,8.853311111111111,1.6731945493120293,7.733389238391972e-05,0.0,0.0558338463306427
1250.6666666666667,8.731955555555555,1.6147497035490233,7.733389238391972e-05,0.0,0.05583561584353447
1251.0,8.6106,1.5563057786494028,7.733389238391972e-05,0.0,0.0558377243578434
1251.3333333333333,8.489244444444443,1.4978597050685494,7.733389238391972e-05,0.0,0.05584019422531128
1251.6666666666667,8.367888888888888,1.4394152685781592,7.733389238391972e-05,0.0,0.0558430515229702
1252.0,8.246533333333332,1.3809700135425373,7.733389238391972e-05,0.0,0.05584629625082016
1252.3333333333335,8.125177777777777,1.3225254747339932,7.733389238391972e-05,0.0,0.05584992840886116
1252.6666666666665,8.00382222222222,1.2640806289709872,7.733389238391972e-05,0.0,0.05585397407412529
1253.0,7.882466666666666,1.2056366017532127,7.733389238391972e-05,0.0,0.05585841089487076
1253.3333333333333,7.76111111111111,1.147191142081283,7.733389238391972e-05,0.0,0.05586323142051697
1253.6666666666667,7.6397555555555545,1.088746296318277,7.733389238391972e-05,0.0,0.05586843192577362
1254.0,7.518399999999999,1.0303017575097329,7.733389238391972e-05,0.0,0.055873993784189224
1254.3333333333333,7.397044444444443,0.9718569117467268,7.733389238391972e-05,0.0,0.05587989091873169
1254.6666666666667,7.2756888888888875,0.9134118613474129,7.733389238391972e-05,0.0,0.055886100977659225
1255.0,7.154333333333332,0.8549670667434839,7.733389238391972e-05,0.0,0.05589260905981064
1255.3333333333333,7.032977777777776,0.7965221698214009,7.733389238391972e-05,0.0,0.055899377912282944
1255.6666666666665,6.911622222222221,0.7380781937627034,7.733389238391972e-05,0.0,0.05590638145804405
1256.0,6.790266666666666,0.6796324271363119,7.733389238391972e-05,0.0,0.05591358616948128
1256.3333333333335,6.66891111111111,0.6211881441231526,7.733389238391972e-05,0.0,0.055920958518981934
1256.6666666666665,6.5475555555555545,0.5627433495192236,7.733389238391972e-05,0.0,0.05592845752835274
1257.0,6.426199999999999,0.5042988618697564,7.733389238391972e-05,0.0,0.055936045944690704
1257.3333333333333,6.304844444444443,0.44585401610675035,7.733389238391972e-05,0.0,0.055943697690963745
1257.6666666666667,6.1834888888888875,0.38740934940051375,0.00015466778476783943,0.0,0.053010717034339905
1258.0,6.062133333333332,0.32896463153520017,0.00015466778476783943,0.0,0.053189340978860855
1258.3333333333333,5.940777777777776,0.2705199392494251,0.00015466778476783943,0.0,0.053368400782346725
1258.6666666666667,5.819422222222221,0.2332060176968298,0.00015466778476783943,0.0,0.05354803055524826
1259.0,5.698066666666666,0.22744159196008695,0.00015466778476783943,0.0,0.05372807756066322
1259.3333333333333,5.57671111111111,0.22167701274611318,0.00015466778476783943,0.0,0.053908683359622955
1259.6666666666665,5.455355555555554,0.21591271490706276,0.00015466778476783943,0.0,0.05408976227045059
1260.0,5.334,0.21014808453401201,0.00015466778476783943,0.0,0.054271306842565536
1260.3333333333335,5.3227111111111105,0.20961196298685536,0.00015466778476783943,0.0,0.05445333197712898
1260.6666666666667,5.311422222222221,0.2090756368033908,0.00015466778476783943,0.0,0.05463583022356033
1261.0,5.300133333333333,0.20853942572784945,0.00015466778476783943,0.0,0.05481879413127899
1261.3333333333333,5.288844444444444,0.20800308675461565,0.00015466778476783943,0.0,0.055002205073833466
1261.6666666666667,5.277555555555555,0.20746702915630522,0.00015466778476783943,0.0,0.05518599599599838
1262.0,5.266266666666666,0.20693079250122537,0.00015466778476783943,0.0,0.055370233952999115
1262.3333333333333,5.254977777777778,0.20639444073822233,0.00015466778476783943,0.0,0.0555548369884491
1262.6666666666667,5.243688888888888,0.20585822966268097,0.00015466778476783943,0.0,0.0557398796081543
1263.0,5.2324,0.20532206974621658,0.00023200167715175916,0.0,0.05395622178912163
1263.3333333333335,5.22111111111111,0.20478583309113674,0.00023200167715175916,0.0,0.05420488119125366
1263.6666666666665,5.209822222222222,0.2042495708565184,0.00023200167715175916,0.0,0.054453957825899124
1264.0,5.198533333333333,0.2037132574628231,0.00023200167715175916,0.0,0.05470258370041847
1264.3333333333335,5.1872444444444445,0.20317713591566644,0.00023200167715175916,0.0,0.05495142936706543
1264.6666666666667,5.175955555555555,0.20264082252197113,0.00023200167715175916,0.0,0.05520014837384224
1265.0,5.164666666666666,0.20210463702596826,0.00023200167715175916,0.0,0.05544821918010712
1265.3333333333333,5.153377777777777,0.2015683108425037,0.00030933556953567886,0.0,0.05429920181632042
1265.6666666666667,5.142088888888889,0.20103206139765462,0.00030933556953567886,0.0,0.054556701332330704
1266.0,5.1308,0.200495888691421,0.00030933556953567886,0.0,0.05481446906924248
1266.3333333333333,5.119511111111111,0.1999597287749566,0.00030933556953567886,0.0,0.05507207661867142
1266.6666666666667,5.1082222222222216,0.199423504909646,0.00030933556953567886,0.0,0.05532936006784439
1267.0,5.096933333333332,0.19888721709548918,0.00030933556953567886,0.0,0.055586859583854675
1267.3333333333335,5.085644444444444,0.19835110833810177,0.00030933556953567886,0.0,0.055844005197286606
1267.6666666666665,5.074355555555556,0.1978148333137142,0.00030933556953567886,0.0,0.05610131099820137
1268.0,5.063066666666666,0.19727831528371098,0.00030933556953567886,0.0,0.056358568370342255
1268.3333333333333,5.051777777777778,0.19674228326493903,0.00030933556953567886,0.0,0.05661538615822792
1268.6666666666667,5.040488888888889,0.19620608497916692,0.00030933556953567886,0.0,0.05687245354056358
1269.0,5.0291999999999994,0.19566992506270253,0.00030933556953567886,0.0,0.05712916702032089
1269.3333333333333,5.01791111111111,0.19513370119739193,0.00030933556953567886,0.0,0.057386063039302826
1269.6666666666667,5.006622222222222,0.1945974389627736,0.00030933556953567886,0.0,0.057642918080091476
1270.0,4.995333333333333,0.19406115114861677,0.00030933556953567886,0.0,0.05789940059185028
1270.3333333333333,4.984044444444444,0.1935249400730754,0.00038666946191959857,0.0,0.056584008038043976
1270.6666666666665,4.972755555555556,0.19298875457707254,0.00038666946191959857,0.0,0.056857943534851074
1271.0,4.961466666666666,0.19245259466060816,0.00038666946191959857,0.0,0.05713222548365593
1271.3333333333335,4.950177777777777,0.19191620452829738,0.00038666946191959857,0.0,0.05740583688020706
1271.6666666666665,4.938888888888888,0.19137996787321754,0.00038666946191959857,0.0,0.057680077850818634
1272.0,4.9276,0.1908439102749071,0.00038666946191959857,0.0,0.05795363709330559
1272.3333333333333,4.91631111111111,0.19030767361982726,0.00038666946191959857,0.0,0.058228038251399994
1272.6666666666667,4.905022222222222,0.18977141138520892,0.00038666946191959857,0.0,0.05850188806653023
1273.0,4.893733333333333,0.18923505962220588,0.00038666946191959857,0.0,0.05877593159675598
1273.3333333333333,4.882444444444444,0.18869883575689528,0.00038666946191959857,0.0,0.059050291776657104
1273.6666666666667,4.871155555555555,0.1881625607325077,0.00038666946191959857,0.0,0.05932389572262764
1274.0,4.859866666666666,0.1876263112876586,0.00038666946191959857,0.0,0.05959833785891533
1274.3333333333333,4.848577777777777,0.1870901769507327,0.00038666946191959857,0.0,0.059871871024370193
1274.6666666666665,4.837288888888889,0.18655402982403757,0.00038666946191959857,0.0,0.06014610081911087
1275.0,4.826,0.18601770364057302,0.00038666946191959857,0.0,0.06041967123746872
1275.3333333333335,4.8147111111111105,0.18548154372410863,0.00038666946191959857,0.0,0.06069384887814522
1275.6666666666667,4.803422222222221,0.1849452559099518,0.00038666946191959857,0.0,0.06096751615405083
1276.0,4.792133333333334,0.18440901925487196,0.00038666946191959857,0.0,0.061241574585437775
1276.3333333333333,4.780844444444444,0.1838726930714074,0.00038666946191959857,0.0,0.061514973640441895
1276.6666666666667,4.769555555555556,0.18333663547309698,0.00038666946191959857,0.0,0.06178892403841019
1277.0,4.758266666666666,0.18280041160778637,0.00038666946191959857,0.0,0.06206217408180237
1277.3333333333333,4.7469777777777775,0.1822640214754756,0.00038666946191959857,0.0,0.062335751950740814
1277.6666666666667,4.735688888888888,0.18172804061578063,0.00038666946191959857,0.0,0.06260906904935837
1278.0,4.7244,0.1811916632732391,0.00038666946191959857,0.0,0.06288211047649384
1278.3333333333335,4.713111111111111,0.18065538824885152,0.00038666946191959857,0.0,0.06315596401691437
1278.6666666666665,4.701822222222222,0.1801190748551562,0.00038666946191959857,0.0,0.0634288489818573
1279.0,4.690533333333333,0.17958303004661502,0.00038666946191959857,0.0,0.06370218098163605
1279.3333333333335,4.6792444444444445,0.17904675502222744,0.00038666946191959857,0.0,0.06397482007741928
1279.6666666666667,4.667955555555555,0.17851047999783987,0.00038666946191959857,0.0,0.06424801051616669
1280.0,4.656666666666666,0.17797430729160624,0.00038666946191959857,0.0,0.06452043354511261
1280.3333333333333,4.645377777777777,0.1774380450569879,0.00038666946191959857,0.0,0.06479351222515106
1280.6666666666667,4.634088888888888,0.1769018467712158,0.000541337246687438,0.0,0.06080842390656471
1281.0,4.6228,0.176365507797982,0.000541337246687438,0.0,0.06106162816286087
1281.3333333333333,4.611511111111112,0.17582932230197912,0.000541337246687438,0.0,0.06131443753838539
1281.6666666666667,4.6002222222222215,0.17529311122643776,0.000541337246687438,0.0,0.061566997319459915
1282.0,4.588933333333333,0.1747568745713579,0.000541337246687438,0.0,0.06181936338543892
1282.3333333333335,4.577644444444444,0.17422066349581655,0.000541337246687438,0.0,0.06207111105322838
1282.6666666666665,4.566355555555556,0.17368446521004444,0.000541337246687438,0.0,0.06232285872101784
1283.0,4.555066666666666,0.17314816460611837,0.000541337246687438,0.0,0.06257404386997223
1283.3333333333333,4.543777777777778,0.1726118895817308,0.000541337246687438,0.0,0.06282518804073334
1283.6666666666667,4.5324888888888895,0.17207571687549716,0.000541337246687438,0.0,0.06307565420866013
1284.0,4.5212,0.1715394418511096,0.000541337246687438,0.0,0.0633261427283287
1284.3333333333333,4.509911111111111,0.17100325635510671,0.000541337246687438,0.0,0.06357613950967789
1284.6666666666667,4.498622222222222,0.17046700691025762,0.000541337246687438,0.0,0.06382573395967484
1285.0,4.487333333333333,0.16993078304494702,0.000541337246687438,0.0,0.06407530605792999
1285.3333333333333,4.476044444444445,0.16939448244102095,0.000541337246687438,0.0,0.0643242672085762
1285.6666666666665,4.464755555555556,0.1688582713654796,0.000541337246687438,0.0,0.06457319110631943
1286.0,4.4534666666666665,0.16832214981832294,0.000541337246687438,0.0,0.06482162326574326
1286.3333333333335,4.442177777777777,0.16778595153255083,0.000541337246687438,0.0,0.06506972014904022
1286.6666666666665,4.430888888888889,0.16724974045700947,0.000541337246687438,0.0,0.06531735509634018
1287.0,4.4196,0.16671345264285264,0.000541337246687438,0.0,0.06556481868028641
1287.3333333333333,4.408311111111112,0.16617717761846507,0.000541337246687438,0.0,0.06581207364797592
1287.6666666666667,4.397022222222222,0.16564092817361598,0.000541337246687438,0.0,0.06605876237154007
1288.0,4.3857333333333335,0.16510472988784386,0.000541337246687438,0.0,0.06630536168813705
1288.3333333333333,4.3744444444444435,0.16456853160207174,0.000541337246687438,0.0,0.06655137240886688
1288.6666666666667,4.363155555555556,0.1640322693674534,0.000541337246687438,0.0,0.06679690629243851
1289.0,4.351866666666667,0.16349605829191205,0.000541337246687438,0.0,0.06704237312078476
1289.3333333333333,4.340577777777778,0.1629598472163707,0.000541337246687438,0.0,0.06728773564100266
1289.6666666666665,4.32928888888889,0.16242355940221387,0.000541337246687438,0.0,0.06753229349851608
1290.0,4.318,0.16188736111644175,0.000541337246687438,0.0,0.0677766501903534
1290.3333333333335,4.306711111111111,0.16135108609205417,0.000541337246687438,0.0,0.06802066415548325
1290.6666666666667,4.295422222222222,0.16081486222674357,0.000541337246687438,0.0,0.06826446950435638
1291.0,4.284133333333333,0.1602786511512022,0.000541337246687438,0.0,0.06850764900445938
1291.3333333333333,4.272844444444444,0.1597425423938148,0.000541337246687438,0.0,0.068750761449337
1291.6666666666667,4.261555555555556,0.15920626736942722,0.000541337246687438,0.0,0.06899334490299225
1292.0,4.2502666666666675,0.1586700051348089,0.000541337246687438,0.0,0.06923592835664749
1292.3333333333333,4.2389777777777775,0.15813365337180585,0.000541337246687438,0.0,0.06947801262140274
1292.6666666666667,4.227688888888889,0.1575975062451107,0.000541337246687438,0.0,0.06971951574087143
1293.0,4.2164,0.15706124401049237,0.000541337246687438,0.0,0.06996097415685654
1293.3333333333335,4.205111111111111,0.15652502014518177,0.000541337246687438,0.0,0.07020176202058792
1293.6666666666665,4.193822222222222,0.15598875791056344,0.000541337246687438,0.0,0.07044265419244766
1294.0,4.182533333333334,0.15545264915317603,0.000541337246687438,0.0,0.0706828311085701
1294.3333333333335,4.171244444444444,0.15491625902086525,0.000541337246687438,0.0,0.07092279940843582
1294.6666666666667,4.159955555555555,0.15438017584301633,0.000541337246687438,0.0,0.0711626186966896
1295.0,4.148666666666667,0.15384397755724422,0.000541337246687438,0.0,0.07140196859836578
1295.3333333333333,4.137377777777777,0.1533076641635489,0.000541337246687438,0.0,0.07164071500301361
1295.6666666666667,4.126088888888889,0.15277142750846906,0.000541337246687438,0.0,0.07187914848327637
1296.0,4.1148,0.15223520364315846,0.000541337246687438,0.0,0.07211744040250778
1296.3333333333333,4.1035111111111116,0.15169904372669407,0.000541337246687438,0.0,0.07235526293516159
1296.6666666666667,4.0922222222222215,0.1511626280148448,0.000541337246687438,0.0,0.07259268313646317
1297.0,4.080933333333333,0.15062641693930345,0.000541337246687438,0.0,0.07282982021570206
1297.3333333333335,4.069644444444445,0.15009024423306982,0.000541337246687438,0.0,0.07306670397520065
1297.6666666666665,4.058355555555555,0.14955400757798998,0.000541337246687438,0.0,0.07330328226089478
1298.0,4.047066666666667,0.14901778371267937,0.0006186711390713577,0.0,0.07060278952121735
1298.3333333333333,4.035777777777778,0.14848153426783028,0.0006186711390713577,0.0,0.07082727551460266
1298.6666666666667,4.024488888888889,0.1479453999309044,0.0006960050314552775,0.0,0.06872435659170151
1299.0,4.0132,0.14740907374743983,0.0006960050314552775,0.0,0.06893737614154816
1299.3333333333333,4.001911111111111,0.1468729010412062,0.0006960050314552775,0.0,0.0691503956913948
1299.6666666666667,3.9906222222222225,0.1463366771758956,0.0006960050314552775,0.0,0.06936293095350266
1300.0,3.979333333333333,0.14580044052081576,0.0006960050314552775,0.0,0.06957506388425827
1300.3333333333333,3.9680444444444443,0.1452642294452744,0.0006960050314552775,0.0,0.06978711485862732
1300.6666666666665,3.9567555555555556,0.14472803115950228,0.0006960050314552775,0.0,0.06999868154525757
1301.0,3.945466666666667,0.14419152591926832,0.0006960050314552775,0.0,0.07021014392375946
1301.3333333333335,3.9341777777777778,0.1436555066902656,0.0006960050314552775,0.0,0.07042120397090912
1301.6666666666665,3.922888888888889,0.14311925724541652,0.0006960050314552775,0.0,0.07063187658786774
1302.0,3.9115999999999995,0.1425830845391829,0.0006960050314552775,0.0,0.0708422064781189
1302.3333333333333,3.9003111111111117,0.1420467455659491,0.0006960050314552775,0.0,0.0710524469614029
1302.6666666666667,3.8890222222222226,0.14151057285971547,0.0006960050314552775,0.0,0.07126212865114212
1303.0,3.8777333333333335,0.1409742978353279,0.0006960050314552775,0.0,0.07147130370140076
1303.3333333333333,3.8664444444444444,0.14043809954955577,0.0006960050314552775,0.0,0.07168006151914597
1303.6666666666667,3.8551555555555552,0.13990196521262988,0.0006960050314552775,0.0,0.07188846170902252
1304.0,3.8438666666666674,0.13936571576778078,0.0006960050314552775,0.0,0.07209625840187073
1304.3333333333333,3.8325777777777783,0.13882940237408548,0.0006960050314552775,0.0,0.07230398058891296
1304.6666666666665,3.821288888888889,0.13829319129854412,0.0006960050314552775,0.0,0.0725107192993164
1305.0,3.8100000000000005,0.13775692906392578,0.0006960050314552775,0.0,0.07271700352430344
1305.3333333333335,3.798711111111111,0.13722073077815367,0.0006960050314552775,0.0,0.07292266935110092
1305.6666666666667,3.7874222222222222,0.1366844301742276,0.0006960050314552775,0.0,0.07312756776809692
1306.0,3.7761333333333336,0.13614824467822473,0.0006960050314552775,0.0,0.0733318030834198
1306.3333333333333,3.7648444444444444,0.13561203360268337,0.0006960050314552775,0.0,0.0735355019569397
1306.6666666666667,3.753555555555556,0.13507579694760352,0.0006960050314552775,0.0,0.0737382173538208
1307.0,3.742266666666667,0.1345395986618314,0.0006960050314552775,0.0,0.07394018769264221
1307.3333333333333,3.730977777777778,0.13400341316582853,0.0006960050314552775,0.0,0.07414133101701736
1307.6666666666667,3.719688888888889,0.13346713814144096,0.0006960050314552775,0.0,0.07434194535017014
1308.0,3.7083999999999997,0.13293088869659186,0.0006960050314552775,0.0,0.07454139739274979
1308.3333333333335,3.6971111111111115,0.13239462646197353,0.0006960050314552775,0.0,0.07474000006914139
1308.6666666666665,3.6858222222222223,0.13185840259666293,0.0006960050314552775,0.0,0.07493768632411957
1309.0,3.674533333333333,0.1313222298904293,0.0006960050314552775,0.0,0.07513444870710373
1309.3333333333335,3.6632444444444445,0.13078592928650323,0.0006960050314552775,0.0,0.0753304660320282
1309.6666666666667,3.6519555555555554,0.13024967984165414,0.0006960050314552775,0.0,0.07552546262741089
1310.0,3.640666666666667,0.1297134431865743,0.0006960050314552775,0.0,0.0757194384932518
1310.3333333333333,3.629377777777778,0.12917723211103294,0.0006960050314552775,0.0,0.07591262459754944
1310.6666666666667,3.618088888888889,0.1286410849843378,0.0006960050314552775,0.0,0.07610498368740082
1311.0,3.6068000000000007,0.128104746011104,0.0006960050314552775,0.0,0.07629618793725967
1311.3333333333333,3.5955111111111107,0.12756854772533188,0.0006960050314552775,0.0,0.07648672163486481
1311.6666666666667,3.5842222222222224,0.127032362229329,0.0006960050314552775,0.0,0.07667632400989532
1312.0,3.5729333333333333,0.12649612557424916,0.0006960050314552775,0.0,0.07686518877744675
1312.3333333333335,3.5616444444444446,0.12595987612940007,0.0006960050314552775,0.0,0.07705304026603699
1312.6666666666665,3.5503555555555564,0.1254236011050125,0.0006960050314552775,0.0,0.07724028825759888
1313.0,3.5390666666666664,0.12488742839877887,0.0006960050314552775,0.0,0.07742668688297272
1313.3333333333333,3.527777777777778,0.12435119174369902,0.0006960050314552775,0.0,0.07761245965957642
1313.6666666666667,3.516488888888889,0.12381494229884993,0.0006960050314552775,0.0,0.0777975469827652
1314.0,3.5052,0.12327866727446235,0.0006960050314552775,0.0,0.07798191159963608
1314.3333333333333,3.4939111111111116,0.1227425457273057,0.0006960050314552775,0.0,0.07816563546657562
1314.6666666666667,3.482622222222222,0.12220621954384114,0.0006960050314552775,0.0,0.0783487930893898
1315.0,3.471333333333334,0.12166994451945357,0.0006960050314552775,0.0,0.07853145897388458
1315.3333333333333,3.4600444444444447,0.12113381018252767,0.0006960050314552775,0.0,0.07871369272470474
1315.6666666666665,3.4487555555555556,0.12059757352744782,0.0006960050314552775,0.0,0.0788951963186264
1316.0,3.4374666666666673,0.12006143919052192,0.0006960050314552775,0.0,0.07907650619745255
1316.3333333333335,3.426177777777778,0.11952511300705737,0.0006960050314552775,0.0,0.07925722002983093
1316.6666666666665,3.414888888888889,0.11898890193151601,0.0006960050314552775,0.0,0.07943752408027649
1317.0,3.4036,0.11845267806620541,0.0009280067086070366,0.0,0.0722164660692215
1317.3333333333333,3.3923111111111113,0.11791637746227934,0.0009280067086070366,0.0,0.07238424569368362
1317.6666666666667,3.3810222222222226,0.11738015359696874,0.0010053406009909564,0.0,0.0708170011639595
1318.0,3.369733333333334,0.11684398089073511,0.0010053406009909564,0.0,0.07097690552473068
1318.3333333333333,3.358444444444445,0.11630776981519375,0.0010053406009909564,0.0,0.07113642245531082
1318.6666666666667,3.347155555555556,0.11577149479080617,0.0010053406009909564,0.0,0.07129555195569992
1319.0,3.335866666666667,0.11523525813572633,0.0010053406009909564,0.0,0.07145415246486664
1319.3333333333333,3.3245777777777783,0.11469899590110799,0.0010053406009909564,0.0,0.07161234319210052
1319.6666666666665,3.313288888888889,0.11416272087672041,0.0010053406009909564,0.0,0.07177002727985382
1320.0,3.302,0.11362658653979452,0.0010053406009909564,0.0,0.07192689925432205
1320.3333333333335,3.304822222222222,0.11376057216239133,0.0010053406009909564,0.0,0.07208336889743805
1320.6666666666667,3.3076444444444446,0.11389468568268057,0.0010053406009909564,0.0,0.07223930954933167
1321.0,3.310466666666667,0.11402876083366209,0.0010053406009909564,0.0,0.07239477336406708
1321.3333333333333,3.313288888888889,0.11416272087672041,0.0010053406009909564,0.0,0.07254969328641891
1321.6666666666667,3.3161111111111112,0.11429689834585588,0.0010053406009909564,0.0,0.07270397990942001
1322.0,3.3189333333333337,0.11443088396845269,0.0010053406009909564,0.0,0.07285762578248978
1322.3333333333333,3.321755555555556,0.11456503585804967,0.0010053406009909564,0.0,0.07301072031259537
1322.6666666666667,3.324577777777778,0.11469899590110799,0.0010053406009909564,0.0,0.0731630027294159
1323.0,3.3274,0.11483312221116648,0.0010053406009909564,0.0,0.07331468164920807
1323.3333333333335,3.3302222222222224,0.11496712062353254,0.0010053406009909564,0.0,0.07346579432487488
1323.6666666666665,3.3330444444444445,0.11510114461543708,0.0010053406009909564,0.0,0.07361617684364319
1324.0,3.335866666666667,0.11523525813572633,0.0010053406009909564,0.0,0.07376610487699509
1324.3333333333335,3.338688888888889,0.1153694100253233,0.0010053406009909564,0.0,0.07391536980867386
1324.6666666666667,3.3415111111111115,0.11550335727861238,0.0010053406009909564,0.0,0.07406432181596756
1325.0,3.3443333333333336,0.11563747079890163,0.0010053406009909564,0.0,0.07421262562274933
1325.3333333333333,3.3471555555555557,0.11577149479080617,0.0010053406009909564,0.0,0.07436049729585648
1325.6666666666667,3.349977777777778,0.11590551878271071,0.0010053406009909564,0.0,0.07450792193412781
1326.0,3.3528000000000002,0.11603960672346147,0.0010053406009909564,0.0,0.0746549591422081
1326.3333333333333,3.3556222222222223,0.11617368187444299,0.001082674493374876,0.0,0.07303067296743393
1326.6666666666667,3.358444444444445,0.11630776981519375,0.001082674493374876,0.0,0.07316946238279343
1327.0,3.361266666666667,0.11644180659686754,0.001082674493374876,0.0,0.0733080580830574
1327.3333333333335,3.364088888888889,0.1165758945376183,0.001082674493374876,0.0,0.07344614714384079
1327.6666666666665,3.3669111111111114,0.11670985458067662,0.001082674493374876,0.0,0.0735839456319809
1328.0,3.3697333333333335,0.11684398089073511,0.001082674493374876,0.0,0.07372118532657623
1328.3333333333333,3.3725555555555555,0.11697800488263965,0.001082674493374876,0.0,0.07386492192745209
1328.6666666666667,3.375377777777778,0.11711209282339041,0.001082674493374876,0.0,0.074018694460392
1329.0,3.3782000000000005,0.1172461296050642,0.001082674493374876,0.0,0.07417183369398117
1329.3333333333333,3.3810222222222226,0.11738015359696874,0.001082674493374876,0.0,0.07432419806718826
1329.6666666666667,3.383844444444444,0.11751416479910404,0.001082674493374876,0.0,0.07447551935911179
1330.0,3.386666666666667,0.11764835505800875,0.001082674493374876,0.0,0.07462605088949203
1330.3333333333333,3.389488888888889,0.1177823534703748,0.001082674493374876,0.0,0.0747753456234932
1330.6666666666665,3.392311111111111,0.11791637746227934,0.0012373422781427155,0.0,0.07181401550769806
1331.0,3.3951333333333333,0.11805049098256859,0.0012373422781427155,0.0,0.07195599377155304
1331.3333333333335,3.397955555555556,0.11818452776424238,0.0012373422781427155,0.0,0.07209557294845581
1331.6666666666665,3.4007777777777783,0.11831861570499314,0.0013146761705266352,0.0,0.07092585414648056
1332.0,3.4036,0.11845267806620541,0.0013146761705266352,0.0,0.07105356454849243
1332.3333333333333,3.406422222222222,0.11858670205810995,0.001392010062910555,0.0,0.07000322639942169
1332.6666666666667,3.409244444444445,0.1187208155783992,0.001392010062910555,0.0,0.0701269805431366
1333.0,3.412066666666667,0.11885478841122676,0.001392010062910555,0.0,0.0702475905418396
1333.3333333333333,3.414888888888889,0.11898890193151601,0.001392010062910555,0.0,0.07036479562520981
1333.6666666666667,3.417711111111111,0.11912288755411282,0.001392010062910555,0.0,0.07047870755195618
1334.0,3.4205333333333336,0.11925705223347904,0.001392010062910555,0.0,0.07058930397033691
1334.3333333333333,3.4233555555555557,0.11939103785607585,0.001392010062910555,0.0,0.07069698721170425
1334.6666666666665,3.4261777777777778,0.11952511300705737,0.001392010062910555,0.0,0.07080172747373581
1335.0,3.429,0.11965913699896191,0.001392010062910555,0.0,0.07090390473604202
1335.3333333333335,3.4318222222222228,0.11979319936017419,0.001392010062910555,0.0,0.07100379467010498
1335.6666666666667,3.434644444444445,0.11992724893161721,0.0014693439552944745,0.0,0.06999404728412628
1336.0,3.4374666666666664,0.12006143919052192,0.0014693439552944745,0.0,0.07009758800268173
1336.3333333333333,3.440288888888889,0.12019543760288798,0.0014693439552944745,0.0,0.07020057737827301
1336.6666666666667,3.4431111111111115,0.120329487174331,0.0015466778476783943,0.0,0.06928907334804535
1337.0,3.445933333333333,0.12046354953554328,0.0015466778476783943,0.0,0.06938838213682175
1337.3333333333333,3.4487555555555556,0.12059757352744782,0.0015466778476783943,0.0,0.06948796659708023
1337.6666666666667,3.451577777777778,0.12073169983750631,0.0014693439552944745,0.0,0.07062184065580368
1338.0,3.4544000000000006,0.12086569824987237,0.0014693439552944745,0.0,0.0707305446267128
1338.3333333333335,3.457222222222222,0.12099986292923859,0.0014693439552944745,0.0,0.07083907723426819
1338.6666666666665,3.4600444444444447,0.12113381018252767,0.0014693439552944745,0.0,0.07094793766736984
1339.0,3.4628666666666668,0.12126779580512448,0.001624011740062314,0.0,0.06906066834926605
1339.3333333333335,3.465688888888889,0.12140189653564448,0.0017013456324462338,0.0,0.06831581145524979
1339.6666666666667,3.4685111111111113,0.12153589494801054,0.0017013456324462338,0.0,0.06843938678503036
1340.0,3.471333333333334,0.12166994451945357,0.0017013456324462338,0.0,0.06856271624565125
1340.3333333333333,3.4741555555555554,0.12180412198858903,0.0018560134172140733,0.0,0.06713028997182846
1340.6666666666667,3.476977777777778,0.12193819713957055,0.0018560134172140733,0.0,0.06724988669157028
1341.0,3.4798000000000004,0.12207225950078282,0.0018560134172140733,0.0,0.06736963242292404
1341.3333333333333,3.482622222222222,0.12220621954384114,0.0019333473095979928,0.0,0.06679287552833557
1341.6666666666667,3.485444444444444,0.12234037143343812,0.0019333473095979928,0.0,0.0669155865907669
1342.0,3.488266666666667,0.12247438263557342,0.0019333473095979928,0.0,0.06703825294971466
1342.3333333333335,3.4910888888888896,0.12260847057632418,0.002010681201981913,0.0,0.06650186330080032
1342.6666666666665,3.4939111111111107,0.1227425457273057,0.002010681201981913,0.0,0.06662202626466751
1343.0,3.4967333333333332,0.122876556929441,0.002010681201981913,0.0,0.06674223393201828
1343.3333333333333,3.499555555555556,0.12301052976226856,0.002010681201981913,0.0,0.06686249375343323
1343.6666666666667,3.502377777777778,0.1231446688620963,0.0020880150943658323,0.0,0.06635425984859467
1344.0,3.5052,0.12327866727446235,0.002165348986749752,0.0,0.06588725000619888
1344.3333333333333,3.5080222222222224,0.12341275521521311,0.002165348986749752,0.0,0.06600607186555862
1344.6666666666667,3.5108444444444444,0.12354686873550236,0.002165348986749752,0.0,0.06612475216388702
1345.0,3.5136666666666665,0.12368087993763766,0.002165348986749752,0.0,0.06624322384595871
1345.3333333333333,3.516488888888889,0.12381494229884993,0.002165348986749752,0.0,0.06636132299900055
1345.6666666666665,3.519311111111111,0.12394895350098523,0.0020880150943658323,0.0,0.06709083914756775
1346.0,3.5221333333333336,0.12408313097012069,0.0020880150943658323,0.0,0.06721412390470505
1346.3333333333335,3.5249555555555556,0.12421716775179448,0.0020880150943658323,0.0,0.0673370510339737
1346.6666666666665,3.527777777777778,0.12435119174369902,0.0020880150943658323,0.0,0.06745929270982742
1347.0,3.5306,0.12448526689468054,0.0020880150943658323,0.0,0.06758097559213638
1347.3333333333333,3.5334222222222222,0.12461939320473903,0.002165348986749752,0.0,0.06707505136728287
1347.6666666666667,3.5362444444444447,0.12475332766825886,0.002165348986749752,0.0,0.06719695776700974
1348.0,3.5390666666666664,0.12488742839877887,0.002165348986749752,0.0,0.06731797754764557
1348.3333333333333,3.5418888888888893,0.12502143960091416,0.002242682879133672,0.0,0.0668368861079216
1348.6666666666667,3.5447111111111114,0.12515554033143417,0.002242682879133672,0.0,0.06695343554019928
1349.0,3.547533333333333,0.12528962827218493,0.002242682879133672,0.0,0.0670689046382904
1349.3333333333333,3.5503555555555555,0.1254236011050125,0.002242682879133672,0.0,0.06718319654464722
1349.6666666666665,3.553177777777778,0.12555766346622477,0.002242682879133672,0.0,0.06729639321565628
1350.0,3.5559999999999996,0.12569173861720628,0.002242682879133672,0.0,0.06740829348564148
1350.3333333333335,3.558822222222222,0.12582576260911082,0.002242682879133672,0.0,0.06751909106969833
1350.6666666666667,3.5616444444444446,0.12595987612940007,0.002242682879133672,0.0,0.06762859225273132
1351.0,3.5644666666666667,0.12609391291107386,0.002242682879133672,0.0,0.06773708760738373
1351.3333333333333,3.5672888888888887,0.12622797527228613,0.002242682879133672,0.0,0.06784440577030182
1351.6666666666667,3.5701111111111112,0.12636208879257538,0.002242682879133672,0.0,0.06795066595077515
1352.0,3.5729333333333333,0.12649612557424916,0.002242682879133672,0.0,0.06805594265460968
1352.3333333333333,3.5757555555555554,0.12663012398661522,0.002242682879133672,0.0,0.06816045939922333
1352.6666666666667,3.578577777777778,0.12676430145575068,0.002242682879133672,0.0,0.06826415657997131
1353.0,3.5814000000000004,0.12689827428857825,0.002242682879133672,0.0,0.06836719065904617
1353.3333333333335,3.5842222222222215,0.127032362229329,0.002242682879133672,0.0,0.06846993416547775
1353.6666666666665,3.5870444444444445,0.12716647574961826,0.002242682879133672,0.0,0.06857232004404068
1354.0,3.589866666666667,0.1273004997415228,0.002242682879133672,0.0,0.06867443025112152
1354.3333333333335,3.5926888888888895,0.12743454931296583,0.002242682879133672,0.0,0.06877660006284714
1354.6666666666667,3.5955111111111107,0.12756854772533188,0.002242682879133672,0.0,0.06887891888618469
1355.0,3.5983333333333336,0.12770261008654415,0.002242682879133672,0.0,0.06898157298564911
1355.3333333333333,3.601155555555556,0.12783659570914097,0.002165348986749752,0.0,0.06976701319217682
1355.6666666666667,3.6039777777777773,0.12797074759873794,0.002242682879133672,0.0,0.06919052451848984
1356.0,3.6068,0.128104746011104,0.002242682879133672,0.0,0.06930328905582428
1356.3333333333333,3.6096222222222227,0.12823885953139325,0.002242682879133672,0.0,0.06941674649715424
1356.6666666666667,3.6124444444444443,0.1283728835232978,0.002242682879133672,0.0,0.06953106075525284
1357.0,3.6152666666666664,0.12850697146404855,0.002242682879133672,0.0,0.06964626908302307
1357.3333333333335,3.618088888888889,0.1286410849843378,0.0023973506639015114,0.0,0.06848911941051483
1357.6666666666665,3.620911111111111,0.1287750961864731,0.0023973506639015114,0.0,0.06860186904668808
1358.0,3.623733333333333,0.1289091713374546,0.002474684556285431,0.0,0.06813430786132812
1358.3333333333333,3.6265555555555555,0.12904323369866688,0.002474684556285431,0.0,0.06824912130832672
1358.6666666666667,3.629377777777778,0.12917723211103294,0.0025520184486693505,0.0,0.06780865788459778
1359.0,3.6322,0.12931133284155294,0.0025520184486693505,0.0,0.06792236119508743
1359.3333333333333,3.635022222222222,0.12944535683345748,0.0025520184486693505,0.0,0.06803643703460693
1359.6666666666667,3.6378444444444447,0.1295794064049005,0.0025520184486693505,0.0,0.06815055757761002
1360.0,3.6406666666666663,0.1297134431865743,0.0025520184486693505,0.0,0.06826476752758026
1360.3333333333333,3.6434888888888888,0.12984758228640203,0.0025520184486693505,0.0,0.06837891042232513
1360.6666666666665,3.6463111111111113,0.12998161906807582,0.0025520184486693505,0.0,0.068492591381073
1361.0,3.649133333333333,0.13011560469067263,0.0025520184486693505,0.0,0.06860587745904922
1361.3333333333335,3.6519555555555554,0.13024967984165414,0.0025520184486693505,0.0,0.06871848553419113
1361.6666666666665,3.654777777777778,0.1303837677824049,0.0025520184486693505,0.0,0.06883025914430618
1362.0,3.6576000000000004,0.1305178685129249,0.00278402012582111,0.0,0.06736696511507034
1362.3333333333333,3.660422222222222,0.1306519692434449,0.00278402012582111,0.0,0.06747514009475708
1362.6666666666667,3.6632444444444445,0.13078592928650323,0.00278402012582111,0.0,0.06758221238851547
1363.0,3.666066666666667,0.130920017227254,0.00278402012582111,0.0,0.06768821179866791
1363.3333333333333,3.6688888888888886,0.13105405400892778,0.00278402012582111,0.0,0.06779290735721588
1363.6666666666667,3.671711111111111,0.13118802684175535,0.0028613540182050295,0.0,0.0674159899353981
1364.0,3.674533333333333,0.1313222298904293,0.0028613540182050295,0.0,0.0675191655755043
1364.3333333333333,3.6773555555555553,0.1314562410925646,0.0028613540182050295,0.0,0.06762116402387619
1364.6666666666665,3.6801777777777778,0.13159032903331536,0.003016021802972869,0.0,0.06682039797306061
1365.0,3.6830000000000003,0.13172436581498914,0.0030933556953567885,0.0,0.0665019154548645
1365.3333333333335,3.685822222222222,0.13185840259666293,0.0030933556953567885,0.0,0.06660360097885132
1365.6666666666667,3.6886444444444444,0.1319924393783367,0.0030933556953567885,0.0,0.06670452654361725
1366.0,3.691466666666667,0.13212652731908747,0.0030933556953567885,0.0,0.0668046697974205
1366.3333333333333,3.694288888888888,0.13226061525983823,0.0030933556953567885,0.0,0.06690416485071182
1366.6666666666667,3.697111111111111,0.13239462646197353,0.0031706895877407085,0.0,0.06658979505300522
1367.0,3.6999333333333335,0.1325286888231858,0.0031706895877407085,0.0,0.06668806821107864
1367.3333333333333,3.702755555555556,0.1326628151332443,0.0031706895877407085,0.0,0.06678596884012222
1367.6666666666667,3.705577777777777,0.13279678796607186,0.003248023480124628,0.0,0.06648342311382294
1368.0,3.7083999999999997,0.13293088869659186,0.003248023480124628,0.0,0.06658050417900085
1368.3333333333335,3.7112222222222226,0.1330650022168811,0.003248023480124628,0.0,0.06667739152908325
1368.6666666666665,3.714044444444444,0.13319897504970868,0.003248023480124628,0.0,0.0667741671204567
1369.0,3.7168666666666663,0.13333308856999793,0.003248023480124628,0.0,0.06687071174383163
1369.3333333333335,3.719688888888889,0.13346713814144096,0.003248023480124628,0.0,0.06696715205907822
1369.6666666666667,3.722511111111111,0.13360126445149945,0.003248023480124628,0.0,0.06706341356039047
1370.0,3.725333333333333,0.13373522449455777,0.003248023480124628,0.0,0.06715937703847885
1370.3333333333333,3.7281555555555554,0.13386922290692382,0.0031706895877407085,0.0,0.06767632812261581
1370.6666666666667,3.730977777777778,0.13400341316582853,0.0031706895877407085,0.0,0.06777508556842804
1371.0,3.7338,0.13413734762934837,0.0031706895877407085,0.0,0.0678732693195343
1371.3333333333333,3.736622222222222,0.13427146114963762,0.0031706895877407085,0.0,0.06797100603580475
1371.6666666666667,3.7394444444444446,0.1344054979313114,0.0031706895877407085,0.0,0.06806808710098267
1372.0,3.7422666666666666,0.1345395986618314,0.0031706895877407085,0.0,0.06816447526216507
1372.3333333333335,3.7450888888888887,0.1346736354435052,0.0031706895877407085,0.0,0.06826018542051315
1372.6666666666665,3.747911111111111,0.13480768501494822,0.0031706895877407085,0.0,0.06835512071847916
1373.0,3.750733333333333,0.13494178574546822,0.0031706895877407085,0.0,0.06844934821128845
1373.3333333333333,3.7535555555555558,0.13507579694760352,0.0031706895877407085,0.0,0.0685427337884903
1373.6666666666667,3.756377777777778,0.13520991046789277,0.003248023480124628,0.0,0.06819255650043488
1374.0,3.7591999999999994,0.1353439344597973,0.003248023480124628,0.0,0.06828582286834717
1374.3333333333333,3.762022222222222,0.13547803519031731,0.003248023480124628,0.0,0.06837846338748932
1374.6666666666667,3.7648444444444444,0.13561203360268337,0.003248023480124628,0.0,0.06847049295902252
1375.0,3.767666666666667,0.13574610875366488,0.003248023480124628,0.0,0.0685620903968811
1375.3333333333333,3.7704888888888886,0.1358801839046464,0.003248023480124628,0.0,0.06865332275629044
1375.6666666666665,3.773311111111111,0.13601420789655094,0.003248023480124628,0.0,0.06874412298202515
1376.0,3.7761333333333336,0.13614824467822473,0.003248023480124628,0.0,0.06883490830659866
1376.3333333333335,3.778955555555555,0.13628237098828322,0.003248023480124628,0.0,0.06892558187246323
1376.6666666666665,3.7817777777777777,0.13641634382111079,0.003248023480124628,0.0,0.06901630014181137
1377.0,3.7845999999999997,0.13655040618232306,0.003248023480124628,0.0,0.06910731643438339
1377.3333333333333,3.787422222222222,0.1366844301742276,0.003248023480124628,0.0,0.06919867545366287
1377.6666666666667,3.7902444444444443,0.13681858206382458,0.003248023480124628,0.0,0.06929045915603638
1378.0,3.793066666666667,0.1369526572148061,0.0033253573725085476,0.0,0.06893431395292282
1378.3333333333333,3.795888888888889,0.13708665562717215,0.0034026912648924676,0.0,0.06859587877988815
1378.6666666666667,3.798711111111111,0.13722073077815367,0.0034026912648924676,0.0,0.06868910044431686
1379.0,3.8015333333333334,0.13735476755982745,0.0034026912648924676,0.0,0.06878296285867691
1379.3333333333333,3.8043555555555555,0.1374888555005782,0.0034026912648924676,0.0,0.06887739151716232
1379.6666666666665,3.807177777777777,0.13762290507202124,0.0034026912648924676,0.0,0.06897246092557907
1380.0,3.81,0.13775692906392578,0.0034026912648924676,0.0,0.0690680667757988
1380.3333333333335,3.9468777777777775,0.14425878731572084,0.003557359049660307,0.0,0.0683344155550003
1380.6666666666667,4.083755555555556,0.15076056882890043,0.003557359049660307,0.0,0.06843326985836029
1381.0,4.220633333333334,0.1572624910295417,0.0036346929420442266,0.0,0.06813888996839523
1381.3333333333333,4.35751111111111,0.1637641830143366,0.0036346929420442266,0.0,0.0682387575507164
1381.6666666666667,4.4943888888888885,0.17026595173774695,0.0037120268344281466,0.0,0.06795714795589447
1382.0,4.631266666666667,0.176767809989542,0.0037120268344281466,0.0,0.06805752962827682
1382.3333333333333,4.768144444444444,0.18326951476410613,0.0037120268344281466,0.0,0.06815774738788605
1382.6666666666667,4.905022222222223,0.18977141138520892,0.0038666946191959857,0.0,0.06752830743789673
1383.0,5.041899999999999,0.196273218477927,0.0038666946191959857,0.0,0.06762773543596268
1383.3333333333335,5.178777777777778,0.20277480814456794,0.0038666946191959857,0.0,0.06772670894861221
1383.6666666666665,5.315655555555556,0.20927674313497846,0.0038666946191959857,0.0,0.06782489269971848
1384.0,5.452533333333333,0.21577847348908108,0.0038666946191959857,0.0,0.06792229413986206
1384.3333333333335,5.5894111111111116,0.22228025500226067,0.0038666946191959857,0.0,0.06801890581846237
1384.6666666666667,5.726288888888889,0.22878211325405573,0.0038666946191959857,0.0,0.06811452656984329
1385.0,5.863166666666667,0.2352839203467738,0.0038666946191959857,0.0,0.0682091936469078
1385.3333333333333,6.000044444444445,0.2990625603160879,0.0038666946191959857,0.0,0.06830289959907532
1385.6666666666667,6.136922222222223,0.36498277040664107,0.0038666946191959857,0.0,0.06839556992053986
1386.0,6.2738000000000005,0.4309031851335021,0.0038666946191959857,0.0,0.06848731637001038
1386.3333333333333,6.410677777777778,0.49682324174682435,0.0038666946191959857,0.0,0.06857813149690628
1386.6666666666667,6.547555555555555,0.5627433495192236,0.0038666946191959857,0.0,0.06866807490587234
1387.0,6.684433333333333,0.6286636107688537,0.004021362403963826,0.0,0.06803640723228455
1387.3333333333335,6.821311111111112,0.6945839743366378,0.004021362403963826,0.0,0.06812462955713272
1387.6666666666665,6.958188888888889,0.7605044913816528,0.004098696296347745,0.0,0.06786918640136719
1388.0,7.095066666666666,0.826424599154052,0.004098696296347745,0.0,0.0679570883512497
1388.3333333333333,7.231944444444444,0.8923446557673742,0.004098696296347745,0.0,0.06804455816745758
1388.6666666666667,7.3688222222222235,0.9582650704942353,0.004098696296347745,0.0,0.0681319385766983
1389.0,7.505700000000001,1.0241853829029424,0.004098696296347745,0.0,0.06821925938129425
1389.3333333333333,7.642577777777778,1.0901061045842653,0.004098696296347745,0.0,0.06830669939517975
1389.6666666666667,7.779455555555555,1.156025189175125,0.004098696296347745,0.0,0.06839440762996674
1390.0,7.916333333333334,1.2219465247653716,0.004098696296347745,0.0,0.06848255544900894
1390.3333333333333,8.053211111111112,1.2878648931291536,0.004098696296347745,0.0,0.0685710683465004
1390.6666666666665,8.190088888888889,1.3537862287194002,0.004098696296347745,0.0,0.0686601847410202
1391.0,8.326966666666666,1.419707461991493,0.004098696296347745,0.0,0.06874997913837433
1391.3333333333335,8.463844444444444,1.4856268535368145,0.004098696296347745,0.0,0.06884044408798218
1391.6666666666665,8.600722222222226,1.551548189127061,0.004253364081115585,0.0,0.0682448074221611
1392.0,8.737600000000002,1.6174676829905366,0.004253364081115585,0.0,0.06833591312170029
1392.3333333333333,8.874477777777779,1.6833877907629358,0.004253364081115585,0.0,0.06842787563800812
1392.6666666666667,9.011355555555555,1.7493085124442587,0.004253364081115585,0.0,0.06852058321237564
1393.0,9.148233333333334,1.8152275970351184,0.004253364081115585,0.0,0.06861398369073868
1393.3333333333333,9.285111111111112,1.8811485233527492,0.004330697973499504,0.0,0.0683741644024849
1393.6666666666667,9.42198888888889,1.9470686311251484,0.004330697973499504,0.0,0.06846772879362106
1394.0,9.558866666666667,2.012989557442779,0.004330697973499504,0.0,0.06856169551610947
1394.3333333333333,9.695744444444443,2.078908642033639,0.004330697973499504,0.0,0.06865616142749786
1394.6666666666665,9.832622222222222,2.1448299776238855,0.004408031865883424,0.0,0.06842224299907684
1395.0,9.969500000000002,2.210749676123669,0.004408031865883424,0.0,0.06851610541343689
1395.3333333333335,10.10637777777778,2.276670193168684,0.004408031865883424,0.0,0.0686100497841835
1395.6666666666667,10.243255555555557,2.3425896870321594,0.004408031865883424,0.0,0.06870392709970474
1396.0,10.380133333333333,2.408511431895022,0.004408031865883424,0.0,0.0687977597117424
1396.3333333333333,10.517011111111112,2.4744321535763447,0.004408031865883424,0.0,0.06889133155345917
1396.6666666666667,10.65388888888889,2.5403506242582807,0.004408031865883424,0.0,0.06898468732833862
1397.0,10.790766666666668,2.606272573757451,0.004408031865883424,0.0,0.06907763332128525
1397.3333333333333,10.927644444444445,2.672191453712003,0.004408031865883424,0.0,0.06917008757591248
1397.6666666666667,11.064522222222221,2.738111356848094,0.004408031865883424,0.0,0.0692620649933815
1398.0,11.201400000000001,2.8040355573466513,0.004408031865883424,0.0,0.06935352087020874
1398.3333333333335,11.338277777777778,2.8699521863018163,0.004408031865883424,0.0,0.0694444328546524
1398.6666666666665,11.475155555555558,2.935873112619447,0.004408031865883424,0.0,0.06953465938568115
1399.0,11.612033333333335,3.0017911740287673,0.004408031865883424,0.0,0.0696243941783905
1399.3333333333335,11.748911111111111,3.06771189571009,0.004408031865883424,0.0,0.06971364468336105
1399.6666666666667,11.885788888888891,3.133632617391413,0.004408031865883424,0.0,0.06980237364768982
1400.0,12.022666666666668,3.1995541576179676,0.004408031865883424,0.0,0.069890595972538
1400.3333333333333,12.159544444444446,3.265471605118364,0.004408031865883424,0.0,0.06997846812009811
1400.6666666666667,12.296422222222223,3.3313958056169213,0.004408031865883424,0.0,0.07006599009037018
1401.0,12.433300000000003,3.3973134577536257,0.004408031865883424,0.0,0.07015330344438553
1401.3333333333333,12.57017777777778,3.4632325423444854,0.004408031865883424,0.0,0.07024044543504715
1401.6666666666667,12.707055555555556,3.52915408257104,0.004485365758267344,0.0,0.06997840851545334
1402.0,12.843933333333336,3.5950731671618996,0.004640033543035183,0.0,0.06939910352230072
1402.3333333333335,12.980811111111112,3.6609963444789173,0.004640033543035183,0.0,0.06948685646057129
1402.6666666666665,13.117688888888893,3.726919112523319,0.004640033543035183,0.0,0.06957466155290604
1403.0,13.254566666666669,3.7928369692963315,0.004640033543035183,0.0,0.0696628987789154
1403.3333333333333,13.391444444444446,3.8587576909776544,0.004640033543035183,0.0,0.06975143402814865
1403.6666666666667,13.528322222222224,3.9246743199328193,0.004562699650651263,0.0,0.07017716765403748
1404.0,13.6652,3.9905950416141422,0.004562699650651263,0.0,0.07026876509189606
1404.3333333333333,13.80207777777778,4.056516172568081,0.004562699650651263,0.0,0.07036076486110687
1404.6666666666667,13.938955555555557,4.1224377127946354,0.004562699650651263,0.0,0.0704532042145729
1405.0,14.075833333333334,4.188356388112879,0.004562699650651263,0.0,0.07054627686738968
1405.3333333333333,14.212711111111112,4.254277109794202,0.004562699650651263,0.0,0.07063983380794525
1405.6666666666665,14.34958888888889,4.320199877838604,0.004562699650651263,0.0,0.07073377817869186
1406.0,14.48646666666667,4.386114051158074,0.004562699650651263,0.0,0.07082834094762802
1406.3333333333335,14.623344444444447,4.45203640992986,0.004562699650651263,0.0,0.0709233283996582
1406.6666666666665,14.760222222222223,4.517955903793336,0.004717367435419103,0.0,0.07032999396324158
1407.0,14.8971,4.583879490382969,0.004717367435419103,0.0,0.07042459398508072
1407.3333333333333,15.03397777777778,4.64979652861075,0.004717367435419103,0.0,0.07051946967840195
1407.6666666666667,15.170855555555558,4.71571847810992,0.004717367435419103,0.0,0.07061465084552765
1408.0,15.307733333333335,4.7816428832447855,0.004717367435419103,0.0,0.0707099661231041
1408.3333333333333,15.444611111111112,4.847559921472566,0.004717367435419103,0.0,0.07080540806055069
1408.6666666666667,15.581488888888888,4.9134818709717365,0.004717367435419103,0.0,0.07090091705322266
1409.0,15.71836666666667,4.979399318472133,0.004794701327803023,0.0,0.07065810263156891
1409.3333333333333,15.855244444444448,5.045323723606998,0.004794701327803023,0.0,0.07075344771146774
1409.6666666666665,15.992122222222225,5.111244445288321,0.004872035220186942,0.0,0.07051799446344376
1410.0,16.129,5.177159027880407,0.004872035220186942,0.0,0.07061221450567245
1410.3333333333335,16.265877777777778,5.243081795924809,0.004872035220186942,0.0,0.07070641964673996
1410.6666666666667,16.402755555555558,5.309002108333516,0.004949369112570862,0.0,0.07047578692436218
1411.0,16.539633333333335,5.374924876377918,0.004949369112570862,0.0,0.07056937366724014
1411.3333333333333,16.67651111111111,5.440838231152156,0.004949369112570862,0.0,0.07066278159618378
1411.6666666666667,16.81338888888889,5.506761408469174,0.004949369112570862,0.0,0.07075606286525726
1412.0,16.950266666666668,5.5726849950588075,0.004949369112570862,0.0,0.07084912061691284
1412.3333333333333,17.087144444444448,5.638602442559204,0.004949369112570862,0.0,0.07094213366508484
1412.6666666666667,17.224022222222224,5.704522345695295,0.004949369112570862,0.0,0.07103493809700012
1413.0,17.3609,5.770445523012313,0.004949369112570862,0.0,0.07112757861614227
1413.3333333333335,17.497777777777777,5.836365016875789,0.004949369112570862,0.0,0.07122015953063965
1413.6666666666665,17.634655555555554,5.902285329284496,0.004949369112570862,0.0,0.07131263613700867
1414.0,17.771533333333334,5.968204823147971,0.004949369112570862,0.0,0.07140494883060455
1414.3333333333335,17.908411111111114,6.034125135556678,0.004949369112570862,0.0,0.07149723917245865
1414.6666666666667,18.04528888888889,6.100044220147538,0.005026703004954782,0.0,0.07125774770975113
1415.0,18.18216666666667,6.165962895465782,0.005026703004954782,0.0,0.07134897261857986
1415.3333333333333,18.319044444444447,6.231890574781573,0.005104036897338701,0.0,0.07111532986164093
1415.6666666666667,18.455922222222227,6.29780802228197,0.005181370789722621,0.0,0.07088854908943176
1416.0,18.592800000000004,6.363726697600214,0.005181370789722621,0.0,0.07097753137350082
1416.3333333333333,18.72967777777778,6.429649465644616,0.005181370789722621,0.0,0.07106620818376541
1416.6666666666667,18.866555555555557,6.495567731690244,0.005104036897338701,0.0,0.07147552073001862
1417.0,19.003433333333334,6.5614868162811035,0.005104036897338701,0.0,0.07156559824943542
1417.3333333333335,19.140311111111114,6.6274042637815,0.005336038574490461,0.0,0.07071556895971298
1417.6666666666665,19.27718888888889,6.693323757644976,0.005336038574490461,0.0,0.07080647349357605
1418.0,19.414066666666667,6.759243660781067,0.005258704682106541,0.0,0.07120468467473984
1418.3333333333333,19.550944444444447,6.825160289736232,0.005258704682106541,0.0,0.07129709422588348
1418.6666666666667,19.687822222222223,6.891085922688944,0.005258704682106541,0.0,0.07138954848051071
1419.0,19.824700000000004,6.957011555641657,0.005258704682106541,0.0,0.07148189097642899
1419.3333333333333,19.96157777777778,7.022924910415895,0.005258704682106541,0.0,0.07157418876886368
1419.6666666666667,20.098455555555557,7.088847269187681,0.005258704682106541,0.0,0.07166639715433121
1420.0,20.235333333333333,7.154768809414236,0.005258704682106541,0.0,0.07175850868225098
1420.3333333333333,20.372211111111113,7.220687075459864,0.005336038574490461,0.0,0.07153432071208954
1420.6666666666665,20.50908888888889,7.286610252776882,0.00541337246687438,0.0,0.07131825387477875
1421.0,20.645966666666666,7.352522789005889,0.00541337246687438,0.0,0.0714101791381836
1421.3333333333335,20.782844444444446,7.418450877594296,0.00541337246687438,0.0,0.07150202989578247
1421.6666666666665,20.919722222222223,7.48437241782085,0.00541337246687438,0.0,0.0715937688946724
1422.0,21.056600000000003,7.550293958047405,0.0054907063592583,0.0,0.07138071954250336
1422.3333333333333,21.193477777777783,7.616215498273959,0.0054907063592583,0.0,0.07147205621004105
1422.6666666666667,21.33035555555556,7.6821296715934295,0.00556804025164222,0.0,0.07126427441835403
1423.0,21.467233333333336,7.748049574729521,0.00556804025164222,0.0,0.07135530561208725
1423.3333333333333,21.604111111111113,7.8139686593203805,0.005645374144026139,0.0,0.0711527168750763
1423.6666666666667,21.740988888888893,7.879889381001703,0.005645374144026139,0.0,0.07124267518520355
1424.0,21.87786666666667,7.945812558318721,0.005645374144026139,0.0,0.07133248448371887
1424.3333333333333,22.014744444444446,8.011725094547728,0.005645374144026139,0.0,0.07142208516597748
1424.6666666666665,22.151622222222223,8.077652364590904,0.005645374144026139,0.0,0.07151155918836594
1425.0,22.2885,8.143567356455605,0.005800041928793979,0.0,0.07102584838867188
1425.3333333333335,22.42537777777778,8.209486441046465,0.005800041928793979,0.0,0.07111392170190811
1425.6666666666667,22.56225555555556,8.275414529634872,0.005877375821177898,0.0,0.07092293351888657
1426.0,22.699133333333336,8.341331158590037,0.005877375821177898,0.0,0.07101020961999893
1426.3333333333333,22.836011111111112,8.407254335907055,0.005954709713561818,0.0,0.07082383334636688
1426.6666666666667,22.972888888888892,8.473172601952683,0.005954709713561818,0.0,0.07091056555509567
1427.0,23.10976666666667,8.539092505088774,0.005954709713561818,0.0,0.07099683582782745
1427.3333333333333,23.246644444444446,8.636453549115686,0.006032043605945738,0.0,0.07081251591444016
1427.6666666666667,23.383522222222222,8.771067405177746,0.006032043605945738,0.0,0.07089706510305405
1428.0,23.5204,8.90569353941828,0.006186711390713577,0.0,0.07045749574899673
1428.3333333333335,23.657277777777782,9.040298391482793,0.006186711390713577,0.0,0.0705413669347763
1428.6666666666665,23.79415555555556,9.174925344268559,0.006186711390713577,0.0,0.07062463462352753
1429.0,23.93103333333334,9.309531014878303,0.006186711390713577,0.0,0.0707072764635086
1429.3333333333335,24.067911111111115,9.444153056392679,0.006186711390713577,0.0,0.07078929245471954
1429.6666666666667,24.204788888888892,9.578778372087982,0.006186711390713577,0.0,0.07087063789367676
1430.0,24.341666666666672,9.713389772514347,0.006186711390713577,0.0,0.07095133513212204
1430.3333333333333,24.47854444444445,9.84800526566687,0.006264045283097497,0.0,0.07077240943908691
1430.6666666666667,24.615422222222225,9.982633036997868,0.006264045283097497,0.0,0.07085184752941132
1431.0,24.7523,10.11724280033377,0.006264045283097497,0.0,0.07093076407909393
1431.3333333333333,24.88917777777778,10.251858293486293,0.006264045283097497,0.0,0.07100914418697357
1431.6666666666667,25.02605555555556,10.38647542372928,0.006264045283097497,0.0,0.07108709216117859
1432.0,25.162933333333335,10.521096646698425,0.006264045283097497,0.0,0.07116465270519257
1432.3333333333335,25.29981111111111,10.655712139850948,0.006264045283097497,0.0,0.07124192267656326
1432.6666666666665,25.43668888888889,10.790323540277313,0.006264045283097497,0.0,0.07131890207529068
1433.0,25.57356666666667,10.924944763246458,0.006264045283097497,0.0,0.07139573246240616
1433.3333333333333,25.710444444444448,11.059568441851297,0.006186711390713577,0.0,0.07174106687307358
1433.6666666666667,25.847322222222225,11.194174931006273,0.006186711390713577,0.0,0.07181936502456665
1434.0,25.9842,11.328793698339723,0.006264045283097497,0.0,0.0716274082660675
1434.3333333333333,26.121077777777778,11.463418195489794,0.006341379175481417,0.0,0.07144098728895187
1434.6666666666667,26.257955555555558,11.598038599913707,0.006341379175481417,0.0,0.07151878625154495
1435.0,26.394833333333334,11.732651637430536,0.006418713067865336,0.0,0.07133660465478897
1435.3333333333333,26.531711111111115,11.867270404763985,0.006496046960249256,0.0,0.07116242498159409
1435.6666666666665,26.66858888888889,12.00188098664512,0.006496046960249256,0.0,0.07124302536249161
1436.0,26.80546666666667,12.136502209614264,0.006728048637401015,0.0,0.07058905065059662
1436.3333333333335,26.94234444444445,12.271123432583408,0.006728048637401015,0.0,0.07067199051380157
1436.6666666666665,27.079222222222228,12.405745474097785,0.006728048637401015,0.0,0.0707552507519722
1437.0,27.216100000000004,12.540345414890908,0.006805382529784935,0.0,0.07060202956199646
1437.3333333333333,27.35297777777778,12.674969093495747,0.006882716422168855,0.0,0.07045389711856842
1437.6666666666667,27.48985555555556,12.809595227736281,0.006960050314552774,0.0,0.07031000405550003
1438.0,27.62673333333334,12.944199261255562,0.006960050314552774,0.0,0.07039393484592438
1438.3333333333333,27.763611111111114,13.078831125312718,0.006960050314552774,0.0,0.0704781711101532
1438.6666666666667,27.900488888888894,13.213441707193851,0.006960050314552774,0.0,0.07056266814470291
1439.0,28.037366666666667,13.348053926165449,0.006960050314552774,0.0,0.07064736634492874
1439.3333333333333,28.174244444444447,13.482680878951214,0.006960050314552774,0.0,0.0707322508096695
1439.6666666666665,28.311122222222227,13.617289823741885,0.006960050314552774,0.0,0.07081726938486099
1440.0,28.448000000000004,13.75191677652765,0.006960050314552774,0.0,0.07090235501527786
1440.3333333333335,28.385911111111117,13.69085002806969,0.006960050314552774,0.0,0.07098750025033951
1440.6666666666667,28.323822222222226,13.629791465064045,0.006960050314552774,0.0,0.07107264548540115
1441.0,28.261733333333336,13.568721442425158,0.007269385884088453,0.0,0.07025913894176483
1441.3333333333333,28.199644444444445,13.507653875421965,0.007269385884088453,0.0,0.07034361362457275
1441.6666666666667,28.137555555555558,13.44659531241632,0.007269385884088453,0.0,0.0704280287027359
1442.0,28.075466666666667,13.385531019594055,0.007269385884088453,0.0,0.07051234692335129
1442.3333333333333,28.013377777777784,13.324469182407483,0.007346719776472373,0.0,0.07037989795207977
1442.6666666666667,27.951288888888893,13.263402433949523,0.007424053668856293,0.0,0.0702517032623291
1443.0,27.889200000000002,13.202331592765404,0.007424053668856293,0.0,0.07033585011959076
1443.3333333333335,27.827111111111115,13.141266481397906,0.007656055346008052,0.0,0.06980317831039429
1443.6666666666665,27.765022222222225,13.080209555482725,0.007656055346008052,0.0,0.06988848745822906
1444.0,27.702933333333334,13.0191411699343,0.007733389238391971,0.0,0.06977412849664688
1444.3333333333335,27.64084444444445,12.958087518200045,0.007810723130775891,0.0,0.06966245174407959
1444.6666666666667,27.578755555555556,12.897028136649169,0.007810723130775891,0.0,0.06974664330482483
1445.0,27.516666666666673,12.835966299462598,0.007810723130775891,0.0,0.06983089447021484
1445.3333333333333,27.454577777777786,12.774900369549869,0.007810723130775891,0.0,0.06991526484489441
1445.6666666666667,27.39248888888889,12.713826254184823,0.007810723130775891,0.0,0.0699997991323471
1446.0,27.330400000000004,12.65276850972441,0.007810723130775891,0.0,0.07008454203605652
1446.3333333333333,27.268311111111114,12.591703398356913,0.007810723130775891,0.0,0.07016953080892563
1446.6666666666667,27.206222222222227,12.530648109532194,0.007810723130775891,0.0,0.07025479525327682
1447.0,27.144133333333333,12.469578086893307,0.007810723130775891,0.0,0.07034038007259369
1447.3333333333335,27.08204444444445,12.40850806425442,0.007810723130775891,0.0,0.0704263299703598
1447.6666666666665,27.01995555555556,12.347440497251227,0.007888057023159811,0.0,0.07031159102916718
1448.0,26.95786666666667,12.286383571336046,0.00796539091554373,0.0,0.07020103931427002
1448.3333333333333,26.89577777777778,12.225321734149475,0.00796539091554373,0.0,0.07028839737176895
1448.6666666666667,26.83368888888889,12.164261534053367,0.00796539091554373,0.0,0.0703761950135231
1449.0,26.771600000000007,12.10320215250249,0.00812005870031157,0.0,0.07007533311843872
1449.3333333333333,26.709511111111116,12.042139496770687,0.00812005870031157,0.0,0.0701642632484436
1449.6666666666667,26.64742222222223,11.98106456286041,0.00812005870031157,0.0,0.07025357335805893
1450.0,26.585333333333335,11.920005999854766,0.00819739259269549,0.0,0.07015147060155869
1450.3333333333333,26.523244444444448,11.858948255394353,0.008429394269847248,0.0,0.06968466937541962
1450.6666666666665,26.461155555555557,11.797873321484076,0.008429394269847248,0.0,0.06977508962154388
1451.0,26.39906666666667,11.73681966974982,0.008429394269847248,0.0,0.06986576318740845
1451.3333333333335,26.33697777777778,11.675743917294312,0.008584062054615088,0.0,0.06959741562604904
1451.6666666666665,26.274888888888892,11.614682080107741,0.008584062054615088,0.0,0.06968776136636734
1452.0,26.212800000000005,11.55361533164978,0.008661395946999008,0.0,0.06960167735815048
1452.3333333333333,26.150711111111114,11.492560042825062,0.008816063731766847,0.0,0.06934609264135361
1452.6666666666667,26.088622222222227,11.43150311690988,0.008893397624150767,0.0,0.06926582008600235
1453.0,26.026533333333337,11.37043145718053,0.008893397624150767,0.0,0.06935444474220276
1453.3333333333333,25.96444444444445,11.309372075629653,0.008893397624150767,0.0,0.06944293528795242
1453.6666666666667,25.90235555555556,11.248307782807387,0.008970731516534687,0.0,0.06936295330524445
1454.0,25.840266666666672,11.187245127075585,0.009048065408918607,0.0,0.06928475946187973
1454.3333333333333,25.77817777777778,11.12618656406994,0.009202733193686446,0.0,0.069046750664711
1454.6666666666665,25.71608888888889,11.065119815611979,0.009202733193686446,0.0,0.06913392245769501
1455.0,25.654000000000003,11.00405879697064,0.009202733193686446,0.0,0.06922082602977753
1455.3333333333335,25.591911111111116,10.942995322693605,0.009280067086070366,0.0,0.06914684176445007
1455.6666666666667,25.529822222222226,10.88192611859995,0.009280067086070366,0.0,0.06923304498195648
1456.0,25.467733333333335,10.820859370141989,0.009280067086070366,0.0,0.06931907683610916
1456.3333333333333,25.405644444444448,10.759789347503101,0.009280067086070366,0.0,0.06940493732690811
1456.6666666666667,25.343555555555557,10.69872751031653,0.009280067086070366,0.0,0.06949066370725632
1457.0,25.281466666666674,10.637670584401349,0.009280067086070366,0.0,0.06957630813121796
1457.3333333333333,25.21937777777778,10.576605473033851,0.009280067086070366,0.0,0.06966186314821243
1457.6666666666667,25.157288888888893,10.515545272937743,0.009280067086070366,0.0,0.0697474330663681
1458.0,25.095200000000006,10.454481798660709,0.009357400978454286,0.0,0.06966934353113174
1458.3333333333335,25.033111111111115,10.393416687293211,0.009357400978454286,0.0,0.06975454837083817
1458.6666666666665,24.971022222222224,10.33235485010664,0.009434734870838206,0.0,0.06967754662036896
1459.0,24.908933333333334,10.271294650010532,0.009434734870838206,0.0,0.06976280361413956
1459.3333333333335,24.84684444444445,10.210235268459655,0.009434734870838206,0.0,0.0698482096195221
1459.6666666666667,24.78475555555556,10.14917097563739,0.009434734870838206,0.0,0.06993381679058075
1460.0,24.72266666666667,10.088112412631745,0.009434734870838206,0.0,0.0700196623802185
1460.3333333333333,24.660577777777778,10.0270382972667,0.009434734870838206,0.0,0.07010572403669357
1460.6666666666667,24.59848888888889,9.965966637537349,0.009512068763222125,0.0,0.07002823799848557
1461.0,24.536400000000008,9.904901526169851,0.009512068763222125,0.0,0.07011481374502182
1461.3333333333333,24.474311111111117,9.843841326073743,0.009512068763222125,0.0,0.07020155340433121
1461.6666666666667,24.412222222222226,9.782782763068099,0.009512068763222125,0.0,0.07028848677873611
1462.0,24.350133333333336,9.721715196064906,0.009589402655606045,0.0,0.07021155953407288
1462.3333333333335,24.28804444444445,9.660657451604493,0.009666736547989965,0.0,0.07013732194900513
1462.6666666666665,24.225955555555558,9.599592340236995,0.009898738225141724,0.0,0.06975169479846954
1463.0,24.163866666666667,9.538526410324266,0.009976072117525643,0.0,0.0696854293346405
1463.3333333333333,24.10177777777778,9.477469484409085,0.009976072117525643,0.0,0.06977236270904541
1463.6666666666667,24.039688888888893,9.416404373041587,0.009976072117525643,0.0,0.06985919177532196
1464.0,23.977600000000006,9.355343354400247,0.009976072117525643,0.0,0.06994584202766418
1464.3333333333333,23.915511111111115,9.294276605942287,0.009976072117525643,0.0,0.0700322687625885
1464.6666666666667,23.853422222222225,9.233205764758168,0.009976072117525643,0.0,0.07011840492486954
1465.0,23.791333333333338,9.172144746116828,0.009976072117525643,0.0,0.0702042281627655
1465.3333333333333,23.72924444444445,9.111082908930257,0.009976072117525643,0.0,0.07028967142105103
1465.6666666666665,23.66715555555556,9.050022708834149,0.009976072117525643,0.0,0.07037470489740372
1466.0,23.60506666666667,8.98896169019281,0.010208073794677402,0.0,0.06999533623456955
1466.3333333333335,23.54297777777778,8.927889211918227,0.010208073794677402,0.0,0.07007964700460434
1466.6666666666665,23.48088888888889,8.866830648912583,0.010208073794677402,0.0,0.07016351073980331
1467.0,23.418800000000005,8.805765537545085,0.010208073794677402,0.0,0.07024691253900528
1467.3333333333333,23.356711111111114,8.744698789087124,0.010208073794677402,0.0,0.0703299343585968
1467.6666666666667,23.294622222222227,8.68364022608148,0.010208073794677402,0.0,0.07041256129741669
1468.0,23.232533333333336,8.622580844530603,0.010285407687061323,0.0,0.07034075260162354
1468.3333333333333,23.17044444444445,8.568316206947202,0.010285407687061323,0.0,0.07042275369167328
1468.6666666666667,23.10835555555556,8.538416386727476,0.010285407687061323,0.0,0.07050447165966034
1469.0,23.04626666666667,8.508511655236362,0.010285407687061323,0.0,0.0705859586596489
1469.3333333333333,22.98417777777778,8.47860364956432,0.010285407687061323,0.0,0.0706673264503479
1469.6666666666665,22.922088888888894,8.448710377706448,0.010285407687061323,0.0,0.07074861228466034
1470.0,22.860000000000007,8.418805646215333,0.010285407687061323,0.0,0.07082986831665039
1470.3333333333335,22.797911111111112,8.388905007450376,0.010285407687061323,0.0,0.07091117650270462
1470.6666666666667,22.735822222222225,8.359002731594956,0.010285407687061323,0.0,0.0709926038980484
1471.0,22.673733333333335,8.329100455739535,0.010362741579445242,0.0,0.07091714441776276
1471.3333333333333,22.61164444444445,8.299198998429347,0.01044007547182916,0.0,0.0708436369895935
1471.6666666666667,22.54955555555556,8.269295904028695,0.01044007547182916,0.0,0.07092587649822235
1472.0,22.48746666666667,8.239393628173275,0.01044007547182916,0.0,0.07100840657949448
1472.3333333333333,22.42537777777778,8.209486441046465,0.010517409364213082,0.0,0.07093699276447296
1472.6666666666667,22.363288888888892,8.179589076462435,0.010517409364213082,0.0,0.07102055847644806
1473.0,22.301200000000005,8.149687619152246,0.010517409364213082,0.0,0.07110452651977539
1473.3333333333335,22.239111111111114,8.119783706206363,0.010594743256597,0.0,0.0710342526435852
1473.6666666666665,22.177022222222227,8.089883885986637,0.010594743256597,0.0,0.07111857831478119
1474.0,22.114933333333337,8.059986521402607,0.010594743256597,0.0,0.07120325416326523
1474.3333333333335,22.05284444444445,8.030076878640102,0.010594743256597,0.0,0.07128830254077911
1474.6666666666667,21.990755555555555,8.000177058420377,0.010672077148980922,0.0,0.0712193176150322
1475.0,21.92866666666667,7.9702731454744935,0.01082674493374876,0.0,0.07100141048431396
1475.3333333333333,21.86657777777778,7.940378236526158,0.01082674493374876,0.0,0.07108718901872635
1475.6666666666667,21.804488888888894,7.910468593763653,0.01082674493374876,0.0,0.07117315381765366
1476.0,21.742400000000007,7.880572866270086,0.01082674493374876,0.0,0.07125924527645111
1476.3333333333333,21.680311111111113,7.850674683140824,0.01082674493374876,0.0,0.07134541124105453
1476.6666666666667,21.618222222222226,7.8207683145592455,0.01090407882613268,0.0,0.07127972692251205
1477.0,21.55613333333334,7.790858671796741,0.0109814127185166,0.0,0.07121573388576508
1477.3333333333335,21.494044444444448,7.760963762848405,0.0109814127185166,0.0,0.07130157947540283
1477.6666666666665,21.431955555555557,7.731058212812059,0.0109814127185166,0.0,0.07138729095458984
1478.0,21.36986666666667,7.701153481320944,0.011058746610900519,0.0,0.07132285833358765
1478.3333333333333,21.30777777777778,7.671253661101218,0.011058746610900519,0.0,0.07140780240297318
1478.6666666666667,21.245688888888896,7.641355477971956,0.011058746610900519,0.0,0.07149253785610199
1479.0,21.183600000000006,7.611452383571304,0.01113608050328444,0.0,0.07142719626426697
1479.3333333333333,21.121511111111115,7.581551744806347,0.011213414395668359,0.0,0.07136345654726028
1479.6666666666667,21.059422222222228,7.551644557679538,0.011213414395668359,0.0,0.07144723832607269
1480.0,20.997333333333337,7.52174883018597,0.011290748288052278,0.0,0.07138394564390182
1480.3333333333333,20.93524444444445,7.491843280149624,0.011290748288052278,0.0,0.0714673176407814
1480.6666666666665,20.873155555555556,7.461943459929898,0.011290748288052278,0.0,0.07155045121908188
1481.0,20.811066666666672,7.432047732436331,0.011368082180436199,0.0,0.07148628681898117
1481.3333333333335,20.748977777777778,7.402140545309521,0.011445416072820118,0.0,0.07142335176467896
1481.6666666666665,20.686888888888895,7.372238269454101,0.011445416072820118,0.0,0.07150544226169586
1482.0,20.6248,7.3423368121439125,0.011445416072820118,0.0,0.0715874582529068
1482.3333333333333,20.562711111111113,7.312427169381408,0.011522749965204037,0.0,0.07152446359395981
1482.6666666666667,20.50062222222223,7.282528167706914,0.011522749965204037,0.0,0.07160646468400955
1483.0,20.438533333333336,7.252630803122884,0.011600083857587958,0.0,0.07154407352209091
1483.3333333333333,20.376444444444452,7.222729345812695,0.011600083857587958,0.0,0.07162591814994812
1483.6666666666667,20.314355555555558,7.19282952559297,0.011600083857587958,0.0,0.07170788943767548
1484.0,20.25226666666667,7.162923157011392,0.011600083857587958,0.0,0.07179000973701477
1484.3333333333333,20.19017777777778,7.133020881155971,0.011832085534739717,0.0,0.07144501805305481
1484.6666666666665,20.128088888888893,7.103126790752867,0.011832085534739717,0.0,0.07152814418077469
1485.0,20.066000000000003,7.073225333442679,0.011909419427123636,0.0,0.0714711993932724
1485.3333333333335,20.003911111111112,7.043316509225406,0.012064087211891476,0.0,0.07127852737903595
1485.6666666666667,19.94182222222223,7.013411777734291,0.012064087211891476,0.0,0.0713617280125618
1486.0,19.879733333333338,6.983513594605029,0.012141421104275395,0.0,0.07130900025367737
1486.3333333333333,19.817644444444447,6.953610500204377,0.012141421104275395,0.0,0.0713927298784256
1486.6666666666667,19.75555555555556,6.92370495016803,0.012141421104275395,0.0,0.07147672027349472
1487.0,19.69346666666667,6.893805948493537,0.012141421104275395,0.0,0.07156096398830414
1487.3333333333333,19.631377777777782,6.86390530972858,0.012218754996659316,0.0,0.07150851935148239
1487.6666666666667,19.569288888888895,6.833997713329154,0.012218754996659316,0.0,0.07159285247325897
1488.0,19.5072,6.8041064878343605,0.012218754996659316,0.0,0.0716773271560669
1488.3333333333335,19.445111111111114,6.774196026526624,0.012218754996659316,0.0,0.07176194339990616
1488.6666666666665,19.383022222222227,6.744301526850904,0.012218754996659316,0.0,0.07184659689664841
1489.0,19.32093333333334,6.714400069540716,0.012218754996659316,0.0,0.07193129509687424
1489.3333333333335,19.258844444444446,6.684495747322217,0.012218754996659316,0.0,0.07201597094535828
1489.6666666666667,19.19675555555556,6.654592243648949,0.012296088889043235,0.0,0.07196217775344849
1490.0,19.13466666666667,6.624687512157834,0.012528090566194994,0.0,0.07163986563682556
1490.3333333333333,19.07257777777778,6.59478851048334,0.012528090566194994,0.0,0.07172420620918274
1490.6666666666667,19.010488888888897,6.564884188264841,0.012682758350962834,0.0,0.07154257595539093
1491.0,18.948400000000003,6.534982321682037,0.012682758350962834,0.0,0.07162579149007797
1491.3333333333333,18.886311111111116,6.505080864371848,0.012682758350962834,0.0,0.07170866429805756
1491.6666666666667,18.82422222222223,6.475180225606891,0.012682758350962834,0.0,0.07179118692874908
1492.0,18.762133333333338,6.445274266297929,0.012760092243346753,0.0,0.07174087315797806
1492.3333333333335,18.700044444444448,6.415376901713898,0.012837426135730672,0.0,0.07169093191623688
1492.6666666666665,18.637955555555557,6.3854701238597045,0.012914760028114593,0.0,0.07164132595062256
1493.0,18.575866666666673,6.3555715314578265,0.012914760028114593,0.0,0.07172132283449173
1493.3333333333333,18.51377777777778,6.325663525785785,0.012914760028114593,0.0,0.07180097699165344
1493.6666666666667,18.451688888888892,6.295775165199302,0.013224095597650271,0.0,0.07136962562799454
1494.0,18.3896,6.265864703891566,0.01330142949003419,0.0,0.07132366299629211
1494.3333333333333,18.327511111111114,6.2359632465813775,0.01330142949003419,0.0,0.07140190899372101
1494.6666666666667,18.265422222222227,6.206056059454568,0.01330142949003419,0.0,0.07147996127605438
1495.0,18.203333333333337,6.176156648507458,0.01330142949003419,0.0,0.07155787944793701
1495.3333333333333,18.14124444444445,6.146257237560349,0.01330142949003419,0.0,0.07163573056459427
1495.6666666666665,18.07915555555556,6.116351278251386,0.01330142949003419,0.0,0.07171355932950974
1496.0,18.017066666666672,6.0864543229399715,0.01345609727480203,0.0,0.07154221832752228
1496.3333333333335,17.95497777777778,6.05654631726793,0.01361076505956987,0.0,0.07137605547904968
1496.6666666666665,17.89288888888889,6.026647315593436,0.01368809895195379,0.0,0.07133418321609497
1497.0,17.830800000000004,5.996747495373711,0.01368809895195379,0.0,0.07141347974538803
1497.3333333333333,17.768711111111113,5.966843173155212,0.01368809895195379,0.0,0.0714932456612587
1497.6666666666667,17.70662222222223,5.936946217843797,0.01376543284433771,0.0,0.07145220786333084
1498.0,17.64453333333334,5.907045169806224,0.01384276673672163,0.0,0.07141227275133133
1498.3333333333333,17.582444444444448,5.877138801224646,0.01384276673672163,0.0,0.07149253040552139
1498.6666666666667,17.52035555555556,5.847238162459689,0.01384276673672163,0.0,0.0715729370713234
1499.0,17.45826666666667,5.81733384024119,0.01384276673672163,0.0,0.07165344804525375
1499.3333333333333,17.396177777777783,5.787431973658386,0.01384276673672163,0.0,0.07173408567905426
1499.6666666666665,17.334088888888893,5.757528879257734,0.013920100629105548,0.0,0.07169357687234879
1500.0,17.272000000000002,5.727627831220161,0.014074768413873388,0.0,0.07153535634279251
1500.3333333333335,17.26917777777778,5.726272320316639,0.014074768413873388,0.0,0.07161596417427063
1500.6666666666667,17.26635555555556,5.724907805415569,0.014074768413873388,0.0,0.07169653475284576
1501.0,17.26353333333334,5.723553522329894,0.014306770091025147,0.0,0.0714242234826088
1501.3333333333333,17.260711111111114,5.722190235246671,0.014384103983409066,0.0,0.07138887047767639
1501.6666666666667,17.257888888888896,5.72083267798007,0.014384103983409066,0.0,0.07146859914064407
1502.0,17.255066666666668,5.7194759392587,0.014461437875792987,0.0,0.07143335044384003
1502.3333333333333,17.252244444444447,5.718120019082562,0.014538771768176906,0.0,0.07139859348535538
1502.6666666666667,17.249422222222226,5.716754276363645,0.015002775122480425,0.0,0.07081514596939087
1503.0,17.246600000000004,5.715393035643501,0.015080109014864345,0.0,0.07078836113214493
1503.3333333333335,17.243777777777783,5.714037115467363,0.015157442907248264,0.0,0.07076168805360794
1503.6666666666665,17.24095555555556,5.7126820138364565,0.015157442907248264,0.0,0.07084112614393234
1504.0,17.23813333333334,5.711319954571081,0.015157442907248264,0.0,0.07092036306858063
1504.3333333333335,17.235311111111113,5.709960350941401,0.015157442907248264,0.0,0.07099933922290802
1504.6666666666667,17.23248888888889,5.708602384402184,0.015234776799632184,0.0,0.0709713026881218
1505.0,17.22966666666667,5.707240325136809,0.015234776799632184,0.0,0.07104971259832382
1505.3333333333333,17.22684444444445,5.705883177142823,0.015312110692016104,0.0,0.07102151960134506
1505.6666666666667,17.224022222222224,5.704522345695295,0.015312110692016104,0.0,0.07109971344470978
1506.0,17.221200000000007,5.703161104975152,0.015544112369167863,0.0,0.0708623081445694
1506.3333333333333,17.21837777777778,5.701806412616861,0.015544112369167863,0.0,0.07094019651412964
1506.6666666666667,17.215555555555557,5.700447627532412,0.015544112369167863,0.0,0.07101807743310928
1507.0,17.212733333333336,5.699081884813495,0.015544112369167863,0.0,0.07109596580266953
1507.3333333333335,17.209911111111115,5.69772760172782,0.015621446261551783,0.0,0.0710691511631012
1507.6666666666665,17.20708888888889,5.696365542462445,0.015621446261551783,0.0,0.07114710658788681
1508.0,17.204266666666673,5.695010850104154,0.015698780153935703,0.0,0.07112081348896027
1508.3333333333333,17.20144444444445,5.693643879567389,0.015776114046319623,0.0,0.07109520584344864
1508.6666666666667,17.198622222222223,5.692291642844793,0.01585344793870354,0.0,0.07107030600309372
1509.0,17.195800000000006,5.690933676305576,0.01585344793870354,0.0,0.07114855945110321
1509.3333333333333,17.19297777777778,5.689576528311591,0.01585344793870354,0.0,0.07122690230607986
1509.6666666666667,17.19015555555556,5.6882103763200575,0.01600811572347138,0.0,0.07110019028186798
1510.0,17.18733333333334,5.686852819053456,0.01616278350823922,0.0,0.0709768533706665
1510.3333333333333,17.184511111111117,5.685494033969007,0.01624011740062314,0.0,0.07095573842525482
1510.6666666666665,17.18168888888889,5.684138113792869,0.01631745129300706,0.0,0.07093503326177597
1511.0,17.178866666666668,5.682774008164415,0.01639478518539098,0.0,0.0709148645401001
1511.3333333333335,17.176044444444447,5.681417678715661,0.016472119077774898,0.0,0.07089537382125854
1511.6666666666665,17.173222222222225,5.680056028722902,0.01654945297015882,0.0,0.07087630033493042
1512.0,17.1704,5.678696015820606,0.016936122432078416,0.0,0.07047709077596664
1512.3333333333333,17.167577777777783,5.677339277099236,0.01701345632446234,0.0,0.07046250253915787
1512.6666666666667,17.16475555555556,5.675975990016013,0.017090790216846258,0.0,0.07044828683137894
1513.0,17.161933333333334,5.674618023476796,0.017090790216846258,0.0,0.07052654772996902
1513.3333333333333,17.159111111111116,5.673260875482811,0.017090790216846258,0.0,0.07060468941926956
1513.6666666666667,17.15628888888889,5.671907820214983,0.017168124109230177,0.0,0.07058987021446228
1514.0,17.15346666666667,5.670547807312687,0.017245458001614096,0.0,0.07057543843984604
1514.3333333333333,17.15064444444445,5.669185338774696,0.017322791893998015,0.0,0.07056152075529099
1514.6666666666665,17.147822222222228,5.667828600053326,0.017322791893998015,0.0,0.07063943892717361
1515.0,17.145,5.666462038789177,0.017400125786381938,0.0,0.0706254243850708
1515.3333333333335,17.142177777777782,5.665110211339197,0.017477459678765857,0.0,0.0706118792295456
1515.6666666666667,17.139355555555557,5.663748152073822,0.017709461355917614,0.0,0.0704188197851181
1516.0,17.136533333333336,5.662388139171526,0.017709461355917614,0.0,0.07049651443958282
1516.3333333333333,17.133711111111115,5.66102812626923,0.017786795248301533,0.0,0.07048485428094864
1516.6666666666667,17.130888888888894,5.659677526637097,0.017864129140685456,0.0,0.07047376036643982
1517.0,17.128066666666665,5.658310146827716,0.017941463033069375,0.0,0.07046292722225189
1517.3333333333333,17.125244444444444,5.6569456319266465,0.018405466387372893,0.0,0.07002376765012741
1517.6666666666667,17.122422222222227,5.655594623021898,0.018482800279756812,0.0,0.07001717388629913
1518.0,17.119600000000002,5.6542309266660595,0.01863746806452465,0.0,0.06992781907320023
1518.3333333333335,17.11677777777778,5.652878280670848,0.01886946974167641,0.0,0.06975908577442169
1518.6666666666665,17.11395555555556,5.65151744922332,0.01894680363406033,0.0,0.06975497305393219
1519.0,17.11113333333334,5.650156617775792,0.01894680363406033,0.0,0.06983166933059692
1519.3333333333335,17.10831111111111,5.6488019254175015,0.01902413752644425,0.0,0.06982751935720444
1519.6666666666667,17.105488888888893,5.6474415032425895,0.01910147141882817,0.0,0.06982355564832687
1520.0,17.102666666666668,5.646077806886751,0.01910147141882817,0.0,0.0699000135064125
1520.3333333333333,17.099844444444447,5.644717384711839,0.01910147141882817,0.0,0.06997644901275635
1520.6666666666667,17.097022222222225,5.643356143991696,0.01917880531121209,0.0,0.0699722021818161
1521.0,17.094200000000004,5.642001451633405,0.01925613920359601,0.0,0.06996835023164749
1521.3333333333333,17.091377777777776,5.640640620185877,0.01925613920359601,0.0,0.07004469633102417
1521.6666666666667,17.08855555555556,5.639280607283581,0.01925613920359601,0.0,0.07012102007865906
1522.0,17.085733333333334,5.637919775836053,0.01925613920359601,0.0,0.07019730657339096
1522.3333333333335,17.082911111111112,5.636564674205147,0.01933347309597993,0.0,0.07019247859716415
1522.6666666666665,17.080088888888895,5.635205889120698,0.01933347309597993,0.0,0.07026854157447815
1523.0,17.07726666666667,5.633852015307639,0.01933347309597993,0.0,0.07034455239772797
1523.3333333333333,17.07444444444445,5.632487091133953,0.01933347309597993,0.0,0.07042050361633301
1523.6666666666667,17.07162222222222,5.631126259686425,0.01941080698836385,0.0,0.07041478157043457
1524.0,17.068800000000003,5.629767065329361,0.019874810342667366,0.0,0.07001321762800217
1524.3333333333333,17.06597777777778,5.628410735880607,0.019874810342667366,0.0,0.07008892297744751
1524.6666666666667,17.063155555555557,5.6270490858878475,0.019874810342667366,0.0,0.07016459852457047
1525.0,17.060333333333336,5.625689072985551,0.019952144235051286,0.0,0.07016205787658691
1525.3333333333333,17.057511111111115,5.624329469355871,0.019952144235051286,0.0,0.07023798674345016
1525.6666666666665,17.054688888888887,5.622970684271422,0.019952144235051286,0.0,0.07031384855508804
1526.0,17.05186666666667,5.621612717732205,0.019952144235051286,0.0,0.07038965076208115
1526.3333333333335,17.049044444444444,5.6202555697382195,0.020029478127435208,0.0,0.07038657367229462
1526.6666666666665,17.046222222222223,5.618895556835923,0.020106812019819127,0.0,0.07038354128599167
1527.0,17.043400000000005,5.61753718102409,0.020106812019819127,0.0,0.07045886665582657
1527.3333333333333,17.04057777777778,5.616173484668252,0.020184145912203046,0.0,0.07045560330152512
1527.6666666666667,17.03775555555556,5.614817155219498,0.020184145912203046,0.0,0.07053063809871674
1528.0,17.034933333333335,5.613458370135049,0.020338813696970885,0.0,0.07044921815395355
1528.3333333333333,17.032111111111114,5.612097129414906,0.020416147589354804,0.0,0.07044634222984314
1528.6666666666667,17.02928888888889,5.610738753603073,0.020493481481738726,0.0,0.0704435482621193
1529.0,17.02646666666667,5.609380787063856,0.020493481481738726,0.0,0.07051786035299301
1529.3333333333333,17.023644444444447,5.608016272162786,0.020493481481738726,0.0,0.07059206813573837
1529.6666666666665,17.020822222222225,5.606667309621116,0.020570815374122645,0.0,0.07058857381343842
1530.0,17.017999999999997,5.605301566902199,0.020493481481738726,0.0,0.070740707218647
1530.3333333333335,17.01517777777778,5.603943600362982,0.020570815374122645,0.0,0.07073698192834854
1530.6666666666667,17.012355555555555,5.60258317818807,0.020802817051274403,0.0,0.07057968527078629
1531.0,17.009533333333334,5.6012293043750105,0.020802817051274403,0.0,0.07065412402153015
1531.3333333333333,17.006711111111112,5.599865608019172,0.020802817051274403,0.0,0.07072857022285461
1531.6666666666667,17.00388888888889,5.598506413662108,0.02088015094365832,0.0,0.07072611153125763
1532.0,17.00106666666667,5.597147628577659,0.020957484836042244,0.0,0.07072402536869049
1532.3333333333333,16.998244444444445,5.595787206402747,0.021034818728426163,0.0,0.07072246819734573
1532.6666666666667,16.995422222222224,5.594430467681377,0.021034818728426163,0.0,0.07079724967479706
1533.0,16.9926,5.593071273324313,0.021112152620810083,0.0,0.07079581916332245
1533.3333333333335,16.989777777777782,5.5917092140589375,0.02126682040557792,0.0,0.07072009146213531
1533.6666666666665,16.986955555555557,5.590353293882799,0.02126682040557792,0.0,0.07079672068357468
1534.0,16.984133333333336,5.588992462435272,0.02126682040557792,0.0,0.07087355852127075
1534.3333333333335,16.98131111111111,5.587629993897281,0.02126682040557792,0.0,0.07095056027173996
1534.6666666666667,16.97848888888889,5.586274482993758,0.02126682040557792,0.0,0.07102777063846588
1535.0,16.975666666666665,5.584920609180699,0.021344154297961843,0.0,0.07102891057729721
1535.3333333333333,16.972844444444448,5.583560596278403,0.021421488190345762,0.0,0.07103047519922256
1535.6666666666667,16.970022222222223,5.582200583376107,0.021421488190345762,0.0,0.07110817730426788
1536.0,16.967200000000002,5.580840161201195,0.02149882208272968,0.0,0.07110996544361115
1536.3333333333333,16.96437777777778,5.579479739026283,0.02165348986749752,0.0,0.07103696465492249
1536.6666666666667,16.961555555555556,5.57811358703475,0.02165348986749752,0.0,0.07111513614654541
1537.0,16.958733333333335,5.576759303949075,0.02173082375988144,0.0,0.0711178332567215
1537.3333333333335,16.95591111111111,5.575403383772937,0.02173082375988144,0.0,0.07119565457105637
1537.6666666666665,16.953088888888892,5.574038459599251,0.02180815765226536,0.0,0.07119791209697723
1538.0,16.950266666666668,5.5726849950588075,0.02180815765226536,0.0,0.07127529382705688
1538.3333333333333,16.947444444444447,5.571326619246975,0.02188549154464928,0.0,0.07127703726291656
1538.6666666666667,16.944622222222222,5.569970699070836,0.02188549154464928,0.0,0.07135375589132309
1539.0,16.9418,5.568609867623309,0.0219628254370332,0.0,0.07135478407144547
1539.3333333333333,16.938977777777776,5.567245352722239,0.0219628254370332,0.0,0.07143087685108185
1539.6666666666667,16.93615555555556,5.565882474911632,0.022117493221801038,0.0,0.07135649770498276
1540.0,16.933333333333334,5.564525736190262,0.022194827114184957,0.0,0.07135714590549469
1540.3333333333333,16.930511111111112,5.563169406741508,0.02227216100656888,0.0,0.07135779410600662
1540.6666666666665,16.927688888888888,5.5618085752939805,0.022426828791336718,0.0,0.07128503918647766
1541.0,16.924866666666667,5.560449790209532,0.022426828791336718,0.0,0.0713595524430275
1541.3333333333335,16.922044444444445,5.559092642215546,0.022581496576104556,0.0,0.071287140250206
1541.6666666666665,16.919222222222224,5.557721988225239,0.022581496576104556,0.0,0.07136109471321106
1542.0,16.916400000000003,5.5563713885931065,0.02265883046848848,0.0,0.07136180996894836
1542.3333333333333,16.91357777777778,5.555015059144353,0.02265883046848848,0.0,0.07143548876047134
1542.6666666666667,16.910755555555557,5.553649725698051,0.022890832145640236,0.0,0.07129134237766266
1543.0,16.907933333333332,5.55229994461115,0.022890832145640236,0.0,0.07136477530002594
1543.3333333333333,16.90511111111111,5.550936657527927,0.022968166038024155,0.0,0.07136605679988861
1543.6666666666667,16.902288888888886,5.5495778724434786,0.023045499930408074,0.0,0.07136770337820053
1544.0,16.89946666666667,5.548223589357804,0.023045499930408074,0.0,0.07144109159708023
1544.3333333333333,16.896644444444444,5.546856209548423,0.023045499930408074,0.0,0.07151447236537933
1544.6666666666665,16.893822222222223,5.545495378100895,0.023122833822791997,0.0,0.07151594012975693
1545.0,16.891,5.544139048652141,0.023200167715175916,0.0,0.07151753455400467
1545.3333333333335,16.888177777777777,5.542783947021235,0.023277501607559835,0.0,0.07151980698108673
1545.6666666666667,16.885355555555556,5.541422297028475,0.023354835499943754,0.0,0.07152246683835983
1546.0,16.882533333333335,5.540068423215416,0.023509503284711592,0.0,0.07145457714796066
1546.3333333333333,16.879711111111114,5.5387034990417305,0.023664171069479434,0.0,0.07138780504465103
1546.6666666666667,16.87688888888889,5.537343076866819,0.023741504961863353,0.0,0.0713917538523674
1547.0,16.874066666666668,5.53598715669068,0.02397350663901511,0.0,0.07125788927078247
1547.3333333333333,16.871244444444443,5.534625506697921,0.02397350663901511,0.0,0.07133132964372635
1547.6666666666667,16.86842222222222,5.53326794943132,0.024050840531399033,0.0,0.07133594155311584
1548.0,16.8656,5.531910801437334,0.024050840531399033,0.0,0.07140912115573883
1548.3333333333335,16.86277777777778,5.530545467991033,0.024128174423782952,0.0,0.07141349464654922
1548.6666666666665,16.859955555555555,5.529189138542279,0.024128174423782952,0.0,0.07148639857769012
1549.0,16.857133333333334,5.527832399820909,0.024128174423782952,0.0,0.07155914604663849
1549.3333333333335,16.85431111111111,5.526471977645997,0.024128174423782952,0.0,0.07163172960281372
1549.6666666666667,16.851488888888888,5.525111146198469,0.024128174423782952,0.0,0.07170413434505463
1550.0,16.848666666666666,5.523753998204484,0.02459217777808647,0.0,0.07136687636375427
1550.3333333333333,16.845844444444445,5.522391529666493,0.02459217777808647,0.0,0.07143981009721756
1550.6666666666667,16.843022222222224,5.521033972399891,0.02459217777808647,0.0,0.07151252031326294
1551.0,16.8402,5.519673550224979,0.024746845562854308,0.0,0.07145025581121445
1551.3333333333333,16.837377777777778,5.518315583685762,0.024824179455238227,0.0,0.0714554563164711
1551.6666666666667,16.834555555555553,5.516955980056082,0.02490151334762215,0.0,0.07146058976650238
1552.0,16.831733333333332,5.515600059879944,0.02490151334762215,0.0,0.07153226435184479
1552.3333333333335,16.82891111111111,5.514240865522879,0.02490151334762215,0.0,0.07160373777151108
1552.6666666666665,16.82608888888889,5.512884126801509,0.025056181132389988,0.0,0.07154152542352676
1553.0,16.823266666666665,5.51152738808014,0.025056181132389988,0.0,0.07161282747983932
1553.3333333333333,16.820444444444444,5.510158371180296,0.025056181132389988,0.0,0.07168401032686234
1553.6666666666667,16.81762222222222,5.508798358278,0.025133515024773907,0.0,0.07168816030025482
1554.0,16.814799999999998,5.507442847374477,0.025210848917157826,0.0,0.07169218361377716
1554.3333333333333,16.811977777777777,5.506085290107876,0.025288182809541745,0.0,0.07169599831104279
1554.6666666666667,16.809155555555556,5.504723230842501,0.025288182809541745,0.0,0.07176601886749268
1555.0,16.80633333333333,5.5033677199389786,0.025365516701925668,0.0,0.07176923751831055
1555.3333333333333,16.803511111111114,5.502003614310524,0.025597518379077425,0.0,0.0716414824128151
1555.6666666666665,16.80068888888889,5.5006493312248494,0.025829520056229186,0.0,0.07151621580123901
1556.0,16.797866666666664,5.499285225596395,0.025906853948613105,0.0,0.07152128219604492
1556.3333333333335,16.795044444444446,5.497921938513173,0.025906853948613105,0.0,0.07159051299095154
1556.6666666666665,16.79222222222222,5.496568883245345,0.026138855625764863,0.0,0.07146767526865005
1557.0,16.7894,5.495212553796591,0.026216189518148785,0.0,0.07147324085235596
1557.3333333333333,16.786577777777776,5.4938517223490635,0.026293523410532704,0.0,0.07147888094186783
1557.6666666666667,16.783755555555555,5.49249048162892,0.026370857302916623,0.0,0.07148454338312149
1558.0,16.78093333333333,5.49113087799924,0.026448191195300542,0.0,0.07149046659469604
1558.3333333333333,16.77811111111111,5.4897708650969435,0.02652552508768446,0.0,0.07149666547775269
1558.6666666666667,16.775288888888888,5.488411261467263,0.026757526764836222,0.0,0.07137873768806458
1559.0,16.772466666666666,5.4870520671101985,0.02691219454960406,0.0,0.07132435590028763
1559.3333333333333,16.76964444444444,5.48569328202575,0.02691219454960406,0.0,0.07139323651790619
1559.6666666666665,16.766822222222224,5.484335315486533,0.027066862334371902,0.0,0.07134004682302475
1560.0,16.764,5.4829732562211575,0.027066862334371902,0.0,0.07141010463237762
1560.3333333333335,16.87688888888889,5.537343076866819,0.02714419622675582,0.0,0.07141921669244766
1560.6666666666667,16.98977777777778,5.5917092140589375,0.02714419622675582,0.0,0.07148968428373337
1561.0,17.102666666666664,5.646077806886751,0.02722153011913974,0.0,0.07149922847747803
1561.3333333333333,17.215555555555554,5.700447627532412,0.02722153011913974,0.0,0.07157021015882492
1561.6666666666667,17.328444444444443,5.754806807090063,0.02722153011913974,0.0,0.0716414749622345
1562.0,17.441333333333333,5.809177855553571,0.02737619790390758,0.0,0.07159080356359482
1562.3333333333333,17.554222222222222,5.863545629836153,0.027453531796291498,0.0,0.07160245627164841
1562.6666666666667,17.66711111111111,5.9179150412091985,0.027453531796291498,0.0,0.07167532294988632
1563.0,17.78,5.972280359856086,0.027453531796291498,0.0,0.07174838334321976
1563.3333333333335,17.892888888888887,6.026647315593436,0.027840201258211097,0.0,0.07151862978935242
1563.6666666666665,18.005777777777777,6.081019591874792,0.02799486904297894,0.0,0.07147278636693954
1564.0,18.11866666666667,6.135383273431216,0.02799486904297894,0.0,0.07154612988233566
1564.3333333333335,18.231555555555556,6.189752275531646,0.028072202935362858,0.0,0.07155998796224594
1564.6666666666667,18.344444444444445,6.244116775633302,0.028072202935362858,0.0,0.07163316011428833
1565.0,18.45733333333333,6.2984910982777365,0.028072202935362858,0.0,0.07170622050762177
1565.3333333333333,18.570222222222224,6.352851505653234,0.028226870720130696,0.0,0.07165993005037308
1565.6666666666667,18.683111111111113,6.407218052117969,0.028381538504898537,0.0,0.07161414623260498
1566.0,18.796,6.461589100581477,0.028381538504898537,0.0,0.07168624550104141
1566.3333333333333,18.90888888888889,6.515954009955749,0.028458872397282457,0.0,0.07169903069734573
1566.6666666666667,19.02177777777778,6.570328332600184,0.028536206289666376,0.0,0.07171162217855453
1567.0,19.134666666666668,6.624687512157834,0.028613540182050295,0.0,0.07172402739524841
1567.3333333333335,19.247555555555557,6.679060606984422,0.028690874074434214,0.0,0.07173672318458557
1567.6666666666665,19.360444444444443,6.733419377269456,0.028690874074434214,0.0,0.0718078762292862
1568.0,19.473333333333336,6.7877846959163435,0.028690874074434214,0.0,0.07187885046005249
1568.3333333333333,19.586222222222222,6.842154516562005,0.028690874074434214,0.0,0.07194965332746506
1568.6666666666667,19.699111111111108,6.896521881571971,0.028845541859202056,0.0,0.07190237194299698
1569.0,19.812,6.950892930035479,0.028845541859202056,0.0,0.0719727948307991
1569.3333333333333,19.924888888888887,7.005262341408525,0.028922875751585975,0.0,0.07198449224233627
1569.6666666666667,20.03777777777778,7.059627660055412,0.028922875751585975,0.0,0.07205501198768616
1570.0,20.150666666666663,7.1139946157927625,0.028922875751585975,0.0,0.0721256285905838
1570.3333333333333,20.26355555555556,7.168361571530113,0.028922875751585975,0.0,0.07219640165567398
1570.6666666666665,20.376444444444445,7.222729345812695,0.028922875751585975,0.0,0.07226734608411789
1571.0,20.489333333333335,7.277090571733424,0.028922875751585975,0.0,0.07233855128288269
1571.3333333333335,20.60222222222222,7.3314624387421645,0.028922875751585975,0.0,0.07241002470254898
1571.6666666666665,20.715111111111113,7.3858244832081255,0.028922875751585975,0.0,0.07248181104660034
1572.0,20.828,7.440195531671634,0.029077543536353813,0.0,0.07243401557207108
1572.3333333333333,20.94088888888889,7.494559213228058,0.02923221132112165,0.0,0.07238733023405075
1572.6666666666667,21.053777777777775,7.54893189878203,0.02923221132112165,0.0,0.07245971262454987
1573.0,21.166666666666668,7.603295580338454,0.02923221132112165,0.0,0.07253243029117584
1573.3333333333333,21.279555555555554,7.657660898985341,0.02923221132112165,0.0,0.0726054385304451
1573.6666666666667,21.392444444444443,7.71203194744885,0.029386879105889493,0.0,0.07255958765745163
1574.0,21.505333333333336,7.7663989031862,0.029386879105889493,0.0,0.07263322174549103
1574.3333333333333,21.618222222222222,7.8207683145592455,0.029386879105889493,0.0,0.07270704209804535
1574.6666666666665,21.73111111111111,7.87513199611567,0.029464212998273412,0.0,0.07272127270698547
1575.0,21.843999999999998,7.9295022260339465,0.029464212998273412,0.0,0.07279526442289352
1575.3333333333335,21.95688888888889,7.983870000316529,0.02961888078304125,0.0,0.07274999469518661
1575.6666666666667,22.06977777777778,8.038233681872953,0.029773548567809092,0.0,0.07270567119121552
1576.0,22.182666666666666,8.092601456155535,0.02992821635257693,0.0,0.07266238331794739
1576.3333333333333,22.295555555555556,8.146969230438117,0.03023755192211261,0.0,0.07250428944826126
1576.6666666666667,22.408444444444445,8.201336186175467,0.03023755192211261,0.0,0.07257835566997528
1577.0,22.521333333333335,8.255707234638976,0.03023755192211261,0.0,0.07265224307775497
1577.3333333333333,22.63422222222222,8.3100709161954,0.03023755192211261,0.0,0.07272595167160034
1577.6666666666667,22.74711111111111,8.364441146113677,0.03023755192211261,0.0,0.0727994441986084
1578.0,22.860000000000003,8.418805646215333,0.03031488581449653,0.0,0.07281441241502762
1578.3333333333335,22.97288888888889,8.473172601952683,0.03031488581449653,0.0,0.0728873685002327
1578.6666666666665,23.08577777777778,8.527537102054339,0.03031488581449653,0.0,0.07296007871627808
1579.0,23.198666666666664,8.589266872149892,0.03031488581449653,0.0,0.07303254306316376
1579.3333333333335,23.311555555555557,8.700293528818293,0.03031488581449653,0.0,0.07310479134321213
1579.6666666666667,23.424444444444447,8.81131854839623,0.030392219706880448,0.0,0.07311800867319107
1580.0,23.537333333333333,8.92233456397662,0.030392219706880448,0.0,0.0731898695230484
1580.3333333333333,23.650222222222222,9.033366950461641,0.030392219706880448,0.0,0.07326160371303558
1580.6666666666667,23.76311111111111,9.144396881310968,0.03062422138403221,0.0,0.07315661758184433
1581.0,23.876,9.255418626707979,0.030933556953567885,0.0,0.07299599796533585
1581.3333333333333,23.98888888888889,9.366437097924063,0.031088224738335727,0.0,0.07295286655426025
1581.6666666666667,24.10177777777778,9.477469484409085,0.031242892523103565,0.0,0.0729105994105339
1582.0,24.21466666666667,9.588492866896559,0.03139756030787141,0.0,0.07286911457777023
1582.3333333333335,24.327555555555556,9.699517886474496,0.03162956198502316,0.0,0.07277291268110275
1582.6666666666665,24.440444444444445,9.810533902054885,0.03186156366217492,0.0,0.07267864793539047
1583.0,24.553333333333338,9.921566288539907,0.031938897554558844,0.0,0.07269584387540817
1583.3333333333333,24.666222222222224,10.032584759755991,0.03209356533932668,0.0,0.07265838980674744
1583.6666666666667,24.779111111111114,10.14361059787916,0.032170899231710605,0.0,0.0726759284734726
1584.0,24.892,10.254640528728487,0.032170899231710605,0.0,0.07274802029132843
1584.3333333333333,25.00488888888889,10.365655725763645,0.032170899231710605,0.0,0.07282029837369919
1584.6666666666667,25.117777777777782,10.476691386429593,0.03224823312409452,0.0,0.072837695479393
1585.0,25.230666666666664,10.587709857645677,0.032170899231710605,0.0,0.07296499609947205
1585.3333333333333,25.343555555555557,10.69872751031653,0.032170899231710605,0.0,0.07303740084171295
1585.6666666666665,25.456444444444443,10.809761533892015,0.03224823312409452,0.0,0.07305435836315155
1586.0,25.569333333333336,10.920788190560415,0.03263490258601412,0.0,0.0728529542684555
1586.3333333333335,25.682222222222222,11.031798476324184,0.03278957037078196,0.0,0.07281699031591415
1586.6666666666665,25.79511111111111,11.142836592625827,0.03286690426316588,0.0,0.07283511757850647
1587.0,25.908,11.253857519477606,0.03302157204793372,0.0,0.07279974222183228
1587.3333333333333,26.02088888888889,11.364876809238922,0.03302157204793372,0.0,0.07287149131298065
1587.6666666666667,26.133777777777777,11.475908377178712,0.03302157204793372,0.0,0.07294316589832306
1588.0,26.246666666666673,11.586933396756649,0.03302157204793372,0.0,0.0730147659778595
1588.3333333333333,26.359555555555556,11.697949412337039,0.03309890594031764,0.0,0.07303258031606674
1588.6666666666667,26.47244444444445,11.808976069005439,0.03317623983270156,0.0,0.07305052876472473
1589.0,26.58533333333333,11.920005999854766,0.03317623983270156,0.0,0.07312209904193878
1589.3333333333333,26.698222222222228,12.031031837977935,0.03317623983270156,0.0,0.07319387048482895
1589.6666666666665,26.811111111111114,12.14205603901064,0.03348557540223724,0.0,0.07305128872394562
1590.0,26.924000000000003,12.25307696586242,0.033562909294621156,0.0,0.07307000458240509
1590.3333333333335,27.03688888888889,12.364109352347441,0.033562909294621156,0.0,0.07314194738864899
1590.6666666666667,27.149777777777782,12.475123730837367,0.03364024318700508,0.0,0.07316062599420547
1591.0,27.262666666666668,12.586161028593779,0.03364024318700508,0.0,0.07323257625102997
1591.3333333333333,27.37555555555556,12.697180318355095,0.03387224486415683,0.0,0.07314511388540268
1591.6666666666667,27.488444444444447,12.808188148483168,0.03402691264892468,0.0,0.07311177998781204
1592.0,27.60133333333334,12.919232813146664,0.03425891432607643,0.0,0.07302692532539368
1592.3333333333333,27.714222222222222,13.03024719163659,0.034336248218460354,0.0,0.07304708659648895
1592.6666666666667,27.827111111111115,13.141266481397906,0.034336248218460354,0.0,0.07311927527189255
1593.0,27.94,13.25230541624478,0.03449091600322819,0.0,0.07308754324913025
1593.3333333333335,28.052888888888894,13.36332143182517,0.03449091600322819,0.0,0.07315978407859802
1593.6666666666665,28.16577777777778,13.474338265950792,0.03449091600322819,0.0,0.07323206216096878
1594.0,28.278666666666663,13.585378837888129,0.03464558378799603,0.0,0.07320041209459305
1594.3333333333335,28.39155555555556,13.696398127649445,0.03464558378799603,0.0,0.07327256351709366
1594.6666666666667,28.50444444444445,13.807417417410761,0.03464558378799603,0.0,0.07334470748901367
1595.0,28.617333333333335,13.918451440986246,0.03472291768037995,0.0,0.07336476445198059
1595.3333333333333,28.730222222222224,14.029467456566636,0.03472291768037995,0.0,0.07343684881925583
1595.6666666666667,28.843111111111114,14.140493294689804,0.034800251572763875,0.0,0.07345668971538544
1596.0,28.956000000000007,14.251519132812973,0.034800251572763875,0.0,0.07352867722511292
1596.3333333333333,29.06888888888889,14.362546608026605,0.034954919357531714,0.0,0.07349655777215958
1596.6666666666667,29.18177777777778,14.473572446149774,0.034954919357531714,0.0,0.0735689327120781
1597.0,29.29466666666667,14.584585187549237,0.03541892271183523,0.0,0.07333190739154816
1597.3333333333335,29.40755555555556,14.695624122396111,0.03541892271183523,0.0,0.07340403646230698
1597.6666666666665,29.520444444444447,14.806643412157428,0.03572825828137091,0.0,0.07327305525541306
1598.0,29.633333333333333,14.917662701918744,0.03572825828137091,0.0,0.07334502041339874
1598.3333333333333,29.746222222222226,15.028695088403765,0.03580559217375483,0.0,0.07336664944887161
1598.6666666666667,29.85911111111112,15.139722563617397,0.03626959552805835,0.0,0.07313933223485947
1599.0,29.972,15.25073039374547,0.036346929420442264,0.0,0.07316214591264725
1599.3333333333333,30.08488888888889,15.361772602773272,0.036346929420442264,0.0,0.07323436439037323
1599.6666666666667,30.19777777777778,15.472778795810882,0.036346929420442264,0.0,0.07330672442913055
1600.0,30.310666666666673,15.583812819386367,0.03642426331282619,0.0,0.07332967221736908
1600.3333333333333,30.42355555555556,15.694848480052315,0.03642426331282619,0.0,0.07340239733457565
1600.6666666666665,30.536444444444445,15.805864495632704,0.0365015972052101,0.0,0.07342560589313507
1601.0,30.649333333333338,15.916875599941704,0.0365015972052101,0.0,0.07349859923124313
1601.3333333333335,30.762222222222228,16.027917808969505,0.0365015972052101,0.0,0.07357179373502731
1601.6666666666665,30.875111111111114,16.138933824549895,0.036578931097594025,0.0,0.07359539717435837
1602.0,30.988000000000003,16.2499580255826,0.036578931097594025,0.0,0.07366917282342911
1602.3333333333333,31.100888888888893,16.36098877497716,0.036810932774745786,0.0,0.07359357923269272
1602.6666666666667,31.213777777777786,16.47200479055755,0.036810932774745786,0.0,0.07366754114627838
1603.0,31.326666666666668,16.583035539952107,0.036810932774745786,0.0,0.0737416073679924
1603.3333333333333,31.439555555555554,16.69405810389435,0.0368882666671297,0.0,0.07376594096422195
1603.6666666666667,31.552444444444447,16.805082304927055,0.03712026834428146,0.0,0.07369143515825272
1604.0,31.665333333333344,16.916108143050224,0.037197602236665385,0.0,0.07371655106544495
1604.3333333333333,31.77822222222223,17.027124158630613,0.0372749361290493,0.0,0.07374165952205658
1604.6666666666665,31.891111111111112,17.138158182206098,0.03735227002143322,0.0,0.0737668052315712
1605.0,32.004000000000005,17.249182383238804,0.037429603913817146,0.0,0.07379180192947388
1605.3333333333335,32.116888888888894,17.36020658427151,0.037429603913817146,0.0,0.07386597245931625
1605.6666666666667,32.229777777777784,17.471240607846994,0.037584271698584984,0.0,0.07384151965379715
1606.0,32.342666666666666,17.582256623427384,0.0376616055909689,0.0,0.07386621832847595
1606.3333333333333,32.45555555555556,17.693284098641016,0.03773893948335282,0.0,0.0738908126950264
1606.6666666666667,32.56844444444445,17.804314848035574,0.03781627337573674,0.0,0.0739152729511261
1607.0,32.68133333333334,17.91532431525411,0.03781627337573674,0.0,0.07398863881826401
1607.3333333333333,32.794222222222224,18.026351790467743,0.03797094116050458,0.0,0.07396402955055237
1607.6666666666667,32.907111111111114,18.13737599150045,0.0380482750528885,0.0,0.07398819923400879
1608.0,33.02,18.248396918352228,0.03812560894527242,0.0,0.07401229441165924
1608.3333333333335,33.132888888888886,18.359427667746786,0.03835761062242418,0.0,0.07393952459096909
1608.6666666666665,33.245777777777775,18.470455142960418,0.038589612299575936,0.0,0.07386797666549683
1609.0,33.35866666666668,18.581464610178955,0.03874428008434378,0.0,0.0738450437784195
1609.3333333333335,33.47155555555556,18.692505182116292,0.03889894786911162,0.0,0.07382253557443619
1609.6666666666667,33.58444444444444,18.803534294420388,0.03905361565387946,0.0,0.0738004669547081
1610.0,33.69733333333333,18.914538850367535,0.03913094954626337,0.0,0.07382591813802719
1610.3333333333333,33.81022222222223,19.025590881938115,0.039362951223415134,0.0,0.07375777512788773
1610.6666666666667,33.92311111111111,19.13660034915665,0.039362951223415134,0.0,0.0738305002450943
1611.0,34.035999999999994,19.247627824370284,0.039362951223415134,0.0,0.07390338182449341
1611.3333333333333,34.1488888888889,19.3586471141316,0.03951761900818297,0.0,0.07388262450695038
1611.6666666666667,34.26177777777779,19.469676226435695,0.039594952900566895,0.0,0.07390893995761871
1612.0,34.37466666666667,19.5807004274684,0.03967228679295082,0.0,0.07393518835306168
1612.3333333333335,34.48755555555556,19.691718080139253,0.039826954577718655,0.0,0.07391539961099625
1612.6666666666665,34.60044444444445,19.8027537408052,0.039826954577718655,0.0,0.07398892194032669
1613.0,34.71333333333334,19.913777941837907,0.039826954577718655,0.0,0.0740625187754631
1613.3333333333333,34.82622222222222,20.024779223604128,0.03990428847010257,0.0,0.07408946007490158
1613.6666666666667,34.93911111111112,20.135819795541465,0.039981622362486494,0.0,0.07411640137434006
1614.0,35.05200000000001,20.246850544936024,0.040058956254870416,0.0,0.07414359599351883
1614.3333333333333,35.164888888888896,20.357858375064097,0.04013629014725433,0.0,0.07417077571153641
1614.6666666666667,35.277777777777786,20.46889567282051,0.04029095793202217,0.0,0.0741516500711441
1615.0,35.39066666666667,20.579926422215067,0.04036829182440609,0.0,0.07417900860309601
1615.3333333333333,35.50355555555556,20.690926066890825,0.04044562571679001,0.0,0.07420644164085388
1615.6666666666665,35.616444444444454,20.801968275918625,0.04060029350155785,0.0,0.07418781518936157
1616.0,35.72933333333334,20.91298756567994,0.04075496128632569,0.0,0.07416950911283493
1616.3333333333335,35.842222222222226,21.024005218350794,0.04075496128632569,0.0,0.07424303889274597
1616.6666666666665,35.955111111111115,21.135040879016742,0.04083229517870961,0.0,0.0742705762386322
1617.0,36.06800000000001,21.24608636222547,0.04090962907109353,0.0,0.07429808378219604
1617.3333333333333,36.180888888888894,21.3570827327203,0.04098696296347745,0.0,0.07432553172111511
1617.6666666666667,36.29377777777778,21.46812003047671,0.04106429685586137,0.0,0.07435369491577148
1618.0,36.40666666666667,21.579137683147565,0.04106429685586137,0.0,0.07442773878574371
1618.3333333333333,36.51955555555556,21.69016188418027,0.04106429685586137,0.0,0.07450173795223236
1618.6666666666667,36.632444444444445,21.80118772230344,0.041218964640629206,0.0,0.07448358833789825
1619.0,36.745333333333335,21.912202100793365,0.04137363242539705,0.0,0.0744657889008522
1619.3333333333333,36.85822222222223,22.023229576006997,0.041605634102548805,0.0,0.07440318912267685
1619.6666666666665,36.97111111111112,22.134263599582482,0.04214697134923624,0.0,0.07416290044784546
1620.0,37.084,22.245286163524725,0.042378973026388,0.0,0.07410398870706558
1620.3333333333335,36.99510000000001,22.157852436066605,0.0427656424883076,0.0,0.07395928353071213
1620.6666666666667,36.906200000000005,22.07043180533219,0.042842976380691525,0.0,0.0739893689751625
1621.0,36.8173,21.982993166602682,0.04307497805784328,0.0,0.0739331990480423
1621.3333333333333,36.7284,21.895565987506416,0.0431523119502272,0.0,0.07396324723958969
1621.6666666666667,36.639500000000005,21.808132260048296,0.04346164751976288,0.0,0.07386521995067596
1622.0,36.55060000000001,21.720698532590177,0.04361631530453072,0.0,0.07385287433862686
1622.3333333333333,36.4617,21.63326644222252,0.04361631530453072,0.0,0.07392501085996628
1622.6666666666667,36.372800000000005,21.545822892221622,0.04361631530453072,0.0,0.0739968866109848
1623.0,36.28390000000001,21.45839243894443,0.04361631530453072,0.0,0.07406854629516602
1623.3333333333335,36.19500000000001,21.370966896938626,0.04369364919691464,0.0,0.07409725338220596
1623.6666666666665,36.10610000000001,21.283533169480506,0.04369364919691464,0.0,0.07416834682226181
1624.0,36.0172,21.196107627474703,0.04377098308929856,0.0,0.07419642806053162
1624.3333333333335,35.9283,21.1086820854689,0.04400298476645032,0.0,0.07413922995328903
1624.6666666666667,35.839400000000005,21.021245083829854,0.04408031865883424,0.0,0.07416705042123795
1625.0,35.7505,20.933816267643124,0.04408031865883424,0.0,0.07423706352710724
1625.3333333333333,35.6616,20.846382540185004,0.04400298476645032,0.0,0.07434969395399094
1625.6666666666667,35.572700000000005,20.75895044981735,0.04415765255121816,0.0,0.07433432340621948
1626.0,35.4838,20.67152818199247,0.04415765255121816,0.0,0.07440429925918579
1626.3333333333333,35.39490000000001,20.58409281744389,0.044312320335986,0.0,0.07438895106315613
1626.6666666666667,35.306000000000004,20.496657452895306,0.044312320335986,0.0,0.07445889711380005
1627.0,35.2171,20.409231910889503,0.044389654228369914,0.0,0.07448623329401016
1627.3333333333335,35.12820000000001,20.321780175436288,0.04454432201313776,0.0,0.07447129487991333
1627.6666666666665,35.039300000000004,20.234344810887706,0.04454432201313776,0.0,0.07454180717468262
1628.0,34.95040000000001,20.14690780924866,0.04454432201313776,0.0,0.07461246103048325
1628.3333333333333,34.86150000000001,20.059477355971467,0.04454432201313776,0.0,0.07468323409557343
1628.6666666666667,34.772600000000004,19.972043628513347,0.044621655905521675,0.0,0.07471136748790741
1629.0,34.6837,19.884614812326618,0.044621655905521675,0.0,0.07478249818086624
1629.3333333333333,34.5948,19.79719254450174,0.044621655905521675,0.0,0.0748538002371788
1629.6666666666667,34.505900000000004,19.709765365405474,0.0446989897979056,0.0,0.07488223165273666
1630.0,34.417,19.622333275037818,0.04477632369028951,0.0,0.07491088658571243
1630.3333333333333,34.3281,19.534897910489235,0.04493099147505736,0.0,0.07489678263664246
1630.6666666666665,34.239200000000004,19.447457634669263,0.04516299315220911,0.0,0.07484155148267746
1631.0,34.15030000000001,19.360030455572996,0.04554966261412871,0.0,0.07470313459634781
1631.3333333333335,34.061400000000006,19.27259836520534,0.04578166429128047,0.0,0.07465050369501114
1631.6666666666665,33.972500000000004,19.185177734470926,0.04593633207604831,0.0,0.07464006543159485
1632.0,33.8836,19.097747281193733,0.04616833375320007,0.0,0.07458889484405518
1632.3333333333333,33.794700000000006,19.010318465007003,0.04624566764558399,0.0,0.07462059706449509
1632.6666666666667,33.70580000000001,18.92287818918703,0.04632300153796791,0.0,0.07465224713087082
1633.0,33.61690000000001,18.835441187547985,0.04640033543035183,0.0,0.07468390464782715
1633.3333333333333,33.528000000000006,18.748005822999403,0.04640033543035183,0.0,0.07475662231445312
1633.6666666666667,33.439099999999996,18.660572095541283,0.04655500321511967,0.0,0.07474689185619354
1634.0,33.3502,18.573153101897333,0.04670967099988751,0.0,0.07473723590373993
1634.3333333333333,33.261300000000006,18.485716100258287,0.046864338784655346,0.0,0.07472767680883408
1634.6666666666665,33.172399999999996,18.39828400989063,0.04709634046180711,0.0,0.07467765361070633
1635.0,33.0835,18.310856830794364,0.04717367435419103,0.0,0.07470893114805222
1635.3333333333335,32.994600000000005,18.223411643703002,0.04717367435419103,0.0,0.07478054612874985
1635.6666666666667,32.9057,18.135977916244883,0.04717367435419103,0.0,0.07485200464725494
1636.0,32.81680000000001,18.04855728551047,0.04732834213895887,0.0,0.07484187185764313
1636.3333333333333,32.727900000000005,17.961121920961887,0.04732834213895887,0.0,0.0749128982424736
1636.6666666666667,32.639,17.873691467684694,0.04740567603134278,0.0,0.07494305074214935
1637.0,32.55010000000001,17.786264288588427,0.04771501160087847,0.0,0.07485169172286987
1637.3333333333333,32.461200000000005,17.69882728694938,0.04771501160087847,0.0,0.07492205500602722
1637.6666666666667,32.3723,17.611409930395894,0.047869679385646305,0.0,0.07491172850131989
1638.0,32.2834,17.52397456584731,0.04802434717041414,0.0,0.07490145415067673
1638.3333333333335,32.1945,17.43653920129873,0.04817901495518198,0.0,0.07489131391048431
1638.6666666666665,32.1056,17.349097288388293,0.048256348847565904,0.0,0.0749211460351944
1639.0,32.0167,17.261673383472953,0.048488350524717665,0.0,0.07487140595912933
1639.3333333333335,31.927799999999998,17.174236381833907,0.048488350524717665,0.0,0.0749412402510643
1639.6666666666667,31.838900000000002,17.086817388189957,0.04872035220186942,0.0,0.07489199936389923
1640.0,31.75,16.999382023641374,0.04895235387902118,0.0,0.07484349608421326
1640.3333333333333,31.661100000000005,16.91195157036418,0.0490296877714051,0.0,0.07487375289201736
1640.6666666666667,31.57220000000001,16.82451129454421,0.0490296877714051,0.0,0.07494330406188965
1641.0,31.4833,16.737074292905163,0.04910702166378902,0.0,0.07497351616621017
1641.3333333333333,31.394400000000005,16.649635654175654,0.0494163572333247,0.0,0.07488665729761124
1641.6666666666667,31.305500000000006,16.562211749260314,0.04957102501809254,0.0,0.07487858086824417
1642.0,31.2166,16.474784570164047,0.049648358910476455,0.0,0.07490945607423782
1642.3333333333335,31.127700000000004,16.38736230233917,0.049880360587628216,0.0,0.07486318796873093
1642.6666666666665,31.038800000000002,16.299931849061977,0.050112362264779976,0.0,0.07481763511896133
1643.0,30.949900000000003,16.21249975869432,0.050267030049547815,0.0,0.07481098175048828
1643.3333333333333,30.861000000000008,16.1250660312362,0.05034436394193174,0.0,0.0748426765203476
1643.6666666666667,30.772100000000002,16.037624118325766,0.05042169783431565,0.0,0.07487446069717407
1644.0,30.683200000000003,15.950195302139036,0.05042169783431565,0.0,0.07494442909955978
1644.3333333333333,30.594299999999997,15.86275830049999,0.050653699511467414,0.0,0.07490012049674988
1644.6666666666667,30.5054,15.775326210132334,0.050653699511467414,0.0,0.07497037202119827
1645.0,30.416500000000003,15.687907216488384,0.05080836729623525,0.0,0.0749644860625267
1645.3333333333333,30.3276,15.600470214849338,0.05080836729623525,0.0,0.07503476738929749
1645.6666666666665,30.238700000000005,15.513039761572145,0.050885701188619174,0.0,0.07506690919399261
1646.0,30.149800000000006,15.4256027599331,0.05096303508100309,0.0,0.07509897649288177
1646.3333333333335,30.0609,15.338157572841737,0.05127237065053877,0.0,0.07501724362373352
1646.6666666666665,29.972,15.25073039374547,0.05134970454292269,0.0,0.0750492513179779
1647.0,29.883100000000006,15.163303214649204,0.051504372327690534,0.0,0.07504352182149887
1647.3333333333333,29.7942,15.075872761372011,0.05158170622007445,0.0,0.07507527619600296
1647.6666666666667,29.705300000000005,14.988448856456671,0.05158170622007445,0.0,0.0751444548368454
1648.0,29.616400000000002,14.901015128998552,0.05165904011245837,0.0,0.07517580687999725
1648.3333333333333,29.527500000000003,14.813583038630895,0.05173637400484229,0.0,0.07520706206560135
1648.6666666666667,29.438599999999997,14.726155859534629,0.05196837568199405,0.0,0.07516307383775711
1649.0,29.3497,14.638720494986046,0.05196837568199405,0.0,0.07523153722286224
1649.3333333333333,29.260800000000003,14.551290041708853,0.05212304346676189,0.0,0.07522483170032501
1649.6666666666665,29.1719,14.463857951341197,0.05235504514391365,0.0,0.07518099248409271
1650.0,29.083000000000002,14.376419312611688,0.05274171460583325,0.0,0.07506413757801056
1650.3333333333335,28.994100000000003,14.28899704478681,0.05305105017536892,0.0,0.07498573511838913
1650.6666666666667,28.9052,14.201560043147765,0.053360385744904607,0.0,0.07490841299295425
1651.0,28.816300000000002,14.114127952780109,0.053515053529672445,0.0,0.0749039277434349
1651.3333333333333,28.727400000000003,14.026697499502916,0.05366972131444028,0.0,0.07489962130784988
1651.6666666666667,28.6385,13.93925558659248,0.05397905688397596,0.0,0.074824258685112
1652.0,28.5496,13.851823496224824,0.05421105856112772,0.0,0.07478553056716919
1652.3333333333333,28.460700000000006,13.764393042947631,0.05482972970019908,0.0,0.07457312196493149
1652.6666666666667,28.371800000000004,13.676962589670438,0.05506173137735084,0.0,0.07453696429729462
1653.0,28.2829,13.589537047664635,0.055139065269734756,0.0,0.07457011938095093
1653.3333333333335,28.194,13.502116416930221,0.05544840083927044,0.0,0.0745004341006279
1653.6666666666665,28.1051,13.41467695965548,0.055680402516422194,0.0,0.07446570694446564
1654.0,28.016199999999998,13.327252236194909,0.055912404193573954,0.0,0.07443173974752426
1654.3333333333335,27.9273,13.2398135974654,0.05622173976310963,0.0,0.07436483353376389
1654.6666666666667,27.838400000000004,13.152379051462049,0.056376407547877476,0.0,0.07436580210924149
1655.0,27.7495,13.064946961094392,0.056531075332645314,0.0,0.07436711341142654
1655.3333333333333,27.6606,12.977509140910115,0.056763077009797075,0.0,0.07433544844388962
1655.6666666666667,27.571700000000003,12.890086873085238,0.056763077009797075,0.0,0.07440366595983505
1656.0,27.482799999999997,12.802654782717582,0.056763077009797075,0.0,0.07447204738855362
1656.3333333333333,27.393900000000002,12.715213688352378,0.05699507868694883,0.0,0.07444082945585251
1656.6666666666667,27.305,12.627784053620417,0.05707241257933275,0.0,0.07447638362646103
1657.0,27.2161,12.540345414890908,0.05714974647171667,0.0,0.07451196759939194
1657.3333333333335,27.127200000000002,12.452918235794641,0.05714974647171667,0.0,0.07458078116178513
1657.6666666666665,27.0383,12.365489419607911,0.05738174814886843,0.0,0.07455004006624222
1658.0,26.9494,12.278053236514097,0.05738174814886843,0.0,0.07461878657341003
1658.3333333333333,26.860500000000002,12.190626875963062,0.05738174814886843,0.0,0.07468757033348083
1658.6666666666667,26.7716,12.10320215250249,0.05761374982602019,0.0,0.07465711981058121
1659.0,26.6827,12.01576760649914,0.057536415933636266,0.0,0.07475949078798294
1659.3333333333333,26.5938,11.92833387904102,0.057536415933636266,0.0,0.07482864707708359
1659.6666666666667,26.5049,11.840897695947206,0.057536415933636266,0.0,0.07489769160747528
1660.0,26.416,11.753464787034318,0.057536415933636266,0.0,0.07496659457683563
1660.3333333333333,26.3271,11.666037607938051,0.05776841761078803,0.0,0.07493484765291214
1660.6666666666665,26.2382,11.578605517570395,0.05784575150317195,0.0,0.0749700516462326
1661.0,26.149300000000004,11.491176701383665,0.057923085395555865,0.0,0.07500506192445755
1661.3333333333335,26.060399999999998,11.403741336835083,0.05800041928793979,0.0,0.07503989338874817
1661.6666666666665,25.971500000000002,11.316301879560342,0.058155087072707626,0.0,0.07504133880138397
1662.0,25.8826,11.228870607737917,0.058309754857475464,0.0,0.0750427171587944
1662.3333333333333,25.793699999999998,11.141435243189335,0.058309754857475464,0.0,0.07511045783758163
1662.6666666666667,25.704800000000002,11.054012975364458,0.0584644226422433,0.0,0.07511156797409058
1663.0,25.615899999999996,10.966581703542033,0.058773758211778986,0.0,0.07504668831825256
1663.3333333333333,25.527,10.879149613174377,0.058773758211778986,0.0,0.07511409372091293
1663.6666666666667,25.4381,10.791712611535331,0.058773758211778986,0.0,0.07518143951892853
1664.0,25.3492,10.704291980800917,0.05908309378131466,0.0,0.07511662691831589
1664.3333333333333,25.2603,10.616856616252335,0.0592377615660825,0.0,0.07511825859546661
1664.6666666666665,25.1714,10.529426981520373,0.05931509545846642,0.0,0.0751529261469841
1665.0,25.0825,10.441994072607486,0.059392429350850345,0.0,0.0751880332827568
1665.3333333333335,24.9936,10.354559526604135,0.059392429350850345,0.0,0.07525622099637985
1665.6666666666667,24.9047,10.267137258779258,0.05977909881276994,0.0,0.0751609057188034
1666.0,24.8158,10.17970926113776,0.05985643270515386,0.0,0.0751967802643776
1666.3333333333333,24.7269,10.092271440953482,0.05993376659753778,0.0,0.0752326026558876
1666.6666666666667,24.637999999999998,10.004837713495363,0.0600111004899217,0.0,0.07526841759681702
1667.0,24.5491,9.917399893311085,0.06008843438230562,0.0,0.07530426234006882
1667.3333333333333,24.4602,9.829966165852966,0.06047510384422522,0.0,0.07521084696054459
1667.6666666666667,24.371299999999998,9.74252425294253,0.06086177330614482,0.0,0.0751190185546875
1668.0,24.282400000000003,9.655101166572422,0.06101644109091266,0.0,0.0751238688826561
1668.3333333333335,24.193499999999997,9.567675624566618,0.061403110552832256,0.0,0.0750342309474945
1668.6666666666665,24.1046,9.480244352744194,0.061789780014751855,0.0,0.07494600862264633
1669.0,24.0157,9.39280816965038,0.06225378336905537,0.0,0.07482848316431046
1669.3333333333335,23.926799999999997,9.305380172008881,0.06256311893859105,0.0,0.07477414608001709
1669.6666666666667,23.837899999999998,9.21794562600553,0.06310445618527849,0.0,0.07463021576404572
1670.0,23.749,9.130511898547411,0.06333645786243025,0.0,0.07460874319076538
1670.3333333333333,23.6601,9.043080626724986,0.06349112564719808,0.0,0.074617400765419
1670.6666666666667,23.5712,8.955659177445341,0.06380046121673377,0.0,0.07456646859645844
1671.0,23.4823,8.868222175806295,0.0639551290015016,0.0,0.07457546144723892
1671.3333333333333,23.3934,8.780792541074334,0.06387779510911769,0.0,0.07467372715473175
1671.6666666666667,23.304499999999997,8.69335635798052,0.06410979678626945,0.0,0.07465273141860962
1672.0,23.2156,8.605923449067632,0.06434179846342121,0.0,0.07463189214468002
1672.3333333333335,23.1267,8.547248489776393,0.06480580181772472,0.0,0.07452327758073807
1672.6666666666665,23.0378,8.504434481437784,0.06526980517202824,0.0,0.07441645115613937
1673.0,22.9489,8.461614743282553,0.06550180684918,0.0,0.0743975043296814
1673.3333333333333,22.86,8.418805646215333,0.06565647463394784,0.0,0.07440751045942307
1673.6666666666667,22.7711,8.37599491205765,0.06596581020348352,0.0,0.07436037063598633
1674.0,22.682199999999998,8.33317108117626,0.06604314409586744,0.0,0.07439899444580078
1674.3333333333333,22.593299999999996,8.290366076835198,0.06596581020348352,0.0,0.07449468970298767
1674.6666666666667,22.504399999999997,8.24754797577043,0.06612047798825135,0.0,0.07450421154499054
1675.0,22.4155,8.204735604522284,0.06612047798825135,0.0,0.0745709165930748
1675.3333333333333,22.3266,8.161923233274138,0.06619781188063528,0.0,0.07460860908031464
1675.6666666666665,22.2377,8.119104313664138,0.06619781188063528,0.0,0.07467484474182129
1676.0,22.148799999999998,8.076289486780297,0.06635247966540311,0.0,0.07468324154615402
1676.3333333333335,22.0599,8.033478752622614,0.06642981355778703,0.0,0.07472021877765656
1676.6666666666665,21.970999999999997,7.990660651557846,0.06650714745017096,0.0,0.07475700974464417
1677.0,21.882099999999998,7.947845006128773,0.06666181523493879,0.0,0.07476484775543213
1677.3333333333333,21.7932,7.905038364697248,0.0670484846968584,0.0,0.07468695193529129
1677.6666666666667,21.7043,7.862216989451554,0.06728048637401016,0.0,0.07466669380664825
1678.0,21.6154,7.819409529474797,0.06735782026639407,0.0,0.07470317929983139
1678.3333333333333,21.5265,7.776595521136187,0.06774448972831366,0.0,0.07462673634290695
1678.6666666666667,21.437599999999996,7.733782331342809,0.06789915751308151,0.0,0.07463543117046356
1679.0,21.348699999999997,7.6909576819161884,0.06797649140546543,0.0,0.07467225939035416
1679.3333333333333,21.2598,7.648152677575126,0.06813115919023327,0.0,0.07468101382255554
1679.6666666666665,21.1709,7.605336213600822,0.06820849308261719,0.0,0.07471774518489838
1680.0,21.081999999999997,7.562523023807444,0.06828582697500112,0.0,0.07475437968969345
1680.3333333333335,21.163844444444443,7.601936795254005,0.06828582697500112,0.0,0.07481896877288818
1680.6666666666667,21.245688888888886,7.641355477971956,0.06851782865215286,0.0,0.0747993215918541
1681.0,21.32753333333333,7.680774979235139,0.06844049475976895,0.0,0.07489192485809326
1681.3333333333333,21.409377777777774,7.7201887506817,0.06859516254453679,0.0,0.07490040361881256
1681.6666666666667,21.49122222222222,7.759604159218725,0.06867249643692071,0.0,0.07493706792593002
1682.0,21.573066666666662,7.799021204846213,0.06882716422168855,0.0,0.0749456137418747
1682.3333333333333,21.654911111111108,7.838442343199858,0.06913649979122423,0.0,0.07489845901727676
1682.6666666666667,21.736755555555554,7.87785120337503,0.06952316925314382,0.0,0.07482434809207916
1683.0,21.818599999999996,7.9172715231834445,0.06967783703791167,0.0,0.07483355700969696
1683.3333333333335,21.900444444444442,7.95668202044908,0.07006450649983126,0.0,0.0747605711221695
1683.6666666666665,21.982288888888885,7.996101521712262,0.0702191742845991,0.0,0.07477016746997833
1684.0,22.064133333333334,8.035521841520676,0.07029650817698302,0.0,0.07480703294277191
1684.3333333333335,22.145977777777773,8.074934794422006,0.07045117596175086,0.0,0.07481666654348373
1684.6666666666667,22.227822222222223,8.114346928778104,0.07068317763890263,0.0,0.07479947805404663
1685.0,22.30966666666666,8.15376806713175,0.07068317763890263,0.0,0.0748639851808548
1685.3333333333333,22.39151111111111,8.193183475668775,0.07068317763890263,0.0,0.07492854446172714
1685.6666666666667,22.47335555555555,8.232602976931958,0.07091517931605439,0.0,0.07491158694028854
1686.0,22.5552,8.272014292742824,0.07114718099320613,0.0,0.074894979596138
1686.3333333333333,22.63704444444444,8.311431338370312,0.0713791826703579,0.0,0.07487882673740387
1686.6666666666667,22.718888888888884,8.3508483839978,0.07145651656274182,0.0,0.07491686940193176
1687.0,22.80073333333333,8.390265429625288,0.07145651656274182,0.0,0.0749819204211235
1687.3333333333335,22.882577777777772,8.42968001961708,0.0717658521322775,0.0,0.07493916898965836
1687.6666666666665,22.96442222222222,8.469091335427947,0.07199785380942926,0.0,0.07492391765117645
1688.0,23.04626666666666,8.508511655236362,0.07222985548658102,0.0,0.07490929216146469
1688.3333333333333,23.12811111111111,8.54792378959246,0.07222985548658102,0.0,0.0749749094247818
1688.6666666666667,23.20995555555555,8.600370438216487,0.07246185716373277,0.0,0.07496056705713272
1689.0,23.2918,8.680858809384517,0.07269385884088453,0.0,0.07494654506444931
1689.3333333333333,23.373644444444437,8.7613537289144,0.07284852662565237,0.0,0.07495933771133423
1689.6666666666667,23.455488888888887,8.841851104079979,0.0730031944104202,0.0,0.07497237622737885
1690.0,23.537333333333326,8.92233456397662,0.07315786219518805,0.0,0.07498547434806824
1690.3333333333333,23.619177777777775,9.002831939142197,0.0733125299799559,0.0,0.07499861717224121
1690.6666666666665,23.701022222222218,9.083334225579165,0.0733125299799559,0.0,0.075064517557621
1691.0,23.782866666666663,9.163822596747195,0.07362186554949157,0.0,0.07502494752407074
1691.3333333333335,23.864711111111106,9.244311786460457,0.07385386722664333,0.0,0.07501199096441269
1691.6666666666665,23.946555555555552,9.324804250354646,0.07393120111902725,0.0,0.07505153864622116
1692.0,24.028399999999998,9.40529998842976,0.07424053668856292,0.0,0.0750126838684082
1692.3333333333333,24.11024444444444,9.48578754105256,0.07439520447333077,0.0,0.07502662390470505
1692.6666666666667,24.192088888888886,9.566293101670453,0.07462720615048253,0.0,0.07501473277807236
1693.0,24.27393333333333,9.646775743021863,0.0745498722580986,0.0,0.07510686665773392
1693.3333333333333,24.355777777777774,9.727271481096977,0.07501387561240212,0.0,0.07501759380102158
1693.6666666666667,24.437622222222217,9.807763944991166,0.07524587728955388,0.0,0.07500645518302917
1694.0,24.519466666666663,9.888254771794891,0.07540054507432173,0.0,0.07502106577157974
1694.3333333333333,24.60131111111111,9.968753784050932,0.07555521285908956,0.0,0.07503572106361389
1694.6666666666665,24.68315555555555,10.049237243947573,0.07625121789054484,0.0,0.07487259805202484
1695.0,24.764999999999997,10.129735437658383,0.07640588567531267,0.0,0.07488774508237839
1695.3333333333335,24.84684444444444,10.210235268459655,0.0764832195676966,0.0,0.07492803037166595
1695.6666666666667,24.928688888888885,10.290702357451664,0.07663788735246443,0.0,0.07494299858808517
1696.0,25.010533333333328,10.371216103521874,0.07694722292200011,0.0,0.07490787655115128
1696.3333333333333,25.092377777777774,10.451709385961294,0.07694722292200011,0.0,0.07497303932905197
1696.6666666666667,25.174222222222216,10.53219530149363,0.07741122627630363,0.0,0.07488815486431122
1697.0,25.256066666666662,10.61269349520444,0.07772056184583931,0.0,0.07485377043485641
1697.3333333333333,25.337911111111104,10.693185140553396,0.07795256352299107,0.0,0.0748443603515625
1697.6666666666667,25.41975555555555,10.773673511721427,0.0784939007696785,0.0,0.07473728060722351
1698.0,25.501599999999996,10.854165975615615,0.0788032363392142,0.0,0.07470448315143585
1698.3333333333335,25.58344444444444,10.934657620964572,0.07918990580113379,0.0,0.07464787364006042
1698.6666666666665,25.665288888888885,11.015155814675381,0.07918990580113379,0.0,0.07471205294132233
1699.0,25.747133333333327,11.095646641479107,0.07942190747828555,0.0,0.07470392435789108
1699.3333333333335,25.828977777777776,11.176135831192369,0.07988591083258907,0.0,0.07462434470653534
1699.6666666666667,25.910822222222215,11.256633206357947,0.08042724807927651,0.0,0.07452253252267838
1700.0,25.992666666666665,11.33712812588783,0.08050458197166042,0.0,0.07456297427415848
1700.3333333333333,26.074511111111104,11.417606674513081,0.08073658364881219,0.0,0.07455623894929886
1700.6666666666667,26.156355555555553,11.498118783492828,0.0812005870031157,0.0,0.07447956502437592
1701.0,26.238199999999992,11.578605517570395,0.08143258868026747,0.0,0.07447344064712524
1701.3333333333333,26.32004444444444,11.65909143310273,0.0819739259269549,0.0,0.07437513768672943
1701.6666666666667,26.401888888888884,11.739592900994467,0.08228326149649058,0.0,0.0743466392159462
1702.0,26.48373333333333,11.820089457614813,0.08228326149649058,0.0,0.07440977543592453
1702.3333333333335,26.565577777777772,11.90057619169238,0.08251526317364234,0.0,0.07440412044525146
1702.6666666666665,26.647422222222218,11.98106456286041,0.08282459874317802,0.0,0.07437586784362793
1703.0,26.729266666666664,12.06156766784261,0.08305660042032978,0.0,0.07437076419591904
1703.3333333333333,26.811111111111106,12.14205603901064,0.08367527155940113,0.0,0.07425335794687271
1703.6666666666667,26.892955555555552,12.222541135997744,0.08437127659085641,0.0,0.07411610335111618
1704.0,26.974799999999995,12.303038511163322,0.08444861048324033,0.0,0.07415714859962463
1704.3333333333333,27.05664444444444,12.383531793602742,0.08444861048324033,0.0,0.07422031462192535
1704.6666666666667,27.138488888888883,12.46402425749693,0.08460327826800818,0.0,0.07423943281173706
1705.0,27.22033333333333,12.544514265755424,0.08514461551469561,0.0,0.07414870709180832
1705.3333333333333,27.30217777777777,12.625019826373318,0.08537661719184737,0.0,0.07414667308330536
1705.6666666666665,27.384022222222217,12.70550410481519,0.08584062054615088,0.0,0.07407958060503006
1706.0,27.46586666666666,12.7859867461666,0.08607262222330264,0.0,0.07407809048891068
1706.3333333333335,27.547711111111102,12.86649066969403,0.08622729000807049,0.0,0.07409834116697311
1706.6666666666665,27.62955555555555,12.946979040862061,0.08669129336237401,0.0,0.0740327388048172
1707.0,27.711399999999994,13.027464956394397,0.08676862725475792,0.0,0.07407476752996445
1707.3333333333333,27.793244444444436,13.107978702464607,0.08730996450144536,0.0,0.0739888846874237
1707.6666666666667,27.875088888888886,13.188469529268332,0.08761930007098104,0.0,0.07396753877401352
1708.0,27.95693333333333,13.26894644080312,0.08800596953290064,0.0,0.07392554730176926
1708.3333333333333,28.03877777777777,13.34945527560194,0.08831530510243632,0.0,0.07390500605106354
1708.6666666666667,28.120622222222213,13.429936279862886,0.08846997288720415,0.0,0.07392650097608566
1709.0,28.202466666666663,13.51043119939277,0.088624640671972,0.0,0.07394803315401077
1709.3333333333333,28.284311111111105,13.590927756013116,0.08870197456435591,0.0,0.07399047911167145
1709.6666666666665,28.36615555555555,13.671414490090683,0.08901131013389159,0.0,0.07397034019231796
1710.0,28.447999999999997,13.75191677652765,0.08901131013389159,0.0,0.0740337148308754
1710.3333333333335,28.529844444444443,13.83239941787906,0.08908864402627552,0.0,0.07407621294260025
1710.6666666666667,28.61168888888888,13.912883696320932,0.08924331181104335,0.0,0.07409784942865372
1711.0,28.693533333333328,13.993394168210216,0.08932064570342728,0.0,0.07414038479328156
1711.3333333333333,28.775377777777766,14.073876809561625,0.08947531348819511,0.0,0.07416200637817383
1711.6666666666667,28.85722222222222,14.15436763636535,0.08993931684249863,0.0,0.0741005465388298
1712.0,28.93906666666666,14.23488138243556,0.09048065408918607,0.0,0.07401950657367706
1712.3333333333333,29.02091111111111,14.315362386696506,0.09086732355110566,0.0,0.07398050278425217
1712.6666666666667,29.10275555555555,14.395851576409768,0.09109932522825742,0.0,0.07398277521133423
1713.0,29.184599999999996,14.476355499937199,0.09125399301302527,0.0,0.07400547713041306
1713.3333333333335,29.26644444444444,14.556838141288608,0.0917953302597127,0.0,0.0739271342754364
1713.6666666666665,29.34828888888888,14.63732241973048,0.0921819997216323,0.0,0.07388998568058014
1714.0,29.43013333333333,14.717818157805596,0.09249133529116799,0.0,0.07387340813875198
1714.3333333333335,29.511977777777773,14.79831389588071,0.0929553386454715,0.0,0.07381745427846909
1714.6666666666667,29.593822222222215,14.878809633955825,0.09318734032262325,0.0,0.07382151484489441
1715.0,29.67566666666666,14.959307009121403,0.09380601146169462,0.0,0.073727548122406
1715.3333333333333,29.757511111111107,15.03978801338235,0.09403801313884637,0.0,0.07373227924108505
1715.6666666666667,29.839355555555546,15.12029193690978,0.09442468260076597,0.0,0.07369817793369293
1716.0,29.921199999999992,15.200772941170726,0.09473401817030165,0.0,0.07368393242359161
1716.3333333333333,30.003044444444438,15.28126867924584,0.09504335373983733,0.0,0.07366994023323059
1716.6666666666667,30.084888888888884,15.361772602773272,0.09519802152460517,0.0,0.07369451224803925
1717.0,30.166733333333326,15.442266703757923,0.09558469098652476,0.0,0.07366152852773666
1717.3333333333335,30.248577777777776,15.52274770801887,0.09573935877129261,0.0,0.07368617504835129
1717.6666666666665,30.330422222222214,15.6032516315463,0.09581669266367653,0.0,0.07372985035181046
1718.0,30.41226666666666,15.683739184169099,0.0961260282332122,0.0,0.07371633499860764
1718.3333333333333,30.494111111111103,15.764218551339582,0.09635802991036396,0.0,0.07372201979160309
1718.6666666666667,30.575955555555545,15.844724111957476,0.09674469937228357,0.0,0.07368984818458557
1719.0,30.657799999999995,15.925216575851664,0.0968993671570514,0.0,0.07371467351913452
1719.3333333333333,30.739644444444437,16.005705765564926,0.0968993671570514,0.0,0.07377739995718002
1719.6666666666667,30.821488888888886,16.086198229459114,0.09720870272658708,0.0,0.07376448065042496
1720.0,30.90333333333333,16.166690693353303,0.097286036618971,0.0,0.0738082304596901
1720.3333333333333,30.98517777777777,16.247196253971197,0.09790470775804236,0.0,0.07372011244297028
1720.6666666666665,31.067022222222214,16.327677258232143,0.0980593755428102,0.0,0.07374502718448639
1721.0,31.148866666666656,16.40816317376448,0.09813670943519412,0.0,0.07378853112459183
1721.3333333333335,31.230711111111106,16.488675282744225,0.09813670943519412,0.0,0.07385066151618958
1721.6666666666665,31.31255555555555,16.56915628700517,0.09829137721996196,0.0,0.07387512922286987
1722.0,31.39439999999999,16.649635654175654,0.09852337889711371,0.0,0.07388070225715637
1722.3333333333333,31.47624444444444,16.730151037336327,0.09875538057426547,0.0,0.07388634234666824
1722.6666666666667,31.558088888888886,16.810627130325884,0.09875538057426547,0.0,0.07394808530807495
1723.0,31.639933333333328,16.891122868401,0.0988327144666494,0.0,0.07399100065231323
1723.3333333333333,31.721777777777767,16.971623517747503,0.09929671782095291,0.0,0.07394033670425415
1723.6666666666667,31.803622222222216,17.052114344551228,0.09945138560572075,0.0,0.07396458089351654
1724.0,31.88546666666666,17.132610082626343,0.0996060533904886,0.0,0.07398883998394012
1724.3333333333333,31.967311111111105,17.21309108688729,0.09976072117525643,0.0,0.07401328533887863
1724.6666666666665,32.04915555555555,17.293596647505183,0.09999272285240819,0.0,0.07401952147483826
1725.0,32.13099999999999,17.374095659761224,0.10007005674479211,0.0,0.0740630254149437
1725.3333333333335,32.212844444444436,17.454575026931707,0.10014739063717604,0.0,0.07410654425621033
1725.6666666666667,32.29468888888888,17.53507076500682,0.10022472452955995,0.0,0.07415023446083069
1726.0,32.37653333333333,17.6155681401724,0.10030205842194387,0.0,0.0741940587759018
1726.3333333333333,32.45837777777777,17.696052418614272,0.10092072956101523,0.0,0.07410798966884613
1726.6666666666667,32.54022222222221,17.77653997123707,0.10123006513055091,0.0,0.0740966796875
1727.0,32.62206666666666,17.857047168945428,0.10169406848485443,0.0,0.07404901087284088
1727.3333333333333,32.70391111111111,17.937529810296837,0.10200340405439011,0.0,0.07403843104839325
1727.6666666666667,32.785755555555546,18.018027185462415,0.10254474130107755,0.0,0.0739738717675209
1728.0,32.86759999999999,18.09852292353753,0.10339541411730066,0.0,0.07383882999420166
1728.3333333333335,32.94944444444443,18.179008839069866,0.1039367513639881,0.0,0.07377692312002182
1728.6666666666665,33.03128888888889,18.259501302964054,0.10424608693352377,0.0,0.07376863062381744
1729.0,33.11313333333333,18.339998678129632,0.10463275639544338,0.0,0.07374295592308044
1729.3333333333335,33.194977777777765,18.420507512928452,0.10509675974974689,0.0,0.0737001895904541
1729.6666666666667,33.276822222222215,18.50099997682264,0.10571543088881825,0.0,0.07362352311611176
1730.0,33.358666666666664,18.581464610178955,0.10610210035073785,0.0,0.0735994204878807
1730.3333333333333,33.44051111111111,18.661963622434996,0.10664343759742528,0.0,0.07354144006967545
1730.6666666666667,33.52235555555554,18.742472457233816,0.10703010705934489,0.0,0.07351815700531006
1731.0,33.60419999999999,18.822953461494762,0.10772611209080016,0.0,0.0734279528260231
1731.3333333333333,33.68604444444444,18.90344101411756,0.10803544766033585,0.0,0.07342254370450974
1731.6666666666667,33.76788888888888,18.983941663464066,0.10826744933748761,0.0,0.07343390583992004
1732.0,33.849733333333326,19.06443249026779,0.10896345436894288,0.0,0.07334556430578232
1732.3333333333335,33.93157777777777,19.144921679981053,0.10919545604609464,0.0,0.07335729897022247
1732.6666666666665,34.01342222222222,19.225427240598947,0.10935012383086248,0.0,0.07338550686836243
1733.0,34.09526666666666,19.305904970678966,0.10965945940039816,0.0,0.07338062673807144
1733.3333333333333,34.1771111111111,19.386408894206397,0.11027813053946951,0.0,0.07331040501594543
1733.6666666666667,34.258955555555545,19.466899721010122,0.1109741355709248,0.0,0.07322501391172409
1734.0,34.34079999999999,19.547400370356627,0.11151547281761223,0.0,0.073172926902771
1734.3333333333333,34.422644444444444,19.62789610843174,0.11205681006429967,0.0,0.07312151789665222
1734.6666666666667,34.504488888888886,19.708364015968982,0.11228881174145143,0.0,0.07313427329063416
1735.0,34.58633333333332,19.78887121367734,0.11275281509575495,0.0,0.07309943437576294
1735.3333333333333,34.668177777777764,19.86935385502875,0.1133714862348263,0.0,0.07303356379270554
1735.6666666666665,34.75002222222221,19.949841407651547,0.11383548958912983,0.0,0.07299987226724625
1736.0,34.83186666666666,20.03035187954083,0.11422215905104942,0.0,0.07298215478658676
1736.3333333333335,34.9137111111111,20.110845980525482,0.1156915030063439,0.0,0.07274983823299408
1736.6666666666665,34.99555555555555,20.19131716224365,0.11615550636064742,0.0,0.07271864265203476
1737.0,35.0774,20.27183090831386,0.1164648419301831,0.0,0.07271809130907059
1737.3333333333333,35.15924444444444,20.35232009802712,0.11661950971495093,0.0,0.07274779677391052
1737.6666666666667,35.24108888888888,20.432809287740383,0.1169288452844866,0.0,0.07274738699197769
1738.0,35.32293333333332,20.51332139672013,0.1172381808540223,0.0,0.0727471187710762
1738.3333333333333,35.40477777777777,20.593790941347834,0.11739284863879013,0.0,0.07277698069810867
1738.6666666666667,35.486622222222216,20.67429813905619,0.11762485031594189,0.0,0.07279191166162491
1739.0,35.56846666666666,20.7547807804076,0.11762485031594189,0.0,0.07285192608833313
1739.3333333333333,35.6503111111111,20.83526342175901,0.11785685199309365,0.0,0.07286690920591354
1739.6666666666665,35.73215555555555,20.91576243401505,0.11832085534739717,0.0,0.07283738255500793
1740.0,35.81399999999999,20.99625980918063,0.11839818923978108,0.0,0.07288272678852081
1740.3333333333335,35.98615555555555,21.165585712878965,0.11863019091693285,0.0,0.07289815694093704
1740.6666666666667,36.158311111111104,21.3348805118585,0.11901686037885244,0.0,0.07288383692502975
1741.0,36.33046666666666,21.50418677047128,0.11932619594838813,0.0,0.07288456708192825
1741.3333333333333,36.502622222222215,21.673506125807762,0.11948086373315596,0.0,0.07291503250598907
1741.6666666666667,36.67477777777776,21.842823844053783,0.11955819762553987,0.0,0.07296024262905121
1742.0,36.846933333333325,22.012133376847487,0.11986753319507557,0.0,0.07296089082956314
1742.3333333333333,37.01908888888888,22.18143636127934,0.1200222009798434,0.0,0.07299118489027023
1742.6666666666667,37.19124444444443,22.35075407952536,0.12009953487222731,0.0,0.07303624600172043
1743.0,37.36339999999999,22.520075071952306,0.12009953487222731,0.0,0.07309607416391373
1743.3333333333335,37.535555555555554,22.689382967655547,0.120408870441763,0.0,0.07309643179178238
1743.6666666666665,37.7077111111111,22.85870723426342,0.1207955399036826,0.0,0.07308213412761688
1744.0,37.87986666666666,23.028006944514345,0.12095020768845044,0.0,0.07311227172613144
1744.3333333333335,38.05202222222222,23.197323025669903,0.12110487547321827,0.0,0.0731423869729042
1744.6666666666667,38.22417777777777,23.366635832644533,0.12125954325798612,0.0,0.07317249476909637
1745.0,38.396333333333324,23.53595682507148,0.12149154493513788,0.0,0.07318779826164246
1745.3333333333333,38.56848888888888,23.705246712779626,0.12187821439705747,0.0,0.07317383587360382
1745.6666666666667,38.740644444444435,23.874574253568426,0.1219555482894414,0.0,0.073218934237957
1746.0,38.91279999999999,24.04389360890491,0.12203288218182531,0.0,0.07326402515172958
1746.3333333333333,39.084955555555545,24.213199867517687,0.12226488385897707,0.0,0.07327961921691895
1746.6666666666667,39.2571111111111,24.38249794067815,0.1224195516437449,0.0,0.07331013679504395
1747.0,39.429266666666656,24.55182548146695,0.12280622110566451,0.0,0.07329658418893814
1747.3333333333335,39.60142222222221,24.7211284658988,0.12280622110566451,0.0,0.07335667312145233
1747.6666666666665,39.77357777777776,24.89044618414482,0.12342489224473586,0.0,0.07329957187175751
1748.0,39.94573333333333,25.059775362024084,0.12357956002950371,0.0,0.07333049923181534
1748.3333333333333,40.117888888888885,25.229058701370377,0.12381156170665547,0.0,0.07334692776203156
1748.6666666666667,40.29004444444443,25.398386242159177,0.1239662294914233,0.0,0.07337796688079834
1749.0,40.46219999999999,25.567685952410102,0.12427556506095898,0.0,0.07338003069162369
1749.3333333333333,40.63435555555555,25.7370134931989,0.12443023284572682,0.0,0.07341131567955017
1749.6666666666667,40.80651111111111,25.906323025992606,0.12450756673811074,0.0,0.07345721125602722
1750.0,40.978666666666655,26.07561782497214,0.12497157009241426,0.0,0.07343049347400665
1750.3333333333333,41.15082222222222,26.244953551213257,0.125203571769566,0.0,0.07344776391983032
1750.6666666666665,41.32297777777777,26.41425653564511,0.12535823955433387,0.0,0.073479562997818
1751.0,41.49513333333332,26.583566068438813,0.1255129073391017,0.0,0.07351145893335342
1751.3333333333335,41.667288888888876,26.75290179467993,0.12566757512386953,0.0,0.07354338467121124
1751.6666666666665,41.83944444444444,26.922193319478538,0.1258222429086374,0.0,0.07357534021139145
1752.0,42.01159999999999,27.09151267481502,0.12613157847817305,0.0,0.07357848435640335
1752.3333333333333,42.18375555555554,27.26082384469919,0.1267502496172444,0.0,0.07352432608604431
1752.6666666666667,42.355911111111105,27.430133377492893,0.12698225129439616,0.0,0.07354243099689484
1753.0,42.52806666666666,27.59944945864845,0.12760092243346755,0.0,0.07348933070898056
1753.3333333333333,42.70022222222221,27.76875080598984,0.12837426135730673,0.0,0.0734088271856308
1753.6666666666667,42.87237777777777,27.938061975874007,0.12837426135730673,0.0,0.07346999645233154
1754.0,43.04453333333333,28.107389516662806,0.12883826471161025,0.0,0.07344654947519302
1754.3333333333333,43.21668888888888,28.276690864004195,0.12930226806591377,0.0,0.07342343777418137
1754.6666666666665,43.38884444444444,28.44601185643114,0.1294569358506816,0.0,0.07345657795667648
1755.0,43.560999999999986,28.615309929591604,0.1298436053126012,0.0,0.07344773411750793
1755.3333333333335,43.73315555555555,28.784624373656698,0.13023027477452082,0.0,0.07343925535678864
1755.6666666666667,43.905311111111104,28.95395846280735,0.13046227645167255,0.0,0.07345869392156601
1756.0,44.07746666666665,29.123253261786886,0.13046227645167255,0.0,0.07351983338594437
1756.3333333333333,44.249622222222214,29.292564431671053,0.1306169442364404,0.0,0.07355308532714844
1756.6666666666667,44.42177777777777,29.461869053193368,0.1306942781288243,0.0,0.0736004039645195
1757.0,44.59393333333332,29.63120314234402,0.13084894591359217,0.0,0.07363367825746536
1757.3333333333333,44.76608888888887,29.80050448968541,0.13100361369836,0.0,0.07366693764925003
1757.6666666666667,44.938244444444436,29.969818933750503,0.1313129492678957,0.0,0.07367223501205444
1758.0,45.1104,30.139136651996523,0.13162228483743135,0.0,0.07367761433124542
1758.3333333333335,45.28255555555554,30.30843799933791,0.13200895429935094,0.0,0.07366921752691269
1758.6666666666665,45.4547111111111,30.477732798317447,0.1322409559765027,0.0,0.0736885666847229
1759.0,45.626866666666665,30.647073435829952,0.13262762543842233,0.0,0.0736803263425827
1759.3333333333335,45.79902222222221,30.816368234809488,0.13301429490034192,0.0,0.07367240637540817
1759.6666666666667,45.97117777777777,30.985695775598288,0.13309162879272582,0.0,0.07371959090232849
1760.0,46.14333333333333,31.155026590568013,0.13324629657749368,0.0,0.07375294715166092
1760.3333333333333,46.31548888888888,31.324314841185696,0.1337876338241811,0.0,0.0737176463007927
1760.6666666666667,46.487644444444435,31.49363910779357,0.1340969693937168,0.0,0.07372371852397919
1761.0,46.65979999999999,31.662933906773105,0.13440630496325245,0.0,0.07372976839542389
1761.3333333333333,46.831955555555545,31.8322483508382,0.1349476422099399,0.0,0.073695108294487
1761.6666666666667,47.0041111111111,32.001575891627,0.13541164556424343,0.0,0.07367437332868576
1762.0,47.176266666666656,32.17086414224468,0.13541164556424343,0.0,0.0737348422408104
1762.3333333333335,47.34842222222221,32.34019168303348,0.13556631334901126,0.0,0.07376813888549805
1762.6666666666665,47.52057777777777,32.50950285291765,0.13587564891854695,0.0,0.07377444952726364
1763.0,47.69273333333333,32.67882711952552,0.13603031670331478,0.0,0.07380790263414383
1763.3333333333333,47.86488888888887,32.84813828940969,0.13672632173477006,0.0,0.07374711334705353
1763.6666666666667,48.03704444444444,33.017442910932004,0.13742232676622534,0.0,0.07368726283311844
1764.0,48.209199999999996,33.186750806635246,0.13734499287384141,0.0,0.07376113533973694
1764.3333333333333,48.381355555555544,33.35607179906219,0.137731662335761,0.0,0.0737549364566803
1764.6666666666667,48.5535111111111,33.52537314640358,0.13835033347483236,0.0,0.07370907068252563
1765.0,48.72566666666666,33.69468104210682,0.13873700293675198,0.0,0.07370349019765854
1765.3333333333333,48.89782222222221,33.86398566362914,0.13896900461390374,0.0,0.07372445613145828
1765.6666666666665,49.069977777777765,34.033323026960716,0.13943300796820723,0.0,0.07370594143867493
1766.0,49.24213333333333,34.20263747102581,0.13997434521489469,0.0,0.07367487996816635
1766.3333333333335,49.414288888888876,34.37191589910071,0.1404383485691982,0.0,0.0736573189496994
1766.6666666666665,49.58644444444443,34.54126308497507,0.14067035024634997,0.0,0.07367905229330063
1767.0,49.75859999999999,34.71055788395461,0.1412116874930374,0.0,0.07364892959594727
1767.3333333333333,49.93075555555556,34.879895247286186,0.1416756908473409,0.0,0.073632150888443
1767.6666666666667,50.1029111111111,35.049212965532206,0.14229436198641227,0.0,0.07359004020690918
1768.0,50.27506666666666,35.218478296883404,0.14260369755594796,0.0,0.07359952479600906
1768.3333333333333,50.447222222222216,35.38781893439591,0.14291303312548365,0.0,0.07360909879207611
1768.6666666666667,50.61937777777777,35.55711700755637,0.14337703647978714,0.0,0.07359325140714645
1769.0,50.79153333333332,35.72643799998332,0.1436090381569389,0.0,0.07361570000648499
1769.3333333333333,50.96368888888888,35.8957753633149,0.14384103983409066,0.0,0.0736381858587265
1769.6666666666665,51.13584444444443,36.06504724302795,0.14399570761885852,0.0,0.07367338240146637
1770.0,51.30799999999999,36.2343813321786,0.14422770929601028,0.0,0.07369591295719147
1770.3333333333335,51.48015555555555,36.40370559878647,0.14453704486554594,0.0,0.07370571792125702
1770.6666666666667,51.652311111111096,36.57298075268045,0.1447690465426977,0.0,0.07372821867465973
1771.0,51.82446666666666,36.74230829346925,0.1450783821122334,0.0,0.07373806089162827
1771.3333333333333,51.996622222222214,36.91163583425805,0.14569705325130475,0.0,0.07369755208492279
1771.6666666666667,52.16877777777776,37.080940455780365,0.1460063888208404,0.0,0.07370764762163162
1772.0,52.340933333333325,37.25024507730268,0.14616105660560827,0.0,0.07374288886785507
1772.3333333333333,52.51308888888889,37.41955297300592,0.14647039217514393,0.0,0.0737529769539833
1772.6666666666667,52.68524444444443,37.588867417071015,0.14677972774467962,0.0,0.07376310974359512
1773.0,52.85739999999999,37.75820805458352,0.14701172942183138,0.0,0.07378576695919037
1773.3333333333335,53.02955555555555,37.927493031020276,0.1470890633142153,0.0,0.07383343577384949
1773.6666666666665,53.2017111111111,38.09680747508537,0.14739839888375098,0.0,0.07384349405765533
1774.0,53.37386666666665,38.26614483841695,0.14739839888375098,0.0,0.07390360534191132
1774.3333333333335,53.54602222222221,38.43545273412019,0.14770773445328667,0.0,0.0739135593175888
1774.6666666666667,53.71817777777777,38.6047442589188,0.1478624022380545,0.0,0.07394856214523315
1775.0,53.890333333333324,38.774101267335936,0.1481717378075902,0.0,0.07395856827497482
1775.3333333333333,54.06248888888888,38.943402614677325,0.14832640559235802,0.0,0.07399357855319977
1775.6666666666667,54.23464444444444,39.1126777685713,0.14925441230096506,0.0,0.07390410453081131
1776.0,54.40679999999999,39.28202495444566,0.14979574954765248,0.0,0.07387758791446686
1776.3333333333333,54.578955555555545,39.45130665670149,0.15033708679433994,0.0,0.07385142892599106
1776.6666666666667,54.7511111111111,39.62063419749029,0.15072375625625953,0.0,0.07385009527206421
1777.0,54.923266666666656,39.78995518991724,0.15087842404102736,0.0,0.07388554513454437
1777.3333333333335,55.095422222222204,39.95922379544936,0.1514197612877148,0.0,0.07385994493961334
1777.6666666666665,55.26757777777777,40.12856770714279,0.15196109853440223,0.0,0.07383465766906738
1778.0,55.43973333333333,40.29788542538881,0.15242510188870576,0.0,0.07382185757160187
1778.3333333333333,55.61188888888888,40.46716057928279,0.15312110692016104,0.0,0.07377340644598007
1778.6666666666667,55.78404444444444,40.63655032950919,0.1536624441668485,0.0,0.07374946773052216
1779.0,55.95619999999998,40.805792741593905,0.15389444584400022,0.0,0.07377356290817261
1779.3333333333333,56.12835555555555,40.97509736311622,0.15443578309068767,0.0,0.0737503170967102
1779.6666666666667,56.3005111111111,41.14445764571428,0.15474511866022336,0.0,0.07376304268836975
1780.0,56.472666666666655,41.31374262215104,0.1552864559069108,0.0,0.07374034076929092
1780.3333333333333,56.64482222222222,41.48305379203521,0.1552864559069108,0.0,0.07380057871341705
1780.6666666666665,56.81697777777777,41.652391155366786,0.15536378979929472,0.0,0.07384901493787766
1781.0,56.989133333333314,41.82167940598447,0.15567312536883038,0.0,0.07386184483766556
1781.3333333333335,57.161288888888876,41.99099712423049,0.15582779315359824,0.0,0.07389850169420242
1781.6666666666665,57.333444444444446,42.1603508584667,0.15598246093836607,0.0,0.07393520325422287
1782.0,57.50559999999999,42.329619463998824,0.15621446261551783,0.0,0.07396013289690018
1782.3333333333333,57.677755555555535,42.49893063388299,0.15660113207743742,0.0,0.07396149635314941
1782.6666666666667,57.849911111111105,42.668290916481055,0.15706513543174094,0.0,0.07395127415657043
1783.0,58.02206666666666,42.837572618736885,0.1572971371088927,0.0,0.07397662103176117
1783.3333333333333,58.19422222222221,43.006864143535495,0.15776114046319623,0.0,0.07396680116653442
1783.6666666666667,58.36637777777777,43.176217877771705,0.15830247770988365,0.0,0.07394563406705856
1784.0,58.538533333333326,43.34546028985642,0.1584571454946515,0.0,0.07398317754268646
1784.3333333333333,58.71068888888888,43.51481402409263,0.15915315052610676,0.0,0.07393920421600342
1784.6666666666665,58.88284444444443,43.68415793578606,0.1600811572347138,0.0,0.07386127859354019
1785.0,59.05499999999999,43.85339379950892,0.16015849112709774,0.0,0.07391087710857391
1785.3333333333335,59.227155555555555,44.02276063046884,0.16031315891186557,0.0,0.07394903898239136
1785.6666666666667,59.3993111111111,44.19210126798134,0.1607771622661691,0.0,0.0739411860704422
1786.0,59.57146666666665,44.36134695424698,0.16100916394332085,0.0,0.07396814227104187
1786.3333333333333,59.743622222222214,44.530717059387825,0.1612411656204726,0.0,0.07399521768093109
1786.6666666666667,59.91577777777778,44.69998566491995,0.16131849951285654,0.0,0.07404536008834839
1787.0,60.087933333333325,44.86927391553763,0.16224650622146355,0.0,0.07396934926509857
1787.3333333333333,60.260088888888866,45.03862437559292,0.16247850789861532,0.0,0.07399675250053406
1787.6666666666667,60.432244444444436,45.20792244875338,0.16286517736053494,0.0,0.07400140166282654
1788.0,60.6044,45.37723689281847,0.1631745129300706,0.0,0.07401756942272186
1788.3333333333335,60.77655555555554,45.54660044959746,0.1635611823919902,0.0,0.07402247190475464
1788.6666666666665,60.9487111111111,45.71586905512959,0.16387051796152588,0.0,0.07403884083032608
1789.0,61.12086666666666,45.885180225013755,0.16410251963867764,0.0,0.07406660914421082
1789.3333333333335,61.29302222222221,46.05450449162163,0.16425718742344547,0.0,0.07410573959350586
1789.6666666666667,61.46517777777776,46.22379274223931,0.16456652299298116,0.0,0.07412220537662506
1790.0,61.63733333333333,46.39313665393274,0.16479852467013292,0.0,0.07415001094341278
1790.3333333333333,61.80948888888887,46.56247729144525,0.16518519413205252,0.0,0.07415521144866943
1790.6666666666667,61.981644444444434,46.731752445339225,0.16541719580920428,0.0,0.07418309897184372
1791.0,62.15379999999999,46.901053792680614,0.1659585330558917,0.0,0.07416592538356781
1791.3333333333333,62.325955555555545,47.07147818407975,0.16657720419496308,0.0,0.07413789629936218
1791.6666666666667,62.49811111111111,47.243588778655976,0.16719587533403443,0.0,0.07411026209592819
1792.0,62.670266666666656,47.41572556667961,0.16758254479595402,0.0,0.07411627471446991
1792.3333333333335,62.84242222222221,47.5879311125027,0.16812388204264148,0.0,0.07410021871328354
1792.6666666666665,63.01457777777776,47.760038432898,0.16851055150456107,0.0,0.07410646975040436
1793.0,63.18673333333333,47.93219814018812,0.1689745548588646,0.0,0.07410184293985367
1793.3333333333333,63.358888888888885,48.10439713764936,0.169515892105552,0.0,0.07408636063337326
1793.6666666666667,63.53104444444442,48.27649136132095,0.1698252276750877,0.0,0.07410400360822678
1794.0,63.70319999999999,48.448654342792,0.17067590049131082,0.0,0.07404522597789764
1794.3333333333333,63.87535555555556,48.62085006607231,0.17098523606084648,0.0,0.07406312972307205
1794.6666666666667,64.04751111111109,48.792977031553164,0.17113990384561434,0.0,0.07410277426242828
1795.0,64.21966666666665,48.96515310974792,0.17129457163038217,0.0,0.07414234429597855
1795.3333333333333,64.39182222222222,49.13730954285711,0.17191324276945352,0.0,0.07411669939756393
1795.6666666666665,64.56397777777777,49.309456153423525,0.17245458001614097,0.0,0.07410215586423874
1796.0,64.73613333333331,49.48163223161828,0.1726092478009088,0.0,0.07414174824953079
1796.3333333333335,64.90828888888888,49.65373627783265,0.17353725450951585,0.0,0.07407362759113312
1796.6666666666665,65.08044444444444,49.82591563020833,0.1737692561866676,0.0,0.07410257309675217
1797.0,65.2526,49.99811790185049,0.17400125786381937,0.0,0.07413160055875778
1797.3333333333333,65.42475555555554,50.170212125522085,0.1745425951105068,0.0,0.07411785423755646
1797.6666666666667,65.5969111111111,50.34240130044054,0.17508393235719424,0.0,0.07410449534654617
1798.0,65.76906666666667,50.514587201178074,0.17562526960388167,0.0,0.07409151643514633
1798.3333333333333,65.94122222222221,50.686691247392446,0.17585727128103343,0.0,0.0741211324930191
1798.6666666666667,66.11337777777776,50.858886970672756,0.17632127463533695,0.0,0.07411915063858032
1799.0,66.28553333333333,51.0310499521438,0.17709461355917616,0.0,0.07407528907060623
1799.3333333333333,66.45768888888888,51.203153998358175,0.17786795248301535,0.0,0.07403218746185303
1799.6666666666665,66.62984444444443,51.375326802372,0.1784866236220867,0.0,0.07401053607463837
1800.0,66.80199999999999,51.547509428928606,0.1788732930840063,0.0,0.0740204006433487
1800.3333333333335,66.52118888888889,51.266646914882585,0.1792599625459259,0.0,0.07403042912483215
1800.6666666666667,66.24037777777778,50.985830239369534,0.1796466320078455,0.0,0.07404065877199173
1801.0,65.95956666666666,50.705039757303894,0.1800333014697651,0.0,0.07405107468366623
1801.3333333333333,65.67875555555554,50.42427219450474,0.18049730482406862,0.0,0.07405130565166473
1801.6666666666667,65.39794444444443,50.14339658373501,0.18111597596313997,0.0,0.07403122633695602
1802.0,65.11713333333333,49.86261592421215,0.1815799793174435,0.0,0.07403199374675751
1802.3333333333333,64.83632222222221,49.58177960361354,0.18212131656413094,0.0,0.0740227922797203
1802.6666666666667,64.5555111111111,49.30103496008087,0.1828173215955862,0.0,0.07399359345436096
1803.0,64.2747,49.020149526768364,0.18320399105750582,0.0,0.07400525361299515
1803.3333333333335,63.99388888888889,48.73934267379809,0.18374532830419324,0.0,0.07399693876504898
1803.6666666666665,63.71307777777776,48.45854236918967,0.18374532830419324,0.0,0.07405943423509598
1804.0,63.432266666666656,48.177804274018854,0.183977329981345,0.0,0.07409157603979111
1804.3333333333335,63.15145555555554,47.8969253890682,0.18420933165849676,0.0,0.07412370294332504
1804.6666666666667,62.870644444444444,47.616085794288665,0.18451866722803245,0.0,0.07414570450782776
1805.0,62.58983333333333,47.3352920380421,0.18482800279756811,0.0,0.07416771352291107
1805.3333333333333,62.30902222222222,47.054557217052206,0.18560134172140733,0.0,0.07412933558225632
1805.6666666666667,62.0282111111111,46.77753531723283,0.18645201453763044,0.0,0.07408151775598526
1806.0,61.747399999999985,46.501358156092465,0.1866840162147822,0.0,0.07411392033100128
1806.3333333333333,61.46658888888888,46.2251940916758,0.18691601789193396,0.0,0.0741463154554367
1806.6666666666667,61.18577777777777,45.94904312398285,0.18722535346146962,0.0,0.07416873425245285
1807.0,60.90496666666666,45.67283976939507,0.1875346890310053,0.0,0.07419116795063019
1807.3333333333335,60.624155555555554,45.39664296316914,0.18815336017007667,0.0,0.07417388260364532
1807.6666666666665,60.34334444444444,45.12048872129526,0.18900403298629978,0.0,0.07412729412317276
1808.0,60.062533333333334,44.84435739868786,0.1890813668786837,0.0,0.07417970895767212
1808.3333333333333,59.78172222222221,44.56815076991916,0.18970003801775506,0.0,0.0741630271077156
1808.6666666666667,59.5009111111111,44.29194741533138,0.189777371910139,0.0,0.07421548664569855
1809.0,59.22009999999999,44.01579644763842,0.1902413752644425,0.0,0.07421858608722687
1809.3333333333333,58.93928888888888,43.73966839921195,0.1910147141882817,0.0,0.07418262958526611
1809.6666666666667,58.658477777777776,43.46345194790047,0.19147871754258522,0.0,0.07418613880872726
1810.0,58.37766666666666,43.18727151257917,0.19209738868165657,0.0,0.07417043298482895
1810.3333333333333,58.09685555555554,42.91111727070529,0.19263872592834402,0.0,0.0741647407412529
1810.6666666666665,57.81604444444444,42.63497612555511,0.19333473095979928,0.0,0.07414001226425171
1811.0,57.53523333333332,42.35877931932919,0.19387606820648673,0.0,0.07413488626480103
1811.3333333333335,57.25442222222221,42.0825628680177,0.19488140880747767,0.0,0.07407248765230179
1811.6666666666665,56.973611111111104,41.806405351962894,0.19550007994654905,0.0,0.07405857741832733
1812.0,56.69279999999999,41.53026748099364,0.19580941551608472,0.0,0.0740828588604927
1812.3333333333333,56.41198888888889,41.25410341657698,0.19673742222469176,0.0,0.07403134554624557
1812.6666666666667,56.13117777777778,40.97789351362735,0.1973560933637631,0.0,0.07401817291975021
1813.0,55.85036666666666,40.70172617502976,0.19758809504091487,0.0,0.07405231893062592
1813.3333333333333,55.569555555555546,40.42558830406051,0.19812943228760233,0.0,0.07404891401529312
1813.6666666666667,55.28874444444444,40.14940459455829,0.19851610174952192,0.0,0.07406436651945114
1814.0,55.00793333333333,39.87323398177978,0.19882543731905758,0.0,0.07408922165632248
1814.3333333333333,54.727122222222214,39.596997885382734,0.19936677456574503,0.0,0.07408609986305237
1814.6666666666665,54.4463111111111,39.32089275622275,0.19975344402766462,0.0,0.0741017684340477
1815.0,54.165499999999994,39.04469594999682,0.19998544570481638,0.0,0.07413606345653534
1815.3333333333335,53.88468888888888,38.76852533721831,0.2004494490591199,0.0,0.07414232939481735
1815.6666666666667,53.60387777777777,38.49231216008775,0.2012227879829591,0.0,0.07411157339811325
1816.0,53.32306666666666,38.216187385842204,0.20137745576772695,0.0,0.07415513694286346
1816.3333333333333,53.04225555555555,37.94001677306369,0.20191879301441437,0.0,0.07415229082107544
1816.6666666666667,52.76144444444444,37.66382978938054,0.20269213193825358,0.0,0.07412194460630417
1817.0,52.48063333333332,37.38764935405925,0.20307880140017318,0.0,0.0741378515958786
1817.3333333333333,52.19982222222222,37.111459096195176,0.2035428047544767,0.0,0.07414457947015762
1817.6666666666667,51.919011111111104,36.835340870311484,0.2039294742163963,0.0,0.07416058331727982
1818.0,51.6382,36.55911459645722,0.20423880978593198,0.0,0.07418577373027802
1818.3333333333335,51.357388888888885,36.282953806221485,0.20501214870977116,0.0,0.07415616512298584
1818.6666666666665,51.07657777777777,36.00676682253834,0.20524415038692292,0.0,0.0741906613111496
1819.0,50.795766666666665,35.73062567738816,0.20547615206407469,0.0,0.07422514259815216
1819.3333333333335,50.514955555555545,35.454428871162236,0.20578548763361038,0.0,0.0742504745721817
1819.6666666666667,50.23414444444444,35.17825171002187,0.20624949098791387,0.0,0.07425758242607117
1820.0,49.95333333333332,34.90208437142428,0.2067134943422174,0.0,0.07426483184099197
1820.3333333333333,49.67252222222222,34.62590721028391,0.20740949937367267,0.0,0.07424511015415192
1820.6666666666667,49.39171111111111,34.34974314586725,0.20810550440512796,0.0,0.07422570139169693
1821.0,49.1109,34.07355288800318,0.2087241755441993,0.0,0.07421557605266571
1821.3333333333333,48.83008888888889,33.79739209776744,0.2094201805756546,0.0,0.07419674098491669
1821.6666666666667,48.549277777777775,33.521205114084296,0.20972951614519028,0.0,0.07422276586294174
1822.0,48.26846666666666,33.24504432384856,0.21003885171472594,0.0,0.07424888014793396
1822.3333333333335,47.98765555555555,32.96887043688912,0.21088952453094906,0.0,0.07421273738145828
1822.6666666666665,47.706844444444435,32.692690001567826,0.21174019734717217,0.0,0.07417713850736618
1823.0,47.42603333333332,32.41651284042746,0.2122042007014757,0.0,0.07418595999479294
1823.3333333333333,47.14522222222222,32.14033895346802,0.21344154297961843,0.0,0.07410731911659241
1823.6666666666667,46.86441111111111,31.864181437413208,0.2145242174729933,0.0,0.07404720783233643
1824.0,46.5836,31.588010824634694,0.21529755639683248,0.0,0.07402241975069046
1824.3333333333333,46.302788888888884,31.311814018408768,0.21591622753590384,0.0,0.07401514053344727
1824.6666666666667,46.02197777777777,31.03565650235396,0.21630289699782346,0.0,0.07403374463319778
1825.0,45.74116666666666,30.759485889575444,0.2173082375988144,0.0,0.07398396730422974
1825.3333333333333,45.46035555555555,30.48328908334952,0.21823624430742145,0.0,0.07394333928823471
1825.6666666666665,45.17954444444444,30.20713156729471,0.2191642510160285,0.0,0.07390336692333221
1826.0,44.89873333333333,29.930951131973416,0.22024692550940336,0.0,0.07384717464447021
1826.3333333333335,44.61792222222222,29.654777245013975,0.22132960000277824,0.0,0.0737917497754097
1826.6666666666665,44.337111111111106,29.378613180597313,0.22179360335708176,0.0,0.07380316406488419
1827.0,44.05629999999999,29.10244911618065,0.22272161006568877,0.0,0.07376500219106674
1827.3333333333333,43.77548888888888,28.826258858316578,0.22372695066667975,0.0,0.07371912151575089
1827.6666666666667,43.494677777777774,28.550104616442695,0.2243456218057511,0.0,0.07371463626623154
1828.0,43.21386666666666,28.273930729483254,0.22480962516005462,0.0,0.07372657209634781
1828.3333333333333,42.933055555555555,27.99776011670474,0.2255829640838938,0.0,0.07370606064796448
1828.6666666666667,42.65224444444444,27.721569858840667,0.22643363690011692,0.0,0.07367784529924393
1829.0,42.37143333333333,27.445425439509563,0.22759364528587572,0.0,0.0736178383231163
1829.3333333333333,42.090622222222215,27.16921881074086,0.22859898588686667,0.0,0.07357455790042877
1829.6666666666665,41.80981111111111,26.893067843047902,0.2290629892411702,0.0,0.07358738780021667
1830.0,41.528999999999996,26.61687758518383,0.22929499091832195,0.0,0.07362401485443115
1830.3333333333335,41.24818888888888,26.3407298916718,0.22968166038024157,0.0,0.07364458590745926
1830.6666666666667,40.96737777777777,26.064528174174484,0.23076433487361644,0.0,0.07359382510185242
1831.0,40.68656666666666,25.78836902102921,0.23207901104414308,0.0,0.07352025806903839
1831.3333333333333,40.40575555555555,25.512175488984212,0.2326203482908305,0.0,0.07352560013532639
1831.6666666666667,40.12494444444444,25.236014698748477,0.23331635332228579,0.0,0.07351536303758621
1832.0,39.84413333333333,24.959829352155793,0.23424436003089283,0.0,0.07348205894231796
1832.3333333333333,39.56332222222222,24.68367019901052,0.2349403650623481,0.0,0.07347235828638077
1832.6666666666667,39.282511111111106,24.407488126598764,0.23555903620141946,0.0,0.07347049564123154
1833.0,39.00169999999999,24.13132733636303,0.2361003734481069,0.0,0.07347641885280609
1833.3333333333335,38.72088888888889,23.855137078498956,0.23664171069479434,0.0,0.07348239421844482
1833.6666666666665,38.44007777777777,23.578979562444147,0.23718304794148176,0.0,0.07348844408988953
1834.0,38.15926666666666,23.302795852941927,0.23795638686532097,0.0,0.07347173988819122
1834.3333333333335,37.878455555555554,23.0266301514348,0.23834305632724057,0.0,0.07349329441785812
1834.6666666666667,37.59764444444444,22.750449716113508,0.23988973417491896,0.0,0.07340127974748611
1835.0,37.31683333333333,22.474280740425456,0.24074040699114208,0.0,0.07337817549705505
1835.3333333333333,37.036022222222215,22.1980986680137,0.24104974256067777,0.0,0.07340782880783081
1835.6666666666667,36.75521111111111,21.921934603597037,0.24197774926928478,0.0,0.07337761670351028
1836.0,36.474399999999996,21.645760716637596,0.24267375430074006,0.0,0.07337018847465515
1836.3333333333333,36.19358888888888,21.369586829678155,0.24352442711696318,0.0,0.07334817200899124
1836.6666666666667,35.91277777777777,21.093409668537788,0.2439884304712667,0.0,0.07336344569921494
1837.0,35.63196666666667,20.81723250739742,0.24507110496464157,0.0,0.07331985235214233
1837.3333333333335,35.35115555555555,20.541056983347517,0.24561244221132902,0.0,0.07332818955183029
1837.6666666666665,35.070344444444444,20.264876548026223,0.2463857811351682,0.0,0.07331473380327225
1838.0,34.78953333333333,19.98870757233817,0.24692711838185566,0.0,0.07332345843315125
1838.3333333333333,34.50872222222222,19.712532048288267,0.24777779119807877,0.0,0.07330315560102463
1838.6666666666667,34.227911111111105,19.436356524238363,0.2490924673686054,0.0,0.07323985546827316
1839.0,33.94709999999999,19.16018754855031,0.2505618113238999,0.0,0.07316321134567261
1839.3333333333333,33.666288888888886,18.884020209952723,0.25241782474111396,0.0,0.07305247336626053
1839.6666666666667,33.38547777777777,18.607836500450503,0.25373250091164057,0.0,0.07299257069826126
1840.0,33.10466666666667,18.331678984395694,0.2546605076202476,0.0,0.0729682669043541
1840.3333333333333,32.823855555555554,18.055492000712547,0.2559751837907743,0.0,0.07290972769260406
1840.6666666666665,32.54304444444444,17.779321387934033,0.2570578582841491,0.0,0.0728725716471672
1841.0,32.26223333333333,17.50314586388413,0.25806319888514007,0.0,0.07284271717071533
1841.3333333333335,31.98142222222222,17.22697852528654,0.2601512139795059,0.0,0.07271833717823029
1841.6666666666665,31.700611111111108,16.950806275417563,0.26115655458049686,0.0,0.07268988341093063
1842.0,31.41979999999999,16.67463729972951,0.2619298935043361,0.0,0.07268179953098297
1842.3333333333333,31.138988888888885,16.398461775679607,0.2633219035672466,0.0,0.07262055575847626
1842.6666666666667,30.858177777777776,16.12228461453924,0.26463657973777327,0.0,0.07256671041250229
1843.0,30.577366666666663,15.846110727579799,0.2651779169844607,0.0,0.07257912307977676
1843.3333333333333,30.296555555555553,15.569933566439431,0.2659512559082999,0.0,0.07257182896137238
1843.6666666666667,30.01574444444444,15.29376459075138,0.2671112642940587,0.0,0.07253193110227585
1844.0,29.73493333333333,15.017590703791939,0.2681166048950497,0.0,0.07250545918941498
1844.3333333333333,29.454122222222214,14.741411905561108,0.2695086149579602,0.0,0.07244696468114853
1844.6666666666665,29.173311111111108,14.46524456696352,0.2714419622675582,0.0,0.07234475016593933
1845.0,28.8925,14.189062494551763,0.27329797568477227,0.0,0.07225050032138824
1845.3333333333335,28.61168888888888,13.912883696320932,0.27515398910198635,0.0,0.07215768843889236
1845.6666666666667,28.330877777777772,13.636713083542418,0.2765459991648969,0.0,0.0721033364534378
1846.0,28.050066666666666,13.360540015128208,0.2792526853983341,0.0,0.07194599509239197
1846.3333333333333,27.769255555555556,13.084366946713999,0.28141803438508384,0.0,0.071834035217762
1846.6666666666667,27.48844444444444,12.808188148483168,0.28311938001753006,0.0,0.07175974547863007
1847.0,27.20763333333333,12.53202080988558,0.28420205451090497,0.0,0.0717337504029274
1847.3333333333333,26.92682222222222,12.25585265274276,0.2859034001433512,0.0,0.07166115194559097
1847.6666666666667,26.646011111111108,11.97967876578332,0.28683140685195824,0.0,0.07164785265922546
1848.0,26.365199999999994,11.7035106086405,0.2877594135605653,0.0,0.07163476943969727
1848.3333333333335,26.084388888888885,11.427330991864437,0.2889194219463241,0.0,0.07160452753305435
1848.6666666666665,25.80357777777778,11.151156286359765,0.29007943033208283,0.0,0.07157471030950546
1849.0,25.522766666666662,10.874987310671713,0.29046609979400245,0.0,0.07160264253616333
1849.3333333333335,25.241955555555553,10.598810149531346,0.29116210482545773,0.0,0.07160762697458267
1849.6666666666667,24.961144444444443,10.322637899662368,0.29170344207214516,0.0,0.07162409275770187
1850.0,24.68033333333333,10.046471379610011,0.2926314487807522,0.0,0.07161204516887665
1850.3333333333333,24.39952222222222,9.770294218469644,0.2933274538122075,0.0,0.07161726802587509
1850.6666666666667,24.11871111111111,9.494115420238813,0.29433279441319843,0.0,0.07159990072250366
1851.0,23.837899999999994,9.21794562600553,0.2949514655522698,0.0,0.07161105424165726
1851.3333333333333,23.557088888888888,8.941768464865163,0.2956474705837251,0.0,0.07161666452884674
1851.6666666666667,23.276277777777775,8.665597852086648,0.2964208095075643,0.0,0.07161673903465271
1852.0,22.995466666666665,8.48404124553781,0.2977354856780909,0.0,0.07157765328884125
1852.3333333333335,22.71465555555555,8.348807750735432,0.2987408262790819,0.0,0.07156145572662354
1852.6666666666665,22.433844444444443,8.21356688902597,0.29959149909530497,0.0,0.0715566948056221
1853.0,22.153033333333333,8.078335031314055,0.30090617526583163,0.0,0.0715189278125763
1853.3333333333333,21.872222222222216,7.94309335105936,0.3012928447277512,0.0,0.0715477466583252
1853.6666666666667,21.591411111111107,7.807855763530824,0.30260752089827786,0.0,0.0715104267001152
1854.0,21.310599999999997,7.67261899454752,0.30345819371450095,0.0,0.07150646299123764
1854.3333333333333,21.02978888888889,7.5373797699285205,0.30415419874595623,0.0,0.07151354849338531
1854.6666666666667,20.748977777777775,7.402140545309521,0.30508220545456327,0.0,0.07150433212518692
1855.0,20.468166666666665,7.266902957780985,0.30585554437840246,0.0,0.07150612026453018
1855.3333333333333,20.187355555555552,7.131661277526291,0.30647421551747384,0.0,0.07151878625154495
1855.6666666666665,19.90654444444444,6.996422871452523,0.3070928866565452,0.0,0.07153140753507614
1856.0,19.62573333333333,6.8611869210144505,0.3078662255803844,0.0,0.07153317332267761
1856.3333333333335,19.34492222222222,6.725947696395451,0.3091035678585271,0.0,0.0715026780962944
1856.6666666666665,19.06411111111111,6.590711745957378,0.30964490510521453,0.0,0.07152074575424194
1857.0,18.783299999999997,6.455471293520532,0.3103409101366698,0.0,0.07152799516916275
1857.3333333333333,18.502488888888887,6.320230431811069,0.311114249060509,0.0,0.07152992486953735
1857.6666666666667,18.221677777777778,6.184995709190844,0.3116555863071965,0.0,0.0715479627251625
1858.0,17.94086666666666,6.049751573300455,0.31196492187673214,0.0,0.07158201932907104
1858.3333333333333,17.660055555555555,5.9145143950445345,0.3126609269081874,0.0,0.07158926874399185
1858.6666666666667,17.379244444444446,5.779279672424309,0.31327959804725874,0.0,0.07160184532403946
1859.0,17.09843333333333,5.6440347179886885,0.3145169403254015,0.0,0.07157199829816818
1859.3333333333333,16.817622222222216,5.508798358278,0.31482627589493717,0.0,0.07160589098930359
1859.6666666666665,16.53681111111111,5.373562817112543,0.315908950388312,0.0,0.07158678025007248
1860.0,16.256,5.238324820311391,0.316914290989303,0.0,0.0715731605887413
1860.3333333333335,16.205199999999998,5.213858912611613,0.31737829434360654,0.0,0.07159644365310669
1860.6666666666667,16.1544,5.189391367821372,0.3177649638055261,0.0,0.07162494212388992
1861.0,16.103600000000004,5.164931599210831,0.31869297051413314,0.0,0.07161661982536316
1861.3333333333333,16.052799999999998,5.140460370967048,0.31985297889989195,0.0,0.07159280776977539
1861.6666666666667,16.002,5.115995281812502,0.32047165003896333,0.0,0.07160566747188568
1862.0,15.951199999999998,5.091534285384114,0.32109032117803465,0.0,0.07161857187747955
1862.3333333333333,15.9004,5.067066740593873,0.32178632620948994,0.0,0.07162630558013916
1862.6666666666667,15.849600000000002,5.042600832894095,0.32294633459524874,0.0,0.07160303741693497
1863.0,15.798800000000002,5.018138199375244,0.3233330040571683,0.0,0.07163164019584656
1863.3333333333335,15.748000000000001,4.993673110220698,0.3240290090886236,0.0,0.07163955271244049
1863.6666666666665,15.697199999999999,4.969205974703073,0.3250343496896146,0.0,0.07162696868181229
1864.0,15.646399999999998,4.944741294821142,0.3251890174743824,0.0,0.07167110592126846
1864.3333333333335,15.5956,4.92027579639398,0.3259623563982216,0.0,0.07167408615350723
1864.6666666666667,15.544799999999999,4.8958078423311235,0.32658102753729296,0.0,0.07168743759393692
1865.0,15.494000000000002,4.871345208812272,0.32719969867636434,0.0,0.07170082628726959
1865.3333333333333,15.443200000000001,4.846880119657726,0.3282050392773553,0.0,0.07168866693973541
1865.6666666666667,15.3924,4.822415439775796,0.3287463765240427,0.0,0.0717073455452919
1866.0,15.341600000000001,4.79795321552956,0.329442381555498,0.0,0.07171579450368881
1866.3333333333333,15.290799999999999,4.773486489284551,0.33037038826410503,0.0,0.0717090368270874
1866.6666666666667,15.24,4.749016898131231,0.3306797238336407,0.0,0.07174297422170639
1867.0,15.1892,4.7245542646123795,0.3318397322193995,0.0,0.07172111421823502
1867.3333333333335,15.138399999999999,4.700089175457833,0.332303735573703,0.0,0.07174496352672577
1867.6666666666665,15.087600000000002,4.675623677030671,0.3330770744975422,0.0,0.07174865901470184
1868.0,15.036800000000001,4.651162680602283,0.3338504134213814,0.0,0.07175244390964508
1868.3333333333333,14.986,4.62669636362989,0.3350104218071402,0.0,0.07173120230436325
1868.6666666666667,14.9352,4.602230455930112,0.33562909294621157,0.0,0.07174523174762726
1869.0,14.8844,4.577760455504176,0.3365570996548186,0.0,0.07173935323953629
1869.3333333333333,14.833599999999999,4.553299459075788,0.3368664352243543,0.0,0.07177341729402542
1869.6666666666667,14.7828,4.528829867922468,0.33748510636342566,0.0,0.0717875212430954
1870.0,14.732000000000001,4.504369280766696,0.33825844528726484,0.0,0.07179170101881027
1870.3333333333333,14.6812,4.479902145249071,0.339031784211104,0.0,0.07179588079452515
1870.6666666666665,14.630400000000002,4.455436646821909,0.33988245702732717,0.0,0.07179515808820724
1871.0,14.579600000000001,4.430970329849515,0.34026912648924673,0.0,0.07182417064905167
1871.3333333333335,14.5288,4.406508514875895,0.340965131520702,0.0,0.0718332976102829
1871.6666666666665,14.478,4.382043425721349,0.34135180098262163,0.0,0.07186219096183777
1872.0,14.4272,4.357577927294187,0.3415838026597734,0.0,0.07190093398094177
1872.3333333333333,14.3764,4.333111610321794,0.3427438110455322,0.0,0.07188019156455994
1872.6666666666667,14.325600000000001,4.308644884076784,0.3432851482922196,0.0,0.07189903408288956
1873.0,14.2748,4.284182250557933,0.34421315500082666,0.0,0.07189322263002396
1873.3333333333333,14.223999999999998,4.259713068677229,0.34498649392466585,0.0,0.07189729064702988
1873.6666666666667,14.173199999999998,4.235251253703609,0.345837166740889,0.0,0.07189657539129257
1874.0,14.1224,4.210783299640752,0.3463011700951925,0.0,0.07192038744688034
1874.3333333333333,14.0716,4.186318210486206,0.34676517344949603,0.0,0.07194411754608154
1874.6666666666665,14.0208,4.161852712059044,0.34730651069618346,0.0,0.071962870657444
1875.0,13.97,4.1373847579961875,0.347770514050487,0.0,0.07198638468980789
1875.3333333333335,13.919200000000002,4.112923352295184,0.348698520759094,0.0,0.0719805508852005
1875.6666666666667,13.868400000000001,4.088461537321564,0.3493945257905493,0.0,0.07198933511972427
1876.0,13.817600000000002,4.063991127623012,0.35055453417630805,0.0,0.07196906208992004
1876.3333333333333,13.7668,4.039524401378003,0.35155987477729905,0.0,0.07195860892534256
1876.6666666666667,13.716,4.015059721496073,0.35171454256206686,0.0,0.07200131565332413
1877.0,13.6652,3.9905950416141422,0.35256521537829,0.0,0.0720004141330719
1877.3333333333333,13.6144,3.966128315369133,0.3533385543021292,0.0,0.0720042884349823
1877.6666666666667,13.563600000000001,3.9416636354872026,0.3538025576564327,0.0,0.07202734053134918
1878.0,13.5128,3.9172001834231196,0.3544212287955041,0.0,0.07204071432352066
1878.3333333333335,13.462,3.8927355035411892,0.3550398999345754,0.0,0.07205401360988617
1878.6666666666665,13.411200000000001,3.8682691865687957,0.3556585710736468,0.0,0.0720672607421875
1879.0,13.3604,3.843805325232097,0.35635457610510207,0.0,0.07207570970058441
1879.3333333333335,13.3096,3.819339826804935,0.35674124556702164,0.0,0.07210327684879303
1879.6666666666667,13.2588,3.79487269128731,0.3575145844908608,0.0,0.07210682332515717
1880.0,13.208,3.7704096484958427,0.3582105895223161,0.0,0.07211513072252274
1880.3333333333333,13.1572,3.745943331523449,0.35906126233853924,0.0,0.07211390137672424
1880.6666666666667,13.1064,3.7214757867332082,0.36022127072429805,0.0,0.07209385186433792
1881.0,13.0556,3.69701479030482,0.36068527407860157,0.0,0.07211654633283615
1881.3333333333333,13.004800000000001,3.6725484733324265,0.36107194354052113,0.0,0.07214391976594925
1881.6666666666667,12.954,3.6480825656326488,0.36223195192627994,0.0,0.07212391495704651
1882.0,12.9032,3.623617067205487,0.3629279569577352,0.0,0.07213239371776581
1882.3333333333335,12.852400000000001,3.5991523873235565,0.364087965343494,0.0,0.07211266458034515
1882.6666666666665,12.801600000000002,3.574688116714242,0.36501597205210107,0.0,0.07210720330476761
1883.0,12.7508,3.5502209811966168,0.3659439787607081,0.0,0.07210183143615723
1883.3333333333333,12.700000000000001,3.5257542549516074,0.36640798211501163,0.0,0.07212452590465546
1883.6666666666667,12.649199999999999,3.5012928492506035,0.3671039871464669,0.0,0.07213317602872849
1884.0,12.5984,3.4768253044603625,0.3677999921779222,0.0,0.07214183360338211
1884.3333333333333,12.547600000000001,3.452359396760585,0.3686506649941453,0.0,0.07214129716157913
1884.6666666666667,12.4968,3.427895535423886,0.3695013378103684,0.0,0.07214085757732391
1885.0,12.446,3.4034329019050347,0.37050667841135937,0.0,0.07213123887777328
1885.3333333333333,12.3952,3.378967198841565,0.3714346851199664,0.0,0.07212630659341812
1885.6666666666665,12.3444,3.3545000633239397,0.37189868847426993,0.0,0.07214907556772232
1886.0,12.2936,3.3300347695330856,0.3725946935057252,0.0,0.07215801626443863
1886.3333333333335,12.242799999999999,3.3055719313779264,0.3739093696762518,0.0,0.07213032245635986
1886.6666666666665,12.192,3.2811043865876854,0.37429603913817144,0.0,0.07215766608715057
1887.0,12.141200000000001,3.2566427762503736,0.3750693780620106,0.0,0.07216208428144455
1887.3333333333333,12.0904,3.2321740036422852,0.3758427169858498,0.0,0.0721665769815445
1887.6666666666667,12.039600000000002,3.207713211850205,0.37599738477061767,0.0,0.07220755517482758
1888.0,11.988800000000001,3.1832432114242692,0.37684805758684076,0.0,0.07220743596553802
1888.3333333333333,11.938,3.158776689815568,0.3773120609411443,0.0,0.07223010063171387
1888.6666666666667,11.887199999999998,3.1343116006610217,0.3780853998649835,0.0,0.07223454862833023
1889.0,11.836400000000001,3.109847943960631,0.3788587387888227,0.0,0.07223902642726898
1889.3333333333333,11.7856,3.0853832640787004,0.37916807435835836,0.0,0.0722706988453865
1889.6666666666665,11.7348,3.0609159239247674,0.38056008442126893,0.0,0.07223894447088242
1890.0,11.684000000000001,3.0364500162249897,0.3808694199908046,0.0,0.07227055728435516
1890.3333333333335,11.6332,3.011985745615675,0.38179742669941164,0.0,0.07226596772670746
1890.6666666666667,11.582400000000002,2.9875192240069737,0.3828027673004026,0.0,0.07225694507360458
1891.0,11.5316,2.96305679512443,0.3836534401166257,0.0,0.07225701212882996
1891.3333333333333,11.480799999999999,2.9385921152425,0.384349445148081,0.0,0.0722660943865776
1891.6666666666667,11.430000000000001,2.9141290724510327,0.38496811628715233,0.0,0.07227958738803864
1892.0,11.3792,2.889663164751255,0.38527745185668805,0.0,0.07231086492538452
1892.3333333333333,11.3284,2.865195210688398,0.38612812467291113,0.0,0.07231077551841736
1892.6666666666667,11.2776,2.8407293029886205,0.3868241297043664,0.0,0.07231958210468292
1893.0,11.2268,2.8162640091977664,0.3875974686282056,0.0,0.07232393324375153
1893.3333333333335,11.176,2.791797692225373,0.38844814144442874,0.0,0.07232379913330078
1893.6666666666665,11.1252,2.767332193798211,0.38968548372257145,0.0,0.07230155915021896
1894.0,11.0744,2.742870378824591,0.3905361565387946,0.0,0.07230158150196075
1894.3333333333335,11.023600000000002,2.7184018108528107,0.391077493785482,0.0,0.07231921702623367
1894.6666666666667,10.972800000000001,2.693937949516112,0.3917734988169373,0.0,0.07232803106307983
1895.0,10.922,2.6694712232711026,0.3922375021712408,0.0,0.07235003262758255
1895.3333333333333,10.871200000000002,2.645006952661788,0.39324284277223176,0.0,0.07234115898609161
1895.6666666666667,10.8204,2.6205422727798577,0.39448018505037447,0.0,0.07231924682855606
1896.0,10.769599999999999,2.5960771836253116,0.39525352397421365,0.0,0.07232373207807541
1896.3333333333333,10.7188,2.571610866652918,0.3960268628980529,0.0,0.07232824712991714
1896.6666666666667,10.668000000000001,2.5471461867709877,0.39710953739142774,0.0,0.07231540977954865
1897.0,10.6172,2.5226815068890573,0.3973415390685795,0.0,0.0723503902554512
1897.3333333333335,10.566400000000002,2.498214780644048,0.3981148779924187,0.0,0.07235492765903473
1897.6666666666665,10.5156,2.4737507146710414,0.3990428847010257,0.0,0.07235080003738403
1898.0,10.464800000000002,2.449284397698648,0.40004822530201667,0.0,0.0723423957824707
1898.3333333333333,10.414,2.424818899271486,0.4005122286563202,0.0,0.0723641961812973
1898.6666666666667,10.363199999999999,2.400355037934787,0.40128556758015943,0.0,0.07236868143081665
1899.0,10.3124,2.3758905626891647,0.4020589065039986,0.0,0.0723731592297554
1899.3333333333333,10.261600000000001,2.3514250642620027,0.40267757764306994,0.0,0.07238622009754181
1899.6666666666667,10.2108,2.3269585426533013,0.4032962487821413,0.0,0.07239922881126404
1900.0,10.16,2.3024930442261393,0.40383758602882874,0.0,0.0724165067076683
1900.3333333333333,10.109200000000001,2.2780297967983643,0.4046109249526679,0.0,0.07242091745138168
1900.6666666666665,10.058399999999999,2.2535636844622786,0.4053069299841232,0.0,0.07242964208126068
1901.0,10.0076,2.229097367489885,0.40608026890796245,0.0,0.07243409752845764
1901.3333333333335,9.9568,2.2046314597901073,0.40677627393941773,0.0,0.07244281470775604
1901.6666666666665,9.906,2.1801694401801797,0.4075496128632569,0.0,0.07244724035263062
1902.0,9.855200000000002,2.1557021000262466,0.40863228735663176,0.0,0.07243466377258301
1902.3333333333333,9.804400000000001,2.1312372155080084,0.40932829238808704,0.0,0.07244335860013962
1902.6666666666667,9.7536,2.1067737634439254,0.40986962963477447,0.0,0.07246052473783493
1903.0,9.7028,2.082307446471532,0.41056563466622975,0.0,0.07246922701597214
1903.3333333333333,9.652,2.057841743408062,0.41110697191291723,0.0,0.07248638570308685
1903.6666666666667,9.6012,2.033378291343979,0.41157097526722075,0.0,0.07250770926475525
1904.0,9.5504,2.0089125882805092,0.4121896464062921,0.0,0.07252051681280136
1904.3333333333333,9.499600000000001,1.9844458620354999,0.4131176531148991,0.0,0.07251644134521484
1904.6666666666665,9.448800000000002,1.959980363608338,0.4133496547920509,0.0,0.07255031168460846
1905.0,9.398,1.935516706907947,0.41466433096257754,0.0,0.07252519577741623
1905.3333333333335,9.3472,1.9110507992081693,0.4154376698864167,0.0,0.0725296139717102
1905.6666666666667,9.296400000000002,1.886586119326239,0.4168296799493273,0.0,0.07250060141086578
1906.0,9.2456,1.8621204162627691,0.4176030188731665,0.0,0.07250512391328812
1906.3333333333333,9.1948,1.837653076108836,0.41837635779700566,0.0,0.07250961661338806
1906.6666666666667,9.144000000000002,1.8131888054995215,0.4198457017523001,0.0,0.07247687131166458
1907.0,9.0932,1.7887253534354386,0.42030970510660365,0.0,0.07249806821346283
1907.3333333333333,9.0424,1.764259036463045,0.4212377118152107,0.0,0.07249439507722855
1907.6666666666667,8.9916,1.7397929241269594,0.421933716846666,0.0,0.07250313460826874
1908.0,8.940800000000001,1.715328141926875,0.4223203863085856,0.0,0.07252833247184753
1908.3333333333335,8.89,1.6908624388634053,0.4229390574476569,0.0,0.07254111021757126
1908.6666666666665,8.8392,1.6663963265273196,0.42332572690957654,0.0,0.07256618142127991
1909.0,8.7884,1.641932055918005,0.4242537336181836,0.0,0.07256234437227249
1909.3333333333335,8.737600000000002,1.6174676829905366,0.42533640811155843,0.0,0.07255034148693085
1909.6666666666667,8.6868,1.593001366018143,0.42587774535824585,0.0,0.07256706804037094
1910.0,8.636000000000001,1.568538118590368,0.4268057520668529,0.0,0.0725633054971695
1910.3333333333333,8.5852,1.5440718016179744,0.42765642488307604,0.0,0.07256364077329636
1910.6666666666667,8.5344,1.5196059962363506,0.42827509602214736,0.0,0.07257618755102158
1911.0,8.483600000000001,1.4951421348996519,0.42889376716121874,0.0,0.07258870452642441
1911.3333333333333,8.4328,1.4706748970638728,0.42935777051552226,0.0,0.0726093128323555
1911.6666666666667,8.382000000000001,1.4462105241364043,0.4303631111165132,0.0,0.07260143011808395
1912.0,8.3312,1.421745537300012,0.4310591161479685,0.0,0.07260982692241669
1912.3333333333335,8.2804,1.3972799365546962,0.43198712285657553,0.0,0.07260604202747345
1912.6666666666665,8.2296,1.3728151543546119,0.43322446513471824,0.0,0.07258617132902145
1913.0,8.178800000000003,1.3483498605637578,0.4338431362737896,0.0,0.07259862869977951
1913.3333333333333,8.128,1.323885999227059,0.4346164751976288,0.0,0.0726030021905899
1913.6666666666667,8.0772,1.2994193753002037,0.4353124802290841,0.0,0.07261138409376144
1914.0,8.0264,1.2749542861456575,0.4358538174757715,0.0,0.07262776046991348
1914.3333333333333,7.975599999999999,1.2504885830821877,0.4366271563996107,0.0,0.0726320743560791
1914.6666666666667,7.924800000000001,1.2260238008821034,0.4371684936462982,0.0,0.07264837622642517
1915.0,7.8740000000000006,1.2015588140457112,0.4376324970006017,0.0,0.07266867160797119
1915.3333333333333,7.823200000000001,1.1770934179367032,0.4380965003549052,0.0,0.07268891483545303
1915.6666666666665,7.772399999999999,1.1526287380547728,0.4393338426330479,0.0,0.07266917079687119
1916.0,7.7216000000000005,1.128162932673149,0.4401071815568871,0.0,0.07267338782548904
1916.3333333333335,7.670800000000001,1.103697434245987,0.4408805204807263,0.0,0.07267763465642929
1916.6666666666665,7.620000000000001,1.0792314242280554,0.4414218577274137,0.0,0.07269378751516342
1917.0,7.5691999999999995,1.054766948982433,0.44219519665125295,0.0,0.07269801944494247
1917.3333333333333,7.518400000000001,1.0303017575097329,0.4427365338979404,0.0,0.07271416485309601
1917.6666666666667,7.467600000000001,1.005836259082571,0.4432005372522439,0.0,0.07273420691490173
1918.0,7.416799999999999,0.981370760655409,0.44412854396085094,0.0,0.0727304220199585
1918.3333333333333,7.3660000000000005,0.9569059784553247,0.4448245489923062,0.0,0.07273849844932556
1918.6666666666667,7.315200000000001,0.9324404800281627,0.44582988959329717,0.0,0.07273077219724655
1919.0,7.264400000000001,0.9079754931917705,0.44668056240952025,0.0,0.07273093611001968
1919.3333333333333,7.2136,0.8835101994009165,0.4475312352257434,0.0,0.0727311223745346
1919.6666666666665,7.162800000000001,0.8590451102463703,0.4481499063648148,0.0,0.07274306565523148
1920.0,7.112000000000001,0.8345796118192084,0.44892324528865396,0.0,0.07274709641933441
1920.3333333333333,7.103533333333335,0.8305021310661687,0.4495419164277253,0.0,0.07275892794132233
1920.6666666666667,7.095066666666668,0.826424599154052,0.4506245909211002,0.0,0.07274731993675232
1921.0,7.086600000000001,0.8223472207191662,0.45139792984493937,0.0,0.07275138795375824
1921.3333333333335,7.0781333333333345,0.8182702003978193,0.4526352721230821,0.0,0.07273212820291519
1921.6666666666667,7.069666666666667,0.8141913895087782,0.45333127715453736,0.0,0.07274018228054047
1922.0,7.061200000000001,0.8101144715055852,0.45456861943268007,0.0,0.0727212056517601
1922.3333333333335,7.052733333333334,0.8060371953888534,0.4561152972803585,0.0,0.07268701493740082
1922.6666666666667,7.044266666666669,0.8019597146358137,0.45681130231181377,0.0,0.072695292532444
1922.9999999999998,7.035800000000002,0.7978812107012345,0.45766197512803686,0.0,0.07269588857889175
1923.3333333333335,7.027333333333335,0.7938043950161955,0.45874464962141176,0.0,0.07268510013818741
1923.6666666666665,7.018866666666667,0.7897272723766946,0.4596726563300188,0.0,0.07268203794956207
1924.0000000000002,7.0104,0.785649586987347,0.4605233291462419,0.0,0.07268282771110535
1924.3333333333335,7.001933333333334,0.7815713388481527,0.4615286697472329,0.0,0.07267604023218155
1924.6666666666665,6.9934666666666665,0.7774940627314209,0.4623020086710721,0.0,0.07268071919679642
1925.0000000000002,6.985,0.7734166842965351,0.4629206798101434,0.0,0.07269297540187836
1925.3333333333333,6.976533333333334,0.7693391012253414,0.46423535598067006,0.0,0.07267119735479355
1925.6666666666665,6.968066666666667,0.7652617739495327,0.46555003215119667,0.0,0.07264965772628784
1926.0,6.959600000000001,0.7611843443555699,0.46655537275218767,0.0,0.07264333218336105
1926.3333333333333,6.951133333333334,0.7571061473754526,0.4670967099988751,0.0,0.07265953719615936
1926.666666666667,6.942666666666668,0.7530289735768747,0.4675607133531786,0.0,0.07267946749925613
1927.0,6.934200000000001,0.748951543982912,0.4690300573084731,0.0,0.07265075296163559
1927.3333333333333,6.9257333333333335,0.7448736027981795,0.46964872844754446,0.0,0.07266326248645782
1927.6666666666667,6.917266666666667,0.7407954569771391,0.4703447334789997,0.0,0.07267202436923981
1928.0,6.908800000000001,0.7367190505647159,0.47096340461807107,0.0,0.07268452644348145
1928.333333333333,6.900333333333335,0.7326413651753683,0.4718914113266781,0.0,0.07268219441175461
1928.6666666666667,6.891866666666668,0.7285632193543279,0.47235541468098163,0.0,0.07270219177007675
1929.0,6.883400000000002,0.7244863013511349,0.4732060874972047,0.0,0.07270362228155136
1929.3333333333335,6.874933333333335,0.7204086159617873,0.4738247586362761,0.0,0.07271620631217957
1929.6666666666667,6.866466666666668,0.7163311352087476,0.4743660958829635,0.0,0.07273245602846146
1929.9999999999998,6.8580000000000005,0.7122534498194,0.474907433129651,0.0,0.07274872064590454
1930.3333333333335,6.8495333333333335,0.7081754063165135,0.47560343816110623,0.0,0.07275751978158951
1930.6666666666665,6.841066666666668,0.7040983859951666,0.47637677708494547,0.0,0.0727626234292984
1930.9999999999998,6.832600000000001,0.7000204959695111,0.4769181143316329,0.0,0.07277876138687134
1931.3333333333335,6.824133333333334,0.6959436291253951,0.4775367854707043,0.0,0.07279118150472641
1931.6666666666665,6.815666666666668,0.6918660460542014,0.4781554566097756,0.0,0.0728035420179367
1932.0000000000002,6.807200000000001,0.6877884118239308,0.47900612942599874,0.0,0.07280481606721878
1932.3333333333333,6.798733333333334,0.6837106752755062,0.4793154649955344,0.0,0.07283182442188263
1932.6666666666665,6.790266666666667,0.6796324271363119,0.4799341361346058,0.0,0.0728440210223198
1933.0,6.7818000000000005,0.6755554579740419,0.48155814787466805,0.0,0.07280851900577545
1933.3333333333333,6.773333333333334,0.6714777725846943,0.48225415290612333,0.0,0.07281710207462311
1933.6666666666665,6.764866666666667,0.6674003429907316,0.4827954901528108,0.0,0.07283297181129456
1934.0,6.756400000000001,0.6633229133967689,0.48387816464618566,0.0,0.07282322645187378
1934.3333333333333,6.747933333333334,0.6592455861209601,0.48465150357002484,0.0,0.07282813638448715
1934.6666666666667,6.739466666666668,0.6551677472543815,0.485502176386248,0.0,0.07282940298318863
1935.0,6.731000000000001,0.6510904199785728,0.48658485087962283,0.0,0.0728197991847992
1935.3333333333333,6.722533333333335,0.6470128369073791,0.48759019148061383,0.0,0.07281389832496643
1935.6666666666667,6.7140666666666675,0.6429352538361854,0.48828619651206906,0.0,0.0728224515914917
1936.0,6.7056000000000004,0.6388573638105299,0.4890595354359083,0.0,0.07282736152410507
1936.3333333333335,6.697133333333334,0.6347798830574902,0.4903742116064349,0.0,0.07280705869197845
1936.6666666666667,6.688666666666667,0.6307028627361433,0.49137955220742585,0.0,0.07280120253562927
1937.0,6.680200000000001,0.6266249215514108,0.49207555723888113,0.0,0.07280968129634857
1937.3333333333335,6.671733333333334,0.622547543116525,0.4926942283779525,0.0,0.07282168418169022
1937.6666666666667,6.663266666666667,0.6184702158407163,0.49323556562463994,0.0,0.0728372111916542
1937.9999999999998,6.654800000000001,0.6143921723378298,0.4940862384408631,0.0,0.07283839583396912
1938.3333333333335,6.646333333333334,0.6103152031755599,0.49447290790278264,0.0,0.07286098599433899
1938.6666666666665,6.6378666666666675,0.6062373131499044,0.4947049095799344,0.0,0.07289063185453415
1939.0000000000002,6.629400000000001,0.6021599347150186,0.4954009146113897,0.0,0.0728987455368042
1939.3333333333335,6.620933333333334,0.5980824028029019,0.49640625521238063,0.0,0.07289253920316696
1939.6666666666665,6.612466666666667,0.5940050755270931,0.49717959413621987,0.0,0.0728970468044281
1940.0000000000002,6.604,0.5899267762288218,0.49748892970575553,0.0,0.07292289286851883
1940.3333333333333,6.595533333333334,0.585849448953013,0.4981849347372108,0.0,0.07293086498975754
1940.6666666666665,6.587066666666667,0.5817721728362812,0.4996542786925053,0.0,0.0729033350944519
1941.0,6.578600000000001,0.5776947432423185,0.5007369531858802,0.0,0.07289372384548187
1941.3333333333333,6.570133333333334,0.5736171601711249,0.5012782904325676,0.0,0.07290889322757721
1941.666666666667,6.561666666666668,0.5695391166682384,0.501896961571639,0.0,0.07292050868272781
1942.0,6.553200000000001,0.5654620963468915,0.5025156327107103,0.0,0.0729321539402008
1942.3333333333333,6.544733333333334,0.561384104003082,0.5033663055269334,0.0,0.07293319702148438
1942.6666666666667,6.536266666666668,0.55730733947712,0.5041396444507726,0.0,0.0729377493262291
1943.0,6.5278,0.5532294494514645,0.5052996528365314,0.0,0.07292474806308746
1943.333333333333,6.519333333333334,0.5491517129030399,0.5061503256527545,0.0,0.07292585074901581
1943.6666666666667,6.510866666666667,0.5450741809909232,0.5067689967918259,0.0,0.07293746620416641
1944.0,6.502400000000001,0.5409965979197295,0.5075423357156651,0.0,0.07294207066297531
1944.3333333333335,6.4939333333333344,0.5369191171666898,0.5085476763166561,0.0,0.07293625175952911
1944.6666666666667,6.485466666666667,0.5328412783001113,0.5087796779938079,0.0,0.0729653388261795
1944.9999999999998,6.477000000000001,0.5287642579787644,0.5100170202719505,0.0,0.0729491263628006
1945.3333333333335,6.468533333333334,0.5246859075214161,0.5107130253034058,0.0,0.07295738905668259
1945.6666666666665,6.460066666666668,0.5206087337228382,0.5111770286577093,0.0,0.07297604531049728
1945.9999999999998,6.451600000000001,0.5165315087651834,0.5121050353663164,0.0,0.07297383248806
1946.3333333333335,6.443133333333333,0.5124538745349128,0.5128010403977716,0.0,0.07298202812671661
1946.6666666666665,6.434666666666667,0.50837644494095,0.513419711536843,0.0,0.07299373298883438
1947.0000000000002,6.426200000000001,0.5042988618697564,0.5139610487835304,0.0,0.07300890982151031
1947.3333333333333,6.417733333333334,0.5002214834348706,0.5145023860302179,0.0,0.07302408665418625
1947.6666666666665,6.409266666666667,0.496143746886446,0.5158943960931284,0.0,0.07300127297639847
1948.0,6.400800000000001,0.49206601033802144,0.5171317383712711,0.0,0.07298548519611359
1948.3333333333333,6.392333333333334,0.48798868306221266,0.5177504095103425,0.0,0.07299724221229553
1948.6666666666665,6.383866666666667,0.4839108441956341,0.5187557501113335,0.0,0.07299181073904037
1949.0,6.375400000000001,0.4798333634425944,0.5199157584970923,0.0,0.07297961413860321
1949.3333333333333,6.366933333333334,0.4757561384849396,0.5205344296361636,0.0,0.07299137860536575
1949.6666666666667,6.358466666666668,0.471678453095592,0.5218491058066902,0.0,0.07297246903181076
1950.0,6.3500000000000005,0.46760102350162924,0.5229317803000652,0.0,0.0729639083147049
1950.3333333333333,6.341533333333334,0.4635235939076665,0.5234731175467525,0.0,0.07297923415899277
1950.6666666666667,6.333066666666667,0.459445755041088,0.5238597870086722,0.0,0.07300135493278503
1951.0,6.3246,0.4553680184926634,0.5248651276096631,0.0,0.07299631834030151
1951.3333333333335,6.316133333333334,0.4512907423759316,0.5253291309639666,0.0,0.07301504909992218
1951.6666666666667,6.307666666666667,0.4472132104638149,0.525947802103038,0.0,0.07302698493003845
1952.0,6.299200000000001,0.4431357297107752,0.5272624782735646,0.0,0.07300854474306107
1952.3333333333335,6.290733333333334,0.43905835127588944,0.5280358171974038,0.0,0.07301385700702667
1952.6666666666667,6.282266666666667,0.4349805635683879,0.5284224866593235,0.0,0.07303603738546371
1952.9999999999998,6.273800000000001,0.4309031851335021,0.5296598289374661,0.0,0.07302123308181763
1953.3333333333335,6.265333333333333,0.42682565322138544,0.5305878356460731,0.0,0.07301999628543854
1953.6666666666665,6.256866666666667,0.42274814688880724,0.5309745051079928,0.0,0.07304224371910095
1954.0000000000002,6.2484,0.41867025686315174,0.5315158423546802,0.0,0.07305774837732315
1954.3333333333335,6.239933333333334,0.4145928528487275,0.5320571796013677,0.0,0.07307323068380356
1954.6666666666665,6.231466666666667,0.41051544883430324,0.5333718557718943,0.0,0.07305529713630676
1955.0000000000002,6.223,0.4064377890244941,0.5340678608033496,0.0,0.07306421548128128
1955.3333333333333,6.214533333333334,0.40236043616914685,0.5348411997271888,0.0,0.07306980341672897
1955.6666666666665,6.2060666666666675,0.39828292983656866,0.5357692064357958,0.0,0.0730687752366066
1956.0,6.197600000000001,0.3942051165495286,0.5364652114672511,0.0,0.07307776063680649
1956.3333333333333,6.189133333333334,0.3901279939100277,0.5373158842834742,0.0,0.07308004796504974
1956.666666666667,6.180666666666667,0.38605025736160314,0.537547885960626,0.0,0.07310890406370163
1957.0,6.172200000000001,0.3819724696541016,0.5380118893149295,0.0,0.07312774658203125
1957.3333333333333,6.163733333333333,0.3778951167987543,0.538475892669233,0.0,0.07314655184745789
1957.6666666666667,6.155266666666667,0.3738172523526373,0.5388625621311526,0.0,0.07316862791776657
1958.0,6.1468,0.3697399762359055,0.5395585671626079,0.0,0.07317734509706497
1958.333333333333,6.1383333333333345,0.36566252106240427,0.5399452366245274,0.0,0.0731993094086647
1958.6666666666667,6.1298666666666675,0.36158486125259515,0.5408732433331345,0.0,0.07319799810647964
1959.0,6.1214,0.3575074828177094,0.5412599127950541,0.0,0.07321984320878983
1959.3333333333335,6.112933333333334,0.35342964395113086,0.5420332517188933,0.0,0.07322506606578827
1959.6666666666667,6.104466666666667,0.3493522655162451,0.5427292567503486,0.0,0.07323356717824936
1959.9999999999998,6.096,0.34527483592228236,0.5434252617818038,0.0,0.07324203848838806
1960.3333333333335,6.087533333333333,0.34119699705570383,0.5439665990284913,0.0,0.07325706630945206
1960.6666666666665,6.079066666666667,0.3371194139845102,0.5445852701675626,0.0,0.07326875627040863
1960.9999999999998,6.070600000000001,0.3330420611291629,0.545203941306634,0.0,0.07328037917613983
1961.3333333333335,6.062133333333334,0.32896463153520017,0.5462866158000089,0.0,0.07327216863632202
1961.6666666666665,6.053666666666667,0.3248868949867756,0.547137288616232,0.0,0.07327384501695633
1962.0000000000002,6.0452,0.3208093886541974,0.548065295324839,0.0,0.0732722133398056
1962.3333333333333,6.036733333333334,0.31673213811700407,0.5484519647867586,0.0,0.0732935294508934
1962.6666666666665,6.028266666666667,0.31265468294350285,0.5492253037105979,0.0,0.0732983723282814
1963.0,6.019800000000001,0.3085768696564628,0.5496893070649014,0.0,0.0733163058757782
1963.3333333333333,6.011333333333334,0.3044992098466537,0.5505399798811245,0.0,0.07331778854131699
1963.6666666666665,6.002866666666667,0.30042155003684456,0.5513133188049637,0.0,0.07332253456115723
1964.0,5.9944000000000015,0.29634427392011276,0.5525506610831064,0.0,0.07330767065286636
1964.3333333333333,5.9859333333333336,0.29226676758753456,0.5540973389307847,0.0,0.07327987998723984
1964.6666666666667,5.977466666666667,0.2881891333572639,0.5549480117470079,0.0,0.07328139990568161
1965.0,5.969,0.2841116526042242,0.5555666828860792,0.0,0.07329260557889938
1965.3333333333333,5.960533333333333,0.28003412069210754,0.5562626879175345,0.0,0.07330053299665451
1965.6666666666667,5.952066666666667,0.27595661435952934,0.556804025164222,0.0,0.07331490516662598
1966.0,5.9436,0.2718790312883357,0.5577320318728289,0.0,0.07331305742263794
1966.3333333333335,5.935133333333334,0.26780119242175715,0.5578866996575969,0.0,0.07334351539611816
1966.6666666666667,5.926666666666668,0.26372389072548685,0.558660038581436,0.0,0.07334806770086288
1967.0,5.918200000000001,0.2596462564952162,0.5595107113976592,0.0,0.07334939390420914
1967.3333333333335,5.9097333333333335,0.25556867342402256,0.5609027214605697,0.0,0.07332820445299149
1967.6666666666667,5.901266666666666,0.2514913461482138,0.5616760603844089,0.0,0.07333286851644516
1967.9999999999998,5.8928,0.24741371191794315,0.5625267332006321,0.0,0.07333435118198395
1968.3333333333335,5.884333333333333,0.24333605210813403,0.5633774060168552,0.0,0.07333584874868393
1968.6666666666665,5.875866666666667,0.2392586225141713,0.564537414402614,0.0,0.07332458347082138
1969.0000000000002,5.8674,0.23548482204205357,0.5659294244655245,0.0,0.07330385595560074
1969.3333333333335,5.858933333333335,0.23508276285610918,0.5667027633893637,0.0,0.07330868393182755
1969.6666666666665,5.850466666666668,0.2346804990338569,0.5672441006360511,0.0,0.07332304865121841
1970.0000000000002,5.8420000000000005,0.2342784910069895,0.5679401056675064,0.0,0.0733310803771019
1970.3333333333333,5.833533333333334,0.23387635508242965,0.5687907784837295,0.0,0.0733327642083168
1970.6666666666665,5.825066666666667,0.23347416799879284,0.569332115730417,0.0,0.07334712892770767
1971.0,5.816600000000001,0.23307195533561753,0.5701054546542561,0.0,0.07335195690393448
1971.3333333333333,5.808133333333333,0.23266984499059618,0.5706467919009436,0.0,0.07336626946926117
1971.666666666667,5.799666666666666,0.23226768348649784,0.5714974647171667,0.0,0.0733678787946701
1972.0,5.791200000000001,0.23186541966424556,0.5725028053181577,0.0,0.07336318492889404
1972.3333333333333,5.782733333333334,0.23146328373968572,0.5735081459191486,0.0,0.07335853576660156
1972.6666666666667,5.7742666666666675,0.23106099433789495,0.5738948153810682,0.0,0.07337907701730728
1973.0,5.7658000000000005,0.23065880725425814,0.5748228220896753,0.0,0.07337753474712372
1973.333333333333,5.757333333333334,0.23025682480692922,0.5753641593363626,0.0,0.07339169085025787
1973.6666666666667,5.748866666666667,0.2298546377232924,0.5760601643678179,0.0,0.07339948415756226
1974.0,5.740399999999999,0.22945229716242466,0.5768335032916572,0.0,0.07340408861637115
1974.3333333333335,5.731933333333333,0.22905026355601876,0.5773748405383446,0.0,0.07341808080673218
1974.6666666666667,5.723466666666667,0.22864810205192043,0.5783028472469517,0.0,0.0734163299202919
1974.9999999999998,5.715000000000001,0.22824588938874513,0.5786121828164873,0.0,0.0734395831823349
1975.3333333333335,5.706533333333334,0.22784375346418528,0.5791535200631748,0.0,0.07345333695411682
1975.6666666666665,5.6980666666666675,0.22744159196008695,0.5798495250946301,0.0,0.07346074283123016
1975.9999999999998,5.6896,0.22703940487645013,0.5805455301260853,0.0,0.07346805930137634
1976.3333333333335,5.681133333333333,0.2266372433723518,0.580854865695621,0.0,0.07349089533090591
1976.6666666666665,5.672666666666667,0.226235056288715,0.5813962029423084,0.0,0.073504239320755
1977.0000000000002,5.6642,0.22583297152323212,0.5819375401889959,0.0,0.07351754605770111
1977.3333333333333,5.655733333333334,0.22543070770097984,0.5829428807899868,0.0,0.07351205497980118
1977.6666666666665,5.647266666666668,0.22502849503780453,0.5841802230681296,0.0,0.07349719852209091
1978.0,5.638800000000001,0.2246263335337062,0.5851855636691204,0.0,0.0734916627407074
1978.3333333333333,5.630333333333334,0.22422414645006938,0.5857269009158079,0.0,0.07350468635559082
1978.6666666666665,5.621866666666667,0.2238219082073556,0.5861909042701114,0.0,0.073520727455616
1979.0,5.6134,0.22341982344187272,0.5872735787634863,0.0,0.07351192086935043
1979.3333333333333,5.604933333333333,0.2230176619377744,0.587505580440638,0.0,0.07353711873292923
1979.6666666666667,5.596466666666667,0.22261550043367606,0.5879695837949416,0.0,0.0735529437661171
1980.0,5.588,0.2222132110318853,0.5888975905035486,0.0,0.07355017960071564
1980.3333333333333,5.568244444444445,0.2212747489238609,0.5894389277502361,0.0,0.07356281578540802
1980.6666666666667,5.5484888888888895,0.22033644029306743,0.5898255972121557,0.0,0.07358157634735107
1981.0,5.528733333333333,0.21939813166227395,0.5910629394902984,0.0,0.07356636226177216
1981.3333333333335,5.508977777777778,0.21845969513378805,0.5918362784141376,0.0,0.07356979697942734
1981.6666666666667,5.489222222222223,0.21752128418484062,0.5925322834455928,0.0,0.07357624918222427
1982.0,5.469466666666667,0.21658284765635472,0.5932282884770481,0.0,0.07358267903327942
1982.3333333333335,5.449711111111112,0.2156444367074073,0.5946202985399587,0.0,0.07356150448322296
1982.6666666666667,5.429955555555556,0.21470602575845987,0.59523896967903,0.0,0.07357101887464523
1982.9999999999998,5.410200000000001,0.21376756365043548,0.5960896424952532,0.0,0.07357136160135269
1983.3333333333335,5.390444444444445,0.2128291654912573,0.597249650881012,0.0,0.07355949282646179
1983.6666666666665,5.370688888888889,0.2118907929116176,0.5979456559124673,0.0,0.07356594502925873
1984.0000000000002,5.350933333333334,0.21095242033197792,0.5988736626210743,0.0,0.07356321811676025
1984.3333333333335,5.3311777777777785,0.21001385590579957,0.5995696676525295,0.0,0.07356960326433182
1984.6666666666665,5.311422222222223,0.2090756368033908,0.5999563371144492,0.0,0.07358809560537338
1985.0000000000002,5.291666666666668,0.2081372002749049,0.6006523421459045,0.0,0.0735943540930748
1985.3333333333333,5.271911111111112,0.2071987381668805,0.6016576827468954,0.0,0.07358849048614502
1985.6666666666665,5.252155555555556,0.2062603911667793,0.6025856894555024,0.0,0.07358568161725998
1986.0,5.232400000000001,0.20532206974621658,0.6028950250250381,0.0,0.07360706478357315
1986.3333333333333,5.212644444444445,0.20438359484842294,0.6039003656260291,0.0,0.07360121607780457
1986.666666666667,5.1928888888888896,0.20344519668924477,0.6047510384422522,0.0,0.07360141724348068
1987.0,5.173133333333333,0.20250678574029735,0.6051377079041718,0.0,0.07361973822116852
1987.3333333333333,5.153377777777779,0.2015683108425037,0.605911046828011,0.0,0.07362299412488937
1987.6666666666667,5.133622222222224,0.20063001500147948,0.6066070518594663,0.0,0.07362931221723557
1988.0,5.1138666666666674,0.19969154010368584,0.6076897263528411,0.0,0.07362061738967896
1988.333333333333,5.094111111111112,0.19875312915473842,0.6086177330614482,0.0,0.07361796498298645
1988.6666666666667,5.074355555555556,0.1978148333137142,0.6096230736624392,0.0,0.07361237704753876
1989.0,5.054600000000001,0.19687638399545904,0.6103190786938943,0.0,0.0736188143491745
1989.3333333333335,5.034844444444445,0.19593803699535783,0.6110924176177336,0.0,0.07362225651741028
1989.6666666666667,5.015088888888889,0.19499966441571814,0.6118657565415728,0.0,0.07362570613622665
1989.9999999999998,4.995333333333333,0.19406115114861677,0.6123297598958763,0.0,0.0736410990357399
1990.3333333333335,4.975577777777778,0.19312282972805406,0.6132577666044834,0.0,0.07363864779472351
1990.6666666666665,4.955822222222222,0.19218402229626008,0.6141084394207065,0.0,0.07363917678594589
1990.9999999999998,4.936066666666667,0.1912460334096977,0.6149591122369296,0.0,0.07363971322774887
1991.3333333333335,4.916311111111111,0.19030767361982726,0.6157324511607688,0.0,0.07364322245121002
1991.6666666666665,4.8965555555555556,0.18936923709134135,0.6161191206226884,0.0,0.07366154342889786
1992.0000000000002,4.8768,0.18843073661400922,0.6166604578693758,0.0,0.07367388904094696
1992.3333333333333,4.857044444444444,0.18749231287529255,0.6172791290084472,0.0,0.0736832320690155
1992.6666666666665,4.837288888888889,0.18655402982403757,0.618439137394206,0.0,0.07367182523012161
1993.0,4.817533333333333,0.18561559329555166,0.6190578085332773,0.0,0.07368113845586777
1993.3333333333333,4.797777777777778,0.1846770544489118,0.6198311474571165,0.0,0.07368452101945877
1993.6666666666665,4.778022222222223,0.18373869465904136,0.6204498185961879,0.0,0.07369378954172134
1994.0,4.758266666666667,0.18280041160778637,0.6210684897352592,0.0,0.07370302826166153
1994.3333333333333,4.738511111111111,0.18186200065883895,0.6217644947667145,0.0,0.07370926439762115
1994.6666666666667,4.718755555555555,0.1809235513405838,0.6220738303362502,0.0,0.07373020052909851
1995.0,4.699,0.17998506365302092,0.6227698353677055,0.0,0.07373633235692978
1995.3333333333333,4.6792444444444445,0.17904675502222744,0.6235431742915447,0.0,0.07373949140310287
1995.6666666666667,4.659488888888889,0.17810835686304927,0.6238525098610803,0.0,0.07376029342412949
1996.0,4.639733333333333,0.1771699587038711,0.6247031826773035,0.0,0.07376047968864441
1996.3333333333335,4.619977777777779,0.1762314965958467,0.6252445199239909,0.0,0.07377247512340546
1996.6666666666667,4.600222222222222,0.17529311122643776,0.6257858571706784,0.0,0.07378450036048889
1997.0,4.580466666666667,0.17435471306725958,0.6264818622021336,0.0,0.07379060983657837
1997.3333333333335,4.560711111111111,0.17341636606715838,0.6275645366955085,0.0,0.07378203421831131
1997.6666666666667,4.540955555555556,0.17247792953867247,0.6284152095117316,0.0,0.07378225028514862
1997.9999999999998,4.5212,0.1715394418511096,0.629033880650803,0.0,0.07379122823476791
1998.3333333333335,4.501444444444444,0.1706010692714699,0.6298072195746421,0.0,0.07379433512687683
1998.6666666666665,4.48168888888889,0.16966264553275323,0.6307352262832492,0.0,0.07379157841205597
1999.0000000000002,4.4619333333333335,0.16872424737357505,0.631817900776624,0.0,0.0737830176949501
1999.3333333333335,4.442177777777778,0.16778595153255083,0.6327459074852311,0.0,0.07378031313419342
1999.6666666666665,4.422422222222223,0.16684751500406492,0.6337512480862221,0.0,0.07377474755048752
2000.0000000000002,4.402666666666667,0.1659091040551175,0.6342152514405256,0.0,0.07378948479890823
2000.3333333333333,4.382911111111111,0.1649707570550163,0.6349885903643648,0.0,0.07379260659217834
2000.6666666666665,4.363155555555556,0.1640322693674534,0.6355299276110522,0.0,0.07380439341068268
2001.0,4.3434,0.163093858418506,0.6363032665348914,0.0,0.07380746304988861
2001.3333333333333,4.323644444444445,0.1621554858388663,0.6369992715663467,0.0,0.07381339371204376
2001.666666666667,4.303888888888889,0.16121707488991888,0.6374632749206502,0.0,0.07382795214653015
2002.0,4.284133333333333,0.1602786511512022,0.6381592799521055,0.0,0.07383380830287933
2002.3333333333333,4.264377777777779,0.1593400995147931,0.6387779510911769,0.0,0.07384252548217773
2002.6666666666667,4.2446222222222225,0.1584018676226151,0.6398606255845517,0.0,0.07383394986391068
2003.0,4.224866666666667,0.15746341830435995,0.6404019628312392,0.0,0.07384559512138367
2003.333333333333,4.205111111111111,0.15652502014518177,0.6411753017550784,0.0,0.07384859025478363
2003.6666666666667,4.185355555555556,0.15558666035531132,0.6418713067865336,0.0,0.07385443896055222
2004.0,4.1656,0.15464823661659466,0.6427219796027568,0.0,0.07385452091693878
2004.3333333333335,4.145844444444444,0.15370983845741648,0.6432633168494442,0.0,0.07386605441570282
2004.6666666666667,4.12608888888889,0.15277142750846906,0.6438819879885156,0.0,0.07387468963861465
2004.9999999999998,4.1063333333333345,0.15183299097998315,0.6445779930199709,0.0,0.07388049364089966
2005.3333333333335,4.086577777777778,0.15089458003103573,0.6451193302666582,0.0,0.07389199733734131
2005.6666666666665,4.066822222222223,0.14995625861047301,0.6456606675133457,0.0,0.07390346378087997
2005.9999999999998,4.047066666666667,0.14901778371267937,0.646356672544801,0.0,0.07390917092561722
2006.3333333333335,4.0273111111111115,0.14807951345119363,0.6473620131457919,0.0,0.07390341907739639
2006.6666666666665,4.007555555555556,0.14714100018409226,0.6481353520696311,0.0,0.07390623539686203
2007.0000000000002,3.9877999999999996,0.14620256365560635,0.6488313571010864,0.0,0.0739118754863739
2007.3333333333333,3.9680444444444443,0.1452642294452744,0.6494500282401577,0.0,0.07392031699419022
2007.6666666666665,3.948288888888889,0.1443257417577115,0.6500686993792292,0.0,0.07392874360084534
2008.0,3.9285333333333337,0.14338738196784107,0.6506100366259165,0.0,0.07393995672464371
2008.3333333333333,3.9087777777777784,0.14244899659843213,0.651151373872604,0.0,0.0739511251449585
2008.6666666666665,3.8890222222222226,0.14151057285971547,0.6516927111192915,0.0,0.0739622637629509
2009.0,3.869266666666667,0.14057218749030653,0.6524660500431306,0.0,0.07396481186151505
2009.3333333333333,3.849511111111111,0.13963373817205138,0.6531620550745859,0.0,0.07397019863128662
2009.6666666666667,3.8297555555555554,0.13869535280264245,0.6537033923212734,0.0,0.07398122549057007
2010.0,3.8100000000000005,0.13775692906392578,0.6544767312451125,0.0,0.07398369163274765
2010.3333333333333,3.7902444444444443,0.13681858206382458,0.6551727362765678,0.0,0.07398895174264908
2010.6666666666667,3.7704888888888894,0.1358801839046464,0.6557140735232553,0.0,0.07399984449148178
2011.0,3.750733333333333,0.13494178574546822,0.6563327446623266,0.0,0.07400786876678467
2011.3333333333335,3.730977777777778,0.13400341316582853,0.6574927530480854,0.0,0.07399610430002213
2011.6666666666667,3.7112222222222226,0.1330650022168811,0.6582660919719246,0.0,0.07399846613407135
2012.0,3.691466666666667,0.13212652731908747,0.658884763110996,0.0,0.07400646805763245
2012.3333333333335,3.671711111111111,0.13118802684175535,0.6595807681424513,0.0,0.0740116536617279
2012.6666666666667,3.6519555555555554,0.13024967984165414,0.6599674376043708,0.0,0.07402805984020233
2012.9999999999998,3.6322000000000005,0.12931133284155294,0.6606634426358261,0.0,0.0740332379937172
2013.3333333333335,3.6124444444444443,0.1283728835232978,0.6611274459901296,0.0,0.07404683530330658
2013.6666666666665,3.5926888888888895,0.12743454931296583,0.6613594476672814,0.0,0.0740688145160675
2014.0000000000002,3.5729333333333333,0.12649612557424916,0.6615914493444331,0.0,0.07409074157476425
2014.3333333333335,3.553177777777778,0.12555766346622477,0.6622874543758884,0.0,0.07409575581550598
2014.6666666666665,3.5334222222222222,0.12461939320473903,0.662674123837808,0.0,0.07411199063062668
2015.0000000000002,3.5136666666666665,0.12368087993763766,0.6632154610844955,0.0,0.0741226002573967
2015.3333333333333,3.4939111111111107,0.1227425457273057,0.663602130546415,0.0,0.0741388276219368
2015.6666666666665,3.4741555555555554,0.12180412198858903,0.6643754694702543,0.0,0.07414095848798752
2016.0,3.4544000000000006,0.12086569824987237,0.6653808100712453,0.0,0.07413462549448013
2016.3333333333333,3.434644444444444,0.11992724893161721,0.6662314828874684,0.0,0.07413391768932343
2016.666666666667,3.4148888888888886,0.11898890193151601,0.6670048218113076,0.0,0.07413597404956818
2017.0,3.3951333333333333,0.11805049098256859,0.667546159057995,0.0,0.07414640486240387
2017.3333333333333,3.375377777777778,0.11711209282339041,0.6682421640894503,0.0,0.07415120303630829
2017.6666666666667,3.3556222222222223,0.11617368187444299,0.6690155030132895,0.0,0.07415319979190826
2018.0,3.3358666666666665,0.11523525813572633,0.669479506367593,0.0,0.07416635751724243
2018.333333333333,3.3161111111111112,0.11429689834585588,0.6699435097218965,0.0,0.07417947053909302
2018.6666666666667,3.2963555555555555,0.11335842344806224,0.6703301791838161,0.0,0.07419534772634506
2019.0,3.2766,0.11242007644796104,0.6710261842152714,0.0,0.07420000433921814
2019.3333333333335,3.2568444444444444,0.1114816910785521,0.671412853677191,0.0,0.07421580702066422
2019.6666666666667,3.2370888888888887,0.11054321618075846,0.6717221892467267,0.0,0.07423438131809235
2019.9999999999998,3.2173333333333334,0.10960485639088802,0.6726501959553337,0.0,0.07423064857721329
2020.3333333333335,3.197577777777778,0.10866641986240211,0.6734235348791728,0.0,0.07423249632120132
2020.6666666666665,3.1778222222222223,0.10772800891345469,0.6740422060182443,0.0,0.07423988729715347
2020.9999999999998,3.1580666666666666,0.1067895787798534,0.6748928788344674,0.0,0.07423891872167587
2021.3333333333335,3.1383111111111113,0.10585119980532909,0.6757435516506904,0.0,0.07423795759677887
2021.6666666666665,3.118555555555556,0.10491277606661242,0.6759755533278422,0.0,0.07425917685031891
2022.0000000000002,3.0988,0.10397446104093433,0.6766715583592975,0.0,0.07426370680332184
2022.3333333333333,3.0790444444444445,0.10303603730221766,0.6775995650679045,0.0,0.0742599219083786
2022.6666666666665,3.059288888888889,0.10209761995838562,0.6784502378841276,0.0,0.07425892353057861
2023.0,3.0395333333333334,0.10115917703501509,0.6793009107003508,0.0,0.07425792515277863
2023.3333333333333,3.019777777777778,0.10022079166560616,0.6804609190861096,0.0,0.07424594461917877
2023.6666666666665,3.0000222222222224,0.09928241269108184,0.6816209274718684,0.0,0.0742340013384819
2024.0,2.980266666666666,0.09834395058305745,0.6825489341804755,0.0,0.07423034310340881
2024.3333333333333,2.960511111111111,0.097405590793187,0.6833996069966985,0.0,0.07422946393489838
2024.6666666666667,2.9407555555555556,0.09646719263400882,0.6843276137053056,0.0,0.07422585785388947
2025.0,2.921,0.09552876250040754,0.6847142831672252,0.0,0.07424141466617584
2025.3333333333333,2.901244444444444,0.09459042189519096,0.6850236187367609,0.0,0.0742596760392189
2025.6666666666667,2.8814888888888888,0.09365202373601278,0.6854876220910644,0.0,0.07427246123552322
2026.0,2.8617333333333335,0.09271358720752687,0.6864929626920553,0.0,0.07426611334085464
2026.3333333333335,2.8419777777777777,0.09177511230973323,0.6871116338311267,0.0,0.07427346706390381
2026.6666666666667,2.822222222222222,0.09083680367893976,0.6874983032930463,0.0,0.0742889791727066
2027.0,2.802466666666666,0.08989834157091536,0.6882716422168855,0.0,0.07429082691669464
2027.3333333333335,2.782711111111111,0.08895996259639105,0.6895863183874121,0.0,0.07427361607551575
2027.6666666666667,2.7629555555555556,0.08802156443721287,0.6902823234188674,0.0,0.07427824288606644
2027.9999999999998,2.7432,0.08708312151384234,0.690668992880787,0.0,0.07429374009370804
2028.3333333333335,2.723444444444444,0.08614474893420265,0.691596999589394,0.0,0.0742902159690857
2028.6666666666665,2.703688888888889,0.08520633798525523,0.6920610029436975,0.0,0.07430297136306763
2029.0000000000002,2.6839333333333335,0.08426793982607705,0.6933756791142242,0.0,0.07428590953350067
2029.3333333333335,2.6641777777777778,0.08332957364132199,0.6937623485761437,0.0,0.07430145144462585
2029.6666666666665,2.644422222222222,0.08239114990260532,0.6946130213923669,0.0,0.07430075109004974
2030.0000000000002,2.6246666666666667,0.08145273255877328,0.695386360316206,0.0,0.0743027925491333
2030.3333333333333,2.6049111111111114,0.08051435997913359,0.696391700917197,0.0,0.07429675757884979
2030.6666666666665,2.5851555555555557,0.07957593624041692,0.697397041518188,0.0,0.07429075986146927
2031.0,2.5654,0.07863749971193101,0.6983250482267951,0.0,0.07428749650716782
2031.3333333333333,2.545644444444444,0.07769911434252208,0.6987890515810986,0.0,0.0743003785610199
2031.666666666667,2.525888888888889,0.07676070978845928,0.699253054935402,0.0,0.07431323826313019
2032.0,2.5061333333333335,0.07582233720881959,0.7001037277516252,0.0,0.07431263476610184
2032.3333333333333,2.486377777777778,0.07488389428544906,0.7010317344602323,0.0,0.0743093490600586
2032.6666666666667,2.466622222222222,0.07394550891604013,0.701263736137384,0.0,0.07433018088340759
2033.0,2.4468666666666667,0.07300709157220808,0.7022690767383749,0.0,0.07432416826486588
2033.333333333333,2.4271111111111114,0.07206864864883755,0.7025010784155267,0.0,0.07434491813182831
2033.6666666666667,2.4073555555555552,0.07113030804362097,0.7029650817698302,0.0,0.07435760647058487
2034.0,2.3875999999999995,0.07019186512025044,0.7037384206936694,0.0,0.07435954362154007
2034.3333333333335,2.367844444444444,0.06925351812014924,0.7040477562632051,0.0,0.07437754422426224
2034.6666666666667,2.348088888888889,0.06831505601212484,0.7045890935098925,0.0,0.07438745349645615
2034.9999999999998,2.328333333333333,0.06737668343248515,0.7053624324337318,0.0,0.07438934594392776
2035.3333333333335,2.3085777777777774,0.06643827887842235,0.7059037696804191,0.0,0.07439923286437988
2035.6666666666665,2.2888222222222216,0.06549987432435955,0.7065997747118744,0.0,0.07440376281738281
2035.9999999999998,2.2690666666666663,0.06456145698052751,0.7072957797433297,0.0,0.07440823316574097
2036.3333333333335,2.249311111111111,0.06374191414693087,0.7074504475280976,0.0,0.07443136721849442
2036.6666666666665,2.2295555555555553,0.06292911791661027,0.7081464525595529,0.0,0.074435755610466
2037.0000000000002,2.2097999999999995,0.06211634087094353,0.7082237864519367,0.0,0.07446154206991196
2037.3333333333333,2.1900444444444442,0.061303595799699906,0.7086104559138564,0.0,0.07447658479213715
2037.6666666666665,2.170288888888889,0.06049078038472544,0.7091517931605438,0.0,0.07448631525039673
2038.0,2.150533333333333,0.05967797775952022,0.7098477981919991,0.0,0.07449065893888474
2038.3333333333333,2.1307777777777774,0.05886518792408424,0.7106211371158383,0.0,0.07449232041835785
2038.6666666666665,2.1110222222222217,0.05805240448353288,0.7110851404701418,0.0,0.07450460642576218
2039.0,2.0912666666666664,0.057239621042981526,0.7112398082549096,0.0,0.07452749460935593
2039.3333333333333,2.0715111111111115,0.056426856787084034,0.7117811455015971,0.0,0.0745370015501976
2039.6666666666667,2.0517555555555558,0.055614060556763434,0.711858479393981,0.0,0.07456249743700027
2040.0,2.032,0.054801309090635186,0.7123224827482845,0.0,0.07457459717988968
2040.3333333333333,2.029177777777778,0.05468518438078718,0.7134051572416594,0.0,0.0745653361082077
2040.6666666666667,2.0263555555555555,0.05456905327605455,0.7140238283807308,0.0,0.07457204163074493
2041.0,2.0235333333333334,0.0544529477508604,0.7144878317350343,0.0,0.07458401471376419
2041.3333333333335,2.020711111111111,0.05433683583078164,0.7151065028741056,0.0,0.07459062337875366
2041.6666666666667,2.017888888888889,0.05422070472604901,0.7156478401207931,0.0,0.07459985464811325
2042.0,2.015066666666667,0.054104605595739486,0.7158798417979448,0.0,0.07461965829133987
2042.3333333333335,2.0122444444444443,0.05398850007054534,0.7162665112598644,0.0,0.07463410496711731
2042.6666666666667,2.009422222222222,0.053872381755581955,0.7168078485065519,0.0,0.07464318722486496
2042.9999999999998,2.0065999999999997,0.053756250650849324,0.7171171840760875,0.0,0.07466019690036774
2043.3333333333335,2.003777777777778,0.05364017070519367,0.7181225246770785,0.0,0.07465329766273499
2043.6666666666665,2.0009555555555556,0.05352403640301873,0.7192825330628373,0.0,0.07464118301868439
2044.0000000000002,1.998133333333333,0.05340792768038227,0.7202878736638282,0.0,0.0746343806385994
2044.3333333333335,1.9953111111111113,0.053291770996111154,0.7211385464800514,0.0,0.07463286817073822
2044.6666666666665,1.992488888888889,0.053175684655570876,0.7215252159419709,0.0,0.07464716583490372
2045.0000000000002,1.9896666666666665,0.05305960790735753,0.7225305565429619,0.0,0.07464030385017395
2045.3333333333333,1.9868444444444446,0.0529434768026249,0.7229945598972655,0.0,0.07465187460184097
2045.6666666666665,1.9840222222222221,0.052827368079988446,0.723458563251569,0.0,0.0746634304523468
2046.0,1.9812000000000003,0.05271124976502506,0.7236905649287207,0.0,0.07468288391828537
2046.3333333333333,1.9783777777777773,0.05259512185773474,0.7240772343906403,0.0,0.07469700276851654
2046.666666666667,1.9755555555555555,0.05247900354277135,0.7247732394220956,0.0,0.07470054924488068
2047.0,1.9727333333333334,0.052362888425250276,0.7250052410992474,0.0,0.0747198835015297
2047.3333333333333,1.9699111111111112,0.052246792492383065,0.725314576668783,0.0,0.07473650574684143
2047.6666666666667,1.9670888888888889,0.05213067737486199,0.7257012461307026,0.0,0.07475043833255768
2048.0,1.9642666666666664,0.0520145878368794,0.7257785800230865,0.0,0.07477489858865738
2048.333333333333,1.9614444444444445,0.05189846952191601,0.72624258337739,0.0,0.07478611171245575
2048.666666666667,1.9586222222222225,0.05178233841718338,0.7265519189469257,0.0,0.07480254024267197
2049.0,1.9557999999999998,0.05166623289198924,0.7269385884088453,0.0,0.07481628656387329
2049.3333333333335,1.9529777777777777,0.05155014655144896,0.7274025917631488,0.0,0.07482732087373734
2049.6666666666665,1.9501555555555554,0.051434028236485574,0.7278665951174523,0.0,0.07483833283185959
2050.0,1.9473333333333334,0.05131792590873374,0.7285626001489076,0.0,0.07484138756990433
2050.3333333333335,1.9445111111111113,0.051201807593770354,0.7295679407498986,0.0,0.0748339518904686
2050.6666666666665,1.9416888888888888,0.051085679686480034,0.7305732813508895,0.0,0.07482654601335526
2051.0,1.9388666666666667,0.050969551779189715,0.7315012880594965,0.0,0.07482177764177322
2051.3333333333335,1.9360444444444442,0.050853497413072546,0.732042625306184,0.0,0.07483010739088058
2051.6666666666665,1.9332222222222222,0.05073734392624374,0.7325066286604875,0.0,0.07484103739261627
2052.0,1.9304000000000001,0.050621238401049595,0.7332026336919428,0.0,0.07484403252601624
2052.3333333333335,1.9275777777777776,0.050505110493759275,0.7338986387233981,0.0,0.07484704256057739
2052.6666666666665,1.9247555555555556,0.050389024153219,0.7344399759700856,0.0,0.0748552680015564
2053.0,1.9219333333333337,0.05027291543058254,0.7348266454320052,0.0,0.07486870884895325
2053.3333333333335,1.919111111111111,0.05015677473352298,0.734981313216773,0.0,0.07488995790481567
2053.6666666666665,1.9162888888888892,0.05004065641855959,0.7355226504634604,0.0,0.07489807158708572
2054.0,1.9134666666666664,0.04992455409080776,0.7363733232796835,0.0,0.07489567995071411
2054.333333333333,1.9106444444444446,0.04980843257840206,0.7367599927416031,0.0,0.07490895688533783
2054.666666666667,1.9078222222222219,0.049692317460880986,0.7377653333425941,0.0,0.074901282787323
2055.0,1.905,0.04957623112034071,0.7381520028045137,0.0,0.07491450756788254
2055.333333333333,1.9021777777777777,0.049460122397704254,0.7386160061588172,0.0,0.07492507994174957
2055.666666666667,1.8993555555555555,0.04934397530576007,0.7390800095131207,0.0,0.07493561506271362
2056.0,1.8965333333333334,0.04922788576777748,0.7396213467598082,0.0,0.07494352012872696
2056.3333333333335,1.8937111111111111,0.0491117706502564,0.7403946856836474,0.0,0.07494358718395233
2056.6666666666665,1.8908888888888888,0.04899562675575453,0.7408586890379508,0.0,0.07495405524969101
2057.0,1.8880666666666668,0.048879550007541184,0.7417866957465579,0.0,0.07494885474443436
2057.3333333333335,1.8852444444444443,0.0487634316925778,0.7421733652084775,0.0,0.07496186345815659
2057.6666666666665,1.8824222222222222,0.04864732296994134,0.7426373685627811,0.0,0.07497221976518631
2058.0,1.8796000000000002,0.04853122383963182,0.7433333735942363,0.0,0.07497476786375046
2058.3333333333335,1.8767777777777779,0.04841509912978381,0.7438747108409237,0.0,0.07498250156641006
2058.6666666666665,1.8739555555555556,0.048299015986685845,0.7442613803028434,0.0,0.07499541342258453
2059.0,1.8711333333333333,0.04818286249985704,0.7448800514419147,0.0,0.07500051707029343
2059.3333333333335,1.868311111111111,0.04806677615931676,0.7451120531190665,0.0,0.07501856982707977
2059.6666666666665,1.865488888888889,0.047950661041795684,0.7460400598276735,0.0,0.07501329481601715
2060.0,1.8626666666666665,0.047834533134505364,0.746504063181977,0.0,0.0750235915184021
2060.3333333333335,1.8598444444444444,0.04771841481954198,0.7466587309667448,0.0,0.07504422217607498
2060.6666666666665,1.857022222222222,0.0476022997020209,0.7474320698905841,0.0,0.07504411786794662
2061.0,1.8541999999999998,0.04748621336148062,0.7478187393525036,0.0,0.07505697011947632
2061.333333333333,1.851377777777778,0.04737010463884417,0.7483600765991911,0.0,0.07506466656923294
2061.666666666667,1.8485555555555555,0.04725397353411154,0.7492880833077982,0.0,0.0750594437122345
2062.0,1.8457333333333334,0.047137874403802016,0.7500614222316373,0.0,0.0750594213604927
2062.333333333333,1.842911111111111,0.04702175289139632,0.7507574272630926,0.0,0.07506201416254044
2062.666666666667,1.8400888888888889,0.046905624984106,0.7509894289402443,0.0,0.07508012652397156
2063.0,1.8372666666666666,0.046789554630777275,0.7518401017564674,0.0,0.0750776082277298
2063.333333333333,1.8344444444444443,0.04667340114394847,0.7525361067879227,0.0,0.0750802755355835
2063.666666666667,1.8316222222222223,0.046557302013638946,0.7526134406803067,0.0,0.07510357350111008
2064.0,1.8287999999999998,0.04644119329100249,0.753309445711762,0.0,0.07510626316070557
2064.3333333333335,1.8259777777777777,0.04632505898882755,0.7536961151736815,0.0,0.07511927932500839
2064.6666666666665,1.8231555555555556,0.04620895985851803,0.754237452420369,0.0,0.07512716203927994
2065.0,1.8203333333333331,0.0460928287537854,0.7548561235594403,0.0,0.07513248920440674
2065.3333333333335,1.817511111111111,0.04597674880812974,0.7553974608061278,0.0,0.07514040917158127
2065.6666666666665,1.8146888888888888,0.045860630493166354,0.7560934658375831,0.0,0.07514318823814392
2066.0,1.8118666666666665,0.0457445217705299,0.7565574691918866,0.0,0.07515370845794678
2066.3333333333335,1.8090444444444445,0.045628409850451135,0.7570214725461901,0.0,0.07516424357891083
2066.6666666666665,1.8062222222222222,0.04551229153548775,0.7574081420081097,0.0,0.07517734915018082
2067.0,1.8034,0.045396192405178226,0.7579494792547972,0.0,0.07518531382083893
2067.3333333333335,1.8005777777777776,0.045280058103003284,0.7581814809319489,0.0,0.0752035453915596
2067.6666666666665,1.7977555555555553,0.04516398455223225,0.7587228181786363,0.0,0.07521148025989532
2068.0,1.7949333333333335,0.04504788542192273,0.759032153748172,0.0,0.07522711157798767
2068.3333333333335,1.7921111111111108,0.04493173193509392,0.7594188232100916,0.0,0.07524014264345169
2068.6666666666665,1.789288888888889,0.04481563600222671,0.7596508248872433,0.0,0.0752582848072052
2069.0,1.7864666666666664,0.0446995112923787,0.7603468299186986,0.0,0.07526098936796188
2069.333333333333,1.7836444444444444,0.04458340576718456,0.76096550105777,0.0,0.0752662643790245
2069.666666666667,1.7808222222222223,0.04446727146500962,0.7614295044120736,0.0,0.07527662813663483
2070.0,1.7779999999999998,0.04435114995260392,0.761970841658761,0.0,0.07528446614742279
2070.333333333333,1.7751777777777777,0.044235076401832885,0.7620481755511449,0.0,0.07530765980482101
2070.666666666667,1.7723555555555557,0.04411896128431181,0.7621255094435287,0.0,0.07533082365989685
2071.0,1.7695333333333332,0.04400284296934842,0.7625895127978323,0.0,0.07534109801054001
2071.3333333333335,1.7667111111111111,0.04388670546973117,0.762976182259752,0.0,0.07535390555858612
2071.6666666666665,1.7638888888888886,0.043770631918960134,0.7635175195064393,0.0,0.07536156475543976
2072.0,1.7610666666666668,0.043654510406554436,0.7639815228607428,0.0,0.07537174969911575
2072.3333333333335,1.758244444444444,0.04353839528903336,0.7649868634617338,0.0,0.07536392658948898
2072.6666666666665,1.7554222222222222,0.04342227697406997,0.7655282007084213,0.0,0.07537145912647247
2073.0,1.7526,0.043306155461664275,0.7660695379551087,0.0,0.07537894695997238
2073.3333333333335,1.7497777777777777,0.043190021159489334,0.7666108752017962,0.0,0.07538636773824692
2073.6666666666665,1.7469555555555554,0.0430739476087183,0.7673068802332514,0.0,0.07538863271474838
2074.0,1.7441333333333335,0.04295783249119722,0.7680028852647067,0.0,0.07539086043834686
2074.3333333333335,1.741311111111111,0.04284168859669535,0.7683122208342423,0.0,0.07540583610534668
2074.6666666666665,1.738488888888889,0.04272560865103969,0.7685442225113941,0.0,0.07542330026626587
2075.0,1.7356666666666665,0.042609487138633995,0.7688535580809298,0.0,0.07543814927339554
2075.3333333333335,1.7328444444444444,0.04249338161343985,0.7697042308971529,0.0,0.07543506473302841
2075.6666666666665,1.730022222222222,0.0423772728908034,0.7706322376057599,0.0,0.07542937248945236
2076.0,1.7271999999999998,0.04226115777328232,0.7714055765295992,0.0,0.0754287987947464
2076.333333333333,1.7243777777777778,0.04214506823529973,0.7722562493458223,0.0,0.07542569190263748
2076.666666666667,1.7215555555555553,0.04202894032800941,0.7726429188077418,0.0,0.07543780654668808
2077.0,1.7187333333333332,0.041912790038622916,0.7733389238391971,0.0,0.0754396915435791
2077.333333333333,1.7159111111111112,0.041796729277621125,0.7738802610858846,0.0,0.07544663548469543
2077.666666666667,1.7130888888888887,0.041680601370330805,0.7742669305478042,0.0,0.07545861601829529
2078.0,1.7102666666666668,0.04156448625280973,0.7745762661173399,0.0,0.07547308504581451
2078.333333333333,1.7074444444444443,0.04144833596342323,0.7752722711487952,0.0,0.07547477632761002
2078.666666666667,1.7046222222222223,0.04133226880753682,0.7755042728259469,0.0,0.07549168914556503
2079.0,1.7017999999999998,0.04121615049257343,0.7759682761802504,0.0,0.07550091296434402
2079.3333333333335,1.6989777777777777,0.041100060954590845,0.7762776117497862,0.0,0.07551519572734833
2079.6666666666665,1.6961555555555554,0.040983933047300525,0.7765096134269379,0.0,0.0755319595336914
2080.0,1.6933333333333334,0.040867801942567894,0.7769736167812414,0.0,0.07554108649492264
2080.3333333333335,1.690511111111111,0.04075170600970068,0.777437620135545,0.0,0.07555019110441208
2080.6666666666665,1.6876888888888888,0.04063560687939116,0.7777469557050806,0.0,0.07556431740522385
2081.0,1.6848666666666665,0.04051947577465853,0.7779016234898484,0.0,0.07558349519968033
2081.3333333333335,1.6820444444444445,0.040403357459695144,0.7781336251670001,0.0,0.07560009509325027
2081.6666666666665,1.6792222222222222,0.04028726152682793,0.7791389657679911,0.0,0.07559125125408173
2082.0,1.6764,0.04017115600163379,0.7792936335527589,0.0,0.07561036944389343
2082.3333333333335,1.6735777777777776,0.04005503448922809,0.7797576369070625,0.0,0.07561929523944855
2082.6666666666665,1.6707555555555555,0.03993890018705315,0.7802989741537499,0.0,0.07562568038702011
2083.0,1.6679333333333333,0.03982279785930132,0.7810723130775892,0.0,0.07562441378831863
2083.3333333333335,1.6651111111111112,0.039706695531549485,0.7816136503242765,0.0,0.07563073933124542
2083.6666666666665,1.6622888888888887,0.039590570821701476,0.782232321463348,0.0,0.07563453912734985
2084.0,1.6594666666666666,0.0394744557041804,0.7826189909252675,0.0,0.07564593851566315
2084.333333333333,1.6566444444444441,0.039358382153409366,0.7835469976338746,0.0,0.07563962042331696
2084.666666666667,1.6538222222222223,0.03924224465379211,0.7840110009881781,0.0,0.07564849406480789
2085.0,1.6509999999999998,0.03912613273371335,0.7847070060196334,0.0,0.07564977556467056
2085.333333333333,1.6481777777777777,0.039010030405961515,0.7851710093739369,0.0,0.0756586492061615
2085.666666666667,1.6453555555555555,0.03889391848588275,0.7854030110510887,0.0,0.07567509263753891
2086.0,1.6425333333333332,0.0387777809862655,0.785944348297776,0.0,0.0756814107298851
2086.3333333333335,1.6397111111111111,0.03866168505339829,0.78602168219016,0.0,0.07570289075374603
2086.6666666666665,1.6368888888888888,0.038545579528204144,0.7865630194368475,0.0,0.07570920884609222
2087.0,1.6340666666666666,0.03842944842347151,0.7867950211139992,0.0,0.07572561502456665
2087.3333333333335,1.6312444444444443,0.03831335568804661,0.786949688898767,0.0,0.07574452459812164
2087.6666666666665,1.628422222222222,0.03819722138587167,0.7873363583606866,0.0,0.07575584203004837
2088.0,1.6256000000000002,0.038081138242773704,0.787955029499758,0.0,0.07575962692499161
2088.3333333333335,1.6227777777777777,0.03796499754571414,0.7884963667464454,0.0,0.07576598227024078
2088.6666666666665,1.6199555555555556,0.03784889841540462,0.7890377039931329,0.0,0.07577232271432877
2089.0,1.617133333333333,0.03773281207486434,0.789811042916972,0.0,0.07577108591794968
2089.3333333333335,1.614311111111111,0.03761665539059322,0.7901203784865077,0.0,0.07578501105308533
2089.6666666666665,1.6114888888888887,0.037500569050052945,0.7907390496255791,0.0,0.07578882575035095
2090.0,1.6086666666666667,0.03738444753764725,0.7914350546570343,0.0,0.07579010725021362
2090.3333333333335,1.6058444444444442,0.03726833561756848,0.791821724118954,0.0,0.07580145448446274
2090.6666666666665,1.6030222222222221,0.0371521885256243,0.7918990580113379,0.0,0.0758228749036789
2091.0,1.6001999999999998,0.037036127764622506,0.7922083935808736,0.0,0.075836680829525
2091.333333333333,1.5973777777777776,0.03691998387012063,0.7929043986123289,0.0,0.0758378729224205
2091.666666666667,1.5945555555555555,0.03680387514748418,0.7934457358590162,0.0,0.07584410905838013
2092.0,1.5917333333333332,0.0366877888069439,0.793677737536168,0.0,0.0758604034781456
2092.333333333333,1.5889111111111112,0.036571676886865134,0.7939097392133198,0.0,0.07587666064500809
2092.666666666667,1.5860888888888887,0.036455548979574814,0.7948377459219268,0.0,0.07587024569511414
2093.0,1.5832666666666666,0.036339459441592226,0.7953790831686143,0.0,0.0758763998746872
2093.333333333333,1.5804444444444443,0.03622331554709035,0.7959977543076856,0.0,0.0758800208568573
2093.666666666667,1.577622222222222,0.03610721961422314,0.7968484271239088,0.0,0.07587608695030212
2094.0,1.5748,0.03599112048391362,0.7975444321553641,0.0,0.07587718218564987
2094.3333333333335,1.5719777777777775,0.035874982984296366,0.7981631032944354,0.0,0.07588078081607819
2094.6666666666665,1.5691555555555554,0.0357588710642176,0.7987044405411228,0.0,0.07588686048984528
2095.0,1.5663333333333331,0.03564278472367732,0.7990137761106585,0.0,0.07590042799711227
2095.3333333333335,1.5635111111111109,0.03552663763173314,0.799555113357346,0.0,0.07590644806623459
2095.6666666666665,1.5606888888888888,0.035410535303981305,0.8001737844964173,0.0,0.07590996474027634
2096.0,1.5578666666666665,0.03529441698901792,0.8007924556354886,0.0,0.07591347396373749
2096.3333333333335,1.5550444444444445,0.035178314661266086,0.8014111267745601,0.0,0.07591697573661804
2096.6666666666665,1.552222222222222,0.03506224430793736,0.8018751301288636,0.0,0.07592546194791794
2097.0,1.5493999999999999,0.034946087623666244,0.8024938012679349,0.0,0.07592891901731491
2097.3333333333335,1.5465777777777776,0.0348299820984721,0.8029578046222384,0.0,0.07593736052513123
2097.6666666666665,1.5437555555555553,0.03471388616560489,0.803421807976542,0.0,0.07594579458236694
2098.0,1.540933333333333,0.034597777442968436,0.8038858113308455,0.0,0.07595418393611908
2098.3333333333335,1.538111111111111,0.03448163994335118,0.8041951469003811,0.0,0.07596755027770996
2098.6666666666665,1.5352888888888887,0.03436554081304166,0.8045044824699168,0.0,0.07598088681697845
2099.0,1.5324666666666666,0.034249419300635964,0.8050458197166043,0.0,0.07598670572042465
2099.333333333333,1.5296444444444441,0.03413330098567258,0.8056644908556756,0.0,0.07599004358053207
2099.666666666667,1.526822222222222,0.03401718267070919,0.8059738264252113,0.0,0.07600334286689758
2100.0,1.5239999999999998,0.03390109952761122,0.8062058281023631,0.0,0.07601910084486008
2100.333333333333,1.5296444444444444,0.03413330098567258,0.8068244992414344,0.0,0.07602234184741974
2100.666666666667,1.5352888888888887,0.03436554081304166,0.8075205042728897,0.0,0.07602306455373764
2101.0,1.540933333333333,0.034597777442968436,0.8076751720576575,0.0,0.07604120671749115
2101.3333333333335,1.5465777777777774,0.0348299820984721,0.8080618415195772,0.0,0.07605183124542236
2101.6666666666665,1.552222222222222,0.03506224430793736,0.8083711770891128,0.0,0.07606492936611176
2102.0,1.5578666666666665,0.03529441698901792,0.8086805126586485,0.0,0.07607799023389816
2102.3333333333335,1.5635111111111109,0.03552663763173314,0.8089898482281841,0.0,0.07609102129936218
2102.6666666666665,1.5691555555555554,0.0357588710642176,0.809067182120568,0.0,0.07611150294542313
2103.0,1.5748,0.03599112048391362,0.8095311854748716,0.0,0.07611948996782303
2103.3333333333335,1.5804444444444443,0.03622331554709035,0.8098405210444073,0.0,0.07613242417573929
2103.6666666666665,1.5860888888888887,0.036455548979574814,0.810072522721559,0.0,0.07614780962467194
2104.0,1.5917333333333332,0.0366877888069439,0.8106138599682464,0.0,0.0761532410979271
2104.3333333333335,1.5973777777777776,0.03691998387012063,0.8110005294301661,0.0,0.0761636421084404
2104.6666666666665,1.6030222222222221,0.0371521885256243,0.8108458616453982,0.0,0.0761914774775505
2105.0,1.6086666666666667,0.03738444753764725,0.8108458616453982,0.0,0.07621429115533829
2105.3333333333335,1.614311111111111,0.03761665539059322,0.8113098649997017,0.0,0.07622206956148148
2105.6666666666665,1.6199555555555556,0.03784889841540462,0.812005870031157,0.0,0.07622231543064117
2106.0,1.6256000000000002,0.038081138242773704,0.8124698733854605,0.0,0.07623004913330078
2106.333333333333,1.6312444444444443,0.03831335568804661,0.8128565428473802,0.0,0.07624024897813797
2106.666666666667,1.6368888888888888,0.038545579528204144,0.8131658784169158,0.0,0.07625290751457214
2107.0,1.6425333333333332,0.0387777809862655,0.8137072156636033,0.0,0.07625805586576462
2107.333333333333,1.6481777777777777,0.039010030405961515,0.8142485529102906,0.0,0.07626316696405411
2107.666666666667,1.653822222222222,0.03924224465379211,0.8147125562645942,0.0,0.07627074420452118
2108.0,1.6594666666666666,0.0394744557041804,0.8150218918341299,0.0,0.07628326863050461
2108.333333333333,1.6651111111111112,0.039706695531549485,0.8153312274036656,0.0,0.07629576325416565
2108.666666666667,1.6707555555555555,0.03993890018705315,0.8155632290808174,0.0,0.07631071656942368
2109.0,1.6764,0.04017115600163379,0.8162592341122726,0.0,0.07631067931652069
2109.3333333333335,1.6820444444444442,0.040403357459695144,0.8171099069284957,0.0,0.07630565762519836
2109.6666666666665,1.6876888888888888,0.04063560687939116,0.8172645747132635,0.0,0.0763230100274086
2110.0,1.6933333333333331,0.040867801942567894,0.817728578067567,0.0,0.07633038610219955
2110.3333333333335,1.6989777777777777,0.041100060954590845,0.8181152475294867,0.0,0.0763402208685875
2110.6666666666665,1.7046222222222223,0.04133226880753682,0.8184245830990223,0.0,0.07635249197483063
2111.0,1.7102666666666666,0.04156448625280973,0.818733918668558,0.0,0.07636477053165436
2111.3333333333335,1.7159111111111112,0.041796729277621125,0.8191205881304776,0.0,0.07637450098991394
2111.6666666666665,1.7215555555555553,0.04202894032800941,0.8195072575923972,0.0,0.07638419419527054
2112.0,1.7271999999999998,0.04226115777328232,0.8198939270543169,0.0,0.07639386504888535
2112.3333333333335,1.7328444444444444,0.04249338161343985,0.8198165931619329,0.0,0.0764184445142746
2112.6666666666665,1.738488888888889,0.04272560865103969,0.8200485948390847,0.0,0.07643301039934158
2113.0,1.744133333333333,0.04295783249119722,0.8207445998705399,0.0,0.07643261551856995
2113.3333333333335,1.7497777777777777,0.043190021159489334,0.8212086032248435,0.0,0.07643967866897583
2113.6666666666665,1.7554222222222222,0.04342227697406997,0.8217499404715309,0.0,0.07644423842430115
2114.0,1.7610666666666668,0.043654510406554436,0.8221366099334505,0.0,0.07645373791456223
2114.333333333333,1.7667111111111107,0.04388670546973117,0.8229099488572897,0.0,0.07645079493522644
2114.666666666667,1.7723555555555552,0.04411896128431181,0.8232966183192093,0.0,0.07646027207374573
2115.0,1.7779999999999998,0.04435114995260392,0.823605953888745,0.0,0.0764722228050232
2115.333333333333,1.7836444444444444,0.04458340576718456,0.8243019589202003,0.0,0.07647176831960678
2115.666666666667,1.789288888888889,0.04481563600222671,0.8248432961668877,0.0,0.07647628337144852
2116.0,1.794933333333333,0.04504788542192273,0.8253072995211912,0.0,0.07648324966430664
2116.3333333333335,1.8005777777777776,0.045280058103003284,0.8257713028754947,0.0,0.07649020105600357
2116.6666666666665,1.8062222222222222,0.04551229153548775,0.8267766434764857,0.0,0.07647980004549026
2117.0,1.8118666666666665,0.0457445217705299,0.8272406468307892,0.0,0.07648671418428421
2117.3333333333335,1.817511111111111,0.04597674880812974,0.8275499824003248,0.0,0.07649858295917511
2117.6666666666665,1.8231555555555552,0.04620895985851803,0.8282459874317801,0.0,0.07649804651737213
2118.0,1.8287999999999998,0.04644119329100249,0.8283233213241641,0.0,0.07651730626821518
2118.3333333333335,1.8344444444444443,0.04667340114394847,0.8287099907860837,0.0,0.07652663439512253
2118.6666666666665,1.8400888888888889,0.046905624984106,0.8293286619251551,0.0,0.07652851194143295
2119.0,1.8457333333333334,0.047137874403802016,0.830334002526146,0.0,0.07651802897453308
2119.3333333333335,1.8513777777777776,0.04737010463884417,0.8307980058804495,0.0,0.07652482390403748
2119.6666666666665,1.857022222222222,0.0476022997020209,0.831262009234753,0.0,0.07653159648180008
2120.0,1.8626666666666665,0.047834533134505364,0.831262009234753,0.0,0.07655315101146698
2120.3333333333335,1.868311111111111,0.04806677615931676,0.8317260125890565,0.0,0.07655986398458481
2120.6666666666665,1.8739555555555556,0.048299015986685845,0.8321126820509761,0.0,0.07656902819871902
2121.0,1.8795999999999997,0.04853122383963182,0.8324993515128958,0.0,0.07657817751169205
2121.333333333333,1.8852444444444443,0.0487634316925778,0.8328860209748153,0.0,0.07658729702234268
2121.666666666667,1.8908888888888888,0.04899562675575453,0.8330406887595831,0.0,0.07660380005836487
2122.0,1.8965333333333334,0.04922788576777748,0.8337366937910384,0.0,0.07660304754972458
2122.333333333333,1.9021777777777777,0.049460122397704254,0.834200697145342,0.0,0.07660964876413345
2122.666666666667,1.9078222222222219,0.049692317460880986,0.8347420343920294,0.0,0.07661376893520355
2123.0,1.9134666666666664,0.04992455409080776,0.8354380394234847,0.0,0.0766129270195961
2123.333333333333,1.919111111111111,0.05015677473352298,0.8355927072082525,0.0,0.07662930339574814
2123.666666666667,1.9247555555555556,0.050389024153219,0.83613404445494,0.0,0.07663331925868988
2124.0,1.9304000000000001,0.050621238401049595,0.8364433800244756,0.0,0.07664471864700317
2124.3333333333335,1.9360444444444442,0.050853497413072546,0.8368300494863953,0.0,0.07665364444255829
2124.6666666666665,1.9416888888888888,0.051085679686480034,0.8371393850559309,0.0,0.0766649916768074
2125.0,1.9473333333333334,0.05131792590873374,0.8375260545178506,0.0,0.07667384296655655
2125.3333333333335,1.9529777777777777,0.05155014655144896,0.8381447256569219,0.0,0.07667528092861176
2125.6666666666665,1.9586222222222225,0.05178233841718338,0.8385313951188414,0.0,0.07668407261371613
2126.0,1.9642666666666664,0.0520145878368794,0.8393047340426807,0.0,0.07668054848909378
2126.3333333333335,1.9699111111111112,0.052246792492383065,0.8398460712893682,0.0,0.07668437063694
2126.6666666666665,1.9755555555555555,0.05247900354277135,0.8403874085360555,0.0,0.07668817043304443
2127.0,1.9812000000000003,0.05271124976502506,0.8406967441055913,0.0,0.07669930905103683
2127.3333333333335,1.9868444444444446,0.0529434768026249,0.8408514118903591,0.0,0.07671532779932022
2127.6666666666665,1.992488888888889,0.053175684655570876,0.8410834135675108,0.0,0.07672885060310364
2128.0,1.998133333333333,0.05340792768038227,0.8413927491370465,0.0,0.07673987001180649
2128.3333333333335,2.003777777777778,0.05364017070519367,0.8419340863837339,0.0,0.07674349099397659
2128.6666666666665,2.0094222222222218,0.053872381755581955,0.8424754236304214,0.0,0.07674707472324371
2129.0,2.015066666666667,0.054104605595739486,0.8433260964466445,0.0,0.07674083113670349
2129.333333333333,2.020711111111111,0.05433683583078164,0.8439447675857159,0.0,0.07674194872379303
2129.666666666667,2.0263555555555555,0.05456905327605455,0.8444087709400194,0.0,0.07674793154001236
2130.0,2.032,0.054801309090635186,0.8449501081867068,0.0,0.07675148546695709
2130.333333333333,2.037644444444444,0.05503346258706188,0.8454914454333943,0.0,0.07675502449274063
2130.666666666667,2.0432888888888887,0.05526566084768092,0.8462647843572334,0.0,0.076751209795475
2131.0,2.0489333333333333,0.05549792305714618,0.8465741199267691,0.0,0.07676205784082413
2131.3333333333335,2.054577777777778,0.05573017887172682,0.8467287877115369,0.0,0.07677777856588364
2131.6666666666665,2.0602222222222224,0.05596238992211511,0.8471927910658404,0.0,0.0767836719751358
2132.0,2.065866666666666,0.056194639341811126,0.8478887960972957,0.0,0.0767822191119194
2132.3333333333335,2.071511111111111,0.056426856787084034,0.8484301333439832,0.0,0.07678563892841339
2132.6666666666665,2.077155555555555,0.05665905504770308,0.8484301333439832,0.0,0.07680613547563553
2133.0,2.0828,0.056891304467399095,0.8488168028059028,0.0,0.07681439816951752
2133.3333333333335,2.0884444444444443,0.05712350272801814,0.8497448095145098,0.0,0.07680557668209076
2133.6666666666665,2.094088888888889,0.057355752147714156,0.8498994772992777,0.0,0.07682115584611893
2134.0,2.099733333333333,0.05758795680321782,0.8498994772992777,0.0,0.07684159278869629
2134.3333333333335,2.105377777777778,0.057820187038259974,0.8502861467611973,0.0,0.0768497958779335
2134.6666666666665,2.111022222222222,0.05805240448353288,0.850518148438349,0.0,0.0768628716468811
2135.0,2.1166666666666667,0.05828462832369041,0.8509048179002686,0.0,0.07687104493379593
2135.3333333333335,2.122311111111111,0.05851687134850181,0.8512914873621882,0.0,0.07687921077013016
2135.6666666666665,2.1279555555555554,0.05874909518865934,0.8518328246088757,0.0,0.07688247412443161
2136.0,2.1336,0.05898129344927838,0.8519874923936435,0.0,0.07689791172742844
2136.333333333333,2.1392444444444445,0.059213555658743644,0.8522968279631792,0.0,0.07690846920013428
2136.666666666667,2.144888888888889,0.05944576670913193,0.8523741618555631,0.0,0.0769263282418251
2137.0,2.150533333333333,0.05967797775952022,0.8523741618555631,0.0,0.07694660872220993
2137.333333333333,2.1561777777777773,0.05991020799456237,0.8526061635327149,0.0,0.07695954293012619
2137.666666666667,2.1618222222222223,0.060142380675642926,0.8526834974250987,0.0,0.07697733491659164
2138.0,2.1674666666666664,0.06037466206976205,0.8528381652098667,0.0,0.07699266076087952
2138.333333333333,2.1731111111111114,0.06060688590991958,0.8529928329946345,0.0,0.0770079642534256
2138.666666666667,2.178755555555555,0.06083912253984636,0.853456836348938,0.0,0.07701350748538971
2139.0,2.1844,0.061071333590234644,0.8537661719184737,0.0,0.0770239382982254
2139.3333333333335,2.1900444444444442,0.061303595799699906,0.8543075091651611,0.0,0.07702700793743134
2139.6666666666665,2.1956888888888892,0.061535742901241974,0.8545395108423128,0.0,0.07703985273838043
2140.0,2.2013333333333334,0.06176798592605337,0.8550808480890003,0.0,0.07704287022352219
2140.3333333333335,2.2069777777777775,0.062000228950864766,0.8556221853356878,0.0,0.07704586535692215
2140.6666666666665,2.212622222222222,0.06223246558079154,0.8559315209052234,0.0,0.0770561695098877
2141.0,2.2182666666666666,0.06246465744652596,0.8563955242595269,0.0,0.07706154882907867
2141.3333333333335,2.223911111111111,0.06269689407645274,0.8567048598290626,0.0,0.07707178592681885
2141.6666666666665,2.2295555555555557,0.06292911791661027,0.8570915292909822,0.0,0.07707956433296204
2142.0,2.2352,0.06316136733630628,0.8575555326452857,0.0,0.07708486169576645
2142.3333333333335,2.2408444444444444,0.06339355280715608,0.8580968698919732,0.0,0.07708770036697388
2142.6666666666665,2.2464888888888885,0.0636258022268521,0.8584835393538928,0.0,0.0770953893661499
2143.0,2.2521333333333335,0.06385801967212501,0.859256878277732,0.0,0.07709087431430817
2143.3333333333335,2.2577777777777777,0.06409028188159027,0.8597982155244194,0.0,0.07709367573261261
2143.6666666666665,2.2634222222222222,0.06432245456267083,0.8603395527711069,0.0,0.07709645479917526
2144.0,2.2690666666666663,0.06456145698052751,0.8611128916949461,0.0,0.07709190994501114
2144.333333333333,2.2747111111111114,0.0648295944927213,0.8614995611568657,0.0,0.07709953188896179
2144.666666666667,2.2803555555555555,0.06509766805606887,0.862118232295937,0.0,0.07709984481334686
2145.0,2.2860000000000005,0.0653658183580319,0.8624275678654727,0.0,0.0771099254488945
2145.333333333333,2.291644444444444,0.06563394308045645,0.8627369034350083,0.0,0.07711996883153915
2145.666666666667,2.2972888888888887,0.06590202943357326,0.8633555745740797,0.0,0.07712028920650482
2146.0,2.3029333333333333,0.0661701797355363,0.8635875762512315,0.0,0.07713273912668228
2146.3333333333335,2.3085777777777774,0.06643827887842235,0.8641289134979189,0.0,0.07713545858860016
2146.6666666666665,2.3142222222222224,0.06670637162642379,0.8645929168522224,0.0,0.07714058458805084
2147.0,2.3198666666666665,0.06697453471815606,0.8653662557760616,0.0,0.07713601738214493
2147.3333333333335,2.325511111111111,0.0672426274661575,0.8654435896684456,0.0,0.0771532654762268
2147.6666666666665,2.3311555555555556,0.0675107393988128,0.8656755913455974,0.0,0.0771656334400177
2148.0,2.3368,0.06777885772635273,0.8660622608075169,0.0,0.07717315107584
2148.3333333333335,2.3424444444444443,0.06804698884366189,0.8667582658389722,0.0,0.07717099785804749
2148.6666666666665,2.348088888888889,0.06831505601212484,0.8672222691932757,0.0,0.07717611640691757
2149.0,2.3537333333333335,0.06858318073454939,0.8676089386551953,0.0,0.07718364894390106
2149.3333333333335,2.3593777777777776,0.0688513246416278,0.8682276097942666,0.0,0.07718392461538315
2149.6666666666665,2.365022222222222,0.06911944296916772,0.8690782826104898,0.0,0.07717694342136383
2150.0,2.3706666666666667,0.06938755490182302,0.8692329503952576,0.0,0.07719174027442932
2150.3333333333335,2.3763111111111113,0.06965567322936295,0.8697742876419451,0.0,0.0771944522857666
2150.6666666666665,2.381955555555556,0.06992379155690287,0.8700062893190968,0.0,0.07720682770013809
2151.0,2.3876,0.07019186512025044,0.8701609571038647,0.0,0.07722163200378418
2151.333333333333,2.3932444444444445,0.07046001542221347,0.8705476265657842,0.0,0.07722920924425125
2151.666666666667,2.398888888888889,0.07072811456509953,0.8708569621353199,0.0,0.07723920047283173
2152.0,2.4045333333333336,0.07099626486706256,0.8708569621353199,0.0,0.0772588774561882
2152.333333333333,2.4101777777777778,0.07126437679971787,0.8712436315972395,0.0,0.07726643234491348
2152.666666666667,2.4158222222222228,0.07153247594260392,0.8714756332743913,0.0,0.07727880775928497
2153.0,2.4214666666666664,0.0718005814803746,0.8718623027363108,0.0,0.07728632539510727
2153.333333333333,2.4271111111111114,0.07206864864883755,0.8724036399829983,0.0,0.07728900760412216
2153.666666666667,2.4327555555555556,0.07233677976614672,0.8730996450144536,0.0,0.07728683203458786
2154.0,2.4384,0.07260487890903278,0.8734089805839893,0.0,0.07729674130678177
2154.3333333333335,2.4440444444444447,0.07287304200076505,0.8737956500459089,0.0,0.07730421423912048
2154.6666666666665,2.449688888888889,0.07314121788226657,0.8739503178306767,0.0,0.07731893658638
2155.0,2.4553333333333334,0.0734092786558449,0.8741823195078284,0.0,0.07733123749494553
2155.3333333333335,2.460977777777778,0.07367739698338482,0.8747236567545159,0.0,0.07733388245105743
2155.6666666666665,2.4666222222222225,0.07394550891604013,0.8748783245392837,0.0,0.07734858244657516
2156.0,2.472266666666667,0.07421358887427232,0.8754196617859712,0.0,0.07735118269920349
2156.3333333333335,2.4779111111111107,0.07448171999158149,0.875651663463123,0.0,0.07736343890428543
2156.6666666666665,2.4835555555555557,0.07474985110889065,0.8760383329250425,0.0,0.07737084478139877
2157.0,2.4892,0.07501790548758436,0.8761930007098104,0.0,0.07738547027111053
2157.3333333333335,2.4948444444444444,0.0752859982355858,0.87657967017173,0.0,0.0773928090929985
2157.6666666666665,2.500488888888889,0.07555422527616429,0.8768890057412657,0.0,0.07740255445241928
2158.0,2.5061333333333335,0.07582233720881959,0.8774303429879531,0.0,0.07740502059459686
2158.3333333333335,2.5117777777777777,0.07609044914147489,0.8777396785574888,0.0,0.07741473615169525
2158.6666666666665,2.5174222222222227,0.07635854828436095,0.8782036819117923,0.0,0.07741960138082504
2159.0,2.5230666666666663,0.07662669219143936,0.8788223530508636,0.0,0.07741962373256683
2159.333333333333,2.5287111111111114,0.07689480412409466,0.8797503597594707,0.0,0.0774100050330162
2159.666666666667,2.5343555555555555,0.07716290966186534,0.8802916970061582,0.0,0.0774124339222908
2160.0,2.54,0.07743099601498216,0.880446364790926,0.0,0.07742686569690704
2160.333333333333,2.528711111111111,0.07689480412409466,0.8809877020376135,0.0,0.07742924988269806
2160.666666666667,2.5174222222222227,0.07635854828436095,0.881451705391917,0.0,0.0774340108036995
2161.0,2.5061333333333335,0.07582233720881959,0.8819157087462205,0.0,0.07743876427412033
2161.3333333333335,2.494844444444445,0.0752859982355858,0.8824570459929079,0.0,0.07744109630584717
2161.6666666666665,2.4835555555555557,0.07474985110889065,0.8828437154548274,0.0,0.07744821161031723
2162.0,2.472266666666667,0.07421358887427232,0.8833850527015149,0.0,0.07745049893856049
2162.3333333333335,2.460977777777778,0.07367739698338482,0.8839263899482024,0.0,0.07745277136564255
2162.6666666666665,2.449688888888889,0.07314121788226657,0.884313059410122,0.0,0.07745981961488724
2163.0,2.4384,0.07260487890903278,0.8846223949796577,0.0,0.07746924459934235
2163.3333333333335,2.4271111111111114,0.07206864864883755,0.8849317305491933,0.0,0.07747862488031387
2163.6666666666665,2.4158222222222228,0.07153247594260392,0.8856277355806486,0.0,0.07747599482536316
2164.0,2.4045333333333336,0.07099626486706256,0.8859370711501843,0.0,0.0774853527545929
2164.3333333333335,2.3932444444444445,0.07046001542221347,0.8863237406121038,0.0,0.07749229669570923
2164.6666666666665,2.381955555555556,0.06992379155690287,0.8867104100740235,0.0,0.07749921828508377
2165.0,2.3706666666666667,0.06938755490182302,0.887174413428327,0.0,0.07750371843576431
2165.3333333333335,2.3593777777777776,0.0688513246416278,0.8876384167826304,0.0,0.07750818878412247
2165.6666666666665,2.348088888888889,0.06831505601212484,0.8879477523521662,0.0,0.07751742005348206
2166.0,2.3368,0.06777885772635273,0.8883344218140857,0.0,0.07752423733472824
2166.333333333333,2.325511111111111,0.0672426274661575,0.8885664234912375,0.0,0.07753584533929825
2166.666666666667,2.3142222222222224,0.06670637162642379,0.889030426845541,0.0,0.07754023373126984
2167.0,2.3029333333333333,0.0661701797355363,0.8894170963074607,0.0,0.07754701375961304
2167.333333333333,2.291644444444444,0.06563394308045645,0.8898810996617642,0.0,0.07755137234926224
2167.666666666667,2.2803555555555555,0.06509766805606887,0.8901904352312998,0.0,0.07756054401397705
2168.0,2.2690666666666663,0.06456145698052751,0.8906544385856033,0.0,0.07756490260362625
2168.333333333333,2.2577777777777777,0.06409028188159027,0.8907317724779873,0.0,0.07758120447397232
2168.666666666667,2.2464888888888885,0.0636258022268521,0.8911184419399069,0.0,0.07758791744709015
2169.0,2.2352,0.06316136733630628,0.8915051114018265,0.0,0.07759460806846619
2169.3333333333335,2.223911111111111,0.06269689407645274,0.8921237825408979,0.0,0.07759410887956619
2169.6666666666665,2.212622222222222,0.06223246558079154,0.8926651197875853,0.0,0.07759600877761841
2170.0,2.2013333333333334,0.06176798592605337,0.8930517892495049,0.0,0.07760269194841385
2170.3333333333335,2.1900444444444442,0.061303595799699906,0.8932837909266567,0.0,0.07761413604021072
2170.6666666666665,2.178755555555555,0.06083912253984636,0.893825128173344,0.0,0.07761599123477936
2171.0,2.1674666666666664,0.06037466206976205,0.8945211332047993,0.0,0.07761307805776596
2171.3333333333335,2.1561777777777773,0.05991020799456237,0.8953718060210225,0.0,0.07760539650917053
2171.6666666666665,2.144888888888889,0.05944576670913193,0.8957584754829421,0.0,0.07761203497648239
2172.0,2.1336,0.05898129344927838,0.8959904771600938,0.0,0.07762343436479568
2172.3333333333335,2.1223111111111113,0.05851687134850181,0.8965318144067813,0.0,0.07762528955936432
2172.6666666666665,2.111022222222222,0.05805240448353288,0.8967638160839331,0.0,0.07763667404651642
2173.0,2.0997333333333335,0.05758795680321782,0.8973824872230044,0.0,0.07763613015413284
2173.3333333333335,2.0884444444444443,0.05712350272801814,0.8976918227925401,0.0,0.07764517515897751
2173.6666666666665,2.077155555555555,0.05665905504770308,0.8982331600392275,0.0,0.07764705270528793
2174.0,2.0658666666666665,0.056194639341811126,0.8985424956087632,0.0,0.07765605300664902
2174.333333333333,2.054577777777778,0.05573017887172682,0.8988518311782988,0.0,0.07766503840684891
2174.666666666667,2.043288888888889,0.05526566084768092,0.8991611667478345,0.0,0.077674001455307
2175.0,2.032,0.054801309090635186,0.8998571717792898,0.0,0.07767103612422943
2175.333333333333,2.020711111111111,0.05433683583078164,0.9001665073488255,0.0,0.07767996937036514
2175.666666666667,2.009422222222222,0.053872381755581955,0.900630510703129,0.0,0.07768411934375763
2176.0,1.998133333333333,0.05340792768038227,0.9010945140574326,0.0,0.07768825441598892
2176.3333333333335,1.9868444444444446,0.0529434768026249,0.9013265157345843,0.0,0.07769950479269028
2176.6666666666665,1.9755555555555555,0.05247900354277135,0.9016358513041199,0.0,0.07770835608243942
2177.0,1.9642666666666664,0.0520145878368794,0.9017905190888879,0.0,0.07772193849086761
2177.3333333333335,1.9529777777777777,0.05155014655144896,0.9024865241203431,0.0,0.07771885395050049
2177.6666666666665,1.9416888888888888,0.051085679686480034,0.9030278613670305,0.0,0.077720507979393
2178.0,1.9304000000000001,0.050621238401049595,0.9034145308289501,0.0,0.07772690057754517
2178.3333333333335,1.919111111111111,0.05015677473352298,0.9039558680756375,0.0,0.0777285248041153
2178.6666666666665,1.9078222222222219,0.049692317460880986,0.9045745392147089,0.0,0.07772774994373322
2179.0,1.8965333333333334,0.04922788576777748,0.9048838747842446,0.0,0.07773644477128983
2179.3333333333335,1.8852444444444447,0.0487634316925778,0.9051158764613964,0.0,0.07774747163057327
2179.6666666666665,1.8739555555555556,0.048299015986685845,0.9055025459233159,0.0,0.07775375247001648
2180.0,1.8626666666666665,0.047834533134505364,0.9056572137080838,0.0,0.07776709645986557
2180.3333333333335,1.851377777777778,0.04737010463884417,0.9058118814928516,0.0,0.07778042554855347
2180.6666666666665,1.8400888888888889,0.046905624984106,0.9063532187395391,0.0,0.07778190076351166
2181.0,1.8288000000000002,0.04644119329100249,0.9070492237709944,0.0,0.0777786374092102
2181.333333333333,1.817511111111111,0.04597674880812974,0.9075905610176818,0.0,0.0777800977230072
2181.666666666667,1.8062222222222222,0.04551229153548775,0.9081318982643692,0.0,0.0777815505862236
2182.0,1.7949333333333335,0.04504788542192273,0.908286566049137,0.0,0.07779480516910553
2182.333333333333,1.7836444444444444,0.04458340576718456,0.9088279032958245,0.0,0.07779621332883835
2182.666666666667,1.7723555555555557,0.04411896128431181,0.9088279032958245,0.0,0.07781416922807693
2183.0,1.7610666666666668,0.043654510406554436,0.909291906650128,0.0,0.077817901968956
2183.333333333333,1.7497777777777777,0.043190021159489334,0.9101425794663511,0.0,0.07780981063842773
2183.666666666667,1.738488888888889,0.04272560865103969,0.9110705861749582,0.0,0.07779937237501144
2184.0,1.7271999999999998,0.04226115777328232,0.9114572556368777,0.0,0.07780546694993973
2184.3333333333335,1.7159111111111114,0.041796729277621125,0.9115345895292617,0.0,0.07782097905874252
2184.6666666666665,1.7046222222222223,0.04133226880753682,0.912153260668333,0.0,0.07781995832920074
2185.0,1.6933333333333334,0.040867801942567894,0.9124625962378687,0.0,0.07782835513353348
2185.3333333333335,1.6820444444444445,0.040403357459695144,0.9126945979150205,0.0,0.07783909887075424
2185.6666666666665,1.6707555555555558,0.03993890018705315,0.9130039334845562,0.0,0.07784745842218399
2186.0,1.6594666666666669,0.0394744557041804,0.913158601269324,0.0,0.0778605118393898
2186.3333333333335,1.6481777777777777,0.039010030405961515,0.9133132690540918,0.0,0.07787355035543442
2186.6666666666665,1.6368888888888888,0.038545579528204144,0.9136226046236275,0.0,0.07788185030221939
2187.0,1.6256000000000002,0.038081138242773704,0.9143186096550828,0.0,0.07787832617759705
2187.3333333333335,1.614311111111111,0.03761665539059322,0.9147826130093863,0.0,0.07788187265396118
2187.6666666666665,1.6030222222222221,0.0371521885256243,0.9153239502560737,0.0,0.07788307964801788
2188.0,1.5917333333333332,0.0366877888069439,0.9157879536103772,0.0,0.07788663357496262
2188.3333333333335,1.5804444444444445,0.03622331554709035,0.9161746230722969,0.0,0.07789251953363419
2188.6666666666665,1.5691555555555554,0.0357588710642176,0.9167159603189843,0.0,0.0778936818242073
2189.0,1.5578666666666665,0.03529441698901792,0.9172572975656718,0.0,0.07789485901594162
2189.333333333333,1.5465777777777776,0.0348299820984721,0.9175666331352075,0.0,0.07790307700634003
2189.666666666667,1.5352888888888887,0.03436554081304166,0.918030636489511,0.0,0.07790657877922058
2190.0,1.524,0.03390109952761122,0.9182626381666628,0.0,0.07791715115308762
2190.333333333333,1.5127111111111111,0.033436629465199985,0.9187266415209663,0.0,0.07792065292596817
2190.666666666667,1.501422222222222,0.032972188179769546,0.9191906448752697,0.0,0.07792411744594574
2191.0,1.490133333333333,0.03250771172247369,0.9197319821219572,0.0,0.07792521268129349
2191.3333333333335,1.4788444444444444,0.03204330880635098,0.9201959854762607,0.0,0.07792864739894867
2191.6666666666665,1.4675555555555555,0.03157883874393974,0.9205053210457964,0.0,0.07793675363063812
2192.0,1.4562666666666666,0.031114397458509302,0.920891990507716,0.0,0.07794249057769775
2192.3333333333335,1.4449777777777777,0.030649959370521174,0.9212786599696355,0.0,0.0779482051730156
2192.6666666666665,1.4336888888888888,0.030185511690206113,0.9214333277544035,0.0,0.07796093821525574
2193.0,1.4223999999999999,0.029721044825237186,0.921819997216323,0.0,0.07796660810709
2193.3333333333335,1.411111111111111,0.029256600342364436,0.9219746650010908,0.0,0.07797929644584656
2193.6666666666665,1.399822222222222,0.028792152662049375,0.9223613344630105,0.0,0.07798491418361664
2194.0,1.3885333333333334,0.028327704981734314,0.922825337817314,0.0,0.07798818498849869
2194.3333333333335,1.3772444444444445,0.027863238116765388,0.9229026717096979,0.0,0.07800314575433731
2194.6666666666665,1.3659555555555556,0.02739880642366188,0.9235213428487693,0.0,0.07800167053937912
2195.0,1.3546666666666665,0.02693435874334682,0.9237533445259211,0.0,0.0780119001865387
2195.3333333333335,1.3433777777777778,0.026469904668147137,0.9239080123106889,0.0,0.07802443951368332
2195.6666666666665,1.3320888888888889,0.026005461783995543,0.9242946817726084,0.0,0.07802992314100266
2196.0,1.3208,0.02554101410368048,0.9249133529116798,0.0,0.0780283510684967
2196.333333333333,1.309511111111111,0.025076553633596177,0.9249906868040637,0.0,0.07804318517446518
2196.666666666667,1.2982222222222224,0.024612113946886893,0.9253000223735994,0.0,0.07805097103118896
2197.0,1.2869333333333333,0.024147655075523744,0.925764025727903,0.0,0.0780540406703949
2197.333333333333,1.2756444444444444,0.023683220184977927,0.9263053629745903,0.0,0.0780547708272934
2197.666666666667,1.2643555555555555,0.02321875651745131,0.9267693663288938,0.0,0.07805782556533813
2198.0,1.2530666666666668,0.02275432322562665,0.9271560357908135,0.0,0.07806318998336792
2198.333333333333,1.2417777777777779,0.022289865952984655,0.9275427052527331,0.0,0.07806853204965591
2198.666666666667,1.230488888888889,0.02182540868034266,0.9280067086070366,0.0,0.07807150483131409
2199.0,1.2191999999999998,0.02136098178340262,0.9281613763918044,0.0,0.078083835542202
2199.3333333333335,1.2079111111111112,0.020896526109481783,0.9284707119613401,0.0,0.07809145748615265
2199.6666666666665,1.1966222222222223,0.020432084824051344,0.9287800475308758,0.0,0.07809906452894211
2200.0,1.1853333333333333,0.01996762435396704,0.9292440508851794,0.0,0.0781019777059555
2200.3333333333335,1.1740444444444444,0.01950318626597891,0.9298627220242507,0.0,0.07810021191835403
2200.6666666666665,1.1627555555555555,0.019038733789500384,0.9301720575937863,0.0,0.07810776680707932
2201.0,1.1514666666666666,0.0185742941027911,0.9302493914861703,0.0,0.0781223326921463
2201.3333333333335,1.1401777777777777,0.018109833632706795,0.9303267253785542,0.0,0.0781368762254715
2201.6666666666665,1.1288888888888886,0.017645393945997512,0.9301720575937863,0.0,0.0781584307551384
2202.0,1.1176,0.017180935074634363,0.9303267253785542,0.0,0.07817059755325317
2202.3333333333335,1.106311111111111,0.016716488993040457,0.9307133948404738,0.0,0.07817572355270386
2202.6666666666665,1.0950222222222221,0.01625204291144655,0.9311000643023933,0.0,0.07818082720041275
2203.0,1.0837333333333332,0.015787596829852646,0.9312547320871613,0.0,0.07819294184446335
2203.3333333333335,1.0724444444444443,0.015323142754652963,0.9318734032262326,0.0,0.07819098234176636
2203.6666666666665,1.0611555555555554,0.014858696673059058,0.9321827387957683,0.0,0.0781983733177185
2204.0,1.0498666666666665,0.01439424419658053,0.9326467421500718,0.0,0.078201062977314
2204.333333333333,1.0385777777777776,0.013929801312428935,0.9333427471815271,0.0,0.07819673418998718
2204.666666666667,1.027288888888889,0.013465356829556185,0.9335747488586789,0.0,0.07820639759302139
2205.0,1.016,0.013000901155635347,0.9340387522129824,0.0,0.0782090499997139
2205.333333333333,1.0047111111111109,0.012536453475320286,0.934425421674902,0.0,0.07821401208639145
2205.666666666667,0.9934222222222221,0.01207200419628407,0.9346574233520537,0.0,0.07822361588478088
2206.0,0.9821333333333332,0.011607560512771897,0.935353428383509,0.0,0.0782192125916481
2206.3333333333335,0.9708444444444444,0.011143119227341458,0.9354307622758928,0.0,0.07823344320058823
2206.6666666666665,0.9595555555555555,0.010678657957896576,0.9361267673073481,0.0,0.07822898030281067
2207.0,0.9482666666666667,0.010214214274384403,0.9363587689844999,0.0,0.07823848724365234
2207.3333333333335,0.9369777777777778,0.009749764195987609,0.9366681045540356,0.0,0.0782456323504448
2207.6666666666665,0.9256888888888888,0.00928531571631197,0.9369001062311874,0.0,0.07825508713722229
2208.0,0.9143999999999999,0.008820869634718065,0.9372867756931069,0.0,0.0782598927617073
2208.3333333333335,0.9031111111111111,0.008356417158239537,0.9375187773702587,0.0,0.078269362449646
2208.6666666666665,0.8918222222222222,0.007891971076645632,0.9378281129397944,0.0,0.07827647030353546
2209.0,0.8805333333333334,0.0074275217976094154,0.9381374485093301,0.0,0.07828357070684433
2209.3333333333335,0.8692444444444445,0.006963067722409733,0.9384467840788657,0.0,0.07829062640666962
2209.6666666666665,0.8579555555555555,0.006498622839856694,0.9389881213255532,0.0,0.0782906711101532
2210.0,0.8466666666666666,0.006034174759861344,0.9389107874331692,0.0,0.07830935716629028
2210.3333333333335,0.8353777777777778,0.005569726280185705,0.9390654552179372,0.0,0.07832102477550507
2210.6666666666665,0.8240888888888889,0.005105278599870644,0.9392974568950889,0.0,0.07833031564950943
2211.0,0.8127999999999999,0.0046408293208344276,0.9397614602493924,0.0,0.07833258807659149
2211.333333333333,0.8015111111111111,0.004176377244036189,0.9399161280341602,0.0,0.07834417372941971
2211.666666666667,0.7902222222222222,0.003711932761163439,0.9402254636036959,0.0,0.07835105061531067
2212.0,0.7789333333333334,0.0032474824829265003,0.9409214686351511,0.0,0.07834626734256744
2212.333333333333,0.7676444444444444,0.0027830354021318726,0.9411534703123029,0.0,0.07835546135902405
2212.666666666667,0.7563555555555557,0.0023185857234153673,0.9413854719894547,0.0,0.07836462557315826
2213.0,0.7450666666666665,0.0018541380431003063,0.9418494753437582,0.0,0.07836679369211197
2213.333333333333,0.7337777777777775,0.0013896881645436565,0.9419268092361421,0.0,0.07838059961795807
2213.666666666667,0.7224888888888888,0.0009252416832694621,0.9423908125904457,0.0,0.07838272303342819
2214.0,0.7111999999999998,0.00046079140503252347,0.9427001481599814,0.0,0.0783894807100296
2214.3333333333335,0.6999111111111112,0.0,0.9432414854066687,0.0,0.0783892497420311
2214.6666666666665,0.6886222222222221,0.0,0.9433961531914367,0.0,0.078400619328022
2215.0,0.677333333333333,0.0,0.943937490438124,0.0,0.07840033620595932
2215.3333333333335,0.6660444444444444,0.0,0.9444788276848115,0.0,0.07840003073215485
2215.6666666666665,0.6547555555555553,0.0,0.9448654971467311,0.0,0.07840435206890106
2216.0,0.6434666666666667,0.0,0.9452521666086506,0.0,0.07840865105390549
2216.3333333333335,0.6321777777777776,0.0,0.9460255055324899,0.0,0.07840133458375931
2216.6666666666665,0.620888888888889,0.0,0.9467215105639452,0.0,0.07839635014533997
2217.0,0.6095999999999999,0.0,0.9471081800258647,0.0,0.07840064913034439
2217.3333333333335,0.5983111111111109,0.0,0.9474948494877844,0.0,0.07840492576360703
2217.6666666666665,0.5870222222222222,0.0,0.9479588528420879,0.0,0.07840687036514282
2218.0,0.5757333333333332,0.0,0.9485775239811592,0.0,0.07840415835380554
2218.3333333333335,0.5644444444444444,0.0,0.9495055306897663,0.0,0.07839220017194748
2218.6666666666665,0.5531555555555555,0.0,0.9502015357212216,0.0,0.07838719338178635
2219.0,0.5418666666666664,0.0,0.9508975407526769,0.0,0.07838219404220581
2219.333333333333,0.5305777777777777,0.0,0.9515162118917482,0.0,0.07837951928377151
2219.666666666667,0.5192888888888886,0.0,0.9520575491384357,0.0,0.07837914675474167
2220.0,0.508,0.0,0.9528308880622748,0.0,0.07837186753749847
2220.333333333333,0.5053188888888889,0.0,0.9532175575241945,0.0,0.07837609946727753
2220.666666666667,0.5026377777777777,0.0,0.953604226986114,0.0,0.07838034629821777
2221.0,0.4999566666666666,0.0,0.9538362286632658,0.0,0.07838919758796692
2221.3333333333335,0.49727555555555547,0.0,0.9538362286632658,0.0,0.0784049704670906
2221.6666666666665,0.49459444444444445,0.0,0.9541455642328015,0.0,0.0784115344285965
2222.0,0.4919133333333333,0.0,0.9543775659099533,0.0,0.07842040807008743
2222.3333333333335,0.48923222222222223,0.0,0.9543775659099533,0.0,0.07843620330095291
2222.6666666666665,0.48655111111111116,0.0,0.9549962370490246,0.0,0.0784335732460022
2223.0,0.48387,0.0,0.955537574295712,0.0,0.07843326777219772
2223.3333333333335,0.4811888888888889,0.0,0.9560789115423994,0.0,0.07843299210071564
2223.6666666666665,0.47850777777777775,0.0,0.956542914896703,0.0,0.078435018658638
2224.0,0.4758266666666666,0.0,0.9570069182510065,0.0,0.07843705266714096
2224.3333333333335,0.4731455555555555,0.0,0.9573162538205422,0.0,0.07844371348619461
2224.6666666666665,0.47046444444444446,0.0,0.957548255497694,0.0,0.0784526988863945
2225.0,0.46778333333333333,0.0,0.9577802571748457,0.0,0.0784616693854332
2225.3333333333335,0.46510222222222225,0.0,0.958398928313917,0.0,0.07845915108919144
2225.6666666666665,0.46242111111111117,0.0,0.9588629316682206,0.0,0.07846122235059738
2226.0,0.45974000000000004,0.0,0.9590175994529884,0.0,0.07847247272729874
2226.333333333333,0.4570588888888889,0.0,0.9597909383768276,0.0,0.07846540957689285
2226.666666666667,0.45437777777777777,0.0,0.9597909383768276,0.0,0.07848130911588669
2227.0,0.45169666666666664,0.0,0.9602549417311311,0.0,0.07848343253135681
2227.333333333333,0.44901555555555556,0.0,0.9601002739463633,0.0,0.07850390672683716
2227.666666666667,0.4463344444444444,0.0,0.9604869434082829,0.0,0.07850830256938934
2228.0,0.4436533333333333,0.0,0.9609509467625864,0.0,0.07851038873195648
2228.333333333333,0.44097222222222227,0.0,0.9614922840092738,0.0,0.07851017266511917
2228.666666666667,0.43829111111111113,0.0,0.9615696179016577,0.0,0.07852368801832199
2229.0,0.43561,0.0,0.9621109551483452,0.0,0.0785234272480011
2229.3333333333335,0.43292888888888886,0.0,0.9626522923950326,0.0,0.0785231664776802
2229.6666666666665,0.43024777777777784,0.0,0.9626522923950326,0.0,0.0785389319062233
2230.0,0.4275666666666667,0.0,0.9629616279645683,0.0,0.07854550331830978
2230.3333333333335,0.42488555555555557,0.0,0.963270963534104,0.0,0.07855205982923508
2230.6666666666665,0.42220444444444444,0.0,0.9639669685655593,0.0,0.0785471647977829
2231.0,0.4195233333333333,0.0,0.9642763041350949,0.0,0.07855372875928879
2231.3333333333335,0.4168422222222222,0.0,0.9648176413817824,0.0,0.07855343073606491
2231.6666666666665,0.4141611111111111,0.0,0.965204310843702,0.0,0.07855769991874695
2232.0,0.41147999999999996,0.0,0.9656683141980055,0.0,0.07855968177318573
2232.3333333333335,0.4087988888888889,0.0,0.9659776497675412,0.0,0.07856623828411102
2232.6666666666665,0.4061177777777778,0.0,0.9665189870142286,0.0,0.07856591045856476
2233.0,0.40343666666666667,0.0,0.9668283225837643,0.0,0.07857242971658707
2233.3333333333335,0.40075555555555553,0.0,0.9672923259380678,0.0,0.07857435941696167
2233.6666666666665,0.39807444444444445,0.0,0.9676789953999874,0.0,0.07857855409383774
2234.0,0.3953933333333333,0.0,0.9676789953999874,0.0,0.07859417051076889
2234.333333333333,0.3927122222222222,0.0,0.9679883309695231,0.0,0.07860061526298523
2234.666666666667,0.3900311111111111,0.0,0.9679883309695231,0.0,0.0786161869764328
2235.0,0.38735,0.0,0.9681429987542909,0.0,0.07862717658281326
2235.333333333333,0.3846688888888889,0.0,0.9686070021085944,0.0,0.07862898707389832
2235.666666666667,0.3819877777777778,0.0,0.9689163376781301,0.0,0.07863534241914749
2236.0,0.3793066666666667,0.0,0.9693030071400497,0.0,0.07863940298557281
2236.3333333333335,0.37662555555555555,0.0,0.9696896766019694,0.0,0.07864344120025635
2236.6666666666665,0.3739444444444444,0.0,0.9701536799562729,0.0,0.07864516973495483
2237.0,0.3712633333333333,0.0,0.9706176833105764,0.0,0.07864688336849213
2237.3333333333335,0.3685822222222222,0.0,0.971004352772496,0.0,0.07865085452795029
2237.6666666666665,0.3659011111111111,0.0,0.9714683561267995,0.0,0.0786525085568428
2238.0,0.36322,0.0,0.9716230239115673,0.0,0.07866325974464417
2238.3333333333335,0.3605388888888889,0.0,0.9717003578039513,0.0,0.0786762535572052
2238.6666666666665,0.3578577777777778,0.0,0.971932359481103,0.0,0.07868467271327972
2239.0,0.35517666666666664,0.0,0.9720870272658708,0.0,0.07869532704353333
2239.3333333333335,0.35249555555555556,0.0,0.9720096933734869,0.0,0.0787128135561943
2239.6666666666665,0.3498144444444445,0.0,0.9722416950506386,0.0,0.07872111350297928
2240.0,0.34713333333333335,0.0,0.9726283645125583,0.0,0.07872483134269714
2240.3333333333335,0.3444522222222222,0.0,0.9727830322973261,0.0,0.07873538136482239
2240.6666666666665,0.3417711111111111,0.0,0.9728603661897101,0.0,0.0787481814622879
2241.0,0.33908999999999995,0.0,0.9732470356516296,0.0,0.07875180244445801
2241.333333333333,0.3364088888888888,0.0,0.9734017034363974,0.0,0.07876225560903549
2241.666666666667,0.33372777777777773,0.0,0.9740203745754689,0.0,0.07875897735357285
2242.0,0.33104666666666666,0.0,0.9741750423602367,0.0,0.07876938581466675
2242.333333333333,0.3283655555555556,0.0,0.9746390457145402,0.0,0.07877063006162643
2242.666666666667,0.3256844444444445,0.0,0.974871047391692,0.0,0.0787787064909935
2243.0,0.32300333333333336,0.0,0.9750257151764598,0.0,0.07878904789686203
2243.333333333333,0.32032222222222223,0.0,0.9752577168536115,0.0,0.07879707962274551
2243.666666666667,0.3176411111111111,0.0,0.9752577168536115,0.0,0.07881194353103638
2244.0,0.31495999999999996,0.0,0.9759537218850668,0.0,0.07880622893571854
2244.3333333333335,0.31227888888888883,0.0,0.9764177252393703,0.0,0.07880740612745285
2244.6666666666665,0.30959777777777775,0.0,0.976727060808906,0.0,0.07881313562393188
2245.0,0.30691666666666667,0.0,0.9768043947012899,0.0,0.0788256824016571
2245.3333333333335,0.30423555555555554,0.0,0.9768817285936738,0.0,0.07883822917938232
2245.6666666666665,0.3015544444444444,0.0,0.9771137302708256,0.0,0.07884619385004044
2246.0,0.2988733333333333,0.0,0.9778097353022809,0.0,0.0788404569029808
2246.3333333333335,0.2961922222222222,0.0,0.9784284064413522,0.0,0.07883699983358383
2246.6666666666665,0.2935111111111111,0.0,0.9789697436880397,0.0,0.07883583754301071
2247.0,0.29083000000000003,0.0,0.9794337470423432,0.0,0.07883696258068085
2247.3333333333335,0.2881488888888889,0.0,0.9793564131499592,0.0,0.0788540169596672
2247.6666666666665,0.28546777777777776,0.0,0.9795110809347272,0.0,0.07886423915624619
2248.0,0.2827866666666667,0.0,0.9798204165042628,0.0,0.07886988669633865
2248.3333333333335,0.28010555555555555,0.0,0.9802070859661824,0.0,0.07887327671051025
2248.6666666666665,0.2774244444444444,0.0,0.9804390876433342,0.0,0.07888120412826538
2249.0,0.2747433333333333,0.0,0.9804390876433342,0.0,0.07889597117900848
2249.333333333333,0.27206222222222215,0.0,0.9804390876433342,0.0,0.07891074568033218
2249.666666666667,0.2693811111111111,0.0,0.980671089320486,0.0,0.07891866564750671
2250.0,0.2667,0.0,0.9809030909976377,0.0,0.07892657816410065
2250.333333333333,0.26401888888888886,0.0,0.9810577587824055,0.0,0.07893675565719604
2250.666666666667,0.2613377777777778,0.0,0.9813670943519412,0.0,0.07894235849380493
2251.0,0.25865666666666665,0.0,0.9819084315986286,0.0,0.07894112169742584
2251.3333333333335,0.25597555555555557,0.0,0.9821404332757804,0.0,0.07894901186227798
2251.6666666666665,0.25329444444444443,0.0,0.9826044366300839,0.0,0.07895005494356155
2252.0,0.25061333333333335,0.0,0.9830684399843874,0.0,0.07895109057426453
2252.3333333333335,0.2479322222222222,0.0,0.9833777755539231,0.0,0.07895667105913162
2252.6666666666665,0.2452511111111111,0.0,0.9836871111234587,0.0,0.07896227389574051
2253.0,0.24257,0.0,0.9839964466929945,0.0,0.0789678618311882
2253.3333333333335,0.23988888888888887,0.0,0.9842284483701462,0.0,0.07897574454545975
2253.6666666666665,0.23720777777777774,0.0,0.984383116154914,0.0,0.07898589223623276
2254.0,0.23452666666666666,0.0,0.9850791211863693,0.0,0.07898009568452835
2254.3333333333335,0.23184555555555553,0.0,0.9851564550787533,0.0,0.07899250835180283
2254.6666666666665,0.22916444444444445,0.0,0.9856977923254407,0.0,0.07899126410484314
2255.0,0.22648333333333331,0.0,0.9858524601102086,0.0,0.07900137454271317
2255.3333333333335,0.2238022222222222,0.0,0.9861617956797443,0.0,0.07900692522525787
2255.6666666666665,0.22112111111111107,0.0,0.9864711312492799,0.0,0.07901246100664139
2256.0,0.21843999999999997,0.0,0.9866257990340478,0.0,0.07902253419160843
2256.333333333333,0.21575888888888892,0.0,0.9870124684959674,0.0,0.07902577519416809
2256.666666666667,0.21307777777777778,0.0,0.987321804065503,0.0,0.07903127372264862
2257.0,0.21039666666666665,0.0,0.9876311396350387,0.0,0.07903676480054855
2257.333333333333,0.20771555555555551,0.0,0.9878631413121904,0.0,0.07904452830553055
2257.666666666667,0.2050344444444444,0.0,0.988327144666494,0.0,0.07904546707868576
2258.0,0.2023533333333333,0.0,0.9885591463436457,0.0,0.07905320078134537
2258.333333333333,0.1996722222222222,0.0,0.9890231496979492,0.0,0.0790541023015976
2258.666666666667,0.1969911111111111,0.0,0.989332485267485,0.0,0.07905953377485275
2259.0,0.19430999999999998,0.0,0.9897191547294045,0.0,0.07906266301870346
2259.3333333333335,0.19162888888888885,0.0,0.9897191547294045,0.0,0.07907711714506149
2259.6666666666665,0.18894777777777771,0.0,0.9894871530522528,0.0,0.07909837365150452
2260.0,0.18626666666666664,0.0,0.9898738225141723,0.0,0.07910141348838806
2260.3333333333335,0.18358555555555553,0.0,0.990183158083708,0.0,0.07910668849945068
2260.6666666666665,0.18090444444444442,0.0,0.9905698275456276,0.0,0.07910968363285065
2261.0,0.1782233333333333,0.0,0.9908018292227794,0.0,0.07911720126867294
2261.3333333333335,0.17554222222222218,0.0,0.9912658325770829,0.0,0.07911787927150726
2261.6666666666665,0.1728611111111111,0.0,0.9913431664694669,0.0,0.07912988215684891
2262.0,0.17017999999999997,0.0,0.9916525020390026,0.0,0.07913508266210556
2262.3333333333335,0.16749888888888884,0.0,0.9918845037161543,0.0,0.07914253324270248
2262.6666666666665,0.16481777777777776,0.0,0.9922711731780739,0.0,0.07914543151855469
2263.0,0.16213666666666662,0.0,0.9925805087476095,0.0,0.07915057241916656
2263.3333333333335,0.15945555555555554,0.0,0.9928898443171452,0.0,0.07915568351745605
2263.6666666666665,0.1567744444444444,0.0,0.9929671782095292,0.0,0.07916759699583054
2264.0,0.1540933333333333,0.0,0.9933538476714487,0.0,0.07917039841413498
2264.333333333333,0.15141222222222217,0.0,0.9935858493486005,0.0,0.07917771488428116
2264.666666666667,0.14873111111111106,0.0,0.9939725188105201,0.0,0.07918047904968262
2265.0,0.14605,0.0,0.9942045204876718,0.0,0.07918775081634521
2265.333333333333,0.14336888888888888,0.0,0.9943591882724397,0.0,0.07919726520776749
2265.666666666667,0.14068777777777774,0.0,0.9945911899495915,0.0,0.07920446991920471
2266.0,0.1380066666666666,0.0,0.9947458577343593,0.0,0.07921390980482101
2266.3333333333335,0.1353255555555555,0.0,0.9949778594115111,0.0,0.07922104001045227
2266.6666666666665,0.13264444444444443,0.0,0.9952871949810468,0.0,0.07922586798667908
2267.0,0.12996333333333332,0.0,0.9953645288734306,0.0,0.07923749089241028
2267.3333333333335,0.12728222222222219,0.0,0.9955965305505824,0.0,0.07924456149339676
2267.6666666666665,0.12460111111111107,0.0,0.9964472033668056,0.0,0.07923344522714615
2268.0,0.12191999999999995,0.0,0.9966792050439574,0.0,0.07924047112464905
2268.3333333333335,0.11923888888888887,0.0,0.9969112067211091,0.0,0.07924746721982956
2268.6666666666665,0.11655777777777776,0.0,0.9969112067211091,0.0,0.07926125824451447
2269.0,0.11387666666666663,0.0,0.996988540613493,0.0,0.07927277684211731
2269.3333333333335,0.1111955555555555,0.0,0.9976072117525643,0.0,0.07926841080188751
2269.6666666666665,0.1085144444444444,0.0,0.997993881214484,0.0,0.07927089184522629
2270.0,0.10583333333333332,0.0,0.9980712151068678,0.0,0.07928241789340973
2270.3333333333335,0.1031522222222222,0.0,0.9980712151068678,0.0,0.07929619401693344
2270.6666666666665,0.10047111111111108,0.0,0.9984578845687875,0.0,0.07929859310388565
2271.0,0.09778999999999996,0.0,0.9986125523535553,0.0,0.07930782437324524
2271.333333333333,0.09510888888888883,0.0,0.9986898862459392,0.0,0.0793193131685257
2271.666666666667,0.09242777777777776,0.0,0.9989992218154748,0.0,0.07932398468255997
2272.0,0.08974666666666664,0.0,0.9993858912773945,0.0,0.07932637631893158
2272.333333333333,0.08706555555555552,0.0,0.9997725607393141,0.0,0.0793287605047226
2272.666666666667,0.0843844444444444,0.0,1.000004562416466,0.0,0.07933567464351654
2273.0,0.08170333333333328,0.0,1.0003912318783854,0.0,0.07933805137872696
2273.333333333333,0.0790222222222222,0.0,1.0010099030174568,0.0,0.07933362573385239
2273.666666666667,0.07634111111111108,0.0,1.0014739063717604,0.0,0.07933371514081955
2274.0,0.07365999999999998,0.0,1.001937909726064,0.0,0.07933380454778671
2274.3333333333335,0.07097888888888884,0.0,1.0023245791879833,0.0,0.07933614403009415
2274.6666666666665,0.06829777777777772,0.0,1.0027885825422869,0.0,0.07933622598648071
2275.0,0.0656166666666666,0.0,1.0029432503270548,0.0,0.07934534549713135
2275.3333333333335,0.06293555555555548,0.0,1.0030979181118227,0.0,0.07935447245836258
2275.6666666666665,0.06025444444444436,0.0,1.0033299197889745,0.0,0.07936131209135056
2276.0,0.05757333333333333,0.0,1.003716589250894,0.0,0.0793636292219162
2276.3333333333335,0.05489222222222221,0.0,1.0039485909280457,0.0,0.07937046885490417
2276.6666666666665,0.0522111111111111,0.0,1.004567262067117,0.0,0.07936599850654602
2277.0,0.04952999999999998,0.0,1.004644595959501,0.0,0.07937733083963394
2277.3333333333335,0.04684888888888886,0.0,1.0051085993138045,0.0,0.07937738299369812
2277.6666666666665,0.04416777777777773,0.0,1.0048765976366527,0.0,0.0793977677822113
2278.0,0.04148666666666661,0.0,1.0051085993138045,0.0,0.07940458506345749
2278.3333333333335,0.03880555555555549,0.0,1.0053406009909562,0.0,0.07941139489412308
2278.6666666666665,0.03612444444444437,0.0,1.005649936560492,0.0,0.07941591739654541
2279.0,0.03344333333333325,0.0,1.0062686076995633,0.0,0.07941140979528427
2279.333333333333,0.03076222222222222,0.0,1.0064232754843312,0.0,0.07942046225070953
2279.666666666667,0.028081111111111102,0.0,1.0070419466234026,0.0,0.0794159322977066
2280.0,0.0254,0.0,1.0070419466234026,0.0,0.07942947745323181
2280.333333333333,0.028081111111111105,0.0,1.0073512821929382,0.0,0.07943397760391235
2280.666666666667,0.03076222222222222,0.0,1.0075059499777062,0.0,0.07944299280643463
2281.0,0.03344333333333333,0.0,1.0078152855472418,0.0,0.07944746315479279
2281.3333333333335,0.03612444444444444,0.0,1.0079699533320097,0.0,0.07945646345615387
2281.6666666666665,0.03880555555555555,0.0,1.0081246211167774,0.0,0.07946544885635376
2282.0,0.041486666666666665,0.0,1.0085886244710809,0.0,0.07946539670228958
2282.3333333333335,0.04416777777777778,0.0,1.0092846295025362,0.0,0.07945862412452698
2282.6666666666665,0.04684888888888889,0.0,1.0097486328568397,0.0,0.07945866137742996
2283.0,0.04953,0.0,1.0100579684263755,0.0,0.07946322113275528
2283.3333333333335,0.05221111111111111,0.0,1.0102899701035273,0.0,0.07947005331516266
2283.6666666666665,0.054892222222222224,0.0,1.0105993056730629,0.0,0.07947461307048798
2284.0,0.05757333333333333,0.0,1.0110633090273664,0.0,0.07947466522455215
2284.3333333333335,0.060254444444444444,0.0,1.0114499784892859,0.0,0.0794769674539566
2284.6666666666665,0.06293555555555556,0.0,1.0116046462740538,0.0,0.07948601990938187
2285.0,0.06561666666666666,0.0,1.0117593140588217,0.0,0.07949506491422653
2285.3333333333335,0.06829777777777779,0.0,1.0118366479512055,0.0,0.07950634509325027
2285.6666666666665,0.0709788888888889,0.0,1.012300651305509,0.0,0.07950632274150848
2286.0,0.07365999999999999,0.0,1.0125326529826608,0.0,0.0795130580663681
2286.333333333333,0.07634111111111111,0.0,1.0129966563369643,0.0,0.07951299846172333
2286.666666666667,0.07902222222222222,0.0,1.0130739902293482,0.0,0.0795241966843605
2287.0,0.08170333333333332,0.0,1.0133059919065,0.0,0.07953085005283356
2287.333333333333,0.08438444444444444,0.0,1.0135379935836517,0.0,0.07953748106956482
2287.666666666667,0.08706555555555556,0.0,1.0140019969379552,0.0,0.07953733950853348
2288.0,0.08974666666666666,0.0,1.0145433341846428,0.0,0.07953491806983948
2288.333333333333,0.09242777777777778,0.0,1.015239339216098,0.0,0.07952801138162613
2288.666666666667,0.09510888888888888,0.0,1.0157806764627855,0.0,0.07952560484409332
2289.0,0.09779000000000002,0.0,1.0160126781399372,0.0,0.07953222095966339
2289.3333333333335,0.10047111111111111,0.0,1.0160126781399372,0.0,0.07954555749893188
2289.6666666666665,0.10315222222222223,0.0,1.0165540153866246,0.0,0.07954314351081848
2290.0,0.10583333333333333,0.0,1.0170180187409281,0.0,0.07954299449920654
2290.3333333333335,0.10851444444444446,0.0,1.0174820220952316,0.0,0.07954283803701401
2290.6666666666665,0.11119555555555556,0.0,1.0177913576647675,0.0,0.07954718172550201
2291.0,0.11387666666666668,0.0,1.0178686915571513,0.0,0.07955822348594666
2291.3333333333335,0.11655777777777777,0.0,1.0178686915571513,0.0,0.07957150787115097
2291.6666666666665,0.1192388888888889,0.0,1.0180233593419192,0.0,0.07958027720451355
2292.0,0.12192000000000003,0.0,1.0178686915571513,0.0,0.07959801703691483
2292.3333333333335,0.12460111111111112,0.0,1.018178027126687,0.0,0.07960224896669388
2292.6666666666665,0.12728222222222224,0.0,1.0185646965886066,0.0,0.07960423082113266
2293.0,0.12996333333333332,0.0,1.0188740321581422,0.0,0.07960844784975052
2293.3333333333335,0.13264444444444445,0.0,1.0194153694048298,0.0,0.07960592210292816
2293.6666666666665,0.1353255555555556,0.0,1.0195700371895975,0.0,0.07961460202932358
2294.0,0.13800666666666667,0.0,1.0198020388667492,0.0,0.07962103188037872
2294.333333333333,0.1406877777777778,0.0,1.0199567066515172,0.0,0.07962968200445175
2294.666666666667,0.14336888888888893,0.0,1.020111374436285,0.0,0.07963832467794418
2295.0,0.14605,0.0,1.0205753777905886,0.0,0.07963798195123672
2295.333333333333,0.14873111111111112,0.0,1.020962047252508,0.0,0.07963986694812775
2295.666666666667,0.15141222222222223,0.0,1.0211940489296598,0.0,0.07964625209569931
2296.0,0.15409333333333336,0.0,1.0214260506068116,0.0,0.07965260744094849
2296.3333333333335,0.15677444444444447,0.0,1.0215807183915795,0.0,0.07966119796037674
2296.6666666666665,0.15945555555555557,0.0,1.0215807183915795,0.0,0.07967425882816315
2297.0,0.16213666666666668,0.0,1.022044721745883,0.0,0.07967383414506912
2297.3333333333335,0.16481777777777779,0.0,1.021967387853499,0.0,0.07968912273645401
2297.6666666666665,0.1674988888888889,0.0,1.0222767234230348,0.0,0.07969319820404053
2298.0,0.17018000000000003,0.0,1.0225087251001865,0.0,0.07969948649406433
2298.3333333333335,0.17286111111111113,0.0,1.022895394562106,0.0,0.07970127463340759
2298.6666666666665,0.17554222222222227,0.0,1.0232820640240257,0.0,0.07970307767391205
2299.0,0.17822333333333334,0.0,1.0235140657011774,0.0,0.07970934361219406
2299.3333333333335,0.18090444444444445,0.0,1.0236687334859453,0.0,0.07971784472465515
2299.6666666666665,0.18358555555555559,0.0,1.0242100707326327,0.0,0.07971512526273727
2300.0,0.18626666666666666,0.0,1.0246740740869362,0.0,0.07971464097499847
2300.3333333333335,0.1889477777777778,0.0,1.024906075764088,0.0,0.0797208696603775
2300.6666666666665,0.19162888888888893,0.0,1.0251380774412397,0.0,0.07972708344459534
2301.0,0.19431000000000004,0.0,1.0252154113336236,0.0,0.07973776012659073
2301.333333333333,0.19699111111111112,0.0,1.0257567485803112,0.0,0.07973497360944748
2301.666666666667,0.19967222222222222,0.0,1.0259114163650789,0.0,0.0797434002161026
2302.0,0.20235333333333336,0.0,1.0262207519346147,0.0,0.07974736392498016
2302.333333333333,0.2050344444444445,0.0,1.0266074213965342,0.0,0.07974907010793686
2302.666666666667,0.20771555555555557,0.0,1.026762089181302,0.0,0.07975753396749496
2303.0,0.2103966666666667,0.0,1.0275354281051412,0.0,0.07974813133478165
2303.333333333333,0.2130777777777778,0.0,1.0275354281051412,0.0,0.07976111024618149
2303.666666666667,0.21575888888888892,0.0,1.0275354281051412,0.0,0.07977408170700073
2304.0,0.21844,0.0,1.027767429782293,0.0,0.07978032529354095
2304.3333333333335,0.22112111111111113,0.0,1.0280767653518288,0.0,0.07978429645299911
2304.6666666666665,0.22380222222222226,0.0,1.0282314331365965,0.0,0.07979274541139603
2305.0,0.22648333333333331,0.0,1.0285407687061323,0.0,0.0797966942191124
2305.3333333333335,0.22916444444444445,0.0,1.0289274381680518,0.0,0.0797983855009079
2305.6666666666665,0.23184555555555558,0.0,1.0293141076299714,0.0,0.0798000693321228
2306.0,0.2345266666666667,0.0,1.029623443199507,0.0,0.07980399578809738
2306.3333333333335,0.2372077777777778,0.0,1.0300874465538106,0.0,0.07980343699455261
2306.6666666666665,0.23988888888888887,0.0,1.0303967821233464,0.0,0.0798073410987854
2307.0,0.24257,0.0,1.0310927871548017,0.0,0.0798000693321228
2307.3333333333335,0.24525111111111114,0.0,1.0317887921862567,0.0,0.0797927975654602
2307.6666666666665,0.24793222222222225,0.0,1.031711458293873,0.0,0.0798078402876854
2308.0,0.25061333333333335,0.0,1.0319434599710247,0.0,0.07981393486261368
2308.3333333333335,0.25329444444444443,0.0,1.0322527955405603,0.0,0.07981777936220169
2308.6666666666665,0.25597555555555557,0.0,1.0327167988948638,0.0,0.07981714606285095
2309.0,0.25865666666666665,0.0,1.0328714666796317,0.0,0.07982543110847473
2309.333333333333,0.2613377777777778,0.0,1.0336448056034708,0.0,0.07981584966182709
2309.666666666667,0.26401888888888886,0.0,1.0337994733882387,0.0,0.07982408255338669
2310.0,0.2667,0.0,1.0341861428501584,0.0,0.07982563227415085
2310.333333333333,0.2693811111111111,0.0,1.0344181445273102,0.0,0.07983161509037018
2310.666666666667,0.2720622222222222,0.0,1.0347274800968458,0.0,0.07983533293008804
2311.0,0.27474333333333334,0.0,1.0349594817739975,0.0,0.07984127849340439
2311.3333333333335,0.2774244444444444,0.0,1.035500819020685,0.0,0.07983829081058502
2311.6666666666665,0.28010555555555555,0.0,1.0357328206978367,0.0,0.07984419167041779
2312.0,0.2827866666666667,0.0,1.0358101545902207,0.0,0.07985454797744751
2312.3333333333335,0.2854677777777778,0.0,1.0361968240521402,0.0,0.07985597848892212
2312.6666666666665,0.28814888888888895,0.0,1.036428825729292,0.0,0.0798618495464325
2313.0,0.29083000000000003,0.0,1.036506159621676,0.0,0.07987215369939804
2313.3333333333335,0.2935111111111111,0.0,1.0366608274064437,0.0,0.07988020777702332
2313.6666666666665,0.2961922222222222,0.0,1.0368154951912116,0.0,0.0798882469534874
2314.0,0.2988733333333333,0.0,1.0372021646531313,0.0,0.07988957315683365
2314.3333333333335,0.30155444444444446,0.0,1.0372794985455152,0.0,0.07989981025457382
2314.6666666666665,0.30423555555555554,0.0,1.037511500222667,0.0,0.07990559190511703
2315.0,0.30691666666666667,0.0,1.0378981696845866,0.0,0.07990691065788269
2315.3333333333335,0.3095977777777778,0.0,1.038284839146506,0.0,0.07990822941064835
2315.6666666666665,0.3122788888888889,0.0,1.0385168408236578,0.0,0.07991397380828857
2316.0,0.31496,0.0,1.0386715086084257,0.0,0.07992194592952728
2316.333333333333,0.3176411111111111,0.0,1.0389808441779613,0.0,0.07992542535066605
2316.666666666667,0.32032222222222223,0.0,1.039212845855113,0.0,0.07993112504482269
2317.0,0.32300333333333336,0.0,1.039522181424649,0.0,0.07993458956480026
2317.333333333333,0.3256844444444445,0.0,1.0399088508865684,0.0,0.07993580400943756
2317.666666666667,0.3283655555555556,0.0,1.040372854240872,0.0,0.07993476092815399
2318.0,0.33104666666666666,0.0,1.0407595237027916,0.0,0.0799359381198883
2318.333333333333,0.33372777777777773,0.0,1.0409915253799433,0.0,0.0799415335059166
2318.666666666667,0.33640888888888887,0.0,1.0411461931647112,0.0,0.07994934171438217
2319.0,0.33909,0.0,1.0411461931647112,0.0,0.07996157556772232
2319.3333333333335,0.34177111111111114,0.0,1.041300860949479,0.0,0.07996933907270432
2319.6666666666665,0.34445222222222227,0.0,1.0416875304113986,0.0,0.07997041195631027
2320.0,0.34713333333333335,0.0,1.0416875304113986,0.0,0.07998258620500565
2320.3333333333335,0.3498144444444445,0.0,1.0421515337657021,0.0,0.07998140901327133
2320.6666666666665,0.35249555555555556,0.0,1.0423062015504698,0.0,0.07998911291360855
2321.0,0.3551766666666667,0.0,1.042383535442854,0.0,0.07999901473522186
2321.3333333333335,0.35785777777777783,0.0,1.0426928710123895,0.0,0.08000222593545914
2321.6666666666665,0.3605388888888889,0.0,1.0427702049047733,0.0,0.08001212775707245
2322.0,0.36322,0.0,1.0429248726895413,0.0,0.08001978695392609
2322.3333333333335,0.3659011111111111,0.0,1.0429248726895413,0.0,0.08003191649913788
2322.6666666666665,0.36858222222222226,0.0,1.043311542151461,0.0,0.08003289997577667
2323.0,0.37126333333333333,0.0,1.0435435438286127,0.0,0.08003833144903183
2323.3333333333335,0.3739444444444444,0.0,1.0436208777209965,0.0,0.08004820346832275
2323.6666666666665,0.37662555555555555,0.0,1.0438528793981483,0.0,0.08005362004041672
2324.0,0.3793066666666667,0.0,1.0444715505372197,0.0,0.08004791289567947
2324.333333333333,0.3819877777777778,0.0,1.0447808861067553,0.0,0.08005110919475555
2324.666666666667,0.38466888888888895,0.0,1.045090221676291,0.0,0.08005429804325104
2325.0,0.38735,0.0,1.045090221676291,0.0,0.08006637543439865
2325.333333333333,0.39003111111111116,0.0,1.0452448894610589,0.0,0.08007398992776871
2325.666666666667,0.39271222222222224,0.0,1.0456315589229785,0.0,0.08007492870092392
2326.0,0.3953933333333334,0.0,1.0457862267077462,0.0,0.08008255064487457
2326.3333333333335,0.39807444444444445,0.0,1.0459408944925142,0.0,0.08009015023708344
2326.6666666666665,0.40075555555555553,0.0,1.0459408944925142,0.0,0.08010219037532806
2327.0,0.40343666666666667,0.0,1.046095562277282,0.0,0.08010978251695633
2327.3333333333335,0.4061177777777778,0.0,1.0463275639544338,0.0,0.08011515438556671
2327.6666666666665,0.40879888888888893,0.0,1.0467142334163533,0.0,0.08011607080698013
2328.0,0.41148,0.0,1.0468689012011212,0.0,0.0801236629486084
2328.3333333333335,0.4141611111111111,0.0,1.047023568985889,0.0,0.08013124763965607
2328.6666666666665,0.4168422222222222,0.0,1.0474875723401926,0.0,0.08012992888689041
2329.0,0.41952333333333336,0.0,1.0477195740173444,0.0,0.0801352709531784
2329.3333333333335,0.4222044444444445,0.0,1.0481062434792638,0.0,0.08013617992401123
2329.6666666666665,0.4248855555555556,0.0,1.0483382451564156,0.0,0.08014154434204102
2330.0,0.4275666666666667,0.0,1.0486475807259514,0.0,0.08014466613531113
2330.3333333333335,0.43024777777777784,0.0,1.0488022485107191,0.0,0.08015225827693939
2330.6666666666665,0.43292888888888886,0.0,1.0491889179726388,0.0,0.08015314489603043
2331.0,0.43561,0.0,1.0493435857574067,0.0,0.0801607072353363
2331.333333333333,0.43829111111111113,0.0,1.0494209196497906,0.0,0.08017048984766006
2331.666666666667,0.44097222222222227,0.0,1.0494982535421744,0.0,0.08018025010824203
2332.0,0.4436533333333334,0.0,1.049962256896478,0.0,0.0801788941025734
2332.333333333333,0.44633444444444453,0.0,1.049962256896478,0.0,0.08019088208675385
2332.666666666667,0.44901555555555567,0.0,1.0501169246812458,0.0,0.08019840717315674
2333.0,0.45169666666666675,0.0,1.0501942585736297,0.0,0.08020815253257751
2333.333333333333,0.45437777777777777,0.0,1.0505809280355494,0.0,0.08020900934934616
2333.666666666667,0.4570588888888889,0.0,1.0510449313898529,0.0,0.08020763099193573
2334.0,0.45974000000000004,0.0,1.0515862686365403,0.0,0.08020404726266861
2334.3333333333335,0.46242111111111117,0.0,1.0517409364213082,0.0,0.0802115797996521
2334.6666666666665,0.46510222222222225,0.0,1.0522822736679955,0.0,0.08020798861980438
2335.0,0.4677833333333334,0.0,1.0524369414527635,0.0,0.08021550625562668
2335.3333333333335,0.4704644444444445,0.0,1.052823610914683,0.0,0.08021636307239532
2335.6666666666665,0.4731455555555556,0.0,1.0531329464842187,0.0,0.08021943271160126
2336.0,0.4758266666666666,0.0,1.0535196159461382,0.0,0.0802202969789505
2336.3333333333335,0.47850777777777775,0.0,1.0542156209775935,0.0,0.08021226525306702
2336.6666666666665,0.4811888888888889,0.0,1.0546022904395131,0.0,0.08021311461925507
2337.0,0.48387,0.0,1.054679624331897,0.0,0.08022280782461166
2337.3333333333335,0.48655111111111116,0.0,1.054756958224281,0.0,0.08023249357938766
2337.6666666666665,0.48923222222222223,0.0,1.054834292116665,0.0,0.08024217188358307
2338.0,0.4919133333333333,0.0,1.0552982954709684,0.0,0.08024075627326965
2338.3333333333335,0.49459444444444445,0.0,1.055684964932888,0.0,0.08024153858423233
2338.6666666666665,0.4972755555555556,0.0,1.0561489682871916,0.0,0.08024009317159653
2339.0,0.4999566666666667,0.0,1.0564583038567272,0.0,0.0802430659532547
2339.333333333333,0.5026377777777777,0.0,1.0569223072110308,0.0,0.0802416279911995
2339.666666666667,0.5053188888888889,0.0,1.0571543088881825,0.0,0.08024680614471436
2340.0,0.508,0.0,1.0576956461348699,0.0,0.08024313300848007
2340.333333333333,0.5122333333333333,0.0,1.0580823155967896,0.0,0.08024389296770096
2340.666666666667,0.5164666666666666,0.0,1.0581596494891734,0.0,0.0802534818649292
2341.0,0.5207,0.0,1.0584689850587092,0.0,0.08025640994310379
2341.3333333333335,0.5249333333333334,0.0,1.058700986735861,0.0,0.08026155084371567
2341.6666666666665,0.5291666666666667,0.0,1.058546318951093,0.0,0.08027772605419159
2342.0,0.5334,0.0,1.0588556545206287,0.0,0.0802806094288826
2342.3333333333335,0.5376333333333334,0.0,1.0588556545206287,0.0,0.08029235154390335
2342.6666666666665,0.5418666666666666,0.0,1.0587783206282448,0.0,0.08030629903078079
2343.0,0.5461,0.0,1.0587783206282448,0.0,0.08031800389289856
2343.3333333333335,0.5503333333333333,0.0,1.0590103223053966,0.0,0.08032307028770447
2343.6666666666665,0.5545666666666667,0.0,1.0591649900901645,0.0,0.08033031225204468
2344.0,0.5588,0.0,1.0592423239825484,0.0,0.08033975958824158
2344.3333333333335,0.5630333333333334,0.0,1.0593196578749322,0.0,0.08034919947385788
2344.6666666666665,0.5672666666666666,0.0,1.059628993444468,0.0,0.08035197108983994
2345.0,0.5715000000000001,0.0,1.0597836612292357,0.0,0.08035917580127716
2345.3333333333335,0.5757333333333333,0.0,1.0600929967987716,0.0,0.08036192506551743
2345.6666666666665,0.5799666666666666,0.0,1.060479666260691,0.0,0.080362468957901
2346.0,0.5842,0.0,1.0607116679378428,0.0,0.08036743849515915
2346.333333333333,0.5884333333333334,0.0,1.0609436696149945,0.0,0.08037237823009491
2346.666666666667,0.5926666666666667,0.0,1.0610983373997624,0.0,0.08037951588630676
2347.0,0.5969,0.0,1.0617170085388339,0.0,0.0803733542561531
2347.333333333333,0.6011333333333334,0.0,1.0621810118931374,0.0,0.08037161827087402
2347.666666666667,0.6053666666666666,0.0,1.0627223491398248,0.0,0.08036765456199646
2348.0,0.6096,0.0,1.0631090186017442,0.0,0.08036809414625168
2348.333333333333,0.6138333333333333,0.0,1.063495688063664,0.0,0.0803685337305069
2348.666666666667,0.6180666666666668,0.0,1.063341020278896,0.0,0.08038441091775894
2349.0,0.6223,0.0,1.0635730219560477,0.0,0.08038920909166336
2349.3333333333335,0.6265333333333334,0.0,1.0637276897408157,0.0,0.08039620518684387
2349.6666666666665,0.6307666666666667,0.0,1.0639596914179674,0.0,0.0804009959101677
2350.0,0.635,0.0,1.0640370253103513,0.0,0.0804101899266243
2350.3333333333335,0.6392333333333334,0.0,1.0639596914179674,0.0,0.08042378723621368
2350.6666666666665,0.6434666666666667,0.0,1.0641916930951192,0.0,0.08042854070663452
2351.0,0.6476999999999999,0.0,1.0645783625570389,0.0,0.08042885363101959
2351.3333333333335,0.6519333333333334,0.0,1.0647330303418066,0.0,0.08043579012155533
2351.6666666666665,0.6561666666666667,0.0,1.0650423659113424,0.0,0.0804382935166359
2352.0,0.6604,0.0,1.0651196998037262,0.0,0.08044739067554474
2352.3333333333335,0.6646333333333333,0.0,1.0652743675884941,0.0,0.08045428991317749
2352.6666666666665,0.6688666666666667,0.0,1.0651196998037262,0.0,0.080470010638237
2353.0,0.6730999999999999,0.0,1.065506369265646,0.0,0.0804702416062355
2353.3333333333335,0.6773333333333333,0.0,1.0656610370504136,0.0,0.08047710359096527
2353.6666666666665,0.6815666666666667,0.0,1.0657383709427977,0.0,0.08048617839813232
2354.0,0.6858000000000001,0.0,1.0657383709427977,0.0,0.08049745857715607
2354.333333333333,0.6900333333333333,0.0,1.0660477065123333,0.0,0.08049988746643066
2354.666666666667,0.6942666666666667,0.0,1.0662023742971012,0.0,0.08050671219825745
2355.0,0.6985,0.0,1.066434375974253,0.0,0.08051133155822754
2355.333333333333,0.7027333333333333,0.00011245477049559582,1.0665890437590206,0.0,0.08051814883947372
2355.666666666667,0.7069666666666667,0.0002866242743149172,1.0665890437590206,0.0,0.08052939921617508
2356.0,0.7112,0.00046079140503252347,1.0669757132209403,0.0,0.08052958548069
2356.3333333333335,0.7154333333333334,0.000634960534151574,1.0671303810057082,0.0,0.08053641021251678
2356.6666666666665,0.7196666666666667,0.000809128464229758,1.0675170504676277,0.0,0.08053659647703171
2357.0,0.7239000000000001,0.0009832975433887725,1.0675170504676277,0.0,0.08054783940315247
2357.3333333333335,0.7281333333333334,0.0011574651237467037,1.0677490521447794,0.0,0.08055242151021957
2357.6666666666665,0.7323666666666668,0.0013316343028257904,1.0679037199295474,0.0,0.08055920898914337
2358.0,0.7366,0.001505801083823144,1.0679810538219312,0.0,0.08056820929050446
2358.3333333333335,0.7408333333333333,0.0016799683644208585,1.068290389391467,0.0,0.08057057857513428
2358.6666666666665,0.7450666666666667,0.0018541380431003063,1.068290389391467,0.0,0.08058179914951324
2359.0,0.7493000000000001,0.0020283055235381653,1.0683677232838509,0.0,0.08059079200029373
2359.3333333333335,0.7535333333333334,0.0022024754020577575,1.0683677232838509,0.0,0.08060199022293091
2359.6666666666665,0.7577666666666667,0.0023766420831350388,1.0684450571762347,0.0,0.08061095327138901
2360.0,0.762,0.002550812960855353,1.0686770588533865,0.0,0.08061549067497253
2360.3333333333335,0.7662333333333333,0.002724979042412201,1.0689090605305382,0.0,0.08062002807855606
2360.6666666666665,0.7704666666666666,0.0028991467226902046,1.06914106220769,0.0,0.08062455803155899
2361.0,0.7747000000000002,0.003073316201529508,1.0693730638848418,0.0,0.08062910288572311
2361.333333333333,0.7789333333333334,0.0032474824829265003,1.0696050655619935,0.0,0.08063363283872604
2361.666666666667,0.7831666666666667,0.0034216545596876813,1.0699144011315294,0.0,0.0806359350681305
2362.0,0.7874,0.0035958180433226516,1.0703010705934488,0.0,0.08063602447509766
2362.333333333333,0.7916333333333334,0.003769987522161955,1.0704557383782167,0.0,0.08064274489879608
2362.666666666667,0.7958666666666666,0.003944154203239236,1.0707650739477523,0.0,0.08064502477645874
2363.0,0.8001000000000001,0.004118324481439117,1.070997075624904,0.0,0.08064951747655869
2363.333333333333,0.8043333333333333,0.004292493560598132,1.0715384128715917,0.0,0.08064515143632889
2363.666666666667,0.8085666666666667,0.004466659841995124,1.0719250823335111,0.0,0.08064522594213486
2364.0,0.8128000000000001,0.0046408293208344276,1.0720024162258952,0.0,0.08065412193536758
2364.3333333333335,0.8170333333333334,0.0048149972009525754,1.0725437534725826,0.0,0.08064975589513779
2364.6666666666665,0.8212666666666667,0.004989165480751012,1.0727757551497343,0.0,0.08065424859523773
2365.0,0.8255,0.005163332561508582,1.073007756826886,0.0,0.08065871149301529
2365.3333333333335,0.8297333333333334,0.005337502839708463,1.0733170923964217,0.0,0.08066097646951675
2365.6666666666665,0.8339666666666666,0.005511671519187189,1.0734717601811896,0.0,0.0806676372885704
2366.0,0.8382000000000001,0.005685835002822159,1.0737810957507252,0.0,0.08066986501216888
2366.3333333333335,0.8424333333333335,0.0058600080787840625,1.0740904313202608,0.0,0.08067208528518677
2366.6666666666665,0.8466666666666668,0.006034174759861344,1.0743997668897967,0.0,0.08067430555820465
2367.0,0.8509,0.006208343439340069,1.0745544346745644,0.0,0.08068092167377472
2367.3333333333335,0.8551333333333334,0.006382511319458217,1.0747091024593323,0.0,0.08068754523992538
2367.6666666666665,0.8593666666666668,0.006556678400215787,1.0753277735984037,0.0,0.08068090677261353
2368.0,0.8636000000000001,0.0067308454809733576,1.0754051074907875,0.0,0.08068972080945969
2368.3333333333335,0.8678333333333335,0.0069050101636491945,1.075869110845091,0.0,0.0806875079870224
2368.6666666666665,0.8720666666666668,0.007079181241209653,1.0764104480917784,0.0,0.08068308234214783
2369.0,0.8763,0.007253349121327801,1.0766424497689302,0.0,0.08068747073411942
2369.333333333333,0.8805333333333334,0.0074275217976094154,1.0770291192308499,0.0,0.08068744093179703
2369.666666666667,0.8847666666666666,0.007601688079006408,1.0772611209080016,0.0,0.08069182187318802
2370.0,0.8890000000000001,0.007775857557845711,1.0777251242623052,0.0,0.08068957924842834
2370.333333333333,0.8932333333333333,0.007950024638603281,1.0781891276166087,0.0,0.08068733662366867
2370.666666666667,0.8974666666666667,0.00812419571616374,1.0781891276166087,0.0,0.08069831132888794
2371.0,0.9017,0.00829836279692131,1.0784984631861443,0.0,0.08070044964551926
2371.3333333333335,0.9059333333333335,0.00847252987767888,1.0788077987556801,0.0,0.08070260286331177
2371.6666666666665,0.9101666666666668,0.008646697757797028,1.078730464863296,0.0,0.08071574568748474
2372.0,0.9144000000000001,0.008820869634718065,1.0788077987556801,0.0,0.08072447776794434
2372.3333333333335,0.9186333333333333,0.00899503511675448,1.0791171343252157,0.0,0.08072659373283386
2372.6666666666665,0.9228666666666667,0.009169199799430316,1.0794264698947513,0.0,0.0807286873459816
2373.0,0.9270999999999999,0.009343374074433086,1.079813139356671,0.0,0.08072857558727264
2373.3333333333335,0.9313333333333332,0.009517537957748345,1.0800451410338228,0.0,0.08073286712169647
2373.6666666666665,0.9355666666666668,0.009691704239145338,1.0805864782805101,0.0,0.08072835206985474
2374.0,0.9398000000000001,0.009865872119263486,1.080895813850046,0.0,0.08073043823242188
2374.3333333333335,0.9440333333333334,0.010040035203218167,1.081669152773885,0.0,0.08071935921907425
2374.6666666666665,0.9482666666666669,0.010214214274384403,1.081746486666269,0.0,0.08072805404663086
2375.0,0.9525000000000001,0.01038837575961793,1.0819784883434207,0.0,0.08073233813047409
2375.3333333333335,0.9567333333333334,0.010562550034620699,1.0822104900205725,0.0,0.08073662966489792
2375.6666666666665,0.9609666666666669,0.010736717914738847,1.0825198255901083,0.0,0.08073870837688446
2376.0,0.9652000000000001,0.010910885794856995,1.0825198255901083,0.0,0.08074955642223358
2376.333333333333,0.9694333333333334,0.011085048878811676,1.08275182726726,0.0,0.08075380325317383
2376.666666666667,0.9736666666666667,0.011259219157011557,1.0829064950520277,0.0,0.08076026290655136
2377.0,0.9778999999999999,0.011433383040326817,1.0830611628367957,0.0,0.0807667076587677
2377.333333333333,0.9821333333333334,0.011607560512771897,1.0830611628367957,0.0,0.08077751845121384
2377.666666666667,0.9863666666666667,0.011781720399284268,1.0833704984063313,0.0,0.0807795450091362
2378.0,0.9906000000000001,0.011955890677484149,1.0834478322987153,0.0,0.08078815788030624
2378.333333333333,0.9948333333333335,0.012130054560799408,1.0834478322987153,0.0,0.08079894632101059
2378.666666666667,0.9990666666666668,0.012304220042835823,1.0835251661910992,0.0,0.08080755174160004
2379.0,1.0033,0.012478400712723214,1.083679833975867,0.0,0.0808139443397522
2379.3333333333335,1.0075333333333334,0.012652566194759629,1.083757167868251,0.0,0.08082251250743866
2379.6666666666665,1.0117666666666667,0.012826735673598932,1.0839118356530186,0.0,0.08082889765501022
2380.0,1.016,0.013000901155635347,1.0842985051149383,0.0,0.08082867413759232
2380.3333333333335,1.0202333333333333,0.013175072233195806,1.0842985051149383,0.0,0.08083945512771606
2380.6666666666665,1.0244666666666666,0.013349239313953376,1.0844531728997062,0.0,0.08084581792354584
2381.0,1.0287,0.013523399999826324,1.08453050679209,0.0,0.0808543786406517
2381.3333333333335,1.0329333333333333,0.013697574274829094,1.08453050679209,0.0,0.08086513727903366
2381.6666666666665,1.0371666666666668,0.013871751747274175,1.084685174576858,0.0,0.08087150007486343
2382.0,1.0414000000000003,0.014045908436344234,1.0848398423616257,0.0,0.0808778703212738
2382.3333333333335,1.0456333333333334,0.014220081112625849,1.0848398423616257,0.0,0.08088862150907516
2382.6666666666665,1.0498666666666667,0.01439424419658053,1.0849945101463936,0.0,0.08089497685432434
2383.0,1.0541,0.0145684184715833,1.0851491779311615,0.0,0.08090131729841232
2383.3333333333335,1.0583333333333333,0.014742594345307225,1.0853038457159292,0.0,0.08090763539075851
2383.6666666666665,1.0625666666666669,0.014916751034377285,1.085535847393081,0.0,0.08091175556182861
2384.0,1.0668,0.015090918914495433,1.085613181285465,0.0,0.0809202492237091
2384.333333333333,1.0710333333333333,0.015265089992055891,1.0856905151778489,0.0,0.0809287503361702
2384.666666666667,1.0752666666666668,0.01543925787217404,1.0861545185321524,0.0,0.08092621713876724
2385.0,1.0795000000000001,0.015613425752292187,1.0862318524245362,0.0,0.08093470335006714
2385.333333333333,1.0837333333333332,0.015787596829852646,1.0863865202093042,0.0,0.08094096928834915
2385.666666666667,1.0879666666666667,0.015961758315086172,1.0863865202093042,0.0,0.08095162361860275
2386.0,1.0922000000000003,0.01613593259008894,1.086618521886456,0.0,0.08095565438270569
2386.3333333333335,1.0964333333333336,0.01631009727276478,1.0867731896712238,0.0,0.08096188306808472
2386.6666666666665,1.1006666666666667,0.01648426355416177,1.0870051913483756,0.0,0.08096587657928467
2387.0,1.1049,0.016658428236837608,1.0873145269179112,0.0,0.08096767216920853
2387.3333333333335,1.1091333333333333,0.016832607308003844,1.087546528595063,0.0,0.08097167313098907
2387.6666666666665,1.1133666666666666,0.01700676879323737,1.0877785302722147,0.0,0.08097564429044724
2388.0,1.1176,0.017180935074634363,1.0880878658417503,0.0,0.0809774175286293
2388.3333333333335,1.1218333333333335,0.017355101356031355,1.0880105319493665,0.0,0.08099020272493362
2388.6666666666665,1.1260666666666668,0.01752927722975528,1.0882425336265182,0.0,0.0809941440820694
2389.0,1.1303000000000003,0.017703438714988806,1.088629203088438,0.0,0.08099367469549179
2389.3333333333335,1.1345333333333334,0.017877612989991576,1.0888612047655897,0.0,0.08099760860204697
2389.6666666666665,1.1387666666666667,0.018051777672667413,1.0891705403351253,0.0,0.08099932968616486
2390.0,1.1430000000000002,0.018225953546391338,1.089402542012277,0.0,0.08100324869155884
2390.3333333333335,1.1472333333333335,0.01840011343290371,1.089557209797045,0.0,0.08100936561822891
2390.6666666666665,1.1514666666666666,0.0185742941027911,1.0894798759046609,0.0,0.08102207630872726
2391.0,1.1557,0.01874845079186116,1.0897118775818126,0.0,0.08102595806121826
2391.333333333333,1.1599333333333333,0.01892262186942162,1.0900212131513485,0.0,0.08102764934301376
2391.666666666667,1.1641666666666668,0.019096792946982077,1.0901758809361162,0.0,0.08103371411561966
2392.0,1.1684,0.019270940043725204,1.090330548720884,0.0,0.08103977888822556
2392.333333333333,1.1726333333333334,0.01944511591744913,1.0905625503980358,0.0,0.08104362338781357
2392.666666666667,1.176866666666667,0.019619288593730744,1.0910265537523394,0.0,0.08104085177183151
2393.0,1.1811000000000003,0.01979346766489698,1.0911812215371073,0.0,0.08104685693979263
2393.333333333333,1.1853333333333333,0.01996762435396704,1.0912585554294911,0.0,0.08105505257844925
2393.666666666667,1.1895666666666667,0.02014179862896981,1.0916452248914108,0.0,0.08105442672967911
2394.0,1.1938,0.020315974502693734,1.0917998926761785,0.0,0.08106039464473724
2394.3333333333335,1.1980333333333335,0.020490127994321483,1.0921092282457143,0.0,0.081061951816082
2394.6666666666665,1.2022666666666668,0.020664300670603097,1.0925732316000178,0.0,0.08105907589197159
2395.0,1.2065,0.020838462155836623,1.0926505654924017,0.0,0.08106719702482224
2395.3333333333335,1.2107333333333334,0.02101264762188748,1.0926505654924017,0.0,0.08107749372720718
2395.6666666666665,1.2149666666666668,0.021186813903284474,1.0926505654924017,0.0,0.08108777552843094
2396.0,1.2192,0.02136098178340262,1.0926505654924017,0.0,0.0810980424284935
2396.3333333333335,1.2234333333333336,0.021535133676309215,1.093191902739089,0.0,0.08109290152788162
2396.6666666666665,1.227666666666667,0.021709315944917762,1.093346570523857,0.0,0.08109874278306961
2397.0,1.2319000000000002,0.021883479028872443,1.0936559060933926,0.0,0.08110017329454422
2397.3333333333335,1.2361333333333335,0.022057659698759835,1.0938879077705443,0.0,0.08110381662845612
2397.6666666666665,1.2403666666666666,0.022231813190387584,1.0940425755553123,0.0,0.08110964298248291
2398.0,1.2446,0.022405993860274975,1.0941972433400802,0.0,0.08111545443534851
2398.3333333333335,1.2488333333333332,0.022580153746787346,1.0945839128019996,0.0,0.08111464977264404
2398.6666666666665,1.2530666666666668,0.02275432322562665,1.0948932483715352,0.0,0.08111603558063507
2399.0,1.2573,0.022928487908302486,1.0948932483715352,0.0,0.08112619072198868
2399.333333333333,1.2615333333333334,0.023102649393536012,1.0950479161563031,0.0,0.0811319574713707
2399.666666666667,1.2657666666666667,0.023276815674933005,1.095125250048687,0.0,0.08113991469144821
2400.0,1.27,0.023450993147378085,1.0953572517258388,0.0,0.08114346861839294
2400.333333333333,1.27,0.023450993147378085,1.0956665872953746,0.0,0.08114482462406158
2400.666666666667,1.27,0.023450993147378085,1.0959759228649102,0.0,0.08114615082740784
2401.0,1.27,0.023450993147378085,1.096207924542062,0.0,0.08114968240261078
2401.3333333333335,1.27,0.023450993147378085,1.0965172601115976,0.0,0.08115101605653763
2401.6666666666665,1.27,0.023450993147378085,1.0968265956811334,0.0,0.08115234971046448
2402.0,1.27,0.023450993147378085,1.097290599035437,0.0,0.08114929497241974
2402.3333333333335,1.27,0.023450993147378085,1.0974452668202046,0.0,0.08115501701831818
2402.6666666666665,1.27,0.023450993147378085,1.0975999346049725,0.0,0.08116075396537781
2403.0,1.27,0.023450993147378085,1.0977546023897404,0.0,0.08116648346185684
2403.3333333333335,1.27,0.023450993147378085,1.0976772684973564,0.0,0.08117877691984177
2403.6666666666665,1.27,0.023450993147378085,1.0976772684973564,0.0,0.08118888735771179
2404.0,1.27,0.023450993147378085,1.0977546023897404,0.0,0.08119679987430573
2404.3333333333335,1.27,0.023450993147378085,1.098063937959276,0.0,0.08119811862707138
2404.6666666666665,1.27,0.023450993147378085,1.0984506074211957,0.0,0.08119726181030273
2405.0,1.27,0.023450993147378085,1.0985279413135796,0.0,0.08120520412921906
2405.3333333333335,1.27,0.023450993147378085,1.0986052752059634,0.0,0.08121316879987717
2405.6666666666665,1.27,0.023450993147378085,1.099069278560267,0.0,0.08121014386415482
2406.0,1.27,0.023450993147378085,1.0993012802374187,0.0,0.08121372759342194
2406.333333333333,1.27,0.023450993147378085,1.0993012802374187,0.0,0.08122392743825912
2406.666666666667,1.27,0.023450993147378085,1.0993012802374187,0.0,0.0812341496348381
2407.0,1.27,0.023450993147378085,1.0994559480221866,0.0,0.0812399685382843
2407.333333333333,1.27,0.023450993147378085,1.0993786141298028,0.0,0.08125238865613937
2407.666666666667,1.27,0.023450993147378085,1.0996106158069545,0.0,0.08125603944063187
2408.0,1.27,0.023450993147378085,1.0996879496993384,0.0,0.08126409351825714
2408.333333333333,1.27,0.023450993147378085,1.0999199513764901,0.0,0.08126775920391083
2408.666666666667,1.27,0.023450993147378085,1.1003839547307936,0.0,0.08126483857631683
2409.0,1.27,0.023450993147378085,1.1003066208384098,0.0,0.08127732574939728
2409.3333333333335,1.27,0.023450993147378085,1.1006932903003293,0.0,0.08127664774656296
2409.6666666666665,1.27,0.023450993147378085,1.101079959762249,0.0,0.08127597719430923
2410.0,1.27,0.023450993147378085,1.1013892953317845,0.0,0.0812775120139122
2410.3333333333335,1.27,0.023450993147378085,1.1016986309013204,0.0,0.08127905428409576
2410.6666666666665,1.27,0.023450993147378085,1.1022399681480077,0.0,0.08127403259277344
2411.0,1.27,0.023450993147378085,1.1027039715023113,0.0,0.0812712162733078
2411.3333333333335,1.27,0.023450993147378085,1.103090640964231,0.0,0.08127063512802124
2411.6666666666665,1.27,0.023450993147378085,1.1033999765337665,0.0,0.08127228170633316
2412.0,1.27,0.023450993147378085,1.1034773104261504,0.0,0.08128050714731216
2412.3333333333335,1.27,0.023450993147378085,1.10386397988807,0.0,0.08127997815608978
2412.6666666666665,1.27,0.023450993147378085,1.1040959815652218,0.0,0.08128385990858078
2413.0,1.27,0.023450993147378085,1.1044053171347574,0.0,0.08128555119037628
2413.3333333333335,1.27,0.023450993147378085,1.104791986596677,0.0,0.08128504455089569
2413.6666666666665,1.27,0.023450993147378085,1.1049466543814448,0.0,0.08129111677408218
2414.0,1.27,0.023450993147378085,1.1052559899509806,0.0,0.08129280060529709
2414.333333333333,1.27,0.023450993147378085,1.1057199933052841,0.0,0.081290103495121
2414.666666666667,1.27,0.023450993147378085,1.105951994982436,0.0,0.0812939703464508
2415.0,1.27,0.023450993147378085,1.1061066627672036,0.0,0.08130002021789551
2415.333333333333,1.27,0.023450993147378085,1.1066480000138912,0.0,0.08129513263702393
2415.666666666667,1.27,0.023450993147378085,1.106880001691043,0.0,0.08129899203777313
2416.0,1.27,0.023450993147378085,1.1070346694758106,0.0,0.08130501955747604
2416.3333333333335,1.27,0.023450993147378085,1.1072666711529624,0.0,0.08130885660648346
2416.6666666666665,1.27,0.023450993147378085,1.107653340614882,0.0,0.08130829781293869
2417.0,1.27,0.023450993147378085,1.1078853422920338,0.0,0.08131210505962372
2417.3333333333335,1.27,0.023450993147378085,1.1085813473234891,0.0,0.08130280673503876
2417.6666666666665,1.27,0.023450993147378085,1.1091226845701765,0.0,0.08129788190126419
2418.0,1.27,0.023450993147378085,1.1092773523549444,0.0,0.08130386471748352
2418.3333333333335,1.27,0.023450993147378085,1.1093546862473282,0.0,0.08131200820207596
2418.6666666666665,1.27,0.023450993147378085,1.1094320201397123,0.0,0.0813201367855072
2419.0,1.27,0.023450993147378085,1.109741355709248,0.0,0.08132169395685196
2419.3333333333335,1.27,0.023450993147378085,1.1099733573863997,0.0,0.08132541179656982
2419.6666666666665,1.27,0.023450993147378085,1.1098960234940158,0.0,0.0813378393650055
2420.0,1.27,0.023450993147378085,1.109741355709248,0.0,0.08135244250297546
2420.3333333333335,1.27,0.023450993147378085,1.1101280251711676,0.0,0.08135172724723816
2420.6666666666665,1.27,0.023450993147378085,1.110669362417855,0.0,0.08134663850069046
2421.0,1.27,0.023450993147378085,1.110669362417855,0.0,0.08135682344436646
2421.333333333333,1.27,0.023450993147378085,1.1105920285254711,0.0,0.08136916160583496
2421.666666666667,1.27,0.023450993147378085,1.1110560318797746,0.0,0.08136618882417679
2422.0,1.27,0.023450993147378085,1.1111333657721585,0.0,0.08137413114309311
2422.333333333333,1.27,0.023450993147378085,1.1112880335569264,0.0,0.08137990534305573
2422.666666666667,1.27,0.023450993147378085,1.111597369126462,0.0,0.08138127624988556
2423.0,1.27,0.023450993147378085,1.1118293708036138,0.0,0.0813848152756691
2423.333333333333,1.27,0.023450993147378085,1.1119840385883817,0.0,0.08139052242040634
2423.666666666667,1.27,0.023450993147378085,1.1121387063731494,0.0,0.08139622211456299
2424.0,1.27,0.023450993147378085,1.1127573775122208,0.0,0.08138883858919144
2424.3333333333335,1.27,0.023450993147378085,1.1128347114046047,0.0,0.08139670640230179
2424.6666666666665,1.27,0.023450993147378085,1.1129120452969887,0.0,0.08140455931425095
2425.0,1.27,0.023450993147378085,1.1131440469741405,0.0,0.08140803128480911
2425.3333333333335,1.27,0.023450993147378085,1.113453382543676,0.0,0.08140932023525238
2425.6666666666665,1.27,0.023450993147378085,1.1138400520055958,0.0,0.08140840381383896
2426.0,1.27,0.023450993147378085,1.1142267214675152,0.0,0.08140749484300613
2426.3333333333335,1.27,0.023450993147378085,1.1143040553598993,0.0,0.08141529560089111
2426.6666666666665,1.27,0.023450993147378085,1.114536057037051,0.0,0.0814187303185463
2427.0,1.27,0.023450993147378085,1.114536057037051,0.0,0.08142870664596558
2427.3333333333335,1.27,0.023450993147378085,1.114458723144667,0.0,0.08144083619117737
2427.6666666666665,1.27,0.023450993147378085,1.114536057037051,0.0,0.08144860714673996
2428.0,1.27,0.023450993147378085,1.114458723144667,0.0,0.08146073669195175
2428.3333333333335,1.27,0.023450993147378085,1.1146907248218187,0.0,0.08146413415670395
2428.6666666666665,1.27,0.023450993147378085,1.1147680587142028,0.0,0.08147188276052475
2429.0,1.27,0.023450993147378085,1.1149227264989705,0.0,0.08147744834423065
2429.333333333333,1.27,0.023450993147378085,1.1151547281761223,0.0,0.08148082345724106
2429.666666666667,1.27,0.023450993147378085,1.1153093959608902,0.0,0.08148639649152756
2430.0,1.27,0.023450993147378085,1.1154640637456579,0.0,0.08149194717407227
2430.333333333333,1.27,0.023450993147378085,1.1156187315304258,0.0,0.08149750530719757
2430.666666666667,1.27,0.023450993147378085,1.1161600687771132,0.0,0.08149214833974838
2431.0,1.27,0.023450993147378085,1.116314736561881,0.0,0.0814976915717125
2431.3333333333335,1.27,0.023450993147378085,1.116392070454265,0.0,0.0815054178237915
2431.6666666666665,1.27,0.023450993147378085,1.1165467382390328,0.0,0.08151095360517502
2432.0,1.27,0.023450993147378085,1.1167787399161846,0.0,0.08151430636644363
2432.3333333333335,1.27,0.023450993147378085,1.1170107415933364,0.0,0.08151766657829285
2432.6666666666665,1.27,0.023450993147378085,1.1172427432704881,0.0,0.08152101933956146
2433.0,1.27,0.023450993147378085,1.1172427432704881,0.0,0.08153091371059418
2433.3333333333335,1.27,0.023450993147378085,1.1172427432704881,0.0,0.08154081553220749
2433.6666666666665,1.27,0.023450993147378085,1.1174747449476399,0.0,0.0815441682934761
2434.0,1.27,0.023450993147378085,1.1177840805171755,0.0,0.08154533058404922
2434.3333333333335,1.27,0.023450993147378085,1.1179387483019434,0.0,0.08155087381601334
2434.6666666666665,1.27,0.023450993147378085,1.1181707499790952,0.0,0.08155423402786255
2435.0,1.27,0.023450993147378085,1.1184800855486308,0.0,0.08155541121959686
2435.3333333333335,1.27,0.023450993147378085,1.1189440889029343,0.0,0.08155221492052078
2435.6666666666665,1.27,0.023450993147378085,1.119176090580086,0.0,0.0815555676817894
2436.0,1.27,0.023450993147378085,1.119330758364854,0.0,0.08156115561723709
2436.333333333333,1.27,0.023450993147378085,1.1194854261496219,0.0,0.08156672865152359
2436.666666666667,1.27,0.023450993147378085,1.1195627600420057,0.0,0.08157450705766678
2437.0,1.27,0.023450993147378085,1.1197947617191575,0.0,0.08157790452241898
2437.333333333333,1.27,0.023450993147378085,1.1199494295039254,0.0,0.08158347755670547
2437.666666666667,1.27,0.023450993147378085,1.1198720956115413,0.0,0.08159560710191727
2438.0,1.27,0.023450993147378085,1.120258765073461,0.0,0.08159462362527847
2438.333333333333,1.27,0.023450993147378085,1.120413432858229,0.0,0.08160018920898438
2438.666666666667,1.27,0.023450993147378085,1.1201814311810772,0.0,0.08161664754152298
2439.0,1.27,0.023450993147378085,1.1203360989658449,0.0,0.08162219077348709
2439.3333333333335,1.27,0.023450993147378085,1.1206454345353807,0.0,0.0816233679652214
2439.6666666666665,1.27,0.023450993147378085,1.1207227684277645,0.0,0.08163107931613922
2440.0,1.27,0.023450993147378085,1.121264105674452,0.0,0.08162568509578705
2440.3333333333335,1.27,0.023450993147378085,1.1215734412439877,0.0,0.08162685483694077
2440.6666666666665,1.27,0.023450993147378085,1.1215734412439877,0.0,0.08163673430681229
2441.0,1.27,0.023450993147378085,1.1217281090287554,0.0,0.08164222538471222
2441.3333333333335,1.27,0.023450993147378085,1.1218827768135233,0.0,0.08164771646261215
2441.6666666666665,1.27,0.023450993147378085,1.1218827768135233,0.0,0.08165755122900009
2442.0,1.27,0.023450993147378085,1.122114778490675,0.0,0.08166085928678513
2442.3333333333335,1.27,0.023450993147378085,1.1225014479525948,0.0,0.08165980130434036
2442.6666666666665,1.27,0.023450993147378085,1.1228107835221304,0.0,0.0816609263420105
2443.0,1.27,0.023450993147378085,1.1228107835221304,0.0,0.08167076110839844
2443.3333333333335,1.27,0.023450993147378085,1.1228107835221304,0.0,0.08168057352304459
2443.6666666666665,1.27,0.023450993147378085,1.1228107835221304,0.0,0.08169037848711014
2444.0,1.27,0.023450993147378085,1.123120119091666,0.0,0.0816914364695549
2444.333333333333,1.27,0.023450993147378085,1.123120119091666,0.0,0.08170120418071747
2444.666666666667,1.27,0.023450993147378085,1.1234294546612018,0.0,0.08170223236083984
2445.0,1.27,0.023450993147378085,1.1237387902307374,0.0,0.08170325309038162
2445.333333333333,1.27,0.023450993147378085,1.124048125800273,0.0,0.0817042738199234
2445.666666666667,1.27,0.023450993147378085,1.124125459692657,0.0,0.08171182125806808
2446.0,1.27,0.023450993147378085,1.124125459692657,0.0,0.08172153681516647
2446.3333333333335,1.27,0.023450993147378085,1.1244347952621927,0.0,0.08172251284122467
2446.6666666666665,1.27,0.023450993147378085,1.1245894630469606,0.0,0.08172784745693207
2447.0,1.27,0.023450993147378085,1.1246667969393445,0.0,0.08173533529043198
2447.3333333333335,1.27,0.023450993147378085,1.1245894630469606,0.0,0.08174716681241989
2447.6666666666665,1.27,0.023450993147378085,1.1244347952621927,0.0,0.08176117390394211
2448.0,1.27,0.023450993147378085,1.1246667969393445,0.0,0.08176428824663162
2448.3333333333335,1.27,0.023450993147378085,1.1246667969393445,0.0,0.08177392184734344
2448.6666666666665,1.27,0.023450993147378085,1.125130800293648,0.0,0.08177046477794647
2449.0,1.27,0.023450993147378085,1.1254401358631836,0.0,0.08177138864994049
2449.3333333333335,1.27,0.023450993147378085,1.1256721375403353,0.0,0.08177450299263
2449.6666666666665,1.27,0.023450993147378085,1.1258268053251033,0.0,0.08177980035543442
2450.0,1.27,0.023450993147378085,1.1257494714327192,0.0,0.08179163932800293
2450.3333333333335,1.27,0.023450993147378085,1.1256721375403353,0.0,0.08180347084999084
2450.6666666666665,1.27,0.023450993147378085,1.1261361408946389,0.0,0.08179999887943268
2451.0,1.27,0.023450993147378085,1.1262134747870227,0.0,0.081807442009449
2451.333333333333,1.27,0.023450993147378085,1.1264454764641745,0.0,0.08181052654981613
2451.666666666667,1.27,0.023450993147378085,1.1267548120337103,0.0,0.08181141316890717
2452.0,1.27,0.023450993147378085,1.1266001442489424,0.0,0.08182540535926819
2452.333333333333,1.27,0.023450993147378085,1.1268321459260942,0.0,0.08182850480079651
2452.666666666667,1.27,0.023450993147378085,1.126909479818478,0.0,0.08183597773313522
2453.0,1.27,0.023450993147378085,1.127064147603246,0.0,0.08184126019477844
2453.333333333333,1.27,0.023450993147378085,1.1272188153880138,0.0,0.08184653520584106
2453.666666666667,1.27,0.023450993147378085,1.1273734831727815,0.0,0.08185179531574249
2454.0,1.27,0.023450993147378085,1.1277601526347012,0.0,0.08185049891471863
2454.3333333333335,1.27,0.023450993147378085,1.127992154311853,0.0,0.08185356855392456
2454.6666666666665,1.27,0.023450993147378085,1.1280694882042368,0.0,0.0818609967827797
2455.0,1.27,0.023450993147378085,1.1285334915585403,0.0,0.08185749500989914
2455.3333333333335,1.27,0.023450993147378085,1.128765493235692,0.0,0.08186051994562149
2455.6666666666665,1.27,0.023450993147378085,1.129074828805228,0.0,0.08186136931180954
2456.0,1.27,0.023450993147378085,1.1293068304823797,0.0,0.0818643793463707
2456.3333333333335,1.27,0.023450993147378085,1.1296161660519153,0.0,0.08186520636081696
2456.6666666666665,1.27,0.023450993147378085,1.1296161660519153,0.0,0.08187474310398102
2457.0,1.27,0.023450993147378085,1.129925501621451,0.0,0.08187556266784668
2457.3333333333335,1.27,0.023450993147378085,1.1303121710833706,0.0,0.08187418431043625
2457.6666666666665,1.27,0.023450993147378085,1.130853508330058,0.0,0.08186844736337662
2458.0,1.27,0.023450993147378085,1.1312401777919776,0.0,0.08186705410480499
2458.3333333333335,1.27,0.023450993147378085,1.1313948455767455,0.0,0.08187220245599747
2458.6666666666665,1.27,0.023450993147378085,1.131936182823433,0.0,0.08186643570661545
2459.0,1.27,0.023450993147378085,1.131858848931049,0.0,0.08187809586524963
2459.333333333333,1.27,0.023450993147378085,1.1321681845005847,0.0,0.08187886327505112
2459.666666666667,1.27,0.023450993147378085,1.1323228522853526,0.0,0.0818839743733406
2460.0,1.27,0.023450993147378085,1.1322455183929685,0.0,0.081895612180233
2460.333333333333,1.2657666666666667,0.023276815674933005,1.132786855639656,0.0,0.0818898156285286
2460.666666666667,1.2615333333333334,0.023102649393536012,1.1330188573168078,0.0,0.0818927213549614
2461.0,1.2572999999999999,0.022928487908302486,1.1330961912091917,0.0,0.08190001547336578
2461.3333333333335,1.2530666666666668,0.02275432322562665,1.1334055267787273,0.0,0.08190075308084488
2461.6666666666665,1.2488333333333332,0.022580153746787346,1.1342561995949505,0.0,0.08188626915216446
2462.0,1.2446,0.022405993860274975,1.1344882012721023,0.0,0.08188921213150024
2462.3333333333335,1.2403666666666666,0.022231813190387584,1.134565535164486,0.0,0.08189649134874344
2462.6666666666665,1.2361333333333335,0.022057659698759835,1.1351842063035575,0.0,0.08188854902982712
2463.0,1.2319,0.021883479028872443,1.1354935418730931,0.0,0.08188929408788681
2463.3333333333335,1.2276666666666667,0.021709315944917762,1.135725543550245,0.0,0.08189220726490021
2463.6666666666665,1.2234333333333334,0.021535133676309215,1.135802877442629,0.0,0.08189947158098221
2464.0,1.2192,0.02136098178340262,1.1359575452273967,0.0,0.0819045826792717
2464.3333333333335,1.2149666666666668,0.021186813903284474,1.1363442146893163,0.0,0.08190318197011948
2464.6666666666665,1.2107333333333332,0.02101264762188748,1.136576216366468,0.0,0.08190611749887466
2465.0,1.2065,0.020838462155836623,1.1368082180436199,0.0,0.08190904557704926
2465.3333333333335,1.2022666666666668,0.020664300670603097,1.1371175536131555,0.0,0.08190981298685074
2465.6666666666665,1.1980333333333335,0.020490127994321483,1.1375042230750751,0.0,0.08190838992595673
2466.0,1.1938,0.020315974502693734,1.1373495552903072,0.0,0.08192215114831924
2466.333333333333,1.1895666666666667,0.02014179862896981,1.1378135586446108,0.0,0.08191854506731033
2466.666666666667,1.1853333333333333,0.01996762435396704,1.1381228942141464,0.0,0.08191927522420883
2467.0,1.1811,0.01979346766489698,1.1382002281065304,0.0,0.08192651718854904
2467.333333333333,1.1768666666666667,0.019619288593730744,1.1384322297836822,0.0,0.08192940801382065
2467.666666666667,1.1726333333333334,0.01944511591744913,1.138664231460834,0.0,0.08193229138851166
2468.0,1.1684,0.019270940043725204,1.1390509009227534,0.0,0.08193083852529526
2468.333333333333,1.1641666666666666,0.019096792946982077,1.1391282348151375,0.0,0.08193805813789368
2468.666666666667,1.1599333333333333,0.01892262186942162,1.1392829025999052,0.0,0.0819430947303772
2469.0,1.1557,0.01874845079186116,1.1393602364922892,0.0,0.08195029944181442
2469.3333333333335,1.1514666666666666,0.0185742941027911,1.139592238169441,0.0,0.08195315301418304
2469.6666666666665,1.1472333333333335,0.01840011343290371,1.1397469059542087,0.0,0.08195815980434418
2470.0,1.143,0.018225953546391338,1.1400562415237445,0.0,0.0819588452577591
2470.3333333333335,1.1387666666666665,0.018051777672667413,1.1406749126628157,0.0,0.08195085823535919
2470.6666666666665,1.1345333333333332,0.017877612989991576,1.1408295804475836,0.0,0.08195585757493973
2471.0,1.1303,0.017703438714988806,1.1409842482323516,0.0,0.08196087181568146
2471.3333333333335,1.1260666666666668,0.01752927722975528,1.141370917694271,0.0,0.08195938915014267
2471.6666666666665,1.1218333333333332,0.017355101356031355,1.1412935838018872,0.0,0.08197090029716492
2472.0,1.1176,0.017180935074634363,1.1416029193714228,0.0,0.08197156339883804
2472.3333333333335,1.1133666666666666,0.01700676879323737,1.1420669227257263,0.0,0.08196788281202316
2472.6666666666665,1.1091333333333333,0.016832607308003844,1.1421442566181104,0.0,0.08197502046823502
2473.0,1.1049,0.016658428236837608,1.142453592187646,0.0,0.08197565376758575
2473.3333333333335,1.1006666666666667,0.01648426355416177,1.1426082599724139,0.0,0.08198060095310211
2473.6666666666665,1.0964333333333334,0.01631009727276478,1.1426082599724139,0.0,0.08198987692594528
2474.0,1.0922,0.01613593259008894,1.1430722633267174,0.0,0.08198615908622742
2474.333333333333,1.0879666666666667,0.015961758315086172,1.1433042650038692,0.0,0.08198895305395126
2474.666666666667,1.0837333333333332,0.015787596829852646,1.1436136005734048,0.0,0.08198957145214081
2475.0,1.0795000000000001,0.015613425752292187,1.1436136005734048,0.0,0.08199883997440338
2475.333333333333,1.0752666666666666,0.01543925787217404,1.1440002700353245,0.0,0.08199730515480042
2475.666666666667,1.0710333333333333,0.015265089992055891,1.1440776039277083,0.0,0.08200441300868988
2476.0,1.0668,0.015090918914495433,1.1440776039277083,0.0,0.08201368898153305
2476.3333333333335,1.0625666666666669,0.014916751034377285,1.144386939497244,0.0,0.08201432228088379
2476.6666666666665,1.0583333333333333,0.014742594345307225,1.1445416072820118,0.0,0.08201929181814194
2477.0,1.0541,0.0145684184715833,1.1447736089591636,0.0,0.08202211558818817
2477.3333333333335,1.0498666666666665,0.01439424419658053,1.1450056106363153,0.0,0.08202493190765381
2477.6666666666665,1.0456333333333334,0.014220081112625849,1.145314946205851,0.0,0.08202559500932693
2478.0,1.0414,0.014045908436344234,1.1454696139906189,0.0,0.08203057199716568
2478.3333333333335,1.0371666666666668,0.013871751747274175,1.1457789495601545,0.0,0.0820312350988388
2478.6666666666665,1.032933333333333,0.013697574274829094,1.1461656190220741,0.0,0.08202972263097763
2479.0,1.0287,0.013523399999826324,1.146397620699226,0.0,0.08203255385160446
2479.3333333333335,1.0244666666666666,0.013349239313953376,1.1461656190220741,0.0,0.08204833418130875
2479.6666666666665,1.0202333333333333,0.013175072233195806,1.146320286806842,0.0,0.08205331116914749
2480.0,1.016,0.013000901155635347,1.146320286806842,0.0,0.08206259459257126
2480.3333333333335,1.0117666666666667,0.012826735673598932,1.1467842901611454,0.0,0.08205890655517578
2480.6666666666665,1.0075333333333334,0.012652566194759629,1.1469389579459133,0.0,0.08206386119127274
2481.0,1.0032999999999999,0.012478400712723214,1.1472482935154489,0.0,0.08206447958946228
2481.333333333333,0.9990666666666665,0.012304220042835823,1.1474802951926006,0.0,0.08206725865602493
2481.666666666667,0.9948333333333332,0.012130054560799408,1.1477896307621365,0.0,0.08206785470247269
2482.0,0.9906000000000001,0.011955890677484149,1.148098966331672,0.0,0.08206845074892044
2482.333333333333,0.9863666666666665,0.011781720399284268,1.1484856357935918,0.0,0.08206687867641449
2482.666666666667,0.9821333333333332,0.011607560512771897,1.1487949713631274,0.0,0.08206745982170105
2483.0,0.9778999999999999,0.011433383040326817,1.1492589747174309,0.0,0.0820637121796608
2483.333333333333,0.9736666666666667,0.011259219157011557,1.149181640825047,0.0,0.0820750966668129
2483.666666666667,0.9694333333333334,0.011085048878811676,1.1493363086098147,0.0,0.08207999169826508
2484.0,0.9652000000000001,0.010910885794856995,1.1495683102869665,0.0,0.08208270370960236
2484.3333333333335,0.9609666666666669,0.010736717914738847,1.1498003119641182,0.0,0.08208540827035904
2484.6666666666665,0.9567333333333332,0.010562550034620699,1.1498003119641182,0.0,0.08209456503391266
2485.0,0.9525,0.01038837575961793,1.150109647533654,0.0,0.08209510892629623
2485.3333333333335,0.9482666666666667,0.010214214274384403,1.150186981426038,0.0,0.08210211247205734
2485.6666666666665,0.9440333333333334,0.010040035203218167,1.1503416492108058,0.0,0.08210693299770355
2486.0,0.9397999999999999,0.009865872119263486,1.1506509847803414,0.0,0.08210743218660355
2486.3333333333335,0.9355666666666667,0.009691704239145338,1.150960320349877,0.0,0.08210793137550354
2486.6666666666665,0.9313333333333332,0.009517537957748345,1.1514243237041806,0.0,0.08210410177707672
2487.0,0.9270999999999999,0.009343374074433086,1.1515789914889485,0.0,0.08210887759923935
2487.3333333333335,0.9228666666666667,0.009169199799430316,1.1519656609508682,0.0,0.08210718631744385
2487.6666666666665,0.9186333333333333,0.00899503511675448,1.15219766262802,0.0,0.08210980892181396
2488.0,0.9144000000000001,0.008820869634718065,1.1526616659823234,0.0,0.08210595697164536
2488.3333333333335,0.9101666666666666,0.008646697757797028,1.1525843320899394,0.0,0.08211718499660492
2488.6666666666665,0.9059333333333333,0.00847252987767888,1.1526616659823234,0.0,0.08212410658597946
2489.0,0.9017,0.00829836279692131,1.1527389998747073,0.0,0.08213102072477341
2489.333333333333,0.8974666666666667,0.00812419571616374,1.1528163337670911,0.0,0.08213791996240616
2489.666666666667,0.8932333333333332,0.007950024638603281,1.1527389998747073,0.0,0.08214912563562393
2490.0,0.8889999999999999,0.007775857557845711,1.153048335444243,0.0,0.08214953541755676
2490.333333333333,0.8847666666666666,0.007601688079006408,1.153125669336627,0.0,0.08215641230344772
2490.666666666667,0.8805333333333334,0.0074275217976094154,1.1534350049061626,0.0,0.08215683698654175
2491.0,0.8763,0.007253349121327801,1.1535896726909305,0.0,0.08216158300638199
2491.3333333333335,0.8720666666666668,0.007079181241209653,1.1535123387985464,0.0,0.08217283338308334
2491.6666666666665,0.8678333333333332,0.0069050101636491945,1.15397634215285,0.0,0.08216898143291473
2492.0,0.8635999999999999,0.0067308454809733576,1.1541310099376179,0.0,0.08217377215623856
2492.3333333333335,0.8593666666666666,0.006556678400215787,1.1542083438300017,0.0,0.08218070864677429
2492.6666666666665,0.8551333333333334,0.006382511319458217,1.1542856777223858,0.0,0.08218765258789062
2493.0,0.8509,0.006208343439340069,1.1545176793995375,0.0,0.08219028264284134
2493.3333333333335,0.8466666666666667,0.006034174759861344,1.1546723471843052,0.0,0.08219505846500397
2493.6666666666665,0.8424333333333333,0.0058600080787840625,1.1552910183233767,0.0,0.08218692243099213
2494.0,0.8382,0.005685835002822159,1.1553683522157605,0.0,0.08219388127326965
2494.3333333333335,0.8339666666666666,0.005511671519187189,1.1553683522157605,0.0,0.08220299333333969
2494.6666666666665,0.8297333333333333,0.005337502839708463,1.1554456861081446,0.0,0.08220994472503662
2495.0,0.8254999999999999,0.005163332561508582,1.1555230200005284,0.0,0.08221692591905594
2495.3333333333335,0.8212666666666667,0.004989165480751012,1.155832355570064,0.0,0.08221743255853653
2495.6666666666665,0.8170333333333333,0.0048149972009525754,1.1562190250319837,0.0,0.0822157934308052
2496.0,0.8128000000000001,0.0046408293208344276,1.1566056944939034,0.0,0.08221414685249329
2496.333333333333,0.8085666666666667,0.004466659841995124,1.1564510267091355,0.0,0.08222757279872894
2496.666666666667,0.8043333333333333,0.004292493560598132,1.1569923639558228,0.0,0.0822216048836708
2497.0,0.8001,0.004118324481439117,1.157069697848207,0.0,0.08222855627536774
2497.333333333333,0.7958666666666666,0.003944154203239236,1.1572243656329746,0.0,0.08223336189985275
2497.666666666667,0.7916333333333333,0.003769987522161955,1.1573016995253584,0.0,0.08224029839038849
2498.0,0.7874,0.0035958180433226516,1.1573790334177425,0.0,0.08224723488092422
2498.333333333333,0.7831666666666666,0.0034216545596876813,1.1573790334177425,0.0,0.08225633949041367
2498.666666666667,0.7789333333333333,0.0032474824829265003,1.1576110350948943,0.0,0.08225894719362259
2499.0,0.7747,0.003073316201529508,1.1580750384491978,0.0,0.08225511014461517
2499.3333333333335,0.7704666666666665,0.0028991467226902046,1.1583843740187334,0.0,0.08225557953119278
2499.6666666666665,0.7662333333333333,0.002724979042412201,1.1584617079111172,0.0,0.08226249366998672
2500.0,0.7619999999999999,0.002550812960855353,1.158693709588269,0.0,0.08226509392261505
2500.3333333333335,0.7577666666666666,0.0023766420831350388,1.158771043480653,0.0,0.0822719857096672
2500.6666666666665,0.7535333333333333,0.0022024754020577575,1.1590030451578048,0.0,0.08227457106113434
2501.0,0.7493,0.0020283055235381653,1.1592350468349566,0.0,0.08227714896202087
2501.3333333333335,0.7450666666666665,0.0018541380431003063,1.1593897146197243,0.0,0.08228187263011932
2501.6666666666665,0.7408333333333333,0.0016799683644208585,1.159776384081644,0.0,0.08228013664484024
2502.0,0.7365999999999999,0.001505801083823144,1.1600083857587957,0.0,0.08228269219398499
2502.3333333333335,0.7323666666666667,0.0013316343028257904,1.1603177213283313,0.0,0.08228309452533722
2502.6666666666665,0.7281333333333332,0.0011574651237467037,1.1603177213283313,0.0,0.0822920873761177
2503.0,0.7239,0.0009832975433887725,1.1604723891130992,0.0,0.08229675143957138
2503.3333333333335,0.7196666666666667,0.000809128464229758,1.1606270568978672,0.0,0.08230141550302505
2503.6666666666665,0.7154333333333333,0.000634960534151574,1.160704390790251,0.0,0.08230822533369064
2504.0,0.7111999999999999,0.00046079140503252347,1.1610137263597866,0.0,0.0823085680603981
2504.333333333333,0.7069666666666667,0.0002866242743149172,1.1612457280369384,0.0,0.08231106400489807
2504.666666666667,0.7027333333333332,0.00011245477049559582,1.1614003958217063,0.0,0.08231570571660995
2505.0,0.6985,0.0,1.161709731391242,0.0,0.08231605589389801
2505.333333333333,0.6942666666666667,0.0,1.1620190669607777,0.0,0.08231639862060547
2505.666666666667,0.6900333333333333,0.0,1.1621737347455454,0.0,0.08232104033231735
2506.0,0.6858,0.0,1.162560404207465,0.0,0.0823192223906517
2506.3333333333335,0.6815666666666667,0.0,1.1629470736693848,0.0,0.08231741935014725
2506.6666666666665,0.6773333333333332,0.0,1.1629470736693848,0.0,0.08232636749744415
2507.0,0.6730999999999999,0.0,1.1631017414541525,0.0,0.08233101665973663
2507.3333333333335,0.6688666666666666,0.0,1.1634884109160721,0.0,0.08232923597097397
2507.6666666666665,0.6646333333333333,0.0,1.163720412593224,0.0,0.08233173936605453
2508.0,0.6604,0.0,1.1637977464856077,0.0,0.08233853429555893
2508.3333333333335,0.6561666666666666,0.0,1.16364307870084,0.0,0.08235175907611847
2508.6666666666665,0.6519333333333334,0.0,1.1639524142703757,0.0,0.08235210180282593
2509.0,0.6476999999999998,0.0,1.1640297481627595,0.0,0.08235888928174973
2509.3333333333335,0.6434666666666666,0.0,1.1641070820551436,0.0,0.08236566185951233
2509.6666666666665,0.6392333333333333,0.0,1.1642617498399113,0.0,0.08237027376890182
2510.0,0.6349999999999999,0.0,1.1644164176246792,0.0,0.08237489312887192
2510.3333333333335,0.6307666666666666,0.0,1.164648419301831,0.0,0.0823773443698883
2510.6666666666665,0.6265333333333334,0.0,1.164648419301831,0.0,0.08238624036312103
2511.0,0.6222999999999999,0.0,1.1648030870865989,0.0,0.08239082247018814
2511.333333333333,0.6180666666666667,0.0,1.1650350887637506,0.0,0.08239325881004333
2511.666666666667,0.6138333333333332,0.0,1.1650350887637506,0.0,0.08240211009979248
2512.0,0.6095999999999999,0.0,1.1650350887637506,0.0,0.08241098374128342
2512.333333333333,0.6053666666666666,0.0,1.1652670904409024,0.0,0.08241341263055801
2512.666666666667,0.6011333333333333,0.0,1.165576426010438,0.0,0.0824136883020401
2513.0,0.5968999999999999,0.0,1.1658084276875897,0.0,0.08241613954305649
2513.333333333333,0.5926666666666667,0.0,1.1659630954723577,0.0,0.08242073655128479
2513.666666666667,0.5884333333333333,0.0,1.1659630954723577,0.0,0.08242963254451752
2514.0,0.5842,0.0,1.1664270988266612,0.0,0.08242561668157578
2514.3333333333335,0.5799666666666666,0.0,1.1664270988266612,0.0,0.0824345052242279
2514.6666666666665,0.5757333333333333,0.0,1.166659100503813,0.0,0.08243691921234131
2515.0,0.5715,0.0,1.1669684360733485,0.0,0.0824371799826622
2515.3333333333335,0.5672666666666666,0.0,1.1673551055352682,0.0,0.08243526518344879
2515.6666666666665,0.5630333333333333,0.0,1.1673551055352682,0.0,0.08244409412145615
2516.0,0.5588,0.0,1.1673551055352682,0.0,0.0824529305100441
2516.3333333333335,0.5545666666666665,0.0,1.1675871072124198,0.0,0.08245529979467392
2516.6666666666665,0.5503333333333332,0.0,1.1677417749971877,0.0,0.08245982229709625
2517.0,0.5461,0.0,1.1678191088895715,0.0,0.0824664831161499
2517.3333333333335,0.5418666666666665,0.0,1.1678964427819556,0.0,0.08247314393520355
2517.6666666666665,0.5376333333333333,0.0,1.1681284444591074,0.0,0.08247550576925278
2518.0,0.5333999999999999,0.0,1.1681284444591074,0.0,0.08248429745435715
2518.3333333333335,0.5291666666666666,0.0,1.1680511105667233,0.0,0.08249523490667343
2518.6666666666665,0.5249333333333333,0.0,1.1680511105667233,0.0,0.08250407129526138
2519.0,0.5206999999999999,0.0,1.1683604461362591,0.0,0.08250429481267929
2519.333333333333,0.5164666666666665,0.0,1.1687471155981786,0.0,0.08250237256288528
2519.666666666667,0.5122333333333333,0.0,1.1689017833829465,0.0,0.08250691741704941
2520.0,0.508,0.0,1.1689791172753303,0.0,0.08251362293958664
2520.333333333333,0.5053188888888889,0.0,1.16936578673725,0.0,0.08251170068979263
2520.666666666667,0.5026377777777777,0.0,1.1698297900915535,0.0,0.0825076550245285
2521.0,0.4999566666666666,0.0,1.1700617917687053,0.0,0.08251002430915833
2521.3333333333335,0.49727555555555547,0.0,1.1702164595534732,0.0,0.08251453936100006
2521.6666666666665,0.49459444444444445,0.0,1.1706031290153927,0.0,0.08251259475946426
2522.0,0.4919133333333333,0.0,1.1707577968001606,0.0,0.0825170949101448
2522.3333333333335,0.48923222222222223,0.0,1.171221800154464,0.0,0.0825129970908165
2522.6666666666665,0.48655111111111116,0.0,1.171221800154464,0.0,0.08252177387475967
2523.0,0.48387,0.0,1.1714538018316158,0.0,0.08252410590648651
2523.3333333333335,0.4811888888888889,0.0,1.1716084696163838,0.0,0.08252856135368347
2523.6666666666665,0.47850777777777775,0.0,1.1716858035087676,0.0,0.08253517001867294
2524.0,0.4758266666666666,0.0,1.1719178051859194,0.0,0.0825374647974968
2524.3333333333335,0.4731455555555555,0.0,1.1720724729706873,0.0,0.08254189789295197
2524.6666666666665,0.47046444444444446,0.0,1.1721498068630711,0.0,0.08254846185445786
2525.0,0.46778333333333333,0.0,1.1724591424326067,0.0,0.08254857361316681
2525.3333333333335,0.46510222222222225,0.0,1.172304474647839,0.0,0.08256156742572784
2525.6666666666665,0.46242111111111117,0.0,1.1724591424326067,0.0,0.08256594836711884
2526.0,0.45974000000000004,0.0,1.1725364763249908,0.0,0.08257247507572174
2526.333333333333,0.4570588888888889,0.0,1.1726138102173747,0.0,0.08257900923490524
2526.666666666667,0.45437777777777777,0.0,1.1725364763249908,0.0,0.08258984982967377
2527.0,0.45169666666666664,0.0,1.1730004796792943,0.0,0.08258562535047531
2527.333333333333,0.44901555555555556,0.0,1.1733871491412138,0.0,0.08258355408906937
2527.666666666667,0.4463344444444444,0.0,1.1736964847107496,0.0,0.08258364349603653
2528.0,0.4436533333333333,0.0,1.1740058202802852,0.0,0.0825837254524231
2528.333333333333,0.44097222222222227,0.0,1.1743151558498208,0.0,0.08258379250764847
2528.666666666667,0.43829111111111113,0.0,1.174237821957437,0.0,0.08259459584951401
2529.0,0.43561,0.0,1.174392489742205,0.0,0.0825989693403244
2529.3333333333335,0.43292888888888886,0.0,1.1743151558498208,0.0,0.08260975778102875
2529.6666666666665,0.43024777777777784,0.0,1.1743151558498208,0.0,0.08261839300394058
2530.0,0.4275666666666667,0.0,1.1745471575269726,0.0,0.08262058347463608
2530.3333333333335,0.42488555555555557,0.0,1.1748564930965084,0.0,0.08262061327695847
2530.6666666666665,0.42220444444444444,0.0,1.1748564930965084,0.0,0.08262922614812851
2531.0,0.4195233333333333,0.0,1.1750884947736602,0.0,0.08263137936592102
2531.3333333333335,0.4168422222222222,0.0,1.175165828666044,0.0,0.08263782411813736
2531.6666666666665,0.4141611111111111,0.0,1.1758618336974993,0.0,0.08262709528207779
2532.0,0.41147999999999996,0.0,1.1758618336974993,0.0,0.08263567835092545
2532.3333333333335,0.4087988888888889,0.0,1.1759391675898831,0.0,0.0826421007514
2532.6666666666665,0.4061177777777778,0.0,1.1763258370518028,0.0,0.08263994753360748
2533.0,0.40343666666666667,0.0,1.1766351726213384,0.0,0.08263994008302689
2533.3333333333335,0.40075555555555553,0.0,1.1769445081908743,0.0,0.08263994008302689
2533.6666666666665,0.39807444444444445,0.0,1.177099175975642,0.0,0.08264420926570892
2534.0,0.3953933333333333,0.0,1.177099175975642,0.0,0.08265276253223419
2534.333333333333,0.3927122222222222,0.0,1.1773311776527937,0.0,0.08265488594770432
2534.666666666667,0.3900311111111111,0.0,1.1775631793299455,0.0,0.08265700191259384
2535.0,0.38735,0.0,1.1776405132223295,0.0,0.08266341686248779
2535.333333333333,0.3846688888888889,0.0,1.1776405132223295,0.0,0.08267197012901306
2535.666666666667,0.3819877777777778,0.0,1.1777951810070972,0.0,0.0826762244105339
2536.0,0.3793066666666667,0.0,1.1779498487918652,0.0,0.08268047869205475
2536.3333333333335,0.37662555555555555,0.0,1.1784138521461687,0.0,0.08267612755298615
2536.6666666666665,0.3739444444444444,0.0,1.1786458538233204,0.0,0.08267821371555328
2537.0,0.3712633333333333,0.0,1.178955189392856,0.0,0.08267814666032791
2537.3333333333335,0.3685822222222222,0.0,1.1793418588547757,0.0,0.08267594128847122
2537.6666666666665,0.3659011111111111,0.0,1.1796511944243113,0.0,0.08267585188150406
2538.0,0.36322,0.0,1.1797285283166952,0.0,0.08268217742443085
2538.3333333333335,0.3605388888888889,0.0,1.1797285283166952,0.0,0.08269066363573074
2538.6666666666665,0.3578577777777778,0.0,1.1801151977786148,0.0,0.08268844336271286
2539.0,0.35517666666666664,0.0,1.1801151977786148,0.0,0.08269692957401276
2539.3333333333335,0.35249555555555556,0.0,1.1803471994557666,0.0,0.0826990008354187
2539.6666666666665,0.3498144444444445,0.0,1.1803471994557666,0.0,0.0827074870467186
2540.0,0.34713333333333335,0.0,1.1805792011329184,0.0,0.08270953595638275
2540.3333333333335,0.3444522222222222,0.0,1.1807338689176863,0.0,0.08271371573209763
2540.6666666666665,0.3417711111111111,0.0,1.1806565350253022,0.0,0.08272434771060944
2541.0,0.33908999999999995,0.0,1.1807338689176863,0.0,0.08273068815469742
2541.333333333333,0.3364088888888888,0.0,1.1810432044872219,0.0,0.08273062109947205
2541.666666666667,0.33372777777777773,0.0,1.1812752061643736,0.0,0.08273271471261978
2542.0,0.33104666666666666,0.0,1.1814298739491416,0.0,0.08273694664239883
2542.333333333333,0.3283655555555556,0.0,1.1815072078415254,0.0,0.0827433317899704
2542.666666666667,0.3256844444444445,0.0,1.1815072078415254,0.0,0.08275184035301208
2543.0,0.32300333333333336,0.0,1.1816618756262933,0.0,0.08275606483221054
2543.333333333333,0.32032222222222223,0.0,1.1817392095186772,0.0,0.0827624574303627
2543.666666666667,0.3176411111111111,0.0,1.1820485450882128,0.0,0.08276241272687912
2544.0,0.31495999999999996,0.0,1.1821258789805968,0.0,0.08276879787445068
2544.3333333333335,0.31227888888888883,0.0,1.1824352145501325,0.0,0.0827687531709671
2544.6666666666665,0.30959777777777775,0.0,1.182744550119668,0.0,0.08276871591806412
2545.0,0.30691666666666667,0.0,1.1829765517968198,0.0,0.08277081698179245
2545.3333333333335,0.30423555555555554,0.0,1.1829765517968198,0.0,0.08277934789657593
2545.6666666666665,0.3015544444444444,0.0,1.1831312195815877,0.0,0.08278358727693558
2546.0,0.2988733333333333,0.0,1.1832858873663556,0.0,0.08278782665729523
2546.3333333333335,0.2961922222222222,0.0,1.1834405551511233,0.0,0.08279206603765488
2546.6666666666665,0.2935111111111111,0.0,1.183827224613043,0.0,0.08278989791870117
2547.0,0.29083000000000003,0.0,1.1839045585054269,0.0,0.08279631286859512
2547.3333333333335,0.2881488888888889,0.0,1.1842912279673465,0.0,0.08279414474964142
2547.6666666666665,0.28546777777777776,0.0,1.1846778974292662,0.0,0.08279199153184891
2548.0,0.2827866666666667,0.0,1.184909899106418,0.0,0.08279411494731903
2548.3333333333335,0.28010555555555555,0.0,1.1855285702454892,0.0,0.08278553932905197
2548.6666666666665,0.2774244444444444,0.0,1.1859925735997927,0.0,0.08278123289346695
2549.0,0.2747433333333333,0.0,1.1861472413845606,0.0,0.0827854797244072
2549.333333333333,0.27206222222222215,0.0,1.1863792430617124,0.0,0.08278758078813553
2549.666666666667,0.2693811111111111,0.0,1.1864565769540962,0.0,0.0827939435839653
2550.0,0.2667,0.0,1.1864565769540962,0.0,0.08280245214700699
2550.333333333333,0.26401888888888886,0.0,1.186688578631248,0.0,0.08280455321073532
2550.666666666667,0.2613377777777778,0.0,1.1869205803083998,0.0,0.08280666917562485
2551.0,0.25865666666666665,0.0,1.1873072497703194,0.0,0.08280449360609055
2551.3333333333335,0.25597555555555557,0.0,1.1873845836627033,0.0,0.08281084895133972
2551.6666666666665,0.25329444444444443,0.0,1.187616585339855,0.0,0.08281292021274567
2552.0,0.25061333333333335,0.0,1.1878485870170068,0.0,0.08281497657299042
2552.3333333333335,0.2479322222222222,0.0,1.187771253124623,0.0,0.08282558619976044
2552.6666666666665,0.2452511111111111,0.0,1.1879259209093909,0.0,0.0828297808766365
2553.0,0.24257,0.0,1.1879259209093909,0.0,0.08283825218677521
2553.3333333333335,0.23988888888888887,0.0,1.187616585339855,0.0,0.08285526186227798
2553.6666666666665,0.23720777777777774,0.0,1.187693919232239,0.0,0.08286157995462418
2554.0,0.23452666666666666,0.0,1.187771253124623,0.0,0.08286786824464798
2554.3333333333335,0.23184555555555553,0.0,1.187771253124623,0.0,0.0828763097524643
2554.6666666666665,0.22916444444444445,0.0,1.187771253124623,0.0,0.08288473635911942
2555.0,0.22648333333333331,0.0,1.1878485870170068,0.0,0.08289101719856262
2555.3333333333335,0.2238022222222222,0.0,1.1882352564789265,0.0,0.08288873732089996
2555.6666666666665,0.22112111111111107,0.0,1.1883125903713103,0.0,0.08289501070976257
2556.0,0.21843999999999997,0.0,1.188544592048462,0.0,0.08289700001478195
2556.333333333333,0.21575888888888892,0.0,1.188621925940846,0.0,0.08290326595306396
2556.666666666667,0.21307777777777778,0.0,1.1889312615103818,0.0,0.08290312439203262
2557.0,0.21039666666666665,0.0,1.1891632631875335,0.0,0.0829051062464714
2557.333333333333,0.20771555555555551,0.0,1.1891632631875335,0.0,0.08291350305080414
2557.666666666667,0.2050344444444444,0.0,1.1890859292951494,0.0,0.08292403817176819
2558.0,0.2023533333333333,0.0,1.1893179309723012,0.0,0.08292603492736816
2558.333333333333,0.1996722222222222,0.0,1.1894725987570691,0.0,0.08293016254901886
2558.666666666667,0.1969911111111111,0.0,1.1893952648646853,0.0,0.08294069021940231
2559.0,0.19430999999999998,0.0,1.1891632631875335,0.0,0.0829555094242096
2559.3333333333335,0.19162888888888885,0.0,1.1893952648646853,0.0,0.08295747637748718
2559.6666666666665,0.18894777777777771,0.0,1.1898592682189888,0.0,0.08295301347970963
2560.0,0.18626666666666664,0.0,1.1900912698961406,0.0,0.08295498043298721
2560.3333333333335,0.18358555555555553,0.0,1.1903232715732923,0.0,0.0829569548368454
2560.6666666666665,0.18090444444444442,0.0,1.1904006054656762,0.0,0.08296320587396622
2561.0,0.1782233333333333,0.0,1.1907099410352118,0.0,0.08296303451061249
2561.3333333333335,0.17554222222222218,0.0,1.1909419427123635,0.0,0.08296499401330948
2561.6666666666665,0.1728611111111111,0.0,1.1910192766047476,0.0,0.0829712525010109
2562.0,0.17017999999999997,0.0,1.1910192766047476,0.0,0.08297967165708542
2562.3333333333335,0.16749888888888884,0.0,1.1912512782818994,0.0,0.0829816609621048
2562.6666666666665,0.16481777777777776,0.0,1.191405946066667,0.0,0.08298580348491669
2563.0,0.16213666666666662,0.0,1.1917926155285867,0.0,0.08298350870609283
2563.3333333333335,0.15945555555555554,0.0,1.1917152816362029,0.0,0.08299407362937927
2563.6666666666665,0.1567744444444444,0.0,1.1917926155285867,0.0,0.08300033211708069
2564.0,0.1540933333333333,0.0,1.1917152816362029,0.0,0.08301088958978653
2564.333333333333,0.15141222222222217,0.0,1.1918699494209706,0.0,0.08301499485969543
2564.666666666667,0.14873111111111106,0.0,1.1922566188828903,0.0,0.08301268517971039
2565.0,0.14605,0.0,1.19264328834481,0.0,0.08301037549972534
2565.333333333333,0.14336888888888888,0.0,1.1931072916991134,0.0,0.08300594240427017
2565.666666666667,0.14068777777777774,0.0,1.1930299578067294,0.0,0.08301647007465363
2566.0,0.1380066666666666,0.0,1.1931072916991134,0.0,0.08302272111177444
2566.3333333333335,0.1353255555555555,0.0,1.1931072916991134,0.0,0.08303110301494598
2566.6666666666665,0.13264444444444443,0.0,1.193416627268649,0.0,0.08303091675043106
2567.0,0.12996333333333332,0.0,1.1938032967305687,0.0,0.08302859216928482
2567.3333333333335,0.12728222222222219,0.0,1.1938806306229526,0.0,0.08303482085466385
2567.6666666666665,0.12460111111111107,0.0,1.1939579645153364,0.0,0.08304104954004288
2568.0,0.12191999999999995,0.0,1.1939579645153364,0.0,0.08304940909147263
2568.3333333333335,0.11923888888888887,0.0,1.194344633977256,0.0,0.0830470621585846
2568.6666666666665,0.11655777777777776,0.0,1.1945766356544079,0.0,0.08304901421070099
2569.0,0.11387666666666663,0.0,1.1945766356544079,0.0,0.08305739611387253
2569.3333333333335,0.1111955555555555,0.0,1.1948086373315596,0.0,0.08305934071540833
2569.6666666666665,0.1085144444444444,0.0,1.1948086373315596,0.0,0.08306771516799927
2570.0,0.10583333333333332,0.0,1.1948859712239435,0.0,0.0830739364027977
2570.3333333333335,0.1031522222222222,0.0,1.1951953067934793,0.0,0.08307374268770218
2570.6666666666665,0.10047111111111108,0.0,1.195349974578247,0.0,0.0830778181552887
2571.0,0.09778999999999996,0.0,1.195349974578247,0.0,0.08308615535497665
2571.333333333333,0.09510888888888883,0.0,1.1955819762553987,0.0,0.08308806270360947
2571.666666666667,0.09242777777777776,0.0,1.1958139779325505,0.0,0.08308997005224228
2572.0,0.08974666666666664,0.0,1.1958139779325505,0.0,0.08309829235076904
2572.333333333333,0.08706555555555552,0.0,1.1960459796097023,0.0,0.08310019224882126
2572.666666666667,0.0843844444444444,0.0,1.196277981286854,0.0,0.08310208469629288
2573.0,0.08170333333333328,0.0,1.1965099829640058,0.0,0.08310399204492569
2573.333333333333,0.0790222222222222,0.0,1.1965099829640058,0.0,0.08311230689287186
2573.666666666667,0.07634111111111108,0.0,1.1965873168563899,0.0,0.08311846852302551
2574.0,0.07365999999999998,0.0,1.1968966524259255,0.0,0.08311818540096283
2574.3333333333335,0.07097888888888884,0.0,1.1971286541030772,0.0,0.08312004059553146
2574.6666666666665,0.06829777777777772,0.0,1.197205987995461,0.0,0.08312617242336273
2575.0,0.0656166666666666,0.0,1.197205987995461,0.0,0.08313442021608353
2575.3333333333335,0.06293555555555548,0.0,1.1976699913497646,0.0,0.08312980830669403
2575.6666666666665,0.06025444444444436,0.0,1.1977473252421487,0.0,0.08313588798046112
2576.0,0.05757333333333333,0.0,1.1977473252421487,0.0,0.08314411342144012
2576.3333333333335,0.05489222222222221,0.0,1.1978246591345325,0.0,0.08315017074346542
2576.6666666666665,0.0522111111111111,0.0,1.1978246591345325,0.0,0.08315835148096085
2577.0,0.04952999999999998,0.0,1.1981339947040681,0.0,0.0831579640507698
2577.3333333333335,0.04684888888888886,0.0,1.198288662488836,0.0,0.0831618383526802
2577.6666666666665,0.04416777777777773,0.0,1.1985206641659878,0.0,0.0831635594367981
2578.0,0.04148666666666661,0.0,1.1986753319507557,0.0,0.0831674113869667
2578.3333333333335,0.03880555555555549,0.0,1.198443330273604,0.0,0.0831819400191307
2578.6666666666665,0.03612444444444437,0.0,1.1983659963812199,0.0,0.08319219201803207
2579.0,0.03344333333333325,0.0,1.1981339947040681,0.0,0.08320672065019608
2579.333333333333,0.03076222222222222,0.0,1.1983659963812199,0.0,0.08320838958024979
2579.666666666667,0.028081111111111102,0.0,1.198288662488836,0.0,0.08321863412857056
2580.0,0.0254,0.0,1.1981339947040681,0.0,0.08323100954294205
2580.333333333333,0.0254,0.0,1.1985206641659878,0.0,0.08322835713624954
2580.666666666667,0.0254,0.0,1.198443330273604,0.0,0.08323857933282852
2581.0,0.0254,0.0,1.198443330273604,0.0,0.0832466259598732
2581.3333333333335,0.0254,0.0,1.198443330273604,0.0,0.08325468003749847
2581.6666666666665,0.0254,0.0,1.1985979980583716,0.0,0.08325842767953873
2582.0,0.0254,0.0,1.1985206641659878,0.0,0.08326860517263412
2582.3333333333335,0.0254,0.0,1.1987526658431396,0.0,0.08327019214630127
2582.6666666666665,0.0254,0.0,1.1989073336279075,0.0,0.08327393978834152
2583.0,0.0254,0.0,1.1989073336279075,0.0,0.0832819864153862
2583.3333333333335,0.0254,0.0,1.1994486708745948,0.0,0.08327499777078629
2583.6666666666665,0.0254,0.0,1.1994486708745948,0.0,0.08328301459550858
2584.0,0.0254,0.0,1.1996806725517466,0.0,0.08328459411859512
2584.3333333333335,0.0254,0.0,1.1996033386593625,0.0,0.08329474180936813
2584.6666666666665,0.0254,0.0,1.1998353403365143,0.0,0.08329631388187408
2585.0,0.0254,0.0,1.200067342013666,0.0,0.08329790085554123
2585.3333333333335,0.0254,0.0,1.200222009798434,0.0,0.08330163359642029
2585.6666666666665,0.0254,0.0,1.2002993436908178,0.0,0.08330748975276947
2586.0,0.0254,0.0,1.2006860131527375,0.0,0.0833047479391098
2586.333333333333,0.0254,0.0,1.2006860131527375,0.0,0.08331272751092911
2586.666666666667,0.0254,0.0,1.2006860131527375,0.0,0.08332069963216782
2587.0,0.0254,0.0,1.2009180148298892,0.0,0.08332222700119019
2587.333333333333,0.0254,0.0,1.200995348722273,0.0,0.08332803100347519
2587.666666666667,0.0254,0.0,1.201304684291809,0.0,0.08332740515470505
2588.0,0.0254,0.0,1.2016140198613445,0.0,0.0833267867565155
2588.333333333333,0.0254,0.0,1.2016913537537284,0.0,0.08333258330821991
2588.666666666667,0.0254,0.0,1.2016913537537284,0.0,0.08334053307771683
2589.0,0.0254,0.0,1.2018460215384963,0.0,0.08334416896104813
2589.3333333333335,0.0254,0.0,1.2023100248927998,0.0,0.08333922922611237
2589.6666666666665,0.0254,0.0,1.2023100248927998,0.0,0.0833471417427063
2590.0,0.0254,0.0,1.2026193604623354,0.0,0.08334646373987198
2590.3333333333335,0.0254,0.0,1.203006029924255,0.0,0.08334366232156754
2590.6666666666665,0.0254,0.0,1.203160697709023,0.0,0.08334728330373764
2591.0,0.0254,0.0,1.2032380316014069,0.0,0.08335304260253906
2591.3333333333335,0.0254,0.0,1.203160697709023,0.0,0.08336309343576431
2591.6666666666665,0.0254,0.0,1.2034700332785586,0.0,0.08336243033409119
2592.0,0.0254,0.0,1.2037020349557104,0.0,0.08336390554904938
2592.3333333333335,0.0254,0.0,1.2037793688480942,0.0,0.0833696648478508
2592.6666666666665,0.0254,0.0,1.2042433722023977,0.0,0.08336469531059265
2593.0,0.0254,0.0,1.2046300416643174,0.0,0.08336191624403
2593.3333333333335,0.0254,0.0,1.2051713789110048,0.0,0.08335484564304352
2593.6666666666665,0.0254,0.0,1.2054033805881565,0.0,0.0833563581109047
2594.0,0.0254,0.0,1.2054807144805406,0.0,0.0833621546626091
2594.333333333333,0.0254,0.0,1.2054033805881565,0.0,0.08337224274873734
2594.666666666667,0.0254,0.0,1.2054033805881565,0.0,0.08338023722171783
2595.0,0.0254,0.0,1.2055580483729245,0.0,0.0833839476108551
2595.333333333333,0.0254,0.0,1.206022051727228,0.0,0.0833791047334671
2595.666666666667,0.0254,0.0,1.2060993856196118,0.0,0.08338497579097748
2596.0,0.0254,0.0,1.206022051727228,0.0,0.08339512348175049
2596.3333333333335,0.0254,0.0,1.2059447178348441,0.0,0.08340528607368469
2596.6666666666665,0.0254,0.0,1.2060993856196118,0.0,0.08340903371572495
2597.0,0.0254,0.0,1.2063313872967636,0.0,0.08341065049171448
2597.3333333333335,0.0254,0.0,1.2065633889739154,0.0,0.08341225981712341
2597.6666666666665,0.0254,0.0,1.2065633889739154,0.0,0.0834202915430069
2598.0,0.0254,0.0,1.2065633889739154,0.0,0.08342833817005157
2598.3333333333335,0.0254,0.0,1.2065633889739154,0.0,0.08343639969825745
2598.6666666666665,0.0254,0.0,1.2064860550815315,0.0,0.08344659954309464
2599.0,0.0254,0.0,1.2065633889739154,0.0,0.08345252275466919
2599.3333333333335,0.0254,0.0,1.2068727245434512,0.0,0.0834520235657692
2599.6666666666665,0.0254,0.0,1.2070273923282189,0.0,0.08345581591129303
2600.0,0.0254,0.0,1.2070273923282189,0.0,0.0834638848900795
2600.3333333333335,0.0254,0.0,1.207104726220603,0.0,0.08346983045339584
2600.6666666666665,0.0254,0.0,1.2073367278977547,0.0,0.08347147703170776
2601.0,0.0254,0.0,1.2074913956825224,0.0,0.0834752693772316
2601.333333333333,0.0254,0.0,1.2076460634672903,0.0,0.08347905427217484
2601.666666666667,0.0254,0.0,1.2077233973596742,0.0,0.08348497748374939
2602.0,0.0254,0.0,1.20803273292921,0.0,0.0834844633936882
2602.333333333333,0.0254,0.0,1.2084194023911294,0.0,0.08348182588815689
2602.666666666667,0.0254,0.0,1.2081100668215938,0.0,0.08349848538637161
2603.0,0.0254,0.0,1.2081874007139777,0.0,0.08350440859794617
2603.333333333333,0.0254,0.0,1.2083420684987456,0.0,0.08350818604230881
2603.666666666667,0.0254,0.0,1.2086514040682812,0.0,0.08350768685340881
2604.0,0.0254,0.0,1.2087287379606653,0.0,0.08351360261440277
2604.3333333333335,0.0254,0.0,1.2087287379606653,0.0,0.08352167904376984
2604.6666666666665,0.0254,0.0,1.2086514040682812,0.0,0.08353189378976822
2605.0,0.0254,0.0,1.208883405745433,0.0,0.08353353291749954
2605.3333333333335,0.0254,0.0,1.208960739637817,0.0,0.0835394635796547
2605.6666666666665,0.0254,0.0,1.2091154074225847,0.0,0.08354324847459793
2606.0,0.0254,0.0,1.2091927413149688,0.0,0.08354920148849487
2606.3333333333335,0.0254,0.0,1.2091927413149688,0.0,0.08355731517076492
2606.6666666666665,0.0254,0.0,1.2091927413149688,0.0,0.08356542885303497
2607.0,0.0254,0.0,1.2094247429921205,0.0,0.08356708288192749
2607.3333333333335,0.0254,0.0,1.2095794107768882,0.0,0.08357088267803192
2607.6666666666665,0.0254,0.0,1.20981141245404,0.0,0.08357252925634384
2608.0,0.0254,0.0,1.209966080238808,0.0,0.08357630670070648
2608.3333333333335,0.0254,0.0,1.2103527497007274,0.0,0.08357365429401398
2608.6666666666665,0.0254,0.0,1.210739419162647,0.0,0.08357099443674088
2609.0,0.0254,0.0,1.210739419162647,0.0,0.08357905596494675
2609.333333333333,0.0254,0.0,1.210739419162647,0.0,0.08358710259199142
2609.666666666667,0.0254,0.0,1.2109714208397988,0.0,0.08358869701623917
2610.0,0.0254,0.0,1.2111260886245667,0.0,0.08359243720769882
2610.333333333333,0.0254,0.0,1.2113580903017185,0.0,0.08359399437904358
2610.666666666667,0.0254,0.0,1.2112807564093344,0.0,0.08360414206981659
2611.0,0.0254,0.0,1.2114354241941023,0.0,0.08360785245895386
2611.3333333333335,0.0254,0.0,1.2113580903017185,0.0,0.08361799269914627
2611.6666666666665,0.0254,0.0,1.211667425871254,0.0,0.08361736685037613
2612.0,0.0254,0.0,1.211822093656022,0.0,0.08362103253602982
2612.3333333333335,0.0254,0.0,1.211744759763638,0.0,0.08363111317157745
2612.6666666666665,0.0254,0.0,1.211744759763638,0.0,0.08363903313875198
2613.0,0.0254,0.0,1.211744759763638,0.0,0.08364693820476532
2613.3333333333335,0.0254,0.0,1.2118994275484058,0.0,0.08365053683519363
2613.6666666666665,0.0254,0.0,1.2120540953331738,0.0,0.08365410566329956
2614.0,0.0254,0.0,1.2123634309027094,0.0,0.08365336805582047
2614.3333333333335,0.0254,0.0,1.2125954325798611,0.0,0.08365476131439209
2614.6666666666665,0.0254,0.0,1.2125954325798611,0.0,0.08366256952285767
2615.0,0.0254,0.0,1.212827434257013,0.0,0.0836639255285263
2615.3333333333335,0.0254,0.0,1.212827434257013,0.0,0.0836717039346695
2615.6666666666665,0.0254,0.0,1.2129821020417808,0.0,0.08367516845464706
2616.0,0.0254,0.0,1.213600773180852,0.0,0.08366574347019196
2616.333333333333,0.0254,0.0,1.2139101087503879,0.0,0.0836648941040039
2616.666666666667,0.0254,0.0,1.2142194443199235,0.0,0.08366405218839645
2617.0,0.0254,0.0,1.2141421104275396,0.0,0.08367392420768738
2617.333333333333,0.0254,0.0,1.2143741121046914,0.0,0.08367521315813065
2617.666666666667,0.0254,0.0,1.2144514459970752,0.0,0.08368078619241714
2618.0,0.0254,0.0,1.214528779889459,0.0,0.08368632942438126
2618.333333333333,0.0254,0.0,1.2147607815666108,0.0,0.08368757367134094
2618.666666666667,0.0254,0.0,1.214838115458995,0.0,0.08369310945272446
2619.0,0.0254,0.0,1.2152247849209143,0.0,0.08369004726409912
2619.3333333333335,0.0254,0.0,1.2153794527056823,0.0,0.08369342237710953
2619.6666666666665,0.0254,0.0,1.215611454382834,0.0,0.08369464427232742
2620.0,0.0254,0.0,1.2158434560599858,0.0,0.08369583636522293
2620.3333333333335,0.0254,0.0,1.2163074594142893,0.0,0.08369060605764389
2620.6666666666665,0.0254,0.0,1.2167714627685928,0.0,0.08368539810180664
2621.0,0.0254,0.0,1.2172354661228963,0.0,0.08368019759654999
2621.3333333333335,0.0254,0.0,1.217467467800048,0.0,0.08368141949176788
2621.6666666666665,0.0254,0.0,1.217622135584816,0.0,0.08368478715419769
2622.0,0.0254,0.0,1.2176994694771999,0.0,0.08369027823209763
2622.3333333333335,0.0254,0.0,1.2178541372619678,0.0,0.08369363099336624
2622.6666666666665,0.0254,0.0,1.2180088050467355,0.0,0.08369696885347366
2623.0,0.0254,0.0,1.2182408067238872,0.0,0.08369817584753036
2623.3333333333335,0.0254,0.0,1.2183954745086552,0.0,0.08370152115821838
2623.6666666666665,0.0254,0.0,1.218550142293423,0.0,0.0837048590183258
2624.0,0.0254,0.0,1.2187048100781908,0.0,0.08370819687843323
2624.333333333333,0.0254,0.0,1.2189368117553425,0.0,0.08370941132307053
2624.666666666667,0.0254,0.0,1.2188594778629587,0.0,0.08371918648481369
2625.0,0.0254,0.0,1.2189368117553425,0.0,0.08372466266155243
2625.333333333333,0.0254,0.0,1.2188594778629587,0.0,0.0837344154715538
2625.666666666667,0.0254,0.0,1.2192461473248783,0.0,0.08373134583234787
2626.0,0.0254,0.0,1.219555482894414,0.0,0.08373039960861206
2626.3333333333335,0.0254,0.0,1.2197101506791819,0.0,0.08373373001813889
2626.6666666666665,0.0254,0.0,1.2198648184639496,0.0,0.08373706042766571
2627.0,0.0254,0.0,1.2200968201411013,0.0,0.0837382897734642
2627.3333333333335,0.0254,0.0,1.2202514879258692,0.0,0.08374165743589401
2627.6666666666665,0.0254,0.0,1.220328821818253,0.0,0.08374714851379395
2628.0,0.0254,0.0,1.2200194862487175,0.0,0.08376333862543106
2628.3333333333335,0.0254,0.0,1.220328821818253,0.0,0.08376240730285645
2628.6666666666665,0.0254,0.0,1.2206381573877887,0.0,0.08376145362854004
2629.0,0.0254,0.0,1.2205608234954048,0.0,0.0837712287902832
2629.3333333333335,0.0254,0.0,1.220328821818253,0.0,0.0837852731347084
2629.6666666666665,0.0254,0.0,1.220406155710637,0.0,0.08379074931144714
2630.0,0.0254,0.0,1.2206381573877887,0.0,0.08379192650318146
2630.3333333333335,0.0254,0.0,1.2206381573877887,0.0,0.08379951864480972
2630.6666666666665,0.0254,0.0,1.2209474929573245,0.0,0.08379854261875153
2631.0,0.0254,0.0,1.2211794946344763,0.0,0.08379969745874405
2631.333333333333,0.0254,0.0,1.2211794946344763,0.0,0.08380727469921112
2631.666666666667,0.0254,0.0,1.221334162419244,0.0,0.08381055295467377
2632.0,0.0254,0.0,1.2219528335583154,0.0,0.08380100131034851
2632.333333333333,0.0254,0.0,1.2220301674506993,0.0,0.08380641788244247
2632.666666666667,0.0254,0.0,1.2221075013430833,0.0,0.08381182700395584
2633.0,0.0254,0.0,1.2220301674506993,0.0,0.08382152020931244
2633.333333333333,0.0254,0.0,1.2217208318811636,0.0,0.08383762836456299
2633.666666666667,0.0254,0.0,1.2218754996659316,0.0,0.08384089171886444
2634.0,0.0254,0.0,1.2217981657735475,0.0,0.08385057002305984
2634.3333333333335,0.0254,0.0,1.2215661640963957,0.0,0.08386454731225967
2634.6666666666665,0.0254,0.0,1.2216434979887798,0.0,0.08386996388435364
2635.0,0.0254,0.0,1.2215661640963957,0.0,0.08387966454029083
2635.3333333333335,0.0254,0.0,1.221334162419244,0.0,0.08389364928007126
2635.6666666666665,0.0254,0.0,1.2215661640963957,0.0,0.0838947594165802
2636.0,0.0254,0.0,1.2217981657735475,0.0,0.08389587700366974
2636.3333333333335,0.0254,0.0,1.2217208318811636,0.0,0.08390559256076813
2636.6666666666665,0.0254,0.0,1.2217981657735475,0.0,0.08391100913286209
2637.0,0.0254,0.0,1.2221075013430833,0.0,0.08390998840332031
2637.3333333333335,0.0254,0.0,1.222339503020235,0.0,0.08391111344099045
2637.6666666666665,0.0254,0.0,1.222339503020235,0.0,0.08391868323087692
2638.0,0.0254,0.0,1.2224941708050028,0.0,0.08392194658517838
2638.3333333333335,0.0254,0.0,1.2226488385897707,0.0,0.08392520248889923
2638.6666666666665,0.0254,0.0,1.2228035063745386,0.0,0.08392848074436188
2639.0,0.0254,0.0,1.2229581741593063,0.0,0.08393178880214691
2639.333333333333,0.0254,0.0,1.2230355080516904,0.0,0.08393723517656326
2639.666666666667,0.0254,0.0,1.2230355080516904,0.0,0.08394484221935272
2640.0,0.0254,0.0,1.2231128419440742,0.0,0.08395028114318848
2640.333333333333,0.0254,0.0,1.2234221775136098,0.0,0.08394928276538849
2640.666666666667,0.0254,0.0,1.2235768452983777,0.0,0.08395257592201233
2641.0,0.0254,0.0,1.2234221775136098,0.0,0.08396444469690323
2641.3333333333335,0.0254,0.0,1.2235768452983777,0.0,0.08396772295236588
2641.6666666666665,0.0254,0.0,1.2238088469755295,0.0,0.08396884053945541
2642.0,0.0254,0.0,1.224118182545065,0.0,0.08396781235933304
2642.3333333333335,0.0254,0.0,1.2243501842222169,0.0,0.08396892249584198
2642.6666666666665,0.0254,0.0,1.2245048520069848,0.0,0.08397217839956284
2643.0,0.0254,0.0,1.2248141875765204,0.0,0.08397115767002106
2643.3333333333335,0.0254,0.0,1.2248915214689045,0.0,0.08397655934095383
2643.6666666666665,0.0254,0.0,1.22520085703844,0.0,0.08397553116083145
2644.0,0.0254,0.0,1.225355524823208,0.0,0.08397878706455231
2644.3333333333335,0.0254,0.0,1.2254328587155918,0.0,0.08398419618606567
2644.6666666666665,0.0254,0.0,1.2255101926079757,0.0,0.08398959785699844
2645.0,0.0254,0.0,1.2255101926079757,0.0,0.08399714529514313
2645.3333333333335,0.0254,0.0,1.2258195281775115,0.0,0.08399610221385956
2645.6666666666665,0.0254,0.0,1.2258968620698953,0.0,0.08400150388479233
2646.0,0.0254,0.0,1.226206197639431,0.0,0.08400046825408936
2646.333333333333,0.0254,0.0,1.226206197639431,0.0,0.08400800824165344
2646.666666666667,0.0254,0.0,1.226206197639431,0.0,0.08401554077863693
2647.0,0.0254,0.0,1.2264381993165827,0.0,0.08401664346456528
2647.333333333333,0.0254,0.0,1.2265155332089668,0.0,0.08402203023433685
2647.666666666667,0.0254,0.0,1.226283531531815,0.0,0.08403598517179489
2648.0,0.0254,0.0,1.2263608654241989,0.0,0.08404137194156647
2648.333333333333,0.0254,0.0,1.2265928671013506,0.0,0.08404246717691422
2648.666666666667,0.0254,0.0,1.2267475348861185,0.0,0.08404569327831268
2649.0,0.0254,0.0,1.2269795365632703,0.0,0.08404677361249924
2649.3333333333335,0.0254,0.0,1.2270568704556541,0.0,0.08405213803052902
2649.6666666666665,0.0254,0.0,1.227288872132806,0.0,0.08405321091413498
2650.0,0.0254,0.0,1.2273662060251898,0.0,0.08405860513448715
2650.3333333333335,0.0254,0.0,1.2275208738099577,0.0,0.08406185358762741
2650.6666666666665,0.0254,0.0,1.2276755415947256,0.0,0.08406510204076767
2651.0,0.0254,0.0,1.2278302093794933,0.0,0.08406834304332733
2651.3333333333335,0.0254,0.0,1.2279075432718773,0.0,0.08407370746135712
2651.6666666666665,0.0254,0.0,1.228216878841413,0.0,0.08407264202833176
2652.0,0.0254,0.0,1.2287582160881003,0.0,0.08406513184309006
2652.3333333333335,0.0254,0.0,1.2288355499804844,0.0,0.08407047390937805
2652.6666666666665,0.0254,0.0,1.2289128838728682,0.0,0.08407581597566605
2653.0,0.0254,0.0,1.2290675516576361,0.0,0.08407900482416153
2653.3333333333335,0.0254,0.0,1.229299553334788,0.0,0.08408002555370331
2653.6666666666665,0.0254,0.0,1.2295315550119397,0.0,0.08408104628324509
2654.0,0.0254,0.0,1.2298408905814753,0.0,0.08407992869615555
2654.333333333333,0.0254,0.0,1.2298408905814753,0.0,0.08408736437559128
2654.666666666667,0.0254,0.0,1.2299955583662432,0.0,0.08409050852060318
2655.0,0.0254,0.0,1.230072892258627,0.0,0.0840957760810852
2655.333333333333,0.0254,0.0,1.230072892258627,0.0,0.08410318940877914
2655.666666666667,0.0254,0.0,1.2301502261510109,0.0,0.08410844951868057
2656.0,0.0254,0.0,1.2305368956129306,0.0,0.08410511165857315
2656.3333333333335,0.0254,0.0,1.2306915633976983,0.0,0.08410820364952087
2656.6666666666665,0.0254,0.0,1.2307688972900823,0.0,0.08411343395709991
2657.0,0.0254,0.0,1.2308462311824662,0.0,0.08411864191293716
2657.3333333333335,0.0254,0.0,1.231000898967234,0.0,0.0841217115521431
2657.6666666666665,0.0254,0.0,1.2311555667520018,0.0,0.08412477374076843
2658.0,0.0254,0.0,1.2313102345367697,0.0,0.08412783592939377
2658.3333333333335,0.0254,0.0,1.2316195701063053,0.0,0.08412660658359528
2658.6666666666665,0.0254,0.0,1.2316195701063053,0.0,0.08413394540548325
2659.0,0.0254,0.0,1.2316195701063053,0.0,0.08414127677679062
2659.3333333333335,0.0254,0.0,1.2317742378910732,0.0,0.08414431661367416
2659.6666666666665,0.0254,0.0,1.2317742378910732,0.0,0.08415164798498154
2660.0,0.0254,0.0,1.2317742378910732,0.0,0.08415897190570831
2660.3333333333335,0.0254,0.0,1.2317742378910732,0.0,0.08416630327701569
2660.6666666666665,0.0254,0.0,1.232006239568225,0.0,0.08416721969842911
2661.0,0.0254,0.0,1.2319289056758411,0.0,0.08417671173810959
2661.333333333333,0.0254,0.0,1.2320835734606088,0.0,0.08417978882789612
2661.666666666667,0.0254,0.0,1.2323929090301446,0.0,0.08417856693267822
2662.0,0.0254,0.0,1.2323155751377606,0.0,0.08418809622526169
2662.333333333333,0.0254,0.0,1.2325475768149123,0.0,0.0841890349984169
2662.666666666667,0.0254,0.0,1.2324702429225285,0.0,0.08419855684041977
2663.0,0.0254,0.0,1.2327022445996803,0.0,0.08419950306415558
2663.333333333333,0.0254,0.0,1.2327022445996803,0.0,0.08420688658952713
2663.666666666667,0.0254,0.0,1.2330115801692159,0.0,0.08420571684837341
2664.0,0.0254,0.0,1.2332435818463676,0.0,0.08420669287443161
2664.3333333333335,0.0254,0.0,1.2333982496311355,0.0,0.08420982211828232
2664.6666666666665,0.0254,0.0,1.2337075852006711,0.0,0.08420868217945099
2665.0,0.0254,0.0,1.2340942546625908,0.0,0.08420540392398834
2665.3333333333335,0.0254,0.0,1.2344809241245105,0.0,0.08420214802026749
2665.6666666666665,0.0254,0.0,1.2350995952635817,0.0,0.08419248461723328
2666.0,0.0254,0.0,1.2354089308331175,0.0,0.08419141173362732
2666.3333333333335,0.0254,0.0,1.2354089308331175,0.0,0.08419891446828842
2666.6666666666665,0.0254,0.0,1.2357182664026531,0.0,0.08419786393642426
2667.0,0.0254,0.0,1.2360276019721887,0.0,0.08419682085514069
2667.3333333333335,0.0254,0.0,1.2362596036493405,0.0,0.08419793844223022
2667.6666666666665,0.0254,0.0,1.2361822697569567,0.0,0.08420763909816742
2668.0,0.0254,0.0,1.2363369375417246,0.0,0.08421091735363007
2668.3333333333335,0.0254,0.0,1.2366462731112602,0.0,0.08420994132757187
2668.6666666666665,0.0254,0.0,1.2365689392188763,0.0,0.08421967178583145
2669.0,0.0254,0.0,1.2366462731112602,0.0,0.0842251256108284
2669.333333333333,0.0254,0.0,1.236723607003644,0.0,0.08423057943582535
2669.666666666667,0.0254,0.0,1.2371102764655637,0.0,0.08422747999429703
2670.0,0.0254,0.0,1.2372649442503316,0.0,0.08423080295324326
2670.333333333333,0.0254,0.0,1.2373422781427155,0.0,0.084236279129982
2670.666666666667,0.0254,0.0,1.2374969459274834,0.0,0.08423960953950882
2671.0,0.0254,0.0,1.2374969459274834,0.0,0.08424722403287888
2671.3333333333335,0.0254,0.0,1.237806281497019,0.0,0.08424628525972366
2671.6666666666665,0.0254,0.0,1.2378836153894028,0.0,0.08425179123878479
2672.0,0.0254,0.0,1.2380382831741708,0.0,0.0842551589012146
2672.3333333333335,0.0254,0.0,1.2381929509589387,0.0,0.08425852656364441
2672.6666666666665,0.0254,0.0,1.2384249526360904,0.0,0.0842597484588623
2673.0,0.0254,0.0,1.2385796204208581,0.0,0.08426310122013092
2673.3333333333335,0.0254,0.0,1.238888955990394,0.0,0.08426219969987869
2673.6666666666665,0.0254,0.0,1.238888955990394,0.0,0.08426984399557114
2674.0,0.0254,0.0,1.2390436237751616,0.0,0.08427320420742035
2674.3333333333335,0.0254,0.0,1.2391982915599296,0.0,0.08427655696868896
2674.6666666666665,0.0254,0.0,1.239739628806617,0.0,0.0842691957950592
2675.0,0.0254,0.0,1.2395849610218492,0.0,0.0842810645699501
2675.3333333333335,0.0254,0.0,1.239662294914233,0.0,0.08428651839494705
2675.6666666666665,0.0254,0.0,1.239739628806617,0.0,0.0842919573187828
2676.0,0.0254,0.0,1.239739628806617,0.0,0.08429952710866928
2676.333333333333,0.0254,0.0,1.2395849610218492,0.0,0.0843113586306572
2676.666666666667,0.0254,0.0,1.239662294914233,0.0,0.08431677520275116
2677.0,0.0254,0.0,1.2400489643761528,0.0,0.08431360870599747
2677.333333333333,0.0254,0.0,1.2402809660533045,0.0,0.0843147337436676
2677.666666666667,0.0254,0.0,1.2405129677304563,0.0,0.08431583642959595
2678.0,0.0254,0.0,1.2405903016228401,0.0,0.08432121574878693
2678.333333333333,0.0254,0.0,1.240667635515224,0.0,0.08432658016681671
2678.666666666667,0.0254,0.0,1.2408996371923757,0.0,0.08432764559984207
2679.0,0.0254,0.0,1.2412863066542954,0.0,0.0843244418501854
2679.3333333333335,0.0254,0.0,1.2410543049771436,0.0,0.08433832228183746
2679.6666666666665,0.0254,0.0,1.2413636405466792,0.0,0.08433723449707031
2680.0,0.0254,0.0,1.2415183083314472,0.0,0.08434039354324341
2680.3333333333335,0.0254,0.0,1.2416729761162149,0.0,0.08434354513883591
2680.6666666666665,0.0254,0.0,1.241750310008599,0.0,0.08434882760047913
2681.0,0.0254,0.0,1.241440974439063,0.0,0.08436479419469833
2681.3333333333335,0.0254,0.0,1.241440974439063,0.0,0.08437222987413406
2681.6666666666665,0.0254,0.0,1.241595642223831,0.0,0.08437537401914597
2682.0,0.0254,0.0,1.2418276439009828,0.0,0.08437635749578476
2682.3333333333335,0.0254,0.0,1.2421369794705184,0.0,0.08437519520521164
2682.6666666666665,0.0254,0.0,1.2421369794705184,0.0,0.084382563829422
2683.0,0.0254,0.0,1.2420596455781345,0.0,0.08439209312200546
2683.3333333333335,0.0254,0.0,1.2422916472552863,0.0,0.08439306169748306
2683.6666666666665,0.0254,0.0,1.2420596455781345,0.0,0.08440686762332916
2684.0,0.0254,0.0,1.2421369794705184,0.0,0.0844120904803276
2684.333333333333,0.0254,0.0,1.2422916472552863,0.0,0.08441516757011414
2684.666666666667,0.0254,0.0,1.242600982824822,0.0,0.08441394567489624
2685.0,0.0254,0.0,1.242523648932438,0.0,0.08442342281341553
2685.333333333333,0.0254,0.0,1.242600982824822,0.0,0.08442860841751099
2685.666666666667,0.0254,0.0,1.2427556506095898,0.0,0.08443163335323334
2686.0,0.0254,0.0,1.2429876522867416,0.0,0.08443251252174377
2686.3333333333335,0.0254,0.0,1.2431423200715095,0.0,0.08443551510572433
2686.6666666666665,0.0254,0.0,1.2432196539638933,0.0,0.08444064855575562
2687.0,0.0254,0.0,1.243528989533429,0.0,0.08443935960531235
2687.3333333333335,0.0254,0.0,1.243451655641045,0.0,0.08444876968860626
2687.6666666666665,0.0254,0.0,1.243606323425813,0.0,0.08445174992084503
2688.0,0.0254,0.0,1.2438383251029648,0.0,0.08445258438587189
2688.3333333333335,0.0254,0.0,1.2438383251029648,0.0,0.0844598338007927
2688.6666666666665,0.0254,0.0,1.2440703267801165,0.0,0.08446066081523895
2689.0,0.0254,0.0,1.2439929928877325,0.0,0.08447004109621048
2689.3333333333335,0.0254,0.0,1.2440703267801165,0.0,0.08447513729333878
2689.6666666666665,0.0254,0.0,1.2440703267801165,0.0,0.08448237180709839
2690.0,0.0254,0.0,1.2442249945648842,0.0,0.08448532968759537
2690.3333333333335,0.0254,0.0,1.2443796623496521,0.0,0.08448828756809235
2690.6666666666665,0.0254,0.0,1.244456996242036,0.0,0.08449338376522064
2691.0,0.0254,0.0,1.24453433013442,0.0,0.08449848741292953
2691.333333333333,0.0254,0.0,1.244611664026804,0.0,0.08450356870889664
2691.666666666667,0.0254,0.0,1.2449209995963395,0.0,0.08450222760438919
2692.0,0.0254,0.0,1.2452303351658753,0.0,0.08450088649988174
2692.333333333333,0.0254,0.0,1.245385002950643,0.0,0.08450385928153992
2692.666666666667,0.0254,0.0,1.2456943385201789,0.0,0.08450256288051605
2693.0,0.0254,0.0,1.2460810079820983,0.0,0.08449909836053848
2693.333333333333,0.0254,0.0,1.2463903435516341,0.0,0.08449778705835342
2693.666666666667,0.0254,0.0,1.2469316807983215,0.0,0.08449007570743561
2694.0,0.0254,0.0,1.2470090146907054,0.0,0.08449520915746689
2694.3333333333335,0.0254,0.0,1.2471636824754733,0.0,0.08449821919202805
2694.6666666666665,0.0254,0.0,1.247395684152625,0.0,0.08449911326169968
2695.0,0.0254,0.0,1.247550351937393,0.0,0.08450213819742203
2695.3333333333335,0.0254,0.0,1.2477823536145447,0.0,0.08450302481651306
2695.6666666666665,0.0254,0.0,1.2477823536145447,0.0,0.08451031893491745
2696.0,0.0254,0.0,1.2481690230764642,0.0,0.08450692147016525
2696.3333333333335,0.0254,0.0,1.248401024753616,0.0,0.08450780063867569
2696.6666666666665,0.0254,0.0,1.2485556925383838,0.0,0.08451082557439804
2697.0,0.0254,0.0,1.2491743636774553,0.0,0.0845009982585907
2697.3333333333335,0.0254,0.0,1.2494836992469909,0.0,0.08449973165988922
2697.6666666666665,0.0254,0.0,1.2496383670317588,0.0,0.08450271934270859
2698.0,0.0254,0.0,1.2501023703860623,0.0,0.08449718356132507
2698.3333333333335,0.0254,0.0,1.2499477026012944,0.0,0.0845087394118309
2698.6666666666665,0.0254,0.0,1.2499477026012944,0.0,0.0845160111784935
2699.0,0.0254,0.0,1.2501023703860623,0.0,0.08451902121305466
2699.333333333333,0.0254,0.0,1.250334372063214,0.0,0.0845198780298233
2699.666666666667,0.0254,0.0,1.250334372063214,0.0,0.08452713489532471
2700.0,0.0254,0.0,1.2507210415251335,0.0,0.08452372252941132
2700.333333333333,0.0254,0.0,1.2507983754175176,0.0,0.084528848528862
2700.666666666667,0.0254,0.0,1.2510303770946694,0.0,0.08452969044446945
2701.0,0.0254,0.0,1.2515717143413567,0.0,0.08452199399471283
2701.3333333333335,0.0254,0.0,1.2518037160185085,0.0,0.08452284336090088
2701.6666666666665,0.0254,0.0,1.2518810499108923,0.0,0.08452796190977097
2702.0,0.0254,0.0,1.2520357176956602,0.0,0.08453094214200974
2702.3333333333335,0.0254,0.0,1.2523450532651959,0.0,0.08452963829040527
2702.6666666666665,0.0254,0.0,1.2525770549423476,0.0,0.08453047275543213
2703.0,0.0254,0.0,1.2527317227271155,0.0,0.0845334380865097
2703.3333333333335,0.0254,0.0,1.2527317227271155,0.0,0.08454065769910812
2703.6666666666665,0.0254,0.0,1.2529637244042673,0.0,0.08454148471355438
2704.0,0.0254,0.0,1.253118392189035,0.0,0.08454442769289017
2704.3333333333335,0.0254,0.0,1.2533503938661867,0.0,0.08454523235559464
2704.6666666666665,0.0254,0.0,1.2533503938661867,0.0,0.08455244451761246
2705.0,0.0254,0.0,1.2534277277585708,0.0,0.08455751091241837
2705.3333333333335,0.0254,0.0,1.2535823955433385,0.0,0.08456046134233475
2705.6666666666665,0.0254,0.0,1.2534277277585708,0.0,0.08457192033529282
2706.0,0.0254,0.0,1.2533503938661867,0.0,0.08458124846220016
2706.333333333333,0.0254,0.0,1.2536597294357226,0.0,0.0845799371600151
2706.666666666667,0.0254,0.0,1.254123732790026,0.0,0.08457434922456741
2707.0,0.0254,0.0,1.2544330683595617,0.0,0.08457303047180176
2707.333333333333,0.0254,0.0,1.2546650700367135,0.0,0.08457385748624802
2707.666666666667,0.0254,0.0,1.2545877361443296,0.0,0.08458319306373596
2708.0,0.0254,0.0,1.2547424039290973,0.0,0.08458614349365234
2708.333333333333,0.0254,0.0,1.2546650700367135,0.0,0.08459547907114029
2708.666666666667,0.0254,0.0,1.2548197378214814,0.0,0.08459842205047607
2709.0,0.0254,0.0,1.255129073391017,0.0,0.08459709584712982
2709.3333333333335,0.0254,0.0,1.255129073391017,0.0,0.08460430800914764
2709.6666666666665,0.0254,0.0,1.2553610750681687,0.0,0.0846051424741745
2710.0,0.0254,0.0,1.2552064072834008,0.0,0.08461663126945496
2710.3333333333335,0.0254,0.0,1.255129073391017,0.0,0.08462599664926529
2710.6666666666665,0.0254,0.0,1.2552064072834008,0.0,0.08463111519813538
2711.0,0.0254,0.0,1.2554384089605526,0.0,0.08463194966316223
2711.3333333333335,0.0254,0.0,1.2552064072834008,0.0,0.0846455916762352
2711.6666666666665,0.0254,0.0,1.2553610750681687,0.0,0.08464857935905457
2712.0,0.0254,0.0,1.255283741175785,0.0,0.08465799689292908
2712.3333333333335,0.0254,0.0,1.2554384089605526,0.0,0.08466098457574844
2712.6666666666665,0.0254,0.0,1.2555930767453205,0.0,0.084663987159729
2713.0,0.0254,0.0,1.2556704106377043,0.0,0.08466913551092148
2713.3333333333335,0.0254,0.0,1.2557477445300884,0.0,0.08467426151037216
2713.6666666666665,0.0254,0.0,1.255902412314856,0.0,0.08467725664377213
2714.0,0.0254,0.0,1.2561344139920079,0.0,0.08467810600996017
2714.333333333333,0.0254,0.0,1.256057080099624,0.0,0.0846875011920929
2714.666666666667,0.0254,0.0,1.256057080099624,0.0,0.0846947431564331
2715.0,0.0254,0.0,1.2561344139920079,0.0,0.08469986915588379
2715.333333333333,0.0254,0.0,1.2562890817767758,0.0,0.08470285683870316
2715.666666666667,0.0254,0.0,1.2565984173463114,0.0,0.08470157533884048
2716.0,0.0254,0.0,1.2565984173463114,0.0,0.08470886945724487
2716.3333333333335,0.0254,0.0,1.2565210834539275,0.0,0.08471829444169998
2716.6666666666665,0.0254,0.0,1.2565210834539275,0.0,0.08472557365894318
2717.0,0.0254,0.0,1.2565210834539275,0.0,0.08473284542560577
2717.3333333333335,0.0254,0.0,1.2565984173463114,0.0,0.08473797887563705
2717.6666666666665,0.0254,0.0,1.2565984173463114,0.0,0.08474526554346085
2718.0,0.0254,0.0,1.2566757512386955,0.0,0.08475041389465332
2718.3333333333335,0.0254,0.0,1.2572944223777667,0.0,0.08474060148000717
2718.6666666666665,0.0254,0.0,1.2573717562701507,0.0,0.08474574238061905
2719.0,0.0254,0.0,1.2575264240549184,0.0,0.08474874496459961
2719.3333333333335,0.0254,0.0,1.2574490901625346,0.0,0.08475815504789352
2719.6666666666665,0.0254,0.0,1.2576037579473025,0.0,0.08476116508245468
2720.0,0.0254,0.0,1.257990427409222,0.0,0.08475776761770248
2720.3333333333335,0.0254,0.0,1.258067761301606,0.0,0.08476290106773376
2720.6666666666665,0.0254,0.0,1.2582997629787578,0.0,0.08476375788450241
2721.0,0.0254,0.0,1.2585317646559095,0.0,0.08476462215185165
2721.333333333333,0.0254,0.0,1.2586090985482934,0.0,0.08476974070072174
2721.666666666667,0.0254,0.0,1.2587637663330613,0.0,0.08477271348237991
2722.0,0.0254,0.0,1.2586864324406772,0.0,0.08478209376335144
2722.333333333333,0.0254,0.0,1.2588411002254452,0.0,0.08478505164384842
2722.666666666667,0.0254,0.0,1.2588411002254452,0.0,0.08479228615760803
2723.0,0.0254,0.0,1.258995768010213,0.0,0.08479522913694382
2723.333333333333,0.0254,0.0,1.259073101902597,0.0,0.08480030298233032
2723.666666666667,0.0254,0.0,1.258995768010213,0.0,0.08480966836214066
2724.0,0.0254,0.0,1.258918434117829,0.0,0.08481902629137039
2724.3333333333335,0.0254,0.0,1.259073101902597,0.0,0.08482196182012558
2724.6666666666665,0.0254,0.0,1.2588411002254452,0.0,0.08483559638261795
2725.0,0.0254,0.0,1.2586864324406772,0.0,0.08484708517789841
2725.3333333333335,0.0254,0.0,1.2587637663330613,0.0,0.08485215157270432
2725.6666666666665,0.0254,0.0,1.258995768010213,0.0,0.08485293388366699
2726.0,0.0254,0.0,1.2593824374721325,0.0,0.08484946191310883
2726.3333333333335,0.0254,0.0,1.2595371052569004,0.0,0.08485238254070282
2726.6666666666665,0.0254,0.0,1.2596917730416684,0.0,0.08485529571771622
2727.0,0.0254,0.0,1.2597691069340522,0.0,0.08486034721136093
2727.3333333333335,0.0254,0.0,1.259846440826436,0.0,0.08486539125442505
2727.6666666666665,0.0254,0.0,1.2600784425035878,0.0,0.08486617356538773
2728.0,0.0254,0.0,1.2603104441807396,0.0,0.0848669484257698
2728.3333333333335,0.0254,0.0,1.2606197797502754,0.0,0.08486557751893997
2728.6666666666665,0.0254,0.0,1.260929115319811,0.0,0.08486420661211014
2729.0,0.0254,0.0,1.2608517814274272,0.0,0.08487351983785629
2729.333333333333,0.0254,0.0,1.2611611169969628,0.0,0.08487211912870407
2729.666666666667,0.0254,0.0,1.2613931186741145,0.0,0.08487285673618317
2730.0,0.0254,0.0,1.2617024542436501,0.0,0.08487146347761154
2730.333333333333,0.0254,0.0,1.261857122028418,0.0,0.08487431704998016
2730.666666666667,0.0254,0.0,1.261934455920802,0.0,0.0848793238401413
2731.0,0.0254,0.0,1.2622437914903375,0.0,0.08487790077924728
2731.3333333333335,0.0254,0.0,1.2624757931674893,0.0,0.08487860858440399
2731.6666666666665,0.0254,0.0,1.2626304609522572,0.0,0.08488146215677261
2732.0,0.0254,0.0,1.262785128737025,0.0,0.08488430827856064
2732.3333333333335,0.0254,0.0,1.2630171304141768,0.0,0.08488501608371735
2732.6666666666665,0.0254,0.0,1.2634811337684804,0.0,0.0848793089389801
2733.0,0.0254,0.0,1.2634037998760963,0.0,0.08488854765892029
2733.3333333333335,0.0254,0.0,1.2634037998760963,0.0,0.08489564806222916
2733.6666666666665,0.0254,0.0,1.2632491320913286,0.0,0.08490701019763947
2734.0,0.0254,0.0,1.2633264659837125,0.0,0.08491197973489761
2734.3333333333335,0.0254,0.0,1.2634037998760963,0.0,0.08491694182157516
2734.6666666666665,0.0254,0.0,1.263790469338016,0.0,0.08491337299346924
2735.0,0.0254,0.0,1.2640998049075516,0.0,0.08491194993257523
2735.3333333333335,0.0254,0.0,1.263945137122784,0.0,0.08492333441972733
2735.6666666666665,0.0254,0.0,1.263790469338016,0.0,0.08493471890687943
2736.0,0.0254,0.0,1.2640998049075516,0.0,0.08493327349424362
2736.333333333333,0.0254,0.0,1.2641771387999357,0.0,0.08493825048208237
2736.666666666667,0.0254,0.0,1.2643318065847033,0.0,0.0849410817027092
2737.0,0.0254,0.0,1.2641771387999357,0.0,0.0849524512887001
2737.333333333333,0.0254,0.0,1.2640998049075516,0.0,0.08496169000864029
2737.666666666667,0.0254,0.0,1.2642544726923195,0.0,0.08496450632810593
2738.0,0.0254,0.0,1.2640998049075516,0.0,0.08497587591409683
2738.333333333333,0.0254,0.0,1.2642544726923195,0.0,0.08497868478298187
2738.666666666667,0.0254,0.0,1.2643318065847033,0.0,0.08498365432024002
2739.0,0.0254,0.0,1.2644864743694713,0.0,0.08498650044202805
2739.3333333333335,0.0254,0.0,1.264563808261855,0.0,0.08499147742986679
2739.6666666666665,0.0254,0.0,1.2646411421542392,0.0,0.08499645441770554
2740.0,0.0254,0.0,1.264873143831391,0.0,0.08499713987112045
2740.3333333333335,0.0254,0.0,1.2649504777237748,0.0,0.085002101957798
2740.6666666666665,0.0254,0.0,1.2644864743694713,0.0,0.08502203971147537
2741.0,0.0254,0.0,1.2644864743694713,0.0,0.08502912521362305
2741.3333333333335,0.0254,0.0,1.2644091404770874,0.0,0.08503834903240204
2741.6666666666665,0.0254,0.0,1.264873143831391,0.0,0.08503255993127823
2742.0,0.0254,0.0,1.2650278116161586,0.0,0.08503534644842148
2742.3333333333335,0.0254,0.0,1.2651824794009265,0.0,0.08503812551498413
2742.6666666666665,0.0254,0.0,1.2652598132933104,0.0,0.0850430577993393
2743.0,0.0254,0.0,1.2649504777237748,0.0,0.08505870401859283
2743.3333333333335,0.0254,0.0,1.2651051455085427,0.0,0.08506149798631668
2743.6666666666665,0.0254,0.0,1.2653371471856945,0.0,0.08506213128566742
2744.0,0.0254,0.0,1.26564648275523,0.0,0.08506064862012863
2744.333333333333,0.0254,0.0,1.2660331522171497,0.0,0.08505701273679733
2744.666666666667,0.0254,0.0,1.2662651538943015,0.0,0.08505766838788986
2745.0,0.0254,0.0,1.2664198216790692,0.0,0.0850604698061943
2745.333333333333,0.0254,0.0,1.266574489463837,0.0,0.08506326377391815
2745.666666666667,0.0254,0.0,1.2668064911409889,0.0,0.08506391197443008
2746.0,0.0254,0.0,1.2668064911409889,0.0,0.08507097512483597
2746.3333333333335,0.0254,0.0,1.2668838250333727,0.0,0.08507587760686874
2746.6666666666665,0.0254,0.0,1.2669611589257568,0.0,0.08508076518774033
2747.0,0.0254,0.0,1.2668064911409889,0.0,0.08509207516908646
2747.3333333333335,0.0254,0.0,1.2669611589257568,0.0,0.08509480208158493
2747.6666666666665,0.0254,0.0,1.2670384928181406,0.0,0.08509965240955353
2748.0,0.0254,0.0,1.2671931606029085,0.0,0.0851023718714714
2748.3333333333335,0.0254,0.0,1.2671158267105245,0.0,0.08511149138212204
2748.6666666666665,0.0254,0.0,1.2670384928181406,0.0,0.08512061834335327
2749.0,0.0254,0.0,1.2671158267105245,0.0,0.08512544631958008
2749.3333333333335,0.0254,0.0,1.2670384928181406,0.0,0.08513453602790833
2749.6666666666665,0.0254,0.0,1.2671158267105245,0.0,0.08513934910297394
2750.0,0.0254,0.0,1.267657163957212,0.0,0.08513126522302628
2750.3333333333335,0.0254,0.0,1.267657163957212,0.0,0.08513818681240082
2750.6666666666665,0.0254,0.0,1.2681211673115156,0.0,0.08513224869966507
2751.0,0.0254,0.0,1.2681985012038994,0.0,0.0851370319724083
2751.333333333333,0.0254,0.0,1.2681211673115156,0.0,0.08514608442783356
2751.666666666667,0.0254,0.0,1.2682758350962833,0.0,0.08514866977930069
2752.0,0.0254,0.0,1.2681985012038994,0.0,0.08515769988298416
2752.333333333333,0.0254,0.0,1.2681985012038994,0.0,0.08516456186771393
2752.666666666667,0.0254,0.0,1.2683531689886673,0.0,0.08516711741685867
2753.0,0.0254,0.0,1.2684305028810512,0.0,0.08517180383205414
2753.333333333333,0.0254,0.0,1.268507836773435,0.0,0.0851764902472496
2753.666666666667,0.0254,0.0,1.268585170665819,0.0,0.08518115431070328
2754.0,0.0254,0.0,1.2688171723429709,0.0,0.08518153429031372
2754.3333333333335,0.0254,0.0,1.2689718401277386,0.0,0.08518405258655548
2754.6666666666665,0.0254,0.0,1.2690491740201226,0.0,0.08518869429826736
2755.0,0.0254,0.0,1.2691265079125065,0.0,0.08519334346055984
2755.3333333333335,0.0254,0.0,1.2693585095896582,0.0,0.0851936861872673
2755.6666666666665,0.0254,0.0,1.2692811756972744,0.0,0.08520262688398361
2756.0,0.0254,0.0,1.2692811756972744,0.0,0.08520939946174622
2756.3333333333335,0.0254,0.0,1.269435843482042,0.0,0.08521188795566559
2756.6666666666665,0.0254,0.0,1.269745179051578,0.0,0.08521009981632233
2757.0,0.0254,0.0,1.269745179051578,0.0,0.08521687239408493
2757.3333333333335,0.0254,0.0,1.2699771807287297,0.0,0.0852172002196312
2757.6666666666665,0.0254,0.0,1.2700545146211135,0.0,0.08522183448076248
2758.0,0.0254,0.0,1.2702865162982653,0.0,0.08522216230630875
2758.3333333333335,0.0254,0.0,1.2698998468363456,0.0,0.08523964881896973
2758.6666666666665,0.0254,0.0,1.2699771807287297,0.0,0.08524424582719803
2759.0,0.0254,0.0,1.2698998468363456,0.0,0.08525313436985016
2759.333333333333,0.0254,0.0,1.2699771807287297,0.0,0.08525771647691727
2759.666666666667,0.0254,0.0,1.2698998468363456,0.0,0.0852665826678276
2760.0,0.0254,0.0,1.2702091824058814,0.0,0.08526472002267838
2760.333333333333,0.0254,0.0,1.2703638501906491,0.0,0.08526716381311417
2760.666666666667,0.0254,0.0,1.2704411840830332,0.0,0.08527174592018127
2761.0,0.0254,0.0,1.2705958518678009,0.0,0.08527417480945587
2761.3333333333335,0.0254,0.0,1.270518517975417,0.0,0.08528303354978561
2761.6666666666665,0.0254,0.0,1.2705958518678009,0.0,0.08528760075569153
2762.0,0.0254,0.0,1.2705958518678009,0.0,0.08529430627822876
2762.3333333333335,0.0254,0.0,1.270673185760185,0.0,0.08529886603355408
2762.6666666666665,0.0254,0.0,1.2707505196525688,0.0,0.0853034108877182
2763.0,0.0254,0.0,1.2709051874373367,0.0,0.08530580997467041
2763.3333333333335,0.0254,0.0,1.2712145230068723,0.0,0.085303895175457
2763.6666666666665,0.0254,0.0,1.271523858576408,0.0,0.08530198782682419
2764.0,0.0254,0.0,1.2716785263611758,0.0,0.0853043720126152
2764.3333333333335,0.0254,0.0,1.271601192468792,0.0,0.08531318604946136
2764.6666666666665,0.0254,0.0,1.271601192468792,0.0,0.08531986176967621
2765.0,0.0254,0.0,1.271601192468792,0.0,0.08532653003931046
2765.3333333333335,0.0254,0.0,1.271601192468792,0.0,0.0853331983089447
2765.6666666666665,0.0254,0.0,1.271523858576408,0.0,0.08534201979637146
2766.0,0.0254,0.0,1.2717558602535597,0.0,0.08534222841262817
2766.333333333333,0.0254,0.0,1.272297197500247,0.0,0.08533384650945663
2766.666666666667,0.0254,0.0,1.2722198636078632,0.0,0.0853426530957222
2767.0,0.0254,0.0,1.2722198636078632,0.0,0.08534929901361465
2767.333333333333,0.0254,0.0,1.2722198636078632,0.0,0.08535593748092651
2767.666666666667,0.0254,0.0,1.2722198636078632,0.0,0.08536258339881897
2768.0,0.0254,0.0,1.272451865285015,0.0,0.08536277711391449
2768.333333333333,0.0254,0.0,1.2725291991773988,0.0,0.08536726236343384
2768.666666666667,0.0254,0.0,1.2726065330697829,0.0,0.08537176251411438
2769.0,0.0254,0.0,1.2729158686393185,0.0,0.08536981046199799
2769.3333333333335,0.0254,0.0,1.2729158686393185,0.0,0.08537646383047104
2769.6666666666665,0.0254,0.0,1.2729932025317023,0.0,0.08538096398115158
2770.0,0.0254,0.0,1.2730705364240864,0.0,0.08538547903299332
2770.3333333333335,0.0254,0.0,1.273225204208854,0.0,0.08538784086704254
2770.6666666666665,0.0254,0.0,1.2734572058860059,0.0,0.08538807928562164
2771.0,0.0254,0.0,1.2737665414555417,0.0,0.08538616448640823
2771.3333333333335,0.0254,0.0,1.2734572058860059,0.0,0.08540146797895432
2771.6666666666665,0.0254,0.0,1.2734572058860059,0.0,0.08540819585323334
2772.0,0.0254,0.0,1.2733025381012382,0.0,0.08541923761367798
2772.3333333333335,0.0254,0.0,1.2740758770250773,0.0,0.08540447801351547
2772.6666666666665,0.0254,0.0,1.2741532109174611,0.0,0.08540908992290497
2773.0,0.0254,0.0,1.2742305448098452,0.0,0.08541370928287506
2773.3333333333335,0.0254,0.0,1.274307878702229,0.0,0.08541832119226456
2773.6666666666665,0.0254,0.0,1.274462546486997,0.0,0.08542077988386154
2774.0,0.0254,0.0,1.274462546486997,0.0,0.08542755246162415
2774.333333333333,0.0254,0.0,1.2746172142717647,0.0,0.08543001860380173
2774.666666666667,0.0254,0.0,1.274385212594613,0.0,0.08544325828552246
2775.0,0.0254,0.0,1.274462546486997,0.0,0.08544789999723434
2775.333333333333,0.0254,0.0,1.2746172142717647,0.0,0.08545038849115372
2775.666666666667,0.0254,0.0,1.2745398803793808,0.0,0.08545933663845062
2776.0,0.0254,0.0,1.2745398803793808,0.0,0.08546613901853561
2776.3333333333335,0.0254,0.0,1.2746945481641487,0.0,0.08546862006187439
2776.6666666666665,0.0254,0.0,1.2748492159489164,0.0,0.08547110110521317
2777.0,0.0254,0.0,1.2750812176260682,0.0,0.08547143638134003
2777.3333333333335,0.0254,0.0,1.2751585515184523,0.0,0.08547607809305191
2777.6666666666665,0.0254,0.0,1.275235885410836,0.0,0.0854807123541832
2778.0,0.0254,0.0,1.275235885410836,0.0,0.0854874774813652
2778.3333333333335,0.0254,0.0,1.2754678870879879,0.0,0.08548779785633087
2778.6666666666665,0.0254,0.0,1.2754678870879879,0.0,0.08549456298351288
2779.0,0.0254,0.0,1.275390553195604,0.0,0.0855034813284874
2779.3333333333335,0.0254,0.0,1.2758545565499075,0.0,0.08549733459949493
2779.6666666666665,0.0254,0.0,1.2758545565499075,0.0,0.08550410717725754
2780.0,0.0254,0.0,1.2760092243346752,0.0,0.08550656586885452
2780.3333333333335,0.0254,0.0,1.2760092243346752,0.0,0.08551333099603653
2780.6666666666665,0.0254,0.0,1.276241226011827,0.0,0.0855136290192604
2781.0,0.0254,0.0,1.2760092243346752,0.0,0.08552683889865875
2781.333333333333,0.0254,0.0,1.276318559904211,0.0,0.08552496880292892
2781.666666666667,0.0254,0.0,1.276395893796595,0.0,0.08552954345941544
2782.0,0.0254,0.0,1.2764732276889788,0.0,0.08553410321474075
2782.333333333333,0.0254,0.0,1.2767052293661305,0.0,0.08553437143564224
2782.666666666667,0.0254,0.0,1.2769372310432823,0.0,0.08553459495306015
2783.0,0.0254,0.0,1.277323900505202,0.0,0.08553054928779602
2783.333333333333,0.0254,0.0,1.2775559021823537,0.0,0.0855308324098587
2783.666666666667,0.0254,0.0,1.2777105699671216,0.0,0.08553323894739151
2784.0,0.0254,0.0,1.2778652377518893,0.0,0.08553566783666611
2784.3333333333335,0.0254,0.0,1.2777879038595055,0.0,0.08554451912641525
2784.6666666666665,0.0254,0.0,1.278251907213809,0.0,0.08553831279277802
2785.0,0.0254,0.0,1.278406574998577,0.0,0.08554070442914963
2785.3333333333335,0.0254,0.0,1.2786385766757287,0.0,0.08554093539714813
2785.6666666666665,0.0254,0.0,1.278406574998577,0.0,0.08555407077074051
2786.0,0.0254,0.0,1.2786385766757287,0.0,0.08555428683757782
2786.3333333333335,0.0254,0.0,1.2788705783528804,0.0,0.08555449545383453
2786.6666666666665,0.0254,0.0,1.2794119155995678,0.0,0.0855460986495018
2787.0,0.0254,0.0,1.2795665833843357,0.0,0.08554846793413162
2787.3333333333335,0.0254,0.0,1.2797985850614875,0.0,0.08554869145154953
2787.6666666666665,0.0254,0.0,1.2797985850614875,0.0,0.08555534482002258
2788.0,0.0254,0.0,1.2798759189538713,0.0,0.08555983752012253
2788.3333333333335,0.0254,0.0,1.2799532528462552,0.0,0.08556432276964188
2788.6666666666665,0.0254,0.0,1.280185254523407,0.0,0.0855644941329956
2789.0,0.0254,0.0,1.280262588415791,0.0,0.08556895703077316
2789.333333333333,0.0254,0.0,1.2804945900929428,0.0,0.0855690985918045
2789.666666666667,0.0254,0.0,1.2803399223081748,0.0,0.08557998389005661
2790.0,0.0254,0.0,1.2800305867386392,0.0,0.08559515327215195
2790.333333333333,0.0254,0.0,1.2803399223081748,0.0,0.08559311926364899
2790.666666666667,0.0254,0.0,1.2803399223081748,0.0,0.08559966087341309
2791.0,0.0254,0.0,1.2804172562005587,0.0,0.08560404926538467
2791.3333333333335,0.0254,0.0,1.2804945900929428,0.0,0.08560843020677567
2791.6666666666665,0.0254,0.0,1.2807265917700945,0.0,0.08560850471258163
2792.0,0.0254,0.0,1.2810359273396301,0.0,0.08560644090175629
2792.3333333333335,0.0254,0.0,1.2812679290167819,0.0,0.08560652285814285
2792.6666666666665,0.0254,0.0,1.2816545984787016,0.0,0.0856022909283638
2793.0,0.0254,0.0,1.282041267940621,0.0,0.08559805154800415
2793.3333333333335,0.0254,0.0,1.2823506035101568,0.0,0.08559596538543701
2793.6666666666665,0.0254,0.0,1.2827372729720763,0.0,0.08559172600507736
2794.0,0.0254,0.0,1.2827372729720763,0.0,0.08559821546077728
2794.3333333333335,0.0254,0.0,1.2832786102187637,0.0,0.085589699447155
2794.6666666666665,0.0254,0.0,1.2834332780035316,0.0,0.08559191226959229
2795.0,0.0254,0.0,1.2834332780035316,0.0,0.0855984166264534
2795.3333333333335,0.0254,0.0,1.2835106118959154,0.0,0.085602767765522
2795.6666666666665,0.0254,0.0,1.2838199474654512,0.0,0.08560069650411606
2796.0,0.0254,0.0,1.2837426135730672,0.0,0.08560933917760849
2796.333333333333,0.0254,0.0,1.283974615250219,0.0,0.08560939878225327
2796.666666666667,0.0254,0.0,1.2843612847121386,0.0,0.08560516685247421
2797.0,0.0254,0.0,1.2844386186045225,0.0,0.08560950309038162
2797.333333333333,0.0254,0.0,1.2845159524969065,0.0,0.08561383187770844
2797.666666666667,0.0254,0.0,1.2846706202816742,0.0,0.08561601489782333
2798.0,0.0254,0.0,1.28497995585121,0.0,0.0856139212846756
2798.333333333333,0.0254,0.0,1.284902621958826,0.0,0.08562251925468445
2798.666666666667,0.0254,0.0,1.285057289743594,0.0,0.08562467992305756
2799.0,0.0254,0.0,1.2854439592055136,0.0,0.08562042564153671
2799.3333333333335,0.0254,0.0,1.2854439592055136,0.0,0.08562689274549484
2799.6666666666665,0.0254,0.0,1.2856759608826653,0.0,0.08562694489955902
2800.0,0.0254,0.0,1.285830628667433,0.0,0.08562912791967392
2800.3333333333335,0.0254,0.0,1.2856759608826653,0.0,0.08563987165689468
2800.6666666666665,0.0254,0.0,1.2857532947750492,0.0,0.0856441929936409
2801.0,0.0254,0.0,1.2861399642369689,0.0,0.08563994616270065
2801.3333333333335,0.0254,0.0,1.2862172981293527,0.0,0.08564425259828568
2801.6666666666665,0.0254,0.0,1.2863719659141206,0.0,0.08564642071723938
2802.0,0.0254,0.0,1.2862172981293527,0.0,0.08565714210271835
2802.3333333333335,0.0254,0.0,1.2864492998065045,0.0,0.08565714210271835
2802.6666666666665,0.0254,0.0,1.2866039675912724,0.0,0.08565931022167206
2803.0,0.0254,0.0,1.2868359692684241,0.0,0.08565930277109146
2803.3333333333335,0.0254,0.0,1.286913303160808,0.0,0.08566358685493469
2803.6666666666665,0.0254,0.0,1.2869906370531918,0.0,0.08566787093877792
2804.0,0.0254,0.0,1.2872226387303436,0.0,0.08566787093877792
2804.333333333333,0.0254,0.0,1.2875319742998794,0.0,0.0856657475233078
2804.666666666667,0.0254,0.0,1.2875319742998794,0.0,0.08567219972610474
2805.0,0.0254,0.0,1.2876866420846471,0.0,0.08567438274621964
2805.333333333333,0.0254,0.0,1.2877639759770312,0.0,0.08567868173122406
2805.666666666667,0.0254,0.0,1.287841309869415,0.0,0.08568298071622849
2806.0,0.0254,0.0,1.2879186437617989,0.0,0.08568727970123291
2806.3333333333335,0.0254,0.0,1.287995977654183,0.0,0.08569160848855972
2806.6666666666665,0.0254,0.0,1.287995977654183,0.0,0.08569807559251785
2807.0,0.0254,0.0,1.2881506454389506,0.0,0.08570024371147156
2807.3333333333335,0.0254,0.0,1.2882279793313347,0.0,0.08570457249879837
2807.6666666666665,0.0254,0.0,1.2883826471161024,0.0,0.08570675551891327
2808.0,0.0254,0.0,1.2883053132237186,0.0,0.08571534603834152
2808.3333333333335,0.0254,0.0,1.2885373149008703,0.0,0.08571536093950272
2808.6666666666665,0.0254,0.0,1.2886919826856382,0.0,0.08571752160787582
2809.0,0.0254,0.0,1.2886919826856382,0.0,0.08572397381067276
2809.3333333333335,0.0254,0.0,1.28892398436279,0.0,0.08572397381067276
2809.6666666666665,0.0254,0.0,1.2890786521475577,0.0,0.08572614192962646
2810.0,0.0254,0.0,1.2891559860399417,0.0,0.08573045581579208
2810.3333333333335,0.0254,0.0,1.2891559860399417,0.0,0.08573693782091141
2810.6666666666665,0.0254,0.0,1.2890786521475577,0.0,0.08574555069208145
2811.0,0.0254,0.0,1.2892333199323256,0.0,0.08574774116277695
2811.333333333333,0.0254,0.0,1.2890013182551738,0.0,0.08576065301895142
2811.666666666667,0.0254,0.0,1.2891559860399417,0.0,0.08576285094022751
2812.0,0.0254,0.0,1.2891559860399417,0.0,0.08576935529708862
2812.333333333333,0.0254,0.0,1.2893879877170935,0.0,0.08576943725347519
2812.666666666667,0.0254,0.0,1.2893106538247094,0.0,0.08577807992696762
2813.0,0.0254,0.0,1.2896199893942453,0.0,0.08577600121498108
2813.333333333333,0.0254,0.0,1.2895426555018612,0.0,0.08578468859195709
2813.666666666667,0.0254,0.0,1.289851991071397,0.0,0.08578265458345413
2814.0,0.0254,0.0,1.2899293249637809,0.0,0.08578705787658691
2814.3333333333335,0.0254,0.0,1.2900066588561647,0.0,0.08579147607088089
2814.6666666666665,0.0254,0.0,1.2903159944257006,0.0,0.08578948676586151
2815.0,0.0254,0.0,1.290857331672388,0.0,0.08578106760978699
2815.3333333333335,0.0254,0.0,1.29070266388762,0.0,0.08579196035861969
2815.6666666666665,0.0254,0.0,1.29070266388762,0.0,0.08579860627651215
2816.0,0.0254,0.0,1.2909346655647718,0.0,0.08579881489276886
2816.3333333333335,0.0254,0.0,1.2910119994571558,0.0,0.08580332249403
2816.6666666666665,0.0254,0.0,1.2909346655647718,0.0,0.08581211417913437
2817.0,0.0254,0.0,1.2911666672419235,0.0,0.08581233769655228
2817.3333333333335,0.0254,0.0,1.2912440011343076,0.0,0.08581684529781342
2817.6666666666665,0.0254,0.0,1.2913986689190753,0.0,0.08581922203302383
2818.0,0.0254,0.0,1.2911666672419235,0.0,0.08583232760429382
2818.3333333333335,0.0254,0.0,1.2912440011343076,0.0,0.08583685755729675
2818.6666666666665,0.0254,0.0,1.2912440011343076,0.0,0.0858435332775116
2819.0,0.0254,0.0,1.2912440011343076,0.0,0.08585021644830704
2819.333333333333,0.0254,0.0,1.2912440011343076,0.0,0.08585689961910248
2819.666666666667,0.0254,0.0,1.2913213350266914,0.0,0.08586142957210541
2820.0,0.0254,0.0,1.2912440011343076,0.0,0.08587025105953217
2820.333333333333,0.025258888888888883,0.0,1.2913986689190753,0.0,0.08587262034416199
2820.666666666667,0.025117777777777774,0.0,1.2914760028114594,0.0,0.08587712794542313
2821.0,0.024976666666666664,0.0,1.2914760028114594,0.0,0.08588378876447678
2821.3333333333335,0.02483555555555555,0.0,1.2914760028114594,0.0,0.08589042723178864
2821.6666666666665,0.024694444444444442,0.0,1.2912440011343076,0.0,0.08590351790189743
2822.0,0.02455333333333333,0.0,1.2913986689190753,0.0,0.08590585738420486
2822.3333333333335,0.024412222222222217,0.0,1.2913213350266914,0.0,0.08591462671756744
2822.6666666666665,0.024271111111111108,0.0,1.2910893333495397,0.0,0.08592769503593445
2823.0,0.02413,0.0,1.2911666672419235,0.0,0.085932157933712
2823.3333333333335,0.023988888888888886,0.0,1.2913986689190753,0.0,0.08593229949474335
2823.6666666666665,0.023847777777777773,0.0,1.291630670596227,0.0,0.08593243360519409
2824.0,0.02370666666666666,0.0,1.2915533367038432,0.0,0.08594116568565369
2824.3333333333335,0.023565555555555555,0.0,1.2919400061657629,0.0,0.08593698590993881
2824.6666666666665,0.023424444444444442,0.0,1.2920173400581467,0.0,0.08594141155481339
2825.0,0.02328333333333333,0.0,1.2924813434124502,0.0,0.0859350636601448
2825.3333333333335,0.02314222222222222,0.0,1.2926360111972182,0.0,0.08593730628490448
2825.6666666666665,0.023001111111111108,0.0,1.2926360111972182,0.0,0.08594382554292679
2826.0,0.022859999999999995,0.0,1.2927906789819859,0.0,0.08594604581594467
2826.333333333333,0.022718888888888886,0.0,1.2931000145515217,0.0,0.08594392985105515
2826.666666666667,0.022577777777777773,0.0,1.2932546823362894,0.0,0.08594612032175064
2827.0,0.022436666666666664,0.0,1.2934093501210573,0.0,0.08594827353954315
2827.333333333333,0.02229555555555555,0.0,1.2934093501210573,0.0,0.08595476299524307
2827.666666666667,0.022154444444444442,0.0,1.2934093501210573,0.0,0.0859612375497818
2828.0,0.022013333333333333,0.0,1.293641351798209,0.0,0.0859612450003624
2828.333333333333,0.021872222222222217,0.0,1.2941053551525126,0.0,0.08595479279756546
2828.666666666667,0.021731111111111107,0.0,1.2943373568296643,0.0,0.08595477044582367
2829.0,0.021589999999999998,0.0,1.2944146907220482,0.0,0.08595902472734451
2829.3333333333335,0.021448888888888885,0.0,1.2948013601839679,0.0,0.0859546884894371
2829.6666666666665,0.021307777777777776,0.0,1.2950333618611196,0.0,0.08595464378595352
2830.0,0.021166666666666663,0.0,1.2950333618611196,0.0,0.08596101403236389
2830.3333333333335,0.02102555555555555,0.0,1.2952653635382714,0.0,0.08596093952655792
2830.6666666666665,0.02088444444444444,0.0,1.2950333618611196,0.0,0.08597373217344284
2831.0,0.02074333333333333,0.0,1.2951106957535035,0.0,0.08597791939973831
2831.3333333333335,0.020602222222222223,0.0,1.2953426974306552,0.0,0.08597780019044876
2831.6666666666665,0.020461111111111107,0.0,1.295574699107807,0.0,0.0859776958823204
2832.0,0.020319999999999994,0.0,1.295574699107807,0.0,0.0859840139746666
2832.3333333333335,0.02017888888888889,0.0,1.296348038031646,0.0,0.08596885949373245
2832.6666666666665,0.020037777777777776,0.0,1.2964253719240302,0.0,0.08597300946712494
2833.0,0.019896666666666663,0.0,1.2964253719240302,0.0,0.08597929775714874
2833.3333333333335,0.01975555555555555,0.0,1.2967347074935658,0.0,0.0859769731760025
2833.6666666666665,0.019614444444444438,0.0,1.2969667091707175,0.0,0.08597679436206818
2834.0,0.019473333333333332,0.0,1.2970440430631014,0.0,0.08598089218139648
2834.333333333333,0.01933222222222222,0.0,1.2970440430631014,0.0,0.08598712086677551
2834.666666666667,0.01919111111111111,0.0,1.2973533786326372,0.0,0.08598475903272629
2835.0,0.019049999999999997,0.0,1.2971987108478693,0.0,0.08599526435136795
2835.333333333333,0.018908888888888885,0.0,1.2972760447402532,0.0,0.08599931746721268
2835.666666666667,0.018767777777777776,0.0,1.297585380309789,0.0,0.08599693328142166
2836.0,0.018626666666666663,0.0,1.2976627142021728,0.0,0.08600097894668579
2836.3333333333335,0.018485555555555554,0.0,1.2980493836640925,0.0,0.08599644154310226
2836.6666666666665,0.01834444444444444,0.0,1.2980493836640925,0.0,0.08600262552499771
2837.0,0.018203333333333332,0.0,1.2980493836640925,0.0,0.08600882440805435
2837.3333333333335,0.01806222222222222,0.0,1.2981267175564764,0.0,0.08601287007331848
2837.6666666666665,0.01792111111111111,0.0,1.2979720497717084,0.0,0.08602334558963776
2838.0,0.017779999999999997,0.0,1.2982040514488602,0.0,0.08602309972047806
2838.3333333333335,0.017638888888888885,0.0,1.2983587192336281,0.0,0.08602499961853027
2838.6666666666665,0.017497777777777775,0.0,1.298436053126012,0.0,0.0860290378332138
2839.0,0.017356666666666663,0.0,1.298436053126012,0.0,0.08603521436452866
2839.3333333333335,0.017215555555555557,0.0,1.2988227225879316,0.0,0.08603066951036453
2839.6666666666665,0.017074444444444444,0.0,1.2988227225879316,0.0,0.08603687584400177
2840.0,0.016933333333333328,0.0,1.2988227225879316,0.0,0.08604306727647781
2840.3333333333335,0.01679222222222222,0.0,1.2989773903726995,0.0,0.08604497462511063
2840.6666666666665,0.016651111111111106,0.0,1.2988227225879316,0.0,0.0860554575920105
2841.0,0.01651,0.0,1.2987453886955478,0.0,0.08606380224227905
2841.333333333333,0.016368888888888888,0.0,1.2989000564803155,0.0,0.08606568723917007
2841.666666666667,0.016227777777777775,0.0,1.2990547242650834,0.0,0.0860675796866417
2842.0,0.016086666666666666,0.0,1.2989773903726995,0.0,0.08607591688632965
2842.333333333333,0.015945555555555553,0.0,1.2992093920498513,0.0,0.08607564121484756
2842.666666666667,0.015804444444444444,0.0,1.299441393727003,0.0,0.08607538044452667
2843.0,0.01566333333333333,0.0,1.299518727619387,0.0,0.0860794261097908
2843.333333333333,0.01552222222222222,0.0,1.299518727619387,0.0,0.08608561754226685
2843.666666666667,0.01538111111111111,0.0,1.2997507292965387,0.0,0.08608538657426834
2844.0,0.01524,0.0,1.2998280631889225,0.0,0.08608943969011307
2844.3333333333335,0.015098888888888887,0.0,1.2997507292965387,0.0,0.08609779179096222
2844.6666666666665,0.014957777777777775,0.0,1.2997507292965387,0.0,0.08610397577285767
2845.0,0.014816666666666664,0.0,1.2997507292965387,0.0,0.0861101821064949
2845.3333333333335,0.014675555555555551,0.0,1.2995960615117708,0.0,0.08612067252397537
2845.6666666666665,0.014534444444444444,0.0,1.2995960615117708,0.0,0.08612687140703201
2846.0,0.014393333333333331,0.0,1.2996733954041548,0.0,0.08613090217113495
2846.3333333333335,0.014252222222222222,0.0,1.2995960615117708,0.0,0.08613923192024231
2846.6666666666665,0.01411111111111111,0.0,1.2997507292965387,0.0,0.08614109456539154
2847.0,0.013969999999999998,0.0,1.2995960615117708,0.0,0.08615156263113022
2847.3333333333335,0.013828888888888887,0.0,1.2997507292965387,0.0,0.08615341782569885
2847.6666666666665,0.013687777777777773,0.0,1.2996733954041548,0.0,0.08616171777248383
2848.0,0.013546666666666665,0.0,1.2996733954041548,0.0,0.08616788685321808
2848.3333333333335,0.013405555555555554,0.0,1.2996733954041548,0.0,0.08617407828569412
2848.6666666666665,0.013264444444444443,0.0,1.2999053970813066,0.0,0.08617380261421204
2849.0,0.01312333333333333,0.0,1.2999053970813066,0.0,0.08617997169494629
2849.333333333333,0.01298222222222222,0.0,1.3000600648660743,0.0,0.08618184179067612
2849.666666666667,0.012841111111111109,0.0,1.3002147326508422,0.0,0.08618369698524475
2850.0,0.0127,0.0,1.3005240682203778,0.0,0.08618124574422836
2850.333333333333,0.012558888888888887,0.0,1.300446734327994,0.0,0.08618958294391632
2850.666666666667,0.012417777777777776,0.0,1.3006787360051457,0.0,0.08618929237127304
2851.0,0.012276666666666665,0.0,1.3007560698975296,0.0,0.08619329333305359
2851.3333333333335,0.012135555555555554,0.0,1.3007560698975296,0.0,0.08619944751262665
2851.6666666666665,0.011994444444444443,0.0,1.3009880715746813,0.0,0.08619914203882217
2852.0,0.01185333333333333,0.0,1.3009880715746813,0.0,0.08620528131723404
2852.3333333333335,0.01171222222222222,0.0,1.3010654054670654,0.0,0.0862092599272728
2852.6666666666665,0.01157111111111111,0.0,1.301220073251833,0.0,0.08621108531951904
2853.0,0.011429999999999997,0.0,1.301220073251833,0.0,0.08621720224618912
2853.3333333333335,0.011288888888888887,0.0,1.301220073251833,0.0,0.08622331917285919
2853.6666666666665,0.011147777777777777,0.0,1.3012974071442172,0.0,0.08622727543115616
2854.0,0.011006666666666666,0.0,1.301374741036601,0.0,0.08623121678829193
2854.3333333333335,0.010865555555555554,0.0,1.3016067427137528,0.0,0.08623085170984268
2854.6666666666665,0.010724444444444441,0.0,1.3016067427137528,0.0,0.08623693138360977
2855.0,0.010583333333333332,0.0,1.3019934121756724,0.0,0.08623223751783371
2855.3333333333335,0.01044222222222222,0.0,1.3021480799604401,0.0,0.08623398095369339
2855.6666666666665,0.01030111111111111,0.0,1.302380081637592,0.0,0.08623358607292175
2856.0,0.010159999999999999,0.0,1.3025347494223598,0.0,0.08623532205820084
2856.333333333333,0.010018888888888888,0.0,1.3026894172071277,0.0,0.08623707294464111
2856.666666666667,0.009877777777777775,0.0,1.3026894172071277,0.0,0.08624312281608582
2857.0,0.009736666666666664,0.0,1.3026120833147437,0.0,0.08625131100416183
2857.333333333333,0.009595555555555555,0.0,1.3025347494223598,0.0,0.08625950664281845
2857.666666666667,0.009454444444444442,0.0,1.3028440849918954,0.0,0.08625694364309311
2858.0,0.009313333333333331,0.0,1.303230754453815,0.0,0.08625222742557526
2858.333333333333,0.009172222222222222,0.0,1.3036174239157348,0.0,0.0862475112080574
2858.666666666667,0.00903111111111111,0.0,1.3037720917005025,0.0,0.08624928444623947
2859.0,0.008889999999999999,0.0,1.3039267594852704,0.0,0.08625104278326035
2859.3333333333335,0.008748888888888886,0.0,1.3040040933776542,0.0,0.08625499159097672
2859.6666666666665,0.008607777777777778,0.0,1.3043134289471898,0.0,0.08625250309705734
2860.0,0.008466666666666664,0.0,1.3040040933776542,0.0,0.08626723289489746
2860.3333333333335,0.008325555555555553,0.0,1.3039267594852704,0.0,0.08627551048994064
2860.6666666666665,0.008184444444444446,0.0,1.3038494255928863,0.0,0.08628380298614502
2861.0,0.008043333333333333,0.0,1.3036947578081186,0.0,0.08629424124956131
2861.3333333333335,0.007902222222222222,0.0,1.3037720917005025,0.0,0.08629822731018066
2861.6666666666665,0.007761111111111108,0.0,1.3038494255928863,0.0,0.08630221337080002
2862.0,0.00762,0.0,1.3039267594852704,0.0,0.08630619943141937
2862.3333333333335,0.007478888888888887,0.0,1.3040040933776542,0.0,0.08631020039319992
2862.6666666666665,0.0073377777777777755,0.0,1.3040040933776542,0.0,0.08631635457277298
2863.0,0.007196666666666666,0.0,1.3039267594852704,0.0,0.08632464706897736
2863.3333333333335,0.007055555555555555,0.0,1.3043134289471898,0.0,0.08632002770900726
2863.6666666666665,0.0069144444444444435,0.0,1.304236095054806,0.0,0.08632833510637283
2864.0,0.006773333333333331,0.0,1.3043134289471898,0.0,0.08633233606815338
2864.333333333333,0.006632222222222222,0.0,1.3045454306243416,0.0,0.08633202314376831
2864.666666666667,0.00649111111111111,0.0,1.3047000984091095,0.0,0.08633388578891754
2865.0,0.006349999999999999,0.0,1.3049321000862613,0.0,0.08633358776569366
2865.333333333333,0.00620888888888889,0.0,1.3047774323014933,0.0,0.08634405583143234
2865.666666666667,0.006067777777777778,0.0,1.3048547661938774,0.0,0.08634808659553528
2866.0,0.005926666666666665,0.0,1.305164101763413,0.0,0.08634565025568008
2866.3333333333335,0.005785555555555553,0.0,1.3053961034405648,0.0,0.08634538948535919
2866.6666666666665,0.005644444444444444,0.0,1.3055507712253327,0.0,0.08634728193283081
2867.0,0.005503333333333333,0.0,1.3057827729024845,0.0,0.08634703606367111
2867.3333333333335,0.0053622222222222205,0.0,1.3060147745796362,0.0,0.08634679019451141
2867.6666666666665,0.005221111111111109,0.0,1.3059374406872521,0.0,0.08635514974594116
2868.0,0.0050799999999999994,0.0,1.3057827729024845,0.0,0.08636566996574402
2868.3333333333335,0.004938888888888888,0.0,1.3059374406872521,0.0,0.08636757731437683
2868.6666666666665,0.004797777777777777,0.0,1.3064014440415557,0.0,0.086360864341259
2869.0,0.0046566666666666675,0.0,1.3064787779339397,0.0,0.08636492490768433
2869.3333333333335,0.004515555555555555,0.0,1.3066334457187074,0.0,0.08636683970689774
2869.6666666666665,0.004374444444444443,0.0,1.3068654473958592,0.0,0.08636660128831863
2870.0,0.004233333333333331,0.0,1.3068654473958592,0.0,0.08637280762195587
2870.3333333333335,0.004092222222222223,0.0,1.307020115180627,0.0,0.08637470006942749
2870.6666666666665,0.003951111111111111,0.0,1.307174782965395,0.0,0.0863766074180603
2871.0,0.0038099999999999983,0.0,1.3072521168577789,0.0,0.08638065308332443
2871.333333333333,0.0036688888888888895,0.0,1.3072521168577789,0.0,0.08638689666986465
2871.666666666667,0.0035277777777777777,0.0,1.3073294507501627,0.0,0.08639097958803177
2872.0,0.0033866666666666654,0.0,1.3074067846425468,0.0,0.08639506250619888
2872.333333333333,0.0032455555555555536,0.0,1.3075614524273145,0.0,0.08639698475599289
2872.666666666667,0.003104444444444445,0.0,1.3077934541044662,0.0,0.08639675378799438
2873.0,0.0029633333333333326,0.0,1.3078707879968503,0.0,0.0864008292555809
2873.333333333333,0.002822222222222221,0.0,1.3077934541044662,0.0,0.08640921115875244
2873.666666666667,0.002681111111111112,0.0,1.3078707879968503,0.0,0.08641326427459717
2874.0,0.0025399999999999997,0.0,1.3078707879968503,0.0,0.08641945570707321
2874.3333333333335,0.0023988888888888883,0.0,1.3077161202120824,0.0,0.08642996102571487
2874.6666666666665,0.002257777777777776,0.0,1.3077161202120824,0.0,0.08643614500761032
2875.0,0.002116666666666667,0.0,1.3074841185349306,0.0,0.0864487737417221
2875.3333333333335,0.0019755555555555555,0.0,1.3074841185349306,0.0,0.08645492047071457
2875.6666666666665,0.0018344444444444432,0.0,1.3075614524273145,0.0,0.08645891398191452
2876.0,0.0016933333333333342,0.0,1.3074841185349306,0.0,0.0864672139286995
2876.3333333333335,0.0015522222222222224,0.0,1.3075614524273145,0.0,0.08647117018699646
2876.6666666666665,0.0014111111111111106,0.0,1.3076387863196985,0.0,0.08647513389587402
2877.0,0.0012699999999999983,0.0,1.3077934541044662,0.0,0.08647691458463669
2877.3333333333335,0.0011288888888888896,0.0,1.3077161202120824,0.0,0.08648516237735748
2877.6666666666665,0.0009877777777777777,0.0,1.3076387863196985,0.0,0.08649338781833649
2878.0,0.0008466666666666656,0.0,1.3076387863196985,0.0,0.08649944514036179
2878.3333333333335,0.0007055555555555567,0.0,1.3075614524273145,0.0,0.086507648229599
2878.6666666666665,0.0005644444444444448,0.0,1.3077161202120824,0.0,0.0865093469619751
2879.0,0.0004233333333333328,0.0,1.3078707879968503,0.0,0.0865110233426094
2879.333333333333,0.0002822222222222209,0.0,1.308025455781618,0.0,0.08651270717382431
2879.666666666667,0.00014111111111111193,0.0,1.3082574574587698,0.0,0.08651220053434372
2880.0,0.0,0.0,1.3083347913511538,0.0,0.08651600778102875
2880.333333333333,0.0,0.0,1.3084121252435377,0.0,0.08651981502771378
2880.666666666667,0.0,0.0,1.3084121252435377,0.0,0.08652574568986893
2881.0,0.0,0.0,1.3082574574587698,0.0,0.08653600513935089
2881.3333333333335,0.0,0.0,1.308180123566386,0.0,0.08654406666755676
2881.6666666666665,0.0,0.0,1.308180123566386,0.0,0.08654998987913132
2882.0,0.0,0.0,1.3085667930283056,0.0,0.08654507994651794
2882.3333333333335,0.0,0.0,1.3085667930283056,0.0,0.08655097335577011
2882.6666666666665,0.0,0.0,1.3086441269206894,0.0,0.08655471354722977
2883.0,0.0,0.0,1.3087987947054573,0.0,0.08655627816915512
2883.3333333333335,0.0,0.0,1.308953462490225,0.0,0.08655785024166107
2883.6666666666665,0.0,0.0,1.309030796382609,0.0,0.08656156808137894
2884.0,0.0,0.0,1.3088761285978412,0.0,0.08657176047563553
2884.3333333333335,0.0,0.0,1.3086441269206894,0.0,0.08658409863710403
2884.6666666666665,0.0,0.0,1.3087987947054573,0.0,0.086585633456707
2885.0,0.0,0.0,1.3088761285978412,0.0,0.08658931404352188
2885.3333333333335,0.0,0.0,1.308953462490225,0.0,0.08659300208091736
2885.6666666666665,0.0,0.0,1.309030796382609,0.0,0.08659668266773224
2886.0,0.0,0.0,1.308953462490225,0.0,0.08660467714071274
2886.333333333333,0.0,0.0,1.3094174658445286,0.0,0.08659755438566208
2886.666666666667,0.0,0.0,1.3094174658445286,0.0,0.08660341054201126
2887.0,0.0,0.0,1.3094947997369126,0.0,0.08660710602998734
2887.333333333333,0.0,0.0,1.3092627980597609,0.0,0.08661948889493942
2887.666666666667,0.0,0.0,1.3093401319521447,0.0,0.08662320673465729
2888.0,0.0,0.0,1.3097268014140644,0.0,0.08661828935146332
2888.333333333333,0.0,0.0,1.3097268014140644,0.0,0.08662421256303787
2888.666666666667,0.0,0.0,1.3100361369836,0.0,0.0866214856505394
2889.0,0.0,0.0,1.3100361369836,0.0,0.08662740886211395
2889.3333333333335,0.0,0.0,1.3101134708759838,0.0,0.086631178855896
2889.6666666666665,0.0,0.0,1.3098041353064482,0.0,0.08664575964212418
2890.0,0.0,0.0,1.309881469198832,0.0,0.08664952963590622
2890.3333333333335,0.0,0.0,1.3099588030912162,0.0,0.08665330708026886
2890.6666666666665,0.0,0.0,1.3103454725531356,0.0,0.08664842694997787
2891.0,0.0,0.0,1.3105001403379035,0.0,0.08665004372596741
2891.3333333333335,0.0,0.0,1.3108094759074391,0.0,0.08664733171463013
2891.6666666666665,0.0,0.0,1.3110414775845909,0.0,0.08664680272340775
2892.0,0.0,0.0,1.3111961453693588,0.0,0.08664843440055847
2892.3333333333335,0.0,0.0,1.3112734792617426,0.0,0.0866522565484047
2892.6666666666665,0.0,0.0,1.3114281470465106,0.0,0.0866539254784584
2893.0,0.0,0.0,1.3115828148312785,0.0,0.08665558695793152
2893.3333333333335,0.0,0.0,1.3116601487236623,0.0,0.08665940165519714
2893.6666666666665,0.0,0.0,1.3116601487236623,0.0,0.08666536957025528
2894.0,0.0,0.0,1.3116601487236623,0.0,0.08667135238647461
2894.333333333333,0.0,0.0,1.3116601487236623,0.0,0.08667734265327454
2894.666666666667,0.0,0.0,1.311892150400814,0.0,0.08667684346437454
2895.0,0.0,0.0,1.3122014859703497,0.0,0.08667419105768204
2895.333333333333,0.0,0.0,1.3121241520779658,0.0,0.08668233454227448
2895.666666666667,0.0,0.0,1.3125108215398855,0.0,0.08667751401662827
2896.0,0.0,0.0,1.3126654893246532,0.0,0.08667916804552078
2896.3333333333335,0.0,0.0,1.3128201571094211,0.0,0.0866808220744133
2896.6666666666665,0.0,0.0,1.312897491001805,0.0,0.08668462187051773
2897.0,0.0,0.0,1.3130521587865729,0.0,0.08668625354766846
2897.3333333333335,0.0,0.0,1.3132068265713408,0.0,0.08668788522481918
2897.6666666666665,0.0,0.0,1.3133614943561085,0.0,0.08668950945138931
2898.0,0.0,0.0,1.3133614943561085,0.0,0.08669544756412506
2898.3333333333335,0.0,0.0,1.3134388282484926,0.0,0.0866992175579071
2898.6666666666665,0.0,0.0,1.3135934960332603,0.0,0.08670081943273544
2899.0,0.0,0.0,1.3136708299256443,0.0,0.0867045670747757
2899.3333333333335,0.0,0.0,1.31398016549518,0.0,0.08670181781053543
2899.6666666666665,0.0,0.0,1.3140574993875638,0.0,0.08670555055141449
2900.0,0.0,0.0,1.3140574993875638,0.0,0.08671142905950546
2900.3333333333335,0.0,0.0,1.3142121671723317,0.0,0.08671297878026962
2900.6666666666665,0.0,0.0,1.3142895010647155,0.0,0.0867166668176651
2901.0,0.0,0.0,1.3144441688494835,0.0,0.08671819418668747
2901.333333333333,0.0,0.0,1.3145215027418673,0.0,0.08672185242176056
2901.666666666667,0.0,0.0,1.3143668349570994,0.0,0.08673199266195297
2902.0,0.0,0.0,1.3142895010647155,0.0,0.08673994988203049
2902.333333333333,0.0,0.0,1.3142895010647155,0.0,0.0867457389831543
2902.666666666667,0.0,0.0,1.3143668349570994,0.0,0.0867493748664856
2903.0,0.0,0.0,1.3143668349570994,0.0,0.0867551788687706
2903.333333333333,0.0,0.0,1.3145215027418673,0.0,0.0867566391825676
2903.666666666667,0.0,0.0,1.3146761705266352,0.0,0.0867580994963646
2904.0,0.0,0.0,1.3145988366342511,0.0,0.08676603436470032
2904.3333333333335,0.0,0.0,1.314753504419019,0.0,0.08676747977733612
2904.6666666666665,0.0,0.0,1.3149855060961708,0.0,0.08676673471927643
2905.0,0.0,0.0,1.314908172203787,0.0,0.08677463978528976
2905.3333333333335,0.0,0.0,1.314830838311403,0.0,0.0867825448513031
2905.6666666666665,0.0,0.0,1.3151401738809387,0.0,0.08677961677312851
2906.0,0.0,0.0,1.3152175077733226,0.0,0.08678315579891205
2906.3333333333335,0.0,0.0,1.3152175077733226,0.0,0.08678887784481049
2906.6666666666665,0.0,0.0,1.3154495094504743,0.0,0.08678806573152542
2907.0,0.0,0.0,1.3155268433428582,0.0,0.08679157495498657
2907.3333333333335,0.0,0.0,1.315681511127626,0.0,0.08679291605949402
2907.6666666666665,0.0,0.0,1.315681511127626,0.0,0.08679857105016708
2908.0,0.0,0.0,1.31575884502001,0.0,0.08680207282304764
2908.3333333333335,0.0,0.0,1.31575884502001,0.0,0.0868077203631401
2908.6666666666665,0.0,0.0,1.3160681805895458,0.0,0.08680471777915955
2909.0,0.0,0.0,1.3161455144819296,0.0,0.0868082121014595
2909.333333333333,0.0,0.0,1.3160681805895458,0.0,0.08681602776050568
2909.666666666667,0.0,0.0,1.3161455144819296,0.0,0.08681950718164444
2910.0,0.0,0.0,1.3162228483743135,0.0,0.0868229866027832
2910.333333333333,0.0,0.0,1.3161455144819296,0.0,0.08683080971240997
2910.666666666667,0.0,0.0,1.3162228483743135,0.0,0.08683428168296814
2911.0,0.0,0.0,1.3163775161590814,0.0,0.08683560788631439
2911.3333333333335,0.0,0.0,1.3166095178362331,0.0,0.08683475852012634
2911.6666666666665,0.0,0.0,1.316686851728617,0.0,0.0868382379412651
2912.0,0.0,0.0,1.316841519513385,0.0,0.08683955669403076
2912.3333333333335,0.0,0.0,1.316841519513385,0.0,0.08684520423412323
2912.6666666666665,0.0,0.0,1.3170735211905367,0.0,0.08684434741735458
2913.0,0.0,0.0,1.3171508550829205,0.0,0.08684784919023514
2913.3333333333335,0.0,0.0,1.3171508550829205,0.0,0.0868535041809082
2913.6666666666665,0.0,0.0,1.3174601906524563,0.0,0.08685050904750824
2914.0,0.0,0.0,1.3174601906524563,0.0,0.0868561863899231
2914.3333333333335,0.0,0.0,1.317692192329608,0.0,0.08685536682605743
2914.6666666666665,0.0,0.0,1.3175375245448402,0.0,0.0868653729557991
2915.0,0.0,0.0,1.3178468601143758,0.0,0.08686240017414093
2915.3333333333335,0.0,0.0,1.3181561956839116,0.0,0.08685947209596634
2915.6666666666665,0.0,0.0,1.3182335295762955,0.0,0.08686303347349167
2916.0,0.0,0.0,1.3184655312534472,0.0,0.08686225861310959
2916.333333333333,0.0,0.0,1.3184655312534472,0.0,0.08686800301074982
2916.666666666667,0.0,0.0,1.3189295346077508,0.0,0.0868607833981514
2917.0,0.0,0.0,1.3187748668229828,0.0,0.08687085658311844
2917.333333333333,0.0,0.0,1.318697532930599,0.0,0.08687875419855118
2917.666666666667,0.0,0.0,1.318697532930599,0.0,0.0868845134973526
2918.0,0.0,0.0,1.318542865145831,0.0,0.08689457178115845
2918.333333333333,0.0,0.0,1.318542865145831,0.0,0.08690033107995987
2918.666666666667,0.0,0.0,1.318697532930599,0.0,0.08690176904201508
2919.0,0.0,0.0,1.318697532930599,0.0,0.0869075357913971
2919.3333333333335,0.0,0.0,1.318697532930599,0.0,0.08691330254077911
2919.6666666666665,0.0,0.0,1.3190068685001346,0.0,0.08691040426492691
2920.0,0.0,0.0,1.3189295346077508,0.0,0.08691833913326263
2920.3333333333335,0.0,0.0,1.3184655312534472,0.0,0.08693712204694748
2920.6666666666665,0.0,0.0,1.3187748668229828,0.0,0.08693424612283707
2921.0,0.0,0.0,1.318852200715367,0.0,0.08693786710500717
2921.3333333333335,0.0,0.0,1.3190068685001346,0.0,0.08693931996822357
2921.6666666666665,0.0,0.0,1.3190842023925187,0.0,0.08694294840097427
2922.0,0.0,0.0,1.3191615362849025,0.0,0.08694655448198318
2922.3333333333335,0.0,0.0,1.3192388701772864,0.0,0.0869501531124115
2922.6666666666665,0.0,0.0,1.3192388701772864,0.0,0.08695591986179352
2923.0,0.0,0.0,1.3193162040696704,0.0,0.08695950359106064
2923.3333333333335,0.0,0.0,1.3193935379620543,0.0,0.08696307241916656
2923.6666666666665,0.0,0.0,1.3199348752087416,0.0,0.08695364743471146
2924.0,0.0,0.0,1.319780207423974,0.0,0.0869637206196785
2924.333333333333,0.0,0.0,1.319625539639206,0.0,0.08697376400232315
2924.666666666667,0.0,0.0,1.3197028735315899,0.0,0.08697729557752609
2925.0,0.0,0.0,1.3198575413163578,0.0,0.08697867393493652
2925.333333333333,0.0,0.0,1.3198575413163578,0.0,0.08698435872793198
2925.666666666667,0.0,0.0,1.3198575413163578,0.0,0.08699002861976624
2926.0,0.0,0.0,1.3198575413163578,0.0,0.0869956985116005
2926.3333333333335,0.0,0.0,1.3201668768858934,0.0,0.08699269592761993
2926.6666666666665,0.0,0.0,1.3201668768858934,0.0,0.0869983658194542
2927.0,0.0,0.0,1.3202442107782775,0.0,0.08700186759233475
2927.3333333333335,0.0,0.0,1.3202442107782775,0.0,0.08700752258300781
2927.6666666666665,0.0,0.0,1.3203988785630452,0.0,0.08700883388519287
2928.0,0.0,0.0,1.320630880240197,0.0,0.08700796961784363
2928.3333333333335,0.0,0.0,1.3208628819173487,0.0,0.08700709789991379
2928.6666666666665,0.0,0.0,1.3208628819173487,0.0,0.08701271563768387
2929.0,0.0,0.0,1.3207855480249648,0.0,0.08702048659324646
2929.3333333333335,0.0,0.0,1.3209402158097328,0.0,0.08702173829078674
2929.6666666666665,0.0,0.0,1.3212495513792684,0.0,0.08701866865158081
2930.0,0.0,0.0,1.3211722174868845,0.0,0.08702642470598221
2930.3333333333335,0.0,0.0,1.3214042191640363,0.0,0.087025485932827
2930.6666666666665,0.0,0.0,1.3217135547335719,0.0,0.08702239394187927
2931.0,0.0,0.0,1.321636220841188,0.0,0.08703010529279709
2931.333333333333,0.0,0.0,1.3220228903031075,0.0,0.08702483028173447
2931.666666666667,0.0,0.0,1.3222548919802593,0.0,0.08702387660741806
2932.0,0.0,0.0,1.3222548919802593,0.0,0.08702939003705978
2932.333333333333,0.0,0.0,1.322641561442179,0.0,0.08702408522367477
2932.666666666667,0.0,0.0,1.3227962292269468,0.0,0.08702526241540909
2933.0,0.0,0.0,1.3229508970117145,0.0,0.0870264321565628
2933.333333333333,0.0,0.0,1.3232602325812504,0.0,0.0870232880115509
2933.666666666667,0.0,0.0,1.323414900366018,0.0,0.08702445030212402
2934.0,0.0,0.0,1.323569568150786,0.0,0.08702559769153595
2934.3333333333335,0.0,0.0,1.3236469020431698,0.0,0.08702889829874039
2934.6666666666665,0.0,0.0,1.3237242359355539,0.0,0.08703220635652542
2935.0,0.0,0.0,1.3238015698279377,0.0,0.08703550696372986
2935.3333333333335,0.0,0.0,1.3241109053974733,0.0,0.08703230321407318
2935.6666666666665,0.0,0.0,1.3241109053974733,0.0,0.08703774213790894
2936.0,0.0,0.0,1.3241882392898574,0.0,0.08704105019569397
2936.3333333333335,0.0,0.0,1.3241882392898574,0.0,0.08704651892185211
2936.6666666666665,0.0,0.0,1.3240335715050895,0.0,0.08705630153417587
2937.0,0.0,0.0,1.3241882392898574,0.0,0.0870574414730072
2937.3333333333335,0.0,0.0,1.3242655731822413,0.0,0.08706071972846985
2937.6666666666665,0.0,0.0,1.3239562376127056,0.0,0.08707483857870102
2938.0,0.0,0.0,1.324342907074625,0.0,0.08706948906183243
2938.3333333333335,0.0,0.0,1.324497574859393,0.0,0.08707062155008316
2938.6666666666665,0.0,0.0,1.3247295765365448,0.0,0.08706960082054138
2939.0,0.0,0.0,1.3248069104289286,0.0,0.08707288652658463
2939.333333333333,0.0,0.0,1.3249615782136965,0.0,0.08707401901483536
2939.666666666667,0.0,0.0,1.3251935798908483,0.0,0.08707297593355179
2940.0,0.0,0.0,1.3252709137832321,0.0,0.08707625418901443
2940.333333333333,0.0,0.0,1.325348247675616,0.0,0.08707952499389648
2940.666666666667,0.0,0.0,1.325348247675616,0.0,0.08708494901657104
2941.0,0.0,0.0,1.3256575832451518,0.0,0.08708172291517258
2941.3333333333335,0.0,0.0,1.3257349171375357,0.0,0.08708497136831284
2941.6666666666665,0.0,0.0,1.3258122510299195,0.0,0.08708822727203369
2942.0,0.0,0.0,1.3260442527070713,0.0,0.08708713948726654
2942.3333333333335,0.0,0.0,1.3258895849223036,0.0,0.08709686249494553
2942.6666666666665,0.0,0.0,1.3258122510299195,0.0,0.0871044173836708
2943.0,0.0,0.0,1.3261215865994553,0.0,0.08710115402936935
2943.3333333333335,0.0,0.0,1.3265082560613748,0.0,0.0870957300066948
2943.6666666666665,0.0,0.0,1.3265855899537589,0.0,0.08709894865751266
2944.0,0.0,0.0,1.3271269272004462,0.0,0.0870891883969307
2944.3333333333335,0.0,0.0,1.3271269272004462,0.0,0.08709456026554108
2944.6666666666665,0.0,0.0,1.3271269272004462,0.0,0.08709993958473206
2945.0,0.0,0.0,1.3270495933080624,0.0,0.08710747957229614
2945.3333333333335,0.0,0.0,1.3271269272004462,0.0,0.08711068332195282
2945.6666666666665,0.0,0.0,1.327513596662366,0.0,0.08710525929927826
2946.0,0.0,0.0,1.327358928877598,0.0,0.08711495995521545
2946.333333333333,0.0,0.0,1.32720426109283,0.0,0.08712467551231384
2946.666666666667,0.0,0.0,1.3271269272004462,0.0,0.08713226765394211
2947.0,0.0,0.0,1.3272815949852141,0.0,0.08713336288928986
2947.333333333333,0.0,0.0,1.327513596662366,0.0,0.0871322900056839
2947.666666666667,0.0,0.0,1.3275909305547497,0.0,0.08713553845882416
2948.0,0.0,0.0,1.3277455983395177,0.0,0.0871366336941719
2948.333333333333,0.0,0.0,1.3279776000166694,0.0,0.08713554590940475
2948.666666666667,0.0,0.0,1.3282096016938212,0.0,0.0871344581246376
2949.0,0.0,0.0,1.3283642694785889,0.0,0.08713553845882416
2949.3333333333335,0.0,0.0,1.328441603370973,0.0,0.08713877201080322
2949.6666666666665,0.0,0.0,1.328441603370973,0.0,0.0871441587805748
2950.0,0.0,0.0,1.3283642694785889,0.0,0.08715171366930008
2950.3333333333335,0.0,0.0,1.3283642694785889,0.0,0.08715708553791046
2950.6666666666665,0.0,0.0,1.328286935586205,0.0,0.08716461807489395
2951.0,0.0,0.0,1.328286935586205,0.0,0.08716998994350433
2951.3333333333335,0.0,0.0,1.3283642694785889,0.0,0.08717317879199982
2951.6666666666665,0.0,0.0,1.328441603370973,0.0,0.0871763750910759
2952.0,0.0,0.0,1.3283642694785889,0.0,0.087183877825737
2952.3333333333335,0.0,0.0,1.328441603370973,0.0,0.08718705922365189
2952.6666666666665,0.0,0.0,1.3285189372633568,0.0,0.08719022572040558
2953.0,0.0,0.0,1.3287509389405086,0.0,0.08718907088041306
2953.3333333333335,0.0,0.0,1.3287509389405086,0.0,0.08719439059495926
2953.6666666666665,0.0,0.0,1.3289829406176603,0.0,0.08719323575496674
2954.0,0.0,0.0,1.3289829406176603,0.0,0.08719857037067413
2954.333333333333,0.0,0.0,1.3289829406176603,0.0,0.08720389008522034
2954.666666666667,0.0,0.0,1.3290602745100442,0.0,0.08720705658197403
2955.0,0.0,0.0,1.3289829406176603,0.0,0.08721452206373215
2955.333333333333,0.0,0.0,1.329214942294812,0.0,0.08721332997083664
2955.666666666667,0.0,0.0,1.32936961007958,0.0,0.08721430599689484
2956.0,0.0,0.0,1.3294469439719638,0.0,0.08721742033958435
2956.3333333333335,0.0,0.0,1.3295242778643477,0.0,0.08722054958343506
2956.6666666666665,0.0,0.0,1.3296016117567317,0.0,0.08722367137670517
2957.0,0.0,0.0,1.3299109473262674,0.0,0.08722029626369476
2957.3333333333335,0.0,0.0,1.3303749506805709,0.0,0.08721258491277695
2957.6666666666665,0.0,0.0,1.3303749506805709,0.0,0.08721785992383957
2958.0,0.0,0.0,1.3306842862501065,0.0,0.08721448481082916
2958.3333333333335,0.0,0.0,1.3309162879272582,0.0,0.08721328526735306
2958.6666666666665,0.0,0.0,1.33114828960441,0.0,0.08721208572387695
2959.0,0.0,0.0,1.33114828960441,0.0,0.08721740543842316
2959.3333333333335,0.0,0.0,1.33114828960441,0.0,0.08722273260354996
2959.6666666666665,0.0,0.0,1.33114828960441,0.0,0.08722807466983795
2960.0,0.0,0.0,1.331302957389178,0.0,0.08722911030054092
2960.3333333333335,0.0,0.0,1.3313802912815618,0.0,0.0872323140501976
2960.6666666666665,0.0,0.0,1.3316896268510976,0.0,0.08722902089357376
2961.0,0.0,0.0,1.3319989624206332,0.0,0.08722573518753052
2961.333333333333,0.0,0.0,1.332076296313017,0.0,0.0872289389371872
2961.666666666667,0.0,0.0,1.3323082979901688,0.0,0.08722780644893646
2962.0,0.0,0.0,1.3323856318825529,0.0,0.08723099529743195
2962.333333333333,0.0,0.0,1.3324629657749367,0.0,0.08723418414592743
2962.666666666667,0.0,0.0,1.3323082979901688,0.0,0.08724385499954224
2963.0,0.0,0.0,1.3323856318825529,0.0,0.08724702894687653
2963.333333333333,0.0,0.0,1.3324629657749367,0.0,0.08725020289421082
2963.666666666667,0.0,0.0,1.3324629657749367,0.0,0.08725553750991821
2964.0,0.0,0.0,1.3328496352368564,0.0,0.08725007623434067
2964.3333333333335,0.0,0.0,1.333004303021624,0.0,0.08725110441446304
2964.6666666666665,0.0,0.0,1.333158970806392,0.0,0.08725214004516602
2965.0,0.0,0.0,1.33331363859116,0.0,0.08725317567586899
2965.3333333333335,0.0,0.0,1.3333909724835438,0.0,0.08725637942552567
2965.6666666666665,0.0,0.0,1.3334683063759276,0.0,0.08725956082344055
2966.0,0.0,0.0,1.334086977514999,0.0,0.08724762499332428
2966.3333333333335,0.0,0.0,1.334241645299767,0.0,0.08724865317344666
2966.6666666666665,0.0,0.0,1.334241645299767,0.0,0.08725399523973465
2967.0,0.0,0.0,1.3345509808693026,0.0,0.08725070208311081
2967.3333333333335,0.0,0.0,1.3346283147616864,0.0,0.08725390583276749
2967.6666666666665,0.0,0.0,1.3346283147616864,0.0,0.08725924789905548
2968.0,0.0,0.0,1.3346283147616864,0.0,0.08726458251476288
2968.3333333333335,0.0,0.0,1.335014984223606,0.0,0.08725912123918533
2968.6666666666665,0.0,0.0,1.3348603164388382,0.0,0.08726877719163895
2969.0,0.0,0.0,1.335014984223606,0.0,0.08726979047060013
2969.333333333333,0.0,0.0,1.3348603164388382,0.0,0.08727944642305374
2969.666666666667,0.0,0.0,1.33509231811599,0.0,0.08727830648422241
2970.0,0.0,0.0,1.3351696520083738,0.0,0.0872814878821373
2970.333333333333,0.0,0.0,1.3351696520083738,0.0,0.08728685230016708
2970.666666666667,0.0,0.0,1.335014984223606,0.0,0.08729652315378189
2971.0,0.0,0.0,1.3352469859007579,0.0,0.08729539066553116
2971.3333333333335,0.0,0.0,1.3352469859007579,0.0,0.08730074018239975
2971.6666666666665,0.0,0.0,1.3353243197931417,0.0,0.08730392903089523
2972.0,0.0,0.0,1.3354789875779096,0.0,0.0873049646615982
2972.3333333333335,0.0,0.0,1.3357883231474452,0.0,0.08730170130729675
2972.6666666666665,0.0,0.0,1.3357109892550614,0.0,0.08730922639369965
2973.0,0.0,0.0,1.3357109892550614,0.0,0.08731459826231003
2973.3333333333335,0.0,0.0,1.335865657039829,0.0,0.0873156487941742
2973.6666666666665,0.0,0.0,1.3359429909322131,0.0,0.08731885254383087
2974.0,0.0,0.0,1.3360976587169808,0.0,0.08731988817453384
2974.3333333333335,0.0,0.0,1.3360976587169808,0.0,0.08732525259256363
2974.6666666666665,0.0,0.0,1.336174992609365,0.0,0.0873284563422203
2975.0,0.0,0.0,1.3364069942865167,0.0,0.08732734620571136
2975.3333333333335,0.0,0.0,1.3362523265017487,0.0,0.08733702450990677
2975.6666666666665,0.0,0.0,1.3364843281789005,0.0,0.08733590692281723
2976.0,0.0,0.0,1.3364843281789005,0.0,0.08734125643968582
2976.333333333333,0.0,0.0,1.3365616620712844,0.0,0.0873444527387619
2976.666666666667,0.0,0.0,1.3366389959636684,0.0,0.08734764903783798
2977.0,0.0,0.0,1.3366389959636684,0.0,0.08735299110412598
2977.333333333333,0.0,0.0,1.3367936637484361,0.0,0.08735400438308716
2977.666666666667,0.0,0.0,1.3368709976408202,0.0,0.08735719323158264
2978.0,0.0,0.0,1.336948331533204,0.0,0.08736037462949753
2978.333333333333,0.0,0.0,1.3371803332103558,0.0,0.087359219789505
2978.666666666667,0.0,0.0,1.3375670026722755,0.0,0.08735375106334686
2979.0,0.0,0.0,1.3374896687798914,0.0,0.08736124634742737
2979.3333333333335,0.0,0.0,1.3374896687798914,0.0,0.08736655116081238
2979.6666666666665,0.0,0.0,1.3376443365646593,0.0,0.08736754953861237
2980.0,0.0,0.0,1.3377216704570432,0.0,0.08737070113420486
2980.3333333333335,0.0,0.0,1.337953672134195,0.0,0.08736953139305115
2980.6666666666665,0.0,0.0,1.3381856738113467,0.0,0.08736834675073624
2981.0,0.0,0.0,1.3382630077037307,0.0,0.08737147599458694
2981.3333333333335,0.0,0.0,1.3384176754884984,0.0,0.08737246692180634
2981.6666666666665,0.0,0.0,1.3384950093808825,0.0,0.08737558871507645
2982.0,0.0,0.0,1.3384176754884984,0.0,0.08738302439451218
2982.3333333333335,0.0,0.0,1.3381856738113467,0.0,0.08739478886127472
2982.6666666666665,0.0,0.0,1.3381856738113467,0.0,0.08740004152059555
2983.0,0.0,0.0,1.3384950093808825,0.0,0.08739666640758514
2983.3333333333335,0.0,0.0,1.3384950093808825,0.0,0.08740191906690598
2983.6666666666665,0.0,0.0,1.3384950093808825,0.0,0.08740715682506561
2984.0,0.0,0.0,1.3385723432732664,0.0,0.08741021901369095
2984.333333333333,0.0,0.0,1.3384176754884984,0.0,0.08741975575685501
2984.666666666667,0.0,0.0,1.3386496771656502,0.0,0.08741848170757294
2985.0,0.0,0.0,1.3387270110580343,0.0,0.08742150664329529
2985.333333333333,0.0,0.0,1.3386496771656502,0.0,0.08742886036634445
2985.666666666667,0.0,0.0,1.338881678842802,0.0,0.0874275490641594
2986.0,0.0,0.0,1.338959012735186,0.0,0.08743055164813995
2986.3333333333335,0.0,0.0,1.3391136805199537,0.0,0.08743137866258621
2986.6666666666665,0.0,0.0,1.3396550177666413,0.0,0.08742139488458633
2987.0,0.0,0.0,1.339809685551409,0.0,0.0874222069978714
2987.3333333333335,0.0,0.0,1.339809685551409,0.0,0.08742731809616089
2987.6666666666665,0.0,0.0,1.3400416872285608,0.0,0.08742593973875046
2988.0,0.0,0.0,1.3400416872285608,0.0,0.08743105828762054
2988.3333333333335,0.0,0.0,1.339964353336177,0.0,0.08743831515312195
2988.6666666666665,0.0,0.0,1.3401190211209448,0.0,0.08743909746408463
2989.0,0.0,0.0,1.3403510227980966,0.0,0.0874376967549324
2989.3333333333335,0.0,0.0,1.3402736889057125,0.0,0.08744493871927261
2989.6666666666665,0.0,0.0,1.3401190211209448,0.0,0.08745431900024414
2990.0,0.0,0.0,1.3402736889057125,0.0,0.08745508641004562
2990.3333333333335,0.0,0.0,1.3403510227980966,0.0,0.08745800703763962
2990.6666666666665,0.0,0.0,1.3405830244752484,0.0,0.0874565988779068
2991.0,0.0,0.0,1.3408150261524001,0.0,0.08745521306991577
2991.333333333333,0.0,0.0,1.340892360044784,0.0,0.08745814114809036
2991.666666666667,0.0,0.0,1.340892360044784,0.0,0.08746322244405746
2992.0,0.0,0.0,1.3408150261524001,0.0,0.08747046440839767
2992.333333333333,0.0,0.0,1.3410470278295519,0.0,0.08746905624866486
2992.666666666667,0.0,0.0,1.3406603583676322,0.0,0.0874849408864975
2993.0,0.0,0.0,1.340892360044784,0.0,0.08748351782560349
2993.333333333333,0.0,0.0,1.3412790295067036,0.0,0.08747778087854385
2993.666666666667,0.0,0.0,1.3412790295067036,0.0,0.08748285472393036
2994.0,0.0,0.0,1.3412790295067036,0.0,0.08748793601989746
2994.3333333333335,0.0,0.0,1.3415883650762392,0.0,0.08748437464237213
2994.6666666666665,0.0,0.0,1.3418977006457748,0.0,0.087480828166008
2995.0,0.0,0.0,1.3424390378924624,0.0,0.08747081458568573
2995.3333333333335,0.0,0.0,1.3426710395696142,0.0,0.08746947348117828
2995.6666666666665,0.0,0.0,1.342748373461998,0.0,0.08747245371341705
2996.0,0.0,0.0,1.342903041246766,0.0,0.08747327327728271
2996.3333333333335,0.0,0.0,1.3431350429239177,0.0,0.08747195452451706
2996.6666666666665,0.0,0.0,1.3434443784934533,0.0,0.0874684676527977
2997.0,0.0,0.0,1.3434443784934533,0.0,0.08747363090515137
2997.3333333333335,0.0,0.0,1.343676380170605,0.0,0.0874723270535469
2997.6666666666665,0.0,0.0,1.3434443784934533,0.0,0.0874839648604393
2998.0,0.0,0.0,1.3432897107086854,0.0,0.08749344944953918
2998.3333333333335,0.0,0.0,1.3433670446010695,0.0,0.08749646693468094
2998.6666666666665,0.0,0.0,1.3435217123858372,0.0,0.08749732375144958
2999.0,0.0,0.0,1.3434443784934533,0.0,0.08750467747449875
2999.333333333333,0.0,0.0,1.3433670446010695,0.0,0.08751202374696732
2999.666666666667,0.0,0.0,1.3433670446010695,0.0,0.08751721680164337
3000.0,0.0,0.0,1.3433670446010695,0.0,0.08752241730690002
3000.333333333333,0.0,0.0,1.3431350429239177,0.0,0.08753412961959839
3000.666666666667,0.0,0.0,1.3432897107086854,0.0,0.08753502368927002
3001.0,0.0,0.0,1.3434443784934533,0.0,0.08753591775894165
3001.3333333333335,0.0,0.0,1.343676380170605,0.0,0.08753468096256256
3001.6666666666665,0.0,0.0,1.343676380170605,0.0,0.0875399187207222
3002.0,0.0,0.0,1.3439083818477568,0.0,0.0875386893749237
3002.3333333333335,0.0,0.0,1.3441403835249086,0.0,0.08753745257854462
3002.6666666666665,0.0,0.0,1.3440630496325248,0.0,0.08754488080739975
3003.0,0.0,0.0,1.3441403835249086,0.0,0.08754802495241165
3003.3333333333335,0.0,0.0,1.3442950513096765,0.0,0.08754902333021164
3003.6666666666665,0.0,0.0,1.3442950513096765,0.0,0.08755432814359665
3004.0,0.0,0.0,1.3443723852020604,0.0,0.08755748718976974
3004.3333333333335,0.0,0.0,1.3445270529868283,0.0,0.08755847811698914
3004.6666666666665,0.0,0.0,1.3445270529868283,0.0,0.08756382018327713
3005.0,0.0,0.0,1.3446043868792121,0.0,0.08756697922945023
3005.3333333333335,0.0,0.0,1.3444497190944442,0.0,0.08757663518190384
3005.6666666666665,0.0,0.0,1.344836388556364,0.0,0.0875711664557457
3006.0,0.0,0.0,1.3450683902335157,0.0,0.08757001906633377
3006.333333333333,0.0,0.0,1.3451457241258995,0.0,0.08757318556308746
3006.666666666667,0.0,0.0,1.3451457241258995,0.0,0.08757852017879486
3007.0,0.0,0.0,1.3452230580182836,0.0,0.08758168667554855
3007.333333333333,0.0,0.0,1.3451457241258995,0.0,0.08758915960788727
3007.666666666667,0.0,0.0,1.3453777258030513,0.0,0.08758800476789474
3008.0,0.0,0.0,1.3454550596954353,0.0,0.08759117126464844
3008.333333333333,0.0,0.0,1.3454550596954353,0.0,0.08759651333093643
3008.666666666667,0.0,0.0,1.3454550596954353,0.0,0.08760187774896622
3009.0,0.0,0.0,1.345609727480203,0.0,0.087602898478508
3009.3333333333335,0.0,0.0,1.345609727480203,0.0,0.08760824799537659
3009.6666666666665,0.0,0.0,1.345764395264971,0.0,0.08760927617549896
3010.0,0.0,0.0,1.3459190630497386,0.0,0.08761029690504074
3010.3333333333335,0.0,0.0,1.3458417291573548,0.0,0.08761779218912125
3010.6666666666665,0.0,0.0,1.3459190630497386,0.0,0.08762098848819733
3011.0,0.0,0.0,1.3462283986192745,0.0,0.08761768043041229
3011.3333333333335,0.0,0.0,1.3461510647268904,0.0,0.0876251757144928
3011.6666666666665,0.0,0.0,1.3463057325116583,0.0,0.08762618154287338
3012.0,0.0,0.0,1.3463057325116583,0.0,0.08763150870800018
3012.3333333333335,0.0,0.0,1.3464604002964262,0.0,0.08763249963521957
3012.6666666666665,0.0,0.0,1.3463830664040422,0.0,0.08763997256755829
3013.0,0.0,0.0,1.34653773418881,0.0,0.08764093369245529
3013.3333333333335,0.0,0.0,1.3464604002964262,0.0,0.08764839172363281
3013.6666666666665,0.0,0.0,1.346615068081194,0.0,0.08764936029911041
3014.0,0.0,0.0,1.346615068081194,0.0,0.08765462785959244
3014.333333333333,0.0,0.0,1.346615068081194,0.0,0.08765988796949387
3014.666666666667,0.0,0.0,1.3468470697583457,0.0,0.08765865117311478
3015.0,0.0,0.0,1.3469244036507297,0.0,0.08766171336174011
3015.333333333333,0.0,0.0,1.346692401973578,0.0,0.08767343312501907
3015.666666666667,0.0,0.0,1.346692401973578,0.0,0.08767862617969513
3016.0,0.0,0.0,1.346692401973578,0.0,0.08768380433320999
3016.3333333333335,0.0,0.0,1.346692401973578,0.0,0.08768898248672485
3016.6666666666665,0.0,0.0,1.346692401973578,0.0,0.08769415318965912
3017.0,0.0,0.0,1.3468470697583457,0.0,0.08769495785236359
3017.3333333333335,0.0,0.0,1.3470790714354974,0.0,0.08769360184669495
3017.6666666666665,0.0,0.0,1.3473884070050333,0.0,0.0876900926232338
3018.0,0.0,0.0,1.3477750764669527,0.0,0.08768439292907715
3018.3333333333335,0.0,0.0,1.3477750764669527,0.0,0.08768950402736664
3018.6666666666665,0.0,0.0,1.3480070781441045,0.0,0.08768810331821442
3019.0,0.0,0.0,1.3479297442517206,0.0,0.08769534528255463
3019.3333333333335,0.0,0.0,1.3478524103593368,0.0,0.08770257234573364
3019.6666666666665,0.0,0.0,1.3479297442517206,0.0,0.08770546317100525
3020.0,0.0,0.0,1.3481617459288724,0.0,0.08770401030778885
3020.3333333333335,0.0,0.0,1.348548415390792,0.0,0.08769822865724564
3020.6666666666665,0.0,0.0,1.348548415390792,0.0,0.08770325034856796
3021.0,0.0,0.0,1.348625749283176,0.0,0.08770610392093658
3021.333333333333,0.0,0.0,1.3487030831755598,0.0,0.08770892769098282
3021.666666666667,0.0,0.0,1.3487804170679438,0.0,0.08771175146102905
3022.0,0.0,0.0,1.348625749283176,0.0,0.08772104978561401
3022.333333333333,0.0,0.0,1.3488577509603277,0.0,0.08771953731775284
3022.666666666667,0.0,0.0,1.3490897526374794,0.0,0.08771799504756927
3023.0,0.0,0.0,1.3493217543146312,0.0,0.0877164825797081
3023.333333333333,0.0,0.0,1.349476422099399,0.0,0.08771710842847824
3023.666666666667,0.0,0.0,1.3497084237765509,0.0,0.08771556615829468
3024.0,0.0,0.0,1.3498630915613186,0.0,0.08771619200706482
3024.3333333333335,0.0,0.0,1.3497084237765509,0.0,0.08772546052932739
3024.6666666666665,0.0,0.0,1.3497084237765509,0.0,0.08773039281368256
3025.0,0.0,0.0,1.349399088207015,0.0,0.08774396777153015
3025.3333333333335,0.0,0.0,1.349553755991783,0.0,0.0877445861697197
3025.6666666666665,0.0,0.0,1.3498630915613186,0.0,0.08774084597826004
3026.0,0.0,0.0,1.3499404254537026,0.0,0.0877435952425003
3026.3333333333335,0.0,0.0,1.3500177593460865,0.0,0.08774634450674057
3026.6666666666665,0.0,0.0,1.3500950932384703,0.0,0.08774906396865845
3027.0,0.0,0.0,1.3502497610232382,0.0,0.08774964511394501
3027.3333333333335,0.0,0.0,1.350327094915622,0.0,0.08775239437818527
3027.6666666666665,0.0,0.0,1.350636430485158,0.0,0.08774864673614502
3028.0,0.0,0.0,1.3507137643775418,0.0,0.08775138109922409
3028.3333333333335,0.0,0.0,1.3507910982699256,0.0,0.08775411546230316
3028.6666666666665,0.0,0.0,1.3508684321623097,0.0,0.08775685727596283
3029.0,0.0,0.0,1.3507910982699256,0.0,0.08776392042636871
3029.333333333333,0.0,0.0,1.35048176270039,0.0,0.08777747303247452
3029.666666666667,0.0,0.0,1.35048176270039,0.0,0.0877823755145073
3030.0,0.0,0.0,1.3505590965927738,0.0,0.08778510987758636
3030.333333333333,0.0,0.0,1.3507137643775418,0.0,0.08778567612171173
3030.666666666667,0.0,0.0,1.3511004338394614,0.0,0.08777976036071777
3031.0,0.0,0.0,1.3510230999470774,0.0,0.08778683841228485
3031.3333333333335,0.0,0.0,1.3511777677318453,0.0,0.08778741955757141
3031.6666666666665,0.0,0.0,1.3512551016242291,0.0,0.08779016137123108
3032.0,0.0,0.0,1.3514871033013809,0.0,0.08778858184814453
3032.3333333333335,0.0,0.0,1.351409769408997,0.0,0.08779565244913101
3032.6666666666665,0.0,0.0,1.3516417710861488,0.0,0.08779408037662506
3033.0,0.0,0.0,1.3518737727633006,0.0,0.08779251575469971
3033.3333333333335,0.0,0.0,1.3519511066556844,0.0,0.08779527246952057
3033.6666666666665,0.0,0.0,1.3518737727633006,0.0,0.08780237287282944
3034.0,0.0,0.0,1.3517191049785326,0.0,0.08781164884567261
3034.3333333333335,0.0,0.0,1.3517191049785326,0.0,0.08781661093235016
3034.6666666666665,0.0,0.0,1.3520284405480685,0.0,0.08781292289495468
3035.0,0.0,0.0,1.3519511066556844,0.0,0.08782005310058594
3035.3333333333335,0.0,0.0,1.3518737727633006,0.0,0.0878271833062172
3035.6666666666665,0.0,0.0,1.3517964388709167,0.0,0.08783431351184845
3036.0,0.0,0.0,1.3520284405480685,0.0,0.08783279359340668
3036.333333333333,0.0,0.0,1.3521831083328362,0.0,0.08783343434333801
3036.666666666667,0.0,0.0,1.3521831083328362,0.0,0.08783841133117676
3037.0,0.0,0.0,1.3521057744404523,0.0,0.0878455638885498
3037.333333333333,0.0,0.0,1.352337776117604,0.0,0.08784406632184982
3037.666666666667,0.0,0.0,1.3526471116871397,0.0,0.08784039318561554
3038.0,0.0,0.0,1.3525697777947558,0.0,0.08784754574298859
3038.333333333333,0.0,0.0,1.352415110009988,0.0,0.08785686641931534
3038.666666666667,0.0,0.0,1.352492443902372,0.0,0.08785970509052277
3039.0,0.0,0.0,1.3526471116871397,0.0,0.08786037564277649
3039.3333333333335,0.0,0.0,1.352492443902372,0.0,0.08786969631910324
3039.6666666666665,0.0,0.0,1.352492443902372,0.0,0.08787468820810318
3040.0,0.0,0.0,1.352492443902372,0.0,0.08787968009710312
3040.3333333333335,0.0,0.0,1.3526471116871397,0.0,0.08788033574819565
3040.6666666666665,0.0,0.0,1.3527244455795238,0.0,0.08788315951824188
3041.0,0.0,0.0,1.3529564472566755,0.0,0.08788163959980011
3041.3333333333335,0.0,0.0,1.3528791133642915,0.0,0.08788877725601196
3041.6666666666665,0.0,0.0,1.3529564472566755,0.0,0.08789157122373581
3042.0,0.0,0.0,1.3528017794719076,0.0,0.08790088444948196
3042.3333333333335,0.0,0.0,1.3528791133642915,0.0,0.08790368586778641
3042.6666666666665,0.0,0.0,1.3531111150414432,0.0,0.08790214359760284
3043.0,0.0,0.0,1.3531884489338273,0.0,0.0879049301147461
3043.3333333333335,0.0,0.0,1.3531111150414432,0.0,0.08791205286979675
3043.6666666666665,0.0,0.0,1.3530337811490594,0.0,0.08791913837194443
3044.0,0.0,0.0,1.3530337811490594,0.0,0.087924063205719
3044.333333333333,0.0,0.0,1.3528791133642915,0.0,0.08793332427740097
3044.666666666667,0.0,0.0,1.3531111150414432,0.0,0.08793172985315323
3045.0,0.0,0.0,1.3530337811490594,0.0,0.0879388079047203
3045.333333333333,0.0,0.0,1.3529564472566755,0.0,0.0879458636045456
3045.666666666667,0.0,0.0,1.3531111150414432,0.0,0.08794640749692917
3046.0,0.0,0.0,1.3529564472566755,0.0,0.08795561641454697
3046.3333333333335,0.0,0.0,1.3528791133642915,0.0,0.08796266466379166
3046.6666666666665,0.0,0.0,1.3532657828262111,0.0,0.08795669674873352
3047.0,0.0,0.0,1.353420450610979,0.0,0.08795726299285889
3047.3333333333335,0.0,0.0,1.3535751183957467,0.0,0.08795782178640366
3047.6666666666665,0.0,0.0,1.3534977845033629,0.0,0.08796489983797073
3048.0,0.0,0.0,1.353420450610979,0.0,0.08797194063663483
3048.3333333333335,0.0,0.0,1.3536524522881308,0.0,0.0879703164100647
3048.6666666666665,0.0,0.0,1.3538071200728985,0.0,0.08797084540128708
3049.0,0.0,0.0,1.3535751183957467,0.0,0.08798221498727798
3049.3333333333335,0.0,0.0,1.3535751183957467,0.0,0.08798706531524658
3049.6666666666665,0.0,0.0,1.3536524522881308,0.0,0.08798973262310028
3050.0,0.0,0.0,1.3536524522881308,0.0,0.08799456059932709
3050.3333333333335,0.0,0.0,1.3536524522881308,0.0,0.0879993885755539
3050.6666666666665,0.0,0.0,1.3536524522881308,0.0,0.0880042091012001
3051.0,0.0,0.0,1.3534977845033629,0.0,0.08801337331533432
3051.333333333333,0.0,0.0,1.3535751183957467,0.0,0.08801601082086563
3051.666666666667,0.0,0.0,1.3534977845033629,0.0,0.08802298456430435
3052.0,0.0,0.0,1.353343116718595,0.0,0.08803211152553558
3052.333333333333,0.0,0.0,1.3535751183957467,0.0,0.0880303904414177
3052.666666666667,0.0,0.0,1.3536524522881308,0.0,0.08803301304578781
3053.0,0.0,0.0,1.3539617878576664,0.0,0.08802910149097443
3053.333333333333,0.0,0.0,1.3541164556424343,0.0,0.08802955597639084
3053.666666666667,0.0,0.0,1.3541937895348182,0.0,0.08803214132785797
3054.0,0.0,0.0,1.354348457319586,0.0,0.08803258091211319
3054.3333333333335,0.0,0.0,1.354348457319586,0.0,0.08803734183311462
3054.6666666666665,0.0,0.0,1.35442579121197,0.0,0.08803993463516235
3055.0,0.0,0.0,1.3545804589967378,0.0,0.08804034441709518
3055.3333333333335,0.0,0.0,1.3547351267815055,0.0,0.08804076910018921
3055.6666666666665,0.0,0.0,1.3548124606738896,0.0,0.08804335445165634
3056.0,0.0,0.0,1.3551217962434252,0.0,0.08803942054510117
3056.3333333333335,0.0,0.0,1.355508465705345,0.0,0.08803332597017288
3056.6666666666665,0.0,0.0,1.3558178012748805,0.0,0.0880293995141983
3057.0,0.0,0.0,1.3560498029520323,0.0,0.08802764117717743
3057.3333333333335,0.0,0.0,1.3558951351672643,0.0,0.08803671598434448
3057.6666666666665,0.0,0.0,1.3562044707368,0.0,0.0880327895283699
3058.0,0.0,0.0,1.356281804629184,0.0,0.08803538233041763
3058.3333333333335,0.0,0.0,1.3564364724139517,0.0,0.08803583681583405
3058.6666666666665,0.0,0.0,1.3563591385215679,0.0,0.08804278820753098
3059.0,0.0,0.0,1.3563591385215679,0.0,0.0880475640296936
3059.333333333333,0.0,0.0,1.3568231418758714,0.0,0.0880393385887146
3059.666666666667,0.0,0.0,1.3567458079834875,0.0,0.08804628998041153
3060.0,0.0,0.0,1.3568231418758714,0.0,0.08804889768362045
3060.333333333333,0.0,0.0,1.357209811337791,0.0,0.08804282546043396
3060.666666666667,0.0,0.0,1.3573644791225588,0.0,0.08804326504468918
3061.0,0.0,0.0,1.3573644791225588,0.0,0.08804803341627121
3061.3333333333335,0.0,0.0,1.3574418130149428,0.0,0.08805062621831894
3061.6666666666665,0.0,0.0,1.3573644791225588,0.0,0.08805756270885468
3062.0,0.0,0.0,1.357287145230175,0.0,0.08806449919939041
3062.3333333333335,0.0,0.0,1.357209811337791,0.0,0.08807143568992615
3062.6666666666665,0.0,0.0,1.3569778096606393,0.0,0.08808273077011108
3063.0,0.0,0.0,1.3569778096606393,0.0,0.08808750659227371
3063.3333333333335,0.0,0.0,1.357132477445407,0.0,0.08808795362710953
3063.6666666666665,0.0,0.0,1.3575964807997105,0.0,0.08807971328496933
3064.0,0.0,0.0,1.3578284824768623,0.0,0.08807799220085144
3064.3333333333335,0.0,0.0,1.3579058163692463,0.0,0.08808060735464096
3064.6666666666665,0.0,0.0,1.358060484154014,0.0,0.08808106184005737
3065.0,0.0,0.0,1.3582924858311658,0.0,0.08807934820652008
3065.3333333333335,0.0,0.0,1.3584471536159337,0.0,0.0880797877907753
3065.6666666666665,0.0,0.0,1.3586018214007016,0.0,0.08808023482561111
3066.0,0.0,0.0,1.3588338230778534,0.0,0.08807851374149323
3066.333333333333,0.0,0.0,1.3590658247550051,0.0,0.08807678520679474
3066.666666666667,0.0,0.0,1.358988490862621,0.0,0.08808373659849167
3067.0,0.0,0.0,1.358988490862621,0.0,0.0880885049700737
3067.333333333333,0.0,0.0,1.3588338230778534,0.0,0.08809760957956314
3067.666666666667,0.0,0.0,1.358988490862621,0.0,0.08809805661439896
3068.0,0.0,0.0,1.3592204925397728,0.0,0.08809633553028107
3068.333333333333,0.0,0.0,1.359143158647389,0.0,0.088103286921978
3068.666666666667,0.0,0.0,1.3590658247550051,0.0,0.08811025321483612
3069.0,0.0,0.0,1.3588338230778534,0.0,0.08812155574560165
3069.3333333333335,0.0,0.0,1.3587564891854693,0.0,0.08812853693962097
3069.6666666666665,0.0,0.0,1.3588338230778534,0.0,0.08813117444515228
3070.0,0.0,0.0,1.3589111569702372,0.0,0.0881337970495224
3070.3333333333335,0.0,0.0,1.3588338230778534,0.0,0.08814076334238052
3070.6666666666665,0.0,0.0,1.3587564891854693,0.0,0.08814772963523865
3071.0,0.0,0.0,1.3590658247550051,0.0,0.08814384043216705
3071.3333333333335,0.0,0.0,1.358988490862621,0.0,0.08815079927444458
3071.6666666666665,0.0,0.0,1.359143158647389,0.0,0.0881512463092804
3072.0,0.0,0.0,1.359143158647389,0.0,0.08815603703260422
3072.3333333333335,0.0,0.0,1.3593751603245408,0.0,0.08815431594848633
3072.6666666666665,0.0,0.0,1.3593751603245408,0.0,0.08815909922122955
3073.0,0.0,0.0,1.3592204925397728,0.0,0.08816822618246078
3073.3333333333335,0.0,0.0,1.359297826432157,0.0,0.08817083388566971
3073.6666666666665,0.0,0.0,1.3593751603245408,0.0,0.08817344903945923
3074.0,0.0,0.0,1.3595298281093087,0.0,0.08817390352487564
3074.333333333333,0.0,0.0,1.3594524942169246,0.0,0.08818086981773376
3074.666666666667,0.0,0.0,1.3594524942169246,0.0,0.08818566054105759
3075.0,0.0,0.0,1.3595298281093087,0.0,0.0881882905960083
3075.333333333333,0.0,0.0,1.3596844958940764,0.0,0.08818873763084412
3075.666666666667,0.0,0.0,1.3596071620016925,0.0,0.08819572627544403
3076.0,0.0,0.0,1.3598391636788443,0.0,0.08819402009248734
3076.3333333333335,0.0,0.0,1.360225833140764,0.0,0.08818795531988144
3076.6666666666665,0.0,0.0,1.3603031670331478,0.0,0.08819060027599335
3077.0,0.0,0.0,1.360225833140764,0.0,0.08819758892059326
3077.3333333333335,0.0,0.0,1.360225833140764,0.0,0.08820242434740067
3077.6666666666665,0.0,0.0,1.360071165355996,0.0,0.08821161836385727
3078.0,0.0,0.0,1.360071165355996,0.0,0.08821646124124527
3078.3333333333335,0.0,0.0,1.3604578348179157,0.0,0.08821045607328415
3078.6666666666665,0.0,0.0,1.3604578348179157,0.0,0.08821530640125275
3079.0,0.0,0.0,1.3604578348179157,0.0,0.08822015672922134
3079.3333333333335,0.0,0.0,1.3606898364950675,0.0,0.08821849524974823
3079.6666666666665,0.0,0.0,1.3608445042798352,0.0,0.08821900188922882
3080.0,0.0,0.0,1.3609218381722192,0.0,0.08822169154882431
3080.3333333333335,0.0,0.0,1.3609218381722192,0.0,0.0882265493273735
3080.6666666666665,0.0,0.0,1.3612311737417548,0.0,0.08822271227836609
3081.0,0.0,0.0,1.3613858415265228,0.0,0.08822321891784668
3081.333333333333,0.0,0.0,1.3615405093112904,0.0,0.08822372555732727
3081.666666666667,0.0,0.0,1.3616951770960584,0.0,0.08822423964738846
3082.0,0.0,0.0,1.3616951770960584,0.0,0.08822908252477646
3082.333333333333,0.0,0.0,1.3616951770960584,0.0,0.08823392540216446
3082.666666666667,0.0,0.0,1.3618498448808263,0.0,0.08823441714048386
3083.0,0.0,0.0,1.3622365143427457,0.0,0.08822840452194214
3083.333333333333,0.0,0.0,1.3623138482351298,0.0,0.08823106437921524
3083.666666666667,0.0,0.0,1.3623911821275136,0.0,0.08823371678590775
3084.0,0.0,0.0,1.3625458499122816,0.0,0.08823420107364655
3084.3333333333335,0.0,0.0,1.3627005176970493,0.0,0.08823468536138535
3084.6666666666665,0.0,0.0,1.362932519374201,0.0,0.08823300153017044
3085.0,0.0,0.0,1.3633965227285045,0.0,0.08822482824325562
3085.3333333333335,0.0,0.0,1.3637058582980404,0.0,0.0882209837436676
3085.6666666666665,0.0,0.0,1.3633191888361207,0.0,0.08823665231466293
3086.0,0.0,0.0,1.3633191888361207,0.0,0.08824148029088974
3086.3333333333335,0.0,0.0,1.3633965227285045,0.0,0.08824412524700165
3086.6666666666665,0.0,0.0,1.3637831921904242,0.0,0.08823809027671814
3087.0,0.0,0.0,1.364015193867576,0.0,0.08823639154434204
3087.3333333333335,0.0,0.0,1.3643245294371116,0.0,0.08823251724243164
3087.6666666666665,0.0,0.0,1.3644018633294956,0.0,0.08823513984680176
3088.0,0.0,0.0,1.3642471955447277,0.0,0.08824425935745239
3088.3333333333335,0.0,0.0,1.3647111988990313,0.0,0.08823602646589279
3088.6666666666665,0.0,0.0,1.3646338650066474,0.0,0.08824295550584793
3089.0,0.0,0.0,1.3648658666837992,0.0,0.08824122697114944
3089.333333333333,0.0,0.0,1.3648658666837992,0.0,0.08824598044157028
3089.666666666667,0.0,0.0,1.364788532791415,0.0,0.08825290203094482
3090.0,0.0,0.0,1.365097868360951,0.0,0.08824896812438965
3090.333333333333,0.0,0.0,1.3650205344685669,0.0,0.088255874812603
3090.666666666667,0.0,0.0,1.3651752022533348,0.0,0.08825626224279404
3091.0,0.0,0.0,1.3652525361457186,0.0,0.08825883269309998
3091.3333333333335,0.0,0.0,1.3654072039304865,0.0,0.0882592648267746
3091.6666666666665,0.0,0.0,1.3654845378228704,0.0,0.08826185762882233
3092.0,0.0,0.0,1.36587120728479,0.0,0.08825576305389404
3092.3333333333335,0.0,0.0,1.3661032089619418,0.0,0.08825401961803436
3092.6666666666665,0.0,0.0,1.366025875069558,0.0,0.08826093375682831
3093.0,0.0,0.0,1.366025875069558,0.0,0.08826566487550735
3093.3333333333335,0.0,0.0,1.365948541177174,0.0,0.0882725715637207
3093.6666666666665,0.0,0.0,1.366025875069558,0.0,0.08827514946460724
3094.0,0.0,0.0,1.3664898784238615,0.0,0.08826687932014465
3094.3333333333335,0.0,0.0,1.3663352106390936,0.0,0.08827593922615051
3094.6666666666665,0.0,0.0,1.366721880101013,0.0,0.08826983720064163
3095.0,0.0,0.0,1.3664898784238615,0.0,0.08828105032444
3095.3333333333335,0.0,0.0,1.366721880101013,0.0,0.08827925473451614
3095.6666666666665,0.0,0.0,1.366721880101013,0.0,0.088283970952034
3096.0,0.0,0.0,1.366799213993397,0.0,0.08828650414943695
3096.333333333333,0.0,0.0,1.3669538817781648,0.0,0.0882868617773056
3096.666666666667,0.0,0.0,1.3671085495629327,0.0,0.08828723430633545
3097.0,0.0,0.0,1.3670312156705489,0.0,0.08829410374164581
3097.333333333333,0.0,0.0,1.3671858834553166,0.0,0.08829447627067566
3097.666666666667,0.0,0.0,1.3671085495629327,0.0,0.08830133825540543
3098.0,0.0,0.0,1.3673405512400845,0.0,0.08829952031373978
3098.333333333333,0.0,0.0,1.3673405512400845,0.0,0.08830419182777405
3098.666666666667,0.0,0.0,1.3677272207020041,0.0,0.0882980227470398
3099.0,0.0,0.0,1.3681138901639236,0.0,0.08829186111688614
3099.3333333333335,0.0,0.0,1.3681138901639236,0.0,0.08829651027917862
3099.6666666666665,0.0,0.0,1.3681912240563077,0.0,0.0882989838719368
3100.0,0.0,0.0,1.3681912240563077,0.0,0.08830361813306808
3100.3333333333335,0.0,0.0,1.3682685579486915,0.0,0.08830607682466507
3100.6666666666665,0.0,0.0,1.3684232257334594,0.0,0.08830637484788895
3101.0,0.0,0.0,1.3684232257334594,0.0,0.08831097930669785
3101.3333333333335,0.0,0.0,1.3685005596258433,0.0,0.08831341564655304
3101.6666666666665,0.0,0.0,1.3684232257334594,0.0,0.08832016587257385
3102.0,0.0,0.0,1.3685778935182271,0.0,0.08832041919231415
3102.3333333333335,0.0,0.0,1.3688098951953789,0.0,0.08831849694252014
3102.6666666666665,0.0,0.0,1.3690418968725306,0.0,0.08831657469272614
3103.0,0.0,0.0,1.3691192307649147,0.0,0.08831897377967834
3103.3333333333335,0.0,0.0,1.3690418968725306,0.0,0.08832570910453796
3103.6666666666665,0.0,0.0,1.3690418968725306,0.0,0.08833027631044388
3104.0,0.0,0.0,1.3689645629801468,0.0,0.0883370190858841
3104.333333333333,0.0,0.0,1.3688098951953789,0.0,0.08834592252969742
3104.666666666667,0.0,0.0,1.368887229087763,0.0,0.08834830671548843
3105.0,0.0,0.0,1.3691965646572986,0.0,0.08834420889616013
3105.333333333333,0.0,0.0,1.3692738985496824,0.0,0.08834659308195114
3105.666666666667,0.0,0.0,1.3692738985496824,0.0,0.08835113793611526
3106.0,0.0,0.0,1.369660568011602,0.0,0.08834485709667206
3106.3333333333335,0.0,0.0,1.369737901903986,0.0,0.08834723383188248
3106.6666666666665,0.0,0.0,1.36981523579637,0.0,0.0883496031165123
3107.0,0.0,0.0,1.3698925696887538,0.0,0.08835197240114212
3107.3333333333335,0.0,0.0,1.3698925696887538,0.0,0.08835650235414505
3107.6666666666665,0.0,0.0,1.369737901903986,0.0,0.08836536109447479
3108.0,0.0,0.0,1.3698925696887538,0.0,0.08836555480957031
3108.3333333333335,0.0,0.0,1.3700472374735218,0.0,0.08836574852466583
3108.6666666666665,0.0,0.0,1.3700472374735218,0.0,0.08837025612592697
3109.0,0.0,0.0,1.3699699035811377,0.0,0.08837693184614182
3109.3333333333335,0.0,0.0,1.3700472374735218,0.0,0.08837928622961044
3109.6666666666665,0.0,0.0,1.3702019052582894,0.0,0.08837945759296417
3110.0,0.0,0.0,1.3702019052582894,0.0,0.08838395774364471
3110.3333333333335,0.0,0.0,1.3702792391506735,0.0,0.08838630467653275
3110.6666666666665,0.0,0.0,1.3699699035811377,0.0,0.0883994922041893
3111.0,0.0,0.0,1.3700472374735218,0.0,0.08840183168649673
3111.333333333333,0.0,0.0,1.3702019052582894,0.0,0.08840201050043106
3111.666666666667,0.0,0.0,1.3701245713659056,0.0,0.0884087085723877
3112.0,0.0,0.0,1.3699699035811377,0.0,0.08841755986213684
3112.333333333333,0.0,0.0,1.3702019052582894,0.0,0.08841557055711746
3112.666666666667,0.0,0.0,1.3703565730430574,0.0,0.08841577917337418
3113.0,0.0,0.0,1.3702019052582894,0.0,0.0884246826171875
3113.333333333333,0.0,0.0,1.3702792391506735,0.0,0.08842705935239792
3113.666666666667,0.0,0.0,1.3703565730430574,0.0,0.08842945843935013
3114.0,0.0,0.0,1.3702019052582894,0.0,0.08843834698200226
3114.3333333333335,0.0,0.0,1.3705112408278253,0.0,0.08843423426151276
3114.6666666666665,0.0,0.0,1.3705112408278253,0.0,0.08843878656625748
3115.0,0.0,0.0,1.3705112408278253,0.0,0.0884433388710022
3115.3333333333335,0.0,0.0,1.3703565730430574,0.0,0.08845221996307373
3115.6666666666665,0.0,0.0,1.370665908612593,0.0,0.08844809234142303
3116.0,0.0,0.0,1.3705112408278253,0.0,0.08845698088407516
3116.3333333333335,0.0,0.0,1.3705885747202091,0.0,0.08845937997102737
3116.6666666666665,0.0,0.0,1.3705885747202091,0.0,0.08846394717693329
3117.0,0.0,0.0,1.3708205763973609,0.0,0.08846200257539749
3117.3333333333335,0.0,0.0,1.3708205763973609,0.0,0.08846656233072281
3117.6666666666665,0.0,0.0,1.3705885747202091,0.0,0.08847763389348984
3118.0,0.0,0.0,1.370665908612593,0.0,0.08848003298044205
3118.3333333333335,0.0,0.0,1.3710525780745126,0.0,0.08847373723983765
3118.6666666666665,0.0,0.0,1.3712845797516644,0.0,0.08847180753946304
3119.0,0.0,0.0,1.3713619136440482,0.0,0.08847419917583466
3119.333333333333,0.0,0.0,1.3715939153212,0.0,0.08847225457429886
3119.666666666667,0.0,0.0,1.3714392475364323,0.0,0.08848114311695099
3120.0,0.0,0.0,1.3715165814288162,0.0,0.0884835422039032
3120.333333333333,0.0,0.0,1.3712072458592806,0.0,0.08849679678678513
3120.666666666667,0.0,0.0,1.3713619136440482,0.0,0.08849702030420303
3121.0,0.0,0.0,1.3714392475364323,0.0,0.08849941939115524
3121.3333333333335,0.0,0.0,1.3715939153212,0.0,0.08849965780973434
3121.6666666666665,0.0,0.0,1.3714392475364323,0.0,0.08850859105587006
3122.0,0.0,0.0,1.3713619136440482,0.0,0.08851535618305206
3122.3333333333335,0.0,0.0,1.371671249213584,0.0,0.08851125091314316
3122.6666666666665,0.0,0.0,1.3718259169983518,0.0,0.08851148933172226
3123.0,0.0,0.0,1.3718259169983518,0.0,0.08851607143878937
3123.3333333333335,0.0,0.0,1.3719805847831197,0.0,0.08851631730794907
3123.6666666666665,0.0,0.0,1.3720579186755035,0.0,0.08851872384548187
3124.0,0.0,0.0,1.3718259169983518,0.0,0.0885298028588295
3124.3333333333335,0.0,0.0,1.3718259169983518,0.0,0.08853437751531601
3124.6666666666665,0.0,0.0,1.3722899203526553,0.0,0.0885259136557579
3125.0,0.0,0.0,1.3724445881374232,0.0,0.088526152074337
3125.3333333333335,0.0,0.0,1.3725992559221911,0.0,0.08852638304233551
3125.6666666666665,0.0,0.0,1.3728312575993429,0.0,0.08852443844079971
3126.0,0.0,0.0,1.3729085914917267,0.0,0.08852682262659073
3126.333333333333,0.0,0.0,1.3732179270612623,0.0,0.08852271735668182
3126.666666666667,0.0,0.0,1.3731405931688785,0.0,0.08852944523096085
3127.0,0.0,0.0,1.3732179270612623,0.0,0.08853184431791306
3127.333333333333,0.0,0.0,1.3731405931688785,0.0,0.08853857219219208
3127.666666666667,0.0,0.0,1.3731405931688785,0.0,0.08854313939809799
3128.0,0.0,0.0,1.373449928738414,0.0,0.0885390117764473
3128.333333333333,0.0,0.0,1.373604596523182,0.0,0.0885392278432846
3128.666666666667,0.0,0.0,1.373449928738414,0.0,0.08854813128709793
3129.0,0.0,0.0,1.37375926430795,0.0,0.08854399621486664
3129.3333333333335,0.0,0.0,1.3739139320927176,0.0,0.08854421973228455
3129.6666666666665,0.0,0.0,1.3739139320927176,0.0,0.08854878693819046
3130.0,0.0,0.0,1.3740685998774855,0.0,0.08854900300502777
3130.3333333333335,0.0,0.0,1.3742232676622534,0.0,0.08854921162128448
3130.6666666666665,0.0,0.0,1.3743006015546373,0.0,0.0885516032576561
3131.0,0.0,0.0,1.3744552693394052,0.0,0.08855181932449341
3131.3333333333335,0.0,0.0,1.374532603231789,0.0,0.08855420351028442
3131.6666666666665,0.0,0.0,1.374609937124173,0.0,0.08855661004781723
3132.0,0.0,0.0,1.3748419388013247,0.0,0.08855468034744263
3132.3333333333335,0.0,0.0,1.3749966065860926,0.0,0.08855488896369934
3132.6666666666665,0.0,0.0,1.3749966065860926,0.0,0.08855944871902466
3133.0,0.0,0.0,1.3747646049089408,0.0,0.08857051283121109
3133.3333333333335,0.0,0.0,1.3747646049089408,0.0,0.08857507258653641
3133.6666666666665,0.0,0.0,1.3747646049089408,0.0,0.08857962489128113
3134.0,0.0,0.0,1.3748419388013247,0.0,0.08858200162649155
3134.333333333333,0.0,0.0,1.3750739404784764,0.0,0.08858004212379456
3134.666666666667,0.0,0.0,1.3750739404784764,0.0,0.08858458697795868
3135.0,0.0,0.0,1.3750739404784764,0.0,0.0885891318321228
3135.333333333333,0.0,0.0,1.3751512743708605,0.0,0.08859150111675262
3135.666666666667,0.0,0.0,1.375460609940396,0.0,0.08858738094568253
3136.0,0.0,0.0,1.3753059421556282,0.0,0.08859626948833466
3136.3333333333335,0.0,0.0,1.3756926116175479,0.0,0.08858998864889145
3136.6666666666665,0.0,0.0,1.3756926116175479,0.0,0.08859455585479736
3137.0,0.0,0.0,1.37553794383278,0.0,0.08860345929861069
3137.3333333333335,0.0,0.0,1.3756926116175479,0.0,0.0886036604642868
3137.6666666666665,0.0,0.0,1.3758472794023158,0.0,0.08860386162996292
3138.0,0.0,0.0,1.3758472794023158,0.0,0.08860840648412704
3138.3333333333335,0.0,0.0,1.3760792810794675,0.0,0.08860642462968826
3138.6666666666665,0.0,0.0,1.3763112827566193,0.0,0.08860444277524948
3139.0,0.0,0.0,1.3763886166490031,0.0,0.08860678970813751
3139.3333333333335,0.0,0.0,1.3767752861109228,0.0,0.08860044926404953
3139.6666666666665,0.0,0.0,1.3769299538956905,0.0,0.08860061317682266
3140.0,0.0,0.0,1.3771619555728423,0.0,0.0885985866189003
3140.3333333333335,0.0,0.0,1.3772392894652261,0.0,0.08860090374946594
3140.6666666666665,0.0,0.0,1.3771619555728423,0.0,0.088607557117939
3141.0,0.0,0.0,1.377548625034762,0.0,0.08860120177268982
3141.333333333333,0.0,0.0,1.3777806267119137,0.0,0.08859919011592865
3141.666666666667,0.0,0.0,1.3779352944966814,0.0,0.08859933912754059
3142.0,0.0,0.0,1.3780899622814493,0.0,0.08859948068857193
3142.333333333333,0.0,0.0,1.3786312995281367,0.0,0.08858878910541534
3142.666666666667,0.0,0.0,1.3787859673129046,0.0,0.08858893066644669
3143.0,0.0,0.0,1.3787859673129046,0.0,0.08859336376190186
3143.333333333333,0.0,0.0,1.3787859673129046,0.0,0.08859779685735703
3143.666666666667,0.0,0.0,1.3790179689900564,0.0,0.08859573304653168
3144.0,0.0,0.0,1.3792499706672081,0.0,0.08859364688396454
3144.3333333333335,0.0,0.0,1.3792499706672081,0.0,0.08859805762767792
3144.6666666666665,0.0,0.0,1.3790953028824402,0.0,0.08860678970813751
3145.0,0.0,0.0,1.3791726367748243,0.0,0.0886090099811554
3145.3333333333335,0.0,0.0,1.379327304559592,0.0,0.08860906213521957
3145.6666666666665,0.0,0.0,1.3794819723443599,0.0,0.08860912919044495
3146.0,0.0,0.0,1.3794819723443599,0.0,0.08861351013183594
3146.3333333333335,0.0,0.0,1.3797913079138955,0.0,0.0886092260479927
3146.6666666666665,0.0,0.0,1.3798686418062796,0.0,0.08861144632101059
3147.0,0.0,0.0,1.3801006434834313,0.0,0.08860933035612106
3147.3333333333335,0.0,0.0,1.3800233095910472,0.0,0.08861587196588516
3147.6666666666665,0.0,0.0,1.3801006434834313,0.0,0.08861806988716125
3148.0,0.0,0.0,1.3804873129453508,0.0,0.08861161023378372
3148.3333333333335,0.0,0.0,1.380409979052967,0.0,0.08861815184354782
3148.6666666666665,0.0,0.0,1.380255311268199,0.0,0.08862683922052383
3149.0,0.0,0.0,1.3801006434834313,0.0,0.08863553404808044
3149.333333333333,0.0,0.0,1.380255311268199,0.0,0.08863557875156403
3149.666666666667,0.0,0.0,1.3801779773758152,0.0,0.08864211291074753
3150.0,0.0,0.0,1.380255311268199,0.0,0.08864431828260422
3150.333333333333,0.0,0.0,1.380409979052967,0.0,0.0886443629860878
3150.666666666667,0.0,0.0,1.3805646468377348,0.0,0.08864440023899078
3151.0,0.0,0.0,1.380332645160583,0.0,0.0886552631855011
3151.3333333333335,0.0,0.0,1.380409979052967,0.0,0.08865747600793839
3151.6666666666665,0.0,0.0,1.3807966485148866,0.0,0.08865102380514145
3152.0,0.0,0.0,1.3810286501920384,0.0,0.08864891529083252
3152.3333333333335,0.0,0.0,1.3812606518691901,0.0,0.088646799325943
3152.6666666666665,0.0,0.0,1.3814153196539578,0.0,0.08864685148000717
3153.0,0.0,0.0,1.381337985761574,0.0,0.08865339308977127
3153.3333333333335,0.0,0.0,1.381183317976806,0.0,0.08866211771965027
3153.6666666666665,0.0,0.0,1.381183317976806,0.0,0.08866650611162186
3154.0,0.0,0.0,1.3811059840844222,0.0,0.08867305517196655
3154.3333333333335,0.0,0.0,1.3814926535463419,0.0,0.088666632771492
3154.6666666666665,0.0,0.0,1.3814926535463419,0.0,0.08867102861404419
3155.0,0.0,0.0,1.381337985761574,0.0,0.08867976814508438
3155.3333333333335,0.0,0.0,1.3814926535463419,0.0,0.08867983520030975
3155.6666666666665,0.0,0.0,1.3817246552234936,0.0,0.08867774903774261
3156.0,0.0,0.0,1.3818793230082613,0.0,0.08867783099412918
3156.333333333333,0.0,0.0,1.3823433263625649,0.0,0.08866925537586212
3156.666666666667,0.0,0.0,1.3821886585777972,0.0,0.08867800980806351
3157.0,0.0,0.0,1.3823433263625649,0.0,0.08867811411619186
3157.333333333333,0.0,0.0,1.3823433263625649,0.0,0.08868254721164703
3157.666666666667,0.0,0.0,1.3823433263625649,0.0,0.0886869803071022
3158.0,0.0,0.0,1.382420660254949,0.0,0.08868927508592606
3158.333333333333,0.0,0.0,1.3828846636092524,0.0,0.08868074417114258
3158.666666666667,0.0,0.0,1.3829619975016363,0.0,0.08868303149938583
3159.0,0.0,0.0,1.3830393313940201,0.0,0.08868531882762909
3159.3333333333335,0.0,0.0,1.3831166652864042,0.0,0.08868759125471115
3159.6666666666665,0.0,0.0,1.3834260008559398,0.0,0.08868338167667389
3160.0,0.0,0.0,1.3835033347483237,0.0,0.08868566155433655
3160.3333333333335,0.0,0.0,1.3834260008559398,0.0,0.08869225531816483
3160.6666666666665,0.0,0.0,1.3834260008559398,0.0,0.0886966660618782
3161.0,0.0,0.0,1.3835033347483237,0.0,0.08869892358779907
3161.3333333333335,0.0,0.0,1.3834260008559398,0.0,0.08870549499988556
3161.6666666666665,0.0,0.0,1.3834260008559398,0.0,0.08870990574359894
3162.0,0.0,0.0,1.383348666963556,0.0,0.08871646225452423
3162.3333333333335,0.0,0.0,1.3834260008559398,0.0,0.0887187048792839
3162.6666666666665,0.0,0.0,1.3834260008559398,0.0,0.0887230932712555
3163.0,0.0,0.0,1.3835033347483237,0.0,0.08872531354427338
3163.3333333333335,0.0,0.0,1.3835033347483237,0.0,0.08872967958450317
3163.6666666666665,0.0,0.0,1.3835033347483237,0.0,0.08873404562473297
3164.0,0.0,0.0,1.3835806686407077,0.0,0.08873622864484787
3164.333333333333,0.0,0.0,1.3835033347483237,0.0,0.08874272555112839
3164.666666666667,0.0,0.0,1.383193999178788,0.0,0.08875571936368942
3165.0,0.0,0.0,1.383193999178788,0.0,0.08876004070043564
3165.333333333333,0.0,0.0,1.3831166652864042,0.0,0.08876654505729675
3165.666666666667,0.0,0.0,1.3829619975016363,0.0,0.08877521753311157
3166.0,0.0,0.0,1.3830393313940201,0.0,0.08877738565206528
3166.3333333333335,0.0,0.0,1.3829619975016363,0.0,0.08878389000892639
3166.6666666666665,0.0,0.0,1.3830393313940201,0.0,0.0887860506772995
3167.0,0.0,0.0,1.3834260008559398,0.0,0.0887795239686966
3167.3333333333335,0.0,0.0,1.383271333071172,0.0,0.08878818154335022
3167.6666666666665,0.0,0.0,1.3835033347483237,0.0,0.08878598362207413
3168.0,0.0,0.0,1.3837353364254754,0.0,0.08878378570079803
3168.3333333333335,0.0,0.0,1.3838126703178595,0.0,0.08878592401742935
3168.6666666666665,0.0,0.0,1.3838900042102433,0.0,0.08878804743289948
3169.0,0.0,0.0,1.3838900042102433,0.0,0.0887923389673233
3169.3333333333335,0.0,0.0,1.3836580025330916,0.0,0.08880312740802765
3169.6666666666665,0.0,0.0,1.3836580025330916,0.0,0.08880741894245148
3170.0,0.0,0.0,1.3837353364254754,0.0,0.0888095498085022
3170.3333333333335,0.0,0.0,1.3838126703178595,0.0,0.08881168812513351
3170.6666666666665,0.0,0.0,1.3838900042102433,0.0,0.08881382644176483
3171.0,0.0,0.0,1.3838126703178595,0.0,0.08882029354572296
3171.333333333333,0.0,0.0,1.3836580025330916,0.0,0.0888289362192154
3171.666666666667,0.0,0.0,1.3835806686407077,0.0,0.08883541077375412
3172.0,0.0,0.0,1.3838900042102433,0.0,0.08883103728294373
3172.333333333333,0.0,0.0,1.3838126703178595,0.0,0.08883752673864365
3172.666666666667,0.0,0.0,1.3840446719950112,0.0,0.08883533626794815
3173.0,0.0,0.0,1.384276673672163,0.0,0.08883315324783325
3173.333333333333,0.0,0.0,1.3844313414569307,0.0,0.08883314579725266
3173.666666666667,0.0,0.0,1.384276673672163,0.0,0.08884181082248688
3174.0,0.0,0.0,1.3844313414569307,0.0,0.08884181827306747
3174.3333333333335,0.0,0.0,1.3848180109188504,0.0,0.08883532136678696
3174.6666666666665,0.0,0.0,1.3848180109188504,0.0,0.08883967250585556
3175.0,0.0,0.0,1.3848953448112342,0.0,0.08884187042713165
3175.3333333333335,0.0,0.0,1.3849726787036183,0.0,0.08884406834840775
3175.6666666666665,0.0,0.0,1.385127346488386,0.0,0.08884409815073013
3176.0,0.0,0.0,1.385282014273154,0.0,0.08884412795305252
3176.3333333333335,0.0,0.0,1.3854366820579218,0.0,0.08884415775537491
3176.6666666666665,0.0,0.0,1.3857460176274574,0.0,0.08883986622095108
3177.0,0.0,0.0,1.3857460176274574,0.0,0.08884424716234207
3177.3333333333335,0.0,0.0,1.3858233515198413,0.0,0.08884646743535995
3177.6666666666665,0.0,0.0,1.3859780193046092,0.0,0.08884653449058533
3178.0,0.0,0.0,1.386055353196993,0.0,0.08884876221418381
3178.3333333333335,0.0,0.0,1.386210020981761,0.0,0.08884884417057037
3178.6666666666665,0.0,0.0,1.3862873548741448,0.0,0.08885107934474945
3179.0,0.0,0.0,1.3865193565512965,0.0,0.08884897828102112
3179.333333333333,0.0,0.0,1.3864420226589127,0.0,0.0888555645942688
3179.666666666667,0.0,0.0,1.386210020981761,0.0,0.08886649459600449
3180.0,0.0,0.0,1.3862873548741448,0.0,0.08886875957250595
3180.333333333333,0.0,0.0,1.3863646887665289,0.0,0.08887103199958801
3180.666666666667,0.0,0.0,1.3864420226589127,0.0,0.08887332677841187
3181.0,0.0,0.0,1.3865966904436806,0.0,0.08887345343828201
3181.3333333333335,0.0,0.0,1.3865966904436806,0.0,0.08887790143489838
3181.6666666666665,0.0,0.0,1.3864420226589127,0.0,0.08888670057058334
3182.0,0.0,0.0,1.3864420226589127,0.0,0.0888911709189415
3182.3333333333335,0.0,0.0,1.3865193565512965,0.0,0.08889345824718475
3182.6666666666665,0.0,0.0,1.3867513582284483,0.0,0.0888914167881012
3183.0,0.0,0.0,1.387138027690368,0.0,0.08888502418994904
3183.3333333333335,0.0,0.0,1.387138027690368,0.0,0.0888894572854042
3183.6666666666665,0.0,0.0,1.3874473632599036,0.0,0.08888522535562515
3184.0,0.0,0.0,1.3875246971522874,0.0,0.08888747543096542
3184.3333333333335,0.0,0.0,1.3874473632599036,0.0,0.0888940840959549
3184.6666666666665,0.0,0.0,1.3873700293675197,0.0,0.08890067785978317
3185.0,0.0,0.0,1.3872153615827518,0.0,0.08890943974256516
3185.3333333333335,0.0,0.0,1.3875246971522874,0.0,0.08890517801046371
3185.6666666666665,0.0,0.0,1.3873700293675197,0.0,0.0889139324426651
3186.0,0.0,0.0,1.3878340327218233,0.0,0.08890532702207565
3186.333333333333,0.0,0.0,1.3876793649370553,0.0,0.08891408145427704
3186.666666666667,0.0,0.0,1.3876020310446715,0.0,0.08892067521810532
3187.0,0.0,0.0,1.3878340327218233,0.0,0.08891857415437698
3187.333333333333,0.0,0.0,1.387911366614207,0.0,0.08892080187797546
3187.666666666667,0.0,0.0,1.387911366614207,0.0,0.08892519026994705
3188.0,0.0,0.0,1.387911366614207,0.0,0.08892958611249924
3188.333333333333,0.0,0.0,1.3878340327218233,0.0,0.08893612772226334
3188.666666666667,0.0,0.0,1.387911366614207,0.0,0.08893831819295883
3189.0,0.0,0.0,1.387988700506591,0.0,0.08894048631191254
3189.3333333333335,0.0,0.0,1.3881433682913589,0.0,0.08894048631191254
3189.6666666666665,0.0,0.0,1.3881433682913589,0.0,0.08894480019807816
3190.0,0.0,0.0,1.3884527038608945,0.0,0.08894042670726776
3190.3333333333335,0.0,0.0,1.3886847055380462,0.0,0.08893822878599167
3190.6666666666665,0.0,0.0,1.388916707215198,0.0,0.08893601596355438
3191.0,0.0,0.0,1.3891487088923498,0.0,0.0889338031411171
3191.3333333333335,0.0,0.0,1.3896127122466533,0.0,0.08892509341239929
3191.6666666666665,0.0,0.0,1.3896127122466533,0.0,0.08892937749624252
3192.0,0.0,0.0,1.3896900461390373,0.0,0.08893149346113205
3192.3333333333335,0.0,0.0,1.389844713923805,0.0,0.08893142640590668
3192.6666666666665,0.0,0.0,1.389922047816189,0.0,0.08893352001905441
3193.0,0.0,0.0,1.3897673800314212,0.0,0.08894209563732147
3193.3333333333335,0.0,0.0,1.3900767156009568,0.0,0.0889376625418663
3193.6666666666665,0.0,0.0,1.3901540494933409,0.0,0.08893975615501404
3194.0,0.0,0.0,1.3903087172781086,0.0,0.08893965184688568
3194.333333333333,0.0,0.0,1.3906180528476444,0.0,0.08893521875143051
3194.666666666667,0.0,0.0,1.3904633850628765,0.0,0.08894378691911697
3195.0,0.0,0.0,1.3906180528476444,0.0,0.08894370496273041
3195.333333333333,0.0,0.0,1.390772720632412,0.0,0.08894360810518265
3195.666666666667,0.0,0.0,1.390772720632412,0.0,0.0889478325843811
3196.0,0.0,0.0,1.39092738841718,0.0,0.08894773572683334
3196.3333333333335,0.0,0.0,1.390772720632412,0.0,0.0889563038945198
3196.6666666666665,0.0,0.0,1.390772720632412,0.0,0.08896053582429886
3197.0,0.0,0.0,1.391082056201948,0.0,0.08895611763000488
3197.3333333333335,0.0,0.0,1.3913140578790997,0.0,0.08895386010408401
3197.6666666666665,0.0,0.0,1.3914687256638674,0.0,0.08895378559827805
3198.0,0.0,0.0,1.3915460595562514,0.0,0.08895585685968399
3198.3333333333335,0.0,0.0,1.3914687256638674,0.0,0.08896227180957794
3198.6666666666665,0.0,0.0,1.3915460595562514,0.0,0.08896435052156448
3199.0,0.0,0.0,1.3917007273410191,0.0,0.08896426856517792
3199.3333333333335,0.0,0.0,1.391855395125787,0.0,0.08896417915821075
3199.6666666666665,0.0,0.0,1.391855395125787,0.0,0.0889684185385704
3200.0,0.0,0.0,1.3920873968029388,0.0,0.08896616846323013
3200.3333333333335,0.0,0.0,1.3920873968029388,0.0,0.08897041529417038
3200.6666666666665,0.0,0.0,1.391855395125787,0.0,0.08898113667964935
3201.0,0.0,0.0,1.392010062910555,0.0,0.08898106217384338
3201.333333333333,0.0,0.0,1.3923193984800906,0.0,0.08897665143013
3201.666666666667,0.0,0.0,1.3927060679420102,0.0,0.08897008746862411
3202.0,0.0,0.0,1.392938069619162,0.0,0.08896786719560623
3202.333333333333,0.0,0.0,1.3930154035115458,0.0,0.08896996080875397
3202.666666666667,0.0,0.0,1.3934020729734655,0.0,0.08896341174840927
3203.0,0.0,0.0,1.3935567407582332,0.0,0.0889633372426033
3203.333333333333,0.0,0.0,1.3934794068658494,0.0,0.08896978199481964
3203.666666666667,0.0,0.0,1.3934794068658494,0.0,0.08897404372692108
3204.0,0.0,0.0,1.3935567407582332,0.0,0.08897615224123001
3204.3333333333335,0.0,0.0,1.3935567407582332,0.0,0.08898040652275085
3204.6666666666665,0.0,0.0,1.3930927374039297,0.0,0.08899764716625214
3205.0,0.0,0.0,1.3931700712963138,0.0,0.08899974077939987
3205.3333333333335,0.0,0.0,1.3932474051886976,0.0,0.08900182694196701
3205.6666666666665,0.0,0.0,1.3934794068658494,0.0,0.08899958431720734
3206.0,0.0,0.0,1.3936340746506173,0.0,0.08899948745965958
3206.3333333333335,0.0,0.0,1.3936340746506173,0.0,0.08900373429059982
3206.6666666666665,0.0,0.0,1.3935567407582332,0.0,0.08901013433933258
3207.0,0.0,0.0,1.393866076327769,0.0,0.08900570124387741
3207.3333333333335,0.0,0.0,1.393866076327769,0.0,0.08900992572307587
3207.6666666666665,0.0,0.0,1.393788742435385,0.0,0.08901631087064743
3208.0,0.0,0.0,1.393943410220153,0.0,0.08901619166135788
3208.3333333333335,0.0,0.0,1.3940207441125367,0.0,0.08901821821928024
3208.6666666666665,0.0,0.0,1.393788742435385,0.0,0.08902891725301743
3209.0,0.0,0.0,1.393866076327769,0.0,0.08903095126152039
3209.333333333333,0.0,0.0,1.393866076327769,0.0,0.08903514593839645
3209.666666666667,0.0,0.0,1.393943410220153,0.0,0.08903719484806061
3210.0,0.0,0.0,1.3940207441125367,0.0,0.08903923630714417
3210.333333333333,0.0,0.0,1.3943300796820726,0.0,0.0890347808599472
3210.666666666667,0.0,0.0,1.3943300796820726,0.0,0.08903897553682327
3211.0,0.0,0.0,1.3944074135744564,0.0,0.08904099464416504
3211.3333333333335,0.0,0.0,1.394794083036376,0.0,0.08903435617685318
3211.6666666666665,0.0,0.0,1.3946394152516082,0.0,0.08904286473989487
3212.0,0.0,0.0,1.3944847474668403,0.0,0.08905137330293655
3212.3333333333335,0.0,0.0,1.3944847474668403,0.0,0.08905554562807083
3212.6666666666665,0.0,0.0,1.394716749143992,0.0,0.089053213596344
3213.0,0.0,0.0,1.39487141692876,0.0,0.08905304223299026
3213.3333333333335,0.0,0.0,1.394794083036376,0.0,0.08905937522649765
3213.6666666666665,0.0,0.0,1.3951034186059117,0.0,0.08905487507581711
3214.0,0.0,0.0,1.39487141692876,0.0,0.08906552940607071
3214.3333333333335,0.0,0.0,1.39487141692876,0.0,0.08906969428062439
3214.6666666666665,0.0,0.0,1.394794083036376,0.0,0.08907601237297058
3215.0,0.0,0.0,1.3949487508211438,0.0,0.08907584100961685
3215.3333333333335,0.0,0.0,1.3950260847135278,0.0,0.08907781541347504
3215.6666666666665,0.0,0.0,1.3951807524982955,0.0,0.08907762914896011
3216.0,0.0,0.0,1.3952580863906796,0.0,0.0890796035528183
3216.333333333333,0.0,0.0,1.3954900880678314,0.0,0.08907724916934967
3216.666666666667,0.0,0.0,1.3954900880678314,0.0,0.08908138424158096
3217.0,0.0,0.0,1.3954900880678314,0.0,0.08908552676439285
3217.333333333333,0.0,0.0,1.3957220897449831,0.0,0.08908317983150482
3217.666666666667,0.0,0.0,1.3958767575297508,0.0,0.0890829861164093
3218.0,0.0,0.0,1.395954091422135,0.0,0.08908497542142868
3218.333333333333,0.0,0.0,1.3963407608840543,0.0,0.08907829225063324
3218.666666666667,0.0,0.0,1.3963407608840543,0.0,0.08908244967460632
3219.0,0.0,0.0,1.3962634269916705,0.0,0.08908876776695251
3219.3333333333335,0.0,0.0,1.3966500964535902,0.0,0.08908210694789886
3219.6666666666665,0.0,0.0,1.396727430345974,0.0,0.08908410370349884
3220.0,0.0,0.0,1.3966500964535902,0.0,0.08909044414758682
3220.3333333333335,0.0,0.0,1.396727430345974,0.0,0.08909245580434799
3220.6666666666665,0.0,0.0,1.3968047642383579,0.0,0.08909446001052856
3221.0,0.0,0.0,1.3971914337002775,0.0,0.0890878215432167
3221.3333333333335,0.0,0.0,1.3971914337002775,0.0,0.08909200131893158
3221.6666666666665,0.0,0.0,1.3973461014850455,0.0,0.08909187465906143
3222.0,0.0,0.0,1.3971914337002775,0.0,0.08910039812326431
3222.3333333333335,0.0,0.0,1.3975007692698131,0.0,0.08909595012664795
3222.6666666666665,0.0,0.0,1.397732770946965,0.0,0.08909367024898529
3223.0,0.0,0.0,1.397655437054581,0.0,0.08910005539655685
3223.3333333333335,0.0,0.0,1.3975781031621972,0.0,0.08910644799470901
3223.6666666666665,0.0,0.0,1.397655437054581,0.0,0.08910851180553436
3224.0,0.0,0.0,1.3978874387317328,0.0,0.0891062542796135
3224.333333333333,0.0,0.0,1.3979647726241167,0.0,0.08910833299160004
3224.666666666667,0.0,0.0,1.3981967743012684,0.0,0.08910609781742096
3225.0,0.0,0.0,1.3982741081936523,0.0,0.0891081839799881
3225.333333333333,0.0,0.0,1.398583443763188,0.0,0.08910378068685532
3225.666666666667,0.0,0.0,1.398660777655572,0.0,0.08910591155290604
3226.0,0.0,0.0,1.398660777655572,0.0,0.08911018818616867
3226.3333333333335,0.0,0.0,1.3987381115479558,0.0,0.0891122967004776
3226.6666666666665,0.0,0.0,1.3987381115479558,0.0,0.08911658078432083
3227.0,0.0,0.0,1.3988154454403399,0.0,0.08911869674921036
3227.3333333333335,0.0,0.0,1.3988154454403399,0.0,0.08912298828363419
3227.6666666666665,0.0,0.0,1.3989701132251076,0.0,0.0891229435801506
3228.0,0.0,0.0,1.3991247810098755,0.0,0.08912289887666702
3228.3333333333335,0.0,0.0,1.3990474471174916,0.0,0.08912933617830276
3228.6666666666665,0.0,0.0,1.3988927793327237,0.0,0.08913794159889221
3229.0,0.0,0.0,1.3988154454403399,0.0,0.08914437144994736
3229.3333333333335,0.0,0.0,1.3988927793327237,0.0,0.0891464576125145
3229.6666666666665,0.0,0.0,1.3989701132251076,0.0,0.08914853632450104
3230.0,0.0,0.0,1.3988927793327237,0.0,0.08915494382381439
3230.3333333333335,0.0,0.0,1.3990474471174916,0.0,0.08915483951568604
3230.6666666666665,0.0,0.0,1.3992794487946434,0.0,0.08915258944034576
3231.0,0.0,0.0,1.399434116579411,0.0,0.08915247768163681
3231.333333333333,0.0,0.0,1.3995114504717951,0.0,0.08915454894304276
3231.666666666667,0.0,0.0,1.399434116579411,0.0,0.08916094154119492
3232.0,0.0,0.0,1.3992021149022593,0.0,0.08917165547609329
3232.333333333333,0.0,0.0,1.3990474471174916,0.0,0.08918022364377975
3232.666666666667,0.0,0.0,1.3991247810098755,0.0,0.08918226510286331
3233.0,0.0,0.0,1.3993567826870272,0.0,0.08917997777462006
3233.333333333333,0.0,0.0,1.399434116579411,0.0,0.08918201178312302
3233.666666666667,0.0,0.0,1.399434116579411,0.0,0.08918620645999908
3234.0,0.0,0.0,1.399588784364179,0.0,0.08918606489896774
3234.3333333333335,0.0,0.0,1.3996661182565628,0.0,0.08918806910514832
3234.6666666666665,0.0,0.0,1.3992794487946434,0.0,0.08920306712388992
3235.0,0.0,0.0,1.3991247810098755,0.0,0.08921156078577042
3235.3333333333335,0.0,0.0,1.3991247810098755,0.0,0.0892157107591629
3235.6666666666665,0.0,0.0,1.3990474471174916,0.0,0.0892220139503479
3236.0,0.0,0.0,1.3989701132251076,0.0,0.0892283096909523
3236.3333333333335,0.0,0.0,1.3989701132251076,0.0,0.0892324224114418
3236.6666666666665,0.0,0.0,1.3990474471174916,0.0,0.0892343670129776
3237.0,0.0,0.0,1.3989701132251076,0.0,0.08924061805009842
3237.3333333333335,0.0,0.0,1.3991247810098755,0.0,0.08924035727977753
3237.6666666666665,0.0,0.0,1.3991247810098755,0.0,0.08924442529678345
3238.0,0.0,0.0,1.3991247810098755,0.0,0.08924848586320877
3238.3333333333335,0.0,0.0,1.3992794487946434,0.0,0.08924819529056549
3238.6666666666665,0.0,0.0,1.3992021149022593,0.0,0.08925438672304153
3239.0,0.0,0.0,1.3989701132251076,0.0,0.08926494419574738
3239.333333333333,0.0,0.0,1.3992794487946434,0.0,0.0892602801322937
3239.666666666667,0.0,0.0,1.3992794487946434,0.0,0.08926428854465485
3240.0,0.0,0.0,1.3998207860413308,0.0,0.08925311267375946
3240.333333333333,0.0,0.0,1.3998981199337146,0.0,0.0892549529671669
3240.666666666667,0.0,0.0,1.4000527877184825,0.0,0.08925459533929825
3241.0,0.0,0.0,1.3999754538260987,0.0,0.08926074206829071
3241.3333333333335,0.0,0.0,1.4001301216108664,0.0,0.08926037698984146
3241.6666666666665,0.0,0.0,1.4002847893956343,0.0,0.08926001936197281
3242.0,0.0,0.0,1.4004394571804022,0.0,0.08925965428352356
3242.3333333333335,0.0,0.0,1.4003621232880181,0.0,0.08926577121019363
3242.6666666666665,0.0,0.0,1.4005941249651699,0.0,0.08926321566104889
3243.0,0.0,0.0,1.4009034605347057,0.0,0.08925849944353104
3243.3333333333335,0.0,0.0,1.4009807944270896,0.0,0.0892602726817131
3243.6666666666665,0.0,0.0,1.4009807944270896,0.0,0.08926422148942947
3244.0,0.0,0.0,1.4011354622118575,0.0,0.08926381915807724
3244.3333333333335,0.0,0.0,1.4010581283194734,0.0,0.08926992118358612
3244.6666666666665,0.0,0.0,1.4012901299966252,0.0,0.08926735073328018
3245.0,0.0,0.0,1.4016767994585448,0.0,0.08926046639680862
3245.3333333333335,0.0,0.0,1.401522131673777,0.0,0.08926872909069061
3245.6666666666665,0.0,0.0,1.401522131673777,0.0,0.08927267044782639
3246.0,0.0,0.0,1.401522131673777,0.0,0.08927661180496216
3246.333333333333,0.0,0.0,1.4016767994585448,0.0,0.08927622437477112
3246.666666666667,0.0,0.0,1.401599465566161,0.0,0.0892823338508606
3247.0,0.0,0.0,1.401599465566161,0.0,0.08928626775741577
3247.333333333333,0.0,0.0,1.4017541333509287,0.0,0.08928585797548294
3247.666666666667,0.0,0.0,1.4021408028128484,0.0,0.08927896618843079
3248.0,0.0,0.0,1.4022954705976163,0.0,0.08927857875823975
3248.333333333333,0.0,0.0,1.402450138382384,0.0,0.0892781913280487
3248.666666666667,0.0,0.0,1.402527472274768,0.0,0.08927999436855316
3249.0,0.0,0.0,1.4027594739519198,0.0,0.08927746117115021
3249.3333333333335,0.0,0.0,1.4026048061671519,0.0,0.08928578346967697
3249.6666666666665,0.0,0.0,1.4026048061671519,0.0,0.08928975462913513
3250.0,0.0,0.0,1.4027594739519198,0.0,0.08928940445184708
3250.3333333333335,0.0,0.0,1.4029141417366875,0.0,0.08928906917572021
3250.6666666666665,0.0,0.0,1.4029141417366875,0.0,0.08929307013750076
3251.0,0.0,0.0,1.4026821400595357,0.0,0.08930359035730362
3251.3333333333335,0.0,0.0,1.4029141417366875,0.0,0.08930111676454544
3251.6666666666665,0.0,0.0,1.4026048061671519,0.0,0.0893138125538826
3252.0,0.0,0.0,1.4028368078443036,0.0,0.08931136131286621
3252.3333333333335,0.0,0.0,1.4027594739519198,0.0,0.08931757509708405
3252.6666666666665,0.0,0.0,1.4029141417366875,0.0,0.08931729197502136
3253.0,0.0,0.0,1.4031461434138393,0.0,0.08931484818458557
3253.3333333333335,0.0,0.0,1.4030688095214554,0.0,0.0893210843205452
3253.6666666666665,0.0,0.0,1.4030688095214554,0.0,0.08932516723871231
3254.0,0.0,0.0,1.4033008111986072,0.0,0.08932273089885712
3254.333333333333,0.0,0.0,1.4032234773062233,0.0,0.08932898938655853
3254.666666666667,0.0,0.0,1.403455478983375,0.0,0.08932659775018692
3255.0,0.0,0.0,1.403378145090991,0.0,0.08933287858963013
3255.333333333333,0.0,0.0,1.4036101467681428,0.0,0.08933050185441971
3255.666666666667,0.0,0.0,1.4036874806605268,0.0,0.0893324613571167
3256.0,0.0,0.0,1.4037648145529107,0.0,0.0893344134092331
3256.3333333333335,0.0,0.0,1.4036874806605268,0.0,0.08934071660041809
3256.6666666666665,0.0,0.0,1.403455478983375,0.0,0.0893513411283493
3257.0,0.0,0.0,1.403532812875759,0.0,0.0893532857298851
3257.3333333333335,0.0,0.0,1.4038421484452945,0.0,0.08934872597455978
3257.6666666666665,0.0,0.0,1.4037648145529107,0.0,0.0893549993634224
3258.0,0.0,0.0,1.403532812875759,0.0,0.08936560153961182
3258.3333333333335,0.0,0.0,1.4036101467681428,0.0,0.08936753123998642
3258.6666666666665,0.0,0.0,1.4038421484452945,0.0,0.08936511725187302
3259.0,0.0,0.0,1.4036874806605268,0.0,0.08937354385852814
3259.3333333333335,0.0,0.0,1.4037648145529107,0.0,0.08937546610832214
3259.6666666666665,0.0,0.0,1.4038421484452945,0.0,0.08937738090753555
3260.0,0.0,0.0,1.4040741501224463,0.0,0.08937493711709976
3260.3333333333335,0.0,0.0,1.4039968162300624,0.0,0.08938120305538177
3260.6666666666665,0.0,0.0,1.4046928212615177,0.0,0.08936578035354614
3261.0,0.0,0.0,1.4048474890462856,0.0,0.08936553448438644
3261.333333333333,0.0,0.0,1.4051568246158213,0.0,0.08936095237731934
3261.666666666667,0.0,0.0,1.4047701551539016,0.0,0.08937587589025497
3262.0,0.0,0.0,1.4046928212615177,0.0,0.08938214927911758
3262.333333333333,0.0,0.0,1.4046928212615177,0.0,0.08938625454902649
3262.666666666667,0.0,0.0,1.4046154873691339,0.0,0.0893925130367279
3263.0,0.0,0.0,1.4048474890462856,0.0,0.0893900990486145
3263.333333333333,0.0,0.0,1.4049248229386695,0.0,0.08939200639724731
3263.666666666667,0.0,0.0,1.4050794907234374,0.0,0.08939176052808762
3264.0,0.0,0.0,1.4051568246158213,0.0,0.08939367532730103
3264.3333333333335,0.0,0.0,1.4051568246158213,0.0,0.08939775079488754
3264.6666666666665,0.0,0.0,1.405234158508205,0.0,0.08939965069293976
3265.0,0.0,0.0,1.4053114924005892,0.0,0.08940155059099197
3265.3333333333335,0.0,0.0,1.405543494077741,0.0,0.08939910680055618
3265.6666666666665,0.0,0.0,1.405543494077741,0.0,0.08940315246582031
3266.0,0.0,0.0,1.4054661601853569,0.0,0.08940938115119934
3266.3333333333335,0.0,0.0,1.405388826292973,0.0,0.08941558748483658
3266.6666666666665,0.0,0.0,1.4056981618625086,0.0,0.08941096812486649
3267.0,0.0,0.0,1.4056208279701248,0.0,0.08941716700792313
3267.3333333333335,0.0,0.0,1.4058528296472765,0.0,0.08941470831632614
3267.6666666666665,0.0,0.0,1.4059301635396604,0.0,0.08941657841205597
3268.0,0.0,0.0,1.4059301635396604,0.0,0.0894206166267395
3268.3333333333335,0.0,0.0,1.4060848313244283,0.0,0.08942031115293503
3268.6666666666665,0.0,0.0,1.406394166893964,0.0,0.08941566199064255
3269.0,0.0,0.0,1.4065488346787318,0.0,0.08941534906625748
3269.333333333333,0.0,0.0,1.4065488346787318,0.0,0.08941937237977982
3269.666666666667,0.0,0.0,1.4066261685711157,0.0,0.08942121267318726
3270.0,0.0,0.0,1.4065488346787318,0.0,0.0894273892045021
3270.333333333333,0.0,0.0,1.4070901719254192,0.0,0.08941623568534851
3270.666666666667,0.0,0.0,1.407322173602571,0.0,0.08941377699375153
3271.0,0.0,0.0,1.4074768413873389,0.0,0.08941347151994705
3271.3333333333335,0.0,0.0,1.4077088430644906,0.0,0.08941101282835007
3271.6666666666665,0.0,0.0,1.4076315091721068,0.0,0.0894172191619873
3272.0,0.0,0.0,1.4079408447416424,0.0,0.08941258490085602
3272.3333333333335,0.0,0.0,1.4080955125264103,0.0,0.08941229432821274
3272.6666666666665,0.0,0.0,1.4080955125264103,0.0,0.08941631019115448
3273.0,0.0,0.0,1.408327514203562,0.0,0.0894138440489769
3273.3333333333335,0.0,0.0,1.4085595158807136,0.0,0.08941137790679932
3273.6666666666665,0.0,0.0,1.4085595158807136,0.0,0.08941540122032166
3274.0,0.0,0.0,1.408404848095946,0.0,0.08942374587059021
3274.3333333333335,0.0,0.0,1.408404848095946,0.0,0.08942775428295135
3274.6666666666665,0.0,0.0,1.408250180311178,0.0,0.0894361138343811
3275.0,0.0,0.0,1.408327514203562,0.0,0.08943794667720795
3275.3333333333335,0.0,0.0,1.4081728464187941,0.0,0.08944627642631531
3275.6666666666665,0.0,0.0,1.408327514203562,0.0,0.08944594860076904
3276.0,0.0,0.0,1.4085595158807136,0.0,0.08944343775510788
3276.333333333333,0.0,0.0,1.4084821819883298,0.0,0.08944959938526154
3276.666666666667,0.0,0.0,1.4087915175578654,0.0,0.08944494277238846
3277.0,0.0,0.0,1.4089461853426333,0.0,0.0894446074962616
3277.333333333333,0.0,0.0,1.4089461853426333,0.0,0.08944860100746155
3277.666666666667,0.0,0.0,1.409178187019785,0.0,0.08944611996412277
3278.0,0.0,0.0,1.409178187019785,0.0,0.08945012837648392
3278.333333333333,0.0,0.0,1.4091008531274012,0.0,0.08945629745721817
3278.666666666667,0.0,0.0,1.409178187019785,0.0,0.08945813030004501
3279.0,0.0,0.0,1.4092555209121689,0.0,0.08945996314287186
3279.3333333333335,0.0,0.0,1.4096421903740886,0.0,0.08945313096046448
3279.6666666666665,0.0,0.0,1.4098741920512403,0.0,0.08945063501596451
3280.0,0.0,0.0,1.4100288598360082,0.0,0.08945029228925705
3280.3333333333335,0.0,0.0,1.4099515259436242,0.0,0.08945644646883011
3280.6666666666665,0.0,0.0,1.4103381954055438,0.0,0.08944960683584213
3281.0,0.0,0.0,1.4104155292979277,0.0,0.08945143222808838
3281.3333333333335,0.0,0.0,1.4107248648674635,0.0,0.0894467681646347
3281.6666666666665,0.0,0.0,1.4106475309750794,0.0,0.08945292234420776
3282.0,0.0,0.0,1.4108021987598474,0.0,0.0894525796175003
3282.3333333333335,0.0,0.0,1.4108021987598474,0.0,0.08945658057928085
3282.6666666666665,0.0,0.0,1.4109568665446153,0.0,0.08945626765489578
3283.0,0.0,0.0,1.4109568665446153,0.0,0.08946027606725693
3283.3333333333335,0.0,0.0,1.411188868221767,0.0,0.08945778757333755
3283.6666666666665,0.0,0.0,1.411188868221767,0.0,0.0894617885351181
3284.0,0.0,0.0,1.411111534329383,0.0,0.08946794271469116
3284.333333333333,0.0,0.0,1.4110342004369991,0.0,0.08947410434484482
3284.666666666667,0.0,0.0,1.411188868221767,0.0,0.08947377651929855
3285.0,0.0,0.0,1.4114208698989188,0.0,0.08947127312421799
3285.333333333333,0.0,0.0,1.4114208698989188,0.0,0.08947527408599854
3285.666666666667,0.0,0.0,1.4115755376836865,0.0,0.08947495371103287
3286.0,0.0,0.0,1.4117302054684544,0.0,0.0894746333360672
3286.3333333333335,0.0,0.0,1.41203954103799,0.0,0.08947000652551651
3286.6666666666665,0.0,0.0,1.4123488766075258,0.0,0.08946535736322403
3287.0,0.0,0.0,1.4124262104999097,0.0,0.08946721255779266
3287.3333333333335,0.0,0.0,1.4125808782846776,0.0,0.08946692198514938
3287.6666666666665,0.0,0.0,1.4124262104999097,0.0,0.08947527408599854
3288.0,0.0,0.0,1.4128128799618294,0.0,0.08946849405765533
3288.3333333333335,0.0,0.0,1.412967547746597,0.0,0.08946821093559265
3288.6666666666665,0.0,0.0,1.413122215531365,0.0,0.08946794271469116
3289.0,0.0,0.0,1.4135088849932846,0.0,0.08946119248867035
3289.3333333333335,0.0,0.0,1.4136635527780523,0.0,0.08946092426776886
3289.6666666666665,0.0,0.0,1.414050222239972,0.0,0.08945420384407043
3290.0,0.0,0.0,1.4137408866704364,0.0,0.08946690708398819
3290.3333333333335,0.0,0.0,1.4138182205628202,0.0,0.0894688218832016
3290.6666666666665,0.0,0.0,1.4138182205628202,0.0,0.08947291225194931
3291.0,0.0,0.0,1.4141275561323559,0.0,0.08946836739778519
3291.333333333333,0.0,0.0,1.4142822239171238,0.0,0.08946814388036728
3291.666666666667,0.0,0.0,1.4143595578095076,0.0,0.08947010338306427
3292.0,0.0,0.0,1.41420489002474,0.0,0.08947852998971939
3292.333333333333,0.0,0.0,1.4142822239171238,0.0,0.089480459690094
3292.666666666667,0.0,0.0,1.4143595578095076,0.0,0.08948240429162979
3293.0,0.0,0.0,1.4144368917018917,0.0,0.08948434889316559
3293.333333333333,0.0,0.0,1.4144368917018917,0.0,0.0894884467124939
3293.666666666667,0.0,0.0,1.4145142255942755,0.0,0.0894903764128685
3294.0,0.0,0.0,1.4149008950561952,0.0,0.08948367089033127
3294.3333333333335,0.0,0.0,1.414978228948579,0.0,0.08948560804128647
3294.6666666666665,0.0,0.0,1.414978228948579,0.0,0.08948969095945358
3295.0,0.0,0.0,1.4146688933790434,0.0,0.08950239419937134
3295.3333333333335,0.0,0.0,1.4147462272714273,0.0,0.08950431644916534
3295.6666666666665,0.0,0.0,1.414978228948579,0.0,0.08950190991163254
3296.0,0.0,0.0,1.415055562840963,0.0,0.08950380980968475
3296.3333333333335,0.0,0.0,1.4152102306257308,0.0,0.08950354903936386
3296.6666666666665,0.0,0.0,1.415132896733347,0.0,0.0895097479224205
3297.0,0.0,0.0,1.4148235611638111,0.0,0.08952242136001587
3297.3333333333335,0.0,0.0,1.4145915594866594,0.0,0.08953291177749634
3297.6666666666665,0.0,0.0,1.4145142255942755,0.0,0.08953908830881119
3298.0,0.0,0.0,1.4147462272714273,0.0,0.08953660726547241
3298.3333333333335,0.0,0.0,1.4146688933790434,0.0,0.08954274654388428
3298.6666666666665,0.0,0.0,1.4148235611638111,0.0,0.08954240381717682
3299.0,0.0,0.0,1.4145915594866594,0.0,0.0895528718829155
3299.333333333333,0.0,0.0,1.4146688933790434,0.0,0.08955467492341995
3299.666666666667,0.0,0.0,1.414978228948579,0.0,0.08954999595880508
3300.0,0.0,0.0,1.4152102306257308,0.0,0.08954746276140213
3300.333333333333,0.0,0.0,1.4153648984104987,0.0,0.0895470678806305
3300.666666666667,0.0,0.0,1.4155195661952664,0.0,0.08954667299985886
3301.0,0.0,0.0,1.4154422323028826,0.0,0.08955273777246475
3301.3333333333335,0.0,0.0,1.4152875645181147,0.0,0.08956095576286316
3301.6666666666665,0.0,0.0,1.4156742339800343,0.0,0.08955404162406921
3302.0,0.0,0.0,1.4158289017648023,0.0,0.0895535945892334
3302.3333333333335,0.0,0.0,1.415906235657186,0.0,0.0895553007721901
3302.6666666666665,0.0,0.0,1.4161382373343379,0.0,0.08955268561840057
3303.0,0.0,0.0,1.4161382373343379,0.0,0.08955653756856918
3303.3333333333335,0.0,0.0,1.416060903441954,0.0,0.08956253528594971
3303.6666666666665,0.0,0.0,1.4161382373343379,0.0,0.08956419676542282
3304.0,0.0,0.0,1.4161382373343379,0.0,0.08956801146268845
3304.3333333333335,0.0,0.0,1.4165249067962575,0.0,0.08956103771924973
3304.6666666666665,0.0,0.0,1.4166022406886414,0.0,0.08956267684698105
3305.0,0.0,0.0,1.4167569084734093,0.0,0.08956215530633926
3305.3333333333335,0.0,0.0,1.416911576258177,0.0,0.08956161886453629
3305.6666666666665,0.0,0.0,1.416911576258177,0.0,0.08956538885831833
3306.0,0.0,0.0,1.4168342423657931,0.0,0.08957131952047348
3306.333333333333,0.0,0.0,1.4167569084734093,0.0,0.08957724273204803
3306.666666666667,0.0,0.0,1.4166795745810252,0.0,0.0895831435918808
3307.0,0.0,0.0,1.4167569084734093,0.0,0.08958475291728973
3307.333333333333,0.0,0.0,1.4167569084734093,0.0,0.08958850055932999
3307.666666666667,0.0,0.0,1.4168342423657931,0.0,0.08959008008241653
3308.0,0.0,0.0,1.4168342423657931,0.0,0.08959382772445679
3308.333333333333,0.0,0.0,1.416911576258177,0.0,0.08959540724754333
3308.666666666667,0.0,0.0,1.417066244042945,0.0,0.08959482610225677
3309.0,0.0,0.0,1.417066244042945,0.0,0.08959855884313583
3309.3333333333335,0.0,0.0,1.4171435779353287,0.0,0.08960013836622238
3309.6666666666665,0.0,0.0,1.417066244042945,0.0,0.08960601687431335
3310.0,0.0,0.0,1.417066244042945,0.0,0.08960974961519241
3310.3333333333335,0.0,0.0,1.4171435779353287,0.0,0.08961131423711777
3310.6666666666665,0.0,0.0,1.4172209118277128,0.0,0.08961287885904312
3311.0,0.0,0.0,1.417066244042945,0.0,0.0896209180355072
3311.3333333333335,0.0,0.0,1.417066244042945,0.0,0.08962464332580566
3311.6666666666665,0.0,0.0,1.417066244042945,0.0,0.08962837606668472
3312.0,0.0,0.0,1.4174529135048646,0.0,0.08962129056453705
3312.3333333333335,0.0,0.0,1.4176849151820163,0.0,0.08961853384971619
3312.6666666666665,0.0,0.0,1.4177622490744002,0.0,0.08962009102106094
3313.0,0.0,0.0,1.417916916859168,0.0,0.08961951732635498
3313.3333333333335,0.0,0.0,1.417994250751552,0.0,0.08962108939886093
3313.6666666666665,0.0,0.0,1.417994250751552,0.0,0.08962482959032059
3314.0,0.0,0.0,1.4183035863210876,0.0,0.08961993455886841
3314.333333333333,0.0,0.0,1.4183035863210876,0.0,0.08962370455265045
3314.666666666667,0.0,0.0,1.4183035863210876,0.0,0.0896274670958519
3315.0,0.0,0.0,1.4184582541058555,0.0,0.08962690830230713
3315.333333333333,0.0,0.0,1.4184582541058555,0.0,0.08963068574666977
3315.666666666667,0.0,0.0,1.4186129218906234,0.0,0.08963014930486679
3316.0,0.0,0.0,1.4188449235677751,0.0,0.0896274670958519
3316.3333333333335,0.0,0.0,1.4188449235677751,0.0,0.08963128924369812
3316.6666666666665,0.0,0.0,1.4189995913525428,0.0,0.08963080495595932
3317.0,0.0,0.0,1.4193089269220784,0.0,0.0896259993314743
3317.3333333333335,0.0,0.0,1.4195409285992302,0.0,0.08962336927652359
3317.6666666666665,0.0,0.0,1.4196955963839981,0.0,0.08962289988994598
3318.0,0.0,0.0,1.4200049319535337,0.0,0.08961813896894455
3318.3333333333335,0.0,0.0,1.4202369336306855,0.0,0.08961553871631622
3318.6666666666665,0.0,0.0,1.4203142675230696,0.0,0.08961724489927292
3319.0,0.0,0.0,1.4204689353078372,0.0,0.0896167978644371
3319.3333333333335,0.0,0.0,1.4206236030926052,0.0,0.08961634337902069
3319.6666666666665,0.0,0.0,1.420778270877373,0.0,0.08961589634418488
3320.0,0.0,0.0,1.420855604769757,0.0,0.08961761742830276
3320.3333333333335,0.0,0.0,1.4210876064469087,0.0,0.08961500972509384
3320.6666666666665,0.0,0.0,1.4211649403392925,0.0,0.08961673080921173
3321.0,0.0,0.0,1.4210876064469087,0.0,0.08962276577949524
3321.333333333333,0.0,0.0,1.4210102725545248,0.0,0.08962880074977875
3321.666666666667,0.0,0.0,1.4209329386621408,0.0,0.08963483572006226
3322.0,0.0,0.0,1.4209329386621408,0.0,0.08963871002197266
3322.333333333333,0.0,0.0,1.4211649403392925,0.0,0.08963613212108612
3322.666666666667,0.0,0.0,1.4210876064469087,0.0,0.08964217454195023
3323.0,0.0,0.0,1.4210876064469087,0.0,0.08964605629444122
3323.333333333333,0.0,0.0,1.4213969420164443,0.0,0.08964131027460098
3323.666666666667,0.0,0.0,1.4213969420164443,0.0,0.08964518457651138
3324.0,0.0,0.0,1.4213196081240604,0.0,0.08965121954679489
3324.3333333333335,0.0,0.0,1.4210876064469087,0.0,0.08966156840324402
3324.6666666666665,0.0,0.0,1.4209329386621408,0.0,0.08966975659132004
3325.0,0.0,0.0,1.4209329386621408,0.0,0.08967362344264984
3325.3333333333335,0.0,0.0,1.420778270877373,0.0,0.08968179672956467
3325.6666666666665,0.0,0.0,1.420700936984989,0.0,0.08968780189752579
3326.0,0.0,0.0,1.420855604769757,0.0,0.08968733996152878
3326.3333333333335,0.0,0.0,1.4209329386621408,0.0,0.0896889939904213
3326.6666666666665,0.0,0.0,1.4209329386621408,0.0,0.08969283103942871
3327.0,0.0,0.0,1.4210102725545248,0.0,0.08969448506832123
3327.3333333333335,0.0,0.0,1.4210876064469087,0.0,0.08969614654779434
3327.6666666666665,0.0,0.0,1.4213196081240604,0.0,0.08969347178936005
3328.0,0.0,0.0,1.4213196081240604,0.0,0.08969727158546448
3328.3333333333335,0.0,0.0,1.4213196081240604,0.0,0.08970104902982712
3328.6666666666665,0.0,0.0,1.4213196081240604,0.0,0.08970483392477036
3329.0,0.0,0.0,1.4213196081240604,0.0,0.0897086039185524
3329.333333333333,0.0,0.0,1.421628943693596,0.0,0.08970373123884201
3329.666666666667,0.0,0.0,1.4217062775859801,0.0,0.08970534056425095
3330.0,0.0,0.0,1.421628943693596,0.0,0.0897112563252449
3330.333333333333,0.0,0.0,1.4215516098012122,0.0,0.08971716463565826
3330.666666666667,0.0,0.0,1.4213969420164443,0.0,0.08972522616386414
3331.0,0.0,0.0,1.4214742759088284,0.0,0.08972680568695068
3331.3333333333335,0.0,0.0,1.421628943693596,0.0,0.08972620964050293
3331.6666666666665,0.0,0.0,1.4214742759088284,0.0,0.08973425626754761
3332.0,0.0,0.0,1.421628943693596,0.0,0.08973367512226105
3332.3333333333335,0.0,0.0,1.4220156131555157,0.0,0.08972658962011337
3332.6666666666665,0.0,0.0,1.4217062775859801,0.0,0.08973897248506546
3333.0,0.0,0.0,1.4218609453707478,0.0,0.08973836898803711
3333.3333333333335,0.0,0.0,1.4219382792631319,0.0,0.08973993360996246
3333.6666666666665,0.0,0.0,1.4220156131555157,0.0,0.08974150568246841
3334.0,0.0,0.0,1.421783611478364,0.0,0.0897517129778862
3334.3333333333335,0.0,0.0,1.421783611478364,0.0,0.08975542336702347
3334.6666666666665,0.0,0.0,1.421628943693596,0.0,0.08976347744464874
3335.0,0.0,0.0,1.4220156131555157,0.0,0.08975639194250107
3335.3333333333335,0.0,0.0,1.4220929470478996,0.0,0.08975794166326523
3335.6666666666665,0.0,0.0,1.4224796165098192,0.0,0.08975085616111755
3336.0,0.0,0.0,1.422556950402203,0.0,0.08975240588188171
3336.333333333333,0.0,0.0,1.422711618186971,0.0,0.08975180238485336
3336.666666666667,0.0,0.0,1.422711618186971,0.0,0.08975549787282944
3337.0,0.0,0.0,1.4226342842945872,0.0,0.08976136893033981
3337.333333333333,0.0,0.0,1.4224796165098192,0.0,0.0897693857550621
3337.666666666667,0.0,0.0,1.4224796165098192,0.0,0.08977308124303818
3338.0,0.0,0.0,1.4224796165098192,0.0,0.08977677673101425
3338.333333333333,0.0,0.0,1.422556950402203,0.0,0.08977830410003662
3338.666666666667,0.0,0.0,1.422711618186971,0.0,0.08977766335010529
3339.0,0.0,0.0,1.4230209537565066,0.0,0.08977270126342773
3339.3333333333335,0.0,0.0,1.4230982876488907,0.0,0.08977421373128891
3339.6666666666665,0.0,0.0,1.4234076232184263,0.0,0.08976925909519196
3340.0,0.0,0.0,1.4235622910031942,0.0,0.08976862579584122
3340.3333333333335,0.0,0.0,1.4234849571108101,0.0,0.08977445960044861
3340.6666666666665,0.0,0.0,1.4230982876488907,0.0,0.08978895843029022
3341.0,0.0,0.0,1.4230982876488907,0.0,0.0897926464676857
3341.3333333333335,0.0,0.0,1.4230982876488907,0.0,0.08979633450508118
3341.6666666666665,0.0,0.0,1.4233302893260424,0.0,0.08979352563619614
3342.0,0.0,0.0,1.4234076232184263,0.0,0.0897950530052185
3342.3333333333335,0.0,0.0,1.423794292680346,0.0,0.08978792279958725
3342.6666666666665,0.0,0.0,1.423794292680346,0.0,0.08979161083698273
3343.0,0.0,0.0,1.423794292680346,0.0,0.08979529142379761
3343.3333333333335,0.0,0.0,1.4238716265727298,0.0,0.08979681134223938
3343.6666666666665,0.0,0.0,1.4238716265727298,0.0,0.08980051428079605
3344.0,0.0,0.0,1.423794292680346,0.0,0.08980637788772583
3344.333333333333,0.0,0.0,1.423716958787962,0.0,0.08981223404407501
3344.666666666667,0.0,0.0,1.4234849571108101,0.0,0.08982241898775101
3345.0,0.0,0.0,1.4235622910031942,0.0,0.08982396870851517
3345.333333333333,0.0,0.0,1.4234076232184263,0.0,0.08983198553323746
3345.666666666667,0.0,0.0,1.4233302893260424,0.0,0.08983784168958664
3346.0,0.0,0.0,1.4232529554336584,0.0,0.08984369784593582
3346.3333333333335,0.0,0.0,1.4234849571108101,0.0,0.08984088152647018
3346.6666666666665,0.0,0.0,1.4235622910031942,0.0,0.08984239399433136
3347.0,0.0,0.0,1.4234849571108101,0.0,0.08984824270009995
3347.3333333333335,0.0,0.0,1.4234849571108101,0.0,0.08985190838575363
3347.6666666666665,0.0,0.0,1.4235622910031942,0.0,0.08985341340303421
3348.0,0.0,0.0,1.423716958787962,0.0,0.08985274285078049
3348.3333333333335,0.0,0.0,1.423716958787962,0.0,0.08985640108585358
3348.6666666666665,0.0,0.0,1.4240262943574977,0.0,0.08985140174627304
3349.0,0.0,0.0,1.4240262943574977,0.0,0.08985506743192673
3349.3333333333335,0.0,0.0,1.4241036282498816,0.0,0.08985655754804611
3349.6666666666665,0.0,0.0,1.4241809621422654,0.0,0.0898580476641655
3350.0,0.0,0.0,1.4241809621422654,0.0,0.08986169844865799
3350.3333333333335,0.0,0.0,1.4244129638194172,0.0,0.08985883742570877
3350.6666666666665,0.0,0.0,1.424567631604185,0.0,0.08985813707113266
3351.0,0.0,0.0,1.424722299388953,0.0,0.08985744416713715
3351.333333333333,0.0,0.0,1.4250316349584886,0.0,0.08985241502523422
3351.666666666667,0.0,0.0,1.4252636366356404,0.0,0.089849554002285
3352.0,0.0,0.0,1.4253409705280242,0.0,0.0898509994149208
3352.333333333333,0.0,0.0,1.4253409705280242,0.0,0.08985462784767151
3352.666666666667,0.0,0.0,1.4254956383127921,0.0,0.0898539125919342
3353.0,0.0,0.0,1.425727639989944,0.0,0.08985103666782379
3353.333333333333,0.0,0.0,1.4259596416670957,0.0,0.08984816074371338
3353.666666666667,0.0,0.0,1.4260369755594795,0.0,0.08984961360692978
3354.0,0.0,0.0,1.4261143094518636,0.0,0.08985105901956558
3354.3333333333335,0.0,0.0,1.4263463111290153,0.0,0.08984816819429398
3354.6666666666665,0.0,0.0,1.426655646698551,0.0,0.08984313905239105
3355.0,0.0,0.0,1.4268876483757027,0.0,0.08984025567770004
3355.3333333333335,0.0,0.0,1.4270423161604706,0.0,0.08983954787254333
3355.6666666666665,0.0,0.0,1.4268876483757027,0.0,0.08984746038913727
3356.0,0.0,0.0,1.4270423161604706,0.0,0.08984673023223877
3356.3333333333335,0.0,0.0,1.4271969839452383,0.0,0.08984601497650146
3356.6666666666665,0.0,0.0,1.42742898562239,0.0,0.08984313905239105
3357.0,0.0,0.0,1.4272743178376224,0.0,0.08985105156898499
3357.3333333333335,0.0,0.0,1.4275063195147741,0.0,0.08984817564487457
3357.6666666666665,0.0,0.0,1.4275063195147741,0.0,0.08985177427530289
3358.0,0.0,0.0,1.4273516517300062,0.0,0.08985968679189682
3358.3333333333335,0.0,0.0,1.4272743178376224,0.0,0.08986543864011765
3358.6666666666665,0.0,0.0,1.4272743178376224,0.0,0.08986902981996536
3359.0,0.0,0.0,1.4273516517300062,0.0,0.08987046033143997
3359.333333333333,0.0,0.0,1.4275063195147741,0.0,0.08986973017454147
3359.666666666667,0.0,0.0,1.427738321191926,0.0,0.08986683934926987
3360.0,0.0,0.0,1.427738321191926,0.0,0.08987043797969818
3360.333333333333,0.0,0.0,1.4279703228690777,0.0,0.08986754715442657
3360.666666666667,0.0,0.0,1.4279703228690777,0.0,0.08987113833427429
3361.0,0.0,0.0,1.4282023245462294,0.0,0.08986825495958328
3361.3333333333335,0.0,0.0,1.4281249906538453,0.0,0.0898740217089653
3361.6666666666665,0.0,0.0,1.4282796584386133,0.0,0.08987333625555038
3362.0,0.0,0.0,1.4284343262233812,0.0,0.08987265080213547
3362.3333333333335,0.0,0.0,1.428511660115765,0.0,0.08987412601709366
3362.6666666666665,0.0,0.0,1.4284343262233812,0.0,0.08987993001937866
3363.0,0.0,0.0,1.428511660115765,0.0,0.08988142758607864
3363.3333333333335,0.0,0.0,1.4285889940081489,0.0,0.08988292515277863
3363.6666666666665,0.0,0.0,1.4285889940081489,0.0,0.08988658338785172
3364.0,0.0,0.0,1.428666327900533,0.0,0.0898880660533905
3364.3333333333335,0.0,0.0,1.4287436617929168,0.0,0.08988957852125168
3364.6666666666665,0.0,0.0,1.4288983295776847,0.0,0.08988892287015915
3365.0,0.0,0.0,1.4288983295776847,0.0,0.08989257365465164
3365.3333333333335,0.0,0.0,1.4288209956853006,0.0,0.08989839255809784
3365.6666666666665,0.0,0.0,1.4290529973624524,0.0,0.0898955762386322
3366.0,0.0,0.0,1.4291303312548365,0.0,0.08989706635475159
3366.333333333333,0.0,0.0,1.4290529973624524,0.0,0.08990287780761719
3366.666666666667,0.0,0.0,1.4291303312548365,0.0,0.08990438282489777
3367.0,0.0,0.0,1.4292076651472203,0.0,0.08990587294101715
3367.333333333333,0.0,0.0,1.4292076651472203,0.0,0.08990952372550964
3367.666666666667,0.0,0.0,1.4292076651472203,0.0,0.08991316705942154
3368.0,0.0,0.0,1.4292076651472203,0.0,0.08991683274507523
3368.333333333333,0.0,0.0,1.4287436617929168,0.0,0.08993346244096756
3368.666666666667,0.0,0.0,1.4289756634700685,0.0,0.08993066102266312
3369.0,0.0,0.0,1.4290529973624524,0.0,0.08993218094110489
3369.3333333333335,0.0,0.0,1.4292076651472203,0.0,0.08993154019117355
3369.6666666666665,0.0,0.0,1.4291303312548365,0.0,0.08993736654520035
3370.0,0.0,0.0,1.4290529973624524,0.0,0.08994318544864655
3370.3333333333335,0.0,0.0,1.4292849990396042,0.0,0.08994036167860031
3370.6666666666665,0.0,0.0,1.4292849990396042,0.0,0.089944027364254
3371.0,0.0,0.0,1.4292849990396042,0.0,0.0899476706981659
3371.3333333333335,0.0,0.0,1.429439666824372,0.0,0.08994699269533157
3371.6666666666665,0.0,0.0,1.429439666824372,0.0,0.08995062857866287
3372.0,0.0,0.0,1.4292849990396042,0.0,0.08995857834815979
3372.3333333333335,0.0,0.0,1.429439666824372,0.0,0.08995787799358368
3372.6666666666665,0.0,0.0,1.4295943346091398,0.0,0.08995717763900757
3373.0,0.0,0.0,1.4297490023939077,0.0,0.08995645493268967
3373.3333333333335,0.0,0.0,1.4297490023939077,0.0,0.08996007591485977
3373.6666666666665,0.0,0.0,1.4295943346091398,0.0,0.0899679884314537
3374.0,0.0,0.0,1.4298263362862915,0.0,0.0899650901556015
3374.333333333333,0.0,0.0,1.4300583379634433,0.0,0.0899621844291687
3374.666666666667,0.0,0.0,1.430290339640595,0.0,0.0899592712521553
3375.0,0.0,0.0,1.430445007425363,0.0,0.08995851129293442
3375.333333333333,0.0,0.0,1.4305223413177468,0.0,0.08995990455150604
3375.666666666667,0.0,0.0,1.4307543429948986,0.0,0.08995696902275085
3376.0,0.0,0.0,1.4307543429948986,0.0,0.0899605080485344
3376.3333333333335,0.0,0.0,1.4309090107796665,0.0,0.08995974063873291
3376.6666666666665,0.0,0.0,1.4309863446720503,0.0,0.08996111154556274
3377.0,0.0,0.0,1.4309090107796665,0.0,0.08996681123971939
3377.3333333333335,0.0,0.0,1.4309863446720503,0.0,0.08996818214654922
3377.6666666666665,0.0,0.0,1.4310636785644344,0.0,0.08996954560279846
3378.0,0.0,0.0,1.43137301413397,0.0,0.08996441215276718
3378.3333333333335,0.0,0.0,1.43137301413397,0.0,0.08996792137622833
3378.6666666666665,0.0,0.0,1.431218346349202,0.0,0.08997572213411331
3379.0,0.0,0.0,1.4309863446720503,0.0,0.08998569846153259
3379.3333333333335,0.0,0.0,1.4311410124568182,0.0,0.08998487144708633
3379.6666666666665,0.0,0.0,1.43137301413397,0.0,0.08998186886310577
3380.0,0.0,0.0,1.4314503480263538,0.0,0.08998318761587143
3380.3333333333335,0.0,0.0,1.43137301413397,0.0,0.0899888202548027
3380.6666666666665,0.0,0.0,1.431527681918738,0.0,0.08998796343803406
3381.0,0.0,0.0,1.4316823497035056,0.0,0.08998710662126541
3381.333333333333,0.0,0.0,1.4319143513806574,0.0,0.08998408913612366
3381.666666666667,0.0,0.0,1.4320690191654253,0.0,0.08998322486877441
3382.0,0.0,0.0,1.4321463530578091,0.0,0.08998451381921768
3382.333333333333,0.0,0.0,1.4322236869501932,0.0,0.08998580276966095
3382.666666666667,0.0,0.0,1.432301020842577,0.0,0.08998709917068481
3383.0,0.0,0.0,1.4321463530578091,0.0,0.0899948850274086
3383.333333333333,0.0,0.0,1.432301020842577,0.0,0.08999401330947876
3383.666666666667,0.0,0.0,1.4325330225197288,0.0,0.089990995824337
3384.0,0.0,0.0,1.4326876903044967,0.0,0.08999012410640717
3384.3333333333335,0.0,0.0,1.4326876903044967,0.0,0.08999358117580414
3384.6666666666665,0.0,0.0,1.4328423580892644,0.0,0.08999272435903549
3385.0,0.0,0.0,1.4329970258740323,0.0,0.08999186754226685
3385.3333333333335,0.0,0.0,1.4328423580892644,0.0,0.08999964594841003
3385.6666666666665,0.0,0.0,1.4328423580892644,0.0,0.090003103017807
3386.0,0.0,0.0,1.433229027551184,0.0,0.08999577909708023
3386.3333333333335,0.0,0.0,1.433229027551184,0.0,0.0899992510676384
3386.6666666666665,0.0,0.0,1.4331516936588002,0.0,0.09000488370656967
3387.0,0.0,0.0,1.433229027551184,0.0,0.09000620245933533
3387.3333333333335,0.0,0.0,1.433306361443568,0.0,0.09000752866268158
3387.6666666666665,0.0,0.0,1.433229027551184,0.0,0.09001318365335464
3388.0,0.0,0.0,1.433229027551184,0.0,0.0900166854262352
3388.3333333333335,0.0,0.0,1.433383695335952,0.0,0.09001588076353073
3388.6666666666665,0.0,0.0,1.4334610292283358,0.0,0.09001723676919937
3389.0,0.0,0.0,1.4335383631207197,0.0,0.0900186076760292
3389.333333333333,0.0,0.0,1.4336156970131038,0.0,0.09001999348402023
3389.666666666667,0.0,0.0,1.4335383631207197,0.0,0.09002572298049927
3390.0,0.0,0.0,1.4335383631207197,0.0,0.0900292843580246
3390.333333333333,0.0,0.0,1.4336156970131038,0.0,0.09003068506717682
3390.666666666667,0.0,0.0,1.4338476986902555,0.0,0.09002777189016342
3391.0,0.0,0.0,1.4337703647978715,0.0,0.09003350883722305
3391.3333333333335,0.0,0.0,1.4341570342597911,0.0,0.09002628922462463
3391.6666666666665,0.0,0.0,1.4346983715064785,0.0,0.09001477807760239
3392.0,0.0,0.0,1.4346983715064785,0.0,0.0900183767080307
3392.3333333333335,0.0,0.0,1.4348530392912464,0.0,0.0900176540017128
3392.6666666666665,0.0,0.0,1.4350077070760143,0.0,0.0900169312953949
3393.0,0.0,0.0,1.435239708753166,0.0,0.09001404792070389
3393.3333333333335,0.0,0.0,1.43531704264555,0.0,0.0900154784321785
3393.6666666666665,0.0,0.0,1.4350850409683982,0.0,0.09002555161714554
3394.0,0.0,0.0,1.435162374860782,0.0,0.09002699702978134
3394.3333333333335,0.0,0.0,1.435239708753166,0.0,0.09002843499183655
3394.6666666666665,0.0,0.0,1.435239708753166,0.0,0.09003203362226486
3395.0,0.0,0.0,1.435162374860782,0.0,0.09003778547048569
3395.3333333333335,0.0,0.0,1.4350850409683982,0.0,0.09004353731870651
3395.6666666666665,0.0,0.0,1.4350077070760143,0.0,0.09004928916692734
3396.0,0.0,0.0,1.435239708753166,0.0,0.09004639089107513
3396.333333333333,0.0,0.0,1.435239708753166,0.0,0.09004998952150345
3396.666666666667,0.0,0.0,1.43531704264555,0.0,0.09005142748355865
3397.0,0.0,0.0,1.4353943765379338,0.0,0.09005283564329147
3397.333333333333,0.0,0.0,1.4355490443227017,0.0,0.09005209058523178
3397.666666666667,0.0,0.0,1.4357037121074696,0.0,0.09005134552717209
3398.0,0.0,0.0,1.4356263782150855,0.0,0.09005706757307053
3398.333333333333,0.0,0.0,1.4357037121074696,0.0,0.09005846083164215
3398.666666666667,0.0,0.0,1.4357810459998535,0.0,0.09005984663963318
3399.0,0.0,0.0,1.4358583798922373,0.0,0.0900612324476242
3399.3333333333335,0.0,0.0,1.4360130476770052,0.0,0.09006045013666153
3399.6666666666665,0.0,0.0,1.436090381569389,0.0,0.09006183594465256
3400.0,0.0,0.0,1.4361677154617731,0.0,0.0900631994009018
3400.3333333333335,0.0,0.0,1.4361677154617731,0.0,0.09006673842668533
3400.6666666666665,0.0,0.0,1.4366317188160767,0.0,0.09005730599164963
3401.0,0.0,0.0,1.4365543849236926,0.0,0.09006298333406448
3401.3333333333335,0.0,0.0,1.4363223832465408,0.0,0.09007297456264496
3401.6666666666665,0.0,0.0,1.4364770510313087,0.0,0.0900721624493599
3402.0,0.0,0.0,1.4365543849236926,0.0,0.09007351100444794
3402.3333333333335,0.0,0.0,1.4367090527084605,0.0,0.09007269889116287
3402.6666666666665,0.0,0.0,1.4366317188160767,0.0,0.09007834643125534
3403.0,0.0,0.0,1.4365543849236926,0.0,0.09008399397134781
3403.3333333333335,0.0,0.0,1.4366317188160767,0.0,0.09008532762527466
3403.6666666666665,0.0,0.0,1.4368637204932284,0.0,0.09008233994245529
3404.0,0.0,0.0,1.437173056062764,0.0,0.09007720649242401
3404.333333333333,0.0,0.0,1.4370957221703802,0.0,0.09008285403251648
3404.666666666667,0.0,0.0,1.437018388277996,0.0,0.09008849412202835
3405.0,0.0,0.0,1.4370957221703802,0.0,0.090089812874794
3405.333333333333,0.0,0.0,1.4370957221703802,0.0,0.09009329229593277
3405.666666666667,0.0,0.0,1.437018388277996,0.0,0.09009892493486404
3406.0,0.0,0.0,1.437173056062764,0.0,0.09009809046983719
3406.3333333333335,0.0,0.0,1.4370957221703802,0.0,0.09010372310876846
3406.6666666666665,0.0,0.0,1.4369410543856123,0.0,0.09011151641607285
3407.0,0.0,0.0,1.4370957221703802,0.0,0.09011068195104599
3407.3333333333335,0.0,0.0,1.4372503899551479,0.0,0.09010988473892212
3407.6666666666665,0.0,0.0,1.4374823916322996,0.0,0.09010691195726395
3408.0,0.0,0.0,1.4379463949866031,0.0,0.09009747952222824
3408.3333333333335,0.0,0.0,1.438101062771371,0.0,0.09009667485952377
3408.6666666666665,0.0,0.0,1.4380237288789872,0.0,0.09010233730077744
3409.0,0.0,0.0,1.438178396663755,0.0,0.09010152518749237
3409.3333333333335,0.0,0.0,1.438101062771371,0.0,0.09010718017816544
3409.6666666666665,0.0,0.0,1.438255730556139,0.0,0.09010635316371918
3410.0,0.0,0.0,1.4380237288789872,0.0,0.09011632949113846
3410.3333333333335,0.0,0.0,1.4378690610942193,0.0,0.09012414515018463
3410.6666666666665,0.0,0.0,1.4379463949866031,0.0,0.09012550115585327
3411.0,0.0,0.0,1.438101062771371,0.0,0.0901246890425682
3411.333333333333,0.0,0.0,1.4383330644485228,0.0,0.09012170881032944
3411.666666666667,0.0,0.0,1.4384877322332907,0.0,0.09012088924646378
3412.0,0.0,0.0,1.4384877322332907,0.0,0.09012437611818314
3412.333333333333,0.0,0.0,1.4384103983409067,0.0,0.0901300236582756
3412.666666666667,0.0,0.0,1.4384103983409067,0.0,0.09013351052999496
3413.0,0.0,0.0,1.4386424000180584,0.0,0.0901305228471756
3413.333333333333,0.0,0.0,1.4386424000180584,0.0,0.09013400226831436
3413.666666666667,0.0,0.0,1.4385650661256746,0.0,0.09013962745666504
3414.0,0.0,0.0,1.4384877322332907,0.0,0.09014526009559631
3414.3333333333335,0.0,0.0,1.4387197339104425,0.0,0.09014226496219635
3414.6666666666665,0.0,0.0,1.4387197339104425,0.0,0.09014575183391571
3415.0,0.0,0.0,1.4387197339104425,0.0,0.09014921635389328
3415.3333333333335,0.0,0.0,1.4388744016952102,0.0,0.09014837443828583
3415.6666666666665,0.0,0.0,1.4389517355875943,0.0,0.09014967828989029
3416.0,0.0,0.0,1.439029069479978,0.0,0.09015098214149475
3416.3333333333335,0.0,0.0,1.4389517355875943,0.0,0.09015660732984543
3416.6666666666665,0.0,0.0,1.439183737264746,0.0,0.09015358984470367
3417.0,0.0,0.0,1.439106403372362,0.0,0.09015919268131256
3417.3333333333335,0.0,0.0,1.4393384050495137,0.0,0.09015616029500961
3417.6666666666665,0.0,0.0,1.4394157389418978,0.0,0.09015744179487228
3418.0,0.0,0.0,1.4395704067266655,0.0,0.09015654772520065
3418.3333333333335,0.0,0.0,1.4394157389418978,0.0,0.09016428887844086
3418.6666666666665,0.0,0.0,1.4394930728342816,0.0,0.09016554057598114
3419.0,0.0,0.0,1.4396477406190495,0.0,0.09016462415456772
3419.333333333333,0.0,0.0,1.4397250745114334,0.0,0.090165875852108
3419.666666666667,0.0,0.0,1.4396477406190495,0.0,0.09017142653465271
3420.0,0.0,0.0,1.439879742296201,0.0,0.09016833454370499
3420.333333333333,0.0,0.0,1.4399570761885851,0.0,0.09016955643892288
3420.666666666667,0.0,0.0,1.440034410080969,0.0,0.09017077833414078
3421.0,0.0,0.0,1.440189077865737,0.0,0.09016982465982437
3421.3333333333335,0.0,0.0,1.440189077865737,0.0,0.09017319232225418
3421.6666666666665,0.0,0.0,1.4402664117581208,0.0,0.09017439931631088
3422.0,0.0,0.0,1.4404984134352725,0.0,0.09017127752304077
3422.3333333333335,0.0,0.0,1.4404210795428887,0.0,0.0901767760515213
3422.6666666666665,0.0,0.0,1.4407304151124243,0.0,0.09017148613929749
3423.0,0.0,0.0,1.440962416789576,0.0,0.09016835689544678
3423.3333333333335,0.0,0.0,1.441117084574344,0.0,0.09016736596822739
3423.6666666666665,0.0,0.0,1.4410397506819599,0.0,0.09017284214496613
3424.0,0.0,0.0,1.4414264201438796,0.0,0.0901653915643692
3424.3333333333335,0.0,0.0,1.4414264201438796,0.0,0.09016872942447662
3424.6666666666665,0.0,0.0,1.4415810879286475,0.0,0.09016773849725723
3425.0,0.0,0.0,1.4415037540362634,0.0,0.09017321467399597
3425.3333333333335,0.0,0.0,1.4415037540362634,0.0,0.0901765376329422
3425.6666666666665,0.0,0.0,1.4415037540362634,0.0,0.09017985314130783
3426.0,0.0,0.0,1.4415037540362634,0.0,0.09018316864967346
3426.333333333333,0.0,0.0,1.4415037540362634,0.0,0.0901864618062973
3426.666666666667,0.0,0.0,1.4416584218210313,0.0,0.09018545597791672
3427.0,0.0,0.0,1.4416584218210313,0.0,0.09018877148628235
3427.333333333333,0.0,0.0,1.441890423498183,0.0,0.09018561244010925
3427.666666666667,0.0,0.0,1.4421997590677187,0.0,0.09018030017614365
3428.0,0.0,0.0,1.4422770929601028,0.0,0.09018145501613617
3428.333333333333,0.0,0.0,1.4424317607448705,0.0,0.09018044173717499
3428.666666666667,0.0,0.0,1.4424317607448705,0.0,0.09018373489379883
3429.0,0.0,0.0,1.4425090946372545,0.0,0.09018486738204956
3429.3333333333335,0.0,0.0,1.4424317607448705,0.0,0.09019032120704651
3429.6666666666665,0.0,0.0,1.4425864285296384,0.0,0.09018929302692413
3430.0,0.0,0.0,1.4423544268524866,0.0,0.09019903838634491
3430.3333333333335,0.0,0.0,1.441890423498183,0.0,0.09021525830030441
3430.6666666666665,0.0,0.0,1.441967757390567,0.0,0.09021641314029694
3431.0,0.0,0.0,1.442045091282951,0.0,0.09021753817796707
3431.3333333333335,0.0,0.0,1.4421224251753348,0.0,0.0902186781167984
3431.6666666666665,0.0,0.0,1.442045091282951,0.0,0.09022413939237595
3432.0,0.0,0.0,1.441890423498183,0.0,0.09023173898458481
3432.3333333333335,0.0,0.0,1.442045091282951,0.0,0.09023071080446243
3432.6666666666665,0.0,0.0,1.4421224251753348,0.0,0.09023183584213257
3433.0,0.0,0.0,1.4421997590677187,0.0,0.0902329608798027
3433.3333333333335,0.0,0.0,1.4423544268524866,0.0,0.09023192524909973
3433.6666666666665,0.0,0.0,1.4421224251753348,0.0,0.0902416855096817
3434.0,0.0,0.0,1.4421224251753348,0.0,0.09024496376514435
3434.333333333333,0.0,0.0,1.4423544268524866,0.0,0.09024176746606827
3434.666666666667,0.0,0.0,1.4423544268524866,0.0,0.09024504572153091
3435.0,0.0,0.0,1.4423544268524866,0.0,0.09024832397699356
3435.333333333333,0.0,0.0,1.4425090946372545,0.0,0.0902472734451294
3435.666666666667,0.0,0.0,1.4425090946372545,0.0,0.09025055170059204
3436.0,0.0,0.0,1.4425864285296384,0.0,0.09025166928768158
3436.3333333333335,0.0,0.0,1.4427410963144063,0.0,0.09025061875581741
3436.6666666666665,0.0,0.0,1.4426637624220222,0.0,0.09025605022907257
3437.0,0.0,0.0,1.4430504318839419,0.0,0.09024851769208908
3437.3333333333335,0.0,0.0,1.4432050996687098,0.0,0.09024747461080551
3437.6666666666665,0.0,0.0,1.4431277657763257,0.0,0.09025289118289948
3438.0,0.0,0.0,1.4430504318839419,0.0,0.09025830775499344
3438.3333333333335,0.0,0.0,1.4431277657763257,0.0,0.09025941044092178
3438.6666666666665,0.0,0.0,1.4434371013458616,0.0,0.0902540385723114
3439.0,0.0,0.0,1.4436691030230133,0.0,0.09025084227323532
3439.3333333333335,0.0,0.0,1.443823770807781,0.0,0.09024978429079056
3439.6666666666665,0.0,0.0,1.443978438592549,0.0,0.0902487263083458
3440.0,0.0,0.0,1.4440557724849328,0.0,0.09024982154369354
3440.3333333333335,0.0,0.0,1.443978438592549,0.0,0.09025521576404572
3440.6666666666665,0.0,0.0,1.4441331063773168,0.0,0.09025413542985916
3441.0,0.0,0.0,1.4442104402697007,0.0,0.09025521576404572
3441.333333333333,0.0,0.0,1.4441331063773168,0.0,0.0902605876326561
3441.666666666667,0.0,0.0,1.4442877741620845,0.0,0.09025952219963074
3442.0,0.0,0.0,1.4443651080544686,0.0,0.0902605950832367
3442.333333333333,0.0,0.0,1.4444424419468525,0.0,0.09026166796684265
3442.666666666667,0.0,0.0,1.4442104402697007,0.0,0.09027136862277985
3443.0,0.0,0.0,1.4442877741620845,0.0,0.0902724340558052
3443.333333333333,0.0,0.0,1.4442104402697007,0.0,0.09027782082557678
3443.666666666667,0.0,0.0,1.4442104402697007,0.0,0.09028106182813644
3444.0,0.0,0.0,1.4442877741620845,0.0,0.0902821272611618
3444.3333333333335,0.0,0.0,1.4444424419468525,0.0,0.09028104692697525
3444.6666666666665,0.0,0.0,1.4445197758392363,0.0,0.09028211981058121
3445.0,0.0,0.0,1.4442877741620845,0.0,0.090291827917099
3445.3333333333335,0.0,0.0,1.4443651080544686,0.0,0.09029290080070496
3445.6666666666665,0.0,0.0,1.4442877741620845,0.0,0.09029829502105713
3446.0,0.0,0.0,1.4443651080544686,0.0,0.09029936045408249
3446.3333333333335,0.0,0.0,1.4441331063773168,0.0,0.09030907601118088
3446.6666666666665,0.0,0.0,1.4444424419468525,0.0,0.0903036817908287
3447.0,0.0,0.0,1.4445197758392363,0.0,0.09030476212501526
3447.3333333333335,0.0,0.0,1.4444424419468525,0.0,0.09031016379594803
3447.6666666666665,0.0,0.0,1.4444424419468525,0.0,0.09031341969966888
3448.0,0.0,0.0,1.4445971097316204,0.0,0.09031235426664352
3448.3333333333335,0.0,0.0,1.4446744436240042,0.0,0.09031345695257187
3448.6666666666665,0.0,0.0,1.4448291114087721,0.0,0.0903124138712883
3449.0,0.0,0.0,1.4446744436240042,0.0,0.09031999111175537
3449.333333333333,0.0,0.0,1.444906445301156,0.0,0.09031680971384048
3449.666666666667,0.0,0.0,1.4449837791935398,0.0,0.09031793475151062
3450.0,0.0,0.0,1.444906445301156,0.0,0.09032339602708817
3450.333333333333,0.0,0.0,1.444751777516388,0.0,0.09033101797103882
3450.666666666667,0.0,0.0,1.4446744436240042,0.0,0.09033649414777756
3451.0,0.0,0.0,1.4445971097316204,0.0,0.09034198522567749
3451.3333333333335,0.0,0.0,1.4445971097316204,0.0,0.09034531563520432
3451.6666666666665,0.0,0.0,1.4446744436240042,0.0,0.09034650027751923
3452.0,0.0,0.0,1.444751777516388,0.0,0.09034769982099533
3452.3333333333335,0.0,0.0,1.4445971097316204,0.0,0.09035537391901016
3452.6666666666665,0.0,0.0,1.4446744436240042,0.0,0.09035659581422806
3453.0,0.0,0.0,1.444906445301156,0.0,0.09035350382328033
3453.3333333333335,0.0,0.0,1.444751777516388,0.0,0.09036123752593994
3453.6666666666665,0.0,0.0,1.444751777516388,0.0,0.09036465734243393
3454.0,0.0,0.0,1.4448291114087721,0.0,0.09036590903997421
3454.3333333333335,0.0,0.0,1.4448291114087721,0.0,0.0903693288564682
3454.6666666666665,0.0,0.0,1.444906445301156,0.0,0.09037058055400848
3455.0,0.0,0.0,1.4452157808706916,0.0,0.09036535769701004
3455.3333333333335,0.0,0.0,1.4452157808706916,0.0,0.09036877006292343
3455.6666666666665,0.0,0.0,1.4454477825478433,0.0,0.0903657004237175
3456.0,0.0,0.0,1.4454477825478433,0.0,0.0903690978884697
3456.333333333333,0.0,0.0,1.4454477825478433,0.0,0.09037250280380249
3456.666666666667,0.0,0.0,1.445679784224995,0.0,0.09036943316459656
3457.0,0.0,0.0,1.4457571181173792,0.0,0.09037066996097565
3457.333333333333,0.0,0.0,1.445834452009763,0.0,0.09037188440561295
3457.666666666667,0.0,0.0,1.4461437875792986,0.0,0.09036663174629211
3458.0,0.0,0.0,1.4460664536869148,0.0,0.09037218242883682
3458.333333333333,0.0,0.0,1.4460664536869148,0.0,0.09037555754184723
3458.666666666667,0.0,0.0,1.4463757892564504,0.0,0.0903703048825264
3459.0,0.0,0.0,1.4464531231488345,0.0,0.0903715193271637
3459.3333333333335,0.0,0.0,1.4464531231488345,0.0,0.0903748869895935
3459.6666666666665,0.0,0.0,1.4465304570412183,0.0,0.09037608653306961
3460.0,0.0,0.0,1.4466077909336021,0.0,0.09037729352712631
3460.3333333333335,0.0,0.0,1.446917126503138,0.0,0.0903719961643219
3460.6666666666665,0.0,0.0,1.446917126503138,0.0,0.09037536382675171
3461.0,0.0,0.0,1.446839792610754,0.0,0.09038086235523224
3461.3333333333335,0.0,0.0,1.446839792610754,0.0,0.09038419276475906
3461.6666666666665,0.0,0.0,1.446917126503138,0.0,0.09038536250591278
3462.0,0.0,0.0,1.4469944603955218,0.0,0.09038650989532471
3462.3333333333335,0.0,0.0,1.4469944603955218,0.0,0.09038981050252914
3462.6666666666665,0.0,0.0,1.4472264620726736,0.0,0.09038663655519485
3463.0,0.0,0.0,1.4473037959650574,0.0,0.0903877466917038
3463.3333333333335,0.0,0.0,1.4472264620726736,0.0,0.09039317816495895
3463.6666666666665,0.0,0.0,1.4473037959650574,0.0,0.09039429575204849
3464.0,0.0,0.0,1.4473811298574415,0.0,0.09039539098739624
3464.333333333333,0.0,0.0,1.4475357976422092,0.0,0.09039431065320969
3464.666666666667,0.0,0.0,1.447845133211745,0.0,0.09038891643285751
3465.0,0.0,0.0,1.4475357976422092,0.0,0.09040077030658722
3465.333333333333,0.0,0.0,1.4479998009965127,0.0,0.09039103239774704
3465.666666666667,0.0,0.0,1.4481544687812806,0.0,0.0903899148106575
3466.0,0.0,0.0,1.4483091365660485,0.0,0.09038878977298737
3466.3333333333335,0.0,0.0,1.4481544687812806,0.0,0.09039627760648727
3466.6666666666665,0.0,0.0,1.4482318026736645,0.0,0.09039728343486786
3467.0,0.0,0.0,1.4482318026736645,0.0,0.09040043503046036
3467.3333333333335,0.0,0.0,1.4479998009965127,0.0,0.09041005373001099
3467.6666666666665,0.0,0.0,1.4479998009965127,0.0,0.09041319787502289
3468.0,0.0,0.0,1.4479998009965127,0.0,0.090416319668293
3468.3333333333335,0.0,0.0,1.4479224671041289,0.0,0.09042160212993622
3468.6666666666665,0.0,0.0,1.447690465426977,0.0,0.09043119102716446
3469.0,0.0,0.0,1.447767799319361,0.0,0.09043215215206146
3469.3333333333335,0.0,0.0,1.4476131315345933,0.0,0.0904395803809166
3469.6666666666665,0.0,0.0,1.447767799319361,0.0,0.0904383659362793
3470.0,0.0,0.0,1.447767799319361,0.0,0.09044146537780762
3470.3333333333335,0.0,0.0,1.447845133211745,0.0,0.09044238179922104
3470.6666666666665,0.0,0.0,1.4480771348888968,0.0,0.09043897688388824
3471.0,0.0,0.0,1.4481544687812806,0.0,0.09043989330530167
3471.333333333333,0.0,0.0,1.4479998009965127,0.0,0.09044728428125381
3471.666666666667,0.0,0.0,1.4479224671041289,0.0,0.09045251458883286
3472.0,0.0,0.0,1.447845133211745,0.0,0.0904577448964119
3472.333333333333,0.0,0.0,1.447767799319361,0.0,0.09046297520399094
3472.666666666667,0.0,0.0,1.4480771348888968,0.0,0.09045740962028503
3473.0,0.0,0.0,1.4479998009965127,0.0,0.09046263247728348
3473.333333333333,0.0,0.0,1.447845133211745,0.0,0.09047004580497742
3473.666666666667,0.0,0.0,1.447767799319361,0.0,0.09047528356313705
3474.0,0.0,0.0,1.447767799319361,0.0,0.09047838300466537
3474.3333333333335,0.0,0.0,1.447767799319361,0.0,0.0904814675450325
3474.6666666666665,0.0,0.0,1.4476131315345933,0.0,0.09048888087272644
3475.0,0.0,0.0,1.447690465426977,0.0,0.09048980474472046
3475.3333333333335,0.0,0.0,1.4479998009965127,0.0,0.09048424661159515
3475.6666666666665,0.0,0.0,1.4480771348888968,0.0,0.09048516303300858
3476.0,0.0,0.0,1.4480771348888968,0.0,0.09048827737569809
3476.3333333333335,0.0,0.0,1.4480771348888968,0.0,0.09049136936664581
3476.6666666666665,0.0,0.0,1.4483091365660485,0.0,0.09048798680305481
3477.0,0.0,0.0,1.4483864704584324,0.0,0.09048893302679062
3477.3333333333335,0.0,0.0,1.4485411382432003,0.0,0.09048772603273392
3477.6666666666665,0.0,0.0,1.448773139920352,0.0,0.09048435837030411
3478.0,0.0,0.0,1.448850473812736,0.0,0.09048531204462051
3478.3333333333335,0.0,0.0,1.4489278077051198,0.0,0.09048627316951752
3478.6666666666665,0.0,0.0,1.448850473812736,0.0,0.09049156308174133
3479.0,0.0,0.0,1.448850473812736,0.0,0.09049469977617264
3479.333333333333,0.0,0.0,1.4489278077051198,0.0,0.09049568325281143
3479.666666666667,0.0,0.0,1.4489278077051198,0.0,0.09049881994724274
3480.0,0.0,0.0,1.4489278077051198,0.0,0.09050194919109344
3480.333333333333,0.0,0.0,1.448850473812736,0.0,0.09050725400447845
3480.666666666667,0.0,0.0,1.448695806027968,0.0,0.09051471203565598
3481.0,0.0,0.0,1.4485411382432003,0.0,0.09052218496799469
3481.3333333333335,0.0,0.0,1.448695806027968,0.0,0.09052100032567978
3481.6666666666665,0.0,0.0,1.4486184721355841,0.0,0.09052630513906479
3482.0,0.0,0.0,1.4485411382432003,0.0,0.0905316174030304
3482.3333333333335,0.0,0.0,1.4483864704584324,0.0,0.0905391052365303
3482.6666666666665,0.0,0.0,1.4483864704584324,0.0,0.0905422642827034
3483.0,0.0,0.0,1.4483091365660485,0.0,0.0905475988984108
3483.3333333333335,0.0,0.0,1.4483864704584324,0.0,0.09054860472679138
3483.6666666666665,0.0,0.0,1.4484638043508162,0.0,0.09054961055517197
3484.0,0.0,0.0,1.4486184721355841,0.0,0.09054846316576004
3484.3333333333335,0.0,0.0,1.4484638043508162,0.0,0.09055596590042114
3484.6666666666665,0.0,0.0,1.4483864704584324,0.0,0.09056130796670914
3485.0,0.0,0.0,1.4483864704584324,0.0,0.09056448191404343
3485.3333333333335,0.0,0.0,1.4483864704584324,0.0,0.09056766331195831
3485.6666666666665,0.0,0.0,1.4485411382432003,0.0,0.09056650102138519
3486.0,0.0,0.0,1.448773139920352,0.0,0.09056318551301956
3486.333333333333,0.0,0.0,1.448695806027968,0.0,0.09056853502988815
3486.666666666667,0.0,0.0,1.448773139920352,0.0,0.09056954830884933
3487.0,0.0,0.0,1.448695806027968,0.0,0.09057488292455673
3487.333333333333,0.0,0.0,1.448850473812736,0.0,0.09057372808456421
3487.666666666667,0.0,0.0,1.448695806027968,0.0,0.09058121591806412
3488.0,0.0,0.0,1.4489278077051198,0.0,0.09057788550853729
3488.333333333333,0.0,0.0,1.4490051415975038,0.0,0.09057887643575668
3488.666666666667,0.0,0.0,1.4491598093822715,0.0,0.09057769924402237
3489.0,0.0,0.0,1.4490824754898877,0.0,0.09058301895856857
3489.3333333333335,0.0,0.0,1.4489278077051198,0.0,0.09059049189090729
3489.6666666666665,0.0,0.0,1.4491598093822715,0.0,0.09058714658021927
3490.0,0.0,0.0,1.4494691449518073,0.0,0.09058163315057755
3490.3333333333335,0.0,0.0,1.4493918110594233,0.0,0.09058693796396255
3490.6666666666665,0.0,0.0,1.4493144771670394,0.0,0.09059224277734756
3491.0,0.0,0.0,1.4493918110594233,0.0,0.09059322625398636
3491.3333333333335,0.0,0.0,1.449778480521343,0.0,0.09058551490306854
3491.6666666666665,0.0,0.0,1.449701146628959,0.0,0.09059081226587296
3492.0,0.0,0.0,1.4494691449518073,0.0,0.09060042351484299
3492.3333333333335,0.0,0.0,1.4495464788441912,0.0,0.09060138463973999
3492.6666666666665,0.0,0.0,1.4499331483061109,0.0,0.09059368073940277
3493.0,0.0,0.0,1.4499331483061109,0.0,0.09059679508209229
3493.3333333333335,0.0,0.0,1.4500104821984947,0.0,0.0905977413058281
3493.6666666666665,0.0,0.0,1.4500104821984947,0.0,0.09060084074735641
3494.0,0.0,0.0,1.4500878160908786,0.0,0.09060177952051163
3494.333333333333,0.0,0.0,1.4503971516604142,0.0,0.09059621393680573
3494.666666666667,0.0,0.0,1.4504744855527982,0.0,0.09059716016054153
3495.0,0.0,0.0,1.4508611550147177,0.0,0.09058944135904312
3495.333333333333,0.0,0.0,1.4507838211223338,0.0,0.09059470891952515
3495.666666666667,0.0,0.0,1.4508611550147177,0.0,0.09059564769268036
3496.0,0.0,0.0,1.4509384889071018,0.0,0.09059657901525497
3496.3333333333335,0.0,0.0,1.4511704905842535,0.0,0.09059317409992218
3496.6666666666665,0.0,0.0,1.4509384889071018,0.0,0.09060276299715042
3497.0,0.0,0.0,1.4509384889071018,0.0,0.09060585498809814
3497.3333333333335,0.0,0.0,1.4510931566918694,0.0,0.09060461074113846
3497.6666666666665,0.0,0.0,1.4511704905842535,0.0,0.09060553461313248
3498.0,0.0,0.0,1.4510931566918694,0.0,0.0906107947230339
3498.3333333333335,0.0,0.0,1.4512478244766374,0.0,0.09060955792665482
3498.6666666666665,0.0,0.0,1.4513251583690212,0.0,0.09061049669981003
3499.0,0.0,0.0,1.4513251583690212,0.0,0.09061360359191895
3499.3333333333335,0.0,0.0,1.4513251583690212,0.0,0.09061671793460846
3499.6666666666665,0.0,0.0,1.4514798261537891,0.0,0.09061548858880997
3500.0,0.0,0.0,1.4514798261537891,0.0,0.0906185731291771
3500.3333333333335,0.0,0.0,1.451557160046173,0.0,0.0906195193529129
3500.6666666666665,0.0,0.0,1.4517118278309409,0.0,0.09061829745769501
3501.0,0.0,0.0,1.4519438295080926,0.0,0.09061490744352341
3501.333333333333,0.0,0.0,1.4517118278309409,0.0,0.09062451869249344
3501.666666666667,0.0,0.0,1.451557160046173,0.0,0.09063196182250977
3502.0,0.0,0.0,1.451634493938557,0.0,0.09063290804624557
3502.333333333333,0.0,0.0,1.4519438295080926,0.0,0.09062737226486206
3502.666666666667,0.0,0.0,1.4520984972928606,0.0,0.09062615782022476
3503.0,0.0,0.0,1.4517891617233247,0.0,0.0906379446387291
3503.333333333333,0.0,0.0,1.4518664956157088,0.0,0.0906388983130455
3503.666666666667,0.0,0.0,1.4521758311852444,0.0,0.09063336998224258
3504.0,0.0,0.0,1.4520984972928606,0.0,0.0906386598944664
3504.3333333333335,0.0,0.0,1.4519438295080926,0.0,0.09064612537622452
3504.6666666666665,0.0,0.0,1.4517891617233247,0.0,0.09065358340740204
3505.0,0.0,0.0,1.4517118278309409,0.0,0.09065888077020645
3505.3333333333335,0.0,0.0,1.4517891617233247,0.0,0.09065984189510345
3505.6666666666665,0.0,0.0,1.451634493938557,0.0,0.09066727757453918
3506.0,0.0,0.0,1.4517118278309409,0.0,0.09066823869943619
3506.3333333333335,0.0,0.0,1.4517891617233247,0.0,0.090669184923172
3506.6666666666665,0.0,0.0,1.451634493938557,0.0,0.09067662805318832
3507.0,0.0,0.0,1.4514798261537891,0.0,0.09068407118320465
3507.3333333333335,0.0,0.0,1.4513251583690212,0.0,0.09069152176380157
3507.6666666666665,0.0,0.0,1.4512478244766374,0.0,0.090696781873703
3508.0,0.0,0.0,1.4513251583690212,0.0,0.09069771319627762
3508.3333333333335,0.0,0.0,1.451634493938557,0.0,0.09069213271141052
3508.6666666666665,0.0,0.0,1.4517891617233247,0.0,0.09069088846445084
3509.0,0.0,0.0,1.4520984972928606,0.0,0.09068530797958374
3509.333333333333,0.0,0.0,1.4520984972928606,0.0,0.09068841487169266
3509.666666666667,0.0,0.0,1.4520984972928606,0.0,0.09069150686264038
3510.0,0.0,0.0,1.4522531650776282,0.0,0.0906902626156807
3510.333333333333,0.0,0.0,1.4523304989700123,0.0,0.09069118648767471
3510.666666666667,0.0,0.0,1.4523304989700123,0.0,0.09069427847862244
3511.0,0.0,0.0,1.4523304989700123,0.0,0.09069737046957016
3511.3333333333335,0.0,0.0,1.45248516675478,0.0,0.09069611877202988
3511.6666666666665,0.0,0.0,1.452562500647164,0.0,0.0906970351934433
3512.0,0.0,0.0,1.452562500647164,0.0,0.09070011973381042
3512.3333333333335,0.0,0.0,1.4523304989700123,0.0,0.09070971608161926
3512.6666666666665,0.0,0.0,1.4524078328623962,0.0,0.09071063250303268
3513.0,0.0,0.0,1.4524078328623962,0.0,0.09071369469165802
3513.3333333333335,0.0,0.0,1.4524078328623962,0.0,0.09071678668260574
3513.6666666666665,0.0,0.0,1.452562500647164,0.0,0.09071552753448486
3514.0,0.0,0.0,1.4522531650776282,0.0,0.09072727710008621
3514.3333333333335,0.0,0.0,1.4524078328623962,0.0,0.09072602540254593
3514.6666666666665,0.0,0.0,1.452639834539548,0.0,0.09072259813547134
3515.0,0.0,0.0,1.4527945023243158,0.0,0.09072134643793106
3515.3333333333335,0.0,0.0,1.4529491701090835,0.0,0.09072010219097137
3515.6666666666665,0.0,0.0,1.4529491701090835,0.0,0.0907231792807579
3516.0,0.0,0.0,1.4530265040014676,0.0,0.09072408825159073
3516.333333333333,0.0,0.0,1.4528718362166997,0.0,0.09073148667812347
3516.666666666667,0.0,0.0,1.4527171684319318,0.0,0.09073889255523682
3517.0,0.0,0.0,1.4528718362166997,0.0,0.09073763340711594
3517.333333333333,0.0,0.0,1.452639834539548,0.0,0.09074719995260239
3517.666666666667,0.0,0.0,1.4524078328623962,0.0,0.09075677394866943
3518.0,0.0,0.0,1.452562500647164,0.0,0.09075549244880676
3518.333333333333,0.0,0.0,1.45248516675478,0.0,0.0907607153058052
3518.666666666667,0.0,0.0,1.452562500647164,0.0,0.09076160192489624
3519.0,0.0,0.0,1.4527171684319318,0.0,0.09076029807329178
3519.3333333333335,0.0,0.0,1.452639834539548,0.0,0.09076550602912903
3519.6666666666665,0.0,0.0,1.4527945023243158,0.0,0.09076419472694397
3520.0,0.0,0.0,1.4530265040014676,0.0,0.09076070785522461
3520.3333333333335,0.0,0.0,1.453567841248155,0.0,0.09074855595827103
3520.6666666666665,0.0,0.0,1.4538771768176906,0.0,0.09074291586875916
3521.0,0.0,0.0,1.4541091784948423,0.0,0.09073944389820099
3521.3333333333335,0.0,0.0,1.4544185140643782,0.0,0.09073381870985031
3521.6666666666665,0.0,0.0,1.45465051574153,0.0,0.09073036164045334
3522.0,0.0,0.0,1.4547278496339138,0.0,0.09073123335838318
3522.3333333333335,0.0,0.0,1.4548825174186817,0.0,0.09072993695735931
3522.6666666666665,0.0,0.0,1.4549598513110655,0.0,0.09073080867528915
3523.0,0.0,0.0,1.4548825174186817,0.0,0.09073600172996521
3523.3333333333335,0.0,0.0,1.4550371852034494,0.0,0.09073469787836075
3523.6666666666665,0.0,0.0,1.4550371852034494,0.0,0.0907377377152443
3524.0,0.0,0.0,1.4551918529882173,0.0,0.09073641896247864
3524.333333333333,0.0,0.0,1.4553465207729852,0.0,0.09073511511087418
3524.666666666667,0.0,0.0,1.455423854665369,0.0,0.09073597192764282
3525.0,0.0,0.0,1.4556558563425208,0.0,0.09073249995708466
3525.333333333333,0.0,0.0,1.4558878580196726,0.0,0.09072903543710709
3525.666666666667,0.0,0.0,1.4559651919120564,0.0,0.09072988480329514
3526.0,0.0,0.0,1.4561971935892082,0.0,0.09072639793157578
3526.3333333333335,0.0,0.0,1.456351861373976,0.0,0.09072506427764893
3526.6666666666665,0.0,0.0,1.456351861373976,0.0,0.09072805196046829
3527.0,0.0,0.0,1.4561198596968243,0.0,0.09073752164840698
3527.3333333333335,0.0,0.0,1.45642919526636,0.0,0.09073184430599213
3527.6666666666665,0.0,0.0,1.456351861373976,0.0,0.0907369926571846
3528.0,0.0,0.0,1.456351861373976,0.0,0.09073996543884277
3528.3333333333335,0.0,0.0,1.4561198596968243,0.0,0.09074944257736206
3528.6666666666665,0.0,0.0,1.4561198596968243,0.0,0.09075241535902023
3529.0,0.0,0.0,1.4561971935892082,0.0,0.0907532274723053
3529.3333333333335,0.0,0.0,1.4562745274815923,0.0,0.09075403958559036
3529.6666666666665,0.0,0.0,1.456351861373976,0.0,0.09075485169887543
3530.0,0.0,0.0,1.4565838630511279,0.0,0.09075132757425308
3530.3333333333335,0.0,0.0,1.4566611969435117,0.0,0.09075212478637695
3530.6666666666665,0.0,0.0,1.4567385308358958,0.0,0.09075291454792023
3531.0,0.0,0.0,1.4568158647282796,0.0,0.0907537192106247
3531.333333333333,0.0,0.0,1.4568158647282796,0.0,0.09075667709112167
3531.666666666667,0.0,0.0,1.4569705325130475,0.0,0.09075531363487244
3532.0,0.0,0.0,1.4566611969435117,0.0,0.09076692163944244
3532.333333333333,0.0,0.0,1.456506529158744,0.0,0.09077421575784683
3532.666666666667,0.0,0.0,1.4568158647282796,0.0,0.09076852351427078
3533.0,0.0,0.0,1.4568158647282796,0.0,0.09077148884534836
3533.333333333333,0.0,0.0,1.4567385308358958,0.0,0.09077662229537964
3533.666666666667,0.0,0.0,1.4567385308358958,0.0,0.09077958762645721
3534.0,0.0,0.0,1.4565838630511279,0.0,0.0907868817448616
3534.3333333333335,0.0,0.0,1.4565838630511279,0.0,0.09078984707593918
3534.6666666666665,0.0,0.0,1.4568931986206635,0.0,0.09078415483236313
3535.0,0.0,0.0,1.4565838630511279,0.0,0.09079580008983612
3535.3333333333335,0.0,0.0,1.4566611969435117,0.0,0.09079661965370178
3535.6666666666665,0.0,0.0,1.4568931986206635,0.0,0.09079310297966003
3536.0,0.0,0.0,1.4569705325130475,0.0,0.0907939076423645
3536.3333333333335,0.0,0.0,1.4569705325130475,0.0,0.09079689532518387
3536.6666666666665,0.0,0.0,1.456506529158744,0.0,0.09081287682056427
3537.0,0.0,0.0,1.4567385308358958,0.0,0.09080935269594193
3537.3333333333335,0.0,0.0,1.4570478664054314,0.0,0.09080368280410767
3537.6666666666665,0.0,0.0,1.4570478664054314,0.0,0.09080667048692703
3538.0,0.0,0.0,1.4570478664054314,0.0,0.0908096507191658
3538.3333333333335,0.0,0.0,1.4572798680825831,0.0,0.09080614894628525
3538.6666666666665,0.0,0.0,1.4572025341901993,0.0,0.09081130474805832
3539.0,0.0,0.0,1.4572025341901993,0.0,0.09081429243087769
3539.333333333333,0.0,0.0,1.4572798680825831,0.0,0.09081511944532394
3539.666666666667,0.0,0.0,1.4571252002978152,0.0,0.09082245081663132
3540.0,0.0,0.0,1.4571252002978152,0.0,0.09082543104887009
3540.333333333333,0.0,0.0,1.4570478664054314,0.0,0.09083059430122375
3540.666666666667,0.0,0.0,1.4572798680825831,0.0,0.090827077627182
3541.0,0.0,0.0,1.4572798680825831,0.0,0.09083006531000137
3541.3333333333335,0.0,0.0,1.4571252002978152,0.0,0.09083737432956696
3541.6666666666665,0.0,0.0,1.4572025341901993,0.0,0.09083819389343262
3542.0,0.0,0.0,1.457357201974967,0.0,0.09083684533834457
3542.3333333333335,0.0,0.0,1.4576665375445028,0.0,0.09083116799592972
3542.6666666666665,0.0,0.0,1.4577438714368867,0.0,0.09083200246095657
3543.0,0.0,0.0,1.4577438714368867,0.0,0.09083499759435654
3543.3333333333335,0.0,0.0,1.4577438714368867,0.0,0.0908380001783371
3543.6666666666665,0.0,0.0,1.4575892036521187,0.0,0.09084532409906387
3544.0,0.0,0.0,1.4572025341901993,0.0,0.09085915982723236
3544.3333333333335,0.0,0.0,1.4570478664054314,0.0,0.09086651355028152
3544.6666666666665,0.0,0.0,1.4572025341901993,0.0,0.09086520969867706
3545.0,0.0,0.0,1.4572798680825831,0.0,0.09086606651544571
3545.3333333333335,0.0,0.0,1.4575892036521187,0.0,0.09086042642593384
3545.6666666666665,0.0,0.0,1.4576665375445028,0.0,0.09086129069328308
3546.0,0.0,0.0,1.4576665375445028,0.0,0.09086432307958603
3546.333333333333,0.0,0.0,1.4578985392216546,0.0,0.09086086601018906
3546.666666666667,0.0,0.0,1.4580532070064223,0.0,0.09085957705974579
3547.0,0.0,0.0,1.4580532070064223,0.0,0.09086260944604874
3547.333333333333,0.0,0.0,1.458439876468342,0.0,0.09085482358932495
3547.666666666667,0.0,0.0,1.4585945442531099,0.0,0.09085354208946228
3548.0,0.0,0.0,1.4586718781454937,0.0,0.09085440635681152
3548.333333333333,0.0,0.0,1.4587492120378776,0.0,0.09085528552532196
3548.666666666667,0.0,0.0,1.4589812137150293,0.0,0.09085184335708618
3549.0,0.0,0.0,1.4590585476074134,0.0,0.09085272997617722
3549.3333333333335,0.0,0.0,1.4592905492845651,0.0,0.09084927290678024
3549.6666666666665,0.0,0.0,1.459367883176949,0.0,0.09085016697645187
3550.0,0.0,0.0,1.4592905492845651,0.0,0.09085537493228912
3550.3333333333335,0.0,0.0,1.459213215392181,0.0,0.09086059033870697
3550.6666666666665,0.0,0.0,1.4592905492845651,0.0,0.090861476957798
3551.0,0.0,0.0,1.4596772187464846,0.0,0.09085370600223541
3551.3333333333335,0.0,0.0,1.4595998848541007,0.0,0.09085891395807266
3551.6666666666665,0.0,0.0,1.4595998848541007,0.0,0.09086195379495621
3552.0,0.0,0.0,1.4599865543160204,0.0,0.09085417538881302
3552.3333333333335,0.0,0.0,1.460450557670324,0.0,0.09084426611661911
3552.6666666666665,0.0,0.0,1.4606052254550916,0.0,0.09084301441907883
3553.0,0.0,0.0,1.4606052254550916,0.0,0.09084608405828476
3553.3333333333335,0.0,0.0,1.4605278915627078,0.0,0.0908513218164444
3553.6666666666665,0.0,0.0,1.4607598932398596,0.0,0.090847909450531
3554.0,0.0,0.0,1.4607598932398596,0.0,0.09085098654031754
3554.333333333333,0.0,0.0,1.4608372271322434,0.0,0.09085190296173096
3554.666666666667,0.0,0.0,1.460450557670324,0.0,0.09086579829454422
3555.0,0.0,0.0,1.4603732237779399,0.0,0.09087105840444565
3555.333333333333,0.0,0.0,1.460295889885556,0.0,0.09087630361318588
3555.666666666667,0.0,0.0,1.4603732237779399,0.0,0.0908772200345993
3556.0,0.0,0.0,1.4603732237779399,0.0,0.09088028967380524
3556.3333333333335,0.0,0.0,1.460450557670324,0.0,0.09088119864463806
3556.6666666666665,0.0,0.0,1.460450557670324,0.0,0.0908842608332634
3557.0,0.0,0.0,1.460450557670324,0.0,0.09088731557130814
3557.3333333333335,0.0,0.0,1.4606825593474757,0.0,0.09088386595249176
3557.6666666666665,0.0,0.0,1.4606052254550916,0.0,0.0908890813589096
3558.0,0.0,0.0,1.4606052254550916,0.0,0.09089212864637375
3558.3333333333335,0.0,0.0,1.4605278915627078,0.0,0.0908973291516304
3558.6666666666665,0.0,0.0,1.4603732237779399,0.0,0.09090471267700195
3559.0,0.0,0.0,1.460450557670324,0.0,0.0909055769443512
3559.3333333333335,0.0,0.0,1.4605278915627078,0.0,0.09090644121170044
3559.6666666666665,0.0,0.0,1.460450557670324,0.0,0.0909116268157959
3560.0,0.0,0.0,1.460450557670324,0.0,0.09091462939977646
3560.3333333333335,0.0,0.0,1.4605278915627078,0.0,0.09091545641422272
3560.6666666666665,0.0,0.0,1.460450557670324,0.0,0.09092061221599579
3561.0,0.0,0.0,1.460295889885556,0.0,0.09092792123556137
3561.333333333333,0.0,0.0,1.4603732237779399,0.0,0.09092871844768524
3561.666666666667,0.0,0.0,1.4606052254550916,0.0,0.0909251794219017
3562.0,0.0,0.0,1.4608372271322434,0.0,0.09092164039611816
3562.333333333333,0.0,0.0,1.4609145610246272,0.0,0.09092241525650024
3562.666666666667,0.0,0.0,1.4609145610246272,0.0,0.09092534333467484
3563.0,0.0,0.0,1.461146562701779,0.0,0.09092177450656891
3563.333333333333,0.0,0.0,1.461146562701779,0.0,0.0909246876835823
3563.666666666667,0.0,0.0,1.461223896594163,0.0,0.090925432741642
3564.0,0.0,0.0,1.461146562701779,0.0,0.0909305065870285
3564.3333333333335,0.0,0.0,1.461146562701779,0.0,0.0909334123134613
3564.6666666666665,0.0,0.0,1.4616105660560825,0.0,0.09092331677675247
3565.0,0.0,0.0,1.4617652338408504,0.0,0.09092187136411667
3565.3333333333335,0.0,0.0,1.4618425677332343,0.0,0.09092258661985397
3565.6666666666665,0.0,0.0,1.462074569410386,0.0,0.09091898053884506
3566.0,0.0,0.0,1.462074569410386,0.0,0.09092187881469727
3566.3333333333335,0.0,0.0,1.462229237195154,0.0,0.09092043340206146
3566.6666666666665,0.0,0.0,1.4619972355180022,0.0,0.09092981368303299
3567.0,0.0,0.0,1.4619972355180022,0.0,0.0909326896071434
3567.3333333333335,0.0,0.0,1.4619972355180022,0.0,0.09093557298183441
3567.6666666666665,0.0,0.0,1.4618425677332343,0.0,0.09094277024269104
3568.0,0.0,0.0,1.4619972355180022,0.0,0.09094133228063583
3568.3333333333335,0.0,0.0,1.4623839049799219,0.0,0.0909334123134613
3568.6666666666665,0.0,0.0,1.4624612388723057,0.0,0.0909341499209404
3569.0,0.0,0.0,1.4623839049799219,0.0,0.0909392237663269
3569.333333333333,0.0,0.0,1.4623065710875378,0.0,0.09094429761171341
3569.666666666667,0.0,0.0,1.4623839049799219,0.0,0.09094506502151489
3570.0,0.0,0.0,1.4624612388723057,0.0,0.09094582498073578
3570.333333333333,0.0,0.0,1.4623839049799219,0.0,0.09095091372728348
3570.666666666667,0.0,0.0,1.4624612388723057,0.0,0.09095167368650436
3571.0,0.0,0.0,1.4624612388723057,0.0,0.09095459431409836
3571.3333333333335,0.0,0.0,1.4623839049799219,0.0,0.09095968306064606
3571.6666666666665,0.0,0.0,1.4625385727646896,0.0,0.09095828235149384
3572.0,0.0,0.0,1.4626932405494575,0.0,0.09095688164234161
3572.3333333333335,0.0,0.0,1.4629252422266092,0.0,0.09095332026481628
3572.6666666666665,0.0,0.0,1.4630799100113772,0.0,0.09095192700624466
3573.0,0.0,0.0,1.4629252422266092,0.0,0.09095919132232666
3573.3333333333335,0.0,0.0,1.4630799100113772,0.0,0.09095781296491623
3573.6666666666665,0.0,0.0,1.4630799100113772,0.0,0.09096074849367142
3574.0,0.0,0.0,1.463157243903761,0.0,0.0909615233540535
3574.3333333333335,0.0,0.0,1.4632345777961449,0.0,0.09096231311559677
3574.6666666666665,0.0,0.0,1.4633892455809128,0.0,0.09096094965934753
3575.0,0.0,0.0,1.4633892455809128,0.0,0.0909639224410057
3575.3333333333335,0.0,0.0,1.4635439133656807,0.0,0.09096256643533707
3575.6666666666665,0.0,0.0,1.4633892455809128,0.0,0.09096986800432205
3576.0,0.0,0.0,1.4634665794732966,0.0,0.09097068756818771
3576.333333333333,0.0,0.0,1.4634665794732966,0.0,0.09097365289926529
3576.666666666667,0.0,0.0,1.4635439133656807,0.0,0.09097446501255035
3577.0,0.0,0.0,1.4637759150428324,0.0,0.09097094088792801
3577.333333333333,0.0,0.0,1.4638532489352163,0.0,0.09097174555063248
3577.666666666667,0.0,0.0,1.4638532489352163,0.0,0.09097471833229065
3578.0,0.0,0.0,1.4638532489352163,0.0,0.09097768366336823
3578.333333333333,0.0,0.0,1.4637759150428324,0.0,0.09098280221223831
3578.666666666667,0.0,0.0,1.4636212472580645,0.0,0.0909900888800621
3579.0,0.0,0.0,1.4636985811504484,0.0,0.09099087864160538
3579.3333333333335,0.0,0.0,1.4638532489352163,0.0,0.09098952263593674
3579.6666666666665,0.0,0.0,1.4638532489352163,0.0,0.09099248051643372
3580.0,0.0,0.0,1.4637759150428324,0.0,0.0909976214170456
3580.3333333333335,0.0,0.0,1.4635439133656807,0.0,0.09100707620382309
3580.6666666666665,0.0,0.0,1.4633892455809128,0.0,0.09101437777280807
3581.0,0.0,0.0,1.4632345777961449,0.0,0.09102168679237366
3581.3333333333335,0.0,0.0,1.4632345777961449,0.0,0.09102465212345123
3581.6666666666665,0.0,0.0,1.463311911688529,0.0,0.0910254493355751
3582.0,0.0,0.0,1.4632345777961449,0.0,0.09103056788444519
3582.3333333333335,0.0,0.0,1.4632345777961449,0.0,0.09103354066610336
3582.6666666666665,0.0,0.0,1.463002576118993,0.0,0.09104299545288086
3583.0,0.0,0.0,1.4630799100113772,0.0,0.09104378521442413
3583.3333333333335,0.0,0.0,1.4628479083342254,0.0,0.09105324745178223
3583.6666666666665,0.0,0.0,1.4629252422266092,0.0,0.0910540223121643
3584.0,0.0,0.0,1.4626932405494575,0.0,0.0910634696483612
3584.333333333333,0.0,0.0,1.4628479083342254,0.0,0.09106206893920898
3584.666666666667,0.0,0.0,1.4626159066570736,0.0,0.09107152372598648
3585.0,0.0,0.0,1.4625385727646896,0.0,0.09107661992311478
3585.333333333333,0.0,0.0,1.4623839049799219,0.0,0.09108389914035797
3585.666666666667,0.0,0.0,1.462229237195154,0.0,0.09109117090702057
3586.0,0.0,0.0,1.4621519033027701,0.0,0.09109626710414886
3586.3333333333335,0.0,0.0,1.4626159066570736,0.0,0.09108615666627884
3586.6666666666665,0.0,0.0,1.4625385727646896,0.0,0.09109125286340714
3587.0,0.0,0.0,1.4626932405494575,0.0,0.09108982980251312
3587.3333333333335,0.0,0.0,1.4626932405494575,0.0,0.09109275043010712
3587.6666666666665,0.0,0.0,1.4627705744418413,0.0,0.0910935029387474
3588.0,0.0,0.0,1.4630799100113772,0.0,0.09108772873878479
3588.3333333333335,0.0,0.0,1.463157243903761,0.0,0.09108846634626389
3588.6666666666665,0.0,0.0,1.4633892455809128,0.0,0.09108486026525497
3589.0,0.0,0.0,1.4633892455809128,0.0,0.09108775854110718
3589.3333333333335,0.0,0.0,1.463157243903761,0.0,0.09109717607498169
3589.6666666666665,0.0,0.0,1.463157243903761,0.0,0.0911000594496727
3590.0,0.0,0.0,1.463311911688529,0.0,0.0910985991358757
3590.3333333333335,0.0,0.0,1.463311911688529,0.0,0.0911014974117279
3590.6666666666665,0.0,0.0,1.4633892455809128,0.0,0.09110221266746521
3591.0,0.0,0.0,1.4633892455809128,0.0,0.09110508859157562
3591.333333333333,0.0,0.0,1.4635439133656807,0.0,0.09110361337661743
3591.666666666667,0.0,0.0,1.4636985811504484,0.0,0.09110213816165924
3592.0,0.0,0.0,1.4639305828276001,0.0,0.09109848737716675
3592.333333333333,0.0,0.0,1.4638532489352163,0.0,0.09110352396965027
3592.666666666667,0.0,0.0,1.4638532489352163,0.0,0.0911063700914383
3593.0,0.0,0.0,1.4638532489352163,0.0,0.09110923111438751
3593.333333333333,0.0,0.0,1.464085250612368,0.0,0.09110558032989502
3593.666666666667,0.0,0.0,1.464239918397136,0.0,0.09110410511493683
3594.0,0.0,0.0,1.4643172522895198,0.0,0.09110479056835175
3594.3333333333335,0.0,0.0,1.4645492539666716,0.0,0.09110113978385925
3594.6666666666665,0.0,0.0,1.4646265878590554,0.0,0.09110181033611298
3595.0,0.0,0.0,1.4648585895362072,0.0,0.09109814465045929
3595.3333333333335,0.0,0.0,1.465013257320975,0.0,0.09109663963317871
3595.6666666666665,0.0,0.0,1.4652452589981269,0.0,0.09109297394752502
3596.0,0.0,0.0,1.4655545945676625,0.0,0.09108713269233704
3596.3333333333335,0.0,0.0,1.4657092623524304,0.0,0.09108562767505646
3596.6666666666665,0.0,0.0,1.4656319284600465,0.0,0.091090627014637
3597.0,0.0,0.0,1.466018597921966,0.0,0.0910826250910759
3597.3333333333335,0.0,0.0,1.4659412640295821,0.0,0.09108761698007584
3597.6666666666665,0.0,0.0,1.4658639301371983,0.0,0.09109260141849518
3598.0,0.0,0.0,1.4662505995991177,0.0,0.09108458459377289
3598.3333333333335,0.0,0.0,1.466173265706734,0.0,0.09108956158161163
3598.6666666666665,0.0,0.0,1.466173265706734,0.0,0.09109238535165787
3599.0,0.0,0.0,1.466018597921966,0.0,0.09109953045845032
3599.333333333333,0.0,0.0,1.466018597921966,0.0,0.09110233187675476
3599.666666666667,0.0,0.0,1.4664826012762695,0.0,0.09109213948249817
3600.0,0.0,0.0,1.4666372690610374,0.0,0.0910906121134758
3600.333333333333,0.0,0.0,1.4667146029534213,0.0,0.09109124541282654
3600.666666666667,0.0,0.0,1.466946604630573,0.0,0.09108754247426987
3601.0,0.0,0.0,1.4672559402001089,0.0,0.09108167886734009
3601.3333333333335,0.0,0.0,1.4672559402001089,0.0,0.09108446538448334
3601.6666666666665,0.0,0.0,1.4676426096620283,0.0,0.09107642620801926
3602.0,0.0,0.0,1.4679519452315641,0.0,0.09107056260108948
3602.3333333333335,0.0,0.0,1.46787461133918,0.0,0.09107550978660583
3602.6666666666665,0.0,0.0,1.468029279123948,0.0,0.09107397496700287
3603.0,0.0,0.0,1.468029279123948,0.0,0.09107676148414612
3603.3333333333335,0.0,0.0,1.4677199435544124,0.0,0.09108822047710419
3603.6666666666665,0.0,0.0,1.4677199435544124,0.0,0.09109102934598923
3604.0,0.0,0.0,1.4674106079848765,0.0,0.0911024808883667
3604.3333333333335,0.0,0.0,1.4674879418772606,0.0,0.09110309928655624
3604.6666666666665,0.0,0.0,1.4674879418772606,0.0,0.09110589325428009
3605.0,0.0,0.0,1.4674879418772606,0.0,0.09110867977142334
3605.3333333333335,0.0,0.0,1.4674879418772606,0.0,0.09111145883798599
3605.6666666666665,0.0,0.0,1.4674879418772606,0.0,0.09111422300338745
3606.0,0.0,0.0,1.4673332740924927,0.0,0.09112132340669632
3606.333333333333,0.0,0.0,1.4674106079848765,0.0,0.09112191945314407
3606.666666666667,0.0,0.0,1.4674879418772606,0.0,0.09112250059843063
3607.0,0.0,0.0,1.4674879418772606,0.0,0.0911252498626709
3607.333333333333,0.0,0.0,1.4674879418772606,0.0,0.09112799912691116
3607.666666666667,0.0,0.0,1.4677199435544124,0.0,0.09112424403429031
3608.0,0.0,0.0,1.4675652757696445,0.0,0.09113132208585739
3608.333333333333,0.0,0.0,1.4677199435544124,0.0,0.09112973511219025
3608.666666666667,0.0,0.0,1.4677972774467962,0.0,0.09113030880689621
3609.0,0.0,0.0,1.4675652757696445,0.0,0.0911395475268364
3609.3333333333335,0.0,0.0,1.4677972774467962,0.0,0.09113579243421555
3609.6666666666665,0.0,0.0,1.46787461133918,0.0,0.09113636612892151
3610.0,0.0,0.0,1.4679519452315641,0.0,0.09113693237304688
3610.3333333333335,0.0,0.0,1.46787461133918,0.0,0.09114184230566025
3610.6666666666665,0.0,0.0,1.4677199435544124,0.0,0.09114890545606613
3611.0,0.0,0.0,1.46787461133918,0.0,0.09114730358123779
3611.3333333333335,0.0,0.0,1.4674879418772606,0.0,0.09116087108850479
3611.6666666666665,0.0,0.0,1.4674106079848765,0.0,0.09116576611995697
3612.0,0.0,0.0,1.4677972774467962,0.0,0.09115763008594513
3612.3333333333335,0.0,0.0,1.4677199435544124,0.0,0.09116251766681671
3612.6666666666665,0.0,0.0,1.4675652757696445,0.0,0.091169573366642
3613.0,0.0,0.0,1.4675652757696445,0.0,0.09117228537797928
3613.3333333333335,0.0,0.0,1.4675652757696445,0.0,0.09117498993873596
3613.6666666666665,0.0,0.0,1.4675652757696445,0.0,0.09117770195007324
3614.0,0.0,0.0,1.4675652757696445,0.0,0.09118042886257172
3614.333333333333,0.0,0.0,1.4677199435544124,0.0,0.09117882698774338
3614.666666666667,0.0,0.0,1.4676426096620283,0.0,0.09118372201919556
3615.0,0.0,0.0,1.4675652757696445,0.0,0.09118861705064774
3615.333333333333,0.0,0.0,1.4674879418772606,0.0,0.09119351953268051
3615.666666666667,0.0,0.0,1.4677972774467962,0.0,0.09118756651878357
3616.0,0.0,0.0,1.4677972774467962,0.0,0.09119030833244324
3616.3333333333335,0.0,0.0,1.468029279123948,0.0,0.09118654578924179
3616.6666666666665,0.0,0.0,1.468183946908716,0.0,0.09118495136499405
3617.0,0.0,0.0,1.4681066130163318,0.0,0.09118986874818802
3617.3333333333335,0.0,0.0,1.468183946908716,0.0,0.09119044244289398
3617.6666666666665,0.0,0.0,1.4682612808010997,0.0,0.09119101613759995
3618.0,0.0,0.0,1.4683386146934836,0.0,0.09119158983230591
3618.3333333333335,0.0,0.0,1.4681066130163318,0.0,0.09120085090398788
3618.6666666666665,0.0,0.0,1.468029279123948,0.0,0.09120576083660126
3619.0,0.0,0.0,1.4679519452315641,0.0,0.09121067821979523
3619.3333333333335,0.0,0.0,1.46787461133918,0.0,0.0912155956029892
3619.6666666666665,0.0,0.0,1.46787461133918,0.0,0.09121833741664886
3620.0,0.0,0.0,1.468029279123948,0.0,0.09121674299240112
3620.3333333333335,0.0,0.0,1.4682612808010997,0.0,0.09121297299861908
3620.6666666666665,0.0,0.0,1.468183946908716,0.0,0.09121789783239365
3621.0,0.0,0.0,1.468183946908716,0.0,0.09122064709663391
3621.333333333333,0.0,0.0,1.4682612808010997,0.0,0.09122122079133987
3621.666666666667,0.0,0.0,1.468183946908716,0.0,0.09122615307569504
3622.0,0.0,0.0,1.4683386146934836,0.0,0.0912245512008667
3622.333333333333,0.0,0.0,1.4684932824782515,0.0,0.09122295677661896
3622.666666666667,0.0,0.0,1.4687252841554033,0.0,0.09121919423341751
3623.0,0.0,0.0,1.4685706163706354,0.0,0.09122628718614578
3623.333333333333,0.0,0.0,1.4688026180477871,0.0,0.09122252464294434
3623.666666666667,0.0,0.0,1.4690346197249389,0.0,0.09121875464916229
3624.0,0.0,0.0,1.468957285832555,0.0,0.09122367203235626
3624.3333333333335,0.0,0.0,1.4688799519401712,0.0,0.09122860431671143
3624.6666666666665,0.0,0.0,1.4685706163706354,0.0,0.0912400409579277
3625.0,0.0,0.0,1.4686479502630194,0.0,0.09124061465263367
3625.3333333333335,0.0,0.0,1.4684932824782515,0.0,0.09124772250652313
3625.6666666666665,0.0,0.0,1.4685706163706354,0.0,0.09124831855297089
3626.0,0.0,0.0,1.4688026180477871,0.0,0.09124457091093063
3626.3333333333335,0.0,0.0,1.4688799519401712,0.0,0.09124518930912018
3626.6666666666665,0.0,0.0,1.4688799519401712,0.0,0.09124797582626343
3627.0,0.0,0.0,1.469111953617323,0.0,0.09124424308538437
3627.3333333333335,0.0,0.0,1.4693439552944747,0.0,0.0912405252456665
3627.6666666666665,0.0,0.0,1.4694986230792424,0.0,0.09123896807432175
3628.0,0.0,0.0,1.4692666214020906,0.0,0.09124826639890671
3628.3333333333335,0.0,0.0,1.4694986230792424,0.0,0.09124456346035004
3628.6666666666665,0.0,0.0,1.4694986230792424,0.0,0.09124735742807388
3629.0,0.0,0.0,1.4695759569716265,0.0,0.09124798327684402
3629.333333333333,0.0,0.0,1.4694986230792424,0.0,0.09125294536352158
3629.666666666667,0.0,0.0,1.4695759569716265,0.0,0.09125357121229172
3630.0,0.0,0.0,1.4698079586487782,0.0,0.09124984592199326
3630.333333333333,0.0,0.0,1.4697306247563942,0.0,0.0912548080086708
3630.666666666667,0.0,0.0,1.4698079586487782,0.0,0.09125541150569916
3631.0,0.0,0.0,1.4696532908640103,0.0,0.09126254916191101
3631.3333333333335,0.0,0.0,1.469885292541162,0.0,0.09125882387161255
3631.6666666666665,0.0,0.0,1.4697306247563942,0.0,0.09126593917608261
3632.0,0.0,0.0,1.4694986230792424,0.0,0.09127523005008698
3632.3333333333335,0.0,0.0,1.4692666214020906,0.0,0.09128453582525253
3632.6666666666665,0.0,0.0,1.4694986230792424,0.0,0.09128079563379288
3633.0,0.0,0.0,1.4692666214020906,0.0,0.09129008650779724
3633.3333333333335,0.0,0.0,1.4692666214020906,0.0,0.0912928655743599
3633.6666666666665,0.0,0.0,1.4695759569716265,0.0,0.09128694236278534
3634.0,0.0,0.0,1.4694986230792424,0.0,0.0912918969988823
3634.3333333333335,0.0,0.0,1.4694212891868585,0.0,0.09129684418439865
3634.6666666666665,0.0,0.0,1.4694986230792424,0.0,0.0912974402308464
3635.0,0.0,0.0,1.4695759569716265,0.0,0.09129803627729416
3635.3333333333335,0.0,0.0,1.4697306247563942,0.0,0.09129645675420761
3635.6666666666665,0.0,0.0,1.4698079586487782,0.0,0.09129703044891357
3636.0,0.0,0.0,1.4698079586487782,0.0,0.09129978716373444
3636.333333333333,0.0,0.0,1.4696532908640103,0.0,0.0913069099187851
3636.666666666667,0.0,0.0,1.4698079586487782,0.0,0.09130532294511795
3637.0,0.0,0.0,1.469962626433546,0.0,0.091303750872612
3637.333333333333,0.0,0.0,1.47003996032593,0.0,0.09130433946847916
3637.666666666667,0.0,0.0,1.47003996032593,0.0,0.09130708873271942
3638.0,0.0,0.0,1.4698079586487782,0.0,0.09131636470556259
3638.333333333333,0.0,0.0,1.469885292541162,0.0,0.09131693840026855
3638.666666666667,0.0,0.0,1.4696532908640103,0.0,0.09132619947195053
3639.0,0.0,0.0,1.4693439552944747,0.0,0.0913376435637474
3639.3333333333335,0.0,0.0,1.4692666214020906,0.0,0.09134255349636078
3639.6666666666665,0.0,0.0,1.4693439552944747,0.0,0.09134311228990555
3640.0,0.0,0.0,1.4692666214020906,0.0,0.09134802222251892
3640.3333333333335,0.0,0.0,1.4693439552944747,0.0,0.0913485661149025
3640.6666666666665,0.0,0.0,1.469885292541162,0.0,0.09133607149124146
3641.0,0.0,0.0,1.469885292541162,0.0,0.09133880585432053
3641.3333333333335,0.0,0.0,1.4697306247563942,0.0,0.0913458839058876
3641.6666666666665,0.0,0.0,1.4698079586487782,0.0,0.09134643524885178
3642.0,0.0,0.0,1.469962626433546,0.0,0.09134481102228165
3642.3333333333335,0.0,0.0,1.4701172942183138,0.0,0.09134320169687271
3642.6666666666665,0.0,0.0,1.4704266297878494,0.0,0.09133724123239517
3643.0,0.0,0.0,1.4703492958954656,0.0,0.09134214371442795
3643.3333333333335,0.0,0.0,1.4701946281106977,0.0,0.09134923666715622
3643.6666666666665,0.0,0.0,1.4703492958954656,0.0,0.09134764224290848
3644.0,0.0,0.0,1.4702719620030817,0.0,0.09135255962610245
3644.333333333333,0.0,0.0,1.4704266297878494,0.0,0.0913509652018547
3644.666666666667,0.0,0.0,1.4705812975726174,0.0,0.09134936332702637
3645.0,0.0,0.0,1.4705039636802335,0.0,0.09135429561138153
3645.333333333333,0.0,0.0,1.4707359653573853,0.0,0.09135051816701889
3645.666666666667,0.0,0.0,1.4707359653573853,0.0,0.09135328233242035
3646.0,0.0,0.0,1.470967967034537,0.0,0.0913495123386383
3646.3333333333335,0.0,0.0,1.4710453009269209,0.0,0.09135010838508606
3646.6666666666665,0.0,0.0,1.470967967034537,0.0,0.09135505557060242
3647.0,0.0,0.0,1.4708132992497691,0.0,0.09136217832565308
3647.3333333333335,0.0,0.0,1.4712773026040726,0.0,0.09135191887617111
3647.6666666666665,0.0,0.0,1.4712773026040726,0.0,0.09135469794273376
3648.0,0.0,0.0,1.4710453009269209,0.0,0.09136400371789932
3648.3333333333335,0.0,0.0,1.4711999687116888,0.0,0.09136243909597397
3648.6666666666665,0.0,0.0,1.4711999687116888,0.0,0.09136524051427841
3649.0,0.0,0.0,1.4713546364964565,0.0,0.09136369079351425
3649.3333333333335,0.0,0.0,1.4714319703888403,0.0,0.09136432409286499
3649.6666666666665,0.0,0.0,1.4715093042812244,0.0,0.09136496484279633
3650.0,0.0,0.0,1.4718959737431438,0.0,0.09135690331459045
3650.3333333333335,0.0,0.0,1.4718959737431438,0.0,0.0913597121834755
3650.6666666666665,0.0,0.0,1.4722053093126797,0.0,0.09135382622480392
3651.0,0.0,0.0,1.4722826432050635,0.0,0.09135446697473526
3651.333333333333,0.0,0.0,1.4720506415279118,0.0,0.09136378020048141
3651.666666666667,0.0,0.0,1.47181863985076,0.0,0.09137310087680817
3652.0,0.0,0.0,1.47181863985076,0.0,0.09137589484453201
3652.333333333333,0.0,0.0,1.47181863985076,0.0,0.09137869626283646
3652.666666666667,0.0,0.0,1.471663972065992,0.0,0.09138583391904831
3653.0,0.0,0.0,1.4713546364964565,0.0,0.09139733016490936
3653.333333333333,0.0,0.0,1.4714319703888403,0.0,0.09139794111251831
3653.666666666667,0.0,0.0,1.4714319703888403,0.0,0.09140072017908096
3654.0,0.0,0.0,1.4715866381736082,0.0,0.09139914065599442
3654.3333333333335,0.0,0.0,1.4715866381736082,0.0,0.09140190482139587
3654.6666666666665,0.0,0.0,1.47181863985076,0.0,0.09139814227819443
3655.0,0.0,0.0,1.471663972065992,0.0,0.09140525758266449
3655.3333333333335,0.0,0.0,1.4715093042812244,0.0,0.09141235798597336
3655.6666666666665,0.0,0.0,1.4714319703888403,0.0,0.09141728281974792
3656.0,0.0,0.0,1.4714319703888403,0.0,0.09142002463340759
3656.3333333333335,0.0,0.0,1.4712773026040726,0.0,0.09142711758613586
3656.6666666666665,0.0,0.0,1.4712773026040726,0.0,0.09142985194921494
3657.0,0.0,0.0,1.4715093042812244,0.0,0.0914260596036911
3657.3333333333335,0.0,0.0,1.4718959737431438,0.0,0.09141790121793747
3657.6666666666665,0.0,0.0,1.471973307635528,0.0,0.09141844511032104
3658.0,0.0,0.0,1.4721279754202956,0.0,0.09141681343317032
3658.3333333333335,0.0,0.0,1.4723599770974474,0.0,0.0914129912853241
3658.6666666666665,0.0,0.0,1.4723599770974474,0.0,0.09141568839550018
3659.0,0.0,0.0,1.4723599770974474,0.0,0.09141837805509567
3659.333333333333,0.0,0.0,1.4725146448822153,0.0,0.09141670167446136
3659.666666666667,0.0,0.0,1.4724373109898314,0.0,0.09142154455184937
3660.0,0.0,0.0,1.4725146448822153,0.0,0.09142202883958817
3660.333333333333,0.0,0.0,1.4725919787745991,0.0,0.09142250567674637
3660.666666666667,0.0,0.0,1.4726693126669832,0.0,0.09142295271158218
3661.0,0.0,0.0,1.4729786482365188,0.0,0.0914168655872345
3661.3333333333335,0.0,0.0,1.4731333160212867,0.0,0.09141512960195541
3661.6666666666665,0.0,0.0,1.4732879838060544,0.0,0.09141338616609573
3662.0,0.0,0.0,1.4732879838060544,0.0,0.09141598641872406
3662.3333333333335,0.0,0.0,1.4733653176984385,0.0,0.0914163887500763
3662.6666666666665,0.0,0.0,1.4732879838060544,0.0,0.09142114222049713
3663.0,0.0,0.0,1.4733653176984385,0.0,0.09142154455184937
3663.3333333333335,0.0,0.0,1.4735973193755902,0.0,0.091417595744133
3663.6666666666665,0.0,0.0,1.473751987160358,0.0,0.09141581505537033
3664.0,0.0,0.0,1.473829321052742,0.0,0.09141620993614197
3664.3333333333335,0.0,0.0,1.473674653267974,0.0,0.09142312407493591
3664.6666666666665,0.0,0.0,1.4739839888375097,0.0,0.09141699969768524
3665.0,0.0,0.0,1.4743706582994294,0.0,0.09140869975090027
3665.3333333333335,0.0,0.0,1.4742933244070455,0.0,0.09141343832015991
3665.6666666666665,0.0,0.0,1.4742933244070455,0.0,0.09141601622104645
3666.0,0.0,0.0,1.4744479921918132,0.0,0.09141425788402557
3666.333333333333,0.0,0.0,1.4743706582994294,0.0,0.09141901880502701
3666.666666666667,0.0,0.0,1.4743706582994294,0.0,0.09142160415649414
3667.0,0.0,0.0,1.474679993868965,0.0,0.09141550958156586
3667.333333333333,0.0,0.0,1.4745253260841973,0.0,0.09142245352268219
3667.666666666667,0.0,0.0,1.4745253260841973,0.0,0.09142505377531052
3668.0,0.0,0.0,1.4744479921918132,0.0,0.09142983704805374
3668.333333333333,0.0,0.0,1.474679993868965,0.0,0.09142591804265976
3668.666666666667,0.0,0.0,1.474834661653733,0.0,0.09142418950796127
3669.0,0.0,0.0,1.4749119955461167,0.0,0.09142463654279709
3669.3333333333335,0.0,0.0,1.4749893294385008,0.0,0.09142507612705231
3669.6666666666665,0.0,0.0,1.4749119955461167,0.0,0.09142986685037613
3670.0,0.0,0.0,1.4752213311156526,0.0,0.09142381697893143
3670.3333333333335,0.0,0.0,1.4754533327928043,0.0,0.09141993522644043
3670.6666666666665,0.0,0.0,1.4755306666851882,0.0,0.09142041206359863
3671.0,0.0,0.0,1.475685334469956,0.0,0.09141874313354492
3671.3333333333335,0.0,0.0,1.475685334469956,0.0,0.09142141044139862
3671.6666666666665,0.0,0.0,1.4755306666851882,0.0,0.09142842143774033
3672.0,0.0,0.0,1.4754533327928043,0.0,0.09143327921628952
3672.3333333333335,0.0,0.0,1.4752986650080364,0.0,0.09144032746553421
3672.6666666666665,0.0,0.0,1.4755306666851882,0.0,0.09143652766942978
3673.0,0.0,0.0,1.475608000577572,0.0,0.09143707901239395
3673.3333333333335,0.0,0.0,1.4755306666851882,0.0,0.09144198149442673
3673.6666666666665,0.0,0.0,1.4755306666851882,0.0,0.0914447233080864
3674.0,0.0,0.0,1.4754533327928043,0.0,0.09144964814186096
3674.333333333333,0.0,0.0,1.475608000577572,0.0,0.09144806116819382
3674.666666666667,0.0,0.0,1.4753759989004203,0.0,0.09145733714103699
3675.0,0.0,0.0,1.4755306666851882,0.0,0.09145575761795044
3675.333333333333,0.0,0.0,1.475608000577572,0.0,0.0914563462138176
3675.666666666667,0.0,0.0,1.475608000577572,0.0,0.09145911037921906
3676.0,0.0,0.0,1.475685334469956,0.0,0.09145970642566681
3676.3333333333335,0.0,0.0,1.4759173361471079,0.0,0.09145596623420715
3676.6666666666665,0.0,0.0,1.4759173361471079,0.0,0.0914587453007698
3677.0,0.0,0.0,1.4759946700394917,0.0,0.09145934879779816
3677.3333333333335,0.0,0.0,1.4762266717166435,0.0,0.0914556011557579
3677.6666666666665,0.0,0.0,1.4763813395014114,0.0,0.09145402908325195
3678.0,0.0,0.0,1.4763813395014114,0.0,0.09145679324865341
3678.3333333333335,0.0,0.0,1.4764586733937952,0.0,0.09145738184452057
3678.6666666666665,0.0,0.0,1.4762266717166435,0.0,0.09146665781736374
3679.0,0.0,0.0,1.4762266717166435,0.0,0.091469407081604
3679.3333333333335,0.0,0.0,1.4762266717166435,0.0,0.09147214889526367
3679.6666666666665,0.0,0.0,1.4761493378242596,0.0,0.09147705137729645
3680.0,0.0,0.0,1.4759946700394917,0.0,0.09148411452770233
3680.3333333333335,0.0,0.0,1.4758400022547238,0.0,0.09149117767810822
3680.6666666666665,0.0,0.0,1.4759173361471079,0.0,0.09149169921875
3681.0,0.0,0.0,1.4762266717166435,0.0,0.09148569405078888
3681.333333333333,0.0,0.0,1.4760720039318755,0.0,0.09149271994829178
3681.666666666667,0.0,0.0,1.4760720039318755,0.0,0.09149538725614548
3682.0,0.0,0.0,1.4762266717166435,0.0,0.09149371087551117
3682.333333333333,0.0,0.0,1.4760720039318755,0.0,0.09150069206953049
3682.666666666667,0.0,0.0,1.4762266717166435,0.0,0.09149900078773499
3683.0,0.0,0.0,1.4766133411785631,0.0,0.09149077534675598
3683.333333333333,0.0,0.0,1.4763040056090273,0.0,0.09150209277868271
3683.666666666667,0.0,0.0,1.4766133411785631,0.0,0.09149601310491562
3684.0,0.0,0.0,1.476690675070947,0.0,0.09149643778800964
3684.3333333333335,0.0,0.0,1.476690675070947,0.0,0.09149902313947678
3684.6666666666665,0.0,0.0,1.476690675070947,0.0,0.09150160104036331
3685.0,0.0,0.0,1.4766133411785631,0.0,0.09150634706020355
3685.3333333333335,0.0,0.0,1.4764586733937952,0.0,0.0915132462978363
3685.6666666666665,0.0,0.0,1.4762266717166435,0.0,0.09152231365442276
3686.0,0.0,0.0,1.476536007286179,0.0,0.0915161594748497
3686.3333333333335,0.0,0.0,1.4764586733937952,0.0,0.09152086824178696
3686.6666666666665,0.0,0.0,1.476536007286179,0.0,0.09152121841907501
3687.0,0.0,0.0,1.476536007286179,0.0,0.09152373671531677
3687.3333333333335,0.0,0.0,1.4766133411785631,0.0,0.09152406454086304
3687.6666666666665,0.0,0.0,1.476536007286179,0.0,0.09152873605489731
3688.0,0.0,0.0,1.4766133411785631,0.0,0.09152905642986298
3688.3333333333335,0.0,0.0,1.4764586733937952,0.0,0.09153589606285095
3688.6666666666665,0.0,0.0,1.4766133411785631,0.0,0.09153401851654053
3689.0,0.0,0.0,1.4766133411785631,0.0,0.09153648465871811
3689.333333333333,0.0,0.0,1.476690675070947,0.0,0.09153677523136139
3689.666666666667,0.0,0.0,1.4767680089633308,0.0,0.09153705835342407
3690.0,0.0,0.0,1.4767680089633308,0.0,0.09153952449560165
3690.333333333333,0.0,0.0,1.476536007286179,0.0,0.09154852479696274
3690.666666666667,0.0,0.0,1.4767680089633308,0.0,0.09154444932937622
3691.0,0.0,0.0,1.4766133411785631,0.0,0.091551274061203
3691.3333333333335,0.0,0.0,1.4767680089633308,0.0,0.09154938161373138
3691.6666666666665,0.0,0.0,1.4767680089633308,0.0,0.09155185520648956
3692.0,0.0,0.0,1.476845342855715,0.0,0.09155216068029404
3692.3333333333335,0.0,0.0,1.476845342855715,0.0,0.09155464172363281
3692.6666666666665,0.0,0.0,1.4770000106404826,0.0,0.09155277907848358
3693.0,0.0,0.0,1.476845342855715,0.0,0.09155964106321335
3693.3333333333335,0.0,0.0,1.4770000106404826,0.0,0.09155780076980591
3693.6666666666665,0.0,0.0,1.4770773445328667,0.0,0.09155815094709396
3694.0,0.0,0.0,1.4775413478871702,0.0,0.0915476456284523
3694.3333333333335,0.0,0.0,1.4775413478871702,0.0,0.09155020117759705
3694.6666666666665,0.0,0.0,1.4778506834567058,0.0,0.09154406934976578
3695.0,0.0,0.0,1.4780826851338575,0.0,0.0915401354432106
3695.3333333333335,0.0,0.0,1.4780826851338575,0.0,0.09154272079467773
3695.6666666666665,0.0,0.0,1.4779280173490896,0.0,0.09154966473579407
3696.0,0.0,0.0,1.4779280173490896,0.0,0.09155227243900299
3696.333333333333,0.0,0.0,1.4778506834567058,0.0,0.091557078063488
3696.666666666667,0.0,0.0,1.4779280173490896,0.0,0.09155753254890442
3697.0,0.0,0.0,1.4778506834567058,0.0,0.09156236052513123
3697.333333333333,0.0,0.0,1.4778506834567058,0.0,0.09156501293182373
3697.666666666667,0.0,0.0,1.477618681779554,0.0,0.09157420694828033
3698.0,0.0,0.0,1.4775413478871702,0.0,0.09157904237508774
3698.333333333333,0.0,0.0,1.4773866801024023,0.0,0.09158608317375183
3698.666666666667,0.0,0.0,1.4770000106404826,0.0,0.09159965813159943
3699.0,0.0,0.0,1.4772320123176343,0.0,0.09159582108259201
3699.3333333333335,0.0,0.0,1.4773866801024023,0.0,0.0915941670536995
3699.6666666666665,0.0,0.0,1.477618681779554,0.0,0.09159033745527267
3700.0,0.0,0.0,1.4780053512414737,0.0,0.09158216416835785
3700.3333333333335,0.0,0.0,1.4780826851338575,0.0,0.09158269315958023
3700.6666666666665,0.0,0.0,1.4783146868110093,0.0,0.0915788933634758
3701.0,0.0,0.0,1.4782373529186255,0.0,0.09158378094434738
3701.3333333333335,0.0,0.0,1.4782373529186255,0.0,0.09158651530742645
3701.6666666666665,0.0,0.0,1.4784693545957772,0.0,0.09158272296190262
3702.0,0.0,0.0,1.4784693545957772,0.0,0.09158545732498169
3702.3333333333335,0.0,0.0,1.478701356272929,0.0,0.09158167243003845
3702.6666666666665,0.0,0.0,1.478546688488161,0.0,0.09158875793218613
3703.0,0.0,0.0,1.478701356272929,0.0,0.09158715605735779
3703.3333333333335,0.0,0.0,1.4789333579500807,0.0,0.09158337861299515
3703.6666666666665,0.0,0.0,1.4790880257348484,0.0,0.09158176928758621
3704.0,0.0,0.0,1.4790880257348484,0.0,0.09158450365066528
3704.333333333333,0.0,0.0,1.4791653596272325,0.0,0.09158506244421005
3704.666666666667,0.0,0.0,1.4793973613043843,0.0,0.09158127009868622
3705.0,0.0,0.0,1.479629362981536,0.0,0.09157748520374298
3705.333333333333,0.0,0.0,1.479474695196768,0.0,0.09158457070589066
3705.666666666667,0.0,0.0,1.479629362981536,0.0,0.09158294647932053
3706.0,0.0,0.0,1.4797066968739199,0.0,0.09158351272344589
3706.3333333333335,0.0,0.0,1.4798613646586878,0.0,0.09158187359571457
3706.6666666666665,0.0,0.0,1.4802480341206072,0.0,0.09157373011112213
3707.0,0.0,0.0,1.4802480341206072,0.0,0.09157644957304001
3707.3333333333335,0.0,0.0,1.4801707002282234,0.0,0.0915813222527504
3707.6666666666665,0.0,0.0,1.4800933663358395,0.0,0.09158618748188019
3708.0,0.0,0.0,1.4802480341206072,0.0,0.09158452600240707
3708.3333333333335,0.0,0.0,1.4801707002282234,0.0,0.09158938378095627
3708.6666666666665,0.0,0.0,1.4802480341206072,0.0,0.09158986806869507
3709.0,0.0,0.0,1.4800933663358395,0.0,0.09159687906503677
3709.3333333333335,0.0,0.0,1.4800933663358395,0.0,0.09159952402114868
3709.6666666666665,0.0,0.0,1.4804027019053752,0.0,0.09159348160028458
3710.0,0.0,0.0,1.480480035797759,0.0,0.09159395843744278
3710.3333333333335,0.0,0.0,1.480557369690143,0.0,0.09159442782402039
3710.6666666666665,0.0,0.0,1.480480035797759,0.0,0.0915992259979248
3711.0,0.0,0.0,1.4800160324434555,0.0,0.09161488711833954
3711.333333333333,0.0,0.0,1.4797840307663037,0.0,0.09162402153015137
3711.666666666667,0.0,0.0,1.4803253680129913,0.0,0.09161140024662018
3712.0,0.0,0.0,1.480480035797759,0.0,0.0916096568107605
3712.333333333333,0.0,0.0,1.480634703582527,0.0,0.09160791337490082
3712.666666666667,0.0,0.0,1.4807120374749108,0.0,0.09160833060741425
3713.0,0.0,0.0,1.4807120374749108,0.0,0.09161091595888138
3713.333333333333,0.0,0.0,1.480557369690143,0.0,0.09161783754825592
3713.666666666667,0.0,0.0,1.480480035797759,0.0,0.09162258356809616
3714.0,0.0,0.0,1.480557369690143,0.0,0.0916229635477066
3714.3333333333335,0.0,0.0,1.4804027019053752,0.0,0.09162986278533936
3714.6666666666665,0.0,0.0,1.480480035797759,0.0,0.0916302353143692
3715.0,0.0,0.0,1.4803253680129913,0.0,0.09163712710142136
3715.3333333333335,0.0,0.0,1.4804027019053752,0.0,0.09163748472929001
3715.6666666666665,0.0,0.0,1.4803253680129913,0.0,0.09164219349622726
3716.0,0.0,0.0,1.480557369690143,0.0,0.09163819253444672
3716.3333333333335,0.0,0.0,1.480634703582527,0.0,0.09163854271173477
3716.6666666666665,0.0,0.0,1.4804027019053752,0.0,0.09164758026599884
3717.0,0.0,0.0,1.480557369690143,0.0,0.091645747423172
3717.3333333333335,0.0,0.0,1.480634703582527,0.0,0.09164608269929886
3717.6666666666665,0.0,0.0,1.4807120374749108,0.0,0.09164641797542572
3718.0,0.0,0.0,1.4803253680129913,0.0,0.09165981411933899
3718.3333333333335,0.0,0.0,1.4800933663358395,0.0,0.09166885167360306
3718.6666666666665,0.0,0.0,1.4798613646586878,0.0,0.09167789667844772
3719.0,0.0,0.0,1.4800160324434555,0.0,0.09167604893445969
3719.333333333333,0.0,0.0,1.4801707002282234,0.0,0.09167420864105225
3719.666666666667,0.0,0.0,1.4802480341206072,0.0,0.0916745513677597
3720.0,0.0,0.0,1.4802480341206072,0.0,0.09167706221342087
3720.333333333333,0.0,0.0,1.4800933663358395,0.0,0.09168393909931183
3720.666666666667,0.0,0.0,1.4802480341206072,0.0,0.09168210625648499
3721.0,0.0,0.0,1.4801707002282234,0.0,0.09168680757284164
3721.3333333333335,0.0,0.0,1.4800933663358395,0.0,0.0916915014386177
3721.6666666666665,0.0,0.0,1.4802480341206072,0.0,0.09168966114521027
3722.0,0.0,0.0,1.4802480341206072,0.0,0.09169218689203262
3722.3333333333335,0.0,0.0,1.4802480341206072,0.0,0.09169470518827438
3722.6666666666665,0.0,0.0,1.4803253680129913,0.0,0.09169504046440125
3723.0,0.0,0.0,1.480480035797759,0.0,0.09169318526983261
3723.3333333333335,0.0,0.0,1.4804027019053752,0.0,0.09169787168502808
3723.6666666666665,0.0,0.0,1.480480035797759,0.0,0.09169820696115494
3724.0,0.0,0.0,1.480634703582527,0.0,0.0916963517665863
3724.3333333333335,0.0,0.0,1.4804027019053752,0.0,0.09170536696910858
3724.6666666666665,0.0,0.0,1.4804027019053752,0.0,0.09170785546302795
3725.0,0.0,0.0,1.4807120374749108,0.0,0.09170162677764893
3725.3333333333335,0.0,0.0,1.4809440391520625,0.0,0.0916975811123848
3725.6666666666665,0.0,0.0,1.4810987069368304,0.0,0.09169569611549377
3726.0,0.0,0.0,1.4810987069368304,0.0,0.09169819205999374
3726.333333333333,0.0,0.0,1.4812533747215983,0.0,0.09169632196426392
3726.666666666667,0.0,0.0,1.481562710291134,0.0,0.09169009327888489
3727.0,0.0,0.0,1.4816400441835178,0.0,0.09169039875268936
3727.333333333333,0.0,0.0,1.4816400441835178,0.0,0.09169287979602814
3727.666666666667,0.0,0.0,1.4818720458606696,0.0,0.09168883413076401
3728.0,0.0,0.0,1.4817173780759016,0.0,0.09169565886259079
3728.333333333333,0.0,0.0,1.4818720458606696,0.0,0.09169378131628036
3728.666666666667,0.0,0.0,1.4817947119682857,0.0,0.09169843047857285
3729.0,0.0,0.0,1.4817947119682857,0.0,0.09170090407133102
3729.3333333333335,0.0,0.0,1.4818720458606696,0.0,0.09170122444629669
3729.6666666666665,0.0,0.0,1.4818720458606696,0.0,0.09170371294021606
3730.0,0.0,0.0,1.4819493797530534,0.0,0.09170403331518173
3730.3333333333335,0.0,0.0,1.4819493797530534,0.0,0.0917065218091011
3730.6666666666665,0.0,0.0,1.4821040475378213,0.0,0.09170465916395187
3731.0,0.0,0.0,1.4821040475378213,0.0,0.09170715510845184
3731.3333333333335,0.0,0.0,1.4821040475378213,0.0,0.09170965850353241
3731.6666666666665,0.0,0.0,1.4821813814302052,0.0,0.09170997142791748
3732.0,0.0,0.0,1.482413383107357,0.0,0.09170594811439514
3732.3333333333335,0.0,0.0,1.482413383107357,0.0,0.09170843660831451
3732.6666666666665,0.0,0.0,1.482490716999741,0.0,0.09170875698328018
3733.0,0.0,0.0,1.4827227186768928,0.0,0.09170473366975784
3733.3333333333335,0.0,0.0,1.4826453847845087,0.0,0.09170940518379211
3733.6666666666665,0.0,0.0,1.4827227186768928,0.0,0.09170973300933838
3734.0,0.0,0.0,1.482490716999741,0.0,0.09171876311302185
3734.333333333333,0.0,0.0,1.4825680508921248,0.0,0.09171909838914871
3734.666666666667,0.0,0.0,1.4825680508921248,0.0,0.09172160178422928
3735.0,0.0,0.0,1.4826453847845087,0.0,0.09172193706035614
3735.333333333333,0.0,0.0,1.4827227186768928,0.0,0.091722272336483
3735.666666666667,0.0,0.0,1.4829547203540445,0.0,0.09171824902296066
3736.0,0.0,0.0,1.4829547203540445,0.0,0.09172075241804123
3736.3333333333335,0.0,0.0,1.4831093881388122,0.0,0.09171892702579498
3736.6666666666665,0.0,0.0,1.4831867220311963,0.0,0.09171927720308304
3737.0,0.0,0.0,1.4831867220311963,0.0,0.0917217805981636
3737.3333333333335,0.0,0.0,1.483418723708348,0.0,0.09171779453754425
3737.6666666666665,0.0,0.0,1.4838827270626516,0.0,0.0917072743177414
3738.0,0.0,0.0,1.4838827270626516,0.0,0.09170979261398315
3738.3333333333335,0.0,0.0,1.4840373948474193,0.0,0.0917079746723175
3738.6666666666665,0.0,0.0,1.4839600609550354,0.0,0.09171266108751297
3739.0,0.0,0.0,1.4840373948474193,0.0,0.09171301126480103
3739.3333333333335,0.0,0.0,1.4839600609550354,0.0,0.09171771258115768
3739.6666666666665,0.0,0.0,1.4837280592778836,0.0,0.09172677248716354
3740.0,0.0,0.0,1.4839600609550354,0.0,0.09172280132770538
3740.3333333333335,0.0,0.0,1.4841147287398033,0.0,0.09172101318836212
3740.6666666666665,0.0,0.0,1.484346730416955,0.0,0.09171705693006516
3741.0,0.0,0.0,1.4840373948474193,0.0,0.09172830730676651
3741.333333333333,0.0,0.0,1.4839600609550354,0.0,0.09173304587602615
3741.666666666667,0.0,0.0,1.4838053931702675,0.0,0.0917399600148201
3742.0,0.0,0.0,1.4840373948474193,0.0,0.09173599630594254
3742.333333333333,0.0,0.0,1.4839600609550354,0.0,0.09174074232578278
3742.666666666667,0.0,0.0,1.4841920626321872,0.0,0.0917367935180664
3743.0,0.0,0.0,1.484269396524571,0.0,0.09173718094825745
3743.333333333333,0.0,0.0,1.4841920626321872,0.0,0.09174193441867828
3743.666666666667,0.0,0.0,1.4841920626321872,0.0,0.09174448996782303
3744.0,0.0,0.0,1.4841920626321872,0.0,0.09174705296754837
3744.3333333333335,0.0,0.0,1.484269396524571,0.0,0.09174744784832001
3744.6666666666665,0.0,0.0,1.484424064309339,0.0,0.09174565225839615
3745.0,0.0,0.0,1.484269396524571,0.0,0.09175257384777069
3745.3333333333335,0.0,0.0,1.484346730416955,0.0,0.09175293892621994
3745.6666666666665,0.0,0.0,1.4840373948474193,0.0,0.09176420420408249
3746.0,0.0,0.0,1.4841920626321872,0.0,0.09176241606473923
3746.3333333333335,0.0,0.0,1.484346730416955,0.0,0.09176062047481537
3746.6666666666665,0.0,0.0,1.4845787320941068,0.0,0.09175664186477661
3747.0,0.0,0.0,1.4848107337712586,0.0,0.09175267815589905
3747.3333333333335,0.0,0.0,1.4848107337712586,0.0,0.09175523370504379
3747.6666666666665,0.0,0.0,1.4847333998788745,0.0,0.09175996482372284
3748.0,0.0,0.0,1.4848107337712586,0.0,0.09176035225391388
3748.3333333333335,0.0,0.0,1.4848107337712586,0.0,0.09176290035247803
3748.6666666666665,0.0,0.0,1.4845013982017228,0.0,0.09177415072917938
3749.0,0.0,0.0,1.4841920626321872,0.0,0.09178540110588074
3749.333333333333,0.0,0.0,1.4841920626321872,0.0,0.09178793430328369
3749.666666666667,0.0,0.0,1.4841147287398033,0.0,0.09179264307022095
3750.0,0.0,0.0,1.4841920626321872,0.0,0.091792993247509
3750.333333333333,0.0,0.0,1.484424064309339,0.0,0.09178899228572845
3750.666666666667,0.0,0.0,1.484424064309339,0.0,0.09179149568080902
3751.0,0.0,0.0,1.4845787320941068,0.0,0.09178966283798218
3751.3333333333335,0.0,0.0,1.484424064309339,0.0,0.09179653227329254
3751.6666666666665,0.0,0.0,1.484424064309339,0.0,0.0917990505695343
3752.0,0.0,0.0,1.4848880676636425,0.0,0.09178849309682846
3752.3333333333335,0.0,0.0,1.4848107337712586,0.0,0.09179318696260452
3752.6666666666665,0.0,0.0,1.4848880676636425,0.0,0.09179351478815079
3753.0,0.0,0.0,1.4850427354484104,0.0,0.09179167449474335
3753.3333333333335,0.0,0.0,1.4850427354484104,0.0,0.09179417788982391
3753.6666666666665,0.0,0.0,1.4850427354484104,0.0,0.09179667383432388
3754.0,0.0,0.0,1.4850427354484104,0.0,0.09179914742708206
3754.3333333333335,0.0,0.0,1.4851200693407942,0.0,0.09179945290088654
3754.6666666666665,0.0,0.0,1.4850427354484104,0.0,0.09180411696434021
3755.0,0.0,0.0,1.4848880676636425,0.0,0.09181094169616699
3755.3333333333335,0.0,0.0,1.4847333998788745,0.0,0.09181776642799377
3755.6666666666665,0.0,0.0,1.4847333998788745,0.0,0.09182023257017136
3756.0,0.0,0.0,1.4849654015560263,0.0,0.09181615710258484
3756.333333333333,0.0,0.0,1.4849654015560263,0.0,0.09181861579418182
3756.666666666667,0.0,0.0,1.4848107337712586,0.0,0.09182541817426682
3757.0,0.0,0.0,1.4850427354484104,0.0,0.09182132035493851
3757.333333333333,0.0,0.0,1.4850427354484104,0.0,0.09182374179363251
3757.666666666667,0.0,0.0,1.4848107337712586,0.0,0.0918327048420906
3758.0,0.0,0.0,1.4848107337712586,0.0,0.0918351337313652
3758.333333333333,0.0,0.0,1.4848107337712586,0.0,0.0918375700712204
3758.666666666667,0.0,0.0,1.4848880676636425,0.0,0.0918378084897995
3759.0,0.0,0.0,1.4848880676636425,0.0,0.0918402299284935
3759.3333333333335,0.0,0.0,1.4846560659864907,0.0,0.09184917062520981
3759.6666666666665,0.0,0.0,1.4848107337712586,0.0,0.09184722602367401
3760.0,0.0,0.0,1.4848880676636425,0.0,0.09184745699167252
3760.3333333333335,0.0,0.0,1.4849654015560263,0.0,0.09184767305850983
3760.6666666666665,0.0,0.0,1.4848880676636425,0.0,0.09185225516557693
3761.0,0.0,0.0,1.4850427354484104,0.0,0.09185029566287994
3761.3333333333335,0.0,0.0,1.4852747371255621,0.0,0.09184616059064865
3761.6666666666665,0.0,0.0,1.485352071017946,0.0,0.09184636175632477
3762.0,0.0,0.0,1.4855067388027139,0.0,0.09184438735246658
3762.3333333333335,0.0,0.0,1.4854294049103298,0.0,0.0918489545583725
3762.6666666666665,0.0,0.0,1.4852747371255621,0.0,0.09185569733381271
3763.0,0.0,0.0,1.4852747371255621,0.0,0.09185807406902313
3763.3333333333335,0.0,0.0,1.4852747371255621,0.0,0.09186045825481415
3763.6666666666665,0.0,0.0,1.4852747371255621,0.0,0.09186283499002457
3764.0,0.0,0.0,1.485352071017946,0.0,0.09186304360628128
3764.333333333333,0.0,0.0,1.485352071017946,0.0,0.0918654352426529
3764.666666666667,0.0,0.0,1.4855067388027139,0.0,0.09186345338821411
3765.0,0.0,0.0,1.4855840726950977,0.0,0.09186366200447083
3765.333333333333,0.0,0.0,1.4855840726950977,0.0,0.09186605364084244
3765.666666666667,0.0,0.0,1.4858160743722495,0.0,0.09186191111803055
3766.0,0.0,0.0,1.4857387404798656,0.0,0.09186648577451706
3766.3333333333335,0.0,0.0,1.4857387404798656,0.0,0.09186888486146927
3766.6666666666665,0.0,0.0,1.4857387404798656,0.0,0.09187126904726028
3767.0,0.0,0.0,1.4855840726950977,0.0,0.0918780267238617
3767.3333333333335,0.0,0.0,1.4855067388027139,0.0,0.0918826013803482
3767.6666666666665,0.0,0.0,1.4855840726950977,0.0,0.09188282489776611
3768.0,0.0,0.0,1.4857387404798656,0.0,0.09188085049390793
3768.3333333333335,0.0,0.0,1.4858160743722495,0.0,0.09188108146190643
3768.6666666666665,0.0,0.0,1.486125409941785,0.0,0.09187476336956024
3769.0,0.0,0.0,1.4859707421570174,0.0,0.09188153594732285
3769.3333333333335,0.0,0.0,1.4858934082646333,0.0,0.09188612550497055
3769.6666666666665,0.0,0.0,1.4857387404798656,0.0,0.09189290553331375
3770.0,0.0,0.0,1.4858160743722495,0.0,0.09189313650131226
3770.3333333333335,0.0,0.0,1.4858160743722495,0.0,0.09189558029174805
3770.6666666666665,0.0,0.0,1.4860480760494013,0.0,0.09189146012067795
3771.0,0.0,0.0,1.4865120794037048,0.0,0.09188081324100494
3771.333333333333,0.0,0.0,1.4865894132960886,0.0,0.09188107401132584
3771.666666666667,0.0,0.0,1.4867440810808565,0.0,0.09187915176153183
3772.0,0.0,0.0,1.4868214149732404,0.0,0.09187941998243332
3772.333333333333,0.0,0.0,1.4868214149732404,0.0,0.09188187122344971
3772.666666666667,0.0,0.0,1.4868987488656245,0.0,0.0918821468949318
3773.0,0.0,0.0,1.48720808443516,0.0,0.09187590330839157
3773.333333333333,0.0,0.0,1.48720808443516,0.0,0.09187837690114975
3773.666666666667,0.0,0.0,1.487362752219928,0.0,0.09187649935483932
3774.0,0.0,0.0,1.487285418327544,0.0,0.091881163418293
3774.3333333333335,0.0,0.0,1.4870534166503921,0.0,0.09189017862081528
3774.6666666666665,0.0,0.0,1.4870534166503921,0.0,0.09189268201589584
3775.0,0.0,0.0,1.4871307505427762,0.0,0.09189300984144211
3775.3333333333335,0.0,0.0,1.4875174200046957,0.0,0.09188462793827057
3775.6666666666665,0.0,0.0,1.4874400861123118,0.0,0.09188932925462723
3776.0,0.0,0.0,1.4874400861123118,0.0,0.09189185500144958
3776.3333333333335,0.0,0.0,1.4875174200046957,0.0,0.09189222753047943
3776.6666666666665,0.0,0.0,1.4875947538970797,0.0,0.09189260005950928
3777.0,0.0,0.0,1.4876720877894636,0.0,0.09189299494028091
3777.3333333333335,0.0,0.0,1.4879040894666153,0.0,0.09188901633024216
3777.6666666666665,0.0,0.0,1.488290758928535,0.0,0.0918806940317154
3778.0,0.0,0.0,1.488136091143767,0.0,0.09188761562108994
3778.3333333333335,0.0,0.0,1.4880587572513833,0.0,0.09189236164093018
3778.6666666666665,0.0,0.0,1.4880587572513833,0.0,0.09189493954181671
3779.0,0.0,0.0,1.488213425036151,0.0,0.09189314395189285
3779.333333333333,0.0,0.0,1.4885227606056868,0.0,0.09188701212406158
3779.666666666667,0.0,0.0,1.4883680928209189,0.0,0.09189393371343613
3780.0,0.0,0.0,1.4884454267133027,0.0,0.09189432859420776
3780.333333333333,0.0,0.0,1.4885227606056868,0.0,0.0918947160243988
3780.666666666667,0.0,0.0,1.4884454267133027,0.0,0.09189945459365845
3781.0,0.0,0.0,1.4883680928209189,0.0,0.09190420061349869
3781.3333333333335,0.0,0.0,1.4883680928209189,0.0,0.09190677106380463
3781.6666666666665,0.0,0.0,1.4884454267133027,0.0,0.09190715104341507
3782.0,0.0,0.0,1.4886774283904545,0.0,0.0919031873345375
3782.3333333333335,0.0,0.0,1.4889094300676062,0.0,0.09189920872449875
3782.6666666666665,0.0,0.0,1.4890640978523741,0.0,0.09189741313457489
3783.0,0.0,0.0,1.489141431744758,0.0,0.09189777821302414
3783.3333333333335,0.0,0.0,1.489141431744758,0.0,0.09190031886100769
3783.6666666666665,0.0,0.0,1.4889867639599903,0.0,0.09190721809864044
3784.0,0.0,0.0,1.4888320961752224,0.0,0.09191412478685379
3784.3333333333335,0.0,0.0,1.4889094300676062,0.0,0.09191448986530304
3784.6666666666665,0.0,0.0,1.4887547622828385,0.0,0.09192138910293579
3785.0,0.0,0.0,1.4886774283904545,0.0,0.09192609786987305
3785.3333333333335,0.0,0.0,1.4885227606056868,0.0,0.09193301200866699
3785.6666666666665,0.0,0.0,1.4886774283904545,0.0,0.09193118661642075
3786.0,0.0,0.0,1.4886000944980706,0.0,0.0919359102845192
3786.333333333333,0.0,0.0,1.4886000944980706,0.0,0.09193845838308334
3786.666666666667,0.0,0.0,1.4887547622828385,0.0,0.09193665534257889
3787.0,0.0,0.0,1.4890640978523741,0.0,0.09193050861358643
3787.333333333333,0.0,0.0,1.4889867639599903,0.0,0.09193524718284607
3787.666666666667,0.0,0.0,1.4890640978523741,0.0,0.09193562716245651
3788.0,0.0,0.0,1.4889867639599903,0.0,0.09194035828113556
3788.333333333333,0.0,0.0,1.4888320961752224,0.0,0.0919472724199295
3788.666666666667,0.0,0.0,1.4890640978523741,0.0,0.09194329380989075
3789.0,0.0,0.0,1.489296099529526,0.0,0.09193931519985199
3789.3333333333335,0.0,0.0,1.4893734334219098,0.0,0.09193968772888184
3789.6666666666665,0.0,0.0,1.4893734334219098,0.0,0.09194225072860718
3790.0,0.0,0.0,1.4895281012066777,0.0,0.09194044768810272
3790.3333333333335,0.0,0.0,1.4894507673142938,0.0,0.09194516390562057
3790.6666666666665,0.0,0.0,1.4894507673142938,0.0,0.09194770455360413
3791.0,0.0,0.0,1.4895281012066777,0.0,0.09194804728031158
3791.3333333333335,0.0,0.0,1.4896054350990615,0.0,0.09194839000701904
3791.6666666666665,0.0,0.0,1.4896054350990615,0.0,0.0919509008526802
3792.0,0.0,0.0,1.4897601028838294,0.0,0.09194904565811157
3792.3333333333335,0.0,0.0,1.4898374367762133,0.0,0.09194936603307724
3792.6666666666665,0.0,0.0,1.4898374367762133,0.0,0.09195184707641602
3793.0,0.0,0.0,1.4897601028838294,0.0,0.09195651113986969
3793.3333333333335,0.0,0.0,1.4896827689914456,0.0,0.09196116030216217
3793.6666666666665,0.0,0.0,1.4897601028838294,0.0,0.09196146577596664
3794.0,0.0,0.0,1.490069438453365,0.0,0.09195519983768463
3794.333333333333,0.0,0.0,1.4904561079152847,0.0,0.09194678068161011
3794.666666666667,0.0,0.0,1.4906107757000526,0.0,0.0919448658823967
3795.0,0.0,0.0,1.4906107757000526,0.0,0.09194730222225189
3795.333333333333,0.0,0.0,1.4906107757000526,0.0,0.09194972366094589
3795.666666666667,0.0,0.0,1.4905334418076686,0.0,0.0919543206691742
3796.0,0.0,0.0,1.4906107757000526,0.0,0.0919545516371727
3796.3333333333335,0.0,0.0,1.4903787740229009,0.0,0.09196346998214722
3796.6666666666665,0.0,0.0,1.4899921045609812,0.0,0.09197675436735153
3797.0,0.0,0.0,1.490069438453365,0.0,0.09197695553302765
3797.3333333333335,0.0,0.0,1.4899921045609812,0.0,0.09198151528835297
3797.6666666666665,0.0,0.0,1.4897601028838294,0.0,0.09199041873216629
3798.0,0.0,0.0,1.4896827689914456,0.0,0.09199495613574982
3798.3333333333335,0.0,0.0,1.4898374367762133,0.0,0.09199293702840805
3798.6666666666665,0.0,0.0,1.4898374367762133,0.0,0.09199526906013489
3799.0,0.0,0.0,1.4899921045609812,0.0,0.09199323505163193
3799.3333333333335,0.0,0.0,1.4899921045609812,0.0,0.09199554473161697
3799.6666666666665,0.0,0.0,1.4899147706685973,0.0,0.09200003743171692
3800.0,0.0,0.0,1.4899921045609812,0.0,0.09200014919042587
3800.3333333333335,0.0,0.0,1.490224106238133,0.0,0.09199590981006622
3800.6666666666665,0.0,0.0,1.4898374367762133,0.0,0.09200909733772278
3801.0,0.0,0.0,1.490069438453365,0.0,0.09200484305620193
3801.333333333333,0.0,0.0,1.4904561079152847,0.0,0.0919962227344513
3801.666666666667,0.0,0.0,1.4903787740229009,0.0,0.09200067073106766
3802.0,0.0,0.0,1.4905334418076686,0.0,0.09199857711791992
3802.333333333333,0.0,0.0,1.4906881095924365,0.0,0.09199646860361099
3802.666666666667,0.0,0.0,1.4905334418076686,0.0,0.09200306981801987
3803.0,0.0,0.0,1.4906107757000526,0.0,0.09200313687324524
3803.333333333333,0.0,0.0,1.4906107757000526,0.0,0.09200536459684372
3803.666666666667,0.0,0.0,1.4906881095924365,0.0,0.0920054093003273
3804.0,0.0,0.0,1.4907654434848203,0.0,0.09200543910264969
3804.3333333333335,0.0,0.0,1.490997445161972,0.0,0.09200111031532288
3804.6666666666665,0.0,0.0,1.490997445161972,0.0,0.09200330078601837
3805.0,0.0,0.0,1.490997445161972,0.0,0.09200548380613327
3805.3333333333335,0.0,0.0,1.4912294468391238,0.0,0.09200111031532288
3805.6666666666665,0.0,0.0,1.4912294468391238,0.0,0.09200327843427658
3806.0,0.0,0.0,1.4909201112695882,0.0,0.09201414883136749
3806.3333333333335,0.0,0.0,1.4907654434848203,0.0,0.0920206680893898
3806.6666666666665,0.0,0.0,1.4908427773772044,0.0,0.09202064573764801
3807.0,0.0,0.0,1.4909201112695882,0.0,0.09202060848474503
3807.3333333333335,0.0,0.0,1.4910747790543561,0.0,0.09201841056346893
3807.6666666666665,0.0,0.0,1.4912294468391238,0.0,0.09201619774103165
3808.0,0.0,0.0,1.49115211294674,0.0,0.09202052652835846
3808.3333333333335,0.0,0.0,1.4910747790543561,0.0,0.09202483296394348
3808.6666666666665,0.0,0.0,1.4912294468391238,0.0,0.0920226126909256
3809.0,0.0,0.0,1.4913841146238918,0.0,0.09202037751674652
3809.333333333333,0.0,0.0,1.4915387824086597,0.0,0.09201815724372864
3809.666666666667,0.0,0.0,1.4916161163010435,0.0,0.09201811254024506
3810.0,0.0,0.0,1.4914614485162756,0.0,0.09202458709478378
3810.333333333333,0.0,0.0,1.4913841146238918,0.0,0.09202890843153
3810.666666666667,0.0,0.0,1.4913841146238918,0.0,0.09203103929758072
3811.0,0.0,0.0,1.4914614485162756,0.0,0.09203100204467773
3811.3333333333335,0.0,0.0,1.4915387824086597,0.0,0.09203095734119415
3811.6666666666665,0.0,0.0,1.492080119655347,0.0,0.09201785922050476
3812.0,0.0,0.0,1.4923121213324988,0.0,0.09201350063085556
3812.3333333333335,0.0,0.0,1.4919254518705791,0.0,0.09202656149864197
3812.6666666666665,0.0,0.0,1.4920027857629632,0.0,0.09202656894922256
3813.0,0.0,0.0,1.4919254518705791,0.0,0.09203094244003296
3813.3333333333335,0.0,0.0,1.4921574535477309,0.0,0.09202661365270615
3813.6666666666665,0.0,0.0,1.492080119655347,0.0,0.09203097969293594
3814.0,0.0,0.0,1.4918481179781953,0.0,0.09203972667455673
3814.3333333333335,0.0,0.0,1.4916934501934274,0.0,0.09204629063606262
3814.6666666666665,0.0,0.0,1.4918481179781953,0.0,0.09204414486885071
3815.0,0.0,0.0,1.4916934501934274,0.0,0.09205072373151779
3815.3333333333335,0.0,0.0,1.4918481179781953,0.0,0.09204858541488647
3815.6666666666665,0.0,0.0,1.4922347874401147,0.0,0.09203992038965225
3816.0,0.0,0.0,1.4926214569020344,0.0,0.09203127026557922
3816.333333333333,0.0,0.0,1.493008126363954,0.0,0.0920226201415062
3816.666666666667,0.0,0.0,1.4931627941487218,0.0,0.09202053397893906
3817.0,0.0,0.0,1.4931627941487218,0.0,0.09202279150485992
3817.333333333333,0.0,0.0,1.4933174619334897,0.0,0.09202070534229279
3817.666666666667,0.0,0.0,1.4933174619334897,0.0,0.09202297031879425
3818.0,0.0,0.0,1.4931627941487218,0.0,0.09202960133552551
3818.333333333333,0.0,0.0,1.4933174619334897,0.0,0.09202751517295837
3818.666666666667,0.0,0.0,1.4934721297182576,0.0,0.09202542901039124
3819.0,0.0,0.0,1.4935494636106414,0.0,0.092025525867939
3819.3333333333335,0.0,0.0,1.4933174619334897,0.0,0.09203433245420456
3819.6666666666665,0.0,0.0,1.4933174619334897,0.0,0.09203661233186722
3820.0,0.0,0.0,1.4932401280411058,0.0,0.09204107522964478
3820.3333333333335,0.0,0.0,1.4933174619334897,0.0,0.09204117953777313
3820.6666666666665,0.0,0.0,1.4933174619334897,0.0,0.09204347431659698
3821.0,0.0,0.0,1.4933947958258735,0.0,0.09204358607530594
3821.3333333333335,0.0,0.0,1.4933947958258735,0.0,0.09204588085412979
3821.6666666666665,0.0,0.0,1.4934721297182576,0.0,0.09204600006341934
3822.0,0.0,0.0,1.4934721297182576,0.0,0.09204830229282379
3822.3333333333335,0.0,0.0,1.4937041313954094,0.0,0.09204407036304474
3822.6666666666665,0.0,0.0,1.4934721297182576,0.0,0.0920528993010521
3823.0,0.0,0.0,1.4932401280411058,0.0,0.09206172823905945
3823.3333333333335,0.0,0.0,1.4935494636106414,0.0,0.0920553207397461
3823.6666666666665,0.0,0.0,1.4937041313954094,0.0,0.09205326437950134
3824.0,0.0,0.0,1.4937041313954094,0.0,0.09205556660890579
3824.333333333333,0.0,0.0,1.4937041313954094,0.0,0.09205786138772964
3824.666666666667,0.0,0.0,1.4937814652877932,0.0,0.09205798804759979
3825.0,0.0,0.0,1.4936267975030253,0.0,0.09206464886665344
3825.333333333333,0.0,0.0,1.4937041313954094,0.0,0.09206478297710419
3825.666666666667,0.0,0.0,1.4937041313954094,0.0,0.09206710010766983
3826.0,0.0,0.0,1.4937814652877932,0.0,0.09206723421812057
3826.3333333333335,0.0,0.0,1.493858799180177,0.0,0.09206737577915192
3826.6666666666665,0.0,0.0,1.493858799180177,0.0,0.09206967800855637
3827.0,0.0,0.0,1.4940908008573288,0.0,0.09206545352935791
3827.3333333333335,0.0,0.0,1.4939361330725611,0.0,0.09207211434841156
3827.6666666666665,0.0,0.0,1.4941681347497129,0.0,0.09206788241863251
3828.0,0.0,0.0,1.4944774703192485,0.0,0.09206146746873856
3828.3333333333335,0.0,0.0,1.4946321381040164,0.0,0.0920594111084938
3828.6666666666665,0.0,0.0,1.4945548042116323,0.0,0.09206389635801315
3829.0,0.0,0.0,1.4947094719964003,0.0,0.0920618325471878
3829.3333333333335,0.0,0.0,1.4944774703192485,0.0,0.09207065403461456
3829.6666666666665,0.0,0.0,1.4941681347497129,0.0,0.09208165109157562
3830.0,0.0,0.0,1.4941681347497129,0.0,0.09208396077156067
3830.3333333333335,0.0,0.0,1.4943228025344806,0.0,0.09208189696073532
3830.6666666666665,0.0,0.0,1.4944774703192485,0.0,0.09207984060049057
3831.0,0.0,0.0,1.4945548042116323,0.0,0.09207995980978012
3831.333333333333,0.0,0.0,1.4947094719964003,0.0,0.09207790344953537
3831.666666666667,0.0,0.0,1.4946321381040164,0.0,0.09208238869905472
3832.0,0.0,0.0,1.4948641397811682,0.0,0.09207815676927567
3832.333333333333,0.0,0.0,1.4947094719964003,0.0,0.09208481013774872
3832.666666666667,0.0,0.0,1.4944774703192485,0.0,0.09209366142749786
3833.0,0.0,0.0,1.4945548042116323,0.0,0.09209379553794861
3833.333333333333,0.0,0.0,1.4948641397811682,0.0,0.09208742529153824
3833.666666666667,0.0,0.0,1.4950188075659359,0.0,0.09208542853593826
3834.0,0.0,0.0,1.4950188075659359,0.0,0.09208779036998749
3834.3333333333335,0.0,0.0,1.4952508092430876,0.0,0.0920836329460144
3834.6666666666665,0.0,0.0,1.4951734753507038,0.0,0.09208817034959793
3835.0,0.0,0.0,1.49509614145832,0.0,0.09209273010492325
3835.3333333333335,0.0,0.0,1.4952508092430876,0.0,0.09209075570106506
3835.6666666666665,0.0,0.0,1.4957148125973911,0.0,0.09208007156848907
3836.0,0.0,0.0,1.4956374787050073,0.0,0.09208463132381439
3836.3333333333335,0.0,0.0,1.4956374787050073,0.0,0.09208700060844421
3836.6666666666665,0.0,0.0,1.4957921464897752,0.0,0.09208502620458603
3837.0,0.0,0.0,1.4956374787050073,0.0,0.09209176152944565
3837.3333333333335,0.0,0.0,1.4956374787050073,0.0,0.09209414571523666
3837.6666666666665,0.0,0.0,1.4957921464897752,0.0,0.09209216386079788
3838.0,0.0,0.0,1.495869480382159,0.0,0.0920923724770546
3838.3333333333335,0.0,0.0,1.496024148166927,0.0,0.09209039807319641
3838.6666666666665,0.0,0.0,1.4961788159516947,0.0,0.09208841621875763
3839.0,0.0,0.0,1.4963334837364626,0.0,0.09208644181489944
3839.333333333333,0.0,0.0,1.4963334837364626,0.0,0.09208882600069046
3839.666666666667,0.0,0.0,1.4964108176288464,0.0,0.09208901971578598
3840.0,0.0,0.0,1.4961788159516947,0.0,0.0920979306101799
3840.3333333333335,0.0,0.0,1.4961014820593108,0.0,0.09210247546434402
3840.6666666666665,0.0,0.0,1.4963334837364626,0.0,0.09209832549095154
3841.0,0.0,0.0,1.4963334837364626,0.0,0.09210068732500076
3841.3333333333335,0.0,0.0,1.4961788159516947,0.0,0.092107392847538
3841.666666666666,0.0,0.0,1.4961788159516947,0.0,0.09210974723100662
3842.0,0.0,0.0,1.495946814274543,0.0,0.09211862087249756
3842.3333333333335,0.0,0.0,1.4961788159516947,0.0,0.09211443364620209
3842.666666666667,0.0,0.0,1.4962561498440787,0.0,0.09211458265781403
3843.0,0.0,0.0,1.4961014820593108,0.0,0.09212126582860947
3843.3333333333335,0.0,0.0,1.496024148166927,0.0,0.09212575852870941
3843.666666666667,0.0,0.0,1.4962561498440787,0.0,0.09212155640125275
3844.0,0.0,0.0,1.4964108176288464,0.0,0.09211952239274979
3844.3333333333335,0.0,0.0,1.496797487090766,0.0,0.09211094677448273
3844.666666666667,0.0,0.0,1.4966428193059982,0.0,0.09211761504411697
3844.9999999999995,0.0,0.0,1.49687482098315,0.0,0.09211338311433792
3845.3333333333335,0.0,0.0,1.4967201531983823,0.0,0.09212005138397217
3845.666666666667,0.0,0.0,1.496797487090766,0.0,0.09212019294500351
3845.9999999999995,0.0,0.0,1.49687482098315,0.0,0.09212031215429306
3846.333333333333,0.0,0.0,1.496952154875534,0.0,0.09212043881416321
3846.666666666667,0.0,0.0,1.4973388243374535,0.0,0.09211184829473495
3846.9999999999995,0.0,0.0,1.4971841565526858,0.0,0.09211847931146622
3847.333333333333,0.0,0.0,1.496952154875534,0.0,0.09212728589773178
3847.666666666667,0.0,0.0,1.4966428193059982,0.0,0.09213827550411224
3848.0000000000005,0.0,0.0,1.4965654854136143,0.0,0.09214272350072861
3848.333333333333,0.0,0.0,1.4964108176288464,0.0,0.09214936196804047
3848.666666666667,0.0,0.0,1.4964881515212305,0.0,0.09214944392442703
3849.0000000000005,0.0,0.0,1.4964881515212305,0.0,0.0921517014503479
3849.333333333333,0.0,0.0,1.4965654854136143,0.0,0.09215177595615387
3849.6666666666665,0.0,0.0,1.4964108176288464,0.0,0.09215837717056274
3850.0000000000005,0.0,0.0,1.4962561498440787,0.0,0.09216497838497162
3850.333333333333,0.0,0.0,1.4963334837364626,0.0,0.0921650379896164
3850.6666666666665,0.0,0.0,1.4963334837364626,0.0,0.09216726571321487
3851.0,0.0,0.0,1.4961788159516947,0.0,0.09217385947704315
3851.333333333333,0.0,0.0,1.4961788159516947,0.0,0.09217610210180283
3851.6666666666665,0.0,0.0,1.4965654854136143,0.0,0.0921674445271492
3852.0,0.0,0.0,1.4965654854136143,0.0,0.09216967970132828
3852.333333333333,0.0,0.0,1.4964881515212305,0.0,0.09217409044504166
3852.6666666666665,0.0,0.0,1.4964881515212305,0.0,0.09217632561922073
3853.0,0.0,0.0,1.4965654854136143,0.0,0.09217637032270432
3853.333333333334,0.0,0.0,1.4965654854136143,0.0,0.0921785980463028
3853.6666666666665,0.0,0.0,1.496797487090766,0.0,0.09217427670955658
3854.0,0.0,0.0,1.496952154875534,0.0,0.09217213839292526
3854.3333333333335,0.0,0.0,1.4971068226603017,0.0,0.09216999262571335
3854.6666666666665,0.0,0.0,1.4971841565526858,0.0,0.09217002987861633
3855.0,0.0,0.0,1.49687482098315,0.0,0.09218097478151321
3855.3333333333335,0.0,0.0,1.4966428193059982,0.0,0.0921897292137146
3855.6666666666665,0.0,0.0,1.4967201531983823,0.0,0.09218978136777878
3856.0,0.0,0.0,1.49687482098315,0.0,0.09218765795230865
3856.3333333333335,0.0,0.0,1.496952154875534,0.0,0.09218771010637283
3856.666666666666,0.0,0.0,1.4970294887679179,0.0,0.0921877771615982
3857.0,0.0,0.0,1.4970294887679179,0.0,0.09219003468751907
3857.3333333333335,0.0,0.0,1.4971068226603017,0.0,0.09219011664390564
3857.666666666667,0.0,0.0,1.4971068226603017,0.0,0.09219237416982651
3858.0,0.0,0.0,1.496952154875534,0.0,0.09219899028539658
3858.3333333333335,0.0,0.0,1.4970294887679179,0.0,0.09219907969236374
3858.666666666667,0.0,0.0,1.4972614904450696,0.0,0.0921948030591011
3859.0,0.0,0.0,1.4974161582298375,0.0,0.09219272434711456
3859.3333333333335,0.0,0.0,1.4975708260146052,0.0,0.09219063818454742
3859.666666666667,0.0,0.0,1.4974934921222214,0.0,0.09219510108232498
3859.9999999999995,0.0,0.0,1.497880161584141,0.0,0.09218648821115494
3860.3333333333335,0.0,0.0,1.4981121632612928,0.0,0.0921822339296341
3860.666666666667,0.0,0.0,1.498730834400364,0.0,0.09216710925102234
3860.9999999999995,0.0,0.0,1.498730834400364,0.0,0.09216941893100739
3861.333333333333,0.0,0.0,1.4989628360775158,0.0,0.09216520190238953
3861.666666666667,0.0,0.0,1.498730834400364,0.0,0.09217403084039688
3861.9999999999995,0.0,0.0,1.498885502185132,0.0,0.09217200428247452
3862.333333333333,0.0,0.0,1.4989628360775158,0.0,0.09217214584350586
3862.666666666667,0.0,0.0,1.498885502185132,0.0,0.0921766385436058
3863.0000000000005,0.0,0.0,1.4991175038622837,0.0,0.09217242896556854
3863.333333333333,0.0,0.0,1.4986535005079802,0.0,0.0921878069639206
3863.666666666667,0.0,0.0,1.4985761666155963,0.0,0.09219229966402054
3864.0000000000005,0.0,0.0,1.4985761666155963,0.0,0.09219460934400558
3864.333333333333,0.0,0.0,1.4983441649384446,0.0,0.09220345318317413
3864.6666666666665,0.0,0.0,1.4985761666155963,0.0,0.09219922125339508
3865.0000000000005,0.0,0.0,1.4985761666155963,0.0,0.09220153093338013
3865.333333333333,0.0,0.0,1.4985761666155963,0.0,0.09220384061336517
3865.6666666666665,0.0,0.0,1.4984214988308284,0.0,0.09221050888299942
3866.0,0.0,0.0,1.4981894971536767,0.0,0.09221934527158737
3866.333333333333,0.0,0.0,1.4980348293689087,0.0,0.09222600609064102
3866.6666666666665,0.0,0.0,1.4980348293689087,0.0,0.09222832322120667
3867.0,0.0,0.0,1.4981894971536767,0.0,0.09222627431154251
3867.333333333333,0.0,0.0,1.4981894971536767,0.0,0.09222857654094696
3867.6666666666665,0.0,0.0,1.4981121632612928,0.0,0.0922330692410469
3868.0,0.0,0.0,1.4984988327232123,0.0,0.09222447872161865
3868.333333333334,0.0,0.0,1.4985761666155963,0.0,0.09222462028265
3868.6666666666665,0.0,0.0,1.4985761666155963,0.0,0.09222692251205444
3869.0,0.0,0.0,1.498885502185132,0.0,0.09222052246332169
3869.3333333333335,0.0,0.0,1.4989628360775158,0.0,0.09222064912319183
3869.6666666666665,0.0,0.0,1.4990401699698999,0.0,0.09222077578306198
3870.0,0.0,0.0,1.4991175038622837,0.0,0.09222090989351273
3870.3333333333335,0.0,0.0,1.4990401699698999,0.0,0.09222538769245148
3870.6666666666665,0.0,0.0,1.4991948377546676,0.0,0.09222333133220673
3871.0,0.0,0.0,1.4991175038622837,0.0,0.09222780168056488
3871.3333333333335,0.0,0.0,1.4992721716470516,0.0,0.09222574532032013
3871.666666666666,0.0,0.0,1.499658841108971,0.0,0.09221714735031128
3872.0,0.0,0.0,1.499813508893739,0.0,0.09221509099006653
3872.3333333333335,0.0,0.0,1.499813508893739,0.0,0.09221738576889038
3872.666666666667,0.0,0.0,1.499813508893739,0.0,0.09221968799829483
3873.0,0.0,0.0,1.499968176678507,0.0,0.09221763908863068
3873.3333333333335,0.0,0.0,1.499813508893739,0.0,0.09222430735826492
3873.666666666667,0.0,0.0,1.499813508893739,0.0,0.09222661703824997
3874.0,0.0,0.0,1.499813508893739,0.0,0.09222892671823502
3874.3333333333335,0.0,0.0,1.4998908427861228,0.0,0.09222906827926636
3874.666666666667,0.0,0.0,1.5000455105708907,0.0,0.0922270193696022
3874.9999999999995,0.0,0.0,1.5002775122480425,0.0,0.09222280234098434
3875.3333333333335,0.0,0.0,1.5003548461404264,0.0,0.09222295135259628
3875.666666666667,0.0,0.0,1.5001228444632746,0.0,0.09223178029060364
3875.9999999999995,0.0,0.0,1.4998908427861228,0.0,0.09224063158035278
3876.333333333333,0.0,0.0,1.499813508893739,0.0,0.09224510937929153
3876.666666666667,0.0,0.0,1.499968176678507,0.0,0.09224305301904678
3876.9999999999995,0.0,0.0,1.5001228444632746,0.0,0.09224098920822144
3877.333333333333,0.0,0.0,1.5002775122480425,0.0,0.09223893284797668
3877.666666666667,0.0,0.0,1.5006641817099622,0.0,0.09223034232854843
3878.0000000000005,0.0,0.0,1.500741515602346,0.0,0.09223046898841858
3878.333333333333,0.0,0.0,1.5008188494947299,0.0,0.09223058819770813
3878.666666666667,0.0,0.0,1.5008188494947299,0.0,0.09223288297653198
3879.0000000000005,0.0,0.0,1.5009735172794978,0.0,0.09223082661628723
3879.333333333333,0.0,0.0,1.5009735172794978,0.0,0.09223311394453049
3879.6666666666665,0.0,0.0,1.5009735172794978,0.0,0.09223540127277374
3880.0000000000005,0.0,0.0,1.5010508511718816,0.0,0.0922355055809021
3880.333333333333,0.0,0.0,1.5012055189566496,0.0,0.09223342686891556
3880.6666666666665,0.0,0.0,1.5015921884185692,0.0,0.09222482144832611
3881.0,0.0,0.0,1.5019788578804887,0.0,0.09221623092889786
3881.333333333333,0.0,0.0,1.5020561917728728,0.0,0.09221632778644562
3881.6666666666665,0.0,0.0,1.5021335256652566,0.0,0.09221643209457397
3882.0,0.0,0.0,1.5022108595576404,0.0,0.09221652150154114
3882.333333333333,0.0,0.0,1.5024428612347922,0.0,0.09221228212118149
3882.6666666666665,0.0,0.0,1.5025975290195601,0.0,0.09221021831035614
3883.0,0.0,0.0,1.502674862911944,0.0,0.0922103226184845
3883.333333333334,0.0,0.0,1.5025201951271763,0.0,0.09221695363521576
3883.6666666666665,0.0,0.0,1.5024428612347922,0.0,0.09222139418125153
3884.0,0.0,0.0,1.5025201951271763,0.0,0.09222149848937988
3884.3333333333335,0.0,0.0,1.5022881934500245,0.0,0.09223028272390366
3884.6666666666665,0.0,0.0,1.5022108595576404,0.0,0.09223473072052002
3885.0,0.0,0.0,1.5022881934500245,0.0,0.09223482012748718
3885.3333333333335,0.0,0.0,1.5022881934500245,0.0,0.09223710000514984
3885.6666666666665,0.0,0.0,1.5019015239881048,0.0,0.09225025773048401
3886.0,0.0,0.0,1.501824190095721,0.0,0.09225470572710037
3886.3333333333335,0.0,0.0,1.501824190095721,0.0,0.09225697815418243
3886.666666666666,0.0,0.0,1.5014375206338013,0.0,0.092270128428936
3887.0,0.0,0.0,1.5013601867414175,0.0,0.09227457642555237
3887.3333333333335,0.0,0.0,1.5012828528490334,0.0,0.09227900952100754
3887.666666666667,0.0,0.0,1.5013601867414175,0.0,0.0922790914773941
3888.0,0.0,0.0,1.5013601867414175,0.0,0.09228134900331497
3888.3333333333335,0.0,0.0,1.5012828528490334,0.0,0.09228575974702835
3888.666666666667,0.0,0.0,1.5012055189566496,0.0,0.09229018539190292
3889.0,0.0,0.0,1.5010508511718816,0.0,0.0922967717051506
3889.3333333333335,0.0,0.0,1.5009735172794978,0.0,0.09230119735002518
3889.666666666667,0.0,0.0,1.5011281850642657,0.0,0.09229906648397446
3889.9999999999995,0.0,0.0,1.5011281850642657,0.0,0.09230129420757294
3890.3333333333335,0.0,0.0,1.5012055189566496,0.0,0.09230135381221771
3890.666666666667,0.0,0.0,1.5012828528490334,0.0,0.09230142086744308
3890.9999999999995,0.0,0.0,1.501746856203337,0.0,0.09229057282209396
3891.333333333333,0.0,0.0,1.501824190095721,0.0,0.09229062497615814
3891.666666666667,0.0,0.0,1.5014375206338013,0.0,0.09230374544858932
3891.9999999999995,0.0,0.0,1.5009735172794978,0.0,0.0923190712928772
3892.333333333333,0.0,0.0,1.5010508511718816,0.0,0.09231913834810257
3892.666666666667,0.0,0.0,1.5010508511718816,0.0,0.09232138097286224
3893.0000000000005,0.0,0.0,1.5012055189566496,0.0,0.09231926500797272
3893.333333333333,0.0,0.0,1.5013601867414175,0.0,0.0923171415925026
3893.666666666667,0.0,0.0,1.5012828528490334,0.0,0.09232156723737717
3894.0000000000005,0.0,0.0,1.501669522310953,0.0,0.09231291711330414
3894.333333333333,0.0,0.0,1.5014375206338013,0.0,0.09232170134782791
3894.6666666666665,0.0,0.0,1.5015921884185692,0.0,0.09231957048177719
3895.0000000000005,0.0,0.0,1.5019015239881048,0.0,0.09231310337781906
3895.333333333333,0.0,0.0,1.5020561917728728,0.0,0.09231100231409073
3895.6666666666665,0.0,0.0,1.5024428612347922,0.0,0.0923023596405983
3896.0,0.0,0.0,1.5027521968043278,0.0,0.09229589253664017
3896.333333333333,0.0,0.0,1.5028295306967119,0.0,0.09229595959186554
3896.6666666666665,0.0,0.0,1.5029841984814796,0.0,0.0922938659787178
3897.0,0.0,0.0,1.5029841984814796,0.0,0.09229612350463867
3897.333333333333,0.0,0.0,1.5029068645890957,0.0,0.09230055660009384
3897.6666666666665,0.0,0.0,1.5027521968043278,0.0,0.09230716526508331
3898.0,0.0,0.0,1.5030615323738636,0.0,0.09230072051286697
3898.333333333334,0.0,0.0,1.5031388662662475,0.0,0.09230080991983414
3898.6666666666665,0.0,0.0,1.5030615323738636,0.0,0.0923052579164505
3899.0,0.0,0.0,1.5031388662662475,0.0,0.09230533987283707
3899.3333333333335,0.0,0.0,1.5030615323738636,0.0,0.09230978786945343
3899.6666666666665,0.0,0.0,1.5029841984814796,0.0,0.0923142358660698
3900.0,0.0,0.0,1.5031388662662475,0.0,0.09231216460466385
3900.3333333333335,0.0,0.0,1.5028295306967119,0.0,0.09232314676046371
3900.6666666666665,0.0,0.0,1.502674862911944,0.0,0.09232977777719498
3901.0,0.0,0.0,1.5025201951271763,0.0,0.09233641624450684
3901.3333333333335,0.0,0.0,1.5025201951271763,0.0,0.0923386961221695
3901.666666666666,0.0,0.0,1.502674862911944,0.0,0.09233661741018295
3902.0,0.0,0.0,1.502674862911944,0.0,0.09233889728784561
3902.3333333333335,0.0,0.0,1.5023655273424084,0.0,0.09234988689422607
3902.666666666667,0.0,0.0,1.5023655273424084,0.0,0.09235217422246933
3903.0,0.0,0.0,1.5022881934500245,0.0,0.09235664457082748
3903.3333333333335,0.0,0.0,1.5021335256652566,0.0,0.09236327558755875
3903.666666666667,0.0,0.0,1.5020561917728728,0.0,0.0923677384853363
3904.0,0.0,0.0,1.5022881934500245,0.0,0.09236347675323486
3904.3333333333335,0.0,0.0,1.5024428612347922,0.0,0.09236139059066772
3904.666666666667,0.0,0.0,1.502674862911944,0.0,0.09235712885856628
3904.9999999999995,0.0,0.0,1.502674862911944,0.0,0.09235941618680954
3905.3333333333335,0.0,0.0,1.5025975290195601,0.0,0.0923638790845871
3905.666666666667,0.0,0.0,1.5024428612347922,0.0,0.09237051755189896
3905.9999999999995,0.0,0.0,1.5025975290195601,0.0,0.09236845374107361
3906.333333333333,0.0,0.0,1.5025201951271763,0.0,0.09237293154001236
3906.666666666667,0.0,0.0,1.5025975290195601,0.0,0.09237305074930191
3906.9999999999995,0.0,0.0,1.5028295306967119,0.0,0.09236881136894226
3907.333333333333,0.0,0.0,1.5028295306967119,0.0,0.0923711284995079
3907.666666666667,0.0,0.0,1.5029068645890957,0.0,0.09237125515937805
3908.0000000000005,0.0,0.0,1.5029841984814796,0.0,0.0923713967204094
3908.333333333333,0.0,0.0,1.5031388662662475,0.0,0.09236936271190643
3908.666666666667,0.0,0.0,1.5032162001586313,0.0,0.09236951917409897
3909.0000000000005,0.0,0.0,1.503448201835783,0.0,0.0923653244972229
3909.333333333333,0.0,0.0,1.5035255357281672,0.0,0.09236548095941544
3909.6666666666665,0.0,0.0,1.503448201835783,0.0,0.09236999601125717
3910.0000000000005,0.0,0.0,1.503602869620551,0.0,0.092367984354496
3910.333333333333,0.0,0.0,1.5035255357281672,0.0,0.09237251430749893
3910.6666666666665,0.0,0.0,1.503448201835783,0.0,0.09237703680992126
3911.0,0.0,0.0,1.5032935340510154,0.0,0.09238374978303909
3911.333333333333,0.0,0.0,1.5032935340510154,0.0,0.09238611161708832
3911.6666666666665,0.0,0.0,1.5033708679433992,0.0,0.09238629043102264
3912.0,0.0,0.0,1.5032162001586313,0.0,0.09239301085472107
3912.333333333333,0.0,0.0,1.5030615323738636,0.0,0.0923997238278389
3912.6666666666665,0.0,0.0,1.5032935340510154,0.0,0.09239553660154343
3913.0,0.0,0.0,1.503757537405319,0.0,0.09238480776548386
3913.333333333334,0.0,0.0,1.503757537405319,0.0,0.09238716959953308
3913.6666666666665,0.0,0.0,1.503602869620551,0.0,0.09239387512207031
3914.0,0.0,0.0,1.5038348712977028,0.0,0.09238968789577484
3914.3333333333335,0.0,0.0,1.5038348712977028,0.0,0.09239201992750168
3914.6666666666665,0.0,0.0,1.5036802035129349,0.0,0.0923987329006195
3915.0,0.0,0.0,1.5035255357281672,0.0,0.09240543842315674
3915.3333333333335,0.0,0.0,1.503602869620551,0.0,0.09240560233592987
3915.6666666666665,0.0,0.0,1.5035255357281672,0.0,0.0924101173877716
3916.0,0.0,0.0,1.5036802035129349,0.0,0.09240808337926865
3916.3333333333335,0.0,0.0,1.5039122051900866,0.0,0.09240386635065079
3916.666666666666,0.0,0.0,1.5038348712977028,0.0,0.09240838140249252
3917.0,0.0,0.0,1.5041442068672384,0.0,0.09240198880434036
3917.3333333333335,0.0,0.0,1.5041442068672384,0.0,0.0924043282866478
3917.666666666667,0.0,0.0,1.5042215407596224,0.0,0.09240446239709854
3918.0,0.0,0.0,1.5044535424367742,0.0,0.09240026026964188
3918.3333333333335,0.0,0.0,1.5044535424367742,0.0,0.09240257740020752
3918.666666666667,0.0,0.0,1.5044535424367742,0.0,0.09240489453077316
3919.0,0.0,0.0,1.5044535424367742,0.0,0.09240720421075821
3919.3333333333335,0.0,0.0,1.5047628780063098,0.0,0.09240078926086426
3919.666666666667,0.0,0.0,1.504685544113926,0.0,0.09240526705980301
3919.9999999999995,0.0,0.0,1.504685544113926,0.0,0.09240757673978806
3920.3333333333335,0.0,0.0,1.5048402118986937,0.0,0.09240551292896271
3920.666666666667,0.0,0.0,1.5050722135758454,0.0,0.09240126609802246
3920.9999999999995,0.0,0.0,1.5050722135758454,0.0,0.09240353852510452
3921.333333333333,0.0,0.0,1.5050722135758454,0.0,0.09240581095218658
3921.666666666667,0.0,0.0,1.5052268813606133,0.0,0.09240370988845825
3921.9999999999995,0.0,0.0,1.5052268813606133,0.0,0.09240595251321793
3922.333333333333,0.0,0.0,1.5053042152529972,0.0,0.0924060195684433
3922.666666666667,0.0,0.0,1.5053815491453812,0.0,0.09240607172250748
3923.0000000000005,0.0,0.0,1.5049948796834616,0.0,0.09241918474435806
3923.333333333333,0.0,0.0,1.5049175457910777,0.0,0.09242358058691025
3923.666666666667,0.0,0.0,1.5047628780063098,0.0,0.09243013709783554
3924.0000000000005,0.0,0.0,1.5051495474682295,0.0,0.09242144227027893
3924.333333333333,0.0,0.0,1.5053815491453812,0.0,0.09241709858179092
3924.6666666666665,0.0,0.0,1.505536216930149,0.0,0.09241493046283722
3925.0000000000005,0.0,0.0,1.505536216930149,0.0,0.09241711348295212
3925.333333333333,0.0,0.0,1.505613550822533,0.0,0.09241711348295212
3925.6666666666665,0.0,0.0,1.505613550822533,0.0,0.09241928160190582
3926.0,0.0,0.0,1.505536216930149,0.0,0.09242363274097443
3926.333333333333,0.0,0.0,1.505458883037765,0.0,0.09242796152830124
3926.6666666666665,0.0,0.0,1.505458883037765,0.0,0.09243012964725494
3927.0,0.0,0.0,1.505458883037765,0.0,0.09243229776620865
3927.333333333333,0.0,0.0,1.5052268813606133,0.0,0.09244099259376526
3927.6666666666665,0.0,0.0,1.5053815491453812,0.0,0.09243879467248917
3928.0,0.0,0.0,1.5052268813606133,0.0,0.09244529902935028
3928.333333333334,0.0,0.0,1.5053042152529972,0.0,0.0924452617764473
3928.6666666666665,0.0,0.0,1.5053815491453812,0.0,0.09244523197412491
3929.0,0.0,0.0,1.5053815491453812,0.0,0.09244737029075623
3929.3333333333335,0.0,0.0,1.5053815491453812,0.0,0.09244950115680695
3929.6666666666665,0.0,0.0,1.505536216930149,0.0,0.09244727343320847
3930.0,0.0,0.0,1.505613550822533,0.0,0.09244722872972488
3930.3333333333335,0.0,0.0,1.5056908847149169,0.0,0.0924471914768219
3930.6666666666665,0.0,0.0,1.505613550822533,0.0,0.09245151281356812
3931.0,0.0,0.0,1.505613550822533,0.0,0.09245365858078003
3931.3333333333335,0.0,0.0,1.5056908847149169,0.0,0.09245362132787704
3931.666666666666,0.0,0.0,1.5057682186073007,0.0,0.09245359152555466
3932.0,0.0,0.0,1.5060775541768365,0.0,0.09244702756404877
3932.3333333333335,0.0,0.0,1.5062322219616042,0.0,0.09244481474161148
3932.666666666667,0.0,0.0,1.5059228863920686,0.0,0.09245569258928299
3933.0,0.0,0.0,1.5058455524996848,0.0,0.092460036277771
3933.3333333333335,0.0,0.0,1.5057682186073007,0.0,0.0924643874168396
3933.666666666667,0.0,0.0,1.5057682186073007,0.0,0.0924665555357933
3934.0,0.0,0.0,1.5059228863920686,0.0,0.0924643874168396
3934.3333333333335,0.0,0.0,1.5063095558539883,0.0,0.0924556702375412
3934.666666666667,0.0,0.0,1.5061548880692204,0.0,0.0924622192978859
3934.9999999999995,0.0,0.0,1.5060775541768365,0.0,0.09246660023927689
3935.3333333333335,0.0,0.0,1.5061548880692204,0.0,0.09246662259101868
3935.666666666667,0.0,0.0,1.5062322219616042,0.0,0.09246664494276047
3935.9999999999995,0.0,0.0,1.5063095558539883,0.0,0.09246666729450226
3936.333333333333,0.0,0.0,1.5063095558539883,0.0,0.09246887266635895
3936.666666666667,0.0,0.0,1.5062322219616042,0.0,0.09247326105833054
3936.9999999999995,0.0,0.0,1.5063868897463721,0.0,0.09247111529111862
3937.333333333333,0.0,0.0,1.506464223638756,0.0,0.0924711599946022
3937.666666666667,0.0,0.0,1.5063095558539883,0.0,0.09247773140668869
3938.0000000000005,0.0,0.0,1.5061548880692204,0.0,0.09248432517051697
3938.333333333333,0.0,0.0,1.5062322219616042,0.0,0.09248439222574234
3938.666666666667,0.0,0.0,1.5063868897463721,0.0,0.09248227626085281
3939.0000000000005,0.0,0.0,1.5063095558539883,0.0,0.09248669445514679
3939.333333333333,0.0,0.0,1.5060775541768365,0.0,0.09249549359083176
3939.6666666666665,0.0,0.0,1.5060002202844525,0.0,0.09249992668628693
3940.0000000000005,0.0,0.0,1.5058455524996848,0.0,0.09250655025243759
3940.333333333333,0.0,0.0,1.5057682186073007,0.0,0.09251100569963455
3940.6666666666665,0.0,0.0,1.5056908847149169,0.0,0.09251544624567032
3941.0,0.0,0.0,1.5059228863920686,0.0,0.09251116961240768
3941.333333333333,0.0,0.0,1.5056908847149169,0.0,0.09252000600099564
3941.6666666666665,0.0,0.0,1.5056908847149169,0.0,0.09252229332923889
3942.0,0.0,0.0,1.505613550822533,0.0,0.09252676367759705
3942.333333333333,0.0,0.0,1.5056908847149169,0.0,0.0925268605351448
3942.6666666666665,0.0,0.0,1.5057682186073007,0.0,0.09252697229385376
3943.0,0.0,0.0,1.5059228863920686,0.0,0.09252489358186722
3943.333333333334,0.0,0.0,1.5058455524996848,0.0,0.09252937138080597
3943.6666666666665,0.0,0.0,1.5059228863920686,0.0,0.09252948313951492
3944.0,0.0,0.0,1.5059228863920686,0.0,0.09253178536891937
3944.3333333333335,0.0,0.0,1.5059228863920686,0.0,0.09253407269716263
3944.6666666666665,0.0,0.0,1.5058455524996848,0.0,0.09253855049610138
3945.0,0.0,0.0,1.5058455524996848,0.0,0.09254083782434464
3945.3333333333335,0.0,0.0,1.5059228863920686,0.0,0.09254094958305359
3945.6666666666665,0.0,0.0,1.5059228863920686,0.0,0.09254323691129684
3946.0,0.0,0.0,1.5058455524996848,0.0,0.09254772961139679
3946.3333333333335,0.0,0.0,1.5060002202844525,0.0,0.09254565089941025
3946.666666666666,0.0,0.0,1.5061548880692204,0.0,0.0925435796380043
3947.0,0.0,0.0,1.5062322219616042,0.0,0.09254369884729385
3947.3333333333335,0.0,0.0,1.5063868897463721,0.0,0.09254162758588791
3947.666666666667,0.0,0.0,1.50654155753114,0.0,0.09253954887390137
3948.0,0.0,0.0,1.506618891423524,0.0,0.09253963828086853
3948.3333333333335,0.0,0.0,1.506464223638756,0.0,0.09254627674818039
3948.666666666667,0.0,0.0,1.5068508931006757,0.0,0.09253761917352676
3949.0,0.0,0.0,1.5068508931006757,0.0,0.09253988415002823
3949.3333333333335,0.0,0.0,1.5070828947778274,0.0,0.0925355926156044
3949.666666666667,0.0,0.0,1.5070055608854436,0.0,0.09254001826047897
3949.9999999999995,0.0,0.0,1.5070055608854436,0.0,0.09254226088523865
3950.3333333333335,0.0,0.0,1.5068508931006757,0.0,0.09254886955022812
3950.666666666667,0.0,0.0,1.5068508931006757,0.0,0.0925510972738266
3950.9999999999995,0.0,0.0,1.5068508931006757,0.0,0.09255331754684448
3951.333333333333,0.0,0.0,1.5066962253159077,0.0,0.09255991131067276
3951.666666666667,0.0,0.0,1.5070055608854436,0.0,0.09255339205265045
3951.9999999999995,0.0,0.0,1.5069282269930595,0.0,0.09255778044462204
3952.333333333333,0.0,0.0,1.5069282269930595,0.0,0.09255999326705933
3952.666666666667,0.0,0.0,1.5072375625625953,0.0,0.09255347400903702
3953.0000000000005,0.0,0.0,1.5073148964549792,0.0,0.09255349636077881
3953.333333333333,0.0,0.0,1.5073148964549792,0.0,0.0925556942820549
3953.666666666667,0.0,0.0,1.5073148964549792,0.0,0.0925578773021698
3954.0000000000005,0.0,0.0,1.5073148964549792,0.0,0.09256008267402649
3954.333333333333,0.0,0.0,1.5076242320245148,0.0,0.0925535261631012
3954.6666666666665,0.0,0.0,1.507469564239747,0.0,0.09256008267402649
3955.0000000000005,0.0,0.0,1.5077788998092827,0.0,0.0925535187125206
3955.333333333333,0.0,0.0,1.5080882353788183,0.0,0.0925469696521759
3955.6666666666665,0.0,0.0,1.5080109014864345,0.0,0.09255131334066391
3956.0,0.0,0.0,1.50832023705597,0.0,0.09254475682973862
3956.333333333333,0.0,0.0,1.5083975709483541,0.0,0.09254472702741623
3956.6666666666665,0.0,0.0,1.5082429031635862,0.0,0.09255125373601913
3957.0,0.0,0.0,1.5081655692712024,0.0,0.09255559742450714
3957.333333333333,0.0,0.0,1.50832023705597,0.0,0.09255340695381165
3957.6666666666665,0.0,0.0,1.508474904840738,0.0,0.09255120158195496
3958.0,0.0,0.0,1.5082429031635862,0.0,0.09255990386009216
3958.333333333334,0.0,0.0,1.5082429031635862,0.0,0.09256204962730408
3958.6666666666665,0.0,0.0,1.5083975709483541,0.0,0.09255983680486679
3959.0,0.0,0.0,1.508474904840738,0.0,0.09255979210138321
3959.3333333333335,0.0,0.0,1.508474904840738,0.0,0.09256193041801453
3959.6666666666665,0.0,0.0,1.5085522387331218,0.0,0.09256190061569214
3960.0,0.0,0.0,1.5085522387331218,0.0,0.09256403148174286
3960.3333333333335,0.0,0.0,1.5080882353788183,0.0,0.09257926791906357
3960.6666666666665,0.0,0.0,1.5082429031635862,0.0,0.0925770252943039
3961.0,0.0,0.0,1.5080882353788183,0.0,0.09258352220058441
3961.3333333333335,0.0,0.0,1.5076242320245148,0.0,0.09259876608848572
3961.666666666666,0.0,0.0,1.5079335675940506,0.0,0.09259215742349625
3962.0,0.0,0.0,1.5078562337016665,0.0,0.09259647130966187
3962.3333333333335,0.0,0.0,1.5077015659168989,0.0,0.09260296076536179
3962.666666666667,0.0,0.0,1.5076242320245148,0.0,0.0926072746515274
3963.0,0.0,0.0,1.5077788998092827,0.0,0.09260502457618713
3963.3333333333335,0.0,0.0,1.5077015659168989,0.0,0.09260933101177216
3963.666666666667,0.0,0.0,1.5077015659168989,0.0,0.09261145442724228
3964.0,0.0,0.0,1.5077788998092827,0.0,0.09261137992143631
3964.3333333333335,0.0,0.0,1.5079335675940506,0.0,0.09260912984609604
3964.666666666667,0.0,0.0,1.5081655692712024,0.0,0.09260468184947968
3964.9999999999995,0.0,0.0,1.5080109014864345,0.0,0.0926111713051796
3965.3333333333335,0.0,0.0,1.5082429031635862,0.0,0.09260674566030502
3965.666666666667,0.0,0.0,1.5080882353788183,0.0,0.09261324256658554
3965.9999999999995,0.0,0.0,1.50832023705597,0.0,0.09260880947113037
3966.333333333333,0.0,0.0,1.5083975709483541,0.0,0.0926087349653244
3966.666666666667,0.0,0.0,1.508474904840738,0.0,0.09260867536067963
3966.9999999999995,0.0,0.0,1.5083975709483541,0.0,0.09261298924684525
3967.333333333333,0.0,0.0,1.5087069065178897,0.0,0.09260638803243637
3967.666666666667,0.0,0.0,1.5087069065178897,0.0,0.0926084965467453
3968.0000000000005,0.0,0.0,1.5087842404102736,0.0,0.09260843694210052
3968.333333333333,0.0,0.0,1.5087842404102736,0.0,0.09261056035757065
3968.666666666667,0.0,0.0,1.5090162420874254,0.0,0.09260612726211548
3969.0000000000005,0.0,0.0,1.509402911549345,0.0,0.09259732067584991
3969.333333333333,0.0,0.0,1.5096349132264968,0.0,0.09259289503097534
3969.6666666666665,0.0,0.0,1.5096349132264968,0.0,0.09259501844644547
3970.0000000000005,0.0,0.0,1.5097895810112647,0.0,0.09259277582168579
3970.333333333333,0.0,0.0,1.509402911549345,0.0,0.09260581433773041
3970.6666666666665,0.0,0.0,1.5097895810112647,0.0,0.09259702265262604
3971.0,0.0,0.0,1.509557579334113,0.0,0.09260569512844086
3971.333333333333,0.0,0.0,1.5096349132264968,0.0,0.09260565042495728
3971.6666666666665,0.0,0.0,1.5097895810112647,0.0,0.0926034152507782
3972.0,0.0,0.0,1.5097895810112647,0.0,0.09260556101799011
3972.333333333333,0.0,0.0,1.5097895810112647,0.0,0.09260770678520203
3972.6666666666665,0.0,0.0,1.5097122471188806,0.0,0.09261203557252884
3973.0,0.0,0.0,1.5097895810112647,0.0,0.09261200577020645
3973.333333333334,0.0,0.0,1.5097122471188806,0.0,0.09261633455753326
3973.6666666666665,0.0,0.0,1.5098669149036485,0.0,0.09261411428451538
3974.0,0.0,0.0,1.5098669149036485,0.0,0.0926162600517273
3974.3333333333335,0.0,0.0,1.5099442487960324,0.0,0.09261621534824371
3974.6666666666665,0.0,0.0,1.5097895810112647,0.0,0.09262272715568542
3975.0,0.0,0.0,1.5098669149036485,0.0,0.09262268245220184
3975.3333333333335,0.0,0.0,1.5099442487960324,0.0,0.09262263029813766
3975.6666666666665,0.0,0.0,1.5096349132264968,0.0,0.09263348579406738
3976.0,0.0,0.0,1.5098669149036485,0.0,0.092629075050354
3976.3333333333335,0.0,0.0,1.5099442487960324,0.0,0.09262901544570923
3976.666666666666,0.0,0.0,1.5102535843655682,0.0,0.09262241423130035
3977.0,0.0,0.0,1.5101762504731842,0.0,0.09262672811746597
3977.3333333333335,0.0,0.0,1.5100989165808003,0.0,0.092631034553051
3977.666666666667,0.0,0.0,1.5102535843655682,0.0,0.09262876957654953
3978.0,0.0,0.0,1.5101762504731842,0.0,0.09263306111097336
3978.3333333333335,0.0,0.0,1.5101762504731842,0.0,0.09263516217470169
3978.666666666667,0.0,0.0,1.5100215826884165,0.0,0.09264163672924042
3979.0,0.0,0.0,1.5098669149036485,0.0,0.09264810383319855
3979.3333333333335,0.0,0.0,1.5098669149036485,0.0,0.09265018999576569
3979.666666666667,0.0,0.0,1.5097895810112647,0.0,0.09265445917844772
3979.9999999999995,0.0,0.0,1.5097122471188806,0.0,0.09265873581171036
3980.3333333333335,0.0,0.0,1.5097895810112647,0.0,0.0926586240530014
3980.666666666667,0.0,0.0,1.5097122471188806,0.0,0.09266290068626404
3980.9999999999995,0.0,0.0,1.5094802454417289,0.0,0.09267152100801468
3981.333333333333,0.0,0.0,1.5097122471188806,0.0,0.09266703575849533
3981.666666666667,0.0,0.0,1.5097122471188806,0.0,0.09266910701990128
3981.9999999999995,0.0,0.0,1.5097895810112647,0.0,0.09266898781061172
3982.333333333333,0.0,0.0,1.5098669149036485,0.0,0.09266886115074158
3982.666666666667,0.0,0.0,1.5102535843655682,0.0,0.09265998750925064
3983.0000000000005,0.0,0.0,1.510408252150336,0.0,0.092657670378685
3983.333333333333,0.0,0.0,1.510408252150336,0.0,0.09265972673892975
3983.666666666667,0.0,0.0,1.51048558604272,0.0,0.09265958517789841
3984.0000000000005,0.0,0.0,1.51048558604272,0.0,0.09266162663698196
3984.333333333333,0.0,0.0,1.5105629199351038,0.0,0.09266148507595062
3984.6666666666665,0.0,0.0,1.5107949216122556,0.0,0.09265697002410889
3985.0000000000005,0.0,0.0,1.51048558604272,0.0,0.09266775101423264
3985.333333333333,0.0,0.0,1.51048558604272,0.0,0.09266980737447739
3985.6666666666665,0.0,0.0,1.5105629199351038,0.0,0.09266968071460724
3986.0,0.0,0.0,1.510408252150336,0.0,0.09267611056566238
3986.333333333333,0.0,0.0,1.510408252150336,0.0,0.09267815947532654
3986.6666666666665,0.0,0.0,1.5105629199351038,0.0,0.09267584979534149
3987.0,0.0,0.0,1.5107175877198717,0.0,0.09267352521419525
3987.333333333333,0.0,0.0,1.5106402538274877,0.0,0.0926777571439743
3987.6666666666665,0.0,0.0,1.5106402538274877,0.0,0.09267979860305786
3988.0,0.0,0.0,1.5110269232894074,0.0,0.09267093986272812
3988.333333333334,0.0,0.0,1.5110269232894074,0.0,0.09267298877239227
3988.6666666666665,0.0,0.0,1.5108722555046394,0.0,0.09267942607402802
3989.0,0.0,0.0,1.5106402538274877,0.0,0.09268803894519806
3989.3333333333335,0.0,0.0,1.5110269232894074,0.0,0.09267917275428772
3989.6666666666665,0.0,0.0,1.5109495893970235,0.0,0.09268343448638916
3990.0,0.0,0.0,1.5108722555046394,0.0,0.0926876962184906
3990.3333333333335,0.0,0.0,1.5110269232894074,0.0,0.09268539398908615
3990.6666666666665,0.0,0.0,1.5111042571817912,0.0,0.09268530458211899
3991.0,0.0,0.0,1.5111042571817912,0.0,0.09268737584352493
3991.3333333333335,0.0,0.0,1.5115682605360947,0.0,0.09267635643482208
3991.666666666666,0.0,0.0,1.511413592751327,0.0,0.09268280118703842
3992.0,0.0,0.0,1.5111042571817912,0.0,0.09269363433122635
3992.3333333333335,0.0,0.0,1.5111815910741753,0.0,0.09269353747367859
3992.666666666667,0.0,0.0,1.5112589249665591,0.0,0.09269344806671143
3993.0,0.0,0.0,1.5110269232894074,0.0,0.09270210564136505
3993.3333333333335,0.0,0.0,1.5108722555046394,0.0,0.09270858764648438
3993.666666666667,0.0,0.0,1.5109495893970235,0.0,0.092708520591259
3994.0,0.0,0.0,1.5107949216122556,0.0,0.09271500259637833
3994.3333333333335,0.0,0.0,1.5107175877198717,0.0,0.09271930158138275
3994.666666666667,0.0,0.0,1.5107949216122556,0.0,0.09271922707557678
3994.9999999999995,0.0,0.0,1.5107175877198717,0.0,0.0927235409617424
3995.3333333333335,0.0,0.0,1.5107175877198717,0.0,0.09272566437721252
3995.666666666667,0.0,0.0,1.510408252150336,0.0,0.09273653477430344
3995.9999999999995,0.0,0.0,1.5107175877198717,0.0,0.09272991120815277
3996.333333333333,0.0,0.0,1.5105629199351038,0.0,0.09273643046617508
3996.666666666667,0.0,0.0,1.5105629199351038,0.0,0.0927385687828064
3996.9999999999995,0.0,0.0,1.5105629199351038,0.0,0.09274070709943771
3997.333333333333,0.0,0.0,1.5106402538274877,0.0,0.09274066984653473
3997.666666666667,0.0,0.0,1.5105629199351038,0.0,0.09274499118328094
3998.0000000000005,0.0,0.0,1.5107949216122556,0.0,0.09274058043956757
3998.333333333333,0.0,0.0,1.5107949216122556,0.0,0.09274273365736008
3998.666666666667,0.0,0.0,1.5112589249665591,0.0,0.09273175895214081
3999.0000000000005,0.0,0.0,1.5112589249665591,0.0,0.09273391962051392
3999.333333333333,0.0,0.0,1.5112589249665591,0.0,0.09273605793714523
3999.6666666666665,0.0,0.0,1.5111815910741753,0.0,0.09274039417505264
4000.0000000000005,0.0,0.0,1.5114909266437109,0.0,0.09273379296064377
4000.333333333333,0.0,0.0,1.511413592751327,0.0,0.09273812174797058
4000.6666666666665,0.0,0.0,1.5118775961056306,0.0,0.09272714704275131
4001.0,0.0,0.0,1.5117229283208626,0.0,0.09273364394903183
4001.333333333333,0.0,0.0,1.5116455944284788,0.0,0.09273798018693924
4001.6666666666665,0.0,0.0,1.5118775961056306,0.0,0.09273355454206467
4002.0,0.0,0.0,1.5119549299980144,0.0,0.09273350983858109
4002.333333333333,0.0,0.0,1.5121095977827823,0.0,0.09273126721382141
4002.6666666666665,0.0,0.0,1.5120322638903982,0.0,0.09273560345172882
4003.0,0.0,0.0,1.512341599459934,0.0,0.09272900223731995
4003.333333333334,0.0,0.0,1.512341599459934,0.0,0.09273114800453186
4003.6666666666665,0.0,0.0,1.512341599459934,0.0,0.09273328632116318
4004.0,0.0,0.0,1.512418933352318,0.0,0.092733234167099
4004.3333333333335,0.0,0.0,1.5126509350294697,0.0,0.09272882342338562
4004.6666666666665,0.0,0.0,1.5130376044913894,0.0,0.09272002428770065
4005.0,0.0,0.0,1.5130376044913894,0.0,0.09272214025259018
4005.3333333333335,0.0,0.0,1.513192272276157,0.0,0.09271988272666931
4005.6666666666665,0.0,0.0,1.513192272276157,0.0,0.09272197633981705
4006.0,0.0,0.0,1.513192272276157,0.0,0.09272407740354538
4006.3333333333335,0.0,0.0,1.5129602705990053,0.0,0.09273271262645721
4006.666666666666,0.0,0.0,1.5128056028142376,0.0,0.09273916482925415
4007.0,0.0,0.0,1.5127282689218535,0.0,0.09274344146251678
4007.3333333333335,0.0,0.0,1.5128056028142376,0.0,0.09274334460496902
4007.666666666667,0.0,0.0,1.5128056028142376,0.0,0.09274545311927795
4008.0,0.0,0.0,1.5128829367066214,0.0,0.0927453488111496
4008.3333333333335,0.0,0.0,1.5127282689218535,0.0,0.09275179356336594
4008.666666666667,0.0,0.0,1.5128829367066214,0.0,0.09274950623512268
4009.0,0.0,0.0,1.5128829367066214,0.0,0.09275158494710922
4009.3333333333335,0.0,0.0,1.5131149383837732,0.0,0.09274711459875107
4009.666666666667,0.0,0.0,1.513269606168541,0.0,0.09274483472108841
4009.9999999999995,0.0,0.0,1.5135016078456927,0.0,0.09274036437273026
4010.3333333333335,0.0,0.0,1.5137336095228444,0.0,0.0927359089255333
4010.666666666667,0.0,0.0,1.5140429450923802,0.0,0.09272927045822144
4010.9999999999995,0.0,0.0,1.514197612877148,0.0,0.09272700548171997
4011.333333333333,0.0,0.0,1.514197612877148,0.0,0.0927291065454483
4011.666666666667,0.0,0.0,1.514197612877148,0.0,0.09273121505975723
4011.9999999999995,0.0,0.0,1.514120278984764,0.0,0.09273549914360046
4012.333333333333,0.0,0.0,1.514120278984764,0.0,0.09273762255907059
4012.666666666667,0.0,0.0,1.5138882773076123,0.0,0.0927463248372078
4013.0000000000005,0.0,0.0,1.5139656111999962,0.0,0.0927462950348854
4013.333333333333,0.0,0.0,1.5137336095228444,0.0,0.09275501221418381
4013.666666666667,0.0,0.0,1.5138882773076123,0.0,0.09275280684232712
4014.0000000000005,0.0,0.0,1.5138109434152285,0.0,0.09275715798139572
4014.333333333333,0.0,0.0,1.5137336095228444,0.0,0.09276151657104492
4014.6666666666665,0.0,0.0,1.5137336095228444,0.0,0.09276369959115982
4015.0000000000005,0.0,0.0,1.5134242739533088,0.0,0.09277461469173431
4015.333333333333,0.0,0.0,1.5137336095228444,0.0,0.09276805073022842
4015.6666666666665,0.0,0.0,1.5140429450923802,0.0,0.09276149421930313
4016.0,0.0,0.0,1.5139656111999962,0.0,0.09276585280895233
4016.333333333333,0.0,0.0,1.5139656111999962,0.0,0.09276804327964783
4016.6666666666665,0.0,0.0,1.514120278984764,0.0,0.09276586025953293
4017.0,0.0,0.0,1.514274946769532,0.0,0.09276368468999863
4017.333333333333,0.0,0.0,1.514197612877148,0.0,0.09276807308197021
4017.6666666666665,0.0,0.0,1.5143522806619159,0.0,0.09276589751243591
4018.0,0.0,0.0,1.514197612877148,0.0,0.0927724540233612
4018.333333333334,0.0,0.0,1.514120278984764,0.0,0.0927768275141716
4018.6666666666665,0.0,0.0,1.5138882773076123,0.0,0.09278558194637299
4019.0,0.0,0.0,1.5135789417380767,0.0,0.09279652684926987
4019.3333333333335,0.0,0.0,1.5135016078456927,0.0,0.09280092269182205
4019.6666666666665,0.0,0.0,1.5138109434152285,0.0,0.09279439598321915
4020.0,0.0,0.0,1.5138109434152285,0.0,0.09279661625623703
4020.3333333333335,0.0,0.0,1.5140429450923802,0.0,0.09279227256774902
4020.6666666666665,0.0,0.0,1.514197612877148,0.0,0.09279011189937592
4021.0,0.0,0.0,1.514274946769532,0.0,0.09279012680053711
4021.3333333333335,0.0,0.0,1.5143522806619159,0.0,0.0927901417016983
4021.666666666666,0.0,0.0,1.514274946769532,0.0,0.09279453009366989
4022.0,0.0,0.0,1.5143522806619159,0.0,0.09279454499483109
4022.3333333333335,0.0,0.0,1.5143522806619159,0.0,0.09279672801494598
4022.666666666667,0.0,0.0,1.5145842823390676,0.0,0.0927923396229744
4023.0,0.0,0.0,1.5144296145542997,0.0,0.0927988812327385
4023.3333333333335,0.0,0.0,1.5144296145542997,0.0,0.092801034450531
4023.666666666667,0.0,0.0,1.5145069484466838,0.0,0.09280098974704742
4024.0,0.0,0.0,1.5143522806619159,0.0,0.09280748665332794
4024.3333333333335,0.0,0.0,1.5143522806619159,0.0,0.09280960261821747
4024.666666666667,0.0,0.0,1.514197612877148,0.0,0.09281608462333679
4024.9999999999995,0.0,0.0,1.5143522806619159,0.0,0.09281380474567413
4025.3333333333335,0.0,0.0,1.514197612877148,0.0,0.09282027184963226
4025.666666666667,0.0,0.0,1.5144296145542997,0.0,0.09281578660011292
4025.9999999999995,0.0,0.0,1.5146616162314515,0.0,0.09281129390001297
4026.333333333333,0.0,0.0,1.5150482856933711,0.0,0.09280242025852203
4026.666666666667,0.0,0.0,1.515125619585755,0.0,0.0928022637963295
4026.9999999999995,0.0,0.0,1.5155896229400585,0.0,0.09279119223356247
4027.333333333333,0.0,0.0,1.5155122890476747,0.0,0.09279540181159973
4027.666666666667,0.0,0.0,1.515280287370523,0.0,0.092803955078125
4028.0000000000005,0.0,0.0,1.5154349551552908,0.0,0.09280157834291458
4028.333333333333,0.0,0.0,1.5155122890476747,0.0,0.09280139207839966
4028.666666666667,0.0,0.0,1.515280287370523,0.0,0.09280994534492493
4029.0000000000005,0.0,0.0,1.5154349551552908,0.0,0.09280754625797272
4029.333333333333,0.0,0.0,1.5157442907248264,0.0,0.09280078858137131
4029.6666666666665,0.0,0.0,1.5158989585095943,0.0,0.09279840439558029
4030.0000000000005,0.0,0.0,1.51620829407913,0.0,0.09279165416955948
4030.333333333333,0.0,0.0,1.5162856279715138,0.0,0.09279143065214157
4030.6666666666665,0.0,0.0,1.5162856279715138,0.0,0.09279338270425797
4031.0,0.0,0.0,1.5162856279715138,0.0,0.09279534220695496
4031.333333333333,0.0,0.0,1.516130960186746,0.0,0.09280165284872055
4031.6666666666665,0.0,0.0,1.5159762924019782,0.0,0.09280796349048615
4032.0,0.0,0.0,1.5159762924019782,0.0,0.09280991554260254
4032.333333333333,0.0,0.0,1.516130960186746,0.0,0.09280748665332794
4032.6666666666665,0.0,0.0,1.5162856279715138,0.0,0.09280508011579514
4033.0,0.0,0.0,1.5162856279715138,0.0,0.09280703216791153
4033.333333333334,0.0,0.0,1.5164402957562817,0.0,0.09280463308095932
4033.6666666666665,0.0,0.0,1.51620829407913,0.0,0.09281313419342041
4034.0,0.0,0.0,1.5166722974334335,0.0,0.0928020030260086
4034.3333333333335,0.0,0.0,1.5165176296486655,0.0,0.09280834347009659
4034.6666666666665,0.0,0.0,1.5166722974334335,0.0,0.09280593693256378
4035.0,0.0,0.0,1.5169042991105852,0.0,0.09280136972665787
4035.3333333333335,0.0,0.0,1.5166722974334335,0.0,0.09280988574028015
4035.6666666666665,0.0,0.0,1.5167496313258173,0.0,0.09280969947576523
4036.0,0.0,0.0,1.516981633002969,0.0,0.09280514717102051
4036.3333333333335,0.0,0.0,1.517136300787737,0.0,0.09280278533697128
4036.666666666666,0.0,0.0,1.517290968572505,0.0,0.09280042350292206
4037.0,0.0,0.0,1.517290968572505,0.0,0.09280244261026382
4037.3333333333335,0.0,0.0,1.5175229702496567,0.0,0.09279792010784149
4037.666666666667,0.0,0.0,1.517290968572505,0.0,0.09280650317668915
4038.0,0.0,0.0,1.5173683024648887,0.0,0.0928063616156578
4038.3333333333335,0.0,0.0,1.517290968572505,0.0,0.09281060099601746
4038.666666666667,0.0,0.0,1.517290968572505,0.0,0.09281265735626221
4039.0,0.0,0.0,1.5175229702496567,0.0,0.09280817210674286
4039.3333333333335,0.0,0.0,1.5175229702496567,0.0,0.0928102433681488
4039.666666666667,0.0,0.0,1.5174456363572726,0.0,0.09281451255083084
4039.9999999999995,0.0,0.0,1.517290968572505,0.0,0.09282098710536957
4040.3333333333335,0.0,0.0,1.517136300787737,0.0,0.09282746911048889
4040.666666666667,0.0,0.0,1.516981633002969,0.0,0.09283396601676941
4040.9999999999995,0.0,0.0,1.5165949635410496,0.0,0.09284701198339462
4041.333333333333,0.0,0.0,1.5165949635410496,0.0,0.09284915030002594
4041.666666666667,0.0,0.0,1.5165949635410496,0.0,0.09285129606723785
4041.9999999999995,0.0,0.0,1.5163629618638979,0.0,0.09286000579595566
4042.333333333333,0.0,0.0,1.5163629618638979,0.0,0.09286216646432877
4042.666666666667,0.0,0.0,1.5164402957562817,0.0,0.09286212921142578
4043.0000000000005,0.0,0.0,1.5165949635410496,0.0,0.0928599163889885
4043.333333333333,0.0,0.0,1.5162856279715138,0.0,0.09287082403898239
4043.666666666667,0.0,0.0,1.5162856279715138,0.0,0.0928729847073555
4044.0000000000005,0.0,0.0,1.5162856279715138,0.0,0.09287514537572861
4044.333333333333,0.0,0.0,1.516053626294362,0.0,0.09288386255502701
4044.6666666666665,0.0,0.0,1.5164402957562817,0.0,0.09287509322166443
4045.0000000000005,0.0,0.0,1.5165949635410496,0.0,0.09287288039922714
4045.333333333333,0.0,0.0,1.5167496313258173,0.0,0.09287066757678986
4045.6666666666665,0.0,0.0,1.5168269652182014,0.0,0.09287063032388687
4046.0,0.0,0.0,1.5172136346801208,0.0,0.09286186844110489
4046.333333333333,0.0,0.0,1.5172136346801208,0.0,0.0928640067577362
4046.6666666666665,0.0,0.0,1.517290968572505,0.0,0.09286395460367203
4047.0,0.0,0.0,1.5172136346801208,0.0,0.09286827594041824
4047.333333333333,0.0,0.0,1.517136300787737,0.0,0.09287258982658386
4047.6666666666665,0.0,0.0,1.5170589668953531,0.0,0.09287689626216888
4048.0,0.0,0.0,1.5167496313258173,0.0,0.09288773685693741
4048.333333333334,0.0,0.0,1.5167496313258173,0.0,0.09288983047008514
4048.6666666666665,0.0,0.0,1.5165949635410496,0.0,0.09289629757404327
4049.0,0.0,0.0,1.5166722974334335,0.0,0.09289618581533432
4049.3333333333335,0.0,0.0,1.5169042991105852,0.0,0.09289169311523438
4049.6666666666665,0.0,0.0,1.5170589668953531,0.0,0.09288936853408813
4050.0,0.0,0.0,1.5166722974334335,0.0,0.09290233999490738
4050.3333333333335,0.0,0.0,1.5167496313258173,0.0,0.09290219098329544
4050.6666666666665,0.0,0.0,1.5169042991105852,0.0,0.09289983659982681
4051.0,0.0,0.0,1.5174456363572726,0.0,0.0928865373134613
4051.3333333333335,0.0,0.0,1.5177549719268084,0.0,0.09287982434034348
4051.666666666666,0.0,0.0,1.518218975281112,0.0,0.09286872297525406
4052.0,0.0,0.0,1.5181416413887279,0.0,0.09287291020154953
4052.3333333333335,0.0,0.0,1.517909639711576,0.0,0.0928814485669136
4052.666666666667,0.0,0.0,1.5178323058191923,0.0,0.09288560599088669
4053.0,0.0,0.0,1.518064307496344,0.0,0.09288101643323898
4053.3333333333335,0.0,0.0,1.517909639711576,0.0,0.09288733452558517
4053.666666666667,0.0,0.0,1.5182963091734958,0.0,0.09287835657596588
4054.0,0.0,0.0,1.518218975281112,0.0,0.09288246184587479
4054.3333333333335,0.0,0.0,1.5183736430658796,0.0,0.09288002550601959
4054.666666666667,0.0,0.0,1.5183736430658796,0.0,0.0928819552063942
4054.9999999999995,0.0,0.0,1.5186056447430314,0.0,0.09287731349468231
4055.3333333333335,0.0,0.0,1.5184509769582637,0.0,0.09288359433412552
4055.666666666667,0.0,0.0,1.5184509769582637,0.0,0.09288550168275833
4055.9999999999995,0.0,0.0,1.5186829786354155,0.0,0.09288085997104645
4056.333333333333,0.0,0.0,1.5183736430658796,0.0,0.09289149194955826
4056.666666666667,0.0,0.0,1.5185283108506475,0.0,0.09288903325796127
4056.9999999999995,0.0,0.0,1.5184509769582637,0.0,0.09289311617612839
4057.333333333333,0.0,0.0,1.5186056447430314,0.0,0.09289063513278961
4057.666666666667,0.0,0.0,1.5188376464201832,0.0,0.09288597851991653
4058.0000000000005,0.0,0.0,1.5186056447430314,0.0,0.09289442747831345
4058.333333333333,0.0,0.0,1.5188376464201832,0.0,0.09288977086544037
4058.666666666667,0.0,0.0,1.5186829786354155,0.0,0.09289604425430298
4059.0000000000005,0.0,0.0,1.5186056447430314,0.0,0.09290014952421188
4059.333333333333,0.0,0.0,1.5186056447430314,0.0,0.09290206432342529
4059.6666666666665,0.0,0.0,1.5187603125277993,0.0,0.0928996130824089
4060.0000000000005,0.0,0.0,1.5189149803125672,0.0,0.09289717674255371
4060.333333333333,0.0,0.0,1.5189149803125672,0.0,0.09289910644292831
4060.6666666666665,0.0,0.0,1.5193789836668707,0.0,0.09288793802261353
4061.0,0.0,0.0,1.5193016497744867,0.0,0.09289206564426422
4061.333333333333,0.0,0.0,1.5193789836668707,0.0,0.09289184212684631
4061.6666666666665,0.0,0.0,1.5196883192364063,0.0,0.0928850769996643
4062.0,0.0,0.0,1.5196883192364063,0.0,0.09288705140352249
4062.333333333333,0.0,0.0,1.5195336514516384,0.0,0.09289341419935226
4062.6666666666665,0.0,0.0,1.5197656531287902,0.0,0.09288887679576874
4063.0,0.0,0.0,1.519997654805942,0.0,0.0928843542933464
4063.333333333334,0.0,0.0,1.5197656531287902,0.0,0.09289293736219406
4063.6666666666665,0.0,0.0,1.5198429870211743,0.0,0.09289280325174332
4064.0,0.0,0.0,1.5202296564830937,0.0,0.09288395196199417
4064.3333333333335,0.0,0.0,1.5203843242678616,0.0,0.09288166463375092
4064.6666666666665,0.0,0.0,1.5204616581602455,0.0,0.09288156032562256
4065.0,0.0,0.0,1.5205389920526295,0.0,0.09288147836923599
4065.3333333333335,0.0,0.0,1.5206936598373972,0.0,0.09287922084331512
4065.6666666666665,0.0,0.0,1.5206163259450134,0.0,0.09288351237773895
4066.0,0.0,0.0,1.5207709937297813,0.0,0.09288126230239868
4066.3333333333335,0.0,0.0,1.5208483276221652,0.0,0.0928812101483345
4066.666666666666,0.0,0.0,1.5208483276221652,0.0,0.09288333356380463
4067.0,0.0,0.0,1.5206936598373972,0.0,0.09288983047008514
4067.3333333333335,0.0,0.0,1.5211576631917008,0.0,0.09287890791893005
4067.666666666667,0.0,0.0,1.5211576631917008,0.0,0.09288104623556137
4068.0,0.0,0.0,1.521002995406933,0.0,0.09288758784532547
4068.3333333333335,0.0,0.0,1.520925661514549,0.0,0.09289193898439407
4068.666666666667,0.0,0.0,1.5208483276221652,0.0,0.09289630502462387
4069.0,0.0,0.0,1.521002995406933,0.0,0.09289411455392838
4069.3333333333335,0.0,0.0,1.5211576631917008,0.0,0.09289193898439407
4069.666666666667,0.0,0.0,1.5211576631917008,0.0,0.09289412200450897
4069.9999999999995,0.0,0.0,1.5212349970840848,0.0,0.09289412200450897
4070.3333333333335,0.0,0.0,1.5213896648688525,0.0,0.09289194643497467
4070.666666666667,0.0,0.0,1.5214669987612366,0.0,0.09289194643497467
4070.9999999999995,0.0,0.0,1.5213896648688525,0.0,0.09289630502462387
4071.333333333333,0.0,0.0,1.5216990004383883,0.0,0.09288975596427917
4071.666666666667,0.0,0.0,1.5216990004383883,0.0,0.09289193153381348
4071.9999999999995,0.0,0.0,1.52193100211554,0.0,0.09288755804300308
4072.333333333333,0.0,0.0,1.5221630037926919,0.0,0.09288319945335388
4072.666666666667,0.0,0.0,1.5223950054698436,0.0,0.09287884086370468
4073.0000000000005,0.0,0.0,1.5226270071469954,0.0,0.09287446737289429
4073.333333333333,0.0,0.0,1.5224723393622275,0.0,0.0928809866309166
4073.666666666667,0.0,0.0,1.5223176715774596,0.0,0.0928874984383583
4074.0000000000005,0.0,0.0,1.5223950054698436,0.0,0.09288748353719711
4074.333333333333,0.0,0.0,1.5226270071469954,0.0,0.09288309514522552
4074.6666666666665,0.0,0.0,1.5226270071469954,0.0,0.09288523346185684
4075.0000000000005,0.0,0.0,1.522781674931763,0.0,0.09288301318883896
4075.333333333333,0.0,0.0,1.5228590088241472,0.0,0.09288296103477478
4075.6666666666665,0.0,0.0,1.522936342716531,0.0,0.09288287907838821
4076.0,0.0,0.0,1.5230136766089148,0.0,0.09288281202316284
4076.333333333333,0.0,0.0,1.5234003460708345,0.0,0.09287402778863907
4076.6666666666665,0.0,0.0,1.5235550138556024,0.0,0.0928717702627182
4077.0,0.0,0.0,1.5235550138556024,0.0,0.09287384897470474
4077.333333333333,0.0,0.0,1.5231683443936828,0.0,0.0928867980837822
4077.6666666666665,0.0,0.0,1.5230136766089148,0.0,0.09289321303367615
4078.0,0.0,0.0,1.5232456782860666,0.0,0.0928887352347374
4078.333333333334,0.0,0.0,1.5231683443936828,0.0,0.09289295971393585
4078.6666666666665,0.0,0.0,1.522936342716531,0.0,0.09290152788162231
4079.0,0.0,0.0,1.522936342716531,0.0,0.09290356189012527
4079.3333333333335,0.0,0.0,1.522936342716531,0.0,0.09290556609630585
4079.6666666666665,0.0,0.0,1.5228590088241472,0.0,0.09290976822376251
4080.0,0.0,0.0,1.522936342716531,0.0,0.09290959686040878
4080.3333333333335,0.0,0.0,1.522936342716531,0.0,0.09291160106658936
4080.6666666666665,0.0,0.0,1.522781674931763,0.0,0.09291794896125793
4081.0,0.0,0.0,1.5231683443936828,0.0,0.09290905296802521
4081.3333333333335,0.0,0.0,1.522936342716531,0.0,0.0929175615310669
4081.666666666666,0.0,0.0,1.522781674931763,0.0,0.09292388707399368
4082.0,0.0,0.0,1.5233230121784507,0.0,0.09291060268878937
4082.3333333333335,0.0,0.0,1.5232456782860666,0.0,0.09291473776102066
4082.666666666667,0.0,0.0,1.5234003460708345,0.0,0.09291233867406845
4083.0,0.0,0.0,1.5235550138556024,0.0,0.09290991723537445
4083.3333333333335,0.0,0.0,1.5234003460708345,0.0,0.09291621297597885
4083.666666666667,0.0,0.0,1.5234776799632184,0.0,0.09291595965623856
4084.0,0.0,0.0,1.5234776799632184,0.0,0.09291787445545197
4084.3333333333335,0.0,0.0,1.5235550138556024,0.0,0.09291762113571167
4084.666666666667,0.0,0.0,1.5237096816403701,0.0,0.09291519969701767
4084.9999999999995,0.0,0.0,1.5236323477479863,0.0,0.09291930496692657
4085.3333333333335,0.0,0.0,1.523864349425138,0.0,0.09291471540927887
4085.666666666667,0.0,0.0,1.523864349425138,0.0,0.09291665256023407
4085.9999999999995,0.0,0.0,1.523941683317522,0.0,0.09291639924049377
4086.333333333333,0.0,0.0,1.5240963511022898,0.0,0.09291395545005798
4086.666666666667,0.0,0.0,1.5240190172099057,0.0,0.09291806071996689
4086.9999999999995,0.0,0.0,1.523941683317522,0.0,0.0929221659898758
4087.333333333333,0.0,0.0,1.5240963511022898,0.0,0.0929197296500206
4087.666666666667,0.0,0.0,1.5240190172099057,0.0,0.0929238349199295
4088.0000000000005,0.0,0.0,1.5240963511022898,0.0,0.09292358160018921
4088.333333333333,0.0,0.0,1.5240963511022898,0.0,0.09292549639940262
4088.666666666667,0.0,0.0,1.5241736849946736,0.0,0.09292525053024292
4089.0000000000005,0.0,0.0,1.5242510188870575,0.0,0.09292498230934143
4089.333333333333,0.0,0.0,1.5244056866718254,0.0,0.09292255342006683
4089.6666666666665,0.0,0.0,1.5245603544565933,0.0,0.09292012453079224
4090.0000000000005,0.0,0.0,1.5246376883489772,0.0,0.09291987121105194
4090.333333333333,0.0,0.0,1.5246376883489772,0.0,0.09292180091142654
4090.6666666666665,0.0,0.0,1.5244056866718254,0.0,0.09293026477098465
4091.0,0.0,0.0,1.5245603544565933,0.0,0.09292784333229065
4091.333333333333,0.0,0.0,1.5246376883489772,0.0,0.09292759001255035
4091.6666666666665,0.0,0.0,1.5246376883489772,0.0,0.09292953461408615
4092.0,0.0,0.0,1.524792356133745,0.0,0.09292711317539215
4092.333333333333,0.0,0.0,1.5250243578108968,0.0,0.09292253106832504
4092.6666666666665,0.0,0.0,1.5253336933804325,0.0,0.09291577339172363
4093.0,0.0,0.0,1.5251016917032807,0.0,0.09292425215244293
4093.333333333334,0.0,0.0,1.5251016917032807,0.0,0.09292622655630112
4093.6666666666665,0.0,0.0,1.5253336933804325,0.0,0.0929216593503952
4094.0,0.0,0.0,1.5254110272728163,0.0,0.09292146563529968
4094.3333333333335,0.0,0.0,1.5255656950575842,0.0,0.09291909635066986
4094.6666666666665,0.0,0.0,1.5257203628423521,0.0,0.09291672706604004
4095.0,0.0,0.0,1.5257203628423521,0.0,0.09291870892047882
4095.3333333333335,0.0,0.0,1.5260296984118877,0.0,0.09291200339794159
4095.6666666666665,0.0,0.0,1.5258750306271198,0.0,0.09291835874319077
4096.0,0.0,0.0,1.5258750306271198,0.0,0.09292034059762955
4096.333333333334,0.0,0.0,1.525952364519504,0.0,0.09292017668485641
4096.666666666666,0.0,0.0,1.5261843661966557,0.0,0.09291566908359528
4097.0,0.0,0.0,1.5262617000890395,0.0,0.09291552007198334
4097.333333333334,0.0,0.0,1.5262617000890395,0.0,0.0929175540804863
4097.666666666667,0.0,0.0,1.5261843661966557,0.0,0.09292177855968475
4098.0,0.0,0.0,1.525952364519504,0.0,0.09293032437562943
4098.333333333333,0.0,0.0,1.5260296984118877,0.0,0.09293019026517868
4098.666666666667,0.0,0.0,1.5258750306271198,0.0,0.09293656796216965
4099.0,0.0,0.0,1.5260296984118877,0.0,0.09293423593044281
4099.333333333333,0.0,0.0,1.525952364519504,0.0,0.09293845295906067
4099.666666666667,0.0,0.0,1.5260296984118877,0.0,0.09293831139802933
4100.0,0.0,0.0,1.525952364519504,0.0,0.0929425060749054
4100.333333333333,0.0,0.0,1.525952364519504,0.0,0.09294453263282776
4100.666666666667,0.0,0.0,1.525797696734736,0.0,0.09295090287923813
4101.0,0.0,0.0,1.525797696734736,0.0,0.09295292943716049
4101.333333333333,0.0,0.0,1.5260296984118877,0.0,0.09294841438531876
4101.666666666667,0.0,0.0,1.5261070323042716,0.0,0.09294825047254562
4102.0,0.0,0.0,1.5260296984118877,0.0,0.0929524302482605
4102.333333333333,0.0,0.0,1.5260296984118877,0.0,0.09295442700386047
4102.666666666667,0.0,0.0,1.5261843661966557,0.0,0.09295206516981125
4103.0,0.0,0.0,1.5263390339814233,0.0,0.09294970333576202
4103.333333333333,0.0,0.0,1.5264163678738074,0.0,0.0929495096206665
4103.666666666667,0.0,0.0,1.5262617000890395,0.0,0.09295585006475449
4104.0,0.0,0.0,1.5261843661966557,0.0,0.09296000003814697
4104.333333333333,0.0,0.0,1.5261843661966557,0.0,0.09296197444200516
4104.666666666667,0.0,0.0,1.5261070323042716,0.0,0.09296610951423645
4105.0,0.0,0.0,1.5261070323042716,0.0,0.09296806901693344
4105.333333333333,0.0,0.0,1.5261843661966557,0.0,0.09296783804893494
4105.666666666667,0.0,0.0,1.5261070323042716,0.0,0.09297197312116623
4106.0,0.0,0.0,1.5263390339814233,0.0,0.09296738356351852
4106.333333333333,0.0,0.0,1.5263390339814233,0.0,0.09296932816505432
4106.666666666667,0.0,0.0,1.5264937017661913,0.0,0.09296691417694092
4107.0,0.0,0.0,1.5266483695509592,0.0,0.09296450763940811
4107.333333333333,0.0,0.0,1.5268030373357269,0.0,0.09296207875013351
4107.666666666666,0.0,0.0,1.5268030373357269,0.0,0.09296401590108871
4108.0,0.0,0.0,1.526880371228111,0.0,0.09296377748250961
4108.333333333334,0.0,0.0,1.5271897067976465,0.0,0.09295699745416641
4108.666666666666,0.0,0.0,1.5272670406900304,0.0,0.09295676648616791
4109.0,0.0,0.0,1.5275763762595662,0.0,0.0929500162601471
4109.333333333334,0.0,0.0,1.5279630457214857,0.0,0.09294109791517258
4109.666666666666,0.0,0.0,1.527731044044334,0.0,0.09294957667589188
4110.0,0.0,0.0,1.5278857118291018,0.0,0.09294719249010086
4110.333333333334,0.0,0.0,1.5279630457214857,0.0,0.09294697642326355
4110.666666666666,0.0,0.0,1.5278857118291018,0.0,0.09295111894607544
4111.0,0.0,0.0,1.5275763762595662,0.0,0.09296178817749023
4111.333333333334,0.0,0.0,1.5278857118291018,0.0,0.0929550752043724
4111.666666666666,0.0,0.0,1.5278857118291018,0.0,0.09295704960823059
4112.0,0.0,0.0,1.5281177135062536,0.0,0.09295250475406647
4112.333333333334,0.0,0.0,1.528659050752941,0.0,0.09293927997350693
4112.666666666667,0.0,0.0,1.5288910524300927,0.0,0.092934750020504
4113.0,0.0,0.0,1.528736384645325,0.0,0.09294108301401138
4113.333333333333,0.0,0.0,1.5289683863224768,0.0,0.09293655306100845
4113.666666666667,0.0,0.0,1.5288137185377089,0.0,0.09294288605451584
4114.0,0.0,0.0,1.5288137185377089,0.0,0.09294489026069641
4114.333333333333,0.0,0.0,1.5288137185377089,0.0,0.09294687956571579
4114.666666666667,0.0,0.0,1.5292003879996285,0.0,0.09293801337480545
4115.0,0.0,0.0,1.5292003879996285,0.0,0.09294000267982483
4115.333333333333,0.0,0.0,1.5291230541072445,0.0,0.0929441750049591
4115.666666666667,0.0,0.0,1.5290457202148606,0.0,0.09294833987951279
4116.0,0.0,0.0,1.5289683863224768,0.0,0.09295251220464706
4116.333333333333,0.0,0.0,1.5292003879996285,0.0,0.09294798970222473
4116.666666666667,0.0,0.0,1.5290457202148606,0.0,0.09295434504747391
4117.0,0.0,0.0,1.5288137185377089,0.0,0.09296287596225739
4117.333333333333,0.0,0.0,1.5289683863224768,0.0,0.09296053647994995
4117.666666666667,0.0,0.0,1.5289683863224768,0.0,0.09296253323554993
4118.0,0.0,0.0,1.5291230541072445,0.0,0.09296019375324249
4118.333333333333,0.0,0.0,1.5293550557843962,0.0,0.09295567870140076
4118.666666666667,0.0,0.0,1.5295097235691641,0.0,0.09295333176851273
4119.0,0.0,0.0,1.5293550557843962,0.0,0.09295966476202011
4119.333333333333,0.0,0.0,1.5292777218920124,0.0,0.0929638221859932
4119.666666666667,0.0,0.0,1.5293550557843962,0.0,0.09296364337205887
4120.0,0.0,0.0,1.5293550557843962,0.0,0.09296561777591705
4120.333333333333,0.0,0.0,1.5294323896767803,0.0,0.09296543151140213
4120.666666666667,0.0,0.0,1.529741725246316,0.0,0.0929587110877037
4121.0,0.0,0.0,1.529664391353932,0.0,0.09296286106109619
4121.333333333333,0.0,0.0,1.529664391353932,0.0,0.09296482801437378
4121.666666666667,0.0,0.0,1.529664391353932,0.0,0.09296681731939316
4122.0,0.0,0.0,1.5298963930310838,0.0,0.09296228736639023
4122.333333333333,0.0,0.0,1.5292777218920124,0.0,0.09298165142536163
4122.666666666666,0.0,0.0,1.5294323896767803,0.0,0.09297928214073181
4123.0,0.0,0.0,1.5298190591386998,0.0,0.09297039359807968
4123.333333333334,0.0,0.0,1.529741725246316,0.0,0.09297453612089157
4123.666666666666,0.0,0.0,1.529741725246316,0.0,0.09297651797533035
4124.0,0.0,0.0,1.529741725246316,0.0,0.09297847747802734
4124.333333333334,0.0,0.0,1.5298963930310838,0.0,0.09297610819339752
4124.666666666666,0.0,0.0,1.5299737269234677,0.0,0.09297589957714081
4125.0,0.0,0.0,1.5303603963853873,0.0,0.09296701103448868
4125.333333333334,0.0,0.0,1.530515064170155,0.0,0.09296461939811707
4125.666666666666,0.0,0.0,1.530592398062539,0.0,0.09296439588069916
4126.0,0.0,0.0,1.5304377302777712,0.0,0.09297069907188416
4126.333333333334,0.0,0.0,1.5302057286006194,0.0,0.09297915548086166
4126.666666666666,0.0,0.0,1.5303603963853873,0.0,0.09297675639390945
4127.0,0.0,0.0,1.530515064170155,0.0,0.09297435730695724
4127.333333333334,0.0,0.0,1.5304377302777712,0.0,0.09297847002744675
4127.666666666667,0.0,0.0,1.530592398062539,0.0,0.09297607094049454
4128.0,0.0,0.0,1.5304377302777712,0.0,0.09298234432935715
4128.333333333333,0.0,0.0,1.5304377302777712,0.0,0.09298426657915115
4128.666666666667,0.0,0.0,1.5303603963853873,0.0,0.09298837929964066
4129.0,0.0,0.0,1.5301283947082356,0.0,0.09299683570861816
4129.333333333333,0.0,0.0,1.5300510608158515,0.0,0.09300094097852707
4129.666666666667,0.0,0.0,1.5303603963853873,0.0,0.09299419820308685
4130.0,0.0,0.0,1.5302830624930033,0.0,0.09299832582473755
4130.333333333333,0.0,0.0,1.5304377302777712,0.0,0.09299592673778534
4130.666666666667,0.0,0.0,1.530515064170155,0.0,0.09299571812152863
4131.0,0.0,0.0,1.530669731954923,0.0,0.09299331903457642
4131.333333333333,0.0,0.0,1.530669731954923,0.0,0.092995285987854
4131.666666666667,0.0,0.0,1.530592398062539,0.0,0.0929994210600853
4132.0,0.0,0.0,1.5304377302777712,0.0,0.09300573170185089
4132.333333333333,0.0,0.0,1.530669731954923,0.0,0.09300118684768677
4132.666666666667,0.0,0.0,1.5302830624930033,0.0,0.09301402419805527
4133.0,0.0,0.0,1.5302830624930033,0.0,0.09301599860191345
4133.333333333333,0.0,0.0,1.5303603963853873,0.0,0.09301580488681793
4133.666666666667,0.0,0.0,1.5303603963853873,0.0,0.09301777184009552
4134.0,0.0,0.0,1.5302830624930033,0.0,0.093021921813488
4134.333333333333,0.0,0.0,1.5302057286006194,0.0,0.0930260717868805
4134.666666666667,0.0,0.0,1.5302830624930033,0.0,0.09302587807178497
4135.0,0.0,0.0,1.5303603963853873,0.0,0.09302569925785065
4135.333333333333,0.0,0.0,1.5307470658473068,0.0,0.09301681071519852
4135.666666666667,0.0,0.0,1.530669731954923,0.0,0.0930209755897522
4136.0,0.0,0.0,1.530592398062539,0.0,0.09302514046430588
4136.333333333333,0.0,0.0,1.5304377302777712,0.0,0.09303149580955505
4136.666666666667,0.0,0.0,1.5303603963853873,0.0,0.09303566813468933
4137.0,0.0,0.0,1.5304377302777712,0.0,0.09303548187017441
4137.333333333333,0.0,0.0,1.5302830624930033,0.0,0.09304183721542358
4137.666666666666,0.0,0.0,1.5301283947082356,0.0,0.09304817765951157
4138.0,0.0,0.0,1.5300510608158515,0.0,0.09305235743522644
4138.333333333334,0.0,0.0,1.5299737269234677,0.0,0.09305653721094131
4138.666666666666,0.0,0.0,1.5299737269234677,0.0,0.09305854886770248
4139.0,0.0,0.0,1.5300510608158515,0.0,0.09305837005376816
4139.333333333334,0.0,0.0,1.5302057286006194,0.0,0.09305603057146072
4139.666666666666,0.0,0.0,1.5301283947082356,0.0,0.0930602103471756
4140.0,0.0,0.0,1.5298963930310838,0.0,0.09306875616312027
4140.333333333334,0.0,0.0,1.5299737269234677,0.0,0.09306858479976654
4140.666666666666,0.0,0.0,1.5298963930310838,0.0,0.09307277202606201
4141.0,0.0,0.0,1.5300510608158515,0.0,0.09307043254375458
4141.333333333334,0.0,0.0,1.5299737269234677,0.0,0.09307463467121124
4141.666666666666,0.0,0.0,1.529664391353932,0.0,0.09308535605669022
4142.0,0.0,0.0,1.529587057461548,0.0,0.09308955073356628
4142.333333333334,0.0,0.0,1.5299737269234677,0.0,0.09308068454265594
4142.666666666667,0.0,0.0,1.5300510608158515,0.0,0.09308052062988281
4143.0,0.0,0.0,1.5300510608158515,0.0,0.09308253228664398
4143.333333333333,0.0,0.0,1.5299737269234677,0.0,0.09308671206235886
4143.666666666667,0.0,0.0,1.529664391353932,0.0,0.09309743344783783
4144.0,0.0,0.0,1.5294323896767803,0.0,0.09310596436262131
4144.333333333333,0.0,0.0,1.529664391353932,0.0,0.09310141950845718
4144.666666666667,0.0,0.0,1.529741725246316,0.0,0.09310121834278107
4145.0,0.0,0.0,1.529664391353932,0.0,0.09310537576675415
4145.333333333333,0.0,0.0,1.529587057461548,0.0,0.09310951083898544
4145.666666666667,0.0,0.0,1.5300510608158515,0.0,0.09309839457273483
4146.0,0.0,0.0,1.5299737269234677,0.0,0.09310252964496613
4146.333333333333,0.0,0.0,1.5299737269234677,0.0,0.09310448914766312
4146.666666666667,0.0,0.0,1.5300510608158515,0.0,0.09310426563024521
4147.0,0.0,0.0,1.5300510608158515,0.0,0.0931062176823616
4147.333333333333,0.0,0.0,1.5302057286006194,0.0,0.0931038111448288
4147.666666666667,0.0,0.0,1.5304377302777712,0.0,0.0930992141366005
4148.0,0.0,0.0,1.530592398062539,0.0,0.0930967926979065
4148.333333333333,0.0,0.0,1.530592398062539,0.0,0.0930987223982811
4148.666666666667,0.0,0.0,1.5302830624930033,0.0,0.0931093618273735
4149.0,0.0,0.0,1.5302830624930033,0.0,0.09311126917600632
4149.333333333333,0.0,0.0,1.5303603963853873,0.0,0.09311100840568542
4149.666666666667,0.0,0.0,1.5302057286006194,0.0,0.09311727434396744
4150.0,0.0,0.0,1.5303603963853873,0.0,0.09311481565237045
4150.333333333333,0.0,0.0,1.530592398062539,0.0,0.09311016649007797
4150.666666666667,0.0,0.0,1.530669731954923,0.0,0.09310987591743469
4151.0,0.0,0.0,1.530669731954923,0.0,0.09311176091432571
4151.333333333333,0.0,0.0,1.5308243997396909,0.0,0.09310927987098694
4151.666666666667,0.0,0.0,1.530669731954923,0.0,0.09311550855636597
4152.0,0.0,0.0,1.5309017336320747,0.0,0.09311085194349289
4152.333333333333,0.0,0.0,1.5312110692016103,0.0,0.09310401231050491
4152.666666666666,0.0,0.0,1.531443070878762,0.0,0.09309935569763184
4153.0,0.0,0.0,1.5315204047711461,0.0,0.09309902787208557
4153.333333333334,0.0,0.0,1.5318297403406818,0.0,0.093092180788517
4153.666666666666,0.0,0.0,1.5319070742330656,0.0,0.09309186041355133
4154.0,0.0,0.0,1.5321390759102174,0.0,0.09308720380067825
4154.333333333334,0.0,0.0,1.5320617420178335,0.0,0.0930912122130394
4154.666666666666,0.0,0.0,1.5319070742330656,0.0,0.09309739619493484
4155.0,0.0,0.0,1.531752406448298,0.0,0.09310358762741089
4155.333333333334,0.0,0.0,1.5318297403406818,0.0,0.09310323745012283
4155.666666666666,0.0,0.0,1.5320617420178335,0.0,0.09309854358434677
4156.0,0.0,0.0,1.5322164098026014,0.0,0.09309603273868561
4156.333333333334,0.0,0.0,1.5322937436949853,0.0,0.09309569001197815
4156.666666666666,0.0,0.0,1.5319844081254497,0.0,0.0931062400341034
4157.0,0.0,0.0,1.5319070742330656,0.0,0.09311024844646454
4157.333333333334,0.0,0.0,1.5321390759102174,0.0,0.09310555458068848
4157.666666666667,0.0,0.0,1.5321390759102174,0.0,0.09310739487409592
4158.0,0.0,0.0,1.5322164098026014,0.0,0.09310705214738846
4158.333333333333,0.0,0.0,1.5322937436949853,0.0,0.093106709420681
4158.666666666667,0.0,0.0,1.5322937436949853,0.0,0.09310855716466904
4159.0,0.0,0.0,1.532525745372137,0.0,0.09310386329889297
4159.333333333333,0.0,0.0,1.5323710775873691,0.0,0.09311004728078842
4159.666666666667,0.0,0.0,1.5324484114797532,0.0,0.09310971945524216
4160.0,0.0,0.0,1.5327577470492888,0.0,0.09310285747051239
4160.333333333333,0.0,0.0,1.5329897487264406,0.0,0.09309816360473633
4160.666666666667,0.0,0.0,1.5330670826188244,0.0,0.09309782832860947
4161.0,0.0,0.0,1.5328350809416726,0.0,0.09310617297887802
4161.333333333333,0.0,0.0,1.5328350809416726,0.0,0.09310799837112427
4161.666666666667,0.0,0.0,1.532525745372137,0.0,0.09311852604150772
4162.0,0.0,0.0,1.532525745372137,0.0,0.09312035143375397
4162.333333333333,0.0,0.0,1.5327577470492888,0.0,0.09311565011739731
4162.666666666667,0.0,0.0,1.5328350809416726,0.0,0.09311529248952866
4163.0,0.0,0.0,1.5331444165112085,0.0,0.09310842305421829
4163.333333333333,0.0,0.0,1.5331444165112085,0.0,0.09311021864414215
4163.666666666667,0.0,0.0,1.5329124148340567,0.0,0.0931185632944107
4164.0,0.0,0.0,1.5328350809416726,0.0,0.09312254935503006
4164.333333333333,0.0,0.0,1.5329897487264406,0.0,0.09312000125646591
4164.666666666667,0.0,0.0,1.5329897487264406,0.0,0.09312181174755096
4165.0,0.0,0.0,1.5329897487264406,0.0,0.09312362223863602
4165.333333333333,0.0,0.0,1.5331444165112085,0.0,0.09312107414007187
4165.666666666667,0.0,0.0,1.5332217504035923,0.0,0.09312069416046143
4166.0,0.0,0.0,1.5331444165112085,0.0,0.09312465786933899
4166.333333333333,0.0,0.0,1.5331444165112085,0.0,0.09312645345926285
4166.666666666667,0.0,0.0,1.5330670826188244,0.0,0.09313040226697922
4167.0,0.0,0.0,1.5331444165112085,0.0,0.09312999993562698
4167.333333333333,0.0,0.0,1.5330670826188244,0.0,0.09313394129276276
4167.666666666666,0.0,0.0,1.5328350809416726,0.0,0.09314222633838654
4168.0,0.0,0.0,1.5327577470492888,0.0,0.09314616769552231
4168.333333333334,0.0,0.0,1.532680413156905,0.0,0.09315010160207748
4168.666666666666,0.0,0.0,1.532525745372137,0.0,0.09315621107816696
4169.0,0.0,0.0,1.5327577470492888,0.0,0.09315142780542374
4169.333333333334,0.0,0.0,1.532680413156905,0.0,0.09315536916255951
4169.666666666666,0.0,0.0,1.5331444165112085,0.0,0.09314406663179398
4170.0,0.0,0.0,1.5332217504035923,0.0,0.09314366430044174
4170.333333333334,0.0,0.0,1.5332990842959762,0.0,0.09314326196908951
4170.666666666666,0.0,0.0,1.533453752080744,0.0,0.09314067661762238
4171.0,0.0,0.0,1.533608419865512,0.0,0.09313809871673584
4171.333333333334,0.0,0.0,1.533608419865512,0.0,0.09313986450433731
4171.666666666666,0.0,0.0,1.533608419865512,0.0,0.09314163774251938
4172.0,0.0,0.0,1.5336857537578958,0.0,0.09314121305942535
4172.333333333334,0.0,0.0,1.533608419865512,0.0,0.09314515441656113
4172.666666666667,0.0,0.0,1.5333764181883602,0.0,0.09315343201160431
4173.0,0.0,0.0,1.533531085973128,0.0,0.09315082430839539
4173.333333333333,0.0,0.0,1.533453752080744,0.0,0.09315475076436996
4173.666666666667,0.0,0.0,1.533608419865512,0.0,0.09315213561058044
4174.0,0.0,0.0,1.5336857537578958,0.0,0.09315170347690582
4174.333333333333,0.0,0.0,1.533453752080744,0.0,0.09315995872020721
4174.666666666667,0.0,0.0,1.5338404215426638,0.0,0.09315082430839539
4175.0,0.0,0.0,1.5338404215426638,0.0,0.09315255284309387
4175.333333333333,0.0,0.0,1.5337630876502797,0.0,0.09315647929906845
4175.666666666667,0.0,0.0,1.5337630876502797,0.0,0.09315821528434753
4176.0,0.0,0.0,1.5338404215426638,0.0,0.09315776824951172
4176.333333333333,0.0,0.0,1.533531085973128,0.0,0.0931682139635086
4176.666666666667,0.0,0.0,1.533453752080744,0.0,0.0931721180677414
4177.0,0.0,0.0,1.5337630876502797,0.0,0.09316513687372208
4177.333333333333,0.0,0.0,1.5336857537578958,0.0,0.09316903352737427
4177.666666666667,0.0,0.0,1.5339950893274314,0.0,0.09316205233335495
4178.0,0.0,0.0,1.5339177554350476,0.0,0.09316595643758774
4178.333333333333,0.0,0.0,1.5336857537578958,0.0,0.09317420423030853
4178.666666666667,0.0,0.0,1.533531085973128,0.0,0.09318026900291443
4179.0,0.0,0.0,1.5336857537578958,0.0,0.09317763149738312
4179.333333333333,0.0,0.0,1.533608419865512,0.0,0.0931815356016159
4179.666666666667,0.0,0.0,1.5337630876502797,0.0,0.09317891299724579
4180.0,0.0,0.0,1.5339177554350476,0.0,0.09317628294229507
4180.333333333333,0.0,0.0,1.534304424896967,0.0,0.09316714853048325
4180.666666666667,0.0,0.0,1.5343817587893511,0.0,0.09316671639680862
4181.0,0.0,0.0,1.5341497571121994,0.0,0.09317497909069061
4181.333333333333,0.0,0.0,1.5340724232198153,0.0,0.09317890554666519
4181.666666666667,0.0,0.0,1.5341497571121994,0.0,0.09317848086357117
4182.0,0.0,0.0,1.534304424896967,0.0,0.09317590296268463
4182.333333333333,0.0,0.0,1.5340724232198153,0.0,0.09318423271179199
4182.666666666666,0.0,0.0,1.5340724232198153,0.0,0.09318605065345764
4183.0,0.0,0.0,1.5341497571121994,0.0,0.09318570047616959
4183.333333333334,0.0,0.0,1.534304424896967,0.0,0.09318317472934723
4183.666666666666,0.0,0.0,1.534459092681735,0.0,0.09318064898252487
4184.0,0.0,0.0,1.5341497571121994,0.0,0.09319118410348892
4184.333333333334,0.0,0.0,1.534459092681735,0.0,0.09318432211875916
4184.666666666666,0.0,0.0,1.534304424896967,0.0,0.09319052845239639
4185.0,0.0,0.0,1.534304424896967,0.0,0.09319239854812622
4185.333333333334,0.0,0.0,1.5342270910045832,0.0,0.09319645166397095
4185.666666666666,0.0,0.0,1.534304424896967,0.0,0.09319615364074707
4186.0,0.0,0.0,1.5342270910045832,0.0,0.0932002142071724
4186.333333333334,0.0,0.0,1.5339950893274314,0.0,0.09320862591266632
4186.666666666666,0.0,0.0,1.5342270910045832,0.0,0.09320399165153503
4187.0,0.0,0.0,1.534304424896967,0.0,0.09320370852947235
4187.333333333334,0.0,0.0,1.534459092681735,0.0,0.09320123493671417
4187.666666666667,0.0,0.0,1.534459092681735,0.0,0.09320313483476639
4188.0,0.0,0.0,1.5345364265741188,0.0,0.0932028517127037
4188.333333333333,0.0,0.0,1.534459092681735,0.0,0.09320691972970963
4188.666666666667,0.0,0.0,1.5345364265741188,0.0,0.09320664405822754
4189.0,0.0,0.0,1.5346910943588867,0.0,0.09320418536663055
4189.333333333333,0.0,0.0,1.5345364265741188,0.0,0.09321044385433197
4189.666666666667,0.0,0.0,1.5348457621436546,0.0,0.09320364147424698
4190.0,0.0,0.0,1.5347684282512706,0.0,0.09320773184299469
4190.333333333333,0.0,0.0,1.5347684282512706,0.0,0.0932096317410469
4190.666666666667,0.0,0.0,1.5348457621436546,0.0,0.09320935606956482
4191.0,0.0,0.0,1.5347684282512706,0.0,0.09321343898773193
4191.333333333333,0.0,0.0,1.5346137604665029,0.0,0.09321969002485275
4191.666666666667,0.0,0.0,1.5346137604665029,0.0,0.09322158992290497
4192.0,0.0,0.0,1.5346910943588867,0.0,0.09322130680084229
4192.333333333333,0.0,0.0,1.5350004299284223,0.0,0.09321451187133789
4192.666666666667,0.0,0.0,1.5351550977131903,0.0,0.0932120829820633
4193.0,0.0,0.0,1.5349230960360385,0.0,0.0932205393910408
4193.333333333333,0.0,0.0,1.5349230960360385,0.0,0.09322246164083481
4193.666666666667,0.0,0.0,1.5349230960360385,0.0,0.09322439879179001
4194.0,0.0,0.0,1.5347684282512706,0.0,0.09323068708181381
4194.333333333333,0.0,0.0,1.5349230960360385,0.0,0.09322825819253922
4194.666666666667,0.0,0.0,1.5350004299284223,0.0,0.09322798997163773
4195.0,0.0,0.0,1.5351550977131903,0.0,0.09322555363178253
4195.333333333333,0.0,0.0,1.5353097654979582,0.0,0.09322310239076614
4195.666666666667,0.0,0.0,1.5354644332827259,0.0,0.09322064369916916
4196.0,0.0,0.0,1.535232431605574,0.0,0.09322907030582428
4196.333333333333,0.0,0.0,1.5353097654979582,0.0,0.0932287946343422
4196.666666666667,0.0,0.0,1.5353097654979582,0.0,0.09323067963123322
4197.0,0.0,0.0,1.5353097654979582,0.0,0.09323254972696304
4197.333333333333,0.0,0.0,1.5351550977131903,0.0,0.09323877841234207
4197.666666666666,0.0,0.0,1.5350777638208064,0.0,0.0932428166270256
4198.0,0.0,0.0,1.535232431605574,0.0,0.09324032068252563
4198.333333333334,0.0,0.0,1.5351550977131903,0.0,0.09324435889720917
4198.666666666666,0.0,0.0,1.5351550977131903,0.0,0.0932462066411972
4199.0,0.0,0.0,1.535232431605574,0.0,0.09324587136507034
4199.333333333334,0.0,0.0,1.535387099390342,0.0,0.09324335306882858
4199.666666666666,0.0,0.0,1.5354644332827259,0.0,0.09324301034212112
4200.0,0.0,0.0,1.5354644332827259,0.0,0.09324483573436737
4200.333333333334,0.0,0.0,1.535387099390342,0.0,0.09324883669614792
4200.666666666666,0.0,0.0,1.535232431605574,0.0,0.09325500577688217
4201.0,0.0,0.0,1.5351550977131903,0.0,0.09325899928808212
4201.333333333334,0.0,0.0,1.5349230960360385,0.0,0.09326733648777008
4201.666666666666,0.0,0.0,1.5350777638208064,0.0,0.09326479583978653
4202.0,0.0,0.0,1.5351550977131903,0.0,0.09326442331075668
4202.333333333334,0.0,0.0,1.535387099390342,0.0,0.09325969964265823
4202.666666666667,0.0,0.0,1.5356191010674938,0.0,0.09325496852397919
4203.0,0.0,0.0,1.5354644332827259,0.0,0.09326113015413284
4203.333333333333,0.0,0.0,1.5353097654979582,0.0,0.0932672917842865
4203.666666666667,0.0,0.0,1.535387099390342,0.0,0.09326691925525665
4204.0,0.0,0.0,1.5353097654979582,0.0,0.09327090531587601
4204.333333333333,0.0,0.0,1.5353097654979582,0.0,0.09327270090579987
4204.666666666667,0.0,0.0,1.5354644332827259,0.0,0.09327013045549393
4205.0,0.0,0.0,1.5356191010674938,0.0,0.09326756000518799
4205.333333333333,0.0,0.0,1.5354644332827259,0.0,0.09327369183301926
4205.666666666667,0.0,0.0,1.53554176717511,0.0,0.09327330440282822
4206.0,0.0,0.0,1.5358511027446455,0.0,0.09326636791229248
4206.333333333333,0.0,0.0,1.5361604383141811,0.0,0.09325944632291794
4206.666666666667,0.0,0.0,1.536315106098949,0.0,0.09325689822435379
4207.0,0.0,0.0,1.536315106098949,0.0,0.09325869381427765
4207.333333333333,0.0,0.0,1.536469773883717,0.0,0.0932561382651329
4207.666666666667,0.0,0.0,1.536469773883717,0.0,0.09325794130563736
4208.0,0.0,0.0,1.5365471077761008,0.0,0.09325756877660751
4208.333333333333,0.0,0.0,1.536469773883717,0.0,0.09326153248548508
4208.666666666667,0.0,0.0,1.5365471077761008,0.0,0.09326116740703583
4209.0,0.0,0.0,1.5366244416684847,0.0,0.09326080232858658
4209.333333333333,0.0,0.0,1.536469773883717,0.0,0.09326697885990143
4209.666666666667,0.0,0.0,1.536469773883717,0.0,0.09326879680156708
4210.0,0.0,0.0,1.536469773883717,0.0,0.09327059984207153
4210.333333333333,0.0,0.0,1.5366244416684847,0.0,0.09326805174350739
4210.666666666667,0.0,0.0,1.5366244416684847,0.0,0.09326986223459244
4211.0,0.0,0.0,1.5367791094532526,0.0,0.09326731413602829
4211.333333333333,0.0,0.0,1.5367017755608687,0.0,0.09327131509780884
4211.666666666667,0.0,0.0,1.537243112807556,0.0,0.09325789660215378
4212.0,0.0,0.0,1.5370884450227882,0.0,0.09326405078172684
4212.333333333333,0.0,0.0,1.53732044669994,0.0,0.09325934946537018
4212.666666666666,0.0,0.0,1.5370884450227882,0.0,0.09326768666505814
4213.0,0.0,0.0,1.5369337772380205,0.0,0.0932738408446312
4213.333333333334,0.0,0.0,1.5370884450227882,0.0,0.09327130764722824
4213.666666666666,0.0,0.0,1.5369337772380205,0.0,0.0932774618268013
4214.0,0.0,0.0,1.5369337772380205,0.0,0.09327925741672516
4214.333333333334,0.0,0.0,1.5369337772380205,0.0,0.09328107535839081
4214.666666666666,0.0,0.0,1.537243112807556,0.0,0.09327417612075806
4215.0,0.0,0.0,1.537243112807556,0.0,0.09327597916126251
4215.333333333334,0.0,0.0,1.537243112807556,0.0,0.09327779710292816
4215.666666666666,0.0,0.0,1.537243112807556,0.0,0.09327960759401321
4216.0,0.0,0.0,1.53732044669994,0.0,0.09327923506498337
4216.333333333334,0.0,0.0,1.537397780592324,0.0,0.09327884763479233
4216.666666666666,0.0,0.0,1.5375524483770917,0.0,0.09327628463506699
4217.0,0.0,0.0,1.5378617839466275,0.0,0.09326937049627304
4217.333333333334,0.0,0.0,1.5378617839466275,0.0,0.0932711586356163
4217.666666666667,0.0,0.0,1.5379391178390114,0.0,0.09327076375484467
4218.0,0.0,0.0,1.5380937856237793,0.0,0.09326817840337753
4218.333333333333,0.0,0.0,1.5381711195161631,0.0,0.0932677760720253
4218.666666666667,0.0,0.0,1.5381711195161631,0.0,0.09326953440904617
4219.0,0.0,0.0,1.538325787300931,0.0,0.09326694905757904
4219.333333333333,0.0,0.0,1.5385577889780828,0.0,0.09326217323541641
4219.666666666667,0.0,0.0,1.5385577889780828,0.0,0.09326392412185669
4220.0,0.0,0.0,1.5384804550856988,0.0,0.09326783567667007
4220.333333333333,0.0,0.0,1.538403121193315,0.0,0.09327175468206406
4220.666666666667,0.0,0.0,1.538403121193315,0.0,0.09327349066734314
4221.0,0.0,0.0,1.538248453408547,0.0,0.09327958524227142
4221.333333333333,0.0,0.0,1.5381711195161631,0.0,0.0932835042476654
4221.666666666667,0.0,0.0,1.5380937856237793,0.0,0.09328743070363998
4222.0,0.0,0.0,1.5379391178390114,0.0,0.09329351782798767
4222.333333333333,0.0,0.0,1.5379391178390114,0.0,0.09329526126384735
4222.666666666667,0.0,0.0,1.5379391178390114,0.0,0.09329699724912643
4223.0,0.0,0.0,1.5380164517313952,0.0,0.09329654276371002
4223.333333333333,0.0,0.0,1.5380164517313952,0.0,0.09329826384782791
4223.666666666667,0.0,0.0,1.5380937856237793,0.0,0.0932978168129921
4224.0,0.0,0.0,1.5381711195161631,0.0,0.09329736232757568
4224.333333333333,0.0,0.0,1.538248453408547,0.0,0.09329689294099808
4224.666666666667,0.0,0.0,1.538248453408547,0.0,0.09329862892627716
4225.0,0.0,0.0,1.5381711195161631,0.0,0.09330253303050995
4225.333333333333,0.0,0.0,1.538325787300931,0.0,0.09329989552497864
4225.666666666667,0.0,0.0,1.538248453408547,0.0,0.09330379217863083
4226.0,0.0,0.0,1.5381711195161631,0.0,0.09330769628286362
4226.333333333333,0.0,0.0,1.538248453408547,0.0,0.0933072417974472
4226.666666666667,0.0,0.0,1.538248453408547,0.0,0.09330897033214569
4227.0,0.0,0.0,1.538325787300931,0.0,0.09330852329730988
4227.333333333333,0.0,0.0,1.5384804550856988,0.0,0.09330590069293976
4227.666666666666,0.0,0.0,1.538403121193315,0.0,0.09330981224775314
4228.0,0.0,0.0,1.5384804550856988,0.0,0.09330936521291733
4228.333333333334,0.0,0.0,1.5386351228704667,0.0,0.09330675005912781
4228.666666666666,0.0,0.0,1.5385577889780828,0.0,0.09331066161394119
4229.0,0.0,0.0,1.5387897906552346,0.0,0.09330587089061737
4229.333333333334,0.0,0.0,1.5387124567628505,0.0,0.09330978989601135
4229.666666666666,0.0,0.0,1.5387124567628505,0.0,0.09331153333187103
4230.0,0.0,0.0,1.5394084617943058,0.0,0.0932936891913414
4230.333333333334,0.0,0.0,1.5390991262247702,0.0,0.09330413490533829
4230.666666666666,0.0,0.0,1.539253794009538,0.0,0.09330155700445175
4231.0,0.0,0.0,1.539176460117154,0.0,0.09330549836158752
4231.333333333334,0.0,0.0,1.539176460117154,0.0,0.0933072566986084
4231.666666666666,0.0,0.0,1.539176460117154,0.0,0.09330902248620987
4232.0,0.0,0.0,1.539253794009538,0.0,0.09330862015485764
4232.333333333334,0.0,0.0,1.5390217923323863,0.0,0.09331692010164261
4232.666666666667,0.0,0.0,1.539253794009538,0.0,0.09331216663122177
4233.0,0.0,0.0,1.5394084617943058,0.0,0.09330961108207703
4233.333333333333,0.0,0.0,1.5397177973638416,0.0,0.09330271184444427
4233.666666666667,0.0,0.0,1.5397951312562255,0.0,0.09330234676599503
4234.0,0.0,0.0,1.5395631295790737,0.0,0.09331068396568298
4234.333333333333,0.0,0.0,1.5400271329333772,0.0,0.09329944849014282
4234.666666666667,0.0,0.0,1.540104466825761,0.0,0.09329910576343536
4235.0,0.0,0.0,1.5397951312562255,0.0,0.09330964833498001
4235.333333333333,0.0,0.0,1.5397177973638416,0.0,0.09331365674734116
4235.666666666667,0.0,0.0,1.5397177973638416,0.0,0.0933154970407486
4236.0,0.0,0.0,1.5397951312562255,0.0,0.09331516176462173
4236.333333333333,0.0,0.0,1.5397177973638416,0.0,0.09331918507814407
4236.666666666667,0.0,0.0,1.5400271329333772,0.0,0.0933123305439949
4237.0,0.0,0.0,1.5401818007181451,0.0,0.09330982714891434
4237.333333333333,0.0,0.0,1.540413802395297,0.0,0.09330514818429947
4237.666666666667,0.0,0.0,1.5408004718572164,0.0,0.09329614788293839
4238.0,0.0,0.0,1.5409551396419843,0.0,0.0932936742901802
4238.333333333333,0.0,0.0,1.5410324735343681,0.0,0.09329336136579514
4238.666666666667,0.0,0.0,1.5412644752115199,0.0,0.09328868985176086
4239.0,0.0,0.0,1.5414191429962878,0.0,0.09328620135784149
4239.333333333333,0.0,0.0,1.5412644752115199,0.0,0.09329238533973694
4239.666666666667,0.0,0.0,1.5414964768886716,0.0,0.09328770637512207
4240.0,0.0,0.0,1.5414191429962878,0.0,0.09329171478748322
4240.333333333333,0.0,0.0,1.5416511446734396,0.0,0.09328701347112656
4240.666666666667,0.0,0.0,1.5416511446734396,0.0,0.0932888314127922
4241.0,0.0,0.0,1.5416511446734396,0.0,0.09329064935445786
4241.333333333333,0.0,0.0,1.5418058124582075,0.0,0.09328810125589371
4241.666666666667,0.0,0.0,1.5418831463505913,0.0,0.09328772872686386
4242.0,0.0,0.0,1.5418058124582075,0.0,0.09329168498516083
4242.333333333333,0.0,0.0,1.5417284785658234,0.0,0.0932956412434578
4242.666666666666,0.0,0.0,1.5418058124582075,0.0,0.09329524636268616
4243.0,0.0,0.0,1.5416511446734396,0.0,0.09330136328935623
4243.333333333334,0.0,0.0,1.5414191429962878,0.0,0.09330965578556061
4243.666666666666,0.0,0.0,1.5414964768886716,0.0,0.09330923855304718
4244.0,0.0,0.0,1.5416511446734396,0.0,0.09330665320158005
4244.333333333334,0.0,0.0,1.5418831463505913,0.0,0.09330189228057861
4244.666666666666,0.0,0.0,1.5419604802429752,0.0,0.09330146759748459
4245.0,0.0,0.0,1.5420378141353592,0.0,0.09330104291439056
4245.333333333334,0.0,0.0,1.5418058124582075,0.0,0.09330929815769196
4245.666666666666,0.0,0.0,1.5420378141353592,0.0,0.09330452233552933
4246.0,0.0,0.0,1.542115148027743,0.0,0.0933040976524353
4246.333333333334,0.0,0.0,1.5423471497048948,0.0,0.09329932183027267
4246.666666666666,0.0,0.0,1.542192481920127,0.0,0.09330540895462036
4247.0,0.0,0.0,1.542192481920127,0.0,0.09330715984106064
4247.333333333334,0.0,0.0,1.542269815812511,0.0,0.09330673515796661
4247.666666666667,0.0,0.0,1.542115148027743,0.0,0.0933128222823143
4248.0,0.0,0.0,1.542192481920127,0.0,0.09331240504980087
4248.333333333333,0.0,0.0,1.5423471497048948,0.0,0.09330980479717255
4248.666666666667,0.0,0.0,1.5420378141353592,0.0,0.09332024306058884
4249.0,0.0,0.0,1.5420378141353592,0.0,0.09332197904586792
4249.333333333333,0.0,0.0,1.5420378141353592,0.0,0.0933237299323082
4249.666666666667,0.0,0.0,1.5420378141353592,0.0,0.09332546591758728
4250.0,0.0,0.0,1.542115148027743,0.0,0.09332504123449326
4250.333333333333,0.0,0.0,1.542192481920127,0.0,0.09332460910081863
4250.666666666667,0.0,0.0,1.5419604802429752,0.0,0.09333287179470062
4251.0,0.0,0.0,1.5418831463505913,0.0,0.09333678334951401
4251.333333333333,0.0,0.0,1.5420378141353592,0.0,0.09333419054746628
4251.666666666667,0.0,0.0,1.542115148027743,0.0,0.09333375841379166
4252.0,0.0,0.0,1.542115148027743,0.0,0.09333550184965134
4252.333333333333,0.0,0.0,1.542115148027743,0.0,0.09333723783493042
4252.666666666667,0.0,0.0,1.542269815812511,0.0,0.09333464503288269
4253.0,0.0,0.0,1.5424244835972787,0.0,0.09333203732967377
4253.333333333333,0.0,0.0,1.5425791513820466,0.0,0.09332943707704544
4253.666666666667,0.0,0.0,1.5428111530591984,0.0,0.09332465380430222
4254.0,0.0,0.0,1.5427338191668145,0.0,0.093328557908535
4254.333333333333,0.0,0.0,1.5426564852744304,0.0,0.09333246201276779
4254.666666666667,0.0,0.0,1.5428111530591984,0.0,0.09332985430955887
4255.0,0.0,0.0,1.5428111530591984,0.0,0.09333159029483795
4255.333333333333,0.0,0.0,1.5428111530591984,0.0,0.09333333373069763
4255.666666666667,0.0,0.0,1.5428111530591984,0.0,0.09333506226539612
4256.0,0.0,0.0,1.5427338191668145,0.0,0.0933389738202095
4256.333333333333,0.0,0.0,1.5428111530591984,0.0,0.09333854168653488
4256.666666666667,0.0,0.0,1.5428111530591984,0.0,0.09334028512239456
4257.0,0.0,0.0,1.5425791513820466,0.0,0.09334853291511536
4257.333333333333,0.0,0.0,1.5428884869515822,0.0,0.09334157407283783
4257.666666666666,0.0,0.0,1.5427338191668145,0.0,0.09334765374660492
4258.0,0.0,0.0,1.5426564852744304,0.0,0.0933515727519989
4258.333333333334,0.0,0.0,1.5427338191668145,0.0,0.09335114061832428
4258.666666666666,0.0,0.0,1.5428884869515822,0.0,0.09334854036569595
4259.0,0.0,0.0,1.5427338191668145,0.0,0.09335464239120483
4259.333333333334,0.0,0.0,1.5423471497048948,0.0,0.09336725622415543
4259.666666666666,0.0,0.0,1.5419604802429752,0.0,0.09337989240884781
4260.0,0.0,0.0,1.5417284785658234,0.0,0.09338817000389099
4260.333333333334,0.0,0.0,1.5418058124582075,0.0,0.09338777512311935
4260.666666666666,0.0,0.0,1.5417284785658234,0.0,0.09339170902967453
4261.0,0.0,0.0,1.5418831463505913,0.0,0.0933891236782074
4261.333333333334,0.0,0.0,1.5420378141353592,0.0,0.09338651597499847
4261.666666666666,0.0,0.0,1.5420378141353592,0.0,0.09338828176259995
4262.0,0.0,0.0,1.542115148027743,0.0,0.09338784217834473
4262.333333333334,0.0,0.0,1.5423471497048948,0.0,0.0933830514550209
4262.666666666667,0.0,0.0,1.5425791513820466,0.0,0.09337827563285828
4263.0,0.0,0.0,1.5425791513820466,0.0,0.09338001161813736
4263.333333333333,0.0,0.0,1.5428111530591984,0.0,0.09337522089481354
4263.666666666667,0.0,0.0,1.5429658208439663,0.0,0.09337260574102402
4264.0,0.0,0.0,1.5429658208439663,0.0,0.0933743268251419
4264.333333333333,0.0,0.0,1.543120488628734,0.0,0.0933716744184494
4264.666666666667,0.0,0.0,1.5432751564135019,0.0,0.09336903691291809
4265.0,0.0,0.0,1.5435071580906536,0.0,0.09336420148611069
4265.333333333333,0.0,0.0,1.5435844919830375,0.0,0.09336373955011368
4265.666666666667,0.0,0.0,1.5435844919830375,0.0,0.09336543828248978
4266.0,0.0,0.0,1.5437391597678054,0.0,0.09336280077695847
4266.333333333333,0.0,0.0,1.5437391597678054,0.0,0.09336448460817337
4266.666666666667,0.0,0.0,1.5436618258754216,0.0,0.09336834400892258
4267.0,0.0,0.0,1.5438164936601892,0.0,0.09336566925048828
4267.333333333333,0.0,0.0,1.5437391597678054,0.0,0.09336952865123749
4267.666666666667,0.0,0.0,1.5437391597678054,0.0,0.0933712050318718
4268.0,0.0,0.0,1.5436618258754216,0.0,0.09337504953145981
4268.333333333333,0.0,0.0,1.5437391597678054,0.0,0.09337454289197922
4268.666666666667,0.0,0.0,1.544125829229725,0.0,0.09336534142494202
4269.0,0.0,0.0,1.544125829229725,0.0,0.09336701780557632
4269.333333333333,0.0,0.0,1.544203163122109,0.0,0.09336652606725693
4269.666666666667,0.0,0.0,1.5442804970144928,0.0,0.09336603432893753
4270.0,0.0,0.0,1.544125829229725,0.0,0.09337205439805984
4270.333333333333,0.0,0.0,1.5443578309068768,0.0,0.09336723387241364
4270.666666666667,0.0,0.0,1.5442804970144928,0.0,0.09337109327316284
4271.0,0.0,0.0,1.544203163122109,0.0,0.09337495267391205
4271.333333333333,0.0,0.0,1.544125829229725,0.0,0.09337881207466125
4271.666666666667,0.0,0.0,1.5444351647992607,0.0,0.09337182343006134
4272.0,0.0,0.0,1.5447445003687963,0.0,0.09336483478546143
4272.333333333333,0.0,0.0,1.5447445003687963,0.0,0.09336655586957932
4272.666666666666,0.0,0.0,1.5445898325840284,0.0,0.09337261319160461
4273.0,0.0,0.0,1.5445124986916445,0.0,0.093376524746418
4273.333333333334,0.0,0.0,1.5445124986916445,0.0,0.09337825328111649
4273.666666666666,0.0,0.0,1.5444351647992607,0.0,0.09338217228651047
4274.0,0.0,0.0,1.544203163122109,0.0,0.09339042752981186
4274.333333333334,0.0,0.0,1.544125829229725,0.0,0.09339436143636703
4274.666666666666,0.0,0.0,1.5439711614449572,0.0,0.09340047091245651
4275.0,0.0,0.0,1.5438938275525733,0.0,0.09340441226959229
4275.333333333334,0.0,0.0,1.5439711614449572,0.0,0.09340401738882065
4275.666666666666,0.0,0.0,1.544125829229725,0.0,0.0934014618396759
4276.0,0.0,0.0,1.5442804970144928,0.0,0.09339892119169235
4276.333333333334,0.0,0.0,1.544125829229725,0.0,0.09340506047010422
4276.666666666666,0.0,0.0,1.544125829229725,0.0,0.09340686351060867
4277.0,0.0,0.0,1.544203163122109,0.0,0.09340649098157883
4277.333333333334,0.0,0.0,1.544125829229725,0.0,0.09341049194335938
4277.666666666667,0.0,0.0,1.544125829229725,0.0,0.09341232478618622
4278.0,0.0,0.0,1.5443578309068768,0.0,0.09340763837099075
4278.333333333333,0.0,0.0,1.5442804970144928,0.0,0.09341166168451309
4278.666666666667,0.0,0.0,1.5444351647992607,0.0,0.09340915828943253
4279.0,0.0,0.0,1.5445898325840284,0.0,0.09340666234493256
4279.333333333333,0.0,0.0,1.5445898325840284,0.0,0.09340852499008179
4279.666666666667,0.0,0.0,1.5447445003687963,0.0,0.09340602904558182
4280.0,0.0,0.0,1.5446671664764124,0.0,0.09341005980968475
4280.333333333333,0.0,0.0,1.5447445003687963,0.0,0.09340973943471909
4280.666666666667,0.0,0.0,1.5447445003687963,0.0,0.09341161698102951
4281.0,0.0,0.0,1.5448991681535642,0.0,0.09340914338827133
4281.333333333333,0.0,0.0,1.544976502045948,0.0,0.09340884536504745
4281.666666666667,0.0,0.0,1.545131169830716,0.0,0.09340637177228928
4282.0,0.0,0.0,1.544976502045948,0.0,0.09341257810592651
4282.333333333333,0.0,0.0,1.544976502045948,0.0,0.09341444820165634
4282.666666666667,0.0,0.0,1.545131169830716,0.0,0.09341198205947876
4283.0,0.0,0.0,1.5453631715078677,0.0,0.09340734034776688
4283.333333333333,0.0,0.0,1.5452085037230998,0.0,0.09341356158256531
4283.666666666667,0.0,0.0,1.5452858376154837,0.0,0.09341325610876083
4284.0,0.0,0.0,1.5454405054002516,0.0,0.09341078251600266
4284.333333333333,0.0,0.0,1.5455178392926354,0.0,0.09341046959161758
4284.666666666667,0.0,0.0,1.5453631715078677,0.0,0.09341666847467422
4285.0,0.0,0.0,1.5454405054002516,0.0,0.09341634064912796
4285.333333333333,0.0,0.0,1.5454405054002516,0.0,0.093418188393116
4285.666666666667,0.0,0.0,1.5452858376154837,0.0,0.09342439472675323
4286.0,0.0,0.0,1.5455178392926354,0.0,0.09341972321271896
4286.333333333333,0.0,0.0,1.5457498409697872,0.0,0.0934150367975235
4286.666666666667,0.0,0.0,1.5457498409697872,0.0,0.09341686218976974
4287.0,0.0,0.0,1.5458271748621712,0.0,0.09341651946306229
4287.333333333333,0.0,0.0,1.5462138443240907,0.0,0.09340748935937881
4287.666666666666,0.0,0.0,1.5463685121088586,0.0,0.09340497851371765
4288.0,0.0,0.0,1.5462138443240907,0.0,0.0934111475944519
4288.333333333334,0.0,0.0,1.5465231798936265,0.0,0.09340428560972214
4288.666666666666,0.0,0.0,1.5466005137860104,0.0,0.0934038981795311
4289.0,0.0,0.0,1.5466778476783942,0.0,0.09340351819992065
4289.333333333334,0.0,0.0,1.5465231798936265,0.0,0.09340964257717133
4289.666666666666,0.0,0.0,1.5465231798936265,0.0,0.09341142326593399
4290.0,0.0,0.0,1.5463685121088586,0.0,0.09341752529144287
4290.333333333334,0.0,0.0,1.5464458460012425,0.0,0.09341711550951004
4290.666666666666,0.0,0.0,1.5464458460012425,0.0,0.09341885894536972
4291.0,0.0,0.0,1.5468325154631621,0.0,0.09340973943471909
4291.333333333334,0.0,0.0,1.5468325154631621,0.0,0.09341148287057877
4291.666666666666,0.0,0.0,1.5466005137860104,0.0,0.09341974556446075
4292.0,0.0,0.0,1.5466778476783942,0.0,0.09341931343078613
4292.333333333334,0.0,0.0,1.5463685121088586,0.0,0.09342972934246063
4292.666666666667,0.0,0.0,1.5465231798936265,0.0,0.09342711418867111
4293.0,0.0,0.0,1.5463685121088586,0.0,0.0934331864118576
4293.333333333333,0.0,0.0,1.5461365104317069,0.0,0.0934414342045784
4293.666666666667,0.0,0.0,1.5461365104317069,0.0,0.09344315528869629
4294.0,0.0,0.0,1.5462911782164748,0.0,0.09344052523374557
4294.333333333333,0.0,0.0,1.5462911782164748,0.0,0.09344224631786346
4294.666666666667,0.0,0.0,1.5466005137860104,0.0,0.09343527257442474
4295.0,0.0,0.0,1.5466778476783942,0.0,0.09343482553958893
4295.333333333333,0.0,0.0,1.5468325154631621,0.0,0.09343219548463821
4295.666666666667,0.0,0.0,1.5468325154631621,0.0,0.0934339091181755
4296.0,0.0,0.0,1.54698718324793,0.0,0.09343127906322479
4296.333333333333,0.0,0.0,1.547064517140314,0.0,0.09343081712722778
4296.666666666667,0.0,0.0,1.5472965188174657,0.0,0.09342602640390396
4297.0,0.0,0.0,1.5472965188174657,0.0,0.09342774003744125
4297.333333333333,0.0,0.0,1.5473738527098495,0.0,0.09342727810144424
4297.666666666667,0.0,0.0,1.5473738527098495,0.0,0.09342899173498154
4298.0,0.0,0.0,1.5472191849250818,0.0,0.09343502670526505
4298.333333333333,0.0,0.0,1.5472191849250818,0.0,0.09343672543764114
4298.666666666667,0.0,0.0,1.5472191849250818,0.0,0.09343841671943665
4299.0,0.0,0.0,1.5472965188174657,0.0,0.09343791753053665
4299.333333333333,0.0,0.0,1.5472965188174657,0.0,0.09343959391117096
4299.666666666667,0.0,0.0,1.5472191849250818,0.0,0.09344345331192017
4300.0,0.0,0.0,1.5472965188174657,0.0,0.09344295412302017
4300.333333333333,0.0,0.0,1.5476831882793853,0.0,0.09343377500772476
4300.666666666667,0.0,0.0,1.5474511866022336,0.0,0.09344194829463959
4301.0,0.0,0.0,1.5473738527098495,0.0,0.093445785343647
4301.333333333333,0.0,0.0,1.5473738527098495,0.0,0.09344745427370071
4301.666666666667,0.0,0.0,1.5475285204946174,0.0,0.09344478696584702
4302.0,0.0,0.0,1.5475285204946174,0.0,0.09344644099473953
4302.333333333333,0.0,0.0,1.5473738527098495,0.0,0.09345244616270065
4302.666666666666,0.0,0.0,1.5474511866022336,0.0,0.09345194697380066
4303.0,0.0,0.0,1.5476058543870013,0.0,0.09344927966594696
4303.333333333334,0.0,0.0,1.5476831882793853,0.0,0.09344878047704697
4303.666666666666,0.0,0.0,1.547915189956537,0.0,0.09344393759965897
4304.0,0.0,0.0,1.547915189956537,0.0,0.09344560652971268
4304.333333333334,0.0,0.0,1.5482245255260727,0.0,0.09343858808279037
4304.666666666666,0.0,0.0,1.5483791933108406,0.0,0.09343591332435608
4305.0,0.0,0.0,1.5486111949879924,0.0,0.09343109279870987
4305.333333333334,0.0,0.0,1.5484565272032245,0.0,0.09343710541725159
4305.666666666666,0.0,0.0,1.5486111949879924,0.0,0.09343443810939789
4306.0,0.0,0.0,1.5488431966651441,0.0,0.09342960268259048
4306.333333333334,0.0,0.0,1.5491525322346797,0.0,0.09342259168624878
4306.666666666666,0.0,0.0,1.5488431966651441,0.0,0.09343292564153671
4307.0,0.0,0.0,1.5486111949879924,0.0,0.09344109892845154
4307.333333333334,0.0,0.0,1.5486111949879924,0.0,0.09344274550676346
4307.666666666667,0.0,0.0,1.5486885288803762,0.0,0.09344222396612167
4308.0,0.0,0.0,1.5485338610956083,0.0,0.0934482142329216
4308.333333333333,0.0,0.0,1.5486885288803762,0.0,0.09344552457332611
4308.666666666667,0.0,0.0,1.5486885288803762,0.0,0.09344717860221863
4309.0,0.0,0.0,1.54876586277276,0.0,0.09344666451215744
4309.333333333333,0.0,0.0,1.5485338610956083,0.0,0.09345482289791107
4309.666666666667,0.0,0.0,1.5486111949879924,0.0,0.0934542864561081
4310.0,0.0,0.0,1.5486111949879924,0.0,0.09345593303442001
4310.333333333333,0.0,0.0,1.5483018594184565,0.0,0.09346626698970795
4310.666666666667,0.0,0.0,1.5486111949879924,0.0,0.09345924109220505
4311.0,0.0,0.0,1.54876586277276,0.0,0.09345653653144836
4311.333333333333,0.0,0.0,1.5486885288803762,0.0,0.0934603363275528
4311.666666666667,0.0,0.0,1.5486885288803762,0.0,0.09346196800470352
4312.0,0.0,0.0,1.5486885288803762,0.0,0.09346357733011246
4312.333333333333,0.0,0.0,1.5486885288803762,0.0,0.09346520155668259
4312.666666666667,0.0,0.0,1.5484565272032245,0.0,0.09347332268953323
4313.0,0.0,0.0,1.5481471916336889,0.0,0.09348362684249878
4313.333333333333,0.0,0.0,1.5483018594184565,0.0,0.0934808999300003
4313.666666666667,0.0,0.0,1.5482245255260727,0.0,0.09348467737436295
4314.0,0.0,0.0,1.5484565272032245,0.0,0.09347975999116898
4314.333333333333,0.0,0.0,1.5485338610956083,0.0,0.0934792011976242
4314.666666666667,0.0,0.0,1.5483018594184565,0.0,0.09348732233047485
4315.0,0.0,0.0,1.5482245255260727,0.0,0.0934910997748375
4315.333333333333,0.0,0.0,1.5481471916336889,0.0,0.09349486976861954
4315.666666666667,0.0,0.0,1.5484565272032245,0.0,0.09348778426647186
4316.0,0.0,0.0,1.5485338610956083,0.0,0.0934872180223465
4316.333333333333,0.0,0.0,1.5483791933108406,0.0,0.09349316358566284
4316.666666666667,0.0,0.0,1.5483791933108406,0.0,0.09349477291107178
4317.0,0.0,0.0,1.5483018594184565,0.0,0.09349856525659561
4317.333333333333,0.0,0.0,1.5484565272032245,0.0,0.09349583834409714
4317.666666666666,0.0,0.0,1.5481471916336889,0.0,0.09350616484880447
4318.0,0.0,0.0,1.5483791933108406,0.0,0.09350127726793289
4318.333333333334,0.0,0.0,1.5484565272032245,0.0,0.09350074827671051
4318.666666666666,0.0,0.0,1.5484565272032245,0.0,0.09350240975618362
4319.0,0.0,0.0,1.5485338610956083,0.0,0.09350188821554184
4319.333333333334,0.0,0.0,1.5486111949879924,0.0,0.09350135922431946
4319.666666666666,0.0,0.0,1.5484565272032245,0.0,0.09350736439228058
