time_min,rain_mm_hr,Pe_mm_hr,flooded_ha,lake_rise_m,mean_depth_m
0.0,0.0254,0.0,0.0,0.0,0.0
0.33333333333333337,0.0254,0.0,0.0,0.0,0.0
0.6666666666666667,0.0254,0.0,0.0,0.0,0.0
1.0,0.0254,0.0,0.0,0.0,0.0
1.3333333333333335,0.0254,0.0,0.0,0.0,0.0
1.6666666666666665,0.0254,0.0,0.0,0.0,0.0
2.0,0.0254,0.0,0.0,0.0,0.0
2.3333333333333335,0.0254,0.0,0.0,0.0,0.0
2.666666666666667,0.0254,0.0,0.0,0.0,0.0
3.0,0.0254,0.0,0.0,0.0,0.0
3.333333333333333,0.0254,0.0,0.0,0.0,0.0
3.6666666666666665,0.0254,0.0,0.0,0.0,0.0
4.0,0.0254,0.0,0.0,0.0,0.0
4.333333333333333,0.0254,0.0,0.0,0.0,0.0
4.666666666666667,0.0254,0.0,0.0,0.0,0.0
5.0,0.0254,0.0,0.0,0.0,0.0
5.333333333333334,0.0254,0.0,0.0,0.0,0.0
5.666666666666666,0.0254,0.0,0.0,0.0,0.0
6.0,0.0254,0.0,0.0,0.0,0.0
6.333333333333333,0.0254,0.0,0.0,0.0,0.0
6.666666666666666,0.0254,0.0,0.0,0.0,0.0
7.0,0.0254,0.0,0.0,0.0,0.0
7.333333333333333,0.0254,0.0,0.0,0.0,0.0
7.666666666666666,0.0254,0.0,0.0,0.0,0.0
8.0,0.0254,0.0,0.0,0.0,0.0
8.333333333333334,0.0254,0.0,0.0,0.0,0.0
8.666666666666666,0.0254,0.0,0.0,0.0,0.0
9.0,0.0254,0.0,0.0,0.0,0.0
9.333333333333334,0.0254,0.0,0.0,0.0,0.0
9.666666666666668,0.0254,0.0,0.0,0.0,0.0
10.0,0.0254,0.0,0.0,0.0,0.0
10.333333333333334,0.0254,0.0,0.0,0.0,0.0
10.666666666666668,0.0254,0.0,0.0,0.0,0.0
11.0,0.0254,0.0,0.0,0.0,0.0
11.333333333333332,0.0254,0.0,0.0,0.0,0.0
11.666666666666666,0.0254,0.0,0.0,0.0,0.0
12.0,0.0254,0.0,0.0,0.0,0.0
12.333333333333332,0.0254,0.0,0.0,0.0,0.0
12.666666666666666,0.0254,0.0,0.0,0.0,0.0
13.0,0.0254,0.0,0.0,0.0,0.0
13.333333333333332,0.0254,0.0,0.0,0.0,0.0
13.666666666666666,0.0254,0.0,0.0,0.0,0.0
14.0,0.0254,0.0,0.0,0.0,0.0
14.333333333333334,0.0254,0.0,0.0,0.0,0.0
14.666666666666666,0.0254,0.0,0.0,0.0,0.0
15.0,0.0254,0.0,0.0,0.0,0.0
15.333333333333332,0.0254,0.0,0.0,0.0,0.0
15.666666666666668,0.0254,0.0,0.0,0.0,0.0
16.0,0.0254,0.0,0.0,0.0,0.0
16.333333333333332,0.0254,0.0,0.0,0.0,0.0
16.666666666666668,0.0254,0.0,0.0,0.0,0.0
17.0,0.0254,0.0,0.0,0.0,0.0
17.333333333333332,0.0254,0.0,0.0,0.0,0.0
17.666666666666668,0.0254,0.0,0.0,0.0,0.0
18.0,0.0254,0.0,0.0,0.0,0.0
18.333333333333336,0.0254,0.0,0.0,0.0,0.0
18.666666666666668,0.0254,0.0,0.0,0.0,0.0
19.0,0.0254,0.0,0.0,0.0,0.0
19.333333333333336,0.0254,0.0,0.0,0.0,0.0
19.666666666666668,0.0254,0.0,0.0,0.0,0.0
20.0,0.0254,0.0,0.0,0.0,0.0
20.333333333333336,0.0254,0.0,0.0,0.0,0.0
20.666666666666668,0.0254,0.0,0.0,0.0,0.0
21.0,0.0254,0.0,0.0,0.0,0.0
21.333333333333336,0.0254,0.0,0.0,0.0,0.0
21.666666666666668,0.0254,0.0,0.0,0.0,0.0
22.0,0.0254,0.0,0.0,0.0,0.0
22.333333333333336,0.0254,0.0,0.0,0.0,0.0
22.666666666666664,0.0254,0.0,0.0,0.0,0.0
23.0,0.0254,0.0,0.0,0.0,0.0
23.333333333333332,0.0254,0.0,0.0,0.0,0.0
23.666666666666664,0.0254,0.0,0.0,0.0,0.0
24.0,0.0254,0.0,0.0,0.0,0.0
24.333333333333332,0.0254,0.0,0.0,0.0,0.0
24.666666666666664,0.0254,0.0,0.0,0.0,0.0
25.0,0.0254,0.0,0.0,0.0,0.0
25.333333333333332,0.0254,0.0,0.0,0.0,0.0
25.666666666666664,0.0254,0.0,0.0,0.0,0.0
26.0,0.0254,0.0,0.0,0.0,0.0
26.333333333333332,0.0254,0.0,0.0,0.0,0.0
26.666666666666664,0.0254,0.0,0.0,0.0,0.0
27.0,0.0254,0.0,0.0,0.0,0.0
27.333333333333332,0.0254,0.0,0.0,0.0,0.0
27.666666666666668,0.0254,0.0,0.0,0.0,0.0
28.0,0.0254,0.0,0.0,0.0,0.0
28.333333333333332,0.0254,0.0,0.0,0.0,0.0
28.666666666666668,0.0254,0.0,0.0,0.0,0.0
29.0,0.0254,0.0,0.0,0.0,0.0
29.333333333333332,0.0254,0.0,0.0,0.0,0.0
29.666666666666668,0.0254,0.0,0.0,0.0,0.0
30.0,0.0254,0.0,0.0,0.0,0.0
30.333333333333332,0.0254,0.0,0.0,0.0,0.0
30.666666666666664,0.0254,0.0,0.0,0.0,0.0
31.000000000000004,0.0254,0.0,0.0,0.0,0.0
31.333333333333336,0.0254,0.0,0.0,0.0,0.0
31.666666666666668,0.0254,0.0,0.0,0.0,0.0
32.0,0.0254,0.0,0.0,0.0,0.0
32.33333333333333,0.0254,0.0,0.0,0.0,0.0
32.666666666666664,0.0254,0.0,0.0,0.0,0.0
33.0,0.0254,0.0,0.0,0.0,0.0
33.333333333333336,0.0254,0.0,0.0,0.0,0.0
33.666666666666664,0.0254,0.0,0.0,0.0,0.0
34.0,0.0254,0.0,0.0,0.0,0.0
34.33333333333333,0.0254,0.0,0.0,0.0,0.0
34.666666666666664,0.0254,0.0,0.0,0.0,0.0
35.0,0.0254,0.0,0.0,0.0,0.0
35.333333333333336,0.0254,0.0,0.0,0.0,0.0
35.666666666666664,0.0254,0.0,0.0,0.0,0.0
36.0,0.0254,0.0,0.0,0.0,0.0
36.33333333333333,0.0254,0.0,0.0,0.0,0.0
36.66666666666667,0.0254,0.0,0.0,0.0,0.0
37.0,0.0254,0.0,0.0,0.0,0.0
37.333333333333336,0.0254,0.0,0.0,0.0,0.0
37.666666666666664,0.0254,0.0,0.0,0.0,0.0
38.0,0.0254,0.0,0.0,0.0,0.0
38.33333333333333,0.0254,0.0,0.0,0.0,0.0
38.66666666666667,0.0254,0.0,0.0,0.0,0.0
39.0,0.0254,0.0,0.0,0.0,0.0
39.333333333333336,0.0254,0.0,0.0,0.0,0.0
39.666666666666664,0.0254,0.0,0.0,0.0,0.0
40.0,0.0254,0.0,0.0,0.0,0.0
40.333333333333336,0.0254,0.0,0.0,0.0,0.0
40.66666666666667,0.0254,0.0,0.0,0.0,0.0
41.0,0.0254,0.0,0.0,0.0,0.0
41.333333333333336,0.0254,0.0,0.0,0.0,0.0
41.666666666666664,0.0254,0.0,0.0,0.0,0.0
42.0,0.0254,0.0,0.0,0.0,0.0
42.333333333333336,0.0254,0.0,0.0,0.0,0.0
42.66666666666667,0.0254,0.0,0.0,0.0,0.0
43.0,0.0254,0.0,0.0,0.0,0.0
43.333333333333336,0.0254,0.0,0.0,0.0,0.0
43.666666666666664,0.0254,0.0,0.0,0.0,0.0
44.0,0.0254,0.0,0.0,0.0,0.0
44.333333333333336,0.0254,0.0,0.0,0.0,0.0
44.66666666666667,0.0254,0.0,0.0,0.0,0.0
45.0,0.0254,0.0,0.0,0.0,0.0
45.33333333333333,0.0254,0.0,0.0,0.0,0.0
45.666666666666664,0.0254,0.0,0.0,0.0,0.0
46.0,0.0254,0.0,0.0,0.0,0.0
46.333333333333336,0.0254,0.0,0.0,0.0,0.0
46.666666666666664,0.0254,0.0,0.0,0.0,0.0
47.0,0.0254,0.0,0.0,0.0,0.0
47.33333333333333,0.0254,0.0,0.0,0.0,0.0
47.666666666666664,0.0254,0.0,0.0,0.0,0.0
48.0,0.0254,0.0,0.0,0.0,0.0
48.333333333333336,0.0254,0.0,0.0,0.0,0.0
48.666666666666664,0.0254,0.0,0.0,0.0,0.0
49.0,0.0254,0.0,0.0,0.0,0.0
49.33333333333333,0.0254,0.0,0.0,0.0,0.0
49.666666666666664,0.0254,0.0,0.0,0.0,0.0
50.0,0.0254,0.0,0.0,0.0,0.0
50.333333333333336,0.0254,0.0,0.0,0.0,0.0
50.666666666666664,0.0254,0.0,0.0,0.0,0.0
51.0,0.0254,0.0,0.0,0.0,0.0
51.33333333333333,0.0254,0.0,0.0,0.0,0.0
51.66666666666667,0.0254,0.0,0.0,0.0,0.0
52.0,0.0254,0.0,0.0,0.0,0.0
52.333333333333336,0.0254,0.0,0.0,0.0,0.0
52.666666666666664,0.0254,0.0,0.0,0.0,0.0
53.0,0.0254,0.0,0.0,0.0,0.0
53.33333333333333,0.0254,0.0,0.0,0.0,0.0
53.66666666666667,0.0254,0.0,0.0,0.0,0.0
54.0,0.0254,0.0,0.0,0.0,0.0
54.333333333333336,0.0254,0.0,0.0,0.0,0.0
54.666666666666664,0.0254,0.0,0.0,0.0,0.0
55.0,0.0254,0.0,0.0,0.0,0.0
55.333333333333336,0.0254,0.0,0.0,0.0,0.0
55.66666666666667,0.0254,0.0,0.0,0.0,0.0
56.0,0.0254,0.0,0.0,0.0,0.0
56.333333333333336,0.0254,0.0,0.0,0.0,0.0
56.666666666666664,0.0254,0.0,0.0,0.0,0.0
57.0,0.0254,0.0,0.0,0.0,0.0
57.333333333333336,0.0254,0.0,0.0,0.0,0.0
57.66666666666667,0.0254,0.0,0.0,0.0,0.0
58.0,0.0254,0.0,0.0,0.0,0.0
58.333333333333336,0.0254,0.0,0.0,0.0,0.0
58.666666666666664,0.0254,0.0,0.0,0.0,0.0
59.0,0.0254,0.0,0.0,0.0,0.0
59.333333333333336,0.0254,0.0,0.0,0.0,0.0
59.66666666666667,0.0254,0.0,0.0,0.0,0.0
60.0,0.0254,0.0,0.0,0.0,0.0
60.33333333333333,0.02949222222222222,0.0,0.0,0.0,0.0
60.666666666666664,0.03358444444444444,0.0,0.0,0.0,0.0
61.0,0.03767666666666666,0.0,0.0,0.0,0.0
61.33333333333333,0.04176888888888888,0.0,0.0,0.0,0.0
61.66666666666666,0.0458611111111111,0.0,0.0,0.0,0.0
62.00000000000001,0.04995333333333333,0.0,0.0,0.0,0.0
62.333333333333336,0.054045555555555555,0.0,0.0,0.0,0.0
62.66666666666667,0.058137777777777774,0.0,0.0,0.0,0.0
63.0,0.062229999999999994,0.0,0.0,0.0,0.0
63.333333333333336,0.06632222222222221,0.0,0.0,0.0,0.0
63.666666666666664,0.07041444444444443,0.0,0.0,0.0,0.0
64.0,0.07450666666666667,0.0,0.0,0.0,0.0
64.33333333333333,0.07859888888888888,0.0,0.0,0.0,0.0
64.66666666666666,0.0826911111111111,0.0,0.0,0.0,0.0
65.0,0.08678333333333332,0.0,0.0,0.0,0.0
65.33333333333333,0.09087555555555556,0.0,0.0,0.0,0.0
65.66666666666667,0.09496777777777778,0.0,0.0,0.0,0.0
66.0,0.09905999999999998,0.0,0.0,0.0,0.0
66.33333333333334,0.10315222222222221,0.0,0.0,0.0,0.0
66.66666666666667,0.10724444444444443,0.0,0.0,0.0,0.0
67.0,0.11133666666666667,0.0,0.0,0.0,0.0
67.33333333333333,0.11542888888888889,0.0,0.0,0.0,0.0
67.66666666666667,0.1195211111111111,0.0,0.0,0.0,0.0
68.0,0.1236133333333333,0.0,0.0,0.0,0.0
68.33333333333333,0.12770555555555554,0.0,0.0,0.0,0.0
68.66666666666666,0.13179777777777776,0.0,0.0,0.0,0.0
69.0,0.13589,0.0,0.0,0.0,0.0
69.33333333333333,0.13998222222222223,0.0,0.0,0.0,0.0
69.66666666666667,0.14407444444444445,0.0,0.0,0.0,0.0
70.0,0.14816666666666667,0.0,0.0,0.0,0.0
70.33333333333334,0.1522588888888889,0.0,0.0,0.0,0.0
70.66666666666667,0.1563511111111111,0.0,0.0,0.0,0.0
71.0,0.16044333333333333,0.0,0.0,0.0,0.0
71.33333333333333,0.16453555555555555,0.0,0.0,0.0,0.0
71.66666666666667,0.1686277777777778,0.0,0.0,0.0,0.0
72.0,0.17271999999999998,0.0,0.0,0.0,0.0
72.33333333333333,0.17681222222222223,0.0,0.0,0.0,0.0
72.66666666666666,0.18090444444444445,0.0,0.0,0.0,0.0
73.0,0.18499666666666667,0.0,0.0,0.0,0.0
73.33333333333334,0.18908888888888886,0.0,0.0,0.0,0.0
73.66666666666667,0.19318111111111108,0.0,0.0,0.0,0.0
74.0,0.19727333333333333,0.0,0.0,0.0,0.0
74.33333333333334,0.20136555555555555,0.0,0.0,0.0,0.0
74.66666666666667,0.20545777777777777,0.0,0.0,0.0,0.0
75.0,0.20955,0.0,0.0,0.0,0.0
75.33333333333333,0.2136422222222222,0.0,0.0,0.0,0.0
75.66666666666666,0.21773444444444442,0.0,0.0,0.0,0.0
76.0,0.22182666666666664,0.0,0.0,0.0,0.0
76.33333333333333,0.22591888888888884,0.0,0.0,0.0,0.0
76.66666666666666,0.2300111111111111,0.0,0.0,0.0,0.0
77.0,0.2341033333333333,0.0,0.0,0.0,0.0
77.33333333333334,0.23819555555555552,0.0,0.0,0.0,0.0
77.66666666666667,0.2422877777777777,0.0,0.0,0.0,0.0
78.0,0.24638,0.0,0.0,0.0,0.0
78.33333333333333,0.2504722222222222,0.0,0.0,0.0,0.0
78.66666666666667,0.2545644444444444,0.0,0.0,0.0,0.0
79.0,0.25865666666666665,0.0,0.0,0.0,0.0
79.33333333333333,0.26274888888888887,0.0,0.0,0.0,0.0
79.66666666666666,0.2668411111111111,0.0,0.0,0.0,0.0
80.0,0.27093333333333325,0.0,0.0,0.0,0.0
80.33333333333333,0.27502555555555547,0.0,0.0,0.0,0.0
80.66666666666667,0.27911777777777774,0.0,0.0,0.0,0.0
81.0,0.28320999999999996,0.0,0.0,0.0,0.0
81.33333333333334,0.2873022222222222,0.0,0.0,0.0,0.0
81.66666666666667,0.2913944444444444,0.0,0.0,0.0,0.0
82.0,0.2954866666666666,0.0,0.0,0.0,0.0
82.33333333333333,0.2995788888888889,0.0,0.0,0.0,0.0
82.66666666666667,0.30367111111111106,0.0,0.0,0.0,0.0
83.0,0.3077633333333333,0.0,0.0,0.0,0.0
83.33333333333333,0.31185555555555555,0.0,0.0,0.0,0.0
83.66666666666666,0.31594777777777777,0.0,0.0,0.0,0.0
84.0,0.32003999999999994,0.0,0.0,0.0,0.0
84.33333333333333,0.3241322222222222,0.0,0.0,0.0,0.0
84.66666666666667,0.32822444444444443,0.0,0.0,0.0,0.0
85.0,0.33231666666666665,0.0,0.0,0.0,0.0
85.33333333333334,0.3364088888888888,0.0,0.0,0.0,0.0
85.66666666666667,0.34050111111111103,0.0,0.0,0.0,0.0
86.0,0.3445933333333333,0.0,0.0,0.0,0.0
86.33333333333333,0.34868555555555547,0.0,0.0,0.0,0.0
86.66666666666667,0.3527777777777777,0.0,0.0,0.0,0.0
87.0,0.35686999999999997,0.0,0.0,0.0,0.0
87.33333333333333,0.3609622222222222,0.0,0.0,0.0,0.0
87.66666666666666,0.36505444444444435,0.0,0.0,0.0,0.0
88.0,0.3691466666666666,0.0,0.0,0.0,0.0
88.33333333333334,0.37323888888888884,0.0,0.0,0.0,0.0
88.66666666666667,0.3773311111111111,0.0,0.0,0.0,0.0
89.0,0.3814233333333333,0.0,0.0,0.0,0.0
89.33333333333334,0.3855155555555555,0.0,0.0,0.0,0.0
89.66666666666667,0.3896077777777778,0.0,0.0,0.0,0.0
90.0,0.3937,0.0,0.0,0.0,0.0
90.33333333333333,0.3977922222222221,0.0,0.0,0.0,0.0
90.66666666666666,0.4018844444444444,0.0,0.0,0.0,0.0
91.0,0.4059766666666666,0.0,0.0,0.0,0.0
91.33333333333333,0.41006888888888887,0.0,0.0,0.0,0.0
91.66666666666666,0.41416111111111104,0.0,0.0,0.0,0.0
92.0,0.41825333333333325,0.0,0.0,0.0,0.0
92.33333333333334,0.42234555555555553,0.0,0.0,0.0,0.0
92.66666666666667,0.42643777777777775,0.0,0.0,0.0,0.0
93.0,0.43052999999999997,0.0,0.0,0.0,0.0
93.33333333333333,0.43462222222222224,0.0,0.0,0.0,0.0
93.66666666666667,0.4387144444444444,0.0,0.0,0.0,0.0
94.0,0.4428066666666667,0.0,0.0,0.0,0.0
94.33333333333333,0.4468988888888889,0.0,0.0,0.0,0.0
94.66666666666666,0.45099111111111106,0.0,0.0,0.0,0.0
95.0,0.4550833333333333,0.0,0.0,0.0,0.0
95.33333333333333,0.4591755555555555,0.0,0.0,0.0,0.0
95.66666666666667,0.46326777777777767,0.0,0.0,0.0,0.0
96.0,0.46735999999999994,0.0,0.0,0.0,0.0
96.33333333333334,0.4714522222222222,0.0,0.0,0.0,0.0
96.66666666666667,0.4755444444444444,0.0,0.0,0.0,0.0
97.0,0.4796366666666666,0.0,0.0,0.0,0.0
97.33333333333333,0.4837288888888889,0.0,0.0,0.0,0.0
97.66666666666667,0.48782111111111104,0.0,0.0,0.0,0.0
98.0,0.4919133333333332,0.0,0.0,0.0,0.0
98.33333333333333,0.49600555555555553,0.0,0.0,0.0,0.0
98.66666666666666,0.5000977777777776,0.0,0.0,0.0,0.0
99.0,0.5041899999999999,0.0,0.0,0.0,0.0
99.33333333333333,0.5082822222222222,0.0,0.0,0.0,0.0
99.66666666666667,0.5123744444444444,0.0,0.0,0.0,0.0
100.0,0.5164666666666665,0.0,0.0,0.0,0.0
100.33333333333334,0.5205588888888889,0.0,0.0,0.0,0.0
100.66666666666667,0.524651111111111,0.0,0.0,0.0,0.0
101.0,0.5287433333333333,0.0,0.0,0.0,0.0
101.33333333333333,0.5328355555555555,0.0,0.0,0.0,0.0
101.66666666666667,0.5369277777777777,0.0,0.0,0.0,0.0
102.0,0.54102,0.0,0.0,0.0,0.0
102.33333333333333,0.5451122222222222,0.0,0.0,0.0,0.0
102.66666666666666,0.5492044444444444,0.0,0.0,0.0,0.0
103.0,0.5532966666666667,0.0,0.0,0.0,0.0
103.33333333333334,0.5573888888888888,0.0,0.0,0.0,0.0
103.66666666666667,0.5614811111111111,0.0,0.0,0.0,0.0
104.0,0.5655733333333333,0.0,0.0,0.0,0.0
104.33333333333334,0.5696655555555554,0.0,0.0,0.0,0.0
104.66666666666667,0.5737577777777778,0.0,0.0,0.0,0.0
105.0,0.5778499999999999,0.0,0.0,0.0,0.0
105.33333333333333,0.5819422222222221,0.0,0.0,0.0,0.0
105.66666666666666,0.5860344444444444,0.0,0.0,0.0,0.0
106.0,0.5901266666666666,0.0,0.0,0.0,0.0
106.33333333333333,0.5942188888888889,0.0,0.0,0.0,0.0
106.66666666666666,0.5983111111111111,0.0,0.0,0.0,0.0
107.0,0.6024033333333332,0.0,0.0,0.0,0.0
107.33333333333334,0.6064955555555556,0.0,0.0,0.0,0.0
107.66666666666667,0.6105877777777777,0.0,0.0,0.0,0.0
108.0,0.6146799999999999,0.0,0.0,0.0,0.0
108.33333333333333,0.6187722222222222,0.0,0.0,0.0,0.0
108.66666666666667,0.6228644444444443,0.0,0.0,0.0,0.0
109.0,0.6269566666666666,0.0,0.0,0.0,0.0
109.33333333333333,0.6310488888888888,0.0,0.0,0.0,0.0
109.66666666666666,0.635141111111111,0.0,0.0,0.0,0.0
110.0,0.6392333333333333,0.0,0.0,0.0,0.0
110.33333333333333,0.6433255555555555,0.0,0.0,0.0,0.0
110.66666666666667,0.6474177777777776,0.0,0.0,0.0,0.0
111.0,0.65151,0.0,0.0,0.0,0.0
111.33333333333334,0.6556022222222221,0.0,0.0,0.0,0.0
111.66666666666667,0.6596944444444444,0.0,0.0,0.0,0.0
112.0,0.6637866666666666,0.0,0.0,0.0,0.0
112.33333333333333,0.6678788888888888,0.0,0.0,0.0,0.0
112.66666666666667,0.6719711111111111,0.0,0.0,0.0,0.0
113.0,0.6760633333333333,0.0,0.0,0.0,0.0
113.33333333333333,0.6801555555555554,0.0,0.0,0.0,0.0
113.66666666666666,0.6842477777777777,0.0,0.0,0.0,0.0
114.0,0.68834,0.0,0.0,0.0,0.0
114.33333333333333,0.692432222222222,0.0,0.0,0.0,0.0
114.66666666666667,0.6965244444444444,0.0,0.0,0.0,0.0
115.0,0.7006166666666666,0.0,0.0,0.0,0.0
115.33333333333334,0.7047088888888888,0.0,0.0,0.0,0.0
115.66666666666667,0.708801111111111,1.3414411768886136e-05,0.0,0.0,0.0
116.0,0.7128933333333333,0.0001864286350294897,0.0,0.0,0.0
116.33333333333333,0.7169855555555555,0.00035937980091826915,0.0,0.0,0.0
116.66666666666667,0.7210777777777777,0.0005322635332483117,0.0,0.0,0.0
117.0,0.7251699999999999,0.0007050841910327676,0.0,0.0,0.0
117.33333333333333,0.7292622222222223,0.0008778398008502108,0.0,0.0,0.0
117.66666666666666,0.7333544444444443,0.0010505344594236021,0.0,0.0,0.0
118.0,0.7374466666666667,0.0012231677670726526,0.0,0.0,0.0
118.33333333333334,0.7415388888888889,0.0013957384248364235,0.0,0.0,0.0
118.66666666666667,0.745631111111111,0.0015682503295977313,0.0,0.0,0.0
119.0,0.7497233333333333,0.001740700783514626,0.0,0.0,0.0
119.33333333333334,0.7538155555555555,0.001913094083150213,0.0,0.0,0.0
119.66666666666667,0.7579077777777776,0.0020854294291439146,0.0,0.0,0.0
120.0,0.7619999999999999,0.002257709619257753,0.0,0.0,0.0
120.33333333333333,0.7648222222222222,0.0023777264157587297,0.0,0.0,0.0
120.66666666666666,0.7676444444444444,0.002497691253822154,0.0,0.0,0.0
121.0,0.7704666666666665,0.0026176007361655707,0.0,0.0,0.0
121.33333333333333,0.7732888888888887,0.002737455062629124,0.0,0.0,0.0
121.66666666666666,0.776111111111111,0.002857260428257291,0.0,0.0,0.0
122.0,0.7789333333333333,0.0029770080400837173,0.0,0.0,0.0
122.33333333333333,0.7817555555555554,0.003096706491234613,0.0,0.0,0.0
122.66666666666666,0.7845777777777777,0.003216352784107812,0.0,0.0,0.0
122.99999999999999,0.7874,0.003335951914706925,0.0,0.0,0.0
123.33333333333331,0.7902222222222222,0.003455500285909352,0.0,0.0,0.0
123.66666666666666,0.7930444444444443,0.0035749970983545154,0.0,0.0,0.0
124.00000000000001,0.7958666666666666,0.003694448347246748,0.0,0.0,0.0
124.33333333333334,0.7986888888888888,0.0038138536329057615,0.0,0.0,0.0
124.66666666666667,0.8015111111111111,0.003933208159168089,0.0,0.0,0.0
125.00000000000001,0.8043333333333333,0.0040525179212380635,0.0,0.0,0.0
125.33333333333334,0.8071555555555555,0.0041717821197551075,0.0,0.0,0.0
125.66666666666667,0.8099777777777778,0.004291003952161532,0.0,0.0,0.0
126.0,0.8128000000000001,0.004410179421654448,0.0,0.0,0.0
126.33333333333334,0.8156222222222221,0.004529309327594433,0.0,0.0,0.0
126.66666666666667,0.8184444444444444,0.004648399265505532,0.0,0.0,0.0
127.0,0.8212666666666666,0.004767446037945433,0.0,0.0,0.0
127.33333333333333,0.8240888888888889,0.004886449245233848,0.0,0.0,0.0
127.66666666666667,0.826911111111111,0.005005411685132799,0.0,0.0,0.0
128.0,0.8297333333333333,0.005124333357642286,0.0,0.0,0.0
128.33333333333334,0.8325555555555556,0.005243215861483463,0.0,0.0,0.0
128.66666666666666,0.8353777777777778,0.005362060795377488,0.0,0.0,0.0
129.0,0.8382,0.005480862963480604,0.0,0.0,0.0
129.33333333333331,0.8410222222222221,0.005599627961316855,0.0,0.0,0.0
129.66666666666666,0.8438444444444444,0.005718354989525665,0.0,0.0,0.0
130.0,0.8466666666666666,0.005837044447787321,0.0,0.0,0.0
130.33333333333331,0.8494888888888888,0.0059556959364215345,0.0,0.0,0.0
130.66666666666666,0.8523111111111111,0.006074309455428306,0.0,0.0,0.0
131.0,0.8551333333333333,0.006192889800971102,0.0,0.0,0.0
131.33333333333334,0.8579555555555556,0.006311435774009055,0.0,0.0,0.0
131.66666666666669,0.8607777777777776,0.006429942978058989,0.0,0.0,0.0
132.0,0.8635999999999999,0.006548417808005524,0.0,0.0,0.0
132.33333333333334,0.8664222222222222,0.006666860663528951,0.0,0.0,0.0
132.66666666666669,0.8692444444444445,0.0067852691465475345,0.0,0.0,0.0
133.0,0.8720666666666665,0.006903639260258387,0.0,0.0,0.0
133.33333333333334,0.8748888888888888,0.00702198139634902,0.0,0.0,0.0
133.66666666666669,0.8777111111111111,0.00714029235737712,0.0,0.0,0.0
134.0,0.8805333333333334,0.007258571343982112,0.0,0.0,0.0
134.33333333333334,0.8833555555555553,0.007376816757442839,0.0,0.0,0.0
134.66666666666666,0.8861777777777776,0.007495028597759301,0.0,0.0,0.0
135.0,0.8889999999999999,0.007613214858537276,0.0,0.0,0.0
135.33333333333334,0.8918222222222222,0.007731370743613297,0.0,0.0,0.0
135.66666666666666,0.8946444444444445,0.007849497052347942,0.0,0.0,0.0
136.0,0.8974666666666665,0.007967593784741211,0.0,0.0,0.0
136.33333333333331,0.9002888888888888,0.008085658542711371,0.0,0.0,0.0
136.66666666666666,0.9031111111111111,0.008203698520503622,0.0,0.0,0.0
137.0,0.9059333333333333,0.00832171132003623,0.0,0.0,0.0
137.33333333333331,0.9087555555555555,0.00843969454322746,0.0,0.0,0.0
137.66666666666666,0.9115777777777776,0.00855765058815905,0.0,0.0,0.0
138.0,0.9143999999999999,0.008675582652273306,0.0,0.0,0.0
138.33333333333331,0.9172222222222222,0.00879348034388272,0.0,0.0,0.0
138.66666666666666,0.9200444444444444,0.008911361248920002,0.0,0.0,0.0
139.0,0.9228666666666667,0.009029209380173597,0.0,0.0,0.0
139.33333333333334,0.9256888888888888,0.009147037527412749,0.0,0.0,0.0
139.66666666666669,0.928511111111111,0.009264833700228792,0.0,0.0,0.0
140.0,0.9313333333333332,0.009382609089669813,0.0,0.0,0.0
140.33333333333334,0.9341555555555555,0.009500360498293503,0.0,0.0,0.0
140.66666666666669,0.9369777777777778,0.00961808792609986,0.0,0.0,0.0
141.0,0.9397999999999999,0.009735792172449464,0.0,0.0,0.0
141.33333333333334,0.9426222222222221,0.009853473237342314,0.0,0.0,0.0
141.66666666666666,0.9454444444444444,0.009971126324614943,0.0,0.0,0.0
142.0,0.9482666666666667,0.010088759427873129,0.0,0.0,0.0
142.33333333333334,0.9510888888888889,0.010206371747756293,0.0,0.0,0.0
142.66666666666666,0.9539111111111109,0.01032396568234617,0.0,0.0,0.0
143.0,0.9567333333333332,0.010441532438676404,0.0,0.0,0.0
143.33333333333334,0.9595555555555555,0.010559076013549884,0.0,0.0,0.0
143.66666666666666,0.9623777777777778,0.010676602002490654,0.0,0.0,0.0
144.0,0.9652000000000001,0.010794108806777558,0.0,0.0,0.0
144.33333333333331,0.9680222222222221,0.010911590031525975,0.0,0.0,0.0
144.66666666666666,0.9708444444444444,0.011029055269062837,0.0,0.0,0.0
145.0,0.9736666666666667,0.011146502121306412,0.0,0.0,0.0
145.33333333333331,0.9764888888888889,0.011263921795290344,0.0,0.0,0.0
145.66666666666666,0.9793111111111112,0.01138132228462041,0.0,0.0,0.0
146.0,0.9821333333333332,0.011498708385460077,0.0,0.0,0.0
146.33333333333334,0.9849555555555556,0.01161607849908819,0.0,0.0,0.0
146.66666666666669,0.9877777777777778,0.011733422233817237,0.0,0.0,0.0
147.0,0.9906000000000001,0.01185074998133473,0.0,0.0,0.0
147.33333333333334,0.9934222222222223,0.011968061741640668,0.0,0.0,0.0
147.66666666666669,0.9962444444444445,0.012085349521129274,0.0,0.0,0.0
148.0,0.9990666666666665,0.01220262690893037,0.0,0.0,0.0
148.33333333333334,1.001888888888889,0.01231988830951991,0.0,0.0,0.0
148.66666666666669,1.0047111111111109,0.012437119334407498,0.0,0.0,0.0
149.0,1.0075333333333334,0.01255434556313162,0.0,0.0,0.0
149.33333333333334,1.0103555555555555,0.012671551807841297,0.0,0.0,0.0
149.66666666666666,1.0131777777777777,0.01278874206533942,0.0,0.0,0.0
150.0,1.016,0.012905913937544256,0.0,0.0,0.0
150.33333333333334,1.018822222222222,0.01302306822381638,0.0,0.0,0.0
150.66666666666666,1.0216444444444444,0.013140208920958685,0.0,0.0,0.0
151.0,1.0244666666666666,0.013257336028971167,0.0,0.0,0.0
151.33333333333331,1.027288888888889,0.01337444874849325,0.0,0.0,0.0
151.66666666666666,1.0301111111111112,0.013491543882082624,0.0,0.0,0.0
152.0,1.032933333333333,0.013608627824623909,0.0,0.0,0.0
152.33333333333331,1.0357555555555555,0.013725687786347862,0.0,0.0,0.0
152.66666666666666,1.0385777777777776,0.013842739754466038,0.0,0.0,0.0
153.0,1.0414,0.01395977893281497,0.0,0.0,0.0
153.33333333333331,1.0442222222222222,0.014076797327788881,0.0,0.0,0.0
153.66666666666666,1.0470444444444444,0.014193804531714704,0.0,0.0,0.0
154.0,1.0498666666666665,0.014310798945871284,0.0,0.0,0.0
154.33333333333334,1.052688888888889,0.01442778057025862,0.0,0.0,0.0
154.66666666666669,1.055511111111111,0.014544749404876711,0.0,0.0,0.0
155.0,1.0583333333333333,0.014661703851004404,0.0,0.0,0.0
155.33333333333334,1.0611555555555554,0.014778645507362853,0.0,0.0,0.0
155.66666666666669,1.0639777777777777,0.014895569577788592,0.0,0.0,0.0
156.0,1.0668,0.01501248725332971,0.0,0.0,0.0
156.33333333333334,1.0696222222222223,0.015129390540380427,0.0,0.0,0.0
156.66666666666666,1.0724444444444445,0.015246279438940746,0.0,0.0,0.0
157.0,1.0752666666666666,0.015363160343895288,0.0,0.0,0.0
157.33333333333334,1.0780888888888887,0.015480031656522897,0.0,0.0,0.0
157.66666666666666,1.0809111111111112,0.015596878988333174,0.0,0.0,0.0
158.0,1.0837333333333332,0.015713724721422295,0.0,0.0,0.0
158.33333333333334,1.0865555555555557,0.015830554467299862,0.0,0.0,0.0
158.66666666666666,1.0893777777777776,0.01594737302212934,0.0,0.0,0.0
159.0,1.0922,0.016064185182074198,0.0,0.0,0.0
159.33333333333331,1.0950222222222221,0.016180976558644034,0.0,0.0,0.0
159.66666666666666,1.0978444444444446,0.016297766336492714,0.0,0.0,0.0
160.0,1.1006666666666667,0.01641454332457215,0.0,0.0,0.0
160.33333333333331,1.1034888888888887,0.0165313091216035,0.0,0.0,0.0
160.66666666666666,1.106311111111111,0.016648068523750226,0.0,0.0,0.0
161.0,1.1091333333333333,0.016764805543800776,0.0,0.0,0.0
161.33333333333334,1.1119555555555556,0.016881545761293637,0.0,0.0,0.0
161.66666666666669,1.1147777777777779,0.016998265195411477,0.0,0.0,0.0
162.0,1.1176,0.017114986228250473,0.0,0.0,0.0
162.33333333333334,1.1204222222222222,0.01723169287259907,0.0,0.0,0.0
162.66666666666669,1.1232444444444443,0.017348386727178422,0.0,0.0,0.0
163.0,1.1260666666666668,0.017465070989430842,0.0,0.0,0.0
163.33333333333334,1.1288888888888888,0.017581744060635174,0.0,0.0,0.0
163.66666666666669,1.1317111111111111,0.01769840913823373,0.0,0.0,0.0
164.0,1.1345333333333332,0.017815069419668816,0.0,0.0,0.0
164.33333333333334,1.1373555555555557,0.017931718510055816,0.0,0.0,0.0
164.66666666666666,1.1401777777777777,0.018048358008115883,0.0,0.0,0.0
165.0,1.1430000000000002,0.01816499111129133,0.0,0.0,0.0
165.33333333333334,1.145822222222222,0.018281613023418686,0.0,0.0,0.0
165.66666666666666,1.1486444444444444,0.018398226941940266,0.0,0.0,0.0
166.0,1.1514666666666666,0.018514837663019534,0.0,0.0,0.0
166.33333333333331,1.1542888888888887,0.018631430798166093,0.0,0.0,0.0
166.66666666666666,1.1571111111111112,0.018748022334591496,0.0,0.0,0.0
167.0,1.1599333333333333,0.018864604278689967,0.0,0.0,0.0
167.33333333333331,1.1627555555555555,0.01898118142662497,0.0,0.0,0.0
167.66666666666666,1.1655777777777778,0.01909775377839651,0.0,0.0,0.0
168.0,1.1684,0.01921430055062956,0.0,0.0,0.0
168.33333333333331,1.1712222222222222,0.01933085052030492,0.0,0.0,0.0
168.66666666666666,1.1740444444444444,0.01944739409509566,0.0,0.0,0.0
169.0,1.1768666666666667,0.019563936071165244,0.0,0.0,0.0
169.33333333333334,1.1796888888888888,0.019680465257465585,0.0,0.0,0.0
169.66666666666669,1.182511111111111,0.019796986450160148,0.0,0.0,0.0
170.0,1.1853333333333333,0.019913494853085467,0.0,0.0,0.0
170.33333333333334,1.1881555555555556,0.020030008052174253,0.0,0.0,0.0
170.66666666666669,1.190977777777778,0.02014650366533033,0.0,0.0,0.0
171.0,1.1938,0.020262999278486404,0.0,0.0,0.0
171.33333333333334,1.1966222222222223,0.02037949489164248,0.0,0.0,0.0
171.66666666666666,1.1994444444444445,0.020495969721423535,0.0,0.0,0.0
172.0,1.2022666666666668,0.02061244135376228,0.0,0.0,0.0
172.33333333333334,1.2050888888888889,0.02072890978865871,0.0,0.0,0.0
172.66666666666666,1.2079111111111114,0.020845367032507056,0.0,0.0,0.0
173.0,1.2107333333333332,0.020961822677634245,0.0,0.0,0.0
173.33333333333334,1.2135555555555557,0.021078275125319124,0.0,0.0,0.0
173.66666666666666,1.2163777777777778,0.021194713184513603,0.0,0.0,0.0
174.0,1.2192,0.021311152842429237,0.0,0.0,0.0
174.33333333333331,1.2220222222222223,0.021427581309296784,0.0,0.0,0.0
174.66666666666666,1.2248444444444444,0.021544011374885486,0.0,0.0,0.0
175.0,1.2276666666666667,0.021660428650704944,0.0,0.0,0.0
175.33333333333331,1.230488888888889,0.021776837932918625,0.0,0.0,0.0
175.66666666666666,1.2333111111111112,0.021893250412574616,0.0,0.0,0.0
176.0,1.2361333333333335,0.022009653299903675,0.0,0.0,0.0
176.33333333333334,1.2389555555555554,0.022126044996184646,0.0,0.0,0.0
176.66666666666669,1.2417777777777779,0.02224243509374446,0.0,0.0,0.0
177.0,1.2446,0.022358821993861966,0.0,0.0,0.0
177.33333333333334,1.2474222222222222,0.022475207295258315,0.0,0.0,0.0
177.66666666666669,1.2502444444444445,0.02259158300432773,0.0,0.0,0.0
178.0,1.2530666666666668,0.022707957114675992,0.0,0.0,0.0
178.33333333333334,1.2558888888888888,0.02282432483013963,0.0,0.0,0.0
178.66666666666669,1.2587111111111113,0.022940682953276337,0.0,0.0,0.0
179.0,1.2615333333333332,0.023057029885364955,0.0,0.0,0.0
179.33333333333334,1.2643555555555557,0.02317338481105935,0.0,0.0,0.0
179.66666666666666,1.2671777777777777,0.02328973494059028,0.0,0.0,0.0
180.0,1.27,0.02340607707651543,0.0,0.0,0.0
180.33333333333334,1.2643555555555555,0.02317439200538729,0.0,0.0,0.0
180.66666666666666,1.2587111111111113,0.022942694144489906,0.0,0.0,0.0
181.0,1.2530666666666668,0.022710999481034833,0.0,0.0,0.0
181.33333333333331,1.2474222222222224,0.02247930481757976,0.0,0.0,0.0
181.66666666666666,1.2417777777777779,0.02224759416691313,0.0,0.0,0.0
182.0,1.2361333333333335,0.02201588831240997,0.0,0.0,0.0
182.33333333333331,1.230488888888889,0.021784176063022187,0.0,0.0,0.0
182.66666666666666,1.2248444444444444,0.021552460616192093,0.0,0.0,0.0
183.0,1.2192,0.021320735577035066,0.0,0.0,0.0
183.33333333333331,1.2135555555555557,0.02108901053787804,0.0,0.0,0.0
183.66666666666666,1.2079111111111114,0.020857287097442168,0.0,0.0,0.0
184.0,1.2022666666666668,0.020625554064679363,0.0,0.0,0.0
184.33333333333334,1.1966222222222223,0.020393813038310782,0.0,0.0,0.0
184.66666666666669,1.190977777777778,0.02016206881449989,0.0,0.0,0.0
185.0,1.1853333333333333,0.019930327788131308,0.0,0.0,0.0
185.33333333333334,1.1796888888888888,0.01969858196559926,0.0,0.0,0.0
185.66666666666669,1.1740444444444444,0.01946682655074028,0.0,0.0,0.0
186.0,1.1684,0.019235066339717832,0.0,0.0,0.0
186.33333333333334,1.1627555555555555,0.019003314122301163,0.0,0.0,0.0
186.66666666666666,1.1571111111111112,0.018771544318951783,0.0,0.0,0.0
187.0,1.1514666666666666,0.018539780910487025,0.0,0.0,0.0
187.33333333333334,1.145822222222222,0.018308014304579956,0.0,0.0,0.0
187.66666666666666,1.1401777777777777,0.01807623970506711,0.0,0.0,0.0
188.0,1.1345333333333332,0.017844461908111953,0.0,0.0,0.0
188.33333333333334,1.1288888888888888,0.017612680913714485,0.0,0.0,0.0
188.66666666666666,1.1232444444444443,0.01738089192571124,0.0,0.0,0.0
189.0,1.1176,0.017149114128756082,0.0,0.0,0.0
189.33333333333331,1.1119555555555556,0.01691732354203168,0.0,0.0,0.0
189.66666666666666,1.106311111111111,0.01668553295530728,0.0,0.0,0.0
190.0,1.1006666666666667,0.01645373917114057,0.0,0.0,0.0
190.33333333333331,1.0950222222222221,0.016221938992089235,0.0,0.0,0.0
190.66666666666666,1.0893777777777776,0.015990138813037902,0.0,0.0,0.0
191.0,1.0837333333333332,0.01575832744293848,0.0,0.0,0.0
191.33333333333334,1.0780888888888887,0.015526520869002525,0.0,0.0,0.0
191.66666666666669,1.0724444444444445,0.015294712696345414,0.0,0.0,0.0
192.0,1.0668,0.01506289493136137,0.0,0.0,0.0
192.33333333333334,1.0611555555555556,0.014831083561261948,0.0,0.0,0.0
192.66666666666669,1.055511111111111,0.01459926419755675,0.0,0.0,0.0
193.0,1.0498666666666667,0.014367440037688084,0.0,0.0,0.0
193.33333333333334,1.0442222222222222,0.01413561907526173,0.0,0.0,0.0
193.66666666666669,1.0385777777777776,0.013903786921787287,0.0,0.0,0.0
194.0,1.0329333333333333,0.013671962761918621,0.0,0.0,0.0
194.33333333333334,1.027288888888889,0.013440129009723023,0.0,0.0,0.0
194.66666666666666,1.0216444444444446,0.013208291260724536,0.0,0.0,0.0
195.0,1.016,0.012976458307889516,0.0,0.0,0.0
195.33333333333334,1.0103555555555555,0.012744617361448718,0.0,0.0,0.0
195.66666666666666,1.004711111111111,0.012512771618844454,0.0,0.0,0.0
196.0,0.9990666666666665,0.012280931471764234,0.0,0.0,0.0
196.33333333333331,0.9934222222222223,0.012049083331078236,0.0,0.0,0.0
196.66666666666666,0.9877777777777778,0.011817237588473972,0.0,0.0,0.0
197.0,0.9821333333333332,0.011585386250345664,0.0,0.0,0.0
197.33333333333331,0.9764888888888889,0.011353528517332734,0.0,0.0,0.0
197.66666666666666,0.9708444444444444,0.011121676379843848,0.0,0.0,0.0
198.0,0.9652000000000001,0.010889814650028029,0.0,0.0,0.0
198.33333333333331,0.9595555555555555,0.010657953719572788,0.0,0.0,0.0
198.66666666666666,0.9539111111111109,0.01042609198975697,0.0,0.0,0.0
199.0,0.9482666666666667,0.010194228661219995,0.0,0.0,0.0
199.33333333333334,0.9426222222222224,0.009962364533322443,0.0,0.0,0.0
199.66666666666669,0.9369777777777778,0.009730490813097958,0.0,0.0,0.0
200.0,0.9313333333333332,0.009498619490955207,0.0,0.0,0.0
200.33333333333334,0.925688888888889,0.009266750566894189,0.0,0.0,0.0
200.66666666666669,0.9200444444444444,0.009034875247948548,0.0,0.0,0.0
201.0,0.9144000000000001,0.008803000728363486,0.0,0.0,0.0
201.33333333333334,0.9087555555555555,0.008571119014533224,0.0,0.0,0.0
201.66666666666666,0.9031111111111111,0.008339236501342384,0.0,0.0,0.0
202.0,0.8974666666666667,0.008107357185593855,0.0,0.0,0.0
202.33333333333334,0.8918222222222222,0.00787547307368186,0.0,0.0,0.0
202.66666666666666,0.8861777777777778,0.0076435841656063985,0.0,0.0,0.0
203.0,0.8805333333333334,0.00741169765561267,0.0,0.0,0.0
203.33333333333334,0.8748888888888888,0.0071798087475372085,0.0,0.0,0.0
203.66666666666666,0.8692444444444445,0.006947919839461747,0.0,0.0,0.0
204.0,0.8635999999999999,0.006716025335862241,0.0,0.0,0.0
204.33333333333331,0.8579555555555557,0.006484130832262736,0.0,0.0,0.0
204.66666666666666,0.8523111111111111,0.00625223273154063,0.0,0.0,0.0
205.0,0.8466666666666667,0.006020334231138236,0.0,0.0,0.0
205.33333333333331,0.8410222222222222,0.00578843613041613,0.0,0.0,0.0
205.66666666666666,0.8353777777777779,0.005556534432571425,0.0,0.0,0.0
206.0,0.8297333333333334,0.005324631535685853,0.0,0.0,0.0
206.33333333333334,0.8240888888888889,0.0050927278394397035,0.0,0.0,0.0
206.66666666666669,0.8184444444444444,0.004860820546070954,0.0,0.0,0.0
207.0,0.8128000000000001,0.004628915650783938,0.0,0.0,0.0
207.33333333333334,0.8071555555555555,0.004397004760292589,0.0,0.0,0.0
207.66666666666669,0.8015111111111111,0.004165094669161817,0.0,0.0,0.0
208.0,0.7958666666666666,0.0039331829793098905,0.0,0.0,0.0
208.33333333333334,0.7902222222222223,0.003701270090417097,0.0,0.0,0.0
208.66666666666669,0.7845777777777777,0.003469353204721415,0.0,0.0,0.0
209.0,0.7789333333333333,0.0032374371183863104,0.0,0.0,0.0
209.33333333333334,0.7732888888888888,0.0030055212318913505,0.0,0.0,0.0
209.66666666666666,0.7676444444444444,0.002773602347794224,0.0,0.0,0.0
210.0,0.762,0.002541683263856953,0.0,0.0,0.0
210.33333333333334,0.7563555555555556,0.002309760782637227,0.0,0.0,0.0
210.66666666666666,0.750711111111111,0.0020778379017372117,0.0,0.0,0.0
211.0,0.7450666666666665,0.0018459132222758967,0.0,0.0,0.0
211.33333333333331,0.7394222222222222,0.0016139879432941484,0.0,0.0,0.0
211.66666666666666,0.7337777777777778,0.0013820609656711724,0.0,0.0,0.0
212.0,0.7281333333333333,0.001150134287808413,0.0,0.0,0.0
212.33333333333331,0.7224888888888888,0.0009182049121037039,0.0,0.0,0.0
212.66666666666666,0.7168444444444444,0.0006862759360792836,0.0,0.0,0.0
213.0,0.7111999999999999,0.0004543426135317219,0.0,0.0,0.0
213.33333333333331,0.7055555555555555,0.00022240926600414213,0.0,0.0,0.0
213.66666666666666,0.699911111111111,0.0,0.0,0.0,0.0
214.0,0.6942666666666667,0.0,0.0,0.0,0.0
214.33333333333334,0.6886222222222222,0.0,0.0,0.0,0.0
214.66666666666669,0.6829777777777778,0.0,0.0,0.0,0.0
215.0,0.6773333333333332,0.0,0.0,0.0,0.0
215.33333333333334,0.6716888888888889,0.0,0.0,0.0,0.0
215.66666666666669,0.6660444444444444,0.0,0.0,0.0,0.0
216.0,0.6604,0.0,0.0,0.0,0.0
216.33333333333334,0.6547555555555555,0.0,0.0,0.0,0.0
216.66666666666666,0.6491111111111112,0.0,0.0,0.0,0.0
217.0,0.6434666666666666,0.0,0.0,0.0,0.0
217.33333333333334,0.6378222222222222,0.0,0.0,0.0,0.0
217.66666666666666,0.6321777777777777,0.0,0.0,0.0,0.0
218.0,0.6265333333333334,0.0,0.0,0.0,0.0
218.33333333333334,0.6208888888888889,0.0,0.0,0.0,0.0
218.66666666666666,0.6152444444444445,0.0,0.0,0.0,0.0
219.0,0.6095999999999999,0.0,0.0,0.0,0.0
219.33333333333331,0.6039555555555556,0.0,0.0,0.0,0.0
219.66666666666666,0.5983111111111111,0.0,0.0,0.0,0.0
220.0,0.5926666666666667,0.0,0.0,0.0,0.0
220.33333333333331,0.5870222222222222,0.0,0.0,0.0,0.0
220.66666666666666,0.5813777777777778,0.0,0.0,0.0,0.0
221.0,0.5757333333333333,0.0,0.0,0.0,0.0
221.33333333333334,0.5700888888888889,0.0,0.0,0.0,0.0
221.66666666666669,0.5644444444444443,0.0,0.0,0.0,0.0
222.0,0.5588,0.0,0.0,0.0,0.0
222.33333333333334,0.5531555555555555,0.0,0.0,0.0,0.0
222.66666666666669,0.5475111111111111,0.0,0.0,0.0,0.0
223.0,0.5418666666666666,0.0,0.0,0.0,0.0
223.33333333333334,0.5362222222222222,0.0,0.0,0.0,0.0
223.66666666666669,0.5305777777777777,0.0,0.0,0.0,0.0
224.0,0.5249333333333333,0.0,0.0,0.0,0.0
224.33333333333334,0.5192888888888888,0.0,0.0,0.0,0.0
224.66666666666666,0.5136444444444445,0.0,0.0,0.0,0.0
225.0,0.508,0.0,0.0,0.0,0.0
225.33333333333334,0.5023555555555554,0.0,0.0,0.0,0.0
225.66666666666666,0.49671111111111105,0.0,0.0,0.0,0.0
226.0,0.4910666666666666,0.0,0.0,0.0,0.0
226.33333333333331,0.4854222222222222,0.0,0.0,0.0,0.0
226.66666666666666,0.47977777777777775,0.0,0.0,0.0,0.0
227.0,0.47413333333333335,0.0,0.0,0.0,0.0
227.33333333333331,0.4684888888888889,0.0,0.0,0.0,0.0
227.66666666666666,0.4628444444444444,0.0,0.0,0.0,0.0
228.0,0.45719999999999994,0.0,0.0,0.0,0.0
228.33333333333331,0.45155555555555554,0.0,0.0,0.0,0.0
228.66666666666666,0.4459111111111111,0.0,0.0,0.0,0.0
229.0,0.4402666666666667,0.0,0.0,0.0,0.0
229.33333333333334,0.43462222222222224,0.0,0.0,0.0,0.0
229.66666666666669,0.42897777777777774,0.0,0.0,0.0,0.0
230.0,0.4233333333333333,0.0,0.0,0.0,0.0
230.33333333333334,0.4176888888888889,0.0,0.0,0.0,0.0
230.66666666666669,0.41204444444444444,0.0,0.0,0.0,0.0
231.0,0.40639999999999993,0.0,0.0,0.0,0.0
231.33333333333334,0.40075555555555553,0.0,0.0,0.0,0.0
231.66666666666666,0.3951111111111111,0.0,0.0,0.0,0.0
232.0,0.3894666666666667,0.0,0.0,0.0,0.0
232.33333333333334,0.3838222222222222,0.0,0.0,0.0,0.0
232.66666666666666,0.37817777777777783,0.0,0.0,0.0,0.0
233.0,0.37253333333333327,0.0,0.0,0.0,0.0
233.33333333333334,0.36688888888888876,0.0,0.0,0.0,0.0
233.66666666666666,0.3612444444444444,0.0,0.0,0.0,0.0
234.0,0.3555999999999999,0.0,0.0,0.0,0.0
234.33333333333331,0.3499555555555556,0.0,0.0,0.0,0.0
234.66666666666666,0.34431111111111107,0.0,0.0,0.0,0.0
235.0,0.3386666666666665,0.0,0.0,0.0,0.0
235.33333333333331,0.3330222222222222,0.0,0.0,0.0,0.0
235.66666666666666,0.32737777777777766,0.0,0.0,0.0,0.0
236.0,0.32173333333333337,0.0,0.0,0.0,0.0
236.33333333333334,0.3160888888888888,0.0,0.0,0.0,0.0
236.66666666666669,0.3104444444444445,0.0,0.0,0.0,0.0
237.0,0.30479999999999996,0.0,0.0,0.0,0.0
237.33333333333334,0.29915555555555545,0.0,0.0,0.0,0.0
237.66666666666669,0.2935111111111111,0.0,0.0,0.0,0.0
238.0,0.2878666666666666,0.0,0.0,0.0,0.0
238.33333333333334,0.2822222222222222,0.0,0.0,0.0,0.0
238.66666666666669,0.27657777777777776,0.0,0.0,0.0,0.0
239.0,0.2709333333333332,0.0,0.0,0.0,0.0
239.33333333333334,0.26528888888888885,0.0,0.0,0.0,0.0
239.66666666666666,0.2596444444444443,0.0,0.0,0.0,0.0
240.0,0.254,0.0,0.0,0.0,0.0
240.33333333333334,0.25541111111111114,0.0,0.0,0.0,0.0
240.66666666666666,0.25682222222222223,0.0,0.0,0.0,0.0
241.0,0.2582333333333333,0.0,0.0,0.0,0.0
241.33333333333331,0.2596444444444444,0.0,0.0,0.0,0.0
241.66666666666666,0.26105555555555554,0.0,0.0,0.0,0.0
242.0,0.2624666666666666,0.0,0.0,0.0,0.0
242.33333333333331,0.26387777777777777,0.0,0.0,0.0,0.0
242.66666666666666,0.2652888888888889,0.0,0.0,0.0,0.0
243.0,0.2667,0.0,0.0,0.0,0.0
243.33333333333331,0.26811111111111113,0.0,0.0,0.0,0.0
243.66666666666666,0.26952222222222216,0.0,0.0,0.0,0.0
244.0,0.2709333333333333,0.0,0.0,0.0,0.0
244.33333333333331,0.2723444444444444,0.0,0.0,0.0,0.0
244.66666666666666,0.27375555555555553,0.0,0.0,0.0,0.0
244.99999999999997,0.27516666666666667,0.0,0.0,0.0,0.0
245.33333333333331,0.27657777777777776,0.0,0.0,0.0,0.0
245.66666666666666,0.2779888888888889,0.0,0.0,0.0,0.0
245.99999999999997,0.2794,0.0,0.0,0.0,0.0
246.33333333333331,0.28081111111111107,0.0,0.0,0.0,0.0
246.66666666666663,0.2822222222222222,0.0,0.0,0.0,0.0
246.99999999999997,0.2836333333333333,0.0,0.0,0.0,0.0
247.33333333333331,0.28504444444444443,0.0,0.0,0.0,0.0
247.66666666666669,0.2864555555555555,0.0,0.0,0.0,0.0
248.00000000000003,0.28786666666666666,0.0,0.0,0.0,0.0
248.33333333333337,0.2892777777777778,0.0,0.0,0.0,0.0
248.66666666666669,0.2906888888888889,0.0,0.0,0.0,0.0
249.00000000000003,0.2921,0.0,0.0,0.0,0.0
249.33333333333334,0.2935111111111111,0.0,0.0,0.0,0.0
249.66666666666669,0.2949222222222222,0.0,0.0,0.0,0.0
250.00000000000003,0.29633333333333334,0.0,0.0,0.0,0.0
250.33333333333334,0.2977444444444445,0.0,0.0,0.0,0.0
250.66666666666669,0.29915555555555556,0.0,0.0,0.0,0.0
251.0,0.3005666666666667,0.0,0.0,0.0,0.0
251.33333333333334,0.30197777777777784,0.0,0.0,0.0,0.0
251.66666666666669,0.30338888888888893,0.0,0.0,0.0,0.0
252.0,0.3048,0.0,0.0,0.0,0.0
252.33333333333334,0.3062111111111111,0.0,0.0,0.0,0.0
252.66666666666669,0.30762222222222224,0.0,0.0,0.0,0.0
253.0,0.3090333333333334,0.0,0.0,0.0,0.0
253.33333333333334,0.31044444444444447,0.0,0.0,0.0,0.0
253.66666666666669,0.3118555555555556,0.0,0.0,0.0,0.0
254.0,0.3132666666666667,0.0,0.0,0.0,0.0
254.33333333333334,0.31467777777777783,0.0,0.0,0.0,0.0
254.66666666666666,0.3160888888888889,0.0,0.0,0.0,0.0
255.0,0.3175,0.0,0.0,0.0,0.0
255.33333333333334,0.31891111111111115,0.0,0.0,0.0,0.0
255.66666666666666,0.32032222222222223,0.0,0.0,0.0,0.0
256.0,0.32173333333333337,0.0,0.0,0.0,0.0
256.3333333333333,0.3231444444444445,0.0,0.0,0.0,0.0
256.6666666666667,0.3245555555555556,0.0,0.0,0.0,0.0
257.0,0.3259666666666667,0.0,0.0,0.0,0.0
257.3333333333333,0.32737777777777777,0.0,0.0,0.0,0.0
257.66666666666663,0.3287888888888889,0.0,0.0,0.0,0.0
258.0,0.3302,0.0,0.0,0.0,0.0
258.3333333333333,0.33161111111111113,0.0,0.0,0.0,0.0
258.66666666666663,0.3330222222222222,0.0,0.0,0.0,0.0
259.0,0.33443333333333336,0.0,0.0,0.0,0.0
259.3333333333333,0.3358444444444445,0.0,0.0,0.0,0.0
259.66666666666663,0.3372555555555556,0.0,0.0,0.0,0.0
260.0,0.33866666666666667,0.0,0.0,0.0,0.0
260.3333333333333,0.34007777777777776,0.0,0.0,0.0,0.0
260.66666666666663,0.3414888888888889,0.0,0.0,0.0,0.0
261.0,0.34290000000000004,0.0,0.0,0.0,0.0
261.3333333333333,0.3443111111111111,0.0,0.0,0.0,0.0
261.66666666666663,0.34572222222222226,0.0,0.0,0.0,0.0
262.0,0.34713333333333335,0.0,0.0,0.0,0.0
262.3333333333333,0.3485444444444445,0.0,0.0,0.0,0.0
262.6666666666667,0.3499555555555556,0.0,0.0,0.0,0.0
263.0,0.35136666666666666,0.0,0.0,0.0,0.0
263.33333333333337,0.35277777777777775,0.0,0.0,0.0,0.0
263.6666666666667,0.3541888888888889,0.0,0.0,0.0,0.0
264.0,0.3556,0.0,0.0,0.0,0.0
264.33333333333337,0.3570111111111111,0.0,0.0,0.0,0.0
264.6666666666667,0.35842222222222225,0.0,0.0,0.0,0.0
265.0,0.35983333333333334,0.0,0.0,0.0,0.0
265.33333333333337,0.3612444444444444,0.0,0.0,0.0,0.0
265.6666666666667,0.36265555555555556,0.0,0.0,0.0,0.0
266.0,0.36406666666666665,0.0,0.0,0.0,0.0
266.33333333333337,0.36547777777777773,0.0,0.0,0.0,0.0
266.6666666666667,0.3668888888888889,0.0,0.0,0.0,0.0
267.0,0.3683,0.0,0.0,0.0,0.0
267.33333333333337,0.36971111111111116,0.0,0.0,0.0,0.0
267.6666666666667,0.37112222222222224,0.0,0.0,0.0,0.0
268.0,0.37253333333333327,0.0,0.0,0.0,0.0
268.3333333333333,0.3739444444444444,0.0,0.0,0.0,0.0
268.6666666666667,0.37535555555555555,0.0,0.0,0.0,0.0
269.0,0.3767666666666667,0.0,0.0,0.0,0.0
269.3333333333333,0.3781777777777778,0.0,0.0,0.0,0.0
269.6666666666667,0.37958888888888886,0.0,0.0,0.0,0.0
270.0,0.381,0.0,0.0,0.0,0.0
270.3333333333333,0.38241111111111115,0.0,0.0,0.0,0.0
270.6666666666667,0.38382222222222223,0.0,0.0,0.0,0.0
271.0,0.3852333333333333,0.0,0.0,0.0,0.0
271.3333333333333,0.3866444444444444,0.0,0.0,0.0,0.0
271.6666666666667,0.38805555555555554,0.0,0.0,0.0,0.0
272.0,0.3894666666666667,0.0,0.0,0.0,0.0
272.3333333333333,0.39087777777777777,0.0,0.0,0.0,0.0
272.66666666666663,0.3922888888888889,0.0,0.0,0.0,0.0
273.0,0.3937,0.0,0.0,0.0,0.0
273.3333333333333,0.39511111111111114,0.0,0.0,0.0,0.0
273.66666666666663,0.3965222222222222,0.0,0.0,0.0,0.0
274.0,0.3979333333333333,0.0,0.0,0.0,0.0
274.3333333333333,0.3993444444444444,0.0,0.0,0.0,0.0
274.66666666666663,0.40075555555555553,0.0,0.0,0.0,0.0
275.0,0.4021666666666667,0.0,0.0,0.0,0.0
275.3333333333333,0.4035777777777778,0.0,0.0,0.0,0.0
275.66666666666663,0.4049888888888889,0.0,0.0,0.0,0.0
276.0,0.40640000000000004,0.0,0.0,0.0,0.0
276.3333333333333,0.40781111111111107,0.0,0.0,0.0,0.0
276.66666666666663,0.4092222222222222,0.0,0.0,0.0,0.0
277.0,0.41063333333333335,0.0,0.0,0.0,0.0
277.3333333333333,0.41204444444444444,0.0,0.0,0.0,0.0
277.6666666666667,0.4134555555555556,0.0,0.0,0.0,0.0
278.0,0.4148666666666667,0.0,0.0,0.0,0.0
278.33333333333337,0.4162777777777778,0.0,0.0,0.0,0.0
278.6666666666667,0.41768888888888894,0.0,0.0,0.0,0.0
279.0,0.41910000000000003,0.0,0.0,0.0,0.0
279.33333333333337,0.4205111111111111,0.0,0.0,0.0,0.0
279.6666666666667,0.42192222222222225,0.0,0.0,0.0,0.0
280.0,0.4233333333333334,0.0,0.0,0.0,0.0
280.33333333333337,0.4247444444444445,0.0,0.0,0.0,0.0
280.6666666666667,0.42615555555555557,0.0,0.0,0.0,0.0
281.0,0.4275666666666667,0.0,0.0,0.0,0.0
281.33333333333337,0.42897777777777785,0.0,0.0,0.0,0.0
281.6666666666667,0.43038888888888893,0.0,0.0,0.0,0.0
282.0,0.4318000000000001,0.0,0.0,0.0,0.0
282.33333333333337,0.4332111111111111,0.0,0.0,0.0,0.0
282.6666666666667,0.43462222222222224,0.0,0.0,0.0,0.0
283.0,0.4360333333333334,0.0,0.0,0.0,0.0
283.3333333333333,0.4374444444444445,0.0,0.0,0.0,0.0
283.6666666666667,0.43885555555555567,0.0,0.0,0.0,0.0
284.0,0.4402666666666667,0.0,0.0,0.0,0.0
284.3333333333333,0.4416777777777778,0.0,0.0,0.0,0.0
284.6666666666667,0.4430888888888889,0.0,0.0,0.0,0.0
285.0,0.44449999999999995,0.0,0.0,0.0,0.0
285.3333333333333,0.4459111111111112,0.0,0.0,0.0,0.0
285.6666666666667,0.44732222222222223,0.0,0.0,0.0,0.0
286.0,0.4487333333333334,0.0,0.0,0.0,0.0
286.3333333333333,0.4501444444444445,0.0,0.0,0.0,0.0
286.6666666666667,0.45155555555555554,0.0,0.0,0.0,0.0
287.0,0.45296666666666663,0.0,0.0,0.0,0.0
287.3333333333333,0.45437777777777777,0.0,0.0,0.0,0.0
287.66666666666663,0.4557888888888889,0.0,0.0,0.0,0.0
288.0,0.45720000000000005,0.0,0.0,0.0,0.0
288.3333333333333,0.4586111111111111,0.0,0.0,0.0,0.0
288.66666666666663,0.4600222222222222,0.0,0.0,0.0,0.0
289.0,0.46143333333333336,0.0,0.0,0.0,0.0
289.3333333333333,0.4628444444444445,0.0,0.0,0.0,0.0
289.66666666666663,0.4642555555555556,0.0,0.0,0.0,0.0
290.0,0.4656666666666666,0.0,0.0,0.0,0.0
290.3333333333333,0.46707777777777776,0.0,0.0,0.0,0.0
290.66666666666663,0.4684888888888889,0.0,0.0,0.0,0.0
291.0,0.46990000000000004,0.0,0.0,0.0,0.0
291.3333333333333,0.4713111111111112,0.0,0.0,0.0,0.0
291.66666666666663,0.4727222222222222,0.0,0.0,0.0,0.0
292.0,0.47413333333333335,0.0,0.0,0.0,0.0
292.3333333333333,0.47554444444444444,0.0,0.0,0.0,0.0
292.6666666666667,0.47695555555555547,0.0,0.0,0.0,0.0
293.0,0.4783666666666667,0.0,0.0,0.0,0.0
293.33333333333337,0.47977777777777775,0.0,0.0,0.0,0.0
293.6666666666667,0.4811888888888889,0.0,0.0,0.0,0.0
294.0,0.48260000000000003,0.0,0.0,0.0,0.0
294.33333333333337,0.48401111111111106,0.0,0.0,0.0,0.0
294.6666666666667,0.4854222222222223,0.0,0.0,0.0,0.0
295.0,0.48683333333333334,0.0,0.0,0.0,0.0
295.33333333333337,0.4882444444444444,0.0,0.0,0.0,0.0
295.6666666666667,0.4896555555555556,0.0,0.0,0.0,0.0
296.0,0.4910666666666666,0.0,0.0,0.0,0.0
296.33333333333337,0.4924777777777779,0.0,0.0,0.0,0.0
296.6666666666667,0.4938888888888889,0.0,0.0,0.0,0.0
297.0,0.4953000000000001,0.0,0.0,0.0,0.0
297.33333333333337,0.49671111111111116,0.0,0.0,0.0,0.0
297.6666666666667,0.49812222222222224,0.0,0.0,0.0,0.0
298.0,0.4995333333333334,0.0,0.0,0.0,0.0
298.3333333333333,0.5009444444444445,0.0,0.0,0.0,0.0
298.6666666666667,0.5023555555555556,0.0,0.0,0.0,0.0
299.0,0.5037666666666667,0.0,0.0,0.0,0.0
299.3333333333333,0.5051777777777777,0.0,0.0,0.0,0.0
299.6666666666667,0.506588888888889,0.0,0.0,0.0,0.0
300.0,0.508,0.0,0.0,0.0,0.0
300.3333333333333,0.508,0.0,0.0,0.0,0.0
300.6666666666667,0.508,0.0,0.0,0.0,0.0
301.0,0.508,0.0,0.0,0.0,0.0
301.3333333333333,0.508,0.0,0.0,0.0,0.0
301.6666666666667,0.508,0.0,0.0,0.0,0.0
302.0,0.508,0.0,0.0,0.0,0.0
302.3333333333333,0.508,0.0,0.0,0.0,0.0
302.66666666666663,0.508,0.0,0.0,0.0,0.0
303.0,0.508,0.0,0.0,0.0,0.0
303.3333333333333,0.508,0.0,0.0,0.0,0.0
303.66666666666663,0.508,0.0,0.0,0.0,0.0
304.0,0.508,0.0,0.0,0.0,0.0
304.3333333333333,0.508,0.0,0.0,0.0,0.0
304.66666666666663,0.508,0.0,0.0,0.0,0.0
305.0,0.508,0.0,0.0,0.0,0.0
305.3333333333333,0.508,0.0,0.0,0.0,0.0
305.66666666666663,0.508,0.0,0.0,0.0,0.0
306.0,0.508,0.0,0.0,0.0,0.0
306.3333333333333,0.508,0.0,0.0,0.0,0.0
306.66666666666663,0.508,0.0,0.0,0.0,0.0
307.0,0.508,0.0,0.0,0.0,0.0
307.3333333333333,0.508,0.0,0.0,0.0,0.0
307.6666666666667,0.508,0.0,0.0,0.0,0.0
308.0,0.508,0.0,0.0,0.0,0.0
308.33333333333337,0.508,0.0,0.0,0.0,0.0
308.6666666666667,0.508,0.0,0.0,0.0,0.0
309.0,0.508,0.0,0.0,0.0,0.0
309.33333333333337,0.508,0.0,0.0,0.0,0.0
309.6666666666667,0.508,0.0,0.0,0.0,0.0
310.0,0.508,0.0,0.0,0.0,0.0
310.33333333333337,0.508,0.0,0.0,0.0,0.0
310.6666666666667,0.508,0.0,0.0,0.0,0.0
311.0,0.508,0.0,0.0,0.0,0.0
311.33333333333337,0.508,0.0,0.0,0.0,0.0
311.6666666666667,0.508,0.0,0.0,0.0,0.0
312.0,0.508,0.0,0.0,0.0,0.0
312.33333333333337,0.508,0.0,0.0,0.0,0.0
312.6666666666667,0.508,0.0,0.0,0.0,0.0
313.0,0.508,0.0,0.0,0.0,0.0
313.3333333333333,0.508,0.0,0.0,0.0,0.0
313.6666666666667,0.508,0.0,0.0,0.0,0.0
314.0,0.508,0.0,0.0,0.0,0.0
314.3333333333333,0.508,0.0,0.0,0.0,0.0
314.6666666666667,0.508,0.0,0.0,0.0,0.0
315.0,0.508,0.0,0.0,0.0,0.0
315.3333333333333,0.508,0.0,0.0,0.0,0.0
315.6666666666667,0.508,0.0,0.0,0.0,0.0
316.0,0.508,0.0,0.0,0.0,0.0
316.3333333333333,0.508,0.0,0.0,0.0,0.0
316.6666666666667,0.508,0.0,0.0,0.0,0.0
317.0,0.508,0.0,0.0,0.0,0.0
317.3333333333333,0.508,0.0,0.0,0.0,0.0
317.66666666666663,0.508,0.0,0.0,0.0,0.0
318.0,0.508,0.0,0.0,0.0,0.0
318.3333333333333,0.508,0.0,0.0,0.0,0.0
318.66666666666663,0.508,0.0,0.0,0.0,0.0
319.0,0.508,0.0,0.0,0.0,0.0
319.3333333333333,0.508,0.0,0.0,0.0,0.0
319.66666666666663,0.508,0.0,0.0,0.0,0.0
320.0,0.508,0.0,0.0,0.0,0.0
320.3333333333333,0.508,0.0,0.0,0.0,0.0
320.66666666666663,0.508,0.0,0.0,0.0,0.0
321.0,0.508,0.0,0.0,0.0,0.0
321.3333333333333,0.508,0.0,0.0,0.0,0.0
321.66666666666663,0.508,0.0,0.0,0.0,0.0
322.0,0.508,0.0,0.0,0.0,0.0
322.3333333333333,0.508,0.0,0.0,0.0,0.0
322.6666666666667,0.508,0.0,0.0,0.0,0.0
323.0,0.508,0.0,0.0,0.0,0.0
323.33333333333337,0.508,0.0,0.0,0.0,0.0
323.6666666666667,0.508,0.0,0.0,0.0,0.0
324.0,0.508,0.0,0.0,0.0,0.0
324.33333333333337,0.508,0.0,0.0,0.0,0.0
324.6666666666667,0.508,0.0,0.0,0.0,0.0
325.0,0.508,0.0,0.0,0.0,0.0
325.33333333333337,0.508,0.0,0.0,0.0,0.0
325.6666666666667,0.508,0.0,0.0,0.0,0.0
326.0,0.508,0.0,0.0,0.0,0.0
326.33333333333337,0.508,0.0,0.0,0.0,0.0
326.6666666666667,0.508,0.0,0.0,0.0,0.0
327.0,0.508,0.0,0.0,0.0,0.0
327.33333333333337,0.508,0.0,0.0,0.0,0.0
327.6666666666667,0.508,0.0,0.0,0.0,0.0
328.0,0.508,0.0,0.0,0.0,0.0
328.3333333333333,0.508,0.0,0.0,0.0,0.0
328.6666666666667,0.508,0.0,0.0,0.0,0.0
329.0,0.508,0.0,0.0,0.0,0.0
329.3333333333333,0.508,0.0,0.0,0.0,0.0
329.6666666666667,0.508,0.0,0.0,0.0,0.0
330.0,0.508,0.0,0.0,0.0,0.0
330.3333333333333,0.508,0.0,0.0,0.0,0.0
330.6666666666667,0.508,0.0,0.0,0.0,0.0
331.0,0.508,0.0,0.0,0.0,0.0
331.3333333333333,0.508,0.0,0.0,0.0,0.0
331.6666666666667,0.508,0.0,0.0,0.0,0.0
332.0,0.508,0.0,0.0,0.0,0.0
332.3333333333333,0.508,0.0,0.0,0.0,0.0
332.66666666666663,0.508,0.0,0.0,0.0,0.0
333.0,0.508,0.0,0.0,0.0,0.0
333.3333333333333,0.508,0.0,0.0,0.0,0.0
333.66666666666663,0.508,0.0,0.0,0.0,0.0
334.0,0.508,0.0,0.0,0.0,0.0
334.3333333333333,0.508,0.0,0.0,0.0,0.0
334.66666666666663,0.508,0.0,0.0,0.0,0.0
335.0,0.508,0.0,0.0,0.0,0.0
335.3333333333333,0.508,0.0,0.0,0.0,0.0
335.66666666666663,0.508,0.0,0.0,0.0,0.0
336.0,0.508,0.0,0.0,0.0,0.0
336.3333333333333,0.508,0.0,0.0,0.0,0.0
336.66666666666663,0.508,0.0,0.0,0.0,0.0
337.0,0.508,0.0,0.0,0.0,0.0
337.3333333333333,0.508,0.0,0.0,0.0,0.0
337.6666666666667,0.508,0.0,0.0,0.0,0.0
338.0,0.508,0.0,0.0,0.0,0.0
338.33333333333337,0.508,0.0,0.0,0.0,0.0
338.6666666666667,0.508,0.0,0.0,0.0,0.0
339.0,0.508,0.0,0.0,0.0,0.0
339.33333333333337,0.508,0.0,0.0,0.0,0.0
339.6666666666667,0.508,0.0,0.0,0.0,0.0
340.0,0.508,0.0,0.0,0.0,0.0
340.33333333333337,0.508,0.0,0.0,0.0,0.0
340.6666666666667,0.508,0.0,0.0,0.0,0.0
341.0,0.508,0.0,0.0,0.0,0.0
341.33333333333337,0.508,0.0,0.0,0.0,0.0
341.6666666666667,0.508,0.0,0.0,0.0,0.0
342.0,0.508,0.0,0.0,0.0,0.0
342.33333333333337,0.508,0.0,0.0,0.0,0.0
342.6666666666667,0.508,0.0,0.0,0.0,0.0
343.0,0.508,0.0,0.0,0.0,0.0
343.3333333333333,0.508,0.0,0.0,0.0,0.0
343.6666666666667,0.508,0.0,0.0,0.0,0.0
344.0,0.508,0.0,0.0,0.0,0.0
344.3333333333333,0.508,0.0,0.0,0.0,0.0
344.6666666666667,0.508,0.0,0.0,0.0,0.0
345.0,0.508,0.0,0.0,0.0,0.0
345.3333333333333,0.508,0.0,0.0,0.0,0.0
345.6666666666667,0.508,0.0,0.0,0.0,0.0
346.0,0.508,0.0,0.0,0.0,0.0
346.3333333333333,0.508,0.0,0.0,0.0,0.0
346.6666666666667,0.508,0.0,0.0,0.0,0.0
347.0,0.508,0.0,0.0,0.0,0.0
347.3333333333333,0.508,0.0,0.0,0.0,0.0
347.66666666666663,0.508,0.0,0.0,0.0,0.0
348.0,0.508,0.0,0.0,0.0,0.0
348.3333333333333,0.508,0.0,0.0,0.0,0.0
348.66666666666663,0.508,0.0,0.0,0.0,0.0
349.0,0.508,0.0,0.0,0.0,0.0
349.3333333333333,0.508,0.0,0.0,0.0,0.0
349.66666666666663,0.508,0.0,0.0,0.0,0.0
350.0,0.508,0.0,0.0,0.0,0.0
350.3333333333333,0.508,0.0,0.0,0.0,0.0
350.66666666666663,0.508,0.0,0.0,0.0,0.0
351.0,0.508,0.0,0.0,0.0,0.0
351.3333333333333,0.508,0.0,0.0,0.0,0.0
351.66666666666663,0.508,0.0,0.0,0.0,0.0
352.0,0.508,0.0,0.0,0.0,0.0
352.3333333333333,0.508,0.0,0.0,0.0,0.0
352.6666666666667,0.508,0.0,0.0,0.0,0.0
353.0,0.508,0.0,0.0,0.0,0.0
353.33333333333337,0.508,0.0,0.0,0.0,0.0
353.6666666666667,0.508,0.0,0.0,0.0,0.0
354.0,0.508,0.0,0.0,0.0,0.0
354.33333333333337,0.508,0.0,0.0,0.0,0.0
354.6666666666667,0.508,0.0,0.0,0.0,0.0
355.0,0.508,0.0,0.0,0.0,0.0
355.33333333333337,0.508,0.0,0.0,0.0,0.0
355.6666666666667,0.508,0.0,0.0,0.0,0.0
356.0,0.508,0.0,0.0,0.0,0.0
356.33333333333337,0.508,0.0,0.0,0.0,0.0
356.6666666666667,0.508,0.0,0.0,0.0,0.0
357.0,0.508,0.0,0.0,0.0,0.0
357.33333333333337,0.508,0.0,0.0,0.0,0.0
357.6666666666667,0.508,0.0,0.0,0.0,0.0
358.0,0.508,0.0,0.0,0.0,0.0
358.3333333333333,0.508,0.0,0.0,0.0,0.0
358.6666666666667,0.508,0.0,0.0,0.0,0.0
359.0,0.508,0.0,0.0,0.0,0.0
359.3333333333333,0.508,0.0,0.0,0.0,0.0
359.6666666666667,0.508,0.0,0.0,0.0,0.0
360.0,0.508,0.0,0.0,0.0,0.0
360.3333333333333,0.508,0.0,0.0,0.0,0.0
360.6666666666667,0.508,0.0,0.0,0.0,0.0
361.0,0.508,0.0,0.0,0.0,0.0
361.3333333333333,0.508,0.0,0.0,0.0,0.0
361.6666666666667,0.508,0.0,0.0,0.0,0.0
362.0,0.508,0.0,0.0,0.0,0.0
362.3333333333333,0.508,0.0,0.0,0.0,0.0
362.66666666666663,0.508,0.0,0.0,0.0,0.0
363.0,0.508,0.0,0.0,0.0,0.0
363.3333333333333,0.508,0.0,0.0,0.0,0.0
363.66666666666663,0.508,0.0,0.0,0.0,0.0
364.0,0.508,0.0,0.0,0.0,0.0
364.3333333333333,0.508,0.0,0.0,0.0,0.0
364.66666666666663,0.508,0.0,0.0,0.0,0.0
365.0,0.508,0.0,0.0,0.0,0.0
365.3333333333333,0.508,0.0,0.0,0.0,0.0
365.66666666666663,0.508,0.0,0.0,0.0,0.0
366.0,0.508,0.0,0.0,0.0,0.0
366.3333333333333,0.508,0.0,0.0,0.0,0.0
366.66666666666663,0.508,0.0,0.0,0.0,0.0
367.0,0.508,0.0,0.0,0.0,0.0
367.3333333333333,0.508,0.0,0.0,0.0,0.0
367.6666666666667,0.508,0.0,0.0,0.0,0.0
368.0,0.508,0.0,0.0,0.0,0.0
368.33333333333337,0.508,0.0,0.0,0.0,0.0
368.6666666666667,0.508,0.0,0.0,0.0,0.0
369.0,0.508,0.0,0.0,0.0,0.0
369.33333333333337,0.508,0.0,0.0,0.0,0.0
369.6666666666667,0.508,0.0,0.0,0.0,0.0
370.0,0.508,0.0,0.0,0.0,0.0
370.33333333333337,0.508,0.0,0.0,0.0,0.0
370.6666666666667,0.508,0.0,0.0,0.0,0.0
371.0,0.508,0.0,0.0,0.0,0.0
371.33333333333337,0.508,0.0,0.0,0.0,0.0
371.6666666666667,0.508,0.0,0.0,0.0,0.0
372.0,0.508,0.0,0.0,0.0,0.0
372.33333333333337,0.508,0.0,0.0,0.0,0.0
372.6666666666667,0.508,0.0,0.0,0.0,0.0
373.0,0.508,0.0,0.0,0.0,0.0
373.3333333333333,0.508,0.0,0.0,0.0,0.0
373.6666666666667,0.508,0.0,0.0,0.0,0.0
374.0,0.508,0.0,0.0,0.0,0.0
374.3333333333333,0.508,0.0,0.0,0.0,0.0
374.6666666666667,0.508,0.0,0.0,0.0,0.0
375.0,0.508,0.0,0.0,0.0,0.0
375.3333333333333,0.508,0.0,0.0,0.0,0.0
375.6666666666667,0.508,0.0,0.0,0.0,0.0
376.0,0.508,0.0,0.0,0.0,0.0
376.3333333333333,0.508,0.0,0.0,0.0,0.0
376.6666666666667,0.508,0.0,0.0,0.0,0.0
377.0,0.508,0.0,0.0,0.0,0.0
377.3333333333333,0.508,0.0,0.0,0.0,0.0
377.66666666666663,0.508,0.0,0.0,0.0,0.0
378.0,0.508,0.0,0.0,0.0,0.0
378.3333333333333,0.508,0.0,0.0,0.0,0.0
378.66666666666663,0.508,0.0,0.0,0.0,0.0
379.0,0.508,0.0,0.0,0.0,0.0
379.3333333333333,0.508,0.0,0.0,0.0,0.0
379.66666666666663,0.508,0.0,0.0,0.0,0.0
380.0,0.508,0.0,0.0,0.0,0.0
380.3333333333333,0.508,0.0,0.0,0.0,0.0
380.66666666666663,0.508,0.0,0.0,0.0,0.0
381.0,0.508,0.0,0.0,0.0,0.0
381.3333333333333,0.508,0.0,0.0,0.0,0.0
381.66666666666663,0.508,0.0,0.0,0.0,0.0
382.0,0.508,0.0,0.0,0.0,0.0
382.3333333333333,0.508,0.0,0.0,0.0,0.0
382.6666666666667,0.508,0.0,0.0,0.0,0.0
383.0,0.508,0.0,0.0,0.0,0.0
383.33333333333337,0.508,0.0,0.0,0.0,0.0
383.6666666666667,0.508,0.0,0.0,0.0,0.0
384.0,0.508,0.0,0.0,0.0,0.0
384.33333333333337,0.508,0.0,0.0,0.0,0.0
384.6666666666667,0.508,0.0,0.0,0.0,0.0
385.0,0.508,0.0,0.0,0.0,0.0
385.33333333333337,0.508,0.0,0.0,0.0,0.0
385.6666666666667,0.508,0.0,0.0,0.0,0.0
386.0,0.508,0.0,0.0,0.0,0.0
386.33333333333337,0.508,0.0,0.0,0.0,0.0
386.6666666666667,0.508,0.0,0.0,0.0,0.0
387.0,0.508,0.0,0.0,0.0,0.0
387.33333333333337,0.508,0.0,0.0,0.0,0.0
387.6666666666667,0.508,0.0,0.0,0.0,0.0
388.0,0.508,0.0,0.0,0.0,0.0
388.3333333333333,0.508,0.0,0.0,0.0,0.0
388.6666666666667,0.508,0.0,0.0,0.0,0.0
389.0,0.508,0.0,0.0,0.0,0.0
389.3333333333333,0.508,0.0,0.0,0.0,0.0
389.6666666666667,0.508,0.0,0.0,0.0,0.0
390.0,0.508,0.0,0.0,0.0,0.0
390.3333333333333,0.508,0.0,0.0,0.0,0.0
390.6666666666667,0.508,0.0,0.0,0.0,0.0
391.0,0.508,0.0,0.0,0.0,0.0
391.3333333333333,0.508,0.0,0.0,0.0,0.0
391.6666666666667,0.508,0.0,0.0,0.0,0.0
392.0,0.508,0.0,0.0,0.0,0.0
392.3333333333333,0.508,0.0,0.0,0.0,0.0
392.66666666666663,0.508,0.0,0.0,0.0,0.0
393.0,0.508,0.0,0.0,0.0,0.0
393.3333333333333,0.508,0.0,0.0,0.0,0.0
393.66666666666663,0.508,0.0,0.0,0.0,0.0
394.0,0.508,0.0,0.0,0.0,0.0
394.3333333333333,0.508,0.0,0.0,0.0,0.0
394.66666666666663,0.508,0.0,0.0,0.0,0.0
395.0,0.508,0.0,0.0,0.0,0.0
395.3333333333333,0.508,0.0,0.0,0.0,0.0
395.66666666666663,0.508,0.0,0.0,0.0,0.0
396.0,0.508,0.0,0.0,0.0,0.0
396.3333333333333,0.508,0.0,0.0,0.0,0.0
396.66666666666663,0.508,0.0,0.0,0.0,0.0
397.0,0.508,0.0,0.0,0.0,0.0
397.3333333333333,0.508,0.0,0.0,0.0,0.0
397.6666666666667,0.508,0.0,0.0,0.0,0.0
398.0,0.508,0.0,0.0,0.0,0.0
398.33333333333337,0.508,0.0,0.0,0.0,0.0
398.6666666666667,0.508,0.0,0.0,0.0,0.0
399.0,0.508,0.0,0.0,0.0,0.0
399.33333333333337,0.508,0.0,0.0,0.0,0.0
399.6666666666667,0.508,0.0,0.0,0.0,0.0
400.0,0.508,0.0,0.0,0.0,0.0
400.33333333333337,0.508,0.0,0.0,0.0,0.0
400.6666666666667,0.508,0.0,0.0,0.0,0.0
401.0,0.508,0.0,0.0,0.0,0.0
401.33333333333337,0.508,0.0,0.0,0.0,0.0
401.6666666666667,0.508,0.0,0.0,0.0,0.0
402.0,0.508,0.0,0.0,0.0,0.0
402.33333333333337,0.508,0.0,0.0,0.0,0.0
402.6666666666667,0.508,0.0,0.0,0.0,0.0
403.0,0.508,0.0,0.0,0.0,0.0
403.3333333333333,0.508,0.0,0.0,0.0,0.0
403.6666666666667,0.508,0.0,0.0,0.0,0.0
404.0,0.508,0.0,0.0,0.0,0.0
404.3333333333333,0.508,0.0,0.0,0.0,0.0
404.6666666666667,0.508,0.0,0.0,0.0,0.0
405.0,0.508,0.0,0.0,0.0,0.0
405.3333333333333,0.508,0.0,0.0,0.0,0.0
405.6666666666667,0.508,0.0,0.0,0.0,0.0
406.0,0.508,0.0,0.0,0.0,0.0
406.3333333333333,0.508,0.0,0.0,0.0,0.0
406.6666666666667,0.508,0.0,0.0,0.0,0.0
407.0,0.508,0.0,0.0,0.0,0.0
407.3333333333333,0.508,0.0,0.0,0.0,0.0
407.66666666666663,0.508,0.0,0.0,0.0,0.0
408.0,0.508,0.0,0.0,0.0,0.0
408.3333333333333,0.508,0.0,0.0,0.0,0.0
408.66666666666663,0.508,0.0,0.0,0.0,0.0
409.0,0.508,0.0,0.0,0.0,0.0
409.3333333333333,0.508,0.0,0.0,0.0,0.0
409.66666666666663,0.508,0.0,0.0,0.0,0.0
410.0,0.508,0.0,0.0,0.0,0.0
410.3333333333333,0.508,0.0,0.0,0.0,0.0
410.66666666666663,0.508,0.0,0.0,0.0,0.0
411.0,0.508,0.0,0.0,0.0,0.0
411.3333333333333,0.508,0.0,0.0,0.0,0.0
411.66666666666663,0.508,0.0,0.0,0.0,0.0
412.0,0.508,0.0,0.0,0.0,0.0
412.3333333333333,0.508,0.0,0.0,0.0,0.0
412.6666666666667,0.508,0.0,0.0,0.0,0.0
413.0,0.508,0.0,0.0,0.0,0.0
413.33333333333337,0.508,0.0,0.0,0.0,0.0
413.6666666666667,0.508,0.0,0.0,0.0,0.0
414.0,0.508,0.0,0.0,0.0,0.0
414.33333333333337,0.508,0.0,0.0,0.0,0.0
414.6666666666667,0.508,0.0,0.0,0.0,0.0
415.0,0.508,0.0,0.0,0.0,0.0
415.33333333333337,0.508,0.0,0.0,0.0,0.0
415.6666666666667,0.508,0.0,0.0,0.0,0.0
416.0,0.508,0.0,0.0,0.0,0.0
416.33333333333337,0.508,0.0,0.0,0.0,0.0
416.6666666666667,0.508,0.0,0.0,0.0,0.0
417.0,0.508,0.0,0.0,0.0,0.0
417.33333333333337,0.508,0.0,0.0,0.0,0.0
417.6666666666667,0.508,0.0,0.0,0.0,0.0
418.0,0.508,0.0,0.0,0.0,0.0
418.3333333333333,0.508,0.0,0.0,0.0,0.0
418.6666666666667,0.508,0.0,0.0,0.0,0.0
419.0,0.508,0.0,0.0,0.0,0.0
419.3333333333333,0.508,0.0,0.0,0.0,0.0
419.6666666666667,0.508,0.0,0.0,0.0,0.0
420.0,0.508,0.0,0.0,0.0,0.0
420.3333333333333,0.508,0.0,0.0,0.0,0.0
420.6666666666667,0.508,0.0,0.0,0.0,0.0
421.0,0.508,0.0,0.0,0.0,0.0
421.3333333333333,0.508,0.0,0.0,0.0,0.0
421.6666666666667,0.508,0.0,0.0,0.0,0.0
422.0,0.508,0.0,0.0,0.0,0.0
422.3333333333333,0.508,0.0,0.0,0.0,0.0
422.66666666666663,0.508,0.0,0.0,0.0,0.0
423.0,0.508,0.0,0.0,0.0,0.0
423.3333333333333,0.508,0.0,0.0,0.0,0.0
423.66666666666663,0.508,0.0,0.0,0.0,0.0
424.0,0.508,0.0,0.0,0.0,0.0
424.3333333333333,0.508,0.0,0.0,0.0,0.0
424.66666666666663,0.508,0.0,0.0,0.0,0.0
425.0,0.508,0.0,0.0,0.0,0.0
425.3333333333333,0.508,0.0,0.0,0.0,0.0
425.66666666666663,0.508,0.0,0.0,0.0,0.0
426.0,0.508,0.0,0.0,0.0,0.0
426.3333333333333,0.508,0.0,0.0,0.0,0.0
426.66666666666663,0.508,0.0,0.0,0.0,0.0
427.0,0.508,0.0,0.0,0.0,0.0
427.3333333333333,0.508,0.0,0.0,0.0,0.0
427.6666666666667,0.508,0.0,0.0,0.0,0.0
428.0,0.508,0.0,0.0,0.0,0.0
428.33333333333337,0.508,0.0,0.0,0.0,0.0
428.6666666666667,0.508,0.0,0.0,0.0,0.0
429.0,0.508,0.0,0.0,0.0,0.0
429.33333333333337,0.508,0.0,0.0,0.0,0.0
429.6666666666667,0.508,0.0,0.0,0.0,0.0
430.0,0.508,0.0,0.0,0.0,0.0
430.33333333333337,0.508,0.0,0.0,0.0,0.0
430.6666666666667,0.508,0.0,0.0,0.0,0.0
431.0,0.508,0.0,0.0,0.0,0.0
431.33333333333337,0.508,0.0,0.0,0.0,0.0
431.6666666666667,0.508,0.0,0.0,0.0,0.0
432.0,0.508,0.0,0.0,0.0,0.0
432.33333333333337,0.508,0.0,0.0,0.0,0.0
432.6666666666667,0.508,0.0,0.0,0.0,0.0
433.0,0.508,0.0,0.0,0.0,0.0
433.3333333333333,0.508,0.0,0.0,0.0,0.0
433.6666666666667,0.508,0.0,0.0,0.0,0.0
434.0,0.508,0.0,0.0,0.0,0.0
434.3333333333333,0.508,0.0,0.0,0.0,0.0
434.6666666666667,0.508,0.0,0.0,0.0,0.0
435.0,0.508,0.0,0.0,0.0,0.0
435.3333333333333,0.508,0.0,0.0,0.0,0.0
435.6666666666667,0.508,0.0,0.0,0.0,0.0
436.0,0.508,0.0,0.0,0.0,0.0
436.3333333333333,0.508,0.0,0.0,0.0,0.0
436.6666666666667,0.508,0.0,0.0,0.0,0.0
437.0,0.508,0.0,0.0,0.0,0.0
437.3333333333333,0.508,0.0,0.0,0.0,0.0
437.66666666666663,0.508,0.0,0.0,0.0,0.0
438.0,0.508,0.0,0.0,0.0,0.0
438.3333333333333,0.508,0.0,0.0,0.0,0.0
438.66666666666663,0.508,0.0,0.0,0.0,0.0
439.0,0.508,0.0,0.0,0.0,0.0
439.3333333333333,0.508,0.0,0.0,0.0,0.0
439.66666666666663,0.508,0.0,0.0,0.0,0.0
440.0,0.508,0.0,0.0,0.0,0.0
440.3333333333333,0.508,0.0,0.0,0.0,0.0
440.66666666666663,0.508,0.0,0.0,0.0,0.0
441.0,0.508,0.0,0.0,0.0,0.0
441.3333333333333,0.508,0.0,0.0,0.0,0.0
441.66666666666663,0.508,0.0,0.0,0.0,0.0
442.0,0.508,0.0,0.0,0.0,0.0
442.3333333333333,0.508,0.0,0.0,0.0,0.0
442.6666666666667,0.508,0.0,0.0,0.0,0.0
443.0,0.508,0.0,0.0,0.0,0.0
443.33333333333337,0.508,0.0,0.0,0.0,0.0
443.6666666666667,0.508,0.0,0.0,0.0,0.0
444.0,0.508,0.0,0.0,0.0,0.0
444.33333333333337,0.508,0.0,0.0,0.0,0.0
444.6666666666667,0.508,0.0,0.0,0.0,0.0
445.0,0.508,0.0,0.0,0.0,0.0
445.33333333333337,0.508,0.0,0.0,0.0,0.0
445.6666666666667,0.508,0.0,0.0,0.0,0.0
446.0,0.508,0.0,0.0,0.0,0.0
446.33333333333337,0.508,0.0,0.0,0.0,0.0
446.6666666666667,0.508,0.0,0.0,0.0,0.0
447.0,0.508,0.0,0.0,0.0,0.0
447.33333333333337,0.508,0.0,0.0,0.0,0.0
447.6666666666667,0.508,0.0,0.0,0.0,0.0
448.0,0.508,0.0,0.0,0.0,0.0
448.3333333333333,0.508,0.0,0.0,0.0,0.0
448.6666666666667,0.508,0.0,0.0,0.0,0.0
449.0,0.508,0.0,0.0,0.0,0.0
449.3333333333333,0.508,0.0,0.0,0.0,0.0
449.6666666666667,0.508,0.0,0.0,0.0,0.0
450.0,0.508,0.0,0.0,0.0,0.0
450.3333333333333,0.508,0.0,0.0,0.0,0.0
450.6666666666667,0.508,0.0,0.0,0.0,0.0
451.0,0.508,0.0,0.0,0.0,0.0
451.3333333333333,0.508,0.0,0.0,0.0,0.0
451.6666666666667,0.508,0.0,0.0,0.0,0.0
452.0,0.508,0.0,0.0,0.0,0.0
452.3333333333333,0.508,0.0,0.0,0.0,0.0
452.66666666666663,0.508,0.0,0.0,0.0,0.0
453.0,0.508,0.0,0.0,0.0,0.0
453.3333333333333,0.508,0.0,0.0,0.0,0.0
453.66666666666663,0.508,0.0,0.0,0.0,0.0
454.0,0.508,0.0,0.0,0.0,0.0
454.3333333333333,0.508,0.0,0.0,0.0,0.0
454.66666666666663,0.508,0.0,0.0,0.0,0.0
455.0,0.508,0.0,0.0,0.0,0.0
455.3333333333333,0.508,0.0,0.0,0.0,0.0
455.66666666666663,0.508,0.0,0.0,0.0,0.0
456.0,0.508,0.0,0.0,0.0,0.0
456.3333333333333,0.508,0.0,0.0,0.0,0.0
456.66666666666663,0.508,0.0,0.0,0.0,0.0
457.0,0.508,0.0,0.0,0.0,0.0
457.3333333333333,0.508,0.0,0.0,0.0,0.0
457.6666666666667,0.508,0.0,0.0,0.0,0.0
458.0,0.508,0.0,0.0,0.0,0.0
458.33333333333337,0.508,0.0,0.0,0.0,0.0
458.6666666666667,0.508,0.0,0.0,0.0,0.0
459.0,0.508,0.0,0.0,0.0,0.0
459.33333333333337,0.508,0.0,0.0,0.0,0.0
459.6666666666667,0.508,0.0,0.0,0.0,0.0
460.0,0.508,0.0,0.0,0.0,0.0
460.33333333333337,0.508,0.0,0.0,0.0,0.0
460.6666666666667,0.508,0.0,0.0,0.0,0.0
461.0,0.508,0.0,0.0,0.0,0.0
461.33333333333337,0.508,0.0,0.0,0.0,0.0
461.6666666666667,0.508,0.0,0.0,0.0,0.0
462.0,0.508,0.0,0.0,0.0,0.0
462.33333333333337,0.508,0.0,0.0,0.0,0.0
462.6666666666667,0.508,0.0,0.0,0.0,0.0
463.0,0.508,0.0,0.0,0.0,0.0
463.3333333333333,0.508,0.0,0.0,0.0,0.0
463.6666666666667,0.508,0.0,0.0,0.0,0.0
464.0,0.508,0.0,0.0,0.0,0.0
464.3333333333333,0.508,0.0,0.0,0.0,0.0
464.6666666666667,0.508,0.0,0.0,0.0,0.0
465.0,0.508,0.0,0.0,0.0,0.0
465.3333333333333,0.508,0.0,0.0,0.0,0.0
465.6666666666667,0.508,0.0,0.0,0.0,0.0
466.0,0.508,0.0,0.0,0.0,0.0
466.3333333333333,0.508,0.0,0.0,0.0,0.0
466.6666666666667,0.508,0.0,0.0,0.0,0.0
467.0,0.508,0.0,0.0,0.0,0.0
467.3333333333333,0.508,0.0,0.0,0.0,0.0
467.66666666666663,0.508,0.0,0.0,0.0,0.0
468.0,0.508,0.0,0.0,0.0,0.0
468.3333333333333,0.508,0.0,0.0,0.0,0.0
468.66666666666663,0.508,0.0,0.0,0.0,0.0
469.0,0.508,0.0,0.0,0.0,0.0
469.3333333333333,0.508,0.0,0.0,0.0,0.0
469.66666666666663,0.508,0.0,0.0,0.0,0.0
470.0,0.508,0.0,0.0,0.0,0.0
470.3333333333333,0.508,0.0,0.0,0.0,0.0
470.66666666666663,0.508,0.0,0.0,0.0,0.0
471.0,0.508,0.0,0.0,0.0,0.0
471.3333333333333,0.508,0.0,0.0,0.0,0.0
471.66666666666663,0.508,0.0,0.0,0.0,0.0
472.0,0.508,0.0,0.0,0.0,0.0
472.3333333333333,0.508,0.0,0.0,0.0,0.0
472.6666666666667,0.508,0.0,0.0,0.0,0.0
473.0,0.508,0.0,0.0,0.0,0.0
473.33333333333337,0.508,0.0,0.0,0.0,0.0
473.6666666666667,0.508,0.0,0.0,0.0,0.0
474.0,0.508,0.0,0.0,0.0,0.0
474.33333333333337,0.508,0.0,0.0,0.0,0.0
474.6666666666667,0.508,0.0,0.0,0.0,0.0
475.0,0.508,0.0,0.0,0.0,0.0
475.33333333333337,0.508,0.0,0.0,0.0,0.0
475.6666666666667,0.508,0.0,0.0,0.0,0.0
476.0,0.508,0.0,0.0,0.0,0.0
476.33333333333337,0.508,0.0,0.0,0.0,0.0
476.6666666666667,0.508,0.0,0.0,0.0,0.0
477.0,0.508,0.0,0.0,0.0,0.0
477.33333333333337,0.508,0.0,0.0,0.0,0.0
477.6666666666667,0.508,0.0,0.0,0.0,0.0
478.0,0.508,0.0,0.0,0.0,0.0
478.3333333333333,0.508,0.0,0.0,0.0,0.0
478.6666666666667,0.508,0.0,0.0,0.0,0.0
479.0,0.508,0.0,0.0,0.0,0.0
479.3333333333333,0.508,0.0,0.0,0.0,0.0
479.6666666666667,0.508,0.0,0.0,0.0,0.0
480.0,0.508,0.0,0.0,0.0,0.0
480.33333333333337,0.5164666666666666,0.0,0.0,0.0,0.0
480.6666666666667,0.5249333333333334,0.0,0.0,0.0,0.0
481.00000000000006,0.5334,0.0,0.0,0.0,0.0
481.3333333333333,0.5418666666666666,0.0,0.0,0.0,0.0
481.66666666666674,0.5503333333333333,0.0,0.0,0.0,0.0
482.0,0.5588,0.0,0.0,0.0,0.0
482.33333333333337,0.5672666666666666,0.0,0.0,0.0,0.0
482.66666666666663,0.5757333333333333,0.0,0.0,0.0,0.0
483.00000000000006,0.5842,0.0,0.0,0.0,0.0
483.3333333333333,0.5926666666666667,0.0,0.0,0.0,0.0
483.6666666666667,0.6011333333333334,0.0,0.0,0.0,0.0
484.0,0.6096,0.0,0.0,0.0,0.0
484.33333333333337,0.6180666666666668,0.0,0.0,0.0,0.0
484.66666666666663,0.6265333333333334,0.0,0.0,0.0,0.0
485.00000000000006,0.635,0.0,0.0,0.0,0.0
485.3333333333333,0.6434666666666667,0.0,0.0,0.0,0.0
485.6666666666667,0.6519333333333334,0.0,0.0,0.0,0.0
486.0,0.6604,0.0,0.0,0.0,0.0
486.33333333333337,0.6688666666666667,0.0,0.0,0.0,0.0
486.66666666666663,0.6773333333333333,0.0,0.0,0.0,0.0
487.0,0.6858000000000001,0.0,0.0,0.0,0.0
487.3333333333333,0.6942666666666667,0.0,0.0,0.0,0.0
487.6666666666667,0.7027333333333333,0.00011235387620267545,0.0,0.0,0.0
488.0,0.7112,0.00046037788581365646,0.0,0.0,0.0
488.33333333333337,0.7196666666666667,0.0008084019953447097,0.0,0.0,0.0
488.66666666666663,0.7281333333333334,0.0011564260549157268,0.0,0.0,0.0
489.0,0.7366,0.0015044499646066356,0.0,0.0,0.0
489.3333333333333,0.7450666666666667,0.0018524739742176166,0.0,0.0,0.0
489.6666666666667,0.7535333333333334,0.002200498183668742,0.0,0.0,0.0
489.99999999999994,0.762,0.002548522193279723,0.0,0.0,0.0
490.33333333333337,0.7704666666666666,0.002896544404329404,0.0,0.0,0.0
490.66666666666663,0.7789333333333334,0.0032445682141002408,0.0,0.0,0.0
491.0,0.7874,0.0035925922237112218,0.0,0.0,0.0
491.3333333333333,0.7958666666666666,0.003940615833641914,0.0,0.0,0.0
491.6666666666667,0.8043333333333333,0.004288640242933184,0.0,0.0,0.0
491.99999999999994,0.8128000000000001,0.0046366650519047425,0.0,0.0,0.0
492.33333333333337,0.8212666666666667,0.004984688661835435,0.0,0.0,0.0
492.66666666666663,0.8297333333333334,0.005332709873684394,0.0,0.0,0.0
493.0,0.8382000000000001,0.00568073548201653,0.0,0.0,0.0
493.33333333333326,0.8466666666666668,0.006028757493226067,0.0,0.0,0.0
493.6666666666667,0.8551333333333334,0.006376781902517337,0.0,0.0,0.0
493.99999999999994,0.8636000000000001,0.006724807111169184,0.0,0.0,0.0
494.3333333333333,0.8720666666666668,0.007072828722698432,0.0,0.0,0.0
494.66666666666663,0.8805333333333334,0.007420855130391146,0.0,0.0,0.0
495.0,0.8890000000000001,0.007768879140002127,0.0,0.0,0.0
495.33333333333337,0.8974666666666667,0.008116900751531375,0.0,0.0,0.0
495.6666666666667,0.9059333333333335,0.008464925560502934,0.0,0.0,0.0
496.00000000000006,0.9144000000000001,0.008812952767556226,0.0,0.0,0.0
496.3333333333333,0.9228666666666667,0.009160974379085474,0.0,0.0,0.0
496.66666666666674,0.9313333333333332,0.009508995191254144,0.0,0.0,0.0
497.0,0.9398000000000001,0.009857018401504547,0.0,0.0,0.0
497.33333333333337,0.9482666666666669,0.010205043210476106,0.0,0.0,0.0
497.66666666666663,0.9567333333333334,0.010553066420726509,0.0,0.0,0.0
498.00000000000006,0.9652000000000001,0.010901091229698068,0.0,0.0,0.0
498.3333333333333,0.9736666666666667,0.011249115239309049,0.0,0.0,0.0
498.6666666666667,0.9821333333333334,0.011597137650198874,0.0,0.0,0.0
499.0,0.9906000000000001,0.011945161659809855,0.0,0.0,0.0
499.33333333333337,0.9990666666666668,0.01229318806750257,0.0,0.0,0.0
499.66666666666663,1.0075333333333334,0.012641208080310662,0.0,0.0,0.0
500.00000000000006,1.016,0.01298923288928222,0.0,0.0,0.0
500.3333333333333,1.0244666666666666,0.013337255300172046,0.0,0.0,0.0
500.6666666666667,1.0329333333333333,0.013685286504028227,0.0,0.0,0.0
501.0,1.0414000000000003,0.014033305717475741,0.0,0.0,0.0
501.33333333333337,1.0498666666666667,0.014381326529644411,0.0,0.0,0.0
501.66666666666663,1.0583333333333333,0.014729352137976548,0.0,0.0,0.0
502.0,1.0668,0.015077372950145218,0.0,0.0,0.0
502.3333333333333,1.0752666666666668,0.015425403354640821,0.0,0.0,0.0
502.6666666666667,1.0837333333333332,0.015773425765530646,0.0,0.0,0.0
503.0,1.0922000000000003,0.016121448176420472,0.0,0.0,0.0
503.33333333333337,1.1006666666666667,0.016469470587310298,0.0,0.0,0.0
503.66666666666663,1.1091333333333333,0.01681749459692128,0.0,0.0,0.0
504.0,1.1176,0.017165523402695726,0.0,0.0,0.0
504.3333333333333,1.1260666666666668,0.017513541017422085,0.0,0.0,0.0
504.6666666666667,1.1345333333333334,0.017861565027033066,0.0,0.0,0.0
504.99999999999994,1.1430000000000002,0.018209592234086358,0.0,0.0,0.0
505.33333333333337,1.1514666666666666,0.018557617842418495,0.0,0.0,0.0
505.66666666666663,1.1599333333333333,0.018905635457144854,0.0,0.0,0.0
506.0,1.1684,0.01925366106547699,0.0,0.0,0.0
506.3333333333333,1.176866666666667,0.019601686673809127,0.0,0.0,0.0
506.6666666666667,1.1853333333333333,0.019949704288535486,0.0,0.0,0.0
506.99999999999994,1.1938,0.0202977378904734,0.0,0.0,0.0
507.33333333333337,1.2022666666666668,0.02064575550519976,0.0,0.0,0.0
507.66666666666663,1.2107333333333334,0.02099378271225305,0.0,0.0,0.0
508.0,1.2192,0.02134180352442172,0.0,0.0,0.0
508.33333333333326,1.227666666666667,0.02168982433659039,0.0,0.0,0.0
508.6666666666667,1.2361333333333335,0.022037854741085994,0.0,0.0,0.0
508.99999999999994,1.2446,0.02238587715197582,0.0,0.0,0.0
509.3333333333333,1.2530666666666668,0.022733899562865645,0.0,0.0,0.0
509.66666666666663,1.2615333333333334,0.02308191877631316,0.0,0.0,0.0
510.0,1.2700000000000002,0.023429947582087607,0.0,0.0,0.0
510.33333333333337,1.2784666666666669,0.02377796679553512,0.0,0.0,0.0
510.6666666666667,1.2869333333333335,0.024125989206424947,0.0,0.0,0.0
511.00000000000006,1.2953999999999999,0.024474024407084016,0.0,0.0,0.0
511.3333333333333,1.303866666666667,0.024822042021810375,0.0,0.0,0.0
511.66666666666674,1.3123333333333336,0.0251700644327002,0.0,0.0,0.0
512.0,1.3208000000000002,0.025518090041032337,0.0,0.0,0.0
512.3333333333334,1.3292666666666666,0.02586612044552794,0.0,0.0,0.0
512.6666666666666,1.3377333333333334,0.026214142856417766,0.0,0.0,0.0
513.0,1.3461999999999998,0.02656216526730759,0.0,0.0,0.0
513.3333333333334,1.3546666666666667,0.026910189276918572,0.0,0.0,0.0
513.6666666666667,1.3631333333333335,0.027258211687808398,0.0,0.0,0.0
514.0,1.3716000000000002,0.027606237296140534,0.0,0.0,0.0
514.3333333333334,1.3800666666666666,0.02795425650958805,0.0,0.0,0.0
514.6666666666666,1.3885333333333336,0.028302282117920186,0.0,0.0,0.0
515.0,1.397,0.02865029493648308,0.0,0.0,0.0
515.3333333333333,1.4054666666666666,0.028998320544815215,0.0,0.0,0.0
515.6666666666667,1.4139333333333335,0.029346352548031973,0.0,0.0,0.0
516.0,1.4224,0.0296943749589218,0.0,0.0,0.0
516.3333333333334,1.4308666666666667,0.030042397369811624,0.0,0.0,0.0
516.6666666666666,1.4393333333333336,0.03039042297814376,0.0,0.0,0.0
517.0,1.4478000000000002,0.030738445389033586,0.0,0.0,0.0
517.3333333333333,1.4562666666666668,0.031086467799923412,0.0,0.0,0.0
517.6666666666667,1.4647333333333337,0.031434487013370926,0.0,0.0,0.0
518.0,1.4732,0.031782515819145374,0.0,0.0,0.0
518.3333333333334,1.481666666666667,0.0321305382300352,0.0,0.0,0.0
518.6666666666666,1.4901333333333333,0.03247856703580965,0.0,0.0,0.0
519.0,1.4986000000000002,0.03282658944669947,0.0,0.0,0.0
519.3333333333333,1.5070666666666668,0.0331746118575893,0.0,0.0,0.0
519.6666666666667,1.5155333333333334,0.03352263426847912,0.0,0.0,0.0
520.0,1.5240000000000002,0.03387066307425357,0.0,0.0,0.0
520.3333333333334,1.5324666666666669,0.03421868868258571,0.0,0.0,0.0
520.6666666666666,1.5409333333333333,0.03456670469859091,0.0,0.0,0.0
521.0,1.5494000000000003,0.034914723912038426,0.0,0.0,0.0
521.3333333333333,1.5578666666666667,0.035262755915255184,0.0,0.0,0.0
521.6666666666666,1.5663333333333334,0.0356107751287027,0.0,0.0,0.0
522.0,1.5748000000000002,0.0359587911447079,0.0,0.0,0.0
522.3333333333334,1.5832666666666668,0.03630682634536697,0.0,0.0,0.0
522.6666666666666,1.5917333333333334,0.036654845558814486,0.0,0.0,0.0
523.0,1.6002000000000003,0.03700287116714662,0.0,0.0,0.0
523.3333333333333,1.6086666666666667,0.03735089677547876,0.0,0.0,0.0
523.6666666666666,1.6171333333333335,0.037698915988926274,0.0,0.0,0.0
524.0,1.6256000000000002,0.038046954387027654,0.0,0.0,0.0
524.3333333333334,1.6340666666666668,0.0383949544158213,0.0,0.0,0.0
524.6666666666666,1.6425333333333334,0.03874299281392268,0.0,0.0,0.0
525.0,1.651,0.0390910120273702,0.0,0.0,0.0
525.3333333333334,1.6594666666666669,0.039439037635702334,0.0,0.0,0.0
525.6666666666666,1.6679333333333335,0.0397870728363614,0.0,0.0,0.0
526.0,1.6764000000000001,0.04013508885236661,0.0,0.0,0.0
526.3333333333334,1.684866666666667,0.04048310806581412,0.0,0.0,0.0
526.6666666666667,1.6933333333333336,0.04083114006903088,0.0,0.0,0.0
527.0,1.7018,0.04117916567736302,0.0,0.0,0.0
527.3333333333334,1.710266666666667,0.0415271752984836,0.0,0.0,0.0
527.6666666666666,1.7187333333333337,0.04187521369658498,0.0,0.0,0.0
528.0,1.7272000000000003,0.04222322651514787,0.0,0.0,0.0
528.3333333333334,1.735666666666667,0.042571245728595386,0.0,0.0,0.0
528.6666666666667,1.7441333333333335,0.04291926813948521,0.0,0.0,0.0
529.0,1.7526,0.043267312932471214,0.0,0.0,0.0
529.3333333333334,1.7610666666666668,0.04361533214591873,0.0,0.0,0.0
529.6666666666666,1.7695333333333332,0.04396334816192393,0.0,0.0,0.0
530.0,1.7780000000000002,0.04431137377025607,0.0,0.0,0.0
530.3333333333333,1.7864666666666666,0.044659402576030516,0.0,0.0,0.0
530.6666666666667,1.7949333333333335,0.04500742818436265,0.0,0.0,0.0
531.0,1.8034000000000003,0.04535544739781017,0.0,0.0,0.0
531.3333333333334,1.811866666666667,0.0457034730061423,0.0,0.0,0.0
531.6666666666666,1.8203333333333336,0.04605148902214751,0.0,0.0,0.0
532.0,1.8288000000000002,0.046399517827921954,0.0,0.0,0.0
532.3333333333333,1.8372666666666666,0.046747553028581024,0.0,0.0,0.0
532.6666666666667,1.8457333333333334,0.04709555305737467,0.0,0.0,0.0
533.0,1.8541999999999998,0.04744358825803374,0.0,0.0,0.0
533.3333333333334,1.8626666666666665,0.047791604274038946,0.0,0.0,0.0
533.6666666666666,1.8711333333333335,0.04813962988237108,0.0,0.0,0.0
534.0,1.8796000000000002,0.048487642700933975,0.0,0.0,0.0
534.3333333333333,1.8880666666666668,0.04883566830926611,0.0,0.0,0.0
534.6666666666667,1.8965333333333338,0.04918370031248287,0.0,0.0,0.0
535.0,1.9050000000000002,0.049531719525930384,0.0,0.0,0.0
535.3333333333334,1.9134666666666669,0.04987974833170483,0.0,0.0,0.0
535.6666666666666,1.9219333333333337,0.050227767545152346,0.0,0.0,0.0
536.0,1.9304000000000001,0.05057578356115755,0.0,0.0,0.0
536.3333333333333,1.9388666666666667,0.05092380916948969,0.0,0.0,0.0
536.6666666666666,1.9473333333333334,0.051271844370148756,0.0,0.0,0.0
537.0,1.9557999999999998,0.05161986358359627,0.0,0.0,0.0
537.3333333333334,1.9642666666666668,0.051967879599601474,0.0,0.0,0.0
537.6666666666666,1.9727333333333334,0.052315921195145165,0.0,0.0,0.0
538.0,1.9812000000000003,0.05266393401370806,0.0,0.0,0.0
538.3333333333333,1.989666666666667,0.05301196921436713,0.0,0.0,0.0
538.6666666666666,1.9981333333333335,0.053359994822699264,0.0,0.0,0.0
539.0,2.0066,0.05370800764126216,0.0,0.0,0.0
539.3333333333334,2.015066666666667,0.05405603005215198,0.0,0.0,0.0
539.6666666666666,2.0235333333333334,0.05440406525281105,0.0,0.0,0.0
540.0,2.032,0.05475206208416239,0.0,0.0,0.0
540.3333333333334,2.0404666666666667,0.0551001100745907,0.0,0.0,0.0
540.6666666666666,2.0489333333333333,0.05544813248548053,0.0,0.0,0.0
541.0,2.0574,0.055796154896370354,0.0,0.0,0.0
541.3333333333334,2.0658666666666665,0.05614417091237556,0.0,0.0,0.0
541.6666666666667,2.0743333333333336,0.05649219332326538,0.0,0.0,0.0
542.0,2.0828,0.05684021573415521,0.0,0.0,0.0
542.3333333333334,2.091266666666667,0.05718825093481428,0.0,0.0,0.0
542.6666666666666,2.0997333333333335,0.0575362733457041,0.0,0.0,0.0
543.0,2.1082,0.05788430215147855,0.0,0.0,0.0
543.3333333333334,2.1166666666666667,0.058232318167483754,0.0,0.0,0.0
543.6666666666667,2.1251333333333338,0.058580359763027445,0.0,0.0,0.0
544.0,2.1336,0.058928362989263405,0.0,0.0,0.0
544.3333333333334,2.1420666666666666,0.059276398189922475,0.0,0.0,0.0
544.6666666666666,2.1505333333333336,0.05962441420592768,0.0,0.0,0.0
545.0,2.1590000000000003,0.05997242382704826,0.0,0.0,0.0
545.3333333333333,2.1674666666666664,0.060320446237938086,0.0,0.0,0.0
545.6666666666667,2.1759333333333335,0.0606684942283664,0.0,0.0,0.0
546.0,2.1844,0.0610165102443716,0.0,0.0,0.0
546.3333333333334,2.192866666666667,0.06136453265526143,0.0,0.0,0.0
546.6666666666666,2.2013333333333334,0.061712561461035875,0.0,0.0,0.0
547.0,2.2098,0.062060596661694944,0.0,0.0,0.0
547.3333333333333,2.2182666666666666,0.062408599887930905,0.0,0.0,0.0
547.6666666666667,2.2267333333333332,0.06275663508858997,0.0,0.0,0.0
548.0,2.2352000000000003,0.06310463831482593,0.0,0.0,0.0
548.3333333333334,2.243666666666667,0.06345266712060038,0.0,0.0,0.0
548.6666666666666,2.2521333333333335,0.06380069592637483,0.0,0.0,0.0
549.0,2.2606,0.06414871833726465,0.0,0.0,0.0
549.3333333333333,2.2690666666666663,0.06450354490539212,0.0,0.0,0.0
549.6666666666667,2.2775333333333334,0.06490548258852868,0.0,0.0,0.0
550.0,2.2860000000000005,0.06530743945631912,0.0,0.0,0.0
550.3333333333334,2.294466666666667,0.06570937713945568,0.0,0.0,0.0
550.6666666666666,2.3029333333333333,0.06611134040213074,0.0,0.0,0.0
551.0,2.3114,0.06651327169038268,0.0,0.0,0.0
551.3333333333333,2.3198666666666665,0.06691522855817311,0.0,0.0,0.0
551.6666666666666,2.3283333333333336,0.06731718542596354,0.0,0.0,0.0
552.0,2.3368,0.06771912950398473,0.0,0.0,0.0
552.3333333333334,2.345266666666667,0.06812110555642903,0.0,0.0,0.0
552.6666666666666,2.3537333333333335,0.06852305602933484,0.0,0.0,0.0
553.0,2.3622,0.06892500010735603,0.0,0.0,0.0
553.3333333333333,2.3706666666666667,0.06932694418537722,0.0,0.0,0.0
553.6666666666666,2.3791333333333333,0.06972891384293689,0.0,0.0,0.0
554.0,2.3876,0.07013083873630421,0.0,0.0,0.0
554.3333333333334,2.396066666666667,0.07053280839386389,0.0,0.0,0.0
554.6666666666666,2.4045333333333336,0.07093477165653894,0.0,0.0,0.0
555.0,2.4130000000000003,0.07133670294479089,0.0,0.0,0.0
555.3333333333334,2.421466666666667,0.07173867899723518,0.0,0.0,0.0
555.6666666666666,2.4299333333333335,0.07214061028548713,0.0,0.0,0.0
556.0,2.4384,0.07254257354816218,0.0,0.0,0.0
556.3333333333334,2.4468666666666667,0.07294450483641413,0.0,0.0,0.0
556.6666666666667,2.455333333333334,0.07334645530931994,0.0,0.0,0.0
557.0,2.4638000000000004,0.07374841857199499,0.0,0.0,0.0
557.3333333333334,2.472266666666667,0.0741503690449008,0.0,0.0,0.0
557.6666666666666,2.4807333333333332,0.07455231951780661,0.0,0.0,0.0
558.0,2.4892,0.07495427638559704,0.0,0.0,0.0
558.3333333333334,2.4976666666666665,0.0753562396482721,0.0,0.0,0.0
558.6666666666667,2.506133333333334,0.0757581901211779,0.0,0.0,0.0
559.0,2.5146,0.07616012780431447,0.0,0.0,0.0
559.3333333333334,2.523066666666667,0.07656209746187415,0.0,0.0,0.0
559.6666666666666,2.5315333333333334,0.07696402875012609,0.0,0.0,0.0
560.0,2.5400000000000005,0.07736598561791652,0.0,0.0,0.0
560.3333333333333,2.5484666666666667,0.07776793609082233,0.0,0.0,0.0
560.6666666666667,2.5569333333333337,0.07816988656372814,0.0,0.0,0.0
561.0,2.5654000000000003,0.07857184343151857,0.0,0.0,0.0
561.3333333333334,2.573866666666667,0.07897381948396287,0.0,0.0,0.0
561.6666666666666,2.582333333333333,0.07937575716709944,0.0,0.0,0.0
562.0,2.5907999999999998,0.07977770764000525,0.0,0.0,0.0
562.3333333333333,2.599266666666667,0.08017966450779568,0.0,0.0,0.0
562.6666666666667,2.607733333333334,0.08058160219093224,0.0,0.0,0.0
563.0,2.6162000000000005,0.08098355905872268,0.0,0.0,0.0
563.3333333333334,2.6246666666666667,0.08138550953162849,0.0,0.0,0.0
563.6666666666666,2.6331333333333338,0.08178747918918816,0.0,0.0,0.0
564.0,2.6416000000000004,0.08218942326720935,0.0,0.0,0.0
564.3333333333333,2.650066666666667,0.0825913865298844,0.0,0.0,0.0
564.6666666666667,2.658533333333333,0.08299334339767483,0.0,0.0,0.0
565.0,2.6670000000000003,0.0833952810808114,0.0,0.0,0.0
565.3333333333334,2.675466666666667,0.08379725073837108,0.0,0.0,0.0
565.6666666666666,2.683933333333334,0.08419916923685378,0.0,0.0,0.0
566.0,2.6924,0.08460111331487496,0.0,0.0,0.0
566.3333333333333,2.7008666666666667,0.08500307657755002,0.0,0.0,0.0
566.6666666666666,2.7093333333333334,0.08540502705045583,0.0,0.0,0.0
567.0,2.717800000000001,0.08580698391824626,0.0,0.0,0.0
567.3333333333334,2.726266666666667,0.08620893439115207,0.0,0.0,0.0
567.6666666666666,2.7347333333333337,0.0866108912589425,0.0,0.0,0.0
568.0,2.7432000000000003,0.08701284812673293,0.0,0.0,0.0
568.3333333333333,2.751666666666667,0.08741480499452337,0.0,0.0,0.0
568.6666666666666,2.760133333333333,0.08781674907254455,0.0,0.0,0.0
569.0,2.7686,0.08821870594033498,0.0,0.0,0.0
569.3333333333334,2.7770666666666672,0.08862066280812542,0.0,0.0,0.0
569.6666666666666,2.785533333333334,0.0890226068861466,0.0,0.0,0.0
570.0,2.794,0.08942457014882166,0.0,0.0,0.0
570.3333333333334,2.8024666666666667,0.08982651422684285,0.0,0.0,0.0
570.6666666666666,2.8109333333333337,0.09022845830486403,0.0,0.0,0.0
571.0,2.8194000000000004,0.09063043435730833,0.0,0.0,0.0
571.3333333333334,2.827866666666667,0.09103235285579103,0.0,0.0,0.0
571.6666666666667,2.8363333333333336,0.09143430972358146,0.0,0.0,0.0
572.0,2.8448,0.09183627298625652,0.0,0.0,0.0
572.3333333333334,2.853266666666667,0.09223822985404695,0.0,0.0,0.0
572.6666666666666,2.8617333333333335,0.09264015474741427,0.0,0.0,0.0
573.0,2.8702,0.09304213079985857,0.0,0.0,0.0
573.3333333333334,2.878666666666667,0.09344405569322589,0.0,0.0,0.0
573.6666666666667,2.8871333333333338,0.09384603814055481,0.0,0.0,0.0
574.0,2.8956000000000004,0.09424799500834524,0.0,0.0,0.0
574.3333333333334,2.904066666666667,0.09464993269148181,0.0,0.0,0.0
574.6666666666666,2.9125333333333336,0.09505188316438762,0.0,0.0,0.0
575.0,2.9210000000000003,0.0954538528219473,0.0,0.0,0.0
575.3333333333333,2.9294666666666673,0.09585577771531462,0.0,0.0,0.0
575.6666666666667,2.9379333333333335,0.09625776016264354,0.0,0.0,0.0
576.0,2.9464,0.09665971063554935,0.0,0.0,0.0
576.3333333333334,2.954866666666667,0.09706164192380129,0.0,0.0,0.0
576.6666666666666,2.963333333333334,0.09746359879159172,0.0,0.0,0.0
577.0,2.9718,0.09786556205426677,0.0,0.0,0.0
577.3333333333333,2.980266666666667,0.09826749973740334,0.0,0.0,0.0
577.6666666666667,2.988733333333334,0.09866947578984764,0.0,0.0,0.0
578.0,2.9972000000000008,0.0990714134729842,0.0,0.0,0.0
578.3333333333334,3.005666666666667,0.09947337673565926,0.0,0.0,0.0
578.6666666666666,3.0141333333333336,0.09987532081368045,0.0,0.0,0.0
579.0,3.0226,0.10027729047124012,0.0,0.0,0.0
579.3333333333333,3.031066666666667,0.1006792025748382,0.0,0.0,0.0
579.6666666666667,3.0395333333333334,0.1010811786272825,0.0,0.0,0.0
580.0,3.0480000000000005,0.10148312270530369,0.0,0.0,0.0
580.3333333333334,3.056466666666667,0.10188509875774798,0.0,0.0,0.0
580.6666666666666,3.0649333333333337,0.1022870236511153,0.0,0.0,0.0
581.0,3.0734000000000004,0.10268898051890574,0.0,0.0,0.0
581.3333333333333,3.081866666666667,0.10309093738669617,0.0,0.0,0.0
581.6666666666666,3.0903333333333336,0.10349288785960198,0.0,0.0,0.0
582.0,3.0988000000000007,0.10389483833250779,0.0,0.0,0.0
582.3333333333334,3.107266666666667,0.10429681438495209,0.0,0.0,0.0
582.6666666666666,3.1157333333333335,0.10469872648855016,0.0,0.0,0.0
583.0,3.1242,0.10510068975122522,0.0,0.0,0.0
583.3333333333333,3.132666666666667,0.10550267859343876,0.0,0.0,0.0
583.6666666666666,3.1411333333333333,0.10590460348680608,0.0,0.0,0.0
584.0,3.1496000000000004,0.10630656035459651,0.0,0.0,0.0
584.3333333333334,3.1580666666666675,0.10670851082750232,0.0,0.0,0.0
584.6666666666666,3.166533333333334,0.10711046130040813,0.0,0.0,0.0
585.0,3.1750000000000003,0.10751242456308319,0.0,0.0,0.0
585.3333333333334,3.183466666666667,0.10791438143087362,0.0,0.0,0.0
585.6666666666666,3.1919333333333335,0.10831631271912556,0.0,0.0,0.0
586.0,3.2004000000000006,0.10871828237668524,0.0,0.0,0.0
586.3333333333334,3.208866666666667,0.10912022645470643,0.0,0.0,0.0
586.6666666666667,3.2173333333333334,0.10952217053272761,0.0,0.0,0.0
587.0,3.2258000000000004,0.10992410182097956,0.0,0.0,0.0
587.3333333333334,3.234266666666667,0.11032605868876999,0.0,0.0,0.0
587.6666666666666,3.2427333333333337,0.11072802834632967,0.0,0.0,0.0
588.0,3.2512000000000003,0.11112999800388934,0.0,0.0,0.0
588.3333333333334,3.2596666666666674,0.1115319037126028,0.0,0.0,0.0
588.6666666666667,3.268133333333334,0.11193387337016247,0.0,0.0,0.0
589.0,3.2766000000000006,0.1123358302379529,0.0,0.0,0.0
589.3333333333334,3.285066666666667,0.11273778710574334,0.0,0.0,0.0
589.6666666666666,3.2935333333333334,0.11313971839399528,0.0,0.0,0.0
590.0,3.302,0.11354168805155496,0.0,0.0,0.0
590.3333333333333,3.3104666666666676,0.1139436193398069,0.0,0.0,0.0
590.6666666666667,3.3189333333333337,0.11434560178713582,0.0,0.0,0.0
591.0,3.3274000000000004,0.11474754586515701,0.0,0.0,0.0
591.3333333333334,3.3358666666666674,0.1151494899431782,0.0,0.0,0.0
591.6666666666666,3.344333333333334,0.11555143402119938,0.0,0.0,0.0
592.0,3.3528000000000002,0.11595342925829755,0.0,0.0,0.0
592.3333333333333,3.3612666666666673,0.11635534775678025,0.0,0.0,0.0
592.6666666666667,3.369733333333334,0.11675730462457068,0.0,0.0,0.0
593.0,3.3782000000000005,0.11715926149236111,0.0,0.0,0.0
593.3333333333334,3.386666666666667,0.1175612055703823,0.0,0.0,0.0
593.6666666666666,3.3951333333333333,0.11796314964840349,0.0,0.0,0.0
594.0,3.4036000000000004,0.11836511930596316,0.0,0.0,0.0
594.3333333333333,3.412066666666667,0.1187670505942151,0.0,0.0,0.0
594.6666666666667,3.420533333333334,0.11916902025177478,0.0,0.0,0.0
595.0,3.4290000000000007,0.11957098990933446,0.0,0.0,0.0
595.3333333333334,3.4374666666666673,0.11997290840781716,0.0,0.0,0.0
595.6666666666666,3.445933333333334,0.12037489085514608,0.0,0.0,0.0
596.0,3.4544000000000006,0.12077682214339802,0.0,0.0,0.0
596.3333333333333,3.4628666666666668,0.12117875343164997,0.0,0.0,0.0
596.6666666666666,3.471333333333334,0.12158074866874813,0.0,0.0,0.0
597.0,3.4798000000000004,0.12198265437746159,0.0,0.0,0.0
597.3333333333334,3.488266666666667,0.12238461124525202,0.0,0.0,0.0
597.6666666666666,3.4967333333333332,0.12278654253350396,0.0,0.0,0.0
598.0,3.5052,0.12318853777060212,0.0,0.0,0.0
598.3333333333333,3.5136666666666674,0.1235905074281618,0.0,0.0,0.0
598.6666666666666,3.5221333333333344,0.12399245150618299,0.0,0.0,0.0
599.0,3.5306000000000006,0.12439437000466569,0.0,0.0,0.0
599.3333333333334,3.5390666666666672,0.12479633966222536,0.0,0.0,0.0
599.6666666666666,3.547533333333334,0.12519830931978504,0.0,0.0,0.0
600.0,3.5560000000000005,0.12560025339780623,0.0,0.0,0.0
600.3333333333334,3.5447111111111114,0.12506429811764974,0.0,0.0,0.0
600.6666666666666,3.5334222222222222,0.12452840678633947,0.0,0.0,0.0
601.0,3.5221333333333344,0.12399245150618299,0.0,0.0,0.0
601.3333333333334,3.5108444444444453,0.12345650901579575,0.0,0.0,0.0
601.6666666666667,3.499555555555556,0.12292054094587002,0.0,0.0,0.0
602.0,3.488266666666667,0.12238461124525202,0.0,0.0,0.0
602.3333333333334,3.476977777777778,0.1218487071241725,0.0,0.0,0.0
602.6666666666666,3.4656888888888897,0.12131275184401602,0.0,0.0,0.0
603.0,3.4544000000000006,0.12077682214339802,0.0,0.0,0.0
603.3333333333334,3.4431111111111115,0.12024085407347229,0.0,0.0,0.0
603.6666666666667,3.4318222222222228,0.11970497553193127,0.0,0.0,0.0
604.0,3.420533333333334,0.11916902025177478,0.0,0.0,0.0
604.3333333333334,3.409244444444445,0.11863303939207981,0.0,0.0,0.0
604.6666666666666,3.397955555555556,0.11809716085053878,0.0,0.0,0.0
605.0,3.386666666666667,0.1175612055703823,0.0,0.0,0.0
605.3333333333333,3.375377777777778,0.1170252758697643,0.0,0.0,0.0
605.6666666666667,3.364088888888889,0.11648932058960781,0.0,0.0,0.0
606.0,3.3528000000000002,0.11595342925829755,0.0,0.0,0.0
606.3333333333334,3.3415111111111115,0.11541747397814106,0.0,0.0,0.0
606.6666666666666,3.3302222222222224,0.11488150590821533,0.0,0.0,0.0
607.0,3.3189333333333337,0.11434560178713582,0.0,0.0,0.0
607.3333333333333,3.3076444444444446,0.11380968487628706,0.0,0.0,0.0
607.6666666666667,3.296355555555556,0.11327371680636134,0.0,0.0,0.0
608.0,3.285066666666667,0.11273778710574334,0.0,0.0,0.0
608.3333333333334,3.2737777777777777,0.11220187019489458,0.0,0.0,0.0
608.6666666666666,3.262488888888889,0.1116659149147381,0.0,0.0,0.0
609.0,3.2512000000000003,0.11112999800388934,0.0,0.0,0.0
609.3333333333333,3.2399111111111116,0.1105940555135021,0.0,0.0,0.0
609.6666666666667,3.2286222222222225,0.11005808744357637,0.0,0.0,0.0
610.0,3.2173333333333334,0.10952217053272761,0.0,0.0,0.0
610.3333333333334,3.2060444444444447,0.10898622804234037,0.0,0.0,0.0
610.6666666666666,3.1947555555555556,0.1084503367110301,0.0,0.0,0.0
611.0,3.183466666666667,0.10791438143087362,0.0,0.0,0.0
611.3333333333333,3.1721777777777778,0.10737842615071713,0.0,0.0,0.0
611.6666666666666,3.160888888888889,0.10684250284498376,0.0,0.0,0.0
612.0,3.1496000000000004,0.10630656035459651,0.0,0.0,0.0
612.3333333333334,3.1383111111111113,0.10577060507444003,0.0,0.0,0.0
612.6666666666666,3.1270222222222226,0.10523470095336052,0.0,0.0,0.0
613.0,3.1157333333333335,0.10469874567320403,0.0,0.0,0.0
613.3333333333333,3.1044444444444443,0.10416281597258603,0.0,0.0,0.0
613.6666666666666,3.0931555555555557,0.10362688627196803,0.0,0.0,0.0
614.0,3.0818666666666665,0.10309093738669617,0.0,0.0,0.0
614.3333333333334,3.070577777777778,0.10255500129119355,0.0,0.0,0.0
614.6666666666666,3.059288888888889,0.10201907798546017,0.0,0.0,0.0
615.0,3.048,0.10148312270530369,0.0,0.0,0.0
615.3333333333334,3.0367111111111114,0.10094719939957031,0.0,0.0,0.0
615.6666666666666,3.0254222222222222,0.10041127609383693,0.0,0.0,0.0
616.0,3.0141333333333336,0.09987533360344969,0.0,0.0,0.0
616.3333333333334,3.0028444444444444,0.09933941029771631,0.0,0.0,0.0
616.6666666666667,2.9915555555555553,0.09880343583290596,0.0,0.0,0.0
617.0,2.9802666666666666,0.09826751252717258,0.0,0.0,0.0
617.3333333333334,2.9689777777777784,0.09773159561632383,0.0,0.0,0.0
617.6666666666666,2.9576888888888893,0.09719563394128272,0.0,0.0,0.0
618.0,2.9464,0.09665971063554935,0.0,0.0,0.0
618.3333333333334,2.935111111111111,0.09612377454004672,0.0,0.0,0.0
618.6666666666667,2.9238222222222223,0.0955878384445441,0.0,0.0,0.0
619.0,2.9125333333333336,0.09505188316438762,0.0,0.0,0.0
619.3333333333334,2.9012444444444445,0.09451595985865424,0.0,0.0,0.0
619.6666666666666,2.8899555555555554,0.093980017368267,0.0,0.0,0.0
620.0,2.878666666666667,0.09344406208811051,0.0,0.0,0.0
620.3333333333333,2.867377777777778,0.09290815157214638,0.0,0.0,0.0
620.6666666666667,2.8560888888888893,0.092372228266413,0.0,0.0,0.0
621.0,2.8448,0.09183627298625652,0.0,0.0,0.0
621.3333333333334,2.833511111111111,0.09130034968052314,0.0,0.0,0.0
621.6666666666666,2.8222222222222224,0.09076442637478976,0.0,0.0,0.0
622.0,2.8109333333333333,0.09022847109463328,0.0,0.0,0.0
622.3333333333333,2.7996444444444446,0.0896925477888999,0.0,0.0,0.0
622.6666666666667,2.788355555555556,0.08915660529851266,0.0,0.0,0.0
623.0,2.777066666666667,0.08862066920301004,0.0,0.0,0.0
623.3333333333334,2.765777777777778,0.08808474589727666,0.0,0.0,0.0
623.6666666666666,2.754488888888889,0.08754878422223555,0.0,0.0,0.0
624.0,2.7432000000000003,0.08701286091650218,0.0,0.0,0.0
624.3333333333333,2.731911111111111,0.08647691203123031,0.0,0.0,0.0
624.6666666666667,2.720622222222222,0.08594098233061231,0.0,0.0,0.0
625.0,2.7093333333333334,0.08540503344534045,0.0,0.0,0.0
625.3333333333334,2.6980444444444447,0.08486909095495321,0.0,0.0,0.0
625.6666666666666,2.686755555555556,0.0843331868338737,0.0,0.0,0.0
626.0,2.675466666666667,0.08379726352814032,0.0,0.0,0.0
626.3333333333333,2.6641777777777778,0.08326130824798383,0.0,0.0,0.0
626.6666666666666,2.652888888888889,0.08272536575759659,0.0,0.0,0.0
627.0,2.6416000000000004,0.08218944245186321,0.0,0.0,0.0
627.3333333333334,2.6303111111111113,0.08165349356659135,0.0,0.0,0.0
627.6666666666666,2.619022222222222,0.08111754468131949,0.0,0.0,0.0
628.0,2.6077333333333335,0.08058162137558611,0.0,0.0,0.0
628.3333333333333,2.5964444444444448,0.08004568528008349,0.0,0.0,0.0
628.6666666666666,2.585155555555556,0.07950975557946549,0.0,0.0,0.0
629.0,2.573866666666667,0.07897383227373211,0.0,0.0,0.0
629.3333333333334,2.562577777777778,0.07843788978334487,0.0,0.0,0.0
629.6666666666666,2.5512888888888887,0.07790194089807301,0.0,0.0,0.0
630.0,2.54,0.07736599840768577,0.0,0.0,0.0
630.3333333333334,2.5287111111111114,0.07683008149683701,0.0,0.0,0.0
630.6666666666666,2.5174222222222227,0.07629413261156515,0.0,0.0,0.0
631.0,2.5061333333333335,0.07575820291094715,0.0,0.0,0.0
631.3333333333334,2.4948444444444444,0.07522226681544453,0.0,0.0,0.0
631.6666666666667,2.4835555555555557,0.0746863307199419,0.0,0.0,0.0
632.0,2.472266666666667,0.07415038183467004,0.0,0.0,0.0
632.3333333333334,2.460977777777778,0.07361445852893667,0.0,0.0,0.0
632.6666666666666,2.449688888888889,0.07307852882831867,0.0,0.0,0.0
633.0,2.4383999999999997,0.0725425799430468,0.0,0.0,0.0
633.3333333333334,2.4271111111111114,0.07200662466289032,0.0,0.0,0.0
633.6666666666667,2.4158222222222228,0.07147070775204156,0.0,0.0,0.0
634.0,2.4045333333333336,0.07093479084119281,0.0,0.0,0.0
634.3333333333334,2.3932444444444445,0.07039884835080557,0.0,0.0,0.0
634.6666666666666,2.381955555555556,0.06986289307064908,0.0,0.0,0.0
635.0,2.3706666666666667,0.06932696337003108,0.0,0.0,0.0
635.3333333333333,2.3593777777777776,0.06879102087964384,0.0,0.0,0.0
635.6666666666667,2.348088888888889,0.0682550783892566,0.0,0.0,0.0
636.0,2.3368,0.06771915508352322,0.0,0.0,0.0
636.3333333333334,2.325511111111111,0.0671832189880206,0.0,0.0,0.0
636.6666666666666,2.3142222222222224,0.06664725731297949,0.0,0.0,0.0
637.0,2.3029333333333333,0.06611135319189998,0.0,0.0,0.0
637.3333333333333,2.291644444444444,0.06557541070151274,0.0,0.0,0.0
637.6666666666667,2.2803555555555555,0.06503947460601012,0.0,0.0,0.0
638.0,2.2690666666666663,0.06450355769516136,0.0,0.0,0.0
638.3333333333334,2.2577777777777777,0.06403271513022446,0.0,0.0,0.0
638.6666666666666,2.2464888888888885,0.0635686767225252,0.0,0.0,0.0
639.0,2.2352,0.06310463831482593,0.0,0.0,0.0
639.3333333333333,2.2239111111111107,0.06264062548666516,0.0,0.0,0.0
639.6666666666667,2.212622222222222,0.06217659986873514,0.0,0.0,0.0
640.0,2.2013333333333334,0.061712561461035875,0.0,0.0,0.0
640.3333333333334,2.1900444444444442,0.061248529448221234,0.0,0.0,0.0
640.6666666666666,2.178755555555555,0.06078449743540659,0.0,0.0,0.0
641.0,2.167466666666666,0.060320446237938086,0.0,0.0,0.0
641.3333333333333,2.1561777777777773,0.059856446199546554,0.0,0.0,0.0
641.6666666666666,2.144888888888889,0.05939240779184729,0.0,0.0,0.0
642.0,2.1336,0.058928362989263405,0.0,0.0,0.0
642.3333333333334,2.122311111111111,0.058464330976448764,0.0,0.0,0.0
642.6666666666666,2.1110222222222217,0.058000311753403366,0.0,0.0,0.0
643.0,2.099733333333333,0.0575362733457041,0.0,0.0,0.0
643.3333333333333,2.0884444444444443,0.057072247727774084,0.0,0.0,0.0
643.6666666666666,2.077155555555555,0.05660819653030558,0.0,0.0,0.0
644.0,2.065866666666666,0.05614417091237556,0.0,0.0,0.0
644.3333333333334,2.0545777777777774,0.055680132504676294,0.0,0.0,0.0
644.6666666666666,2.0432888888888887,0.05521610049186165,0.0,0.0,0.0
645.0,2.032,0.05475206208416239,0.0,0.0,0.0
645.3333333333334,2.020711111111111,0.054288049256001614,0.0,0.0,0.0
645.6666666666666,2.0094222222222218,0.05382401084830235,0.0,0.0,0.0
646.0,1.9981333333333327,0.053359994822699264,0.0,0.0,0.0
646.3333333333334,1.9868444444444442,0.052895956415,0.0,0.0,0.0
646.6666666666667,1.9755555555555555,0.05243192440218536,0.0,0.0,0.0
647.0,1.9642666666666664,0.051967879599601474,0.0,0.0,0.0
647.3333333333334,1.9529777777777773,0.051503860376556077,0.0,0.0,0.0
647.6666666666666,1.9416888888888888,0.05103983795606837,0.0,0.0,0.0
648.0,1.9303999999999997,0.05057578356115755,0.0,0.0,0.0
648.3333333333334,1.919111111111111,0.05011178032532371,0.0,0.0,0.0
648.6666666666667,1.9078222222222219,0.04964773232529751,0.0,0.0,0.0
649.0,1.896533333333333,0.04918370031248287,0.0,0.0,0.0
649.3333333333334,1.8852444444444443,0.04871967149711054,0.0,0.0,0.0
649.6666666666666,1.8739555555555556,0.04825564268173821,0.0,0.0,0.0
650.0,1.8626666666666665,0.047791604274038946,0.0,0.0,0.0
650.3333333333333,1.8513777777777776,0.04732756906378199,0.0,0.0,0.0
650.6666666666667,1.8400888888888884,0.04686354024840966,0.0,0.0,0.0
651.0,1.8287999999999998,0.046399517827921954,0.0,0.0,0.0
651.3333333333334,1.8175111111111106,0.045935489012549624,0.0,0.0,0.0
651.6666666666666,1.8062222222222222,0.04547144740740805,0.0,0.0,0.0
652.0,1.794933333333333,0.04500742818436265,0.0,0.0,0.0
652.3333333333333,1.7836444444444444,0.04454338338177877,0.0,0.0,0.0
652.6666666666667,1.7723555555555552,0.04407935456640644,0.0,0.0,0.0
653.0,1.7610666666666663,0.04361533214591873,0.0,0.0,0.0
653.3333333333334,1.7497777777777777,0.04315128414589253,0.0,0.0,0.0
653.6666666666666,1.7384888888888885,0.042687271317731756,0.0,0.0,0.0
654.0,1.7271999999999998,0.04222322651514787,0.0,0.0,0.0
654.3333333333333,1.715911111111111,0.04175920089721785,0.0,0.0,0.0
654.6666666666667,1.7046222222222218,0.04129517208184552,0.0,0.0,0.0
655.0,1.6933333333333331,0.04083114006903088,0.0,0.0,0.0
655.3333333333334,1.682044444444444,0.04036710485877393,0.0,0.0,0.0
655.6666666666666,1.6707555555555555,0.039903072845959286,0.0,0.0,0.0
656.0,1.6594666666666664,0.039439037635702334,0.0,0.0,0.0
656.3333333333333,1.6481777777777773,0.03897499603056076,0.0,0.0,0.0
656.6666666666666,1.6368888888888886,0.03851097041263074,0.0,0.0,0.0
657.0,1.6255999999999997,0.038046954387027654,0.0,0.0,0.0
657.3333333333334,1.614311111111111,0.03758291278188608,0.0,0.0,0.0
657.6666666666666,1.603022222222222,0.03711887757162913,0.0,0.0,0.0
658.0,1.5917333333333332,0.036654845558814486,0.0,0.0,0.0
658.3333333333333,1.5804444444444443,0.03619082313832678,0.0,0.0,0.0
658.6666666666666,1.5691555555555552,0.0357267815331852,0.0,0.0,0.0
659.0,1.5578666666666665,0.035262755915255184,0.0,0.0,0.0
659.3333333333334,1.5465777777777774,0.03479872390244054,0.0,0.0,0.0
659.6666666666666,1.5352888888888887,0.034334701481952834,0.0,0.0,0.0
660.0,1.5239999999999998,0.03387066307425357,0.0,0.0,0.0
660.3333333333334,1.5239999999999998,0.03387066307425357,0.0,0.0,0.0
660.6666666666666,1.5239999999999998,0.03387066307425357,0.0,0.0,0.0
661.0,1.5239999999999998,0.03387066307425357,0.0,0.0,0.0
661.3333333333334,1.5239999999999998,0.03387066307425357,0.0,0.0,0.0
661.6666666666667,1.5239999999999998,0.03387066307425357,0.0,0.0,0.0
662.0,1.5239999999999998,0.03387066307425357,0.0,0.0,0.0
662.3333333333334,1.5239999999999998,0.03387066307425357,0.0,0.0,0.0
662.6666666666666,1.5239999999999998,0.03387066307425357,0.0,0.0,0.0
663.0,1.5239999999999998,0.03387066307425357,0.0,0.0,0.0
663.3333333333334,1.5239999999999998,0.03387066307425357,0.0,0.0,0.0
663.6666666666667,1.5239999999999998,0.03387066307425357,0.0,0.0,0.0
664.0,1.5239999999999998,0.03387066307425357,0.0,0.0,0.0
664.3333333333334,1.5239999999999998,0.03387066307425357,0.0,0.0,0.0
664.6666666666666,1.5239999999999998,0.03387066307425357,0.0,0.0,0.0
665.0,1.5239999999999998,0.03387066307425357,0.0,0.0,0.0
665.3333333333333,1.5239999999999998,0.03387066307425357,0.0,0.0,0.0
665.6666666666667,1.5239999999999998,0.03387066307425357,0.0,0.0,0.0
666.0,1.5239999999999998,0.03387066307425357,0.0,0.0,0.0
666.3333333333334,1.5239999999999998,0.03387066307425357,0.0,0.0,0.0
666.6666666666666,1.5239999999999998,0.03387066307425357,0.0,0.0,0.0
667.0,1.5239999999999998,0.03387066307425357,0.0,0.0,0.0
667.3333333333333,1.5239999999999998,0.03387066307425357,0.0,0.0,0.0
667.6666666666667,1.5239999999999998,0.03387066307425357,0.0,0.0,0.0
668.0,1.5239999999999998,0.03387066307425357,0.0,0.0,0.0
668.3333333333334,1.5239999999999998,0.03387066307425357,0.0,0.0,0.0
668.6666666666666,1.5239999999999998,0.03387066307425357,0.0,0.0,0.0
669.0,1.5239999999999998,0.03387066307425357,0.0,0.0,0.0
669.3333333333333,1.5239999999999998,0.03387066307425357,0.0,0.0,0.0
669.6666666666667,1.5239999999999998,0.03387066307425357,0.0,0.0,0.0
670.0,1.5239999999999998,0.03387066307425357,0.0,0.0,0.0
670.3333333333334,1.5239999999999998,0.03387066307425357,0.0,0.0,0.0
670.6666666666666,1.5239999999999998,0.03387066307425357,0.0,0.0,0.0
671.0,1.5239999999999998,0.03387066307425357,0.0,0.0,0.0
671.3333333333333,1.5239999999999998,0.03387066307425357,0.0,0.0,0.0
671.6666666666666,1.5239999999999998,0.03387066307425357,0.0,0.0,0.0
672.0,1.5239999999999998,0.03387066307425357,0.0,0.0,0.0
672.3333333333334,1.5239999999999998,0.03387066307425357,0.0,0.0,0.0
672.6666666666666,1.5239999999999998,0.03387066307425357,0.0,0.0,0.0
673.0,1.5239999999999998,0.03387066307425357,0.0,0.0,0.0
673.3333333333333,1.5239999999999998,0.03387066307425357,0.0,0.0,0.0
673.6666666666666,1.5239999999999998,0.03387066307425357,0.0,0.0,0.0
674.0,1.5239999999999998,0.03387066307425357,0.0,0.0,0.0
674.3333333333334,1.5239999999999998,0.03387066307425357,0.0,0.0,0.0
674.6666666666666,1.5239999999999998,0.03387066307425357,0.0,0.0,0.0
675.0,1.5239999999999998,0.03387066307425357,0.0,0.0,0.0
675.3333333333334,1.5239999999999998,0.03387066307425357,0.0,0.0,0.0
675.6666666666666,1.5239999999999998,0.03387066307425357,0.0,0.0,0.0
676.0,1.5239999999999998,0.03387066307425357,0.0,0.0,0.0
676.3333333333334,1.5239999999999998,0.03387066307425357,0.0,0.0,0.0
676.6666666666667,1.5239999999999998,0.03387066307425357,0.0,0.0,0.0
677.0,1.5239999999999998,0.03387066307425357,0.0,0.0,0.0
677.3333333333334,1.5239999999999998,0.03387066307425357,0.0,0.0,0.0
677.6666666666666,1.5239999999999998,0.03387066307425357,0.0,0.0,0.0
678.0,1.5239999999999998,0.03387066307425357,0.0,0.0,0.0
678.3333333333334,1.5239999999999998,0.03387066307425357,0.0,0.0,0.0
678.6666666666667,1.5239999999999998,0.03387066307425357,0.0,0.0,0.0
679.0,1.5239999999999998,0.03387066307425357,0.0,0.0,0.0
679.3333333333334,1.5239999999999998,0.03387066307425357,0.0,0.0,0.0
679.6666666666666,1.5239999999999998,0.03387066307425357,0.0,0.0,0.0
680.0,1.5239999999999998,0.03387066307425357,0.0,0.0,0.0
680.3333333333333,1.5239999999999998,0.03387066307425357,0.0,0.0,0.0
680.6666666666667,1.5239999999999998,0.03387066307425357,0.0,0.0,0.0
681.0,1.5239999999999998,0.03387066307425357,0.0,0.0,0.0
681.3333333333334,1.5239999999999998,0.03387066307425357,0.0,0.0,0.0
681.6666666666666,1.5239999999999998,0.03387066307425357,0.0,0.0,0.0
682.0,1.5239999999999998,0.03387066307425357,0.0,0.0,0.0
682.3333333333333,1.5239999999999998,0.03387066307425357,0.0,0.0,0.0
682.6666666666667,1.5239999999999998,0.03387066307425357,0.0,0.0,0.0
683.0,1.5239999999999998,0.03387066307425357,0.0,0.0,0.0
683.3333333333334,1.5239999999999998,0.03387066307425357,0.0,0.0,0.0
683.6666666666666,1.5239999999999998,0.03387066307425357,0.0,0.0,0.0
684.0,1.5239999999999998,0.03387066307425357,0.0,0.0,0.0
684.3333333333333,1.5239999999999998,0.03387066307425357,0.0,0.0,0.0
684.6666666666667,1.5239999999999998,0.03387066307425357,0.0,0.0,0.0
685.0,1.5239999999999998,0.03387066307425357,0.0,0.0,0.0
685.3333333333334,1.5239999999999998,0.03387066307425357,0.0,0.0,0.0
685.6666666666666,1.5239999999999998,0.03387066307425357,0.0,0.0,0.0
686.0,1.5239999999999998,0.03387066307425357,0.0,0.0,0.0
686.3333333333333,1.5239999999999998,0.03387066307425357,0.0,0.0,0.0
686.6666666666666,1.5239999999999998,0.03387066307425357,0.0,0.0,0.0
687.0,1.5239999999999998,0.03387066307425357,0.0,0.0,0.0
687.3333333333334,1.5239999999999998,0.03387066307425357,0.0,0.0,0.0
687.6666666666666,1.5239999999999998,0.03387066307425357,0.0,0.0,0.0
688.0,1.5239999999999998,0.03387066307425357,0.0,0.0,0.0
688.3333333333333,1.5239999999999998,0.03387066307425357,0.0,0.0,0.0
688.6666666666666,1.5239999999999998,0.03387066307425357,0.0,0.0,0.0
689.0,1.5239999999999998,0.03387066307425357,0.0,0.0,0.0
689.3333333333334,1.5239999999999998,0.03387066307425357,0.0,0.0,0.0
689.6666666666666,1.5239999999999998,0.03387066307425357,0.0,0.0,0.0
690.0,1.5239999999999998,0.03387066307425357,0.0,0.0,0.0
690.3333333333334,1.5239999999999998,0.03387066307425357,0.0,0.0,0.0
690.6666666666666,1.5239999999999998,0.03387066307425357,0.0,0.0,0.0
691.0,1.5239999999999998,0.03387066307425357,0.0,0.0,0.0
691.3333333333334,1.5239999999999998,0.03387066307425357,0.0,0.0,0.0
691.6666666666667,1.5239999999999998,0.03387066307425357,0.0,0.0,0.0
692.0,1.5239999999999998,0.03387066307425357,0.0,0.0,0.0
692.3333333333334,1.5239999999999998,0.03387066307425357,0.0,0.0,0.0
692.6666666666666,1.5239999999999998,0.03387066307425357,0.0,0.0,0.0
693.0,1.5239999999999998,0.03387066307425357,0.0,0.0,0.0
693.3333333333334,1.5239999999999998,0.03387066307425357,0.0,0.0,0.0
693.6666666666667,1.5239999999999998,0.03387066307425357,0.0,0.0,0.0
694.0,1.5239999999999998,0.03387066307425357,0.0,0.0,0.0
694.3333333333334,1.5239999999999998,0.03387066307425357,0.0,0.0,0.0
694.6666666666666,1.5239999999999998,0.03387066307425357,0.0,0.0,0.0
695.0,1.5239999999999998,0.03387066307425357,0.0,0.0,0.0
695.3333333333333,1.5239999999999998,0.03387066307425357,0.0,0.0,0.0
695.6666666666667,1.5239999999999998,0.03387066307425357,0.0,0.0,0.0
696.0,1.5239999999999998,0.03387066307425357,0.0,0.0,0.0
696.3333333333334,1.5239999999999998,0.03387066307425357,0.0,0.0,0.0
696.6666666666666,1.5239999999999998,0.03387066307425357,0.0,0.0,0.0
697.0,1.5239999999999998,0.03387066307425357,0.0,0.0,0.0
697.3333333333333,1.5239999999999998,0.03387066307425357,0.0,0.0,0.0
697.6666666666667,1.5239999999999998,0.03387066307425357,0.0,0.0,0.0
698.0,1.5239999999999998,0.03387066307425357,0.0,0.0,0.0
698.3333333333334,1.5239999999999998,0.03387066307425357,0.0,0.0,0.0
698.6666666666666,1.5239999999999998,0.03387066307425357,0.0,0.0,0.0
699.0,1.5239999999999998,0.03387066307425357,0.0,0.0,0.0
699.3333333333333,1.5239999999999998,0.03387066307425357,0.0,0.0,0.0
699.6666666666667,1.5239999999999998,0.03387066307425357,0.0,0.0,0.0
700.0,1.5239999999999998,0.03387066307425357,0.0,0.0,0.0
700.3333333333334,1.5239999999999998,0.03387066307425357,0.0,0.0,0.0
700.6666666666666,1.5239999999999998,0.03387066307425357,0.0,0.0,0.0
701.0,1.5239999999999998,0.03387066307425357,0.0,0.0,0.0
701.3333333333333,1.5239999999999998,0.03387066307425357,0.0,0.0,0.0
701.6666666666666,1.5239999999999998,0.03387066307425357,0.0,0.0,0.0
702.0,1.5239999999999998,0.03387066307425357,0.0,0.0,0.0
702.3333333333334,1.5239999999999998,0.03387066307425357,0.0,0.0,0.0
702.6666666666666,1.5239999999999998,0.03387066307425357,0.0,0.0,0.0
703.0,1.5239999999999998,0.03387066307425357,0.0,0.0,0.0
703.3333333333333,1.5239999999999998,0.03387066307425357,0.0,0.0,0.0
703.6666666666666,1.5239999999999998,0.03387066307425357,0.0,0.0,0.0
704.0,1.5239999999999998,0.03387066307425357,0.0,0.0,0.0
704.3333333333334,1.5239999999999998,0.03387066307425357,0.0,0.0,0.0
704.6666666666666,1.5239999999999998,0.03387066307425357,0.0,0.0,0.0
705.0,1.5239999999999998,0.03387066307425357,0.0,0.0,0.0
705.3333333333334,1.5239999999999998,0.03387066307425357,0.0,0.0,0.0
705.6666666666666,1.5239999999999998,0.03387066307425357,0.0,0.0,0.0
706.0,1.5239999999999998,0.03387066307425357,0.0,0.0,0.0
706.3333333333334,1.5239999999999998,0.03387066307425357,0.0,0.0,0.0
706.6666666666667,1.5239999999999998,0.03387066307425357,0.0,0.0,0.0
707.0,1.5239999999999998,0.03387066307425357,0.0,0.0,0.0
707.3333333333334,1.5239999999999998,0.03387066307425357,0.0,0.0,0.0
707.6666666666666,1.5239999999999998,0.03387066307425357,0.0,0.0,0.0
708.0,1.5239999999999998,0.03387066307425357,0.0,0.0,0.0
708.3333333333334,1.5239999999999998,0.03387066307425357,0.0,0.0,0.0
708.6666666666667,1.5239999999999998,0.03387066307425357,0.0,0.0,0.0
709.0,1.5239999999999998,0.03387066307425357,0.0,0.0,0.0
709.3333333333334,1.5239999999999998,0.03387066307425357,0.0,0.0,0.0
709.6666666666666,1.5239999999999998,0.03387066307425357,0.0,0.0,0.0
710.0,1.5239999999999998,0.03387066307425357,0.0,0.0,0.0
710.3333333333333,1.5239999999999998,0.03387066307425357,0.0,0.0,0.0
710.6666666666667,1.5239999999999998,0.03387066307425357,0.0,0.0,0.0
711.0,1.5239999999999998,0.03387066307425357,0.0,0.0,0.0
711.3333333333334,1.5239999999999998,0.03387066307425357,0.0,0.0,0.0
711.6666666666666,1.5239999999999998,0.03387066307425357,0.0,0.0,0.0
712.0,1.5239999999999998,0.03387066307425357,0.0,0.0,0.0
712.3333333333333,1.5239999999999998,0.03387066307425357,0.0,0.0,0.0
712.6666666666667,1.5239999999999998,0.03387066307425357,0.0,0.0,0.0
713.0,1.5239999999999998,0.03387066307425357,0.0,0.0,0.0
713.3333333333334,1.5239999999999998,0.03387066307425357,0.0,0.0,0.0
713.6666666666666,1.5239999999999998,0.03387066307425357,0.0,0.0,0.0
714.0,1.5239999999999998,0.03387066307425357,0.0,0.0,0.0
714.3333333333333,1.5239999999999998,0.03387066307425357,0.0,0.0,0.0
714.6666666666667,1.5239999999999998,0.03387066307425357,0.0,0.0,0.0
715.0,1.5239999999999998,0.03387066307425357,0.0,0.0,0.0
715.3333333333334,1.5239999999999998,0.03387066307425357,0.0,0.0,0.0
715.6666666666666,1.5239999999999998,0.03387066307425357,0.0,0.0,0.0
716.0,1.5239999999999998,0.03387066307425357,0.0,0.0,0.0
716.3333333333333,1.5239999999999998,0.03387066307425357,0.0,0.0,0.0
716.6666666666666,1.5239999999999998,0.03387066307425357,0.0,0.0,0.0
717.0,1.5239999999999998,0.03387066307425357,0.0,0.0,0.0
717.3333333333334,1.5239999999999998,0.03387066307425357,0.0,0.0,0.0
717.6666666666666,1.5239999999999998,0.03387066307425357,0.0,0.0,0.0
718.0,1.5239999999999998,0.03387066307425357,0.0,0.0,0.0
718.3333333333333,1.5239999999999998,0.03387066307425357,0.0,0.0,0.0
718.6666666666666,1.5239999999999998,0.03387066307425357,0.0,0.0,0.0
719.0,1.5239999999999998,0.03387066307425357,0.0,0.0,0.0
719.3333333333334,1.5239999999999998,0.03387066307425357,0.0,0.0,0.0
719.6666666666666,1.5239999999999998,0.03387066307425357,0.0,0.0,0.0
720.0,1.5239999999999998,0.03387066307425357,0.0,0.0,0.0
720.3333333333334,1.5338777777777777,0.034276690286105804,0.0,0.0,0.0
720.6666666666666,1.5437555555555555,0.034682707905631105,0.0,0.0,0.0
721.0,1.5536333333333332,0.03508874151236796,0.0,0.0,0.0
721.3333333333334,1.5635111111111109,0.035494778316547126,0.0,0.0,0.0
721.6666666666667,1.5733888888888887,0.035900792738630116,0.0,0.0,0.0
722.0,1.5832666666666666,0.03630682634536697,0.0,0.0,0.0
722.3333333333334,1.5931444444444443,0.03671284076744996,0.0,0.0,0.0
722.6666666666666,1.6030222222222221,0.03711887757162913,0.0,0.0,0.0
723.0,1.6128999999999998,0.03752490158603905,0.0,0.0,0.0
723.3333333333334,1.6227777777777777,0.037930938390218216,0.0,0.0,0.0
723.6666666666667,1.6326555555555555,0.03833695920718583,0.0,0.0,0.0
724.0,1.6425333333333332,0.03874299281392268,0.0,0.0,0.0
724.3333333333334,1.6524111111111108,0.03914902002577492,0.0,0.0,0.0
724.6666666666666,1.6622888888888887,0.03955505043506946,0.0,0.0,0.0
725.0,1.6721666666666666,0.039961074449479383,0.0,0.0,0.0
725.3333333333333,1.6820444444444445,0.04036710485877393,0.0,0.0,0.0
725.6666666666667,1.6919222222222219,0.04077312887318385,0.0,0.0,0.0
726.0,1.7017999999999998,0.04117916567736302,0.0,0.0,0.0
726.3333333333334,1.7116777777777776,0.04158518329688832,0.0,0.0,0.0
726.6666666666666,1.7215555555555553,0.04199121370618286,0.0,0.0,0.0
727.0,1.7314333333333332,0.042397237720592784,0.0,0.0,0.0
727.3333333333333,1.741311111111111,0.04280326493244502,0.0,0.0,0.0
727.6666666666667,1.751188888888889,0.043209304934066495,0.0,0.0,0.0
728.0,1.7610666666666668,0.04361533214591873,0.0,0.0,0.0
728.3333333333334,1.7709444444444447,0.04402136255521327,0.0,0.0,0.0
728.6666666666666,1.7808222222222223,0.04442737697729626,0.0,0.0,0.0
729.0,1.7906999999999997,0.044833404189148496,0.0,0.0,0.0
729.3333333333333,1.8005777777777776,0.045239418611231486,0.0,0.0,0.0
729.6666666666667,1.8104555555555555,0.045645465007737585,0.0,0.0,0.0
730.0,1.8203333333333331,0.04605148902214751,0.0,0.0,0.0
730.3333333333334,1.830211111111111,0.04645752262888436,0.0,0.0,0.0
730.6666666666666,1.8400888888888889,0.04686354024840966,0.0,0.0,0.0
731.0,1.8499666666666668,0.04726958025003114,0.0,0.0,0.0
731.3333333333333,1.8598444444444444,0.04767559467211413,0.0,0.0,0.0
731.6666666666666,1.8697222222222223,0.048081628278850985,0.0,0.0,0.0
732.0,1.8795999999999997,0.048487642700933975,0.0,0.0,0.0
732.3333333333334,1.8894777777777776,0.04889367630767083,0.0,0.0,0.0
732.6666666666666,1.8993555555555555,0.049299706716965375,0.0,0.0,0.0
733.0,1.9092333333333331,0.04970574032370223,0.0,0.0,0.0
733.3333333333333,1.919111111111111,0.05011178032532371,0.0,0.0,0.0
733.6666666666666,1.9289888888888889,0.05051777556275283,0.0,0.0,0.0
734.0,1.9388666666666667,0.05092380916948969,0.0,0.0,0.0
734.3333333333334,1.9487444444444444,0.05132983957878423,0.0,0.0,0.0
734.6666666666666,1.9586222222222225,0.051735873185521086,0.0,0.0,0.0
735.0,1.9684999999999997,0.05214191318714256,0.0,0.0,0.0
735.3333333333334,1.9783777777777778,0.0525479403989948,0.0,0.0,0.0
735.6666666666666,1.9882555555555554,0.05295396121596241,0.0,0.0,0.0
736.0,1.998133333333333,0.053359994822699264,0.0,0.0,0.0
736.3333333333334,2.008011111111111,0.053766015639666875,0.0,0.0,0.0
736.6666666666667,2.017888888888889,0.05417204604896142,0.0,0.0,0.0
737.0,2.0277666666666665,0.054578076458255964,0.0,0.0,0.0
737.3333333333334,2.0376444444444446,0.05498410047266589,0.0,0.0,0.0
737.6666666666666,2.0475222222222222,0.05539011809219119,0.0,0.0,0.0
738.0,2.0574,0.055796154896370354,0.0,0.0,0.0
738.3333333333334,2.067277777777778,0.056202172515895654,0.0,0.0,0.0
738.6666666666667,2.077155555555555,0.05660819653030558,0.0,0.0,0.0
739.0,2.0870333333333333,0.05701423333448474,0.0,0.0,0.0
739.3333333333334,2.096911111111111,0.05742027653354853,0.0,0.0,0.0
739.6666666666666,2.1067888888888886,0.057826300547958454,0.0,0.0,0.0
740.0,2.1166666666666667,0.058232318167483754,0.0,0.0,0.0
740.3333333333333,2.1265444444444443,0.0586383485767783,0.0,0.0,0.0
740.6666666666667,2.136422222222222,0.05904439177584209,0.0,0.0,0.0
741.0,2.1462999999999997,0.059450396605598144,0.0,0.0,0.0
741.3333333333334,2.1561777777777777,0.059856446199546554,0.0,0.0,0.0
741.6666666666666,2.1660555555555554,0.06026245742418723,0.0,0.0,0.0
742.0,2.1759333333333335,0.0606684942283664,0.0,0.0,0.0
742.3333333333333,2.185811111111111,0.06107450545300708,0.0,0.0,0.0
742.6666666666667,2.1956888888888892,0.061480529467417,0.0,0.0,0.0
743.0,2.205566666666667,0.06188657266648079,0.0,0.0,0.0
743.3333333333334,2.215444444444445,0.0622926222604292,0.0,0.0,0.0
743.6666666666666,2.2253222222222226,0.06269862069530063,0.0,0.0,0.0
744.0,2.2352,0.06310463831482593,0.0,0.0,0.0
744.3333333333333,2.2450777777777784,0.06351068151388972,0.0,0.0,0.0
744.6666666666667,2.2549555555555556,0.06391671192318427,0.0,0.0,0.0
745.0,2.2648333333333337,0.06432275512224805,0.0,0.0,0.0
745.3333333333334,2.2747111111111114,0.06477151615058574,0.0,0.0,0.0
745.6666666666666,2.284588888888889,0.06524044664502071,0.0,0.0,0.0
746.0,2.294466666666667,0.06570939632410955,0.0,0.0,0.0
746.3333333333333,2.3043444444444448,0.06617832681854452,0.0,0.0,0.0
746.6666666666666,2.3142222222222224,0.06664725731297949,0.0,0.0,0.0
747.0,2.3241,0.06711623257160682,0.0,0.0,0.0
747.3333333333334,2.333977777777778,0.06758518225069565,0.0,0.0,0.0
747.6666666666666,2.343855555555556,0.06805411914001525,0.0,0.0,0.0
748.0,2.3537333333333335,0.0685230752139887,0.0,0.0,0.0
748.3333333333333,2.363611111111111,0.06899201849819292,0.0,0.0,0.0
748.6666666666666,2.373488888888889,0.06946095538751251,0.0,0.0,0.0
749.0,2.383366666666667,0.06992990506660135,0.0,0.0,0.0
749.3333333333334,2.3932444444444445,0.07039885474569019,0.0,0.0,0.0
749.6666666666666,2.4031222222222226,0.07086777884524054,0.0,0.0,0.0
750.0,2.413,0.07133672852432937,0.0,0.0,0.0
750.3333333333334,2.4228777777777784,0.0718056462289951,0.0,0.0,0.0
750.6666666666666,2.4327555555555556,0.07227460230296856,0.0,0.0,0.0
751.0,2.442633333333333,0.07274355837694202,0.0,0.0,0.0
751.3333333333334,2.4525111111111113,0.07321250805603086,0.0,0.0,0.0
751.6666666666667,2.462388888888889,0.07368144494535045,0.0,0.0,0.0
752.0,2.472266666666667,0.07415038822955466,0.0,0.0,0.0
752.3333333333334,2.4821444444444447,0.07461935069841275,0.0,0.0,0.0
752.6666666666666,2.4920222222222224,0.07508826840307847,0.0,0.0,0.0
753.0,2.5019,0.07555722447705193,0.0,0.0,0.0
753.3333333333334,2.511777777777778,0.07602619334079463,0.0,0.0,0.0
753.6666666666667,2.5216555555555558,0.07649511104546036,0.0,0.0,0.0
754.0,2.5315333333333334,0.07696404153989533,0.0,0.0,0.0
754.3333333333334,2.541411111111111,0.07743299761386879,0.0,0.0,0.0
754.6666666666666,2.551288888888889,0.07790194089807301,0.0,0.0,0.0
755.0,2.561166666666667,0.07837089057716184,0.0,0.0,0.0
755.3333333333333,2.5710444444444445,0.07883983386136606,0.0,0.0,0.0
755.6666666666667,2.5809222222222226,0.07930877714557028,0.0,0.0,0.0
756.0,2.5907999999999998,0.07977772682465911,0.0,0.0,0.0
756.3333333333334,2.6006777777777783,0.08024665092420946,0.0,0.0,0.0
756.6666666666666,2.6105555555555555,0.08071562618283679,0.0,0.0,0.0
757.0,2.6204333333333336,0.08118456307215638,0.0,0.0,0.0
757.3333333333333,2.6303111111111113,0.0816535063563606,0.0,0.0,0.0
757.6666666666667,2.640188888888889,0.08212244324568019,0.0,0.0,0.0
758.0,2.650066666666667,0.08259139931965365,0.0,0.0,0.0
758.3333333333334,2.6599444444444447,0.083060323419204,0.0,0.0,0.0
758.6666666666666,2.6698222222222223,0.08352927949317746,0.0,0.0,0.0
759.0,2.6797,0.08399820998761243,0.0,0.0,0.0
759.3333333333333,2.689577777777778,0.08446714687693202,0.0,0.0,0.0
759.6666666666667,2.6994555555555553,0.08493609016113624,0.0,0.0,0.0
760.0,2.709333333333334,0.0854050462351097,0.0,0.0,0.0
760.3333333333334,2.719211111111111,0.08587398951931391,0.0,0.0,0.0
760.6666666666666,2.729088888888889,0.0863429264086335,0.0,0.0,0.0
761.0,2.7389666666666668,0.08681188248260696,0.0,0.0,0.0
761.3333333333333,2.7488444444444444,0.08728084495146504,0.0,0.0,0.0
761.6666666666666,2.7587222222222225,0.08774978184078464,0.0,0.0,0.0
762.0,2.7686,0.0882187123352196,0.0,0.0,0.0
762.3333333333334,2.7784777777777783,0.08868766201430844,0.0,0.0,0.0
762.6666666666666,2.788355555555556,0.08915661169339728,0.0,0.0,0.0
763.0,2.798233333333334,0.08962552939806301,0.0,0.0,0.0
763.3333333333333,2.8081111111111117,0.09009450465669033,0.0,0.0,0.0
763.6666666666666,2.8179888888888893,0.0905634351511253,0.0,0.0,0.0
764.0,2.827866666666667,0.09103235925067565,0.0,0.0,0.0
764.3333333333334,2.837744444444445,0.09150131532464911,0.0,0.0,0.0
764.6666666666666,2.8476222222222227,0.09197025860885333,0.0,0.0,0.0
765.0,2.8575000000000004,0.0924392466572499,0.0,0.0,0.0
765.3333333333334,2.8673777777777785,0.09290815157214638,0.0,0.0,0.0
765.6666666666666,2.8772555555555557,0.09337710764611984,0.0,0.0,0.0
766.0,2.887133333333334,0.09384605093032405,0.0,0.0,0.0
766.3333333333334,2.8970111111111114,0.09431499421452827,0.0,0.0,0.0
766.6666666666667,2.9068888888888895,0.09478393110384786,0.0,0.0,0.0
767.0,2.916766666666667,0.09525287438805208,0.0,0.0,0.0
767.3333333333334,2.926644444444445,0.09572181767225629,0.0,0.0,0.0
767.6666666666666,2.936522222222223,0.09619077374622975,0.0,0.0,0.0
768.0,2.9464,0.09665971703043397,0.0,0.0,0.0
768.3333333333334,2.9562777777777782,0.09712864112998432,0.0,0.0,0.0
768.6666666666667,2.966155555555556,0.09759759720395778,0.0,0.0,0.0
769.0,2.976033333333334,0.09806653409327737,0.0,0.0,0.0
769.3333333333334,2.9859111111111116,0.0985354837723662,0.0,0.0,0.0
769.6666666666666,2.9957888888888893,0.0990044206616858,0.0,0.0,0.0
770.0,3.005666666666667,0.0994733895254285,0.0,0.0,0.0
770.3333333333333,3.015544444444445,0.09994232001986347,0.0,0.0,0.0
770.6666666666667,3.0254222222222227,0.10041127609383693,0.0,0.0,0.0
771.0,3.0353000000000003,0.10088020019338728,0.0,0.0,0.0
771.3333333333334,3.0451777777777784,0.10134912429293763,0.0,0.0,0.0
771.6666666666666,3.0550555555555556,0.10181808676179571,0.0,0.0,0.0
772.0,3.064933333333334,0.10228704283576917,0.0,0.0,0.0
772.3333333333333,3.0748111111111114,0.10275597972508876,0.0,0.0,0.0
772.6666666666667,3.084688888888889,0.10322493579906222,0.0,0.0,0.0
773.0,3.094566666666667,0.10369385989861257,0.0,0.0,0.0
773.3333333333334,3.104444444444445,0.10416282236747065,0.0,0.0,0.0
773.6666666666666,3.114322222222223,0.10463174007213638,0.0,0.0,0.0
774.0,3.1242,0.10510070254099446,0.0,0.0,0.0
774.3333333333333,3.134077777777778,0.10556963943031406,0.0,0.0,0.0
774.6666666666667,3.143955555555556,0.10603858271451827,0.0,0.0,0.0
775.0,3.153833333333334,0.10650754518337635,0.0,0.0,0.0
775.3333333333334,3.1637111111111116,0.1069764692829267,0.0,0.0,0.0
775.6666666666666,3.1735888888888892,0.10744541896201554,0.0,0.0,0.0
776.0,3.183466666666667,0.10791438143087362,0.0,0.0,0.0
776.3333333333333,3.193344444444445,0.10838333110996246,0.0,0.0,0.0
776.6666666666666,3.2032222222222226,0.10885226799928205,0.0,0.0,0.0
777.0,3.2131000000000003,0.10932117930906315,0.0,0.0,0.0
777.3333333333334,3.2229777777777784,0.10979015456769048,0.0,0.0,0.0
777.6666666666666,3.2328555555555556,0.11025910424677932,0.0,0.0,0.0
778.0,3.242733333333334,0.11072802834632967,0.0,0.0,0.0
778.3333333333333,3.2526111111111113,0.11119693965611077,0.0,0.0,0.0
778.6666666666666,3.2624888888888894,0.11166592770450734,0.0,0.0,0.0
779.0,3.272366666666667,0.11213486459382693,0.0,0.0,0.0
779.3333333333334,3.2822444444444443,0.11260380148314653,0.0,0.0,0.0
779.6666666666666,3.2921222222222224,0.11307271279292763,0.0,0.0,0.0
780.0,3.302,0.1135417008413242,0.0,0.0,0.0
780.3333333333334,3.302,0.1135417008413242,0.0,0.0,0.0
780.6666666666666,3.302,0.1135417008413242,0.0,0.0,0.0
781.0,3.302,0.1135417008413242,0.0,0.0,0.0
781.3333333333334,3.302,0.1135417008413242,0.0,0.0,0.0
781.6666666666667,3.302,0.1135417008413242,0.0,0.0,0.0
782.0,3.302,0.1135417008413242,0.0,0.0,0.0
782.3333333333334,3.302,0.1135417008413242,0.0,0.0,0.0
782.6666666666666,3.302,0.1135417008413242,0.0,0.0,0.0
783.0,3.302,0.1135417008413242,0.0,0.0,0.0
783.3333333333334,3.302,0.1135417008413242,0.0,0.0,0.0
783.6666666666667,3.302,0.1135417008413242,0.0,0.0,0.0
784.0,3.302,0.1135417008413242,0.0,0.0,0.0
784.3333333333334,3.302,0.1135417008413242,0.0,0.0,0.0
784.6666666666666,3.302,0.1135417008413242,0.0,0.0,0.0
785.0,3.302,0.1135417008413242,0.0,0.0,0.0
785.3333333333333,3.302,0.1135417008413242,0.0,0.0,0.0
785.6666666666667,3.302,0.1135417008413242,0.0,0.0,0.0
786.0,3.302,0.1135417008413242,0.0,0.0,0.0
786.3333333333334,3.302,0.1135417008413242,0.0,0.0,0.0
786.6666666666666,3.302,0.1135417008413242,0.0,0.0,0.0
787.0,3.302,0.1135417008413242,0.0,0.0,0.0
787.3333333333333,3.302,0.1135417008413242,0.0,0.0,0.0
787.6666666666667,3.302,0.1135417008413242,0.0,0.0,0.0
788.0,3.302,0.1135417008413242,0.0,0.0,0.0
788.3333333333334,3.302,0.1135417008413242,0.0,0.0,0.0
788.6666666666666,3.302,0.1135417008413242,0.0,0.0,0.0
789.0,3.302,0.1135417008413242,0.0,0.0,0.0
789.3333333333333,3.302,0.1135417008413242,0.0,0.0,0.0
789.6666666666667,3.302,0.1135417008413242,0.0,0.0,0.0
790.0,3.302,0.1135417008413242,0.0,0.0,0.0
790.3333333333334,3.302,0.1135417008413242,0.0,0.0,0.0
790.6666666666666,3.302,0.1135417008413242,0.0,0.0,0.0
791.0,3.302,0.1135417008413242,0.0,0.0,0.0
791.3333333333333,3.302,0.1135417008413242,0.0,0.0,0.0
791.6666666666666,3.302,0.1135417008413242,0.0,0.0,0.0
792.0,3.302,0.1135417008413242,0.0,0.0,0.0
792.3333333333334,3.302,0.1135417008413242,0.0,0.0,0.0
792.6666666666666,3.302,0.1135417008413242,0.0,0.0,0.0
793.0,3.302,0.1135417008413242,0.0,0.0,0.0
793.3333333333333,3.302,0.1135417008413242,0.0,0.0,0.0
793.6666666666666,3.302,0.1135417008413242,0.0,0.0,0.0
794.0,3.302,0.1135417008413242,0.0,0.0,0.0
794.3333333333334,3.302,0.1135417008413242,0.0,0.0,0.0
794.6666666666666,3.302,0.1135417008413242,0.0,0.0,0.0
795.0,3.302,0.1135417008413242,0.0,0.0,0.0
795.3333333333334,3.302,0.1135417008413242,0.0,0.0,0.0
795.6666666666666,3.302,0.1135417008413242,0.0,0.0,0.0
796.0,3.302,0.1135417008413242,0.0,0.0,0.0
796.3333333333334,3.302,0.1135417008413242,0.0,0.0,0.0
796.6666666666667,3.302,0.1135417008413242,0.0,0.0,0.0
797.0,3.302,0.1135417008413242,0.0,0.0,0.0
797.3333333333334,3.302,0.1135417008413242,0.0,0.0,0.0
797.6666666666666,3.302,0.1135417008413242,0.0,0.0,0.0
798.0,3.302,0.1135417008413242,0.0,0.0,0.0
798.3333333333334,3.302,0.1135417008413242,0.0,0.0,0.0
798.6666666666667,3.302,0.1135417008413242,0.0,0.0,0.0
799.0,3.302,0.1135417008413242,0.0,0.0,0.0
799.3333333333334,3.302,0.1135417008413242,0.0,0.0,0.0
799.6666666666666,3.302,0.1135417008413242,0.0,0.0,0.0
800.0,3.302,0.1135417008413242,0.0,0.0,0.0
800.3333333333333,3.302,0.1135417008413242,0.0,0.0,0.0
800.6666666666667,3.302,0.1135417008413242,0.0,0.0,0.0
801.0,3.302,0.1135417008413242,0.0,0.0,0.0
801.3333333333334,3.302,0.1135417008413242,0.0,0.0,0.0
801.6666666666666,3.302,0.1135417008413242,0.0,0.0,0.0
802.0,3.302,0.1135417008413242,0.0,0.0,0.0
802.3333333333333,3.302,0.1135417008413242,0.0,0.0,0.0
802.6666666666667,3.302,0.1135417008413242,0.0,0.0,0.0
803.0,3.302,0.1135417008413242,0.0,0.0,0.0
803.3333333333334,3.302,0.1135417008413242,0.0,0.0,0.0
803.6666666666666,3.302,0.1135417008413242,0.0,0.0,0.0
804.0,3.302,0.1135417008413242,0.0,0.0,0.0
804.3333333333333,3.302,0.1135417008413242,0.0,0.0,0.0
804.6666666666667,3.302,0.1135417008413242,0.0,0.0,0.0
805.0,3.302,0.1135417008413242,0.0,0.0,0.0
805.3333333333334,3.302,0.1135417008413242,0.0,0.0,0.0
805.6666666666666,3.302,0.1135417008413242,0.0,0.0,0.0
806.0,3.302,0.1135417008413242,0.0,0.0,0.0
806.3333333333333,3.302,0.1135417008413242,0.0,0.0,0.0
806.6666666666666,3.302,0.1135417008413242,0.0,0.0,0.0
807.0,3.302,0.1135417008413242,0.0,0.0,0.0
807.3333333333334,3.302,0.1135417008413242,0.0,0.0,0.0
807.6666666666666,3.302,0.1135417008413242,0.0,0.0,0.0
808.0,3.302,0.1135417008413242,0.0,0.0,0.0
808.3333333333333,3.302,0.1135417008413242,0.0,0.0,0.0
808.6666666666666,3.302,0.1135417008413242,0.0,0.0,0.0
809.0,3.302,0.1135417008413242,0.0,0.0,0.0
809.3333333333334,3.302,0.1135417008413242,0.0,0.0,0.0
809.6666666666666,3.302,0.1135417008413242,0.0,0.0,0.0
810.0,3.302,0.1135417008413242,0.0,0.0,0.0
810.3333333333334,3.302,0.1135417008413242,0.0,0.0,0.0
810.6666666666666,3.302,0.1135417008413242,0.0,0.0,0.0
811.0,3.302,0.1135417008413242,0.0,0.0,0.0
811.3333333333334,3.302,0.1135417008413242,0.0,0.0,0.0
811.6666666666667,3.302,0.1135417008413242,0.0,0.0,0.0
812.0,3.302,0.1135417008413242,0.0,0.0,0.0
812.3333333333334,3.302,0.1135417008413242,0.0,0.0,0.0
812.6666666666666,3.302,0.1135417008413242,0.0,0.0,0.0
813.0,3.302,0.1135417008413242,0.0,0.0,0.0
813.3333333333334,3.302,0.1135417008413242,0.0,0.0,0.0
813.6666666666667,3.302,0.1135417008413242,0.0,0.0,0.0
814.0,3.302,0.1135417008413242,0.0,0.0,0.0
814.3333333333334,3.302,0.1135417008413242,0.0,0.0,0.0
814.6666666666666,3.302,0.1135417008413242,0.0,0.0,0.0
815.0,3.302,0.1135417008413242,0.0,0.0,0.0
815.3333333333333,3.302,0.1135417008413242,0.0,0.0,0.0
815.6666666666667,3.302,0.1135417008413242,0.0,0.0,0.0
816.0,3.302,0.1135417008413242,0.0,0.0,0.0
816.3333333333334,3.302,0.1135417008413242,0.0,0.0,0.0
816.6666666666666,3.302,0.1135417008413242,0.0,0.0,0.0
817.0,3.302,0.1135417008413242,0.0,0.0,0.0
817.3333333333333,3.302,0.1135417008413242,0.0,0.0,0.0
817.6666666666667,3.302,0.1135417008413242,0.0,0.0,0.0
818.0,3.302,0.1135417008413242,0.0,0.0,0.0
818.3333333333334,3.302,0.1135417008413242,0.0,0.0,0.0
818.6666666666666,3.302,0.1135417008413242,0.0,0.0,0.0
819.0,3.302,0.1135417008413242,0.0,0.0,0.0
819.3333333333333,3.302,0.1135417008413242,0.0,0.0,0.0
819.6666666666667,3.302,0.1135417008413242,0.0,0.0,0.0
820.0,3.302,0.1135417008413242,0.0,0.0,0.0
820.3333333333334,3.302,0.1135417008413242,0.0,0.0,0.0
820.6666666666666,3.302,0.1135417008413242,0.0,0.0,0.0
821.0,3.302,0.1135417008413242,0.0,0.0,0.0
821.3333333333333,3.302,0.1135417008413242,0.0,0.0,0.0
821.6666666666666,3.302,0.1135417008413242,0.0,0.0,0.0
822.0,3.302,0.1135417008413242,0.0,0.0,0.0
822.3333333333334,3.302,0.1135417008413242,0.0,0.0,0.0
822.6666666666666,3.302,0.1135417008413242,0.0,0.0,0.0
823.0,3.302,0.1135417008413242,0.0,0.0,0.0
823.3333333333333,3.302,0.1135417008413242,0.0,0.0,0.0
823.6666666666666,3.302,0.1135417008413242,0.0,0.0,0.0
824.0,3.302,0.1135417008413242,0.0,0.0,0.0
824.3333333333334,3.302,0.1135417008413242,0.0,0.0,0.0
824.6666666666666,3.302,0.1135417008413242,0.0,0.0,0.0
825.0,3.302,0.1135417008413242,0.0,0.0,0.0
825.3333333333334,3.302,0.1135417008413242,0.0,0.0,0.0
825.6666666666666,3.302,0.1135417008413242,0.0,0.0,0.0
826.0,3.302,0.1135417008413242,0.0,0.0,0.0
826.3333333333334,3.302,0.1135417008413242,0.0,0.0,0.0
826.6666666666667,3.302,0.1135417008413242,0.0,0.0,0.0
827.0,3.302,0.1135417008413242,0.0,0.0,0.0
827.3333333333334,3.302,0.1135417008413242,0.0,0.0,0.0
827.6666666666666,3.302,0.1135417008413242,0.0,0.0,0.0
828.0,3.302,0.1135417008413242,0.0,0.0,0.0
828.3333333333334,3.302,0.1135417008413242,0.0,0.0,0.0
828.6666666666667,3.302,0.1135417008413242,0.0,0.0,0.0
829.0,3.302,0.1135417008413242,0.0,0.0,0.0
829.3333333333334,3.302,0.1135417008413242,0.0,0.0,0.0
829.6666666666666,3.302,0.1135417008413242,0.0,0.0,0.0
830.0,3.302,0.1135417008413242,0.0,0.0,0.0
830.3333333333333,3.302,0.1135417008413242,0.0,0.0,0.0
830.6666666666667,3.302,0.1135417008413242,0.0,0.0,0.0
831.0,3.302,0.1135417008413242,0.0,0.0,0.0
831.3333333333334,3.302,0.1135417008413242,0.0,0.0,0.0
831.6666666666666,3.302,0.1135417008413242,0.0,0.0,0.0
832.0,3.302,0.1135417008413242,0.0,0.0,0.0
832.3333333333333,3.302,0.1135417008413242,0.0,0.0,0.0
832.6666666666667,3.302,0.1135417008413242,0.0,0.0,0.0
833.0,3.302,0.1135417008413242,0.0,0.0,0.0
833.3333333333334,3.302,0.1135417008413242,0.0,0.0,0.0
833.6666666666666,3.302,0.1135417008413242,0.0,0.0,0.0
834.0,3.302,0.1135417008413242,0.0,0.0,0.0
834.3333333333333,3.302,0.1135417008413242,0.0,0.0,0.0
834.6666666666667,3.302,0.1135417008413242,0.0,0.0,0.0
835.0,3.302,0.1135417008413242,0.0,0.0,0.0
835.3333333333334,3.302,0.1135417008413242,0.0,0.0,0.0
835.6666666666666,3.302,0.1135417008413242,0.0,0.0,0.0
836.0,3.302,0.1135417008413242,0.0,0.0,0.0
836.3333333333333,3.302,0.1135417008413242,0.0,0.0,0.0
836.6666666666666,3.302,0.1135417008413242,0.0,0.0,0.0
837.0,3.302,0.1135417008413242,0.0,0.0,0.0
837.3333333333334,3.302,0.1135417008413242,0.0,0.0,0.0
837.6666666666666,3.302,0.1135417008413242,0.0,0.0,0.0
838.0,3.302,0.1135417008413242,0.0,0.0,0.0
838.3333333333333,3.302,0.1135417008413242,0.0,0.0,0.0
838.6666666666666,3.302,0.1135417008413242,0.0,0.0,0.0
839.0,3.302,0.1135417008413242,0.0,0.0,0.0
839.3333333333334,3.302,0.1135417008413242,0.0,0.0,0.0
839.6666666666666,3.302,0.1135417008413242,0.0,0.0,0.0
840.0,3.302,0.1135417008413242,0.0,0.0,0.0
840.3333333333334,3.3062333333333336,0.11374267927521942,0.0,0.0,0.0
840.6666666666666,3.310466666666667,0.11394364491934539,0.0,0.0,0.0
841.0,3.3147,0.1141446233532406,0.0,0.0,0.0
841.3333333333334,3.3189333333333337,0.11434560178713582,0.0,0.0,0.0
841.6666666666667,3.3231666666666664,0.11454658022103104,0.0,0.0,0.0
842.0,3.3274000000000004,0.11474755865492625,0.0,0.0,0.0
842.3333333333334,3.3316333333333334,0.11494851150928298,0.0,0.0,0.0
842.6666666666666,3.335866666666667,0.11514950273294744,0.0,0.0,0.0
843.0,3.3401000000000005,0.11535048116684266,0.0,0.0,0.0
843.3333333333334,3.3443333333333336,0.11555143402119938,0.0,0.0,0.0
843.6666666666667,3.348566666666667,0.11575242524486384,0.0,0.0,0.0
844.0,3.3528000000000002,0.11595342925829755,0.0,0.0,0.0
844.3333333333334,3.3570333333333333,0.11615435653311579,0.0,0.0,0.0
844.6666666666666,3.361266666666667,0.11635534775678025,0.0,0.0,0.0
845.0,3.3655,0.11655632619067546,0.0,0.0,0.0
845.3333333333333,3.3697333333333335,0.11675731741433992,0.0,0.0,0.0
845.6666666666667,3.373966666666667,0.11695825747892741,0.0,0.0,0.0
846.0,3.3782000000000005,0.11715927428213035,0.0,0.0,0.0
846.3333333333334,3.3824333333333336,0.11736025271602557,0.0,0.0,0.0
846.6666666666666,3.386666666666667,0.11756121836015154,0.0,0.0,0.0
847.0,3.3909000000000002,0.11776219679404676,0.0,0.0,0.0
847.3333333333333,3.3951333333333333,0.11796314964840349,0.0,0.0,0.0
847.6666666666667,3.399366666666667,0.11816414087206795,0.0,0.0,0.0
848.0,3.4036,0.11836511930596316,0.0,0.0,0.0
848.3333333333334,3.4078333333333335,0.11856608495008913,0.0,0.0,0.0
848.6666666666666,3.412066666666667,0.1187670505942151,0.0,0.0,0.0
849.0,3.4163,0.11896804181787957,0.0,0.0,0.0
849.3333333333333,3.4205333333333336,0.11916903304154403,0.0,0.0,0.0
849.6666666666667,3.4247666666666667,0.11937002426520849,0.0,0.0,0.0
850.0,3.4290000000000003,0.11957098990933446,0.0,0.0,0.0
850.3333333333334,3.433233333333333,0.11977192997392194,0.0,0.0,0.0
850.6666666666666,3.4374666666666664,0.11997293398735565,0.0,0.0,0.0
851.0,3.4417,0.12017389963148162,0.0,0.0,0.0
851.3333333333333,3.445933333333334,0.12037489085514608,0.0,0.0,0.0
851.6666666666666,3.4501666666666675,0.12057581812996432,0.0,0.0,0.0
852.0,3.4544000000000006,0.12077682214339802,0.0,0.0,0.0
852.3333333333334,3.4586333333333337,0.12097781336706248,0.0,0.0,0.0
852.6666666666666,3.4628666666666668,0.12117876622141921,0.0,0.0,0.0
853.0,3.4671000000000003,0.12137978302462216,0.0,0.0,0.0
853.3333333333333,3.471333333333334,0.12158074866874813,0.0,0.0,0.0
853.6666666666666,3.475566666666667,0.12178173989241259,0.0,0.0,0.0
854.0,3.4798000000000004,0.12198267995700007,0.0,0.0,0.0
854.3333333333334,3.4840333333333335,0.1221836328113568,0.0,0.0,0.0
854.6666666666666,3.488266666666667,0.12238461124525202,0.0,0.0,0.0
855.0,3.4925,0.12258562804845496,0.0,0.0,0.0
855.3333333333334,3.4967333333333332,0.1227865553232732,0.0,0.0,0.0
855.6666666666666,3.500966666666667,0.12298755933670691,0.0,0.0,0.0
856.0,3.5052,0.12318853777060212,0.0,0.0,0.0
856.3333333333334,3.5094333333333334,0.12338952899426658,0.0,0.0,0.0
856.6666666666667,3.5136666666666665,0.12359052021793104,0.0,0.0,0.0
857.0,3.5179,0.12379146028251853,0.0,0.0,0.0
857.3333333333334,3.5221333333333336,0.12399246429595223,0.0,0.0,0.0
857.6666666666666,3.5263666666666666,0.1241934299400782,0.0,0.0,0.0
858.0,3.5306,0.12439439558420418,0.0,0.0,0.0
858.3333333333334,3.534833333333333,0.12459537401809939,0.0,0.0,0.0
858.6666666666667,3.5390666666666664,0.12479635245199461,0.0,0.0,0.0
859.0,3.5432999999999995,0.1249973820449668,0.0,0.0,0.0
859.3333333333334,3.547533333333334,0.12519830931978504,0.0,0.0,0.0
859.6666666666666,3.5517666666666674,0.125399274963911,0.0,0.0,0.0
860.0,3.5560000000000005,0.12560025339780623,0.0,0.0,0.0
860.3333333333333,3.560233333333334,0.12580123183170144,0.0,0.0,0.0
860.6666666666667,3.5644666666666667,0.12600223584513515,0.0,0.0,0.0
861.0,3.5687,0.12620318869949188,0.0,0.0,0.0
861.3333333333334,3.5729333333333333,0.12640410318454087,0.0,0.0,0.0
861.6666666666666,3.577166666666667,0.12660513277751306,0.0,0.0,0.0
862.0,3.5814000000000004,0.12680613679094677,0.0,0.0,0.0
862.3333333333333,3.5856333333333335,0.1270070896453035,0.0,0.0,0.0
862.6666666666667,3.589866666666667,0.1272080936587372,0.0,0.0,0.0
863.0,3.5941,0.12740903372332468,0.0,0.0,0.0
863.3333333333334,3.5983333333333336,0.12761002494698914,0.0,0.0,0.0
863.6666666666666,3.6025666666666667,0.12781100338088436,0.0,0.0,0.0
864.0,3.6068,0.12801196902501033,0.0,0.0,0.0
864.3333333333333,3.6110333333333333,0.12821297303844403,0.0,0.0,0.0
864.6666666666667,3.6152666666666664,0.12841391310303152,0.0,0.0,0.0
865.0,3.6195,0.1286148787471575,0.0,0.0,0.0
865.3333333333334,3.623733333333333,0.12881583160151422,0.0,0.0,0.0
865.6666666666666,3.6279666666666666,0.12901687398425565,0.0,0.0,0.0
866.0,3.6322,0.1292178012590739,0.0,0.0,0.0
866.3333333333333,3.6364333333333336,0.1294188052725076,0.0,0.0,0.0
866.6666666666666,3.640666666666667,0.12961977091663357,0.0,0.0,0.0
867.0,3.6449000000000003,0.12982077493006727,0.0,0.0,0.0
867.3333333333334,3.649133333333334,0.13002168941511627,0.0,0.0,0.0
867.6666666666666,3.653366666666667,0.1302227317978577,0.0,0.0,0.0
868.0,3.6576000000000004,0.13042368465221443,0.0,0.0,0.0
868.3333333333333,3.661833333333334,0.13062466308610965,0.0,0.0,0.0
868.6666666666666,3.666066666666667,0.13082566709954335,0.0,0.0,0.0
869.0,3.6703,0.13102660716413084,0.0,0.0,0.0
869.3333333333334,3.674533333333333,0.1312275983877953,0.0,0.0,0.0
869.6666666666666,3.6787666666666667,0.1314285768216905,0.0,0.0,0.0
870.0,3.6830000000000003,0.13162950409650875,0.0,0.0,0.0
870.3333333333334,3.6872333333333334,0.13183050810994246,0.0,0.0,0.0
870.6666666666666,3.691466666666667,0.13203147375406843,0.0,0.0,0.0
871.0,3.6957,0.13223242660842516,0.0,0.0,0.0
871.3333333333334,3.6999333333333335,0.13243343062185886,0.0,0.0,0.0
871.6666666666667,3.7041666666666666,0.13263443463529256,0.0,0.0,0.0
872.0,3.7083999999999997,0.13283540027941854,0.0,0.0,0.0
872.3333333333334,3.7126333333333332,0.13303634034400602,0.0,0.0,0.0
872.6666666666666,3.7168666666666663,0.13323735714720897,0.0,0.0,0.0
873.0,3.7211,0.13343832279133494,0.0,0.0,0.0
873.3333333333334,3.725333333333333,0.13363926285592242,0.0,0.0,0.0
873.6666666666667,3.7295666666666665,0.13384027965912537,0.0,0.0,0.0
874.0,3.7338,0.1340412580930206,0.0,0.0,0.0
874.3333333333334,3.738033333333333,0.1342422365269158,0.0,0.0,0.0
874.6666666666666,3.742266666666667,0.13444320217104178,0.0,0.0,0.0
875.0,3.7465,0.1346441550253985,0.0,0.0,0.0
875.3333333333333,3.7507333333333337,0.1348451846183707,0.0,0.0,0.0
875.6666666666667,3.754966666666667,0.1350460991034197,0.0,0.0,0.0
876.0,3.7592000000000003,0.13524709032708415,0.0,0.0,0.0
876.3333333333334,3.763433333333334,0.1354480815507486,0.0,0.0,0.0
876.6666666666666,3.767666666666667,0.13564904719487458,0.0,0.0,0.0
877.0,3.7719000000000005,0.1358500512083083,0.0,0.0,0.0
877.3333333333333,3.7761333333333336,0.13605100406266502,0.0,0.0,0.0
877.6666666666667,3.7803666666666667,0.13625200807609872,0.0,0.0,0.0
878.0,3.7845999999999997,0.1364529481406862,0.0,0.0,0.0
878.3333333333334,3.7888333333333333,0.13665392657458142,0.0,0.0,0.0
878.6666666666666,3.793066666666667,0.13685490500847663,0.0,0.0,0.0
879.0,3.7973,0.1370558962321411,0.0,0.0,0.0
879.3333333333333,3.8015333333333334,0.13725686187626707,0.0,0.0,0.0
879.6666666666667,3.8057666666666665,0.13745785309993153,0.0,0.0,0.0
880.0,3.81,0.13765883153382674,0.0,0.0,0.0
880.3333333333334,3.814233333333333,0.13785978438818347,0.0,0.0,0.0
880.6666666666666,3.8184666666666662,0.1380607628220787,0.0,0.0,0.0
881.0,3.8226999999999998,0.1382617412559739,0.0,0.0,0.0
881.3333333333333,3.8269333333333337,0.13846275805917685,0.0,0.0,0.0
881.6666666666666,3.8311666666666673,0.1386636853339951,0.0,0.0,0.0
882.0,3.8354000000000004,0.1388646893474288,0.0,0.0,0.0
882.3333333333334,3.839633333333334,0.13906562941201628,0.0,0.0,0.0
882.6666666666666,3.8438666666666674,0.13926659505614225,0.0,0.0,0.0
883.0,3.8481,0.1394675862798067,0.0,0.0,0.0
883.3333333333333,3.8523333333333336,0.13966855192393268,0.0,0.0,0.0
883.6666666666666,3.8565666666666667,0.13986954314759714,0.0,0.0,0.0
884.0,3.8608000000000002,0.14007057274056933,0.0,0.0,0.0
884.3333333333334,3.8650333333333333,0.14027150001538757,0.0,0.0,0.0
884.6666666666666,3.869266666666667,0.14047250402882128,0.0,0.0,0.0
885.0,3.8735000000000004,0.1406734824627165,0.0,0.0,0.0
885.3333333333334,3.8777333333333335,0.14087440973753473,0.0,0.0,0.0
885.6666666666666,3.881966666666667,0.14107541375096844,0.0,0.0,0.0
886.0,3.8861999999999997,0.14127636660532517,0.0,0.0,0.0
886.3333333333334,3.890433333333333,0.14147733224945114,0.0,0.0,0.0
886.6666666666667,3.8946666666666667,0.14167836184242333,0.0,0.0,0.0
887.0,3.8989,0.1418793019070108,0.0,0.0,0.0
887.3333333333334,3.9031333333333333,0.14208031871021376,0.0,0.0,0.0
887.6666666666666,3.907366666666666,0.1422812715645705,0.0,0.0,0.0
888.0,3.9115999999999995,0.14248226278823495,0.0,0.0,0.0
888.3333333333334,3.9158333333333326,0.14268320285282243,0.0,0.0,0.0
888.6666666666667,3.920066666666666,0.1428841684969484,0.0,0.0,0.0
889.0,3.9242999999999997,0.14308518530015135,0.0,0.0,0.0
889.3333333333334,3.9285333333333328,0.14328612536473884,0.0,0.0,0.0
889.6666666666666,3.9327666666666663,0.14348714216794178,0.0,0.0,0.0
890.0,3.9370000000000003,0.14368808223252927,0.0,0.0,0.0
890.3333333333333,3.941233333333334,0.14388908624596297,0.0,0.0,0.0
890.6666666666667,3.945466666666667,0.14409009025939667,0.0,0.0,0.0
891.0,3.9497000000000004,0.14429103032398416,0.0,0.0,0.0
891.3333333333334,3.953933333333334,0.14449199596811013,0.0,0.0,0.0
891.6666666666666,3.958166666666667,0.14469299998154384,0.0,0.0,0.0
892.0,3.9624000000000006,0.14489395283590056,0.0,0.0,0.0
892.3333333333333,3.9666333333333337,0.14509491848002654,0.0,0.0,0.0
892.6666666666667,3.9708666666666663,0.14529589691392175,0.0,0.0,0.0
893.0,3.9751,0.1454968881375862,0.0,0.0,0.0
893.3333333333334,3.979333333333333,0.14569789215101991,0.0,0.0,0.0
893.6666666666666,3.9835666666666665,0.14589884500537664,0.0,0.0,0.0
894.0,3.9877999999999996,0.14609981064950261,0.0,0.0,0.0
894.3333333333333,3.992033333333333,0.14630082745270556,0.0,0.0,0.0
894.6666666666667,3.996266666666666,0.1465017547275238,0.0,0.0,0.0
895.0,4.0005,0.1467027587409575,0.0,0.0,0.0
895.3333333333334,4.004733333333333,0.14690371159531423,0.0,0.0,0.0
895.6666666666666,4.008966666666667,0.1471046772394402,0.0,0.0,0.0
896.0,4.013199999999999,0.14730564288356618,0.0,0.0,0.0
896.3333333333333,4.017433333333333,0.14750667247653837,0.0,0.0,0.0
896.6666666666666,4.021666666666667,0.14770761254112585,0.0,0.0,0.0
897.0,4.025900000000001,0.14790861655455956,0.0,0.0,0.0
897.3333333333334,4.030133333333334,0.14810958219868553,0.0,0.0,0.0
897.6666666666666,4.034366666666667,0.14831056063258075,0.0,0.0,0.0
898.0,4.0386,0.14851156464601445,0.0,0.0,0.0
898.3333333333333,4.042833333333333,0.14871250471060193,0.0,0.0,0.0
898.6666666666666,4.047066666666667,0.1489134703547279,0.0,0.0,0.0
899.0,4.0512999999999995,0.14911443599885388,0.0,0.0,0.0
899.3333333333334,4.055533333333333,0.14931545280205683,0.0,0.0,0.0
899.6666666666666,4.0597666666666665,0.1495164184461828,0.0,0.0,0.0
900.0,4.064,0.149717396880078,0.0,0.0,0.0
900.3333333333334,4.047066666666667,0.1489134703547279,0.0,0.0,0.0
900.6666666666666,4.030133333333334,0.14810958219868553,0.0,0.0,0.0
901.0,4.013199999999999,0.14730564288356618,0.0,0.0,0.0
901.3333333333334,3.996266666666666,0.1465017547275238,0.0,0.0,0.0
901.6666666666667,3.979333333333333,0.14569789215101991,0.0,0.0,0.0
902.0,3.9624000000000006,0.14489395283590056,0.0,0.0,0.0
902.3333333333334,3.945466666666667,0.14409009025939667,0.0,0.0,0.0
902.6666666666666,3.9285333333333328,0.14328612536473884,0.0,0.0,0.0
903.0,3.9115999999999995,0.14248226278823495,0.0,0.0,0.0
903.3333333333334,3.8946666666666667,0.14167836184242333,0.0,0.0,0.0
903.6666666666667,3.8777333333333335,0.14087440973753473,0.0,0.0,0.0
904.0,3.8608000000000002,0.14007057274056933,0.0,0.0,0.0
904.3333333333334,3.8438666666666674,0.13926659505614225,0.0,0.0,0.0
904.6666666666666,3.826933333333333,0.13846275805917685,0.0,0.0,0.0
905.0,3.81,0.13765883153382674,0.0,0.0,0.0
905.3333333333333,3.793066666666667,0.13685490500847663,0.0,0.0,0.0
905.6666666666667,3.7761333333333336,0.13605100406266502,0.0,0.0,0.0
906.0,3.7592000000000003,0.13524709032708415,0.0,0.0,0.0
906.3333333333334,3.7422666666666666,0.13444320217104178,0.0,0.0,0.0
906.6666666666666,3.725333333333333,0.13363926285592242,0.0,0.0,0.0
907.0,3.7083999999999997,0.13283540027941854,0.0,0.0,0.0
907.3333333333333,3.691466666666667,0.13203147375406843,0.0,0.0,0.0
907.6666666666667,3.674533333333333,0.1312275983877953,0.0,0.0,0.0
908.0,3.6576000000000004,0.13042368465221443,0.0,0.0,0.0
908.3333333333334,3.6406666666666663,0.12961977091663357,0.0,0.0,0.0
908.6666666666666,3.623733333333333,0.12881583160151422,0.0,0.0,0.0
909.0,3.6068,0.12801196902501033,0.0,0.0,0.0
909.3333333333333,3.589866666666667,0.1272080936587372,0.0,0.0,0.0
909.6666666666667,3.5729333333333333,0.12640410318454087,0.0,0.0,0.0
910.0,3.5559999999999996,0.12560025339780623,0.0,0.0,0.0
910.3333333333334,3.5390666666666664,0.12479635245199461,0.0,0.0,0.0
910.6666666666666,3.5221333333333336,0.12399246429595223,0.0,0.0,0.0
911.0,3.5052,0.12318853777060212,0.0,0.0,0.0
911.3333333333333,3.488266666666667,0.12238461124525202,0.0,0.0,0.0
911.6666666666666,3.471333333333334,0.12158074866874813,0.0,0.0,0.0
912.0,3.4543999999999997,0.12077682214339802,0.0,0.0,0.0
912.3333333333334,3.4374666666666664,0.11997293398735565,0.0,0.0,0.0
912.6666666666666,3.4205333333333336,0.11916903304154403,0.0,0.0,0.0
913.0,3.4036,0.11836511930596316,0.0,0.0,0.0
913.3333333333333,3.3866666666666667,0.11756121836015154,0.0,0.0,0.0
913.6666666666666,3.3697333333333335,0.11675731741433992,0.0,0.0,0.0
914.0,3.3528,0.11595342925829755,0.0,0.0,0.0
914.3333333333334,3.3358666666666665,0.11514950273294744,0.0,0.0,0.0
914.6666666666666,3.3189333333333337,0.11434560178713582,0.0,0.0,0.0
915.0,3.3019999999999996,0.1135417008413242,0.0,0.0,0.0
915.3333333333334,3.285066666666667,0.11273779989551258,0.0,0.0,0.0
915.6666666666666,3.268133333333333,0.11193389894970096,0.0,0.0,0.0
916.0,3.2512000000000003,0.11113001079365858,0.0,0.0,0.0
916.3333333333334,3.2342666666666666,0.11032607147853923,0.0,0.0,0.0
916.6666666666667,3.2173333333333334,0.10952218332249686,0.0004,0.0,0.0500025749206543
917.0,3.2004,0.10871829516645448,0.0004,0.0,0.05005010589957237
917.3333333333334,3.1834666666666664,0.10791438143087362,0.0004,0.0,0.05009761080145836
917.6666666666666,3.166533333333333,0.10711046130040813,0.0004,0.0,0.05014517158269882
918.0,3.1496,0.10630656674948114,0.0004,0.0,0.050192706286907196
918.3333333333334,3.1326666666666667,0.10550267859343876,0.0004,0.0,0.05024021491408348
918.6666666666667,3.115733333333333,0.10469874567320403,0.0004,0.0,0.050287697464227676
919.0,3.0988,0.10389483833250779,0.0004,0.0,0.050335101783275604
919.3333333333334,3.081866666666666,0.10309094378158079,0.0004,0.0,0.05038254335522652
919.6666666666666,3.0649333333333333,0.10228704283576917,0.0004,0.0,0.05042995885014534
920.0,3.048,0.10148312270530369,0.0004,0.0,0.050477344542741776
920.3333333333333,3.031066666666667,0.10067920896972282,0.0004,0.0,0.05052470415830612
920.6666666666667,3.014133333333333,0.09987533999833431,0.0004,0.0,0.05057203769683838
921.0,2.9972,0.09907141986786883,0.0004,0.0,0.05061934515833855
921.3333333333334,2.980266666666666,0.09826751252717258,0.0004,0.0,0.050666626542806625
921.6666666666666,2.9633333333333334,0.09746361158136096,0.0004,0.0,0.050713881850242615
922.0,2.9464,0.09665971703043397,0.0004,0.0,0.050761111080646515
922.3333333333333,2.929466666666667,0.09585579689996848,0.0004,0.0,0.050808314234018326
922.6666666666667,2.912533333333333,0.09505189595415686,0.0004,0.0,0.05085557699203491
923.0,2.8956,0.09424800779811449,0.0004,0.0,0.05090281367301941
923.3333333333334,2.8786666666666667,0.09344407487787976,0.0004,0.0,0.05095002427697182
923.6666666666666,2.8617333333333335,0.09264015474741427,0.0004,0.0,0.050997208803892136
924.0,2.8448,0.09183628577602576,0.0004,0.0,0.0510442890226841
924.3333333333333,2.827866666666667,0.09103235925067565,0.0004,0.0,0.05109134316444397
924.6666666666667,2.810933333333333,0.09022847109463328,0.0004,0.0,0.05113837122917175
925.0,2.794,0.0894245829385909,0.0004,0.0,0.05118537321686745
925.3333333333334,2.777066666666667,0.08862068199277928,0.0004,0.0,0.05123229697346687
925.6666666666666,2.760133333333333,0.08781676825719842,0.0004,0.0,0.05127919465303421
926.0,2.7432,0.0870128673113868,0.0004,0.0,0.05132606625556946
926.3333333333333,2.7262666666666666,0.08620894718092131,0.0004,0.0,0.05137287825345993
926.6666666666666,2.709333333333333,0.0854050462351097,0.0004,0.0,0.05141957849264145
927.0,2.6923999999999997,0.08460112610464421,0.0008,0.0,0.050755731761455536
927.3333333333334,2.675466666666667,0.08379726352814032,0.0008,0.0,0.050801657140254974
927.6666666666666,2.658533333333333,0.08299335618744408,0.0008,0.0,0.05084748566150665
928.0,2.6416,0.08218945524163246,0.0008,0.0,0.050893135368824005
928.3333333333333,2.6246666666666663,0.08138552871628235,0.0008,0.0,0.05093856900930405
928.6666666666666,2.6077333333333335,0.08058163416535535,0.0008,0.0,0.05098377540707588
929.0,2.5907999999999998,0.07977772682465911,0.0008,0.0,0.051028747111558914
929.3333333333334,2.573866666666667,0.07897383227373211,0.0008,0.0,0.051073409616947174
929.6666666666666,2.5569333333333333,0.07816991214326663,0.0008,0.0,0.05111776292324066
930.0,2.5399999999999996,0.07736599840768577,0.0008,0.0,0.051161736249923706
930.3333333333334,2.5230666666666663,0.07656211664652801,0.0008,0.0,0.051205359399318695
930.6666666666666,2.5061333333333335,0.07575820930583177,0.0008,0.0,0.05124853178858757
931.0,2.4892,0.07495430836002015,0.0008,0.0,0.05129122734069824
931.3333333333334,2.4722666666666666,0.07415038822955466,0.0008,0.0,0.05133336782455444
931.6666666666667,2.455333333333333,0.07334646170420456,0.0008,0.0,0.05137491971254349
932.0,2.4383999999999997,0.0725425799430468,0.0008,0.0,0.05141586810350418
932.3333333333334,2.4214666666666664,0.07173869818188905,0.0008,0.0,0.05145612359046936
932.6666666666666,2.4045333333333336,0.07093479084119281,0.0008,0.0,0.05149564892053604
933.0,2.3876,0.07013087071072732,0.0008,0.0,0.05153442174196243
933.3333333333334,2.3706666666666667,0.06932696337003108,0.0008,0.0,0.05157243087887764
933.6666666666667,2.353733333333333,0.0685230752139887,0.0008,0.0,0.05160963535308838
934.0,2.3368,0.06771915508352322,0.0008,0.0,0.05164594203233719
934.3333333333334,2.3198666666666665,0.06691524774282698,0.0008,0.0,0.051681384444236755
934.6666666666666,2.3029333333333333,0.06611135319189998,0.0008,0.0,0.05171594023704529
935.0,2.286,0.06530745864097298,0.0008,0.0,0.051749538630247116
935.3333333333333,2.2690666666666663,0.06450355769516136,0.0008,0.0,0.05178225412964821
935.6666666666667,2.252133333333333,0.06380069592637483,0.0008,0.0,0.05181402340531349
936.0,2.2352,0.06310463831482593,0.0008,0.0,0.051844820380210876
936.3333333333334,2.2182666666666666,0.062408599887930905,0.0008,0.0,0.05187474563717842
936.6666666666666,2.201333333333333,0.061712561461035875,0.0008,0.0,0.05190371721982956
937.0,2.1844,0.0610165102443716,0.0008,0.0,0.05193182826042175
937.3333333333333,2.167466666666666,0.060320446237938086,0.0008,0.0,0.0519590750336647
937.6666666666667,2.150533333333333,0.05962441420592768,0.0008,0.0,0.0519854873418808
938.0,2.1336,0.058928362989263405,0.0008,0.0,0.05201113969087601
938.3333333333334,2.1166666666666663,0.058232318167483754,0.0008,0.0,0.05203600227832794
938.6666666666666,2.099733333333333,0.0575362733457041,0.0008,0.0,0.052060145884752274
939.0,2.0828,0.05684021573415521,0.0008,0.0,0.05208371579647064
939.3333333333333,2.065866666666666,0.05614417091237556,0.0008,0.0,0.052106671035289764
939.6666666666667,2.0489333333333333,0.05544813248548053,0.0008,0.0,0.052129149436950684
940.0,2.0319999999999996,0.05475206208416239,0.0008,0.0,0.052151136100292206
940.3333333333334,2.015066666666667,0.05405603005215198,0.0008,0.0,0.05217275395989418
940.6666666666666,1.998133333333333,0.053359994822699264,0.0008,0.0,0.05219405144453049
941.0,1.9811999999999999,0.05266393401370806,0.0008,0.0,0.05221516638994217
941.3333333333333,1.9642666666666664,0.051967879599601474,0.0008,0.0,0.05223604664206505
941.6666666666666,1.9473333333333334,0.051271844370148756,0.0008,0.0,0.05225679278373718
942.0,1.9303999999999997,0.05057578356115755,0.0008,0.0,0.052277497947216034
942.3333333333334,1.9134666666666664,0.04987974833170483,0.0008,0.0,0.05229824036359787
942.6666666666666,1.896533333333333,0.04918370031248287,0.0008,0.0,0.05231911689043045
943.0,1.8795999999999997,0.048487642700933975,0.0008,0.0,0.05234014242887497
943.3333333333333,1.8626666666666665,0.047791604274038946,0.0008,0.0,0.052361421287059784
943.6666666666666,1.845733333333333,0.04709555305737467,0.0008,0.0,0.05238302797079086
944.0,1.8287999999999998,0.046399517827921954,0.0008,0.0,0.05240498483181
944.3333333333334,1.8118666666666665,0.0457034730061423,0.0008,0.0,0.05242744833230972
944.6666666666666,1.794933333333333,0.04500742818436265,0.0008,0.0,0.05245043709874153
945.0,1.7779999999999998,0.04431137377025607,0.0008,0.0,0.0524740107357502
945.3333333333334,1.7610666666666668,0.04361533214591873,0.0008,0.0,0.052498288452625275
945.6666666666666,1.744133333333333,0.04291926813948521,0.0008,0.0,0.052523355931043625
946.0,1.7271999999999998,0.04222322651514787,0.0008,0.0,0.052549250423908234
946.3333333333334,1.7102666666666664,0.0415271752984836,0.0008,0.0,0.05257594585418701
946.6666666666667,1.6933333333333331,0.04083114006903088,0.0008,0.0,0.052603576332330704
947.0,1.6764,0.04013508885236661,0.0008,0.0,0.052632179111242294
947.3333333333334,1.6594666666666664,0.039439037635702334,0.0008,0.0,0.05266176909208298
947.6666666666666,1.6425333333333332,0.03874299281392268,0.0008,0.0,0.052692435681819916
948.0,1.6256000000000002,0.038046954387027654,0.0008,0.0,0.05272417888045311
948.3333333333334,1.6086666666666665,0.03735089677547876,0.0008,0.0,0.0527569055557251
948.6666666666667,1.5917333333333332,0.036654845558814486,0.0008,0.0,0.052790746092796326
949.0,1.5747999999999998,0.0359587911447079,0.0008,0.0,0.052825674414634705
949.3333333333334,1.5578666666666665,0.035262755915255184,0.0008,0.0,0.05286162346601486
949.6666666666666,1.540933333333333,0.03456670469859091,0.0008,0.0,0.05289861932396889
950.0,1.5239999999999998,0.03387066307425357,0.0008,0.0,0.0529366210103035
950.3333333333333,1.5070666666666663,0.0331746118575893,0.0008,0.0,0.05297548323869705
950.6666666666667,1.490133333333333,0.03247856703580965,0.0008,0.0,0.05301525443792343
951.0,1.4731999999999996,0.031782515819145374,0.0008,0.0,0.053055815398693085
951.3333333333334,1.4562666666666664,0.031086467799923412,0.0008,0.0,0.05309712514281273
951.6666666666666,1.439333333333333,0.03039042297814376,0.0008,0.0,0.05313911288976669
952.0,1.4223999999999997,0.0296943749589218,0.0008,0.0,0.05318158119916916
952.3333333333333,1.4054666666666664,0.028998320544815215,0.0008,0.0,0.05322456359863281
952.6666666666667,1.388533333333333,0.028302282117920186,0.0008,0.0,0.0532679557800293
953.0,1.3715999999999997,0.027606237296140534,0.0008,0.0,0.05331156775355339
953.3333333333334,1.3546666666666665,0.026910189276918572,0.0008,0.0,0.05335540324449539
953.6666666666666,1.337733333333333,0.026214142856417766,0.0008,0.0,0.053399212658405304
954.0,1.3207999999999998,0.025518090041032337,0.0008,0.0,0.05344301462173462
954.3333333333333,1.3038666666666667,0.024822042021810375,0.0008,0.0,0.053486693650484085
954.6666666666667,1.286933333333333,0.024125989206424947,0.0008,0.0,0.05353006348013878
955.0,1.2699999999999998,0.023429947582087607,0.0008,0.0,0.05357305705547333
955.3333333333334,1.2530666666666663,0.022733899562865645,0.0008,0.0,0.05361558496952057
955.6666666666666,1.236133333333333,0.022037854741085994,0.0008,0.0,0.05365753918886185
956.0,1.2191999999999998,0.02134180352442172,0.0008,0.0,0.053698837757110596
956.3333333333333,1.2022666666666664,0.02064575550519976,0.0008,0.0,0.053739361464977264
956.6666666666666,1.1853333333333331,0.019949704288535486,0.0008,0.0,0.05377901345491409
957.0,1.1684,0.01925366106547699,0.0008,0.0,0.05381765216588974
957.3333333333334,1.1514666666666664,0.018557617842418495,0.0008,0.0,0.053855277597904205
957.6666666666666,1.1345333333333332,0.017861565027033066,0.0008,0.0,0.05389175936579704
958.0,1.1175999999999997,0.017165523402695726,0.0008,0.0,0.053927041590213776
958.3333333333333,1.1006666666666665,0.016469470587310298,0.0008,0.0,0.05396103113889694
958.6666666666666,1.083733333333333,0.015773425765530646,0.0008,0.0,0.05399375408887863
959.0,1.0667999999999997,0.015077372950145218,0.0008,0.0,0.05402505397796631
959.3333333333334,1.0498666666666663,0.014381326529644411,0.0008,0.0,0.054055023938417435
959.6666666666666,1.032933333333333,0.013685286504028227,0.0008,0.0,0.05408357083797455
960.0,1.016,0.01298923288928222,0.0008,0.0,0.05411078408360481
960.3333333333334,1.0104966666666668,0.012763018641948065,0.0008,0.0,0.05413667485117912
960.6666666666667,1.0049933333333334,0.01253680439461391,0.0008,0.0,0.054161183536052704
961.0,0.99949,0.012310587749198021,0.0008,0.0,0.0541844367980957
961.3333333333334,0.9939866666666666,0.012084374301224443,0.0008,0.0,0.05420646443963051
961.6666666666667,0.9884833333333335,0.011858153659005666,0.0008,0.0,0.0542273186147213
962.0000000000001,0.9829800000000001,0.011631941809753243,0.0008,0.0,0.0542471669614315
962.3333333333333,0.9774766666666667,0.011405724364976777,0.0008,0.0,0.054266080260276794
962.6666666666666,0.9719733333333334,0.011179510117642621,0.0008,0.0,0.05428413301706314
963.0,0.96647,0.010953292672866155,0.0008,0.0,0.054301485419273376
963.3333333333335,0.9609666666666669,0.010727079224892577,0.0008,0.0,0.05431824177503586
963.6666666666666,0.9554633333333333,0.010500860980755533,0.0008,0.0,0.05433452129364014
964.0,0.94996,0.010274647532781955,0.0008,0.0,0.05435038357973099
964.3333333333334,0.9444566666666667,0.010048431686726644,0.0008,0.0,0.054366014897823334
964.6666666666667,0.9389533333333334,0.009822218238753067,0.0008,0.0,0.05438150838017464
964.9999999999999,0.93345,0.009595999195255445,0.0008,0.0,0.05439705029129982
965.3333333333333,0.9279466666666667,0.009369786546642445,0.0008,0.0,0.05441275238990784
965.6666666666667,0.9224433333333334,0.009143572299308289,0.0008,0.0,0.054428741335868835
966.0000000000001,0.9169400000000001,0.008917358851334711,0.0008,0.0,0.05444516986608505
966.3333333333333,0.9114366666666666,0.008691142205918823,0.0008,0.0,0.054462142288684845
966.6666666666666,0.9059333333333333,0.008464925560502934,0.0008,0.0,0.05447979271411896
967.0,0.9004300000000001,0.008238711313168778,0.0008,0.0,0.05449824035167694
967.3333333333334,0.8949266666666668,0.008012493069031734,0.0008,0.0,0.05451754480600357
967.6666666666666,0.8894233333333332,0.007786281219779312,0.0008,0.0,0.05453779920935631
968.0,0.8839199999999999,0.007560062975642268,0.0008,0.0,0.054559122771024704
968.3333333333334,0.8784166666666666,0.007333848728308112,0.0008,0.0,0.05458107590675354
968.6666666666667,0.8729133333333334,0.0071076320828922235,0.0008,0.0,0.05460428446531296
968.9999999999999,0.8674100000000001,0.00688141703619749,0.0008,0.0,0.05462874472141266
969.3333333333333,0.8619066666666666,0.006655199191740735,0.0008,0.0,0.05465451627969742
969.6666666666667,0.8564033333333333,0.006428986143447446,0.0008,0.0,0.0546821728348732
970.0000000000001,0.8509,0.0062027718961132905,0.0008,0.0,0.05471118912100792
970.3333333333333,0.8453966666666667,0.005976555650377691,0.0008,0.0,0.05474087595939636
970.6666666666666,0.8398933333333333,0.0057503402040026685,0.0008,0.0,0.054771870374679565
971.0,0.83439,0.005524124357947358,0.0008,0.0,0.05480401962995529
971.3333333333334,0.8288866666666667,0.005297909311252624,0.0008,0.0,0.054837342351675034
971.6666666666665,0.8233833333333332,0.005071693465197313,0.0008,0.0,0.05487227439880371
972.0,0.8178799999999999,0.00484547841850258,0.0008,0.0,0.05490754917263985
972.3333333333334,0.8123766666666666,0.004619263371807847,0.0008,0.0,0.054943621158599854
972.6666666666667,0.8068733333333333,0.004393047925432825,0.0008,0.0,0.054980382323265076
972.9999999999999,0.80137,0.004166831679697225,0.0008,0.0,0.055017661303281784
973.3333333333333,0.7958666666666666,0.003940615833641914,0.0008,0.0,0.055055320262908936
973.6666666666666,0.7903633333333332,0.0037144007869471807,0.0008,0.0,0.055093176662921906
974.0,0.78486,0.0034881849408918697,0.0008,0.0,0.05513110011816025
974.3333333333333,0.7793566666666667,0.0032619694945168476,0.0008,0.0,0.05516893416643143
974.6666666666666,0.7738533333333334,0.00303575424798197,0.0008,0.0,0.055206578224897385
975.0,0.76835,0.002809538401926659,0.0008,0.0,0.0552438423037529
975.3333333333334,0.7628466666666667,0.0025833231553917813,0.0008,0.0,0.05528056621551514
975.6666666666667,0.7573433333333335,0.002357107709016759,0.0008,0.0,0.05531664192676544
976.0,0.7518400000000001,0.002130891862961448,0.0008,0.0,0.05535192787647247
976.3333333333334,0.7463366666666666,0.0019046766164265705,0.0008,0.0,0.055386222898960114
976.6666666666667,0.7408333333333333,0.0016784611700515484,0.0008,0.0,0.05541948974132538
977.0000000000001,0.73533,0.001452245124156093,0.0008,0.0,0.05545157566666603
977.3333333333333,0.7298266666666667,0.0012260298776212153,0.0008,0.0,0.05548233911395073
977.6666666666666,0.7243233333333333,0.000999814331326121,0.0008,0.0,0.05551177263259888
978.0,0.71882,0.0007736009333125793,0.0008,0.0,0.05553971976041794
978.3333333333335,0.7133166666666667,0.0005473855368975933,0.0008,0.0,0.055566176772117615
978.6666666666666,0.7078133333333333,0.00032116989068242674,0.0008,0.0,0.055591095238924026
979.0,0.70231,9.49544318173956e-05,0.0008,0.0,0.055614449083805084
979.3333333333334,0.6968066666666667,0.0,0.0008,0.0,0.05563679710030556
979.6666666666667,0.6913033333333334,0.0,0.0008,0.0,0.05565695837140083
979.9999999999999,0.6858,0.0,0.0008,0.0,0.0556756928563118
980.3333333333333,0.6802966666666665,0.0,0.0008,0.0,0.055692993104457855
980.6666666666667,0.6747933333333332,0.0,0.0008,0.0,0.05570892244577408
981.0000000000001,0.66929,0.0,0.0008,0.0,0.055723581463098526
981.3333333333333,0.6637866666666666,0.0,0.0008,0.0,0.05573703348636627
981.6666666666666,0.6582833333333333,0.0,0.0008,0.0,0.055749498307704926
982.0,0.6527799999999999,0.0,0.0008,0.0,0.05576106160879135
982.3333333333334,0.6472766666666666,0.0,0.0008,0.0,0.05577190965414047
982.6666666666666,0.6417733333333334,0.0,0.0008,0.0,0.055781640112400055
983.0,0.63627,0.0,0.0008,0.0,0.05579100549221039
983.3333333333334,0.6307666666666666,0.0,0.0008,0.0,0.055800169706344604
983.6666666666667,0.6252633333333333,0.0,0.0008,0.0,0.05580934137105942
983.9999999999999,0.61976,0.0,0.0008,0.0,0.05581866204738617
984.3333333333333,0.6142566666666667,0.0,0.0008,0.0,0.055828288197517395
984.6666666666667,0.6087533333333333,0.0,0.0008,0.0,0.05583843216300011
985.0000000000001,0.60325,0.0,0.0008,0.0,0.055849216878414154
985.3333333333333,0.5977466666666666,0.0,0.0008,0.0,0.055860795080661774
985.6666666666666,0.5922433333333332,0.0,0.0008,0.0,0.05587334930896759
986.0,0.5867399999999999,0.0,0.0008,0.0,0.05588703230023384
986.3333333333334,0.5812366666666666,0.0,0.0008,0.0,0.0559019073843956
986.6666666666665,0.5757333333333333,0.0,0.0008,0.0,0.05591806024312973
987.0,0.57023,0.0,0.0008,0.0,0.055935584008693695
987.3333333333334,0.5647266666666667,0.0,0.0008,0.0,0.05595453828573227
987.6666666666667,0.5592233333333333,0.0,0.0008,0.0,0.05597503483295441
987.9999999999999,0.5537200000000001,0.0,0.0008,0.0,0.05599701404571533
988.3333333333333,0.5482166666666667,0.0,0.0008,0.0,0.05602048337459564
988.6666666666666,0.5427133333333334,0.0,0.0008,0.0,0.056045472621917725
989.0,0.53721,0.0,0.0008,0.0,0.05607187747955322
989.3333333333333,0.5317066666666667,0.0,0.0008,0.0,0.056099627166986465
989.6666666666666,0.5262033333333334,0.0,0.0008,0.0,0.05612868815660477
990.0,0.5207,0.0,0.0008,0.0,0.056158918887376785
990.3333333333334,0.5151966666666666,0.0,0.0008,0.0,0.05619021877646446
990.6666666666667,0.5096933333333333,0.0,0.0008,0.0,0.05622239038348198
991.0,0.5041899999999999,0.0,0.0008,0.0,0.0562552884221077
991.3333333333334,0.49868666666666667,0.0,0.0008,0.0,0.056288763880729675
991.6666666666667,0.49318333333333325,0.0,0.0008,0.0,0.05632266402244568
992.0000000000001,0.48768,0.0,0.0008,0.0,0.05635678395628929
992.3333333333333,0.4821766666666666,0.0,0.0008,0.0,0.05639093369245529
992.6666666666666,0.47667333333333334,0.0,0.0008,0.0,0.05642490088939667
993.0,0.4711699999999999,0.0,0.0008,0.0,0.05645857751369476
993.3333333333335,0.4656666666666666,0.0,0.0008,0.0,0.05649174749851227
993.6666666666666,0.46016333333333326,0.0,0.0008,0.0,0.056524261832237244
994.0,0.45465999999999995,0.0,0.0008,0.0,0.05655593052506447
994.3333333333334,0.44915666666666665,0.0,0.0008,0.0,0.05658659338951111
994.6666666666667,0.4436533333333333,0.0,0.0008,0.0,0.056616105139255524
994.9999999999999,0.43815,0.0,0.0008,0.0,0.05664430558681488
995.3333333333333,0.4326466666666666,0.0,0.0008,0.0,0.0566711351275444
995.6666666666667,0.4271433333333333,0.0,0.0008,0.0,0.05669650435447693
996.0000000000001,0.42163999999999996,0.0,0.0008,0.0,0.05672028660774231
996.3333333333333,0.41613666666666665,0.0,0.0008,0.0,0.05674248933792114
996.6666666666666,0.4106333333333333,0.0,0.0008,0.0,0.056763097643852234
997.0,0.40513000000000005,0.0,0.0008,0.0,0.05678204447031021
997.3333333333334,0.39962666666666663,0.0,0.0008,0.0,0.056799378246068954
997.6666666666666,0.3941233333333333,0.0,0.0008,0.0,0.05681576207280159
998.0,0.38861999999999997,0.0,0.0008,0.0,0.056830115616321564
998.3333333333334,0.38311666666666666,0.0,0.0008,0.0,0.05684312433004379
998.6666666666667,0.37761333333333325,0.0,0.0008,0.0,0.05685487389564514
998.9999999999999,0.37211,0.0,0.0008,0.0,0.056865520775318146
999.3333333333333,0.3666066666666666,0.0,0.0008,0.0,0.05687522888183594
999.6666666666667,0.36110333333333333,0.0,0.0008,0.0,0.05688413605093956
1000.0000000000001,0.3555999999999999,0.0,0.0008,0.0,0.056892383843660355
1000.3333333333333,0.3500966666666666,0.0,0.0008,0.0,0.05690022557973862
1000.6666666666666,0.34459333333333325,0.0,0.0008,0.0,0.05690784752368927
1001.0,0.33908999999999995,0.0,0.0008,0.0,0.056915439665317535
1001.3333333333334,0.3335866666666666,0.0,0.0008,0.0,0.05692317336797714
1001.6666666666665,0.3280833333333333,0.0,0.0008,0.0,0.0569312684237957
1002.0,0.3225799999999999,0.0,0.0008,0.0,0.05693990737199783
1002.3333333333334,0.3170766666666667,0.0,0.0008,0.0,0.05694928020238876
1002.6666666666667,0.31157333333333326,0.0,0.0008,0.0,0.05695952847599983
1002.9999999999999,0.30606999999999995,0.0,0.0008,0.0,0.05697081238031387
1003.3333333333333,0.3005666666666667,0.0,0.0008,0.0,0.056983280926942825
1003.6666666666666,0.2950633333333333,0.0,0.0008,0.0,0.05699702352285385
1004.0,0.28956000000000004,0.0,0.0008,0.0,0.057012222707271576
1004.3333333333333,0.2840566666666666,0.0,0.0008,0.0,0.05702892690896988
1004.6666666666666,0.2785533333333333,0.0,0.0008,0.0,0.05704721808433533
1005.0,0.27304999999999996,0.0,0.0008,0.0,0.0570671521127224
1005.3333333333334,0.26754666666666665,0.0,0.0008,0.0,0.05708872526884079
1005.6666666666667,0.26204333333333324,0.0,0.0008,0.0,0.057111918926239014
1006.0,0.25654,0.0,0.0008,0.0,0.057136692106723785
1006.3333333333334,0.2510366666666666,0.0,0.0008,0.0,0.05716294050216675
1006.6666666666667,0.2455333333333333,0.0,0.0012000000000000001,0.0,0.054799556732177734
1007.0000000000001,0.24002999999999994,0.0,0.0012000000000000001,0.0,0.05482705309987068
1007.3333333333333,0.23452666666666666,0.0,0.0012000000000000001,0.0,0.05485532805323601
1007.6666666666666,0.22902333333333325,0.0,0.0012000000000000001,0.0,0.054884254932403564
1008.0,0.22351999999999997,0.0,0.0012000000000000001,0.0,0.054913729429244995
1008.3333333333335,0.21801666666666658,0.0,0.0012000000000000001,0.0,0.05494360253214836
1008.6666666666666,0.2125133333333333,0.0,0.0012000000000000001,0.0,0.05497373268008232
1009.0,0.20700999999999992,0.0,0.0012000000000000001,0.0,0.055003996938467026
1009.3333333333334,0.2015066666666666,0.0,0.0012000000000000001,0.0,0.055034276098012924
1009.6666666666667,0.19600333333333325,0.0,0.0012000000000000001,0.0,0.05506443604826927
1009.9999999999999,0.19049999999999997,0.0,0.0012000000000000001,0.0,0.05509434640407562
1010.3333333333333,0.1849966666666666,0.0,0.0012000000000000001,0.0,0.055123865604400635
1010.6666666666667,0.17949333333333328,0.0,0.0012000000000000001,0.0,0.05515285208821297
1011.0000000000001,0.1739899999999999,0.0,0.0012000000000000001,0.0,0.05518119037151337
1011.3333333333333,0.16848666666666662,0.0,0.0012000000000000001,0.0,0.0552087128162384
1011.6666666666666,0.16298333333333334,0.0,0.0012000000000000001,0.0,0.0552353709936142
1012.0,0.15748000000000004,0.0,0.0012000000000000001,0.0,0.05526109039783478
1012.3333333333334,0.15197666666666657,0.0,0.0012000000000000001,0.0,0.055285800248384476
1012.6666666666666,0.14647333333333326,0.0,0.0012000000000000001,0.0,0.05530943349003792
1013.0,0.14096999999999998,0.0,0.0012000000000000001,0.0,0.05533193424344063
1013.3333333333334,0.13546666666666668,0.0,0.0012000000000000001,0.0,0.055353324860334396
1013.6666666666667,0.1299633333333332,0.0,0.0012000000000000001,0.0,0.05537356063723564
1013.9999999999999,0.12445999999999993,0.0,0.0012000000000000001,0.0,0.055392663925886154
1014.3333333333333,0.11895666666666664,0.0,0.0012000000000000001,0.0,0.055410679429769516
1014.6666666666667,0.11345333333333335,0.0,0.0012000000000000001,0.0,0.055427685379981995
1015.0000000000001,0.10794999999999988,0.0,0.0012000000000000001,0.0,0.05544374883174896
1015.3333333333333,0.10244666666666659,0.0,0.0012000000000000001,0.0,0.055458929389715195
1015.6666666666666,0.09694333333333328,0.0,0.0012000000000000001,0.0,0.05547335743904114
1016.0,0.09144000000000001,0.0,0.0012000000000000001,0.0,0.05548713728785515
1016.3333333333334,0.08593666666666654,0.0,0.0012000000000000001,0.0,0.05550040677189827
1016.6666666666665,0.08043333333333325,0.0,0.0012000000000000001,0.0,0.055513281375169754
1017.0,0.07492999999999995,0.0,0.0012000000000000001,0.0,0.05552591010928154
1017.3333333333334,0.06942666666666666,0.0,0.0012000000000000001,0.0,0.05553843453526497
1017.6666666666667,0.0639233333333332,0.0,0.0012000000000000001,0.0,0.055550992488861084
1017.9999999999999,0.058419999999999896,0.0,0.0012000000000000001,0.0,0.05556369945406914
1018.3333333333333,0.05291666666666661,0.0,0.0012000000000000001,0.0,0.055576711893081665
1018.6666666666666,0.04741333333333332,0.0,0.0012000000000000001,0.0,0.0555901974439621
1019.0,0.04190999999999985,0.0,0.0012000000000000001,0.0,0.05560427904129028
1019.3333333333333,0.03640666666666656,0.0,0.0012000000000000001,0.0,0.05561906099319458
1019.6666666666666,0.030903333333333272,0.0,0.0012000000000000001,0.0,0.05563466623425484
1020.0,0.0254,0.0,0.0012000000000000001,0.0,0.055651187896728516
1020.3333333333334,0.03795888888888888,0.0,0.0012000000000000001,0.0,0.055668700486421585
1020.6666666666667,0.050517777777777766,0.0,0.0012000000000000001,0.0,0.05568723380565643
1021.0,0.06307666666666666,0.0,0.0012000000000000001,0.0,0.055706873536109924
1021.3333333333334,0.07563555555555554,0.0,0.0012000000000000001,0.0,0.05572764575481415
1021.6666666666667,0.08819444444444441,0.0,0.0012000000000000001,0.0,0.055749546736478806
1022.0000000000001,0.1007533333333333,0.0,0.0012000000000000001,0.0,0.0557725615799427
1022.3333333333333,0.1133122222222222,0.0,0.0012000000000000001,0.0,0.05579662695527077
1022.6666666666666,0.1258711111111111,0.0,0.0012000000000000001,0.0,0.055821727961301804
1023.0,0.13843,0.0,0.0012000000000000001,0.0,0.05584777519106865
1023.3333333333335,0.15098888888888887,0.0,0.0012000000000000001,0.0,0.05587466061115265
1023.6666666666666,0.16354777777777776,0.0,0.0012000000000000001,0.0,0.05590231344103813
1024.0,0.17610666666666666,0.0,0.0012000000000000001,0.0,0.055930595844984055
1024.3333333333335,0.18866555555555553,0.0,0.0012000000000000001,0.0,0.05595940351486206
1024.6666666666667,0.20122444444444443,0.0,0.0012000000000000001,0.0,0.05598858371376991
1025.0,0.2137833333333333,0.0,0.0012000000000000001,0.0,0.05601799115538597
1025.3333333333333,0.2263422222222222,0.0,0.0012000000000000001,0.0,0.05604742839932442
1025.6666666666667,0.23890111111111104,0.0,0.0012000000000000001,0.0,0.056076791137456894
1026.0,0.25145999999999996,0.0,0.0012000000000000001,0.0,0.05610589310526848
1026.3333333333333,0.26401888888888886,0.0,0.0012000000000000001,0.0,0.056134626269340515
1026.6666666666667,0.2765777777777777,0.0,0.0012000000000000001,0.0,0.05616286024451256
1027.0,0.2891366666666666,0.0,0.0012000000000000001,0.0,0.056190457195043564
1027.3333333333335,0.3016955555555555,0.0,0.0012000000000000001,0.0,0.056217294186353683
1027.6666666666665,0.3142544444444444,0.0,0.0012000000000000001,0.0,0.056243229657411575
1028.0,0.3268133333333333,0.0,0.0012000000000000001,0.0,0.056268204003572464
1028.3333333333333,0.33937222222222213,0.0,0.0012000000000000001,0.0,0.056292105466127396
1028.6666666666667,0.35193111111111103,0.0,0.0012000000000000001,0.0,0.0563148595392704
1029.0,0.3644899999999999,0.0,0.0012000000000000001,0.0,0.05633644387125969
1029.3333333333333,0.3770488888888888,0.0,0.0012000000000000001,0.0,0.05635685846209526
1029.6666666666667,0.38960777777777766,0.0,0.0012000000000000001,0.0,0.056376103311777115
1030.0,0.40216666666666656,0.0,0.0012000000000000001,0.0,0.05639418959617615
1030.3333333333333,0.41472555555555546,0.0,0.0012000000000000001,0.0,0.056411176919937134
1030.6666666666665,0.42728444444444436,0.0,0.0012000000000000001,0.0,0.05642712488770485
1031.0,0.43984333333333325,0.0,0.0012000000000000001,0.0,0.056442055851221085
1031.3333333333335,0.4524022222222221,0.0,0.0012000000000000001,0.0,0.05645614489912987
1031.6666666666665,0.46496111111111105,0.0,0.0012000000000000001,0.0,0.056469496339559555
1032.0,0.4775199999999999,0.0,0.0012000000000000001,0.0,0.056482236832380295
1032.3333333333333,0.49007888888888873,0.0,0.0012000000000000001,0.0,0.05649450421333313
1032.6666666666667,0.5026377777777776,0.0,0.0012000000000000001,0.0,0.0565064437687397
1033.0,0.5151966666666665,0.0,0.0012000000000000001,0.0,0.056518200784921646
1033.3333333333333,0.5277555555555554,0.0,0.0012000000000000001,0.0,0.056529924273490906
1033.6666666666667,0.5403144444444443,0.0,0.0012000000000000001,0.0,0.056541766971349716
1034.0,0.5528733333333331,0.0,0.0012000000000000001,0.0,0.05655385181307793
1034.3333333333333,0.5654322222222221,0.0,0.0012000000000000001,0.0,0.056566353887319565
1034.6666666666665,0.5779911111111109,0.0,0.0012000000000000001,0.0,0.056579362601041794
1035.0,0.5905499999999998,0.0,0.0012000000000000001,0.0,0.05659301206469536
1035.3333333333335,0.6031088888888887,0.0,0.0012000000000000001,0.0,0.0566074438393116
1035.6666666666667,0.6156677777777776,0.0,0.0012000000000000001,0.0,0.05662275850772858
1036.0,0.6282266666666665,0.0,0.0012000000000000001,0.0,0.05663901939988136
1036.3333333333333,0.6407855555555554,0.0,0.0012000000000000001,0.0,0.05665631592273712
1036.6666666666667,0.6533444444444443,0.0,0.0012000000000000001,0.0,0.056674692779779434
1037.0,0.6659033333333332,0.0,0.0012000000000000001,0.0,0.0566941536962986
1037.3333333333333,0.6784622222222221,0.0,0.0012000000000000001,0.0,0.05671471729874611
1037.6666666666667,0.6910211111111109,0.0,0.0012000000000000001,0.0,0.05673635005950928
1038.0,0.7035799999999999,0.00014715688667621407,0.0012000000000000001,0.0,0.05675901100039482
1038.3333333333335,0.7161388888888887,0.0006633921412202426,0.0012000000000000001,0.0,0.056782618165016174
1038.6666666666665,0.7286977777777777,0.0011796273957642711,0.0012000000000000001,0.0,0.05680708959698677
1039.0,0.7412566666666665,0.0016958624504681552,0.0012000000000000001,0.0,0.05683230236172676
1039.3333333333335,0.7538155555555553,0.002212097904852328,0.0012000000000000001,0.0,0.05685814097523689
1039.6666666666667,0.7663744444444442,0.0027283325598759234,0.0012000000000000001,0.0,0.05688446760177612
1040.0,0.7789333333333331,0.0032445682141002408,0.0012000000000000001,0.0,0.056911107152700424
1040.3333333333333,0.791492222222222,0.003760803268804125,0.0012000000000000001,0.0,0.05693789944052696
1040.6666666666667,0.8040511111111109,0.004277039122868587,0.0012000000000000001,0.0,0.0569646991789341
1041.0,0.8166099999999997,0.004793273378211893,0.0012000000000000001,0.0,0.056991349905729294
1041.3333333333333,0.8291688888888887,0.005309509232276355,0.0012000000000000001,0.0,0.057017672806978226
1041.6666666666667,0.8417277777777775,0.005825745086340817,0.0012000000000000001,0.0,0.05704352259635925
1042.0,0.8542866666666665,0.006341979741364412,0.0012000000000000001,0.0,0.05706872418522835
1042.3333333333335,0.8668455555555553,0.006858214796068296,0.0012000000000000001,0.0,0.05709312856197357
1042.6666666666665,0.8794044444444442,0.007374453048214491,0.0012000000000000001,0.0,0.05711657181382179
1043.0,0.891963333333333,0.00789068650419722,0.0012000000000000001,0.0,0.05713975429534912
1043.3333333333333,0.9045222222222221,0.008406924756343415,0.0012000000000000001,0.0,0.05716099217534065
1043.6666666666667,0.9170811111111109,0.008923155014883832,0.0012000000000000001,0.0,0.057180944830179214
1044.0,0.9296399999999998,0.009439391668308872,0.0012000000000000001,0.0,0.057199519127607346
1044.3333333333333,0.9421988888888886,0.0099556251242916,0.0012000000000000001,0.0,0.05721673741936684
1044.6666666666667,0.9547577777777775,0.010471863376437796,0.0012000000000000001,0.0,0.05723249912261963
1045.0,0.9673166666666665,0.010988096033059946,0.0012000000000000001,0.0,0.05724687874317169
1045.3333333333333,0.9798755555555554,0.01150433508456672,0.0012000000000000001,0.0,0.05725986883044243
1045.6666666666665,0.9924344444444443,0.01202056774118887,0.0012000000000000001,0.0,0.05727222189307213
1046.0,1.004993333333333,0.01253680439461391,0.0012000000000000001,0.0,0.05728255584836006
1046.3333333333335,1.017552222222222,0.013053038649957216,0.0012000000000000001,0.0,0.05729210749268532
1046.6666666666665,1.0301111111111108,0.013569272105939945,0.0012000000000000001,0.0,0.057300616055727005
1047.0,1.04267,0.014085507160643829,0.0012000000000000001,0.0,0.05730782449245453
1047.3333333333333,1.0552288888888885,0.014601748610232335,0.0012000000000000001,0.0,0.057314615696668625
1047.6666666666667,1.0677877777777776,0.015117975671330441,0.0012000000000000001,0.0,0.057320449501276016
1048.0,1.0803466666666663,0.015634213923476636,0.0012000000000000001,0.0,0.05732576549053192
1048.3333333333333,1.0929055555555554,0.016150450576901676,0.0012000000000000001,0.0,0.05733078345656395
1048.6666666666667,1.1054644444444441,0.016666687230326716,0.0012000000000000001,0.0,0.05733681842684746
1049.0,1.1180233333333331,0.017182915890145978,0.0012000000000000001,0.0,0.05734178423881531
1049.3333333333333,1.130582222222222,0.017699155741013328,0.0012000000000000001,0.0,0.057347774505615234
1049.6666666666665,1.143141111111111,0.018215389196996057,0.0012000000000000001,0.0,0.05735339596867561
1050.0,1.1556999999999995,0.018731622652978785,0.0012000000000000001,0.0,0.057359952479600906
1050.3333333333335,1.1682588888888887,0.01924786090512498,0.0012000000000000001,0.0,0.057366836816072464
1050.6666666666667,1.1808177777777775,0.019764092762386554,0.0012000000000000001,0.0,0.05737530067563057
1051.0,1.1933766666666665,0.020280329415811593,0.0012000000000000001,0.0,0.05738436058163643
1051.3333333333333,1.205935555555555,0.020796569266678944,0.0012000000000000001,0.0,0.057394493371248245
1051.6666666666667,1.218494444444444,0.02131279952521936,0.0012000000000000001,0.0,0.0574064664542675
1052.0,1.231053333333333,0.021829039376086712,0.0012000000000000001,0.0,0.05741849169135094
1052.3333333333333,1.2436122222222221,0.02234526963462713,0.0012000000000000001,0.0,0.057431742548942566
1052.6666666666667,1.2561711111111107,0.022861507886773325,0.0012000000000000001,0.0,0.057446956634521484
1053.0,1.2687299999999997,0.023377738145313742,0.0012000000000000001,0.0,0.05746257305145264
1053.3333333333335,1.2812888888888885,0.023893977996181093,0.0012000000000000001,0.0,0.057480067014694214
1053.6666666666665,1.2938477777777777,0.024410213050884977,0.0012000000000000001,0.0,0.057498589158058167
1054.0,1.3064066666666663,0.024926446506867705,0.0012000000000000001,0.0,0.057517390698194504
1054.3333333333335,1.3189655555555553,0.025442683160292745,0.0012000000000000001,0.0,0.0575377456843853
1054.6666666666667,1.331524444444444,0.025958916616275474,0.0012000000000000001,0.0,0.05755889415740967
1055.0,1.344083333333333,0.02647515486842167,0.0012000000000000001,0.0,0.0575798861682415
1055.3333333333333,1.3566422222222219,0.026991388324404397,0.0012000000000000001,0.0,0.057602088898420334
1055.6666666666667,1.3692011111111109,0.027507628175271748,0.0012000000000000001,0.0,0.057624924927949905
1056.0,1.3817599999999997,0.028023868026139098,0.0012000000000000001,0.0,0.05764719843864441
1056.3333333333333,1.3943188888888887,0.028540095087237205,0.0012000000000000001,0.0,0.05766941234469414
1056.6666666666667,1.4068777777777774,0.029056328543219934,0.0012000000000000001,0.0,0.05769181251525879
1057.0,1.4194366666666662,0.02957255880176035,0.0012000000000000001,0.0,0.057713549584150314
1057.3333333333335,1.4319955555555552,0.030088801850070013,0.0012000000000000001,0.0,0.05773479864001274
1057.6666666666665,1.4445544444444443,0.03060503210861043,0.0012000000000000001,0.0,0.057755470275878906
1058.0,1.457113333333333,0.03112126876203547,0.0012000000000000001,0.0,0.05777614191174507
1058.3333333333333,1.4696722222222218,0.0316375022180182,0.0012000000000000001,0.0,0.05779527500271797
1058.6666666666667,1.4822311111111106,0.03215374206888555,0.0012000000000000001,0.0,0.05781352147459984
1059.0,1.4947899999999998,0.03266997552486828,0.0012000000000000001,0.0,0.05783117935061455
1059.3333333333333,1.5073488888888886,0.03318621857317794,0.0012000000000000001,0.0,0.05784789100289345
1059.6666666666667,1.5199077777777774,0.033702442436833735,0.0012000000000000001,0.0,0.05786396563053131
1060.0,1.5324666666666662,0.03421868868258571,0.0012000000000000001,0.0,0.05787869915366173
1060.3333333333333,1.5450255555555552,0.0347349125462415,0.0012000000000000001,0.0,0.05789218470454216
1060.6666666666665,1.557584444444444,0.035251152397108854,0.0012000000000000001,0.0,0.05790477991104126
1061.0,1.570143333333333,0.03576737945820696,0.0012000000000000001,0.0,0.057916998863220215
1061.3333333333335,1.5827022222222218,0.03628361930907431,0.0012000000000000001,0.0,0.05792884901165962
1061.6666666666665,1.5952611111111108,0.03679985276505704,0.0012000000000000001,0.0,0.057939428836107254
1062.0,1.6078199999999996,0.03731610220825132,0.0012000000000000001,0.0,0.057950008660554886
1062.3333333333333,1.6203788888888886,0.03783232607190712,0.0012000000000000001,0.0,0.057960350066423416
1062.6666666666667,1.6329377777777774,0.03834856272533216,0.0012000000000000001,0.0,0.05797061324119568
1063.0,1.6454966666666664,0.038864792983872576,0.0012000000000000001,0.0,0.05798092857003212
1063.3333333333333,1.6580555555555552,0.03938103603218224,0.0012000000000000001,0.0,0.05799189582467079
1063.6666666666667,1.670614444444444,0.03989727588304959,0.0012000000000000001,0.0,0.058002542704343796
1064.0,1.683173333333333,0.040413502944147695,0.0012000000000000001,0.0,0.058014173060655594
1064.3333333333333,1.695732222222222,0.04092975238734198,0.0012000000000000001,0.0,0.05802655592560768
1064.6666666666665,1.7082911111111108,0.041445979448440085,0.0012000000000000001,0.0,0.05803984776139259
1065.0,1.7208499999999995,0.0419622097069805,0.0012000000000000001,0.0,0.05805453658103943
1065.3333333333335,1.7334088888888886,0.04247843676807861,0.0012000000000000001,0.0,0.05807003006339073
1065.6666666666667,1.7459677777777778,0.04299467981638827,0.0012000000000000001,0.0,0.05808679386973381
1066.0,1.7585266666666663,0.043510913272371,0.0012000000000000001,0.0,0.05810486152768135
1066.3333333333333,1.7710855555555554,0.04402715312323835,0.0012000000000000001,0.0,0.058124691247940063
1066.6666666666667,1.7836444444444444,0.04454338338177877,0.0012000000000000001,0.0,0.05814594402909279
1067.0,1.7962033333333332,0.045059616837761496,0.0012000000000000001,0.0,0.0581682063639164
1067.3333333333333,1.808762222222222,0.045575853491186535,0.0012000000000000001,0.0,0.05819149315357208
1067.6666666666667,1.8213211111111107,0.046092093342053886,0.0012000000000000001,0.0,0.05821679159998894
1068.0,1.8338799999999997,0.046608323600594304,0.0012000000000000001,0.0,0.058242928236722946
1068.3333333333335,1.846438888888889,0.04712455705657703,0.0012000000000000001,0.0,0.05827055871486664
1068.6666666666665,1.8589977777777775,0.04764079690744438,0.0012000000000000001,0.0,0.05829881504178047
1069.0,1.8715566666666665,0.04815701757365787,0.0012000000000000001,0.0,0.05832790955901146
1069.3333333333335,1.884115555555555,0.04867327021429446,0.0012000000000000001,0.0,0.058358047157526016
1069.6666666666667,1.8966744444444443,0.04918949727539257,0.0012000000000000001,0.0,0.058388303965330124
1070.0,1.9092333333333331,0.04970574032370223,0.0012000000000000001,0.0,0.05841920152306557
1070.3333333333333,1.921792222222222,0.05022197377968496,0.0012000000000000001,0.0,0.058449823409318924
1070.6666666666667,1.934351111111111,0.05073821363055231,0.0012000000000000001,0.0,0.058480340987443924
1071.0,1.9469099999999997,0.051254440691650416,0.0012000000000000001,0.0,0.05851094797253609
1071.3333333333333,1.9594688888888885,0.051770670950190834,0.0016,0.0,0.05640784651041031
1071.6666666666667,1.9720277777777775,0.05228690440617356,0.0016,0.0,0.05643608421087265
1072.0,1.9845866666666663,0.052803147454483224,0.0016,0.0,0.05646316707134247
1072.3333333333335,1.9971455555555553,0.05331937451558133,0.0016,0.0,0.0564897283911705
1072.6666666666665,2.009704444444444,0.053835630353660235,0.0016,0.0,0.05651567503809929
1073.0,2.022263333333333,0.05435185741475834,0.0016,0.0,0.056540656834840775
1073.3333333333333,2.034822222222222,0.05486809087074107,0.0016,0.0,0.05656464025378227
1073.6666666666667,2.0473811111111107,0.0553843243267238,0.0016,0.0,0.05658724159002304
1074.0,2.0599399999999997,0.05590056417759115,0.0016,0.0,0.05660874396562576
1074.3333333333333,2.0724988888888887,0.0564168040284585,0.0016,0.0,0.05662910267710686
1074.6666666666667,2.0850577777777777,0.05693303108955661,0.0016,0.0,0.0566486194729805
1075.0,2.097616666666666,0.057449264545539336,0.0016,0.0,0.056667063385248184
1075.3333333333333,2.1101755555555552,0.057965498001522064,0.0016,0.0,0.05668419227004051
1075.6666666666665,2.1227344444444443,0.058481737852389415,0.0016,0.0,0.05670063942670822
1076.0,2.1352933333333333,0.058997971308372144,0.0016,0.0,0.0567159503698349
1076.3333333333335,2.147852222222222,0.059514217554124116,0.0016,0.0,0.05673050880432129
1076.6666666666665,2.1604111111111104,0.0600304382203376,0.0016,0.0,0.05674473196268082
1077.0,2.17297,0.06054667167632033,0.0016,0.0,0.05675847828388214
1077.3333333333333,2.185528888888889,0.06106290513230306,0.0016,0.0,0.05677184462547302
1077.6666666666667,2.198087777777777,0.06157915777293965,0.0016,0.0,0.056784722954034805
1078.0,2.2106466666666664,0.06209538483403776,0.0016,0.0,0.05679783225059509
1078.3333333333333,2.223205555555555,0.06261159910536662,0.0016,0.0,0.05681074038147926
1078.6666666666667,2.2357644444444444,0.06312785174600322,0.0016,0.0,0.056823886930942535
1079.0,2.248323333333333,0.06364409799175519,0.0016,0.0,0.056837618350982666
1079.3333333333333,2.2608822222222216,0.0641603250528533,0.0016,0.0,0.056851837784051895
1079.6666666666665,2.273441111111111,0.0647112187834864,0.0016,0.0,0.0568663515150547
1080.0,2.2859999999999996,0.06530745864097298,0.0016,0.0,0.056881800293922424
1080.3333333333335,2.308577777777777,0.06637930525243974,0.0016,0.0,0.05689774081110954
1080.6666666666667,2.3311555555555548,0.06745119023321422,0.0016,0.0,0.05691482499241829
1081.0,2.3537333333333326,0.0685230752139887,0.0016,0.0,0.05693276226520538
1081.3333333333333,2.376311111111111,0.06959492822034008,0.0016,0.0,0.05695158243179321
1081.6666666666667,2.398888888888888,0.07066680680622994,0.0016,0.0,0.05697103589773178
1082.0,2.421466666666666,0.07173869818188905,0.0016,0.0,0.0569913312792778
1082.3333333333333,2.444044444444444,0.07281055118824042,0.0016,0.0,0.057012736797332764
1082.6666666666667,2.4666222222222216,0.07388243616901491,0.0016,0.0,0.05703490599989891
1083.0,2.489199999999999,0.07495430836002015,0.0016,0.0,0.05705747753381729
1083.3333333333335,2.511777777777777,0.07602619334079463,0.0016,0.0,0.05708092078566551
1083.6666666666665,2.534355555555555,0.07709803355737677,0.0016,0.0,0.057104818522930145
1084.0,2.556933333333333,0.07816991214326663,0.0016,0.0,0.05712910369038582
1084.3333333333335,2.57951111111111,0.079241765149618,0.0016,0.0,0.05715334415435791
1084.6666666666667,2.602088888888888,0.08031365013039249,0.0016,0.0,0.057177674025297165
1085.0,2.6246666666666663,0.08138552871628235,0.0016,0.0,0.057202283293008804
1085.3333333333333,2.647244444444444,0.08245740090728759,0.0016,0.0,0.057226743549108505
1085.6666666666667,2.6698222222222214,0.08352927949317746,0.0016,0.0,0.0572509765625
1086.0,2.6923999999999997,0.08460112610464421,0.0016,0.0,0.05727485567331314
1086.3333333333333,2.7149777777777775,0.08567301748030332,0.0016,0.0,0.0572979710996151
1086.6666666666667,2.7375555555555553,0.08674488327642393,0.0016,0.0,0.05732080340385437
1087.0,2.7601333333333327,0.08781676825719842,0.0016,0.0,0.057342998683452606
1087.3333333333335,2.782711111111111,0.08888862765843442,0.0016,0.0,0.0573645681142807
1087.6666666666665,2.8052888888888887,0.08996052542897814,0.0016,0.0,0.057385168969631195
1088.0,2.8278666666666665,0.09103235925067565,0.0016,0.0,0.05740530788898468
1088.3333333333333,2.850444444444444,0.09210423783656552,0.0016,0.0,0.05742472782731056
1088.6666666666667,2.8730222222222217,0.09317611642245538,0.0016,0.0,0.05744345113635063
1089.0,2.8955999999999995,0.09424800779811449,0.0016,0.0,0.05746158957481384
1089.3333333333333,2.9181777777777773,0.09531985440958124,0.0016,0.0,0.05747918039560318
1089.6666666666667,2.940755555555555,0.0963917329954711,0.0016,0.0,0.05749627202749252
1090.0,2.963333333333333,0.09746361158136096,0.0016,0.0,0.05751273036003113
1090.3333333333333,2.9859111111111107,0.0985354837723662,0.0016,0.0,0.057528939098119736
1090.6666666666665,3.0084888888888885,0.09960736235825607,0.0016,0.0,0.05754529684782028
1091.0,3.031066666666666,0.10067920896972282,0.0016,0.0,0.05756165832281113
1091.3333333333335,3.053644444444444,0.10175110034538193,0.0016,0.0,0.057578157633543015
1091.6666666666665,3.0762222222222215,0.10282297893127179,0.0016,0.0,0.05759495869278908
1092.0,3.0987999999999998,0.10389483833250779,0.0016,0.0,0.05761219561100006
1092.3333333333333,3.121377777777777,0.10496672331328227,0.0016,0.0,0.05762999504804611
1092.6666666666667,3.143955555555555,0.10603858271451827,0.0016,0.0,0.05764849856495857
1093.0,3.1665333333333328,0.10711046130040813,0.0016,0.0,0.057667795568704605
1093.3333333333333,3.1891111111111106,0.10818235267606724,0.0016,0.0,0.05768798664212227
1093.6666666666667,3.2116888888888884,0.10925419928753399,0.0016,0.0,0.057708870619535446
1094.0,3.2342666666666657,0.11032607147853923,0.0016,0.0,0.057731080800294876
1094.3333333333333,3.256844444444444,0.11139794366954447,0.0016,0.0,0.05775434151291847
1094.6666666666665,3.279422222222222,0.1124698414400882,0.0016,0.0,0.057778723537921906
1095.0,3.3019999999999996,0.1135417008413242,0.0016,0.0,0.057804182171821594
1095.3333333333335,3.3245777777777774,0.11461354745279095,0.0016,0.0,0.05783071741461754
1095.6666666666667,3.3471555555555548,0.1156854196437962,0.0016,0.0,0.05785823613405228
1096.0,3.369733333333333,0.11675731741433992,0.0016,0.0,0.05788668990135193
1096.3333333333333,3.392311111111111,0.11782918960534516,0.0016,0.0,0.05791597068309784
1096.6666666666667,3.414888888888888,0.11890104900658116,0.0016,0.0,0.05794595181941986
1097.0,3.4374666666666656,0.11997293398735565,0.0016,0.0,0.05797649919986725
1097.3333333333333,3.460044444444444,0.12104479338859164,0.0016,0.0,0.05800749361515045
1097.6666666666667,3.482622222222222,0.12211666557959688,0.0016,0.0,0.05803874135017395
1098.0,3.505199999999999,0.12318853777060212,0.0016,0.0,0.05807005986571312
1098.3333333333335,3.5277777777777772,0.12426040996160737,0.0016,0.0,0.05810132622718811
1098.6666666666665,3.550355555555555,0.12533229494238185,0.0016,0.0,0.058132365345954895
1099.0,3.572933333333333,0.12640410318454087,0.0016,0.0,0.058162953704595566
1099.3333333333335,3.5955111111111107,0.1274760265346231,0.0016,0.0,0.05819295719265938
1099.6666666666667,3.6180888888888885,0.12854789872562833,0.0016,0.0,0.058222271502017975
1100.0,3.6406666666666663,0.12961977091663357,0.0016,0.0,0.058250702917575836
1100.3333333333333,3.663244444444444,0.13069165589740805,0.0016,0.0,0.05827814340591431
1100.6666666666667,3.685822222222222,0.13176355366795178,0.0016,0.0,0.058304499834775925
1101.0,3.7083999999999997,0.13283540027941854,0.0016,0.0,0.058329664170742035
1101.3333333333333,3.7309777777777775,0.13390729804996226,0.0016,0.0,0.05835362523794174
1101.6666666666667,3.7535555555555558,0.13497913187165977,0.0016,0.0,0.05837635323405266
1102.0,3.7761333333333327,0.13605100406266502,0.0016,0.0,0.058397822082042694
1102.3333333333335,3.798711111111111,0.13712290183320874,0.0016,0.0,0.05841807276010513
1102.6666666666665,3.821288888888889,0.1381947484446755,0.0016,0.0,0.058437149971723557
1103.0,3.8438666666666665,0.13926659505614225,0.0016,0.0,0.05845516920089722
1103.3333333333333,3.8664444444444435,0.1403384672471475,0.0016,0.0,0.058472175151109695
1103.6666666666667,3.8890222222222217,0.14141037780746046,0.0016,0.0,0.058488331735134125
1104.0,3.9115999999999995,0.14248226278823495,0.0016,0.0,0.05850379541516304
1104.3333333333333,3.934177777777777,0.14355412218947095,0.0016,0.0,0.0585186704993248
1104.6666666666667,3.9567555555555547,0.14462600717024543,0.0016,0.0,0.058533187955617905
1105.0,3.979333333333333,0.14569789215101991,0.0016,0.0,0.05854746326804161
1105.3333333333333,4.00191111111111,0.14676971318294818,0.0016,0.0,0.05856167525053024
1105.6666666666665,4.024488888888889,0.14784159816372267,0.0016,0.0,0.05857603996992111
1106.0,4.047066666666667,0.1489134703547279,0.0016,0.0,0.058590710163116455
1106.3333333333335,4.069644444444444,0.1499853553355024,0.0016,0.0,0.058605875819921494
1106.6666666666665,4.0922222222222215,0.1510572147367384,0.0016,0.0,0.058621667325496674
1107.0,4.1148,0.15212911250728212,0.0016,0.0,0.05863822251558304
1107.3333333333333,4.137377777777777,0.15320095911874887,0.0016,0.0,0.058655694127082825
1107.6666666666667,4.159955555555555,0.1542728568892926,0.0016,0.0,0.058674123138189316
1108.0,4.182533333333333,0.15534470350075935,0.0016,0.0,0.05869363993406296
1108.3333333333333,4.205111111111111,0.15641661406107232,0.0016,0.0,0.05871427059173584
1108.6666666666667,4.227688888888889,0.15748846067253908,0.0016,0.0,0.05873609334230423
1109.0,4.2502666666666675,0.15856032007377507,0.0016,0.0,0.05875907465815544
1109.3333333333333,4.272844444444444,0.1596322178443188,0.0016,0.0,0.05878319963812828
1109.6666666666665,4.295422222222221,0.16070406445578556,0.0016,0.0,0.058808401226997375
1110.0,4.318,0.1617759366467908,0.0016,0.0,0.05883460491895676
1110.3333333333335,4.340577777777778,0.16284784720710377,0.0016,0.0,0.058861732482910156
1110.6666666666667,4.363155555555556,0.16391969381857052,0.0016,0.0,0.058889660984277725
1111.0,4.3857333333333335,0.16499159158911425,0.0016,0.0,0.058918297290802
1111.3333333333333,4.408311111111111,0.1660634637801195,0.0016,0.0,0.05894746631383896
1111.6666666666667,4.430888888888889,0.16713531039158624,0.0016,0.0,0.058977026492357254
1112.0,4.4534666666666665,0.16820720816212997,0.0016,0.0,0.05900682881474495
1112.3333333333333,4.476044444444444,0.16927909314290446,0.0016,0.0,0.05903676524758339
1112.6666666666667,4.498622222222222,0.1703509653339097,0.0016,0.0,0.059066642075777054
1113.0,4.521199999999999,0.17142281194537645,0.0016,0.0,0.05909634754061699
1113.3333333333335,4.543777777777778,0.17249464576707396,0.0016,0.0,0.05912574380636215
1113.6666666666665,4.566355555555556,0.17356653074784845,0.0016,0.0,0.0591547004878521
1114.0,4.588933333333333,0.1746383773593152,0.0016,0.0,0.05918310582637787
1114.3333333333335,4.611511111111111,0.17571028791962817,0.0016,0.0,0.05921090021729469
1114.6666666666667,4.634088888888888,0.17678217290040266,0.0016,0.0,0.05923805385828018
1115.0,4.656666666666666,0.1778540195118694,0.0016,0.0,0.059264522045850754
1115.3333333333333,4.6792444444444445,0.17892591728241314,0.0016,0.0,0.05929023399949074
1115.6666666666667,4.701822222222222,0.17999777668364914,0.0016,0.0,0.05931524932384491
1116.0,4.724399999999999,0.18106966166442362,0.0016,0.0,0.059339553117752075
1116.3333333333333,4.7469777777777775,0.18214155943496735,0.0016,0.0,0.059363286942243576
1116.6666666666667,4.769555555555556,0.18321336767712637,0.0016,0.0,0.0593864768743515
1117.0,4.792133333333334,0.1842852654476701,0.0016,0.0,0.0594092532992363
1117.3333333333335,4.8147111111111105,0.18535717600798307,0.0016,0.0,0.059431664645671844
1117.6666666666665,4.837288888888888,0.18642900982968058,0.0016,0.0,0.05945383384823799
1118.0,4.859866666666666,0.18750086923091658,0.0016,0.0,0.05947595462203026
1118.3333333333333,4.882444444444444,0.18857274142192182,0.0016,0.0,0.059498149901628494
1118.6666666666667,4.905022222222222,0.18964458803338857,0.0016,0.0,0.05952051281929016
1119.0,4.9276,0.19071647301416306,0.0016,0.0,0.05954320728778839
1119.3333333333333,4.950177777777777,0.19178837078470679,0.0016,0.0,0.05956631898880005
1119.6666666666667,4.972755555555556,0.1928602685552505,0.0016,0.0,0.05958997458219528
1120.0,4.995333333333333,0.19393214074625575,0.0016,0.0,0.05961431562900543
1120.3333333333333,5.01791111111111,0.195004012937261,0.0016,0.0,0.05963939055800438
1120.6666666666665,5.040488888888888,0.19607592349757397,0.0016,0.0,0.059665247797966
1121.0,5.063066666666666,0.19714778289880996,0.0016,0.0,0.05969192832708359
1121.3333333333335,5.085644444444444,0.19821952719212277,0.0016,0.0,0.05971949175000191
1121.6666666666665,5.108222222222222,0.19929150170128196,0.0016,0.0,0.05974787101149559
1122.0,5.1308,0.2003633483127487,0.0016,0.0,0.05977709963917732
1122.3333333333333,5.153377777777777,0.2014352332935232,0.0016,0.0,0.05980704724788666
1122.6666666666667,5.175955555555555,0.20250710548452844,0.0016,0.0,0.059837646782398224
1123.0,5.198533333333333,0.2035789520959952,0.0016,0.0,0.059868812561035156
1123.3333333333333,5.221111111111111,0.2046508754460774,0.0016,0.0,0.05990041792392731
1123.6666666666667,5.243688888888888,0.20572270926777492,0.0016,0.0,0.05993235856294632
1124.0,5.266266666666666,0.20679456866901091,0.0016,0.0,0.05996442213654518
1124.3333333333333,5.288844444444444,0.20786646643955464,0.0016,0.0,0.05999646335840225
1124.6666666666665,5.311422222222222,0.20893835142032913,0.0016,0.0,0.06002834439277649
1125.0,5.334,0.2100101724522574,0.0016,0.0,0.060059934854507446
1125.3333333333335,5.356577777777778,0.21108207022280112,0.0016,0.0,0.06009106710553169
1125.6666666666667,5.379155555555554,0.21215391683426787,0.0016,0.0,0.060121554881334305
1126.0,5.401733333333333,0.21322580181504236,0.0016,0.0,0.06015130504965782
1126.3333333333333,5.424311111111111,0.2142976740060476,0.0016,0.0,0.06018020212650299
1126.6666666666667,5.446888888888888,0.2153695334072836,0.0016,0.0,0.06020817160606384
1127.0,5.469466666666666,0.21644149512667354,0.0016,0.0,0.06023512780666351
1127.3333333333333,5.492044444444444,0.21751338010744803,0.0016,0.0,0.06026097387075424
1127.6666666666667,5.514622222222222,0.21858518834960705,0.0016,0.0,0.06028575077652931
1128.0,5.5372,0.21965709890992002,0.0016,0.0,0.060309458523988724
1128.3333333333335,5.559777777777777,0.22072890715207905,0.0016,0.0,0.06033216789364815
1128.6666666666665,5.582355555555554,0.22180079213285353,0.0016,0.0,0.060353897511959076
1129.0,5.604933333333332,0.22287265153408953,0.0016,0.0,0.06037478521466255
1129.3333333333335,5.627511111111111,0.2239445620944025,0.0016,0.0,0.060394927859306335
1129.6666666666667,5.650088888888889,0.2250164214956385,0.0016,0.0,0.06041451171040535
1130.0,5.672666666666666,0.22608830647641298,0.0016,0.0,0.06043368950486183
1130.3333333333333,5.695244444444444,0.2271601402981105,0.0016,0.0,0.060452643781900406
1130.6666666666667,5.717822222222222,0.22823207643796195,0.0016,0.0,0.06047157943248749
1131.0,5.740399999999999,0.22930385910058249,0.0016,0.0,0.0604906864464283
1131.3333333333333,5.762977777777777,0.23037576966089546,0.0016,0.0,0.06051015481352806
1131.6666666666667,5.785555555555555,0.23144760348259297,0.0016,0.0,0.060530196875333786
1132.0,5.808133333333332,0.2325195907815214,0.0016,0.0,0.06055102124810219
1132.3333333333335,5.8307111111111105,0.23359137344414194,0.0016,0.0,0.06057277321815491
1132.6666666666665,5.853288888888889,0.2346633095839934,0.0016,0.0,0.06059560179710388
1133.0,5.875866666666666,0.23910647541924845,0.0016,0.0,0.06061971187591553
1133.3333333333333,5.898444444444444,0.24997872571930202,0.0016,0.0,0.06064514070749283
1133.6666666666667,5.921022222222222,0.2608511806556635,0.0016,0.0,0.06067200377583504
1134.0,5.943599999999999,0.27172343095571705,0.0016,0.0,0.06070031225681305
1134.3333333333333,5.966177777777777,0.2825956556762321,0.0016,0.0,0.060730136930942535
1134.6666666666667,5.988755555555556,0.29346795713536267,0.0016,0.0,0.0607614740729332
1135.0,6.011333333333333,0.30434018185587774,0.0016,0.0,0.06079421937465668
1135.3333333333333,6.033911111111111,0.31521253447408526,0.0016,0.0,0.0608283132314682
1135.6666666666665,6.0564888888888895,0.3260848870922928,0.0016,0.0,0.060863643884658813
1136.0,6.079066666666667,0.3369571885514233,0.0016,0.0,0.060900092124938965
1136.3333333333335,6.101644444444444,0.34782946443101537,0.0016,0.0,0.06093744933605194
1136.6666666666665,6.124222222222222,0.35870184262876137,0.0016,0.0,0.06097554787993431
1137.0,6.1468,0.3695740161901995,0.0016,0.0,0.061014194041490555
1137.3333333333333,6.169377777777778,0.3804463943879455,0.0016,0.0,0.061053164303302765
1137.6666666666667,6.191955555555555,0.3913185423698451,0.0016,0.0,0.06109224632382393
1138.0,6.214533333333334,0.40219104846528353,0.0016,0.0,0.061131253838539124
1138.3333333333333,6.237111111111111,0.41306334992441407,0.0016,0.0,0.061169952154159546
1138.6666666666667,6.259688888888889,0.4239354467472367,0.0016,0.0,0.06120814383029938
1139.0,6.282266666666667,0.4348078505245212,0.0016,0.0,0.06124560907483101
1139.3333333333333,6.304844444444444,0.44568033104042115,0.0016,0.0,0.06128224357962608
1139.6666666666665,6.327422222222222,0.4565524534427823,0.0016,0.0,0.06131787970662117
1140.0,6.35,0.4674247804814513,0.0016,0.0,0.06135238707065582
1140.3333333333335,6.46571111111111,0.5231454053955531,0.0016,0.0,0.061385687440633774
1140.6666666666667,6.581422222222222,0.578865876832424,0.0016,0.0,0.06141775846481323
1141.0,6.697133333333333,0.6345864505874488,0.0016,0.0,0.061448585242033005
1141.3333333333333,6.812844444444444,0.6903068708652427,0.0016,0.0,0.06147816404700279
1141.6666666666667,6.928555555555554,0.7460276492565754,0.0016,0.0,0.06150657311081886
1142.0,7.044266666666667,0.8017483764888311,0.0016,0.0,0.06153386831283569
1142.3333333333333,7.159977777777778,0.857468745607548,0.0016,0.0,0.06156020611524582
1142.6666666666667,7.2756888888888875,0.9131897286351887,0.0016,0.0,0.0615856759250164
1143.0,7.3914,0.9689094326859049,0.0016,0.0,0.06161043792963028
1143.3333333333335,7.5071111111111115,1.0246301599181606,0.0016,0.0,0.06163471192121506
1143.6666666666665,7.622822222222221,1.0803506825141085,0.0016,0.0,0.06165866181254387
1144.0,7.738533333333334,1.1360713074282103,0.0016,0.0,0.06168247014284134
1144.3333333333335,7.854244444444444,1.191791932342312,0.0016,0.0,0.061706334352493286
1144.6666666666667,7.969955555555556,1.24751245493826,0.0016,0.0,0.061730433255434036
1145.0,8.085666666666667,1.3032329775342077,0.0016,0.0,0.061755020171403885
1145.3333333333333,8.201377777777777,1.3589539094027714,0.0016,0.0,0.061780232936143875
1145.6666666666667,8.317088888888888,1.4146743296805653,0.0016,0.0,0.061806220561265945
1146.0,8.4328,1.4703946476402052,0.0016,0.0,0.061833132058382034
1146.3333333333333,8.548511111111111,1.526115374872461,0.0016,0.0,0.061861082911491394
1146.6666666666667,8.664222222222222,1.5818362044228707,0.0016,0.0,0.06189011037349701
1147.0,8.779933333333334,1.6375568293369724,0.0016,0.0,0.06192028895020485
1147.3333333333335,8.895644444444445,1.6932764310695347,0.0016,0.0,0.0619516521692276
1147.6666666666665,9.011355555555555,1.7489976698925602,0.0016,0.0,0.061984166502952576
1148.0,9.127066666666666,1.804718294806662,0.0016,0.0,0.06201779469847679
1148.3333333333333,9.242777777777777,1.86043830581184,0.0016,0.0,0.06205246224999428
1148.6666666666667,9.358488888888889,1.916158726089634,0.0016,0.0,0.06208806857466698
1149.0,9.4742,1.9718799649126595,0.0016,0.0,0.06212453171610832
1149.3333333333333,9.58991111111111,2.0276003851904534,0.0016,0.0,0.06216166913509369
1149.6666666666667,9.705622222222223,2.083321010104555,0.0016,0.0,0.06219939514994621
1150.0,9.821333333333333,2.1390410211097333,0.0016,0.0,0.06223749369382858
1150.3333333333333,9.937044444444444,2.1947606228422956,0.0016,0.0,0.062275808304548264
1150.6666666666665,10.052755555555557,2.250482066301629,0.0016,0.0,0.06231418624520302
1151.0,10.168466666666667,2.3062031004883465,0.0016,0.0,0.062352485954761505
1151.3333333333335,10.284177777777778,2.3619233161298325,0.0016,0.0,0.06239055097103119
1151.6666666666665,10.399888888888889,2.417644964225474,0.0016,0.0,0.062428247183561325
1152.0,10.5156,2.47336517986696,0.0016,0.0,0.06246551498770714
1152.3333333333333,10.631311111111112,2.5290860094173695,0.0016,0.0,0.06250227987766266
1152.6666666666667,10.747022222222224,2.5848066343314713,0.0016,0.0,0.06253844499588013
1153.0,10.862733333333335,2.6405262360640336,0.0016,0.0,0.06257397681474686
1153.3333333333333,10.978444444444445,2.6962462470692117,0.0016,0.0,0.06260888278484344
1153.6666666666667,11.094155555555556,2.751967895164853,0.0016,0.0,0.06264323741197586
1154.0,11.209866666666667,2.807688110806339,0.0016,0.0,0.06267710030078888
1154.3333333333333,11.325577777777777,2.863408121811517,0.0016,0.0,0.06271053105592728
1154.6666666666665,11.44128888888889,2.9191295652708504,0.0016,0.0,0.06274367868900299
1155.0,11.557,2.9748499855486443,0.0016,0.0,0.06277666985988617
1155.3333333333335,11.672711111111113,3.0305702011901303,0.0016,0.0,0.06280965358018875
1155.6666666666667,11.788422222222223,3.086290826104232,0.0016,0.0,0.0628427267074585
1156.0,11.904133333333332,3.142011041745718,0.0016,0.0,0.06287610530853271
1156.3333333333333,12.019844444444445,3.1977324852050515,0.0016,0.0,0.06290991604328156
1156.6666666666667,12.135555555555555,3.2534527008465375,0.0016,0.0,0.06294429302215576
1157.0,12.251266666666666,3.309173735033255,0.0016,0.0,0.06297943741083145
1157.3333333333333,12.366977777777779,3.364893950674741,0.0016,0.0,0.0630154088139534
1157.6666666666667,12.48268888888889,3.4206153941340744,0.0016,0.0,0.06305231899023056
1158.0,12.5984,3.4763358144118683,0.0016,0.0,0.0630902349948883
1158.3333333333335,12.714111111111112,3.5320554161444306,0.0016,0.0,0.0631292313337326
1158.6666666666665,12.829822222222223,3.5877762456948403,0.0016,0.0,0.06316927820444107
1159.0,12.945533333333334,3.64349707524525,0.0016,0.0,0.06321035325527191
1159.3333333333335,13.061244444444446,3.699217086250428,0.0016,0.0,0.06325242668390274
1159.6666666666667,13.176955555555557,3.754937915800838,0.0016,0.0,0.06329537183046341
1160.0,13.292666666666666,3.8106571082607843,0.002,0.0,0.06067191809415817
1160.3333333333333,13.408377777777778,3.8663787563564256,0.002,0.0,0.060715436935424805
1160.6666666666667,13.52408888888889,3.922099995179451,0.002,0.0,0.06075931712985039
1161.0,13.639800000000001,3.9778175505489344,0.002,0.0,0.06080346181988716
1161.3333333333333,13.755511111111113,4.033540835735039,0.002,0.0,0.06084770709276199
1161.6666666666667,13.871222222222224,4.089260437467601,0.002,0.0,0.06089189648628235
1162.0,13.986933333333333,4.1449800392001634,0.002,0.0,0.06093583256006241
1162.3333333333335,14.102644444444442,4.2007020965684205,0.002,0.0,0.060979388654232025
1162.6666666666665,14.218355555555558,4.256422107573599,0.002,0.0,0.06102246046066284
1163.0,14.334066666666667,4.312141300033545,0.002,0.0,0.061064887791872025
1163.3333333333333,14.449777777777777,4.367863766674418,0.002,0.0,0.06110655516386032
1163.6666666666667,14.565488888888892,4.423584596224828,0.002,0.0,0.06114741414785385
1164.0,14.6812,4.479303788684774,0.002,0.0,0.06118737533688545
1164.3333333333333,14.79691111111111,4.535024618235184,0.002,0.0,0.06122646480798721
1164.6666666666667,14.912622222222225,4.590745857058209,0.002,0.0,0.06126469373703003
1165.0,15.028333333333334,4.646468323699082,0.002,0.0,0.06130208820104599
1165.3333333333333,15.144044444444443,4.7021858790685656,0.002,0.0,0.06133871152997017
1165.6666666666665,15.259755555555556,4.757908345709438,0.002,0.0,0.06137467175722122
1166.0,15.37546666666667,4.813627538169385,0.002,0.0,0.06141017749905586
1166.3333333333335,15.491177777777779,4.869347549174563,0.002,0.0,0.061445366591215134
1166.6666666666665,15.60688888888889,4.925067969452357,0.002,0.0,0.06148039549589157
1167.0,15.722600000000003,4.980790026820614,0.002,0.0,0.06151549145579338
1167.3333333333333,15.83831111111111,5.036509628553176,0.002,0.0,0.06155083328485489
1167.6666666666667,15.954022222222221,5.092229230285739,0.002,0.0,0.0615866482257843
1168.0,16.069733333333335,5.147951287653996,0.002,0.0,0.061623185873031616
1168.3333333333333,16.185444444444443,5.203673754294869,0.002,0.0,0.06166059896349907
1168.6666666666667,16.301155555555557,5.259393356027431,0.002,0.0,0.06169905140995979
1169.0,16.416866666666667,5.315112548487377,0.002,0.0,0.061738718301057816
1169.3333333333333,16.532577777777778,5.370834196583019,0.002,0.0,0.061779748648405075
1169.6666666666665,16.64828888888889,5.426554207588197,0.002,0.0,0.06182219460606575
1170.0,16.764000000000003,5.482272990775527,0.002,0.0,0.061866164207458496
1170.3333333333335,16.879711111111114,5.537994229598553,0.002,0.0,0.061911690980196
1170.6666666666667,16.995422222222224,5.593715059148963,0.002,0.0,0.06195876747369766
1171.0,17.11113333333334,5.649437935062451,0.002,0.0,0.06200733035802841
1171.3333333333333,17.226844444444446,5.705158764612861,0.002,0.0,0.06205730885267258
1171.6666666666667,17.342555555555556,5.7608779570728075,0.002,0.0,0.062108587473630905
1172.0,17.45826666666667,5.816599605168449,0.002,0.0,0.062161047011613846
1172.3333333333333,17.573977777777777,5.872320025446243,0.002,0.0,0.062214482575654984
1172.6666666666667,17.68968888888889,5.928037580815726,0.002,0.0,0.0622686967253685
1173.0,17.805400000000002,5.983760047456599,0.002,0.0,0.06232350319623947
1173.3333333333335,17.921111111111113,6.039479649189161,0.002,0.0,0.06237868219614029
1173.6666666666665,18.036822222222224,6.095201706557418,0.002,0.0,0.06243402883410454
1174.0,18.152533333333334,6.1509233546530595,0.002,0.0,0.0624893382191658
1174.3333333333335,18.268244444444445,6.206641319295159,0.002,0.0,0.06254441291093826
1174.6666666666667,18.383955555555556,6.2623617395729525,0.002,0.0,0.06259901821613312
1175.0,18.49966666666667,6.318084206213825,0.002,0.0,0.06265298277139664
1175.3333333333333,18.615377777777777,6.373804626491619,0.002,0.0,0.06270615756511688
1175.6666666666667,18.73108888888889,6.429522591133718,0.002,0.0,0.06275846809148788
1176.0,18.846800000000005,6.4852405557758175,0.002,0.0,0.06280983239412308
1176.3333333333333,18.962511111111112,6.540966296597617,0.002,0.0,0.06286021322011948
1176.6666666666667,19.078222222222227,6.596683442694484,0.002,0.0,0.0629095807671547
1177.0,19.193933333333337,6.652406727880589,0.002,0.0,0.0629580169916153
1177.3333333333335,19.309644444444448,6.708125920340535,0.002,0.0,0.06300558149814606
1177.6666666666665,19.425355555555555,6.763847159163561,0.002,0.0,0.06305243074893951
1178.0,19.54106666666667,6.819566351623507,0.002,0.0,0.06309869885444641
1178.3333333333333,19.65677777777778,6.8752879997191485,0.002,0.0,0.06314457952976227
1178.6666666666667,19.772488888888887,6.93100964781479,0.002,0.0,0.06319025158882141
1179.0,19.888200000000005,6.986729658819968,0.002,0.0,0.06323592364788055
1179.3333333333333,20.003911111111112,7.042451306915609,0.002,0.0,0.0632818266749382
1179.6666666666667,20.119622222222223,7.098169680830324,0.002,0.0,0.06332816928625107
1180.0,20.235333333333333,7.153891328925965,0.002,0.0,0.06337521970272064
1180.3333333333333,20.351044444444444,7.20961461411207,0.002,0.0,0.06342311203479767
1180.6666666666665,20.466755555555558,7.265332988026785,0.002,0.0,0.06347212940454483
1181.0,20.58246666666667,7.321053817577194,0.002,0.0,0.06352236866950989
1181.3333333333335,20.698177777777783,7.376773010037141,0.002,0.0,0.06357406079769135
1181.6666666666665,20.813888888888894,7.432495476678014,0.002,0.0,0.06362723559141159
1182.0,20.929600000000004,7.488215487683192,0.002,0.0,0.06368199735879898
1182.3333333333333,21.045311111111115,7.543934680143138,0.002,0.0,0.06373842060565948
1182.6666666666667,21.161022222222226,7.59965632823878,0.002,0.0,0.06379644572734833
1183.0,21.276733333333336,7.655376339243958,0.002,0.0,0.06385605037212372
1183.3333333333333,21.392444444444447,7.7110971687943675,0.002,0.0,0.06391715258359909
1183.6666666666667,21.508155555555557,7.766818816890009,0.002,0.0,0.06397967040538788
1184.0,21.623866666666668,7.82254046498565,0.002,0.0,0.06404344737529755
1184.3333333333333,21.73957777777778,7.878258020355133,0.002,0.0,0.06410831958055496
1184.6666666666665,21.85528888888889,7.933978849905543,0.002,0.0,0.0641741007566452
1185.0,21.971,7.9896980423654895,0.002,0.0,0.06424058973789215
1185.3333333333335,22.086711111111114,8.045422146096826,0.002,0.0,0.0643075704574585
1185.6666666666667,22.20242222222222,8.101142975647235,0.002,0.0,0.0643749013543129
1186.0,22.318133333333336,8.156862168107182,0.002,0.0,0.06444237381219864
1186.3333333333333,22.433844444444446,8.21258217911236,0.002,0.0,0.064509816467762
1186.6666666666667,22.549555555555557,8.26830300866277,0.002,0.0,0.06457702070474625
1187.0,22.66526666666667,8.324022201122716,0.002,0.0,0.06464388221502304
1187.3333333333333,22.78097777777778,8.379741393582663,0.002,0.0,0.06471031904220581
1187.6666666666667,22.896688888888892,8.435465497313999,0.002,0.0,0.06477619707584381
1188.0,23.012400000000003,8.491183052683482,0.002,0.0,0.06484157592058182
1188.3333333333335,23.128111111111114,8.54690306368866,0.002,0.0,0.06490638107061386
1188.6666666666665,23.243822222222224,8.63265468069585,0.002,0.0,0.06497064977884293
1189.0,23.359533333333335,8.746450475882739,0.002,0.0,0.06503446400165558
1189.3333333333335,23.47524444444445,8.86025281943148,0.002,0.0,0.0650978609919548
1189.6666666666667,23.590955555555556,8.974053525889758,0.002,0.0,0.06516102701425552
1190.0,23.70666666666667,9.087853413802804,0.002,0.0,0.06522403657436371
1190.3333333333333,23.82237777777778,9.20165248317062,0.002,0.0,0.06528705358505249
1190.6666666666667,23.93808888888889,9.315452371083666,0.002,0.0,0.06535021215677261
1191.0,24.053800000000003,9.429255533177638,0.002,0.0,0.0654136911034584
1191.3333333333333,24.16951111111111,9.543056239635916,0.002,0.0,0.065477654337883
1191.6666666666667,24.285222222222224,9.656850397732342,0.002,0.0,0.06554222851991653
1192.0,24.400933333333338,9.770657652552472,0.002,0.0,0.06560750305652618
1192.3333333333335,24.51664444444445,9.884455084829824,0.002,0.0,0.0656735748052597
1192.6666666666665,24.63235555555556,9.998251698561944,0.002,0.0,0.06574060767889023
1193.0,24.74806666666667,10.112057316291612,0.002,0.0,0.06580855697393417
1193.3333333333333,24.86377777777778,10.225853930023732,0.002,0.0,0.06587748229503632
1193.6666666666667,24.97948888888889,10.3396595477534,0.002,0.0,0.06594736874103546
1194.0,25.095200000000006,10.453457798575982,0.002,0.0,0.06601820886135101
1194.3333333333333,25.210911111111113,10.567254412308102,0.002,0.0,0.06608986854553223
1194.6666666666667,25.326622222222223,10.681060848583002,0.002,0.0,0.06616227328777313
1195.0,25.442333333333337,10.794853369588964,0.002,0.0,0.06623531877994537
1195.3333333333333,25.558044444444445,10.908660624409094,0.002,0.0,0.06630889326334
1195.6666666666665,25.67375555555556,11.022457238141214,0.002,0.0,0.06638284027576447
1196.0,25.78946666666667,11.136253033328103,0.002,0.0,0.06645698100328445
1196.3333333333335,25.90517777777778,11.250057832512539,0.002,0.0,0.06653120368719101
1196.6666666666665,26.02088888888889,11.36385526478989,0.002,0.0,0.06660537421703339
1197.0,26.1366,11.4776567897934,0.002,0.0,0.06667938083410263
1197.3333333333333,26.252311111111112,11.591460770432604,0.002,0.0,0.06675316393375397
1197.6666666666667,26.368022222222226,11.70525492852903,0.002,0.0,0.06682664901018143
1198.0,26.48373333333334,11.819058090623002,0.002,0.0,0.06689975410699844
1198.3333333333333,26.599444444444448,11.932857978536049,0.002,0.0,0.0669725239276886
1198.6666666666667,26.71515555555556,12.046654592268169,0.002,0.0,0.0670449361205101
1199.0,26.83086666666667,12.1604618470883,0.002,0.0,0.06711707264184952
1199.3333333333333,26.94657777777778,12.274256823729957,0.002,0.0,0.06718911230564117
1199.6666666666665,27.062288888888894,12.388060804369161,0.002,0.0,0.06726104766130447
1200.0,27.178,12.501861510827439,0.002,0.0,0.06733307242393494
1200.3333333333335,27.056644444444448,12.382511067698942,0.002,0.0,0.0674053281545639
1200.6666666666667,26.93528888888889,12.263155713299057,0.002,0.0,0.06747795641422272
1201.0,26.813933333333335,12.143802814534865,0.002,0.0,0.06755112111568451
1201.3333333333333,26.692577777777778,12.024455645587295,0.002,0.0,0.0676250234246254
1201.6666666666667,26.571222222222225,11.905101109732641,0.002,0.0,0.06769977509975433
1202.0,26.44986666666667,11.78574821096845,0.002,0.0,0.06777556985616684
1202.3333333333333,26.328511111111112,11.666398586385185,0.002,0.0,0.06785251200199127
1202.6666666666667,26.207155555555556,11.547049780347152,0.002,0.0,0.0679306760430336
1203.0,26.085800000000003,11.427699337218655,0.002,0.0,0.0680101215839386
1203.3333333333335,25.964444444444446,11.30834398281877,0.002,0.0,0.06809090822935104
1203.6666666666665,25.84308888888889,11.188993539690273,0.002,0.0,0.06817297637462616
1204.0,25.721733333333333,11.069647189287934,0.002,0.0,0.06825629621744156
1204.3333333333335,25.60037777777778,10.950296746159438,0.002,0.0,0.0683407261967659
1204.6666666666667,25.479022222222223,10.830938117578626,0.002,0.0,0.06842618435621262
1205.0,25.357666666666667,10.71158767445013,0.002,0.0,0.06851252168416977
1205.3333333333333,25.236311111111114,10.592238049866864,0.002,0.0,0.06859948486089706
1205.6666666666667,25.114955555555557,10.472890062374063,0.002,0.0,0.06868691742420197
1206.0,24.9936,10.353533070883714,0.002,0.0,0.06877458840608597
1206.3333333333333,24.872244444444444,10.234181809209986,0.002,0.0,0.06886231154203415
1206.6666666666667,24.75088888888889,10.114833003171952,0.002,0.0,0.06894984096288681
1207.0,24.629533333333335,9.995480104407761,0.002,0.0,0.06903697550296783
1207.3333333333335,24.508177777777778,9.87612720564357,0.0024000000000000002,0.0,0.06593859195709229
1207.6666666666665,24.38682222222222,9.756772669788916,0.0024000000000000002,0.0,0.06602203100919724
1208.0,24.26546666666667,9.637426319386577,0.0024000000000000002,0.0,0.06610482186079025
1208.3333333333333,24.144111111111112,9.51807014644146,0.0024000000000000002,0.0,0.06618691235780716
1208.6666666666667,24.022755555555555,9.398719703312963,0.0024000000000000002,0.0,0.06626828759908676
1209.0,23.9014,9.279370078729698,0.0024000000000000002,0.0,0.06634893268346786
1209.3333333333333,23.780044444444446,9.160019635601202,0.0024000000000000002,0.0,0.06642893701791763
1209.6666666666667,23.65868888888889,9.04066673683701,0.0024000000000000002,0.0,0.06650839745998383
1210.0,23.537333333333333,8.921314656618051,0.0024000000000000002,0.0,0.0665874108672142
1210.3333333333333,23.415977777777776,8.801968306215713,0.0024000000000000002,0.0,0.06666623800992966
1210.6666666666665,23.294622222222223,8.682616225996753,0.0024000000000000002,0.0,0.06674499064683914
1211.0,23.173266666666667,8.568649354856461,0.0024000000000000002,0.0,0.06682386249303818
1211.3333333333335,23.05191111111111,8.510215047863312,0.0024000000000000002,0.0,0.06690309196710587
1211.6666666666665,22.930555555555557,8.451773373963078,0.0024000000000000002,0.0,0.06698289513587952
1212.0,22.8092,8.393332518608076,0.0024000000000000002,0.0,0.06706342846155167
1212.3333333333333,22.687844444444444,8.334895755979232,0.0024000000000000002,0.0,0.06714493781328201
1212.6666666666667,22.566488888888887,8.276455719169462,0.0024000000000000002,0.0,0.0672275573015213
1213.0,22.445133333333334,8.218018956540618,0.0024000000000000002,0.0,0.06731142848730087
1213.3333333333333,22.323777777777778,8.159578919730848,0.0024000000000000002,0.0,0.0673966333270073
1213.6666666666667,22.20242222222222,8.101142975647235,0.0024000000000000002,0.0,0.06748321652412415
1214.0,22.081066666666665,8.04270048320177,0.0024000000000000002,0.0,0.06757118552923203
1214.3333333333333,21.959711111111112,7.9842629020276945,0.0024000000000000002,0.0,0.06766048818826675
1214.6666666666665,21.838355555555555,7.9258261393988505,0.0024000000000000002,0.0,0.06775099784135818
1215.0,21.717,7.867384465498617,0.0024000000000000002,0.0,0.06784262508153915
1215.3333333333335,21.595644444444442,7.808947702869773,0.0024000000000000002,0.0,0.06793519854545593
1215.6666666666667,21.47428888888889,7.750510940240929,0.0024000000000000002,0.0,0.06802844256162643
1216.0,21.352933333333333,7.692068447795464,0.0024000000000000002,0.0,0.06812220066785812
1216.3333333333333,21.231577777777776,7.633630866621388,0.0024000000000000002,0.0,0.06821615248918533
1216.6666666666667,21.110222222222223,7.575195741083007,0.0024000000000000002,0.0,0.06831004470586777
1217.0,20.988866666666667,7.516754885728005,0.0024000000000000002,0.0,0.06840354949235916
1217.3333333333333,20.86751111111111,7.458316486008698,0.0024000000000000002,0.0,0.06849648803472519
1217.6666666666667,20.746155555555553,7.399878086289391,0.0024000000000000002,0.0,0.06858862191438675
1218.0,20.6248,7.341438868024852,0.0024000000000000002,0.0,0.06867969036102295
1218.3333333333335,20.503444444444444,7.283000468305545,0.0024000000000000002,0.0,0.06876956671476364
1218.6666666666665,20.38208888888889,7.2245604314957745,0.0024000000000000002,0.0,0.06885815411806107
1219.0,20.260733333333334,7.166121213231236,0.0024000000000000002,0.0,0.06894534826278687
1219.3333333333335,20.13937777777778,7.10768363205716,0.0024000000000000002,0.0,0.06903112679719925
1219.6666666666667,20.018022222222225,7.049247687973548,0.0024000000000000002,0.0,0.06911558657884598
1220.0,19.89666666666667,6.990808469709009,0.0024000000000000002,0.0,0.06919879466295242
1220.3333333333333,19.77531111111111,6.932370069989702,0.0024000000000000002,0.0,0.06928088515996933
1220.6666666666667,19.65395555555556,6.8739292146347,0.0024000000000000002,0.0,0.06936205178499222
1221.0,19.532600000000002,6.815488768552314,0.0024000000000000002,0.0,0.06944254785776138
1221.3333333333333,19.411244444444446,6.757052415196085,0.0024000000000000002,0.0,0.06952262669801712
1221.6666666666667,19.289888888888893,6.698612787658931,0.0024000000000000002,0.0,0.06960257142782211
1222.0,19.168533333333336,6.640175206484855,0.0024000000000000002,0.0,0.06968267261981964
1222.3333333333335,19.04717777777778,6.581735169675085,0.0024000000000000002,0.0,0.06976320594549179
1222.6666666666665,18.925822222222223,6.5232988163188566,0.0024000000000000002,0.0,0.06984446942806244
1223.0,18.80446666666667,6.464861235144781,0.0024000000000000002,0.0,0.0699266567826271
1223.3333333333333,18.683111111111113,6.406422426152858,0.0024000000000000002,0.0,0.0700099989771843
1223.6666666666667,18.561755555555557,6.347982389343088,0.0024000000000000002,0.0,0.07009466737508774
1224.0,18.4404,6.289542761805933,0.0024000000000000002,0.0,0.07018078863620758
1224.3333333333333,18.319044444444447,6.231105999177089,0.0024000000000000002,0.0,0.07026835530996323
1224.6666666666667,18.19768888888889,6.172668827275629,0.0024000000000000002,0.0,0.07035750895738602
1225.0,18.076333333333334,6.114224288467085,0.0024000000000000002,0.0,0.07044807076454163
1225.3333333333333,17.954977777777778,6.055788753656088,0.0024000000000000002,0.0,0.07054000347852707
1225.6666666666665,17.833622222222225,5.997351581754629,0.0028,0.0,0.067692831158638
1226.0,17.712266666666668,5.938909498581779,0.0028,0.0,0.06778395920991898
1226.3333333333335,17.59091111111111,5.88047519158863,0.0028,0.0,0.06787572801113129
1226.6666666666665,17.46955555555556,5.822035564051475,0.0028,0.0,0.06796795129776001
1227.0,17.348200000000002,5.763595527241705,0.0028,0.0,0.06806036084890366
1227.3333333333333,17.226844444444446,5.705158764612861,0.0028,0.0,0.0681527629494667
1227.6666666666667,17.10548888888889,5.646717090712627,0.0028,0.0,0.06824489682912827
1228.0,16.984133333333336,5.588279509538552,0.0028,0.0,0.06833657622337341
1228.3333333333333,16.86277777777778,5.529839882001397,0.0028,0.0,0.06842757761478424
1228.6666666666667,16.741422222222223,5.471401891554706,0.0028,0.0,0.0685177594423294
1229.0,16.620066666666666,5.412963082562783,0.0028,0.0,0.06860698759555817
1229.3333333333333,16.498711111111113,5.35452427357086,0.0028,0.0,0.06869516521692276
1229.6666666666665,16.377355555555557,5.296086283124168,0.0028,0.0,0.06878230720758438
1230.0,16.256,5.237648701950093,0.0028,0.0,0.06886835396289825
1230.3333333333335,16.134644444444444,5.179208255867707,0.0028,0.0,0.06895340979099274
1230.6666666666667,16.01328888888889,5.120771902511478,0.0032,0.0,0.06668904423713684
1231.0,15.891933333333334,5.062331865701708,0.0036000000000000003,0.0,0.06493858993053436
1231.3333333333333,15.770577777777778,5.003893056709785,0.0036000000000000003,0.0,0.06504414230585098
1231.6666666666667,15.649222222222225,4.945454656990478,0.0036000000000000003,0.0,0.06514951586723328
1232.0,15.527866666666668,4.887016257271171,0.0036000000000000003,0.0,0.06525485962629318
1232.3333333333333,15.406511111111111,4.828576629734016,0.0036000000000000003,0.0,0.06536034494638443
1232.6666666666667,15.285155555555557,4.770138230014709,0.0036000000000000003,0.0,0.06546612828969955
1233.0,15.1638,4.711700648840633,0.0036000000000000003,0.0,0.0655723363161087
1233.3333333333335,15.042444444444445,4.653261430576094,0.0036000000000000003,0.0,0.06567909568548203
1233.6666666666665,14.921088888888889,4.594823849402019,0.0036000000000000003,0.0,0.06578654050827026
1234.0,14.799733333333334,4.536383812592248,0.0036000000000000003,0.0,0.0658947080373764
1234.3333333333335,14.678377777777778,4.477945003600325,0.0036000000000000003,0.0,0.0660036951303482
1234.6666666666667,14.557022222222223,4.419505785335787,0.0036000000000000003,0.0,0.0661134421825409
1235.0,14.435666666666666,4.361068204161711,0.0036000000000000003,0.0,0.06622398644685745
1235.3333333333333,14.314311111111111,4.302629395169788,0.0036000000000000003,0.0,0.0663352832198143
1235.6666666666667,14.192955555555555,4.2441897676326334,0.0036000000000000003,0.0,0.06644720584154129
1236.0,14.0716,4.185753005003789,0.004,0.0,0.06490705162286758
1236.3333333333333,13.950244444444444,4.127312968194019,0.0044,0.0,0.06367121636867523
1236.6666666666667,13.828888888888889,4.068875796292559,0.0044,0.0,0.06379291415214539
1237.0,13.707533333333334,4.010437396573252,0.0044,0.0,0.0639149472117424
1237.3333333333335,13.586177777777777,3.9519977690360975,0.0048000000000000004,0.0,0.06287076324224472
1237.6666666666665,13.464822222222223,3.893558141498943,0.0048000000000000004,0.0,0.0629885271191597
1238.0,13.343466666666666,3.8351221974153304,0.005200000000000001,0.0,0.062102559953927994
1238.3333333333333,13.222111111111111,3.7766813420603285,0.005200000000000001,0.0,0.06223054230213165
1238.6666666666667,13.100755555555555,3.7182425330684055,0.0056,0.0,0.06148771196603775
1239.0,12.9794,3.659806588984793,0.0056,0.0,0.06163020059466362
1239.3333333333333,12.858044444444443,3.6013653243571753,0.0056,0.0,0.06177224963903427
1239.6666666666667,12.736688888888889,3.5429281524557155,0.0056,0.0,0.06191379576921463
1240.0,12.615333333333332,3.4844897527364083,0.0056,0.0,0.06205469369888306
1240.3333333333333,12.493977777777777,3.426051148380793,0.0056,0.0,0.062194861471652985
1240.6666666666665,12.37262222222222,3.3676117254799465,0.0056,0.0,0.062334269285202026
1241.0,12.251266666666666,3.309173735033255,0.0056,0.0,0.06247296929359436
1241.3333333333335,12.12991111111111,3.2507336982234847,0.0056,0.0,0.0626109167933464
1241.6666666666665,12.008555555555555,3.1922957077767933,0.0056,0.0,0.06274812668561935
1242.0,11.887199999999998,3.1338568987848703,0.0056,0.0,0.06288463622331619
1242.3333333333333,11.765844444444443,3.0754178851566394,0.0056,0.0,0.06302046030759811
1242.6666666666667,11.644488888888889,3.016979485437332,0.0056,0.0,0.06315555423498154
1243.0,11.523133333333332,2.958541494990641,0.0056,0.0,0.06328991800546646
1243.3333333333333,11.401777777777777,2.900103913816565,0.0056,0.0,0.0634235292673111
1243.6666666666667,11.28042222222222,2.841665104824642,0.0056,0.0,0.06355634331703186
1244.0,11.159066666666666,2.7832254772874876,0.0056,0.0,0.063688263297081
1244.3333333333333,11.03771111111111,2.724787486840796,0.0056,0.0,0.06381921470165253
1244.6666666666665,10.916355555555555,2.666349087121489,0.0056,0.0,0.06394913047552109
1245.0,10.794999999999998,2.607908231766487,0.0056,0.0,0.06407789140939713
1245.3333333333335,10.673644444444445,2.5494704459561035,0.0056,0.0,0.06420544534921646
1245.6666666666667,10.552288888888889,2.491032455509412,0.0056,0.0,0.06433174014091492
1246.0,10.430933333333334,2.432593646517489,0.0056,0.0,0.0644567608833313
1246.3333333333333,10.309577777777777,2.37415545143449,0.0056,0.0,0.06458047777414322
1246.6666666666667,10.188222222222223,2.315716233169951,0.0056,0.0,0.06470286846160889
1247.0,10.066866666666666,2.2572780380869517,0.0056,0.0,0.06482406705617905
1247.3333333333333,9.945511111111111,2.1988392290950287,0.0056,0.0,0.06494408845901489
1247.6666666666667,9.824155555555555,2.14040001083049,0.0056,0.0,0.0650629848241806
1248.0,9.7028,2.0819620203837985,0.0056,0.0,0.0651809424161911
1248.3333333333335,9.581444444444445,2.0235232113918755,0.0056,0.0,0.06529807299375534
1248.6666666666665,9.460088888888889,1.9650841977636446,0.0056,0.0,0.06541446596384048
1249.0,9.338733333333334,1.9066460026806453,0.0056,0.0,0.06553033739328384
1249.3333333333335,9.217377777777777,1.8482069890524144,0.006,0.0,0.06460579484701157
1249.6666666666667,9.096022222222222,1.7897687939694151,0.006,0.0,0.06471759080886841
1250.0,8.974666666666666,1.7313297803411842,0.006,0.0,0.06482928991317749
1250.3333333333333,8.853311111111111,1.6728909713492612,0.006,0.0,0.06494105607271194
1250.6666666666667,8.731955555555555,1.6144524693118,0.006,0.0,0.06505294144153595
1251.0,8.6106,1.5560141719106468,0.0064,0.0,0.06421733647584915
1251.3333333333333,8.489244444444443,1.4975761814639554,0.0064,0.0,0.06432683765888214
1251.6666666666667,8.367888888888888,1.4391367585631087,0.0064,0.0,0.06443680822849274
1252.0,8.246533333333332,1.3806985634801094,0.0064,0.0,0.06454731523990631
1252.3333333333335,8.125177777777777,1.3222593452155706,0.0064,0.0,0.06465838104486465
1252.6666666666665,8.00382222222222,1.2638207408599555,0.0068000000000000005,0.0,0.06390231847763062
1253.0,7.882466666666666,1.2053823411406484,0.0068000000000000005,0.0,0.06401173025369644
1253.3333333333333,7.76111111111111,1.1469433275124175,0.0068000000000000005,0.0,0.06412167847156525
1253.6666666666667,7.6397555555555545,1.0885050301112642,0.0068000000000000005,0.0,0.06423217058181763
1254.0,7.518399999999999,1.030066630391957,0.0068000000000000005,0.0,0.06434310972690582
1254.3333333333333,7.397044444444443,0.971627923718188,0.0068000000000000005,0.0,0.06445439159870148
1254.6666666666667,7.2756888888888875,0.9131897286351887,0.007200000000000001,0.0,0.0637572705745697
1255.0,7.154333333333332,0.8547507150069578,0.007200000000000001,0.0,0.06386624276638031
1255.3333333333333,7.032977777777776,0.7963117525378038,0.007200000000000001,0.0,0.0639752447605133
1255.6666666666665,6.911622222222221,0.7378733528184966,0.0076,0.0,0.06335367262363434
1256.0,6.790266666666666,0.6794347484628815,0.0076,0.0,0.06346628814935684
1256.3333333333335,6.66891111111111,0.6209959906300355,0.0076,0.0,0.0635766088962555
1256.6666666666665,6.5475555555555545,0.5625575397516513,0.0076,0.0,0.0636846050620079
1257.0,6.426199999999999,0.5041189865551132,0.0076,0.0,0.06379026919603348
1257.3333333333333,6.304844444444443,0.44568033104042115,0.0076,0.0,0.06389372795820236
1257.6666666666667,6.1834888888888875,0.38724149646895967,0.0076,0.0,0.06399524956941605
1258.0,6.062133333333332,0.32880291769288306,0.008,0.0,0.06340233236551285
1258.3333333333333,5.940777777777776,0.270364262178191,0.008400000000000001,0.0,0.06287115812301636
1258.6666666666667,5.819422222222221,0.23305545653329318,0.008400000000000001,0.0,0.06298208981752396
1259.0,5.698066666666666,0.22729410034116881,0.008400000000000001,0.0,0.06309250742197037
1259.3333333333333,5.57671111111111,0.2215328464671984,0.008400000000000001,0.0,0.06320294737815857
1259.6666666666665,5.455355555555554,0.21577149027507403,0.008400000000000001,0.0,0.06331391632556915
1260.0,5.334,0.2100101724522574,0.008400000000000001,0.0,0.06342590600252151
1260.3333333333335,5.3227111111111105,0.2094742427516394,0.008400000000000001,0.0,0.06353937089443207
1260.6666666666667,5.311422222222221,0.20893835142032913,0.008400000000000001,0.0,0.06365467607975006
1261.0,5.300133333333333,0.20840239614017264,0.008,0.0,0.06446097791194916
1261.3333333333333,5.288844444444444,0.20786646643955464,0.008,0.0,0.06458771228790283
1261.6666666666667,5.277555555555555,0.2073305495287059,0.008,0.0,0.06471571326255798
1262.0,5.266266666666666,0.20679456866901091,0.008400000000000001,0.0,0.06413815915584564
1262.3333333333333,5.254977777777778,0.20625863896839292,0.008400000000000001,0.0,0.0642644390463829
1262.6666666666667,5.243688888888888,0.20572270926777492,0.008400000000000001,0.0,0.06439236551523209
1263.0,5.2324,0.20518679235692616,0.008400000000000001,0.0,0.06452153623104095
1263.3333333333335,5.22111111111111,0.2046508754460774,0.008400000000000001,0.0,0.06465146690607071
1263.6666666666665,5.209822222222222,0.20411486900684395,0.008400000000000001,0.0,0.06478168070316315
1264.0,5.198533333333333,0.2035789520959952,0.0088,0.0,0.06423378735780716
1264.3333333333335,5.1872444444444445,0.2030430223953772,0.0088,0.0,0.06436567008495331
1264.6666666666667,5.175955555555555,0.20250710548452844,0.0092,0.0,0.06386851519346237
1265.0,5.164666666666666,0.20197117578391044,0.009600000000000001,0.0,0.06341412663459778
1265.3333333333333,5.153377777777777,0.2014352332935232,0.009600000000000001,0.0,0.06353629380464554
1265.6666666666667,5.142088888888889,0.2008992780133667,0.009600000000000001,0.0,0.0636565312743187
1266.0,5.1308,0.2003633483127487,0.01,0.0,0.06322439014911652
1266.3333333333333,5.119511111111111,0.19982739303259223,0.01,0.0,0.0633375346660614
1266.6666666666667,5.1082222222222216,0.19929150170128196,0.01,0.0,0.0634484589099884
1267.0,5.096933333333332,0.1987555847904332,0.01,0.0,0.06355708837509155
1267.3333333333335,5.085644444444444,0.19821952719212277,0.01,0.0,0.06366363912820816
1267.6666666666665,5.074355555555556,0.197683661440351,0.01,0.0,0.06376819312572479
1268.0,5.063066666666666,0.19714778289880996,0.01,0.0,0.06387096643447876
1268.3333333333333,5.051777777777778,0.19661176366980726,0.01,0.0,0.0639721229672432
1268.6666666666667,5.040488888888889,0.19607592349757397,0.01,0.0,0.06407194584608078
1269.0,5.0291999999999994,0.1955399170583405,0.01,0.0,0.06417064368724823
1269.3333333333333,5.01791111111111,0.195004012937261,0.010400000000000001,0.0,0.0637197196483612
1269.6666666666667,5.006622222222222,0.19446807044687375,0.010400000000000001,0.0,0.06381550431251526
1270.0,4.995333333333333,0.19393214074625575,0.010400000000000001,0.0,0.06391079723834991
1270.3333333333333,4.984044444444444,0.19339614709679154,0.010400000000000001,0.0,0.0640057772397995
1270.6666666666665,4.972755555555556,0.1928602685552505,0.010400000000000001,0.0,0.0641004741191864
1271.0,4.961466666666666,0.192324364434171,0.010400000000000001,0.0,0.06419511139392853
1271.3333333333335,4.950177777777777,0.19178837078470679,0.010400000000000001,0.0,0.06428961455821991
1271.6666666666665,4.938888888888888,0.19125245387385803,0.010400000000000001,0.0,0.0643840879201889
1272.0,4.9276,0.19071647301416306,0.010400000000000001,0.0,0.06447850167751312
1272.3333333333333,4.91631111111111,0.1901805816828528,0.010400000000000001,0.0,0.06457287818193436
1272.6666666666667,4.905022222222222,0.18964458803338857,0.010400000000000001,0.0,0.06466708332300186
1273.0,4.893733333333333,0.18910867112253982,0.010400000000000001,0.0,0.0647612065076828
1273.3333333333333,4.882444444444444,0.18857274142192182,0.010400000000000001,0.0,0.06485509872436523
1273.6666666666667,4.871155555555555,0.18803681172130382,0.010400000000000001,0.0,0.06494874507188797
1274.0,4.859866666666666,0.18750086923091658,0.010400000000000001,0.0,0.0650421679019928
1274.3333333333333,4.848577777777777,0.1869649139507601,0.010400000000000001,0.0,0.06513531506061554
1274.6666666666665,4.837288888888889,0.18642900982968058,0.010400000000000001,0.0,0.06522814929485321
1275.0,4.826,0.1858930545495241,0.010400000000000001,0.0,0.06532081216573715
1275.3333333333335,4.8147111111111105,0.18535717600798307,0.0108,0.0,0.06484492868185043
1275.6666666666667,4.803422222222221,0.18482122072782659,0.0112,0.0,0.06440530717372894
1276.0,4.792133333333334,0.1842852654476701,0.0112,0.0,0.06449627131223679
1276.3333333333333,4.780844444444444,0.1837493613265906,0.0112,0.0,0.06458742171525955
1276.6666666666667,4.769555555555556,0.18321336767712637,0.0112,0.0,0.06467898935079575
1277.0,4.758266666666666,0.18267746355604686,0.0112,0.0,0.06477119773626328
1277.3333333333333,4.7469777777777775,0.18214155943496735,0.0112,0.0,0.0648641362786293
1277.6666666666667,4.735688888888888,0.18160557857527238,0.0112,0.0,0.06495809555053711
1278.0,4.7244,0.18106966166442362,0.011600000000000001,0.0,0.06453542411327362
1278.3333333333335,4.713111111111111,0.18053373196380562,0.011600000000000001,0.0,0.06463106721639633
1278.6666666666665,4.701822222222222,0.17999777668364914,0.011600000000000001,0.0,0.06472785770893097
1279.0,4.690533333333333,0.17946184698303114,0.011600000000000001,0.0,0.0648258849978447
1279.3333333333335,4.6792444444444445,0.17892591728241314,0.011600000000000001,0.0,0.06492502242326736
1279.6666666666667,4.667955555555555,0.17838993642271816,0.011600000000000001,0.0,0.06502510607242584
1280.0,4.656666666666666,0.1778540195118694,0.012,0.0,0.06462376564741135
1280.3333333333333,4.645377777777777,0.1773180258624052,0.012,0.0,0.06472494453191757
1280.6666666666667,4.634088888888888,0.17678217290040266,0.0128,0.0,0.06390468776226044
1281.0,4.6228,0.17624620483047693,0.0128,0.0,0.06400586664676666
1281.3333333333333,4.611511111111112,0.17571028791962817,0.013600000000000001,0.0,0.06328410655260086
1281.6666666666667,4.6002222222222215,0.17517433263947169,0.013600000000000001,0.0,0.06338787823915482
1282.0,4.588933333333333,0.1746383773593152,0.013600000000000001,0.0,0.06349045038223267
1282.3333333333335,4.577644444444444,0.17410248602800493,0.013600000000000001,0.0,0.06359162926673889
1282.6666666666665,4.566355555555556,0.17356653074784845,0.013600000000000001,0.0,0.0636911392211914
1283.0,4.555066666666666,0.17303057546769196,0.013600000000000001,0.0,0.06378880143165588
1283.3333333333333,4.543777777777778,0.17249464576707396,0.013600000000000001,0.0,0.06388448178768158
1283.6666666666667,4.5324888888888895,0.17195876722553294,0.013600000000000001,0.0,0.0639781802892685
1284.0,4.5212,0.17142281194537645,0.013600000000000001,0.0,0.06406982243061066
1284.3333333333333,4.509911111111111,0.1708868950345277,0.013600000000000001,0.0,0.06415944546461105
1284.6666666666667,4.498622222222222,0.1703509653339097,0.013600000000000001,0.0,0.06424706429243088
1285.0,4.487333333333333,0.1698150100537532,0.013600000000000001,0.0,0.06433286517858505
1285.3333333333333,4.476044444444445,0.16927909314290446,0.013600000000000001,0.0,0.06441697478294373
1285.6666666666665,4.464755555555556,0.16874311228320948,0.013600000000000001,0.0,0.06449964642524719
1286.0,4.4534666666666665,0.16820720816212997,0.014,0.0,0.06416873633861542
1286.3333333333335,4.442177777777777,0.16767126567174273,0.014400000000000001,0.0,0.0638587474822998
1286.6666666666665,4.430888888888889,0.16713531039158624,0.014400000000000001,0.0,0.06394200772047043
1287.0,4.4196,0.1665993934807375,0.0148,0.0,0.06365260481834412
1287.3333333333333,4.408311111111112,0.1660634637801195,0.0148,0.0,0.0637410432100296
1287.6666666666667,4.397022222222222,0.16552747013065527,0.0148,0.0,0.0638294517993927
1288.0,4.3857333333333335,0.16499159158911425,0.0152,0.0,0.0635523796081543
1288.3333333333333,4.3744444444444435,0.1644555851498808,0.0152,0.0,0.06364887952804565
1288.6666666666667,4.363155555555556,0.16391969381857052,0.0152,0.0,0.06374573707580566
1289.0,4.351866666666667,0.1633837257486448,0.015600000000000001,0.0,0.0634942576289177
1289.3333333333333,4.340577777777778,0.16284784720710377,0.015600000000000001,0.0,0.06359930336475372
1289.6666666666665,4.32928888888889,0.1623118663474088,0.015600000000000001,0.0,0.06370456516742706
1290.0,4.318,0.1617759366467908,0.015600000000000001,0.0,0.06380953639745712
1290.3333333333335,4.306711111111111,0.1612399813666343,0.015600000000000001,0.0,0.06391400843858719
1290.6666666666667,4.295422222222222,0.16070406445578556,0.015600000000000001,0.0,0.064017653465271
1291.0,4.284133333333333,0.16016816033470604,0.015600000000000001,0.0,0.06412027031183243
1291.3333333333333,4.272844444444444,0.1596322178443188,0.015600000000000001,0.0,0.06422169506549835
1291.6666666666667,4.261555555555556,0.15909626256416232,0.015600000000000001,0.0,0.06432181596755981
1292.0,4.2502666666666675,0.15856032007377507,0.015600000000000001,0.0,0.06442058086395264
1292.3333333333333,4.2389777777777775,0.15802437758338783,0.015600000000000001,0.0,0.06451797485351562
1292.6666666666667,4.227688888888889,0.15748846067253908,0.015600000000000001,0.0,0.06461410224437714
1293.0,4.2164,0.1569525053923826,0.015600000000000001,0.0,0.06470920145511627
1293.3333333333335,4.205111111111111,0.15641661406107232,0.016,0.0,0.06443718820810318
1293.6666666666665,4.193822222222222,0.1558806459911466,0.016,0.0,0.06453458964824677
1294.0,4.182533333333334,0.15534470350075935,0.0164,0.0,0.0642755925655365
1294.3333333333335,4.171244444444444,0.1548087610103721,0.016800000000000002,0.0,0.06403236091136932
1294.6666666666667,4.159955555555555,0.1542728568892926,0.0172,0.0,0.06380131095647812
1295.0,4.148666666666667,0.15373687602959762,0.0172,0.0,0.0638979822397232
1295.3333333333333,4.137377777777777,0.15320095911874887,0.0176,0.0,0.06367628276348114
1295.6666666666667,4.126088888888889,0.1526649782590539,0.0176,0.0,0.0637708529829979
1296.0,4.1148,0.15212911250728212,0.0176,0.0,0.06386512517929077
1296.3333333333333,4.1035111111111116,0.15159315722712563,0.0176,0.0,0.06395917385816574
1296.6666666666667,4.0922222222222215,0.1510572147367384,0.0176,0.0,0.06405311077833176
1297.0,4.080933333333333,0.15052129782588963,0.018000000000000002,0.0,0.06383344531059265
1297.3333333333335,4.069644444444445,0.1499853553355024,0.018000000000000002,0.0,0.063931904733181
1297.6666666666665,4.058355555555555,0.14944943842465364,0.018000000000000002,0.0,0.06402863562107086
1298.0,4.047066666666667,0.1489134703547279,0.0184,0.0,0.06381867080926895
1298.3333333333333,4.035777777777778,0.14837757902341764,0.0188,0.0,0.06362108886241913
1298.6666666666667,4.024488888888889,0.14784159816372267,0.0188,0.0,0.06371672451496124
1299.0,4.0132,0.14730564288356618,0.0188,0.0,0.06381061673164368
1299.3333333333333,4.001911111111111,0.14676971318294818,0.019200000000000002,0.0,0.06361515074968338
1299.6666666666667,3.9906222222222225,0.14623378348233018,0.019200000000000002,0.0,0.06370612233877182
1300.0,3.979333333333333,0.14569789215101991,0.019200000000000002,0.0,0.06379535794258118
1300.3333333333333,3.9680444444444443,0.14516194966063267,0.0196,0.0,0.06360156834125519
1300.6666666666665,3.9567555555555556,0.14462600717024543,0.0196,0.0,0.06369385868310928
1301.0,3.945466666666667,0.14409009025939667,0.019200000000000002,0.0,0.0640740692615509
1301.3333333333335,3.9341777777777778,0.14355412218947095,0.0196,0.0,0.06388034671545029
1301.6666666666665,3.922888888888889,0.1430182052786222,0.020800000000000003,0.0,0.0631726086139679
1302.0,3.9115999999999995,0.14248226278823495,0.020800000000000003,0.0,0.06326795369386673
1302.3333333333333,3.9003111111111117,0.14194630750807846,0.0212,0.0,0.06310674548149109
1302.6666666666667,3.8890222222222226,0.14141037780746046,0.022000000000000002,0.0,0.06271585077047348
1303.0,3.8777333333333335,0.14087440973753473,0.022000000000000002,0.0,0.06280015408992767
1303.3333333333333,3.8664444444444444,0.1403384672471475,0.0224,0.0,0.06265179067850113
1303.6666666666667,3.8551555555555552,0.13980256312606798,0.0224,0.0,0.06272933632135391
1304.0,3.8438666666666674,0.13926659505614225,0.0228,0.0,0.06257946789264679
1304.3333333333333,3.8325777777777783,0.13873070372483198,0.0228,0.0,0.06265216320753098
1304.6666666666665,3.821288888888889,0.1381947484446755,0.0228,0.0,0.06272199004888535
1305.0,3.8100000000000005,0.13765883153382674,0.0228,0.0,0.06279123574495316
1305.3333333333335,3.798711111111111,0.13712290183320874,0.0228,0.0,0.06286357343196869
1305.6666666666667,3.7874222222222222,0.13658694655305226,0.023200000000000002,0.0,0.06271633505821228
1306.0,3.7761333333333336,0.13605100406266502,0.024,0.0,0.06236885115504265
1306.3333333333333,3.7648444444444444,0.13551507436204702,0.0244,0.0,0.06224624440073967
1306.6666666666667,3.753555555555556,0.13497913187165977,0.0244,0.0,0.062327202409505844
1307.0,3.742266666666667,0.13444320217104178,0.024800000000000003,0.0,0.062210243195295334
1307.3333333333333,3.730977777777778,0.13390729804996226,0.026000000000000002,0.0,0.06173291429877281
1307.6666666666667,3.719688888888889,0.13337135555957502,0.026000000000000002,0.0,0.06182260438799858
1308.0,3.7083999999999997,0.13283540027941854,0.0264,0.0,0.061731815338134766
1308.3333333333335,3.6971111111111115,0.13229947057880054,0.0264,0.0,0.06182268261909485
1308.6666666666665,3.6858222222222223,0.13176355366795178,0.0268,0.0,0.06174592301249504
1309.0,3.674533333333333,0.1312275983877953,0.027200000000000002,0.0,0.06167538836598396
1309.3333333333335,3.6632444444444445,0.13069165589740805,0.027600000000000003,0.0,0.06160717457532883
1309.6666666666667,3.6519555555555554,0.13015570061725157,0.028,0.0,0.061541687697172165
1310.0,3.640666666666667,0.12961977091663357,0.028,0.0,0.06163933500647545
1310.3333333333333,3.629377777777778,0.12908381563647708,0.0292,0.0,0.0612543560564518
1310.6666666666667,3.618088888888889,0.12854789872562833,0.0292,0.0,0.061348412185907364
1311.0,3.6068000000000007,0.12801196902501033,0.028800000000000003,0.0,0.06159673631191254
1311.3333333333333,3.5955111111111107,0.1274760265346231,0.0292,0.0,0.0615236796438694
1311.6666666666667,3.5842222222222224,0.12694010962377433,0.0292,0.0,0.0616067536175251
1312.0,3.5729333333333333,0.12640410318454087,0.0292,0.0,0.061685286462306976
1312.3333333333335,3.5616444444444446,0.12586822464299985,0.0296,0.0,0.06160274147987366
1312.6666666666665,3.5503555555555564,0.12533229494238185,0.0296,0.0,0.06167665868997574
1313.0,3.5390666666666664,0.12479635245199461,0.030000000000000002,0.0,0.06159470975399017
1313.3333333333333,3.527777777777778,0.12426040996160737,0.0304,0.0,0.061519693583250046
1313.6666666666667,3.516488888888889,0.12372445468145088,0.0308,0.0,0.06145079806447029
1314.0,3.5052,0.12318853777060212,0.0308,0.0,0.06153462827205658
1314.3333333333333,3.4939111111111116,0.12265263364952261,0.031200000000000002,0.0,0.06147442013025284
1314.6666666666667,3.482622222222222,0.12211666557959688,0.0316,0.0,0.06142285466194153
1315.0,3.471333333333334,0.12158074866874813,0.0316,0.0,0.06151989474892616
1315.3333333333333,3.4600444444444447,0.12104479338859164,0.0328,0.0,0.06120125204324722
1315.6666666666665,3.4487555555555556,0.12050886368797364,0.0332,0.0,0.061172567307949066
1316.0,3.4374666666666673,0.11997293398735565,0.033600000000000005,0.0,0.061146218329668045
1316.3333333333335,3.426177777777778,0.1194369914969684,0.033600000000000005,0.0,0.061253827065229416
1316.6666666666665,3.414888888888889,0.11890104900658116,0.033600000000000005,0.0,0.061360616236925125
1317.0,3.4036,0.11836511930596316,0.034,0.0,0.061330970376729965
1317.3333333333333,3.3923111111111113,0.11782918960534516,0.0344,0.0,0.06130388751626015
1317.6666666666667,3.3810222222222226,0.11729323432518868,0.034,0.0,0.06154010817408562
1318.0,3.369733333333334,0.11675731741433992,0.0344,0.0,0.06150568276643753
1318.3333333333333,3.358444444444445,0.11622137492395268,0.0344,0.0,0.06160224229097366
1318.6666666666667,3.347155555555556,0.1156854196437962,0.034800000000000005,0.0,0.06156498193740845
1319.0,3.335866666666667,0.11514950273294744,0.034800000000000005,0.0,0.061658769845962524
1319.3333333333333,3.3245777777777783,0.11461354745279095,0.0352,0.0,0.061615195125341415
1319.6666666666665,3.313288888888889,0.1140776305419422,0.0352,0.0,0.06170126050710678
1320.0,3.302,0.1135417008413242,0.0356,0.0,0.06165361776947975
1320.3333333333335,3.304822222222222,0.11367564809461328,0.0356,0.0,0.06173514202237129
1320.6666666666667,3.3076444444444446,0.11380968487628706,0.036000000000000004,0.0,0.06168340519070625
1321.0,3.310466666666667,0.11394364491934539,0.0368,0.0,0.061506837606430054
1321.3333333333333,3.313288888888889,0.1140776305419422,0.037200000000000004,0.0,0.06145961955189705
1321.6666666666667,3.3161111111111112,0.1142116417440775,0.0376,0.0,0.06141600385308266
1322.0,3.3189333333333337,0.11434560178713582,0.038,0.0,0.06137571483850479
1322.3333333333333,3.321755555555556,0.11447956183019414,0.038,0.0,0.061456046998500824
1322.6666666666667,3.324577777777778,0.11461354745279095,0.038,0.0,0.06153712421655655
1323.0,3.3274,0.11474755865492625,0.038400000000000004,0.0,0.06149986386299133
1323.3333333333335,3.3302222222222224,0.11488150590821533,0.0392,0.0,0.06135150417685509
1323.6666666666665,3.3330444444444445,0.11501550432058139,0.0396,0.0,0.06132519245147705
1324.0,3.335866666666667,0.11514950273294744,0.04,0.0,0.0613018274307251
1324.3333333333335,3.338688888888889,0.1152835011453135,0.04,0.0,0.061394866555929184
1324.6666666666667,3.3415111111111115,0.11541747397814106,0.04,0.0,0.06148897111415863
1325.0,3.3443333333333336,0.11555143402119938,0.04,0.0,0.061584096401929855
1325.3333333333333,3.3471555555555557,0.1156854196437962,0.04,0.0,0.061680108308792114
1325.6666666666667,3.349977777777778,0.11581945642546998,0.04,0.0,0.06177690625190735
1326.0,3.3528000000000002,0.11595342925829755,0.04,0.0,0.06187433376908302
1326.3333333333333,3.3556222222222223,0.11608740209112511,0.040400000000000005,0.0,0.06185504049062729
1326.6666666666667,3.358444444444445,0.11622137492395268,0.0408,0.0,0.06183670461177826
1327.0,3.361266666666667,0.11635534775678025,0.0412,0.0,0.06182149425148964
1327.3333333333335,3.364088888888889,0.11648933337937706,0.041600000000000005,0.0,0.061807360500097275
1327.6666666666665,3.3669111111111114,0.11662333179174311,0.041600000000000005,0.0,0.06190779432654381
1328.0,3.3697333333333335,0.11675731741433992,0.041600000000000005,0.0,0.062006156891584396
1328.3333333333333,3.3725555555555555,0.11689130303693673,0.0412,0.0,0.06222022697329521
1328.6666666666667,3.375377777777778,0.1170252758697643,0.041600000000000005,0.0,0.062198538333177567
1329.0,3.3782000000000005,0.11715927428213035,0.0424,0.0,0.062061093747615814
1329.3333333333333,3.3810222222222226,0.11729323432518868,0.0424,0.0,0.062152646481990814
1329.6666666666667,3.383844444444444,0.11742723273755473,0.0424,0.0,0.06223950907588005
1330.0,3.386666666666667,0.11756121836015154,0.042,0.0,0.062439192086458206
1330.3333333333333,3.389488888888889,0.11769519119297911,0.042,0.0,0.06251846253871918
1330.6666666666665,3.392311111111111,0.11782918960534516,0.042,0.0,0.06259436160326004
1331.0,3.3951333333333333,0.11796314964840349,0.0424,0.0,0.06254895031452179
1331.3333333333335,3.397955555555556,0.11809716085053878,0.0424,0.0,0.06262408196926117
1331.6666666666665,3.4007777777777783,0.1182311464731356,0.042800000000000005,0.0,0.0625821202993393
1332.0,3.4036,0.11836511930596316,0.0432,0.0,0.06254367530345917
1332.3333333333333,3.406422222222222,0.11849910492855997,0.0436,0.0,0.06250988692045212
1332.6666666666667,3.409244444444445,0.11863305218184905,0.044000000000000004,0.0,0.06248057261109352
1333.0,3.412066666666667,0.1187670505942151,0.0448,0.0,0.062345076352357864
1333.3333333333333,3.414888888888889,0.11890104900658116,0.0448,0.0,0.06243661418557167
1333.6666666666667,3.417711111111111,0.11903504741894722,0.0448,0.0,0.0625319629907608
1334.0,3.4205333333333336,0.11916903304154403,0.0448,0.0,0.06263013184070587
1334.3333333333333,3.4233555555555557,0.1193029802948331,0.045200000000000004,0.0,0.06261840462684631
1334.6666666666665,3.4261777777777778,0.1194369914969684,0.0448,0.0,0.06283185631036758
1335.0,3.429,0.11957098990933446,0.0444,0.0,0.06304827332496643
1335.3333333333335,3.4318222222222228,0.11970498832170051,0.044000000000000004,0.0,0.06326677650213242
1335.6666666666667,3.434644444444445,0.11983894836475883,0.044000000000000004,0.0,0.06336309760808945
1336.0,3.4374666666666664,0.11997293398735565,0.0444,0.0,0.06333377212285995
1336.3333333333333,3.440288888888889,0.12010691960995246,0.045200000000000004,0.0,0.06318321824073792
1336.6666666666667,3.4431111111111115,0.12024087965301078,0.045200000000000004,0.0,0.06326401978731155
1337.0,3.445933333333333,0.12037489085514608,0.0456,0.0,0.06322283297777176
1337.3333333333333,3.4487555555555556,0.12050886368797364,0.045200000000000004,0.0,0.06341195106506348
1337.6666666666667,3.451577777777778,0.12064284931057045,0.046,0.0,0.06324734538793564
1338.0,3.4544000000000006,0.12077682214339802,0.046400000000000004,0.0,0.06319934874773026
1338.3333333333335,3.457222222222222,0.12091082055576408,0.046400000000000004,0.0,0.0632648691534996
1338.6666666666665,3.4600444444444447,0.12104479338859164,0.046400000000000004,0.0,0.06333169341087341
1339.0,3.4628666666666668,0.12117876622141921,0.0468,0.0,0.06328485906124115
1339.3333333333335,3.465688888888889,0.12131275184401602,0.0472,0.0,0.06324298679828644
1339.6666666666667,3.4685111111111113,0.12144672467684359,0.0476,0.0,0.06320511549711227
1340.0,3.471333333333334,0.12158074866874813,0.048,0.0,0.0631711483001709
1340.3333333333333,3.4741555555555554,0.12171473429134494,0.048,0.0,0.06325061619281769
1340.6666666666667,3.476977777777778,0.1218487071241725,0.0488,0.0,0.06311362236738205
1341.0,3.4798000000000004,0.12198267995700007,0.0492,0.0,0.06308824568986893
1341.3333333333333,3.482622222222222,0.12211666557959688,0.0488,0.0,0.06328003853559494
1341.6666666666667,3.485444444444444,0.1222506512021937,0.0488,0.0,0.06336406618356705
1342.0,3.488266666666667,0.12238461124525202,0.048400000000000006,0.0,0.06355776637792587
1342.3333333333335,3.4910888888888896,0.12251860965761807,0.0492,0.0,0.06341780722141266
1342.6666666666665,3.4939111111111107,0.12265263364952261,0.049600000000000005,0.0,0.06338778883218765
1343.0,3.4967333333333332,0.1227865553232732,0.05,0.0,0.06335458904504776
1343.3333333333333,3.499555555555556,0.12292055373563926,0.05,0.0,0.06342482566833496
1343.6666666666667,3.502377777777778,0.12305456493777456,0.0504,0.0,0.06338576227426529
1344.0,3.5052,0.12318853777060212,0.050800000000000005,0.0,0.06334584951400757
1344.3333333333333,3.5080222222222224,0.12332253618296818,0.0516,0.0,0.06320218741893768
1344.6666666666667,3.5108444444444444,0.12345650901579575,0.0516,0.0,0.06326687335968018
1345.0,3.5136666666666665,0.12359052021793104,0.052000000000000005,0.0,0.06322877109050751
1345.3333333333333,3.516488888888889,0.12372445468145088,0.052000000000000005,0.0,0.06329327076673508
1345.6666666666665,3.519311111111111,0.12385845309381693,0.052000000000000005,0.0,0.06335847079753876
1346.0,3.5221333333333336,0.12399246429595223,0.0524,0.0,0.0633234903216362
1346.3333333333335,3.5249555555555556,0.12412644991854904,0.0524,0.0,0.06339333951473236
1346.6666666666665,3.527777777777778,0.12426040996160737,0.052000000000000005,0.0,0.06356967240571976
1347.0,3.5306,0.12439439558420418,0.052000000000000005,0.0,0.06364486366510391
1347.3333333333333,3.5334222222222222,0.12452840678633947,0.0524,0.0,0.0636175349354744
1347.6666666666667,3.5362444444444447,0.12466239240893628,0.0524,0.0,0.06369680911302567
1348.0,3.5390666666666664,0.12479635245199461,0.0524,0.0,0.06377727538347244
1348.3333333333333,3.5418888888888893,0.12493035086436066,0.0524,0.0,0.06385872513055801
1348.6666666666667,3.5447111111111114,0.12506429811764974,0.0528,0.0,0.06383531540632248
1349.0,3.547533333333333,0.12519830931978504,0.053200000000000004,0.0,0.06381320208311081
1349.3333333333333,3.5503555555555555,0.12533229494238185,0.053200000000000004,0.0,0.0638950914144516
1349.6666666666665,3.553177777777778,0.12546628056497866,0.053200000000000004,0.0,0.06397638469934464
1350.0,3.5559999999999996,0.12560025339780623,0.0536,0.0,0.06395410001277924
1350.3333333333335,3.558822222222222,0.1257342262306338,0.0536,0.0,0.06403563171625137
1350.6666666666667,3.5616444444444446,0.12586822464299985,0.054,0.0,0.06401137262582779
1351.0,3.5644666666666667,0.12600223584513515,0.054400000000000004,0.0,0.06398669630289078
1351.3333333333333,3.5672888888888887,0.12613618309842423,0.055200000000000006,0.0,0.06386004388332367
1351.6666666666667,3.5701111111111112,0.12627018151079028,0.055600000000000004,0.0,0.06383585929870605
1352.0,3.5729333333333333,0.12640410318454087,0.055600000000000004,0.0,0.06390850245952606
1352.3333333333333,3.5757555555555554,0.12653816554575315,0.0568,0.0,0.06368443369865417
1352.6666666666667,3.578577777777778,0.1266721383785807,0.0568,0.0,0.06375391036272049
1353.0,3.5814000000000004,0.12680613679094677,0.056400000000000006,0.0,0.06392015516757965
1353.3333333333335,3.5842222222222215,0.12694010962377433,0.056400000000000006,0.0,0.06398816406726837
1353.6666666666665,3.5870444444444445,0.1270740568770634,0.056400000000000006,0.0,0.06405407190322876
1354.0,3.589866666666667,0.1272080936587372,0.056400000000000006,0.0,0.0641179159283638
1354.3333333333335,3.5926888888888895,0.12734202812225703,0.056400000000000006,0.0,0.0641801729798317
1354.6666666666667,3.5955111111111107,0.1274760265346231,0.056400000000000006,0.0,0.06424147635698318
1355.0,3.5983333333333336,0.12761002494698914,0.0568,0.0,0.06420210748910904
1355.3333333333333,3.601155555555556,0.12774397220027822,0.0568,0.0,0.06426362693309784
1355.6666666666667,3.6039777777777773,0.12787798340241352,0.0568,0.0,0.06432640552520752
1356.0,3.6068,0.12801196902501033,0.058,0.0,0.06409438699483871
1356.3333333333333,3.6096222222222227,0.12814598022714563,0.0584,0.0,0.06406576931476593
1356.6666666666667,3.6124444444444443,0.12827994027020395,0.058800000000000005,0.0,0.06404087692499161
1357.0,3.6152666666666664,0.12841391310303152,0.058800000000000005,0.0,0.06411542743444443
1357.3333333333335,3.618088888888889,0.12854789872562833,0.058800000000000005,0.0,0.06419310718774796
1357.6666666666665,3.620911111111111,0.12868185876868665,0.0596,0.0,0.06408283114433289
1358.0,3.623733333333333,0.12881583160151422,0.060000000000000005,0.0,0.06407219916582108
1358.3333333333333,3.6265555555555555,0.12894988117295725,0.0604,0.0,0.0640646442770958
1358.6666666666667,3.629377777777778,0.12908381563647708,0.0604,0.0,0.06415107101202011
1359.0,3.6322,0.1292178012590739,0.0604,0.0,0.06423809379339218
1359.3333333333333,3.635022222222222,0.12935179967143995,0.0608,0.0,0.06423024088144302
1359.6666666666667,3.6378444444444447,0.129485798083806,0.0608,0.0,0.06431366503238678
1360.0,3.6406666666666663,0.12961977091663357,0.0608,0.0,0.06439387053251266
1360.3333333333333,3.6434888888888888,0.12975376932899962,0.0608,0.0,0.06447038799524307
1360.6666666666665,3.6463111111111113,0.12988775495159643,0.0608,0.0,0.0645429790019989
1361.0,3.649133333333333,0.13002168941511627,0.0608,0.0,0.06461312621831894
1361.3333333333335,3.6519555555555554,0.13015570061725157,0.062,0.0,0.06439807265996933
1361.6666666666665,3.654777777777778,0.13028969902961762,0.062,0.0,0.06446259468793869
1362.0,3.6576000000000004,0.13042368465221443,0.062,0.0,0.06452400237321854
1362.3333333333333,3.660422222222222,0.130557657485042,0.0616,0.0,0.06467781960964203
1362.6666666666667,3.6632444444444445,0.13069165589740805,0.062,0.0,0.06464114040136337
1363.0,3.666066666666667,0.13082566709954335,0.061200000000000004,0.0,0.06489188969135284
1363.3333333333333,3.6688888888888886,0.13095961435283243,0.061200000000000004,0.0,0.06495147943496704
1363.6666666666667,3.671711111111111,0.13109358718566,0.062,0.0,0.06481758505105972
1364.0,3.674533333333333,0.1312275983877953,0.062400000000000004,0.0,0.06478334218263626
1364.3333333333333,3.6773555555555553,0.13136159680016135,0.062400000000000004,0.0,0.0648452565073967
1364.6666666666665,3.6801777777777778,0.13149556963298892,0.0636,0.0,0.06462842971086502
1365.0,3.6830000000000003,0.13162950409650875,0.064,0.0,0.06460350006818771
1365.3333333333335,3.685822222222222,0.13176355366795178,0.064,0.0,0.06467251479625702
1365.6666666666667,3.6886444444444444,0.13189748813147162,0.0644,0.0,0.06465283781290054
1366.0,3.691466666666667,0.13203147375406843,0.0644,0.0,0.06472573429346085
1366.3333333333333,3.694288888888888,0.13216549774597297,0.0644,0.0,0.06480000913143158
1366.6666666666667,3.697111111111111,0.13229947057880054,0.0644,0.0,0.06487532705068588
1367.0,3.6999333333333335,0.13243343062185886,0.0644,0.0,0.06495064496994019
1367.3333333333333,3.702755555555556,0.1325674546137634,0.06520000000000001,0.0,0.06484238058328629
1367.6666666666667,3.705577777777777,0.132701376287514,0.0656,0.0,0.0648263543844223
1368.0,3.7083999999999997,0.13283540027941854,0.0656,0.0,0.06489957123994827
1368.3333333333335,3.7112222222222226,0.13296936032247686,0.06520000000000001,0.0,0.06506327539682388
1368.6666666666665,3.714044444444444,0.13310334594507367,0.0648,0.0,0.06522833555936813
1369.0,3.7168666666666663,0.13323735714720897,0.0656,0.0,0.06511346250772476
1369.3333333333335,3.719688888888889,0.13337135555957502,0.066,0.0,0.06509117037057877
1369.6666666666667,3.722511111111111,0.13350534118217183,0.0664,0.0,0.06506700068712234
1370.0,3.725333333333333,0.13363926285592242,0.0664,0.0,0.06513113528490067
1370.3333333333333,3.7281555555555554,0.1337732996375962,0.066,0.0,0.0652846246957779
1370.6666666666667,3.730977777777778,0.13390729804996226,0.066,0.0,0.06534373760223389
1371.0,3.7338,0.1340412580930206,0.0656,0.0,0.06549432873725891
1371.3333333333333,3.736622222222222,0.1341752181360789,0.0656,0.0,0.06554962694644928
1371.6666666666667,3.7394444444444446,0.1343092293382142,0.066,0.0,0.06550868600606918
1372.0,3.7422666666666666,0.13444320217104178,0.0664,0.0,0.06546692550182343
1372.3333333333335,3.7450888888888887,0.1345771622141001,0.0664,0.0,0.06551766395568848
1372.6666666666665,3.747911111111111,0.1347111478366969,0.0668,0.0,0.0654761865735054
1373.0,3.750733333333333,0.1348451846183707,0.0668,0.0,0.06552819907665253
1373.3333333333333,3.7535555555555558,0.13497913187165977,0.0668,0.0,0.06558163464069366
1373.6666666666667,3.756377777777778,0.13511313028402583,0.06720000000000001,0.0,0.06554330885410309
1374.0,3.7591999999999994,0.13524709032708415,0.06760000000000001,0.0,0.0655076652765274
1374.3333333333333,3.762022222222222,0.13538110152921945,0.06760000000000001,0.0,0.06556599587202072
1374.6666666666667,3.7648444444444444,0.13551507436204702,0.068,0.0,0.0655343309044838
1375.0,3.767666666666667,0.13564904719487458,0.0692,0.0,0.06532689183950424
1375.3333333333333,3.7704888888888886,0.13578308397654837,0.0692,0.0,0.06539048999547958
1375.6666666666665,3.773311111111111,0.1359170184400682,0.0692,0.0,0.06545452773571014
1376.0,3.7761333333333336,0.13605100406266502,0.0688,0.0,0.06560946255922318
1376.3333333333335,3.778955555555555,0.13618502805456956,0.0688,0.0,0.06567492336034775
1376.6666666666665,3.7817777777777777,0.13631897530785864,0.0688,0.0,0.06574147194623947
1377.0,3.7845999999999997,0.1364529481406862,0.0688,0.0,0.0658065602183342
1377.3333333333333,3.787422222222222,0.13658694655305226,0.0688,0.0,0.06586973369121552
1377.6666666666667,3.7902444444444443,0.13672091938587982,0.0688,0.0,0.06593059748411179
1378.0,3.793066666666667,0.13685490500847663,0.0692,0.0,0.06589652597904205
1378.3333333333333,3.795888888888889,0.13698886505153496,0.0692,0.0,0.06595338135957718
1378.6666666666667,3.798711111111111,0.13712290183320874,0.06960000000000001,0.0,0.06591656804084778
1379.0,3.8015333333333334,0.13725686187626707,0.06960000000000001,0.0,0.06596913933753967
1379.3333333333333,3.8043555555555555,0.13739084749886388,0.0692,0.0,0.06611257791519165
1379.6666666666665,3.807177777777777,0.1375248331214607,0.0688,0.0,0.06625736504793167
1380.0,3.81,0.13765883153382674,0.0692,0.0,0.06621430069208145
1380.3333333333335,3.9468777777777775,0.14415704470138735,0.0692,0.0,0.06626489758491516
1380.6666666666667,4.083755555555556,0.15065528344848644,0.0692,0.0,0.06631550192832947
1381.0,4.220633333333334,0.15715349661604705,0.0704,0.0,0.06608924269676208
1381.3333333333333,4.35751111111111,0.16365173536314614,0.0708,0.0,0.06605261564254761
1381.6666666666667,4.4943888888888885,0.1701499357409375,0.0716,0.0,0.0659291073679924
1382.0,4.631266666666667,0.17664816169826736,0.0716,0.0,0.06598670035600662
1382.3333333333333,4.768144444444444,0.1831463876555972,0.0724,0.0,0.06586946547031403
1382.6666666666667,4.905022222222223,0.18964458803338857,0.0732,0.0,0.06575843691825867
1383.0,5.041899999999999,0.1961428651497954,0.0732,0.0,0.06582318246364594
1383.3333333333335,5.178777777777778,0.2026411038968945,0.0732,0.0,0.06588885933160782
1383.6666666666665,5.315655555555556,0.2091392914849166,0.0732,0.0,0.06595507264137268
1384.0,5.452533333333333,0.2156375558115542,0.0732,0.0,0.0660213902592659
1384.3333333333335,5.5894111111111116,0.22213570503026858,0.0732,0.0,0.06608730554580688
1384.6666666666667,5.726288888888889,0.22863395656713692,0.0736,0.0,0.06606467068195343
1385.0,5.863166666666667,0.23513220810400526,0.07400000000000001,0.0,0.06604170799255371
1385.3333333333333,6.000044444444445,0.29890417181377416,0.07400000000000001,0.0,0.06610435247421265
1385.6666666666667,6.136922222222223,0.3648174754289357,0.07440000000000001,0.0,0.06607836484909058
1386.0,6.2738000000000005,0.4307307790440973,0.0748,0.0,0.06605074554681778
1386.3333333333333,6.410677777777778,0.4966439803411049,0.0748,0.0,0.06610683351755142
1386.6666666666667,6.547555555555555,0.5625575397516513,0.0748,0.0,0.06615998595952988
1387.0,6.684433333333333,0.6284708433668129,0.0752,0.0,0.06612452864646912
1387.3333333333335,6.821311111111112,0.6943842493001284,0.0756,0.0,0.0660874992609024
1387.6666666666665,6.958188888888889,0.7602973994380591,0.076,0.0,0.06604855507612228
1388.0,7.095066666666666,0.8262108565304516,0.0756,0.0,0.06617698073387146
1388.3333333333333,7.231944444444444,0.8921241601456131,0.0752,0.0,0.06630416959524155
1388.6666666666667,7.3688222222222235,0.9580375149198517,0.0756,0.0,0.06625784188508987
1389.0,7.505700000000001,1.0239504604214744,0.0752,0.0,0.06638376414775848
1389.3333333333333,7.642577777777778,1.0898642244683288,0.076,0.0,0.0662512332201004
1389.6666666666667,7.779455555555555,1.1557774769244133,0.076,0.0,0.06629230827093124
1390.0,7.916333333333334,1.221690831698652,0.076,0.0,0.06633471697568893
1390.3333333333333,8.053211111111112,1.2876042887910444,0.07680000000000001,0.0,0.06620893627405167
1390.6666666666665,8.190088888888889,1.353517438928975,0.07680000000000001,0.0,0.06625580787658691
1391.0,8.326966666666666,1.4194308960213675,0.07640000000000001,0.0,0.06639084964990616
1391.3333333333335,8.463844444444444,1.4853440461592982,0.07640000000000001,0.0,0.06644327938556671
1391.6666666666665,8.600722222222226,1.5512577078879985,0.07640000000000001,0.0,0.06649792939424515
1392.0,8.737600000000002,1.6171707557077752,0.07640000000000001,0.0,0.0665544867515564
1392.3333333333333,8.874477777777779,1.6830846220727835,0.07640000000000001,0.0,0.06661253422498703
1392.6666666666667,9.011355555555555,1.7489976698925602,0.0776,0.0,0.06641450524330139
1393.0,9.148233333333334,1.814910615394183,0.0776,0.0,0.06647519767284393
1393.3333333333333,9.285111111111112,1.8808241748047294,0.0776,0.0,0.06653589755296707
1393.6666666666667,9.42198888888889,1.9467377342152759,0.0776,0.0,0.06659722328186035
1394.0,9.558866666666667,2.0126510889895144,0.0776,0.0,0.066657654941082
1394.3333333333333,9.695744444444443,2.078564034491137,0.078,0.0,0.06663098186254501
1394.6666666666665,9.832622222222222,2.1444773892653757,0.078,0.0,0.0666879341006279
1395.0,9.969500000000002,2.210390744039614,0.078,0.0,0.06674288958311081
1395.3333333333335,10.10637777777778,2.276303280268621,0.0784,0.0,0.0667104721069336
1395.6666666666667,10.243255555555557,2.342217862860707,0.0784,0.0,0.06676206737756729
1396.0,10.380133333333333,2.4081312176349456,0.0784,0.0,0.06681285798549652
1396.3333333333333,10.517011111111112,2.4740441631365684,0.0796,0.0,0.06660852581262589
1396.6666666666667,10.65388888888889,2.539957722547115,0.08,0.0,0.06657464802265167
1397.0,10.790766666666668,2.6058708726850455,0.0804,0.0,0.06654056906700134
1397.3333333333333,10.927644444444445,2.671783818186668,0.08080000000000001,0.0,0.06650667637586594
1397.6666666666667,11.064522222222221,2.7376975822335226,0.08120000000000001,0.0,0.0664728581905365
1398.0,11.201400000000001,2.803610937007761,0.08120000000000001,0.0,0.06652012467384338
1398.3333333333335,11.338277777777778,2.869525314963539,0.0816,0.0,0.06648646295070648
1398.6666666666665,11.475155555555558,2.9354370326473145,0.0824,0.0,0.06637409329414368
1399.0,11.612033333333335,3.001350387421553,0.0824,0.0,0.0664227306842804
1399.3333333333335,11.748911111111111,3.06726292365056,0.0824,0.0,0.06647184491157532
1399.6666666666667,11.885788888888891,3.1331783247878775,0.0824,0.0,0.06652191281318665
1400.0,12.022666666666668,3.199091679562116,0.0824,0.0,0.0665733739733696
1400.3333333333333,12.159544444444446,3.2650033972458914,0.0824,0.0,0.06662555038928986
1400.6666666666667,12.296422222222223,3.3309194122921326,0.0828,0.0,0.06659801304340363
1401.0,12.433300000000003,3.3968315392485238,0.0828,0.0,0.06665238738059998
1401.3333333333333,12.57017777777778,3.462743461568607,0.0828,0.0,0.0667087510228157
1401.6666666666667,12.707055555555556,3.5286572256154614,0.0828,0.0,0.0667659193277359
1402.0,12.843933333333336,3.594570171117084,0.08320000000000001,0.0,0.06674294173717499
1402.3333333333335,12.980811111111112,3.660485162981786,0.08320000000000001,0.0,0.06680125743150711
1402.6666666666665,13.117688888888893,3.7263985177560244,0.08360000000000001,0.0,0.06677915900945663
1403.0,13.254566666666669,3.792311463257647,0.08360000000000001,0.0,0.06683750450611115
1403.3333333333333,13.391444444444446,3.8582235902140383,0.084,0.0,0.06681544333696365
1403.6666666666667,13.528322222222224,3.9241377635335084,0.084,0.0,0.06687362492084503
1404.0,13.6652,3.9900539832160575,0.0844,0.0,0.06685107946395874
1404.3333333333333,13.80207777777778,4.055964882354601,0.0848,0.0,0.06682807207107544
1404.6666666666667,13.938955555555557,4.121877827856224,0.0848,0.0,0.06688278168439865
1405.0,14.075833333333334,4.187791182630463,0.0844,0.0,0.06701578944921494
1405.3333333333333,14.212711111111112,4.2537037188594695,0.084,0.0,0.06714776903390884
1405.6666666666665,14.34958888888889,4.319617073633708,0.084,0.0,0.06719692051410675
1406.0,14.48646666666667,4.385529609862715,0.0848,0.0,0.06708187609910965
1406.3333333333335,14.623344444444447,4.451442555364338,0.0848,0.0,0.06712739169597626
1406.6666666666665,14.760222222222223,4.517357956501655,0.0848,0.0,0.06717115640640259
1407.0,14.8971,4.583269674185431,0.0844,0.0,0.0672956109046936
1407.3333333333333,15.03397777777778,4.649183847504901,0.084,0.0,0.06742075830698013
1407.6666666666667,15.170855555555558,4.715098020824371,0.08360000000000001,0.0,0.06754668056964874
1408.0,15.307733333333335,4.781010966325994,0.084,0.0,0.06750557571649551
1408.3333333333333,15.444611111111112,4.846923911827616,0.0852,0.0,0.06730134785175323
1408.6666666666667,15.581488888888888,4.912838494419702,0.0852,0.0,0.06734487414360046
1409.0,15.71836666666667,4.978750212103478,0.08560000000000001,0.0,0.06730744242668152
1409.3333333333333,15.855244444444448,5.044664385422948,0.08600000000000001,0.0,0.06727088987827301
1409.6666666666665,15.992122222222225,5.110578558742418,0.0864,0.0,0.06723623722791672
1410.0,16.129,5.176491094971425,0.0868,0.0,0.06720314174890518
1410.3333333333335,16.265877777777778,5.242404040473048,0.0868,0.0,0.06725045293569565
1410.6666666666667,16.402755555555558,5.308317395247286,0.0872,0.0,0.06721945106983185
1411.0,16.539633333333335,5.374231568566756,0.0872,0.0,0.06726878136396408
1411.3333333333333,16.67651111111111,5.440144104795763,0.0864,0.0,0.06747890263795853
1411.6666666666667,16.81338888888889,5.506057050297386,0.0864,0.0,0.06752952933311462
1412.0,16.950266666666668,5.57197081434424,0.0872,0.0,0.06741951406002045
1412.3333333333333,17.087144444444448,5.637884169118479,0.0876,0.0,0.06739185005426407
1412.6666666666667,17.224022222222224,5.703797523892717,0.0884,0.0,0.0672871544957161
1413.0,17.3609,5.769711697212188,0.0892,0.0,0.06718611717224121
1413.3333333333335,17.497777777777777,5.835625461259042,0.0892,0.0,0.0672413632273674
1413.6666666666665,17.634655555555554,5.901538406760665,0.0892,0.0,0.06729824095964432
1414.0,17.771533333333334,5.967451761534903,0.09000000000000001,0.0,0.06720138341188431
1414.3333333333335,17.908411111111114,6.0333655255817575,0.09040000000000001,0.0,0.0671827644109726
1414.6666666666667,18.04528888888889,6.09927847108338,0.09040000000000001,0.0,0.06724139302968979
1415.0,18.18216666666667,6.16518977949454,0.0912,0.0,0.06714987009763718
1415.3333333333333,18.319044444444447,6.231105999177089,0.0912,0.0,0.06720992922782898
1415.6666666666667,18.455922222222227,6.297019763223943,0.0916,0.0,0.06719468533992767
1416.0,18.592800000000004,6.36292943454464,0.09240000000000001,0.0,0.06710435450077057
1416.3333333333333,18.72967777777778,6.428846063499805,0.09280000000000001,0.0,0.06708845496177673
1416.6666666666667,18.866555555555557,6.494758190456196,0.09280000000000001,0.0,0.06714463979005814
1417.0,19.003433333333334,6.560672363775666,0.0932,0.0,0.06712549179792404
1417.3333333333335,19.140311111111114,6.626584900004673,0.094,0.0,0.0670318603515625
1417.6666666666665,19.27718888888889,6.692497026961064,0.0944,0.0,0.06701066344976425
1418.0,19.414066666666667,6.7584103817353025,0.09480000000000001,0.0,0.06698783487081528
1418.3333333333333,19.550944444444447,6.824323736509541,0.0952,0.0,0.06696423143148422
1418.6666666666667,19.687822222222223,6.890236272738548,0.0952,0.0,0.06701131165027618
1419.0,19.824700000000004,6.956152901693713,0.09480000000000001,0.0,0.0671294704079628
1419.3333333333333,19.96157777777778,7.02206543792272,0.0952,0.0,0.06710413098335266
1419.6666666666667,20.098455555555557,7.087973881425569,0.096,0.0,0.06700824946165085
1420.0,20.235333333333333,7.153891328925965,0.096,0.0,0.06705696135759354
1420.3333333333333,20.372211111111113,7.219806320790667,0.096,0.0,0.06710665673017502
1420.6666666666665,20.50908888888889,7.285715582838748,0.096,0.0,0.06715693324804306
1421.0,20.645966666666666,7.351634667429607,0.0964,0.0,0.06713668256998062
1421.3333333333335,20.782844444444446,7.417546385113383,0.0964,0.0,0.06718841195106506
1421.6666666666665,20.919722222222223,7.483459739887621,0.096,0.0,0.0673125684261322
1422.0,21.056600000000003,7.549370639026165,0.09680000000000001,0.0,0.0672231912612915
1422.3333333333333,21.193477777777783,7.61528726798133,0.0984,0.0,0.06699706614017487
1422.6666666666667,21.33035555555556,7.681199804210337,0.0988,0.0,0.06698320806026459
1423.0,21.467233333333336,7.747108247713186,0.0984,0.0,0.0671076700091362
1423.3333333333333,21.604111111111113,7.813024876668351,0.098,0.0,0.06723356992006302
1423.6666666666667,21.740988888888893,7.878938231442589,0.098,0.0,0.06728903949260712
1424.0,21.87786666666667,7.944849130581133,0.0984,0.0,0.06727354973554611
1424.3333333333333,22.014744444444446,8.010764940991066,0.0988,0.0,0.06725796312093735
1424.6666666666665,22.151622222222223,8.076677477220073,0.0988,0.0,0.06731202453374863
1425.0,22.2885,8.142593287630007,0.09920000000000001,0.0,0.06729469448328018
1425.3333333333335,22.42537777777778,8.208503368223319,0.09920000000000001,0.0,0.06734631210565567
1425.6666666666667,22.56225555555556,8.27441836008802,0.09960000000000001,0.0,0.0673268735408783
1426.0,22.699133333333336,8.340330896317028,0.1,0.0,0.06730686873197556
1426.3333333333333,22.836011111111112,8.406244251091266,0.1,0.0,0.06735513359308243
1426.6666666666667,22.972888888888892,8.472159242955968,0.09960000000000001,0.0,0.06747239828109741
1427.0,23.10976666666667,8.538072597730206,0.1004,0.0,0.06737978756427765
1427.3333333333333,23.246644444444446,8.635428730485728,0.1004,0.0,0.06742556393146515
1427.6666666666667,23.383522222222222,8.770044223638251,0.1004,0.0,0.06747059524059296
1428.0,23.5204,8.904662990971701,0.1008,0.0,0.06744565069675446
1428.3333333333335,23.657277777777782,9.039279302669456,0.1004,0.0,0.06756003201007843
1428.6666666666665,23.79415555555556,9.17389479582198,0.1008,0.0,0.06753547489643097
1429.0,23.93103333333334,9.308515200245893,0.10160000000000001,0.0,0.06744293123483658
1429.3333333333335,24.067911111111115,9.443131511943648,0.10200000000000001,0.0,0.06742115318775177
1429.6666666666667,24.204788888888892,9.577753553458024,0.10200000000000001,0.0,0.06746838241815567
1430.0,24.341666666666672,9.712367409520084,0.10200000000000001,0.0,0.06751637905836105
1430.3333333333333,24.47854444444445,9.846982084127376,0.1028,0.0,0.0674290806055069
1430.6666666666667,24.615422222222225,9.981601670006057,0.1032,0.0,0.06741210073232651
1431.0,24.7523,10.116217981703812,0.1032,0.0,0.06746400892734528
1431.3333333333333,24.88917777777778,10.250840023218188,0.1032,0.0,0.06751690059900284
1431.6666666666667,25.02605555555556,10.385452242189785,0.10400000000000001,0.0,0.06743639707565308
1432.0,25.162933333333335,10.52006855388754,0.10360000000000001,0.0,0.06755942851305008
1432.3333333333335,25.29981111111111,10.654690595401917,0.10360000000000001,0.0,0.06761600822210312
1432.6666666666665,25.43668888888889,10.78930608855444,0.10360000000000001,0.0,0.06767319142818451
1433.0,25.57356666666667,10.923921581706963,0.1044,0.0,0.06759534031152725
1433.3333333333333,25.710444444444448,11.05853871194995,0.1048,0.0,0.06758639961481094
1433.6666666666667,25.847322222222225,11.1931574792834,0.1044,0.0,0.06771287322044373
1434.0,25.9842,11.327773790981155,0.1044,0.0,0.06777181476354599
1434.3333333333333,26.121077777777778,11.462389284133678,0.1044,0.0,0.06783019751310349
1434.6666666666667,26.257955555555558,11.597008051467128,0.1048,0.0,0.0678192526102066
1435.0,26.394833333333334,11.731620270438725,0.1052,0.0,0.06780717521905899
1435.3333333333333,26.531711111111115,11.86624722322449,0.1048,0.0,0.0679294615983963
1435.6666666666665,26.66858888888889,12.000861079286551,0.1052,0.0,0.06791418790817261
1436.0,26.80546666666667,12.135478209529538,0.1052,0.0,0.06796635687351227
1436.3333333333335,26.94234444444445,12.27009861395345,0.1056,0.0,0.06794968247413635
1436.6666666666665,27.079222222222228,12.404710832925048,0.1052,0.0,0.06806875020265579
1437.0,27.216100000000004,12.539333692984655,0.1056,0.0,0.06805054098367691
1437.3333333333333,27.35297777777778,12.673952460318105,0.10600000000000001,0.0,0.06803213059902191
1437.6666666666667,27.48985555555556,12.808564679289702,0.1052,0.0,0.06821887195110321
1438.0,27.62673333333334,12.943185902258847,0.1056,0.0,0.06819963455200195
1438.3333333333333,27.763611111111114,13.077798939775676,0.10600000000000001,0.0,0.0681803897023201
1438.6666666666667,27.900488888888894,13.212410340202041,0.10640000000000001,0.0,0.06816171109676361
1439.0,28.037366666666667,13.347035655897344,0.1068,0.0,0.0681438222527504
1439.3333333333333,28.174244444444447,13.481656878866488,0.10640000000000001,0.0,0.06826312094926834
1439.6666666666665,28.311122222222227,13.616269097838085,0.10640000000000001,0.0,0.06831493228673935
1440.0,28.448000000000004,13.750883772445377,0.10600000000000001,0.0,0.06843683123588562
1440.3333333333335,28.385911111111117,13.689822753804037,0.10640000000000001,0.0,0.06842093914747238
1440.6666666666667,28.323822222222226,13.62875764243654,0.1068,0.0,0.06840595602989197
1441.0,28.261733333333336,13.567697442340432,0.1072,0.0,0.0683920755982399
1441.3333333333333,28.199644444444445,13.50662987533724,0.1072,0.0,0.06844742596149445
1441.6666666666667,28.137555555555558,13.445567219605437,0.1072,0.0,0.06850296258926392
1442.0,28.075466666666667,13.384502108237939,0.1076,0.0,0.068489670753479
1442.3333333333333,28.013377777777784,13.3234410895966,0.10840000000000001,0.0,0.06840892136096954
1442.6666666666667,27.951288888888893,13.262380889500491,0.10880000000000001,0.0,0.06839709728956223
1443.0,27.889200000000002,13.201317415223457,0.10880000000000001,0.0,0.06845229119062424
1443.3333333333335,27.827111111111115,13.140248211129801,0.1092,0.0,0.06843896955251694
1443.6666666666665,27.765022222222225,13.079189648124157,0.1096,0.0,0.0684247687458992
1444.0,27.702933333333334,13.018122899666196,0.11,0.0,0.06840993463993073
1444.3333333333335,27.64084444444445,12.957061881024856,0.11040000000000001,0.0,0.0683944821357727
1444.6666666666667,27.578755555555556,12.896000043838285,0.11120000000000001,0.0,0.06831277161836624
1445.0,27.516666666666673,12.83493083974463,0.11120000000000001,0.0,0.06836262345314026
1445.3333333333333,27.454577777777786,12.773872276738985,0.11120000000000001,0.0,0.06841128319501877
1445.6666666666667,27.39248888888889,12.712804709735792,0.1116,0.0,0.06839337944984436
1446.0,27.330400000000004,12.651744509639684,0.1116,0.0,0.06844078004360199
1446.3333333333333,27.268311111111114,12.590683490998344,0.1124,0.0,0.06835643202066422
1446.6666666666667,27.206222222222227,12.529613468359457,0.11320000000000001,0.0,0.06827358156442642
1447.0,27.144133333333333,12.468555723899044,0.11320000000000001,0.0,0.06832076609134674
1447.3333333333335,27.08204444444445,12.407486519805389,0.11320000000000001,0.0,0.06836838275194168
1447.6666666666665,27.01995555555556,12.346427138254512,0.11280000000000001,0.0,0.06848204135894775
1448.0,26.95786666666667,12.285362845432246,0.11280000000000001,0.0,0.06853163987398148
1448.3333333333333,26.89577777777778,12.224297734064749,0.11280000000000001,0.0,0.06858266144990921
1448.6666666666667,26.83368888888889,12.163236715423409,0.11280000000000001,0.0,0.06863556057214737
1449.0,26.771600000000007,12.102169966965448,0.11320000000000001,0.0,0.06862431764602661
1449.3333333333333,26.709511111111116,12.041113041050266,0.1136,0.0,0.06861503422260284
1449.6666666666667,26.64742222222223,11.980046292592306,0.1136,0.0,0.06867259740829468
1450.0,26.585333333333335,11.918978725589113,0.1136,0.0,0.06873094290494919
1450.3333333333333,26.523244444444448,11.8579209811287,0.1136,0.0,0.06879014521837234
1450.6666666666665,26.461155555555557,11.796851777035045,0.1136,0.0,0.06884998083114624
1451.0,26.39906666666667,11.735790758393705,0.1148,0.0,0.06871253252029419
1451.3333333333335,26.33697777777778,11.674725647026207,0.11520000000000001,0.0,0.0687074363231659
1451.6666666666665,26.274888888888892,11.6136654469301,0.11560000000000001,0.0,0.06870278716087341
1452.0,26.212800000000005,11.552601972653065,0.11560000000000001,0.0,0.06876225769519806
1452.3333333333333,26.150711111111114,11.49153276855941,0.12000000000000001,0.0,0.06813164055347443
1452.6666666666667,26.088622222222227,11.43047666118946,0.1236,0.0,0.06766007840633392
1453.0,26.026533333333337,11.369409094186267,0.13040000000000002,0.0,0.06679371744394302
1453.3333333333333,25.96444444444445,11.30834398281877,0.1312,0.0,0.06674563139677048
1453.6666666666667,25.90235555555556,11.247283782722661,0.1308,0.0,0.06685037165880203
1454.0,25.840266666666672,11.186216215719469,0.1312,0.0,0.06685180962085724
1454.3333333333333,25.77817777777778,11.125158471259056,0.132,0.0,0.06680139154195786
1454.6666666666665,25.71608888888889,11.064092541346326,0.1336,0.0,0.06665133684873581
1455.0,25.654000000000003,11.003024155797902,0.134,0.0,0.06665218621492386
1455.3333333333335,25.591911111111116,10.941968866973184,0.13440000000000002,0.0,0.0666523426771164
1455.6666666666667,25.529822222222226,10.880896388698602,0.13440000000000002,0.0,0.06670166552066803
1456.0,25.467733333333335,10.819841918419115,0.13440000000000002,0.0,0.06675063818693161
1456.3333333333333,25.405644444444448,10.758773532870691,0.13520000000000001,0.0,0.06669984757900238
1456.6666666666667,25.343555555555557,10.697707602957962,0.1356,0.0,0.06669887900352478
1457.0,25.281466666666674,10.636648221407086,0.136,0.0,0.06669792532920837
1457.3333333333333,25.21937777777778,10.57557901731343,0.1364,0.0,0.06669708341360092
1457.6666666666667,25.157288888888893,10.514523728488712,0.1364,0.0,0.06674544513225555
1458.0,25.095200000000006,10.453457798575982,0.1368,0.0,0.06674502044916153
1458.3333333333335,25.033111111111115,10.392389413027558,0.1368,0.0,0.06679391860961914
1458.6666666666665,24.971022222222224,10.331332487112377,0.1368,0.0,0.06684305518865585
1459.0,24.908933333333334,10.270264101563953,0.13720000000000002,0.0,0.06684359163045883
1459.3333333333335,24.84684444444445,10.20920635710354,0.1376,0.0,0.06684467196464539
1459.6666666666667,24.78475555555556,10.148139608645579,0.138,0.0,0.06684621423482895
1460.0,24.72266666666667,10.08707367873285,0.1388,0.0,0.06680051237344742
1460.3333333333333,24.660577777777778,10.026013478636742,0.14,0.0,0.06670825928449631
1460.6666666666667,24.59848888888889,9.96494591163355,0.14120000000000002,0.0,0.06661871820688248
1461.0,24.536400000000008,9.903888985718368,0.14120000000000002,0.0,0.06667228788137436
1461.3333333333333,24.474311111111117,9.842822237260407,0.1424,0.0,0.066586934030056
1461.6666666666667,24.412222222222226,9.781754670257214,0.1428,0.0,0.06659697741270065
1462.0,24.350133333333336,9.72069610725157,0.1428,0.0,0.06665389239788055
1462.3333333333335,24.28804444444445,9.659626903157914,0.1436,0.0,0.06661850959062576
1462.6666666666665,24.225955555555558,9.598570795787964,0.1444,0.0,0.06658421456813812
1463.0,24.163866666666667,9.537504047330003,0.1448,0.0,0.0665966346859932
1463.3333333333333,24.10177777777778,9.476437298872042,0.1448,0.0,0.06665493547916412
1463.6666666666667,24.039688888888893,9.415378735866398,0.1452,0.0,0.06666693836450577
1464.0,23.977600000000006,9.35430871322751,0.14600000000000002,0.0,0.06663306802511215
1464.3333333333333,23.915511111111115,9.293251787312329,0.1464,0.0,0.06664471328258514
1464.6666666666667,23.853422222222225,9.232184220309136,0.1468,0.0,0.06665610522031784
1465.0,23.791333333333338,9.17111992748687,0.1472,0.0,0.06666700541973114
1465.3333333333333,23.72924444444445,9.1100580903003,0.1472,0.0,0.06672275811433792
1465.6666666666665,23.66715555555556,9.04899216038757,0.1476,0.0,0.06673245131969452
1466.0,23.60506666666667,8.987932778836694,0.1476,0.0,0.06678720563650131
1466.3333333333335,23.54297777777778,8.92686930455966,0.1476,0.0,0.06684155762195587
1466.6666666666665,23.48088888888889,8.865800919011235,0.1476,0.0,0.06689530611038208
1467.0,23.418800000000005,8.804743993096054,0.1476,0.0,0.0669485479593277
1467.3333333333333,23.356711111111114,8.743674789002398,0.1476,0.0,0.06700138747692108
1467.6666666666667,23.294622222222227,8.682616225996753,0.14800000000000002,0.0,0.0670078918337822
1468.0,23.232533333333336,8.621551933174487,0.1484,0.0,0.06701435893774033
1468.3333333333333,23.17044444444445,8.56728893268155,0.1492,0.0,0.06697578728199005
1468.6666666666667,23.10835555555556,8.537389931007056,0.1496,0.0,0.06698327511548996
1469.0,23.04626666666667,8.507492566423025,0.15,0.0,0.06699132174253464
1469.3333333333333,22.98417777777778,8.477593564748531,0.1512,0.0,0.06691007316112518
1469.6666666666665,22.922088888888894,8.447697018709732,0.1516,0.0,0.06691955775022507
1470.0,22.860000000000007,8.417799654125702,0.152,0.0,0.06692969799041748
1470.3333333333335,22.797911111111112,8.387898196815513,0.152,0.0,0.06698478758335114
1470.6666666666667,22.735822222222225,8.357998376595788,0.15360000000000001,0.0,0.06686335057020187
1471.0,22.673733333333335,8.328099374921294,0.154,0.0,0.06687580794095993
1471.3333333333333,22.61164444444445,8.298201191792032,0.15480000000000002,0.0,0.06684494763612747
1471.6666666666667,22.54955555555556,8.26830300866277,0.1552,0.0,0.06685807555913925
1472.0,22.48746666666667,8.238404006988276,0.15560000000000002,0.0,0.0668712705373764
1472.3333333333333,22.42537777777778,8.208503368223319,0.1568,0.0,0.06679897010326385
1472.6666666666667,22.363288888888892,8.178607640729751,0.1572,0.0,0.06681320071220398
1473.0,22.301200000000005,8.148707820510026,0.15760000000000002,0.0,0.06682734191417694
1473.3333333333335,22.239111111111114,8.118807181745069,0.15760000000000002,0.0,0.0668838620185852
1473.6666666666665,22.177022222222227,8.088913091341965,0.15760000000000002,0.0,0.06693989038467407
1474.0,22.114933333333337,8.059009996941313,0.15760000000000002,0.0,0.06699540466070175
1474.3333333333335,22.05284444444445,8.029111813812051,0.1588,0.0,0.06692217290401459
1474.6666666666667,21.990755555555555,7.999211175047094,0.1588,0.0,0.06697703152894974
1475.0,21.92866666666667,7.969315447553527,0.1588,0.0,0.06703140586614609
1475.3333333333333,21.86657777777778,7.939415627333801,0.15960000000000002,0.0,0.06700002402067184
1475.6666666666667,21.804488888888894,7.909514988568844,0.16,0.0,0.06701179593801498
1476.0,21.742400000000007,7.879619261075277,0.16040000000000001,0.0,0.06702332198619843
1476.3333333333333,21.680311111111113,7.849717803765088,0.16040000000000001,0.0,0.06707733869552612
1476.6666666666667,21.618222222222226,7.819820439181058,0.1608,0.0,0.06708873808383942
1477.0,21.55613333333334,7.789918981870869,0.1612,0.0,0.06710023432970047
1477.3333333333335,21.494044444444448,7.760024072922533,0.1612,0.0,0.06715446710586548
1477.6666666666665,21.431955555555557,7.730121797067113,0.1608,0.0,0.06725198030471802
1478.0,21.36986666666667,7.700225251028314,0.1612,0.0,0.06726453453302383
1478.3333333333333,21.30777777777778,7.670328704989515,0.1612,0.0,0.06732062995433807
1478.6666666666667,21.245688888888896,7.640424792043632,0.16240000000000002,0.0,0.06724920123815536
1479.0,21.183600000000006,7.6105290645500645,0.1628,0.0,0.06726424396038055
1479.3333333333333,21.121511111111115,7.580629244330339,0.16440000000000002,0.0,0.06715439260005951
1479.6666666666667,21.059422222222228,7.550729424110614,0.1648,0.0,0.06717196106910706
1480.0,20.997333333333337,7.520831240981352,0.1656,0.0,0.0671490728855133
1480.3333333333333,20.93524444444445,7.490933057852089,0.16640000000000002,0.0,0.0671272724866867
1480.6666666666665,20.873155555555556,7.461034874722827,0.16640000000000002,0.0,0.06718834489583969
1481.0,20.811066666666672,7.431138328684028,0.16720000000000002,0.0,0.06716711074113846
1481.3333333333335,20.748977777777778,7.40123687137384,0.1676,0.0,0.06718751043081284
1481.6666666666665,20.686888888888895,7.371337051154114,0.1676,0.0,0.06724890321493149
1482.0,20.6248,7.341438868024852,0.1676,0.0,0.06731030344963074
1482.3333333333333,20.562711111111113,7.311539866350358,0.1676,0.0,0.0673714205622673
1482.6666666666667,20.50062222222223,7.281639227585401,0.168,0.0,0.06739038974046707
1483.0,20.438533333333336,7.251739407365676,0.16920000000000002,0.0,0.06732657551765442
1483.3333333333333,20.376444444444452,7.221842861326877,0.17,0.0,0.0673038586974144
1483.6666666666667,20.314355555555558,7.191948770923773,0.1704,0.0,0.06732112169265747
1484.0,20.25226666666667,7.162046495068353,0.1704,0.0,0.06737801432609558
1484.3333333333333,20.19017777777778,7.132147493393859,0.17120000000000002,0.0,0.06735248118638992
1484.6666666666665,20.128088888888893,7.10224603608367,0.17120000000000002,0.0,0.06740746647119522
1485.0,20.066000000000003,7.072349490044871,0.17200000000000001,0.0,0.06738068163394928
1485.3333333333335,20.003911111111112,7.042451306915609,0.1728,0.0,0.06735386699438095
1485.6666666666667,19.94182222222223,7.01255476087681,0.17320000000000002,0.0,0.06736679375171661
1486.0,19.879733333333338,6.982653303566622,0.1744,0.0,0.06729982048273087
1486.3333333333333,19.817644444444447,6.952753483346896,0.1752,0.0,0.06727330386638641
1486.6666666666667,19.75555555555556,6.922852844581939,0.1748,0.0,0.06736542284488678
1487.0,19.69346666666667,6.892957117088372,0.1752,0.0,0.06737843155860901
1487.3333333333333,19.631377777777782,6.8630572968686465,0.17600000000000002,0.0,0.06735225021839142
1487.6666666666667,19.569288888888895,6.8331566581036896,0.1768,0.0,0.06732708215713501
1488.0,19.5072,6.8032621584279696,0.1768,0.0,0.06738115847110748
1488.3333333333335,19.445111111111114,6.773359882572549,0.1768,0.0,0.06743592768907547
1488.6666666666665,19.383022222222227,6.743460880898056,0.1772,0.0,0.06745214015245438
1489.0,19.32093333333334,6.713563925586641,0.1784,0.0,0.06739132106304169
1489.3333333333335,19.258844444444446,6.683665333184763,0.1784,0.0,0.0674486830830574
1489.6666666666667,19.19675555555556,6.653765103692422,0.1792,0.0,0.06742892414331436
1490.0,19.13466666666667,6.623865283472696,0.1804,0.0,0.06737159192562103
1490.3333333333333,19.07257777777778,6.593971193069592,0.1804,0.0,0.06743096560239792
1490.6666666666667,19.010488888888897,6.564067689396325,0.18080000000000002,0.0,0.06745222210884094
1491.0,18.948400000000003,6.534170324812294,0.1816,0.0,0.0674351379275322
1491.3333333333333,18.886311111111116,6.504271732410416,0.1816,0.0,0.06749491393566132
1491.6666666666667,18.82422222222223,6.474371912190691,0.182,0.0,0.06751581281423569
1492.0,18.762133333333338,6.444474956879276,0.1824,0.0,0.06753680109977722
1492.3333333333335,18.700044444444448,6.414574318114319,0.1824,0.0,0.06759564578533173
1492.6666666666665,18.637955555555557,6.384674907167209,0.1836,0.0,0.06753882765769958
1493.0,18.575866666666673,6.3547754962201,0.18480000000000002,0.0,0.06748311966657639
1493.3333333333333,18.51377777777778,6.324875676000374,0.18560000000000001,0.0,0.06746576726436615
1493.6666666666667,18.451688888888892,6.294980767052039,0.18560000000000001,0.0,0.06752345710992813
1494.0,18.3896,6.265081356104929,0.1872,0.0,0.06743056327104568
1494.3333333333333,18.327511111111114,6.235180717339972,0.1872,0.0,0.06748760491609573
1494.6666666666667,18.265422222222227,6.205284580573789,0.188,0.0,0.06746991723775864
1495.0,18.203333333333337,6.1753847603540635,0.1888,0.0,0.0674530416727066
1495.3333333333333,18.14124444444445,6.145485349406954,0.1888,0.0,0.06751057505607605
1495.6666666666665,18.07915555555556,6.115585938459844,0.18960000000000002,0.0,0.06749414652585983
1496.0,18.017066666666672,6.085687346057966,0.19,0.0,0.06751503050327301
1496.3333333333335,17.95497777777778,6.055788753656088,0.19,0.0,0.06757290661334991
1496.6666666666665,17.89288888888889,6.025892616889905,0.1904,0.0,0.06759392470121384
1497.0,17.830800000000004,5.995991978124948,0.1904,0.0,0.06765253096818924
1497.3333333333333,17.768711111111113,5.966093794995686,0.1904,0.0,0.06771127879619598
1497.6666666666667,17.70662222222223,5.936193156230729,0.1908,0.0,0.0677327886223793
1498.0,17.64453333333334,5.906292517465772,0.1904,0.0,0.06782887876033783
1498.3333333333333,17.582444444444448,5.8763971992448205,0.1904,0.0,0.06788745522499084
1498.6666666666667,17.52035555555556,5.846497788297711,0.1912,0.0,0.06787074357271194
1499.0,17.45826666666667,5.816599605168449,0.192,0.0,0.06785400956869125
1499.3333333333333,17.396177777777783,5.786698966403492,0.1932,0.0,0.06780057400465012
1499.6666666666665,17.334088888888893,5.756799555456382,0.19440000000000002,0.0,0.06774796545505524
1500.0,17.272000000000002,5.726903009417583,0.19440000000000002,0.0,0.0678047388792038
1500.3333333333335,17.26917777777778,5.7255442243331345,0.1948,0.0,0.06782405078411102
1500.6666666666667,17.26635555555556,5.724184620703454,0.1952,0.0,0.067842498421669
1501.0,17.26353333333334,5.72282542634639,0.19640000000000002,0.0,0.06778759509325027
1501.3333333333333,17.260711111111114,5.721465004171478,0.19640000000000002,0.0,0.06784119457006454
1501.6666666666667,17.257888888888896,5.720108265450108,0.1968,0.0,0.06785780191421509
1502.0,17.255066666666668,5.718749071093043,0.198,0.0,0.06780212372541428
1502.3333333333333,17.252244444444447,5.717387421100284,0.1988,0.0,0.06778264045715332
1502.6666666666667,17.249422222222226,5.716030273106298,0.2,0.0,0.0677279457449913
1503.0,17.246600000000004,5.714670260204002,0.2008,0.0,0.06770951300859451
1503.3333333333335,17.243777777777783,5.713312293664785,0.20120000000000002,0.0,0.06772692501544952
1503.6666666666665,17.24095555555556,5.711951871489873,0.20120000000000002,0.0,0.06777994334697723
1504.0,17.23813333333334,5.710593904950656,0.2016,0.0,0.06779829412698746
1504.3333333333335,17.235311111111113,5.709235529138823,0.2024,0.0,0.0677824392914772
1504.6666666666667,17.23248888888889,5.707875106963911,0.2024,0.0,0.06783780455589294
1505.0,17.22966666666667,5.706515094061615,0.2024,0.0,0.06789405643939972
1505.3333333333333,17.22684444444445,5.705158764612861,0.20320000000000002,0.0,0.06788063794374466
1505.6666666666667,17.224022222222224,5.703797523892717,0.20320000000000002,0.0,0.0679389014840126
1506.0,17.221200000000007,5.702438738808269,0.2036,0.0,0.06796275079250336
1506.3333333333333,17.21837777777778,5.701079135178588,0.20520000000000002,0.0,0.06788245588541031
1506.6666666666667,17.215555555555557,5.69972321500245,0.2056,0.0,0.06790828704833984
1507.0,17.212733333333336,5.698361974282307,0.2056,0.0,0.06796965003013611
1507.3333333333335,17.209911111111115,5.697004826288321,0.20600000000000002,0.0,0.06799644976854324
1507.6666666666665,17.20708888888889,5.6956435855681775,0.2064,0.0,0.06802357733249664
1508.0,17.204266666666673,5.694286437574192,0.2068,0.0,0.06805066764354706
1508.3333333333333,17.20144444444445,5.692925196854048,0.2076,0.0,0.06804283708333969
1508.6666666666667,17.198622222222223,5.691568048860063,0.2076,0.0,0.06810423731803894
1509.0,17.195800000000006,5.6902063988673035,0.2076,0.0,0.06816493719816208
1509.3333333333333,17.19297777777778,5.688849660145934,0.20800000000000002,0.0,0.06818979978561401
1509.6666666666667,17.19015555555556,5.687490056516253,0.2084,0.0,0.06821376830339432
1510.0,17.18733333333334,5.686132499249652,0.2088,0.0,0.06823679804801941
1510.3333333333333,17.184511111111117,5.684771667802124,0.2092,0.0,0.06825902312994003
1510.6666666666665,17.18168888888889,5.683411654899828,0.21080000000000002,0.0,0.06817701458930969
1511.0,17.178866666666668,5.682051232724916,0.2112,0.0,0.06819840520620346
1511.3333333333335,17.176044444444447,5.68069613109401,0.2112,0.0,0.06825339049100876
1511.6666666666665,17.173222222222225,5.679336936736945,0.2116,0.0,0.06827297061681747
1512.0,17.1704,5.6779756960168015,0.2124,0.0,0.06825761497020721
1512.3333333333333,17.167577777777783,5.676617729477584,0.2132,0.0,0.06824211776256561
1512.6666666666667,17.16475555555556,5.675259353665751,0.21280000000000002,0.0,0.0683293417096138
1513.0,17.161933333333334,5.6738989314908395,0.2132,0.0,0.06834764033555984
1513.3333333333333,17.159111111111116,5.672541374224238,0.2132,0.0,0.06840018182992935
1513.6666666666667,17.15628888888889,5.671178496413631,0.2136,0.0,0.06841814517974854
1514.0,17.15346666666667,5.669822576237493,0.2132,0.0,0.06850545853376389
1514.3333333333333,17.15064444444445,5.668462563335197,0.21400000000000002,0.0,0.06848924607038498
1514.6666666666665,17.147822222222228,5.6671033689781325,0.21480000000000002,0.0,0.06847383826971054
1515.0,17.145,5.665744174621068,0.2156,0.0,0.06845883280038834
1515.3333333333335,17.142177777777782,5.664384980264003,0.2164,0.0,0.06844447553157806
1515.6666666666667,17.139355555555557,5.663027422997402,0.2184,0.0,0.0683298259973526
1516.0,17.136533333333336,5.661667410095106,0.21880000000000002,0.0,0.06835086643695831
1516.3333333333333,17.133711111111115,5.660311080646352,0.22,0.0,0.06830548495054245
1516.6666666666667,17.130888888888894,5.658950249198824,0.22,0.0,0.0683605968952179
1517.0,17.128066666666665,5.65759105484176,0.22080000000000002,0.0,0.06834923475980759
1517.3333333333333,17.125244444444444,5.656230632666848,0.22160000000000002,0.0,0.06833835691213608
1517.6666666666667,17.122422222222227,5.6548726661276305,0.22160000000000002,0.0,0.0683940052986145
1518.0,17.119600000000002,5.65351306249795,0.22240000000000001,0.0,0.0683836042881012
1518.3333333333335,17.11677777777778,5.652153049595654,0.2232,0.0,0.06837338954210281
1518.6666666666665,17.11395555555556,5.650797129419516,0.22360000000000002,0.0,0.06839631497859955
1519.0,17.11113333333334,5.649437935062451,0.224,0.0,0.06841935962438583
1519.3333333333335,17.10831111111111,5.648077512887539,0.2248,0.0,0.06840946525335312
1519.6666666666667,17.105488888888893,5.646717090712627,0.2252,0.0,0.0684322640299797
1520.0,17.102666666666668,5.645360351991258,0.226,0.0,0.06842216849327087
1520.3333333333333,17.099844444444447,5.643999929816346,0.2272,0.0,0.06837979704141617
1520.6666666666667,17.097022222222225,5.64264278182236,0.22760000000000002,0.0,0.06840220093727112
1521.0,17.094200000000004,5.641282359647448,0.22840000000000002,0.0,0.06839209794998169
1521.3333333333333,17.091377777777776,5.639922346745152,0.228,0.0,0.06847845017910004
1521.6666666666667,17.08855555555556,5.638566017296398,0.22840000000000002,0.0,0.06849983334541321
1522.0,17.085733333333334,5.637203958031023,0.2288,0.0,0.06852089613676071
1522.3333333333335,17.082911111111112,5.635844354401343,0.22920000000000001,0.0,0.06854154914617538
1522.6666666666665,17.080088888888895,5.634487206407357,0.2308,0.0,0.06846559047698975
1523.0,17.07726666666667,5.633128421322908,0.23120000000000002,0.0,0.06848616153001785
1523.3333333333333,17.07444444444445,5.631766771330149,0.2316,0.0,0.06850634515285492
1523.6666666666667,17.07162222222222,5.630410032608779,0.234,0.0,0.06836782395839691
1524.0,17.068800000000003,5.629051656796946,0.2348,0.0,0.06835628300905228
1524.3333333333333,17.06597777777778,5.62769164389465,0.2356,0.0,0.0683445855975151
1524.6666666666667,17.063155555555557,5.62633204026497,0.2356,0.0,0.06839509308338165
1525.0,17.060333333333336,5.624974892270984,0.23520000000000002,0.0,0.06847665458917618
1525.3333333333333,17.057511111111115,5.623612833005609,0.23600000000000002,0.0,0.06846410781145096
1525.6666666666665,17.054688888888887,5.622255685011623,0.23600000000000002,0.0,0.06851417571306229
1526.0,17.05186666666667,5.620896081381943,0.23720000000000002,0.0,0.0684707760810852
1526.3333333333335,17.049044444444444,5.619540570478421,0.2388,0.0,0.0683976337313652
1526.6666666666665,17.046222222222223,5.618176874122582,0.23920000000000002,0.0,0.06841820478439331
1527.0,17.043400000000005,5.616818907583365,0.24000000000000002,0.0,0.06840845197439194
1527.3333333333333,17.04057777777778,5.615459713226301,0.2412,0.0,0.0683690682053566
1527.6666666666667,17.03775555555556,5.614102155959699,0.2424,0.0,0.06833089888095856
1528.0,17.034933333333335,5.612740096694324,0.2424,0.0,0.06838411092758179
1528.3333333333333,17.032111111111114,5.611382130155107,0.2436,0.0,0.06834693253040314
1528.6666666666667,17.02928888888889,5.610023345070658,0.24400000000000002,0.0,0.06837081909179688
1529.0,17.02646666666667,5.608665787804057,0.24400000000000002,0.0,0.06842515617609024
1529.3333333333333,17.023644444444447,5.607305365629145,0.24480000000000002,0.0,0.06841947883367538
1529.6666666666665,17.020822222222225,5.605946989817312,0.24480000000000002,0.0,0.0684744119644165
1530.0,17.017999999999997,5.604587795460247,0.2452,0.0,0.06849955767393112
1530.3333333333335,17.01517777777778,5.603228601103183,0.2452,0.0,0.06855496764183044
1530.6666666666667,17.012355555555555,5.601869406746118,0.24600000000000002,0.0,0.06855010986328125
1531.0,17.009533333333334,5.600512258752133,0.24600000000000002,0.0,0.06860575824975967
1531.3333333333333,17.006711111111112,5.599152245849837,0.2464,0.0,0.06863103061914444
1531.6666666666667,17.00388888888889,5.597791823674925,0.24760000000000001,0.0,0.06859615445137024
1532.0,17.00106666666667,5.5964318107726285,0.248,0.0,0.06862155348062515
1532.3333333333333,16.998244444444445,5.595076709141722,0.24880000000000002,0.0,0.06861677020788193
1532.6666666666667,16.995422222222224,5.593715059148963,0.25,0.0,0.06858234107494354
1533.0,16.9926,5.592356274064514,0.2516,0.0,0.06851895898580551
1533.3333333333335,16.989777777777782,5.5909946240717545,0.252,0.0,0.06854423880577087
1533.6666666666665,16.986955555555557,5.589637476077769,0.2528,0.0,0.06854000687599182
1534.0,16.984133333333336,5.588279509538552,0.2536,0.0,0.06853586435317993
1534.3333333333335,16.98131111111111,5.586919496636256,0.2536,0.0,0.06859005987644196
1534.6666666666667,16.97848888888889,5.585561120824423,0.254,0.0,0.06861453503370285
1535.0,16.975666666666665,5.5842031542852055,0.2544,0.0,0.06863858550786972
1535.3333333333333,16.972844444444448,5.582842732110294,0.25720000000000004,0.0,0.06848873943090439
1535.6666666666667,16.970022222222223,5.581484356298461,0.2584,0.0,0.06845580041408539
1536.0,16.967200000000002,5.580127617577091,0.2592,0.0,0.06845152378082275
1536.3333333333333,16.96437777777778,5.578766376856947,0.2604,0.0,0.06841883063316345
1536.6666666666667,16.961555555555556,5.577405954682035,0.2612,0.0,0.06841453164815903
1537.0,16.958733333333335,5.57604880668805,0.262,0.0,0.06841019541025162
1537.3333333333335,16.95591111111111,5.574689612330985,0.2616,0.0,0.06849055737257004
1537.6666666666665,16.953088888888892,5.573331236519152,0.2632,0.0,0.06843019276857376
1538.0,16.950266666666668,5.57197081434424,0.2636,0.0,0.06845438480377197
1538.3333333333333,16.947444444444447,5.570611619987176,0.264,0.0,0.06847850978374481
1538.6666666666667,16.944622222222222,5.569254881265806,0.26480000000000004,0.0,0.06847460567951202
1539.0,16.9418,5.567895277636126,0.26480000000000004,0.0,0.06852654367685318
1539.3333333333333,16.938977777777776,5.566536492551677,0.2652,0.0,0.06855040788650513
1539.6666666666667,16.93615555555556,5.565176888921997,0.2656,0.0,0.06857419013977051
1540.0,16.933333333333334,5.563816057474469,0.266,0.0,0.06859798729419708
1540.3333333333333,16.930511111111112,5.562456863117404,0.26680000000000004,0.0,0.06859395653009415
1540.6666666666665,16.927688888888888,5.561098487305571,0.2684,0.0,0.06853491067886353
1541.0,16.924866666666667,5.559738065130659,0.26880000000000004,0.0,0.06855946779251099
1541.3333333333335,16.922044444444445,5.55838132640929,0.27,0.0,0.06852903962135315
1541.6666666666665,16.919222222222224,5.557021722779609,0.27040000000000003,0.0,0.06855379045009613
1542.0,16.916400000000003,5.5556629376951605,0.2712,0.0,0.06855103373527527
1542.3333333333333,16.91357777777778,5.554301287702401,0.272,0.0,0.06854864954948425
1542.6666666666667,16.910755555555557,5.552944958253647,0.27240000000000003,0.0,0.06857369095087051
1543.0,16.907933333333332,5.551585763896583,0.274,0.0,0.06851764023303986
1543.3333333333333,16.90511111111111,5.550226978812134,0.27440000000000003,0.0,0.06854354590177536
1543.6666666666667,16.902288888888886,5.548868603000301,0.27640000000000003,0.0,0.0684623271226883
1544.0,16.89946666666667,5.547509408643236,0.2776,0.0,0.06843569874763489
1544.3333333333333,16.896644444444444,5.546148986468324,0.278,0.0,0.0684623122215271
1544.6666666666665,16.893822222222223,5.544791838474339,0.2792,0.0,0.068435899913311
1545.0,16.891,5.543431825572043,0.28040000000000004,0.0,0.06841006875038147
1545.3333333333335,16.888177777777777,5.542074677578057,0.2812,0.0,0.0684107318520546
1545.6666666666667,16.885355555555556,5.540712618312682,0.2816,0.0,0.06843756884336472
1546.0,16.882533333333335,5.539356288863928,0.28200000000000003,0.0,0.06846428662538528
1546.3333333333333,16.879711111111114,5.537994229598553,0.2828,0.0,0.06846483796834946
1546.6666666666667,16.87688888888889,5.5366387186950305,0.2844,0.0,0.068413645029068
1547.0,16.874066666666668,5.535276659429655,0.2856,0.0,0.06838931143283844
1547.3333333333333,16.871244444444443,5.533920739253517,0.28600000000000003,0.0,0.06841690838336945
1547.6666666666667,16.86842222222222,5.5325578614429105,0.28600000000000003,0.0,0.06847057491540909
1548.0,16.8656,5.531199894903693,0.2876,0.0,0.06842143088579178
1548.3333333333335,16.86277777777778,5.529839882001397,0.28800000000000003,0.0,0.06845006346702576
1548.6666666666665,16.859955555555555,5.528482734007412,0.2884,0.0,0.06847873330116272
1549.0,16.857133333333334,5.527120265469421,0.2892,0.0,0.06848180294036865
1549.3333333333335,16.85431111111111,5.525763936020667,0.2892,0.0,0.06853614002466202
1549.6666666666667,16.851488888888888,5.524405150936218,0.2888,0.0,0.06861620396375656
1550.0,16.848666666666666,5.523045956579153,0.2896,0.0,0.06861907243728638
1550.3333333333333,16.845844444444445,5.52168471585901,0.2904,0.0,0.06862208247184753
1550.6666666666667,16.843022222222224,5.520327567865024,0.2916,0.0,0.06859961897134781
1551.0,16.8402,5.518969192053191,0.29200000000000004,0.0,0.06862831860780716
1551.3333333333333,16.837377777777778,5.517610816241358,0.2924,0.0,0.06865669041872025
1551.6666666666667,16.834555555555553,5.516250803339062,0.2932,0.0,0.06865929812192917
1552.0,16.831733333333332,5.514890790436766,0.29560000000000003,0.0,0.06856066733598709
1552.3333333333335,16.82891111111111,5.513533233170165,0.2952,0.0,0.06863880157470703
1552.6666666666665,16.82608888888889,5.512172810995253,0.2964,0.0,0.0686158612370491
1553.0,16.823266666666665,5.510816890819115,0.2984,0.0,0.06854322552680969
1553.3333333333333,16.820444444444444,5.509456059371587,0.2988,0.0,0.06857021898031235
1553.6666666666667,16.81762222222222,5.508095227924059,0.29960000000000003,0.0,0.068572036921978
1554.0,16.814799999999998,5.506737261384842,0.3012,0.0,0.06852445751428604
1554.3333333333333,16.811977777777777,5.505378476300393,0.30160000000000003,0.0,0.06855073571205139
1554.6666666666667,16.809155555555556,5.504020509761176,0.302,0.0,0.0685766264796257
1555.0,16.80633333333333,5.50266049685888,0.3032,0.0,0.06855354458093643
1555.3333333333333,16.803511111111114,5.501301711774431,0.3048,0.0,0.06850626319646835
1555.6666666666665,16.80068888888889,5.499942926689982,0.306,0.0,0.06848394125699997
1556.0,16.797866666666664,5.498582913787686,0.3064,0.0,0.06851010024547577
1556.3333333333335,16.795044444444446,5.497223719430622,0.30920000000000003,0.0,0.06839283555746078
1556.6666666666665,16.79222222222222,5.4958657528914046,0.3104,0.0,0.0683722272515297
1557.0,16.7894,5.494507377079572,0.31120000000000003,0.0,0.06837596744298935
1557.3333333333333,16.786577777777776,5.493148182722507,0.312,0.0,0.06837990880012512
1557.6666666666667,16.783755555555555,5.491787760547595,0.314,0.0,0.06831400841474533
1558.0,16.78093333333333,5.490428156917915,0.314,0.0,0.0683654323220253
1558.3333333333333,16.77811111111111,5.489070599651313,0.316,0.0,0.06830072402954102
1558.6666666666667,16.775288888888888,5.487711814566865,0.3168,0.0,0.0683063194155693
1559.0,16.772466666666666,5.4863526202098,0.3184,0.0,0.06826622039079666
1559.3333333333333,16.76964444444444,5.484994244397967,0.3184,0.0,0.06831835955381393
1559.6666666666665,16.766822222222224,5.483634231495671,0.31920000000000004,0.0,0.06832484155893326
1560.0,16.764,5.482272990775527,0.3196,0.0,0.0683542788028717
1560.3333333333335,16.87688888888889,5.5366387186950305,0.32,0.0,0.06838366389274597
1560.6666666666667,16.98977777777778,5.5909946240717545,0.32,0.0,0.06843588501214981
1561.0,17.102666666666664,5.645360351991258,0.3196,0.0,0.06851118803024292
1561.3333333333333,17.215555555555554,5.69972321500245,0.3204,0.0,0.06851708143949509
1561.6666666666667,17.328444444444443,5.754081985287485,0.322,0.0,0.06847719103097916
1562.0,17.441333333333333,5.8084423926629825,0.3224,0.0,0.06850619614124298
1562.3333333333333,17.554222222222222,5.862806483492022,0.3236,0.0,0.0684892013669014
1562.6666666666667,17.66711111111111,5.9171640259592095,0.3236,0.0,0.06854088604450226
1563.0,17.78,5.971530572423944,0.3244,0.0,0.06854648143053055
1563.3333333333335,17.892888888888887,6.025892616889905,0.324,0.0,0.06862054765224457
1563.6666666666665,18.005777777777777,6.0802517964475555,0.3252,0.0,0.06860275566577911
1564.0,18.11866666666667,6.134611385277822,0.3256,0.0,0.06863071024417877
1564.3333333333335,18.231555555555556,6.188973839016398,0.326,0.0,0.06865840405225754
1564.6666666666667,18.344444444444445,6.243336702027591,0.3272,0.0,0.06864014267921448
1565.0,18.45733333333333,6.297699155766168,0.3276,0.0,0.06866730004549026
1565.3333333333333,18.570222222222224,6.352057107505971,0.3284,0.0,0.06867143511772156
1565.6666666666667,18.683111111111113,6.406422426152858,0.3296,0.0,0.06865274906158447
1566.0,18.796,6.460782014983124,0.3304,0.0,0.06865671277046204
1566.3333333333333,18.90888888888889,6.5151411945407744,0.33080000000000004,0.0,0.0686832144856453
1566.6666666666667,19.02177777777778,6.569504466824583,0.33240000000000003,0.0,0.068642258644104
1567.0,19.134666666666668,6.623865283472696,0.33280000000000004,0.0,0.0686689093708992
1567.3333333333335,19.247555555555557,6.678227327938657,0.3336,0.0,0.06867316365242004
1567.6666666666665,19.360444444444443,6.732592646585545,0.33680000000000004,0.0,0.06854469329118729
1568.0,19.473333333333336,6.786949779780116,0.3376,0.0,0.06855052709579468
1568.3333333333333,19.586222222222222,6.841313052063924,0.3392,0.0,0.06851307302713394
1568.6666666666667,19.699111111111108,6.895674687257269,0.3396,0.0,0.06854182481765747
1569.0,19.812,6.950031820451841,0.3396,0.0,0.06859293580055237
1569.3333333333333,19.924888888888887,7.004398776189191,0.34040000000000004,0.0,0.06860056519508362
1569.6666666666667,20.03777777777778,7.058757546474226,0.3416,0.0,0.06858691573143005
1570.0,20.150666666666663,7.113119590940187,0.3432,0.0,0.06855226308107376
1570.3333333333333,20.26355555555556,7.167480816860916,0.3448,0.0,0.06851842999458313
1570.6666666666665,20.376444444444445,7.221842861326877,0.3456,0.0,0.06852830946445465
1571.0,20.489333333333335,7.276202450157143,0.34640000000000004,0.0,0.06853842735290527
1571.3333333333335,20.60222222222222,7.330565313168336,0.3468,0.0,0.06857026368379593
1571.6666666666665,20.715111111111113,7.384924901998602,0.3476,0.0,0.06858060508966446
1572.0,20.828,7.439290220645489,0.3488,0.0,0.06856973469257355
1572.3333333333333,20.94088888888889,7.493648172385292,0.3492,0.0,0.06860149651765823
1572.6666666666667,21.053777777777775,7.5480093983060215,0.3508,0.0,0.06856949627399445
1573.0,21.166666666666668,7.602372261317214,0.3512,0.0,0.06860087066888809
1573.3333333333333,21.279555555555554,7.6567351243284065,0.3516,0.0,0.06863191723823547
1573.6666666666667,21.392444444444443,7.7110971687943675,0.3528,0.0,0.06862033158540726
1574.0,21.505333333333336,7.765456757624634,0.3528,0.0,0.06867192685604095
1574.3333333333333,21.618222222222222,7.819820439181058,0.35400000000000004,0.0,0.06865955889225006
1574.6666666666665,21.73111111111111,7.8741808465565555,0.3544,0.0,0.06868883222341537
1575.0,21.843999999999998,7.928542891022516,0.3564,0.0,0.06863367557525635
1575.3333333333335,21.95688888888889,7.982900842762319,0.3568,0.0,0.0686621144413948
1575.6666666666667,22.06977777777778,8.037266161409207,0.35760000000000003,0.0,0.0686691477894783
1576.0,22.182666666666666,8.091628205875168,0.35800000000000004,0.0,0.0686965212225914
1576.3333333333333,22.295555555555556,8.14598615761497,0.3592,0.0,0.0686817541718483
1576.6666666666667,22.408444444444445,8.200348202080932,0.3604,0.0,0.06866669654846191
1577.0,22.521333333333335,8.254713520727819,0.36200000000000004,0.0,0.06863095611333847
1577.3333333333333,22.63422222222222,8.309071472467622,0.3624,0.0,0.06865690648555756
1577.6666666666667,22.74711111111111,8.363433516933583,0.3628,0.0,0.0686827152967453
1578.0,22.860000000000003,8.417799654125702,0.3644,0.0,0.06864694505929947
1578.3333333333335,22.97288888888889,8.472159242955968,0.36560000000000004,0.0,0.06863214820623398
1578.6666666666665,23.08577777777778,8.526520468876697,0.3664,0.0,0.0686381459236145
1579.0,23.198666666666664,8.588246964791324,0.3668,0.0,0.06866460293531418
1579.3333333333335,23.311555555555557,8.69926625455264,0.368,0.0,0.06865061819553375
1579.6666666666667,23.424444444444447,8.810291274130577,0.368,0.0,0.06869790703058243
1580.0,23.537333333333333,8.921314656618051,0.37,0.0,0.06864416599273682
1580.3333333333333,23.650222222222222,9.032346224557841,0.3704,0.0,0.06867192685604095
1580.6666666666667,23.76311111111111,9.143365514319157,0.3724,0.0,0.06861977279186249
1581.0,23.876,9.254390533897094,0.374,0.0,0.06858851760625839
1581.3333333333333,23.98888888888889,9.365412279294105,0.3744,0.0,0.0686173364520073
1581.6666666666667,24.10177777777778,9.476437298872042,0.37560000000000004,0.0,0.06860677897930145
1582.0,24.21466666666667,9.587466411176138,0.3764,0.0,0.06861649453639984
1582.3333333333335,24.327555555555556,9.698488156573148,0.3768,0.0,0.06864611804485321
1582.6666666666665,24.440444444444445,9.809512357605854,0.3784,0.0,0.06861664354801178
1583.0,24.553333333333338,9.920534921548096,0.3796,0.0,0.06860734522342682
1583.3333333333333,24.666222222222224,10.03156321530696,0.3796,0.0,0.06865723431110382
1583.6666666666667,24.779111111111114,10.14258496070397,0.3808,0.0,0.06864844262599945
1584.0,24.892,10.25361571009853,0.3824,0.0,0.06862033903598785
1584.3333333333333,25.00488888888889,10.364634999859845,0.38280000000000003,0.0,0.06865067034959793
1584.6666666666667,25.117777777777782,10.47565920089255,0.3836,0.0,0.06866124272346497
1585.0,25.230666666666664,10.586685857560951,0.38480000000000003,0.0,0.06865238398313522
1585.3333333333333,25.343555555555557,10.697707602957962,0.38720000000000004,0.0,0.06858590245246887
1585.6666666666665,25.456444444444443,10.808735896716826,0.3876,0.0,0.06861568987369537
1586.0,25.569333333333336,10.919757642113836,0.38880000000000003,0.0,0.06860677897930145
1586.3333333333335,25.682222222222222,11.030785117327468,0.3884,0.0,0.06867421418428421
1586.6666666666665,25.79511111111111,11.141802769998321,0.3896,0.0,0.0686645656824112
1587.0,25.908,11.25283351939288,0.39080000000000004,0.0,0.06865481287240982
1587.3333333333333,26.02088888888889,11.36385526478989,0.3912,0.0,0.068682961165905
1587.6666666666667,26.133777777777777,11.474886014184449,0.392,0.0,0.0686919242143631
1588.0,26.246666666666673,11.585906122490996,0.392,0.0,0.06873878836631775
1588.3333333333333,26.359555555555556,11.696931142068934,0.39280000000000004,0.0,0.06874722242355347
1588.6666666666667,26.47244444444445,11.80795534310164,0.3936,0.0,0.06875568628311157
1589.0,26.58533333333333,11.918978725589113,0.39480000000000004,0.0,0.06874528527259827
1589.3333333333333,26.698222222222228,12.030007837893208,0.3956,0.0,0.06875402480363846
1589.6666666666665,26.811111111111114,12.14102958329022,0.39640000000000003,0.0,0.06876283884048462
1590.0,26.924000000000003,12.25205623995862,0.3972,0.0,0.06877214461565018
1590.3333333333335,27.03688888888889,12.363074711174704,0.398,0.0,0.06878171116113663
1590.6666666666667,27.149777777777782,12.474104642024031,0.39880000000000004,0.0,0.06879166513681412
1591.0,27.262666666666668,12.585129661601968,0.3992,0.0,0.06882095336914062
1591.3333333333333,27.37555555555556,12.696153044089442,0.3992,0.0,0.06886941194534302
1591.6666666666667,27.488444444444447,12.80717806366738,0.4,0.0,0.06888052821159363
1592.0,27.60133333333334,12.91819980906439,0.4012,0.0,0.06887325644493103
1592.3333333333333,27.714222222222222,13.02922646573279,0.402,0.0,0.06888536363840103
1592.6666666666667,27.827111111111115,13.140248211129801,0.40280000000000005,0.0,0.06889808923006058
1593.0,27.94,13.25127896052436,0.404,0.0,0.06889241933822632
1593.3333333333335,28.052888888888894,13.36229497610475,0.4052,0.0,0.06888721883296967
1593.6666666666665,28.16577777777778,13.473323269863613,0.40640000000000004,0.0,0.06888245046138763
1594.0,28.278666666666663,13.584347470896319,0.4072,0.0,0.06889662146568298
1594.3333333333335,28.39155555555556,13.69537494610995,0.4072,0.0,0.06894805282354355
1594.6666666666667,28.50444444444445,13.806399147142656,0.40840000000000004,0.0,0.0689438059926033
1595.0,28.617333333333335,13.917426622356288,0.4088,0.0,0.06897696852684021
1595.3333333333333,28.730222222222224,14.028452460479457,0.4096,0.0,0.06899154186248779
1595.6666666666667,28.843111111111114,14.139468476059847,0.41040000000000004,0.0,0.0690060555934906
1596.0,28.956000000000007,14.250495951273479,0.4116,0.0,0.06900208443403244
1596.3333333333333,29.06888888888889,14.36152342648711,0.41240000000000004,0.0,0.06901654601097107
1596.6666666666667,29.18177777777778,14.472547627519816,0.4132,0.0,0.06903094053268433
1597.0,29.29466666666667,14.583568554371595,0.4156,0.0,0.06897204369306564
1597.3333333333335,29.40755555555556,14.694592755404301,0.4164,0.0,0.06898638606071472
1597.6666666666665,29.520444444444447,14.80561859352747,0.4184,0.0,0.06894604861736298
1598.0,29.633333333333333,14.916646068741102,0.41960000000000003,0.0,0.06894206255674362
1598.3333333333333,29.746222222222226,15.02767190686427,0.4204,0.0,0.06895598024129868
1598.6666666666667,29.85911111111112,15.138696107896976,0.4232,0.0,0.0688801035284996
1599.0,29.972,15.249720308929682,0.4252,0.0,0.06884090602397919
1599.3333333333333,30.08488888888889,15.360744509962387,0.4252,0.0,0.0688902959227562
1599.6666666666667,30.19777777777778,15.47176216263324,0.4268,0.0,0.06886851787567139
1600.0,30.310666666666673,15.582794549118262,0.42800000000000005,0.0,0.06886431574821472
1600.3333333333333,30.42355555555556,15.693818750150967,0.43,0.0,0.06882501393556595
1600.6666666666665,30.536444444444445,15.804844588274136,0.43,0.0,0.0688735842704773
1601.0,30.649333333333338,15.915860603854526,0.4308,0.0,0.06888686120510101
1601.3333333333335,30.762222222222228,16.026891353249084,0.4324,0.0,0.06886525452136993
1601.6666666666665,30.875111111111114,16.137913917191327,0.4328,0.0,0.0688961073756218
1602.0,30.988000000000003,16.248944666585885,0.4348,0.0,0.06885730475187302
1602.3333333333333,31.100888888888893,16.359960682166275,0.4368,0.0,0.06881929934024811
1602.6666666666667,31.213777777777786,16.470993068651296,0.43720000000000003,0.0,0.06885049492120743
1603.0,31.326666666666668,16.582017269684002,0.43960000000000005,0.0,0.06879587471485138
1603.3333333333333,31.439555555555554,16.693036559445318,0.44,0.0,0.06882721930742264
1603.6666666666667,31.552444444444447,16.804062397568487,0.4408,0.0,0.06884171813726425
1604.0,31.665333333333344,16.915091509872582,0.4408,0.0,0.06889054924249649
1604.3333333333333,31.77822222222223,17.026109162543435,0.44160000000000005,0.0,0.0689052939414978
1604.6666666666665,31.891111111111112,17.137131726485677,0.44320000000000004,0.0,0.06888614594936371
1605.0,32.004000000000005,17.2481641129707,0.444,0.0,0.06890135258436203
1605.3333333333335,32.116888888888894,17.359185039822478,0.4444,0.0,0.06893379241228104
1605.6666666666667,32.229777777777784,17.470214152126573,0.4444,0.0,0.06898340582847595
1606.0,32.342666666666666,17.58123344188789,0.4456,0.0,0.06898199766874313
1606.3333333333333,32.45555555555556,17.69225600583013,0.44680000000000003,0.0,0.068980872631073
1606.6666666666667,32.56844444444445,17.803288392315153,0.44720000000000004,0.0,0.06901397556066513
1607.0,32.68133333333334,17.91430277080508,0.44680000000000003,0.0,0.06908134371042252
1607.3333333333333,32.794222222222224,18.0253351572901,0.4476,0.0,0.06909772753715515
1607.6666666666667,32.907111111111114,18.136357721232343,0.4496,0.0,0.06906339526176453
1608.0,33.02,18.247385196445975,0.45080000000000003,0.0,0.06906365603208542
1608.3333333333335,33.132888888888886,18.358401212026365,0.45120000000000005,0.0,0.06909821927547455
1608.6666666666665,33.245777777777775,18.46943523560185,0.4524,0.0,0.06909921020269394
1609.0,33.35866666666668,18.580457799544092,0.45480000000000004,0.0,0.0690501406788826
1609.3333333333335,33.47155555555556,18.691482000576798,0.4556,0.0,0.06906862556934357
1609.6666666666667,33.58444444444444,18.802502927428577,0.4576,0.0,0.06903724372386932
1610.0,33.69733333333333,18.913532039732672,0.45840000000000003,0.0,0.06905608624219894
1610.3333333333333,33.81022222222223,19.024559514946304,0.4596,0.0,0.06905867904424667
1610.6666666666667,33.92311111111111,19.135570619255304,0.46080000000000004,0.0,0.0690615177154541
1611.0,34.035999999999994,19.246606279921252,0.462,0.0,0.06906453520059586
1611.3333333333333,34.1488888888889,19.357633755134884,0.4632,0.0,0.06906770914793015
1611.6666666666667,34.26177777777779,19.468654681986663,0.464,0.0,0.0690874457359314
1612.0,34.37466666666667,19.579670697567053,0.46480000000000005,0.0,0.06910724192857742
1612.3333333333335,34.48755555555556,19.690706358233,0.466,0.0,0.06911057978868484
1612.6666666666665,34.60044444444445,19.80172237381339,0.46640000000000004,0.0,0.06914674490690231
1613.0,34.71333333333334,19.91275312320795,0.468,0.0,0.06913376599550247
1613.3333333333333,34.82622222222222,20.023772412969265,0.47000000000000003,0.0,0.06910467892885208
1613.6666666666667,34.93911111111112,20.134803162363824,0.4716,0.0,0.06909216940402985
1614.0,35.05200000000001,20.245825726306066,0.47240000000000004,0.0,0.06911212205886841
1614.3333333333333,35.164888888888896,20.356846653157845,0.4732,0.0,0.06913198530673981
1614.6666666666667,35.277777777777786,20.467874128371477,0.47440000000000004,0.0,0.06913582235574722
1615.0,35.39066666666667,20.5789065148565,0.47600000000000003,0.0,0.06912363320589066
1615.3333333333333,35.50355555555556,20.68992416752735,0.4776,0.0,0.069111667573452
1615.6666666666665,35.616444444444454,20.800943457288668,0.48000000000000004,0.0,0.06906823813915253
1616.0,35.72933333333334,20.91197584377369,0.48160000000000003,0.0,0.06905703246593475
1616.3333333333335,35.842222222222226,21.02299840771593,0.48200000000000004,0.0,0.06909337639808655
1616.6666666666665,35.955111111111115,21.13401933456771,0.4832,0.0,0.06909807026386261
1617.0,36.06800000000001,21.245043535600416,0.4848,0.0,0.06908710300922394
1617.3333333333333,36.180888888888894,21.356067736633122,0.4864,0.0,0.06907671689987183
1617.6666666666667,36.29377777777778,21.46710339729907,0.4888,0.0,0.06903563439846039
1618.0,36.40666666666667,21.578117775788996,0.49000000000000005,0.0,0.06904181092977524
1618.3333333333333,36.51955555555556,21.68914688809309,0.49200000000000005,0.0,0.06901731342077255
1618.6666666666667,36.632444444444445,21.800171089125797,0.4932,0.0,0.06902420520782471
1619.0,36.745333333333335,21.91119365306804,0.4948,0.0,0.0690159946680069
1619.3333333333333,36.85822222222223,22.022211305738892,0.49560000000000004,0.0,0.06903897970914841
1619.6666666666665,36.97111111111112,22.133245329314377,0.496,0.0,0.06907744705677032
1620.0,37.084,22.244264619075693,0.498,0.0,0.0690547451376915
1620.3333333333335,36.99510000000001,22.156840714160353,0.5,0.0,0.06903262436389923
1620.6666666666667,36.906200000000005,22.069403712521307,0.5008,0.0,0.06905663013458252
1621.0,36.8173,21.981978170515504,0.5016,0.0,0.06908082216978073
1621.3333333333333,36.7284,21.89453789469553,0.5036,0.0,0.06905970722436905
1621.6666666666667,36.639500000000005,21.807112352689728,0.5048,0.0,0.06906922161579132
1622.0,36.55060000000001,21.719670439779293,0.5052,0.0,0.06910917907953262
1622.3333333333333,36.4617,21.632248171954416,0.5064000000000001,0.0,0.06911905854940414
1622.6666666666667,36.372800000000005,21.54481117031537,0.5064000000000001,0.0,0.06917447596788406
1623.0,36.28390000000001,21.457383991219103,0.5088,0.0,0.06913939863443375
1623.3333333333335,36.19500000000001,21.369942078308668,0.5108,0.0,0.06912003457546234
1623.6666666666665,36.10610000000001,21.282521447574254,0.512,0.0,0.06913094222545624
1624.0,36.0172,21.195077897573356,0.5136000000000001,0.0,0.0691271498799324
1624.3333333333335,35.9283,21.107658903929405,0.5136000000000001,0.0,0.0691830962896347
1624.6666666666667,35.839400000000005,21.020220265199896,0.5144000000000001,0.0,0.06920923292636871
1625.0,35.7505,20.932794723194093,0.5156000000000001,0.0,0.06922058016061783
1625.3333333333333,35.6616,20.845362632826436,0.5168,0.0,0.06923205405473709
1625.6666666666667,35.572700000000005,20.757928905368317,0.5172,0.0,0.0692734345793724
1626.0,35.4838,20.67048699245788,0.518,0.0,0.06929991394281387
1626.3333333333333,35.39490000000001,20.583064724633005,0.5188,0.0,0.06932643055915833
1626.6666666666667,35.306000000000004,20.495630997174885,0.5192,0.0,0.0693679228425026
1627.0,35.2171,20.408200543897692,0.52,0.0,0.06939452141523361
1627.3333333333335,35.12820000000001,20.320761905168183,0.5228,0.0,0.06934686005115509
1627.6666666666665,35.039300000000004,20.23333145189099,0.5236000000000001,0.0,0.06937364488840103
1628.0,34.95040000000001,20.14590263570426,0.5248,0.0,0.06938567012548447
1628.3333333333333,34.86150000000001,20.058472182427067,0.5248,0.0,0.06944193691015244
1628.6666666666667,34.772600000000004,19.97103518078802,0.5264,0.0,0.06943894922733307
1629.0,34.6837,19.88360636460129,0.5276000000000001,0.0,0.06945082545280457
1629.3333333333333,34.5948,19.796172637143172,0.5284,0.0,0.06947743892669678
1629.6666666666667,34.505900000000004,19.708738909685053,0.5292,0.0,0.06950395554304123
1630.0,34.417,19.621305182226934,0.5308,0.0,0.06950115412473679
1630.3333333333333,34.3281,19.53387964022113,0.532,0.0,0.06951325386762619
1630.6666666666665,34.239200000000004,19.4464508240344,0.5344,0.0,0.06948170065879822
1631.0,34.15030000000001,19.359015459485818,0.536,0.0,0.06947960704565048
1631.3333333333335,34.061400000000006,19.271575183665846,0.5364,0.0,0.06952118873596191
1631.6666666666665,33.972500000000004,19.18415291584097,0.5384,0.0,0.0695047453045845
1632.0,33.8836,19.096725736744702,0.54,0.0,0.06950312852859497
1632.3333333333333,33.794700000000006,19.00929528346751,0.542,0.0,0.06948744505643845
1632.6666666666667,33.70580000000001,18.921856644738,0.5444,0.0,0.06945779174566269
1633.0,33.61690000000001,18.83442782855127,0.5456,0.0,0.06947136670351028
1633.3333333333333,33.528000000000006,18.746997375274077,0.5468000000000001,0.0,0.06948498636484146
1633.6666666666667,33.439099999999996,18.659566921996884,0.5484,0.0,0.06948462128639221
1634.0,33.3502,18.57212500908645,0.55,0.0,0.06948437541723251
1634.3333333333333,33.261300000000006,18.48470274126157,0.5508000000000001,0.0,0.06951262056827545
1634.6666666666665,33.172399999999996,18.397269013803452,0.5532,0.0,0.06948439031839371
1635.0,33.0835,18.30983856052626,0.5544,0.0,0.06949885189533234
1635.3333333333335,32.994600000000005,18.222398284706287,0.5556,0.0,0.06951362639665604
1635.6666666666667,32.9057,18.134967831429094,0.5568000000000001,0.0,0.06952851265668869
1636.0,32.81680000000001,18.047540652332827,0.5584,0.0,0.06952951103448868
1636.3333333333333,32.727900000000005,17.960110199055634,0.5592,0.0,0.06955868005752563
1636.6666666666667,32.639,17.87267319741659,0.56,0.0,0.06958775222301483
1637.0,32.55010000000001,17.785242744139396,0.562,0.0,0.06957501918077469
1637.3333333333333,32.461200000000005,17.69781065377174,0.5624,0.0,0.06961807608604431
1637.6666666666667,32.3723,17.610383474675473,0.5628000000000001,0.0,0.06966099143028259
1638.0,32.2834,17.522944835945964,0.5644,0.0,0.06966197490692139
1638.3333333333335,32.1945,17.435516019759234,0.5660000000000001,0.0,0.06966305524110794
1638.6666666666665,32.1056,17.348082292301115,0.5668000000000001,0.0,0.0696919783949852
1639.0,32.0167,17.260655113204848,0.5676,0.0,0.06972067803144455
1639.3333333333335,31.927799999999998,17.173213200294413,0.5692,0.0,0.06972148269414902
1639.6666666666667,31.838900000000002,17.085789295379072,0.5720000000000001,0.0,0.06968098878860474
1640.0,31.75,16.998357205011416,0.5748,0.0,0.06964117288589478
1640.3333333333333,31.661100000000005,16.910928388824686,0.5760000000000001,0.0,0.06965632736682892
1640.6666666666667,31.57220000000001,16.823489750095177,0.5780000000000001,0.0,0.06964422017335892
1641.0,31.4833,16.736059296817984,0.5788,0.0,0.06967288255691528
1641.3333333333333,31.394400000000005,16.64862884354079,0.5800000000000001,0.0,0.06968779861927032
1641.6666666666667,31.305500000000006,16.56120002735406,0.5828,0.0,0.06964873522520065
1642.0,31.2166,16.473763025715016,0.5840000000000001,0.0,0.06966399401426315
1642.3333333333335,31.127700000000004,16.38633093534736,0.5872,0.0,0.06961225718259811
1642.6666666666665,31.038800000000002,16.298905393341556,0.5888,0.0,0.06961460411548615
1643.0,30.949900000000003,16.211471665883437,0.5896,0.0,0.06964366137981415
1643.3333333333333,30.861000000000008,16.124033027153928,0.5928,0.0,0.0695931613445282
1643.6666666666667,30.772100000000002,16.036604210967198,0.5932000000000001,0.0,0.06963559985160828
1644.0,30.683200000000003,15.949173757690005,0.5956,0.0,0.0696122795343399
1644.3333333333333,30.594299999999997,15.861741667322349,0.596,0.0,0.0696551501750946
1644.6666666666667,30.5054,15.774306302773766,0.5976,0.0,0.06965860724449158
1645.0,30.416500000000003,15.68687421240611,0.5984,0.0,0.06968850642442703
1645.3333333333333,30.3276,15.599443759128917,0.5988,0.0,0.06973164528608322
1645.6666666666665,30.238700000000005,15.51201658003265,0.5996,0.0,0.06976166367530823
1646.0,30.149800000000006,15.424584489664994,0.6016,0.0,0.06975250691175461
1646.3333333333335,30.0609,15.337147488025948,0.604,0.0,0.06973069906234741
1646.6666666666665,29.972,15.249720308929682,0.6052000000000001,0.0,0.06974834948778152
1647.0,29.883100000000006,15.162286581471562,0.6068,0.0,0.06975317746400833
1647.3333333333333,29.7942,15.074852854013443,0.6064,0.0,0.06982330232858658
1647.6666666666667,29.705300000000005,14.987424037826713,0.6088,0.0,0.06980212032794952
1648.0,29.616400000000002,14.899996858730447,0.6108,0.0,0.06979429721832275
1648.3333333333333,29.527500000000003,14.812558220000938,0.612,0.0,0.06981245428323746
1648.6666666666667,29.438599999999997,14.725127766723745,0.6144000000000001,0.0,0.06979188323020935
1649.0,29.3497,14.637694039265625,0.6148,0.0,0.06983592361211777
1649.3333333333333,29.260800000000003,14.550270134350285,0.618,0.0,0.06978995352983475
1649.6666666666665,29.1719,14.462836406892166,0.6212,0.0,0.06974462419748306
1650.0,29.083000000000002,14.37540431652451,0.624,0.0,0.06971251964569092
1650.3333333333335,28.994100000000003,14.287972226156853,0.6248,0.0,0.06974364817142487
1650.6666666666667,28.9052,14.200545047060587,0.6284000000000001,0.0,0.06968659907579422
1651.0,28.816300000000002,14.113106408331078,0.6312,0.0,0.06965527683496475
1651.3333333333333,28.727400000000003,14.025675955053885,0.6328,0.0,0.06966151297092438
1651.6666666666667,28.6385,13.938240590505302,0.6348,0.0,0.06965526938438416
1652.0,28.5496,13.850813411409035,0.6384000000000001,0.0,0.06960000097751617
1652.3333333333333,28.460700000000006,13.763378046860453,0.6396000000000001,0.0,0.06961879879236221
1652.6666666666667,28.371800000000004,13.675946775038028,0.6408,0.0,0.06963751465082169
1653.0,28.2829,13.588512229034677,0.642,0.0,0.06965619325637817
1653.3333333333335,28.194,13.50108504993841,0.644,0.0,0.0696503296494484
1653.6666666666665,28.1051,13.41365050393506,0.6448,0.0,0.06968114525079727
1654.0,28.016199999999998,13.326218413567403,0.6464000000000001,0.0,0.06968750059604645
1654.3333333333335,27.9273,13.23878796029021,0.6488,0.0,0.06966979056596756
1654.6666666666667,27.838400000000004,13.151356688467786,0.6496000000000001,0.0,0.06970075517892838
1655.0,27.7495,13.063920505373972,0.6524,0.0,0.06967134773731232
1655.3333333333333,27.6606,12.97649087064201,0.654,0.0,0.06967838853597641
1655.6666666666667,27.571700000000003,12.889055506093428,0.6552,0.0,0.06969786435365677
1656.0,27.482799999999997,12.801624234271003,0.6572,0.0,0.06969337910413742
1656.3333333333333,27.393900000000002,12.714194599539042,0.6584,0.0,0.06971297413110733
1656.6666666666667,27.305,12.626762509171385,0.6596000000000001,0.0,0.06973268836736679
1657.0,27.2161,12.539333692984655,0.6616000000000001,0.0,0.06972864270210266
1657.3333333333335,27.127200000000002,12.451897509890841,0.6628000000000001,0.0,0.06974859535694122
1657.6666666666665,27.0383,12.364468693704112,0.664,0.0,0.06976861506700516
1658.0,26.9494,12.277033329155529,0.6652,0.0,0.0697886198759079
1658.3333333333333,26.860500000000002,12.189603694423568,0.6676000000000001,0.0,0.06977319717407227
1658.6666666666667,26.7716,12.102169966965448,0.6684,0.0,0.06980546563863754
1659.0,26.6827,12.014740332233487,0.67,0.0,0.069814033806324
1659.3333333333333,26.5938,11.927303330594441,0.674,0.0,0.06975237280130386
1659.6666666666667,26.5049,11.839875332952943,0.6752,0.0,0.06977324187755585
1660.0,26.416,11.75243996840436,0.6764,0.0,0.06979398429393768
1660.3333333333333,26.3271,11.66501115221763,0.68,0.0,0.06974460184574127
1660.6666666666665,26.2382,11.577579061849974,0.682,0.0,0.06974193453788757
1661.0,26.149300000000004,11.490146971482318,0.6832,0.0,0.06976232677698135
1661.3333333333335,26.060399999999998,11.402711606933735,0.6828000000000001,0.0,0.06982877850532532
1661.6666666666665,25.971500000000002,11.315288520563627,0.684,0.0,0.06984861940145493
1662.0,25.8826,11.22785151892458,0.6844,0.0,0.06989148259162903
1662.3333333333333,25.793699999999998,11.140424339828314,0.6852,0.0,0.06992245465517044
1662.6666666666667,25.704800000000002,11.052985701098805,0.6864,0.0,0.0699416846036911
1663.0,25.615899999999996,10.965557703457307,0.6856,0.0,0.07001902163028717
1663.3333333333333,25.527,10.878121520363493,0.686,0.0,0.07006125897169113
1663.6666666666667,25.4381,10.790695159812458,0.6876,0.0,0.0700683444738388
1664.0,25.3492,10.703258158173412,0.6888000000000001,0.0,0.07008710503578186
1664.3333333333333,25.2603,10.615830160531914,0.6904,0.0,0.07009417563676834
1664.6666666666665,25.1714,10.52839888870949,0.6936,0.0,0.07005495578050613
1665.0,25.0825,10.440968435432296,0.6956,0.0,0.07005080580711365
1665.3333333333335,24.9936,10.353533070883714,0.6980000000000001,0.0,0.07003545016050339
1665.6666666666667,24.9047,10.266104254696984,0.7000000000000001,0.0,0.07003184407949448
1666.0,24.8158,10.178669708693633,0.7008,0.0,0.0700627937912941
1666.3333333333333,24.7269,10.091238436871208,0.7016,0.0,0.07009398192167282
1666.6666666666667,24.637999999999998,10.003806346503552,0.7032,0.0,0.07010259479284286
1667.0,24.5491,9.91637671177159,0.7044,0.0,0.07012283802032471
1667.3333333333333,24.4602,9.82894216576824,0.7072,0.0,0.0700976625084877
1667.6666666666667,24.371299999999998,9.741511712491047,0.7084,0.0,0.07011830806732178
1668.0,24.282400000000003,9.654077166487696,0.7096,0.0,0.07013919204473495
1668.3333333333335,24.193499999999997,9.566649168846197,0.7112,0.0,0.07014887779951096
1668.6666666666665,24.1046,9.479214622842846,0.7128,0.0,0.07015874981880188
1669.0,24.0157,9.391784988110885,0.7160000000000001,0.0,0.07012372463941574
1669.3333333333335,23.926799999999997,9.304351260652766,0.7168,0.0,0.07015646994113922
1669.6666666666667,23.837899999999998,9.216922444466036,0.7192000000000001,0.0,0.07014433294534683
1670.0,23.749,9.129483805736527,0.7228,0.0,0.07009902596473694
1670.3333333333333,23.6601,9.042059900821187,0.7260000000000001,0.0,0.070065438747406
1670.6666666666667,23.5712,8.95462208063691,0.7272000000000001,0.0,0.07008745521306992
1671.0,23.4823,8.86719326445018,0.7288,0.0,0.0700984001159668
1671.3333333333333,23.3934,8.779757899901597,0.7308,0.0,0.07009836286306381
1671.6666666666667,23.304499999999997,8.692329902260099,0.732,0.0,0.07012028992176056
1672.0,23.2156,8.604895356256748,0.7336,0.0,0.07013112306594849
1672.3333333333335,23.1267,8.546225308236899,0.738,0.0,0.07006571441888809
1672.6666666666665,23.0378,8.503413755533984,0.7408,0.0,0.07004445046186447
1673.0,22.9489,8.460605477011995,0.742,0.0,0.07006656378507614
1673.3333333333333,22.86,8.417799654125702,0.7444000000000001,0.0,0.07005637884140015
1673.6666666666667,22.7711,8.374987282877555,0.746,0.0,0.07006777077913284
1674.0,22.682199999999998,8.332179004355567,0.7484000000000001,0.0,0.07005763053894043
1674.3333333333333,22.593299999999996,8.28936663310742,0.7508,0.0,0.07004764676094055
1674.6666666666667,22.504399999999997,8.246559173130663,0.752,0.0,0.07006976008415222
1675.0,22.4155,8.20374843897298,0.7552,0.0,0.07003868371248245
1675.3333333333333,22.3266,8.160940160450991,0.7568,0.0,0.07005048543214798
1675.6666666666665,22.2377,8.11813024483854,0.7588,0.0,0.07005176693201065
1676.0,22.148799999999998,8.075318692135625,0.7616,0.0,0.07003209739923477
1676.3333333333335,22.0599,8.032511232158868,0.7648,0.0,0.07000219821929932
1676.6666666666665,21.970999999999997,7.9896980423654895,0.7664000000000001,0.0,0.07001429796218872
1677.0,21.882099999999998,7.946891400933964,0.768,0.0,0.07002635300159454
1677.3333333333333,21.7932,7.904084759502439,0.77,0.0,0.07002799212932587
1677.6666666666667,21.7043,7.861269114073366,0.7712,0.0,0.07005031406879425
1678.0,21.6154,7.818462472641841,0.7732,0.0,0.07005172222852707
1678.3333333333333,21.5265,7.775651738484157,0.774,0.0,0.07008419185876846
1678.6666666666667,21.437599999999996,7.732843459962169,0.7756000000000001,0.0,0.07009577751159668
1679.0,21.348699999999997,7.690033544349717,0.7768,0.0,0.07011762261390686
1679.3333333333333,21.2598,7.647224447282497,0.7796000000000001,0.0,0.07009799033403397
1679.6666666666665,21.1709,7.60441698730574,0.7816000000000001,0.0,0.07009904086589813
1680.0,21.081999999999997,7.56160297896713,0.7836000000000001,0.0,0.0701000913977623
1680.3333333333335,21.163844444444443,7.601013476232765,0.7852,0.0,0.0701114684343338
1680.6666666666667,21.245688888888886,7.640424792043632,0.7876000000000001,0.0,0.07010237872600555
1681.0,21.32753333333333,7.6798402005806565,0.7892,0.0,0.07011374086141586
1681.3333333333333,21.409377777777774,7.719251516391523,0.792,0.0,0.07009461522102356
1681.6666666666667,21.49122222222222,7.758663650747621,0.7948000000000001,0.0,0.0700758844614029
1682.0,21.573066666666662,7.798076603648951,0.798,0.0,0.07004725933074951
1682.3333333333333,21.654911111111108,7.837487919459818,0.8004,0.0,0.07003913819789886
1682.6666666666667,21.736755555555554,7.876901690906379,0.802,0.0,0.0700511634349823
1683.0,21.818599999999996,7.91630973253632,0.8056000000000001,0.0,0.07001345604658127
1683.3333333333335,21.900444444444442,7.9557267781638075,0.8072,0.0,0.07002583146095276
1683.6666666666665,21.982288888888885,7.995134819793748,0.81,0.0,0.07000859826803207
1684.0,22.064133333333334,8.034551046876004,0.8124,0.0,0.07000187039375305
1684.3333333333335,22.145977777777773,8.073959088505944,0.8148000000000001,0.0,0.06999532133340836
1684.6666666666667,22.227822222222223,8.113372041407274,0.8160000000000001,0.0,0.07001829147338867
1685.0,22.30966666666666,8.15278335721814,0.8176,0.0,0.07003147900104523
1685.3333333333333,22.39151111111111,8.192197128664702,0.8188000000000001,0.0,0.0700545683503151
1685.6666666666667,22.47335555555555,8.231610081566032,0.8196,0.0,0.07008738070726395
1686.0,22.5552,8.271020578831667,0.8204,0.0,0.0701201856136322
1686.3333333333333,22.63704444444444,8.310432713187765,0.8220000000000001,0.0,0.07013338804244995
1686.6666666666667,22.718888888888884,8.349846484634327,0.8224,0.0,0.07017599046230316
1687.0,22.80073333333333,8.38925616335473,0.8236,0.0,0.07019900530576706
1687.3333333333335,22.882577777777772,8.42866911625606,0.8248000000000001,0.0,0.07022207230329514
1687.6666666666665,22.96442222222222,8.468086161883548,0.8268000000000001,0.0,0.07022561132907867
1688.0,23.04626666666666,8.507492566423025,0.8284,0.0,0.07023908942937851
1688.3333333333333,23.12811111111111,8.54690306368866,0.8312,0.0,0.07022347301244736
1688.6666666666667,23.20995555555555,8.59934643813176,0.8332,0.0,0.07022761553525925
1689.0,23.2918,8.679838083480718,0.8344,0.0,0.07025128602981567
1689.3333333333333,23.373644444444437,8.76033218446537,0.8360000000000001,0.0,0.07026530802249908
1689.6666666666667,23.455488888888887,8.840823011269094,0.8368,0.0,0.07029867172241211
1690.0,23.537333333333326,8.921314656618051,0.8400000000000001,0.0,0.07027394324541092
1690.3333333333333,23.619177777777775,9.001809576147934,0.8404,0.0,0.07031700015068054
1690.6666666666665,23.701022222222218,9.082301221496891,0.8412000000000001,0.0,0.07035033404827118
1691.0,23.782866666666663,9.162800233752932,0.8444,0.0,0.07032588869333267
1691.3333333333335,23.864711111111106,9.243289423466194,0.8472000000000001,0.0,0.07031138241291046
1691.6666666666665,23.946555555555552,9.323781887360383,0.8504,0.0,0.0702875554561615
1692.0,24.028399999999998,9.40427353270934,0.8536,0.0,0.07026412338018417
1692.3333333333333,24.11024444444444,9.484763540967833,0.8560000000000001,0.0,0.0702599361538887
1692.6666666666667,24.192088888888886,9.565257641952485,0.8560000000000001,0.0,0.07031261175870895
1693.0,24.27393333333333,9.645751742937136,0.8584,0.0,0.0703083723783493
1693.3333333333333,24.355777777777774,9.726245843921788,0.86,0.0,0.07032312452793121
1693.6666666666667,24.437622222222217,9.806739126361208,0.862,0.0,0.0703284963965416
1694.0,24.519466666666663,9.887230771710165,0.8624,0.0,0.070371612906456
1694.3333333333333,24.60131111111111,9.967719961423427,0.8648,0.0,0.07036758214235306
1694.6666666666665,24.68315555555555,10.048217336589005,0.866,0.0,0.07039190083742142
1695.0,24.764999999999997,10.128706526302267,0.8672000000000001,0.0,0.07041613012552261
1695.3333333333335,24.84684444444444,10.20920635710354,0.8704000000000001,0.0,0.070393405854702
1695.6666666666667,24.928688888888885,10.289693909726338,0.8716,0.0,0.07041765004396439
1696.0,25.010533333333328,10.370191284891916,0.8724000000000001,0.0,0.07045119255781174
1696.3333333333333,25.092377777777774,10.450680474605178,0.8736,0.0,0.07047528773546219
1696.6666666666667,25.174222222222216,10.531172119954135,0.8744000000000001,0.0,0.07050870358943939
1697.0,25.256066666666662,10.611666220938787,0.8776,0.0,0.07048603892326355
1697.3333333333333,25.337911111111104,10.692157047742512,0.8792000000000001,0.0,0.07050083577632904
1697.6666666666667,25.41975555555555,10.772653604362858,0.8812000000000001,0.0,0.07050624489784241
1698.0,25.501599999999996,10.853145249711815,0.882,0.0,0.07053955644369125
1698.3333333333335,25.58344444444444,10.933639350696467,0.8832000000000001,0.0,0.0705634206533432
1698.6666666666665,25.665288888888885,11.014128540409729,0.8856,0.0,0.07055934518575668
1699.0,25.747133333333327,11.09462264139438,0.8868,0.0,0.07058311253786087
1699.3333333333335,25.828977777777776,11.175111012562411,0.8896000000000001,0.0,0.07056986540555954
1699.6666666666667,25.910822222222215,11.255612480454147,0.8912,0.0,0.07058454304933548
1700.0,25.992666666666665,11.336103307257872,0.894,0.0,0.07057150453329086
1700.3333333333333,26.074511111111104,11.41659577115206,0.8972,0.0,0.07054948061704636
1700.6666666666667,26.156355555555553,11.497086597955786,0.8992,0.0,0.07055515050888062
1701.0,26.238199999999992,11.577579061849974,0.8996000000000001,0.0,0.07059745490550995
1701.3333333333333,26.32004444444444,11.658070707198931,0.9004000000000001,0.0,0.07063059508800507
1701.6666666666667,26.401888888888884,11.738567263819277,0.9016000000000001,0.0,0.07065451145172119
1702.0,26.48373333333333,11.819058090623002,0.9044000000000001,0.0,0.07064184546470642
1702.3333333333335,26.565577777777772,11.899553828698117,0.9084000000000001,0.0,0.070602186024189
1702.6666666666665,26.647422222222218,11.980046292592306,0.9084000000000001,0.0,0.07065360993146896
1703.0,26.729266666666664,12.060535482305568,0.9108,0.0,0.07065054029226303
1703.3333333333333,26.811111111111106,12.14102958329022,0.9128000000000001,0.0,0.07065663486719131
1703.6666666666667,26.892955555555552,12.221516317367787,0.9136000000000001,0.0,0.0706898495554924
1704.0,26.974799999999995,12.302017785259522,0.9176000000000001,0.0,0.07065089792013168
1704.3333333333333,27.05664444444444,12.382511067698942,0.9192,0.0,0.07066628336906433
1704.6666666666667,27.138488888888883,12.463003531593131,0.9228000000000001,0.0,0.07063693553209305
1705.0,27.22033333333333,12.54349599548732,0.9264,0.0,0.07060812413692474
1705.3333333333333,27.30217777777777,12.623985185200581,0.9292,0.0,0.07059744745492935
1705.6666666666665,27.384022222222217,12.70447764909477,0.9292,0.0,0.07064899802207947
1706.0,27.46586666666666,12.784966838808032,0.9336000000000001,0.0,0.0706031322479248
1706.3333333333335,27.547711111111102,12.865469943790231,0.936,0.0,0.07060186564922333
1706.6666666666665,27.62955555555555,12.945959133503493,0.9364,0.0,0.07064476609230042
1707.0,27.711399999999994,13.026452415942913,0.9392,0.0,0.07063482701778412
1707.3333333333333,27.793244444444436,13.106944879837101,0.9396,0.0,0.07067772001028061
1707.6666666666667,27.875088888888886,13.187439799366985,0.9424,0.0,0.07066793739795685
1708.0,27.95693333333333,13.267929807625478,0.9444,0.0,0.0706758126616478
1708.3333333333333,28.03877777777777,13.34842390861013,0.9468000000000001,0.0,0.07067505270242691
1708.6666666666667,28.120622222222213,13.428916372504318,0.9492,0.0,0.07067444175481796
1709.0,28.202466666666663,13.509407199308043,0.9528000000000001,0.0,0.0706479400396347
1709.3333333333333,28.284311111111105,13.589904574473621,0.9540000000000001,0.0,0.07067357003688812
1709.6666666666665,28.36615555555555,13.670388852915494,0.9560000000000001,0.0,0.07068181782960892
1710.0,28.447999999999997,13.750883772445377,0.9572,0.0,0.07070737332105637
1710.3333333333335,28.529844444444443,13.831377873430029,0.9596,0.0,0.07070701569318771
1710.6666666666667,28.61168888888888,13.911870337324217,0.9620000000000001,0.0,0.07070675492286682
1711.0,28.693533333333328,13.992367712489795,0.9660000000000001,0.0,0.07067237049341202
1711.3333333333333,28.775377777777766,14.07285853929352,0.9680000000000001,0.0,0.07068110257387161
1711.6666666666667,28.85722222222222,14.153355914459098,0.9700000000000001,0.0,0.07068990170955658
1712.0,28.93906666666666,14.233846741262823,0.9732000000000001,0.0,0.07067331671714783
1712.3333333333333,29.02091111111111,14.314335930976085,0.9744,0.0,0.0706993117928505
1712.6666666666667,29.10275555555555,14.394830031960737,0.9760000000000001,0.0,0.07071679830551147
1713.0,29.184599999999996,14.475319221673999,0.9776,0.0,0.07073437422513962
1713.3333333333335,29.26644444444444,14.555814959749114,0.9780000000000001,0.0,0.07077732682228088
1713.6666666666665,29.34828888888888,14.636310697824229,0.9792000000000001,0.0,0.07080324739217758
1714.0,29.43013333333333,14.716794976266101,0.9804,0.0,0.07082951068878174
1714.3333333333335,29.511977777777773,14.797293988522142,0.9808,0.0,0.0708727166056633
1714.6666666666667,29.593822222222215,14.87778645241633,0.9836,0.0,0.0708649531006813
1715.0,29.67566666666666,14.958282190491445,0.9864,0.0,0.07085741311311722
1715.3333333333333,29.757511111111107,15.038766468933318,0.9872000000000001,0.0,0.07089217007160187
1715.6666666666667,29.839355555555546,15.119268755370285,0.9884000000000001,0.0,0.07091843336820602
1716.0,29.921199999999992,15.199761219264474,0.9916,0.0,0.07090248912572861
1716.3333333333333,30.003044444444438,15.280253683158662,0.9916,0.0,0.07095411419868469
1716.6666666666667,30.084888888888884,15.360744509962387,0.9928,0.0,0.07098034769296646
1717.0,30.166733333333326,15.441232062585186,0.9952000000000001,0.0,0.0709812343120575
1717.3333333333335,30.248577777777776,15.521727800660301,0.998,0.0,0.07097385823726654
1717.6666666666665,30.330422222222214,15.602216990373563,1.0004,0.0,0.07097514718770981
1718.0,30.41226666666666,15.682720913900994,1.0024,0.0,0.07098491489887238
1718.3333333333333,30.494111111111103,15.763203555252403,1.0044,0.0,0.07099483907222748
1718.6666666666667,30.575955555555545,15.843699293327518,1.0072,0.0,0.07098814100027084
1719.0,30.657799999999995,15.924190120131243,1.0076,0.0,0.07103156298398972
1719.3333333333333,30.739644444444437,16.00468258402543,1.0084,0.0,0.07106658071279526
1719.6666666666667,30.821488888888886,16.085178322100546,1.01,0.0,0.0710848793387413
1720.0,30.90333333333333,16.165672423085198,1.0116,0.0,0.07110312581062317
1720.3333333333333,30.98517777777777,16.24616652406985,1.0124,0.0,0.07113821804523468
1720.6666666666665,31.067022222222214,16.3266606250545,1.0128000000000001,0.0,0.07118164002895355
1721.0,31.148866666666656,16.407146540586837,1.016,0.0,0.07116661220788956
1721.3333333333335,31.230711111111106,16.48764227866195,1.0172,0.0,0.07119335979223251
1721.6666666666665,31.31255555555555,16.56812492001336,1.0184,0.0,0.07121999561786652
1722.0,31.39439999999999,16.64862884354079,1.0204,0.0,0.0712299793958664
1722.3333333333333,31.47624444444444,16.729124581615906,1.0228000000000002,0.0,0.07123159617185593
1722.6666666666667,31.558088888888886,16.80960886005778,1.0236,0.0,0.07126642018556595
1723.0,31.639933333333328,16.890109509404283,1.0264,0.0,0.07125970721244812
1723.3333333333333,31.721777777777767,16.97059542493662,1.0288000000000002,0.0,0.07126136869192123
1723.6666666666667,31.803622222222216,17.051091163011733,1.03,0.0,0.07128792256116867
1724.0,31.88546666666666,17.13158198981546,1.0324,0.0,0.07128970324993134
1724.3333333333333,31.967311111111105,17.2120810020715,1.0364,0.0,0.07125870883464813
1724.6666666666665,32.04915555555555,17.29257510305615,1.0384,0.0,0.0712689608335495
1725.0,32.13099999999999,17.373064292769413,1.0416,0.0,0.07125478237867355
1725.3333333333335,32.212844444444436,17.453556756663602,1.0432000000000001,0.0,0.07127338647842407
1725.6666666666667,32.29468888888888,17.53404922055779,1.046,0.0,0.07126766443252563
1726.0,32.37653333333333,17.614543321542442,1.0484,0.0,0.07127043604850769
1726.3333333333333,32.45837777777777,17.69503087416524,1.0496,0.0,0.07129760831594467
1726.6666666666667,32.54022222222221,17.775531523511745,1.052,0.0,0.0713004544377327
1727.0,32.62206666666666,17.856014164863154,1.054,0.0,0.07131145894527435
1727.3333333333333,32.70391111111111,17.936513177119195,1.0556,0.0,0.07133057713508606
1727.6666666666667,32.785755555555546,18.017002366832457,1.0564,0.0,0.0713658258318901
1728.0,32.86759999999999,18.097494830726646,1.058,0.0,0.07138493657112122
1728.3333333333335,32.94944444444443,18.177993842982687,1.06,0.0,0.07139600068330765
1728.6666666666665,33.03128888888889,18.258486306876875,1.0628,0.0,0.0713910311460495
1729.0,33.11313333333333,18.338978770771064,1.0644,0.0,0.07141034305095673
1729.3333333333335,33.194977777777765,18.41947450884618,1.0668,0.0,0.07141373306512833
1729.6666666666667,33.276822222222215,18.499960424378514,1.0696,0.0,0.07140939682722092
1730.0,33.358666666666664,18.580457799544092,1.0708,0.0,0.07143718004226685
1730.3333333333333,33.44051111111111,18.6609404408955,1.0728,0.0,0.07144898176193237
1730.6666666666667,33.52235555555554,18.741441090242006,1.0748,0.0,0.07146082073450089
1731.0,33.60419999999999,18.821933554136194,1.0776000000000001,0.0,0.07145681232213974
1731.3333333333333,33.68604444444444,18.902427655120846,1.08,0.0,0.07146091759204865
1731.6666666666667,33.76788888888888,18.982920119015034,1.0828,0.0,0.07145721465349197
1732.0,33.849733333333326,19.06341094581876,1.0864,0.0,0.07143788039684296
1732.3333333333335,33.93157777777777,19.143901772622485,1.0884,0.0,0.0714503675699234
1732.6666666666665,34.01342222222222,19.2243975106976,1.09,0.0,0.07147082686424255
1733.0,34.09526666666666,19.30489161168225,1.0924,0.0,0.0714758038520813
1733.3333333333333,34.1771111111111,19.385390623938292,1.0948,0.0,0.07148092240095139
1733.6666666666667,34.258955555555545,19.465884724922944,1.0968,0.0,0.07149394601583481
1734.0,34.34079999999999,19.546372277545743,1.1,0.0,0.0714835450053215
1734.3333333333333,34.422644444444444,19.626861467259005,1.1028,0.0,0.07148107886314392
1734.6666666666667,34.504488888888886,19.70735229406273,1.1068,0.0,0.07145543396472931
1735.0,34.58633333333332,19.78784639504738,1.1088,0.0,0.07146880775690079
1735.3333333333333,34.668177777777764,19.868342133122496,1.112,0.0,0.0714590772986412
1735.6666666666665,34.75002222222221,19.94883295992622,1.1132,0.0,0.07148800045251846
1736.0,34.83186666666666,20.02932542382041,1.1156000000000001,0.0,0.0714937373995781
1736.3333333333335,34.9137111111111,20.10981952480506,1.1172,0.0,0.07151495665311813
1736.6666666666665,34.99555555555555,20.19030707742786,1.1196000000000002,0.0,0.07152071595191956
1737.0,35.0774,20.27081100095529,1.1228,0.0,0.07151111960411072
1737.3333333333333,35.15924444444444,20.351301827759016,1.1248,0.0,0.07152453064918518
1737.6666666666667,35.24108888888888,20.43179756583413,1.1280000000000001,0.0,0.0715150460600853
1738.0,35.32293333333332,20.512291666818783,1.1304,0.0,0.07152091711759567
1738.3333333333333,35.40477777777777,20.592775945260655,1.1348,0.0,0.07148898392915726
1738.6666666666667,35.486622222222216,20.673268409154844,1.1360000000000001,0.0,0.07151775807142258
1739.0,35.56846666666666,20.753757598868106,1.1380000000000001,0.0,0.0715312510728836
1739.3333333333333,35.6503111111111,20.834261522395536,1.1408,0.0,0.0715295746922493
1739.6666666666665,35.73215555555555,20.914747437927872,1.1436,0.0,0.07152792066335678
1740.0,35.81399999999999,20.995241538912524,1.1452,0.0,0.07154884189367294
1740.3333333333335,35.98615555555555,21.164555982977618,1.1516,0.0,0.0714799240231514
1740.6666666666667,36.158311111111104,21.333862241590396,1.1532,0.0,0.0715009942650795
1741.0,36.33046666666666,21.503173411474563,1.1560000000000001,0.0,0.07149966806173325
1741.3333333333333,36.502622222222215,21.672486218449194,1.1584,0.0,0.07150581479072571
1741.6666666666667,36.67477777777776,21.841808847966604,1.1620000000000001,0.0,0.0714898556470871
1742.0,36.846933333333325,22.01111346948892,1.1668,0.0,0.0714520812034607
1742.3333333333333,37.01908888888888,22.180429550644476,1.1700000000000002,0.0,0.07144399732351303
1742.6666666666667,37.19124444444443,22.349745631800033,1.1724,0.0,0.07145069539546967
1743.0,37.36339999999999,22.51906662422698,1.1736,0.0,0.07147935777902603
1743.3333333333335,37.535555555555554,22.688364697387442,1.1780000000000002,0.0,0.07144970446825027
1743.6666666666665,37.7077111111111,22.85767586727161,1.1812,0.0,0.07144217938184738
1744.0,37.87986666666666,23.026985400065314,1.1828,0.0,0.07146400213241577
1744.3333333333335,38.05202222222222,23.196303118311334,1.1848,0.0,0.07147867977619171
1744.6666666666667,38.22417777777777,23.365614288195502,1.1872,0.0,0.07148625701665878
1745.0,38.396333333333324,23.53492054680828,1.1884000000000001,0.0,0.07151573151350021
1745.3333333333333,38.56848888888888,23.704244813416153,1.1892,0.0,0.07155251502990723
1745.6666666666667,38.740644444444435,23.873554346209858,1.1916,0.0,0.07156041264533997
1746.0,38.91279999999999,24.04287370154634,1.1956,0.0,0.07153978943824768
1746.3333333333333,39.084955555555545,24.212183234340046,1.1968,0.0,0.07156996428966522
1746.6666666666667,39.2571111111111,24.38148294459097,1.1988,0.0,0.07158591598272324
1747.0,39.429266666666656,24.550803937017918,1.2012,0.0,0.07159491628408432
1747.3333333333335,39.60142222222221,24.72011838108301,1.2044000000000001,0.0,0.07158996909856796
1747.6666666666665,39.77357777777776,24.889431188057642,1.2076,0.0,0.0715852826833725
1748.0,39.94573333333333,25.058745632122736,1.2108,0.0,0.07158087193965912
1748.3333333333333,40.117888888888885,25.228053527825978,1.2124000000000001,0.0,0.07160517573356628
1748.6666666666667,40.29004444444443,25.397363060619682,1.2168,0.0,0.07157986611127853
1749.0,40.46219999999999,25.566682415956166,1.2188,0.0,0.0715973749756813
1749.3333333333333,40.63435555555555,25.735995222930796,1.2212,0.0,0.07160795480012894
1749.6666666666667,40.80651111111111,25.905298207362648,1.2236,0.0,0.0716187134385109
1750.0,40.978666666666655,26.07461101433728,1.2276,0.0,0.07160140573978424
1750.3333333333333,41.15082222222222,26.243932006764226,1.2296,0.0,0.0716194361448288
1750.6666666666665,41.32297777777777,26.413244813738856,1.2316,0.0,0.07163750380277634
1751.0,41.49513333333332,26.582551072351635,1.234,0.0,0.07164855301380157
1751.3333333333335,41.667288888888876,26.751868790597655,1.2376,0.0,0.07163868099451065
1751.6666666666665,41.83944444444444,26.921184871753212,1.2392,0.0,0.07166394591331482
1752.0,42.01159999999999,27.090497678727843,1.2436,0.0,0.07164040207862854
1752.3333333333333,42.18375555555554,27.25980884861201,1.2468000000000001,0.0,0.07163802534341812
1752.6666666666667,42.355911111111105,27.429111833043862,1.2504,0.0,0.07162895053625107
1753.0,42.52806666666666,27.598431188380346,1.252,0.0,0.07165466248989105
1753.3333333333333,42.70022222222221,27.767742358264513,1.2552,0.0,0.07165276259183884
1753.6666666666667,42.87237777777777,27.937056802329607,1.2572,0.0,0.07167162746191025
1754.0,43.04453333333333,28.106374520575628,1.2596,0.0,0.07168365269899368
1754.3333333333333,43.21668888888888,28.27567259373609,1.2636,0.0,0.07166830450296402
1754.6666666666665,43.38884444444444,28.44499031198211,1.2668000000000001,0.0,0.07166692614555359
1755.0,43.560999999999986,28.614314578589983,1.27,0.0,0.07166571915149689
1755.3333333333335,43.73315555555555,28.783619200112298,1.272,0.0,0.0716850683093071
1755.6666666666667,43.905311111111104,28.952930369996466,1.2736,0.0,0.07171125710010529
1756.0,44.07746666666665,29.12223499151878,1.2756,0.0,0.07173062860965729
1756.3333333333333,44.249622222222214,29.291559258126654,1.2804,0.0,0.07170255482196808
1756.6666666666667,44.42177777777777,29.46087042801082,1.2836,0.0,0.07170199602842331
1757.0,44.59393333333332,29.63019796879962,1.2868000000000002,0.0,0.07170161604881287
1757.3333333333333,44.76608888888887,29.79948949359823,1.2896,0.0,0.07170820236206055
1757.6666666666667,44.938244444444436,29.968803937663324,1.2928000000000002,0.0,0.07170827686786652
1758.0,45.1104,30.138121655909345,1.2944,0.0,0.07173532247543335
1758.3333333333335,45.28255555555554,30.307429551612586,1.2972000000000001,0.0,0.07174234092235565
1758.6666666666665,45.4547111111111,30.47674399567768,1.298,0.0,0.07178293913602829
1759.0,45.626866666666665,30.64604534301907,1.3016,0.0,0.07177671790122986
1759.3333333333335,45.79902222222221,30.815372883807868,1.3048,0.0,0.07177738845348358
1759.6666666666667,45.97117777777777,30.98468732787296,1.308,0.0,0.07177828997373581
1760.0,46.14333333333333,31.154001771938056,1.3124,0.0,0.07175949215888977
1760.3333333333333,46.31548888888888,31.323303119279444,1.3148,0.0,0.07177412509918213
1760.6666666666667,46.487644444444435,31.492614289163612,1.3164,0.0,0.07180207222700119
1761.0,46.65979999999999,31.66194182995241,1.3176,0.0,0.07183673977851868
1761.3333333333333,46.831955555555545,31.83123335475102,1.3196,0.0,0.07185817509889603
1761.6666666666667,47.0041111111111,32.00055434717797,1.3228,0.0,0.07185990363359451
1762.0,47.176266666666656,32.16986224288121,1.3268,0.0,0.07184863090515137
1762.3333333333335,47.34842222222221,32.3391766869463,1.3272000000000002,0.0,0.07189682126045227
1762.6666666666665,47.52057777777777,32.5085042277351,1.3292000000000002,0.0,0.07191867381334305
1763.0,47.69273333333333,32.67781539761927,1.3344,0.0,0.0718880370259285
1763.3333333333333,47.86488888888887,32.847110196598805,1.3376000000000001,0.0,0.07189048826694489
1763.6666666666667,48.03704444444444,33.01641809230205,1.3388,0.0,0.07192577421665192
1764.0,48.209199999999996,33.18574890727177,1.342,0.0,0.07192836701869965
1764.3333333333333,48.381355555555544,33.35505025461316,1.3456000000000001,0.0,0.07192462682723999
1764.6666666666667,48.5535111111111,33.52436142449733,1.3476000000000001,0.0,0.0719471424818039
1765.0,48.72566666666666,33.693672594381496,1.354,0.0,0.07189852744340897
1765.3333333333333,48.89782222222221,33.86299031262752,1.3588,0.0,0.0718763992190361
1765.6666666666665,49.069977777777765,34.03232112759724,1.3684,0.0,0.07177811115980148
1766.0,49.24213333333333,34.201629023300484,1.372,0.0,0.07177621126174927
1766.3333333333335,49.414288888888876,34.37092054809909,1.3772,0.0,0.07174915075302124
1766.6666666666665,49.58644444444443,34.54023499216419,1.3816000000000002,0.0,0.07173508405685425
1767.0,49.75859999999999,34.70955925877206,1.3864,0.0,0.07171516120433807
1767.3333333333333,49.93075555555556,34.87887697701808,1.3916000000000002,0.0,0.07168929278850555
1767.6666666666667,50.1029111111111,35.04817505017854,1.3944,0.0,0.07170113176107407
1768.0,50.27506666666666,35.21747639751993,1.3964,0.0,0.07172549515962601
1768.3333333333333,50.447222222222216,35.386800664127804,1.3984,0.0,0.07174987345933914
1768.6666666666667,50.61937777777777,35.556128204916604,1.4020000000000001,0.0,0.07174944132566452
1769.0,50.79153333333332,35.72543282643892,1.4064,0.0,0.07173682004213333
1769.3333333333333,50.96368888888888,35.894737447961234,1.4112,0.0,0.07171835750341415
1769.6666666666665,51.13584444444443,36.0640486178454,1.4136,0.0,0.07173701375722885
1770.0,51.30799999999999,36.23338270699605,1.4144,0.0,0.071780264377594
1770.3333333333335,51.48015555555555,36.402680780156516,1.4176,0.0,0.07178663462400436
1770.6666666666667,51.652311111111096,36.57198540167883,1.4204,0.0,0.07179928570985794
1771.0,51.82446666666666,36.74129329738207,1.4228,0.0,0.07181822508573532
1771.3333333333333,51.996622222222214,36.91062083817087,1.4288,0.0,0.07178235054016113
1771.6666666666667,52.16877777777776,37.079945104778744,1.4320000000000002,0.0,0.0717894658446312
1772.0,52.340933333333325,37.249243177939206,1.4372,0.0,0.0717664435505867
1772.3333333333333,52.51308888888889,37.41854125109967,1.4408,0.0,0.07176797091960907
1772.6666666666667,52.68524444444443,37.587852420983836,1.4428,0.0,0.07179374247789383
1773.0,52.85739999999999,37.75719633267727,1.4480000000000002,0.0,0.07177142053842545
1773.3333333333335,53.02955555555555,37.92648785747588,1.4508,0.0,0.07178545743227005
1773.6666666666665,53.2017111111111,38.09579575317912,1.4548,0.0,0.07178161293268204
1774.0,53.37386666666665,38.265116745606065,1.458,0.0,0.0717899277806282
1774.3333333333335,53.54602222222221,38.43444101221394,1.4628,0.0,0.07177463918924332
1774.6666666666667,53.71817777777777,38.60375545627903,1.4664000000000001,0.0,0.07177741825580597
1775.0,53.890333333333324,38.77306007780135,1.4704000000000002,0.0,0.071774423122406
1775.3333333333333,54.06248888888888,38.94236469932366,1.4752,0.0,0.07176012545824051
1775.6666666666667,54.23464444444444,39.11167586920783,1.4776,0.0,0.07178144156932831
1776.0,54.40679999999999,39.281006684177555,1.4824000000000002,0.0,0.07176759093999863
1776.3333333333333,54.578955555555545,39.45029493479524,1.4864000000000002,0.0,0.07176581025123596
1776.6666666666667,54.7511111111111,39.61961265304126,1.4904000000000002,0.0,0.071764275431633
1777.0,54.923266666666656,39.78892709710635,1.4928000000000001,0.0,0.0717862918972969
1777.3333333333335,55.095422222222204,39.95825463789515,1.4944000000000002,0.0,0.07182009518146515
1777.6666666666665,55.26757777777777,40.127569081960246,1.498,0.0,0.07182483375072479
1778.0,55.43973333333333,40.296870429301634,1.5036,0.0,0.07180081307888031
1778.3333333333333,55.61188888888888,40.46617177664302,1.5084,0.0,0.07178889960050583
1778.6666666666667,55.78404444444444,40.635496043250896,1.512,0.0,0.07179463654756546
1779.0,55.95619999999998,40.804807213135064,1.5172,0.0,0.07177767902612686
1779.3333333333333,56.12835555555555,40.97412165720016,1.5208000000000002,0.0,0.07178400456905365
1779.6666666666667,56.3005111111111,41.14343610126525,1.5236,0.0,0.07180205732584
1780.0,56.472666666666655,41.31273744860664,1.5264,0.0,0.07182028889656067
1780.3333333333333,56.64482222222222,41.48206498939544,1.5308000000000002,0.0,0.07181587815284729
1780.6666666666665,56.81697777777777,41.651379433460534,1.5352000000000001,0.0,0.0718117281794548
1781.0,56.989133333333314,41.8206906033447,1.5392000000000001,0.0,0.07181350141763687
1781.3333333333335,57.161288888888876,41.98998540232424,1.5412000000000001,0.0,0.07184379547834396
1781.6666666666665,57.333444444444446,42.159296572208405,1.5444,0.0,0.07185715436935425
1782.0,57.50559999999999,42.3286110162735,1.548,0.0,0.07186497002840042
1782.3333333333333,57.677755555555535,42.497922186157666,1.5508000000000002,0.0,0.07188419997692108
1782.6666666666667,57.849911111111105,42.667249726946466,1.5528000000000002,0.0,0.07191480696201324
1783.0,58.02206666666666,42.83655434846878,1.5568000000000002,0.0,0.07191725820302963
1783.3333333333333,58.19422222222221,43.005868792533875,1.5612000000000001,0.0,0.07191435247659683
1783.6666666666667,58.36637777777777,43.17519305914175,1.5656,0.0,0.07191167026758194
1784.0,58.538533333333326,43.34448785812128,1.5688,0.0,0.07192595303058624
1784.3333333333333,58.71068888888888,43.513805576367304,1.5724,0.0,0.07193475216627121
1784.6666666666665,58.88284444444443,43.68311674625147,1.5756000000000001,0.0,0.07194919884204865
1785.0,59.05499999999999,43.852421367773786,1.5776000000000001,0.0,0.07198034971952438
1785.3333333333335,59.227155555555555,44.02175218274351,1.5824,0.0,0.07197257876396179
1785.6666666666667,59.3993111111111,44.191066626808606,1.5868,0.0,0.07197052240371704
1786.0,59.57146666666665,44.360367974149995,1.5904,0.0,0.07197972387075424
1786.3333333333333,59.743622222222214,44.52967259567231,1.594,0.0,0.07198908925056458
1786.6666666666667,59.91577777777778,44.69899686228018,1.5968,0.0,0.07200956344604492
1787.0,60.087933333333325,44.868294935440645,1.6004,0.0,0.07201901078224182
1787.3333333333333,60.260088888888866,45.03761592786759,1.6032000000000002,0.0,0.07203949987888336
1787.6666666666667,60.432244444444436,45.206920549389906,1.606,0.0,0.07205993682146072
1788.0,60.6044,45.37622844509315,1.6084,0.0,0.07208584249019623
1788.3333333333335,60.77655555555554,45.545575630967505,1.6108,0.0,0.07211171090602875
1788.6666666666665,60.9487111111111,45.71488025248982,1.6144,0.0,0.07212113589048386
1789.0,61.12086666666666,45.88418814819306,1.6152,0.0,0.07216905057430267
1789.3333333333335,61.29302222222221,46.053492769715376,1.6188,0.0,0.07217864692211151
1789.6666666666667,61.46517777777776,46.22280721378047,1.622,0.0,0.0721939206123352
1790.0,61.63733333333333,46.392138028750196,1.6260000000000001,0.0,0.07219832390546799
1790.3333333333333,61.80948888888887,46.561429553548805,1.6312,0.0,0.07218657433986664
1790.6666666666667,61.981644444444434,46.73074072343297,1.6368,0.0,0.07216978818178177
1791.0,62.15379999999999,46.90005844167899,1.6400000000000001,0.0,0.07218576222658157
1791.3333333333333,62.325955555555545,47.07044026872609,1.6420000000000001,0.0,0.0722181648015976
1791.6666666666667,62.49811111111111,47.24259670183528,1.6440000000000001,0.0,0.07225070148706436
1792.0,62.670266666666656,47.41474003822077,1.6464,0.0,0.07227791100740433
1792.3333333333335,62.84242222222221,47.586886648787186,1.6508,0.0,0.07227831333875656
1792.6666666666665,63.01457777777776,47.75906272698194,1.6568,0.0,0.07225748896598816
1793.0,63.18673333333333,47.93121261172928,1.6612,0.0,0.07225865870714188
1793.3333333333333,63.358888888888885,48.10336249647662,1.6636000000000002,0.0,0.07228682935237885
1793.6666666666667,63.53104444444442,48.27551565540489,1.6676,0.0,0.07229378819465637
1794.0,63.70319999999999,48.44766554015223,1.6716,0.0,0.07230094820261002
1794.3333333333333,63.87535555555556,48.619848166708834,1.6756,0.0,0.07230831682682037
1794.6666666666667,64.04751111111109,48.79198495473247,1.6788,0.0,0.07232652604579926
1795.0,64.21966666666665,48.96413483947981,1.6804000000000001,0.0,0.07236617058515549
1795.3333333333333,64.39182222222222,49.13630764349364,1.6836,0.0,0.07238458096981049
1795.6666666666665,64.56397777777777,49.308450979879126,1.6876,0.0,0.07239250093698502
1796.0,64.73613333333331,49.48062378389295,1.6928,0.0,0.07238470762968063
1796.3333333333335,64.90828888888888,49.65275729773566,1.6952,0.0,0.07241415232419968
1796.6666666666665,65.08044444444444,49.82490063412115,1.6992,0.0,0.07242253422737122
1797.0,65.2526,49.99709963158239,1.7048,0.0,0.07241006940603256
1797.3333333333333,65.42475555555554,50.16923641960602,1.7068,0.0,0.07244516909122467
1797.6666666666667,65.5969111111111,50.34138303017244,1.7100000000000002,0.0,0.07246462255716324
1798.0,65.76906666666667,50.51353291491978,1.7144000000000001,0.0,0.07246856391429901
1798.3333333333333,65.94122222222221,50.68569917057175,1.7204000000000002,0.0,0.0724518820643425
1798.6666666666667,66.11337777777776,50.85788507130928,1.724,0.0,0.07246674597263336
1799.0,66.28553333333333,51.02999566588551,1.7292,0.0,0.07246103882789612
1799.3333333333333,66.45768888888888,51.20214555063285,1.7316,0.0,0.07249191403388977
1799.6666666666665,66.62984444444443,51.374318354646675,1.7368000000000001,0.0,0.07248671352863312
1800.0,66.80199999999999,51.54649443284143,1.7412,0.0,0.07249211519956589
1800.3333333333335,66.52118888888889,51.26564501551911,1.7456,0.0,0.07249779999256134
1800.6666666666667,66.24037777777778,50.98484798509162,1.7508000000000001,0.0,0.07249345630407333
1801.0,65.95956666666666,50.704050954664126,1.754,0.0,0.07251505553722382
1801.3333333333333,65.67875555555554,50.423224456608295,1.7584000000000002,0.0,0.07252147048711777
1801.6666666666667,65.39794444444443,50.14242087781895,1.7632,0.0,0.07252297550439835
1802.0,65.11713333333333,49.86162057321053,1.7656,0.0,0.0725552961230278
1802.3333333333333,64.83632222222221,49.58078752679285,1.7684000000000002,0.0,0.07258256524801254
1802.6666666666667,64.5555111111111,49.29997739964165,1.774,0.0,0.07257421314716339
1803.0,64.2747,49.019170546671376,1.78,0.0,0.07256127148866653
1803.3333333333335,63.99388888888889,48.73836041952018,1.7832000000000001,0.0,0.07258407771587372
1803.6666666666665,63.71307777777776,48.45755029236898,1.786,0.0,0.07261200994253159
1804.0,63.432266666666656,48.17674998776056,1.79,0.0,0.07262489199638367
1804.3333333333335,63.15145555555554,47.89593331224751,1.794,0.0,0.0726378783583641
1804.6666666666667,62.870644444444444,47.61511991091538,1.7952000000000001,0.0,0.07268627732992172
1805.0,62.58983333333333,47.33431305794511,1.8012000000000001,0.0,0.07267419993877411
1805.3333333333333,62.30902222222222,47.05349638243206,1.8052000000000001,0.0,0.0726875439286232
1805.6666666666667,62.0282111111111,46.776536692050286,1.8076,0.0,0.07272105664014816
1806.0,61.747399999999985,46.500372627633624,1.8112000000000001,0.0,0.07273945957422256
1806.3333333333333,61.46658888888888,46.224188918131404,1.8136,0.0,0.07277292758226395
1806.6666666666667,61.18577777777777,45.94801503117196,1.8196,0.0,0.07276128232479095
1807.0,60.90496666666666,45.671847692574374,1.824,0.0,0.072769895195961
1807.3333333333335,60.624155555555554,45.39567053143401,1.8268,0.0,0.07279861718416214
1807.6666666666665,60.34334444444444,45.11949009611271,1.8284,0.0,0.07284228503704071
1808.0,60.062533333333334,44.8433194833342,1.8304,0.0,0.07288095355033875
1808.3333333333333,59.78172222222221,44.567148870555684,1.8348,0.0,0.07288961857557297
1808.6666666666667,59.5009111111111,44.29097825777717,1.8396000000000001,0.0,0.07289337366819382
1809.0,59.22009999999999,44.01481419336051,1.8436000000000001,0.0,0.07290733605623245
1809.3333333333333,58.93928888888888,43.73864358058199,1.8492000000000002,0.0,0.07290168106555939
1809.6666666666667,58.658477777777776,43.46247296780348,1.8504,0.0,0.07295062392950058
1810.0,58.37766666666666,43.18629580666311,1.8568,0.0,0.07293519377708435
1810.3333333333333,58.09685555555554,42.91011864552274,1.8588,0.0,0.07297434657812119
1810.6666666666665,57.81604444444444,42.63393493602052,1.8628,0.0,0.07298914343118668
1811.0,57.53523333333332,42.35777414578479,1.8668,0.0,0.07300407439470291
1811.3333333333335,57.25442222222221,42.081593710463494,1.8708,0.0,0.0730191096663475
1811.6666666666665,56.973611111111104,41.805410000961274,1.874,0.0,0.0730440616607666
1812.0,56.69279999999999,41.52925903326832,1.8784,0.0,0.07305438816547394
1812.3333333333333,56.41198888888889,41.2530753237661,1.8832,0.0,0.07305999845266342
1812.6666666666667,56.13117777777778,40.97688834008295,1.8864,0.0,0.07308533787727356
1813.0,55.85036666666666,40.70072100148536,1.8916000000000002,0.0,0.07308627665042877
1813.3333333333333,55.569555555555546,40.424543840344995,1.8964,0.0,0.07309229671955109
1813.6666666666667,55.28874444444444,40.148360130842775,1.9024,0.0,0.07308388501405716
1814.0,55.00793333333333,39.87219606642611,1.9048,0.0,0.07311929017305374
1814.3333333333333,54.727122222222214,39.596028727828525,1.9076000000000002,0.0,0.07314982265233994
1814.6666666666665,54.4463111111111,39.31985156668816,1.9092,0.0,0.07319489866495132
1815.0,54.165499999999994,39.04367767972872,1.9140000000000001,0.0,0.07320114225149155
1815.3333333333335,53.88468888888888,38.76750051858835,1.9188,0.0,0.07320746034383774
1815.6666666666667,53.60387777777777,38.49132335744798,1.9224,0.0,0.0732283815741539
1816.0,53.32306666666666,38.21515929303132,1.9276000000000002,0.0,0.0732300728559494
1816.3333333333333,53.04225555555555,37.93898213189095,1.9296,0.0,0.07327036559581757
1816.6666666666667,52.76144444444444,37.66281151911244,1.9320000000000002,0.0,0.07330577075481415
1817.0,52.48063333333332,37.3866507288767,1.9356,0.0,0.07332669943571091
1817.3333333333333,52.19982222222222,37.11046701937448,1.9416,0.0,0.07331883907318115
1817.6666666666667,51.919011111111104,36.83429313241504,1.9452,0.0,0.07333996891975403
1818.0,51.6382,36.55812579381745,1.9480000000000002,0.0,0.07337067276239395
1818.3333333333335,51.357388888888885,36.28195190685801,1.9524000000000001,0.0,0.07338215410709381
1818.6666666666665,51.07657777777777,36.00575837481301,1.9560000000000002,0.0,0.0734032467007637
1819.0,50.795766666666665,35.72960740712006,1.9620000000000002,0.0,0.07339569181203842
1819.3333333333335,50.514955555555545,35.45341387507506,1.9660000000000002,0.0,0.07341212034225464
1819.6666666666667,50.23414444444444,35.17724326229654,1.9704000000000002,0.0,0.073423832654953
1820.0,49.95333333333332,34.90108574624173,1.9740000000000002,0.0,0.07344511896371841
1820.3333333333333,49.67252222222222,34.62490203673951,1.9788000000000001,0.0,0.07345220446586609
1820.6666666666667,49.39171111111111,34.34871832723729,1.9816,0.0,0.07348304241895676
1821.0,49.1109,34.07255426282063,1.984,0.0,0.07351861149072647
1821.3333333333333,48.83008888888889,33.79636400495656,1.9868000000000001,0.0,0.07354947924613953
1821.6666666666667,48.549277777777775,33.52019011799712,1.9896,0.0,0.07358041405677795
1822.0,48.26846666666666,33.24402932776138,1.9936,0.0,0.0735972449183464
1822.3333333333335,47.98765555555555,32.96784889244009,1.9952,0.0,0.0736425518989563
1822.6666666666665,47.706844444444435,32.69167173129972,2.0020000000000002,0.0,0.07362636178731918
1823.0,47.42603333333332,32.415510941063985,2.0048,0.0,0.07365748286247253
1823.3333333333333,47.14522222222222,32.139327231561765,2.0076,0.0,0.07368858903646469
1823.6666666666667,46.86441111111111,31.86315661878325,2.012,0.0,0.07370088249444962
1824.0,46.5836,31.58699255436659,2.0168,0.0,0.07370860874652863
1824.3333333333333,46.302788888888884,31.31081539322622,2.0212,0.0,0.07372112572193146
1824.6666666666667,46.02197777777777,31.034654602990486,2.0248,0.0,0.07374311983585358
1825.0,45.74116666666666,30.758480716031045,2.0288,0.0,0.07376043498516083
1825.3333333333333,45.46035555555555,30.482297006528825,2.0332,0.0,0.07377315312623978
1825.6666666666665,45.17954444444444,30.20612639375031,2.0352,0.0,0.07381395250558853
1826.0,44.89873333333333,29.929949232609943,2.0380000000000003,0.0,0.07384540885686874
1826.3333333333335,44.61792222222222,29.653778619831428,2.0424,0.0,0.07385819405317307
1826.6666666666665,44.337111111111106,29.377608007052913,2.0476,0.0,0.07386176288127899
1827.0,44.05629999999999,29.101434120093472,2.0524,0.0,0.0738702043890953
1827.3333333333333,43.77548888888888,28.825250410591252,2.0556,0.0,0.0738973394036293
1827.6666666666667,43.494677777777774,28.549079797812738,2.0612,0.0,0.073896624147892
1828.0,43.21386666666666,28.272915733396076,2.0660000000000003,0.0,0.07390539348125458
1828.3333333333333,42.933055555555555,27.996732023893856,2.0696,0.0,0.07392814010381699
1828.6666666666667,42.65224444444444,27.720554862753488,2.0732,0.0,0.07395104318857193
1829.0,42.37143333333333,27.444385887065437,2.0764,0.0,0.07397852838039398
1829.3333333333333,42.090622222222215,27.168202177563217,2.0824000000000003,0.0,0.07397398352622986
1829.6666666666665,41.80981111111111,26.892028290603776,2.0876,0.0,0.07397881150245667
1830.0,41.528999999999996,26.615860952006187,2.0940000000000003,0.0,0.0739700123667717
1830.3333333333335,41.24818888888888,26.339691976318136,2.0964,0.0,0.07400708645582199
1830.6666666666667,40.96737777777777,26.063508266815916,2.0996,0.0,0.0740349143743515
1831.0,40.68656666666666,25.787334379856475,2.1024000000000003,0.0,0.07406722009181976
1831.3333333333333,40.40575555555555,25.511155581625644,2.1064000000000003,0.0,0.0740857720375061
1831.6666666666667,40.12494444444444,25.23498496884713,2.1088,0.0,0.07412254065275192
1832.0,39.84413333333333,24.958824178611394,2.1104000000000003,0.0,0.07416835427284241
1832.3333333333333,39.56332222222222,24.682645380380563,2.112,0.0,0.07421410083770752
1832.6666666666667,39.282511111111106,24.406471493421122,2.1148000000000002,0.0,0.07424602657556534
1833.0,39.00169999999999,24.130299243552145,2.1176,0.0,0.07427790760993958
1833.3333333333335,38.72088888888889,23.854122082411777,2.1224000000000003,0.0,0.0742868110537529
1833.6666666666665,38.44007777777777,23.577956380904652,2.1296,0.0,0.07426842302083969
1834.0,38.15926666666666,23.30178249394521,2.1324,0.0,0.07430026680231094
1834.3333333333335,37.878455555555554,23.025611881166697,2.1364,0.0,0.07431843131780624
1834.6666666666667,37.59764444444444,22.749433082935866,2.1408,0.0,0.07433207333087921
1835.0,37.31683333333333,22.473260833066888,2.144,0.0,0.07435935735702515
1835.3333333333333,37.036022222222215,22.19707384938374,2.1472,0.0,0.0743865817785263
1835.6666666666667,36.75521111111111,21.920908147876617,2.1524,0.0,0.07439112663269043
1836.0,36.474399999999996,21.644739172188565,2.1568,0.0,0.07440482079982758
1836.3333333333333,36.19358888888888,21.368565285229124,2.1616,0.0,0.07441400736570358
1836.6666666666667,35.91277777777777,21.092386486998294,2.168,0.0,0.07440522313117981
1837.0,35.63196666666667,20.816214237129316,2.172,0.0,0.07442358136177063
1837.3333333333335,35.35115555555555,20.540035438898485,2.1756,0.0,0.07444648444652557
1837.6666666666665,35.070344444444444,20.263861551939044,2.18,0.0,0.07446051388978958
1838.0,34.78953333333333,19.987692576250993,2.184,0.0,0.07447906583547592
1838.3333333333333,34.50872222222222,19.711520326382015,2.1868000000000003,0.0,0.0745111033320427
1838.6666666666667,34.227911111111105,19.435346439422574,2.1928,0.0,0.07450742274522781
1839.0,33.94709999999999,19.159177463734522,2.198,0.0,0.07451294362545013
1839.3333333333333,33.666288888888886,18.882993754232302,2.2032000000000003,0.0,0.07451868802309036
1839.6666666666667,33.38547777777777,18.606823141453788,2.2092,0.0,0.07451576739549637
1840.0,33.10466666666667,18.3306558028562,2.2132,0.0,0.07453517615795135
1840.3333333333333,32.823855555555554,18.05448191589676,2.218,0.0,0.07454580813646317
1840.6666666666665,32.54304444444444,17.778303117665928,2.2208,0.0,0.07457859069108963
1841.0,32.26223333333333,17.502124319435097,2.2244,0.0,0.07460252940654755
1841.3333333333335,31.98142222222222,17.225953706656583,2.2272000000000003,0.0,0.07463531196117401
1841.6666666666665,31.700611111111108,16.949781456787605,2.2304,0.0,0.07466360181570053
1842.0,31.41979999999999,16.67361084400909,2.2352000000000003,0.0,0.07467424124479294
1842.3333333333333,31.138988888888885,16.397435319959186,2.2392000000000003,0.0,0.07469365000724792
1842.6666666666667,30.858177777777776,16.121261432999745,2.2432000000000003,0.0,0.07471305876970291
1843.0,30.577366666666663,15.84508590894984,2.2464,0.0,0.07474122941493988
1843.3333333333333,30.296555555555553,15.56891693326179,2.2508,0.0,0.07475615292787552
1843.6666666666667,30.01574444444444,15.292738135030959,2.2556000000000003,0.0,0.07476669549942017
1844.0,29.73493333333333,15.016569159342907,2.2576,0.0,0.07480794936418533
1844.3333333333333,29.454122222222214,14.74039199820254,2.2608,0.0,0.0748358741402626
1844.6666666666665,29.173311111111108,14.464221385424025,2.2648,0.0,0.07485491037368774
1845.0,28.8925,14.188042587193195,2.2692,0.0,0.07486944645643234
1845.3333333333335,28.61168888888888,13.911870337324217,2.2712000000000003,0.0,0.07491014897823334
1845.6666666666667,28.330877777777772,13.635696450364776,2.2752,0.0,0.07492879033088684
1846.0,28.050066666666666,13.359522563405335,2.2808,0.0,0.0749298632144928
1846.3333333333333,27.769255555555556,13.083348676445894,2.2848,0.0,0.07494848221540451
1846.6666666666667,27.48844444444444,12.80717806366738,2.2912,0.0,0.07494097203016281
1847.0,27.20763333333333,12.531005813798402,2.2936,0.0,0.07497699558734894
1847.3333333333333,26.92682222222222,12.254831108293729,2.2976,0.0,0.0749954953789711
1847.6666666666667,26.646011111111108,11.978657221334288,2.3008,0.0,0.07502257078886032
1848.0,26.365199999999994,11.702482515829615,2.3040000000000003,0.0,0.07504953444004059
1848.3333333333335,26.084388888888885,11.426307810324943,2.3088,0.0,0.07505901902914047
1848.6666666666665,25.80357777777778,11.150133923365502,2.3128,0.0,0.075077123939991
1849.0,25.522766666666662,10.87396494767745,2.3168,0.0,0.07509520649909973
1849.3333333333335,25.241955555555553,10.597787786537083,2.3200000000000003,0.0,0.0751219093799591
1849.6666666666667,24.961144444444443,10.321612262487179,2.3224,0.0,0.07515724003314972
1850.0,24.68033333333333,10.045440831163432,2.3252,0.0,0.07518814504146576
1850.3333333333333,24.39952222222222,9.769263670023065,2.3288,0.0,0.07521030306816101
1850.6666666666667,24.11871111111111,9.493094694335014,2.3328,0.0,0.07522802799940109
1851.0,23.837899999999994,9.216922444466036,2.3360000000000003,0.0,0.07525430619716644
1851.3333333333333,23.557088888888888,8.940744464780437,2.3388,0.0,0.07528481632471085
1851.6666666666667,23.276277777777775,8.66457303345669,2.3448,0.0,0.07528071850538254
1852.0,22.995466666666665,8.483031160722021,2.3488,0.0,0.07529820501804352
1852.3333333333335,22.71465555555555,8.347805851371959,2.3516,0.0,0.07532854378223419
1852.6666666666665,22.433844444444443,8.21258217911236,2.3560000000000003,0.0,0.07534154504537582
1853.0,22.153033333333333,8.077355232671835,2.3588,0.0,0.07537166774272919
1853.3333333333333,21.872222222222216,7.9421356531383935,2.3648000000000002,0.0,0.07536733895540237
1853.6666666666667,21.591411111111107,7.806908706697868,2.3692,0.0,0.07538018375635147
1854.0,21.310599999999997,7.671685852983501,2.3728000000000002,0.0,0.07540153712034225
1854.3333333333333,21.02978888888889,7.536458087997744,2.378,0.0,0.07540569454431534
1854.6666666666667,20.748977777777775,7.40123687137384,2.3816,0.0,0.07542687654495239
1855.0,20.468166666666665,7.266013199114241,2.3848000000000003,0.0,0.07545217871665955
1855.3333333333333,20.187355555555552,7.130786252673715,2.3904,0.0,0.0754518136382103
1855.6666666666665,19.90654444444444,6.99556421750458,2.3972,0.0,0.07543878257274628
1856.0,19.62573333333333,6.860338908154517,2.3992,0.0,0.07547670602798462
1856.3333333333335,19.34492222222222,6.725115235894918,2.4024,0.0,0.07550173997879028
1856.6666666666665,19.06411111111111,6.589892382180551,2.406,0.0,0.07552244514226913
1857.0,18.783299999999997,6.454668709920952,2.412,0.0,0.07551761716604233
1857.3333333333333,18.502488888888887,6.3194401263899636,2.4148,0.0,0.07554659247398376
1857.6666666666667,18.221677777777778,6.184217272675596,2.4192,0.0,0.07555855810642242
1858.0,17.94086666666666,6.048992781870766,2.4244000000000003,0.0,0.0755620077252388
1858.3333333333333,17.660055555555555,5.913769109611167,2.4296,0.0,0.0755654126405716
1858.6666666666667,17.379244444444446,5.778543390988489,2.4324,0.0,0.07559400051832199
1859.0,17.09843333333333,5.643321355819353,2.4368000000000003,0.0,0.07560569047927856
1859.3333333333333,16.817622222222216,5.508095227924059,2.4412000000000003,0.0,0.07561738044023514
1859.6666666666665,16.53681111111111,5.372871146391844,2.4452000000000003,0.0,0.0756332203745842
1860.0,16.256,5.237648701950093,2.4488000000000003,0.0,0.07565311342477798
1860.3333333333335,16.205199999999998,5.213184840613394,2.452,0.0,0.07567721605300903
1860.6666666666667,16.1544,5.188721797821927,2.4564,0.0,0.0756886750459671
1861.0,16.103600000000004,5.164259982848307,2.4572000000000003,0.0,0.07573767751455307
1861.3333333333333,16.052799999999998,5.139795712238993,2.4612000000000003,0.0,0.07575306296348572
1861.6666666666667,16.002,5.115335534355836,2.4652000000000003,0.0,0.07576841861009598
1862.0,15.951199999999998,5.090874537927448,2.4712,0.0,0.07576290518045425
1862.3333333333333,15.9004,5.0664098580455175,2.4748,0.0,0.07578246295452118
1862.6666666666667,15.849600000000002,5.041945996708819,2.4784,0.0,0.07580198347568512
1863.0,15.798800000000002,5.0174829539173516,2.4832,0.0,0.07580902427434921
1863.3333333333335,15.748000000000001,4.993021957488963,2.4872,0.0,0.07582437992095947
1863.6666666666665,15.697199999999999,4.968557277607033,2.492,0.0,0.07583141326904297
1864.0,15.646399999999998,4.944095871906029,2.4964,0.0,0.07584255188703537
1864.3333333333335,15.5956,4.919635284750257,2.5020000000000002,0.0,0.07584129273891449
1864.6666666666667,15.544799999999999,4.895169377050479,2.5048,0.0,0.07586894184350967
1865.0,15.494000000000002,4.870706743531628,2.508,0.0,0.075892373919487
1865.3333333333333,15.443200000000001,4.846245747103239,2.5128,0.0,0.07589921355247498
1865.6666666666667,15.3924,4.8217822950391565,2.5140000000000002,0.0,0.07594310492277145
1866.0,15.341600000000001,4.7973188429750735,2.5192,0.0,0.07594570517539978
1866.3333333333333,15.290799999999999,4.772857846546685,2.5232,0.0,0.0759606882929802
1866.6666666666667,15.24,4.748393575937371,2.5276,0.0,0.07597152888774872
1867.0,15.1892,4.723930533145904,2.5316,0.0,0.07598648220300674
1867.3333333333335,15.138399999999999,4.699469536717515,2.5368,0.0,0.07598915696144104
1867.6666666666665,15.087600000000002,4.675004856835585,2.5412,0.0,0.07600002735853195
1868.0,15.036800000000001,4.650543041861965,2.5452,0.0,0.07601497322320938
1868.3333333333333,14.986,4.6260812268883456,2.5488,0.0,0.07603397220373154
1868.6666666666667,14.9352,4.601617774824263,2.5512,0.0,0.07606516033411026
1869.0,14.8844,4.577156369123259,2.5552,0.0,0.07607999444007874
1869.3333333333333,14.833599999999999,4.5526912799687125,2.5584000000000002,0.0,0.07610294967889786
1869.6666666666667,14.7828,4.528229055722477,2.564,0.0,0.07610143721103668
1870.0,14.732000000000001,4.503768059294089,2.5664000000000002,0.0,0.07613252103328705
1870.3333333333333,14.6812,4.479303788684774,2.5696000000000003,0.0,0.07615543156862259
1870.6666666666665,14.630400000000002,4.454841564438539,2.5716,0.0,0.0761905089020729
1871.0,14.579600000000001,4.430379749464919,2.5752,0.0,0.07620925456285477
1871.3333333333335,14.5288,4.405917525218683,2.5788,0.0,0.07622797042131424
1871.6666666666665,14.478,4.381454891699832,2.5848,0.0,0.07622229307889938
1872.0,14.4272,4.356993485998828,2.5900000000000003,0.0,0.07622482627630234
1872.3333333333333,14.3764,4.332528806116898,2.5932,0.0,0.07624755054712296
1872.6666666666667,14.325600000000001,4.308065354052815,2.5968,0.0,0.07626615464687347
1873.0,14.2748,4.2836043576244265,2.5988,0.0,0.07630082964897156
1873.3333333333333,14.223999999999998,4.259140496287728,2.6028000000000002,0.0,0.07631511241197586
1873.6666666666667,14.173199999999998,4.234679090586724,2.6076,0.0,0.07632129639387131
1874.0,14.1224,4.210216457067872,2.612,0.0,0.07633146643638611
1874.3333333333333,14.0716,4.185753005003789,2.6156,0.0,0.07634969055652618
1874.6666666666665,14.0208,4.1612895529397065,2.6176,0.0,0.07638388127088547
1875.0,13.97,4.136825282330392,2.6208,0.0,0.07640586048364639
1875.3333333333335,13.919200000000002,4.112363467356772,2.6248,0.0,0.07641974836587906
1875.6666666666667,13.868400000000001,4.087903698746231,2.6268000000000002,0.0,0.07645360380411148
1876.0,13.817600000000002,4.063438609591685,2.628,0.0,0.07649532705545425
1876.3333333333333,13.7668,4.038977613163297,2.6324,0.0,0.07650463283061981
1876.6666666666667,13.716,4.014512933281367,2.636,0.0,0.0765218436717987
1877.0,13.6652,3.9900539832160575,2.6396,0.0,0.07653895765542984
1877.3333333333333,13.6144,3.9655884847888956,2.6428000000000003,0.0,0.07655993103981018
1877.6666666666667,13.563600000000001,3.9411258512700442,2.6448,0.0,0.07659280300140381
1878.0,13.5128,3.916663217751193,2.648,0.0,0.0766134113073349
1878.3333333333335,13.462,3.8922005842323415,2.6508000000000003,0.0,0.07663802802562714
1878.6666666666665,13.411200000000001,3.867735904350411,2.6552000000000002,0.0,0.07664655894041061
1879.0,13.3604,3.843274498649407,2.658,0.0,0.07667107880115509
1879.3333333333335,13.3096,3.818813911493635,2.6632000000000002,0.0,0.07667150348424911
1879.6666666666667,13.2588,3.794350050156936,2.666,0.0,0.07669595628976822
1880.0,13.208,3.7698882351833163,2.6696,0.0,0.07671227306127548
1880.3333333333333,13.1572,3.7454239645740017,2.6736,0.0,0.07672448456287384
1880.6666666666667,13.1064,3.7209609217825346,2.6756,0.0,0.07675659656524658
1881.0,13.0556,3.6964995160815306,2.68,0.0,0.07676462829113007
1881.3333333333333,13.004800000000001,3.6720368825626792,2.6808,0.0,0.07680860161781311
1881.6666666666667,12.954,3.6475726119533647,2.6856,0.0,0.0768124982714653
1882.0,12.9032,3.623110387707129,2.688,0.0,0.07684022933244705
1882.3333333333335,12.852400000000001,3.598647344915662,2.692,0.0,0.07685188949108124
1882.6666666666665,12.801600000000002,3.5741847113968106,2.6952000000000003,0.0,0.07687141746282578
1883.0,12.7508,3.5497220778779592,2.698,0.0,0.0768948495388031
1883.3333333333333,12.700000000000001,3.5252602629043395,2.7012,0.0,0.0769142210483551
1883.6666666666667,12.649199999999999,3.5007984479307197,2.7044,0.0,0.07693344354629517
1884.0,12.5984,3.4763358144118683,2.7064,0.0,0.07696450501680374
1884.3333333333333,12.547600000000001,3.451873180893017,2.7084,0.0,0.07699544727802277
1884.6666666666667,12.4968,3.427409728828934,2.7108000000000003,0.0,0.0770222395658493
1885.0,12.446,3.4029475045826985,2.714,0.0,0.07704107463359833
1885.3333333333333,12.3952,3.3784838478823076,2.7192000000000003,0.0,0.07704001665115356
1885.6666666666665,12.3444,3.3540208050908404,2.7228000000000003,0.0,0.07705487310886383
1886.0,12.2936,3.3295598086624523,2.7296,0.0,0.07703792303800583
1886.3333333333335,12.242799999999999,3.3050955380531377,2.7332,0.0,0.0770527720451355
1886.6666666666665,12.192,3.2806329045342864,2.7372,0.0,0.07706361263990402
1887.0,12.141200000000001,3.256171908105898,2.7416,0.0,0.07707049697637558
1887.3333333333333,12.0904,3.2317074328602757,2.742,0.0,0.07711684703826904
1887.6666666666667,12.039600000000002,3.2072450039777323,2.7444,0.0,0.07714333385229111
1888.0,11.988800000000001,3.182783802913036,2.7464,0.0,0.07717370241880417
1888.3333333333333,11.938,3.158320555485261,2.7496,0.0,0.07719212025403976
1888.6666666666667,11.887199999999998,3.1338568987848703,2.7512000000000003,0.0,0.07722630351781845
1889.0,11.836400000000001,3.1093948791749426,2.7548,0.0,0.07724066078662872
1889.3333333333333,11.7856,3.0849318363834755,2.7584,0.0,0.07725505530834198
1889.6666666666665,11.7348,3.0604700214098557,2.7612,0.0,0.07727740705013275
1890.0,11.684000000000001,3.0360069786183885,2.7628,0.0,0.07731153070926666
1890.3333333333335,11.6332,3.0115437311906135,2.7656,0.0,0.07733375579118729
1890.6666666666667,11.582400000000002,2.9870804837628384,2.7688,0.0,0.07735196501016617
1891.0,11.5316,2.9626184641529107,2.7704,0.0,0.07738587260246277
1891.3333333333333,11.480799999999999,2.9381554213614436,2.7748,0.0,0.07739204913377762
1891.6666666666667,11.430000000000001,2.913693401751516,2.782,0.0,0.0773707777261734
1892.0,11.3792,2.8892305635963567,2.7856,0.0,0.07738498598337173
1892.3333333333333,11.3284,2.8647675208048895,2.7884,0.0,0.07740700989961624
1892.6666666666667,11.2776,2.840304887286038,2.7928,0.0,0.07741324603557587
1893.0,11.2268,2.8158422537671868,2.798,0.0,0.07741174101829529
1893.3333333333335,11.176,2.7913796202483354,2.8004000000000002,0.0,0.07743773609399796
1893.6666666666665,11.1252,2.7669173960021,2.8032,0.0,0.07745973020792007
1894.0,11.0744,2.742454148574325,2.8064,0.0,0.07747764140367508
1894.3333333333335,11.023600000000002,2.717992128964397,2.8084000000000002,0.0,0.0775071531534195
1894.6666666666667,10.972800000000001,2.6935303139907774,2.81,0.0,0.07754043489694595
1895.0,10.922,2.6690662480177707,2.8128,0.0,0.07756180316209793
1895.3333333333333,10.871200000000002,2.6446034098626114,2.8172,0.0,0.07756739854812622
1895.6666666666667,10.8204,2.6201417995252996,2.8184,0.0,0.0776042640209198
1896.0,10.769599999999999,2.595677938188601,2.8200000000000003,0.0,0.07763701677322388
1896.3333333333333,10.7188,2.5712153046697495,2.8232,0.0,0.0776538997888565
1896.6666666666667,10.668000000000001,2.546752671150898,2.8276000000000003,0.0,0.07765889912843704
1897.0,10.6172,2.522289219086815,2.83,0.0,0.07768338918685913
1897.3333333333335,10.566400000000002,2.4978265855679638,2.8328,0.0,0.07770398259162903
1897.6666666666665,10.5156,2.47336517986696,2.8356000000000003,0.0,0.0777244046330452
1898.0,10.464800000000002,2.4489025463481084,2.838,0.0,0.07774855941534042
1898.3333333333333,10.414,2.4244390942840255,2.8408,0.0,0.07776865363121033
1898.6666666666667,10.363199999999999,2.399976460765174,2.8444000000000003,0.0,0.07778086513280869
1899.0,10.3124,2.3755140318826307,2.8476000000000004,0.0,0.07779689878225327
1899.3333333333333,10.261600000000001,2.3510511937274714,2.8520000000000003,0.0,0.07780124992132187
1899.6666666666667,10.2108,2.32658856020862,2.8544,0.0,0.07782503962516785
1900.0,10.16,2.3021265405986924,2.8568000000000002,0.0,0.0778486579656601
1900.3333333333333,10.109200000000001,2.2776626792619936,2.8584,0.0,0.0778799057006836
1900.6666666666665,10.058399999999999,2.253200659652066,2.8612,0.0,0.077899269759655
1901.0,10.0076,2.2287380261332146,2.8640000000000003,0.0,0.07791848480701447
1901.3333333333335,9.9568,2.2042747787054395,2.8680000000000003,0.0,0.07792594283819199
1901.6666666666665,9.906,2.179812759095512,2.8728000000000002,0.0,0.07792556285858154
1902.0,9.855200000000002,2.1553497163040447,2.8796,0.0,0.07790573686361313
1902.3333333333333,9.804400000000001,2.130887696694117,2.8828,0.0,0.07792076468467712
1902.6666666666667,9.7536,2.106424858538958,2.8852,0.0,0.07794337719678879
1903.0,9.7028,2.0819620203837985,2.8892,0.0,0.07795035094022751
1903.3333333333333,9.652,2.0574989775923314,2.8928000000000003,0.0,0.07796113938093185
1903.6666666666667,9.6012,2.0330371626187116,2.8972,0.0,0.07796413451433182
1904.0,9.5504,2.0085741198272444,2.9012000000000002,0.0,0.07797093689441681
1904.3333333333333,9.499600000000001,1.9841108723994694,2.9072,0.0,0.07795843482017517
1904.6666666666665,9.448800000000002,1.9596478296080022,2.9116,0.0,0.07796131074428558
1905.0,9.398,1.9351864239069982,2.914,0.0,0.07798335701227188
1905.3333333333335,9.3472,1.910723585751839,2.9176,0.0,0.07799386978149414
1905.6666666666667,9.296400000000002,1.8862605429603718,2.9212000000000002,0.0,0.0780043974518776
1906.0,9.2456,1.8617983187141363,2.9216,0.0,0.0780455693602562
1906.3333333333333,9.1948,1.8373342527411296,2.9228,0.0,0.07807900756597519
1906.6666666666667,9.144000000000002,1.8128718238585861,2.9252000000000002,0.0,0.07810082286596298
1907.0,9.0932,1.7884100088849664,2.9292000000000002,0.0,0.07810717821121216
1907.3333333333333,9.0424,1.7639465568208834,2.9308,0.0,0.07813651114702225
1907.6666666666667,8.9916,1.7394847418472636,2.9328000000000003,0.0,0.07816193252801895
1908.0,8.940800000000001,1.7150221083284123,2.9344,0.0,0.07819114625453949
1908.3333333333335,8.89,1.6905588609006372,2.9384,0.0,0.07819723337888718
1908.6666666666665,8.8392,1.6660963296999398,2.9424,0.0,0.07820331305265427
1909.0,8.7884,1.6416332869084727,2.9456,0.0,0.07821706682443619
1909.3333333333335,8.737600000000002,1.6171707557077752,2.95,0.0,0.07821933180093765
1909.6666666666667,8.6868,1.59270801987077,2.9536000000000002,0.0,0.07822929322719574
1910.0,8.636000000000001,1.5682458979426883,2.9584,0.0,0.07822785526514053
1910.3333333333333,8.5852,1.5437822412422975,2.96,0.0,0.07825708389282227
1910.6666666666667,8.5344,1.519319914677908,2.9636,0.0,0.0782671868801117
1911.0,8.483600000000001,1.4948579973861342,2.968,0.0,0.07826969772577286
1911.3333333333333,8.4328,1.4703946476402052,2.9712,0.0,0.07828361541032791
1911.6666666666667,8.382000000000001,1.4459322187576618,2.9732000000000003,0.0,0.07830891758203506
1912.0,8.3312,1.4214700968295801,2.9748,0.0,0.07833793759346008
1912.3333333333335,8.2804,1.397006951719959,2.978,0.0,0.07835167646408081
1912.6666666666665,8.2296,1.3725433973377221,2.9796,0.0,0.07838074117898941
1913.0,8.178800000000003,1.3480814800459484,2.9832,0.0,0.07839073240756989
1913.3333333333333,8.128,1.323618846527097,2.9852000000000003,0.0,0.0784158855676651
1913.6666666666667,8.0772,1.2991561106900917,2.9876,0.0,0.07843721657991409
1914.0,8.0264,1.2746930678986246,2.9904,0.0,0.07845465838909149
1914.3333333333333,7.975599999999999,1.2502305366979272,2.9924,0.0,0.07847964018583298
1914.6666666666667,7.924800000000001,1.2257681078153837,2.9964,0.0,0.07848552614450455
1915.0,7.8740000000000006,1.2013050650239165,2.998,0.0,0.07851415127515793
1915.3333333333333,7.823200000000001,1.1768423291869112,3.0008000000000004,0.0,0.07853127270936966
1915.6666666666665,7.772399999999999,1.1523800026225217,3.0032,0.0,0.07855208218097687
1916.0,7.7216000000000005,1.1279167551947467,3.0052000000000003,0.0,0.07857655733823776
1916.3333333333335,7.670800000000001,1.103454633266665,3.008,0.0,0.07859326899051666
1916.6666666666665,7.620000000000001,1.078991488157044,3.0124,0.0,0.07859468460083008
1917.0,7.5691999999999995,1.0545293662289623,3.0136000000000003,0.0,0.0786263719201088
1917.3333333333333,7.518400000000001,1.030066630391957,3.0176000000000003,0.0,0.07863134145736694
1917.6666666666667,7.467600000000001,1.005603382964182,3.0216000000000003,0.0,0.07863621413707733
1918.0,7.416799999999999,0.9811409540816385,3.0248,0.0,0.07864852994680405
1918.3333333333333,7.3660000000000005,0.956678525199095,3.0264,0.0,0.07867588847875595
1918.6666666666667,7.315200000000001,0.9322159939983976,3.0300000000000002,0.0,0.07868418842554092
1919.0,7.264400000000001,0.9077532581613923,3.0340000000000003,0.0,0.0786886215209961
1919.3333333333333,7.2136,0.883290522324387,3.0384,0.0,0.07868915051221848
1919.6666666666665,7.162800000000001,0.8588279911236896,3.0424,0.0,0.07869331538677216
1920.0,7.112000000000001,0.8343650506503764,3.0452000000000004,0.0,0.07870864123106003
1920.3333333333333,7.103533333333335,0.8302879791699525,3.0496000000000003,0.0,0.07870890200138092
1920.6666666666667,7.095066666666668,0.8262108565304516,3.0552,0.0,0.07869783043861389
1921.0,7.086600000000001,0.8221338873681816,3.0572000000000004,0.0,0.07872047275304794
1921.3333333333335,7.0781333333333345,0.8180565089332958,3.0616000000000003,0.0,0.07872045785188675
1921.6666666666667,7.069666666666667,0.813979232816564,3.0644,0.0,0.0787353441119194
1922.0,7.061200000000001,0.809902468290602,3.0672,0.0,0.07875007390975952
1922.3333333333335,7.052733333333334,0.8058250386966392,3.0688,0.0,0.07877596467733383
1922.6666666666667,7.044266666666669,0.8017483764888311,3.0732,0.0,0.07877551764249802
1922.9999999999998,7.035800000000002,0.7976709468948684,3.0748,0.0,0.07880128920078278
1923.3333333333335,7.027333333333335,0.7935938754144445,3.0748,0.0,0.07884212583303452
1923.6666666666665,7.018866666666667,0.7895170597294054,3.0756,0.0,0.07887539267539978
1924.0000000000002,7.0104,0.7854397836126736,3.0780000000000003,0.0,0.07889362424612045
1924.3333333333335,7.001933333333334,0.7813625586550188,3.0788,0.0,0.07892689853906631
1924.6666666666665,6.9934666666666665,0.777285282538287,3.0816000000000003,0.0,0.07894141972064972
1925.0000000000002,6.985,0.773208466853248,3.0836,0.0,0.07896346598863602
1925.3333333333333,6.976533333333334,0.7691309861002082,3.0876,0.0,0.07896677404642105
1925.6666666666665,6.968066666666667,0.7650541704151692,3.0908,0.0,0.07897764444351196
1926.0,6.959600000000001,0.7609770477756683,3.0928,0.0,0.07899976521730423
1926.3333333333333,6.951133333333334,0.7568998228180135,3.0964,0.0,0.0790068656206131
1926.666666666667,6.942666666666668,0.7528226490194356,3.0992,0.0,0.07902147620916367
1927.0,6.934200000000001,0.7487455775390117,3.1012,0.0,0.07904356718063354
1927.3333333333333,6.9257333333333335,0.7446683525813569,3.1048,0.0,0.07905066758394241
1927.6666666666667,6.917266666666667,0.740591229941856,3.1084,0.0,0.07905778288841248
1928.0,6.908800000000001,0.7365145677340479,3.112,0.0,0.07906491309404373
1928.333333333333,6.900333333333335,0.7324370358219312,3.1148000000000002,0.0,0.07907947152853012
1928.6666666666667,6.891866666666668,0.7283603224550461,3.1168,0.0,0.07910146564245224
1929.0,6.883400000000002,0.7242829440201604,3.1192,0.0,0.0791197195649147
1929.3333333333335,6.874933333333335,0.7202060771760443,3.1212,0.0,0.07914169132709503
1929.6666666666667,6.866466666666668,0.7161286987411586,3.1236,0.0,0.07915985584259033
1929.9999999999998,6.8580000000000005,0.7120515249425807,3.1276,0.0,0.07916304469108582
1930.3333333333335,6.8495333333333335,0.7079743511440029,3.1300000000000003,0.0,0.07918106019496918
1930.6666666666665,6.841066666666668,0.7038975866180408,3.1312,0.0,0.07921025156974792
1930.9999999999998,6.832600000000001,0.699820310501309,3.1336,0.0,0.07922815531492233
1931.3333333333335,6.824133333333334,0.6957430855436542,3.1348000000000003,0.0,0.07925712317228317
1931.6666666666665,6.815666666666668,0.6916661163813842,3.1372,0.0,0.0792747437953949
1932.0000000000002,6.807200000000001,0.6875891983781912,3.1388000000000003,0.0,0.079299695789814
1932.3333333333333,6.798733333333334,0.6835118199433055,3.1404,0.0,0.07932446151971817
1932.6666666666665,6.790266666666667,0.6794347484628815,3.1432,0.0,0.07933785766363144
1933.0,6.7818000000000005,0.6753575235052267,3.144,0.0,0.07936975359916687
1933.3333333333333,6.773333333333334,0.6712805031838798,3.1456,0.0,0.07939399778842926
1933.6666666666665,6.764866666666667,0.6672034317034559,3.1460000000000004,0.0,0.07942929863929749
1934.0,6.756400000000001,0.6631260532685701,3.1476,0.0,0.07945319265127182
1934.3333333333333,6.747933333333334,0.6590490841063001,3.1504000000000003,0.0,0.07946570962667465
1934.6666666666667,6.739466666666668,0.6549720637849532,3.152,0.0,0.07948929071426392
1935.0,6.731000000000001,0.6508948899863753,3.1552000000000002,0.0,0.0794978216290474
1935.3333333333333,6.722533333333335,0.6468177673468745,3.1576,0.0,0.07951367646455765
1935.6666666666667,6.7140666666666675,0.6427404912301427,3.16,0.0,0.07952939718961716
1936.0,6.7056000000000004,0.6386634197497187,3.1612,0.0,0.07955622673034668
1936.3333333333335,6.697133333333334,0.6345864505874488,3.1644,0.0,0.07956424355506897
1936.6666666666667,6.688666666666667,0.6305093791070249,3.1656,0.0,0.07959089428186417
1937.0,6.680200000000001,0.6264321029902931,3.1672000000000002,0.0,0.07961369305849075
1937.3333333333335,6.671733333333334,0.6223550315098691,3.168,0.0,0.0796438679099083
1937.6666666666667,6.663266666666667,0.6182780623475992,3.1704000000000003,0.0,0.07965898513793945
1937.9999999999998,6.654800000000001,0.6142009908671753,3.174,0.0,0.07966288924217224
1938.3333333333335,6.646333333333334,0.6101239705458283,3.176,0.0,0.07968170940876007
1938.6666666666665,6.6378666666666675,0.6060464897927886,3.1772,0.0,0.0797080472111702
1939.0000000000002,6.629400000000001,0.6019694694714417,3.1816,0.0,0.07970446348190308
1939.3333333333335,6.620933333333334,0.5978924491500948,3.1828000000000003,0.0,0.07973077148199081
1939.6666666666665,6.612466666666667,0.5938154799878248,3.1832000000000003,0.0,0.0797644853591919
1940.0000000000002,6.604,0.58973825503017,3.1872000000000003,0.0,0.07976449280977249
1940.3333333333333,6.595533333333334,0.5856609789134382,3.1896,0.0,0.07977939397096634
1940.6666666666665,6.587066666666667,0.5815841632283991,3.1908000000000003,0.0,0.0798054039478302
1941.0,6.578600000000001,0.5775069382707443,3.1936,0.0,0.07981639355421066
1941.3333333333333,6.570133333333334,0.5734298667903204,3.196,0.0,0.07983103394508362
1941.666666666667,6.561666666666668,0.5693526418326655,3.1968,0.0,0.07986056059598923
1942.0,6.553200000000001,0.5652753145568568,3.2016,0.0,0.07985277473926544
1942.3333333333333,6.544733333333334,0.5611983453945868,3.2016,0.0,0.07988975197076797
1942.6666666666667,6.536266666666668,0.5571211715960089,3.2016,0.0,0.07992663234472275
1943.0,6.5278,0.553044253592816,3.206,0.0,0.0799223855137825
1943.333333333333,6.519333333333334,0.5489670797942381,3.2088,0.0,0.0799330621957779
1943.6666666666667,6.510866666666667,0.5448900083138142,3.2108000000000003,0.0,0.07995111495256424
1944.0,6.502400000000001,0.5408130903106212,3.2124,0.0,0.07997282594442368
1944.3333333333335,6.4939333333333344,0.5367358653529664,3.2152000000000003,0.0,0.0799831971526146
1944.6666666666667,6.485466666666667,0.5326584869180806,3.2164,0.0,0.08000835031270981
1944.9999999999998,6.477000000000001,0.5285812619604258,3.2192000000000003,0.0,0.08001851290464401
1945.3333333333335,6.468533333333334,0.5245043951163098,3.2212,0.0,0.08003605902194977
1945.6666666666665,6.460066666666668,0.5204273747949628,3.2236000000000002,0.0,0.08004987239837646
1945.9999999999998,6.451600000000001,0.5163502521554619,3.2264,0.0,0.08005986362695694
1946.3333333333335,6.443133333333333,0.5122729760387301,3.2288,0.0,0.08007348328828812
1946.6666666666665,6.434666666666667,0.5081960068764602,3.2316000000000003,0.0,0.08008329570293427
1947.0000000000002,6.426200000000001,0.5041189865551132,3.2332,0.0,0.0801042690873146
1947.3333333333333,6.417733333333334,0.5000417104383814,3.2348000000000003,0.0,0.08012519031763077
1947.6666666666665,6.409266666666667,0.4959646901170345,3.2356000000000003,0.0,0.08015351742506027
1948.0,6.400800000000001,0.49188746515937964,3.2368,0.0,0.08017801493406296
1948.3333333333333,6.392333333333334,0.4878102913608018,3.24,0.0,0.08018379658460617
1948.6666666666665,6.383866666666667,0.4837331687213009,3.244,0.0,0.08018207550048828
1949.0,6.375400000000001,0.479656097240877,3.246,0.0,0.08019889891147614
1949.3333333333333,6.366933333333334,0.475579179237684,3.25,0.0,0.08019708842039108
1949.6666666666667,6.358466666666668,0.47150215891633707,3.2520000000000002,0.0,0.08021381497383118
1950.0,6.3500000000000005,0.4674247804814513,3.254,0.0,0.0802304595708847
1950.3333333333333,6.341533333333334,0.46334781131918135,3.2568,0.0,0.08023960888385773
1950.6666666666667,6.333066666666667,0.4592708421569114,3.2576,0.0,0.0802672877907753
1951.0,6.3246,0.4551933614038717,3.2588000000000004,0.0,0.08029118925333023
1951.3333333333335,6.316133333333334,0.4511161876052938,3.2612,0.0,0.0803038626909256
1951.6666666666667,6.307666666666667,0.4470391672839469,3.2656,0.0,0.0802980288863182
1952.0,6.299200000000001,0.44296214696259995,3.2684,0.0,0.08030711114406586
1952.3333333333335,6.290733333333334,0.43888517780033,3.2708000000000004,0.0,0.08031986653804779
1952.6666666666667,6.282266666666667,0.4348078505245212,3.274,0.0,0.080325186252594
1952.9999999999998,6.273800000000001,0.4307307790440973,3.2776,0.0,0.08032681792974472
1953.3333333333335,6.265333333333333,0.4266537075636734,3.2816,0.0,0.08032477647066116
1953.6666666666665,6.256866666666667,0.42257663608324947,3.2824,0.0,0.08035223186016083
1954.0000000000002,6.2484,0.41849935996651766,3.286,0.0,0.08035377413034439
1954.3333333333335,6.239933333333334,0.4144222373270168,3.2872000000000003,0.0,0.08037743717432022
1954.6666666666665,6.231466666666667,0.4103451146875159,3.2892,0.0,0.08039366453886032
1955.0000000000002,6.223,0.406268043207092,3.2904,0.0,0.08041726797819138
1955.3333333333333,6.214533333333334,0.40219104846528353,3.2932,0.0,0.08042604476213455
1955.6666666666665,6.2060666666666675,0.3981138235076287,3.2948,0.0,0.08044584840536118
1956.0,6.197600000000001,0.39403677760674327,3.2960000000000003,0.0,0.08046924322843552
1956.3333333333333,6.189133333333334,0.38995973170585785,3.3012,0.0,0.08045563101768494
1956.666666666667,6.180666666666667,0.3858825834868185,3.3028,0.0,0.08047521114349365
1957.0,6.172200000000001,0.38180533294962515,3.3036000000000003,0.0,0.08050213009119034
1957.3333333333333,6.163733333333333,0.37772823588966276,3.306,0.0,0.08051420003175735
1957.6666666666667,6.155266666666667,0.37365116440923885,3.3104,0.0,0.0805077850818634
1958.0,6.1468,0.3695740161901995,3.3132,0.0,0.08051613718271255
1958.333333333333,6.1383333333333345,0.36549697028931405,3.3152000000000004,0.0,0.08053185790777206
1958.6666666666667,6.1298666666666675,0.3614199243884286,3.3168,0.0,0.08055118471384048
1959.0,6.1214,0.35734275058985077,3.3184,0.0,0.08057043701410294
1959.3333333333335,6.112933333333334,0.35326570468896534,3.3184,0.0,0.08060438185930252
1959.6666666666667,6.104466666666667,0.34918863320854143,3.3204000000000002,0.0,0.08061990141868591
1959.9999999999998,6.096,0.34511151056904055,3.322,0.0,0.08063912391662598
1960.3333333333335,6.087533333333333,0.34103418329323176,3.3252,0.0,0.08064354956150055
1960.6666666666665,6.079066666666667,0.3369571885514233,3.3272000000000004,0.0,0.08065897971391678
1960.9999999999998,6.070600000000001,0.33287998917330697,3.3288,0.0,0.08067799359560013
1961.3333333333335,6.062133333333334,0.32880291769288306,3.3296,0.0,0.08070430159568787
1961.6666666666665,6.053666666666667,0.32472579505338217,3.3332,0.0,0.0807047113776207
1962.0000000000002,6.0452,0.32064872357295826,3.338,0.0,0.08069410175085068
1962.3333333333333,6.036733333333334,0.3165715753539189,3.3400000000000003,0.0,0.08070926368236542
1962.6666666666665,6.028266666666667,0.31249455503257195,3.3412,0.0,0.08073172718286514
1963.0,6.019800000000001,0.30841743239307107,3.3432,0.0,0.08074675500392914
1963.3333333333333,6.011333333333334,0.30434018185587774,3.3448,0.0,0.08076533675193787
1963.6666666666665,6.002866666666667,0.3002631359549923,3.3468,0.0,0.08078017085790634
1964.0,5.9944000000000015,0.29618598773595295,3.3492,0.0,0.08079119026660919
1964.3333333333333,5.9859333333333336,0.29210891625552904,3.3512,0.0,0.08080574125051498
1964.6666666666667,5.977466666666667,0.28803179361602815,3.3516000000000004,0.0,0.08083482831716537
1965.0,5.969,0.28395472213560424,3.3536,0.0,0.0808490514755249
1965.3333333333333,5.960533333333333,0.27987762507564184,3.3572,0.0,0.08084853738546371
1965.6666666666667,5.952066666666667,0.27580055359521793,3.3592,0.0,0.08086267858743668
1966.0,5.9436,0.27172343095571705,3.3604000000000003,0.0,0.08088398724794388
1966.3333333333335,5.935133333333334,0.26764610367990826,3.362,0.0,0.08090143650770187
1966.6666666666667,5.926666666666668,0.2635689810404074,3.3656,0.0,0.08090031147003174
1967.0,5.918200000000001,0.25949193513952196,3.3668,0.0,0.08092106878757477
1967.3333333333335,5.9097333333333335,0.25541481250002107,3.3676000000000004,0.0,0.08094533532857895
1967.6666666666667,5.901266666666666,0.25133774101959716,3.3692,0.0,0.08096212893724442
1967.9999999999998,5.8928,0.24726061838009628,3.3712,0.0,0.08097518235445023
1968.3333333333335,5.884333333333333,0.24318364921782631,3.3732,0.0,0.08098812401294708
1968.6666666666665,5.875866666666667,0.23910647541924845,3.3756000000000004,0.0,0.08099725842475891
1969.0000000000002,5.8674,0.23533323769697745,3.3768000000000002,0.0,0.08101741224527359
1969.3333333333335,5.858933333333335,0.23493122967011004,3.3796000000000004,0.0,0.08102274686098099
1969.6666666666665,5.850466666666668,0.23452924722278112,3.3836,0.0,0.08101700991392136
1970.0000000000002,5.8420000000000005,0.23412734151406767,3.3868,0.0,0.0810186117887497
1970.3333333333333,5.833533333333334,0.23372530790766177,3.3880000000000003,0.0,0.08103851974010468
1970.6666666666665,5.825066666666667,0.2333234277784868,3.3908,0.0,0.08104366809129715
1971.0,5.816600000000001,0.23292144533115788,3.3928000000000003,0.0,0.08105604350566864
1971.3333333333333,5.808133333333333,0.2325195907815214,3.3952,0.0,0.08106470108032227
1971.666666666667,5.799666666666666,0.23211763391373097,3.398,0.0,0.081069715321064
1972.0,5.791200000000001,0.23171560030732508,3.4004000000000003,0.0,0.08107844740152359
1972.3333333333333,5.782733333333334,0.23131364343953464,3.4004000000000003,0.0,0.08110901713371277
1972.6666666666667,5.7742666666666675,0.23091166099220573,3.4024,0.0,0.08112116158008575
1973.0,5.7658000000000005,0.23050975528349227,3.4052000000000002,0.0,0.0811258926987648
1973.333333333333,5.757333333333334,0.23010779841570184,3.4072,0.0,0.08113782852888107
1973.6666666666667,5.748866666666667,0.2297058415479114,3.4104,0.0,0.08113876730203629
1974.0,5.740399999999999,0.22930385910058249,3.4116,0.0,0.0811578780412674
1974.3333333333335,5.731933333333333,0.22890195339186903,3.4164000000000003,0.0,0.0811440572142601
1974.6666666666667,5.723466666666667,0.22850002210361708,3.4168000000000003,0.0,0.08117036521434784
1974.9999999999998,5.715000000000001,0.22809806523582665,3.4184,0.0,0.0811857283115387
1975.3333333333335,5.706533333333334,0.22769603162942076,3.4228,0.0,0.08117571473121643
1975.6666666666665,5.6980666666666675,0.22729410034116881,3.4256,0.0,0.08118033409118652
1975.9999999999998,5.6896,0.22689216905291687,3.4296,0.0,0.08117403835058212
1976.3333333333335,5.681133333333333,0.22649021218512644,3.4296,0.0,0.08120410889387131
1976.6666666666665,5.672666666666667,0.22608830647641298,3.43,0.0,0.08123047649860382
1977.0000000000002,5.6642,0.2256862728700071,3.4312,0.0,0.08124950528144836
1977.3333333333333,5.655733333333334,0.22528439274083212,3.4312,0.0,0.0812794640660286
1977.6666666666665,5.647266666666668,0.2248824358730417,3.4344,0.0,0.08128023147583008
1978.0,5.638800000000001,0.22448045342571277,3.4364000000000003,0.0,0.0812920331954956
1978.3333333333333,5.630333333333334,0.2240785477169993,3.4376,0.0,0.0813111662864685
1978.6666666666665,5.621866666666667,0.2236765396901319,3.4392,0.0,0.08132664859294891
1979.0,5.6134,0.22327458282234147,3.4432,0.0,0.08132030814886093
1979.3333333333333,5.604933333333333,0.22287265153408953,3.4472,0.0,0.08131414651870728
1979.6666666666667,5.596466666666667,0.2224706946662991,3.4472,0.0,0.08134441822767258
1980.0,5.588,0.22206876337804715,3.4492000000000003,0.0,0.081356480717659
1980.3333333333333,5.568244444444445,0.221130838440331,3.4492000000000003,0.0,0.08138676732778549
1980.6666666666667,5.5484888888888895,0.2201929902412303,3.4524000000000004,0.0,0.0813879743218422
1981.0,5.528733333333333,0.21925503972397564,3.452,0.0,0.0814218744635582
1981.3333333333335,5.508977777777778,0.21831721710441343,3.4552,0.0,0.08142311125993729
1981.6666666666667,5.489222222222223,0.21737931774623576,3.4584,0.0,0.08142448961734772
1982.0,5.469466666666667,0.21644149512667354,3.4588,0.0,0.08145128190517426
1982.3333333333335,5.449711111111112,0.2155035446094189,3.4608000000000003,0.0,0.08146341145038605
1982.6666666666667,5.429955555555556,0.21456564525124122,3.4624,0.0,0.08147906512022018
1982.9999999999998,5.410200000000001,0.21362772031352506,3.464,0.0,0.08149465173482895
1983.3333333333335,5.390444444444445,0.21268987211442436,3.468,0.0,0.08148833364248276
1983.6666666666665,5.370688888888889,0.2117519727562467,3.4684000000000004,0.0,0.0815146192908287
1984.0000000000002,5.350933333333334,0.21081411176737674,3.47,0.0,0.08152986317873001
1984.3333333333335,5.3311777777777785,0.20987617403989134,3.472,0.0,0.08154134452342987
1984.6666666666665,5.311422222222223,0.20893835142032913,3.4724000000000004,0.0,0.08156729489564896
1985.0000000000002,5.291666666666668,0.2080004392723822,3.4748,0.0,0.08157496899366379
1985.3333333333333,5.271911111111112,0.20706251433466605,3.4776000000000002,0.0,0.08157894015312195
1985.6666666666665,5.252155555555556,0.20612461497648837,3.4768000000000003,0.0,0.08161550015211105
1986.0,5.232400000000001,0.20518679235692616,3.4796,0.0,0.0816192552447319
1986.3333333333333,5.212644444444445,0.20424891857828698,3.4808000000000003,0.0,0.08163747191429138
1986.666666666667,5.1928888888888896,0.20331099364057081,3.4824,0.0,0.081651970744133
1987.0,5.173133333333333,0.20237314544147011,3.486,0.0,0.08164820075035095
1987.3333333333333,5.153377777777779,0.2014352332935232,3.4864,0.0,0.08167342096567154
1987.6666666666667,5.133622222222224,0.20049737230465325,3.4884,0.0,0.08168398588895798
1988.0,5.1138666666666674,0.1995594217873986,3.49,0.0,0.08169808983802795
1988.333333333333,5.094111111111112,0.19862158637806715,3.4916,0.0,0.08171218633651733
1988.6666666666667,5.074355555555556,0.197683661440351,3.494,0.0,0.08171897381544113
1989.0,5.054600000000001,0.1967458132412503,3.4964,0.0,0.08172576874494553
1989.3333333333335,5.034844444444445,0.19580787551376488,3.4988,0.0,0.08173243701457977
1989.6666666666667,5.015088888888889,0.19486995057604872,3.4996,0.0,0.08175349235534668
1989.9999999999998,4.995333333333333,0.19393214074625575,3.4992,0.0,0.0817854031920433
1990.3333333333335,4.975577777777778,0.19299426696761657,3.5008000000000004,0.0,0.08179908990859985
1990.6666666666665,4.955822222222222,0.19205631645036192,3.5032,0.0,0.08180542290210724
1990.9999999999998,4.936066666666667,0.1911184298819535,3.5068,0.0,0.08180080354213715
1991.3333333333335,4.916311111111111,0.1901805816828528,3.5072,0.0,0.08182517439126968
1991.6666666666665,4.8965555555555556,0.18924272069398285,3.5092000000000003,0.0,0.08183495700359344
1992.0000000000002,4.8768,0.1883047701767282,3.5116,0.0,0.08184106647968292
1992.3333333333333,4.857044444444444,0.187366896398089,3.5128000000000004,0.0,0.08185803145170212
1992.6666666666665,4.837288888888889,0.18642900982968058,3.5148,0.0,0.08186779171228409
1993.0,4.817533333333333,0.1854911104715029,3.5164,0.0,0.08188116550445557
1993.3333333333333,4.797777777777778,0.18455324948263296,3.5192,0.0,0.0818837508559227
1993.6666666666665,4.778022222222223,0.18361529896537832,3.5208000000000004,0.0,0.08189712464809418
1994.0,4.758266666666667,0.18267746355604686,3.5228,0.0,0.08190691471099854
1994.3333333333333,4.738511111111111,0.18173957698763843,3.5256000000000003,0.0,0.0819094330072403
1994.6666666666667,4.718755555555555,0.18080169041923,3.5268,0.0,0.0819263830780983
1995.0,4.699,0.17986380385082157,3.5292000000000003,0.0,0.08193247020244598
1995.3333333333333,4.6792444444444445,0.17892591728241314,3.5332000000000003,0.0,0.08192413300275803
1995.6666666666667,4.659488888888889,0.17798806908331244,3.5352,0.0,0.08193384855985641
1996.0,4.639733333333333,0.17705015693536552,3.536,0.0,0.08195433020591736
1996.3333333333335,4.619977777777779,0.1761122447874186,3.5380000000000003,0.0,0.08196386694908142
1996.6666666666667,4.600222222222222,0.17517433263947169,3.5380000000000003,0.0,0.08199138939380646
1997.0,4.580466666666667,0.1742364588608325,3.5396,0.0,0.08200439810752869
1997.3333333333335,4.560711111111111,0.17329857229242407,3.54,0.0,0.08202817291021347
1997.6666666666667,4.540955555555556,0.17236068572401564,3.5432,0.0,0.08202653378248215
1997.9999999999998,4.5212,0.17142281194537645,3.5444,0.0,0.08204292505979538
1998.3333333333335,4.501444444444444,0.17048491258719878,3.5460000000000003,0.0,0.08205577731132507
1998.6666666666665,4.48168888888889,0.16954705159832884,3.5460000000000003,0.0,0.08208299428224564
1999.0000000000002,4.4619333333333335,0.16860913945038192,3.5484,0.0,0.08208846300840378
1999.3333333333335,4.442177777777778,0.16767126567174273,3.5508,0.0,0.08209392428398132
1999.6666666666665,4.422422222222223,0.16673332794425733,3.552,0.0,0.08211024850606918
2000.0000000000002,4.402666666666667,0.16579546695538738,3.5528,0.0,0.08213017135858536
2000.3333333333333,4.382911111111111,0.16485754201767122,3.5532000000000004,0.0,0.08215368539094925
2000.6666666666665,4.363155555555556,0.16391969381857052,3.5548,0.0,0.08216633647680283
2001.0,4.3434,0.1629818072501621,3.556,0.0,0.08218253403902054
2001.3333333333333,4.323644444444445,0.16204392068175366,3.5568,0.0,0.08220231533050537
2001.666666666667,4.303888888888889,0.16110605969288372,3.5596,0.0,0.08220403641462326
2002.0,4.284133333333333,0.16016816033470604,3.5604,0.0,0.08222385495901108
2002.3333333333333,4.264377777777779,0.15923026097652837,3.5612000000000004,0.0,0.08224356174468994
2002.6666666666667,4.2446222222222225,0.15829241277742767,3.5624000000000002,0.0,0.08225955069065094
2003.0,4.224866666666667,0.15735446226017302,3.564,0.0,0.08227182179689407
2003.333333333333,4.205111111111111,0.15641661406107232,3.5668,0.0,0.08227317035198212
2003.6666666666667,4.185355555555556,0.1554787019131254,3.5692000000000004,0.0,0.0822780430316925
2004.0,4.1656,0.1545407897651785,3.5704000000000002,0.0,0.08229364454746246
2004.3333333333335,4.145844444444444,0.15360292877630854,3.5724,0.0,0.08230187743902206
2004.6666666666667,4.12608888888889,0.1526649782590539,3.5752,0.0,0.08230279386043549
2004.9999999999998,4.1063333333333345,0.15172714284972244,3.576,0.0,0.08232168108224869
2005.3333333333335,4.086577777777778,0.150789256281314,3.5780000000000003,0.0,0.0823296457529068
2005.6666666666665,4.066822222222223,0.14985135692313634,3.58,0.0,0.08233761042356491
2005.9999999999998,4.047066666666667,0.1489134703547279,3.5816000000000003,0.0,0.08234912902116776
2006.3333333333335,4.0273111111111115,0.14797560936585796,3.5812000000000004,0.0,0.08237866312265396
2006.6666666666665,4.007555555555556,0.1470377100076803,3.5816000000000003,0.0,0.08240093290805817
2007.0000000000002,3.9877999999999996,0.14609981064950261,3.5828,0.0,0.08241594582796097
2007.3333333333333,3.9680444444444443,0.14516194966063267,3.5836,0.0,0.08243458718061447
2007.6666666666665,3.948288888888889,0.144224050302455,3.5852000000000004,0.0,0.08244599401950836
2008.0,3.9285333333333337,0.14328612536473884,3.5884,0.0,0.08244295418262482
2008.3333333333333,3.9087777777777784,0.1423482643758689,3.5892000000000004,0.0,0.08246169984340668
2008.6666666666665,3.8890222222222226,0.14141037780746046,3.5908,0.0,0.08247321844100952
2009.0,3.869266666666667,0.14047250402882128,3.5940000000000003,0.0,0.0824703723192215
2009.3333333333333,3.849511111111111,0.13953456630133587,3.5976000000000004,0.0,0.08246396481990814
2009.6666666666667,3.8297555555555554,0.13859667973292744,3.6,0.0,0.08246850222349167
2010.0,3.8100000000000005,0.13765883153382674,3.6008,0.0,0.08248742669820786
2010.3333333333333,3.7902444444444443,0.13672091938587982,3.6028000000000002,0.0,0.08249548077583313
2010.6666666666667,3.7704888888888894,0.13578308397654837,3.6048,0.0,0.08250350505113602
2011.0,3.750733333333333,0.1348451846183707,3.6060000000000003,0.0,0.08251873403787613
2011.3333333333335,3.730977777777778,0.13390729804996226,3.6060000000000003,0.0,0.0825447216629982
2011.6666666666667,3.7112222222222226,0.13296936032247686,3.6072,0.0,0.08255980163812637
2012.0,3.691466666666667,0.13203147375406843,3.6096000000000004,0.0,0.08256401866674423
2012.3333333333335,3.671711111111111,0.13109358718566,3.6096000000000004,0.0,0.08258984982967377
2012.6666666666667,3.6519555555555554,0.13015570061725157,3.6112,0.0,0.08260113000869751
2012.9999999999998,3.6322000000000005,0.1292178012590739,3.6136000000000004,0.0,0.08260513097047806
2013.3333333333335,3.6124444444444443,0.12827994027020395,3.6152,0.0,0.08261627703905106
2013.6666666666665,3.5926888888888895,0.12734202812225703,3.6180000000000003,0.0,0.08261656016111374
2014.0000000000002,3.5729333333333333,0.12640410318454087,3.62,0.0,0.08262409269809723
2014.3333333333335,3.553177777777778,0.12546628056497866,3.6216000000000004,0.0,0.08263518661260605
2014.6666666666665,3.5334222222222222,0.12452840678633947,3.6212,0.0,0.08266422897577286
2015.0000000000002,3.5136666666666665,0.12359052021793104,3.6236,0.0,0.08266797661781311
2015.3333333333333,3.4939111111111107,0.12265263364952261,3.6252,0.0,0.0826788917183876
2015.6666666666665,3.4741555555555554,0.12171473429134494,3.6268000000000002,0.0,0.0826897993683815
2016.0,3.4544000000000006,0.12077682214339802,3.628,0.0,0.0827043205499649
2016.3333333333333,3.434644444444444,0.11983894836475883,3.6308000000000002,0.0,0.0827043354511261
2016.666666666667,3.4148888888888886,0.11890104900658116,3.6324,0.0,0.08271513134241104
2017.0,3.3951333333333333,0.11796314964840349,3.6336000000000004,0.0,0.08272954076528549
2017.3333333333333,3.375377777777778,0.1170252758697643,3.6368,0.0,0.0827258974313736
2017.6666666666667,3.3556222222222223,0.11608740209112511,3.6404,0.0,0.08271858096122742
2018.0,3.3358666666666665,0.11514950273294744,3.6432,0.0,0.08271840214729309
2018.333333333333,3.3161111111111112,0.1142116417440775,3.6428000000000003,0.0,0.08274690061807632
2018.6666666666667,3.2963555555555555,0.11327372959613058,3.6424000000000003,0.0,0.08277545869350433
2019.0,3.2766,0.1123358302379529,3.644,0.0,0.08278587460517883
2019.3333333333335,3.2568444444444444,0.11139794366954447,3.6444,0.0,0.08280699700117111
2019.6666666666667,3.2370888888888887,0.11046005710113604,3.6436,0.0,0.08283881098031998
2019.9999999999998,3.2173333333333334,0.10952218332249686,3.6452,0.0,0.08284887671470642
2020.3333333333335,3.197577777777778,0.10858429675408843,3.6468000000000003,0.0,0.0828588604927063
2020.6666666666665,3.1778222222222223,0.10764639739591075,3.6492,0.0,0.0828615128993988
2020.9999999999998,3.1580666666666666,0.10670851082750232,3.6532,0.0,0.08284969627857208
2021.3333333333335,3.1383111111111113,0.10577061146932465,3.656,0.0,0.08284859359264374
2021.6666666666665,3.118555555555556,0.10483274408557008,3.6548000000000003,0.0,0.082883320748806
2022.0000000000002,3.0988,0.10389483833250779,3.6544000000000003,0.0,0.08291082084178925
2022.3333333333333,3.0790444444444445,0.10295695815898398,3.656,0.0,0.08292028307914734
2022.6666666666665,3.059288888888889,0.10201907798546017,3.6580000000000004,0.0,0.08292616158723831
2023.0,3.0395333333333334,0.10108118502216712,3.6604,0.0,0.0829283595085144
2023.3333333333333,3.019777777777778,0.10014331763841255,3.6620000000000004,0.0,0.0829378068447113
2023.6666666666665,3.0000222222222224,0.09920541828023488,3.664,0.0,0.08294360339641571
2024.0,2.980266666666666,0.09826751252717258,3.6644,0.0,0.08296368271112442
2024.3333333333333,2.960511111111111,0.09732963235364878,3.6652,0.0,0.08298008888959885
2024.6666666666667,2.9407555555555556,0.0963917329954711,3.6672000000000002,0.0,0.08298566192388535
2025.0,2.921,0.0954538528219473,3.6688,0.0,0.08299484848976135
2025.3333333333333,2.901244444444444,0.09451595985865424,3.6712000000000002,0.0,0.08299680054187775
2025.6666666666667,2.8814888888888888,0.09357808608001505,3.672,0.0,0.08301305025815964
2026.0,2.8617333333333335,0.09264015474741427,3.6712000000000002,0.0,0.08304361999034882
2026.3333333333335,2.8419777777777777,0.09170229375854433,3.6732,0.0,0.08304895460605621
2026.6666666666667,2.822222222222222,0.09076442637478976,3.6744000000000003,0.0,0.08306143432855606
2027.0,2.802466666666666,0.08982652701661209,3.6776,0.0,0.08305595815181732
2027.3333333333335,2.782711111111111,0.08888862765843442,3.6788000000000003,0.0,0.08306842297315598
2027.6666666666667,2.7629555555555556,0.08795076027467985,3.6804,0.0,0.08307722210884094
2027.9999999999998,2.7432,0.0870128673113868,3.6808,0.0,0.08309675753116608
2028.3333333333335,2.723444444444444,0.0860749615583245,3.6820000000000004,0.0,0.0831090658903122
2028.6666666666665,2.703688888888889,0.0851370813848007,3.6828000000000003,0.0,0.08312488347291946
2029.0000000000002,2.6839333333333335,0.08419918202662302,3.6844,0.0,0.08313344419002533
2029.3333333333335,2.6641777777777778,0.08326130824798383,3.6872000000000003,0.0,0.08313120901584625
2029.6666666666665,2.644422222222222,0.08232340888980616,3.688,0.0,0.08314704895019531
2030.0000000000002,2.6246666666666667,0.08138552871628235,3.6872000000000003,0.0,0.08317732065916061
2030.3333333333333,2.6049111111111114,0.08044765493764316,3.688,0.0,0.08319318294525146
2030.6666666666665,2.5851555555555557,0.07950975557946549,3.6896,0.0,0.0832018107175827
2031.0,2.5654,0.07857186261617244,3.6924,0.0,0.08319982141256332
2031.3333333333333,2.545644444444444,0.07763398244264863,3.6948000000000003,0.0,0.08320149034261703
2031.666666666667,2.525888888888889,0.07669610866400944,3.6964,0.0,0.08321037888526917
2032.0,2.5061333333333335,0.07575820930583177,3.6972,0.0,0.08322644978761673
2032.3333333333333,2.486377777777778,0.07482032273742334,3.7024000000000004,0.0,0.08320306241512299
2032.6666666666667,2.466622222222222,0.07388243616901491,3.7028000000000003,0.0,0.08322270959615707
2033.0,2.4468666666666667,0.07294453041595261,3.7036000000000002,0.0,0.08323877304792404
2033.333333333333,2.4271111111111114,0.07200663105777494,3.706,0.0,0.08324041962623596
2033.6666666666667,2.4073555555555552,0.07106875727913575,3.7056,0.0,0.08326712250709534
2034.0,2.3875999999999995,0.07013087071072732,3.7068000000000003,0.0,0.08327936381101608
2034.3333333333335,2.367844444444444,0.06919299053720351,3.7084,0.0,0.08328795433044434
2034.6666666666667,2.348088888888889,0.0682550783892566,3.7104000000000004,0.0,0.0832928791642189
2034.9999999999998,2.328333333333333,0.06731721740038665,3.7132,0.0,0.08329062163829803
2035.3333333333335,2.3085777777777774,0.06637930525243974,3.7152000000000003,0.0,0.08329562097787857
2035.6666666666665,2.2888222222222216,0.06544143147380055,3.7152000000000003,0.0,0.08331848680973053
2035.9999999999998,2.2690666666666663,0.06450355769516136,3.718,0.0,0.08331621438264847
2036.3333333333335,2.249311111111111,0.06368468632445001,3.7188000000000003,0.0,0.0833318904042244
2036.6666666666665,2.2295555555555553,0.06287264469051479,3.7196000000000002,0.0,0.08334747701883316
2037.0000000000002,2.2097999999999995,0.062060596661694944,3.7232000000000003,0.0,0.08333795517683029
2037.3333333333333,2.1900444444444442,0.061248529448221234,3.7228000000000003,0.0,0.08336419612169266
2037.6666666666665,2.170288888888889,0.060436468629632145,3.7256,0.0,0.08336170017719269
2038.0,2.150533333333333,0.05962441420592768,3.728,0.0,0.08336275815963745
2038.3333333333333,2.1307777777777774,0.05881235978222321,3.7288,0.0,0.08337809890508652
2038.6666666666665,2.1110222222222217,0.058000311753403366,3.7308000000000003,0.0,0.08338267356157303
2039.0,2.0912666666666664,0.05718825093481428,3.7324,0.0,0.08339080959558487
2039.3333333333333,2.0715111111111115,0.05637619011622519,3.734,0.0,0.08339884132146835
2039.6666666666667,2.0517555555555558,0.05556412290275148,3.7356000000000003,0.0,0.08340678364038467
2040.0,2.032,0.05475206208416239,3.7368,0.0,0.08341815322637558
2040.3333333333333,2.029177777777778,0.05463606527200682,3.7356000000000003,0.0,0.08345087617635727
2040.6666666666667,2.0263555555555555,0.05452006206496662,3.7372,0.0,0.08345841616392136
2041.0,2.0235333333333334,0.05440406525281105,3.7376,0.0,0.08347651362419128
2041.3333333333335,2.020711111111111,0.054288049256001614,3.7376,0.0,0.08349806070327759
2041.6666666666667,2.017888888888889,0.05417204604896142,3.74,0.0,0.08349796384572983
2042.0,2.015066666666667,0.05405603005215198,3.7412,0.0,0.08350842446088791
2042.3333333333335,2.0122444444444443,0.05394002684511179,3.7432000000000003,0.0,0.0835115909576416
2042.6666666666667,2.009422222222222,0.05382401084830235,3.7456,0.0,0.0835110992193222
2042.9999999999998,2.0065999999999997,0.05370800764126216,3.7464000000000004,0.0,0.0835249200463295
2043.3333333333335,2.003777777777778,0.053592017223991206,3.748,0.0,0.08353151381015778
2043.6666666666665,2.0009555555555556,0.05347599802973946,3.75,0.0,0.08353450149297714
2044.0000000000002,1.998133333333333,0.053359994822699264,3.7516000000000003,0.0,0.08354101330041885
2044.3333333333335,1.9953111111111113,0.053243972431005204,3.7516000000000003,0.0,0.08356179296970367
2044.6666666666665,1.992488888888889,0.05312796922396501,3.7544,0.0,0.08355753123760223
2045.0000000000002,1.9896666666666665,0.05301196921436713,3.7548000000000004,0.0,0.08357483893632889
2045.3333333333333,1.9868444444444446,0.052895956415,3.7544,0.0,0.08359929174184799
2045.6666666666665,1.9840222222222221,0.05277993722074825,3.7552000000000003,0.0,0.08361293375492096
2046.0,1.9812000000000003,0.05266393401370806,3.7560000000000002,0.0,0.08362659811973572
2046.3333333333333,1.9783777777777773,0.0525479403989948,3.7592000000000003,0.0,0.08361879736185074
2046.666666666667,1.9755555555555555,0.05243192440218536,3.7596000000000003,0.0,0.08363614231348038
2047.0,1.9727333333333334,0.052315921195145165,3.7608,0.0,0.08364631235599518
2047.3333333333333,1.9699111111111112,0.05219990200089342,3.762,0.0,0.08365652710199356
2047.6666666666667,1.9670888888888889,0.05208389879385322,3.7652,0.0,0.08364886790513992
2048.0,1.9642666666666664,0.051967879599601474,3.7672000000000003,0.0,0.08365199714899063
2048.333333333333,1.9614444444444445,0.05185187959000359,3.7684,0.0,0.0836622416973114
2048.666666666667,1.9586222222222225,0.051735873185521086,3.7708000000000004,0.0,0.08366182446479797
2049.0,1.9557999999999998,0.05161986358359627,3.7732,0.0,0.08366138488054276
2049.3333333333335,1.9529777777777777,0.051503860376556077,3.7748000000000004,0.0,0.08366808295249939
2049.6666666666665,1.9501555555555554,0.05138785397207357,3.7768,0.0,0.08367117494344711
2050.0,1.9473333333333334,0.051271844370148756,3.7772,0.0,0.08368856459856033
2050.3333333333335,1.9445111111111113,0.05115583476822394,3.7788000000000004,0.0,0.08369527012109756
2050.6666666666665,1.9416888888888888,0.05103983795606837,3.7800000000000002,0.0,0.08370549976825714
2051.0,1.9388666666666667,0.05092380916948969,3.7828000000000004,0.0,0.08370141685009003
2051.3333333333335,1.9360444444444442,0.050807815554776425,3.7848,0.0,0.08370449393987656
2051.6666666666665,1.9332222222222222,0.05069179636052468,3.7872000000000003,0.0,0.08370391279459
2052.0,1.9304000000000001,0.05057578356115755,3.7868000000000004,0.0,0.08372817188501358
2052.3333333333335,1.9275777777777776,0.050459812328540465,3.7880000000000003,0.0,0.0837380588054657
2052.6666666666665,1.9247555555555556,0.05034377714707716,3.7884,0.0,0.08375497907400131
2053.0,1.9219333333333337,0.050227767545152346,3.7888,0.0,0.08377186208963394
2053.3333333333335,1.919111111111111,0.05011178032532371,3.7892,0.0,0.08378864824771881
2053.6666666666665,1.9162888888888892,0.04999576113107196,3.79,0.0,0.0838017389178276
2054.0,1.9134666666666664,0.04987974833170483,3.7912000000000003,0.0,0.08381122350692749
2054.333333333333,1.9106444444444446,0.04976374512466464,3.7908000000000004,0.0,0.08383488655090332
2054.666666666667,1.9078222222222219,0.04964773232529751,3.7924,0.0,0.08384066075086594
2055.0,1.905,0.049531719525930384,3.7924,0.0,0.08386071026325226
2055.333333333333,1.9021777777777777,0.04941571631889019,3.7948000000000004,0.0,0.08385930955410004
2055.666666666667,1.8993555555555555,0.049299706716965375,3.7952000000000004,0.0,0.08387579023838043
2056.0,1.8965333333333334,0.04918370031248287,3.7960000000000003,0.0,0.08388875424861908
2056.3333333333335,1.8937111111111111,0.049067690710558054,3.7972,0.0,0.08389822393655777
2056.6666666666665,1.8908888888888888,0.04895168110863324,3.8012,0.0,0.08388278633356094
2057.0,1.8880666666666668,0.04883566830926611,3.8004000000000002,0.0,0.08391040563583374
2057.3333333333335,1.8852444444444443,0.04871967149711054,3.8016,0.0,0.08392024785280228
2057.6666666666665,1.8824222222222222,0.048603661895185724,3.8036000000000003,0.0,0.08392292261123657
2058.0,1.8796000000000002,0.048487642700933975,3.8040000000000003,0.0,0.0839398130774498
2058.3333333333335,1.8767777777777779,0.04837163949389378,3.8048,0.0,0.0839531272649765
2058.6666666666665,1.8739555555555556,0.04825564268173821,3.8076000000000003,0.0,0.08394856750965118
2059.0,1.8711333333333333,0.04813962988237108,3.8080000000000003,0.0,0.08396530896425247
2059.3333333333335,1.868311111111111,0.04802363626765782,3.8096,0.0,0.0839712843298912
2059.6666666666665,1.865488888888889,0.04790761067852145,3.8104,0.0,0.08398431539535522
2060.0,1.8626666666666665,0.047791604274038946,3.8104,0.0,0.08400438725948334
2060.3333333333335,1.8598444444444444,0.04767559467211413,3.8112000000000004,0.0,0.08401726186275482
2060.6666666666665,1.857022222222222,0.04755959785995856,3.8144,0.0,0.08400877565145493
2061.0,1.8541999999999998,0.04744358825803374,3.8148,0.0,0.08402520418167114
2061.333333333333,1.851377777777778,0.04732756906378199,3.8156000000000003,0.0,0.08403793722391129
2061.666666666667,1.8485555555555555,0.04721157225162642,3.8172,0.0,0.08404339849948883
2062.0,1.8457333333333334,0.04709555305737467,3.818,0.0,0.0840558111667633
2062.333333333333,1.842911111111111,0.04697954985033448,3.8196000000000003,0.0,0.08406094461679459
2062.666666666667,1.8400888888888889,0.04686354024840966,3.822,0.0,0.08405884355306625
2063.0,1.8372666666666666,0.046747553028581024,3.8228,0.0,0.08407092094421387
2063.333333333333,1.8344444444444443,0.0466315402292139,3.8236000000000003,0.0,0.08408288657665253
2063.666666666667,1.8316222222222223,0.04651552742984677,3.8248,0.0,0.08409123122692108
2064.0,1.8287999999999998,0.046399517827921954,3.8248,0.0,0.08411020040512085
2064.3333333333335,1.8259777777777777,0.04628351142343945,3.8248,0.0,0.08412909507751465
2064.6666666666665,1.8231555555555556,0.046167501821514634,3.8248,0.0,0.08414789289236069
2065.0,1.8203333333333331,0.04605148902214751,3.8256,0.0,0.08415958285331726
2065.3333333333335,1.817511111111111,0.045935489012549624,3.8276000000000003,0.0,0.08416054397821426
2065.6666666666665,1.8146888888888888,0.045819469818297875,3.8280000000000003,0.0,0.08417569845914841
2066.0,1.8118666666666665,0.0457034730061423,3.8284000000000002,0.0,0.08419078588485718
2066.3333333333335,1.8090444444444445,0.04558746340421749,3.8304,0.0,0.08419149369001389
2066.6666666666665,1.8062222222222222,0.04547144740740805,3.8324000000000003,0.0,0.08419212698936462
2067.0,1.8034,0.04535544739781017,3.8332,0.0,0.08420341461896896
2067.3333333333335,1.8005777777777776,0.045239418611231486,3.8348,0.0,0.08420749753713608
2067.6666666666665,1.7977555555555553,0.04512342179907591,3.8356000000000003,0.0,0.08421865850687027
2068.0,1.7949333333333335,0.04500742818436265,3.838,0.0,0.08421549201011658
2068.3333333333335,1.7921111111111108,0.044891415384995526,3.8392000000000004,0.0,0.08422303944826126
2068.6666666666665,1.789288888888889,0.0447754025856284,3.8400000000000003,0.0,0.08423405885696411
2069.0,1.7864666666666664,0.044659402576030516,3.8400000000000003,0.0,0.08425220102071762
2069.333333333333,1.7836444444444444,0.04454338338177877,3.8388,0.0,0.08428102731704712
2069.666666666667,1.7808222222222223,0.04442737697729626,3.8404000000000003,0.0,0.08428505063056946
2070.0,1.7779999999999998,0.04431137377025607,3.8440000000000003,0.0,0.08427131175994873
2070.333333333333,1.7751777777777777,0.04419536416833125,3.8452,0.0,0.08427908271551132
2070.666666666667,1.7723555555555557,0.04407935456640644,3.8464,0.0,0.08428683131933212
2071.0,1.7695333333333332,0.04396334816192393,3.8480000000000003,0.0,0.08429097384214401
2071.3333333333335,1.7667111111111111,0.043847338559999116,3.8480000000000003,0.0,0.08430932462215424
2071.6666666666665,1.7638888888888886,0.04373133535295892,3.8492,0.0,0.0843169316649437
2072.0,1.7610666666666668,0.04361533214591873,3.8492,0.0,0.08433520048856735
2072.3333333333335,1.758244444444444,0.0434993193465516,3.85,0.0,0.08434633910655975
2072.6666666666665,1.7554222222222222,0.043383309744626786,3.8492,0.0,0.08437179028987885
2073.0,1.7526,0.043267312932471214,3.8516000000000004,0.0,0.08436872810125351
2073.3333333333335,1.7497777777777777,0.04315128414589253,3.8504,0.0,0.08439784497022629
2073.6666666666665,1.7469555555555554,0.04303528413629465,3.85,0.0,0.08441979438066483
2074.0,1.7441333333333335,0.04291926813948521,3.8504,0.0,0.0844346210360527
2074.3333333333335,1.741311111111111,0.04280326493244502,3.8524000000000003,0.0,0.08443513512611389
2074.6666666666665,1.738488888888889,0.042687271317731756,3.8548,0.0,0.08443205803632736
2075.0,1.7356666666666665,0.042571245728595386,3.8560000000000003,0.0,0.08443983644247055
2075.3333333333335,1.7328444444444444,0.04245523612667057,3.8568000000000002,0.0,0.08445117622613907
2075.6666666666665,1.730022222222222,0.04233923611707269,3.8556000000000004,0.0,0.08448032289743423
2076.0,1.7271999999999998,0.04222322651514787,3.8572,0.0,0.08448431640863419
2076.333333333333,1.7243777777777778,0.04210723290043461,3.8584,0.0,0.08449175208806992
2076.666666666667,1.7215555555555553,0.04199121370618286,3.8608000000000002,0.0,0.08448833972215652
2077.0,1.7187333333333332,0.04187521369658498,3.8624,0.0,0.08449199795722961
2077.333333333333,1.7159111111111112,0.04175920089721785,3.8636000000000004,0.0,0.08449913561344147
2077.666666666667,1.7130888888888887,0.041643191295293036,3.8644000000000003,0.0,0.08450981229543686
2078.0,1.7102666666666668,0.0415271752984836,3.8652,0.0,0.0845203623175621
2078.333333333333,1.7074444444444443,0.04141116249911647,3.8656,0.0,0.08453437685966492
2078.666666666667,1.7046222222222223,0.04129517208184552,3.8668,0.0,0.08454115688800812
2079.0,1.7017999999999998,0.04117916567736302,3.8692,0.0,0.08453714847564697
2079.3333333333335,1.6989777777777777,0.04106315287799589,3.8724000000000003,0.0,0.08452587574720383
2079.6666666666665,1.6961555555555554,0.040947146473513385,3.8716000000000004,0.0,0.0845501497387886
2080.0,1.6933333333333334,0.04083114006903088,3.8728000000000002,0.0,0.08455656468868256
2080.3333333333335,1.690511111111111,0.04071512726966375,3.874,0.0,0.0845629870891571
2080.6666666666665,1.6876888888888888,0.04059911766773894,3.8756000000000004,0.0,0.08456592261791229
2081.0,1.6848666666666665,0.04048310806581412,3.8768000000000002,0.0,0.08457234501838684
2081.3333333333335,1.6820444444444445,0.04036710485877393,3.878,0.0,0.08457867801189423
2081.6666666666665,1.6792222222222222,0.04025109845429142,3.8800000000000003,0.0,0.08457783609628677
2082.0,1.6764,0.04013508885236661,3.8824,0.0,0.08457349985837936
2082.3333333333335,1.6735777777777776,0.04001907605299948,3.8836000000000004,0.0,0.08457986265420914
2082.6666666666665,1.6707555555555555,0.039903072845959286,3.8856,0.0,0.08457914739847183
2083.0,1.6679333333333333,0.0397870728363614,3.8872,0.0,0.08458203077316284
2083.3333333333335,1.6651111111111112,0.039671050444667344,3.8884000000000003,0.0,0.08458847552537918
2083.6666666666665,1.6622888888888887,0.03955505043506946,3.8908,0.0,0.08458427339792252
2084.0,1.6594666666666666,0.039439037635702334,3.8908,0.0,0.08460144698619843
2084.333333333333,1.6566444444444441,0.03932302483633521,3.894,0.0,0.08459021896123886
2084.666666666667,1.6538222222222223,0.039207031221621946,3.894,0.0,0.08460742980241776
2085.0,1.6509999999999998,0.0390910120273702,3.8952,0.0,0.08461398631334305
2085.333333333333,1.6481777777777777,0.03897499603056076,3.8972,0.0,0.08461355417966843
2085.666666666667,1.6453555555555555,0.03885900561328981,3.8972,0.0,0.08463089913129807
2086.0,1.6425333333333332,0.03874299281392268,3.898,0.0,0.08464115113019943
2086.3333333333335,1.6397111111111111,0.03862698960688249,3.9000000000000004,0.0,0.08464072644710541
2086.6666666666665,1.6368888888888888,0.03851097041263074,3.902,0.0,0.08464029431343079
2087.0,1.6340666666666666,0.0383949544158213,3.9036000000000004,0.0,0.08464337885379791
2087.3333333333335,1.6312444444444443,0.03827895120878111,3.9052000000000002,0.0,0.08464651554822922
2087.6666666666665,1.628422222222222,0.038162948001740915,3.9052000000000002,0.0,0.08466395735740662
2088.0,1.6256000000000002,0.038046954387027654,3.9044000000000003,0.0,0.08468853682279587
2088.3333333333335,1.6227777777777777,0.037930938390218216,3.9064,0.0,0.084688201546669
2088.6666666666665,1.6199555555555556,0.03781492559085109,3.9092000000000002,0.0,0.08468076586723328
2089.0,1.617133333333333,0.037698915988926274,3.9104,0.0,0.08468753099441528
2089.3333333333335,1.614311111111111,0.03758291278188608,3.9144,0.0,0.08466949313879013
2089.6666666666665,1.6114888888888887,0.03746689998251895,3.914,0.0,0.08469045907258987
2090.0,1.6086666666666667,0.03735089677547876,3.9144,0.0,0.08470427244901657
2090.3333333333335,1.6058444444444442,0.037234890370996254,3.9164000000000003,0.0,0.08470391482114792
2090.6666666666665,1.6030222222222221,0.03711887757162913,3.9168000000000003,0.0,0.08471772074699402
2091.0,1.6001999999999998,0.03700287116714662,3.9176,0.0,0.08472791314125061
2091.333333333333,1.5973777777777776,0.03688686156522181,3.9188,0.0,0.0847344920039177
2091.666666666667,1.5945555555555555,0.0367708551607393,3.9188,0.0,0.08475159853696823
2092.0,1.5917333333333332,0.036654845558814486,3.9200000000000004,0.0,0.084757961332798
2092.333333333333,1.5889111111111112,0.03653883595688967,3.9188,0.0,0.08478545397520065
2092.666666666667,1.5860888888888887,0.036422832749849476,3.9176,0.0,0.08481285721063614
2093.0,1.5832666666666666,0.03630682634536697,3.9188,0.0,0.08481879532337189
2093.333333333333,1.5804444444444443,0.03619082313832678,3.9192,0.0,0.08483168482780457
2093.666666666667,1.577622222222222,0.03607481033895965,3.9212000000000002,0.0,0.08483023941516876
2094.0,1.5748,0.0359587911447079,3.9244000000000003,0.0,0.084818035364151
2094.3333333333335,1.5719777777777775,0.03584280072743695,3.9240000000000004,0.0,0.08483780175447464
2094.6666666666665,1.5691555555555554,0.0357267815331852,3.9272,0.0,0.08482559025287628
2095.0,1.5663333333333331,0.0356107751287027,3.9280000000000004,0.0,0.08483464270830154
2095.3333333333335,1.5635111111111109,0.035494778316547126,3.9296,0.0,0.08483659476041794
2095.6666666666665,1.5606888888888888,0.03537876231973769,3.9320000000000004,0.0,0.08483141660690308
2096.0,1.5578666666666665,0.035262755915255184,3.9328000000000003,0.0,0.08484037220478058
2096.3333333333335,1.5550444444444445,0.03514674311588806,3.934,0.0,0.08484581857919693
2096.6666666666665,1.552222222222222,0.03503073990884786,3.9352,0.0,0.08485130965709686
2097.0,1.5493999999999999,0.034914723912038426,3.9372000000000003,0.0,0.08484990149736404
2097.3333333333335,1.5465777777777776,0.03479872390244054,3.9384,0.0,0.08485566824674606
2097.6666666666665,1.5437555555555553,0.034682707905631105,3.9416,0.0,0.08484379947185516
2098.0,1.540933333333333,0.03456670469859091,3.9424,0.0,0.08485318720340729
2098.3333333333335,1.538111111111111,0.03445070788643534,3.942,0.0,0.08487319201231003
2098.6666666666665,1.5352888888888887,0.034334701481952834,3.9432,0.0,0.08487913012504578
2099.0,1.5324666666666666,0.03421868868258571,3.9436,0.0,0.0848921686410904
2099.333333333333,1.5296444444444441,0.03410267908066089,3.9436,0.0,0.08490882813930511
2099.666666666667,1.526822222222222,0.033986669478736076,3.9444000000000004,0.0,0.0849185362458229
2100.0,1.5239999999999998,0.03387066307425357,3.9440000000000004,0.0,0.08493899554014206
2100.333333333333,1.5296444444444444,0.03410267908066089,3.9452000000000003,0.0,0.08494526892900467
2100.666666666667,1.5352888888888887,0.034334701481952834,3.9468,0.0,0.08494801819324493
2101.0,1.540933333333333,0.03456670469859091,3.9456,0.0,0.08497555553913116
2101.3333333333335,1.5465777777777774,0.03479872390244054,3.9456,0.0,0.08499246835708618
2101.6666666666665,1.552222222222222,0.03503073990884786,3.9464,0.0,0.08500226587057114
2102.0,1.5578666666666665,0.035262755915255184,3.946,0.0,0.08502266556024551
2102.3333333333335,1.5635111111111109,0.035494778316547126,3.9468,0.0,0.08503243327140808
2102.6666666666665,1.5691555555555554,0.0357267815331852,3.9492000000000003,0.0,0.08502798527479172
2103.0,1.5748,0.0359587911447079,3.9492000000000003,0.0,0.08504477888345718
2103.3333333333335,1.5804444444444443,0.03619082313832678,3.95,0.0,0.08505439013242722
2103.6666666666665,1.5860888888888887,0.036422832749849476,3.95,0.0,0.08507099002599716
2104.0,1.5917333333333332,0.036654845558814486,3.9496,0.0,0.08509114384651184
2104.3333333333335,1.5973777777777776,0.03688686156522181,3.9516,0.0,0.08508992940187454
2104.6666666666665,1.6030222222222221,0.03711887757162913,3.9524000000000004,0.0,0.08509933203458786
2105.0,1.6086666666666667,0.03735089677547876,3.9552,0.0,0.08509090542793274
2105.3333333333335,1.614311111111111,0.03758291278188608,3.954,0.0,0.08511792123317719
2105.6666666666665,1.6199555555555556,0.03781492559085109,3.9556,0.0,0.08511997759342194
2106.0,1.6256000000000002,0.038046954387027654,3.9572000000000003,0.0,0.08512197434902191
2106.333333333333,1.6312444444444443,0.03827895120878111,3.9568000000000003,0.0,0.0851416140794754
2106.666666666667,1.6368888888888888,0.03851097041263074,3.9564000000000004,0.0,0.08516117930412292
2107.0,1.6425333333333332,0.03874299281392268,3.9556,0.0,0.08518423140048981
2107.333333333333,1.6481777777777777,0.03897499603056076,3.9564000000000004,0.0,0.08519300818443298
2107.666666666667,1.653822222222222,0.039207031221621946,3.9564000000000004,0.0,0.08520879596471786
2108.0,1.6594666666666666,0.039439037635702334,3.9584,0.0,0.08520672470331192
2108.333333333333,1.6651111111111112,0.039671050444667344,3.9592,0.0,0.08521531522274017
2108.666666666667,1.6707555555555555,0.039903072845959286,3.9604000000000004,0.0,0.08522023260593414
2109.0,1.6764,0.04013508885236661,3.9600000000000004,0.0,0.08523929119110107
2109.3333333333335,1.6820444444444442,0.04036710485877393,3.9604000000000004,0.0,0.08525116741657257
2109.6666666666665,1.6876888888888888,0.04059911766773894,3.9608000000000003,0.0,0.0852629691362381
2110.0,1.6933333333333331,0.04083114006903088,3.9612000000000003,0.0,0.08527471125125885
2110.3333333333335,1.6989777777777777,0.04106315287799589,3.9632,0.0,0.08527209609746933
2110.6666666666665,1.7046222222222223,0.04129517208184552,3.964,0.0,0.08528010547161102
2111.0,1.7102666666666666,0.0415271752984836,3.9644000000000004,0.0,0.08529157191514969
2111.3333333333335,1.7159111111111112,0.04175920089721785,3.964,0.0,0.08531007915735245
2111.6666666666665,1.7215555555555553,0.04199121370618286,3.9652000000000003,0.0,0.08531425893306732
2112.0,1.7271999999999998,0.04222322651514787,3.9684000000000004,0.0,0.08530057966709137
2112.3333333333335,1.7328444444444444,0.04245523612667057,3.9696000000000002,0.0,0.08530472218990326
2112.6666666666665,1.738488888888889,0.042687271317731756,3.97,0.0,0.08531594276428223
2113.0,1.744133333333333,0.04291926813948521,3.9712,0.0,0.08532006293535233
2113.3333333333335,1.7497777777777777,0.04315128414589253,3.974,0.0,0.0853099524974823
2113.6666666666665,1.7554222222222222,0.043383309744626786,3.9736000000000002,0.0,0.08532821387052536
2114.0,1.7610666666666668,0.04361533214591873,3.9756,0.0,0.08532509952783585
2114.333333333333,1.7667111111111107,0.043847338559999116,3.9772000000000003,0.0,0.08532549440860748
2114.666666666667,1.7723555555555552,0.04407935456640644,3.9788,0.0,0.08532584458589554
2115.0,1.7779999999999998,0.04431137377025607,3.9788,0.0,0.08534034341573715
2115.333333333333,1.7836444444444444,0.04454338338177877,3.9804000000000004,0.0,0.08534059673547745
2115.666666666667,1.789288888888889,0.0447754025856284,3.9824,0.0,0.08533726632595062
2116.0,1.794933333333333,0.04500742818436265,3.9828,0.0,0.08534818887710571
2116.3333333333335,1.8005777777777776,0.045239418611231486,3.9832,0.0,0.08535920083522797
2116.6666666666665,1.8062222222222222,0.04547144740740805,3.9848000000000003,0.0,0.08535958081483841
2117.0,1.8118666666666665,0.0457034730061423,3.9856000000000003,0.0,0.08536706119775772
2117.3333333333335,1.817511111111111,0.045935489012549624,3.9876,0.0,0.08536390960216522
2117.6666666666665,1.8231555555555552,0.046167501821514634,3.9892000000000003,0.0,0.08536434918642044
2118.0,1.8287999999999998,0.046399517827921954,3.9904,0.0,0.08536846190690994
2118.3333333333335,1.8344444444444443,0.0466315402292139,3.9932000000000003,0.0,0.08535858243703842
2118.6666666666665,1.8400888888888889,0.04686354024840966,3.9932000000000003,0.0,0.08537353575229645
2119.0,1.8457333333333334,0.04709555305737467,3.9928000000000003,0.0,0.08539202064275742
2119.3333333333335,1.8513777777777776,0.04732756906378199,3.9936000000000003,0.0,0.08539986610412598
2119.6666666666665,1.857022222222222,0.04755959785995856,3.9908,0.0,0.08543968945741653
2120.0,1.8626666666666665,0.047791604274038946,3.992,0.0,0.08544398844242096
2120.3333333333335,1.868311111111111,0.04802363626765782,3.9928000000000003,0.0,0.08545184880495071
2120.6666666666665,1.8739555555555556,0.04825564268173821,3.9936000000000003,0.0,0.08545972406864166
2121.0,1.8795999999999997,0.048487642700933975,3.9932000000000003,0.0,0.08547836542129517
2121.333333333333,1.8852444444444443,0.04871967149711054,3.9928000000000003,0.0,0.08549709618091583
2121.666666666667,1.8908888888888888,0.04895168110863324,3.9924000000000004,0.0,0.08551578223705292
2122.0,1.8965333333333334,0.04918370031248287,3.9928000000000003,0.0,0.08552731573581696
2122.333333333333,1.9021777777777777,0.04941571631889019,3.9928000000000003,0.0,0.08554234355688095
2122.666666666667,1.9078222222222219,0.04964773232529751,3.9948,0.0,0.08553954213857651
2123.0,1.9134666666666664,0.04987974833170483,3.9944,0.0,0.08555803447961807
2123.333333333333,1.919111111111111,0.05011178032532371,3.9956,0.0,0.08556219190359116
2123.666666666667,1.9247555555555556,0.05034377714707716,3.9968000000000004,0.0,0.08556626737117767
2124.0,1.9304000000000001,0.05057578356115755,3.9976000000000003,0.0,0.08557379245758057
2124.3333333333335,1.9360444444444442,0.050807815554776425,3.9988,0.0,0.08557765185832977
2124.6666666666665,1.9416888888888888,0.05103983795606837,3.9996,0.0,0.08558495342731476
2125.0,1.9473333333333334,0.051271844370148756,4.0,0.0,0.08559568971395493
2125.3333333333335,1.9529777777777777,0.051503860376556077,3.9996,0.0,0.08561346679925919
2125.6666666666665,1.9586222222222225,0.051735873185521086,4.002,0.0,0.08560620993375778
2126.0,1.9642666666666664,0.051967879599601474,4.002800000000001,0.0,0.08561304211616516
2126.3333333333335,1.9699111111111112,0.05219990200089342,4.006,0.0,0.08559849113225937
2126.6666666666665,1.9755555555555555,0.05243192440218536,4.0096,0.0,0.08558051288127899
2127.0,1.9812000000000003,0.05266393401370806,4.010800000000001,0.0,0.08558377623558044
2127.3333333333335,1.9868444444444446,0.052895956415,4.01,0.0,0.08560466766357422
2127.6666666666665,1.992488888888889,0.05312796922396501,4.0124,0.0,0.08559706062078476
2128.0,1.998133333333333,0.053359994822699264,4.0116000000000005,0.0,0.08561775833368301
2128.3333333333335,2.003777777777778,0.053592017223991206,4.010800000000001,0.0,0.0856383740901947
2128.6666666666665,2.0094222222222218,0.05382401084830235,4.0116000000000005,0.0,0.08564481139183044
2129.0,2.015066666666667,0.05405603005215198,4.010400000000001,0.0,0.08566899597644806
2129.333333333333,2.020711111111111,0.054288049256001614,4.010800000000001,0.0,0.0856788381934166
2129.666666666667,2.0263555555555555,0.05452006206496662,4.010800000000001,0.0,0.0856921449303627
2130.0,2.032,0.05475206208416239,4.0116000000000005,0.0,0.08569826185703278
2130.333333333333,2.037644444444444,0.05498410047266589,4.0116000000000005,0.0,0.08571138232946396
2130.666666666667,2.0432888888888887,0.05521610049186165,4.0124,0.0,0.08571731299161911
2131.0,2.0489333333333333,0.05544813248548053,4.0136,0.0,0.08571960777044296
2131.3333333333335,2.054577777777778,0.055680132504676294,4.016,0.0,0.08571114391088486
2131.6666666666665,2.0602222222222224,0.05591217089317979,4.0156,0.0,0.08572756499052048
2132.0,2.065866666666666,0.05614417091237556,4.0164,0.0,0.0857333168387413
2132.3333333333335,2.071511111111111,0.05637619011622519,4.0176,0.0,0.08573544025421143
2132.6666666666665,2.077155555555555,0.05660819653030558,4.0192000000000005,0.0,0.08573396503925323
2133.0,2.0828,0.05684021573415521,4.022,0.0,0.0857219249010086
2133.3333333333335,2.0884444444444443,0.057072247727774084,4.0216,0.0,0.08573827147483826
2133.6666666666665,2.094088888888889,0.057304266931623715,4.0212,0.0,0.08575460314750671
2134.0,2.099733333333333,0.0575362733457041,4.0224,0.0,0.08575673401355743
2134.3333333333335,2.105377777777778,0.05776828615466911,4.0236,0.0,0.0857590064406395
2134.6666666666665,2.111022222222222,0.058000311753403366,4.0248,0.0,0.08576124906539917
2135.0,2.1166666666666667,0.058232318167483754,4.026800000000001,0.0,0.08575637638568878
2135.3333333333335,2.122311111111111,0.058464330976448764,4.0256,0.0,0.08577992767095566
2135.6666666666665,2.1279555555555554,0.05869636297006764,4.0284,0.0,0.085767962038517
2136.0,2.1336,0.058928362989263405,4.0308,0.0,0.08575963228940964
2136.333333333333,2.1392444444444445,0.05916038858799766,4.03,0.0,0.08577975630760193
2136.666666666667,2.144888888888889,0.05939240779184729,4.0304,0.0,0.08578924089670181
2137.0,2.150533333333333,0.05962441420592768,4.03,0.0,0.08580584824085236
2137.333333333333,2.1561777777777773,0.059856446199546554,4.0308,0.0,0.08581177890300751
2137.666666666667,2.1618222222222223,0.06008844621874232,4.0308,0.0,0.08582478761672974
2138.0,2.1674666666666664,0.060320446237938086,4.0312,0.0,0.08583442121744156
2138.333333333333,2.1731111111111114,0.060552491021326205,4.034,0.0,0.08582285046577454
2138.666666666667,2.178755555555555,0.06078449743540659,4.0356000000000005,0.0,0.0858219787478447
2139.0,2.1844,0.0610165102443716,4.0368,0.0,0.08582469075918198
2139.3333333333335,2.1900444444444442,0.061248529448221234,4.0388,0.0,0.08582030981779099
2139.6666666666665,2.1956888888888892,0.061480529467417,4.0408,0.0,0.08581597357988358
2140.0,2.2013333333333334,0.061712561461035875,4.0412,0.0,0.0858258306980133
2140.3333333333335,2.2069777777777775,0.06194458066488551,4.042,0.0,0.08583219349384308
2140.6666666666665,2.212622222222222,0.06217659986873514,4.0444,0.0,0.0858243852853775
2141.0,2.2182666666666666,0.062408599887930905,4.0456,0.0,0.08582716435194016
2141.3333333333335,2.223911111111111,0.06264062548666516,4.0464,0.0,0.08583342283964157
2141.6666666666665,2.2295555555555557,0.06287264469051479,4.0468,0.0,0.08584324270486832
2142.0,2.2352,0.06310463831482593,4.0472,0.0,0.08585299551486969
2142.3333333333335,2.2408444444444444,0.06333667670332943,4.0476,0.0,0.08586270362138748
2142.6666666666665,2.2464888888888885,0.0635686767225252,4.0472,0.0,0.08587946742773056
2143.0,2.2521333333333335,0.06380069592637483,4.0468,0.0,0.08589617908000946
2143.3333333333335,2.2577777777777777,0.06403271513022446,4.0464,0.0,0.08591283857822418
2143.6666666666665,2.2634222222222222,0.06426472793918947,4.0452,0.0,0.08593656122684479
2144.0,2.2690666666666663,0.06450355769516136,4.0452,0.0,0.0859496146440506
2144.333333333333,2.2747111111111114,0.06477151615058574,4.046,0.0,0.08595555275678635
2144.666666666667,2.2803555555555555,0.06503948100089474,4.0464,0.0,0.08596503734588623
2145.0,2.2860000000000005,0.06530745864097298,4.0476,0.0,0.08596742153167725
2145.333333333333,2.291644444444444,0.06557541070151274,4.0468,0.0,0.08598757535219193
2145.666666666667,2.2972888888888887,0.06584340113136022,4.0472,0.0,0.08599703013896942
2146.0,2.3029333333333333,0.06611135319189998,4.05,0.0,0.08598511666059494
2146.3333333333335,2.3085777777777774,0.06637930525243974,4.051200000000001,0.0,0.085987389087677
2146.6666666666665,2.3142222222222224,0.06664725731297949,4.0520000000000005,0.0,0.0859932228922844
2147.0,2.3198666666666665,0.06691524774282698,4.0524000000000004,0.0,0.08600254356861115
2147.3333333333335,2.325511111111111,0.06718322538290522,4.0528,0.0,0.08601181209087372
2147.6666666666665,2.3311555555555556,0.06745119023321422,4.0552,0.0,0.08600332587957382
2148.0,2.3368,0.06771915508352322,4.0576,0.0,0.08599481731653214
2148.3333333333335,2.3424444444444443,0.06798711993383222,4.0584,0.0,0.0860004723072052
2148.6666666666665,2.348088888888889,0.0682550783892566,4.0596000000000005,0.0,0.08600252866744995
2149.0,2.3537333333333335,0.0685230752139887,4.0612,0.0,0.08600098639726639
2149.3333333333335,2.3593777777777776,0.06879102087964384,4.0616,0.0,0.08601003885269165
2149.6666666666665,2.365022222222222,0.06905899851972208,4.0612,0.0,0.0860261470079422
2150.0,2.3706666666666667,0.06932696337003108,4.0628,0.0,0.08602448552846909
2150.3333333333335,2.3763111111111113,0.06959492822034008,4.0636,0.0,0.08602989464998245
2150.6666666666665,2.381955555555556,0.06986289307064908,4.0652,0.0,0.08602821826934814
2151.0,2.3876,0.07013087071072732,4.0664,0.0,0.08603008091449738
2151.333333333333,2.3932444444444445,0.07039885474569019,4.066800000000001,0.0,0.0860389694571495
2151.666666666667,2.398888888888889,0.07066680680622994,4.0676000000000005,0.0,0.08604428172111511
2152.0,2.4045333333333336,0.07093479084119281,4.0680000000000005,0.0,0.08605309575796127
2152.333333333333,2.4101777777777778,0.07120274290173256,4.0688,0.0,0.08605831861495972
2152.666666666667,2.4158222222222228,0.07147071414692618,4.0696,0.0,0.08606351166963577
2153.0,2.4214666666666664,0.07173869818188905,4.0692,0.0,0.08607930690050125
2153.333333333333,2.4271111111111114,0.07200663105777494,4.0712,0.0,0.08607377856969833
2153.666666666667,2.4327555555555556,0.07227460230296856,4.0696,0.0,0.08610010892152786
2154.0,2.4384,0.0725425799430468,4.0712,0.0,0.08609803020954132
2154.3333333333335,2.4440444444444447,0.07281055118824042,4.0716,0.0,0.0861065462231636
2154.6666666666665,2.449688888888889,0.07307852882831867,4.0736,0.0,0.08610087633132935
2155.0,2.4553333333333334,0.07334646170420456,4.0724,0.0,0.08612363785505295
2155.3333333333335,2.460977777777778,0.07361445852893667,4.0736,0.0,0.08612515032291412
2155.6666666666665,2.4666222222222225,0.07388243616901491,4.0764000000000005,0.0,0.08611249923706055
2156.0,2.472266666666667,0.07415038822955466,4.0776,0.0,0.0861140564084053
2156.3333333333335,2.4779111111111107,0.07441838505428677,4.078,0.0,0.08612271398305893
2156.6666666666665,2.4835555555555557,0.0746863307199419,4.0796,0.0,0.08612075448036194
2157.0,2.4892,0.07495430836002015,4.08,0.0,0.08612940460443497
2157.3333333333335,2.4948444444444444,0.07522227321032915,4.0804,0.0,0.0861380323767662
2157.6666666666665,2.500488888888889,0.07549021887598428,4.0808,0.0,0.0861467570066452
2158.0,2.5061333333333335,0.07575820930583177,4.0816,0.0,0.08615189790725708
2158.3333333333335,2.5117777777777777,0.07602619334079463,4.083200000000001,0.0,0.08614993840456009
2158.6666666666665,2.5174222222222227,0.07629414540133439,4.083200000000001,0.0,0.08616213500499725
2159.0,2.5230666666666663,0.07656211664652801,4.083600000000001,0.0,0.08617077022790909
2159.333333333333,2.5287111111111114,0.07683008149683701,4.0844000000000005,0.0,0.0861758440732956
2159.666666666667,2.5343555555555555,0.07709803355737677,4.083200000000001,0.0,0.08619864284992218
2160.0,2.54,0.07736599840768577,4.0864,0.0,0.08618244528770447
2160.333333333333,2.528711111111111,0.07683008149683701,4.0864,0.0,0.08619455993175507
2160.666666666667,2.5174222222222227,0.07629414540133439,4.0888,0.0,0.08618547767400742
2161.0,2.5061333333333335,0.07575820930583177,4.0896,0.0,0.08619057387113571
2161.3333333333335,2.494844444444445,0.07522227321032915,4.0896,0.0,0.0862027108669281
2161.6666666666665,2.4835555555555557,0.0746863307199419,4.09,0.0,0.08621124923229218
2162.0,2.472266666666667,0.07415038822955466,4.0892,0.0,0.08623036742210388
2162.3333333333335,2.460977777777778,0.07361445852893667,4.0904,0.0,0.08623173832893372
2162.6666666666665,2.449688888888889,0.07307852882831867,4.091600000000001,0.0,0.08623313158750534
2163.0,2.4384,0.0725425799430468,4.0928,0.0,0.08623453229665756
2163.3333333333335,2.4271111111111114,0.07200663105777494,4.094,0.0,0.08623591810464859
2163.6666666666665,2.4158222222222228,0.07147071414692618,4.096,0.0,0.08623015880584717
2164.0,2.4045333333333336,0.07093479084119281,4.0956,0.0,0.0862455740571022
2164.3333333333335,2.3932444444444445,0.07039885474569019,4.0968,0.0,0.08624683320522308
2164.6666666666665,2.381955555555556,0.06986289307064908,4.099200000000001,0.0,0.08623740822076797
2165.0,2.3706666666666667,0.06932696337003108,4.099600000000001,0.0,0.0862455666065216
2165.3333333333335,2.3593777777777776,0.06879102087964384,4.102,0.0,0.08623597025871277
2165.6666666666665,2.348088888888889,0.0682550783892566,4.1036,0.0,0.08623338490724564
2166.0,2.3368,0.06771915508352322,4.104,0.0,0.08624130487442017
2166.333333333333,2.325511111111111,0.06718322538290522,4.1036,0.0,0.08625618368387222
2166.666666666667,2.3142222222222224,0.06664725731297949,4.1032,0.0,0.0862710103392601
2167.0,2.3029333333333333,0.06611135319189998,4.104,0.0,0.08627516776323318
2167.333333333333,2.291644444444444,0.06557541070151274,4.104,0.0,0.08628634363412857
2167.666666666667,2.2803555555555555,0.06503948100089474,4.106,0.0,0.08627977222204208
2168.0,2.2690666666666663,0.06450355769516136,4.1056,0.0,0.08629437536001205
2168.333333333333,2.2577777777777777,0.06403271513022446,4.1068,0.0,0.08629479259252548
2168.666666666667,2.2464888888888885,0.0635686767225252,4.107200000000001,0.0,0.086302250623703
2169.0,2.2352,0.06310463831482593,4.1052,0.0,0.08633095026016235
2169.3333333333335,2.223911111111111,0.06264062548666516,4.104,0.0,0.08635252714157104
2169.6666666666665,2.212622222222222,0.06217659986873514,4.1044,0.0,0.0863598957657814
2170.0,2.2013333333333334,0.061712561461035875,4.106,0.0,0.08635657280683517
2170.3333333333335,2.1900444444444442,0.061248529448221234,4.1064,0.0,0.08636382967233658
2170.6666666666665,2.178755555555555,0.06078449743540659,4.1056,0.0,0.0863817036151886
2171.0,2.1674666666666664,0.060320446237938086,4.106,0.0,0.08638896048069
2171.3333333333335,2.1561777777777773,0.059856446199546554,4.1036,0.0,0.08642099797725677
2171.6666666666665,2.144888888888889,0.05939240779184729,4.1036,0.0,0.08643174916505814
2172.0,2.1336,0.058928362989263405,4.104,0.0,0.08643893897533417
2172.3333333333335,2.1223111111111113,0.058464330976448764,4.106,0.0,0.08643190562725067
2172.6666666666665,2.111022222222222,0.058000311753403366,4.107600000000001,0.0,0.08642841875553131
2173.0,2.0997333333333335,0.0575362733457041,4.1080000000000005,0.0,0.08643560856580734
2173.3333333333335,2.0884444444444443,0.057072247727774084,4.1080000000000005,0.0,0.08644641190767288
2173.6666666666665,2.077155555555555,0.05660819653030558,4.1092,0.0,0.08644665032625198
2174.0,2.0658666666666665,0.05614417091237556,4.11,0.0,0.08645045757293701
2174.333333333333,2.054577777777778,0.055680132504676294,4.1112,0.0,0.0864507257938385
2174.666666666667,2.043288888888889,0.05521610049186165,4.1124,0.0,0.08645112812519073
2175.0,2.032,0.05475206208416239,4.1136,0.0,0.08645159006118774
2175.333333333333,2.020711111111111,0.054288049256001614,4.115600000000001,0.0,0.08644500374794006
2175.666666666667,2.009422222222222,0.05382401084830235,4.1160000000000005,0.0,0.08645258098840714
2176.0,1.998133333333333,0.053359994822699264,4.1176,0.0,0.08644959330558777
2176.3333333333335,1.9868444444444446,0.052895956415,4.1188,0.0,0.08645015209913254
2176.6666666666665,1.9755555555555555,0.05243192440218536,4.1196,0.0,0.08645427227020264
2177.0,1.9642666666666664,0.051967879599601474,4.1184,0.0,0.08647610992193222
2177.3333333333335,1.9529777777777777,0.051503860376556077,4.1196,0.0,0.08647667616605759
2177.6666666666665,1.9416888888888888,0.05103983795606837,4.1196,0.0,0.08648784458637238
2178.0,1.9304000000000001,0.05057578356115755,4.1204,0.0,0.08649192750453949
2178.3333333333335,1.919111111111111,0.05011178032532371,4.1204,0.0,0.08650306612253189
2178.6666666666665,1.9078222222222219,0.04964773232529751,4.12,0.0,0.08651775121688843
2179.0,1.8965333333333334,0.04918370031248287,4.12,0.0,0.08652886003255844
2179.3333333333335,1.8852444444444447,0.04871967149711054,4.1208,0.0,0.08653292059898376
2179.6666666666665,1.8739555555555556,0.04825564268173821,4.123600000000001,0.0,0.0865192636847496
2180.0,1.8626666666666665,0.047791604274038946,4.1244000000000005,0.0,0.08652327209711075
2180.3333333333335,1.851377777777778,0.04732756906378199,4.1256,0.0,0.08652371168136597
2180.6666666666665,1.8400888888888889,0.04686354024840966,4.1252,0.0,0.08653827756643295
2181.0,1.8288000000000002,0.046399517827921954,4.1256,0.0,0.08654570579528809
2181.333333333333,1.817511111111111,0.045935489012549624,4.1268,0.0,0.08654601871967316
2181.666666666667,1.8062222222222222,0.04547144740740805,4.1268,0.0,0.08655694127082825
2182.0,1.7949333333333335,0.04500742818436265,4.1256,0.0,0.08657844364643097
2182.333333333333,1.7836444444444444,0.04454338338177877,4.1268,0.0,0.0865786150097847
2182.666666666667,1.7723555555555557,0.04407935456640644,4.128,0.0,0.08657871931791306
2183.0,1.7610666666666668,0.04361533214591873,4.1288,0.0,0.08658237010240555
2183.333333333333,1.7497777777777777,0.04315128414589253,4.1304,0.0,0.08657892793416977
2183.666666666667,1.738488888888889,0.042687271317731756,4.1336,0.0,0.08656129240989685
2184.0,1.7271999999999998,0.04222322651514787,4.134,0.0,0.08656835556030273
2184.3333333333335,1.7159111111111114,0.04175920089721785,4.1344,0.0,0.08657533675432205
2184.6666666666665,1.7046222222222223,0.04129517208184552,4.1348,0.0,0.086582250893116
2185.0,1.6933333333333334,0.04083114006903088,4.1352,0.0,0.08658910542726517
2185.3333333333335,1.6820444444444445,0.04036710485877393,4.1372,0.0,0.08658173680305481
2185.6666666666665,1.6707555555555558,0.039903072845959286,4.1384,0.0,0.08658146858215332
2186.0,1.6594666666666669,0.039439037635702334,4.138,0.0,0.08659527450799942
2186.3333333333335,1.6481777777777777,0.03897499603056076,4.138,0.0,0.0866054967045784
2186.6666666666665,1.6368888888888888,0.03851097041263074,4.1388,0.0,0.08660867810249329
2187.0,1.6256000000000002,0.038046954387027654,4.139600000000001,0.0,0.08661183714866638
2187.3333333333335,1.614311111111111,0.03758291278188608,4.139600000000001,0.0,0.08662202209234238
2187.6666666666665,1.6030222222222221,0.03711887757162913,4.142,0.0,0.08661098778247833
2188.0,1.5917333333333332,0.036654845558814486,4.1408000000000005,0.0,0.08663175255060196
2188.3333333333335,1.5804444444444445,0.03619082313832678,4.142,0.0,0.08663127571344376
2188.6666666666665,1.5691555555555554,0.0357267815331852,4.1424,0.0,0.08663790673017502
2189.0,1.5578666666666665,0.035262755915255184,4.1436,0.0,0.08663757145404816
2189.333333333333,1.5465777777777776,0.03479872390244054,4.1444,0.0,0.08664083480834961
2189.666666666667,1.5352888888888887,0.034334701481952834,4.1456,0.0,0.08664054423570633
2190.0,1.524,0.03387066307425357,4.146,0.0,0.08664732426404953
2190.333333333333,1.5127111111111111,0.03340662786399662,4.1468,0.0,0.08665059506893158
2190.666666666667,1.501422222222222,0.03294259904862429,4.147600000000001,0.0,0.08665391057729721
2191.0,1.490133333333333,0.03247856703580965,4.1492,0.0,0.08665014803409576
2191.3333333333335,1.4788444444444444,0.032014535022995005,4.148000000000001,0.0,0.08667111396789551
2191.6666666666665,1.4675555555555555,0.03155049661529574,4.1492,0.0,0.0866708979010582
2192.0,1.4562666666666666,0.031086467799923412,4.1492,0.0,0.0866813138127327
2192.3333333333335,1.4449777777777777,0.03062242939222415,4.1496,0.0,0.08668825030326843
2192.6666666666665,1.4336888888888888,0.030158400576851818,4.15,0.0,0.08669520169496536
2193.0,1.4223999999999999,0.0296943749589218,4.1504,0.0,0.08670216053724289
2193.3333333333335,1.411111111111111,0.029230339748664846,4.1512,0.0,0.08670558780431747
2193.6666666666665,1.399822222222222,0.028766314130734827,4.1516,0.0,0.08671261370182037
2194.0,1.3885333333333334,0.028302282117920186,4.1544,0.0,0.08669845014810562
2194.3333333333335,1.3772444444444445,0.02783824051277861,4.154,0.0,0.08671259135007858
2194.6666666666665,1.3659555555555556,0.027374214894848592,4.1536,0.0,0.08672671020030975
2195.0,1.3546666666666665,0.026910189276918572,4.155600000000001,0.0,0.08671960979700089
2195.3333333333335,1.3433777777777778,0.02644615406666162,4.1544,0.0,0.08674078434705734
2195.6666666666665,1.3320888888888889,0.025982118856404668,4.1544,0.0,0.0867513045668602
2196.0,1.3208,0.025518090041032337,4.156000000000001,0.0,0.0867476537823677
2196.333333333333,1.309511111111111,0.02505405962693885,4.155600000000001,0.0,0.08676163852214813
2196.666666666667,1.2982222222222224,0.02459002761412421,4.155600000000001,0.0,0.08677203953266144
2197.0,1.2869333333333333,0.024125989206424947,4.1544,0.0,0.08679301291704178
2197.333333333333,1.2756444444444444,0.023661968384658394,4.156000000000001,0.0,0.08678914606571198
2197.666666666667,1.2643555555555555,0.023197928378237975,4.1564000000000005,0.0,0.0867958590388298
2198.0,1.2530666666666668,0.022733899562865645,4.1552,0.0,0.0868166834115982
2198.333333333333,1.2417777777777779,0.022269862753887537,4.155600000000001,0.0,0.08682328462600708
2198.666666666667,1.230488888888889,0.02180583233979405,4.1564000000000005,0.0,0.08682624995708466
2199.0,1.2191999999999998,0.02134180352442172,4.1552,0.0,0.08684686571359634
2199.3333333333335,1.2079111111111112,0.02087777470904939,4.156000000000001,0.0,0.08684970438480377
2199.6666666666665,1.1966222222222223,0.020413741097513594,4.1576,0.0,0.08684538304805756
2200.0,1.1853333333333333,0.019949704288535486,4.1576,0.0,0.08685518056154251
2200.3333333333335,1.1740444444444444,0.019485680269326622,4.1584,0.0,0.08685783296823502
2200.6666666666665,1.1627555555555555,0.01902164825651198,4.1596,0.0,0.08685693889856339
2201.0,1.1514666666666666,0.018557617842418495,4.1604,0.0,0.08685959130525589
2201.3333333333335,1.1401777777777777,0.018093584230882698,4.1596,0.0,0.08687634766101837
2201.6666666666665,1.1288888888888886,0.017629549020625745,4.1612,0.0,0.08687179535627365
2202.0,1.1176,0.017165523402695726,4.1612,0.0,0.0868813619017601
2202.3333333333335,1.106311111111111,0.016701486593717618,4.1612,0.0,0.08689091354608536
2202.6666666666665,1.0950222222222221,0.016237454580902977,4.162,0.0,0.08689331263303757
2203.0,1.0837333333333332,0.015773425765530646,4.164000000000001,0.0,0.08688507229089737
2203.3333333333335,1.0724444444444443,0.01530939215399485,4.164000000000001,0.0,0.08689454197883606
2203.6666666666665,1.0611555555555554,0.014845364937343675,4.163600000000001,0.0,0.0869075283408165
2204.0,1.0498666666666665,0.014381326529644411,4.1632,0.0,0.08692046254873276
2204.333333333333,1.0385777777777776,0.01391729451682977,4.1644000000000005,0.0,0.08691918849945068
2204.666666666667,1.027288888888889,0.013453262504015129,4.1644000000000005,0.0,0.08692854642868042
2205.0,1.016,0.01298923288928222,4.164000000000001,0.0,0.08694139868021011
2205.333333333333,1.0047111111111109,0.012525199277746424,4.1652000000000005,0.0,0.08694000542163849
2205.666666666667,0.9934222222222221,0.012061171261734671,4.1652000000000005,0.0,0.08694919943809509
2206.0,0.9821333333333332,0.011597137650198874,4.1656,0.0,0.08695480972528458
2206.3333333333335,0.9708444444444444,0.011133108035465966,4.1668,0.0,0.0869532972574234
2206.6666666666665,0.9595555555555555,0.01066907442393017,4.1688,0.0,0.08694469183683395
2207.0,0.9482666666666667,0.010205043210476106,4.1684,0.0,0.08695732802152634
2207.3333333333335,0.9369777777777778,0.009741013595743198,4.1672,0.0,0.08697707951068878
2207.6666666666665,0.9256888888888888,0.009276979184846823,4.168,0.0,0.08697910606861115
2208.0,0.9143999999999999,0.008812952767556226,4.1704,0.0,0.08696697652339935
2208.3333333333335,0.9031111111111111,0.008348916757938696,4.17,0.0,0.08697971701622009
2208.6666666666665,0.8918222222222222,0.007884883945763477,4.1704,0.0,0.08698537945747375
2209.0,0.8805333333333334,0.007420855130391146,4.17,0.0,0.08699814975261688
2209.3333333333335,0.8692444444444445,0.00695682471629766,4.1696,0.0,0.08701097965240479
2209.6666666666665,0.8579555555555555,0.006492792703483019,4.1696,0.0,0.08702028542757034
2210.0,0.8466666666666666,0.006028757493226067,4.171600000000001,0.0,0.08701188862323761
2210.3333333333335,0.8353777777777778,0.005564727079132581,4.1736,0.0,0.08700355142354965
2210.6666666666665,0.8240888888888889,0.005100695865678517,4.176,0.0,0.08699171245098114
2211.0,0.8127999999999999,0.0046366650519047425,4.176,0.0,0.08700117468833923
2211.333333333333,0.8015111111111111,0.004172631440368946,4.1772,0.0,0.0870000422000885
2211.666666666667,0.7902222222222222,0.00370860102627546,4.1768,0.0,0.08701318502426147
2212.0,0.7789333333333334,0.0032445682141002408,4.1768,0.0,0.0870228186249733
2212.333333333333,0.7676444444444444,0.0027805366009658883,4.1768,0.0,0.08703248202800751
2212.666666666667,0.7563555555555557,0.0023165047879913914,4.1768,0.0,0.08704213798046112
2213.0,0.7450666666666665,0.0018524739742176166,4.178,0.0,0.08704112470149994
2213.333333333333,0.7337777777777775,0.0013884415617226864,4.178,0.0,0.08705083280801773
2213.666666666667,0.7224888888888888,0.0009244106480288394,4.1792,0.0,0.0870499312877655
2214.0,0.7111999999999998,0.00046037788581365646,4.182,0.0,0.08703485131263733
2214.3333333333335,0.6999111111111112,0.0,4.180400000000001,0.0,0.08705873042345047
2214.6666666666665,0.6886222222222221,0.0,4.180400000000001,0.0,0.08706838637590408
2215.0,0.677333333333333,0.0,4.182,0.0,0.08706380426883698
2215.3333333333335,0.6660444444444444,0.0,4.1828,0.0,0.08706624060869217
2215.6666666666665,0.6547555555555553,0.0,4.1816,0.0,0.08708635717630386
2216.0,0.6434666666666667,0.0,4.1836,0.0,0.08707807958126068
2216.3333333333335,0.6321777777777776,0.0,4.1832,0.0,0.08709106594324112
2216.6666666666665,0.620888888888889,0.0,4.182,0.0,0.08711107820272446
2217.0,0.6095999999999999,0.0,4.1836,0.0,0.08710616827011108
2217.3333333333335,0.5983111111111109,0.0,4.1844,0.0,0.08710829168558121
2217.6666666666665,0.5870222222222222,0.0,4.1848,0.0,0.0871138870716095
2218.0,0.5757333333333332,0.0,4.1852,0.0,0.0871194377541542
2218.3333333333335,0.5644444444444444,0.0,4.1848,0.0,0.08713199943304062
2218.6666666666665,0.5531555555555555,0.0,4.1848,0.0,0.08714095503091812
2219.0,0.5418666666666664,0.0,4.1864,0.0,0.0871356800198555
2219.333333333333,0.5305777777777777,0.0,4.1864,0.0,0.08714456856250763
2219.666666666667,0.5192888888888886,0.0,4.1872,0.0,0.0871463492512703
2220.0,0.508,0.0,4.19,0.0,0.08713038265705109
2220.333333333333,0.5053188888888889,0.0,4.1912,0.0,0.08712858706712723
2220.666666666667,0.5026377777777777,0.0,4.192,0.0,0.08713037520647049
2221.0,0.4999566666666666,0.0,4.1932,0.0,0.08712860196828842
2221.3333333333335,0.49727555555555547,0.0,4.1924,0.0,0.08714453876018524
2221.6666666666665,0.49459444444444445,0.0,4.1928,0.0,0.08714982867240906
2222.0,0.4919133333333333,0.0,4.1932,0.0,0.08715511858463287
2222.3333333333335,0.48923222222222223,0.0,4.1932,0.0,0.0871640220284462
2222.6666666666665,0.48655111111111116,0.0,4.1928,0.0,0.08717650920152664
2223.0,0.48387,0.0,4.1936,0.0,0.08717837184667587
2223.3333333333335,0.4811888888888889,0.0,4.1936,0.0,0.08718731999397278
2223.6666666666665,0.47850777777777775,0.0,4.1936,0.0,0.08719625324010849
2224.0,0.4758266666666666,0.0,4.1936,0.0,0.08720516413450241
2224.3333333333335,0.4731455555555555,0.0,4.194,0.0,0.08721048384904861
2224.6666666666665,0.47046444444444446,0.0,4.1944,0.0,0.08721577376127243
2225.0,0.46778333333333333,0.0,4.1948,0.0,0.08722104877233505
2225.3333333333335,0.46510222222222225,0.0,4.194,0.0,0.08723695576190948
2225.6666666666665,0.46242111111111117,0.0,4.1948,0.0,0.08723863959312439
2226.0,0.45974000000000004,0.0,4.1956,0.0,0.0872402936220169
2226.333333333333,0.4570588888888889,0.0,4.1972000000000005,0.0,0.08723484724760056
2226.666666666667,0.45437777777777777,0.0,4.1968000000000005,0.0,0.08724711835384369
2227.0,0.45169666666666664,0.0,4.1952,0.0,0.08727002143859863
2227.333333333333,0.44901555555555556,0.0,4.196000000000001,0.0,0.08727160096168518
2227.666666666667,0.4463344444444444,0.0,4.196000000000001,0.0,0.08728033304214478
2228.0,0.4436533333333333,0.0,4.1948,0.0,0.08729972690343857
2228.333333333333,0.44097222222222227,0.0,4.196000000000001,0.0,0.08729774504899979
2228.666666666667,0.43829111111111113,0.0,4.1956,0.0,0.08730995655059814
2229.0,0.43561,0.0,4.1972000000000005,0.0,0.08730442821979523
2229.3333333333335,0.43292888888888886,0.0,4.1976,0.0,0.08730956166982651
2229.6666666666665,0.43024777777777784,0.0,4.1984,0.0,0.08731111884117126
2230.0,0.4275666666666667,0.0,4.2004,0.0,0.08730199187994003
2230.3333333333335,0.42488555555555557,0.0,4.2012,0.0,0.08730345964431763
2230.6666666666665,0.42220444444444444,0.0,4.202,0.0,0.08730487525463104
2231.0,0.4195233333333333,0.0,4.202,0.0,0.08731334656476974
2231.3333333333335,0.4168422222222222,0.0,4.2016,0.0,0.087325319647789
2231.6666666666665,0.4141611111111111,0.0,4.2028,0.0,0.08732303977012634
2232.0,0.41147999999999996,0.0,4.204400000000001,0.0,0.08731718361377716
2232.3333333333335,0.4087988888888889,0.0,4.206,0.0,0.087311290204525
2232.6666666666665,0.4061177777777778,0.0,4.2064,0.0,0.08731615543365479
2233.0,0.40343666666666667,0.0,4.2072,0.0,0.08731746673583984
2233.3333333333335,0.40075555555555553,0.0,4.2072,0.0,0.08732583373785019
2233.6666666666665,0.39807444444444445,0.0,4.208,0.0,0.08732704818248749
2234.0,0.3953933333333333,0.0,4.2092,0.0,0.08732465654611588
2234.333333333333,0.3927122222222222,0.0,4.2084,0.0,0.08733993023633957
2234.666666666667,0.3900311111111111,0.0,4.2104,0.0,0.08733031153678894
2235.0,0.38735,0.0,4.21,0.0,0.08734194189310074
2235.333333333333,0.3846688888888889,0.0,4.2128000000000005,0.0,0.08732514828443527
2235.666666666667,0.3819877777777778,0.0,4.2132000000000005,0.0,0.08732959628105164
2236.0,0.3793066666666667,0.0,4.212000000000001,0.0,0.08734819293022156
2236.3333333333335,0.37662555555555555,0.0,4.2116,0.0,0.08735963702201843
2236.6666666666665,0.3739444444444444,0.0,4.2136000000000005,0.0,0.08734976500272751
2237.0,0.3712633333333333,0.0,4.214,0.0,0.08735411614179611
2237.3333333333335,0.3685822222222222,0.0,4.214,0.0,0.08736199885606766
2237.6666666666665,0.3659011111111111,0.0,4.2144,0.0,0.08736629784107208
2238.0,0.36322,0.0,4.2148,0.0,0.0873706042766571
2238.3333333333335,0.3605388888888889,0.0,4.2152,0.0,0.08737488836050034
2238.6666666666665,0.3578577777777778,0.0,4.2148,0.0,0.08738627284765244
2239.0,0.35517666666666664,0.0,4.2148,0.0,0.08739412575960159
2239.3333333333335,0.35249555555555556,0.0,4.214,0.0,0.08740910142660141
2239.6666666666665,0.3498144444444445,0.0,4.2144,0.0,0.0874134749174118
2240.0,0.34713333333333335,0.0,4.214,0.0,0.08742496371269226
2240.3333333333335,0.3444522222222222,0.0,4.2152,0.0,0.08742228895425797
2240.6666666666665,0.3417711111111111,0.0,4.2144,0.0,0.08743742853403091
2241.0,0.33908999999999995,0.0,4.2136000000000005,0.0,0.08745259046554565
2241.333333333333,0.3364088888888888,0.0,4.214,0.0,0.0874570831656456
2241.666666666667,0.33372777777777773,0.0,4.2132000000000005,0.0,0.08747221529483795
2242.0,0.33104666666666666,0.0,4.2144,0.0,0.08746954798698425
2242.333333333333,0.3283655555555556,0.0,4.2132000000000005,0.0,0.08748819679021835
2242.666666666667,0.3256844444444445,0.0,4.2132000000000005,0.0,0.08749614655971527
2243.0,0.32300333333333336,0.0,4.2136000000000005,0.0,0.08750052750110626
2243.333333333333,0.32032222222222223,0.0,4.2116,0.0,0.08752625435590744
2243.666666666667,0.3176411111111111,0.0,4.2128000000000005,0.0,0.08752360939979553
2244.0,0.31495999999999996,0.0,4.212400000000001,0.0,0.08753520250320435
2244.3333333333335,0.31227888888888883,0.0,4.2128000000000005,0.0,0.0875396728515625
2244.6666666666665,0.30959777777777775,0.0,4.2128000000000005,0.0,0.08754771947860718
2245.0,0.30691666666666667,0.0,4.2136000000000005,0.0,0.08754860609769821
2245.3333333333335,0.30423555555555554,0.0,4.2132000000000005,0.0,0.08756016939878464
2245.6666666666665,0.3015544444444444,0.0,4.2132000000000005,0.0,0.08756817132234573
2246.0,0.2988733333333333,0.0,4.2144,0.0,0.08756548166275024
2246.3333333333335,0.2961922222222222,0.0,4.2152,0.0,0.08756634593009949
2246.6666666666665,0.2935111111111111,0.0,4.2148,0.0,0.0875779464840889
2247.0,0.29083000000000003,0.0,4.2144,0.0,0.0875895619392395
2247.3333333333335,0.2881488888888889,0.0,4.2156,0.0,0.08758692443370819
2247.6666666666665,0.28546777777777776,0.0,4.2172,0.0,0.08758073300123215
2248.0,0.2827866666666667,0.0,4.2188,0.0,0.08757451921701431
2248.3333333333335,0.28010555555555555,0.0,4.2196,0.0,0.08757542818784714
2248.6666666666665,0.2774244444444444,0.0,4.2196,0.0,0.08758343756198883
2249.0,0.2747433333333333,0.0,4.220000000000001,0.0,0.0875878781080246
2249.333333333333,0.27206222222222215,0.0,4.220400000000001,0.0,0.08759229630231857
2249.666666666667,0.2693811111111111,0.0,4.2216000000000005,0.0,0.08758959919214249
2250.0,0.2667,0.0,4.222,0.0,0.08759402483701706
2250.333333333333,0.26401888888888886,0.0,4.222,0.0,0.08760200440883636
2250.666666666667,0.2613377777777778,0.0,4.2216000000000005,0.0,0.08761352300643921
2251.0,0.25865666666666665,0.0,4.2228,0.0,0.08761085569858551
2251.3333333333335,0.25597555555555557,0.0,4.2236,0.0,0.08761177211999893
2251.6666666666665,0.25329444444444443,0.0,4.2228,0.0,0.08762691915035248
2252.0,0.25061333333333335,0.0,4.2228,0.0,0.08763492107391357
2252.3333333333335,0.2479322222222222,0.0,4.2232,0.0,0.08763931691646576
2252.6666666666665,0.2452511111111111,0.0,4.2228,0.0,0.0876508429646492
2253.0,0.24257,0.0,4.2236,0.0,0.08765165507793427
2253.3333333333335,0.23988888888888887,0.0,4.2228,0.0,0.08766672015190125
2253.6666666666665,0.23720777777777774,0.0,4.2216000000000005,0.0,0.08768535405397415
2254.0,0.23452666666666666,0.0,4.222,0.0,0.08768969029188156
2254.3333333333335,0.23184555555555553,0.0,4.2224,0.0,0.08769403398036957
2254.6666666666665,0.22916444444444445,0.0,4.2224,0.0,0.0877019539475441
2255.0,0.22648333333333331,0.0,4.2208000000000006,0.0,0.0877242162823677
2255.3333333333335,0.2238022222222222,0.0,4.220400000000001,0.0,0.08773576468229294
2255.6666666666665,0.22112111111111107,0.0,4.2208000000000006,0.0,0.08774019777774811
2256.0,0.21843999999999997,0.0,4.2212000000000005,0.0,0.08774466067552567
2256.333333333333,0.21575888888888892,0.0,4.2208000000000006,0.0,0.08775629103183746
2256.666666666667,0.21307777777777778,0.0,4.2224,0.0,0.08775008469820023
2257.0,0.21039666666666665,0.0,4.2224,0.0,0.08775821328163147
2257.333333333333,0.20771555555555551,0.0,4.222,0.0,0.08776994049549103
2257.666666666667,0.2050344444444444,0.0,4.2224,0.0,0.08777454495429993
2258.0,0.2023533333333333,0.0,4.2228,0.0,0.087779201567173
2258.333333333333,0.1996722222222222,0.0,4.2232,0.0,0.08778391033411026
2258.666666666667,0.1969911111111111,0.0,4.2224,0.0,0.08779937028884888
2259.0,0.19430999999999998,0.0,4.2232,0.0,0.087800532579422
2259.3333333333335,0.19162888888888885,0.0,4.2224,0.0,0.0878160372376442
2259.6666666666665,0.18894777777777771,0.0,4.2248,0.0,0.08780292421579361
2260.0,0.18626666666666664,0.0,4.2244,0.0,0.08781486749649048
2260.3333333333335,0.18358555555555553,0.0,4.2236,0.0,0.08783037960529327
2260.6666666666665,0.18090444444444442,0.0,4.2236,0.0,0.08783869445323944
2261.0,0.1782233333333333,0.0,4.2248,0.0,0.08783630281686783
2261.3333333333335,0.17554222222222218,0.0,4.2264,0.0,0.08783028274774551
2261.6666666666665,0.1728611111111111,0.0,4.228800000000001,0.0,0.08781708776950836
2262.0,0.17017999999999997,0.0,4.2292000000000005,0.0,0.08782170712947845
2262.3333333333335,0.16749888888888884,0.0,4.2304,0.0,0.08781912177801132
2262.6666666666665,0.16481777777777776,0.0,4.2304,0.0,0.08782719820737839
2263.0,0.16213666666666662,0.0,4.23,0.0,0.08783876895904541
2263.3333333333335,0.15945555555555554,0.0,4.2312,0.0,0.08783597499132156
2263.6666666666665,0.1567744444444444,0.0,4.2304,0.0,0.08785097301006317
2264.0,0.1540933333333333,0.0,4.2308,0.0,0.08785516023635864
2264.333333333333,0.15141222222222217,0.0,4.2312,0.0,0.08785925805568695
2264.666666666667,0.14873111111111106,0.0,4.2312,0.0,0.08786686509847641
2265.0,0.14605,0.0,4.2312,0.0,0.0878743976354599
2265.333333333333,0.14336888888888888,0.0,4.232,0.0,0.08787468820810318
2265.666666666667,0.14068777777777774,0.0,4.2324,0.0,0.0878785029053688
2266.0,0.1380066666666666,0.0,4.2324,0.0,0.08788581192493439
2266.3333333333335,0.1353255555555555,0.0,4.2328,0.0,0.08788944035768509
2266.6666666666665,0.13264444444444443,0.0,4.2328,0.0,0.08789657056331635
2267.0,0.12996333333333332,0.0,4.2332,0.0,0.0879000574350357
2267.3333333333335,0.12728222222222219,0.0,4.2332,0.0,0.08790706098079681
2267.6666666666665,0.12460111111111107,0.0,4.232,0.0,0.08792474120855331
2268.0,0.12191999999999995,0.0,4.2328,0.0,0.08792442083358765
2268.3333333333335,0.11923888888888887,0.0,4.2324,0.0,0.08793477714061737
2268.6666666666665,0.11655777777777776,0.0,4.2332,0.0,0.08793433755636215
2269.0,0.11387666666666663,0.0,4.2332,0.0,0.08794102072715759
2269.3333333333335,0.1111955555555555,0.0,4.236,0.0,0.08792256563901901
2269.6666666666665,0.1085144444444444,0.0,4.2372000000000005,0.0,0.08791840821504593
2270.0,0.10583333333333332,0.0,4.238,0.0,0.08791779726743698
2270.3333333333335,0.1031522222222222,0.0,4.238,0.0,0.08792432397603989
2270.6666666666665,0.10047111111111108,0.0,4.2388,0.0,0.08792366087436676
2271.0,0.09778999999999996,0.0,4.2396,0.0,0.08792299032211304
2271.333333333333,0.09510888888888883,0.0,4.2384,0.0,0.08794022351503372
2271.666666666667,0.09242777777777776,0.0,4.2392,0.0,0.08793956786394119
2272.0,0.08974666666666664,0.0,4.2404,0.0,0.08793533593416214
2272.333333333333,0.08706555555555552,0.0,4.2396,0.0,0.08794901520013809
2272.666666666667,0.0843844444444444,0.0,4.2396,0.0,0.0879555493593216
2273.0,0.08170333333333328,0.0,4.24,0.0,0.08795855939388275
2273.333333333333,0.0790222222222222,0.0,4.2404,0.0,0.0879616066813469
2273.666666666667,0.07634111111111108,0.0,4.24,0.0,0.08797190338373184
2274.0,0.07365999999999998,0.0,4.2408,0.0,0.08797150105237961
2274.3333333333335,0.07097888888888884,0.0,4.2428,0.0,0.08796041458845139
2274.6666666666665,0.06829777777777772,0.0,4.244400000000001,0.0,0.08795300871133804
2275.0,0.0656166666666666,0.0,4.2452000000000005,0.0,0.08795280754566193
2275.3333333333335,0.06293555555555548,0.0,4.246,0.0,0.08795269578695297
2275.6666666666665,0.06025444444444436,0.0,4.2488,0.0,0.08793479949235916
2276.0,0.05757333333333333,0.0,4.2476,0.0,0.08795274794101715
2276.3333333333335,0.05489222222222221,0.0,4.2472,0.0,0.08796359598636627
2276.6666666666665,0.0522111111111111,0.0,4.2472,0.0,0.08797094225883484
2277.0,0.04952999999999998,0.0,4.2476,0.0,0.08797476440668106
2277.3333333333335,0.04684888888888886,0.0,4.2472,0.0,0.08798578381538391
2277.6666666666665,0.04416777777777773,0.0,4.2476,0.0,0.0879896953701973
2278.0,0.04148666666666661,0.0,4.25,0.0,0.08797580748796463
2278.3333333333335,0.03880555555555549,0.0,4.2496,0.0,0.08798698335886002
2278.6666666666665,0.03612444444444437,0.0,4.25,0.0,0.08799102157354355
2279.0,0.03344333333333325,0.0,4.2504,0.0,0.08799509704113007
2279.333333333333,0.03076222222222222,0.0,4.2508,0.0,0.08799916505813599
2279.666666666667,0.028081111111111102,0.0,4.2512,0.0,0.0880032554268837
2280.0,0.0254,0.0,4.2516,0.0,0.0880073681473732
2280.333333333333,0.028081111111111105,0.0,4.252,0.0,0.08801146596670151
2280.666666666667,0.03076222222222222,0.0,4.2544,0.0,0.08799770474433899
2281.0,0.03344333333333333,0.0,4.2556,0.0,0.08799469470977783
2281.3333333333335,0.03612444444444444,0.0,4.256,0.0,0.08799883723258972
2281.6666666666665,0.03880555555555555,0.0,4.2552,0.0,0.08801370859146118
2282.0,0.041486666666666665,0.0,4.2544,0.0,0.08802856504917145
2282.3333333333335,0.04416777777777778,0.0,4.2536000000000005,0.0,0.08804341405630112
2282.6666666666665,0.04684888888888889,0.0,4.252400000000001,0.0,0.08806180953979492
2283.0,0.04953,0.0,4.252800000000001,0.0,0.08806585520505905
2283.3333333333335,0.05221111111111111,0.0,4.2548,0.0,0.0880555510520935
2283.6666666666665,0.054892222222222224,0.0,4.2568,0.0,0.08804521709680557
2284.0,0.05757333333333333,0.0,4.2588,0.0,0.08803482353687286
2284.3333333333335,0.060254444444444444,0.0,4.26,0.0,0.08803153038024902
2284.6666666666665,0.06293555555555556,0.0,4.2596,0.0,0.08804244548082352
2285.0,0.06561666666666666,0.0,4.2592,0.0,0.08805330842733383
2285.3333333333335,0.06829777777777779,0.0,4.260800000000001,0.0,0.08804623782634735
2285.6666666666665,0.0709788888888889,0.0,4.260400000000001,0.0,0.08805696666240692
2286.0,0.07365999999999999,0.0,4.2612000000000005,0.0,0.08805691450834274
2286.333333333333,0.07634111111111111,0.0,4.260800000000001,0.0,0.08806753903627396
2286.666666666667,0.07902222222222222,0.0,4.26,0.0,0.08808169513940811
2287.0,0.08170333333333332,0.0,4.260400000000001,0.0,0.08808506280183792
2287.333333333333,0.08438444444444444,0.0,4.26,0.0,0.08809558302164078
2287.666666666667,0.08706555555555556,0.0,4.2596,0.0,0.08810611069202423
2288.0,0.08974666666666666,0.0,4.260400000000001,0.0,0.08810586482286453
2288.333333333333,0.09242777777777778,0.0,4.2612000000000005,0.0,0.08810556679964066
2288.666666666667,0.09510888888888888,0.0,4.2616000000000005,0.0,0.0881088376045227
2289.0,0.09779000000000002,0.0,4.2632,0.0,0.08810136467218399
2289.3333333333335,0.10047111111111111,0.0,4.2636,0.0,0.08810461312532425
2289.6666666666665,0.10315222222222223,0.0,4.2636,0.0,0.08811142295598984
2290.0,0.10583333333333333,0.0,4.264,0.0,0.08811463415622711
2290.3333333333335,0.10851444444444446,0.0,4.2644,0.0,0.08811784535646439
2290.6666666666665,0.11119555555555556,0.0,4.2652,0.0,0.08811747282743454
2291.0,0.11387666666666668,0.0,4.2648,0.0,0.08812785148620605
2291.3333333333335,0.11655777777777777,0.0,4.2648,0.0,0.08813467621803284
2291.6666666666665,0.1192388888888889,0.0,4.2652,0.0,0.08813793957233429
2292.0,0.12192000000000003,0.0,4.266,0.0,0.08813764154911041
2292.3333333333335,0.12460111111111112,0.0,4.2672,0.0,0.0881337821483612
2292.6666666666665,0.12728222222222224,0.0,4.2676,0.0,0.08813712000846863
2293.0,0.12996333333333332,0.0,4.268400000000001,0.0,0.08813691884279251
2293.3333333333335,0.13264444444444445,0.0,4.268800000000001,0.0,0.08814031630754471
2293.6666666666665,0.1353255555555556,0.0,4.2708,0.0,0.0881294533610344
2294.0,0.13800666666666667,0.0,4.2708,0.0,0.08813650906085968
2294.333333333333,0.1406877777777778,0.0,4.272,0.0,0.08813288807868958
2294.666666666667,0.14336888888888893,0.0,4.2728,0.0,0.08813286572694778
2295.0,0.14605,0.0,4.2732,0.0,0.08813643455505371
2295.333333333333,0.14873111111111112,0.0,4.2756,0.0,0.08812221139669418
2295.666666666667,0.15141222222222223,0.0,4.276,0.0,0.08812586963176727
2296.0,0.15409333333333336,0.0,4.2776000000000005,0.0,0.08811887353658676
2296.3333333333335,0.15677444444444447,0.0,4.276800000000001,0.0,0.0881332978606224
2296.6666666666665,0.15945555555555557,0.0,4.276,0.0,0.08814773708581924
2297.0,0.16213666666666668,0.0,4.277200000000001,0.0,0.08814433217048645
2297.3333333333335,0.16481777777777779,0.0,4.2784,0.0,0.08814096450805664
2297.6666666666665,0.1674988888888889,0.0,4.276800000000001,0.0,0.08816256374120712
2298.0,0.17018000000000003,0.0,4.277200000000001,0.0,0.08816633373498917
2298.3333333333335,0.17286111111111113,0.0,4.2776000000000005,0.0,0.08817008882761002
2298.6666666666665,0.17554222222222227,0.0,4.2780000000000005,0.0,0.08817382156848907
2299.0,0.17822333333333334,0.0,4.2780000000000005,0.0,0.08818110823631287
2299.3333333333335,0.18090444444444445,0.0,4.277200000000001,0.0,0.08819551765918732
2299.6666666666665,0.18358555555555559,0.0,4.276400000000001,0.0,0.08820991963148117
2300.0,0.18626666666666666,0.0,4.2776000000000005,0.0,0.08820641785860062
2300.3333333333335,0.1889477777777778,0.0,4.277200000000001,0.0,0.08821716904640198
2300.6666666666665,0.19162888888888893,0.0,4.276400000000001,0.0,0.08823147416114807
2301.0,0.19431000000000004,0.0,4.276,0.0,0.08824218809604645
2301.333333333333,0.19699111111111112,0.0,4.2748,0.0,0.08826004713773727
2301.666666666667,0.19967222222222222,0.0,4.276,0.0,0.08825638145208359
2302.0,0.20235333333333336,0.0,4.276800000000001,0.0,0.08825623989105225
2302.333333333333,0.2050344444444445,0.0,4.2776000000000005,0.0,0.08825601637363434
2302.666666666667,0.20771555555555557,0.0,4.2780000000000005,0.0,0.08825939148664474
2303.0,0.2103966666666667,0.0,4.2792,0.0,0.08825554698705673
2303.333333333333,0.2130777777777778,0.0,4.28,0.0,0.08825524151325226
2303.666666666667,0.21575888888888892,0.0,4.2808,0.0,0.08825492113828659
2304.0,0.21844,0.0,4.2788,0.0,0.0882796198129654
2304.3333333333335,0.22112111111111113,0.0,4.277200000000001,0.0,0.08830072730779648
2304.6666666666665,0.22380222222222226,0.0,4.2788,0.0,0.08829321712255478
2305.0,0.22648333333333331,0.0,4.2776000000000005,0.0,0.08831073343753815
2305.3333333333335,0.22916444444444445,0.0,4.276800000000001,0.0,0.08832462131977081
2305.6666666666665,0.23184555555555558,0.0,4.277200000000001,0.0,0.08832772821187973
2306.0,0.2345266666666667,0.0,4.2776000000000005,0.0,0.08833079040050507
2306.3333333333335,0.2372077777777778,0.0,4.2776000000000005,0.0,0.08833738416433334
2306.6666666666665,0.23988888888888887,0.0,4.2784,0.0,0.08833673596382141
2307.0,0.24257,0.0,4.2784,0.0,0.08834319561719894
2307.3333333333335,0.24525111111111114,0.0,4.2776000000000005,0.0,0.08835681527853012
2307.6666666666665,0.24793222222222225,0.0,4.2784,0.0,0.0883561298251152
2308.0,0.25061333333333335,0.0,4.2796,0.0,0.08835181593894958
2308.3333333333335,0.25329444444444443,0.0,4.2788,0.0,0.08836539834737778
2308.6666666666665,0.25597555555555557,0.0,4.2796,0.0,0.0883646309375763
2309.0,0.25865666666666665,0.0,4.2816,0.0,0.08835308253765106
2309.333333333333,0.2613377777777778,0.0,4.2824,0.0,0.08835231512784958
2309.666666666667,0.26401888888888886,0.0,4.2824,0.0,0.08835867792367935
2310.0,0.2667,0.0,4.2824,0.0,0.08836500346660614
2310.333333333333,0.2693811111111111,0.0,4.2836,0.0,0.08836059272289276
2310.666666666667,0.2720622222222222,0.0,4.2844,0.0,0.0883597657084465
2311.0,0.27474333333333334,0.0,4.2832,0.0,0.08837683498859406
2311.3333333333335,0.2774244444444444,0.0,4.284800000000001,0.0,0.08836881816387177
2311.6666666666665,0.28010555555555555,0.0,4.284800000000001,0.0,0.08837514370679855
2312.0,0.2827866666666667,0.0,4.284,0.0,0.08838863670825958
2312.3333333333335,0.2854677777777778,0.0,4.2836,0.0,0.08839855343103409
2312.6666666666665,0.28814888888888895,0.0,4.2812,0.0,0.08842641115188599
2313.0,0.29083000000000003,0.0,4.2812,0.0,0.08843274414539337
2313.3333333333335,0.2935111111111111,0.0,4.2804,0.0,0.08844627439975739
2313.6666666666665,0.2961922222222222,0.0,4.2808,0.0,0.08844905346632004
2314.0,0.2988733333333333,0.0,4.282,0.0,0.08844476193189621
2314.3333333333335,0.30155444444444446,0.0,4.2816,0.0,0.08845487236976624
2314.6666666666665,0.30423555555555554,0.0,4.2836,0.0,0.08844345808029175
2315.0,0.30691666666666667,0.0,4.2836,0.0,0.08844999969005585
2315.3333333333335,0.3095977777777778,0.0,4.284,0.0,0.08845299482345581
2315.6666666666665,0.3122788888888889,0.0,4.285200000000001,0.0,0.08844885975122452
2316.0,0.31496,0.0,4.2860000000000005,0.0,0.08844835311174393
2316.333333333333,0.3176411111111111,0.0,4.2872,0.0,0.08844426274299622
2316.666666666667,0.32032222222222223,0.0,4.2872,0.0,0.08845093101263046
2317.0,0.32300333333333336,0.0,4.288,0.0,0.08845042437314987
2317.333333333333,0.3256844444444445,0.0,4.2876,0.0,0.08846069127321243
2317.666666666667,0.3283655555555556,0.0,4.288,0.0,0.08846377581357956
2318.0,0.33104666666666666,0.0,4.2896,0.0,0.08845613151788712
2318.333333333333,0.33372777777777773,0.0,4.2908,0.0,0.08845214545726776
2318.666666666667,0.33640888888888887,0.0,4.2916,0.0,0.08845172822475433
2319.0,0.33909,0.0,4.292,0.0,0.08845487982034683
2319.3333333333335,0.34177111111111114,0.0,4.2916,0.0,0.08846518397331238
2319.6666666666665,0.34445222222222227,0.0,4.292800000000001,0.0,0.08846111595630646
2320.0,0.34713333333333335,0.0,4.292800000000001,0.0,0.08846776932477951
2320.3333333333335,0.3498144444444445,0.0,4.2936000000000005,0.0,0.08846722543239594
2320.6666666666665,0.35249555555555556,0.0,4.2940000000000005,0.0,0.08847025036811829
2321.0,0.3551766666666667,0.0,4.2948,0.0,0.08846970647573471
2321.3333333333335,0.35785777777777783,0.0,4.2936000000000005,0.0,0.08848704397678375
2321.6666666666665,0.3605388888888889,0.0,4.293200000000001,0.0,0.08849717676639557
2322.0,0.36322,0.0,4.293200000000001,0.0,0.08850368857383728
2322.3333333333335,0.3659011111111111,0.0,4.292800000000001,0.0,0.08851373195648193
2322.6666666666665,0.36858222222222226,0.0,4.292800000000001,0.0,0.0885201171040535
2323.0,0.37126333333333333,0.0,4.2944,0.0,0.088512122631073
2323.3333333333335,0.3739444444444444,0.0,4.2940000000000005,0.0,0.08852202445268631
2323.6666666666665,0.37662555555555555,0.0,4.2944,0.0,0.0885247141122818
2324.0,0.3793066666666667,0.0,4.2952,0.0,0.08852385729551315
2324.333333333333,0.3819877777777778,0.0,4.296,0.0,0.08852311968803406
2324.666666666667,0.38466888888888895,0.0,4.2972,0.0,0.08851891756057739
2325.0,0.38735,0.0,4.2988,0.0,0.08851109445095062
2325.333333333333,0.39003111111111116,0.0,4.2992,0.0,0.08851397782564163
2325.666666666667,0.39271222222222224,0.0,4.2996,0.0,0.08851680159568787
2326.0,0.3953933333333334,0.0,4.2992,0.0,0.08852674067020416
2326.3333333333335,0.39807444444444445,0.0,4.3,0.0,0.08852586150169373
2326.6666666666665,0.40075555555555553,0.0,4.2992,0.0,0.08853927254676819
2327.0,0.40343666666666667,0.0,4.2996,0.0,0.0885418951511383
2327.3333333333335,0.4061177777777778,0.0,4.2996,0.0,0.08854806423187256
2327.6666666666665,0.40879888888888893,0.0,4.2988,0.0,0.08856134861707687
2328.0,0.41148,0.0,4.3004,0.0,0.0885530561208725
2328.3333333333335,0.4141611111111111,0.0,4.3004,0.0,0.08855906128883362
2328.6666666666665,0.4168422222222222,0.0,4.301200000000001,0.0,0.08855783194303513
2329.0,0.41952333333333336,0.0,4.301200000000001,0.0,0.08856372535228729
2329.3333333333335,0.4222044444444445,0.0,4.3004,0.0,0.08857676386833191
2329.6666666666665,0.4248855555555556,0.0,4.3004,0.0,0.0885825976729393
2330.0,0.4275666666666667,0.0,4.3,0.0,0.08859200775623322
2330.3333333333335,0.43024777777777784,0.0,4.2992,0.0,0.08860497921705246
2330.6666666666665,0.43292888888888886,0.0,4.300800000000001,0.0,0.0885963886976242
2331.0,0.43561,0.0,4.300800000000001,0.0,0.08860214799642563
2331.333333333333,0.43829111111111113,0.0,4.3016000000000005,0.0,0.08860073238611221
2331.666666666667,0.44097222222222227,0.0,4.3028,0.0,0.08859574049711227
2332.0,0.4436533333333334,0.0,4.304,0.0,0.08859076350927353
2332.333333333333,0.44633444444444453,0.0,4.3044,0.0,0.08859296143054962
2332.666666666667,0.44901555555555567,0.0,4.304,0.0,0.08860234171152115
2333.0,0.45169666666666675,0.0,4.3032,0.0,0.0886153131723404
2333.333333333333,0.45437777777777777,0.0,4.3028,0.0,0.08862470835447311
2333.666666666667,0.4570588888888889,0.0,4.3020000000000005,0.0,0.08863770216703415
2334.0,0.45974000000000004,0.0,4.3028,0.0,0.0886363610625267
2334.3333333333335,0.46242111111111117,0.0,4.3016000000000005,0.0,0.0886530727148056
2334.6666666666665,0.46510222222222225,0.0,4.3020000000000005,0.0,0.08865544945001602
2335.0,0.4677833333333334,0.0,4.3028,0.0,0.08865424245595932
2335.3333333333335,0.4704644444444445,0.0,4.3032,0.0,0.08865663409233093
2335.6666666666665,0.4731455555555556,0.0,4.304,0.0,0.08865544945001602
2336.0,0.4758266666666666,0.0,4.3032,0.0,0.08866863697767258
2336.3333333333335,0.47850777777777775,0.0,4.304,0.0,0.08866746723651886
2336.6666666666665,0.4811888888888889,0.0,4.3048,0.0,0.08866630494594574
2337.0,0.48387,0.0,4.3044,0.0,0.08867592364549637
2337.3333333333335,0.48655111111111116,0.0,4.3048,0.0,0.08867834508419037
2337.6666666666665,0.48923222222222223,0.0,4.3064,0.0,0.08866997808218002
2338.0,0.4919133333333333,0.0,4.3068,0.0,0.08867237716913223
2338.3333333333335,0.49459444444444445,0.0,4.3072,0.0,0.08867474645376205
2338.6666666666665,0.4972755555555556,0.0,4.3084,0.0,0.08866992592811584
2339.0,0.4999566666666667,0.0,4.3064,0.0,0.08869381994009018
2339.333333333333,0.5026377777777777,0.0,4.3076,0.0,0.08868895471096039
2339.666666666667,0.5053188888888889,0.0,4.3084,0.0,0.08868766576051712
2340.0,0.508,0.0,4.308,0.0,0.088697150349617
2340.333333333333,0.5122333333333333,0.0,4.3104000000000005,0.0,0.08868149667978287
2340.666666666667,0.5164666666666666,0.0,4.312,0.0,0.08867311477661133
2341.0,0.5207,0.0,4.3128,0.0,0.0886719673871994
2341.3333333333335,0.5249333333333334,0.0,4.314,0.0,0.08866726607084274
2341.6666666666665,0.5291666666666667,0.0,4.314,0.0,0.08867334574460983
2342.0,0.5334,0.0,4.314,0.0,0.08867944777011871
2342.3333333333335,0.5376333333333334,0.0,4.3136,0.0,0.08868914097547531
2342.6666666666665,0.5418666666666666,0.0,4.3128,0.0,0.08870242536067963
2343.0,0.5461,0.0,4.3144,0.0,0.08869419991970062
2343.3333333333335,0.5503333333333333,0.0,4.3148,0.0,0.08869676291942596
2343.6666666666665,0.5545666666666667,0.0,4.3148,0.0,0.08870291709899902
2344.0,0.5588,0.0,4.3152,0.0,0.08870548754930496
2344.3333333333335,0.5630333333333334,0.0,4.316,0.0,0.08870448917150497
2344.6666666666665,0.5672666666666666,0.0,4.3156,0.0,0.08871427178382874
2345.0,0.5715000000000001,0.0,4.3164,0.0,0.08871328085660934
2345.3333333333335,0.5757333333333333,0.0,4.3176000000000005,0.0,0.08870873600244522
2345.6666666666665,0.5799666666666666,0.0,4.3184000000000005,0.0,0.08870778977870941
2346.0,0.5842,0.0,4.3188,0.0,0.08871044218540192
2346.333333333333,0.5884333333333334,0.0,4.3184000000000005,0.0,0.08872028440237045
2346.666666666667,0.5926666666666667,0.0,4.3176000000000005,0.0,0.0887337327003479
2347.0,0.5969,0.0,4.3176000000000005,0.0,0.0887400358915329
2347.333333333333,0.6011333333333334,0.0,4.3188,0.0,0.08873558789491653
2347.666666666667,0.6053666666666666,0.0,4.3188,0.0,0.08874191343784332
2348.0,0.6096,0.0,4.3192,0.0,0.08874466270208359
2348.333333333333,0.6138333333333333,0.0,4.3196,0.0,0.08874740451574326
2348.666666666667,0.6180666666666668,0.0,4.3204,0.0,0.0887465849518776
2349.0,0.6223,0.0,4.3212,0.0,0.08874579519033432
2349.3333333333335,0.6265333333333334,0.0,4.3224,0.0,0.08874142169952393
2349.6666666666665,0.6307666666666667,0.0,4.3236,0.0,0.08873705565929413
2350.0,0.635,0.0,4.3236,0.0,0.0887434333562851
2350.3333333333335,0.6392333333333334,0.0,4.324800000000001,0.0,0.0887390524148941
2350.6666666666665,0.6434666666666667,0.0,4.3268,0.0,0.08872751146554947
2351.0,0.6476999999999999,0.0,4.328,0.0,0.08872315287590027
2351.3333333333335,0.6519333333333334,0.0,4.3284,0.0,0.08872590214014053
2351.6666666666665,0.6561666666666667,0.0,4.328,0.0,0.08873576670885086
2352.0,0.6604,0.0,4.3288,0.0,0.08873482793569565
2352.3333333333335,0.6646333333333333,0.0,4.3276,0.0,0.08875175565481186
2352.6666666666665,0.6688666666666667,0.0,4.3288,0.0,0.08874713629484177
2353.0,0.6730999999999999,0.0,4.3312,0.0,0.08873172104358673
2353.3333333333335,0.6773333333333333,0.0,4.3308,0.0,0.08874130994081497
2353.6666666666665,0.6815666666666667,0.0,4.3316,0.0,0.08874010294675827
2354.0,0.6858000000000001,0.0,4.3312,0.0,0.08874959498643875
2354.333333333333,0.6900333333333333,0.0,4.333600000000001,0.0,0.08873401582241058
2354.666666666667,0.6942666666666667,0.0,4.3344000000000005,0.0,0.08873268216848373
2355.0,0.6985,0.0,4.332800000000001,0.0,0.08875273913145065
2355.333333333333,0.7027333333333333,0.00011235387620267545,4.333200000000001,0.0,0.08875483274459839
2355.666666666667,0.7069666666666667,0.0002863669551489423,4.3340000000000005,0.0,0.08875326067209244
2356.0,0.7112,0.00046037788581365646,4.3352,0.0,0.08874806016683578
2356.3333333333335,0.7154333333333334,0.0006343910396999775,4.3352,0.0,0.08875352144241333
2356.6666666666665,0.7196666666666667,0.0008084019953447097,4.3356,0.0,0.08875536918640137
2357.0,0.7239000000000001,0.0009824151492310307,4.3352,0.0,0.08876429498195648
2357.3333333333335,0.7281333333333334,0.0011564260549157268,4.3356,0.0,0.08876598626375198
2357.6666666666665,0.7323666666666668,0.001330438859081795,4.3364,0.0,0.08876402676105499
2358.0,0.7366,0.0015044499646066356,4.3368,0.0,0.08876558393239975
2358.3333333333335,0.7408333333333333,0.0016784611700515484,4.3364,0.0,0.08877424150705338
2358.6666666666665,0.7450666666666667,0.0018524739742176166,4.336,0.0,0.08878283947706223
2359.0,0.7493000000000001,0.002026485379502674,4.3352,0.0,0.0887949988245964
2359.3333333333335,0.7535333333333334,0.002200498183668742,4.3352,0.0,0.08879999816417694
2359.6666666666665,0.7577666666666667,0.0023745087895932215,4.3356,0.0,0.08880138397216797
2360.0,0.762,0.002548522193279723,4.3352,0.0,0.08880990743637085
2360.3333333333335,0.7662333333333333,0.002722532999044347,4.3356,0.0,0.08881129324436188
2360.6666666666665,0.7704666666666666,0.002896544404329404,4.336,0.0,0.0888127014040947
2361.0,0.7747000000000002,0.0030705572084954724,4.3368,0.0,0.08881054073572159
2361.333333333333,0.7789333333333334,0.0032445682141002408,4.3376,0.0,0.08880840986967087
2361.666666666667,0.7831666666666667,0.003418581018266309,4.3376,0.0,0.08881346136331558
2362.0,0.7874,0.0035925922237112218,4.3372,0.0,0.08882211893796921
2362.333333333333,0.7916333333333334,0.003766605427557579,4.3396,0.0,0.08880574256181717
2362.666666666667,0.7958666666666666,0.003940615833641914,4.34,0.0,0.08880728483200073
2363.0,0.8001000000000001,0.004114627039086827,4.3404,0.0,0.08880885690450668
2363.333333333333,0.8043333333333333,0.004288640242933184,4.34,0.0,0.08881761878728867
2363.666666666667,0.8085666666666667,0.004462651048697808,4.3404,0.0,0.08881928026676178
2364.0,0.8128000000000001,0.0046366650519047425,4.3396,0.0,0.08883170783519745
2364.3333333333335,0.8170333333333334,0.004810675058308789,4.341200000000001,0.0,0.08882271498441696
2364.6666666666665,0.8212666666666667,0.004984688661835435,4.341600000000001,0.0,0.08882446587085724
2365.0,0.8255,0.00515869906791977,4.3428,0.0,0.08881909400224686
2365.3333333333335,0.8297333333333334,0.005332709873684394,4.3428,0.0,0.08882449567317963
2365.6666666666665,0.8339666666666666,0.00550672347721104,4.3436,0.0,0.08882277458906174
2366.0,0.8382000000000001,0.00568073548201653,4.3428,0.0,0.08883538842201233
2366.3333333333335,0.8424333333333335,0.0058547478865023095,4.3428,0.0,0.08884087949991226
2366.6666666666665,0.8466666666666668,0.006028757493226067,4.3428,0.0,0.0888463705778122
2367.0,0.8509,0.0062027718961132905,4.3432,0.0,0.08884831517934799
2367.3333333333335,0.8551333333333334,0.006376781902517337,4.3432,0.0,0.0888538509607315
2367.6666666666665,0.8593666666666668,0.006550793907322827,4.3428,0.0,0.08886300027370453
2368.0,0.8636000000000001,0.006724807111169184,4.3424000000000005,0.0,0.08887216448783875
2368.3333333333335,0.8678333333333335,0.006898817517253519,4.3420000000000005,0.0,0.08888134360313416
2368.6666666666665,0.8720666666666668,0.007072828722698432,4.3428,0.0,0.08887979388237
2369.0,0.8763,0.007246844724306811,4.3436,0.0,0.08887825161218643
2369.333333333333,0.8805333333333334,0.007420855130391146,4.344,0.0,0.08888029307126999
2369.666666666667,0.8847666666666666,0.007594865536475481,4.3448,0.0,0.08887877315282822
2370.0,0.8890000000000001,0.007768879140002127,4.344,0.0,0.08889162540435791
2370.333333333333,0.8932333333333333,0.007942888746725885,4.3432,0.0,0.08890446275472641
2370.666666666667,0.8974666666666667,0.008116900751531375,4.3428,0.0,0.08891376107931137
2371.0,0.9017,0.008290913555697443,4.344,0.0,0.08890871703624725
2371.3333333333335,0.9059333333333335,0.008464925560502934,4.344,0.0,0.08891439437866211
2371.6666666666665,0.9101666666666668,0.008638935167226691,4.3448,0.0,0.08891288191080093
2372.0,0.9144000000000001,0.008812952767556226,4.346,0.0,0.08890777081251144
2372.3333333333335,0.9186333333333333,0.008986962374279983,4.3464,0.0,0.08890978991985321
2372.6666666666665,0.9228666666666667,0.009160974379085474,4.3468,0.0,0.08891178667545319
2373.0,0.9270999999999999,0.009334983985809231,4.3464,0.0,0.0889209434390068
2373.3333333333335,0.9313333333333332,0.009508995191254144,4.3456,0.0,0.08893364667892456
2373.6666666666665,0.9355666666666668,0.009683010393501945,4.3456,0.0,0.08893918991088867
2374.0,0.9398000000000001,0.009857018401504547,4.346,0.0,0.08894113451242447
2374.3333333333335,0.9440333333333334,0.010031032005031193,4.3468,0.0,0.08893951028585434
2374.6666666666665,0.9482666666666669,0.010205043210476106,4.348,0.0,0.08893429487943649
2375.0,0.9525000000000001,0.010379052817199863,4.349200000000001,0.0,0.08892910182476044
2375.3333333333335,0.9567333333333334,0.010553066420726509,4.349200000000001,0.0,0.08893465250730515
2375.6666666666665,0.9609666666666669,0.010727079224892577,4.3484,0.0,0.08894733339548111
2376.0,0.9652000000000001,0.010901091229698068,4.3472,0.0,0.08896361291408539
2376.333333333333,0.9694333333333334,0.011075100836421825,4.348,0.0,0.08896195888519287
2376.666666666667,0.9736666666666667,0.011249115239309049,4.3484,0.0,0.08896387368440628
2377.0,0.9778999999999999,0.011423128842835695,4.3488,0.0,0.08896579593420029
2377.333333333333,0.9821333333333334,0.011597137650198874,4.349600000000001,0.0,0.08896411955356598
2377.666666666667,0.9863666666666667,0.011771150454364943,4.3504000000000005,0.0,0.08896245807409286
2378.0,0.9906000000000001,0.011945161659809855,4.3500000000000005,0.0,0.08897151052951813
2378.333333333333,0.9948333333333335,0.012119175263336501,4.3504000000000005,0.0,0.08897337317466736
2378.666666666667,0.9990666666666668,0.01229318806750257,4.3508000000000004,0.0,0.08897523581981659
2379.0,1.0033,0.01246720007230806,4.3516,0.0,0.0889735072851181
2379.3333333333335,1.0075333333333334,0.012641208080310662,4.352,0.0,0.08897535502910614
2379.6666666666665,1.0117666666666667,0.012815219285755575,4.3516,0.0,0.08898437023162842
2380.0,1.016,0.01298923288928222,4.352,0.0,0.08898621052503586
2380.3333333333335,1.0202333333333333,0.013163245693448289,4.3516,0.0,0.08899521827697754
2380.6666666666665,1.0244666666666666,0.013337255300172046,4.3512,0.0,0.08900422602891922
2381.0,1.0287,0.013511267304977537,4.3524,0.0,0.08899886906147003
2381.3333333333335,1.0329333333333333,0.013685286504028227,4.3536,0.0,0.08899349719285965
2381.6666666666665,1.0371666666666668,0.013859296110751984,4.3536,0.0,0.08899887651205063
2382.0,1.0414000000000003,0.014033305717475741,4.3532,0.0,0.08900782465934753
2382.3333333333335,1.0456333333333334,0.014207316922920654,4.3536,0.0,0.08900962024927139
2382.6666666666665,1.0498666666666667,0.014381326529644411,4.3532,0.0,0.0890185758471489
2383.0,1.0541,0.014555340932531635,4.3528,0.0,0.0890275090932846
2383.3333333333335,1.0583333333333333,0.014729352137976548,4.354,0.0,0.0890221819281578
2383.6666666666665,1.0625666666666669,0.014903364942142616,4.3532,0.0,0.0890347883105278
2384.0,1.0668,0.015077372950145218,4.354,0.0,0.08903300762176514
2384.333333333333,1.0710333333333333,0.015251387353032442,4.3552,0.0,0.08902762085199356
2384.666666666667,1.0752666666666668,0.015425403354640821,4.3548,0.0,0.08903655409812927
2385.0,1.0795000000000001,0.015599412961364578,4.3544,0.0,0.0890454575419426
2385.333333333333,1.0837333333333332,0.015773425765530646,4.3552,0.0,0.08904366940259933
2385.666666666667,1.0879666666666667,0.015947435372254404,4.3548,0.0,0.0890527069568634
2386.0,1.0922000000000003,0.016121448176420472,4.3556,0.0,0.08905091136693954
2386.3333333333335,1.0964333333333336,0.016295459381865385,4.3552,0.0,0.08905985206365585
2386.6666666666665,1.1006666666666667,0.016469470587310298,4.3548,0.0,0.08906874060630798
2387.0,1.1049,0.016643488187639832,4.3544,0.0,0.08907764405012131
2387.3333333333335,1.1091333333333333,0.01681749459692128,4.3544,0.0,0.08908288925886154
2387.6666666666665,1.1133666666666666,0.01699150580236619,4.3552,0.0,0.08908090740442276
2388.0,1.1176,0.017165523402695726,4.356,0.0,0.08907889574766159
2388.3333333333335,1.1218333333333335,0.017339531410698328,4.3568,0.0,0.08907683938741684
2388.6666666666665,1.1260666666666668,0.017513541017422085,4.3592,0.0,0.08906039595603943
2389.0,1.1303000000000003,0.017687553821588153,4.3588000000000005,0.0,0.08906902372837067
2389.3333333333335,1.1345333333333334,0.017861565027033066,4.3596,0.0,0.08906684815883636
2389.6666666666665,1.1387666666666667,0.01803557942992029,4.3616,0.0,0.08905389159917831
2390.0,1.1430000000000002,0.018209592234086358,4.3632,0.0,0.08904451876878738
2390.3333333333335,1.1472333333333335,0.01838360024208896,4.3632,0.0,0.08904942870140076
2390.6666666666665,1.1514666666666666,0.018557617842418495,4.364,0.0,0.0890471562743187
2391.0,1.1557,0.018731622652978785,4.3648,0.0,0.08904485404491425
2391.333333333333,1.1599333333333333,0.018905635457144854,4.365200000000001,0.0,0.08904611319303513
2391.666666666667,1.1641666666666668,0.019079651458753233,4.3660000000000005,0.0,0.0890437662601471
2392.0,1.1684,0.01925366106547699,4.365600000000001,0.0,0.08905214071273804
2392.333333333333,1.1726333333333334,0.019427672270921903,4.365200000000001,0.0,0.08906050771474838
2392.666666666667,1.176866666666667,0.019601686673809127,4.3668000000000005,0.0,0.08905109018087387
2393.0,1.1811000000000003,0.01977569787925404,4.3676,0.0,0.0890488252043724
2393.333333333333,1.1853333333333333,0.019949704288535486,4.3676,0.0,0.0890536978840828
2393.666666666667,1.1895666666666667,0.02012372188886502,4.3676,0.0,0.08905854821205139
2394.0,1.1938,0.0202977378904734,4.3688,0.0,0.08905265480279922
2394.3333333333335,1.1980333333333335,0.020471744299754846,4.3688,0.0,0.08905752748250961
2394.6666666666665,1.2022666666666668,0.02064575550519976,4.3684,0.0,0.08906596899032593
2395.0,1.2065,0.02081976671064467,4.3684,0.0,0.08907084167003632
2395.3333333333335,1.2107333333333334,0.02099378271225305,4.3664000000000005,0.0,0.08909361064434052
2395.6666666666665,1.2149666666666668,0.021167792318976808,4.3664000000000005,0.0,0.0890984758734703
2396.0,1.2192,0.02134180352442172,4.365200000000001,0.0,0.08911407738924026
2396.3333333333335,1.2234333333333336,0.021515814729866634,4.3660000000000005,0.0,0.08911179006099701
2396.6666666666665,1.227666666666667,0.02168982433659039,4.3664000000000005,0.0,0.08911307901144028
2397.0,1.2319000000000002,0.021863838739477615,4.368,0.0,0.08910364657640457
2397.3333333333335,1.2361333333333335,0.022037854741085994,4.368,0.0,0.08910856395959854
2397.6666666666665,1.2403666666666666,0.02221186434780975,4.3684,0.0,0.08910990506410599
2398.0,1.2446,0.02238587715197582,4.3676,0.0,0.08912202715873718
2398.3333333333335,1.2488333333333332,0.022559886758699577,4.3660000000000005,0.0,0.089141346514225
2398.6666666666665,1.2530666666666668,0.022733899562865645,4.3664000000000005,0.0,0.08914273232221603
2399.0,1.2573,0.022907909169589402,4.3672,0.0,0.08914053440093994
2399.333333333333,1.2615333333333334,0.02308191877631316,4.3684,0.0,0.08913475275039673
2399.666666666667,1.2657666666666667,0.02325592678431576,4.3668000000000005,0.0,0.08915408700704575
2400.0,1.27,0.023429947582087607,4.365600000000001,0.0,0.08916984498500824
2400.333333333333,1.27,0.023429947582087607,4.365600000000001,0.0,0.08917484432458878
2400.666666666667,1.27,0.023429947582087607,4.3660000000000005,0.0,0.08917625993490219
2401.0,1.27,0.023429947582087607,4.3660000000000005,0.0,0.0891813188791275
2401.3333333333335,1.27,0.023429947582087607,4.3660000000000005,0.0,0.0891864076256752
2401.6666666666665,1.27,0.023429947582087607,4.3648,0.0,0.08920224010944366
2402.0,1.27,0.023429947582087607,4.3648,0.0,0.08920735865831375
2402.3333333333335,1.27,0.023429947582087607,4.365200000000001,0.0,0.08920889347791672
2402.6666666666665,1.27,0.023429947582087607,4.3660000000000005,0.0,0.08920684456825256
2403.0,1.27,0.023429947582087607,4.3660000000000005,0.0,0.08921197056770325
2403.3333333333335,1.27,0.023429947582087607,4.3672,0.0,0.08920631557703018
2403.6666666666665,1.27,0.023429947582087607,4.3676,0.0,0.08920782804489136
2404.0,1.27,0.023429947582087607,4.368,0.0,0.08920933306217194
2404.3333333333335,1.27,0.023429947582087607,4.3688,0.0,0.08920720964670181
2404.6666666666665,1.27,0.023429947582087607,4.3684,0.0,0.08921582996845245
2405.0,1.27,0.023429947582087607,4.3696,0.0,0.08921006321907043
2405.3333333333335,1.27,0.023429947582087607,4.3704,0.0,0.08920787274837494
2405.6666666666665,1.27,0.023429947582087607,4.37,0.0,0.08921641111373901
2406.0,1.27,0.023429947582087607,4.3704,0.0,0.08921774476766586
2406.333333333333,1.27,0.023429947582087607,4.3708,0.0,0.08921905606985092
2406.666666666667,1.27,0.023429947582087607,4.3708,0.0,0.08922392874956131
2407.0,1.27,0.023429947582087607,4.372,0.0,0.08921802043914795
2407.333333333333,1.27,0.023429947582087607,4.373200000000001,0.0,0.08921217918395996
2407.666666666667,1.27,0.023429947582087607,4.373200000000001,0.0,0.08921707421541214
2408.0,1.27,0.023429947582087607,4.373600000000001,0.0,0.089218370616436
2408.333333333333,1.27,0.023429947582087607,4.3744000000000005,0.0,0.08921608328819275
2408.666666666667,1.27,0.023429947582087607,4.3748000000000005,0.0,0.08921737968921661
2409.0,1.27,0.023429947582087607,4.3740000000000006,0.0,0.08922943472862244
2409.3333333333335,1.27,0.023429947582087607,4.3744000000000005,0.0,0.0892307385802269
2409.6666666666665,1.27,0.023429947582087607,4.3752,0.0,0.08922842890024185
2410.0,1.27,0.023429947582087607,4.376,0.0,0.0892261266708374
2410.3333333333335,1.27,0.023429947582087607,4.3752,0.0,0.08923816680908203
2410.6666666666665,1.27,0.023429947582087607,4.3744000000000005,0.0,0.08925019949674606
2411.0,1.27,0.023429947582087607,4.3740000000000006,0.0,0.08925867825746536
2411.3333333333335,1.27,0.023429947582087607,4.3744000000000005,0.0,0.0892600268125534
2411.6666666666665,1.27,0.023429947582087607,4.3740000000000006,0.0,0.08926856517791748
2412.0,1.27,0.023429947582087607,4.373600000000001,0.0,0.08927710354328156
2412.3333333333335,1.27,0.023429947582087607,4.372,0.0,0.08929644525051117
2412.6666666666665,1.27,0.023429947582087607,4.3724,0.0,0.0892978087067604
2413.0,1.27,0.023429947582087607,4.373600000000001,0.0,0.08929197490215302
2413.3333333333335,1.27,0.023429947582087607,4.372,0.0,0.08931133151054382
2413.6666666666665,1.27,0.023429947582087607,4.3724,0.0,0.08931268751621246
2414.0,1.27,0.023429947582087607,4.372,0.0,0.08932122588157654
2414.333333333333,1.27,0.023429947582087607,4.372,0.0,0.0893261656165123
2414.666666666667,1.27,0.023429947582087607,4.3724,0.0,0.08932752907276154
2415.0,1.27,0.023429947582087607,4.373600000000001,0.0,0.08932167291641235
2415.333333333333,1.27,0.023429947582087607,4.3740000000000006,0.0,0.0893230214715004
2415.666666666667,1.27,0.023429947582087607,4.3744000000000005,0.0,0.08932439237833023
2416.0,1.27,0.023429947582087607,4.3764,0.0,0.089311383664608
2416.3333333333335,1.27,0.023429947582087607,4.378,0.0,0.08930200338363647
2416.6666666666665,1.27,0.023429947582087607,4.3788,0.0,0.08929981291294098
2417.0,1.27,0.023429947582087607,4.3796,0.0,0.08929762989282608
2417.3333333333335,1.27,0.023429947582087607,4.3796,0.0,0.08930263668298721
2417.6666666666665,1.27,0.023429947582087607,4.3804,0.0,0.08930046111345291
2418.0,1.27,0.023429947582087607,4.3824000000000005,0.0,0.08928755670785904
2418.3333333333335,1.27,0.023429947582087607,4.3828000000000005,0.0,0.08928901702165604
2418.6666666666665,1.27,0.023429947582087607,4.3824000000000005,0.0,0.08929762244224548
2419.0,1.27,0.023429947582087607,4.3824000000000005,0.0,0.08930259943008423
2419.3333333333335,1.27,0.023429947582087607,4.3832,0.0,0.08930037915706635
2419.6666666666665,1.27,0.023429947582087607,4.3828000000000005,0.0,0.08930889517068863
2420.0,1.27,0.023429947582087607,4.384,0.0,0.08930303156375885
2420.3333333333335,1.27,0.023429947582087607,4.3832,0.0,0.08931508660316467
2420.6666666666665,1.27,0.023429947582087607,4.382000000000001,0.0,0.08933071792125702
2421.0,1.27,0.023429947582087607,4.382000000000001,0.0,0.08933555334806442
2421.333333333333,1.27,0.023429947582087607,4.381200000000001,0.0,0.08934754133224487
2421.666666666667,1.27,0.023429947582087607,4.382000000000001,0.0,0.08934511989355087
2422.0,1.27,0.023429947582087607,4.382000000000001,0.0,0.08934984356164932
2422.333333333333,1.27,0.023429947582087607,4.3832,0.0,0.08934379369020462
2422.666666666667,1.27,0.023429947582087607,4.3836,0.0,0.08934491127729416
2423.0,1.27,0.023429947582087607,4.3836,0.0,0.08934959024190903
2423.333333333333,1.27,0.023429947582087607,4.3832,0.0,0.08935783803462982
2423.666666666667,1.27,0.023429947582087607,4.3832,0.0,0.0893625020980835
2424.0,1.27,0.023429947582087607,4.384,0.0,0.08935997635126114
2424.3333333333335,1.27,0.023429947582087607,4.3844,0.0,0.08936101198196411
2424.6666666666665,1.27,0.023429947582087607,4.3836,0.0,0.08937284350395203
2425.0,1.27,0.023429947582087607,4.3832,0.0,0.08938106149435043
2425.3333333333335,1.27,0.023429947582087607,4.3832,0.0,0.08938570320606232
2425.6666666666665,1.27,0.023429947582087607,4.3836,0.0,0.08938675373792648
2426.0,1.27,0.023429947582087607,4.381200000000001,0.0,0.08941300213336945
2426.3333333333335,1.27,0.023429947582087607,4.38,0.0,0.08942850679159164
2426.6666666666665,1.27,0.023429947582087607,4.3808,0.0,0.08942601084709167
2427.0,1.27,0.023429947582087607,4.382000000000001,0.0,0.08941993117332458
2427.3333333333335,1.27,0.023429947582087607,4.3824000000000005,0.0,0.08942107111215591
2427.6666666666665,1.27,0.023429947582087607,4.3828000000000005,0.0,0.08942220360040665
2428.0,1.27,0.023429947582087607,4.3832,0.0,0.08942339569330215
2428.3333333333335,1.27,0.023429947582087607,4.3848,0.0,0.08941379934549332
2428.6666666666665,1.27,0.023429947582087607,4.3844,0.0,0.08942220360040665
2429.0,1.27,0.023429947582087607,4.3832,0.0,0.0894378051161766
2429.333333333333,1.27,0.023429947582087607,4.3832,0.0,0.08944261819124222
2429.666666666667,1.27,0.023429947582087607,4.3844,0.0,0.0894366204738617
2430.0,1.27,0.023429947582087607,4.3848,0.0,0.08943784236907959
2430.333333333333,1.27,0.023429947582087607,4.3856,0.0,0.08943547308444977
2430.666666666667,1.27,0.023429947582087607,4.384,0.0,0.08945470303297043
2431.0,1.27,0.023429947582087607,4.3836,0.0,0.08946312963962555
2431.3333333333335,1.27,0.023429947582087607,4.3836,0.0,0.08946793526411057
2431.6666666666665,1.27,0.023429947582087607,4.384,0.0,0.08946917206048965
2432.0,1.27,0.023429947582087607,4.3856,0.0,0.08945965021848679
2432.3333333333335,1.27,0.023429947582087607,4.3856,0.0,0.08946450054645538
2432.6666666666665,1.27,0.023429947582087607,4.386,0.0,0.08946572989225388
2433.0,1.27,0.023429947582087607,4.3856,0.0,0.0894741415977478
2433.3333333333335,1.27,0.023429947582087607,4.3856,0.0,0.08947893232107162
2433.6666666666665,1.27,0.023429947582087607,4.3856,0.0,0.08948368579149246
2434.0,1.27,0.023429947582087607,4.3856,0.0,0.08948840200901031
2434.3333333333335,1.27,0.023429947582087607,4.3868,0.0,0.08948229998350143
2434.6666666666665,1.27,0.023429947582087607,4.3864,0.0,0.08949059993028641
2435.0,1.27,0.023429947582087607,4.3852,0.0,0.08950606733560562
2435.3333333333335,1.27,0.023429947582087607,4.386,0.0,0.08950349688529968
2435.6666666666665,1.27,0.023429947582087607,4.3884,0.0,0.0894864872097969
2436.0,1.27,0.023429947582087607,4.3888,0.0,0.0894874706864357
2436.333333333333,1.27,0.023429947582087607,4.389600000000001,0.0,0.089484803378582
2436.666666666667,1.27,0.023429947582087607,4.3904000000000005,0.0,0.08948209881782532
2437.0,1.27,0.023429947582087607,4.392,0.0,0.08947218954563141
2437.333333333333,1.27,0.023429947582087607,4.3924,0.0,0.08947306871414185
2437.666666666667,1.27,0.023429947582087607,4.3916,0.0,0.08948469907045364
2438.0,1.27,0.023429947582087607,4.3924,0.0,0.0894819051027298
2438.333333333333,1.27,0.023429947582087607,4.3916,0.0,0.08949345350265503
2438.666666666667,1.27,0.023429947582087607,4.392,0.0,0.08949417620897293
2439.0,1.27,0.023429947582087607,4.3912,0.0,0.0895056501030922
2439.3333333333335,1.27,0.023429947582087607,4.3904000000000005,0.0,0.08951712399721146
2439.6666666666665,1.27,0.023429947582087607,4.3912,0.0,0.08951424807310104
2440.0,1.27,0.023429947582087607,4.3932,0.0,0.0895005613565445
2440.3333333333335,1.27,0.023429947582087607,4.394,0.0,0.0894976407289505
2440.6666666666665,1.27,0.023429947582087607,4.3956,0.0,0.08948754519224167
2441.0,1.27,0.023429947582087607,4.3948,0.0,0.08949899673461914
2441.3333333333335,1.27,0.023429947582087607,4.3952,0.0,0.08949963748455048
2441.6666666666665,1.27,0.023429947582087607,4.394,0.0,0.08951463550329208
2442.0,1.27,0.023429947582087607,4.3928,0.0,0.0895296186208725
2442.3333333333335,1.27,0.023429947582087607,4.392,0.0,0.089540995657444
2442.6666666666665,1.27,0.023429947582087607,4.3916,0.0,0.0895487442612648
2443.0,1.27,0.023429947582087607,4.3924,0.0,0.08954568207263947
2443.3333333333335,1.27,0.023429947582087607,4.3932,0.0,0.08954264968633652
2443.6666666666665,1.27,0.023429947582087607,4.3944,0.0,0.08953598886728287
2444.0,1.27,0.023429947582087607,4.3932,0.0,0.0895509272813797
2444.333333333333,1.27,0.023429947582087607,4.394,0.0,0.08954787254333496
2444.666666666667,1.27,0.023429947582087607,4.3944,0.0,0.08954839408397675
2445.0,1.27,0.023429947582087607,4.3932,0.0,0.08956331759691238
2445.333333333333,1.27,0.023429947582087607,4.3932,0.0,0.08956743031740189
2445.666666666667,1.27,0.023429947582087607,4.394,0.0,0.08956433087587357
2446.0,1.27,0.023429947582087607,4.3944,0.0,0.08956482261419296
2446.3333333333335,1.27,0.023429947582087607,4.3968,0.0,0.089547298848629
2446.6666666666665,1.27,0.023429947582087607,4.3964,0.0,0.08955497294664383
2447.0,1.27,0.023429947582087607,4.3964,0.0,0.08955903351306915
2447.3333333333335,1.27,0.023429947582087607,4.396,0.0,0.08956669270992279
2447.6666666666665,1.27,0.023429947582087607,4.3972,0.0,0.08955996483564377
2448.0,1.27,0.023429947582087607,4.3972,0.0,0.08956406265497208
2448.3333333333335,1.27,0.023429947582087607,4.3992,0.0,0.08955018222332001
2448.6666666666665,1.27,0.023429947582087607,4.3996,0.0,0.08955073356628418
2449.0,1.27,0.023429947582087607,4.3972,0.0,0.08957650512456894
2449.3333333333335,1.27,0.023429947582087607,4.3972,0.0,0.0895807072520256
2449.6666666666665,1.27,0.023429947582087607,4.3972,0.0,0.08958493173122406
2450.0,1.27,0.023429947582087607,4.398000000000001,0.0,0.08958203345537186
2450.3333333333335,1.27,0.023429947582087607,4.3984000000000005,0.0,0.08958279341459274
2450.6666666666665,1.27,0.023429947582087607,4.3992,0.0,0.0895799845457077
2451.0,1.27,0.023429947582087607,4.3984000000000005,0.0,0.08959158509969711
2451.333333333333,1.27,0.023429947582087607,4.397600000000001,0.0,0.08960321545600891
2451.666666666667,1.27,0.023429947582087607,4.3972,0.0,0.08961125463247299
2452.0,1.27,0.023429947582087607,4.3968,0.0,0.08961930125951767
2452.333333333333,1.27,0.023429947582087607,4.3956,0.0,0.08963461220264435
2452.666666666667,1.27,0.023429947582087607,4.3956,0.0,0.0896390974521637
2453.0,1.27,0.023429947582087607,4.396,0.0,0.0896400436758995
2453.333333333333,1.27,0.023429947582087607,4.3956,0.0,0.08964820951223373
2453.666666666667,1.27,0.023429947582087607,4.3964,0.0,0.08964556455612183
2454.0,1.27,0.023429947582087607,4.396,0.0,0.08965371549129486
2454.3333333333335,1.27,0.023429947582087607,4.3968,0.0,0.08965104073286057
2454.6666666666665,1.27,0.023429947582087607,4.3964,0.0,0.08965916186571121
2455.0,1.27,0.023429947582087607,4.3964,0.0,0.08966364711523056
2455.3333333333335,1.27,0.023429947582087607,4.3968,0.0,0.08966448903083801
2455.6666666666665,1.27,0.023429947582087607,4.3968,0.0,0.0896688923239708
2456.0,1.27,0.023429947582087607,4.3952,0.0,0.08968771249055862
2456.3333333333335,1.27,0.023429947582087607,4.3952,0.0,0.08969204872846603
2456.6666666666665,1.27,0.023429947582087607,4.3948,0.0,0.08969997614622116
2457.0,1.27,0.023429947582087607,4.3948,0.0,0.0897042453289032
2457.3333333333335,1.27,0.023429947582087607,4.3956,0.0,0.08970127254724503
2457.6666666666665,1.27,0.023429947582087607,4.396,0.0,0.08970189094543457
2458.0,1.27,0.023429947582087607,4.3952,0.0,0.08971332758665085
2458.3333333333335,1.27,0.023429947582087607,4.3952,0.0,0.08971752226352692
2458.6666666666665,1.27,0.023429947582087607,4.3968,0.0,0.08970722556114197
2459.0,1.27,0.023429947582087607,4.3956,0.0,0.08972221612930298
2459.333333333333,1.27,0.023429947582087607,4.3956,0.0,0.08972634375095367
2459.666666666667,1.27,0.023429947582087607,4.3952,0.0,0.08973407000303268
2460.0,1.27,0.023429947582087607,4.3968,0.0,0.08972374349832535
2460.333333333333,1.2657666666666667,0.02325592678431576,4.397600000000001,0.0,0.08972062915563583
2460.666666666667,1.2615333333333334,0.02308191877631316,4.398000000000001,0.0,0.08972114324569702
2461.0,1.2572999999999999,0.022907909169589402,4.3972,0.0,0.08973248302936554
2461.3333333333335,1.2530666666666668,0.022733899562865645,4.3972,0.0,0.08973657339811325
2461.6666666666665,1.2488333333333332,0.022559886758699577,4.3972,0.0,0.08974063396453857
2462.0,1.2446,0.02238587715197582,4.3984000000000005,0.0,0.08973389118909836
2462.3333333333335,1.2403666666666666,0.02221186434780975,4.398000000000001,0.0,0.08974160999059677
2462.6666666666665,1.2361333333333335,0.022037854741085994,4.3984000000000005,0.0,0.08974208682775497
2463.0,1.2319,0.021863838739477615,4.397600000000001,0.0,0.08975338190793991
2463.3333333333335,1.2276666666666667,0.02168982433659039,4.397600000000001,0.0,0.08975744247436523
2463.6666666666665,1.2234333333333334,0.021515814729866634,4.3972,0.0,0.08976508677005768
2464.0,1.2192,0.02134180352442172,4.3992,0.0,0.08975101262331009
2464.3333333333335,1.2149666666666668,0.021167792318976808,4.3988000000000005,0.0,0.08975861221551895
2464.6666666666665,1.2107333333333332,0.02099378271225305,4.3992,0.0,0.08975895494222641
2465.0,1.2065,0.02081976671064467,4.4,0.0,0.08975568413734436
2465.3333333333335,1.2022666666666668,0.02064575550519976,4.3996,0.0,0.08976324647665024
2465.6666666666665,1.1980333333333335,0.020471744299754846,4.3988000000000005,0.0,0.08977439999580383
2466.0,1.1938,0.0202977378904734,4.3984000000000005,0.0,0.08978193253278732
2466.333333333333,1.1895666666666667,0.02012372188886502,4.398000000000001,0.0,0.08978945761919022
2466.666666666667,1.1853333333333333,0.019949704288535486,4.398000000000001,0.0,0.08979335427284241
2467.0,1.1811,0.01977569787925404,4.3988000000000005,0.0,0.08979000151157379
2467.333333333333,1.1768666666666667,0.019601686673809127,4.3992,0.0,0.08979025483131409
2467.666666666667,1.1726333333333334,0.019427672270921903,4.3992,0.0,0.08979412168264389
2468.0,1.1684,0.01925366106547699,4.4,0.0,0.08979073911905289
2468.333333333333,1.1641666666666666,0.019079651458753233,4.4016,0.0,0.08978012949228287
2468.666666666667,1.1599333333333333,0.018905635457144854,4.4028,0.0,0.08977314829826355
2469.0,1.1557,0.018731622652978785,4.4032,0.0,0.08977340906858444
2469.3333333333335,1.1514666666666666,0.018557617842418495,4.404,0.0,0.08977007865905762
2469.6666666666665,1.1472333333333335,0.01838360024208896,4.4048,0.0,0.08976677060127258
2470.0,1.143,0.018209592234086358,4.404,0.0,0.08977793902158737
2470.3333333333335,1.1387666666666665,0.01803557942992029,4.4052,0.0,0.08977103978395462
2470.6666666666665,1.1345333333333332,0.017861565027033066,4.4044,0.0,0.08978218585252762
2471.0,1.1303,0.017687553821588153,4.4048,0.0,0.08978253602981567
2471.3333333333335,1.1260666666666668,0.017513541017422085,4.4044,0.0,0.08979012817144394
2471.6666666666665,1.1218333333333332,0.017339531410698328,4.4044,0.0,0.0897941067814827
2472.0,1.1176,0.017165523402695726,4.4044,0.0,0.08979810029268265
2472.3333333333335,1.1133666666666666,0.01699150580236619,4.4032,0.0,0.08981294184923172
2472.6666666666665,1.1091333333333333,0.01681749459692128,4.4036,0.0,0.08981331437826157
2473.0,1.1049,0.016643488187639832,4.404,0.0,0.0898137167096138
2473.3333333333335,1.1006666666666667,0.016469470587310298,4.4036,0.0,0.08982136100530624
2473.6666666666665,1.0964333333333334,0.016295459381865385,4.404,0.0,0.08982176333665848
2474.0,1.0922,0.016121448176420472,4.4032,0.0,0.08983301371335983
2474.333333333333,1.0879666666666667,0.015947435372254404,4.4044,0.0,0.08982616662979126
2474.666666666667,1.0837333333333332,0.015773425765530646,4.404,0.0,0.08983378112316132
2475.0,1.0795000000000001,0.015599412961364578,4.4052,0.0,0.08982692658901215
2475.333333333333,1.0752666666666666,0.015425403354640821,4.404,0.0,0.08984177559614182
2475.666666666667,1.0710333333333333,0.015251387353032442,4.404,0.0,0.08984575420618057
2476.0,1.0668,0.015077372950145218,4.4048,0.0,0.08984250575304031
2476.3333333333335,1.0625666666666669,0.014903364942142616,4.408,0.0,0.089817576110363
2476.6666666666665,1.0583333333333333,0.014729352137976548,4.408,0.0,0.08982161432504654
2477.0,1.0541,0.014555340932531635,4.4072000000000005,0.0,0.0898328572511673
2477.3333333333335,1.0498666666666665,0.014381326529644411,4.406000000000001,0.0,0.08984770625829697
2477.6666666666665,1.0456333333333334,0.014207316922920654,4.4064000000000005,0.0,0.08984808623790741
2478.0,1.0414,0.014033305717475741,4.405600000000001,0.0,0.08985929191112518
2478.3333333333335,1.0371666666666668,0.013859296110751984,4.4052,0.0,0.08986688405275345
2478.6666666666665,1.032933333333333,0.013685286504028227,4.405600000000001,0.0,0.0898672491312027
2479.0,1.0287,0.013511267304977537,4.405600000000001,0.0,0.08987122029066086
2479.3333333333335,1.0244666666666666,0.013337255300172046,4.406000000000001,0.0,0.08987156301736832
2479.6666666666665,1.0202333333333333,0.013163245693448289,4.4064000000000005,0.0,0.08987190574407578
2480.0,1.016,0.01298923288928222,4.4064000000000005,0.0,0.08987586200237274
2480.3333333333335,1.0117666666666667,0.012815219285755575,4.4052,0.0,0.08989065885543823
2480.6666666666665,1.0075333333333334,0.012641208080310662,4.406000000000001,0.0,0.089887335896492
2481.0,1.0032999999999999,0.01246720007230806,4.4048,0.0,0.0899021103978157
2481.333333333333,0.9990666666666665,0.01229318806750257,4.405600000000001,0.0,0.0898987427353859
2481.666666666667,0.9948333333333332,0.012119175263336501,4.4072000000000005,0.0,0.08988812565803528
2482.0,0.9906000000000001,0.011945161659809855,4.4076,0.0,0.08988834917545319
2482.333333333333,0.9863666666666665,0.011771150454364943,4.4068000000000005,0.0,0.08989948779344559
2482.666666666667,0.9821333333333332,0.011597137650198874,4.4084,0.0,0.08988888561725616
2483.0,0.9778999999999999,0.011423128842835695,4.4076,0.0,0.0898999571800232
2483.333333333333,0.9736666666666667,0.011249115239309049,4.4084,0.0,0.08989650756120682
2483.666666666667,0.9694333333333334,0.011075100836421825,4.4092,0.0,0.08989302814006805
2484.0,0.9652000000000001,0.010901091229698068,4.408,0.0,0.08990760147571564
2484.3333333333335,0.9609666666666669,0.010727079224892577,4.4072000000000005,0.0,0.08991851657629013
2484.6666666666665,0.9567333333333332,0.010553066420726509,4.4088,0.0,0.08990766853094101
2485.0,0.9525,0.010379052817199863,4.4092,0.0,0.08990766108036041
2485.3333333333335,0.9482666666666667,0.010205043210476106,4.4104,0.0,0.08990037441253662
2485.6666666666665,0.9440333333333334,0.010031032005031193,4.4116,0.0,0.08989309519529343
2486.0,0.9397999999999999,0.009857018401504547,4.4116,0.0,0.08989666402339935
2486.3333333333335,0.9355666666666667,0.009683010393501945,4.4088,0.0,0.0899256095290184
2486.6666666666665,0.9313333333333332,0.009508995191254144,4.408,0.0,0.08993648737668991
2487.0,0.9270999999999999,0.009334983985809231,4.4104,0.0,0.08991838246583939
2487.3333333333335,0.9228666666666667,0.009160974379085474,4.4096,0.0,0.08992928266525269
2487.6666666666665,0.9186333333333333,0.008986962374279983,4.4104,0.0,0.08992568403482437
2488.0,0.9144000000000001,0.008812952767556226,4.412,0.0,0.08991486579179764
2488.3333333333335,0.9101666666666666,0.008638935167226691,4.412,0.0,0.08991853892803192
2488.6666666666665,0.9059333333333333,0.008464925560502934,4.414000000000001,0.0,0.08990418165922165
2489.0,0.9017,0.008290913555697443,4.4148000000000005,0.0,0.08990068733692169
2489.333333333333,0.8974666666666667,0.008116900751531375,4.4152000000000005,0.0,0.08990080654621124
2489.666666666667,0.8932333333333332,0.007942888746725885,4.4152000000000005,0.0,0.08990451693534851
2490.0,0.8889999999999999,0.007768879140002127,4.4148000000000005,0.0,0.08991186320781708
2490.333333333333,0.8847666666666666,0.007594865536475481,4.4152000000000005,0.0,0.08991201221942902
2490.666666666667,0.8805333333333334,0.007420855130391146,4.416,0.0,0.08990860730409622
2491.0,0.8763,0.007246844724306811,4.4168,0.0,0.08990522474050522
2491.3333333333335,0.8720666666666668,0.007072828722698432,4.4172,0.0,0.08990546315908432
2491.6666666666665,0.8678333333333332,0.006898817517253519,4.4164,0.0,0.08991657942533493
2492.0,0.8635999999999999,0.006724807111169184,4.4152000000000005,0.0,0.08993133902549744
2492.3333333333335,0.8593666666666666,0.006550793907322827,4.416,0.0,0.0899280458688736
2492.6666666666665,0.8551333333333334,0.006376781902517337,4.4168,0.0,0.08992477506399155
2493.0,0.8509,0.0062027718961132905,4.4168,0.0,0.08992873877286911
2493.3333333333335,0.8466666666666667,0.006028757493226067,4.4172,0.0,0.08992908895015717
2493.6666666666665,0.8424333333333333,0.0058547478865023095,4.4164,0.0,0.08994029462337494
2494.0,0.8382,0.00568073548201653,4.4176,0.0,0.08993342518806458
2494.3333333333335,0.8339666666666666,0.00550672347721104,4.4168,0.0,0.08994463086128235
2494.6666666666665,0.8297333333333333,0.005332709873684394,4.4152000000000005,0.0,0.08996309340000153
2495.0,0.8254999999999999,0.00515869906791977,4.4164,0.0,0.08995623886585236
2495.3333333333335,0.8212666666666667,0.004984688661835435,4.4164,0.0,0.0899602398276329
2495.6666666666665,0.8170333333333333,0.004810675058308789,4.4164,0.0,0.08996422588825226
2496.0,0.8128000000000001,0.0046366650519047425,4.4172,0.0,0.08996103703975677
2496.333333333333,0.8085666666666667,0.004462651048697808,4.4168,0.0,0.08996868878602982
2496.666666666667,0.8043333333333333,0.004288640242933184,4.4172,0.0,0.08996909111738205
2497.0,0.8001,0.004114627039086827,4.4176,0.0,0.08996947109699249
2497.333333333333,0.7958666666666666,0.003940615833641914,4.416,0.0,0.08998794853687286
2497.666666666667,0.7916333333333333,0.003766605427557579,4.4176,0.0,0.08997747302055359
2498.0,0.7874,0.0035925922237112218,4.418,0.0,0.08997788280248642
2498.333333333333,0.7831666666666666,0.003418581018266309,4.4192,0.0,0.08997103571891785
2498.666666666667,0.7789333333333333,0.0032445682141002408,4.42,0.0,0.08996778726577759
2499.0,0.7747,0.0030705572084954724,4.421600000000001,0.0,0.08995728939771652
2499.3333333333335,0.7704666666666665,0.002896544404329404,4.422000000000001,0.0,0.08995763212442398
2499.6666666666665,0.7662333333333333,0.002722532999044347,4.4224000000000006,0.0,0.08995794504880905
2500.0,0.7619999999999999,0.002548522193279723,4.4224000000000006,0.0,0.08996184915304184
2500.3333333333335,0.7577666666666666,0.0023745087895932215,4.4232000000000005,0.0,0.08995849639177322
2500.6666666666665,0.7535333333333333,0.002200498183668742,4.4228000000000005,0.0,0.08996595442295074
2501.0,0.7493,0.002026485379502674,4.4224000000000006,0.0,0.08997339010238647
2501.3333333333335,0.7450666666666665,0.0018524739742176166,4.4224000000000006,0.0,0.08997718244791031
2501.6666666666665,0.7408333333333333,0.0016784611700515484,4.422000000000001,0.0,0.08998457342386246
2502.0,0.7365999999999999,0.0015044499646066356,4.4208,0.0,0.08999916911125183
2502.3333333333335,0.7323666666666667,0.001330438859081795,4.421600000000001,0.0,0.08999565988779068
2502.6666666666665,0.7281333333333332,0.0011564260549157268,4.422000000000001,0.0,0.08999574184417725
2503.0,0.7239,0.0009824151492310307,4.421600000000001,0.0,0.09000305086374283
2503.3333333333335,0.7196666666666667,0.0008084019953447097,4.4212,0.0,0.09001033753156662
2503.6666666666665,0.7154333333333333,0.0006343910396999775,4.422000000000001,0.0,0.0900067612528801
2504.0,0.7111999999999999,0.00046037788581365646,4.4224000000000006,0.0,0.09000678360462189
2504.333333333333,0.7069666666666667,0.0002863669551489423,4.422000000000001,0.0,0.0900140330195427
2504.666666666667,0.7027333333333332,0.00011235387620267545,4.4224000000000006,0.0,0.0900140106678009
2505.0,0.6985,0.0,4.4228000000000005,0.0,0.09001398086547852
2505.333333333333,0.6942666666666667,0.0,4.4228000000000005,0.0,0.09001754224300385
2505.666666666667,0.6900333333333333,0.0,4.4228000000000005,0.0,0.09002109616994858
2506.0,0.6858,0.0,4.424,0.0,0.0900137647986412
2506.3333333333335,0.6815666666666667,0.0,4.424,0.0,0.09001730382442474
2506.6666666666665,0.6773333333333332,0.0,4.424,0.0,0.09002082049846649
2507.0,0.6730999999999999,0.0,4.4244,0.0,0.09002071619033813
2507.3333333333335,0.6688666666666666,0.0,4.4232000000000005,0.0,0.09003506600856781
2507.6666666666665,0.6646333333333333,0.0,4.424,0.0,0.09003132581710815
2508.0,0.6604,0.0,4.4228000000000005,0.0,0.09004572033882141
2508.3333333333335,0.6561666666666666,0.0,4.4224000000000006,0.0,0.09005285799503326
2508.6666666666665,0.6519333333333334,0.0,4.424,0.0,0.0900418609380722
2509.0,0.6476999999999998,0.0,4.4252,0.0,0.09003447741270065
2509.3333333333335,0.6434666666666666,0.0,4.4264,0.0,0.09002707898616791
2509.6666666666665,0.6392333333333333,0.0,4.4264,0.0,0.09003052860498428
2510.0,0.6349999999999999,0.0,4.4272,0.0,0.09002673625946045
2510.3333333333335,0.6307666666666666,0.0,4.428,0.0,0.09002292901277542
2510.6666666666665,0.6265333333333334,0.0,4.4284,0.0,0.0900227352976799
2511.0,0.6222999999999999,0.0,4.4288,0.0,0.09002251923084259
2511.333333333333,0.6180666666666667,0.0,4.4288,0.0,0.09002590924501419
2511.666666666667,0.6138333333333332,0.0,4.4284,0.0,0.0900329127907753
2512.0,0.6095999999999999,0.0,4.4276,0.0,0.09004353731870651
2512.333333333333,0.6053666666666666,0.0,4.4284,0.0,0.09003967046737671
2512.666666666667,0.6011333333333333,0.0,4.4276,0.0,0.09005026519298553
2513.0,0.5968999999999999,0.0,4.4288,0.0,0.09004276245832443
2513.333333333333,0.5926666666666667,0.0,4.4288,0.0,0.09004611521959305
2513.666666666667,0.5884333333333333,0.0,4.4284,0.0,0.09005306661128998
2514.0,0.5842,0.0,4.4276,0.0,0.09006363898515701
2514.3333333333335,0.5799666666666666,0.0,4.4276,0.0,0.09006698429584503
2514.6666666666665,0.5757333333333333,0.0,4.4288,0.0,0.09005945920944214
2515.0,0.5715,0.0,4.4292,0.0,0.09005920588970184
2515.3333333333335,0.5672666666666666,0.0,4.4292,0.0,0.09006259590387344
2515.6666666666665,0.5630333333333333,0.0,4.428,0.0,0.09007684886455536
2516.0,0.5588,0.0,4.4308000000000005,0.0,0.090054951608181
2516.3333333333335,0.5545666666666665,0.0,4.430400000000001,0.0,0.09006202965974808
2516.6666666666665,0.5503333333333332,0.0,4.4316,0.0,0.09005465358495712
2517.0,0.5461,0.0,4.432,0.0,0.09005451202392578
2517.3333333333335,0.5418666666666665,0.0,4.4324,0.0,0.09005441516637802
2517.6666666666665,0.5376333333333333,0.0,4.432,0.0,0.09006155282258987
2518.0,0.5333999999999999,0.0,4.432,0.0,0.09006509184837341
2518.3333333333335,0.5291666666666666,0.0,4.4308000000000005,0.0,0.09007947891950607
2518.6666666666665,0.5249333333333333,0.0,4.4308000000000005,0.0,0.0900830328464508
2519.0,0.5206999999999999,0.0,4.430400000000001,0.0,0.09009019285440445
2519.333333333333,0.5164666666666665,0.0,4.430000000000001,0.0,0.09009738266468048
2519.666666666667,0.5122333333333333,0.0,4.430000000000001,0.0,0.090100958943367
2520.0,0.508,0.0,4.4316,0.0,0.0900900587439537
2520.333333333333,0.5053188888888889,0.0,4.4316,0.0,0.09009367227554321
2520.666666666667,0.5026377777777777,0.0,4.4312000000000005,0.0,0.09010089933872223
2521.0,0.4999566666666666,0.0,4.4308000000000005,0.0,0.09010814875364304
2521.3333333333335,0.49727555555555547,0.0,4.4308000000000005,0.0,0.09011176973581314
2521.6666666666665,0.49459444444444445,0.0,4.432,0.0,0.09010454267263412
2522.0,0.4919133333333333,0.0,4.4328,0.0,0.09010094404220581
2522.3333333333335,0.48923222222222223,0.0,4.432,0.0,0.09011180698871613
2522.6666666666665,0.48655111111111116,0.0,4.4332,0.0,0.0901045948266983
2523.0,0.48387,0.0,4.4348,0.0,0.09009376913309097
2523.3333333333335,0.4811888888888889,0.0,4.4328,0.0,0.0901155173778534
2523.6666666666665,0.47850777777777775,0.0,4.4328,0.0,0.09011917561292648
2524.0,0.4758266666666666,0.0,4.4324,0.0,0.09012646228075027
2524.3333333333335,0.4731455555555555,0.0,4.4332,0.0,0.09012287110090256
2524.6666666666665,0.47046444444444446,0.0,4.4336,0.0,0.09012291580438614
2525.0,0.46778333333333333,0.0,4.4344,0.0,0.09011932462453842
2525.3333333333335,0.46510222222222225,0.0,4.4336,0.0,0.09013023227453232
2525.6666666666665,0.46242111111111117,0.0,4.4328,0.0,0.09014112502336502
2526.0,0.45974000000000004,0.0,4.4316,0.0,0.09015565365552902
2526.333333333333,0.4570588888888889,0.0,4.4324,0.0,0.0901520699262619
2526.666666666667,0.45437777777777777,0.0,4.4316,0.0,0.0901629701256752
2527.0,0.45169666666666664,0.0,4.4312000000000005,0.0,0.09017025679349899
2527.333333333333,0.44901555555555556,0.0,4.4312000000000005,0.0,0.0901738852262497
2527.666666666667,0.4463344444444444,0.0,4.430000000000001,0.0,0.0901884138584137
2528.0,0.4436533333333333,0.0,4.430400000000001,0.0,0.0901884138584137
2528.333333333333,0.44097222222222227,0.0,4.4308000000000005,0.0,0.0901884138584137
2528.666666666667,0.43829111111111113,0.0,4.4308000000000005,0.0,0.09019201993942261
2529.0,0.43561,0.0,4.4328,0.0,0.09017747640609741
2529.3333333333335,0.43292888888888886,0.0,4.4328,0.0,0.09018108248710632
2529.6666666666665,0.43024777777777784,0.0,4.4324,0.0,0.09018832445144653
2530.0,0.4275666666666667,0.0,4.432,0.0,0.09019554406404495
2530.3333333333335,0.42488555555555557,0.0,4.4316,0.0,0.09020277857780457
2530.6666666666665,0.42220444444444444,0.0,4.432,0.0,0.09020276367664337
2531.0,0.4195233333333333,0.0,4.4308000000000005,0.0,0.09021726995706558
2531.3333333333335,0.4168422222222222,0.0,4.4308000000000005,0.0,0.09022088348865509
2531.6666666666665,0.4141611111111111,0.0,4.432,0.0,0.0902135968208313
2532.0,0.41147999999999996,0.0,4.4308000000000005,0.0,0.09022810310125351
2532.3333333333335,0.4087988888888889,0.0,4.432,0.0,0.09022081643342972
2532.6666666666665,0.4061177777777778,0.0,4.432,0.0,0.09022442996501923
2533.0,0.40343666666666667,0.0,4.4324,0.0,0.09022439271211624
2533.3333333333335,0.40075555555555553,0.0,4.4312000000000005,0.0,0.09023888409137726
2533.6666666666665,0.39807444444444445,0.0,4.4324,0.0,0.09023158252239227
2534.0,0.3953933333333333,0.0,4.4332,0.0,0.09022790938615799
2534.333333333333,0.3927122222222222,0.0,4.434,0.0,0.0902242437005043
2534.666666666667,0.3900311111111111,0.0,4.434,0.0,0.09022781252861023
2535.0,0.38735,0.0,4.4344,0.0,0.09022773802280426
2535.333333333333,0.3846688888888889,0.0,4.4356,0.0,0.09022039920091629
2535.666666666667,0.3819877777777778,0.0,4.436,0.0,0.09022030979394913
2536.0,0.3793066666666667,0.0,4.436,0.0,0.09022384136915207
2536.3333333333335,0.37662555555555555,0.0,4.4368,0.0,0.09022010862827301
2536.6666666666665,0.3739444444444444,0.0,4.4368,0.0,0.09022361785173416
2537.0,0.3712633333333333,0.0,4.4372,0.0,0.09022349864244461
2537.3333333333335,0.3685822222222222,0.0,4.437600000000001,0.0,0.09022337198257446
2537.6666666666665,0.3659011111111111,0.0,4.4372,0.0,0.09023051708936691
2538.0,0.36322,0.0,4.437600000000001,0.0,0.09023041278123856
2538.3333333333335,0.3605388888888889,0.0,4.4388000000000005,0.0,0.0902230516076088
2538.6666666666665,0.3578577777777778,0.0,4.4396,0.0,0.09021933376789093
2539.0,0.35517666666666664,0.0,4.44,0.0,0.09021923691034317
2539.3333333333335,0.35249555555555556,0.0,4.44,0.0,0.09022273868322372
2539.6666666666665,0.3498144444444445,0.0,4.4396,0.0,0.09022984653711319
2540.0,0.34713333333333335,0.0,4.4408,0.0,0.09022245556116104
2540.3333333333335,0.3444522222222222,0.0,4.4404,0.0,0.09022954851388931
2540.6666666666665,0.3417711111111111,0.0,4.4416,0.0,0.09022212028503418
2541.0,0.33908999999999995,0.0,4.4428,0.0,0.09021467715501785
2541.333333333333,0.3364088888888888,0.0,4.4436,0.0,0.09021083265542984
2541.666666666667,0.33372777777777773,0.0,4.4444,0.0,0.09020696580410004
2542.0,0.33104666666666666,0.0,4.444,0.0,0.09021395444869995
2542.333333333333,0.3283655555555556,0.0,4.444,0.0,0.09021729975938797
2542.666666666667,0.3256844444444445,0.0,4.4448,0.0,0.09021338820457458
2543.0,0.32300333333333336,0.0,4.4444,0.0,0.09022032469511032
2543.333333333333,0.32032222222222223,0.0,4.4436,0.0,0.09023085236549377
2543.666666666667,0.3176411111111111,0.0,4.4436,0.0,0.09023416042327881
2544.0,0.31495999999999996,0.0,4.4428,0.0,0.09024475514888763
2544.3333333333335,0.31227888888888883,0.0,4.4424,0.0,0.09025172889232635
2544.6666666666665,0.30959777777777775,0.0,4.442,0.0,0.09025870263576508
2545.0,0.30691666666666667,0.0,4.442,0.0,0.0902620404958725
2545.3333333333335,0.30423555555555554,0.0,4.4424,0.0,0.09026177227497101
2545.6666666666665,0.3015544444444444,0.0,4.4424,0.0,0.09026511758565903
2546.0,0.2988733333333333,0.0,4.4424,0.0,0.09026847034692764
2546.3333333333335,0.2961922222222222,0.0,4.4424,0.0,0.09027182310819626
2546.6666666666665,0.2935111111111111,0.0,4.4416,0.0,0.09028243273496628
2547.0,0.29083000000000003,0.0,4.4412,0.0,0.09028942137956619
2547.3333333333335,0.2881488888888889,0.0,4.44,0.0,0.09030366688966751
2547.6666666666665,0.28546777777777776,0.0,4.4416,0.0,0.09029251337051392
2548.0,0.2827866666666667,0.0,4.4424,0.0,0.09028863906860352
2548.3333333333335,0.28010555555555555,0.0,4.4436,0.0,0.09028113633394241
2548.6666666666665,0.2774244444444444,0.0,4.4444,0.0,0.09027725458145142
2549.0,0.2747433333333333,0.0,4.4428,0.0,0.09029514342546463
2549.333333333333,0.27206222222222215,0.0,4.442,0.0,0.09030579030513763
2549.666666666667,0.2693811111111111,0.0,4.4412,0.0,0.09031643718481064
2550.0,0.2667,0.0,4.4412,0.0,0.09031983464956284
2550.333333333333,0.26401888888888886,0.0,4.4416,0.0,0.09031959623098373
2550.666666666667,0.2613377777777778,0.0,4.442,0.0,0.09031935036182404
2551.0,0.25865666666666665,0.0,4.4416,0.0,0.09032635390758514
2551.3333333333335,0.25597555555555557,0.0,4.4412,0.0,0.09033336490392685
2551.6666666666665,0.25329444444444443,0.0,4.442,0.0,0.09032948315143585
2552.0,0.25061333333333335,0.0,4.442,0.0,0.09033286571502686
2552.3333333333335,0.2479322222222222,0.0,4.4404,0.0,0.09035079926252365
2552.6666666666665,0.2452511111111111,0.0,4.44,0.0,0.09035779535770416
2553.0,0.24257,0.0,4.4412,0.0,0.09035026282072067
2553.3333333333335,0.23988888888888887,0.0,4.4408,0.0,0.0903572291135788
2553.6666666666665,0.23720777777777774,0.0,4.4412,0.0,0.09035693109035492
2554.0,0.23452666666666666,0.0,4.442,0.0,0.09035298973321915
2554.3333333333335,0.23184555555555553,0.0,4.4428,0.0,0.09034906327724457
2554.6666666666665,0.22916444444444445,0.0,4.4456,0.0,0.09032703191041946
2555.0,0.22648333333333331,0.0,4.4444,0.0,0.09034131467342377
2555.3333333333335,0.2238022222222222,0.0,4.4452,0.0,0.09033744782209396
2555.6666666666665,0.22112111111111107,0.0,4.4444,0.0,0.09034808725118637
2556.0,0.21843999999999997,0.0,4.4456,0.0,0.09034056216478348
2556.333333333333,0.21575888888888892,0.0,4.446000000000001,0.0,0.09034030884504318
2556.666666666667,0.21307777777777778,0.0,4.4456,0.0,0.0903472974896431
2557.0,0.21039666666666665,0.0,4.446400000000001,0.0,0.09034337848424911
2557.333333333333,0.20771555555555551,0.0,4.446400000000001,0.0,0.09034671634435654
2557.666666666667,0.2050344444444444,0.0,4.446400000000001,0.0,0.09035003930330276
2558.0,0.2023533333333333,0.0,4.4456,0.0,0.09036063402891159
2558.333333333333,0.1996722222222222,0.0,4.4456,0.0,0.09036394953727722
2558.666666666667,0.1969911111111111,0.0,4.4452,0.0,0.09037090837955475
2559.0,0.19430999999999998,0.0,4.4444,0.0,0.09038149565458298
2559.3333333333335,0.19162888888888885,0.0,4.446000000000001,0.0,0.0903702974319458
2559.6666666666665,0.18894777777777771,0.0,4.4472000000000005,0.0,0.09036275744438171
2560.0,0.18626666666666664,0.0,4.4468000000000005,0.0,0.09036974608898163
2560.3333333333335,0.18358555555555553,0.0,4.4456,0.0,0.09038399159908295
2560.6666666666665,0.18090444444444442,0.0,4.4452,0.0,0.09039098769426346
2561.0,0.1782233333333333,0.0,4.4456,0.0,0.09039071947336197
2561.3333333333335,0.17554222222222218,0.0,4.446000000000001,0.0,0.09039046615362167
2561.6666666666665,0.1728611111111111,0.0,4.446000000000001,0.0,0.09039382636547089
2562.0,0.17017999999999997,0.0,4.4448,0.0,0.09040810912847519
2562.3333333333335,0.16749888888888884,0.0,4.444,0.0,0.09041876345872879
2562.6666666666665,0.16481777777777776,0.0,4.4448,0.0,0.0904148742556572
2563.0,0.16213666666666662,0.0,4.4456,0.0,0.0904109850525856
2563.3333333333335,0.15945555555555554,0.0,4.4448,0.0,0.0904216468334198
2563.6666666666665,0.1567744444444444,0.0,4.4448,0.0,0.0904250293970108
2564.0,0.1540933333333333,0.0,4.4444,0.0,0.09043204039335251
2564.333333333333,0.15141222222222217,0.0,4.444,0.0,0.09043904393911362
2564.666666666667,0.14873111111111106,0.0,4.4448,0.0,0.09043513238430023
2565.0,0.14605,0.0,4.4444,0.0,0.09044215083122253
2565.333333333333,0.14336888888888888,0.0,4.4456,0.0,0.09043459594249725
2565.666666666667,0.14068777777777774,0.0,4.4456,0.0,0.09043796360492706
2566.0,0.1380066666666666,0.0,4.4456,0.0,0.09044132381677628
2566.3333333333335,0.1353255555555555,0.0,4.4468000000000005,0.0,0.090433768928051
2566.6666666666665,0.13264444444444443,0.0,4.4468000000000005,0.0,0.09043712168931961
2567.0,0.12996333333333332,0.0,4.45,0.0,0.09041140973567963
2567.3333333333335,0.12728222222222219,0.0,4.4492,0.0,0.09042206406593323
2567.6666666666665,0.12460111111111107,0.0,4.45,0.0,0.09041817486286163
2568.0,0.12191999999999995,0.0,4.45,0.0,0.09042154997587204
2568.3333333333335,0.11923888888888887,0.0,4.4488,0.0,0.09043582528829575
2568.6666666666665,0.11655777777777776,0.0,4.4476,0.0,0.09045011550188065
2569.0,0.11387666666666663,0.0,4.4496,0.0,0.09043531119823456
2569.3333333333335,0.1111955555555555,0.0,4.45,0.0,0.09043505042791367
2569.6666666666665,0.1085144444444444,0.0,4.4508,0.0,0.09043115377426147
2570.0,0.10583333333333332,0.0,4.452,0.0,0.09042362123727798
2570.3333333333335,0.1031522222222222,0.0,4.4516,0.0,0.0904306098818779
2570.6666666666665,0.10047111111111108,0.0,4.4528,0.0,0.09042307734489441
2571.0,0.09778999999999996,0.0,4.454400000000001,0.0,0.09041190892457962
2571.333333333333,0.09510888888888883,0.0,4.4548000000000005,0.0,0.09041163325309753
2571.666666666667,0.09242777777777776,0.0,4.4552000000000005,0.0,0.09041134268045425
2572.0,0.08974666666666664,0.0,4.4548000000000005,0.0,0.09041829407215118
2572.333333333333,0.08706555555555552,0.0,4.4548000000000005,0.0,0.09042157977819443
2572.666666666667,0.0843844444444444,0.0,4.4556000000000004,0.0,0.09041761606931686
2573.0,0.08170333333333328,0.0,4.4564,0.0,0.09041363000869751
2573.333333333333,0.0790222222222222,0.0,4.456,0.0,0.09042050689458847
2573.666666666667,0.07634111111111108,0.0,4.4552000000000005,0.0,0.09043098241090775
2574.0,0.07365999999999998,0.0,4.456,0.0,0.09042692929506302
2574.3333333333335,0.07097888888888884,0.0,4.456,0.0,0.0904301106929779
2574.6666666666665,0.06829777777777772,0.0,4.456,0.0,0.090433269739151
2575.0,0.0656166666666666,0.0,4.4548000000000005,0.0,0.09044729173183441
2575.3333333333335,0.06293555555555548,0.0,4.4552000000000005,0.0,0.09044676274061203
2575.6666666666665,0.06025444444444436,0.0,4.4556000000000004,0.0,0.09044621139764786
2576.0,0.05757333333333333,0.0,4.4564,0.0,0.0904420018196106
2576.3333333333335,0.05489222222222221,0.0,4.4564,0.0,0.09044504910707474
2576.6666666666665,0.0522111111111111,0.0,4.456,0.0,0.09045170247554779
2577.0,0.04952999999999998,0.0,4.4564,0.0,0.09045107662677765
2577.3333333333335,0.04684888888888886,0.0,4.4576,0.0,0.0904431939125061
2577.6666666666665,0.04416777777777773,0.0,4.458,0.0,0.09044255316257477
2578.0,0.04148666666666661,0.0,4.458,0.0,0.09044552594423294
2578.3333333333335,0.03880555555555549,0.0,4.46,0.0,0.0904303640127182
2578.6666666666665,0.03612444444444437,0.0,4.4616,0.0,0.09041883796453476
2579.0,0.03344333333333325,0.0,4.4616,0.0,0.09042181819677353
2579.333333333333,0.03076222222222222,0.0,4.4616,0.0,0.0904247835278511
2579.666666666667,0.028081111111111102,0.0,4.462000000000001,0.0,0.09042412042617798
2580.0,0.0254,0.0,4.4616,0.0,0.09043069928884506
2580.333333333333,0.0254,0.0,4.462000000000001,0.0,0.09043002873659134
2580.666666666667,0.0254,0.0,4.4616,0.0,0.09043658524751663
2581.0,0.0254,0.0,4.4628000000000005,0.0,0.09042865037918091
2581.3333333333335,0.0254,0.0,4.4628000000000005,0.0,0.09043161571025848
2581.6666666666665,0.0254,0.0,4.462400000000001,0.0,0.09043820202350616
2582.0,0.0254,0.0,4.4632000000000005,0.0,0.09043391048908234
2582.3333333333335,0.0254,0.0,4.462400000000001,0.0,0.09044411778450012
2582.6666666666665,0.0254,0.0,4.4628000000000005,0.0,0.0904434397816658
2583.0,0.0254,0.0,4.462000000000001,0.0,0.09045365452766418
2583.3333333333335,0.0254,0.0,4.4636000000000005,0.0,0.09044212102890015
2583.6666666666665,0.0254,0.0,4.462400000000001,0.0,0.09045596420764923
2584.0,0.0254,0.0,4.4628000000000005,0.0,0.0904553234577179
2584.3333333333335,0.0254,0.0,4.4628000000000005,0.0,0.09045833349227905
2584.6666666666665,0.0254,0.0,4.464,0.0,0.0904504731297493
2585.0,0.0254,0.0,4.4644,0.0,0.09044987708330154
2585.3333333333335,0.0254,0.0,4.464,0.0,0.0904565379023552
2585.6666666666665,0.0254,0.0,4.464,0.0,0.09045959264039993
2586.0,0.0254,0.0,4.4632000000000005,0.0,0.09046990424394608
2586.333333333333,0.0254,0.0,4.4636000000000005,0.0,0.0904693678021431
2586.666666666667,0.0254,0.0,4.464,0.0,0.09046883881092072
2587.0,0.0254,0.0,4.4636000000000005,0.0,0.09047558903694153
2587.333333333333,0.0254,0.0,4.4644,0.0,0.09047146886587143
2587.666666666667,0.0254,0.0,4.4648,0.0,0.09047098457813263
2588.0,0.0254,0.0,4.4656,0.0,0.09046691656112671
2588.333333333333,0.0254,0.0,4.4652,0.0,0.0904737338423729
2588.666666666667,0.0254,0.0,4.4644,0.0,0.09048420935869217
2589.0,0.0254,0.0,4.4656,0.0,0.09047655016183853
2589.3333333333335,0.0254,0.0,4.4664,0.0,0.0904725193977356
2589.6666666666665,0.0254,0.0,4.4664,0.0,0.09047574549913406
2590.0,0.0254,0.0,4.4652,0.0,0.09048986434936523
2590.3333333333335,0.0254,0.0,4.4644,0.0,0.0905003622174263
2590.6666666666665,0.0254,0.0,4.4652,0.0,0.09049634635448456
2591.0,0.0254,0.0,4.4656,0.0,0.09049595892429352
2591.3333333333335,0.0254,0.0,4.4664,0.0,0.09049195796251297
2591.6666666666665,0.0254,0.0,4.4668,0.0,0.09049157798290253
2592.0,0.0254,0.0,4.4664,0.0,0.09049844741821289
2592.3333333333335,0.0254,0.0,4.4664,0.0,0.09050168842077255
2592.6666666666665,0.0254,0.0,4.4656,0.0,0.09051217883825302
2593.0,0.0254,0.0,4.4652,0.0,0.0905190259218216
2593.3333333333335,0.0254,0.0,4.4664,0.0,0.09051135927438736
2593.6666666666665,0.0254,0.0,4.4652,0.0,0.09052546322345734
2594.0,0.0254,0.0,4.466,0.0,0.09052139520645142
2594.333333333333,0.0254,0.0,4.4656,0.0,0.090528205037117
2594.666666666667,0.0254,0.0,4.4672,0.0,0.0905168429017067
2595.0,0.0254,0.0,4.4672,0.0,0.0905199646949768
2595.333333333333,0.0254,0.0,4.4676,0.0,0.09051945060491562
2595.666666666667,0.0254,0.0,4.468,0.0,0.09051890671253204
2596.0,0.0254,0.0,4.4684,0.0,0.09051834046840668
2596.3333333333335,0.0254,0.0,4.4676,0.0,0.09052864462137222
2596.6666666666665,0.0254,0.0,4.4676,0.0,0.09053166955709457
2597.0,0.0254,0.0,4.4688,0.0,0.09052378684282303
2597.3333333333335,0.0254,0.0,4.4692,0.0,0.0905231460928917
2597.6666666666665,0.0254,0.0,4.470000000000001,0.0,0.09051886945962906
2598.0,0.0254,0.0,4.470000000000001,0.0,0.09052183479070663
2598.3333333333335,0.0254,0.0,4.470400000000001,0.0,0.0905211791396141
2598.6666666666665,0.0254,0.0,4.4692,0.0,0.09053502976894379
2599.0,0.0254,0.0,4.4708000000000006,0.0,0.09052348881959915
2599.3333333333335,0.0254,0.0,4.4708000000000006,0.0,0.09052645415067673
2599.6666666666665,0.0254,0.0,4.472,0.0,0.09051855653524399
2600.0,0.0254,0.0,4.4724,0.0,0.09051790833473206
2600.3333333333335,0.0254,0.0,4.4732,0.0,0.09051364660263062
2600.6666666666665,0.0254,0.0,4.4732,0.0,0.09051663428544998
2601.0,0.0254,0.0,4.4728,0.0,0.09052327275276184
2601.333333333333,0.0254,0.0,4.4728,0.0,0.09052630513906479
2601.666666666667,0.0254,0.0,4.4728,0.0,0.09052935987710953
2602.0,0.0254,0.0,4.472,0.0,0.09053970873355865
2602.333333333333,0.0254,0.0,4.472,0.0,0.09054280817508698
2602.666666666667,0.0254,0.0,4.4716000000000005,0.0,0.09054955095052719
2603.0,0.0254,0.0,4.470400000000001,0.0,0.0905635729432106
2603.333333333333,0.0254,0.0,4.470000000000001,0.0,0.090570367872715
2603.666666666667,0.0254,0.0,4.4712000000000005,0.0,0.09056266397237778
2604.0,0.0254,0.0,4.4724,0.0,0.09055497497320175
2604.3333333333335,0.0254,0.0,4.4732,0.0,0.09055095165967941
2604.6666666666665,0.0254,0.0,4.4732,0.0,0.09055419266223907
2605.0,0.0254,0.0,4.4724,0.0,0.09056470543146133
2605.3333333333335,0.0254,0.0,4.472,0.0,0.09057159721851349
2605.6666666666665,0.0254,0.0,4.4712000000000005,0.0,0.09058213233947754
2606.0,0.0254,0.0,4.4732,0.0,0.09056727588176727
2606.3333333333335,0.0254,0.0,4.4732,0.0,0.09057056903839111
2606.6666666666665,0.0254,0.0,4.474,0.0,0.09056662023067474
2607.0,0.0254,0.0,4.4748,0.0,0.09056266397237778
2607.3333333333335,0.0254,0.0,4.4748,0.0,0.09056596457958221
2607.6666666666665,0.0254,0.0,4.4748,0.0,0.09056925028562546
2608.0,0.0254,0.0,4.4752,0.0,0.090568907558918
2608.3333333333335,0.0254,0.0,4.474,0.0,0.09058304131031036
2608.6666666666665,0.0254,0.0,4.4736,0.0,0.09058991074562073
2609.0,0.0254,0.0,4.4732,0.0,0.0905967578291893
2609.333333333333,0.0254,0.0,4.4736,0.0,0.09059631824493408
2609.666666666667,0.0254,0.0,4.4744,0.0,0.09059222787618637
2610.0,0.0254,0.0,4.4752,0.0,0.09058810770511627
2610.333333333333,0.0254,0.0,4.4764,0.0,0.09058032929897308
2610.666666666667,0.0254,0.0,4.476,0.0,0.09058703482151031
2611.0,0.0254,0.0,4.4764,0.0,0.09058644622564316
2611.3333333333335,0.0254,0.0,4.476,0.0,0.09059307724237442
2611.6666666666665,0.0254,0.0,4.4772,0.0,0.09058520197868347
2612.0,0.0254,0.0,4.4764,0.0,0.09059544652700424
2612.3333333333335,0.0254,0.0,4.4772,0.0,0.09059114754199982
2612.6666666666665,0.0254,0.0,4.4776,0.0,0.0905904695391655
2613.0,0.0254,0.0,4.4772,0.0,0.0905970111489296
2613.3333333333335,0.0254,0.0,4.478000000000001,0.0,0.0905926525592804
2613.6666666666665,0.0254,0.0,4.4792000000000005,0.0,0.0905846506357193
2614.0,0.0254,0.0,4.478400000000001,0.0,0.09059475362300873
2614.3333333333335,0.0254,0.0,4.478800000000001,0.0,0.09059395641088486
2614.6666666666665,0.0254,0.0,4.4796000000000005,0.0,0.09058951586484909
2615.0,0.0254,0.0,4.4792000000000005,0.0,0.09059591591358185
2615.3333333333335,0.0254,0.0,4.4796000000000005,0.0,0.0905950516462326
2615.6666666666665,0.0254,0.0,4.4796000000000005,0.0,0.09059780091047287
2616.0,0.0254,0.0,4.4792000000000005,0.0,0.09060414135456085
2616.333333333333,0.0254,0.0,4.48,0.0,0.09059961140155792
2616.666666666667,0.0254,0.0,4.48,0.0,0.0906023159623146
2617.0,0.0254,0.0,4.48,0.0,0.09060501307249069
2617.333333333333,0.0254,0.0,4.48,0.0,0.09060772508382797
2617.666666666667,0.0254,0.0,4.4808,0.0,0.09060318768024445
2618.0,0.0254,0.0,4.4816,0.0,0.09059865027666092
2618.333333333333,0.0254,0.0,4.4816,0.0,0.0906013771891594
2618.666666666667,0.0254,0.0,4.4808,0.0,0.09061134606599808
2619.0,0.0254,0.0,4.4792000000000005,0.0,0.09062857180833817
2619.3333333333335,0.0254,0.0,4.478800000000001,0.0,0.09063491970300674
2619.6666666666665,0.0254,0.0,4.478000000000001,0.0,0.09064491093158722
2620.0,0.0254,0.0,4.4776,0.0,0.0906512662768364
2620.3333333333335,0.0254,0.0,4.4776,0.0,0.09065399318933487
2620.6666666666665,0.0254,0.0,4.4776,0.0,0.09065673500299454
2621.0,0.0254,0.0,4.4776,0.0,0.0906594768166542
2621.3333333333335,0.0254,0.0,4.4772,0.0,0.09066584706306458
2621.6666666666665,0.0254,0.0,4.4772,0.0,0.09066857397556305
2622.0,0.0254,0.0,4.4768,0.0,0.09067493677139282
2622.3333333333335,0.0254,0.0,4.478400000000001,0.0,0.09066314995288849
2622.6666666666665,0.0254,0.0,4.4796000000000005,0.0,0.09065505862236023
2623.0,0.0254,0.0,4.4792000000000005,0.0,0.09066150337457657
2623.3333333333335,0.0254,0.0,4.4804,0.0,0.09065345674753189
2623.6666666666665,0.0254,0.0,4.4796000000000005,0.0,0.09066356718540192
2624.0,0.0254,0.0,4.4796000000000005,0.0,0.09066644310951233
2624.333333333333,0.0254,0.0,4.4796000000000005,0.0,0.09066934883594513
2624.666666666667,0.0254,0.0,4.4792000000000005,0.0,0.09067588299512863
2625.0,0.0254,0.0,4.4792000000000005,0.0,0.09067880362272263
2625.333333333333,0.0254,0.0,4.478800000000001,0.0,0.09068536758422852
2625.666666666667,0.0254,0.0,4.478000000000001,0.0,0.0906955897808075
2626.0,0.0254,0.0,4.478400000000001,0.0,0.09069491177797318
2626.3333333333335,0.0254,0.0,4.478000000000001,0.0,0.09070152789354324
2626.6666666666665,0.0254,0.0,4.4776,0.0,0.0907081589102745
2627.0,0.0254,0.0,4.4776,0.0,0.09071116894483566
2627.3333333333335,0.0254,0.0,4.4768,0.0,0.0907214805483818
2627.6666666666665,0.0254,0.0,4.4776,0.0,0.09071724861860275
2628.0,0.0254,0.0,4.4776,0.0,0.09072031080722809
2628.3333333333335,0.0254,0.0,4.4772,0.0,0.09072702378034592
2628.6666666666665,0.0254,0.0,4.478000000000001,0.0,0.09072282910346985
2629.0,0.0254,0.0,4.478800000000001,0.0,0.09071864187717438
2629.3333333333335,0.0254,0.0,4.4796000000000005,0.0,0.09071443229913712
2629.6666666666665,0.0254,0.0,4.4804,0.0,0.09071023017168045
2630.0,0.0254,0.0,4.4824,0.0,0.09069515764713287
2630.3333333333335,0.0254,0.0,4.4812,0.0,0.0907091572880745
2630.6666666666665,0.0254,0.0,4.482,0.0,0.0907050147652626
2631.0,0.0254,0.0,4.4816,0.0,0.09071174263954163
2631.333333333333,0.0254,0.0,4.4836,0.0,0.09069667756557465
2631.666666666667,0.0254,0.0,4.4828,0.0,0.09070701152086258
2632.0,0.0254,0.0,4.4836,0.0,0.09070282429456711
2632.333333333333,0.0254,0.0,4.4836,0.0,0.09070587903261185
2632.666666666667,0.0254,0.0,4.484,0.0,0.09070529043674469
2633.0,0.0254,0.0,4.4844,0.0,0.09070467203855515
2633.333333333333,0.0254,0.0,4.4848,0.0,0.09070401638746262
2633.666666666667,0.0254,0.0,4.4848,0.0,0.0907069742679596
2634.0,0.0254,0.0,4.4848,0.0,0.09070990979671478
2634.3333333333335,0.0254,0.0,4.484,0.0,0.09072010964155197
2634.6666666666665,0.0254,0.0,4.4832,0.0,0.09073026478290558
2635.0,0.0254,0.0,4.4836,0.0,0.0907294899225235
2635.3333333333335,0.0254,0.0,4.4828,0.0,0.09073959290981293
2635.6666666666665,0.0254,0.0,4.4832,0.0,0.09073878079652786
2636.0,0.0254,0.0,4.4832,0.0,0.09074155986309052
2636.3333333333335,0.0254,0.0,4.4828,0.0,0.09074795246124268
2636.6666666666665,0.0254,0.0,4.482,0.0,0.09075795114040375
2637.0,0.0254,0.0,4.4824,0.0,0.09075701981782913
2637.3333333333335,0.0254,0.0,4.4816,0.0,0.09076698869466782
2637.6666666666665,0.0254,0.0,4.4816,0.0,0.0907697007060051
2638.0,0.0254,0.0,4.482,0.0,0.0907687395811081
2638.3333333333335,0.0254,0.0,4.4808,0.0,0.09078233689069748
2638.6666666666665,0.0254,0.0,4.4804,0.0,0.09078865498304367
2639.0,0.0254,0.0,4.48,0.0,0.09079495817422867
2639.333333333333,0.0254,0.0,4.48,0.0,0.09079762548208237
2639.666666666667,0.0254,0.0,4.4804,0.0,0.09079664200544357
2640.0,0.0254,0.0,4.4804,0.0,0.09079930931329727
2640.333333333333,0.0254,0.0,4.48,0.0,0.09080559760332108
2640.666666666667,0.0254,0.0,4.4812,0.0,0.09079732745885849
2641.0,0.0254,0.0,4.4804,0.0,0.09080727398395538
2641.3333333333335,0.0254,0.0,4.4804,0.0,0.09080995619297028
2641.6666666666665,0.0254,0.0,4.4808,0.0,0.09080900996923447
2642.0,0.0254,0.0,4.4816,0.0,0.09080444276332855
2642.3333333333335,0.0254,0.0,4.4828,0.0,0.09079625457525253
2642.6666666666665,0.0254,0.0,4.4832,0.0,0.0907953530550003
2643.0,0.0254,0.0,4.4836,0.0,0.09079445898532867
2643.3333333333335,0.0254,0.0,4.4832,0.0,0.09080085903406143
2643.6666666666665,0.0254,0.0,4.4824,0.0,0.09081090986728668
2644.0,0.0254,0.0,4.4824,0.0,0.09081368148326874
2644.3333333333335,0.0254,0.0,4.4824,0.0,0.09081646054983139
2644.6666666666665,0.0254,0.0,4.482,0.0,0.09082288295030594
2645.0,0.0254,0.0,4.4832,0.0,0.0908147394657135
2645.3333333333335,0.0254,0.0,4.484,0.0,0.09081023186445236
2645.6666666666665,0.0254,0.0,4.4844,0.0,0.09080936014652252
2646.0,0.0254,0.0,4.4844,0.0,0.09081211686134338
2646.333333333333,0.0254,0.0,4.4844,0.0,0.09081486612558365
2646.666666666667,0.0254,0.0,4.484,0.0,0.09082125127315521
2647.0,0.0254,0.0,4.4828,0.0,0.09083496779203415
2647.333333333333,0.0254,0.0,4.4812,0.0,0.09085235744714737
2647.666666666667,0.0254,0.0,4.4816,0.0,0.09085153043270111
2648.0,0.0254,0.0,4.4816,0.0,0.09085433930158615
2648.333333333333,0.0254,0.0,4.48,0.0,0.09087173640727997
2648.666666666667,0.0254,0.0,4.4808,0.0,0.09086724370718002
2649.0,0.0254,0.0,4.4808,0.0,0.09087005257606506
2649.3333333333335,0.0254,0.0,4.4812,0.0,0.09086921811103821
2649.6666666666665,0.0254,0.0,4.482,0.0,0.09086476266384125
2650.0,0.0254,0.0,4.4824,0.0,0.09086395055055618
2650.3333333333335,0.0254,0.0,4.4824,0.0,0.09086678922176361
2650.6666666666665,0.0254,0.0,4.4824,0.0,0.09086962789297104
2651.0,0.0254,0.0,4.4836,0.0,0.09086151421070099
2651.3333333333335,0.0254,0.0,4.484,0.0,0.09086067974567413
2651.6666666666665,0.0254,0.0,4.4844,0.0,0.09085984528064728
2652.0,0.0254,0.0,4.486800000000001,0.0,0.09084079414606094
2652.3333333333335,0.0254,0.0,4.4888,0.0,0.09082543849945068
2652.6666666666665,0.0254,0.0,4.4896,0.0,0.09082099795341492
2653.0,0.0254,0.0,4.4896,0.0,0.09082382172346115
2653.3333333333335,0.0254,0.0,4.4908,0.0,0.0908157154917717
2653.6666666666665,0.0254,0.0,4.4924,0.0,0.09080400317907333
2654.0,0.0254,0.0,4.4924,0.0,0.09080682694911957
2654.333333333333,0.0254,0.0,4.4932,0.0,0.0908023789525032
2654.666666666667,0.0254,0.0,4.4912,0.0,0.09082336723804474
2655.0,0.0254,0.0,4.4916,0.0,0.09082255512475967
2655.333333333333,0.0254,0.0,4.4928,0.0,0.09081447124481201
2655.666666666667,0.0254,0.0,4.4928,0.0,0.09081730246543884
2656.0,0.0254,0.0,4.4932,0.0,0.09081649780273438
2656.3333333333335,0.0254,0.0,4.494800000000001,0.0,0.0908048003911972
2656.6666666666665,0.0254,0.0,4.494,0.0,0.09081488847732544
2657.0,0.0254,0.0,4.494800000000001,0.0,0.09081044048070908
2657.3333333333335,0.0254,0.0,4.494800000000001,0.0,0.09081324189901352
2657.6666666666665,0.0254,0.0,4.4952000000000005,0.0,0.09081239998340607
2658.0,0.0254,0.0,4.494800000000001,0.0,0.09081881493330002
2658.3333333333335,0.0254,0.0,4.4968,0.0,0.09080342948436737
2658.6666666666665,0.0254,0.0,4.4972,0.0,0.09080257266759872
2659.0,0.0254,0.0,4.496,0.0,0.09081621468067169
2659.3333333333335,0.0254,0.0,4.4964,0.0,0.09081535041332245
2659.6666666666665,0.0254,0.0,4.496,0.0,0.09082171320915222
2660.0,0.0254,0.0,4.498,0.0,0.09080630540847778
2660.3333333333335,0.0254,0.0,4.4984,0.0,0.09080543369054794
2660.6666666666665,0.0254,0.0,4.4992,0.0,0.09080090373754501
2661.0,0.0254,0.0,4.4988,0.0,0.09080725908279419
2661.333333333333,0.0254,0.0,4.4976,0.0,0.09082084149122238
2661.666666666667,0.0254,0.0,4.4968,0.0,0.09083079546689987
2662.0,0.0254,0.0,4.4968,0.0,0.09083347022533417
2662.333333333333,0.0254,0.0,4.494800000000001,0.0,0.09085430949926376
2662.666666666667,0.0254,0.0,4.494800000000001,0.0,0.09085696935653687
2663.0,0.0254,0.0,4.494400000000001,0.0,0.09086325764656067
2663.333333333333,0.0254,0.0,4.4936,0.0,0.09087318181991577
2663.666666666667,0.0254,0.0,4.4928,0.0,0.09088312089443207
2664.0,0.0254,0.0,4.4912,0.0,0.09090036153793335
2664.3333333333335,0.0254,0.0,4.492,0.0,0.09089577198028564
2664.6666666666665,0.0254,0.0,4.4916,0.0,0.09090211987495422
2665.0,0.0254,0.0,4.492,0.0,0.09090118855237961
2665.3333333333335,0.0254,0.0,4.4928,0.0,0.09089663624763489
2665.6666666666665,0.0254,0.0,4.4916,0.0,0.09091030061244965
2666.0,0.0254,0.0,4.4916,0.0,0.09091304987668991
2666.3333333333335,0.0254,0.0,4.4924,0.0,0.09090851247310638
2666.6666666666665,0.0254,0.0,4.4924,0.0,0.09091128408908844
2667.0,0.0254,0.0,4.4924,0.0,0.0909140557050705
2667.3333333333335,0.0254,0.0,4.4932,0.0,0.09090954810380936
2667.6666666666665,0.0254,0.0,4.492,0.0,0.09092328697443008
2668.0,0.0254,0.0,4.4924,0.0,0.09092245250940323
2668.3333333333335,0.0254,0.0,4.494,0.0,0.09091071784496307
2668.6666666666665,0.0254,0.0,4.4924,0.0,0.09092813730239868
2669.0,0.0254,0.0,4.4936,0.0,0.09092006087303162
2669.333333333333,0.0254,0.0,4.4936,0.0,0.09092292934656143
2669.666666666667,0.0254,0.0,4.4932,0.0,0.09092946350574493
2670.0,0.0254,0.0,4.494,0.0,0.09092506021261215
2670.333333333333,0.0254,0.0,4.494400000000001,0.0,0.09092433005571365
2670.666666666667,0.0254,0.0,4.494800000000001,0.0,0.09092358499765396
2671.0,0.0254,0.0,4.494400000000001,0.0,0.09093011170625687
2671.3333333333335,0.0254,0.0,4.4936,0.0,0.09094027429819107
2671.6666666666665,0.0254,0.0,4.4936,0.0,0.09094314277172089
2672.0,0.0254,0.0,4.4936,0.0,0.0909460037946701
2672.3333333333335,0.0254,0.0,4.494,0.0,0.09094520658254623
2672.6666666666665,0.0254,0.0,4.494800000000001,0.0,0.09094075113534927
2673.0,0.0254,0.0,4.496,0.0,0.09093265980482101
2673.3333333333335,0.0254,0.0,4.4964,0.0,0.09093184024095535
2673.6666666666665,0.0254,0.0,4.4964,0.0,0.0909346491098404
2674.0,0.0254,0.0,4.4964,0.0,0.09093744307756424
2674.3333333333335,0.0254,0.0,4.4972,0.0,0.0909329280257225
2674.6666666666665,0.0254,0.0,4.498,0.0,0.09092842042446136
2675.0,0.0254,0.0,4.4984,0.0,0.09092755615711212
2675.3333333333335,0.0254,0.0,4.4992,0.0,0.09092304855585098
2675.6666666666665,0.0254,0.0,4.5,0.0,0.09091853350400925
2676.0,0.0254,0.0,4.5008,0.0,0.09091400355100632
2676.333333333333,0.0254,0.0,4.5012,0.0,0.09091310948133469
2676.666666666667,0.0254,0.0,4.5016,0.0,0.09091219305992126
2677.0,0.0254,0.0,4.5012,0.0,0.09091850370168686
2677.333333333333,0.0254,0.0,4.5016,0.0,0.09091752022504807
2677.666666666667,0.0254,0.0,4.502800000000001,0.0,0.09090924263000488
2678.0,0.0254,0.0,4.502800000000001,0.0,0.09091184288263321
2678.333333333333,0.0254,0.0,4.5040000000000004,0.0,0.09090352058410645
2678.666666666667,0.0254,0.0,4.5032000000000005,0.0,0.09091334789991379
2679.0,0.0254,0.0,4.5040000000000004,0.0,0.09090862423181534
2679.3333333333335,0.0254,0.0,4.5036000000000005,0.0,0.090914785861969
2679.6666666666665,0.0254,0.0,4.5032000000000005,0.0,0.09092093259096146
2680.0,0.0254,0.0,4.5016,0.0,0.09093798696994781
2680.3333333333335,0.0254,0.0,4.502400000000001,0.0,0.09093322604894638
2680.6666666666665,0.0254,0.0,4.502800000000001,0.0,0.09093207865953445
2681.0,0.0254,0.0,4.502400000000001,0.0,0.09093821048736572
2681.3333333333335,0.0254,0.0,4.502,0.0,0.0909443348646164
2681.6666666666665,0.0254,0.0,4.5032000000000005,0.0,0.09093592315912247
2682.0,0.0254,0.0,4.5032000000000005,0.0,0.09093841910362244
2682.3333333333335,0.0254,0.0,4.502400000000001,0.0,0.09094824641942978
2682.6666666666665,0.0254,0.0,4.502400000000001,0.0,0.09095078706741333
2683.0,0.0254,0.0,4.5036000000000005,0.0,0.09094244241714478
2683.3333333333335,0.0254,0.0,4.5040000000000004,0.0,0.09094137698411942
2683.6666666666665,0.0254,0.0,4.5036000000000005,0.0,0.09094759076833725
2684.0,0.0254,0.0,4.5032000000000005,0.0,0.09095384180545807
2684.333333333333,0.0254,0.0,4.502800000000001,0.0,0.09096010774374008
2684.666666666667,0.0254,0.0,4.502400000000001,0.0,0.09096640348434448
2685.0,0.0254,0.0,4.502800000000001,0.0,0.09096543490886688
2685.333333333333,0.0254,0.0,4.502,0.0,0.09097539633512497
2685.666666666667,0.0254,0.0,4.502400000000001,0.0,0.09097444266080856
2686.0,0.0254,0.0,4.502800000000001,0.0,0.09097349643707275
2686.3333333333335,0.0254,0.0,4.5036000000000005,0.0,0.09096891433000565
2686.6666666666665,0.0254,0.0,4.5052,0.0,0.09095706790685654
2687.0,0.0254,0.0,4.506,0.0,0.09095253795385361
2687.3333333333335,0.0254,0.0,4.5056,0.0,0.09095890820026398
2687.6666666666665,0.0254,0.0,4.5056,0.0,0.09096168726682663
2688.0,0.0254,0.0,4.5056,0.0,0.09096448123455048
2688.3333333333335,0.0254,0.0,4.5052,0.0,0.09097094088792801
2688.6666666666665,0.0254,0.0,4.5040000000000004,0.0,0.09098467230796814
2689.0,0.0254,0.0,4.5048,0.0,0.09098022431135178
2689.3333333333335,0.0254,0.0,4.5044,0.0,0.09098668396472931
2689.6666666666665,0.0254,0.0,4.5040000000000004,0.0,0.09099315106868744
2690.0,0.0254,0.0,4.5032000000000005,0.0,0.09100325405597687
2690.3333333333335,0.0254,0.0,4.5040000000000004,0.0,0.09099879860877991
2690.6666666666665,0.0254,0.0,4.5048,0.0,0.09099438041448593
2691.0,0.0254,0.0,4.506,0.0,0.09098631143569946
2691.333333333333,0.0254,0.0,4.5056,0.0,0.09099280089139938
2691.666666666667,0.0254,0.0,4.5044,0.0,0.0910065695643425
2692.0,0.0254,0.0,4.5032000000000005,0.0,0.09102032333612442
2692.333333333333,0.0254,0.0,4.5036000000000005,0.0,0.09101951122283936
2692.666666666667,0.0254,0.0,4.5036000000000005,0.0,0.09102233499288559
2693.0,0.0254,0.0,4.5056,0.0,0.09100692719221115
2693.333333333333,0.0254,0.0,4.5064,0.0,0.0910024344921112
2693.666666666667,0.0254,0.0,4.5076,0.0,0.09099426865577698
2694.0,0.0254,0.0,4.508,0.0,0.09099335223436356
2694.3333333333335,0.0254,0.0,4.5064,0.0,0.09101061522960663
2694.6666666666665,0.0254,0.0,4.506,0.0,0.09101692587137222
2695.0,0.0254,0.0,4.5056,0.0,0.09102321416139603
2695.3333333333335,0.0254,0.0,4.5052,0.0,0.09102948009967804
2695.6666666666665,0.0254,0.0,4.5068,0.0,0.09101750701665878
2696.0,0.0254,0.0,4.5076,0.0,0.09101280570030212
2696.3333333333335,0.0254,0.0,4.5088,0.0,0.09100442379713058
2696.6666666666665,0.0254,0.0,4.5088,0.0,0.09100694954395294
2697.0,0.0254,0.0,4.5092,0.0,0.09100578725337982
2697.3333333333335,0.0254,0.0,4.510400000000001,0.0,0.09099734574556351
2697.6666666666665,0.0254,0.0,4.510800000000001,0.0,0.0909961611032486
2698.0,0.0254,0.0,4.51,0.0,0.09100586175918579
2698.3333333333335,0.0254,0.0,4.510800000000001,0.0,0.09100101888179779
2698.6666666666665,0.0254,0.0,4.510800000000001,0.0,0.09100344777107239
2699.0,0.0254,0.0,4.510400000000001,0.0,0.09100950509309769
2699.333333333333,0.0254,0.0,4.510400000000001,0.0,0.09101192653179169
2699.666666666667,0.0254,0.0,4.5120000000000005,0.0,0.09099981188774109
2700.0,0.0254,0.0,4.5120000000000005,0.0,0.09100226312875748
2700.333333333333,0.0254,0.0,4.5124,0.0,0.09100107848644257
2700.666666666667,0.0254,0.0,4.5132,0.0,0.09099627286195755
2701.0,0.0254,0.0,4.5132,0.0,0.09099878370761871
2701.3333333333335,0.0254,0.0,4.5128,0.0,0.09100495278835297
2701.6666666666665,0.0254,0.0,4.510800000000001,0.0,0.09102568030357361
2702.0,0.0254,0.0,4.5120000000000005,0.0,0.09101733565330505
2702.3333333333335,0.0254,0.0,4.5116000000000005,0.0,0.09102354198694229
2702.6666666666665,0.0254,0.0,4.510400000000001,0.0,0.09103704988956451
2703.0,0.0254,0.0,4.5096,0.0,0.09104693681001663
2703.3333333333335,0.0254,0.0,4.510800000000001,0.0,0.09103862196207047
2703.6666666666665,0.0254,0.0,4.510400000000001,0.0,0.09104488790035248
2704.0,0.0254,0.0,4.5096,0.0,0.09105480462312698
2704.3333333333335,0.0254,0.0,4.5088,0.0,0.09106473624706268
2704.6666666666665,0.0254,0.0,4.5088,0.0,0.091067373752594
2705.0,0.0254,0.0,4.508,0.0,0.09107732027769089
2705.3333333333335,0.0254,0.0,4.5076,0.0,0.09108364582061768
2705.6666666666665,0.0254,0.0,4.5084,0.0,0.09107901155948639
2706.0,0.0254,0.0,4.5088,0.0,0.09107804298400879
2706.333333333333,0.0254,0.0,4.5088,0.0,0.09108074009418488
2706.666666666667,0.0254,0.0,4.508,0.0,0.09109071642160416
2707.0,0.0254,0.0,4.5088,0.0,0.09108611196279526
2707.333333333333,0.0254,0.0,4.5112000000000005,0.0,0.09106696397066116
2707.666666666667,0.0254,0.0,4.510800000000001,0.0,0.09107334911823273
2708.0,0.0254,0.0,4.5112000000000005,0.0,0.09107248485088348
2708.333333333333,0.0254,0.0,4.5124,0.0,0.09106434136629105
2708.666666666667,0.0254,0.0,4.5120000000000005,0.0,0.0910707488656044
2709.0,0.0254,0.0,4.5112000000000005,0.0,0.09108078479766846
2709.3333333333335,0.0254,0.0,4.510800000000001,0.0,0.09108717739582062
2709.6666666666665,0.0254,0.0,4.510800000000001,0.0,0.09108990430831909
2710.0,0.0254,0.0,4.51,0.0,0.09109988808631897
2710.3333333333335,0.0254,0.0,4.51,0.0,0.09110256284475327
2710.6666666666665,0.0254,0.0,4.51,0.0,0.09110522270202637
2711.0,0.0254,0.0,4.5112000000000005,0.0,0.0910969227552414
2711.3333333333335,0.0254,0.0,4.5116000000000005,0.0,0.09109587967395782
2711.6666666666665,0.0254,0.0,4.5124,0.0,0.09109117835760117
2712.0,0.0254,0.0,4.5132,0.0,0.09108646214008331
2712.3333333333335,0.0254,0.0,4.5144,0.0,0.09107809513807297
2712.6666666666665,0.0254,0.0,4.5152,0.0,0.09107331931591034
2713.0,0.0254,0.0,4.516,0.0,0.09106855094432831
2713.3333333333335,0.0254,0.0,4.5172,0.0,0.09106011688709259
2713.6666666666665,0.0254,0.0,4.5164,0.0,0.09106987714767456
2714.0,0.0254,0.0,4.5164,0.0,0.09107236564159393
2714.333333333333,0.0254,0.0,4.5168,0.0,0.09107121080160141
2714.666666666667,0.0254,0.0,4.5168,0.0,0.0910736620426178
2715.0,0.0254,0.0,4.5168,0.0,0.09107610583305359
2715.333333333333,0.0254,0.0,4.5156,0.0,0.09108946472406387
2715.666666666667,0.0254,0.0,4.5144,0.0,0.09110280871391296
2716.0,0.0254,0.0,4.5136,0.0,0.09111250936985016
2716.3333333333335,0.0254,0.0,4.5132,0.0,0.09111856669187546
2716.6666666666665,0.0254,0.0,4.5120000000000005,0.0,0.09113191813230515
2717.0,0.0254,0.0,4.5128,0.0,0.09112704545259476
2717.3333333333335,0.0254,0.0,4.5120000000000005,0.0,0.09113676100969315
2717.6666666666665,0.0254,0.0,4.51,0.0,0.09115742892026901
2718.0,0.0254,0.0,4.51,0.0,0.09115985780954361
2718.3333333333335,0.0254,0.0,4.510400000000001,0.0,0.09115863591432571
2718.6666666666665,0.0254,0.0,4.5112000000000005,0.0,0.09115376323461533
2719.0,0.0254,0.0,4.510800000000001,0.0,0.09115984290838242
2719.3333333333335,0.0254,0.0,4.51,0.0,0.0911695659160614
2719.6666666666665,0.0254,0.0,4.5096,0.0,0.09117565304040909
2720.0,0.0254,0.0,4.51,0.0,0.09117443114519119
2720.3333333333335,0.0254,0.0,4.510400000000001,0.0,0.0911731943488121
2720.6666666666665,0.0254,0.0,4.5112000000000005,0.0,0.09116831421852112
2721.0,0.0254,0.0,4.5116000000000005,0.0,0.09116707742214203
2721.333333333333,0.0254,0.0,4.5112000000000005,0.0,0.09117316454648972
2721.666666666667,0.0254,0.0,4.5124,0.0,0.09116463363170624
2722.0,0.0254,0.0,4.5132,0.0,0.09115976095199585
2722.333333333333,0.0254,0.0,4.5132,0.0,0.09116216748952866
2722.666666666667,0.0254,0.0,4.514,0.0,0.09115728735923767
2723.0,0.0254,0.0,4.5144,0.0,0.09115603566169739
2723.333333333333,0.0254,0.0,4.514,0.0,0.0911620631814003
2723.666666666667,0.0254,0.0,4.5148,0.0,0.09115718305110931
2724.0,0.0254,0.0,4.514,0.0,0.09116686880588531
2724.3333333333335,0.0254,0.0,4.5144,0.0,0.09116561710834503
2724.6666666666665,0.0254,0.0,4.5152,0.0,0.09116070717573166
2725.0,0.0254,0.0,4.516,0.0,0.09115581959486008
2725.3333333333335,0.0254,0.0,4.516,0.0,0.09115820378065109
2725.6666666666665,0.0254,0.0,4.516,0.0,0.09116058796644211
2726.0,0.0254,0.0,4.516,0.0,0.09116296470165253
2726.3333333333335,0.0254,0.0,4.5164,0.0,0.09116171300411224
2726.6666666666665,0.0254,0.0,4.5164,0.0,0.09116408228874207
2727.0,0.0254,0.0,4.5164,0.0,0.09116645902395248
2727.3333333333335,0.0254,0.0,4.518800000000001,0.0,0.09114699810743332
2727.6666666666665,0.0254,0.0,4.518,0.0,0.0911567285656929
2728.0,0.0254,0.0,4.518,0.0,0.09115917980670929
2728.3333333333335,0.0254,0.0,4.518,0.0,0.09116164594888687
2728.6666666666665,0.0254,0.0,4.518,0.0,0.09116411954164505
2729.0,0.0254,0.0,4.5176,0.0,0.09117022156715393
2729.333333333333,0.0254,0.0,4.5172,0.0,0.09117633104324341
2729.666666666667,0.0254,0.0,4.518800000000001,0.0,0.091164231300354
2730.0,0.0254,0.0,4.5192000000000005,0.0,0.09116307646036148
2730.333333333333,0.0254,0.0,4.5204,0.0,0.09115462750196457
2730.666666666667,0.0254,0.0,4.5208,0.0,0.09115347266197205
2731.0,0.0254,0.0,4.5200000000000005,0.0,0.09116324037313461
2731.3333333333335,0.0254,0.0,4.5216,0.0,0.09115119278430939
2731.6666666666665,0.0254,0.0,4.522,0.0,0.09115006029605865
2732.0,0.0254,0.0,4.5216,0.0,0.09115621447563171
2732.3333333333335,0.0254,0.0,4.5204,0.0,0.09116966277360916
2732.6666666666665,0.0254,0.0,4.5200000000000005,0.0,0.09117583185434341
2733.0,0.0254,0.0,4.5200000000000005,0.0,0.09117835760116577
2733.3333333333335,0.0254,0.0,4.5204,0.0,0.09117725491523743
2733.6666666666665,0.0254,0.0,4.5212,0.0,0.09117249399423599
2734.0,0.0254,0.0,4.5212,0.0,0.09117504209280014
2734.3333333333335,0.0254,0.0,4.5208,0.0,0.09118123352527618
2734.6666666666665,0.0254,0.0,4.5196000000000005,0.0,0.09119472652673721
2735.0,0.0254,0.0,4.518400000000001,0.0,0.09120826423168182
2735.3333333333335,0.0254,0.0,4.518800000000001,0.0,0.09120720624923706
2735.6666666666665,0.0254,0.0,4.518800000000001,0.0,0.0912097841501236
2736.0,0.0254,0.0,4.518400000000001,0.0,0.09121601283550262
2736.333333333333,0.0254,0.0,4.518,0.0,0.09122221916913986
2736.666666666667,0.0254,0.0,4.518400000000001,0.0,0.09122112393379211
2737.0,0.0254,0.0,4.5176,0.0,0.09123098850250244
2737.333333333333,0.0254,0.0,4.518,0.0,0.09122984856367111
2737.666666666667,0.0254,0.0,4.5168,0.0,0.09124329686164856
2738.0,0.0254,0.0,4.5164,0.0,0.09124942123889923
2738.333333333333,0.0254,0.0,4.516,0.0,0.09125553071498871
2738.666666666667,0.0254,0.0,4.5172,0.0,0.09124696999788284
2739.0,0.0254,0.0,4.5172,0.0,0.09124936163425446
2739.3333333333335,0.0254,0.0,4.518,0.0,0.0912444218993187
2739.6666666666665,0.0254,0.0,4.5176,0.0,0.09125040471553802
2740.0,0.0254,0.0,4.5192000000000005,0.0,0.0912381038069725
2740.3333333333335,0.0254,0.0,4.5192000000000005,0.0,0.09124037623405457
2740.6666666666665,0.0254,0.0,4.5200000000000005,0.0,0.09123533219099045
2741.0,0.0254,0.0,4.5216,0.0,0.09122295677661896
2741.3333333333335,0.0254,0.0,4.5224,0.0,0.09121786803007126
2741.6666666666665,0.0254,0.0,4.5224,0.0,0.09122005105018616
2742.0,0.0254,0.0,4.5216,0.0,0.09122953563928604
2742.3333333333335,0.0254,0.0,4.5212,0.0,0.09123536199331284
2742.6666666666665,0.0254,0.0,4.5200000000000005,0.0,0.09124846756458282
2743.0,0.0254,0.0,4.5208,0.0,0.09124330431222916
2743.3333333333335,0.0254,0.0,4.522,0.0,0.0912344679236412
2743.6666666666665,0.0254,0.0,4.5228,0.0,0.09122927486896515
2744.0,0.0254,0.0,4.5236,0.0,0.0912240669131279
2744.333333333333,0.0254,0.0,4.5228,0.0,0.09123343229293823
2744.666666666667,0.0254,0.0,4.522,0.0,0.09124280512332916
2745.0,0.0254,0.0,4.5228,0.0,0.09123756736516953
2745.333333333333,0.0254,0.0,4.5228,0.0,0.09123960882425308
2745.666666666667,0.0254,0.0,4.524,0.0,0.09123071283102036
2746.0,0.0254,0.0,4.5256,0.0,0.09121818095445633
2746.3333333333335,0.0254,0.0,4.5244,0.0,0.09123118966817856
2746.6666666666665,0.0254,0.0,4.5244,0.0,0.0912332609295845
2747.0,0.0254,0.0,4.5256,0.0,0.09122439473867416
2747.3333333333335,0.0254,0.0,4.5232,0.0,0.09124833345413208
2747.6666666666665,0.0254,0.0,4.524,0.0,0.09124313294887543
2748.0,0.0254,0.0,4.5244,0.0,0.09124158322811127
2748.3333333333335,0.0254,0.0,4.5248,0.0,0.09124002605676651
2748.6666666666665,0.0254,0.0,4.5244,0.0,0.09124576300382614
2749.0,0.0254,0.0,4.5244,0.0,0.09124783426523209
2749.3333333333335,0.0254,0.0,4.5236,0.0,0.09125721454620361
2749.6666666666665,0.0254,0.0,4.524,0.0,0.09125563502311707
2750.0,0.0254,0.0,4.5228,0.0,0.09126867353916168
2750.3333333333335,0.0254,0.0,4.5216,0.0,0.09128172695636749
2750.6666666666665,0.0254,0.0,4.5224,0.0,0.09127652645111084
2751.0,0.0254,0.0,4.5224,0.0,0.09127862006425858
2751.333333333333,0.0254,0.0,4.5228,0.0,0.09127707034349442
2751.666666666667,0.0254,0.0,4.5224,0.0,0.09128282964229584
2752.0,0.0254,0.0,4.5228,0.0,0.09128127992153168
2752.333333333333,0.0254,0.0,4.5216,0.0,0.09129438549280167
2752.666666666667,0.0254,0.0,4.5212,0.0,0.09130018949508667
2753.0,0.0254,0.0,4.5212,0.0,0.09130234271287918
2753.333333333333,0.0254,0.0,4.5208,0.0,0.09130813926458359
2753.666666666667,0.0254,0.0,4.5212,0.0,0.0913066491484642
2754.0,0.0254,0.0,4.5212,0.0,0.09130881726741791
2754.3333333333335,0.0254,0.0,4.5216,0.0,0.0913073867559433
2754.6666666666665,0.0254,0.0,4.5236,0.0,0.09129133075475693
2755.0,0.0254,0.0,4.5232,0.0,0.0912972167134285
2755.3333333333335,0.0254,0.0,4.5228,0.0,0.09130308032035828
2755.6666666666665,0.0254,0.0,4.5228,0.0,0.09130532294511795
2756.0,0.0254,0.0,4.5224,0.0,0.09131119400262833
2756.3333333333335,0.0254,0.0,4.5224,0.0,0.0913134440779686
2756.6666666666665,0.0254,0.0,4.5224,0.0,0.09131568670272827
2757.0,0.0254,0.0,4.5212,0.0,0.09132891148328781
2757.3333333333335,0.0254,0.0,4.5216,0.0,0.09132750332355499
2757.6666666666665,0.0254,0.0,4.5212,0.0,0.09133341163396835
2758.0,0.0254,0.0,4.5224,0.0,0.09132471680641174
2758.3333333333335,0.0254,0.0,4.5224,0.0,0.0913269892334938
2758.6666666666665,0.0254,0.0,4.5252,0.0,0.09130372852087021
2759.0,0.0254,0.0,4.526,0.0,0.09129874408245087
2759.333333333333,0.0254,0.0,4.526800000000001,0.0,0.09129377454519272
2759.666666666667,0.0254,0.0,4.526800000000001,0.0,0.09129614382982254
2760.0,0.0254,0.0,4.527200000000001,0.0,0.09129487723112106
2760.333333333333,0.0254,0.0,4.53,0.0,0.09127172827720642
2760.666666666667,0.0254,0.0,4.5304,0.0,0.09127049148082733
2761.0,0.0254,0.0,4.5312,0.0,0.09126561880111694
2761.3333333333335,0.0254,0.0,4.53,0.0,0.09127900749444962
2761.6666666666665,0.0254,0.0,4.5316,0.0,0.09126687049865723
2762.0,0.0254,0.0,4.5328,0.0,0.09125841408967972
2762.3333333333335,0.0254,0.0,4.532,0.0,0.0912681594491005
2762.6666666666665,0.0254,0.0,4.532,0.0,0.09127064794301987
2763.0,0.0254,0.0,4.5308,0.0,0.09128407388925552
2763.3333333333335,0.0254,0.0,4.5308,0.0,0.09128658473491669
2763.6666666666665,0.0254,0.0,4.5304,0.0,0.09129273146390915
2764.0,0.0254,0.0,4.5296,0.0,0.0913025364279747
2764.3333333333335,0.0254,0.0,4.53,0.0,0.09130141139030457
2764.6666666666665,0.0254,0.0,4.5304,0.0,0.09130029380321503
2765.0,0.0254,0.0,4.5304,0.0,0.09130285680294037
2765.3333333333335,0.0254,0.0,4.5312,0.0,0.09129814058542252
2765.6666666666665,0.0254,0.0,4.532,0.0,0.09129342436790466
2766.0,0.0254,0.0,4.5308,0.0,0.09130692481994629
2766.333333333333,0.0254,0.0,4.5304,0.0,0.09131315350532532
2766.666666666667,0.0254,0.0,4.5292,0.0,0.09132670611143112
2767.0,0.0254,0.0,4.5296,0.0,0.09132564812898636
2767.333333333333,0.0254,0.0,4.5292,0.0,0.09133189916610718
2767.666666666667,0.0254,0.0,4.5296,0.0,0.09133084118366241
2768.0,0.0254,0.0,4.5308,0.0,0.09132249653339386
2768.333333333333,0.0254,0.0,4.5304,0.0,0.09132874011993408
2768.666666666667,0.0254,0.0,4.5296,0.0,0.0913386270403862
2769.0,0.0254,0.0,4.53,0.0,0.09133756905794144
2769.3333333333335,0.0254,0.0,4.5276000000000005,0.0,0.09136208146810532
2769.6666666666665,0.0254,0.0,4.5284,0.0,0.09135735034942627
2770.0,0.0254,0.0,4.5280000000000005,0.0,0.0913635790348053
2770.3333333333335,0.0254,0.0,4.5292,0.0,0.09135516732931137
2770.6666666666665,0.0254,0.0,4.5292,0.0,0.09135768562555313
2771.0,0.0254,0.0,4.53,0.0,0.09135287255048752
2771.3333333333335,0.0254,0.0,4.53,0.0,0.0913553386926651
2771.6666666666665,0.0254,0.0,4.5296,0.0,0.09136143326759338
2772.0,0.0254,0.0,4.5296,0.0,0.09136384725570679
2772.3333333333335,0.0254,0.0,4.5292,0.0,0.0913698747754097
2772.6666666666665,0.0254,0.0,4.5296,0.0,0.09136854112148285
2773.0,0.0254,0.0,4.5304,0.0,0.09136351943016052
2773.3333333333335,0.0254,0.0,4.532,0.0,0.09135115891695023
2773.6666666666665,0.0254,0.0,4.5324,0.0,0.09134972840547562
2774.0,0.0254,0.0,4.5324,0.0,0.09135192632675171
2774.333333333333,0.0254,0.0,4.5324,0.0,0.09135410189628601
2774.666666666667,0.0254,0.0,4.5328,0.0,0.09135263413190842
2775.0,0.0254,0.0,4.5336,0.0,0.09134749323129654
2775.333333333333,0.0254,0.0,4.5336,0.0,0.09134960919618607
2775.666666666667,0.0254,0.0,4.534400000000001,0.0,0.0913444310426712
2776.0,0.0254,0.0,4.5360000000000005,0.0,0.09133192151784897
2776.3333333333335,0.0254,0.0,4.5356000000000005,0.0,0.091337651014328
2776.6666666666665,0.0254,0.0,4.5356000000000005,0.0,0.09133971482515335
2777.0,0.0254,0.0,4.5356000000000005,0.0,0.0913417711853981
2777.3333333333335,0.0254,0.0,4.5360000000000005,0.0,0.09134022146463394
2777.6666666666665,0.0254,0.0,4.5368,0.0,0.09133501350879669
2778.0,0.0254,0.0,4.5364,0.0,0.09134073555469513
2778.3333333333335,0.0254,0.0,4.5376,0.0,0.09133186936378479
2778.6666666666665,0.0254,0.0,4.5384,0.0,0.09132666140794754
2779.0,0.0254,0.0,4.5376,0.0,0.09133601933717728
2779.3333333333335,0.0254,0.0,4.5404,0.0,0.09131260216236115
2779.6666666666665,0.0254,0.0,4.5408,0.0,0.09131103754043579
2780.0,0.0254,0.0,4.54,0.0,0.09132038056850433
2780.3333333333335,0.0254,0.0,4.5408,0.0,0.09131516516208649
2780.6666666666665,0.0254,0.0,4.5404,0.0,0.09132087230682373
2781.0,0.0254,0.0,4.5388,0.0,0.09133753180503845
2781.333333333333,0.0254,0.0,4.5376,0.0,0.09135054051876068
2781.666666666667,0.0254,0.0,4.5364,0.0,0.0913635641336441
2782.0,0.0254,0.0,4.5360000000000005,0.0,0.09136930853128433
2782.333333333333,0.0254,0.0,4.5356000000000005,0.0,0.09137506037950516
2782.666666666667,0.0254,0.0,4.535200000000001,0.0,0.09138081222772598
2783.0,0.0254,0.0,4.534800000000001,0.0,0.091386578977108
2783.333333333333,0.0254,0.0,4.534800000000001,0.0,0.09138870239257812
2783.666666666667,0.0254,0.0,4.534800000000001,0.0,0.09139083325862885
2784.0,0.0254,0.0,4.534400000000001,0.0,0.09139663726091385
2784.3333333333335,0.0254,0.0,4.534400000000001,0.0,0.09139879047870636
2784.6666666666665,0.0254,0.0,4.532,0.0,0.09142287075519562
2785.0,0.0254,0.0,4.5328,0.0,0.09141778945922852
2785.3333333333335,0.0254,0.0,4.5332,0.0,0.0914163887500763
2785.6666666666665,0.0254,0.0,4.5324,0.0,0.09142597764730453
2786.0,0.0254,0.0,4.5328,0.0,0.09142465144395828
2786.3333333333335,0.0254,0.0,4.534400000000001,0.0,0.09141240268945694
2786.6666666666665,0.0254,0.0,4.534800000000001,0.0,0.09141112118959427
2787.0,0.0254,0.0,4.535200000000001,0.0,0.09140985459089279
2787.3333333333335,0.0254,0.0,4.535200000000001,0.0,0.09141223132610321
2787.6666666666665,0.0254,0.0,4.5364,0.0,0.09140365570783615
2788.0,0.0254,0.0,4.5376,0.0,0.09139508754014969
2788.3333333333335,0.0254,0.0,4.538,0.0,0.0913938358426094
2788.6666666666665,0.0254,0.0,4.5384,0.0,0.09139259904623032
2789.0,0.0254,0.0,4.538,0.0,0.09139865636825562
2789.333333333333,0.0254,0.0,4.5364,0.0,0.0914156511425972
2789.666666666667,0.0254,0.0,4.535200000000001,0.0,0.09142899513244629
2790.0,0.0254,0.0,4.534800000000001,0.0,0.0914350226521492
2790.333333333333,0.0254,0.0,4.5332,0.0,0.09145202487707138
2790.666666666667,0.0254,0.0,4.5332,0.0,0.0914543941617012
2791.0,0.0254,0.0,4.5332,0.0,0.09145674109458923
2791.3333333333335,0.0254,0.0,4.5336,0.0,0.09145539999008179
2791.6666666666665,0.0254,0.0,4.5328,0.0,0.0914650484919548
2792.0,0.0254,0.0,4.5332,0.0,0.09146369993686676
2792.3333333333335,0.0254,0.0,4.532,0.0,0.09147699177265167
2792.6666666666665,0.0254,0.0,4.5324,0.0,0.09147562086582184
2793.0,0.0254,0.0,4.5324,0.0,0.0914778858423233
2793.3333333333335,0.0254,0.0,4.5328,0.0,0.09147650003433228
2793.6666666666665,0.0254,0.0,4.534400000000001,0.0,0.09146413207054138
2794.0,0.0254,0.0,4.534400000000001,0.0,0.09146639704704285
2794.3333333333335,0.0254,0.0,4.534400000000001,0.0,0.09146860986948013
2794.6666666666665,0.0254,0.0,4.534400000000001,0.0,0.09147082269191742
2795.0,0.0254,0.0,4.535200000000001,0.0,0.09146568924188614
2795.3333333333335,0.0254,0.0,4.535200000000001,0.0,0.09146786481142044
2795.6666666666665,0.0254,0.0,4.535200000000001,0.0,0.09147005528211594
2796.0,0.0254,0.0,4.5356000000000005,0.0,0.09146858751773834
2796.333333333333,0.0254,0.0,4.5356000000000005,0.0,0.09147076308727264
2796.666666666667,0.0254,0.0,4.5360000000000005,0.0,0.09146926552057266
2797.0,0.0254,0.0,4.535200000000001,0.0,0.09147872775793076
2797.333333333333,0.0254,0.0,4.535200000000001,0.0,0.09148085862398148
2797.666666666667,0.0254,0.0,4.534800000000001,0.0,0.0914866253733635
2798.0,0.0254,0.0,4.534400000000001,0.0,0.09149237722158432
2798.333333333333,0.0254,0.0,4.5332,0.0,0.09150546044111252
2798.666666666667,0.0254,0.0,4.534800000000001,0.0,0.0914928987622261
2799.0,0.0254,0.0,4.534,0.0,0.09150230139493942
2799.3333333333335,0.0254,0.0,4.5336,0.0,0.09150803834199905
2799.6666666666665,0.0254,0.0,4.534400000000001,0.0,0.09150279313325882
2800.0,0.0254,0.0,4.534400000000001,0.0,0.09150489419698715
2800.3333333333335,0.0254,0.0,4.534400000000001,0.0,0.09150698781013489
2800.6666666666665,0.0254,0.0,4.534,0.0,0.09151274710893631
2801.0,0.0254,0.0,4.534,0.0,0.09151487797498703
2801.3333333333335,0.0254,0.0,4.5336,0.0,0.09152067452669144
2801.6666666666665,0.0254,0.0,4.5332,0.0,0.09152648597955704
2802.0,0.0254,0.0,4.5336,0.0,0.09152498096227646
2802.3333333333335,0.0254,0.0,4.534400000000001,0.0,0.09151981770992279
2802.6666666666665,0.0254,0.0,4.534800000000001,0.0,0.0915183424949646
2803.0,0.0254,0.0,4.535200000000001,0.0,0.0915168821811676
2803.3333333333335,0.0254,0.0,4.534800000000001,0.0,0.09152276068925858
2803.6666666666665,0.0254,0.0,4.534400000000001,0.0,0.09152861684560776
2804.0,0.0254,0.0,4.5336,0.0,0.09153813868761063
2804.333333333333,0.0254,0.0,4.534,0.0,0.09153667837381363
2804.666666666667,0.0254,0.0,4.5336,0.0,0.09154254198074341
2805.0,0.0254,0.0,4.534,0.0,0.09154114872217178
2805.333333333333,0.0254,0.0,4.5328,0.0,0.0915544256567955
2805.666666666667,0.0254,0.0,4.532,0.0,0.09156404435634613
2806.0,0.0254,0.0,4.5332,0.0,0.09155532717704773
2806.3333333333335,0.0254,0.0,4.5332,0.0,0.09155761450529099
2806.6666666666665,0.0254,0.0,4.5328,0.0,0.09156356006860733
2807.0,0.0254,0.0,4.5328,0.0,0.09156583249568939
2807.3333333333335,0.0254,0.0,4.5328,0.0,0.09156810492277145
2807.6666666666665,0.0254,0.0,4.532,0.0,0.09157771617174149
2808.0,0.0254,0.0,4.534400000000001,0.0,0.09155796468257904
2808.3333333333335,0.0254,0.0,4.5332,0.0,0.09157124161720276
2808.6666666666665,0.0254,0.0,4.5336,0.0,0.09156982600688934
2809.0,0.0254,0.0,4.5336,0.0,0.09157209098339081
2809.3333333333335,0.0254,0.0,4.534,0.0,0.091570645570755
2809.6666666666665,0.0254,0.0,4.534400000000001,0.0,0.09156917780637741
2810.0,0.0254,0.0,4.534800000000001,0.0,0.09156768023967743
2810.3333333333335,0.0254,0.0,4.5332,0.0,0.09158448874950409
2810.6666666666665,0.0254,0.0,4.5324,0.0,0.09159395098686218
2811.0,0.0254,0.0,4.532,0.0,0.0915997177362442
2811.333333333333,0.0254,0.0,4.5312,0.0,0.09160913527011871
2811.666666666667,0.0254,0.0,4.5304,0.0,0.09161854535341263
2812.0,0.0254,0.0,4.5316,0.0,0.09160960465669632
2812.333333333333,0.0254,0.0,4.5304,0.0,0.0916227251291275
2812.666666666667,0.0254,0.0,4.5312,0.0,0.09161747992038727
2813.0,0.0254,0.0,4.5328,0.0,0.09160488098859787
2813.333333333333,0.0254,0.0,4.5332,0.0,0.09160329401493073
2813.666666666667,0.0254,0.0,4.5336,0.0,0.09160169959068298
2814.0,0.0254,0.0,4.534,0.0,0.09160010516643524
2814.3333333333335,0.0254,0.0,4.5356000000000005,0.0,0.09158749878406525
2814.6666666666665,0.0254,0.0,4.535200000000001,0.0,0.09159320592880249
2815.0,0.0254,0.0,4.5332,0.0,0.09161364287137985
2815.3333333333335,0.0254,0.0,4.5328,0.0,0.09161939471960068
2815.6666666666665,0.0254,0.0,4.5332,0.0,0.09161780029535294
2816.0,0.0254,0.0,4.5328,0.0,0.09162355214357376
2816.3333333333335,0.0254,0.0,4.534,0.0,0.09161458164453506
2816.6666666666665,0.0254,0.0,4.534800000000001,0.0,0.09160930663347244
2817.0,0.0254,0.0,4.5356000000000005,0.0,0.09160400182008743
2817.3333333333335,0.0254,0.0,4.534800000000001,0.0,0.09161335229873657
2817.6666666666665,0.0254,0.0,4.534400000000001,0.0,0.09161906689405441
2818.0,0.0254,0.0,4.5356000000000005,0.0,0.09161008149385452
2818.3333333333335,0.0254,0.0,4.5356000000000005,0.0,0.09161209315061569
2818.6666666666665,0.0254,0.0,4.5368,0.0,0.0916031002998352
2819.0,0.0254,0.0,4.5372,0.0,0.09160143882036209
2819.333333333333,0.0254,0.0,4.538,0.0,0.09159611910581589
2819.666666666667,0.0254,0.0,4.538,0.0,0.09159810841083527
2820.0,0.0254,0.0,4.5376,0.0,0.09160376340150833
2820.333333333333,0.025258888888888883,0.0,4.5384,0.0,0.09159840643405914
2820.666666666667,0.025117777777777774,0.0,4.5404,0.0,0.09158207476139069
2821.0,0.024976666666666664,0.0,4.5408,0.0,0.09158039093017578
2821.3333333333335,0.02483555555555555,0.0,4.5404,0.0,0.09158605337142944
2821.6666666666665,0.024694444444444442,0.0,4.5404,0.0,0.09158802777528763
2822.0,0.02455333333333333,0.0,4.54,0.0,0.0915936678647995
2822.3333333333335,0.024412222222222217,0.0,4.5396,0.0,0.09159930795431137
2822.6666666666665,0.024271111111111108,0.0,4.54,0.0,0.09159762412309647
2823.0,0.02413,0.0,4.5416,0.0,0.0915849581360817
2823.3333333333335,0.023988888888888886,0.0,4.54,0.0,0.0916016474366188
2823.6666666666665,0.023847777777777773,0.0,4.5396,0.0,0.09160735458135605
2824.0,0.02370666666666666,0.0,4.5384,0.0,0.09162040799856186
2824.3333333333335,0.023565555555555555,0.0,4.5376,0.0,0.09162980318069458
2824.6666666666665,0.023424444444444442,0.0,4.5384,0.0,0.09162449836730957
2825.0,0.02328333333333333,0.0,4.5388,0.0,0.09162286669015884
2825.3333333333335,0.02314222222222222,0.0,4.5384,0.0,0.09162856638431549
2825.6666666666665,0.023001111111111108,0.0,4.5388,0.0,0.09162691235542297
2826.0,0.022859999999999995,0.0,4.5384,0.0,0.09163261204957962
2826.333333333333,0.022718888888888886,0.0,4.5388,0.0,0.0916309654712677
2826.666666666667,0.022577777777777773,0.0,4.5388,0.0,0.09163295477628708
2827.0,0.022436666666666664,0.0,4.5384,0.0,0.09163860976696014
2827.333333333333,0.02229555555555555,0.0,4.5376,0.0,0.0916479229927063
2827.666666666667,0.022154444444444442,0.0,4.538,0.0,0.0916462168097496
2828.0,0.022013333333333333,0.0,4.5388,0.0,0.09164082258939743
2828.333333333333,0.021872222222222217,0.0,4.5384,0.0,0.09164644777774811
2828.666666666667,0.021731111111111107,0.0,4.538,0.0,0.09165205806493759
2829.0,0.021589999999999998,0.0,4.5364,0.0,0.09166870266199112
2829.3333333333335,0.021448888888888885,0.0,4.5368,0.0,0.09166700392961502
2829.6666666666665,0.021307777777777776,0.0,4.5376,0.0,0.09166160970926285
2830.0,0.021166666666666663,0.0,4.5388,0.0,0.09165256470441818
2830.3333333333335,0.02102555555555555,0.0,4.5396,0.0,0.09164717048406601
2830.6666666666665,0.02088444444444444,0.0,4.5404,0.0,0.09164179861545563
2831.0,0.02074333333333333,0.0,4.5392,0.0,0.09165475517511368
2831.3333333333335,0.020602222222222223,0.0,4.5404,0.0,0.09164569526910782
2831.6666666666665,0.020461111111111107,0.0,4.5408,0.0,0.09164396673440933
2832.0,0.020319999999999994,0.0,4.5404,0.0,0.09164955466985703
2832.3333333333335,0.02017888888888889,0.0,4.5384,0.0,0.09166982024908066
2832.6666666666665,0.020037777777777776,0.0,4.5376,0.0,0.09167907387018204
2833.0,0.019896666666666663,0.0,4.5372,0.0,0.09168466180562973
2833.3333333333335,0.01975555555555555,0.0,4.5364,0.0,0.0916939303278923
2833.6666666666665,0.019614444444444438,0.0,4.5368,0.0,0.09169217199087143
2834.0,0.019473333333333332,0.0,4.5364,0.0,0.09169777482748032
2834.333333333333,0.01933222222222222,0.0,4.5372,0.0,0.09169232845306396
2834.666666666667,0.01919111111111111,0.0,4.5372,0.0,0.09169420599937439
2835.0,0.019049999999999997,0.0,4.5384,0.0,0.09168508648872375
2835.333333333333,0.018908888888888885,0.0,4.5384,0.0,0.09168698638677597
2835.666666666667,0.018767777777777776,0.0,4.54,0.0,0.09167417883872986
2836.0,0.018626666666666663,0.0,4.5404,0.0,0.0916723981499672
2836.3333333333335,0.018485555555555554,0.0,4.5404,0.0,0.09167427569627762
2836.6666666666665,0.01834444444444444,0.0,4.5408,0.0,0.09167248010635376
2837.0,0.018203333333333332,0.0,4.5412,0.0,0.0916706770658493
2837.3333333333335,0.01806222222222222,0.0,4.542,0.0,0.09166520833969116
2837.6666666666665,0.01792111111111111,0.0,4.5408,0.0,0.09167808294296265
2838.0,0.017779999999999997,0.0,4.5392,0.0,0.09169463813304901
2838.3333333333335,0.017638888888888885,0.0,4.5384,0.0,0.091703861951828
2838.6666666666665,0.017497777777777775,0.0,4.5392,0.0,0.09169838577508926
2839.0,0.017356666666666663,0.0,4.5392,0.0,0.0917002484202385
2839.3333333333335,0.017215555555555557,0.0,4.54,0.0,0.09169478714466095
2839.6666666666665,0.017074444444444444,0.0,4.5404,0.0,0.09169299900531769
2840.0,0.016933333333333328,0.0,4.5392,0.0,0.09170591086149216
2840.3333333333335,0.01679222222222222,0.0,4.54,0.0,0.0917004868388176
2840.6666666666665,0.016651111111111106,0.0,4.54,0.0,0.0917024165391922
2841.0,0.01651,0.0,4.5408,0.0,0.09169704467058182
2841.333333333333,0.016368888888888888,0.0,4.5404,0.0,0.09170269221067429
2841.666666666667,0.016227777777777775,0.0,4.5404,0.0,0.09170468896627426
2842.0,0.016086666666666666,0.0,4.5408,0.0,0.09170301258563995
2842.333333333333,0.015945555555555553,0.0,4.5412,0.0,0.09170136600732803
2842.666666666667,0.015804444444444444,0.0,4.5408,0.0,0.09170707315206528
2843.0,0.01566333333333333,0.0,4.5404,0.0,0.09171280264854431
2843.333333333333,0.01552222222222222,0.0,4.5408,0.0,0.09171119332313538
2843.666666666667,0.01538111111111111,0.0,4.5408,0.0,0.0917133018374443
2844.0,0.01524,0.0,4.5404,0.0,0.09171909093856812
2844.3333333333335,0.015098888888888887,0.0,4.54,0.0,0.09172490239143372
2844.6666666666665,0.014957777777777775,0.0,4.5412,0.0,0.09171602129936218
2845.0,0.014816666666666664,0.0,4.5404,0.0,0.09172551333904266
2845.3333333333335,0.014675555555555551,0.0,4.5408,0.0,0.09172399342060089
2845.6666666666665,0.014534444444444444,0.0,4.5416,0.0,0.09171880036592484
2846.0,0.014393333333333331,0.0,4.5412,0.0,0.09172464162111282
2846.3333333333335,0.014252222222222222,0.0,4.54,0.0,0.09173785150051117
2846.6666666666665,0.01411111111111111,0.0,4.5404,0.0,0.09173635393381119
2847.0,0.013969999999999998,0.0,4.5408,0.0,0.09173481911420822
2847.3333333333335,0.013828888888888887,0.0,4.5408,0.0,0.09173695743083954
2847.6666666666665,0.013687777777777773,0.0,4.5412,0.0,0.09173539280891418
2848.0,0.013546666666666665,0.0,4.542,0.0,0.09173012524843216
2848.3333333333335,0.013405555555555554,0.0,4.542400000000001,0.0,0.09172850847244263
2848.6666666666665,0.013264444444444443,0.0,4.5436000000000005,0.0,0.09171953052282333
2849.0,0.01312333333333333,0.0,4.543200000000001,0.0,0.09172520786523819
2849.333333333333,0.01298222222222222,0.0,4.5436000000000005,0.0,0.09172353893518448
2849.666666666667,0.012841111111111109,0.0,4.5440000000000005,0.0,0.09172186255455017
2850.0,0.0127,0.0,4.5448,0.0,0.09171649813652039
2850.333333333333,0.012558888888888887,0.0,4.546,0.0,0.09170747548341751
2850.666666666667,0.012417777777777776,0.0,4.5476,0.0,0.09169479459524155
2851.0,0.012276666666666665,0.0,4.546,0.0,0.09171146154403687
2851.3333333333335,0.012135555555555554,0.0,4.5472,0.0,0.09170246869325638
2851.6666666666665,0.011994444444444443,0.0,4.5468,0.0,0.09170813858509064
2852.0,0.01185333333333333,0.0,4.5472,0.0,0.09170646220445633
2852.3333333333335,0.01171222222222222,0.0,4.5468,0.0,0.0917121097445488
2852.6666666666665,0.01157111111111111,0.0,4.5468,0.0,0.09171407669782639
2853.0,0.011429999999999997,0.0,4.5472,0.0,0.09171236306428909
2853.3333333333335,0.011288888888888887,0.0,4.5472,0.0,0.09171432256698608
2853.6666666666665,0.011147777777777777,0.0,4.546,0.0,0.09172724932432175
2854.0,0.011006666666666666,0.0,4.5464,0.0,0.09172552078962326
2854.3333333333335,0.010865555555555554,0.0,4.5464,0.0,0.09172744303941727
2854.6666666666665,0.010724444444444441,0.0,4.548,0.0,0.09171470999717712
2855.0,0.010583333333333332,0.0,4.548,0.0,0.09171665459871292
2855.3333333333335,0.01044222222222222,0.0,4.548,0.0,0.09171858429908752
2855.6666666666665,0.01030111111111111,0.0,4.5488,0.0,0.09171316772699356
2856.0,0.010159999999999999,0.0,4.5488,0.0,0.09171510487794876
2856.333333333333,0.010018888888888888,0.0,4.5488,0.0,0.09171701222658157
2856.666666666667,0.009877777777777775,0.0,4.5496,0.0,0.09171159565448761
2857.0,0.009736666666666664,0.0,4.55,0.0,0.09170986711978912
2857.333333333333,0.009595555555555555,0.0,4.551200000000001,0.0,0.09170079231262207
2857.666666666667,0.009454444444444442,0.0,4.550800000000001,0.0,0.09170638024806976
2858.0,0.009313333333333331,0.0,4.550800000000001,0.0,0.09170832484960556
2858.333333333333,0.009172222222222222,0.0,4.5496,0.0,0.09172127395868301
2858.666666666667,0.00903111111111111,0.0,4.5484,0.0,0.09173423796892166
2859.0,0.008889999999999999,0.0,4.5484,0.0,0.09173619747161865
2859.3333333333335,0.008748888888888886,0.0,4.5476,0.0,0.09174554795026779
2859.6666666666665,0.008607777777777778,0.0,4.5476,0.0,0.09174753725528717
2860.0,0.008466666666666664,0.0,4.5476,0.0,0.09174953401088715
2860.3333333333335,0.008325555555555553,0.0,4.5476,0.0,0.09175153076648712
2860.6666666666665,0.008184444444444446,0.0,4.548,0.0,0.09174986928701401
2861.0,0.008043333333333333,0.0,4.5464,0.0,0.09176656603813171
2861.3333333333335,0.007902222222222222,0.0,4.5472,0.0,0.09176122397184372
2861.6666666666665,0.007761111111111108,0.0,4.5476,0.0,0.0917595624923706
2862.0,0.00762,0.0,4.548,0.0,0.0917578786611557
2862.3333333333335,0.007478888888888887,0.0,4.5476,0.0,0.09176352620124817
2862.6666666666665,0.0073377777777777755,0.0,4.5468,0.0,0.09177285432815552
2863.0,0.007196666666666666,0.0,4.5464,0.0,0.09177848696708679
2863.3333333333335,0.007055555555555555,0.0,4.5456,0.0,0.09178782254457474
2863.6666666666665,0.0069144444444444435,0.0,4.5452,0.0,0.0917934998869896
2864.0,0.006773333333333331,0.0,4.5456,0.0,0.09179181605577469
2864.333333333333,0.006632222222222222,0.0,4.5464,0.0,0.0917864590883255
2864.666666666667,0.00649111111111111,0.0,4.5464,0.0,0.09178845584392548
2865.0,0.006349999999999999,0.0,4.5456,0.0,0.09179780632257462
2865.333333333333,0.00620888888888889,0.0,4.5456,0.0,0.09179981052875519
2865.666666666667,0.006067777777777778,0.0,4.5456,0.0,0.09180179238319397
2866.0,0.005926666666666665,0.0,4.5448,0.0,0.09181114286184311
2866.3333333333335,0.005785555555555553,0.0,4.546,0.0,0.09180206060409546
2866.6666666666665,0.005644444444444444,0.0,4.5464,0.0,0.09180034697055817
2867.0,0.005503333333333333,0.0,4.5468,0.0,0.09179863333702087
2867.3333333333335,0.0053622222222222205,0.0,4.5484,0.0,0.09178592264652252
2867.6666666666665,0.005221111111111109,0.0,4.5488,0.0,0.09178423881530762
2868.0,0.0050799999999999994,0.0,4.55,0.0,0.09177520871162415
2868.3333333333335,0.004938888888888888,0.0,4.550800000000001,0.0,0.09176985919475555
2868.6666666666665,0.004797777777777777,0.0,4.5496,0.0,0.09178289026021957
2869.0,0.0046566666666666675,0.0,4.5492,0.0,0.09178857505321503
2869.3333333333335,0.004515555555555555,0.0,4.5496,0.0,0.09178690612316132
2869.6666666666665,0.004374444444444443,0.0,4.5492,0.0,0.09179259091615677
2870.0,0.004233333333333331,0.0,4.55,0.0,0.09178724139928818
2870.3333333333335,0.004092222222222223,0.0,4.5516000000000005,0.0,0.09177455306053162
2870.6666666666665,0.003951111111111111,0.0,4.5504,0.0,0.09178758412599564
2871.0,0.0038099999999999983,0.0,4.55,0.0,0.09179326146841049
2871.333333333333,0.0036688888888888895,0.0,4.5492,0.0,0.09180261939764023
2871.666666666667,0.0035277777777777777,0.0,4.5492,0.0,0.0918046236038208
2872.0,0.0033866666666666654,0.0,4.5492,0.0,0.09180663526058197
2872.333333333333,0.0032455555555555536,0.0,4.55,0.0,0.09180127829313278
2872.666666666667,0.003104444444444445,0.0,4.5496,0.0,0.09180691838264465
2873.0,0.0029633333333333326,0.0,4.5516000000000005,0.0,0.09179054200649261
2873.333333333333,0.002822222222222221,0.0,4.5524000000000004,0.0,0.09178518503904343
2873.666666666667,0.002681111111111112,0.0,4.5516000000000005,0.0,0.09179451316595078
2874.0,0.0025399999999999997,0.0,4.551200000000001,0.0,0.09180016815662384
2874.3333333333335,0.0023988888888888883,0.0,4.551200000000001,0.0,0.09180215001106262
2874.6666666666665,0.002257777777777776,0.0,4.5516000000000005,0.0,0.09180044382810593
2875.0,0.002116666666666667,0.0,4.5516000000000005,0.0,0.0918024554848671
2875.3333333333335,0.0019755555555555555,0.0,4.5520000000000005,0.0,0.09180078655481339
2875.6666666666665,0.0018344444444444432,0.0,4.550800000000001,0.0,0.09181379526853561
2876.0,0.0016933333333333342,0.0,4.551200000000001,0.0,0.09181208908557892
2876.3333333333335,0.0015522222222222224,0.0,4.550800000000001,0.0,0.09181773662567139
2876.6666666666665,0.0014111111111111106,0.0,4.5516000000000005,0.0,0.09181233495473862
2877.0,0.0012699999999999983,0.0,4.551200000000001,0.0,0.0918179601430893
2877.3333333333335,0.0011288888888888896,0.0,4.5516000000000005,0.0,0.09181620925664902
2877.6666666666665,0.0009877777777777777,0.0,4.550800000000001,0.0,0.09182547777891159
2878.0,0.0008466666666666656,0.0,4.5516000000000005,0.0,0.09182002395391464
2878.3333333333335,0.0007055555555555567,0.0,4.550800000000001,0.0,0.09182927012443542
2878.6666666666665,0.0005644444444444448,0.0,4.551200000000001,0.0,0.09182745963335037
2879.0,0.0004233333333333328,0.0,4.551200000000001,0.0,0.09182930737733841
2879.333333333333,0.0002822222222222209,0.0,4.551200000000001,0.0,0.09183115512132645
2879.666666666667,0.00014111111111111193,0.0,4.551200000000001,0.0,0.0918329656124115
2880.0,0.0,0.0,4.550800000000001,0.0,0.09183844923973083
2880.333333333333,0.0,0.0,4.55,0.0,0.09184760600328445
2880.666666666667,0.0,0.0,4.5496,0.0,0.0918530598282814
2881.0,0.0,0.0,4.55,0.0,0.09185117483139038
2881.3333333333335,0.0,0.0,4.5496,0.0,0.09185664355754852
2881.6666666666665,0.0,0.0,4.5488,0.0,0.09186580777168274
2882.0,0.0,0.0,4.55,0.0,0.09185653924942017
2882.3333333333335,0.0,0.0,4.5496,0.0,0.09186200797557831
2882.6666666666665,0.0,0.0,4.5488,0.0,0.09187113493680954
2883.0,0.0,0.0,4.5484,0.0,0.09187659621238708
2883.3333333333335,0.0,0.0,4.5488,0.0,0.09187467396259308
2883.6666666666665,0.0,0.0,4.5484,0.0,0.09188011288642883
2884.0,0.0,0.0,4.5492,0.0,0.09187453240156174
2884.3333333333335,0.0,0.0,4.550800000000001,0.0,0.09186159819364548
2884.6666666666665,0.0,0.0,4.550800000000001,0.0,0.09186336398124695
2885.0,0.0,0.0,4.55,0.0,0.09187252819538116
2885.3333333333335,0.0,0.0,4.5504,0.0,0.09187065809965134
2885.6666666666665,0.0,0.0,4.551200000000001,0.0,0.09186510741710663
2886.0,0.0,0.0,4.5516000000000005,0.0,0.09186325967311859
2886.333333333333,0.0,0.0,4.5516000000000005,0.0,0.09186508506536484
2886.666666666667,0.0,0.0,4.5516000000000005,0.0,0.09186694025993347
2887.0,0.0,0.0,4.551200000000001,0.0,0.09187246859073639
2887.333333333333,0.0,0.0,4.5504,0.0,0.09188172221183777
2887.666666666667,0.0,0.0,4.5504,0.0,0.09188362210988998
2888.0,0.0,0.0,4.5492,0.0,0.09189660102128983
2888.333333333333,0.0,0.0,4.5492,0.0,0.09189853072166443
2888.666666666667,0.0,0.0,4.5492,0.0,0.09190049767494202
2889.0,0.0,0.0,4.5496,0.0,0.09189876914024353
2889.3333333333335,0.0,0.0,4.5476,0.0,0.0919191837310791
2889.6666666666665,0.0,0.0,4.5476,0.0,0.09192118048667908
2890.0,0.0,0.0,4.548,0.0,0.09191950410604477
2890.3333333333335,0.0,0.0,4.548,0.0,0.09192153066396713
2890.6666666666665,0.0,0.0,4.5488,0.0,0.09191619604825974
2891.0,0.0,0.0,4.5488,0.0,0.09191823750734329
2891.3333333333335,0.0,0.0,4.5496,0.0,0.09191291034221649
2891.6666666666665,0.0,0.0,4.5492,0.0,0.09191867709159851
2892.0,0.0,0.0,4.55,0.0,0.0919133722782135
2892.3333333333335,0.0,0.0,4.5504,0.0,0.09191176295280457
2892.6666666666665,0.0,0.0,4.55,0.0,0.09191751480102539
2893.0,0.0,0.0,4.5484,0.0,0.09193435311317444
2893.3333333333335,0.0,0.0,4.5484,0.0,0.09193645417690277
2893.6666666666665,0.0,0.0,4.5484,0.0,0.0919385552406311
2894.0,0.0,0.0,4.5492,0.0,0.09193327277898788
2894.333333333333,0.0,0.0,4.5484,0.0,0.09194270521402359
2894.666666666667,0.0,0.0,4.5488,0.0,0.09194105863571167
2895.0,0.0,0.0,4.5496,0.0,0.09193570911884308
2895.333333333333,0.0,0.0,4.55,0.0,0.09193403273820877
2895.666666666667,0.0,0.0,4.5496,0.0,0.09193971008062363
2896.0,0.0,0.0,4.5504,0.0,0.09193432331085205
2896.3333333333335,0.0,0.0,4.5504,0.0,0.09193629771471024
2896.6666666666665,0.0,0.0,4.5504,0.0,0.09193824231624603
2897.0,0.0,0.0,4.5504,0.0,0.09194017201662064
2897.3333333333335,0.0,0.0,4.550800000000001,0.0,0.09193838387727737
2897.6666666666665,0.0,0.0,4.5516000000000005,0.0,0.09193291515111923
2898.0,0.0,0.0,4.550800000000001,0.0,0.09194216132164001
2898.3333333333335,0.0,0.0,4.5504,0.0,0.09194772690534592
2898.6666666666665,0.0,0.0,4.5504,0.0,0.09194958955049515
2899.0,0.0,0.0,4.551200000000001,0.0,0.09194409102201462
2899.3333333333335,0.0,0.0,4.5528,0.0,0.09193126857280731
2899.6666666666665,0.0,0.0,4.5528,0.0,0.09193316847085953
2900.0,0.0,0.0,4.551200000000001,0.0,0.09194979816675186
2900.3333333333335,0.0,0.0,4.551200000000001,0.0,0.09195169061422348
2900.6666666666665,0.0,0.0,4.550800000000001,0.0,0.09195726364850998
2901.0,0.0,0.0,4.550800000000001,0.0,0.09195912629365921
2901.333333333333,0.0,0.0,4.55,0.0,0.0919683650135994
2901.666666666667,0.0,0.0,4.55,0.0,0.09197021275758743
2902.0,0.0,0.0,4.5504,0.0,0.09196837246417999
2902.333333333333,0.0,0.0,4.5504,0.0,0.09197020530700684
2902.666666666667,0.0,0.0,4.551200000000001,0.0,0.09196464717388153
2903.0,0.0,0.0,4.5504,0.0,0.09197384119033813
2903.333333333333,0.0,0.0,4.550800000000001,0.0,0.09197196364402771
2903.666666666667,0.0,0.0,4.551200000000001,0.0,0.0919700562953949
2904.0,0.0,0.0,4.5528,0.0,0.09195710718631744
2904.3333333333335,0.0,0.0,4.5516000000000005,0.0,0.09196995198726654
2904.6666666666665,0.0,0.0,4.5520000000000005,0.0,0.09196807444095612
2905.0,0.0,0.0,4.5532,0.0,0.09195882827043533
2905.3333333333335,0.0,0.0,4.5524000000000004,0.0,0.09196801483631134
2905.6666666666665,0.0,0.0,4.5528,0.0,0.09196613729000092
2906.0,0.0,0.0,4.5532,0.0,0.09196426719427109
2906.3333333333335,0.0,0.0,4.5532,0.0,0.09196608513593674
2906.6666666666665,0.0,0.0,4.5544,0.0,0.09195685386657715
2907.0,0.0,0.0,4.5544,0.0,0.0919586792588234
2907.3333333333335,0.0,0.0,4.554,0.0,0.09196419268846512
2907.6666666666665,0.0,0.0,4.5524000000000004,0.0,0.09198077023029327
2908.0,0.0,0.0,4.5524000000000004,0.0,0.09198260307312012
2908.3333333333335,0.0,0.0,4.5532,0.0,0.0919770672917366
2908.6666666666665,0.0,0.0,4.5528,0.0,0.09198258817195892
2909.0,0.0,0.0,4.5524000000000004,0.0,0.09198813885450363
2909.333333333333,0.0,0.0,4.5528,0.0,0.09198629856109619
2909.666666666667,0.0,0.0,4.551200000000001,0.0,0.09200295060873032
2910.0,0.0,0.0,4.5524000000000004,0.0,0.0919937789440155
2910.333333333333,0.0,0.0,4.5524000000000004,0.0,0.09199568629264832
2910.666666666667,0.0,0.0,4.550800000000001,0.0,0.09201237559318542
2911.0,0.0,0.0,4.550800000000001,0.0,0.09201434254646301
2911.3333333333335,0.0,0.0,4.550800000000001,0.0,0.0920163169503212
2911.6666666666665,0.0,0.0,4.551200000000001,0.0,0.0920146256685257
2912.0,0.0,0.0,4.5520000000000005,0.0,0.09200925379991531
2912.3333333333335,0.0,0.0,4.5516000000000005,0.0,0.09201499074697495
2912.6666666666665,0.0,0.0,4.551200000000001,0.0,0.09202072769403458
2913.0,0.0,0.0,4.5504,0.0,0.09203016757965088
2913.3333333333335,0.0,0.0,4.55,0.0,0.09203590452671051
2913.6666666666665,0.0,0.0,4.5516000000000005,0.0,0.09202318638563156
2914.0,0.0,0.0,4.5528,0.0,0.09201417118310928
2914.3333333333335,0.0,0.0,4.5528,0.0,0.09201624244451523
2914.6666666666665,0.0,0.0,4.554,0.0,0.09200721979141235
2915.0,0.0,0.0,4.5544,0.0,0.09200557321310043
2915.3333333333335,0.0,0.0,4.554,0.0,0.09201132506132126
2915.6666666666665,0.0,0.0,4.5552,0.0,0.09200230985879898
2916.0,0.0,0.0,4.5552,0.0,0.09200435876846313
2916.333333333333,0.0,0.0,4.5564,0.0,0.09199532121419907
2916.666666666667,0.0,0.0,4.5572,0.0,0.09198994934558868
2917.0,0.0,0.0,4.5568,0.0,0.09199562668800354
2917.333333333333,0.0,0.0,4.5576,0.0,0.09199021011590958
2917.666666666667,0.0,0.0,4.558,0.0,0.0919884666800499
2918.0,0.0,0.0,4.558800000000001,0.0,0.09198300540447235
2918.333333333333,0.0,0.0,4.5596000000000005,0.0,0.09197751432657242
2918.666666666667,0.0,0.0,4.559200000000001,0.0,0.09198304265737534
2919.0,0.0,0.0,4.5596000000000005,0.0,0.09198115020990372
2919.3333333333335,0.0,0.0,4.558800000000001,0.0,0.09199029207229614
2919.6666666666665,0.0,0.0,4.559200000000001,0.0,0.09198833256959915
2920.0,0.0,0.0,4.5584,0.0,0.09199739992618561
2920.3333333333335,0.0,0.0,4.5584,0.0,0.09199906140565872
2920.6666666666665,0.0,0.0,4.558800000000001,0.0,0.09199699759483337
2921.0,0.0,0.0,4.5596000000000005,0.0,0.09199123829603195
2921.3333333333335,0.0,0.0,4.5600000000000005,0.0,0.09198912233114243
2921.6666666666665,0.0,0.0,4.5584,0.0,0.0920054018497467
2922.0,0.0,0.0,4.559200000000001,0.0,0.09199954569339752
2922.3333333333335,0.0,0.0,4.5584,0.0,0.09200838953256607
2922.6666666666665,0.0,0.0,4.5576,0.0,0.09201723337173462
2923.0,0.0,0.0,4.5576,0.0,0.09201864898204803
2923.3333333333335,0.0,0.0,4.5572,0.0,0.09202374517917633
2923.6666666666665,0.0,0.0,4.5576,0.0,0.09202146530151367
2924.0,0.0,0.0,4.5584,0.0,0.09201549738645554
2924.333333333333,0.0,0.0,4.5584,0.0,0.09201689064502716
2924.666666666667,0.0,0.0,4.558800000000001,0.0,0.09201458096504211
2925.0,0.0,0.0,4.559200000000001,0.0,0.09201229363679886
2925.333333333333,0.0,0.0,4.5584,0.0,0.09202107042074203
2925.666666666667,0.0,0.0,4.5584,0.0,0.09202248603105545
2926.0,0.0,0.0,4.5584,0.0,0.09202391654253006
2926.3333333333335,0.0,0.0,4.5584,0.0,0.09202537685632706
2926.6666666666665,0.0,0.0,4.5584,0.0,0.09202684462070465
2927.0,0.0,0.0,4.5584,0.0,0.09202833473682404
2927.3333333333335,0.0,0.0,4.558800000000001,0.0,0.09202618151903152
2927.6666666666665,0.0,0.0,4.558800000000001,0.0,0.09202774614095688
2928.0,0.0,0.0,4.558,0.0,0.09203673899173737
2928.3333333333335,0.0,0.0,4.5564,0.0,0.09205316752195358
2928.6666666666665,0.0,0.0,4.5572,0.0,0.09204746782779694
2929.0,0.0,0.0,4.5572,0.0,0.09204920381307602
2929.3333333333335,0.0,0.0,4.5564,0.0,0.09205835312604904
2929.6666666666665,0.0,0.0,4.5572,0.0,0.09205278009176254
2930.0,0.0,0.0,4.5576,0.0,0.0920509397983551
2930.3333333333335,0.0,0.0,4.5568,0.0,0.09206020832061768
2930.6666666666665,0.0,0.0,4.558,0.0,0.09205104410648346
2931.0,0.0,0.0,4.5600000000000005,0.0,0.09203453361988068
2931.333333333333,0.0,0.0,4.558800000000001,0.0,0.09204757958650589
2931.666666666667,0.0,0.0,4.558800000000001,0.0,0.09204957634210587
2932.0,0.0,0.0,4.5584,0.0,0.09205528348684311
2932.333333333333,0.0,0.0,4.5572,0.0,0.09206840395927429
2932.666666666667,0.0,0.0,4.5576,0.0,0.09206675738096237
2933.0,0.0,0.0,4.5572,0.0,0.0920725166797638
2933.333333333333,0.0,0.0,4.5584,0.0,0.09206350892782211
2933.666666666667,0.0,0.0,4.5596000000000005,0.0,0.09205450862646103
2934.0,0.0,0.0,4.5596000000000005,0.0,0.09205657243728638
2934.3333333333335,0.0,0.0,4.558800000000001,0.0,0.09206601232290268
2934.6666666666665,0.0,0.0,4.559200000000001,0.0,0.09206437319517136
2935.0,0.0,0.0,4.558800000000001,0.0,0.09207012504339218
2935.3333333333335,0.0,0.0,4.558,0.0,0.0920795351266861
2935.6666666666665,0.0,0.0,4.5572,0.0,0.09208895266056061
2936.0,0.0,0.0,4.5576,0.0,0.09208724647760391
2936.3333333333335,0.0,0.0,4.558,0.0,0.09208551794290543
2936.6666666666665,0.0,0.0,4.558,0.0,0.09208746254444122
2937.0,0.0,0.0,4.558800000000001,0.0,0.09208197146654129
2937.3333333333335,0.0,0.0,4.558800000000001,0.0,0.09208385646343231
2937.6666666666665,0.0,0.0,4.559200000000001,0.0,0.09208200126886368
2938.0,0.0,0.0,4.5596000000000005,0.0,0.09208012372255325
2938.3333333333335,0.0,0.0,4.5604000000000005,0.0,0.09207452833652496
2938.6666666666665,0.0,0.0,4.5608,0.0,0.09207259863615036
2939.0,0.0,0.0,4.5624,0.0,0.09205959737300873
2939.333333333333,0.0,0.0,4.5636,0.0,0.09205026179552078
2939.666666666667,0.0,0.0,4.5624,0.0,0.0920630395412445
2940.0,0.0,0.0,4.5632,0.0,0.09205736219882965
2940.333333333333,0.0,0.0,4.5648,0.0,0.09204430133104324
2940.666666666667,0.0,0.0,4.5656,0.0,0.0920386090874672
2941.0,0.0,0.0,4.5652,0.0,0.09204394370317459
2941.3333333333335,0.0,0.0,4.5644,0.0,0.09205295145511627
2941.6666666666665,0.0,0.0,4.5656,0.0,0.09204354137182236
2942.0,0.0,0.0,4.5656,0.0,0.09204516559839249
2942.3333333333335,0.0,0.0,4.5652,0.0,0.0920504704117775
2942.6666666666665,0.0,0.0,4.5648,0.0,0.0920557901263237
2943.0,0.0,0.0,4.5648,0.0,0.09205739945173264
2943.3333333333335,0.0,0.0,4.5648,0.0,0.09205903112888336
2943.6666666666665,0.0,0.0,4.5648,0.0,0.0920606404542923
2944.0,0.0,0.0,4.5656,0.0,0.09205488860607147
2944.3333333333335,0.0,0.0,4.5656,0.0,0.092056505382061
2944.6666666666665,0.0,0.0,4.5652,0.0,0.09206178784370422
2945.0,0.0,0.0,4.566,0.0,0.0920560210943222
2945.3333333333335,0.0,0.0,4.5656,0.0,0.09206130355596542
2945.6666666666665,0.0,0.0,4.566,0.0,0.09205921739339828
2946.0,0.0,0.0,4.5656,0.0,0.09206447750329971
2946.333333333333,0.0,0.0,4.566,0.0,0.09206238389015198
2946.666666666667,0.0,0.0,4.5664,0.0,0.09206028282642365
2947.0,0.0,0.0,4.5664,0.0,0.09206186980009079
2947.333333333333,0.0,0.0,4.5656,0.0,0.0920708104968071
2947.666666666667,0.0,0.0,4.5652,0.0,0.09207607805728912
2948.0,0.0,0.0,4.5656,0.0,0.09207397699356079
2948.333333333333,0.0,0.0,4.567200000000001,0.0,0.09206085652112961
2948.666666666667,0.0,0.0,4.566,0.0,0.09207352250814438
2949.0,0.0,0.0,4.5656,0.0,0.09207883477210999
2949.3333333333335,0.0,0.0,4.566,0.0,0.09207676351070404
2949.6666666666665,0.0,0.0,4.566800000000001,0.0,0.09207102656364441
2950.0,0.0,0.0,4.567200000000001,0.0,0.09206898510456085
2950.3333333333335,0.0,0.0,4.5676000000000005,0.0,0.09206697344779968
2950.6666666666665,0.0,0.0,4.5676000000000005,0.0,0.0920686423778534
2951.0,0.0,0.0,4.566800000000001,0.0,0.09207767993211746
2951.3333333333335,0.0,0.0,4.5664,0.0,0.09208305180072784
2951.6666666666665,0.0,0.0,4.566,0.0,0.09208843111991882
2952.0,0.0,0.0,4.566,0.0,0.09209014475345612
2952.3333333333335,0.0,0.0,4.566800000000001,0.0,0.09208453446626663
2952.6666666666665,0.0,0.0,4.5656,0.0,0.09209734201431274
2953.0,0.0,0.0,4.5648,0.0,0.09210651367902756
2953.3333333333335,0.0,0.0,4.5652,0.0,0.09210463613271713
2953.6666666666665,0.0,0.0,4.5664,0.0,0.09209539741277695
2954.0,0.0,0.0,4.5656,0.0,0.09210462123155594
2954.333333333333,0.0,0.0,4.5652,0.0,0.09211018681526184
2954.666666666667,0.0,0.0,4.5652,0.0,0.09211207926273346
2955.0,0.0,0.0,4.5648,0.0,0.09211768954992294
2955.333333333333,0.0,0.0,4.5664,0.0,0.09210485219955444
2955.666666666667,0.0,0.0,4.566,0.0,0.09211046248674393
2956.0,0.0,0.0,4.566800000000001,0.0,0.09210503846406937
2956.3333333333335,0.0,0.0,4.566800000000001,0.0,0.09210699796676636
2956.6666666666665,0.0,0.0,4.5664,0.0,0.09211264550685883
2957.0,0.0,0.0,4.5676000000000005,0.0,0.09210355579853058
2957.3333333333335,0.0,0.0,4.5684000000000005,0.0,0.09209813177585602
2957.6666666666665,0.0,0.0,4.5688,0.0,0.09209641069173813
2958.0,0.0,0.0,4.5680000000000005,0.0,0.09210570901632309
2958.3333333333335,0.0,0.0,4.5684000000000005,0.0,0.09210395067930222
2958.6666666666665,0.0,0.0,4.57,0.0,0.09209111332893372
2959.0,0.0,0.0,4.5692,0.0,0.09210038185119629
2959.3333333333335,0.0,0.0,4.57,0.0,0.09209487587213516
2959.6666666666665,0.0,0.0,4.5692,0.0,0.09210410714149475
2960.0,0.0,0.0,4.567200000000001,0.0,0.09212437272071838
2960.3333333333335,0.0,0.0,4.567200000000001,0.0,0.09212621301412582
2960.6666666666665,0.0,0.0,4.5664,0.0,0.09213541448116302
2961.0,0.0,0.0,4.5656,0.0,0.09214458614587784
2961.333333333333,0.0,0.0,4.5656,0.0,0.0921463817358017
2961.666666666667,0.0,0.0,4.5652,0.0,0.09215184301137924
2962.0,0.0,0.0,4.5656,0.0,0.09214991331100464
2962.333333333333,0.0,0.0,4.566,0.0,0.09214796125888824
2962.666666666667,0.0,0.0,4.5664,0.0,0.09214600175619125
2963.0,0.0,0.0,4.5656,0.0,0.0921550840139389
2963.333333333333,0.0,0.0,4.566,0.0,0.09215308725833893
2963.666666666667,0.0,0.0,4.566800000000001,0.0,0.09214738011360168
2964.0,0.0,0.0,4.5664,0.0,0.09215272217988968
2964.3333333333335,0.0,0.0,4.5656,0.0,0.09216175973415375
2964.6666666666665,0.0,0.0,4.566,0.0,0.0921596884727478
2965.0,0.0,0.0,4.5684000000000005,0.0,0.09213915467262268
2965.3333333333335,0.0,0.0,4.5688,0.0,0.09213707596063614
2965.6666666666665,0.0,0.0,4.5692,0.0,0.09213496744632721
2966.0,0.0,0.0,4.5684000000000005,0.0,0.0921439453959465
2966.3333333333335,0.0,0.0,4.57,0.0,0.09213076531887054
2966.6666666666665,0.0,0.0,4.5704,0.0,0.09212867170572281
2967.0,0.0,0.0,4.57,0.0,0.09213396906852722
2967.3333333333335,0.0,0.0,4.5704,0.0,0.09213189035654068
2967.6666666666665,0.0,0.0,4.5696,0.0,0.09214086085557938
2968.0,0.0,0.0,4.5692,0.0,0.09214615821838379
2968.3333333333335,0.0,0.0,4.5696,0.0,0.09214406460523605
2968.6666666666665,0.0,0.0,4.5696,0.0,0.0921456441283226
2969.0,0.0,0.0,4.5696,0.0,0.09214723855257034
2969.333333333333,0.0,0.0,4.5692,0.0,0.09215251356363297
2969.666666666667,0.0,0.0,4.57,0.0,0.09214670956134796
2970.0,0.0,0.0,4.5696,0.0,0.09215198457241058
2970.333333333333,0.0,0.0,4.5692,0.0,0.0921572595834732
2970.666666666667,0.0,0.0,4.5684000000000005,0.0,0.0921662300825119
2971.0,0.0,0.0,4.5684000000000005,0.0,0.09216782450675964
2971.3333333333335,0.0,0.0,4.5688,0.0,0.09216571599245071
2971.6666666666665,0.0,0.0,4.5688,0.0,0.09216729551553726
2972.0,0.0,0.0,4.5684000000000005,0.0,0.09217258542776108
2972.3333333333335,0.0,0.0,4.5676000000000005,0.0,0.09218157827854156
2972.6666666666665,0.0,0.0,4.5680000000000005,0.0,0.09217948466539383
2973.0,0.0,0.0,4.5680000000000005,0.0,0.09218108654022217
2973.3333333333335,0.0,0.0,4.5676000000000005,0.0,0.09218636900186539
2973.6666666666665,0.0,0.0,4.5688,0.0,0.0921768918633461
2974.0,0.0,0.0,4.5684000000000005,0.0,0.09218218922615051
2974.3333333333335,0.0,0.0,4.5692,0.0,0.0921763926744461
2974.6666666666665,0.0,0.0,4.5688,0.0,0.09218168258666992
2975.0,0.0,0.0,4.5692,0.0,0.09217957407236099
2975.3333333333335,0.0,0.0,4.5692,0.0,0.09218115359544754
2975.6666666666665,0.0,0.0,4.5696,0.0,0.09217905253171921
2976.0,0.0,0.0,4.5692,0.0,0.09218434244394302
2976.333333333333,0.0,0.0,4.5696,0.0,0.0921822264790535
2976.666666666667,0.0,0.0,4.57,0.0,0.09218010306358337
2977.0,0.0,0.0,4.5704,0.0,0.09217797964811325
2977.333333333333,0.0,0.0,4.5704,0.0,0.09217953681945801
2977.666666666667,0.0,0.0,4.57,0.0,0.09218479692935944
2978.0,0.0,0.0,4.572,0.0,0.09216789901256561
2978.333333333333,0.0,0.0,4.5716,0.0,0.09217315912246704
2978.666666666667,0.0,0.0,4.57,0.0,0.09218950569629669
2979.0,0.0,0.0,4.5704,0.0,0.09218738228082657
2979.3333333333335,0.0,0.0,4.5704,0.0,0.09218893945217133
2979.6666666666665,0.0,0.0,4.57,0.0,0.09219419956207275
2980.0,0.0,0.0,4.5716,0.0,0.09218097478151321
2980.3333333333335,0.0,0.0,4.5712,0.0,0.09218621253967285
2980.6666666666665,0.0,0.0,4.5708,0.0,0.0921914279460907
2981.0,0.0,0.0,4.5704,0.0,0.09219666570425034
2981.3333333333335,0.0,0.0,4.5712,0.0,0.09219080209732056
2981.6666666666665,0.0,0.0,4.57,0.0,0.09220342338085175
2982.0,0.0,0.0,4.5684000000000005,0.0,0.0922197476029396
2982.3333333333335,0.0,0.0,4.5692,0.0,0.09221389144659042
2982.6666666666665,0.0,0.0,4.57,0.0,0.09220804274082184
2983.0,0.0,0.0,4.57,0.0,0.0922095850110054
2983.3333333333335,0.0,0.0,4.5692,0.0,0.09221851825714111
2983.6666666666665,0.0,0.0,4.5712,0.0,0.09220162779092789
2984.0,0.0,0.0,4.5716,0.0,0.09219950437545776
2984.333333333333,0.0,0.0,4.572,0.0,0.09219740331172943
2984.666666666667,0.0,0.0,4.5724,0.0,0.0921953022480011
2985.0,0.0,0.0,4.5724,0.0,0.09219690412282944
2985.333333333333,0.0,0.0,4.5716,0.0,0.09220590442419052
2985.666666666667,0.0,0.0,4.572,0.0,0.09220381826162338
2986.0,0.0,0.0,4.572,0.0,0.09220544248819351
2986.3333333333335,0.0,0.0,4.5708,0.0,0.09221815317869186
2986.6666666666665,0.0,0.0,4.5704,0.0,0.09222350269556046
2987.0,0.0,0.0,4.5712,0.0,0.09221777319908142
2987.3333333333335,0.0,0.0,4.5716,0.0,0.09221577644348145
2987.6666666666665,0.0,0.0,4.5712,0.0,0.09222117066383362
2988.0,0.0,0.0,4.5716,0.0,0.09221918880939484
2988.3333333333335,0.0,0.0,4.5716,0.0,0.09222090244293213
2988.6666666666665,0.0,0.0,4.5712,0.0,0.09222634136676788
2989.0,0.0,0.0,4.5712,0.0,0.09222806990146637
2989.3333333333335,0.0,0.0,4.5712,0.0,0.09222980588674545
2989.6666666666665,0.0,0.0,4.5708,0.0,0.09223524481058121
2990.0,0.0,0.0,4.5696,0.0,0.09224807471036911
2990.3333333333335,0.0,0.0,4.5688,0.0,0.09225721657276154
2990.6666666666665,0.0,0.0,4.5696,0.0,0.09225156903266907
2991.0,0.0,0.0,4.57,0.0,0.09224963188171387
2991.333333333333,0.0,0.0,4.5712,0.0,0.09224029630422592
2991.666666666667,0.0,0.0,4.5712,0.0,0.0922420471906662
2992.0,0.0,0.0,4.5732,0.0,0.0922253429889679
2992.333333333333,0.0,0.0,4.5736,0.0,0.09222342818975449
2992.666666666667,0.0,0.0,4.5736,0.0,0.09222523868083954
2993.0,0.0,0.0,4.5728,0.0,0.09223444759845734
2993.333333333333,0.0,0.0,4.5728,0.0,0.09223627299070358
2993.666666666667,0.0,0.0,4.5716,0.0,0.09224919229745865
2994.0,0.0,0.0,4.5708,0.0,0.09225841611623764
2994.3333333333335,0.0,0.0,4.57,0.0,0.09226764738559723
2994.6666666666665,0.0,0.0,4.5712,0.0,0.09225837886333466
2995.0,0.0,0.0,4.5708,0.0,0.09226389974355698
2995.3333333333335,0.0,0.0,4.5716,0.0,0.09225830435752869
2995.6666666666665,0.0,0.0,4.5712,0.0,0.09226379543542862
2996.0,0.0,0.0,4.5712,0.0,0.09226559102535248
2996.3333333333335,0.0,0.0,4.5724,0.0,0.09225627034902573
2996.6666666666665,0.0,0.0,4.5724,0.0,0.0922580286860466
2997.0,0.0,0.0,4.5724,0.0,0.09225977212190628
2997.3333333333335,0.0,0.0,4.572,0.0,0.09226520359516144
2997.6666666666665,0.0,0.0,4.5716,0.0,0.09227059781551361
2998.0,0.0,0.0,4.5716,0.0,0.09227227419614792
2998.3333333333335,0.0,0.0,4.572,0.0,0.09227024763822556
2998.6666666666665,0.0,0.0,4.5744,0.0,0.09224970638751984
2999.0,0.0,0.0,4.5744,0.0,0.09225131571292877
2999.333333333333,0.0,0.0,4.5744,0.0,0.09225291758775711
2999.666666666667,0.0,0.0,4.574,0.0,0.09225819259881973
3000.0,0.0,0.0,4.575200000000001,0.0,0.09224865585565567
3000.333333333333,0.0,0.0,4.5760000000000005,0.0,0.09224280714988708
3000.666666666667,0.0,0.0,4.575200000000001,0.0,0.09225171059370041
3001.0,0.0,0.0,4.5756000000000006,0.0,0.09224951267242432
3001.3333333333335,0.0,0.0,4.5760000000000005,0.0,0.09224732220172882
3001.6666666666665,0.0,0.0,4.5776,0.0,0.09223403036594391
3002.0,0.0,0.0,4.5776,0.0,0.0922354906797409
3002.3333333333335,0.0,0.0,4.5776,0.0,0.0922369435429573
3002.6666666666665,0.0,0.0,4.5772,0.0,0.09224207699298859
3003.0,0.0,0.0,4.5768,0.0,0.09224719554185867
3003.3333333333335,0.0,0.0,4.578,0.0,0.09223754703998566
3003.6666666666665,0.0,0.0,4.5776,0.0,0.09224263578653336
3004.0,0.0,0.0,4.5772,0.0,0.09224772453308105
3004.3333333333335,0.0,0.0,4.5772,0.0,0.09224911034107208
3004.6666666666665,0.0,0.0,4.5776,0.0,0.09224680066108704
3005.0,0.0,0.0,4.5768,0.0,0.09225556999444962
3005.3333333333335,0.0,0.0,4.5768,0.0,0.09225697070360184
3005.6666666666665,0.0,0.0,4.5768,0.0,0.09225840121507645
3006.0,0.0,0.0,4.5768,0.0,0.09225980937480927
3006.333333333333,0.0,0.0,4.5768,0.0,0.09226122498512268
3006.666666666667,0.0,0.0,4.5760000000000005,0.0,0.09227005392313004
3007.0,0.0,0.0,4.5744,0.0,0.09228631108999252
3007.333333333333,0.0,0.0,4.5732,0.0,0.09229887276887894
3007.666666666667,0.0,0.0,4.5728,0.0,0.09230408072471619
3008.0,0.0,0.0,4.5728,0.0,0.09230559319257736
3008.333333333333,0.0,0.0,4.574,0.0,0.09229603409767151
3008.666666666667,0.0,0.0,4.5736,0.0,0.09230130165815353
3009.0,0.0,0.0,4.5736,0.0,0.09230288118124008
3009.3333333333335,0.0,0.0,4.5732,0.0,0.0923081785440445
3009.6666666666665,0.0,0.0,4.5732,0.0,0.09230978041887283
3010.0,0.0,0.0,4.572,0.0,0.09232251346111298
3010.3333333333335,0.0,0.0,4.5708,0.0,0.09233526885509491
3010.6666666666665,0.0,0.0,4.5708,0.0,0.09233692288398743
3011.0,0.0,0.0,4.5704,0.0,0.09234229475259781
3011.3333333333335,0.0,0.0,4.5708,0.0,0.09234023839235306
3011.6666666666665,0.0,0.0,4.5708,0.0,0.09234187752008438
3012.0,0.0,0.0,4.5716,0.0,0.09233611077070236
3012.3333333333335,0.0,0.0,4.5708,0.0,0.09234517067670822
3012.6666666666665,0.0,0.0,4.5712,0.0,0.09234306961297989
3013.0,0.0,0.0,4.5708,0.0,0.09234838932752609
3013.3333333333335,0.0,0.0,4.5688,0.0,0.09236852079629898
3013.6666666666665,0.0,0.0,4.5688,0.0,0.09237008541822433
3014.0,0.0,0.0,4.5692,0.0,0.09236793220043182
3014.333333333333,0.0,0.0,4.57,0.0,0.09236206114292145
3014.666666666667,0.0,0.0,4.5692,0.0,0.09237100929021835
3015.0,0.0,0.0,4.5684000000000005,0.0,0.09237994253635406
3015.333333333333,0.0,0.0,4.5684000000000005,0.0,0.09238141775131226
3015.666666666667,0.0,0.0,4.5684000000000005,0.0,0.09238289296627045
3016.0,0.0,0.0,4.5688,0.0,0.09238062798976898
3016.3333333333335,0.0,0.0,4.5684000000000005,0.0,0.09238577634096146
3016.6666666666665,0.0,0.0,4.5696,0.0,0.09237606078386307
3017.0,0.0,0.0,4.57,0.0,0.09237377345561981
3017.3333333333335,0.0,0.0,4.57,0.0,0.09237518161535263
3017.6666666666665,0.0,0.0,4.5704,0.0,0.09237287193536758
3018.0,0.0,0.0,4.5704,0.0,0.09237426519393921
3018.3333333333335,0.0,0.0,4.572,0.0,0.09236083179712296
3018.6666666666665,0.0,0.0,4.5724,0.0,0.0923585295677185
3019.0,0.0,0.0,4.572,0.0,0.0923636332154274
3019.3333333333335,0.0,0.0,4.572,0.0,0.09236501902341843
3019.6666666666665,0.0,0.0,4.5708,0.0,0.09237753599882126
3020.0,0.0,0.0,4.5716,0.0,0.09237153083086014
3020.3333333333335,0.0,0.0,4.5724,0.0,0.09236552566289902
3020.6666666666665,0.0,0.0,4.5724,0.0,0.09236693382263184
3021.0,0.0,0.0,4.5744,0.0,0.09234984219074249
3021.333333333333,0.0,0.0,4.5744,0.0,0.09235125035047531
3021.666666666667,0.0,0.0,4.5744,0.0,0.09235267341136932
3022.0,0.0,0.0,4.574,0.0,0.09235779941082001
3022.333333333333,0.0,0.0,4.574,0.0,0.092359259724617
3022.666666666667,0.0,0.0,4.5732,0.0,0.09236814081668854
3023.0,0.0,0.0,4.574,0.0,0.0923621878027916
3023.333333333333,0.0,0.0,4.574800000000001,0.0,0.09235626459121704
3023.666666666667,0.0,0.0,4.575200000000001,0.0,0.09235405921936035
3024.0,0.0,0.0,4.575200000000001,0.0,0.09235554933547974
3024.3333333333335,0.0,0.0,4.5756000000000006,0.0,0.09235336631536484
3024.6666666666665,0.0,0.0,4.575200000000001,0.0,0.09235858917236328
3025.0,0.0,0.0,4.5760000000000005,0.0,0.0923527181148529
3025.3333333333335,0.0,0.0,4.5764000000000005,0.0,0.09235057234764099
3025.6666666666665,0.0,0.0,4.5772,0.0,0.0923447385430336
3026.0,0.0,0.0,4.578,0.0,0.0923389121890068
3026.3333333333335,0.0,0.0,4.5784,0.0,0.09233680367469788
3026.6666666666665,0.0,0.0,4.5788,0.0,0.09233470261096954
3027.0,0.0,0.0,4.5792,0.0,0.09233259409666061
3027.3333333333335,0.0,0.0,4.5784,0.0,0.0923415943980217
3027.6666666666665,0.0,0.0,4.5768,0.0,0.09235799312591553
3028.0,0.0,0.0,4.5756000000000006,0.0,0.09237068891525269
3028.3333333333335,0.0,0.0,4.5760000000000005,0.0,0.09236858040094376
3028.6666666666665,0.0,0.0,4.575200000000001,0.0,0.09237758070230484
3029.0,0.0,0.0,4.575200000000001,0.0,0.09237918257713318
3029.333333333333,0.0,0.0,4.574800000000001,0.0,0.092384472489357
3029.666666666667,0.0,0.0,4.574800000000001,0.0,0.09238605201244354
3030.0,0.0,0.0,4.5764000000000005,0.0,0.09237279742956161
3030.333333333333,0.0,0.0,4.5764000000000005,0.0,0.09237433969974518
3030.666666666667,0.0,0.0,4.5776,0.0,0.09236477315425873
3031.0,0.0,0.0,4.5764000000000005,0.0,0.09237741678953171
3031.3333333333335,0.0,0.0,4.5764000000000005,0.0,0.09237894415855408
3031.6666666666665,0.0,0.0,4.5764000000000005,0.0,0.09238043427467346
3032.0,0.0,0.0,4.5772,0.0,0.0923745408654213
3032.3333333333335,0.0,0.0,4.5772,0.0,0.09237603098154068
3032.6666666666665,0.0,0.0,4.578,0.0,0.09237012267112732
3033.0,0.0,0.0,4.578,0.0,0.09237160533666611
3033.3333333333335,0.0,0.0,4.5764000000000005,0.0,0.09238790720701218
3033.6666666666665,0.0,0.0,4.5756000000000006,0.0,0.0923968032002449
3034.0,0.0,0.0,4.5756000000000006,0.0,0.09239829331636429
3034.3333333333335,0.0,0.0,4.5764000000000005,0.0,0.09239237755537033
3034.6666666666665,0.0,0.0,4.5764000000000005,0.0,0.0923938974738121
3035.0,0.0,0.0,4.5764000000000005,0.0,0.09239540249109268
3035.3333333333335,0.0,0.0,4.5760000000000005,0.0,0.09240063279867172
3035.6666666666665,0.0,0.0,4.5756000000000006,0.0,0.09240586310625076
3036.0,0.0,0.0,4.5756000000000006,0.0,0.09240738302469254
3036.333333333333,0.0,0.0,4.5764000000000005,0.0,0.09240150451660156
3036.666666666667,0.0,0.0,4.5764000000000005,0.0,0.09240304678678513
3037.0,0.0,0.0,4.5768,0.0,0.09240088611841202
3037.333333333333,0.0,0.0,4.5768,0.0,0.09240242838859558
3037.666666666667,0.0,0.0,4.5760000000000005,0.0,0.09241139143705368
3038.0,0.0,0.0,4.5756000000000006,0.0,0.0924166738986969
3038.333333333333,0.0,0.0,4.5760000000000005,0.0,0.09241452813148499
3038.666666666667,0.0,0.0,4.5768,0.0,0.0924086794257164
3039.0,0.0,0.0,4.578,0.0,0.09239914268255234
3039.3333333333335,0.0,0.0,4.5772,0.0,0.09240812063217163
3039.6666666666665,0.0,0.0,4.5772,0.0,0.09240971505641937
3040.0,0.0,0.0,4.5768,0.0,0.092414990067482
3040.3333333333335,0.0,0.0,4.5772,0.0,0.09241286665201187
3040.6666666666665,0.0,0.0,4.5760000000000005,0.0,0.09242557734251022
3041.0,0.0,0.0,4.5744,0.0,0.09244198352098465
3041.3333333333335,0.0,0.0,4.574,0.0,0.09244726598262787
3041.6666666666665,0.0,0.0,4.574800000000001,0.0,0.09244140982627869
3042.0,0.0,0.0,4.575200000000001,0.0,0.09243925660848618
3042.3333333333335,0.0,0.0,4.5764000000000005,0.0,0.09242967516183853
3042.6666666666665,0.0,0.0,4.5776,0.0,0.09242009371519089
3043.0,0.0,0.0,4.5776,0.0,0.09242160618305206
3043.3333333333335,0.0,0.0,4.578,0.0,0.09241940826177597
3043.6666666666665,0.0,0.0,4.5784,0.0,0.09241718053817749
3044.0,0.0,0.0,4.5792,0.0,0.09241123497486115
3044.333333333333,0.0,0.0,4.5792,0.0,0.09241268783807755
3044.666666666667,0.0,0.0,4.5792,0.0,0.09241411834955215
3045.0,0.0,0.0,4.5796,0.0,0.0924118235707283
3045.333333333333,0.0,0.0,4.58,0.0,0.09240950644016266
3045.666666666667,0.0,0.0,4.5792,0.0,0.09241829812526703
3046.0,0.0,0.0,4.5804,0.0,0.09240851551294327
3046.3333333333335,0.0,0.0,4.5812,0.0,0.09240246564149857
3046.6666666666665,0.0,0.0,4.5808,0.0,0.09240749478340149
3047.0,0.0,0.0,4.58,0.0,0.09241622686386108
3047.3333333333335,0.0,0.0,4.5808,0.0,0.0924101397395134
3047.6666666666665,0.0,0.0,4.58,0.0,0.09241887181997299
3048.0,0.0,0.0,4.5796,0.0,0.09242387861013412
3048.3333333333335,0.0,0.0,4.5784,0.0,0.0924363061785698
3048.6666666666665,0.0,0.0,4.5788,0.0,0.09243392199277878
3049.0,0.0,0.0,4.5792,0.0,0.09243153780698776
3049.3333333333335,0.0,0.0,4.5776,0.0,0.09244772046804428
3049.6666666666665,0.0,0.0,4.578,0.0,0.09244535863399506
3050.0,0.0,0.0,4.5776,0.0,0.09245044738054276
3050.3333333333335,0.0,0.0,4.5772,0.0,0.09245555847883224
3050.6666666666665,0.0,0.0,4.5764000000000005,0.0,0.09246441721916199
3051.0,0.0,0.0,4.5768,0.0,0.09246215224266052
3051.333333333333,0.0,0.0,4.5764000000000005,0.0,0.09246735274791718
3051.666666666667,0.0,0.0,4.5768,0.0,0.09246513247489929
3052.0,0.0,0.0,4.5764000000000005,0.0,0.09247040003538132
3052.333333333333,0.0,0.0,4.5784,0.0,0.09245342761278152
3052.666666666667,0.0,0.0,4.578,0.0,0.09245873242616653
3053.0,0.0,0.0,4.578,0.0,0.09246036410331726
3053.333333333333,0.0,0.0,4.578,0.0,0.09246201813220978
3053.666666666667,0.0,0.0,4.5776,0.0,0.09246740490198135
3054.0,0.0,0.0,4.5764000000000005,0.0,0.09248023480176926
3054.3333333333335,0.0,0.0,4.5764000000000005,0.0,0.09248194843530655
3054.6666666666665,0.0,0.0,4.5760000000000005,0.0,0.0924873799085617
3055.0,0.0,0.0,4.5756000000000006,0.0,0.09249281883239746
3055.3333333333335,0.0,0.0,4.5756000000000006,0.0,0.09249453246593475
3055.6666666666665,0.0,0.0,4.5756000000000006,0.0,0.09249626100063324
3056.0,0.0,0.0,4.5756000000000006,0.0,0.09249799698591232
3056.3333333333335,0.0,0.0,4.575200000000001,0.0,0.09250342845916748
3056.6666666666665,0.0,0.0,4.575200000000001,0.0,0.09250515699386597
3057.0,0.0,0.0,4.575200000000001,0.0,0.09250686317682266
3057.3333333333335,0.0,0.0,4.5756000000000006,0.0,0.0925048291683197
3057.6666666666665,0.0,0.0,4.575200000000001,0.0,0.09251021593809128
3058.0,0.0,0.0,4.574800000000001,0.0,0.09251559525728226
3058.3333333333335,0.0,0.0,4.574,0.0,0.09252466261386871
3058.6666666666665,0.0,0.0,4.5744,0.0,0.09252255409955978
3059.0,0.0,0.0,4.5760000000000005,0.0,0.09250925481319427
3059.333333333333,0.0,0.0,4.5756000000000006,0.0,0.0925145298242569
3059.666666666667,0.0,0.0,4.574800000000001,0.0,0.0925234705209732
3060.0,0.0,0.0,4.5760000000000005,0.0,0.09251381456851959
3060.333333333333,0.0,0.0,4.5772,0.0,0.092504121363163
3060.666666666667,0.0,0.0,4.5772,0.0,0.0925055518746376
3061.0,0.0,0.0,4.578,0.0,0.0924995169043541
3061.3333333333335,0.0,0.0,4.5784,0.0,0.09249717742204666
3061.6666666666665,0.0,0.0,4.5788,0.0,0.09249480813741684
3062.0,0.0,0.0,4.5776,0.0,0.09250728040933609
3062.3333333333335,0.0,0.0,4.5784,0.0,0.09250116348266602
3062.6666666666665,0.0,0.0,4.5796,0.0,0.09249133616685867
3063.0,0.0,0.0,4.5788,0.0,0.09250005334615707
3063.3333333333335,0.0,0.0,4.5796,0.0,0.09249389916658401
3063.6666666666665,0.0,0.0,4.5792,0.0,0.09249888360500336
3064.0,0.0,0.0,4.5792,0.0,0.09250015765428543
3064.3333333333335,0.0,0.0,4.5784,0.0,0.09250883013010025
3064.6666666666665,0.0,0.0,4.5796,0.0,0.09249892830848694
3065.0,0.0,0.0,4.5808,0.0,0.09248903393745422
3065.3333333333335,0.0,0.0,4.5804,0.0,0.09249398112297058
3065.6666666666665,0.0,0.0,4.5812,0.0,0.09248777478933334
3066.0,0.0,0.0,4.5808,0.0,0.09249270707368851
3066.333333333333,0.0,0.0,4.5808,0.0,0.09249389916658401
3066.666666666667,0.0,0.0,4.5816,0.0,0.09248765558004379
3067.0,0.0,0.0,4.582,0.0,0.09248513728380203
3067.333333333333,0.0,0.0,4.5812,0.0,0.09249375015497208
3067.666666666667,0.0,0.0,4.5804,0.0,0.09250235557556152
3068.0,0.0,0.0,4.5796,0.0,0.09251097589731216
3068.333333333333,0.0,0.0,4.58,0.0,0.092508465051651
3068.666666666667,0.0,0.0,4.5808,0.0,0.09250222146511078
3069.0,0.0,0.0,4.5812,0.0,0.09249971061944962
3069.3333333333335,0.0,0.0,4.582,0.0,0.09249348193407059
3069.6666666666665,0.0,0.0,4.582,0.0,0.09249470382928848
3070.0,0.0,0.0,4.5816,0.0,0.09249965846538544
3070.3333333333335,0.0,0.0,4.5824,0.0,0.09249349683523178
3070.6666666666665,0.0,0.0,4.583200000000001,0.0,0.09248734265565872
3071.0,0.0,0.0,4.583600000000001,0.0,0.09248492866754532
3071.3333333333335,0.0,0.0,4.5840000000000005,0.0,0.09248251467943192
3071.6666666666665,0.0,0.0,4.5844000000000005,0.0,0.0924801230430603
3072.0,0.0,0.0,4.5844000000000005,0.0,0.09248144924640656
3072.3333333333335,0.0,0.0,4.583200000000001,0.0,0.0924939289689064
3072.6666666666665,0.0,0.0,4.583200000000001,0.0,0.09249531477689743
3073.0,0.0,0.0,4.582800000000001,0.0,0.09250041097402573
3073.3333333333335,0.0,0.0,4.582800000000001,0.0,0.09250184893608093
3073.6666666666665,0.0,0.0,4.582800000000001,0.0,0.09250330179929733
3074.0,0.0,0.0,4.5824,0.0,0.0925084725022316
3074.333333333333,0.0,0.0,4.5824,0.0,0.09250995516777039
3074.666666666667,0.0,0.0,4.582800000000001,0.0,0.0925077497959137
3075.0,0.0,0.0,4.583200000000001,0.0,0.0925055593252182
3075.333333333333,0.0,0.0,4.5812,0.0,0.0925256758928299
3075.666666666667,0.0,0.0,4.5808,0.0,0.09253095835447311
3076.0,0.0,0.0,4.5804,0.0,0.09253627061843872
3076.3333333333335,0.0,0.0,4.5804,0.0,0.09253786504268646
3076.6666666666665,0.0,0.0,4.5792,0.0,0.09255065768957138
3077.0,0.0,0.0,4.5792,0.0,0.0925522968173027
3077.3333333333335,0.0,0.0,4.58,0.0,0.09254655987024307
3077.6666666666665,0.0,0.0,4.5804,0.0,0.0925445631146431
3078.0,0.0,0.0,4.5808,0.0,0.09254256635904312
3078.3333333333335,0.0,0.0,4.5804,0.0,0.09254803508520126
3078.6666666666665,0.0,0.0,4.5808,0.0,0.09254609793424606
3079.0,0.0,0.0,4.5816,0.0,0.092540442943573
3079.3333333333335,0.0,0.0,4.582,0.0,0.09253852814435959
3079.6666666666665,0.0,0.0,4.5808,0.0,0.09255144745111465
3080.0,0.0,0.0,4.58,0.0,0.09256067126989365
3080.3333333333335,0.0,0.0,4.5812,0.0,0.0925513207912445
3080.6666666666665,0.0,0.0,4.5812,0.0,0.09255310893058777
3081.0,0.0,0.0,4.5804,0.0,0.09256232529878616
3081.333333333333,0.0,0.0,4.5804,0.0,0.09256410598754883
3081.666666666667,0.0,0.0,4.58,0.0,0.09256959706544876
3082.0,0.0,0.0,4.5792,0.0,0.09257879108190536
3082.333333333333,0.0,0.0,4.5792,0.0,0.09258054196834564
3082.666666666667,0.0,0.0,4.5792,0.0,0.09258226305246353
3083.0,0.0,0.0,4.5796,0.0,0.09258024394512177
3083.333333333333,0.0,0.0,4.5808,0.0,0.09257075935602188
3083.666666666667,0.0,0.0,4.5816,0.0,0.09256498515605927
3084.0,0.0,0.0,4.582,0.0,0.09256290644407272
3084.3333333333335,0.0,0.0,4.5816,0.0,0.09256824105978012
3084.6666666666665,0.0,0.0,4.58,0.0,0.09258469194173813
3085.0,0.0,0.0,4.58,0.0,0.09258625656366348
3085.3333333333335,0.0,0.0,4.58,0.0,0.09258780628442764
3085.6666666666665,0.0,0.0,4.58,0.0,0.09258931130170822
3086.0,0.0,0.0,4.58,0.0,0.0925908014178276
3086.3333333333335,0.0,0.0,4.5816,0.0,0.09257738292217255
3086.6666666666665,0.0,0.0,4.5808,0.0,0.09258624166250229
3087.0,0.0,0.0,4.5808,0.0,0.0925876572728157
3087.3333333333335,0.0,0.0,4.5804,0.0,0.0925927460193634
3087.6666666666665,0.0,0.0,4.5808,0.0,0.09259037673473358
3088.0,0.0,0.0,4.58,0.0,0.09259911626577377
3088.3333333333335,0.0,0.0,4.58,0.0,0.09260040521621704
3088.6666666666665,0.0,0.0,4.58,0.0,0.09260167181491852
3089.0,0.0,0.0,4.582,0.0,0.09258432686328888
3089.333333333333,0.0,0.0,4.582,0.0,0.09258553385734558
3089.666666666667,0.0,0.0,4.582,0.0,0.09258672595024109
3090.0,0.0,0.0,4.5816,0.0,0.09259159862995148
3090.333333333333,0.0,0.0,4.5816,0.0,0.092592753469944
3090.666666666667,0.0,0.0,4.583200000000001,0.0,0.09257899969816208
3091.0,0.0,0.0,4.583600000000001,0.0,0.09257639199495316
3091.3333333333335,0.0,0.0,4.5840000000000005,0.0,0.09257376939058304
3091.6666666666665,0.0,0.0,4.5840000000000005,0.0,0.092574842274189
3092.0,0.0,0.0,4.5844000000000005,0.0,0.09257221221923828
3092.3333333333335,0.0,0.0,4.5848,0.0,0.09256957471370697
3092.6666666666665,0.0,0.0,4.5848,0.0,0.09257064014673233
3093.0,0.0,0.0,4.5856,0.0,0.09256429970264435
3093.3333333333335,0.0,0.0,4.5852,0.0,0.09256910532712936
3093.6666666666665,0.0,0.0,4.5852,0.0,0.09257020801305771
3094.0,0.0,0.0,4.5852,0.0,0.09257131814956665
3094.3333333333335,0.0,0.0,4.5848,0.0,0.09257615357637405
3094.6666666666665,0.0,0.0,4.5848,0.0,0.09257729351520538
3095.0,0.0,0.0,4.5840000000000005,0.0,0.09258589148521423
3095.3333333333335,0.0,0.0,4.583600000000001,0.0,0.09259078651666641
3095.6666666666665,0.0,0.0,4.582800000000001,0.0,0.09259943664073944
3096.0,0.0,0.0,4.582,0.0,0.09260810911655426
3096.333333333333,0.0,0.0,4.582,0.0,0.09260936826467514
3096.666666666667,0.0,0.0,4.5804,0.0,0.09262558072805405
3097.0,0.0,0.0,4.5804,0.0,0.09262692183256149
3097.333333333333,0.0,0.0,4.5804,0.0,0.09262830018997192
3097.666666666667,0.0,0.0,4.5788,0.0,0.0926445946097374
3098.0,0.0,0.0,4.5796,0.0,0.09263860434293747
3098.333333333333,0.0,0.0,4.5796,0.0,0.09264009445905685
3098.666666666667,0.0,0.0,4.58,0.0,0.09263788908720016
3099.0,0.0,0.0,4.5804,0.0,0.09263572841882706
3099.3333333333335,0.0,0.0,4.5816,0.0,0.09262611716985703
3099.6666666666665,0.0,0.0,4.582800000000001,0.0,0.09261655062437057
3100.0,0.0,0.0,4.5824,0.0,0.09262186288833618
3100.3333333333335,0.0,0.0,4.582800000000001,0.0,0.09261975437402725
3100.6666666666665,0.0,0.0,4.5824,0.0,0.09262511134147644
3101.0,0.0,0.0,4.5816,0.0,0.09263420104980469
3101.3333333333335,0.0,0.0,4.583200000000001,0.0,0.09262098371982574
3101.6666666666665,0.0,0.0,4.582800000000001,0.0,0.09262638539075851
3102.0,0.0,0.0,4.583200000000001,0.0,0.09262435138225555
3102.3333333333335,0.0,0.0,4.5848,0.0,0.0926111713051796
3102.6666666666665,0.0,0.0,4.583600000000001,0.0,0.09262402355670929
3103.0,0.0,0.0,4.583200000000001,0.0,0.09262944012880325
3103.3333333333335,0.0,0.0,4.582800000000001,0.0,0.09263486415147781
3103.6666666666665,0.0,0.0,4.582800000000001,0.0,0.09263654798269272
3104.0,0.0,0.0,4.5816,0.0,0.09264938533306122
3104.333333333333,0.0,0.0,4.5808,0.0,0.09265848994255066
3104.666666666667,0.0,0.0,4.5804,0.0,0.09266386926174164
3105.0,0.0,0.0,4.5812,0.0,0.09265805780887604
3105.333333333333,0.0,0.0,4.5816,0.0,0.09265592694282532
3105.666666666667,0.0,0.0,4.5812,0.0,0.09266122430562973
3106.0,0.0,0.0,4.5812,0.0,0.0926627591252327
3106.3333333333335,0.0,0.0,4.5808,0.0,0.09266799688339233
3106.6666666666665,0.0,0.0,4.5804,0.0,0.09267319738864899
3107.0,0.0,0.0,4.58,0.0,0.09267836064100266
3107.3333333333335,0.0,0.0,4.5808,0.0,0.09267232567071915
3107.6666666666665,0.0,0.0,4.5816,0.0,0.09266625344753265
3108.0,0.0,0.0,4.5824,0.0,0.09266014397144318
3108.3333333333335,0.0,0.0,4.5812,0.0,0.09267262369394302
3108.6666666666665,0.0,0.0,4.582,0.0,0.09266644716262817
3109.0,0.0,0.0,4.5824,0.0,0.0926639586687088
3109.3333333333335,0.0,0.0,4.5824,0.0,0.0926651582121849
3109.6666666666665,0.0,0.0,4.5808,0.0,0.09268122166395187
3110.0,0.0,0.0,4.5812,0.0,0.09267864376306534
3110.3333333333335,0.0,0.0,4.5808,0.0,0.09268348664045334
3110.6666666666665,0.0,0.0,4.5804,0.0,0.09268830716609955
3111.0,0.0,0.0,4.5804,0.0,0.09268937259912491
3111.333333333333,0.0,0.0,4.5812,0.0,0.09268295019865036
3111.666666666667,0.0,0.0,4.582,0.0,0.09267652779817581
3112.0,0.0,0.0,4.5816,0.0,0.09268129616975784
3112.333333333333,0.0,0.0,4.5824,0.0,0.09267488121986389
3112.666666666667,0.0,0.0,4.583200000000001,0.0,0.09266848862171173
3113.0,0.0,0.0,4.5840000000000005,0.0,0.09266212582588196
3113.333333333333,0.0,0.0,4.5840000000000005,0.0,0.09266321361064911
3113.666666666667,0.0,0.0,4.583600000000001,0.0,0.09266804158687592
3114.0,0.0,0.0,4.5848,0.0,0.09265799075365067
3114.3333333333335,0.0,0.0,4.5844000000000005,0.0,0.09266284108161926
3114.6666666666665,0.0,0.0,4.5848,0.0,0.09266027063131332
3115.0,0.0,0.0,4.5840000000000005,0.0,0.09266886860132217
3115.3333333333335,0.0,0.0,4.583600000000001,0.0,0.09267377108335495
3115.6666666666665,0.0,0.0,4.582800000000001,0.0,0.09268242865800858
3116.0,0.0,0.0,4.583200000000001,0.0,0.0926799401640892
3116.3333333333335,0.0,0.0,4.582800000000001,0.0,0.09268491715192795
3116.6666666666665,0.0,0.0,4.583600000000001,0.0,0.09267877787351608
3117.0,0.0,0.0,4.583200000000001,0.0,0.0926838293671608
3117.3333333333335,0.0,0.0,4.582,0.0,0.09269636124372482
3117.6666666666665,0.0,0.0,4.5816,0.0,0.09270147979259491
3118.0,0.0,0.0,4.5804,0.0,0.09271407872438431
3118.3333333333335,0.0,0.0,4.5804,0.0,0.09271553158760071
3118.6666666666665,0.0,0.0,4.58,0.0,0.09272073209285736
3119.0,0.0,0.0,4.5796,0.0,0.09272594749927521
3119.333333333333,0.0,0.0,4.5796,0.0,0.09272743761539459
3119.666666666667,0.0,0.0,4.5792,0.0,0.09273268282413483
3120.0,0.0,0.0,4.5792,0.0,0.092734195291996
3120.333333333333,0.0,0.0,4.5804,0.0,0.09272450953722
3120.666666666667,0.0,0.0,4.582,0.0,0.09271109849214554
3121.0,0.0,0.0,4.582,0.0,0.09271261096000671
3121.3333333333335,0.0,0.0,4.5824,0.0,0.09271037578582764
3121.6666666666665,0.0,0.0,4.5824,0.0,0.09271186590194702
3122.0,0.0,0.0,4.582,0.0,0.09271707385778427
3122.3333333333335,0.0,0.0,4.582,0.0,0.09271855652332306
3122.6666666666665,0.0,0.0,4.5824,0.0,0.0927162915468216
3123.0,0.0,0.0,4.582800000000001,0.0,0.09271402657032013
3123.3333333333335,0.0,0.0,4.583200000000001,0.0,0.09271173924207687
3123.6666666666665,0.0,0.0,4.583200000000001,0.0,0.09271317720413208
3124.0,0.0,0.0,4.583200000000001,0.0,0.0927145779132843
3124.3333333333335,0.0,0.0,4.5840000000000005,0.0,0.0927085131406784
3124.6666666666665,0.0,0.0,4.583200000000001,0.0,0.09271735697984695
3125.0,0.0,0.0,4.5840000000000005,0.0,0.09271126985549927
3125.3333333333335,0.0,0.0,4.5844000000000005,0.0,0.09270889312028885
3125.6666666666665,0.0,0.0,4.5840000000000005,0.0,0.09271398186683655
3126.0,0.0,0.0,4.5848,0.0,0.09270783513784409
3126.333333333333,0.0,0.0,4.5856,0.0,0.09270170331001282
3126.666666666667,0.0,0.0,4.5856,0.0,0.09270299971103668
3127.0,0.0,0.0,4.586,0.0,0.09270057082176208
3127.333333333333,0.0,0.0,4.5852,0.0,0.09270931780338287
3127.666666666667,0.0,0.0,4.586,0.0,0.0927031859755516
3128.0,0.0,0.0,4.5852,0.0,0.09271194785833359
3128.333333333333,0.0,0.0,4.5848,0.0,0.09271698445081711
3128.666666666667,0.0,0.0,4.583200000000001,0.0,0.09273321181535721
3129.0,0.0,0.0,4.5844000000000005,0.0,0.09272334724664688
3129.3333333333335,0.0,0.0,4.583600000000001,0.0,0.09273212403059006
3129.6666666666665,0.0,0.0,4.5844000000000005,0.0,0.09272600710391998
3130.0,0.0,0.0,4.583600000000001,0.0,0.09273482859134674
3130.3333333333335,0.0,0.0,4.5844000000000005,0.0,0.09272872656583786
3130.6666666666665,0.0,0.0,4.5844000000000005,0.0,0.0927300974726677
3131.0,0.0,0.0,4.5840000000000005,0.0,0.09273519366979599
3131.3333333333335,0.0,0.0,4.5848,0.0,0.0927291214466095
3131.6666666666665,0.0,0.0,4.5844000000000005,0.0,0.09273426234722137
3132.0,0.0,0.0,4.5844000000000005,0.0,0.0927356705069542
3132.3333333333335,0.0,0.0,4.583600000000001,0.0,0.09274455904960632
3132.6666666666665,0.0,0.0,4.583200000000001,0.0,0.09274974465370178
3133.0,0.0,0.0,4.582800000000001,0.0,0.09275492280721664
3133.3333333333335,0.0,0.0,4.583200000000001,0.0,0.09275265038013458
3133.6666666666665,0.0,0.0,4.582800000000001,0.0,0.09275785833597183
3134.0,0.0,0.0,4.582,0.0,0.09276682138442993
3134.333333333333,0.0,0.0,4.5804,0.0,0.09278326481580734
3134.666666666667,0.0,0.0,4.582,0.0,0.09276982396841049
3135.0,0.0,0.0,4.5816,0.0,0.09277506917715073
3135.333333333333,0.0,0.0,4.5808,0.0,0.09278403222560883
3135.666666666667,0.0,0.0,4.5796,0.0,0.09279674291610718
3136.0,0.0,0.0,4.5796,0.0,0.09279824048280716
3136.3333333333335,0.0,0.0,4.5804,0.0,0.09279224276542664
3136.6666666666665,0.0,0.0,4.5808,0.0,0.09278996288776398
3137.0,0.0,0.0,4.5808,0.0,0.09279138594865799
3137.3333333333335,0.0,0.0,4.5796,0.0,0.09280405193567276
3137.6666666666665,0.0,0.0,4.58,0.0,0.09280175715684891
3138.0,0.0,0.0,4.5804,0.0,0.09279944747686386
3138.3333333333335,0.0,0.0,4.58,0.0,0.09280458837747574
3138.6666666666665,0.0,0.0,4.58,0.0,0.09280597418546677
3139.0,0.0,0.0,4.5808,0.0,0.09279987215995789
3139.3333333333335,0.0,0.0,4.5812,0.0,0.09279747307300568
3139.6666666666665,0.0,0.0,4.5808,0.0,0.09280252456665039
3140.0,0.0,0.0,4.5816,0.0,0.09279634803533554
3140.3333333333335,0.0,0.0,4.582,0.0,0.09279387444257736
3140.6666666666665,0.0,0.0,4.582,0.0,0.09279512614011765
3141.0,0.0,0.0,4.5808,0.0,0.09280754625797272
3141.333333333333,0.0,0.0,4.5816,0.0,0.09280127286911011
3141.666666666667,0.0,0.0,4.5816,0.0,0.09280243515968323
3142.0,0.0,0.0,4.5812,0.0,0.0928073301911354
3142.333333333333,0.0,0.0,4.5816,0.0,0.09280472993850708
3142.666666666667,0.0,0.0,4.5824,0.0,0.0927983745932579
3143.0,0.0,0.0,4.5824,0.0,0.09279946982860565
3143.333333333333,0.0,0.0,4.582,0.0,0.09280429780483246
3143.666666666667,0.0,0.0,4.582,0.0,0.09280537813901901
3144.0,0.0,0.0,4.5824,0.0,0.09280271828174591
3144.3333333333335,0.0,0.0,4.5824,0.0,0.09280376136302948
3144.6666666666665,0.0,0.0,4.583600000000001,0.0,0.09279360622167587
3145.0,0.0,0.0,4.5848,0.0,0.09278343617916107
3145.3333333333335,0.0,0.0,4.586,0.0,0.09277328103780746
3145.6666666666665,0.0,0.0,4.5848,0.0,0.09278549253940582
3146.0,0.0,0.0,4.586,0.0,0.09277532994747162
3146.3333333333335,0.0,0.0,4.586,0.0,0.09277637302875519
3146.6666666666665,0.0,0.0,4.5872,0.0,0.09276621788740158
3147.0,0.0,0.0,4.5864,0.0,0.09277472645044327
3147.3333333333335,0.0,0.0,4.5872,0.0,0.09276832640171051
3147.6666666666665,0.0,0.0,4.5884,0.0,0.09275820106267929
3148.0,0.0,0.0,4.5876,0.0,0.09276673197746277
3148.3333333333335,0.0,0.0,4.5876,0.0,0.09276781976222992
3148.6666666666665,0.0,0.0,4.5876,0.0,0.09276892244815826
3149.0,0.0,0.0,4.5904,0.0,0.09274396300315857
3149.333333333333,0.0,0.0,4.591200000000001,0.0,0.09273765981197357
3149.666666666667,0.0,0.0,4.591600000000001,0.0,0.09273508936166763
3150.0,0.0,0.0,4.591200000000001,0.0,0.09273999184370041
3150.333333333333,0.0,0.0,4.590800000000001,0.0,0.09274490177631378
3150.666666666667,0.0,0.0,4.5896,0.0,0.09275728464126587
3151.0,0.0,0.0,4.5892,0.0,0.09276224672794342
3151.3333333333335,0.0,0.0,4.5892,0.0,0.0927634984254837
3151.6666666666665,0.0,0.0,4.5892,0.0,0.09276478737592697
3152.0,0.0,0.0,4.588,0.0,0.09277726709842682
3152.3333333333335,0.0,0.0,4.588,0.0,0.09277858585119247
3152.6666666666665,0.0,0.0,4.5876,0.0,0.09278365224599838
3153.0,0.0,0.0,4.5888,0.0,0.09277381747961044
3153.3333333333335,0.0,0.0,4.5888,0.0,0.09277518093585968
3153.6666666666665,0.0,0.0,4.5884,0.0,0.09278029948472977
3154.0,0.0,0.0,4.5876,0.0,0.09278915822505951
3154.3333333333335,0.0,0.0,4.588,0.0,0.09278682619333267
3154.6666666666665,0.0,0.0,4.5864,0.0,0.09280318021774292
3155.0,0.0,0.0,4.5848,0.0,0.09281957149505615
3155.3333333333335,0.0,0.0,4.5852,0.0,0.09281729906797409
3155.6666666666665,0.0,0.0,4.5856,0.0,0.09281504899263382
3156.0,0.0,0.0,4.5848,0.0,0.09282400459051132
3156.333333333333,0.0,0.0,4.5848,0.0,0.0928254947066307
3156.666666666667,0.0,0.0,4.5848,0.0,0.09282700717449188
3157.0,0.0,0.0,4.583600000000001,0.0,0.09283971786499023
3157.333333333333,0.0,0.0,4.583600000000001,0.0,0.09284122288227081
3157.666666666667,0.0,0.0,4.5840000000000005,0.0,0.09283898770809174
3158.0,0.0,0.0,4.582800000000001,0.0,0.0928516834974289
3158.333333333333,0.0,0.0,4.582800000000001,0.0,0.09285315871238708
3158.666666666667,0.0,0.0,4.583200000000001,0.0,0.09285087138414383
3159.0,0.0,0.0,4.582800000000001,0.0,0.09285605698823929
3159.3333333333335,0.0,0.0,4.5816,0.0,0.09286871552467346
3159.6666666666665,0.0,0.0,4.5808,0.0,0.09287761896848679
3160.0,0.0,0.0,4.5804,0.0,0.09288275986909866
3160.3333333333335,0.0,0.0,4.58,0.0,0.09288787096738815
3160.6666666666665,0.0,0.0,4.5804,0.0,0.09288546442985535
3161.0,0.0,0.0,4.5804,0.0,0.0928867757320404
3161.3333333333335,0.0,0.0,4.58,0.0,0.09289179742336273
3161.6666666666665,0.0,0.0,4.5784,0.0,0.09290804713964462
3162.0,0.0,0.0,4.578,0.0,0.09291302412748337
3162.3333333333335,0.0,0.0,4.5788,0.0,0.09290672838687897
3162.6666666666665,0.0,0.0,4.58,0.0,0.09289667010307312
3163.0,0.0,0.0,4.5808,0.0,0.09289032965898514
3163.3333333333335,0.0,0.0,4.5816,0.0,0.09288395196199417
3163.6666666666665,0.0,0.0,4.582,0.0,0.09288131445646286
3164.0,0.0,0.0,4.5816,0.0,0.09288614988327026
3164.333333333333,0.0,0.0,4.582800000000001,0.0,0.09287598729133606
3164.666666666667,0.0,0.0,4.583600000000001,0.0,0.09286956489086151
3165.0,0.0,0.0,4.583200000000001,0.0,0.09287437051534653
3165.333333333333,0.0,0.0,4.5844000000000005,0.0,0.09286420792341232
3165.666666666667,0.0,0.0,4.5844000000000005,0.0,0.09286525100469589
3166.0,0.0,0.0,4.586,0.0,0.09285135567188263
3166.3333333333335,0.0,0.0,4.5876,0.0,0.09283744543790817
3166.6666666666665,0.0,0.0,4.5888,0.0,0.09282729774713516
3167.0,0.0,0.0,4.5892,0.0,0.09282463788986206
3167.3333333333335,0.0,0.0,4.588,0.0,0.09283692389726639
3167.6666666666665,0.0,0.0,4.5892,0.0,0.09282680600881577
3168.0,0.0,0.0,4.5904,0.0,0.09281671047210693
3168.3333333333335,0.0,0.0,4.5920000000000005,0.0,0.09280291199684143
3168.6666666666665,0.0,0.0,4.5928,0.0,0.09279661625623703
3169.0,0.0,0.0,4.5928,0.0,0.09279778599739075
3169.3333333333335,0.0,0.0,4.5932,0.0,0.0927952229976654
3169.6666666666665,0.0,0.0,4.5932,0.0,0.09279642254114151
3170.0,0.0,0.0,4.5936,0.0,0.09279389679431915
3170.3333333333335,0.0,0.0,4.5936,0.0,0.09279511123895645
3170.6666666666665,0.0,0.0,4.5944,0.0,0.09278886765241623
3171.0,0.0,0.0,4.5936,0.0,0.09279754757881165
3171.333333333333,0.0,0.0,4.5944,0.0,0.09279131144285202
3171.666666666667,0.0,0.0,4.594,0.0,0.09279626607894897
3172.0,0.0,0.0,4.5936,0.0,0.09280121326446533
3172.333333333333,0.0,0.0,4.5928,0.0,0.09280988574028015
3172.666666666667,0.0,0.0,4.5928,0.0,0.09281109273433685
3173.0,0.0,0.0,4.5920000000000005,0.0,0.09281975775957108
3173.333333333333,0.0,0.0,4.5920000000000005,0.0,0.09282096475362778
3173.666666666667,0.0,0.0,4.591600000000001,0.0,0.09282589703798294
3174.0,0.0,0.0,4.590800000000001,0.0,0.09283455461263657
3174.3333333333335,0.0,0.0,4.5904,0.0,0.09283947944641113
3174.6666666666665,0.0,0.0,4.59,0.0,0.0928444117307663
3175.0,0.0,0.0,4.5896,0.0,0.09284933656454086
3175.3333333333335,0.0,0.0,4.59,0.0,0.09284678846597672
3175.6666666666665,0.0,0.0,4.5904,0.0,0.09284421801567078
3176.0,0.0,0.0,4.5884,0.0,0.09286407381296158
3176.3333333333335,0.0,0.0,4.5884,0.0,0.09286525100469589
3176.6666666666665,0.0,0.0,4.5892,0.0,0.09285896271467209
3177.0,0.0,0.0,4.5896,0.0,0.09285639971494675
3177.3333333333335,0.0,0.0,4.591600000000001,0.0,0.09283889830112457
3177.6666666666665,0.0,0.0,4.591200000000001,0.0,0.09284380078315735
3178.0,0.0,0.0,4.591200000000001,0.0,0.09284497052431107
3178.3333333333335,0.0,0.0,4.591200000000001,0.0,0.09284614771604538
3178.6666666666665,0.0,0.0,4.590800000000001,0.0,0.09285108000040054
3179.0,0.0,0.0,4.5904,0.0,0.0928560122847557
3179.333333333333,0.0,0.0,4.5892,0.0,0.09286841005086899
3179.666666666667,0.0,0.0,4.5892,0.0,0.09286962449550629
3180.0,0.0,0.0,4.59,0.0,0.09286333620548248
3180.333333333333,0.0,0.0,4.5896,0.0,0.09286827594041824
3180.666666666667,0.0,0.0,4.59,0.0,0.0928657203912735
3181.0,0.0,0.0,4.5904,0.0,0.09286317229270935
3181.3333333333335,0.0,0.0,4.590800000000001,0.0,0.0928606316447258
3181.6666666666665,0.0,0.0,4.5920000000000005,0.0,0.09285063296556473
3182.0,0.0,0.0,4.591200000000001,0.0,0.09285930544137955
3182.3333333333335,0.0,0.0,4.5920000000000005,0.0,0.09285303950309753
3182.6666666666665,0.0,0.0,4.5904,0.0,0.09286919236183167
3183.0,0.0,0.0,4.59,0.0,0.09287415444850922
3183.3333333333335,0.0,0.0,4.59,0.0,0.09287538379430771
3183.6666666666665,0.0,0.0,4.5888,0.0,0.09288781136274338
3184.0,0.0,0.0,4.5892,0.0,0.092885322868824
3184.3333333333335,0.0,0.0,4.5888,0.0,0.09289031475782394
3184.6666666666665,0.0,0.0,4.5884,0.0,0.09289530664682388
3185.0,0.0,0.0,4.588,0.0,0.09290029853582382
3185.3333333333335,0.0,0.0,4.5884,0.0,0.09289781004190445
3185.6666666666665,0.0,0.0,4.5896,0.0,0.09288784861564636
3186.0,0.0,0.0,4.5884,0.0,0.09290032833814621
3186.333333333333,0.0,0.0,4.5892,0.0,0.09289411455392838
3186.666666666667,0.0,0.0,4.5896,0.0,0.09289165586233139
3187.0,0.0,0.0,4.5888,0.0,0.09290040284395218
3187.333333333333,0.0,0.0,4.5888,0.0,0.09290167689323425
3187.666666666667,0.0,0.0,4.5888,0.0,0.09290294349193573
3188.0,0.0,0.0,4.5892,0.0,0.09290049970149994
3188.333333333333,0.0,0.0,4.5892,0.0,0.0929017886519432
3188.666666666667,0.0,0.0,4.5884,0.0,0.09291058778762817
3189.0,0.0,0.0,4.5876,0.0,0.09291937947273254
3189.3333333333335,0.0,0.0,4.5868,0.0,0.0929282009601593
3189.6666666666665,0.0,0.0,4.5864,0.0,0.0929333046078682
3190.0,0.0,0.0,4.5856,0.0,0.09294217079877853
3190.3333333333335,0.0,0.0,4.586,0.0,0.09293980151414871
3190.6666666666665,0.0,0.0,4.5868,0.0,0.09293371438980103
3191.0,0.0,0.0,4.5868,0.0,0.09293512254953384
3191.3333333333335,0.0,0.0,4.5872,0.0,0.09293282777070999
3191.6666666666665,0.0,0.0,4.5876,0.0,0.09293053299188614
3192.0,0.0,0.0,4.5872,0.0,0.09293574094772339
3192.3333333333335,0.0,0.0,4.5876,0.0,0.09293349087238312
3192.6666666666665,0.0,0.0,4.588,0.0,0.09293126314878464
3193.0,0.0,0.0,4.588,0.0,0.09293277561664581
3193.3333333333335,0.0,0.0,4.588,0.0,0.09293428808450699
3193.6666666666665,0.0,0.0,4.5896,0.0,0.09292084723711014
3194.0,0.0,0.0,4.5904,0.0,0.0929148867726326
3194.333333333333,0.0,0.0,4.590800000000001,0.0,0.09291264414787292
3194.666666666667,0.0,0.0,4.5920000000000005,0.0,0.09290294349193573
3195.0,0.0,0.0,4.5920000000000005,0.0,0.09290444105863571
3195.333333333333,0.0,0.0,4.591600000000001,0.0,0.09290966391563416
3195.666666666667,0.0,0.0,4.5920000000000005,0.0,0.09290740638971329
3196.0,0.0,0.0,4.5920000000000005,0.0,0.09290887415409088
3196.3333333333335,0.0,0.0,4.5920000000000005,0.0,0.09291031956672668
3196.6666666666665,0.0,0.0,4.591200000000001,0.0,0.09291922301054001
3197.0,0.0,0.0,4.5920000000000005,0.0,0.09291315823793411
3197.3333333333335,0.0,0.0,4.5920000000000005,0.0,0.09291455149650574
3197.6666666666665,0.0,0.0,4.591200000000001,0.0,0.09292340278625488
3198.0,0.0,0.0,4.5904,0.0,0.09293224662542343
3198.3333333333335,0.0,0.0,4.5896,0.0,0.09294107556343079
3198.6666666666665,0.0,0.0,4.59,0.0,0.09293864667415619
3199.0,0.0,0.0,4.590800000000001,0.0,0.09293249249458313
3199.3333333333335,0.0,0.0,4.5904,0.0,0.09293752163648605
3199.6666666666665,0.0,0.0,4.591200000000001,0.0,0.09293131530284882
3200.0,0.0,0.0,4.591200000000001,0.0,0.0929325744509697
3200.3333333333335,0.0,0.0,4.5920000000000005,0.0,0.09292631596326828
3200.6666666666665,0.0,0.0,4.5936,0.0,0.09291259199380875
3201.0,0.0,0.0,4.594,0.0,0.09291006624698639
3201.333333333333,0.0,0.0,4.5952,0.0,0.09290006756782532
3201.666666666667,0.0,0.0,4.5952,0.0,0.09290123730897903
3202.0,0.0,0.0,4.5948,0.0,0.09290614724159241
3202.333333333333,0.0,0.0,4.5964,0.0,0.0928923562169075
3202.666666666667,0.0,0.0,4.5956,0.0,0.09290096163749695
3203.0,0.0,0.0,4.596,0.0,0.09289835393428802
3203.333333333333,0.0,0.0,4.5956,0.0,0.09290319681167603
3203.666666666667,0.0,0.0,4.5964,0.0,0.09289683401584625
3204.0,0.0,0.0,4.5972,0.0,0.09289048612117767
3204.3333333333335,0.0,0.0,4.5968,0.0,0.09289530664682388
3204.6666666666665,0.0,0.0,4.5972,0.0,0.09289266914129257
3205.0,0.0,0.0,4.5972,0.0,0.09289374202489853
3205.3333333333335,0.0,0.0,4.5976,0.0,0.09289109706878662
3205.6666666666665,0.0,0.0,4.5972,0.0,0.09289590269327164
3206.0,0.0,0.0,4.5976,0.0,0.09289324283599854
3206.3333333333335,0.0,0.0,4.598,0.0,0.09289059042930603
3206.6666666666665,0.0,0.0,4.5984,0.0,0.09288794547319412
3207.0,0.0,0.0,4.599200000000001,0.0,0.09288159012794495
3207.3333333333335,0.0,0.0,4.5988,0.0,0.09288643300533295
3207.6666666666665,0.0,0.0,4.5984,0.0,0.09289130568504333
3208.0,0.0,0.0,4.598,0.0,0.09289617836475372
3208.3333333333335,0.0,0.0,4.5972,0.0,0.09290479868650436
3208.6666666666665,0.0,0.0,4.5972,0.0,0.09290599822998047
3209.0,0.0,0.0,4.5972,0.0,0.09290722012519836
3209.333333333333,0.0,0.0,4.596,0.0,0.09291967749595642
3209.666666666667,0.0,0.0,4.596,0.0,0.0929209440946579
3210.0,0.0,0.0,4.5948,0.0,0.09293342381715775
3210.333333333333,0.0,0.0,4.5936,0.0,0.09294595569372177
3210.666666666667,0.0,0.0,4.5936,0.0,0.09294728189706802
3211.0,0.0,0.0,4.5952,0.0,0.09293367713689804
3211.3333333333335,0.0,0.0,4.5952,0.0,0.09293503314256668
3211.6666666666665,0.0,0.0,4.5948,0.0,0.09294013679027557
3212.0,0.0,0.0,4.5952,0.0,0.09293776750564575
3212.3333333333335,0.0,0.0,4.5952,0.0,0.09293913841247559
3212.6666666666665,0.0,0.0,4.596,0.0,0.09293302893638611
3213.0,0.0,0.0,4.596,0.0,0.09293439239263535
3213.3333333333335,0.0,0.0,4.5952,0.0,0.0929432287812233
3213.6666666666665,0.0,0.0,4.5944,0.0,0.09295202791690826
3214.0,0.0,0.0,4.594,0.0,0.09295707941055298
3214.3333333333335,0.0,0.0,4.5944,0.0,0.09295464307069778
3214.6666666666665,0.0,0.0,4.5936,0.0,0.09296336770057678
3215.0,0.0,0.0,4.5944,0.0,0.09295713901519775
3215.3333333333335,0.0,0.0,4.5932,0.0,0.09296957403421402
3215.6666666666665,0.0,0.0,4.5936,0.0,0.09296702593564987
3216.0,0.0,0.0,4.5932,0.0,0.09297194331884384
3216.333333333333,0.0,0.0,4.5936,0.0,0.09296932816505432
3216.666666666667,0.0,0.0,4.5924000000000005,0.0,0.09298167377710342
3217.0,0.0,0.0,4.5924000000000005,0.0,0.09298275411128998
3217.333333333333,0.0,0.0,4.591600000000001,0.0,0.09299129992723465
3217.666666666667,0.0,0.0,4.5928,0.0,0.09298111498355865
3218.0,0.0,0.0,4.5924000000000005,0.0,0.09298588335514069
3218.333333333333,0.0,0.0,4.5936,0.0,0.0929756686091423
3218.666666666667,0.0,0.0,4.594,0.0,0.09297293424606323
3219.0,0.0,0.0,4.5932,0.0,0.09298143535852432
3219.3333333333335,0.0,0.0,4.5936,0.0,0.09297870844602585
3219.6666666666665,0.0,0.0,4.5932,0.0,0.09298347681760788
3220.0,0.0,0.0,4.5932,0.0,0.09298449754714966
3220.3333333333335,0.0,0.0,4.5932,0.0,0.09298555552959442
3220.6666666666665,0.0,0.0,4.5932,0.0,0.09298659861087799
3221.0,0.0,0.0,4.5948,0.0,0.09297272562980652
3221.3333333333335,0.0,0.0,4.5964,0.0,0.09295887500047684
3221.6666666666665,0.0,0.0,4.5972,0.0,0.09295253455638885
3222.0,0.0,0.0,4.5972,0.0,0.09295371174812317
3222.3333333333335,0.0,0.0,4.5976,0.0,0.09295117855072021
3222.6666666666665,0.0,0.0,4.598,0.0,0.09294866770505905
3223.0,0.0,0.0,4.5984,0.0,0.09294620901346207
3223.3333333333335,0.0,0.0,4.598,0.0,0.09295126795768738
3223.6666666666665,0.0,0.0,4.5976,0.0,0.09295636415481567
3224.0,0.0,0.0,4.5968,0.0,0.09296523034572601
3224.333333333333,0.0,0.0,4.5968,0.0,0.09296664595603943
3224.666666666667,0.0,0.0,4.5968,0.0,0.09296809136867523
3225.0,0.0,0.0,4.5964,0.0,0.09297329187393188
3225.333333333333,0.0,0.0,4.596,0.0,0.09297849982976913
3225.666666666667,0.0,0.0,4.5972,0.0,0.09296877682209015
3226.0,0.0,0.0,4.596,0.0,0.0929814800620079
3226.3333333333335,0.0,0.0,4.5972,0.0,0.09297175705432892
3226.6666666666665,0.0,0.0,4.5972,0.0,0.09297327697277069
3227.0,0.0,0.0,4.5964,0.0,0.09298226982355118
3227.3333333333335,0.0,0.0,4.5968,0.0,0.0929800420999527
3227.6666666666665,0.0,0.0,4.5976,0.0,0.09297407418489456
3228.0,0.0,0.0,4.5984,0.0,0.09296809881925583
3228.3333333333335,0.0,0.0,4.598,0.0,0.09297331422567368
3228.6666666666665,0.0,0.0,4.5976,0.0,0.09297853708267212
3229.0,0.0,0.0,4.5976,0.0,0.0929800271987915
3229.3333333333335,0.0,0.0,4.5956,0.0,0.09300019592046738
3229.6666666666665,0.0,0.0,4.5944,0.0,0.09301289916038513
3230.0,0.0,0.0,4.5956,0.0,0.09300311654806137
3230.3333333333335,0.0,0.0,4.5956,0.0,0.09300456196069717
3230.6666666666665,0.0,0.0,4.5964,0.0,0.09299851208925247
3231.0,0.0,0.0,4.5968,0.0,0.09299617260694504
3231.333333333333,0.0,0.0,4.5968,0.0,0.09299756586551666
3231.666666666667,0.0,0.0,4.5976,0.0,0.09299144893884659
3232.0,0.0,0.0,4.598,0.0,0.09298905730247498
3232.333333333333,0.0,0.0,4.5972,0.0,0.09299786388874054
3232.666666666667,0.0,0.0,4.5972,0.0,0.0929991602897644
3233.0,0.0,0.0,4.5984,0.0,0.09298920631408691
3233.333333333333,0.0,0.0,4.599200000000001,0.0,0.09298299252986908
3233.666666666667,0.0,0.0,4.599600000000001,0.0,0.09298049658536911
3234.0,0.0,0.0,4.5988,0.0,0.09298919886350632
3234.3333333333335,0.0,0.0,4.5984,0.0,0.09299414604902267
3234.6666666666665,0.0,0.0,4.5984,0.0,0.09299534559249878
3235.0,0.0,0.0,4.598,0.0,0.09300025552511215
3235.3333333333335,0.0,0.0,4.5984,0.0,0.09299767762422562
3235.6666666666665,0.0,0.0,4.599600000000001,0.0,0.09298763424158096
3236.0,0.0,0.0,4.5984,0.0,0.09300000220537186
3236.3333333333335,0.0,0.0,4.5984,0.0,0.09300114959478378
3236.6666666666665,0.0,0.0,4.5984,0.0,0.0930023118853569
3237.0,0.0,0.0,4.5988,0.0,0.09299971908330917
3237.3333333333335,0.0,0.0,4.5988,0.0,0.0930008664727211
3237.6666666666665,0.0,0.0,4.599600000000001,0.0,0.09299454092979431
3238.0,0.0,0.0,4.599200000000001,0.0,0.09299943596124649
3238.3333333333335,0.0,0.0,4.5976,0.0,0.09301553666591644
3238.6666666666665,0.0,0.0,4.5972,0.0,0.09302044659852982
3239.0,0.0,0.0,4.5976,0.0,0.09301784634590149
3239.333333333333,0.0,0.0,4.5984,0.0,0.0930115282535553
3239.666666666667,0.0,0.0,4.5988,0.0,0.09300893545150757
3240.0,0.0,0.0,4.5976,0.0,0.09302134066820145
3240.333333333333,0.0,0.0,4.5984,0.0,0.09301500767469406
3240.666666666667,0.0,0.0,4.5976,0.0,0.09302367269992828
3241.0,0.0,0.0,4.5976,0.0,0.09302486479282379
3241.3333333333335,0.0,0.0,4.598,0.0,0.09302231669425964
3241.6666666666665,0.0,0.0,4.5964,0.0,0.09303851425647736
3242.0,0.0,0.0,4.5964,0.0,0.09303975105285645
3242.3333333333335,0.0,0.0,4.5968,0.0,0.09303726255893707
3242.6666666666665,0.0,0.0,4.5968,0.0,0.09303852170705795
3243.0,0.0,0.0,4.5988,0.0,0.09302107989788055
3243.3333333333335,0.0,0.0,4.6000000000000005,0.0,0.09301116317510605
3243.6666666666665,0.0,0.0,4.6008000000000004,0.0,0.0930049940943718
3244.0,0.0,0.0,4.6008000000000004,0.0,0.09300632774829865
3244.3333333333335,0.0,0.0,4.6028,0.0,0.0929889976978302
3244.6666666666665,0.0,0.0,4.6032,0.0,0.09298663586378098
3245.0,0.0,0.0,4.6028,0.0,0.09299175441265106
3245.3333333333335,0.0,0.0,4.6032,0.0,0.09298940747976303
3245.6666666666665,0.0,0.0,4.6048,0.0,0.09297585487365723
3246.0,0.0,0.0,4.6044,0.0,0.09298098832368851
3246.333333333333,0.0,0.0,4.6052,0.0,0.09297492355108261
3246.666666666667,0.0,0.0,4.6056,0.0,0.09297260642051697
3247.0,0.0,0.0,4.606,0.0,0.09297028928995132
3247.333333333333,0.0,0.0,4.6056,0.0,0.0929754227399826
3247.666666666667,0.0,0.0,4.6052,0.0,0.09298056364059448
3248.0,0.0,0.0,4.6056,0.0,0.09297822415828705
3248.333333333333,0.0,0.0,4.6068,0.0,0.09296844154596329
3248.666666666667,0.0,0.0,4.6052,0.0,0.09298476576805115
3249.0,0.0,0.0,4.6056,0.0,0.09298241883516312
3249.3333333333335,0.0,0.0,4.606,0.0,0.0929800495505333
3249.6666666666665,0.0,0.0,4.606,0.0,0.09298142790794373
3250.0,0.0,0.0,4.607200000000001,0.0,0.09297157824039459
3250.3333333333335,0.0,0.0,4.6068,0.0,0.09297666698694229
3250.6666666666665,0.0,0.0,4.606,0.0,0.09298545867204666
3251.0,0.0,0.0,4.604,0.0,0.0930054560303688
3251.3333333333335,0.0,0.0,4.6048,0.0,0.09299929440021515
3251.6666666666665,0.0,0.0,4.606,0.0,0.09298941493034363
3252.0,0.0,0.0,4.606,0.0,0.09299072623252869
3252.3333333333335,0.0,0.0,4.6056,0.0,0.09299576282501221
3252.6666666666665,0.0,0.0,4.6056,0.0,0.09299704432487488
3253.0,0.0,0.0,4.6052,0.0,0.09300204366445541
3253.3333333333335,0.0,0.0,4.6056,0.0,0.09299955517053604
3253.6666666666665,0.0,0.0,4.6056,0.0,0.09300078451633453
3254.0,0.0,0.0,4.6056,0.0,0.09300201386213303
3254.333333333333,0.0,0.0,4.6056,0.0,0.09300321340560913
3254.666666666667,0.0,0.0,4.6048,0.0,0.09301188588142395
3255.0,0.0,0.0,4.6044,0.0,0.09301680326461792
3255.333333333333,0.0,0.0,4.6048,0.0,0.09301427006721497
3255.666666666667,0.0,0.0,4.6052,0.0,0.09301172196865082
3256.0,0.0,0.0,4.6052,0.0,0.09301289916038513
3256.3333333333335,0.0,0.0,4.604,0.0,0.09302529692649841
3256.6666666666665,0.0,0.0,4.6036,0.0,0.09303022176027298
3257.0,0.0,0.0,4.602,0.0,0.09304637461900711
3257.3333333333335,0.0,0.0,4.6016,0.0,0.09305132180452347
3257.6666666666665,0.0,0.0,4.6024,0.0,0.09304505586624146
3258.0,0.0,0.0,4.602,0.0,0.0930500254034996
3258.3333333333335,0.0,0.0,4.6012,0.0,0.093058742582798
3258.6666666666665,0.0,0.0,4.602,0.0,0.09305249899625778
3259.0,0.0,0.0,4.6028,0.0,0.09304627031087875
3259.3333333333335,0.0,0.0,4.6028,0.0,0.09304755926132202
3259.6666666666665,0.0,0.0,4.6028,0.0,0.09304884821176529
3260.0,0.0,0.0,4.6032,0.0,0.09304642677307129
3260.3333333333335,0.0,0.0,4.6032,0.0,0.09304776787757874
3260.6666666666665,0.0,0.0,4.6036,0.0,0.09304536879062653
3261.0,0.0,0.0,4.604,0.0,0.09304296970367432
3261.333333333333,0.0,0.0,4.6044,0.0,0.0930405929684639
3261.666666666667,0.0,0.0,4.6052,0.0,0.09303446859121323
3262.0,0.0,0.0,4.6064,0.0,0.09302464127540588
3262.333333333333,0.0,0.0,4.6068,0.0,0.09302228689193726
3262.666666666667,0.0,0.0,4.607600000000001,0.0,0.09301619231700897
3263.0,0.0,0.0,4.607200000000001,0.0,0.09302131086587906
3263.333333333333,0.0,0.0,4.6064,0.0,0.0930301696062088
3263.666666666667,0.0,0.0,4.6064,0.0,0.09303154051303864
3264.0,0.0,0.0,4.6056,0.0,0.09304039180278778
3264.3333333333335,0.0,0.0,4.6064,0.0,0.09303425997495651
3264.6666666666665,0.0,0.0,4.607600000000001,0.0,0.09302439540624619
3265.0,0.0,0.0,4.6080000000000005,0.0,0.09302196651697159
3265.3333333333335,0.0,0.0,4.6084000000000005,0.0,0.0930195301771164
3265.6666666666665,0.0,0.0,4.607600000000001,0.0,0.0930282473564148
3266.0,0.0,0.0,4.6068,0.0,0.0930369645357132
3266.3333333333335,0.0,0.0,4.6064,0.0,0.09304191917181015
3266.6666666666665,0.0,0.0,4.6080000000000005,0.0,0.09302816540002823
3267.0,0.0,0.0,4.6080000000000005,0.0,0.09302935004234314
3267.3333333333335,0.0,0.0,4.607200000000001,0.0,0.09303801506757736
3267.6666666666665,0.0,0.0,4.607200000000001,0.0,0.09303917735815048
3268.0,0.0,0.0,4.6068,0.0,0.09304407238960266
3268.3333333333335,0.0,0.0,4.607600000000001,0.0,0.09303772449493408
3268.6666666666665,0.0,0.0,4.607200000000001,0.0,0.09304256737232208
3269.0,0.0,0.0,4.6064,0.0,0.09305115789175034
3269.333333333333,0.0,0.0,4.6068,0.0,0.09304852783679962
3269.666666666667,0.0,0.0,4.606,0.0,0.09305709600448608
3270.0,0.0,0.0,4.607200000000001,0.0,0.09304700046777725
3270.333333333333,0.0,0.0,4.6084000000000005,0.0,0.09303691238164902
3270.666666666667,0.0,0.0,4.6068,0.0,0.09305299818515778
3271.0,0.0,0.0,4.6064,0.0,0.09305789321660995
3271.3333333333335,0.0,0.0,4.6064,0.0,0.09305905550718307
3271.6666666666665,0.0,0.0,4.6064,0.0,0.09306023269891739
3272.0,0.0,0.0,4.6068,0.0,0.09305767714977264
3272.3333333333335,0.0,0.0,4.607600000000001,0.0,0.09305139631032944
3272.6666666666665,0.0,0.0,4.6080000000000005,0.0,0.09304885566234589
3273.0,0.0,0.0,4.6080000000000005,0.0,0.09305007755756378
3273.3333333333335,0.0,0.0,4.6080000000000005,0.0,0.09305129945278168
3273.6666666666665,0.0,0.0,4.607600000000001,0.0,0.09305626899003983
3274.0,0.0,0.0,4.607200000000001,0.0,0.09306124597787857
3274.3333333333335,0.0,0.0,4.607200000000001,0.0,0.09306249022483826
3274.6666666666665,0.0,0.0,4.6068,0.0,0.09306749701499939
3275.0,0.0,0.0,4.6068,0.0,0.09306874871253967
3275.3333333333335,0.0,0.0,4.607600000000001,0.0,0.09306254982948303
3275.6666666666665,0.0,0.0,4.6064,0.0,0.09307507425546646
3276.0,0.0,0.0,4.6068,0.0,0.09307263046503067
3276.333333333333,0.0,0.0,4.6068,0.0,0.09307392686605453
3276.666666666667,0.0,0.0,4.6068,0.0,0.0930752232670784
3277.0,0.0,0.0,4.6068,0.0,0.09307652711868286
3277.333333333333,0.0,0.0,4.607600000000001,0.0,0.0930703654885292
3277.666666666667,0.0,0.0,4.607600000000001,0.0,0.09307167679071426
3278.0,0.0,0.0,4.607600000000001,0.0,0.09307297319173813
3278.333333333333,0.0,0.0,4.6080000000000005,0.0,0.09307053685188293
3278.666666666667,0.0,0.0,4.6084000000000005,0.0,0.09306811541318893
3279.0,0.0,0.0,4.6084000000000005,0.0,0.09306943416595459
3279.3333333333335,0.0,0.0,4.6080000000000005,0.0,0.0930745005607605
3279.6666666666665,0.0,0.0,4.6084000000000005,0.0,0.09307210147380829
3280.0,0.0,0.0,4.6084000000000005,0.0,0.09307342767715454
3280.3333333333335,0.0,0.0,4.6088000000000005,0.0,0.09307101368904114
3280.6666666666665,0.0,0.0,4.6092,0.0,0.09306859970092773
3281.0,0.0,0.0,4.61,0.0,0.09306243062019348
3281.3333333333335,0.0,0.0,4.61,0.0,0.09306375682353973
3281.6666666666665,0.0,0.0,4.6096,0.0,0.09306882321834564
3282.0,0.0,0.0,4.6088000000000005,0.0,0.0930776298046112
3282.3333333333335,0.0,0.0,4.607600000000001,0.0,0.09309014678001404
3282.6666666666665,0.0,0.0,4.607600000000001,0.0,0.0930914655327797
3283.0,0.0,0.0,4.6080000000000005,0.0,0.09308899939060211
3283.3333333333335,0.0,0.0,4.6080000000000005,0.0,0.09309026598930359
3283.6666666666665,0.0,0.0,4.607200000000001,0.0,0.09309901297092438
3284.0,0.0,0.0,4.607600000000001,0.0,0.09309651702642441
3284.333333333333,0.0,0.0,4.6068,0.0,0.0931052416563034
3284.666666666667,0.0,0.0,4.607600000000001,0.0,0.09309898316860199
3285.0,0.0,0.0,4.6084000000000005,0.0,0.09309272468090057
3285.333333333333,0.0,0.0,4.6080000000000005,0.0,0.09309769421815872
3285.666666666667,0.0,0.0,4.6080000000000005,0.0,0.09309891611337662
3286.0,0.0,0.0,4.6088000000000005,0.0,0.0930926501750946
3286.3333333333335,0.0,0.0,4.6088000000000005,0.0,0.0930938720703125
3286.6666666666665,0.0,0.0,4.607600000000001,0.0,0.09310632199048996
3287.0,0.0,0.0,4.607200000000001,0.0,0.0931112989783287
3287.3333333333335,0.0,0.0,4.607200000000001,0.0,0.0931125357747078
3287.6666666666665,0.0,0.0,4.6068,0.0,0.09311755001544952
3288.0,0.0,0.0,4.6080000000000005,0.0,0.09310759603977203
3288.3333333333335,0.0,0.0,4.6080000000000005,0.0,0.0931088849902153
3288.6666666666665,0.0,0.0,4.6080000000000005,0.0,0.09311021119356155
3289.0,0.0,0.0,4.6096,0.0,0.09309659898281097
3289.3333333333335,0.0,0.0,4.6096,0.0,0.09309796243906021
3289.6666666666665,0.0,0.0,4.6092,0.0,0.0931030884385109
3290.0,0.0,0.0,4.6084000000000005,0.0,0.09311196953058243
3290.3333333333335,0.0,0.0,4.6084000000000005,0.0,0.09311340004205704
3290.6666666666665,0.0,0.0,4.6096,0.0,0.09310363233089447
3291.0,0.0,0.0,4.6104,0.0,0.09309760481119156
3291.333333333333,0.0,0.0,4.6108,0.0,0.0930953398346901
3291.666666666667,0.0,0.0,4.6108,0.0,0.09309682995080948
3292.0,0.0,0.0,4.6116,0.0,0.09309086948633194
3292.333333333333,0.0,0.0,4.6124,0.0,0.0930849090218544
3292.666666666667,0.0,0.0,4.6136,0.0,0.0930752381682396
3293.0,0.0,0.0,4.6144,0.0,0.09306927770376205
3293.333333333333,0.0,0.0,4.6144,0.0,0.09307081252336502
3293.666666666667,0.0,0.0,4.6136,0.0,0.0930798202753067
3294.0,0.0,0.0,4.6128,0.0,0.09308880567550659
3294.3333333333335,0.0,0.0,4.6128,0.0,0.09309033304452896
3294.6666666666665,0.0,0.0,4.6124,0.0,0.0930955782532692
3295.0,0.0,0.0,4.612,0.0,0.09310079365968704
3295.3333333333335,0.0,0.0,4.6128,0.0,0.09309476613998413
3295.6666666666665,0.0,0.0,4.614,0.0,0.09308499097824097
3296.0,0.0,0.0,4.6144,0.0,0.09308263659477234
3296.3333333333335,0.0,0.0,4.6144,0.0,0.09308398514986038
3296.6666666666665,0.0,0.0,4.6136,0.0,0.09309277683496475
3297.0,0.0,0.0,4.6124,0.0,0.0931052714586258
3297.3333333333335,0.0,0.0,4.614,0.0,0.09309156984090805
3297.6666666666665,0.0,0.0,4.614,0.0,0.09309279918670654
3298.0,0.0,0.0,4.6148,0.0,0.09308650344610214
3298.3333333333335,0.0,0.0,4.6160000000000005,0.0,0.0930764377117157
3298.6666666666665,0.0,0.0,4.615600000000001,0.0,0.0930812656879425
3299.0,0.0,0.0,4.6144,0.0,0.09309353679418564
3299.333333333333,0.0,0.0,4.6148,0.0,0.09309084713459015
3299.666666666667,0.0,0.0,4.6128,0.0,0.09311056137084961
3300.0,0.0,0.0,4.6116,0.0,0.09312275797128677
3300.333333333333,0.0,0.0,4.6108,0.0,0.09313122928142548
3300.666666666667,0.0,0.0,4.6084000000000005,0.0,0.0931546613574028
3301.0,0.0,0.0,4.6084000000000005,0.0,0.0931556299328804
3301.3333333333335,0.0,0.0,4.6096,0.0,0.09314533323049545
3301.6666666666665,0.0,0.0,4.6096,0.0,0.09314627200365067
3302.0,0.0,0.0,4.6084000000000005,0.0,0.09315843135118484
3302.3333333333335,0.0,0.0,4.6080000000000005,0.0,0.09316311776638031
3302.6666666666665,0.0,0.0,4.607600000000001,0.0,0.09316780418157578
3303.0,0.0,0.0,4.607600000000001,0.0,0.09316875785589218
3303.3333333333335,0.0,0.0,4.6080000000000005,0.0,0.09316599369049072
3303.6666666666665,0.0,0.0,4.6096,0.0,0.0931520015001297
3304.0,0.0,0.0,4.6088000000000005,0.0,0.09316049516201019
3304.3333333333335,0.0,0.0,4.6092,0.0,0.09315778315067291
3304.6666666666665,0.0,0.0,4.607600000000001,0.0,0.09317383170127869
3305.0,0.0,0.0,4.607600000000001,0.0,0.09317492693662643
3305.3333333333335,0.0,0.0,4.6088000000000005,0.0,0.09316480904817581
3305.6666666666665,0.0,0.0,4.6080000000000005,0.0,0.09317345172166824
3306.0,0.0,0.0,4.607200000000001,0.0,0.09318212419748306
3306.333333333333,0.0,0.0,4.6064,0.0,0.09319082647562027
3306.666666666667,0.0,0.0,4.6056,0.0,0.09319953620433807
3307.0,0.0,0.0,4.6068,0.0,0.093189537525177
3307.333333333333,0.0,0.0,4.607200000000001,0.0,0.09318705648183823
3307.666666666667,0.0,0.0,4.607200000000001,0.0,0.09318836033344269
3308.0,0.0,0.0,4.6068,0.0,0.0931934267282486
3308.333333333333,0.0,0.0,4.606,0.0,0.09320225566625595
3308.666666666667,0.0,0.0,4.6052,0.0,0.0932111144065857
3309.0,0.0,0.0,4.6048,0.0,0.09321622550487518
3309.3333333333335,0.0,0.0,4.6048,0.0,0.09321759641170502
3309.6666666666665,0.0,0.0,4.6056,0.0,0.09321144223213196
3310.0,0.0,0.0,4.6056,0.0,0.0932127982378006
3310.3333333333335,0.0,0.0,4.6064,0.0,0.09320667386054993
3310.6666666666665,0.0,0.0,4.606,0.0,0.09321178495883942
3311.0,0.0,0.0,4.6068,0.0,0.09320563077926636
3311.3333333333335,0.0,0.0,4.607600000000001,0.0,0.0931994691491127
3311.6666666666665,0.0,0.0,4.607600000000001,0.0,0.09320078790187836
3312.0,0.0,0.0,4.607200000000001,0.0,0.09320584684610367
3312.3333333333335,0.0,0.0,4.6080000000000005,0.0,0.09319962561130524
3312.6666666666665,0.0,0.0,4.6080000000000005,0.0,0.09320087730884552
3313.0,0.0,0.0,4.6096,0.0,0.093187116086483
3313.3333333333335,0.0,0.0,4.6096,0.0,0.0931883230805397
3313.6666666666665,0.0,0.0,4.6116,0.0,0.09317077696323395
3314.0,0.0,0.0,4.6108,0.0,0.09317944198846817
3314.333333333333,0.0,0.0,4.6124,0.0,0.09316562861204147
3314.666666666667,0.0,0.0,4.6124,0.0,0.093166783452034
3315.0,0.0,0.0,4.6136,0.0,0.09315668791532516
3315.333333333333,0.0,0.0,4.6148,0.0,0.09314657747745514
3315.666666666667,0.0,0.0,4.615200000000001,0.0,0.09314394742250443
3316.0,0.0,0.0,4.615200000000001,0.0,0.09314502030611038
3316.3333333333335,0.0,0.0,4.6144,0.0,0.09315357357263565
3316.6666666666665,0.0,0.0,4.6132,0.0,0.09316584467887878
3317.0,0.0,0.0,4.6128,0.0,0.0931706354022026
3317.3333333333335,0.0,0.0,4.6124,0.0,0.09317539632320404
3317.6666666666665,0.0,0.0,4.6136,0.0,0.09316517412662506
3318.0,0.0,0.0,4.6136,0.0,0.09316617250442505
3318.3333333333335,0.0,0.0,4.6132,0.0,0.0931708812713623
3318.6666666666665,0.0,0.0,4.612,0.0,0.09318307787179947
3319.0,0.0,0.0,4.6128,0.0,0.09317655116319656
3319.3333333333335,0.0,0.0,4.6124,0.0,0.09318125247955322
3319.6666666666665,0.0,0.0,4.612,0.0,0.09318594634532928
3320.0,0.0,0.0,4.6124,0.0,0.09318312257528305
3320.3333333333335,0.0,0.0,4.6124,0.0,0.09318406134843826
3320.6666666666665,0.0,0.0,4.6124,0.0,0.09318497031927109
3321.0,0.0,0.0,4.614,0.0,0.09317093342542648
3321.333333333333,0.0,0.0,4.6148,0.0,0.09316438436508179
3321.666666666667,0.0,0.0,4.614,0.0,0.09317280352115631
3322.0,0.0,0.0,4.614,0.0,0.09317374229431152
3322.333333333333,0.0,0.0,4.614,0.0,0.09317471086978912
3322.666666666667,0.0,0.0,4.6136,0.0,0.09317939728498459
3323.0,0.0,0.0,4.6132,0.0,0.09318411350250244
3323.333333333333,0.0,0.0,4.612,0.0,0.0931963324546814
3323.666666666667,0.0,0.0,4.6104,0.0,0.0932123214006424
3324.0,0.0,0.0,4.6108,0.0,0.09320961683988571
3324.3333333333335,0.0,0.0,4.6108,0.0,0.09321065247058868
3324.6666666666665,0.0,0.0,4.61,0.0,0.09321922808885574
3325.0,0.0,0.0,4.6096,0.0,0.09322408586740494
3325.3333333333335,0.0,0.0,4.6108,0.0,0.09321396797895432
3325.6666666666665,0.0,0.0,4.6112,0.0,0.09321139007806778
3326.0,0.0,0.0,4.61,0.0,0.09322383254766464
3326.3333333333335,0.0,0.0,4.61,0.0,0.09322504699230194
3326.6666666666665,0.0,0.0,4.6108,0.0,0.09321881830692291
3327.0,0.0,0.0,4.6112,0.0,0.09321635216474533
3327.3333333333335,0.0,0.0,4.6112,0.0,0.09321767836809158
3327.6666666666665,0.0,0.0,4.6096,0.0,0.09323403239250183
3328.0,0.0,0.0,4.6104,0.0,0.09322791546583176
3328.3333333333335,0.0,0.0,4.6112,0.0,0.09322182089090347
3328.6666666666665,0.0,0.0,4.6116,0.0,0.09321949630975723
3329.0,0.0,0.0,4.6116,0.0,0.09322091937065125
3329.333333333333,0.0,0.0,4.6108,0.0,0.09322986751794815
3329.666666666667,0.0,0.0,4.6096,0.0,0.0932425707578659
3330.0,0.0,0.0,4.6096,0.0,0.0932440310716629
3330.333333333333,0.0,0.0,4.6088000000000005,0.0,0.0932529866695404
3330.666666666667,0.0,0.0,4.6088000000000005,0.0,0.09325443208217621
3331.0,0.0,0.0,4.6108,0.0,0.09323711693286896
3331.3333333333335,0.0,0.0,4.6116,0.0,0.09323108941316605
3331.6666666666665,0.0,0.0,4.6112,0.0,0.0932362824678421
3332.0,0.0,0.0,4.6124,0.0,0.09322647750377655
3332.3333333333335,0.0,0.0,4.6124,0.0,0.09322790801525116
3332.6666666666665,0.0,0.0,4.6132,0.0,0.09322181344032288
3333.0,0.0,0.0,4.6132,0.0,0.0932231992483139
3333.3333333333335,0.0,0.0,4.6128,0.0,0.0932283103466034
3333.6666666666665,0.0,0.0,4.6136,0.0,0.09322214871644974
3334.0,0.0,0.0,4.6128,0.0,0.0932309553027153
3334.3333333333335,0.0,0.0,4.6136,0.0,0.09322476387023926
3334.6666666666665,0.0,0.0,4.6132,0.0,0.09322977811098099
3335.0,0.0,0.0,4.6144,0.0,0.09321974962949753
3335.3333333333335,0.0,0.0,4.615200000000001,0.0,0.09321346133947372
3335.6666666666665,0.0,0.0,4.615600000000001,0.0,0.09321089833974838
3336.0,0.0,0.0,4.6168000000000005,0.0,0.09320081025362015
3336.333333333333,0.0,0.0,4.6172,0.0,0.09319819509983063
3336.666666666667,0.0,0.0,4.6172,0.0,0.09319928288459778
3337.0,0.0,0.0,4.6176,0.0,0.09319660067558289
3337.333333333333,0.0,0.0,4.6184,0.0,0.09319014102220535
3337.666666666667,0.0,0.0,4.6188,0.0,0.09318739920854568
3338.0,0.0,0.0,4.6196,0.0,0.09318090230226517
3338.333333333333,0.0,0.0,4.618,0.0,0.0931968167424202
3338.666666666667,0.0,0.0,4.6172,0.0,0.09320524334907532
3339.0,0.0,0.0,4.6176,0.0,0.09320241957902908
3339.3333333333335,0.0,0.0,4.6176,0.0,0.09320331364870071
3339.6666666666665,0.0,0.0,4.6168000000000005,0.0,0.09321168065071106
3340.0,0.0,0.0,4.615600000000001,0.0,0.09322378039360046
3340.3333333333335,0.0,0.0,4.6164000000000005,0.0,0.09321713447570801
3340.6666666666665,0.0,0.0,4.6168000000000005,0.0,0.09321422129869461
3341.0,0.0,0.0,4.6160000000000005,0.0,0.09322253614664078
3341.3333333333335,0.0,0.0,4.615600000000001,0.0,0.0932270810008049
3341.6666666666665,0.0,0.0,4.6164000000000005,0.0,0.09322038292884827
3342.0,0.0,0.0,4.6160000000000005,0.0,0.09322492778301239
3342.3333333333335,0.0,0.0,4.6168000000000005,0.0,0.09321825206279755
3342.6666666666665,0.0,0.0,4.615600000000001,0.0,0.09323027729988098
3343.0,0.0,0.0,4.6164000000000005,0.0,0.09322360157966614
3343.3333333333335,0.0,0.0,4.6164000000000005,0.0,0.0932244211435318
3343.6666666666665,0.0,0.0,4.6160000000000005,0.0,0.0932290107011795
3344.0,0.0,0.0,4.6160000000000005,0.0,0.09322986006736755
3344.333333333333,0.0,0.0,4.6148,0.0,0.09324197471141815
3344.666666666667,0.0,0.0,4.6148,0.0,0.09324286133050919
3345.0,0.0,0.0,4.6148,0.0,0.09324376285076141
3345.333333333333,0.0,0.0,4.6132,0.0,0.09325967729091644
3345.666666666667,0.0,0.0,4.6132,0.0,0.09326061606407166
3346.0,0.0,0.0,4.6136,0.0,0.0932578444480896
3346.3333333333335,0.0,0.0,4.6148,0.0,0.09324757009744644
3346.6666666666665,0.0,0.0,4.615200000000001,0.0,0.09324483573436737
3347.0,0.0,0.0,4.6148,0.0,0.09324961155653
3347.3333333333335,0.0,0.0,4.6148,0.0,0.09325065463781357
3347.6666666666665,0.0,0.0,4.6144,0.0,0.0932554304599762
3348.0,0.0,0.0,4.615600000000001,0.0,0.0932452455163002
3348.3333333333335,0.0,0.0,4.6164000000000005,0.0,0.09323880821466446
3348.6666666666665,0.0,0.0,4.6168000000000005,0.0,0.09323614835739136
3349.0,0.0,0.0,4.6172,0.0,0.09323349595069885
3349.3333333333335,0.0,0.0,4.6168000000000005,0.0,0.09323832392692566
3349.6666666666665,0.0,0.0,4.6164000000000005,0.0,0.09324314445257187
3350.0,0.0,0.0,4.6160000000000005,0.0,0.09324797987937927
3350.3333333333335,0.0,0.0,4.6168000000000005,0.0,0.09324155747890472
3350.6666666666665,0.0,0.0,4.6168000000000005,0.0,0.09324263781309128
3351.0,0.0,0.0,4.6164000000000005,0.0,0.09324745833873749
3351.333333333333,0.0,0.0,4.6172,0.0,0.09324105829000473
3351.666666666667,0.0,0.0,4.6164000000000005,0.0,0.0932496190071106
3352.0,0.0,0.0,4.615600000000001,0.0,0.09325818717479706
3352.333333333333,0.0,0.0,4.615600000000001,0.0,0.09325926750898361
3352.666666666667,0.0,0.0,4.6168000000000005,0.0,0.09324909001588821
3353.0,0.0,0.0,4.6176,0.0,0.09324267506599426
3353.333333333333,0.0,0.0,4.6176,0.0,0.09324376285076141
3353.666666666667,0.0,0.0,4.618,0.0,0.09324110299348831
3354.0,0.0,0.0,4.6176,0.0,0.09324593842029572
3354.3333333333335,0.0,0.0,4.6176,0.0,0.09324701875448227
3354.6666666666665,0.0,0.0,4.6188,0.0,0.09323687851428986
3355.0,0.0,0.0,4.6196,0.0,0.09323049336671829
3355.3333333333335,0.0,0.0,4.62,0.0,0.09322785586118698
3355.6666666666665,0.0,0.0,4.6192,0.0,0.09323645383119583
3356.0,0.0,0.0,4.6188,0.0,0.09324131906032562
3356.3333333333335,0.0,0.0,4.6176,0.0,0.09325367957353592
3356.6666666666665,0.0,0.0,4.6172,0.0,0.0932585597038269
3357.0,0.0,0.0,4.6176,0.0,0.09325593709945679
3357.3333333333335,0.0,0.0,4.6176,0.0,0.09325706958770752
3357.6666666666665,0.0,0.0,4.6184,0.0,0.09325069934129715
3358.0,0.0,0.0,4.6188,0.0,0.09324808418750763
3358.3333333333335,0.0,0.0,4.6188,0.0,0.09324920177459717
3358.6666666666665,0.0,0.0,4.6184,0.0,0.09325405210256577
3359.0,0.0,0.0,4.6176,0.0,0.09326263517141342
3359.333333333333,0.0,0.0,4.6172,0.0,0.09326749294996262
3359.666666666667,0.0,0.0,4.6172,0.0,0.09326859563589096
3360.0,0.0,0.0,4.6160000000000005,0.0,0.09328094869852066
3360.333333333333,0.0,0.0,4.615600000000001,0.0,0.09328579902648926
3360.666666666667,0.0,0.0,4.615200000000001,0.0,0.09329064190387726
3361.0,0.0,0.0,4.6164000000000005,0.0,0.09328049421310425
3361.3333333333335,0.0,0.0,4.6164000000000005,0.0,0.0932815819978714
3361.6666666666665,0.0,0.0,4.6168000000000005,0.0,0.09327889233827591
3362.0,0.0,0.0,4.6164000000000005,0.0,0.0932837426662445
3362.3333333333335,0.0,0.0,4.6164000000000005,0.0,0.09328481554985046
3362.6666666666665,0.0,0.0,4.6164000000000005,0.0,0.09328587353229523
3363.0,0.0,0.0,4.6168000000000005,0.0,0.09328319132328033
3363.3333333333335,0.0,0.0,4.6168000000000005,0.0,0.0932842493057251
3363.6666666666665,0.0,0.0,4.615600000000001,0.0,0.09329654276371002
3364.0,0.0,0.0,4.615600000000001,0.0,0.09329759329557419
3364.3333333333335,0.0,0.0,4.6168000000000005,0.0,0.0932873860001564
3364.6666666666665,0.0,0.0,4.6172,0.0,0.09328468888998032
3365.0,0.0,0.0,4.6164000000000005,0.0,0.09329324215650558
3365.3333333333335,0.0,0.0,4.6148,0.0,0.09330932050943375
3365.6666666666665,0.0,0.0,4.615200000000001,0.0,0.09330663830041885
3366.0,0.0,0.0,4.6144,0.0,0.0933152288198471
3366.333333333333,0.0,0.0,4.615200000000001,0.0,0.09330879896879196
3366.666666666667,0.0,0.0,4.615600000000001,0.0,0.09330613166093826
3367.0,0.0,0.0,4.6164000000000005,0.0,0.09329968690872192
3367.333333333333,0.0,0.0,4.6160000000000005,0.0,0.09330451488494873
3367.666666666667,0.0,0.0,4.6176,0.0,0.09329058974981308
3368.0,0.0,0.0,4.618,0.0,0.0932878851890564
3368.333333333333,0.0,0.0,4.6184,0.0,0.09328518062829971
3368.666666666667,0.0,0.0,4.6176,0.0,0.09329371899366379
3369.0,0.0,0.0,4.6176,0.0,0.09329476207494736
3369.3333333333335,0.0,0.0,4.6176,0.0,0.09329579025506973
3369.6666666666665,0.0,0.0,4.6184,0.0,0.093289315700531
3370.0,0.0,0.0,4.618,0.0,0.09329407662153244
3370.3333333333335,0.0,0.0,4.618,0.0,0.09329507499933243
3370.6666666666665,0.0,0.0,4.618,0.0,0.09329607337713242
3371.0,0.0,0.0,4.618,0.0,0.09329705685377121
3371.3333333333335,0.0,0.0,4.618,0.0,0.09329801797866821
3371.6666666666665,0.0,0.0,4.6184,0.0,0.09329523146152496
3372.0,0.0,0.0,4.6192,0.0,0.09328869730234146
3372.3333333333335,0.0,0.0,4.62,0.0,0.09328215569257736
3372.6666666666665,0.0,0.0,4.6196,0.0,0.09328685700893402
3373.0,0.0,0.0,4.6184,0.0,0.09329903870820999
3373.3333333333335,0.0,0.0,4.6184,0.0,0.0932999700307846
3373.6666666666665,0.0,0.0,4.615600000000001,0.0,0.09332715719938278
3374.0,0.0,0.0,4.615200000000001,0.0,0.09333182126283646
3374.333333333333,0.0,0.0,4.615200000000001,0.0,0.09333273023366928
3374.666666666667,0.0,0.0,4.6160000000000005,0.0,0.09332611411809921
3375.0,0.0,0.0,4.6160000000000005,0.0,0.09332699328660965
3375.333333333333,0.0,0.0,4.6168000000000005,0.0,0.09332035481929779
3375.666666666667,0.0,0.0,4.6164000000000005,0.0,0.09332498162984848
3376.0,0.0,0.0,4.6160000000000005,0.0,0.09332958608865738
3376.3333333333335,0.0,0.0,4.6164000000000005,0.0,0.09332669526338577
3376.6666666666665,0.0,0.0,4.6164000000000005,0.0,0.09332753717899323
3377.0,0.0,0.0,4.6176,0.0,0.09331712871789932
3377.3333333333335,0.0,0.0,4.618,0.0,0.09331422299146652
3377.6666666666665,0.0,0.0,4.6168000000000005,0.0,0.09332633763551712
3378.0,0.0,0.0,4.6172,0.0,0.09332343935966492
3378.3333333333335,0.0,0.0,4.6160000000000005,0.0,0.0933355763554573
3378.6666666666665,0.0,0.0,4.615600000000001,0.0,0.0933401957154274
3379.0,0.0,0.0,4.6164000000000005,0.0,0.09333357959985733
3379.3333333333335,0.0,0.0,4.6160000000000005,0.0,0.0933382511138916
3379.6666666666665,0.0,0.0,4.6164000000000005,0.0,0.09333541989326477
3380.0,0.0,0.0,4.615600000000001,0.0,0.09334387630224228
3380.3333333333335,0.0,0.0,4.615600000000001,0.0,0.09334481507539749
3380.6666666666665,0.0,0.0,4.6160000000000005,0.0,0.09334202855825424
3381.0,0.0,0.0,4.6168000000000005,0.0,0.09333547949790955
3381.333333333333,0.0,0.0,4.618,0.0,0.0933251902461052
3381.666666666667,0.0,0.0,4.6184,0.0,0.09332244843244553
3382.0,0.0,0.0,4.6176,0.0,0.09333094209432602
3382.333333333333,0.0,0.0,4.6172,0.0,0.09333571046590805
3382.666666666667,0.0,0.0,4.6172,0.0,0.09333673864603043
3383.0,0.0,0.0,4.6176,0.0,0.09333402663469315
3383.333333333333,0.0,0.0,4.6176,0.0,0.09333506226539612
3383.666666666667,0.0,0.0,4.6172,0.0,0.09333986788988113
3384.0,0.0,0.0,4.6168000000000005,0.0,0.09334468096494675
3384.3333333333335,0.0,0.0,4.6168000000000005,0.0,0.09334571659564972
3384.6666666666665,0.0,0.0,4.6172,0.0,0.09334301203489304
3385.0,0.0,0.0,4.6176,0.0,0.09334030747413635
3385.3333333333335,0.0,0.0,4.6172,0.0,0.09334509074687958
3385.6666666666665,0.0,0.0,4.6176,0.0,0.0933423712849617
3386.0,0.0,0.0,4.6172,0.0,0.09334715455770493
3386.3333333333335,0.0,0.0,4.6172,0.0,0.0933481827378273
3386.6666666666665,0.0,0.0,4.6184,0.0,0.09333794564008713
3387.0,0.0,0.0,4.6188,0.0,0.09333521127700806
3387.3333333333335,0.0,0.0,4.6184,0.0,0.09333997964859009
3387.6666666666665,0.0,0.0,4.6196,0.0,0.09332972764968872
3388.0,0.0,0.0,4.6188,0.0,0.09333823621273041
3388.3333333333335,0.0,0.0,4.6176,0.0,0.09335047751665115
3388.6666666666665,0.0,0.0,4.6172,0.0,0.093355193734169
3389.0,0.0,0.0,4.6164000000000005,0.0,0.09336365759372711
3389.333333333333,0.0,0.0,4.6168000000000005,0.0,0.09336084872484207
3389.666666666667,0.0,0.0,4.6168000000000005,0.0,0.0933617576956749
3390.0,0.0,0.0,4.6164000000000005,0.0,0.09336642175912857
3390.333333333333,0.0,0.0,4.6164000000000005,0.0,0.0933673232793808
3390.666666666667,0.0,0.0,4.6164000000000005,0.0,0.09336819499731064
3391.0,0.0,0.0,4.6172,0.0,0.09336154907941818
3391.3333333333335,0.0,0.0,4.6164000000000005,0.0,0.09336990863084793
3391.6666666666665,0.0,0.0,4.6172,0.0,0.09336324036121368
3392.0,0.0,0.0,4.6168000000000005,0.0,0.09336783736944199
3392.3333333333335,0.0,0.0,4.6168000000000005,0.0,0.09336866438388824
3392.6666666666665,0.0,0.0,4.6176,0.0,0.09336197376251221
3393.0,0.0,0.0,4.6172,0.0,0.09336654096841812
3393.3333333333335,0.0,0.0,4.618,0.0,0.09335984289646149
3393.6666666666665,0.0,0.0,4.6188,0.0,0.09335314482450485
3394.0,0.0,0.0,4.6188,0.0,0.09335397928953171
3394.3333333333335,0.0,0.0,4.618,0.0,0.09336231648921967
3394.6666666666665,0.0,0.0,4.6184,0.0,0.09335941076278687
3395.0,0.0,0.0,4.618,0.0,0.09336403012275696
3395.3333333333335,0.0,0.0,4.6172,0.0,0.0933724120259285
3395.6666666666665,0.0,0.0,4.6172,0.0,0.09337329119443893
3396.0,0.0,0.0,4.6168000000000005,0.0,0.0933779701590538
3396.333333333333,0.0,0.0,4.6176,0.0,0.09337136149406433
3396.666666666667,0.0,0.0,4.6176,0.0,0.09337230771780014
3397.0,0.0,0.0,4.6168000000000005,0.0,0.09338078647851944
3397.333333333333,0.0,0.0,4.6172,0.0,0.09337800741195679
3397.666666666667,0.0,0.0,4.6172,0.0,0.09337899833917618
3398.0,0.0,0.0,4.618,0.0,0.09337249398231506
3398.333333333333,0.0,0.0,4.6184,0.0,0.09336978197097778
3398.666666666667,0.0,0.0,4.6192,0.0,0.09336333721876144
3399.0,0.0,0.0,4.62,0.0,0.09335692226886749
3399.3333333333335,0.0,0.0,4.62,0.0,0.09335803240537643
3399.6666666666665,0.0,0.0,4.6208,0.0,0.09335166215896606
3400.0,0.0,0.0,4.6208,0.0,0.09335282444953918
3400.3333333333335,0.0,0.0,4.6212,0.0,0.09335025399923325
3400.6666666666665,0.0,0.0,4.6208,0.0,0.0933552086353302
3401.0,0.0,0.0,4.6204,0.0,0.09336017072200775
3401.3333333333335,0.0,0.0,4.6208,0.0,0.093357615172863
3401.6666666666665,0.0,0.0,4.622,0.0,0.09334758669137955
3402.0,0.0,0.0,4.622,0.0,0.09334880858659744
3402.3333333333335,0.0,0.0,4.6224,0.0,0.09334626793861389
3402.6666666666665,0.0,0.0,4.623600000000001,0.0,0.09333623200654984
3403.0,0.0,0.0,4.623200000000001,0.0,0.09334120154380798
3403.3333333333335,0.0,0.0,4.622,0.0,0.09335365891456604
3403.6666666666665,0.0,0.0,4.6212,0.0,0.09336236864328384
3404.0,0.0,0.0,4.6212,0.0,0.09336355328559875
3404.333333333333,0.0,0.0,4.622,0.0,0.09335722029209137
3404.666666666667,0.0,0.0,4.6212,0.0,0.093365877866745
3405.0,0.0,0.0,4.62,0.0,0.09337827563285828
3405.333333333333,0.0,0.0,4.62,0.0,0.09337939321994781
3405.666666666667,0.0,0.0,4.6212,0.0,0.09336921572685242
3406.0,0.0,0.0,4.6204,0.0,0.09337782859802246
3406.3333333333335,0.0,0.0,4.6196,0.0,0.09338641911745071
3406.6666666666665,0.0,0.0,4.6196,0.0,0.09338747709989548
3407.0,0.0,0.0,4.62,0.0,0.0933847650885582
3407.3333333333335,0.0,0.0,4.6196,0.0,0.09338954091072083
3407.6666666666665,0.0,0.0,4.62,0.0,0.09338679164648056
3408.0,0.0,0.0,4.618,0.0,0.09340658783912659
3408.3333333333335,0.0,0.0,4.6184,0.0,0.09340381622314453
3408.6666666666665,0.0,0.0,4.6176,0.0,0.09341229498386383
3409.0,0.0,0.0,4.6184,0.0,0.09340573847293854
3409.3333333333335,0.0,0.0,4.6184,0.0,0.09340667724609375
3409.6666666666665,0.0,0.0,4.6192,0.0,0.09340009093284607
3410.0,0.0,0.0,4.6196,0.0,0.09339724481105804
3410.3333333333335,0.0,0.0,4.6196,0.0,0.09339815378189087
3410.6666666666665,0.0,0.0,4.6192,0.0,0.09340278804302216
3411.0,0.0,0.0,4.6196,0.0,0.09339990466833115
3411.333333333333,0.0,0.0,4.62,0.0,0.09339702129364014
3411.666666666667,0.0,0.0,4.6188,0.0,0.09340915828943253
3412.0,0.0,0.0,4.6204,0.0,0.09339499473571777
3412.333333333333,0.0,0.0,4.622,0.0,0.09338083863258362
3412.666666666667,0.0,0.0,4.623200000000001,0.0,0.0933704525232315
3413.0,0.0,0.0,4.6224,0.0,0.09337883442640305
3413.333333333333,0.0,0.0,4.623200000000001,0.0,0.09337220340967178
3413.666666666667,0.0,0.0,4.6228,0.0,0.09337683022022247
3414.0,0.0,0.0,4.623200000000001,0.0,0.09337395429611206
3414.3333333333335,0.0,0.0,4.623200000000001,0.0,0.0933748409152031
3414.6666666666665,0.0,0.0,4.6224,0.0,0.09338323771953583
3415.0,0.0,0.0,4.6224,0.0,0.09338414669036865
3415.3333333333335,0.0,0.0,4.6212,0.0,0.09339632093906403
3415.6666666666665,0.0,0.0,4.6216,0.0,0.0933934897184372
3416.0,0.0,0.0,4.6216,0.0,0.09339442104101181
3416.3333333333335,0.0,0.0,4.6224,0.0,0.09338782727718353
3416.6666666666665,0.0,0.0,4.6228,0.0,0.0933850035071373
3417.0,0.0,0.0,4.6228,0.0,0.09338593482971191
3417.3333333333335,0.0,0.0,4.623200000000001,0.0,0.09338311105966568
3417.6666666666665,0.0,0.0,4.6228,0.0,0.09338779002428055
3418.0,0.0,0.0,4.623200000000001,0.0,0.09338497370481491
3418.3333333333335,0.0,0.0,4.6248000000000005,0.0,0.09337092190980911
3418.6666666666665,0.0,0.0,4.6240000000000006,0.0,0.09337937831878662
3419.0,0.0,0.0,4.623600000000001,0.0,0.09338409453630447
3419.333333333333,0.0,0.0,4.623200000000001,0.0,0.09338880330324173
3419.666666666667,0.0,0.0,4.623200000000001,0.0,0.09338978677988052
3420.0,0.0,0.0,4.6240000000000006,0.0,0.09338326007127762
3420.333333333333,0.0,0.0,4.6244000000000005,0.0,0.09338048100471497
3420.666666666667,0.0,0.0,4.623600000000001,0.0,0.09338898211717606
3421.0,0.0,0.0,4.6248000000000005,0.0,0.09337874501943588
3421.3333333333335,0.0,0.0,4.6228,0.0,0.09339851140975952
3421.6666666666665,0.0,0.0,4.623200000000001,0.0,0.09339576214551926
3422.0,0.0,0.0,4.6216,0.0,0.09341181069612503
3422.3333333333335,0.0,0.0,4.6204,0.0,0.09342409670352936
3422.6666666666665,0.0,0.0,4.6212,0.0,0.09341759234666824
3423.0,0.0,0.0,4.6212,0.0,0.09341859072446823
3423.3333333333335,0.0,0.0,4.6216,0.0,0.09341583400964737
3423.6666666666665,0.0,0.0,4.6216,0.0,0.09341683983802795
3424.0,0.0,0.0,4.6216,0.0,0.09341783076524734
3424.3333333333335,0.0,0.0,4.622,0.0,0.09341505169868469
3424.6666666666665,0.0,0.0,4.6224,0.0,0.09341228753328323
3425.0,0.0,0.0,4.6224,0.0,0.09341327100992203
3425.3333333333335,0.0,0.0,4.622,0.0,0.09341800957918167
3425.6666666666665,0.0,0.0,4.6212,0.0,0.09342649579048157
3426.0,0.0,0.0,4.62,0.0,0.09343873709440231
3426.333333333333,0.0,0.0,4.6184,0.0,0.0934547483921051
3426.666666666667,0.0,0.0,4.6196,0.0,0.09344442933797836
3427.0,0.0,0.0,4.6188,0.0,0.09345293045043945
3427.333333333333,0.0,0.0,4.6192,0.0,0.0934501439332962
3427.666666666667,0.0,0.0,4.6192,0.0,0.093451127409935
3428.0,0.0,0.0,4.6184,0.0,0.0934596136212349
3428.333333333333,0.0,0.0,4.6192,0.0,0.0934530571103096
3428.666666666667,0.0,0.0,4.6192,0.0,0.0934540405869484
3429.0,0.0,0.0,4.6192,0.0,0.09345501661300659
3429.3333333333335,0.0,0.0,4.6196,0.0,0.09345223009586334
3429.6666666666665,0.0,0.0,4.62,0.0,0.09344944357872009
3430.0,0.0,0.0,4.6204,0.0,0.09344664961099625
3430.3333333333335,0.0,0.0,4.6204,0.0,0.09344761818647385
3430.6666666666665,0.0,0.0,4.6212,0.0,0.09344109147787094
3431.0,0.0,0.0,4.6212,0.0,0.09344208240509033
3431.3333333333335,0.0,0.0,4.622,0.0,0.09343554079532623
3431.6666666666665,0.0,0.0,4.6240000000000006,0.0,0.09341775625944138
3432.0,0.0,0.0,4.6244000000000005,0.0,0.09341499954462051
3432.3333333333335,0.0,0.0,4.6244000000000005,0.0,0.0934160053730011
3432.6666666666665,0.0,0.0,4.6252,0.0,0.09340949356555939
3433.0,0.0,0.0,4.6256,0.0,0.09340673685073853
3433.3333333333335,0.0,0.0,4.6264,0.0,0.09340023249387741
3433.6666666666665,0.0,0.0,4.6268,0.0,0.09339747577905655
3434.0,0.0,0.0,4.6272,0.0,0.09339473396539688
3434.333333333333,0.0,0.0,4.6276,0.0,0.09339198470115662
3434.666666666667,0.0,0.0,4.6268,0.0,0.0934005081653595
3435.0,0.0,0.0,4.6272,0.0,0.09339777380228043
3435.333333333333,0.0,0.0,4.6268,0.0,0.09340254217386246
3435.666666666667,0.0,0.0,4.6268,0.0,0.09340355545282364
3436.0,0.0,0.0,4.6272,0.0,0.09340082854032516
3436.3333333333335,0.0,0.0,4.6268,0.0,0.09340561181306839
3436.6666666666665,0.0,0.0,4.6272,0.0,0.09340289235115051
3437.0,0.0,0.0,4.6276,0.0,0.09340016543865204
3437.3333333333335,0.0,0.0,4.6276,0.0,0.09340120106935501
3437.6666666666665,0.0,0.0,4.628,0.0,0.09339848905801773
3438.0,0.0,0.0,4.6284,0.0,0.09339576214551926
3438.3333333333335,0.0,0.0,4.6288,0.0,0.09339302033185959
3438.6666666666665,0.0,0.0,4.6292,0.0,0.09339028596878052
3439.0,0.0,0.0,4.6296,0.0,0.09338754415512085
3439.3333333333335,0.0,0.0,4.6296,0.0,0.09338853508234024
3439.6666666666665,0.0,0.0,4.6296,0.0,0.09338951855897903
3440.0,0.0,0.0,4.6284,0.0,0.09340173751115799
3440.3333333333335,0.0,0.0,4.6292,0.0,0.0933951810002327
3440.6666666666665,0.0,0.0,4.63,0.0,0.0933886170387268
3441.0,0.0,0.0,4.63,0.0,0.09338953346014023
3441.333333333333,0.0,0.0,4.63,0.0,0.09339044243097305
3441.666666666667,0.0,0.0,4.6292,0.0,0.0933988094329834
3442.0,0.0,0.0,4.6284,0.0,0.09340714663267136
3442.333333333333,0.0,0.0,4.6296,0.0,0.09339672327041626
3442.666666666667,0.0,0.0,4.6304,0.0,0.09339000284671783
3443.0,0.0,0.0,4.6308,0.0,0.09338700771331787
3443.333333333333,0.0,0.0,4.6304,0.0,0.09339146316051483
3443.666666666667,0.0,0.0,4.6304,0.0,0.09339216351509094
3444.0,0.0,0.0,4.6308,0.0,0.09338909387588501
3444.3333333333335,0.0,0.0,4.6308,0.0,0.09338973462581635
3444.6666666666665,0.0,0.0,4.63,0.0,0.0933978483080864
3445.0,0.0,0.0,4.631600000000001,0.0,0.09338345378637314
3445.3333333333335,0.0,0.0,4.631200000000001,0.0,0.09338776022195816
3445.6666666666665,0.0,0.0,4.6308,0.0,0.09339206665754318
3446.0,0.0,0.0,4.63,0.0,0.09340011328458786
3446.3333333333335,0.0,0.0,4.6304,0.0,0.09339689463376999
3446.6666666666665,0.0,0.0,4.6304,0.0,0.09339745342731476
3447.0,0.0,0.0,4.63,0.0,0.09340175986289978
3447.3333333333335,0.0,0.0,4.6304,0.0,0.0933985635638237
3447.6666666666665,0.0,0.0,4.6304,0.0,0.09339912235736847
3448.0,0.0,0.0,4.6308,0.0,0.09339594841003418
3448.3333333333335,0.0,0.0,4.6304,0.0,0.09340028464794159
3448.6666666666665,0.0,0.0,4.6296,0.0,0.09340840578079224
3449.0,0.0,0.0,4.6304,0.0,0.09340154379606247
3449.333333333333,0.0,0.0,4.63,0.0,0.09340596944093704
3449.666666666667,0.0,0.0,4.6308,0.0,0.09339918196201324
3450.0,0.0,0.0,4.6308,0.0,0.09339993447065353
3450.333333333333,0.0,0.0,4.6324000000000005,0.0,0.0933857411146164
3450.666666666667,0.0,0.0,4.631600000000001,0.0,0.09339407831430435
3451.0,0.0,0.0,4.632000000000001,0.0,0.09339120984077454
3451.3333333333335,0.0,0.0,4.632000000000001,0.0,0.09339217096567154
3451.6666666666665,0.0,0.0,4.6328000000000005,0.0,0.09338566660881042
3452.0,0.0,0.0,4.6324000000000005,0.0,0.09339044988155365
3452.3333333333335,0.0,0.0,4.6328000000000005,0.0,0.09338778257369995
3452.6666666666665,0.0,0.0,4.6324000000000005,0.0,0.09339266270399094
3453.0,0.0,0.0,4.634,0.0,0.09337888658046722
3453.3333333333335,0.0,0.0,4.6332,0.0,0.09338761121034622
3453.6666666666665,0.0,0.0,4.6332,0.0,0.09338890016078949
3454.0,0.0,0.0,4.631600000000001,0.0,0.09340520203113556
3454.3333333333335,0.0,0.0,4.6304,0.0,0.09341776371002197
3454.6666666666665,0.0,0.0,4.63,0.0,0.09342288225889206
3455.0,0.0,0.0,4.6304,0.0,0.09342048317193985
3455.3333333333335,0.0,0.0,4.63,0.0,0.09342562407255173
3455.6666666666665,0.0,0.0,4.63,0.0,0.09342700988054276
3456.0,0.0,0.0,4.6308,0.0,0.09342089295387268
3456.333333333333,0.0,0.0,4.6296,0.0,0.09343355149030685
3456.666666666667,0.0,0.0,4.6296,0.0,0.09343492239713669
3457.0,0.0,0.0,4.6296,0.0,0.09343629330396652
3457.333333333333,0.0,0.0,4.63,0.0,0.09343387931585312
3457.666666666667,0.0,0.0,4.63,0.0,0.09343522042036057
3458.0,0.0,0.0,4.6292,0.0,0.09344402700662613
3458.333333333333,0.0,0.0,4.63,0.0,0.0934377983212471
3458.666666666667,0.0,0.0,4.6284,0.0,0.09345406293869019
3459.0,0.0,0.0,4.6284,0.0,0.09345528483390808
3459.3333333333335,0.0,0.0,4.6276,0.0,0.09346397966146469
3459.6666666666665,0.0,0.0,4.6276,0.0,0.09346512705087662
3460.0,0.0,0.0,4.628,0.0,0.09346247464418411
3460.3333333333335,0.0,0.0,4.6296,0.0,0.09344852715730667
3460.6666666666665,0.0,0.0,4.6296,0.0,0.09344956278800964
3461.0,0.0,0.0,4.6284,0.0,0.09346181154251099
3461.3333333333335,0.0,0.0,4.628,0.0,0.09346653521060944
3461.6666666666665,0.0,0.0,4.6284,0.0,0.0934637039899826
3462.0,0.0,0.0,4.6292,0.0,0.09345707297325134
3462.3333333333335,0.0,0.0,4.6296,0.0,0.09345418214797974
3462.6666666666665,0.0,0.0,4.6296,0.0,0.0934550017118454
3463.0,0.0,0.0,4.6284,0.0,0.09346703439950943
3463.3333333333335,0.0,0.0,4.628,0.0,0.09347154945135117
3463.6666666666665,0.0,0.0,4.6292,0.0,0.09346100687980652
3464.0,0.0,0.0,4.6284,0.0,0.09346923977136612
3464.333333333333,0.0,0.0,4.6288,0.0,0.09346618503332138
3464.666666666667,0.0,0.0,4.6284,0.0,0.09347062557935715
3465.0,0.0,0.0,4.6288,0.0,0.09346752613782883
3465.333333333333,0.0,0.0,4.6292,0.0,0.0934644415974617
3465.666666666667,0.0,0.0,4.6292,0.0,0.09346508234739304
3466.0,0.0,0.0,4.6296,0.0,0.09346198290586472
3466.3333333333335,0.0,0.0,4.63,0.0,0.09345889091491699
3466.6666666666665,0.0,0.0,4.6304,0.0,0.09345576912164688
3467.0,0.0,0.0,4.6308,0.0,0.09345267713069916
3467.3333333333335,0.0,0.0,4.63,0.0,0.09346085041761398
3467.6666666666665,0.0,0.0,4.6332,0.0,0.0934315174818039
3468.0,0.0,0.0,4.6332,0.0,0.0934322252869606
3468.3333333333335,0.0,0.0,4.6336,0.0,0.09342920780181885
3468.6666666666665,0.0,0.0,4.6332,0.0,0.0934336930513382
3469.0,0.0,0.0,4.6344,0.0,0.09342320263385773
3469.3333333333335,0.0,0.0,4.6348,0.0,0.09342023730278015
3469.6666666666665,0.0,0.0,4.6348,0.0,0.093421071767807
3470.0,0.0,0.0,4.6348,0.0,0.09342193603515625
3470.3333333333335,0.0,0.0,4.6352,0.0,0.09341906011104584
3470.6666666666665,0.0,0.0,4.634,0.0,0.09343120455741882
3471.0,0.0,0.0,4.6332,0.0,0.09343961626291275
3471.333333333333,0.0,0.0,4.6336,0.0,0.09343680739402771
3471.666666666667,0.0,0.0,4.6336,0.0,0.09343776106834412
3472.0,0.0,0.0,4.6332,0.0,0.09344249218702316
3472.333333333333,0.0,0.0,4.6336,0.0,0.0934397354722023
3472.666666666667,0.0,0.0,4.6328000000000005,0.0,0.09344823658466339
3473.0,0.0,0.0,4.6336,0.0,0.09344176948070526
3473.333333333333,0.0,0.0,4.634,0.0,0.09343905746936798
3473.666666666667,0.0,0.0,4.6344,0.0,0.0934363529086113
3474.0,0.0,0.0,4.634,0.0,0.09344116598367691
3474.3333333333335,0.0,0.0,4.6344,0.0,0.09343846142292023
3474.6666666666665,0.0,0.0,4.6336,0.0,0.09344702959060669
3475.0,0.0,0.0,4.6344,0.0,0.09344059228897095
3475.3333333333335,0.0,0.0,4.6344,0.0,0.0934416651725769
3475.6666666666665,0.0,0.0,4.6348,0.0,0.09343899041414261
3476.0,0.0,0.0,4.634,0.0,0.09344758093357086
3476.3333333333335,0.0,0.0,4.634,0.0,0.09344866126775742
3476.6666666666665,0.0,0.0,4.6344,0.0,0.09344601631164551
3477.0,0.0,0.0,4.6336,0.0,0.09345461428165436
3477.3333333333335,0.0,0.0,4.6332,0.0,0.09345946460962296
3477.6666666666665,0.0,0.0,4.6336,0.0,0.09345683455467224
3478.0,0.0,0.0,4.6344,0.0,0.09345044195652008
3478.3333333333335,0.0,0.0,4.6352,0.0,0.09344403445720673
3478.6666666666665,0.0,0.0,4.6344,0.0,0.09345263987779617
3479.0,0.0,0.0,4.6348,0.0,0.09345000237226486
3479.333333333333,0.0,0.0,4.6352,0.0,0.09344734996557236
3479.666666666667,0.0,0.0,4.6344,0.0,0.09345594048500061
3480.0,0.0,0.0,4.6344,0.0,0.09345702826976776
3480.333333333333,0.0,0.0,4.6348,0.0,0.09345434606075287
3480.666666666667,0.0,0.0,4.6332,0.0,0.09347042441368103
3481.0,0.0,0.0,4.6332,0.0,0.0934714823961258
3481.3333333333335,0.0,0.0,4.6328000000000005,0.0,0.09347628802061081
3481.6666666666665,0.0,0.0,4.6344,0.0,0.09346230328083038
3482.0,0.0,0.0,4.6356,0.0,0.0934520736336708
3482.3333333333335,0.0,0.0,4.6336,0.0,0.09347183257341385
3482.6666666666665,0.0,0.0,4.6332,0.0,0.09347658604383469
3483.0,0.0,0.0,4.6324000000000005,0.0,0.09348507225513458
3483.3333333333335,0.0,0.0,4.6328000000000005,0.0,0.09348229318857193
3483.6666666666665,0.0,0.0,4.6328000000000005,0.0,0.09348326176404953
3484.0,0.0,0.0,4.6324000000000005,0.0,0.09348798543214798
3484.3333333333335,0.0,0.0,4.632000000000001,0.0,0.09349266439676285
3484.6666666666665,0.0,0.0,4.631600000000001,0.0,0.09349735081195831
3485.0,0.0,0.0,4.631200000000001,0.0,0.09350202232599258
3485.3333333333335,0.0,0.0,4.631200000000001,0.0,0.09350293129682541
3485.6666666666665,0.0,0.0,4.631600000000001,0.0,0.09350007027387619
3486.0,0.0,0.0,4.632000000000001,0.0,0.09349719434976578
3486.333333333333,0.0,0.0,4.6328000000000005,0.0,0.09349057823419571
3486.666666666667,0.0,0.0,4.6324000000000005,0.0,0.0934952050447464
3487.0,0.0,0.0,4.6332,0.0,0.09348856657743454
3487.333333333333,0.0,0.0,4.6324000000000005,0.0,0.09349695593118668
3487.666666666667,0.0,0.0,4.6324000000000005,0.0,0.09349782764911652
3488.0,0.0,0.0,4.632000000000001,0.0,0.0935024544596672
3488.333333333333,0.0,0.0,4.6332,0.0,0.0934920459985733
3488.666666666667,0.0,0.0,4.6336,0.0,0.0934891477227211
3489.0,0.0,0.0,4.634,0.0,0.0934862419962883
3489.3333333333335,0.0,0.0,4.6344,0.0,0.09348331391811371
3489.6666666666665,0.0,0.0,4.634,0.0,0.09348791837692261
3490.0,0.0,0.0,4.6348,0.0,0.09348122775554657
3490.3333333333335,0.0,0.0,4.6352,0.0,0.09347829222679138
3490.6666666666665,0.0,0.0,4.6348,0.0,0.0934828519821167
3491.0,0.0,0.0,4.6344,0.0,0.09348739683628082
3491.3333333333335,0.0,0.0,4.6352,0.0,0.093480683863163
3491.6666666666665,0.0,0.0,4.6352,0.0,0.09348145127296448
3492.0,0.0,0.0,4.6352,0.0,0.09348221868276596
3492.3333333333335,0.0,0.0,4.636,0.0,0.09347547590732574
3492.6666666666665,0.0,0.0,4.6356,0.0,0.09347997605800629
3493.0,0.0,0.0,4.6344,0.0,0.09349198639392853
3493.3333333333335,0.0,0.0,4.634,0.0,0.09349649399518967
3493.6666666666665,0.0,0.0,4.6336,0.0,0.09350099414587021
3494.0,0.0,0.0,4.6336,0.0,0.0935017317533493
3494.333333333333,0.0,0.0,4.6328000000000005,0.0,0.0935099795460701
3494.666666666667,0.0,0.0,4.632000000000001,0.0,0.0935182273387909
3495.0,0.0,0.0,4.6324000000000005,0.0,0.09351518750190735
3495.333333333333,0.0,0.0,4.6328000000000005,0.0,0.0935121551156044
3495.666666666667,0.0,0.0,4.6324000000000005,0.0,0.09351661801338196
3496.0,0.0,0.0,4.632000000000001,0.0,0.09352108091115952
3496.3333333333335,0.0,0.0,4.631200000000001,0.0,0.09352930635213852
3496.6666666666665,0.0,0.0,4.631600000000001,0.0,0.09352626651525497
3497.0,0.0,0.0,4.632000000000001,0.0,0.09352321177721024
3497.3333333333335,0.0,0.0,4.632000000000001,0.0,0.09352391958236694
3497.6666666666665,0.0,0.0,4.632000000000001,0.0,0.09352461993694305
3498.0,0.0,0.0,4.632000000000001,0.0,0.09352535754442215
3498.3333333333335,0.0,0.0,4.6324000000000005,0.0,0.09352234750986099
3498.6666666666665,0.0,0.0,4.6332,0.0,0.09351557493209839
3499.0,0.0,0.0,4.6332,0.0,0.09351631253957748
3499.3333333333335,0.0,0.0,4.6336,0.0,0.09351330250501633
3499.6666666666665,0.0,0.0,4.634,0.0,0.09351030737161636
3500.0,0.0,0.0,4.6344,0.0,0.0935073122382164
3500.3333333333335,0.0,0.0,4.636,0.0,0.09349307417869568
3500.6666666666665,0.0,0.0,4.6356,0.0,0.09349760413169861
3501.0,0.0,0.0,4.6368,0.0,0.09348713606595993
3501.333333333333,0.0,0.0,4.6368,0.0,0.093487948179245
3501.666666666667,0.0,0.0,4.6372,0.0,0.09348501265048981
3502.0,0.0,0.0,4.6376,0.0,0.09348208457231522
3502.333333333333,0.0,0.0,4.6376,0.0,0.09348292648792267
3502.666666666667,0.0,0.0,4.6368,0.0,0.09349128603935242
3503.0,0.0,0.0,4.6364,0.0,0.09349589794874191
3503.333333333333,0.0,0.0,4.6376,0.0,0.09348555654287338
3503.666666666667,0.0,0.0,4.6364,0.0,0.09349775314331055
3504.0,0.0,0.0,4.6368,0.0,0.0934949517250061
3504.3333333333335,0.0,0.0,4.6372,0.0,0.09349215775728226
3504.6666666666665,0.0,0.0,4.6368,0.0,0.0934969112277031
3505.0,0.0,0.0,4.6364,0.0,0.09350165724754333
3505.3333333333335,0.0,0.0,4.6368,0.0,0.09349890798330307
3505.6666666666665,0.0,0.0,4.6368,0.0,0.09349992871284485
3506.0,0.0,0.0,4.6364,0.0,0.09350470453500748
3506.3333333333335,0.0,0.0,4.6368,0.0,0.0935019701719284
3506.6666666666665,0.0,0.0,4.636,0.0,0.09351050108671188
3507.0,0.0,0.0,4.6372,0.0,0.0935002788901329
3507.3333333333335,0.0,0.0,4.6372,0.0,0.09350129961967468
3507.6666666666665,0.0,0.0,4.638,0.0,0.09349482506513596
3508.0,0.0,0.0,4.6368,0.0,0.09350711107254028
3508.3333333333335,0.0,0.0,4.6356,0.0,0.09351940453052521
3508.6666666666665,0.0,0.0,4.636,0.0,0.09351666271686554
3509.0,0.0,0.0,4.6352,0.0,0.09352520108222961
3509.333333333333,0.0,0.0,4.636,0.0,0.0935187116265297
3509.666666666667,0.0,0.0,4.6368,0.0,0.09351222217082977
3510.0,0.0,0.0,4.6376,0.0,0.09350571036338806
3510.333333333333,0.0,0.0,4.6368,0.0,0.09351424127817154
3510.666666666667,0.0,0.0,4.6364,0.0,0.09351900219917297
3511.0,0.0,0.0,4.636,0.0,0.09352376312017441
3511.3333333333335,0.0,0.0,4.6364,0.0,0.09352102130651474
3511.6666666666665,0.0,0.0,4.6372,0.0,0.09351450204849243
3512.0,0.0,0.0,4.6384,0.0,0.09350423514842987
3512.3333333333335,0.0,0.0,4.6388,0.0,0.09350147098302841
3512.6666666666665,0.0,0.0,4.6384,0.0,0.09350619465112686
3513.0,0.0,0.0,4.6376,0.0,0.09351467341184616
3513.3333333333335,0.0,0.0,4.638,0.0,0.09351187944412231
3513.6666666666665,0.0,0.0,4.6384,0.0,0.09350907802581787
3514.0,0.0,0.0,4.6376,0.0,0.09351754933595657
3514.3333333333335,0.0,0.0,4.638,0.0,0.09351472556591034
3514.6666666666665,0.0,0.0,4.6384,0.0,0.0935119092464447
3515.0,0.0,0.0,4.6388,0.0,0.09350907802581787
3515.3333333333335,0.0,0.0,4.6384,0.0,0.09351375699043274
3515.6666666666665,0.0,0.0,4.6384,0.0,0.09351468086242676
3516.0,0.0,0.0,4.639600000000001,0.0,0.09350434690713882
3516.333333333333,0.0,0.0,4.6388,0.0,0.09351276606321335
3516.666666666667,0.0,0.0,4.6404000000000005,0.0,0.09349866211414337
3517.0,0.0,0.0,4.6408000000000005,0.0,0.09349580109119415
3517.333333333333,0.0,0.0,4.6412,0.0,0.09349296241998672
3517.666666666667,0.0,0.0,4.640000000000001,0.0,0.09350511431694031
3518.0,0.0,0.0,4.6384,0.0,0.09352102130651474
3518.333333333333,0.0,0.0,4.6376,0.0,0.09352943301200867
3518.666666666667,0.0,0.0,4.6372,0.0,0.09353408217430115
3519.0,0.0,0.0,4.6376,0.0,0.09353119879961014
3519.3333333333335,0.0,0.0,4.638,0.0,0.09352830797433853
3519.6666666666665,0.0,0.0,4.6376,0.0,0.09353290498256683
3520.0,0.0,0.0,4.6376,0.0,0.09353373944759369
3520.3333333333335,0.0,0.0,4.6372,0.0,0.0935383215546608
3520.6666666666665,0.0,0.0,4.6372,0.0,0.09353913366794586
3521.0,0.0,0.0,4.638,0.0,0.09353242814540863
3521.3333333333335,0.0,0.0,4.638,0.0,0.0935332328081131
3521.6666666666665,0.0,0.0,4.638,0.0,0.09353403002023697
3522.0,0.0,0.0,4.6384,0.0,0.0935310572385788
3522.3333333333335,0.0,0.0,4.6376,0.0,0.09353937208652496
3522.6666666666665,0.0,0.0,4.6384,0.0,0.09353265911340714
3523.0,0.0,0.0,4.6384,0.0,0.0935334712266922
3523.3333333333335,0.0,0.0,4.6384,0.0,0.09353430569171906
3523.6666666666665,0.0,0.0,4.639600000000001,0.0,0.09352388978004456
3524.0,0.0,0.0,4.639200000000001,0.0,0.09352848678827286
3524.333333333333,0.0,0.0,4.6388,0.0,0.09353312104940414
3524.666666666667,0.0,0.0,4.638,0.0,0.09354152530431747
3525.0,0.0,0.0,4.6364,0.0,0.0935574620962143
3525.333333333333,0.0,0.0,4.636,0.0,0.09356214106082916
3525.666666666667,0.0,0.0,4.636,0.0,0.09356307983398438
3526.0,0.0,0.0,4.636,0.0,0.09356404095888138
3526.3333333333335,0.0,0.0,4.6376,0.0,0.09354997426271439
3526.6666666666665,0.0,0.0,4.6372,0.0,0.09355470538139343
3527.0,0.0,0.0,4.636,0.0,0.09356696903705597
3527.3333333333335,0.0,0.0,4.6356,0.0,0.093571737408638
3527.6666666666665,0.0,0.0,4.6372,0.0,0.09355770796537399
3528.0,0.0,0.0,4.6376,0.0,0.09355496615171432
3528.3333333333335,0.0,0.0,4.6384,0.0,0.09354846924543381
3528.6666666666665,0.0,0.0,4.638,0.0,0.09355325251817703
3529.0,0.0,0.0,4.6384,0.0,0.09355051815509796
3529.3333333333335,0.0,0.0,4.6384,0.0,0.09355152398347855
3529.6666666666665,0.0,0.0,4.6372,0.0,0.09356381744146347
3530.0,0.0,0.0,4.6368,0.0,0.0935685783624649
3530.3333333333335,0.0,0.0,4.6368,0.0,0.0935695692896843
3530.6666666666665,0.0,0.0,4.6376,0.0,0.093563012778759
3531.0,0.0,0.0,4.6368,0.0,0.09357147663831711
3531.333333333333,0.0,0.0,4.6364,0.0,0.09357617050409317
3531.666666666667,0.0,0.0,4.6356,0.0,0.0935845747590065
3532.0,0.0,0.0,4.6356,0.0,0.09358546137809753
3532.333333333333,0.0,0.0,4.636,0.0,0.09358256310224533
3532.666666666667,0.0,0.0,4.6364,0.0,0.09357964992523193
3533.0,0.0,0.0,4.6352,0.0,0.09359176456928253
3533.333333333333,0.0,0.0,4.6344,0.0,0.09360011667013168
3533.666666666667,0.0,0.0,4.6344,0.0,0.09360091388225555
3534.0,0.0,0.0,4.634,0.0,0.09360547363758087
3534.3333333333335,0.0,0.0,4.6344,0.0,0.09360247105360031
3534.6666666666665,0.0,0.0,4.634,0.0,0.09360699355602264
3535.0,0.0,0.0,4.6344,0.0,0.09360398352146149
3535.3333333333335,0.0,0.0,4.6348,0.0,0.09360095113515854
3535.6666666666665,0.0,0.0,4.634,0.0,0.09360920637845993
3536.0,0.0,0.0,4.634,0.0,0.09360992163419724
3536.3333333333335,0.0,0.0,4.634,0.0,0.09361062943935394
3536.6666666666665,0.0,0.0,4.6336,0.0,0.0936150848865509
3537.0,0.0,0.0,4.6328000000000005,0.0,0.09362329542636871
3537.3333333333335,0.0,0.0,4.6328000000000005,0.0,0.09362396597862244
3537.6666666666665,0.0,0.0,4.634,0.0,0.09361333400011063
3538.0,0.0,0.0,4.6348,0.0,0.09360645711421967
3538.3333333333335,0.0,0.0,4.6348,0.0,0.0936071053147316
3538.6666666666665,0.0,0.0,4.636,0.0,0.0935964360833168
3539.0,0.0,0.0,4.6352,0.0,0.09360458701848984
3539.333333333333,0.0,0.0,4.6352,0.0,0.09360519796609879
3539.666666666667,0.0,0.0,4.6364,0.0,0.09359453618526459
3540.0,0.0,0.0,4.6364,0.0,0.09359515458345413
3540.333333333333,0.0,0.0,4.636,0.0,0.09359954297542572
3540.666666666667,0.0,0.0,4.6368,0.0,0.09359265118837357
3541.0,0.0,0.0,4.6372,0.0,0.09358952939510345
3541.3333333333335,0.0,0.0,4.6384,0.0,0.09357889741659164
3541.6666666666665,0.0,0.0,4.638,0.0,0.09358329325914383
3542.0,0.0,0.0,4.636,0.0,0.093602754175663
3542.3333333333335,0.0,0.0,4.6364,0.0,0.09359967708587646
3542.6666666666665,0.0,0.0,4.6376,0.0,0.09358908981084824
3543.0,0.0,0.0,4.6376,0.0,0.09358979761600494
3543.3333333333335,0.0,0.0,4.6384,0.0,0.09358302503824234
3543.6666666666665,0.0,0.0,4.639600000000001,0.0,0.09357251971960068
3544.0,0.0,0.0,4.6408000000000005,0.0,0.0935620442032814
3544.3333333333335,0.0,0.0,4.6408000000000005,0.0,0.09356287866830826
3544.6666666666665,0.0,0.0,4.6412,0.0,0.09355996549129486
3545.0,0.0,0.0,4.6408000000000005,0.0,0.09356459230184555
3545.3333333333335,0.0,0.0,4.6408000000000005,0.0,0.09356548637151718
3545.6666666666665,0.0,0.0,4.6412,0.0,0.09356264770030975
3546.0,0.0,0.0,4.6408000000000005,0.0,0.09356734901666641
3546.333333333333,0.0,0.0,4.6404000000000005,0.0,0.09357204288244247
3546.666666666667,0.0,0.0,4.6404000000000005,0.0,0.09357302635908127
3547.0,0.0,0.0,4.6412,0.0,0.09356652200222015
3547.333333333333,0.0,0.0,4.642,0.0,0.09356003999710083
3547.666666666667,0.0,0.0,4.6424,0.0,0.09355733543634415
3548.0,0.0,0.0,4.6424,0.0,0.09355838596820831
3548.333333333333,0.0,0.0,4.6424,0.0,0.09355945885181427
3548.666666666667,0.0,0.0,4.6432,0.0,0.09355303645133972
3549.0,0.0,0.0,4.644,0.0,0.09354659169912338
3549.3333333333335,0.0,0.0,4.644,0.0,0.09354766458272934
3549.6666666666665,0.0,0.0,4.644,0.0,0.0935487374663353
3550.0,0.0,0.0,4.644,0.0,0.09354981034994125
3550.3333333333335,0.0,0.0,4.6436,0.0,0.09355461597442627
3550.6666666666665,0.0,0.0,4.644,0.0,0.09355191141366959
3551.0,0.0,0.0,4.6428,0.0,0.09356420487165451
3551.3333333333335,0.0,0.0,4.6412,0.0,0.09358026087284088
3551.6666666666665,0.0,0.0,4.6404000000000005,0.0,0.09358880668878555
3552.0,0.0,0.0,4.6408000000000005,0.0,0.09358608722686768
3552.3333333333335,0.0,0.0,4.6412,0.0,0.09358334541320801
3552.6666666666665,0.0,0.0,4.6408000000000005,0.0,0.09358808398246765
3553.0,0.0,0.0,4.6408000000000005,0.0,0.09358906000852585
3553.3333333333335,0.0,0.0,4.6408000000000005,0.0,0.09359002858400345
3553.6666666666665,0.0,0.0,4.6408000000000005,0.0,0.09359097480773926
3554.0,0.0,0.0,4.6412,0.0,0.09358815103769302
3554.333333333333,0.0,0.0,4.6408000000000005,0.0,0.09359283000230789
3554.666666666667,0.0,0.0,4.6412,0.0,0.09358996152877808
3555.0,0.0,0.0,4.6416,0.0,0.09358710050582886
3555.333333333333,0.0,0.0,4.6424,0.0,0.093580462038517
3555.666666666667,0.0,0.0,4.6432,0.0,0.09357379376888275
3556.0,0.0,0.0,4.6424,0.0,0.0935821458697319
3556.3333333333335,0.0,0.0,4.642,0.0,0.09358672052621841
3556.6666666666665,0.0,0.0,4.6412,0.0,0.09359503537416458
3557.0,0.0,0.0,4.6404000000000005,0.0,0.09360333532094955
3557.3333333333335,0.0,0.0,4.6412,0.0,0.09359659254550934
3557.6666666666665,0.0,0.0,4.6404000000000005,0.0,0.09360487759113312
3558.0,0.0,0.0,4.640000000000001,0.0,0.09360937774181366
3558.3333333333335,0.0,0.0,4.640000000000001,0.0,0.09361010044813156
3558.6666666666665,0.0,0.0,4.639600000000001,0.0,0.09361457079648972
3559.0,0.0,0.0,4.6384,0.0,0.09362655133008957
3559.3333333333335,0.0,0.0,4.6372,0.0,0.09363853186368942
3559.6666666666665,0.0,0.0,4.636,0.0,0.09365049004554749
3560.0,0.0,0.0,4.6372,0.0,0.09363985806703568
3560.3333333333335,0.0,0.0,4.6372,0.0,0.0936405137181282
3560.6666666666665,0.0,0.0,4.6368,0.0,0.09364492446184158
3561.0,0.0,0.0,4.6364,0.0,0.09364932030439377
3561.333333333333,0.0,0.0,4.6364,0.0,0.0936499536037445
3561.666666666667,0.0,0.0,4.6376,0.0,0.09363927692174911
3562.0,0.0,0.0,4.6372,0.0,0.09364365041255951
3562.333333333333,0.0,0.0,4.6384,0.0,0.09363298118114471
3562.666666666667,0.0,0.0,4.6376,0.0,0.09364113211631775
3563.0,0.0,0.0,4.6376,0.0,0.09364177286624908
3563.333333333333,0.0,0.0,4.6368,0.0,0.0936499610543251
3563.666666666667,0.0,0.0,4.6372,0.0,0.09364686161279678
3564.0,0.0,0.0,4.6376,0.0,0.09364376217126846
3564.3333333333335,0.0,0.0,4.6388,0.0,0.09363317489624023
3564.6666666666665,0.0,0.0,4.639600000000001,0.0,0.09362636506557465
3565.0,0.0,0.0,4.6404000000000005,0.0,0.09361956268548965
3565.3333333333335,0.0,0.0,4.6416,0.0,0.0936090350151062
3565.6666666666665,0.0,0.0,4.6424,0.0,0.09360229969024658
3566.0,0.0,0.0,4.6428,0.0,0.093599334359169
3566.3333333333335,0.0,0.0,4.6416,0.0,0.09361138939857483
3566.6666666666665,0.0,0.0,4.6408000000000005,0.0,0.09361972659826279
3567.0,0.0,0.0,4.6416,0.0,0.09361304342746735
3567.3333333333335,0.0,0.0,4.642,0.0,0.09361012279987335
3567.6666666666665,0.0,0.0,4.6424,0.0,0.09360723197460175
3568.0,0.0,0.0,4.642,0.0,0.09361184388399124
3568.3333333333335,0.0,0.0,4.6428,0.0,0.09360522031784058
3568.6666666666665,0.0,0.0,4.6428,0.0,0.09360608458518982
3569.0,0.0,0.0,4.6432,0.0,0.09360321611166
3569.333333333333,0.0,0.0,4.6428,0.0,0.09360786527395248
3569.666666666667,0.0,0.0,4.6432,0.0,0.09360500425100327
3570.0,0.0,0.0,4.6428,0.0,0.09360967576503754
3570.333333333333,0.0,0.0,4.644,0.0,0.09359929710626602
3570.666666666667,0.0,0.0,4.6436,0.0,0.0936039537191391
3571.0,0.0,0.0,4.6452,0.0,0.09358984977006912
3571.3333333333335,0.0,0.0,4.646,0.0,0.09358323365449905
3571.6666666666665,0.0,0.0,4.646,0.0,0.09358411282300949
3572.0,0.0,0.0,4.6456,0.0,0.09358873218297958
3572.3333333333335,0.0,0.0,4.6456,0.0,0.09358958899974823
3572.6666666666665,0.0,0.0,4.6452,0.0,0.09359420090913773
3573.0,0.0,0.0,4.6456,0.0,0.09359126538038254
3573.3333333333335,0.0,0.0,4.646,0.0,0.09358832985162735
3573.6666666666665,0.0,0.0,4.646,0.0,0.09358911961317062
3574.0,0.0,0.0,4.646,0.0,0.0935898944735527
3574.3333333333335,0.0,0.0,4.6464,0.0,0.09358690679073334
3574.6666666666665,0.0,0.0,4.6464,0.0,0.09358765929937363
3575.0,0.0,0.0,4.647600000000001,0.0,0.09357713162899017
3575.3333333333335,0.0,0.0,4.646,0.0,0.09359288215637207
3575.6666666666665,0.0,0.0,4.6452,0.0,0.09360111504793167
3576.0,0.0,0.0,4.646,0.0,0.09359432011842728
3576.333333333333,0.0,0.0,4.6464,0.0,0.09359126538038254
3576.666666666667,0.0,0.0,4.6464,0.0,0.09359196573495865
3577.0,0.0,0.0,4.6464,0.0,0.09359265863895416
3577.333333333333,0.0,0.0,4.6456,0.0,0.09360085427761078
3577.666666666667,0.0,0.0,4.646,0.0,0.09359779953956604
3578.0,0.0,0.0,4.6456,0.0,0.0936022400856018
3578.333333333333,0.0,0.0,4.644,0.0,0.09361793845891953
3578.666666666667,0.0,0.0,4.644,0.0,0.09361863881349564
3579.0,0.0,0.0,4.6452,0.0,0.0936080664396286
3579.3333333333335,0.0,0.0,4.6444,0.0,0.09361628443002701
3579.6666666666665,0.0,0.0,4.6432,0.0,0.09362826496362686
3580.0,0.0,0.0,4.644,0.0,0.09362146258354187
3580.3333333333335,0.0,0.0,4.6444,0.0,0.09361843764781952
3580.6666666666665,0.0,0.0,4.6452,0.0,0.09361165016889572
3581.0,0.0,0.0,4.6452,0.0,0.09361238032579422
3581.3333333333335,0.0,0.0,4.6448,0.0,0.09361688792705536
3581.6666666666665,0.0,0.0,4.6452,0.0,0.0936138778924942
3582.0,0.0,0.0,4.6448,0.0,0.09361840784549713
3582.3333333333335,0.0,0.0,4.6448,0.0,0.09361916035413742
3582.6666666666665,0.0,0.0,4.6452,0.0,0.09361616522073746
3583.0,0.0,0.0,4.6456,0.0,0.09361319243907928
3583.3333333333335,0.0,0.0,4.6464,0.0,0.09360647201538086
3583.6666666666665,0.0,0.0,4.646,0.0,0.09361100196838379
3584.0,0.0,0.0,4.647200000000001,0.0,0.09360052645206451
3584.333333333333,0.0,0.0,4.6452,0.0,0.09362009167671204
3584.666666666667,0.0,0.0,4.646,0.0,0.09361336380243301
3585.0,0.0,0.0,4.647200000000001,0.0,0.09360290318727493
3585.333333333333,0.0,0.0,4.6468,0.0,0.09360749274492264
3585.666666666667,0.0,0.0,4.647200000000001,0.0,0.09360454231500626
3586.0,0.0,0.0,4.6456,0.0,0.0936204046010971
3586.3333333333335,0.0,0.0,4.6452,0.0,0.09362497925758362
3586.6666666666665,0.0,0.0,4.6452,0.0,0.09362580627202988
3587.0,0.0,0.0,4.6448,0.0,0.09363038837909698
3587.3333333333335,0.0,0.0,4.6452,0.0,0.0936274453997612
3587.6666666666665,0.0,0.0,4.6436,0.0,0.09364329278469086
3588.0,0.0,0.0,4.6432,0.0,0.09364786744117737
3588.3333333333335,0.0,0.0,4.6428,0.0,0.09365243464708328
3588.6666666666665,0.0,0.0,4.642,0.0,0.09366075694561005
3589.0,0.0,0.0,4.642,0.0,0.09366156905889511
3589.3333333333335,0.0,0.0,4.6416,0.0,0.09366612881422043
3589.6666666666665,0.0,0.0,4.642,0.0,0.09366315603256226
3590.0,0.0,0.0,4.6428,0.0,0.09365644305944443
3590.3333333333335,0.0,0.0,4.6416,0.0,0.09366851300001144
3590.6666666666665,0.0,0.0,4.6416,0.0,0.09366931766271591
3591.0,0.0,0.0,4.6404000000000005,0.0,0.09368139505386353
3591.333333333333,0.0,0.0,4.6408000000000005,0.0,0.09367841482162476
3591.666666666667,0.0,0.0,4.6412,0.0,0.09367544203996658
3592.0,0.0,0.0,4.6412,0.0,0.09367625415325165
3592.333333333333,0.0,0.0,4.642,0.0,0.09366953372955322
3592.666666666667,0.0,0.0,4.6416,0.0,0.09367410093545914
3593.0,0.0,0.0,4.6428,0.0,0.09366362541913986
3593.333333333333,0.0,0.0,4.6428,0.0,0.09366443753242493
3593.666666666667,0.0,0.0,4.6432,0.0,0.09366149455308914
3594.0,0.0,0.0,4.6428,0.0,0.09366607666015625
3594.3333333333335,0.0,0.0,4.6428,0.0,0.09366689622402191
3594.6666666666665,0.0,0.0,4.6428,0.0,0.09366772323846817
3595.0,0.0,0.0,4.6436,0.0,0.09366101771593094
3595.3333333333335,0.0,0.0,4.6436,0.0,0.0936618521809578
3595.6666666666665,0.0,0.0,4.6444,0.0,0.09365514665842056
3596.0,0.0,0.0,4.644,0.0,0.09365974366664886
3596.3333333333335,0.0,0.0,4.6436,0.0,0.09366434067487717
3596.6666666666665,0.0,0.0,4.644,0.0,0.09366142004728317
3597.0,0.0,0.0,4.644,0.0,0.09366226196289062
3597.3333333333335,0.0,0.0,4.6436,0.0,0.09366688132286072
3597.6666666666665,0.0,0.0,4.644,0.0,0.09366397559642792
3598.0,0.0,0.0,4.6432,0.0,0.09367235749959946
3598.3333333333335,0.0,0.0,4.6428,0.0,0.09367698431015015
3598.6666666666665,0.0,0.0,4.6424,0.0,0.09368161112070084
3599.0,0.0,0.0,4.6412,0.0,0.09369377791881561
3599.333333333333,0.0,0.0,4.6412,0.0,0.09369464218616486
3599.666666666667,0.0,0.0,4.6432,0.0,0.09367667883634567
3600.0,0.0,0.0,4.6436,0.0,0.09367378801107407
3600.333333333333,0.0,0.0,4.6448,0.0,0.09366337954998016
3600.666666666667,0.0,0.0,4.6444,0.0,0.09366799890995026
3601.0,0.0,0.0,4.644,0.0,0.09367262572050095
3601.3333333333335,0.0,0.0,4.6432,0.0,0.09368099272251129
3601.6666666666665,0.0,0.0,4.6436,0.0,0.0936780795454979
3602.0,0.0,0.0,4.644,0.0,0.0936751514673233
3602.3333333333335,0.0,0.0,4.644,0.0,0.09367595613002777
3602.6666666666665,0.0,0.0,4.6432,0.0,0.09368428587913513
3603.0,0.0,0.0,4.6432,0.0,0.09368506073951721
3603.3333333333335,0.0,0.0,4.6428,0.0,0.09368959069252014
3603.6666666666665,0.0,0.0,4.644,0.0,0.0936790406703949
3604.0,0.0,0.0,4.6444,0.0,0.09367600828409195
3604.3333333333335,0.0,0.0,4.6448,0.0,0.0936729684472084
3604.6666666666665,0.0,0.0,4.644,0.0,0.09368119388818741
3605.0,0.0,0.0,4.6436,0.0,0.09368564933538437
3605.3333333333335,0.0,0.0,4.6436,0.0,0.09368636459112167
3605.6666666666665,0.0,0.0,4.6428,0.0,0.09369457513093948
3606.0,0.0,0.0,4.6428,0.0,0.0936952605843544
3606.333333333333,0.0,0.0,4.6432,0.0,0.09369216114282608
3606.666666666667,0.0,0.0,4.6432,0.0,0.0936928316950798
3607.0,0.0,0.0,4.6424,0.0,0.09370102733373642
3607.333333333333,0.0,0.0,4.6432,0.0,0.09369415789842606
3607.666666666667,0.0,0.0,4.6428,0.0,0.09369859099388123
3608.0,0.0,0.0,4.6408000000000005,0.0,0.09371808916330338
3608.333333333333,0.0,0.0,4.6412,0.0,0.09371498972177505
3608.666666666667,0.0,0.0,4.6404000000000005,0.0,0.09372318536043167
3609.0,0.0,0.0,4.6404000000000005,0.0,0.09372386336326599
3609.3333333333335,0.0,0.0,4.6404000000000005,0.0,0.09372454881668091
3609.6666666666665,0.0,0.0,4.6412,0.0,0.09371767938137054
3610.0,0.0,0.0,4.6412,0.0,0.09371837228536606
3610.3333333333335,0.0,0.0,4.6412,0.0,0.09371905773878098
3610.6666666666665,0.0,0.0,4.642,0.0,0.0937122255563736
3611.0,0.0,0.0,4.6416,0.0,0.09371669590473175
3611.3333333333335,0.0,0.0,4.6428,0.0,0.09370611608028412
3611.6666666666665,0.0,0.0,4.6432,0.0,0.09370306879281998
3612.0,0.0,0.0,4.6432,0.0,0.09370380640029907
3612.3333333333335,0.0,0.0,4.644,0.0,0.09369701892137527
3612.6666666666665,0.0,0.0,4.6436,0.0,0.09370153397321701
3613.0,0.0,0.0,4.644,0.0,0.09369854629039764
3613.3333333333335,0.0,0.0,4.644,0.0,0.09369929879903793
3613.6666666666665,0.0,0.0,4.6432,0.0,0.0937075987458229
3614.0,0.0,0.0,4.644,0.0,0.0937008336186409
3614.333333333333,0.0,0.0,4.6436,0.0,0.09370537102222443
3614.666666666667,0.0,0.0,4.6428,0.0,0.0937136709690094
3615.0,0.0,0.0,4.6424,0.0,0.09371821582317352
3615.333333333333,0.0,0.0,4.6404000000000005,0.0,0.09373782575130463
3615.666666666667,0.0,0.0,4.6404000000000005,0.0,0.0937386155128479
3616.0,0.0,0.0,4.639600000000001,0.0,0.09374693781137466
3616.3333333333335,0.0,0.0,4.639200000000001,0.0,0.09375150501728058
3616.6666666666665,0.0,0.0,4.6388,0.0,0.0937560647726059
3617.0,0.0,0.0,4.639200000000001,0.0,0.09375306963920593
3617.3333333333335,0.0,0.0,4.6388,0.0,0.09375762194395065
3617.6666666666665,0.0,0.0,4.6404000000000005,0.0,0.09374331682920456
3618.0,0.0,0.0,4.639600000000001,0.0,0.09375163912773132
3618.3333333333335,0.0,0.0,4.640000000000001,0.0,0.09374865144491196
3618.6666666666665,0.0,0.0,4.6412,0.0,0.09373810887336731
3619.0,0.0,0.0,4.642,0.0,0.0937313511967659
3619.3333333333335,0.0,0.0,4.642,0.0,0.09373212605714798
3619.6666666666665,0.0,0.0,4.642,0.0,0.09373291581869125
3620.0,0.0,0.0,4.6412,0.0,0.09374122321605682
3620.3333333333335,0.0,0.0,4.6412,0.0,0.0937420129776001
3620.6666666666665,0.0,0.0,4.6404000000000005,0.0,0.09375035017728806
3621.0,0.0,0.0,4.639600000000001,0.0,0.09375869482755661
3621.333333333333,0.0,0.0,4.639600000000001,0.0,0.09375950694084167
3621.666666666667,0.0,0.0,4.639600000000001,0.0,0.09376031160354614
3622.0,0.0,0.0,4.639600000000001,0.0,0.093761146068573
3622.333333333333,0.0,0.0,4.639600000000001,0.0,0.09376197308301926
3622.666666666667,0.0,0.0,4.6388,0.0,0.09377037733793259
3623.0,0.0,0.0,4.6388,0.0,0.09377121180295944
3623.333333333333,0.0,0.0,4.639200000000001,0.0,0.09376828372478485
3623.666666666667,0.0,0.0,4.6404000000000005,0.0,0.09375781565904617
3624.0,0.0,0.0,4.6412,0.0,0.09375112503767014
3624.3333333333335,0.0,0.0,4.6424,0.0,0.09374067187309265
3624.6666666666665,0.0,0.0,4.6428,0.0,0.09373775869607925
3625.0,0.0,0.0,4.6436,0.0,0.09373109042644501
3625.3333333333335,0.0,0.0,4.6428,0.0,0.09373947978019714
3625.6666666666665,0.0,0.0,4.6432,0.0,0.09373657405376434
3626.0,0.0,0.0,4.6436,0.0,0.09373366087675095
3626.3333333333335,0.0,0.0,4.644,0.0,0.09373074024915695
3626.6666666666665,0.0,0.0,4.6448,0.0,0.09372404217720032
3627.0,0.0,0.0,4.644,0.0,0.09373240172863007
3627.3333333333335,0.0,0.0,4.644,0.0,0.09373322874307632
3627.6666666666665,0.0,0.0,4.6448,0.0,0.0937265157699585
3628.0,0.0,0.0,4.6456,0.0,0.09371978044509888
3628.3333333333335,0.0,0.0,4.6448,0.0,0.09372811019420624
3628.6666666666665,0.0,0.0,4.6456,0.0,0.09372136741876602
3629.0,0.0,0.0,4.6444,0.0,0.09373342245817184
3629.333333333333,0.0,0.0,4.6432,0.0,0.09374549984931946
3629.666666666667,0.0,0.0,4.6436,0.0,0.0937424823641777
3630.0,0.0,0.0,4.6432,0.0,0.09374698996543884
3630.333333333333,0.0,0.0,4.6424,0.0,0.09375526756048203
3630.666666666667,0.0,0.0,4.6428,0.0,0.09375222772359848
3631.0,0.0,0.0,4.6436,0.0,0.0937453955411911
3631.3333333333335,0.0,0.0,4.6432,0.0,0.09374989569187164
3631.6666666666665,0.0,0.0,4.644,0.0,0.09374307096004486
3632.0,0.0,0.0,4.6436,0.0,0.09374754130840302
3632.3333333333335,0.0,0.0,4.6436,0.0,0.09374825656414032
3632.6666666666665,0.0,0.0,4.6428,0.0,0.09375649690628052
3633.0,0.0,0.0,4.6432,0.0,0.09375344961881638
3633.3333333333335,0.0,0.0,4.6444,0.0,0.09374286234378815
3633.6666666666665,0.0,0.0,4.644,0.0,0.0937473475933075
3634.0,0.0,0.0,4.6452,0.0,0.09373677521944046
3634.3333333333335,0.0,0.0,4.6444,0.0,0.09374503791332245
3634.6666666666665,0.0,0.0,4.6444,0.0,0.09374577552080154
3635.0,0.0,0.0,4.6432,0.0,0.09375783801078796
3635.3333333333335,0.0,0.0,4.6432,0.0,0.09375858306884766
3635.6666666666665,0.0,0.0,4.6432,0.0,0.09375933557748795
3636.0,0.0,0.0,4.6428,0.0,0.09376387298107147
3636.333333333333,0.0,0.0,4.6448,0.0,0.09374580532312393
3636.666666666667,0.0,0.0,4.6448,0.0,0.093746617436409
3637.0,0.0,0.0,4.6456,0.0,0.09373988956212997
3637.333333333333,0.0,0.0,4.6452,0.0,0.09374447166919708
3637.666666666667,0.0,0.0,4.646,0.0,0.09373778849840164
3638.0,0.0,0.0,4.6452,0.0,0.09374615550041199
3638.333333333333,0.0,0.0,4.646,0.0,0.09373947232961655
3638.666666666667,0.0,0.0,4.6452,0.0,0.09374784678220749
3639.0,0.0,0.0,4.6456,0.0,0.09374493360519409
3639.3333333333335,0.0,0.0,4.646,0.0,0.0937420055270195
3639.6666666666665,0.0,0.0,4.647200000000001,0.0,0.09373153746128082
3640.0,0.0,0.0,4.647200000000001,0.0,0.09373235702514648
3640.3333333333335,0.0,0.0,4.647600000000001,0.0,0.0937293991446495
3640.6666666666665,0.0,0.0,4.647200000000001,0.0,0.09373394399881363
3641.0,0.0,0.0,4.647600000000001,0.0,0.09373093396425247
3641.3333333333335,0.0,0.0,4.647600000000001,0.0,0.09373165667057037
3641.6666666666665,0.0,0.0,4.647600000000001,0.0,0.09373235702514648
3642.0,0.0,0.0,4.647200000000001,0.0,0.09373680502176285
3642.3333333333335,0.0,0.0,4.647600000000001,0.0,0.09373369812965393
3642.6666666666665,0.0,0.0,4.648000000000001,0.0,0.09373056888580322
3643.0,0.0,0.0,4.6484000000000005,0.0,0.09372741729021072
3643.3333333333335,0.0,0.0,4.6496,0.0,0.09371671080589294
3643.6666666666665,0.0,0.0,4.6492,0.0,0.09372103214263916
3644.0,0.0,0.0,4.6496,0.0,0.09371783584356308
3644.333333333333,0.0,0.0,4.6496,0.0,0.09371837228536606
3644.666666666667,0.0,0.0,4.6496,0.0,0.09371889382600784
3645.0,0.0,0.0,4.6496,0.0,0.09371942281723022
3645.333333333333,0.0,0.0,4.6512,0.0,0.09370487928390503
3645.666666666667,0.0,0.0,4.6492,0.0,0.09372418373823166
3646.0,0.0,0.0,4.6484000000000005,0.0,0.09373223036527634
3646.3333333333335,0.0,0.0,4.647600000000001,0.0,0.09374026209115982
3646.6666666666665,0.0,0.0,4.6468,0.0,0.0937483087182045
3647.0,0.0,0.0,4.6468,0.0,0.09374882280826569
3647.3333333333335,0.0,0.0,4.647200000000001,0.0,0.09374558925628662
3647.6666666666665,0.0,0.0,4.648000000000001,0.0,0.0937386155128479
3648.0,0.0,0.0,4.647600000000001,0.0,0.09374292939901352
3648.3333333333335,0.0,0.0,4.6488000000000005,0.0,0.09373223036527634
3648.6666666666665,0.0,0.0,4.6484000000000005,0.0,0.09373659640550613
3649.0,0.0,0.0,4.6484000000000005,0.0,0.09373722970485687
3649.3333333333335,0.0,0.0,4.647600000000001,0.0,0.09374541789293289
3649.6666666666665,0.0,0.0,4.6468,0.0,0.09375361353158951
3650.0,0.0,0.0,4.647200000000001,0.0,0.09375054389238358
3650.3333333333335,0.0,0.0,4.646,0.0,0.09376254677772522
3650.6666666666665,0.0,0.0,4.6452,0.0,0.09377080947160721
3651.0,0.0,0.0,4.6444,0.0,0.09377910196781158
3651.333333333333,0.0,0.0,4.6448,0.0,0.09377609193325043
3651.666666666667,0.0,0.0,4.6456,0.0,0.09376934170722961
3652.0,0.0,0.0,4.6464,0.0,0.0937625914812088
3652.333333333333,0.0,0.0,4.646,0.0,0.09376717358827591
3652.666666666667,0.0,0.0,4.6456,0.0,0.09377175569534302
3653.0,0.0,0.0,4.6452,0.0,0.09377638250589371
3653.333333333333,0.0,0.0,4.646,0.0,0.09376969188451767
3653.666666666667,0.0,0.0,4.646,0.0,0.09377055615186691
3654.0,0.0,0.0,4.646,0.0,0.09377142786979675
3654.3333333333335,0.0,0.0,4.646,0.0,0.093772292137146
3654.6666666666665,0.0,0.0,4.6468,0.0,0.09376563876867294
3655.0,0.0,0.0,4.647600000000001,0.0,0.0937589704990387
3655.3333333333335,0.0,0.0,4.647600000000001,0.0,0.09375984221696854
3655.6666666666665,0.0,0.0,4.646,0.0,0.09377579391002655
3656.0,0.0,0.0,4.6452,0.0,0.09378418326377869
3656.3333333333335,0.0,0.0,4.646,0.0,0.09377749264240265
3656.6666666666665,0.0,0.0,4.647200000000001,0.0,0.09376703202724457
3657.0,0.0,0.0,4.6484000000000005,0.0,0.09375657886266708
3657.3333333333335,0.0,0.0,4.648000000000001,0.0,0.0937611535191536
3657.6666666666665,0.0,0.0,4.6492,0.0,0.09375066310167313
3658.0,0.0,0.0,4.6504,0.0,0.09374017268419266
3658.3333333333335,0.0,0.0,4.6496,0.0,0.09374846518039703
3658.6666666666665,0.0,0.0,4.65,0.0,0.09374546259641647
3659.0,0.0,0.0,4.65,0.0,0.09374620020389557
3659.333333333333,0.0,0.0,4.6496,0.0,0.09375067055225372
3659.666666666667,0.0,0.0,4.6504,0.0,0.09374384582042694
3660.0,0.0,0.0,4.65,0.0,0.0937483161687851
3660.333333333333,0.0,0.0,4.6504,0.0,0.09374525398015976
3660.666666666667,0.0,0.0,4.6512,0.0,0.09373840689659119
3661.0,0.0,0.0,4.6508,0.0,0.09374283999204636
3661.3333333333335,0.0,0.0,4.6516,0.0,0.09373597800731659
3661.6666666666665,0.0,0.0,4.6524,0.0,0.09372911602258682
3662.0,0.0,0.0,4.6512,0.0,0.09374105930328369
3662.3333333333335,0.0,0.0,4.65,0.0,0.09375300258398056
3662.6666666666665,0.0,0.0,4.6504,0.0,0.09374989569187164
3663.0,0.0,0.0,4.65,0.0,0.09375432878732681
3663.3333333333335,0.0,0.0,4.65,0.0,0.09375499933958054
3663.6666666666665,0.0,0.0,4.6508,0.0,0.09374815225601196
3664.0,0.0,0.0,4.6508,0.0,0.09374882280826569
3664.3333333333335,0.0,0.0,4.65,0.0,0.09375705569982529
3664.6666666666665,0.0,0.0,4.6492,0.0,0.09376528859138489
3665.0,0.0,0.0,4.65,0.0,0.0937584638595581
3665.3333333333335,0.0,0.0,4.6492,0.0,0.0937667116522789
3665.6666666666665,0.0,0.0,4.648000000000001,0.0,0.09377872198820114
3666.0,0.0,0.0,4.647600000000001,0.0,0.09378320723772049
3666.333333333333,0.0,0.0,4.647200000000001,0.0,0.09378769993782043
3666.666666666667,0.0,0.0,4.647600000000001,0.0,0.0937846377491951
3667.0,0.0,0.0,4.647200000000001,0.0,0.09378910809755325
3667.333333333333,0.0,0.0,4.648000000000001,0.0,0.09378226846456528
3667.666666666667,0.0,0.0,4.6488000000000005,0.0,0.0937754213809967
3668.0,0.0,0.0,4.6488000000000005,0.0,0.09377609938383102
3668.333333333333,0.0,0.0,4.6496,0.0,0.09376923739910126
3668.666666666667,0.0,0.0,4.6488000000000005,0.0,0.09377743303775787
3669.0,0.0,0.0,4.6492,0.0,0.09377433359622955
3669.3333333333335,0.0,0.0,4.6488000000000005,0.0,0.09377875924110413
3669.6666666666665,0.0,0.0,4.6496,0.0,0.09377188235521317
3670.0,0.0,0.0,4.6504,0.0,0.0937650054693222
3670.3333333333335,0.0,0.0,4.65,0.0,0.09376941621303558
3670.6666666666665,0.0,0.0,4.6492,0.0,0.093777596950531
3671.0,0.0,0.0,4.6496,0.0,0.0937744602560997
3671.3333333333335,0.0,0.0,4.6488000000000005,0.0,0.09378262609243393
3671.6666666666665,0.0,0.0,4.6484000000000005,0.0,0.09378702938556671
3672.0,0.0,0.0,4.648000000000001,0.0,0.0937914326786995
3672.3333333333335,0.0,0.0,4.648000000000001,0.0,0.09379206597805023
3672.6666666666665,0.0,0.0,4.647600000000001,0.0,0.09379644691944122
3673.0,0.0,0.0,4.647600000000001,0.0,0.09379704296588898
3673.3333333333335,0.0,0.0,4.647200000000001,0.0,0.09380142390727997
3673.6666666666665,0.0,0.0,4.6468,0.0,0.09380579739809036
3674.0,0.0,0.0,4.6468,0.0,0.09380641579627991
3674.333333333333,0.0,0.0,4.6468,0.0,0.09380703419446945
3674.666666666667,0.0,0.0,4.648000000000001,0.0,0.09379635751247406
3675.0,0.0,0.0,4.6468,0.0,0.09380830824375153
3675.333333333333,0.0,0.0,4.6468,0.0,0.09380895644426346
3675.666666666667,0.0,0.0,4.647600000000001,0.0,0.0938020646572113
3676.0,0.0,0.0,4.6484000000000005,0.0,0.09379521012306213
3676.3333333333335,0.0,0.0,4.648000000000001,0.0,0.0937996655702591
3676.6666666666665,0.0,0.0,4.6488000000000005,0.0,0.09379282593727112
3677.0,0.0,0.0,4.6492,0.0,0.09378976374864578
3677.3333333333335,0.0,0.0,4.6496,0.0,0.09378672391176224
3677.6666666666665,0.0,0.0,4.65,0.0,0.09378369897603989
3678.0,0.0,0.0,4.65,0.0,0.09378446638584137
3678.3333333333335,0.0,0.0,4.6508,0.0,0.09377771615982056
3678.6666666666665,0.0,0.0,4.6508,0.0,0.09377851337194443
3679.0,0.0,0.0,4.6512,0.0,0.09377557039260864
3679.3333333333335,0.0,0.0,4.6512,0.0,0.0937764123082161
3679.6666666666665,0.0,0.0,4.6508,0.0,0.09378103166818619
3680.0,0.0,0.0,4.6512,0.0,0.09377813339233398
3680.3333333333335,0.0,0.0,4.6508,0.0,0.09378279000520706
3680.6666666666665,0.0,0.0,4.6504,0.0,0.09378743916749954
3681.0,0.0,0.0,4.6496,0.0,0.09379587322473526
3681.333333333333,0.0,0.0,4.6504,0.0,0.0937892273068428
3681.666666666667,0.0,0.0,4.6512,0.0,0.09378260374069214
3682.0,0.0,0.0,4.652,0.0,0.09377598762512207
3682.333333333333,0.0,0.0,4.652,0.0,0.0937768816947937
3682.666666666667,0.0,0.0,4.6516,0.0,0.09378153085708618
3683.0,0.0,0.0,4.6512,0.0,0.09378617256879807
3683.333333333333,0.0,0.0,4.6512,0.0,0.0937870591878891
3683.666666666667,0.0,0.0,4.6508,0.0,0.09379167854785919
3684.0,0.0,0.0,4.6508,0.0,0.09379254281520844
3684.3333333333335,0.0,0.0,4.6516,0.0,0.0937858372926712
3684.6666666666665,0.0,0.0,4.6504,0.0,0.0937979593873024
3685.0,0.0,0.0,4.65,0.0,0.09380252659320831
3685.3333333333335,0.0,0.0,4.6504,0.0,0.09379954636096954
3685.6666666666665,0.0,0.0,4.65,0.0,0.09380409866571426
3686.0,0.0,0.0,4.65,0.0,0.09380484372377396
3686.3333333333335,0.0,0.0,4.6508,0.0,0.09379804134368896
3686.6666666666665,0.0,0.0,4.6496,0.0,0.0938100665807724
3687.0,0.0,0.0,4.6488000000000005,0.0,0.0938183143734932
3687.3333333333335,0.0,0.0,4.6496,0.0,0.09381146728992462
3687.6666666666665,0.0,0.0,4.65,0.0,0.0938083827495575
3688.0,0.0,0.0,4.6504,0.0,0.09380526840686798
3688.3333333333335,0.0,0.0,4.6504,0.0,0.09380592405796051
3688.6666666666665,0.0,0.0,4.6508,0.0,0.09380277991294861
3689.0,0.0,0.0,4.6512,0.0,0.0937996432185173
3689.333333333333,0.0,0.0,4.6508,0.0,0.0938040241599083
3689.666666666667,0.0,0.0,4.6496,0.0,0.09381593018770218
3690.0,0.0,0.0,4.6492,0.0,0.09382029622793198
3690.333333333333,0.0,0.0,4.6496,0.0,0.09381712973117828
3690.666666666667,0.0,0.0,4.6496,0.0,0.09381771087646484
3691.0,0.0,0.0,4.6496,0.0,0.0938182920217514
3691.3333333333335,0.0,0.0,4.65,0.0,0.09381510317325592
3691.6666666666665,0.0,0.0,4.6504,0.0,0.09381192922592163
3692.0,0.0,0.0,4.6496,0.0,0.09382003545761108
3692.3333333333335,0.0,0.0,4.6492,0.0,0.09382440149784088
3692.6666666666665,0.0,0.0,4.6516,0.0,0.09380239993333817
3693.0,0.0,0.0,4.6516,0.0,0.09380301833152771
3693.3333333333335,0.0,0.0,4.6524,0.0,0.09379611909389496
3693.6666666666665,0.0,0.0,4.6524,0.0,0.09379676729440689
3694.0,0.0,0.0,4.6532,0.0,0.09378987550735474
3694.3333333333335,0.0,0.0,4.6536,0.0,0.09378676861524582
3694.6666666666665,0.0,0.0,4.6532,0.0,0.0937911793589592
3695.0,0.0,0.0,4.6532,0.0,0.09379184991121292
3695.3333333333335,0.0,0.0,4.654,0.0,0.09378500282764435
3695.6666666666665,0.0,0.0,4.6528,0.0,0.09379696100950241
3696.0,0.0,0.0,4.6532,0.0,0.09379387646913528
3696.333333333333,0.0,0.0,4.6544,0.0,0.09378325194120407
3696.666666666667,0.0,0.0,4.654,0.0,0.09378770738840103
3697.0,0.0,0.0,4.6536,0.0,0.0937921553850174
3697.333333333333,0.0,0.0,4.6532,0.0,0.09379661083221436
3697.666666666667,0.0,0.0,4.6528,0.0,0.09380106627941132
3698.0,0.0,0.0,4.652,0.0,0.09380928426980972
3698.333333333333,0.0,0.0,4.6532,0.0,0.0937986671924591
3698.666666666667,0.0,0.0,4.6528,0.0,0.09380312263965607
3699.0,0.0,0.0,4.6532,0.0,0.09380005300045013
3699.3333333333335,0.0,0.0,4.6528,0.0,0.0938044935464859
3699.6666666666665,0.0,0.0,4.652,0.0,0.0938127264380455
3700.0,0.0,0.0,4.6524,0.0,0.09380963444709778
3700.3333333333335,0.0,0.0,4.6528,0.0,0.09380655735731125
3700.6666666666665,0.0,0.0,4.6532,0.0,0.09380347281694412
3701.0,0.0,0.0,4.6536,0.0,0.093800388276577
3701.3333333333335,0.0,0.0,4.6544,0.0,0.09379353374242783
3701.6666666666665,0.0,0.0,4.654,0.0,0.09379798918962479
3702.0,0.0,0.0,4.6544,0.0,0.09379491955041885
3702.3333333333335,0.0,0.0,4.6544,0.0,0.09379560500383377
3702.6666666666665,0.0,0.0,4.654,0.0,0.09380006790161133
3703.0,0.0,0.0,4.654,0.0,0.09380076825618744
3703.3333333333335,0.0,0.0,4.6536,0.0,0.093805231153965
3703.6666666666665,0.0,0.0,4.652,0.0,0.09382101893424988
3704.0,0.0,0.0,4.6516,0.0,0.09382551908493042
3704.333333333333,0.0,0.0,4.6516,0.0,0.09382624924182892
3704.666666666667,0.0,0.0,4.6524,0.0,0.09381944686174393
3705.0,0.0,0.0,4.6532,0.0,0.09381264448165894
3705.333333333333,0.0,0.0,4.6524,0.0,0.09382092952728271
3705.666666666667,0.0,0.0,4.652,0.0,0.09382544457912445
3706.0,0.0,0.0,4.6528,0.0,0.09381867200136185
3706.3333333333335,0.0,0.0,4.6524,0.0,0.09382321685552597
3706.6666666666665,0.0,0.0,4.6516,0.0,0.09383153170347214
3707.0,0.0,0.0,4.6512,0.0,0.09383608400821686
3707.3333333333335,0.0,0.0,4.6512,0.0,0.09383688122034073
3707.6666666666665,0.0,0.0,4.6508,0.0,0.09384144842624664
3708.0,0.0,0.0,4.6508,0.0,0.09384225308895111
3708.3333333333335,0.0,0.0,4.6512,0.0,0.09383929520845413
3708.6666666666665,0.0,0.0,4.6508,0.0,0.09384386986494064
3709.0,0.0,0.0,4.6512,0.0,0.09384091198444366
3709.3333333333335,0.0,0.0,4.6528,0.0,0.09382665902376175
3709.6666666666665,0.0,0.0,4.6532,0.0,0.09382372349500656
3710.0,0.0,0.0,4.6528,0.0,0.09382830560207367
3710.3333333333335,0.0,0.0,4.6536,0.0,0.09382160007953644
3710.6666666666665,0.0,0.0,4.6532,0.0,0.09382617473602295
3711.0,0.0,0.0,4.6524,0.0,0.09383450448513031
3711.333333333333,0.0,0.0,4.6516,0.0,0.09384282678365707
3711.666666666667,0.0,0.0,4.6524,0.0,0.09383606165647507
3712.0,0.0,0.0,4.6524,0.0,0.09383680671453476
3712.333333333333,0.0,0.0,4.6516,0.0,0.09384509176015854
3712.666666666667,0.0,0.0,4.6508,0.0,0.09385335445404053
3713.0,0.0,0.0,4.652,0.0,0.09384274482727051
3713.333333333333,0.0,0.0,4.6512,0.0,0.09385097026824951
3713.666666666667,0.0,0.0,4.652,0.0,0.09384410083293915
3714.0,0.0,0.0,4.6512,0.0,0.09385228902101517
3714.3333333333335,0.0,0.0,4.6512,0.0,0.0938529223203659
3714.6666666666665,0.0,0.0,4.6508,0.0,0.09385733306407928
3715.0,0.0,0.0,4.65,0.0,0.09386548399925232
3715.3333333333335,0.0,0.0,4.6488000000000005,0.0,0.09387741982936859
3715.6666666666665,0.0,0.0,4.648000000000001,0.0,0.09388557076454163
3716.0,0.0,0.0,4.648000000000001,0.0,0.09388615936040878
3716.3333333333335,0.0,0.0,4.6484000000000005,0.0,0.0938829705119133
3716.6666666666665,0.0,0.0,4.6488000000000005,0.0,0.0938798040151596
3717.0,0.0,0.0,4.6488000000000005,0.0,0.09388039261102676
3717.3333333333335,0.0,0.0,4.6492,0.0,0.09387720376253128
3717.6666666666665,0.0,0.0,4.6492,0.0,0.09387780725955963
3718.0,0.0,0.0,4.6496,0.0,0.09387463331222534
3718.3333333333335,0.0,0.0,4.6492,0.0,0.09387903660535812
3718.6666666666665,0.0,0.0,4.65,0.0,0.09387212246656418
3719.0,0.0,0.0,4.6512,0.0,0.09386146813631058
3719.333333333333,0.0,0.0,4.6516,0.0,0.09385836124420166
3719.666666666667,0.0,0.0,4.652,0.0,0.09385528415441513
3720.0,0.0,0.0,4.6516,0.0,0.09385975450277328
3720.333333333333,0.0,0.0,4.6516,0.0,0.09386046975851059
3720.666666666667,0.0,0.0,4.6516,0.0,0.0938611850142479
3721.0,0.0,0.0,4.6508,0.0,0.09386947005987167
3721.3333333333335,0.0,0.0,4.6504,0.0,0.09387397766113281
3721.6666666666665,0.0,0.0,4.6508,0.0,0.09387096762657166
3722.0,0.0,0.0,4.6504,0.0,0.09387549012899399
3722.3333333333335,0.0,0.0,4.6512,0.0,0.09386871010065079
3722.6666666666665,0.0,0.0,4.6508,0.0,0.09387323260307312
3723.0,0.0,0.0,4.6512,0.0,0.09387022256851196
3723.3333333333335,0.0,0.0,4.6516,0.0,0.0938672125339508
3723.6666666666665,0.0,0.0,4.6524,0.0,0.0938604325056076
3724.0,0.0,0.0,4.6524,0.0,0.09386119991540909
3724.3333333333335,0.0,0.0,4.6516,0.0,0.09386949986219406
3724.6666666666665,0.0,0.0,4.6528,0.0,0.09385894984006882
3725.0,0.0,0.0,4.652,0.0,0.09386726468801498
3725.3333333333335,0.0,0.0,4.652,0.0,0.09386803954839706
3725.6666666666665,0.0,0.0,4.6512,0.0,0.09387635439634323
3726.0,0.0,0.0,4.6512,0.0,0.09387710690498352
3726.333333333333,0.0,0.0,4.652,0.0,0.09387034177780151
3726.666666666667,0.0,0.0,4.6512,0.0,0.09387864917516708
3727.0,0.0,0.0,4.6508,0.0,0.09388318657875061
3727.333333333333,0.0,0.0,4.6504,0.0,0.09388770163059235
3727.666666666667,0.0,0.0,4.6504,0.0,0.09388844668865204
3728.0,0.0,0.0,4.6516,0.0,0.0938778668642044
3728.333333333333,0.0,0.0,4.652,0.0,0.09387481957674026
3728.666666666667,0.0,0.0,4.6516,0.0,0.09387931227684021
3729.0,0.0,0.0,4.6516,0.0,0.09388002008199692
3729.3333333333335,0.0,0.0,4.652,0.0,0.09387695044279099
3729.6666666666665,0.0,0.0,4.6508,0.0,0.09388895332813263
3730.0,0.0,0.0,4.6512,0.0,0.09388585388660431
3730.3333333333335,0.0,0.0,4.6512,0.0,0.09388651698827744
3730.6666666666665,0.0,0.0,4.6508,0.0,0.09389091283082962
3731.0,0.0,0.0,4.6504,0.0,0.0938953310251236
3731.3333333333335,0.0,0.0,4.6508,0.0,0.0938921719789505
3731.6666666666665,0.0,0.0,4.6508,0.0,0.09389278292655945
3732.0,0.0,0.0,4.6508,0.0,0.09389340132474899
3732.3333333333335,0.0,0.0,4.6496,0.0,0.09390532970428467
3732.6666666666665,0.0,0.0,4.6492,0.0,0.09390970319509506
3733.0,0.0,0.0,4.6488000000000005,0.0,0.09391406178474426
3733.3333333333335,0.0,0.0,4.6492,0.0,0.09391086548566818
3733.6666666666665,0.0,0.0,4.6488000000000005,0.0,0.09391521662473679
3734.0,0.0,0.0,4.6492,0.0,0.0939120203256607
3734.333333333333,0.0,0.0,4.6484000000000005,0.0,0.09392014890909195
3734.666666666667,0.0,0.0,4.6488000000000005,0.0,0.09391693770885468
3735.0,0.0,0.0,4.6504,0.0,0.09390241652727127
3735.333333333333,0.0,0.0,4.65,0.0,0.09390677511692047
3735.666666666667,0.0,0.0,4.65,0.0,0.09390735626220703
3736.0,0.0,0.0,4.6512,0.0,0.09389661252498627
3736.3333333333335,0.0,0.0,4.6512,0.0,0.09389720112085342
3736.6666666666665,0.0,0.0,4.6508,0.0,0.09390158206224442
3737.0,0.0,0.0,4.6508,0.0,0.09390217810869217
3737.3333333333335,0.0,0.0,4.6492,0.0,0.09391789138317108
3737.6666666666665,0.0,0.0,4.6492,0.0,0.09391852468252182
3738.0,0.0,0.0,4.6492,0.0,0.09391914308071136
3738.3333333333335,0.0,0.0,4.6492,0.0,0.0939197689294815
3738.6666666666665,0.0,0.0,4.6488000000000005,0.0,0.09392418712377548
3739.0,0.0,0.0,4.6492,0.0,0.09392104297876358
3739.3333333333335,0.0,0.0,4.6504,0.0,0.09391036629676819
3739.6666666666665,0.0,0.0,4.6496,0.0,0.0939185842871666
3740.0,0.0,0.0,4.65,0.0,0.09391547739505768
3740.3333333333335,0.0,0.0,4.6512,0.0,0.09390484541654587
3740.6666666666665,0.0,0.0,4.652,0.0,0.09389800578355789
3741.0,0.0,0.0,4.652,0.0,0.0938987284898758
3741.333333333333,0.0,0.0,4.6528,0.0,0.0938919186592102
3741.666666666667,0.0,0.0,4.6524,0.0,0.09389644116163254
3742.0,0.0,0.0,4.652,0.0,0.09390097856521606
3742.333333333333,0.0,0.0,4.6536,0.0,0.09388666599988937
3742.666666666667,0.0,0.0,4.6532,0.0,0.0938912183046341
3743.0,0.0,0.0,4.6544,0.0,0.09388071298599243
3743.333333333333,0.0,0.0,4.654,0.0,0.09388528764247894
3743.666666666667,0.0,0.0,4.6532,0.0,0.09389366954565048
3744.0,0.0,0.0,4.654,0.0,0.09388694912195206
3744.3333333333335,0.0,0.0,4.6532,0.0,0.093895323574543
3744.6666666666665,0.0,0.0,4.654,0.0,0.09388861805200577
3745.0,0.0,0.0,4.6548,0.0,0.09388191252946854
3745.3333333333335,0.0,0.0,4.655600000000001,0.0,0.0938752070069313
3745.6666666666665,0.0,0.0,4.6548,0.0,0.09388359636068344
3746.0,0.0,0.0,4.656000000000001,0.0,0.09387314319610596
3746.3333333333335,0.0,0.0,4.6568000000000005,0.0,0.09386646747589111
3746.6666666666665,0.0,0.0,4.656000000000001,0.0,0.09387485682964325
3747.0,0.0,0.0,4.6568000000000005,0.0,0.0938681811094284
3747.3333333333335,0.0,0.0,4.6564000000000005,0.0,0.0938728079199791
3747.6666666666665,0.0,0.0,4.655600000000001,0.0,0.09388118237257004
3748.0,0.0,0.0,4.6548,0.0,0.09388957917690277
3748.3333333333335,0.0,0.0,4.6536,0.0,0.09390174597501755
3748.6666666666665,0.0,0.0,4.6532,0.0,0.09390635043382645
3749.0,0.0,0.0,4.6536,0.0,0.09390342980623245
3749.333333333333,0.0,0.0,4.6536,0.0,0.0939042791724205
3749.666666666667,0.0,0.0,4.6532,0.0,0.09390889108181
3750.0,0.0,0.0,4.654,0.0,0.09390217065811157
3750.333333333333,0.0,0.0,4.6536,0.0,0.09390674531459808
3750.666666666667,0.0,0.0,4.6536,0.0,0.09390754252672195
3751.0,0.0,0.0,4.6544,0.0,0.09390076994895935
3751.3333333333335,0.0,0.0,4.6548,0.0,0.09389776736497879
3751.6666666666665,0.0,0.0,4.6536,0.0,0.0939098447561264
3752.0,0.0,0.0,4.654,0.0,0.09390680491924286
3752.3333333333335,0.0,0.0,4.6536,0.0,0.093911312520504
3752.6666666666665,0.0,0.0,4.6548,0.0,0.09390071779489517
3753.0,0.0,0.0,4.655600000000001,0.0,0.0938938781619072
3753.3333333333335,0.0,0.0,4.6552,0.0,0.09389835596084595
3753.6666666666665,0.0,0.0,4.655600000000001,0.0,0.09389525651931763
3754.0,0.0,0.0,4.658,0.0,0.09387335181236267
3754.3333333333335,0.0,0.0,4.6568000000000005,0.0,0.09388534724712372
3754.6666666666665,0.0,0.0,4.6576,0.0,0.09387848526239395
3755.0,0.0,0.0,4.6588,0.0,0.09386784583330154
3755.3333333333335,0.0,0.0,4.658,0.0,0.09387604147195816
3755.6666666666665,0.0,0.0,4.6576,0.0,0.09388045966625214
3756.0,0.0,0.0,4.658,0.0,0.09387732297182083
3756.333333333333,0.0,0.0,4.658,0.0,0.09387794882059097
3756.666666666667,0.0,0.0,4.6584,0.0,0.09387478232383728
3757.0,0.0,0.0,4.658,0.0,0.09387914836406708
3757.333333333333,0.0,0.0,4.6584,0.0,0.09387596696615219
3757.666666666667,0.0,0.0,4.6584,0.0,0.09387654811143875
3758.0,0.0,0.0,4.6584,0.0,0.09387712180614471
3758.333333333333,0.0,0.0,4.6576,0.0,0.09388521313667297
3758.666666666667,0.0,0.0,4.658,0.0,0.0938820093870163
3759.0,0.0,0.0,4.658,0.0,0.09388255327939987
3759.3333333333335,0.0,0.0,4.658,0.0,0.09388309717178345
3759.6666666666665,0.0,0.0,4.6576,0.0,0.09388741850852966
3760.0,0.0,0.0,4.658,0.0,0.09388419985771179
3760.3333333333335,0.0,0.0,4.6584,0.0,0.09388098120689392
3760.6666666666665,0.0,0.0,4.6592,0.0,0.0938740000128746
3761.0,0.0,0.0,4.6592,0.0,0.09387454390525818
3761.3333333333335,0.0,0.0,4.6596,0.0,0.09387132525444031
3761.6666666666665,0.0,0.0,4.6592,0.0,0.09387563169002533
3762.0,0.0,0.0,4.6596,0.0,0.09387239813804626
3762.3333333333335,0.0,0.0,4.6592,0.0,0.09387670457363129
3762.6666666666665,0.0,0.0,4.6596,0.0,0.09387347102165222
3763.0,0.0,0.0,4.6596,0.0,0.0938740074634552
3763.3333333333335,0.0,0.0,4.66,0.0,0.09387077391147614
3763.6666666666665,0.0,0.0,4.66,0.0,0.0938713401556015
3764.0,0.0,0.0,4.6592,0.0,0.09387941658496857
3764.333333333333,0.0,0.0,4.6584,0.0,0.09388752281665802
3764.666666666667,0.0,0.0,4.6576,0.0,0.09389561414718628
3765.0,0.0,0.0,4.6572000000000005,0.0,0.09389995783567429
3765.333333333333,0.0,0.0,4.658,0.0,0.09389300644397736
3765.666666666667,0.0,0.0,4.6604,0.0,0.09387098997831345
3766.0,0.0,0.0,4.6592,0.0,0.09388288855552673
3766.3333333333335,0.0,0.0,4.6608,0.0,0.0938684269785881
3766.6666666666665,0.0,0.0,4.6596,0.0,0.0938803181052208
3767.0,0.0,0.0,4.658,0.0,0.09389597922563553
3767.3333333333335,0.0,0.0,4.6588,0.0,0.0938890278339386
3767.6666666666665,0.0,0.0,4.658,0.0,0.09389715641736984
3768.0,0.0,0.0,4.6572000000000005,0.0,0.09390528500080109
3768.3333333333335,0.0,0.0,4.6584,0.0,0.09389456361532211
3768.6666666666665,0.0,0.0,4.658,0.0,0.09389891475439072
3769.0,0.0,0.0,4.6588,0.0,0.09389195591211319
3769.3333333333335,0.0,0.0,4.6596,0.0,0.09388498216867447
3769.6666666666665,0.0,0.0,4.6584,0.0,0.09389683604240417
3770.0,0.0,0.0,4.6584,0.0,0.09389737248420715
3770.3333333333335,0.0,0.0,4.6584,0.0,0.09389791637659073
3770.6666666666665,0.0,0.0,4.6584,0.0,0.09389844536781311
3771.0,0.0,0.0,4.6568000000000005,0.0,0.09391405433416367
3771.333333333333,0.0,0.0,4.6572000000000005,0.0,0.09391079843044281
3771.666666666667,0.0,0.0,4.656000000000001,0.0,0.09392263740301132
3772.0,0.0,0.0,4.6552,0.0,0.09393070638179779
3772.333333333333,0.0,0.0,4.654,0.0,0.0939425528049469
3772.666666666667,0.0,0.0,4.654,0.0,0.09394305944442749
3773.0,0.0,0.0,4.654,0.0,0.09394357353448868
3773.333333333333,0.0,0.0,4.6544,0.0,0.09394030272960663
3773.666666666667,0.0,0.0,4.6544,0.0,0.09394080936908722
3774.0,0.0,0.0,4.6544,0.0,0.09394130110740662
3774.3333333333335,0.0,0.0,4.6552,0.0,0.09393423795700073
3774.6666666666665,0.0,0.0,4.656000000000001,0.0,0.09392718970775604
3775.0,0.0,0.0,4.6564000000000005,0.0,0.09392392635345459
3775.3333333333335,0.0,0.0,4.6564000000000005,0.0,0.09392444789409637
3775.6666666666665,0.0,0.0,4.655600000000001,0.0,0.09393253177404404
3776.0,0.0,0.0,4.6552,0.0,0.09393686801195145
3776.3333333333335,0.0,0.0,4.656000000000001,0.0,0.09392987191677094
3776.6666666666665,0.0,0.0,4.6544,0.0,0.09394554793834686
3777.0,0.0,0.0,4.654,0.0,0.09394992887973785
3777.3333333333335,0.0,0.0,4.654,0.0,0.0939505398273468
3777.6666666666665,0.0,0.0,4.6548,0.0,0.09394361823797226
3778.0,0.0,0.0,4.655600000000001,0.0,0.09393671154975891
3778.3333333333335,0.0,0.0,4.655600000000001,0.0,0.09393735975027084
3778.6666666666665,0.0,0.0,4.6564000000000005,0.0,0.09393047541379929
3779.0,0.0,0.0,4.658,0.0,0.09391608834266663
3779.333333333333,0.0,0.0,4.6568000000000005,0.0,0.09392810612916946
3779.666666666667,0.0,0.0,4.6572000000000005,0.0,0.09392505139112473
3780.0,0.0,0.0,4.658,0.0,0.09391824901103973
3780.333333333333,0.0,0.0,4.6572000000000005,0.0,0.09392654895782471
3780.666666666667,0.0,0.0,4.6576,0.0,0.09392353147268295
3781.0,0.0,0.0,4.6584,0.0,0.09391676634550095
3781.3333333333335,0.0,0.0,4.6588,0.0,0.09391376376152039
3781.6666666666665,0.0,0.0,4.6588,0.0,0.09391454607248306
3782.0,0.0,0.0,4.6584,0.0,0.09391912072896957
3782.3333333333335,0.0,0.0,4.6584,0.0,0.09391991794109344
3782.6666666666665,0.0,0.0,4.6588,0.0,0.09391696006059647
3783.0,0.0,0.0,4.6584,0.0,0.09392153471708298
3783.3333333333335,0.0,0.0,4.6584,0.0,0.09392233937978745
3783.6666666666665,0.0,0.0,4.6572000000000005,0.0,0.09393445402383804
3784.0,0.0,0.0,4.6576,0.0,0.09393146634101868
3784.3333333333335,0.0,0.0,4.6584,0.0,0.09392473101615906
3784.6666666666665,0.0,0.0,4.6588,0.0,0.0939217358827591
3785.0,0.0,0.0,4.6588,0.0,0.09392253309488297
3785.3333333333335,0.0,0.0,4.6592,0.0,0.0939195454120636
3785.6666666666665,0.0,0.0,4.6596,0.0,0.09391655027866364
3786.0,0.0,0.0,4.66,0.0,0.09391356259584427
3786.333333333333,0.0,0.0,4.6592,0.0,0.09392186254262924
3786.666666666667,0.0,0.0,4.6564000000000005,0.0,0.09394904971122742
3787.0,0.0,0.0,4.6564000000000005,0.0,0.0939498022198677
3787.333333333333,0.0,0.0,4.6568000000000005,0.0,0.09394679218530655
3787.666666666667,0.0,0.0,4.6572000000000005,0.0,0.093943752348423
3788.0,0.0,0.0,4.6568000000000005,0.0,0.09394827485084534
3788.333333333333,0.0,0.0,4.656000000000001,0.0,0.09395657479763031
3788.666666666667,0.0,0.0,4.6568000000000005,0.0,0.09394976496696472
3789.0,0.0,0.0,4.656000000000001,0.0,0.09395807236433029
3789.3333333333335,0.0,0.0,4.6564000000000005,0.0,0.09395503997802734
3789.6666666666665,0.0,0.0,4.6568000000000005,0.0,0.0939520075917244
3790.0,0.0,0.0,4.6568000000000005,0.0,0.0939527302980423
3790.3333333333335,0.0,0.0,4.6568000000000005,0.0,0.0939534455537796
3790.6666666666665,0.0,0.0,4.656000000000001,0.0,0.09396171569824219
3791.0,0.0,0.0,4.6568000000000005,0.0,0.09395488351583481
3791.3333333333335,0.0,0.0,4.6568000000000005,0.0,0.09395558387041092
3791.6666666666665,0.0,0.0,4.6568000000000005,0.0,0.09395629167556763
3792.0,0.0,0.0,4.6572000000000005,0.0,0.0939532220363617
3792.3333333333335,0.0,0.0,4.6568000000000005,0.0,0.09395769238471985
3792.6666666666665,0.0,0.0,4.6564000000000005,0.0,0.0939621552824974
3793.0,0.0,0.0,4.6568000000000005,0.0,0.09395907819271088
3793.3333333333335,0.0,0.0,4.6572000000000005,0.0,0.09395598620176315
3793.6666666666665,0.0,0.0,4.6572000000000005,0.0,0.09395668655633926
3794.0,0.0,0.0,4.658,0.0,0.0939498171210289
3794.333333333333,0.0,0.0,4.6588,0.0,0.09394295513629913
3794.666666666667,0.0,0.0,4.658,0.0,0.09395118057727814
3795.0,0.0,0.0,4.6572000000000005,0.0,0.09395940601825714
3795.333333333333,0.0,0.0,4.6584,0.0,0.09394875168800354
3795.666666666667,0.0,0.0,4.6596,0.0,0.09393809735774994
3796.0,0.0,0.0,4.6596,0.0,0.09393876045942307
3796.3333333333335,0.0,0.0,4.6596,0.0,0.0939394012093544
3796.6666666666665,0.0,0.0,4.6596,0.0,0.09394004940986633
3797.0,0.0,0.0,4.6592,0.0,0.09394444525241852
3797.3333333333335,0.0,0.0,4.66,0.0,0.09393751621246338
3797.6666666666665,0.0,0.0,4.6596,0.0,0.09394190460443497
3798.0,0.0,0.0,4.66,0.0,0.09393874555826187
3798.3333333333335,0.0,0.0,4.6604,0.0,0.09393557161092758
3798.6666666666665,0.0,0.0,4.6596,0.0,0.09394371509552002
3799.0,0.0,0.0,4.6592,0.0,0.09394807368516922
3799.3333333333335,0.0,0.0,4.6592,0.0,0.09394865483045578
3799.6666666666665,0.0,0.0,4.658,0.0,0.09396056830883026
3800.0,0.0,0.0,4.6592,0.0,0.0939498320221901
3800.3333333333335,0.0,0.0,4.6596,0.0,0.0939466580748558
3800.6666666666665,0.0,0.0,4.6596,0.0,0.09394727647304535
3801.0,0.0,0.0,4.6592,0.0,0.09395167231559753
3801.333333333333,0.0,0.0,4.6588,0.0,0.09395607560873032
3801.666666666667,0.0,0.0,4.6592,0.0,0.09395293146371841
3802.0,0.0,0.0,4.6588,0.0,0.0939573347568512
3802.333333333333,0.0,0.0,4.6592,0.0,0.09395421296358109
3802.666666666667,0.0,0.0,4.6592,0.0,0.09395485371351242
3803.0,0.0,0.0,4.6592,0.0,0.09395548701286316
3803.333333333333,0.0,0.0,4.6588,0.0,0.09395991265773773
3803.666666666667,0.0,0.0,4.66,0.0,0.09394925087690353
3804.0,0.0,0.0,4.6592,0.0,0.09395745396614075
3804.3333333333335,0.0,0.0,4.6592,0.0,0.09395810961723328
3804.6666666666665,0.0,0.0,4.6596,0.0,0.09395500272512436
3805.0,0.0,0.0,4.6592,0.0,0.09395945072174072
3805.3333333333335,0.0,0.0,4.6588,0.0,0.09396389126777649
3805.6666666666665,0.0,0.0,4.6592,0.0,0.09396076947450638
3806.0,0.0,0.0,4.6596,0.0,0.09395767003297806
3806.3333333333335,0.0,0.0,4.66,0.0,0.09395455569028854
3806.6666666666665,0.0,0.0,4.6608,0.0,0.09394766390323639
3807.0,0.0,0.0,4.6608,0.0,0.09394832700490952
3807.3333333333335,0.0,0.0,4.6612,0.0,0.0939452201128006
3807.6666666666665,0.0,0.0,4.66,0.0,0.09395719319581985
3808.0,0.0,0.0,4.6592,0.0,0.09396540373563766
3808.3333333333335,0.0,0.0,4.6596,0.0,0.09396229684352875
3808.6666666666665,0.0,0.0,4.6596,0.0,0.09396294504404068
3809.0,0.0,0.0,4.6596,0.0,0.09396358579397202
3809.333333333333,0.0,0.0,4.6596,0.0,0.09396421164274216
3809.666666666667,0.0,0.0,4.6604,0.0,0.09395729005336761
3810.0,0.0,0.0,4.6604,0.0,0.09395790100097656
3810.333333333333,0.0,0.0,4.6612,0.0,0.09395094215869904
3810.666666666667,0.0,0.0,4.6592,0.0,0.0939703956246376
3811.0,0.0,0.0,4.6584,0.0,0.09397852420806885
3811.3333333333335,0.0,0.0,4.6584,0.0,0.09397909045219421
3811.6666666666665,0.0,0.0,4.658,0.0,0.09398341923952103
3812.0,0.0,0.0,4.6592,0.0,0.09397264569997787
3812.3333333333335,0.0,0.0,4.6604,0.0,0.09396187216043472
3812.6666666666665,0.0,0.0,4.66,0.0,0.09396618604660034
3813.0,0.0,0.0,4.6596,0.0,0.09397049248218536
3813.3333333333335,0.0,0.0,4.66,0.0,0.0939672514796257
3813.6666666666665,0.0,0.0,4.6592,0.0,0.09397534281015396
3814.0,0.0,0.0,4.6596,0.0,0.0939721167087555
3814.3333333333335,0.0,0.0,4.66,0.0,0.09396889060735703
3814.6666666666665,0.0,0.0,4.6604,0.0,0.09396569430828094
3815.0,0.0,0.0,4.6612,0.0,0.09395873546600342
3815.3333333333335,0.0,0.0,4.6616,0.0,0.09395555406808853
3815.6666666666665,0.0,0.0,4.6608,0.0,0.09396369755268097
3816.0,0.0,0.0,4.6612,0.0,0.09396054595708847
3816.333333333333,0.0,0.0,4.66,0.0,0.09397248923778534
3816.666666666667,0.0,0.0,4.66,0.0,0.09397312253713608
3817.0,0.0,0.0,4.6604,0.0,0.09396997839212418
3817.333333333333,0.0,0.0,4.66,0.0,0.09397439658641815
3817.666666666667,0.0,0.0,4.6604,0.0,0.09397128224372864
3818.0,0.0,0.0,4.6596,0.0,0.09397949278354645
3818.333333333333,0.0,0.0,4.6604,0.0,0.0939726009964943
3818.666666666667,0.0,0.0,4.6608,0.0,0.09396947920322418
3819.0,0.0,0.0,4.6616,0.0,0.09396259486675262
3819.3333333333335,0.0,0.0,4.6624,0.0,0.09395570307970047
3819.6666666666665,0.0,0.0,4.6624,0.0,0.0939563736319542
3820.0,0.0,0.0,4.6616,0.0,0.0939645916223526
3820.3333333333335,0.0,0.0,4.6616,0.0,0.09396525472402573
3820.6666666666665,0.0,0.0,4.6616,0.0,0.09396592527627945
3821.0,0.0,0.0,4.6604,0.0,0.0939778983592987
3821.3333333333335,0.0,0.0,4.66,0.0,0.09398232400417328
3821.6666666666665,0.0,0.0,4.6608,0.0,0.09397543221712112
3822.0,0.0,0.0,4.66,0.0,0.09398365020751953
3822.3333333333335,0.0,0.0,4.6604,0.0,0.09398055076599121
3822.6666666666665,0.0,0.0,4.6584,0.0,0.09400009363889694
3823.0,0.0,0.0,4.6576,0.0,0.09400834888219833
3823.3333333333335,0.0,0.0,4.6588,0.0,0.09399767965078354
3823.6666666666665,0.0,0.0,4.6604,0.0,0.0939832478761673
3824.0,0.0,0.0,4.66,0.0,0.09398769587278366
3824.333333333333,0.0,0.0,4.6608,0.0,0.0939808338880539
3824.666666666667,0.0,0.0,4.6616,0.0,0.09397395700216293
3825.0,0.0,0.0,4.6616,0.0,0.09397462755441666
3825.333333333333,0.0,0.0,4.6612,0.0,0.09397906810045242
3825.666666666667,0.0,0.0,4.6608,0.0,0.093983493745327
3826.0,0.0,0.0,4.6616,0.0,0.09397660940885544
3826.3333333333335,0.0,0.0,4.6616,0.0,0.09397725760936737
3826.6666666666665,0.0,0.0,4.663600000000001,0.0,0.09395904839038849
3827.0,0.0,0.0,4.6644000000000005,0.0,0.09395213425159454
3827.3333333333335,0.0,0.0,4.6652000000000005,0.0,0.0939452275633812
3827.6666666666665,0.0,0.0,4.6644000000000005,0.0,0.09395340085029602
3828.0,0.0,0.0,4.664000000000001,0.0,0.09395778179168701
3828.3333333333335,0.0,0.0,4.6644000000000005,0.0,0.09395461529493332
3828.6666666666665,0.0,0.0,4.6648000000000005,0.0,0.09395143389701843
3829.0,0.0,0.0,4.6644000000000005,0.0,0.09395578503608704
3829.3333333333335,0.0,0.0,4.6632,0.0,0.09396768361330032
3829.6666666666665,0.0,0.0,4.663600000000001,0.0,0.09396450221538544
3830.0,0.0,0.0,4.6628,0.0,0.09397263079881668
3830.3333333333335,0.0,0.0,4.6612,0.0,0.0939883142709732
3830.6666666666665,0.0,0.0,4.6616,0.0,0.09398512542247772
3831.0,0.0,0.0,4.662,0.0,0.09398192912340164
3831.333333333333,0.0,0.0,4.6612,0.0,0.09399005770683289
3831.666666666667,0.0,0.0,4.662,0.0,0.09398306906223297
3832.0,0.0,0.0,4.6608,0.0,0.09399496018886566
3832.333333333333,0.0,0.0,4.6608,0.0,0.09399552643299103
3832.666666666667,0.0,0.0,4.66,0.0,0.09400361031293869
3833.0,0.0,0.0,4.66,0.0,0.09400414675474167
3833.333333333333,0.0,0.0,4.6596,0.0,0.09400845319032669
3833.666666666667,0.0,0.0,4.6592,0.0,0.09401275217533112
3834.0,0.0,0.0,4.6576,0.0,0.09402839839458466
3834.3333333333335,0.0,0.0,4.658,0.0,0.0940251499414444
3834.6666666666665,0.0,0.0,4.658,0.0,0.09402564913034439
3835.0,0.0,0.0,4.658,0.0,0.09402615576982498
3835.3333333333335,0.0,0.0,4.6584,0.0,0.09402287006378174
3835.6666666666665,0.0,0.0,4.658,0.0,0.09402716159820557
3836.0,0.0,0.0,4.6588,0.0,0.09402011334896088
3836.3333333333335,0.0,0.0,4.658,0.0,0.09402818977832794
3836.6666666666665,0.0,0.0,4.6588,0.0,0.09402116388082504
3837.0,0.0,0.0,4.6592,0.0,0.09401793032884598
3837.3333333333335,0.0,0.0,4.66,0.0,0.09401092678308487
3837.6666666666665,0.0,0.0,4.6604,0.0,0.094007708132267
3838.0,0.0,0.0,4.66,0.0,0.0940120667219162
3838.3333333333335,0.0,0.0,4.658,0.0,0.09403156489133835
3838.6666666666665,0.0,0.0,4.6588,0.0,0.09402462095022202
3839.0,0.0,0.0,4.6588,0.0,0.09402524679899216
3839.333333333333,0.0,0.0,4.6588,0.0,0.09402589499950409
3839.666666666667,0.0,0.0,4.6588,0.0,0.094026580452919
3840.0,0.0,0.0,4.6588,0.0,0.09402725845575333
3840.3333333333335,0.0,0.0,4.6592,0.0,0.0940241664648056
3840.6666666666665,0.0,0.0,4.6584,0.0,0.09403242915868759
3841.0,0.0,0.0,4.6592,0.0,0.09402558207511902
3841.3333333333335,0.0,0.0,4.6588,0.0,0.09403008222579956
3841.666666666666,0.0,0.0,4.6592,0.0,0.09402702748775482
3842.0,0.0,0.0,4.6608,0.0,0.09401264041662216
3842.3333333333335,0.0,0.0,4.6612,0.0,0.09400957822799683
3842.666666666667,0.0,0.0,4.6604,0.0,0.0940178632736206
3843.0,0.0,0.0,4.6596,0.0,0.09402614086866379
3843.3333333333335,0.0,0.0,4.6584,0.0,0.09403820335865021
3843.666666666667,0.0,0.0,4.6584,0.0,0.0940389409661293
3844.0,0.0,0.0,4.6584,0.0,0.09403964877128601
3844.3333333333335,0.0,0.0,4.6576,0.0,0.0940478965640068
3844.666666666667,0.0,0.0,4.658,0.0,0.09404481202363968
3844.9999999999995,0.0,0.0,4.658,0.0,0.0940454974770546
3845.3333333333335,0.0,0.0,4.6588,0.0,0.09403861314058304
3845.666666666667,0.0,0.0,4.6592,0.0,0.09403548389673233
3845.9999999999995,0.0,0.0,4.6592,0.0,0.09403613209724426
3846.333333333333,0.0,0.0,4.6612,0.0,0.0940178781747818
3846.666666666667,0.0,0.0,4.6604,0.0,0.09402607381343842
3846.9999999999995,0.0,0.0,4.6608,0.0,0.09402292966842651
3847.333333333333,0.0,0.0,4.6608,0.0,0.09402354806661606
3847.666666666667,0.0,0.0,4.6612,0.0,0.09402037411928177
3848.0000000000005,0.0,0.0,4.6624,0.0,0.0940096527338028
3848.333333333333,0.0,0.0,4.6632,0.0,0.09400268644094467
3848.666666666667,0.0,0.0,4.6628,0.0,0.09400705248117447
3849.0000000000005,0.0,0.0,4.6632,0.0,0.09400385618209839
3849.333333333333,0.0,0.0,4.663600000000001,0.0,0.09400065988302231
3849.6666666666665,0.0,0.0,4.6632,0.0,0.0940050333738327
3850.0000000000005,0.0,0.0,4.6632,0.0,0.09400560706853867
3850.333333333333,0.0,0.0,4.662,0.0,0.09401752054691315
3850.6666666666665,0.0,0.0,4.6616,0.0,0.09402185678482056
3851.0,0.0,0.0,4.662,0.0,0.09401863813400269
3851.333333333333,0.0,0.0,4.662,0.0,0.09401920437812805
3851.6666666666665,0.0,0.0,4.6624,0.0,0.09401598572731018
3852.0,0.0,0.0,4.662,0.0,0.09402032196521759
3852.333333333333,0.0,0.0,4.6608,0.0,0.09403222054243088
3852.6666666666665,0.0,0.0,4.6608,0.0,0.09403277933597565
3853.0,0.0,0.0,4.6604,0.0,0.09403710812330246
3853.333333333334,0.0,0.0,4.66,0.0,0.09404143691062927
3853.6666666666665,0.0,0.0,4.6592,0.0,0.09404956549406052
3854.0,0.0,0.0,4.6584,0.0,0.09405769407749176
3854.3333333333335,0.0,0.0,4.658,0.0,0.09406203776597977
3854.6666666666665,0.0,0.0,4.6572000000000005,0.0,0.09407017379999161
3855.0,0.0,0.0,4.658,0.0,0.0940631553530693
3855.3333333333335,0.0,0.0,4.6576,0.0,0.09406750649213791
3855.6666666666665,0.0,0.0,4.6576,0.0,0.09406807273626328
3856.0,0.0,0.0,4.6572000000000005,0.0,0.09407243132591248
3856.3333333333335,0.0,0.0,4.655600000000001,0.0,0.09408814460039139
3856.666666666666,0.0,0.0,4.656000000000001,0.0,0.09408492594957352
3857.0,0.0,0.0,4.6564000000000005,0.0,0.09408171474933624
3857.3333333333335,0.0,0.0,4.6572000000000005,0.0,0.09407472610473633
3857.666666666667,0.0,0.0,4.6576,0.0,0.09407150745391846
3858.0,0.0,0.0,4.6572000000000005,0.0,0.09407588094472885
3858.3333333333335,0.0,0.0,4.6576,0.0,0.09407268464565277
3858.666666666667,0.0,0.0,4.6576,0.0,0.09407327324151993
3859.0,0.0,0.0,4.6564000000000005,0.0,0.0940852239727974
3859.3333333333335,0.0,0.0,4.6572000000000005,0.0,0.09407823532819748
3859.666666666667,0.0,0.0,4.6576,0.0,0.0940750315785408
3859.9999999999995,0.0,0.0,4.6572000000000005,0.0,0.0940793976187706
3860.3333333333335,0.0,0.0,4.6572000000000005,0.0,0.09407998621463776
3860.666666666667,0.0,0.0,4.6572000000000005,0.0,0.09408056735992432
3860.9999999999995,0.0,0.0,4.6572000000000005,0.0,0.09408114105463028
3861.333333333333,0.0,0.0,4.658,0.0,0.09407414495944977
3861.666666666667,0.0,0.0,4.6592,0.0,0.09406337887048721
3861.9999999999995,0.0,0.0,4.6588,0.0,0.09406773746013641
3862.333333333333,0.0,0.0,4.6596,0.0,0.09406076371669769
3862.666666666667,0.0,0.0,4.6604,0.0,0.09405378997325897
3863.0000000000005,0.0,0.0,4.6608,0.0,0.0940505862236023
3863.333333333333,0.0,0.0,4.6612,0.0,0.09404739737510681
3863.666666666667,0.0,0.0,4.6608,0.0,0.0940517708659172
3864.0000000000005,0.0,0.0,4.6616,0.0,0.09404480457305908
3864.333333333333,0.0,0.0,4.6612,0.0,0.09404920041561127
3864.6666666666665,0.0,0.0,4.6616,0.0,0.09404601156711578
3865.0000000000005,0.0,0.0,4.6616,0.0,0.09404661506414413
3865.333333333333,0.0,0.0,4.6616,0.0,0.09404720366001129
3865.6666666666665,0.0,0.0,4.6612,0.0,0.09405158460140228
3866.0,0.0,0.0,4.6612,0.0,0.09405217319726944
3866.333333333333,0.0,0.0,4.6612,0.0,0.094052754342556
3866.6666666666665,0.0,0.0,4.6616,0.0,0.09404955059289932
3867.0,0.0,0.0,4.6616,0.0,0.09405013918876648
3867.333333333333,0.0,0.0,4.6616,0.0,0.09405072778463364
3867.6666666666665,0.0,0.0,4.6624,0.0,0.09404376894235611
3868.0,0.0,0.0,4.6624,0.0,0.09404436498880386
3868.333333333334,0.0,0.0,4.6616,0.0,0.0940525233745575
3868.6666666666665,0.0,0.0,4.662,0.0,0.09404933452606201
3869.0,0.0,0.0,4.662,0.0,0.09404993057250977
3869.3333333333335,0.0,0.0,4.6624,0.0,0.09404673427343369
3869.6666666666665,0.0,0.0,4.662,0.0,0.09405109286308289
3870.0,0.0,0.0,4.6628,0.0,0.09404413402080536
3870.3333333333335,0.0,0.0,4.6628,0.0,0.09404473006725311
3870.6666666666665,0.0,0.0,4.6644000000000005,0.0,0.0940302163362503
3871.0,0.0,0.0,4.6628,0.0,0.09404591470956802
3871.3333333333335,0.0,0.0,4.6624,0.0,0.09405029565095901
3871.666666666666,0.0,0.0,4.6628,0.0,0.09404712915420532
3872.0,0.0,0.0,4.6628,0.0,0.09404773265123367
3872.3333333333335,0.0,0.0,4.662,0.0,0.09405586868524551
3872.666666666667,0.0,0.0,4.6624,0.0,0.09405267983675003
3873.0,0.0,0.0,4.6624,0.0,0.0940532460808754
3873.3333333333335,0.0,0.0,4.662,0.0,0.0940576121211052
3873.666666666667,0.0,0.0,4.662,0.0,0.09405818581581116
3874.0,0.0,0.0,4.662,0.0,0.09405874460935593
3874.3333333333335,0.0,0.0,4.6612,0.0,0.09406687319278717
3874.666666666667,0.0,0.0,4.6616,0.0,0.0940636470913887
3874.9999999999995,0.0,0.0,4.6628,0.0,0.09405287355184555
3875.3333333333335,0.0,0.0,4.662,0.0,0.0940610021352768
3875.666666666667,0.0,0.0,4.6616,0.0,0.094065360724926
3875.9999999999995,0.0,0.0,4.662,0.0,0.09406213462352753
3876.333333333333,0.0,0.0,4.6616,0.0,0.09406647831201553
3876.666666666667,0.0,0.0,4.6608,0.0,0.09407457709312439
3876.9999999999995,0.0,0.0,4.6616,0.0,0.09406758099794388
3877.333333333333,0.0,0.0,4.6616,0.0,0.09406813234090805
3877.666666666667,0.0,0.0,4.6616,0.0,0.09406866878271103
3878.0000000000005,0.0,0.0,4.6624,0.0,0.09406166523694992
3878.333333333333,0.0,0.0,4.6624,0.0,0.09406223148107529
3878.666666666667,0.0,0.0,4.6624,0.0,0.09406279772520065
3879.0000000000005,0.0,0.0,4.662,0.0,0.09406714141368866
3879.333333333333,0.0,0.0,4.6608,0.0,0.09407906979322433
3879.6666666666665,0.0,0.0,4.6608,0.0,0.0940796509385109
3880.0000000000005,0.0,0.0,4.6608,0.0,0.09408024698495865
3880.333333333333,0.0,0.0,4.6604,0.0,0.09408464282751083
3880.6666666666665,0.0,0.0,4.6604,0.0,0.09408523887395859
3881.0,0.0,0.0,4.6604,0.0,0.09408584982156754
3881.333333333333,0.0,0.0,4.6612,0.0,0.09407888352870941
3881.6666666666665,0.0,0.0,4.6608,0.0,0.09408329427242279
3882.0,0.0,0.0,4.6616,0.0,0.09407632052898407
3882.333333333333,0.0,0.0,4.6616,0.0,0.09407693147659302
3882.6666666666665,0.0,0.0,4.6608,0.0,0.09408509731292725
3883.0,0.0,0.0,4.6612,0.0,0.09408190101385117
3883.333333333334,0.0,0.0,4.6616,0.0,0.09407868981361389
3883.6666666666665,0.0,0.0,4.6616,0.0,0.09407925605773926
3884.0,0.0,0.0,4.6616,0.0,0.09407981485128403
3884.3333333333335,0.0,0.0,4.6612,0.0,0.09408414363861084
3884.6666666666665,0.0,0.0,4.6604,0.0,0.0940922424197197
3885.0,0.0,0.0,4.6596,0.0,0.09410033375024796
3885.3333333333335,0.0,0.0,4.6596,0.0,0.09410084784030914
3885.6666666666665,0.0,0.0,4.6596,0.0,0.09410136193037033
3886.0,0.0,0.0,4.66,0.0,0.09409808367490768
3886.3333333333335,0.0,0.0,4.6596,0.0,0.09410236775875092
3886.666666666666,0.0,0.0,4.6612,0.0,0.09408770501613617
3887.0,0.0,0.0,4.6608,0.0,0.09409199655056
3887.3333333333335,0.0,0.0,4.6608,0.0,0.0940924733877182
3887.666666666667,0.0,0.0,4.6604,0.0,0.09409674257040024
3888.0,0.0,0.0,4.6608,0.0,0.0940934270620346
3888.3333333333335,0.0,0.0,4.6612,0.0,0.09409009665250778
3888.666666666667,0.0,0.0,4.6616,0.0,0.09408676624298096
3889.0,0.0,0.0,4.6624,0.0,0.0940796509385109
3889.3333333333335,0.0,0.0,4.6628,0.0,0.09407632052898407
3889.666666666667,0.0,0.0,4.662,0.0,0.09408433735370636
3889.9999999999995,0.0,0.0,4.6628,0.0,0.0940772220492363
3890.3333333333335,0.0,0.0,4.662,0.0,0.09408523887395859
3890.666666666667,0.0,0.0,4.662,0.0,0.0940857082605362
3890.9999999999995,0.0,0.0,4.664000000000001,0.0,0.0940672755241394
3891.333333333333,0.0,0.0,4.663600000000001,0.0,0.09407153725624084
3891.666666666667,0.0,0.0,4.663600000000001,0.0,0.09407201409339905
3891.9999999999995,0.0,0.0,4.6628,0.0,0.09408006072044373
3892.333333333333,0.0,0.0,4.663600000000001,0.0,0.09407298266887665
3892.666666666667,0.0,0.0,4.6632,0.0,0.09407725930213928
3893.0000000000005,0.0,0.0,4.663600000000001,0.0,0.09407396614551544
3893.333333333333,0.0,0.0,4.6632,0.0,0.09407825022935867
3893.666666666667,0.0,0.0,4.664000000000001,0.0,0.09407120198011398
3894.0000000000005,0.0,0.0,4.6644000000000005,0.0,0.09406793862581253
3894.333333333333,0.0,0.0,4.6644000000000005,0.0,0.09406846761703491
3894.6666666666665,0.0,0.0,4.6644000000000005,0.0,0.0940689891576767
3895.0000000000005,0.0,0.0,4.664000000000001,0.0,0.09407331049442291
3895.333333333333,0.0,0.0,4.6644000000000005,0.0,0.09407007694244385
3895.6666666666665,0.0,0.0,4.6644000000000005,0.0,0.09407064318656921
3896.0,0.0,0.0,4.6648000000000005,0.0,0.09406740963459015
3896.333333333333,0.0,0.0,4.6648000000000005,0.0,0.09406797587871552
3896.6666666666665,0.0,0.0,4.666,0.0,0.09405720233917236
3897.0,0.0,0.0,4.6648000000000005,0.0,0.09406910836696625
3897.333333333333,0.0,0.0,4.664000000000001,0.0,0.0940772220492363
3897.6666666666665,0.0,0.0,4.6644000000000005,0.0,0.09407402575016022
3898.0,0.0,0.0,4.6644000000000005,0.0,0.09407459944486618
3898.333333333334,0.0,0.0,4.6644000000000005,0.0,0.09407518804073334
3898.6666666666665,0.0,0.0,4.6648000000000005,0.0,0.09407199919223785
3899.0,0.0,0.0,4.6664,0.0,0.09405748546123505
3899.3333333333335,0.0,0.0,4.6668,0.0,0.09405430406332016
3899.6666666666665,0.0,0.0,4.6652000000000005,0.0,0.09407002478837967
3900.0,0.0,0.0,4.664000000000001,0.0,0.09408195316791534
3900.3333333333335,0.0,0.0,4.663600000000001,0.0,0.09408634155988693
3900.6666666666665,0.0,0.0,4.6628,0.0,0.09409451484680176
3901.0,0.0,0.0,4.6624,0.0,0.09409889578819275
3901.3333333333335,0.0,0.0,4.6624,0.0,0.0940995067358017
3901.666666666666,0.0,0.0,4.6624,0.0,0.09410011768341064
3902.0,0.0,0.0,4.6632,0.0,0.09409315139055252
3902.3333333333335,0.0,0.0,4.663600000000001,0.0,0.09408996999263763
3902.666666666667,0.0,0.0,4.664000000000001,0.0,0.09408678114414215
3903.0,0.0,0.0,4.664000000000001,0.0,0.0940873771905899
3903.3333333333335,0.0,0.0,4.6632,0.0,0.09409555047750473
3903.666666666667,0.0,0.0,4.6624,0.0,0.09410370886325836
3904.0,0.0,0.0,4.6632,0.0,0.09409675747156143
3904.3333333333335,0.0,0.0,4.6624,0.0,0.09410492330789566
3904.666666666667,0.0,0.0,4.6628,0.0,0.09410172700881958
3904.9999999999995,0.0,0.0,4.6624,0.0,0.09410612285137177
3905.3333333333335,0.0,0.0,4.6624,0.0,0.09410673379898071
3905.666666666667,0.0,0.0,4.664000000000001,0.0,0.09409221261739731
3905.9999999999995,0.0,0.0,4.664000000000001,0.0,0.09409282356500626
3906.333333333333,0.0,0.0,4.663600000000001,0.0,0.09409720450639725
3906.666666666667,0.0,0.0,4.664000000000001,0.0,0.09409403800964355
3906.9999999999995,0.0,0.0,4.6656,0.0,0.09407953917980194
3907.333333333333,0.0,0.0,4.6648000000000005,0.0,0.09408770501613617
3907.666666666667,0.0,0.0,4.6644000000000005,0.0,0.09409210085868835
3908.0000000000005,0.0,0.0,4.6644000000000005,0.0,0.0940927118062973
3908.333333333333,0.0,0.0,4.6652000000000005,0.0,0.09408575296401978
3908.666666666667,0.0,0.0,4.6652000000000005,0.0,0.09408634901046753
3909.0000000000005,0.0,0.0,4.6656,0.0,0.09408316016197205
3909.333333333333,0.0,0.0,4.6652000000000005,0.0,0.09408751875162125
3909.6666666666665,0.0,0.0,4.6644000000000005,0.0,0.09409566223621368
3910.0000000000005,0.0,0.0,4.6632,0.0,0.09410758316516876
3910.333333333333,0.0,0.0,4.663600000000001,0.0,0.0941043570637703
3910.6666666666665,0.0,0.0,4.6644000000000005,0.0,0.09409733861684799
3911.0,0.0,0.0,4.6644000000000005,0.0,0.09409788250923157
3911.333333333333,0.0,0.0,4.6644000000000005,0.0,0.09409840404987335
3911.6666666666665,0.0,0.0,4.664000000000001,0.0,0.09410270303487778
3912.0,0.0,0.0,4.663600000000001,0.0,0.0941069945693016
3912.333333333333,0.0,0.0,4.664000000000001,0.0,0.09410372376441956
3912.6666666666665,0.0,0.0,4.6632,0.0,0.09411179274320602
3913.0,0.0,0.0,4.664000000000001,0.0,0.09410471469163895
3913.333333333334,0.0,0.0,4.6644000000000005,0.0,0.0941014289855957
3913.6666666666665,0.0,0.0,4.6644000000000005,0.0,0.0941019132733345
3914.0,0.0,0.0,4.6644000000000005,0.0,0.0941023901104927
3914.3333333333335,0.0,0.0,4.6656,0.0,0.09409153461456299
3914.6666666666665,0.0,0.0,4.666,0.0,0.09408822655677795
3915.0,0.0,0.0,4.6652000000000005,0.0,0.09409625828266144
3915.3333333333335,0.0,0.0,4.6652000000000005,0.0,0.09409672021865845
3915.6666666666665,0.0,0.0,4.6648000000000005,0.0,0.0941009670495987
3916.0,0.0,0.0,4.6644000000000005,0.0,0.09410520642995834
3916.3333333333335,0.0,0.0,4.6644000000000005,0.0,0.09410566091537476
3916.666666666666,0.0,0.0,4.6648000000000005,0.0,0.09410232305526733
3917.0,0.0,0.0,4.6652000000000005,0.0,0.09409897029399872
3917.3333333333335,0.0,0.0,4.6652000000000005,0.0,0.09409940242767334
3917.666666666667,0.0,0.0,4.666,0.0,0.09409226477146149
3918.0,0.0,0.0,4.6664,0.0,0.09408891946077347
3918.3333333333335,0.0,0.0,4.6656,0.0,0.09409691393375397
3918.666666666667,0.0,0.0,4.666,0.0,0.09409354627132416
3919.0,0.0,0.0,4.6644000000000005,0.0,0.09410909563302994
3919.3333333333335,0.0,0.0,4.664000000000001,0.0,0.0941132977604866
3919.666666666667,0.0,0.0,4.6628,0.0,0.09412506222724915
3919.9999999999995,0.0,0.0,4.6628,0.0,0.09412545710802078
3920.3333333333335,0.0,0.0,4.6624,0.0,0.09412964433431625
3920.666666666667,0.0,0.0,4.6612,0.0,0.0941414013504982
3920.9999999999995,0.0,0.0,4.6628,0.0,0.09412664920091629
3921.333333333333,0.0,0.0,4.6624,0.0,0.09413084387779236
3921.666666666667,0.0,0.0,4.6628,0.0,0.09412746131420135
3921.9999999999995,0.0,0.0,4.6624,0.0,0.09413167089223862
3922.333333333333,0.0,0.0,4.662,0.0,0.09413588047027588
3922.666666666667,0.0,0.0,4.6632,0.0,0.09412496536970139
3923.0000000000005,0.0,0.0,4.6624,0.0,0.09413297474384308
3923.333333333333,0.0,0.0,4.6628,0.0,0.09412964433431625
3923.666666666667,0.0,0.0,4.6628,0.0,0.09413010627031326
3924.0000000000005,0.0,0.0,4.662,0.0,0.09413815289735794
3924.333333333333,0.0,0.0,4.6632,0.0,0.09412726759910583
3924.6666666666665,0.0,0.0,4.6644000000000005,0.0,0.09411641210317612
3925.0000000000005,0.0,0.0,4.6644000000000005,0.0,0.09411691129207611
3925.333333333333,0.0,0.0,4.663600000000001,0.0,0.09412499517202377
3925.6666666666665,0.0,0.0,4.6644000000000005,0.0,0.09411796182394028
3926.0,0.0,0.0,4.6644000000000005,0.0,0.09411852806806564
3926.333333333333,0.0,0.0,4.6644000000000005,0.0,0.09411908686161041
3926.6666666666665,0.0,0.0,4.6656,0.0,0.09410830587148666
3927.0,0.0,0.0,4.666,0.0,0.09410509467124939
3927.333333333333,0.0,0.0,4.6652000000000005,0.0,0.09411324560642242
3927.6666666666665,0.0,0.0,4.6648000000000005,0.0,0.09411763399839401
3928.0,0.0,0.0,4.6656,0.0,0.09411066770553589
3928.333333333334,0.0,0.0,4.6648000000000005,0.0,0.09411882609128952
3928.6666666666665,0.0,0.0,4.6648000000000005,0.0,0.09411943703889847
3929.0,0.0,0.0,4.6648000000000005,0.0,0.09412005543708801
3929.3333333333335,0.0,0.0,4.666,0.0,0.09410930424928665
3929.6666666666665,0.0,0.0,4.666,0.0,0.094109907746315
3930.0,0.0,0.0,4.6656,0.0,0.0941142737865448
3930.3333333333335,0.0,0.0,4.6668,0.0,0.09410353004932404
3930.6666666666665,0.0,0.0,4.6672,0.0,0.09410032629966736
3931.0,0.0,0.0,4.668,0.0,0.09409336745738983
3931.3333333333335,0.0,0.0,4.6672,0.0,0.09410150349140167
3931.666666666666,0.0,0.0,4.6684,0.0,0.09409074485301971
3932.0,0.0,0.0,4.668,0.0,0.09409508854150772
3932.3333333333335,0.0,0.0,4.6692,0.0,0.09408432245254517
3932.666666666667,0.0,0.0,4.6684,0.0,0.09409243613481522
3933.0,0.0,0.0,4.6688,0.0,0.09408921003341675
3933.3333333333335,0.0,0.0,4.6688,0.0,0.09408973902463913
3933.666666666667,0.0,0.0,4.6692,0.0,0.09408648312091827
3934.0,0.0,0.0,4.6692,0.0,0.09408698230981827
3934.3333333333335,0.0,0.0,4.6692,0.0,0.09408746659755707
3934.666666666667,0.0,0.0,4.6704,0.0,0.09407661855220795
3934.9999999999995,0.0,0.0,4.6704,0.0,0.09407708793878555
3935.3333333333335,0.0,0.0,4.6712,0.0,0.09407000988721848
3935.666666666667,0.0,0.0,4.671600000000001,0.0,0.09406670182943344
3935.9999999999995,0.0,0.0,4.6708,0.0,0.09407469630241394
3936.333333333333,0.0,0.0,4.6704,0.0,0.094078928232193
3936.666666666667,0.0,0.0,4.6708,0.0,0.09407562017440796
3936.9999999999995,0.0,0.0,4.6704,0.0,0.09407985955476761
3937.333333333333,0.0,0.0,4.671600000000001,0.0,0.09406901895999908
3937.666666666667,0.0,0.0,4.6712,0.0,0.09407328814268112
3938.0000000000005,0.0,0.0,4.672000000000001,0.0,0.09406623244285583
3938.333333333333,0.0,0.0,4.67,0.0,0.09408561885356903
3938.666666666667,0.0,0.0,4.6696,0.0,0.09408990293741226
3939.0000000000005,0.0,0.0,4.6692,0.0,0.09409419447183609
3939.333333333333,0.0,0.0,4.6688,0.0,0.09409849345684052
3939.6666666666665,0.0,0.0,4.6676,0.0,0.09411036223173141
3940.0000000000005,0.0,0.0,4.6676,0.0,0.0941108837723732
3940.333333333333,0.0,0.0,4.6672,0.0,0.09411519765853882
3940.6666666666665,0.0,0.0,4.6676,0.0,0.09411195665597916
3941.0,0.0,0.0,4.6668,0.0,0.09412004798650742
3941.333333333333,0.0,0.0,4.6664,0.0,0.09412436932325363
3941.6666666666665,0.0,0.0,4.6656,0.0,0.09413247555494308
3942.0,0.0,0.0,4.666,0.0,0.09412924945354462
3942.333333333333,0.0,0.0,4.6672,0.0,0.09411846101284027
3942.6666666666665,0.0,0.0,4.6676,0.0,0.094115249812603
3943.0,0.0,0.0,4.6672,0.0,0.0941196009516716
3943.333333333334,0.0,0.0,4.6684,0.0,0.09410883486270905
3943.6666666666665,0.0,0.0,4.6688,0.0,0.09410564601421356
3944.0,0.0,0.0,4.6692,0.0,0.09410245716571808
3944.3333333333335,0.0,0.0,4.67,0.0,0.09409549832344055
3944.6666666666665,0.0,0.0,4.6688,0.0,0.09410742670297623
3945.0,0.0,0.0,4.6692,0.0,0.09410423785448074
3945.3333333333335,0.0,0.0,4.6692,0.0,0.0941048413515091
3945.6666666666665,0.0,0.0,4.6684,0.0,0.09411299973726273
3946.0,0.0,0.0,4.6684,0.0,0.09411358833312988
3946.3333333333335,0.0,0.0,4.6688,0.0,0.0941103994846344
3946.666666666666,0.0,0.0,4.6684,0.0,0.0941147655248642
3947.0,0.0,0.0,4.6692,0.0,0.09410779178142548
3947.3333333333335,0.0,0.0,4.6704,0.0,0.09409704804420471
3947.666666666667,0.0,0.0,4.6688,0.0,0.09411274641752243
3948.0,0.0,0.0,4.6688,0.0,0.09411332756280899
3948.3333333333335,0.0,0.0,4.6704,0.0,0.09409879148006439
3948.666666666667,0.0,0.0,4.6704,0.0,0.09409938007593155
3949.0,0.0,0.0,4.6708,0.0,0.09409616887569427
3949.3333333333335,0.0,0.0,4.6712,0.0,0.0940929725766182
3949.666666666667,0.0,0.0,4.671600000000001,0.0,0.09408979117870331
3949.9999999999995,0.0,0.0,4.6728000000000005,0.0,0.09407905489206314
3950.3333333333335,0.0,0.0,4.6724000000000006,0.0,0.09408340603113174
3950.666666666667,0.0,0.0,4.6724000000000006,0.0,0.09408397227525711
3950.9999999999995,0.0,0.0,4.671600000000001,0.0,0.09409210085868835
3951.333333333333,0.0,0.0,4.6712,0.0,0.09409644454717636
3951.666666666667,0.0,0.0,4.6708,0.0,0.09410078823566437
3951.9999999999995,0.0,0.0,4.6712,0.0,0.09409758448600769
3952.333333333333,0.0,0.0,4.67,0.0,0.09410949051380157
3952.666666666667,0.0,0.0,4.6704,0.0,0.0941062718629837
3953.0000000000005,0.0,0.0,4.6708,0.0,0.09410306811332703
3953.333333333333,0.0,0.0,4.6712,0.0,0.09409986436367035
3953.666666666667,0.0,0.0,4.672000000000001,0.0,0.09409286081790924
3954.0000000000005,0.0,0.0,4.6708,0.0,0.09410476684570312
3954.333333333333,0.0,0.0,4.6704,0.0,0.09410910308361053
3954.6666666666665,0.0,0.0,4.671600000000001,0.0,0.09409833699464798
3955.0000000000005,0.0,0.0,4.6728000000000005,0.0,0.09408757835626602
3955.333333333333,0.0,0.0,4.6724000000000006,0.0,0.09409190714359283
3955.6666666666665,0.0,0.0,4.6724000000000006,0.0,0.09409244358539581
3956.0,0.0,0.0,4.672000000000001,0.0,0.09409675002098083
3956.333333333333,0.0,0.0,4.6724000000000006,0.0,0.09409352391958237
3956.6666666666665,0.0,0.0,4.6724000000000006,0.0,0.09409402310848236
3957.0,0.0,0.0,4.672000000000001,0.0,0.094098299741745
3957.333333333333,0.0,0.0,4.671600000000001,0.0,0.09410254657268524
3957.6666666666665,0.0,0.0,4.6724000000000006,0.0,0.09409546852111816
3958.0,0.0,0.0,4.6724000000000006,0.0,0.09409593045711517
3958.333333333334,0.0,0.0,4.6724000000000006,0.0,0.0940963625907898
3958.6666666666665,0.0,0.0,4.6728000000000005,0.0,0.09409303218126297
3959.0,0.0,0.0,4.6736,0.0,0.0940859243273735
3959.3333333333335,0.0,0.0,4.674,0.0,0.09408258646726608
3959.6666666666665,0.0,0.0,4.6736,0.0,0.09408678859472275
3960.0,0.0,0.0,4.6732000000000005,0.0,0.09409099817276001
3960.3333333333335,0.0,0.0,4.671600000000001,0.0,0.094106525182724
3960.6666666666665,0.0,0.0,4.6708,0.0,0.0941145196557045
3961.0,0.0,0.0,4.6704,0.0,0.09411874413490295
3961.3333333333335,0.0,0.0,4.6708,0.0,0.09411542862653732
3961.666666666666,0.0,0.0,4.672000000000001,0.0,0.09410456568002701
3962.0,0.0,0.0,4.6724000000000006,0.0,0.09410128742456436
3962.3333333333335,0.0,0.0,4.671600000000001,0.0,0.09410935640335083
3962.666666666667,0.0,0.0,4.671600000000001,0.0,0.09410987794399261
3963.0,0.0,0.0,4.6712,0.0,0.09411418437957764
3963.3333333333335,0.0,0.0,4.671600000000001,0.0,0.09411097317934036
3963.666666666667,0.0,0.0,4.6712,0.0,0.09411532431840897
3964.0,0.0,0.0,4.6708,0.0,0.09411966800689697
3964.3333333333335,0.0,0.0,4.6704,0.0,0.09412404894828796
3964.666666666667,0.0,0.0,4.6696,0.0,0.09413222223520279
3964.9999999999995,0.0,0.0,4.6696,0.0,0.09413284063339233
3965.3333333333335,0.0,0.0,4.6704,0.0,0.0941258892416954
3965.666666666667,0.0,0.0,4.6704,0.0,0.09412653744220734
3965.9999999999995,0.0,0.0,4.6704,0.0,0.09412717819213867
3966.333333333333,0.0,0.0,4.67,0.0,0.09413158893585205
3966.666666666667,0.0,0.0,4.6704,0.0,0.09412845224142075
3966.9999999999995,0.0,0.0,4.6692,0.0,0.09414045512676239
3967.333333333333,0.0,0.0,4.6688,0.0,0.09414488077163696
3967.666666666667,0.0,0.0,4.6688,0.0,0.09414553642272949
3968.0000000000005,0.0,0.0,4.67,0.0,0.0941348522901535
3968.333333333333,0.0,0.0,4.6704,0.0,0.0941317230463028
3968.666666666667,0.0,0.0,4.6712,0.0,0.09412480145692825
3969.0000000000005,0.0,0.0,4.6704,0.0,0.09413298964500427
3969.333333333333,0.0,0.0,4.67,0.0,0.09413738548755646
3969.6666666666665,0.0,0.0,4.6704,0.0,0.09413421154022217
3970.0000000000005,0.0,0.0,4.6696,0.0,0.0941423624753952
3970.333333333333,0.0,0.0,4.67,0.0,0.09413915872573853
3970.6666666666665,0.0,0.0,4.6696,0.0,0.09414350986480713
3971.0,0.0,0.0,4.6696,0.0,0.0941440686583519
3971.333333333333,0.0,0.0,4.6688,0.0,0.09415216743946075
3971.6666666666665,0.0,0.0,4.6696,0.0,0.09414513409137726
3972.0,0.0,0.0,4.6692,0.0,0.09414944797754288
3972.333333333333,0.0,0.0,4.6676,0.0,0.09416509419679642
3972.6666666666665,0.0,0.0,4.6672,0.0,0.09416938573122025
3973.0,0.0,0.0,4.6672,0.0,0.09416989982128143
3973.333333333334,0.0,0.0,4.6672,0.0,0.09417038410902023
3973.6666666666665,0.0,0.0,4.6664,0.0,0.09417843818664551
3974.0,0.0,0.0,4.6676,0.0,0.0941675677895546
3974.3333333333335,0.0,0.0,4.6676,0.0,0.09416802227497101
3974.6666666666665,0.0,0.0,4.6688,0.0,0.0941571444272995
3975.0,0.0,0.0,4.6692,0.0,0.09415381401777267
3975.3333333333335,0.0,0.0,4.6692,0.0,0.09415426850318909
3975.6666666666665,0.0,0.0,4.67,0.0,0.09414713084697723
3976.0,0.0,0.0,4.67,0.0,0.09414755553007126
3976.3333333333335,0.0,0.0,4.67,0.0,0.09414798766374588
3976.666666666666,0.0,0.0,4.6712,0.0,0.09413706511259079
3977.0,0.0,0.0,4.6708,0.0,0.09414125978946686
3977.3333333333335,0.0,0.0,4.6704,0.0,0.09414545446634293
3977.666666666667,0.0,0.0,4.67,0.0,0.0941496342420578
3978.0,0.0,0.0,4.6704,0.0,0.0941462591290474
3978.3333333333335,0.0,0.0,4.6708,0.0,0.09414287656545639
3978.666666666667,0.0,0.0,4.6712,0.0,0.09413950145244598
3979.0,0.0,0.0,4.67,0.0,0.09415125846862793
3979.3333333333335,0.0,0.0,4.6708,0.0,0.09414411336183548
3979.666666666667,0.0,0.0,4.6704,0.0,0.09414833039045334
3979.9999999999995,0.0,0.0,4.67,0.0,0.0941525474190712
3980.3333333333335,0.0,0.0,4.67,0.0,0.09415300190448761
3980.666666666667,0.0,0.0,4.6688,0.0,0.09416481852531433
3980.9999999999995,0.0,0.0,4.6692,0.0,0.09416152536869049
3981.333333333333,0.0,0.0,4.6692,0.0,0.0941620022058487
3981.666666666667,0.0,0.0,4.6712,0.0,0.09414362162351608
3981.9999999999995,0.0,0.0,4.6704,0.0,0.09415169805288315
3982.333333333333,0.0,0.0,4.6712,0.0,0.09414466470479965
3982.666666666667,0.0,0.0,4.6708,0.0,0.09414901584386826
3983.0000000000005,0.0,0.0,4.6712,0.0,0.09414581209421158
3983.333333333333,0.0,0.0,4.6704,0.0,0.09415396302938461
3983.666666666667,0.0,0.0,4.6696,0.0,0.09416211396455765
3984.0000000000005,0.0,0.0,4.6704,0.0,0.09415515512228012
3984.333333333333,0.0,0.0,4.6712,0.0,0.09414821118116379
3984.6666666666665,0.0,0.0,4.671600000000001,0.0,0.09414505958557129
3985.0000000000005,0.0,0.0,4.67,0.0,0.09416081756353378
3985.333333333333,0.0,0.0,4.6696,0.0,0.09416522830724716
3985.6666666666665,0.0,0.0,4.6696,0.0,0.0941658765077591
3986.0,0.0,0.0,4.6704,0.0,0.09415896981954575
3986.333333333333,0.0,0.0,4.6704,0.0,0.09415963292121887
3986.6666666666665,0.0,0.0,4.67,0.0,0.09416407346725464
3987.0,0.0,0.0,4.6704,0.0,0.09416095912456512
3987.333333333333,0.0,0.0,4.6704,0.0,0.09416163712739944
3987.6666666666665,0.0,0.0,4.671600000000001,0.0,0.09415096789598465
3988.0,0.0,0.0,4.6708,0.0,0.09415920078754425
3988.333333333334,0.0,0.0,4.6708,0.0,0.09415985643863678
3988.6666666666665,0.0,0.0,4.6692,0.0,0.09417564421892166
3989.0,0.0,0.0,4.6684,0.0,0.09418385475873947
3989.3333333333335,0.0,0.0,4.668,0.0,0.09418828040361404
3989.6666666666665,0.0,0.0,4.668,0.0,0.09418889880180359
3990.0,0.0,0.0,4.668,0.0,0.09418951719999313
3990.3333333333335,0.0,0.0,4.668,0.0,0.09419012069702148
3990.6666666666665,0.0,0.0,4.6664,0.0,0.09420586377382278
3991.0,0.0,0.0,4.6668,0.0,0.0942026674747467
3991.3333333333335,0.0,0.0,4.6668,0.0,0.09420323371887207
3991.666666666666,0.0,0.0,4.6672,0.0,0.0942000225186348
3992.0,0.0,0.0,4.6692,0.0,0.09418165683746338
3992.3333333333335,0.0,0.0,4.6692,0.0,0.09418223053216934
3992.666666666667,0.0,0.0,4.6684,0.0,0.09419034421443939
3993.0,0.0,0.0,4.6684,0.0,0.09419090300798416
3993.3333333333335,0.0,0.0,4.6692,0.0,0.09418386220932007
3993.666666666667,0.0,0.0,4.6692,0.0,0.09418438374996185
3994.0,0.0,0.0,4.6684,0.0,0.09419248253107071
3994.3333333333335,0.0,0.0,4.6684,0.0,0.0941929891705513
3994.666666666667,0.0,0.0,4.6692,0.0,0.09418593347072601
3994.9999999999995,0.0,0.0,4.6692,0.0,0.09418643265962601
3995.3333333333335,0.0,0.0,4.6696,0.0,0.09418315440416336
3995.666666666667,0.0,0.0,4.6696,0.0,0.09418363869190216
3995.9999999999995,0.0,0.0,4.6692,0.0,0.0941879004240036
3996.333333333333,0.0,0.0,4.6688,0.0,0.09419216215610504
3996.666666666667,0.0,0.0,4.6688,0.0,0.09419261664152145
3996.9999999999995,0.0,0.0,4.6688,0.0,0.09419305622577667
3997.333333333333,0.0,0.0,4.6684,0.0,0.09419728070497513
3997.666666666667,0.0,0.0,4.6684,0.0,0.09419769793748856
3998.0000000000005,0.0,0.0,4.668,0.0,0.09420189261436462
3998.333333333333,0.0,0.0,4.668,0.0,0.09420228749513626
3998.666666666667,0.0,0.0,4.6676,0.0,0.09420645982027054
3999.0000000000005,0.0,0.0,4.6676,0.0,0.09420683234930038
3999.333333333333,0.0,0.0,4.6672,0.0,0.09421098232269287
3999.6666666666665,0.0,0.0,4.6668,0.0,0.09421512484550476
4000.0000000000005,0.0,0.0,4.6664,0.0,0.09421925991773605
4000.333333333333,0.0,0.0,4.666,0.0,0.09422337263822556
4000.6666666666665,0.0,0.0,4.6668,0.0,0.09421610087156296
4001.0,0.0,0.0,4.6672,0.0,0.094212606549263
4001.333333333333,0.0,0.0,4.6676,0.0,0.09420911222696304
4001.6666666666665,0.0,0.0,4.6676,0.0,0.09420941770076752
4002.0,0.0,0.0,4.6676,0.0,0.09420972317457199
4002.333333333333,0.0,0.0,4.666,0.0,0.09422518312931061
4002.6666666666665,0.0,0.0,4.6672,0.0,0.09421411156654358
4003.0,0.0,0.0,4.6672,0.0,0.09421442449092865
4003.333333333334,0.0,0.0,4.6688,0.0,0.09419960528612137
4003.6666666666665,0.0,0.0,4.6688,0.0,0.09419994056224823
4004.0,0.0,0.0,4.6696,0.0,0.09419269859790802
4004.3333333333335,0.0,0.0,4.6704,0.0,0.0941854864358902
4004.6666666666665,0.0,0.0,4.67,0.0,0.09418964385986328
4005.0,0.0,0.0,4.67,0.0,0.09419003129005432
4005.3333333333335,0.0,0.0,4.6708,0.0,0.09418286383152008
4005.6666666666665,0.0,0.0,4.6708,0.0,0.0941832959651947
4006.0,0.0,0.0,4.6704,0.0,0.09418752044439316
4006.3333333333335,0.0,0.0,4.6708,0.0,0.09418419003486633
4006.666666666666,0.0,0.0,4.6712,0.0,0.0941808819770813
4007.0,0.0,0.0,4.6696,0.0,0.09419652074575424
4007.3333333333335,0.0,0.0,4.67,0.0,0.09419325739145279
4007.666666666667,0.0,0.0,4.6692,0.0,0.09420136362314224
4008.0,0.0,0.0,4.6692,0.0,0.09420192986726761
4008.3333333333335,0.0,0.0,4.67,0.0,0.0941949188709259
4008.666666666667,0.0,0.0,4.67,0.0,0.09419550001621246
4009.0,0.0,0.0,4.6708,0.0,0.09418851882219315
4009.3333333333335,0.0,0.0,4.6704,0.0,0.09419290721416473
4009.666666666667,0.0,0.0,4.6696,0.0,0.09420109540224075
4009.9999999999995,0.0,0.0,4.6696,0.0,0.0942017138004303
4010.3333333333335,0.0,0.0,4.67,0.0,0.0941985473036766
4010.666666666667,0.0,0.0,4.6692,0.0,0.09420675039291382
4010.9999999999995,0.0,0.0,4.6704,0.0,0.09419602155685425
4011.333333333333,0.0,0.0,4.6696,0.0,0.09420423209667206
4011.666666666667,0.0,0.0,4.6676,0.0,0.09422382712364197
4011.9999999999995,0.0,0.0,4.6684,0.0,0.09421690553426743
4012.333333333333,0.0,0.0,4.6676,0.0,0.09422512352466583
4012.666666666667,0.0,0.0,4.668,0.0,0.09422198683023453
4013.0000000000005,0.0,0.0,4.6676,0.0,0.09422644227743149
4013.333333333333,0.0,0.0,4.6672,0.0,0.09423087537288666
4013.666666666667,0.0,0.0,4.6672,0.0,0.09423152357339859
4014.0000000000005,0.0,0.0,4.6664,0.0,0.0942397490143776
4014.333333333333,0.0,0.0,4.6656,0.0,0.0942479744553566
4014.6666666666665,0.0,0.0,4.6652000000000005,0.0,0.09425240755081177
4015.0000000000005,0.0,0.0,4.6656,0.0,0.09424924850463867
4015.333333333333,0.0,0.0,4.6656,0.0,0.09424987435340881
4015.6666666666665,0.0,0.0,4.6652000000000005,0.0,0.09425429254770279
4016.0,0.0,0.0,4.666,0.0,0.09424733370542526
4016.333333333333,0.0,0.0,4.6652000000000005,0.0,0.09425552934408188
4016.6666666666665,0.0,0.0,4.666,0.0,0.09424852579832077
4017.0,0.0,0.0,4.6652000000000005,0.0,0.094256691634655
4017.333333333333,0.0,0.0,4.6648000000000005,0.0,0.0942610502243042
4017.6666666666665,0.0,0.0,4.6652000000000005,0.0,0.09425780922174454
4018.0,0.0,0.0,4.666,0.0,0.09425075352191925
4018.333333333334,0.0,0.0,4.6668,0.0,0.09424369037151337
4018.6666666666665,0.0,0.0,4.6664,0.0,0.09424798935651779
4019.0,0.0,0.0,4.6676,0.0,0.09423708915710449
4019.3333333333335,0.0,0.0,4.668,0.0,0.09423377364873886
4019.6666666666665,0.0,0.0,4.668,0.0,0.09423421323299408
4020.0,0.0,0.0,4.6672,0.0,0.09424221515655518
4020.3333333333335,0.0,0.0,4.6672,0.0,0.094242624938488
4020.6666666666665,0.0,0.0,4.6668,0.0,0.09424681216478348
4021.0,0.0,0.0,4.6676,0.0,0.09423962235450745
4021.3333333333335,0.0,0.0,4.6676,0.0,0.0942399874329567
4021.666666666666,0.0,0.0,4.6688,0.0,0.09422898292541504
4022.0,0.0,0.0,4.6696,0.0,0.09422177821397781
4022.3333333333335,0.0,0.0,4.6696,0.0,0.09422213584184647
4022.666666666667,0.0,0.0,4.6708,0.0,0.094211146235466
4023.0,0.0,0.0,4.6712,0.0,0.09420772641897202
4023.3333333333335,0.0,0.0,4.671600000000001,0.0,0.09420431405305862
4023.666666666667,0.0,0.0,4.6736,0.0,0.09418579190969467
4024.0,0.0,0.0,4.674,0.0,0.09418240934610367
4024.3333333333335,0.0,0.0,4.6736,0.0,0.09418660402297974
4024.666666666667,0.0,0.0,4.674,0.0,0.09418325126171112
4024.9999999999995,0.0,0.0,4.6728000000000005,0.0,0.09419502317905426
4025.3333333333335,0.0,0.0,4.6728000000000005,0.0,0.09419546276330948
4025.666666666667,0.0,0.0,4.6728000000000005,0.0,0.09419591724872589
4025.9999999999995,0.0,0.0,4.672000000000001,0.0,0.09420394152402878
4026.333333333333,0.0,0.0,4.6724000000000006,0.0,0.09420064091682434
4026.666666666667,0.0,0.0,4.671600000000001,0.0,0.09420868009328842
4026.9999999999995,0.0,0.0,4.672000000000001,0.0,0.09420537948608398
4027.333333333333,0.0,0.0,4.6728000000000005,0.0,0.0941983014345169
4027.666666666667,0.0,0.0,4.6728000000000005,0.0,0.0941987931728363
4028.0000000000005,0.0,0.0,4.6724000000000006,0.0,0.09420306235551834
4028.333333333333,0.0,0.0,4.672000000000001,0.0,0.09420734643936157
4028.666666666667,0.0,0.0,4.6708,0.0,0.09421919286251068
4029.0000000000005,0.0,0.0,4.6704,0.0,0.09422348439693451
4029.333333333333,0.0,0.0,4.6708,0.0,0.09422019869089127
4029.6666666666665,0.0,0.0,4.6688,0.0,0.09423962235450745
4030.0000000000005,0.0,0.0,4.6692,0.0,0.09423630684614182
4030.333333333333,0.0,0.0,4.6684,0.0,0.09424436092376709
4030.6666666666665,0.0,0.0,4.6684,0.0,0.0942448154091835
4031.0,0.0,0.0,4.6692,0.0,0.09423769265413284
4031.333333333333,0.0,0.0,4.6684,0.0,0.09424574673175812
4031.6666666666665,0.0,0.0,4.668,0.0,0.09424999356269836
4032.0,0.0,0.0,4.6676,0.0,0.09425424784421921
4032.333333333333,0.0,0.0,4.6672,0.0,0.09425847977399826
4032.6666666666665,0.0,0.0,4.6684,0.0,0.09424753487110138
4033.0,0.0,0.0,4.6684,0.0,0.094247967004776
4033.333333333334,0.0,0.0,4.6684,0.0,0.09424838423728943
4033.6666666666665,0.0,0.0,4.6688,0.0,0.09424500912427902
4034.0,0.0,0.0,4.6688,0.0,0.09424541145563126
4034.3333333333335,0.0,0.0,4.6676,0.0,0.0942571833729744
4034.6666666666665,0.0,0.0,4.6676,0.0,0.09425757825374603
4035.0,0.0,0.0,4.668,0.0,0.09425420314073563
4035.3333333333335,0.0,0.0,4.6684,0.0,0.09425079077482224
4035.6666666666665,0.0,0.0,4.6684,0.0,0.09425118565559387
4036.0,0.0,0.0,4.6688,0.0,0.09424778074026108
4036.3333333333335,0.0,0.0,4.6684,0.0,0.09425196051597595
4036.666666666666,0.0,0.0,4.6696,0.0,0.09424097836017609
4037.0,0.0,0.0,4.6708,0.0,0.09423000365495682
4037.3333333333335,0.0,0.0,4.6708,0.0,0.09423042088747025
4037.666666666667,0.0,0.0,4.671600000000001,0.0,0.0942232608795166
4038.0,0.0,0.0,4.671600000000001,0.0,0.09422367066144943
4038.3333333333335,0.0,0.0,4.6732000000000005,0.0,0.09420895576477051
4038.666666666667,0.0,0.0,4.6728000000000005,0.0,0.09421315789222717
4039.0,0.0,0.0,4.6732000000000005,0.0,0.09420979768037796
4039.3333333333335,0.0,0.0,4.674,0.0,0.0942026674747467
4039.666666666667,0.0,0.0,4.674,0.0,0.09420311450958252
4039.9999999999995,0.0,0.0,4.6732000000000005,0.0,0.0942111387848854
4040.3333333333335,0.0,0.0,4.6724000000000006,0.0,0.0942191556096077
4040.666666666667,0.0,0.0,4.6736,0.0,0.094208262860775
4040.9999999999995,0.0,0.0,4.674,0.0,0.09420493245124817
4041.333333333333,0.0,0.0,4.6724000000000006,0.0,0.09422053396701813
4041.666666666667,0.0,0.0,4.6724000000000006,0.0,0.09422100335359573
4041.9999999999995,0.0,0.0,4.6732000000000005,0.0,0.09421391785144806
4042.333333333333,0.0,0.0,4.6724000000000006,0.0,0.09422195702791214
4042.666666666667,0.0,0.0,4.671600000000001,0.0,0.09423000365495682
4043.0000000000005,0.0,0.0,4.6712,0.0,0.09423424303531647
4043.333333333333,0.0,0.0,4.671600000000001,0.0,0.09423091262578964
4043.666666666667,0.0,0.0,4.6712,0.0,0.09423515945672989
4044.0000000000005,0.0,0.0,4.6708,0.0,0.09423939883708954
4044.333333333333,0.0,0.0,4.67,0.0,0.09424743056297302
4044.6666666666665,0.0,0.0,4.6708,0.0,0.09424030780792236
4045.0000000000005,0.0,0.0,4.6712,0.0,0.09423696249723434
4045.333333333333,0.0,0.0,4.6712,0.0,0.09423740208148956
4045.6666666666665,0.0,0.0,4.6712,0.0,0.09423783421516418
4046.0,0.0,0.0,4.6712,0.0,0.09423825889825821
4046.333333333333,0.0,0.0,4.6712,0.0,0.09423867613077164
4046.6666666666665,0.0,0.0,4.6712,0.0,0.09423909336328506
4047.0,0.0,0.0,4.6712,0.0,0.0942394956946373
4047.333333333333,0.0,0.0,4.672000000000001,0.0,0.09423232078552246
4047.6666666666665,0.0,0.0,4.6724000000000006,0.0,0.09422893077135086
4048.0,0.0,0.0,4.672000000000001,0.0,0.09423311054706573
4048.333333333334,0.0,0.0,4.671600000000001,0.0,0.09423727542161942
4048.6666666666665,0.0,0.0,4.6712,0.0,0.09424147009849548
4049.0,0.0,0.0,4.6708,0.0,0.09424567222595215
4049.3333333333335,0.0,0.0,4.6708,0.0,0.09424608200788498
4049.6666666666665,0.0,0.0,4.671600000000001,0.0,0.09423893690109253
4050.0,0.0,0.0,4.671600000000001,0.0,0.09423936903476715
4050.3333333333335,0.0,0.0,4.6708,0.0,0.09424740821123123
4050.6666666666665,0.0,0.0,4.6704,0.0,0.09425166249275208
4051.0,0.0,0.0,4.6704,0.0,0.09425214678049088
4051.3333333333335,0.0,0.0,4.67,0.0,0.09425642341375351
4051.666666666666,0.0,0.0,4.6712,0.0,0.094245545566082
4052.0,0.0,0.0,4.6708,0.0,0.09424986690282822
4052.3333333333335,0.0,0.0,4.6708,0.0,0.09425041824579239
4052.666666666667,0.0,0.0,4.6704,0.0,0.0942547544836998
4053.0,0.0,0.0,4.67,0.0,0.0942591056227684
4053.3333333333335,0.0,0.0,4.6708,0.0,0.0942521020770073
4053.666666666667,0.0,0.0,4.6708,0.0,0.09425268322229385
4054.0,0.0,0.0,4.6708,0.0,0.09425327926874161
4054.3333333333335,0.0,0.0,4.6704,0.0,0.09425768256187439
4054.666666666667,0.0,0.0,4.67,0.0,0.09426207840442657
4054.9999999999995,0.0,0.0,4.67,0.0,0.09426269680261612
4055.3333333333335,0.0,0.0,4.6684,0.0,0.0942784771323204
4055.666666666667,0.0,0.0,4.6684,0.0,0.09427909553050995
4055.9999999999995,0.0,0.0,4.6684,0.0,0.0942797139286995
4056.333333333333,0.0,0.0,4.6688,0.0,0.0942765399813652
4056.666666666667,0.0,0.0,4.6684,0.0,0.09428095817565918
4056.9999999999995,0.0,0.0,4.6688,0.0,0.09427779167890549
4057.333333333333,0.0,0.0,4.6692,0.0,0.0942746177315712
4057.666666666667,0.0,0.0,4.668,0.0,0.09428663551807404
4058.0000000000005,0.0,0.0,4.6676,0.0,0.0942910686135292
4058.333333333333,0.0,0.0,4.6672,0.0,0.09429549425840378
4058.666666666667,0.0,0.0,4.6676,0.0,0.09429232031106949
4059.0000000000005,0.0,0.0,4.668,0.0,0.0942891389131546
4059.333333333333,0.0,0.0,4.6688,0.0,0.09428215771913528
4059.6666666666665,0.0,0.0,4.6712,0.0,0.09425999969244003
4060.0000000000005,0.0,0.0,4.6728000000000005,0.0,0.09424544125795364
4060.333333333333,0.0,0.0,4.6724000000000006,0.0,0.09424982964992523
4060.6666666666665,0.0,0.0,4.6712,0.0,0.0942617878317833
4061.0,0.0,0.0,4.6708,0.0,0.09426615387201309
4061.333333333333,0.0,0.0,4.67,0.0,0.09427428990602493
4061.6666666666665,0.0,0.0,4.6712,0.0,0.0942634642124176
4062.0,0.0,0.0,4.6704,0.0,0.09427157044410706
4062.333333333333,0.0,0.0,4.671600000000001,0.0,0.09426069259643555
4062.6666666666665,0.0,0.0,4.671600000000001,0.0,0.09426116943359375
4063.0,0.0,0.0,4.6712,0.0,0.0942654088139534
4063.333333333334,0.0,0.0,4.6712,0.0,0.09426583349704742
4063.6666666666665,0.0,0.0,4.671600000000001,0.0,0.09426245838403702
4064.0,0.0,0.0,4.6704,0.0,0.09427421540021896
4064.3333333333335,0.0,0.0,4.6708,0.0,0.09427079558372498
4064.6666666666665,0.0,0.0,4.6708,0.0,0.09427114576101303
4065.0,0.0,0.0,4.6708,0.0,0.09427150338888168
4065.3333333333335,0.0,0.0,4.67,0.0,0.09427943825721741
4065.6666666666665,0.0,0.0,4.6704,0.0,0.09427598118782043
4066.0,0.0,0.0,4.6696,0.0,0.09428391605615616
4066.3333333333335,0.0,0.0,4.6696,0.0,0.09428425133228302
4066.666666666666,0.0,0.0,4.6696,0.0,0.09428456425666809
4067.0,0.0,0.0,4.6708,0.0,0.09427352249622345
4067.3333333333335,0.0,0.0,4.671600000000001,0.0,0.09426627308130264
4067.666666666667,0.0,0.0,4.671600000000001,0.0,0.09426663815975189
4068.0,0.0,0.0,4.6724000000000006,0.0,0.09425943344831467
4068.3333333333335,0.0,0.0,4.6736,0.0,0.0942484587430954
4068.666666666667,0.0,0.0,4.6744,0.0,0.09424127638339996
4069.0,0.0,0.0,4.674,0.0,0.09424550086259842
4069.3333333333335,0.0,0.0,4.6756,0.0,0.09423080086708069
4069.666666666667,0.0,0.0,4.6748,0.0,0.09423882514238358
4069.9999999999995,0.0,0.0,4.674,0.0,0.09424687176942825
4070.3333333333335,0.0,0.0,4.6736,0.0,0.09425115585327148
4070.666666666667,0.0,0.0,4.6736,0.0,0.09425166249275208
4070.9999999999995,0.0,0.0,4.6732000000000005,0.0,0.09425598382949829
4071.333333333333,0.0,0.0,4.6748,0.0,0.09424137324094772
4071.666666666667,0.0,0.0,4.674,0.0,0.09424950182437897
4071.9999999999995,0.0,0.0,4.674,0.0,0.09425005316734314
4072.333333333333,0.0,0.0,4.674,0.0,0.09425061196088791
4072.666666666667,0.0,0.0,4.6724000000000006,0.0,0.09426633268594742
4073.0000000000005,0.0,0.0,4.671600000000001,0.0,0.09427449852228165
4073.333333333333,0.0,0.0,4.6708,0.0,0.09428267180919647
4073.666666666667,0.0,0.0,4.6708,0.0,0.09428323060274124
4074.0000000000005,0.0,0.0,4.6708,0.0,0.0942838191986084
4074.333333333333,0.0,0.0,4.6708,0.0,0.09428440034389496
4074.6666666666665,0.0,0.0,4.6708,0.0,0.09428498893976212
4075.0000000000005,0.0,0.0,4.6708,0.0,0.09428555518388748
4075.333333333333,0.0,0.0,4.67,0.0,0.09429372102022171
4075.6666666666665,0.0,0.0,4.67,0.0,0.09429427981376648
4076.0,0.0,0.0,4.6696,0.0,0.09429864585399628
4076.333333333333,0.0,0.0,4.6692,0.0,0.09430302679538727
4076.6666666666665,0.0,0.0,4.6684,0.0,0.0943111851811409
4077.0,0.0,0.0,4.6688,0.0,0.09430797398090363
4077.333333333333,0.0,0.0,4.6692,0.0,0.09430477023124695
4077.6666666666665,0.0,0.0,4.6704,0.0,0.0942939966917038
4078.0,0.0,0.0,4.67,0.0,0.09429839998483658
4078.333333333334,0.0,0.0,4.672000000000001,0.0,0.09428005665540695
4078.6666666666665,0.0,0.0,4.672000000000001,0.0,0.09428068995475769
4079.0,0.0,0.0,4.6724000000000006,0.0,0.0942775309085846
4079.3333333333335,0.0,0.0,4.6732000000000005,0.0,0.09427060186862946
4079.6666666666665,0.0,0.0,4.6744,0.0,0.09425987303256989
4080.0,0.0,0.0,4.674,0.0,0.09426431357860565
4080.3333333333335,0.0,0.0,4.6744,0.0,0.09426117688417435
4080.6666666666665,0.0,0.0,4.674,0.0,0.09426563233137131
4081.0,0.0,0.0,4.674,0.0,0.09426630288362503
4081.3333333333335,0.0,0.0,4.6732000000000005,0.0,0.09427455067634583
4081.666666666666,0.0,0.0,4.6728000000000005,0.0,0.09427899122238159
4082.0,0.0,0.0,4.6732000000000005,0.0,0.09427587687969208
4082.3333333333335,0.0,0.0,4.6728000000000005,0.0,0.09428031742572784
4082.666666666667,0.0,0.0,4.6732000000000005,0.0,0.09427718073129654
4083.0,0.0,0.0,4.6728000000000005,0.0,0.09428161382675171
4083.3333333333335,0.0,0.0,4.6736,0.0,0.09427466243505478
4083.666666666667,0.0,0.0,4.6724000000000006,0.0,0.09428664296865463
4084.0,0.0,0.0,4.6728000000000005,0.0,0.09428345412015915
4084.3333333333335,0.0,0.0,4.6724000000000006,0.0,0.09428782761096954
4084.666666666667,0.0,0.0,4.672000000000001,0.0,0.09429217875003815
4084.9999999999995,0.0,0.0,4.6724000000000006,0.0,0.09428892284631729
4085.3333333333335,0.0,0.0,4.672000000000001,0.0,0.09429323673248291
4085.666666666667,0.0,0.0,4.671600000000001,0.0,0.09429754316806793
4085.9999999999995,0.0,0.0,4.6724000000000006,0.0,0.09429045021533966
4086.333333333333,0.0,0.0,4.6724000000000006,0.0,0.09429091215133667
4086.666666666667,0.0,0.0,4.672000000000001,0.0,0.09429515898227692
4086.9999999999995,0.0,0.0,4.6712,0.0,0.0943031832575798
4087.333333333333,0.0,0.0,4.6712,0.0,0.09430359303951263
4087.666666666667,0.0,0.0,4.6712,0.0,0.09430398792028427
4088.0000000000005,0.0,0.0,4.6704,0.0,0.09431195259094238
4088.333333333333,0.0,0.0,4.6712,0.0,0.09430474042892456
4088.666666666667,0.0,0.0,4.6712,0.0,0.09430508315563202
4089.0000000000005,0.0,0.0,4.6708,0.0,0.09430921822786331
4089.333333333333,0.0,0.0,4.67,0.0,0.09431713819503784
4089.6666666666665,0.0,0.0,4.67,0.0,0.09431745111942291
4090.0000000000005,0.0,0.0,4.67,0.0,0.09431776404380798
4090.333333333333,0.0,0.0,4.6704,0.0,0.09431428462266922
4090.6666666666665,0.0,0.0,4.6712,0.0,0.09430701285600662
4091.0,0.0,0.0,4.671600000000001,0.0,0.09430352598428726
4091.333333333333,0.0,0.0,4.672000000000001,0.0,0.09430006891489029
4091.6666666666665,0.0,0.0,4.6712,0.0,0.09430798888206482
4092.0,0.0,0.0,4.6708,0.0,0.0943121463060379
4092.333333333333,0.0,0.0,4.6704,0.0,0.09431631863117218
4092.6666666666665,0.0,0.0,4.6704,0.0,0.09431670606136322
4093.0,0.0,0.0,4.6708,0.0,0.09431331604719162
4093.333333333334,0.0,0.0,4.6724000000000006,0.0,0.0942985787987709
4093.6666666666665,0.0,0.0,4.6724000000000006,0.0,0.0942990630865097
4094.0,0.0,0.0,4.6728000000000005,0.0,0.09429575502872467
4094.3333333333335,0.0,0.0,4.6728000000000005,0.0,0.09429627656936646
4094.6666666666665,0.0,0.0,4.6736,0.0,0.09428924322128296
4095.0,0.0,0.0,4.674,0.0,0.09428604692220688
4095.3333333333335,0.0,0.0,4.674,0.0,0.09428665041923523
4095.6666666666665,0.0,0.0,4.674,0.0,0.09428727626800537
4096.0,0.0,0.0,4.6732000000000005,0.0,0.09429551661014557
4096.333333333334,0.0,0.0,4.6728000000000005,0.0,0.09429999440908432
4096.666666666666,0.0,0.0,4.6732000000000005,0.0,0.0942969098687172
4097.0,0.0,0.0,4.6728000000000005,0.0,0.09430142492055893
4097.333333333334,0.0,0.0,4.6732000000000005,0.0,0.09429837763309479
4097.666666666667,0.0,0.0,4.6724000000000006,0.0,0.09430670738220215
4098.0,0.0,0.0,4.6724000000000006,0.0,0.09430748224258423
4098.333333333333,0.0,0.0,4.6712,0.0,0.09431962668895721
4098.666666666667,0.0,0.0,4.6708,0.0,0.09432419389486313
4099.0,0.0,0.0,4.6708,0.0,0.09432494640350342
4099.333333333333,0.0,0.0,4.6708,0.0,0.09432569891214371
4099.666666666667,0.0,0.0,4.671600000000001,0.0,0.09431883692741394
4100.0,0.0,0.0,4.672000000000001,0.0,0.09431576728820801
4100.333333333333,0.0,0.0,4.671600000000001,0.0,0.09432028979063034
4100.666666666667,0.0,0.0,4.6728000000000005,0.0,0.09430962055921555
4101.0,0.0,0.0,4.6728000000000005,0.0,0.09431032091379166
4101.333333333333,0.0,0.0,4.672000000000001,0.0,0.09431859105825424
4101.666666666667,0.0,0.0,4.6728000000000005,0.0,0.0943116694688797
4102.0,0.0,0.0,4.6728000000000005,0.0,0.09431230276823044
4102.333333333333,0.0,0.0,4.6724000000000006,0.0,0.09431672096252441
4102.666666666667,0.0,0.0,4.6728000000000005,0.0,0.09431352466344833
4103.0,0.0,0.0,4.6724000000000006,0.0,0.09431789070367813
4103.333333333333,0.0,0.0,4.6724000000000006,0.0,0.0943184420466423
4103.666666666667,0.0,0.0,4.672000000000001,0.0,0.09432277828454971
4104.0,0.0,0.0,4.671600000000001,0.0,0.09432710707187653
4104.333333333333,0.0,0.0,4.6712,0.0,0.09433139860630035
4104.666666666667,0.0,0.0,4.671600000000001,0.0,0.09432808309793472
4105.0,0.0,0.0,4.672000000000001,0.0,0.0943247526884079
4105.333333333333,0.0,0.0,4.6724000000000006,0.0,0.09432139992713928
4105.666666666667,0.0,0.0,4.6728000000000005,0.0,0.09431803226470947
4106.0,0.0,0.0,4.6736,0.0,0.09431087225675583
4106.333333333333,0.0,0.0,4.6732000000000005,0.0,0.0943150743842125
4106.666666666667,0.0,0.0,4.674,0.0,0.09430789947509766
4107.0,0.0,0.0,4.674,0.0,0.0943082943558693
4107.333333333333,0.0,0.0,4.6744,0.0,0.09430490434169769
4107.666666666666,0.0,0.0,4.6748,0.0,0.0943015068769455
4108.0,0.0,0.0,4.674,0.0,0.09430946409702301
4108.333333333334,0.0,0.0,4.674,0.0,0.09430985897779465
4108.666666666666,0.0,0.0,4.674,0.0,0.09431026875972748
4109.0,0.0,0.0,4.6736,0.0,0.09431446343660355
4109.333333333334,0.0,0.0,4.6736,0.0,0.09431488066911697
4109.666666666666,0.0,0.0,4.6736,0.0,0.0943152979016304
4110.0,0.0,0.0,4.6732000000000005,0.0,0.09431950747966766
4110.333333333334,0.0,0.0,4.6732000000000005,0.0,0.09431994706392288
4110.666666666666,0.0,0.0,4.6724000000000006,0.0,0.09432798624038696
4111.0,0.0,0.0,4.6724000000000006,0.0,0.09432844817638397
4111.333333333334,0.0,0.0,4.6724000000000006,0.0,0.09432891011238098
4111.666666666666,0.0,0.0,4.6724000000000006,0.0,0.09432937949895859
4112.0,0.0,0.0,4.6728000000000005,0.0,0.09432604908943176
4112.333333333334,0.0,0.0,4.6732000000000005,0.0,0.09432273358106613
4112.666666666667,0.0,0.0,4.672000000000001,0.0,0.09433460980653763
4113.0,0.0,0.0,4.6704,0.0,0.09435030817985535
4113.333333333333,0.0,0.0,4.6708,0.0,0.0943470150232315
4113.666666666667,0.0,0.0,4.6704,0.0,0.09435130655765533
4114.0,0.0,0.0,4.6704,0.0,0.09435181319713593
4114.333333333333,0.0,0.0,4.6708,0.0,0.09434852749109268
4114.666666666667,0.0,0.0,4.67,0.0,0.09435661882162094
4115.0,0.0,0.0,4.67,0.0,0.09435711055994034
4115.333333333333,0.0,0.0,4.6708,0.0,0.09435000270605087
4115.666666666667,0.0,0.0,4.6712,0.0,0.09434670954942703
4116.0,0.0,0.0,4.672000000000001,0.0,0.09433961659669876
4116.333333333333,0.0,0.0,4.672000000000001,0.0,0.09434011578559875
4116.666666666667,0.0,0.0,4.671600000000001,0.0,0.09434442222118378
4117.0,0.0,0.0,4.6704,0.0,0.09435630589723587
4117.333333333333,0.0,0.0,4.6696,0.0,0.09436441212892532
4117.666666666667,0.0,0.0,4.67,0.0,0.09436112642288208
4118.0,0.0,0.0,4.6712,0.0,0.09435023367404938
4118.333333333333,0.0,0.0,4.671600000000001,0.0,0.09434694051742554
4118.666666666667,0.0,0.0,4.6704,0.0,0.09435886889696121
4119.0,0.0,0.0,4.6696,0.0,0.09436698257923126
4119.333333333333,0.0,0.0,4.668,0.0,0.09438271820545197
4119.666666666667,0.0,0.0,4.6676,0.0,0.09438703954219818
4120.0,0.0,0.0,4.6676,0.0,0.09438756108283997
4120.333333333333,0.0,0.0,4.668,0.0,0.09438428282737732
4120.666666666667,0.0,0.0,4.6688,0.0,0.09437721222639084
4121.0,0.0,0.0,4.67,0.0,0.09436631947755814
4121.333333333333,0.0,0.0,4.6704,0.0,0.09436304867267609
4121.666666666667,0.0,0.0,4.6712,0.0,0.09435596317052841
4122.0,0.0,0.0,4.6732000000000005,0.0,0.09433747828006744
4122.333333333333,0.0,0.0,4.674,0.0,0.09433040022850037
4122.666666666666,0.0,0.0,4.6752,0.0,0.09431953728199005
4123.0,0.0,0.0,4.674,0.0,0.09433140605688095
4123.333333333334,0.0,0.0,4.6744,0.0,0.09432810544967651
4123.666666666666,0.0,0.0,4.6748,0.0,0.09432480484247208
4124.0,0.0,0.0,4.674,0.0,0.09433288872241974
4124.333333333334,0.0,0.0,4.6736,0.0,0.09433715790510178
4124.666666666666,0.0,0.0,4.6744,0.0,0.09433005750179291
4125.0,0.0,0.0,4.674,0.0,0.09433434158563614
4125.333333333334,0.0,0.0,4.674,0.0,0.09433481842279434
4125.666666666666,0.0,0.0,4.6736,0.0,0.09433908760547638
4126.0,0.0,0.0,4.6724000000000006,0.0,0.09435095638036728
4126.333333333334,0.0,0.0,4.6728000000000005,0.0,0.09434764832258224
4126.666666666666,0.0,0.0,4.6728000000000005,0.0,0.09434811770915985
4127.0,0.0,0.0,4.671600000000001,0.0,0.09435998648405075
4127.333333333334,0.0,0.0,4.672000000000001,0.0,0.09435667097568512
4127.666666666667,0.0,0.0,4.6724000000000006,0.0,0.09435336291790009
4128.0,0.0,0.0,4.6728000000000005,0.0,0.09435003995895386
4128.333333333333,0.0,0.0,4.6728000000000005,0.0,0.09435053169727325
4128.666666666667,0.0,0.0,4.6724000000000006,0.0,0.09435482323169708
4129.0,0.0,0.0,4.6728000000000005,0.0,0.09435150772333145
4129.333333333333,0.0,0.0,4.6748,0.0,0.09433303773403168
4129.666666666667,0.0,0.0,4.6752,0.0,0.09432973712682724
4130.0,0.0,0.0,4.6744,0.0,0.09433780610561371
4130.333333333333,0.0,0.0,4.6744,0.0,0.0943383127450943
4130.666666666667,0.0,0.0,4.6744,0.0,0.0943388119339943
4131.0,0.0,0.0,4.6732000000000005,0.0,0.09435071051120758
4131.333333333333,0.0,0.0,4.6736,0.0,0.09434740990400314
4131.666666666667,0.0,0.0,4.6736,0.0,0.09434790909290314
4132.0,0.0,0.0,4.6736,0.0,0.09434840083122253
4132.333333333333,0.0,0.0,4.6736,0.0,0.09434889256954193
4132.666666666667,0.0,0.0,4.6736,0.0,0.09434936940670013
4133.0,0.0,0.0,4.6744,0.0,0.09434226155281067
4133.333333333333,0.0,0.0,4.6728000000000005,0.0,0.09435790777206421
4133.666666666667,0.0,0.0,4.671600000000001,0.0,0.09436977654695511
4134.0,0.0,0.0,4.671600000000001,0.0,0.09437025338411331
4134.333333333333,0.0,0.0,4.672000000000001,0.0,0.09436691552400589
4134.666666666667,0.0,0.0,4.6728000000000005,0.0,0.09435976296663284
4135.0,0.0,0.0,4.6736,0.0,0.09435264021158218
4135.333333333333,0.0,0.0,4.6728000000000005,0.0,0.09436067193746567
4135.666666666667,0.0,0.0,4.6732000000000005,0.0,0.09435733407735825
4136.0,0.0,0.0,4.6732000000000005,0.0,0.09435778111219406
4136.333333333333,0.0,0.0,4.6728000000000005,0.0,0.09436202049255371
4136.666666666667,0.0,0.0,4.674,0.0,0.09435107558965683
4137.0,0.0,0.0,4.6744,0.0,0.09434773027896881
4137.333333333333,0.0,0.0,4.674,0.0,0.09435196965932846
4137.666666666666,0.0,0.0,4.674,0.0,0.09435240924358368
4138.0,0.0,0.0,4.6732000000000005,0.0,0.09436044842004776
4138.333333333334,0.0,0.0,4.6724000000000006,0.0,0.09436849504709244
4138.666666666666,0.0,0.0,4.671600000000001,0.0,0.09437654167413712
4139.0,0.0,0.0,4.6724000000000006,0.0,0.09436938911676407
4139.333333333334,0.0,0.0,4.6724000000000006,0.0,0.09436985105276108
4139.666666666666,0.0,0.0,4.6724000000000006,0.0,0.09437033534049988
4140.0,0.0,0.0,4.6724000000000006,0.0,0.09437081962823868
4140.333333333334,0.0,0.0,4.672000000000001,0.0,0.0943751186132431
4140.666666666666,0.0,0.0,4.6712,0.0,0.09438322484493256
4141.0,0.0,0.0,4.6724000000000006,0.0,0.09437233954668045
4141.333333333334,0.0,0.0,4.6736,0.0,0.09436146169900894
4141.666666666666,0.0,0.0,4.6736,0.0,0.09436199069023132
4142.0,0.0,0.0,4.6732000000000005,0.0,0.09436634182929993
4142.333333333334,0.0,0.0,4.6728000000000005,0.0,0.09437068551778793
4142.666666666667,0.0,0.0,4.6728000000000005,0.0,0.0943712368607521
4143.0,0.0,0.0,4.6724000000000006,0.0,0.0943756178021431
4143.333333333333,0.0,0.0,4.672000000000001,0.0,0.09437999874353409
4143.666666666667,0.0,0.0,4.6724000000000006,0.0,0.09437678754329681
4144.0,0.0,0.0,4.6732000000000005,0.0,0.0943697839975357
4144.333333333333,0.0,0.0,4.674,0.0,0.09436279535293579
4144.666666666667,0.0,0.0,4.6736,0.0,0.09436721354722977
4145.0,0.0,0.0,4.6728000000000005,0.0,0.09437543153762817
4145.333333333333,0.0,0.0,4.6728000000000005,0.0,0.09437606483697891
4145.666666666667,0.0,0.0,4.6732000000000005,0.0,0.09437289834022522
4146.0,0.0,0.0,4.6732000000000005,0.0,0.09437352418899536
4146.333333333333,0.0,0.0,4.6724000000000006,0.0,0.09438178688287735
4146.666666666667,0.0,0.0,4.6724000000000006,0.0,0.09438242018222809
4147.0,0.0,0.0,4.672000000000001,0.0,0.09438685327768326
4147.333333333333,0.0,0.0,4.6736,0.0,0.09437227994203568
4147.666666666667,0.0,0.0,4.6732000000000005,0.0,0.09437670558691025
4148.0,0.0,0.0,4.6732000000000005,0.0,0.0943773090839386
4148.333333333333,0.0,0.0,4.672000000000001,0.0,0.09438930451869965
4148.666666666667,0.0,0.0,4.672000000000001,0.0,0.0943898856639862
4149.0,0.0,0.0,4.672000000000001,0.0,0.09439042955636978
4149.333333333333,0.0,0.0,4.672000000000001,0.0,0.09439097344875336
4149.666666666667,0.0,0.0,4.671600000000001,0.0,0.09439529478549957
4150.0,0.0,0.0,4.6704,0.0,0.09440718591213226
4150.333333333333,0.0,0.0,4.67,0.0,0.0944114699959755
4150.666666666667,0.0,0.0,4.6696,0.0,0.09441573172807693
4151.0,0.0,0.0,4.67,0.0,0.09441237896680832
4151.333333333333,0.0,0.0,4.6704,0.0,0.09440899640321732
4151.666666666667,0.0,0.0,4.6704,0.0,0.09440940618515015
4152.0,0.0,0.0,4.67,0.0,0.09441361576318741
4152.333333333333,0.0,0.0,4.67,0.0,0.09441401064395905
4152.666666666666,0.0,0.0,4.6708,0.0,0.09440679848194122
4153.0,0.0,0.0,4.6712,0.0,0.09440336376428604
4153.333333333334,0.0,0.0,4.672000000000001,0.0,0.09439613670110703
4153.666666666666,0.0,0.0,4.6728000000000005,0.0,0.0943889170885086
4154.0,0.0,0.0,4.6728000000000005,0.0,0.09438929706811905
4154.333333333334,0.0,0.0,4.672000000000001,0.0,0.09439726173877716
4154.666666666666,0.0,0.0,4.6732000000000005,0.0,0.09438623487949371
4155.0,0.0,0.0,4.6736,0.0,0.09438281506299973
4155.333333333334,0.0,0.0,4.6744,0.0,0.09437558054924011
4155.666666666666,0.0,0.0,4.6744,0.0,0.09437596052885056
4156.0,0.0,0.0,4.6736,0.0,0.09438391774892807
4156.333333333334,0.0,0.0,4.6732000000000005,0.0,0.09438809007406235
4156.666666666666,0.0,0.0,4.6728000000000005,0.0,0.09439226239919662
4157.0,0.0,0.0,4.6732000000000005,0.0,0.09438884258270264
4157.333333333334,0.0,0.0,4.674,0.0,0.09438163042068481
4157.666666666667,0.0,0.0,4.6744,0.0,0.09437822550535202
4158.0,0.0,0.0,4.6744,0.0,0.09437861293554306
4158.333333333333,0.0,0.0,4.674,0.0,0.09438282251358032
4158.666666666667,0.0,0.0,4.6752,0.0,0.09437183290719986
4159.0,0.0,0.0,4.6748,0.0,0.09437602758407593
4159.333333333333,0.0,0.0,4.6744,0.0,0.09438025206327438
4159.666666666667,0.0,0.0,4.6736,0.0,0.09438825398683548
4160.0,0.0,0.0,4.6732000000000005,0.0,0.09439250081777573
4160.333333333333,0.0,0.0,4.6736,0.0,0.09438913315534592
4160.666666666667,0.0,0.0,4.6724000000000006,0.0,0.09440099447965622
4161.0,0.0,0.0,4.671600000000001,0.0,0.09440905600786209
4161.333333333333,0.0,0.0,4.672000000000001,0.0,0.09440571814775467
4161.666666666667,0.0,0.0,4.6728000000000005,0.0,0.09439858794212341
4162.0,0.0,0.0,4.6744,0.0,0.09438386559486389
4162.333333333333,0.0,0.0,4.674,0.0,0.09438814222812653
4162.666666666667,0.0,0.0,4.6736,0.0,0.09439240396022797
4163.0,0.0,0.0,4.6736,0.0,0.09439287334680557
4163.333333333333,0.0,0.0,4.6744,0.0,0.09438573569059372
4163.666666666667,0.0,0.0,4.674,0.0,0.09438998997211456
4164.0,0.0,0.0,4.6736,0.0,0.09439422190189362
4164.333333333333,0.0,0.0,4.6724000000000006,0.0,0.09440606087446213
4164.666666666667,0.0,0.0,4.6736,0.0,0.09439510107040405
4165.0,0.0,0.0,4.6732000000000005,0.0,0.09439931064844131
4165.333333333333,0.0,0.0,4.6732000000000005,0.0,0.09439973533153534
4165.666666666667,0.0,0.0,4.6728000000000005,0.0,0.0944039449095726
4166.0,0.0,0.0,4.6724000000000006,0.0,0.09440815448760986
4166.333333333333,0.0,0.0,4.6724000000000006,0.0,0.0944085568189621
4166.666666666667,0.0,0.0,4.6732000000000005,0.0,0.09440134465694427
4167.0,0.0,0.0,4.6728000000000005,0.0,0.09440553188323975
4167.333333333333,0.0,0.0,4.6728000000000005,0.0,0.09440593421459198
4167.666666666666,0.0,0.0,4.6736,0.0,0.09439872205257416
4168.0,0.0,0.0,4.6736,0.0,0.0943991094827652
4168.333333333334,0.0,0.0,4.671600000000001,0.0,0.09441851079463959
4168.666666666666,0.0,0.0,4.671600000000001,0.0,0.09441889077425003
4169.0,0.0,0.0,4.672000000000001,0.0,0.09441547840833664
4169.333333333334,0.0,0.0,4.6728000000000005,0.0,0.09440827369689941
4169.666666666666,0.0,0.0,4.6736,0.0,0.09440107643604279
4170.0,0.0,0.0,4.6736,0.0,0.09440147131681442
4170.333333333334,0.0,0.0,4.6736,0.0,0.09440188109874725
4170.666666666666,0.0,0.0,4.6744,0.0,0.09439469873905182
4171.0,0.0,0.0,4.6744,0.0,0.09439512342214584
4171.333333333334,0.0,0.0,4.6752,0.0,0.0943879559636116
4171.666666666666,0.0,0.0,4.6772,0.0,0.09436940401792526
4172.0,0.0,0.0,4.6768,0.0,0.09437365084886551
4172.333333333334,0.0,0.0,4.6768,0.0,0.09437409043312073
4172.666666666667,0.0,0.0,4.676,0.0,0.094382144510746
4173.0,0.0,0.0,4.6756,0.0,0.09438638389110565
4173.333333333333,0.0,0.0,4.6756,0.0,0.09438685327768326
4173.666666666667,0.0,0.0,4.676,0.0,0.09438353031873703
4174.0,0.0,0.0,4.6752,0.0,0.0943915992975235
4174.333333333333,0.0,0.0,4.6744,0.0,0.09439966827630997
4174.666666666667,0.0,0.0,4.6752,0.0,0.0943925604224205
4175.0,0.0,0.0,4.676,0.0,0.09438545256853104
4175.333333333333,0.0,0.0,4.6752,0.0,0.0943935438990593
4175.666666666667,0.0,0.0,4.6748,0.0,0.09439782798290253
4176.0,0.0,0.0,4.6748,0.0,0.09439832717180252
4176.333333333333,0.0,0.0,4.6736,0.0,0.09441022574901581
4176.666666666667,0.0,0.0,4.6736,0.0,0.09441074728965759
4177.0,0.0,0.0,4.6732000000000005,0.0,0.09441506862640381
4177.333333333333,0.0,0.0,4.6732000000000005,0.0,0.09441560506820679
4177.666666666667,0.0,0.0,4.6744,0.0,0.09440473467111588
4178.0,0.0,0.0,4.6752,0.0,0.09439767897129059
4178.333333333333,0.0,0.0,4.6744,0.0,0.09440581500530243
4178.666666666667,0.0,0.0,4.674,0.0,0.09441015869379044
4179.0,0.0,0.0,4.674,0.0,0.0944107174873352
4179.333333333333,0.0,0.0,4.6736,0.0,0.09441505372524261
4179.666666666667,0.0,0.0,4.6728000000000005,0.0,0.09442321211099625
4180.0,0.0,0.0,4.6728000000000005,0.0,0.09442377090454102
4180.333333333333,0.0,0.0,4.6732000000000005,0.0,0.09442052245140076
4180.666666666667,0.0,0.0,4.6728000000000005,0.0,0.09442487359046936
4181.0,0.0,0.0,4.6728000000000005,0.0,0.09442541748285294
4181.333333333333,0.0,0.0,4.6736,0.0,0.09441836923360825
4181.666666666667,0.0,0.0,4.6732000000000005,0.0,0.09442270547151566
4182.0,0.0,0.0,4.6724000000000006,0.0,0.09443085640668869
4182.333333333333,0.0,0.0,4.6724000000000006,0.0,0.09443140029907227
4182.666666666666,0.0,0.0,4.6724000000000006,0.0,0.09443194419145584
4183.0,0.0,0.0,4.6728000000000005,0.0,0.09442868083715439
4183.333333333334,0.0,0.0,4.674,0.0,0.09441781044006348
4183.666666666666,0.0,0.0,4.6744,0.0,0.09441453218460083
4184.0,0.0,0.0,4.6748,0.0,0.09441126137971878
4184.333333333334,0.0,0.0,4.674,0.0,0.09441936761140823
4184.666666666666,0.0,0.0,4.674,0.0,0.09441986680030823
4185.0,0.0,0.0,4.672000000000001,0.0,0.09443938732147217
4185.333333333334,0.0,0.0,4.6724000000000006,0.0,0.09443608671426773
4185.666666666666,0.0,0.0,4.672000000000001,0.0,0.09444036334753036
4186.0,0.0,0.0,4.6724000000000006,0.0,0.09443704783916473
4186.333333333334,0.0,0.0,4.6728000000000005,0.0,0.09443370997905731
4186.666666666666,0.0,0.0,4.674,0.0,0.09442277997732162
4187.0,0.0,0.0,4.6748,0.0,0.09441565722227097
4187.333333333334,0.0,0.0,4.676,0.0,0.09440474957227707
4187.666666666667,0.0,0.0,4.6756,0.0,0.0944090262055397
4188.0,0.0,0.0,4.6756,0.0,0.0944095104932785
4188.333333333333,0.0,0.0,4.6748,0.0,0.09441757947206497
4188.666666666667,0.0,0.0,4.674,0.0,0.09442565590143204
4189.0,0.0,0.0,4.6756,0.0,0.09441091865301132
4189.333333333333,0.0,0.0,4.676,0.0,0.0944075807929039
4189.666666666667,0.0,0.0,4.6752,0.0,0.09441564977169037
4190.0,0.0,0.0,4.6756,0.0,0.09441232681274414
4190.333333333333,0.0,0.0,4.676,0.0,0.09440898895263672
4190.666666666667,0.0,0.0,4.6776,0.0,0.0943942740559578
4191.0,0.0,0.0,4.678,0.0,0.09439095854759216
4191.333333333333,0.0,0.0,4.6772,0.0,0.09439901262521744
4191.666666666667,0.0,0.0,4.6752,0.0,0.0944184958934784
4192.0,0.0,0.0,4.6756,0.0,0.09441516548395157
4192.333333333333,0.0,0.0,4.6748,0.0,0.09442324191331863
4192.666666666667,0.0,0.0,4.6744,0.0,0.09442749619483948
4193.0,0.0,0.0,4.6752,0.0,0.09442035108804703
4193.333333333333,0.0,0.0,4.6744,0.0,0.0944283977150917
4193.666666666667,0.0,0.0,4.6748,0.0,0.0944250151515007
4194.0,0.0,0.0,4.6744,0.0,0.09442923963069916
4194.333333333333,0.0,0.0,4.6744,0.0,0.09442965686321259
4194.666666666667,0.0,0.0,4.6736,0.0,0.09443768858909607
4195.0,0.0,0.0,4.6736,0.0,0.0944380834698677
4195.333333333333,0.0,0.0,4.6736,0.0,0.09443848580121994
4195.666666666667,0.0,0.0,4.6732000000000005,0.0,0.0944426879286766
4196.0,0.0,0.0,4.674,0.0,0.09443545341491699
4196.333333333333,0.0,0.0,4.674,0.0,0.09443584084510803
4196.666666666667,0.0,0.0,4.6736,0.0,0.09444001317024231
4197.0,0.0,0.0,4.6728000000000005,0.0,0.09444797784090042
4197.333333333333,0.0,0.0,4.6728000000000005,0.0,0.09444834291934967
4197.666666666666,0.0,0.0,4.6728000000000005,0.0,0.09444871544837952
4198.0,0.0,0.0,4.6724000000000006,0.0,0.094452865421772
4198.333333333334,0.0,0.0,4.6724000000000006,0.0,0.09445322304964066
4198.666666666666,0.0,0.0,4.6724000000000006,0.0,0.09445358067750931
4199.0,0.0,0.0,4.671600000000001,0.0,0.09446153789758682
4199.333333333334,0.0,0.0,4.671600000000001,0.0,0.09446190297603607
4199.666666666666,0.0,0.0,4.671600000000001,0.0,0.09446226805448532
4200.0,0.0,0.0,4.671600000000001,0.0,0.09446261823177338
4200.333333333334,0.0,0.0,4.6728000000000005,0.0,0.09445155411958694
4200.666666666666,0.0,0.0,4.6732000000000005,0.0,0.09444812685251236
4201.0,0.0,0.0,4.6736,0.0,0.09444471448659897
4201.333333333334,0.0,0.0,4.6748,0.0,0.09443370997905731
4201.666666666666,0.0,0.0,4.6744,0.0,0.09443790465593338
4202.0,0.0,0.0,4.6752,0.0,0.09443069249391556
4202.333333333334,0.0,0.0,4.6756,0.0,0.09442729502916336
4202.666666666667,0.0,0.0,4.6768,0.0,0.0944163128733635
4203.0,0.0,0.0,4.6768,0.0,0.09441673010587692
4203.333333333333,0.0,0.0,4.6764,0.0,0.09442095458507538
4203.666666666667,0.0,0.0,4.6764,0.0,0.0944213941693306
4204.0,0.0,0.0,4.6772,0.0,0.09441422671079636
4204.333333333333,0.0,0.0,4.6776,0.0,0.09441087394952774
4204.666666666667,0.0,0.0,4.6764,0.0,0.09442275017499924
4205.0,0.0,0.0,4.676,0.0,0.09442701190710068
4205.333333333333,0.0,0.0,4.6756,0.0,0.0944313257932663
4205.666666666667,0.0,0.0,4.6752,0.0,0.09443563222885132
4206.0,0.0,0.0,4.6752,0.0,0.0944361686706543
4206.333333333333,0.0,0.0,4.6752,0.0,0.09443669766187668
4206.666666666667,0.0,0.0,4.6748,0.0,0.09444104880094528
4207.0,0.0,0.0,4.6748,0.0,0.09444162249565125
4207.333333333333,0.0,0.0,4.6752,0.0,0.09443839639425278
4207.666666666667,0.0,0.0,4.6756,0.0,0.0944352000951767
4208.0,0.0,0.0,4.6752,0.0,0.09443961083889008
4208.333333333333,0.0,0.0,4.6748,0.0,0.09444403648376465
4208.666666666667,0.0,0.0,4.6748,0.0,0.09444467723369598
4209.0,0.0,0.0,4.6752,0.0,0.09444151073694229
4209.333333333333,0.0,0.0,4.6772,0.0,0.09442316740751266
4209.666666666667,0.0,0.0,4.6764,0.0,0.09443142265081406
4210.0,0.0,0.0,4.6756,0.0,0.09443968534469604
4210.333333333333,0.0,0.0,4.6756,0.0,0.09444033354520798
4210.666666666667,0.0,0.0,4.6756,0.0,0.09444097429513931
4211.0,0.0,0.0,4.6768,0.0,0.09443020075559616
4211.333333333333,0.0,0.0,4.6776,0.0,0.09442321211099625
4211.666666666667,0.0,0.0,4.6776,0.0,0.0944238156080246
4212.0,0.0,0.0,4.6776,0.0,0.09442440420389175
4212.333333333333,0.0,0.0,4.6772,0.0,0.09442876279354095
4212.666666666666,0.0,0.0,4.6772,0.0,0.09442930668592453
4213.0,0.0,0.0,4.6768,0.0,0.09443362057209015
4213.333333333334,0.0,0.0,4.6772,0.0,0.09443030506372452
4213.666666666666,0.0,0.0,4.6768,0.0,0.09443455934524536
4214.0,0.0,0.0,4.6772,0.0,0.09443118423223495
4214.333333333334,0.0,0.0,4.6776,0.0,0.09442778676748276
4214.666666666666,0.0,0.0,4.6784,0.0,0.09442057460546494
4215.0,0.0,0.0,4.6784,0.0,0.09442092478275299
4215.333333333334,0.0,0.0,4.6784,0.0,0.09442127496004105
4215.666666666666,0.0,0.0,4.6792,0.0,0.09441401064395905
4216.0,0.0,0.0,4.6776,0.0,0.09442950785160065
4216.333333333334,0.0,0.0,4.6776,0.0,0.09442979097366333
4216.666666666666,0.0,0.0,4.6772,0.0,0.09443388134241104
4217.0,0.0,0.0,4.6768,0.0,0.09443793445825577
4217.333333333334,0.0,0.0,4.676,0.0,0.09444578737020493
4217.666666666667,0.0,0.0,4.6764,0.0,0.09444224089384079
4218.0,0.0,0.0,4.6764,0.0,0.09444248676300049
4218.333333333333,0.0,0.0,4.676,0.0,0.09444652497768402
4218.666666666667,0.0,0.0,4.6768,0.0,0.09443917870521545
4219.0,0.0,0.0,4.676,0.0,0.09444702416658401
4219.333333333333,0.0,0.0,4.6764,0.0,0.09444348514080048
4219.666666666667,0.0,0.0,4.6768,0.0,0.09443996101617813
4220.0,0.0,0.0,4.6772,0.0,0.09443643689155579
4220.333333333333,0.0,0.0,4.6768,0.0,0.0944405347108841
4220.666666666667,0.0,0.0,4.6764,0.0,0.0944446474313736
4221.0,0.0,0.0,4.6764,0.0,0.09444496035575867
4221.333333333333,0.0,0.0,4.6772,0.0,0.09443769603967667
4221.666666666667,0.0,0.0,4.6772,0.0,0.09443805366754532
4222.0,0.0,0.0,4.6768,0.0,0.0944422259926796
4222.333333333333,0.0,0.0,4.6768,0.0,0.09444261342287064
4222.666666666667,0.0,0.0,4.6772,0.0,0.09443922340869904
4223.0,0.0,0.0,4.6764,0.0,0.09444725513458252
4223.333333333333,0.0,0.0,4.6772,0.0,0.09444010257720947
4223.666666666667,0.0,0.0,4.6776,0.0,0.09443677216768265
4224.0,0.0,0.0,4.6776,0.0,0.09443726390600204
4224.333333333333,0.0,0.0,4.6764,0.0,0.09444916248321533
4224.666666666667,0.0,0.0,4.676,0.0,0.09445348381996155
4225.0,0.0,0.0,4.676,0.0,0.09445402026176453
4225.333333333333,0.0,0.0,4.6784,0.0,0.09443175792694092
4225.666666666667,0.0,0.0,4.6772,0.0,0.09444370865821838
4226.0,0.0,0.0,4.678,0.0,0.09443668276071548
4226.333333333333,0.0,0.0,4.6784,0.0,0.09443346410989761
4226.666666666667,0.0,0.0,4.678,0.0,0.09443787485361099
4227.0,0.0,0.0,4.678,0.0,0.09443847835063934
4227.333333333333,0.0,0.0,4.6784,0.0,0.09443531185388565
4227.666666666666,0.0,0.0,4.6776,0.0,0.09444351494312286
4228.0,0.0,0.0,4.6776,0.0,0.09444413334131241
4228.333333333334,0.0,0.0,4.6776,0.0,0.09444473683834076
4228.666666666666,0.0,0.0,4.6776,0.0,0.0944453626871109
4229.0,0.0,0.0,4.6792,0.0,0.09443076699972153
4229.333333333334,0.0,0.0,4.6792,0.0,0.09443137049674988
4229.666666666666,0.0,0.0,4.679600000000001,0.0,0.0944281667470932
4230.0,0.0,0.0,4.680000000000001,0.0,0.09442493319511414
4230.333333333334,0.0,0.0,4.680400000000001,0.0,0.09442170709371567
4230.666666666666,0.0,0.0,4.6808000000000005,0.0,0.094418466091156
4231.0,0.0,0.0,4.6808000000000005,0.0,0.09441900998353958
4231.333333333334,0.0,0.0,4.682,0.0,0.09440812468528748
4231.666666666666,0.0,0.0,4.6812000000000005,0.0,0.09441620856523514
4232.0,0.0,0.0,4.6816,0.0,0.09441288560628891
4232.333333333334,0.0,0.0,4.6812000000000005,0.0,0.09441712498664856
4232.666666666667,0.0,0.0,4.682,0.0,0.09440997987985611
4233.0,0.0,0.0,4.6816,0.0,0.09441419690847397
4233.333333333333,0.0,0.0,4.6824,0.0,0.09440701454877853
4233.666666666667,0.0,0.0,4.682,0.0,0.09441119432449341
4234.0,0.0,0.0,4.682,0.0,0.09441156685352325
4234.333333333333,0.0,0.0,4.682,0.0,0.0944119468331337
4234.666666666667,0.0,0.0,4.6812000000000005,0.0,0.09441988915205002
4235.0,0.0,0.0,4.680400000000001,0.0,0.09442783892154694
4235.333333333333,0.0,0.0,4.679600000000001,0.0,0.09443578869104385
4235.666666666667,0.0,0.0,4.6788,0.0,0.09444374591112137
4236.0,0.0,0.0,4.6784,0.0,0.09444788843393326
4236.333333333333,0.0,0.0,4.678,0.0,0.09445204585790634
4236.666666666667,0.0,0.0,4.678,0.0,0.094452403485775
4237.0,0.0,0.0,4.678,0.0,0.09445277601480484
4237.333333333333,0.0,0.0,4.6768,0.0,0.09446455538272858
4237.666666666667,0.0,0.0,4.676,0.0,0.09447255730628967
4238.0,0.0,0.0,4.6748,0.0,0.0944843739271164
4238.333333333333,0.0,0.0,4.6756,0.0,0.09447716921567917
4238.666666666667,0.0,0.0,4.676,0.0,0.09447377920150757
4239.0,0.0,0.0,4.6764,0.0,0.09447039663791656
4239.333333333333,0.0,0.0,4.6768,0.0,0.09446701407432556
4239.666666666667,0.0,0.0,4.6768,0.0,0.09446743875741959
4240.0,0.0,0.0,4.6776,0.0,0.09446027874946594
4240.333333333333,0.0,0.0,4.6764,0.0,0.09447214007377625
4240.666666666667,0.0,0.0,4.6772,0.0,0.0944649800658226
4241.0,0.0,0.0,4.6768,0.0,0.09446923434734344
4241.333333333333,0.0,0.0,4.6764,0.0,0.09447349607944489
4241.666666666667,0.0,0.0,4.676,0.0,0.09447776526212692
4242.0,0.0,0.0,4.676,0.0,0.09447824209928513
4242.333333333333,0.0,0.0,4.676,0.0,0.09447872638702393
4242.666666666666,0.0,0.0,4.676,0.0,0.09447922557592392
4243.0,0.0,0.0,4.6768,0.0,0.09447212517261505
4243.333333333334,0.0,0.0,4.6776,0.0,0.09446505457162857
4243.666666666666,0.0,0.0,4.6772,0.0,0.09446938335895538
4244.0,0.0,0.0,4.6772,0.0,0.09446991235017776
4244.333333333334,0.0,0.0,4.6768,0.0,0.09447424858808517
4244.666666666666,0.0,0.0,4.6776,0.0,0.09446719288825989
4245.0,0.0,0.0,4.6768,0.0,0.09447536617517471
4245.333333333334,0.0,0.0,4.6772,0.0,0.09447212517261505
4245.666666666666,0.0,0.0,4.6776,0.0,0.09446889162063599
4246.0,0.0,0.0,4.6792,0.0,0.09445424377918243
4246.333333333334,0.0,0.0,4.6792,0.0,0.0944548100233078
4246.666666666666,0.0,0.0,4.679600000000001,0.0,0.09445157647132874
4247.0,0.0,0.0,4.6808000000000005,0.0,0.09444073587656021
4247.333333333334,0.0,0.0,4.6808000000000005,0.0,0.09444128721952438
4247.666666666667,0.0,0.0,4.6808000000000005,0.0,0.09444184601306915
4248.0,0.0,0.0,4.680400000000001,0.0,0.09444618225097656
4248.333333333333,0.0,0.0,4.679600000000001,0.0,0.0944543108344078
4248.666666666667,0.0,0.0,4.6808000000000005,0.0,0.0944434255361557
4249.0,0.0,0.0,4.6812000000000005,0.0,0.09444014728069305
4249.333333333333,0.0,0.0,4.6816,0.0,0.09443684667348862
4249.666666666667,0.0,0.0,4.6812000000000005,0.0,0.09444111585617065
4250.0,0.0,0.0,4.6816,0.0,0.09443779289722443
4250.333333333333,0.0,0.0,4.682,0.0,0.0944344624876976
4250.666666666667,0.0,0.0,4.682,0.0,0.09443490952253342
4251.0,0.0,0.0,4.6824,0.0,0.0944315567612648
4251.333333333333,0.0,0.0,4.6808000000000005,0.0,0.09444718062877655
4251.666666666667,0.0,0.0,4.6812000000000005,0.0,0.09444380551576614
4252.0,0.0,0.0,4.6808000000000005,0.0,0.0944480299949646
4252.333333333333,0.0,0.0,4.680400000000001,0.0,0.09445223212242126
4252.666666666667,0.0,0.0,4.680400000000001,0.0,0.0944526270031929
4253.0,0.0,0.0,4.680000000000001,0.0,0.09445682168006897
4253.333333333333,0.0,0.0,4.680000000000001,0.0,0.09445719420909882
4253.666666666667,0.0,0.0,4.679600000000001,0.0,0.0944613665342331
4254.0,0.0,0.0,4.6792,0.0,0.09446553885936737
4254.333333333333,0.0,0.0,4.680000000000001,0.0,0.09445828944444656
4254.666666666667,0.0,0.0,4.6792,0.0,0.09446624666452408
4255.0,0.0,0.0,4.679600000000001,0.0,0.0944627970457077
4255.333333333333,0.0,0.0,4.6792,0.0,0.09446694701910019
4255.666666666667,0.0,0.0,4.6784,0.0,0.09447488933801651
4256.0,0.0,0.0,4.678,0.0,0.094479039311409
4256.333333333333,0.0,0.0,4.6792,0.0,0.09446798264980316
4256.666666666667,0.0,0.0,4.6792,0.0,0.09446833282709122
4257.0,0.0,0.0,4.6784,0.0,0.09447628259658813
4257.333333333333,0.0,0.0,4.6784,0.0,0.09447664022445679
4257.666666666666,0.0,0.0,4.6784,0.0,0.09447699785232544
4258.0,0.0,0.0,4.6784,0.0,0.0944773480296135
4258.333333333334,0.0,0.0,4.679600000000001,0.0,0.09446629136800766
4258.666666666666,0.0,0.0,4.6808000000000005,0.0,0.09445522725582123
4259.0,0.0,0.0,4.680000000000001,0.0,0.09446316212415695
4259.333333333334,0.0,0.0,4.680000000000001,0.0,0.09446349740028381
4259.666666666666,0.0,0.0,4.680400000000001,0.0,0.09446002542972565
4260.0,0.0,0.0,4.680400000000001,0.0,0.09446034580469131
4260.333333333334,0.0,0.0,4.680400000000001,0.0,0.09446065127849579
4260.666666666666,0.0,0.0,4.679600000000001,0.0,0.09446855634450912
4261.0,0.0,0.0,4.6792,0.0,0.09447265416383743
4261.333333333334,0.0,0.0,4.6792,0.0,0.09447294473648071
4261.666666666666,0.0,0.0,4.6788,0.0,0.09447702765464783
4262.0,0.0,0.0,4.6784,0.0,0.09448110312223434
4262.333333333334,0.0,0.0,4.6772,0.0,0.09449280053377151
4262.666666666667,0.0,0.0,4.6772,0.0,0.0944930836558342
4263.0,0.0,0.0,4.6776,0.0,0.09448955953121185
4263.333333333333,0.0,0.0,4.6776,0.0,0.09448985755443573
4263.666666666667,0.0,0.0,4.6784,0.0,0.09448254853487015
4264.0,0.0,0.0,4.6776,0.0,0.09449046105146408
4264.333333333333,0.0,0.0,4.6768,0.0,0.0944983959197998
4264.666666666667,0.0,0.0,4.6768,0.0,0.09449873119592667
4265.0,0.0,0.0,4.6772,0.0,0.09449528157711029
4265.333333333333,0.0,0.0,4.6772,0.0,0.09449566155672073
4265.666666666667,0.0,0.0,4.6776,0.0,0.09449224174022675
4266.0,0.0,0.0,4.678,0.0,0.09448885172605515
4266.333333333333,0.0,0.0,4.6776,0.0,0.0944930911064148
4266.666666666667,0.0,0.0,4.6776,0.0,0.09449353814125061
4267.0,0.0,0.0,4.6784,0.0,0.09448640793561935
4267.333333333333,0.0,0.0,4.6768,0.0,0.09450212121009827
4267.666666666667,0.0,0.0,4.6772,0.0,0.09449883550405502
4268.0,0.0,0.0,4.6768,0.0,0.09450317919254303
4268.333333333333,0.0,0.0,4.6756,0.0,0.0945151299238205
4268.666666666667,0.0,0.0,4.6764,0.0,0.09450806677341461
4269.0,0.0,0.0,4.6768,0.0,0.09450481832027435
4269.333333333333,0.0,0.0,4.6764,0.0,0.09450919181108475
4269.666666666667,0.0,0.0,4.6768,0.0,0.09450595825910568
4270.0,0.0,0.0,4.6776,0.0,0.09449892491102219
4270.333333333333,0.0,0.0,4.6776,0.0,0.09449951350688934
4270.666666666667,0.0,0.0,4.6784,0.0,0.09449248015880585
4271.0,0.0,0.0,4.6784,0.0,0.094493068754673
4271.333333333333,0.0,0.0,4.6792,0.0,0.0944860428571701
4271.666666666667,0.0,0.0,4.680000000000001,0.0,0.09447900950908661
4272.0,0.0,0.0,4.679600000000001,0.0,0.094483382999897
4272.333333333333,0.0,0.0,4.679600000000001,0.0,0.09448392689228058
4272.666666666666,0.0,0.0,4.6812000000000005,0.0,0.09446927160024643
4273.0,0.0,0.0,4.6808000000000005,0.0,0.09447360038757324
4273.333333333334,0.0,0.0,4.6808000000000005,0.0,0.09447412192821503
4273.666666666666,0.0,0.0,4.6808000000000005,0.0,0.09447462856769562
4274.0,0.0,0.0,4.6808000000000005,0.0,0.09447512775659561
4274.333333333334,0.0,0.0,4.6808000000000005,0.0,0.09447561204433441
4274.666666666666,0.0,0.0,4.6808000000000005,0.0,0.09447608888149261
4275.0,0.0,0.0,4.6824,0.0,0.0944613590836525
4275.333333333334,0.0,0.0,4.6832,0.0,0.09445422142744064
4275.666666666666,0.0,0.0,4.6812000000000005,0.0,0.09447365254163742
4276.0,0.0,0.0,4.6812000000000005,0.0,0.09447407722473145
4276.333333333334,0.0,0.0,4.682,0.0,0.09446689486503601
4276.666666666666,0.0,0.0,4.6824,0.0,0.09446349740028381
4277.0,0.0,0.0,4.6816,0.0,0.09447148442268372
4277.333333333334,0.0,0.0,4.6824,0.0,0.09446427971124649
4277.666666666667,0.0,0.0,4.682,0.0,0.09446845948696136
4278.0,0.0,0.0,4.682,0.0,0.09446883201599121
4278.333333333333,0.0,0.0,4.6816,0.0,0.09447300434112549
4278.666666666667,0.0,0.0,4.6816,0.0,0.09447336941957474
4279.0,0.0,0.0,4.6808000000000005,0.0,0.09448131918907166
4279.333333333333,0.0,0.0,4.6812000000000005,0.0,0.09447787702083588
4279.666666666667,0.0,0.0,4.6812000000000005,0.0,0.09447822719812393
4280.0,0.0,0.0,4.6812000000000005,0.0,0.09447858482599258
4280.333333333333,0.0,0.0,4.682,0.0,0.09447132796049118
4280.666666666667,0.0,0.0,4.6816,0.0,0.09447548538446426
4281.0,0.0,0.0,4.680400000000001,0.0,0.09448724240064621
4281.333333333333,0.0,0.0,4.680400000000001,0.0,0.09448760747909546
4281.666666666667,0.0,0.0,4.6808000000000005,0.0,0.09448417276144028
4282.0,0.0,0.0,4.6816,0.0,0.09447693824768066
4282.333333333333,0.0,0.0,4.6812000000000005,0.0,0.09448111057281494
4282.666666666667,0.0,0.0,4.682,0.0,0.09447388350963593
4283.0,0.0,0.0,4.6824,0.0,0.09447047114372253
4283.333333333333,0.0,0.0,4.6832,0.0,0.0944632887840271
4283.666666666667,0.0,0.0,4.6832,0.0,0.09446372091770172
4284.0,0.0,0.0,4.6836,0.0,0.09446033835411072
4284.333333333333,0.0,0.0,4.6832,0.0,0.09446459263563156
4284.666666666667,0.0,0.0,4.6832,0.0,0.09446503967046738
4285.0,0.0,0.0,4.6836,0.0,0.09446171671152115
4285.333333333333,0.0,0.0,4.6828,0.0,0.09446978569030762
4285.666666666667,0.0,0.0,4.6824,0.0,0.09447407722473145
4286.0,0.0,0.0,4.682,0.0,0.09447836130857468
4286.333333333333,0.0,0.0,4.682,0.0,0.09447887539863586
4286.666666666667,0.0,0.0,4.6808000000000005,0.0,0.09449078887701035
4287.0,0.0,0.0,4.6816,0.0,0.09448373317718506
4287.333333333333,0.0,0.0,4.6828,0.0,0.09447290003299713
4287.666666666666,0.0,0.0,4.682,0.0,0.09448108822107315
4288.0,0.0,0.0,4.682,0.0,0.0944816917181015
4288.333333333334,0.0,0.0,4.6836,0.0,0.09446709603071213
4288.666666666666,0.0,0.0,4.6824,0.0,0.09447912871837616
4289.0,0.0,0.0,4.6812000000000005,0.0,0.09449116140604019
4289.333333333334,0.0,0.0,4.682,0.0,0.09448419511318207
4289.666666666666,0.0,0.0,4.6816,0.0,0.09448863565921783
4290.0,0.0,0.0,4.6812000000000005,0.0,0.0944930836558342
4290.333333333334,0.0,0.0,4.6816,0.0,0.0944899320602417
4290.666666666666,0.0,0.0,4.6812000000000005,0.0,0.09449436515569687
4291.0,0.0,0.0,4.6808000000000005,0.0,0.09449879825115204
4291.333333333334,0.0,0.0,4.680000000000001,0.0,0.09450704604387283
4291.666666666666,0.0,0.0,4.679600000000001,0.0,0.09451145678758621
4292.0,0.0,0.0,4.679600000000001,0.0,0.09451206773519516
4292.333333333334,0.0,0.0,4.679600000000001,0.0,0.09451264142990112
4292.666666666667,0.0,0.0,4.6788,0.0,0.09452081471681595
4293.0,0.0,0.0,4.6788,0.0,0.09452133625745773
4293.333333333333,0.0,0.0,4.6792,0.0,0.09451805055141449
4293.666666666667,0.0,0.0,4.680000000000001,0.0,0.09451092779636383
4294.0,0.0,0.0,4.680400000000001,0.0,0.09450758248567581
4294.333333333333,0.0,0.0,4.6808000000000005,0.0,0.09450419992208481
4294.666666666667,0.0,0.0,4.680400000000001,0.0,0.09450843185186386
4295.0,0.0,0.0,4.680000000000001,0.0,0.09451262652873993
4295.333333333333,0.0,0.0,4.680000000000001,0.0,0.09451299905776978
4295.666666666667,0.0,0.0,4.6808000000000005,0.0,0.09450574964284897
4296.0,0.0,0.0,4.680400000000001,0.0,0.09450989961624146
4296.333333333333,0.0,0.0,4.680400000000001,0.0,0.09451023489236832
4296.666666666667,0.0,0.0,4.679600000000001,0.0,0.09451816976070404
4297.0,0.0,0.0,4.6808000000000005,0.0,0.09450706094503403
4297.333333333333,0.0,0.0,4.6812000000000005,0.0,0.09450357407331467
4297.666666666667,0.0,0.0,4.682,0.0,0.09449627250432968
4298.0,0.0,0.0,4.6824,0.0,0.09449276328086853
4298.333333333333,0.0,0.0,4.6824,0.0,0.09449306130409241
4298.666666666667,0.0,0.0,4.682,0.0,0.09449715912342072
4299.0,0.0,0.0,4.6816,0.0,0.09450125694274902
4299.333333333333,0.0,0.0,4.6812000000000005,0.0,0.09450536966323853
4299.666666666667,0.0,0.0,4.6812000000000005,0.0,0.0945056825876236
4300.0,0.0,0.0,4.680400000000001,0.0,0.09451360255479813
4300.333333333333,0.0,0.0,4.6808000000000005,0.0,0.09451013058423996
4300.666666666667,0.0,0.0,4.679600000000001,0.0,0.0945218876004219
4301.0,0.0,0.0,4.679600000000001,0.0,0.09452221542596817
4301.333333333333,0.0,0.0,4.6792,0.0,0.09452637284994125
4301.666666666667,0.0,0.0,4.679600000000001,0.0,0.09452293068170547
4302.0,0.0,0.0,4.6788,0.0,0.09453091770410538
4302.333333333333,0.0,0.0,4.679600000000001,0.0,0.09452367573976517
4302.666666666666,0.0,0.0,4.680400000000001,0.0,0.09451644122600555
4303.0,0.0,0.0,4.6812000000000005,0.0,0.09450922161340714
4303.333333333334,0.0,0.0,4.6812000000000005,0.0,0.09450960159301758
4303.666666666666,0.0,0.0,4.6812000000000005,0.0,0.09451000392436981
4304.0,0.0,0.0,4.6812000000000005,0.0,0.09451037645339966
4304.333333333334,0.0,0.0,4.6816,0.0,0.09450694918632507
4304.666666666666,0.0,0.0,4.6816,0.0,0.09450732916593552
4305.0,0.0,0.0,4.6816,0.0,0.09450769424438477
4305.333333333334,0.0,0.0,4.6812000000000005,0.0,0.09451185911893845
4305.666666666666,0.0,0.0,4.6816,0.0,0.09450839459896088
4306.0,0.0,0.0,4.6816,0.0,0.09450872242450714
4306.333333333334,0.0,0.0,4.6808000000000005,0.0,0.09451664984226227
4306.666666666666,0.0,0.0,4.680000000000001,0.0,0.0945245698094368
4307.0,0.0,0.0,4.680000000000001,0.0,0.09452485293149948
4307.333333333334,0.0,0.0,4.6812000000000005,0.0,0.09451372176408768
4307.666666666667,0.0,0.0,4.6808000000000005,0.0,0.094517782330513
4308.0,0.0,0.0,4.6808000000000005,0.0,0.0945180281996727
4308.333333333333,0.0,0.0,4.6816,0.0,0.09451065212488174
4308.666666666667,0.0,0.0,4.6816,0.0,0.09451089799404144
4309.0,0.0,0.0,4.6824,0.0,0.0945035070180893
4309.333333333333,0.0,0.0,4.6832,0.0,0.09449612349271774
4309.666666666667,0.0,0.0,4.6824,0.0,0.09450392425060272
4310.0,0.0,0.0,4.682,0.0,0.09450793266296387
4310.333333333333,0.0,0.0,4.6824,0.0,0.09450434148311615
4310.666666666667,0.0,0.0,4.682,0.0,0.09450835734605789
4311.0,0.0,0.0,4.6832,0.0,0.09449717402458191
4311.333333333333,0.0,0.0,4.682,0.0,0.09450880438089371
4311.666666666667,0.0,0.0,4.6816,0.0,0.09451284259557724
4312.0,0.0,0.0,4.682,0.0,0.09450928866863251
4312.333333333333,0.0,0.0,4.6824,0.0,0.09450571984052658
4312.666666666667,0.0,0.0,4.682,0.0,0.0945097804069519
4313.0,0.0,0.0,4.6828,0.0,0.09450243413448334
4313.333333333333,0.0,0.0,4.6828,0.0,0.09450270980596542
4313.666666666667,0.0,0.0,4.682,0.0,0.09451061487197876
4314.0,0.0,0.0,4.6824,0.0,0.0945071130990982
4314.333333333333,0.0,0.0,4.682,0.0,0.0945112481713295
4314.666666666667,0.0,0.0,4.6824,0.0,0.09450776875019073
4315.0,0.0,0.0,4.682,0.0,0.09451193362474442
4315.333333333333,0.0,0.0,4.6816,0.0,0.09451611340045929
4315.666666666667,0.0,0.0,4.6816,0.0,0.09451648592948914
4316.0,0.0,0.0,4.682,0.0,0.09451308101415634
4316.333333333333,0.0,0.0,4.6816,0.0,0.09451727569103241
4316.666666666667,0.0,0.0,4.6816,0.0,0.09451769292354584
4317.0,0.0,0.0,4.6816,0.0,0.09451810270547867
4317.333333333333,0.0,0.0,4.682,0.0,0.09451471269130707
4317.666666666666,0.0,0.0,4.6828,0.0,0.09450753033161163
4318.0,0.0,0.0,4.6824,0.0,0.09451176971197128
4318.333333333334,0.0,0.0,4.6824,0.0,0.09451218694448471
4318.666666666666,0.0,0.0,4.682,0.0,0.09451643377542496
4319.0,0.0,0.0,4.6828,0.0,0.09450925886631012
4319.333333333334,0.0,0.0,4.6832,0.0,0.09450589865446091
4319.666666666666,0.0,0.0,4.6832,0.0,0.09450633078813553
