time_s,level_rise_m,level_rise_cm
0.00,0.00000,0.000
0.15,0.00000,0.000
0.30,0.00000,0.000
0.45,0.00000,0.000
0.60,0.00000,0.000
0.75,0.00000,0.000
0.90,0.00000,0.000
1.05,0.00000,0.000
1.20,0.00000,0.000
1.35,0.00000,0.000
1.50,0.00000,0.000
1.65,0.00000,0.000
1.80,0.00000,0.000
1.95,0.00000,0.000
2.10,0.00000,0.000
2.25,0.00000,0.000
2.40,0.00000,0.000
2.55,0.00000,0.000
2.70,0.00001,0.001
2.85,0.00001,0.001
3.00,0.00001,0.001
3.15,0.00001,0.001
3.30,0.00001,0.001
3.45,0.00001,0.001
3.60,0.00001,0.001
3.75,0.00001,0.001
3.90,0.00001,0.001
4.05,0.00001,0.001
4.20,0.00001,0.001
4.35,0.00001,0.001
4.50,0.00001,0.001
4.65,0.00002,0.002
4.80,0.00002,0.002
4.95,0.00002,0.002
5.10,0.00002,0.002
5.25,0.00002,0.002
5.40,0.00002,0.002
5.55,0.00002,0.002
5.70,0.00002,0.002
5.85,0.00002,0.002
6.00,0.00003,0.003
6.15,0.00003,0.003
6.30,0.00003,0.003
6.45,0.00003,0.003
6.60,0.00003,0.003
6.75,0.00003,0.003
6.90,0.00003,0.003
7.05,0.00004,0.004
7.20,0.00004,0.004
7.35,0.00004,0.004
7.50,0.00004,0.004
7.65,0.00004,0.004
7.80,0.00004,0.004
7.95,0.00004,0.004
8.10,0.00005,0.005
8.25,0.00005,0.005
8.40,0.00005,0.005
8.55,0.00005,0.005
8.70,0.00005,0.005
8.85,0.00006,0.006
9.00,0.00006,0.006
9.15,0.00006,0.006
9.30,0.00006,0.006
9.45,0.00006,0.006
9.60,0.00007,0.007
9.75,0.00007,0.007
9.90,0.00007,0.007
10.05,0.00007,0.007
10.20,0.00007,0.007
10.35,0.00008,0.008
10.50,0.00008,0.008
10.65,0.00008,0.008
10.80,0.00008,0.008
10.95,0.00008,0.008
11.10,0.00009,0.009
11.25,0.00009,0.009
11.40,0.00009,0.009
11.55,0.00009,0.009
11.70,0.00010,0.010
11.85,0.00010,0.010
12.00,0.00010,0.010
12.15,0.00010,0.010
12.30,0.00011,0.011
12.45,0.00011,0.011
12.60,0.00011,0.011
12.75,0.00011,0.011
12.90,0.00012,0.012
13.05,0.00012,0.012
13.20,0.00012,0.012
13.35,0.00013,0.013
13.50,0.00013,0.013
13.64,0.00013,0.013
13.77,0.00013,0.013
13.90,0.00014,0.014
14.03,0.00014,0.014
14.17,0.00014,0.014
14.30,0.00014,0.014
14.43,0.00015,0.015
14.54,0.00015,0.015
14.65,0.00015,0.015
14.76,0.00015,0.015
14.86,0.00015,0.015
14.96,0.00016,0.016
15.05,0.00016,0.016
15.15,0.00016,0.016
15.23,0.00016,0.016
15.32,0.00016,0.016
15.40,0.00016,0.016
15.48,0.00017,0.017
15.56,0.00017,0.017
15.64,0.00017,0.017
15.71,0.00017,0.017
15.79,0.00017,0.017
15.86,0.00017,0.017
15.93,0.00018,0.018
16.00,0.00018,0.018
16.06,0.00018,0.018
16.13,0.00018,0.018
16.20,0.00018,0.018
16.27,0.00018,0.018
16.34,0.00019,0.019
16.40,0.00019,0.019
16.47,0.00019,0.019
16.54,0.00019,0.019
16.61,0.00019,0.019
16.67,0.00019,0.019
16.74,0.00019,0.019
16.81,0.00020,0.020
16.88,0.00020,0.020
16.95,0.00020,0.020
17.01,0.00020,0.020
17.08,0.00020,0.020
17.15,0.00020,0.020
17.22,0.00021,0.021
17.28,0.00021,0.021
17.35,0.00021,0.021
17.42,0.00021,0.021
17.49,0.00021,0.021
17.55,0.00021,0.021
17.62,0.00022,0.022
17.69,0.00022,0.022
17.76,0.00022,0.022
17.83,0.00022,0.022
17.89,0.00022,0.022
17.96,0.00022,0.022
18.03,0.00023,0.023
18.10,0.00023,0.023
18.16,0.00023,0.023
18.23,0.00023,0.023
18.30,0.00023,0.023
18.37,0.00023,0.023
18.44,0.00024,0.024
18.50,0.00024,0.024
18.57,0.00024,0.024
18.64,0.00024,0.024
18.71,0.00024,0.024
18.77,0.00024,0.024
18.84,0.00025,0.025
18.91,0.00025,0.025
18.98,0.00025,0.025
19.04,0.00025,0.025
19.11,0.00025,0.025
19.18,0.00026,0.026
19.25,0.00026,0.026
19.32,0.00026,0.026
19.38,0.00026,0.026
19.45,0.00026,0.026
19.52,0.00026,0.026
19.59,0.00027,0.027
19.65,0.00027,0.027
19.72,0.00027,0.027
19.79,0.00027,0.027
19.86,0.00027,0.027
19.93,0.00028,0.028
19.99,0.00028,0.028
20.06,0.00028,0.028
20.13,0.00028,0.028
20.20,0.00028,0.028
20.26,0.00028,0.028
20.33,0.00029,0.029
20.40,0.00029,0.029
20.47,0.00029,0.029
20.53,0.00029,0.029
20.60,0.00029,0.029
20.67,0.00030,0.030
20.74,0.00030,0.030
20.81,0.00030,0.030
20.87,0.00030,0.030
20.94,0.00030,0.030
21.01,0.00031,0.031
21.08,0.00031,0.031
21.14,0.00031,0.031
21.21,0.00031,0.031
21.28,0.00031,0.031
21.35,0.00032,0.032
21.42,0.00032,0.032
21.48,0.00032,0.032
21.55,0.00032,0.032
21.62,0.00032,0.032
21.69,0.00033,0.033
21.75,0.00033,0.033
21.82,0.00033,0.033
21.89,0.00033,0.033
21.96,0.00033,0.033
22.02,0.00034,0.034
22.09,0.00034,0.034
22.16,0.00034,0.034
22.23,0.00034,0.034
22.30,0.00034,0.034
22.36,0.00035,0.035
22.43,0.00035,0.035
22.50,0.00035,0.035
22.57,0.00035,0.035
22.63,0.00036,0.036
22.70,0.00036,0.036
22.77,0.00036,0.036
22.84,0.00036,0.036
22.91,0.00036,0.036
22.97,0.00037,0.037
23.04,0.00037,0.037
23.11,0.00037,0.037
23.18,0.00037,0.037
23.24,0.00037,0.037
23.31,0.00038,0.038
23.38,0.00038,0.038
23.45,0.00038,0.038
23.51,0.00038,0.038
23.58,0.00039,0.039
23.65,0.00039,0.039
23.72,0.00039,0.039
23.79,0.00039,0.039
23.85,0.00039,0.039
23.92,0.00040,0.040
23.99,0.00040,0.040
24.06,0.00040,0.040
24.12,0.00040,0.040
24.19,0.00041,0.041
24.26,0.00041,0.041
24.33,0.00041,0.041
24.40,0.00041,0.041
24.46,0.00041,0.041
24.53,0.00042,0.042
24.60,0.00042,0.042
24.67,0.00042,0.042
24.73,0.00042,0.042
24.80,0.00043,0.043
24.87,0.00043,0.043
24.94,0.00043,0.043
25.00,0.00043,0.043
25.07,0.00044,0.044
25.14,0.00044,0.044
25.21,0.00044,0.044
25.28,0.00044,0.044
25.34,0.00045,0.045
25.41,0.00045,0.045
25.48,0.00045,0.045
25.55,0.00045,0.045
25.61,0.00046,0.046
25.68,0.00046,0.046
25.75,0.00046,0.046
25.82,0.00046,0.046
25.89,0.00047,0.047
25.95,0.00047,0.047
26.02,0.00047,0.047
26.09,0.00047,0.047
26.16,0.00047,0.047
26.22,0.00048,0.048
26.29,0.00048,0.048
26.36,0.00048,0.048
26.43,0.00048,0.048
26.49,0.00049,0.049
26.56,0.00049,0.049
26.63,0.00049,0.049
26.70,0.00050,0.050
26.77,0.00050,0.050
26.83,0.00050,0.050
26.90,0.00050,0.050
26.97,0.00051,0.051
27.04,0.00051,0.051
27.10,0.00051,0.051
27.17,0.00051,0.051
27.24,0.00052,0.052
27.31,0.00052,0.052
27.38,0.00052,0.052
27.44,0.00052,0.052
27.51,0.00053,0.053
27.58,0.00053,0.053
27.65,0.00053,0.053
27.71,0.00053,0.053
27.78,0.00054,0.054
27.85,0.00054,0.054
27.92,0.00054,0.054
27.98,0.00054,0.054
28.05,0.00055,0.055
28.12,0.00055,0.055
28.19,0.00055,0.055
28.26,0.00056,0.056
28.32,0.00056,0.056
28.39,0.00056,0.056
28.46,0.00056,0.056
28.53,0.00057,0.057
28.59,0.00057,0.057
28.66,0.00057,0.057
28.73,0.00057,0.057
28.80,0.00058,0.058
28.87,0.00058,0.058
28.93,0.00058,0.058
29.00,0.00059,0.059
29.07,0.00059,0.059
29.14,0.00059,0.059
29.20,0.00059,0.059
29.27,0.00060,0.060
29.34,0.00060,0.060
29.41,0.00060,0.060
29.47,0.00060,0.060
29.54,0.00061,0.061
29.61,0.00061,0.061
29.68,0.00061,0.061
29.75,0.00062,0.062
29.81,0.00062,0.062
29.88,0.00062,0.062
29.95,0.00062,0.062
30.02,0.00063,0.063
30.08,0.00063,0.063
30.15,0.00063,0.063
30.22,0.00064,0.064
30.29,0.00064,0.064
30.36,0.00064,0.064
30.42,0.00065,0.065
30.49,0.00065,0.065
30.56,0.00065,0.065
30.63,0.00065,0.065
30.69,0.00066,0.066
30.76,0.00066,0.066
30.83,0.00066,0.066
30.90,0.00067,0.067
30.96,0.00067,0.067
31.03,0.00067,0.067
31.10,0.00067,0.067
31.17,0.00068,0.068
31.24,0.00068,0.068
31.30,0.00068,0.068
31.37,0.00069,0.069
31.44,0.00069,0.069
31.51,0.00069,0.069
31.57,0.00070,0.070
31.64,0.00070,0.070
31.71,0.00070,0.070
31.78,0.00071,0.071
31.85,0.00071,0.071
31.91,0.00071,0.071
31.98,0.00071,0.071
32.05,0.00072,0.072
32.12,0.00072,0.072
32.18,0.00072,0.072
32.25,0.00073,0.073
32.32,0.00073,0.073
32.39,0.00073,0.073
32.45,0.00074,0.074
32.52,0.00074,0.074
32.59,0.00074,0.074
32.66,0.00075,0.075
32.73,0.00075,0.075
32.79,0.00075,0.075
32.86,0.00076,0.076
32.93,0.00076,0.076
33.00,0.00076,0.076
33.06,0.00076,0.076
33.13,0.00077,0.077
33.20,0.00077,0.077
33.27,0.00077,0.077
33.34,0.00078,0.078
33.40,0.00078,0.078
33.47,0.00078,0.078
33.54,0.00079,0.079
33.61,0.00079,0.079
33.67,0.00079,0.079
33.74,0.00080,0.080
33.81,0.00080,0.080
33.88,0.00080,0.080
33.94,0.00081,0.081
34.01,0.00081,0.081
34.08,0.00081,0.081
34.15,0.00082,0.082
34.22,0.00082,0.082
34.28,0.00082,0.082
34.35,0.00083,0.083
34.42,0.00083,0.083
34.49,0.00083,0.083
34.55,0.00084,0.084
34.62,0.00084,0.084
34.69,0.00084,0.084
34.76,0.00085,0.085
34.83,0.00085,0.085
34.89,0.00085,0.085
34.96,0.00086,0.086
35.03,0.00086,0.086
35.10,0.00086,0.086
35.16,0.00087,0.087
35.23,0.00087,0.087
35.30,0.00087,0.087
35.37,0.00088,0.088
35.43,0.00088,0.088
35.50,0.00089,0.089
35.57,0.00089,0.089
35.64,0.00089,0.089
35.71,0.00090,0.090
35.77,0.00090,0.090
35.84,0.00090,0.090
35.91,0.00091,0.091
35.98,0.00091,0.091
36.04,0.00091,0.091
36.11,0.00092,0.092
36.18,0.00092,0.092
36.25,0.00092,0.092
36.32,0.00093,0.093
36.38,0.00093,0.093
36.45,0.00093,0.093
36.52,0.00094,0.094
36.59,0.00094,0.094
36.65,0.00094,0.094
36.72,0.00095,0.095
36.79,0.00095,0.095
36.86,0.00096,0.096
36.92,0.00096,0.096
36.99,0.00096,0.096
37.06,0.00097,0.097
37.13,0.00097,0.097
37.20,0.00097,0.097
37.26,0.00098,0.098
37.33,0.00098,0.098
37.40,0.00098,0.098
37.47,0.00099,0.099
37.53,0.00099,0.099
37.60,0.00099,0.099
37.67,0.00100,0.100
37.74,0.00100,0.100
37.81,0.00101,0.101
37.87,0.00101,0.101
37.94,0.00101,0.101
38.01,0.00102,0.102
38.08,0.00102,0.102
38.14,0.00102,0.102
38.21,0.00103,0.103
38.28,0.00103,0.103
38.34,0.00103,0.103
38.41,0.00104,0.104
38.48,0.00104,0.104
38.54,0.00104,0.104
38.61,0.00105,0.105
38.67,0.00105,0.105
38.74,0.00105,0.105
38.80,0.00106,0.106
38.87,0.00106,0.106
38.93,0.00107,0.107
39.00,0.00107,0.107
39.06,0.00107,0.107
39.13,0.00108,0.108
39.19,0.00108,0.108
39.26,0.00108,0.108
39.32,0.00109,0.109
39.39,0.00109,0.109
39.45,0.00109,0.109
39.52,0.00110,0.110
39.58,0.00110,0.110
39.65,0.00110,0.110
39.71,0.00111,0.111
39.78,0.00111,0.111
39.84,0.00111,0.111
39.91,0.00112,0.112
39.97,0.00112,0.112
40.04,0.00112,0.112
40.10,0.00113,0.113
40.17,0.00113,0.113
40.23,0.00113,0.113
40.30,0.00114,0.114
40.36,0.00114,0.114
40.43,0.00114,0.114
40.49,0.00115,0.115
40.55,0.00115,0.115
40.62,0.00116,0.116
40.68,0.00116,0.116
40.75,0.00116,0.116
40.81,0.00117,0.117
40.87,0.00117,0.117
40.94,0.00117,0.117
41.00,0.00118,0.118
41.06,0.00118,0.118
41.12,0.00118,0.118
41.19,0.00119,0.119
41.25,0.00119,0.119
41.31,0.00119,0.119
41.37,0.00120,0.120
41.43,0.00120,0.120
41.50,0.00120,0.120
41.56,0.00121,0.121
41.62,0.00121,0.121
41.68,0.00121,0.121
41.74,0.00122,0.122
41.80,0.00122,0.122
41.86,0.00122,0.122
41.92,0.00123,0.123
41.98,0.00123,0.123
42.04,0.00123,0.123
42.10,0.00124,0.124
42.16,0.00124,0.124
42.22,0.00124,0.124
42.28,0.00124,0.124
42.34,0.00125,0.125
42.40,0.00125,0.125
42.46,0.00125,0.125
42.52,0.00126,0.126
42.58,0.00126,0.126
42.64,0.00126,0.126
42.70,0.00127,0.127
42.76,0.00127,0.127
42.82,0.00127,0.127
42.87,0.00128,0.128
42.93,0.00128,0.128
42.99,0.00128,0.128
43.05,0.00129,0.129
43.11,0.00129,0.129
43.16,0.00129,0.129
43.22,0.00130,0.130
43.28,0.00130,0.130
43.34,0.00130,0.130
43.39,0.00131,0.131
43.45,0.00131,0.131
43.51,0.00131,0.131
43.57,0.00131,0.131
43.62,0.00132,0.132
43.68,0.00132,0.132
43.74,0.00132,0.132
43.79,0.00133,0.133
43.85,0.00133,0.133
43.91,0.00133,0.133
43.96,0.00134,0.134
44.02,0.00134,0.134
44.07,0.00134,0.134
44.13,0.00135,0.135
44.19,0.00135,0.135
44.24,0.00135,0.135
44.30,0.00136,0.136
44.35,0.00136,0.136
44.41,0.00136,0.136
44.46,0.00136,0.136
44.52,0.00137,0.137
44.57,0.00137,0.137
44.63,0.00137,0.137
44.68,0.00138,0.138
44.74,0.00138,0.138
44.79,0.00138,0.138
44.85,0.00139,0.139
44.90,0.00139,0.139
44.96,0.00139,0.139
45.01,0.00139,0.139
45.06,0.00140,0.140
45.12,0.00140,0.140
45.17,0.00140,0.140
45.23,0.00141,0.141
45.28,0.00141,0.141
45.33,0.00141,0.141
45.39,0.00142,0.142
45.44,0.00142,0.142
45.49,0.00142,0.142
45.55,0.00142,0.142
45.60,0.00143,0.143
45.65,0.00143,0.143
45.70,0.00143,0.143
45.76,0.00144,0.144
45.81,0.00144,0.144
45.86,0.00144,0.144
45.92,0.00144,0.144
45.97,0.00145,0.145
46.02,0.00145,0.145
46.07,0.00145,0.145
46.12,0.00146,0.146
46.18,0.00146,0.146
46.23,0.00146,0.146
46.28,0.00147,0.147
46.33,0.00147,0.147
46.38,0.00147,0.147
46.44,0.00147,0.147
46.49,0.00148,0.148
46.54,0.00148,0.148
46.59,0.00148,0.148
46.64,0.00149,0.149
46.69,0.00149,0.149
46.74,0.00149,0.149
46.79,0.00149,0.149
46.85,0.00150,0.150
46.90,0.00150,0.150
46.95,0.00150,0.150
47.00,0.00151,0.151
47.05,0.00151,0.151
47.10,0.00151,0.151
47.15,0.00151,0.151
47.20,0.00152,0.152
47.25,0.00152,0.152
47.30,0.00152,0.152
47.35,0.00153,0.153
47.40,0.00153,0.153
47.45,0.00153,0.153
47.50,0.00153,0.153
47.55,0.00154,0.154
47.60,0.00154,0.154
47.65,0.00154,0.154
47.70,0.00155,0.155
47.75,0.00155,0.155
47.80,0.00155,0.155
47.85,0.00155,0.155
47.90,0.00156,0.156
47.95,0.00156,0.156
48.00,0.00156,0.156
48.05,0.00156,0.156
48.09,0.00157,0.157
48.14,0.00157,0.157
48.19,0.00157,0.157
48.24,0.00158,0.158
48.29,0.00158,0.158
48.34,0.00158,0.158
48.39,0.00158,0.158
48.44,0.00159,0.159
48.48,0.00159,0.159
48.53,0.00159,0.159
48.58,0.00160,0.160
48.63,0.00160,0.160
48.68,0.00160,0.160
48.73,0.00160,0.160
48.77,0.00161,0.161
48.82,0.00161,0.161
48.87,0.00161,0.161
48.92,0.00161,0.161
48.97,0.00162,0.162
49.01,0.00162,0.162
49.06,0.00162,0.162
49.11,0.00163,0.163
49.16,0.00163,0.163
49.20,0.00163,0.163
49.25,0.00163,0.163
49.30,0.00164,0.164
49.35,0.00164,0.164
49.39,0.00164,0.164
49.44,0.00164,0.164
49.49,0.00165,0.165
49.53,0.00165,0.165
49.58,0.00165,0.165
49.63,0.00166,0.166
49.67,0.00166,0.166
49.72,0.00166,0.166
49.77,0.00166,0.166
49.82,0.00167,0.167
49.86,0.00167,0.167
49.91,0.00167,0.167
49.95,0.00167,0.167
50.00,0.00168,0.168
50.05,0.00168,0.168
50.09,0.00168,0.168
50.14,0.00168,0.168
50.19,0.00169,0.169
50.23,0.00169,0.169
50.28,0.00169,0.169
50.32,0.00170,0.170
50.37,0.00170,0.170
50.42,0.00170,0.170
50.46,0.00170,0.170
50.51,0.00171,0.171
50.55,0.00171,0.171
50.60,0.00171,0.171
50.65,0.00171,0.171
50.69,0.00172,0.172
50.74,0.00172,0.172
50.78,0.00172,0.172
50.83,0.00172,0.172
50.87,0.00173,0.173
50.92,0.00173,0.173
50.96,0.00173,0.173
51.01,0.00174,0.174
51.05,0.00174,0.174
51.10,0.00174,0.174
51.14,0.00174,0.174
51.19,0.00175,0.175
51.23,0.00175,0.175
51.28,0.00175,0.175
51.32,0.00175,0.175
51.37,0.00176,0.176
51.41,0.00176,0.176
51.46,0.00176,0.176
51.50,0.00176,0.176
51.55,0.00177,0.177
51.59,0.00177,0.177
51.64,0.00177,0.177
51.68,0.00177,0.177
51.72,0.00178,0.178
51.77,0.00178,0.178
51.81,0.00178,0.178
51.86,0.00179,0.179
51.90,0.00179,0.179
51.95,0.00179,0.179
51.99,0.00179,0.179
52.03,0.00180,0.180
52.08,0.00180,0.180
52.12,0.00180,0.180
52.17,0.00180,0.180
52.21,0.00181,0.181
52.25,0.00181,0.181
52.30,0.00181,0.181
52.34,0.00181,0.181
52.38,0.00182,0.182
52.43,0.00182,0.182
52.47,0.00182,0.182
52.51,0.00182,0.182
52.56,0.00183,0.183
52.60,0.00183,0.183
52.64,0.00183,0.183
52.69,0.00183,0.183
52.73,0.00184,0.184
52.77,0.00184,0.184
52.82,0.00184,0.184
52.86,0.00184,0.184
52.90,0.00185,0.185
52.95,0.00185,0.185
52.99,0.00185,0.185
53.03,0.00185,0.185
53.08,0.00186,0.186
53.12,0.00186,0.186
53.16,0.00186,0.186
53.20,0.00186,0.186
53.25,0.00187,0.187
53.29,0.00187,0.187
53.33,0.00187,0.187
53.37,0.00187,0.187
53.42,0.00188,0.188
53.46,0.00188,0.188
53.50,0.00188,0.188
53.54,0.00188,0.188
53.59,0.00189,0.189
53.63,0.00189,0.189
53.67,0.00189,0.189
53.71,0.00189,0.189
53.76,0.00190,0.190
53.80,0.00190,0.190
53.84,0.00190,0.190
53.88,0.00190,0.190
53.92,0.00191,0.191
53.97,0.00191,0.191
54.01,0.00191,0.191
54.05,0.00191,0.191
54.09,0.00192,0.192
54.13,0.00192,0.192
54.18,0.00192,0.192
54.22,0.00192,0.192
54.26,0.00193,0.193
54.30,0.00193,0.193
54.34,0.00193,0.193
54.38,0.00193,0.193
54.43,0.00194,0.194
54.47,0.00194,0.194
54.51,0.00194,0.194
54.55,0.00194,0.194
54.59,0.00195,0.195
54.63,0.00195,0.195
54.67,0.00195,0.195
54.71,0.00195,0.195
54.76,0.00196,0.196
54.80,0.00196,0.196
54.84,0.00196,0.196
54.88,0.00196,0.196
54.92,0.00197,0.197
54.96,0.00197,0.197
55.00,0.00197,0.197
55.04,0.00197,0.197
55.08,0.00198,0.198
55.13,0.00198,0.198
55.17,0.00198,0.198
55.21,0.00198,0.198
55.25,0.00199,0.199
55.29,0.00199,0.199
55.33,0.00199,0.199
55.37,0.00199,0.199
55.41,0.00200,0.200
55.45,0.00200,0.200
55.49,0.00200,0.200
55.53,0.00200,0.200
55.57,0.00201,0.201
55.61,0.00201,0.201
55.65,0.00201,0.201
55.69,0.00201,0.201
55.73,0.00202,0.202
55.77,0.00202,0.202
55.81,0.00202,0.202
55.85,0.00202,0.202
55.89,0.00203,0.203
55.93,0.00203,0.203
55.98,0.00203,0.203
56.02,0.00203,0.203
56.06,0.00204,0.204
56.10,0.00204,0.204
56.14,0.00204,0.204
56.18,0.00204,0.204
56.21,0.00205,0.205
56.25,0.00205,0.205
56.29,0.00205,0.205
56.33,0.00205,0.205
56.37,0.00206,0.206
56.41,0.00206,0.206
56.45,0.00206,0.206
56.49,0.00206,0.206
56.53,0.00206,0.206
56.57,0.00207,0.207
56.61,0.00207,0.207
56.65,0.00207,0.207
56.69,0.00207,0.207
56.73,0.00208,0.208
56.77,0.00208,0.208
56.81,0.00208,0.208
56.85,0.00208,0.208
56.89,0.00209,0.209
56.93,0.00209,0.209
56.97,0.00209,0.209
57.01,0.00209,0.209
57.04,0.00210,0.210
57.08,0.00210,0.210
57.12,0.00210,0.210
57.16,0.00210,0.210
57.20,0.00211,0.211
57.24,0.00211,0.211
57.28,0.00211,0.211
57.32,0.00211,0.211
57.36,0.00212,0.212
57.40,0.00212,0.212
57.43,0.00212,0.212
57.47,0.00212,0.212
57.51,0.00212,0.212
57.55,0.00213,0.213
57.59,0.00213,0.213
57.63,0.00213,0.213
57.67,0.00213,0.213
57.71,0.00214,0.214
57.74,0.00214,0.214
57.78,0.00214,0.214
57.82,0.00214,0.214
57.86,0.00215,0.215
57.90,0.00215,0.215
57.94,0.00215,0.215
57.98,0.00215,0.215
58.01,0.00216,0.216
58.05,0.00216,0.216
58.09,0.00216,0.216
58.13,0.00216,0.216
58.17,0.00216,0.216
58.21,0.00217,0.217
58.24,0.00217,0.217
58.28,0.00217,0.217
58.32,0.00217,0.217
58.36,0.00218,0.218
58.40,0.00218,0.218
58.43,0.00218,0.218
58.47,0.00218,0.218
58.51,0.00219,0.219
58.55,0.00219,0.219
58.59,0.00219,0.219
58.62,0.00219,0.219
58.66,0.00220,0.220
58.70,0.00220,0.220
58.74,0.00220,0.220
58.77,0.00220,0.220
58.81,0.00220,0.220
58.85,0.00221,0.221
58.89,0.00221,0.221
58.93,0.00221,0.221
58.96,0.00221,0.221
59.00,0.00222,0.222
59.04,0.00222,0.222
59.08,0.00222,0.222
59.11,0.00222,0.222
59.15,0.00223,0.223
59.19,0.00223,0.223
59.23,0.00223,0.223
59.26,0.00223,0.223
59.30,0.00224,0.224
59.34,0.00224,0.224
59.38,0.00224,0.224
59.41,0.00224,0.224
59.45,0.00224,0.224
59.49,0.00225,0.225
59.52,0.00225,0.225
59.56,0.00225,0.225
59.60,0.00225,0.225
59.64,0.00226,0.226
59.67,0.00226,0.226
59.71,0.00226,0.226
59.75,0.00226,0.226
59.78,0.00227,0.227
59.82,0.00227,0.227
59.86,0.00227,0.227
59.90,0.00227,0.227
59.93,0.00227,0.227
59.97,0.00228,0.228
60.01,0.00228,0.228
60.04,0.00228,0.228
60.08,0.00228,0.228
60.12,0.00229,0.229
60.15,0.00229,0.229
60.19,0.00229,0.229
60.23,0.00229,0.229
60.26,0.00230,0.230
60.30,0.00230,0.230
60.34,0.00230,0.230
60.37,0.00230,0.230
60.41,0.00230,0.230
60.45,0.00231,0.231
60.48,0.00231,0.231
60.52,0.00231,0.231
60.56,0.00231,0.231
60.59,0.00232,0.232
60.63,0.00232,0.232
60.67,0.00232,0.232
60.70,0.00232,0.232
60.74,0.00233,0.233
60.78,0.00233,0.233
60.81,0.00233,0.233
60.85,0.00233,0.233
60.88,0.00233,0.233
60.92,0.00234,0.234
60.96,0.00234,0.234
60.99,0.00234,0.234
61.03,0.00234,0.234
61.07,0.00235,0.235
61.10,0.00235,0.235
61.14,0.00235,0.235
61.17,0.00235,0.235
61.21,0.00236,0.236
61.25,0.00236,0.236
61.28,0.00236,0.236
61.32,0.00236,0.236
61.35,0.00236,0.236
61.39,0.00237,0.237
61.43,0.00237,0.237
61.46,0.00237,0.237
61.50,0.00237,0.237
61.53,0.00238,0.238
61.57,0.00238,0.238
61.60,0.00238,0.238
61.64,0.00238,0.238
61.68,0.00238,0.238
61.71,0.00239,0.239
61.75,0.00239,0.239
61.78,0.00239,0.239
61.82,0.00239,0.239
61.85,0.00240,0.240
61.89,0.00240,0.240
61.93,0.00240,0.240
61.96,0.00240,0.240
62.00,0.00241,0.241
62.03,0.00241,0.241
62.07,0.00241,0.241
62.10,0.00241,0.241
62.14,0.00241,0.241
62.17,0.00242,0.242
62.21,0.00242,0.242
62.24,0.00242,0.242
62.28,0.00242,0.242
62.32,0.00243,0.243
62.35,0.00243,0.243
62.39,0.00243,0.243
62.42,0.00243,0.243
62.46,0.00243,0.243
62.49,0.00244,0.244
62.53,0.00244,0.244
62.56,0.00244,0.244
62.60,0.00244,0.244
62.63,0.00245,0.245
62.67,0.00245,0.245
62.70,0.00245,0.245
62.74,0.00245,0.245
62.77,0.00245,0.245
62.81,0.00246,0.246
62.84,0.00246,0.246
62.88,0.00246,0.246
62.91,0.00246,0.246
62.95,0.00247,0.247
62.98,0.00247,0.247
63.02,0.00247,0.247
63.05,0.00247,0.247
63.09,0.00248,0.248
63.12,0.00248,0.248
63.16,0.00248,0.248
63.19,0.00248,0.248
63.23,0.00248,0.248
63.26,0.00249,0.249
63.30,0.00249,0.249
63.33,0.00249,0.249
63.37,0.00249,0.249
63.40,0.00250,0.250
63.43,0.00250,0.250
63.47,0.00250,0.250
63.50,0.00250,0.250
63.54,0.00250,0.250
63.57,0.00251,0.251
63.61,0.00251,0.251
63.64,0.00251,0.251
63.68,0.00251,0.251
63.71,0.00252,0.252
63.75,0.00252,0.252
63.78,0.00252,0.252
63.81,0.00252,0.252
63.85,0.00252,0.252
63.88,0.00253,0.253
63.92,0.00253,0.253
63.95,0.00253,0.253
63.99,0.00253,0.253
64.02,0.00254,0.254
64.05,0.00254,0.254
64.09,0.00254,0.254
64.12,0.00254,0.254
64.16,0.00254,0.254
64.19,0.00255,0.255
64.22,0.00255,0.255
64.26,0.00255,0.255
64.29,0.00255,0.255
64.33,0.00256,0.256
64.36,0.00256,0.256
64.39,0.00256,0.256
64.43,0.00256,0.256
64.46,0.00256,0.256
64.50,0.00257,0.257
64.53,0.00257,0.257
64.56,0.00257,0.257
64.60,0.00257,0.257
64.63,0.00258,0.258
64.66,0.00258,0.258
64.70,0.00258,0.258
64.73,0.00258,0.258
64.77,0.00258,0.258
64.80,0.00259,0.259
64.83,0.00259,0.259
64.87,0.00259,0.259
64.90,0.00259,0.259
64.93,0.00259,0.259
64.97,0.00260,0.260
65.00,0.00260,0.260
65.03,0.00260,0.260
65.07,0.00260,0.260
65.10,0.00261,0.261
65.13,0.00261,0.261
65.17,0.00261,0.261
65.20,0.00261,0.261
65.24,0.00261,0.261
65.27,0.00262,0.262
65.30,0.00262,0.262
65.34,0.00262,0.262
65.37,0.00262,0.262
65.40,0.00263,0.263
65.43,0.00263,0.263
65.47,0.00263,0.263
65.50,0.00263,0.263
65.53,0.00263,0.263
65.57,0.00264,0.264
65.60,0.00264,0.264
65.63,0.00264,0.264
65.67,0.00264,0.264
65.70,0.00264,0.264
65.73,0.00265,0.265
65.77,0.00265,0.265
65.80,0.00265,0.265
65.83,0.00265,0.265
65.87,0.00266,0.266
65.90,0.00266,0.266
65.93,0.00266,0.266
65.96,0.00266,0.266
66.00,0.00266,0.266
66.03,0.00267,0.267
66.06,0.00267,0.267
66.10,0.00267,0.267
66.13,0.00267,0.267
66.16,0.00268,0.268
66.19,0.00268,0.268
66.23,0.00268,0.268
66.26,0.00268,0.268
66.29,0.00268,0.268
66.32,0.00269,0.269
66.36,0.00269,0.269
66.39,0.00269,0.269
66.42,0.00269,0.269
66.45,0.00269,0.269
66.49,0.00270,0.270
66.52,0.00270,0.270
66.55,0.00270,0.270
66.59,0.00270,0.270
66.62,0.00271,0.271
66.65,0.00271,0.271
66.68,0.00271,0.271
66.71,0.00271,0.271
66.75,0.00271,0.271
66.78,0.00272,0.272
66.81,0.00272,0.272
66.84,0.00272,0.272
66.88,0.00272,0.272
66.91,0.00272,0.272
66.94,0.00273,0.273
66.97,0.00273,0.273
67.01,0.00273,0.273
67.04,0.00273,0.273
67.07,0.00273,0.273
67.10,0.00274,0.274
67.13,0.00274,0.274
67.17,0.00274,0.274
67.20,0.00274,0.274
67.23,0.00275,0.275
67.26,0.00275,0.275
67.30,0.00275,0.275
67.33,0.00275,0.275
67.36,0.00275,0.275
67.39,0.00276,0.276
67.42,0.00276,0.276
67.46,0.00276,0.276
67.49,0.00276,0.276
67.52,0.00276,0.276
67.55,0.00277,0.277
67.58,0.00277,0.277
67.62,0.00277,0.277
67.65,0.00277,0.277
67.68,0.00278,0.278
67.71,0.00278,0.278
67.74,0.00278,0.278
67.77,0.00278,0.278
67.81,0.00278,0.278
67.84,0.00279,0.279
67.87,0.00279,0.279
67.90,0.00279,0.279
67.93,0.00279,0.279
67.96,0.00279,0.279
68.00,0.00280,0.280
68.03,0.00280,0.280
68.06,0.00280,0.280
68.09,0.00280,0.280
68.12,0.00280,0.280
68.15,0.00281,0.281
68.18,0.00281,0.281
68.22,0.00281,0.281
68.25,0.00281,0.281
68.28,0.00281,0.281
68.31,0.00282,0.282
68.34,0.00282,0.282
68.37,0.00282,0.282
68.40,0.00282,0.282
68.43,0.00283,0.283
68.47,0.00283,0.283
68.50,0.00283,0.283
68.53,0.00283,0.283
68.56,0.00283,0.283
68.59,0.00284,0.284
68.62,0.00284,0.284
68.65,0.00284,0.284
68.68,0.00284,0.284
68.71,0.00284,0.284
68.74,0.00285,0.285
68.77,0.00285,0.285
68.81,0.00285,0.285
68.84,0.00285,0.285
68.87,0.00285,0.285
68.90,0.00286,0.286
68.93,0.00286,0.286
68.96,0.00286,0.286
68.99,0.00286,0.286
69.02,0.00286,0.286
69.05,0.00287,0.287
69.08,0.00287,0.287
69.11,0.00287,0.287
69.14,0.00287,0.287
69.17,0.00287,0.287
69.20,0.00288,0.288
69.23,0.00288,0.288
69.26,0.00288,0.288
69.29,0.00288,0.288
69.32,0.00288,0.288
69.35,0.00289,0.289
69.38,0.00289,0.289
69.41,0.00289,0.289
69.45,0.00289,0.289
69.48,0.00289,0.289
69.51,0.00290,0.290
69.54,0.00290,0.290
69.57,0.00290,0.290
69.60,0.00290,0.290
69.63,0.00290,0.290
69.66,0.00291,0.291
69.69,0.00291,0.291
69.72,0.00291,0.291
69.75,0.00291,0.291
69.77,0.00291,0.291
69.80,0.00292,0.292
69.83,0.00292,0.292
69.86,0.00292,0.292
69.89,0.00292,0.292
69.92,0.00292,0.292
69.95,0.00293,0.293
69.98,0.00293,0.293
70.01,0.00293,0.293
70.04,0.00293,0.293
70.07,0.00293,0.293
70.10,0.00294,0.294
70.13,0.00294,0.294
70.16,0.00294,0.294
70.19,0.00294,0.294
70.22,0.00294,0.294
70.25,0.00295,0.295
70.28,0.00295,0.295
70.31,0.00295,0.295
70.34,0.00295,0.295
70.37,0.00295,0.295
70.40,0.00296,0.296
70.42,0.00296,0.296
70.45,0.00296,0.296
70.48,0.00296,0.296
70.51,0.00296,0.296
70.54,0.00297,0.297
70.57,0.00297,0.297
70.60,0.00297,0.297
70.63,0.00297,0.297
70.66,0.00297,0.297
70.69,0.00298,0.298
70.72,0.00298,0.298
70.74,0.00298,0.298
70.77,0.00298,0.298
70.80,0.00298,0.298
70.83,0.00299,0.299
70.86,0.00299,0.299
70.89,0.00299,0.299
70.92,0.00299,0.299
70.95,0.00299,0.299
70.98,0.00300,0.300
71.01,0.00300,0.300
71.03,0.00300,0.300
71.06,0.00300,0.300
71.09,0.00300,0.300
71.12,0.00301,0.301
71.15,0.00301,0.301
71.18,0.00301,0.301
71.21,0.00301,0.301
71.24,0.00301,0.301
71.26,0.00301,0.301
71.29,0.00302,0.302
71.32,0.00302,0.302
71.35,0.00302,0.302
71.38,0.00302,0.302
71.41,0.00302,0.302
71.44,0.00303,0.303
71.46,0.00303,0.303
71.49,0.00303,0.303
71.52,0.00303,0.303
71.55,0.00303,0.303
71.58,0.00304,0.304
71.61,0.00304,0.304
71.64,0.00304,0.304
71.66,0.00304,0.304
71.69,0.00304,0.304
71.72,0.00305,0.305
71.75,0.00305,0.305
71.78,0.00305,0.305
71.81,0.00305,0.305
71.84,0.00305,0.305
71.86,0.00306,0.306
71.89,0.00306,0.306
71.92,0.00306,0.306
71.95,0.00306,0.306
71.98,0.00306,0.306
72.01,0.00307,0.307
72.04,0.00307,0.307
72.06,0.00307,0.307
72.09,0.00307,0.307
72.12,0.00307,0.307
72.15,0.00308,0.308
72.18,0.00308,0.308
72.21,0.00308,0.308
72.23,0.00308,0.308
72.26,0.00308,0.308
72.29,0.00308,0.308
72.32,0.00309,0.309
72.35,0.00309,0.309
72.38,0.00309,0.309
72.40,0.00309,0.309
72.43,0.00309,0.309
72.46,0.00310,0.310
72.49,0.00310,0.310
72.52,0.00310,0.310
72.55,0.00310,0.310
72.57,0.00310,0.310
72.60,0.00311,0.311
72.63,0.00311,0.311
72.66,0.00311,0.311
72.69,0.00311,0.311
72.72,0.00311,0.311
72.74,0.00312,0.312
72.77,0.00312,0.312
72.80,0.00312,0.312
72.83,0.00312,0.312
72.86,0.00312,0.312
72.88,0.00313,0.313
72.91,0.00313,0.313
72.94,0.00313,0.313
72.97,0.00313,0.313
73.00,0.00313,0.313
73.03,0.00313,0.313
73.05,0.00314,0.314
73.08,0.00314,0.314
73.11,0.00314,0.314
73.14,0.00314,0.314
73.17,0.00314,0.314
73.19,0.00315,0.315
73.22,0.00315,0.315
73.25,0.00315,0.315
73.28,0.00315,0.315
73.31,0.00315,0.315
73.33,0.00316,0.316
73.36,0.00316,0.316
73.39,0.00316,0.316
73.42,0.00316,0.316
73.45,0.00316,0.316
73.47,0.00317,0.317
73.50,0.00317,0.317
73.53,0.00317,0.317
73.56,0.00317,0.317
73.58,0.00317,0.317
73.61,0.00318,0.318
73.64,0.00318,0.318
73.67,0.00318,0.318
73.70,0.00318,0.318
73.72,0.00318,0.318
73.75,0.00318,0.318
73.78,0.00319,0.319
73.81,0.00319,0.319
73.83,0.00319,0.319
73.86,0.00319,0.319
73.89,0.00319,0.319
73.92,0.00320,0.320
73.94,0.00320,0.320
73.97,0.00320,0.320
74.00,0.00320,0.320
74.03,0.00320,0.320
74.05,0.00321,0.321
74.08,0.00321,0.321
74.11,0.00321,0.321
74.14,0.00321,0.321
74.16,0.00321,0.321
74.19,0.00321,0.321
74.22,0.00322,0.322
74.25,0.00322,0.322
74.27,0.00322,0.322
74.30,0.00322,0.322
74.33,0.00322,0.322
74.35,0.00323,0.323
74.38,0.00323,0.323
74.41,0.00323,0.323
74.44,0.00323,0.323
74.46,0.00323,0.323
74.49,0.00324,0.324
74.52,0.00324,0.324
74.54,0.00324,0.324
74.57,0.00324,0.324
74.60,0.00324,0.324
74.62,0.00324,0.324
74.65,0.00325,0.325
74.68,0.00325,0.325
74.71,0.00325,0.325
74.73,0.00325,0.325
74.76,0.00325,0.325
74.79,0.00326,0.326
74.81,0.00326,0.326
74.84,0.00326,0.326
74.87,0.00326,0.326
74.89,0.00326,0.326
74.92,0.00327,0.327
74.95,0.00327,0.327
74.97,0.00327,0.327
75.00,0.00327,0.327
75.03,0.00327,0.327
75.05,0.00327,0.327
75.08,0.00328,0.328
75.11,0.00328,0.328
75.13,0.00328,0.328
75.16,0.00328,0.328
75.19,0.00328,0.328
75.21,0.00329,0.329
75.24,0.00329,0.329
75.26,0.00329,0.329
75.29,0.00329,0.329
75.32,0.00329,0.329
75.34,0.00329,0.329
75.37,0.00330,0.330
75.40,0.00330,0.330
75.42,0.00330,0.330
75.45,0.00330,0.330
75.48,0.00330,0.330
75.50,0.00331,0.331
75.53,0.00331,0.331
75.56,0.00331,0.331
75.58,0.00331,0.331
75.61,0.00331,0.331
75.63,0.00331,0.331
75.66,0.00332,0.332
75.69,0.00332,0.332
75.71,0.00332,0.332
75.74,0.00332,0.332
75.77,0.00332,0.332
75.79,0.00333,0.333
75.82,0.00333,0.333
75.85,0.00333,0.333
75.87,0.00333,0.333
75.90,0.00333,0.333
75.92,0.00333,0.333
75.95,0.00334,0.334
75.98,0.00334,0.334
76.00,0.00334,0.334
76.03,0.00334,0.334
76.06,0.00334,0.334
76.08,0.00335,0.335
76.11,0.00335,0.335
76.13,0.00335,0.335
76.16,0.00335,0.335
76.19,0.00335,0.335
76.21,0.00336,0.336
76.24,0.00336,0.336
76.27,0.00336,0.336
76.29,0.00336,0.336
76.32,0.00336,0.336
76.35,0.00336,0.336
76.37,0.00337,0.337
76.40,0.00337,0.337
76.42,0.00337,0.337
76.45,0.00337,0.337
76.48,0.00337,0.337
76.50,0.00338,0.338
76.53,0.00338,0.338
76.56,0.00338,0.338
76.58,0.00338,0.338
76.61,0.00338,0.338
76.63,0.00338,0.338
76.66,0.00339,0.339
76.69,0.00339,0.339
76.71,0.00339,0.339
76.74,0.00339,0.339
76.77,0.00339,0.339
76.79,0.00340,0.340
76.82,0.00340,0.340
76.84,0.00340,0.340
76.87,0.00340,0.340
76.90,0.00340,0.340
76.92,0.00340,0.340
76.95,0.00341,0.341
76.98,0.00341,0.341
77.00,0.00341,0.341
77.03,0.00341,0.341
77.05,0.00341,0.341
77.08,0.00342,0.342
77.11,0.00342,0.342
77.13,0.00342,0.342
77.16,0.00342,0.342
77.19,0.00342,0.342
77.21,0.00342,0.342
77.24,0.00343,0.343
77.26,0.00343,0.343
77.29,0.00343,0.343
77.32,0.00343,0.343
77.34,0.00343,0.343
77.37,0.00344,0.344
77.39,0.00344,0.344
77.42,0.00344,0.344
77.45,0.00344,0.344
77.47,0.00344,0.344
77.50,0.00344,0.344
77.52,0.00345,0.345
77.55,0.00345,0.345
77.58,0.00345,0.345
77.60,0.00345,0.345
77.63,0.00345,0.345
77.66,0.00346,0.346
77.68,0.00346,0.346
77.71,0.00346,0.346
77.73,0.00346,0.346
77.76,0.00346,0.346
77.79,0.00346,0.346
77.81,0.00347,0.347
77.84,0.00347,0.347
77.86,0.00347,0.347
77.89,0.00347,0.347
77.92,0.00347,0.347
77.94,0.00348,0.348
77.97,0.00348,0.348
77.99,0.00348,0.348
78.02,0.00348,0.348
78.05,0.00348,0.348
78.07,0.00348,0.348
78.10,0.00349,0.349
78.12,0.00349,0.349
78.15,0.00349,0.349
78.18,0.00349,0.349
78.20,0.00349,0.349
78.23,0.00350,0.350
78.25,0.00350,0.350
78.28,0.00350,0.350
78.30,0.00350,0.350
78.33,0.00350,0.350
78.36,0.00350,0.350
78.38,0.00351,0.351
78.41,0.00351,0.351
78.43,0.00351,0.351
78.46,0.00351,0.351
78.49,0.00351,0.351
78.51,0.00352,0.352
78.54,0.00352,0.352
78.56,0.00352,0.352
78.59,0.00352,0.352
78.62,0.00352,0.352
78.64,0.00352,0.352
78.67,0.00353,0.353
78.69,0.00353,0.353
78.72,0.00353,0.353
78.75,0.00353,0.353
78.77,0.00353,0.353
78.80,0.00354,0.354
78.82,0.00354,0.354
78.85,0.00354,0.354
78.88,0.00354,0.354
78.90,0.00354,0.354
78.93,0.00354,0.354
78.95,0.00355,0.355
78.98,0.00355,0.355
79.01,0.00355,0.355
79.03,0.00355,0.355
79.06,0.00355,0.355
79.09,0.00356,0.356
79.11,0.00356,0.356
79.14,0.00356,0.356
79.16,0.00356,0.356
79.19,0.00356,0.356
79.22,0.00357,0.357
79.24,0.00357,0.357
79.27,0.00357,0.357
79.29,0.00357,0.357
79.32,0.00357,0.357
79.35,0.00357,0.357
79.37,0.00358,0.358
79.40,0.00358,0.358
79.42,0.00358,0.358
79.45,0.00358,0.358
79.48,0.00358,0.358
79.50,0.00359,0.359
79.53,0.00359,0.359
79.55,0.00359,0.359
79.58,0.00359,0.359
79.61,0.00359,0.359
79.63,0.00359,0.359
79.66,0.00360,0.360
79.68,0.00360,0.360
79.71,0.00360,0.360
79.74,0.00360,0.360
79.76,0.00360,0.360
79.79,0.00361,0.361
79.81,0.00361,0.361
79.84,0.00361,0.361
79.86,0.00361,0.361
79.89,0.00361,0.361
79.92,0.00361,0.361
79.94,0.00362,0.362
79.97,0.00362,0.362
79.99,0.00362,0.362
80.02,0.00362,0.362
80.04,0.00362,0.362
80.07,0.00363,0.363
80.09,0.00363,0.363
80.12,0.00363,0.363
80.14,0.00363,0.363
80.17,0.00363,0.363
80.19,0.00363,0.363
80.22,0.00364,0.364
80.25,0.00364,0.364
80.27,0.00364,0.364
80.30,0.00364,0.364
80.32,0.00364,0.364
80.35,0.00365,0.365
80.37,0.00365,0.365
80.40,0.00365,0.365
80.42,0.00365,0.365
80.45,0.00365,0.365
80.47,0.00365,0.365
80.50,0.00366,0.366
80.52,0.00366,0.366
80.55,0.00366,0.366
80.57,0.00366,0.366
80.60,0.00366,0.366
80.62,0.00366,0.366
80.65,0.00367,0.367
80.67,0.00367,0.367
80.70,0.00367,0.367
80.72,0.00367,0.367
80.75,0.00367,0.367
80.77,0.00368,0.368
80.79,0.00368,0.368
80.82,0.00368,0.368
80.84,0.00368,0.368
80.87,0.00368,0.368
80.89,0.00368,0.368
80.92,0.00369,0.369
80.94,0.00369,0.369
80.97,0.00369,0.369
80.99,0.00369,0.369
81.02,0.00369,0.369
81.04,0.00369,0.369
81.07,0.00370,0.370
81.09,0.00370,0.370
81.11,0.00370,0.370
81.14,0.00370,0.370
81.16,0.00370,0.370
81.19,0.00371,0.371
81.21,0.00371,0.371
81.24,0.00371,0.371
81.26,0.00371,0.371
81.28,0.00371,0.371
81.31,0.00371,0.371
81.33,0.00372,0.372
81.36,0.00372,0.372
81.38,0.00372,0.372
81.41,0.00372,0.372
81.43,0.00372,0.372
81.45,0.00372,0.372
81.48,0.00373,0.373
81.50,0.00373,0.373
81.53,0.00373,0.373
81.55,0.00373,0.373
81.57,0.00373,0.373
81.60,0.00373,0.373
81.62,0.00374,0.374
81.65,0.00374,0.374
81.67,0.00374,0.374
81.69,0.00374,0.374
81.72,0.00374,0.374
81.74,0.00374,0.374
81.77,0.00375,0.375
81.79,0.00375,0.375
81.81,0.00375,0.375
81.84,0.00375,0.375
81.86,0.00375,0.375
81.89,0.00375,0.375
81.91,0.00376,0.376
81.93,0.00376,0.376
81.96,0.00376,0.376
81.98,0.00376,0.376
82.00,0.00376,0.376
82.03,0.00377,0.377
82.05,0.00377,0.377
82.07,0.00377,0.377
82.10,0.00377,0.377
82.12,0.00377,0.377
82.15,0.00377,0.377
82.17,0.00378,0.378
82.19,0.00378,0.378
82.22,0.00378,0.378
82.24,0.00378,0.378
82.26,0.00378,0.378
82.29,0.00378,0.378
82.31,0.00379,0.379
82.33,0.00379,0.379
82.36,0.00379,0.379
82.38,0.00379,0.379
82.40,0.00379,0.379
82.43,0.00379,0.379
82.45,0.00380,0.380
82.47,0.00380,0.380
82.50,0.00380,0.380
82.52,0.00380,0.380
82.54,0.00380,0.380
82.57,0.00380,0.380
82.59,0.00381,0.381
82.61,0.00381,0.381
82.64,0.00381,0.381
82.66,0.00381,0.381
82.68,0.00381,0.381
82.70,0.00381,0.381
82.73,0.00382,0.382
82.75,0.00382,0.382
82.77,0.00382,0.382
82.80,0.00382,0.382
82.82,0.00382,0.382
82.84,0.00382,0.382
82.87,0.00382,0.382
82.89,0.00383,0.383
82.91,0.00383,0.383
82.93,0.00383,0.383
82.96,0.00383,0.383
82.98,0.00383,0.383
83.00,0.00383,0.383
83.03,0.00384,0.384
83.05,0.00384,0.384
83.07,0.00384,0.384
83.09,0.00384,0.384
83.12,0.00384,0.384
83.14,0.00384,0.384
83.16,0.00385,0.385
83.19,0.00385,0.385
83.21,0.00385,0.385
83.23,0.00385,0.385
83.25,0.00385,0.385
83.28,0.00385,0.385
83.30,0.00386,0.386
83.32,0.00386,0.386
83.34,0.00386,0.386
83.37,0.00386,0.386
83.39,0.00386,0.386
83.41,0.00386,0.386
83.43,0.00387,0.387
83.46,0.00387,0.387
83.48,0.00387,0.387
83.50,0.00387,0.387
83.52,0.00387,0.387
83.55,0.00387,0.387
83.57,0.00388,0.388
83.59,0.00388,0.388
83.61,0.00388,0.388
83.64,0.00388,0.388
83.66,0.00388,0.388
83.68,0.00388,0.388
83.70,0.00388,0.388
83.73,0.00389,0.389
83.75,0.00389,0.389
83.77,0.00389,0.389
83.79,0.00389,0.389
83.81,0.00389,0.389
83.84,0.00389,0.389
83.86,0.00390,0.390
83.88,0.00390,0.390
83.90,0.00390,0.390
83.92,0.00390,0.390
83.95,0.00390,0.390
83.97,0.00390,0.390
83.99,0.00391,0.391
84.01,0.00391,0.391
84.04,0.00391,0.391
84.06,0.00391,0.391
84.08,0.00391,0.391
84.10,0.00391,0.391
84.12,0.00392,0.392
84.15,0.00392,0.392
84.17,0.00392,0.392
84.19,0.00392,0.392
84.21,0.00392,0.392
84.23,0.00392,0.392
84.26,0.00392,0.392
84.28,0.00393,0.393
84.30,0.00393,0.393
84.32,0.00393,0.393
84.34,0.00393,0.393
84.36,0.00393,0.393
84.39,0.00393,0.393
84.41,0.00394,0.394
84.43,0.00394,0.394
84.45,0.00394,0.394
84.47,0.00394,0.394
84.49,0.00394,0.394
84.52,0.00394,0.394
84.54,0.00394,0.394
84.56,0.00395,0.395
84.58,0.00395,0.395
84.60,0.00395,0.395
84.62,0.00395,0.395
84.65,0.00395,0.395
84.67,0.00395,0.395
84.69,0.00396,0.396
84.71,0.00396,0.396
84.73,0.00396,0.396
84.75,0.00396,0.396
84.78,0.00396,0.396
84.80,0.00396,0.396
84.82,0.00397,0.397
84.84,0.00397,0.397
84.86,0.00397,0.397
84.88,0.00397,0.397
84.90,0.00397,0.397
84.93,0.00397,0.397
84.95,0.00397,0.397
84.97,0.00398,0.398
84.99,0.00398,0.398
85.01,0.00398,0.398
85.03,0.00398,0.398
85.05,0.00398,0.398
85.08,0.00398,0.398
85.10,0.00399,0.399
85.12,0.00399,0.399
85.14,0.00399,0.399
85.16,0.00399,0.399
85.18,0.00399,0.399
85.20,0.00399,0.399
85.22,0.00399,0.399
85.25,0.00400,0.400
85.27,0.00400,0.400
85.29,0.00400,0.400
85.31,0.00400,0.400
85.33,0.00400,0.400
85.35,0.00400,0.400
85.37,0.00401,0.401
85.39,0.00401,0.401
85.41,0.00401,0.401
85.44,0.00401,0.401
85.46,0.00401,0.401
85.48,0.00401,0.401
85.50,0.00401,0.401
85.52,0.00402,0.402
85.54,0.00402,0.402
85.56,0.00402,0.402
85.58,0.00402,0.402
85.60,0.00402,0.402
85.62,0.00402,0.402
85.65,0.00403,0.403
85.67,0.00403,0.403
85.69,0.00403,0.403
85.71,0.00403,0.403
85.73,0.00403,0.403
85.75,0.00403,0.403
85.77,0.00403,0.403
85.79,0.00404,0.404
85.81,0.00404,0.404
85.83,0.00404,0.404
85.85,0.00404,0.404
85.87,0.00404,0.404
85.90,0.00404,0.404
85.92,0.00404,0.404
85.94,0.00405,0.405
85.96,0.00405,0.405
85.98,0.00405,0.405
86.00,0.00405,0.405
86.02,0.00405,0.405
86.04,0.00405,0.405
86.06,0.00406,0.406
86.08,0.00406,0.406
86.10,0.00406,0.406
86.12,0.00406,0.406
86.14,0.00406,0.406
86.16,0.00406,0.406
86.18,0.00406,0.406
86.20,0.00407,0.407
86.23,0.00407,0.407
86.25,0.00407,0.407
86.27,0.00407,0.407
86.29,0.00407,0.407
86.31,0.00407,0.407
86.33,0.00407,0.407
86.35,0.00408,0.408
86.37,0.00408,0.408
86.39,0.00408,0.408
86.41,0.00408,0.408
86.43,0.00408,0.408
86.45,0.00408,0.408
86.47,0.00409,0.409
86.49,0.00409,0.409
86.51,0.00409,0.409
86.53,0.00409,0.409
86.55,0.00409,0.409
86.57,0.00409,0.409
86.59,0.00409,0.409
86.61,0.00410,0.410
86.63,0.00410,0.410
86.65,0.00410,0.410
86.67,0.00410,0.410
86.69,0.00410,0.410
86.71,0.00410,0.410
86.73,0.00410,0.410
86.75,0.00411,0.411
86.77,0.00411,0.411
86.79,0.00411,0.411
86.81,0.00411,0.411
86.84,0.00411,0.411
86.86,0.00411,0.411
86.88,0.00411,0.411
86.90,0.00412,0.412
86.92,0.00412,0.412
86.94,0.00412,0.412
86.96,0.00412,0.412
86.98,0.00412,0.412
87.00,0.00412,0.412
87.02,0.00412,0.412
87.04,0.00413,0.413
87.06,0.00413,0.413
87.08,0.00413,0.413
87.10,0.00413,0.413
87.12,0.00413,0.413
87.14,0.00413,0.413
87.16,0.00413,0.413
87.18,0.00414,0.414
87.20,0.00414,0.414
87.22,0.00414,0.414
87.24,0.00414,0.414
87.26,0.00414,0.414
87.28,0.00414,0.414
87.29,0.00415,0.415
87.31,0.00415,0.415
87.33,0.00415,0.415
87.35,0.00415,0.415
87.37,0.00415,0.415
87.39,0.00415,0.415
87.41,0.00415,0.415
87.43,0.00416,0.416
87.45,0.00416,0.416
87.47,0.00416,0.416
87.49,0.00416,0.416
87.51,0.00416,0.416
87.53,0.00416,0.416
87.55,0.00416,0.416
87.57,0.00417,0.417
87.59,0.00417,0.417
87.61,0.00417,0.417
87.63,0.00417,0.417
87.65,0.00417,0.417
87.67,0.00417,0.417
87.69,0.00417,0.417
87.71,0.00418,0.418
87.73,0.00418,0.418
87.75,0.00418,0.418
87.77,0.00418,0.418
87.79,0.00418,0.418
87.81,0.00418,0.418
87.83,0.00418,0.418
87.85,0.00419,0.419
87.87,0.00419,0.419
87.89,0.00419,0.419
87.90,0.00419,0.419
87.92,0.00419,0.419
87.94,0.00419,0.419
87.96,0.00419,0.419
87.98,0.00420,0.420
88.00,0.00420,0.420
88.02,0.00420,0.420
88.04,0.00420,0.420
88.06,0.00420,0.420
88.08,0.00420,0.420
88.10,0.00420,0.420
88.12,0.00421,0.421
88.14,0.00421,0.421
88.16,0.00421,0.421
88.18,0.00421,0.421
88.20,0.00421,0.421
88.22,0.00421,0.421
88.23,0.00421,0.421
88.25,0.00422,0.422
88.27,0.00422,0.422
88.29,0.00422,0.422
88.31,0.00422,0.422
88.33,0.00422,0.422
88.35,0.00422,0.422
88.37,0.00422,0.422
88.39,0.00423,0.423
88.41,0.00423,0.423
88.43,0.00423,0.423
88.45,0.00423,0.423
88.47,0.00423,0.423
88.48,0.00423,0.423
88.50,0.00423,0.423
88.52,0.00423,0.423
88.54,0.00424,0.424
88.56,0.00424,0.424
88.58,0.00424,0.424
88.60,0.00424,0.424
88.62,0.00424,0.424
88.64,0.00424,0.424
88.66,0.00424,0.424
88.68,0.00425,0.425
88.69,0.00425,0.425
88.71,0.00425,0.425
88.73,0.00425,0.425
88.75,0.00425,0.425
88.77,0.00425,0.425
88.79,0.00425,0.425
88.81,0.00426,0.426
88.83,0.00426,0.426
88.85,0.00426,0.426
88.87,0.00426,0.426
88.88,0.00426,0.426
88.90,0.00426,0.426
88.92,0.00426,0.426
88.94,0.00427,0.427
88.96,0.00427,0.427
88.98,0.00427,0.427
89.00,0.00427,0.427
89.02,0.00427,0.427
89.04,0.00427,0.427
89.05,0.00427,0.427
89.07,0.00428,0.428
89.09,0.00428,0.428
89.11,0.00428,0.428
89.13,0.00428,0.428
89.15,0.00428,0.428
89.17,0.00428,0.428
89.19,0.00428,0.428
89.20,0.00429,0.429
89.22,0.00429,0.429
89.24,0.00429,0.429
89.26,0.00429,0.429
89.28,0.00429,0.429
89.30,0.00429,0.429
89.32,0.00429,0.429
89.34,0.00429,0.429
89.35,0.00430,0.430
89.37,0.00430,0.430
89.39,0.00430,0.430
89.41,0.00430,0.430
89.43,0.00430,0.430
89.45,0.00430,0.430
89.47,0.00430,0.430
89.48,0.00431,0.431
89.50,0.00431,0.431
89.52,0.00431,0.431
89.54,0.00431,0.431
89.56,0.00431,0.431
89.58,0.00431,0.431
89.60,0.00431,0.431
89.61,0.00432,0.432
89.63,0.00432,0.432
89.65,0.00432,0.432
89.67,0.00432,0.432
89.69,0.00432,0.432
89.71,0.00432,0.432
89.73,0.00432,0.432
89.74,0.00433,0.433
89.76,0.00433,0.433
89.78,0.00433,0.433
89.80,0.00433,0.433
89.82,0.00433,0.433
89.84,0.00433,0.433
89.85,0.00433,0.433
89.87,0.00433,0.433
89.89,0.00434,0.434
89.91,0.00434,0.434
89.93,0.00434,0.434
89.95,0.00434,0.434
89.96,0.00434,0.434
89.98,0.00434,0.434
90.00,0.00434,0.434
90.02,0.00435,0.435
90.04,0.00435,0.435
90.06,0.00435,0.435
90.07,0.00435,0.435
90.09,0.00435,0.435
90.11,0.00435,0.435
90.13,0.00435,0.435
90.15,0.00436,0.436
90.17,0.00436,0.436
90.18,0.00436,0.436
90.20,0.00436,0.436
90.22,0.00436,0.436
90.24,0.00436,0.436
90.26,0.00436,0.436
90.28,0.00436,0.436
90.29,0.00437,0.437
90.31,0.00437,0.437
90.33,0.00437,0.437
90.35,0.00437,0.437
90.37,0.00437,0.437
90.38,0.00437,0.437
90.40,0.00437,0.437
90.42,0.00438,0.438
90.44,0.00438,0.438
90.46,0.00438,0.438
90.47,0.00438,0.438
90.49,0.00438,0.438
90.51,0.00438,0.438
90.53,0.00438,0.438
90.55,0.00438,0.438
90.57,0.00439,0.439
90.58,0.00439,0.439
90.60,0.00439,0.439
90.62,0.00439,0.439
90.64,0.00439,0.439
90.66,0.00439,0.439
90.67,0.00439,0.439
90.69,0.00440,0.440
90.71,0.00440,0.440
90.73,0.00440,0.440
90.75,0.00440,0.440
90.76,0.00440,0.440
90.78,0.00440,0.440
90.80,0.00440,0.440
90.82,0.00441,0.441
90.83,0.00441,0.441
90.85,0.00441,0.441
90.87,0.00441,0.441
90.89,0.00441,0.441
90.91,0.00441,0.441
90.92,0.00441,0.441
90.94,0.00441,0.441
90.96,0.00442,0.442
90.98,0.00442,0.442
91.00,0.00442,0.442
91.01,0.00442,0.442
91.03,0.00442,0.442
91.05,0.00442,0.442
91.07,0.00442,0.442
91.08,0.00443,0.443
91.10,0.00443,0.443
91.12,0.00443,0.443
91.14,0.00443,0.443
91.16,0.00443,0.443
91.17,0.00443,0.443
91.19,0.00443,0.443
91.21,0.00443,0.443
91.23,0.00444,0.444
91.24,0.00444,0.444
91.26,0.00444,0.444
91.28,0.00444,0.444
91.30,0.00444,0.444
91.32,0.00444,0.444
91.33,0.00444,0.444
91.35,0.00444,0.444
91.37,0.00445,0.445
91.39,0.00445,0.445
91.40,0.00445,0.445
91.42,0.00445,0.445
91.44,0.00445,0.445
91.46,0.00445,0.445
91.47,0.00445,0.445
91.49,0.00446,0.446
91.51,0.00446,0.446
91.53,0.00446,0.446
91.54,0.00446,0.446
91.56,0.00446,0.446
91.58,0.00446,0.446
91.60,0.00446,0.446
91.61,0.00446,0.446
91.63,0.00447,0.447
91.65,0.00447,0.447
91.67,0.00447,0.447
91.68,0.00447,0.447
91.70,0.00447,0.447
91.72,0.00447,0.447
91.74,0.00447,0.447
91.75,0.00448,0.448
91.77,0.00448,0.448
91.79,0.00448,0.448
91.81,0.00448,0.448
91.82,0.00448,0.448
91.84,0.00448,0.448
91.86,0.00448,0.448
91.88,0.00448,0.448
91.89,0.00449,0.449
91.91,0.00449,0.449
91.93,0.00449,0.449
91.95,0.00449,0.449
91.96,0.00449,0.449
91.98,0.00449,0.449
92.00,0.00449,0.449
92.02,0.00449,0.449
92.03,0.00450,0.450
92.05,0.00450,0.450
92.07,0.00450,0.450
92.08,0.00450,0.450
92.10,0.00450,0.450
92.12,0.00450,0.450
92.14,0.00450,0.450
92.15,0.00450,0.450
92.17,0.00451,0.451
92.19,0.00451,0.451
92.21,0.00451,0.451
92.22,0.00451,0.451
92.24,0.00451,0.451
92.26,0.00451,0.451
92.27,0.00451,0.451
92.29,0.00452,0.452
92.31,0.00452,0.452
92.33,0.00452,0.452
92.34,0.00452,0.452
92.36,0.00452,0.452
92.38,0.00452,0.452
92.39,0.00452,0.452
92.41,0.00452,0.452
92.43,0.00453,0.453
92.45,0.00453,0.453
92.46,0.00453,0.453
92.48,0.00453,0.453
92.50,0.00453,0.453
92.51,0.00453,0.453
92.53,0.00453,0.453
92.55,0.00453,0.453
92.57,0.00454,0.454
92.58,0.00454,0.454
92.60,0.00454,0.454
92.62,0.00454,0.454
92.63,0.00454,0.454
92.65,0.00454,0.454
92.67,0.00454,0.454
92.69,0.00454,0.454
92.70,0.00455,0.455
92.72,0.00455,0.455
92.74,0.00455,0.455
92.75,0.00455,0.455
92.77,0.00455,0.455
92.79,0.00455,0.455
92.80,0.00455,0.455
92.82,0.00455,0.455
92.84,0.00456,0.456
92.86,0.00456,0.456
92.87,0.00456,0.456
92.89,0.00456,0.456
92.91,0.00456,0.456
92.92,0.00456,0.456
92.94,0.00456,0.456
92.96,0.00457,0.457
92.97,0.00457,0.457
92.99,0.00457,0.457
93.01,0.00457,0.457
93.02,0.00457,0.457
93.04,0.00457,0.457
93.06,0.00457,0.457
93.07,0.00457,0.457
93.09,0.00458,0.458
93.11,0.00458,0.458
93.13,0.00458,0.458
93.14,0.00458,0.458
93.16,0.00458,0.458
93.18,0.00458,0.458
93.19,0.00458,0.458
93.21,0.00458,0.458
93.23,0.00459,0.459
93.24,0.00459,0.459
93.26,0.00459,0.459
93.28,0.00459,0.459
93.29,0.00459,0.459
93.31,0.00459,0.459
93.33,0.00459,0.459
93.34,0.00459,0.459
93.36,0.00460,0.460
93.38,0.00460,0.460
93.39,0.00460,0.460
93.41,0.00460,0.460
93.43,0.00460,0.460
93.44,0.00460,0.460
93.46,0.00460,0.460
93.48,0.00460,0.460
93.49,0.00461,0.461
93.51,0.00461,0.461
93.53,0.00461,0.461
93.54,0.00461,0.461
93.56,0.00461,0.461
93.58,0.00461,0.461
93.59,0.00461,0.461
93.61,0.00461,0.461
93.63,0.00462,0.462
93.64,0.00462,0.462
93.66,0.00462,0.462
93.68,0.00462,0.462
93.69,0.00462,0.462
93.71,0.00462,0.462
93.73,0.00462,0.462
93.74,0.00462,0.462
93.76,0.00463,0.463
93.78,0.00463,0.463
93.79,0.00463,0.463
93.81,0.00463,0.463
93.83,0.00463,0.463
93.84,0.00463,0.463
93.86,0.00463,0.463
93.88,0.00463,0.463
93.89,0.00464,0.464
93.91,0.00464,0.464
93.93,0.00464,0.464
93.94,0.00464,0.464
93.96,0.00464,0.464
93.97,0.00464,0.464
93.99,0.00464,0.464
94.01,0.00464,0.464
94.02,0.00465,0.465
94.04,0.00465,0.465
94.06,0.00465,0.465
94.07,0.00465,0.465
94.09,0.00465,0.465
94.11,0.00465,0.465
94.12,0.00465,0.465
94.14,0.00465,0.465
94.16,0.00466,0.466
94.17,0.00466,0.466
94.19,0.00466,0.466
94.20,0.00466,0.466
94.22,0.00466,0.466
94.24,0.00466,0.466
94.25,0.00466,0.466
94.27,0.00466,0.466
94.29,0.00467,0.467
94.30,0.00467,0.467
94.32,0.00467,0.467
94.34,0.00467,0.467
94.35,0.00467,0.467
94.37,0.00467,0.467
94.38,0.00467,0.467
94.40,0.00467,0.467
94.42,0.00468,0.468
94.43,0.00468,0.468
94.45,0.00468,0.468
94.47,0.00468,0.468
94.48,0.00468,0.468
94.50,0.00468,0.468
94.52,0.00468,0.468
94.53,0.00468,0.468
94.55,0.00468,0.468
94.56,0.00469,0.469
94.58,0.00469,0.469
94.60,0.00469,0.469
94.61,0.00469,0.469
94.63,0.00469,0.469
94.65,0.00469,0.469
94.66,0.00469,0.469
94.68,0.00469,0.469
94.70,0.00470,0.470
94.71,0.00470,0.470
94.73,0.00470,0.470
94.74,0.00470,0.470
94.76,0.00470,0.470
94.78,0.00470,0.470
94.79,0.00470,0.470
94.81,0.00470,0.470
94.83,0.00471,0.471
94.84,0.00471,0.471
94.86,0.00471,0.471
94.87,0.00471,0.471
94.89,0.00471,0.471
94.91,0.00471,0.471
94.92,0.00471,0.471
94.94,0.00471,0.471
94.96,0.00472,0.472
94.97,0.00472,0.472
94.99,0.00472,0.472
95.01,0.00472,0.472
95.02,0.00472,0.472
95.04,0.00472,0.472
95.05,0.00472,0.472
95.07,0.00472,0.472
95.09,0.00473,0.473
95.10,0.00473,0.473
95.12,0.00473,0.473
95.14,0.00473,0.473
95.15,0.00473,0.473
95.17,0.00473,0.473
95.19,0.00473,0.473
95.20,0.00473,0.473
95.22,0.00474,0.474
95.23,0.00474,0.474
95.25,0.00474,0.474
95.27,0.00474,0.474
95.28,0.00474,0.474
95.30,0.00474,0.474
95.32,0.00474,0.474
95.33,0.00474,0.474
95.35,0.00475,0.475
95.36,0.00475,0.475
95.38,0.00475,0.475
95.40,0.00475,0.475
95.41,0.00475,0.475
95.43,0.00475,0.475
95.45,0.00475,0.475
95.46,0.00475,0.475
95.48,0.00476,0.476
95.49,0.00476,0.476
95.51,0.00476,0.476
95.53,0.00476,0.476
95.54,0.00476,0.476
95.56,0.00476,0.476
95.58,0.00476,0.476
95.59,0.00476,0.476
95.61,0.00476,0.476
95.62,0.00477,0.477
95.64,0.00477,0.477
95.66,0.00477,0.477
95.67,0.00477,0.477
95.69,0.00477,0.477
95.70,0.00477,0.477
95.72,0.00477,0.477
95.74,0.00477,0.477
95.75,0.00478,0.478
95.77,0.00478,0.478
95.78,0.00478,0.478
95.80,0.00478,0.478
95.82,0.00478,0.478
95.83,0.00478,0.478
95.85,0.00478,0.478
95.86,0.00478,0.478
95.88,0.00479,0.479
95.90,0.00479,0.479
95.91,0.00479,0.479
95.93,0.00479,0.479
95.94,0.00479,0.479
95.96,0.00479,0.479
95.97,0.00479,0.479
95.99,0.00479,0.479
96.01,0.00480,0.480
96.02,0.00480,0.480
96.04,0.00480,0.480
96.05,0.00480,0.480
96.07,0.00480,0.480
96.09,0.00480,0.480
96.10,0.00480,0.480
96.12,0.00480,0.480
96.13,0.00480,0.480
96.15,0.00481,0.481
96.16,0.00481,0.481
96.18,0.00481,0.481
96.20,0.00481,0.481
96.21,0.00481,0.481
96.23,0.00481,0.481
96.24,0.00481,0.481
96.26,0.00481,0.481
96.27,0.00482,0.482
96.29,0.00482,0.482
96.30,0.00482,0.482
96.32,0.00482,0.482
96.34,0.00482,0.482
96.35,0.00482,0.482
96.37,0.00482,0.482
96.38,0.00482,0.482
96.40,0.00482,0.482
96.41,0.00483,0.483
96.43,0.00483,0.483
96.44,0.00483,0.483
96.46,0.00483,0.483
96.48,0.00483,0.483
96.49,0.00483,0.483
96.51,0.00483,0.483
96.52,0.00483,0.483
96.54,0.00484,0.484
96.55,0.00484,0.484
96.57,0.00484,0.484
96.58,0.00484,0.484
96.60,0.00484,0.484
96.61,0.00484,0.484
96.63,0.00484,0.484
96.65,0.00484,0.484
96.66,0.00484,0.484
96.68,0.00485,0.485
96.69,0.00485,0.485
96.71,0.00485,0.485
96.72,0.00485,0.485
96.74,0.00485,0.485
96.75,0.00485,0.485
96.77,0.00485,0.485
96.78,0.00485,0.485
96.80,0.00486,0.486
96.81,0.00486,0.486
96.83,0.00486,0.486
96.84,0.00486,0.486
96.86,0.00486,0.486
96.87,0.00486,0.486
96.89,0.00486,0.486
96.90,0.00486,0.486
96.92,0.00486,0.486
96.93,0.00487,0.487
96.95,0.00487,0.487
96.96,0.00487,0.487
96.98,0.00487,0.487
97.00,0.00487,0.487
97.01,0.00487,0.487
97.03,0.00487,0.487
97.04,0.00487,0.487
97.06,0.00488,0.488
97.07,0.00488,0.488
97.09,0.00488,0.488
97.10,0.00488,0.488
97.12,0.00488,0.488
97.13,0.00488,0.488
97.15,0.00488,0.488
97.16,0.00488,0.488
97.18,0.00488,0.488
97.19,0.00489,0.489
97.21,0.00489,0.489
97.22,0.00489,0.489
97.24,0.00489,0.489
97.25,0.00489,0.489
97.27,0.00489,0.489
97.28,0.00489,0.489
97.30,0.00489,0.489
97.31,0.00489,0.489
97.32,0.00490,0.490
97.34,0.00490,0.490
97.35,0.00490,0.490
97.37,0.00490,0.490
97.38,0.00490,0.490
97.40,0.00490,0.490
97.41,0.00490,0.490
97.43,0.00490,0.490
97.44,0.00491,0.491
97.46,0.00491,0.491
97.47,0.00491,0.491
97.49,0.00491,0.491
97.50,0.00491,0.491
97.52,0.00491,0.491
97.53,0.00491,0.491
97.55,0.00491,0.491
97.56,0.00491,0.491
97.58,0.00492,0.492
97.59,0.00492,0.492
97.61,0.00492,0.492
97.62,0.00492,0.492
97.64,0.00492,0.492
97.65,0.00492,0.492
97.66,0.00492,0.492
97.68,0.00492,0.492
97.69,0.00492,0.492
97.71,0.00493,0.493
97.72,0.00493,0.493
97.74,0.00493,0.493
97.75,0.00493,0.493
97.77,0.00493,0.493
97.78,0.00493,0.493
97.80,0.00493,0.493
97.81,0.00493,0.493
97.83,0.00493,0.493
97.84,0.00494,0.494
97.85,0.00494,0.494
97.87,0.00494,0.494
97.88,0.00494,0.494
97.90,0.00494,0.494
97.91,0.00494,0.494
97.93,0.00494,0.494
97.94,0.00494,0.494
97.96,0.00494,0.494
97.97,0.00495,0.495
97.98,0.00495,0.495
98.00,0.00495,0.495
98.01,0.00495,0.495
98.03,0.00495,0.495
98.04,0.00495,0.495
98.06,0.00495,0.495
98.07,0.00495,0.495
98.09,0.00495,0.495
98.10,0.00496,0.496
98.11,0.00496,0.496
98.13,0.00496,0.496
98.14,0.00496,0.496
98.16,0.00496,0.496
98.17,0.00496,0.496
98.19,0.00496,0.496
98.20,0.00496,0.496
98.21,0.00496,0.496
98.23,0.00497,0.497
98.24,0.00497,0.497
98.26,0.00497,0.497
98.27,0.00497,0.497
98.29,0.00497,0.497
98.30,0.00497,0.497
98.31,0.00497,0.497
98.33,0.00497,0.497
98.34,0.00497,0.497
98.36,0.00498,0.498
98.37,0.00498,0.498
98.39,0.00498,0.498
98.40,0.00498,0.498
98.41,0.00498,0.498
98.43,0.00498,0.498
98.44,0.00498,0.498
98.46,0.00498,0.498
98.47,0.00498,0.498
98.48,0.00499,0.499
98.50,0.00499,0.499
98.51,0.00499,0.499
98.53,0.00499,0.499
98.54,0.00499,0.499
98.55,0.00499,0.499
98.57,0.00499,0.499
98.58,0.00499,0.499
98.60,0.00499,0.499
98.61,0.00500,0.500
98.62,0.00500,0.500
98.64,0.00500,0.500
98.65,0.00500,0.500
98.67,0.00500,0.500
98.68,0.00500,0.500
98.69,0.00500,0.500
98.71,0.00500,0.500
98.72,0.00500,0.500
98.74,0.00501,0.501
98.75,0.00501,0.501
98.76,0.00501,0.501
98.78,0.00501,0.501
98.79,0.00501,0.501
98.81,0.00501,0.501
98.82,0.00501,0.501
98.83,0.00501,0.501
98.85,0.00501,0.501
98.86,0.00501,0.501
98.88,0.00502,0.502
98.89,0.00502,0.502
98.90,0.00502,0.502
98.92,0.00502,0.502
98.93,0.00502,0.502
98.95,0.00502,0.502
98.96,0.00502,0.502
98.97,0.00502,0.502
98.99,0.00502,0.502
99.00,0.00503,0.503
99.01,0.00503,0.503
99.03,0.00503,0.503
99.04,0.00503,0.503
99.06,0.00503,0.503
99.07,0.00503,0.503
99.08,0.00503,0.503
99.10,0.00503,0.503
99.11,0.00503,0.503
99.12,0.00504,0.504
99.14,0.00504,0.504
99.15,0.00504,0.504
99.17,0.00504,0.504
99.18,0.00504,0.504
99.19,0.00504,0.504
99.21,0.00504,0.504
99.22,0.00504,0.504
99.23,0.00504,0.504
99.25,0.00504,0.504
99.26,0.00505,0.505
99.27,0.00505,0.505
99.29,0.00505,0.505
99.30,0.00505,0.505
99.32,0.00505,0.505
99.33,0.00505,0.505
99.34,0.00505,0.505
99.36,0.00505,0.505
99.37,0.00505,0.505
99.38,0.00506,0.506
99.40,0.00506,0.506
99.41,0.00506,0.506
99.42,0.00506,0.506
99.44,0.00506,0.506
99.45,0.00506,0.506
99.47,0.00506,0.506
99.48,0.00506,0.506
99.49,0.00506,0.506
99.51,0.00506,0.506
99.52,0.00507,0.507
99.53,0.00507,0.507
99.55,0.00507,0.507
99.56,0.00507,0.507
99.57,0.00507,0.507
99.59,0.00507,0.507
99.60,0.00507,0.507
99.61,0.00507,0.507
99.63,0.00507,0.507
99.64,0.00508,0.508
99.65,0.00508,0.508
99.67,0.00508,0.508
99.68,0.00508,0.508
99.69,0.00508,0.508
99.71,0.00508,0.508
99.72,0.00508,0.508
99.73,0.00508,0.508
99.75,0.00508,0.508
99.76,0.00508,0.508
99.77,0.00509,0.509
99.79,0.00509,0.509
99.80,0.00509,0.509
99.81,0.00509,0.509
99.83,0.00509,0.509
99.84,0.00509,0.509
99.85,0.00509,0.509
99.87,0.00509,0.509
99.88,0.00509,0.509
99.89,0.00509,0.509
99.91,0.00510,0.510
99.92,0.00510,0.510
99.93,0.00510,0.510
99.95,0.00510,0.510
99.96,0.00510,0.510
99.97,0.00510,0.510
99.99,0.00510,0.510
100.00,0.00510,0.510
100.01,0.00510,0.510
100.03,0.00511,0.511
100.04,0.00511,0.511
100.05,0.00511,0.511
100.07,0.00511,0.511
100.08,0.00511,0.511
100.09,0.00511,0.511
100.11,0.00511,0.511
100.12,0.00511,0.511
100.13,0.00511,0.511
100.14,0.00511,0.511
100.16,0.00512,0.512
100.17,0.00512,0.512
100.18,0.00512,0.512
100.20,0.00512,0.512
100.21,0.00512,0.512
100.22,0.00512,0.512
100.24,0.00512,0.512
100.25,0.00512,0.512
100.26,0.00512,0.512
100.28,0.00512,0.512
100.29,0.00513,0.513
100.30,0.00513,0.513
100.32,0.00513,0.513
100.33,0.00513,0.513
100.34,0.00513,0.513
100.35,0.00513,0.513
100.37,0.00513,0.513
100.38,0.00513,0.513
100.39,0.00513,0.513
100.41,0.00513,0.513
100.42,0.00514,0.514
100.43,0.00514,0.514
100.45,0.00514,0.514
100.46,0.00514,0.514
100.47,0.00514,0.514
100.48,0.00514,0.514
100.50,0.00514,0.514
100.51,0.00514,0.514
100.52,0.00514,0.514
100.54,0.00514,0.514
100.55,0.00515,0.515
100.56,0.00515,0.515
100.58,0.00515,0.515
100.59,0.00515,0.515
100.60,0.00515,0.515
100.61,0.00515,0.515
100.63,0.00515,0.515
100.64,0.00515,0.515
100.65,0.00515,0.515
100.67,0.00515,0.515
100.68,0.00516,0.516
100.69,0.00516,0.516
100.70,0.00516,0.516
100.72,0.00516,0.516
100.73,0.00516,0.516
100.74,0.00516,0.516
100.76,0.00516,0.516
100.77,0.00516,0.516
100.78,0.00516,0.516
100.79,0.00516,0.516
100.81,0.00517,0.517
100.82,0.00517,0.517
100.83,0.00517,0.517
100.84,0.00517,0.517
100.86,0.00517,0.517
100.87,0.00517,0.517
100.88,0.00517,0.517
100.90,0.00517,0.517
100.91,0.00517,0.517
100.92,0.00517,0.517
100.93,0.00518,0.518
100.95,0.00518,0.518
100.96,0.00518,0.518
100.97,0.00518,0.518
100.99,0.00518,0.518
101.00,0.00518,0.518
101.01,0.00518,0.518
101.02,0.00518,0.518
101.04,0.00518,0.518
101.05,0.00518,0.518
101.06,0.00519,0.519
101.07,0.00519,0.519
101.09,0.00519,0.519
101.10,0.00519,0.519
101.11,0.00519,0.519
101.12,0.00519,0.519
101.14,0.00519,0.519
101.15,0.00519,0.519
101.16,0.00519,0.519
101.18,0.00519,0.519
101.19,0.00520,0.520
101.20,0.00520,0.520
101.21,0.00520,0.520
101.23,0.00520,0.520
101.24,0.00520,0.520
101.25,0.00520,0.520
101.26,0.00520,0.520
101.28,0.00520,0.520
101.29,0.00520,0.520
101.30,0.00520,0.520
101.31,0.00521,0.521
101.33,0.00521,0.521
101.34,0.00521,0.521
101.35,0.00521,0.521
101.36,0.00521,0.521
101.38,0.00521,0.521
101.39,0.00521,0.521
101.40,0.00521,0.521
101.41,0.00521,0.521
101.43,0.00521,0.521
101.44,0.00521,0.521
101.45,0.00522,0.522
101.46,0.00522,0.522
101.48,0.00522,0.522
101.49,0.00522,0.522
101.50,0.00522,0.522
101.51,0.00522,0.522
101.53,0.00522,0.522
101.54,0.00522,0.522
101.55,0.00522,0.522
101.56,0.00522,0.522
101.58,0.00523,0.523
101.59,0.00523,0.523
101.60,0.00523,0.523
101.61,0.00523,0.523
101.63,0.00523,0.523
101.64,0.00523,0.523
101.65,0.00523,0.523
101.66,0.00523,0.523
101.67,0.00523,0.523
101.69,0.00523,0.523
101.70,0.00524,0.524
101.71,0.00524,0.524
101.72,0.00524,0.524
101.74,0.00524,0.524
101.75,0.00524,0.524
101.76,0.00524,0.524
101.77,0.00524,0.524
101.79,0.00524,0.524
101.80,0.00524,0.524
101.81,0.00524,0.524
101.82,0.00524,0.524
101.84,0.00525,0.525
101.85,0.00525,0.525
101.86,0.00525,0.525
101.87,0.00525,0.525
101.88,0.00525,0.525
101.90,0.00525,0.525
101.91,0.00525,0.525
101.92,0.00525,0.525
101.93,0.00525,0.525
101.95,0.00525,0.525
101.96,0.00526,0.526
101.97,0.00526,0.526
101.98,0.00526,0.526
101.99,0.00526,0.526
102.01,0.00526,0.526
102.02,0.00526,0.526
102.03,0.00526,0.526
102.04,0.00526,0.526
102.06,0.00526,0.526
102.07,0.00526,0.526
102.08,0.00526,0.526
102.09,0.00527,0.527
102.10,0.00527,0.527
102.12,0.00527,0.527
102.13,0.00527,0.527
102.14,0.00527,0.527
102.15,0.00527,0.527
102.17,0.00527,0.527
102.18,0.00527,0.527
102.19,0.00527,0.527
102.20,0.00527,0.527
102.21,0.00527,0.527
102.23,0.00528,0.528
102.24,0.00528,0.528
102.25,0.00528,0.528
102.26,0.00528,0.528
102.27,0.00528,0.528
102.29,0.00528,0.528
102.30,0.00528,0.528
102.31,0.00528,0.528
102.32,0.00528,0.528
102.34,0.00528,0.528
102.35,0.00529,0.529
102.36,0.00529,0.529
102.37,0.00529,0.529
102.38,0.00529,0.529
102.40,0.00529,0.529
102.41,0.00529,0.529
102.42,0.00529,0.529
102.43,0.00529,0.529
102.44,0.00529,0.529
102.46,0.00529,0.529
102.47,0.00529,0.529
102.48,0.00530,0.530
102.49,0.00530,0.530
102.50,0.00530,0.530
102.52,0.00530,0.530
102.53,0.00530,0.530
102.54,0.00530,0.530
102.55,0.00530,0.530
102.56,0.00530,0.530
102.58,0.00530,0.530
102.59,0.00530,0.530
102.60,0.00530,0.530
102.61,0.00531,0.531
102.62,0.00531,0.531
102.64,0.00531,0.531
102.65,0.00531,0.531
102.66,0.00531,0.531
102.67,0.00531,0.531
102.68,0.00531,0.531
102.69,0.00531,0.531
102.71,0.00531,0.531
102.72,0.00531,0.531
102.73,0.00531,0.531
102.74,0.00532,0.532
102.75,0.00532,0.532
102.77,0.00532,0.532
102.78,0.00532,0.532
102.79,0.00532,0.532
102.80,0.00532,0.532
102.81,0.00532,0.532
102.83,0.00532,0.532
102.84,0.00532,0.532
102.85,0.00532,0.532
102.86,0.00533,0.533
102.87,0.00533,0.533
102.88,0.00533,0.533
102.90,0.00533,0.533
102.91,0.00533,0.533
102.92,0.00533,0.533
102.93,0.00533,0.533
102.94,0.00533,0.533
102.96,0.00533,0.533
102.97,0.00533,0.533
102.98,0.00533,0.533
102.99,0.00534,0.534
103.00,0.00534,0.534
103.01,0.00534,0.534
103.03,0.00534,0.534
103.04,0.00534,0.534
103.05,0.00534,0.534
103.06,0.00534,0.534
103.07,0.00534,0.534
103.09,0.00534,0.534
103.10,0.00534,0.534
103.11,0.00534,0.534
103.12,0.00535,0.535
103.13,0.00535,0.535
103.14,0.00535,0.535
103.16,0.00535,0.535
103.17,0.00535,0.535
103.18,0.00535,0.535
103.19,0.00535,0.535
103.20,0.00535,0.535
103.21,0.00535,0.535
103.23,0.00535,0.535
103.24,0.00535,0.535
103.25,0.00536,0.536
103.26,0.00536,0.536
103.27,0.00536,0.536
103.28,0.00536,0.536
103.30,0.00536,0.536
103.31,0.00536,0.536
103.32,0.00536,0.536
103.33,0.00536,0.536
103.34,0.00536,0.536
103.35,0.00536,0.536
103.37,0.00536,0.536
103.38,0.00537,0.537
103.39,0.00537,0.537
103.40,0.00537,0.537
103.41,0.00537,0.537
103.42,0.00537,0.537
103.44,0.00537,0.537
103.45,0.00537,0.537
103.46,0.00537,0.537
103.47,0.00537,0.537
103.48,0.00537,0.537
103.49,0.00537,0.537
103.51,0.00538,0.538
103.52,0.00538,0.538
103.53,0.00538,0.538
103.54,0.00538,0.538
103.55,0.00538,0.538
103.56,0.00538,0.538
103.57,0.00538,0.538
103.59,0.00538,0.538
103.60,0.00538,0.538
103.61,0.00538,0.538
103.62,0.00538,0.538
103.63,0.00539,0.539
103.64,0.00539,0.539
103.66,0.00539,0.539
103.67,0.00539,0.539
103.68,0.00539,0.539
103.69,0.00539,0.539
103.70,0.00539,0.539
103.71,0.00539,0.539
103.72,0.00539,0.539
103.74,0.00539,0.539
103.75,0.00539,0.539
103.76,0.00539,0.539
103.77,0.00540,0.540
103.78,0.00540,0.540
103.79,0.00540,0.540
103.80,0.00540,0.540
103.82,0.00540,0.540
103.83,0.00540,0.540
103.84,0.00540,0.540
103.85,0.00540,0.540
103.86,0.00540,0.540
103.87,0.00540,0.540
103.88,0.00540,0.540
103.90,0.00541,0.541
103.91,0.00541,0.541
103.92,0.00541,0.541
103.93,0.00541,0.541
103.94,0.00541,0.541
103.95,0.00541,0.541
103.96,0.00541,0.541
103.98,0.00541,0.541
103.99,0.00541,0.541
104.00,0.00541,0.541
104.01,0.00541,0.541
104.02,0.00542,0.542
104.03,0.00542,0.542
104.04,0.00542,0.542
104.06,0.00542,0.542
104.07,0.00542,0.542
104.08,0.00542,0.542
104.09,0.00542,0.542
104.10,0.00542,0.542
104.11,0.00542,0.542
104.12,0.00542,0.542
104.14,0.00542,0.542
104.15,0.00542,0.542
104.16,0.00543,0.543
104.17,0.00543,0.543
104.18,0.00543,0.543
104.19,0.00543,0.543
104.20,0.00543,0.543
104.21,0.00543,0.543
104.23,0.00543,0.543
104.24,0.00543,0.543
104.25,0.00543,0.543
104.26,0.00543,0.543
104.27,0.00543,0.543
104.28,0.00544,0.544
104.29,0.00544,0.544
104.30,0.00544,0.544
104.32,0.00544,0.544
104.33,0.00544,0.544
104.34,0.00544,0.544
104.35,0.00544,0.544
104.36,0.00544,0.544
104.37,0.00544,0.544
104.38,0.00544,0.544
104.39,0.00544,0.544
104.41,0.00545,0.545
104.42,0.00545,0.545
104.43,0.00545,0.545
104.44,0.00545,0.545
104.45,0.00545,0.545
104.46,0.00545,0.545
104.47,0.00545,0.545
104.48,0.00545,0.545
104.50,0.00545,0.545
104.51,0.00545,0.545
104.52,0.00545,0.545
104.53,0.00545,0.545
104.54,0.00546,0.546
104.55,0.00546,0.546
104.56,0.00546,0.546
104.57,0.00546,0.546
104.59,0.00546,0.546
104.60,0.00546,0.546
104.61,0.00546,0.546
104.62,0.00546,0.546
104.63,0.00546,0.546
104.64,0.00546,0.546
104.65,0.00546,0.546
104.66,0.00547,0.547
104.67,0.00547,0.547
104.69,0.00547,0.547
104.70,0.00547,0.547
104.71,0.00547,0.547
104.72,0.00547,0.547
104.73,0.00547,0.547
104.74,0.00547,0.547
104.75,0.00547,0.547
104.76,0.00547,0.547
104.77,0.00547,0.547
104.79,0.00547,0.547
104.80,0.00548,0.548
104.81,0.00548,0.548
104.82,0.00548,0.548
104.83,0.00548,0.548
104.84,0.00548,0.548
104.85,0.00548,0.548
104.86,0.00548,0.548
104.87,0.00548,0.548
104.89,0.00548,0.548
104.90,0.00548,0.548
104.91,0.00548,0.548
104.92,0.00549,0.549
104.93,0.00549,0.549
104.94,0.00549,0.549
104.95,0.00549,0.549
104.96,0.00549,0.549
104.97,0.00549,0.549
104.98,0.00549,0.549
105.00,0.00549,0.549
105.01,0.00549,0.549
105.02,0.00549,0.549
105.03,0.00549,0.549
105.04,0.00549,0.549
105.05,0.00550,0.550
105.06,0.00550,0.550
105.07,0.00550,0.550
105.08,0.00550,0.550
105.09,0.00550,0.550
105.11,0.00550,0.550
105.12,0.00550,0.550
105.13,0.00550,0.550
105.14,0.00550,0.550
105.15,0.00550,0.550
105.16,0.00550,0.550
105.17,0.00550,0.550
105.18,0.00551,0.551
105.19,0.00551,0.551
105.20,0.00551,0.551
105.21,0.00551,0.551
105.23,0.00551,0.551
105.24,0.00551,0.551
105.25,0.00551,0.551
105.26,0.00551,0.551
105.27,0.00551,0.551
105.28,0.00551,0.551
105.29,0.00551,0.551
105.30,0.00551,0.551
105.31,0.00552,0.552
105.32,0.00552,0.552
105.34,0.00552,0.552
105.35,0.00552,0.552
105.36,0.00552,0.552
105.37,0.00552,0.552
105.38,0.00552,0.552
105.39,0.00552,0.552
105.40,0.00552,0.552
105.41,0.00552,0.552
105.42,0.00552,0.552
105.43,0.00553,0.553
105.44,0.00553,0.553
105.45,0.00553,0.553
105.47,0.00553,0.553
105.48,0.00553,0.553
105.49,0.00553,0.553
105.50,0.00553,0.553
105.51,0.00553,0.553
105.52,0.00553,0.553
105.53,0.00553,0.553
105.54,0.00553,0.553
105.55,0.00553,0.553
105.56,0.00554,0.554
105.57,0.00554,0.554
105.58,0.00554,0.554
105.60,0.00554,0.554
105.61,0.00554,0.554
105.62,0.00554,0.554
105.63,0.00554,0.554
105.64,0.00554,0.554
105.65,0.00554,0.554
105.66,0.00554,0.554
105.67,0.00554,0.554
105.68,0.00554,0.554
105.69,0.00555,0.555
105.70,0.00555,0.555
105.71,0.00555,0.555
105.72,0.00555,0.555
105.74,0.00555,0.555
105.75,0.00555,0.555
105.76,0.00555,0.555
105.77,0.00555,0.555
105.78,0.00555,0.555
105.79,0.00555,0.555
105.80,0.00555,0.555
105.81,0.00555,0.555
105.82,0.00556,0.556
105.83,0.00556,0.556
105.84,0.00556,0.556
105.85,0.00556,0.556
105.86,0.00556,0.556
105.88,0.00556,0.556
105.89,0.00556,0.556
105.90,0.00556,0.556
105.91,0.00556,0.556
105.92,0.00556,0.556
105.93,0.00556,0.556
105.94,0.00556,0.556
105.95,0.00557,0.557
105.96,0.00557,0.557
105.97,0.00557,0.557
105.98,0.00557,0.557
105.99,0.00557,0.557
106.00,0.00557,0.557
106.01,0.00557,0.557
106.02,0.00557,0.557
106.04,0.00557,0.557
106.05,0.00557,0.557
106.06,0.00557,0.557
106.07,0.00557,0.557
106.08,0.00558,0.558
106.09,0.00558,0.558
106.10,0.00558,0.558
106.11,0.00558,0.558
106.12,0.00558,0.558
106.13,0.00558,0.558
106.14,0.00558,0.558
106.15,0.00558,0.558
106.16,0.00558,0.558
106.17,0.00558,0.558
106.18,0.00558,0.558
106.20,0.00558,0.558
106.21,0.00559,0.559
106.22,0.00559,0.559
106.23,0.00559,0.559
106.24,0.00559,0.559
106.25,0.00559,0.559
106.26,0.00559,0.559
106.27,0.00559,0.559
106.28,0.00559,0.559
106.29,0.00559,0.559
106.30,0.00559,0.559
106.31,0.00559,0.559
106.32,0.00559,0.559
106.33,0.00560,0.560
106.34,0.00560,0.560
106.35,0.00560,0.560
106.36,0.00560,0.560
106.37,0.00560,0.560
106.39,0.00560,0.560
106.40,0.00560,0.560
106.41,0.00560,0.560
106.42,0.00560,0.560
106.43,0.00560,0.560
106.44,0.00560,0.560
106.45,0.00560,0.560
106.46,0.00561,0.561
106.47,0.00561,0.561
106.48,0.00561,0.561
106.49,0.00561,0.561
106.50,0.00561,0.561
106.51,0.00561,0.561
106.52,0.00561,0.561
106.53,0.00561,0.561
106.54,0.00561,0.561
106.55,0.00561,0.561
106.56,0.00561,0.561
106.57,0.00561,0.561
106.59,0.00561,0.561
106.60,0.00562,0.562
106.61,0.00562,0.562
106.62,0.00562,0.562
106.63,0.00562,0.562
106.64,0.00562,0.562
106.65,0.00562,0.562
106.66,0.00562,0.562
106.67,0.00562,0.562
106.68,0.00562,0.562
106.69,0.00562,0.562
106.70,0.00562,0.562
106.71,0.00562,0.562
106.72,0.00563,0.563
106.73,0.00563,0.563
106.74,0.00563,0.563
106.75,0.00563,0.563
106.76,0.00563,0.563
106.77,0.00563,0.563
106.78,0.00563,0.563
106.79,0.00563,0.563
106.80,0.00563,0.563
106.82,0.00563,0.563
106.83,0.00563,0.563
106.84,0.00563,0.563
106.85,0.00564,0.564
106.86,0.00564,0.564
106.87,0.00564,0.564
106.88,0.00564,0.564
106.89,0.00564,0.564
106.90,0.00564,0.564
106.91,0.00564,0.564
106.92,0.00564,0.564
106.93,0.00564,0.564
106.94,0.00564,0.564
106.95,0.00564,0.564
106.96,0.00564,0.564
106.97,0.00564,0.564
106.98,0.00565,0.565
106.99,0.00565,0.565
107.00,0.00565,0.565
107.01,0.00565,0.565
107.02,0.00565,0.565
107.03,0.00565,0.565
107.04,0.00565,0.565
107.05,0.00565,0.565
107.06,0.00565,0.565
107.07,0.00565,0.565
107.08,0.00565,0.565
107.10,0.00565,0.565
107.11,0.00566,0.566
107.12,0.00566,0.566
107.13,0.00566,0.566
107.14,0.00566,0.566
107.15,0.00566,0.566
107.16,0.00566,0.566
107.17,0.00566,0.566
107.18,0.00566,0.566
107.19,0.00566,0.566
107.20,0.00566,0.566
107.21,0.00566,0.566
107.22,0.00566,0.566
107.23,0.00566,0.566
107.24,0.00567,0.567
107.25,0.00567,0.567
107.26,0.00567,0.567
107.27,0.00567,0.567
107.28,0.00567,0.567
107.29,0.00567,0.567
107.30,0.00567,0.567
107.31,0.00567,0.567
107.32,0.00567,0.567
107.33,0.00567,0.567
107.34,0.00567,0.567
107.35,0.00567,0.567
107.36,0.00568,0.568
107.37,0.00568,0.568
107.38,0.00568,0.568
107.39,0.00568,0.568
107.40,0.00568,0.568
107.41,0.00568,0.568
107.42,0.00568,0.568
107.43,0.00568,0.568
107.44,0.00568,0.568
107.45,0.00568,0.568
107.46,0.00568,0.568
107.47,0.00568,0.568
107.49,0.00568,0.568
107.50,0.00569,0.569
107.51,0.00569,0.569
107.52,0.00569,0.569
107.53,0.00569,0.569
107.54,0.00569,0.569
107.55,0.00569,0.569
107.56,0.00569,0.569
107.57,0.00569,0.569
107.58,0.00569,0.569
107.59,0.00569,0.569
107.60,0.00569,0.569
107.61,0.00569,0.569
107.62,0.00570,0.570
107.63,0.00570,0.570
107.64,0.00570,0.570
107.65,0.00570,0.570
107.66,0.00570,0.570
107.67,0.00570,0.570
107.68,0.00570,0.570
107.69,0.00570,0.570
107.70,0.00570,0.570
107.71,0.00570,0.570
107.72,0.00570,0.570
107.73,0.00570,0.570
107.74,0.00570,0.570
107.75,0.00571,0.571
107.76,0.00571,0.571
107.77,0.00571,0.571
107.78,0.00571,0.571
107.79,0.00571,0.571
107.80,0.00571,0.571
107.81,0.00571,0.571
107.82,0.00571,0.571
107.83,0.00571,0.571
107.84,0.00571,0.571
107.85,0.00571,0.571
107.86,0.00571,0.571
107.87,0.00571,0.571
107.88,0.00572,0.572
107.89,0.00572,0.572
107.90,0.00572,0.572
107.91,0.00572,0.572
107.92,0.00572,0.572
107.93,0.00572,0.572
107.94,0.00572,0.572
107.95,0.00572,0.572
107.96,0.00572,0.572
107.97,0.00572,0.572
107.98,0.00572,0.572
107.99,0.00572,0.572
108.00,0.00573,0.573
108.01,0.00573,0.573
108.02,0.00573,0.573
108.03,0.00573,0.573
108.04,0.00573,0.573
108.05,0.00573,0.573
108.06,0.00573,0.573
108.07,0.00573,0.573
108.08,0.00573,0.573
108.09,0.00573,0.573
108.10,0.00573,0.573
108.11,0.00573,0.573
108.12,0.00573,0.573
108.13,0.00574,0.574
108.14,0.00574,0.574
108.15,0.00574,0.574
108.16,0.00574,0.574
108.17,0.00574,0.574
108.18,0.00574,0.574
108.19,0.00574,0.574
108.20,0.00574,0.574
108.21,0.00574,0.574
108.22,0.00574,0.574
108.23,0.00574,0.574
108.24,0.00574,0.574
108.25,0.00574,0.574
108.26,0.00575,0.575
108.27,0.00575,0.575
108.28,0.00575,0.575
108.29,0.00575,0.575
108.30,0.00575,0.575
108.31,0.00575,0.575
108.32,0.00575,0.575
108.33,0.00575,0.575
108.34,0.00575,0.575
108.35,0.00575,0.575
108.36,0.00575,0.575
108.37,0.00575,0.575
108.38,0.00575,0.575
108.39,0.00576,0.576
108.40,0.00576,0.576
108.41,0.00576,0.576
108.42,0.00576,0.576
108.43,0.00576,0.576
108.44,0.00576,0.576
108.45,0.00576,0.576
108.46,0.00576,0.576
108.47,0.00576,0.576
108.48,0.00576,0.576
108.49,0.00576,0.576
108.50,0.00576,0.576
108.51,0.00576,0.576
108.52,0.00577,0.577
108.53,0.00577,0.577
108.54,0.00577,0.577
108.55,0.00577,0.577
108.56,0.00577,0.577
108.57,0.00577,0.577
108.58,0.00577,0.577
108.59,0.00577,0.577
108.60,0.00577,0.577
108.61,0.00577,0.577
108.62,0.00577,0.577
108.63,0.00577,0.577
108.64,0.00577,0.577
108.65,0.00578,0.578
108.66,0.00578,0.578
108.67,0.00578,0.578
108.68,0.00578,0.578
108.69,0.00578,0.578
108.70,0.00578,0.578
108.71,0.00578,0.578
108.72,0.00578,0.578
108.73,0.00578,0.578
108.74,0.00578,0.578
108.75,0.00578,0.578
108.76,0.00578,0.578
108.77,0.00578,0.578
108.78,0.00579,0.579
108.79,0.00579,0.579
108.80,0.00579,0.579
108.81,0.00579,0.579
108.82,0.00579,0.579
108.83,0.00579,0.579
108.84,0.00579,0.579
108.85,0.00579,0.579
108.86,0.00579,0.579
108.87,0.00579,0.579
108.88,0.00579,0.579
108.89,0.00579,0.579
108.90,0.00579,0.579
108.91,0.00580,0.580
108.92,0.00580,0.580
108.92,0.00580,0.580
108.93,0.00580,0.580
108.94,0.00580,0.580
108.95,0.00580,0.580
108.96,0.00580,0.580
108.97,0.00580,0.580
108.98,0.00580,0.580
108.99,0.00580,0.580
109.00,0.00580,0.580
109.01,0.00580,0.580
109.02,0.00580,0.580
109.03,0.00581,0.581
109.04,0.00581,0.581
109.05,0.00581,0.581
109.06,0.00581,0.581
109.07,0.00581,0.581
109.08,0.00581,0.581
109.09,0.00581,0.581
109.10,0.00581,0.581
109.11,0.00581,0.581
109.12,0.00581,0.581
109.13,0.00581,0.581
109.14,0.00581,0.581
109.15,0.00581,0.581
109.16,0.00582,0.582
109.17,0.00582,0.582
109.18,0.00582,0.582
109.19,0.00582,0.582
109.20,0.00582,0.582
109.21,0.00582,0.582
109.22,0.00582,0.582
109.23,0.00582,0.582
109.24,0.00582,0.582
109.25,0.00582,0.582
109.26,0.00582,0.582
109.27,0.00582,0.582
109.28,0.00582,0.582
109.29,0.00583,0.583
109.30,0.00583,0.583
109.31,0.00583,0.583
109.31,0.00583,0.583
109.32,0.00583,0.583
109.33,0.00583,0.583
109.34,0.00583,0.583
109.35,0.00583,0.583
109.36,0.00583,0.583
109.37,0.00583,0.583
109.38,0.00583,0.583
109.39,0.00583,0.583
109.40,0.00583,0.583
109.41,0.00584,0.584
109.42,0.00584,0.584
109.43,0.00584,0.584
109.44,0.00584,0.584
109.45,0.00584,0.584
109.46,0.00584,0.584
109.47,0.00584,0.584
109.48,0.00584,0.584
109.49,0.00584,0.584
109.50,0.00584,0.584
109.51,0.00584,0.584
109.52,0.00584,0.584
109.53,0.00584,0.584
109.54,0.00585,0.585
109.55,0.00585,0.585
109.56,0.00585,0.585
109.57,0.00585,0.585
109.58,0.00585,0.585
109.59,0.00585,0.585
109.60,0.00585,0.585
109.61,0.00585,0.585
109.61,0.00585,0.585
109.62,0.00585,0.585
109.63,0.00585,0.585
109.64,0.00585,0.585
109.65,0.00585,0.585
109.66,0.00585,0.585
109.67,0.00586,0.586
109.68,0.00586,0.586
109.69,0.00586,0.586
109.70,0.00586,0.586
109.71,0.00586,0.586
109.72,0.00586,0.586
109.73,0.00586,0.586
109.74,0.00586,0.586
109.75,0.00586,0.586
109.76,0.00586,0.586
109.77,0.00586,0.586
109.78,0.00586,0.586
109.79,0.00586,0.586
109.80,0.00587,0.587
109.81,0.00587,0.587
109.82,0.00587,0.587
109.83,0.00587,0.587
109.84,0.00587,0.587
109.85,0.00587,0.587
109.86,0.00587,0.587
109.87,0.00587,0.587
109.88,0.00587,0.587
109.89,0.00587,0.587
109.89,0.00587,0.587
109.90,0.00587,0.587
109.91,0.00587,0.587
109.92,0.00588,0.588
109.93,0.00588,0.588
109.94,0.00588,0.588
109.95,0.00588,0.588
109.96,0.00588,0.588
109.97,0.00588,0.588
109.98,0.00588,0.588
109.99,0.00588,0.588
110.00,0.00588,0.588
110.01,0.00588,0.588
110.02,0.00588,0.588
110.03,0.00588,0.588
110.04,0.00588,0.588
110.05,0.00589,0.589
110.06,0.00589,0.589
110.07,0.00589,0.589
110.08,0.00589,0.589
110.09,0.00589,0.589
110.10,0.00589,0.589
110.11,0.00589,0.589
110.12,0.00589,0.589
110.13,0.00589,0.589
110.14,0.00589,0.589
110.15,0.00589,0.589
110.15,0.00589,0.589
110.16,0.00589,0.589
110.17,0.00589,0.589
110.18,0.00590,0.590
110.19,0.00590,0.590
110.20,0.00590,0.590
110.21,0.00590,0.590
110.22,0.00590,0.590
110.23,0.00590,0.590
110.24,0.00590,0.590
110.25,0.00590,0.590
110.26,0.00590,0.590
110.27,0.00590,0.590
110.28,0.00590,0.590
110.29,0.00590,0.590
110.30,0.00590,0.590
110.31,0.00591,0.591
110.32,0.00591,0.591
110.33,0.00591,0.591
110.34,0.00591,0.591
110.35,0.00591,0.591
110.36,0.00591,0.591
110.37,0.00591,0.591
110.38,0.00591,0.591
110.39,0.00591,0.591
110.40,0.00591,0.591
110.41,0.00591,0.591
110.42,0.00591,0.591
110.43,0.00591,0.591
110.43,0.00592,0.592
110.44,0.00592,0.592
110.45,0.00592,0.592
110.46,0.00592,0.592
110.47,0.00592,0.592
110.48,0.00592,0.592
110.49,0.00592,0.592
110.50,0.00592,0.592
110.51,0.00592,0.592
110.52,0.00592,0.592
110.53,0.00592,0.592
110.54,0.00592,0.592
110.55,0.00592,0.592
110.56,0.00593,0.593
110.57,0.00593,0.593
110.58,0.00593,0.593
110.59,0.00593,0.593
110.60,0.00593,0.593
110.61,0.00593,0.593
110.62,0.00593,0.593
110.63,0.00593,0.593
110.64,0.00593,0.593
110.65,0.00593,0.593
110.66,0.00593,0.593
110.67,0.00593,0.593
110.68,0.00593,0.593
110.69,0.00593,0.593
110.70,0.00594,0.594
110.71,0.00594,0.594
110.72,0.00594,0.594
110.73,0.00594,0.594
110.73,0.00594,0.594
110.74,0.00594,0.594
110.75,0.00594,0.594
110.76,0.00594,0.594
110.77,0.00594,0.594
110.78,0.00594,0.594
110.79,0.00594,0.594
110.80,0.00594,0.594
110.81,0.00594,0.594
110.82,0.00595,0.595
110.83,0.00595,0.595
110.84,0.00595,0.595
110.85,0.00595,0.595
110.86,0.00595,0.595
110.87,0.00595,0.595
110.88,0.00595,0.595
110.89,0.00595,0.595
110.90,0.00595,0.595
110.91,0.00595,0.595
110.92,0.00595,0.595
110.93,0.00595,0.595
110.94,0.00595,0.595
110.95,0.00596,0.596
110.96,0.00596,0.596
110.97,0.00596,0.596
110.98,0.00596,0.596
110.99,0.00596,0.596
111.00,0.00596,0.596
111.01,0.00596,0.596
111.02,0.00596,0.596
111.03,0.00596,0.596
111.04,0.00596,0.596
111.04,0.00596,0.596
111.05,0.00596,0.596
111.06,0.00596,0.596
111.07,0.00597,0.597
111.08,0.00597,0.597
111.09,0.00597,0.597
111.10,0.00597,0.597
111.11,0.00597,0.597
111.12,0.00597,0.597
111.13,0.00597,0.597
111.14,0.00597,0.597
111.15,0.00597,0.597
111.16,0.00597,0.597
111.17,0.00597,0.597
111.18,0.00597,0.597
111.19,0.00597,0.597
111.20,0.00598,0.598
111.21,0.00598,0.598
111.22,0.00598,0.598
111.23,0.00598,0.598
111.24,0.00598,0.598
111.25,0.00598,0.598
111.26,0.00598,0.598
111.27,0.00598,0.598
111.28,0.00598,0.598
111.29,0.00598,0.598
111.30,0.00598,0.598
111.31,0.00598,0.598
111.32,0.00598,0.598
111.33,0.00599,0.599
111.34,0.00599,0.599
111.35,0.00599,0.599
111.36,0.00599,0.599
111.37,0.00599,0.599
111.37,0.00599,0.599
111.38,0.00599,0.599
111.39,0.00599,0.599
111.40,0.00599,0.599
111.41,0.00599,0.599
111.42,0.00599,0.599
111.43,0.00599,0.599
111.44,0.00599,0.599
111.45,0.00600,0.600
111.46,0.00600,0.600
111.47,0.00600,0.600
111.48,0.00600,0.600
111.49,0.00600,0.600
111.50,0.00600,0.600
111.51,0.00600,0.600
111.52,0.00600,0.600
111.53,0.00600,0.600
111.54,0.00600,0.600
111.55,0.00600,0.600
111.56,0.00600,0.600
111.57,0.00600,0.600
111.58,0.00601,0.601
111.59,0.00601,0.601
111.60,0.00601,0.601
111.61,0.00601,0.601
111.62,0.00601,0.601
111.63,0.00601,0.601
111.64,0.00601,0.601
111.65,0.00601,0.601
111.66,0.00601,0.601
111.67,0.00601,0.601
111.68,0.00601,0.601
111.68,0.00601,0.601
111.69,0.00601,0.601
111.70,0.00602,0.602
111.71,0.00602,0.602
111.72,0.00602,0.602
111.73,0.00602,0.602
111.74,0.00602,0.602
111.75,0.00602,0.602
111.76,0.00602,0.602
111.77,0.00602,0.602
111.78,0.00602,0.602
111.79,0.00602,0.602
111.80,0.00602,0.602
111.81,0.00602,0.602
111.82,0.00602,0.602
111.83,0.00603,0.603
111.84,0.00603,0.603
111.85,0.00603,0.603
111.86,0.00603,0.603
111.87,0.00603,0.603
111.88,0.00603,0.603
111.89,0.00603,0.603
111.90,0.00603,0.603
111.91,0.00603,0.603
111.92,0.00603,0.603
111.93,0.00603,0.603
111.94,0.00603,0.603
111.95,0.00603,0.603
111.96,0.00603,0.603
111.96,0.00604,0.604
111.97,0.00604,0.604
111.98,0.00604,0.604
111.99,0.00604,0.604
112.00,0.00604,0.604
112.01,0.00604,0.604
112.02,0.00604,0.604
112.03,0.00604,0.604
112.04,0.00604,0.604
112.05,0.00604,0.604
112.06,0.00604,0.604
112.07,0.00604,0.604
112.08,0.00604,0.604
112.09,0.00605,0.605
112.10,0.00605,0.605
112.11,0.00605,0.605
112.12,0.00605,0.605
112.13,0.00605,0.605
112.14,0.00605,0.605
112.15,0.00605,0.605
112.16,0.00605,0.605
112.17,0.00605,0.605
112.18,0.00605,0.605
112.19,0.00605,0.605
112.20,0.00605,0.605
112.21,0.00605,0.605
112.21,0.00606,0.606
112.22,0.00606,0.606
112.23,0.00606,0.606
112.24,0.00606,0.606
112.25,0.00606,0.606
112.26,0.00606,0.606
112.27,0.00606,0.606
112.28,0.00606,0.606
112.29,0.00606,0.606
112.30,0.00606,0.606
112.31,0.00606,0.606
112.32,0.00606,0.606
112.33,0.00606,0.606
112.34,0.00607,0.607
112.35,0.00607,0.607
112.36,0.00607,0.607
112.37,0.00607,0.607
112.38,0.00607,0.607
112.39,0.00607,0.607
112.40,0.00607,0.607
112.41,0.00607,0.607
112.42,0.00607,0.607
112.43,0.00607,0.607
112.44,0.00607,0.607
112.44,0.00607,0.607
112.45,0.00607,0.607
112.46,0.00608,0.608
112.47,0.00608,0.608
112.48,0.00608,0.608
112.49,0.00608,0.608
112.50,0.00608,0.608
112.51,0.00608,0.608
112.52,0.00608,0.608
112.53,0.00608,0.608
112.54,0.00608,0.608
112.55,0.00608,0.608
112.56,0.00608,0.608
112.57,0.00608,0.608
112.58,0.00608,0.608
112.59,0.00608,0.608
112.60,0.00609,0.609
112.61,0.00609,0.609
112.62,0.00609,0.609
112.63,0.00609,0.609
112.64,0.00609,0.609
112.65,0.00609,0.609
112.65,0.00609,0.609
112.66,0.00609,0.609
112.67,0.00609,0.609
112.68,0.00609,0.609
112.69,0.00609,0.609
112.70,0.00609,0.609
112.71,0.00609,0.609
112.72,0.00610,0.610
112.73,0.00610,0.610
112.74,0.00610,0.610
112.75,0.00610,0.610
112.76,0.00610,0.610
112.77,0.00610,0.610
112.78,0.00610,0.610
112.79,0.00610,0.610
112.80,0.00610,0.610
112.81,0.00610,0.610
112.82,0.00610,0.610
112.83,0.00610,0.610
112.84,0.00610,0.610
112.85,0.00611,0.611
112.85,0.00611,0.611
112.86,0.00611,0.611
112.87,0.00611,0.611
112.88,0.00611,0.611
112.89,0.00611,0.611
112.90,0.00611,0.611
112.91,0.00611,0.611
112.92,0.00611,0.611
112.93,0.00611,0.611
112.94,0.00611,0.611
112.95,0.00611,0.611
112.96,0.00611,0.611
112.97,0.00612,0.612
112.98,0.00612,0.612
112.99,0.00612,0.612
113.00,0.00612,0.612
113.01,0.00612,0.612
113.02,0.00612,0.612
113.03,0.00612,0.612
113.04,0.00612,0.612
113.04,0.00612,0.612
113.05,0.00612,0.612
113.06,0.00612,0.612
113.07,0.00612,0.612
113.08,0.00612,0.612
113.09,0.00613,0.613
113.10,0.00613,0.613
113.11,0.00613,0.613
113.12,0.00613,0.613
113.13,0.00613,0.613
113.14,0.00613,0.613
113.15,0.00613,0.613
113.16,0.00613,0.613
113.17,0.00613,0.613
113.18,0.00613,0.613
113.19,0.00613,0.613
113.20,0.00613,0.613
113.21,0.00613,0.613
113.22,0.00613,0.613
113.22,0.00614,0.614
113.23,0.00614,0.614
113.24,0.00614,0.614
113.25,0.00614,0.614
113.26,0.00614,0.614
113.27,0.00614,0.614
113.28,0.00614,0.614
113.29,0.00614,0.614
113.30,0.00614,0.614
113.31,0.00614,0.614
113.32,0.00614,0.614
113.33,0.00614,0.614
113.34,0.00614,0.614
113.35,0.00615,0.615
113.36,0.00615,0.615
113.37,0.00615,0.615
113.38,0.00615,0.615
113.39,0.00615,0.615
113.40,0.00615,0.615
113.40,0.00615,0.615
113.41,0.00615,0.615
113.42,0.00615,0.615
113.43,0.00615,0.615
113.44,0.00615,0.615
113.45,0.00615,0.615
113.46,0.00615,0.615
113.47,0.00616,0.616
113.48,0.00616,0.616
113.49,0.00616,0.616
113.50,0.00616,0.616
113.51,0.00616,0.616
113.52,0.00616,0.616
113.53,0.00616,0.616
113.54,0.00616,0.616
113.55,0.00616,0.616
113.56,0.00616,0.616
113.57,0.00616,0.616
113.58,0.00616,0.616
113.58,0.00616,0.616
113.59,0.00616,0.616
113.60,0.00617,0.617
113.61,0.00617,0.617
113.62,0.00617,0.617
113.63,0.00617,0.617
113.64,0.00617,0.617
113.65,0.00617,0.617
113.66,0.00617,0.617
113.67,0.00617,0.617
113.68,0.00617,0.617
113.69,0.00617,0.617
113.70,0.00617,0.617
113.71,0.00617,0.617
113.72,0.00617,0.617
113.73,0.00618,0.618
113.74,0.00618,0.618
113.75,0.00618,0.618
113.76,0.00618,0.618
113.76,0.00618,0.618
113.77,0.00618,0.618
113.78,0.00618,0.618
113.79,0.00618,0.618
113.80,0.00618,0.618
113.81,0.00618,0.618
113.82,0.00618,0.618
113.83,0.00618,0.618
113.84,0.00618,0.618
113.85,0.00619,0.619
113.86,0.00619,0.619
113.87,0.00619,0.619
113.88,0.00619,0.619
113.89,0.00619,0.619
113.90,0.00619,0.619
113.91,0.00619,0.619
113.92,0.00619,0.619
113.93,0.00619,0.619
113.93,0.00619,0.619
113.94,0.00619,0.619
113.95,0.00619,0.619
113.96,0.00619,0.619
113.97,0.00620,0.620
113.98,0.00620,0.620
113.99,0.00620,0.620
114.00,0.00620,0.620
114.01,0.00620,0.620
114.02,0.00620,0.620
114.03,0.00620,0.620
114.04,0.00620,0.620
114.05,0.00620,0.620
114.06,0.00620,0.620
114.07,0.00620,0.620
114.08,0.00620,0.620
114.09,0.00620,0.620
114.10,0.00620,0.620
114.11,0.00621,0.621
114.11,0.00621,0.621
114.12,0.00621,0.621
114.13,0.00621,0.621
114.14,0.00621,0.621
114.15,0.00621,0.621
114.16,0.00621,0.621
114.17,0.00621,0.621
114.18,0.00621,0.621
114.19,0.00621,0.621
114.20,0.00621,0.621
114.21,0.00621,0.621
114.22,0.00621,0.621
114.23,0.00622,0.622
114.24,0.00622,0.622
114.25,0.00622,0.622
114.26,0.00622,0.622
114.27,0.00622,0.622
114.28,0.00622,0.622
114.29,0.00622,0.622
114.29,0.00622,0.622
114.30,0.00622,0.622
114.31,0.00622,0.622
114.32,0.00622,0.622
114.33,0.00622,0.622
114.34,0.00622,0.622
114.35,0.00623,0.623
114.36,0.00623,0.623
114.37,0.00623,0.623
114.38,0.00623,0.623
114.39,0.00623,0.623
114.40,0.00623,0.623
114.41,0.00623,0.623
114.42,0.00623,0.623
114.43,0.00623,0.623
114.44,0.00623,0.623
114.45,0.00623,0.623
114.46,0.00623,0.623
114.47,0.00623,0.623
114.47,0.00624,0.624
114.48,0.00624,0.624
114.49,0.00624,0.624
114.50,0.00624,0.624
114.51,0.00624,0.624
114.52,0.00624,0.624
114.53,0.00624,0.624
114.54,0.00624,0.624
114.55,0.00624,0.624
114.56,0.00624,0.624
114.57,0.00624,0.624
114.58,0.00624,0.624
114.59,0.00624,0.624
114.60,0.00624,0.624
114.61,0.00625,0.625
114.62,0.00625,0.625
114.63,0.00625,0.625
114.64,0.00625,0.625
114.64,0.00625,0.625
114.65,0.00625,0.625
114.66,0.00625,0.625
114.67,0.00625,0.625
114.68,0.00625,0.625
114.69,0.00625,0.625
114.70,0.00625,0.625
114.71,0.00625,0.625
114.72,0.00625,0.625
114.73,0.00626,0.626
114.74,0.00626,0.626
114.75,0.00626,0.626
114.76,0.00626,0.626
114.77,0.00626,0.626
114.78,0.00626,0.626
114.79,0.00626,0.626
114.80,0.00626,0.626
114.81,0.00626,0.626
114.82,0.00626,0.626
114.82,0.00626,0.626
114.83,0.00626,0.626
114.84,0.00626,0.626
114.85,0.00627,0.627
114.86,0.00627,0.627
114.87,0.00627,0.627
114.88,0.00627,0.627
114.89,0.00627,0.627
114.90,0.00627,0.627
114.91,0.00627,0.627
114.92,0.00627,0.627
114.93,0.00627,0.627
114.94,0.00627,0.627
114.95,0.00627,0.627
114.96,0.00627,0.627
114.97,0.00627,0.627
114.98,0.00628,0.628
114.99,0.00628,0.628
115.00,0.00628,0.628
115.00,0.00628,0.628
115.01,0.00628,0.628
115.02,0.00628,0.628
115.03,0.00628,0.628
115.04,0.00628,0.628
115.05,0.00628,0.628
115.06,0.00628,0.628
115.07,0.00628,0.628
115.08,0.00628,0.628
115.09,0.00628,0.628
115.10,0.00629,0.629
115.11,0.00629,0.629
115.12,0.00629,0.629
115.13,0.00629,0.629
115.14,0.00629,0.629
115.15,0.00629,0.629
115.16,0.00629,0.629
115.17,0.00629,0.629
115.18,0.00629,0.629
115.18,0.00629,0.629
115.19,0.00629,0.629
115.20,0.00629,0.629
115.21,0.00629,0.629
115.22,0.00629,0.629
115.23,0.00630,0.630
115.24,0.00630,0.630
115.25,0.00630,0.630
115.26,0.00630,0.630
115.27,0.00630,0.630
115.28,0.00630,0.630
115.29,0.00630,0.630
115.30,0.00630,0.630
115.31,0.00630,0.630
115.32,0.00630,0.630
115.33,0.00630,0.630
115.34,0.00630,0.630
115.35,0.00630,0.630
115.35,0.00631,0.631
115.36,0.00631,0.631
115.37,0.00631,0.631
115.38,0.00631,0.631
115.39,0.00631,0.631
115.40,0.00631,0.631
115.41,0.00631,0.631
115.42,0.00631,0.631
115.43,0.00631,0.631
115.44,0.00631,0.631
115.45,0.00631,0.631
115.46,0.00631,0.631
115.47,0.00631,0.631
115.48,0.00632,0.632
115.49,0.00632,0.632
115.50,0.00632,0.632
115.51,0.00632,0.632
115.52,0.00632,0.632
115.52,0.00632,0.632
115.53,0.00632,0.632
115.54,0.00632,0.632
115.55,0.00632,0.632
115.56,0.00632,0.632
115.57,0.00632,0.632
115.58,0.00632,0.632
115.59,0.00632,0.632
115.60,0.00633,0.633
115.61,0.00633,0.633
115.62,0.00633,0.633
115.63,0.00633,0.633
115.64,0.00633,0.633
115.65,0.00633,0.633
115.66,0.00633,0.633
115.67,0.00633,0.633
115.68,0.00633,0.633
115.69,0.00633,0.633
115.69,0.00633,0.633
115.70,0.00633,0.633
115.71,0.00633,0.633
115.72,0.00634,0.634
115.73,0.00634,0.634
115.74,0.00634,0.634
115.75,0.00634,0.634
115.76,0.00634,0.634
115.77,0.00634,0.634
115.78,0.00634,0.634
115.79,0.00634,0.634
115.80,0.00634,0.634
115.81,0.00634,0.634
115.82,0.00634,0.634
115.83,0.00634,0.634
115.84,0.00634,0.634
115.85,0.00634,0.634
115.86,0.00635,0.635
115.86,0.00635,0.635
115.87,0.00635,0.635
115.88,0.00635,0.635
115.89,0.00635,0.635
115.90,0.00635,0.635
115.91,0.00635,0.635
115.92,0.00635,0.635
115.93,0.00635,0.635
115.94,0.00635,0.635
115.95,0.00635,0.635
115.96,0.00635,0.635
115.97,0.00635,0.635
115.98,0.00636,0.636
115.99,0.00636,0.636
116.00,0.00636,0.636
116.01,0.00636,0.636
116.02,0.00636,0.636
116.02,0.00636,0.636
116.03,0.00636,0.636
116.04,0.00636,0.636
116.05,0.00636,0.636
116.06,0.00636,0.636
116.07,0.00636,0.636
116.08,0.00636,0.636
116.09,0.00636,0.636
116.10,0.00637,0.637
116.11,0.00637,0.637
116.12,0.00637,0.637
116.13,0.00637,0.637
116.14,0.00637,0.637
116.15,0.00637,0.637
116.16,0.00637,0.637
116.17,0.00637,0.637
116.17,0.00637,0.637
116.18,0.00637,0.637
116.19,0.00637,0.637
116.20,0.00637,0.637
116.21,0.00637,0.637
116.22,0.00638,0.638
116.23,0.00638,0.638
116.24,0.00638,0.638
116.25,0.00638,0.638
116.26,0.00638,0.638
116.27,0.00638,0.638
116.28,0.00638,0.638
116.29,0.00638,0.638
116.30,0.00638,0.638
116.31,0.00638,0.638
116.32,0.00638,0.638
116.32,0.00638,0.638
116.33,0.00638,0.638
116.34,0.00638,0.638
116.35,0.00639,0.639
116.36,0.00639,0.639
116.37,0.00639,0.639
116.38,0.00639,0.639
116.39,0.00639,0.639
116.40,0.00639,0.639
116.41,0.00639,0.639
116.42,0.00639,0.639
116.43,0.00639,0.639
116.44,0.00639,0.639
116.45,0.00639,0.639
116.46,0.00639,0.639
116.47,0.00639,0.639
116.47,0.00640,0.640
116.48,0.00640,0.640
116.49,0.00640,0.640
116.50,0.00640,0.640
116.51,0.00640,0.640
116.52,0.00640,0.640
116.53,0.00640,0.640
116.54,0.00640,0.640
116.55,0.00640,0.640
116.56,0.00640,0.640
116.57,0.00640,0.640
116.58,0.00640,0.640
116.59,0.00640,0.640
116.60,0.00641,0.641
116.61,0.00641,0.641
116.62,0.00641,0.641
116.62,0.00641,0.641
116.63,0.00641,0.641
116.64,0.00641,0.641
116.65,0.00641,0.641
116.66,0.00641,0.641
116.67,0.00641,0.641
116.68,0.00641,0.641
116.69,0.00641,0.641
116.70,0.00641,0.641
116.71,0.00641,0.641
116.72,0.00642,0.642
116.73,0.00642,0.642
116.74,0.00642,0.642
116.75,0.00642,0.642
116.76,0.00642,0.642
116.77,0.00642,0.642
116.77,0.00642,0.642
116.78,0.00642,0.642
116.79,0.00642,0.642
116.80,0.00642,0.642
116.81,0.00642,0.642
116.82,0.00642,0.642
116.83,0.00642,0.642
116.84,0.00642,0.642
116.85,0.00643,0.643
116.86,0.00643,0.643
116.87,0.00643,0.643
116.88,0.00643,0.643
116.89,0.00643,0.643
116.90,0.00643,0.643
116.91,0.00643,0.643
116.92,0.00643,0.643
116.92,0.00643,0.643
116.93,0.00643,0.643
116.94,0.00643,0.643
116.95,0.00643,0.643
116.96,0.00643,0.643
116.97,0.00644,0.644
116.98,0.00644,0.644
116.99,0.00644,0.644
117.00,0.00644,0.644
117.01,0.00644,0.644
117.02,0.00644,0.644
117.03,0.00644,0.644
117.04,0.00644,0.644
117.05,0.00644,0.644
117.06,0.00644,0.644
117.07,0.00644,0.644
117.08,0.00644,0.644
117.08,0.00644,0.644
117.09,0.00645,0.645
117.10,0.00645,0.645
117.11,0.00645,0.645
117.12,0.00645,0.645
117.13,0.00645,0.645
117.14,0.00645,0.645
117.15,0.00645,0.645
117.16,0.00645,0.645
117.17,0.00645,0.645
117.18,0.00645,0.645
117.19,0.00645,0.645
117.20,0.00645,0.645
117.21,0.00645,0.645
117.22,0.00646,0.646
117.23,0.00646,0.646
117.24,0.00646,0.646
117.24,0.00646,0.646
117.25,0.00646,0.646
117.26,0.00646,0.646
117.27,0.00646,0.646
117.28,0.00646,0.646
117.29,0.00646,0.646
117.30,0.00646,0.646
117.31,0.00646,0.646
117.32,0.00646,0.646
117.33,0.00646,0.646
117.34,0.00647,0.647
117.35,0.00647,0.647
117.36,0.00647,0.647
117.37,0.00647,0.647
117.38,0.00647,0.647
117.39,0.00647,0.647
117.40,0.00647,0.647
117.40,0.00647,0.647
117.41,0.00647,0.647
117.42,0.00647,0.647
117.43,0.00647,0.647
117.44,0.00647,0.647
117.45,0.00647,0.647
117.46,0.00647,0.647
117.47,0.00648,0.648
117.48,0.00648,0.648
117.49,0.00648,0.648
117.50,0.00648,0.648
117.51,0.00648,0.648
117.52,0.00648,0.648
117.53,0.00648,0.648
117.54,0.00648,0.648
117.55,0.00648,0.648
117.56,0.00648,0.648
117.57,0.00648,0.648
117.57,0.00648,0.648
117.58,0.00648,0.648
117.59,0.00649,0.649
117.60,0.00649,0.649
117.61,0.00649,0.649
117.62,0.00649,0.649
117.63,0.00649,0.649
117.64,0.00649,0.649
117.65,0.00649,0.649
117.66,0.00649,0.649
117.67,0.00649,0.649
117.68,0.00649,0.649
117.69,0.00649,0.649
117.70,0.00649,0.649
117.71,0.00649,0.649
117.72,0.00650,0.650
117.73,0.00650,0.650
117.73,0.00650,0.650
117.74,0.00650,0.650
117.75,0.00650,0.650
117.76,0.00650,0.650
117.77,0.00650,0.650
117.78,0.00650,0.650
117.79,0.00650,0.650
117.80,0.00650,0.650
117.81,0.00650,0.650
117.82,0.00650,0.650
117.83,0.00650,0.650
117.84,0.00651,0.651
117.85,0.00651,0.651
117.86,0.00651,0.651
117.87,0.00651,0.651
117.88,0.00651,0.651
117.89,0.00651,0.651
117.90,0.00651,0.651
117.90,0.00651,0.651
117.91,0.00651,0.651
117.92,0.00651,0.651
117.93,0.00651,0.651
117.94,0.00651,0.651
117.95,0.00651,0.651
117.96,0.00652,0.652
117.97,0.00652,0.652
117.98,0.00652,0.652
117.99,0.00652,0.652
118.00,0.00652,0.652
118.01,0.00652,0.652
118.02,0.00652,0.652
118.03,0.00652,0.652
118.04,0.00652,0.652
118.05,0.00652,0.652
118.06,0.00652,0.652
118.07,0.00652,0.652
118.07,0.00652,0.652
118.08,0.00653,0.653
118.09,0.00653,0.653
118.10,0.00653,0.653
118.11,0.00653,0.653
118.12,0.00653,0.653
118.13,0.00653,0.653
118.14,0.00653,0.653
118.15,0.00653,0.653
118.16,0.00653,0.653
118.17,0.00653,0.653
118.18,0.00653,0.653
118.19,0.00653,0.653
118.20,0.00653,0.653
118.21,0.00654,0.654
118.22,0.00654,0.654
118.23,0.00654,0.654
118.24,0.00654,0.654
118.24,0.00654,0.654
118.25,0.00654,0.654
118.26,0.00654,0.654
118.27,0.00654,0.654
118.28,0.00654,0.654
118.29,0.00654,0.654
118.30,0.00654,0.654
118.31,0.00654,0.654
118.32,0.00654,0.654
118.33,0.00655,0.655
118.34,0.00655,0.655
118.35,0.00655,0.655
118.36,0.00655,0.655
118.37,0.00655,0.655
118.38,0.00655,0.655
118.39,0.00655,0.655
118.40,0.00655,0.655
118.40,0.00655,0.655
118.41,0.00655,0.655
118.42,0.00655,0.655
118.43,0.00655,0.655
118.44,0.00655,0.655
118.45,0.00656,0.656
118.46,0.00656,0.656
118.47,0.00656,0.656
118.48,0.00656,0.656
118.49,0.00656,0.656
118.50,0.00656,0.656
118.51,0.00656,0.656
118.52,0.00656,0.656
118.53,0.00656,0.656
118.54,0.00656,0.656
118.55,0.00656,0.656
118.55,0.00656,0.656
118.56,0.00656,0.656
118.57,0.00657,0.657
118.58,0.00657,0.657
118.59,0.00657,0.657
118.60,0.00657,0.657
118.61,0.00657,0.657
118.62,0.00657,0.657
118.63,0.00657,0.657
118.64,0.00657,0.657
118.65,0.00657,0.657
118.66,0.00657,0.657
118.67,0.00657,0.657
118.68,0.00657,0.657
118.69,0.00657,0.657
118.70,0.00658,0.658
118.70,0.00658,0.658
118.71,0.00658,0.658
118.72,0.00658,0.658
118.73,0.00658,0.658
118.74,0.00658,0.658
118.75,0.00658,0.658
118.76,0.00658,0.658
118.77,0.00658,0.658
118.78,0.00658,0.658
118.79,0.00658,0.658
118.80,0.00658,0.658
118.81,0.00658,0.658
118.82,0.00658,0.658
118.83,0.00659,0.659
118.84,0.00659,0.659
118.85,0.00659,0.659
118.85,0.00659,0.659
118.86,0.00659,0.659
118.87,0.00659,0.659
118.88,0.00659,0.659
118.89,0.00659,0.659
118.90,0.00659,0.659
118.91,0.00659,0.659
118.92,0.00659,0.659
118.93,0.00659,0.659
118.94,0.00659,0.659
118.95,0.00660,0.660
118.96,0.00660,0.660
118.97,0.00660,0.660
118.98,0.00660,0.660
118.99,0.00660,0.660
119.00,0.00660,0.660
119.00,0.00660,0.660
119.01,0.00660,0.660
119.02,0.00660,0.660
119.03,0.00660,0.660
119.04,0.00660,0.660
119.05,0.00660,0.660
119.06,0.00660,0.660
119.07,0.00661,0.661
119.08,0.00661,0.661
119.09,0.00661,0.661
119.10,0.00661,0.661
119.11,0.00661,0.661
119.12,0.00661,0.661
119.13,0.00661,0.661
119.14,0.00661,0.661
119.15,0.00661,0.661
119.15,0.00661,0.661
119.16,0.00661,0.661
119.17,0.00661,0.661
119.18,0.00661,0.661
119.19,0.00662,0.662
119.20,0.00662,0.662
119.21,0.00662,0.662
119.22,0.00662,0.662
119.23,0.00662,0.662
119.24,0.00662,0.662
119.25,0.00662,0.662
119.26,0.00662,0.662
119.27,0.00662,0.662
119.28,0.00662,0.662
119.29,0.00662,0.662
119.30,0.00662,0.662
119.30,0.00662,0.662
119.31,0.00663,0.663
119.32,0.00663,0.663
119.33,0.00663,0.663
119.34,0.00663,0.663
119.35,0.00663,0.663
119.36,0.00663,0.663
119.37,0.00663,0.663
119.38,0.00663,0.663
119.39,0.00663,0.663
119.40,0.00663,0.663
119.41,0.00663,0.663
119.42,0.00663,0.663
119.43,0.00663,0.663
119.44,0.00664,0.664
119.45,0.00664,0.664
119.45,0.00664,0.664
119.46,0.00664,0.664
119.47,0.00664,0.664
119.48,0.00664,0.664
119.49,0.00664,0.664
119.50,0.00664,0.664
119.51,0.00664,0.664
119.52,0.00664,0.664
119.53,0.00664,0.664
119.54,0.00664,0.664
119.55,0.00664,0.664
119.56,0.00665,0.665
119.57,0.00665,0.665
119.58,0.00665,0.665
119.59,0.00665,0.665
119.60,0.00665,0.665
119.60,0.00665,0.665
119.61,0.00665,0.665
119.62,0.00665,0.665
119.63,0.00665,0.665
119.64,0.00665,0.665
119.65,0.00665,0.665
119.66,0.00665,0.665
119.67,0.00665,0.665
119.68,0.00665,0.665
119.69,0.00666,0.666
119.70,0.00666,0.666
119.71,0.00666,0.666
119.72,0.00666,0.666
119.73,0.00666,0.666
119.74,0.00666,0.666
119.75,0.00666,0.666
119.76,0.00666,0.666
119.76,0.00666,0.666
119.77,0.00666,0.666
119.78,0.00666,0.666
119.79,0.00666,0.666
119.80,0.00666,0.666
119.81,0.00667,0.667
119.82,0.00667,0.667
119.83,0.00667,0.667
119.84,0.00667,0.667
119.85,0.00667,0.667
119.86,0.00667,0.667
119.87,0.00667,0.667
119.88,0.00667,0.667
119.89,0.00667,0.667
119.90,0.00667,0.667
119.91,0.00667,0.667
119.92,0.00667,0.667
119.92,0.00667,0.667
119.93,0.00668,0.668
119.94,0.00668,0.668
119.95,0.00668,0.668
119.96,0.00668,0.668
119.97,0.00668,0.668
119.98,0.00668,0.668
119.99,0.00668,0.668
120.00,0.00668,0.668
120.01,0.00668,0.668
120.02,0.00668,0.668
120.03,0.00668,0.668
120.04,0.00668,0.668
120.05,0.00668,0.668
120.06,0.00669,0.669
120.07,0.00669,0.669
120.08,0.00669,0.669
120.08,0.00669,0.669
120.09,0.00669,0.669
120.10,0.00669,0.669
120.11,0.00669,0.669
120.12,0.00669,0.669
120.13,0.00669,0.669
120.14,0.00669,0.669
120.15,0.00669,0.669
120.16,0.00669,0.669
120.17,0.00669,0.669
120.18,0.00670,0.670
120.19,0.00670,0.670
120.20,0.00670,0.670
120.21,0.00670,0.670
120.22,0.00670,0.670
120.23,0.00670,0.670
120.24,0.00670,0.670
120.24,0.00670,0.670
120.25,0.00670,0.670
120.26,0.00670,0.670
120.27,0.00670,0.670
120.28,0.00670,0.670
120.29,0.00670,0.670
120.30,0.00671,0.671
120.31,0.00671,0.671
120.32,0.00671,0.671
120.33,0.00671,0.671
120.34,0.00671,0.671
120.35,0.00671,0.671
120.36,0.00671,0.671
120.37,0.00671,0.671
120.38,0.00671,0.671
120.39,0.00671,0.671
120.40,0.00671,0.671
120.41,0.00671,0.671
120.41,0.00671,0.671
120.42,0.00672,0.672
120.43,0.00672,0.672
120.44,0.00672,0.672
120.45,0.00672,0.672
120.46,0.00672,0.672
120.47,0.00672,0.672
120.48,0.00672,0.672
120.49,0.00672,0.672
120.50,0.00672,0.672
120.51,0.00672,0.672
120.52,0.00672,0.672
120.53,0.00672,0.672
120.54,0.00672,0.672
120.55,0.00673,0.673
120.56,0.00673,0.673
120.57,0.00673,0.673
120.57,0.00673,0.673
120.58,0.00673,0.673
120.59,0.00673,0.673
120.60,0.00673,0.673
120.61,0.00673,0.673
120.62,0.00673,0.673
120.63,0.00673,0.673
120.64,0.00673,0.673
120.65,0.00673,0.673
120.66,0.00673,0.673
120.67,0.00674,0.674
120.68,0.00674,0.674
120.69,0.00674,0.674
120.70,0.00674,0.674
120.71,0.00674,0.674
120.72,0.00674,0.674
120.73,0.00674,0.674
120.73,0.00674,0.674
120.74,0.00674,0.674
120.75,0.00674,0.674
120.76,0.00674,0.674
120.77,0.00674,0.674
120.78,0.00674,0.674
120.79,0.00675,0.675
120.80,0.00675,0.675
120.81,0.00675,0.675
120.82,0.00675,0.675
120.83,0.00675,0.675
120.84,0.00675,0.675
120.85,0.00675,0.675
120.86,0.00675,0.675
120.87,0.00675,0.675
120.88,0.00675,0.675
120.88,0.00675,0.675
120.89,0.00675,0.675
120.90,0.00675,0.675
120.91,0.00675,0.675
120.92,0.00676,0.676
120.93,0.00676,0.676
120.94,0.00676,0.676
120.95,0.00676,0.676
120.96,0.00676,0.676
120.97,0.00676,0.676
120.98,0.00676,0.676
120.99,0.00676,0.676
121.00,0.00676,0.676
121.01,0.00676,0.676
121.02,0.00676,0.676
121.03,0.00676,0.676
121.04,0.00676,0.676
121.04,0.00677,0.677
121.05,0.00677,0.677
121.06,0.00677,0.677
121.07,0.00677,0.677
121.08,0.00677,0.677
121.09,0.00677,0.677
121.10,0.00677,0.677
121.11,0.00677,0.677
121.12,0.00677,0.677
121.13,0.00677,0.677
121.14,0.00677,0.677
121.15,0.00677,0.677
121.16,0.00677,0.677
121.17,0.00678,0.678
121.18,0.00678,0.678
121.19,0.00678,0.678
121.19,0.00678,0.678
121.20,0.00678,0.678
121.21,0.00678,0.678
121.22,0.00678,0.678
121.23,0.00678,0.678
121.24,0.00678,0.678
121.25,0.00678,0.678
121.26,0.00678,0.678
121.27,0.00678,0.678
121.28,0.00678,0.678
121.29,0.00679,0.679
121.30,0.00679,0.679
121.31,0.00679,0.679
121.32,0.00679,0.679
121.33,0.00679,0.679
121.34,0.00679,0.679
121.34,0.00679,0.679
121.35,0.00679,0.679
121.36,0.00679,0.679
121.37,0.00679,0.679
121.38,0.00679,0.679
121.39,0.00679,0.679
121.40,0.00679,0.679
121.41,0.00680,0.680
121.42,0.00680,0.680
121.43,0.00680,0.680
121.44,0.00680,0.680
121.45,0.00680,0.680
121.46,0.00680,0.680
121.47,0.00680,0.680
121.48,0.00680,0.680
121.49,0.00680,0.680
121.49,0.00680,0.680
121.50,0.00680,0.680
121.51,0.00680,0.680
121.52,0.00680,0.680
121.53,0.00681,0.681
121.54,0.00681,0.681
121.55,0.00681,0.681
121.56,0.00681,0.681
121.57,0.00681,0.681
121.58,0.00681,0.681
121.59,0.00681,0.681
121.60,0.00681,0.681
121.61,0.00681,0.681
121.62,0.00681,0.681
121.63,0.00681,0.681
121.64,0.00681,0.681
121.64,0.00681,0.681
121.65,0.00682,0.682
121.66,0.00682,0.682
121.67,0.00682,0.682
121.68,0.00682,0.682
121.69,0.00682,0.682
121.70,0.00682,0.682
121.71,0.00682,0.682
121.72,0.00682,0.682
121.73,0.00682,0.682
121.74,0.00682,0.682
121.75,0.00682,0.682
121.76,0.00682,0.682
121.77,0.00682,0.682
121.78,0.00683,0.683
121.79,0.00683,0.683
121.80,0.00683,0.683
121.80,0.00683,0.683
121.81,0.00683,0.683
121.82,0.00683,0.683
121.83,0.00683,0.683
121.84,0.00683,0.683
121.85,0.00683,0.683
121.86,0.00683,0.683
121.87,0.00683,0.683
121.88,0.00683,0.683
121.89,0.00683,0.683
121.90,0.00684,0.684
121.91,0.00684,0.684
121.92,0.00684,0.684
121.93,0.00684,0.684
121.94,0.00684,0.684
121.95,0.00684,0.684
121.95,0.00684,0.684
121.96,0.00684,0.684
121.97,0.00684,0.684
121.98,0.00684,0.684
121.99,0.00684,0.684
122.00,0.00684,0.684
122.01,0.00684,0.684
122.02,0.00685,0.685
122.03,0.00685,0.685
122.04,0.00685,0.685
122.05,0.00685,0.685
122.06,0.00685,0.685
122.07,0.00685,0.685
122.08,0.00685,0.685
122.09,0.00685,0.685
122.10,0.00685,0.685
122.11,0.00685,0.685
122.11,0.00685,0.685
122.12,0.00685,0.685
122.13,0.00685,0.685
122.14,0.00686,0.686
122.15,0.00686,0.686
122.16,0.00686,0.686
122.17,0.00686,0.686
122.18,0.00686,0.686
122.19,0.00686,0.686
122.20,0.00686,0.686
122.21,0.00686,0.686
122.22,0.00686,0.686
122.23,0.00686,0.686
122.24,0.00686,0.686
122.25,0.00686,0.686
122.26,0.00686,0.686
122.27,0.00687,0.687
122.27,0.00687,0.687
122.28,0.00687,0.687
122.29,0.00687,0.687
122.30,0.00687,0.687
122.31,0.00687,0.687
122.32,0.00687,0.687
122.33,0.00687,0.687
122.34,0.00687,0.687
122.35,0.00687,0.687
122.36,0.00687,0.687
122.37,0.00687,0.687
122.38,0.00687,0.687
122.39,0.00688,0.688
122.40,0.00688,0.688
122.41,0.00688,0.688
122.42,0.00688,0.688
122.43,0.00688,0.688
122.43,0.00688,0.688
122.44,0.00688,0.688
122.45,0.00688,0.688
122.46,0.00688,0.688
122.47,0.00688,0.688
122.48,0.00688,0.688
122.49,0.00688,0.688
122.50,0.00688,0.688
122.51,0.00689,0.689
122.52,0.00689,0.689
122.53,0.00689,0.689
122.54,0.00689,0.689
122.55,0.00689,0.689
122.56,0.00689,0.689
122.57,0.00689,0.689
122.58,0.00689,0.689
122.58,0.00689,0.689
122.59,0.00689,0.689
122.60,0.00689,0.689
122.61,0.00689,0.689
122.62,0.00689,0.689
122.63,0.00690,0.690
122.64,0.00690,0.690
122.65,0.00690,0.690
122.66,0.00690,0.690
122.67,0.00690,0.690
122.68,0.00690,0.690
122.69,0.00690,0.690
122.70,0.00690,0.690
122.71,0.00690,0.690
122.72,0.00690,0.690
122.73,0.00690,0.690
122.74,0.00690,0.690
122.74,0.00690,0.690
122.75,0.00691,0.691
122.76,0.00691,0.691
122.77,0.00691,0.691
122.78,0.00691,0.691
122.79,0.00691,0.691
122.80,0.00691,0.691
122.81,0.00691,0.691
122.82,0.00691,0.691
122.83,0.00691,0.691
122.84,0.00691,0.691
122.85,0.00691,0.691
122.86,0.00691,0.691
122.87,0.00691,0.691
122.88,0.00692,0.692
122.89,0.00692,0.692
122.90,0.00692,0.692
122.90,0.00692,0.692
122.91,0.00692,0.692
122.92,0.00692,0.692
122.93,0.00692,0.692
122.94,0.00692,0.692
122.95,0.00692,0.692
122.96,0.00692,0.692
122.97,0.00692,0.692
122.98,0.00692,0.692
122.99,0.00692,0.692
123.00,0.00693,0.693
123.01,0.00693,0.693
123.02,0.00693,0.693
123.03,0.00693,0.693
123.04,0.00693,0.693
123.05,0.00693,0.693
123.05,0.00693,0.693
123.06,0.00693,0.693
123.07,0.00693,0.693
123.08,0.00693,0.693
123.09,0.00693,0.693
123.10,0.00693,0.693
123.11,0.00693,0.693
123.12,0.00694,0.694
123.13,0.00694,0.694
123.14,0.00694,0.694
123.15,0.00694,0.694
123.16,0.00694,0.694
123.17,0.00694,0.694
123.18,0.00694,0.694
123.19,0.00694,0.694
123.20,0.00694,0.694
123.20,0.00694,0.694
123.21,0.00694,0.694
123.22,0.00694,0.694
123.23,0.00694,0.694
123.24,0.00695,0.695
123.25,0.00695,0.695
123.26,0.00695,0.695
123.27,0.00695,0.695
123.28,0.00695,0.695
123.29,0.00695,0.695
123.30,0.00695,0.695
123.31,0.00695,0.695
123.32,0.00695,0.695
123.33,0.00695,0.695
123.34,0.00695,0.695
123.35,0.00695,0.695
123.35,0.00695,0.695
123.36,0.00696,0.696
123.37,0.00696,0.696
123.38,0.00696,0.696
123.39,0.00696,0.696
123.40,0.00696,0.696
123.41,0.00696,0.696
123.42,0.00696,0.696
123.43,0.00696,0.696
123.44,0.00696,0.696
123.45,0.00696,0.696
123.46,0.00696,0.696
123.47,0.00696,0.696
123.48,0.00696,0.696
123.49,0.00697,0.697
123.50,0.00697,0.697
123.50,0.00697,0.697
123.51,0.00697,0.697
123.52,0.00697,0.697
123.53,0.00697,0.697
123.54,0.00697,0.697
123.55,0.00697,0.697
123.56,0.00697,0.697
123.57,0.00697,0.697
123.58,0.00697,0.697
123.59,0.00697,0.697
123.60,0.00697,0.697
123.61,0.00698,0.698
123.62,0.00698,0.698
123.63,0.00698,0.698
123.64,0.00698,0.698
123.65,0.00698,0.698
123.66,0.00698,0.698
123.66,0.00698,0.698
123.67,0.00698,0.698
123.68,0.00698,0.698
123.69,0.00698,0.698
123.70,0.00698,0.698
123.71,0.00698,0.698
123.72,0.00698,0.698
123.73,0.00699,0.699
123.74,0.00699,0.699
123.75,0.00699,0.699
123.76,0.00699,0.699
123.77,0.00699,0.699
123.78,0.00699,0.699
123.79,0.00699,0.699
123.80,0.00699,0.699
123.81,0.00699,0.699
123.81,0.00699,0.699
123.82,0.00699,0.699
123.83,0.00699,0.699
123.84,0.00699,0.699
123.85,0.00700,0.700
123.86,0.00700,0.700
123.87,0.00700,0.700
123.88,0.00700,0.700
123.89,0.00700,0.700
123.90,0.00700,0.700
123.91,0.00700,0.700
123.92,0.00700,0.700
123.93,0.00700,0.700
123.94,0.00700,0.700
123.95,0.00700,0.700
123.96,0.00700,0.700
123.96,0.00700,0.700
123.97,0.00701,0.701
123.98,0.00701,0.701
123.99,0.00701,0.701
124.00,0.00701,0.701
124.01,0.00701,0.701
124.02,0.00701,0.701
124.03,0.00701,0.701
124.04,0.00701,0.701
124.05,0.00701,0.701
124.06,0.00701,0.701
124.07,0.00701,0.701
124.08,0.00701,0.701
124.09,0.00702,0.702
124.10,0.00702,0.702
124.11,0.00702,0.702
124.12,0.00702,0.702
124.12,0.00702,0.702
124.13,0.00702,0.702
124.14,0.00702,0.702
124.15,0.00702,0.702
124.16,0.00702,0.702
124.17,0.00702,0.702
124.18,0.00702,0.702
124.19,0.00702,0.702
124.20,0.00702,0.702
124.21,0.00703,0.703
124.22,0.00703,0.703
124.23,0.00703,0.703
124.24,0.00703,0.703
124.25,0.00703,0.703
124.26,0.00703,0.703
124.27,0.00703,0.703
124.28,0.00703,0.703
124.28,0.00703,0.703
124.29,0.00703,0.703
124.30,0.00703,0.703
124.31,0.00703,0.703
124.32,0.00703,0.703
124.33,0.00704,0.704
124.34,0.00704,0.704
124.35,0.00704,0.704
124.36,0.00704,0.704
124.37,0.00704,0.704
124.38,0.00704,0.704
124.39,0.00704,0.704
124.40,0.00704,0.704
124.41,0.00704,0.704
124.42,0.00704,0.704
124.43,0.00704,0.704
124.44,0.00704,0.704
124.44,0.00704,0.704
124.45,0.00705,0.705
124.46,0.00705,0.705
124.47,0.00705,0.705
124.48,0.00705,0.705
124.49,0.00705,0.705
124.50,0.00705,0.705
124.51,0.00705,0.705
124.52,0.00705,0.705
124.53,0.00705,0.705
124.54,0.00705,0.705
124.55,0.00705,0.705
124.56,0.00705,0.705
124.57,0.00705,0.705
124.58,0.00706,0.706
124.59,0.00706,0.706
124.60,0.00706,0.706
124.60,0.00706,0.706
124.61,0.00706,0.706
124.62,0.00706,0.706
124.63,0.00706,0.706
124.64,0.00706,0.706
124.65,0.00706,0.706
124.66,0.00706,0.706
124.67,0.00706,0.706
124.68,0.00706,0.706
124.69,0.00706,0.706
124.70,0.00707,0.707
124.71,0.00707,0.707
124.72,0.00707,0.707
124.73,0.00707,0.707
124.74,0.00707,0.707
124.75,0.00707,0.707
124.75,0.00707,0.707
124.76,0.00707,0.707
124.77,0.00707,0.707
124.78,0.00707,0.707
124.79,0.00707,0.707
124.80,0.00707,0.707
124.81,0.00707,0.707
124.82,0.00708,0.708
124.83,0.00708,0.708
124.84,0.00708,0.708
124.85,0.00708,0.708
124.86,0.00708,0.708
124.87,0.00708,0.708
124.88,0.00708,0.708
124.89,0.00708,0.708
124.90,0.00708,0.708
124.91,0.00708,0.708
124.91,0.00708,0.708
124.92,0.00708,0.708
124.93,0.00709,0.709
124.94,0.00709,0.709
124.95,0.00709,0.709
124.96,0.00709,0.709
124.97,0.00709,0.709
124.98,0.00709,0.709
124.99,0.00709,0.709
125.00,0.00709,0.709
125.01,0.00709,0.709
125.02,0.00709,0.709
125.03,0.00709,0.709
125.04,0.00709,0.709
125.05,0.00709,0.709
125.06,0.00710,0.710
125.07,0.00710,0.710
125.07,0.00710,0.710
125.08,0.00710,0.710
125.09,0.00710,0.710
125.10,0.00710,0.710
125.11,0.00710,0.710
125.12,0.00710,0.710
125.13,0.00710,0.710
125.14,0.00710,0.710
125.15,0.00710,0.710
125.16,0.00710,0.710
125.17,0.00710,0.710
125.18,0.00711,0.711
125.19,0.00711,0.711
125.20,0.00711,0.711
125.21,0.00711,0.711
125.22,0.00711,0.711
125.22,0.00711,0.711
125.23,0.00711,0.711
125.24,0.00711,0.711
125.25,0.00711,0.711
125.26,0.00711,0.711
125.27,0.00711,0.711
125.28,0.00711,0.711
125.29,0.00711,0.711
125.30,0.00712,0.712
125.31,0.00712,0.712
125.32,0.00712,0.712
125.33,0.00712,0.712
125.34,0.00712,0.712
125.35,0.00712,0.712
125.36,0.00712,0.712
125.37,0.00712,0.712
125.37,0.00712,0.712
125.38,0.00712,0.712
125.39,0.00712,0.712
125.40,0.00712,0.712
125.41,0.00712,0.712
125.42,0.00713,0.713
125.43,0.00713,0.713
125.44,0.00713,0.713
125.45,0.00713,0.713
125.46,0.00713,0.713
125.47,0.00713,0.713
125.48,0.00713,0.713
125.49,0.00713,0.713
125.50,0.00713,0.713
125.51,0.00713,0.713
125.52,0.00713,0.713
125.52,0.00713,0.713
125.53,0.00713,0.713
125.54,0.00714,0.714
125.55,0.00714,0.714
125.56,0.00714,0.714
125.57,0.00714,0.714
125.58,0.00714,0.714
125.59,0.00714,0.714
125.60,0.00714,0.714
125.61,0.00714,0.714
125.62,0.00714,0.714
125.63,0.00714,0.714
125.64,0.00714,0.714
125.65,0.00714,0.714
125.66,0.00715,0.715
125.67,0.00715,0.715
125.67,0.00715,0.715
125.68,0.00715,0.715
125.69,0.00715,0.715
125.70,0.00715,0.715
125.71,0.00715,0.715
125.72,0.00715,0.715
125.73,0.00715,0.715
125.74,0.00715,0.715
125.75,0.00715,0.715
125.76,0.00715,0.715
125.77,0.00715,0.715
125.78,0.00716,0.716
125.79,0.00716,0.716
125.80,0.00716,0.716
125.81,0.00716,0.716
125.82,0.00716,0.716
125.82,0.00716,0.716
125.83,0.00716,0.716
125.84,0.00716,0.716
125.85,0.00716,0.716
125.86,0.00716,0.716
125.87,0.00716,0.716
125.88,0.00716,0.716
125.89,0.00716,0.716
125.90,0.00717,0.717
125.91,0.00717,0.717
125.92,0.00717,0.717
125.93,0.00717,0.717
125.94,0.00717,0.717
125.95,0.00717,0.717
125.96,0.00717,0.717
125.97,0.00717,0.717
125.97,0.00717,0.717
125.98,0.00717,0.717
125.99,0.00717,0.717
126.00,0.00717,0.717
126.01,0.00717,0.717
126.02,0.00718,0.718
126.03,0.00718,0.718
126.04,0.00718,0.718
126.05,0.00718,0.718
126.06,0.00718,0.718
126.07,0.00718,0.718
126.08,0.00718,0.718
126.09,0.00718,0.718
126.10,0.00718,0.718
126.11,0.00718,0.718
126.12,0.00718,0.718
126.12,0.00718,0.718
126.13,0.00718,0.718
126.14,0.00719,0.719
126.15,0.00719,0.719
126.16,0.00719,0.719
126.17,0.00719,0.719
126.18,0.00719,0.719
126.19,0.00719,0.719
126.20,0.00719,0.719
126.21,0.00719,0.719
126.22,0.00719,0.719
126.23,0.00719,0.719
126.24,0.00719,0.719
126.25,0.00719,0.719
126.26,0.00720,0.720
126.27,0.00720,0.720
126.28,0.00720,0.720
126.28,0.00720,0.720
126.29,0.00720,0.720
126.30,0.00720,0.720
126.31,0.00720,0.720
126.32,0.00720,0.720
126.33,0.00720,0.720
126.34,0.00720,0.720
126.35,0.00720,0.720
126.36,0.00720,0.720
126.37,0.00720,0.720
126.38,0.00721,0.721
126.39,0.00721,0.721
126.40,0.00721,0.721
126.41,0.00721,0.721
126.42,0.00721,0.721
126.43,0.00721,0.721
126.43,0.00721,0.721
126.44,0.00721,0.721
126.45,0.00721,0.721
126.46,0.00721,0.721
126.47,0.00721,0.721
126.48,0.00721,0.721
126.49,0.00721,0.721
126.50,0.00722,0.722
126.51,0.00722,0.722
126.52,0.00722,0.722
126.53,0.00722,0.722
126.54,0.00722,0.722
126.55,0.00722,0.722
126.56,0.00722,0.722
126.57,0.00722,0.722
126.58,0.00722,0.722
126.59,0.00722,0.722
126.59,0.00722,0.722
126.60,0.00722,0.722
126.61,0.00722,0.722
126.62,0.00723,0.723
126.63,0.00723,0.723
126.64,0.00723,0.723
126.65,0.00723,0.723
126.66,0.00723,0.723
126.67,0.00723,0.723
126.68,0.00723,0.723
126.69,0.00723,0.723
126.70,0.00723,0.723
126.71,0.00723,0.723
126.72,0.00723,0.723
126.73,0.00723,0.723
126.74,0.00723,0.723
126.75,0.00724,0.724
126.75,0.00724,0.724
126.76,0.00724,0.724
126.77,0.00724,0.724
126.78,0.00724,0.724
126.79,0.00724,0.724
126.80,0.00724,0.724
126.81,0.00724,0.724
126.82,0.00724,0.724
126.83,0.00724,0.724
126.84,0.00724,0.724
126.85,0.00724,0.724
126.86,0.00725,0.725
126.87,0.00725,0.725
126.88,0.00725,0.725
126.89,0.00725,0.725
126.90,0.00725,0.725
126.90,0.00725,0.725
126.91,0.00725,0.725
126.92,0.00725,0.725
126.93,0.00725,0.725
126.94,0.00725,0.725
126.95,0.00725,0.725
126.96,0.00725,0.725
126.97,0.00725,0.725
126.98,0.00726,0.726
126.99,0.00726,0.726
127.00,0.00726,0.726
127.01,0.00726,0.726
127.02,0.00726,0.726
127.03,0.00726,0.726
127.04,0.00726,0.726
127.05,0.00726,0.726
127.06,0.00726,0.726
127.06,0.00726,0.726
127.07,0.00726,0.726
127.08,0.00726,0.726
127.09,0.00726,0.726
127.10,0.00727,0.727
127.11,0.00727,0.727
127.12,0.00727,0.727
127.13,0.00727,0.727
127.14,0.00727,0.727
127.15,0.00727,0.727
127.16,0.00727,0.727
127.17,0.00727,0.727
127.18,0.00727,0.727
127.19,0.00727,0.727
127.20,0.00727,0.727
127.21,0.00727,0.727
127.21,0.00727,0.727
127.22,0.00728,0.728
127.23,0.00728,0.728
127.24,0.00728,0.728
127.25,0.00728,0.728
127.26,0.00728,0.728
127.27,0.00728,0.728
127.28,0.00728,0.728
127.29,0.00728,0.728
127.30,0.00728,0.728
127.31,0.00728,0.728
127.32,0.00728,0.728
127.33,0.00728,0.728
127.34,0.00728,0.728
127.35,0.00729,0.729
127.36,0.00729,0.729
127.37,0.00729,0.729
127.37,0.00729,0.729
127.38,0.00729,0.729
127.39,0.00729,0.729
127.40,0.00729,0.729
127.41,0.00729,0.729
127.42,0.00729,0.729
127.43,0.00729,0.729
127.44,0.00729,0.729
127.45,0.00729,0.729
127.46,0.00730,0.730
127.47,0.00730,0.730
127.48,0.00730,0.730
127.49,0.00730,0.730
127.50,0.00730,0.730
127.51,0.00730,0.730
127.52,0.00730,0.730
127.52,0.00730,0.730
127.53,0.00730,0.730
127.54,0.00730,0.730
127.55,0.00730,0.730
127.56,0.00730,0.730
127.57,0.00730,0.730
127.58,0.00731,0.731
127.59,0.00731,0.731
127.60,0.00731,0.731
127.61,0.00731,0.731
127.62,0.00731,0.731
127.63,0.00731,0.731
127.64,0.00731,0.731
127.65,0.00731,0.731
127.66,0.00731,0.731
127.67,0.00731,0.731
127.67,0.00731,0.731
127.68,0.00731,0.731
127.69,0.00731,0.731
127.70,0.00732,0.732
127.71,0.00732,0.732
127.72,0.00732,0.732
127.73,0.00732,0.732
127.74,0.00732,0.732
127.75,0.00732,0.732
127.76,0.00732,0.732
127.77,0.00732,0.732
127.78,0.00732,0.732
127.79,0.00732,0.732
127.80,0.00732,0.732
127.81,0.00732,0.732
127.82,0.00732,0.732
127.82,0.00733,0.733
127.83,0.00733,0.733
127.84,0.00733,0.733
127.85,0.00733,0.733
127.86,0.00733,0.733
127.87,0.00733,0.733
127.88,0.00733,0.733
127.89,0.00733,0.733
127.90,0.00733,0.733
127.91,0.00733,0.733
127.92,0.00733,0.733
127.93,0.00733,0.733
127.94,0.00733,0.733
127.95,0.00734,0.734
127.96,0.00734,0.734
127.97,0.00734,0.734
127.97,0.00734,0.734
127.98,0.00734,0.734
127.99,0.00734,0.734
128.00,0.00734,0.734
128.01,0.00734,0.734
128.02,0.00734,0.734
128.03,0.00734,0.734
128.04,0.00734,0.734
128.05,0.00734,0.734
128.06,0.00735,0.735
128.07,0.00735,0.735
128.08,0.00735,0.735
128.09,0.00735,0.735
128.10,0.00735,0.735
128.11,0.00735,0.735
128.12,0.00735,0.735
128.12,0.00735,0.735
128.13,0.00735,0.735
128.14,0.00735,0.735
128.15,0.00735,0.735
128.16,0.00735,0.735
128.17,0.00735,0.735
128.18,0.00736,0.736
128.19,0.00736,0.736
128.20,0.00736,0.736
128.21,0.00736,0.736
128.22,0.00736,0.736
128.23,0.00736,0.736
128.24,0.00736,0.736
128.25,0.00736,0.736
128.26,0.00736,0.736
128.26,0.00736,0.736
128.27,0.00736,0.736
128.28,0.00736,0.736
128.29,0.00736,0.736
128.30,0.00737,0.737
128.31,0.00737,0.737
128.32,0.00737,0.737
128.33,0.00737,0.737
128.34,0.00737,0.737
128.35,0.00737,0.737
128.36,0.00737,0.737
128.37,0.00737,0.737
128.38,0.00737,0.737
128.39,0.00737,0.737
128.40,0.00737,0.737
128.41,0.00737,0.737
128.42,0.00737,0.737
128.42,0.00738,0.738
128.43,0.00738,0.738
128.44,0.00738,0.738
128.45,0.00738,0.738
128.46,0.00738,0.738
128.47,0.00738,0.738
128.48,0.00738,0.738
128.49,0.00738,0.738
128.50,0.00738,0.738
128.51,0.00738,0.738
128.52,0.00738,0.738
128.53,0.00738,0.738
128.54,0.00738,0.738
128.55,0.00739,0.739
128.56,0.00739,0.739
128.57,0.00739,0.739
128.57,0.00739,0.739
128.58,0.00739,0.739
128.59,0.00739,0.739
128.60,0.00739,0.739
128.61,0.00739,0.739
128.62,0.00739,0.739
128.63,0.00739,0.739
128.64,0.00739,0.739
128.65,0.00739,0.739
128.66,0.00740,0.740
128.67,0.00740,0.740
128.68,0.00740,0.740
128.69,0.00740,0.740
128.70,0.00740,0.740
128.71,0.00740,0.740
128.72,0.00740,0.740
128.72,0.00740,0.740
128.73,0.00740,0.740
128.74,0.00740,0.740
128.75,0.00740,0.740
128.76,0.00740,0.740
128.77,0.00740,0.740
128.78,0.00741,0.741
128.79,0.00741,0.741
128.80,0.00741,0.741
128.81,0.00741,0.741
128.82,0.00741,0.741
128.83,0.00741,0.741
128.84,0.00741,0.741
128.85,0.00741,0.741
128.86,0.00741,0.741
128.87,0.00741,0.741
128.88,0.00741,0.741
128.88,0.00741,0.741
128.89,0.00741,0.741
128.90,0.00742,0.742
128.91,0.00742,0.742
128.92,0.00742,0.742
128.93,0.00742,0.742
128.94,0.00742,0.742
128.95,0.00742,0.742
128.96,0.00742,0.742
128.97,0.00742,0.742
128.98,0.00742,0.742
128.99,0.00742,0.742
129.00,0.00742,0.742
129.01,0.00742,0.742
129.02,0.00742,0.742
129.03,0.00743,0.743
129.03,0.00743,0.743
129.04,0.00743,0.743
129.05,0.00743,0.743
129.06,0.00743,0.743
129.07,0.00743,0.743
129.08,0.00743,0.743
129.09,0.00743,0.743
129.10,0.00743,0.743
129.11,0.00743,0.743
129.12,0.00743,0.743
129.13,0.00743,0.743
129.14,0.00744,0.744
129.15,0.00744,0.744
129.16,0.00744,0.744
129.17,0.00744,0.744
129.18,0.00744,0.744
129.19,0.00744,0.744
129.19,0.00744,0.744
129.20,0.00744,0.744
129.21,0.00744,0.744
129.22,0.00744,0.744
129.23,0.00744,0.744
129.24,0.00744,0.744
129.25,0.00744,0.744
129.26,0.00745,0.745
129.27,0.00745,0.745
129.28,0.00745,0.745
129.29,0.00745,0.745
129.30,0.00745,0.745
129.31,0.00745,0.745
129.32,0.00745,0.745
129.33,0.00745,0.745
129.34,0.00745,0.745
129.34,0.00745,0.745
129.35,0.00745,0.745
129.36,0.00745,0.745
129.37,0.00745,0.745
129.38,0.00746,0.746
129.39,0.00746,0.746
129.40,0.00746,0.746
129.41,0.00746,0.746
129.42,0.00746,0.746
129.43,0.00746,0.746
129.44,0.00746,0.746
129.45,0.00746,0.746
129.46,0.00746,0.746
129.47,0.00746,0.746
129.48,0.00746,0.746
129.49,0.00746,0.746
129.49,0.00747,0.747
129.50,0.00747,0.747
129.51,0.00747,0.747
129.52,0.00747,0.747
129.53,0.00747,0.747
129.54,0.00747,0.747
129.55,0.00747,0.747
129.56,0.00747,0.747
129.57,0.00747,0.747
129.58,0.00747,0.747
129.59,0.00747,0.747
129.60,0.00747,0.747
129.61,0.00747,0.747
129.62,0.00748,0.748
129.63,0.00748,0.748
129.64,0.00748,0.748
129.64,0.00748,0.748
129.65,0.00748,0.748
129.66,0.00748,0.748
129.67,0.00748,0.748
129.68,0.00748,0.748
129.69,0.00748,0.748
129.70,0.00748,0.748
129.71,0.00748,0.748
129.72,0.00748,0.748
129.73,0.00749,0.749
129.74,0.00749,0.749
129.75,0.00749,0.749
129.76,0.00749,0.749
129.77,0.00749,0.749
129.78,0.00749,0.749
129.79,0.00749,0.749
129.79,0.00749,0.749
129.80,0.00749,0.749
129.81,0.00749,0.749
129.82,0.00749,0.749
129.83,0.00749,0.749
129.84,0.00749,0.749
129.85,0.00750,0.750
129.86,0.00750,0.750
129.87,0.00750,0.750
129.88,0.00750,0.750
129.89,0.00750,0.750
129.90,0.00750,0.750
129.91,0.00750,0.750
129.92,0.00750,0.750
129.93,0.00750,0.750
129.94,0.00750,0.750
129.94,0.00750,0.750
129.95,0.00750,0.750
129.96,0.00750,0.750
129.97,0.00751,0.751
129.98,0.00751,0.751
129.99,0.00751,0.751
130.00,0.00751,0.751
130.01,0.00751,0.751
130.02,0.00751,0.751
130.03,0.00751,0.751
130.04,0.00751,0.751
130.05,0.00751,0.751
130.06,0.00751,0.751
130.07,0.00751,0.751
130.08,0.00751,0.751
130.09,0.00752,0.752
130.09,0.00752,0.752
130.10,0.00752,0.752
130.11,0.00752,0.752
130.12,0.00752,0.752
130.13,0.00752,0.752
130.14,0.00752,0.752
130.15,0.00752,0.752
130.16,0.00752,0.752
130.17,0.00752,0.752
130.18,0.00752,0.752
130.19,0.00752,0.752
130.20,0.00752,0.752
130.21,0.00753,0.753
130.22,0.00753,0.753
130.23,0.00753,0.753
130.24,0.00753,0.753
130.24,0.00753,0.753
130.25,0.00753,0.753
130.26,0.00753,0.753
130.27,0.00753,0.753
130.28,0.00753,0.753
130.29,0.00753,0.753
130.30,0.00753,0.753
130.31,0.00753,0.753
130.32,0.00753,0.753
130.33,0.00754,0.754
130.34,0.00754,0.754
130.35,0.00754,0.754
130.36,0.00754,0.754
130.37,0.00754,0.754
130.38,0.00754,0.754
130.39,0.00754,0.754
130.39,0.00754,0.754
130.40,0.00754,0.754
130.41,0.00754,0.754
130.42,0.00754,0.754
130.43,0.00754,0.754
130.44,0.00755,0.755
130.45,0.00755,0.755
130.46,0.00755,0.755
130.47,0.00755,0.755
130.48,0.00755,0.755
130.49,0.00755,0.755
130.50,0.00755,0.755
130.51,0.00755,0.755
130.52,0.00755,0.755
130.53,0.00755,0.755
130.54,0.00755,0.755
130.54,0.00755,0.755
130.55,0.00755,0.755
130.56,0.00756,0.756
130.57,0.00756,0.756
130.58,0.00756,0.756
130.59,0.00756,0.756
130.60,0.00756,0.756
130.61,0.00756,0.756
130.62,0.00756,0.756
130.63,0.00756,0.756
130.64,0.00756,0.756
130.65,0.00756,0.756
130.66,0.00756,0.756
130.67,0.00756,0.756
130.68,0.00757,0.757
130.69,0.00757,0.757
130.70,0.00757,0.757
130.70,0.00757,0.757
130.71,0.00757,0.757
130.72,0.00757,0.757
130.73,0.00757,0.757
130.74,0.00757,0.757
130.75,0.00757,0.757
130.76,0.00757,0.757
130.77,0.00757,0.757
130.78,0.00757,0.757
130.79,0.00757,0.757
130.80,0.00758,0.758
130.81,0.00758,0.758
130.82,0.00758,0.758
130.83,0.00758,0.758
130.84,0.00758,0.758
130.85,0.00758,0.758
130.85,0.00758,0.758
130.86,0.00758,0.758
130.87,0.00758,0.758
130.88,0.00758,0.758
130.89,0.00758,0.758
130.90,0.00758,0.758
130.91,0.00759,0.759
130.92,0.00759,0.759
130.93,0.00759,0.759
130.94,0.00759,0.759
130.95,0.00759,0.759
130.96,0.00759,0.759
130.97,0.00759,0.759
130.98,0.00759,0.759
130.99,0.00759,0.759
131.00,0.00759,0.759
131.01,0.00759,0.759
131.01,0.00759,0.759
131.02,0.00759,0.759
131.03,0.00760,0.760
131.04,0.00760,0.760
131.05,0.00760,0.760
131.06,0.00760,0.760
131.07,0.00760,0.760
131.08,0.00760,0.760
131.09,0.00760,0.760
131.10,0.00760,0.760
131.11,0.00760,0.760
131.12,0.00760,0.760
131.13,0.00760,0.760
131.14,0.00760,0.760
131.15,0.00761,0.761
131.16,0.00761,0.761
131.16,0.00761,0.761
131.17,0.00761,0.761
131.18,0.00761,0.761
131.19,0.00761,0.761
131.20,0.00761,0.761
131.21,0.00761,0.761
131.22,0.00761,0.761
131.23,0.00761,0.761
131.24,0.00761,0.761
131.25,0.00761,0.761
131.26,0.00761,0.761
131.27,0.00762,0.762
131.28,0.00762,0.762
131.29,0.00762,0.762
131.30,0.00762,0.762
131.31,0.00762,0.762
131.32,0.00762,0.762
131.32,0.00762,0.762
131.33,0.00762,0.762
131.34,0.00762,0.762
131.35,0.00762,0.762
131.36,0.00762,0.762
131.37,0.00762,0.762
131.38,0.00763,0.763
131.39,0.00763,0.763
131.40,0.00763,0.763
131.41,0.00763,0.763
131.42,0.00763,0.763
131.43,0.00763,0.763
131.44,0.00763,0.763
131.45,0.00763,0.763
131.46,0.00763,0.763
131.47,0.00763,0.763
131.47,0.00763,0.763
131.48,0.00763,0.763
131.49,0.00763,0.763
131.50,0.00764,0.764
131.51,0.00764,0.764
131.52,0.00764,0.764
131.53,0.00764,0.764
131.54,0.00764,0.764
131.55,0.00764,0.764
131.56,0.00764,0.764
131.57,0.00764,0.764
131.58,0.00764,0.764
131.59,0.00764,0.764
131.60,0.00764,0.764
131.61,0.00764,0.764
131.62,0.00765,0.765
131.62,0.00765,0.765
131.63,0.00765,0.765
131.64,0.00765,0.765
131.65,0.00765,0.765
131.66,0.00765,0.765
131.67,0.00765,0.765
131.68,0.00765,0.765
131.69,0.00765,0.765
131.70,0.00765,0.765
131.71,0.00765,0.765
131.72,0.00765,0.765
131.73,0.00765,0.765
131.74,0.00766,0.766
131.75,0.00766,0.766
131.76,0.00766,0.766
131.77,0.00766,0.766
131.77,0.00766,0.766
131.78,0.00766,0.766
131.79,0.00766,0.766
131.80,0.00766,0.766
131.81,0.00766,0.766
131.82,0.00766,0.766
131.83,0.00766,0.766
131.84,0.00766,0.766
131.85,0.00767,0.767
131.86,0.00767,0.767
131.87,0.00767,0.767
131.88,0.00767,0.767
131.89,0.00767,0.767
131.90,0.00767,0.767
131.91,0.00767,0.767
131.92,0.00767,0.767
131.92,0.00767,0.767
131.93,0.00767,0.767
131.94,0.00767,0.767
131.95,0.00767,0.767
131.96,0.00767,0.767
131.97,0.00768,0.768
131.98,0.00768,0.768
131.99,0.00768,0.768
132.00,0.00768,0.768
132.01,0.00768,0.768
132.02,0.00768,0.768
132.03,0.00768,0.768
132.04,0.00768,0.768
132.05,0.00768,0.768
132.06,0.00768,0.768
132.07,0.00768,0.768
132.07,0.00768,0.768
132.08,0.00769,0.769
132.09,0.00769,0.769
132.10,0.00769,0.769
132.11,0.00769,0.769
132.12,0.00769,0.769
132.13,0.00769,0.769
132.14,0.00769,0.769
132.15,0.00769,0.769
132.16,0.00769,0.769
132.17,0.00769,0.769
132.18,0.00769,0.769
132.19,0.00769,0.769
132.20,0.00770,0.770
132.21,0.00770,0.770
132.22,0.00770,0.770
132.22,0.00770,0.770
132.23,0.00770,0.770
132.24,0.00770,0.770
132.25,0.00770,0.770
132.26,0.00770,0.770
132.27,0.00770,0.770
132.28,0.00770,0.770
132.29,0.00770,0.770
132.30,0.00770,0.770
132.31,0.00770,0.770
132.32,0.00771,0.771
132.33,0.00771,0.771
132.34,0.00771,0.771
132.35,0.00771,0.771
132.36,0.00771,0.771
132.37,0.00771,0.771
132.37,0.00771,0.771
132.38,0.00771,0.771
132.39,0.00771,0.771
132.40,0.00771,0.771
132.41,0.00771,0.771
132.42,0.00771,0.771
132.43,0.00772,0.772
132.44,0.00772,0.772
132.45,0.00772,0.772
132.46,0.00772,0.772
132.47,0.00772,0.772
132.48,0.00772,0.772
132.49,0.00772,0.772
132.50,0.00772,0.772
132.51,0.00772,0.772
132.52,0.00772,0.772
132.52,0.00772,0.772
132.53,0.00772,0.772
132.54,0.00772,0.772
132.55,0.00773,0.773
132.56,0.00773,0.773
132.57,0.00773,0.773
132.58,0.00773,0.773
132.59,0.00773,0.773
132.60,0.00773,0.773
132.61,0.00773,0.773
132.62,0.00773,0.773
132.63,0.00773,0.773
132.64,0.00773,0.773
132.65,0.00773,0.773
132.66,0.00773,0.773
132.67,0.00774,0.774
132.67,0.00774,0.774
132.68,0.00774,0.774
132.69,0.00774,0.774
132.70,0.00774,0.774
132.71,0.00774,0.774
132.72,0.00774,0.774
132.73,0.00774,0.774
132.74,0.00774,0.774
132.75,0.00774,0.774
132.76,0.00774,0.774
132.77,0.00774,0.774
132.78,0.00775,0.775
132.79,0.00775,0.775
132.80,0.00775,0.775
132.81,0.00775,0.775
132.82,0.00775,0.775
132.82,0.00775,0.775
132.83,0.00775,0.775
132.84,0.00775,0.775
132.85,0.00775,0.775
132.86,0.00775,0.775
132.87,0.00775,0.775
132.88,0.00775,0.775
132.89,0.00775,0.775
132.90,0.00776,0.776
132.91,0.00776,0.776
132.92,0.00776,0.776
132.93,0.00776,0.776
132.94,0.00776,0.776
132.95,0.00776,0.776
132.96,0.00776,0.776
132.97,0.00776,0.776
132.97,0.00776,0.776
132.98,0.00776,0.776
132.99,0.00776,0.776
133.00,0.00776,0.776
133.01,0.00777,0.777
133.02,0.00777,0.777
133.03,0.00777,0.777
133.04,0.00777,0.777
133.05,0.00777,0.777
133.06,0.00777,0.777
133.07,0.00777,0.777
133.08,0.00777,0.777
133.09,0.00777,0.777
133.10,0.00777,0.777
133.11,0.00777,0.777
133.12,0.00777,0.777
133.12,0.00778,0.778
133.13,0.00778,0.778
133.14,0.00778,0.778
133.15,0.00778,0.778
133.16,0.00778,0.778
133.17,0.00778,0.778
133.18,0.00778,0.778
133.19,0.00778,0.778
133.20,0.00778,0.778
133.21,0.00778,0.778
133.22,0.00778,0.778
133.23,0.00778,0.778
133.24,0.00778,0.778
133.25,0.00779,0.779
133.26,0.00779,0.779
133.27,0.00779,0.779
133.27,0.00779,0.779
133.28,0.00779,0.779
133.29,0.00779,0.779
133.30,0.00779,0.779
133.31,0.00779,0.779
133.32,0.00779,0.779
133.33,0.00779,0.779
133.34,0.00779,0.779
133.35,0.00779,0.779
133.36,0.00780,0.780
133.37,0.00780,0.780
133.38,0.00780,0.780
133.39,0.00780,0.780
133.40,0.00780,0.780
133.41,0.00780,0.780
133.42,0.00780,0.780
133.42,0.00780,0.780
133.43,0.00780,0.780
133.44,0.00780,0.780
133.45,0.00780,0.780
133.46,0.00780,0.780
133.47,0.00781,0.781
133.48,0.00781,0.781
133.49,0.00781,0.781
133.50,0.00781,0.781
133.51,0.00781,0.781
133.52,0.00781,0.781
133.53,0.00781,0.781
133.54,0.00781,0.781
133.55,0.00781,0.781
133.56,0.00781,0.781
133.56,0.00781,0.781
133.57,0.00781,0.781
133.58,0.00781,0.781
133.59,0.00782,0.782
133.60,0.00782,0.782
133.61,0.00782,0.782
133.62,0.00782,0.782
133.63,0.00782,0.782
133.64,0.00782,0.782
133.65,0.00782,0.782
133.66,0.00782,0.782
133.67,0.00782,0.782
133.68,0.00782,0.782
133.69,0.00782,0.782
133.70,0.00782,0.782
133.70,0.00783,0.783
133.71,0.00783,0.783
133.72,0.00783,0.783
133.73,0.00783,0.783
133.74,0.00783,0.783
133.75,0.00783,0.783
133.76,0.00783,0.783
133.77,0.00783,0.783
133.78,0.00783,0.783
133.79,0.00783,0.783
133.80,0.00783,0.783
133.81,0.00783,0.783
133.82,0.00783,0.783
133.83,0.00784,0.784
133.83,0.00784,0.784
133.84,0.00784,0.784
133.85,0.00784,0.784
133.86,0.00784,0.784
133.87,0.00784,0.784
133.88,0.00784,0.784
133.89,0.00784,0.784
133.90,0.00784,0.784
133.91,0.00784,0.784
133.92,0.00784,0.784
133.93,0.00784,0.784
133.94,0.00785,0.785
133.95,0.00785,0.785
133.96,0.00785,0.785
133.96,0.00785,0.785
133.97,0.00785,0.785
133.98,0.00785,0.785
133.99,0.00785,0.785
134.00,0.00785,0.785
134.01,0.00785,0.785
134.02,0.00785,0.785
134.03,0.00785,0.785
134.04,0.00785,0.785
134.05,0.00785,0.785
134.06,0.00786,0.786
134.07,0.00786,0.786
134.08,0.00786,0.786
134.09,0.00786,0.786
134.09,0.00786,0.786
134.10,0.00786,0.786
134.11,0.00786,0.786
134.12,0.00786,0.786
134.13,0.00786,0.786
134.14,0.00786,0.786
134.15,0.00786,0.786
134.16,0.00786,0.786
134.17,0.00787,0.787
134.18,0.00787,0.787
134.19,0.00787,0.787
134.20,0.00787,0.787
134.21,0.00787,0.787
134.21,0.00787,0.787
134.22,0.00787,0.787
134.23,0.00787,0.787
134.24,0.00787,0.787
134.25,0.00787,0.787
134.26,0.00787,0.787
134.27,0.00787,0.787
134.28,0.00787,0.787
134.29,0.00788,0.788
134.30,0.00788,0.788
134.31,0.00788,0.788
134.32,0.00788,0.788
134.33,0.00788,0.788
134.33,0.00788,0.788
134.34,0.00788,0.788
134.35,0.00788,0.788
134.36,0.00788,0.788
134.37,0.00788,0.788
134.38,0.00788,0.788
134.39,0.00788,0.788
134.40,0.00788,0.788
134.41,0.00789,0.789
134.42,0.00789,0.789
134.43,0.00789,0.789
134.44,0.00789,0.789
134.45,0.00789,0.789
134.45,0.00789,0.789
134.46,0.00789,0.789
134.47,0.00789,0.789
134.48,0.00789,0.789
134.49,0.00789,0.789
134.50,0.00789,0.789
134.51,0.00789,0.789
134.52,0.00790,0.790
134.53,0.00790,0.790
134.54,0.00790,0.790
134.55,0.00790,0.790
134.56,0.00790,0.790
134.57,0.00790,0.790
134.57,0.00790,0.790
134.58,0.00790,0.790
134.59,0.00790,0.790
134.60,0.00790,0.790
134.61,0.00790,0.790
134.62,0.00790,0.790
134.63,0.00790,0.790
134.64,0.00791,0.791
134.65,0.00791,0.791
134.66,0.00791,0.791
134.67,0.00791,0.791
134.68,0.00791,0.791
134.69,0.00791,0.791
134.69,0.00791,0.791
134.70,0.00791,0.791
134.71,0.00791,0.791
134.72,0.00791,0.791
134.73,0.00791,0.791
134.74,0.00791,0.791
134.75,0.00792,0.792
134.76,0.00792,0.792
134.77,0.00792,0.792
134.78,0.00792,0.792
134.79,0.00792,0.792
134.80,0.00792,0.792
134.81,0.00792,0.792
134.81,0.00792,0.792
134.82,0.00792,0.792
134.83,0.00792,0.792
134.84,0.00792,0.792
134.85,0.00792,0.792
134.86,0.00792,0.792
134.87,0.00793,0.793
134.88,0.00793,0.793
134.89,0.00793,0.793
134.90,0.00793,0.793
134.91,0.00793,0.793
134.92,0.00793,0.793
134.93,0.00793,0.793
134.93,0.00793,0.793
134.94,0.00793,0.793
134.95,0.00793,0.793
134.96,0.00793,0.793
134.97,0.00793,0.793
134.98,0.00794,0.794
134.99,0.00794,0.794
135.00,0.00794,0.794
135.01,0.00794,0.794
135.02,0.00794,0.794
135.03,0.00794,0.794
135.04,0.00794,0.794
135.05,0.00794,0.794
135.06,0.00794,0.794
135.06,0.00794,0.794
135.07,0.00794,0.794
135.08,0.00794,0.794
135.09,0.00794,0.794
135.10,0.00795,0.795
135.11,0.00795,0.795
135.12,0.00795,0.795
135.13,0.00795,0.795
135.14,0.00795,0.795
135.15,0.00795,0.795
135.16,0.00795,0.795
135.17,0.00795,0.795
135.18,0.00795,0.795
135.18,0.00795,0.795
135.19,0.00795,0.795
135.20,0.00795,0.795
135.21,0.00796,0.796
135.22,0.00796,0.796
135.23,0.00796,0.796
135.24,0.00796,0.796
135.25,0.00796,0.796
135.26,0.00796,0.796
135.27,0.00796,0.796
135.28,0.00796,0.796
135.29,0.00796,0.796
135.30,0.00796,0.796
135.31,0.00796,0.796
135.31,0.00796,0.796
135.32,0.00796,0.796
135.33,0.00797,0.797
135.34,0.00797,0.797
135.35,0.00797,0.797
135.36,0.00797,0.797
135.37,0.00797,0.797
135.38,0.00797,0.797
135.39,0.00797,0.797
135.40,0.00797,0.797
135.41,0.00797,0.797
135.42,0.00797,0.797
135.43,0.00797,0.797
135.44,0.00797,0.797
135.44,0.00798,0.798
135.45,0.00798,0.798
135.46,0.00798,0.798
135.47,0.00798,0.798
135.48,0.00798,0.798
135.49,0.00798,0.798
135.50,0.00798,0.798
135.51,0.00798,0.798
135.52,0.00798,0.798
135.53,0.00798,0.798
135.54,0.00798,0.798
135.55,0.00798,0.798
135.56,0.00799,0.799
135.56,0.00799,0.799
135.57,0.00799,0.799
135.58,0.00799,0.799
135.59,0.00799,0.799
135.60,0.00799,0.799
135.61,0.00799,0.799
135.62,0.00799,0.799
135.63,0.00799,0.799
135.64,0.00799,0.799
135.65,0.00799,0.799
135.66,0.00799,0.799
135.67,0.00799,0.799
135.68,0.00800,0.800
135.69,0.00800,0.800
135.69,0.00800,0.800
135.70,0.00800,0.800
135.71,0.00800,0.800
135.72,0.00800,0.800
135.73,0.00800,0.800
135.74,0.00800,0.800
135.75,0.00800,0.800
135.76,0.00800,0.800
135.77,0.00800,0.800
135.78,0.00800,0.800
135.79,0.00801,0.801
135.80,0.00801,0.801
135.81,0.00801,0.801
135.81,0.00801,0.801
135.82,0.00801,0.801
135.83,0.00801,0.801
135.84,0.00801,0.801
135.85,0.00801,0.801
135.86,0.00801,0.801
135.87,0.00801,0.801
135.88,0.00801,0.801
135.89,0.00801,0.801
135.90,0.00801,0.801
135.91,0.00802,0.802
135.92,0.00802,0.802
135.93,0.00802,0.802
135.93,0.00802,0.802
135.94,0.00802,0.802
135.95,0.00802,0.802
135.96,0.00802,0.802
135.97,0.00802,0.802
135.98,0.00802,0.802
135.99,0.00802,0.802
136.00,0.00802,0.802
136.01,0.00802,0.802
136.02,0.00803,0.803
136.03,0.00803,0.803
136.04,0.00803,0.803
136.04,0.00803,0.803
136.05,0.00803,0.803
136.06,0.00803,0.803
136.07,0.00803,0.803
136.08,0.00803,0.803
136.09,0.00803,0.803
136.10,0.00803,0.803
136.11,0.00803,0.803
136.12,0.00803,0.803
136.13,0.00803,0.803
136.14,0.00804,0.804
136.15,0.00804,0.804
136.16,0.00804,0.804
136.16,0.00804,0.804
136.17,0.00804,0.804
136.18,0.00804,0.804
136.19,0.00804,0.804
136.20,0.00804,0.804
136.21,0.00804,0.804
136.22,0.00804,0.804
136.23,0.00804,0.804
136.24,0.00804,0.804
136.25,0.00805,0.805
136.26,0.00805,0.805
136.27,0.00805,0.805
136.27,0.00805,0.805
136.28,0.00805,0.805
136.29,0.00805,0.805
136.30,0.00805,0.805
136.31,0.00805,0.805
136.32,0.00805,0.805
136.33,0.00805,0.805
136.34,0.00805,0.805
136.35,0.00805,0.805
136.36,0.00805,0.805
136.37,0.00806,0.806
136.38,0.00806,0.806
136.38,0.00806,0.806
136.39,0.00806,0.806
136.40,0.00806,0.806
136.41,0.00806,0.806
136.42,0.00806,0.806
136.43,0.00806,0.806
136.44,0.00806,0.806
136.45,0.00806,0.806
136.46,0.00806,0.806
136.47,0.00806,0.806
136.48,0.00807,0.807
136.49,0.00807,0.807
136.49,0.00807,0.807
136.50,0.00807,0.807
136.51,0.00807,0.807
136.52,0.00807,0.807
136.53,0.00807,0.807
136.54,0.00807,0.807
136.55,0.00807,0.807
136.56,0.00807,0.807
136.57,0.00807,0.807
136.58,0.00807,0.807
136.59,0.00807,0.807
136.60,0.00808,0.808
136.60,0.00808,0.808
136.61,0.00808,0.808
136.62,0.00808,0.808
136.63,0.00808,0.808
136.64,0.00808,0.808
136.65,0.00808,0.808
136.66,0.00808,0.808
136.67,0.00808,0.808
136.68,0.00808,0.808
136.69,0.00808,0.808
136.70,0.00808,0.808
136.70,0.00809,0.809
136.71,0.00809,0.809
136.72,0.00809,0.809
136.73,0.00809,0.809
136.74,0.00809,0.809
136.75,0.00809,0.809
136.76,0.00809,0.809
136.77,0.00809,0.809
136.78,0.00809,0.809
136.79,0.00809,0.809
136.80,0.00809,0.809
136.81,0.00809,0.809
136.81,0.00809,0.809
136.82,0.00810,0.810
136.83,0.00810,0.810
136.84,0.00810,0.810
136.85,0.00810,0.810
136.86,0.00810,0.810
136.87,0.00810,0.810
136.88,0.00810,0.810
136.89,0.00810,0.810
136.90,0.00810,0.810
136.91,0.00810,0.810
136.92,0.00810,0.810
136.92,0.00810,0.810
136.93,0.00811,0.811
136.94,0.00811,0.811
136.95,0.00811,0.811
136.96,0.00811,0.811
136.97,0.00811,0.811
136.98,0.00811,0.811
136.99,0.00811,0.811
137.00,0.00811,0.811
137.01,0.00811,0.811
137.02,0.00811,0.811
137.02,0.00811,0.811
137.03,0.00811,0.811
137.04,0.00811,0.811
137.05,0.00812,0.812
137.06,0.00812,0.812
137.07,0.00812,0.812
137.08,0.00812,0.812
137.09,0.00812,0.812
137.10,0.00812,0.812
137.11,0.00812,0.812
137.12,0.00812,0.812
137.13,0.00812,0.812
137.13,0.00812,0.812
137.14,0.00812,0.812
137.15,0.00812,0.812
137.16,0.00813,0.813
137.17,0.00813,0.813
137.18,0.00813,0.813
137.19,0.00813,0.813
137.20,0.00813,0.813
137.21,0.00813,0.813
137.22,0.00813,0.813
137.23,0.00813,0.813
137.23,0.00813,0.813
137.24,0.00813,0.813
137.25,0.00813,0.813
137.26,0.00813,0.813
137.27,0.00813,0.813
137.28,0.00814,0.814
137.29,0.00814,0.814
137.30,0.00814,0.814
137.31,0.00814,0.814
137.32,0.00814,0.814
137.33,0.00814,0.814
137.34,0.00814,0.814
137.34,0.00814,0.814
137.35,0.00814,0.814
137.36,0.00814,0.814
137.37,0.00814,0.814
137.38,0.00814,0.814
137.39,0.00814,0.814
137.40,0.00815,0.815
137.41,0.00815,0.815
137.42,0.00815,0.815
137.43,0.00815,0.815
137.44,0.00815,0.815
137.45,0.00815,0.815
137.45,0.00815,0.815
137.46,0.00815,0.815
137.47,0.00815,0.815
137.48,0.00815,0.815
137.49,0.00815,0.815
137.50,0.00815,0.815
137.51,0.00816,0.816
137.52,0.00816,0.816
137.53,0.00816,0.816
137.54,0.00816,0.816
137.55,0.00816,0.816
137.55,0.00816,0.816
137.56,0.00816,0.816
137.57,0.00816,0.816
137.58,0.00816,0.816
137.59,0.00816,0.816
137.60,0.00816,0.816
137.61,0.00816,0.816
137.62,0.00816,0.816
137.63,0.00817,0.817
137.64,0.00817,0.817
137.65,0.00817,0.817
137.66,0.00817,0.817
137.66,0.00817,0.817
137.67,0.00817,0.817
137.68,0.00817,0.817
137.69,0.00817,0.817
137.70,0.00817,0.817
137.71,0.00817,0.817
137.72,0.00817,0.817
137.73,0.00817,0.817
137.74,0.00818,0.818
137.75,0.00818,0.818
137.76,0.00818,0.818
137.77,0.00818,0.818
137.77,0.00818,0.818
137.78,0.00818,0.818
137.79,0.00818,0.818
137.80,0.00818,0.818
137.81,0.00818,0.818
137.82,0.00818,0.818
137.83,0.00818,0.818
137.84,0.00818,0.818
137.85,0.00818,0.818
137.86,0.00819,0.819
137.87,0.00819,0.819
137.88,0.00819,0.819
137.88,0.00819,0.819
137.89,0.00819,0.819
137.90,0.00819,0.819
137.91,0.00819,0.819
137.92,0.00819,0.819
137.93,0.00819,0.819
137.94,0.00819,0.819
137.95,0.00819,0.819
137.96,0.00819,0.819
137.97,0.00820,0.820
137.98,0.00820,0.820
137.99,0.00820,0.820
137.99,0.00820,0.820
138.00,0.00820,0.820
138.01,0.00820,0.820
138.02,0.00820,0.820
138.03,0.00820,0.820
138.04,0.00820,0.820
138.05,0.00820,0.820
138.06,0.00820,0.820
138.07,0.00820,0.820
138.08,0.00820,0.820
138.09,0.00821,0.821
138.10,0.00821,0.821
138.10,0.00821,0.821
138.11,0.00821,0.821
138.12,0.00821,0.821
138.13,0.00821,0.821
138.14,0.00821,0.821
138.15,0.00821,0.821
138.16,0.00821,0.821
138.17,0.00821,0.821
138.18,0.00821,0.821
138.19,0.00821,0.821
138.20,0.00822,0.822
138.20,0.00822,0.822
138.21,0.00822,0.822
138.22,0.00822,0.822
138.23,0.00822,0.822
138.24,0.00822,0.822
138.25,0.00822,0.822
138.26,0.00822,0.822
138.27,0.00822,0.822
138.28,0.00822,0.822
138.29,0.00822,0.822
138.30,0.00822,0.822
138.31,0.00822,0.822
138.31,0.00823,0.823
138.32,0.00823,0.823
138.33,0.00823,0.823
138.34,0.00823,0.823
138.35,0.00823,0.823
138.36,0.00823,0.823
138.37,0.00823,0.823
138.38,0.00823,0.823
138.39,0.00823,0.823
138.40,0.00823,0.823
138.41,0.00823,0.823
138.42,0.00823,0.823
138.42,0.00824,0.824
138.43,0.00824,0.824
138.44,0.00824,0.824
138.45,0.00824,0.824
138.46,0.00824,0.824
138.47,0.00824,0.824
138.48,0.00824,0.824
138.49,0.00824,0.824
138.50,0.00824,0.824
138.51,0.00824,0.824
138.52,0.00824,0.824
138.53,0.00824,0.824
138.53,0.00824,0.824
138.54,0.00825,0.825
138.55,0.00825,0.825
138.56,0.00825,0.825
138.57,0.00825,0.825
138.58,0.00825,0.825
138.59,0.00825,0.825
138.60,0.00825,0.825
138.61,0.00825,0.825
138.62,0.00825,0.825
138.63,0.00825,0.825
138.64,0.00825,0.825
138.64,0.00825,0.825
138.65,0.00826,0.826
138.66,0.00826,0.826
138.67,0.00826,0.826
138.68,0.00826,0.826
138.69,0.00826,0.826
138.70,0.00826,0.826
138.71,0.00826,0.826
138.72,0.00826,0.826
138.73,0.00826,0.826
138.74,0.00826,0.826
138.74,0.00826,0.826
138.75,0.00826,0.826
138.76,0.00826,0.826
138.77,0.00827,0.827
138.78,0.00827,0.827
138.79,0.00827,0.827
138.80,0.00827,0.827
138.81,0.00827,0.827
138.82,0.00827,0.827
138.83,0.00827,0.827
138.84,0.00827,0.827
138.85,0.00827,0.827
138.85,0.00827,0.827
138.86,0.00827,0.827
138.87,0.00827,0.827
138.88,0.00828,0.828
138.89,0.00828,0.828
138.90,0.00828,0.828
138.91,0.00828,0.828
138.92,0.00828,0.828
138.93,0.00828,0.828
138.94,0.00828,0.828
138.95,0.00828,0.828
138.96,0.00828,0.828
138.96,0.00828,0.828
138.97,0.00828,0.828
138.98,0.00828,0.828
138.99,0.00828,0.828
139.00,0.00829,0.829
139.01,0.00829,0.829
139.02,0.00829,0.829
139.03,0.00829,0.829
139.04,0.00829,0.829
139.05,0.00829,0.829
139.06,0.00829,0.829
139.06,0.00829,0.829
139.07,0.00829,0.829
139.08,0.00829,0.829
139.09,0.00829,0.829
139.10,0.00829,0.829
139.11,0.00830,0.830
139.12,0.00830,0.830
139.13,0.00830,0.830
139.14,0.00830,0.830
139.15,0.00830,0.830
139.16,0.00830,0.830
139.17,0.00830,0.830
139.17,0.00830,0.830
139.18,0.00830,0.830
139.19,0.00830,0.830
139.20,0.00830,0.830
139.21,0.00830,0.830
139.22,0.00830,0.830
139.23,0.00831,0.831
139.24,0.00831,0.831
139.25,0.00831,0.831
139.26,0.00831,0.831
139.27,0.00831,0.831
139.27,0.00831,0.831
139.28,0.00831,0.831
139.29,0.00831,0.831
139.30,0.00831,0.831
139.31,0.00831,0.831
139.32,0.00831,0.831
139.33,0.00831,0.831
139.34,0.00832,0.832
139.35,0.00832,0.832
139.36,0.00832,0.832
139.37,0.00832,0.832
139.37,0.00832,0.832
139.38,0.00832,0.832
139.39,0.00832,0.832
139.40,0.00832,0.832
139.41,0.00832,0.832
139.42,0.00832,0.832
139.43,0.00832,0.832
139.44,0.00832,0.832
139.45,0.00832,0.832
139.46,0.00833,0.833
139.47,0.00833,0.833
139.47,0.00833,0.833
139.48,0.00833,0.833
139.49,0.00833,0.833
139.50,0.00833,0.833
139.51,0.00833,0.833
139.52,0.00833,0.833
139.53,0.00833,0.833
139.54,0.00833,0.833
139.55,0.00833,0.833
139.56,0.00833,0.833
139.57,0.00834,0.834
139.57,0.00834,0.834
139.58,0.00834,0.834
139.59,0.00834,0.834
139.60,0.00834,0.834
139.61,0.00834,0.834
139.62,0.00834,0.834
139.63,0.00834,0.834
139.64,0.00834,0.834
139.65,0.00834,0.834
139.66,0.00834,0.834
139.67,0.00834,0.834
139.68,0.00834,0.834
139.68,0.00835,0.835
139.69,0.00835,0.835
139.70,0.00835,0.835
139.71,0.00835,0.835
139.72,0.00835,0.835
139.73,0.00835,0.835
139.74,0.00835,0.835
139.75,0.00835,0.835
139.76,0.00835,0.835
139.77,0.00835,0.835
139.78,0.00835,0.835
139.78,0.00835,0.835
139.79,0.00836,0.836
139.80,0.00836,0.836
139.81,0.00836,0.836
139.82,0.00836,0.836
139.83,0.00836,0.836
139.84,0.00836,0.836
139.85,0.00836,0.836
139.86,0.00836,0.836
139.87,0.00836,0.836
139.88,0.00836,0.836
139.88,0.00836,0.836
139.89,0.00836,0.836
139.90,0.00836,0.836
139.91,0.00837,0.837
139.92,0.00837,0.837
139.93,0.00837,0.837
139.94,0.00837,0.837
139.95,0.00837,0.837
139.96,0.00837,0.837
139.97,0.00837,0.837
139.98,0.00837,0.837
139.98,0.00837,0.837
139.99,0.00837,0.837
140.00,0.00837,0.837
140.01,0.00837,0.837
140.02,0.00838,0.838
140.03,0.00838,0.838
140.04,0.00838,0.838
140.05,0.00838,0.838
140.06,0.00838,0.838
140.07,0.00838,0.838
140.08,0.00838,0.838
140.08,0.00838,0.838
140.09,0.00838,0.838
140.10,0.00838,0.838
140.11,0.00838,0.838
140.12,0.00838,0.838
140.13,0.00838,0.838
140.14,0.00839,0.839
140.15,0.00839,0.839
140.16,0.00839,0.839
140.17,0.00839,0.839
140.18,0.00839,0.839
140.18,0.00839,0.839
140.19,0.00839,0.839
140.20,0.00839,0.839
140.21,0.00839,0.839
140.22,0.00839,0.839
140.23,0.00839,0.839
140.24,0.00839,0.839
140.25,0.00840,0.840
140.26,0.00840,0.840
140.27,0.00840,0.840
140.28,0.00840,0.840
140.28,0.00840,0.840
140.29,0.00840,0.840
140.30,0.00840,0.840
140.31,0.00840,0.840
140.32,0.00840,0.840
140.33,0.00840,0.840
140.34,0.00840,0.840
140.35,0.00840,0.840
140.36,0.00840,0.840
140.37,0.00841,0.841
140.38,0.00841,0.841
140.38,0.00841,0.841
140.39,0.00841,0.841
140.40,0.00841,0.841
140.41,0.00841,0.841
140.42,0.00841,0.841
140.43,0.00841,0.841
140.44,0.00841,0.841
140.45,0.00841,0.841
140.46,0.00841,0.841
140.47,0.00841,0.841
140.48,0.00841,0.841
140.48,0.00842,0.842
140.49,0.00842,0.842
140.50,0.00842,0.842
140.51,0.00842,0.842
140.52,0.00842,0.842
140.53,0.00842,0.842
140.54,0.00842,0.842
140.55,0.00842,0.842
140.56,0.00842,0.842
140.57,0.00842,0.842
140.58,0.00842,0.842
140.58,0.00842,0.842
140.59,0.00843,0.843
140.60,0.00843,0.843
140.61,0.00843,0.843
140.62,0.00843,0.843
140.63,0.00843,0.843
140.64,0.00843,0.843
140.65,0.00843,0.843
140.66,0.00843,0.843
140.67,0.00843,0.843
140.68,0.00843,0.843
140.68,0.00843,0.843
140.69,0.00843,0.843
140.70,0.00843,0.843
140.71,0.00844,0.844
140.72,0.00844,0.844
140.73,0.00844,0.844
140.74,0.00844,0.844
140.75,0.00844,0.844
140.76,0.00844,0.844
140.77,0.00844,0.844
140.78,0.00844,0.844
140.79,0.00844,0.844
140.79,0.00844,0.844
140.80,0.00844,0.844
140.81,0.00844,0.844
140.82,0.00845,0.845
140.83,0.00845,0.845
140.84,0.00845,0.845
140.85,0.00845,0.845
140.86,0.00845,0.845
140.87,0.00845,0.845
140.88,0.00845,0.845
140.89,0.00845,0.845
140.89,0.00845,0.845
140.90,0.00845,0.845
140.91,0.00845,0.845
140.92,0.00845,0.845
140.93,0.00845,0.845
140.94,0.00846,0.846
140.95,0.00846,0.846
140.96,0.00846,0.846
140.97,0.00846,0.846
140.98,0.00846,0.846
140.99,0.00846,0.846
140.99,0.00846,0.846
141.00,0.00846,0.846
141.01,0.00846,0.846
141.02,0.00846,0.846
141.03,0.00846,0.846
141.04,0.00846,0.846
141.05,0.00847,0.847
141.06,0.00847,0.847
141.07,0.00847,0.847
141.08,0.00847,0.847
141.09,0.00847,0.847
141.09,0.00847,0.847
141.10,0.00847,0.847
141.11,0.00847,0.847
141.12,0.00847,0.847
141.13,0.00847,0.847
141.14,0.00847,0.847
141.15,0.00847,0.847
141.16,0.00847,0.847
141.17,0.00848,0.848
141.18,0.00848,0.848
141.19,0.00848,0.848
141.19,0.00848,0.848
141.20,0.00848,0.848
141.21,0.00848,0.848
141.22,0.00848,0.848
141.23,0.00848,0.848
141.24,0.00848,0.848
141.25,0.00848,0.848
141.26,0.00848,0.848
141.27,0.00848,0.848
141.28,0.00849,0.849
141.29,0.00849,0.849
141.29,0.00849,0.849
141.30,0.00849,0.849
141.31,0.00849,0.849
141.32,0.00849,0.849
141.33,0.00849,0.849
141.34,0.00849,0.849
141.35,0.00849,0.849
141.36,0.00849,0.849
141.37,0.00849,0.849
141.38,0.00849,0.849
141.39,0.00849,0.849
141.39,0.00850,0.850
141.40,0.00850,0.850
141.41,0.00850,0.850
141.42,0.00850,0.850
141.43,0.00850,0.850
141.44,0.00850,0.850
141.45,0.00850,0.850
141.46,0.00850,0.850
141.47,0.00850,0.850
141.48,0.00850,0.850
141.49,0.00850,0.850
141.49,0.00850,0.850
141.50,0.00850,0.850
141.51,0.00851,0.851
141.52,0.00851,0.851
141.53,0.00851,0.851
141.54,0.00851,0.851
141.55,0.00851,0.851
141.56,0.00851,0.851
141.57,0.00851,0.851
141.58,0.00851,0.851
141.59,0.00851,0.851
141.59,0.00851,0.851
141.60,0.00851,0.851
141.61,0.00851,0.851
141.62,0.00852,0.852
141.63,0.00852,0.852
141.64,0.00852,0.852
141.65,0.00852,0.852
141.66,0.00852,0.852
141.67,0.00852,0.852
141.68,0.00852,0.852
141.69,0.00852,0.852
141.69,0.00852,0.852
141.70,0.00852,0.852
141.71,0.00852,0.852
141.72,0.00852,0.852
141.73,0.00852,0.852
141.74,0.00853,0.853
141.75,0.00853,0.853
141.76,0.00853,0.853
141.77,0.00853,0.853
141.78,0.00853,0.853
141.79,0.00853,0.853
141.79,0.00853,0.853
141.80,0.00853,0.853
141.81,0.00853,0.853
141.82,0.00853,0.853
141.83,0.00853,0.853
141.84,0.00853,0.853
141.85,0.00854,0.854
141.86,0.00854,0.854
141.87,0.00854,0.854
141.88,0.00854,0.854
141.89,0.00854,0.854
141.89,0.00854,0.854
141.90,0.00854,0.854
141.91,0.00854,0.854
141.92,0.00854,0.854
141.93,0.00854,0.854
141.94,0.00854,0.854
141.95,0.00854,0.854
141.96,0.00854,0.854
141.97,0.00855,0.855
141.98,0.00855,0.855
141.99,0.00855,0.855
141.99,0.00855,0.855
142.00,0.00855,0.855
142.01,0.00855,0.855
142.02,0.00855,0.855
142.03,0.00855,0.855
142.04,0.00855,0.855
142.05,0.00855,0.855
142.06,0.00855,0.855
142.07,0.00855,0.855
142.08,0.00855,0.855
142.09,0.00856,0.856
142.10,0.00856,0.856
142.10,0.00856,0.856
142.11,0.00856,0.856
142.12,0.00856,0.856
142.13,0.00856,0.856
142.14,0.00856,0.856
142.15,0.00856,0.856
142.16,0.00856,0.856
142.17,0.00856,0.856
142.18,0.00856,0.856
142.19,0.00856,0.856
142.20,0.00857,0.857
142.20,0.00857,0.857
142.21,0.00857,0.857
142.22,0.00857,0.857
142.23,0.00857,0.857
142.24,0.00857,0.857
142.25,0.00857,0.857
142.26,0.00857,0.857
142.27,0.00857,0.857
142.28,0.00857,0.857
142.29,0.00857,0.857
142.30,0.00857,0.857
142.30,0.00857,0.857
142.31,0.00858,0.858
142.32,0.00858,0.858
142.33,0.00858,0.858
142.34,0.00858,0.858
142.35,0.00858,0.858
142.36,0.00858,0.858
142.37,0.00858,0.858
142.38,0.00858,0.858
142.39,0.00858,0.858
142.40,0.00858,0.858
142.40,0.00858,0.858
142.41,0.00858,0.858
142.42,0.00859,0.859
142.43,0.00859,0.859
142.44,0.00859,0.859
142.45,0.00859,0.859
142.46,0.00859,0.859
142.47,0.00859,0.859
142.48,0.00859,0.859
142.49,0.00859,0.859
142.50,0.00859,0.859
142.51,0.00859,0.859
142.51,0.00859,0.859
142.52,0.00859,0.859
142.53,0.00859,0.859
142.54,0.00860,0.860
142.55,0.00860,0.860
142.56,0.00860,0.860
142.57,0.00860,0.860
142.58,0.00860,0.860
142.59,0.00860,0.860
142.60,0.00860,0.860
142.61,0.00860,0.860
142.61,0.00860,0.860
142.62,0.00860,0.860
142.63,0.00860,0.860
142.64,0.00860,0.860
142.65,0.00861,0.861
142.66,0.00861,0.861
142.67,0.00861,0.861
142.68,0.00861,0.861
142.69,0.00861,0.861
142.70,0.00861,0.861
142.71,0.00861,0.861
142.72,0.00861,0.861
142.72,0.00861,0.861
142.73,0.00861,0.861
142.74,0.00861,0.861
142.75,0.00861,0.861
142.76,0.00861,0.861
142.77,0.00862,0.862
142.78,0.00862,0.862
142.79,0.00862,0.862
142.80,0.00862,0.862
142.81,0.00862,0.862
142.82,0.00862,0.862
142.82,0.00862,0.862
142.83,0.00862,0.862
142.84,0.00862,0.862
142.85,0.00862,0.862
142.86,0.00862,0.862
142.87,0.00862,0.862
142.88,0.00863,0.863
142.89,0.00863,0.863
142.90,0.00863,0.863
142.91,0.00863,0.863
142.92,0.00863,0.863
142.93,0.00863,0.863
142.93,0.00863,0.863
142.94,0.00863,0.863
142.95,0.00863,0.863
142.96,0.00863,0.863
142.97,0.00863,0.863
142.98,0.00863,0.863
142.99,0.00863,0.863
143.00,0.00864,0.864
143.01,0.00864,0.864
143.02,0.00864,0.864
143.03,0.00864,0.864
143.03,0.00864,0.864
143.04,0.00864,0.864
143.05,0.00864,0.864
143.06,0.00864,0.864
143.07,0.00864,0.864
143.08,0.00864,0.864
143.09,0.00864,0.864
143.10,0.00864,0.864
143.11,0.00865,0.865
143.12,0.00865,0.865
143.13,0.00865,0.865
143.13,0.00865,0.865
143.14,0.00865,0.865
143.15,0.00865,0.865
143.16,0.00865,0.865
143.17,0.00865,0.865
143.18,0.00865,0.865
143.19,0.00865,0.865
143.20,0.00865,0.865
143.21,0.00865,0.865
143.22,0.00865,0.865
143.23,0.00866,0.866
143.23,0.00866,0.866
143.24,0.00866,0.866
143.25,0.00866,0.866
143.26,0.00866,0.866
143.27,0.00866,0.866
143.28,0.00866,0.866
143.29,0.00866,0.866
143.30,0.00866,0.866
143.31,0.00866,0.866
143.32,0.00866,0.866
143.33,0.00866,0.866
143.33,0.00867,0.867
143.34,0.00867,0.867
143.35,0.00867,0.867
143.36,0.00867,0.867
143.37,0.00867,0.867
143.38,0.00867,0.867
143.39,0.00867,0.867
143.40,0.00867,0.867
143.41,0.00867,0.867
143.42,0.00867,0.867
143.43,0.00867,0.867
143.43,0.00867,0.867
143.44,0.00867,0.867
143.45,0.00868,0.868
143.46,0.00868,0.868
143.47,0.00868,0.868
143.48,0.00868,0.868
143.49,0.00868,0.868
143.50,0.00868,0.868
143.51,0.00868,0.868
143.52,0.00868,0.868
143.53,0.00868,0.868
143.53,0.00868,0.868
143.54,0.00868,0.868
143.55,0.00868,0.868
143.56,0.00869,0.869
143.57,0.00869,0.869
143.58,0.00869,0.869
143.59,0.00869,0.869
143.60,0.00869,0.869
143.61,0.00869,0.869
143.62,0.00869,0.869
143.63,0.00869,0.869
143.63,0.00869,0.869
143.64,0.00869,0.869
143.65,0.00869,0.869
143.66,0.00869,0.869
143.67,0.00869,0.869
143.68,0.00870,0.870
143.69,0.00870,0.870
143.70,0.00870,0.870
143.71,0.00870,0.870
143.72,0.00870,0.870
143.73,0.00870,0.870
143.73,0.00870,0.870
143.74,0.00870,0.870
143.75,0.00870,0.870
143.76,0.00870,0.870
143.77,0.00870,0.870
143.78,0.00870,0.870
143.79,0.00871,0.871
143.80,0.00871,0.871
143.81,0.00871,0.871
143.82,0.00871,0.871
143.82,0.00871,0.871
143.83,0.00871,0.871
143.84,0.00871,0.871
143.85,0.00871,0.871
143.86,0.00871,0.871
143.87,0.00871,0.871
143.88,0.00871,0.871
143.89,0.00871,0.871
143.90,0.00871,0.871
143.91,0.00872,0.872
143.92,0.00872,0.872
143.92,0.00872,0.872
143.93,0.00872,0.872
143.94,0.00872,0.872
143.95,0.00872,0.872
143.96,0.00872,0.872
143.97,0.00872,0.872
143.98,0.00872,0.872
143.99,0.00872,0.872
144.00,0.00872,0.872
144.01,0.00872,0.872
144.02,0.00873,0.873
144.02,0.00873,0.873
144.03,0.00873,0.873
144.04,0.00873,0.873
144.05,0.00873,0.873
144.06,0.00873,0.873
144.07,0.00873,0.873
144.08,0.00873,0.873
144.09,0.00873,0.873
144.10,0.00873,0.873
144.11,0.00873,0.873
144.12,0.00873,0.873
144.12,0.00873,0.873
144.13,0.00874,0.874
144.14,0.00874,0.874
144.15,0.00874,0.874
144.16,0.00874,0.874
144.17,0.00874,0.874
144.18,0.00874,0.874
144.19,0.00874,0.874
144.20,0.00874,0.874
144.21,0.00874,0.874
144.22,0.00874,0.874
144.22,0.00874,0.874
144.23,0.00874,0.874
144.24,0.00875,0.875
144.25,0.00875,0.875
144.26,0.00875,0.875
144.27,0.00875,0.875
144.28,0.00875,0.875
144.29,0.00875,0.875
144.30,0.00875,0.875
144.31,0.00875,0.875
144.32,0.00875,0.875
144.33,0.00875,0.875
144.33,0.00875,0.875
144.34,0.00875,0.875
144.35,0.00875,0.875
144.36,0.00876,0.876
144.37,0.00876,0.876
144.38,0.00876,0.876
144.39,0.00876,0.876
144.40,0.00876,0.876
144.41,0.00876,0.876
144.42,0.00876,0.876
144.43,0.00876,0.876
144.43,0.00876,0.876
144.44,0.00876,0.876
144.45,0.00876,0.876
144.46,0.00876,0.876
144.47,0.00877,0.877
144.48,0.00877,0.877
144.49,0.00877,0.877
144.50,0.00877,0.877
144.51,0.00877,0.877
144.52,0.00877,0.877
144.53,0.00877,0.877
144.54,0.00877,0.877
144.54,0.00877,0.877
144.55,0.00877,0.877
144.56,0.00877,0.877
144.57,0.00877,0.877
144.58,0.00878,0.878
144.59,0.00878,0.878
144.60,0.00878,0.878
144.61,0.00878,0.878
144.62,0.00878,0.878
144.63,0.00878,0.878
144.64,0.00878,0.878
144.64,0.00878,0.878
144.65,0.00878,0.878
144.66,0.00878,0.878
144.67,0.00878,0.878
144.68,0.00878,0.878
144.69,0.00878,0.878
144.70,0.00879,0.879
144.71,0.00879,0.879
144.72,0.00879,0.879
144.73,0.00879,0.879
144.74,0.00879,0.879
144.75,0.00879,0.879
144.75,0.00879,0.879
144.76,0.00879,0.879
144.77,0.00879,0.879
144.78,0.00879,0.879
144.79,0.00879,0.879
144.80,0.00879,0.879
144.81,0.00880,0.880
144.82,0.00880,0.880
144.83,0.00880,0.880
144.84,0.00880,0.880
144.85,0.00880,0.880
144.86,0.00880,0.880
144.86,0.00880,0.880
144.87,0.00880,0.880
144.88,0.00880,0.880
144.89,0.00880,0.880
144.90,0.00880,0.880
144.91,0.00880,0.880
144.92,0.00880,0.880
144.93,0.00881,0.881
144.94,0.00881,0.881
144.95,0.00881,0.881
144.96,0.00881,0.881
144.96,0.00881,0.881
144.97,0.00881,0.881
144.98,0.00881,0.881
144.99,0.00881,0.881
145.00,0.00881,0.881
145.01,0.00881,0.881
145.02,0.00881,0.881
145.03,0.00881,0.881
145.04,0.00882,0.882
145.05,0.00882,0.882
145.06,0.00882,0.882
145.06,0.00882,0.882
145.07,0.00882,0.882
145.08,0.00882,0.882
145.09,0.00882,0.882
145.10,0.00882,0.882
145.11,0.00882,0.882
145.12,0.00882,0.882
145.13,0.00882,0.882
145.14,0.00882,0.882
145.15,0.00883,0.883
145.16,0.00883,0.883
145.17,0.00883,0.883
145.17,0.00883,0.883
145.18,0.00883,0.883
145.19,0.00883,0.883
145.20,0.00883,0.883
145.21,0.00883,0.883
145.22,0.00883,0.883
145.23,0.00883,0.883
145.24,0.00883,0.883
145.25,0.00883,0.883
145.26,0.00883,0.883
145.27,0.00884,0.884
145.27,0.00884,0.884
145.28,0.00884,0.884
145.29,0.00884,0.884
145.30,0.00884,0.884
145.31,0.00884,0.884
145.32,0.00884,0.884
145.33,0.00884,0.884
145.34,0.00884,0.884
145.35,0.00884,0.884
145.36,0.00884,0.884
145.37,0.00884,0.884
145.37,0.00885,0.885
145.38,0.00885,0.885
145.39,0.00885,0.885
145.40,0.00885,0.885
145.41,0.00885,0.885
145.42,0.00885,0.885
145.43,0.00885,0.885
145.44,0.00885,0.885
145.45,0.00885,0.885
145.46,0.00885,0.885
145.47,0.00885,0.885
145.47,0.00885,0.885
145.48,0.00885,0.885
145.49,0.00886,0.886
145.50,0.00886,0.886
145.51,0.00886,0.886
145.52,0.00886,0.886
145.53,0.00886,0.886
145.54,0.00886,0.886
145.55,0.00886,0.886
145.56,0.00886,0.886
145.57,0.00886,0.886
145.57,0.00886,0.886
145.58,0.00886,0.886
145.59,0.00886,0.886
145.60,0.00887,0.887
145.61,0.00887,0.887
145.62,0.00887,0.887
145.63,0.00887,0.887
145.64,0.00887,0.887
145.65,0.00887,0.887
145.66,0.00887,0.887
145.66,0.00887,0.887
145.67,0.00887,0.887
145.68,0.00887,0.887
145.69,0.00887,0.887
145.70,0.00887,0.887
145.71,0.00887,0.887
145.72,0.00888,0.888
145.73,0.00888,0.888
145.74,0.00888,0.888
145.75,0.00888,0.888
145.76,0.00888,0.888
145.76,0.00888,0.888
145.77,0.00888,0.888
145.78,0.00888,0.888
145.79,0.00888,0.888
145.80,0.00888,0.888
145.81,0.00888,0.888
145.82,0.00888,0.888
145.83,0.00889,0.889
145.84,0.00889,0.889
145.85,0.00889,0.889
145.86,0.00889,0.889
145.86,0.00889,0.889
145.87,0.00889,0.889
145.88,0.00889,0.889
145.89,0.00889,0.889
145.90,0.00889,0.889
145.91,0.00889,0.889
145.92,0.00889,0.889
145.93,0.00889,0.889
145.94,0.00889,0.889
145.95,0.00890,0.890
145.96,0.00890,0.890
145.96,0.00890,0.890
145.97,0.00890,0.890
145.98,0.00890,0.890
145.99,0.00890,0.890
146.00,0.00890,0.890
146.01,0.00890,0.890
146.02,0.00890,0.890
146.03,0.00890,0.890
146.04,0.00890,0.890
146.05,0.00890,0.890
146.06,0.00891,0.891
146.06,0.00891,0.891
146.07,0.00891,0.891
146.08,0.00891,0.891
146.09,0.00891,0.891
146.10,0.00891,0.891
146.11,0.00891,0.891
146.12,0.00891,0.891
146.13,0.00891,0.891
146.14,0.00891,0.891
146.15,0.00891,0.891
146.16,0.00891,0.891
146.16,0.00892,0.892
146.17,0.00892,0.892
146.18,0.00892,0.892
146.19,0.00892,0.892
146.20,0.00892,0.892
146.21,0.00892,0.892
146.22,0.00892,0.892
146.23,0.00892,0.892
146.24,0.00892,0.892
146.25,0.00892,0.892
146.26,0.00892,0.892
146.26,0.00892,0.892
146.27,0.00892,0.892
146.28,0.00893,0.893
146.29,0.00893,0.893
146.30,0.00893,0.893
146.31,0.00893,0.893
146.32,0.00893,0.893
146.33,0.00893,0.893
146.34,0.00893,0.893
146.35,0.00893,0.893
146.36,0.00893,0.893
146.36,0.00893,0.893
146.37,0.00893,0.893
146.38,0.00893,0.893
146.39,0.00894,0.894
146.40,0.00894,0.894
146.41,0.00894,0.894
146.42,0.00894,0.894
146.43,0.00894,0.894
146.44,0.00894,0.894
146.45,0.00894,0.894
146.46,0.00894,0.894
146.46,0.00894,0.894
146.47,0.00894,0.894
146.48,0.00894,0.894
146.49,0.00894,0.894
146.50,0.00894,0.894
146.51,0.00895,0.895
146.52,0.00895,0.895
146.53,0.00895,0.895
146.54,0.00895,0.895
146.55,0.00895,0.895
146.56,0.00895,0.895
146.56,0.00895,0.895
146.57,0.00895,0.895
146.58,0.00895,0.895
146.59,0.00895,0.895
146.60,0.00895,0.895
146.61,0.00895,0.895
146.62,0.00896,0.896
146.63,0.00896,0.896
146.64,0.00896,0.896
146.65,0.00896,0.896
146.66,0.00896,0.896
146.66,0.00896,0.896
146.67,0.00896,0.896
146.68,0.00896,0.896
146.69,0.00896,0.896
146.70,0.00896,0.896
146.71,0.00896,0.896
146.72,0.00896,0.896
146.73,0.00896,0.896
146.74,0.00897,0.897
146.75,0.00897,0.897
146.76,0.00897,0.897
146.77,0.00897,0.897
146.77,0.00897,0.897
146.78,0.00897,0.897
146.79,0.00897,0.897
146.80,0.00897,0.897
146.81,0.00897,0.897
146.82,0.00897,0.897
146.83,0.00897,0.897
146.84,0.00897,0.897
146.85,0.00898,0.898
146.86,0.00898,0.898
146.87,0.00898,0.898
146.87,0.00898,0.898
146.88,0.00898,0.898
146.89,0.00898,0.898
146.90,0.00898,0.898
146.91,0.00898,0.898
146.92,0.00898,0.898
146.93,0.00898,0.898
146.94,0.00898,0.898
146.95,0.00898,0.898
146.96,0.00898,0.898
146.97,0.00899,0.899
146.97,0.00899,0.899
146.98,0.00899,0.899
146.99,0.00899,0.899
147.00,0.00899,0.899
147.01,0.00899,0.899
147.02,0.00899,0.899
147.03,0.00899,0.899
147.04,0.00899,0.899
147.05,0.00899,0.899
147.06,0.00899,0.899
147.07,0.00899,0.899
147.07,0.00900,0.900
147.08,0.00900,0.900
147.09,0.00900,0.900
147.10,0.00900,0.900
147.11,0.00900,0.900
147.12,0.00900,0.900
147.13,0.00900,0.900
147.14,0.00900,0.900
147.15,0.00900,0.900
147.16,0.00900,0.900
147.17,0.00900,0.900
147.18,0.00900,0.900
147.18,0.00901,0.901
147.19,0.00901,0.901
147.20,0.00901,0.901
147.21,0.00901,0.901
147.22,0.00901,0.901
147.23,0.00901,0.901
147.24,0.00901,0.901
147.25,0.00901,0.901
147.26,0.00901,0.901
147.27,0.00901,0.901
147.28,0.00901,0.901
147.28,0.00901,0.901
147.29,0.00901,0.901
147.30,0.00902,0.902
147.31,0.00902,0.902
147.32,0.00902,0.902
147.33,0.00902,0.902
147.34,0.00902,0.902
147.35,0.00902,0.902
147.36,0.00902,0.902
147.37,0.00902,0.902
147.38,0.00902,0.902
147.38,0.00902,0.902
147.39,0.00902,0.902
147.40,0.00902,0.902
147.41,0.00903,0.903
147.42,0.00903,0.903
147.43,0.00903,0.903
147.44,0.00903,0.903
147.45,0.00903,0.903
147.46,0.00903,0.903
147.47,0.00903,0.903
147.48,0.00903,0.903
147.49,0.00903,0.903
147.49,0.00903,0.903
147.50,0.00903,0.903
147.51,0.00903,0.903
147.52,0.00903,0.903
147.53,0.00904,0.904
147.54,0.00904,0.904
147.55,0.00904,0.904
147.56,0.00904,0.904
147.57,0.00904,0.904
147.58,0.00904,0.904
147.59,0.00904,0.904
147.59,0.00904,0.904
147.60,0.00904,0.904
147.61,0.00904,0.904
147.62,0.00904,0.904
147.63,0.00904,0.904
147.64,0.00905,0.905
147.65,0.00905,0.905
147.66,0.00905,0.905
147.67,0.00905,0.905
147.68,0.00905,0.905
147.69,0.00905,0.905
147.69,0.00905,0.905
147.70,0.00905,0.905
147.71,0.00905,0.905
147.72,0.00905,0.905
147.73,0.00905,0.905
147.74,0.00905,0.905
147.75,0.00905,0.905
147.76,0.00906,0.906
147.77,0.00906,0.906
147.78,0.00906,0.906
147.79,0.00906,0.906
147.79,0.00906,0.906
147.80,0.00906,0.906
147.81,0.00906,0.906
147.82,0.00906,0.906
147.83,0.00906,0.906
147.84,0.00906,0.906
147.85,0.00906,0.906
147.86,0.00906,0.906
147.87,0.00907,0.907
147.88,0.00907,0.907
147.89,0.00907,0.907
147.89,0.00907,0.907
147.90,0.00907,0.907
147.91,0.00907,0.907
147.92,0.00907,0.907
147.93,0.00907,0.907
147.94,0.00907,0.907
147.95,0.00907,0.907
147.96,0.00907,0.907
147.97,0.00907,0.907
147.98,0.00907,0.907
147.99,0.00908,0.908
147.99,0.00908,0.908
148.00,0.00908,0.908
148.01,0.00908,0.908
148.02,0.00908,0.908
148.03,0.00908,0.908
148.04,0.00908,0.908
148.05,0.00908,0.908
148.06,0.00908,0.908
148.07,0.00908,0.908
148.08,0.00908,0.908
148.09,0.00908,0.908
148.09,0.00909,0.909
148.10,0.00909,0.909
148.11,0.00909,0.909
148.12,0.00909,0.909
148.13,0.00909,0.909
148.14,0.00909,0.909
148.15,0.00909,0.909
148.16,0.00909,0.909
148.17,0.00909,0.909
148.18,0.00909,0.909
148.19,0.00909,0.909
148.20,0.00909,0.909
148.20,0.00909,0.909
148.21,0.00910,0.910
148.22,0.00910,0.910
148.23,0.00910,0.910
148.24,0.00910,0.910
148.25,0.00910,0.910
148.26,0.00910,0.910
148.27,0.00910,0.910
148.28,0.00910,0.910
148.29,0.00910,0.910
148.30,0.00910,0.910
148.30,0.00910,0.910
148.31,0.00910,0.910
148.32,0.00911,0.911
148.33,0.00911,0.911
148.34,0.00911,0.911
148.35,0.00911,0.911
148.36,0.00911,0.911
148.37,0.00911,0.911
148.38,0.00911,0.911
148.39,0.00911,0.911
148.40,0.00911,0.911
148.40,0.00911,0.911
148.41,0.00911,0.911
148.42,0.00911,0.911
148.43,0.00911,0.911
148.44,0.00912,0.912
148.45,0.00912,0.912
148.46,0.00912,0.912
148.47,0.00912,0.912
148.48,0.00912,0.912
148.49,0.00912,0.912
148.50,0.00912,0.912
148.50,0.00912,0.912
148.51,0.00912,0.912
148.52,0.00912,0.912
148.53,0.00912,0.912
148.54,0.00912,0.912
148.55,0.00913,0.913
148.56,0.00913,0.913
148.57,0.00913,0.913
148.58,0.00913,0.913
148.59,0.00913,0.913
148.60,0.00913,0.913
148.60,0.00913,0.913
148.61,0.00913,0.913
148.62,0.00913,0.913
148.63,0.00913,0.913
148.64,0.00913,0.913
148.65,0.00913,0.913
148.66,0.00913,0.913
148.67,0.00914,0.914
148.68,0.00914,0.914
148.69,0.00914,0.914
148.70,0.00914,0.914
148.70,0.00914,0.914
148.71,0.00914,0.914
148.72,0.00914,0.914
148.73,0.00914,0.914
148.74,0.00914,0.914
148.75,0.00914,0.914
148.76,0.00914,0.914
148.77,0.00914,0.914
148.78,0.00915,0.915
148.79,0.00915,0.915
148.80,0.00915,0.915
148.80,0.00915,0.915
148.81,0.00915,0.915
148.82,0.00915,0.915
148.83,0.00915,0.915
148.84,0.00915,0.915
148.85,0.00915,0.915
148.86,0.00915,0.915
148.87,0.00915,0.915
148.88,0.00915,0.915
148.89,0.00915,0.915
148.90,0.00916,0.916
148.90,0.00916,0.916
148.91,0.00916,0.916
148.92,0.00916,0.916
148.93,0.00916,0.916
148.94,0.00916,0.916
148.95,0.00916,0.916
148.96,0.00916,0.916
148.97,0.00916,0.916
148.98,0.00916,0.916
148.99,0.00916,0.916
149.00,0.00916,0.916
149.00,0.00917,0.917
149.01,0.00917,0.917
149.02,0.00917,0.917
149.03,0.00917,0.917
149.04,0.00917,0.917
149.05,0.00917,0.917
149.06,0.00917,0.917
149.07,0.00917,0.917
149.08,0.00917,0.917
149.09,0.00917,0.917
149.10,0.00917,0.917
149.10,0.00917,0.917
149.11,0.00917,0.917
149.12,0.00918,0.918
149.13,0.00918,0.918
149.14,0.00918,0.918
149.15,0.00918,0.918
149.16,0.00918,0.918
149.17,0.00918,0.918
149.18,0.00918,0.918
149.19,0.00918,0.918
149.20,0.00918,0.918
149.20,0.00918,0.918
149.21,0.00918,0.918
149.22,0.00918,0.918
149.23,0.00919,0.919
149.24,0.00919,0.919
149.25,0.00919,0.919
149.26,0.00919,0.919
149.27,0.00919,0.919
149.28,0.00919,0.919
149.29,0.00919,0.919
149.30,0.00919,0.919
149.30,0.00919,0.919
149.31,0.00919,0.919
149.32,0.00919,0.919
149.33,0.00919,0.919
149.34,0.00919,0.919
149.35,0.00920,0.920
149.36,0.00920,0.920
149.37,0.00920,0.920
149.38,0.00920,0.920
149.39,0.00920,0.920
149.40,0.00920,0.920
149.40,0.00920,0.920
149.41,0.00920,0.920
149.42,0.00920,0.920
149.43,0.00920,0.920
149.44,0.00920,0.920
149.45,0.00920,0.920
149.46,0.00921,0.921
149.47,0.00921,0.921
149.48,0.00921,0.921
149.49,0.00921,0.921
149.50,0.00921,0.921
149.50,0.00921,0.921
149.51,0.00921,0.921
149.52,0.00921,0.921
149.53,0.00921,0.921
149.54,0.00921,0.921
149.55,0.00921,0.921
149.56,0.00921,0.921
149.57,0.00921,0.921
149.58,0.00922,0.922
149.59,0.00922,0.922
149.60,0.00922,0.922
149.60,0.00922,0.922
149.61,0.00922,0.922
149.62,0.00922,0.922
149.63,0.00922,0.922
149.64,0.00922,0.922
149.65,0.00922,0.922
149.66,0.00922,0.922
149.67,0.00922,0.922
149.68,0.00922,0.922
149.69,0.00923,0.923
149.70,0.00923,0.923
149.70,0.00923,0.923
149.71,0.00923,0.923
149.72,0.00923,0.923
149.73,0.00923,0.923
149.74,0.00923,0.923
149.75,0.00923,0.923
149.76,0.00923,0.923
149.77,0.00923,0.923
149.78,0.00923,0.923
149.79,0.00923,0.923
149.80,0.00923,0.923
149.81,0.00924,0.924
149.81,0.00924,0.924
149.82,0.00924,0.924
149.83,0.00924,0.924
149.84,0.00924,0.924
149.85,0.00924,0.924
149.86,0.00924,0.924
149.87,0.00924,0.924
149.88,0.00924,0.924
149.89,0.00924,0.924
149.90,0.00924,0.924
149.91,0.00924,0.924
149.91,0.00925,0.925
149.92,0.00925,0.925
149.93,0.00925,0.925
149.94,0.00925,0.925
149.95,0.00925,0.925
149.96,0.00925,0.925
149.97,0.00925,0.925
149.98,0.00925,0.925
149.99,0.00925,0.925
150.00,0.00925,0.925
150.01,0.00925,0.925
150.01,0.00925,0.925
150.02,0.00926,0.926
150.03,0.00926,0.926
150.04,0.00926,0.926
150.05,0.00926,0.926
150.06,0.00926,0.926
150.07,0.00926,0.926
150.08,0.00926,0.926
150.09,0.00926,0.926
150.10,0.00926,0.926
150.11,0.00926,0.926
150.11,0.00926,0.926
150.12,0.00926,0.926
150.13,0.00926,0.926
150.14,0.00927,0.927
150.15,0.00927,0.927
150.16,0.00927,0.927
150.17,0.00927,0.927
150.18,0.00927,0.927
150.19,0.00927,0.927
150.20,0.00927,0.927
150.21,0.00927,0.927
150.21,0.00927,0.927
150.22,0.00927,0.927
150.23,0.00927,0.927
150.24,0.00927,0.927
150.25,0.00928,0.928
150.26,0.00928,0.928
150.27,0.00928,0.928
150.28,0.00928,0.928
150.29,0.00928,0.928
150.30,0.00928,0.928
150.31,0.00928,0.928
150.31,0.00928,0.928
150.32,0.00928,0.928
150.33,0.00928,0.928
150.34,0.00928,0.928
150.35,0.00928,0.928
150.36,0.00928,0.928
150.37,0.00929,0.929
150.38,0.00929,0.929
150.39,0.00929,0.929
150.40,0.00929,0.929
150.41,0.00929,0.929
150.41,0.00929,0.929
150.42,0.00929,0.929
150.43,0.00929,0.929
150.44,0.00929,0.929
150.45,0.00929,0.929
150.46,0.00929,0.929
150.47,0.00929,0.929
150.48,0.00930,0.930
150.49,0.00930,0.930
150.50,0.00930,0.930
150.51,0.00930,0.930
150.51,0.00930,0.930
150.52,0.00930,0.930
150.53,0.00930,0.930
150.54,0.00930,0.930
150.55,0.00930,0.930
150.56,0.00930,0.930
150.57,0.00930,0.930
150.58,0.00930,0.930
150.59,0.00930,0.930
150.60,0.00931,0.931
150.60,0.00931,0.931
150.61,0.00931,0.931
150.62,0.00931,0.931
150.63,0.00931,0.931
150.64,0.00931,0.931
150.65,0.00931,0.931
150.66,0.00931,0.931
150.67,0.00931,0.931
150.68,0.00931,0.931
150.69,0.00931,0.931
150.70,0.00931,0.931
150.70,0.00932,0.932
150.71,0.00932,0.932
150.72,0.00932,0.932
150.73,0.00932,0.932
150.74,0.00932,0.932
150.75,0.00932,0.932
150.76,0.00932,0.932
150.77,0.00932,0.932
150.78,0.00932,0.932
150.79,0.00932,0.932
150.80,0.00932,0.932
150.80,0.00932,0.932
150.81,0.00932,0.932
150.82,0.00933,0.933
150.83,0.00933,0.933
150.84,0.00933,0.933
150.85,0.00933,0.933
150.86,0.00933,0.933
150.87,0.00933,0.933
150.88,0.00933,0.933
150.89,0.00933,0.933
150.90,0.00933,0.933
150.90,0.00933,0.933
150.91,0.00933,0.933
150.92,0.00933,0.933
150.93,0.00934,0.934
150.94,0.00934,0.934
150.95,0.00934,0.934
150.96,0.00934,0.934
150.97,0.00934,0.934
150.98,0.00934,0.934
150.99,0.00934,0.934
151.00,0.00934,0.934
151.00,0.00934,0.934
151.01,0.00934,0.934
151.02,0.00934,0.934
151.03,0.00934,0.934
151.04,0.00934,0.934
151.05,0.00935,0.935
151.06,0.00935,0.935
151.07,0.00935,0.935
151.08,0.00935,0.935
151.09,0.00935,0.935
151.10,0.00935,0.935
151.10,0.00935,0.935
151.11,0.00935,0.935
151.12,0.00935,0.935
151.13,0.00935,0.935
151.14,0.00935,0.935
151.15,0.00935,0.935
151.16,0.00936,0.936
151.17,0.00936,0.936
151.18,0.00936,0.936
151.19,0.00936,0.936
151.20,0.00936,0.936
151.20,0.00936,0.936
151.21,0.00936,0.936
151.22,0.00936,0.936
151.23,0.00936,0.936
151.24,0.00936,0.936
151.25,0.00936,0.936
151.26,0.00936,0.936
151.27,0.00937,0.937
151.28,0.00937,0.937
151.29,0.00937,0.937
151.30,0.00937,0.937
151.30,0.00937,0.937
151.31,0.00937,0.937
151.32,0.00937,0.937
151.33,0.00937,0.937
151.34,0.00937,0.937
151.35,0.00937,0.937
151.36,0.00937,0.937
151.37,0.00937,0.937
151.38,0.00937,0.937
151.39,0.00938,0.938
151.40,0.00938,0.938
151.40,0.00938,0.938
151.41,0.00938,0.938
151.42,0.00938,0.938
151.43,0.00938,0.938
151.44,0.00938,0.938
151.45,0.00938,0.938
151.46,0.00938,0.938
151.47,0.00938,0.938
151.48,0.00938,0.938
151.49,0.00938,0.938
151.50,0.00939,0.939
151.50,0.00939,0.939
151.51,0.00939,0.939
151.52,0.00939,0.939
151.53,0.00939,0.939
151.54,0.00939,0.939
151.55,0.00939,0.939
151.56,0.00939,0.939
151.57,0.00939,0.939
151.58,0.00939,0.939
151.59,0.00939,0.939
151.60,0.00939,0.939
151.60,0.00939,0.939
151.61,0.00940,0.940
151.62,0.00940,0.940
151.63,0.00940,0.940
151.64,0.00940,0.940
151.65,0.00940,0.940
151.66,0.00940,0.940
151.67,0.00940,0.940
151.68,0.00940,0.940
151.69,0.00940,0.940
151.70,0.00940,0.940
151.70,0.00940,0.940
151.71,0.00940,0.940
151.72,0.00941,0.941
151.73,0.00941,0.941
151.74,0.00941,0.941
151.75,0.00941,0.941
151.76,0.00941,0.941
151.77,0.00941,0.941
151.78,0.00941,0.941
151.79,0.00941,0.941
151.80,0.00941,0.941
151.80,0.00941,0.941
151.81,0.00941,0.941
151.82,0.00941,0.941
151.83,0.00942,0.942
151.84,0.00942,0.942
151.85,0.00942,0.942
151.86,0.00942,0.942
151.87,0.00942,0.942
151.88,0.00942,0.942
151.89,0.00942,0.942
151.90,0.00942,0.942
151.91,0.00942,0.942
151.91,0.00942,0.942
151.92,0.00942,0.942
151.93,0.00942,0.942
151.94,0.00942,0.942
151.95,0.00943,0.943
151.96,0.00943,0.943
151.97,0.00943,0.943
151.98,0.00943,0.943
151.99,0.00943,0.943
152.00,0.00943,0.943
152.01,0.00943,0.943
152.01,0.00943,0.943
152.02,0.00943,0.943
152.03,0.00943,0.943
152.04,0.00943,0.943
152.05,0.00943,0.943
152.06,0.00944,0.944
152.07,0.00944,0.944
152.08,0.00944,0.944
152.09,0.00944,0.944
152.10,0.00944,0.944
152.11,0.00944,0.944
152.11,0.00944,0.944
152.12,0.00944,0.944
152.13,0.00944,0.944
152.14,0.00944,0.944
152.15,0.00944,0.944
152.16,0.00944,0.944
152.17,0.00945,0.945
152.18,0.00945,0.945
152.19,0.00945,0.945
152.20,0.00945,0.945
152.21,0.00945,0.945
152.21,0.00945,0.945
152.22,0.00945,0.945
152.23,0.00945,0.945
152.24,0.00945,0.945
152.25,0.00945,0.945
152.26,0.00945,0.945
152.27,0.00945,0.945
152.28,0.00946,0.946
152.29,0.00946,0.946
152.30,0.00946,0.946
152.30,0.00946,0.946
152.31,0.00946,0.946
152.32,0.00946,0.946
152.33,0.00946,0.946
152.34,0.00946,0.946
152.35,0.00946,0.946
152.36,0.00946,0.946
152.37,0.00946,0.946
152.38,0.00946,0.946
152.39,0.00946,0.946
152.40,0.00947,0.947
152.40,0.00947,0.947
152.41,0.00947,0.947
152.42,0.00947,0.947
152.43,0.00947,0.947
152.44,0.00947,0.947
152.45,0.00947,0.947
152.46,0.00947,0.947
152.47,0.00947,0.947
152.48,0.00947,0.947
152.49,0.00947,0.947
152.50,0.00947,0.947
152.50,0.00948,0.948
152.51,0.00948,0.948
152.52,0.00948,0.948
152.53,0.00948,0.948
152.54,0.00948,0.948
152.55,0.00948,0.948
152.56,0.00948,0.948
152.57,0.00948,0.948
152.58,0.00948,0.948
152.59,0.00948,0.948
152.59,0.00948,0.948
152.60,0.00948,0.948
152.61,0.00949,0.949
152.62,0.00949,0.949
152.63,0.00949,0.949
152.64,0.00949,0.949
152.65,0.00949,0.949
152.66,0.00949,0.949
152.67,0.00949,0.949
152.68,0.00949,0.949
152.69,0.00949,0.949
152.69,0.00949,0.949
152.70,0.00949,0.949
152.71,0.00949,0.949
152.72,0.00949,0.949
152.73,0.00950,0.950
152.74,0.00950,0.950
152.75,0.00950,0.950
152.76,0.00950,0.950
152.77,0.00950,0.950
152.78,0.00950,0.950
152.79,0.00950,0.950
152.79,0.00950,0.950
152.80,0.00950,0.950
152.81,0.00950,0.950
152.82,0.00950,0.950
152.83,0.00950,0.950
152.84,0.00951,0.951
152.85,0.00951,0.951
152.86,0.00951,0.951
152.87,0.00951,0.951
152.88,0.00951,0.951
152.88,0.00951,0.951
152.89,0.00951,0.951
152.90,0.00951,0.951
152.91,0.00951,0.951
152.92,0.00951,0.951
152.93,0.00951,0.951
152.94,0.00951,0.951
152.95,0.00952,0.952
152.96,0.00952,0.952
152.97,0.00952,0.952
152.98,0.00952,0.952
152.98,0.00952,0.952
152.99,0.00952,0.952
153.00,0.00952,0.952
153.01,0.00952,0.952
153.02,0.00952,0.952
153.03,0.00952,0.952
153.04,0.00952,0.952
153.05,0.00952,0.952
153.06,0.00952,0.952
153.07,0.00953,0.953
153.08,0.00953,0.953
153.08,0.00953,0.953
153.09,0.00953,0.953
153.10,0.00953,0.953
153.11,0.00953,0.953
153.12,0.00953,0.953
153.13,0.00953,0.953
153.14,0.00953,0.953
153.15,0.00953,0.953
153.16,0.00953,0.953
153.17,0.00953,0.953
153.18,0.00954,0.954
153.18,0.00954,0.954
153.19,0.00954,0.954
153.20,0.00954,0.954
153.21,0.00954,0.954
153.22,0.00954,0.954
153.23,0.00954,0.954
153.24,0.00954,0.954
153.25,0.00954,0.954
153.26,0.00954,0.954
153.27,0.00954,0.954
153.28,0.00954,0.954
153.28,0.00955,0.955
153.29,0.00955,0.955
153.30,0.00955,0.955
153.31,0.00955,0.955
153.32,0.00955,0.955
153.33,0.00955,0.955
153.34,0.00955,0.955
153.35,0.00955,0.955
153.36,0.00955,0.955
153.37,0.00955,0.955
153.38,0.00955,0.955
153.38,0.00955,0.955
153.39,0.00956,0.956
153.40,0.00956,0.956
153.41,0.00956,0.956
153.42,0.00956,0.956
153.43,0.00956,0.956
153.44,0.00956,0.956
153.45,0.00956,0.956
153.46,0.00956,0.956
153.47,0.00956,0.956
153.48,0.00956,0.956
153.48,0.00956,0.956
153.49,0.00956,0.956
153.50,0.00956,0.956
153.51,0.00957,0.957
153.52,0.00957,0.957
153.53,0.00957,0.957
153.54,0.00957,0.957
153.55,0.00957,0.957
153.56,0.00957,0.957
153.57,0.00957,0.957
153.58,0.00957,0.957
153.58,0.00957,0.957
153.59,0.00957,0.957
153.60,0.00957,0.957
153.61,0.00957,0.957
153.62,0.00958,0.958
153.63,0.00958,0.958
153.64,0.00958,0.958
153.65,0.00958,0.958
153.66,0.00958,0.958
153.67,0.00958,0.958
153.68,0.00958,0.958
153.68,0.00958,0.958
153.69,0.00958,0.958
153.70,0.00958,0.958
153.71,0.00958,0.958
153.72,0.00958,0.958
153.73,0.00959,0.959
153.74,0.00959,0.959
153.75,0.00959,0.959
153.76,0.00959,0.959
153.77,0.00959,0.959
153.78,0.00959,0.959
153.78,0.00959,0.959
153.79,0.00959,0.959
153.80,0.00959,0.959
153.81,0.00959,0.959
153.82,0.00959,0.959
153.83,0.00959,0.959
153.84,0.00959,0.959
153.85,0.00960,0.960
153.86,0.00960,0.960
153.87,0.00960,0.960
153.88,0.00960,0.960
153.88,0.00960,0.960
153.89,0.00960,0.960
153.90,0.00960,0.960
153.91,0.00960,0.960
153.92,0.00960,0.960
153.93,0.00960,0.960
153.94,0.00960,0.960
153.95,0.00960,0.960
153.96,0.00961,0.961
153.97,0.00961,0.961
153.98,0.00961,0.961
153.98,0.00961,0.961
153.99,0.00961,0.961
154.00,0.00961,0.961
154.01,0.00961,0.961
154.02,0.00961,0.961
154.03,0.00961,0.961
154.04,0.00961,0.961
154.05,0.00961,0.961
154.06,0.00961,0.961
154.07,0.00962,0.962
154.08,0.00962,0.962
154.08,0.00962,0.962
154.09,0.00962,0.962
154.10,0.00962,0.962
154.11,0.00962,0.962
154.12,0.00962,0.962
154.13,0.00962,0.962
154.14,0.00962,0.962
154.15,0.00962,0.962
154.16,0.00962,0.962
154.17,0.00962,0.962
154.18,0.00963,0.963
154.18,0.00963,0.963
154.19,0.00963,0.963
154.20,0.00963,0.963
154.21,0.00963,0.963
154.22,0.00963,0.963
154.23,0.00963,0.963
154.24,0.00963,0.963
154.25,0.00963,0.963
154.26,0.00963,0.963
154.27,0.00963,0.963
154.28,0.00963,0.963
154.28,0.00963,0.963
154.29,0.00964,0.964
154.30,0.00964,0.964
154.31,0.00964,0.964
154.32,0.00964,0.964
154.33,0.00964,0.964
154.34,0.00964,0.964
154.35,0.00964,0.964
154.36,0.00964,0.964
154.37,0.00964,0.964
154.38,0.00964,0.964
154.38,0.00964,0.964
154.39,0.00964,0.964
154.40,0.00965,0.965
154.41,0.00965,0.965
154.42,0.00965,0.965
154.43,0.00965,0.965
154.44,0.00965,0.965
154.45,0.00965,0.965
154.46,0.00965,0.965
154.47,0.00965,0.965
154.48,0.00965,0.965
154.48,0.00965,0.965
154.49,0.00965,0.965
154.50,0.00965,0.965
154.51,0.00966,0.966
154.52,0.00966,0.966
154.53,0.00966,0.966
154.54,0.00966,0.966
154.55,0.00966,0.966
154.56,0.00966,0.966
154.57,0.00966,0.966
154.57,0.00966,0.966
154.58,0.00966,0.966
154.59,0.00966,0.966
154.60,0.00966,0.966
154.61,0.00966,0.966
154.62,0.00966,0.966
154.63,0.00967,0.967
154.64,0.00967,0.967
154.65,0.00967,0.967
154.66,0.00967,0.967
154.67,0.00967,0.967
154.67,0.00967,0.967
154.68,0.00967,0.967
154.69,0.00967,0.967
154.70,0.00967,0.967
154.71,0.00967,0.967
154.72,0.00967,0.967
154.73,0.00967,0.967
154.74,0.00968,0.968
154.75,0.00968,0.968
154.76,0.00968,0.968
154.76,0.00968,0.968
154.77,0.00968,0.968
154.78,0.00968,0.968
154.79,0.00968,0.968
154.80,0.00968,0.968
154.81,0.00968,0.968
154.82,0.00968,0.968
154.83,0.00968,0.968
154.84,0.00968,0.968
154.85,0.00969,0.969
154.86,0.00969,0.969
154.86,0.00969,0.969
154.87,0.00969,0.969
154.88,0.00969,0.969
154.89,0.00969,0.969
154.90,0.00969,0.969
154.91,0.00969,0.969
154.92,0.00969,0.969
154.93,0.00969,0.969
154.94,0.00969,0.969
154.95,0.00969,0.969
154.95,0.00969,0.969
154.96,0.00970,0.970
154.97,0.00970,0.970
154.98,0.00970,0.970
154.99,0.00970,0.970
155.00,0.00970,0.970
155.01,0.00970,0.970
155.02,0.00970,0.970
155.03,0.00970,0.970
155.04,0.00970,0.970
155.05,0.00970,0.970
155.05,0.00970,0.970
155.06,0.00970,0.970
155.07,0.00971,0.971
155.08,0.00971,0.971
155.09,0.00971,0.971
155.10,0.00971,0.971
155.11,0.00971,0.971
155.12,0.00971,0.971
155.13,0.00971,0.971
155.14,0.00971,0.971
155.14,0.00971,0.971
155.15,0.00971,0.971
155.16,0.00971,0.971
155.17,0.00971,0.971
155.18,0.00972,0.972
155.19,0.00972,0.972
155.20,0.00972,0.972
155.21,0.00972,0.972
155.22,0.00972,0.972
155.23,0.00972,0.972
155.24,0.00972,0.972
155.24,0.00972,0.972
155.25,0.00972,0.972
155.26,0.00972,0.972
155.27,0.00972,0.972
155.28,0.00972,0.972
155.29,0.00973,0.973
155.30,0.00973,0.973
155.31,0.00973,0.973
155.32,0.00973,0.973
155.33,0.00973,0.973
155.33,0.00973,0.973
155.34,0.00973,0.973
155.35,0.00973,0.973
155.36,0.00973,0.973
155.37,0.00973,0.973
155.38,0.00973,0.973
155.39,0.00973,0.973
155.40,0.00973,0.973
155.41,0.00974,0.974
155.42,0.00974,0.974
155.43,0.00974,0.974
155.43,0.00974,0.974
155.44,0.00974,0.974
155.45,0.00974,0.974
155.46,0.00974,0.974
155.47,0.00974,0.974
155.48,0.00974,0.974
155.49,0.00974,0.974
155.50,0.00974,0.974
155.51,0.00974,0.974
155.52,0.00975,0.975
155.52,0.00975,0.975
155.53,0.00975,0.975
155.54,0.00975,0.975
155.55,0.00975,0.975
155.56,0.00975,0.975
155.57,0.00975,0.975
155.58,0.00975,0.975
155.59,0.00975,0.975
155.60,0.00975,0.975
155.61,0.00975,0.975
155.62,0.00975,0.975
155.62,0.00976,0.976
155.63,0.00976,0.976
155.64,0.00976,0.976
155.65,0.00976,0.976
155.66,0.00976,0.976
155.67,0.00976,0.976
155.68,0.00976,0.976
155.69,0.00976,0.976
155.70,0.00976,0.976
155.71,0.00976,0.976
155.72,0.00976,0.976
155.72,0.00976,0.976
155.73,0.00977,0.977
155.74,0.00977,0.977
155.75,0.00977,0.977
155.76,0.00977,0.977
155.77,0.00977,0.977
155.78,0.00977,0.977
155.79,0.00977,0.977
155.80,0.00977,0.977
155.81,0.00977,0.977
155.81,0.00977,0.977
155.82,0.00977,0.977
155.83,0.00977,0.977
155.84,0.00978,0.978
155.85,0.00978,0.978
155.86,0.00978,0.978
155.87,0.00978,0.978
155.88,0.00978,0.978
155.89,0.00978,0.978
155.90,0.00978,0.978
155.91,0.00978,0.978
155.91,0.00978,0.978
155.92,0.00978,0.978
155.93,0.00978,0.978
155.94,0.00978,0.978
155.95,0.00979,0.979
155.96,0.00979,0.979
155.97,0.00979,0.979
155.98,0.00979,0.979
155.99,0.00979,0.979
156.00,0.00979,0.979
156.00,0.00979,0.979
156.01,0.00979,0.979
156.02,0.00979,0.979
156.03,0.00979,0.979
156.04,0.00979,0.979
156.05,0.00979,0.979
156.06,0.00979,0.979
156.07,0.00980,0.980
156.08,0.00980,0.980
156.09,0.00980,0.980
156.10,0.00980,0.980
156.10,0.00980,0.980
156.11,0.00980,0.980
156.12,0.00980,0.980
156.13,0.00980,0.980
156.14,0.00980,0.980
156.15,0.00980,0.980
156.16,0.00980,0.980
156.17,0.00980,0.980
156.18,0.00981,0.981
156.19,0.00981,0.981
156.19,0.00981,0.981
156.20,0.00981,0.981
156.21,0.00981,0.981
156.22,0.00981,0.981
156.23,0.00981,0.981
156.24,0.00981,0.981
156.25,0.00981,0.981
156.26,0.00981,0.981
156.27,0.00981,0.981
156.28,0.00981,0.981
156.28,0.00982,0.982
156.29,0.00982,0.982
156.30,0.00982,0.982
156.31,0.00982,0.982
156.32,0.00982,0.982
156.33,0.00982,0.982
156.34,0.00982,0.982
156.35,0.00982,0.982
156.36,0.00982,0.982
156.37,0.00982,0.982
156.37,0.00982,0.982
156.38,0.00982,0.982
156.39,0.00983,0.983
156.40,0.00983,0.983
156.41,0.00983,0.983
156.42,0.00983,0.983
156.43,0.00983,0.983
156.44,0.00983,0.983
156.45,0.00983,0.983
156.46,0.00983,0.983
156.46,0.00983,0.983
156.47,0.00983,0.983
156.48,0.00983,0.983
156.49,0.00983,0.983
156.50,0.00983,0.983
156.51,0.00984,0.984
156.52,0.00984,0.984
156.53,0.00984,0.984
156.54,0.00984,0.984
156.55,0.00984,0.984
156.55,0.00984,0.984
156.56,0.00984,0.984
156.57,0.00984,0.984
156.58,0.00984,0.984
156.59,0.00984,0.984
156.60,0.00984,0.984
156.61,0.00984,0.984
156.62,0.00985,0.985
156.63,0.00985,0.985
156.64,0.00985,0.985
156.64,0.00985,0.985
156.65,0.00985,0.985
156.66,0.00985,0.985
156.67,0.00985,0.985
156.68,0.00985,0.985
156.69,0.00985,0.985
156.70,0.00985,0.985
156.71,0.00985,0.985
156.72,0.00985,0.985
156.73,0.00986,0.986
156.73,0.00986,0.986
156.74,0.00986,0.986
156.75,0.00986,0.986
156.76,0.00986,0.986
156.77,0.00986,0.986
156.78,0.00986,0.986
156.79,0.00986,0.986
156.80,0.00986,0.986
156.81,0.00986,0.986
156.82,0.00986,0.986
156.82,0.00986,0.986
156.83,0.00986,0.986
156.84,0.00987,0.987
156.85,0.00987,0.987
156.86,0.00987,0.987
156.87,0.00987,0.987
156.88,0.00987,0.987
156.89,0.00987,0.987
156.90,0.00987,0.987
156.91,0.00987,0.987
156.91,0.00987,0.987
156.92,0.00987,0.987
156.93,0.00987,0.987
156.94,0.00987,0.987
156.95,0.00988,0.988
156.96,0.00988,0.988
156.97,0.00988,0.988
156.98,0.00988,0.988
156.99,0.00988,0.988
157.00,0.00988,0.988
157.00,0.00988,0.988
157.01,0.00988,0.988
157.02,0.00988,0.988
157.03,0.00988,0.988
157.04,0.00988,0.988
157.05,0.00988,0.988
157.06,0.00989,0.989
157.07,0.00989,0.989
157.08,0.00989,0.989
157.09,0.00989,0.989
157.09,0.00989,0.989
157.10,0.00989,0.989
157.11,0.00989,0.989
157.12,0.00989,0.989
157.13,0.00989,0.989
157.14,0.00989,0.989
157.15,0.00989,0.989
157.16,0.00989,0.989
157.17,0.00989,0.989
157.17,0.00990,0.990
157.18,0.00990,0.990
157.19,0.00990,0.990
157.20,0.00990,0.990
157.21,0.00990,0.990
157.22,0.00990,0.990
157.23,0.00990,0.990
157.24,0.00990,0.990
157.25,0.00990,0.990
157.26,0.00990,0.990
157.26,0.00990,0.990
157.27,0.00990,0.990
157.28,0.00991,0.991
157.29,0.00991,0.991
157.30,0.00991,0.991
157.31,0.00991,0.991
157.32,0.00991,0.991
157.33,0.00991,0.991
157.34,0.00991,0.991
157.35,0.00991,0.991
157.35,0.00991,0.991
157.36,0.00991,0.991
157.37,0.00991,0.991
157.38,0.00991,0.991
157.39,0.00991,0.991
157.40,0.00992,0.992
157.41,0.00992,0.992
157.42,0.00992,0.992
157.43,0.00992,0.992
157.44,0.00992,0.992
157.44,0.00992,0.992
157.45,0.00992,0.992
157.46,0.00992,0.992
157.47,0.00992,0.992
157.48,0.00992,0.992
157.49,0.00992,0.992
157.50,0.00992,0.992
157.51,0.00993,0.993
157.52,0.00993,0.993
157.53,0.00993,0.993
157.53,0.00993,0.993
157.54,0.00993,0.993
157.55,0.00993,0.993
157.56,0.00993,0.993
157.57,0.00993,0.993
157.58,0.00993,0.993
157.59,0.00993,0.993
157.60,0.00993,0.993
157.61,0.00993,0.993
157.62,0.00994,0.994
157.62,0.00994,0.994
157.63,0.00994,0.994
157.64,0.00994,0.994
157.65,0.00994,0.994
157.66,0.00994,0.994
157.67,0.00994,0.994
157.68,0.00994,0.994
157.69,0.00994,0.994
157.70,0.00994,0.994
157.71,0.00994,0.994
157.71,0.00994,0.994
157.72,0.00994,0.994
157.73,0.00995,0.995
157.74,0.00995,0.995
157.75,0.00995,0.995
157.76,0.00995,0.995
157.77,0.00995,0.995
157.78,0.00995,0.995
157.79,0.00995,0.995
157.80,0.00995,0.995
157.80,0.00995,0.995
157.81,0.00995,0.995
157.82,0.00995,0.995
157.83,0.00995,0.995
157.84,0.00996,0.996
157.85,0.00996,0.996
157.86,0.00996,0.996
157.87,0.00996,0.996
157.88,0.00996,0.996
157.89,0.00996,0.996
157.89,0.00996,0.996
157.90,0.00996,0.996
157.91,0.00996,0.996
157.92,0.00996,0.996
157.93,0.00996,0.996
157.94,0.00996,0.996
157.95,0.00997,0.997
157.96,0.00997,0.997
157.97,0.00997,0.997
157.98,0.00997,0.997
157.98,0.00997,0.997
157.99,0.00997,0.997
158.00,0.00997,0.997
158.01,0.00997,0.997
158.02,0.00997,0.997
158.03,0.00997,0.997
158.04,0.00997,0.997
158.05,0.00997,0.997
158.06,0.00997,0.997
158.07,0.00998,0.998
158.07,0.00998,0.998
158.08,0.00998,0.998
158.09,0.00998,0.998
158.10,0.00998,0.998
158.11,0.00998,0.998
158.12,0.00998,0.998
158.13,0.00998,0.998
158.14,0.00998,0.998
158.15,0.00998,0.998
158.15,0.00998,0.998
158.16,0.00998,0.998
158.17,0.00999,0.999
158.18,0.00999,0.999
158.19,0.00999,0.999
158.20,0.00999,0.999
158.21,0.00999,0.999
158.22,0.00999,0.999
158.23,0.00999,0.999
158.24,0.00999,0.999
158.24,0.00999,0.999
158.25,0.00999,0.999
158.26,0.00999,0.999
158.27,0.00999,0.999
158.28,0.01000,1.000
158.29,0.01000,1.000
158.30,0.01000,1.000
158.31,0.01000,1.000
158.32,0.01000,1.000
158.33,0.01000,1.000
158.33,0.01000,1.000
158.34,0.01000,1.000
158.35,0.01000,1.000
158.36,0.01000,1.000
158.37,0.01000,1.000
158.38,0.01000,1.000
158.39,0.01000,1.000
158.40,0.01001,1.001
158.41,0.01001,1.001
158.42,0.01001,1.001
158.42,0.01001,1.001
158.43,0.01001,1.001
158.44,0.01001,1.001
158.45,0.01001,1.001
158.46,0.01001,1.001
158.47,0.01001,1.001
158.48,0.01001,1.001
158.49,0.01001,1.001
158.50,0.01001,1.001
158.50,0.01002,1.002
158.51,0.01002,1.002
158.52,0.01002,1.002
158.53,0.01002,1.002
158.54,0.01002,1.002
158.55,0.01002,1.002
158.56,0.01002,1.002
158.57,0.01002,1.002
158.58,0.01002,1.002
158.59,0.01002,1.002
158.59,0.01002,1.002
158.60,0.01002,1.002
158.61,0.01003,1.003
158.62,0.01003,1.003
158.63,0.01003,1.003
158.64,0.01003,1.003
158.65,0.01003,1.003
158.66,0.01003,1.003
158.67,0.01003,1.003
158.68,0.01003,1.003
158.68,0.01003,1.003
158.69,0.01003,1.003
158.70,0.01003,1.003
158.71,0.01003,1.003
158.72,0.01003,1.003
158.73,0.01004,1.004
158.74,0.01004,1.004
158.75,0.01004,1.004
158.76,0.01004,1.004
158.76,0.01004,1.004
158.77,0.01004,1.004
158.78,0.01004,1.004
158.79,0.01004,1.004
158.80,0.01004,1.004
158.81,0.01004,1.004
158.82,0.01004,1.004
158.83,0.01004,1.004
158.84,0.01005,1.005
158.85,0.01005,1.005
158.85,0.01005,1.005
158.86,0.01005,1.005
158.87,0.01005,1.005
158.88,0.01005,1.005
158.89,0.01005,1.005
158.90,0.01005,1.005
158.91,0.01005,1.005
158.92,0.01005,1.005
158.93,0.01005,1.005
158.93,0.01005,1.005
158.94,0.01006,1.006
158.95,0.01006,1.006
158.96,0.01006,1.006
158.97,0.01006,1.006
158.98,0.01006,1.006
158.99,0.01006,1.006
159.00,0.01006,1.006
159.01,0.01006,1.006
159.02,0.01006,1.006
159.02,0.01006,1.006
159.03,0.01006,1.006
159.04,0.01006,1.006
159.05,0.01006,1.006
159.06,0.01007,1.007
159.07,0.01007,1.007
159.08,0.01007,1.007
159.09,0.01007,1.007
159.10,0.01007,1.007
159.10,0.01007,1.007
159.11,0.01007,1.007
159.12,0.01007,1.007
159.13,0.01007,1.007
159.14,0.01007,1.007
159.15,0.01007,1.007
159.16,0.01007,1.007
159.17,0.01008,1.008
159.18,0.01008,1.008
159.19,0.01008,1.008
159.19,0.01008,1.008
159.20,0.01008,1.008
159.21,0.01008,1.008
159.22,0.01008,1.008
159.23,0.01008,1.008
159.24,0.01008,1.008
159.25,0.01008,1.008
159.26,0.01008,1.008
159.27,0.01008,1.008
159.27,0.01009,1.009
159.28,0.01009,1.009
159.29,0.01009,1.009
159.30,0.01009,1.009
159.31,0.01009,1.009
159.32,0.01009,1.009
159.33,0.01009,1.009
159.34,0.01009,1.009
159.35,0.01009,1.009
159.36,0.01009,1.009
159.36,0.01009,1.009
159.37,0.01009,1.009
159.38,0.01009,1.009
159.39,0.01010,1.010
159.40,0.01010,1.010
159.41,0.01010,1.010
159.42,0.01010,1.010
159.43,0.01010,1.010
159.44,0.01010,1.010
159.44,0.01010,1.010
159.45,0.01010,1.010
159.46,0.01010,1.010
159.47,0.01010,1.010
159.48,0.01010,1.010
159.49,0.01010,1.010
159.50,0.01011,1.011
159.51,0.01011,1.011
159.52,0.01011,1.011
159.53,0.01011,1.011
159.53,0.01011,1.011
159.54,0.01011,1.011
159.55,0.01011,1.011
159.56,0.01011,1.011
159.57,0.01011,1.011
159.58,0.01011,1.011
159.59,0.01011,1.011
159.60,0.01011,1.011
159.61,0.01012,1.012
159.61,0.01012,1.012
159.62,0.01012,1.012
159.63,0.01012,1.012
159.64,0.01012,1.012
159.65,0.01012,1.012
159.66,0.01012,1.012
159.67,0.01012,1.012
159.68,0.01012,1.012
159.69,0.01012,1.012
159.69,0.01012,1.012
159.70,0.01012,1.012
159.71,0.01012,1.012
159.72,0.01013,1.013
159.73,0.01013,1.013
159.74,0.01013,1.013
159.75,0.01013,1.013
159.76,0.01013,1.013
159.77,0.01013,1.013
159.78,0.01013,1.013
159.78,0.01013,1.013
159.79,0.01013,1.013
159.80,0.01013,1.013
159.81,0.01013,1.013
159.82,0.01013,1.013
159.83,0.01014,1.014
159.84,0.01014,1.014
159.85,0.01014,1.014
159.86,0.01014,1.014
159.86,0.01014,1.014
159.87,0.01014,1.014
159.88,0.01014,1.014
159.89,0.01014,1.014
159.90,0.01014,1.014
159.91,0.01014,1.014
159.92,0.01014,1.014
159.93,0.01014,1.014
159.94,0.01015,1.015
159.95,0.01015,1.015
159.95,0.01015,1.015
159.96,0.01015,1.015
159.97,0.01015,1.015
159.98,0.01015,1.015
159.99,0.01015,1.015
160.00,0.01015,1.015
160.01,0.01015,1.015
160.02,0.01015,1.015
160.03,0.01015,1.015
160.04,0.01015,1.015
160.04,0.01015,1.015
160.05,0.01016,1.016
160.06,0.01016,1.016
160.07,0.01016,1.016
160.08,0.01016,1.016
160.09,0.01016,1.016
160.10,0.01016,1.016
160.11,0.01016,1.016
160.12,0.01016,1.016
160.12,0.01016,1.016
160.13,0.01016,1.016
160.14,0.01016,1.016
160.15,0.01016,1.016
160.16,0.01017,1.017
160.17,0.01017,1.017
160.18,0.01017,1.017
160.19,0.01017,1.017
160.20,0.01017,1.017
160.21,0.01017,1.017
160.21,0.01017,1.017
160.22,0.01017,1.017
160.23,0.01017,1.017
160.24,0.01017,1.017
160.25,0.01017,1.017
160.26,0.01017,1.017
160.27,0.01018,1.018
160.28,0.01018,1.018
160.29,0.01018,1.018
160.30,0.01018,1.018
160.30,0.01018,1.018
160.31,0.01018,1.018
160.32,0.01018,1.018
160.33,0.01018,1.018
160.34,0.01018,1.018
160.35,0.01018,1.018
160.36,0.01018,1.018
160.37,0.01018,1.018
160.38,0.01018,1.018
160.38,0.01019,1.019
160.39,0.01019,1.019
160.40,0.01019,1.019
160.41,0.01019,1.019
160.42,0.01019,1.019
160.43,0.01019,1.019
160.44,0.01019,1.019
160.45,0.01019,1.019
160.46,0.01019,1.019
160.47,0.01019,1.019
160.47,0.01019,1.019
160.48,0.01019,1.019
160.49,0.01020,1.020
160.50,0.01020,1.020
160.51,0.01020,1.020
160.52,0.01020,1.020
160.53,0.01020,1.020
160.54,0.01020,1.020
160.55,0.01020,1.020
160.56,0.01020,1.020
160.56,0.01020,1.020
160.57,0.01020,1.020
160.58,0.01020,1.020
160.59,0.01020,1.020
160.60,0.01021,1.021
160.61,0.01021,1.021
160.62,0.01021,1.021
160.63,0.01021,1.021
160.64,0.01021,1.021
160.64,0.01021,1.021
160.65,0.01021,1.021
160.66,0.01021,1.021
160.67,0.01021,1.021
160.68,0.01021,1.021
160.69,0.01021,1.021
160.70,0.01021,1.021
160.71,0.01022,1.022
160.72,0.01022,1.022
160.73,0.01022,1.022
160.73,0.01022,1.022
160.74,0.01022,1.022
160.75,0.01022,1.022
160.76,0.01022,1.022
160.77,0.01022,1.022
160.78,0.01022,1.022
160.79,0.01022,1.022
160.80,0.01022,1.022
160.81,0.01022,1.022
160.82,0.01022,1.022
160.82,0.01023,1.023
160.83,0.01023,1.023
160.84,0.01023,1.023
160.85,0.01023,1.023
160.86,0.01023,1.023
160.87,0.01023,1.023
160.88,0.01023,1.023
160.89,0.01023,1.023
160.90,0.01023,1.023
160.90,0.01023,1.023
160.91,0.01023,1.023
160.92,0.01023,1.023
160.93,0.01024,1.024
160.94,0.01024,1.024
160.95,0.01024,1.024
160.96,0.01024,1.024
160.97,0.01024,1.024
160.98,0.01024,1.024
160.98,0.01024,1.024
160.99,0.01024,1.024
161.00,0.01024,1.024
161.01,0.01024,1.024
161.02,0.01024,1.024
161.03,0.01024,1.024
161.04,0.01025,1.025
161.05,0.01025,1.025
161.06,0.01025,1.025
161.07,0.01025,1.025
161.07,0.01025,1.025
161.08,0.01025,1.025
161.09,0.01025,1.025
161.10,0.01025,1.025
161.11,0.01025,1.025
161.12,0.01025,1.025
161.13,0.01025,1.025
161.14,0.01025,1.025
161.15,0.01026,1.026
161.15,0.01026,1.026
161.16,0.01026,1.026
161.17,0.01026,1.026
161.18,0.01026,1.026
161.19,0.01026,1.026
161.20,0.01026,1.026
161.21,0.01026,1.026
161.22,0.01026,1.026
161.23,0.01026,1.026
161.24,0.01026,1.026
161.24,0.01026,1.026
161.25,0.01026,1.026
161.26,0.01027,1.027
161.27,0.01027,1.027
161.28,0.01027,1.027
161.29,0.01027,1.027
161.30,0.01027,1.027
161.31,0.01027,1.027
161.32,0.01027,1.027
161.32,0.01027,1.027
161.33,0.01027,1.027
161.34,0.01027,1.027
161.35,0.01027,1.027
161.36,0.01027,1.027
161.37,0.01028,1.028
161.38,0.01028,1.028
161.39,0.01028,1.028
161.40,0.01028,1.028
161.40,0.01028,1.028
161.41,0.01028,1.028
161.42,0.01028,1.028
161.43,0.01028,1.028
161.44,0.01028,1.028
161.45,0.01028,1.028
161.46,0.01028,1.028
161.47,0.01028,1.028
161.48,0.01029,1.029
161.48,0.01029,1.029
161.49,0.01029,1.029
161.50,0.01029,1.029
161.51,0.01029,1.029
161.52,0.01029,1.029
161.53,0.01029,1.029
161.54,0.01029,1.029
161.55,0.01029,1.029
161.56,0.01029,1.029
161.57,0.01029,1.029
161.57,0.01029,1.029
161.58,0.01029,1.029
161.59,0.01030,1.030
161.60,0.01030,1.030
161.61,0.01030,1.030
161.62,0.01030,1.030
161.63,0.01030,1.030
161.64,0.01030,1.030
161.65,0.01030,1.030
161.65,0.01030,1.030
161.66,0.01030,1.030
161.67,0.01030,1.030
161.68,0.01030,1.030
161.69,0.01030,1.030
161.70,0.01031,1.031
161.71,0.01031,1.031
161.72,0.01031,1.031
161.73,0.01031,1.031
161.73,0.01031,1.031
161.74,0.01031,1.031
161.75,0.01031,1.031
161.76,0.01031,1.031
161.77,0.01031,1.031
161.78,0.01031,1.031
161.79,0.01031,1.031
161.80,0.01031,1.031
161.81,0.01032,1.032
161.82,0.01032,1.032
161.82,0.01032,1.032
161.83,0.01032,1.032
161.84,0.01032,1.032
161.85,0.01032,1.032
161.86,0.01032,1.032
161.87,0.01032,1.032
161.88,0.01032,1.032
161.89,0.01032,1.032
161.90,0.01032,1.032
161.90,0.01032,1.032
161.91,0.01032,1.032
161.92,0.01033,1.033
161.93,0.01033,1.033
161.94,0.01033,1.033
161.95,0.01033,1.033
161.96,0.01033,1.033
161.97,0.01033,1.033
161.98,0.01033,1.033
161.99,0.01033,1.033
161.99,0.01033,1.033
162.00,0.01033,1.033
162.01,0.01033,1.033
162.02,0.01033,1.033
162.03,0.01034,1.034
162.04,0.01034,1.034
162.05,0.01034,1.034
162.06,0.01034,1.034
162.07,0.01034,1.034
162.07,0.01034,1.034
162.08,0.01034,1.034
162.09,0.01034,1.034
162.10,0.01034,1.034
162.11,0.01034,1.034
162.12,0.01034,1.034
162.13,0.01034,1.034
162.14,0.01035,1.035
162.15,0.01035,1.035
162.16,0.01035,1.035
162.16,0.01035,1.035
162.17,0.01035,1.035
162.18,0.01035,1.035
162.19,0.01035,1.035
162.20,0.01035,1.035
162.21,0.01035,1.035
162.22,0.01035,1.035
162.23,0.01035,1.035
162.24,0.01035,1.035
162.24,0.01035,1.035
162.25,0.01036,1.036
162.26,0.01036,1.036
162.27,0.01036,1.036
162.28,0.01036,1.036
162.29,0.01036,1.036
162.30,0.01036,1.036
162.31,0.01036,1.036
162.32,0.01036,1.036
162.33,0.01036,1.036
162.33,0.01036,1.036
162.34,0.01036,1.036
162.35,0.01036,1.036
162.36,0.01037,1.037
162.37,0.01037,1.037
162.38,0.01037,1.037
162.39,0.01037,1.037
162.40,0.01037,1.037
162.41,0.01037,1.037
162.42,0.01037,1.037
162.42,0.01037,1.037
162.43,0.01037,1.037
162.44,0.01037,1.037
162.45,0.01037,1.037
162.46,0.01037,1.037
162.47,0.01038,1.038
162.48,0.01038,1.038
162.49,0.01038,1.038
162.50,0.01038,1.038
162.50,0.01038,1.038
162.51,0.01038,1.038
162.52,0.01038,1.038
162.53,0.01038,1.038
162.54,0.01038,1.038
162.55,0.01038,1.038
162.56,0.01038,1.038
162.57,0.01038,1.038
162.58,0.01039,1.039
162.59,0.01039,1.039
162.59,0.01039,1.039
162.60,0.01039,1.039
162.61,0.01039,1.039
162.62,0.01039,1.039
162.63,0.01039,1.039
162.64,0.01039,1.039
162.65,0.01039,1.039
162.66,0.01039,1.039
162.67,0.01039,1.039
162.67,0.01039,1.039
162.68,0.01039,1.039
162.69,0.01040,1.040
162.70,0.01040,1.040
162.71,0.01040,1.040
162.72,0.01040,1.040
162.73,0.01040,1.040
162.74,0.01040,1.040
162.75,0.01040,1.040
162.76,0.01040,1.040
162.76,0.01040,1.040
162.77,0.01040,1.040
162.78,0.01040,1.040
162.79,0.01040,1.040
162.80,0.01041,1.041
162.81,0.01041,1.041
162.82,0.01041,1.041
162.83,0.01041,1.041
162.84,0.01041,1.041
162.84,0.01041,1.041
162.85,0.01041,1.041
162.86,0.01041,1.041
162.87,0.01041,1.041
162.88,0.01041,1.041
162.89,0.01041,1.041
162.90,0.01041,1.041
162.91,0.01041,1.041
162.92,0.01042,1.042
162.92,0.01042,1.042
162.93,0.01042,1.042
162.94,0.01042,1.042
162.95,0.01042,1.042
162.96,0.01042,1.042
162.97,0.01042,1.042
162.98,0.01042,1.042
162.99,0.01042,1.042
163.00,0.01042,1.042
163.01,0.01042,1.042
163.01,0.01042,1.042
163.02,0.01043,1.043
163.03,0.01043,1.043
163.04,0.01043,1.043
163.05,0.01043,1.043
163.06,0.01043,1.043
163.07,0.01043,1.043
163.08,0.01043,1.043
163.09,0.01043,1.043
163.09,0.01043,1.043
163.10,0.01043,1.043
163.11,0.01043,1.043
163.12,0.01043,1.043
163.13,0.01044,1.044
163.14,0.01044,1.044
163.15,0.01044,1.044
163.16,0.01044,1.044
163.17,0.01044,1.044
163.17,0.01044,1.044
163.18,0.01044,1.044
163.19,0.01044,1.044
163.20,0.01044,1.044
163.21,0.01044,1.044
163.22,0.01044,1.044
163.23,0.01044,1.044
163.24,0.01044,1.044
163.25,0.01045,1.045
163.25,0.01045,1.045
163.26,0.01045,1.045
163.27,0.01045,1.045
163.28,0.01045,1.045
163.29,0.01045,1.045
163.30,0.01045,1.045
163.31,0.01045,1.045
163.32,0.01045,1.045
163.33,0.01045,1.045
163.33,0.01045,1.045
163.34,0.01045,1.045
163.35,0.01046,1.046
163.36,0.01046,1.046
163.37,0.01046,1.046
163.38,0.01046,1.046
163.39,0.01046,1.046
163.40,0.01046,1.046
163.41,0.01046,1.046
163.42,0.01046,1.046
163.42,0.01046,1.046
163.43,0.01046,1.046
163.44,0.01046,1.046
163.45,0.01046,1.046
163.46,0.01047,1.047
163.47,0.01047,1.047
163.48,0.01047,1.047
163.49,0.01047,1.047
163.50,0.01047,1.047
163.50,0.01047,1.047
163.51,0.01047,1.047
163.52,0.01047,1.047
163.53,0.01047,1.047
163.54,0.01047,1.047
163.55,0.01047,1.047
163.56,0.01047,1.047
163.57,0.01047,1.047
163.58,0.01048,1.048
163.58,0.01048,1.048
163.59,0.01048,1.048
163.60,0.01048,1.048
163.61,0.01048,1.048
163.62,0.01048,1.048
163.63,0.01048,1.048
163.64,0.01048,1.048
163.65,0.01048,1.048
163.66,0.01048,1.048
163.67,0.01048,1.048
163.67,0.01048,1.048
163.68,0.01049,1.049
163.69,0.01049,1.049
163.70,0.01049,1.049
163.71,0.01049,1.049
163.72,0.01049,1.049
163.73,0.01049,1.049
163.74,0.01049,1.049
163.75,0.01049,1.049
163.75,0.01049,1.049
163.76,0.01049,1.049
163.77,0.01049,1.049
163.78,0.01049,1.049
163.79,0.01050,1.050
163.80,0.01050,1.050
163.81,0.01050,1.050
163.82,0.01050,1.050
163.83,0.01050,1.050
163.84,0.01050,1.050
163.84,0.01050,1.050
163.85,0.01050,1.050
163.86,0.01050,1.050
163.87,0.01050,1.050
163.88,0.01050,1.050
163.89,0.01050,1.050
163.90,0.01050,1.050
163.91,0.01051,1.051
163.92,0.01051,1.051
163.92,0.01051,1.051
163.93,0.01051,1.051
163.94,0.01051,1.051
163.95,0.01051,1.051
163.96,0.01051,1.051
163.97,0.01051,1.051
163.98,0.01051,1.051
163.99,0.01051,1.051
164.00,0.01051,1.051
164.01,0.01051,1.051
164.01,0.01052,1.052
164.02,0.01052,1.052
164.03,0.01052,1.052
164.04,0.01052,1.052
164.05,0.01052,1.052
164.06,0.01052,1.052
164.07,0.01052,1.052
164.08,0.01052,1.052
164.09,0.01052,1.052
164.10,0.01052,1.052
164.10,0.01052,1.052
164.11,0.01052,1.052
164.12,0.01053,1.053
164.13,0.01053,1.053
164.14,0.01053,1.053
164.15,0.01053,1.053
164.16,0.01053,1.053
164.17,0.01053,1.053
164.18,0.01053,1.053
164.18,0.01053,1.053
164.19,0.01053,1.053
164.20,0.01053,1.053
164.21,0.01053,1.053
164.22,0.01053,1.053
164.23,0.01054,1.054
164.24,0.01054,1.054
164.25,0.01054,1.054
164.26,0.01054,1.054
164.27,0.01054,1.054
164.27,0.01054,1.054
164.28,0.01054,1.054
164.29,0.01054,1.054
164.30,0.01054,1.054
164.31,0.01054,1.054
164.32,0.01054,1.054
164.33,0.01054,1.054
164.34,0.01055,1.055
164.35,0.01055,1.055
164.35,0.01055,1.055
164.36,0.01055,1.055
164.37,0.01055,1.055
164.38,0.01055,1.055
164.39,0.01055,1.055
164.40,0.01055,1.055
164.41,0.01055,1.055
164.42,0.01055,1.055
164.43,0.01055,1.055
164.44,0.01055,1.055
164.44,0.01055,1.055
164.45,0.01056,1.056
164.46,0.01056,1.056
164.47,0.01056,1.056
164.48,0.01056,1.056
164.49,0.01056,1.056
164.50,0.01056,1.056
164.51,0.01056,1.056
164.52,0.01056,1.056
164.52,0.01056,1.056
164.53,0.01056,1.056
164.54,0.01056,1.056
164.55,0.01056,1.056
164.56,0.01057,1.057
164.57,0.01057,1.057
164.58,0.01057,1.057
164.59,0.01057,1.057
164.60,0.01057,1.057
164.60,0.01057,1.057
164.61,0.01057,1.057
164.62,0.01057,1.057
164.63,0.01057,1.057
164.64,0.01057,1.057
164.65,0.01057,1.057
164.66,0.01057,1.057
164.67,0.01058,1.058
164.68,0.01058,1.058
164.69,0.01058,1.058
164.69,0.01058,1.058
164.70,0.01058,1.058
164.71,0.01058,1.058
164.72,0.01058,1.058
164.73,0.01058,1.058
164.74,0.01058,1.058
164.75,0.01058,1.058
164.76,0.01058,1.058
164.77,0.01058,1.058
164.77,0.01059,1.059
164.78,0.01059,1.059
164.79,0.01059,1.059
164.80,0.01059,1.059
164.81,0.01059,1.059
164.82,0.01059,1.059
164.83,0.01059,1.059
164.84,0.01059,1.059
164.85,0.01059,1.059
164.85,0.01059,1.059
164.86,0.01059,1.059
164.87,0.01059,1.059
164.88,0.01060,1.060
164.89,0.01060,1.060
164.90,0.01060,1.060
164.91,0.01060,1.060
164.92,0.01060,1.060
164.93,0.01060,1.060
164.94,0.01060,1.060
164.94,0.01060,1.060
164.95,0.01060,1.060
164.96,0.01060,1.060
164.97,0.01060,1.060
164.98,0.01060,1.060
164.99,0.01060,1.060
165.00,0.01061,1.061
165.01,0.01061,1.061
165.02,0.01061,1.061
165.02,0.01061,1.061
165.03,0.01061,1.061
165.04,0.01061,1.061
165.05,0.01061,1.061
165.06,0.01061,1.061
165.07,0.01061,1.061
165.08,0.01061,1.061
165.09,0.01061,1.061
165.10,0.01061,1.061
165.10,0.01062,1.062
165.11,0.01062,1.062
165.12,0.01062,1.062
165.13,0.01062,1.062
165.14,0.01062,1.062
165.15,0.01062,1.062
165.16,0.01062,1.062
165.17,0.01062,1.062
165.18,0.01062,1.062
165.18,0.01062,1.062
165.19,0.01062,1.062
165.20,0.01062,1.062
165.21,0.01063,1.063
165.22,0.01063,1.063
165.23,0.01063,1.063
165.24,0.01063,1.063
165.25,0.01063,1.063
165.26,0.01063,1.063
165.27,0.01063,1.063
165.27,0.01063,1.063
165.28,0.01063,1.063
165.29,0.01063,1.063
165.30,0.01063,1.063
165.31,0.01063,1.063
165.32,0.01064,1.064
165.33,0.01064,1.064
165.34,0.01064,1.064
165.35,0.01064,1.064
165.35,0.01064,1.064
165.36,0.01064,1.064
165.37,0.01064,1.064
165.38,0.01064,1.064
165.39,0.01064,1.064
165.40,0.01064,1.064
165.41,0.01064,1.064
165.42,0.01064,1.064
165.43,0.01064,1.064
165.43,0.01065,1.065
165.44,0.01065,1.065
165.45,0.01065,1.065
165.46,0.01065,1.065
165.47,0.01065,1.065
165.48,0.01065,1.065
165.49,0.01065,1.065
165.50,0.01065,1.065
165.51,0.01065,1.065
165.52,0.01065,1.065
165.52,0.01065,1.065
165.53,0.01065,1.065
165.54,0.01066,1.066
165.55,0.01066,1.066
165.56,0.01066,1.066
165.57,0.01066,1.066
165.58,0.01066,1.066
165.59,0.01066,1.066
165.60,0.01066,1.066
165.60,0.01066,1.066
165.61,0.01066,1.066
165.62,0.01066,1.066
165.63,0.01066,1.066
165.64,0.01066,1.066
165.65,0.01067,1.067
165.66,0.01067,1.067
165.67,0.01067,1.067
165.68,0.01067,1.067
165.69,0.01067,1.067
165.69,0.01067,1.067
165.70,0.01067,1.067
165.71,0.01067,1.067
165.72,0.01067,1.067
165.73,0.01067,1.067
165.74,0.01067,1.067
165.75,0.01067,1.067
165.76,0.01068,1.068
165.77,0.01068,1.068
165.77,0.01068,1.068
165.78,0.01068,1.068
165.79,0.01068,1.068
165.80,0.01068,1.068
165.81,0.01068,1.068
165.82,0.01068,1.068
165.83,0.01068,1.068
165.84,0.01068,1.068
165.85,0.01068,1.068
165.86,0.01068,1.068
165.86,0.01068,1.068
165.87,0.01069,1.069
165.88,0.01069,1.069
165.89,0.01069,1.069
165.90,0.01069,1.069
165.91,0.01069,1.069
165.92,0.01069,1.069
165.93,0.01069,1.069
165.94,0.01069,1.069
165.94,0.01069,1.069
165.95,0.01069,1.069
165.96,0.01069,1.069
165.97,0.01069,1.069
165.98,0.01070,1.070
165.99,0.01070,1.070
166.00,0.01070,1.070
166.01,0.01070,1.070
166.02,0.01070,1.070
166.03,0.01070,1.070
166.03,0.01070,1.070
166.04,0.01070,1.070
166.05,0.01070,1.070
166.06,0.01070,1.070
166.07,0.01070,1.070
166.08,0.01070,1.070
166.09,0.01071,1.071
166.10,0.01071,1.071
166.11,0.01071,1.071
166.11,0.01071,1.071
166.12,0.01071,1.071
166.13,0.01071,1.071
166.14,0.01071,1.071
166.15,0.01071,1.071
166.16,0.01071,1.071
166.17,0.01071,1.071
166.18,0.01071,1.071
166.19,0.01071,1.071
166.20,0.01072,1.072
166.20,0.01072,1.072
166.21,0.01072,1.072
166.22,0.01072,1.072
166.23,0.01072,1.072
166.24,0.01072,1.072
166.25,0.01072,1.072
166.26,0.01072,1.072
166.27,0.01072,1.072
166.28,0.01072,1.072
166.28,0.01072,1.072
166.29,0.01072,1.072
166.30,0.01072,1.072
166.31,0.01073,1.073
166.32,0.01073,1.073
166.33,0.01073,1.073
166.34,0.01073,1.073
166.35,0.01073,1.073
166.36,0.01073,1.073
166.37,0.01073,1.073
166.37,0.01073,1.073
166.38,0.01073,1.073
166.39,0.01073,1.073
166.40,0.01073,1.073
166.41,0.01073,1.073
166.42,0.01074,1.074
166.43,0.01074,1.074
166.44,0.01074,1.074
166.45,0.01074,1.074
166.45,0.01074,1.074
166.46,0.01074,1.074
166.47,0.01074,1.074
166.48,0.01074,1.074
166.49,0.01074,1.074
166.50,0.01074,1.074
166.51,0.01074,1.074
166.52,0.01074,1.074
166.53,0.01075,1.075
166.54,0.01075,1.075
166.54,0.01075,1.075
166.55,0.01075,1.075
166.56,0.01075,1.075
166.57,0.01075,1.075
166.58,0.01075,1.075
166.59,0.01075,1.075
166.60,0.01075,1.075
166.61,0.01075,1.075
166.62,0.01075,1.075
166.62,0.01075,1.075
166.63,0.01076,1.076
166.64,0.01076,1.076
166.65,0.01076,1.076
166.66,0.01076,1.076
166.67,0.01076,1.076
166.68,0.01076,1.076
166.69,0.01076,1.076
166.70,0.01076,1.076
166.70,0.01076,1.076
166.71,0.01076,1.076
166.72,0.01076,1.076
166.73,0.01076,1.076
166.74,0.01076,1.076
166.75,0.01077,1.077
166.76,0.01077,1.077
166.77,0.01077,1.077
166.78,0.01077,1.077
166.79,0.01077,1.077
166.79,0.01077,1.077
166.80,0.01077,1.077
166.81,0.01077,1.077
166.82,0.01077,1.077
166.83,0.01077,1.077
166.84,0.01077,1.077
166.85,0.01077,1.077
166.86,0.01078,1.078
166.87,0.01078,1.078
166.87,0.01078,1.078
166.88,0.01078,1.078
166.89,0.01078,1.078
166.90,0.01078,1.078
166.91,0.01078,1.078
166.92,0.01078,1.078
166.93,0.01078,1.078
166.94,0.01078,1.078
166.95,0.01078,1.078
166.95,0.01078,1.078
166.96,0.01079,1.079
166.97,0.01079,1.079
166.98,0.01079,1.079
166.99,0.01079,1.079
167.00,0.01079,1.079
167.01,0.01079,1.079
167.02,0.01079,1.079
167.03,0.01079,1.079
167.04,0.01079,1.079
167.04,0.01079,1.079
167.05,0.01079,1.079
167.06,0.01079,1.079
167.07,0.01080,1.080
167.08,0.01080,1.080
167.09,0.01080,1.080
167.10,0.01080,1.080
167.11,0.01080,1.080
167.12,0.01080,1.080
167.12,0.01080,1.080
167.13,0.01080,1.080
167.14,0.01080,1.080
167.15,0.01080,1.080
167.16,0.01080,1.080
167.17,0.01080,1.080
167.18,0.01080,1.080
167.19,0.01081,1.081
167.20,0.01081,1.081
167.21,0.01081,1.081
167.21,0.01081,1.081
167.22,0.01081,1.081
167.23,0.01081,1.081
167.24,0.01081,1.081
167.25,0.01081,1.081
167.26,0.01081,1.081
167.27,0.01081,1.081
167.28,0.01081,1.081
167.29,0.01081,1.081
167.29,0.01082,1.082
167.30,0.01082,1.082
167.31,0.01082,1.082
167.32,0.01082,1.082
167.33,0.01082,1.082
167.34,0.01082,1.082
167.35,0.01082,1.082
167.36,0.01082,1.082
167.37,0.01082,1.082
167.37,0.01082,1.082
167.38,0.01082,1.082
167.39,0.01082,1.082
167.40,0.01083,1.083
167.41,0.01083,1.083
167.42,0.01083,1.083
167.43,0.01083,1.083
167.44,0.01083,1.083
167.45,0.01083,1.083
167.46,0.01083,1.083
167.46,0.01083,1.083
167.47,0.01083,1.083
167.48,0.01083,1.083
167.49,0.01083,1.083
167.50,0.01083,1.083
167.51,0.01084,1.084
167.52,0.01084,1.084
167.53,0.01084,1.084
167.54,0.01084,1.084
167.55,0.01084,1.084
167.55,0.01084,1.084
167.56,0.01084,1.084
167.57,0.01084,1.084
167.58,0.01084,1.084
167.59,0.01084,1.084
167.60,0.01084,1.084
167.61,0.01084,1.084
167.62,0.01085,1.085
167.63,0.01085,1.085
167.63,0.01085,1.085
167.64,0.01085,1.085
167.65,0.01085,1.085
167.66,0.01085,1.085
167.67,0.01085,1.085
167.68,0.01085,1.085
167.69,0.01085,1.085
167.70,0.01085,1.085
167.71,0.01085,1.085
167.72,0.01085,1.085
167.72,0.01085,1.085
167.73,0.01086,1.086
167.74,0.01086,1.086
167.75,0.01086,1.086
167.76,0.01086,1.086
167.77,0.01086,1.086
167.78,0.01086,1.086
167.79,0.01086,1.086
167.80,0.01086,1.086
167.80,0.01086,1.086
167.81,0.01086,1.086
167.82,0.01086,1.086
167.83,0.01086,1.086
167.84,0.01087,1.087
167.85,0.01087,1.087
167.86,0.01087,1.087
167.87,0.01087,1.087
167.88,0.01087,1.087
167.89,0.01087,1.087
167.89,0.01087,1.087
167.90,0.01087,1.087
167.91,0.01087,1.087
167.92,0.01087,1.087
167.93,0.01087,1.087
167.94,0.01087,1.087
167.95,0.01088,1.088
167.96,0.01088,1.088
167.97,0.01088,1.088
167.97,0.01088,1.088
167.98,0.01088,1.088
167.99,0.01088,1.088
168.00,0.01088,1.088
168.01,0.01088,1.088
168.02,0.01088,1.088
168.03,0.01088,1.088
168.04,0.01088,1.088
168.05,0.01088,1.088
168.06,0.01089,1.089
168.06,0.01089,1.089
168.07,0.01089,1.089
168.08,0.01089,1.089
168.09,0.01089,1.089
168.10,0.01089,1.089
168.11,0.01089,1.089
168.12,0.01089,1.089
168.13,0.01089,1.089
168.14,0.01089,1.089
168.15,0.01089,1.089
168.15,0.01089,1.089
168.16,0.01090,1.090
168.17,0.01090,1.090
168.18,0.01090,1.090
168.19,0.01090,1.090
168.20,0.01090,1.090
168.21,0.01090,1.090
168.22,0.01090,1.090
168.23,0.01090,1.090
168.23,0.01090,1.090
168.24,0.01090,1.090
168.25,0.01090,1.090
168.26,0.01090,1.090
168.27,0.01090,1.090
168.28,0.01091,1.091
168.29,0.01091,1.091
168.30,0.01091,1.091
168.31,0.01091,1.091
168.32,0.01091,1.091
168.32,0.01091,1.091
168.33,0.01091,1.091
168.34,0.01091,1.091
168.35,0.01091,1.091
168.36,0.01091,1.091
168.37,0.01091,1.091
168.38,0.01091,1.091
168.39,0.01092,1.092
168.40,0.01092,1.092
168.40,0.01092,1.092
168.41,0.01092,1.092
168.42,0.01092,1.092
168.43,0.01092,1.092
168.44,0.01092,1.092
168.45,0.01092,1.092
168.46,0.01092,1.092
168.47,0.01092,1.092
168.48,0.01092,1.092
168.49,0.01092,1.092
168.49,0.01093,1.093
168.50,0.01093,1.093
168.51,0.01093,1.093
168.52,0.01093,1.093
168.53,0.01093,1.093
168.54,0.01093,1.093
168.55,0.01093,1.093
168.56,0.01093,1.093
168.57,0.01093,1.093
168.57,0.01093,1.093
168.58,0.01093,1.093
168.59,0.01093,1.093
168.60,0.01094,1.094
168.61,0.01094,1.094
168.62,0.01094,1.094
168.63,0.01094,1.094
168.64,0.01094,1.094
168.65,0.01094,1.094
168.66,0.01094,1.094
168.66,0.01094,1.094
168.67,0.01094,1.094
168.68,0.01094,1.094
168.69,0.01094,1.094
168.70,0.01094,1.094
168.71,0.01094,1.094
168.72,0.01095,1.095
168.73,0.01095,1.095
168.74,0.01095,1.095
168.74,0.01095,1.095
168.75,0.01095,1.095
168.76,0.01095,1.095
168.77,0.01095,1.095
168.78,0.01095,1.095
168.79,0.01095,1.095
168.80,0.01095,1.095
168.81,0.01095,1.095
168.82,0.01095,1.095
168.83,0.01096,1.096
168.83,0.01096,1.096
168.84,0.01096,1.096
168.85,0.01096,1.096
168.86,0.01096,1.096
168.87,0.01096,1.096
168.88,0.01096,1.096
168.89,0.01096,1.096
168.90,0.01096,1.096
168.91,0.01096,1.096
168.91,0.01096,1.096
168.92,0.01096,1.096
168.93,0.01097,1.097
168.94,0.01097,1.097
168.95,0.01097,1.097
168.96,0.01097,1.097
168.97,0.01097,1.097
168.98,0.01097,1.097
168.99,0.01097,1.097
169.00,0.01097,1.097
169.00,0.01097,1.097
169.01,0.01097,1.097
169.02,0.01097,1.097
169.03,0.01097,1.097
169.04,0.01097,1.097
169.05,0.01098,1.098
169.06,0.01098,1.098
169.07,0.01098,1.098
169.08,0.01098,1.098
169.08,0.01098,1.098
169.09,0.01098,1.098
169.10,0.01098,1.098
169.11,0.01098,1.098
169.12,0.01098,1.098
169.13,0.01098,1.098
169.14,0.01098,1.098
169.15,0.01098,1.098
169.16,0.01099,1.099
169.17,0.01099,1.099
169.17,0.01099,1.099
169.18,0.01099,1.099
169.19,0.01099,1.099
169.20,0.01099,1.099
169.21,0.01099,1.099
169.22,0.01099,1.099
169.23,0.01099,1.099
169.24,0.01099,1.099
169.25,0.01099,1.099
169.25,0.01099,1.099
169.26,0.01100,1.100
169.27,0.01100,1.100
169.28,0.01100,1.100
169.29,0.01100,1.100
169.30,0.01100,1.100
169.31,0.01100,1.100
169.32,0.01100,1.100
169.33,0.01100,1.100
169.34,0.01100,1.100
169.34,0.01100,1.100
169.35,0.01100,1.100
169.36,0.01100,1.100
169.37,0.01100,1.100
169.38,0.01101,1.101
169.39,0.01101,1.101
169.40,0.01101,1.101
169.41,0.01101,1.101
169.42,0.01101,1.101
169.42,0.01101,1.101
169.43,0.01101,1.101
169.44,0.01101,1.101
169.45,0.01101,1.101
169.46,0.01101,1.101
169.47,0.01101,1.101
169.48,0.01101,1.101
169.49,0.01102,1.102
169.50,0.01102,1.102
169.51,0.01102,1.102
169.51,0.01102,1.102
169.52,0.01102,1.102
169.53,0.01102,1.102
169.54,0.01102,1.102
169.55,0.01102,1.102
169.56,0.01102,1.102
169.57,0.01102,1.102
169.58,0.01102,1.102
169.59,0.01102,1.102
169.59,0.01103,1.103
169.60,0.01103,1.103
169.61,0.01103,1.103
169.62,0.01103,1.103
169.63,0.01103,1.103
169.64,0.01103,1.103
169.65,0.01103,1.103
169.66,0.01103,1.103
169.67,0.01103,1.103
169.67,0.01103,1.103
169.68,0.01103,1.103
169.69,0.01103,1.103
169.70,0.01104,1.104
169.71,0.01104,1.104
169.72,0.01104,1.104
169.73,0.01104,1.104
169.74,0.01104,1.104
169.75,0.01104,1.104
169.76,0.01104,1.104
169.76,0.01104,1.104
169.77,0.01104,1.104
169.78,0.01104,1.104
169.79,0.01104,1.104
169.80,0.01104,1.104
169.81,0.01104,1.104
169.82,0.01105,1.105
169.83,0.01105,1.105
169.84,0.01105,1.105
169.84,0.01105,1.105
169.85,0.01105,1.105
169.86,0.01105,1.105
169.87,0.01105,1.105
169.88,0.01105,1.105
169.89,0.01105,1.105
169.90,0.01105,1.105
169.91,0.01105,1.105
169.92,0.01105,1.105
169.93,0.01106,1.106
169.93,0.01106,1.106
169.94,0.01106,1.106
169.95,0.01106,1.106
169.96,0.01106,1.106
169.97,0.01106,1.106
169.98,0.01106,1.106
169.99,0.01106,1.106
170.00,0.01106,1.106
170.01,0.01106,1.106
170.01,0.01106,1.106
170.02,0.01106,1.106
170.03,0.01107,1.107
170.04,0.01107,1.107
170.05,0.01107,1.107
170.06,0.01107,1.107
170.07,0.01107,1.107
170.08,0.01107,1.107
170.09,0.01107,1.107
170.10,0.01107,1.107
170.10,0.01107,1.107
170.11,0.01107,1.107
170.12,0.01107,1.107
170.13,0.01107,1.107
170.14,0.01107,1.107
170.15,0.01108,1.108
170.16,0.01108,1.108
170.17,0.01108,1.108
170.18,0.01108,1.108
170.19,0.01108,1.108
170.19,0.01108,1.108
170.20,0.01108,1.108
170.21,0.01108,1.108
170.22,0.01108,1.108
170.23,0.01108,1.108
170.24,0.01108,1.108
170.25,0.01108,1.108
170.26,0.01109,1.109
170.27,0.01109,1.109
170.27,0.01109,1.109
170.28,0.01109,1.109
170.29,0.01109,1.109
170.30,0.01109,1.109
170.31,0.01109,1.109
170.32,0.01109,1.109
170.33,0.01109,1.109
170.34,0.01109,1.109
170.35,0.01109,1.109
170.36,0.01109,1.109
170.36,0.01110,1.110
170.37,0.01110,1.110
170.38,0.01110,1.110
170.39,0.01110,1.110
170.40,0.01110,1.110
170.41,0.01110,1.110
170.42,0.01110,1.110
170.43,0.01110,1.110
170.44,0.01110,1.110
170.45,0.01110,1.110
170.45,0.01110,1.110
170.46,0.01110,1.110
170.47,0.01111,1.111
170.48,0.01111,1.111
170.49,0.01111,1.111
170.50,0.01111,1.111
170.51,0.01111,1.111
170.52,0.01111,1.111
170.53,0.01111,1.111
170.53,0.01111,1.111
170.54,0.01111,1.111
170.55,0.01111,1.111
170.56,0.01111,1.111
170.57,0.01111,1.111
170.58,0.01111,1.111
170.59,0.01112,1.112
170.60,0.01112,1.112
170.61,0.01112,1.112
170.62,0.01112,1.112
170.62,0.01112,1.112
170.63,0.01112,1.112
170.64,0.01112,1.112
170.65,0.01112,1.112
170.66,0.01112,1.112
170.67,0.01112,1.112
170.68,0.01112,1.112
170.69,0.01112,1.112
170.70,0.01113,1.113
170.71,0.01113,1.113
170.71,0.01113,1.113
170.72,0.01113,1.113
170.73,0.01113,1.113
170.74,0.01113,1.113
170.75,0.01113,1.113
170.76,0.01113,1.113
170.77,0.01113,1.113
170.78,0.01113,1.113
170.79,0.01113,1.113
170.80,0.01113,1.113
170.80,0.01114,1.114
170.81,0.01114,1.114
170.82,0.01114,1.114
170.83,0.01114,1.114
170.84,0.01114,1.114
170.85,0.01114,1.114
170.86,0.01114,1.114
170.87,0.01114,1.114
170.88,0.01114,1.114
170.88,0.01114,1.114
170.89,0.01114,1.114
170.90,0.01114,1.114
170.91,0.01115,1.115
170.92,0.01115,1.115
170.93,0.01115,1.115
170.94,0.01115,1.115
170.95,0.01115,1.115
170.96,0.01115,1.115
170.97,0.01115,1.115
170.97,0.01115,1.115
170.98,0.01115,1.115
170.99,0.01115,1.115
171.00,0.01115,1.115
171.01,0.01115,1.115
171.02,0.01115,1.115
171.03,0.01116,1.116
171.04,0.01116,1.116
171.05,0.01116,1.116
171.05,0.01116,1.116
171.06,0.01116,1.116
171.07,0.01116,1.116
171.08,0.01116,1.116
171.09,0.01116,1.116
171.10,0.01116,1.116
171.11,0.01116,1.116
171.12,0.01116,1.116
171.13,0.01116,1.116
171.14,0.01117,1.117
171.14,0.01117,1.117
171.15,0.01117,1.117
171.16,0.01117,1.117
171.17,0.01117,1.117
171.18,0.01117,1.117
171.19,0.01117,1.117
171.20,0.01117,1.117
171.21,0.01117,1.117
171.22,0.01117,1.117
171.22,0.01117,1.117
171.23,0.01117,1.117
171.24,0.01118,1.118
171.25,0.01118,1.118
171.26,0.01118,1.118
171.27,0.01118,1.118
171.28,0.01118,1.118
171.29,0.01118,1.118
171.30,0.01118,1.118
171.31,0.01118,1.118
171.31,0.01118,1.118
171.32,0.01118,1.118
171.33,0.01118,1.118
171.34,0.01118,1.118
171.35,0.01118,1.118
171.36,0.01119,1.119
171.37,0.01119,1.119
171.38,0.01119,1.119
171.39,0.01119,1.119
171.39,0.01119,1.119
171.40,0.01119,1.119
171.41,0.01119,1.119
171.42,0.01119,1.119
171.43,0.01119,1.119
171.44,0.01119,1.119
171.45,0.01119,1.119
171.46,0.01119,1.119
171.47,0.01120,1.120
171.47,0.01120,1.120
171.48,0.01120,1.120
171.49,0.01120,1.120
171.50,0.01120,1.120
171.51,0.01120,1.120
171.52,0.01120,1.120
171.53,0.01120,1.120
171.54,0.01120,1.120
171.55,0.01120,1.120
171.56,0.01120,1.120
171.56,0.01120,1.120
171.57,0.01121,1.121
171.58,0.01121,1.121
171.59,0.01121,1.121
171.60,0.01121,1.121
171.61,0.01121,1.121
171.62,0.01121,1.121
171.63,0.01121,1.121
171.64,0.01121,1.121
171.64,0.01121,1.121
171.65,0.01121,1.121
171.66,0.01121,1.121
171.67,0.01121,1.121
171.68,0.01122,1.122
171.69,0.01122,1.122
171.70,0.01122,1.122
171.71,0.01122,1.122
171.72,0.01122,1.122
171.72,0.01122,1.122
171.73,0.01122,1.122
171.74,0.01122,1.122
171.75,0.01122,1.122
171.76,0.01122,1.122
171.77,0.01122,1.122
171.78,0.01122,1.122
171.79,0.01122,1.122
171.80,0.01123,1.123
171.81,0.01123,1.123
171.81,0.01123,1.123
171.82,0.01123,1.123
171.83,0.01123,1.123
171.84,0.01123,1.123
171.85,0.01123,1.123
171.86,0.01123,1.123
171.87,0.01123,1.123
171.88,0.01123,1.123
171.89,0.01123,1.123
171.89,0.01123,1.123
171.90,0.01124,1.124
171.91,0.01124,1.124
171.92,0.01124,1.124
171.93,0.01124,1.124
171.94,0.01124,1.124
171.95,0.01124,1.124
171.96,0.01124,1.124
171.97,0.01124,1.124
171.98,0.01124,1.124
171.98,0.01124,1.124
171.99,0.01124,1.124
172.00,0.01124,1.124
172.01,0.01125,1.125
172.02,0.01125,1.125
172.03,0.01125,1.125
172.04,0.01125,1.125
172.05,0.01125,1.125
172.06,0.01125,1.125
172.06,0.01125,1.125
172.07,0.01125,1.125
172.08,0.01125,1.125
172.09,0.01125,1.125
172.10,0.01125,1.125
172.11,0.01125,1.125
172.12,0.01125,1.125
172.13,0.01126,1.126
172.14,0.01126,1.126
172.15,0.01126,1.126
172.15,0.01126,1.126
172.16,0.01126,1.126
172.17,0.01126,1.126
172.18,0.01126,1.126
172.19,0.01126,1.126
172.20,0.01126,1.126
172.21,0.01126,1.126
172.22,0.01126,1.126
172.23,0.01126,1.126
172.24,0.01127,1.127
172.24,0.01127,1.127
172.25,0.01127,1.127
172.26,0.01127,1.127
172.27,0.01127,1.127
172.28,0.01127,1.127
172.29,0.01127,1.127
172.30,0.01127,1.127
172.31,0.01127,1.127
172.32,0.01127,1.127
172.32,0.01127,1.127
172.33,0.01127,1.127
172.34,0.01128,1.128
172.35,0.01128,1.128
172.36,0.01128,1.128
172.37,0.01128,1.128
172.38,0.01128,1.128
172.39,0.01128,1.128
172.40,0.01128,1.128
172.41,0.01128,1.128
172.41,0.01128,1.128
172.42,0.01128,1.128
172.43,0.01128,1.128
172.44,0.01128,1.128
172.45,0.01129,1.129
172.46,0.01129,1.129
172.47,0.01129,1.129
172.48,0.01129,1.129
172.49,0.01129,1.129
172.50,0.01129,1.129
172.50,0.01129,1.129
172.51,0.01129,1.129
172.52,0.01129,1.129
172.53,0.01129,1.129
172.54,0.01129,1.129
172.55,0.01129,1.129
172.56,0.01130,1.130
172.57,0.01130,1.130
172.58,0.01130,1.130
172.59,0.01130,1.130
172.59,0.01130,1.130
172.60,0.01130,1.130
172.61,0.01130,1.130
172.62,0.01130,1.130
172.63,0.01130,1.130
172.64,0.01130,1.130
172.65,0.01130,1.130
172.66,0.01130,1.130
172.67,0.01130,1.130
172.67,0.01131,1.131
172.68,0.01131,1.131
172.69,0.01131,1.131
172.70,0.01131,1.131
172.71,0.01131,1.131
172.72,0.01131,1.131
172.73,0.01131,1.131
172.74,0.01131,1.131
172.75,0.01131,1.131
172.76,0.01131,1.131
172.76,0.01131,1.131
172.77,0.01131,1.131
172.78,0.01132,1.132
172.79,0.01132,1.132
172.80,0.01132,1.132
172.81,0.01132,1.132
172.82,0.01132,1.132
172.83,0.01132,1.132
172.84,0.01132,1.132
172.85,0.01132,1.132
172.85,0.01132,1.132
172.86,0.01132,1.132
172.87,0.01132,1.132
172.88,0.01132,1.132
172.89,0.01133,1.133
172.90,0.01133,1.133
172.91,0.01133,1.133
172.92,0.01133,1.133
172.93,0.01133,1.133
172.93,0.01133,1.133
172.94,0.01133,1.133
172.95,0.01133,1.133
172.96,0.01133,1.133
172.97,0.01133,1.133
172.98,0.01133,1.133
172.99,0.01133,1.133
173.00,0.01134,1.134
173.01,0.01134,1.134
173.02,0.01134,1.134
173.02,0.01134,1.134
173.03,0.01134,1.134
173.04,0.01134,1.134
173.05,0.01134,1.134
173.06,0.01134,1.134
173.07,0.01134,1.134
173.08,0.01134,1.134
173.09,0.01134,1.134
173.10,0.01134,1.134
173.10,0.01135,1.135
173.11,0.01135,1.135
173.12,0.01135,1.135
173.13,0.01135,1.135
173.14,0.01135,1.135
173.15,0.01135,1.135
173.16,0.01135,1.135
173.17,0.01135,1.135
173.18,0.01135,1.135
173.19,0.01135,1.135
173.19,0.01135,1.135
173.20,0.01135,1.135
173.21,0.01135,1.135
173.22,0.01136,1.136
173.23,0.01136,1.136
173.24,0.01136,1.136
173.25,0.01136,1.136
173.26,0.01136,1.136
173.27,0.01136,1.136
173.27,0.01136,1.136
173.28,0.01136,1.136
173.29,0.01136,1.136
173.30,0.01136,1.136
173.31,0.01136,1.136
173.32,0.01136,1.136
173.33,0.01137,1.137
173.34,0.01137,1.137
173.35,0.01137,1.137
173.35,0.01137,1.137
173.36,0.01137,1.137
173.37,0.01137,1.137
173.38,0.01137,1.137
173.39,0.01137,1.137
173.40,0.01137,1.137
173.41,0.01137,1.137
173.42,0.01137,1.137
173.43,0.01137,1.137
173.44,0.01138,1.138
173.44,0.01138,1.138
173.45,0.01138,1.138
173.46,0.01138,1.138
173.47,0.01138,1.138
173.48,0.01138,1.138
173.49,0.01138,1.138
173.50,0.01138,1.138
173.51,0.01138,1.138
173.52,0.01138,1.138
173.52,0.01138,1.138
173.53,0.01138,1.138
173.54,0.01138,1.138
173.55,0.01139,1.139
173.56,0.01139,1.139
173.57,0.01139,1.139
173.58,0.01139,1.139
173.59,0.01139,1.139
173.60,0.01139,1.139
173.60,0.01139,1.139
173.61,0.01139,1.139
173.62,0.01139,1.139
173.63,0.01139,1.139
173.64,0.01139,1.139
173.65,0.01139,1.139
173.66,0.01140,1.140
173.67,0.01140,1.140
173.68,0.01140,1.140
173.69,0.01140,1.140
173.69,0.01140,1.140
173.70,0.01140,1.140
173.71,0.01140,1.140
173.72,0.01140,1.140
173.73,0.01140,1.140
173.74,0.01140,1.140
173.75,0.01140,1.140
173.76,0.01140,1.140
173.77,0.01141,1.141
173.77,0.01141,1.141
173.78,0.01141,1.141
173.79,0.01141,1.141
173.80,0.01141,1.141
173.81,0.01141,1.141
173.82,0.01141,1.141
173.83,0.01141,1.141
173.84,0.01141,1.141
173.85,0.01141,1.141
173.86,0.01141,1.141
173.86,0.01141,1.141
173.87,0.01142,1.142
173.88,0.01142,1.142
173.89,0.01142,1.142
173.90,0.01142,1.142
173.91,0.01142,1.142
173.92,0.01142,1.142
173.93,0.01142,1.142
173.94,0.01142,1.142
173.95,0.01142,1.142
173.95,0.01142,1.142
173.96,0.01142,1.142
173.97,0.01142,1.142
173.98,0.01142,1.142
173.99,0.01143,1.143
174.00,0.01143,1.143
174.01,0.01143,1.143
174.02,0.01143,1.143
174.03,0.01143,1.143
174.03,0.01143,1.143
174.04,0.01143,1.143
174.05,0.01143,1.143
174.06,0.01143,1.143
174.07,0.01143,1.143
174.08,0.01143,1.143
174.09,0.01143,1.143
174.10,0.01144,1.144
174.11,0.01144,1.144
174.12,0.01144,1.144
174.12,0.01144,1.144
174.13,0.01144,1.144
174.14,0.01144,1.144
174.15,0.01144,1.144
174.16,0.01144,1.144
174.17,0.01144,1.144
174.18,0.01144,1.144
174.19,0.01144,1.144
174.20,0.01144,1.144
174.21,0.01145,1.145
174.21,0.01145,1.145
174.22,0.01145,1.145
174.23,0.01145,1.145
174.24,0.01145,1.145
174.25,0.01145,1.145
174.26,0.01145,1.145
174.27,0.01145,1.145
174.28,0.01145,1.145
174.29,0.01145,1.145
174.29,0.01145,1.145
174.30,0.01145,1.145
174.31,0.01146,1.146
174.32,0.01146,1.146
174.33,0.01146,1.146
174.34,0.01146,1.146
174.35,0.01146,1.146
174.36,0.01146,1.146
174.37,0.01146,1.146
174.38,0.01146,1.146
174.38,0.01146,1.146
174.39,0.01146,1.146
174.40,0.01146,1.146
174.41,0.01146,1.146
174.42,0.01146,1.146
174.43,0.01147,1.147
174.44,0.01147,1.147
174.45,0.01147,1.147
174.46,0.01147,1.147
174.47,0.01147,1.147
174.47,0.01147,1.147
174.48,0.01147,1.147
174.49,0.01147,1.147
174.50,0.01147,1.147
174.51,0.01147,1.147
174.52,0.01147,1.147
174.53,0.01147,1.147
174.54,0.01148,1.148
174.55,0.01148,1.148
174.55,0.01148,1.148
174.56,0.01148,1.148
174.57,0.01148,1.148
174.58,0.01148,1.148
174.59,0.01148,1.148
174.60,0.01148,1.148
174.61,0.01148,1.148
174.62,0.01148,1.148
174.63,0.01148,1.148
174.64,0.01148,1.148
174.64,0.01149,1.149
174.65,0.01149,1.149
174.66,0.01149,1.149
174.67,0.01149,1.149
174.68,0.01149,1.149
174.69,0.01149,1.149
174.70,0.01149,1.149
174.71,0.01149,1.149
174.72,0.01149,1.149
174.73,0.01149,1.149
174.73,0.01149,1.149
174.74,0.01149,1.149
174.75,0.01149,1.149
174.76,0.01150,1.150
174.77,0.01150,1.150
174.78,0.01150,1.150
174.79,0.01150,1.150
174.80,0.01150,1.150
174.81,0.01150,1.150
174.81,0.01150,1.150
174.82,0.01150,1.150
174.83,0.01150,1.150
174.84,0.01150,1.150
174.85,0.01150,1.150
174.86,0.01150,1.150
174.87,0.01151,1.151
174.88,0.01151,1.151
174.89,0.01151,1.151
174.90,0.01151,1.151
174.90,0.01151,1.151
174.91,0.01151,1.151
174.92,0.01151,1.151
174.93,0.01151,1.151
174.94,0.01151,1.151
174.95,0.01151,1.151
174.96,0.01151,1.151
174.97,0.01151,1.151
174.98,0.01152,1.152
174.98,0.01152,1.152
174.99,0.01152,1.152
175.00,0.01152,1.152
175.01,0.01152,1.152
175.02,0.01152,1.152
175.03,0.01152,1.152
175.04,0.01152,1.152
175.05,0.01152,1.152
175.06,0.01152,1.152
175.07,0.01152,1.152
175.07,0.01152,1.152
175.08,0.01153,1.153
175.09,0.01153,1.153
175.10,0.01153,1.153
175.11,0.01153,1.153
175.12,0.01153,1.153
175.13,0.01153,1.153
175.14,0.01153,1.153
175.15,0.01153,1.153
175.15,0.01153,1.153
175.16,0.01153,1.153
175.17,0.01153,1.153
175.18,0.01153,1.153
175.19,0.01153,1.153
175.20,0.01154,1.154
175.21,0.01154,1.154
175.22,0.01154,1.154
175.23,0.01154,1.154
175.23,0.01154,1.154
175.24,0.01154,1.154
175.25,0.01154,1.154
175.26,0.01154,1.154
175.27,0.01154,1.154
175.28,0.01154,1.154
175.29,0.01154,1.154
175.30,0.01154,1.154
175.31,0.01155,1.155
175.32,0.01155,1.155
175.32,0.01155,1.155
175.33,0.01155,1.155
175.34,0.01155,1.155
175.35,0.01155,1.155
175.36,0.01155,1.155
175.37,0.01155,1.155
175.38,0.01155,1.155
175.39,0.01155,1.155
175.40,0.01155,1.155
175.40,0.01155,1.155
175.41,0.01156,1.156
175.42,0.01156,1.156
175.43,0.01156,1.156
175.44,0.01156,1.156
175.45,0.01156,1.156
175.46,0.01156,1.156
175.47,0.01156,1.156
175.48,0.01156,1.156
175.49,0.01156,1.156
175.49,0.01156,1.156
175.50,0.01156,1.156
175.51,0.01156,1.156
175.52,0.01156,1.156
175.53,0.01157,1.157
175.54,0.01157,1.157
175.55,0.01157,1.157
175.56,0.01157,1.157
175.57,0.01157,1.157
175.57,0.01157,1.157
175.58,0.01157,1.157
175.59,0.01157,1.157
175.60,0.01157,1.157
175.61,0.01157,1.157
175.62,0.01157,1.157
175.63,0.01157,1.157
175.64,0.01158,1.158
175.65,0.01158,1.158
175.66,0.01158,1.158
175.66,0.01158,1.158
175.67,0.01158,1.158
175.68,0.01158,1.158
175.69,0.01158,1.158
175.70,0.01158,1.158
175.71,0.01158,1.158
175.72,0.01158,1.158
175.73,0.01158,1.158
175.74,0.01158,1.158
175.74,0.01159,1.159
175.75,0.01159,1.159
175.76,0.01159,1.159
175.77,0.01159,1.159
175.78,0.01159,1.159
175.79,0.01159,1.159
175.80,0.01159,1.159
175.81,0.01159,1.159
175.82,0.01159,1.159
175.83,0.01159,1.159
175.83,0.01159,1.159
175.84,0.01159,1.159
175.85,0.01159,1.159
175.86,0.01160,1.160
175.87,0.01160,1.160
175.88,0.01160,1.160
175.89,0.01160,1.160
175.90,0.01160,1.160
175.91,0.01160,1.160
175.92,0.01160,1.160
175.92,0.01160,1.160
175.93,0.01160,1.160
175.94,0.01160,1.160
175.95,0.01160,1.160
175.96,0.01160,1.160
175.97,0.01161,1.161
175.98,0.01161,1.161
175.99,0.01161,1.161
176.00,0.01161,1.161
176.00,0.01161,1.161
176.01,0.01161,1.161
176.02,0.01161,1.161
176.03,0.01161,1.161
176.04,0.01161,1.161
176.05,0.01161,1.161
176.06,0.01161,1.161
176.07,0.01161,1.161
176.08,0.01162,1.162
176.09,0.01162,1.162
176.09,0.01162,1.162
176.10,0.01162,1.162
176.11,0.01162,1.162
176.12,0.01162,1.162
176.13,0.01162,1.162
176.14,0.01162,1.162
176.15,0.01162,1.162
176.16,0.01162,1.162
176.17,0.01162,1.162
176.18,0.01162,1.162
176.18,0.01163,1.163
176.19,0.01163,1.163
176.20,0.01163,1.163
176.21,0.01163,1.163
176.22,0.01163,1.163
176.23,0.01163,1.163
176.24,0.01163,1.163
176.25,0.01163,1.163
176.26,0.01163,1.163
176.26,0.01163,1.163
176.27,0.01163,1.163
176.28,0.01163,1.163
176.29,0.01163,1.163
176.30,0.01164,1.164
176.31,0.01164,1.164
176.32,0.01164,1.164
176.33,0.01164,1.164
176.34,0.01164,1.164
176.35,0.01164,1.164
176.35,0.01164,1.164
176.36,0.01164,1.164
176.37,0.01164,1.164
176.38,0.01164,1.164
176.39,0.01164,1.164
176.40,0.01164,1.164
176.41,0.01165,1.165
176.42,0.01165,1.165
176.43,0.01165,1.165
176.43,0.01165,1.165
176.44,0.01165,1.165
176.45,0.01165,1.165
176.46,0.01165,1.165
176.47,0.01165,1.165
176.48,0.01165,1.165
176.49,0.01165,1.165
176.50,0.01165,1.165
176.51,0.01165,1.165
176.52,0.01166,1.166
176.52,0.01166,1.166
176.53,0.01166,1.166
176.54,0.01166,1.166
176.55,0.01166,1.166
176.56,0.01166,1.166
176.57,0.01166,1.166
176.58,0.01166,1.166
176.59,0.01166,1.166
176.60,0.01166,1.166
176.61,0.01166,1.166
176.61,0.01166,1.166
176.62,0.01167,1.167
176.63,0.01167,1.167
176.64,0.01167,1.167
176.65,0.01167,1.167
176.66,0.01167,1.167
176.67,0.01167,1.167
176.68,0.01167,1.167
176.69,0.01167,1.167
176.69,0.01167,1.167
176.70,0.01167,1.167
176.71,0.01167,1.167
176.72,0.01167,1.167
176.73,0.01167,1.167
176.74,0.01168,1.168
176.75,0.01168,1.168
176.76,0.01168,1.168
176.77,0.01168,1.168
176.77,0.01168,1.168
176.78,0.01168,1.168
176.79,0.01168,1.168
176.80,0.01168,1.168
176.81,0.01168,1.168
176.82,0.01168,1.168
176.83,0.01168,1.168
176.84,0.01168,1.168
176.85,0.01169,1.169
176.86,0.01169,1.169
176.86,0.01169,1.169
176.87,0.01169,1.169
176.88,0.01169,1.169
176.89,0.01169,1.169
176.90,0.01169,1.169
176.91,0.01169,1.169
176.92,0.01169,1.169
176.93,0.01169,1.169
176.94,0.01169,1.169
176.94,0.01169,1.169
176.95,0.01170,1.170
176.96,0.01170,1.170
176.97,0.01170,1.170
176.98,0.01170,1.170
176.99,0.01170,1.170
177.00,0.01170,1.170
177.01,0.01170,1.170
177.02,0.01170,1.170
177.03,0.01170,1.170
177.03,0.01170,1.170
177.04,0.01170,1.170
177.05,0.01170,1.170
177.06,0.01171,1.171
177.07,0.01171,1.171
177.08,0.01171,1.171
177.09,0.01171,1.171
177.10,0.01171,1.171
177.11,0.01171,1.171
177.11,0.01171,1.171
177.12,0.01171,1.171
177.13,0.01171,1.171
177.14,0.01171,1.171
177.15,0.01171,1.171
177.16,0.01171,1.171
177.17,0.01171,1.171
177.18,0.01172,1.172
177.19,0.01172,1.172
177.20,0.01172,1.172
177.20,0.01172,1.172
177.21,0.01172,1.172
177.22,0.01172,1.172
177.23,0.01172,1.172
177.24,0.01172,1.172
177.25,0.01172,1.172
177.26,0.01172,1.172
177.27,0.01172,1.172
177.28,0.01172,1.172
177.28,0.01173,1.173
177.29,0.01173,1.173
177.30,0.01173,1.173
177.31,0.01173,1.173
177.32,0.01173,1.173
177.33,0.01173,1.173
177.34,0.01173,1.173
177.35,0.01173,1.173
177.36,0.01173,1.173
177.37,0.01173,1.173
177.37,0.01173,1.173
177.38,0.01173,1.173
177.39,0.01174,1.174
177.40,0.01174,1.174
177.41,0.01174,1.174
177.42,0.01174,1.174
177.43,0.01174,1.174
177.44,0.01174,1.174
177.45,0.01174,1.174
177.45,0.01174,1.174
177.46,0.01174,1.174
177.47,0.01174,1.174
177.48,0.01174,1.174
177.49,0.01174,1.174
177.50,0.01175,1.175
177.51,0.01175,1.175
177.52,0.01175,1.175
177.53,0.01175,1.175
177.54,0.01175,1.175
177.54,0.01175,1.175
177.55,0.01175,1.175
177.56,0.01175,1.175
177.57,0.01175,1.175
177.58,0.01175,1.175
177.59,0.01175,1.175
177.60,0.01175,1.175
177.61,0.01175,1.175
177.62,0.01176,1.176
177.62,0.01176,1.176
177.63,0.01176,1.176
177.64,0.01176,1.176
177.65,0.01176,1.176
177.66,0.01176,1.176
177.67,0.01176,1.176
177.68,0.01176,1.176
177.69,0.01176,1.176
177.70,0.01176,1.176
177.71,0.01176,1.176
177.71,0.01176,1.176
177.72,0.01177,1.177
177.73,0.01177,1.177
177.74,0.01177,1.177
177.75,0.01177,1.177
177.76,0.01177,1.177
177.77,0.01177,1.177
177.78,0.01177,1.177
177.79,0.01177,1.177
177.79,0.01177,1.177
177.80,0.01177,1.177
177.81,0.01177,1.177
177.82,0.01177,1.177
177.83,0.01178,1.178
177.84,0.01178,1.178
177.85,0.01178,1.178
177.86,0.01178,1.178
177.87,0.01178,1.178
177.88,0.01178,1.178
177.88,0.01178,1.178
177.89,0.01178,1.178
177.90,0.01178,1.178
177.91,0.01178,1.178
177.92,0.01178,1.178
177.93,0.01178,1.178
177.94,0.01178,1.178
177.95,0.01179,1.179
177.96,0.01179,1.179
177.96,0.01179,1.179
177.97,0.01179,1.179
177.98,0.01179,1.179
177.99,0.01179,1.179
178.00,0.01179,1.179
178.01,0.01179,1.179
178.02,0.01179,1.179
178.03,0.01179,1.179
178.04,0.01179,1.179
178.05,0.01179,1.179
178.05,0.01180,1.180
178.06,0.01180,1.180
178.07,0.01180,1.180
178.08,0.01180,1.180
178.09,0.01180,1.180
178.10,0.01180,1.180
178.11,0.01180,1.180
178.12,0.01180,1.180
178.13,0.01180,1.180
178.14,0.01180,1.180
178.14,0.01180,1.180
178.15,0.01180,1.180
178.16,0.01181,1.181
178.17,0.01181,1.181
178.18,0.01181,1.181
178.19,0.01181,1.181
178.20,0.01181,1.181
178.21,0.01181,1.181
178.22,0.01181,1.181
178.22,0.01181,1.181
178.23,0.01181,1.181
178.24,0.01181,1.181
178.25,0.01181,1.181
178.26,0.01181,1.181
178.27,0.01181,1.181
178.28,0.01182,1.182
178.29,0.01182,1.182
178.30,0.01182,1.182
178.31,0.01182,1.182
178.31,0.01182,1.182
178.32,0.01182,1.182
178.33,0.01182,1.182
178.34,0.01182,1.182
178.35,0.01182,1.182
178.36,0.01182,1.182
178.37,0.01182,1.182
178.38,0.01182,1.182
178.39,0.01183,1.183
178.39,0.01183,1.183
178.40,0.01183,1.183
178.41,0.01183,1.183
178.42,0.01183,1.183
178.43,0.01183,1.183
178.44,0.01183,1.183
178.45,0.01183,1.183
178.46,0.01183,1.183
178.47,0.01183,1.183
178.48,0.01183,1.183
178.48,0.01183,1.183
178.49,0.01184,1.184
178.50,0.01184,1.184
178.51,0.01184,1.184
178.52,0.01184,1.184
178.53,0.01184,1.184
178.54,0.01184,1.184
178.55,0.01184,1.184
178.56,0.01184,1.184
178.56,0.01184,1.184
178.57,0.01184,1.184
178.58,0.01184,1.184
178.59,0.01184,1.184
178.60,0.01184,1.184
178.61,0.01185,1.185
178.62,0.01185,1.185
178.63,0.01185,1.185
178.64,0.01185,1.185
178.65,0.01185,1.185
178.65,0.01185,1.185
178.66,0.01185,1.185
178.67,0.01185,1.185
178.68,0.01185,1.185
178.69,0.01185,1.185
178.70,0.01185,1.185
178.71,0.01185,1.185
178.72,0.01186,1.186
178.73,0.01186,1.186
178.73,0.01186,1.186
178.74,0.01186,1.186
178.75,0.01186,1.186
178.76,0.01186,1.186
178.77,0.01186,1.186
178.78,0.01186,1.186
178.79,0.01186,1.186
178.80,0.01186,1.186
178.81,0.01186,1.186
178.82,0.01186,1.186
178.82,0.01187,1.187
178.83,0.01187,1.187
178.84,0.01187,1.187
178.85,0.01187,1.187
178.86,0.01187,1.187
178.87,0.01187,1.187
178.88,0.01187,1.187
178.89,0.01187,1.187
178.90,0.01187,1.187
178.90,0.01187,1.187
178.91,0.01187,1.187
178.92,0.01187,1.187
178.93,0.01187,1.187
178.94,0.01188,1.188
178.95,0.01188,1.188
178.96,0.01188,1.188
178.97,0.01188,1.188
178.98,0.01188,1.188
178.99,0.01188,1.188
178.99,0.01188,1.188
179.00,0.01188,1.188
179.01,0.01188,1.188
179.02,0.01188,1.188
179.03,0.01188,1.188
179.04,0.01188,1.188
179.05,0.01189,1.189
179.06,0.01189,1.189
179.07,0.01189,1.189
179.07,0.01189,1.189
179.08,0.01189,1.189
179.09,0.01189,1.189
179.10,0.01189,1.189
179.11,0.01189,1.189
179.12,0.01189,1.189
179.13,0.01189,1.189
179.14,0.01189,1.189
179.15,0.01189,1.189
179.16,0.01190,1.190
179.16,0.01190,1.190
179.17,0.01190,1.190
179.18,0.01190,1.190
179.19,0.01190,1.190
179.20,0.01190,1.190
179.21,0.01190,1.190
179.22,0.01190,1.190
179.23,0.01190,1.190
179.24,0.01190,1.190
179.24,0.01190,1.190
179.25,0.01190,1.190
179.26,0.01190,1.190
179.27,0.01191,1.191
179.28,0.01191,1.191
179.29,0.01191,1.191
179.30,0.01191,1.191
179.31,0.01191,1.191
179.32,0.01191,1.191
179.33,0.01191,1.191
179.33,0.01191,1.191
179.34,0.01191,1.191
179.35,0.01191,1.191
179.36,0.01191,1.191
179.37,0.01191,1.191
179.38,0.01192,1.192
179.39,0.01192,1.192
179.40,0.01192,1.192
179.41,0.01192,1.192
179.41,0.01192,1.192
179.42,0.01192,1.192
179.43,0.01192,1.192
179.44,0.01192,1.192
179.45,0.01192,1.192
179.46,0.01192,1.192
179.47,0.01192,1.192
179.48,0.01192,1.192
179.49,0.01193,1.193
179.50,0.01193,1.193
179.50,0.01193,1.193
179.51,0.01193,1.193
179.52,0.01193,1.193
179.53,0.01193,1.193
179.54,0.01193,1.193
179.55,0.01193,1.193
179.56,0.01193,1.193
179.57,0.01193,1.193
179.58,0.01193,1.193
179.58,0.01193,1.193
179.59,0.01193,1.193
179.60,0.01194,1.194
179.61,0.01194,1.194
179.62,0.01194,1.194
179.63,0.01194,1.194
179.64,0.01194,1.194
179.65,0.01194,1.194
179.66,0.01194,1.194
179.66,0.01194,1.194
179.67,0.01194,1.194
179.68,0.01194,1.194
179.69,0.01194,1.194
179.70,0.01194,1.194
179.71,0.01195,1.195
179.72,0.01195,1.195
179.73,0.01195,1.195
179.74,0.01195,1.195
179.75,0.01195,1.195
179.75,0.01195,1.195
179.76,0.01195,1.195
179.77,0.01195,1.195
179.78,0.01195,1.195
179.79,0.01195,1.195
179.80,0.01195,1.195
179.81,0.01195,1.195
179.82,0.01196,1.196
179.83,0.01196,1.196
179.83,0.01196,1.196
179.84,0.01196,1.196
179.85,0.01196,1.196
179.86,0.01196,1.196
179.87,0.01196,1.196
179.88,0.01196,1.196
179.89,0.01196,1.196
179.90,0.01196,1.196
179.91,0.01196,1.196
179.92,0.01196,1.196
179.92,0.01196,1.196
179.93,0.01197,1.197
179.94,0.01197,1.197
179.95,0.01197,1.197
179.96,0.01197,1.197
179.97,0.01197,1.197
179.98,0.01197,1.197
179.99,0.01197,1.197
180.00,0.01197,1.197
180.00,0.01197,1.197
180.01,0.01197,1.197
180.02,0.01197,1.197
180.03,0.01197,1.197
180.04,0.01198,1.198
180.05,0.01198,1.198
180.06,0.01198,1.198
180.07,0.01198,1.198
180.08,0.01198,1.198
180.09,0.01198,1.198
180.09,0.01198,1.198
180.10,0.01198,1.198
180.11,0.01198,1.198
180.12,0.01198,1.198
180.13,0.01198,1.198
180.14,0.01198,1.198
180.15,0.01199,1.199
180.16,0.01199,1.199
180.17,0.01199,1.199
180.17,0.01199,1.199
180.18,0.01199,1.199
180.19,0.01199,1.199
180.20,0.01199,1.199
180.21,0.01199,1.199
180.22,0.01199,1.199
180.23,0.01199,1.199
180.24,0.01199,1.199
180.25,0.01199,1.199
180.26,0.01199,1.199
180.26,0.01200,1.200
180.27,0.01200,1.200
180.28,0.01200,1.200
180.29,0.01200,1.200
180.30,0.01200,1.200
180.31,0.01200,1.200
180.32,0.01200,1.200
180.33,0.01200,1.200
180.34,0.01200,1.200
180.34,0.01200,1.200
180.35,0.01200,1.200
180.36,0.01200,1.200
180.37,0.01201,1.201
180.38,0.01201,1.201
180.39,0.01201,1.201
180.40,0.01201,1.201
180.41,0.01201,1.201
180.42,0.01201,1.201
180.43,0.01201,1.201
180.43,0.01201,1.201
180.44,0.01201,1.201
180.45,0.01201,1.201
180.46,0.01201,1.201
180.47,0.01201,1.201
180.48,0.01202,1.202
180.49,0.01202,1.202
180.50,0.01202,1.202
180.51,0.01202,1.202
180.51,0.01202,1.202
180.52,0.01202,1.202
180.53,0.01202,1.202
180.54,0.01202,1.202
180.55,0.01202,1.202
180.56,0.01202,1.202
180.57,0.01202,1.202
180.58,0.01202,1.202
180.59,0.01202,1.202
180.60,0.01203,1.203
180.60,0.01203,1.203
180.61,0.01203,1.203
180.62,0.01203,1.203
180.63,0.01203,1.203
180.64,0.01203,1.203
180.65,0.01203,1.203
180.66,0.01203,1.203
180.67,0.01203,1.203
180.68,0.01203,1.203
180.69,0.01203,1.203
180.69,0.01203,1.203
180.70,0.01204,1.204
180.71,0.01204,1.204
180.72,0.01204,1.204
180.73,0.01204,1.204
180.74,0.01204,1.204
180.75,0.01204,1.204
180.76,0.01204,1.204
180.77,0.01204,1.204
180.77,0.01204,1.204
180.78,0.01204,1.204
180.79,0.01204,1.204
180.80,0.01204,1.204
180.81,0.01205,1.205
180.82,0.01205,1.205
180.83,0.01205,1.205
180.84,0.01205,1.205
180.85,0.01205,1.205
180.86,0.01205,1.205
180.86,0.01205,1.205
180.87,0.01205,1.205
180.88,0.01205,1.205
180.89,0.01205,1.205
180.90,0.01205,1.205
180.91,0.01205,1.205
180.92,0.01206,1.206
180.93,0.01206,1.206
180.94,0.01206,1.206
180.95,0.01206,1.206
180.95,0.01206,1.206
180.96,0.01206,1.206
180.97,0.01206,1.206
180.98,0.01206,1.206
180.99,0.01206,1.206
181.00,0.01206,1.206
181.01,0.01206,1.206
181.02,0.01206,1.206
181.03,0.01206,1.206
181.03,0.01207,1.207
181.04,0.01207,1.207
181.05,0.01207,1.207
181.06,0.01207,1.207
181.07,0.01207,1.207
181.08,0.01207,1.207
181.09,0.01207,1.207
181.10,0.01207,1.207
181.11,0.01207,1.207
181.12,0.01207,1.207
181.12,0.01207,1.207
181.13,0.01207,1.207
181.14,0.01208,1.208
181.15,0.01208,1.208
181.16,0.01208,1.208
181.17,0.01208,1.208
181.18,0.01208,1.208
181.19,0.01208,1.208
181.20,0.01208,1.208
181.20,0.01208,1.208
181.21,0.01208,1.208
181.22,0.01208,1.208
181.23,0.01208,1.208
181.24,0.01208,1.208
181.25,0.01209,1.209
181.26,0.01209,1.209
181.27,0.01209,1.209
181.28,0.01209,1.209
181.29,0.01209,1.209
181.29,0.01209,1.209
181.30,0.01209,1.209
181.31,0.01209,1.209
181.32,0.01209,1.209
181.33,0.01209,1.209
181.34,0.01209,1.209
181.35,0.01209,1.209
181.36,0.01210,1.210
181.37,0.01210,1.210
181.37,0.01210,1.210
181.38,0.01210,1.210
181.39,0.01210,1.210
181.40,0.01210,1.210
181.41,0.01210,1.210
181.42,0.01210,1.210
181.43,0.01210,1.210
181.44,0.01210,1.210
181.45,0.01210,1.210
181.45,0.01210,1.210
181.46,0.01210,1.210
181.47,0.01211,1.211
181.48,0.01211,1.211
181.49,0.01211,1.211
181.50,0.01211,1.211
181.51,0.01211,1.211
181.52,0.01211,1.211
181.53,0.01211,1.211
181.54,0.01211,1.211
181.54,0.01211,1.211
181.55,0.01211,1.211
181.56,0.01211,1.211
181.57,0.01211,1.211
181.58,0.01212,1.212
181.59,0.01212,1.212
181.60,0.01212,1.212
181.61,0.01212,1.212
181.62,0.01212,1.212
181.62,0.01212,1.212
181.63,0.01212,1.212
181.64,0.01212,1.212
181.65,0.01212,1.212
181.66,0.01212,1.212
181.67,0.01212,1.212
181.68,0.01212,1.212
181.69,0.01213,1.213
181.70,0.01213,1.213
181.70,0.01213,1.213
181.71,0.01213,1.213
181.72,0.01213,1.213
181.73,0.01213,1.213
181.74,0.01213,1.213
181.75,0.01213,1.213
181.76,0.01213,1.213
181.77,0.01213,1.213
181.78,0.01213,1.213
181.79,0.01213,1.213
181.79,0.01214,1.214
181.80,0.01214,1.214
181.81,0.01214,1.214
181.82,0.01214,1.214
181.83,0.01214,1.214
181.84,0.01214,1.214
181.85,0.01214,1.214
181.86,0.01214,1.214
181.87,0.01214,1.214
181.87,0.01214,1.214
181.88,0.01214,1.214
181.89,0.01214,1.214
181.90,0.01214,1.214
181.91,0.01215,1.215
181.92,0.01215,1.215
181.93,0.01215,1.215
181.94,0.01215,1.215
181.95,0.01215,1.215
181.95,0.01215,1.215
181.96,0.01215,1.215
181.97,0.01215,1.215
181.98,0.01215,1.215
181.99,0.01215,1.215
182.00,0.01215,1.215
182.01,0.01215,1.215
182.02,0.01216,1.216
182.03,0.01216,1.216
182.04,0.01216,1.216
182.04,0.01216,1.216
182.05,0.01216,1.216
182.06,0.01216,1.216
182.07,0.01216,1.216
182.08,0.01216,1.216
182.09,0.01216,1.216
182.10,0.01216,1.216
182.11,0.01216,1.216
182.12,0.01216,1.216
182.12,0.01217,1.217
182.13,0.01217,1.217
182.14,0.01217,1.217
182.15,0.01217,1.217
182.16,0.01217,1.217
182.17,0.01217,1.217
182.18,0.01217,1.217
182.19,0.01217,1.217
182.20,0.01217,1.217
182.21,0.01217,1.217
182.21,0.01217,1.217
182.22,0.01217,1.217
182.23,0.01218,1.218
182.24,0.01218,1.218
182.25,0.01218,1.218
182.26,0.01218,1.218
182.27,0.01218,1.218
182.28,0.01218,1.218
182.29,0.01218,1.218
182.29,0.01218,1.218
182.30,0.01218,1.218
182.31,0.01218,1.218
182.32,0.01218,1.218
182.33,0.01218,1.218
182.34,0.01218,1.218
182.35,0.01219,1.219
182.36,0.01219,1.219
182.37,0.01219,1.219
182.38,0.01219,1.219
182.38,0.01219,1.219
182.39,0.01219,1.219
182.40,0.01219,1.219
182.41,0.01219,1.219
182.42,0.01219,1.219
182.43,0.01219,1.219
182.44,0.01219,1.219
182.45,0.01219,1.219
182.46,0.01220,1.220
182.46,0.01220,1.220
182.47,0.01220,1.220
182.48,0.01220,1.220
182.49,0.01220,1.220
182.50,0.01220,1.220
182.51,0.01220,1.220
182.52,0.01220,1.220
182.53,0.01220,1.220
182.54,0.01220,1.220
182.55,0.01220,1.220
182.55,0.01220,1.220
182.56,0.01221,1.221
182.57,0.01221,1.221
182.58,0.01221,1.221
182.59,0.01221,1.221
182.60,0.01221,1.221
182.61,0.01221,1.221
182.62,0.01221,1.221
182.63,0.01221,1.221
182.64,0.01221,1.221
182.64,0.01221,1.221
182.65,0.01221,1.221
182.66,0.01221,1.221
182.67,0.01221,1.221
182.68,0.01222,1.222
182.69,0.01222,1.222
182.70,0.01222,1.222
182.71,0.01222,1.222
182.72,0.01222,1.222
182.72,0.01222,1.222
182.73,0.01222,1.222
182.74,0.01222,1.222
182.75,0.01222,1.222
182.76,0.01222,1.222
182.77,0.01222,1.222
182.78,0.01222,1.222
182.79,0.01223,1.223
182.80,0.01223,1.223
182.81,0.01223,1.223
182.81,0.01223,1.223
182.82,0.01223,1.223
182.83,0.01223,1.223
182.84,0.01223,1.223
182.85,0.01223,1.223
182.86,0.01223,1.223
182.87,0.01223,1.223
182.88,0.01223,1.223
182.89,0.01223,1.223
182.90,0.01224,1.224
182.90,0.01224,1.224
182.91,0.01224,1.224
182.92,0.01224,1.224
182.93,0.01224,1.224
182.94,0.01224,1.224
182.95,0.01224,1.224
182.96,0.01224,1.224
182.97,0.01224,1.224
182.98,0.01224,1.224
182.98,0.01224,1.224
182.99,0.01224,1.224
183.00,0.01224,1.224
183.01,0.01225,1.225
183.02,0.01225,1.225
183.03,0.01225,1.225
183.04,0.01225,1.225
183.05,0.01225,1.225
183.06,0.01225,1.225
183.07,0.01225,1.225
183.07,0.01225,1.225
183.08,0.01225,1.225
183.09,0.01225,1.225
183.10,0.01225,1.225
183.11,0.01225,1.225
183.12,0.01226,1.226
183.13,0.01226,1.226
183.14,0.01226,1.226
183.15,0.01226,1.226
183.15,0.01226,1.226
183.16,0.01226,1.226
183.17,0.01226,1.226
183.18,0.01226,1.226
183.19,0.01226,1.226
183.20,0.01226,1.226
183.21,0.01226,1.226
183.22,0.01226,1.226
183.23,0.01227,1.227
183.23,0.01227,1.227
183.24,0.01227,1.227
183.25,0.01227,1.227
183.26,0.01227,1.227
183.27,0.01227,1.227
183.28,0.01227,1.227
183.29,0.01227,1.227
183.30,0.01227,1.227
183.31,0.01227,1.227
183.32,0.01227,1.227
183.32,0.01227,1.227
183.33,0.01227,1.227
183.34,0.01228,1.228
183.35,0.01228,1.228
183.36,0.01228,1.228
183.37,0.01228,1.228
183.38,0.01228,1.228
183.39,0.01228,1.228
183.40,0.01228,1.228
183.40,0.01228,1.228
183.41,0.01228,1.228
183.42,0.01228,1.228
183.43,0.01228,1.228
183.44,0.01228,1.228
183.45,0.01229,1.229
183.46,0.01229,1.229
183.47,0.01229,1.229
183.48,0.01229,1.229
183.48,0.01229,1.229
183.49,0.01229,1.229
183.50,0.01229,1.229
183.51,0.01229,1.229
183.52,0.01229,1.229
183.53,0.01229,1.229
183.54,0.01229,1.229
183.55,0.01229,1.229
183.56,0.01229,1.229
183.57,0.01230,1.230
183.57,0.01230,1.230
183.58,0.01230,1.230
183.59,0.01230,1.230
183.60,0.01230,1.230
183.61,0.01230,1.230
183.62,0.01230,1.230
183.63,0.01230,1.230
183.64,0.01230,1.230
183.65,0.01230,1.230
183.65,0.01230,1.230
183.66,0.01230,1.230
183.67,0.01231,1.231
183.68,0.01231,1.231
183.69,0.01231,1.231
183.70,0.01231,1.231
183.71,0.01231,1.231
183.72,0.01231,1.231
183.73,0.01231,1.231
183.73,0.01231,1.231
183.74,0.01231,1.231
183.75,0.01231,1.231
183.76,0.01231,1.231
183.77,0.01231,1.231
183.78,0.01232,1.232
183.79,0.01232,1.232
183.80,0.01232,1.232
183.81,0.01232,1.232
183.81,0.01232,1.232
183.82,0.01232,1.232
183.83,0.01232,1.232
183.84,0.01232,1.232
183.85,0.01232,1.232
183.86,0.01232,1.232
183.87,0.01232,1.232
183.88,0.01232,1.232
183.89,0.01232,1.232
183.90,0.01233,1.233
183.90,0.01233,1.233
183.91,0.01233,1.233
183.92,0.01233,1.233
183.93,0.01233,1.233
183.94,0.01233,1.233
183.95,0.01233,1.233
183.96,0.01233,1.233
183.97,0.01233,1.233
183.98,0.01233,1.233
183.98,0.01233,1.233
183.99,0.01233,1.233
184.00,0.01234,1.234
184.01,0.01234,1.234
184.02,0.01234,1.234
184.03,0.01234,1.234
184.04,0.01234,1.234
184.05,0.01234,1.234
184.06,0.01234,1.234
184.07,0.01234,1.234
184.07,0.01234,1.234
184.08,0.01234,1.234
184.09,0.01234,1.234
184.10,0.01234,1.234
184.11,0.01234,1.234
184.12,0.01235,1.235
184.13,0.01235,1.235
184.14,0.01235,1.235
184.15,0.01235,1.235
184.15,0.01235,1.235
184.16,0.01235,1.235
184.17,0.01235,1.235
184.18,0.01235,1.235
184.19,0.01235,1.235
184.20,0.01235,1.235
184.21,0.01235,1.235
184.22,0.01235,1.235
184.23,0.01236,1.236
184.24,0.01236,1.236
184.24,0.01236,1.236
184.25,0.01236,1.236
184.26,0.01236,1.236
184.27,0.01236,1.236
184.28,0.01236,1.236
184.29,0.01236,1.236
184.30,0.01236,1.236
184.31,0.01236,1.236
184.32,0.01236,1.236
184.32,0.01236,1.236
184.33,0.01237,1.237
184.34,0.01237,1.237
184.35,0.01237,1.237
184.36,0.01237,1.237
184.37,0.01237,1.237
184.38,0.01237,1.237
184.39,0.01237,1.237
184.40,0.01237,1.237
184.41,0.01237,1.237
184.41,0.01237,1.237
184.42,0.01237,1.237
184.43,0.01237,1.237
184.44,0.01237,1.237
184.45,0.01238,1.238
184.46,0.01238,1.238
184.47,0.01238,1.238
184.48,0.01238,1.238
184.49,0.01238,1.238
184.50,0.01238,1.238
184.50,0.01238,1.238
184.51,0.01238,1.238
184.52,0.01238,1.238
184.53,0.01238,1.238
184.54,0.01238,1.238
184.55,0.01238,1.238
184.56,0.01239,1.239
184.57,0.01239,1.239
184.58,0.01239,1.239
184.58,0.01239,1.239
184.59,0.01239,1.239
184.60,0.01239,1.239
184.61,0.01239,1.239
184.62,0.01239,1.239
184.63,0.01239,1.239
184.64,0.01239,1.239
184.65,0.01239,1.239
184.66,0.01239,1.239
184.67,0.01240,1.240
184.67,0.01240,1.240
184.68,0.01240,1.240
184.69,0.01240,1.240
184.70,0.01240,1.240
184.71,0.01240,1.240
184.72,0.01240,1.240
184.73,0.01240,1.240
184.74,0.01240,1.240
184.75,0.01240,1.240
184.75,0.01240,1.240
184.76,0.01240,1.240
184.77,0.01240,1.240
184.78,0.01241,1.241
184.79,0.01241,1.241
184.80,0.01241,1.241
184.81,0.01241,1.241
184.82,0.01241,1.241
184.83,0.01241,1.241
184.84,0.01241,1.241
184.84,0.01241,1.241
184.85,0.01241,1.241
184.86,0.01241,1.241
184.87,0.01241,1.241
184.88,0.01241,1.241
184.89,0.01242,1.242
184.90,0.01242,1.242
184.91,0.01242,1.242
184.92,0.01242,1.242
184.92,0.01242,1.242
184.93,0.01242,1.242
184.94,0.01242,1.242
184.95,0.01242,1.242
184.96,0.01242,1.242
184.97,0.01242,1.242
184.98,0.01242,1.242
184.99,0.01242,1.242
185.00,0.01243,1.243
185.01,0.01243,1.243
185.01,0.01243,1.243
185.02,0.01243,1.243
185.03,0.01243,1.243
185.04,0.01243,1.243
185.05,0.01243,1.243
185.06,0.01243,1.243
185.07,0.01243,1.243
185.08,0.01243,1.243
185.09,0.01243,1.243
185.09,0.01243,1.243
185.10,0.01243,1.243
185.11,0.01244,1.244
185.12,0.01244,1.244
185.13,0.01244,1.244
185.14,0.01244,1.244
185.15,0.01244,1.244
185.16,0.01244,1.244
185.17,0.01244,1.244
185.17,0.01244,1.244
185.18,0.01244,1.244
185.19,0.01244,1.244
185.20,0.01244,1.244
185.21,0.01244,1.244
185.22,0.01245,1.245
185.23,0.01245,1.245
185.24,0.01245,1.245
185.25,0.01245,1.245
185.26,0.01245,1.245
185.26,0.01245,1.245
185.27,0.01245,1.245
185.28,0.01245,1.245
185.29,0.01245,1.245
185.30,0.01245,1.245
185.31,0.01245,1.245
185.32,0.01245,1.245
185.33,0.01246,1.246
185.34,0.01246,1.246
185.34,0.01246,1.246
185.35,0.01246,1.246
185.36,0.01246,1.246
185.37,0.01246,1.246
185.38,0.01246,1.246
185.39,0.01246,1.246
185.40,0.01246,1.246
185.41,0.01246,1.246
185.42,0.01246,1.246
185.42,0.01246,1.246
185.43,0.01246,1.246
185.44,0.01247,1.247
185.45,0.01247,1.247
185.46,0.01247,1.247
185.47,0.01247,1.247
185.48,0.01247,1.247
185.49,0.01247,1.247
185.50,0.01247,1.247
185.51,0.01247,1.247
185.51,0.01247,1.247
185.52,0.01247,1.247
185.53,0.01247,1.247
185.54,0.01247,1.247
185.55,0.01248,1.248
185.56,0.01248,1.248
185.57,0.01248,1.248
185.58,0.01248,1.248
185.59,0.01248,1.248
185.59,0.01248,1.248
185.60,0.01248,1.248
185.61,0.01248,1.248
185.62,0.01248,1.248
185.63,0.01248,1.248
185.64,0.01248,1.248
185.65,0.01248,1.248
185.66,0.01249,1.249
185.67,0.01249,1.249
185.67,0.01249,1.249
185.68,0.01249,1.249
185.69,0.01249,1.249
185.70,0.01249,1.249
185.71,0.01249,1.249
185.72,0.01249,1.249
185.73,0.01249,1.249
185.74,0.01249,1.249
185.75,0.01249,1.249
185.76,0.01249,1.249
185.76,0.01249,1.249
185.77,0.01250,1.250
185.78,0.01250,1.250
185.79,0.01250,1.250
185.80,0.01250,1.250
185.81,0.01250,1.250
185.82,0.01250,1.250
185.83,0.01250,1.250
185.84,0.01250,1.250
185.84,0.01250,1.250
185.85,0.01250,1.250
185.86,0.01250,1.250
185.87,0.01250,1.250
185.88,0.01251,1.251
185.89,0.01251,1.251
185.90,0.01251,1.251
185.91,0.01251,1.251
185.92,0.01251,1.251
185.93,0.01251,1.251
185.93,0.01251,1.251
185.94,0.01251,1.251
185.95,0.01251,1.251
185.96,0.01251,1.251
185.97,0.01251,1.251
185.98,0.01251,1.251
185.99,0.01252,1.252
186.00,0.01252,1.252
186.01,0.01252,1.252
186.01,0.01252,1.252
186.02,0.01252,1.252
186.03,0.01252,1.252
186.04,0.01252,1.252
186.05,0.01252,1.252
186.06,0.01252,1.252
186.07,0.01252,1.252
186.08,0.01252,1.252
186.09,0.01252,1.252
186.10,0.01253,1.253
186.10,0.01253,1.253
186.11,0.01253,1.253
186.12,0.01253,1.253
186.13,0.01253,1.253
186.14,0.01253,1.253
186.15,0.01253,1.253
186.16,0.01253,1.253
186.17,0.01253,1.253
186.18,0.01253,1.253
186.18,0.01253,1.253
186.19,0.01253,1.253
186.20,0.01253,1.253
186.21,0.01254,1.254
186.22,0.01254,1.254
186.23,0.01254,1.254
186.24,0.01254,1.254
186.25,0.01254,1.254
186.26,0.01254,1.254
186.27,0.01254,1.254
186.27,0.01254,1.254
186.28,0.01254,1.254
186.29,0.01254,1.254
186.30,0.01254,1.254
186.31,0.01254,1.254
186.32,0.01255,1.255
186.33,0.01255,1.255
186.34,0.01255,1.255
186.35,0.01255,1.255
186.35,0.01255,1.255
186.36,0.01255,1.255
186.37,0.01255,1.255
186.38,0.01255,1.255
186.39,0.01255,1.255
186.40,0.01255,1.255
186.41,0.01255,1.255
186.42,0.01255,1.255
186.43,0.01256,1.256
186.44,0.01256,1.256
186.44,0.01256,1.256
186.45,0.01256,1.256
186.46,0.01256,1.256
186.47,0.01256,1.256
186.48,0.01256,1.256
186.49,0.01256,1.256
186.50,0.01256,1.256
186.51,0.01256,1.256
186.52,0.01256,1.256
186.52,0.01256,1.256
186.53,0.01257,1.257
186.54,0.01257,1.257
186.55,0.01257,1.257
186.56,0.01257,1.257
186.57,0.01257,1.257
186.58,0.01257,1.257
186.59,0.01257,1.257
186.60,0.01257,1.257
186.61,0.01257,1.257
186.61,0.01257,1.257
186.62,0.01257,1.257
186.63,0.01257,1.257
186.64,0.01257,1.257
186.65,0.01258,1.258
186.66,0.01258,1.258
186.67,0.01258,1.258
186.68,0.01258,1.258
186.69,0.01258,1.258
186.69,0.01258,1.258
186.70,0.01258,1.258
186.71,0.01258,1.258
186.72,0.01258,1.258
186.73,0.01258,1.258
186.74,0.01258,1.258
186.75,0.01258,1.258
186.76,0.01259,1.259
186.77,0.01259,1.259
186.77,0.01259,1.259
186.78,0.01259,1.259
186.79,0.01259,1.259
186.80,0.01259,1.259
186.81,0.01259,1.259
186.82,0.01259,1.259
186.83,0.01259,1.259
186.84,0.01259,1.259
186.85,0.01259,1.259
186.86,0.01259,1.259
186.86,0.01260,1.260
186.87,0.01260,1.260
186.88,0.01260,1.260
186.89,0.01260,1.260
186.90,0.01260,1.260
186.91,0.01260,1.260
186.92,0.01260,1.260
186.93,0.01260,1.260
186.94,0.01260,1.260
186.94,0.01260,1.260
186.95,0.01260,1.260
186.96,0.01260,1.260
186.97,0.01261,1.261
186.98,0.01261,1.261
186.99,0.01261,1.261
187.00,0.01261,1.261
187.01,0.01261,1.261
187.02,0.01261,1.261
187.03,0.01261,1.261
187.03,0.01261,1.261
187.04,0.01261,1.261
187.05,0.01261,1.261
187.06,0.01261,1.261
187.07,0.01261,1.261
187.08,0.01261,1.261
187.09,0.01262,1.262
187.10,0.01262,1.262
187.11,0.01262,1.262
187.11,0.01262,1.262
187.12,0.01262,1.262
187.13,0.01262,1.262
187.14,0.01262,1.262
187.15,0.01262,1.262
187.16,0.01262,1.262
187.17,0.01262,1.262
187.18,0.01262,1.262
187.19,0.01262,1.262
187.19,0.01263,1.263
187.20,0.01263,1.263
187.21,0.01263,1.263
187.22,0.01263,1.263
187.23,0.01263,1.263
187.24,0.01263,1.263
187.25,0.01263,1.263
187.26,0.01263,1.263
187.27,0.01263,1.263
187.28,0.01263,1.263
187.28,0.01263,1.263
187.29,0.01263,1.263
187.30,0.01264,1.264
187.31,0.01264,1.264
187.32,0.01264,1.264
187.33,0.01264,1.264
187.34,0.01264,1.264
187.35,0.01264,1.264
187.36,0.01264,1.264
187.36,0.01264,1.264
187.37,0.01264,1.264
187.38,0.01264,1.264
187.39,0.01264,1.264
187.40,0.01264,1.264
187.41,0.01265,1.265
187.42,0.01265,1.265
187.43,0.01265,1.265
187.44,0.01265,1.265
187.45,0.01265,1.265
187.45,0.01265,1.265
187.46,0.01265,1.265
187.47,0.01265,1.265
187.48,0.01265,1.265
187.49,0.01265,1.265
187.50,0.01265,1.265
187.51,0.01265,1.265
187.52,0.01266,1.266
187.53,0.01266,1.266
187.53,0.01266,1.266
187.54,0.01266,1.266
187.55,0.01266,1.266
187.56,0.01266,1.266
187.57,0.01266,1.266
187.58,0.01266,1.266
187.59,0.01266,1.266
187.60,0.01266,1.266
187.61,0.01266,1.266
187.61,0.01266,1.266
187.62,0.01266,1.266
187.63,0.01267,1.267
187.64,0.01267,1.267
187.65,0.01267,1.267
187.66,0.01267,1.267
187.67,0.01267,1.267
187.68,0.01267,1.267
187.69,0.01267,1.267
187.70,0.01267,1.267
187.70,0.01267,1.267
187.71,0.01267,1.267
187.72,0.01267,1.267
187.73,0.01267,1.267
187.74,0.01268,1.268
187.75,0.01268,1.268
187.76,0.01268,1.268
187.77,0.01268,1.268
187.78,0.01268,1.268
187.78,0.01268,1.268
187.79,0.01268,1.268
187.80,0.01268,1.268
187.81,0.01268,1.268
187.82,0.01268,1.268
187.83,0.01268,1.268
187.84,0.01268,1.268
187.85,0.01269,1.269
187.86,0.01269,1.269
187.87,0.01269,1.269
187.87,0.01269,1.269
187.88,0.01269,1.269
187.89,0.01269,1.269
187.90,0.01269,1.269
187.91,0.01269,1.269
187.92,0.01269,1.269
187.93,0.01269,1.269
187.94,0.01269,1.269
187.95,0.01269,1.269
187.95,0.01270,1.270
187.96,0.01270,1.270
187.97,0.01270,1.270
187.98,0.01270,1.270
187.99,0.01270,1.270
188.00,0.01270,1.270
188.01,0.01270,1.270
188.02,0.01270,1.270
188.03,0.01270,1.270
188.04,0.01270,1.270
188.04,0.01270,1.270
188.05,0.01270,1.270
188.06,0.01270,1.270
188.07,0.01271,1.271
188.08,0.01271,1.271
188.09,0.01271,1.271
188.10,0.01271,1.271
188.11,0.01271,1.271
188.12,0.01271,1.271
188.12,0.01271,1.271
188.13,0.01271,1.271
188.14,0.01271,1.271
188.15,0.01271,1.271
188.16,0.01271,1.271
188.17,0.01271,1.271
188.18,0.01272,1.272
188.19,0.01272,1.272
188.20,0.01272,1.272
188.21,0.01272,1.272
188.21,0.01272,1.272
188.22,0.01272,1.272
188.23,0.01272,1.272
188.24,0.01272,1.272
188.25,0.01272,1.272
188.26,0.01272,1.272
188.27,0.01272,1.272
188.28,0.01272,1.272
188.29,0.01273,1.273
188.29,0.01273,1.273
188.30,0.01273,1.273
188.31,0.01273,1.273
188.32,0.01273,1.273
188.33,0.01273,1.273
188.34,0.01273,1.273
188.35,0.01273,1.273
188.36,0.01273,1.273
188.37,0.01273,1.273
188.37,0.01273,1.273
188.38,0.01273,1.273
188.39,0.01274,1.274
188.40,0.01274,1.274
188.41,0.01274,1.274
188.42,0.01274,1.274
188.43,0.01274,1.274
188.44,0.01274,1.274
188.45,0.01274,1.274
188.46,0.01274,1.274
188.46,0.01274,1.274
188.47,0.01274,1.274
188.48,0.01274,1.274
188.49,0.01274,1.274
188.50,0.01274,1.274
188.51,0.01275,1.275
188.52,0.01275,1.275
188.53,0.01275,1.275
188.54,0.01275,1.275
188.54,0.01275,1.275
188.55,0.01275,1.275
188.56,0.01275,1.275
188.57,0.01275,1.275
188.58,0.01275,1.275
188.59,0.01275,1.275
188.60,0.01275,1.275
188.61,0.01275,1.275
188.62,0.01276,1.276
188.63,0.01276,1.276
188.63,0.01276,1.276
188.64,0.01276,1.276
188.65,0.01276,1.276
188.66,0.01276,1.276
188.67,0.01276,1.276
188.68,0.01276,1.276
188.69,0.01276,1.276
188.70,0.01276,1.276
188.71,0.01276,1.276
188.71,0.01276,1.276
188.72,0.01277,1.277
188.73,0.01277,1.277
188.74,0.01277,1.277
188.75,0.01277,1.277
188.76,0.01277,1.277
188.77,0.01277,1.277
188.78,0.01277,1.277
188.79,0.01277,1.277
188.80,0.01277,1.277
188.80,0.01277,1.277
188.81,0.01277,1.277
188.82,0.01277,1.277
188.83,0.01278,1.278
188.84,0.01278,1.278
188.85,0.01278,1.278
188.86,0.01278,1.278
188.87,0.01278,1.278
188.88,0.01278,1.278
188.88,0.01278,1.278
188.89,0.01278,1.278
188.90,0.01278,1.278
188.91,0.01278,1.278
188.92,0.01278,1.278
188.93,0.01278,1.278
188.94,0.01278,1.278
188.95,0.01279,1.279
188.96,0.01279,1.279
188.96,0.01279,1.279
188.97,0.01279,1.279
188.98,0.01279,1.279
188.99,0.01279,1.279
189.00,0.01279,1.279
189.01,0.01279,1.279
189.02,0.01279,1.279
189.03,0.01279,1.279
189.04,0.01279,1.279
189.05,0.01279,1.279
189.05,0.01280,1.280
189.06,0.01280,1.280
189.07,0.01280,1.280
189.08,0.01280,1.280
189.09,0.01280,1.280
189.10,0.01280,1.280
189.11,0.01280,1.280
189.12,0.01280,1.280
189.13,0.01280,1.280
189.13,0.01280,1.280
189.14,0.01280,1.280
189.15,0.01280,1.280
189.16,0.01281,1.281
189.17,0.01281,1.281
189.18,0.01281,1.281
189.19,0.01281,1.281
189.20,0.01281,1.281
189.21,0.01281,1.281
189.22,0.01281,1.281
189.22,0.01281,1.281
189.23,0.01281,1.281
189.24,0.01281,1.281
189.25,0.01281,1.281
189.26,0.01281,1.281
189.27,0.01282,1.282
189.28,0.01282,1.282
189.29,0.01282,1.282
189.30,0.01282,1.282
189.30,0.01282,1.282
189.31,0.01282,1.282
189.32,0.01282,1.282
189.33,0.01282,1.282
189.34,0.01282,1.282
189.35,0.01282,1.282
189.36,0.01282,1.282
189.37,0.01282,1.282
189.38,0.01282,1.282
189.39,0.01283,1.283
189.39,0.01283,1.283
189.40,0.01283,1.283
189.41,0.01283,1.283
189.42,0.01283,1.283
189.43,0.01283,1.283
189.44,0.01283,1.283
189.45,0.01283,1.283
189.46,0.01283,1.283
189.47,0.01283,1.283
189.47,0.01283,1.283
189.48,0.01283,1.283
189.49,0.01284,1.284
189.50,0.01284,1.284
189.51,0.01284,1.284
189.52,0.01284,1.284
189.53,0.01284,1.284
189.54,0.01284,1.284
189.55,0.01284,1.284
189.55,0.01284,1.284
189.56,0.01284,1.284
189.57,0.01284,1.284
189.58,0.01284,1.284
189.59,0.01284,1.284
189.60,0.01285,1.285
189.61,0.01285,1.285
189.62,0.01285,1.285
189.63,0.01285,1.285
189.64,0.01285,1.285
189.64,0.01285,1.285
189.65,0.01285,1.285
189.66,0.01285,1.285
189.67,0.01285,1.285
189.68,0.01285,1.285
189.69,0.01285,1.285
189.70,0.01285,1.285
189.71,0.01286,1.286
189.72,0.01286,1.286
189.72,0.01286,1.286
189.73,0.01286,1.286
189.74,0.01286,1.286
189.75,0.01286,1.286
189.76,0.01286,1.286
189.77,0.01286,1.286
189.78,0.01286,1.286
189.79,0.01286,1.286
189.80,0.01286,1.286
189.80,0.01286,1.286
189.81,0.01287,1.287
189.82,0.01287,1.287
189.83,0.01287,1.287
189.84,0.01287,1.287
189.85,0.01287,1.287
189.86,0.01287,1.287
189.87,0.01287,1.287
189.88,0.01287,1.287
189.89,0.01287,1.287
189.89,0.01287,1.287
189.90,0.01287,1.287
189.91,0.01287,1.287
189.92,0.01287,1.287
189.93,0.01288,1.288
189.94,0.01288,1.288
189.95,0.01288,1.288
189.96,0.01288,1.288
189.97,0.01288,1.288
189.97,0.01288,1.288
189.98,0.01288,1.288
189.99,0.01288,1.288
190.00,0.01288,1.288
190.01,0.01288,1.288
190.02,0.01288,1.288
190.03,0.01288,1.288
190.04,0.01289,1.289
190.05,0.01289,1.289
190.05,0.01289,1.289
190.06,0.01289,1.289
190.07,0.01289,1.289
190.08,0.01289,1.289
190.09,0.01289,1.289
190.10,0.01289,1.289
190.11,0.01289,1.289
190.12,0.01289,1.289
190.13,0.01289,1.289
190.14,0.01289,1.289
190.14,0.01290,1.290
190.15,0.01290,1.290
190.16,0.01290,1.290
190.17,0.01290,1.290
190.18,0.01290,1.290
190.19,0.01290,1.290
190.20,0.01290,1.290
190.21,0.01290,1.290
190.22,0.01290,1.290
190.22,0.01290,1.290
190.23,0.01290,1.290
190.24,0.01290,1.290
190.25,0.01291,1.291
190.26,0.01291,1.291
190.27,0.01291,1.291
190.28,0.01291,1.291
190.29,0.01291,1.291
190.30,0.01291,1.291
190.30,0.01291,1.291
190.31,0.01291,1.291
190.32,0.01291,1.291
190.33,0.01291,1.291
190.34,0.01291,1.291
190.35,0.01291,1.291
190.36,0.01291,1.291
190.37,0.01292,1.292
190.38,0.01292,1.292
190.39,0.01292,1.292
190.39,0.01292,1.292
190.40,0.01292,1.292
190.41,0.01292,1.292
190.42,0.01292,1.292
190.43,0.01292,1.292
190.44,0.01292,1.292
190.45,0.01292,1.292
190.46,0.01292,1.292
190.47,0.01292,1.292
190.47,0.01293,1.293
190.48,0.01293,1.293
190.49,0.01293,1.293
190.50,0.01293,1.293
190.51,0.01293,1.293
190.52,0.01293,1.293
190.53,0.01293,1.293
190.54,0.01293,1.293
190.55,0.01293,1.293
190.56,0.01293,1.293
190.56,0.01293,1.293
190.57,0.01293,1.293
190.58,0.01294,1.294
190.59,0.01294,1.294
190.60,0.01294,1.294
190.61,0.01294,1.294
190.62,0.01294,1.294
190.63,0.01294,1.294
190.64,0.01294,1.294
190.64,0.01294,1.294
190.65,0.01294,1.294
190.66,0.01294,1.294
190.67,0.01294,1.294
190.68,0.01294,1.294
190.69,0.01295,1.295
190.70,0.01295,1.295
190.71,0.01295,1.295
190.72,0.01295,1.295
190.73,0.01295,1.295
190.73,0.01295,1.295
190.74,0.01295,1.295
190.75,0.01295,1.295
190.76,0.01295,1.295
190.77,0.01295,1.295
190.78,0.01295,1.295
190.79,0.01295,1.295
190.80,0.01295,1.295
190.81,0.01296,1.296
190.81,0.01296,1.296
190.82,0.01296,1.296
190.83,0.01296,1.296
190.84,0.01296,1.296
190.85,0.01296,1.296
190.86,0.01296,1.296
190.87,0.01296,1.296
190.88,0.01296,1.296
190.89,0.01296,1.296
190.90,0.01296,1.296
190.90,0.01296,1.296
190.91,0.01297,1.297
190.92,0.01297,1.297
190.93,0.01297,1.297
190.94,0.01297,1.297
190.95,0.01297,1.297
190.96,0.01297,1.297
190.97,0.01297,1.297
190.98,0.01297,1.297
190.98,0.01297,1.297
190.99,0.01297,1.297
191.00,0.01297,1.297
191.01,0.01297,1.297
191.02,0.01298,1.298
191.03,0.01298,1.298
191.04,0.01298,1.298
191.05,0.01298,1.298
191.06,0.01298,1.298
191.07,0.01298,1.298
191.07,0.01298,1.298
191.08,0.01298,1.298
191.09,0.01298,1.298
191.10,0.01298,1.298
191.11,0.01298,1.298
191.12,0.01298,1.298
191.13,0.01299,1.299
191.14,0.01299,1.299
191.15,0.01299,1.299
191.15,0.01299,1.299
191.16,0.01299,1.299
191.17,0.01299,1.299
191.18,0.01299,1.299
191.19,0.01299,1.299
191.20,0.01299,1.299
191.21,0.01299,1.299
191.22,0.01299,1.299
191.23,0.01299,1.299
191.24,0.01300,1.300
191.24,0.01300,1.300
191.25,0.01300,1.300
191.26,0.01300,1.300
191.27,0.01300,1.300
191.28,0.01300,1.300
191.29,0.01300,1.300
191.30,0.01300,1.300
191.31,0.01300,1.300
191.32,0.01300,1.300
191.32,0.01300,1.300
191.33,0.01300,1.300
191.34,0.01300,1.300
191.35,0.01301,1.301
191.36,0.01301,1.301
191.37,0.01301,1.301
191.38,0.01301,1.301
191.39,0.01301,1.301
191.40,0.01301,1.301
191.41,0.01301,1.301
191.41,0.01301,1.301
191.42,0.01301,1.301
191.43,0.01301,1.301
191.44,0.01301,1.301
191.45,0.01301,1.301
191.46,0.01302,1.302
191.47,0.01302,1.302
191.48,0.01302,1.302
191.49,0.01302,1.302
191.49,0.01302,1.302
191.50,0.01302,1.302
191.51,0.01302,1.302
191.52,0.01302,1.302
191.53,0.01302,1.302
191.54,0.01302,1.302
191.55,0.01302,1.302
191.56,0.01302,1.302
191.57,0.01303,1.303
191.57,0.01303,1.303
191.58,0.01303,1.303
191.59,0.01303,1.303
191.60,0.01303,1.303
191.61,0.01303,1.303
191.62,0.01303,1.303
191.63,0.01303,1.303
191.64,0.01303,1.303
191.65,0.01303,1.303
191.65,0.01303,1.303
191.66,0.01303,1.303
191.67,0.01304,1.304
191.68,0.01304,1.304
191.69,0.01304,1.304
191.70,0.01304,1.304
191.71,0.01304,1.304
191.72,0.01304,1.304
191.73,0.01304,1.304
191.74,0.01304,1.304
191.74,0.01304,1.304
191.75,0.01304,1.304
191.76,0.01304,1.304
191.77,0.01304,1.304
191.78,0.01305,1.305
191.79,0.01305,1.305
191.80,0.01305,1.305
191.81,0.01305,1.305
191.82,0.01305,1.305
191.82,0.01305,1.305
191.83,0.01305,1.305
191.84,0.01305,1.305
191.85,0.01305,1.305
191.86,0.01305,1.305
191.87,0.01305,1.305
191.88,0.01305,1.305
191.89,0.01305,1.305
191.90,0.01306,1.306
191.90,0.01306,1.306
191.91,0.01306,1.306
191.92,0.01306,1.306
191.93,0.01306,1.306
191.94,0.01306,1.306
191.95,0.01306,1.306
191.96,0.01306,1.306
191.97,0.01306,1.306
191.98,0.01306,1.306
191.98,0.01306,1.306
191.99,0.01306,1.306
192.00,0.01307,1.307
192.01,0.01307,1.307
192.02,0.01307,1.307
192.03,0.01307,1.307
192.04,0.01307,1.307
192.05,0.01307,1.307
192.06,0.01307,1.307
192.06,0.01307,1.307
192.07,0.01307,1.307
192.08,0.01307,1.307
192.09,0.01307,1.307
192.10,0.01307,1.307
192.11,0.01308,1.308
192.12,0.01308,1.308
192.13,0.01308,1.308
192.14,0.01308,1.308
192.15,0.01308,1.308
192.15,0.01308,1.308
192.16,0.01308,1.308
192.17,0.01308,1.308
192.18,0.01308,1.308
192.19,0.01308,1.308
192.20,0.01308,1.308
192.21,0.01308,1.308
192.22,0.01309,1.309
192.23,0.01309,1.309
192.23,0.01309,1.309
192.24,0.01309,1.309
192.25,0.01309,1.309
192.26,0.01309,1.309
192.27,0.01309,1.309
192.28,0.01309,1.309
192.29,0.01309,1.309
192.30,0.01309,1.309
192.31,0.01309,1.309
192.31,0.01309,1.309
192.32,0.01310,1.310
192.33,0.01310,1.310
192.34,0.01310,1.310
192.35,0.01310,1.310
192.36,0.01310,1.310
192.37,0.01310,1.310
192.38,0.01310,1.310
192.39,0.01310,1.310
192.40,0.01310,1.310
192.40,0.01310,1.310
192.41,0.01310,1.310
192.42,0.01310,1.310
192.43,0.01311,1.311
192.44,0.01311,1.311
192.45,0.01311,1.311
192.46,0.01311,1.311
192.47,0.01311,1.311
192.48,0.01311,1.311
192.48,0.01311,1.311
192.49,0.01311,1.311
192.50,0.01311,1.311
192.51,0.01311,1.311
192.52,0.01311,1.311
192.53,0.01311,1.311
192.54,0.01311,1.311
192.55,0.01312,1.312
192.56,0.01312,1.312
192.57,0.01312,1.312
192.57,0.01312,1.312
192.58,0.01312,1.312
192.59,0.01312,1.312
192.60,0.01312,1.312
192.61,0.01312,1.312
192.62,0.01312,1.312
192.63,0.01312,1.312
192.64,0.01312,1.312
192.65,0.01312,1.312
192.65,0.01313,1.313
192.66,0.01313,1.313
192.67,0.01313,1.313
192.68,0.01313,1.313
192.69,0.01313,1.313
192.70,0.01313,1.313
192.71,0.01313,1.313
192.72,0.01313,1.313
192.73,0.01313,1.313
192.73,0.01313,1.313
192.74,0.01313,1.313
192.75,0.01313,1.313
192.76,0.01314,1.314
192.77,0.01314,1.314
192.78,0.01314,1.314
192.79,0.01314,1.314
192.80,0.01314,1.314
192.81,0.01314,1.314
192.82,0.01314,1.314
192.82,0.01314,1.314
192.83,0.01314,1.314
192.84,0.01314,1.314
192.85,0.01314,1.314
192.86,0.01314,1.314
192.87,0.01315,1.315
192.88,0.01315,1.315
192.89,0.01315,1.315
192.90,0.01315,1.315
192.90,0.01315,1.315
192.91,0.01315,1.315
192.92,0.01315,1.315
192.93,0.01315,1.315
192.94,0.01315,1.315
192.95,0.01315,1.315
192.96,0.01315,1.315
192.97,0.01315,1.315
192.98,0.01316,1.316
192.98,0.01316,1.316
192.99,0.01316,1.316
193.00,0.01316,1.316
193.01,0.01316,1.316
193.02,0.01316,1.316
193.03,0.01316,1.316
193.04,0.01316,1.316
193.05,0.01316,1.316
193.06,0.01316,1.316
193.07,0.01316,1.316
193.07,0.01316,1.316
193.08,0.01317,1.317
193.09,0.01317,1.317
193.10,0.01317,1.317
193.11,0.01317,1.317
193.12,0.01317,1.317
193.13,0.01317,1.317
193.14,0.01317,1.317
193.15,0.01317,1.317
193.15,0.01317,1.317
193.16,0.01317,1.317
193.17,0.01317,1.317
193.18,0.01317,1.317
193.19,0.01318,1.318
193.20,0.01318,1.318
193.21,0.01318,1.318
193.22,0.01318,1.318
193.23,0.01318,1.318
193.23,0.01318,1.318
193.24,0.01318,1.318
193.25,0.01318,1.318
193.26,0.01318,1.318
193.27,0.01318,1.318
193.28,0.01318,1.318
193.29,0.01318,1.318
193.30,0.01318,1.318
193.31,0.01319,1.319
193.31,0.01319,1.319
193.32,0.01319,1.319
193.33,0.01319,1.319
193.34,0.01319,1.319
193.35,0.01319,1.319
193.36,0.01319,1.319
193.37,0.01319,1.319
193.38,0.01319,1.319
193.39,0.01319,1.319
193.39,0.01319,1.319
193.40,0.01319,1.319
193.41,0.01320,1.320
193.42,0.01320,1.320
193.43,0.01320,1.320
193.44,0.01320,1.320
193.45,0.01320,1.320
193.46,0.01320,1.320
193.47,0.01320,1.320
193.47,0.01320,1.320
193.48,0.01320,1.320
193.49,0.01320,1.320
193.50,0.01320,1.320
193.51,0.01320,1.320
193.52,0.01321,1.321
193.53,0.01321,1.321
193.54,0.01321,1.321
193.55,0.01321,1.321
193.55,0.01321,1.321
193.56,0.01321,1.321
193.57,0.01321,1.321
193.58,0.01321,1.321
193.59,0.01321,1.321
193.60,0.01321,1.321
193.61,0.01321,1.321
193.62,0.01321,1.321
193.62,0.01322,1.322
193.63,0.01322,1.322
193.64,0.01322,1.322
193.65,0.01322,1.322
193.66,0.01322,1.322
193.67,0.01322,1.322
193.68,0.01322,1.322
193.69,0.01322,1.322
193.70,0.01322,1.322
193.70,0.01322,1.322
193.71,0.01322,1.322
193.72,0.01322,1.322
193.73,0.01322,1.322
193.74,0.01323,1.323
193.75,0.01323,1.323
193.76,0.01323,1.323
193.77,0.01323,1.323
193.78,0.01323,1.323
193.78,0.01323,1.323
193.79,0.01323,1.323
193.80,0.01323,1.323
193.81,0.01323,1.323
193.82,0.01323,1.323
193.83,0.01323,1.323
193.84,0.01323,1.323
193.85,0.01324,1.324
193.86,0.01324,1.324
193.86,0.01324,1.324
193.87,0.01324,1.324
193.88,0.01324,1.324
193.89,0.01324,1.324
193.90,0.01324,1.324
193.91,0.01324,1.324
193.92,0.01324,1.324
193.93,0.01324,1.324
193.94,0.01324,1.324
193.94,0.01324,1.324
193.95,0.01325,1.325
193.96,0.01325,1.325
193.97,0.01325,1.325
193.98,0.01325,1.325
193.99,0.01325,1.325
194.00,0.01325,1.325
194.01,0.01325,1.325
194.02,0.01325,1.325
194.02,0.01325,1.325
194.03,0.01325,1.325
194.04,0.01325,1.325
194.05,0.01325,1.325
194.06,0.01326,1.326
194.07,0.01326,1.326
194.08,0.01326,1.326
194.09,0.01326,1.326
194.10,0.01326,1.326
194.10,0.01326,1.326
194.11,0.01326,1.326
194.12,0.01326,1.326
194.13,0.01326,1.326
194.14,0.01326,1.326
194.15,0.01326,1.326
194.16,0.01326,1.326
194.17,0.01326,1.326
194.18,0.01327,1.327
194.18,0.01327,1.327
194.19,0.01327,1.327
194.20,0.01327,1.327
194.21,0.01327,1.327
194.22,0.01327,1.327
194.23,0.01327,1.327
194.24,0.01327,1.327
194.25,0.01327,1.327
194.26,0.01327,1.327
194.26,0.01327,1.327
194.27,0.01327,1.327
194.28,0.01328,1.328
194.29,0.01328,1.328
194.30,0.01328,1.328
194.31,0.01328,1.328
194.32,0.01328,1.328
194.33,0.01328,1.328
194.34,0.01328,1.328
194.34,0.01328,1.328
194.35,0.01328,1.328
194.36,0.01328,1.328
194.37,0.01328,1.328
194.38,0.01328,1.328
194.39,0.01329,1.329
194.40,0.01329,1.329
194.41,0.01329,1.329
194.41,0.01329,1.329
194.42,0.01329,1.329
194.43,0.01329,1.329
194.44,0.01329,1.329
194.45,0.01329,1.329
194.46,0.01329,1.329
194.47,0.01329,1.329
194.48,0.01329,1.329
194.49,0.01329,1.329
194.49,0.01330,1.330
194.50,0.01330,1.330
194.51,0.01330,1.330
194.52,0.01330,1.330
194.53,0.01330,1.330
194.54,0.01330,1.330
194.55,0.01330,1.330
194.56,0.01330,1.330
194.57,0.01330,1.330
194.57,0.01330,1.330
194.58,0.01330,1.330
194.59,0.01330,1.330
194.60,0.01330,1.330
194.61,0.01331,1.331
194.62,0.01331,1.331
194.63,0.01331,1.331
194.64,0.01331,1.331
194.65,0.01331,1.331
194.65,0.01331,1.331
194.66,0.01331,1.331
194.67,0.01331,1.331
194.68,0.01331,1.331
194.69,0.01331,1.331
194.70,0.01331,1.331
194.71,0.01331,1.331
194.72,0.01332,1.332
194.73,0.01332,1.332
194.73,0.01332,1.332
194.74,0.01332,1.332
194.75,0.01332,1.332
194.76,0.01332,1.332
194.77,0.01332,1.332
194.78,0.01332,1.332
194.79,0.01332,1.332
194.80,0.01332,1.332
194.81,0.01332,1.332
194.81,0.01332,1.332
194.82,0.01333,1.333
194.83,0.01333,1.333
194.84,0.01333,1.333
194.85,0.01333,1.333
194.86,0.01333,1.333
194.87,0.01333,1.333
194.88,0.01333,1.333
194.89,0.01333,1.333
194.89,0.01333,1.333
194.90,0.01333,1.333
194.91,0.01333,1.333
194.92,0.01333,1.333
194.93,0.01334,1.334
194.94,0.01334,1.334
194.95,0.01334,1.334
194.96,0.01334,1.334
194.97,0.01334,1.334
194.97,0.01334,1.334
194.98,0.01334,1.334
194.99,0.01334,1.334
195.00,0.01334,1.334
195.01,0.01334,1.334
195.02,0.01334,1.334
195.03,0.01334,1.334
195.04,0.01334,1.334
195.05,0.01335,1.335
195.05,0.01335,1.335
195.06,0.01335,1.335
195.07,0.01335,1.335
195.08,0.01335,1.335
195.09,0.01335,1.335
195.10,0.01335,1.335
195.11,0.01335,1.335
195.12,0.01335,1.335
195.12,0.01335,1.335
195.13,0.01335,1.335
195.14,0.01335,1.335
195.15,0.01336,1.336
195.16,0.01336,1.336
195.17,0.01336,1.336
195.18,0.01336,1.336
195.19,0.01336,1.336
195.20,0.01336,1.336
195.20,0.01336,1.336
195.21,0.01336,1.336
195.22,0.01336,1.336
195.23,0.01336,1.336
195.24,0.01336,1.336
195.25,0.01336,1.336
195.26,0.01337,1.337
195.27,0.01337,1.337
195.28,0.01337,1.337
195.28,0.01337,1.337
195.29,0.01337,1.337
195.30,0.01337,1.337
195.31,0.01337,1.337
195.32,0.01337,1.337
195.33,0.01337,1.337
195.34,0.01337,1.337
195.35,0.01337,1.337
195.35,0.01337,1.337
195.36,0.01338,1.338
195.37,0.01338,1.338
195.38,0.01338,1.338
195.39,0.01338,1.338
195.40,0.01338,1.338
195.41,0.01338,1.338
195.42,0.01338,1.338
195.43,0.01338,1.338
195.43,0.01338,1.338
195.44,0.01338,1.338
195.45,0.01338,1.338
195.46,0.01338,1.338
195.47,0.01338,1.338
195.48,0.01339,1.339
195.49,0.01339,1.339
195.50,0.01339,1.339
195.51,0.01339,1.339
195.51,0.01339,1.339
195.52,0.01339,1.339
195.53,0.01339,1.339
195.54,0.01339,1.339
195.55,0.01339,1.339
195.56,0.01339,1.339
195.57,0.01339,1.339
195.58,0.01339,1.339
195.58,0.01340,1.340
195.59,0.01340,1.340
195.60,0.01340,1.340
195.61,0.01340,1.340
195.62,0.01340,1.340
195.63,0.01340,1.340
195.64,0.01340,1.340
195.65,0.01340,1.340
195.66,0.01340,1.340
195.66,0.01340,1.340
195.67,0.01340,1.340
195.68,0.01340,1.340
195.69,0.01341,1.341
195.70,0.01341,1.341
195.71,0.01341,1.341
195.72,0.01341,1.341
195.73,0.01341,1.341
195.74,0.01341,1.341
195.74,0.01341,1.341
195.75,0.01341,1.341
195.76,0.01341,1.341
195.77,0.01341,1.341
195.78,0.01341,1.341
195.79,0.01341,1.341
195.80,0.01342,1.342
195.81,0.01342,1.342
195.81,0.01342,1.342
195.82,0.01342,1.342
195.83,0.01342,1.342
195.84,0.01342,1.342
195.85,0.01342,1.342
195.86,0.01342,1.342
195.87,0.01342,1.342
195.88,0.01342,1.342
195.89,0.01342,1.342
195.89,0.01342,1.342
195.90,0.01342,1.342
195.91,0.01343,1.343
195.92,0.01343,1.343
195.93,0.01343,1.343
195.94,0.01343,1.343
195.95,0.01343,1.343
195.96,0.01343,1.343
195.97,0.01343,1.343
195.97,0.01343,1.343
195.98,0.01343,1.343
195.99,0.01343,1.343
196.00,0.01343,1.343
196.01,0.01343,1.343
196.02,0.01344,1.344
196.03,0.01344,1.344
196.04,0.01344,1.344
196.05,0.01344,1.344
196.05,0.01344,1.344
196.06,0.01344,1.344
196.07,0.01344,1.344
196.08,0.01344,1.344
196.09,0.01344,1.344
196.10,0.01344,1.344
196.11,0.01344,1.344
196.12,0.01344,1.344
196.12,0.01345,1.345
196.13,0.01345,1.345
196.14,0.01345,1.345
196.15,0.01345,1.345
196.16,0.01345,1.345
196.17,0.01345,1.345
196.18,0.01345,1.345
196.19,0.01345,1.345
196.20,0.01345,1.345
196.20,0.01345,1.345
196.21,0.01345,1.345
196.22,0.01345,1.345
196.23,0.01346,1.346
196.24,0.01346,1.346
196.25,0.01346,1.346
196.26,0.01346,1.346
196.27,0.01346,1.346
196.28,0.01346,1.346
196.28,0.01346,1.346
196.29,0.01346,1.346
196.30,0.01346,1.346
196.31,0.01346,1.346
196.32,0.01346,1.346
196.33,0.01346,1.346
196.34,0.01346,1.346
196.35,0.01347,1.347
196.35,0.01347,1.347
196.36,0.01347,1.347
196.37,0.01347,1.347
196.38,0.01347,1.347
196.39,0.01347,1.347
196.40,0.01347,1.347
196.41,0.01347,1.347
196.42,0.01347,1.347
196.43,0.01347,1.347
196.43,0.01347,1.347
196.44,0.01347,1.347
196.45,0.01348,1.348
196.46,0.01348,1.348
196.47,0.01348,1.348
196.48,0.01348,1.348
196.49,0.01348,1.348
196.50,0.01348,1.348
196.51,0.01348,1.348
196.51,0.01348,1.348
196.52,0.01348,1.348
196.53,0.01348,1.348
196.54,0.01348,1.348
196.55,0.01348,1.348
196.56,0.01349,1.349
196.57,0.01349,1.349
196.58,0.01349,1.349
196.59,0.01349,1.349
196.59,0.01349,1.349
196.60,0.01349,1.349
196.61,0.01349,1.349
196.62,0.01349,1.349
196.63,0.01349,1.349
196.64,0.01349,1.349
196.65,0.01349,1.349
196.66,0.01349,1.349
196.66,0.01350,1.350
196.67,0.01350,1.350
196.68,0.01350,1.350
196.69,0.01350,1.350
196.70,0.01350,1.350
196.71,0.01350,1.350
196.72,0.01350,1.350
196.73,0.01350,1.350
196.74,0.01350,1.350
196.74,0.01350,1.350
196.75,0.01350,1.350
196.76,0.01350,1.350
196.77,0.01350,1.350
196.78,0.01351,1.351
196.79,0.01351,1.351
196.80,0.01351,1.351
196.81,0.01351,1.351
196.82,0.01351,1.351
196.82,0.01351,1.351
196.83,0.01351,1.351
196.84,0.01351,1.351
196.85,0.01351,1.351
196.86,0.01351,1.351
196.87,0.01351,1.351
196.88,0.01351,1.351
196.89,0.01352,1.352
196.89,0.01352,1.352
196.90,0.01352,1.352
196.91,0.01352,1.352
196.92,0.01352,1.352
196.93,0.01352,1.352
196.94,0.01352,1.352
196.95,0.01352,1.352
196.96,0.01352,1.352
196.97,0.01352,1.352
196.97,0.01352,1.352
196.98,0.01352,1.352
196.99,0.01353,1.353
197.00,0.01353,1.353
197.01,0.01353,1.353
197.02,0.01353,1.353
197.03,0.01353,1.353
197.04,0.01353,1.353
197.05,0.01353,1.353
197.05,0.01353,1.353
197.06,0.01353,1.353
197.07,0.01353,1.353
197.08,0.01353,1.353
197.09,0.01353,1.353
197.10,0.01354,1.354
197.11,0.01354,1.354
197.12,0.01354,1.354
197.12,0.01354,1.354
197.13,0.01354,1.354
197.14,0.01354,1.354
197.15,0.01354,1.354
197.16,0.01354,1.354
197.17,0.01354,1.354
197.18,0.01354,1.354
197.19,0.01354,1.354
197.20,0.01354,1.354
197.20,0.01354,1.354
197.21,0.01355,1.355
197.22,0.01355,1.355
197.23,0.01355,1.355
197.24,0.01355,1.355
197.25,0.01355,1.355
197.26,0.01355,1.355
197.27,0.01355,1.355
197.28,0.01355,1.355
197.28,0.01355,1.355
197.29,0.01355,1.355
197.30,0.01355,1.355
197.31,0.01355,1.355
197.32,0.01356,1.356
197.33,0.01356,1.356
197.34,0.01356,1.356
197.35,0.01356,1.356
197.36,0.01356,1.356
197.36,0.01356,1.356
197.37,0.01356,1.356
197.38,0.01356,1.356
197.39,0.01356,1.356
197.40,0.01356,1.356
197.41,0.01356,1.356
197.42,0.01356,1.356
197.43,0.01357,1.357
197.44,0.01357,1.357
197.44,0.01357,1.357
197.45,0.01357,1.357
197.46,0.01357,1.357
197.47,0.01357,1.357
197.48,0.01357,1.357
197.49,0.01357,1.357
197.50,0.01357,1.357
197.51,0.01357,1.357
197.51,0.01357,1.357
197.52,0.01357,1.357
197.53,0.01358,1.358
197.54,0.01358,1.358
197.55,0.01358,1.358
197.56,0.01358,1.358
197.57,0.01358,1.358
197.58,0.01358,1.358
197.59,0.01358,1.358
197.59,0.01358,1.358
197.60,0.01358,1.358
197.61,0.01358,1.358
197.62,0.01358,1.358
197.63,0.01358,1.358
197.64,0.01359,1.359
197.65,0.01359,1.359
197.66,0.01359,1.359
197.67,0.01359,1.359
197.67,0.01359,1.359
197.68,0.01359,1.359
197.69,0.01359,1.359
197.70,0.01359,1.359
197.71,0.01359,1.359
197.72,0.01359,1.359
197.73,0.01359,1.359
197.74,0.01359,1.359
197.75,0.01359,1.359
197.75,0.01360,1.360
197.76,0.01360,1.360
197.77,0.01360,1.360
197.78,0.01360,1.360
197.79,0.01360,1.360
197.80,0.01360,1.360
197.81,0.01360,1.360
197.82,0.01360,1.360
197.83,0.01360,1.360
197.83,0.01360,1.360
197.84,0.01360,1.360
197.85,0.01360,1.360
197.86,0.01361,1.361
197.87,0.01361,1.361
197.88,0.01361,1.361
197.89,0.01361,1.361
197.90,0.01361,1.361
197.91,0.01361,1.361
197.91,0.01361,1.361
197.92,0.01361,1.361
197.93,0.01361,1.361
197.94,0.01361,1.361
197.95,0.01361,1.361
197.96,0.01361,1.361
197.97,0.01362,1.362
197.98,0.01362,1.362
197.98,0.01362,1.362
197.99,0.01362,1.362
198.00,0.01362,1.362
198.01,0.01362,1.362
198.02,0.01362,1.362
198.03,0.01362,1.362
198.04,0.01362,1.362
198.05,0.01362,1.362
198.06,0.01362,1.362
198.06,0.01362,1.362
198.07,0.01363,1.363
198.08,0.01363,1.363
198.09,0.01363,1.363
198.10,0.01363,1.363
198.11,0.01363,1.363
198.12,0.01363,1.363
198.13,0.01363,1.363
198.14,0.01363,1.363
198.14,0.01363,1.363
198.15,0.01363,1.363
198.16,0.01363,1.363
198.17,0.01363,1.363
198.18,0.01363,1.363
198.19,0.01364,1.364
198.20,0.01364,1.364
198.21,0.01364,1.364
198.22,0.01364,1.364
198.22,0.01364,1.364
198.23,0.01364,1.364
198.24,0.01364,1.364
198.25,0.01364,1.364
198.26,0.01364,1.364
198.27,0.01364,1.364
198.28,0.01364,1.364
198.29,0.01364,1.364
198.30,0.01365,1.365
198.30,0.01365,1.365
198.31,0.01365,1.365
198.32,0.01365,1.365
198.33,0.01365,1.365
198.34,0.01365,1.365
198.35,0.01365,1.365
198.36,0.01365,1.365
198.37,0.01365,1.365
198.38,0.01365,1.365
198.38,0.01365,1.365
198.39,0.01365,1.365
198.40,0.01366,1.366
198.41,0.01366,1.366
198.42,0.01366,1.366
198.43,0.01366,1.366
198.44,0.01366,1.366
198.45,0.01366,1.366
198.45,0.01366,1.366
198.46,0.01366,1.366
198.47,0.01366,1.366
198.48,0.01366,1.366
198.49,0.01366,1.366
198.50,0.01366,1.366
198.51,0.01367,1.367
198.52,0.01367,1.367
198.53,0.01367,1.367
198.53,0.01367,1.367
198.54,0.01367,1.367
198.55,0.01367,1.367
198.56,0.01367,1.367
198.57,0.01367,1.367
198.58,0.01367,1.367
198.59,0.01367,1.367
198.60,0.01367,1.367
198.61,0.01367,1.367
198.61,0.01368,1.368
198.62,0.01368,1.368
198.63,0.01368,1.368
198.64,0.01368,1.368
198.65,0.01368,1.368
198.66,0.01368,1.368
198.67,0.01368,1.368
198.68,0.01368,1.368
198.69,0.01368,1.368
198.69,0.01368,1.368
198.70,0.01368,1.368
198.71,0.01368,1.368
198.72,0.01368,1.368
198.73,0.01369,1.369
198.74,0.01369,1.369
198.75,0.01369,1.369
198.76,0.01369,1.369
198.77,0.01369,1.369
198.77,0.01369,1.369
198.78,0.01369,1.369
198.79,0.01369,1.369
198.80,0.01369,1.369
198.81,0.01369,1.369
198.82,0.01369,1.369
198.83,0.01369,1.369
198.84,0.01370,1.370
198.84,0.01370,1.370
198.85,0.01370,1.370
198.86,0.01370,1.370
198.87,0.01370,1.370
198.88,0.01370,1.370
198.89,0.01370,1.370
198.90,0.01370,1.370
198.91,0.01370,1.370
198.92,0.01370,1.370
198.92,0.01370,1.370
198.93,0.01370,1.370
198.94,0.01371,1.371
198.95,0.01371,1.371
198.96,0.01371,1.371
198.97,0.01371,1.371
198.98,0.01371,1.371
198.99,0.01371,1.371
199.00,0.01371,1.371
199.00,0.01371,1.371
199.01,0.01371,1.371
199.02,0.01371,1.371
199.03,0.01371,1.371
199.04,0.01371,1.371
199.05,0.01372,1.372
199.06,0.01372,1.372
199.07,0.01372,1.372
199.08,0.01372,1.372
199.08,0.01372,1.372
199.09,0.01372,1.372
199.10,0.01372,1.372
199.11,0.01372,1.372
199.12,0.01372,1.372
199.13,0.01372,1.372
199.14,0.01372,1.372
199.15,0.01372,1.372
199.15,0.01373,1.373
199.16,0.01373,1.373
199.17,0.01373,1.373
199.18,0.01373,1.373
199.19,0.01373,1.373
199.20,0.01373,1.373
199.21,0.01373,1.373
199.22,0.01373,1.373
199.23,0.01373,1.373
199.23,0.01373,1.373
199.24,0.01373,1.373
199.25,0.01373,1.373
199.26,0.01373,1.373
199.27,0.01374,1.374
199.28,0.01374,1.374
199.29,0.01374,1.374
199.30,0.01374,1.374
199.31,0.01374,1.374
199.31,0.01374,1.374
199.32,0.01374,1.374
199.33,0.01374,1.374
199.34,0.01374,1.374
199.35,0.01374,1.374
199.36,0.01374,1.374
199.37,0.01374,1.374
199.38,0.01375,1.375
199.38,0.01375,1.375
199.39,0.01375,1.375
199.40,0.01375,1.375
199.41,0.01375,1.375
199.42,0.01375,1.375
199.43,0.01375,1.375
199.44,0.01375,1.375
199.45,0.01375,1.375
199.46,0.01375,1.375
199.46,0.01375,1.375
199.47,0.01375,1.375
199.48,0.01376,1.376
199.49,0.01376,1.376
199.50,0.01376,1.376
199.51,0.01376,1.376
199.52,0.01376,1.376
199.53,0.01376,1.376
199.54,0.01376,1.376
199.54,0.01376,1.376
199.55,0.01376,1.376
199.56,0.01376,1.376
199.57,0.01376,1.376
199.58,0.01376,1.376
199.59,0.01377,1.377
199.60,0.01377,1.377
199.61,0.01377,1.377
199.61,0.01377,1.377
199.62,0.01377,1.377
199.63,0.01377,1.377
199.64,0.01377,1.377
199.65,0.01377,1.377
199.66,0.01377,1.377
199.67,0.01377,1.377
199.68,0.01377,1.377
199.69,0.01377,1.377
199.69,0.01378,1.378
199.70,0.01378,1.378
199.71,0.01378,1.378
199.72,0.01378,1.378
199.73,0.01378,1.378
199.74,0.01378,1.378
199.75,0.01378,1.378
199.76,0.01378,1.378
199.77,0.01378,1.378
199.77,0.01378,1.378
199.78,0.01378,1.378
199.79,0.01378,1.378
199.80,0.01379,1.379
199.81,0.01379,1.379
199.82,0.01379,1.379
199.83,0.01379,1.379
199.84,0.01379,1.379
199.84,0.01379,1.379
199.85,0.01379,1.379
199.86,0.01379,1.379
199.87,0.01379,1.379
199.88,0.01379,1.379
199.89,0.01379,1.379
199.90,0.01379,1.379
199.91,0.01379,1.379
199.92,0.01380,1.380
199.92,0.01380,1.380
199.93,0.01380,1.380
199.94,0.01380,1.380
199.95,0.01380,1.380
199.96,0.01380,1.380
199.97,0.01380,1.380
199.98,0.01380,1.380
199.99,0.01380,1.380
200.00,0.01380,1.380
200.00,0.01380,1.380
200.01,0.01380,1.380
200.02,0.01381,1.381
200.03,0.01381,1.381
200.04,0.01381,1.381
200.05,0.01381,1.381
200.06,0.01381,1.381
200.07,0.01381,1.381
200.08,0.01381,1.381
200.08,0.01381,1.381
200.09,0.01381,1.381
200.10,0.01381,1.381
200.11,0.01381,1.381
200.12,0.01381,1.381
200.13,0.01382,1.382
200.14,0.01382,1.382
200.15,0.01382,1.382
200.15,0.01382,1.382
200.16,0.01382,1.382
200.17,0.01382,1.382
200.18,0.01382,1.382
200.19,0.01382,1.382
200.20,0.01382,1.382
200.21,0.01382,1.382
200.22,0.01382,1.382
200.23,0.01382,1.382
200.23,0.01383,1.383
200.24,0.01383,1.383
200.25,0.01383,1.383
200.26,0.01383,1.383
200.27,0.01383,1.383
200.28,0.01383,1.383
200.29,0.01383,1.383
200.30,0.01383,1.383
200.31,0.01383,1.383
200.31,0.01383,1.383
200.32,0.01383,1.383
200.33,0.01383,1.383
200.34,0.01384,1.384
200.35,0.01384,1.384
200.36,0.01384,1.384
200.37,0.01384,1.384
200.38,0.01384,1.384
200.39,0.01384,1.384
200.39,0.01384,1.384
200.40,0.01384,1.384
200.41,0.01384,1.384
200.42,0.01384,1.384
200.43,0.01384,1.384
200.44,0.01384,1.384
200.45,0.01385,1.385
200.46,0.01385,1.385
200.46,0.01385,1.385
200.47,0.01385,1.385
200.48,0.01385,1.385
200.49,0.01385,1.385
200.50,0.01385,1.385
200.51,0.01385,1.385
200.52,0.01385,1.385
200.53,0.01385,1.385
200.54,0.01385,1.385
200.54,0.01385,1.385
200.55,0.01385,1.385
200.56,0.01386,1.386
200.57,0.01386,1.386
200.58,0.01386,1.386
200.59,0.01386,1.386
200.60,0.01386,1.386
200.61,0.01386,1.386
200.62,0.01386,1.386
200.62,0.01386,1.386
200.63,0.01386,1.386
200.64,0.01386,1.386
200.65,0.01386,1.386
200.66,0.01386,1.386
200.67,0.01387,1.387
200.68,0.01387,1.387
200.69,0.01387,1.387
200.70,0.01387,1.387
200.70,0.01387,1.387
200.71,0.01387,1.387
200.72,0.01387,1.387
200.73,0.01387,1.387
200.74,0.01387,1.387
200.75,0.01387,1.387
200.76,0.01387,1.387
200.77,0.01387,1.387
200.78,0.01388,1.388
200.78,0.01388,1.388
200.79,0.01388,1.388
200.80,0.01388,1.388
200.81,0.01388,1.388
200.82,0.01388,1.388
200.83,0.01388,1.388
200.84,0.01388,1.388
200.85,0.01388,1.388
200.86,0.01388,1.388
200.86,0.01388,1.388
200.87,0.01388,1.388
200.88,0.01389,1.389
200.89,0.01389,1.389
200.90,0.01389,1.389
200.91,0.01389,1.389
200.92,0.01389,1.389
200.93,0.01389,1.389
200.93,0.01389,1.389
200.94,0.01389,1.389
200.95,0.01389,1.389
200.96,0.01389,1.389
200.97,0.01389,1.389
200.98,0.01389,1.389
200.99,0.01390,1.390
201.00,0.01390,1.390
201.01,0.01390,1.390
201.01,0.01390,1.390
201.02,0.01390,1.390
201.03,0.01390,1.390
201.04,0.01390,1.390
201.05,0.01390,1.390
201.06,0.01390,1.390
201.07,0.01390,1.390
201.08,0.01390,1.390
201.09,0.01390,1.390
201.09,0.01390,1.390
201.10,0.01391,1.391
201.11,0.01391,1.391
201.12,0.01391,1.391
201.13,0.01391,1.391
201.14,0.01391,1.391
201.15,0.01391,1.391
201.16,0.01391,1.391
201.16,0.01391,1.391
201.17,0.01391,1.391
201.18,0.01391,1.391
201.19,0.01391,1.391
201.20,0.01391,1.391
201.21,0.01392,1.392
201.22,0.01392,1.392
201.23,0.01392,1.392
201.24,0.01392,1.392
201.24,0.01392,1.392
201.25,0.01392,1.392
201.26,0.01392,1.392
201.27,0.01392,1.392
201.28,0.01392,1.392
201.29,0.01392,1.392
201.30,0.01392,1.392
201.31,0.01392,1.392
201.32,0.01393,1.393
201.32,0.01393,1.393
201.33,0.01393,1.393
201.34,0.01393,1.393
201.35,0.01393,1.393
201.36,0.01393,1.393
201.37,0.01393,1.393
201.38,0.01393,1.393
201.39,0.01393,1.393
201.39,0.01393,1.393
201.40,0.01393,1.393
201.41,0.01393,1.393
201.42,0.01394,1.394
201.43,0.01394,1.394
201.44,0.01394,1.394
201.45,0.01394,1.394
201.46,0.01394,1.394
201.47,0.01394,1.394
201.47,0.01394,1.394
201.48,0.01394,1.394
201.49,0.01394,1.394
201.50,0.01394,1.394
201.51,0.01394,1.394
201.52,0.01394,1.394
201.53,0.01395,1.395
201.54,0.01395,1.395
201.54,0.01395,1.395
201.55,0.01395,1.395
201.56,0.01395,1.395
201.57,0.01395,1.395
201.58,0.01395,1.395
201.59,0.01395,1.395
201.60,0.01395,1.395
201.61,0.01395,1.395
201.62,0.01395,1.395
201.62,0.01395,1.395
201.63,0.01395,1.395
201.64,0.01396,1.396
201.65,0.01396,1.396
201.66,0.01396,1.396
201.67,0.01396,1.396
201.68,0.01396,1.396
201.69,0.01396,1.396
201.69,0.01396,1.396
201.70,0.01396,1.396
201.71,0.01396,1.396
201.72,0.01396,1.396
201.73,0.01396,1.396
201.74,0.01396,1.396
201.75,0.01397,1.397
201.76,0.01397,1.397
201.77,0.01397,1.397
201.77,0.01397,1.397
201.78,0.01397,1.397
201.79,0.01397,1.397
201.80,0.01397,1.397
201.81,0.01397,1.397
201.82,0.01397,1.397
201.83,0.01397,1.397
201.84,0.01397,1.397
201.85,0.01397,1.397
201.85,0.01398,1.398
201.86,0.01398,1.398
201.87,0.01398,1.398
201.88,0.01398,1.398
201.89,0.01398,1.398
201.90,0.01398,1.398
201.91,0.01398,1.398
201.92,0.01398,1.398
201.92,0.01398,1.398
201.93,0.01398,1.398
201.94,0.01398,1.398
201.95,0.01398,1.398
201.96,0.01399,1.399
201.97,0.01399,1.399
201.98,0.01399,1.399
201.99,0.01399,1.399
202.00,0.01399,1.399
202.00,0.01399,1.399
202.01,0.01399,1.399
202.02,0.01399,1.399
202.03,0.01399,1.399
202.04,0.01399,1.399
202.05,0.01399,1.399
202.06,0.01399,1.399
202.07,0.01399,1.399
202.08,0.01400,1.400
202.08,0.01400,1.400
202.09,0.01400,1.400
202.10,0.01400,1.400
202.11,0.01400,1.400
202.12,0.01400,1.400
202.13,0.01400,1.400
202.14,0.01400,1.400
202.15,0.01400,1.400
202.15,0.01400,1.400
202.16,0.01400,1.400
202.17,0.01400,1.400
202.18,0.01401,1.401
202.19,0.01401,1.401
202.20,0.01401,1.401
202.21,0.01401,1.401
202.22,0.01401,1.401
202.23,0.01401,1.401
202.23,0.01401,1.401
202.24,0.01401,1.401
202.25,0.01401,1.401
202.26,0.01401,1.401
202.27,0.01401,1.401
202.28,0.01401,1.401
202.29,0.01402,1.402
202.30,0.01402,1.402
202.31,0.01402,1.402
202.31,0.01402,1.402
202.32,0.01402,1.402
202.33,0.01402,1.402
202.34,0.01402,1.402
202.35,0.01402,1.402
202.36,0.01402,1.402
202.37,0.01402,1.402
202.38,0.01402,1.402
202.39,0.01402,1.402
202.39,0.01403,1.403
202.40,0.01403,1.403
202.41,0.01403,1.403
202.42,0.01403,1.403
202.43,0.01403,1.403
202.44,0.01403,1.403
202.45,0.01403,1.403
202.46,0.01403,1.403
202.47,0.01403,1.403
202.47,0.01403,1.403
202.48,0.01403,1.403
202.49,0.01403,1.403
202.50,0.01404,1.404
202.51,0.01404,1.404
202.52,0.01404,1.404
202.53,0.01404,1.404
202.54,0.01404,1.404
202.54,0.01404,1.404
202.55,0.01404,1.404
202.56,0.01404,1.404
202.57,0.01404,1.404
202.58,0.01404,1.404
202.59,0.01404,1.404
202.60,0.01404,1.404
202.61,0.01405,1.405
202.62,0.01405,1.405
202.62,0.01405,1.405
202.63,0.01405,1.405
202.64,0.01405,1.405
202.65,0.01405,1.405
202.66,0.01405,1.405
202.67,0.01405,1.405
202.68,0.01405,1.405
202.69,0.01405,1.405
202.70,0.01405,1.405
202.70,0.01405,1.405
202.71,0.01405,1.405
202.72,0.01406,1.406
202.73,0.01406,1.406
202.74,0.01406,1.406
202.75,0.01406,1.406
202.76,0.01406,1.406
202.77,0.01406,1.406
202.78,0.01406,1.406
202.78,0.01406,1.406
202.79,0.01406,1.406
202.80,0.01406,1.406
202.81,0.01406,1.406
202.82,0.01406,1.406
202.83,0.01407,1.407
202.84,0.01407,1.407
202.85,0.01407,1.407
202.86,0.01407,1.407
202.86,0.01407,1.407
202.87,0.01407,1.407
202.88,0.01407,1.407
202.89,0.01407,1.407
202.90,0.01407,1.407
202.91,0.01407,1.407
202.92,0.01407,1.407
202.93,0.01407,1.407
202.93,0.01408,1.408
202.94,0.01408,1.408
202.95,0.01408,1.408
202.96,0.01408,1.408
202.97,0.01408,1.408
202.98,0.01408,1.408
202.99,0.01408,1.408
203.00,0.01408,1.408
203.01,0.01408,1.408
203.01,0.01408,1.408
203.02,0.01408,1.408
203.03,0.01408,1.408
203.04,0.01409,1.409
203.05,0.01409,1.409
203.06,0.01409,1.409
203.07,0.01409,1.409
203.08,0.01409,1.409
203.09,0.01409,1.409
203.09,0.01409,1.409
203.10,0.01409,1.409
203.11,0.01409,1.409
203.12,0.01409,1.409
203.13,0.01409,1.409
203.14,0.01409,1.409
203.15,0.01410,1.410
203.16,0.01410,1.410
203.16,0.01410,1.410
203.17,0.01410,1.410
203.18,0.01410,1.410
203.19,0.01410,1.410
203.20,0.01410,1.410
203.21,0.01410,1.410
203.22,0.01410,1.410
203.23,0.01410,1.410
203.24,0.01410,1.410
203.24,0.01410,1.410
203.25,0.01410,1.410
203.26,0.01411,1.411
203.27,0.01411,1.411
203.28,0.01411,1.411
203.29,0.01411,1.411
203.30,0.01411,1.411
203.31,0.01411,1.411
203.32,0.01411,1.411
203.32,0.01411,1.411
203.33,0.01411,1.411
203.34,0.01411,1.411
203.35,0.01411,1.411
203.36,0.01411,1.411
203.37,0.01412,1.412
203.38,0.01412,1.412
203.39,0.01412,1.412
203.40,0.01412,1.412
203.40,0.01412,1.412
203.41,0.01412,1.412
203.42,0.01412,1.412
203.43,0.01412,1.412
203.44,0.01412,1.412
203.45,0.01412,1.412
203.46,0.01412,1.412
203.47,0.01412,1.412
203.47,0.01413,1.413
203.48,0.01413,1.413
203.49,0.01413,1.413
203.50,0.01413,1.413
203.51,0.01413,1.413
203.52,0.01413,1.413
203.53,0.01413,1.413
203.54,0.01413,1.413
203.55,0.01413,1.413
203.55,0.01413,1.413
203.56,0.01413,1.413
203.57,0.01413,1.413
203.58,0.01414,1.414
203.59,0.01414,1.414
203.60,0.01414,1.414
203.61,0.01414,1.414
203.62,0.01414,1.414
203.63,0.01414,1.414
203.63,0.01414,1.414
203.64,0.01414,1.414
203.65,0.01414,1.414
203.66,0.01414,1.414
203.67,0.01414,1.414
203.68,0.01414,1.414
203.69,0.01415,1.415
203.70,0.01415,1.415
203.70,0.01415,1.415
203.71,0.01415,1.415
203.72,0.01415,1.415
203.73,0.01415,1.415
203.74,0.01415,1.415
203.75,0.01415,1.415
203.76,0.01415,1.415
203.77,0.01415,1.415
203.78,0.01415,1.415
203.78,0.01415,1.415
203.79,0.01415,1.415
203.80,0.01416,1.416
203.81,0.01416,1.416
203.82,0.01416,1.416
203.83,0.01416,1.416
203.84,0.01416,1.416
203.85,0.01416,1.416
203.86,0.01416,1.416
203.86,0.01416,1.416
203.87,0.01416,1.416
203.88,0.01416,1.416
203.89,0.01416,1.416
203.90,0.01416,1.416
203.91,0.01417,1.417
203.92,0.01417,1.417
203.93,0.01417,1.417
203.94,0.01417,1.417
203.94,0.01417,1.417
203.95,0.01417,1.417
203.96,0.01417,1.417
203.97,0.01417,1.417
203.98,0.01417,1.417
203.99,0.01417,1.417
204.00,0.01417,1.417
204.01,0.01417,1.417
204.02,0.01418,1.418
204.02,0.01418,1.418
204.03,0.01418,1.418
204.04,0.01418,1.418
204.05,0.01418,1.418
204.06,0.01418,1.418
204.07,0.01418,1.418
204.08,0.01418,1.418
204.09,0.01418,1.418
204.10,0.01418,1.418
204.10,0.01418,1.418
204.11,0.01418,1.418
204.12,0.01419,1.419
204.13,0.01419,1.419
204.14,0.01419,1.419
204.15,0.01419,1.419
204.16,0.01419,1.419
204.17,0.01419,1.419
204.18,0.01419,1.419
204.18,0.01419,1.419
204.19,0.01419,1.419
204.20,0.01419,1.419
204.21,0.01419,1.419
204.22,0.01419,1.419
204.23,0.01420,1.420
204.24,0.01420,1.420
204.25,0.01420,1.420
204.26,0.01420,1.420
204.26,0.01420,1.420
204.27,0.01420,1.420
204.28,0.01420,1.420
204.29,0.01420,1.420
204.30,0.01420,1.420
204.31,0.01420,1.420
204.32,0.01420,1.420
204.33,0.01420,1.420
204.33,0.01420,1.420
204.34,0.01421,1.421
204.35,0.01421,1.421
204.36,0.01421,1.421
204.37,0.01421,1.421
204.38,0.01421,1.421
204.39,0.01421,1.421
204.40,0.01421,1.421
204.41,0.01421,1.421
204.41,0.01421,1.421
204.42,0.01421,1.421
204.43,0.01421,1.421
204.44,0.01421,1.421
204.45,0.01422,1.422
204.46,0.01422,1.422
204.47,0.01422,1.422
204.48,0.01422,1.422
204.49,0.01422,1.422
204.49,0.01422,1.422
204.50,0.01422,1.422
204.51,0.01422,1.422
204.52,0.01422,1.422
204.53,0.01422,1.422
204.54,0.01422,1.422
204.55,0.01422,1.422
204.56,0.01423,1.423
204.57,0.01423,1.423
204.57,0.01423,1.423
204.58,0.01423,1.423
204.59,0.01423,1.423
204.60,0.01423,1.423
204.61,0.01423,1.423
204.62,0.01423,1.423
204.63,0.01423,1.423
204.64,0.01423,1.423
204.65,0.01423,1.423
204.65,0.01423,1.423
204.66,0.01423,1.423
204.67,0.01424,1.424
204.68,0.01424,1.424
204.69,0.01424,1.424
204.70,0.01424,1.424
204.71,0.01424,1.424
204.72,0.01424,1.424
204.72,0.01424,1.424
204.73,0.01424,1.424
204.74,0.01424,1.424
204.75,0.01424,1.424
204.76,0.01424,1.424
204.77,0.01424,1.424
204.78,0.01425,1.425
204.79,0.01425,1.425
204.80,0.01425,1.425
204.80,0.01425,1.425
204.81,0.01425,1.425
204.82,0.01425,1.425
204.83,0.01425,1.425
204.84,0.01425,1.425
204.85,0.01425,1.425
204.86,0.01425,1.425
204.87,0.01425,1.425
204.88,0.01425,1.425
204.88,0.01426,1.426
204.89,0.01426,1.426
204.90,0.01426,1.426
204.91,0.01426,1.426
204.92,0.01426,1.426
204.93,0.01426,1.426
204.94,0.01426,1.426
204.95,0.01426,1.426
204.95,0.01426,1.426
204.96,0.01426,1.426
204.97,0.01426,1.426
204.98,0.01426,1.426
204.99,0.01426,1.426
205.00,0.01427,1.427
205.01,0.01427,1.427
205.02,0.01427,1.427
205.03,0.01427,1.427
205.03,0.01427,1.427
205.04,0.01427,1.427
205.05,0.01427,1.427
205.06,0.01427,1.427
205.07,0.01427,1.427
205.08,0.01427,1.427
205.09,0.01427,1.427
205.10,0.01427,1.427
205.11,0.01428,1.428
205.11,0.01428,1.428
205.12,0.01428,1.428
205.13,0.01428,1.428
205.14,0.01428,1.428
205.15,0.01428,1.428
205.16,0.01428,1.428
205.17,0.01428,1.428
205.18,0.01428,1.428
205.18,0.01428,1.428
205.19,0.01428,1.428
205.20,0.01428,1.428
205.21,0.01428,1.428
205.22,0.01429,1.429
205.23,0.01429,1.429
205.24,0.01429,1.429
205.25,0.01429,1.429
205.26,0.01429,1.429
205.26,0.01429,1.429
205.27,0.01429,1.429
205.28,0.01429,1.429
205.29,0.01429,1.429
205.30,0.01429,1.429
205.31,0.01429,1.429
205.32,0.01429,1.429
205.33,0.01430,1.430
205.34,0.01430,1.430
205.34,0.01430,1.430
205.35,0.01430,1.430
205.36,0.01430,1.430
205.37,0.01430,1.430
205.38,0.01430,1.430
205.39,0.01430,1.430
205.40,0.01430,1.430
205.41,0.01430,1.430
205.42,0.01430,1.430
205.42,0.01430,1.430
205.43,0.01430,1.430
205.44,0.01431,1.431
205.45,0.01431,1.431
205.46,0.01431,1.431
205.47,0.01431,1.431
205.48,0.01431,1.431
205.49,0.01431,1.431
205.49,0.01431,1.431
205.50,0.01431,1.431
205.51,0.01431,1.431
205.52,0.01431,1.431
205.53,0.01431,1.431
205.54,0.01431,1.431
205.55,0.01432,1.432
205.56,0.01432,1.432
205.57,0.01432,1.432
205.57,0.01432,1.432
205.58,0.01432,1.432
205.59,0.01432,1.432
205.60,0.01432,1.432
205.61,0.01432,1.432
205.62,0.01432,1.432
205.63,0.01432,1.432
205.64,0.01432,1.432
205.65,0.01432,1.432
205.65,0.01432,1.432
205.66,0.01433,1.433
205.67,0.01433,1.433
205.68,0.01433,1.433
205.69,0.01433,1.433
205.70,0.01433,1.433
205.71,0.01433,1.433
205.72,0.01433,1.433
205.73,0.01433,1.433
205.73,0.01433,1.433
205.74,0.01433,1.433
205.75,0.01433,1.433
205.76,0.01433,1.433
205.77,0.01434,1.434
205.78,0.01434,1.434
205.79,0.01434,1.434
205.80,0.01434,1.434
205.81,0.01434,1.434
205.81,0.01434,1.434
205.82,0.01434,1.434
205.83,0.01434,1.434
205.84,0.01434,1.434
205.85,0.01434,1.434
205.86,0.01434,1.434
205.87,0.01434,1.434
205.88,0.01434,1.434
205.89,0.01435,1.435
205.89,0.01435,1.435
205.90,0.01435,1.435
205.91,0.01435,1.435
205.92,0.01435,1.435
205.93,0.01435,1.435
205.94,0.01435,1.435
205.95,0.01435,1.435
205.96,0.01435,1.435
205.97,0.01435,1.435
205.97,0.01435,1.435
205.98,0.01435,1.435
205.99,0.01436,1.436
206.00,0.01436,1.436
206.01,0.01436,1.436
206.02,0.01436,1.436
206.03,0.01436,1.436
206.04,0.01436,1.436
206.05,0.01436,1.436
206.05,0.01436,1.436
206.06,0.01436,1.436
206.07,0.01436,1.436
206.08,0.01436,1.436
206.09,0.01436,1.436
206.10,0.01436,1.436
206.11,0.01437,1.437
206.12,0.01437,1.437
206.12,0.01437,1.437
206.13,0.01437,1.437
206.14,0.01437,1.437
206.15,0.01437,1.437
206.16,0.01437,1.437
206.17,0.01437,1.437
206.18,0.01437,1.437
206.19,0.01437,1.437
206.20,0.01437,1.437
206.20,0.01437,1.437
206.21,0.01438,1.438
206.22,0.01438,1.438
206.23,0.01438,1.438
206.24,0.01438,1.438
206.25,0.01438,1.438
206.26,0.01438,1.438
206.27,0.01438,1.438
206.28,0.01438,1.438
206.28,0.01438,1.438
206.29,0.01438,1.438
206.30,0.01438,1.438
206.31,0.01438,1.438
206.32,0.01438,1.438
206.33,0.01439,1.439
206.34,0.01439,1.439
206.35,0.01439,1.439
206.36,0.01439,1.439
206.36,0.01439,1.439
206.37,0.01439,1.439
206.38,0.01439,1.439
206.39,0.01439,1.439
206.40,0.01439,1.439
206.41,0.01439,1.439
206.42,0.01439,1.439
206.43,0.01439,1.439
206.44,0.01440,1.440
206.44,0.01440,1.440
206.45,0.01440,1.440
206.46,0.01440,1.440
206.47,0.01440,1.440
206.48,0.01440,1.440
206.49,0.01440,1.440
206.50,0.01440,1.440
206.51,0.01440,1.440
206.51,0.01440,1.440
206.52,0.01440,1.440
206.53,0.01440,1.440
206.54,0.01440,1.440
206.55,0.01441,1.441
206.56,0.01441,1.441
206.57,0.01441,1.441
206.58,0.01441,1.441
206.59,0.01441,1.441
206.59,0.01441,1.441
206.60,0.01441,1.441
206.61,0.01441,1.441
206.62,0.01441,1.441
206.63,0.01441,1.441
206.64,0.01441,1.441
206.65,0.01441,1.441
206.66,0.01441,1.441
206.67,0.01442,1.442
206.67,0.01442,1.442
206.68,0.01442,1.442
206.69,0.01442,1.442
206.70,0.01442,1.442
206.71,0.01442,1.442
206.72,0.01442,1.442
206.73,0.01442,1.442
206.74,0.01442,1.442
206.75,0.01442,1.442
206.75,0.01442,1.442
206.76,0.01442,1.442
206.77,0.01443,1.443
206.78,0.01443,1.443
206.79,0.01443,1.443
206.80,0.01443,1.443
206.81,0.01443,1.443
206.82,0.01443,1.443
206.82,0.01443,1.443
206.83,0.01443,1.443
206.84,0.01443,1.443
206.85,0.01443,1.443
206.86,0.01443,1.443
206.87,0.01443,1.443
206.88,0.01443,1.443
206.89,0.01444,1.444
206.90,0.01444,1.444
206.90,0.01444,1.444
206.91,0.01444,1.444
206.92,0.01444,1.444
206.93,0.01444,1.444
206.94,0.01444,1.444
206.95,0.01444,1.444
206.96,0.01444,1.444
206.97,0.01444,1.444
206.98,0.01444,1.444
206.98,0.01444,1.444
206.99,0.01444,1.444
207.00,0.01445,1.445
207.01,0.01445,1.445
207.02,0.01445,1.445
207.03,0.01445,1.445
207.04,0.01445,1.445
207.05,0.01445,1.445
207.06,0.01445,1.445
207.06,0.01445,1.445
207.07,0.01445,1.445
207.08,0.01445,1.445
207.09,0.01445,1.445
207.10,0.01445,1.445
207.11,0.01445,1.445
207.12,0.01446,1.446
207.13,0.01446,1.446
207.13,0.01446,1.446
207.14,0.01446,1.446
207.15,0.01446,1.446
207.16,0.01446,1.446
207.17,0.01446,1.446
207.18,0.01446,1.446
207.19,0.01446,1.446
207.20,0.01446,1.446
207.21,0.01446,1.446
207.21,0.01446,1.446
207.22,0.01447,1.447
207.23,0.01447,1.447
207.24,0.01447,1.447
207.25,0.01447,1.447
207.26,0.01447,1.447
207.27,0.01447,1.447
207.28,0.01447,1.447
207.29,0.01447,1.447
207.29,0.01447,1.447
207.30,0.01447,1.447
207.31,0.01447,1.447
207.32,0.01447,1.447
207.33,0.01447,1.447
207.34,0.01448,1.448
207.35,0.01448,1.448
207.36,0.01448,1.448
207.37,0.01448,1.448
207.37,0.01448,1.448
207.38,0.01448,1.448
207.39,0.01448,1.448
207.40,0.01448,1.448
207.41,0.01448,1.448
207.42,0.01448,1.448
207.43,0.01448,1.448
207.44,0.01448,1.448
207.44,0.01448,1.448
207.45,0.01449,1.449
207.46,0.01449,1.449
207.47,0.01449,1.449
207.48,0.01449,1.449
207.49,0.01449,1.449
207.50,0.01449,1.449
207.51,0.01449,1.449
207.52,0.01449,1.449
207.52,0.01449,1.449
207.53,0.01449,1.449
207.54,0.01449,1.449
207.55,0.01449,1.449
207.56,0.01449,1.449
207.57,0.01450,1.450
207.58,0.01450,1.450
207.59,0.01450,1.450
207.60,0.01450,1.450
207.60,0.01450,1.450
207.61,0.01450,1.450
207.62,0.01450,1.450
207.63,0.01450,1.450
207.64,0.01450,1.450
207.65,0.01450,1.450
207.66,0.01450,1.450
207.67,0.01450,1.450
207.68,0.01450,1.450
207.68,0.01451,1.451
207.69,0.01451,1.451
207.70,0.01451,1.451
207.71,0.01451,1.451
207.72,0.01451,1.451
207.73,0.01451,1.451
207.74,0.01451,1.451
207.75,0.01451,1.451
207.76,0.01451,1.451
207.76,0.01451,1.451
207.77,0.01451,1.451
207.78,0.01451,1.451
207.79,0.01451,1.451
207.80,0.01452,1.452
207.81,0.01452,1.452
207.82,0.01452,1.452
207.83,0.01452,1.452
207.83,0.01452,1.452
207.84,0.01452,1.452
207.85,0.01452,1.452
207.86,0.01452,1.452
207.87,0.01452,1.452
207.88,0.01452,1.452
207.89,0.01452,1.452
207.90,0.01452,1.452
207.91,0.01452,1.452
207.91,0.01453,1.453
207.92,0.01453,1.453
207.93,0.01453,1.453
207.94,0.01453,1.453
207.95,0.01453,1.453
207.96,0.01453,1.453
207.97,0.01453,1.453
207.98,0.01453,1.453
207.99,0.01453,1.453
207.99,0.01453,1.453
208.00,0.01453,1.453
208.01,0.01453,1.453
208.02,0.01453,1.453
208.03,0.01454,1.454
208.04,0.01454,1.454
208.05,0.01454,1.454
208.06,0.01454,1.454
208.07,0.01454,1.454
208.07,0.01454,1.454
208.08,0.01454,1.454
208.09,0.01454,1.454
208.10,0.01454,1.454
208.11,0.01454,1.454
208.12,0.01454,1.454
208.13,0.01454,1.454
208.14,0.01454,1.454
208.15,0.01455,1.455
208.15,0.01455,1.455
208.16,0.01455,1.455
208.17,0.01455,1.455
208.18,0.01455,1.455
208.19,0.01455,1.455
208.20,0.01455,1.455
208.21,0.01455,1.455
208.22,0.01455,1.455
208.22,0.01455,1.455
208.23,0.01455,1.455
208.24,0.01455,1.455
208.25,0.01455,1.455
208.26,0.01456,1.456
208.27,0.01456,1.456
208.28,0.01456,1.456
208.29,0.01456,1.456
208.30,0.01456,1.456
208.30,0.01456,1.456
208.31,0.01456,1.456
208.32,0.01456,1.456
208.33,0.01456,1.456
208.34,0.01456,1.456
208.35,0.01456,1.456
208.36,0.01456,1.456
208.37,0.01456,1.456
208.38,0.01457,1.457
208.38,0.01457,1.457
208.39,0.01457,1.457
208.40,0.01457,1.457
208.41,0.01457,1.457
208.42,0.01457,1.457
208.43,0.01457,1.457
208.44,0.01457,1.457
208.45,0.01457,1.457
208.46,0.01457,1.457
208.46,0.01457,1.457
208.47,0.01457,1.457
208.48,0.01457,1.457
208.49,0.01458,1.458
208.50,0.01458,1.458
208.51,0.01458,1.458
208.52,0.01458,1.458
208.53,0.01458,1.458
208.53,0.01458,1.458
208.54,0.01458,1.458
208.55,0.01458,1.458
208.56,0.01458,1.458
208.57,0.01458,1.458
208.58,0.01458,1.458
208.59,0.01458,1.458
208.60,0.01458,1.458
208.61,0.01459,1.459
208.61,0.01459,1.459
208.62,0.01459,1.459
208.63,0.01459,1.459
208.64,0.01459,1.459
208.65,0.01459,1.459
208.66,0.01459,1.459
208.67,0.01459,1.459
208.68,0.01459,1.459
208.69,0.01459,1.459
208.69,0.01459,1.459
208.70,0.01459,1.459
208.71,0.01459,1.459
208.72,0.01460,1.460
208.73,0.01460,1.460
208.74,0.01460,1.460
208.75,0.01460,1.460
208.76,0.01460,1.460
208.77,0.01460,1.460
208.77,0.01460,1.460
208.78,0.01460,1.460
208.79,0.01460,1.460
208.80,0.01460,1.460
208.81,0.01460,1.460
208.82,0.01460,1.460
208.83,0.01460,1.460
208.84,0.01461,1.461
208.85,0.01461,1.461
208.85,0.01461,1.461
208.86,0.01461,1.461
208.87,0.01461,1.461
208.88,0.01461,1.461
208.89,0.01461,1.461
208.90,0.01461,1.461
208.91,0.01461,1.461
208.92,0.01461,1.461
208.92,0.01461,1.461
208.93,0.01461,1.461
208.94,0.01461,1.461
208.95,0.01462,1.462
208.96,0.01462,1.462
208.97,0.01462,1.462
208.98,0.01462,1.462
208.99,0.01462,1.462
209.00,0.01462,1.462
209.00,0.01462,1.462
209.01,0.01462,1.462
209.02,0.01462,1.462
209.03,0.01462,1.462
209.04,0.01462,1.462
209.05,0.01462,1.462
209.06,0.01462,1.462
209.07,0.01463,1.463
209.08,0.01463,1.463
209.08,0.01463,1.463
209.09,0.01463,1.463
209.10,0.01463,1.463
209.11,0.01463,1.463
209.12,0.01463,1.463
209.13,0.01463,1.463
209.14,0.01463,1.463
209.15,0.01463,1.463
209.16,0.01463,1.463
209.16,0.01463,1.463
209.17,0.01463,1.463
209.18,0.01464,1.464
209.19,0.01464,1.464
209.20,0.01464,1.464
209.21,0.01464,1.464
209.22,0.01464,1.464
209.23,0.01464,1.464
209.23,0.01464,1.464
209.24,0.01464,1.464
209.25,0.01464,1.464
209.26,0.01464,1.464
209.27,0.01464,1.464
209.28,0.01464,1.464
209.29,0.01464,1.464
209.30,0.01465,1.465
209.31,0.01465,1.465
209.31,0.01465,1.465
209.32,0.01465,1.465
209.33,0.01465,1.465
209.34,0.01465,1.465
209.35,0.01465,1.465
209.36,0.01465,1.465
209.37,0.01465,1.465
209.38,0.01465,1.465
209.39,0.01465,1.465
209.39,0.01465,1.465
209.40,0.01465,1.465
209.41,0.01465,1.465
209.42,0.01466,1.466
209.43,0.01466,1.466
209.44,0.01466,1.466
209.45,0.01466,1.466
209.46,0.01466,1.466
209.46,0.01466,1.466
209.47,0.01466,1.466
209.48,0.01466,1.466
209.49,0.01466,1.466
209.50,0.01466,1.466
209.51,0.01466,1.466
209.52,0.01466,1.466
209.53,0.01466,1.466
209.54,0.01467,1.467
209.54,0.01467,1.467
209.55,0.01467,1.467
209.56,0.01467,1.467
209.57,0.01467,1.467
209.58,0.01467,1.467
209.59,0.01467,1.467
209.60,0.01467,1.467
209.61,0.01467,1.467
209.62,0.01467,1.467
209.62,0.01467,1.467
209.63,0.01467,1.467
209.64,0.01467,1.467
209.65,0.01468,1.468
209.66,0.01468,1.468
209.67,0.01468,1.468
209.68,0.01468,1.468
209.69,0.01468,1.468
209.69,0.01468,1.468
209.70,0.01468,1.468
209.71,0.01468,1.468
209.72,0.01468,1.468
209.73,0.01468,1.468
209.74,0.01468,1.468
209.75,0.01468,1.468
209.76,0.01468,1.468
209.77,0.01469,1.469
209.77,0.01469,1.469
209.78,0.01469,1.469
209.79,0.01469,1.469
209.80,0.01469,1.469
209.81,0.01469,1.469
209.82,0.01469,1.469
209.83,0.01469,1.469
209.84,0.01469,1.469
209.85,0.01469,1.469
209.85,0.01469,1.469
209.86,0.01469,1.469
209.87,0.01469,1.469
209.88,0.01469,1.469
209.89,0.01470,1.470
209.90,0.01470,1.470
209.91,0.01470,1.470
209.92,0.01470,1.470
209.93,0.01470,1.470
209.93,0.01470,1.470
209.94,0.01470,1.470
209.95,0.01470,1.470
209.96,0.01470,1.470
209.97,0.01470,1.470
209.98,0.01470,1.470
209.99,0.01470,1.470
210.00,0.01470,1.470
210.01,0.01471,1.471
210.01,0.01471,1.471
210.02,0.01471,1.471
210.03,0.01471,1.471
210.04,0.01471,1.471
210.05,0.01471,1.471
210.06,0.01471,1.471
210.07,0.01471,1.471
210.08,0.01471,1.471
210.08,0.01471,1.471
210.09,0.01471,1.471
210.10,0.01471,1.471
210.11,0.01471,1.471
210.12,0.01472,1.472
210.13,0.01472,1.472
210.14,0.01472,1.472
210.15,0.01472,1.472
210.16,0.01472,1.472
210.16,0.01472,1.472
210.17,0.01472,1.472
210.18,0.01472,1.472
210.19,0.01472,1.472
210.20,0.01472,1.472
210.21,0.01472,1.472
210.22,0.01472,1.472
210.23,0.01472,1.472
210.24,0.01472,1.472
210.24,0.01473,1.473
210.25,0.01473,1.473
210.26,0.01473,1.473
210.27,0.01473,1.473
210.28,0.01473,1.473
210.29,0.01473,1.473
210.30,0.01473,1.473
210.31,0.01473,1.473
210.32,0.01473,1.473
210.32,0.01473,1.473
210.33,0.01473,1.473
210.34,0.01473,1.473
210.35,0.01473,1.473
210.36,0.01474,1.474
210.37,0.01474,1.474
210.38,0.01474,1.474
210.39,0.01474,1.474
210.40,0.01474,1.474
210.40,0.01474,1.474
210.41,0.01474,1.474
210.42,0.01474,1.474
210.43,0.01474,1.474
210.44,0.01474,1.474
210.45,0.01474,1.474
210.46,0.01474,1.474
210.47,0.01474,1.474
210.48,0.01474,1.474
210.48,0.01475,1.475
210.49,0.01475,1.475
210.50,0.01475,1.475
210.51,0.01475,1.475
210.52,0.01475,1.475
210.53,0.01475,1.475
210.54,0.01475,1.475
210.55,0.01475,1.475
210.55,0.01475,1.475
210.56,0.01475,1.475
210.57,0.01475,1.475
210.58,0.01475,1.475
210.59,0.01475,1.475
210.60,0.01476,1.476
210.61,0.01476,1.476
210.62,0.01476,1.476
210.63,0.01476,1.476
210.63,0.01476,1.476
210.64,0.01476,1.476
210.65,0.01476,1.476
210.66,0.01476,1.476
210.67,0.01476,1.476
210.68,0.01476,1.476
210.69,0.01476,1.476
210.70,0.01476,1.476
210.71,0.01476,1.476
210.71,0.01476,1.476
210.72,0.01477,1.477
210.73,0.01477,1.477
210.74,0.01477,1.477
210.75,0.01477,1.477
210.76,0.01477,1.477
210.77,0.01477,1.477
210.78,0.01477,1.477
210.79,0.01477,1.477
210.79,0.01477,1.477
210.80,0.01477,1.477
210.81,0.01477,1.477
210.82,0.01477,1.477
210.83,0.01477,1.477
210.84,0.01477,1.477
210.85,0.01478,1.478
210.86,0.01478,1.478
210.87,0.01478,1.478
210.87,0.01478,1.478
210.88,0.01478,1.478
210.89,0.01478,1.478
210.90,0.01478,1.478
210.91,0.01478,1.478
210.92,0.01478,1.478
210.93,0.01478,1.478
210.94,0.01478,1.478
210.94,0.01478,1.478
210.95,0.01478,1.478
210.96,0.01479,1.479
210.97,0.01479,1.479
210.98,0.01479,1.479
210.99,0.01479,1.479
211.00,0.01479,1.479
211.01,0.01479,1.479
211.02,0.01479,1.479
211.02,0.01479,1.479
211.03,0.01479,1.479
211.04,0.01479,1.479
211.05,0.01479,1.479
211.06,0.01479,1.479
211.07,0.01479,1.479
211.08,0.01479,1.479
211.09,0.01480,1.480
211.10,0.01480,1.480
211.10,0.01480,1.480
211.11,0.01480,1.480
211.12,0.01480,1.480
211.13,0.01480,1.480
211.14,0.01480,1.480
211.15,0.01480,1.480
211.16,0.01480,1.480
211.17,0.01480,1.480
211.17,0.01480,1.480
211.18,0.01480,1.480
211.19,0.01480,1.480
211.20,0.01480,1.480
211.21,0.01481,1.481
211.22,0.01481,1.481
211.23,0.01481,1.481
211.24,0.01481,1.481
211.25,0.01481,1.481
211.25,0.01481,1.481
211.26,0.01481,1.481
211.27,0.01481,1.481
211.28,0.01481,1.481
211.29,0.01481,1.481
211.30,0.01481,1.481
211.31,0.01481,1.481
211.32,0.01481,1.481
211.33,0.01481,1.481
211.33,0.01482,1.482
211.34,0.01482,1.482
211.35,0.01482,1.482
211.36,0.01482,1.482
211.37,0.01482,1.482
211.38,0.01482,1.482
211.39,0.01482,1.482
211.40,0.01482,1.482
211.41,0.01482,1.482
211.41,0.01482,1.482
211.42,0.01482,1.482
211.43,0.01482,1.482
211.44,0.01482,1.482
211.45,0.01483,1.483
211.46,0.01483,1.483
211.47,0.01483,1.483
211.48,0.01483,1.483
211.48,0.01483,1.483
211.49,0.01483,1.483
211.50,0.01483,1.483
211.51,0.01483,1.483
211.52,0.01483,1.483
211.53,0.01483,1.483
211.54,0.01483,1.483
211.55,0.01483,1.483
211.56,0.01483,1.483
211.56,0.01483,1.483
211.57,0.01484,1.484
211.58,0.01484,1.484
211.59,0.01484,1.484
211.60,0.01484,1.484
211.61,0.01484,1.484
211.62,0.01484,1.484
211.63,0.01484,1.484
211.64,0.01484,1.484
211.64,0.01484,1.484
211.65,0.01484,1.484
211.66,0.01484,1.484
211.67,0.01484,1.484
211.68,0.01484,1.484
211.69,0.01484,1.484
211.70,0.01485,1.485
211.71,0.01485,1.485
211.72,0.01485,1.485
211.72,0.01485,1.485
211.73,0.01485,1.485
211.74,0.01485,1.485
211.75,0.01485,1.485
211.76,0.01485,1.485
211.77,0.01485,1.485
211.78,0.01485,1.485
211.79,0.01485,1.485
211.79,0.01485,1.485
211.80,0.01485,1.485
211.81,0.01485,1.485
211.82,0.01486,1.486
211.83,0.01486,1.486
211.84,0.01486,1.486
211.85,0.01486,1.486
211.86,0.01486,1.486
211.87,0.01486,1.486
211.87,0.01486,1.486
211.88,0.01486,1.486
211.89,0.01486,1.486
211.90,0.01486,1.486
211.91,0.01486,1.486
211.92,0.01486,1.486
211.93,0.01486,1.486
211.94,0.01486,1.486
211.95,0.01487,1.487
211.95,0.01487,1.487
211.96,0.01487,1.487
211.97,0.01487,1.487
211.98,0.01487,1.487
211.99,0.01487,1.487
212.00,0.01487,1.487
212.01,0.01487,1.487
212.02,0.01487,1.487
212.03,0.01487,1.487
212.03,0.01487,1.487
212.04,0.01487,1.487
212.05,0.01487,1.487
212.06,0.01487,1.487
212.07,0.01488,1.488
212.08,0.01488,1.488
212.09,0.01488,1.488
212.10,0.01488,1.488
212.11,0.01488,1.488
212.11,0.01488,1.488
212.12,0.01488,1.488
212.13,0.01488,1.488
212.14,0.01488,1.488
212.15,0.01488,1.488
212.16,0.01488,1.488
212.17,0.01488,1.488
212.18,0.01488,1.488
212.19,0.01488,1.488
212.19,0.01489,1.489
212.20,0.01489,1.489
212.21,0.01489,1.489
212.22,0.01489,1.489
212.23,0.01489,1.489
212.24,0.01489,1.489
212.25,0.01489,1.489
212.26,0.01489,1.489
212.27,0.01489,1.489
212.27,0.01489,1.489
212.28,0.01489,1.489
212.29,0.01489,1.489
212.30,0.01489,1.489
212.31,0.01489,1.489
212.32,0.01490,1.490
212.33,0.01490,1.490
212.34,0.01490,1.490
212.35,0.01490,1.490
212.35,0.01490,1.490
212.36,0.01490,1.490
212.37,0.01490,1.490
212.38,0.01490,1.490
212.39,0.01490,1.490
212.40,0.01490,1.490
212.41,0.01490,1.490
212.42,0.01490,1.490
212.43,0.01490,1.490
212.43,0.01490,1.490
212.44,0.01491,1.491
212.45,0.01491,1.491
212.46,0.01491,1.491
212.47,0.01491,1.491
212.48,0.01491,1.491
212.49,0.01491,1.491
212.50,0.01491,1.491
212.50,0.01491,1.491
212.51,0.01491,1.491
212.52,0.01491,1.491
212.53,0.01491,1.491
212.54,0.01491,1.491
212.55,0.01491,1.491
212.56,0.01491,1.491
212.57,0.01492,1.492
212.58,0.01492,1.492
212.58,0.01492,1.492
212.59,0.01492,1.492
212.60,0.01492,1.492
212.61,0.01492,1.492
212.62,0.01492,1.492
212.63,0.01492,1.492
212.64,0.01492,1.492
212.65,0.01492,1.492
212.66,0.01492,1.492
212.66,0.01492,1.492
212.67,0.01492,1.492
212.68,0.01492,1.492
212.69,0.01492,1.492
212.70,0.01493,1.493
212.71,0.01493,1.493
212.72,0.01493,1.493
212.73,0.01493,1.493
212.74,0.01493,1.493
212.74,0.01493,1.493
212.75,0.01493,1.493
212.76,0.01493,1.493
212.77,0.01493,1.493
212.78,0.01493,1.493
212.79,0.01493,1.493
212.80,0.01493,1.493
212.81,0.01493,1.493
212.81,0.01493,1.493
212.82,0.01494,1.494
212.83,0.01494,1.494
212.84,0.01494,1.494
212.85,0.01494,1.494
212.86,0.01494,1.494
212.87,0.01494,1.494
212.88,0.01494,1.494
212.89,0.01494,1.494
212.89,0.01494,1.494
212.90,0.01494,1.494
212.91,0.01494,1.494
212.92,0.01494,1.494
212.93,0.01494,1.494
212.94,0.01494,1.494
212.95,0.01495,1.495
212.96,0.01495,1.495
212.97,0.01495,1.495
212.97,0.01495,1.495
212.98,0.01495,1.495
212.99,0.01495,1.495
213.00,0.01495,1.495
213.01,0.01495,1.495
213.02,0.01495,1.495
213.03,0.01495,1.495
213.04,0.01495,1.495
213.05,0.01495,1.495
213.05,0.01495,1.495
213.06,0.01495,1.495
213.07,0.01495,1.495
213.08,0.01496,1.496
213.09,0.01496,1.496
213.10,0.01496,1.496
213.11,0.01496,1.496
213.12,0.01496,1.496
213.12,0.01496,1.496
213.13,0.01496,1.496
213.14,0.01496,1.496
213.15,0.01496,1.496
213.16,0.01496,1.496
213.17,0.01496,1.496
213.18,0.01496,1.496
213.19,0.01496,1.496
213.20,0.01496,1.496
213.20,0.01497,1.497
213.21,0.01497,1.497
213.22,0.01497,1.497
213.23,0.01497,1.497
213.24,0.01497,1.497
213.25,0.01497,1.497
213.26,0.01497,1.497
213.27,0.01497,1.497
213.28,0.01497,1.497
213.28,0.01497,1.497
213.29,0.01497,1.497
213.30,0.01497,1.497
213.31,0.01497,1.497
213.32,0.01497,1.497
213.33,0.01497,1.497
213.34,0.01498,1.498
213.35,0.01498,1.498
213.35,0.01498,1.498
213.36,0.01498,1.498
213.37,0.01498,1.498
213.38,0.01498,1.498
213.39,0.01498,1.498
213.40,0.01498,1.498
213.41,0.01498,1.498
213.42,0.01498,1.498
213.43,0.01498,1.498
213.43,0.01498,1.498
213.44,0.01498,1.498
213.45,0.01498,1.498
213.46,0.01499,1.499
213.47,0.01499,1.499
213.48,0.01499,1.499
213.49,0.01499,1.499
213.50,0.01499,1.499
213.51,0.01499,1.499
213.51,0.01499,1.499
213.52,0.01499,1.499
213.53,0.01499,1.499
213.54,0.01499,1.499
213.55,0.01499,1.499
213.56,0.01499,1.499
213.57,0.01499,1.499
213.58,0.01499,1.499
213.59,0.01499,1.499
213.59,0.01500,1.500
213.60,0.01500,1.500
213.61,0.01500,1.500
213.62,0.01500,1.500
213.63,0.01500,1.500
213.64,0.01500,1.500
213.65,0.01500,1.500
213.66,0.01500,1.500
213.67,0.01500,1.500
213.67,0.01500,1.500
213.68,0.01500,1.500
213.69,0.01500,1.500
213.70,0.01500,1.500
213.71,0.01500,1.500
213.72,0.01501,1.501
213.73,0.01501,1.501
213.74,0.01501,1.501
213.74,0.01501,1.501
213.75,0.01501,1.501
213.76,0.01501,1.501
213.77,0.01501,1.501
213.78,0.01501,1.501
213.79,0.01501,1.501
213.80,0.01501,1.501
213.81,0.01501,1.501
213.82,0.01501,1.501
213.82,0.01501,1.501
213.83,0.01501,1.501
213.84,0.01501,1.501
213.85,0.01502,1.502
213.86,0.01502,1.502
213.87,0.01502,1.502
213.88,0.01502,1.502
213.89,0.01502,1.502
213.90,0.01502,1.502
213.90,0.01502,1.502
213.91,0.01502,1.502
213.92,0.01502,1.502
213.93,0.01502,1.502
213.94,0.01502,1.502
213.95,0.01502,1.502
213.96,0.01502,1.502
213.97,0.01502,1.502
213.98,0.01503,1.503
213.98,0.01503,1.503
213.99,0.01503,1.503
214.00,0.01503,1.503
214.01,0.01503,1.503
214.02,0.01503,1.503
214.03,0.01503,1.503
214.04,0.01503,1.503
214.05,0.01503,1.503
214.06,0.01503,1.503
214.06,0.01503,1.503
214.07,0.01503,1.503
214.08,0.01503,1.503
214.09,0.01503,1.503
214.10,0.01503,1.503
214.11,0.01504,1.504
214.12,0.01504,1.504
214.13,0.01504,1.504
214.14,0.01504,1.504
214.14,0.01504,1.504
214.15,0.01504,1.504
214.16,0.01504,1.504
214.17,0.01504,1.504
214.18,0.01504,1.504
214.19,0.01504,1.504
214.20,0.01504,1.504
214.21,0.01504,1.504
214.22,0.01504,1.504
214.22,0.01504,1.504
214.23,0.01504,1.504
214.24,0.01505,1.505
214.25,0.01505,1.505
214.26,0.01505,1.505
214.27,0.01505,1.505
214.28,0.01505,1.505
214.29,0.01505,1.505
214.29,0.01505,1.505
214.30,0.01505,1.505
214.31,0.01505,1.505
214.32,0.01505,1.505
214.33,0.01505,1.505
214.34,0.01505,1.505
214.35,0.01505,1.505
214.36,0.01505,1.505
214.37,0.01506,1.506
214.37,0.01506,1.506
214.38,0.01506,1.506
214.39,0.01506,1.506
214.40,0.01506,1.506
214.41,0.01506,1.506
214.42,0.01506,1.506
214.43,0.01506,1.506
214.44,0.01506,1.506
214.45,0.01506,1.506
214.45,0.01506,1.506
214.46,0.01506,1.506
214.47,0.01506,1.506
214.48,0.01506,1.506
214.49,0.01506,1.506
214.50,0.01507,1.507
214.51,0.01507,1.507
214.52,0.01507,1.507
214.53,0.01507,1.507
214.53,0.01507,1.507
214.54,0.01507,1.507
214.55,0.01507,1.507
214.56,0.01507,1.507
214.57,0.01507,1.507
214.58,0.01507,1.507
214.59,0.01507,1.507
214.60,0.01507,1.507
214.60,0.01507,1.507
214.61,0.01507,1.507
214.62,0.01507,1.507
214.63,0.01508,1.508
214.64,0.01508,1.508
214.65,0.01508,1.508
214.66,0.01508,1.508
214.67,0.01508,1.508
214.68,0.01508,1.508
214.68,0.01508,1.508
214.69,0.01508,1.508
214.70,0.01508,1.508
214.71,0.01508,1.508
214.72,0.01508,1.508
214.73,0.01508,1.508
214.74,0.01508,1.508
214.75,0.01508,1.508
214.76,0.01508,1.508
214.76,0.01509,1.509
214.77,0.01509,1.509
214.78,0.01509,1.509
214.79,0.01509,1.509
214.80,0.01509,1.509
214.81,0.01509,1.509
214.82,0.01509,1.509
214.83,0.01509,1.509
214.83,0.01509,1.509
214.84,0.01509,1.509
214.85,0.01509,1.509
214.86,0.01509,1.509
214.87,0.01509,1.509
214.88,0.01509,1.509
214.89,0.01509,1.509
214.90,0.01510,1.510
214.91,0.01510,1.510
214.91,0.01510,1.510
214.92,0.01510,1.510
214.93,0.01510,1.510
214.94,0.01510,1.510
214.95,0.01510,1.510
214.96,0.01510,1.510
214.97,0.01510,1.510
214.98,0.01510,1.510
214.99,0.01510,1.510
214.99,0.01510,1.510
215.00,0.01510,1.510
215.01,0.01510,1.510
215.02,0.01510,1.510
215.03,0.01511,1.511
215.04,0.01511,1.511
215.05,0.01511,1.511
215.06,0.01511,1.511
215.06,0.01511,1.511
215.07,0.01511,1.511
215.08,0.01511,1.511
215.09,0.01511,1.511
215.10,0.01511,1.511
215.11,0.01511,1.511
215.12,0.01511,1.511
215.13,0.01511,1.511
215.14,0.01511,1.511
215.14,0.01511,1.511
215.15,0.01511,1.511
215.16,0.01512,1.512
215.17,0.01512,1.512
215.18,0.01512,1.512
215.19,0.01512,1.512
215.20,0.01512,1.512
215.21,0.01512,1.512
215.22,0.01512,1.512
215.22,0.01512,1.512
215.23,0.01512,1.512
215.24,0.01512,1.512
215.25,0.01512,1.512
215.26,0.01512,1.512
215.27,0.01512,1.512
215.28,0.01512,1.512
215.29,0.01512,1.512
215.29,0.01513,1.513
215.30,0.01513,1.513
215.31,0.01513,1.513
215.32,0.01513,1.513
215.33,0.01513,1.513
215.34,0.01513,1.513
215.35,0.01513,1.513
215.36,0.01513,1.513
215.37,0.01513,1.513
215.37,0.01513,1.513
215.38,0.01513,1.513
215.39,0.01513,1.513
215.40,0.01513,1.513
215.41,0.01513,1.513
215.42,0.01513,1.513
215.43,0.01514,1.514
215.44,0.01514,1.514
215.45,0.01514,1.514
215.45,0.01514,1.514
215.46,0.01514,1.514
215.47,0.01514,1.514
215.48,0.01514,1.514
215.49,0.01514,1.514
215.50,0.01514,1.514
215.51,0.01514,1.514
215.52,0.01514,1.514
215.53,0.01514,1.514
215.53,0.01514,1.514
215.54,0.01514,1.514
215.55,0.01514,1.514
215.56,0.01515,1.515
215.57,0.01515,1.515
215.58,0.01515,1.515
215.59,0.01515,1.515
215.60,0.01515,1.515
215.61,0.01515,1.515
215.61,0.01515,1.515
215.62,0.01515,1.515
215.63,0.01515,1.515
215.64,0.01515,1.515
215.65,0.01515,1.515
215.66,0.01515,1.515
215.67,0.01515,1.515
215.68,0.01515,1.515
215.68,0.01515,1.515
215.69,0.01516,1.516
215.70,0.01516,1.516
215.71,0.01516,1.516
215.72,0.01516,1.516
215.73,0.01516,1.516
215.74,0.01516,1.516
215.75,0.01516,1.516
215.76,0.01516,1.516
215.76,0.01516,1.516
215.77,0.01516,1.516
215.78,0.01516,1.516
215.79,0.01516,1.516
215.80,0.01516,1.516
215.81,0.01516,1.516
215.82,0.01516,1.516
215.83,0.01516,1.516
215.84,0.01517,1.517
215.84,0.01517,1.517
215.85,0.01517,1.517
215.86,0.01517,1.517
215.87,0.01517,1.517
215.88,0.01517,1.517
215.89,0.01517,1.517
215.90,0.01517,1.517
215.91,0.01517,1.517
215.92,0.01517,1.517
215.92,0.01517,1.517
215.93,0.01517,1.517
215.94,0.01517,1.517
215.95,0.01517,1.517
215.96,0.01517,1.517
215.97,0.01518,1.518
215.98,0.01518,1.518
215.99,0.01518,1.518
216.00,0.01518,1.518
216.00,0.01518,1.518
216.01,0.01518,1.518
216.02,0.01518,1.518
216.03,0.01518,1.518
216.04,0.01518,1.518
216.05,0.01518,1.518
216.06,0.01518,1.518
216.07,0.01518,1.518
216.07,0.01518,1.518
216.08,0.01518,1.518
216.09,0.01518,1.518
216.10,0.01519,1.519
216.11,0.01519,1.519
216.12,0.01519,1.519
216.13,0.01519,1.519
216.14,0.01519,1.519
216.15,0.01519,1.519
216.15,0.01519,1.519
216.16,0.01519,1.519
216.17,0.01519,1.519
216.18,0.01519,1.519
216.19,0.01519,1.519
216.20,0.01519,1.519
216.21,0.01519,1.519
216.22,0.01519,1.519
216.23,0.01519,1.519
216.23,0.01519,1.519
216.24,0.01520,1.520
216.25,0.01520,1.520
216.26,0.01520,1.520
216.27,0.01520,1.520
216.28,0.01520,1.520
216.29,0.01520,1.520
216.30,0.01520,1.520
216.30,0.01520,1.520
216.31,0.01520,1.520
216.32,0.01520,1.520
216.33,0.01520,1.520
216.34,0.01520,1.520
216.35,0.01520,1.520
216.36,0.01520,1.520
216.37,0.01520,1.520
216.38,0.01520,1.520
216.38,0.01521,1.521
216.39,0.01521,1.521
216.40,0.01521,1.521
216.41,0.01521,1.521
216.42,0.01521,1.521
216.43,0.01521,1.521
216.44,0.01521,1.521
216.45,0.01521,1.521
216.46,0.01521,1.521
216.46,0.01521,1.521
216.47,0.01521,1.521
216.48,0.01521,1.521
216.49,0.01521,1.521
216.50,0.01521,1.521
216.51,0.01521,1.521
216.52,0.01522,1.522
216.53,0.01522,1.522
216.54,0.01522,1.522
216.54,0.01522,1.522
216.55,0.01522,1.522
216.56,0.01522,1.522
216.57,0.01522,1.522
216.58,0.01522,1.522
216.59,0.01522,1.522
216.60,0.01522,1.522
216.61,0.01522,1.522
216.61,0.01522,1.522
216.62,0.01522,1.522
216.63,0.01522,1.522
216.64,0.01522,1.522
216.65,0.01522,1.522
216.66,0.01523,1.523
216.67,0.01523,1.523
216.68,0.01523,1.523
216.69,0.01523,1.523
216.69,0.01523,1.523
216.70,0.01523,1.523
216.71,0.01523,1.523
216.72,0.01523,1.523
216.73,0.01523,1.523
216.74,0.01523,1.523
216.75,0.01523,1.523
216.76,0.01523,1.523
216.77,0.01523,1.523
216.77,0.01523,1.523
216.78,0.01523,1.523
216.79,0.01523,1.523
216.80,0.01524,1.524
216.81,0.01524,1.524
216.82,0.01524,1.524
216.83,0.01524,1.524
216.84,0.01524,1.524
216.84,0.01524,1.524
216.85,0.01524,1.524
216.86,0.01524,1.524
216.87,0.01524,1.524
216.88,0.01524,1.524
216.89,0.01524,1.524
216.90,0.01524,1.524
216.91,0.01524,1.524
216.92,0.01524,1.524
216.92,0.01524,1.524
216.93,0.01524,1.524
216.94,0.01525,1.525
216.95,0.01525,1.525
216.96,0.01525,1.525
216.97,0.01525,1.525
216.98,0.01525,1.525
216.99,0.01525,1.525
217.00,0.01525,1.525
217.00,0.01525,1.525
217.01,0.01525,1.525
217.02,0.01525,1.525
217.03,0.01525,1.525
217.04,0.01525,1.525
217.05,0.01525,1.525
217.06,0.01525,1.525
217.07,0.01525,1.525
217.08,0.01525,1.525
217.08,0.01526,1.526
217.09,0.01526,1.526
217.10,0.01526,1.526
217.11,0.01526,1.526
217.12,0.01526,1.526
217.13,0.01526,1.526
217.14,0.01526,1.526
217.15,0.01526,1.526
217.16,0.01526,1.526
217.16,0.01526,1.526
217.17,0.01526,1.526
217.18,0.01526,1.526
217.19,0.01526,1.526
217.20,0.01526,1.526
217.21,0.01526,1.526
217.22,0.01526,1.526
217.23,0.01527,1.527
217.24,0.01527,1.527
217.24,0.01527,1.527
217.25,0.01527,1.527
217.26,0.01527,1.527
217.27,0.01527,1.527
217.28,0.01527,1.527
217.29,0.01527,1.527
217.30,0.01527,1.527
217.31,0.01527,1.527
217.31,0.01527,1.527
217.32,0.01527,1.527
217.33,0.01527,1.527
217.34,0.01527,1.527
217.35,0.01527,1.527
217.36,0.01527,1.527
217.37,0.01528,1.528
217.38,0.01528,1.528
217.39,0.01528,1.528
217.39,0.01528,1.528
217.40,0.01528,1.528
217.41,0.01528,1.528
217.42,0.01528,1.528
217.43,0.01528,1.528
217.44,0.01528,1.528
217.45,0.01528,1.528
217.46,0.01528,1.528
217.47,0.01528,1.528
217.47,0.01528,1.528
217.48,0.01528,1.528
217.49,0.01528,1.528
217.50,0.01528,1.528
217.51,0.01529,1.529
217.52,0.01529,1.529
217.53,0.01529,1.529
217.54,0.01529,1.529
217.55,0.01529,1.529
217.55,0.01529,1.529
217.56,0.01529,1.529
217.57,0.01529,1.529
217.58,0.01529,1.529
217.59,0.01529,1.529
217.60,0.01529,1.529
217.61,0.01529,1.529
217.62,0.01529,1.529
217.63,0.01529,1.529
217.63,0.01529,1.529
217.64,0.01529,1.529
217.65,0.01530,1.530
217.66,0.01530,1.530
217.67,0.01530,1.530
217.68,0.01530,1.530
217.69,0.01530,1.530
217.70,0.01530,1.530
217.71,0.01530,1.530
217.71,0.01530,1.530
217.72,0.01530,1.530
217.73,0.01530,1.530
217.74,0.01530,1.530
217.75,0.01530,1.530
217.76,0.01530,1.530
217.77,0.01530,1.530
217.78,0.01530,1.530
217.78,0.01530,1.530
217.79,0.01531,1.531
217.80,0.01531,1.531
217.81,0.01531,1.531
217.82,0.01531,1.531
217.83,0.01531,1.531
217.84,0.01531,1.531
217.85,0.01531,1.531
217.86,0.01531,1.531
217.86,0.01531,1.531
217.87,0.01531,1.531
217.88,0.01531,1.531
217.89,0.01531,1.531
217.90,0.01531,1.531
217.91,0.01531,1.531
217.92,0.01531,1.531
217.93,0.01531,1.531
217.94,0.01532,1.532
217.94,0.01532,1.532
217.95,0.01532,1.532
217.96,0.01532,1.532
217.97,0.01532,1.532
217.98,0.01532,1.532
217.99,0.01532,1.532
218.00,0.01532,1.532
218.01,0.01532,1.532
218.02,0.01532,1.532
218.02,0.01532,1.532
218.03,0.01532,1.532
218.04,0.01532,1.532
218.05,0.01532,1.532
218.06,0.01532,1.532
218.07,0.01532,1.532
218.08,0.01533,1.533
218.09,0.01533,1.533
218.09,0.01533,1.533
218.10,0.01533,1.533
218.11,0.01533,1.533
218.12,0.01533,1.533
218.13,0.01533,1.533
218.14,0.01533,1.533
218.15,0.01533,1.533
218.16,0.01533,1.533
218.17,0.01533,1.533
218.17,0.01533,1.533
218.18,0.01533,1.533
218.19,0.01533,1.533
218.20,0.01533,1.533
218.21,0.01533,1.533
218.22,0.01533,1.533
218.23,0.01534,1.534
218.24,0.01534,1.534
218.25,0.01534,1.534
218.25,0.01534,1.534
218.26,0.01534,1.534
218.27,0.01534,1.534
218.28,0.01534,1.534
218.29,0.01534,1.534
218.30,0.01534,1.534
218.31,0.01534,1.534
218.32,0.01534,1.534
218.33,0.01534,1.534
218.33,0.01534,1.534
218.34,0.01534,1.534
218.35,0.01534,1.534
218.36,0.01534,1.534
218.37,0.01535,1.535
218.38,0.01535,1.535
218.39,0.01535,1.535
218.40,0.01535,1.535
218.41,0.01535,1.535
218.41,0.01535,1.535
218.42,0.01535,1.535
218.43,0.01535,1.535
218.44,0.01535,1.535
218.45,0.01535,1.535
218.46,0.01535,1.535
218.47,0.01535,1.535
218.48,0.01535,1.535
218.48,0.01535,1.535
218.49,0.01535,1.535
218.50,0.01535,1.535
218.51,0.01536,1.536
218.52,0.01536,1.536
218.53,0.01536,1.536
218.54,0.01536,1.536
218.55,0.01536,1.536
218.56,0.01536,1.536
218.56,0.01536,1.536
218.57,0.01536,1.536
218.58,0.01536,1.536
218.59,0.01536,1.536
218.60,0.01536,1.536
218.61,0.01536,1.536
218.62,0.01536,1.536
218.63,0.01536,1.536
218.64,0.01536,1.536
218.64,0.01536,1.536
218.65,0.01536,1.536
218.66,0.01537,1.537
218.67,0.01537,1.537
218.68,0.01537,1.537
218.69,0.01537,1.537
218.70,0.01537,1.537
218.71,0.01537,1.537
218.72,0.01537,1.537
218.72,0.01537,1.537
218.73,0.01537,1.537
218.74,0.01537,1.537
218.75,0.01537,1.537
218.76,0.01537,1.537
218.77,0.01537,1.537
218.78,0.01537,1.537
218.79,0.01537,1.537
218.79,0.01537,1.537
218.80,0.01538,1.538
218.81,0.01538,1.538
218.82,0.01538,1.538
218.83,0.01538,1.538
218.84,0.01538,1.538
218.85,0.01538,1.538
218.86,0.01538,1.538
218.87,0.01538,1.538
218.87,0.01538,1.538
218.88,0.01538,1.538
218.89,0.01538,1.538
218.90,0.01538,1.538
218.91,0.01538,1.538
218.92,0.01538,1.538
218.93,0.01538,1.538
218.94,0.01538,1.538
218.95,0.01538,1.538
218.95,0.01539,1.539
218.96,0.01539,1.539
218.97,0.01539,1.539
218.98,0.01539,1.539
218.99,0.01539,1.539
219.00,0.01539,1.539
219.01,0.01539,1.539
219.02,0.01539,1.539
219.02,0.01539,1.539
219.03,0.01539,1.539
219.04,0.01539,1.539
219.05,0.01539,1.539
219.06,0.01539,1.539
219.07,0.01539,1.539
219.08,0.01539,1.539
219.09,0.01539,1.539
219.10,0.01540,1.540
219.10,0.01540,1.540
219.11,0.01540,1.540
219.12,0.01540,1.540
219.13,0.01540,1.540
219.14,0.01540,1.540
219.15,0.01540,1.540
219.16,0.01540,1.540
219.17,0.01540,1.540
219.18,0.01540,1.540
219.18,0.01540,1.540
219.19,0.01540,1.540
219.20,0.01540,1.540
219.21,0.01540,1.540
219.22,0.01540,1.540
219.23,0.01540,1.540
219.24,0.01540,1.540
219.25,0.01541,1.541
219.26,0.01541,1.541
219.26,0.01541,1.541
219.27,0.01541,1.541
219.28,0.01541,1.541
219.29,0.01541,1.541
219.30,0.01541,1.541
219.31,0.01541,1.541
219.32,0.01541,1.541
219.33,0.01541,1.541
219.33,0.01541,1.541
219.34,0.01541,1.541
219.35,0.01541,1.541
219.36,0.01541,1.541
219.37,0.01541,1.541
219.38,0.01541,1.541
219.39,0.01542,1.542
219.40,0.01542,1.542
219.41,0.01542,1.542
219.41,0.01542,1.542
219.42,0.01542,1.542
219.43,0.01542,1.542
219.44,0.01542,1.542
219.45,0.01542,1.542
219.46,0.01542,1.542
219.47,0.01542,1.542
219.48,0.01542,1.542
219.49,0.01542,1.542
219.49,0.01542,1.542
219.50,0.01542,1.542
219.51,0.01542,1.542
219.52,0.01542,1.542
219.53,0.01542,1.542
219.54,0.01543,1.543
219.55,0.01543,1.543
219.56,0.01543,1.543
219.57,0.01543,1.543
219.57,0.01543,1.543
219.58,0.01543,1.543
219.59,0.01543,1.543
219.60,0.01543,1.543
219.61,0.01543,1.543
219.62,0.01543,1.543
219.63,0.01543,1.543
219.64,0.01543,1.543
219.64,0.01543,1.543
219.65,0.01543,1.543
219.66,0.01543,1.543
219.67,0.01543,1.543
219.68,0.01543,1.543
219.69,0.01544,1.544
219.70,0.01544,1.544
219.71,0.01544,1.544
219.72,0.01544,1.544
219.72,0.01544,1.544
219.73,0.01544,1.544
219.74,0.01544,1.544
219.75,0.01544,1.544
219.76,0.01544,1.544
219.77,0.01544,1.544
219.78,0.01544,1.544
219.79,0.01544,1.544
219.80,0.01544,1.544
219.80,0.01544,1.544
219.81,0.01544,1.544
219.82,0.01544,1.544
219.83,0.01545,1.545
219.84,0.01545,1.545
219.85,0.01545,1.545
219.86,0.01545,1.545
219.87,0.01545,1.545
219.88,0.01545,1.545
219.88,0.01545,1.545
219.89,0.01545,1.545
219.90,0.01545,1.545
219.91,0.01545,1.545
219.92,0.01545,1.545
219.93,0.01545,1.545
219.94,0.01545,1.545
219.95,0.01545,1.545
219.96,0.01545,1.545
219.96,0.01545,1.545
219.97,0.01545,1.545
219.98,0.01546,1.546
219.99,0.01546,1.546
220.00,0.01546,1.546
220.01,0.01546,1.546
220.02,0.01546,1.546
220.03,0.01546,1.546
220.04,0.01546,1.546
220.04,0.01546,1.546
220.05,0.01546,1.546
220.06,0.01546,1.546
220.07,0.01546,1.546
220.08,0.01546,1.546
220.09,0.01546,1.546
220.10,0.01546,1.546
220.11,0.01546,1.546
220.12,0.01546,1.546
220.12,0.01546,1.546
220.13,0.01547,1.547
220.14,0.01547,1.547
220.15,0.01547,1.547
220.16,0.01547,1.547
220.17,0.01547,1.547
220.18,0.01547,1.547
220.19,0.01547,1.547
220.19,0.01547,1.547
220.20,0.01547,1.547
220.21,0.01547,1.547
220.22,0.01547,1.547
220.23,0.01547,1.547
220.24,0.01547,1.547
220.25,0.01547,1.547
220.26,0.01547,1.547
220.27,0.01547,1.547
220.27,0.01547,1.547
220.28,0.01548,1.548
220.29,0.01548,1.548
220.30,0.01548,1.548
220.31,0.01548,1.548
220.32,0.01548,1.548
220.33,0.01548,1.548
220.34,0.01548,1.548
220.35,0.01548,1.548
220.35,0.01548,1.548
220.36,0.01548,1.548
220.37,0.01548,1.548
220.38,0.01548,1.548
220.39,0.01548,1.548
220.40,0.01548,1.548
220.41,0.01548,1.548
220.42,0.01548,1.548
220.43,0.01548,1.548
220.43,0.01549,1.549
220.44,0.01549,1.549
220.45,0.01549,1.549
220.46,0.01549,1.549
220.47,0.01549,1.549
220.48,0.01549,1.549
220.49,0.01549,1.549
220.50,0.01549,1.549
220.51,0.01549,1.549
220.51,0.01549,1.549
220.52,0.01549,1.549
220.53,0.01549,1.549
220.54,0.01549,1.549
220.55,0.01549,1.549
220.56,0.01549,1.549
220.57,0.01549,1.549
220.58,0.01549,1.549
220.58,0.01550,1.550
220.59,0.01550,1.550
220.60,0.01550,1.550
220.61,0.01550,1.550
220.62,0.01550,1.550
220.63,0.01550,1.550
220.64,0.01550,1.550
220.65,0.01550,1.550
220.66,0.01550,1.550
220.66,0.01550,1.550
220.67,0.01550,1.550
220.68,0.01550,1.550
220.69,0.01550,1.550
220.70,0.01550,1.550
220.71,0.01550,1.550
220.72,0.01550,1.550
220.73,0.01550,1.550
220.74,0.01550,1.550
220.74,0.01551,1.551
220.75,0.01551,1.551
220.76,0.01551,1.551
220.77,0.01551,1.551
220.78,0.01551,1.551
220.79,0.01551,1.551
220.80,0.01551,1.551
220.81,0.01551,1.551
220.81,0.01551,1.551
220.82,0.01551,1.551
220.83,0.01551,1.551
220.84,0.01551,1.551
220.85,0.01551,1.551
220.86,0.01551,1.551
220.87,0.01551,1.551
220.88,0.01551,1.551
220.89,0.01551,1.551
220.89,0.01552,1.552
220.90,0.01552,1.552
220.91,0.01552,1.552
220.92,0.01552,1.552
220.93,0.01552,1.552
220.94,0.01552,1.552
220.95,0.01552,1.552
220.96,0.01552,1.552
220.97,0.01552,1.552
220.97,0.01552,1.552
220.98,0.01552,1.552
220.99,0.01552,1.552
221.00,0.01552,1.552
221.01,0.01552,1.552
221.02,0.01552,1.552
221.03,0.01552,1.552
221.04,0.01552,1.552
221.04,0.01552,1.552
221.05,0.01553,1.553
221.06,0.01553,1.553
221.07,0.01553,1.553
221.08,0.01553,1.553
221.09,0.01553,1.553
221.10,0.01553,1.553
221.11,0.01553,1.553
221.12,0.01553,1.553
221.12,0.01553,1.553
221.13,0.01553,1.553
221.14,0.01553,1.553
221.15,0.01553,1.553
221.16,0.01553,1.553
221.17,0.01553,1.553
221.18,0.01553,1.553
221.19,0.01553,1.553
221.20,0.01553,1.553
221.20,0.01554,1.554
221.21,0.01554,1.554
221.22,0.01554,1.554
221.23,0.01554,1.554
221.24,0.01554,1.554
221.25,0.01554,1.554
221.26,0.01554,1.554
221.27,0.01554,1.554
221.27,0.01554,1.554
221.28,0.01554,1.554
221.29,0.01554,1.554
221.30,0.01554,1.554
221.31,0.01554,1.554
221.32,0.01554,1.554
221.33,0.01554,1.554
221.34,0.01554,1.554
221.35,0.01554,1.554
221.35,0.01554,1.554
221.36,0.01555,1.555
221.37,0.01555,1.555
221.38,0.01555,1.555
221.39,0.01555,1.555
221.40,0.01555,1.555
221.41,0.01555,1.555
221.42,0.01555,1.555
221.43,0.01555,1.555
221.43,0.01555,1.555
221.44,0.01555,1.555
221.45,0.01555,1.555
221.46,0.01555,1.555
221.47,0.01555,1.555
221.48,0.01555,1.555
221.49,0.01555,1.555
221.50,0.01555,1.555
221.51,0.01555,1.555
221.51,0.01555,1.555
221.52,0.01556,1.556
221.53,0.01556,1.556
221.54,0.01556,1.556
221.55,0.01556,1.556
221.56,0.01556,1.556
221.57,0.01556,1.556
221.58,0.01556,1.556
221.58,0.01556,1.556
221.59,0.01556,1.556
221.60,0.01556,1.556
221.61,0.01556,1.556
221.62,0.01556,1.556
221.63,0.01556,1.556
221.64,0.01556,1.556
221.65,0.01556,1.556
221.66,0.01556,1.556
221.66,0.01556,1.556
221.67,0.01557,1.557
221.68,0.01557,1.557
221.69,0.01557,1.557
221.70,0.01557,1.557
221.71,0.01557,1.557
221.72,0.01557,1.557
221.73,0.01557,1.557
221.74,0.01557,1.557
221.74,0.01557,1.557
221.75,0.01557,1.557
221.76,0.01557,1.557
221.77,0.01557,1.557
221.78,0.01557,1.557
221.79,0.01557,1.557
221.80,0.01557,1.557
221.81,0.01557,1.557
221.82,0.01557,1.557
221.82,0.01557,1.557
221.83,0.01558,1.558
221.84,0.01558,1.558
221.85,0.01558,1.558
221.86,0.01558,1.558
221.87,0.01558,1.558
221.88,0.01558,1.558
221.89,0.01558,1.558
221.90,0.01558,1.558
221.90,0.01558,1.558
221.91,0.01558,1.558
221.92,0.01558,1.558
221.93,0.01558,1.558
221.94,0.01558,1.558
221.95,0.01558,1.558
221.96,0.01558,1.558
221.97,0.01558,1.558
221.98,0.01558,1.558
221.98,0.01558,1.558
221.99,0.01559,1.559
222.00,0.01559,1.559
222.01,0.01559,1.559
222.02,0.01559,1.559
222.03,0.01559,1.559
222.04,0.01559,1.559
222.05,0.01559,1.559
222.06,0.01559,1.559
222.06,0.01559,1.559
222.07,0.01559,1.559
222.08,0.01559,1.559
222.09,0.01559,1.559
222.10,0.01559,1.559
222.11,0.01559,1.559
222.12,0.01559,1.559
222.13,0.01559,1.559
222.14,0.01559,1.559
222.14,0.01559,1.559
222.15,0.01560,1.560
222.16,0.01560,1.560
222.17,0.01560,1.560
222.18,0.01560,1.560
222.19,0.01560,1.560
222.20,0.01560,1.560
222.21,0.01560,1.560
222.21,0.01560,1.560
222.22,0.01560,1.560
222.23,0.01560,1.560
222.24,0.01560,1.560
222.25,0.01560,1.560
222.26,0.01560,1.560
222.27,0.01560,1.560
222.28,0.01560,1.560
222.29,0.01560,1.560
222.29,0.01560,1.560
222.30,0.01560,1.560
222.31,0.01561,1.561
222.32,0.01561,1.561
222.33,0.01561,1.561
222.34,0.01561,1.561
222.35,0.01561,1.561
222.36,0.01561,1.561
222.37,0.01561,1.561
222.37,0.01561,1.561
222.38,0.01561,1.561
222.39,0.01561,1.561
222.40,0.01561,1.561
222.41,0.01561,1.561
222.42,0.01561,1.561
222.43,0.01561,1.561
222.44,0.01561,1.561
222.45,0.01561,1.561
222.45,0.01561,1.561
222.46,0.01561,1.561
222.47,0.01562,1.562
222.48,0.01562,1.562
222.49,0.01562,1.562
222.50,0.01562,1.562
222.51,0.01562,1.562
222.52,0.01562,1.562
222.52,0.01562,1.562
222.53,0.01562,1.562
222.54,0.01562,1.562
222.55,0.01562,1.562
222.56,0.01562,1.562
222.57,0.01562,1.562
222.58,0.01562,1.562
222.59,0.01562,1.562
222.60,0.01562,1.562
222.60,0.01562,1.562
222.61,0.01562,1.562
222.62,0.01562,1.562
222.63,0.01563,1.563
222.64,0.01563,1.563
222.65,0.01563,1.563
222.66,0.01563,1.563
222.67,0.01563,1.563
222.68,0.01563,1.563
222.68,0.01563,1.563
222.69,0.01563,1.563
222.70,0.01563,1.563
222.71,0.01563,1.563
222.72,0.01563,1.563
222.73,0.01563,1.563
222.74,0.01563,1.563
222.75,0.01563,1.563
222.76,0.01563,1.563
222.76,0.01563,1.563
222.77,0.01563,1.563
222.78,0.01563,1.563
222.79,0.01564,1.564
222.80,0.01564,1.564
222.81,0.01564,1.564
222.82,0.01564,1.564
222.83,0.01564,1.564
222.83,0.01564,1.564
222.84,0.01564,1.564
222.85,0.01564,1.564
222.86,0.01564,1.564
222.87,0.01564,1.564
222.88,0.01564,1.564
222.89,0.01564,1.564
222.90,0.01564,1.564
222.91,0.01564,1.564
222.91,0.01564,1.564
222.92,0.01564,1.564
222.93,0.01564,1.564
222.94,0.01564,1.564
222.95,0.01564,1.564
222.96,0.01565,1.565
222.97,0.01565,1.565
222.98,0.01565,1.565
222.99,0.01565,1.565
222.99,0.01565,1.565
223.00,0.01565,1.565
223.01,0.01565,1.565
223.02,0.01565,1.565
223.03,0.01565,1.565
223.04,0.01565,1.565
223.05,0.01565,1.565
223.06,0.01565,1.565
223.07,0.01565,1.565
223.07,0.01565,1.565
223.08,0.01565,1.565
223.09,0.01565,1.565
223.10,0.01565,1.565
223.11,0.01565,1.565
223.12,0.01566,1.566
223.13,0.01566,1.566
223.14,0.01566,1.566
223.14,0.01566,1.566
223.15,0.01566,1.566
223.16,0.01566,1.566
223.17,0.01566,1.566
223.18,0.01566,1.566
223.19,0.01566,1.566
223.20,0.01566,1.566
223.21,0.01566,1.566
223.22,0.01566,1.566
223.22,0.01566,1.566
223.23,0.01566,1.566
223.24,0.01566,1.566
223.25,0.01566,1.566
223.26,0.01566,1.566
223.27,0.01566,1.566
223.28,0.01567,1.567
223.29,0.01567,1.567
223.30,0.01567,1.567
223.30,0.01567,1.567
223.31,0.01567,1.567
223.32,0.01567,1.567
223.33,0.01567,1.567
223.34,0.01567,1.567
223.35,0.01567,1.567
223.36,0.01567,1.567
223.37,0.01567,1.567
223.38,0.01567,1.567
223.38,0.01567,1.567
223.39,0.01567,1.567
223.40,0.01567,1.567
223.41,0.01567,1.567
223.42,0.01567,1.567
223.43,0.01567,1.567
223.44,0.01568,1.568
223.45,0.01568,1.568
223.46,0.01568,1.568
223.46,0.01568,1.568
223.47,0.01568,1.568
223.48,0.01568,1.568
223.49,0.01568,1.568
223.50,0.01568,1.568
223.51,0.01568,1.568
223.52,0.01568,1.568
223.53,0.01568,1.568
223.54,0.01568,1.568
223.54,0.01568,1.568
223.55,0.01568,1.568
223.56,0.01568,1.568
223.57,0.01568,1.568
223.58,0.01568,1.568
223.59,0.01568,1.568
223.60,0.01568,1.568
223.61,0.01569,1.569
223.62,0.01569,1.569
223.62,0.01569,1.569
223.63,0.01569,1.569
223.64,0.01569,1.569
223.65,0.01569,1.569
223.66,0.01569,1.569
223.67,0.01569,1.569
223.68,0.01569,1.569
223.69,0.01569,1.569
223.69,0.01569,1.569
223.70,0.01569,1.569
223.71,0.01569,1.569
223.72,0.01569,1.569
223.73,0.01569,1.569
223.74,0.01569,1.569
223.75,0.01569,1.569
223.76,0.01569,1.569
223.77,0.01570,1.570
223.77,0.01570,1.570
223.78,0.01570,1.570
223.79,0.01570,1.570
223.80,0.01570,1.570
223.81,0.01570,1.570
223.82,0.01570,1.570
223.83,0.01570,1.570
223.84,0.01570,1.570
223.85,0.01570,1.570
223.85,0.01570,1.570
223.86,0.01570,1.570
223.87,0.01570,1.570
223.88,0.01570,1.570
223.89,0.01570,1.570
223.90,0.01570,1.570
223.91,0.01570,1.570
223.92,0.01570,1.570
223.93,0.01571,1.571
223.93,0.01571,1.571
223.94,0.01571,1.571
223.95,0.01571,1.571
223.96,0.01571,1.571
223.97,0.01571,1.571
223.98,0.01571,1.571
223.99,0.01571,1.571
224.00,0.01571,1.571
224.01,0.01571,1.571
224.01,0.01571,1.571
224.02,0.01571,1.571
224.03,0.01571,1.571
224.04,0.01571,1.571
224.05,0.01571,1.571
224.06,0.01571,1.571
224.07,0.01571,1.571
224.08,0.01571,1.571
224.08,0.01571,1.571
224.09,0.01572,1.572
224.10,0.01572,1.572
224.11,0.01572,1.572
224.12,0.01572,1.572
224.13,0.01572,1.572
224.14,0.01572,1.572
224.15,0.01572,1.572
224.16,0.01572,1.572
224.16,0.01572,1.572
224.17,0.01572,1.572
224.18,0.01572,1.572
224.19,0.01572,1.572
224.20,0.01572,1.572
224.21,0.01572,1.572
224.22,0.01572,1.572
224.23,0.01572,1.572
224.24,0.01572,1.572
224.24,0.01572,1.572
224.25,0.01572,1.572
224.26,0.01573,1.573
224.27,0.01573,1.573
224.28,0.01573,1.573
224.29,0.01573,1.573
224.30,0.01573,1.573
224.31,0.01573,1.573
224.32,0.01573,1.573
224.32,0.01573,1.573
224.33,0.01573,1.573
224.34,0.01573,1.573
224.35,0.01573,1.573
224.36,0.01573,1.573
224.37,0.01573,1.573
224.38,0.01573,1.573
224.39,0.01573,1.573
224.39,0.01573,1.573
224.40,0.01573,1.573
224.41,0.01573,1.573
224.42,0.01573,1.573
224.43,0.01574,1.574
224.44,0.01574,1.574
224.45,0.01574,1.574
224.46,0.01574,1.574
224.47,0.01574,1.574
224.47,0.01574,1.574
224.48,0.01574,1.574
224.49,0.01574,1.574
224.50,0.01574,1.574
224.51,0.01574,1.574
224.52,0.01574,1.574
224.53,0.01574,1.574
224.54,0.01574,1.574
224.55,0.01574,1.574
224.55,0.01574,1.574
224.56,0.01574,1.574
224.57,0.01574,1.574
224.58,0.01574,1.574
224.59,0.01574,1.574
224.60,0.01575,1.575
224.61,0.01575,1.575
224.62,0.01575,1.575
224.62,0.01575,1.575
224.63,0.01575,1.575
224.64,0.01575,1.575
224.65,0.01575,1.575
224.66,0.01575,1.575
224.67,0.01575,1.575
224.68,0.01575,1.575
224.69,0.01575,1.575
224.70,0.01575,1.575
224.70,0.01575,1.575
224.71,0.01575,1.575
224.72,0.01575,1.575
224.73,0.01575,1.575
224.74,0.01575,1.575
224.75,0.01575,1.575
224.76,0.01575,1.575
224.77,0.01576,1.576
224.78,0.01576,1.576
224.78,0.01576,1.576
224.79,0.01576,1.576
224.80,0.01576,1.576
224.81,0.01576,1.576
224.82,0.01576,1.576
224.83,0.01576,1.576
224.84,0.01576,1.576
224.85,0.01576,1.576
224.85,0.01576,1.576
224.86,0.01576,1.576
224.87,0.01576,1.576
224.88,0.01576,1.576
224.89,0.01576,1.576
224.90,0.01576,1.576
224.91,0.01576,1.576
224.92,0.01576,1.576
224.93,0.01576,1.576
224.93,0.01577,1.577
224.94,0.01577,1.577
224.95,0.01577,1.577
224.96,0.01577,1.577
224.97,0.01577,1.577
224.98,0.01577,1.577
224.99,0.01577,1.577
225.00,0.01577,1.577
225.01,0.01577,1.577
225.01,0.01577,1.577
225.02,0.01577,1.577
225.03,0.01577,1.577
225.04,0.01577,1.577
225.05,0.01577,1.577
225.06,0.01577,1.577
225.07,0.01577,1.577
225.08,0.01577,1.577
225.09,0.01577,1.577
225.09,0.01577,1.577
225.10,0.01578,1.578
225.11,0.01578,1.578
225.12,0.01578,1.578
225.13,0.01578,1.578
225.14,0.01578,1.578
225.15,0.01578,1.578
225.16,0.01578,1.578
225.17,0.01578,1.578
225.17,0.01578,1.578
225.18,0.01578,1.578
225.19,0.01578,1.578
225.20,0.01578,1.578
225.21,0.01578,1.578
225.22,0.01578,1.578
225.23,0.01578,1.578
225.24,0.01578,1.578
225.25,0.01578,1.578
225.25,0.01578,1.578
225.26,0.01578,1.578
225.27,0.01579,1.579
225.28,0.01579,1.579
225.29,0.01579,1.579
225.30,0.01579,1.579
225.31,0.01579,1.579
225.32,0.01579,1.579
225.32,0.01579,1.579
225.33,0.01579,1.579
225.34,0.01579,1.579
225.35,0.01579,1.579
225.36,0.01579,1.579
225.37,0.01579,1.579
225.38,0.01579,1.579
225.39,0.01579,1.579
225.40,0.01579,1.579
225.40,0.01579,1.579
225.41,0.01579,1.579
225.42,0.01579,1.579
225.43,0.01579,1.579
225.44,0.01579,1.579
225.45,0.01580,1.580
225.46,0.01580,1.580
225.47,0.01580,1.580
225.48,0.01580,1.580
225.48,0.01580,1.580
225.49,0.01580,1.580
225.50,0.01580,1.580
225.51,0.01580,1.580
225.52,0.01580,1.580
225.53,0.01580,1.580
225.54,0.01580,1.580
225.55,0.01580,1.580
225.56,0.01580,1.580
225.56,0.01580,1.580
225.57,0.01580,1.580
225.58,0.01580,1.580
225.59,0.01580,1.580
225.60,0.01580,1.580
225.61,0.01580,1.580
225.62,0.01581,1.581
225.63,0.01581,1.581
225.64,0.01581,1.581
225.64,0.01581,1.581
225.65,0.01581,1.581
225.66,0.01581,1.581
225.67,0.01581,1.581
225.68,0.01581,1.581
225.69,0.01581,1.581
225.70,0.01581,1.581
225.71,0.01581,1.581
225.72,0.01581,1.581
225.72,0.01581,1.581
225.73,0.01581,1.581
225.74,0.01581,1.581
225.75,0.01581,1.581
225.76,0.01581,1.581
225.77,0.01581,1.581
225.78,0.01581,1.581
225.79,0.01581,1.581
225.80,0.01582,1.582
225.80,0.01582,1.582
225.81,0.01582,1.582
225.82,0.01582,1.582
225.83,0.01582,1.582
225.84,0.01582,1.582
225.85,0.01582,1.582
225.86,0.01582,1.582
225.87,0.01582,1.582
225.87,0.01582,1.582
225.88,0.01582,1.582
225.89,0.01582,1.582
225.90,0.01582,1.582
225.91,0.01582,1.582
225.92,0.01582,1.582
225.93,0.01582,1.582
225.94,0.01582,1.582
225.95,0.01582,1.582
225.95,0.01582,1.582
225.96,0.01582,1.582
225.97,0.01583,1.583
225.98,0.01583,1.583
225.99,0.01583,1.583
226.00,0.01583,1.583
226.01,0.01583,1.583
226.02,0.01583,1.583
226.03,0.01583,1.583
226.03,0.01583,1.583
226.04,0.01583,1.583
226.05,0.01583,1.583
226.06,0.01583,1.583
226.07,0.01583,1.583
226.08,0.01583,1.583
226.09,0.01583,1.583
226.10,0.01583,1.583
226.11,0.01583,1.583
226.11,0.01583,1.583
226.12,0.01583,1.583
226.13,0.01583,1.583
226.14,0.01583,1.583
226.15,0.01584,1.584
226.16,0.01584,1.584
226.17,0.01584,1.584
226.18,0.01584,1.584
226.19,0.01584,1.584
226.19,0.01584,1.584
226.20,0.01584,1.584
226.21,0.01584,1.584
226.22,0.01584,1.584
226.23,0.01584,1.584
226.24,0.01584,1.584
226.25,0.01584,1.584
226.26,0.01584,1.584
226.26,0.01584,1.584
226.27,0.01584,1.584
226.28,0.01584,1.584
226.29,0.01584,1.584
226.30,0.01584,1.584
226.31,0.01584,1.584
226.32,0.01585,1.585
226.33,0.01585,1.585
226.34,0.01585,1.585
226.34,0.01585,1.585
226.35,0.01585,1.585
226.36,0.01585,1.585
226.37,0.01585,1.585
226.38,0.01585,1.585
226.39,0.01585,1.585
226.40,0.01585,1.585
226.41,0.01585,1.585
226.42,0.01585,1.585
226.42,0.01585,1.585
226.43,0.01585,1.585
226.44,0.01585,1.585
226.45,0.01585,1.585
226.46,0.01585,1.585
226.47,0.01585,1.585
226.48,0.01585,1.585
226.49,0.01585,1.585
226.49,0.01585,1.585
226.50,0.01586,1.586
226.51,0.01586,1.586
226.52,0.01586,1.586
226.53,0.01586,1.586
226.54,0.01586,1.586
226.55,0.01586,1.586
226.56,0.01586,1.586
226.57,0.01586,1.586
226.57,0.01586,1.586
226.58,0.01586,1.586
226.59,0.01586,1.586
226.60,0.01586,1.586
226.61,0.01586,1.586
226.62,0.01586,1.586
226.63,0.01586,1.586
226.64,0.01586,1.586
226.65,0.01586,1.586
226.65,0.01586,1.586
226.66,0.01586,1.586
226.67,0.01586,1.586
226.68,0.01587,1.587
226.69,0.01587,1.587
226.70,0.01587,1.587
226.71,0.01587,1.587
226.72,0.01587,1.587
226.73,0.01587,1.587
226.73,0.01587,1.587
226.74,0.01587,1.587
226.75,0.01587,1.587
226.76,0.01587,1.587
226.77,0.01587,1.587
226.78,0.01587,1.587
226.79,0.01587,1.587
226.80,0.01587,1.587
226.81,0.01587,1.587
226.81,0.01587,1.587
226.82,0.01587,1.587
226.83,0.01587,1.587
226.84,0.01587,1.587
226.85,0.01587,1.587
226.86,0.01588,1.588
226.87,0.01588,1.588
226.88,0.01588,1.588
226.88,0.01588,1.588
226.89,0.01588,1.588
226.90,0.01588,1.588
226.91,0.01588,1.588
226.92,0.01588,1.588
226.93,0.01588,1.588
226.94,0.01588,1.588
226.95,0.01588,1.588
226.96,0.01588,1.588
226.96,0.01588,1.588
226.97,0.01588,1.588
226.98,0.01588,1.588
226.99,0.01588,1.588
227.00,0.01588,1.588
227.01,0.01588,1.588
227.02,0.01588,1.588
227.03,0.01588,1.588
227.04,0.01589,1.589
227.04,0.01589,1.589
227.05,0.01589,1.589
227.06,0.01589,1.589
227.07,0.01589,1.589
227.08,0.01589,1.589
227.09,0.01589,1.589
227.10,0.01589,1.589
227.11,0.01589,1.589
227.12,0.01589,1.589
227.12,0.01589,1.589
227.13,0.01589,1.589
227.14,0.01589,1.589
227.15,0.01589,1.589
227.16,0.01589,1.589
227.17,0.01589,1.589
227.18,0.01589,1.589
227.19,0.01589,1.589
227.20,0.01589,1.589
227.20,0.01589,1.589
227.21,0.01589,1.589
227.22,0.01590,1.590
227.23,0.01590,1.590
227.24,0.01590,1.590
227.25,0.01590,1.590
227.26,0.01590,1.590
227.27,0.01590,1.590
227.27,0.01590,1.590
227.28,0.01590,1.590
227.29,0.01590,1.590
227.30,0.01590,1.590
227.31,0.01590,1.590
227.32,0.01590,1.590
227.33,0.01590,1.590
227.34,0.01590,1.590
227.35,0.01590,1.590
227.35,0.01590,1.590
227.36,0.01590,1.590
227.37,0.01590,1.590
227.38,0.01590,1.590
227.39,0.01590,1.590
227.40,0.01591,1.591
227.41,0.01591,1.591
227.42,0.01591,1.591
227.43,0.01591,1.591
227.43,0.01591,1.591
227.44,0.01591,1.591
227.45,0.01591,1.591
227.46,0.01591,1.591
227.47,0.01591,1.591
227.48,0.01591,1.591
227.49,0.01591,1.591
227.50,0.01591,1.591
227.51,0.01591,1.591
227.51,0.01591,1.591
227.52,0.01591,1.591
227.53,0.01591,1.591
227.54,0.01591,1.591
227.55,0.01591,1.591
227.56,0.01591,1.591
227.57,0.01591,1.591
227.58,0.01591,1.591
227.59,0.01592,1.592
227.59,0.01592,1.592
227.60,0.01592,1.592
227.61,0.01592,1.592
227.62,0.01592,1.592
227.63,0.01592,1.592
227.64,0.01592,1.592
227.65,0.01592,1.592
227.66,0.01592,1.592
227.67,0.01592,1.592
227.67,0.01592,1.592
227.68,0.01592,1.592
227.69,0.01592,1.592
227.70,0.01592,1.592
227.71,0.01592,1.592
227.72,0.01592,1.592
227.73,0.01592,1.592
227.74,0.01592,1.592
227.74,0.01592,1.592
227.75,0.01592,1.592
227.76,0.01592,1.592
227.77,0.01593,1.593
227.78,0.01593,1.593
227.79,0.01593,1.593
227.80,0.01593,1.593
227.81,0.01593,1.593
227.82,0.01593,1.593
227.82,0.01593,1.593
227.83,0.01593,1.593
227.84,0.01593,1.593
227.85,0.01593,1.593
227.86,0.01593,1.593
227.87,0.01593,1.593
227.88,0.01593,1.593
227.89,0.01593,1.593
227.90,0.01593,1.593
227.90,0.01593,1.593
227.91,0.01593,1.593
227.92,0.01593,1.593
227.93,0.01593,1.593
227.94,0.01593,1.593
227.95,0.01593,1.593
227.96,0.01594,1.594
227.97,0.01594,1.594
227.98,0.01594,1.594
227.98,0.01594,1.594
227.99,0.01594,1.594
228.00,0.01594,1.594
228.01,0.01594,1.594
228.02,0.01594,1.594
228.03,0.01594,1.594
228.04,0.01594,1.594
228.05,0.01594,1.594
228.06,0.01594,1.594
228.06,0.01594,1.594
228.07,0.01594,1.594
228.08,0.01594,1.594
228.09,0.01594,1.594
228.10,0.01594,1.594
228.11,0.01594,1.594
228.12,0.01594,1.594
228.13,0.01594,1.594
228.13,0.01594,1.594
228.14,0.01595,1.595
228.15,0.01595,1.595
228.16,0.01595,1.595
228.17,0.01595,1.595
228.18,0.01595,1.595
228.19,0.01595,1.595
228.20,0.01595,1.595
228.21,0.01595,1.595
228.21,0.01595,1.595
228.22,0.01595,1.595
228.23,0.01595,1.595
228.24,0.01595,1.595
228.25,0.01595,1.595
228.26,0.01595,1.595
228.27,0.01595,1.595
228.28,0.01595,1.595
228.29,0.01595,1.595
228.29,0.01595,1.595
228.30,0.01595,1.595
228.31,0.01595,1.595
228.32,0.01595,1.595
228.33,0.01595,1.595
228.34,0.01596,1.596
228.35,0.01596,1.596
228.36,0.01596,1.596
228.37,0.01596,1.596
228.37,0.01596,1.596
228.38,0.01596,1.596
228.39,0.01596,1.596
228.40,0.01596,1.596
228.41,0.01596,1.596
228.42,0.01596,1.596
228.43,0.01596,1.596
228.44,0.01596,1.596
228.45,0.01596,1.596
228.45,0.01596,1.596
228.46,0.01596,1.596
228.47,0.01596,1.596
228.48,0.01596,1.596
228.49,0.01596,1.596
228.50,0.01596,1.596
228.51,0.01596,1.596
228.52,0.01596,1.596
228.53,0.01597,1.597
228.53,0.01597,1.597
228.54,0.01597,1.597
228.55,0.01597,1.597
228.56,0.01597,1.597
228.57,0.01597,1.597
228.58,0.01597,1.597
228.59,0.01597,1.597
228.60,0.01597,1.597
228.60,0.01597,1.597
228.61,0.01597,1.597
228.62,0.01597,1.597
228.63,0.01597,1.597
228.64,0.01597,1.597
228.65,0.01597,1.597
228.66,0.01597,1.597
228.67,0.01597,1.597
228.68,0.01597,1.597
228.68,0.01597,1.597
228.69,0.01597,1.597
228.70,0.01597,1.597
228.71,0.01597,1.597
228.72,0.01598,1.598
228.73,0.01598,1.598
228.74,0.01598,1.598
228.75,0.01598,1.598
228.76,0.01598,1.598
228.76,0.01598,1.598
228.77,0.01598,1.598
228.78,0.01598,1.598
228.79,0.01598,1.598
228.80,0.01598,1.598
228.81,0.01598,1.598
228.82,0.01598,1.598
228.83,0.01598,1.598
228.84,0.01598,1.598
228.84,0.01598,1.598
228.85,0.01598,1.598
228.86,0.01598,1.598
228.87,0.01598,1.598
228.88,0.01598,1.598
228.89,0.01598,1.598
228.90,0.01598,1.598
228.91,0.01599,1.599
228.92,0.01599,1.599
228.92,0.01599,1.599
228.93,0.01599,1.599
228.94,0.01599,1.599
228.95,0.01599,1.599
228.96,0.01599,1.599
228.97,0.01599,1.599
228.98,0.01599,1.599
228.99,0.01599,1.599
228.99,0.01599,1.599
229.00,0.01599,1.599
229.01,0.01599,1.599
229.02,0.01599,1.599
229.03,0.01599,1.599
229.04,0.01599,1.599
229.05,0.01599,1.599
229.06,0.01599,1.599
229.07,0.01599,1.599
229.07,0.01599,1.599
229.08,0.01599,1.599
229.09,0.01599,1.599
229.10,0.01600,1.600
229.11,0.01600,1.600
229.12,0.01600,1.600
229.13,0.01600,1.600
229.14,0.01600,1.600
229.15,0.01600,1.600
229.15,0.01600,1.600
229.16,0.01600,1.600
229.17,0.01600,1.600
229.18,0.01600,1.600
229.19,0.01600,1.600
229.20,0.01600,1.600
229.21,0.01600,1.600
229.22,0.01600,1.600
229.23,0.01600,1.600
229.23,0.01600,1.600
229.24,0.01600,1.600
229.25,0.01600,1.600
229.26,0.01600,1.600
229.27,0.01600,1.600
229.28,0.01600,1.600
229.29,0.01600,1.600
229.30,0.01601,1.601
229.30,0.01601,1.601
229.31,0.01601,1.601
229.32,0.01601,1.601
229.33,0.01601,1.601
229.34,0.01601,1.601
229.35,0.01601,1.601
229.36,0.01601,1.601
229.37,0.01601,1.601
229.38,0.01601,1.601
229.38,0.01601,1.601
229.39,0.01601,1.601
229.40,0.01601,1.601
229.41,0.01601,1.601
229.42,0.01601,1.601
229.43,0.01601,1.601
229.44,0.01601,1.601
229.45,0.01601,1.601
229.46,0.01601,1.601
229.46,0.01601,1.601
229.47,0.01601,1.601
229.48,0.01601,1.601
229.49,0.01602,1.602
229.50,0.01602,1.602
229.51,0.01602,1.602
229.52,0.01602,1.602
229.53,0.01602,1.602
229.54,0.01602,1.602
229.54,0.01602,1.602
229.55,0.01602,1.602
229.56,0.01602,1.602
229.57,0.01602,1.602
229.58,0.01602,1.602
229.59,0.01602,1.602
229.60,0.01602,1.602
229.61,0.01602,1.602
229.62,0.01602,1.602
229.62,0.01602,1.602
229.63,0.01602,1.602
229.64,0.01602,1.602
229.65,0.01602,1.602
229.66,0.01602,1.602
229.67,0.01602,1.602
229.68,0.01602,1.602
229.69,0.01603,1.603
229.70,0.01603,1.603
229.70,0.01603,1.603
229.71,0.01603,1.603
229.72,0.01603,1.603
229.73,0.01603,1.603
229.74,0.01603,1.603
229.75,0.01603,1.603
229.76,0.01603,1.603
229.77,0.01603,1.603
229.77,0.01603,1.603
229.78,0.01603,1.603
229.79,0.01603,1.603
229.80,0.01603,1.603
229.81,0.01603,1.603
229.82,0.01603,1.603
229.83,0.01603,1.603
229.84,0.01603,1.603
229.85,0.01603,1.603
229.85,0.01603,1.603
229.86,0.01603,1.603
229.87,0.01603,1.603
229.88,0.01603,1.603
229.89,0.01604,1.604
229.90,0.01604,1.604
229.91,0.01604,1.604
229.92,0.01604,1.604
229.93,0.01604,1.604
229.93,0.01604,1.604
229.94,0.01604,1.604
229.95,0.01604,1.604
229.96,0.01604,1.604
229.97,0.01604,1.604
229.98,0.01604,1.604
229.99,0.01604,1.604
230.00,0.01604,1.604
230.01,0.01604,1.604
230.01,0.01604,1.604
230.02,0.01604,1.604
230.03,0.01604,1.604
230.04,0.01604,1.604
230.05,0.01604,1.604
230.06,0.01604,1.604
230.07,0.01604,1.604
230.08,0.01604,1.604
230.09,0.01605,1.605
230.09,0.01605,1.605
230.10,0.01605,1.605
230.11,0.01605,1.605
230.12,0.01605,1.605
230.13,0.01605,1.605
230.14,0.01605,1.605
230.15,0.01605,1.605
230.16,0.01605,1.605
230.17,0.01605,1.605
230.17,0.01605,1.605
230.18,0.01605,1.605
230.19,0.01605,1.605
230.20,0.01605,1.605
230.21,0.01605,1.605
230.22,0.01605,1.605
230.23,0.01605,1.605
230.24,0.01605,1.605
230.24,0.01605,1.605
230.25,0.01605,1.605
230.26,0.01605,1.605
230.27,0.01605,1.605
230.28,0.01605,1.605
230.29,0.01606,1.606
230.30,0.01606,1.606
230.31,0.01606,1.606
230.32,0.01606,1.606
230.32,0.01606,1.606
230.33,0.01606,1.606
230.34,0.01606,1.606
230.35,0.01606,1.606
230.36,0.01606,1.606
230.37,0.01606,1.606
230.38,0.01606,1.606
230.39,0.01606,1.606
230.40,0.01606,1.606
230.40,0.01606,1.606
230.41,0.01606,1.606
230.42,0.01606,1.606
230.43,0.01606,1.606
230.44,0.01606,1.606
230.45,0.01606,1.606
230.46,0.01606,1.606
230.47,0.01606,1.606
230.48,0.01606,1.606
230.48,0.01606,1.606
230.49,0.01607,1.607
230.50,0.01607,1.607
230.51,0.01607,1.607
230.52,0.01607,1.607
230.53,0.01607,1.607
230.54,0.01607,1.607
230.55,0.01607,1.607
230.55,0.01607,1.607
230.56,0.01607,1.607
230.57,0.01607,1.607
230.58,0.01607,1.607
230.59,0.01607,1.607
230.60,0.01607,1.607
230.61,0.01607,1.607
230.62,0.01607,1.607
230.63,0.01607,1.607
230.63,0.01607,1.607
230.64,0.01607,1.607
230.65,0.01607,1.607
230.66,0.01607,1.607
230.67,0.01607,1.607
230.68,0.01607,1.607
230.69,0.01607,1.607
230.70,0.01607,1.607
230.71,0.01608,1.608
230.71,0.01608,1.608
230.72,0.01608,1.608
230.73,0.01608,1.608
230.74,0.01608,1.608
230.75,0.01608,1.608
230.76,0.01608,1.608
230.77,0.01608,1.608
230.78,0.01608,1.608
230.79,0.01608,1.608
230.79,0.01608,1.608
230.80,0.01608,1.608
230.81,0.01608,1.608
230.82,0.01608,1.608
230.83,0.01608,1.608
230.84,0.01608,1.608
230.85,0.01608,1.608
230.86,0.01608,1.608
230.86,0.01608,1.608
230.87,0.01608,1.608
230.88,0.01608,1.608
230.89,0.01608,1.608
230.90,0.01608,1.608
230.91,0.01609,1.609
230.92,0.01609,1.609
230.93,0.01609,1.609
230.94,0.01609,1.609
230.94,0.01609,1.609
230.95,0.01609,1.609
230.96,0.01609,1.609
230.97,0.01609,1.609
230.98,0.01609,1.609
230.99,0.01609,1.609
231.00,0.01609,1.609
231.01,0.01609,1.609
231.02,0.01609,1.609
231.02,0.01609,1.609
231.03,0.01609,1.609
231.04,0.01609,1.609
231.05,0.01609,1.609
231.06,0.01609,1.609
231.07,0.01609,1.609
231.08,0.01609,1.609
231.09,0.01609,1.609
231.10,0.01609,1.609
231.10,0.01609,1.609
231.11,0.01609,1.609
231.12,0.01610,1.610
231.13,0.01610,1.610
231.14,0.01610,1.610
231.15,0.01610,1.610
231.16,0.01610,1.610
231.17,0.01610,1.610
231.18,0.01610,1.610
231.18,0.01610,1.610
231.19,0.01610,1.610
231.20,0.01610,1.610
231.21,0.01610,1.610
231.22,0.01610,1.610
231.23,0.01610,1.610
231.24,0.01610,1.610
231.25,0.01610,1.610
231.25,0.01610,1.610
231.26,0.01610,1.610
231.27,0.01610,1.610
231.28,0.01610,1.610
231.29,0.01610,1.610
231.30,0.01610,1.610
231.31,0.01610,1.610
231.32,0.01610,1.610
231.33,0.01610,1.610
231.33,0.01611,1.611
231.34,0.01611,1.611
231.35,0.01611,1.611
231.36,0.01611,1.611
231.37,0.01611,1.611
231.38,0.01611,1.611
231.39,0.01611,1.611
231.40,0.01611,1.611
231.41,0.01611,1.611
231.41,0.01611,1.611
231.42,0.01611,1.611
231.43,0.01611,1.611
231.44,0.01611,1.611
231.45,0.01611,1.611
231.46,0.01611,1.611
231.47,0.01611,1.611
231.48,0.01611,1.611
231.49,0.01611,1.611
231.49,0.01611,1.611
231.50,0.01611,1.611
231.51,0.01611,1.611
231.52,0.01611,1.611
231.53,0.01611,1.611
231.54,0.01611,1.611
231.55,0.01612,1.612
231.56,0.01612,1.612
231.57,0.01612,1.612
231.57,0.01612,1.612
231.58,0.01612,1.612
231.59,0.01612,1.612
231.60,0.01612,1.612
231.61,0.01612,1.612
231.62,0.01612,1.612
231.63,0.01612,1.612
231.64,0.01612,1.612
231.65,0.01612,1.612
231.65,0.01612,1.612
231.66,0.01612,1.612
231.67,0.01612,1.612
231.68,0.01612,1.612
231.69,0.01612,1.612
231.70,0.01612,1.612
231.71,0.01612,1.612
231.72,0.01612,1.612
231.73,0.01612,1.612
231.73,0.01612,1.612
231.74,0.01612,1.612
231.75,0.01612,1.612
231.76,0.01613,1.613
231.77,0.01613,1.613
231.78,0.01613,1.613
231.79,0.01613,1.613
231.80,0.01613,1.613
231.81,0.01613,1.613
231.81,0.01613,1.613
231.82,0.01613,1.613
231.83,0.01613,1.613
231.84,0.01613,1.613
231.85,0.01613,1.613
231.86,0.01613,1.613
231.87,0.01613,1.613
231.88,0.01613,1.613
231.89,0.01613,1.613
231.89,0.01613,1.613
231.90,0.01613,1.613
231.91,0.01613,1.613
231.92,0.01613,1.613
231.93,0.01613,1.613
231.94,0.01613,1.613
231.95,0.01613,1.613
231.96,0.01613,1.613
231.97,0.01613,1.613
231.97,0.01613,1.613
231.98,0.01614,1.614
231.99,0.01614,1.614
232.00,0.01614,1.614
232.01,0.01614,1.614
232.02,0.01614,1.614
232.03,0.01614,1.614
232.04,0.01614,1.614
232.04,0.01614,1.614
232.05,0.01614,1.614
232.06,0.01614,1.614
232.07,0.01614,1.614
232.08,0.01614,1.614
232.09,0.01614,1.614
232.10,0.01614,1.614
232.11,0.01614,1.614
232.12,0.01614,1.614
232.12,0.01614,1.614
232.13,0.01614,1.614
232.14,0.01614,1.614
232.15,0.01614,1.614
232.16,0.01614,1.614
232.17,0.01614,1.614
232.18,0.01614,1.614
232.19,0.01614,1.614
232.20,0.01614,1.614
232.20,0.01615,1.615
232.21,0.01615,1.615
232.22,0.01615,1.615
232.23,0.01615,1.615
232.24,0.01615,1.615
232.25,0.01615,1.615
232.26,0.01615,1.615
232.27,0.01615,1.615
232.28,0.01615,1.615
232.28,0.01615,1.615
232.29,0.01615,1.615
232.30,0.01615,1.615
232.31,0.01615,1.615
232.32,0.01615,1.615
232.33,0.01615,1.615
232.34,0.01615,1.615
232.35,0.01615,1.615
232.35,0.01615,1.615
232.36,0.01615,1.615
232.37,0.01615,1.615
232.38,0.01615,1.615
232.39,0.01615,1.615
232.40,0.01615,1.615
232.41,0.01615,1.615
232.42,0.01615,1.615
232.43,0.01616,1.616
232.43,0.01616,1.616
232.44,0.01616,1.616
232.45,0.01616,1.616
232.46,0.01616,1.616
232.47,0.01616,1.616
232.48,0.01616,1.616
232.49,0.01616,1.616
232.50,0.01616,1.616
232.51,0.01616,1.616
232.51,0.01616,1.616
232.52,0.01616,1.616
232.53,0.01616,1.616
232.54,0.01616,1.616
232.55,0.01616,1.616
232.56,0.01616,1.616
232.57,0.01616,1.616
232.58,0.01616,1.616
232.59,0.01616,1.616
232.59,0.01616,1.616
232.60,0.01616,1.616
232.61,0.01616,1.616
232.62,0.01616,1.616
232.63,0.01616,1.616
232.64,0.01616,1.616
232.65,0.01617,1.617
232.66,0.01617,1.617
232.66,0.01617,1.617
232.67,0.01617,1.617
232.68,0.01617,1.617
232.69,0.01617,1.617
232.70,0.01617,1.617
232.71,0.01617,1.617
232.72,0.01617,1.617
232.73,0.01617,1.617
232.74,0.01617,1.617
232.74,0.01617,1.617
232.75,0.01617,1.617
232.76,0.01617,1.617
232.77,0.01617,1.617
232.78,0.01617,1.617
232.79,0.01617,1.617
232.80,0.01617,1.617
232.81,0.01617,1.617
232.82,0.01617,1.617
232.82,0.01617,1.617
232.83,0.01617,1.617
232.84,0.01617,1.617
232.85,0.01617,1.617
232.86,0.01617,1.617
232.87,0.01618,1.618
232.88,0.01618,1.618
232.89,0.01618,1.618
232.90,0.01618,1.618
232.90,0.01618,1.618
232.91,0.01618,1.618
232.92,0.01618,1.618
232.93,0.01618,1.618
232.94,0.01618,1.618
232.95,0.01618,1.618
232.96,0.01618,1.618
232.97,0.01618,1.618
232.98,0.01618,1.618
232.98,0.01618,1.618
232.99,0.01618,1.618
233.00,0.01618,1.618
233.01,0.01618,1.618
233.02,0.01618,1.618
233.03,0.01618,1.618
233.04,0.01618,1.618
233.05,0.01618,1.618
233.06,0.01618,1.618
233.06,0.01618,1.618
233.07,0.01618,1.618
233.08,0.01618,1.618
233.09,0.01618,1.618
233.10,0.01619,1.619
233.11,0.01619,1.619
233.12,0.01619,1.619
233.13,0.01619,1.619
233.13,0.01619,1.619
233.14,0.01619,1.619
233.15,0.01619,1.619
233.16,0.01619,1.619
233.17,0.01619,1.619
233.18,0.01619,1.619
233.19,0.01619,1.619
233.20,0.01619,1.619
233.21,0.01619,1.619
233.21,0.01619,1.619
233.22,0.01619,1.619
233.23,0.01619,1.619
233.24,0.01619,1.619
233.25,0.01619,1.619
233.26,0.01619,1.619
233.27,0.01619,1.619
233.28,0.01619,1.619
233.29,0.01619,1.619
233.29,0.01619,1.619
233.30,0.01619,1.619
233.31,0.01619,1.619
233.32,0.01619,1.619
233.33,0.01620,1.620
233.34,0.01620,1.620
233.35,0.01620,1.620
233.36,0.01620,1.620
233.37,0.01620,1.620
233.37,0.01620,1.620
233.38,0.01620,1.620
233.39,0.01620,1.620
233.40,0.01620,1.620
233.41,0.01620,1.620
233.42,0.01620,1.620
233.43,0.01620,1.620
233.44,0.01620,1.620
233.45,0.01620,1.620
233.45,0.01620,1.620
233.46,0.01620,1.620
233.47,0.01620,1.620
233.48,0.01620,1.620
233.49,0.01620,1.620
233.50,0.01620,1.620
233.51,0.01620,1.620
233.52,0.01620,1.620
233.53,0.01620,1.620
233.53,0.01620,1.620
233.54,0.01620,1.620
233.55,0.01620,1.620
233.56,0.01621,1.621
233.57,0.01621,1.621
233.58,0.01621,1.621
233.59,0.01621,1.621
233.60,0.01621,1.621
233.61,0.01621,1.621
233.61,0.01621,1.621
233.62,0.01621,1.621
233.63,0.01621,1.621
233.64,0.01621,1.621
233.65,0.01621,1.621
233.66,0.01621,1.621
233.67,0.01621,1.621
233.68,0.01621,1.621
233.69,0.01621,1.621
233.69,0.01621,1.621
233.70,0.01621,1.621
233.71,0.01621,1.621
233.72,0.01621,1.621
233.73,0.01621,1.621
233.74,0.01621,1.621
233.75,0.01621,1.621
233.76,0.01621,1.621
233.77,0.01621,1.621
233.77,0.01621,1.621
233.78,0.01621,1.621
233.79,0.01622,1.622
233.80,0.01622,1.622
233.81,0.01622,1.622
233.82,0.01622,1.622
233.83,0.01622,1.622
233.84,0.01622,1.622
233.85,0.01622,1.622
233.85,0.01622,1.622
233.86,0.01622,1.622
233.87,0.01622,1.622
233.88,0.01622,1.622
233.89,0.01622,1.622
233.90,0.01622,1.622
233.91,0.01622,1.622
233.92,0.01622,1.622
233.93,0.01622,1.622
233.93,0.01622,1.622
233.94,0.01622,1.622
233.95,0.01622,1.622
233.96,0.01622,1.622
233.97,0.01622,1.622
233.98,0.01622,1.622
233.99,0.01622,1.622
234.00,0.01622,1.622
234.00,0.01622,1.622
234.01,0.01622,1.622
234.02,0.01622,1.622
234.03,0.01623,1.623
234.04,0.01623,1.623
234.05,0.01623,1.623
234.06,0.01623,1.623
234.07,0.01623,1.623
234.08,0.01623,1.623
234.08,0.01623,1.623
234.09,0.01623,1.623
234.10,0.01623,1.623
234.11,0.01623,1.623
234.12,0.01623,1.623
234.13,0.01623,1.623
234.14,0.01623,1.623
234.15,0.01623,1.623
234.16,0.01623,1.623
234.16,0.01623,1.623
234.17,0.01623,1.623
234.18,0.01623,1.623
234.19,0.01623,1.623
234.20,0.01623,1.623
234.21,0.01623,1.623
234.22,0.01623,1.623
234.23,0.01623,1.623
234.24,0.01623,1.623
234.24,0.01623,1.623
234.25,0.01623,1.623
234.26,0.01623,1.623
234.27,0.01624,1.624
234.28,0.01624,1.624
234.29,0.01624,1.624
234.30,0.01624,1.624
234.31,0.01624,1.624
234.31,0.01624,1.624
234.32,0.01624,1.624
234.33,0.01624,1.624
234.34,0.01624,1.624
234.35,0.01624,1.624
234.36,0.01624,1.624
234.37,0.01624,1.624
234.38,0.01624,1.624
234.39,0.01624,1.624
234.39,0.01624,1.624
234.40,0.01624,1.624
234.41,0.01624,1.624
234.42,0.01624,1.624
234.43,0.01624,1.624
234.44,0.01624,1.624
234.45,0.01624,1.624
234.46,0.01624,1.624
234.47,0.01624,1.624
234.47,0.01624,1.624
234.48,0.01624,1.624
234.49,0.01624,1.624
234.50,0.01624,1.624
234.51,0.01625,1.625
234.52,0.01625,1.625
234.53,0.01625,1.625
234.54,0.01625,1.625
234.55,0.01625,1.625
234.55,0.01625,1.625
234.56,0.01625,1.625
234.57,0.01625,1.625
234.58,0.01625,1.625
234.59,0.01625,1.625
234.60,0.01625,1.625
234.61,0.01625,1.625
234.62,0.01625,1.625
234.62,0.01625,1.625
234.63,0.01625,1.625
234.64,0.01625,1.625
234.65,0.01625,1.625
234.66,0.01625,1.625
234.67,0.01625,1.625
234.68,0.01625,1.625
234.69,0.01625,1.625
234.70,0.01625,1.625
234.70,0.01625,1.625
234.71,0.01625,1.625
234.72,0.01625,1.625
234.73,0.01625,1.625
234.74,0.01625,1.625
234.75,0.01625,1.625
234.76,0.01626,1.626
234.77,0.01626,1.626
234.78,0.01626,1.626
234.78,0.01626,1.626
234.79,0.01626,1.626
234.80,0.01626,1.626
234.81,0.01626,1.626
234.82,0.01626,1.626
234.83,0.01626,1.626
234.84,0.01626,1.626
234.85,0.01626,1.626
234.86,0.01626,1.626
234.86,0.01626,1.626
234.87,0.01626,1.626
234.88,0.01626,1.626
234.89,0.01626,1.626
234.90,0.01626,1.626
234.91,0.01626,1.626
234.92,0.01626,1.626
234.93,0.01626,1.626
234.94,0.01626,1.626
234.94,0.01626,1.626
234.95,0.01626,1.626
234.96,0.01626,1.626
234.97,0.01626,1.626
234.98,0.01626,1.626
234.99,0.01626,1.626
235.00,0.01626,1.626
235.01,0.01627,1.627
235.02,0.01627,1.627
235.02,0.01627,1.627
235.03,0.01627,1.627
235.04,0.01627,1.627
235.05,0.01627,1.627
235.06,0.01627,1.627
235.07,0.01627,1.627
235.08,0.01627,1.627
235.09,0.01627,1.627
235.10,0.01627,1.627
235.10,0.01627,1.627
235.11,0.01627,1.627
235.12,0.01627,1.627
235.13,0.01627,1.627
235.14,0.01627,1.627
235.15,0.01627,1.627
235.16,0.01627,1.627
235.17,0.01627,1.627
235.18,0.01627,1.627
235.18,0.01627,1.627
235.19,0.01627,1.627
235.20,0.01627,1.627
235.21,0.01627,1.627
235.22,0.01627,1.627
235.23,0.01627,1.627
235.24,0.01627,1.627
235.25,0.01627,1.627
235.26,0.01628,1.628
235.26,0.01628,1.628
235.27,0.01628,1.628
235.28,0.01628,1.628
235.29,0.01628,1.628
235.30,0.01628,1.628
235.31,0.01628,1.628
235.32,0.01628,1.628
235.33,0.01628,1.628
235.34,0.01628,1.628
235.34,0.01628,1.628
235.35,0.01628,1.628
235.36,0.01628,1.628
235.37,0.01628,1.628
235.38,0.01628,1.628
235.39,0.01628,1.628
235.40,0.01628,1.628
235.41,0.01628,1.628
235.41,0.01628,1.628
235.42,0.01628,1.628
235.43,0.01628,1.628
235.44,0.01628,1.628
235.45,0.01628,1.628
235.46,0.01628,1.628
235.47,0.01628,1.628
235.48,0.01628,1.628
235.49,0.01628,1.628
235.49,0.01628,1.628
235.50,0.01629,1.629
235.51,0.01629,1.629
235.52,0.01629,1.629
235.53,0.01629,1.629
235.54,0.01629,1.629
235.55,0.01629,1.629
235.56,0.01629,1.629
235.57,0.01629,1.629
235.57,0.01629,1.629
235.58,0.01629,1.629
235.59,0.01629,1.629
235.60,0.01629,1.629
235.61,0.01629,1.629
235.62,0.01629,1.629
235.63,0.01629,1.629
235.64,0.01629,1.629
235.65,0.01629,1.629
235.65,0.01629,1.629
235.66,0.01629,1.629
235.67,0.01629,1.629
235.68,0.01629,1.629
235.69,0.01629,1.629
235.70,0.01629,1.629
235.71,0.01629,1.629
235.72,0.01629,1.629
235.73,0.01629,1.629
235.73,0.01629,1.629
235.74,0.01629,1.629
235.75,0.01629,1.629
235.76,0.01630,1.630
235.77,0.01630,1.630
235.78,0.01630,1.630
235.79,0.01630,1.630
235.80,0.01630,1.630
235.81,0.01630,1.630
235.81,0.01630,1.630
235.82,0.01630,1.630
235.83,0.01630,1.630
235.84,0.01630,1.630
235.85,0.01630,1.630
235.86,0.01630,1.630
235.87,0.01630,1.630
235.88,0.01630,1.630
235.88,0.01630,1.630
235.89,0.01630,1.630
235.90,0.01630,1.630
235.91,0.01630,1.630
235.92,0.01630,1.630
235.93,0.01630,1.630
235.94,0.01630,1.630
235.95,0.01630,1.630
235.96,0.01630,1.630
235.96,0.01630,1.630
235.97,0.01630,1.630
235.98,0.01630,1.630
235.99,0.01630,1.630
236.00,0.01630,1.630
236.01,0.01630,1.630
236.02,0.01631,1.631
236.03,0.01631,1.631
236.04,0.01631,1.631
236.04,0.01631,1.631
236.05,0.01631,1.631
236.06,0.01631,1.631
236.07,0.01631,1.631
236.08,0.01631,1.631
236.09,0.01631,1.631
236.10,0.01631,1.631
236.11,0.01631,1.631
236.12,0.01631,1.631
236.12,0.01631,1.631
236.13,0.01631,1.631
236.14,0.01631,1.631
236.15,0.01631,1.631
236.16,0.01631,1.631
236.17,0.01631,1.631
236.18,0.01631,1.631
236.19,0.01631,1.631
236.20,0.01631,1.631
236.20,0.01631,1.631
236.21,0.01631,1.631
236.22,0.01631,1.631
236.23,0.01631,1.631
236.24,0.01631,1.631
236.25,0.01631,1.631
236.26,0.01631,1.631
236.27,0.01631,1.631
236.27,0.01631,1.631
236.28,0.01632,1.632
236.29,0.01632,1.632
236.30,0.01632,1.632
236.31,0.01632,1.632
236.32,0.01632,1.632
236.33,0.01632,1.632
236.34,0.01632,1.632
236.35,0.01632,1.632
236.35,0.01632,1.632
236.36,0.01632,1.632
236.37,0.01632,1.632
236.38,0.01632,1.632
236.39,0.01632,1.632
236.40,0.01632,1.632
236.41,0.01632,1.632
236.42,0.01632,1.632
236.43,0.01632,1.632
236.43,0.01632,1.632
236.44,0.01632,1.632
236.45,0.01632,1.632
236.46,0.01632,1.632
236.47,0.01632,1.632
236.48,0.01632,1.632
236.49,0.01632,1.632
236.50,0.01632,1.632
236.51,0.01632,1.632
236.51,0.01632,1.632
236.52,0.01632,1.632
236.53,0.01632,1.632
236.54,0.01632,1.632
236.55,0.01633,1.633
236.56,0.01633,1.633
236.57,0.01633,1.633
236.58,0.01633,1.633
236.59,0.01633,1.633
236.59,0.01633,1.633
236.60,0.01633,1.633
236.61,0.01633,1.633
236.62,0.01633,1.633
236.63,0.01633,1.633
236.64,0.01633,1.633
236.65,0.01633,1.633
236.66,0.01633,1.633
236.67,0.01633,1.633
236.67,0.01633,1.633
236.68,0.01633,1.633
236.69,0.01633,1.633
236.70,0.01633,1.633
236.71,0.01633,1.633
236.72,0.01633,1.633
236.73,0.01633,1.633
236.74,0.01633,1.633
236.74,0.01633,1.633
236.75,0.01633,1.633
236.76,0.01633,1.633
236.77,0.01633,1.633
236.78,0.01633,1.633
236.79,0.01633,1.633
236.80,0.01633,1.633
236.81,0.01633,1.633
236.82,0.01633,1.633
236.82,0.01634,1.634
236.83,0.01634,1.634
236.84,0.01634,1.634
236.85,0.01634,1.634
236.86,0.01634,1.634
236.87,0.01634,1.634
236.88,0.01634,1.634
236.89,0.01634,1.634
236.90,0.01634,1.634
236.90,0.01634,1.634
236.91,0.01634,1.634
236.92,0.01634,1.634
236.93,0.01634,1.634
236.94,0.01634,1.634
236.95,0.01634,1.634
236.96,0.01634,1.634
236.97,0.01634,1.634
236.98,0.01634,1.634
236.98,0.01634,1.634
236.99,0.01634,1.634
237.00,0.01634,1.634
237.01,0.01634,1.634
237.02,0.01634,1.634
237.03,0.01634,1.634
237.04,0.01634,1.634
237.05,0.01634,1.634
237.06,0.01634,1.634
237.06,0.01634,1.634
237.07,0.01634,1.634
237.08,0.01634,1.634
237.09,0.01634,1.634
237.10,0.01634,1.634
237.11,0.01635,1.635
237.12,0.01635,1.635
237.13,0.01635,1.635
237.14,0.01635,1.635
237.14,0.01635,1.635
237.15,0.01635,1.635
237.16,0.01635,1.635
237.17,0.01635,1.635
237.18,0.01635,1.635
237.19,0.01635,1.635
237.20,0.01635,1.635
237.21,0.01635,1.635
237.22,0.01635,1.635
237.22,0.01635,1.635
237.23,0.01635,1.635
237.24,0.01635,1.635
237.25,0.01635,1.635
237.26,0.01635,1.635
237.27,0.01635,1.635
237.28,0.01635,1.635
237.29,0.01635,1.635
237.30,0.01635,1.635
237.30,0.01635,1.635
237.31,0.01635,1.635
237.32,0.01635,1.635
237.33,0.01635,1.635
237.34,0.01635,1.635
237.35,0.01635,1.635
237.36,0.01635,1.635
237.37,0.01635,1.635
237.38,0.01635,1.635
237.38,0.01635,1.635
237.39,0.01635,1.635
237.40,0.01636,1.636
237.41,0.01636,1.636
237.42,0.01636,1.636
237.43,0.01636,1.636
237.44,0.01636,1.636
237.45,0.01636,1.636
237.46,0.01636,1.636
237.46,0.01636,1.636
237.47,0.01636,1.636
237.48,0.01636,1.636
237.49,0.01636,1.636
237.50,0.01636,1.636
237.51,0.01636,1.636
237.52,0.01636,1.636
237.53,0.01636,1.636
237.54,0.01636,1.636
237.54,0.01636,1.636
237.55,0.01636,1.636
237.56,0.01636,1.636
237.57,0.01636,1.636
237.58,0.01636,1.636
237.59,0.01636,1.636
237.60,0.01636,1.636
237.61,0.01636,1.636
237.61,0.01636,1.636
237.62,0.01636,1.636
237.63,0.01636,1.636
237.64,0.01636,1.636
237.65,0.01636,1.636
237.66,0.01636,1.636
237.67,0.01636,1.636
237.68,0.01636,1.636
237.69,0.01637,1.637
237.69,0.01637,1.637
237.70,0.01637,1.637
237.71,0.01637,1.637
237.72,0.01637,1.637
237.73,0.01637,1.637
237.74,0.01637,1.637
237.75,0.01637,1.637
237.76,0.01637,1.637
237.77,0.01637,1.637
237.77,0.01637,1.637
237.78,0.01637,1.637
237.79,0.01637,1.637
237.80,0.01637,1.637
237.81,0.01637,1.637
237.82,0.01637,1.637
237.83,0.01637,1.637
237.84,0.01637,1.637
237.85,0.01637,1.637
237.85,0.01637,1.637
237.86,0.01637,1.637
237.87,0.01637,1.637
237.88,0.01637,1.637
237.89,0.01637,1.637
237.90,0.01637,1.637
237.91,0.01637,1.637
237.92,0.01637,1.637
237.93,0.01637,1.637
237.93,0.01637,1.637
237.94,0.01637,1.637
237.95,0.01637,1.637
237.96,0.01637,1.637
237.97,0.01637,1.637
237.98,0.01638,1.638
237.99,0.01638,1.638
238.00,0.01638,1.638
238.01,0.01638,1.638
238.01,0.01638,1.638
238.02,0.01638,1.638
238.03,0.01638,1.638
238.04,0.01638,1.638
238.05,0.01638,1.638
238.06,0.01638,1.638
238.07,0.01638,1.638
238.08,0.01638,1.638
238.09,0.01638,1.638
238.09,0.01638,1.638
238.10,0.01638,1.638
238.11,0.01638,1.638
238.12,0.01638,1.638
238.13,0.01638,1.638
238.14,0.01638,1.638
238.15,0.01638,1.638
238.16,0.01638,1.638
238.16,0.01638,1.638
238.17,0.01638,1.638
238.18,0.01638,1.638
238.19,0.01638,1.638
238.20,0.01638,1.638
238.21,0.01638,1.638
238.22,0.01638,1.638
238.23,0.01638,1.638
238.24,0.01638,1.638
238.24,0.01638,1.638
238.25,0.01638,1.638
238.26,0.01638,1.638
238.27,0.01639,1.639
238.28,0.01639,1.639
238.29,0.01639,1.639
238.30,0.01639,1.639
238.31,0.01639,1.639
238.32,0.01639,1.639
238.32,0.01639,1.639
238.33,0.01639,1.639
238.34,0.01639,1.639
238.35,0.01639,1.639
238.36,0.01639,1.639
238.37,0.01639,1.639
238.38,0.01639,1.639
238.39,0.01639,1.639
238.40,0.01639,1.639
238.40,0.01639,1.639
238.41,0.01639,1.639
238.42,0.01639,1.639
238.43,0.01639,1.639
238.44,0.01639,1.639
238.45,0.01639,1.639
238.46,0.01639,1.639
238.47,0.01639,1.639
238.48,0.01639,1.639
238.48,0.01639,1.639
238.49,0.01639,1.639
238.50,0.01639,1.639
238.51,0.01639,1.639
238.52,0.01639,1.639
238.53,0.01639,1.639
238.54,0.01639,1.639
238.55,0.01639,1.639
238.56,0.01639,1.639
238.56,0.01639,1.639
238.57,0.01640,1.640
238.58,0.01640,1.640
238.59,0.01640,1.640
238.60,0.01640,1.640
238.61,0.01640,1.640
238.62,0.01640,1.640
238.63,0.01640,1.640
238.64,0.01640,1.640
238.64,0.01640,1.640
238.65,0.01640,1.640
238.66,0.01640,1.640
238.67,0.01640,1.640
238.68,0.01640,1.640
238.69,0.01640,1.640
238.70,0.01640,1.640
238.71,0.01640,1.640
238.72,0.01640,1.640
238.72,0.01640,1.640
238.73,0.01640,1.640
238.74,0.01640,1.640
238.75,0.01640,1.640
238.76,0.01640,1.640
238.77,0.01640,1.640
238.78,0.01640,1.640
238.79,0.01640,1.640
238.79,0.01640,1.640
238.80,0.01640,1.640
238.81,0.01640,1.640
238.82,0.01640,1.640
238.83,0.01640,1.640
238.84,0.01640,1.640
238.85,0.01640,1.640
238.86,0.01640,1.640
238.87,0.01640,1.640
238.87,0.01641,1.641
238.88,0.01641,1.641
238.89,0.01641,1.641
238.90,0.01641,1.641
238.91,0.01641,1.641
238.92,0.01641,1.641
238.93,0.01641,1.641
238.94,0.01641,1.641
238.95,0.01641,1.641
238.95,0.01641,1.641
238.96,0.01641,1.641
238.97,0.01641,1.641
238.98,0.01641,1.641
238.99,0.01641,1.641
239.00,0.01641,1.641
239.01,0.01641,1.641
239.02,0.01641,1.641
239.03,0.01641,1.641
239.03,0.01641,1.641
239.04,0.01641,1.641
239.05,0.01641,1.641
239.06,0.01641,1.641
239.07,0.01641,1.641
239.08,0.01641,1.641
239.09,0.01641,1.641
239.10,0.01641,1.641
239.11,0.01641,1.641
239.11,0.01641,1.641
239.12,0.01641,1.641
239.13,0.01641,1.641
239.14,0.01641,1.641
239.15,0.01641,1.641
239.16,0.01641,1.641
239.17,0.01641,1.641
239.18,0.01642,1.642
239.19,0.01642,1.642
239.19,0.01642,1.642
239.20,0.01642,1.642
239.21,0.01642,1.642
239.22,0.01642,1.642
239.23,0.01642,1.642
239.24,0.01642,1.642
239.25,0.01642,1.642
239.26,0.01642,1.642
239.27,0.01642,1.642
239.27,0.01642,1.642
239.28,0.01642,1.642
239.29,0.01642,1.642
239.30,0.01642,1.642
239.31,0.01642,1.642
239.32,0.01642,1.642
239.33,0.01642,1.642
239.34,0.01642,1.642
239.35,0.01642,1.642
239.35,0.01642,1.642
239.36,0.01642,1.642
239.37,0.01642,1.642
239.38,0.01642,1.642
239.39,0.01642,1.642
239.40,0.01642,1.642
239.41,0.01642,1.642
239.42,0.01642,1.642
239.43,0.01642,1.642
239.43,0.01642,1.642
239.44,0.01642,1.642
239.45,0.01642,1.642
239.46,0.01642,1.642
239.47,0.01642,1.642
239.48,0.01642,1.642
239.49,0.01643,1.643
239.50,0.01643,1.643
239.51,0.01643,1.643
239.51,0.01643,1.643
239.52,0.01643,1.643
239.53,0.01643,1.643
239.54,0.01643,1.643
239.55,0.01643,1.643
239.56,0.01643,1.643
239.57,0.01643,1.643
239.58,0.01643,1.643
239.58,0.01643,1.643
239.59,0.01643,1.643
239.60,0.01643,1.643
239.61,0.01643,1.643
239.62,0.01643,1.643
239.63,0.01643,1.643
239.64,0.01643,1.643
239.65,0.01643,1.643
239.66,0.01643,1.643
239.66,0.01643,1.643
239.67,0.01643,1.643
239.68,0.01643,1.643
239.69,0.01643,1.643
239.70,0.01643,1.643
239.71,0.01643,1.643
239.72,0.01643,1.643
239.73,0.01643,1.643
239.74,0.01643,1.643
239.74,0.01643,1.643
239.75,0.01643,1.643
239.76,0.01643,1.643
239.77,0.01643,1.643
239.78,0.01643,1.643
239.79,0.01643,1.643
239.80,0.01643,1.643
239.81,0.01644,1.644
239.82,0.01644,1.644
239.82,0.01644,1.644
239.83,0.01644,1.644
239.84,0.01644,1.644
239.85,0.01644,1.644
239.86,0.01644,1.644
239.87,0.01644,1.644
239.88,0.01644,1.644
239.89,0.01644,1.644
239.90,0.01644,1.644
239.90,0.01644,1.644
239.91,0.01644,1.644
239.92,0.01644,1.644
239.93,0.01644,1.644
239.94,0.01644,1.644
239.95,0.01644,1.644
239.96,0.01644,1.644
239.97,0.01644,1.644
239.98,0.01644,1.644
239.98,0.01644,1.644
239.99,0.01644,1.644
240.00,0.01644,1.644
240.01,0.01644,1.644
240.02,0.01644,1.644
240.03,0.01644,1.644
240.04,0.01644,1.644
240.05,0.01644,1.644
240.06,0.01644,1.644
240.06,0.01644,1.644
240.07,0.01644,1.644
240.08,0.01644,1.644
240.09,0.01644,1.644
240.10,0.01644,1.644
240.11,0.01644,1.644
240.12,0.01644,1.644
240.13,0.01645,1.645
240.14,0.01645,1.645
240.14,0.01645,1.645
240.15,0.01645,1.645
240.16,0.01645,1.645
240.17,0.01645,1.645
240.18,0.01645,1.645
240.19,0.01645,1.645
240.20,0.01645,1.645
240.21,0.01645,1.645
240.22,0.01645,1.645
240.22,0.01645,1.645
240.23,0.01645,1.645
240.24,0.01645,1.645
240.25,0.01645,1.645
240.26,0.01645,1.645
240.27,0.01645,1.645
240.28,0.01645,1.645
240.29,0.01645,1.645
240.30,0.01645,1.645
240.30,0.01645,1.645
240.31,0.01645,1.645
240.32,0.01645,1.645
240.33,0.01645,1.645
240.34,0.01645,1.645
240.35,0.01645,1.645
240.36,0.01645,1.645
240.37,0.01645,1.645
240.37,0.01645,1.645
240.38,0.01645,1.645
240.39,0.01645,1.645
240.40,0.01645,1.645
240.41,0.01645,1.645
240.42,0.01645,1.645
240.43,0.01645,1.645
240.44,0.01645,1.645
240.45,0.01646,1.646
240.45,0.01646,1.646
240.46,0.01646,1.646
240.47,0.01646,1.646
240.48,0.01646,1.646
240.49,0.01646,1.646
240.50,0.01646,1.646
240.51,0.01646,1.646
240.52,0.01646,1.646
240.53,0.01646,1.646
240.53,0.01646,1.646
240.54,0.01646,1.646
240.55,0.01646,1.646
240.56,0.01646,1.646
240.57,0.01646,1.646
240.58,0.01646,1.646
240.59,0.01646,1.646
240.60,0.01646,1.646
240.61,0.01646,1.646
240.61,0.01646,1.646
240.62,0.01646,1.646
240.63,0.01646,1.646
240.64,0.01646,1.646
240.65,0.01646,1.646
240.66,0.01646,1.646
240.67,0.01646,1.646
240.68,0.01646,1.646
240.69,0.01646,1.646
240.69,0.01646,1.646
240.70,0.01646,1.646
240.71,0.01646,1.646
240.72,0.01646,1.646
240.73,0.01646,1.646
240.74,0.01646,1.646
240.75,0.01646,1.646
240.76,0.01646,1.646
240.77,0.01646,1.646
240.77,0.01647,1.647
240.78,0.01647,1.647
240.79,0.01647,1.647
240.80,0.01647,1.647
240.81,0.01647,1.647
240.82,0.01647,1.647
240.83,0.01647,1.647
240.84,0.01647,1.647
240.85,0.01647,1.647
240.85,0.01647,1.647
240.86,0.01647,1.647
240.87,0.01647,1.647
240.88,0.01647,1.647
240.89,0.01647,1.647
240.90,0.01647,1.647
240.91,0.01647,1.647
240.92,0.01647,1.647
240.92,0.01647,1.647
240.93,0.01647,1.647
240.94,0.01647,1.647
240.95,0.01647,1.647
240.96,0.01647,1.647
240.97,0.01647,1.647
240.98,0.01647,1.647
240.99,0.01647,1.647
241.00,0.01647,1.647
241.00,0.01647,1.647
241.01,0.01647,1.647
241.02,0.01647,1.647
241.03,0.01647,1.647
241.04,0.01647,1.647
241.05,0.01647,1.647
241.06,0.01647,1.647
241.07,0.01647,1.647
241.08,0.01647,1.647
241.08,0.01647,1.647
241.09,0.01647,1.647
241.10,0.01647,1.647
241.11,0.01648,1.648
241.12,0.01648,1.648
241.13,0.01648,1.648
241.14,0.01648,1.648
241.15,0.01648,1.648
241.16,0.01648,1.648
241.16,0.01648,1.648
241.17,0.01648,1.648
241.18,0.01648,1.648
241.19,0.01648,1.648
241.20,0.01648,1.648
241.21,0.01648,1.648
241.22,0.01648,1.648
241.23,0.01648,1.648
241.24,0.01648,1.648
241.24,0.01648,1.648
241.25,0.01648,1.648
241.26,0.01648,1.648
241.27,0.01648,1.648
241.28,0.01648,1.648
241.29,0.01648,1.648
241.30,0.01648,1.648
241.31,0.01648,1.648
241.32,0.01648,1.648
241.32,0.01648,1.648
241.33,0.01648,1.648
241.34,0.01648,1.648
241.35,0.01648,1.648
241.36,0.01648,1.648
241.37,0.01648,1.648
241.38,0.01648,1.648
241.39,0.01648,1.648
241.40,0.01648,1.648
241.40,0.01648,1.648
241.41,0.01648,1.648
241.42,0.01648,1.648
241.43,0.01648,1.648
241.44,0.01648,1.648
241.45,0.01649,1.649
241.46,0.01649,1.649
241.47,0.01649,1.649
241.48,0.01649,1.649
241.48,0.01649,1.649
241.49,0.01649,1.649
241.50,0.01649,1.649
241.51,0.01649,1.649
241.52,0.01649,1.649
241.53,0.01649,1.649
241.54,0.01649,1.649
241.55,0.01649,1.649
241.56,0.01649,1.649
241.56,0.01649,1.649
241.57,0.01649,1.649
241.58,0.01649,1.649
241.59,0.01649,1.649
241.60,0.01649,1.649
241.61,0.01649,1.649
241.62,0.01649,1.649
241.63,0.01649,1.649
241.64,0.01649,1.649
241.64,0.01649,1.649
241.65,0.01649,1.649
241.66,0.01649,1.649
241.67,0.01649,1.649
241.68,0.01649,1.649
241.69,0.01649,1.649
241.70,0.01649,1.649
241.71,0.01649,1.649
241.72,0.01649,1.649
241.72,0.01649,1.649
241.73,0.01649,1.649
241.74,0.01649,1.649
241.75,0.01649,1.649
241.76,0.01649,1.649
241.77,0.01649,1.649
241.78,0.01650,1.650
241.79,0.01650,1.650
241.80,0.01650,1.650
241.80,0.01650,1.650
241.81,0.01650,1.650
241.82,0.01650,1.650
241.83,0.01650,1.650
241.84,0.01650,1.650
241.85,0.01650,1.650
241.86,0.01650,1.650
241.87,0.01650,1.650
241.88,0.01650,1.650
241.88,0.01650,1.650
241.89,0.01650,1.650
241.90,0.01650,1.650
241.91,0.01650,1.650
241.92,0.01650,1.650
241.93,0.01650,1.650
241.94,0.01650,1.650
241.95,0.01650,1.650
241.96,0.01650,1.650
241.96,0.01650,1.650
241.97,0.01650,1.650
241.98,0.01650,1.650
241.99,0.01650,1.650
242.00,0.01650,1.650
242.01,0.01650,1.650
242.02,0.01650,1.650
242.03,0.01650,1.650
242.04,0.01650,1.650
242.04,0.01650,1.650
242.05,0.01650,1.650
242.06,0.01650,1.650
242.07,0.01650,1.650
242.08,0.01650,1.650
242.09,0.01650,1.650
242.10,0.01650,1.650
242.11,0.01650,1.650
242.12,0.01651,1.651
242.12,0.01651,1.651
242.13,0.01651,1.651
242.14,0.01651,1.651
242.15,0.01651,1.651
242.16,0.01651,1.651
242.17,0.01651,1.651
242.18,0.01651,1.651
242.19,0.01651,1.651
242.19,0.01651,1.651
242.20,0.01651,1.651
242.21,0.01651,1.651
242.22,0.01651,1.651
242.23,0.01651,1.651
242.24,0.01651,1.651
242.25,0.01651,1.651
242.26,0.01651,1.651
242.27,0.01651,1.651
242.27,0.01651,1.651
242.28,0.01651,1.651
242.29,0.01651,1.651
242.30,0.01651,1.651
242.31,0.01651,1.651
242.32,0.01651,1.651
242.33,0.01651,1.651
242.34,0.01651,1.651
242.35,0.01651,1.651
242.35,0.01651,1.651
242.36,0.01651,1.651
242.37,0.01651,1.651
242.38,0.01651,1.651
242.39,0.01651,1.651
242.40,0.01651,1.651
242.41,0.01651,1.651
242.42,0.01651,1.651
242.43,0.01651,1.651
242.43,0.01651,1.651
242.44,0.01651,1.651
242.45,0.01652,1.652
242.46,0.01652,1.652
242.47,0.01652,1.652
242.48,0.01652,1.652
242.49,0.01652,1.652
242.50,0.01652,1.652
242.51,0.01652,1.652
242.51,0.01652,1.652
242.52,0.01652,1.652
242.53,0.01652,1.652
242.54,0.01652,1.652
242.55,0.01652,1.652
242.56,0.01652,1.652
242.57,0.01652,1.652
242.58,0.01652,1.652
242.59,0.01652,1.652
242.59,0.01652,1.652
242.60,0.01652,1.652
242.61,0.01652,1.652
242.62,0.01652,1.652
242.63,0.01652,1.652
242.64,0.01652,1.652
242.65,0.01652,1.652
242.66,0.01652,1.652
242.67,0.01652,1.652
242.67,0.01652,1.652
242.68,0.01652,1.652
242.69,0.01652,1.652
242.70,0.01652,1.652
242.71,0.01652,1.652
242.72,0.01652,1.652
242.73,0.01652,1.652
242.74,0.01652,1.652
242.75,0.01652,1.652
242.75,0.01652,1.652
242.76,0.01652,1.652
242.77,0.01652,1.652
242.78,0.01652,1.652
242.79,0.01653,1.653
242.80,0.01653,1.653
242.81,0.01653,1.653
242.82,0.01653,1.653
242.83,0.01653,1.653
242.83,0.01653,1.653
242.84,0.01653,1.653
242.85,0.01653,1.653
242.86,0.01653,1.653
242.87,0.01653,1.653
242.88,0.01653,1.653
242.89,0.01653,1.653
242.90,0.01653,1.653
242.91,0.01653,1.653
242.91,0.01653,1.653
242.92,0.01653,1.653
242.93,0.01653,1.653
242.94,0.01653,1.653
242.95,0.01653,1.653
242.96,0.01653,1.653
242.97,0.01653,1.653
242.98,0.01653,1.653
242.99,0.01653,1.653
242.99,0.01653,1.653
243.00,0.01653,1.653
243.01,0.01653,1.653
243.02,0.01653,1.653
243.03,0.01653,1.653
243.04,0.01653,1.653
243.05,0.01653,1.653
243.06,0.01653,1.653
243.07,0.01653,1.653
243.07,0.01653,1.653
243.08,0.01653,1.653
243.09,0.01653,1.653
243.10,0.01653,1.653
243.11,0.01653,1.653
243.12,0.01653,1.653
243.13,0.01653,1.653
243.14,0.01654,1.654
243.15,0.01654,1.654
243.15,0.01654,1.654
243.16,0.01654,1.654
243.17,0.01654,1.654
243.18,0.01654,1.654
243.19,0.01654,1.654
243.20,0.01654,1.654
243.21,0.01654,1.654
243.22,0.01654,1.654
243.23,0.01654,1.654
243.23,0.01654,1.654
243.24,0.01654,1.654
243.25,0.01654,1.654
243.26,0.01654,1.654
243.27,0.01654,1.654
243.28,0.01654,1.654
243.29,0.01654,1.654
243.30,0.01654,1.654
243.31,0.01654,1.654
243.31,0.01654,1.654
243.32,0.01654,1.654
243.33,0.01654,1.654
243.34,0.01654,1.654
243.35,0.01654,1.654
243.36,0.01654,1.654
243.37,0.01654,1.654
243.38,0.01654,1.654
243.39,0.01654,1.654
243.39,0.01654,1.654
243.40,0.01654,1.654
243.41,0.01654,1.654
243.42,0.01654,1.654
243.43,0.01654,1.654
243.44,0.01654,1.654
243.45,0.01654,1.654
243.46,0.01654,1.654
243.47,0.01654,1.654
243.47,0.01654,1.654
243.48,0.01655,1.655
243.49,0.01655,1.655
243.50,0.01655,1.655
243.51,0.01655,1.655
243.52,0.01655,1.655
243.53,0.01655,1.655
243.54,0.01655,1.655
243.55,0.01655,1.655
243.55,0.01655,1.655
243.56,0.01655,1.655
243.57,0.01655,1.655
243.58,0.01655,1.655
243.59,0.01655,1.655
243.60,0.01655,1.655
243.61,0.01655,1.655
243.62,0.01655,1.655
243.63,0.01655,1.655
243.63,0.01655,1.655
243.64,0.01655,1.655
243.65,0.01655,1.655
243.66,0.01655,1.655
243.67,0.01655,1.655
243.68,0.01655,1.655
243.69,0.01655,1.655
243.70,0.01655,1.655
243.71,0.01655,1.655
243.71,0.01655,1.655
243.72,0.01655,1.655
243.73,0.01655,1.655
243.74,0.01655,1.655
243.75,0.01655,1.655
243.76,0.01655,1.655
243.77,0.01655,1.655
243.78,0.01655,1.655
243.78,0.01655,1.655
243.79,0.01655,1.655
243.80,0.01655,1.655
243.81,0.01655,1.655
243.82,0.01655,1.655
243.83,0.01656,1.656
243.84,0.01656,1.656
243.85,0.01656,1.656
243.86,0.01656,1.656
243.86,0.01656,1.656
243.87,0.01656,1.656
243.88,0.01656,1.656
243.89,0.01656,1.656
243.90,0.01656,1.656
243.91,0.01656,1.656
243.92,0.01656,1.656
243.93,0.01656,1.656
243.94,0.01656,1.656
243.94,0.01656,1.656
243.95,0.01656,1.656
243.96,0.01656,1.656
243.97,0.01656,1.656
243.98,0.01656,1.656
243.99,0.01656,1.656
244.00,0.01656,1.656
244.01,0.01656,1.656
244.02,0.01656,1.656
244.02,0.01656,1.656
244.03,0.01656,1.656
244.04,0.01656,1.656
244.05,0.01656,1.656
244.06,0.01656,1.656
244.07,0.01656,1.656
244.08,0.01656,1.656
244.09,0.01656,1.656
244.10,0.01656,1.656
244.10,0.01656,1.656
244.11,0.01656,1.656
244.12,0.01656,1.656
244.13,0.01656,1.656
244.14,0.01656,1.656
244.15,0.01656,1.656
244.16,0.01656,1.656
244.17,0.01656,1.656
244.18,0.01656,1.656
244.18,0.01657,1.657
244.19,0.01657,1.657
244.20,0.01657,1.657
244.21,0.01657,1.657
244.22,0.01657,1.657
244.23,0.01657,1.657
244.24,0.01657,1.657
244.25,0.01657,1.657
244.25,0.01657,1.657
244.26,0.01657,1.657
244.27,0.01657,1.657
244.28,0.01657,1.657
244.29,0.01657,1.657
244.30,0.01657,1.657
244.31,0.01657,1.657
244.32,0.01657,1.657
244.33,0.01657,1.657
244.33,0.01657,1.657
244.34,0.01657,1.657
244.35,0.01657,1.657
244.36,0.01657,1.657
244.37,0.01657,1.657
244.38,0.01657,1.657
244.39,0.01657,1.657
244.40,0.01657,1.657
244.41,0.01657,1.657
244.41,0.01657,1.657
244.42,0.01657,1.657
244.43,0.01657,1.657
244.44,0.01657,1.657
244.45,0.01657,1.657
244.46,0.01657,1.657
244.47,0.01657,1.657
244.48,0.01657,1.657
244.49,0.01657,1.657
244.49,0.01657,1.657
244.50,0.01657,1.657
244.51,0.01657,1.657
244.52,0.01657,1.657
244.53,0.01657,1.657
244.54,0.01658,1.658
244.55,0.01658,1.658
244.56,0.01658,1.658
244.57,0.01658,1.658
244.57,0.01658,1.658
244.58,0.01658,1.658
244.59,0.01658,1.658
244.60,0.01658,1.658
244.61,0.01658,1.658
244.62,0.01658,1.658
244.63,0.01658,1.658
244.64,0.01658,1.658
244.65,0.01658,1.658
244.65,0.01658,1.658
244.66,0.01658,1.658
244.67,0.01658,1.658
244.68,0.01658,1.658
244.69,0.01658,1.658
244.70,0.01658,1.658
244.71,0.01658,1.658
244.72,0.01658,1.658
244.73,0.01658,1.658
244.73,0.01658,1.658
244.74,0.01658,1.658
244.75,0.01658,1.658
244.76,0.01658,1.658
244.77,0.01658,1.658
244.78,0.01658,1.658
244.79,0.01658,1.658
244.80,0.01658,1.658
244.81,0.01658,1.658
244.81,0.01658,1.658
244.82,0.01658,1.658
244.83,0.01658,1.658
244.84,0.01658,1.658
244.85,0.01658,1.658
244.86,0.01658,1.658
244.87,0.01658,1.658
244.88,0.01658,1.658
244.89,0.01658,1.658
244.89,0.01659,1.659
244.90,0.01659,1.659
244.91,0.01659,1.659
244.92,0.01659,1.659
244.93,0.01659,1.659
244.94,0.01659,1.659
244.95,0.01659,1.659
244.96,0.01659,1.659
244.97,0.01659,1.659
244.97,0.01659,1.659
244.98,0.01659,1.659
244.99,0.01659,1.659
245.00,0.01659,1.659
245.01,0.01659,1.659
245.02,0.01659,1.659
245.03,0.01659,1.659
245.04,0.01659,1.659
245.05,0.01659,1.659
245.06,0.01659,1.659
245.06,0.01659,1.659
245.07,0.01659,1.659
245.08,0.01659,1.659
245.09,0.01659,1.659
245.10,0.01659,1.659
245.11,0.01659,1.659
245.12,0.01659,1.659
245.13,0.01659,1.659
245.14,0.01659,1.659
245.14,0.01659,1.659
245.15,0.01659,1.659
245.16,0.01659,1.659
245.17,0.01659,1.659
245.18,0.01659,1.659
245.19,0.01659,1.659
245.20,0.01659,1.659
245.21,0.01659,1.659
245.22,0.01659,1.659
245.22,0.01659,1.659
245.23,0.01659,1.659
245.24,0.01659,1.659
245.25,0.01659,1.659
245.26,0.01660,1.660
245.27,0.01660,1.660
245.28,0.01660,1.660
245.29,0.01660,1.660
245.30,0.01660,1.660
245.30,0.01660,1.660
245.31,0.01660,1.660
245.32,0.01660,1.660
245.33,0.01660,1.660
245.34,0.01660,1.660
245.35,0.01660,1.660
245.36,0.01660,1.660
245.37,0.01660,1.660
245.38,0.01660,1.660
245.38,0.01660,1.660
245.39,0.01660,1.660
245.40,0.01660,1.660
245.41,0.01660,1.660
245.42,0.01660,1.660
245.43,0.01660,1.660
245.44,0.01660,1.660
245.45,0.01660,1.660
245.46,0.01660,1.660
245.46,0.01660,1.660
245.47,0.01660,1.660
245.48,0.01660,1.660
245.49,0.01660,1.660
245.50,0.01660,1.660
245.51,0.01660,1.660
245.52,0.01660,1.660
245.53,0.01660,1.660
245.54,0.01660,1.660
245.54,0.01660,1.660
245.55,0.01660,1.660
245.56,0.01660,1.660
245.57,0.01660,1.660
245.58,0.01660,1.660
245.59,0.01660,1.660
245.60,0.01660,1.660
245.61,0.01660,1.660
245.61,0.01661,1.661
245.62,0.01661,1.661
245.63,0.01661,1.661
245.64,0.01661,1.661
245.65,0.01661,1.661
245.66,0.01661,1.661
245.67,0.01661,1.661
245.68,0.01661,1.661
245.69,0.01661,1.661
245.69,0.01661,1.661
245.70,0.01661,1.661
245.71,0.01661,1.661
245.72,0.01661,1.661
245.73,0.01661,1.661
245.74,0.01661,1.661
245.75,0.01661,1.661
245.76,0.01661,1.661
245.77,0.01661,1.661
245.77,0.01661,1.661
245.78,0.01661,1.661
245.79,0.01661,1.661
245.80,0.01661,1.661
245.81,0.01661,1.661
245.82,0.01661,1.661
245.83,0.01661,1.661
245.84,0.01661,1.661
245.85,0.01661,1.661
245.85,0.01661,1.661
245.86,0.01661,1.661
245.87,0.01661,1.661
245.88,0.01661,1.661
245.89,0.01661,1.661
245.90,0.01661,1.661
245.91,0.01661,1.661
245.92,0.01661,1.661
245.93,0.01661,1.661
245.93,0.01661,1.661
245.94,0.01661,1.661
245.95,0.01661,1.661
245.96,0.01661,1.661
245.97,0.01661,1.661
245.98,0.01662,1.662
245.99,0.01662,1.662
246.00,0.01662,1.662
246.01,0.01662,1.662
246.01,0.01662,1.662
246.02,0.01662,1.662
246.03,0.01662,1.662
246.04,0.01662,1.662
246.05,0.01662,1.662
246.06,0.01662,1.662
246.07,0.01662,1.662
246.08,0.01662,1.662
246.09,0.01662,1.662
246.09,0.01662,1.662
246.10,0.01662,1.662
246.11,0.01662,1.662
246.12,0.01662,1.662
246.13,0.01662,1.662
246.14,0.01662,1.662
246.15,0.01662,1.662
246.16,0.01662,1.662
246.17,0.01662,1.662
246.17,0.01662,1.662
246.18,0.01662,1.662
246.19,0.01662,1.662
246.20,0.01662,1.662
246.21,0.01662,1.662
246.22,0.01662,1.662
246.23,0.01662,1.662
246.24,0.01662,1.662
246.25,0.01662,1.662
246.25,0.01662,1.662
246.26,0.01662,1.662
246.27,0.01662,1.662
246.28,0.01662,1.662
246.29,0.01662,1.662
246.30,0.01662,1.662
246.31,0.01662,1.662
246.32,0.01662,1.662
246.33,0.01662,1.662
246.33,0.01662,1.662
246.34,0.01663,1.663
246.35,0.01663,1.663
246.36,0.01663,1.663
246.37,0.01663,1.663
246.38,0.01663,1.663
246.39,0.01663,1.663
246.40,0.01663,1.663
246.41,0.01663,1.663
246.41,0.01663,1.663
246.42,0.01663,1.663
246.43,0.01663,1.663
246.44,0.01663,1.663
246.45,0.01663,1.663
246.46,0.01663,1.663
246.47,0.01663,1.663
246.48,0.01663,1.663
246.49,0.01663,1.663
246.49,0.01663,1.663
246.50,0.01663,1.663
246.51,0.01663,1.663
246.52,0.01663,1.663
246.53,0.01663,1.663
246.54,0.01663,1.663
246.55,0.01663,1.663
246.56,0.01663,1.663
246.57,0.01663,1.663
246.57,0.01663,1.663
246.58,0.01663,1.663
246.59,0.01663,1.663
246.60,0.01663,1.663
246.61,0.01663,1.663
246.62,0.01663,1.663
246.63,0.01663,1.663
246.64,0.01663,1.663
246.65,0.01663,1.663
246.65,0.01663,1.663
246.66,0.01663,1.663
246.67,0.01663,1.663
246.68,0.01663,1.663
246.69,0.01663,1.663
246.70,0.01663,1.663
246.71,0.01663,1.663
246.72,0.01664,1.664
246.73,0.01664,1.664
246.73,0.01664,1.664
246.74,0.01664,1.664
246.75,0.01664,1.664
246.76,0.01664,1.664
246.77,0.01664,1.664
246.78,0.01664,1.664
246.79,0.01664,1.664
246.80,0.01664,1.664
246.81,0.01664,1.664
246.81,0.01664,1.664
246.82,0.01664,1.664
246.83,0.01664,1.664
246.84,0.01664,1.664
246.85,0.01664,1.664
246.86,0.01664,1.664
246.87,0.01664,1.664
246.88,0.01664,1.664
246.89,0.01664,1.664
246.89,0.01664,1.664
246.90,0.01664,1.664
246.91,0.01664,1.664
246.92,0.01664,1.664
246.93,0.01664,1.664
246.94,0.01664,1.664
246.95,0.01664,1.664
246.96,0.01664,1.664
246.97,0.01664,1.664
246.97,0.01664,1.664
246.98,0.01664,1.664
246.99,0.01664,1.664
247.00,0.01664,1.664
247.01,0.01664,1.664
247.02,0.01664,1.664
247.03,0.01664,1.664
247.04,0.01664,1.664
247.05,0.01664,1.664
247.05,0.01664,1.664
247.06,0.01664,1.664
247.07,0.01664,1.664
247.08,0.01665,1.665
247.09,0.01665,1.665
247.10,0.01665,1.665
247.11,0.01665,1.665
247.12,0.01665,1.665
247.13,0.01665,1.665
247.13,0.01665,1.665
247.14,0.01665,1.665
247.15,0.01665,1.665
247.16,0.01665,1.665
247.17,0.01665,1.665
247.18,0.01665,1.665
247.19,0.01665,1.665
247.20,0.01665,1.665
247.21,0.01665,1.665
247.21,0.01665,1.665
247.22,0.01665,1.665
247.23,0.01665,1.665
247.24,0.01665,1.665
247.25,0.01665,1.665
247.26,0.01665,1.665
247.27,0.01665,1.665
247.28,0.01665,1.665
247.29,0.01665,1.665
247.29,0.01665,1.665
247.30,0.01665,1.665
247.31,0.01665,1.665
247.32,0.01665,1.665
247.33,0.01665,1.665
247.34,0.01665,1.665
247.35,0.01665,1.665
247.36,0.01665,1.665
247.37,0.01665,1.665
247.37,0.01665,1.665
247.38,0.01665,1.665
247.39,0.01665,1.665
247.40,0.01665,1.665
247.41,0.01665,1.665
247.42,0.01665,1.665
247.43,0.01665,1.665
247.44,0.01665,1.665
247.45,0.01665,1.665
247.45,0.01666,1.666
247.46,0.01666,1.666
247.47,0.01666,1.666
247.48,0.01666,1.666
247.49,0.01666,1.666
247.50,0.01666,1.666
247.51,0.01666,1.666
247.52,0.01666,1.666
247.53,0.01666,1.666
247.53,0.01666,1.666
247.54,0.01666,1.666
247.55,0.01666,1.666
247.56,0.01666,1.666
247.57,0.01666,1.666
247.58,0.01666,1.666
247.59,0.01666,1.666
247.60,0.01666,1.666
247.61,0.01666,1.666
247.61,0.01666,1.666
247.62,0.01666,1.666
247.63,0.01666,1.666
247.64,0.01666,1.666
247.65,0.01666,1.666
247.66,0.01666,1.666
247.67,0.01666,1.666
247.68,0.01666,1.666
247.69,0.01666,1.666
247.69,0.01666,1.666
247.70,0.01666,1.666
247.71,0.01666,1.666
247.72,0.01666,1.666
247.73,0.01666,1.666
247.74,0.01666,1.666
247.75,0.01666,1.666
247.76,0.01666,1.666
247.77,0.01666,1.666
247.77,0.01666,1.666
247.78,0.01666,1.666
247.79,0.01666,1.666
247.80,0.01666,1.666
247.81,0.01666,1.666
247.82,0.01666,1.666
247.83,0.01667,1.667
247.84,0.01667,1.667
247.85,0.01667,1.667
247.85,0.01667,1.667
247.86,0.01667,1.667
247.87,0.01667,1.667
247.88,0.01667,1.667
247.89,0.01667,1.667
247.90,0.01667,1.667
247.91,0.01667,1.667
247.92,0.01667,1.667
247.93,0.01667,1.667
247.93,0.01667,1.667
247.94,0.01667,1.667
247.95,0.01667,1.667
247.96,0.01667,1.667
247.97,0.01667,1.667
247.98,0.01667,1.667
247.99,0.01667,1.667
248.00,0.01667,1.667
248.01,0.01667,1.667
248.01,0.01667,1.667
248.02,0.01667,1.667
248.03,0.01667,1.667
248.04,0.01667,1.667
248.05,0.01667,1.667
248.06,0.01667,1.667
248.07,0.01667,1.667
248.08,0.01667,1.667
248.09,0.01667,1.667
248.09,0.01667,1.667
248.10,0.01667,1.667
248.11,0.01667,1.667
248.12,0.01667,1.667
248.13,0.01667,1.667
248.14,0.01667,1.667
248.15,0.01667,1.667
248.16,0.01667,1.667
248.17,0.01667,1.667
248.17,0.01667,1.667
248.18,0.01667,1.667
248.19,0.01667,1.667
248.20,0.01668,1.668
248.21,0.01668,1.668
248.22,0.01668,1.668
248.23,0.01668,1.668
248.24,0.01668,1.668
248.25,0.01668,1.668
248.25,0.01668,1.668
248.26,0.01668,1.668
248.27,0.01668,1.668
248.28,0.01668,1.668
248.29,0.01668,1.668
248.30,0.01668,1.668
248.31,0.01668,1.668
248.32,0.01668,1.668
248.33,0.01668,1.668
248.33,0.01668,1.668
248.34,0.01668,1.668
248.35,0.01668,1.668
248.36,0.01668,1.668
248.37,0.01668,1.668
248.38,0.01668,1.668
248.39,0.01668,1.668
248.40,0.01668,1.668
248.41,0.01668,1.668
248.41,0.01668,1.668
248.42,0.01668,1.668
248.43,0.01668,1.668
248.44,0.01668,1.668
248.45,0.01668,1.668
248.46,0.01668,1.668
248.47,0.01668,1.668
248.48,0.01668,1.668
248.49,0.01668,1.668
248.49,0.01668,1.668
248.50,0.01668,1.668
248.51,0.01668,1.668
248.52,0.01668,1.668
248.53,0.01668,1.668
248.54,0.01668,1.668
248.55,0.01668,1.668
248.56,0.01668,1.668
248.57,0.01668,1.668
248.57,0.01669,1.669
248.58,0.01669,1.669
248.59,0.01669,1.669
248.60,0.01669,1.669
248.61,0.01669,1.669
248.62,0.01669,1.669
248.63,0.01669,1.669
248.64,0.01669,1.669
248.65,0.01669,1.669
248.65,0.01669,1.669
248.66,0.01669,1.669
248.67,0.01669,1.669
248.68,0.01669,1.669
248.69,0.01669,1.669
248.70,0.01669,1.669
248.71,0.01669,1.669
248.72,0.01669,1.669
248.73,0.01669,1.669
248.73,0.01669,1.669
248.74,0.01669,1.669
248.75,0.01669,1.669
248.76,0.01669,1.669
248.77,0.01669,1.669
248.78,0.01669,1.669
248.79,0.01669,1.669
248.80,0.01669,1.669
248.81,0.01669,1.669
248.81,0.01669,1.669
248.82,0.01669,1.669
248.83,0.01669,1.669
248.84,0.01669,1.669
248.85,0.01669,1.669
248.86,0.01669,1.669
248.87,0.01669,1.669
248.88,0.01669,1.669
248.89,0.01669,1.669
248.89,0.01669,1.669
248.90,0.01669,1.669
248.91,0.01669,1.669
248.92,0.01669,1.669
248.93,0.01669,1.669
248.94,0.01669,1.669
248.95,0.01670,1.670
248.96,0.01670,1.670
248.97,0.01670,1.670
248.97,0.01670,1.670
248.98,0.01670,1.670
248.99,0.01670,1.670
249.00,0.01670,1.670
249.01,0.01670,1.670
249.02,0.01670,1.670
249.03,0.01670,1.670
249.04,0.01670,1.670
249.05,0.01670,1.670
249.05,0.01670,1.670
249.06,0.01670,1.670
249.07,0.01670,1.670
249.08,0.01670,1.670
249.09,0.01670,1.670
249.10,0.01670,1.670
249.11,0.01670,1.670
249.12,0.01670,1.670
249.13,0.01670,1.670
249.13,0.01670,1.670
249.14,0.01670,1.670
249.15,0.01670,1.670
249.16,0.01670,1.670
249.17,0.01670,1.670
249.18,0.01670,1.670
249.19,0.01670,1.670
249.20,0.01670,1.670
249.21,0.01670,1.670
249.21,0.01670,1.670
249.22,0.01670,1.670
249.23,0.01670,1.670
249.24,0.01670,1.670
249.25,0.01670,1.670
249.26,0.01670,1.670
249.27,0.01670,1.670
249.28,0.01670,1.670
249.29,0.01670,1.670
249.29,0.01670,1.670
249.30,0.01670,1.670
249.31,0.01670,1.670
249.32,0.01671,1.671
249.33,0.01671,1.671
249.34,0.01671,1.671
249.35,0.01671,1.671
249.36,0.01671,1.671
249.37,0.01671,1.671
249.37,0.01671,1.671
249.38,0.01671,1.671
249.39,0.01671,1.671
249.40,0.01671,1.671
249.41,0.01671,1.671
249.42,0.01671,1.671
249.43,0.01671,1.671
249.44,0.01671,1.671
249.45,0.01671,1.671
249.45,0.01671,1.671
249.46,0.01671,1.671
249.47,0.01671,1.671
249.48,0.01671,1.671
249.49,0.01671,1.671
249.50,0.01671,1.671
249.51,0.01671,1.671
249.52,0.01671,1.671
249.53,0.01671,1.671
249.53,0.01671,1.671
249.54,0.01671,1.671
249.55,0.01671,1.671
249.56,0.01671,1.671
249.57,0.01671,1.671
249.58,0.01671,1.671
249.59,0.01671,1.671
249.60,0.01671,1.671
249.61,0.01671,1.671
249.61,0.01671,1.671
249.62,0.01671,1.671
249.63,0.01671,1.671
249.64,0.01671,1.671
249.65,0.01671,1.671
249.66,0.01671,1.671
249.67,0.01671,1.671
249.68,0.01671,1.671
249.69,0.01671,1.671
249.69,0.01671,1.671
249.70,0.01671,1.671
249.71,0.01672,1.672
249.72,0.01672,1.672
249.73,0.01672,1.672
249.74,0.01672,1.672
249.75,0.01672,1.672
249.76,0.01672,1.672
249.77,0.01672,1.672
249.77,0.01672,1.672
249.78,0.01672,1.672
249.79,0.01672,1.672
249.80,0.01672,1.672
249.81,0.01672,1.672
249.82,0.01672,1.672
249.83,0.01672,1.672
249.84,0.01672,1.672
249.85,0.01672,1.672
249.85,0.01672,1.672
249.86,0.01672,1.672
249.87,0.01672,1.672
249.88,0.01672,1.672
249.89,0.01672,1.672
249.90,0.01672,1.672
249.91,0.01672,1.672
249.92,0.01672,1.672
249.93,0.01672,1.672
249.93,0.01672,1.672
249.94,0.01672,1.672
249.95,0.01672,1.672
249.96,0.01672,1.672
249.97,0.01672,1.672
249.98,0.01672,1.672
249.99,0.01672,1.672
250.00,0.01672,1.672
250.01,0.01672,1.672
250.01,0.01672,1.672
250.02,0.01672,1.672
250.03,0.01672,1.672
250.04,0.01672,1.672
250.05,0.01672,1.672
250.06,0.01672,1.672
250.07,0.01672,1.672
250.08,0.01672,1.672
250.09,0.01672,1.672
250.09,0.01672,1.672
250.10,0.01673,1.673
250.11,0.01673,1.673
250.12,0.01673,1.673
250.13,0.01673,1.673
250.14,0.01673,1.673
250.15,0.01673,1.673
250.16,0.01673,1.673
250.17,0.01673,1.673
250.17,0.01673,1.673
250.18,0.01673,1.673
250.19,0.01673,1.673
250.20,0.01673,1.673
250.21,0.01673,1.673
250.22,0.01673,1.673
250.23,0.01673,1.673
250.24,0.01673,1.673
250.25,0.01673,1.673
250.25,0.01673,1.673
250.26,0.01673,1.673
250.27,0.01673,1.673
250.28,0.01673,1.673
250.29,0.01673,1.673
250.30,0.01673,1.673
250.31,0.01673,1.673
250.32,0.01673,1.673
250.33,0.01673,1.673
250.33,0.01673,1.673
250.34,0.01673,1.673
250.35,0.01673,1.673
250.36,0.01673,1.673
250.37,0.01673,1.673
250.38,0.01673,1.673
250.39,0.01673,1.673
250.40,0.01673,1.673
250.40,0.01673,1.673
250.41,0.01673,1.673
250.42,0.01673,1.673
250.43,0.01673,1.673
250.44,0.01673,1.673
250.45,0.01673,1.673
250.46,0.01673,1.673
250.47,0.01673,1.673
250.48,0.01673,1.673
250.48,0.01673,1.673
250.49,0.01674,1.674
250.50,0.01674,1.674
250.51,0.01674,1.674
250.52,0.01674,1.674
250.53,0.01674,1.674
250.54,0.01674,1.674
250.55,0.01674,1.674
250.56,0.01674,1.674
250.56,0.01674,1.674
250.57,0.01674,1.674
250.58,0.01674,1.674
250.59,0.01674,1.674
250.60,0.01674,1.674
250.61,0.01674,1.674
250.62,0.01674,1.674
250.63,0.01674,1.674
250.64,0.01674,1.674
250.64,0.01674,1.674
250.65,0.01674,1.674
250.66,0.01674,1.674
250.67,0.01674,1.674
250.68,0.01674,1.674
250.69,0.01674,1.674
250.70,0.01674,1.674
250.71,0.01674,1.674
250.72,0.01674,1.674
250.72,0.01674,1.674
250.73,0.01674,1.674
250.74,0.01674,1.674
250.75,0.01674,1.674
250.76,0.01674,1.674
250.77,0.01674,1.674
250.78,0.01674,1.674
250.79,0.01674,1.674
250.80,0.01674,1.674
250.80,0.01674,1.674
250.81,0.01674,1.674
250.82,0.01674,1.674
250.83,0.01674,1.674
250.84,0.01674,1.674
250.85,0.01674,1.674
250.86,0.01674,1.674
250.87,0.01674,1.674
250.88,0.01674,1.674
250.89,0.01674,1.674
250.89,0.01675,1.675
250.90,0.01675,1.675
250.91,0.01675,1.675
250.92,0.01675,1.675
250.93,0.01675,1.675
250.94,0.01675,1.675
250.95,0.01675,1.675
250.96,0.01675,1.675
250.97,0.01675,1.675
250.97,0.01675,1.675
250.98,0.01675,1.675
250.99,0.01675,1.675
251.00,0.01675,1.675
251.01,0.01675,1.675
251.02,0.01675,1.675
251.03,0.01675,1.675
251.04,0.01675,1.675
251.05,0.01675,1.675
251.05,0.01675,1.675
251.06,0.01675,1.675
251.07,0.01675,1.675
251.08,0.01675,1.675
251.09,0.01675,1.675
251.10,0.01675,1.675
251.11,0.01675,1.675
251.12,0.01675,1.675
251.13,0.01675,1.675
251.13,0.01675,1.675
251.14,0.01675,1.675
251.15,0.01675,1.675
251.16,0.01675,1.675
251.17,0.01675,1.675
251.18,0.01675,1.675
251.19,0.01675,1.675
251.20,0.01675,1.675
251.21,0.01675,1.675
251.21,0.01675,1.675
251.22,0.01675,1.675
251.23,0.01675,1.675
251.24,0.01675,1.675
251.25,0.01675,1.675
251.26,0.01675,1.675
251.27,0.01675,1.675
251.28,0.01676,1.676
251.29,0.01676,1.676
251.29,0.01676,1.676
251.30,0.01676,1.676
251.31,0.01676,1.676
251.32,0.01676,1.676
251.33,0.01676,1.676
251.34,0.01676,1.676
251.35,0.01676,1.676
251.36,0.01676,1.676
251.37,0.01676,1.676
251.37,0.01676,1.676
251.38,0.01676,1.676
251.39,0.01676,1.676
251.40,0.01676,1.676
251.41,0.01676,1.676
251.42,0.01676,1.676
251.43,0.01676,1.676
251.44,0.01676,1.676
251.45,0.01676,1.676
251.45,0.01676,1.676
251.46,0.01676,1.676
251.47,0.01676,1.676
251.48,0.01676,1.676
251.49,0.01676,1.676
251.50,0.01676,1.676
251.51,0.01676,1.676
251.52,0.01676,1.676
251.53,0.01676,1.676
251.54,0.01676,1.676
251.54,0.01676,1.676
251.55,0.01676,1.676
251.56,0.01676,1.676
251.57,0.01676,1.676
251.58,0.01676,1.676
251.59,0.01676,1.676
251.60,0.01676,1.676
251.61,0.01676,1.676
251.62,0.01676,1.676
251.62,0.01676,1.676
251.63,0.01676,1.676
251.64,0.01676,1.676
251.65,0.01676,1.676
251.66,0.01676,1.676
251.67,0.01677,1.677
251.68,0.01677,1.677
251.69,0.01677,1.677
251.70,0.01677,1.677
251.70,0.01677,1.677
251.71,0.01677,1.677
251.72,0.01677,1.677
251.73,0.01677,1.677
251.74,0.01677,1.677
251.75,0.01677,1.677
251.76,0.01677,1.677
251.77,0.01677,1.677
251.78,0.01677,1.677
251.78,0.01677,1.677
251.79,0.01677,1.677
251.80,0.01677,1.677
251.81,0.01677,1.677
251.82,0.01677,1.677
251.83,0.01677,1.677
251.84,0.01677,1.677
251.85,0.01677,1.677
251.86,0.01677,1.677
251.86,0.01677,1.677
251.87,0.01677,1.677
251.88,0.01677,1.677
251.89,0.01677,1.677
251.90,0.01677,1.677
251.91,0.01677,1.677
251.92,0.01677,1.677
251.93,0.01677,1.677
251.94,0.01677,1.677
251.94,0.01677,1.677
251.95,0.01677,1.677
251.96,0.01677,1.677
251.97,0.01677,1.677
251.98,0.01677,1.677
251.99,0.01677,1.677
252.00,0.01677,1.677
252.01,0.01677,1.677
252.02,0.01677,1.677
252.02,0.01677,1.677
252.03,0.01677,1.677
252.04,0.01677,1.677
252.05,0.01677,1.677
252.06,0.01678,1.678
252.07,0.01678,1.678
252.08,0.01678,1.678
252.09,0.01678,1.678
252.09,0.01678,1.678
252.10,0.01678,1.678
252.11,0.01678,1.678
252.12,0.01678,1.678
252.13,0.01678,1.678
252.14,0.01678,1.678
252.15,0.01678,1.678
252.16,0.01678,1.678
252.17,0.01678,1.678
252.17,0.01678,1.678
252.18,0.01678,1.678
252.19,0.01678,1.678
252.20,0.01678,1.678
252.21,0.01678,1.678
252.22,0.01678,1.678
252.23,0.01678,1.678
252.24,0.01678,1.678
252.25,0.01678,1.678
252.25,0.01678,1.678
252.26,0.01678,1.678
252.27,0.01678,1.678
252.28,0.01678,1.678
252.29,0.01678,1.678
252.30,0.01678,1.678
252.31,0.01678,1.678
252.32,0.01678,1.678
252.33,0.01678,1.678
252.33,0.01678,1.678
252.34,0.01678,1.678
252.35,0.01678,1.678
252.36,0.01678,1.678
252.37,0.01678,1.678
252.38,0.01678,1.678
252.39,0.01678,1.678
252.40,0.01678,1.678
252.41,0.01678,1.678
252.41,0.01678,1.678
252.42,0.01678,1.678
252.43,0.01678,1.678
252.44,0.01678,1.678
252.45,0.01678,1.678
252.46,0.01679,1.679
252.47,0.01679,1.679
252.48,0.01679,1.679
252.49,0.01679,1.679
252.49,0.01679,1.679
252.50,0.01679,1.679
252.51,0.01679,1.679
252.52,0.01679,1.679
252.53,0.01679,1.679
252.54,0.01679,1.679
252.55,0.01679,1.679
252.56,0.01679,1.679
252.57,0.01679,1.679
252.57,0.01679,1.679
252.58,0.01679,1.679
252.59,0.01679,1.679
252.60,0.01679,1.679
252.61,0.01679,1.679
252.62,0.01679,1.679
252.63,0.01679,1.679
252.64,0.01679,1.679
252.65,0.01679,1.679
252.65,0.01679,1.679
252.66,0.01679,1.679
252.67,0.01679,1.679
252.68,0.01679,1.679
252.69,0.01679,1.679
252.70,0.01679,1.679
252.71,0.01679,1.679
252.72,0.01679,1.679
252.73,0.01679,1.679
252.73,0.01679,1.679
252.74,0.01679,1.679
252.75,0.01679,1.679
252.76,0.01679,1.679
252.77,0.01679,1.679
252.78,0.01679,1.679
252.79,0.01679,1.679
252.80,0.01679,1.679
252.81,0.01679,1.679
252.82,0.01679,1.679
252.82,0.01679,1.679
252.83,0.01679,1.679
252.84,0.01679,1.679
252.85,0.01679,1.679
252.86,0.01680,1.680
252.87,0.01680,1.680
252.88,0.01680,1.680
252.89,0.01680,1.680
252.90,0.01680,1.680
252.90,0.01680,1.680
252.91,0.01680,1.680
252.92,0.01680,1.680
252.93,0.01680,1.680
252.94,0.01680,1.680
252.95,0.01680,1.680
252.96,0.01680,1.680
252.97,0.01680,1.680
252.98,0.01680,1.680
252.98,0.01680,1.680
252.99,0.01680,1.680
253.00,0.01680,1.680
253.01,0.01680,1.680
253.02,0.01680,1.680
253.03,0.01680,1.680
253.04,0.01680,1.680
253.05,0.01680,1.680
253.06,0.01680,1.680
253.06,0.01680,1.680
253.07,0.01680,1.680
253.08,0.01680,1.680
253.09,0.01680,1.680
253.10,0.01680,1.680
253.11,0.01680,1.680
253.12,0.01680,1.680
253.13,0.01680,1.680
253.14,0.01680,1.680
253.14,0.01680,1.680
253.15,0.01680,1.680
253.16,0.01680,1.680
253.17,0.01680,1.680
253.18,0.01680,1.680
253.19,0.01680,1.680
253.20,0.01680,1.680
253.21,0.01680,1.680
253.22,0.01680,1.680
253.22,0.01680,1.680
253.23,0.01680,1.680
253.24,0.01680,1.680
253.25,0.01681,1.681
253.26,0.01681,1.681
253.27,0.01681,1.681
253.28,0.01681,1.681
253.29,0.01681,1.681
253.30,0.01681,1.681
253.31,0.01681,1.681
253.31,0.01681,1.681
253.32,0.01681,1.681
253.33,0.01681,1.681
253.34,0.01681,1.681
253.35,0.01681,1.681
253.36,0.01681,1.681
253.37,0.01681,1.681
253.38,0.01681,1.681
253.39,0.01681,1.681
253.39,0.01681,1.681
253.40,0.01681,1.681
253.41,0.01681,1.681
253.42,0.01681,1.681
253.43,0.01681,1.681
253.44,0.01681,1.681
253.45,0.01681,1.681
253.46,0.01681,1.681
253.47,0.01681,1.681
253.47,0.01681,1.681
253.48,0.01681,1.681
253.49,0.01681,1.681
253.50,0.01681,1.681
253.51,0.01681,1.681
253.52,0.01681,1.681
253.53,0.01681,1.681
253.54,0.01681,1.681
253.55,0.01681,1.681
253.55,0.01681,1.681
253.56,0.01681,1.681
253.57,0.01681,1.681
253.58,0.01681,1.681
253.59,0.01681,1.681
253.60,0.01681,1.681
253.61,0.01681,1.681
253.62,0.01681,1.681
253.63,0.01681,1.681
253.63,0.01681,1.681
253.64,0.01681,1.681
253.65,0.01681,1.681
253.66,0.01682,1.682
253.67,0.01682,1.682
253.68,0.01682,1.682
253.69,0.01682,1.682
253.70,0.01682,1.682
253.71,0.01682,1.682
253.71,0.01682,1.682
253.72,0.01682,1.682
253.73,0.01682,1.682
253.74,0.01682,1.682
253.75,0.01682,1.682
253.76,0.01682,1.682
253.77,0.01682,1.682
253.78,0.01682,1.682
253.79,0.01682,1.682
253.79,0.01682,1.682
253.80,0.01682,1.682
253.81,0.01682,1.682
253.82,0.01682,1.682
253.83,0.01682,1.682
253.84,0.01682,1.682
253.85,0.01682,1.682
253.86,0.01682,1.682
253.87,0.01682,1.682
253.87,0.01682,1.682
253.88,0.01682,1.682
253.89,0.01682,1.682
253.90,0.01682,1.682
253.91,0.01682,1.682
253.92,0.01682,1.682
253.93,0.01682,1.682
253.94,0.01682,1.682
253.95,0.01682,1.682
253.95,0.01682,1.682
253.96,0.01682,1.682
253.97,0.01682,1.682
253.98,0.01682,1.682
253.99,0.01682,1.682
254.00,0.01682,1.682
254.01,0.01682,1.682
254.02,0.01682,1.682
254.03,0.01682,1.682
254.03,0.01682,1.682
254.04,0.01682,1.682
254.05,0.01682,1.682
254.06,0.01683,1.683
254.07,0.01683,1.683
254.08,0.01683,1.683
254.09,0.01683,1.683
254.10,0.01683,1.683
254.11,0.01683,1.683
254.11,0.01683,1.683
254.12,0.01683,1.683
254.13,0.01683,1.683
254.14,0.01683,1.683
254.15,0.01683,1.683
254.16,0.01683,1.683
254.17,0.01683,1.683
254.18,0.01683,1.683
254.19,0.01683,1.683
254.19,0.01683,1.683
254.20,0.01683,1.683
254.21,0.01683,1.683
254.22,0.01683,1.683
254.23,0.01683,1.683
254.24,0.01683,1.683
254.25,0.01683,1.683
254.26,0.01683,1.683
254.27,0.01683,1.683
254.27,0.01683,1.683
254.28,0.01683,1.683
254.29,0.01683,1.683
254.30,0.01683,1.683
254.31,0.01683,1.683
254.32,0.01683,1.683
254.33,0.01683,1.683
254.34,0.01683,1.683
254.35,0.01683,1.683
254.35,0.01683,1.683
254.36,0.01683,1.683
254.37,0.01683,1.683
254.38,0.01683,1.683
254.39,0.01683,1.683
254.40,0.01683,1.683
254.41,0.01683,1.683
254.42,0.01683,1.683
254.43,0.01683,1.683
254.43,0.01683,1.683
254.44,0.01683,1.683
254.45,0.01683,1.683
254.46,0.01683,1.683
254.47,0.01684,1.684
254.48,0.01684,1.684
254.49,0.01684,1.684
254.50,0.01684,1.684
254.51,0.01684,1.684
254.51,0.01684,1.684
254.52,0.01684,1.684
254.53,0.01684,1.684
254.54,0.01684,1.684
254.55,0.01684,1.684
254.56,0.01684,1.684
254.57,0.01684,1.684
254.58,0.01684,1.684
254.59,0.01684,1.684
254.59,0.01684,1.684
254.60,0.01684,1.684
254.61,0.01684,1.684
254.62,0.01684,1.684
254.63,0.01684,1.684
254.64,0.01684,1.684
254.65,0.01684,1.684
254.66,0.01684,1.684
254.67,0.01684,1.684
254.67,0.01684,1.684
254.68,0.01684,1.684
254.69,0.01684,1.684
254.70,0.01684,1.684
254.71,0.01684,1.684
254.72,0.01684,1.684
254.73,0.01684,1.684
254.74,0.01684,1.684
254.75,0.01684,1.684
254.76,0.01684,1.684
254.76,0.01684,1.684
254.77,0.01684,1.684
254.78,0.01684,1.684
254.79,0.01684,1.684
254.80,0.01684,1.684
254.81,0.01684,1.684
254.82,0.01684,1.684
254.83,0.01684,1.684
254.84,0.01684,1.684
254.84,0.01684,1.684
254.85,0.01684,1.684
254.86,0.01684,1.684
254.87,0.01685,1.685
254.88,0.01685,1.685
254.89,0.01685,1.685
254.90,0.01685,1.685
254.91,0.01685,1.685
254.92,0.01685,1.685
254.92,0.01685,1.685
254.93,0.01685,1.685
254.94,0.01685,1.685
254.95,0.01685,1.685
254.96,0.01685,1.685
254.97,0.01685,1.685
254.98,0.01685,1.685
254.99,0.01685,1.685
255.00,0.01685,1.685
255.00,0.01685,1.685
255.01,0.01685,1.685
255.02,0.01685,1.685
255.03,0.01685,1.685
255.04,0.01685,1.685
255.05,0.01685,1.685
255.06,0.01685,1.685
255.07,0.01685,1.685
255.08,0.01685,1.685
255.08,0.01685,1.685
255.09,0.01685,1.685
255.10,0.01685,1.685
255.11,0.01685,1.685
255.12,0.01685,1.685
255.13,0.01685,1.685
255.14,0.01685,1.685
255.15,0.01685,1.685
255.16,0.01685,1.685
255.16,0.01685,1.685
255.17,0.01685,1.685
255.18,0.01685,1.685
255.19,0.01685,1.685
255.20,0.01685,1.685
255.21,0.01685,1.685
255.22,0.01685,1.685
255.23,0.01685,1.685
255.24,0.01685,1.685
255.24,0.01685,1.685
255.25,0.01685,1.685
255.26,0.01685,1.685
255.27,0.01686,1.686
255.28,0.01686,1.686
255.29,0.01686,1.686
255.30,0.01686,1.686
255.31,0.01686,1.686
255.32,0.01686,1.686
255.32,0.01686,1.686
255.33,0.01686,1.686
255.34,0.01686,1.686
255.35,0.01686,1.686
255.36,0.01686,1.686
255.37,0.01686,1.686
255.38,0.01686,1.686
255.39,0.01686,1.686
255.40,0.01686,1.686
255.41,0.01686,1.686
255.41,0.01686,1.686
255.42,0.01686,1.686
255.43,0.01686,1.686
255.44,0.01686,1.686
255.45,0.01686,1.686
255.46,0.01686,1.686
255.47,0.01686,1.686
255.48,0.01686,1.686
255.49,0.01686,1.686
255.49,0.01686,1.686
255.50,0.01686,1.686
255.51,0.01686,1.686
255.52,0.01686,1.686
255.53,0.01686,1.686
255.54,0.01686,1.686
255.55,0.01686,1.686
255.56,0.01686,1.686
255.57,0.01686,1.686
255.57,0.01686,1.686
255.58,0.01686,1.686
255.59,0.01686,1.686
255.60,0.01686,1.686
255.61,0.01686,1.686
255.62,0.01686,1.686
255.63,0.01686,1.686
255.64,0.01686,1.686
255.65,0.01686,1.686
255.65,0.01686,1.686
255.66,0.01686,1.686
255.67,0.01686,1.686
255.68,0.01687,1.687
255.69,0.01687,1.687
255.70,0.01687,1.687
255.71,0.01687,1.687
255.72,0.01687,1.687
255.72,0.01687,1.687
255.73,0.01687,1.687
255.74,0.01687,1.687
255.75,0.01687,1.687
255.76,0.01687,1.687
255.77,0.01687,1.687
255.78,0.01687,1.687
255.79,0.01687,1.687
255.80,0.01687,1.687
255.80,0.01687,1.687
255.81,0.01687,1.687
255.82,0.01687,1.687
255.83,0.01687,1.687
255.84,0.01687,1.687
255.85,0.01687,1.687
255.86,0.01687,1.687
255.87,0.01687,1.687
255.88,0.01687,1.687
255.89,0.01687,1.687
255.89,0.01687,1.687
255.90,0.01687,1.687
255.91,0.01687,1.687
255.92,0.01687,1.687
255.93,0.01687,1.687
255.94,0.01687,1.687
255.95,0.01687,1.687
255.96,0.01687,1.687
255.97,0.01687,1.687
255.97,0.01687,1.687
255.98,0.01687,1.687
255.99,0.01687,1.687
256.00,0.01687,1.687
256.01,0.01687,1.687
256.02,0.01687,1.687
256.03,0.01687,1.687
256.04,0.01687,1.687
256.05,0.01687,1.687
256.05,0.01687,1.687
256.06,0.01687,1.687
256.07,0.01687,1.687
256.08,0.01688,1.688
256.09,0.01688,1.688
256.10,0.01688,1.688
256.11,0.01688,1.688
256.12,0.01688,1.688
256.13,0.01688,1.688
256.13,0.01688,1.688
256.14,0.01688,1.688
256.15,0.01688,1.688
256.16,0.01688,1.688
256.17,0.01688,1.688
256.18,0.01688,1.688
256.19,0.01688,1.688
256.20,0.01688,1.688
256.21,0.01688,1.688
256.21,0.01688,1.688
256.22,0.01688,1.688
256.23,0.01688,1.688
256.24,0.01688,1.688
256.25,0.01688,1.688
256.26,0.01688,1.688
256.27,0.01688,1.688
256.28,0.01688,1.688
256.29,0.01688,1.688
256.29,0.01688,1.688
256.30,0.01688,1.688
256.31,0.01688,1.688
256.32,0.01688,1.688
256.33,0.01688,1.688
256.34,0.01688,1.688
256.35,0.01688,1.688
256.36,0.01688,1.688
256.37,0.01688,1.688
256.37,0.01688,1.688
256.38,0.01688,1.688
256.39,0.01688,1.688
256.40,0.01688,1.688
256.41,0.01688,1.688
256.42,0.01688,1.688
256.43,0.01688,1.688
256.44,0.01688,1.688
256.45,0.01688,1.688
256.45,0.01688,1.688
256.46,0.01688,1.688
256.47,0.01688,1.688
256.48,0.01688,1.688
256.49,0.01689,1.689
256.50,0.01689,1.689
256.51,0.01689,1.689
256.52,0.01689,1.689
256.53,0.01689,1.689
256.53,0.01689,1.689
256.54,0.01689,1.689
256.55,0.01689,1.689
256.56,0.01689,1.689
256.57,0.01689,1.689
256.58,0.01689,1.689
256.59,0.01689,1.689
256.60,0.01689,1.689
256.61,0.01689,1.689
256.62,0.01689,1.689
256.62,0.01689,1.689
256.63,0.01689,1.689
256.64,0.01689,1.689
256.65,0.01689,1.689
256.66,0.01689,1.689
256.67,0.01689,1.689
256.68,0.01689,1.689
256.69,0.01689,1.689
256.70,0.01689,1.689
256.70,0.01689,1.689
256.71,0.01689,1.689
256.72,0.01689,1.689
256.73,0.01689,1.689
256.74,0.01689,1.689
256.75,0.01689,1.689
256.76,0.01689,1.689
256.77,0.01689,1.689
256.78,0.01689,1.689
256.78,0.01689,1.689
256.79,0.01689,1.689
256.80,0.01689,1.689
256.81,0.01689,1.689
256.82,0.01689,1.689
256.83,0.01689,1.689
256.84,0.01689,1.689
256.85,0.01689,1.689
256.86,0.01689,1.689
256.86,0.01689,1.689
256.87,0.01689,1.689
256.88,0.01689,1.689
256.89,0.01689,1.689
256.90,0.01689,1.689
256.91,0.01690,1.690
256.92,0.01690,1.690
256.93,0.01690,1.690
256.94,0.01690,1.690
256.94,0.01690,1.690
256.95,0.01690,1.690
256.96,0.01690,1.690
256.97,0.01690,1.690
256.98,0.01690,1.690
256.99,0.01690,1.690
257.00,0.01690,1.690
257.01,0.01690,1.690
257.02,0.01690,1.690
257.02,0.01690,1.690
257.03,0.01690,1.690
257.04,0.01690,1.690
257.05,0.01690,1.690
257.06,0.01690,1.690
257.07,0.01690,1.690
257.08,0.01690,1.690
257.09,0.01690,1.690
257.10,0.01690,1.690
257.10,0.01690,1.690
257.11,0.01690,1.690
257.12,0.01690,1.690
257.13,0.01690,1.690
257.14,0.01690,1.690
257.15,0.01690,1.690
257.16,0.01690,1.690
257.17,0.01690,1.690
257.18,0.01690,1.690
257.19,0.01690,1.690
257.19,0.01690,1.690
257.20,0.01690,1.690
257.21,0.01690,1.690
257.22,0.01690,1.690
257.23,0.01690,1.690
257.24,0.01690,1.690
257.25,0.01690,1.690
257.26,0.01690,1.690
257.27,0.01690,1.690
257.27,0.01690,1.690
257.28,0.01690,1.690
257.29,0.01690,1.690
257.30,0.01690,1.690
257.31,0.01690,1.690
257.32,0.01691,1.691
257.33,0.01691,1.691
257.34,0.01691,1.691
257.35,0.01691,1.691
257.35,0.01691,1.691
257.36,0.01691,1.691
257.37,0.01691,1.691
257.38,0.01691,1.691
257.39,0.01691,1.691
257.40,0.01691,1.691
257.41,0.01691,1.691
257.42,0.01691,1.691
257.43,0.01691,1.691
257.43,0.01691,1.691
257.44,0.01691,1.691
257.45,0.01691,1.691
257.46,0.01691,1.691
257.47,0.01691,1.691
257.48,0.01691,1.691
257.49,0.01691,1.691
257.50,0.01691,1.691
257.51,0.01691,1.691
257.51,0.01691,1.691
257.52,0.01691,1.691
257.53,0.01691,1.691
257.54,0.01691,1.691
257.55,0.01691,1.691
257.56,0.01691,1.691
257.57,0.01691,1.691
257.58,0.01691,1.691
257.59,0.01691,1.691
257.59,0.01691,1.691
257.60,0.01691,1.691
257.61,0.01691,1.691
257.62,0.01691,1.691
257.63,0.01691,1.691
257.64,0.01691,1.691
257.65,0.01691,1.691
257.66,0.01691,1.691
257.67,0.01691,1.691
257.67,0.01691,1.691
257.68,0.01691,1.691
257.69,0.01691,1.691
257.70,0.01691,1.691
257.71,0.01691,1.691
257.72,0.01691,1.691
257.73,0.01691,1.691
257.74,0.01692,1.692
257.75,0.01692,1.692
257.75,0.01692,1.692
257.76,0.01692,1.692
257.77,0.01692,1.692
257.78,0.01692,1.692
257.79,0.01692,1.692
257.80,0.01692,1.692
257.81,0.01692,1.692
257.82,0.01692,1.692
257.83,0.01692,1.692
257.83,0.01692,1.692
257.84,0.01692,1.692
257.85,0.01692,1.692
257.86,0.01692,1.692
257.87,0.01692,1.692
257.88,0.01692,1.692
257.89,0.01692,1.692
257.90,0.01692,1.692
257.91,0.01692,1.692
257.92,0.01692,1.692
257.92,0.01692,1.692
257.93,0.01692,1.692
257.94,0.01692,1.692
257.95,0.01692,1.692
257.96,0.01692,1.692
257.97,0.01692,1.692
257.98,0.01692,1.692
257.99,0.01692,1.692
258.00,0.01692,1.692
258.00,0.01692,1.692
258.01,0.01692,1.692
258.02,0.01692,1.692
258.03,0.01692,1.692
258.04,0.01692,1.692
258.05,0.01692,1.692
258.06,0.01692,1.692
258.07,0.01692,1.692
258.08,0.01692,1.692
258.08,0.01692,1.692
258.09,0.01692,1.692
258.10,0.01692,1.692
258.11,0.01692,1.692
258.12,0.01692,1.692
258.13,0.01692,1.692
258.14,0.01692,1.692
258.15,0.01692,1.692
258.16,0.01693,1.693
258.16,0.01693,1.693
258.17,0.01693,1.693
258.18,0.01693,1.693
258.19,0.01693,1.693
258.20,0.01693,1.693
258.21,0.01693,1.693
258.22,0.01693,1.693
258.23,0.01693,1.693
258.24,0.01693,1.693
258.24,0.01693,1.693
258.25,0.01693,1.693
258.26,0.01693,1.693
258.27,0.01693,1.693
258.28,0.01693,1.693
258.29,0.01693,1.693
258.30,0.01693,1.693
258.31,0.01693,1.693
258.32,0.01693,1.693
258.32,0.01693,1.693
258.33,0.01693,1.693
258.34,0.01693,1.693
258.35,0.01693,1.693
258.36,0.01693,1.693
258.37,0.01693,1.693
258.38,0.01693,1.693
258.39,0.01693,1.693
258.40,0.01693,1.693
258.40,0.01693,1.693
258.41,0.01693,1.693
258.42,0.01693,1.693
258.43,0.01693,1.693
258.44,0.01693,1.693
258.45,0.01693,1.693
258.46,0.01693,1.693
258.47,0.01693,1.693
258.48,0.01693,1.693
258.48,0.01693,1.693
258.49,0.01693,1.693
258.50,0.01693,1.693
258.51,0.01693,1.693
258.52,0.01693,1.693
258.53,0.01693,1.693
258.54,0.01693,1.693
258.55,0.01693,1.693
258.56,0.01693,1.693
258.57,0.01693,1.693
258.57,0.01693,1.693
258.58,0.01694,1.694
258.59,0.01694,1.694
258.60,0.01694,1.694
258.61,0.01694,1.694
258.62,0.01694,1.694
258.63,0.01694,1.694
258.64,0.01694,1.694
258.65,0.01694,1.694
258.65,0.01694,1.694
258.66,0.01694,1.694
258.67,0.01694,1.694
258.68,0.01694,1.694
258.69,0.01694,1.694
258.70,0.01694,1.694
258.71,0.01694,1.694
258.72,0.01694,1.694
258.73,0.01694,1.694
258.73,0.01694,1.694
258.74,0.01694,1.694
258.75,0.01694,1.694
258.76,0.01694,1.694
258.77,0.01694,1.694
258.78,0.01694,1.694
258.79,0.01694,1.694
258.80,0.01694,1.694
258.81,0.01694,1.694
258.81,0.01694,1.694
258.82,0.01694,1.694
258.83,0.01694,1.694
258.84,0.01694,1.694
258.85,0.01694,1.694
258.86,0.01694,1.694
258.87,0.01694,1.694
258.88,0.01694,1.694
258.89,0.01694,1.694
258.89,0.01694,1.694
258.90,0.01694,1.694
258.91,0.01694,1.694
258.92,0.01694,1.694
258.93,0.01694,1.694
258.94,0.01694,1.694
258.95,0.01694,1.694
258.96,0.01694,1.694
258.97,0.01694,1.694
258.97,0.01694,1.694
258.98,0.01694,1.694
258.99,0.01694,1.694
259.00,0.01694,1.694
259.01,0.01695,1.695
259.02,0.01695,1.695
259.03,0.01695,1.695
259.04,0.01695,1.695
259.05,0.01695,1.695
259.05,0.01695,1.695
259.06,0.01695,1.695
259.07,0.01695,1.695
259.08,0.01695,1.695
259.09,0.01695,1.695
259.10,0.01695,1.695
259.11,0.01695,1.695
259.12,0.01695,1.695
259.13,0.01695,1.695
259.14,0.01695,1.695
259.14,0.01695,1.695
259.15,0.01695,1.695
259.16,0.01695,1.695
259.17,0.01695,1.695
259.18,0.01695,1.695
259.19,0.01695,1.695
259.20,0.01695,1.695
259.21,0.01695,1.695
259.22,0.01695,1.695
259.22,0.01695,1.695
259.23,0.01695,1.695
259.24,0.01695,1.695
259.25,0.01695,1.695
259.26,0.01695,1.695
259.27,0.01695,1.695
259.28,0.01695,1.695
259.29,0.01695,1.695
259.30,0.01695,1.695
259.30,0.01695,1.695
259.31,0.01695,1.695
259.32,0.01695,1.695
259.33,0.01695,1.695
259.34,0.01695,1.695
259.35,0.01695,1.695
259.36,0.01695,1.695
259.37,0.01695,1.695
259.38,0.01695,1.695
259.38,0.01695,1.695
259.39,0.01695,1.695
259.40,0.01695,1.695
259.41,0.01695,1.695
259.42,0.01695,1.695
259.43,0.01695,1.695
259.44,0.01695,1.695
259.45,0.01696,1.696
259.46,0.01696,1.696
259.46,0.01696,1.696
259.47,0.01696,1.696
259.48,0.01696,1.696
259.49,0.01696,1.696
259.50,0.01696,1.696
259.51,0.01696,1.696
259.52,0.01696,1.696
259.53,0.01696,1.696
259.54,0.01696,1.696
259.54,0.01696,1.696
259.55,0.01696,1.696
259.56,0.01696,1.696
259.57,0.01696,1.696
259.58,0.01696,1.696
259.59,0.01696,1.696
259.60,0.01696,1.696
259.61,0.01696,1.696
259.62,0.01696,1.696
259.63,0.01696,1.696
259.63,0.01696,1.696
259.64,0.01696,1.696
259.65,0.01696,1.696
259.66,0.01696,1.696
259.67,0.01696,1.696
259.68,0.01696,1.696
259.69,0.01696,1.696
259.70,0.01696,1.696
259.71,0.01696,1.696
259.71,0.01696,1.696
259.72,0.01696,1.696
259.73,0.01696,1.696
259.74,0.01696,1.696
259.75,0.01696,1.696
259.76,0.01696,1.696
259.77,0.01696,1.696
259.78,0.01696,1.696
259.79,0.01696,1.696
259.79,0.01696,1.696
259.80,0.01696,1.696
259.81,0.01696,1.696
259.82,0.01696,1.696
259.83,0.01696,1.696
259.84,0.01696,1.696
259.85,0.01696,1.696
259.86,0.01696,1.696
259.87,0.01696,1.696
259.87,0.01696,1.696
259.88,0.01697,1.697
259.89,0.01697,1.697
259.90,0.01697,1.697
259.91,0.01697,1.697
259.92,0.01697,1.697
259.93,0.01697,1.697
259.94,0.01697,1.697
259.95,0.01697,1.697
259.95,0.01697,1.697
259.96,0.01697,1.697
259.97,0.01697,1.697
259.98,0.01697,1.697
259.99,0.01697,1.697
260.00,0.01697,1.697
260.01,0.01697,1.697
260.02,0.01697,1.697
260.03,0.01697,1.697
260.03,0.01697,1.697
260.04,0.01697,1.697
260.05,0.01697,1.697
260.06,0.01697,1.697
260.07,0.01697,1.697
260.08,0.01697,1.697
260.09,0.01697,1.697
260.10,0.01697,1.697
260.11,0.01697,1.697
260.11,0.01697,1.697
260.12,0.01697,1.697
260.13,0.01697,1.697
260.14,0.01697,1.697
260.15,0.01697,1.697
260.16,0.01697,1.697
260.17,0.01697,1.697
260.18,0.01697,1.697
260.19,0.01697,1.697
260.19,0.01697,1.697
260.20,0.01697,1.697
260.21,0.01697,1.697
260.22,0.01697,1.697
260.23,0.01697,1.697
260.24,0.01697,1.697
260.25,0.01697,1.697
260.26,0.01697,1.697
260.27,0.01697,1.697
260.27,0.01697,1.697
260.28,0.01697,1.697
260.29,0.01697,1.697
260.30,0.01697,1.697
260.31,0.01697,1.697
260.32,0.01698,1.698
260.33,0.01698,1.698
260.34,0.01698,1.698
260.35,0.01698,1.698
260.35,0.01698,1.698
260.36,0.01698,1.698
260.37,0.01698,1.698
260.38,0.01698,1.698
260.39,0.01698,1.698
260.40,0.01698,1.698
260.41,0.01698,1.698
260.42,0.01698,1.698
260.43,0.01698,1.698
260.44,0.01698,1.698
260.44,0.01698,1.698
260.45,0.01698,1.698
260.46,0.01698,1.698
260.47,0.01698,1.698
260.48,0.01698,1.698
260.49,0.01698,1.698
260.50,0.01698,1.698
260.51,0.01698,1.698
260.52,0.01698,1.698
260.52,0.01698,1.698
260.53,0.01698,1.698
260.54,0.01698,1.698
260.55,0.01698,1.698
260.56,0.01698,1.698
260.57,0.01698,1.698
260.58,0.01698,1.698
260.59,0.01698,1.698
260.60,0.01698,1.698
260.60,0.01698,1.698
260.61,0.01698,1.698
260.62,0.01698,1.698
260.63,0.01698,1.698
260.64,0.01698,1.698
260.65,0.01698,1.698
260.66,0.01698,1.698
260.67,0.01698,1.698
260.68,0.01698,1.698
260.68,0.01698,1.698
260.69,0.01698,1.698
260.70,0.01698,1.698
260.71,0.01698,1.698
260.72,0.01698,1.698
260.73,0.01698,1.698
260.74,0.01698,1.698
260.75,0.01698,1.698
260.76,0.01698,1.698
260.76,0.01699,1.699
260.77,0.01699,1.699
260.78,0.01699,1.699
260.79,0.01699,1.699
260.80,0.01699,1.699
260.81,0.01699,1.699
260.82,0.01699,1.699
260.83,0.01699,1.699
260.84,0.01699,1.699
260.84,0.01699,1.699
260.85,0.01699,1.699
260.86,0.01699,1.699
260.87,0.01699,1.699
260.88,0.01699,1.699
260.89,0.01699,1.699
260.90,0.01699,1.699
260.91,0.01699,1.699
260.92,0.01699,1.699
260.93,0.01699,1.699
260.93,0.01699,1.699
260.94,0.01699,1.699
260.95,0.01699,1.699
260.96,0.01699,1.699
260.97,0.01699,1.699
260.98,0.01699,1.699
260.99,0.01699,1.699
261.00,0.01699,1.699
261.01,0.01699,1.699
261.01,0.01699,1.699
261.02,0.01699,1.699
261.03,0.01699,1.699
261.04,0.01699,1.699
261.05,0.01699,1.699
261.06,0.01699,1.699
261.07,0.01699,1.699
261.08,0.01699,1.699
261.09,0.01699,1.699
261.09,0.01699,1.699
261.10,0.01699,1.699
261.11,0.01699,1.699
261.12,0.01699,1.699
261.13,0.01699,1.699
261.14,0.01699,1.699
261.15,0.01699,1.699
261.16,0.01699,1.699
261.17,0.01699,1.699
261.17,0.01699,1.699
261.18,0.01699,1.699
261.19,0.01699,1.699
261.20,0.01700,1.700
261.21,0.01700,1.700
261.22,0.01700,1.700
261.23,0.01700,1.700
261.24,0.01700,1.700
261.25,0.01700,1.700
261.26,0.01700,1.700
261.26,0.01700,1.700
261.27,0.01700,1.700
261.28,0.01700,1.700
261.29,0.01700,1.700
261.30,0.01700,1.700
261.31,0.01700,1.700
261.32,0.01700,1.700
261.33,0.01700,1.700
261.34,0.01700,1.700
261.34,0.01700,1.700
261.35,0.01700,1.700
261.36,0.01700,1.700
261.37,0.01700,1.700
261.38,0.01700,1.700
261.39,0.01700,1.700
261.40,0.01700,1.700
261.41,0.01700,1.700
261.42,0.01700,1.700
261.42,0.01700,1.700
261.43,0.01700,1.700
261.44,0.01700,1.700
261.45,0.01700,1.700
261.46,0.01700,1.700
261.47,0.01700,1.700
261.48,0.01700,1.700
261.49,0.01700,1.700
261.50,0.01700,1.700
261.50,0.01700,1.700
261.51,0.01700,1.700
261.52,0.01700,1.700
261.53,0.01700,1.700
261.54,0.01700,1.700
261.55,0.01700,1.700
261.56,0.01700,1.700
261.57,0.01700,1.700
261.58,0.01700,1.700
261.59,0.01700,1.700
261.59,0.01700,1.700
261.60,0.01700,1.700
261.61,0.01700,1.700
261.62,0.01700,1.700
261.63,0.01700,1.700
261.64,0.01701,1.701
261.65,0.01701,1.701
261.66,0.01701,1.701
261.67,0.01701,1.701
261.67,0.01701,1.701
261.68,0.01701,1.701
261.69,0.01701,1.701
261.70,0.01701,1.701
261.71,0.01701,1.701
261.72,0.01701,1.701
261.73,0.01701,1.701
261.74,0.01701,1.701
261.75,0.01701,1.701
261.75,0.01701,1.701
261.76,0.01701,1.701
261.77,0.01701,1.701
261.78,0.01701,1.701
261.79,0.01701,1.701
261.80,0.01701,1.701
261.81,0.01701,1.701
261.82,0.01701,1.701
261.83,0.01701,1.701
261.83,0.01701,1.701
261.84,0.01701,1.701
261.85,0.01701,1.701
261.86,0.01701,1.701
261.87,0.01701,1.701
261.88,0.01701,1.701
261.89,0.01701,1.701
261.90,0.01701,1.701
261.91,0.01701,1.701
261.91,0.01701,1.701
261.92,0.01701,1.701
261.93,0.01701,1.701
261.94,0.01701,1.701
261.95,0.01701,1.701
261.96,0.01701,1.701
261.97,0.01701,1.701
261.98,0.01701,1.701
261.99,0.01701,1.701
261.99,0.01701,1.701
262.00,0.01701,1.701
262.01,0.01701,1.701
262.02,0.01701,1.701
262.03,0.01701,1.701
262.04,0.01701,1.701
262.05,0.01701,1.701
262.06,0.01701,1.701
262.07,0.01701,1.701
262.07,0.01701,1.701
262.08,0.01702,1.702
262.09,0.01702,1.702
262.10,0.01702,1.702
262.11,0.01702,1.702
262.12,0.01702,1.702
262.13,0.01702,1.702
262.14,0.01702,1.702
262.15,0.01702,1.702
262.15,0.01702,1.702
262.16,0.01702,1.702
262.17,0.01702,1.702
262.18,0.01702,1.702
262.19,0.01702,1.702
262.20,0.01702,1.702
262.21,0.01702,1.702
262.22,0.01702,1.702
262.23,0.01702,1.702
262.23,0.01702,1.702
262.24,0.01702,1.702
262.25,0.01702,1.702
262.26,0.01702,1.702
262.27,0.01702,1.702
262.28,0.01702,1.702
262.29,0.01702,1.702
262.30,0.01702,1.702
262.31,0.01702,1.702
262.31,0.01702,1.702
262.32,0.01702,1.702
262.33,0.01702,1.702
262.34,0.01702,1.702
262.35,0.01702,1.702
262.36,0.01702,1.702
262.37,0.01702,1.702
262.38,0.01702,1.702
262.39,0.01702,1.702
262.39,0.01702,1.702
262.40,0.01702,1.702
262.41,0.01702,1.702
262.42,0.01702,1.702
262.43,0.01702,1.702
262.44,0.01702,1.702
262.45,0.01702,1.702
262.46,0.01702,1.702
262.47,0.01702,1.702
262.48,0.01702,1.702
262.48,0.01702,1.702
262.49,0.01702,1.702
262.50,0.01702,1.702
262.51,0.01702,1.702
262.52,0.01702,1.702
262.53,0.01702,1.702
262.54,0.01703,1.703
262.55,0.01703,1.703
262.56,0.01703,1.703
262.56,0.01703,1.703
262.57,0.01703,1.703
262.58,0.01703,1.703
262.59,0.01703,1.703
262.60,0.01703,1.703
262.61,0.01703,1.703
262.62,0.01703,1.703
262.63,0.01703,1.703
262.64,0.01703,1.703
262.64,0.01703,1.703
262.65,0.01703,1.703
262.66,0.01703,1.703
262.67,0.01703,1.703
262.68,0.01703,1.703
262.69,0.01703,1.703
262.70,0.01703,1.703
262.71,0.01703,1.703
262.72,0.01703,1.703
262.72,0.01703,1.703
262.73,0.01703,1.703
262.74,0.01703,1.703
262.75,0.01703,1.703
262.76,0.01703,1.703
262.77,0.01703,1.703
262.78,0.01703,1.703
262.79,0.01703,1.703
262.80,0.01703,1.703
262.81,0.01703,1.703
262.81,0.01703,1.703
262.82,0.01703,1.703
262.83,0.01703,1.703
262.84,0.01703,1.703
262.85,0.01703,1.703
262.86,0.01703,1.703
262.87,0.01703,1.703
262.88,0.01703,1.703
262.89,0.01703,1.703
262.89,0.01703,1.703
262.90,0.01703,1.703
262.91,0.01703,1.703
262.92,0.01703,1.703
262.93,0.01703,1.703
262.94,0.01703,1.703
262.95,0.01703,1.703
262.96,0.01703,1.703
262.97,0.01703,1.703
262.97,0.01703,1.703
262.98,0.01703,1.703
262.99,0.01704,1.704
263.00,0.01704,1.704
263.01,0.01704,1.704
263.02,0.01704,1.704
263.03,0.01704,1.704
263.04,0.01704,1.704
263.05,0.01704,1.704
263.06,0.01704,1.704
263.06,0.01704,1.704
263.07,0.01704,1.704
263.08,0.01704,1.704
263.09,0.01704,1.704
263.10,0.01704,1.704
263.11,0.01704,1.704
263.12,0.01704,1.704
263.13,0.01704,1.704
263.14,0.01704,1.704
263.14,0.01704,1.704
263.15,0.01704,1.704
263.16,0.01704,1.704
263.17,0.01704,1.704
263.18,0.01704,1.704
263.19,0.01704,1.704
263.20,0.01704,1.704
263.21,0.01704,1.704
263.22,0.01704,1.704
263.22,0.01704,1.704
263.23,0.01704,1.704
263.24,0.01704,1.704
263.25,0.01704,1.704
263.26,0.01704,1.704
263.27,0.01704,1.704
263.28,0.01704,1.704
263.29,0.01704,1.704
263.30,0.01704,1.704
263.30,0.01704,1.704
263.31,0.01704,1.704
263.32,0.01704,1.704
263.33,0.01704,1.704
263.34,0.01704,1.704
263.35,0.01704,1.704
263.36,0.01704,1.704
263.37,0.01704,1.704
263.38,0.01704,1.704
263.39,0.01704,1.704
263.39,0.01704,1.704
263.40,0.01704,1.704
263.41,0.01704,1.704
263.42,0.01704,1.704
263.43,0.01704,1.704
263.44,0.01704,1.704
263.45,0.01704,1.704
263.46,0.01705,1.705
263.47,0.01705,1.705
263.47,0.01705,1.705
263.48,0.01705,1.705
263.49,0.01705,1.705
263.50,0.01705,1.705
263.51,0.01705,1.705
263.52,0.01705,1.705
263.53,0.01705,1.705
263.54,0.01705,1.705
263.55,0.01705,1.705
263.55,0.01705,1.705
263.56,0.01705,1.705
263.57,0.01705,1.705
263.58,0.01705,1.705
263.59,0.01705,1.705
263.60,0.01705,1.705
263.61,0.01705,1.705
263.62,0.01705,1.705
263.63,0.01705,1.705
263.63,0.01705,1.705
263.64,0.01705,1.705
263.65,0.01705,1.705
263.66,0.01705,1.705
263.67,0.01705,1.705
263.68,0.01705,1.705
263.69,0.01705,1.705
263.70,0.01705,1.705
263.71,0.01705,1.705
263.71,0.01705,1.705
263.72,0.01705,1.705
263.73,0.01705,1.705
263.74,0.01705,1.705
263.75,0.01705,1.705
263.76,0.01705,1.705
263.77,0.01705,1.705
263.78,0.01705,1.705
263.79,0.01705,1.705
263.79,0.01705,1.705
263.80,0.01705,1.705
263.81,0.01705,1.705
263.82,0.01705,1.705
263.83,0.01705,1.705
263.84,0.01705,1.705
263.85,0.01705,1.705
263.86,0.01705,1.705
263.87,0.01705,1.705
263.87,0.01705,1.705
263.88,0.01705,1.705
263.89,0.01705,1.705
263.90,0.01705,1.705
263.91,0.01705,1.705
263.92,0.01706,1.706
263.93,0.01706,1.706
263.94,0.01706,1.706
263.95,0.01706,1.706
263.95,0.01706,1.706
263.96,0.01706,1.706
263.97,0.01706,1.706
263.98,0.01706,1.706
263.99,0.01706,1.706
264.00,0.01706,1.706
264.01,0.01706,1.706
264.02,0.01706,1.706
264.03,0.01706,1.706
264.03,0.01706,1.706
264.04,0.01706,1.706
264.05,0.01706,1.706
264.06,0.01706,1.706
264.07,0.01706,1.706
264.08,0.01706,1.706
264.09,0.01706,1.706
264.10,0.01706,1.706
264.11,0.01706,1.706
264.11,0.01706,1.706
264.12,0.01706,1.706
264.13,0.01706,1.706
264.14,0.01706,1.706
264.15,0.01706,1.706
264.16,0.01706,1.706
264.17,0.01706,1.706
264.18,0.01706,1.706
264.19,0.01706,1.706
264.20,0.01706,1.706
264.20,0.01706,1.706
264.21,0.01706,1.706
264.22,0.01706,1.706
264.23,0.01706,1.706
264.24,0.01706,1.706
264.25,0.01706,1.706
264.26,0.01706,1.706
264.27,0.01706,1.706
264.28,0.01706,1.706
264.28,0.01706,1.706
264.29,0.01706,1.706
264.30,0.01706,1.706
264.31,0.01706,1.706
264.32,0.01706,1.706
264.33,0.01706,1.706
264.34,0.01706,1.706
264.35,0.01706,1.706
264.36,0.01706,1.706
264.36,0.01706,1.706
264.37,0.01706,1.706
264.38,0.01707,1.707
264.39,0.01707,1.707
264.40,0.01707,1.707
264.41,0.01707,1.707
264.42,0.01707,1.707
264.43,0.01707,1.707
264.44,0.01707,1.707
264.44,0.01707,1.707
264.45,0.01707,1.707
264.46,0.01707,1.707
264.47,0.01707,1.707
264.48,0.01707,1.707
264.49,0.01707,1.707
264.50,0.01707,1.707
264.51,0.01707,1.707
264.52,0.01707,1.707
264.52,0.01707,1.707
264.53,0.01707,1.707
264.54,0.01707,1.707
264.55,0.01707,1.707
264.56,0.01707,1.707
264.57,0.01707,1.707
264.58,0.01707,1.707
264.59,0.01707,1.707
264.60,0.01707,1.707
264.61,0.01707,1.707
264.61,0.01707,1.707
264.62,0.01707,1.707
264.63,0.01707,1.707
264.64,0.01707,1.707
264.65,0.01707,1.707
264.66,0.01707,1.707
264.67,0.01707,1.707
264.68,0.01707,1.707
264.69,0.01707,1.707
264.69,0.01707,1.707
264.70,0.01707,1.707
264.71,0.01707,1.707
264.72,0.01707,1.707
264.73,0.01707,1.707
264.74,0.01707,1.707
264.75,0.01707,1.707
264.76,0.01707,1.707
264.77,0.01707,1.707
264.77,0.01707,1.707
264.78,0.01707,1.707
264.79,0.01707,1.707
264.80,0.01707,1.707
264.81,0.01707,1.707
264.82,0.01707,1.707
264.83,0.01707,1.707
264.84,0.01707,1.707
264.85,0.01707,1.707
264.86,0.01708,1.708
264.86,0.01708,1.708
264.87,0.01708,1.708
264.88,0.01708,1.708
264.89,0.01708,1.708
264.90,0.01708,1.708
264.91,0.01708,1.708
264.92,0.01708,1.708
264.93,0.01708,1.708
264.94,0.01708,1.708
264.94,0.01708,1.708
264.95,0.01708,1.708
264.96,0.01708,1.708
264.97,0.01708,1.708
264.98,0.01708,1.708
264.99,0.01708,1.708
265.00,0.01708,1.708
265.01,0.01708,1.708
265.02,0.01708,1.708
265.02,0.01708,1.708
265.03,0.01708,1.708
265.04,0.01708,1.708
265.05,0.01708,1.708
265.06,0.01708,1.708
265.07,0.01708,1.708
265.08,0.01708,1.708
265.09,0.01708,1.708
265.10,0.01708,1.708
265.10,0.01708,1.708
265.11,0.01708,1.708
265.12,0.01708,1.708
265.13,0.01708,1.708
265.14,0.01708,1.708
265.15,0.01708,1.708
265.16,0.01708,1.708
265.17,0.01708,1.708
265.18,0.01708,1.708
265.19,0.01708,1.708
265.19,0.01708,1.708
265.20,0.01708,1.708
265.21,0.01708,1.708
265.22,0.01708,1.708
265.23,0.01708,1.708
265.24,0.01708,1.708
265.25,0.01708,1.708
265.26,0.01708,1.708
265.27,0.01708,1.708
265.27,0.01708,1.708
265.28,0.01708,1.708
265.29,0.01708,1.708
265.30,0.01708,1.708
265.31,0.01708,1.708
265.32,0.01708,1.708
265.33,0.01709,1.709
265.34,0.01709,1.709
265.35,0.01709,1.709
265.35,0.01709,1.709
265.36,0.01709,1.709
265.37,0.01709,1.709
265.38,0.01709,1.709
265.39,0.01709,1.709
265.40,0.01709,1.709
265.41,0.01709,1.709
265.42,0.01709,1.709
265.43,0.01709,1.709
265.43,0.01709,1.709
265.44,0.01709,1.709
265.45,0.01709,1.709
265.46,0.01709,1.709
265.47,0.01709,1.709
265.48,0.01709,1.709
265.49,0.01709,1.709
265.50,0.01709,1.709
265.51,0.01709,1.709
265.51,0.01709,1.709
265.52,0.01709,1.709
265.53,0.01709,1.709
265.54,0.01709,1.709
265.55,0.01709,1.709
265.56,0.01709,1.709
265.57,0.01709,1.709
265.58,0.01709,1.709
265.59,0.01709,1.709
265.60,0.01709,1.709
265.60,0.01709,1.709
265.61,0.01709,1.709
265.62,0.01709,1.709
265.63,0.01709,1.709
265.64,0.01709,1.709
265.65,0.01709,1.709
265.66,0.01709,1.709
265.67,0.01709,1.709
265.68,0.01709,1.709
265.68,0.01709,1.709
265.69,0.01709,1.709
265.70,0.01709,1.709
265.71,0.01709,1.709
265.72,0.01709,1.709
265.73,0.01709,1.709
265.74,0.01709,1.709
265.75,0.01709,1.709
265.76,0.01709,1.709
265.76,0.01709,1.709
265.77,0.01709,1.709
265.78,0.01709,1.709
265.79,0.01709,1.709
265.80,0.01709,1.709
265.81,0.01710,1.710
265.82,0.01710,1.710
265.83,0.01710,1.710
265.84,0.01710,1.710
265.84,0.01710,1.710
265.85,0.01710,1.710
265.86,0.01710,1.710
265.87,0.01710,1.710
265.88,0.01710,1.710
265.89,0.01710,1.710
265.90,0.01710,1.710
265.91,0.01710,1.710
265.92,0.01710,1.710
265.92,0.01710,1.710
265.93,0.01710,1.710
265.94,0.01710,1.710
265.95,0.01710,1.710
265.96,0.01710,1.710
265.97,0.01710,1.710
265.98,0.01710,1.710
265.99,0.01710,1.710
266.00,0.01710,1.710
266.00,0.01710,1.710
266.01,0.01710,1.710
266.02,0.01710,1.710
266.03,0.01710,1.710
266.04,0.01710,1.710
266.05,0.01710,1.710
266.06,0.01710,1.710
266.07,0.01710,1.710
266.08,0.01710,1.710
266.09,0.01710,1.710
266.09,0.01710,1.710
266.10,0.01710,1.710
266.11,0.01710,1.710
266.12,0.01710,1.710
266.13,0.01710,1.710
266.14,0.01710,1.710
266.15,0.01710,1.710
266.16,0.01710,1.710
266.17,0.01710,1.710
266.17,0.01710,1.710
266.18,0.01710,1.710
266.19,0.01710,1.710
266.20,0.01710,1.710
266.21,0.01710,1.710
266.22,0.01710,1.710
266.23,0.01710,1.710
266.24,0.01710,1.710
266.25,0.01710,1.710
266.25,0.01710,1.710
266.26,0.01710,1.710
266.27,0.01710,1.710
266.28,0.01710,1.710
266.29,0.01711,1.711
266.30,0.01711,1.711
266.31,0.01711,1.711
266.32,0.01711,1.711
266.33,0.01711,1.711
266.33,0.01711,1.711
266.34,0.01711,1.711
266.35,0.01711,1.711
266.36,0.01711,1.711
266.37,0.01711,1.711
266.38,0.01711,1.711
266.39,0.01711,1.711
266.40,0.01711,1.711
266.41,0.01711,1.711
266.42,0.01711,1.711
266.42,0.01711,1.711
266.43,0.01711,1.711
266.44,0.01711,1.711
266.45,0.01711,1.711
266.46,0.01711,1.711
266.47,0.01711,1.711
266.48,0.01711,1.711
266.49,0.01711,1.711
266.50,0.01711,1.711
266.50,0.01711,1.711
266.51,0.01711,1.711
266.52,0.01711,1.711
266.53,0.01711,1.711
266.54,0.01711,1.711
266.55,0.01711,1.711
266.56,0.01711,1.711
266.57,0.01711,1.711
266.58,0.01711,1.711
266.58,0.01711,1.711
266.59,0.01711,1.711
266.60,0.01711,1.711
266.61,0.01711,1.711
266.62,0.01711,1.711
266.63,0.01711,1.711
266.64,0.01711,1.711
266.65,0.01711,1.711
266.66,0.01711,1.711
266.66,0.01711,1.711
266.67,0.01711,1.711
266.68,0.01711,1.711
266.69,0.01711,1.711
266.70,0.01711,1.711
266.71,0.01711,1.711
266.72,0.01711,1.711
266.73,0.01711,1.711
266.74,0.01711,1.711
266.75,0.01711,1.711
266.75,0.01711,1.711
266.76,0.01711,1.711
266.77,0.01711,1.711
266.78,0.01711,1.711
266.79,0.01712,1.712
266.80,0.01712,1.712
266.81,0.01712,1.712
266.82,0.01712,1.712
266.83,0.01712,1.712
266.83,0.01712,1.712
266.84,0.01712,1.712
266.85,0.01712,1.712
266.86,0.01712,1.712
266.87,0.01712,1.712
266.88,0.01712,1.712
266.89,0.01712,1.712
266.90,0.01712,1.712
266.91,0.01712,1.712
266.91,0.01712,1.712
266.92,0.01712,1.712
266.93,0.01712,1.712
266.94,0.01712,1.712
266.95,0.01712,1.712
266.96,0.01712,1.712
266.97,0.01712,1.712
266.98,0.01712,1.712
266.99,0.01712,1.712
266.99,0.01712,1.712
267.00,0.01712,1.712
267.01,0.01712,1.712
267.02,0.01712,1.712
267.03,0.01712,1.712
267.04,0.01712,1.712
267.05,0.01712,1.712
267.06,0.01712,1.712
267.07,0.01712,1.712
267.08,0.01712,1.712
267.08,0.01712,1.712
267.09,0.01712,1.712
267.10,0.01712,1.712
267.11,0.01712,1.712
267.12,0.01712,1.712
267.13,0.01712,1.712
267.14,0.01712,1.712
267.15,0.01712,1.712
267.16,0.01712,1.712
267.16,0.01712,1.712
267.17,0.01712,1.712
267.18,0.01712,1.712
267.19,0.01712,1.712
267.20,0.01712,1.712
267.21,0.01712,1.712
267.22,0.01712,1.712
267.23,0.01712,1.712
267.24,0.01712,1.712
267.24,0.01712,1.712
267.25,0.01712,1.712
267.26,0.01712,1.712
267.27,0.01712,1.712
267.28,0.01712,1.712
267.29,0.01713,1.713
267.30,0.01713,1.713
267.31,0.01713,1.713
267.32,0.01713,1.713
267.32,0.01713,1.713
267.33,0.01713,1.713
267.34,0.01713,1.713
267.35,0.01713,1.713
267.36,0.01713,1.713
267.37,0.01713,1.713
267.38,0.01713,1.713
267.39,0.01713,1.713
267.40,0.01713,1.713
267.40,0.01713,1.713
267.41,0.01713,1.713
267.42,0.01713,1.713
267.43,0.01713,1.713
267.44,0.01713,1.713
267.45,0.01713,1.713
267.46,0.01713,1.713
267.47,0.01713,1.713
267.48,0.01713,1.713
267.48,0.01713,1.713
267.49,0.01713,1.713
267.50,0.01713,1.713
267.51,0.01713,1.713
267.52,0.01713,1.713
267.53,0.01713,1.713
267.54,0.01713,1.713
267.55,0.01713,1.713
267.56,0.01713,1.713
267.57,0.01713,1.713
267.57,0.01713,1.713
267.58,0.01713,1.713
267.59,0.01713,1.713
267.60,0.01713,1.713
267.61,0.01713,1.713
267.62,0.01713,1.713
267.63,0.01713,1.713
267.64,0.01713,1.713
267.65,0.01713,1.713
267.65,0.01713,1.713
267.66,0.01713,1.713
267.67,0.01713,1.713
267.68,0.01713,1.713
267.69,0.01713,1.713
267.70,0.01713,1.713
267.71,0.01713,1.713
267.72,0.01713,1.713
267.73,0.01713,1.713
267.73,0.01713,1.713
267.74,0.01713,1.713
267.75,0.01713,1.713
267.76,0.01713,1.713
267.77,0.01713,1.713
267.78,0.01713,1.713
267.79,0.01714,1.714
267.80,0.01714,1.714
267.81,0.01714,1.714
267.81,0.01714,1.714
267.82,0.01714,1.714
267.83,0.01714,1.714
267.84,0.01714,1.714
267.85,0.01714,1.714
267.86,0.01714,1.714
267.87,0.01714,1.714
267.88,0.01714,1.714
267.89,0.01714,1.714
267.89,0.01714,1.714
267.90,0.01714,1.714
267.91,0.01714,1.714
267.92,0.01714,1.714
267.93,0.01714,1.714
267.94,0.01714,1.714
267.95,0.01714,1.714
267.96,0.01714,1.714
267.97,0.01714,1.714
267.98,0.01714,1.714
267.98,0.01714,1.714
267.99,0.01714,1.714
268.00,0.01714,1.714
268.01,0.01714,1.714
268.02,0.01714,1.714
268.03,0.01714,1.714
268.04,0.01714,1.714
268.05,0.01714,1.714
268.06,0.01714,1.714
268.06,0.01714,1.714
268.07,0.01714,1.714
268.08,0.01714,1.714
268.09,0.01714,1.714
268.10,0.01714,1.714
268.11,0.01714,1.714
268.12,0.01714,1.714
268.13,0.01714,1.714
268.14,0.01714,1.714
268.14,0.01714,1.714
268.15,0.01714,1.714
268.16,0.01714,1.714
268.17,0.01714,1.714
268.18,0.01714,1.714
268.19,0.01714,1.714
268.20,0.01714,1.714
268.21,0.01714,1.714
268.22,0.01714,1.714
268.22,0.01714,1.714
268.23,0.01714,1.714
268.24,0.01714,1.714
268.25,0.01714,1.714
268.26,0.01714,1.714
268.27,0.01714,1.714
268.28,0.01714,1.714
268.29,0.01715,1.715
268.30,0.01715,1.715
268.31,0.01715,1.715
268.31,0.01715,1.715
268.32,0.01715,1.715
268.33,0.01715,1.715
268.34,0.01715,1.715
268.35,0.01715,1.715
268.36,0.01715,1.715
268.37,0.01715,1.715
268.38,0.01715,1.715
268.39,0.01715,1.715
268.39,0.01715,1.715
268.40,0.01715,1.715
268.41,0.01715,1.715
268.42,0.01715,1.715
268.43,0.01715,1.715
268.44,0.01715,1.715
268.45,0.01715,1.715
268.46,0.01715,1.715
268.47,0.01715,1.715
268.47,0.01715,1.715
268.48,0.01715,1.715
268.49,0.01715,1.715
268.50,0.01715,1.715
268.51,0.01715,1.715
268.52,0.01715,1.715
268.53,0.01715,1.715
268.54,0.01715,1.715
268.55,0.01715,1.715
268.55,0.01715,1.715
268.56,0.01715,1.715
268.57,0.01715,1.715
268.58,0.01715,1.715
268.59,0.01715,1.715
268.60,0.01715,1.715
268.61,0.01715,1.715
268.62,0.01715,1.715
268.63,0.01715,1.715
268.64,0.01715,1.715
268.64,0.01715,1.715
268.65,0.01715,1.715
268.66,0.01715,1.715
268.67,0.01715,1.715
268.68,0.01715,1.715
268.69,0.01715,1.715
268.70,0.01715,1.715
268.71,0.01715,1.715
268.72,0.01715,1.715
268.72,0.01715,1.715
268.73,0.01715,1.715
268.74,0.01715,1.715
268.75,0.01715,1.715
268.76,0.01715,1.715
268.77,0.01715,1.715
268.78,0.01715,1.715
268.79,0.01716,1.716
268.80,0.01716,1.716
268.80,0.01716,1.716
268.81,0.01716,1.716
268.82,0.01716,1.716
268.83,0.01716,1.716
268.84,0.01716,1.716
268.85,0.01716,1.716
268.86,0.01716,1.716
268.87,0.01716,1.716
268.88,0.01716,1.716
268.88,0.01716,1.716
268.89,0.01716,1.716
268.90,0.01716,1.716
268.91,0.01716,1.716
268.92,0.01716,1.716
268.93,0.01716,1.716
268.94,0.01716,1.716
268.95,0.01716,1.716
268.96,0.01716,1.716
268.97,0.01716,1.716
268.97,0.01716,1.716
268.98,0.01716,1.716
268.99,0.01716,1.716
269.00,0.01716,1.716
269.01,0.01716,1.716
269.02,0.01716,1.716
269.03,0.01716,1.716
269.04,0.01716,1.716
269.05,0.01716,1.716
269.05,0.01716,1.716
269.06,0.01716,1.716
269.07,0.01716,1.716
269.08,0.01716,1.716
269.09,0.01716,1.716
269.10,0.01716,1.716
269.11,0.01716,1.716
269.12,0.01716,1.716
269.13,0.01716,1.716
269.13,0.01716,1.716
269.14,0.01716,1.716
269.15,0.01716,1.716
269.16,0.01716,1.716
269.17,0.01716,1.716
269.18,0.01716,1.716
269.19,0.01716,1.716
269.20,0.01716,1.716
269.21,0.01716,1.716
269.22,0.01716,1.716
269.22,0.01716,1.716
269.23,0.01716,1.716
269.24,0.01716,1.716
269.25,0.01716,1.716
269.26,0.01716,1.716
269.27,0.01716,1.716
269.28,0.01716,1.716
269.29,0.01716,1.716
269.30,0.01716,1.716
269.30,0.01717,1.717
269.31,0.01717,1.717
269.32,0.01717,1.717
269.33,0.01717,1.717
269.34,0.01717,1.717
269.35,0.01717,1.717
269.36,0.01717,1.717
269.37,0.01717,1.717
269.38,0.01717,1.717
269.38,0.01717,1.717
269.39,0.01717,1.717
269.40,0.01717,1.717
269.41,0.01717,1.717
269.42,0.01717,1.717
269.43,0.01717,1.717
269.44,0.01717,1.717
269.45,0.01717,1.717
269.46,0.01717,1.717
269.47,0.01717,1.717
269.47,0.01717,1.717
269.48,0.01717,1.717
269.49,0.01717,1.717
269.50,0.01717,1.717
269.51,0.01717,1.717
269.52,0.01717,1.717
269.53,0.01717,1.717
269.54,0.01717,1.717
269.55,0.01717,1.717
269.55,0.01717,1.717
269.56,0.01717,1.717
269.57,0.01717,1.717
269.58,0.01717,1.717
269.59,0.01717,1.717
269.60,0.01717,1.717
269.61,0.01717,1.717
269.62,0.01717,1.717
269.63,0.01717,1.717
269.63,0.01717,1.717
269.64,0.01717,1.717
269.65,0.01717,1.717
269.66,0.01717,1.717
269.67,0.01717,1.717
269.68,0.01717,1.717
269.69,0.01717,1.717
269.70,0.01717,1.717
269.71,0.01717,1.717
269.72,0.01717,1.717
269.72,0.01717,1.717
269.73,0.01717,1.717
269.74,0.01717,1.717
269.75,0.01717,1.717
269.76,0.01717,1.717
269.77,0.01717,1.717
269.78,0.01717,1.717
269.79,0.01717,1.717
269.80,0.01717,1.717
269.80,0.01717,1.717
269.81,0.01717,1.717
269.82,0.01718,1.718
269.83,0.01718,1.718
269.84,0.01718,1.718
269.85,0.01718,1.718
269.86,0.01718,1.718
269.87,0.01718,1.718
269.88,0.01718,1.718
269.88,0.01718,1.718
269.89,0.01718,1.718
269.90,0.01718,1.718
269.91,0.01718,1.718
269.92,0.01718,1.718
269.93,0.01718,1.718
269.94,0.01718,1.718
269.95,0.01718,1.718
269.96,0.01718,1.718
269.97,0.01718,1.718
269.97,0.01718,1.718
269.98,0.01718,1.718
269.99,0.01718,1.718
270.00,0.01718,1.718
270.01,0.01718,1.718
270.02,0.01718,1.718
270.03,0.01718,1.718
270.04,0.01718,1.718
270.05,0.01718,1.718
270.05,0.01718,1.718
270.06,0.01718,1.718
270.07,0.01718,1.718
270.08,0.01718,1.718
270.09,0.01718,1.718
270.10,0.01718,1.718
270.11,0.01718,1.718
270.12,0.01718,1.718
270.13,0.01718,1.718
270.13,0.01718,1.718
270.14,0.01718,1.718
270.15,0.01718,1.718
270.16,0.01718,1.718
270.17,0.01718,1.718
270.18,0.01718,1.718
270.19,0.01718,1.718
270.20,0.01718,1.718
270.21,0.01718,1.718
270.21,0.01718,1.718
270.22,0.01718,1.718
270.23,0.01718,1.718
270.24,0.01718,1.718
270.25,0.01718,1.718
270.26,0.01718,1.718
270.27,0.01718,1.718
270.28,0.01718,1.718
270.29,0.01718,1.718
270.29,0.01718,1.718
270.30,0.01718,1.718
270.31,0.01718,1.718
270.32,0.01718,1.718
270.33,0.01718,1.718
270.34,0.01719,1.719
270.35,0.01719,1.719
270.36,0.01719,1.719
270.37,0.01719,1.719
270.38,0.01719,1.719
270.38,0.01719,1.719
270.39,0.01719,1.719
270.40,0.01719,1.719
270.41,0.01719,1.719
270.42,0.01719,1.719
270.43,0.01719,1.719
270.44,0.01719,1.719
270.45,0.01719,1.719
270.46,0.01719,1.719
270.46,0.01719,1.719
270.47,0.01719,1.719
270.48,0.01719,1.719
270.49,0.01719,1.719
270.50,0.01719,1.719
270.51,0.01719,1.719
270.52,0.01719,1.719
270.53,0.01719,1.719
270.54,0.01719,1.719
270.54,0.01719,1.719
270.55,0.01719,1.719
270.56,0.01719,1.719
270.57,0.01719,1.719
270.58,0.01719,1.719
270.59,0.01719,1.719
270.60,0.01719,1.719
270.61,0.01719,1.719
270.62,0.01719,1.719
270.62,0.01719,1.719
270.63,0.01719,1.719
270.64,0.01719,1.719
270.65,0.01719,1.719
270.66,0.01719,1.719
270.67,0.01719,1.719
270.68,0.01719,1.719
270.69,0.01719,1.719
270.70,0.01719,1.719
270.71,0.01719,1.719
270.71,0.01719,1.719
270.72,0.01719,1.719
270.73,0.01719,1.719
270.74,0.01719,1.719
270.75,0.01719,1.719
270.76,0.01719,1.719
270.77,0.01719,1.719
270.78,0.01719,1.719
270.79,0.01719,1.719
270.79,0.01719,1.719
270.80,0.01719,1.719
270.81,0.01719,1.719
270.82,0.01719,1.719
270.83,0.01719,1.719
270.84,0.01719,1.719
270.85,0.01720,1.720
270.86,0.01720,1.720
270.87,0.01720,1.720
270.87,0.01720,1.720
270.88,0.01720,1.720
270.89,0.01720,1.720
270.90,0.01720,1.720
270.91,0.01720,1.720
270.92,0.01720,1.720
270.93,0.01720,1.720
270.94,0.01720,1.720
270.95,0.01720,1.720
270.96,0.01720,1.720
270.96,0.01720,1.720
270.97,0.01720,1.720
270.98,0.01720,1.720
270.99,0.01720,1.720
271.00,0.01720,1.720
271.01,0.01720,1.720
271.02,0.01720,1.720
271.03,0.01720,1.720
271.04,0.01720,1.720
271.04,0.01720,1.720
271.05,0.01720,1.720
271.06,0.01720,1.720
271.07,0.01720,1.720
271.08,0.01720,1.720
271.09,0.01720,1.720
271.10,0.01720,1.720
271.11,0.01720,1.720
271.12,0.01720,1.720
271.12,0.01720,1.720
271.13,0.01720,1.720
271.14,0.01720,1.720
271.15,0.01720,1.720
271.16,0.01720,1.720
271.17,0.01720,1.720
271.18,0.01720,1.720
271.19,0.01720,1.720
271.20,0.01720,1.720
271.21,0.01720,1.720
271.21,0.01720,1.720
271.22,0.01720,1.720
271.23,0.01720,1.720
271.24,0.01720,1.720
271.25,0.01720,1.720
271.26,0.01720,1.720
271.27,0.01720,1.720
271.28,0.01720,1.720
271.29,0.01720,1.720
271.29,0.01720,1.720
271.30,0.01720,1.720
271.31,0.01720,1.720
271.32,0.01720,1.720
271.33,0.01720,1.720
271.34,0.01720,1.720
271.35,0.01720,1.720
271.36,0.01720,1.720
271.37,0.01721,1.721
271.38,0.01721,1.721
271.38,0.01721,1.721
271.39,0.01721,1.721
271.40,0.01721,1.721
271.41,0.01721,1.721
271.42,0.01721,1.721
271.43,0.01721,1.721
271.44,0.01721,1.721
271.45,0.01721,1.721
271.46,0.01721,1.721
271.46,0.01721,1.721
271.47,0.01721,1.721
271.48,0.01721,1.721
271.49,0.01721,1.721
271.50,0.01721,1.721
271.51,0.01721,1.721
271.52,0.01721,1.721
271.53,0.01721,1.721
271.54,0.01721,1.721
271.54,0.01721,1.721
271.55,0.01721,1.721
271.56,0.01721,1.721
271.57,0.01721,1.721
271.58,0.01721,1.721
271.59,0.01721,1.721
271.60,0.01721,1.721
271.61,0.01721,1.721
271.62,0.01721,1.721
271.63,0.01721,1.721
271.63,0.01721,1.721
271.64,0.01721,1.721
271.65,0.01721,1.721
271.66,0.01721,1.721
271.67,0.01721,1.721
271.68,0.01721,1.721
271.69,0.01721,1.721
271.70,0.01721,1.721
271.71,0.01721,1.721
271.71,0.01721,1.721
271.72,0.01721,1.721
271.73,0.01721,1.721
271.74,0.01721,1.721
271.75,0.01721,1.721
271.76,0.01721,1.721
271.77,0.01721,1.721
271.78,0.01721,1.721
271.79,0.01721,1.721
271.79,0.01721,1.721
271.80,0.01721,1.721
271.81,0.01721,1.721
271.82,0.01721,1.721
271.83,0.01721,1.721
271.84,0.01721,1.721
271.85,0.01721,1.721
271.86,0.01721,1.721
271.87,0.01721,1.721
271.88,0.01721,1.721
271.88,0.01721,1.721
271.89,0.01722,1.722
271.90,0.01722,1.722
271.91,0.01722,1.722
271.92,0.01722,1.722
271.93,0.01722,1.722
271.94,0.01722,1.722
271.95,0.01722,1.722
271.96,0.01722,1.722
271.96,0.01722,1.722
271.97,0.01722,1.722
271.98,0.01722,1.722
271.99,0.01722,1.722
272.00,0.01722,1.722
272.01,0.01722,1.722
272.02,0.01722,1.722
272.03,0.01722,1.722
272.04,0.01722,1.722
272.04,0.01722,1.722
272.05,0.01722,1.722
272.06,0.01722,1.722
272.07,0.01722,1.722
272.08,0.01722,1.722
272.09,0.01722,1.722
272.10,0.01722,1.722
272.11,0.01722,1.722
272.12,0.01722,1.722
272.13,0.01722,1.722
272.13,0.01722,1.722
272.14,0.01722,1.722
272.15,0.01722,1.722
272.16,0.01722,1.722
272.17,0.01722,1.722
272.18,0.01722,1.722
272.19,0.01722,1.722
272.20,0.01722,1.722
272.21,0.01722,1.722
272.21,0.01722,1.722
272.22,0.01722,1.722
272.23,0.01722,1.722
272.24,0.01722,1.722
272.25,0.01722,1.722
272.26,0.01722,1.722
272.27,0.01722,1.722
272.28,0.01722,1.722
272.29,0.01722,1.722
272.29,0.01722,1.722
272.30,0.01722,1.722
272.31,0.01722,1.722
272.32,0.01722,1.722
272.33,0.01722,1.722
272.34,0.01722,1.722
272.35,0.01722,1.722
272.36,0.01722,1.722
272.37,0.01722,1.722
272.38,0.01722,1.722
272.38,0.01722,1.722
272.39,0.01722,1.722
272.40,0.01722,1.722
272.41,0.01722,1.722
272.42,0.01723,1.723
272.43,0.01723,1.723
272.44,0.01723,1.723
272.45,0.01723,1.723
272.46,0.01723,1.723
272.46,0.01723,1.723
272.47,0.01723,1.723
272.48,0.01723,1.723
272.49,0.01723,1.723
272.50,0.01723,1.723
272.51,0.01723,1.723
272.52,0.01723,1.723
272.53,0.01723,1.723
272.54,0.01723,1.723
272.54,0.01723,1.723
272.55,0.01723,1.723
272.56,0.01723,1.723
272.57,0.01723,1.723
272.58,0.01723,1.723
272.59,0.01723,1.723
272.60,0.01723,1.723
272.61,0.01723,1.723
272.62,0.01723,1.723
272.63,0.01723,1.723
272.63,0.01723,1.723
272.64,0.01723,1.723
272.65,0.01723,1.723
272.66,0.01723,1.723
272.67,0.01723,1.723
272.68,0.01723,1.723
272.69,0.01723,1.723
272.70,0.01723,1.723
272.71,0.01723,1.723
272.71,0.01723,1.723
272.72,0.01723,1.723
272.73,0.01723,1.723
272.74,0.01723,1.723
272.75,0.01723,1.723
272.76,0.01723,1.723
272.77,0.01723,1.723
272.78,0.01723,1.723
272.79,0.01723,1.723
272.80,0.01723,1.723
272.80,0.01723,1.723
272.81,0.01723,1.723
272.82,0.01723,1.723
272.83,0.01723,1.723
272.84,0.01723,1.723
272.85,0.01723,1.723
272.86,0.01723,1.723
272.87,0.01723,1.723
272.88,0.01723,1.723
272.88,0.01723,1.723
272.89,0.01723,1.723
272.90,0.01723,1.723
272.91,0.01723,1.723
272.92,0.01723,1.723
272.93,0.01723,1.723
272.94,0.01723,1.723
272.95,0.01724,1.724
272.96,0.01724,1.724
272.97,0.01724,1.724
272.97,0.01724,1.724
272.98,0.01724,1.724
272.99,0.01724,1.724
273.00,0.01724,1.724
273.01,0.01724,1.724
273.02,0.01724,1.724
273.03,0.01724,1.724
273.04,0.01724,1.724
273.05,0.01724,1.724
273.05,0.01724,1.724
273.06,0.01724,1.724
273.07,0.01724,1.724
273.08,0.01724,1.724
273.09,0.01724,1.724
273.10,0.01724,1.724
273.11,0.01724,1.724
273.12,0.01724,1.724
273.13,0.01724,1.724
273.14,0.01724,1.724
273.14,0.01724,1.724
273.15,0.01724,1.724
273.16,0.01724,1.724
273.17,0.01724,1.724
273.18,0.01724,1.724
273.19,0.01724,1.724
273.20,0.01724,1.724
273.21,0.01724,1.724
273.22,0.01724,1.724
273.22,0.01724,1.724
273.23,0.01724,1.724
273.24,0.01724,1.724
273.25,0.01724,1.724
273.26,0.01724,1.724
273.27,0.01724,1.724
273.28,0.01724,1.724
273.29,0.01724,1.724
273.30,0.01724,1.724
273.31,0.01724,1.724
273.31,0.01724,1.724
273.32,0.01724,1.724
273.33,0.01724,1.724
273.34,0.01724,1.724
273.35,0.01724,1.724
273.36,0.01724,1.724
273.37,0.01724,1.724
273.38,0.01724,1.724
273.39,0.01724,1.724
273.39,0.01724,1.724
273.40,0.01724,1.724
273.41,0.01724,1.724
273.42,0.01724,1.724
273.43,0.01724,1.724
273.44,0.01724,1.724
273.45,0.01724,1.724
273.46,0.01724,1.724
273.47,0.01724,1.724
273.47,0.01724,1.724
273.48,0.01724,1.724
273.49,0.01725,1.725
273.50,0.01725,1.725
273.51,0.01725,1.725
273.52,0.01725,1.725
273.53,0.01725,1.725
273.54,0.01725,1.725
273.55,0.01725,1.725
273.56,0.01725,1.725
273.56,0.01725,1.725
273.57,0.01725,1.725
273.58,0.01725,1.725
273.59,0.01725,1.725
273.60,0.01725,1.725
273.61,0.01725,1.725
273.62,0.01725,1.725
273.63,0.01725,1.725
273.64,0.01725,1.725
273.64,0.01725,1.725
273.65,0.01725,1.725
273.66,0.01725,1.725
273.67,0.01725,1.725
273.68,0.01725,1.725
273.69,0.01725,1.725
273.70,0.01725,1.725
273.71,0.01725,1.725
273.72,0.01725,1.725
273.72,0.01725,1.725
273.73,0.01725,1.725
273.74,0.01725,1.725
273.75,0.01725,1.725
273.76,0.01725,1.725
273.77,0.01725,1.725
273.78,0.01725,1.725
273.79,0.01725,1.725
273.80,0.01725,1.725
273.80,0.01725,1.725
273.81,0.01725,1.725
273.82,0.01725,1.725
273.83,0.01725,1.725
273.84,0.01725,1.725
273.85,0.01725,1.725
273.86,0.01725,1.725
273.87,0.01725,1.725
273.88,0.01725,1.725
273.89,0.01725,1.725
273.89,0.01725,1.725
273.90,0.01725,1.725
273.91,0.01725,1.725
273.92,0.01725,1.725
273.93,0.01725,1.725
273.94,0.01725,1.725
273.95,0.01725,1.725
273.96,0.01725,1.725
273.97,0.01725,1.725
273.97,0.01725,1.725
273.98,0.01725,1.725
273.99,0.01725,1.725
274.00,0.01725,1.725
274.01,0.01725,1.725
274.02,0.01725,1.725
274.03,0.01725,1.725
274.04,0.01725,1.725
274.05,0.01725,1.725
274.05,0.01726,1.726
274.06,0.01726,1.726
274.07,0.01726,1.726
274.08,0.01726,1.726
274.09,0.01726,1.726
274.10,0.01726,1.726
274.11,0.01726,1.726
274.12,0.01726,1.726
274.13,0.01726,1.726
274.13,0.01726,1.726
274.14,0.01726,1.726
274.15,0.01726,1.726
274.16,0.01726,1.726
274.17,0.01726,1.726
274.18,0.01726,1.726
274.19,0.01726,1.726
274.20,0.01726,1.726
274.21,0.01726,1.726
274.22,0.01726,1.726
274.22,0.01726,1.726
274.23,0.01726,1.726
274.24,0.01726,1.726
274.25,0.01726,1.726
274.26,0.01726,1.726
274.27,0.01726,1.726
274.28,0.01726,1.726
274.29,0.01726,1.726
274.30,0.01726,1.726
274.30,0.01726,1.726
274.31,0.01726,1.726
274.32,0.01726,1.726
274.33,0.01726,1.726
274.34,0.01726,1.726
274.35,0.01726,1.726
274.36,0.01726,1.726
274.37,0.01726,1.726
274.38,0.01726,1.726
274.38,0.01726,1.726
274.39,0.01726,1.726
274.40,0.01726,1.726
274.41,0.01726,1.726
274.42,0.01726,1.726
274.43,0.01726,1.726
274.44,0.01726,1.726
274.45,0.01726,1.726
274.46,0.01726,1.726
274.47,0.01726,1.726
274.47,0.01726,1.726
274.48,0.01726,1.726
274.49,0.01726,1.726
274.50,0.01726,1.726
274.51,0.01726,1.726
274.52,0.01726,1.726
274.53,0.01726,1.726
274.54,0.01726,1.726
274.55,0.01726,1.726
274.55,0.01726,1.726
274.56,0.01726,1.726
274.57,0.01726,1.726
274.58,0.01726,1.726
274.59,0.01726,1.726
274.60,0.01726,1.726
274.61,0.01726,1.726
274.62,0.01727,1.727
274.63,0.01727,1.727
274.64,0.01727,1.727
274.64,0.01727,1.727
274.65,0.01727,1.727
274.66,0.01727,1.727
274.67,0.01727,1.727
274.68,0.01727,1.727
274.69,0.01727,1.727
274.70,0.01727,1.727
274.71,0.01727,1.727
274.72,0.01727,1.727
274.72,0.01727,1.727
274.73,0.01727,1.727
274.74,0.01727,1.727
274.75,0.01727,1.727
274.76,0.01727,1.727
274.77,0.01727,1.727
274.78,0.01727,1.727
274.79,0.01727,1.727
274.80,0.01727,1.727
274.81,0.01727,1.727
274.81,0.01727,1.727
274.82,0.01727,1.727
274.83,0.01727,1.727
274.84,0.01727,1.727
274.85,0.01727,1.727
274.86,0.01727,1.727
274.87,0.01727,1.727
274.88,0.01727,1.727
274.89,0.01727,1.727
274.89,0.01727,1.727
274.90,0.01727,1.727
274.91,0.01727,1.727
274.92,0.01727,1.727
274.93,0.01727,1.727
274.94,0.01727,1.727
274.95,0.01727,1.727
274.96,0.01727,1.727
274.97,0.01727,1.727
274.98,0.01727,1.727
274.98,0.01727,1.727
274.99,0.01727,1.727
275.00,0.01727,1.727
275.01,0.01727,1.727
275.02,0.01727,1.727
275.03,0.01727,1.727
275.04,0.01727,1.727
275.05,0.01727,1.727
275.06,0.01727,1.727
275.06,0.01727,1.727
275.07,0.01727,1.727
275.08,0.01727,1.727
275.09,0.01727,1.727
275.10,0.01727,1.727
275.11,0.01727,1.727
275.12,0.01727,1.727
275.13,0.01727,1.727
275.14,0.01727,1.727
275.15,0.01727,1.727
275.15,0.01727,1.727
275.16,0.01727,1.727
275.17,0.01727,1.727
275.18,0.01728,1.728
275.19,0.01728,1.728
275.20,0.01728,1.728
275.21,0.01728,1.728
275.22,0.01728,1.728
275.23,0.01728,1.728
275.23,0.01728,1.728
275.24,0.01728,1.728
275.25,0.01728,1.728
275.26,0.01728,1.728
275.27,0.01728,1.728
275.28,0.01728,1.728
275.29,0.01728,1.728
275.30,0.01728,1.728
275.31,0.01728,1.728
275.32,0.01728,1.728
275.32,0.01728,1.728
275.33,0.01728,1.728
275.34,0.01728,1.728
275.35,0.01728,1.728
275.36,0.01728,1.728
275.37,0.01728,1.728
275.38,0.01728,1.728
275.39,0.01728,1.728
275.40,0.01728,1.728
275.40,0.01728,1.728
275.41,0.01728,1.728
275.42,0.01728,1.728
275.43,0.01728,1.728
275.44,0.01728,1.728
275.45,0.01728,1.728
275.46,0.01728,1.728
275.47,0.01728,1.728
275.48,0.01728,1.728
275.49,0.01728,1.728
275.49,0.01728,1.728
275.50,0.01728,1.728
275.51,0.01728,1.728
275.52,0.01728,1.728
275.53,0.01728,1.728
275.54,0.01728,1.728
275.55,0.01728,1.728
275.56,0.01728,1.728
275.57,0.01728,1.728
275.57,0.01728,1.728
275.58,0.01728,1.728
275.59,0.01728,1.728
275.60,0.01728,1.728
275.61,0.01728,1.728
275.62,0.01728,1.728
275.63,0.01728,1.728
275.64,0.01728,1.728
275.65,0.01728,1.728
275.66,0.01728,1.728
275.66,0.01728,1.728
275.67,0.01728,1.728
275.68,0.01728,1.728
275.69,0.01728,1.728
275.70,0.01728,1.728
275.71,0.01728,1.728
275.72,0.01728,1.728
275.73,0.01728,1.728
275.74,0.01728,1.728
275.74,0.01728,1.728
275.75,0.01728,1.728
275.76,0.01728,1.728
275.77,0.01729,1.729
275.78,0.01729,1.729
275.79,0.01729,1.729
275.80,0.01729,1.729
275.81,0.01729,1.729
275.82,0.01729,1.729
275.82,0.01729,1.729
275.83,0.01729,1.729
275.84,0.01729,1.729
275.85,0.01729,1.729
275.86,0.01729,1.729
275.87,0.01729,1.729
275.88,0.01729,1.729
275.89,0.01729,1.729
275.90,0.01729,1.729
275.91,0.01729,1.729
275.91,0.01729,1.729
275.92,0.01729,1.729
275.93,0.01729,1.729
275.94,0.01729,1.729
275.95,0.01729,1.729
275.96,0.01729,1.729
275.97,0.01729,1.729
275.98,0.01729,1.729
275.99,0.01729,1.729
275.99,0.01729,1.729
276.00,0.01729,1.729
276.01,0.01729,1.729
276.02,0.01729,1.729
276.03,0.01729,1.729
276.04,0.01729,1.729
276.05,0.01729,1.729
276.06,0.01729,1.729
276.07,0.01729,1.729
276.07,0.01729,1.729
276.08,0.01729,1.729
276.09,0.01729,1.729
276.10,0.01729,1.729
276.11,0.01729,1.729
276.12,0.01729,1.729
276.13,0.01729,1.729
276.14,0.01729,1.729
276.15,0.01729,1.729
276.16,0.01729,1.729
276.16,0.01729,1.729
276.17,0.01729,1.729
276.18,0.01729,1.729
276.19,0.01729,1.729
276.20,0.01729,1.729
276.21,0.01729,1.729
276.22,0.01729,1.729
276.23,0.01729,1.729
276.24,0.01729,1.729
276.24,0.01729,1.729
276.25,0.01729,1.729
276.26,0.01729,1.729
276.27,0.01729,1.729
276.28,0.01729,1.729
276.29,0.01729,1.729
276.30,0.01729,1.729
276.31,0.01729,1.729
276.32,0.01729,1.729
276.33,0.01729,1.729
276.33,0.01729,1.729
276.34,0.01729,1.729
276.35,0.01730,1.730
276.36,0.01730,1.730
276.37,0.01730,1.730
276.38,0.01730,1.730
276.39,0.01730,1.730
276.40,0.01730,1.730
276.41,0.01730,1.730
276.41,0.01730,1.730
276.42,0.01730,1.730
276.43,0.01730,1.730
276.44,0.01730,1.730
276.45,0.01730,1.730
276.46,0.01730,1.730
276.47,0.01730,1.730
276.48,0.01730,1.730
276.49,0.01730,1.730
276.50,0.01730,1.730
276.50,0.01730,1.730
276.51,0.01730,1.730
276.52,0.01730,1.730
276.53,0.01730,1.730
276.54,0.01730,1.730
276.55,0.01730,1.730
276.56,0.01730,1.730
276.57,0.01730,1.730
276.58,0.01730,1.730
276.58,0.01730,1.730
276.59,0.01730,1.730
276.60,0.01730,1.730
276.61,0.01730,1.730
276.62,0.01730,1.730
276.63,0.01730,1.730
276.64,0.01730,1.730
276.65,0.01730,1.730
276.66,0.01730,1.730
276.67,0.01730,1.730
276.67,0.01730,1.730
276.68,0.01730,1.730
276.69,0.01730,1.730
276.70,0.01730,1.730
276.71,0.01730,1.730
276.72,0.01730,1.730
276.73,0.01730,1.730
276.74,0.01730,1.730
276.75,0.01730,1.730
276.75,0.01730,1.730
276.76,0.01730,1.730
276.77,0.01730,1.730
276.78,0.01730,1.730
276.79,0.01730,1.730
276.80,0.01730,1.730
276.81,0.01730,1.730
276.82,0.01730,1.730
276.83,0.01730,1.730
276.84,0.01730,1.730
276.84,0.01730,1.730
276.85,0.01730,1.730
276.86,0.01730,1.730
276.87,0.01730,1.730
276.88,0.01730,1.730
276.89,0.01730,1.730
276.90,0.01730,1.730
276.91,0.01730,1.730
276.92,0.01730,1.730
276.92,0.01730,1.730
276.93,0.01730,1.730
276.94,0.01731,1.731
276.95,0.01731,1.731
276.96,0.01731,1.731
276.97,0.01731,1.731
276.98,0.01731,1.731
276.99,0.01731,1.731
277.00,0.01731,1.731
277.00,0.01731,1.731
277.01,0.01731,1.731
277.02,0.01731,1.731
277.03,0.01731,1.731
277.04,0.01731,1.731
277.05,0.01731,1.731
277.06,0.01731,1.731
277.07,0.01731,1.731
277.08,0.01731,1.731
277.09,0.01731,1.731
277.09,0.01731,1.731
277.10,0.01731,1.731
277.11,0.01731,1.731
277.12,0.01731,1.731
277.13,0.01731,1.731
277.14,0.01731,1.731
277.15,0.01731,1.731
277.16,0.01731,1.731
277.17,0.01731,1.731
277.17,0.01731,1.731
277.18,0.01731,1.731
277.19,0.01731,1.731
277.20,0.01731,1.731
277.21,0.01731,1.731
277.22,0.01731,1.731
277.23,0.01731,1.731
277.24,0.01731,1.731
277.25,0.01731,1.731
277.26,0.01731,1.731
277.26,0.01731,1.731
277.27,0.01731,1.731
277.28,0.01731,1.731
277.29,0.01731,1.731
277.30,0.01731,1.731
277.31,0.01731,1.731
277.32,0.01731,1.731
277.33,0.01731,1.731
277.34,0.01731,1.731
277.34,0.01731,1.731
277.35,0.01731,1.731
277.36,0.01731,1.731
277.37,0.01731,1.731
277.38,0.01731,1.731
277.39,0.01731,1.731
277.40,0.01731,1.731
277.41,0.01731,1.731
277.42,0.01731,1.731
277.43,0.01731,1.731
277.43,0.01731,1.731
277.44,0.01731,1.731
277.45,0.01731,1.731
277.46,0.01731,1.731
277.47,0.01731,1.731
277.48,0.01731,1.731
277.49,0.01731,1.731
277.50,0.01731,1.731
277.51,0.01731,1.731
277.51,0.01731,1.731
277.52,0.01731,1.731
277.53,0.01732,1.732
277.54,0.01732,1.732
277.55,0.01732,1.732
277.56,0.01732,1.732
277.57,0.01732,1.732
277.58,0.01732,1.732
277.59,0.01732,1.732
277.59,0.01732,1.732
277.60,0.01732,1.732
277.61,0.01732,1.732
277.62,0.01732,1.732
277.63,0.01732,1.732
277.64,0.01732,1.732
277.65,0.01732,1.732
277.66,0.01732,1.732
277.67,0.01732,1.732
277.68,0.01732,1.732
277.68,0.01732,1.732
277.69,0.01732,1.732
277.70,0.01732,1.732
277.71,0.01732,1.732
277.72,0.01732,1.732
277.73,0.01732,1.732
277.74,0.01732,1.732
277.75,0.01732,1.732
277.76,0.01732,1.732
277.76,0.01732,1.732
277.77,0.01732,1.732
277.78,0.01732,1.732
277.79,0.01732,1.732
277.80,0.01732,1.732
277.81,0.01732,1.732
277.82,0.01732,1.732
277.83,0.01732,1.732
277.84,0.01732,1.732
277.85,0.01732,1.732
277.85,0.01732,1.732
277.86,0.01732,1.732
277.87,0.01732,1.732
277.88,0.01732,1.732
277.89,0.01732,1.732
277.90,0.01732,1.732
277.91,0.01732,1.732
277.92,0.01732,1.732
277.93,0.01732,1.732
277.93,0.01732,1.732
277.94,0.01732,1.732
277.95,0.01732,1.732
277.96,0.01732,1.732
277.97,0.01732,1.732
277.98,0.01732,1.732
277.99,0.01732,1.732
278.00,0.01732,1.732
278.01,0.01732,1.732
278.02,0.01732,1.732
278.02,0.01732,1.732
278.03,0.01732,1.732
278.04,0.01732,1.732
278.05,0.01732,1.732
278.06,0.01732,1.732
278.07,0.01732,1.732
278.08,0.01732,1.732
278.09,0.01732,1.732
278.10,0.01732,1.732
278.10,0.01732,1.732
278.11,0.01732,1.732
278.12,0.01732,1.732
278.13,0.01732,1.732
278.14,0.01733,1.733
278.15,0.01733,1.733
278.16,0.01733,1.733
278.17,0.01733,1.733
278.18,0.01733,1.733
278.18,0.01733,1.733
278.19,0.01733,1.733
278.20,0.01733,1.733
278.21,0.01733,1.733
278.22,0.01733,1.733
278.23,0.01733,1.733
278.24,0.01733,1.733
278.25,0.01733,1.733
278.26,0.01733,1.733
278.27,0.01733,1.733
278.27,0.01733,1.733
278.28,0.01733,1.733
278.29,0.01733,1.733
278.30,0.01733,1.733
278.31,0.01733,1.733
278.32,0.01733,1.733
278.33,0.01733,1.733
278.34,0.01733,1.733
278.35,0.01733,1.733
278.35,0.01733,1.733
278.36,0.01733,1.733
278.37,0.01733,1.733
278.38,0.01733,1.733
278.39,0.01733,1.733
278.40,0.01733,1.733
278.41,0.01733,1.733
278.42,0.01733,1.733
278.43,0.01733,1.733
278.44,0.01733,1.733
278.44,0.01733,1.733
278.45,0.01733,1.733
278.46,0.01733,1.733
278.47,0.01733,1.733
278.48,0.01733,1.733
278.49,0.01733,1.733
278.50,0.01733,1.733
278.51,0.01733,1.733
278.52,0.01733,1.733
278.52,0.01733,1.733
278.53,0.01733,1.733
278.54,0.01733,1.733
278.55,0.01733,1.733
278.56,0.01733,1.733
278.57,0.01733,1.733
278.58,0.01733,1.733
278.59,0.01733,1.733
278.60,0.01733,1.733
278.61,0.01733,1.733
278.61,0.01733,1.733
278.62,0.01733,1.733
278.63,0.01733,1.733
278.64,0.01733,1.733
278.65,0.01733,1.733
278.66,0.01733,1.733
278.67,0.01733,1.733
278.68,0.01733,1.733
278.69,0.01733,1.733
278.69,0.01733,1.733
278.70,0.01733,1.733
278.71,0.01733,1.733
278.72,0.01733,1.733
278.73,0.01733,1.733
278.74,0.01733,1.733
278.75,0.01733,1.733
278.76,0.01734,1.734
278.77,0.01734,1.734
278.78,0.01734,1.734
278.78,0.01734,1.734
278.79,0.01734,1.734
278.80,0.01734,1.734
278.81,0.01734,1.734
278.82,0.01734,1.734
278.83,0.01734,1.734
278.84,0.01734,1.734
278.85,0.01734,1.734
278.86,0.01734,1.734
278.86,0.01734,1.734
278.87,0.01734,1.734
278.88,0.01734,1.734
278.89,0.01734,1.734
278.90,0.01734,1.734
278.91,0.01734,1.734
278.92,0.01734,1.734
278.93,0.01734,1.734
278.94,0.01734,1.734
278.95,0.01734,1.734
278.95,0.01734,1.734
278.96,0.01734,1.734
278.97,0.01734,1.734
278.98,0.01734,1.734
278.99,0.01734,1.734
279.00,0.01734,1.734
279.01,0.01734,1.734
279.02,0.01734,1.734
279.03,0.01734,1.734
279.03,0.01734,1.734
279.04,0.01734,1.734
279.05,0.01734,1.734
279.06,0.01734,1.734
279.07,0.01734,1.734
279.08,0.01734,1.734
279.09,0.01734,1.734
279.10,0.01734,1.734
279.11,0.01734,1.734
279.12,0.01734,1.734
279.12,0.01734,1.734
279.13,0.01734,1.734
279.14,0.01734,1.734
279.15,0.01734,1.734
279.16,0.01734,1.734
279.17,0.01734,1.734
279.18,0.01734,1.734
279.19,0.01734,1.734
279.20,0.01734,1.734
279.20,0.01734,1.734
279.21,0.01734,1.734
279.22,0.01734,1.734
279.23,0.01734,1.734
279.24,0.01734,1.734
279.25,0.01734,1.734
279.26,0.01734,1.734
279.27,0.01734,1.734
279.28,0.01734,1.734
279.29,0.01734,1.734
279.29,0.01734,1.734
279.30,0.01734,1.734
279.31,0.01734,1.734
279.32,0.01734,1.734
279.33,0.01734,1.734
279.34,0.01734,1.734
279.35,0.01734,1.734
279.36,0.01734,1.734
279.37,0.01734,1.734
279.37,0.01734,1.734
279.38,0.01735,1.735
279.39,0.01735,1.735
279.40,0.01735,1.735
279.41,0.01735,1.735
279.42,0.01735,1.735
279.43,0.01735,1.735
279.44,0.01735,1.735
279.45,0.01735,1.735
279.46,0.01735,1.735
279.46,0.01735,1.735
279.47,0.01735,1.735
279.48,0.01735,1.735
279.49,0.01735,1.735
279.50,0.01735,1.735
279.51,0.01735,1.735
279.52,0.01735,1.735
279.53,0.01735,1.735
279.54,0.01735,1.735
279.54,0.01735,1.735
279.55,0.01735,1.735
279.56,0.01735,1.735
279.57,0.01735,1.735
279.58,0.01735,1.735
279.59,0.01735,1.735
279.60,0.01735,1.735
279.61,0.01735,1.735
279.62,0.01735,1.735
279.63,0.01735,1.735
279.63,0.01735,1.735
279.64,0.01735,1.735
279.65,0.01735,1.735
279.66,0.01735,1.735
279.67,0.01735,1.735
279.68,0.01735,1.735
279.69,0.01735,1.735
279.70,0.01735,1.735
279.71,0.01735,1.735
279.71,0.01735,1.735
279.72,0.01735,1.735
279.73,0.01735,1.735
279.74,0.01735,1.735
279.75,0.01735,1.735
279.76,0.01735,1.735
279.77,0.01735,1.735
279.78,0.01735,1.735
279.79,0.01735,1.735
279.80,0.01735,1.735
279.80,0.01735,1.735
279.81,0.01735,1.735
279.82,0.01735,1.735
279.83,0.01735,1.735
279.84,0.01735,1.735
279.85,0.01735,1.735
279.86,0.01735,1.735
279.87,0.01735,1.735
279.88,0.01735,1.735
279.88,0.01735,1.735
279.89,0.01735,1.735
279.90,0.01735,1.735
279.91,0.01735,1.735
279.92,0.01735,1.735
279.93,0.01735,1.735
279.94,0.01735,1.735
279.95,0.01735,1.735
279.96,0.01735,1.735
279.97,0.01735,1.735
279.97,0.01735,1.735
279.98,0.01735,1.735
279.99,0.01735,1.735
280.00,0.01735,1.735
280.01,0.01735,1.735
280.02,0.01736,1.736
280.03,0.01736,1.736
280.04,0.01736,1.736
280.05,0.01736,1.736
280.05,0.01736,1.736
280.06,0.01736,1.736
280.07,0.01736,1.736
280.08,0.01736,1.736
280.09,0.01736,1.736
280.10,0.01736,1.736
280.11,0.01736,1.736
280.12,0.01736,1.736
280.13,0.01736,1.736
280.13,0.01736,1.736
280.14,0.01736,1.736
280.15,0.01736,1.736
280.16,0.01736,1.736
280.17,0.01736,1.736
280.18,0.01736,1.736
280.19,0.01736,1.736
280.20,0.01736,1.736
280.21,0.01736,1.736
280.22,0.01736,1.736
280.22,0.01736,1.736
280.23,0.01736,1.736
280.24,0.01736,1.736
280.25,0.01736,1.736
280.26,0.01736,1.736
280.27,0.01736,1.736
280.28,0.01736,1.736
280.29,0.01736,1.736
280.30,0.01736,1.736
280.30,0.01736,1.736
280.31,0.01736,1.736
280.32,0.01736,1.736
280.33,0.01736,1.736
280.34,0.01736,1.736
280.35,0.01736,1.736
280.36,0.01736,1.736
280.37,0.01736,1.736
280.38,0.01736,1.736
280.39,0.01736,1.736
280.39,0.01736,1.736
280.40,0.01736,1.736
280.41,0.01736,1.736
280.42,0.01736,1.736
280.43,0.01736,1.736
280.44,0.01736,1.736
280.45,0.01736,1.736
280.46,0.01736,1.736
280.47,0.01736,1.736
280.47,0.01736,1.736
280.48,0.01736,1.736
280.49,0.01736,1.736
280.50,0.01736,1.736
280.51,0.01736,1.736
280.52,0.01736,1.736
280.53,0.01736,1.736
280.54,0.01736,1.736
280.55,0.01736,1.736
280.55,0.01736,1.736
280.56,0.01736,1.736
280.57,0.01736,1.736
280.58,0.01736,1.736
280.59,0.01736,1.736
280.60,0.01736,1.736
280.61,0.01736,1.736
280.62,0.01736,1.736
280.63,0.01736,1.736
280.64,0.01736,1.736
280.64,0.01736,1.736
280.65,0.01736,1.736
280.66,0.01736,1.736
280.67,0.01737,1.737
280.68,0.01737,1.737
280.69,0.01737,1.737
280.70,0.01737,1.737
280.71,0.01737,1.737
280.72,0.01737,1.737
280.72,0.01737,1.737
280.73,0.01737,1.737
280.74,0.01737,1.737
280.75,0.01737,1.737
280.76,0.01737,1.737
280.77,0.01737,1.737
280.78,0.01737,1.737
280.79,0.01737,1.737
280.80,0.01737,1.737
280.81,0.01737,1.737
280.81,0.01737,1.737
280.82,0.01737,1.737
280.83,0.01737,1.737
280.84,0.01737,1.737
280.85,0.01737,1.737
280.86,0.01737,1.737
280.87,0.01737,1.737
280.88,0.01737,1.737
280.89,0.01737,1.737
280.89,0.01737,1.737
280.90,0.01737,1.737
280.91,0.01737,1.737
280.92,0.01737,1.737
280.93,0.01737,1.737
280.94,0.01737,1.737
280.95,0.01737,1.737
280.96,0.01737,1.737
280.97,0.01737,1.737
280.98,0.01737,1.737
280.98,0.01737,1.737
280.99,0.01737,1.737
281.00,0.01737,1.737
281.01,0.01737,1.737
281.02,0.01737,1.737
281.03,0.01737,1.737
281.04,0.01737,1.737
281.05,0.01737,1.737
281.06,0.01737,1.737
281.06,0.01737,1.737
281.07,0.01737,1.737
281.08,0.01737,1.737
281.09,0.01737,1.737
281.10,0.01737,1.737
281.11,0.01737,1.737
281.12,0.01737,1.737
281.13,0.01737,1.737
281.14,0.01737,1.737
281.15,0.01737,1.737
281.15,0.01737,1.737
281.16,0.01737,1.737
281.17,0.01737,1.737
281.18,0.01737,1.737
281.19,0.01737,1.737
281.20,0.01737,1.737
281.21,0.01737,1.737
281.22,0.01737,1.737
281.23,0.01737,1.737
281.23,0.01737,1.737
281.24,0.01737,1.737
281.25,0.01737,1.737
281.26,0.01737,1.737
281.27,0.01737,1.737
281.28,0.01737,1.737
281.29,0.01737,1.737
281.30,0.01737,1.737
281.31,0.01737,1.737
281.32,0.01737,1.737
281.32,0.01738,1.738
281.33,0.01738,1.738
281.34,0.01738,1.738
281.35,0.01738,1.738
281.36,0.01738,1.738
281.37,0.01738,1.738
281.38,0.01738,1.738
281.39,0.01738,1.738
281.40,0.01738,1.738
281.40,0.01738,1.738
281.41,0.01738,1.738
281.42,0.01738,1.738
281.43,0.01738,1.738
281.44,0.01738,1.738
281.45,0.01738,1.738
281.46,0.01738,1.738
281.47,0.01738,1.738
281.48,0.01738,1.738
281.49,0.01738,1.738
281.49,0.01738,1.738
281.50,0.01738,1.738
281.51,0.01738,1.738
281.52,0.01738,1.738
281.53,0.01738,1.738
281.54,0.01738,1.738
281.55,0.01738,1.738
281.56,0.01738,1.738
281.57,0.01738,1.738
281.57,0.01738,1.738
281.58,0.01738,1.738
281.59,0.01738,1.738
281.60,0.01738,1.738
281.61,0.01738,1.738
281.62,0.01738,1.738
281.63,0.01738,1.738
281.64,0.01738,1.738
281.65,0.01738,1.738
281.66,0.01738,1.738
281.66,0.01738,1.738
281.67,0.01738,1.738
281.68,0.01738,1.738
281.69,0.01738,1.738
281.70,0.01738,1.738
281.71,0.01738,1.738
281.72,0.01738,1.738
281.73,0.01738,1.738
281.74,0.01738,1.738
281.74,0.01738,1.738
281.75,0.01738,1.738
281.76,0.01738,1.738
281.77,0.01738,1.738
281.78,0.01738,1.738
281.79,0.01738,1.738
281.80,0.01738,1.738
281.81,0.01738,1.738
281.82,0.01738,1.738
281.83,0.01738,1.738
281.83,0.01738,1.738
281.84,0.01738,1.738
281.85,0.01738,1.738
281.86,0.01738,1.738
281.87,0.01738,1.738
281.88,0.01738,1.738
281.89,0.01738,1.738
281.90,0.01738,1.738
281.91,0.01738,1.738
281.91,0.01738,1.738
281.92,0.01738,1.738
281.93,0.01738,1.738
281.94,0.01738,1.738
281.95,0.01738,1.738
281.96,0.01738,1.738
281.97,0.01738,1.738
281.98,0.01738,1.738
281.99,0.01738,1.738
281.99,0.01739,1.739
282.00,0.01739,1.739
282.01,0.01739,1.739
282.02,0.01739,1.739
282.03,0.01739,1.739
282.04,0.01739,1.739
282.05,0.01739,1.739
282.06,0.01739,1.739
282.07,0.01739,1.739
282.08,0.01739,1.739
282.08,0.01739,1.739
282.09,0.01739,1.739
282.10,0.01739,1.739
282.11,0.01739,1.739
282.12,0.01739,1.739
282.13,0.01739,1.739
282.14,0.01739,1.739
282.15,0.01739,1.739
282.16,0.01739,1.739
282.16,0.01739,1.739
282.17,0.01739,1.739
282.18,0.01739,1.739
282.19,0.01739,1.739
282.20,0.01739,1.739
282.21,0.01739,1.739
282.22,0.01739,1.739
282.23,0.01739,1.739
282.24,0.01739,1.739
282.25,0.01739,1.739
282.25,0.01739,1.739
282.26,0.01739,1.739
282.27,0.01739,1.739
282.28,0.01739,1.739
282.29,0.01739,1.739
282.30,0.01739,1.739
282.31,0.01739,1.739
282.32,0.01739,1.739
282.33,0.01739,1.739
282.33,0.01739,1.739
282.34,0.01739,1.739
282.35,0.01739,1.739
282.36,0.01739,1.739
282.37,0.01739,1.739
282.38,0.01739,1.739
282.39,0.01739,1.739
282.40,0.01739,1.739
282.41,0.01739,1.739
282.41,0.01739,1.739
282.42,0.01739,1.739
282.43,0.01739,1.739
282.44,0.01739,1.739
282.45,0.01739,1.739
282.46,0.01739,1.739
282.47,0.01739,1.739
282.48,0.01739,1.739
282.49,0.01739,1.739
282.50,0.01739,1.739
282.50,0.01739,1.739
282.51,0.01739,1.739
282.52,0.01739,1.739
282.53,0.01739,1.739
282.54,0.01739,1.739
282.55,0.01739,1.739
282.56,0.01739,1.739
282.57,0.01739,1.739
282.58,0.01739,1.739
282.58,0.01739,1.739
282.59,0.01739,1.739
282.60,0.01739,1.739
282.61,0.01739,1.739
282.62,0.01739,1.739
282.63,0.01739,1.739
282.64,0.01739,1.739
282.65,0.01739,1.739
282.66,0.01739,1.739
282.67,0.01739,1.739
282.67,0.01740,1.740
282.68,0.01740,1.740
282.69,0.01740,1.740
282.70,0.01740,1.740
282.71,0.01740,1.740
282.72,0.01740,1.740
282.73,0.01740,1.740
282.74,0.01740,1.740
282.75,0.01740,1.740
282.75,0.01740,1.740
282.76,0.01740,1.740
282.77,0.01740,1.740
282.78,0.01740,1.740
282.79,0.01740,1.740
282.80,0.01740,1.740
282.81,0.01740,1.740
282.82,0.01740,1.740
282.83,0.01740,1.740
282.84,0.01740,1.740
282.84,0.01740,1.740
282.85,0.01740,1.740
282.86,0.01740,1.740
282.87,0.01740,1.740
282.88,0.01740,1.740
282.89,0.01740,1.740
282.90,0.01740,1.740
282.91,0.01740,1.740
282.92,0.01740,1.740
282.92,0.01740,1.740
282.93,0.01740,1.740
282.94,0.01740,1.740
282.95,0.01740,1.740
282.96,0.01740,1.740
282.97,0.01740,1.740
282.98,0.01740,1.740
282.99,0.01740,1.740
283.00,0.01740,1.740
283.01,0.01740,1.740
283.01,0.01740,1.740
283.02,0.01740,1.740
283.03,0.01740,1.740
283.04,0.01740,1.740
283.05,0.01740,1.740
283.06,0.01740,1.740
283.07,0.01740,1.740
283.08,0.01740,1.740
283.09,0.01740,1.740
283.09,0.01740,1.740
283.10,0.01740,1.740
283.11,0.01740,1.740
283.12,0.01740,1.740
283.13,0.01740,1.740
283.14,0.01740,1.740
283.15,0.01740,1.740
283.16,0.01740,1.740
283.17,0.01740,1.740
283.18,0.01740,1.740
283.18,0.01740,1.740
283.19,0.01740,1.740
283.20,0.01740,1.740
283.21,0.01740,1.740
283.22,0.01740,1.740
283.23,0.01740,1.740
283.24,0.01740,1.740
283.25,0.01740,1.740
283.26,0.01740,1.740
283.26,0.01740,1.740
283.27,0.01740,1.740
283.28,0.01740,1.740
283.29,0.01740,1.740
283.30,0.01740,1.740
283.31,0.01740,1.740
283.32,0.01740,1.740
283.33,0.01740,1.740
283.34,0.01740,1.740
283.35,0.01741,1.741
283.35,0.01741,1.741
283.36,0.01741,1.741
283.37,0.01741,1.741
283.38,0.01741,1.741
283.39,0.01741,1.741
283.40,0.01741,1.741
283.41,0.01741,1.741
283.42,0.01741,1.741
283.43,0.01741,1.741
283.44,0.01741,1.741
283.44,0.01741,1.741
283.45,0.01741,1.741
283.46,0.01741,1.741
283.47,0.01741,1.741
283.48,0.01741,1.741
283.49,0.01741,1.741
283.50,0.01741,1.741
283.51,0.01741,1.741
283.52,0.01741,1.741
283.52,0.01741,1.741
283.53,0.01741,1.741
283.54,0.01741,1.741
283.55,0.01741,1.741
283.56,0.01741,1.741
283.57,0.01741,1.741
283.58,0.01741,1.741
283.59,0.01741,1.741
283.60,0.01741,1.741
283.61,0.01741,1.741
283.61,0.01741,1.741
283.62,0.01741,1.741
283.63,0.01741,1.741
283.64,0.01741,1.741
283.65,0.01741,1.741
283.66,0.01741,1.741
283.67,0.01741,1.741
283.68,0.01741,1.741
283.69,0.01741,1.741
283.69,0.01741,1.741
283.70,0.01741,1.741
283.71,0.01741,1.741
283.72,0.01741,1.741
283.73,0.01741,1.741
283.74,0.01741,1.741
283.75,0.01741,1.741
283.76,0.01741,1.741
283.77,0.01741,1.741
283.77,0.01741,1.741
283.78,0.01741,1.741
283.79,0.01741,1.741
283.80,0.01741,1.741
283.81,0.01741,1.741
283.82,0.01741,1.741
283.83,0.01741,1.741
283.84,0.01741,1.741
283.85,0.01741,1.741
283.86,0.01741,1.741
283.86,0.01741,1.741
283.87,0.01741,1.741
283.88,0.01741,1.741
283.89,0.01741,1.741
283.90,0.01741,1.741
283.91,0.01741,1.741
283.92,0.01741,1.741
283.93,0.01741,1.741
283.94,0.01741,1.741
283.94,0.01741,1.741
283.95,0.01741,1.741
283.96,0.01741,1.741
283.97,0.01741,1.741
283.98,0.01741,1.741
283.99,0.01741,1.741
284.00,0.01741,1.741
284.01,0.01741,1.741
284.02,0.01741,1.741
284.03,0.01742,1.742
284.03,0.01742,1.742
284.04,0.01742,1.742
284.05,0.01742,1.742
284.06,0.01742,1.742
284.07,0.01742,1.742
284.08,0.01742,1.742
284.09,0.01742,1.742
284.10,0.01742,1.742
284.11,0.01742,1.742
284.11,0.01742,1.742
284.12,0.01742,1.742
284.13,0.01742,1.742
284.14,0.01742,1.742
284.15,0.01742,1.742
284.16,0.01742,1.742
284.17,0.01742,1.742
284.18,0.01742,1.742
284.19,0.01742,1.742
284.19,0.01742,1.742
284.20,0.01742,1.742
284.21,0.01742,1.742
284.22,0.01742,1.742
284.23,0.01742,1.742
284.24,0.01742,1.742
284.25,0.01742,1.742
284.26,0.01742,1.742
284.27,0.01742,1.742
284.28,0.01742,1.742
284.28,0.01742,1.742
284.29,0.01742,1.742
284.30,0.01742,1.742
284.31,0.01742,1.742
284.32,0.01742,1.742
284.33,0.01742,1.742
284.34,0.01742,1.742
284.35,0.01742,1.742
284.36,0.01742,1.742
284.36,0.01742,1.742
284.37,0.01742,1.742
284.38,0.01742,1.742
284.39,0.01742,1.742
284.40,0.01742,1.742
284.41,0.01742,1.742
284.42,0.01742,1.742
284.43,0.01742,1.742
284.44,0.01742,1.742
284.45,0.01742,1.742
284.45,0.01742,1.742
284.46,0.01742,1.742
284.47,0.01742,1.742
284.48,0.01742,1.742
284.49,0.01742,1.742
284.50,0.01742,1.742
284.51,0.01742,1.742
284.52,0.01742,1.742
284.53,0.01742,1.742
284.53,0.01742,1.742
284.54,0.01742,1.742
284.55,0.01742,1.742
284.56,0.01742,1.742
284.57,0.01742,1.742
284.58,0.01742,1.742
284.59,0.01742,1.742
284.60,0.01742,1.742
284.61,0.01742,1.742
284.61,0.01742,1.742
284.62,0.01742,1.742
284.63,0.01742,1.742
284.64,0.01742,1.742
284.65,0.01742,1.742
284.66,0.01742,1.742
284.67,0.01742,1.742
284.68,0.01742,1.742
284.69,0.01742,1.742
284.70,0.01742,1.742
284.70,0.01742,1.742
284.71,0.01743,1.743
284.72,0.01743,1.743
284.73,0.01743,1.743
284.74,0.01743,1.743
284.75,0.01743,1.743
284.76,0.01743,1.743
284.77,0.01743,1.743
284.78,0.01743,1.743
284.79,0.01743,1.743
284.79,0.01743,1.743
284.80,0.01743,1.743
284.81,0.01743,1.743
284.82,0.01743,1.743
284.83,0.01743,1.743
284.84,0.01743,1.743
284.85,0.01743,1.743
284.86,0.01743,1.743
284.87,0.01743,1.743
284.87,0.01743,1.743
284.88,0.01743,1.743
284.89,0.01743,1.743
284.90,0.01743,1.743
284.91,0.01743,1.743
284.92,0.01743,1.743
284.93,0.01743,1.743
284.94,0.01743,1.743
284.95,0.01743,1.743
284.96,0.01743,1.743
284.96,0.01743,1.743
284.97,0.01743,1.743
284.98,0.01743,1.743
284.99,0.01743,1.743
285.00,0.01743,1.743
285.01,0.01743,1.743
285.02,0.01743,1.743
285.03,0.01743,1.743
285.04,0.01743,1.743
285.04,0.01743,1.743
285.05,0.01743,1.743
285.06,0.01743,1.743
285.07,0.01743,1.743
285.08,0.01743,1.743
285.09,0.01743,1.743
285.10,0.01743,1.743
285.11,0.01743,1.743
285.12,0.01743,1.743
285.13,0.01743,1.743
285.13,0.01743,1.743
285.14,0.01743,1.743
285.15,0.01743,1.743
285.16,0.01743,1.743
285.17,0.01743,1.743
285.18,0.01743,1.743
285.19,0.01743,1.743
285.20,0.01743,1.743
285.21,0.01743,1.743
285.21,0.01743,1.743
285.22,0.01743,1.743
285.23,0.01743,1.743
285.24,0.01743,1.743
285.25,0.01743,1.743
285.26,0.01743,1.743
285.27,0.01743,1.743
285.28,0.01743,1.743
285.29,0.01743,1.743
285.30,0.01743,1.743
285.30,0.01743,1.743
285.31,0.01743,1.743
285.32,0.01743,1.743
285.33,0.01743,1.743
285.34,0.01743,1.743
285.35,0.01743,1.743
285.36,0.01743,1.743
285.37,0.01743,1.743
285.38,0.01743,1.743
285.38,0.01743,1.743
285.39,0.01743,1.743
285.40,0.01744,1.744
285.41,0.01744,1.744
285.42,0.01744,1.744
285.43,0.01744,1.744
285.44,0.01744,1.744
285.45,0.01744,1.744
285.46,0.01744,1.744
285.47,0.01744,1.744
285.47,0.01744,1.744
285.48,0.01744,1.744
285.49,0.01744,1.744
285.50,0.01744,1.744
285.51,0.01744,1.744
285.52,0.01744,1.744
285.53,0.01744,1.744
285.54,0.01744,1.744
285.55,0.01744,1.744
285.55,0.01744,1.744
285.56,0.01744,1.744
285.57,0.01744,1.744
285.58,0.01744,1.744
285.59,0.01744,1.744
285.60,0.01744,1.744
285.61,0.01744,1.744
285.62,0.01744,1.744
285.63,0.01744,1.744
285.64,0.01744,1.744
285.64,0.01744,1.744
285.65,0.01744,1.744
285.66,0.01744,1.744
285.67,0.01744,1.744
285.68,0.01744,1.744
285.69,0.01744,1.744
285.70,0.01744,1.744
285.71,0.01744,1.744
285.72,0.01744,1.744
285.72,0.01744,1.744
285.73,0.01744,1.744
285.74,0.01744,1.744
285.75,0.01744,1.744
285.76,0.01744,1.744
285.77,0.01744,1.744
285.78,0.01744,1.744
285.79,0.01744,1.744
285.80,0.01744,1.744
285.81,0.01744,1.744
285.81,0.01744,1.744
285.82,0.01744,1.744
285.83,0.01744,1.744
285.84,0.01744,1.744
285.85,0.01744,1.744
285.86,0.01744,1.744
285.87,0.01744,1.744
285.88,0.01744,1.744
285.89,0.01744,1.744
285.89,0.01744,1.744
285.90,0.01744,1.744
285.91,0.01744,1.744
285.92,0.01744,1.744
285.93,0.01744,1.744
285.94,0.01744,1.744
285.95,0.01744,1.744
285.96,0.01744,1.744
285.97,0.01744,1.744
285.97,0.01744,1.744
285.98,0.01744,1.744
285.99,0.01744,1.744
286.00,0.01744,1.744
286.01,0.01744,1.744
286.02,0.01744,1.744
286.03,0.01744,1.744
286.04,0.01744,1.744
286.05,0.01744,1.744
286.06,0.01744,1.744
286.06,0.01744,1.744
286.07,0.01744,1.744
286.08,0.01744,1.744
286.09,0.01744,1.744
286.10,0.01745,1.745
286.11,0.01745,1.745
286.12,0.01745,1.745
286.13,0.01745,1.745
286.14,0.01745,1.745
286.14,0.01745,1.745
286.15,0.01745,1.745
286.16,0.01745,1.745
286.17,0.01745,1.745
286.18,0.01745,1.745
286.19,0.01745,1.745
286.20,0.01745,1.745
286.21,0.01745,1.745
286.22,0.01745,1.745
286.23,0.01745,1.745
286.23,0.01745,1.745
286.24,0.01745,1.745
286.25,0.01745,1.745
286.26,0.01745,1.745
286.27,0.01745,1.745
286.28,0.01745,1.745
286.29,0.01745,1.745
286.30,0.01745,1.745
286.31,0.01745,1.745
286.31,0.01745,1.745
286.32,0.01745,1.745
286.33,0.01745,1.745
286.34,0.01745,1.745
286.35,0.01745,1.745
286.36,0.01745,1.745
286.37,0.01745,1.745
286.38,0.01745,1.745
286.39,0.01745,1.745
286.40,0.01745,1.745
286.40,0.01745,1.745
286.41,0.01745,1.745
286.42,0.01745,1.745
286.43,0.01745,1.745
286.44,0.01745,1.745
286.45,0.01745,1.745
286.46,0.01745,1.745
286.47,0.01745,1.745
286.48,0.01745,1.745
286.48,0.01745,1.745
286.49,0.01745,1.745
286.50,0.01745,1.745
286.51,0.01745,1.745
286.52,0.01745,1.745
286.53,0.01745,1.745
286.54,0.01745,1.745
286.55,0.01745,1.745
286.56,0.01745,1.745
286.57,0.01745,1.745
286.57,0.01745,1.745
286.58,0.01745,1.745
286.59,0.01745,1.745
286.60,0.01745,1.745
286.61,0.01745,1.745
286.62,0.01745,1.745
286.63,0.01745,1.745
286.64,0.01745,1.745
286.65,0.01745,1.745
286.65,0.01745,1.745
286.66,0.01745,1.745
286.67,0.01745,1.745
286.68,0.01745,1.745
286.69,0.01745,1.745
286.70,0.01745,1.745
286.71,0.01745,1.745
286.72,0.01745,1.745
286.73,0.01745,1.745
286.74,0.01745,1.745
286.74,0.01745,1.745
286.75,0.01745,1.745
286.76,0.01745,1.745
286.77,0.01745,1.745
286.78,0.01745,1.745
286.79,0.01745,1.745
286.80,0.01745,1.745
286.81,0.01745,1.745
286.82,0.01746,1.746
286.82,0.01746,1.746
286.83,0.01746,1.746
286.84,0.01746,1.746
286.85,0.01746,1.746
286.86,0.01746,1.746
286.87,0.01746,1.746
286.88,0.01746,1.746
286.89,0.01746,1.746
286.90,0.01746,1.746
286.91,0.01746,1.746
286.91,0.01746,1.746
286.92,0.01746,1.746
286.93,0.01746,1.746
286.94,0.01746,1.746
286.95,0.01746,1.746
286.96,0.01746,1.746
286.97,0.01746,1.746
286.98,0.01746,1.746
286.99,0.01746,1.746
286.99,0.01746,1.746
287.00,0.01746,1.746
287.01,0.01746,1.746
287.02,0.01746,1.746
287.03,0.01746,1.746
287.04,0.01746,1.746
287.05,0.01746,1.746
287.06,0.01746,1.746
287.07,0.01746,1.746
287.08,0.01746,1.746
287.08,0.01746,1.746
287.09,0.01746,1.746
287.10,0.01746,1.746
287.11,0.01746,1.746
287.12,0.01746,1.746
287.13,0.01746,1.746
287.14,0.01746,1.746
287.15,0.01746,1.746
287.16,0.01746,1.746
287.16,0.01746,1.746
287.17,0.01746,1.746
287.18,0.01746,1.746
287.19,0.01746,1.746
287.20,0.01746,1.746
287.21,0.01746,1.746
287.22,0.01746,1.746
287.23,0.01746,1.746
287.24,0.01746,1.746
287.25,0.01746,1.746
287.25,0.01746,1.746
287.26,0.01746,1.746
287.27,0.01746,1.746
287.28,0.01746,1.746
287.29,0.01746,1.746
287.30,0.01746,1.746
287.31,0.01746,1.746
287.32,0.01746,1.746
287.33,0.01746,1.746
287.33,0.01746,1.746
287.34,0.01746,1.746
287.35,0.01746,1.746
287.36,0.01746,1.746
287.37,0.01746,1.746
287.38,0.01746,1.746
287.39,0.01746,1.746
287.40,0.01746,1.746
287.41,0.01746,1.746
287.42,0.01746,1.746
287.42,0.01746,1.746
287.43,0.01746,1.746
287.44,0.01746,1.746
287.45,0.01746,1.746
287.46,0.01746,1.746
287.47,0.01746,1.746
287.48,0.01746,1.746
287.49,0.01746,1.746
287.50,0.01746,1.746
287.50,0.01746,1.746
287.51,0.01746,1.746
287.52,0.01746,1.746
287.53,0.01746,1.746
287.54,0.01746,1.746
287.55,0.01747,1.747
287.56,0.01747,1.747
287.57,0.01747,1.747
287.58,0.01747,1.747
287.59,0.01747,1.747
287.59,0.01747,1.747
287.60,0.01747,1.747
287.61,0.01747,1.747
287.62,0.01747,1.747
287.63,0.01747,1.747
287.64,0.01747,1.747
287.65,0.01747,1.747
287.66,0.01747,1.747
287.67,0.01747,1.747
287.68,0.01747,1.747
287.68,0.01747,1.747
287.69,0.01747,1.747
287.70,0.01747,1.747
287.71,0.01747,1.747
287.72,0.01747,1.747
287.73,0.01747,1.747
287.74,0.01747,1.747
287.75,0.01747,1.747
287.76,0.01747,1.747
287.76,0.01747,1.747
287.77,0.01747,1.747
287.78,0.01747,1.747
287.79,0.01747,1.747
287.80,0.01747,1.747
287.81,0.01747,1.747
287.82,0.01747,1.747
287.83,0.01747,1.747
287.84,0.01747,1.747
287.85,0.01747,1.747
287.85,0.01747,1.747
287.86,0.01747,1.747
287.87,0.01747,1.747
287.88,0.01747,1.747
287.89,0.01747,1.747
287.90,0.01747,1.747
287.91,0.01747,1.747
287.92,0.01747,1.747
287.93,0.01747,1.747
287.93,0.01747,1.747
287.94,0.01747,1.747
287.95,0.01747,1.747
287.96,0.01747,1.747
287.97,0.01747,1.747
287.98,0.01747,1.747
287.99,0.01747,1.747
288.00,0.01747,1.747
288.01,0.01747,1.747
288.02,0.01747,1.747
288.02,0.01747,1.747
288.03,0.01747,1.747
288.04,0.01747,1.747
288.05,0.01747,1.747
288.06,0.01747,1.747
288.07,0.01747,1.747
288.08,0.01747,1.747
288.09,0.01747,1.747
288.10,0.01747,1.747
288.10,0.01747,1.747
288.11,0.01747,1.747
288.12,0.01747,1.747
288.13,0.01747,1.747
288.14,0.01747,1.747
288.15,0.01747,1.747
288.16,0.01747,1.747
288.17,0.01747,1.747
288.18,0.01747,1.747
288.19,0.01747,1.747
288.19,0.01747,1.747
288.20,0.01747,1.747
288.21,0.01747,1.747
288.22,0.01747,1.747
288.23,0.01747,1.747
288.24,0.01747,1.747
288.25,0.01747,1.747
288.26,0.01747,1.747
288.27,0.01747,1.747
288.27,0.01747,1.747
288.28,0.01747,1.747
288.29,0.01747,1.747
288.30,0.01747,1.747
288.31,0.01747,1.747
288.32,0.01748,1.748
288.33,0.01748,1.748
288.34,0.01748,1.748
288.35,0.01748,1.748
288.36,0.01748,1.748
288.36,0.01748,1.748
288.37,0.01748,1.748
288.38,0.01748,1.748
288.39,0.01748,1.748
288.40,0.01748,1.748
288.41,0.01748,1.748
288.42,0.01748,1.748
288.43,0.01748,1.748
288.44,0.01748,1.748
288.44,0.01748,1.748
288.45,0.01748,1.748
288.46,0.01748,1.748
288.47,0.01748,1.748
288.48,0.01748,1.748
288.49,0.01748,1.748
288.50,0.01748,1.748
288.51,0.01748,1.748
288.52,0.01748,1.748
288.53,0.01748,1.748
288.53,0.01748,1.748
288.54,0.01748,1.748
288.55,0.01748,1.748
288.56,0.01748,1.748
288.57,0.01748,1.748
288.58,0.01748,1.748
288.59,0.01748,1.748
288.60,0.01748,1.748
288.61,0.01748,1.748
288.61,0.01748,1.748
288.62,0.01748,1.748
288.63,0.01748,1.748
288.64,0.01748,1.748
288.65,0.01748,1.748
288.66,0.01748,1.748
288.67,0.01748,1.748
288.68,0.01748,1.748
288.69,0.01748,1.748
288.70,0.01748,1.748
288.70,0.01748,1.748
288.71,0.01748,1.748
288.72,0.01748,1.748
288.73,0.01748,1.748
288.74,0.01748,1.748
288.75,0.01748,1.748
288.76,0.01748,1.748
288.77,0.01748,1.748
288.78,0.01748,1.748
288.78,0.01748,1.748
288.79,0.01748,1.748
288.80,0.01748,1.748
288.81,0.01748,1.748
288.82,0.01748,1.748
288.83,0.01748,1.748
288.84,0.01748,1.748
288.85,0.01748,1.748
288.86,0.01748,1.748
288.87,0.01748,1.748
288.87,0.01748,1.748
288.88,0.01748,1.748
288.89,0.01748,1.748
288.90,0.01748,1.748
288.91,0.01748,1.748
288.92,0.01748,1.748
288.93,0.01748,1.748
288.94,0.01748,1.748
288.95,0.01748,1.748
288.95,0.01748,1.748
288.96,0.01748,1.748
288.97,0.01748,1.748
288.98,0.01748,1.748
288.99,0.01748,1.748
289.00,0.01748,1.748
289.01,0.01748,1.748
289.02,0.01748,1.748
289.03,0.01748,1.748
289.04,0.01748,1.748
289.04,0.01748,1.748
289.05,0.01748,1.748
289.06,0.01748,1.748
289.07,0.01748,1.748
289.08,0.01748,1.748
289.09,0.01749,1.749
289.10,0.01749,1.749
289.11,0.01749,1.749
289.12,0.01749,1.749
289.12,0.01749,1.749
289.13,0.01749,1.749
289.14,0.01749,1.749
289.15,0.01749,1.749
289.16,0.01749,1.749
289.17,0.01749,1.749
289.18,0.01749,1.749
289.19,0.01749,1.749
289.20,0.01749,1.749
289.21,0.01749,1.749
289.21,0.01749,1.749
289.22,0.01749,1.749
289.23,0.01749,1.749
289.24,0.01749,1.749
289.25,0.01749,1.749
289.26,0.01749,1.749
289.27,0.01749,1.749
289.28,0.01749,1.749
289.29,0.01749,1.749
289.29,0.01749,1.749
289.30,0.01749,1.749
289.31,0.01749,1.749
289.32,0.01749,1.749
289.33,0.01749,1.749
289.34,0.01749,1.749
289.35,0.01749,1.749
289.36,0.01749,1.749
289.37,0.01749,1.749
289.38,0.01749,1.749
289.38,0.01749,1.749
289.39,0.01749,1.749
289.40,0.01749,1.749
289.41,0.01749,1.749
289.42,0.01749,1.749
289.43,0.01749,1.749
289.44,0.01749,1.749
289.45,0.01749,1.749
289.46,0.01749,1.749
289.46,0.01749,1.749
289.47,0.01749,1.749
289.48,0.01749,1.749
289.49,0.01749,1.749
289.50,0.01749,1.749
289.51,0.01749,1.749
289.52,0.01749,1.749
289.53,0.01749,1.749
289.54,0.01749,1.749
289.55,0.01749,1.749
289.55,0.01749,1.749
289.56,0.01749,1.749
289.57,0.01749,1.749
289.58,0.01749,1.749
289.59,0.01749,1.749
289.60,0.01749,1.749
289.61,0.01749,1.749
289.62,0.01749,1.749
289.63,0.01749,1.749
289.64,0.01749,1.749
289.64,0.01749,1.749
289.65,0.01749,1.749
289.66,0.01749,1.749
289.67,0.01749,1.749
289.68,0.01749,1.749
289.69,0.01749,1.749
289.70,0.01749,1.749
289.71,0.01749,1.749
289.72,0.01749,1.749
289.72,0.01749,1.749
289.73,0.01749,1.749
289.74,0.01749,1.749
289.75,0.01749,1.749
289.76,0.01749,1.749
289.77,0.01749,1.749
289.78,0.01749,1.749
289.79,0.01749,1.749
289.80,0.01749,1.749
289.81,0.01749,1.749
289.81,0.01749,1.749
289.82,0.01749,1.749
289.83,0.01749,1.749
289.84,0.01749,1.749
289.85,0.01749,1.749
289.86,0.01749,1.749
289.87,0.01750,1.750
289.88,0.01750,1.750
289.89,0.01750,1.750
289.89,0.01750,1.750
289.90,0.01750,1.750
289.91,0.01750,1.750
289.92,0.01750,1.750
289.93,0.01750,1.750
289.94,0.01750,1.750
289.95,0.01750,1.750
289.96,0.01750,1.750
289.97,0.01750,1.750
289.98,0.01750,1.750
289.98,0.01750,1.750
289.99,0.01750,1.750
290.00,0.01750,1.750
290.01,0.01750,1.750
290.02,0.01750,1.750
290.03,0.01750,1.750
290.04,0.01750,1.750
290.05,0.01750,1.750
290.06,0.01750,1.750
290.07,0.01750,1.750
290.07,0.01750,1.750
290.08,0.01750,1.750
290.09,0.01750,1.750
290.10,0.01750,1.750
290.11,0.01750,1.750
290.12,0.01750,1.750
290.13,0.01750,1.750
290.14,0.01750,1.750
290.15,0.01750,1.750
290.15,0.01750,1.750
290.16,0.01750,1.750
290.17,0.01750,1.750
290.18,0.01750,1.750
290.19,0.01750,1.750
290.20,0.01750,1.750
290.21,0.01750,1.750
290.22,0.01750,1.750
290.23,0.01750,1.750
290.24,0.01750,1.750
290.24,0.01750,1.750
290.25,0.01750,1.750
290.26,0.01750,1.750
290.27,0.01750,1.750
290.28,0.01750,1.750
290.29,0.01750,1.750
290.30,0.01750,1.750
290.31,0.01750,1.750
290.32,0.01750,1.750
290.32,0.01750,1.750
290.33,0.01750,1.750
290.34,0.01750,1.750
290.35,0.01750,1.750
290.36,0.01750,1.750
290.37,0.01750,1.750
290.38,0.01750,1.750
290.39,0.01750,1.750
290.40,0.01750,1.750
290.41,0.01750,1.750
290.41,0.01750,1.750
290.42,0.01750,1.750
290.43,0.01750,1.750
290.44,0.01750,1.750
290.45,0.01750,1.750
290.46,0.01750,1.750
290.47,0.01750,1.750
290.48,0.01750,1.750
290.49,0.01750,1.750
290.49,0.01750,1.750
290.50,0.01750,1.750
290.51,0.01750,1.750
290.52,0.01750,1.750
290.53,0.01750,1.750
290.54,0.01750,1.750
290.55,0.01750,1.750
290.56,0.01750,1.750
290.57,0.01750,1.750
290.58,0.01750,1.750
290.58,0.01750,1.750
290.59,0.01750,1.750
290.60,0.01750,1.750
290.61,0.01750,1.750
290.62,0.01750,1.750
290.63,0.01750,1.750
290.64,0.01750,1.750
290.65,0.01750,1.750
290.66,0.01750,1.750
290.66,0.01751,1.751
290.67,0.01751,1.751
290.68,0.01751,1.751
290.69,0.01751,1.751
290.70,0.01751,1.751
290.71,0.01751,1.751
290.72,0.01751,1.751
290.73,0.01751,1.751
290.74,0.01751,1.751
290.75,0.01751,1.751
290.75,0.01751,1.751
290.76,0.01751,1.751
290.77,0.01751,1.751
290.78,0.01751,1.751
290.79,0.01751,1.751
290.80,0.01751,1.751
290.81,0.01751,1.751
290.82,0.01751,1.751
290.83,0.01751,1.751
290.83,0.01751,1.751
290.84,0.01751,1.751
290.85,0.01751,1.751
290.86,0.01751,1.751
290.87,0.01751,1.751
290.88,0.01751,1.751
290.89,0.01751,1.751
290.90,0.01751,1.751
290.91,0.01751,1.751
290.92,0.01751,1.751
290.92,0.01751,1.751
290.93,0.01751,1.751
290.94,0.01751,1.751
290.95,0.01751,1.751
290.96,0.01751,1.751
290.97,0.01751,1.751
290.98,0.01751,1.751
290.99,0.01751,1.751
291.00,0.01751,1.751
291.00,0.01751,1.751
291.01,0.01751,1.751
291.02,0.01751,1.751
291.03,0.01751,1.751
291.04,0.01751,1.751
291.05,0.01751,1.751
291.06,0.01751,1.751
291.07,0.01751,1.751
291.08,0.01751,1.751
291.09,0.01751,1.751
291.09,0.01751,1.751
291.10,0.01751,1.751
291.11,0.01751,1.751
291.12,0.01751,1.751
291.13,0.01751,1.751
291.14,0.01751,1.751
291.15,0.01751,1.751
291.16,0.01751,1.751
291.17,0.01751,1.751
291.18,0.01751,1.751
291.18,0.01751,1.751
291.19,0.01751,1.751
291.20,0.01751,1.751
291.21,0.01751,1.751
291.22,0.01751,1.751
291.23,0.01751,1.751
291.24,0.01751,1.751
291.25,0.01751,1.751
291.26,0.01751,1.751
291.26,0.01751,1.751
291.27,0.01751,1.751
291.28,0.01751,1.751
291.29,0.01751,1.751
291.30,0.01751,1.751
291.31,0.01751,1.751
291.32,0.01751,1.751
291.33,0.01751,1.751
291.34,0.01751,1.751
291.35,0.01751,1.751
291.35,0.01751,1.751
291.36,0.01751,1.751
291.37,0.01751,1.751
291.38,0.01751,1.751
291.39,0.01751,1.751
291.40,0.01751,1.751
291.41,0.01751,1.751
291.42,0.01751,1.751
291.43,0.01751,1.751
291.44,0.01751,1.751
291.44,0.01751,1.751
291.45,0.01751,1.751
291.46,0.01751,1.751
291.47,0.01751,1.751
291.48,0.01751,1.751
291.49,0.01752,1.752
291.50,0.01752,1.752
291.51,0.01752,1.752
291.52,0.01752,1.752
291.53,0.01752,1.752
291.53,0.01752,1.752
291.54,0.01752,1.752
291.55,0.01752,1.752
291.56,0.01752,1.752
291.57,0.01752,1.752
291.58,0.01752,1.752
291.59,0.01752,1.752
291.60,0.01752,1.752
291.61,0.01752,1.752
291.61,0.01752,1.752
291.62,0.01752,1.752
291.63,0.01752,1.752
291.64,0.01752,1.752
291.65,0.01752,1.752
291.66,0.01752,1.752
291.67,0.01752,1.752
291.68,0.01752,1.752
291.69,0.01752,1.752
291.70,0.01752,1.752
291.70,0.01752,1.752
291.71,0.01752,1.752
291.72,0.01752,1.752
291.73,0.01752,1.752
291.74,0.01752,1.752
291.75,0.01752,1.752
291.76,0.01752,1.752
291.77,0.01752,1.752
291.78,0.01752,1.752
291.79,0.01752,1.752
291.79,0.01752,1.752
291.80,0.01752,1.752
291.81,0.01752,1.752
291.82,0.01752,1.752
291.83,0.01752,1.752
291.84,0.01752,1.752
291.85,0.01752,1.752
291.86,0.01752,1.752
291.87,0.01752,1.752
291.87,0.01752,1.752
291.88,0.01752,1.752
291.89,0.01752,1.752
291.90,0.01752,1.752
291.91,0.01752,1.752
291.92,0.01752,1.752
291.93,0.01752,1.752
291.94,0.01752,1.752
291.95,0.01752,1.752
291.96,0.01752,1.752
291.96,0.01752,1.752
291.97,0.01752,1.752
291.98,0.01752,1.752
291.99,0.01752,1.752
292.00,0.01752,1.752
292.01,0.01752,1.752
292.02,0.01752,1.752
292.03,0.01752,1.752
292.04,0.01752,1.752
292.04,0.01752,1.752
292.05,0.01752,1.752
292.06,0.01752,1.752
292.07,0.01752,1.752
292.08,0.01752,1.752
292.09,0.01752,1.752
292.10,0.01752,1.752
292.11,0.01752,1.752
292.12,0.01752,1.752
292.13,0.01752,1.752
292.13,0.01752,1.752
292.14,0.01752,1.752
292.15,0.01752,1.752
292.16,0.01752,1.752
292.17,0.01752,1.752
292.18,0.01752,1.752
292.19,0.01752,1.752
292.20,0.01752,1.752
292.21,0.01752,1.752
292.21,0.01752,1.752
292.22,0.01752,1.752
292.23,0.01752,1.752
292.24,0.01752,1.752
292.25,0.01752,1.752
292.26,0.01752,1.752
292.27,0.01752,1.752
292.28,0.01752,1.752
292.29,0.01752,1.752
292.30,0.01752,1.752
292.30,0.01752,1.752
292.31,0.01752,1.752
292.32,0.01753,1.753
292.33,0.01753,1.753
292.34,0.01753,1.753
292.35,0.01753,1.753
292.36,0.01753,1.753
292.37,0.01753,1.753
292.38,0.01753,1.753
292.39,0.01753,1.753
292.39,0.01753,1.753
292.40,0.01753,1.753
292.41,0.01753,1.753
292.42,0.01753,1.753
292.43,0.01753,1.753
292.44,0.01753,1.753
292.45,0.01753,1.753
292.46,0.01753,1.753
292.47,0.01753,1.753
292.47,0.01753,1.753
292.48,0.01753,1.753
292.49,0.01753,1.753
292.50,0.01753,1.753
292.51,0.01753,1.753
292.52,0.01753,1.753
292.53,0.01753,1.753
292.54,0.01753,1.753
292.55,0.01753,1.753
292.56,0.01753,1.753
292.56,0.01753,1.753
292.57,0.01753,1.753
292.58,0.01753,1.753
292.59,0.01753,1.753
292.60,0.01753,1.753
292.61,0.01753,1.753
292.62,0.01753,1.753
292.63,0.01753,1.753
292.64,0.01753,1.753
292.64,0.01753,1.753
292.65,0.01753,1.753
292.66,0.01753,1.753
292.67,0.01753,1.753
292.68,0.01753,1.753
292.69,0.01753,1.753
292.70,0.01753,1.753
292.71,0.01753,1.753
292.72,0.01753,1.753
292.73,0.01753,1.753
292.73,0.01753,1.753
292.74,0.01753,1.753
292.75,0.01753,1.753
292.76,0.01753,1.753
292.77,0.01753,1.753
292.78,0.01753,1.753
292.79,0.01753,1.753
292.80,0.01753,1.753
292.81,0.01753,1.753
292.81,0.01753,1.753
292.82,0.01753,1.753
292.83,0.01753,1.753
292.84,0.01753,1.753
292.85,0.01753,1.753
292.86,0.01753,1.753
292.87,0.01753,1.753
292.88,0.01753,1.753
292.89,0.01753,1.753
292.90,0.01753,1.753
292.90,0.01753,1.753
292.91,0.01753,1.753
292.92,0.01753,1.753
292.93,0.01753,1.753
292.94,0.01753,1.753
292.95,0.01753,1.753
292.96,0.01753,1.753
292.97,0.01753,1.753
292.98,0.01753,1.753
292.98,0.01753,1.753
292.99,0.01753,1.753
293.00,0.01753,1.753
293.01,0.01753,1.753
293.02,0.01753,1.753
293.03,0.01753,1.753
293.04,0.01753,1.753
293.05,0.01753,1.753
293.06,0.01753,1.753
293.07,0.01753,1.753
293.07,0.01753,1.753
293.08,0.01753,1.753
293.09,0.01753,1.753
293.10,0.01753,1.753
293.11,0.01753,1.753
293.12,0.01753,1.753
293.13,0.01753,1.753
293.14,0.01753,1.753
293.15,0.01753,1.753
293.16,0.01753,1.753
293.16,0.01753,1.753
293.17,0.01754,1.754
293.18,0.01754,1.754
293.19,0.01754,1.754
293.20,0.01754,1.754
293.21,0.01754,1.754
293.22,0.01754,1.754
293.23,0.01754,1.754
293.24,0.01754,1.754
293.25,0.01754,1.754
293.25,0.01754,1.754
293.26,0.01754,1.754
293.27,0.01754,1.754
293.28,0.01754,1.754
293.29,0.01754,1.754
293.30,0.01754,1.754
293.31,0.01754,1.754
293.32,0.01754,1.754
293.33,0.01754,1.754
293.33,0.01754,1.754
293.34,0.01754,1.754
293.35,0.01754,1.754
293.36,0.01754,1.754
293.37,0.01754,1.754
293.38,0.01754,1.754
293.39,0.01754,1.754
293.40,0.01754,1.754
293.41,0.01754,1.754
293.42,0.01754,1.754
293.42,0.01754,1.754
293.43,0.01754,1.754
293.44,0.01754,1.754
293.45,0.01754,1.754
293.46,0.01754,1.754
293.47,0.01754,1.754
293.48,0.01754,1.754
293.49,0.01754,1.754
293.50,0.01754,1.754
293.51,0.01754,1.754
293.51,0.01754,1.754
293.52,0.01754,1.754
293.53,0.01754,1.754
293.54,0.01754,1.754
293.55,0.01754,1.754
293.56,0.01754,1.754
293.57,0.01754,1.754
293.58,0.01754,1.754
293.59,0.01754,1.754
293.59,0.01754,1.754
293.60,0.01754,1.754
293.61,0.01754,1.754
293.62,0.01754,1.754
293.63,0.01754,1.754
293.64,0.01754,1.754
293.65,0.01754,1.754
293.66,0.01754,1.754
293.67,0.01754,1.754
293.68,0.01754,1.754
293.68,0.01754,1.754
293.69,0.01754,1.754
293.70,0.01754,1.754
293.71,0.01754,1.754
293.72,0.01754,1.754
293.73,0.01754,1.754
293.74,0.01754,1.754
293.75,0.01754,1.754
293.76,0.01754,1.754
293.77,0.01754,1.754
293.77,0.01754,1.754
293.78,0.01754,1.754
293.79,0.01754,1.754
293.80,0.01754,1.754
293.81,0.01754,1.754
293.82,0.01754,1.754
293.83,0.01754,1.754
293.84,0.01754,1.754
293.85,0.01754,1.754
293.85,0.01754,1.754
293.86,0.01754,1.754
293.87,0.01754,1.754
293.88,0.01754,1.754
293.89,0.01754,1.754
293.90,0.01754,1.754
293.91,0.01754,1.754
293.92,0.01754,1.754
293.93,0.01754,1.754
293.94,0.01754,1.754
293.94,0.01754,1.754
293.95,0.01754,1.754
293.96,0.01754,1.754
293.97,0.01754,1.754
293.98,0.01754,1.754
293.99,0.01754,1.754
294.00,0.01754,1.754
294.01,0.01754,1.754
294.02,0.01754,1.754
294.03,0.01754,1.754
294.03,0.01755,1.755
294.04,0.01755,1.755
294.05,0.01755,1.755
294.06,0.01755,1.755
294.07,0.01755,1.755
294.08,0.01755,1.755
294.09,0.01755,1.755
294.10,0.01755,1.755
294.11,0.01755,1.755
294.11,0.01755,1.755
294.12,0.01755,1.755
294.13,0.01755,1.755
294.14,0.01755,1.755
294.15,0.01755,1.755
294.16,0.01755,1.755
294.17,0.01755,1.755
294.18,0.01755,1.755
294.19,0.01755,1.755
294.20,0.01755,1.755
294.20,0.01755,1.755
294.21,0.01755,1.755
294.22,0.01755,1.755
294.23,0.01755,1.755
294.24,0.01755,1.755
294.25,0.01755,1.755
294.26,0.01755,1.755
294.27,0.01755,1.755
294.28,0.01755,1.755
294.28,0.01755,1.755
294.29,0.01755,1.755
294.30,0.01755,1.755
294.31,0.01755,1.755
294.32,0.01755,1.755
294.33,0.01755,1.755
294.34,0.01755,1.755
294.35,0.01755,1.755
294.36,0.01755,1.755
294.37,0.01755,1.755
294.37,0.01755,1.755
294.38,0.01755,1.755
294.39,0.01755,1.755
294.40,0.01755,1.755
294.41,0.01755,1.755
294.42,0.01755,1.755
294.43,0.01755,1.755
294.44,0.01755,1.755
294.45,0.01755,1.755
294.46,0.01755,1.755
294.46,0.01755,1.755
294.47,0.01755,1.755
294.48,0.01755,1.755
294.49,0.01755,1.755
294.50,0.01755,1.755
294.51,0.01755,1.755
294.52,0.01755,1.755
294.53,0.01755,1.755
294.54,0.01755,1.755
294.54,0.01755,1.755
294.55,0.01755,1.755
294.56,0.01755,1.755
294.57,0.01755,1.755
294.58,0.01755,1.755
294.59,0.01755,1.755
294.60,0.01755,1.755
294.61,0.01755,1.755
294.62,0.01755,1.755
294.63,0.01755,1.755
294.63,0.01755,1.755
294.64,0.01755,1.755
294.65,0.01755,1.755
294.66,0.01755,1.755
294.67,0.01755,1.755
294.68,0.01755,1.755
294.69,0.01755,1.755
294.70,0.01755,1.755
294.71,0.01755,1.755
294.71,0.01755,1.755
294.72,0.01755,1.755
294.73,0.01755,1.755
294.74,0.01755,1.755
294.75,0.01755,1.755
294.76,0.01755,1.755
294.77,0.01755,1.755
294.78,0.01755,1.755
294.79,0.01755,1.755
294.80,0.01755,1.755
294.80,0.01755,1.755
294.81,0.01755,1.755
294.82,0.01755,1.755
294.83,0.01755,1.755
294.84,0.01755,1.755
294.85,0.01755,1.755
294.86,0.01755,1.755
294.87,0.01756,1.756
294.88,0.01756,1.756
294.89,0.01756,1.756
294.89,0.01756,1.756
294.90,0.01756,1.756
294.91,0.01756,1.756
294.92,0.01756,1.756
294.93,0.01756,1.756
294.94,0.01756,1.756
294.95,0.01756,1.756
294.96,0.01756,1.756
294.97,0.01756,1.756
294.98,0.01756,1.756
294.98,0.01756,1.756
294.99,0.01756,1.756
295.00,0.01756,1.756
295.01,0.01756,1.756
295.02,0.01756,1.756
295.03,0.01756,1.756
295.04,0.01756,1.756
295.05,0.01756,1.756
295.06,0.01756,1.756
295.06,0.01756,1.756
295.07,0.01756,1.756
295.08,0.01756,1.756
295.09,0.01756,1.756
295.10,0.01756,1.756
295.11,0.01756,1.756
295.12,0.01756,1.756
295.13,0.01756,1.756
295.14,0.01756,1.756
295.15,0.01756,1.756
295.15,0.01756,1.756
295.16,0.01756,1.756
295.17,0.01756,1.756
295.18,0.01756,1.756
295.19,0.01756,1.756
295.20,0.01756,1.756
295.21,0.01756,1.756
295.22,0.01756,1.756
295.23,0.01756,1.756
295.24,0.01756,1.756
295.24,0.01756,1.756
295.25,0.01756,1.756
295.26,0.01756,1.756
295.27,0.01756,1.756
295.28,0.01756,1.756
295.29,0.01756,1.756
295.30,0.01756,1.756
295.31,0.01756,1.756
295.32,0.01756,1.756
295.33,0.01756,1.756
295.33,0.01756,1.756
295.34,0.01756,1.756
295.35,0.01756,1.756
295.36,0.01756,1.756
295.37,0.01756,1.756
295.38,0.01756,1.756
295.39,0.01756,1.756
295.40,0.01756,1.756
295.41,0.01756,1.756
295.41,0.01756,1.756
295.42,0.01756,1.756
295.43,0.01756,1.756
295.44,0.01756,1.756
295.45,0.01756,1.756
295.46,0.01756,1.756
295.47,0.01756,1.756
295.48,0.01756,1.756
295.49,0.01756,1.756
295.50,0.01756,1.756
295.50,0.01756,1.756
295.51,0.01756,1.756
295.52,0.01756,1.756
295.53,0.01756,1.756
295.54,0.01756,1.756
295.55,0.01756,1.756
295.56,0.01756,1.756
295.57,0.01756,1.756
295.58,0.01756,1.756
295.59,0.01756,1.756
295.59,0.01756,1.756
295.60,0.01756,1.756
295.61,0.01756,1.756
295.62,0.01756,1.756
295.63,0.01756,1.756
295.64,0.01756,1.756
295.65,0.01756,1.756
295.66,0.01756,1.756
295.67,0.01756,1.756
295.68,0.01756,1.756
295.68,0.01757,1.757
295.69,0.01757,1.757
295.70,0.01757,1.757
295.71,0.01757,1.757
295.72,0.01757,1.757
295.73,0.01757,1.757
295.74,0.01757,1.757
295.75,0.01757,1.757
295.76,0.01757,1.757
295.76,0.01757,1.757
295.77,0.01757,1.757
295.78,0.01757,1.757
295.79,0.01757,1.757
295.80,0.01757,1.757
295.81,0.01757,1.757
295.82,0.01757,1.757
295.83,0.01757,1.757
295.84,0.01757,1.757
295.85,0.01757,1.757
295.85,0.01757,1.757
295.86,0.01757,1.757
295.87,0.01757,1.757
295.88,0.01757,1.757
295.89,0.01757,1.757
295.90,0.01757,1.757
295.91,0.01757,1.757
295.92,0.01757,1.757
295.93,0.01757,1.757
295.94,0.01757,1.757
295.94,0.01757,1.757
295.95,0.01757,1.757
295.96,0.01757,1.757
295.97,0.01757,1.757
295.98,0.01757,1.757
295.99,0.01757,1.757
296.00,0.01757,1.757
296.01,0.01757,1.757
296.02,0.01757,1.757
296.02,0.01757,1.757
296.03,0.01757,1.757
296.04,0.01757,1.757
296.05,0.01757,1.757
296.06,0.01757,1.757
296.07,0.01757,1.757
296.08,0.01757,1.757
296.09,0.01757,1.757
296.10,0.01757,1.757
296.11,0.01757,1.757
296.11,0.01757,1.757
296.12,0.01757,1.757
296.13,0.01757,1.757
296.14,0.01757,1.757
296.15,0.01757,1.757
296.16,0.01757,1.757
296.17,0.01757,1.757
296.18,0.01757,1.757
296.19,0.01757,1.757
296.19,0.01757,1.757
296.20,0.01757,1.757
296.21,0.01757,1.757
296.22,0.01757,1.757
296.23,0.01757,1.757
296.24,0.01757,1.757
296.25,0.01757,1.757
296.26,0.01757,1.757
296.27,0.01757,1.757
296.28,0.01757,1.757
296.28,0.01757,1.757
296.29,0.01757,1.757
296.30,0.01757,1.757
296.31,0.01757,1.757
296.32,0.01757,1.757
296.33,0.01757,1.757
296.34,0.01757,1.757
296.35,0.01757,1.757
296.36,0.01757,1.757
296.37,0.01757,1.757
296.37,0.01757,1.757
296.38,0.01757,1.757
296.39,0.01757,1.757
296.40,0.01757,1.757
296.41,0.01757,1.757
296.42,0.01757,1.757
296.43,0.01757,1.757
296.44,0.01757,1.757
296.45,0.01757,1.757
296.45,0.01757,1.757
296.46,0.01757,1.757
296.47,0.01757,1.757
296.48,0.01757,1.757
296.49,0.01757,1.757
296.50,0.01758,1.758
296.51,0.01758,1.758
296.52,0.01758,1.758
296.53,0.01758,1.758
296.54,0.01758,1.758
296.54,0.01758,1.758
296.55,0.01758,1.758
296.56,0.01758,1.758
296.57,0.01758,1.758
296.58,0.01758,1.758
296.59,0.01758,1.758
296.60,0.01758,1.758
296.61,0.01758,1.758
296.62,0.01758,1.758
296.63,0.01758,1.758
296.63,0.01758,1.758
296.64,0.01758,1.758
296.65,0.01758,1.758
296.66,0.01758,1.758
296.67,0.01758,1.758
296.68,0.01758,1.758
296.69,0.01758,1.758
296.70,0.01758,1.758
296.71,0.01758,1.758
296.71,0.01758,1.758
296.72,0.01758,1.758
296.73,0.01758,1.758
296.74,0.01758,1.758
296.75,0.01758,1.758
296.76,0.01758,1.758
296.77,0.01758,1.758
296.78,0.01758,1.758
296.79,0.01758,1.758
296.80,0.01758,1.758
296.80,0.01758,1.758
296.81,0.01758,1.758
296.82,0.01758,1.758
296.83,0.01758,1.758
296.84,0.01758,1.758
296.85,0.01758,1.758
296.86,0.01758,1.758
296.87,0.01758,1.758
296.88,0.01758,1.758
296.89,0.01758,1.758
296.89,0.01758,1.758
296.90,0.01758,1.758
296.91,0.01758,1.758
296.92,0.01758,1.758
296.93,0.01758,1.758
296.94,0.01758,1.758
296.95,0.01758,1.758
296.96,0.01758,1.758
296.97,0.01758,1.758
296.97,0.01758,1.758
296.98,0.01758,1.758
296.99,0.01758,1.758
297.00,0.01758,1.758
297.01,0.01758,1.758
297.02,0.01758,1.758
297.03,0.01758,1.758
297.04,0.01758,1.758
297.05,0.01758,1.758
297.06,0.01758,1.758
297.06,0.01758,1.758
297.07,0.01758,1.758
297.08,0.01758,1.758
297.09,0.01758,1.758
297.10,0.01758,1.758
297.11,0.01758,1.758
297.12,0.01758,1.758
297.13,0.01758,1.758
297.14,0.01758,1.758
297.15,0.01758,1.758
297.15,0.01758,1.758
297.16,0.01758,1.758
297.17,0.01758,1.758
297.18,0.01758,1.758
297.19,0.01758,1.758
297.20,0.01758,1.758
297.21,0.01758,1.758
297.22,0.01758,1.758
297.23,0.01758,1.758
297.24,0.01758,1.758
297.24,0.01758,1.758
297.25,0.01758,1.758
297.26,0.01758,1.758
297.27,0.01758,1.758
297.28,0.01758,1.758
297.29,0.01758,1.758
297.30,0.01758,1.758
297.31,0.01758,1.758
297.32,0.01758,1.758
297.32,0.01758,1.758
297.33,0.01759,1.759
297.34,0.01759,1.759
297.35,0.01759,1.759
297.36,0.01759,1.759
297.37,0.01759,1.759
297.38,0.01759,1.759
297.39,0.01759,1.759
297.40,0.01759,1.759
297.41,0.01759,1.759
297.41,0.01759,1.759
297.42,0.01759,1.759
297.43,0.01759,1.759
297.44,0.01759,1.759
297.45,0.01759,1.759
297.46,0.01759,1.759
297.47,0.01759,1.759
297.48,0.01759,1.759
297.49,0.01759,1.759
297.50,0.01759,1.759
297.50,0.01759,1.759
297.51,0.01759,1.759
297.52,0.01759,1.759
297.53,0.01759,1.759
297.54,0.01759,1.759
297.55,0.01759,1.759
297.56,0.01759,1.759
297.57,0.01759,1.759
297.58,0.01759,1.759
297.59,0.01759,1.759
297.59,0.01759,1.759
297.60,0.01759,1.759
297.61,0.01759,1.759
297.62,0.01759,1.759
297.63,0.01759,1.759
297.64,0.01759,1.759
297.65,0.01759,1.759
297.66,0.01759,1.759
297.67,0.01759,1.759
297.67,0.01759,1.759
297.68,0.01759,1.759
297.69,0.01759,1.759
297.70,0.01759,1.759
297.71,0.01759,1.759
297.72,0.01759,1.759
297.73,0.01759,1.759
297.74,0.01759,1.759
297.75,0.01759,1.759
297.76,0.01759,1.759
297.76,0.01759,1.759
297.77,0.01759,1.759
297.78,0.01759,1.759
297.79,0.01759,1.759
297.80,0.01759,1.759
297.81,0.01759,1.759
297.82,0.01759,1.759
297.83,0.01759,1.759
297.84,0.01759,1.759
297.85,0.01759,1.759
297.85,0.01759,1.759
297.86,0.01759,1.759
297.87,0.01759,1.759
297.88,0.01759,1.759
297.89,0.01759,1.759
297.90,0.01759,1.759
297.91,0.01759,1.759
297.92,0.01759,1.759
297.93,0.01759,1.759
297.94,0.01759,1.759
297.94,0.01759,1.759
297.95,0.01759,1.759
297.96,0.01759,1.759
297.97,0.01759,1.759
297.98,0.01759,1.759
297.99,0.01759,1.759
298.00,0.01759,1.759
298.01,0.01759,1.759
298.02,0.01759,1.759
298.02,0.01759,1.759
298.03,0.01759,1.759
298.04,0.01759,1.759
298.05,0.01759,1.759
298.06,0.01759,1.759
298.07,0.01759,1.759
298.08,0.01759,1.759
298.09,0.01759,1.759
298.10,0.01759,1.759
298.11,0.01759,1.759
298.11,0.01759,1.759
298.12,0.01759,1.759
298.13,0.01759,1.759
298.14,0.01759,1.759
298.15,0.01759,1.759
298.16,0.01759,1.759
298.17,0.01759,1.759
298.18,0.01759,1.759
298.19,0.01760,1.760
298.20,0.01760,1.760
298.20,0.01760,1.760
298.21,0.01760,1.760
298.22,0.01760,1.760
298.23,0.01760,1.760
298.24,0.01760,1.760
298.25,0.01760,1.760
298.26,0.01760,1.760
298.27,0.01760,1.760
298.28,0.01760,1.760
298.28,0.01760,1.760
298.29,0.01760,1.760
298.30,0.01760,1.760
298.31,0.01760,1.760
298.32,0.01760,1.760
298.33,0.01760,1.760
298.34,0.01760,1.760
298.35,0.01760,1.760
298.36,0.01760,1.760
298.37,0.01760,1.760
298.37,0.01760,1.760
298.38,0.01760,1.760
298.39,0.01760,1.760
298.40,0.01760,1.760
298.41,0.01760,1.760
298.42,0.01760,1.760
298.43,0.01760,1.760
298.44,0.01760,1.760
298.45,0.01760,1.760
298.46,0.01760,1.760
298.46,0.01760,1.760
298.47,0.01760,1.760
298.48,0.01760,1.760
298.49,0.01760,1.760
298.50,0.01760,1.760
298.51,0.01760,1.760
298.52,0.01760,1.760
298.53,0.01760,1.760
298.54,0.01760,1.760
298.55,0.01760,1.760
298.55,0.01760,1.760
298.56,0.01760,1.760
298.57,0.01760,1.760
298.58,0.01760,1.760
298.59,0.01760,1.760
298.60,0.01760,1.760
298.61,0.01760,1.760
298.62,0.01760,1.760
298.63,0.01760,1.760
298.63,0.01760,1.760
298.64,0.01760,1.760
298.65,0.01760,1.760
298.66,0.01760,1.760
298.67,0.01760,1.760
298.68,0.01760,1.760
298.69,0.01760,1.760
298.70,0.01760,1.760
298.71,0.01760,1.760
298.72,0.01760,1.760
298.72,0.01760,1.760
298.73,0.01760,1.760
298.74,0.01760,1.760
298.75,0.01760,1.760
298.76,0.01760,1.760
298.77,0.01760,1.760
298.78,0.01760,1.760
298.79,0.01760,1.760
298.80,0.01760,1.760
298.81,0.01760,1.760
298.81,0.01760,1.760
298.82,0.01760,1.760
298.83,0.01760,1.760
298.84,0.01760,1.760
298.85,0.01760,1.760
298.86,0.01760,1.760
298.87,0.01760,1.760
298.88,0.01760,1.760
298.89,0.01760,1.760
298.89,0.01760,1.760
298.90,0.01760,1.760
298.91,0.01760,1.760
298.92,0.01760,1.760
298.93,0.01760,1.760
298.94,0.01760,1.760
298.95,0.01760,1.760
298.96,0.01760,1.760
298.97,0.01760,1.760
298.98,0.01760,1.760
298.98,0.01760,1.760
298.99,0.01760,1.760
299.00,0.01760,1.760
299.01,0.01760,1.760
299.02,0.01760,1.760
299.03,0.01761,1.761
299.04,0.01761,1.761
299.05,0.01761,1.761
299.06,0.01761,1.761
299.07,0.01761,1.761
299.07,0.01761,1.761
299.08,0.01761,1.761
299.09,0.01761,1.761
299.10,0.01761,1.761
299.11,0.01761,1.761
299.12,0.01761,1.761
299.13,0.01761,1.761
299.14,0.01761,1.761
299.15,0.01761,1.761
299.15,0.01761,1.761
299.16,0.01761,1.761
299.17,0.01761,1.761
299.18,0.01761,1.761
299.19,0.01761,1.761
299.20,0.01761,1.761
299.21,0.01761,1.761
299.22,0.01761,1.761
299.23,0.01761,1.761
299.24,0.01761,1.761
299.24,0.01761,1.761
299.25,0.01761,1.761
299.26,0.01761,1.761
299.27,0.01761,1.761
299.28,0.01761,1.761
299.29,0.01761,1.761
299.30,0.01761,1.761
299.31,0.01761,1.761
299.32,0.01761,1.761
299.33,0.01761,1.761
299.33,0.01761,1.761
299.34,0.01761,1.761
299.35,0.01761,1.761
299.36,0.01761,1.761
299.37,0.01761,1.761
299.38,0.01761,1.761
299.39,0.01761,1.761
299.40,0.01761,1.761
299.41,0.01761,1.761
299.42,0.01761,1.761
299.42,0.01761,1.761
299.43,0.01761,1.761
299.44,0.01761,1.761
299.45,0.01761,1.761
299.46,0.01761,1.761
299.47,0.01761,1.761
299.48,0.01761,1.761
299.49,0.01761,1.761
299.50,0.01761,1.761
299.50,0.01761,1.761
299.51,0.01761,1.761
299.52,0.01761,1.761
299.53,0.01761,1.761
299.54,0.01761,1.761
299.55,0.01761,1.761
299.56,0.01761,1.761
299.57,0.01761,1.761
299.58,0.01761,1.761
299.59,0.01761,1.761
299.59,0.01761,1.761
299.60,0.01761,1.761
299.61,0.01761,1.761
299.62,0.01761,1.761
299.63,0.01761,1.761
299.64,0.01761,1.761
299.65,0.01761,1.761
299.66,0.01761,1.761
299.67,0.01761,1.761
299.68,0.01761,1.761
299.68,0.01761,1.761
299.69,0.01761,1.761
299.70,0.01761,1.761
299.71,0.01761,1.761
299.72,0.01761,1.761
299.73,0.01761,1.761
299.74,0.01761,1.761
299.75,0.01761,1.761
299.76,0.01761,1.761
299.77,0.01761,1.761
299.77,0.01761,1.761
299.78,0.01761,1.761
299.79,0.01761,1.761
299.80,0.01761,1.761
299.81,0.01761,1.761
299.82,0.01761,1.761
299.83,0.01761,1.761
299.84,0.01761,1.761
299.85,0.01761,1.761
299.86,0.01761,1.761
299.86,0.01761,1.761
299.87,0.01761,1.761
299.88,0.01761,1.761
299.89,0.01761,1.761
299.90,0.01761,1.761
299.91,0.01761,1.761
299.92,0.01761,1.761
299.93,0.01761,1.761
299.94,0.01761,1.761
299.95,0.01761,1.761
299.95,0.01761,1.761
299.96,0.01762,1.762
299.97,0.01762,1.762
299.98,0.01762,1.762
299.99,0.01762,1.762
300.00,0.01762,1.762
300.01,0.01762,1.762
300.02,0.01762,1.762
300.03,0.01762,1.762
300.03,0.01762,1.762
300.04,0.01762,1.762
300.05,0.01762,1.762
300.06,0.01762,1.762
300.07,0.01762,1.762
300.08,0.01762,1.762
300.09,0.01762,1.762
300.10,0.01762,1.762
300.11,0.01762,1.762
300.12,0.01762,1.762
300.12,0.01762,1.762
300.13,0.01762,1.762
300.14,0.01762,1.762
300.15,0.01762,1.762
300.16,0.01762,1.762
300.17,0.01762,1.762
300.18,0.01762,1.762
300.19,0.01762,1.762
300.20,0.01762,1.762
300.21,0.01762,1.762
300.21,0.01762,1.762
300.22,0.01762,1.762
300.23,0.01762,1.762
300.24,0.01762,1.762
300.25,0.01762,1.762
300.26,0.01762,1.762
300.27,0.01762,1.762
300.28,0.01762,1.762
300.29,0.01762,1.762
300.30,0.01762,1.762
300.30,0.01762,1.762
300.31,0.01762,1.762
300.32,0.01762,1.762
300.33,0.01762,1.762
300.34,0.01762,1.762
300.35,0.01762,1.762
300.36,0.01762,1.762
300.37,0.01762,1.762
300.38,0.01762,1.762
300.39,0.01762,1.762
300.39,0.01762,1.762
300.40,0.01762,1.762
300.41,0.01762,1.762
300.42,0.01762,1.762
300.43,0.01762,1.762
300.44,0.01762,1.762
300.45,0.01762,1.762
300.46,0.01762,1.762
300.47,0.01762,1.762
300.47,0.01762,1.762
300.48,0.01762,1.762
300.49,0.01762,1.762
300.50,0.01762,1.762
300.51,0.01762,1.762
300.52,0.01762,1.762
300.53,0.01762,1.762
300.54,0.01762,1.762
300.55,0.01762,1.762
300.56,0.01762,1.762
300.56,0.01762,1.762
300.57,0.01762,1.762
300.58,0.01762,1.762
300.59,0.01762,1.762
300.60,0.01762,1.762
300.61,0.01762,1.762
300.62,0.01762,1.762
300.63,0.01762,1.762
300.64,0.01762,1.762
300.65,0.01762,1.762
300.65,0.01762,1.762
300.66,0.01762,1.762
300.67,0.01762,1.762
300.68,0.01762,1.762
300.69,0.01762,1.762
300.70,0.01762,1.762
300.71,0.01762,1.762
300.72,0.01762,1.762
300.73,0.01762,1.762
300.73,0.01762,1.762
300.74,0.01762,1.762
300.75,0.01762,1.762
300.76,0.01762,1.762
300.77,0.01762,1.762
300.78,0.01762,1.762
300.79,0.01762,1.762
300.80,0.01762,1.762
300.81,0.01762,1.762
300.82,0.01762,1.762
300.82,0.01762,1.762
300.83,0.01762,1.762
300.84,0.01762,1.762
300.85,0.01762,1.762
300.86,0.01762,1.762
300.87,0.01762,1.762
300.88,0.01762,1.762
300.89,0.01763,1.763
300.90,0.01763,1.763
300.91,0.01763,1.763
300.91,0.01763,1.763
300.92,0.01763,1.763
300.93,0.01763,1.763
300.94,0.01763,1.763
300.95,0.01763,1.763
300.96,0.01763,1.763
300.97,0.01763,1.763
300.98,0.01763,1.763
300.99,0.01763,1.763
300.99,0.01763,1.763
301.00,0.01763,1.763
301.01,0.01763,1.763
301.02,0.01763,1.763
301.03,0.01763,1.763
301.04,0.01763,1.763
301.05,0.01763,1.763
301.06,0.01763,1.763
301.07,0.01763,1.763
301.08,0.01763,1.763
301.08,0.01763,1.763
301.09,0.01763,1.763
301.10,0.01763,1.763
301.11,0.01763,1.763
301.12,0.01763,1.763
301.13,0.01763,1.763
301.14,0.01763,1.763
301.15,0.01763,1.763
301.16,0.01763,1.763
301.17,0.01763,1.763
301.17,0.01763,1.763
301.18,0.01763,1.763
301.19,0.01763,1.763
301.20,0.01763,1.763
301.21,0.01763,1.763
301.22,0.01763,1.763
301.23,0.01763,1.763
301.24,0.01763,1.763
301.25,0.01763,1.763
301.26,0.01763,1.763
301.26,0.01763,1.763
301.27,0.01763,1.763
301.28,0.01763,1.763
301.29,0.01763,1.763
301.30,0.01763,1.763
301.31,0.01763,1.763
301.32,0.01763,1.763
301.33,0.01763,1.763
301.34,0.01763,1.763
301.34,0.01763,1.763
301.35,0.01763,1.763
301.36,0.01763,1.763
301.37,0.01763,1.763
301.38,0.01763,1.763
301.39,0.01763,1.763
301.40,0.01763,1.763
301.41,0.01763,1.763
301.42,0.01763,1.763
301.43,0.01763,1.763
301.43,0.01763,1.763
301.44,0.01763,1.763
301.45,0.01763,1.763
301.46,0.01763,1.763
301.47,0.01763,1.763
301.48,0.01763,1.763
301.49,0.01763,1.763
301.50,0.01763,1.763
301.51,0.01763,1.763
301.52,0.01763,1.763
301.52,0.01763,1.763
301.53,0.01763,1.763
301.54,0.01763,1.763
301.55,0.01763,1.763
301.56,0.01763,1.763
301.57,0.01763,1.763
301.58,0.01763,1.763
301.59,0.01763,1.763
301.60,0.01763,1.763
301.61,0.01763,1.763
301.61,0.01763,1.763
301.62,0.01763,1.763
301.63,0.01763,1.763
301.64,0.01763,1.763
301.65,0.01763,1.763
301.66,0.01763,1.763
301.67,0.01763,1.763
301.68,0.01763,1.763
301.69,0.01763,1.763
301.70,0.01763,1.763
301.70,0.01763,1.763
301.71,0.01763,1.763
301.72,0.01763,1.763
301.73,0.01763,1.763
301.74,0.01763,1.763
301.75,0.01763,1.763
301.76,0.01763,1.763
301.77,0.01763,1.763
301.78,0.01763,1.763
301.79,0.01764,1.764
301.79,0.01764,1.764
301.80,0.01764,1.764
301.81,0.01764,1.764
301.82,0.01764,1.764
301.83,0.01764,1.764
301.84,0.01764,1.764
301.85,0.01764,1.764
301.86,0.01764,1.764
301.87,0.01764,1.764
301.87,0.01764,1.764
301.88,0.01764,1.764
301.89,0.01764,1.764
301.90,0.01764,1.764
301.91,0.01764,1.764
301.92,0.01764,1.764
301.93,0.01764,1.764
301.94,0.01764,1.764
301.95,0.01764,1.764
301.96,0.01764,1.764
301.96,0.01764,1.764
301.97,0.01764,1.764
301.98,0.01764,1.764
301.99,0.01764,1.764
302.00,0.01764,1.764
302.01,0.01764,1.764
302.02,0.01764,1.764
302.03,0.01764,1.764
302.04,0.01764,1.764
302.05,0.01764,1.764
302.05,0.01764,1.764
302.06,0.01764,1.764
302.07,0.01764,1.764
302.08,0.01764,1.764
302.09,0.01764,1.764
302.10,0.01764,1.764
302.11,0.01764,1.764
302.12,0.01764,1.764
302.13,0.01764,1.764
302.14,0.01764,1.764
302.14,0.01764,1.764
302.15,0.01764,1.764
302.16,0.01764,1.764
302.17,0.01764,1.764
302.18,0.01764,1.764
302.19,0.01764,1.764
302.20,0.01764,1.764
302.21,0.01764,1.764
302.22,0.01764,1.764
302.23,0.01764,1.764
302.23,0.01764,1.764
302.24,0.01764,1.764
302.25,0.01764,1.764
302.26,0.01764,1.764
302.27,0.01764,1.764
302.28,0.01764,1.764
302.29,0.01764,1.764
302.30,0.01764,1.764
302.31,0.01764,1.764
302.31,0.01764,1.764
302.32,0.01764,1.764
302.33,0.01764,1.764
302.34,0.01764,1.764
302.35,0.01764,1.764
302.36,0.01764,1.764
302.37,0.01764,1.764
302.38,0.01764,1.764
302.39,0.01764,1.764
302.40,0.01764,1.764
302.40,0.01764,1.764
302.41,0.01764,1.764
302.42,0.01764,1.764
302.43,0.01764,1.764
302.44,0.01764,1.764
302.45,0.01764,1.764
302.46,0.01764,1.764
302.47,0.01764,1.764
302.48,0.01764,1.764
302.49,0.01764,1.764
302.49,0.01764,1.764
302.50,0.01764,1.764
302.51,0.01764,1.764
302.52,0.01764,1.764
302.53,0.01764,1.764
302.54,0.01764,1.764
302.55,0.01764,1.764
302.56,0.01764,1.764
302.57,0.01764,1.764
302.58,0.01764,1.764
302.58,0.01764,1.764
302.59,0.01764,1.764
302.60,0.01764,1.764
302.61,0.01764,1.764
302.62,0.01764,1.764
302.63,0.01764,1.764
302.64,0.01764,1.764
302.65,0.01764,1.764
302.66,0.01764,1.764
302.66,0.01764,1.764
302.67,0.01764,1.764
302.68,0.01764,1.764
302.69,0.01765,1.765
302.70,0.01765,1.765
302.71,0.01765,1.765
302.72,0.01765,1.765
302.73,0.01765,1.765
302.74,0.01765,1.765
302.75,0.01765,1.765
302.75,0.01765,1.765
302.76,0.01765,1.765
302.77,0.01765,1.765
302.78,0.01765,1.765
302.79,0.01765,1.765
302.80,0.01765,1.765
302.81,0.01765,1.765
302.82,0.01765,1.765
302.83,0.01765,1.765
302.84,0.01765,1.765
302.84,0.01765,1.765
302.85,0.01765,1.765
302.86,0.01765,1.765
302.87,0.01765,1.765
302.88,0.01765,1.765
302.89,0.01765,1.765
302.90,0.01765,1.765
302.91,0.01765,1.765
302.92,0.01765,1.765
302.92,0.01765,1.765
302.93,0.01765,1.765
302.94,0.01765,1.765
302.95,0.01765,1.765
302.96,0.01765,1.765
302.97,0.01765,1.765
302.98,0.01765,1.765
302.99,0.01765,1.765
303.00,0.01765,1.765
303.01,0.01765,1.765
303.01,0.01765,1.765
303.02,0.01765,1.765
303.03,0.01765,1.765
303.04,0.01765,1.765
303.05,0.01765,1.765
303.06,0.01765,1.765
303.07,0.01765,1.765
303.08,0.01765,1.765
303.09,0.01765,1.765
303.10,0.01765,1.765
303.10,0.01765,1.765
303.11,0.01765,1.765
303.12,0.01765,1.765
303.13,0.01765,1.765
303.14,0.01765,1.765
303.15,0.01765,1.765
303.16,0.01765,1.765
303.17,0.01765,1.765
303.18,0.01765,1.765
303.19,0.01765,1.765
303.19,0.01765,1.765
303.20,0.01765,1.765
303.21,0.01765,1.765
303.22,0.01765,1.765
303.23,0.01765,1.765
303.24,0.01765,1.765
303.25,0.01765,1.765
303.26,0.01765,1.765
303.27,0.01765,1.765
303.27,0.01765,1.765
303.28,0.01765,1.765
303.29,0.01765,1.765
303.30,0.01765,1.765
303.31,0.01765,1.765
303.32,0.01765,1.765
303.33,0.01765,1.765
303.34,0.01765,1.765
303.35,0.01765,1.765
303.36,0.01765,1.765
303.36,0.01765,1.765
303.37,0.01765,1.765
303.38,0.01765,1.765
303.39,0.01765,1.765
303.40,0.01765,1.765
303.41,0.01765,1.765
303.42,0.01765,1.765
303.43,0.01765,1.765
303.44,0.01765,1.765
303.45,0.01765,1.765
303.45,0.01765,1.765
303.46,0.01765,1.765
303.47,0.01765,1.765
303.48,0.01765,1.765
303.49,0.01765,1.765
303.50,0.01765,1.765
303.51,0.01765,1.765
303.52,0.01765,1.765
303.53,0.01765,1.765
303.54,0.01765,1.765
303.54,0.01765,1.765
303.55,0.01765,1.765
303.56,0.01765,1.765
303.57,0.01765,1.765
303.58,0.01765,1.765
303.59,0.01765,1.765
303.60,0.01765,1.765
303.61,0.01765,1.765
303.62,0.01765,1.765
303.63,0.01765,1.765
303.63,0.01766,1.766
303.64,0.01766,1.766
303.65,0.01766,1.766
303.66,0.01766,1.766
303.67,0.01766,1.766
303.68,0.01766,1.766
303.69,0.01766,1.766
303.70,0.01766,1.766
303.71,0.01766,1.766
303.72,0.01766,1.766
303.72,0.01766,1.766
303.73,0.01766,1.766
303.74,0.01766,1.766
303.75,0.01766,1.766
303.76,0.01766,1.766
303.77,0.01766,1.766
303.78,0.01766,1.766
303.79,0.01766,1.766
303.80,0.01766,1.766
303.81,0.01766,1.766
303.81,0.01766,1.766
303.82,0.01766,1.766
303.83,0.01766,1.766
303.84,0.01766,1.766
303.85,0.01766,1.766
303.86,0.01766,1.766
303.87,0.01766,1.766
303.88,0.01766,1.766
303.89,0.01766,1.766
303.90,0.01766,1.766
303.90,0.01766,1.766
303.91,0.01766,1.766
303.92,0.01766,1.766
303.93,0.01766,1.766
303.94,0.01766,1.766
303.95,0.01766,1.766
303.96,0.01766,1.766
303.97,0.01766,1.766
303.98,0.01766,1.766
303.99,0.01766,1.766
303.99,0.01766,1.766
304.00,0.01766,1.766
304.01,0.01766,1.766
304.02,0.01766,1.766
304.03,0.01766,1.766
304.04,0.01766,1.766
304.05,0.01766,1.766
304.06,0.01766,1.766
304.07,0.01766,1.766
304.07,0.01766,1.766
304.08,0.01766,1.766
304.09,0.01766,1.766
304.10,0.01766,1.766
304.11,0.01766,1.766
304.12,0.01766,1.766
304.13,0.01766,1.766
304.14,0.01766,1.766
304.15,0.01766,1.766
304.16,0.01766,1.766
304.16,0.01766,1.766
304.17,0.01766,1.766
304.18,0.01766,1.766
304.19,0.01766,1.766
304.20,0.01766,1.766
304.21,0.01766,1.766
304.22,0.01766,1.766
304.23,0.01766,1.766
304.24,0.01766,1.766
304.25,0.01766,1.766
304.25,0.01766,1.766
304.26,0.01766,1.766
304.27,0.01766,1.766
304.28,0.01766,1.766
304.29,0.01766,1.766
304.30,0.01766,1.766
304.31,0.01766,1.766
304.32,0.01766,1.766
304.33,0.01766,1.766
304.34,0.01766,1.766
304.34,0.01766,1.766
304.35,0.01766,1.766
304.36,0.01766,1.766
304.37,0.01766,1.766
304.38,0.01766,1.766
304.39,0.01766,1.766
304.40,0.01766,1.766
304.41,0.01766,1.766
304.42,0.01766,1.766
304.42,0.01766,1.766
304.43,0.01766,1.766
304.44,0.01766,1.766
304.45,0.01766,1.766
304.46,0.01766,1.766
304.47,0.01766,1.766
304.48,0.01766,1.766
304.49,0.01766,1.766
304.50,0.01766,1.766
304.51,0.01766,1.766
304.51,0.01766,1.766
304.52,0.01766,1.766
304.53,0.01766,1.766
304.54,0.01766,1.766
304.55,0.01766,1.766
304.56,0.01767,1.767
304.57,0.01767,1.767
304.58,0.01767,1.767
304.59,0.01767,1.767
304.60,0.01767,1.767
304.60,0.01767,1.767
304.61,0.01767,1.767
304.62,0.01767,1.767
304.63,0.01767,1.767
304.64,0.01767,1.767
304.65,0.01767,1.767
304.66,0.01767,1.767
304.67,0.01767,1.767
304.68,0.01767,1.767
304.69,0.01767,1.767
304.69,0.01767,1.767
304.70,0.01767,1.767
304.71,0.01767,1.767
304.72,0.01767,1.767
304.73,0.01767,1.767
304.74,0.01767,1.767
304.75,0.01767,1.767
304.76,0.01767,1.767
304.77,0.01767,1.767
304.77,0.01767,1.767
304.78,0.01767,1.767
304.79,0.01767,1.767
304.80,0.01767,1.767
304.81,0.01767,1.767
304.82,0.01767,1.767
304.83,0.01767,1.767
304.84,0.01767,1.767
304.85,0.01767,1.767
304.86,0.01767,1.767
304.86,0.01767,1.767
304.87,0.01767,1.767
304.88,0.01767,1.767
304.89,0.01767,1.767
304.90,0.01767,1.767
304.91,0.01767,1.767
304.92,0.01767,1.767
304.93,0.01767,1.767
304.94,0.01767,1.767
304.95,0.01767,1.767
304.95,0.01767,1.767
304.96,0.01767,1.767
304.97,0.01767,1.767
304.98,0.01767,1.767
304.99,0.01767,1.767
305.00,0.01767,1.767
305.01,0.01767,1.767
305.02,0.01767,1.767
305.03,0.01767,1.767
305.04,0.01767,1.767
305.04,0.01767,1.767
305.05,0.01767,1.767
305.06,0.01767,1.767
305.07,0.01767,1.767
305.08,0.01767,1.767
305.09,0.01767,1.767
305.10,0.01767,1.767
305.11,0.01767,1.767
305.12,0.01767,1.767
305.13,0.01767,1.767
305.13,0.01767,1.767
305.14,0.01767,1.767
305.15,0.01767,1.767
305.16,0.01767,1.767
305.17,0.01767,1.767
305.18,0.01767,1.767
305.19,0.01767,1.767
305.20,0.01767,1.767
305.21,0.01767,1.767
305.21,0.01767,1.767
305.22,0.01767,1.767
305.23,0.01767,1.767
305.24,0.01767,1.767
305.25,0.01767,1.767
305.26,0.01767,1.767
305.27,0.01767,1.767
305.28,0.01767,1.767
305.29,0.01767,1.767
305.30,0.01767,1.767
305.30,0.01767,1.767
305.31,0.01767,1.767
305.32,0.01767,1.767
305.33,0.01767,1.767
305.34,0.01767,1.767
305.35,0.01767,1.767
305.36,0.01767,1.767
305.37,0.01767,1.767
305.38,0.01767,1.767
305.39,0.01767,1.767
305.39,0.01767,1.767
305.40,0.01767,1.767
305.41,0.01767,1.767
305.42,0.01767,1.767
305.43,0.01767,1.767
305.44,0.01767,1.767
305.45,0.01767,1.767
305.46,0.01767,1.767
305.47,0.01767,1.767
305.48,0.01767,1.767
305.48,0.01767,1.767
305.49,0.01767,1.767
305.50,0.01767,1.767
305.51,0.01768,1.768
305.52,0.01768,1.768
305.53,0.01768,1.768
305.54,0.01768,1.768
305.55,0.01768,1.768
305.56,0.01768,1.768
305.57,0.01768,1.768
305.57,0.01768,1.768
305.58,0.01768,1.768
305.59,0.01768,1.768
305.60,0.01768,1.768
305.61,0.01768,1.768
305.62,0.01768,1.768
305.63,0.01768,1.768
305.64,0.01768,1.768
305.65,0.01768,1.768
305.66,0.01768,1.768
305.66,0.01768,1.768
305.67,0.01768,1.768
305.68,0.01768,1.768
305.69,0.01768,1.768
305.70,0.01768,1.768
305.71,0.01768,1.768
305.72,0.01768,1.768
305.73,0.01768,1.768
305.74,0.01768,1.768
305.75,0.01768,1.768
305.75,0.01768,1.768
305.76,0.01768,1.768
305.77,0.01768,1.768
305.78,0.01768,1.768
305.79,0.01768,1.768
305.80,0.01768,1.768
305.81,0.01768,1.768
305.82,0.01768,1.768
305.83,0.01768,1.768
305.84,0.01768,1.768
305.84,0.01768,1.768
305.85,0.01768,1.768
305.86,0.01768,1.768
305.87,0.01768,1.768
305.88,0.01768,1.768
305.89,0.01768,1.768
305.90,0.01768,1.768
305.91,0.01768,1.768
305.92,0.01768,1.768
305.92,0.01768,1.768
305.93,0.01768,1.768
305.94,0.01768,1.768
305.95,0.01768,1.768
305.96,0.01768,1.768
305.97,0.01768,1.768
305.98,0.01768,1.768
305.99,0.01768,1.768
306.00,0.01768,1.768
306.01,0.01768,1.768
306.01,0.01768,1.768
306.02,0.01768,1.768
306.03,0.01768,1.768
306.04,0.01768,1.768
306.05,0.01768,1.768
306.06,0.01768,1.768
306.07,0.01768,1.768
306.08,0.01768,1.768
306.09,0.01768,1.768
306.10,0.01768,1.768
306.10,0.01768,1.768
306.11,0.01768,1.768
306.12,0.01768,1.768
306.13,0.01768,1.768
306.14,0.01768,1.768
306.15,0.01768,1.768
306.16,0.01768,1.768
306.17,0.01768,1.768
306.18,0.01768,1.768
306.19,0.01768,1.768
306.19,0.01768,1.768
306.20,0.01768,1.768
306.21,0.01768,1.768
306.22,0.01768,1.768
306.23,0.01768,1.768
306.24,0.01768,1.768
306.25,0.01768,1.768
306.26,0.01768,1.768
306.27,0.01768,1.768
306.28,0.01768,1.768
306.28,0.01768,1.768
306.29,0.01768,1.768
306.30,0.01768,1.768
306.31,0.01768,1.768
306.32,0.01768,1.768
306.33,0.01768,1.768
306.34,0.01768,1.768
306.35,0.01768,1.768
306.36,0.01768,1.768
306.37,0.01768,1.768
306.37,0.01768,1.768
306.38,0.01768,1.768
306.39,0.01768,1.768
306.40,0.01768,1.768
306.41,0.01768,1.768
306.42,0.01768,1.768
306.43,0.01768,1.768
306.44,0.01768,1.768
306.45,0.01768,1.768
306.45,0.01768,1.768
306.46,0.01768,1.768
306.47,0.01768,1.768
306.48,0.01768,1.768
306.49,0.01768,1.768
306.50,0.01768,1.768
306.51,0.01768,1.768
306.52,0.01769,1.769
306.53,0.01769,1.769
306.54,0.01769,1.769
306.54,0.01769,1.769
306.55,0.01769,1.769
306.56,0.01769,1.769
306.57,0.01769,1.769
306.58,0.01769,1.769
306.59,0.01769,1.769
306.60,0.01769,1.769
306.61,0.01769,1.769
306.62,0.01769,1.769
306.63,0.01769,1.769
306.63,0.01769,1.769
306.64,0.01769,1.769
306.65,0.01769,1.769
306.66,0.01769,1.769
306.67,0.01769,1.769
306.68,0.01769,1.769
306.69,0.01769,1.769
306.70,0.01769,1.769
306.71,0.01769,1.769
306.72,0.01769,1.769
306.72,0.01769,1.769
306.73,0.01769,1.769
306.74,0.01769,1.769
306.75,0.01769,1.769
306.76,0.01769,1.769
306.77,0.01769,1.769
306.78,0.01769,1.769
306.79,0.01769,1.769
306.80,0.01769,1.769
306.81,0.01769,1.769
306.81,0.01769,1.769
306.82,0.01769,1.769
306.83,0.01769,1.769
306.84,0.01769,1.769
306.85,0.01769,1.769
306.86,0.01769,1.769
306.87,0.01769,1.769
306.88,0.01769,1.769
306.89,0.01769,1.769
306.89,0.01769,1.769
306.90,0.01769,1.769
306.91,0.01769,1.769
306.92,0.01769,1.769
306.93,0.01769,1.769
306.94,0.01769,1.769
306.95,0.01769,1.769
306.96,0.01769,1.769
306.97,0.01769,1.769
306.98,0.01769,1.769
306.98,0.01769,1.769
306.99,0.01769,1.769
307.00,0.01769,1.769
307.01,0.01769,1.769
307.02,0.01769,1.769
307.03,0.01769,1.769
307.04,0.01769,1.769
307.05,0.01769,1.769
307.06,0.01769,1.769
307.07,0.01769,1.769
307.07,0.01769,1.769
307.08,0.01769,1.769
307.09,0.01769,1.769
307.10,0.01769,1.769
307.11,0.01769,1.769
307.12,0.01769,1.769
307.13,0.01769,1.769
307.14,0.01769,1.769
307.15,0.01769,1.769
307.16,0.01769,1.769
307.16,0.01769,1.769
307.17,0.01769,1.769
307.18,0.01769,1.769
307.19,0.01769,1.769
307.20,0.01769,1.769
307.21,0.01769,1.769
307.22,0.01769,1.769
307.23,0.01769,1.769
307.24,0.01769,1.769
307.25,0.01769,1.769
307.25,0.01769,1.769
307.26,0.01769,1.769
307.27,0.01769,1.769
307.28,0.01769,1.769
307.29,0.01769,1.769
307.30,0.01769,1.769
307.31,0.01769,1.769
307.32,0.01769,1.769
307.33,0.01769,1.769
307.34,0.01769,1.769
307.34,0.01769,1.769
307.35,0.01769,1.769
307.36,0.01769,1.769
307.37,0.01769,1.769
307.38,0.01769,1.769
307.39,0.01769,1.769
307.40,0.01769,1.769
307.41,0.01769,1.769
307.42,0.01769,1.769
307.43,0.01769,1.769
307.43,0.01769,1.769
307.44,0.01769,1.769
307.45,0.01769,1.769
307.46,0.01769,1.769
307.47,0.01769,1.769
307.48,0.01769,1.769
307.49,0.01769,1.769
307.50,0.01769,1.769
307.51,0.01769,1.769
307.51,0.01770,1.770
307.52,0.01770,1.770
307.53,0.01770,1.770
307.54,0.01770,1.770
307.55,0.01770,1.770
307.56,0.01770,1.770
307.57,0.01770,1.770
307.58,0.01770,1.770
307.59,0.01770,1.770
307.60,0.01770,1.770
307.60,0.01770,1.770
307.61,0.01770,1.770
307.62,0.01770,1.770
307.63,0.01770,1.770
307.64,0.01770,1.770
307.65,0.01770,1.770
307.66,0.01770,1.770
307.67,0.01770,1.770
307.68,0.01770,1.770
307.69,0.01770,1.770
307.69,0.01770,1.770
307.70,0.01770,1.770
307.71,0.01770,1.770
307.72,0.01770,1.770
307.73,0.01770,1.770
307.74,0.01770,1.770
307.75,0.01770,1.770
307.76,0.01770,1.770
307.77,0.01770,1.770
307.78,0.01770,1.770
307.78,0.01770,1.770
307.79,0.01770,1.770
307.80,0.01770,1.770
307.81,0.01770,1.770
307.82,0.01770,1.770
307.83,0.01770,1.770
307.84,0.01770,1.770
307.85,0.01770,1.770
307.86,0.01770,1.770
307.87,0.01770,1.770
307.87,0.01770,1.770
307.88,0.01770,1.770
307.89,0.01770,1.770
307.90,0.01770,1.770
307.91,0.01770,1.770
307.92,0.01770,1.770
307.93,0.01770,1.770
307.94,0.01770,1.770
307.95,0.01770,1.770
307.96,0.01770,1.770
307.96,0.01770,1.770
307.97,0.01770,1.770
307.98,0.01770,1.770
307.99,0.01770,1.770
308.00,0.01770,1.770
308.01,0.01770,1.770
308.02,0.01770,1.770
308.03,0.01770,1.770
308.04,0.01770,1.770
308.05,0.01770,1.770
308.05,0.01770,1.770
308.06,0.01770,1.770
308.07,0.01770,1.770
308.08,0.01770,1.770
308.09,0.01770,1.770
308.10,0.01770,1.770
308.11,0.01770,1.770
308.12,0.01770,1.770
308.13,0.01770,1.770
308.14,0.01770,1.770
308.14,0.01770,1.770
308.15,0.01770,1.770
308.16,0.01770,1.770
308.17,0.01770,1.770
308.18,0.01770,1.770
308.19,0.01770,1.770
308.20,0.01770,1.770
308.21,0.01770,1.770
308.22,0.01770,1.770
308.23,0.01770,1.770
308.23,0.01770,1.770
308.24,0.01770,1.770
308.25,0.01770,1.770
308.26,0.01770,1.770
308.27,0.01770,1.770
308.28,0.01770,1.770
308.29,0.01770,1.770
308.30,0.01770,1.770
308.31,0.01770,1.770
308.31,0.01770,1.770
308.32,0.01770,1.770
308.33,0.01770,1.770
308.34,0.01770,1.770
308.35,0.01770,1.770
308.36,0.01770,1.770
308.37,0.01770,1.770
308.38,0.01770,1.770
308.39,0.01770,1.770
308.40,0.01770,1.770
308.40,0.01770,1.770
308.41,0.01770,1.770
308.42,0.01770,1.770
308.43,0.01770,1.770
308.44,0.01770,1.770
308.45,0.01770,1.770
308.46,0.01770,1.770
308.47,0.01770,1.770
308.48,0.01770,1.770
308.49,0.01770,1.770
308.49,0.01771,1.771
308.50,0.01771,1.771
308.51,0.01771,1.771
308.52,0.01771,1.771
308.53,0.01771,1.771
308.54,0.01771,1.771
308.55,0.01771,1.771
308.56,0.01771,1.771
308.57,0.01771,1.771
308.58,0.01771,1.771
308.58,0.01771,1.771
308.59,0.01771,1.771
308.60,0.01771,1.771
308.61,0.01771,1.771
308.62,0.01771,1.771
308.63,0.01771,1.771
308.64,0.01771,1.771
308.65,0.01771,1.771
308.66,0.01771,1.771
308.67,0.01771,1.771
308.67,0.01771,1.771
308.68,0.01771,1.771
308.69,0.01771,1.771
308.70,0.01771,1.771
308.71,0.01771,1.771
308.72,0.01771,1.771
308.73,0.01771,1.771
308.74,0.01771,1.771
308.75,0.01771,1.771
308.76,0.01771,1.771
308.76,0.01771,1.771
308.77,0.01771,1.771
308.78,0.01771,1.771
308.79,0.01771,1.771
308.80,0.01771,1.771
308.81,0.01771,1.771
308.82,0.01771,1.771
308.83,0.01771,1.771
308.84,0.01771,1.771
308.85,0.01771,1.771
308.85,0.01771,1.771
308.86,0.01771,1.771
308.87,0.01771,1.771
308.88,0.01771,1.771
308.89,0.01771,1.771
308.90,0.01771,1.771
308.91,0.01771,1.771
308.92,0.01771,1.771
308.93,0.01771,1.771
308.94,0.01771,1.771
308.94,0.01771,1.771
308.95,0.01771,1.771
308.96,0.01771,1.771
308.97,0.01771,1.771
308.98,0.01771,1.771
308.99,0.01771,1.771
309.00,0.01771,1.771
309.01,0.01771,1.771
309.02,0.01771,1.771
309.02,0.01771,1.771
309.03,0.01771,1.771
309.04,0.01771,1.771
309.05,0.01771,1.771
309.06,0.01771,1.771
309.07,0.01771,1.771
309.08,0.01771,1.771
309.09,0.01771,1.771
309.10,0.01771,1.771
309.11,0.01771,1.771
309.11,0.01771,1.771
309.12,0.01771,1.771
309.13,0.01771,1.771
309.14,0.01771,1.771
309.15,0.01771,1.771
309.16,0.01771,1.771
309.17,0.01771,1.771
309.18,0.01771,1.771
309.19,0.01771,1.771
309.20,0.01771,1.771
309.20,0.01771,1.771
309.21,0.01771,1.771
309.22,0.01771,1.771
309.23,0.01771,1.771
309.24,0.01771,1.771
309.25,0.01771,1.771
309.26,0.01771,1.771
309.27,0.01771,1.771
309.28,0.01771,1.771
309.29,0.01771,1.771
309.29,0.01771,1.771
309.30,0.01771,1.771
309.31,0.01771,1.771
309.32,0.01771,1.771
309.33,0.01771,1.771
309.34,0.01771,1.771
309.35,0.01771,1.771
309.36,0.01771,1.771
309.37,0.01771,1.771
309.38,0.01771,1.771
309.38,0.01771,1.771
309.39,0.01771,1.771
309.40,0.01771,1.771
309.41,0.01771,1.771
309.42,0.01771,1.771
309.43,0.01771,1.771
309.44,0.01771,1.771
309.45,0.01771,1.771
309.46,0.01771,1.771
309.47,0.01771,1.771
309.47,0.01771,1.771
309.48,0.01771,1.771
309.49,0.01771,1.771
309.50,0.01772,1.772
309.51,0.01772,1.772
309.52,0.01772,1.772
309.53,0.01772,1.772
309.54,0.01772,1.772
309.55,0.01772,1.772
309.55,0.01772,1.772
309.56,0.01772,1.772
309.57,0.01772,1.772
309.58,0.01772,1.772
309.59,0.01772,1.772
309.60,0.01772,1.772
309.61,0.01772,1.772
309.62,0.01772,1.772
309.63,0.01772,1.772
309.64,0.01772,1.772
309.64,0.01772,1.772
309.65,0.01772,1.772
309.66,0.01772,1.772
309.67,0.01772,1.772
309.68,0.01772,1.772
309.69,0.01772,1.772
309.70,0.01772,1.772
309.71,0.01772,1.772
309.72,0.01772,1.772
309.73,0.01772,1.772
309.73,0.01772,1.772
309.74,0.01772,1.772
309.75,0.01772,1.772
309.76,0.01772,1.772
309.77,0.01772,1.772
309.78,0.01772,1.772
309.79,0.01772,1.772
309.80,0.01772,1.772
309.81,0.01772,1.772
309.82,0.01772,1.772
309.82,0.01772,1.772
309.83,0.01772,1.772
309.84,0.01772,1.772
309.85,0.01772,1.772
309.86,0.01772,1.772
309.87,0.01772,1.772
309.88,0.01772,1.772
309.89,0.01772,1.772
309.90,0.01772,1.772
309.91,0.01772,1.772
309.91,0.01772,1.772
309.92,0.01772,1.772
309.93,0.01772,1.772
309.94,0.01772,1.772
309.95,0.01772,1.772
309.96,0.01772,1.772
309.97,0.01772,1.772
309.98,0.01772,1.772
309.99,0.01772,1.772
310.00,0.01772,1.772
310.00,0.01772,1.772
310.01,0.01772,1.772
310.02,0.01772,1.772
310.03,0.01772,1.772
310.04,0.01772,1.772
310.05,0.01772,1.772
310.06,0.01772,1.772
310.07,0.01772,1.772
310.08,0.01772,1.772
310.09,0.01772,1.772
310.09,0.01772,1.772
310.10,0.01772,1.772
310.11,0.01772,1.772
310.12,0.01772,1.772
310.13,0.01772,1.772
310.14,0.01772,1.772
310.15,0.01772,1.772
310.16,0.01772,1.772
310.17,0.01772,1.772
310.18,0.01772,1.772
310.18,0.01772,1.772
310.19,0.01772,1.772
310.20,0.01772,1.772
310.21,0.01772,1.772
310.22,0.01772,1.772
310.23,0.01772,1.772
310.24,0.01772,1.772
310.25,0.01772,1.772
310.26,0.01772,1.772
310.27,0.01772,1.772
310.27,0.01772,1.772
310.28,0.01772,1.772
310.29,0.01772,1.772
310.30,0.01772,1.772
310.31,0.01772,1.772
310.32,0.01772,1.772
310.33,0.01772,1.772
310.34,0.01772,1.772
310.35,0.01772,1.772
310.36,0.01772,1.772
310.36,0.01772,1.772
310.37,0.01772,1.772
310.38,0.01772,1.772
310.39,0.01772,1.772
310.40,0.01772,1.772
310.41,0.01772,1.772
310.42,0.01772,1.772
310.43,0.01772,1.772
310.44,0.01772,1.772
310.45,0.01772,1.772
310.45,0.01772,1.772
310.46,0.01772,1.772
310.47,0.01772,1.772
310.48,0.01773,1.773
310.49,0.01773,1.773
310.50,0.01773,1.773
310.51,0.01773,1.773
310.52,0.01773,1.773
310.53,0.01773,1.773
310.54,0.01773,1.773
310.54,0.01773,1.773
310.55,0.01773,1.773
310.56,0.01773,1.773
310.57,0.01773,1.773
310.58,0.01773,1.773
310.59,0.01773,1.773
310.60,0.01773,1.773
310.61,0.01773,1.773
310.62,0.01773,1.773
310.63,0.01773,1.773
310.63,0.01773,1.773
310.64,0.01773,1.773
310.65,0.01773,1.773
310.66,0.01773,1.773
310.67,0.01773,1.773
310.68,0.01773,1.773
310.69,0.01773,1.773
310.70,0.01773,1.773
310.71,0.01773,1.773
310.71,0.01773,1.773
310.72,0.01773,1.773
310.73,0.01773,1.773
310.74,0.01773,1.773
310.75,0.01773,1.773
310.76,0.01773,1.773
310.77,0.01773,1.773
310.78,0.01773,1.773
310.79,0.01773,1.773
310.80,0.01773,1.773
310.80,0.01773,1.773
310.81,0.01773,1.773
310.82,0.01773,1.773
310.83,0.01773,1.773
310.84,0.01773,1.773
310.85,0.01773,1.773
310.86,0.01773,1.773
310.87,0.01773,1.773
310.88,0.01773,1.773
310.89,0.01773,1.773
310.89,0.01773,1.773
310.90,0.01773,1.773
310.91,0.01773,1.773
310.92,0.01773,1.773
310.93,0.01773,1.773
310.94,0.01773,1.773
310.95,0.01773,1.773
310.96,0.01773,1.773
310.97,0.01773,1.773
310.98,0.01773,1.773
310.98,0.01773,1.773
310.99,0.01773,1.773
311.00,0.01773,1.773
311.01,0.01773,1.773
311.02,0.01773,1.773
311.03,0.01773,1.773
311.04,0.01773,1.773
311.05,0.01773,1.773
311.06,0.01773,1.773
311.07,0.01773,1.773
311.07,0.01773,1.773
311.08,0.01773,1.773
311.09,0.01773,1.773
311.10,0.01773,1.773
311.11,0.01773,1.773
311.12,0.01773,1.773
311.13,0.01773,1.773
311.14,0.01773,1.773
311.15,0.01773,1.773
311.16,0.01773,1.773
311.16,0.01773,1.773
311.17,0.01773,1.773
311.18,0.01773,1.773
311.19,0.01773,1.773
311.20,0.01773,1.773
311.21,0.01773,1.773
311.22,0.01773,1.773
311.23,0.01773,1.773
311.24,0.01773,1.773
311.24,0.01773,1.773
311.25,0.01773,1.773
311.26,0.01773,1.773
311.27,0.01773,1.773
311.28,0.01773,1.773
311.29,0.01773,1.773
311.30,0.01773,1.773
311.31,0.01773,1.773
311.32,0.01773,1.773
311.33,0.01773,1.773
311.33,0.01773,1.773
311.34,0.01773,1.773
311.35,0.01773,1.773
311.36,0.01773,1.773
311.37,0.01773,1.773
311.38,0.01773,1.773
311.39,0.01773,1.773
311.40,0.01773,1.773
311.41,0.01773,1.773
311.42,0.01773,1.773
311.42,0.01773,1.773
311.43,0.01773,1.773
311.44,0.01773,1.773
311.45,0.01773,1.773
311.46,0.01773,1.773
311.47,0.01773,1.773
311.48,0.01774,1.774
311.49,0.01774,1.774
311.50,0.01774,1.774
311.51,0.01774,1.774
311.51,0.01774,1.774
311.52,0.01774,1.774
311.53,0.01774,1.774
311.54,0.01774,1.774
311.55,0.01774,1.774
311.56,0.01774,1.774
311.57,0.01774,1.774
311.58,0.01774,1.774
311.59,0.01774,1.774
311.60,0.01774,1.774
311.60,0.01774,1.774
311.61,0.01774,1.774
311.62,0.01774,1.774
311.63,0.01774,1.774
311.64,0.01774,1.774
311.65,0.01774,1.774
311.66,0.01774,1.774
311.67,0.01774,1.774
311.68,0.01774,1.774
311.69,0.01774,1.774
311.69,0.01774,1.774
311.70,0.01774,1.774
311.71,0.01774,1.774
311.72,0.01774,1.774
311.73,0.01774,1.774
311.74,0.01774,1.774
311.75,0.01774,1.774
311.76,0.01774,1.774
311.77,0.01774,1.774
311.78,0.01774,1.774
311.78,0.01774,1.774
311.79,0.01774,1.774
311.80,0.01774,1.774
311.81,0.01774,1.774
311.82,0.01774,1.774
311.83,0.01774,1.774
311.84,0.01774,1.774
311.85,0.01774,1.774
311.86,0.01774,1.774
311.87,0.01774,1.774
311.87,0.01774,1.774
311.88,0.01774,1.774
311.89,0.01774,1.774
311.90,0.01774,1.774
311.91,0.01774,1.774
311.92,0.01774,1.774
311.93,0.01774,1.774
311.94,0.01774,1.774
311.95,0.01774,1.774
311.96,0.01774,1.774
311.96,0.01774,1.774
311.97,0.01774,1.774
311.98,0.01774,1.774
311.99,0.01774,1.774
312.00,0.01774,1.774
312.01,0.01774,1.774
312.02,0.01774,1.774
312.03,0.01774,1.774
312.04,0.01774,1.774
312.05,0.01774,1.774
312.05,0.01774,1.774
312.06,0.01774,1.774
312.07,0.01774,1.774
312.08,0.01774,1.774
312.09,0.01774,1.774
312.10,0.01774,1.774
312.11,0.01774,1.774
312.12,0.01774,1.774
312.13,0.01774,1.774
312.14,0.01774,1.774
312.14,0.01774,1.774
312.15,0.01774,1.774
312.16,0.01774,1.774
312.17,0.01774,1.774
312.18,0.01774,1.774
312.19,0.01774,1.774
312.20,0.01774,1.774
312.21,0.01774,1.774
312.22,0.01774,1.774
312.23,0.01774,1.774
312.23,0.01774,1.774
312.24,0.01774,1.774
312.25,0.01774,1.774
312.26,0.01774,1.774
312.27,0.01774,1.774
312.28,0.01774,1.774
312.29,0.01774,1.774
312.30,0.01774,1.774
312.31,0.01774,1.774
312.32,0.01774,1.774
312.32,0.01774,1.774
312.33,0.01774,1.774
312.34,0.01774,1.774
312.35,0.01774,1.774
312.36,0.01774,1.774
312.37,0.01774,1.774
312.38,0.01774,1.774
312.39,0.01774,1.774
312.40,0.01774,1.774
312.41,0.01774,1.774
312.41,0.01774,1.774
312.42,0.01774,1.774
312.43,0.01774,1.774
312.44,0.01774,1.774
312.45,0.01774,1.774
312.46,0.01774,1.774
312.47,0.01774,1.774
312.48,0.01774,1.774
312.49,0.01774,1.774
312.50,0.01774,1.774
312.50,0.01775,1.775
312.51,0.01775,1.775
312.52,0.01775,1.775
312.53,0.01775,1.775
312.54,0.01775,1.775
312.55,0.01775,1.775
312.56,0.01775,1.775
312.57,0.01775,1.775
312.58,0.01775,1.775
312.59,0.01775,1.775
312.59,0.01775,1.775
312.60,0.01775,1.775
312.61,0.01775,1.775
312.62,0.01775,1.775
312.63,0.01775,1.775
312.64,0.01775,1.775
312.65,0.01775,1.775
312.66,0.01775,1.775
312.67,0.01775,1.775
312.68,0.01775,1.775
312.68,0.01775,1.775
312.69,0.01775,1.775
312.70,0.01775,1.775
312.71,0.01775,1.775
312.72,0.01775,1.775
312.73,0.01775,1.775
312.74,0.01775,1.775
312.75,0.01775,1.775
312.76,0.01775,1.775
312.77,0.01775,1.775
312.77,0.01775,1.775
312.78,0.01775,1.775
312.79,0.01775,1.775
312.80,0.01775,1.775
312.81,0.01775,1.775
312.82,0.01775,1.775
312.83,0.01775,1.775
312.84,0.01775,1.775
312.85,0.01775,1.775
312.86,0.01775,1.775
312.86,0.01775,1.775
312.87,0.01775,1.775
312.88,0.01775,1.775
312.89,0.01775,1.775
312.90,0.01775,1.775
312.91,0.01775,1.775
312.92,0.01775,1.775
312.93,0.01775,1.775
312.94,0.01775,1.775
312.94,0.01775,1.775
312.95,0.01775,1.775
312.96,0.01775,1.775
312.97,0.01775,1.775
312.98,0.01775,1.775
312.99,0.01775,1.775
313.00,0.01775,1.775
313.01,0.01775,1.775
313.02,0.01775,1.775
313.03,0.01775,1.775
313.03,0.01775,1.775
313.04,0.01775,1.775
313.05,0.01775,1.775
313.06,0.01775,1.775
313.07,0.01775,1.775
313.08,0.01775,1.775
313.09,0.01775,1.775
313.10,0.01775,1.775
313.11,0.01775,1.775
313.12,0.01775,1.775
313.12,0.01775,1.775
313.13,0.01775,1.775
313.14,0.01775,1.775
313.15,0.01775,1.775
313.16,0.01775,1.775
313.17,0.01775,1.775
313.18,0.01775,1.775
313.19,0.01775,1.775
313.20,0.01775,1.775
313.21,0.01775,1.775
313.21,0.01775,1.775
313.22,0.01775,1.775
313.23,0.01775,1.775
313.24,0.01775,1.775
313.25,0.01775,1.775
313.26,0.01775,1.775
313.27,0.01775,1.775
313.28,0.01775,1.775
313.29,0.01775,1.775
313.30,0.01775,1.775
313.30,0.01775,1.775
313.31,0.01775,1.775
313.32,0.01775,1.775
313.33,0.01775,1.775
313.34,0.01775,1.775
313.35,0.01775,1.775
313.36,0.01775,1.775
313.37,0.01775,1.775
313.38,0.01775,1.775
313.39,0.01775,1.775
313.39,0.01775,1.775
313.40,0.01775,1.775
313.41,0.01775,1.775
313.42,0.01775,1.775
313.43,0.01775,1.775
313.44,0.01775,1.775
313.45,0.01775,1.775
313.46,0.01775,1.775
313.47,0.01775,1.775
313.48,0.01775,1.775
313.48,0.01775,1.775
313.49,0.01775,1.775
313.50,0.01775,1.775
313.51,0.01775,1.775
313.52,0.01775,1.775
313.53,0.01775,1.775
313.54,0.01775,1.775
313.55,0.01776,1.776
313.56,0.01776,1.776
313.57,0.01776,1.776
313.57,0.01776,1.776
313.58,0.01776,1.776
313.59,0.01776,1.776
313.60,0.01776,1.776
313.61,0.01776,1.776
313.62,0.01776,1.776
313.63,0.01776,1.776
313.64,0.01776,1.776
313.65,0.01776,1.776
313.65,0.01776,1.776
313.66,0.01776,1.776
313.67,0.01776,1.776
313.68,0.01776,1.776
313.69,0.01776,1.776
313.70,0.01776,1.776
313.71,0.01776,1.776
313.72,0.01776,1.776
313.73,0.01776,1.776
313.74,0.01776,1.776
313.74,0.01776,1.776
313.75,0.01776,1.776
313.76,0.01776,1.776
313.77,0.01776,1.776
313.78,0.01776,1.776
313.79,0.01776,1.776
313.80,0.01776,1.776
313.81,0.01776,1.776
313.82,0.01776,1.776
313.83,0.01776,1.776
313.83,0.01776,1.776
313.84,0.01776,1.776
313.85,0.01776,1.776
313.86,0.01776,1.776
313.87,0.01776,1.776
313.88,0.01776,1.776
313.89,0.01776,1.776
313.90,0.01776,1.776
313.91,0.01776,1.776
313.92,0.01776,1.776
313.92,0.01776,1.776
313.93,0.01776,1.776
313.94,0.01776,1.776
313.95,0.01776,1.776
313.96,0.01776,1.776
313.97,0.01776,1.776
313.98,0.01776,1.776
313.99,0.01776,1.776
314.00,0.01776,1.776
314.01,0.01776,1.776
314.01,0.01776,1.776
314.02,0.01776,1.776
314.03,0.01776,1.776
314.04,0.01776,1.776
314.05,0.01776,1.776
314.06,0.01776,1.776
314.07,0.01776,1.776
314.08,0.01776,1.776
314.09,0.01776,1.776
314.10,0.01776,1.776
314.10,0.01776,1.776
314.11,0.01776,1.776
314.12,0.01776,1.776
314.13,0.01776,1.776
314.14,0.01776,1.776
314.15,0.01776,1.776
314.16,0.01776,1.776
314.17,0.01776,1.776
314.18,0.01776,1.776
314.19,0.01776,1.776
314.19,0.01776,1.776
314.20,0.01776,1.776
314.21,0.01776,1.776
314.22,0.01776,1.776
314.23,0.01776,1.776
314.24,0.01776,1.776
314.25,0.01776,1.776
314.26,0.01776,1.776
314.27,0.01776,1.776
314.28,0.01776,1.776
314.28,0.01776,1.776
314.29,0.01776,1.776
314.30,0.01776,1.776
314.31,0.01776,1.776
314.32,0.01776,1.776
314.33,0.01776,1.776
314.34,0.01776,1.776
314.35,0.01776,1.776
314.36,0.01776,1.776
314.37,0.01776,1.776
314.38,0.01776,1.776
314.38,0.01776,1.776
314.39,0.01776,1.776
314.40,0.01776,1.776
314.41,0.01776,1.776
314.42,0.01776,1.776
314.43,0.01776,1.776
314.44,0.01776,1.776
314.45,0.01776,1.776
314.46,0.01776,1.776
314.47,0.01776,1.776
314.47,0.01776,1.776
314.48,0.01776,1.776
314.49,0.01776,1.776
314.50,0.01776,1.776
314.51,0.01776,1.776
314.52,0.01776,1.776
314.53,0.01776,1.776
314.54,0.01776,1.776
314.55,0.01776,1.776
314.56,0.01776,1.776
314.56,0.01776,1.776
314.57,0.01776,1.776
314.58,0.01776,1.776
314.59,0.01777,1.777
314.60,0.01777,1.777
314.61,0.01777,1.777
314.62,0.01777,1.777
314.63,0.01777,1.777
314.64,0.01777,1.777
314.64,0.01777,1.777
314.65,0.01777,1.777
314.66,0.01777,1.777
314.67,0.01777,1.777
314.68,0.01777,1.777
314.69,0.01777,1.777
314.70,0.01777,1.777
314.71,0.01777,1.777
314.72,0.01777,1.777
314.73,0.01777,1.777
314.73,0.01777,1.777
314.74,0.01777,1.777
314.75,0.01777,1.777
314.76,0.01777,1.777
314.77,0.01777,1.777
314.78,0.01777,1.777
314.79,0.01777,1.777
314.80,0.01777,1.777
314.81,0.01777,1.777
314.82,0.01777,1.777
314.82,0.01777,1.777
314.83,0.01777,1.777
314.84,0.01777,1.777
314.85,0.01777,1.777
314.86,0.01777,1.777
314.87,0.01777,1.777
314.88,0.01777,1.777
314.89,0.01777,1.777
314.90,0.01777,1.777
314.91,0.01777,1.777
314.91,0.01777,1.777
314.92,0.01777,1.777
314.93,0.01777,1.777
314.94,0.01777,1.777
314.95,0.01777,1.777
314.96,0.01777,1.777
314.97,0.01777,1.777
314.98,0.01777,1.777
314.99,0.01777,1.777
315.00,0.01777,1.777
315.00,0.01777,1.777
315.01,0.01777,1.777
315.02,0.01777,1.777
315.03,0.01777,1.777
315.04,0.01777,1.777
315.05,0.01777,1.777
315.06,0.01777,1.777
315.07,0.01777,1.777
315.08,0.01777,1.777
315.09,0.01777,1.777
315.09,0.01777,1.777
315.10,0.01777,1.777
315.11,0.01777,1.777
315.12,0.01777,1.777
315.13,0.01777,1.777
315.14,0.01777,1.777
315.15,0.01777,1.777
315.16,0.01777,1.777
315.17,0.01777,1.777
315.18,0.01777,1.777
315.18,0.01777,1.777
315.19,0.01777,1.777
315.20,0.01777,1.777
315.21,0.01777,1.777
315.22,0.01777,1.777
315.23,0.01777,1.777
315.24,0.01777,1.777
315.25,0.01777,1.777
315.26,0.01777,1.777
315.27,0.01777,1.777
315.27,0.01777,1.777
315.28,0.01777,1.777
315.29,0.01777,1.777
315.30,0.01777,1.777
315.31,0.01777,1.777
315.32,0.01777,1.777
315.33,0.01777,1.777
315.34,0.01777,1.777
315.35,0.01777,1.777
315.36,0.01777,1.777
315.36,0.01777,1.777
315.37,0.01777,1.777
315.38,0.01777,1.777
315.39,0.01777,1.777
315.40,0.01777,1.777
315.41,0.01777,1.777
315.42,0.01777,1.777
315.43,0.01777,1.777
315.44,0.01777,1.777
315.45,0.01777,1.777
315.45,0.01777,1.777
315.46,0.01777,1.777
315.47,0.01777,1.777
315.48,0.01777,1.777
315.49,0.01777,1.777
315.50,0.01777,1.777
315.51,0.01777,1.777
315.52,0.01777,1.777
315.53,0.01777,1.777
315.53,0.01777,1.777
315.54,0.01777,1.777
315.55,0.01777,1.777
315.56,0.01777,1.777
315.57,0.01777,1.777
315.58,0.01777,1.777
315.59,0.01777,1.777
315.60,0.01777,1.777
315.61,0.01777,1.777
315.62,0.01777,1.777
315.62,0.01777,1.777
315.63,0.01777,1.777
315.64,0.01777,1.777
315.65,0.01777,1.777
315.66,0.01777,1.777
315.67,0.01777,1.777
315.68,0.01777,1.777
315.69,0.01778,1.778
315.70,0.01778,1.778
315.71,0.01778,1.778
315.71,0.01778,1.778
315.72,0.01778,1.778
315.73,0.01778,1.778
315.74,0.01778,1.778
315.75,0.01778,1.778
315.76,0.01778,1.778
315.77,0.01778,1.778
315.78,0.01778,1.778
315.79,0.01778,1.778
315.80,0.01778,1.778
315.81,0.01778,1.778
315.81,0.01778,1.778
315.82,0.01778,1.778
315.83,0.01778,1.778
315.84,0.01778,1.778
315.85,0.01778,1.778
315.86,0.01778,1.778
315.87,0.01778,1.778
315.88,0.01778,1.778
315.89,0.01778,1.778
315.90,0.01778,1.778
315.90,0.01778,1.778
315.91,0.01778,1.778
315.92,0.01778,1.778
315.93,0.01778,1.778
315.94,0.01778,1.778
315.95,0.01778,1.778
315.96,0.01778,1.778
315.97,0.01778,1.778
315.98,0.01778,1.778
315.99,0.01778,1.778
315.99,0.01778,1.778
316.00,0.01778,1.778
316.01,0.01778,1.778
316.02,0.01778,1.778
316.03,0.01778,1.778
316.04,0.01778,1.778
316.05,0.01778,1.778
316.06,0.01778,1.778
316.07,0.01778,1.778
316.08,0.01778,1.778
316.08,0.01778,1.778
316.09,0.01778,1.778
316.10,0.01778,1.778
316.11,0.01778,1.778
316.12,0.01778,1.778
316.13,0.01778,1.778
316.14,0.01778,1.778
316.15,0.01778,1.778
316.16,0.01778,1.778
316.17,0.01778,1.778
316.17,0.01778,1.778
316.18,0.01778,1.778
316.19,0.01778,1.778
316.20,0.01778,1.778
316.21,0.01778,1.778
316.22,0.01778,1.778
316.23,0.01778,1.778
316.24,0.01778,1.778
316.25,0.01778,1.778
316.26,0.01778,1.778
316.26,0.01778,1.778
316.27,0.01778,1.778
316.28,0.01778,1.778
316.29,0.01778,1.778
316.30,0.01778,1.778
316.31,0.01778,1.778
316.32,0.01778,1.778
316.33,0.01778,1.778
316.34,0.01778,1.778
316.35,0.01778,1.778
316.35,0.01778,1.778
316.36,0.01778,1.778
316.37,0.01778,1.778
316.38,0.01778,1.778
316.39,0.01778,1.778
316.40,0.01778,1.778
316.41,0.01778,1.778
316.42,0.01778,1.778
316.43,0.01778,1.778
316.44,0.01778,1.778
316.44,0.01778,1.778
316.45,0.01778,1.778
316.46,0.01778,1.778
316.47,0.01778,1.778
316.48,0.01778,1.778
316.49,0.01778,1.778
316.50,0.01778,1.778
316.51,0.01778,1.778
316.52,0.01778,1.778
316.53,0.01778,1.778
316.53,0.01778,1.778
316.54,0.01778,1.778
316.55,0.01778,1.778
316.56,0.01778,1.778
316.57,0.01778,1.778
316.58,0.01778,1.778
316.59,0.01778,1.778
316.60,0.01778,1.778
316.61,0.01778,1.778
316.62,0.01778,1.778
316.62,0.01778,1.778
316.63,0.01778,1.778
316.64,0.01778,1.778
316.65,0.01778,1.778
316.66,0.01778,1.778
316.67,0.01778,1.778
316.68,0.01778,1.778
316.69,0.01778,1.778
316.70,0.01778,1.778
316.71,0.01778,1.778
316.71,0.01778,1.778
316.72,0.01778,1.778
316.73,0.01778,1.778
316.74,0.01778,1.778
316.75,0.01778,1.778
316.76,0.01778,1.778
316.77,0.01778,1.778
316.78,0.01779,1.779
316.79,0.01779,1.779
316.80,0.01779,1.779
316.80,0.01779,1.779
316.81,0.01779,1.779
316.82,0.01779,1.779
316.83,0.01779,1.779
316.84,0.01779,1.779
316.85,0.01779,1.779
316.86,0.01779,1.779
316.87,0.01779,1.779
316.88,0.01779,1.779
316.89,0.01779,1.779
316.89,0.01779,1.779
316.90,0.01779,1.779
316.91,0.01779,1.779
316.92,0.01779,1.779
316.93,0.01779,1.779
316.94,0.01779,1.779
316.95,0.01779,1.779
316.96,0.01779,1.779
316.97,0.01779,1.779
316.98,0.01779,1.779
316.98,0.01779,1.779
316.99,0.01779,1.779
317.00,0.01779,1.779
317.01,0.01779,1.779
317.02,0.01779,1.779
317.03,0.01779,1.779
317.04,0.01779,1.779
317.05,0.01779,1.779
317.06,0.01779,1.779
317.07,0.01779,1.779
317.07,0.01779,1.779
317.08,0.01779,1.779
317.09,0.01779,1.779
317.10,0.01779,1.779
317.11,0.01779,1.779
317.12,0.01779,1.779
317.13,0.01779,1.779
317.14,0.01779,1.779
317.15,0.01779,1.779
317.16,0.01779,1.779
317.16,0.01779,1.779
317.17,0.01779,1.779
317.18,0.01779,1.779
317.19,0.01779,1.779
317.20,0.01779,1.779
317.21,0.01779,1.779
317.22,0.01779,1.779
317.23,0.01779,1.779
317.24,0.01779,1.779
317.25,0.01779,1.779
317.25,0.01779,1.779
317.26,0.01779,1.779
317.27,0.01779,1.779
317.28,0.01779,1.779
317.29,0.01779,1.779
317.30,0.01779,1.779
317.31,0.01779,1.779
317.32,0.01779,1.779
317.33,0.01779,1.779
317.34,0.01779,1.779
317.34,0.01779,1.779
317.35,0.01779,1.779
317.36,0.01779,1.779
317.37,0.01779,1.779
317.38,0.01779,1.779
317.39,0.01779,1.779
317.40,0.01779,1.779
317.41,0.01779,1.779
317.42,0.01779,1.779
317.42,0.01779,1.779
317.43,0.01779,1.779
317.44,0.01779,1.779
317.45,0.01779,1.779
317.46,0.01779,1.779
317.47,0.01779,1.779
317.48,0.01779,1.779
317.49,0.01779,1.779
317.50,0.01779,1.779
317.51,0.01779,1.779
317.51,0.01779,1.779
317.52,0.01779,1.779
317.53,0.01779,1.779
317.54,0.01779,1.779
317.55,0.01779,1.779
317.56,0.01779,1.779
317.57,0.01779,1.779
317.58,0.01779,1.779
317.59,0.01779,1.779
317.60,0.01779,1.779
317.60,0.01779,1.779
317.61,0.01779,1.779
317.62,0.01779,1.779
317.63,0.01779,1.779
317.64,0.01779,1.779
317.65,0.01779,1.779
317.66,0.01779,1.779
317.67,0.01779,1.779
317.68,0.01779,1.779
317.69,0.01779,1.779
317.69,0.01779,1.779
317.70,0.01779,1.779
317.71,0.01779,1.779
317.72,0.01779,1.779
317.73,0.01779,1.779
317.74,0.01779,1.779
317.75,0.01779,1.779
317.76,0.01779,1.779
317.77,0.01779,1.779
317.78,0.01779,1.779
317.78,0.01779,1.779
317.79,0.01779,1.779
317.80,0.01779,1.779
317.81,0.01779,1.779
317.82,0.01779,1.779
317.83,0.01779,1.779
317.84,0.01779,1.779
317.85,0.01779,1.779
317.86,0.01779,1.779
317.87,0.01779,1.779
317.87,0.01779,1.779
317.88,0.01780,1.780
317.89,0.01780,1.780
317.90,0.01780,1.780
317.91,0.01780,1.780
317.92,0.01780,1.780
317.93,0.01780,1.780
317.94,0.01780,1.780
317.95,0.01780,1.780
317.96,0.01780,1.780
317.96,0.01780,1.780
317.97,0.01780,1.780
317.98,0.01780,1.780
317.99,0.01780,1.780
318.00,0.01780,1.780
318.01,0.01780,1.780
318.02,0.01780,1.780
318.03,0.01780,1.780
318.04,0.01780,1.780
318.05,0.01780,1.780
318.06,0.01780,1.780
318.06,0.01780,1.780
318.07,0.01780,1.780
318.08,0.01780,1.780
318.09,0.01780,1.780
318.10,0.01780,1.780
318.11,0.01780,1.780
318.12,0.01780,1.780
318.13,0.01780,1.780
318.14,0.01780,1.780
318.15,0.01780,1.780
318.15,0.01780,1.780
318.16,0.01780,1.780
318.17,0.01780,1.780
318.18,0.01780,1.780
318.19,0.01780,1.780
318.20,0.01780,1.780
318.21,0.01780,1.780
318.22,0.01780,1.780
318.23,0.01780,1.780
318.24,0.01780,1.780
318.24,0.01780,1.780
318.25,0.01780,1.780
318.26,0.01780,1.780
318.27,0.01780,1.780
318.28,0.01780,1.780
318.29,0.01780,1.780
318.30,0.01780,1.780
318.31,0.01780,1.780
318.32,0.01780,1.780
318.33,0.01780,1.780
318.33,0.01780,1.780
318.34,0.01780,1.780
318.35,0.01780,1.780
318.36,0.01780,1.780
318.37,0.01780,1.780
318.38,0.01780,1.780
318.39,0.01780,1.780
318.40,0.01780,1.780
318.41,0.01780,1.780
318.42,0.01780,1.780
318.42,0.01780,1.780
318.43,0.01780,1.780
318.44,0.01780,1.780
318.45,0.01780,1.780
318.46,0.01780,1.780
318.47,0.01780,1.780
318.48,0.01780,1.780
318.49,0.01780,1.780
318.50,0.01780,1.780
318.51,0.01780,1.780
318.51,0.01780,1.780
318.52,0.01780,1.780
318.53,0.01780,1.780
318.54,0.01780,1.780
318.55,0.01780,1.780
318.56,0.01780,1.780
318.57,0.01780,1.780
318.58,0.01780,1.780
318.59,0.01780,1.780
318.60,0.01780,1.780
318.60,0.01780,1.780
318.61,0.01780,1.780
318.62,0.01780,1.780
318.63,0.01780,1.780
318.64,0.01780,1.780
318.65,0.01780,1.780
318.66,0.01780,1.780
318.67,0.01780,1.780
318.68,0.01780,1.780
318.69,0.01780,1.780
318.69,0.01780,1.780
318.70,0.01780,1.780
318.71,0.01780,1.780
318.72,0.01780,1.780
318.73,0.01780,1.780
318.74,0.01780,1.780
318.75,0.01780,1.780
318.76,0.01780,1.780
318.77,0.01780,1.780
318.78,0.01780,1.780
318.78,0.01780,1.780
318.79,0.01780,1.780
318.80,0.01780,1.780
318.81,0.01780,1.780
318.82,0.01780,1.780
318.83,0.01780,1.780
318.84,0.01780,1.780
318.85,0.01780,1.780
318.86,0.01780,1.780
318.87,0.01780,1.780
318.87,0.01780,1.780
318.88,0.01780,1.780
318.89,0.01780,1.780
318.90,0.01780,1.780
318.91,0.01780,1.780
318.92,0.01780,1.780
318.93,0.01780,1.780
318.94,0.01780,1.780
318.95,0.01780,1.780
318.96,0.01780,1.780
318.96,0.01780,1.780
318.97,0.01780,1.780
318.98,0.01780,1.780
318.99,0.01781,1.781
319.00,0.01781,1.781
319.01,0.01781,1.781
319.02,0.01781,1.781
319.03,0.01781,1.781
319.04,0.01781,1.781
319.05,0.01781,1.781
319.05,0.01781,1.781
319.06,0.01781,1.781
319.07,0.01781,1.781
319.08,0.01781,1.781
319.09,0.01781,1.781
319.10,0.01781,1.781
319.11,0.01781,1.781
319.12,0.01781,1.781
319.13,0.01781,1.781
319.14,0.01781,1.781
319.14,0.01781,1.781
319.15,0.01781,1.781
319.16,0.01781,1.781
319.17,0.01781,1.781
319.18,0.01781,1.781
319.19,0.01781,1.781
319.20,0.01781,1.781
319.21,0.01781,1.781
319.22,0.01781,1.781
319.23,0.01781,1.781
319.23,0.01781,1.781
319.24,0.01781,1.781
319.25,0.01781,1.781
319.26,0.01781,1.781
319.27,0.01781,1.781
319.28,0.01781,1.781
319.29,0.01781,1.781
319.30,0.01781,1.781
319.31,0.01781,1.781
319.32,0.01781,1.781
319.32,0.01781,1.781
319.33,0.01781,1.781
319.34,0.01781,1.781
319.35,0.01781,1.781
319.36,0.01781,1.781
319.37,0.01781,1.781
319.38,0.01781,1.781
319.39,0.01781,1.781
319.40,0.01781,1.781
319.41,0.01781,1.781
319.41,0.01781,1.781
319.42,0.01781,1.781
319.43,0.01781,1.781
319.44,0.01781,1.781
319.45,0.01781,1.781
319.46,0.01781,1.781
319.47,0.01781,1.781
319.48,0.01781,1.781
319.49,0.01781,1.781
319.50,0.01781,1.781
319.50,0.01781,1.781
319.51,0.01781,1.781
319.52,0.01781,1.781
319.53,0.01781,1.781
319.54,0.01781,1.781
319.55,0.01781,1.781
319.56,0.01781,1.781
319.57,0.01781,1.781
319.58,0.01781,1.781
319.59,0.01781,1.781
319.59,0.01781,1.781
319.60,0.01781,1.781
319.61,0.01781,1.781
319.62,0.01781,1.781
319.63,0.01781,1.781
319.64,0.01781,1.781
319.65,0.01781,1.781
319.66,0.01781,1.781
319.67,0.01781,1.781
319.68,0.01781,1.781
319.68,0.01781,1.781
319.69,0.01781,1.781
319.70,0.01781,1.781
319.71,0.01781,1.781
319.72,0.01781,1.781
319.73,0.01781,1.781
319.74,0.01781,1.781
319.75,0.01781,1.781
319.76,0.01781,1.781
319.77,0.01781,1.781
319.77,0.01781,1.781
319.78,0.01781,1.781
319.79,0.01781,1.781
319.80,0.01781,1.781
319.81,0.01781,1.781
319.82,0.01781,1.781
319.83,0.01781,1.781
319.84,0.01781,1.781
319.85,0.01781,1.781
319.86,0.01781,1.781
319.86,0.01781,1.781
319.87,0.01781,1.781
319.88,0.01781,1.781
319.89,0.01781,1.781
319.90,0.01781,1.781
319.91,0.01781,1.781
319.92,0.01781,1.781
319.93,0.01781,1.781
319.94,0.01781,1.781
319.95,0.01781,1.781
319.95,0.01781,1.781
319.96,0.01781,1.781
319.97,0.01781,1.781
319.98,0.01781,1.781
319.99,0.01781,1.781
320.00,0.01781,1.781
320.01,0.01781,1.781
320.02,0.01781,1.781
320.03,0.01781,1.781
320.04,0.01781,1.781
320.04,0.01781,1.781
320.05,0.01781,1.781
320.06,0.01781,1.781
320.07,0.01781,1.781
320.08,0.01781,1.781
320.09,0.01781,1.781
320.10,0.01781,1.781
320.11,0.01781,1.781
320.12,0.01781,1.781
320.13,0.01782,1.782
320.13,0.01782,1.782
320.14,0.01782,1.782
320.15,0.01782,1.782
320.16,0.01782,1.782
320.17,0.01782,1.782
320.18,0.01782,1.782
320.19,0.01782,1.782
320.20,0.01782,1.782
320.21,0.01782,1.782
320.22,0.01782,1.782
320.22,0.01782,1.782
320.23,0.01782,1.782
320.24,0.01782,1.782
320.25,0.01782,1.782
320.26,0.01782,1.782
320.27,0.01782,1.782
320.28,0.01782,1.782
320.29,0.01782,1.782
320.30,0.01782,1.782
320.31,0.01782,1.782
320.31,0.01782,1.782
320.32,0.01782,1.782
320.33,0.01782,1.782
320.34,0.01782,1.782
320.35,0.01782,1.782
320.36,0.01782,1.782
320.37,0.01782,1.782
320.38,0.01782,1.782
320.39,0.01782,1.782
320.40,0.01782,1.782
320.40,0.01782,1.782
320.41,0.01782,1.782
320.42,0.01782,1.782
320.43,0.01782,1.782
320.44,0.01782,1.782
320.45,0.01782,1.782
320.46,0.01782,1.782
320.47,0.01782,1.782
320.48,0.01782,1.782
320.49,0.01782,1.782
320.49,0.01782,1.782
320.50,0.01782,1.782
320.51,0.01782,1.782
320.52,0.01782,1.782
320.53,0.01782,1.782
320.54,0.01782,1.782
320.55,0.01782,1.782
320.56,0.01782,1.782
320.57,0.01782,1.782
320.58,0.01782,1.782
320.58,0.01782,1.782
320.59,0.01782,1.782
320.60,0.01782,1.782
320.61,0.01782,1.782
320.62,0.01782,1.782
320.63,0.01782,1.782
320.64,0.01782,1.782
320.65,0.01782,1.782
320.66,0.01782,1.782
320.67,0.01782,1.782
320.67,0.01782,1.782
320.68,0.01782,1.782
320.69,0.01782,1.782
320.70,0.01782,1.782
320.71,0.01782,1.782
320.72,0.01782,1.782
320.73,0.01782,1.782
320.74,0.01782,1.782
320.75,0.01782,1.782
320.76,0.01782,1.782
320.77,0.01782,1.782
320.77,0.01782,1.782
320.78,0.01782,1.782
320.79,0.01782,1.782
320.80,0.01782,1.782
320.81,0.01782,1.782
320.82,0.01782,1.782
320.83,0.01782,1.782
320.84,0.01782,1.782
320.85,0.01782,1.782
320.86,0.01782,1.782
320.86,0.01782,1.782
320.87,0.01782,1.782
320.88,0.01782,1.782
320.89,0.01782,1.782
320.90,0.01782,1.782
320.91,0.01782,1.782
320.92,0.01782,1.782
320.93,0.01782,1.782
320.94,0.01782,1.782
320.95,0.01782,1.782
320.95,0.01782,1.782
320.96,0.01782,1.782
320.97,0.01782,1.782
320.98,0.01782,1.782
320.99,0.01782,1.782
321.00,0.01782,1.782
321.01,0.01782,1.782
321.02,0.01782,1.782
321.03,0.01782,1.782
321.04,0.01782,1.782
321.04,0.01782,1.782
321.05,0.01782,1.782
321.06,0.01782,1.782
321.07,0.01782,1.782
321.08,0.01782,1.782
321.09,0.01782,1.782
321.10,0.01782,1.782
321.11,0.01782,1.782
321.12,0.01782,1.782
321.13,0.01782,1.782
321.13,0.01782,1.782
321.14,0.01782,1.782
321.15,0.01782,1.782
321.16,0.01782,1.782
321.17,0.01782,1.782
321.18,0.01782,1.782
321.19,0.01782,1.782
321.20,0.01782,1.782
321.21,0.01782,1.782
321.22,0.01782,1.782
321.22,0.01782,1.782
321.23,0.01782,1.782
321.24,0.01782,1.782
321.25,0.01782,1.782
321.26,0.01782,1.782
321.27,0.01782,1.782
321.28,0.01782,1.782
321.29,0.01782,1.782
321.30,0.01782,1.782
321.31,0.01782,1.782
321.31,0.01783,1.783
321.32,0.01783,1.783
321.33,0.01783,1.783
321.34,0.01783,1.783
321.35,0.01783,1.783
321.36,0.01783,1.783
321.37,0.01783,1.783
321.38,0.01783,1.783
321.39,0.01783,1.783
321.40,0.01783,1.783
321.40,0.01783,1.783
321.41,0.01783,1.783
321.42,0.01783,1.783
321.43,0.01783,1.783
321.44,0.01783,1.783
321.45,0.01783,1.783
321.46,0.01783,1.783
321.47,0.01783,1.783
321.48,0.01783,1.783
321.49,0.01783,1.783
321.49,0.01783,1.783
321.50,0.01783,1.783
321.51,0.01783,1.783
321.52,0.01783,1.783
321.53,0.01783,1.783
321.54,0.01783,1.783
321.55,0.01783,1.783
321.56,0.01783,1.783
321.57,0.01783,1.783
321.58,0.01783,1.783
321.58,0.01783,1.783
321.59,0.01783,1.783
321.60,0.01783,1.783
321.61,0.01783,1.783
321.62,0.01783,1.783
321.63,0.01783,1.783
321.64,0.01783,1.783
321.65,0.01783,1.783
321.66,0.01783,1.783
321.67,0.01783,1.783
321.67,0.01783,1.783
321.68,0.01783,1.783
321.69,0.01783,1.783
321.70,0.01783,1.783
321.71,0.01783,1.783
321.72,0.01783,1.783
321.73,0.01783,1.783
321.74,0.01783,1.783
321.75,0.01783,1.783
321.76,0.01783,1.783
321.76,0.01783,1.783
321.77,0.01783,1.783
321.78,0.01783,1.783
321.79,0.01783,1.783
321.80,0.01783,1.783
321.81,0.01783,1.783
321.82,0.01783,1.783
321.83,0.01783,1.783
321.84,0.01783,1.783
321.85,0.01783,1.783
321.85,0.01783,1.783
321.86,0.01783,1.783
321.87,0.01783,1.783
321.88,0.01783,1.783
321.89,0.01783,1.783
321.90,0.01783,1.783
321.91,0.01783,1.783
321.92,0.01783,1.783
321.93,0.01783,1.783
321.94,0.01783,1.783
321.94,0.01783,1.783
321.95,0.01783,1.783
321.96,0.01783,1.783
321.97,0.01783,1.783
321.98,0.01783,1.783
321.99,0.01783,1.783
322.00,0.01783,1.783
322.01,0.01783,1.783
322.02,0.01783,1.783
322.03,0.01783,1.783
322.03,0.01783,1.783
322.04,0.01783,1.783
322.05,0.01783,1.783
322.06,0.01783,1.783
322.07,0.01783,1.783
322.08,0.01783,1.783
322.09,0.01783,1.783
322.10,0.01783,1.783
322.11,0.01783,1.783
322.12,0.01783,1.783
322.12,0.01783,1.783
322.13,0.01783,1.783
322.14,0.01783,1.783
322.15,0.01783,1.783
322.16,0.01783,1.783
322.17,0.01783,1.783
322.18,0.01783,1.783
322.19,0.01783,1.783
322.20,0.01783,1.783
322.21,0.01783,1.783
322.21,0.01783,1.783
322.22,0.01783,1.783
322.23,0.01783,1.783
322.24,0.01783,1.783
322.25,0.01783,1.783
322.26,0.01783,1.783
322.27,0.01783,1.783
322.28,0.01783,1.783
322.29,0.01783,1.783
322.30,0.01783,1.783
322.30,0.01783,1.783
322.31,0.01783,1.783
322.32,0.01783,1.783
322.33,0.01783,1.783
322.34,0.01783,1.783
322.35,0.01783,1.783
322.36,0.01783,1.783
322.37,0.01783,1.783
322.38,0.01783,1.783
322.39,0.01783,1.783
322.39,0.01783,1.783
322.40,0.01783,1.783
322.41,0.01783,1.783
322.42,0.01783,1.783
322.43,0.01783,1.783
322.44,0.01783,1.783
322.45,0.01783,1.783
322.46,0.01783,1.783
322.47,0.01783,1.783
322.48,0.01784,1.784
322.48,0.01784,1.784
322.49,0.01784,1.784
322.50,0.01784,1.784
322.51,0.01784,1.784
322.52,0.01784,1.784
322.53,0.01784,1.784
322.54,0.01784,1.784
322.55,0.01784,1.784
322.56,0.01784,1.784
322.57,0.01784,1.784
322.58,0.01784,1.784
322.58,0.01784,1.784
322.59,0.01784,1.784
322.60,0.01784,1.784
322.61,0.01784,1.784
322.62,0.01784,1.784
322.63,0.01784,1.784
322.64,0.01784,1.784
322.65,0.01784,1.784
322.66,0.01784,1.784
322.67,0.01784,1.784
322.67,0.01784,1.784
322.68,0.01784,1.784
322.69,0.01784,1.784
322.70,0.01784,1.784
322.71,0.01784,1.784
322.72,0.01784,1.784
322.73,0.01784,1.784
322.74,0.01784,1.784
322.75,0.01784,1.784
322.76,0.01784,1.784
322.76,0.01784,1.784
322.77,0.01784,1.784
322.78,0.01784,1.784
322.79,0.01784,1.784
322.80,0.01784,1.784
322.81,0.01784,1.784
322.82,0.01784,1.784
322.83,0.01784,1.784
322.84,0.01784,1.784
322.85,0.01784,1.784
322.85,0.01784,1.784
322.86,0.01784,1.784
322.87,0.01784,1.784
322.88,0.01784,1.784
322.89,0.01784,1.784
322.90,0.01784,1.784
322.91,0.01784,1.784
322.92,0.01784,1.784
322.93,0.01784,1.784
322.94,0.01784,1.784
322.94,0.01784,1.784
322.95,0.01784,1.784
322.96,0.01784,1.784
322.97,0.01784,1.784
322.98,0.01784,1.784
322.99,0.01784,1.784
323.00,0.01784,1.784
323.01,0.01784,1.784
323.02,0.01784,1.784
323.03,0.01784,1.784
323.04,0.01784,1.784
323.04,0.01784,1.784
323.05,0.01784,1.784
323.06,0.01784,1.784
323.07,0.01784,1.784
323.08,0.01784,1.784
323.09,0.01784,1.784
323.10,0.01784,1.784
323.11,0.01784,1.784
323.12,0.01784,1.784
323.13,0.01784,1.784
323.13,0.01784,1.784
323.14,0.01784,1.784
323.15,0.01784,1.784
323.16,0.01784,1.784
323.17,0.01784,1.784
323.18,0.01784,1.784
323.19,0.01784,1.784
323.20,0.01784,1.784
323.21,0.01784,1.784
323.22,0.01784,1.784
323.22,0.01784,1.784
323.23,0.01784,1.784
323.24,0.01784,1.784
323.25,0.01784,1.784
323.26,0.01784,1.784
323.27,0.01784,1.784
323.28,0.01784,1.784
323.29,0.01784,1.784
323.30,0.01784,1.784
323.31,0.01784,1.784
323.31,0.01784,1.784
323.32,0.01784,1.784
323.33,0.01784,1.784
323.34,0.01784,1.784
323.35,0.01784,1.784
323.36,0.01784,1.784
323.37,0.01784,1.784
323.38,0.01784,1.784
323.39,0.01784,1.784
323.40,0.01784,1.784
323.40,0.01784,1.784
323.41,0.01784,1.784
323.42,0.01784,1.784
323.43,0.01784,1.784
323.44,0.01784,1.784
323.45,0.01784,1.784
323.46,0.01784,1.784
323.47,0.01784,1.784
323.48,0.01784,1.784
323.49,0.01784,1.784
323.49,0.01784,1.784
323.50,0.01784,1.784
323.51,0.01784,1.784
323.52,0.01784,1.784
323.53,0.01784,1.784
323.54,0.01784,1.784
323.55,0.01784,1.784
323.56,0.01784,1.784
323.57,0.01784,1.784
323.58,0.01784,1.784
323.58,0.01784,1.784
323.59,0.01784,1.784
323.60,0.01784,1.784
323.61,0.01784,1.784
323.62,0.01784,1.784
323.63,0.01785,1.785
323.64,0.01785,1.785
323.65,0.01785,1.785
323.66,0.01785,1.785
323.67,0.01785,1.785
323.67,0.01785,1.785
323.68,0.01785,1.785
323.69,0.01785,1.785
323.70,0.01785,1.785
323.71,0.01785,1.785
323.72,0.01785,1.785
323.73,0.01785,1.785
323.74,0.01785,1.785
323.75,0.01785,1.785
323.76,0.01785,1.785
323.76,0.01785,1.785
323.77,0.01785,1.785
323.78,0.01785,1.785
323.79,0.01785,1.785
323.80,0.01785,1.785
323.81,0.01785,1.785
323.82,0.01785,1.785
323.83,0.01785,1.785
323.84,0.01785,1.785
323.85,0.01785,1.785
323.85,0.01785,1.785
323.86,0.01785,1.785
323.87,0.01785,1.785
323.88,0.01785,1.785
323.89,0.01785,1.785
323.90,0.01785,1.785
323.91,0.01785,1.785
323.92,0.01785,1.785
323.93,0.01785,1.785
323.94,0.01785,1.785
323.94,0.01785,1.785
323.95,0.01785,1.785
323.96,0.01785,1.785
323.97,0.01785,1.785
323.98,0.01785,1.785
323.99,0.01785,1.785
324.00,0.01785,1.785
324.01,0.01785,1.785
324.02,0.01785,1.785
324.03,0.01785,1.785
324.03,0.01785,1.785
324.04,0.01785,1.785
324.05,0.01785,1.785
324.06,0.01785,1.785
324.07,0.01785,1.785
324.08,0.01785,1.785
324.09,0.01785,1.785
324.10,0.01785,1.785
324.11,0.01785,1.785
324.12,0.01785,1.785
324.12,0.01785,1.785
324.13,0.01785,1.785
324.14,0.01785,1.785
324.15,0.01785,1.785
324.16,0.01785,1.785
324.17,0.01785,1.785
324.18,0.01785,1.785
324.19,0.01785,1.785
324.20,0.01785,1.785
324.21,0.01785,1.785
324.21,0.01785,1.785
324.22,0.01785,1.785
324.23,0.01785,1.785
324.24,0.01785,1.785
324.25,0.01785,1.785
324.26,0.01785,1.785
324.27,0.01785,1.785
324.28,0.01785,1.785
324.29,0.01785,1.785
324.30,0.01785,1.785
324.30,0.01785,1.785
324.31,0.01785,1.785
324.32,0.01785,1.785
324.33,0.01785,1.785
324.34,0.01785,1.785
324.35,0.01785,1.785
324.36,0.01785,1.785
324.37,0.01785,1.785
324.38,0.01785,1.785
324.39,0.01785,1.785
324.39,0.01785,1.785
324.40,0.01785,1.785
324.41,0.01785,1.785
324.42,0.01785,1.785
324.43,0.01785,1.785
324.44,0.01785,1.785
324.45,0.01785,1.785
324.46,0.01785,1.785
324.47,0.01785,1.785
324.48,0.01785,1.785
324.48,0.01785,1.785
324.49,0.01785,1.785
324.50,0.01785,1.785
324.51,0.01785,1.785
324.52,0.01785,1.785
324.53,0.01785,1.785
324.54,0.01785,1.785
324.55,0.01785,1.785
324.56,0.01785,1.785
324.57,0.01785,1.785
324.58,0.01785,1.785
324.58,0.01785,1.785
324.59,0.01785,1.785
324.60,0.01785,1.785
324.61,0.01785,1.785
324.62,0.01785,1.785
324.63,0.01785,1.785
324.64,0.01785,1.785
324.65,0.01785,1.785
324.66,0.01785,1.785
324.67,0.01785,1.785
324.67,0.01785,1.785
324.68,0.01785,1.785
324.69,0.01785,1.785
324.70,0.01785,1.785
324.71,0.01785,1.785
324.72,0.01785,1.785
324.73,0.01785,1.785
324.74,0.01785,1.785
324.75,0.01785,1.785
324.76,0.01785,1.785
324.76,0.01785,1.785
324.77,0.01785,1.785
324.78,0.01785,1.785
324.79,0.01785,1.785
324.80,0.01785,1.785
324.81,0.01785,1.785
324.82,0.01785,1.785
324.83,0.01785,1.785
324.84,0.01785,1.785
324.85,0.01785,1.785
324.85,0.01785,1.785
324.86,0.01786,1.786
324.87,0.01786,1.786
324.88,0.01786,1.786
324.89,0.01786,1.786
324.90,0.01786,1.786
324.91,0.01786,1.786
324.92,0.01786,1.786
324.93,0.01786,1.786
324.94,0.01786,1.786
324.94,0.01786,1.786
324.95,0.01786,1.786
324.96,0.01786,1.786
324.97,0.01786,1.786
324.98,0.01786,1.786
324.99,0.01786,1.786
325.00,0.01786,1.786
325.01,0.01786,1.786
325.02,0.01786,1.786
325.03,0.01786,1.786
325.04,0.01786,1.786
325.04,0.01786,1.786
325.05,0.01786,1.786
325.06,0.01786,1.786
325.07,0.01786,1.786
325.08,0.01786,1.786
325.09,0.01786,1.786
325.10,0.01786,1.786
325.11,0.01786,1.786
325.12,0.01786,1.786
325.13,0.01786,1.786
325.13,0.01786,1.786
325.14,0.01786,1.786
325.15,0.01786,1.786
325.16,0.01786,1.786
325.17,0.01786,1.786
325.18,0.01786,1.786
325.19,0.01786,1.786
325.20,0.01786,1.786
325.21,0.01786,1.786
325.22,0.01786,1.786
325.22,0.01786,1.786
325.23,0.01786,1.786
325.24,0.01786,1.786
325.25,0.01786,1.786
325.26,0.01786,1.786
325.27,0.01786,1.786
325.28,0.01786,1.786
325.29,0.01786,1.786
325.30,0.01786,1.786
325.31,0.01786,1.786
325.31,0.01786,1.786
325.32,0.01786,1.786
325.33,0.01786,1.786
325.34,0.01786,1.786
325.35,0.01786,1.786
325.36,0.01786,1.786
325.37,0.01786,1.786
325.38,0.01786,1.786
325.39,0.01786,1.786
325.40,0.01786,1.786
325.40,0.01786,1.786
325.41,0.01786,1.786
325.42,0.01786,1.786
325.43,0.01786,1.786
325.44,0.01786,1.786
325.45,0.01786,1.786
325.46,0.01786,1.786
325.47,0.01786,1.786
325.48,0.01786,1.786
325.49,0.01786,1.786
325.49,0.01786,1.786
325.50,0.01786,1.786
325.51,0.01786,1.786
325.52,0.01786,1.786
325.53,0.01786,1.786
325.54,0.01786,1.786
325.55,0.01786,1.786
325.56,0.01786,1.786
325.57,0.01786,1.786
325.58,0.01786,1.786
325.58,0.01786,1.786
325.59,0.01786,1.786
325.60,0.01786,1.786
325.61,0.01786,1.786
325.62,0.01786,1.786
325.63,0.01786,1.786
325.64,0.01786,1.786
325.65,0.01786,1.786
325.66,0.01786,1.786
325.67,0.01786,1.786
325.67,0.01786,1.786
325.68,0.01786,1.786
325.69,0.01786,1.786
325.70,0.01786,1.786
325.71,0.01786,1.786
325.72,0.01786,1.786
325.73,0.01786,1.786
325.74,0.01786,1.786
325.75,0.01786,1.786
325.76,0.01786,1.786
325.76,0.01786,1.786
325.77,0.01786,1.786
325.78,0.01786,1.786
325.79,0.01786,1.786
325.80,0.01786,1.786
325.81,0.01786,1.786
325.82,0.01786,1.786
325.83,0.01786,1.786
325.84,0.01786,1.786
325.85,0.01786,1.786
325.85,0.01786,1.786
325.86,0.01786,1.786
325.87,0.01786,1.786
325.88,0.01786,1.786
325.89,0.01786,1.786
325.90,0.01786,1.786
325.91,0.01786,1.786
325.92,0.01786,1.786
325.93,0.01786,1.786
325.94,0.01786,1.786
325.94,0.01786,1.786
325.95,0.01786,1.786
325.96,0.01786,1.786
325.97,0.01786,1.786
325.98,0.01786,1.786
325.99,0.01786,1.786
326.00,0.01786,1.786
326.01,0.01786,1.786
326.02,0.01786,1.786
326.03,0.01786,1.786
326.03,0.01786,1.786
326.04,0.01786,1.786
326.05,0.01786,1.786
326.06,0.01786,1.786
326.07,0.01786,1.786
326.08,0.01787,1.787
326.09,0.01787,1.787
326.10,0.01787,1.787
326.11,0.01787,1.787
326.12,0.01787,1.787
326.12,0.01787,1.787
326.13,0.01787,1.787
326.14,0.01787,1.787
326.15,0.01787,1.787
326.16,0.01787,1.787
326.17,0.01787,1.787
326.18,0.01787,1.787
326.19,0.01787,1.787
326.20,0.01787,1.787
326.21,0.01787,1.787
326.22,0.01787,1.787
326.22,0.01787,1.787
326.23,0.01787,1.787
326.24,0.01787,1.787
326.25,0.01787,1.787
326.26,0.01787,1.787
326.27,0.01787,1.787
326.28,0.01787,1.787
326.29,0.01787,1.787
326.30,0.01787,1.787
326.31,0.01787,1.787
326.31,0.01787,1.787
326.32,0.01787,1.787
326.33,0.01787,1.787
326.34,0.01787,1.787
326.35,0.01787,1.787
326.36,0.01787,1.787
326.37,0.01787,1.787
326.38,0.01787,1.787
326.39,0.01787,1.787
326.40,0.01787,1.787
326.40,0.01787,1.787
326.41,0.01787,1.787
326.42,0.01787,1.787
326.43,0.01787,1.787
326.44,0.01787,1.787
326.45,0.01787,1.787
326.46,0.01787,1.787
326.47,0.01787,1.787
326.48,0.01787,1.787
326.49,0.01787,1.787
326.49,0.01787,1.787
326.50,0.01787,1.787
326.51,0.01787,1.787
326.52,0.01787,1.787
326.53,0.01787,1.787
326.54,0.01787,1.787
326.55,0.01787,1.787
326.56,0.01787,1.787
326.57,0.01787,1.787
326.58,0.01787,1.787
326.58,0.01787,1.787
326.59,0.01787,1.787
326.60,0.01787,1.787
326.61,0.01787,1.787
326.62,0.01787,1.787
326.63,0.01787,1.787
326.64,0.01787,1.787
326.65,0.01787,1.787
326.66,0.01787,1.787
326.67,0.01787,1.787
326.67,0.01787,1.787
326.68,0.01787,1.787
326.69,0.01787,1.787
326.70,0.01787,1.787
326.71,0.01787,1.787
326.72,0.01787,1.787
326.73,0.01787,1.787
326.74,0.01787,1.787
326.75,0.01787,1.787
326.76,0.01787,1.787
326.76,0.01787,1.787
326.77,0.01787,1.787
326.78,0.01787,1.787
326.79,0.01787,1.787
326.80,0.01787,1.787
326.81,0.01787,1.787
326.82,0.01787,1.787
326.83,0.01787,1.787
326.84,0.01787,1.787
326.85,0.01787,1.787
326.86,0.01787,1.787
326.86,0.01787,1.787
326.87,0.01787,1.787
326.88,0.01787,1.787
326.89,0.01787,1.787
326.90,0.01787,1.787
326.91,0.01787,1.787
326.92,0.01787,1.787
326.93,0.01787,1.787
326.94,0.01787,1.787
326.95,0.01787,1.787
326.95,0.01787,1.787
326.96,0.01787,1.787
326.97,0.01787,1.787
326.98,0.01787,1.787
326.99,0.01787,1.787
327.00,0.01787,1.787
327.01,0.01787,1.787
327.02,0.01787,1.787
327.03,0.01787,1.787
327.04,0.01787,1.787
327.04,0.01787,1.787
327.05,0.01787,1.787
327.06,0.01787,1.787
327.07,0.01787,1.787
327.08,0.01787,1.787
327.09,0.01787,1.787
327.10,0.01787,1.787
327.11,0.01787,1.787
327.12,0.01787,1.787
327.13,0.01787,1.787
327.13,0.01787,1.787
327.14,0.01787,1.787
327.15,0.01787,1.787
327.16,0.01787,1.787
327.17,0.01787,1.787
327.18,0.01787,1.787
327.19,0.01787,1.787
327.20,0.01787,1.787
327.21,0.01787,1.787
327.22,0.01787,1.787
327.22,0.01787,1.787
327.23,0.01787,1.787
327.24,0.01787,1.787
327.25,0.01787,1.787
327.26,0.01787,1.787
327.27,0.01787,1.787
327.28,0.01787,1.787
327.29,0.01788,1.788
327.30,0.01788,1.788
327.31,0.01788,1.788
327.31,0.01788,1.788
327.32,0.01788,1.788
327.33,0.01788,1.788
327.34,0.01788,1.788
327.35,0.01788,1.788
327.36,0.01788,1.788
327.37,0.01788,1.788
327.38,0.01788,1.788
327.39,0.01788,1.788
327.40,0.01788,1.788
327.40,0.01788,1.788
327.41,0.01788,1.788
327.42,0.01788,1.788
327.43,0.01788,1.788
327.44,0.01788,1.788
327.45,0.01788,1.788
327.46,0.01788,1.788
327.47,0.01788,1.788
327.48,0.01788,1.788
327.49,0.01788,1.788
327.49,0.01788,1.788
327.50,0.01788,1.788
327.51,0.01788,1.788
327.52,0.01788,1.788
327.53,0.01788,1.788
327.54,0.01788,1.788
327.55,0.01788,1.788
327.56,0.01788,1.788
327.57,0.01788,1.788
327.58,0.01788,1.788
327.59,0.01788,1.788
327.59,0.01788,1.788
327.60,0.01788,1.788
327.61,0.01788,1.788
327.62,0.01788,1.788
327.63,0.01788,1.788
327.64,0.01788,1.788
327.65,0.01788,1.788
327.66,0.01788,1.788
327.67,0.01788,1.788
327.68,0.01788,1.788
327.68,0.01788,1.788
327.69,0.01788,1.788
327.70,0.01788,1.788
327.71,0.01788,1.788
327.72,0.01788,1.788
327.73,0.01788,1.788
327.74,0.01788,1.788
327.75,0.01788,1.788
327.76,0.01788,1.788
327.77,0.01788,1.788
327.77,0.01788,1.788
327.78,0.01788,1.788
327.79,0.01788,1.788
327.80,0.01788,1.788
327.81,0.01788,1.788
327.82,0.01788,1.788
327.83,0.01788,1.788
327.84,0.01788,1.788
327.85,0.01788,1.788
327.86,0.01788,1.788
327.86,0.01788,1.788
327.87,0.01788,1.788
327.88,0.01788,1.788
327.89,0.01788,1.788
327.90,0.01788,1.788
327.91,0.01788,1.788
327.92,0.01788,1.788
327.93,0.01788,1.788
327.94,0.01788,1.788
327.95,0.01788,1.788
327.95,0.01788,1.788
327.96,0.01788,1.788
327.97,0.01788,1.788
327.98,0.01788,1.788
327.99,0.01788,1.788
328.00,0.01788,1.788
328.01,0.01788,1.788
328.02,0.01788,1.788
328.03,0.01788,1.788
328.04,0.01788,1.788
328.04,0.01788,1.788
328.05,0.01788,1.788
328.06,0.01788,1.788
328.07,0.01788,1.788
328.08,0.01788,1.788
328.09,0.01788,1.788
328.10,0.01788,1.788
328.11,0.01788,1.788
328.12,0.01788,1.788
328.13,0.01788,1.788
328.13,0.01788,1.788
328.14,0.01788,1.788
328.15,0.01788,1.788
328.16,0.01788,1.788
328.17,0.01788,1.788
328.18,0.01788,1.788
328.19,0.01788,1.788
328.20,0.01788,1.788
328.21,0.01788,1.788
328.22,0.01788,1.788
328.22,0.01788,1.788
328.23,0.01788,1.788
328.24,0.01788,1.788
328.25,0.01788,1.788
328.26,0.01788,1.788
328.27,0.01788,1.788
328.28,0.01788,1.788
328.29,0.01788,1.788
328.30,0.01788,1.788
328.31,0.01788,1.788
328.31,0.01788,1.788
328.32,0.01788,1.788
328.33,0.01788,1.788
328.34,0.01788,1.788
328.35,0.01788,1.788
328.36,0.01788,1.788
328.37,0.01788,1.788
328.38,0.01788,1.788
328.39,0.01788,1.788
328.40,0.01788,1.788
328.41,0.01788,1.788
328.41,0.01788,1.788
328.42,0.01788,1.788
328.43,0.01788,1.788
328.44,0.01788,1.788
328.45,0.01788,1.788
328.46,0.01788,1.788
328.47,0.01788,1.788
328.48,0.01788,1.788
328.49,0.01788,1.788
328.50,0.01788,1.788
328.50,0.01788,1.788
328.51,0.01788,1.788
328.52,0.01788,1.788
328.53,0.01788,1.788
328.54,0.01788,1.788
328.55,0.01788,1.788
328.56,0.01788,1.788
328.57,0.01789,1.789
328.58,0.01789,1.789
328.59,0.01789,1.789
328.59,0.01789,1.789
328.60,0.01789,1.789
328.61,0.01789,1.789
328.62,0.01789,1.789
328.63,0.01789,1.789
328.64,0.01789,1.789
328.65,0.01789,1.789
328.66,0.01789,1.789
328.67,0.01789,1.789
328.68,0.01789,1.789
328.68,0.01789,1.789
328.69,0.01789,1.789
328.70,0.01789,1.789
328.71,0.01789,1.789
328.72,0.01789,1.789
328.73,0.01789,1.789
328.74,0.01789,1.789
328.75,0.01789,1.789
328.76,0.01789,1.789
328.77,0.01789,1.789
328.77,0.01789,1.789
328.78,0.01789,1.789
328.79,0.01789,1.789
328.80,0.01789,1.789
328.81,0.01789,1.789
328.82,0.01789,1.789
328.83,0.01789,1.789
328.84,0.01789,1.789
328.85,0.01789,1.789
328.86,0.01789,1.789
328.86,0.01789,1.789
328.87,0.01789,1.789
328.88,0.01789,1.789
328.89,0.01789,1.789
328.90,0.01789,1.789
328.91,0.01789,1.789
328.92,0.01789,1.789
328.93,0.01789,1.789
328.94,0.01789,1.789
328.95,0.01789,1.789
328.95,0.01789,1.789
328.96,0.01789,1.789
328.97,0.01789,1.789
328.98,0.01789,1.789
328.99,0.01789,1.789
329.00,0.01789,1.789
329.01,0.01789,1.789
329.02,0.01789,1.789
329.03,0.01789,1.789
329.04,0.01789,1.789
329.04,0.01789,1.789
329.05,0.01789,1.789
329.06,0.01789,1.789
329.07,0.01789,1.789
329.08,0.01789,1.789
329.09,0.01789,1.789
329.10,0.01789,1.789
329.11,0.01789,1.789
329.12,0.01789,1.789
329.13,0.01789,1.789
329.14,0.01789,1.789
329.14,0.01789,1.789
329.15,0.01789,1.789
329.16,0.01789,1.789
329.17,0.01789,1.789
329.18,0.01789,1.789
329.19,0.01789,1.789
329.20,0.01789,1.789
329.21,0.01789,1.789
329.22,0.01789,1.789
329.23,0.01789,1.789
329.23,0.01789,1.789
329.24,0.01789,1.789
329.25,0.01789,1.789
329.26,0.01789,1.789
329.27,0.01789,1.789
329.28,0.01789,1.789
329.29,0.01789,1.789
329.30,0.01789,1.789
329.31,0.01789,1.789
329.32,0.01789,1.789
329.32,0.01789,1.789
329.33,0.01789,1.789
329.34,0.01789,1.789
329.35,0.01789,1.789
329.36,0.01789,1.789
329.37,0.01789,1.789
329.38,0.01789,1.789
329.39,0.01789,1.789
329.40,0.01789,1.789
329.41,0.01789,1.789
329.41,0.01789,1.789
329.42,0.01789,1.789
329.43,0.01789,1.789
329.44,0.01789,1.789
329.45,0.01789,1.789
329.46,0.01789,1.789
329.47,0.01789,1.789
329.48,0.01789,1.789
329.49,0.01789,1.789
329.50,0.01789,1.789
329.50,0.01789,1.789
329.51,0.01789,1.789
329.52,0.01789,1.789
329.53,0.01789,1.789
329.54,0.01789,1.789
329.55,0.01789,1.789
329.56,0.01789,1.789
329.57,0.01789,1.789
329.58,0.01789,1.789
329.59,0.01789,1.789
329.60,0.01789,1.789
329.60,0.01789,1.789
329.61,0.01789,1.789
329.62,0.01789,1.789
329.63,0.01789,1.789
329.64,0.01789,1.789
329.65,0.01789,1.789
329.66,0.01789,1.789
329.67,0.01789,1.789
329.68,0.01789,1.789
329.69,0.01789,1.789
329.69,0.01789,1.789
329.70,0.01789,1.789
329.71,0.01789,1.789
329.72,0.01789,1.789
329.73,0.01789,1.789
329.74,0.01789,1.789
329.75,0.01789,1.789
329.76,0.01789,1.789
329.77,0.01789,1.789
329.78,0.01789,1.789
329.78,0.01789,1.789
329.79,0.01789,1.789
329.80,0.01789,1.789
329.81,0.01790,1.790
329.82,0.01790,1.790
329.83,0.01790,1.790
329.84,0.01790,1.790
329.85,0.01790,1.790
329.86,0.01790,1.790
329.87,0.01790,1.790
329.87,0.01790,1.790
329.88,0.01790,1.790
329.89,0.01790,1.790
329.90,0.01790,1.790
329.91,0.01790,1.790
329.92,0.01790,1.790
329.93,0.01790,1.790
329.94,0.01790,1.790
329.95,0.01790,1.790
329.96,0.01790,1.790
329.96,0.01790,1.790
329.97,0.01790,1.790
329.98,0.01790,1.790
329.99,0.01790,1.790
330.00,0.01790,1.790
330.01,0.01790,1.790
330.02,0.01790,1.790
330.03,0.01790,1.790
330.04,0.01790,1.790
330.05,0.01790,1.790
330.05,0.01790,1.790
330.06,0.01790,1.790
330.07,0.01790,1.790
330.08,0.01790,1.790
330.09,0.01790,1.790
330.10,0.01790,1.790
330.11,0.01790,1.790
330.12,0.01790,1.790
330.13,0.01790,1.790
330.14,0.01790,1.790
330.14,0.01790,1.790
330.15,0.01790,1.790
330.16,0.01790,1.790
330.17,0.01790,1.790
330.18,0.01790,1.790
330.19,0.01790,1.790
330.20,0.01790,1.790
330.21,0.01790,1.790
330.22,0.01790,1.790
330.23,0.01790,1.790
330.23,0.01790,1.790
330.24,0.01790,1.790
330.25,0.01790,1.790
330.26,0.01790,1.790
330.27,0.01790,1.790
330.28,0.01790,1.790
330.29,0.01790,1.790
330.30,0.01790,1.790
330.31,0.01790,1.790
330.32,0.01790,1.790
330.32,0.01790,1.790
330.33,0.01790,1.790
330.34,0.01790,1.790
330.35,0.01790,1.790
330.36,0.01790,1.790
330.37,0.01790,1.790
330.38,0.01790,1.790
330.39,0.01790,1.790
330.40,0.01790,1.790
330.41,0.01790,1.790
330.42,0.01790,1.790
330.42,0.01790,1.790
330.43,0.01790,1.790
330.44,0.01790,1.790
330.45,0.01790,1.790
330.46,0.01790,1.790
330.47,0.01790,1.790
330.48,0.01790,1.790
330.49,0.01790,1.790
330.50,0.01790,1.790
330.51,0.01790,1.790
330.51,0.01790,1.790
330.52,0.01790,1.790
330.53,0.01790,1.790
330.54,0.01790,1.790
330.55,0.01790,1.790
330.56,0.01790,1.790
330.57,0.01790,1.790
330.58,0.01790,1.790
330.59,0.01790,1.790
330.60,0.01790,1.790
330.60,0.01790,1.790
330.61,0.01790,1.790
330.62,0.01790,1.790
330.63,0.01790,1.790
330.64,0.01790,1.790
330.65,0.01790,1.790
330.66,0.01790,1.790
330.67,0.01790,1.790
330.68,0.01790,1.790
330.69,0.01790,1.790
330.69,0.01790,1.790
330.70,0.01790,1.790
330.71,0.01790,1.790
330.72,0.01790,1.790
330.73,0.01790,1.790
330.74,0.01790,1.790
330.75,0.01790,1.790
330.76,0.01790,1.790
330.77,0.01790,1.790
330.78,0.01790,1.790
330.78,0.01790,1.790
330.79,0.01790,1.790
330.80,0.01790,1.790
330.81,0.01790,1.790
330.82,0.01790,1.790
330.83,0.01790,1.790
330.84,0.01790,1.790
330.85,0.01790,1.790
330.86,0.01790,1.790
330.87,0.01790,1.790
330.87,0.01790,1.790
330.88,0.01790,1.790
330.89,0.01790,1.790
330.90,0.01790,1.790
330.91,0.01790,1.790
330.92,0.01790,1.790
330.93,0.01790,1.790
330.94,0.01790,1.790
330.95,0.01790,1.790
330.96,0.01790,1.790
330.96,0.01790,1.790
330.97,0.01790,1.790
330.98,0.01790,1.790
330.99,0.01790,1.790
331.00,0.01790,1.790
331.01,0.01790,1.790
331.02,0.01790,1.790
331.03,0.01790,1.790
331.04,0.01790,1.790
331.05,0.01790,1.790
331.05,0.01790,1.790
331.06,0.01790,1.790
331.07,0.01790,1.790
331.08,0.01790,1.790
331.09,0.01790,1.790
331.10,0.01790,1.790
331.11,0.01790,1.790
331.12,0.01791,1.791
331.13,0.01791,1.791
331.14,0.01791,1.791
331.15,0.01791,1.791
331.15,0.01791,1.791
331.16,0.01791,1.791
331.17,0.01791,1.791
331.18,0.01791,1.791
331.19,0.01791,1.791
331.20,0.01791,1.791
331.21,0.01791,1.791
331.22,0.01791,1.791
331.23,0.01791,1.791
331.24,0.01791,1.791
331.24,0.01791,1.791
331.25,0.01791,1.791
331.26,0.01791,1.791
331.27,0.01791,1.791
331.28,0.01791,1.791
331.29,0.01791,1.791
331.30,0.01791,1.791
331.31,0.01791,1.791
331.32,0.01791,1.791
331.33,0.01791,1.791
331.33,0.01791,1.791
331.34,0.01791,1.791
331.35,0.01791,1.791
331.36,0.01791,1.791
331.37,0.01791,1.791
331.38,0.01791,1.791
331.39,0.01791,1.791
331.40,0.01791,1.791
331.41,0.01791,1.791
331.42,0.01791,1.791
331.42,0.01791,1.791
331.43,0.01791,1.791
331.44,0.01791,1.791
331.45,0.01791,1.791
331.46,0.01791,1.791
331.47,0.01791,1.791
331.48,0.01791,1.791
331.49,0.01791,1.791
331.50,0.01791,1.791
331.51,0.01791,1.791
331.52,0.01791,1.791
331.52,0.01791,1.791
331.53,0.01791,1.791
331.54,0.01791,1.791
331.55,0.01791,1.791
331.56,0.01791,1.791
331.57,0.01791,1.791
331.58,0.01791,1.791
331.59,0.01791,1.791
331.60,0.01791,1.791
331.61,0.01791,1.791
331.61,0.01791,1.791
331.62,0.01791,1.791
331.63,0.01791,1.791
331.64,0.01791,1.791
331.65,0.01791,1.791
331.66,0.01791,1.791
331.67,0.01791,1.791
331.68,0.01791,1.791
331.69,0.01791,1.791
331.70,0.01791,1.791
331.70,0.01791,1.791
331.71,0.01791,1.791
331.72,0.01791,1.791
331.73,0.01791,1.791
331.74,0.01791,1.791
331.75,0.01791,1.791
331.76,0.01791,1.791
331.77,0.01791,1.791
331.78,0.01791,1.791
331.79,0.01791,1.791
331.79,0.01791,1.791
331.80,0.01791,1.791
331.81,0.01791,1.791
331.82,0.01791,1.791
331.83,0.01791,1.791
331.84,0.01791,1.791
331.85,0.01791,1.791
331.86,0.01791,1.791
331.87,0.01791,1.791
331.88,0.01791,1.791
331.88,0.01791,1.791
331.89,0.01791,1.791
331.90,0.01791,1.791
331.91,0.01791,1.791
331.92,0.01791,1.791
331.93,0.01791,1.791
331.94,0.01791,1.791
331.95,0.01791,1.791
331.96,0.01791,1.791
331.97,0.01791,1.791
331.98,0.01791,1.791
331.98,0.01791,1.791
331.99,0.01791,1.791
332.00,0.01791,1.791
332.01,0.01791,1.791
332.02,0.01791,1.791
332.03,0.01791,1.791
332.04,0.01791,1.791
332.05,0.01791,1.791
332.06,0.01791,1.791
332.07,0.01791,1.791
332.07,0.01791,1.791
332.08,0.01791,1.791
332.09,0.01791,1.791
332.10,0.01791,1.791
332.11,0.01791,1.791
332.12,0.01791,1.791
332.13,0.01791,1.791
332.14,0.01791,1.791
332.15,0.01791,1.791
332.16,0.01791,1.791
332.16,0.01791,1.791
332.17,0.01791,1.791
332.18,0.01791,1.791
332.19,0.01791,1.791
332.20,0.01791,1.791
332.21,0.01791,1.791
332.22,0.01791,1.791
332.23,0.01791,1.791
332.24,0.01791,1.791
332.25,0.01791,1.791
332.25,0.01791,1.791
332.26,0.01791,1.791
332.27,0.01791,1.791
332.28,0.01791,1.791
332.29,0.01791,1.791
332.30,0.01791,1.791
332.31,0.01791,1.791
332.32,0.01791,1.791
332.33,0.01791,1.791
332.34,0.01791,1.791
332.34,0.01791,1.791
332.35,0.01791,1.791
332.36,0.01791,1.791
332.37,0.01791,1.791
332.38,0.01791,1.791
332.39,0.01791,1.791
332.40,0.01791,1.791
332.41,0.01791,1.791
332.42,0.01791,1.791
332.43,0.01791,1.791
332.43,0.01791,1.791
332.44,0.01791,1.791
332.45,0.01791,1.791
332.46,0.01791,1.791
332.47,0.01791,1.791
332.48,0.01791,1.791
332.49,0.01792,1.792
332.50,0.01792,1.792
332.51,0.01792,1.792
332.52,0.01792,1.792
332.52,0.01792,1.792
332.53,0.01792,1.792
332.54,0.01792,1.792
332.55,0.01792,1.792
332.56,0.01792,1.792
332.57,0.01792,1.792
332.58,0.01792,1.792
332.59,0.01792,1.792
332.60,0.01792,1.792
332.61,0.01792,1.792
332.61,0.01792,1.792
332.62,0.01792,1.792
332.63,0.01792,1.792
332.64,0.01792,1.792
332.65,0.01792,1.792
332.66,0.01792,1.792
332.67,0.01792,1.792
332.68,0.01792,1.792
332.69,0.01792,1.792
332.70,0.01792,1.792
332.70,0.01792,1.792
332.71,0.01792,1.792
332.72,0.01792,1.792
332.73,0.01792,1.792
332.74,0.01792,1.792
332.75,0.01792,1.792
332.76,0.01792,1.792
332.77,0.01792,1.792
332.78,0.01792,1.792
332.79,0.01792,1.792
332.79,0.01792,1.792
332.80,0.01792,1.792
332.81,0.01792,1.792
332.82,0.01792,1.792
332.83,0.01792,1.792
332.84,0.01792,1.792
332.85,0.01792,1.792
332.86,0.01792,1.792
332.87,0.01792,1.792
332.88,0.01792,1.792
332.88,0.01792,1.792
332.89,0.01792,1.792
332.90,0.01792,1.792
332.91,0.01792,1.792
332.92,0.01792,1.792
332.93,0.01792,1.792
332.94,0.01792,1.792
332.95,0.01792,1.792
332.96,0.01792,1.792
332.97,0.01792,1.792
332.97,0.01792,1.792
332.98,0.01792,1.792
332.99,0.01792,1.792
333.00,0.01792,1.792
333.01,0.01792,1.792
333.02,0.01792,1.792
333.03,0.01792,1.792
333.04,0.01792,1.792
333.05,0.01792,1.792
333.06,0.01792,1.792
333.07,0.01792,1.792
333.07,0.01792,1.792
333.08,0.01792,1.792
333.09,0.01792,1.792
333.10,0.01792,1.792
333.11,0.01792,1.792
333.12,0.01792,1.792
333.13,0.01792,1.792
333.14,0.01792,1.792
333.15,0.01792,1.792
333.16,0.01792,1.792
333.16,0.01792,1.792
333.17,0.01792,1.792
333.18,0.01792,1.792
333.19,0.01792,1.792
333.20,0.01792,1.792
333.21,0.01792,1.792
333.22,0.01792,1.792
333.23,0.01792,1.792
333.24,0.01792,1.792
333.25,0.01792,1.792
333.25,0.01792,1.792
333.26,0.01792,1.792
333.27,0.01792,1.792
333.28,0.01792,1.792
333.29,0.01792,1.792
333.30,0.01792,1.792
333.31,0.01792,1.792
333.32,0.01792,1.792
333.33,0.01792,1.792
333.34,0.01792,1.792
333.34,0.01792,1.792
333.35,0.01792,1.792
333.36,0.01792,1.792
333.37,0.01792,1.792
333.38,0.01792,1.792
333.39,0.01792,1.792
333.40,0.01792,1.792
333.41,0.01792,1.792
333.42,0.01792,1.792
333.43,0.01792,1.792
333.44,0.01792,1.792
333.44,0.01792,1.792
333.45,0.01792,1.792
333.46,0.01792,1.792
333.47,0.01792,1.792
333.48,0.01792,1.792
333.49,0.01792,1.792
333.50,0.01792,1.792
333.51,0.01792,1.792
333.52,0.01792,1.792
333.53,0.01792,1.792
333.53,0.01792,1.792
333.54,0.01792,1.792
333.55,0.01792,1.792
333.56,0.01792,1.792
333.57,0.01792,1.792
333.58,0.01792,1.792
333.59,0.01792,1.792
333.60,0.01792,1.792
333.61,0.01792,1.792
333.62,0.01792,1.792
333.62,0.01792,1.792
333.63,0.01792,1.792
333.64,0.01792,1.792
333.65,0.01792,1.792
333.66,0.01792,1.792
333.67,0.01792,1.792
333.68,0.01792,1.792
333.69,0.01792,1.792
333.70,0.01792,1.792
333.71,0.01792,1.792
333.71,0.01792,1.792
333.72,0.01792,1.792
333.73,0.01792,1.792
333.74,0.01792,1.792
333.75,0.01792,1.792
333.76,0.01792,1.792
333.77,0.01792,1.792
333.78,0.01792,1.792
333.79,0.01792,1.792
333.80,0.01792,1.792
333.81,0.01792,1.792
333.81,0.01792,1.792
333.82,0.01792,1.792
333.83,0.01792,1.792
333.84,0.01792,1.792
333.85,0.01792,1.792
333.86,0.01792,1.792
333.87,0.01792,1.792
333.88,0.01792,1.792
333.89,0.01792,1.792
333.90,0.01793,1.793
333.90,0.01793,1.793
333.91,0.01793,1.793
333.92,0.01793,1.793
333.93,0.01793,1.793
333.94,0.01793,1.793
333.95,0.01793,1.793
333.96,0.01793,1.793
333.97,0.01793,1.793
333.98,0.01793,1.793
333.99,0.01793,1.793
333.99,0.01793,1.793
334.00,0.01793,1.793
334.01,0.01793,1.793
334.02,0.01793,1.793
334.03,0.01793,1.793
334.04,0.01793,1.793
334.05,0.01793,1.793
334.06,0.01793,1.793
334.07,0.01793,1.793
334.08,0.01793,1.793
334.08,0.01793,1.793
334.09,0.01793,1.793
334.10,0.01793,1.793
334.11,0.01793,1.793
334.12,0.01793,1.793
334.13,0.01793,1.793
334.14,0.01793,1.793
334.15,0.01793,1.793
334.16,0.01793,1.793
334.17,0.01793,1.793
334.17,0.01793,1.793
334.18,0.01793,1.793
334.19,0.01793,1.793
334.20,0.01793,1.793
334.21,0.01793,1.793
334.22,0.01793,1.793
334.23,0.01793,1.793
334.24,0.01793,1.793
334.25,0.01793,1.793
334.26,0.01793,1.793
334.26,0.01793,1.793
334.27,0.01793,1.793
334.28,0.01793,1.793
334.29,0.01793,1.793
334.30,0.01793,1.793
334.31,0.01793,1.793
334.32,0.01793,1.793
334.33,0.01793,1.793
334.34,0.01793,1.793
334.35,0.01793,1.793
334.35,0.01793,1.793
334.36,0.01793,1.793
334.37,0.01793,1.793
334.38,0.01793,1.793
334.39,0.01793,1.793
334.40,0.01793,1.793
334.41,0.01793,1.793
334.42,0.01793,1.793
334.43,0.01793,1.793
334.44,0.01793,1.793
334.44,0.01793,1.793
334.45,0.01793,1.793
334.46,0.01793,1.793
334.47,0.01793,1.793
334.48,0.01793,1.793
334.49,0.01793,1.793
334.50,0.01793,1.793
334.51,0.01793,1.793
334.52,0.01793,1.793
334.53,0.01793,1.793
334.54,0.01793,1.793
334.54,0.01793,1.793
334.55,0.01793,1.793
334.56,0.01793,1.793
334.57,0.01793,1.793
334.58,0.01793,1.793
334.59,0.01793,1.793
334.60,0.01793,1.793
334.61,0.01793,1.793
334.62,0.01793,1.793
334.63,0.01793,1.793
334.63,0.01793,1.793
334.64,0.01793,1.793
334.65,0.01793,1.793
334.66,0.01793,1.793
334.67,0.01793,1.793
334.68,0.01793,1.793
334.69,0.01793,1.793
334.70,0.01793,1.793
334.71,0.01793,1.793
334.72,0.01793,1.793
334.72,0.01793,1.793
334.73,0.01793,1.793
334.74,0.01793,1.793
334.75,0.01793,1.793
334.76,0.01793,1.793
334.77,0.01793,1.793
334.78,0.01793,1.793
334.79,0.01793,1.793
334.80,0.01793,1.793
334.81,0.01793,1.793
334.81,0.01793,1.793
334.82,0.01793,1.793
334.83,0.01793,1.793
334.84,0.01793,1.793
334.85,0.01793,1.793
334.86,0.01793,1.793
334.87,0.01793,1.793
334.88,0.01793,1.793
334.89,0.01793,1.793
334.90,0.01793,1.793
334.90,0.01793,1.793
334.91,0.01793,1.793
334.92,0.01793,1.793
334.93,0.01793,1.793
334.94,0.01793,1.793
334.95,0.01793,1.793
334.96,0.01793,1.793
334.97,0.01793,1.793
334.98,0.01793,1.793
334.99,0.01793,1.793
334.99,0.01793,1.793
335.00,0.01793,1.793
335.01,0.01793,1.793
335.02,0.01793,1.793
335.03,0.01793,1.793
335.04,0.01793,1.793
335.05,0.01793,1.793
335.06,0.01793,1.793
335.07,0.01793,1.793
335.08,0.01793,1.793
335.09,0.01793,1.793
335.09,0.01793,1.793
335.10,0.01793,1.793
335.11,0.01793,1.793
335.12,0.01793,1.793
335.13,0.01793,1.793
335.14,0.01793,1.793
335.15,0.01793,1.793
335.16,0.01793,1.793
335.17,0.01793,1.793
335.18,0.01793,1.793
335.18,0.01793,1.793
335.19,0.01793,1.793
335.20,0.01793,1.793
335.21,0.01793,1.793
335.22,0.01793,1.793
335.23,0.01793,1.793
335.24,0.01793,1.793
335.25,0.01793,1.793
335.26,0.01793,1.793
335.27,0.01793,1.793
335.27,0.01793,1.793
335.28,0.01793,1.793
335.29,0.01793,1.793
335.30,0.01793,1.793
335.31,0.01794,1.794
335.32,0.01794,1.794
335.33,0.01794,1.794
335.34,0.01794,1.794
335.35,0.01794,1.794
335.36,0.01794,1.794
335.36,0.01794,1.794
335.37,0.01794,1.794
335.38,0.01794,1.794
335.39,0.01794,1.794
335.40,0.01794,1.794
335.41,0.01794,1.794
335.42,0.01794,1.794
335.43,0.01794,1.794
335.44,0.01794,1.794
335.45,0.01794,1.794
335.46,0.01794,1.794
335.46,0.01794,1.794
335.47,0.01794,1.794
335.48,0.01794,1.794
335.49,0.01794,1.794
335.50,0.01794,1.794
335.51,0.01794,1.794
335.52,0.01794,1.794
335.53,0.01794,1.794
335.54,0.01794,1.794
335.55,0.01794,1.794
335.55,0.01794,1.794
335.56,0.01794,1.794
335.57,0.01794,1.794
335.58,0.01794,1.794
335.59,0.01794,1.794
335.60,0.01794,1.794
335.61,0.01794,1.794
335.62,0.01794,1.794
335.63,0.01794,1.794
335.64,0.01794,1.794
335.64,0.01794,1.794
335.65,0.01794,1.794
335.66,0.01794,1.794
335.67,0.01794,1.794
335.68,0.01794,1.794
335.69,0.01794,1.794
335.70,0.01794,1.794
335.71,0.01794,1.794
335.72,0.01794,1.794
335.73,0.01794,1.794
335.73,0.01794,1.794
335.74,0.01794,1.794
335.75,0.01794,1.794
335.76,0.01794,1.794
335.77,0.01794,1.794
335.78,0.01794,1.794
335.79,0.01794,1.794
335.80,0.01794,1.794
335.81,0.01794,1.794
335.82,0.01794,1.794
335.82,0.01794,1.794
335.83,0.01794,1.794
335.84,0.01794,1.794
335.85,0.01794,1.794
335.86,0.01794,1.794
335.87,0.01794,1.794
335.88,0.01794,1.794
335.89,0.01794,1.794
335.90,0.01794,1.794
335.91,0.01794,1.794
335.92,0.01794,1.794
335.92,0.01794,1.794
335.93,0.01794,1.794
335.94,0.01794,1.794
335.95,0.01794,1.794
335.96,0.01794,1.794
335.97,0.01794,1.794
335.98,0.01794,1.794
335.99,0.01794,1.794
336.00,0.01794,1.794
336.01,0.01794,1.794
336.01,0.01794,1.794
336.02,0.01794,1.794
336.03,0.01794,1.794
336.04,0.01794,1.794
336.05,0.01794,1.794
336.06,0.01794,1.794
336.07,0.01794,1.794
336.08,0.01794,1.794
336.09,0.01794,1.794
336.10,0.01794,1.794
336.10,0.01794,1.794
336.11,0.01794,1.794
336.12,0.01794,1.794
336.13,0.01794,1.794
336.14,0.01794,1.794
336.15,0.01794,1.794
336.16,0.01794,1.794
336.17,0.01794,1.794
336.18,0.01794,1.794
336.19,0.01794,1.794
336.19,0.01794,1.794
336.20,0.01794,1.794
336.21,0.01794,1.794
336.22,0.01794,1.794
336.23,0.01794,1.794
336.24,0.01794,1.794
336.25,0.01794,1.794
336.26,0.01794,1.794
336.27,0.01794,1.794
336.28,0.01794,1.794
336.28,0.01794,1.794
336.29,0.01794,1.794
336.30,0.01794,1.794
336.31,0.01794,1.794
336.32,0.01794,1.794
336.33,0.01794,1.794
336.34,0.01794,1.794
336.35,0.01794,1.794
336.36,0.01794,1.794
336.37,0.01794,1.794
336.37,0.01794,1.794
336.38,0.01794,1.794
336.39,0.01794,1.794
336.40,0.01794,1.794
336.41,0.01794,1.794
336.42,0.01794,1.794
336.43,0.01794,1.794
336.44,0.01794,1.794
336.45,0.01794,1.794
336.46,0.01794,1.794
336.46,0.01794,1.794
336.47,0.01794,1.794
336.48,0.01794,1.794
336.49,0.01794,1.794
336.50,0.01794,1.794
336.51,0.01794,1.794
336.52,0.01794,1.794
336.53,0.01794,1.794
336.54,0.01794,1.794
336.55,0.01794,1.794
336.56,0.01794,1.794
336.56,0.01794,1.794
336.57,0.01794,1.794
336.58,0.01794,1.794
336.59,0.01794,1.794
336.60,0.01794,1.794
336.61,0.01794,1.794
336.62,0.01794,1.794
336.63,0.01794,1.794
336.64,0.01794,1.794
336.65,0.01794,1.794
336.65,0.01794,1.794
336.66,0.01794,1.794
336.67,0.01794,1.794
336.68,0.01794,1.794
336.69,0.01794,1.794
336.70,0.01794,1.794
336.71,0.01794,1.794
336.72,0.01794,1.794
336.73,0.01794,1.794
336.74,0.01794,1.794
336.74,0.01794,1.794
336.75,0.01794,1.794
336.76,0.01795,1.795
336.77,0.01795,1.795
336.78,0.01795,1.795
336.79,0.01795,1.795
336.80,0.01795,1.795
336.81,0.01795,1.795
336.82,0.01795,1.795
336.83,0.01795,1.795
336.83,0.01795,1.795
336.84,0.01795,1.795
336.85,0.01795,1.795
336.86,0.01795,1.795
336.87,0.01795,1.795
336.88,0.01795,1.795
336.89,0.01795,1.795
336.90,0.01795,1.795
336.91,0.01795,1.795
336.92,0.01795,1.795
336.92,0.01795,1.795
336.93,0.01795,1.795
336.94,0.01795,1.795
336.95,0.01795,1.795
336.96,0.01795,1.795
336.97,0.01795,1.795
336.98,0.01795,1.795
336.99,0.01795,1.795
337.00,0.01795,1.795
337.01,0.01795,1.795
337.02,0.01795,1.795
337.02,0.01795,1.795
337.03,0.01795,1.795
337.04,0.01795,1.795
337.05,0.01795,1.795
337.06,0.01795,1.795
337.07,0.01795,1.795
337.08,0.01795,1.795
337.09,0.01795,1.795
337.10,0.01795,1.795
337.11,0.01795,1.795
337.11,0.01795,1.795
337.12,0.01795,1.795
337.13,0.01795,1.795
337.14,0.01795,1.795
337.15,0.01795,1.795
337.16,0.01795,1.795
337.17,0.01795,1.795
337.18,0.01795,1.795
337.19,0.01795,1.795
337.20,0.01795,1.795
337.20,0.01795,1.795
337.21,0.01795,1.795
337.22,0.01795,1.795
337.23,0.01795,1.795
337.24,0.01795,1.795
337.25,0.01795,1.795
337.26,0.01795,1.795
337.27,0.01795,1.795
337.28,0.01795,1.795
337.29,0.01795,1.795
337.29,0.01795,1.795
337.30,0.01795,1.795
337.31,0.01795,1.795
337.32,0.01795,1.795
337.33,0.01795,1.795
337.34,0.01795,1.795
337.35,0.01795,1.795
337.36,0.01795,1.795
337.37,0.01795,1.795
337.38,0.01795,1.795
337.38,0.01795,1.795
337.39,0.01795,1.795
337.40,0.01795,1.795
337.41,0.01795,1.795
337.42,0.01795,1.795
337.43,0.01795,1.795
337.44,0.01795,1.795
337.45,0.01795,1.795
337.46,0.01795,1.795
337.47,0.01795,1.795
337.48,0.01795,1.795
337.48,0.01795,1.795
337.49,0.01795,1.795
337.50,0.01795,1.795
337.51,0.01795,1.795
337.52,0.01795,1.795
337.53,0.01795,1.795
337.54,0.01795,1.795
337.55,0.01795,1.795
337.56,0.01795,1.795
337.57,0.01795,1.795
337.57,0.01795,1.795
337.58,0.01795,1.795
337.59,0.01795,1.795
337.60,0.01795,1.795
337.61,0.01795,1.795
337.62,0.01795,1.795
337.63,0.01795,1.795
337.64,0.01795,1.795
337.65,0.01795,1.795
337.66,0.01795,1.795
337.66,0.01795,1.795
337.67,0.01795,1.795
337.68,0.01795,1.795
337.69,0.01795,1.795
337.70,0.01795,1.795
337.71,0.01795,1.795
337.72,0.01795,1.795
337.73,0.01795,1.795
337.74,0.01795,1.795
337.75,0.01795,1.795
337.75,0.01795,1.795
337.76,0.01795,1.795
337.77,0.01795,1.795
337.78,0.01795,1.795
337.79,0.01795,1.795
337.80,0.01795,1.795
337.81,0.01795,1.795
337.82,0.01795,1.795
337.83,0.01795,1.795
337.84,0.01795,1.795
337.84,0.01795,1.795
337.85,0.01795,1.795
337.86,0.01795,1.795
337.87,0.01795,1.795
337.88,0.01795,1.795
337.89,0.01795,1.795
337.90,0.01795,1.795
337.91,0.01795,1.795
337.92,0.01795,1.795
337.93,0.01795,1.795
337.94,0.01795,1.795
337.94,0.01795,1.795
337.95,0.01795,1.795
337.96,0.01795,1.795
337.97,0.01795,1.795
337.98,0.01795,1.795
337.99,0.01795,1.795
338.00,0.01795,1.795
338.01,0.01795,1.795
338.02,0.01795,1.795
338.03,0.01795,1.795
338.03,0.01795,1.795
338.04,0.01795,1.795
338.05,0.01795,1.795
338.06,0.01795,1.795
338.07,0.01795,1.795
338.08,0.01795,1.795
338.09,0.01795,1.795
338.10,0.01795,1.795
338.11,0.01795,1.795
338.12,0.01795,1.795
338.12,0.01795,1.795
338.13,0.01795,1.795
338.14,0.01795,1.795
338.15,0.01795,1.795
338.16,0.01795,1.795
338.17,0.01795,1.795
338.18,0.01795,1.795
338.19,0.01795,1.795
338.20,0.01795,1.795
338.21,0.01795,1.795
338.21,0.01795,1.795
338.22,0.01795,1.795
338.23,0.01795,1.795
338.24,0.01795,1.795
338.25,0.01795,1.795
338.26,0.01795,1.795
338.27,0.01795,1.795
338.28,0.01795,1.795
338.29,0.01795,1.795
338.30,0.01795,1.795
338.30,0.01796,1.796
338.31,0.01796,1.796
338.32,0.01796,1.796
338.33,0.01796,1.796
338.34,0.01796,1.796
338.35,0.01796,1.796
338.36,0.01796,1.796
338.37,0.01796,1.796
338.38,0.01796,1.796
338.39,0.01796,1.796
338.40,0.01796,1.796
338.40,0.01796,1.796
338.41,0.01796,1.796
338.42,0.01796,1.796
338.43,0.01796,1.796
338.44,0.01796,1.796
338.45,0.01796,1.796
338.46,0.01796,1.796
338.47,0.01796,1.796
338.48,0.01796,1.796
338.49,0.01796,1.796
338.49,0.01796,1.796
338.50,0.01796,1.796
338.51,0.01796,1.796
338.52,0.01796,1.796
338.53,0.01796,1.796
338.54,0.01796,1.796
338.55,0.01796,1.796
338.56,0.01796,1.796
338.57,0.01796,1.796
338.58,0.01796,1.796
338.58,0.01796,1.796
338.59,0.01796,1.796
338.60,0.01796,1.796
338.61,0.01796,1.796
338.62,0.01796,1.796
338.63,0.01796,1.796
338.64,0.01796,1.796
338.65,0.01796,1.796
338.66,0.01796,1.796
338.67,0.01796,1.796
338.67,0.01796,1.796
338.68,0.01796,1.796
338.69,0.01796,1.796
338.70,0.01796,1.796
338.71,0.01796,1.796
338.72,0.01796,1.796
338.73,0.01796,1.796
338.74,0.01796,1.796
338.75,0.01796,1.796
338.76,0.01796,1.796
338.77,0.01796,1.796
338.77,0.01796,1.796
338.78,0.01796,1.796
338.79,0.01796,1.796
338.80,0.01796,1.796
338.81,0.01796,1.796
338.82,0.01796,1.796
338.83,0.01796,1.796
338.84,0.01796,1.796
338.85,0.01796,1.796
338.86,0.01796,1.796
338.86,0.01796,1.796
338.87,0.01796,1.796
338.88,0.01796,1.796
338.89,0.01796,1.796
338.90,0.01796,1.796
338.91,0.01796,1.796
338.92,0.01796,1.796
338.93,0.01796,1.796
338.94,0.01796,1.796
338.95,0.01796,1.796
338.95,0.01796,1.796
338.96,0.01796,1.796
338.97,0.01796,1.796
338.98,0.01796,1.796
338.99,0.01796,1.796
339.00,0.01796,1.796
339.01,0.01796,1.796
339.02,0.01796,1.796
339.03,0.01796,1.796
339.04,0.01796,1.796
339.04,0.01796,1.796
339.05,0.01796,1.796
339.06,0.01796,1.796
339.07,0.01796,1.796
339.08,0.01796,1.796
339.09,0.01796,1.796
339.10,0.01796,1.796
339.11,0.01796,1.796
339.12,0.01796,1.796
339.13,0.01796,1.796
339.13,0.01796,1.796
339.14,0.01796,1.796
339.15,0.01796,1.796
339.16,0.01796,1.796
339.17,0.01796,1.796
339.18,0.01796,1.796
339.19,0.01796,1.796
339.20,0.01796,1.796
339.21,0.01796,1.796
339.22,0.01796,1.796
339.22,0.01796,1.796
339.23,0.01796,1.796
339.24,0.01796,1.796
339.25,0.01796,1.796
339.26,0.01796,1.796
339.27,0.01796,1.796
339.28,0.01796,1.796
339.29,0.01796,1.796
339.30,0.01796,1.796
339.31,0.01796,1.796
339.32,0.01796,1.796
339.32,0.01796,1.796
339.33,0.01796,1.796
339.34,0.01796,1.796
339.35,0.01796,1.796
339.36,0.01796,1.796
339.37,0.01796,1.796
339.38,0.01796,1.796
339.39,0.01796,1.796
339.40,0.01796,1.796
339.41,0.01796,1.796
339.41,0.01796,1.796
339.42,0.01796,1.796
339.43,0.01796,1.796
339.44,0.01796,1.796
339.45,0.01796,1.796
339.46,0.01796,1.796
339.47,0.01796,1.796
339.48,0.01796,1.796
339.49,0.01796,1.796
339.50,0.01796,1.796
339.50,0.01796,1.796
339.51,0.01796,1.796
339.52,0.01796,1.796
339.53,0.01796,1.796
339.54,0.01796,1.796
339.55,0.01796,1.796
339.56,0.01796,1.796
339.57,0.01796,1.796
339.58,0.01796,1.796
339.59,0.01796,1.796
339.59,0.01796,1.796
339.60,0.01796,1.796
339.61,0.01796,1.796
339.62,0.01796,1.796
339.63,0.01796,1.796
339.64,0.01796,1.796
339.65,0.01796,1.796
339.66,0.01796,1.796
339.67,0.01796,1.796
339.68,0.01796,1.796
339.68,0.01796,1.796
339.69,0.01796,1.796
339.70,0.01796,1.796
339.71,0.01796,1.796
339.72,0.01796,1.796
339.73,0.01796,1.796
339.74,0.01796,1.796
339.75,0.01796,1.796
339.76,0.01796,1.796
339.77,0.01796,1.796
339.78,0.01796,1.796
339.78,0.01796,1.796
339.79,0.01796,1.796
339.80,0.01796,1.796
339.81,0.01796,1.796
339.82,0.01796,1.796
339.83,0.01796,1.796
339.84,0.01796,1.796
339.85,0.01796,1.796
339.86,0.01796,1.796
339.87,0.01796,1.796
339.87,0.01796,1.796
339.88,0.01796,1.796
339.89,0.01796,1.796
339.90,0.01796,1.796
339.91,0.01796,1.796
339.92,0.01796,1.796
339.93,0.01796,1.796
339.94,0.01796,1.796
339.95,0.01796,1.796
339.96,0.01796,1.796
339.96,0.01796,1.796
339.97,0.01796,1.796
339.98,0.01797,1.797
339.99,0.01797,1.797
340.00,0.01797,1.797
340.01,0.01797,1.797
340.02,0.01797,1.797
340.03,0.01797,1.797
340.04,0.01797,1.797
340.05,0.01797,1.797
340.06,0.01797,1.797
340.06,0.01797,1.797
340.07,0.01797,1.797
340.08,0.01797,1.797
340.09,0.01797,1.797
340.10,0.01797,1.797
340.11,0.01797,1.797
340.12,0.01797,1.797
340.13,0.01797,1.797
340.14,0.01797,1.797
340.15,0.01797,1.797
340.15,0.01797,1.797
340.16,0.01797,1.797
340.17,0.01797,1.797
340.18,0.01797,1.797
340.19,0.01797,1.797
340.20,0.01797,1.797
340.21,0.01797,1.797
340.22,0.01797,1.797
340.23,0.01797,1.797
340.24,0.01797,1.797
340.24,0.01797,1.797
340.25,0.01797,1.797
340.26,0.01797,1.797
340.27,0.01797,1.797
340.28,0.01797,1.797
340.29,0.01797,1.797
340.30,0.01797,1.797
340.31,0.01797,1.797
340.32,0.01797,1.797
340.33,0.01797,1.797
340.33,0.01797,1.797
340.34,0.01797,1.797
340.35,0.01797,1.797
340.36,0.01797,1.797
340.37,0.01797,1.797
340.38,0.01797,1.797
340.39,0.01797,1.797
340.40,0.01797,1.797
340.41,0.01797,1.797
340.42,0.01797,1.797
340.43,0.01797,1.797
340.43,0.01797,1.797
340.44,0.01797,1.797
340.45,0.01797,1.797
340.46,0.01797,1.797
340.47,0.01797,1.797
340.48,0.01797,1.797
340.49,0.01797,1.797
340.50,0.01797,1.797
340.51,0.01797,1.797
340.52,0.01797,1.797
340.52,0.01797,1.797
340.53,0.01797,1.797
340.54,0.01797,1.797
340.55,0.01797,1.797
340.56,0.01797,1.797
340.57,0.01797,1.797
340.58,0.01797,1.797
340.59,0.01797,1.797
340.60,0.01797,1.797
340.61,0.01797,1.797
340.61,0.01797,1.797
340.62,0.01797,1.797
340.63,0.01797,1.797
340.64,0.01797,1.797
340.65,0.01797,1.797
340.66,0.01797,1.797
340.67,0.01797,1.797
340.68,0.01797,1.797
340.69,0.01797,1.797
340.70,0.01797,1.797
340.70,0.01797,1.797
340.71,0.01797,1.797
340.72,0.01797,1.797
340.73,0.01797,1.797
340.74,0.01797,1.797
340.75,0.01797,1.797
340.76,0.01797,1.797
340.77,0.01797,1.797
340.78,0.01797,1.797
340.79,0.01797,1.797
340.79,0.01797,1.797
340.80,0.01797,1.797
340.81,0.01797,1.797
340.82,0.01797,1.797
340.83,0.01797,1.797
340.84,0.01797,1.797
340.85,0.01797,1.797
340.86,0.01797,1.797
340.87,0.01797,1.797
340.88,0.01797,1.797
340.89,0.01797,1.797
340.89,0.01797,1.797
340.90,0.01797,1.797
340.91,0.01797,1.797
340.92,0.01797,1.797
340.93,0.01797,1.797
340.94,0.01797,1.797
340.95,0.01797,1.797
340.96,0.01797,1.797
340.97,0.01797,1.797
340.98,0.01797,1.797
340.98,0.01797,1.797
340.99,0.01797,1.797
341.00,0.01797,1.797
341.01,0.01797,1.797
341.02,0.01797,1.797
341.03,0.01797,1.797
341.04,0.01797,1.797
341.05,0.01797,1.797
341.06,0.01797,1.797
341.07,0.01797,1.797
341.07,0.01797,1.797
341.08,0.01797,1.797
341.09,0.01797,1.797
341.10,0.01797,1.797
341.11,0.01797,1.797
341.12,0.01797,1.797
341.13,0.01797,1.797
341.14,0.01797,1.797
341.15,0.01797,1.797
341.16,0.01797,1.797
341.16,0.01797,1.797
341.17,0.01797,1.797
341.18,0.01797,1.797
341.19,0.01797,1.797
341.20,0.01797,1.797
341.21,0.01797,1.797
341.22,0.01797,1.797
341.23,0.01797,1.797
341.24,0.01797,1.797
341.25,0.01797,1.797
341.25,0.01797,1.797
341.26,0.01797,1.797
341.27,0.01797,1.797
341.28,0.01797,1.797
341.29,0.01797,1.797
341.30,0.01797,1.797
341.31,0.01797,1.797
341.32,0.01797,1.797
341.33,0.01797,1.797
341.34,0.01797,1.797
341.34,0.01797,1.797
341.35,0.01797,1.797
341.36,0.01797,1.797
341.37,0.01797,1.797
341.38,0.01797,1.797
341.39,0.01797,1.797
341.40,0.01797,1.797
341.41,0.01797,1.797
341.42,0.01797,1.797
341.43,0.01797,1.797
341.43,0.01797,1.797
341.44,0.01797,1.797
341.45,0.01797,1.797
341.46,0.01797,1.797
341.47,0.01797,1.797
341.48,0.01797,1.797
341.49,0.01797,1.797
341.50,0.01797,1.797
341.51,0.01797,1.797
341.52,0.01797,1.797
341.53,0.01797,1.797
341.53,0.01797,1.797
341.54,0.01797,1.797
341.55,0.01797,1.797
341.56,0.01797,1.797
341.57,0.01797,1.797
341.58,0.01797,1.797
341.59,0.01797,1.797
341.60,0.01797,1.797
341.61,0.01797,1.797
341.62,0.01797,1.797
341.62,0.01797,1.797
341.63,0.01797,1.797
341.64,0.01798,1.798
341.65,0.01798,1.798
341.66,0.01798,1.798
341.67,0.01798,1.798
341.68,0.01798,1.798
341.69,0.01798,1.798
341.70,0.01798,1.798
341.71,0.01798,1.798
341.71,0.01798,1.798
341.72,0.01798,1.798
341.73,0.01798,1.798
341.74,0.01798,1.798
341.75,0.01798,1.798
341.76,0.01798,1.798
341.77,0.01798,1.798
341.78,0.01798,1.798
341.79,0.01798,1.798
341.80,0.01798,1.798
341.80,0.01798,1.798
341.81,0.01798,1.798
341.82,0.01798,1.798
341.83,0.01798,1.798
341.84,0.01798,1.798
341.85,0.01798,1.798
341.86,0.01798,1.798
341.87,0.01798,1.798
341.88,0.01798,1.798
341.89,0.01798,1.798
341.90,0.01798,1.798
341.90,0.01798,1.798
341.91,0.01798,1.798
341.92,0.01798,1.798
341.93,0.01798,1.798
341.94,0.01798,1.798
341.95,0.01798,1.798
341.96,0.01798,1.798
341.97,0.01798,1.798
341.98,0.01798,1.798
341.99,0.01798,1.798
341.99,0.01798,1.798
342.00,0.01798,1.798
342.01,0.01798,1.798
342.02,0.01798,1.798
342.03,0.01798,1.798
342.04,0.01798,1.798
342.05,0.01798,1.798
342.06,0.01798,1.798
342.07,0.01798,1.798
342.08,0.01798,1.798
342.09,0.01798,1.798
342.09,0.01798,1.798
342.10,0.01798,1.798
342.11,0.01798,1.798
342.12,0.01798,1.798
342.13,0.01798,1.798
342.14,0.01798,1.798
342.15,0.01798,1.798
342.16,0.01798,1.798
342.17,0.01798,1.798
342.18,0.01798,1.798
342.18,0.01798,1.798
342.19,0.01798,1.798
342.20,0.01798,1.798
342.21,0.01798,1.798
342.22,0.01798,1.798
342.23,0.01798,1.798
342.24,0.01798,1.798
342.25,0.01798,1.798
342.26,0.01798,1.798
342.27,0.01798,1.798
342.27,0.01798,1.798
342.28,0.01798,1.798
342.29,0.01798,1.798
342.30,0.01798,1.798
342.31,0.01798,1.798
342.32,0.01798,1.798
342.33,0.01798,1.798
342.34,0.01798,1.798
342.35,0.01798,1.798
342.36,0.01798,1.798
342.37,0.01798,1.798
342.37,0.01798,1.798
342.38,0.01798,1.798
342.39,0.01798,1.798
342.40,0.01798,1.798
342.41,0.01798,1.798
342.42,0.01798,1.798
342.43,0.01798,1.798
342.44,0.01798,1.798
342.45,0.01798,1.798
342.46,0.01798,1.798
342.46,0.01798,1.798
342.47,0.01798,1.798
342.48,0.01798,1.798
342.49,0.01798,1.798
342.50,0.01798,1.798
342.51,0.01798,1.798
342.52,0.01798,1.798
342.53,0.01798,1.798
342.54,0.01798,1.798
342.55,0.01798,1.798
342.55,0.01798,1.798
342.56,0.01798,1.798
342.57,0.01798,1.798
342.58,0.01798,1.798
342.59,0.01798,1.798
342.60,0.01798,1.798
342.61,0.01798,1.798
342.62,0.01798,1.798
342.63,0.01798,1.798
342.64,0.01798,1.798
342.64,0.01798,1.798
342.65,0.01798,1.798
342.66,0.01798,1.798
342.67,0.01798,1.798
342.68,0.01798,1.798
342.69,0.01798,1.798
342.70,0.01798,1.798
342.71,0.01798,1.798
342.72,0.01798,1.798
342.73,0.01798,1.798
342.74,0.01798,1.798
342.74,0.01798,1.798
342.75,0.01798,1.798
342.76,0.01798,1.798
342.77,0.01798,1.798
342.78,0.01798,1.798
342.79,0.01798,1.798
342.80,0.01798,1.798
342.81,0.01798,1.798
342.82,0.01798,1.798
342.83,0.01798,1.798
342.83,0.01798,1.798
342.84,0.01798,1.798
342.85,0.01798,1.798
342.86,0.01798,1.798
342.87,0.01798,1.798
342.88,0.01798,1.798
342.89,0.01798,1.798
342.90,0.01798,1.798
342.91,0.01798,1.798
342.92,0.01798,1.798
342.92,0.01798,1.798
342.93,0.01798,1.798
342.94,0.01798,1.798
342.95,0.01798,1.798
342.96,0.01798,1.798
342.97,0.01798,1.798
342.98,0.01798,1.798
342.99,0.01798,1.798
343.00,0.01798,1.798
343.01,0.01798,1.798
343.01,0.01798,1.798
343.02,0.01798,1.798
343.03,0.01798,1.798
343.04,0.01798,1.798
343.05,0.01798,1.798
343.06,0.01798,1.798
343.07,0.01798,1.798
343.08,0.01798,1.798
343.09,0.01798,1.798
343.10,0.01798,1.798
343.10,0.01798,1.798
343.11,0.01798,1.798
343.12,0.01798,1.798
343.13,0.01798,1.798
343.14,0.01798,1.798
343.15,0.01798,1.798
343.16,0.01798,1.798
343.17,0.01798,1.798
343.18,0.01798,1.798
343.19,0.01798,1.798
343.19,0.01798,1.798
343.20,0.01798,1.798
343.21,0.01798,1.798
343.22,0.01798,1.798
343.23,0.01798,1.798
343.24,0.01798,1.798
343.25,0.01798,1.798
343.26,0.01798,1.798
343.27,0.01798,1.798
343.28,0.01798,1.798
343.28,0.01798,1.798
343.29,0.01798,1.798
343.30,0.01798,1.798
343.31,0.01798,1.798
343.32,0.01798,1.798
343.33,0.01798,1.798
343.34,0.01798,1.798
343.35,0.01798,1.798
343.36,0.01798,1.798
343.37,0.01798,1.798
343.38,0.01799,1.799
343.38,0.01799,1.799
343.39,0.01799,1.799
343.40,0.01799,1.799
343.41,0.01799,1.799
343.42,0.01799,1.799
343.43,0.01799,1.799
343.44,0.01799,1.799
343.45,0.01799,1.799
343.46,0.01799,1.799
343.47,0.01799,1.799
343.47,0.01799,1.799
343.48,0.01799,1.799
343.49,0.01799,1.799
343.50,0.01799,1.799
343.51,0.01799,1.799
343.52,0.01799,1.799
343.53,0.01799,1.799
343.54,0.01799,1.799
343.55,0.01799,1.799
343.56,0.01799,1.799
343.56,0.01799,1.799
343.57,0.01799,1.799
343.58,0.01799,1.799
343.59,0.01799,1.799
343.60,0.01799,1.799
343.61,0.01799,1.799
343.62,0.01799,1.799
343.63,0.01799,1.799
343.64,0.01799,1.799
343.65,0.01799,1.799
343.65,0.01799,1.799
343.66,0.01799,1.799
343.67,0.01799,1.799
343.68,0.01799,1.799
343.69,0.01799,1.799
343.70,0.01799,1.799
343.71,0.01799,1.799
343.72,0.01799,1.799
343.73,0.01799,1.799
343.74,0.01799,1.799
343.75,0.01799,1.799
343.75,0.01799,1.799
343.76,0.01799,1.799
343.77,0.01799,1.799
343.78,0.01799,1.799
343.79,0.01799,1.799
343.80,0.01799,1.799
343.81,0.01799,1.799
343.82,0.01799,1.799
343.83,0.01799,1.799
343.84,0.01799,1.799
343.84,0.01799,1.799
343.85,0.01799,1.799
343.86,0.01799,1.799
343.87,0.01799,1.799
343.88,0.01799,1.799
343.89,0.01799,1.799
343.90,0.01799,1.799
343.91,0.01799,1.799
343.92,0.01799,1.799
343.93,0.01799,1.799
343.93,0.01799,1.799
343.94,0.01799,1.799
343.95,0.01799,1.799
343.96,0.01799,1.799
343.97,0.01799,1.799
343.98,0.01799,1.799
343.99,0.01799,1.799
344.00,0.01799,1.799
344.01,0.01799,1.799
344.02,0.01799,1.799
344.03,0.01799,1.799
344.03,0.01799,1.799
344.04,0.01799,1.799
344.05,0.01799,1.799
344.06,0.01799,1.799
344.07,0.01799,1.799
344.08,0.01799,1.799
344.09,0.01799,1.799
344.10,0.01799,1.799
344.11,0.01799,1.799
344.12,0.01799,1.799
344.12,0.01799,1.799
344.13,0.01799,1.799
344.14,0.01799,1.799
344.15,0.01799,1.799
344.16,0.01799,1.799
344.17,0.01799,1.799
344.18,0.01799,1.799
344.19,0.01799,1.799
344.20,0.01799,1.799
344.21,0.01799,1.799
344.22,0.01799,1.799
344.22,0.01799,1.799
344.23,0.01799,1.799
344.24,0.01799,1.799
344.25,0.01799,1.799
344.26,0.01799,1.799
344.27,0.01799,1.799
344.28,0.01799,1.799
344.29,0.01799,1.799
344.30,0.01799,1.799
344.31,0.01799,1.799
344.31,0.01799,1.799
344.32,0.01799,1.799
344.33,0.01799,1.799
344.34,0.01799,1.799
344.35,0.01799,1.799
344.36,0.01799,1.799
344.37,0.01799,1.799
344.38,0.01799,1.799
344.39,0.01799,1.799
344.40,0.01799,1.799
344.40,0.01799,1.799
344.41,0.01799,1.799
344.42,0.01799,1.799
344.43,0.01799,1.799
344.44,0.01799,1.799
344.45,0.01799,1.799
344.46,0.01799,1.799
344.47,0.01799,1.799
344.48,0.01799,1.799
344.49,0.01799,1.799
344.50,0.01799,1.799
344.50,0.01799,1.799
344.51,0.01799,1.799
344.52,0.01799,1.799
344.53,0.01799,1.799
344.54,0.01799,1.799
344.55,0.01799,1.799
344.56,0.01799,1.799
344.57,0.01799,1.799
344.58,0.01799,1.799
344.59,0.01799,1.799
344.59,0.01799,1.799
344.60,0.01799,1.799
344.61,0.01799,1.799
344.62,0.01799,1.799
344.63,0.01799,1.799
344.64,0.01799,1.799
344.65,0.01799,1.799
344.66,0.01799,1.799
344.67,0.01799,1.799
344.68,0.01799,1.799
344.68,0.01799,1.799
344.69,0.01799,1.799
344.70,0.01799,1.799
344.71,0.01799,1.799
344.72,0.01799,1.799
344.73,0.01799,1.799
344.74,0.01799,1.799
344.75,0.01799,1.799
344.76,0.01799,1.799
344.77,0.01799,1.799
344.77,0.01799,1.799
344.78,0.01799,1.799
344.79,0.01799,1.799
344.80,0.01799,1.799
344.81,0.01799,1.799
344.82,0.01799,1.799
344.83,0.01799,1.799
344.84,0.01799,1.799
344.85,0.01799,1.799
344.86,0.01799,1.799
344.87,0.01799,1.799
344.87,0.01799,1.799
344.88,0.01799,1.799
344.89,0.01799,1.799
344.90,0.01799,1.799
344.91,0.01799,1.799
344.92,0.01799,1.799
344.93,0.01799,1.799
344.94,0.01799,1.799
344.95,0.01799,1.799
344.96,0.01799,1.799
344.96,0.01799,1.799
344.97,0.01799,1.799
344.98,0.01799,1.799
344.99,0.01799,1.799
345.00,0.01799,1.799
345.01,0.01799,1.799
345.02,0.01799,1.799
345.03,0.01799,1.799
345.04,0.01799,1.799
345.05,0.01799,1.799
345.05,0.01799,1.799
345.06,0.01799,1.799
345.07,0.01799,1.799
345.08,0.01799,1.799
345.09,0.01799,1.799
345.10,0.01799,1.799
345.11,0.01799,1.799
345.12,0.01799,1.799
345.13,0.01799,1.799
345.14,0.01799,1.799
345.14,0.01800,1.800
345.15,0.01800,1.800
345.16,0.01800,1.800
345.17,0.01800,1.800
345.18,0.01800,1.800
345.19,0.01800,1.800
345.20,0.01800,1.800
345.21,0.01800,1.800
345.22,0.01800,1.800
345.23,0.01800,1.800
345.23,0.01800,1.800
345.24,0.01800,1.800
345.25,0.01800,1.800
345.26,0.01800,1.800
345.27,0.01800,1.800
345.28,0.01800,1.800
345.29,0.01800,1.800
345.30,0.01800,1.800
345.31,0.01800,1.800
345.32,0.01800,1.800
345.32,0.01800,1.800
345.33,0.01800,1.800
345.34,0.01800,1.800
345.35,0.01800,1.800
345.36,0.01800,1.800
345.37,0.01800,1.800
345.38,0.01800,1.800
345.39,0.01800,1.800
345.40,0.01800,1.800
345.41,0.01800,1.800
345.42,0.01800,1.800
345.42,0.01800,1.800
345.43,0.01800,1.800
345.44,0.01800,1.800
345.45,0.01800,1.800
345.46,0.01800,1.800
345.47,0.01800,1.800
345.48,0.01800,1.800
345.49,0.01800,1.800
345.50,0.01800,1.800
345.51,0.01800,1.800
345.51,0.01800,1.800
345.52,0.01800,1.800
345.53,0.01800,1.800
345.54,0.01800,1.800
345.55,0.01800,1.800
345.56,0.01800,1.800
345.57,0.01800,1.800
345.58,0.01800,1.800
345.59,0.01800,1.800
345.60,0.01800,1.800
345.60,0.01800,1.800
345.61,0.01800,1.800
345.62,0.01800,1.800
345.63,0.01800,1.800
345.64,0.01800,1.800
345.65,0.01800,1.800
345.66,0.01800,1.800
345.67,0.01800,1.800
345.68,0.01800,1.800
345.69,0.01800,1.800
345.69,0.01800,1.800
345.70,0.01800,1.800
345.71,0.01800,1.800
345.72,0.01800,1.800
345.73,0.01800,1.800
345.74,0.01800,1.800
345.75,0.01800,1.800
345.76,0.01800,1.800
345.77,0.01800,1.800
345.78,0.01800,1.800
345.79,0.01800,1.800
345.79,0.01800,1.800
345.80,0.01800,1.800
345.81,0.01800,1.800
345.82,0.01800,1.800
345.83,0.01800,1.800
345.84,0.01800,1.800
345.85,0.01800,1.800
345.86,0.01800,1.800
345.87,0.01800,1.800
345.88,0.01800,1.800
345.88,0.01800,1.800
345.89,0.01800,1.800
345.90,0.01800,1.800
345.91,0.01800,1.800
345.92,0.01800,1.800
345.93,0.01800,1.800
345.94,0.01800,1.800
345.95,0.01800,1.800
345.96,0.01800,1.800
345.97,0.01800,1.800
345.97,0.01800,1.800
345.98,0.01800,1.800
345.99,0.01800,1.800
346.00,0.01800,1.800
346.01,0.01800,1.800
346.02,0.01800,1.800
346.03,0.01800,1.800
346.04,0.01800,1.800
346.05,0.01800,1.800
346.06,0.01800,1.800
346.07,0.01800,1.800
346.07,0.01800,1.800
346.08,0.01800,1.800
346.09,0.01800,1.800
346.10,0.01800,1.800
346.11,0.01800,1.800
346.12,0.01800,1.800
346.13,0.01800,1.800
346.14,0.01800,1.800
346.15,0.01800,1.800
346.16,0.01800,1.800
346.16,0.01800,1.800
346.17,0.01800,1.800
346.18,0.01800,1.800
346.19,0.01800,1.800
346.20,0.01800,1.800
346.21,0.01800,1.800
346.22,0.01800,1.800
346.23,0.01800,1.800
346.24,0.01800,1.800
346.25,0.01800,1.800
346.25,0.01800,1.800
346.26,0.01800,1.800
346.27,0.01800,1.800
346.28,0.01800,1.800
346.29,0.01800,1.800
346.30,0.01800,1.800
346.31,0.01800,1.800
346.32,0.01800,1.800
346.33,0.01800,1.800
346.34,0.01800,1.800
346.35,0.01800,1.800
346.35,0.01800,1.800
346.36,0.01800,1.800
346.37,0.01800,1.800
346.38,0.01800,1.800
346.39,0.01800,1.800
346.40,0.01800,1.800
346.41,0.01800,1.800
346.42,0.01800,1.800
346.43,0.01800,1.800
346.44,0.01800,1.800
346.44,0.01800,1.800
346.45,0.01800,1.800
346.46,0.01800,1.800
346.47,0.01800,1.800
346.48,0.01800,1.800
346.49,0.01800,1.800
346.50,0.01800,1.800
346.51,0.01800,1.800
346.52,0.01800,1.800
346.53,0.01800,1.800
346.53,0.01800,1.800
346.54,0.01800,1.800
346.55,0.01800,1.800
346.56,0.01800,1.800
346.57,0.01800,1.800
346.58,0.01800,1.800
346.59,0.01800,1.800
346.60,0.01800,1.800
346.61,0.01800,1.800
346.62,0.01800,1.800
346.62,0.01800,1.800
346.63,0.01800,1.800
346.64,0.01800,1.800
346.65,0.01800,1.800
346.66,0.01800,1.800
346.67,0.01800,1.800
346.68,0.01800,1.800
346.69,0.01800,1.800
346.70,0.01800,1.800
346.71,0.01800,1.800
346.72,0.01800,1.800
346.72,0.01800,1.800
346.73,0.01800,1.800
346.74,0.01800,1.800
346.75,0.01800,1.800
346.76,0.01800,1.800
346.77,0.01800,1.800
346.78,0.01800,1.800
346.79,0.01800,1.800
346.80,0.01800,1.800
346.81,0.01800,1.800
346.81,0.01800,1.800
346.82,0.01800,1.800
346.83,0.01800,1.800
346.84,0.01800,1.800
346.85,0.01800,1.800
346.86,0.01800,1.800
346.87,0.01800,1.800
346.88,0.01800,1.800
346.89,0.01800,1.800
346.90,0.01800,1.800
346.90,0.01800,1.800
346.91,0.01800,1.800
346.92,0.01800,1.800
346.93,0.01800,1.800
346.94,0.01800,1.800
346.95,0.01800,1.800
346.96,0.01800,1.800
346.97,0.01800,1.800
346.98,0.01800,1.800
346.99,0.01800,1.800
346.99,0.01800,1.800
347.00,0.01800,1.800
347.01,0.01800,1.800
347.02,0.01800,1.800
347.03,0.01800,1.800
347.04,0.01801,1.801
347.05,0.01801,1.801
347.06,0.01801,1.801
347.07,0.01801,1.801
347.08,0.01801,1.801
347.09,0.01801,1.801
347.09,0.01801,1.801
347.10,0.01801,1.801
347.11,0.01801,1.801
347.12,0.01801,1.801
347.13,0.01801,1.801
347.14,0.01801,1.801
347.15,0.01801,1.801
347.16,0.01801,1.801
347.17,0.01801,1.801
347.18,0.01801,1.801
347.18,0.01801,1.801
347.19,0.01801,1.801
347.20,0.01801,1.801
347.21,0.01801,1.801
347.22,0.01801,1.801
347.23,0.01801,1.801
347.24,0.01801,1.801
347.25,0.01801,1.801
347.26,0.01801,1.801
347.27,0.01801,1.801
347.27,0.01801,1.801
347.28,0.01801,1.801
347.29,0.01801,1.801
347.30,0.01801,1.801
347.31,0.01801,1.801
347.32,0.01801,1.801
347.33,0.01801,1.801
347.34,0.01801,1.801
347.35,0.01801,1.801
347.36,0.01801,1.801
347.36,0.01801,1.801
347.37,0.01801,1.801
347.38,0.01801,1.801
347.39,0.01801,1.801
347.40,0.01801,1.801
347.41,0.01801,1.801
347.42,0.01801,1.801
347.43,0.01801,1.801
347.44,0.01801,1.801
347.45,0.01801,1.801
347.46,0.01801,1.801
347.46,0.01801,1.801
347.47,0.01801,1.801
347.48,0.01801,1.801
347.49,0.01801,1.801
347.50,0.01801,1.801
347.51,0.01801,1.801
347.52,0.01801,1.801
347.53,0.01801,1.801
347.54,0.01801,1.801
347.55,0.01801,1.801
347.55,0.01801,1.801
347.56,0.01801,1.801
347.57,0.01801,1.801
347.58,0.01801,1.801
347.59,0.01801,1.801
347.60,0.01801,1.801
347.61,0.01801,1.801
347.62,0.01801,1.801
347.63,0.01801,1.801
347.64,0.01801,1.801
347.64,0.01801,1.801
347.65,0.01801,1.801
347.66,0.01801,1.801
347.67,0.01801,1.801
347.68,0.01801,1.801
347.69,0.01801,1.801
347.70,0.01801,1.801
347.71,0.01801,1.801
347.72,0.01801,1.801
347.73,0.01801,1.801
347.74,0.01801,1.801
347.74,0.01801,1.801
347.75,0.01801,1.801
347.76,0.01801,1.801
347.77,0.01801,1.801
347.78,0.01801,1.801
347.79,0.01801,1.801
347.80,0.01801,1.801
347.81,0.01801,1.801
347.82,0.01801,1.801
347.83,0.01801,1.801
347.83,0.01801,1.801
347.84,0.01801,1.801
347.85,0.01801,1.801
347.86,0.01801,1.801
347.87,0.01801,1.801
347.88,0.01801,1.801
347.89,0.01801,1.801
347.90,0.01801,1.801
347.91,0.01801,1.801
347.92,0.01801,1.801
347.92,0.01801,1.801
347.93,0.01801,1.801
347.94,0.01801,1.801
347.95,0.01801,1.801
347.96,0.01801,1.801
347.97,0.01801,1.801
347.98,0.01801,1.801
347.99,0.01801,1.801
348.00,0.01801,1.801
348.01,0.01801,1.801
348.01,0.01801,1.801
348.02,0.01801,1.801
348.03,0.01801,1.801
348.04,0.01801,1.801
348.05,0.01801,1.801
348.06,0.01801,1.801
348.07,0.01801,1.801
348.08,0.01801,1.801
348.09,0.01801,1.801
348.10,0.01801,1.801
348.11,0.01801,1.801
348.11,0.01801,1.801
348.12,0.01801,1.801
348.13,0.01801,1.801
348.14,0.01801,1.801
348.15,0.01801,1.801
348.16,0.01801,1.801
348.17,0.01801,1.801
348.18,0.01801,1.801
348.19,0.01801,1.801
348.20,0.01801,1.801
348.20,0.01801,1.801
348.21,0.01801,1.801
348.22,0.01801,1.801
348.23,0.01801,1.801
348.24,0.01801,1.801
348.25,0.01801,1.801
348.26,0.01801,1.801
348.27,0.01801,1.801
348.28,0.01801,1.801
348.29,0.01801,1.801
348.29,0.01801,1.801
348.30,0.01801,1.801
348.31,0.01801,1.801
348.32,0.01801,1.801
348.33,0.01801,1.801
348.34,0.01801,1.801
348.35,0.01801,1.801
348.36,0.01801,1.801
348.37,0.01801,1.801
348.38,0.01801,1.801
348.39,0.01801,1.801
348.39,0.01801,1.801
348.40,0.01801,1.801
348.41,0.01801,1.801
348.42,0.01801,1.801
348.43,0.01801,1.801
348.44,0.01801,1.801
348.45,0.01801,1.801
348.46,0.01801,1.801
348.47,0.01801,1.801
348.48,0.01801,1.801
348.48,0.01801,1.801
348.49,0.01801,1.801
348.50,0.01801,1.801
348.51,0.01801,1.801
348.52,0.01801,1.801
348.53,0.01801,1.801
348.54,0.01801,1.801
348.55,0.01801,1.801
348.56,0.01801,1.801
348.57,0.01801,1.801
348.57,0.01801,1.801
348.58,0.01801,1.801
348.59,0.01801,1.801
348.60,0.01801,1.801
348.61,0.01801,1.801
348.62,0.01801,1.801
348.63,0.01801,1.801
348.64,0.01801,1.801
348.65,0.01801,1.801
348.66,0.01801,1.801
348.67,0.01801,1.801
348.67,0.01801,1.801
348.68,0.01801,1.801
348.69,0.01801,1.801
348.70,0.01801,1.801
348.71,0.01801,1.801
348.72,0.01801,1.801
348.73,0.01801,1.801
348.74,0.01801,1.801
348.75,0.01801,1.801
348.76,0.01801,1.801
348.76,0.01801,1.801
348.77,0.01801,1.801
348.78,0.01801,1.801
348.79,0.01801,1.801
348.80,0.01801,1.801
348.81,0.01801,1.801
348.82,0.01801,1.801
348.83,0.01801,1.801
348.84,0.01801,1.801
348.85,0.01801,1.801
348.85,0.01801,1.801
348.86,0.01801,1.801
348.87,0.01801,1.801
348.88,0.01801,1.801
348.89,0.01801,1.801
348.90,0.01801,1.801
348.91,0.01801,1.801
348.92,0.01801,1.801
348.93,0.01801,1.801
348.94,0.01801,1.801
348.95,0.01801,1.801
348.95,0.01801,1.801
348.96,0.01801,1.801
348.97,0.01801,1.801
348.98,0.01801,1.801
348.99,0.01801,1.801
349.00,0.01801,1.801
349.01,0.01801,1.801
349.02,0.01801,1.801
349.03,0.01801,1.801
349.04,0.01801,1.801
349.04,0.01801,1.801
349.05,0.01801,1.801
349.06,0.01801,1.801
349.07,0.01801,1.801
349.08,0.01801,1.801
349.09,0.01801,1.801
349.10,0.01801,1.801
349.11,0.01801,1.801
349.12,0.01801,1.801
349.13,0.01801,1.801
349.14,0.01802,1.802
349.14,0.01802,1.802
349.15,0.01802,1.802
349.16,0.01802,1.802
349.17,0.01802,1.802
349.18,0.01802,1.802
349.19,0.01802,1.802
349.20,0.01802,1.802
349.21,0.01802,1.802
349.22,0.01802,1.802
349.23,0.01802,1.802
349.23,0.01802,1.802
349.24,0.01802,1.802
349.25,0.01802,1.802
349.26,0.01802,1.802
349.27,0.01802,1.802
349.28,0.01802,1.802
349.29,0.01802,1.802
349.30,0.01802,1.802
349.31,0.01802,1.802
349.32,0.01802,1.802
349.32,0.01802,1.802
349.33,0.01802,1.802
349.34,0.01802,1.802
349.35,0.01802,1.802
349.36,0.01802,1.802
349.37,0.01802,1.802
349.38,0.01802,1.802
349.39,0.01802,1.802
349.40,0.01802,1.802
349.41,0.01802,1.802
349.42,0.01802,1.802
349.42,0.01802,1.802
349.43,0.01802,1.802
349.44,0.01802,1.802
349.45,0.01802,1.802
349.46,0.01802,1.802
349.47,0.01802,1.802
349.48,0.01802,1.802
349.49,0.01802,1.802
349.50,0.01802,1.802
349.51,0.01802,1.802
349.51,0.01802,1.802
349.52,0.01802,1.802
349.53,0.01802,1.802
349.54,0.01802,1.802
349.55,0.01802,1.802
349.56,0.01802,1.802
349.57,0.01802,1.802
349.58,0.01802,1.802
349.59,0.01802,1.802
349.60,0.01802,1.802
349.60,0.01802,1.802
349.61,0.01802,1.802
349.62,0.01802,1.802
349.63,0.01802,1.802
349.64,0.01802,1.802
349.65,0.01802,1.802
349.66,0.01802,1.802
349.67,0.01802,1.802
349.68,0.01802,1.802
349.69,0.01802,1.802
349.69,0.01802,1.802
349.70,0.01802,1.802
349.71,0.01802,1.802
349.72,0.01802,1.802
349.73,0.01802,1.802
349.74,0.01802,1.802
349.75,0.01802,1.802
349.76,0.01802,1.802
349.77,0.01802,1.802
349.78,0.01802,1.802
349.79,0.01802,1.802
349.79,0.01802,1.802
349.80,0.01802,1.802
349.81,0.01802,1.802
349.82,0.01802,1.802
349.83,0.01802,1.802
349.84,0.01802,1.802
349.85,0.01802,1.802
349.86,0.01802,1.802
349.87,0.01802,1.802
349.88,0.01802,1.802
349.88,0.01802,1.802
349.89,0.01802,1.802
349.90,0.01802,1.802
349.91,0.01802,1.802
349.92,0.01802,1.802
349.93,0.01802,1.802
349.94,0.01802,1.802
349.95,0.01802,1.802
349.96,0.01802,1.802
349.97,0.01802,1.802
349.97,0.01802,1.802
349.98,0.01802,1.802
349.99,0.01802,1.802
350.00,0.01802,1.802
350.01,0.01802,1.802
350.02,0.01802,1.802
350.03,0.01802,1.802
350.04,0.01802,1.802
350.05,0.01802,1.802
350.06,0.01802,1.802
350.06,0.01802,1.802
350.07,0.01802,1.802
350.08,0.01802,1.802
350.09,0.01802,1.802
350.10,0.01802,1.802
350.11,0.01802,1.802
350.12,0.01802,1.802
350.13,0.01802,1.802
350.14,0.01802,1.802
350.15,0.01802,1.802
350.16,0.01802,1.802
350.16,0.01802,1.802
350.17,0.01802,1.802
350.18,0.01802,1.802
350.19,0.01802,1.802
350.20,0.01802,1.802
350.21,0.01802,1.802
350.22,0.01802,1.802
350.23,0.01802,1.802
350.24,0.01802,1.802
350.25,0.01802,1.802
350.25,0.01802,1.802
350.26,0.01802,1.802
350.27,0.01802,1.802
350.28,0.01802,1.802
350.29,0.01802,1.802
350.30,0.01802,1.802
350.31,0.01802,1.802
350.32,0.01802,1.802
350.33,0.01802,1.802
350.34,0.01802,1.802
350.34,0.01802,1.802
350.35,0.01802,1.802
350.36,0.01802,1.802
350.37,0.01802,1.802
350.38,0.01802,1.802
350.39,0.01802,1.802
350.40,0.01802,1.802
350.41,0.01802,1.802
350.42,0.01802,1.802
350.43,0.01802,1.802
350.44,0.01802,1.802
350.44,0.01802,1.802
350.45,0.01802,1.802
350.46,0.01802,1.802
350.47,0.01802,1.802
350.48,0.01802,1.802
350.49,0.01802,1.802
350.50,0.01802,1.802
350.51,0.01802,1.802
350.52,0.01802,1.802
350.53,0.01802,1.802
350.53,0.01802,1.802
350.54,0.01802,1.802
350.55,0.01802,1.802
350.56,0.01802,1.802
350.57,0.01802,1.802
350.58,0.01802,1.802
350.59,0.01802,1.802
350.60,0.01802,1.802
350.61,0.01802,1.802
350.62,0.01802,1.802
350.62,0.01802,1.802
350.63,0.01802,1.802
350.64,0.01802,1.802
350.65,0.01802,1.802
350.66,0.01802,1.802
350.67,0.01802,1.802
350.68,0.01802,1.802
350.69,0.01802,1.802
350.70,0.01802,1.802
350.71,0.01802,1.802
350.72,0.01802,1.802
350.72,0.01802,1.802
350.73,0.01802,1.802
350.74,0.01802,1.802
350.75,0.01802,1.802
350.76,0.01802,1.802
350.77,0.01802,1.802
350.78,0.01802,1.802
350.79,0.01802,1.802
350.80,0.01802,1.802
350.81,0.01802,1.802
350.81,0.01802,1.802
350.82,0.01802,1.802
350.83,0.01802,1.802
350.84,0.01802,1.802
350.85,0.01802,1.802
350.86,0.01802,1.802
350.87,0.01802,1.802
350.88,0.01802,1.802
350.89,0.01802,1.802
350.90,0.01802,1.802
350.91,0.01802,1.802
350.91,0.01802,1.802
350.92,0.01802,1.802
350.93,0.01802,1.802
350.94,0.01802,1.802
350.95,0.01802,1.802
350.96,0.01802,1.802
350.97,0.01802,1.802
350.98,0.01802,1.802
350.99,0.01802,1.802
351.00,0.01802,1.802
351.00,0.01802,1.802
351.01,0.01802,1.802
351.02,0.01802,1.802
351.03,0.01802,1.802
351.04,0.01802,1.802
351.05,0.01802,1.802
351.06,0.01802,1.802
351.07,0.01802,1.802
351.08,0.01802,1.802
351.09,0.01802,1.802
351.10,0.01802,1.802
351.10,0.01802,1.802
351.11,0.01802,1.802
351.12,0.01802,1.802
351.13,0.01802,1.802
351.14,0.01802,1.802
351.15,0.01802,1.802
351.16,0.01802,1.802
351.17,0.01802,1.802
351.18,0.01802,1.802
351.19,0.01802,1.802
351.19,0.01802,1.802
351.20,0.01802,1.802
351.21,0.01802,1.802
351.22,0.01802,1.802
351.23,0.01802,1.802
351.24,0.01802,1.802
351.25,0.01802,1.802
351.26,0.01802,1.802
351.27,0.01802,1.802
351.28,0.01803,1.803
351.28,0.01803,1.803
351.29,0.01803,1.803
351.30,0.01803,1.803
351.31,0.01803,1.803
351.32,0.01803,1.803
351.33,0.01803,1.803
351.34,0.01803,1.803
351.35,0.01803,1.803
351.36,0.01803,1.803
351.37,0.01803,1.803
351.38,0.01803,1.803
351.38,0.01803,1.803
351.39,0.01803,1.803
351.40,0.01803,1.803
351.41,0.01803,1.803
351.42,0.01803,1.803
351.43,0.01803,1.803
351.44,0.01803,1.803
351.45,0.01803,1.803
351.46,0.01803,1.803
351.47,0.01803,1.803
351.47,0.01803,1.803
351.48,0.01803,1.803
351.49,0.01803,1.803
351.50,0.01803,1.803
351.51,0.01803,1.803
351.52,0.01803,1.803
351.53,0.01803,1.803
351.54,0.01803,1.803
351.55,0.01803,1.803
351.56,0.01803,1.803
351.56,0.01803,1.803
351.57,0.01803,1.803
351.58,0.01803,1.803
351.59,0.01803,1.803
351.60,0.01803,1.803
351.61,0.01803,1.803
351.62,0.01803,1.803
351.63,0.01803,1.803
351.64,0.01803,1.803
351.65,0.01803,1.803
351.65,0.01803,1.803
351.66,0.01803,1.803
351.67,0.01803,1.803
351.68,0.01803,1.803
351.69,0.01803,1.803
351.70,0.01803,1.803
351.71,0.01803,1.803
351.72,0.01803,1.803
351.73,0.01803,1.803
351.74,0.01803,1.803
351.75,0.01803,1.803
351.75,0.01803,1.803
351.76,0.01803,1.803
351.77,0.01803,1.803
351.78,0.01803,1.803
351.79,0.01803,1.803
351.80,0.01803,1.803
351.81,0.01803,1.803
351.82,0.01803,1.803
351.83,0.01803,1.803
351.84,0.01803,1.803
351.84,0.01803,1.803
351.85,0.01803,1.803
351.86,0.01803,1.803
351.87,0.01803,1.803
351.88,0.01803,1.803
351.89,0.01803,1.803
351.90,0.01803,1.803
351.91,0.01803,1.803
351.92,0.01803,1.803
351.93,0.01803,1.803
351.93,0.01803,1.803
351.94,0.01803,1.803
351.95,0.01803,1.803
351.96,0.01803,1.803
351.97,0.01803,1.803
351.98,0.01803,1.803
351.99,0.01803,1.803
352.00,0.01803,1.803
352.01,0.01803,1.803
352.02,0.01803,1.803
352.02,0.01803,1.803
352.03,0.01803,1.803
352.04,0.01803,1.803
352.05,0.01803,1.803
352.06,0.01803,1.803
352.07,0.01803,1.803
352.08,0.01803,1.803
352.09,0.01803,1.803
352.10,0.01803,1.803
352.11,0.01803,1.803
352.11,0.01803,1.803
352.12,0.01803,1.803
352.13,0.01803,1.803
352.14,0.01803,1.803
352.15,0.01803,1.803
352.16,0.01803,1.803
352.17,0.01803,1.803
352.18,0.01803,1.803
352.19,0.01803,1.803
352.20,0.01803,1.803
352.21,0.01803,1.803
352.21,0.01803,1.803
352.22,0.01803,1.803
352.23,0.01803,1.803
352.24,0.01803,1.803
352.25,0.01803,1.803
352.26,0.01803,1.803
352.27,0.01803,1.803
352.28,0.01803,1.803
352.29,0.01803,1.803
352.30,0.01803,1.803
352.30,0.01803,1.803
352.31,0.01803,1.803
352.32,0.01803,1.803
352.33,0.01803,1.803
352.34,0.01803,1.803
352.35,0.01803,1.803
352.36,0.01803,1.803
352.37,0.01803,1.803
352.38,0.01803,1.803
352.39,0.01803,1.803
352.40,0.01803,1.803
352.40,0.01803,1.803
352.41,0.01803,1.803
352.42,0.01803,1.803
352.43,0.01803,1.803
352.44,0.01803,1.803
352.45,0.01803,1.803
352.46,0.01803,1.803
352.47,0.01803,1.803
352.48,0.01803,1.803
352.49,0.01803,1.803
352.49,0.01803,1.803
352.50,0.01803,1.803
352.51,0.01803,1.803
352.52,0.01803,1.803
352.53,0.01803,1.803
352.54,0.01803,1.803
352.55,0.01803,1.803
352.56,0.01803,1.803
352.57,0.01803,1.803
352.58,0.01803,1.803
352.58,0.01803,1.803
352.59,0.01803,1.803
352.60,0.01803,1.803
352.61,0.01803,1.803
352.62,0.01803,1.803
352.63,0.01803,1.803
352.64,0.01803,1.803
352.65,0.01803,1.803
352.66,0.01803,1.803
352.67,0.01803,1.803
352.68,0.01803,1.803
352.68,0.01803,1.803
352.69,0.01803,1.803
352.70,0.01803,1.803
352.71,0.01803,1.803
352.72,0.01803,1.803
352.73,0.01803,1.803
352.74,0.01803,1.803
352.75,0.01803,1.803
352.76,0.01803,1.803
352.77,0.01803,1.803
352.77,0.01803,1.803
352.78,0.01803,1.803
352.79,0.01803,1.803
352.80,0.01803,1.803
352.81,0.01803,1.803
352.82,0.01803,1.803
352.83,0.01803,1.803
352.84,0.01803,1.803
352.85,0.01803,1.803
352.86,0.01803,1.803
352.87,0.01803,1.803
352.87,0.01803,1.803
352.88,0.01803,1.803
352.89,0.01803,1.803
352.90,0.01803,1.803
352.91,0.01803,1.803
352.92,0.01803,1.803
352.93,0.01803,1.803
352.94,0.01803,1.803
352.95,0.01803,1.803
352.96,0.01803,1.803
352.96,0.01803,1.803
352.97,0.01803,1.803
352.98,0.01803,1.803
352.99,0.01803,1.803
353.00,0.01803,1.803
353.01,0.01803,1.803
353.02,0.01803,1.803
353.03,0.01803,1.803
353.04,0.01803,1.803
353.05,0.01803,1.803
353.06,0.01803,1.803
353.06,0.01803,1.803
353.07,0.01803,1.803
353.08,0.01803,1.803
353.09,0.01803,1.803
353.10,0.01803,1.803
353.11,0.01803,1.803
353.12,0.01803,1.803
353.13,0.01803,1.803
353.14,0.01803,1.803
353.15,0.01803,1.803
353.15,0.01803,1.803
353.16,0.01803,1.803
353.17,0.01803,1.803
353.18,0.01803,1.803
353.19,0.01803,1.803
353.20,0.01803,1.803
353.21,0.01803,1.803
353.22,0.01803,1.803
353.23,0.01803,1.803
353.24,0.01803,1.803
353.25,0.01803,1.803
353.25,0.01803,1.803
353.26,0.01803,1.803
353.27,0.01803,1.803
353.28,0.01803,1.803
353.29,0.01803,1.803
353.30,0.01803,1.803
353.31,0.01803,1.803
353.32,0.01803,1.803
353.33,0.01803,1.803
353.34,0.01803,1.803
353.34,0.01803,1.803
353.35,0.01803,1.803
353.36,0.01803,1.803
353.37,0.01803,1.803
353.38,0.01803,1.803
353.39,0.01803,1.803
353.40,0.01803,1.803
353.41,0.01803,1.803
353.42,0.01803,1.803
353.43,0.01803,1.803
353.43,0.01803,1.803
353.44,0.01803,1.803
353.45,0.01803,1.803
353.46,0.01803,1.803
353.47,0.01803,1.803
353.48,0.01803,1.803
353.49,0.01803,1.803
353.50,0.01803,1.803
353.51,0.01803,1.803
353.52,0.01803,1.803
353.52,0.01803,1.803
353.53,0.01803,1.803
353.54,0.01803,1.803
353.55,0.01803,1.803
353.56,0.01803,1.803
353.57,0.01803,1.803
353.58,0.01804,1.804
353.59,0.01804,1.804
353.60,0.01804,1.804
353.61,0.01804,1.804
353.62,0.01804,1.804
353.62,0.01804,1.804
353.63,0.01804,1.804
353.64,0.01804,1.804
353.65,0.01804,1.804
353.66,0.01804,1.804
353.67,0.01804,1.804
353.68,0.01804,1.804
353.69,0.01804,1.804
353.70,0.01804,1.804
353.71,0.01804,1.804
353.71,0.01804,1.804
353.72,0.01804,1.804
353.73,0.01804,1.804
353.74,0.01804,1.804
353.75,0.01804,1.804
353.76,0.01804,1.804
353.77,0.01804,1.804
353.78,0.01804,1.804
353.79,0.01804,1.804
353.80,0.01804,1.804
353.80,0.01804,1.804
353.81,0.01804,1.804
353.82,0.01804,1.804
353.83,0.01804,1.804
353.84,0.01804,1.804
353.85,0.01804,1.804
353.86,0.01804,1.804
353.87,0.01804,1.804
353.88,0.01804,1.804
353.89,0.01804,1.804
353.89,0.01804,1.804
353.90,0.01804,1.804
353.91,0.01804,1.804
353.92,0.01804,1.804
353.93,0.01804,1.804
353.94,0.01804,1.804
353.95,0.01804,1.804
353.96,0.01804,1.804
353.97,0.01804,1.804
353.98,0.01804,1.804
353.99,0.01804,1.804
353.99,0.01804,1.804
354.00,0.01804,1.804
354.01,0.01804,1.804
354.02,0.01804,1.804
354.03,0.01804,1.804
354.04,0.01804,1.804
354.05,0.01804,1.804
354.06,0.01804,1.804
354.07,0.01804,1.804
354.08,0.01804,1.804
354.08,0.01804,1.804
354.09,0.01804,1.804
354.10,0.01804,1.804
354.11,0.01804,1.804
354.12,0.01804,1.804
354.13,0.01804,1.804
354.14,0.01804,1.804
354.15,0.01804,1.804
354.16,0.01804,1.804
354.17,0.01804,1.804
354.17,0.01804,1.804
354.18,0.01804,1.804
354.19,0.01804,1.804
354.20,0.01804,1.804
354.21,0.01804,1.804
354.22,0.01804,1.804
354.23,0.01804,1.804
354.24,0.01804,1.804
354.25,0.01804,1.804
354.26,0.01804,1.804
354.27,0.01804,1.804
354.27,0.01804,1.804
354.28,0.01804,1.804
354.29,0.01804,1.804
354.30,0.01804,1.804
354.31,0.01804,1.804
354.32,0.01804,1.804
354.33,0.01804,1.804
354.34,0.01804,1.804
354.35,0.01804,1.804
354.36,0.01804,1.804
354.36,0.01804,1.804
354.37,0.01804,1.804
354.38,0.01804,1.804
354.39,0.01804,1.804
354.40,0.01804,1.804
354.41,0.01804,1.804
354.42,0.01804,1.804
354.43,0.01804,1.804
354.44,0.01804,1.804
354.45,0.01804,1.804
354.45,0.01804,1.804
354.46,0.01804,1.804
354.47,0.01804,1.804
354.48,0.01804,1.804
354.49,0.01804,1.804
354.50,0.01804,1.804
354.51,0.01804,1.804
354.52,0.01804,1.804
354.53,0.01804,1.804
354.54,0.01804,1.804
354.55,0.01804,1.804
354.55,0.01804,1.804
354.56,0.01804,1.804
354.57,0.01804,1.804
354.58,0.01804,1.804
354.59,0.01804,1.804
354.60,0.01804,1.804
354.61,0.01804,1.804
354.62,0.01804,1.804
354.63,0.01804,1.804
354.64,0.01804,1.804
354.64,0.01804,1.804
354.65,0.01804,1.804
354.66,0.01804,1.804
354.67,0.01804,1.804
354.68,0.01804,1.804
354.69,0.01804,1.804
354.70,0.01804,1.804
354.71,0.01804,1.804
354.72,0.01804,1.804
354.73,0.01804,1.804
354.74,0.01804,1.804
354.74,0.01804,1.804
354.75,0.01804,1.804
354.76,0.01804,1.804
354.77,0.01804,1.804
354.78,0.01804,1.804
354.79,0.01804,1.804
354.80,0.01804,1.804
354.81,0.01804,1.804
354.82,0.01804,1.804
354.83,0.01804,1.804
354.83,0.01804,1.804
354.84,0.01804,1.804
354.85,0.01804,1.804
354.86,0.01804,1.804
354.87,0.01804,1.804
354.88,0.01804,1.804
354.89,0.01804,1.804
354.90,0.01804,1.804
354.91,0.01804,1.804
354.92,0.01804,1.804
354.93,0.01804,1.804
354.93,0.01804,1.804
354.94,0.01804,1.804
354.95,0.01804,1.804
354.96,0.01804,1.804
354.97,0.01804,1.804
354.98,0.01804,1.804
354.99,0.01804,1.804
355.00,0.01804,1.804
355.01,0.01804,1.804
355.02,0.01804,1.804
355.02,0.01804,1.804
355.03,0.01804,1.804
355.04,0.01804,1.804
355.05,0.01804,1.804
355.06,0.01804,1.804
355.07,0.01804,1.804
355.08,0.01804,1.804
355.09,0.01804,1.804
355.10,0.01804,1.804
355.11,0.01804,1.804
355.12,0.01804,1.804
355.12,0.01804,1.804
355.13,0.01804,1.804
355.14,0.01804,1.804
355.15,0.01804,1.804
355.16,0.01804,1.804
355.17,0.01804,1.804
355.18,0.01804,1.804
355.19,0.01804,1.804
355.20,0.01804,1.804
355.21,0.01804,1.804
355.21,0.01804,1.804
355.22,0.01804,1.804
355.23,0.01804,1.804
355.24,0.01804,1.804
355.25,0.01804,1.804
355.26,0.01804,1.804
355.27,0.01804,1.804
355.28,0.01804,1.804
355.29,0.01804,1.804
355.30,0.01804,1.804
355.30,0.01804,1.804
355.31,0.01804,1.804
355.32,0.01804,1.804
355.33,0.01804,1.804
355.34,0.01804,1.804
355.35,0.01804,1.804
355.36,0.01804,1.804
355.37,0.01804,1.804
355.38,0.01804,1.804
355.39,0.01804,1.804
355.40,0.01804,1.804
355.40,0.01804,1.804
355.41,0.01804,1.804
355.42,0.01804,1.804
355.43,0.01804,1.804
355.44,0.01804,1.804
355.45,0.01804,1.804
355.46,0.01804,1.804
355.47,0.01804,1.804
355.48,0.01804,1.804
355.49,0.01804,1.804
355.49,0.01804,1.804
355.50,0.01804,1.804
355.51,0.01804,1.804
355.52,0.01804,1.804
355.53,0.01804,1.804
355.54,0.01804,1.804
355.55,0.01804,1.804
355.56,0.01804,1.804
355.57,0.01804,1.804
355.58,0.01804,1.804
355.58,0.01804,1.804
355.59,0.01804,1.804
355.60,0.01804,1.804
355.61,0.01804,1.804
355.62,0.01804,1.804
355.63,0.01804,1.804
355.64,0.01804,1.804
355.65,0.01804,1.804
355.66,0.01804,1.804
355.67,0.01804,1.804
355.68,0.01804,1.804
355.68,0.01804,1.804
355.69,0.01804,1.804
355.70,0.01804,1.804
355.71,0.01804,1.804
355.72,0.01804,1.804
355.73,0.01804,1.804
355.74,0.01804,1.804
355.75,0.01804,1.804
355.76,0.01804,1.804
355.77,0.01804,1.804
355.77,0.01804,1.804
355.78,0.01804,1.804
355.79,0.01804,1.804
355.80,0.01804,1.804
355.81,0.01804,1.804
355.82,0.01804,1.804
355.83,0.01804,1.804
355.84,0.01804,1.804
355.85,0.01804,1.804
355.86,0.01804,1.804
355.86,0.01804,1.804
355.87,0.01804,1.804
355.88,0.01804,1.804
355.89,0.01804,1.804
355.90,0.01804,1.804
355.91,0.01804,1.804
355.92,0.01804,1.804
355.93,0.01804,1.804
355.94,0.01804,1.804
355.95,0.01805,1.805
355.96,0.01805,1.805
355.96,0.01805,1.805
355.97,0.01805,1.805
355.98,0.01805,1.805
355.99,0.01805,1.805
356.00,0.01805,1.805
356.01,0.01805,1.805
356.02,0.01805,1.805
356.03,0.01805,1.805
356.04,0.01805,1.805
356.05,0.01805,1.805
356.05,0.01805,1.805
356.06,0.01805,1.805
356.07,0.01805,1.805
356.08,0.01805,1.805
356.09,0.01805,1.805
356.10,0.01805,1.805
356.11,0.01805,1.805
356.12,0.01805,1.805
356.13,0.01805,1.805
356.14,0.01805,1.805
356.14,0.01805,1.805
356.15,0.01805,1.805
356.16,0.01805,1.805
356.17,0.01805,1.805
356.18,0.01805,1.805
356.19,0.01805,1.805
356.20,0.01805,1.805
356.21,0.01805,1.805
356.22,0.01805,1.805
356.23,0.01805,1.805
356.24,0.01805,1.805
356.24,0.01805,1.805
356.25,0.01805,1.805
356.26,0.01805,1.805
356.27,0.01805,1.805
356.28,0.01805,1.805
356.29,0.01805,1.805
356.30,0.01805,1.805
356.31,0.01805,1.805
356.32,0.01805,1.805
356.33,0.01805,1.805
356.33,0.01805,1.805
356.34,0.01805,1.805
356.35,0.01805,1.805
356.36,0.01805,1.805
356.37,0.01805,1.805
356.38,0.01805,1.805
356.39,0.01805,1.805
356.40,0.01805,1.805
356.41,0.01805,1.805
356.42,0.01805,1.805
356.42,0.01805,1.805
356.43,0.01805,1.805
356.44,0.01805,1.805
356.45,0.01805,1.805
356.46,0.01805,1.805
356.47,0.01805,1.805
356.48,0.01805,1.805
356.49,0.01805,1.805
356.50,0.01805,1.805
356.51,0.01805,1.805
356.52,0.01805,1.805
356.52,0.01805,1.805
356.53,0.01805,1.805
356.54,0.01805,1.805
356.55,0.01805,1.805
356.56,0.01805,1.805
356.57,0.01805,1.805
356.58,0.01805,1.805
356.59,0.01805,1.805
356.60,0.01805,1.805
356.61,0.01805,1.805
356.61,0.01805,1.805
356.62,0.01805,1.805
356.63,0.01805,1.805
356.64,0.01805,1.805
356.65,0.01805,1.805
356.66,0.01805,1.805
356.67,0.01805,1.805
356.68,0.01805,1.805
356.69,0.01805,1.805
356.70,0.01805,1.805
356.71,0.01805,1.805
356.71,0.01805,1.805
356.72,0.01805,1.805
356.73,0.01805,1.805
356.74,0.01805,1.805
356.75,0.01805,1.805
356.76,0.01805,1.805
356.77,0.01805,1.805
356.78,0.01805,1.805
356.79,0.01805,1.805
356.80,0.01805,1.805
356.80,0.01805,1.805
356.81,0.01805,1.805
356.82,0.01805,1.805
356.83,0.01805,1.805
356.84,0.01805,1.805
356.85,0.01805,1.805
356.86,0.01805,1.805
356.87,0.01805,1.805
356.88,0.01805,1.805
356.89,0.01805,1.805
356.89,0.01805,1.805
356.90,0.01805,1.805
356.91,0.01805,1.805
356.92,0.01805,1.805
356.93,0.01805,1.805
356.94,0.01805,1.805
356.95,0.01805,1.805
356.96,0.01805,1.805
356.97,0.01805,1.805
356.98,0.01805,1.805
356.99,0.01805,1.805
356.99,0.01805,1.805
357.00,0.01805,1.805
357.01,0.01805,1.805
357.02,0.01805,1.805
357.03,0.01805,1.805
357.04,0.01805,1.805
357.05,0.01805,1.805
357.06,0.01805,1.805
357.07,0.01805,1.805
357.08,0.01805,1.805
357.08,0.01805,1.805
357.09,0.01805,1.805
357.10,0.01805,1.805
357.11,0.01805,1.805
357.12,0.01805,1.805
357.13,0.01805,1.805
357.14,0.01805,1.805
357.15,0.01805,1.805
357.16,0.01805,1.805
357.17,0.01805,1.805
357.18,0.01805,1.805
357.18,0.01805,1.805
357.19,0.01805,1.805
357.20,0.01805,1.805
357.21,0.01805,1.805
357.22,0.01805,1.805
357.23,0.01805,1.805
357.24,0.01805,1.805
357.25,0.01805,1.805
357.26,0.01805,1.805
357.27,0.01805,1.805
357.27,0.01805,1.805
357.28,0.01805,1.805
357.29,0.01805,1.805
357.30,0.01805,1.805
357.31,0.01805,1.805
357.32,0.01805,1.805
357.33,0.01805,1.805
357.34,0.01805,1.805
357.35,0.01805,1.805
357.36,0.01805,1.805
357.37,0.01805,1.805
357.37,0.01805,1.805
357.38,0.01805,1.805
357.39,0.01805,1.805
357.40,0.01805,1.805
357.41,0.01805,1.805
357.42,0.01805,1.805
357.43,0.01805,1.805
357.44,0.01805,1.805
357.45,0.01805,1.805
357.46,0.01805,1.805
357.46,0.01805,1.805
357.47,0.01805,1.805
357.48,0.01805,1.805
357.49,0.01805,1.805
357.50,0.01805,1.805
357.51,0.01805,1.805
357.52,0.01805,1.805
357.53,0.01805,1.805
357.54,0.01805,1.805
357.55,0.01805,1.805
357.55,0.01805,1.805
357.56,0.01805,1.805
357.57,0.01805,1.805
357.58,0.01805,1.805
357.59,0.01805,1.805
357.60,0.01805,1.805
357.61,0.01805,1.805
357.62,0.01805,1.805
357.63,0.01805,1.805
357.64,0.01805,1.805
357.65,0.01805,1.805
357.65,0.01805,1.805
357.66,0.01805,1.805
357.67,0.01805,1.805
357.68,0.01805,1.805
357.69,0.01805,1.805
357.70,0.01805,1.805
357.71,0.01805,1.805
357.72,0.01805,1.805
357.73,0.01805,1.805
357.74,0.01805,1.805
357.74,0.01805,1.805
357.75,0.01805,1.805
357.76,0.01805,1.805
357.77,0.01805,1.805
357.78,0.01805,1.805
357.79,0.01805,1.805
357.80,0.01805,1.805
357.81,0.01805,1.805
357.82,0.01805,1.805
357.83,0.01805,1.805
357.84,0.01805,1.805
357.84,0.01805,1.805
357.85,0.01805,1.805
357.86,0.01805,1.805
357.87,0.01805,1.805
357.88,0.01805,1.805
357.89,0.01805,1.805
357.90,0.01805,1.805
357.91,0.01805,1.805
357.92,0.01805,1.805
357.93,0.01805,1.805
357.93,0.01805,1.805
357.94,0.01805,1.805
357.95,0.01805,1.805
357.96,0.01805,1.805
357.97,0.01805,1.805
357.98,0.01805,1.805
357.99,0.01805,1.805
358.00,0.01805,1.805
358.01,0.01805,1.805
358.02,0.01805,1.805
358.02,0.01805,1.805
358.03,0.01805,1.805
358.04,0.01805,1.805
358.05,0.01805,1.805
358.06,0.01805,1.805
358.07,0.01805,1.805
358.08,0.01805,1.805
358.09,0.01805,1.805
358.10,0.01805,1.805
358.11,0.01805,1.805
358.12,0.01805,1.805
358.12,0.01805,1.805
358.13,0.01805,1.805
358.14,0.01805,1.805
358.15,0.01805,1.805
358.16,0.01805,1.805
358.17,0.01805,1.805
358.18,0.01805,1.805
358.19,0.01805,1.805
358.20,0.01805,1.805
358.21,0.01805,1.805
358.21,0.01805,1.805
358.22,0.01805,1.805
358.23,0.01805,1.805
358.24,0.01805,1.805
358.25,0.01805,1.805
358.26,0.01805,1.805
358.27,0.01805,1.805
358.28,0.01805,1.805
358.29,0.01805,1.805
358.30,0.01805,1.805
358.30,0.01805,1.805
358.31,0.01805,1.805
358.32,0.01805,1.805
358.33,0.01806,1.806
358.34,0.01806,1.806
358.35,0.01806,1.806
358.36,0.01806,1.806
358.37,0.01806,1.806
358.38,0.01806,1.806
358.39,0.01806,1.806
358.40,0.01806,1.806
358.40,0.01806,1.806
358.41,0.01806,1.806
358.42,0.01806,1.806
358.43,0.01806,1.806
358.44,0.01806,1.806
358.45,0.01806,1.806
358.46,0.01806,1.806
358.47,0.01806,1.806
358.48,0.01806,1.806
358.49,0.01806,1.806
358.49,0.01806,1.806
358.50,0.01806,1.806
358.51,0.01806,1.806
358.52,0.01806,1.806
358.53,0.01806,1.806
358.54,0.01806,1.806
358.55,0.01806,1.806
358.56,0.01806,1.806
358.57,0.01806,1.806
358.58,0.01806,1.806
358.59,0.01806,1.806
358.59,0.01806,1.806
358.60,0.01806,1.806
358.61,0.01806,1.806
358.62,0.01806,1.806
358.63,0.01806,1.806
358.64,0.01806,1.806
358.65,0.01806,1.806
358.66,0.01806,1.806
358.67,0.01806,1.806
358.68,0.01806,1.806
358.68,0.01806,1.806
358.69,0.01806,1.806
358.70,0.01806,1.806
358.71,0.01806,1.806
358.72,0.01806,1.806
358.73,0.01806,1.806
358.74,0.01806,1.806
358.75,0.01806,1.806
358.76,0.01806,1.806
358.77,0.01806,1.806
358.77,0.01806,1.806
358.78,0.01806,1.806
358.79,0.01806,1.806
358.80,0.01806,1.806
358.81,0.01806,1.806
358.82,0.01806,1.806
358.83,0.01806,1.806
358.84,0.01806,1.806
358.85,0.01806,1.806
358.86,0.01806,1.806
358.87,0.01806,1.806
358.87,0.01806,1.806
358.88,0.01806,1.806
358.89,0.01806,1.806
358.90,0.01806,1.806
358.91,0.01806,1.806
358.92,0.01806,1.806
358.93,0.01806,1.806
358.94,0.01806,1.806
358.95,0.01806,1.806
358.96,0.01806,1.806
358.96,0.01806,1.806
358.97,0.01806,1.806
358.98,0.01806,1.806
358.99,0.01806,1.806
359.00,0.01806,1.806
359.01,0.01806,1.806
359.02,0.01806,1.806
359.03,0.01806,1.806
359.04,0.01806,1.806
359.05,0.01806,1.806
359.05,0.01806,1.806
359.06,0.01806,1.806
359.07,0.01806,1.806
359.08,0.01806,1.806
359.09,0.01806,1.806
359.10,0.01806,1.806
359.11,0.01806,1.806
359.12,0.01806,1.806
359.13,0.01806,1.806
359.14,0.01806,1.806
359.15,0.01806,1.806
359.15,0.01806,1.806
359.16,0.01806,1.806
359.17,0.01806,1.806
359.18,0.01806,1.806
359.19,0.01806,1.806
359.20,0.01806,1.806
359.21,0.01806,1.806
359.22,0.01806,1.806
359.23,0.01806,1.806
359.24,0.01806,1.806
359.24,0.01806,1.806
359.25,0.01806,1.806
359.26,0.01806,1.806
359.27,0.01806,1.806
359.28,0.01806,1.806
359.29,0.01806,1.806
359.30,0.01806,1.806
359.31,0.01806,1.806
359.32,0.01806,1.806
359.33,0.01806,1.806
359.34,0.01806,1.806
359.34,0.01806,1.806
359.35,0.01806,1.806
359.36,0.01806,1.806
359.37,0.01806,1.806
359.38,0.01806,1.806
359.39,0.01806,1.806
359.40,0.01806,1.806
359.41,0.01806,1.806
359.42,0.01806,1.806
359.43,0.01806,1.806
359.43,0.01806,1.806
359.44,0.01806,1.806
359.45,0.01806,1.806
359.46,0.01806,1.806
359.47,0.01806,1.806
359.48,0.01806,1.806
359.49,0.01806,1.806
359.50,0.01806,1.806
359.51,0.01806,1.806
359.52,0.01806,1.806
359.53,0.01806,1.806
359.53,0.01806,1.806
359.54,0.01806,1.806
359.55,0.01806,1.806
359.56,0.01806,1.806
359.57,0.01806,1.806
359.58,0.01806,1.806
359.59,0.01806,1.806
359.60,0.01806,1.806
359.61,0.01806,1.806
359.62,0.01806,1.806
359.62,0.01806,1.806
359.63,0.01806,1.806
359.64,0.01806,1.806
359.65,0.01806,1.806
359.66,0.01806,1.806
359.67,0.01806,1.806
359.68,0.01806,1.806
359.69,0.01806,1.806
359.70,0.01806,1.806
359.71,0.01806,1.806
359.71,0.01806,1.806
359.72,0.01806,1.806
359.73,0.01806,1.806
359.74,0.01806,1.806
359.75,0.01806,1.806
359.76,0.01806,1.806
359.77,0.01806,1.806
359.78,0.01806,1.806
359.79,0.01806,1.806
359.80,0.01806,1.806
359.81,0.01806,1.806
359.81,0.01806,1.806
359.82,0.01806,1.806
359.83,0.01806,1.806
359.84,0.01806,1.806
359.85,0.01806,1.806
359.86,0.01806,1.806
359.87,0.01806,1.806
359.88,0.01806,1.806
359.89,0.01806,1.806
359.90,0.01806,1.806
359.90,0.01806,1.806
359.91,0.01806,1.806
359.92,0.01806,1.806
359.93,0.01806,1.806
359.94,0.01806,1.806
359.95,0.01806,1.806
359.96,0.01806,1.806
359.97,0.01806,1.806
359.98,0.01806,1.806
359.99,0.01806,1.806
360.00,0.01806,1.806
360.00,0.01806,1.806
360.01,0.01806,1.806
360.02,0.01806,1.806
360.03,0.01806,1.806
360.04,0.01806,1.806
360.05,0.01806,1.806
360.06,0.01806,1.806
360.07,0.01806,1.806
360.08,0.01806,1.806
360.09,0.01806,1.806
360.09,0.01806,1.806
360.10,0.01806,1.806
360.11,0.01806,1.806
360.12,0.01806,1.806
360.13,0.01806,1.806
360.14,0.01806,1.806
360.15,0.01806,1.806
360.16,0.01806,1.806
360.17,0.01806,1.806
360.18,0.01806,1.806
360.18,0.01806,1.806
360.19,0.01806,1.806
360.20,0.01806,1.806
360.21,0.01806,1.806
360.22,0.01806,1.806
360.23,0.01806,1.806
360.24,0.01806,1.806
360.25,0.01806,1.806
360.26,0.01806,1.806
360.27,0.01806,1.806
360.28,0.01806,1.806
360.28,0.01806,1.806
360.29,0.01806,1.806
360.30,0.01806,1.806
360.31,0.01806,1.806
360.32,0.01806,1.806
360.33,0.01806,1.806
360.34,0.01806,1.806
360.35,0.01806,1.806
360.36,0.01806,1.806
360.37,0.01806,1.806
360.37,0.01806,1.806
360.38,0.01806,1.806
360.39,0.01806,1.806
360.40,0.01806,1.806
360.41,0.01806,1.806
360.42,0.01806,1.806
360.43,0.01806,1.806
360.44,0.01806,1.806
360.45,0.01806,1.806
360.46,0.01806,1.806
360.46,0.01806,1.806
360.47,0.01806,1.806
360.48,0.01806,1.806
360.49,0.01806,1.806
360.50,0.01806,1.806
360.51,0.01806,1.806
360.52,0.01806,1.806
360.53,0.01806,1.806
360.54,0.01806,1.806
360.55,0.01806,1.806
360.56,0.01806,1.806
360.56,0.01806,1.806
360.57,0.01806,1.806
360.58,0.01806,1.806
360.59,0.01806,1.806
360.60,0.01806,1.806
360.61,0.01806,1.806
360.62,0.01807,1.807
360.63,0.01807,1.807
360.64,0.01807,1.807
360.65,0.01807,1.807
360.65,0.01807,1.807
360.66,0.01807,1.807
360.67,0.01807,1.807
360.68,0.01807,1.807
360.69,0.01807,1.807
360.70,0.01807,1.807
360.71,0.01807,1.807
360.72,0.01807,1.807
360.73,0.01807,1.807
360.74,0.01807,1.807
360.74,0.01807,1.807
360.75,0.01807,1.807
360.76,0.01807,1.807
360.77,0.01807,1.807
360.78,0.01807,1.807
360.79,0.01807,1.807
360.80,0.01807,1.807
360.81,0.01807,1.807
360.82,0.01807,1.807
360.83,0.01807,1.807
360.84,0.01807,1.807
360.84,0.01807,1.807
360.85,0.01807,1.807
360.86,0.01807,1.807
360.87,0.01807,1.807
360.88,0.01807,1.807
360.89,0.01807,1.807
360.90,0.01807,1.807
360.91,0.01807,1.807
360.92,0.01807,1.807
360.93,0.01807,1.807
360.93,0.01807,1.807
360.94,0.01807,1.807
360.95,0.01807,1.807
360.96,0.01807,1.807
360.97,0.01807,1.807
360.98,0.01807,1.807
360.99,0.01807,1.807
361.00,0.01807,1.807
361.01,0.01807,1.807
361.02,0.01807,1.807
361.02,0.01807,1.807
361.03,0.01807,1.807
361.04,0.01807,1.807
361.05,0.01807,1.807
361.06,0.01807,1.807
361.07,0.01807,1.807
361.08,0.01807,1.807
361.09,0.01807,1.807
361.10,0.01807,1.807
361.11,0.01807,1.807
361.12,0.01807,1.807
361.12,0.01807,1.807
361.13,0.01807,1.807
361.14,0.01807,1.807
361.15,0.01807,1.807
361.16,0.01807,1.807
361.17,0.01807,1.807
361.18,0.01807,1.807
361.19,0.01807,1.807
361.20,0.01807,1.807
361.21,0.01807,1.807
361.21,0.01807,1.807
361.22,0.01807,1.807
361.23,0.01807,1.807
361.24,0.01807,1.807
361.25,0.01807,1.807
361.26,0.01807,1.807
361.27,0.01807,1.807
361.28,0.01807,1.807
361.29,0.01807,1.807
361.30,0.01807,1.807
361.31,0.01807,1.807
361.31,0.01807,1.807
361.32,0.01807,1.807
361.33,0.01807,1.807
361.34,0.01807,1.807
361.35,0.01807,1.807
361.36,0.01807,1.807
361.37,0.01807,1.807
361.38,0.01807,1.807
361.39,0.01807,1.807
361.40,0.01807,1.807
361.40,0.01807,1.807
361.41,0.01807,1.807
361.42,0.01807,1.807
361.43,0.01807,1.807
361.44,0.01807,1.807
361.45,0.01807,1.807
361.46,0.01807,1.807
361.47,0.01807,1.807
361.48,0.01807,1.807
361.49,0.01807,1.807
361.50,0.01807,1.807
361.50,0.01807,1.807
361.51,0.01807,1.807
361.52,0.01807,1.807
361.53,0.01807,1.807
361.54,0.01807,1.807
361.55,0.01807,1.807
361.56,0.01807,1.807
361.57,0.01807,1.807
361.58,0.01807,1.807
361.59,0.01807,1.807
361.59,0.01807,1.807
361.60,0.01807,1.807
361.61,0.01807,1.807
361.62,0.01807,1.807
361.63,0.01807,1.807
361.64,0.01807,1.807
361.65,0.01807,1.807
361.66,0.01807,1.807
361.67,0.01807,1.807
361.68,0.01807,1.807
361.69,0.01807,1.807
361.69,0.01807,1.807
361.70,0.01807,1.807
361.71,0.01807,1.807
361.72,0.01807,1.807
361.73,0.01807,1.807
361.74,0.01807,1.807
361.75,0.01807,1.807
361.76,0.01807,1.807
361.77,0.01807,1.807
361.78,0.01807,1.807
361.78,0.01807,1.807
361.79,0.01807,1.807
361.80,0.01807,1.807
361.81,0.01807,1.807
361.82,0.01807,1.807
361.83,0.01807,1.807
361.84,0.01807,1.807
361.85,0.01807,1.807
361.86,0.01807,1.807
361.87,0.01807,1.807
361.88,0.01807,1.807
361.88,0.01807,1.807
361.89,0.01807,1.807
361.90,0.01807,1.807
361.91,0.01807,1.807
361.92,0.01807,1.807
361.93,0.01807,1.807
361.94,0.01807,1.807
361.95,0.01807,1.807
361.96,0.01807,1.807
361.97,0.01807,1.807
361.97,0.01807,1.807
361.98,0.01807,1.807
361.99,0.01807,1.807
362.00,0.01807,1.807
362.01,0.01807,1.807
362.02,0.01807,1.807
362.03,0.01807,1.807
362.04,0.01807,1.807
362.05,0.01807,1.807
362.06,0.01807,1.807
362.07,0.01807,1.807
362.07,0.01807,1.807
362.08,0.01807,1.807
362.09,0.01807,1.807
362.10,0.01807,1.807
362.11,0.01807,1.807
362.12,0.01807,1.807
362.13,0.01807,1.807
362.14,0.01807,1.807
362.15,0.01807,1.807
362.16,0.01807,1.807
362.16,0.01807,1.807
362.17,0.01807,1.807
362.18,0.01807,1.807
362.19,0.01807,1.807
362.20,0.01807,1.807
362.21,0.01807,1.807
362.22,0.01807,1.807
362.23,0.01807,1.807
362.24,0.01807,1.807
362.25,0.01807,1.807
362.26,0.01807,1.807
362.26,0.01807,1.807
362.27,0.01807,1.807
362.28,0.01807,1.807
362.29,0.01807,1.807
362.30,0.01807,1.807
362.31,0.01807,1.807
362.32,0.01807,1.807
362.33,0.01807,1.807
362.34,0.01807,1.807
362.35,0.01807,1.807
362.35,0.01807,1.807
362.36,0.01807,1.807
362.37,0.01807,1.807
362.38,0.01807,1.807
362.39,0.01807,1.807
362.40,0.01807,1.807
362.41,0.01807,1.807
362.42,0.01807,1.807
362.43,0.01807,1.807
362.44,0.01807,1.807
362.44,0.01807,1.807
362.45,0.01807,1.807
362.46,0.01807,1.807
362.47,0.01807,1.807
362.48,0.01807,1.807
362.49,0.01807,1.807
362.50,0.01807,1.807
362.51,0.01807,1.807
362.52,0.01807,1.807
362.53,0.01807,1.807
362.53,0.01807,1.807
362.54,0.01807,1.807
362.55,0.01807,1.807
362.56,0.01807,1.807
362.57,0.01807,1.807
362.58,0.01807,1.807
362.59,0.01807,1.807
362.60,0.01807,1.807
362.61,0.01807,1.807
362.62,0.01807,1.807
362.63,0.01807,1.807
362.63,0.01807,1.807
362.64,0.01807,1.807
362.65,0.01807,1.807
362.66,0.01807,1.807
362.67,0.01807,1.807
362.68,0.01807,1.807
362.69,0.01807,1.807
362.70,0.01807,1.807
362.71,0.01807,1.807
362.72,0.01807,1.807
362.72,0.01807,1.807
362.73,0.01807,1.807
362.74,0.01807,1.807
362.75,0.01807,1.807
362.76,0.01807,1.807
362.77,0.01807,1.807
362.78,0.01807,1.807
362.79,0.01807,1.807
362.80,0.01807,1.807
362.81,0.01807,1.807
362.81,0.01807,1.807
362.82,0.01807,1.807
362.83,0.01807,1.807
362.84,0.01807,1.807
362.85,0.01807,1.807
362.86,0.01807,1.807
362.87,0.01807,1.807
362.88,0.01807,1.807
362.89,0.01807,1.807
362.90,0.01807,1.807
362.91,0.01807,1.807
362.91,0.01807,1.807
362.92,0.01807,1.807
362.93,0.01807,1.807
362.94,0.01807,1.807
362.95,0.01807,1.807
362.96,0.01807,1.807
362.97,0.01807,1.807
362.98,0.01807,1.807
362.99,0.01807,1.807
363.00,0.01807,1.807
363.00,0.01808,1.808
363.01,0.01808,1.808
363.02,0.01808,1.808
363.03,0.01808,1.808
363.04,0.01808,1.808
363.05,0.01808,1.808
363.06,0.01808,1.808
363.07,0.01808,1.808
363.08,0.01808,1.808
363.09,0.01808,1.808
363.09,0.01808,1.808
363.10,0.01808,1.808
363.11,0.01808,1.808
363.12,0.01808,1.808
363.13,0.01808,1.808
363.14,0.01808,1.808
363.15,0.01808,1.808
363.16,0.01808,1.808
363.17,0.01808,1.808
363.18,0.01808,1.808
363.19,0.01808,1.808
363.19,0.01808,1.808
363.20,0.01808,1.808
363.21,0.01808,1.808
363.22,0.01808,1.808
363.23,0.01808,1.808
363.24,0.01808,1.808
363.25,0.01808,1.808
363.26,0.01808,1.808
363.27,0.01808,1.808
363.28,0.01808,1.808
363.28,0.01808,1.808
363.29,0.01808,1.808
363.30,0.01808,1.808
363.31,0.01808,1.808
363.32,0.01808,1.808
363.33,0.01808,1.808
363.34,0.01808,1.808
363.35,0.01808,1.808
363.36,0.01808,1.808
363.37,0.01808,1.808
363.38,0.01808,1.808
363.38,0.01808,1.808
363.39,0.01808,1.808
363.40,0.01808,1.808
363.41,0.01808,1.808
363.42,0.01808,1.808
363.43,0.01808,1.808
363.44,0.01808,1.808
363.45,0.01808,1.808
363.46,0.01808,1.808
363.47,0.01808,1.808
363.47,0.01808,1.808
363.48,0.01808,1.808
363.49,0.01808,1.808
363.50,0.01808,1.808
363.51,0.01808,1.808
363.52,0.01808,1.808
363.53,0.01808,1.808
363.54,0.01808,1.808
363.55,0.01808,1.808
363.56,0.01808,1.808
363.57,0.01808,1.808
363.57,0.01808,1.808
363.58,0.01808,1.808
363.59,0.01808,1.808
363.60,0.01808,1.808
363.61,0.01808,1.808
363.62,0.01808,1.808
363.63,0.01808,1.808
363.64,0.01808,1.808
363.65,0.01808,1.808
363.66,0.01808,1.808
363.67,0.01808,1.808
363.67,0.01808,1.808
363.68,0.01808,1.808
363.69,0.01808,1.808
363.70,0.01808,1.808
363.71,0.01808,1.808
363.72,0.01808,1.808
363.73,0.01808,1.808
363.74,0.01808,1.808
363.75,0.01808,1.808
363.76,0.01808,1.808
363.76,0.01808,1.808
363.77,0.01808,1.808
363.78,0.01808,1.808
363.79,0.01808,1.808
363.80,0.01808,1.808
363.81,0.01808,1.808
363.82,0.01808,1.808
363.83,0.01808,1.808
363.84,0.01808,1.808
363.85,0.01808,1.808
363.85,0.01808,1.808
363.86,0.01808,1.808
363.87,0.01808,1.808
363.88,0.01808,1.808
363.89,0.01808,1.808
363.90,0.01808,1.808
363.91,0.01808,1.808
363.92,0.01808,1.808
363.93,0.01808,1.808
363.94,0.01808,1.808
363.95,0.01808,1.808
363.95,0.01808,1.808
363.96,0.01808,1.808
363.97,0.01808,1.808
363.98,0.01808,1.808
363.99,0.01808,1.808
364.00,0.01808,1.808
364.01,0.01808,1.808
364.02,0.01808,1.808
364.03,0.01808,1.808
364.04,0.01808,1.808
364.04,0.01808,1.808
364.05,0.01808,1.808
364.06,0.01808,1.808
364.07,0.01808,1.808
364.08,0.01808,1.808
364.09,0.01808,1.808
364.10,0.01808,1.808
364.11,0.01808,1.808
364.12,0.01808,1.808
364.13,0.01808,1.808
364.14,0.01808,1.808
364.14,0.01808,1.808
364.15,0.01808,1.808
364.16,0.01808,1.808
364.17,0.01808,1.808
364.18,0.01808,1.808
364.19,0.01808,1.808
364.20,0.01808,1.808
364.21,0.01808,1.808
364.22,0.01808,1.808
364.23,0.01808,1.808
364.23,0.01808,1.808
364.24,0.01808,1.808
364.25,0.01808,1.808
364.26,0.01808,1.808
364.27,0.01808,1.808
364.28,0.01808,1.808
364.29,0.01808,1.808
364.30,0.01808,1.808
364.31,0.01808,1.808
364.32,0.01808,1.808
364.32,0.01808,1.808
364.33,0.01808,1.808
364.34,0.01808,1.808
364.35,0.01808,1.808
364.36,0.01808,1.808
364.37,0.01808,1.808
364.38,0.01808,1.808
364.39,0.01808,1.808
364.40,0.01808,1.808
364.41,0.01808,1.808
364.42,0.01808,1.808
364.42,0.01808,1.808
364.43,0.01808,1.808
364.44,0.01808,1.808
364.45,0.01808,1.808
364.46,0.01808,1.808
364.47,0.01808,1.808
364.48,0.01808,1.808
364.49,0.01808,1.808
364.50,0.01808,1.808
364.51,0.01808,1.808
364.51,0.01808,1.808
364.52,0.01808,1.808
364.53,0.01808,1.808
364.54,0.01808,1.808
364.55,0.01808,1.808
364.56,0.01808,1.808
364.57,0.01808,1.808
364.58,0.01808,1.808
364.59,0.01808,1.808
364.60,0.01808,1.808
364.60,0.01808,1.808
364.61,0.01808,1.808
364.62,0.01808,1.808
364.63,0.01808,1.808
364.64,0.01808,1.808
364.65,0.01808,1.808
364.66,0.01808,1.808
364.67,0.01808,1.808
364.68,0.01808,1.808
364.69,0.01808,1.808
364.70,0.01808,1.808
364.70,0.01808,1.808
364.71,0.01808,1.808
364.72,0.01808,1.808
364.73,0.01808,1.808
364.74,0.01808,1.808
364.75,0.01808,1.808
364.76,0.01808,1.808
364.77,0.01808,1.808
364.78,0.01808,1.808
364.79,0.01808,1.808
364.79,0.01808,1.808
364.80,0.01808,1.808
364.81,0.01808,1.808
364.82,0.01808,1.808
364.83,0.01808,1.808
364.84,0.01808,1.808
364.85,0.01808,1.808
364.86,0.01808,1.808
364.87,0.01808,1.808
364.88,0.01808,1.808
364.88,0.01808,1.808
364.89,0.01808,1.808
364.90,0.01808,1.808
364.91,0.01808,1.808
364.92,0.01808,1.808
364.93,0.01808,1.808
364.94,0.01808,1.808
364.95,0.01808,1.808
364.96,0.01808,1.808
364.97,0.01808,1.808
364.98,0.01808,1.808
364.98,0.01808,1.808
364.99,0.01808,1.808
365.00,0.01808,1.808
365.01,0.01808,1.808
365.02,0.01808,1.808
365.03,0.01808,1.808
365.04,0.01808,1.808
365.05,0.01808,1.808
365.06,0.01808,1.808
365.07,0.01808,1.808
365.07,0.01808,1.808
365.08,0.01808,1.808
365.09,0.01808,1.808
365.10,0.01808,1.808
365.11,0.01808,1.808
365.12,0.01808,1.808
365.13,0.01808,1.808
365.14,0.01808,1.808
365.15,0.01808,1.808
365.16,0.01808,1.808
365.16,0.01808,1.808
365.17,0.01808,1.808
365.18,0.01808,1.808
365.19,0.01808,1.808
365.20,0.01808,1.808
365.21,0.01808,1.808
365.22,0.01808,1.808
365.23,0.01808,1.808
365.24,0.01808,1.808
365.25,0.01808,1.808
365.26,0.01808,1.808
365.26,0.01808,1.808
365.27,0.01808,1.808
365.28,0.01808,1.808
365.29,0.01808,1.808
365.30,0.01808,1.808
365.31,0.01808,1.808
365.32,0.01808,1.808
365.33,0.01808,1.808
365.34,0.01808,1.808
365.35,0.01808,1.808
365.35,0.01808,1.808
365.36,0.01808,1.808
365.37,0.01808,1.808
365.38,0.01808,1.808
365.39,0.01808,1.808
365.40,0.01808,1.808
365.41,0.01808,1.808
365.42,0.01809,1.809
365.43,0.01809,1.809
365.44,0.01809,1.809
365.45,0.01809,1.809
365.45,0.01809,1.809
365.46,0.01809,1.809
365.47,0.01809,1.809
365.48,0.01809,1.809
365.49,0.01809,1.809
365.50,0.01809,1.809
365.51,0.01809,1.809
365.52,0.01809,1.809
365.53,0.01809,1.809
365.54,0.01809,1.809
365.54,0.01809,1.809
365.55,0.01809,1.809
365.56,0.01809,1.809
365.57,0.01809,1.809
365.58,0.01809,1.809
365.59,0.01809,1.809
365.60,0.01809,1.809
365.61,0.01809,1.809
365.62,0.01809,1.809
365.63,0.01809,1.809
365.64,0.01809,1.809
365.64,0.01809,1.809
365.65,0.01809,1.809
365.66,0.01809,1.809
365.67,0.01809,1.809
365.68,0.01809,1.809
365.69,0.01809,1.809
365.70,0.01809,1.809
365.71,0.01809,1.809
365.72,0.01809,1.809
365.73,0.01809,1.809
365.73,0.01809,1.809
365.74,0.01809,1.809
365.75,0.01809,1.809
365.76,0.01809,1.809
365.77,0.01809,1.809
365.78,0.01809,1.809
365.79,0.01809,1.809
365.80,0.01809,1.809
365.81,0.01809,1.809
365.82,0.01809,1.809
365.83,0.01809,1.809
365.83,0.01809,1.809
365.84,0.01809,1.809
365.85,0.01809,1.809
365.86,0.01809,1.809
365.87,0.01809,1.809
365.88,0.01809,1.809
365.89,0.01809,1.809
365.90,0.01809,1.809
365.91,0.01809,1.809
365.92,0.01809,1.809
365.92,0.01809,1.809
365.93,0.01809,1.809
365.94,0.01809,1.809
365.95,0.01809,1.809
365.96,0.01809,1.809
365.97,0.01809,1.809
365.98,0.01809,1.809
365.99,0.01809,1.809
366.00,0.01809,1.809
366.01,0.01809,1.809
366.02,0.01809,1.809
366.02,0.01809,1.809
366.03,0.01809,1.809
366.04,0.01809,1.809
366.05,0.01809,1.809
366.06,0.01809,1.809
366.07,0.01809,1.809
366.08,0.01809,1.809
366.09,0.01809,1.809
366.10,0.01809,1.809
366.11,0.01809,1.809
366.11,0.01809,1.809
366.12,0.01809,1.809
366.13,0.01809,1.809
366.14,0.01809,1.809
366.15,0.01809,1.809
366.16,0.01809,1.809
366.17,0.01809,1.809
366.18,0.01809,1.809
366.19,0.01809,1.809
366.20,0.01809,1.809
366.21,0.01809,1.809
366.21,0.01809,1.809
366.22,0.01809,1.809
366.23,0.01809,1.809
366.24,0.01809,1.809
366.25,0.01809,1.809
366.26,0.01809,1.809
366.27,0.01809,1.809
366.28,0.01809,1.809
366.29,0.01809,1.809
366.30,0.01809,1.809
366.30,0.01809,1.809
366.31,0.01809,1.809
366.32,0.01809,1.809
366.33,0.01809,1.809
366.34,0.01809,1.809
366.35,0.01809,1.809
366.36,0.01809,1.809
366.37,0.01809,1.809
366.38,0.01809,1.809
366.39,0.01809,1.809
366.40,0.01809,1.809
366.40,0.01809,1.809
366.41,0.01809,1.809
366.42,0.01809,1.809
366.43,0.01809,1.809
366.44,0.01809,1.809
366.45,0.01809,1.809
366.46,0.01809,1.809
366.47,0.01809,1.809
366.48,0.01809,1.809
366.49,0.01809,1.809
366.49,0.01809,1.809
366.50,0.01809,1.809
366.51,0.01809,1.809
366.52,0.01809,1.809
366.53,0.01809,1.809
366.54,0.01809,1.809
366.55,0.01809,1.809
366.56,0.01809,1.809
366.57,0.01809,1.809
366.58,0.01809,1.809
366.58,0.01809,1.809
366.59,0.01809,1.809
366.60,0.01809,1.809
366.61,0.01809,1.809
366.62,0.01809,1.809
366.63,0.01809,1.809
366.64,0.01809,1.809
366.65,0.01809,1.809
366.66,0.01809,1.809
366.67,0.01809,1.809
366.68,0.01809,1.809
366.68,0.01809,1.809
366.69,0.01809,1.809
366.70,0.01809,1.809
366.71,0.01809,1.809
366.72,0.01809,1.809
366.73,0.01809,1.809
366.74,0.01809,1.809
366.75,0.01809,1.809
366.76,0.01809,1.809
366.77,0.01809,1.809
366.77,0.01809,1.809
366.78,0.01809,1.809
366.79,0.01809,1.809
366.80,0.01809,1.809
366.81,0.01809,1.809
366.82,0.01809,1.809
366.83,0.01809,1.809
366.84,0.01809,1.809
366.85,0.01809,1.809
366.86,0.01809,1.809
366.87,0.01809,1.809
366.87,0.01809,1.809
366.88,0.01809,1.809
366.89,0.01809,1.809
366.90,0.01809,1.809
366.91,0.01809,1.809
366.92,0.01809,1.809
366.93,0.01809,1.809
366.94,0.01809,1.809
366.95,0.01809,1.809
366.96,0.01809,1.809
366.96,0.01809,1.809
366.97,0.01809,1.809
366.98,0.01809,1.809
366.99,0.01809,1.809
367.00,0.01809,1.809
367.01,0.01809,1.809
367.02,0.01809,1.809
367.03,0.01809,1.809
367.04,0.01809,1.809
367.05,0.01809,1.809
367.05,0.01809,1.809
367.06,0.01809,1.809
367.07,0.01809,1.809
367.08,0.01809,1.809
367.09,0.01809,1.809
367.10,0.01809,1.809
367.11,0.01809,1.809
367.12,0.01809,1.809
367.13,0.01809,1.809
367.14,0.01809,1.809
367.15,0.01809,1.809
367.15,0.01809,1.809
367.16,0.01809,1.809
367.17,0.01809,1.809
367.18,0.01809,1.809
367.19,0.01809,1.809
367.20,0.01809,1.809
367.21,0.01809,1.809
367.22,0.01809,1.809
367.23,0.01809,1.809
367.24,0.01809,1.809
367.24,0.01809,1.809
367.25,0.01809,1.809
367.26,0.01809,1.809
367.27,0.01809,1.809
367.28,0.01809,1.809
367.29,0.01809,1.809
367.30,0.01809,1.809
367.31,0.01809,1.809
367.32,0.01809,1.809
367.33,0.01809,1.809
367.34,0.01809,1.809
367.34,0.01809,1.809
367.35,0.01809,1.809
367.36,0.01809,1.809
367.37,0.01809,1.809
367.38,0.01809,1.809
367.39,0.01809,1.809
367.40,0.01809,1.809
367.41,0.01809,1.809
367.42,0.01809,1.809
367.43,0.01809,1.809
367.43,0.01809,1.809
367.44,0.01809,1.809
367.45,0.01809,1.809
367.46,0.01809,1.809
367.47,0.01809,1.809
367.48,0.01809,1.809
367.49,0.01809,1.809
367.50,0.01809,1.809
367.51,0.01809,1.809
367.52,0.01809,1.809
367.53,0.01809,1.809
367.53,0.01809,1.809
367.54,0.01809,1.809
367.55,0.01809,1.809
367.56,0.01809,1.809
367.57,0.01809,1.809
367.58,0.01809,1.809
367.59,0.01809,1.809
367.60,0.01809,1.809
367.61,0.01809,1.809
367.62,0.01809,1.809
367.62,0.01809,1.809
367.63,0.01809,1.809
367.64,0.01809,1.809
367.65,0.01809,1.809
367.66,0.01809,1.809
367.67,0.01809,1.809
367.68,0.01809,1.809
367.69,0.01809,1.809
367.70,0.01809,1.809
367.71,0.01809,1.809
367.71,0.01809,1.809
367.72,0.01809,1.809
367.73,0.01809,1.809
367.74,0.01809,1.809
367.75,0.01809,1.809
367.76,0.01809,1.809
367.77,0.01809,1.809
367.78,0.01809,1.809
367.79,0.01809,1.809
367.80,0.01809,1.809
367.81,0.01809,1.809
367.81,0.01809,1.809
367.82,0.01809,1.809
367.83,0.01809,1.809
367.84,0.01809,1.809
367.85,0.01809,1.809
367.86,0.01809,1.809
367.87,0.01809,1.809
367.88,0.01809,1.809
367.89,0.01809,1.809
367.90,0.01809,1.809
367.90,0.01809,1.809
367.91,0.01810,1.810
367.92,0.01810,1.810
367.93,0.01810,1.810
367.94,0.01810,1.810
367.95,0.01810,1.810
367.96,0.01810,1.810
367.97,0.01810,1.810
367.98,0.01810,1.810
367.99,0.01810,1.810
368.00,0.01810,1.810
368.00,0.01810,1.810
368.01,0.01810,1.810
368.02,0.01810,1.810
368.03,0.01810,1.810
368.04,0.01810,1.810
368.05,0.01810,1.810
368.06,0.01810,1.810
368.07,0.01810,1.810
368.08,0.01810,1.810
368.09,0.01810,1.810
368.09,0.01810,1.810
368.10,0.01810,1.810
368.11,0.01810,1.810
368.12,0.01810,1.810
368.13,0.01810,1.810
368.14,0.01810,1.810
368.15,0.01810,1.810
368.16,0.01810,1.810
368.17,0.01810,1.810
368.18,0.01810,1.810
368.19,0.01810,1.810
368.19,0.01810,1.810
368.20,0.01810,1.810
368.21,0.01810,1.810
368.22,0.01810,1.810
368.23,0.01810,1.810
368.24,0.01810,1.810
368.25,0.01810,1.810
368.26,0.01810,1.810
368.27,0.01810,1.810
368.28,0.01810,1.810
368.28,0.01810,1.810
368.29,0.01810,1.810
368.30,0.01810,1.810
368.31,0.01810,1.810
368.32,0.01810,1.810
368.33,0.01810,1.810
368.34,0.01810,1.810
368.35,0.01810,1.810
368.36,0.01810,1.810
368.37,0.01810,1.810
368.38,0.01810,1.810
368.38,0.01810,1.810
368.39,0.01810,1.810
368.40,0.01810,1.810
368.41,0.01810,1.810
368.42,0.01810,1.810
368.43,0.01810,1.810
368.44,0.01810,1.810
368.45,0.01810,1.810
368.46,0.01810,1.810
368.47,0.01810,1.810
368.47,0.01810,1.810
368.48,0.01810,1.810
368.49,0.01810,1.810
368.50,0.01810,1.810
368.51,0.01810,1.810
368.52,0.01810,1.810
368.53,0.01810,1.810
368.54,0.01810,1.810
368.55,0.01810,1.810
368.56,0.01810,1.810
368.57,0.01810,1.810
368.57,0.01810,1.810
368.58,0.01810,1.810
368.59,0.01810,1.810
368.60,0.01810,1.810
368.61,0.01810,1.810
368.62,0.01810,1.810
368.63,0.01810,1.810
368.64,0.01810,1.810
368.65,0.01810,1.810
368.66,0.01810,1.810
368.66,0.01810,1.810
368.67,0.01810,1.810
368.68,0.01810,1.810
368.69,0.01810,1.810
368.70,0.01810,1.810
368.71,0.01810,1.810
368.72,0.01810,1.810
368.73,0.01810,1.810
368.74,0.01810,1.810
368.75,0.01810,1.810
368.75,0.01810,1.810
368.76,0.01810,1.810
368.77,0.01810,1.810
368.78,0.01810,1.810
368.79,0.01810,1.810
368.80,0.01810,1.810
368.81,0.01810,1.810
368.82,0.01810,1.810
368.83,0.01810,1.810
368.84,0.01810,1.810
368.85,0.01810,1.810
368.85,0.01810,1.810
368.86,0.01810,1.810
368.87,0.01810,1.810
368.88,0.01810,1.810
368.89,0.01810,1.810
368.90,0.01810,1.810
368.91,0.01810,1.810
368.92,0.01810,1.810
368.93,0.01810,1.810
368.94,0.01810,1.810
368.94,0.01810,1.810
368.95,0.01810,1.810
368.96,0.01810,1.810
368.97,0.01810,1.810
368.98,0.01810,1.810
368.99,0.01810,1.810
369.00,0.01810,1.810
369.01,0.01810,1.810
369.02,0.01810,1.810
369.03,0.01810,1.810
369.04,0.01810,1.810
369.04,0.01810,1.810
369.05,0.01810,1.810
369.06,0.01810,1.810
369.07,0.01810,1.810
369.08,0.01810,1.810
369.09,0.01810,1.810
369.10,0.01810,1.810
369.11,0.01810,1.810
369.12,0.01810,1.810
369.13,0.01810,1.810
369.13,0.01810,1.810
369.14,0.01810,1.810
369.15,0.01810,1.810
369.16,0.01810,1.810
369.17,0.01810,1.810
369.18,0.01810,1.810
369.19,0.01810,1.810
369.20,0.01810,1.810
369.21,0.01810,1.810
369.22,0.01810,1.810
369.23,0.01810,1.810
369.23,0.01810,1.810
369.24,0.01810,1.810
369.25,0.01810,1.810
369.26,0.01810,1.810
369.27,0.01810,1.810
369.28,0.01810,1.810
369.29,0.01810,1.810
369.30,0.01810,1.810
369.31,0.01810,1.810
369.32,0.01810,1.810
369.32,0.01810,1.810
369.33,0.01810,1.810
369.34,0.01810,1.810
369.35,0.01810,1.810
369.36,0.01810,1.810
369.37,0.01810,1.810
369.38,0.01810,1.810
369.39,0.01810,1.810
369.40,0.01810,1.810
369.41,0.01810,1.810
369.41,0.01810,1.810
369.42,0.01810,1.810
369.43,0.01810,1.810
369.44,0.01810,1.810
369.45,0.01810,1.810
369.46,0.01810,1.810
369.47,0.01810,1.810
369.48,0.01810,1.810
369.49,0.01810,1.810
369.50,0.01810,1.810
369.51,0.01810,1.810
369.51,0.01810,1.810
369.52,0.01810,1.810
369.53,0.01810,1.810
369.54,0.01810,1.810
369.55,0.01810,1.810
369.56,0.01810,1.810
369.57,0.01810,1.810
369.58,0.01810,1.810
369.59,0.01810,1.810
369.60,0.01810,1.810
369.60,0.01810,1.810
369.61,0.01810,1.810
369.62,0.01810,1.810
369.63,0.01810,1.810
369.64,0.01810,1.810
369.65,0.01810,1.810
369.66,0.01810,1.810
369.67,0.01810,1.810
369.68,0.01810,1.810
369.69,0.01810,1.810
369.69,0.01810,1.810
369.70,0.01810,1.810
369.71,0.01810,1.810
369.72,0.01810,1.810
369.73,0.01810,1.810
369.74,0.01810,1.810
369.75,0.01810,1.810
369.76,0.01810,1.810
369.77,0.01810,1.810
369.78,0.01810,1.810
369.79,0.01810,1.810
369.79,0.01810,1.810
369.80,0.01810,1.810
369.81,0.01810,1.810
369.82,0.01810,1.810
369.83,0.01810,1.810
369.84,0.01810,1.810
369.85,0.01810,1.810
369.86,0.01810,1.810
369.87,0.01810,1.810
369.88,0.01810,1.810
369.88,0.01810,1.810
369.89,0.01810,1.810
369.90,0.01810,1.810
369.91,0.01810,1.810
369.92,0.01810,1.810
369.93,0.01810,1.810
369.94,0.01810,1.810
369.95,0.01810,1.810
369.96,0.01810,1.810
369.97,0.01810,1.810
369.98,0.01810,1.810
369.98,0.01810,1.810
369.99,0.01810,1.810
370.00,0.01810,1.810
370.01,0.01810,1.810
370.02,0.01810,1.810
370.03,0.01810,1.810
370.04,0.01810,1.810
370.05,0.01810,1.810
370.06,0.01810,1.810
370.07,0.01810,1.810
370.07,0.01810,1.810
370.08,0.01810,1.810
370.09,0.01810,1.810
370.10,0.01810,1.810
370.11,0.01810,1.810
370.12,0.01810,1.810
370.13,0.01810,1.810
370.14,0.01810,1.810
370.15,0.01810,1.810
370.16,0.01810,1.810
370.17,0.01810,1.810
370.17,0.01810,1.810
370.18,0.01810,1.810
370.19,0.01810,1.810
370.20,0.01810,1.810
370.21,0.01810,1.810
370.22,0.01810,1.810
370.23,0.01810,1.810
370.24,0.01810,1.810
370.25,0.01810,1.810
370.26,0.01810,1.810
370.26,0.01810,1.810
370.27,0.01810,1.810
370.28,0.01810,1.810
370.29,0.01810,1.810
370.30,0.01810,1.810
370.31,0.01810,1.810
370.32,0.01810,1.810
370.33,0.01810,1.810
370.34,0.01810,1.810
370.35,0.01810,1.810
370.36,0.01810,1.810
370.36,0.01810,1.810
370.37,0.01810,1.810
370.38,0.01810,1.810
370.39,0.01810,1.810
370.40,0.01810,1.810
370.41,0.01810,1.810
370.42,0.01810,1.810
370.43,0.01810,1.810
370.44,0.01810,1.810
370.45,0.01810,1.810
370.45,0.01810,1.810
370.46,0.01810,1.810
370.47,0.01810,1.810
370.48,0.01810,1.810
370.49,0.01811,1.811
370.50,0.01811,1.811
370.51,0.01811,1.811
370.52,0.01811,1.811
370.53,0.01811,1.811
370.54,0.01811,1.811
370.55,0.01811,1.811
370.55,0.01811,1.811
370.56,0.01811,1.811
370.57,0.01811,1.811
370.58,0.01811,1.811
370.59,0.01811,1.811
370.60,0.01811,1.811
370.61,0.01811,1.811
370.62,0.01811,1.811
370.63,0.01811,1.811
370.64,0.01811,1.811
370.64,0.01811,1.811
370.65,0.01811,1.811
370.66,0.01811,1.811
370.67,0.01811,1.811
370.68,0.01811,1.811
370.69,0.01811,1.811
370.70,0.01811,1.811
370.71,0.01811,1.811
370.72,0.01811,1.811
370.73,0.01811,1.811
370.74,0.01811,1.811
370.74,0.01811,1.811
370.75,0.01811,1.811
370.76,0.01811,1.811
370.77,0.01811,1.811
370.78,0.01811,1.811
370.79,0.01811,1.811
370.80,0.01811,1.811
370.81,0.01811,1.811
370.82,0.01811,1.811
370.83,0.01811,1.811
370.83,0.01811,1.811
370.84,0.01811,1.811
370.85,0.01811,1.811
370.86,0.01811,1.811
370.87,0.01811,1.811
370.88,0.01811,1.811
370.89,0.01811,1.811
370.90,0.01811,1.811
370.91,0.01811,1.811
370.92,0.01811,1.811
370.93,0.01811,1.811
370.93,0.01811,1.811
370.94,0.01811,1.811
370.95,0.01811,1.811
370.96,0.01811,1.811
370.97,0.01811,1.811
370.98,0.01811,1.811
370.99,0.01811,1.811
371.00,0.01811,1.811
371.01,0.01811,1.811
371.02,0.01811,1.811
371.02,0.01811,1.811
371.03,0.01811,1.811
371.04,0.01811,1.811
371.05,0.01811,1.811
371.06,0.01811,1.811
371.07,0.01811,1.811
371.08,0.01811,1.811
371.09,0.01811,1.811
371.10,0.01811,1.811
371.11,0.01811,1.811
371.11,0.01811,1.811
371.12,0.01811,1.811
371.13,0.01811,1.811
371.14,0.01811,1.811
371.15,0.01811,1.811
371.16,0.01811,1.811
371.17,0.01811,1.811
371.18,0.01811,1.811
371.19,0.01811,1.811
371.20,0.01811,1.811
371.21,0.01811,1.811
371.21,0.01811,1.811
371.22,0.01811,1.811
371.23,0.01811,1.811
371.24,0.01811,1.811
371.25,0.01811,1.811
371.26,0.01811,1.811
371.27,0.01811,1.811
371.28,0.01811,1.811
371.29,0.01811,1.811
371.30,0.01811,1.811
371.30,0.01811,1.811
371.31,0.01811,1.811
371.32,0.01811,1.811
371.33,0.01811,1.811
371.34,0.01811,1.811
371.35,0.01811,1.811
371.36,0.01811,1.811
371.37,0.01811,1.811
371.38,0.01811,1.811
371.39,0.01811,1.811
371.40,0.01811,1.811
371.40,0.01811,1.811
371.41,0.01811,1.811
371.42,0.01811,1.811
371.43,0.01811,1.811
371.44,0.01811,1.811
371.45,0.01811,1.811
371.46,0.01811,1.811
371.47,0.01811,1.811
371.48,0.01811,1.811
371.49,0.01811,1.811
371.49,0.01811,1.811
371.50,0.01811,1.811
371.51,0.01811,1.811
371.52,0.01811,1.811
371.53,0.01811,1.811
371.54,0.01811,1.811
371.55,0.01811,1.811
371.56,0.01811,1.811
371.57,0.01811,1.811
371.58,0.01811,1.811
371.58,0.01811,1.811
371.59,0.01811,1.811
371.60,0.01811,1.811
371.61,0.01811,1.811
371.62,0.01811,1.811
371.63,0.01811,1.811
371.64,0.01811,1.811
371.65,0.01811,1.811
371.66,0.01811,1.811
371.67,0.01811,1.811
371.68,0.01811,1.811
371.68,0.01811,1.811
371.69,0.01811,1.811
371.70,0.01811,1.811
371.71,0.01811,1.811
371.72,0.01811,1.811
371.73,0.01811,1.811
371.74,0.01811,1.811
371.75,0.01811,1.811
371.76,0.01811,1.811
371.77,0.01811,1.811
371.77,0.01811,1.811
371.78,0.01811,1.811
371.79,0.01811,1.811
371.80,0.01811,1.811
371.81,0.01811,1.811
371.82,0.01811,1.811
371.83,0.01811,1.811
371.84,0.01811,1.811
371.85,0.01811,1.811
371.86,0.01811,1.811
371.86,0.01811,1.811
371.87,0.01811,1.811
371.88,0.01811,1.811
371.89,0.01811,1.811
371.90,0.01811,1.811
371.91,0.01811,1.811
371.92,0.01811,1.811
371.93,0.01811,1.811
371.94,0.01811,1.811
371.95,0.01811,1.811
371.96,0.01811,1.811
371.96,0.01811,1.811
371.97,0.01811,1.811
371.98,0.01811,1.811
371.99,0.01811,1.811
372.00,0.01811,1.811
372.01,0.01811,1.811
372.02,0.01811,1.811
372.03,0.01811,1.811
372.04,0.01811,1.811
372.05,0.01811,1.811
372.05,0.01811,1.811
372.06,0.01811,1.811
372.07,0.01811,1.811
372.08,0.01811,1.811
372.09,0.01811,1.811
372.10,0.01811,1.811
372.11,0.01811,1.811
372.12,0.01811,1.811
372.13,0.01811,1.811
372.14,0.01811,1.811
372.15,0.01811,1.811
372.15,0.01811,1.811
372.16,0.01811,1.811
372.17,0.01811,1.811
372.18,0.01811,1.811
372.19,0.01811,1.811
372.20,0.01811,1.811
372.21,0.01811,1.811
372.22,0.01811,1.811
372.23,0.01811,1.811
372.24,0.01811,1.811
372.25,0.01811,1.811
372.25,0.01811,1.811
372.26,0.01811,1.811
372.27,0.01811,1.811
372.28,0.01811,1.811
372.29,0.01811,1.811
372.30,0.01811,1.811
372.31,0.01811,1.811
372.32,0.01811,1.811
372.33,0.01811,1.811
372.34,0.01811,1.811
372.34,0.01811,1.811
372.35,0.01811,1.811
372.36,0.01811,1.811
372.37,0.01811,1.811
372.38,0.01811,1.811
372.39,0.01811,1.811
372.40,0.01811,1.811
372.41,0.01811,1.811
372.42,0.01811,1.811
372.43,0.01811,1.811
372.44,0.01811,1.811
372.44,0.01811,1.811
372.45,0.01811,1.811
372.46,0.01811,1.811
372.47,0.01811,1.811
372.48,0.01811,1.811
372.49,0.01811,1.811
372.50,0.01811,1.811
372.51,0.01811,1.811
372.52,0.01811,1.811
372.53,0.01811,1.811
372.53,0.01811,1.811
372.54,0.01811,1.811
372.55,0.01811,1.811
372.56,0.01811,1.811
372.57,0.01811,1.811
372.58,0.01811,1.811
372.59,0.01811,1.811
372.60,0.01811,1.811
372.61,0.01811,1.811
372.62,0.01811,1.811
372.63,0.01811,1.811
372.63,0.01811,1.811
372.64,0.01811,1.811
372.65,0.01811,1.811
372.66,0.01811,1.811
372.67,0.01811,1.811
372.68,0.01811,1.811
372.69,0.01811,1.811
372.70,0.01811,1.811
372.71,0.01811,1.811
372.72,0.01811,1.811
372.72,0.01811,1.811
372.73,0.01811,1.811
372.74,0.01811,1.811
372.75,0.01811,1.811
372.76,0.01811,1.811
372.77,0.01811,1.811
372.78,0.01811,1.811
372.79,0.01811,1.811
372.80,0.01811,1.811
372.81,0.01811,1.811
372.82,0.01811,1.811
372.82,0.01811,1.811
372.83,0.01811,1.811
372.84,0.01811,1.811
372.85,0.01811,1.811
372.86,0.01811,1.811
372.87,0.01811,1.811
372.88,0.01811,1.811
372.89,0.01811,1.811
372.90,0.01811,1.811
372.91,0.01811,1.811
372.91,0.01811,1.811
372.92,0.01811,1.811
372.93,0.01811,1.811
372.94,0.01811,1.811
372.95,0.01811,1.811
372.96,0.01811,1.811
372.97,0.01811,1.811
372.98,0.01811,1.811
372.99,0.01811,1.811
373.00,0.01811,1.811
373.01,0.01811,1.811
373.01,0.01811,1.811
373.02,0.01811,1.811
373.03,0.01811,1.811
373.04,0.01811,1.811
373.05,0.01811,1.811
373.06,0.01811,1.811
373.07,0.01811,1.811
373.08,0.01811,1.811
373.09,0.01811,1.811
373.10,0.01811,1.811
373.10,0.01811,1.811
373.11,0.01811,1.811
373.12,0.01811,1.811
373.13,0.01812,1.812
373.14,0.01812,1.812
373.15,0.01812,1.812
373.16,0.01812,1.812
373.17,0.01812,1.812
373.18,0.01812,1.812
373.19,0.01812,1.812
373.19,0.01812,1.812
373.20,0.01812,1.812
373.21,0.01812,1.812
373.22,0.01812,1.812
373.23,0.01812,1.812
373.24,0.01812,1.812
373.25,0.01812,1.812
373.26,0.01812,1.812
373.27,0.01812,1.812
373.28,0.01812,1.812
373.29,0.01812,1.812
373.29,0.01812,1.812
373.30,0.01812,1.812
373.31,0.01812,1.812
373.32,0.01812,1.812
373.33,0.01812,1.812
373.34,0.01812,1.812
373.35,0.01812,1.812
373.36,0.01812,1.812
373.37,0.01812,1.812
373.38,0.01812,1.812
373.38,0.01812,1.812
373.39,0.01812,1.812
373.40,0.01812,1.812
373.41,0.01812,1.812
373.42,0.01812,1.812
373.43,0.01812,1.812
373.44,0.01812,1.812
373.45,0.01812,1.812
373.46,0.01812,1.812
373.47,0.01812,1.812
373.47,0.01812,1.812
373.48,0.01812,1.812
373.49,0.01812,1.812
373.50,0.01812,1.812
373.51,0.01812,1.812
373.52,0.01812,1.812
373.53,0.01812,1.812
373.54,0.01812,1.812
373.55,0.01812,1.812
373.56,0.01812,1.812
373.57,0.01812,1.812
373.57,0.01812,1.812
373.58,0.01812,1.812
373.59,0.01812,1.812
373.60,0.01812,1.812
373.61,0.01812,1.812
373.62,0.01812,1.812
373.63,0.01812,1.812
373.64,0.01812,1.812
373.65,0.01812,1.812
373.66,0.01812,1.812
373.66,0.01812,1.812
373.67,0.01812,1.812
373.68,0.01812,1.812
373.69,0.01812,1.812
373.70,0.01812,1.812
373.71,0.01812,1.812
373.72,0.01812,1.812
373.73,0.01812,1.812
373.74,0.01812,1.812
373.75,0.01812,1.812
373.76,0.01812,1.812
373.76,0.01812,1.812
373.77,0.01812,1.812
373.78,0.01812,1.812
373.79,0.01812,1.812
373.80,0.01812,1.812
373.81,0.01812,1.812
373.82,0.01812,1.812
373.83,0.01812,1.812
373.84,0.01812,1.812
373.85,0.01812,1.812
373.85,0.01812,1.812
373.86,0.01812,1.812
373.87,0.01812,1.812
373.88,0.01812,1.812
373.89,0.01812,1.812
373.90,0.01812,1.812
373.91,0.01812,1.812
373.92,0.01812,1.812
373.93,0.01812,1.812
373.94,0.01812,1.812
373.94,0.01812,1.812
373.95,0.01812,1.812
373.96,0.01812,1.812
373.97,0.01812,1.812
373.98,0.01812,1.812
373.99,0.01812,1.812
374.00,0.01812,1.812
374.01,0.01812,1.812
374.02,0.01812,1.812
374.03,0.01812,1.812
374.04,0.01812,1.812
374.04,0.01812,1.812
374.05,0.01812,1.812
374.06,0.01812,1.812
374.07,0.01812,1.812
374.08,0.01812,1.812
374.09,0.01812,1.812
374.10,0.01812,1.812
374.11,0.01812,1.812
374.12,0.01812,1.812
374.13,0.01812,1.812
374.14,0.01812,1.812
374.14,0.01812,1.812
374.15,0.01812,1.812
374.16,0.01812,1.812
374.17,0.01812,1.812
374.18,0.01812,1.812
374.19,0.01812,1.812
374.20,0.01812,1.812
374.21,0.01812,1.812
374.22,0.01812,1.812
374.23,0.01812,1.812
374.23,0.01812,1.812
374.24,0.01812,1.812
374.25,0.01812,1.812
374.26,0.01812,1.812
374.27,0.01812,1.812
374.28,0.01812,1.812
374.29,0.01812,1.812
374.30,0.01812,1.812
374.31,0.01812,1.812
374.32,0.01812,1.812
374.33,0.01812,1.812
374.33,0.01812,1.812
374.34,0.01812,1.812
374.35,0.01812,1.812
374.36,0.01812,1.812
374.37,0.01812,1.812
374.38,0.01812,1.812
374.39,0.01812,1.812
374.40,0.01812,1.812
374.41,0.01812,1.812
374.42,0.01812,1.812
374.42,0.01812,1.812
374.43,0.01812,1.812
374.44,0.01812,1.812
374.45,0.01812,1.812
374.46,0.01812,1.812
374.47,0.01812,1.812
374.48,0.01812,1.812
374.49,0.01812,1.812
374.50,0.01812,1.812
374.51,0.01812,1.812
374.52,0.01812,1.812
374.52,0.01812,1.812
374.53,0.01812,1.812
374.54,0.01812,1.812
374.55,0.01812,1.812
374.56,0.01812,1.812
374.57,0.01812,1.812
374.58,0.01812,1.812
374.59,0.01812,1.812
374.60,0.01812,1.812
374.61,0.01812,1.812
374.61,0.01812,1.812
374.62,0.01812,1.812
374.63,0.01812,1.812
374.64,0.01812,1.812
374.65,0.01812,1.812
374.66,0.01812,1.812
374.67,0.01812,1.812
374.68,0.01812,1.812
374.69,0.01812,1.812
374.70,0.01812,1.812
374.71,0.01812,1.812
374.71,0.01812,1.812
374.72,0.01812,1.812
374.73,0.01812,1.812
374.74,0.01812,1.812
374.75,0.01812,1.812
374.76,0.01812,1.812
374.77,0.01812,1.812
374.78,0.01812,1.812
374.79,0.01812,1.812
374.80,0.01812,1.812
374.81,0.01812,1.812
374.81,0.01812,1.812
374.82,0.01812,1.812
374.83,0.01812,1.812
374.84,0.01812,1.812
374.85,0.01812,1.812
374.86,0.01812,1.812
374.87,0.01812,1.812
374.88,0.01812,1.812
374.89,0.01812,1.812
374.90,0.01812,1.812
374.90,0.01812,1.812
374.91,0.01812,1.812
374.92,0.01812,1.812
374.93,0.01812,1.812
374.94,0.01812,1.812
374.95,0.01812,1.812
374.96,0.01812,1.812
374.97,0.01812,1.812
374.98,0.01812,1.812
374.99,0.01812,1.812
374.99,0.01812,1.812
375.00,0.01812,1.812
375.01,0.01812,1.812
375.02,0.01812,1.812
375.03,0.01812,1.812
375.04,0.01812,1.812
375.05,0.01812,1.812
375.06,0.01812,1.812
375.07,0.01812,1.812
375.08,0.01812,1.812
375.09,0.01812,1.812
375.09,0.01812,1.812
375.10,0.01812,1.812
375.11,0.01812,1.812
375.12,0.01812,1.812
375.13,0.01812,1.812
375.14,0.01812,1.812
375.15,0.01812,1.812
375.16,0.01812,1.812
375.17,0.01812,1.812
375.18,0.01812,1.812
375.18,0.01812,1.812
375.19,0.01812,1.812
375.20,0.01812,1.812
375.21,0.01812,1.812
375.22,0.01812,1.812
375.23,0.01812,1.812
375.24,0.01812,1.812
375.25,0.01812,1.812
375.26,0.01812,1.812
375.27,0.01812,1.812
375.28,0.01812,1.812
375.28,0.01812,1.812
375.29,0.01812,1.812
375.30,0.01812,1.812
375.31,0.01812,1.812
375.32,0.01812,1.812
375.33,0.01812,1.812
375.34,0.01812,1.812
375.35,0.01812,1.812
375.36,0.01812,1.812
375.37,0.01812,1.812
375.37,0.01812,1.812
375.38,0.01812,1.812
375.39,0.01812,1.812
375.40,0.01812,1.812
375.41,0.01812,1.812
375.42,0.01812,1.812
375.43,0.01812,1.812
375.44,0.01812,1.812
375.45,0.01812,1.812
375.46,0.01812,1.812
375.47,0.01812,1.812
375.47,0.01812,1.812
375.48,0.01812,1.812
375.49,0.01812,1.812
375.50,0.01812,1.812
375.51,0.01812,1.812
375.52,0.01812,1.812
375.53,0.01812,1.812
375.54,0.01812,1.812
375.55,0.01812,1.812
375.56,0.01812,1.812
375.56,0.01812,1.812
375.57,0.01812,1.812
375.58,0.01812,1.812
375.59,0.01812,1.812
375.60,0.01812,1.812
375.61,0.01812,1.812
375.62,0.01812,1.812
375.63,0.01812,1.812
375.64,0.01812,1.812
375.65,0.01812,1.812
375.65,0.01812,1.812
375.66,0.01812,1.812
375.67,0.01812,1.812
375.68,0.01812,1.812
375.69,0.01812,1.812
375.70,0.01812,1.812
375.71,0.01812,1.812
375.72,0.01812,1.812
375.73,0.01812,1.812
375.74,0.01812,1.812
375.75,0.01812,1.812
375.75,0.01812,1.812
375.76,0.01812,1.812
375.77,0.01812,1.812
375.78,0.01812,1.812
375.79,0.01812,1.812
375.80,0.01812,1.812
375.81,0.01812,1.812
375.82,0.01813,1.813
375.83,0.01813,1.813
375.84,0.01813,1.813
375.84,0.01813,1.813
375.85,0.01813,1.813
375.86,0.01813,1.813
375.87,0.01813,1.813
375.88,0.01813,1.813
375.89,0.01813,1.813
375.90,0.01813,1.813
375.91,0.01813,1.813
375.92,0.01813,1.813
375.93,0.01813,1.813
375.94,0.01813,1.813
375.94,0.01813,1.813
375.95,0.01813,1.813
375.96,0.01813,1.813
375.97,0.01813,1.813
375.98,0.01813,1.813
375.99,0.01813,1.813
376.00,0.01813,1.813
376.01,0.01813,1.813
376.02,0.01813,1.813
376.03,0.01813,1.813
376.03,0.01813,1.813
376.04,0.01813,1.813
376.05,0.01813,1.813
376.06,0.01813,1.813
376.07,0.01813,1.813
376.08,0.01813,1.813
376.09,0.01813,1.813
376.10,0.01813,1.813
376.11,0.01813,1.813
376.12,0.01813,1.813
376.13,0.01813,1.813
376.13,0.01813,1.813
376.14,0.01813,1.813
376.15,0.01813,1.813
376.16,0.01813,1.813
376.17,0.01813,1.813
376.18,0.01813,1.813
376.19,0.01813,1.813
376.20,0.01813,1.813
376.21,0.01813,1.813
376.22,0.01813,1.813
376.22,0.01813,1.813
376.23,0.01813,1.813
376.24,0.01813,1.813
376.25,0.01813,1.813
376.26,0.01813,1.813
376.27,0.01813,1.813
376.28,0.01813,1.813
376.29,0.01813,1.813
376.30,0.01813,1.813
376.31,0.01813,1.813
376.32,0.01813,1.813
376.32,0.01813,1.813
376.33,0.01813,1.813
376.34,0.01813,1.813
376.35,0.01813,1.813
376.36,0.01813,1.813
376.37,0.01813,1.813
376.38,0.01813,1.813
376.39,0.01813,1.813
376.40,0.01813,1.813
376.41,0.01813,1.813
376.41,0.01813,1.813
376.42,0.01813,1.813
376.43,0.01813,1.813
376.44,0.01813,1.813
376.45,0.01813,1.813
376.46,0.01813,1.813
376.47,0.01813,1.813
376.48,0.01813,1.813
376.49,0.01813,1.813
376.50,0.01813,1.813
376.51,0.01813,1.813
376.51,0.01813,1.813
376.52,0.01813,1.813
376.53,0.01813,1.813
376.54,0.01813,1.813
376.55,0.01813,1.813
376.56,0.01813,1.813
376.57,0.01813,1.813
376.58,0.01813,1.813
376.59,0.01813,1.813
376.60,0.01813,1.813
376.60,0.01813,1.813
376.61,0.01813,1.813
376.62,0.01813,1.813
376.63,0.01813,1.813
376.64,0.01813,1.813
376.65,0.01813,1.813
376.66,0.01813,1.813
376.67,0.01813,1.813
376.68,0.01813,1.813
376.69,0.01813,1.813
376.70,0.01813,1.813
376.70,0.01813,1.813
376.71,0.01813,1.813
376.72,0.01813,1.813
376.73,0.01813,1.813
376.74,0.01813,1.813
376.75,0.01813,1.813
376.76,0.01813,1.813
376.77,0.01813,1.813
376.78,0.01813,1.813
376.79,0.01813,1.813
376.79,0.01813,1.813
376.80,0.01813,1.813
376.81,0.01813,1.813
376.82,0.01813,1.813
376.83,0.01813,1.813
376.84,0.01813,1.813
376.85,0.01813,1.813
376.86,0.01813,1.813
376.87,0.01813,1.813
376.88,0.01813,1.813
376.89,0.01813,1.813
376.89,0.01813,1.813
376.90,0.01813,1.813
376.91,0.01813,1.813
376.92,0.01813,1.813
376.93,0.01813,1.813
376.94,0.01813,1.813
376.95,0.01813,1.813
376.96,0.01813,1.813
376.97,0.01813,1.813
376.98,0.01813,1.813
376.98,0.01813,1.813
376.99,0.01813,1.813
377.00,0.01813,1.813
377.01,0.01813,1.813
377.02,0.01813,1.813
377.03,0.01813,1.813
377.04,0.01813,1.813
377.05,0.01813,1.813
377.06,0.01813,1.813
377.07,0.01813,1.813
377.08,0.01813,1.813
377.08,0.01813,1.813
377.09,0.01813,1.813
377.10,0.01813,1.813
377.11,0.01813,1.813
377.12,0.01813,1.813
377.13,0.01813,1.813
377.14,0.01813,1.813
377.15,0.01813,1.813
377.16,0.01813,1.813
377.17,0.01813,1.813
377.17,0.01813,1.813
377.18,0.01813,1.813
377.19,0.01813,1.813
377.20,0.01813,1.813
377.21,0.01813,1.813
377.22,0.01813,1.813
377.23,0.01813,1.813
377.24,0.01813,1.813
377.25,0.01813,1.813
377.26,0.01813,1.813
377.27,0.01813,1.813
377.27,0.01813,1.813
377.28,0.01813,1.813
377.29,0.01813,1.813
377.30,0.01813,1.813
377.31,0.01813,1.813
377.32,0.01813,1.813
377.33,0.01813,1.813
377.34,0.01813,1.813
377.35,0.01813,1.813
377.36,0.01813,1.813
377.36,0.01813,1.813
377.37,0.01813,1.813
377.38,0.01813,1.813
377.39,0.01813,1.813
377.40,0.01813,1.813
377.41,0.01813,1.813
377.42,0.01813,1.813
377.43,0.01813,1.813
377.44,0.01813,1.813
377.45,0.01813,1.813
377.46,0.01813,1.813
377.46,0.01813,1.813
377.47,0.01813,1.813
377.48,0.01813,1.813
377.49,0.01813,1.813
377.50,0.01813,1.813
377.51,0.01813,1.813
377.52,0.01813,1.813
377.53,0.01813,1.813
377.54,0.01813,1.813
377.55,0.01813,1.813
377.55,0.01813,1.813
377.56,0.01813,1.813
377.57,0.01813,1.813
377.58,0.01813,1.813
377.59,0.01813,1.813
377.60,0.01813,1.813
377.61,0.01813,1.813
377.62,0.01813,1.813
377.63,0.01813,1.813
377.64,0.01813,1.813
377.64,0.01813,1.813
377.65,0.01813,1.813
377.66,0.01813,1.813
377.67,0.01813,1.813
377.68,0.01813,1.813
377.69,0.01813,1.813
377.70,0.01813,1.813
377.71,0.01813,1.813
377.72,0.01813,1.813
377.73,0.01813,1.813
377.74,0.01813,1.813
377.74,0.01813,1.813
377.75,0.01813,1.813
377.76,0.01813,1.813
377.77,0.01813,1.813
377.78,0.01813,1.813
377.79,0.01813,1.813
377.80,0.01813,1.813
377.81,0.01813,1.813
377.82,0.01813,1.813
377.83,0.01813,1.813
377.83,0.01813,1.813
377.84,0.01813,1.813
377.85,0.01813,1.813
377.86,0.01813,1.813
377.87,0.01813,1.813
377.88,0.01813,1.813
377.89,0.01813,1.813
377.90,0.01813,1.813
377.91,0.01813,1.813
377.92,0.01813,1.813
377.93,0.01813,1.813
377.93,0.01813,1.813
377.94,0.01813,1.813
377.95,0.01813,1.813
377.96,0.01813,1.813
377.97,0.01813,1.813
377.98,0.01813,1.813
377.99,0.01813,1.813
378.00,0.01813,1.813
378.01,0.01813,1.813
378.02,0.01813,1.813
378.02,0.01813,1.813
378.03,0.01813,1.813
378.04,0.01813,1.813
378.05,0.01813,1.813
378.06,0.01813,1.813
378.07,0.01813,1.813
378.08,0.01813,1.813
378.09,0.01813,1.813
378.10,0.01813,1.813
378.11,0.01813,1.813
378.12,0.01813,1.813
378.12,0.01813,1.813
378.13,0.01813,1.813
378.14,0.01813,1.813
378.15,0.01813,1.813
378.16,0.01813,1.813
378.17,0.01813,1.813
378.18,0.01813,1.813
378.19,0.01813,1.813
378.20,0.01813,1.813
378.21,0.01813,1.813
378.21,0.01813,1.813
378.22,0.01813,1.813
378.23,0.01813,1.813
378.24,0.01813,1.813
378.25,0.01813,1.813
378.26,0.01813,1.813
378.27,0.01813,1.813
378.28,0.01813,1.813
378.29,0.01813,1.813
378.30,0.01813,1.813
378.31,0.01813,1.813
378.31,0.01813,1.813
378.32,0.01813,1.813
378.33,0.01813,1.813
378.34,0.01813,1.813
378.35,0.01813,1.813
378.36,0.01813,1.813
378.37,0.01813,1.813
378.38,0.01813,1.813
378.39,0.01813,1.813
378.40,0.01813,1.813
378.40,0.01813,1.813
378.41,0.01813,1.813
378.42,0.01813,1.813
378.43,0.01813,1.813
378.44,0.01813,1.813
378.45,0.01813,1.813
378.46,0.01813,1.813
378.47,0.01813,1.813
378.48,0.01813,1.813
378.49,0.01813,1.813
378.49,0.01813,1.813
378.50,0.01813,1.813
378.51,0.01813,1.813
378.52,0.01814,1.814
378.53,0.01814,1.814
378.54,0.01814,1.814
378.55,0.01814,1.814
378.56,0.01814,1.814
378.57,0.01814,1.814
378.58,0.01814,1.814
378.59,0.01814,1.814
378.59,0.01814,1.814
378.60,0.01814,1.814
378.61,0.01814,1.814
378.62,0.01814,1.814
378.63,0.01814,1.814
378.64,0.01814,1.814
378.65,0.01814,1.814
378.66,0.01814,1.814
378.67,0.01814,1.814
378.68,0.01814,1.814
378.68,0.01814,1.814
378.69,0.01814,1.814
378.70,0.01814,1.814
378.71,0.01814,1.814
378.72,0.01814,1.814
378.73,0.01814,1.814
378.74,0.01814,1.814
378.75,0.01814,1.814
378.76,0.01814,1.814
378.77,0.01814,1.814
378.78,0.01814,1.814
378.78,0.01814,1.814
378.79,0.01814,1.814
378.80,0.01814,1.814
378.81,0.01814,1.814
378.82,0.01814,1.814
378.83,0.01814,1.814
378.84,0.01814,1.814
378.85,0.01814,1.814
378.86,0.01814,1.814
378.87,0.01814,1.814
378.87,0.01814,1.814
378.88,0.01814,1.814
378.89,0.01814,1.814
378.90,0.01814,1.814
378.91,0.01814,1.814
378.92,0.01814,1.814
378.93,0.01814,1.814
378.94,0.01814,1.814
378.95,0.01814,1.814
378.96,0.01814,1.814
378.97,0.01814,1.814
378.97,0.01814,1.814
378.98,0.01814,1.814
378.99,0.01814,1.814
379.00,0.01814,1.814
379.01,0.01814,1.814
379.02,0.01814,1.814
379.03,0.01814,1.814
379.04,0.01814,1.814
379.05,0.01814,1.814
379.06,0.01814,1.814
379.06,0.01814,1.814
379.07,0.01814,1.814
379.08,0.01814,1.814
379.09,0.01814,1.814
379.10,0.01814,1.814
379.11,0.01814,1.814
379.12,0.01814,1.814
379.13,0.01814,1.814
379.14,0.01814,1.814
379.15,0.01814,1.814
379.16,0.01814,1.814
379.16,0.01814,1.814
379.17,0.01814,1.814
379.18,0.01814,1.814
379.19,0.01814,1.814
379.20,0.01814,1.814
379.21,0.01814,1.814
379.22,0.01814,1.814
379.23,0.01814,1.814
379.24,0.01814,1.814
379.25,0.01814,1.814
379.25,0.01814,1.814
379.26,0.01814,1.814
379.27,0.01814,1.814
379.28,0.01814,1.814
379.29,0.01814,1.814
379.30,0.01814,1.814
379.31,0.01814,1.814
379.32,0.01814,1.814
379.33,0.01814,1.814
379.34,0.01814,1.814
379.35,0.01814,1.814
379.35,0.01814,1.814
379.36,0.01814,1.814
379.37,0.01814,1.814
379.38,0.01814,1.814
379.39,0.01814,1.814
379.40,0.01814,1.814
379.41,0.01814,1.814
379.42,0.01814,1.814
379.43,0.01814,1.814
379.44,0.01814,1.814
379.44,0.01814,1.814
379.45,0.01814,1.814
379.46,0.01814,1.814
379.47,0.01814,1.814
379.48,0.01814,1.814
379.49,0.01814,1.814
379.50,0.01814,1.814
379.51,0.01814,1.814
379.52,0.01814,1.814
379.53,0.01814,1.814
379.54,0.01814,1.814
379.54,0.01814,1.814
379.55,0.01814,1.814
379.56,0.01814,1.814
379.57,0.01814,1.814
379.58,0.01814,1.814
379.59,0.01814,1.814
379.60,0.01814,1.814
379.61,0.01814,1.814
379.62,0.01814,1.814
379.63,0.01814,1.814
379.63,0.01814,1.814
379.64,0.01814,1.814
379.65,0.01814,1.814
379.66,0.01814,1.814
379.67,0.01814,1.814
379.68,0.01814,1.814
379.69,0.01814,1.814
379.70,0.01814,1.814
379.71,0.01814,1.814
379.72,0.01814,1.814
379.73,0.01814,1.814
379.73,0.01814,1.814
379.74,0.01814,1.814
379.75,0.01814,1.814
379.76,0.01814,1.814
379.77,0.01814,1.814
379.78,0.01814,1.814
379.79,0.01814,1.814
379.80,0.01814,1.814
379.81,0.01814,1.814
379.82,0.01814,1.814
379.82,0.01814,1.814
379.83,0.01814,1.814
379.84,0.01814,1.814
379.85,0.01814,1.814
379.86,0.01814,1.814
379.87,0.01814,1.814
379.88,0.01814,1.814
379.89,0.01814,1.814
379.90,0.01814,1.814
379.91,0.01814,1.814
379.92,0.01814,1.814
379.92,0.01814,1.814
379.93,0.01814,1.814
379.94,0.01814,1.814
379.95,0.01814,1.814
379.96,0.01814,1.814
379.97,0.01814,1.814
379.98,0.01814,1.814
379.99,0.01814,1.814
380.00,0.01814,1.814
380.01,0.01814,1.814
380.01,0.01814,1.814
380.02,0.01814,1.814
380.03,0.01814,1.814
380.04,0.01814,1.814
380.05,0.01814,1.814
380.06,0.01814,1.814
380.07,0.01814,1.814
380.08,0.01814,1.814
380.09,0.01814,1.814
380.10,0.01814,1.814
380.11,0.01814,1.814
380.11,0.01814,1.814
380.12,0.01814,1.814
380.13,0.01814,1.814
380.14,0.01814,1.814
380.15,0.01814,1.814
380.16,0.01814,1.814
380.17,0.01814,1.814
380.18,0.01814,1.814
380.19,0.01814,1.814
380.20,0.01814,1.814
380.20,0.01814,1.814
380.21,0.01814,1.814
380.22,0.01814,1.814
380.23,0.01814,1.814
380.24,0.01814,1.814
380.25,0.01814,1.814
380.26,0.01814,1.814
380.27,0.01814,1.814
380.28,0.01814,1.814
380.29,0.01814,1.814
380.29,0.01814,1.814
380.30,0.01814,1.814
380.31,0.01814,1.814
380.32,0.01814,1.814
380.33,0.01814,1.814
380.34,0.01814,1.814
380.35,0.01814,1.814
380.36,0.01814,1.814
380.37,0.01814,1.814
380.38,0.01814,1.814
380.39,0.01814,1.814
380.39,0.01814,1.814
380.40,0.01814,1.814
380.41,0.01814,1.814
380.42,0.01814,1.814
380.43,0.01814,1.814
380.44,0.01814,1.814
380.45,0.01814,1.814
380.46,0.01814,1.814
380.47,0.01814,1.814
380.48,0.01814,1.814
380.48,0.01814,1.814
380.49,0.01814,1.814
380.50,0.01814,1.814
380.51,0.01814,1.814
380.52,0.01814,1.814
380.53,0.01814,1.814
380.54,0.01814,1.814
380.55,0.01814,1.814
380.56,0.01814,1.814
380.57,0.01814,1.814
380.58,0.01814,1.814
380.58,0.01814,1.814
380.59,0.01814,1.814
380.60,0.01814,1.814
380.61,0.01814,1.814
380.62,0.01814,1.814
380.63,0.01814,1.814
380.64,0.01814,1.814
380.65,0.01814,1.814
380.66,0.01814,1.814
380.67,0.01814,1.814
380.67,0.01814,1.814
380.68,0.01814,1.814
380.69,0.01814,1.814
380.70,0.01814,1.814
380.71,0.01814,1.814
380.72,0.01814,1.814
380.73,0.01814,1.814
380.74,0.01814,1.814
380.75,0.01814,1.814
380.76,0.01814,1.814
380.77,0.01814,1.814
380.77,0.01814,1.814
380.78,0.01814,1.814
380.79,0.01814,1.814
380.80,0.01814,1.814
380.81,0.01814,1.814
380.82,0.01814,1.814
380.83,0.01814,1.814
380.84,0.01814,1.814
380.85,0.01814,1.814
380.86,0.01814,1.814
380.86,0.01814,1.814
380.87,0.01814,1.814
380.88,0.01814,1.814
380.89,0.01814,1.814
380.90,0.01814,1.814
380.91,0.01814,1.814
380.92,0.01814,1.814
380.93,0.01814,1.814
380.94,0.01814,1.814
380.95,0.01814,1.814
380.96,0.01814,1.814
380.96,0.01814,1.814
380.97,0.01814,1.814
380.98,0.01814,1.814
380.99,0.01814,1.814
381.00,0.01814,1.814
381.01,0.01814,1.814
381.02,0.01814,1.814
381.03,0.01814,1.814
381.04,0.01814,1.814
381.05,0.01814,1.814
381.05,0.01814,1.814
381.06,0.01814,1.814
381.07,0.01814,1.814
381.08,0.01814,1.814
381.09,0.01814,1.814
381.10,0.01814,1.814
381.11,0.01814,1.814
381.12,0.01814,1.814
381.13,0.01814,1.814
381.14,0.01814,1.814
381.15,0.01814,1.814
381.15,0.01814,1.814
381.16,0.01814,1.814
381.17,0.01814,1.814
381.18,0.01814,1.814
381.19,0.01814,1.814
381.20,0.01814,1.814
381.21,0.01814,1.814
381.22,0.01814,1.814
381.23,0.01814,1.814
381.24,0.01814,1.814
381.24,0.01814,1.814
381.25,0.01814,1.814
381.26,0.01814,1.814
381.27,0.01814,1.814
381.28,0.01814,1.814
381.29,0.01814,1.814
381.30,0.01814,1.814
381.31,0.01814,1.814
381.32,0.01814,1.814
381.33,0.01814,1.814
381.34,0.01814,1.814
381.34,0.01814,1.814
381.35,0.01814,1.814
381.36,0.01814,1.814
381.37,0.01814,1.814
381.38,0.01814,1.814
381.39,0.01814,1.814
381.40,0.01814,1.814
381.41,0.01814,1.814
381.42,0.01814,1.814
381.43,0.01814,1.814
381.44,0.01814,1.814
381.44,0.01814,1.814
381.45,0.01814,1.814
381.46,0.01814,1.814
381.47,0.01814,1.814
381.48,0.01814,1.814
381.49,0.01814,1.814
381.50,0.01814,1.814
381.51,0.01814,1.814
381.52,0.01814,1.814
381.53,0.01814,1.814
381.53,0.01814,1.814
381.54,0.01814,1.814
381.55,0.01814,1.814
381.56,0.01814,1.814
381.57,0.01814,1.814
381.58,0.01814,1.814
381.59,0.01814,1.814
381.60,0.01814,1.814
381.61,0.01814,1.814
381.62,0.01814,1.814
381.63,0.01814,1.814
381.63,0.01814,1.814
381.64,0.01814,1.814
381.65,0.01814,1.814
381.66,0.01814,1.814
381.67,0.01814,1.814
381.68,0.01814,1.814
381.69,0.01814,1.814
381.70,0.01814,1.814
381.71,0.01814,1.814
381.72,0.01814,1.814
381.72,0.01815,1.815
381.73,0.01815,1.815
381.74,0.01815,1.815
381.75,0.01815,1.815
381.76,0.01815,1.815
381.77,0.01815,1.815
381.78,0.01815,1.815
381.79,0.01815,1.815
381.80,0.01815,1.815
381.81,0.01815,1.815
381.82,0.01815,1.815
381.82,0.01815,1.815
381.83,0.01815,1.815
381.84,0.01815,1.815
381.85,0.01815,1.815
381.86,0.01815,1.815
381.87,0.01815,1.815
381.88,0.01815,1.815
381.89,0.01815,1.815
381.90,0.01815,1.815
381.91,0.01815,1.815
381.91,0.01815,1.815
381.92,0.01815,1.815
381.93,0.01815,1.815
381.94,0.01815,1.815
381.95,0.01815,1.815
381.96,0.01815,1.815
381.97,0.01815,1.815
381.98,0.01815,1.815
381.99,0.01815,1.815
382.00,0.01815,1.815
382.01,0.01815,1.815
382.01,0.01815,1.815
382.02,0.01815,1.815
382.03,0.01815,1.815
382.04,0.01815,1.815
382.05,0.01815,1.815
382.06,0.01815,1.815
382.07,0.01815,1.815
382.08,0.01815,1.815
382.09,0.01815,1.815
382.10,0.01815,1.815
382.10,0.01815,1.815
382.11,0.01815,1.815
382.12,0.01815,1.815
382.13,0.01815,1.815
382.14,0.01815,1.815
382.15,0.01815,1.815
382.16,0.01815,1.815
382.17,0.01815,1.815
382.18,0.01815,1.815
382.19,0.01815,1.815
382.19,0.01815,1.815
382.20,0.01815,1.815
382.21,0.01815,1.815
382.22,0.01815,1.815
382.23,0.01815,1.815
382.24,0.01815,1.815
382.25,0.01815,1.815
382.26,0.01815,1.815
382.27,0.01815,1.815
382.28,0.01815,1.815
382.29,0.01815,1.815
382.29,0.01815,1.815
382.30,0.01815,1.815
382.31,0.01815,1.815
382.32,0.01815,1.815
382.33,0.01815,1.815
382.34,0.01815,1.815
382.35,0.01815,1.815
382.36,0.01815,1.815
382.37,0.01815,1.815
382.38,0.01815,1.815
382.38,0.01815,1.815
382.39,0.01815,1.815
382.40,0.01815,1.815
382.41,0.01815,1.815
382.42,0.01815,1.815
382.43,0.01815,1.815
382.44,0.01815,1.815
382.45,0.01815,1.815
382.46,0.01815,1.815
382.47,0.01815,1.815
382.48,0.01815,1.815
382.48,0.01815,1.815
382.49,0.01815,1.815
382.50,0.01815,1.815
382.51,0.01815,1.815
382.52,0.01815,1.815
382.53,0.01815,1.815
382.54,0.01815,1.815
382.55,0.01815,1.815
382.56,0.01815,1.815
382.57,0.01815,1.815
382.57,0.01815,1.815
382.58,0.01815,1.815
382.59,0.01815,1.815
382.60,0.01815,1.815
382.61,0.01815,1.815
382.62,0.01815,1.815
382.63,0.01815,1.815
382.64,0.01815,1.815
382.65,0.01815,1.815
382.66,0.01815,1.815
382.66,0.01815,1.815
382.67,0.01815,1.815
382.68,0.01815,1.815
382.69,0.01815,1.815
382.70,0.01815,1.815
382.71,0.01815,1.815
382.72,0.01815,1.815
382.73,0.01815,1.815
382.74,0.01815,1.815
382.75,0.01815,1.815
382.76,0.01815,1.815
382.76,0.01815,1.815
382.77,0.01815,1.815
382.78,0.01815,1.815
382.79,0.01815,1.815
382.80,0.01815,1.815
382.81,0.01815,1.815
382.82,0.01815,1.815
382.83,0.01815,1.815
382.84,0.01815,1.815
382.85,0.01815,1.815
382.85,0.01815,1.815
382.86,0.01815,1.815
382.87,0.01815,1.815
382.88,0.01815,1.815
382.89,0.01815,1.815
382.90,0.01815,1.815
382.91,0.01815,1.815
382.92,0.01815,1.815
382.93,0.01815,1.815
382.94,0.01815,1.815
382.95,0.01815,1.815
382.95,0.01815,1.815
382.96,0.01815,1.815
382.97,0.01815,1.815
382.98,0.01815,1.815
382.99,0.01815,1.815
383.00,0.01815,1.815
383.01,0.01815,1.815
383.02,0.01815,1.815
383.03,0.01815,1.815
383.04,0.01815,1.815
383.05,0.01815,1.815
383.05,0.01815,1.815
383.06,0.01815,1.815
383.07,0.01815,1.815
383.08,0.01815,1.815
383.09,0.01815,1.815
383.10,0.01815,1.815
383.11,0.01815,1.815
383.12,0.01815,1.815
383.13,0.01815,1.815
383.14,0.01815,1.815
383.14,0.01815,1.815
383.15,0.01815,1.815
383.16,0.01815,1.815
383.17,0.01815,1.815
383.18,0.01815,1.815
383.19,0.01815,1.815
383.20,0.01815,1.815
383.21,0.01815,1.815
383.22,0.01815,1.815
383.23,0.01815,1.815
383.24,0.01815,1.815
383.24,0.01815,1.815
383.25,0.01815,1.815
383.26,0.01815,1.815
383.27,0.01815,1.815
383.28,0.01815,1.815
383.29,0.01815,1.815
383.30,0.01815,1.815
383.31,0.01815,1.815
383.32,0.01815,1.815
383.33,0.01815,1.815
383.33,0.01815,1.815
383.34,0.01815,1.815
383.35,0.01815,1.815
383.36,0.01815,1.815
383.37,0.01815,1.815
383.38,0.01815,1.815
383.39,0.01815,1.815
383.40,0.01815,1.815
383.41,0.01815,1.815
383.42,0.01815,1.815
383.43,0.01815,1.815
383.43,0.01815,1.815
383.44,0.01815,1.815
383.45,0.01815,1.815
383.46,0.01815,1.815
383.47,0.01815,1.815
383.48,0.01815,1.815
383.49,0.01815,1.815
383.50,0.01815,1.815
383.51,0.01815,1.815
383.52,0.01815,1.815
383.53,0.01815,1.815
383.53,0.01815,1.815
383.54,0.01815,1.815
383.55,0.01815,1.815
383.56,0.01815,1.815
383.57,0.01815,1.815
383.58,0.01815,1.815
383.59,0.01815,1.815
383.60,0.01815,1.815
383.61,0.01815,1.815
383.62,0.01815,1.815
383.62,0.01815,1.815
383.63,0.01815,1.815
383.64,0.01815,1.815
383.65,0.01815,1.815
383.66,0.01815,1.815
383.67,0.01815,1.815
383.68,0.01815,1.815
383.69,0.01815,1.815
383.70,0.01815,1.815
383.71,0.01815,1.815
383.72,0.01815,1.815
383.72,0.01815,1.815
383.73,0.01815,1.815
383.74,0.01815,1.815
383.75,0.01815,1.815
383.76,0.01815,1.815
383.77,0.01815,1.815
383.78,0.01815,1.815
383.79,0.01815,1.815
383.80,0.01815,1.815
383.81,0.01815,1.815
383.81,0.01815,1.815
383.82,0.01815,1.815
383.83,0.01815,1.815
383.84,0.01815,1.815
383.85,0.01815,1.815
383.86,0.01815,1.815
383.87,0.01815,1.815
383.88,0.01815,1.815
383.89,0.01815,1.815
383.90,0.01815,1.815
383.90,0.01815,1.815
383.91,0.01815,1.815
383.92,0.01815,1.815
383.93,0.01815,1.815
383.94,0.01815,1.815
383.95,0.01815,1.815
383.96,0.01815,1.815
383.97,0.01815,1.815
383.98,0.01815,1.815
383.99,0.01815,1.815
384.00,0.01815,1.815
384.00,0.01815,1.815
384.01,0.01815,1.815
384.02,0.01815,1.815
384.03,0.01815,1.815
384.04,0.01815,1.815
384.05,0.01815,1.815
384.06,0.01815,1.815
384.07,0.01815,1.815
384.08,0.01815,1.815
384.09,0.01815,1.815
384.09,0.01815,1.815
384.10,0.01815,1.815
384.11,0.01815,1.815
384.12,0.01815,1.815
384.13,0.01815,1.815
384.14,0.01815,1.815
384.15,0.01815,1.815
384.16,0.01815,1.815
384.17,0.01815,1.815
384.18,0.01815,1.815
384.19,0.01815,1.815
384.19,0.01815,1.815
384.20,0.01815,1.815
384.21,0.01815,1.815
384.22,0.01815,1.815
384.23,0.01815,1.815
384.24,0.01815,1.815
384.25,0.01815,1.815
384.26,0.01815,1.815
384.27,0.01815,1.815
384.28,0.01815,1.815
384.28,0.01815,1.815
384.29,0.01815,1.815
384.30,0.01815,1.815
384.31,0.01815,1.815
384.32,0.01815,1.815
384.33,0.01815,1.815
384.34,0.01815,1.815
384.35,0.01815,1.815
384.36,0.01815,1.815
384.37,0.01815,1.815
384.37,0.01815,1.815
384.38,0.01815,1.815
384.39,0.01815,1.815
384.40,0.01815,1.815
384.41,0.01815,1.815
384.42,0.01815,1.815
384.43,0.01815,1.815
384.44,0.01815,1.815
384.45,0.01815,1.815
384.46,0.01815,1.815
384.47,0.01815,1.815
384.47,0.01815,1.815
384.48,0.01815,1.815
384.49,0.01815,1.815
384.50,0.01815,1.815
384.51,0.01815,1.815
384.52,0.01815,1.815
384.53,0.01815,1.815
384.54,0.01815,1.815
384.55,0.01815,1.815
384.56,0.01815,1.815
384.56,0.01815,1.815
384.57,0.01815,1.815
384.58,0.01815,1.815
384.59,0.01815,1.815
384.60,0.01815,1.815
384.61,0.01815,1.815
384.62,0.01815,1.815
384.63,0.01815,1.815
384.64,0.01815,1.815
384.65,0.01815,1.815
384.66,0.01815,1.815
384.66,0.01815,1.815
384.67,0.01815,1.815
384.68,0.01815,1.815
384.69,0.01816,1.816
384.70,0.01816,1.816
384.71,0.01816,1.816
384.72,0.01816,1.816
384.73,0.01816,1.816
384.74,0.01816,1.816
384.75,0.01816,1.816
384.75,0.01816,1.816
384.76,0.01816,1.816
384.77,0.01816,1.816
384.78,0.01816,1.816
384.79,0.01816,1.816
384.80,0.01816,1.816
384.81,0.01816,1.816
384.82,0.01816,1.816
384.83,0.01816,1.816
384.84,0.01816,1.816
384.85,0.01816,1.816
384.85,0.01816,1.816
384.86,0.01816,1.816
384.87,0.01816,1.816
384.88,0.01816,1.816
384.89,0.01816,1.816
384.90,0.01816,1.816
384.91,0.01816,1.816
384.92,0.01816,1.816
384.93,0.01816,1.816
384.94,0.01816,1.816
384.94,0.01816,1.816
384.95,0.01816,1.816
384.96,0.01816,1.816
384.97,0.01816,1.816
384.98,0.01816,1.816
384.99,0.01816,1.816
385.00,0.01816,1.816
385.01,0.01816,1.816
385.02,0.01816,1.816
385.03,0.01816,1.816
385.04,0.01816,1.816
385.04,0.01816,1.816
385.05,0.01816,1.816
385.06,0.01816,1.816
385.07,0.01816,1.816
385.08,0.01816,1.816
385.09,0.01816,1.816
385.10,0.01816,1.816
385.11,0.01816,1.816
385.12,0.01816,1.816
385.13,0.01816,1.816
385.13,0.01816,1.816
385.14,0.01816,1.816
385.15,0.01816,1.816
385.16,0.01816,1.816
385.17,0.01816,1.816
385.18,0.01816,1.816
385.19,0.01816,1.816
385.20,0.01816,1.816
385.21,0.01816,1.816
385.22,0.01816,1.816
385.23,0.01816,1.816
385.23,0.01816,1.816
385.24,0.01816,1.816
385.25,0.01816,1.816
385.26,0.01816,1.816
385.27,0.01816,1.816
385.28,0.01816,1.816
385.29,0.01816,1.816
385.30,0.01816,1.816
385.31,0.01816,1.816
385.32,0.01816,1.816
385.32,0.01816,1.816
385.33,0.01816,1.816
385.34,0.01816,1.816
385.35,0.01816,1.816
385.36,0.01816,1.816
385.37,0.01816,1.816
385.38,0.01816,1.816
385.39,0.01816,1.816
385.40,0.01816,1.816
385.41,0.01816,1.816
385.42,0.01816,1.816
385.42,0.01816,1.816
385.43,0.01816,1.816
385.44,0.01816,1.816
385.45,0.01816,1.816
385.46,0.01816,1.816
385.47,0.01816,1.816
385.48,0.01816,1.816
385.49,0.01816,1.816
385.50,0.01816,1.816
385.51,0.01816,1.816
385.51,0.01816,1.816
385.52,0.01816,1.816
385.53,0.01816,1.816
385.54,0.01816,1.816
385.55,0.01816,1.816
385.56,0.01816,1.816
385.57,0.01816,1.816
385.58,0.01816,1.816
385.59,0.01816,1.816
385.60,0.01816,1.816
385.61,0.01816,1.816
385.61,0.01816,1.816
385.62,0.01816,1.816
385.63,0.01816,1.816
385.64,0.01816,1.816
385.65,0.01816,1.816
385.66,0.01816,1.816
385.67,0.01816,1.816
385.68,0.01816,1.816
385.69,0.01816,1.816
385.70,0.01816,1.816
385.71,0.01816,1.816
385.71,0.01816,1.816
385.72,0.01816,1.816
385.73,0.01816,1.816
385.74,0.01816,1.816
385.75,0.01816,1.816
385.76,0.01816,1.816
385.77,0.01816,1.816
385.78,0.01816,1.816
385.79,0.01816,1.816
385.80,0.01816,1.816
385.80,0.01816,1.816
385.81,0.01816,1.816
385.82,0.01816,1.816
385.83,0.01816,1.816
385.84,0.01816,1.816
385.85,0.01816,1.816
385.86,0.01816,1.816
385.87,0.01816,1.816
385.88,0.01816,1.816
385.89,0.01816,1.816
385.90,0.01816,1.816
385.90,0.01816,1.816
385.91,0.01816,1.816
385.92,0.01816,1.816
385.93,0.01816,1.816
385.94,0.01816,1.816
385.95,0.01816,1.816
385.96,0.01816,1.816
385.97,0.01816,1.816
385.98,0.01816,1.816
385.99,0.01816,1.816
385.99,0.01816,1.816
386.00,0.01816,1.816
386.01,0.01816,1.816
386.02,0.01816,1.816
386.03,0.01816,1.816
386.04,0.01816,1.816
386.05,0.01816,1.816
386.06,0.01816,1.816
386.07,0.01816,1.816
386.08,0.01816,1.816
386.08,0.01816,1.816
386.09,0.01816,1.816
386.10,0.01816,1.816
386.11,0.01816,1.816
386.12,0.01816,1.816
386.13,0.01816,1.816
386.14,0.01816,1.816
386.15,0.01816,1.816
386.16,0.01816,1.816
386.17,0.01816,1.816
386.18,0.01816,1.816
386.18,0.01816,1.816
386.19,0.01816,1.816
386.20,0.01816,1.816
386.21,0.01816,1.816
386.22,0.01816,1.816
386.23,0.01816,1.816
386.24,0.01816,1.816
386.25,0.01816,1.816
386.26,0.01816,1.816
386.27,0.01816,1.816
386.27,0.01816,1.816
386.28,0.01816,1.816
386.29,0.01816,1.816
386.30,0.01816,1.816
386.31,0.01816,1.816
386.32,0.01816,1.816
386.33,0.01816,1.816
386.34,0.01816,1.816
386.35,0.01816,1.816
386.36,0.01816,1.816
386.37,0.01816,1.816
386.37,0.01816,1.816
386.38,0.01816,1.816
386.39,0.01816,1.816
386.40,0.01816,1.816
386.41,0.01816,1.816
386.42,0.01816,1.816
386.43,0.01816,1.816
386.44,0.01816,1.816
386.45,0.01816,1.816
386.46,0.01816,1.816
386.46,0.01816,1.816
386.47,0.01816,1.816
386.48,0.01816,1.816
386.49,0.01816,1.816
386.50,0.01816,1.816
386.51,0.01816,1.816
386.52,0.01816,1.816
386.53,0.01816,1.816
386.54,0.01816,1.816
386.55,0.01816,1.816
386.56,0.01816,1.816
386.56,0.01816,1.816
386.57,0.01816,1.816
386.58,0.01816,1.816
386.59,0.01816,1.816
386.60,0.01816,1.816
386.61,0.01816,1.816
386.62,0.01816,1.816
386.63,0.01816,1.816
386.64,0.01816,1.816
386.65,0.01816,1.816
386.65,0.01816,1.816
386.66,0.01816,1.816
386.67,0.01816,1.816
386.68,0.01816,1.816
386.69,0.01816,1.816
386.70,0.01816,1.816
386.71,0.01816,1.816
386.72,0.01816,1.816
386.73,0.01816,1.816
386.74,0.01816,1.816
386.75,0.01816,1.816
386.75,0.01816,1.816
386.76,0.01816,1.816
386.77,0.01816,1.816
386.78,0.01816,1.816
386.79,0.01816,1.816
386.80,0.01816,1.816
386.81,0.01816,1.816
386.82,0.01816,1.816
386.83,0.01816,1.816
386.84,0.01816,1.816
386.84,0.01816,1.816
386.85,0.01816,1.816
386.86,0.01816,1.816
386.87,0.01816,1.816
386.88,0.01816,1.816
386.89,0.01816,1.816
386.90,0.01816,1.816
386.91,0.01816,1.816
386.92,0.01816,1.816
386.93,0.01816,1.816
386.94,0.01816,1.816
386.94,0.01816,1.816
386.95,0.01816,1.816
386.96,0.01816,1.816
386.97,0.01816,1.816
386.98,0.01816,1.816
386.99,0.01816,1.816
387.00,0.01816,1.816
387.01,0.01816,1.816
387.02,0.01816,1.816
387.03,0.01816,1.816
387.03,0.01816,1.816
387.04,0.01816,1.816
387.05,0.01816,1.816
387.06,0.01816,1.816
387.07,0.01816,1.816
387.08,0.01816,1.816
387.09,0.01816,1.816
387.10,0.01816,1.816
387.11,0.01816,1.816
387.12,0.01816,1.816
387.13,0.01816,1.816
387.13,0.01816,1.816
387.14,0.01816,1.816
387.15,0.01816,1.816
387.16,0.01816,1.816
387.17,0.01816,1.816
387.18,0.01816,1.816
387.19,0.01816,1.816
387.20,0.01816,1.816
387.21,0.01816,1.816
387.22,0.01816,1.816
387.22,0.01816,1.816
387.23,0.01816,1.816
387.24,0.01816,1.816
387.25,0.01816,1.816
387.26,0.01816,1.816
387.27,0.01816,1.816
387.28,0.01816,1.816
387.29,0.01816,1.816
387.30,0.01816,1.816
387.31,0.01816,1.816
387.32,0.01816,1.816
387.32,0.01816,1.816
387.33,0.01816,1.816
387.34,0.01816,1.816
387.35,0.01816,1.816
387.36,0.01816,1.816
387.37,0.01816,1.816
387.38,0.01816,1.816
387.39,0.01816,1.816
387.40,0.01816,1.816
387.41,0.01816,1.816
387.41,0.01816,1.816
387.42,0.01816,1.816
387.43,0.01816,1.816
387.44,0.01816,1.816
387.45,0.01816,1.816
387.46,0.01816,1.816
387.47,0.01816,1.816
387.48,0.01816,1.816
387.49,0.01816,1.816
387.50,0.01816,1.816
387.51,0.01816,1.816
387.51,0.01816,1.816
387.52,0.01816,1.816
387.53,0.01816,1.816
387.54,0.01816,1.816
387.55,0.01816,1.816
387.56,0.01816,1.816
387.57,0.01816,1.816
387.58,0.01816,1.816
387.59,0.01816,1.816
387.60,0.01816,1.816
387.60,0.01816,1.816
387.61,0.01816,1.816
387.62,0.01816,1.816
387.63,0.01816,1.816
387.64,0.01816,1.816
387.65,0.01816,1.816
387.66,0.01816,1.816
387.67,0.01816,1.816
387.68,0.01816,1.816
387.69,0.01816,1.816
387.70,0.01816,1.816
387.70,0.01816,1.816
387.71,0.01816,1.816
387.72,0.01816,1.816
387.73,0.01816,1.816
387.74,0.01816,1.816
387.75,0.01816,1.816
387.76,0.01816,1.816
387.77,0.01816,1.816
387.78,0.01816,1.816
387.79,0.01816,1.816
387.79,0.01816,1.816
387.80,0.01816,1.816
387.81,0.01816,1.816
387.82,0.01816,1.816
387.83,0.01816,1.816
387.84,0.01816,1.816
387.85,0.01816,1.816
387.86,0.01816,1.816
387.87,0.01816,1.816
387.88,0.01816,1.816
387.89,0.01816,1.816
387.89,0.01816,1.816
387.90,0.01816,1.816
387.91,0.01816,1.816
387.92,0.01816,1.816
387.93,0.01816,1.816
387.94,0.01816,1.816
387.95,0.01816,1.816
387.96,0.01816,1.816
387.97,0.01816,1.816
387.98,0.01816,1.816
387.98,0.01816,1.816
387.99,0.01816,1.816
388.00,0.01816,1.816
388.01,0.01816,1.816
388.02,0.01816,1.816
388.03,0.01816,1.816
388.04,0.01816,1.816
388.05,0.01816,1.816
388.06,0.01816,1.816
388.07,0.01817,1.817
388.08,0.01817,1.817
388.08,0.01817,1.817
388.09,0.01817,1.817
388.10,0.01817,1.817
388.11,0.01817,1.817
388.12,0.01817,1.817
388.13,0.01817,1.817
388.14,0.01817,1.817
388.15,0.01817,1.817
388.16,0.01817,1.817
388.17,0.01817,1.817
388.17,0.01817,1.817
388.18,0.01817,1.817
388.19,0.01817,1.817
388.20,0.01817,1.817
388.21,0.01817,1.817
388.22,0.01817,1.817
388.23,0.01817,1.817
388.24,0.01817,1.817
388.25,0.01817,1.817
388.26,0.01817,1.817
388.27,0.01817,1.817
388.27,0.01817,1.817
388.28,0.01817,1.817
388.29,0.01817,1.817
388.30,0.01817,1.817
388.31,0.01817,1.817
388.32,0.01817,1.817
388.33,0.01817,1.817
388.34,0.01817,1.817
388.35,0.01817,1.817
388.36,0.01817,1.817
388.36,0.01817,1.817
388.37,0.01817,1.817
388.38,0.01817,1.817
388.39,0.01817,1.817
388.40,0.01817,1.817
388.41,0.01817,1.817
388.42,0.01817,1.817
388.43,0.01817,1.817
388.44,0.01817,1.817
388.45,0.01817,1.817
388.46,0.01817,1.817
388.46,0.01817,1.817
388.47,0.01817,1.817
388.48,0.01817,1.817
388.49,0.01817,1.817
388.50,0.01817,1.817
388.51,0.01817,1.817
388.52,0.01817,1.817
388.53,0.01817,1.817
388.54,0.01817,1.817
388.55,0.01817,1.817
388.55,0.01817,1.817
388.56,0.01817,1.817
388.57,0.01817,1.817
388.58,0.01817,1.817
388.59,0.01817,1.817
388.60,0.01817,1.817
388.61,0.01817,1.817
388.62,0.01817,1.817
388.63,0.01817,1.817
388.64,0.01817,1.817
388.65,0.01817,1.817
388.65,0.01817,1.817
388.66,0.01817,1.817
388.67,0.01817,1.817
388.68,0.01817,1.817
388.69,0.01817,1.817
388.70,0.01817,1.817
388.71,0.01817,1.817
388.72,0.01817,1.817
388.73,0.01817,1.817
388.74,0.01817,1.817
388.74,0.01817,1.817
388.75,0.01817,1.817
388.76,0.01817,1.817
388.77,0.01817,1.817
388.78,0.01817,1.817
388.79,0.01817,1.817
388.80,0.01817,1.817
388.81,0.01817,1.817
388.82,0.01817,1.817
388.83,0.01817,1.817
388.84,0.01817,1.817
388.84,0.01817,1.817
388.85,0.01817,1.817
388.86,0.01817,1.817
388.87,0.01817,1.817
388.88,0.01817,1.817
388.89,0.01817,1.817
388.90,0.01817,1.817
388.91,0.01817,1.817
388.92,0.01817,1.817
388.93,0.01817,1.817
388.93,0.01817,1.817
388.94,0.01817,1.817
388.95,0.01817,1.817
388.96,0.01817,1.817
388.97,0.01817,1.817
388.98,0.01817,1.817
388.99,0.01817,1.817
389.00,0.01817,1.817
389.01,0.01817,1.817
389.02,0.01817,1.817
389.02,0.01817,1.817
389.03,0.01817,1.817
389.04,0.01817,1.817
389.05,0.01817,1.817
389.06,0.01817,1.817
389.07,0.01817,1.817
389.08,0.01817,1.817
389.09,0.01817,1.817
389.10,0.01817,1.817
389.11,0.01817,1.817
389.12,0.01817,1.817
389.12,0.01817,1.817
389.13,0.01817,1.817
389.14,0.01817,1.817
389.15,0.01817,1.817
389.16,0.01817,1.817
389.17,0.01817,1.817
389.18,0.01817,1.817
389.19,0.01817,1.817
389.20,0.01817,1.817
389.21,0.01817,1.817
389.21,0.01817,1.817
389.22,0.01817,1.817
389.23,0.01817,1.817
389.24,0.01817,1.817
389.25,0.01817,1.817
389.26,0.01817,1.817
389.27,0.01817,1.817
389.28,0.01817,1.817
389.29,0.01817,1.817
389.30,0.01817,1.817
389.31,0.01817,1.817
389.31,0.01817,1.817
389.32,0.01817,1.817
389.33,0.01817,1.817
389.34,0.01817,1.817
389.35,0.01817,1.817
389.36,0.01817,1.817
389.37,0.01817,1.817
389.38,0.01817,1.817
389.39,0.01817,1.817
389.40,0.01817,1.817
389.40,0.01817,1.817
389.41,0.01817,1.817
389.42,0.01817,1.817
389.43,0.01817,1.817
389.44,0.01817,1.817
389.45,0.01817,1.817
389.46,0.01817,1.817
389.47,0.01817,1.817
389.48,0.01817,1.817
389.49,0.01817,1.817
389.50,0.01817,1.817
389.50,0.01817,1.817
389.51,0.01817,1.817
389.52,0.01817,1.817
389.53,0.01817,1.817
389.54,0.01817,1.817
389.55,0.01817,1.817
389.56,0.01817,1.817
389.57,0.01817,1.817
389.58,0.01817,1.817
389.59,0.01817,1.817
389.59,0.01817,1.817
389.60,0.01817,1.817
389.61,0.01817,1.817
389.62,0.01817,1.817
389.63,0.01817,1.817
389.64,0.01817,1.817
389.65,0.01817,1.817
389.66,0.01817,1.817
389.67,0.01817,1.817
389.68,0.01817,1.817
389.69,0.01817,1.817
389.69,0.01817,1.817
389.70,0.01817,1.817
389.71,0.01817,1.817
389.72,0.01817,1.817
389.73,0.01817,1.817
389.74,0.01817,1.817
389.75,0.01817,1.817
389.76,0.01817,1.817
389.77,0.01817,1.817
389.78,0.01817,1.817
389.78,0.01817,1.817
389.79,0.01817,1.817
389.80,0.01817,1.817
389.81,0.01817,1.817
389.82,0.01817,1.817
389.83,0.01817,1.817
389.84,0.01817,1.817
389.85,0.01817,1.817
389.86,0.01817,1.817
389.87,0.01817,1.817
389.88,0.01817,1.817
389.88,0.01817,1.817
389.89,0.01817,1.817
389.90,0.01817,1.817
389.91,0.01817,1.817
389.92,0.01817,1.817
389.93,0.01817,1.817
389.94,0.01817,1.817
389.95,0.01817,1.817
389.96,0.01817,1.817
389.97,0.01817,1.817
389.97,0.01817,1.817
389.98,0.01817,1.817
389.99,0.01817,1.817
390.00,0.01817,1.817
390.01,0.01817,1.817
390.02,0.01817,1.817
390.03,0.01817,1.817
390.04,0.01817,1.817
390.05,0.01817,1.817
390.06,0.01817,1.817
390.07,0.01817,1.817
390.07,0.01817,1.817
390.08,0.01817,1.817
390.09,0.01817,1.817
390.10,0.01817,1.817
390.11,0.01817,1.817
390.12,0.01817,1.817
390.13,0.01817,1.817
390.14,0.01817,1.817
390.15,0.01817,1.817
390.16,0.01817,1.817
390.16,0.01817,1.817
390.17,0.01817,1.817
390.18,0.01817,1.817
390.19,0.01817,1.817
390.20,0.01817,1.817
390.21,0.01817,1.817
390.22,0.01817,1.817
390.23,0.01817,1.817
390.24,0.01817,1.817
390.25,0.01817,1.817
390.26,0.01817,1.817
390.26,0.01817,1.817
390.27,0.01817,1.817
390.28,0.01817,1.817
390.29,0.01817,1.817
390.30,0.01817,1.817
390.31,0.01817,1.817
390.32,0.01817,1.817
390.33,0.01817,1.817
390.34,0.01817,1.817
390.35,0.01817,1.817
390.35,0.01817,1.817
390.36,0.01817,1.817
390.37,0.01817,1.817
390.38,0.01817,1.817
390.39,0.01817,1.817
390.40,0.01817,1.817
390.41,0.01817,1.817
390.42,0.01817,1.817
390.43,0.01817,1.817
390.44,0.01817,1.817
390.45,0.01817,1.817
390.45,0.01817,1.817
390.46,0.01817,1.817
390.47,0.01817,1.817
390.48,0.01817,1.817
390.49,0.01817,1.817
390.50,0.01817,1.817
390.51,0.01817,1.817
390.52,0.01817,1.817
390.53,0.01817,1.817
390.54,0.01817,1.817
390.54,0.01817,1.817
390.55,0.01817,1.817
390.56,0.01817,1.817
390.57,0.01817,1.817
390.58,0.01817,1.817
390.59,0.01817,1.817
390.60,0.01817,1.817
390.61,0.01817,1.817
390.62,0.01817,1.817
390.63,0.01817,1.817
390.64,0.01817,1.817
390.64,0.01817,1.817
390.65,0.01817,1.817
390.66,0.01817,1.817
390.67,0.01817,1.817
390.68,0.01817,1.817
390.69,0.01817,1.817
390.70,0.01817,1.817
390.71,0.01817,1.817
390.72,0.01817,1.817
390.73,0.01817,1.817
390.73,0.01817,1.817
390.74,0.01817,1.817
390.75,0.01817,1.817
390.76,0.01817,1.817
390.77,0.01817,1.817
390.78,0.01817,1.817
390.79,0.01817,1.817
390.80,0.01817,1.817
390.81,0.01817,1.817
390.82,0.01817,1.817
390.83,0.01817,1.817
390.83,0.01817,1.817
390.84,0.01817,1.817
390.85,0.01817,1.817
390.86,0.01817,1.817
390.87,0.01817,1.817
390.88,0.01817,1.817
390.89,0.01817,1.817
390.90,0.01817,1.817
390.91,0.01817,1.817
390.92,0.01817,1.817
390.92,0.01817,1.817
390.93,0.01817,1.817
390.94,0.01817,1.817
390.95,0.01817,1.817
390.96,0.01817,1.817
390.97,0.01817,1.817
390.98,0.01817,1.817
390.99,0.01817,1.817
391.00,0.01817,1.817
391.01,0.01817,1.817
391.02,0.01817,1.817
391.02,0.01817,1.817
391.03,0.01817,1.817
391.04,0.01817,1.817
391.05,0.01817,1.817
391.06,0.01817,1.817
391.07,0.01817,1.817
391.08,0.01817,1.817
391.09,0.01817,1.817
391.10,0.01817,1.817
391.11,0.01817,1.817
391.11,0.01817,1.817
391.12,0.01817,1.817
391.13,0.01817,1.817
391.14,0.01817,1.817
391.15,0.01817,1.817
391.16,0.01817,1.817
391.17,0.01817,1.817
391.18,0.01817,1.817
391.19,0.01817,1.817
391.20,0.01817,1.817
391.20,0.01817,1.817
391.21,0.01817,1.817
391.22,0.01817,1.817
391.23,0.01817,1.817
391.24,0.01817,1.817
391.25,0.01817,1.817
391.26,0.01817,1.817
391.27,0.01817,1.817
391.28,0.01817,1.817
391.29,0.01817,1.817
391.30,0.01817,1.817
391.30,0.01817,1.817
391.31,0.01817,1.817
391.32,0.01817,1.817
391.33,0.01817,1.817
391.34,0.01817,1.817
391.35,0.01817,1.817
391.36,0.01817,1.817
391.37,0.01817,1.817
391.38,0.01817,1.817
391.39,0.01817,1.817
391.39,0.01817,1.817
391.40,0.01817,1.817
391.41,0.01817,1.817
391.42,0.01817,1.817
391.43,0.01817,1.817
391.44,0.01817,1.817
391.45,0.01817,1.817
391.46,0.01817,1.817
391.47,0.01817,1.817
391.48,0.01817,1.817
391.49,0.01817,1.817
391.49,0.01817,1.817
391.50,0.01817,1.817
391.51,0.01817,1.817
391.52,0.01817,1.817
391.53,0.01817,1.817
391.54,0.01817,1.817
391.55,0.01817,1.817
391.56,0.01817,1.817
391.57,0.01817,1.817
391.58,0.01817,1.817
391.58,0.01817,1.817
391.59,0.01817,1.817
391.60,0.01817,1.817
391.61,0.01817,1.817
391.62,0.01817,1.817
391.63,0.01817,1.817
391.64,0.01817,1.817
391.65,0.01817,1.817
391.66,0.01817,1.817
391.67,0.01817,1.817
391.68,0.01817,1.817
391.68,0.01817,1.817
391.69,0.01817,1.817
391.70,0.01818,1.818
391.71,0.01818,1.818
391.72,0.01818,1.818
391.73,0.01818,1.818
391.74,0.01818,1.818
391.75,0.01818,1.818
391.76,0.01818,1.818
391.77,0.01818,1.818
391.77,0.01818,1.818
391.78,0.01818,1.818
391.79,0.01818,1.818
391.80,0.01818,1.818
391.81,0.01818,1.818
391.82,0.01818,1.818
391.83,0.01818,1.818
391.84,0.01818,1.818
391.85,0.01818,1.818
391.86,0.01818,1.818
391.87,0.01818,1.818
391.87,0.01818,1.818
391.88,0.01818,1.818
391.89,0.01818,1.818
391.90,0.01818,1.818
391.91,0.01818,1.818
391.92,0.01818,1.818
391.93,0.01818,1.818
391.94,0.01818,1.818
391.95,0.01818,1.818
391.96,0.01818,1.818
391.96,0.01818,1.818
391.97,0.01818,1.818
391.98,0.01818,1.818
391.99,0.01818,1.818
392.00,0.01818,1.818
392.01,0.01818,1.818
392.02,0.01818,1.818
392.03,0.01818,1.818
392.04,0.01818,1.818
392.05,0.01818,1.818
392.06,0.01818,1.818
392.06,0.01818,1.818
392.07,0.01818,1.818
392.08,0.01818,1.818
392.09,0.01818,1.818
392.10,0.01818,1.818
392.11,0.01818,1.818
392.12,0.01818,1.818
392.13,0.01818,1.818
392.14,0.01818,1.818
392.15,0.01818,1.818
392.16,0.01818,1.818
392.16,0.01818,1.818
392.17,0.01818,1.818
392.18,0.01818,1.818
392.19,0.01818,1.818
392.20,0.01818,1.818
392.21,0.01818,1.818
392.22,0.01818,1.818
392.23,0.01818,1.818
392.24,0.01818,1.818
392.25,0.01818,1.818
392.25,0.01818,1.818
392.26,0.01818,1.818
392.27,0.01818,1.818
392.28,0.01818,1.818
392.29,0.01818,1.818
392.30,0.01818,1.818
392.31,0.01818,1.818
392.32,0.01818,1.818
392.33,0.01818,1.818
392.34,0.01818,1.818
392.35,0.01818,1.818
392.35,0.01818,1.818
392.36,0.01818,1.818
392.37,0.01818,1.818
392.38,0.01818,1.818
392.39,0.01818,1.818
392.40,0.01818,1.818
392.41,0.01818,1.818
392.42,0.01818,1.818
392.43,0.01818,1.818
392.44,0.01818,1.818
392.44,0.01818,1.818
392.45,0.01818,1.818
392.46,0.01818,1.818
392.47,0.01818,1.818
392.48,0.01818,1.818
392.49,0.01818,1.818
392.50,0.01818,1.818
392.51,0.01818,1.818
392.52,0.01818,1.818
392.53,0.01818,1.818
392.54,0.01818,1.818
392.54,0.01818,1.818
392.55,0.01818,1.818
392.56,0.01818,1.818
392.57,0.01818,1.818
392.58,0.01818,1.818
392.59,0.01818,1.818
392.60,0.01818,1.818
392.61,0.01818,1.818
392.62,0.01818,1.818
392.63,0.01818,1.818
392.63,0.01818,1.818
392.64,0.01818,1.818
392.65,0.01818,1.818
392.66,0.01818,1.818
392.67,0.01818,1.818
392.68,0.01818,1.818
392.69,0.01818,1.818
392.70,0.01818,1.818
392.71,0.01818,1.818
392.72,0.01818,1.818
392.73,0.01818,1.818
392.73,0.01818,1.818
392.74,0.01818,1.818
392.75,0.01818,1.818
392.76,0.01818,1.818
392.77,0.01818,1.818
392.78,0.01818,1.818
392.79,0.01818,1.818
392.80,0.01818,1.818
392.81,0.01818,1.818
392.82,0.01818,1.818
392.82,0.01818,1.818
392.83,0.01818,1.818
392.84,0.01818,1.818
392.85,0.01818,1.818
392.86,0.01818,1.818
392.87,0.01818,1.818
392.88,0.01818,1.818
392.89,0.01818,1.818
392.90,0.01818,1.818
392.91,0.01818,1.818
392.92,0.01818,1.818
392.92,0.01818,1.818
392.93,0.01818,1.818
392.94,0.01818,1.818
392.95,0.01818,1.818
392.96,0.01818,1.818
392.97,0.01818,1.818
392.98,0.01818,1.818
392.99,0.01818,1.818
393.00,0.01818,1.818
393.01,0.01818,1.818
393.01,0.01818,1.818
393.02,0.01818,1.818
393.03,0.01818,1.818
393.04,0.01818,1.818
393.05,0.01818,1.818
393.06,0.01818,1.818
393.07,0.01818,1.818
393.08,0.01818,1.818
393.09,0.01818,1.818
393.10,0.01818,1.818
393.10,0.01818,1.818
393.11,0.01818,1.818
393.12,0.01818,1.818
393.13,0.01818,1.818
393.14,0.01818,1.818
393.15,0.01818,1.818
393.16,0.01818,1.818
393.17,0.01818,1.818
393.18,0.01818,1.818
393.19,0.01818,1.818
393.20,0.01818,1.818
393.20,0.01818,1.818
393.21,0.01818,1.818
393.22,0.01818,1.818
393.23,0.01818,1.818
393.24,0.01818,1.818
393.25,0.01818,1.818
393.26,0.01818,1.818
393.27,0.01818,1.818
393.28,0.01818,1.818
393.29,0.01818,1.818
393.29,0.01818,1.818
393.30,0.01818,1.818
393.31,0.01818,1.818
393.32,0.01818,1.818
393.33,0.01818,1.818
393.34,0.01818,1.818
393.35,0.01818,1.818
393.36,0.01818,1.818
393.37,0.01818,1.818
393.38,0.01818,1.818
393.39,0.01818,1.818
393.39,0.01818,1.818
393.40,0.01818,1.818
393.41,0.01818,1.818
393.42,0.01818,1.818
393.43,0.01818,1.818
393.44,0.01818,1.818
393.45,0.01818,1.818
393.46,0.01818,1.818
393.47,0.01818,1.818
393.48,0.01818,1.818
393.48,0.01818,1.818
393.49,0.01818,1.818
393.50,0.01818,1.818
393.51,0.01818,1.818
393.52,0.01818,1.818
393.53,0.01818,1.818
393.54,0.01818,1.818
393.55,0.01818,1.818
393.56,0.01818,1.818
393.57,0.01818,1.818
393.57,0.01818,1.818
393.58,0.01818,1.818
393.59,0.01818,1.818
393.60,0.01818,1.818
393.61,0.01818,1.818
393.62,0.01818,1.818
393.63,0.01818,1.818
393.64,0.01818,1.818
393.65,0.01818,1.818
393.66,0.01818,1.818
393.67,0.01818,1.818
393.67,0.01818,1.818
393.68,0.01818,1.818
393.69,0.01818,1.818
393.70,0.01818,1.818
393.71,0.01818,1.818
393.72,0.01818,1.818
393.73,0.01818,1.818
393.74,0.01818,1.818
393.75,0.01818,1.818
393.76,0.01818,1.818
393.76,0.01818,1.818
393.77,0.01818,1.818
393.78,0.01818,1.818
393.79,0.01818,1.818
393.80,0.01818,1.818
393.81,0.01818,1.818
393.82,0.01818,1.818
393.83,0.01818,1.818
393.84,0.01818,1.818
393.85,0.01818,1.818
393.86,0.01818,1.818
393.86,0.01818,1.818
393.87,0.01818,1.818
393.88,0.01818,1.818
393.89,0.01818,1.818
393.90,0.01818,1.818
393.91,0.01818,1.818
393.92,0.01818,1.818
393.93,0.01818,1.818
393.94,0.01818,1.818
393.95,0.01818,1.818
393.96,0.01818,1.818
393.96,0.01818,1.818
393.97,0.01818,1.818
393.98,0.01818,1.818
393.99,0.01818,1.818
394.00,0.01818,1.818
394.01,0.01818,1.818
394.02,0.01818,1.818
394.03,0.01818,1.818
394.04,0.01818,1.818
394.05,0.01818,1.818
394.05,0.01818,1.818
394.06,0.01818,1.818
394.07,0.01818,1.818
394.08,0.01818,1.818
394.09,0.01818,1.818
394.10,0.01818,1.818
394.11,0.01818,1.818
394.12,0.01818,1.818
394.13,0.01818,1.818
394.14,0.01818,1.818
394.15,0.01818,1.818
394.15,0.01818,1.818
394.16,0.01818,1.818
394.17,0.01818,1.818
394.18,0.01818,1.818
394.19,0.01818,1.818
394.20,0.01818,1.818
394.21,0.01818,1.818
394.22,0.01818,1.818
394.23,0.01818,1.818
394.24,0.01818,1.818
394.24,0.01818,1.818
394.25,0.01818,1.818
394.26,0.01818,1.818
394.27,0.01818,1.818
394.28,0.01818,1.818
394.29,0.01818,1.818
394.30,0.01818,1.818
394.31,0.01818,1.818
394.32,0.01818,1.818
394.33,0.01818,1.818
394.34,0.01818,1.818
394.34,0.01818,1.818
394.35,0.01818,1.818
394.36,0.01818,1.818
394.37,0.01818,1.818
394.38,0.01818,1.818
394.39,0.01818,1.818
394.40,0.01818,1.818
394.41,0.01818,1.818
394.42,0.01818,1.818
394.43,0.01818,1.818
394.43,0.01818,1.818
394.44,0.01818,1.818
394.45,0.01818,1.818
394.46,0.01818,1.818
394.47,0.01818,1.818
394.48,0.01818,1.818
394.49,0.01818,1.818
394.50,0.01818,1.818
394.51,0.01818,1.818
394.52,0.01818,1.818
394.53,0.01818,1.818
394.53,0.01818,1.818
394.54,0.01818,1.818
394.55,0.01818,1.818
394.56,0.01818,1.818
394.57,0.01818,1.818
394.58,0.01818,1.818
394.59,0.01818,1.818
394.60,0.01818,1.818
394.61,0.01818,1.818
394.62,0.01818,1.818
394.63,0.01818,1.818
394.63,0.01818,1.818
394.64,0.01818,1.818
394.65,0.01818,1.818
394.66,0.01818,1.818
394.67,0.01818,1.818
394.68,0.01818,1.818
394.69,0.01818,1.818
394.70,0.01818,1.818
394.71,0.01818,1.818
394.72,0.01818,1.818
394.72,0.01818,1.818
394.73,0.01818,1.818
394.74,0.01818,1.818
394.75,0.01818,1.818
394.76,0.01818,1.818
394.77,0.01818,1.818
394.78,0.01818,1.818
394.79,0.01818,1.818
394.80,0.01818,1.818
394.81,0.01818,1.818
394.81,0.01818,1.818
394.82,0.01818,1.818
394.83,0.01818,1.818
394.84,0.01818,1.818
394.85,0.01818,1.818
394.86,0.01818,1.818
394.87,0.01818,1.818
394.88,0.01818,1.818
394.89,0.01818,1.818
394.90,0.01818,1.818
394.91,0.01819,1.819
394.91,0.01819,1.819
394.92,0.01819,1.819
394.93,0.01819,1.819
394.94,0.01819,1.819
394.95,0.01819,1.819
394.96,0.01819,1.819
394.97,0.01819,1.819
394.98,0.01819,1.819
394.99,0.01819,1.819
395.00,0.01819,1.819
395.00,0.01819,1.819
395.01,0.01819,1.819
395.02,0.01819,1.819
395.03,0.01819,1.819
395.04,0.01819,1.819
395.05,0.01819,1.819
395.06,0.01819,1.819
395.07,0.01819,1.819
395.08,0.01819,1.819
395.09,0.01819,1.819
395.10,0.01819,1.819
395.10,0.01819,1.819
395.11,0.01819,1.819
395.12,0.01819,1.819
395.13,0.01819,1.819
395.14,0.01819,1.819
395.15,0.01819,1.819
395.16,0.01819,1.819
395.17,0.01819,1.819
395.18,0.01819,1.819
395.19,0.01819,1.819
395.19,0.01819,1.819
395.20,0.01819,1.819
395.21,0.01819,1.819
395.22,0.01819,1.819
395.23,0.01819,1.819
395.24,0.01819,1.819
395.25,0.01819,1.819
395.26,0.01819,1.819
395.27,0.01819,1.819
395.28,0.01819,1.819
395.28,0.01819,1.819
395.29,0.01819,1.819
395.30,0.01819,1.819
395.31,0.01819,1.819
395.32,0.01819,1.819
395.33,0.01819,1.819
395.34,0.01819,1.819
395.35,0.01819,1.819
395.36,0.01819,1.819
395.37,0.01819,1.819
395.38,0.01819,1.819
395.38,0.01819,1.819
395.39,0.01819,1.819
395.40,0.01819,1.819
395.41,0.01819,1.819
395.42,0.01819,1.819
395.43,0.01819,1.819
395.44,0.01819,1.819
395.45,0.01819,1.819
395.46,0.01819,1.819
395.47,0.01819,1.819
395.47,0.01819,1.819
395.48,0.01819,1.819
395.49,0.01819,1.819
395.50,0.01819,1.819
395.51,0.01819,1.819
395.52,0.01819,1.819
395.53,0.01819,1.819
395.54,0.01819,1.819
395.55,0.01819,1.819
395.56,0.01819,1.819
395.57,0.01819,1.819
395.57,0.01819,1.819
395.58,0.01819,1.819
395.59,0.01819,1.819
395.60,0.01819,1.819
395.61,0.01819,1.819
395.62,0.01819,1.819
395.63,0.01819,1.819
395.64,0.01819,1.819
395.65,0.01819,1.819
395.66,0.01819,1.819
395.66,0.01819,1.819
395.67,0.01819,1.819
395.68,0.01819,1.819
395.69,0.01819,1.819
395.70,0.01819,1.819
395.71,0.01819,1.819
395.72,0.01819,1.819
395.73,0.01819,1.819
395.74,0.01819,1.819
395.75,0.01819,1.819
395.76,0.01819,1.819
395.76,0.01819,1.819
395.77,0.01819,1.819
395.78,0.01819,1.819
395.79,0.01819,1.819
395.80,0.01819,1.819
395.81,0.01819,1.819
395.82,0.01819,1.819
395.83,0.01819,1.819
395.84,0.01819,1.819
395.85,0.01819,1.819
395.85,0.01819,1.819
395.86,0.01819,1.819
395.87,0.01819,1.819
395.88,0.01819,1.819
395.89,0.01819,1.819
395.90,0.01819,1.819
395.91,0.01819,1.819
395.92,0.01819,1.819
395.93,0.01819,1.819
395.94,0.01819,1.819
395.95,0.01819,1.819
395.95,0.01819,1.819
395.96,0.01819,1.819
395.97,0.01819,1.819
395.98,0.01819,1.819
395.99,0.01819,1.819
396.00,0.01819,1.819
396.01,0.01819,1.819
396.02,0.01819,1.819
396.03,0.01819,1.819
396.04,0.01819,1.819
396.04,0.01819,1.819
396.05,0.01819,1.819
396.06,0.01819,1.819
396.07,0.01819,1.819
396.08,0.01819,1.819
396.09,0.01819,1.819
396.10,0.01819,1.819
396.11,0.01819,1.819
396.12,0.01819,1.819
396.13,0.01819,1.819
396.14,0.01819,1.819
396.14,0.01819,1.819
396.15,0.01819,1.819
396.16,0.01819,1.819
396.17,0.01819,1.819
396.18,0.01819,1.819
396.19,0.01819,1.819
396.20,0.01819,1.819
396.21,0.01819,1.819
396.22,0.01819,1.819
396.23,0.01819,1.819
396.23,0.01819,1.819
396.24,0.01819,1.819
396.25,0.01819,1.819
396.26,0.01819,1.819
396.27,0.01819,1.819
396.28,0.01819,1.819
396.29,0.01819,1.819
396.30,0.01819,1.819
396.31,0.01819,1.819
396.32,0.01819,1.819
396.33,0.01819,1.819
396.33,0.01819,1.819
396.34,0.01819,1.819
396.35,0.01819,1.819
396.36,0.01819,1.819
396.37,0.01819,1.819
396.38,0.01819,1.819
396.39,0.01819,1.819
396.40,0.01819,1.819
396.41,0.01819,1.819
396.42,0.01819,1.819
396.43,0.01819,1.819
396.43,0.01819,1.819
396.44,0.01819,1.819
396.45,0.01819,1.819
396.46,0.01819,1.819
396.47,0.01819,1.819
396.48,0.01819,1.819
396.49,0.01819,1.819
396.50,0.01819,1.819
396.51,0.01819,1.819
396.52,0.01819,1.819
396.52,0.01819,1.819
396.53,0.01819,1.819
396.54,0.01819,1.819
396.55,0.01819,1.819
396.56,0.01819,1.819
396.57,0.01819,1.819
396.58,0.01819,1.819
396.59,0.01819,1.819
396.60,0.01819,1.819
396.61,0.01819,1.819
396.62,0.01819,1.819
396.62,0.01819,1.819
396.63,0.01819,1.819
396.64,0.01819,1.819
396.65,0.01819,1.819
396.66,0.01819,1.819
396.67,0.01819,1.819
396.68,0.01819,1.819
396.69,0.01819,1.819
396.70,0.01819,1.819
396.71,0.01819,1.819
396.71,0.01819,1.819
396.72,0.01819,1.819
396.73,0.01819,1.819
396.74,0.01819,1.819
396.75,0.01819,1.819
396.76,0.01819,1.819
396.77,0.01819,1.819
396.78,0.01819,1.819
396.79,0.01819,1.819
396.80,0.01819,1.819
396.80,0.01819,1.819
396.81,0.01819,1.819
396.82,0.01819,1.819
396.83,0.01819,1.819
396.84,0.01819,1.819
396.85,0.01819,1.819
396.86,0.01819,1.819
396.87,0.01819,1.819
396.88,0.01819,1.819
396.89,0.01819,1.819
396.90,0.01819,1.819
396.90,0.01819,1.819
396.91,0.01819,1.819
396.92,0.01819,1.819
396.93,0.01819,1.819
396.94,0.01819,1.819
396.95,0.01819,1.819
396.96,0.01819,1.819
396.97,0.01819,1.819
396.98,0.01819,1.819
396.99,0.01819,1.819
396.99,0.01819,1.819
397.00,0.01819,1.819
397.01,0.01819,1.819
397.02,0.01819,1.819
397.03,0.01819,1.819
397.04,0.01819,1.819
397.05,0.01819,1.819
397.06,0.01819,1.819
397.07,0.01819,1.819
397.08,0.01819,1.819
397.09,0.01819,1.819
397.09,0.01819,1.819
397.10,0.01819,1.819
397.11,0.01819,1.819
397.12,0.01819,1.819
397.13,0.01819,1.819
397.14,0.01819,1.819
397.15,0.01819,1.819
397.16,0.01819,1.819
397.17,0.01819,1.819
397.18,0.01819,1.819
397.18,0.01819,1.819
397.19,0.01819,1.819
397.20,0.01819,1.819
397.21,0.01819,1.819
397.22,0.01819,1.819
397.23,0.01819,1.819
397.24,0.01819,1.819
397.25,0.01819,1.819
397.26,0.01819,1.819
397.27,0.01819,1.819
397.28,0.01819,1.819
397.28,0.01819,1.819
397.29,0.01819,1.819
397.30,0.01819,1.819
397.31,0.01819,1.819
397.32,0.01819,1.819
397.33,0.01819,1.819
397.34,0.01819,1.819
397.35,0.01819,1.819
397.36,0.01819,1.819
397.37,0.01819,1.819
397.37,0.01819,1.819
397.38,0.01819,1.819
397.39,0.01819,1.819
397.40,0.01819,1.819
397.41,0.01819,1.819
397.42,0.01819,1.819
397.43,0.01819,1.819
397.44,0.01819,1.819
397.45,0.01819,1.819
397.46,0.01819,1.819
397.47,0.01819,1.819
397.47,0.01819,1.819
397.48,0.01819,1.819
397.49,0.01819,1.819
397.50,0.01819,1.819
397.51,0.01819,1.819
397.52,0.01819,1.819
397.53,0.01819,1.819
397.54,0.01819,1.819
397.55,0.01819,1.819
397.56,0.01819,1.819
397.56,0.01819,1.819
397.57,0.01819,1.819
397.58,0.01819,1.819
397.59,0.01819,1.819
397.60,0.01819,1.819
397.61,0.01819,1.819
397.62,0.01819,1.819
397.63,0.01819,1.819
397.64,0.01819,1.819
397.65,0.01819,1.819
397.65,0.01819,1.819
397.66,0.01819,1.819
397.67,0.01819,1.819
397.68,0.01819,1.819
397.69,0.01819,1.819
397.70,0.01819,1.819
397.71,0.01819,1.819
397.72,0.01819,1.819
397.73,0.01819,1.819
397.74,0.01819,1.819
397.75,0.01819,1.819
397.75,0.01819,1.819
397.76,0.01819,1.819
397.77,0.01819,1.819
397.78,0.01819,1.819
397.79,0.01819,1.819
397.80,0.01819,1.819
397.81,0.01819,1.819
397.82,0.01819,1.819
397.83,0.01819,1.819
397.84,0.01819,1.819
397.84,0.01819,1.819
397.85,0.01819,1.819
397.86,0.01819,1.819
397.87,0.01819,1.819
397.88,0.01819,1.819
397.89,0.01819,1.819
397.90,0.01819,1.819
397.91,0.01819,1.819
397.92,0.01819,1.819
397.93,0.01819,1.819
397.94,0.01819,1.819
397.94,0.01819,1.819
397.95,0.01819,1.819
397.96,0.01819,1.819
397.97,0.01819,1.819
397.98,0.01819,1.819
397.99,0.01819,1.819
398.00,0.01819,1.819
398.01,0.01819,1.819
398.02,0.01819,1.819
398.03,0.01819,1.819
398.03,0.01819,1.819
398.04,0.01819,1.819
398.05,0.01819,1.819
398.06,0.01819,1.819
398.07,0.01819,1.819
398.08,0.01819,1.819
398.09,0.01819,1.819
398.10,0.01819,1.819
398.11,0.01819,1.819
398.12,0.01819,1.819
398.13,0.01819,1.819
398.13,0.01819,1.819
398.14,0.01819,1.819
398.15,0.01819,1.819
398.16,0.01819,1.819
398.17,0.01819,1.819
398.18,0.01819,1.819
398.19,0.01819,1.819
398.20,0.01819,1.819
398.21,0.01819,1.819
398.22,0.01819,1.819
398.22,0.01819,1.819
398.23,0.01819,1.819
398.24,0.01819,1.819
398.25,0.01819,1.819
398.26,0.01819,1.819
398.27,0.01819,1.819
398.28,0.01819,1.819
398.29,0.01819,1.819
398.30,0.01819,1.819
398.31,0.01819,1.819
398.32,0.01819,1.819
398.32,0.01819,1.819
398.33,0.01819,1.819
398.34,0.01819,1.819
398.35,0.01819,1.819
398.36,0.01819,1.819
398.37,0.01819,1.819
398.38,0.01819,1.819
398.39,0.01819,1.819
398.40,0.01819,1.819
398.41,0.01819,1.819
398.41,0.01819,1.819
398.42,0.01819,1.819
398.43,0.01819,1.819
398.44,0.01819,1.819
398.45,0.01819,1.819
398.46,0.01819,1.819
398.47,0.01819,1.819
398.48,0.01819,1.819
398.49,0.01819,1.819
398.50,0.01819,1.819
398.50,0.01819,1.819
398.51,0.01819,1.819
398.52,0.01819,1.819
398.53,0.01819,1.819
398.54,0.01819,1.819
398.55,0.01819,1.819
398.56,0.01819,1.819
398.57,0.01819,1.819
398.58,0.01819,1.819
398.59,0.01819,1.819
398.60,0.01819,1.819
398.60,0.01819,1.819
398.61,0.01819,1.819
398.62,0.01819,1.819
398.63,0.01819,1.819
398.64,0.01819,1.819
398.65,0.01819,1.819
398.66,0.01819,1.819
398.67,0.01819,1.819
398.68,0.01819,1.819
398.69,0.01819,1.819
398.69,0.01819,1.819
398.70,0.01819,1.819
398.71,0.01819,1.819
398.72,0.01819,1.819
398.73,0.01819,1.819
398.74,0.01819,1.819
398.75,0.01819,1.819
398.76,0.01819,1.819
398.77,0.01819,1.819
398.78,0.01819,1.819
398.79,0.01819,1.819
398.79,0.01820,1.820
398.80,0.01820,1.820
398.81,0.01820,1.820
398.82,0.01820,1.820
398.83,0.01820,1.820
398.84,0.01820,1.820
398.85,0.01820,1.820
398.86,0.01820,1.820
398.87,0.01820,1.820
398.88,0.01820,1.820
398.89,0.01820,1.820
398.89,0.01820,1.820
398.90,0.01820,1.820
398.91,0.01820,1.820
398.92,0.01820,1.820
398.93,0.01820,1.820
398.94,0.01820,1.820
398.95,0.01820,1.820
398.96,0.01820,1.820
398.97,0.01820,1.820
398.98,0.01820,1.820
398.98,0.01820,1.820
398.99,0.01820,1.820
399.00,0.01820,1.820
399.01,0.01820,1.820
399.02,0.01820,1.820
399.03,0.01820,1.820
399.04,0.01820,1.820
399.05,0.01820,1.820
399.06,0.01820,1.820
399.07,0.01820,1.820
399.08,0.01820,1.820
399.08,0.01820,1.820
399.09,0.01820,1.820
399.10,0.01820,1.820
399.11,0.01820,1.820
399.12,0.01820,1.820
399.13,0.01820,1.820
399.14,0.01820,1.820
399.15,0.01820,1.820
399.16,0.01820,1.820
399.17,0.01820,1.820
399.17,0.01820,1.820
399.18,0.01820,1.820
399.19,0.01820,1.820
399.20,0.01820,1.820
399.21,0.01820,1.820
399.22,0.01820,1.820
399.23,0.01820,1.820
399.24,0.01820,1.820
399.25,0.01820,1.820
399.26,0.01820,1.820
399.27,0.01820,1.820
399.27,0.01820,1.820
399.28,0.01820,1.820
399.29,0.01820,1.820
399.30,0.01820,1.820
399.31,0.01820,1.820
399.32,0.01820,1.820
399.33,0.01820,1.820
399.34,0.01820,1.820
399.35,0.01820,1.820
399.36,0.01820,1.820
399.36,0.01820,1.820
399.37,0.01820,1.820
399.38,0.01820,1.820
399.39,0.01820,1.820
399.40,0.01820,1.820
399.41,0.01820,1.820
399.42,0.01820,1.820
399.43,0.01820,1.820
399.44,0.01820,1.820
399.45,0.01820,1.820
399.46,0.01820,1.820
399.46,0.01820,1.820
399.47,0.01820,1.820
399.48,0.01820,1.820
399.49,0.01820,1.820
399.50,0.01820,1.820
399.51,0.01820,1.820
399.52,0.01820,1.820
399.53,0.01820,1.820
399.54,0.01820,1.820
399.55,0.01820,1.820
399.55,0.01820,1.820
399.56,0.01820,1.820
399.57,0.01820,1.820
399.58,0.01820,1.820
399.59,0.01820,1.820
399.60,0.01820,1.820
399.61,0.01820,1.820
399.62,0.01820,1.820
399.63,0.01820,1.820
399.64,0.01820,1.820
399.65,0.01820,1.820
399.65,0.01820,1.820
399.66,0.01820,1.820
399.67,0.01820,1.820
399.68,0.01820,1.820
399.69,0.01820,1.820
399.70,0.01820,1.820
399.71,0.01820,1.820
399.72,0.01820,1.820
399.73,0.01820,1.820
399.74,0.01820,1.820
399.74,0.01820,1.820
399.75,0.01820,1.820
399.76,0.01820,1.820
399.77,0.01820,1.820
399.78,0.01820,1.820
399.79,0.01820,1.820
399.80,0.01820,1.820
399.81,0.01820,1.820
399.82,0.01820,1.820
399.83,0.01820,1.820
399.83,0.01820,1.820
399.84,0.01820,1.820
399.85,0.01820,1.820
399.86,0.01820,1.820
399.87,0.01820,1.820
399.88,0.01820,1.820
399.89,0.01820,1.820
399.90,0.01820,1.820
399.91,0.01820,1.820
399.92,0.01820,1.820
399.93,0.01820,1.820
399.93,0.01820,1.820
399.94,0.01820,1.820
399.95,0.01820,1.820
399.96,0.01820,1.820
399.97,0.01820,1.820
399.98,0.01820,1.820
399.99,0.01820,1.820
400.00,0.01820,1.820
400.01,0.01820,1.820
400.02,0.01820,1.820
400.02,0.01820,1.820
400.03,0.01820,1.820
400.04,0.01820,1.820
400.05,0.01820,1.820
400.06,0.01820,1.820
400.07,0.01820,1.820
400.08,0.01820,1.820
400.09,0.01820,1.820
400.10,0.01820,1.820
400.11,0.01820,1.820
400.12,0.01820,1.820
400.12,0.01820,1.820
400.13,0.01820,1.820
400.14,0.01820,1.820
400.15,0.01820,1.820
400.16,0.01820,1.820
400.17,0.01820,1.820
400.18,0.01820,1.820
400.19,0.01820,1.820
400.20,0.01820,1.820
400.21,0.01820,1.820
400.21,0.01820,1.820
400.22,0.01820,1.820
400.23,0.01820,1.820
400.24,0.01820,1.820
400.25,0.01820,1.820
400.26,0.01820,1.820
400.27,0.01820,1.820
400.28,0.01820,1.820
400.29,0.01820,1.820
400.30,0.01820,1.820
400.30,0.01820,1.820
400.31,0.01820,1.820
400.32,0.01820,1.820
400.33,0.01820,1.820
400.34,0.01820,1.820
400.35,0.01820,1.820
400.36,0.01820,1.820
400.37,0.01820,1.820
400.38,0.01820,1.820
400.39,0.01820,1.820
400.40,0.01820,1.820
400.40,0.01820,1.820
400.41,0.01820,1.820
400.42,0.01820,1.820
400.43,0.01820,1.820
400.44,0.01820,1.820
400.45,0.01820,1.820
400.46,0.01820,1.820
400.47,0.01820,1.820
400.48,0.01820,1.820
400.49,0.01820,1.820
400.49,0.01820,1.820
400.50,0.01820,1.820
400.51,0.01820,1.820
400.52,0.01820,1.820
400.53,0.01820,1.820
400.54,0.01820,1.820
400.55,0.01820,1.820
400.56,0.01820,1.820
400.57,0.01820,1.820
400.58,0.01820,1.820
400.59,0.01820,1.820
400.59,0.01820,1.820
400.60,0.01820,1.820
400.61,0.01820,1.820
400.62,0.01820,1.820
400.63,0.01820,1.820
400.64,0.01820,1.820
400.65,0.01820,1.820
400.66,0.01820,1.820
400.67,0.01820,1.820
400.68,0.01820,1.820
400.68,0.01820,1.820
400.69,0.01820,1.820
400.70,0.01820,1.820
400.71,0.01820,1.820
400.72,0.01820,1.820
400.73,0.01820,1.820
400.74,0.01820,1.820
400.75,0.01820,1.820
400.76,0.01820,1.820
400.77,0.01820,1.820
400.78,0.01820,1.820
400.78,0.01820,1.820
400.79,0.01820,1.820
400.80,0.01820,1.820
400.81,0.01820,1.820
400.82,0.01820,1.820
400.83,0.01820,1.820
400.84,0.01820,1.820
400.85,0.01820,1.820
400.86,0.01820,1.820
400.87,0.01820,1.820
400.88,0.01820,1.820
400.88,0.01820,1.820
400.89,0.01820,1.820
400.90,0.01820,1.820
400.91,0.01820,1.820
400.92,0.01820,1.820
400.93,0.01820,1.820
400.94,0.01820,1.820
400.95,0.01820,1.820
400.96,0.01820,1.820
400.97,0.01820,1.820
400.97,0.01820,1.820
400.98,0.01820,1.820
400.99,0.01820,1.820
401.00,0.01820,1.820
401.01,0.01820,1.820
401.02,0.01820,1.820
401.03,0.01820,1.820
401.04,0.01820,1.820
401.05,0.01820,1.820
401.06,0.01820,1.820
401.07,0.01820,1.820
401.07,0.01820,1.820
401.08,0.01820,1.820
401.09,0.01820,1.820
401.10,0.01820,1.820
401.11,0.01820,1.820
401.12,0.01820,1.820
401.13,0.01820,1.820
401.14,0.01820,1.820
401.15,0.01820,1.820
401.16,0.01820,1.820
401.16,0.01820,1.820
401.17,0.01820,1.820
401.18,0.01820,1.820
401.19,0.01820,1.820
401.20,0.01820,1.820
401.21,0.01820,1.820
401.22,0.01820,1.820
401.23,0.01820,1.820
401.24,0.01820,1.820
401.25,0.01820,1.820
401.26,0.01820,1.820
401.26,0.01820,1.820
401.27,0.01820,1.820
401.28,0.01820,1.820
401.29,0.01820,1.820
401.30,0.01820,1.820
401.31,0.01820,1.820
401.32,0.01820,1.820
401.33,0.01820,1.820
401.34,0.01820,1.820
401.35,0.01820,1.820
401.35,0.01820,1.820
401.36,0.01820,1.820
401.37,0.01820,1.820
401.38,0.01820,1.820
401.39,0.01820,1.820
401.40,0.01820,1.820
401.41,0.01820,1.820
401.42,0.01820,1.820
401.43,0.01820,1.820
401.44,0.01820,1.820
401.45,0.01820,1.820
401.45,0.01820,1.820
401.46,0.01820,1.820
401.47,0.01820,1.820
401.48,0.01820,1.820
401.49,0.01820,1.820
401.50,0.01820,1.820
401.51,0.01820,1.820
401.52,0.01820,1.820
401.53,0.01820,1.820
401.54,0.01820,1.820
401.54,0.01820,1.820
401.55,0.01820,1.820
401.56,0.01820,1.820
401.57,0.01820,1.820
401.58,0.01820,1.820
401.59,0.01820,1.820
401.60,0.01820,1.820
401.61,0.01820,1.820
401.62,0.01820,1.820
401.63,0.01820,1.820
401.64,0.01820,1.820
401.64,0.01820,1.820
401.65,0.01820,1.820
401.66,0.01820,1.820
401.67,0.01820,1.820
401.68,0.01820,1.820
401.69,0.01820,1.820
401.70,0.01820,1.820
401.71,0.01820,1.820
401.72,0.01820,1.820
401.73,0.01820,1.820
401.73,0.01820,1.820
401.74,0.01820,1.820
401.75,0.01820,1.820
401.76,0.01820,1.820
401.77,0.01820,1.820
401.78,0.01820,1.820
401.79,0.01820,1.820
401.80,0.01820,1.820
401.81,0.01820,1.820
401.82,0.01820,1.820
401.82,0.01820,1.820
401.83,0.01820,1.820
401.84,0.01820,1.820
401.85,0.01820,1.820
401.86,0.01820,1.820
401.87,0.01820,1.820
401.88,0.01820,1.820
401.89,0.01820,1.820
401.90,0.01820,1.820
401.91,0.01820,1.820
401.92,0.01820,1.820
401.92,0.01820,1.820
401.93,0.01820,1.820
401.94,0.01820,1.820
401.95,0.01820,1.820
401.96,0.01820,1.820
401.97,0.01820,1.820
401.98,0.01820,1.820
401.99,0.01820,1.820
402.00,0.01820,1.820
402.01,0.01820,1.820
402.01,0.01820,1.820
402.02,0.01820,1.820
402.03,0.01820,1.820
402.04,0.01820,1.820
402.05,0.01820,1.820
402.06,0.01820,1.820
402.07,0.01820,1.820
402.08,0.01820,1.820
402.09,0.01820,1.820
402.10,0.01820,1.820
402.11,0.01820,1.820
402.11,0.01820,1.820
402.12,0.01820,1.820
402.13,0.01820,1.820
402.14,0.01820,1.820
402.15,0.01820,1.820
402.16,0.01820,1.820
402.17,0.01820,1.820
402.18,0.01820,1.820
402.19,0.01820,1.820
402.20,0.01820,1.820
402.20,0.01820,1.820
402.21,0.01820,1.820
402.22,0.01820,1.820
402.23,0.01820,1.820
402.24,0.01820,1.820
402.25,0.01820,1.820
402.26,0.01820,1.820
402.27,0.01820,1.820
402.28,0.01820,1.820
402.29,0.01820,1.820
402.29,0.01820,1.820
402.30,0.01820,1.820
402.31,0.01820,1.820
402.32,0.01820,1.820
402.33,0.01820,1.820
402.34,0.01820,1.820
402.35,0.01820,1.820
402.36,0.01820,1.820
402.37,0.01820,1.820
402.38,0.01820,1.820
402.39,0.01821,1.821
402.39,0.01821,1.821
402.40,0.01821,1.821
402.41,0.01821,1.821
402.42,0.01821,1.821
402.43,0.01821,1.821
402.44,0.01821,1.821
402.45,0.01821,1.821
402.46,0.01821,1.821
402.47,0.01821,1.821
402.48,0.01821,1.821
402.48,0.01821,1.821
402.49,0.01821,1.821
402.50,0.01821,1.821
402.51,0.01821,1.821
402.52,0.01821,1.821
402.53,0.01821,1.821
402.54,0.01821,1.821
402.55,0.01821,1.821
402.56,0.01821,1.821
402.57,0.01821,1.821
402.58,0.01821,1.821
402.58,0.01821,1.821
402.59,0.01821,1.821
402.60,0.01821,1.821
402.61,0.01821,1.821
402.62,0.01821,1.821
402.63,0.01821,1.821
402.64,0.01821,1.821
402.65,0.01821,1.821
402.66,0.01821,1.821
402.67,0.01821,1.821
402.67,0.01821,1.821
402.68,0.01821,1.821
402.69,0.01821,1.821
402.70,0.01821,1.821
402.71,0.01821,1.821
402.72,0.01821,1.821
402.73,0.01821,1.821
402.74,0.01821,1.821
402.75,0.01821,1.821
402.76,0.01821,1.821
402.77,0.01821,1.821
402.77,0.01821,1.821
402.78,0.01821,1.821
402.79,0.01821,1.821
402.80,0.01821,1.821
402.81,0.01821,1.821
402.82,0.01821,1.821
402.83,0.01821,1.821
402.84,0.01821,1.821
402.85,0.01821,1.821
402.86,0.01821,1.821
402.86,0.01821,1.821
402.87,0.01821,1.821
402.88,0.01821,1.821
402.89,0.01821,1.821
402.90,0.01821,1.821
402.91,0.01821,1.821
402.92,0.01821,1.821
402.93,0.01821,1.821
402.94,0.01821,1.821
402.95,0.01821,1.821
402.96,0.01821,1.821
402.96,0.01821,1.821
402.97,0.01821,1.821
402.98,0.01821,1.821
402.99,0.01821,1.821
403.00,0.01821,1.821
403.01,0.01821,1.821
403.02,0.01821,1.821
403.03,0.01821,1.821
403.04,0.01821,1.821
403.05,0.01821,1.821
403.05,0.01821,1.821
403.06,0.01821,1.821
403.07,0.01821,1.821
403.08,0.01821,1.821
403.09,0.01821,1.821
403.10,0.01821,1.821
403.11,0.01821,1.821
403.12,0.01821,1.821
403.13,0.01821,1.821
403.14,0.01821,1.821
403.15,0.01821,1.821
403.15,0.01821,1.821
403.16,0.01821,1.821
403.17,0.01821,1.821
403.18,0.01821,1.821
403.19,0.01821,1.821
403.20,0.01821,1.821
403.21,0.01821,1.821
403.22,0.01821,1.821
403.23,0.01821,1.821
403.24,0.01821,1.821
403.25,0.01821,1.821
403.25,0.01821,1.821
403.26,0.01821,1.821
403.27,0.01821,1.821
403.28,0.01821,1.821
403.29,0.01821,1.821
403.30,0.01821,1.821
403.31,0.01821,1.821
403.32,0.01821,1.821
403.33,0.01821,1.821
403.34,0.01821,1.821
403.34,0.01821,1.821
403.35,0.01821,1.821
403.36,0.01821,1.821
403.37,0.01821,1.821
403.38,0.01821,1.821
403.39,0.01821,1.821
403.40,0.01821,1.821
403.41,0.01821,1.821
403.42,0.01821,1.821
403.43,0.01821,1.821
403.44,0.01821,1.821
403.44,0.01821,1.821
403.45,0.01821,1.821
403.46,0.01821,1.821
403.47,0.01821,1.821
403.48,0.01821,1.821
403.49,0.01821,1.821
403.50,0.01821,1.821
403.51,0.01821,1.821
403.52,0.01821,1.821
403.53,0.01821,1.821
403.53,0.01821,1.821
403.54,0.01821,1.821
403.55,0.01821,1.821
403.56,0.01821,1.821
403.57,0.01821,1.821
403.58,0.01821,1.821
403.59,0.01821,1.821
403.60,0.01821,1.821
403.61,0.01821,1.821
403.62,0.01821,1.821
403.62,0.01821,1.821
403.63,0.01821,1.821
403.64,0.01821,1.821
403.65,0.01821,1.821
403.66,0.01821,1.821
403.67,0.01821,1.821
403.68,0.01821,1.821
403.69,0.01821,1.821
403.70,0.01821,1.821
403.71,0.01821,1.821
403.72,0.01821,1.821
403.72,0.01821,1.821
403.73,0.01821,1.821
403.74,0.01821,1.821
403.75,0.01821,1.821
403.76,0.01821,1.821
403.77,0.01821,1.821
403.78,0.01821,1.821
403.79,0.01821,1.821
403.80,0.01821,1.821
403.81,0.01821,1.821
403.81,0.01821,1.821
403.82,0.01821,1.821
403.83,0.01821,1.821
403.84,0.01821,1.821
403.85,0.01821,1.821
403.86,0.01821,1.821
403.87,0.01821,1.821
403.88,0.01821,1.821
403.89,0.01821,1.821
403.90,0.01821,1.821
403.90,0.01821,1.821
403.91,0.01821,1.821
403.92,0.01821,1.821
403.93,0.01821,1.821
403.94,0.01821,1.821
403.95,0.01821,1.821
403.96,0.01821,1.821
403.97,0.01821,1.821
403.98,0.01821,1.821
403.99,0.01821,1.821
404.00,0.01821,1.821
404.00,0.01821,1.821
404.01,0.01821,1.821
404.02,0.01821,1.821
404.03,0.01821,1.821
404.04,0.01821,1.821
404.05,0.01821,1.821
404.06,0.01821,1.821
404.07,0.01821,1.821
404.08,0.01821,1.821
404.09,0.01821,1.821
404.09,0.01821,1.821
404.10,0.01821,1.821
404.11,0.01821,1.821
404.12,0.01821,1.821
404.13,0.01821,1.821
404.14,0.01821,1.821
404.15,0.01821,1.821
404.16,0.01821,1.821
404.17,0.01821,1.821
404.18,0.01821,1.821
404.19,0.01821,1.821
404.19,0.01821,1.821
404.20,0.01821,1.821
404.21,0.01821,1.821
404.22,0.01821,1.821
404.23,0.01821,1.821
404.24,0.01821,1.821
404.25,0.01821,1.821
404.26,0.01821,1.821
404.27,0.01821,1.821
404.28,0.01821,1.821
404.28,0.01821,1.821
404.29,0.01821,1.821
404.30,0.01821,1.821
404.31,0.01821,1.821
404.32,0.01821,1.821
404.33,0.01821,1.821
404.34,0.01821,1.821
404.35,0.01821,1.821
404.36,0.01821,1.821
404.37,0.01821,1.821
404.37,0.01821,1.821
404.38,0.01821,1.821
404.39,0.01821,1.821
404.40,0.01821,1.821
404.41,0.01821,1.821
404.42,0.01821,1.821
404.43,0.01821,1.821
404.44,0.01821,1.821
404.45,0.01821,1.821
404.46,0.01821,1.821
404.47,0.01821,1.821
404.47,0.01821,1.821
404.48,0.01821,1.821
404.49,0.01821,1.821
404.50,0.01821,1.821
404.51,0.01821,1.821
404.52,0.01821,1.821
404.53,0.01821,1.821
404.54,0.01821,1.821
404.55,0.01821,1.821
404.56,0.01821,1.821
404.56,0.01821,1.821
404.57,0.01821,1.821
404.58,0.01821,1.821
404.59,0.01821,1.821
404.60,0.01821,1.821
404.61,0.01821,1.821
404.62,0.01821,1.821
404.63,0.01821,1.821
404.64,0.01821,1.821
404.65,0.01821,1.821
404.66,0.01821,1.821
404.66,0.01821,1.821
404.67,0.01821,1.821
404.68,0.01821,1.821
404.69,0.01821,1.821
404.70,0.01821,1.821
404.71,0.01821,1.821
404.72,0.01821,1.821
404.73,0.01821,1.821
404.74,0.01821,1.821
404.75,0.01821,1.821
404.75,0.01821,1.821
404.76,0.01821,1.821
404.77,0.01821,1.821
404.78,0.01821,1.821
404.79,0.01821,1.821
404.80,0.01821,1.821
404.81,0.01821,1.821
404.82,0.01821,1.821
404.83,0.01821,1.821
404.84,0.01821,1.821
404.85,0.01821,1.821
404.85,0.01821,1.821
404.86,0.01821,1.821
404.87,0.01821,1.821
404.88,0.01821,1.821
404.89,0.01821,1.821
404.90,0.01821,1.821
404.91,0.01821,1.821
404.92,0.01821,1.821
404.93,0.01821,1.821
404.94,0.01821,1.821
404.95,0.01821,1.821
404.95,0.01821,1.821
404.96,0.01821,1.821
404.97,0.01821,1.821
404.98,0.01821,1.821
404.99,0.01821,1.821
405.00,0.01821,1.821
405.01,0.01821,1.821
405.02,0.01821,1.821
405.03,0.01821,1.821
405.04,0.01821,1.821
405.04,0.01821,1.821
405.05,0.01821,1.821
405.06,0.01821,1.821
405.07,0.01821,1.821
405.08,0.01821,1.821
405.09,0.01821,1.821
405.10,0.01821,1.821
405.11,0.01821,1.821
405.12,0.01821,1.821
405.13,0.01821,1.821
405.14,0.01821,1.821
405.14,0.01821,1.821
405.15,0.01821,1.821
405.16,0.01821,1.821
405.17,0.01821,1.821
405.18,0.01821,1.821
405.19,0.01821,1.821
405.20,0.01821,1.821
405.21,0.01821,1.821
405.22,0.01821,1.821
405.23,0.01821,1.821
405.23,0.01821,1.821
405.24,0.01821,1.821
405.25,0.01821,1.821
405.26,0.01821,1.821
405.27,0.01821,1.821
405.28,0.01821,1.821
405.29,0.01821,1.821
405.30,0.01821,1.821
405.31,0.01821,1.821
405.32,0.01821,1.821
405.33,0.01821,1.821
405.33,0.01821,1.821
405.34,0.01821,1.821
405.35,0.01821,1.821
405.36,0.01821,1.821
405.37,0.01821,1.821
405.38,0.01821,1.821
405.39,0.01821,1.821
405.40,0.01821,1.821
405.41,0.01821,1.821
405.42,0.01821,1.821
405.42,0.01821,1.821
405.43,0.01821,1.821
405.44,0.01821,1.821
405.45,0.01821,1.821
405.46,0.01821,1.821
405.47,0.01821,1.821
405.48,0.01821,1.821
405.49,0.01821,1.821
405.50,0.01821,1.821
405.51,0.01821,1.821
405.52,0.01821,1.821
405.52,0.01821,1.821
405.53,0.01821,1.821
405.54,0.01821,1.821
405.55,0.01821,1.821
405.56,0.01821,1.821
405.57,0.01821,1.821
405.58,0.01821,1.821
405.59,0.01821,1.821
405.60,0.01821,1.821
405.61,0.01821,1.821
405.61,0.01821,1.821
405.62,0.01821,1.821
405.63,0.01821,1.821
405.64,0.01821,1.821
405.65,0.01821,1.821
405.66,0.01821,1.821
405.67,0.01821,1.821
405.68,0.01821,1.821
405.69,0.01821,1.821
405.70,0.01821,1.821
405.70,0.01821,1.821
405.71,0.01821,1.821
405.72,0.01821,1.821
405.73,0.01821,1.821
405.74,0.01821,1.821
405.75,0.01821,1.821
405.76,0.01821,1.821
405.77,0.01821,1.821
405.78,0.01821,1.821
405.79,0.01821,1.821
405.80,0.01821,1.821
405.80,0.01821,1.821
405.81,0.01821,1.821
405.82,0.01821,1.821
405.83,0.01821,1.821
405.84,0.01821,1.821
405.85,0.01821,1.821
405.86,0.01821,1.821
405.87,0.01821,1.821
405.88,0.01821,1.821
405.89,0.01821,1.821
405.89,0.01821,1.821
405.90,0.01821,1.821
405.91,0.01821,1.821
405.92,0.01821,1.821
405.93,0.01821,1.821
405.94,0.01821,1.821
405.95,0.01821,1.821
405.96,0.01821,1.821
405.97,0.01821,1.821
405.98,0.01821,1.821
405.99,0.01821,1.821
405.99,0.01821,1.821
406.00,0.01821,1.821
406.01,0.01821,1.821
406.02,0.01821,1.821
406.03,0.01821,1.821
406.04,0.01821,1.821
406.05,0.01821,1.821
406.06,0.01821,1.821
406.07,0.01821,1.821
406.08,0.01821,1.821
406.08,0.01821,1.821
406.09,0.01821,1.821
406.10,0.01821,1.821
406.11,0.01821,1.821
406.12,0.01821,1.821
406.13,0.01821,1.821
406.14,0.01821,1.821
406.15,0.01821,1.821
406.16,0.01821,1.821
406.17,0.01821,1.821
406.17,0.01822,1.822
406.18,0.01822,1.822
406.19,0.01822,1.822
406.20,0.01822,1.822
406.21,0.01822,1.822
406.22,0.01822,1.822
406.23,0.01822,1.822
406.24,0.01822,1.822
406.25,0.01822,1.822
406.26,0.01822,1.822
406.27,0.01822,1.822
406.27,0.01822,1.822
406.28,0.01822,1.822
406.29,0.01822,1.822
406.30,0.01822,1.822
406.31,0.01822,1.822
406.32,0.01822,1.822
406.33,0.01822,1.822
406.34,0.01822,1.822
406.35,0.01822,1.822
406.36,0.01822,1.822
406.36,0.01822,1.822
406.37,0.01822,1.822
406.38,0.01822,1.822
406.39,0.01822,1.822
406.40,0.01822,1.822
406.41,0.01822,1.822
406.42,0.01822,1.822
406.43,0.01822,1.822
406.44,0.01822,1.822
406.45,0.01822,1.822
406.46,0.01822,1.822
406.46,0.01822,1.822
406.47,0.01822,1.822
406.48,0.01822,1.822
406.49,0.01822,1.822
406.50,0.01822,1.822
406.51,0.01822,1.822
406.52,0.01822,1.822
406.53,0.01822,1.822
406.54,0.01822,1.822
406.55,0.01822,1.822
406.55,0.01822,1.822
406.56,0.01822,1.822
406.57,0.01822,1.822
406.58,0.01822,1.822
406.59,0.01822,1.822
406.60,0.01822,1.822
406.61,0.01822,1.822
406.62,0.01822,1.822
406.63,0.01822,1.822
406.64,0.01822,1.822
406.65,0.01822,1.822
406.65,0.01822,1.822
406.66,0.01822,1.822
406.67,0.01822,1.822
406.68,0.01822,1.822
406.69,0.01822,1.822
406.70,0.01822,1.822
406.71,0.01822,1.822
406.72,0.01822,1.822
406.73,0.01822,1.822
406.74,0.01822,1.822
406.74,0.01822,1.822
406.75,0.01822,1.822
406.76,0.01822,1.822
406.77,0.01822,1.822
406.78,0.01822,1.822
406.79,0.01822,1.822
406.80,0.01822,1.822
406.81,0.01822,1.822
406.82,0.01822,1.822
406.83,0.01822,1.822
406.83,0.01822,1.822
406.84,0.01822,1.822
406.85,0.01822,1.822
406.86,0.01822,1.822
406.87,0.01822,1.822
406.88,0.01822,1.822
406.89,0.01822,1.822
406.90,0.01822,1.822
406.91,0.01822,1.822
406.92,0.01822,1.822
406.93,0.01822,1.822
406.93,0.01822,1.822
406.94,0.01822,1.822
406.95,0.01822,1.822
406.96,0.01822,1.822
406.97,0.01822,1.822
406.98,0.01822,1.822
406.99,0.01822,1.822
407.00,0.01822,1.822
407.01,0.01822,1.822
407.02,0.01822,1.822
407.02,0.01822,1.822
407.03,0.01822,1.822
407.04,0.01822,1.822
407.05,0.01822,1.822
407.06,0.01822,1.822
407.07,0.01822,1.822
407.08,0.01822,1.822
407.09,0.01822,1.822
407.10,0.01822,1.822
407.11,0.01822,1.822
407.12,0.01822,1.822
407.12,0.01822,1.822
407.13,0.01822,1.822
407.14,0.01822,1.822
407.15,0.01822,1.822
407.16,0.01822,1.822
407.17,0.01822,1.822
407.18,0.01822,1.822
407.19,0.01822,1.822
407.20,0.01822,1.822
407.21,0.01822,1.822
407.21,0.01822,1.822
407.22,0.01822,1.822
407.23,0.01822,1.822
407.24,0.01822,1.822
407.25,0.01822,1.822
407.26,0.01822,1.822
407.27,0.01822,1.822
407.28,0.01822,1.822
407.29,0.01822,1.822
407.30,0.01822,1.822
407.31,0.01822,1.822
407.31,0.01822,1.822
407.32,0.01822,1.822
407.33,0.01822,1.822
407.34,0.01822,1.822
407.35,0.01822,1.822
407.36,0.01822,1.822
407.37,0.01822,1.822
407.38,0.01822,1.822
407.39,0.01822,1.822
407.40,0.01822,1.822
407.40,0.01822,1.822
407.41,0.01822,1.822
407.42,0.01822,1.822
407.43,0.01822,1.822
407.44,0.01822,1.822
407.45,0.01822,1.822
407.46,0.01822,1.822
407.47,0.01822,1.822
407.48,0.01822,1.822
407.49,0.01822,1.822
407.50,0.01822,1.822
407.50,0.01822,1.822
407.51,0.01822,1.822
407.52,0.01822,1.822
407.53,0.01822,1.822
407.54,0.01822,1.822
407.55,0.01822,1.822
407.56,0.01822,1.822
407.57,0.01822,1.822
407.58,0.01822,1.822
407.59,0.01822,1.822
407.59,0.01822,1.822
407.60,0.01822,1.822
407.61,0.01822,1.822
407.62,0.01822,1.822
407.63,0.01822,1.822
407.64,0.01822,1.822
407.65,0.01822,1.822
407.66,0.01822,1.822
407.67,0.01822,1.822
407.68,0.01822,1.822
407.69,0.01822,1.822
407.69,0.01822,1.822
407.70,0.01822,1.822
407.71,0.01822,1.822
407.72,0.01822,1.822
407.73,0.01822,1.822
407.74,0.01822,1.822
407.75,0.01822,1.822
407.76,0.01822,1.822
407.77,0.01822,1.822
407.78,0.01822,1.822
407.78,0.01822,1.822
407.79,0.01822,1.822
407.80,0.01822,1.822
407.81,0.01822,1.822
407.82,0.01822,1.822
407.83,0.01822,1.822
407.84,0.01822,1.822
407.85,0.01822,1.822
407.86,0.01822,1.822
407.87,0.01822,1.822
407.88,0.01822,1.822
407.88,0.01822,1.822
407.89,0.01822,1.822
407.90,0.01822,1.822
407.91,0.01822,1.822
407.92,0.01822,1.822
407.93,0.01822,1.822
407.94,0.01822,1.822
407.95,0.01822,1.822
407.96,0.01822,1.822
407.97,0.01822,1.822
407.97,0.01822,1.822
407.98,0.01822,1.822
407.99,0.01822,1.822
408.00,0.01822,1.822
408.01,0.01822,1.822
408.02,0.01822,1.822
408.03,0.01822,1.822
408.04,0.01822,1.822
408.05,0.01822,1.822
408.06,0.01822,1.822
408.07,0.01822,1.822
408.07,0.01822,1.822
408.08,0.01822,1.822
408.09,0.01822,1.822
408.10,0.01822,1.822
408.11,0.01822,1.822
408.12,0.01822,1.822
408.13,0.01822,1.822
408.14,0.01822,1.822
408.15,0.01822,1.822
408.16,0.01822,1.822
408.16,0.01822,1.822
408.17,0.01822,1.822
408.18,0.01822,1.822
408.19,0.01822,1.822
408.20,0.01822,1.822
408.21,0.01822,1.822
408.22,0.01822,1.822
408.23,0.01822,1.822
408.24,0.01822,1.822
408.25,0.01822,1.822
408.26,0.01822,1.822
408.26,0.01822,1.822
408.27,0.01822,1.822
408.28,0.01822,1.822
408.29,0.01822,1.822
408.30,0.01822,1.822
408.31,0.01822,1.822
408.32,0.01822,1.822
408.33,0.01822,1.822
408.34,0.01822,1.822
408.35,0.01822,1.822
408.35,0.01822,1.822
408.36,0.01822,1.822
408.37,0.01822,1.822
408.38,0.01822,1.822
408.39,0.01822,1.822
408.40,0.01822,1.822
408.41,0.01822,1.822
408.42,0.01822,1.822
408.43,0.01822,1.822
408.44,0.01822,1.822
408.44,0.01822,1.822
408.45,0.01822,1.822
408.46,0.01822,1.822
408.47,0.01822,1.822
408.48,0.01822,1.822
408.49,0.01822,1.822
408.50,0.01822,1.822
408.51,0.01822,1.822
408.52,0.01822,1.822
408.53,0.01822,1.822
408.54,0.01822,1.822
408.54,0.01822,1.822
408.55,0.01822,1.822
408.56,0.01822,1.822
408.57,0.01822,1.822
408.58,0.01822,1.822
408.59,0.01822,1.822
408.60,0.01822,1.822
408.61,0.01822,1.822
408.62,0.01822,1.822
408.63,0.01822,1.822
408.63,0.01822,1.822
408.64,0.01822,1.822
408.65,0.01822,1.822
408.66,0.01822,1.822
408.67,0.01822,1.822
408.68,0.01822,1.822
408.69,0.01822,1.822
408.70,0.01822,1.822
408.71,0.01822,1.822
408.72,0.01822,1.822
408.73,0.01822,1.822
408.73,0.01822,1.822
408.74,0.01822,1.822
408.75,0.01822,1.822
408.76,0.01822,1.822
408.77,0.01822,1.822
408.78,0.01822,1.822
408.79,0.01822,1.822
408.80,0.01822,1.822
408.81,0.01822,1.822
408.82,0.01822,1.822
408.82,0.01822,1.822
408.83,0.01822,1.822
408.84,0.01822,1.822
408.85,0.01822,1.822
408.86,0.01822,1.822
408.87,0.01822,1.822
408.88,0.01822,1.822
408.89,0.01822,1.822
408.90,0.01822,1.822
408.91,0.01822,1.822
408.91,0.01822,1.822
408.92,0.01822,1.822
408.93,0.01822,1.822
408.94,0.01822,1.822
408.95,0.01822,1.822
408.96,0.01822,1.822
408.97,0.01822,1.822
408.98,0.01822,1.822
408.99,0.01822,1.822
409.00,0.01822,1.822
409.01,0.01822,1.822
409.01,0.01822,1.822
409.02,0.01822,1.822
409.03,0.01822,1.822
409.04,0.01822,1.822
409.05,0.01822,1.822
409.06,0.01822,1.822
409.07,0.01822,1.822
409.08,0.01822,1.822
409.09,0.01822,1.822
409.10,0.01822,1.822
409.10,0.01822,1.822
409.11,0.01822,1.822
409.12,0.01822,1.822
409.13,0.01822,1.822
409.14,0.01822,1.822
409.15,0.01822,1.822
409.16,0.01822,1.822
409.17,0.01822,1.822
409.18,0.01822,1.822
409.19,0.01822,1.822
409.20,0.01822,1.822
409.20,0.01822,1.822
409.21,0.01822,1.822
409.22,0.01822,1.822
409.23,0.01822,1.822
409.24,0.01822,1.822
409.25,0.01822,1.822
409.26,0.01822,1.822
409.27,0.01822,1.822
409.28,0.01822,1.822
409.29,0.01822,1.822
409.29,0.01822,1.822
409.30,0.01822,1.822
409.31,0.01822,1.822
409.32,0.01822,1.822
409.33,0.01822,1.822
409.34,0.01822,1.822
409.35,0.01822,1.822
409.36,0.01822,1.822
409.37,0.01822,1.822
409.38,0.01822,1.822
409.39,0.01822,1.822
409.39,0.01822,1.822
409.40,0.01822,1.822
409.41,0.01822,1.822
409.42,0.01822,1.822
409.43,0.01822,1.822
409.44,0.01822,1.822
409.45,0.01822,1.822
409.46,0.01822,1.822
409.47,0.01822,1.822
409.48,0.01822,1.822
409.48,0.01822,1.822
409.49,0.01822,1.822
409.50,0.01822,1.822
409.51,0.01822,1.822
409.52,0.01822,1.822
409.53,0.01822,1.822
409.54,0.01822,1.822
409.55,0.01822,1.822
409.56,0.01822,1.822
409.57,0.01822,1.822
409.58,0.01822,1.822
409.58,0.01822,1.822
409.59,0.01822,1.822
409.60,0.01822,1.822
409.61,0.01822,1.822
409.62,0.01822,1.822
409.63,0.01822,1.822
409.64,0.01822,1.822
409.65,0.01822,1.822
409.66,0.01822,1.822
409.67,0.01822,1.822
409.67,0.01822,1.822
409.68,0.01822,1.822
409.69,0.01822,1.822
409.70,0.01822,1.822
409.71,0.01822,1.822
409.72,0.01822,1.822
409.73,0.01822,1.822
409.74,0.01822,1.822
409.75,0.01822,1.822
409.76,0.01822,1.822
409.77,0.01822,1.822
409.77,0.01822,1.822
409.78,0.01822,1.822
409.79,0.01822,1.822
409.80,0.01822,1.822
409.81,0.01822,1.822
409.82,0.01822,1.822
409.83,0.01822,1.822
409.84,0.01822,1.822
409.85,0.01822,1.822
409.86,0.01822,1.822
409.86,0.01822,1.822
409.87,0.01822,1.822
409.88,0.01822,1.822
409.89,0.01822,1.822
409.90,0.01822,1.822
409.91,0.01822,1.822
409.92,0.01822,1.822
409.93,0.01822,1.822
409.94,0.01822,1.822
409.95,0.01822,1.822
409.96,0.01822,1.822
409.96,0.01822,1.822
409.97,0.01822,1.822
409.98,0.01822,1.822
409.99,0.01822,1.822
410.00,0.01822,1.822
410.01,0.01822,1.822
410.02,0.01823,1.823
410.03,0.01823,1.823
410.04,0.01823,1.823
410.05,0.01823,1.823
410.05,0.01823,1.823
410.06,0.01823,1.823
410.07,0.01823,1.823
410.08,0.01823,1.823
410.09,0.01823,1.823
410.10,0.01823,1.823
410.11,0.01823,1.823
410.12,0.01823,1.823
410.13,0.01823,1.823
410.14,0.01823,1.823
410.15,0.01823,1.823
410.15,0.01823,1.823
410.16,0.01823,1.823
410.17,0.01823,1.823
410.18,0.01823,1.823
410.19,0.01823,1.823
410.20,0.01823,1.823
410.21,0.01823,1.823
410.22,0.01823,1.823
410.23,0.01823,1.823
410.24,0.01823,1.823
410.24,0.01823,1.823
410.25,0.01823,1.823
410.26,0.01823,1.823
410.27,0.01823,1.823
410.28,0.01823,1.823
410.29,0.01823,1.823
410.30,0.01823,1.823
410.31,0.01823,1.823
410.32,0.01823,1.823
410.33,0.01823,1.823
410.34,0.01823,1.823
410.34,0.01823,1.823
410.35,0.01823,1.823
410.36,0.01823,1.823
410.37,0.01823,1.823
410.38,0.01823,1.823
410.39,0.01823,1.823
410.40,0.01823,1.823
410.41,0.01823,1.823
410.42,0.01823,1.823
410.43,0.01823,1.823
410.43,0.01823,1.823
410.44,0.01823,1.823
410.45,0.01823,1.823
410.46,0.01823,1.823
410.47,0.01823,1.823
410.48,0.01823,1.823
410.49,0.01823,1.823
410.50,0.01823,1.823
410.51,0.01823,1.823
410.52,0.01823,1.823
410.52,0.01823,1.823
410.53,0.01823,1.823
410.54,0.01823,1.823
410.55,0.01823,1.823
410.56,0.01823,1.823
410.57,0.01823,1.823
410.58,0.01823,1.823
410.59,0.01823,1.823
410.60,0.01823,1.823
410.61,0.01823,1.823
410.62,0.01823,1.823
410.62,0.01823,1.823
410.63,0.01823,1.823
410.64,0.01823,1.823
410.65,0.01823,1.823
410.66,0.01823,1.823
410.67,0.01823,1.823
410.68,0.01823,1.823
410.69,0.01823,1.823
410.70,0.01823,1.823
410.71,0.01823,1.823
410.71,0.01823,1.823
410.72,0.01823,1.823
410.73,0.01823,1.823
410.74,0.01823,1.823
410.75,0.01823,1.823
410.76,0.01823,1.823
410.77,0.01823,1.823
410.78,0.01823,1.823
410.79,0.01823,1.823
410.80,0.01823,1.823
410.81,0.01823,1.823
410.81,0.01823,1.823
410.82,0.01823,1.823
410.83,0.01823,1.823
410.84,0.01823,1.823
410.85,0.01823,1.823
410.86,0.01823,1.823
410.87,0.01823,1.823
410.88,0.01823,1.823
410.89,0.01823,1.823
410.90,0.01823,1.823
410.90,0.01823,1.823
410.91,0.01823,1.823
410.92,0.01823,1.823
410.93,0.01823,1.823
410.94,0.01823,1.823
410.95,0.01823,1.823
410.96,0.01823,1.823
410.97,0.01823,1.823
410.98,0.01823,1.823
410.99,0.01823,1.823
410.99,0.01823,1.823
411.00,0.01823,1.823
411.01,0.01823,1.823
411.02,0.01823,1.823
411.03,0.01823,1.823
411.04,0.01823,1.823
411.05,0.01823,1.823
411.06,0.01823,1.823
411.07,0.01823,1.823
411.08,0.01823,1.823
411.09,0.01823,1.823
411.09,0.01823,1.823
411.10,0.01823,1.823
411.11,0.01823,1.823
411.12,0.01823,1.823
411.13,0.01823,1.823
411.14,0.01823,1.823
411.15,0.01823,1.823
411.16,0.01823,1.823
411.17,0.01823,1.823
411.18,0.01823,1.823
411.18,0.01823,1.823
411.19,0.01823,1.823
411.20,0.01823,1.823
411.21,0.01823,1.823
411.22,0.01823,1.823
411.23,0.01823,1.823
411.24,0.01823,1.823
411.25,0.01823,1.823
411.26,0.01823,1.823
411.27,0.01823,1.823
411.27,0.01823,1.823
411.28,0.01823,1.823
411.29,0.01823,1.823
411.30,0.01823,1.823
411.31,0.01823,1.823
411.32,0.01823,1.823
411.33,0.01823,1.823
411.34,0.01823,1.823
411.35,0.01823,1.823
411.36,0.01823,1.823
411.37,0.01823,1.823
411.37,0.01823,1.823
411.38,0.01823,1.823
411.39,0.01823,1.823
411.40,0.01823,1.823
411.41,0.01823,1.823
411.42,0.01823,1.823
411.43,0.01823,1.823
411.44,0.01823,1.823
411.45,0.01823,1.823
411.46,0.01823,1.823
411.46,0.01823,1.823
411.47,0.01823,1.823
411.48,0.01823,1.823
411.49,0.01823,1.823
411.50,0.01823,1.823
411.51,0.01823,1.823
411.52,0.01823,1.823
411.53,0.01823,1.823
411.54,0.01823,1.823
411.55,0.01823,1.823
411.56,0.01823,1.823
411.56,0.01823,1.823
411.57,0.01823,1.823
411.58,0.01823,1.823
411.59,0.01823,1.823
411.60,0.01823,1.823
411.61,0.01823,1.823
411.62,0.01823,1.823
411.63,0.01823,1.823
411.64,0.01823,1.823
411.65,0.01823,1.823
411.65,0.01823,1.823
411.66,0.01823,1.823
411.67,0.01823,1.823
411.68,0.01823,1.823
411.69,0.01823,1.823
411.70,0.01823,1.823
411.71,0.01823,1.823
411.72,0.01823,1.823
411.73,0.01823,1.823
411.74,0.01823,1.823
411.75,0.01823,1.823
411.75,0.01823,1.823
411.76,0.01823,1.823
411.77,0.01823,1.823
411.78,0.01823,1.823
411.79,0.01823,1.823
411.80,0.01823,1.823
411.81,0.01823,1.823
411.82,0.01823,1.823
411.83,0.01823,1.823
411.84,0.01823,1.823
411.84,0.01823,1.823
411.85,0.01823,1.823
411.86,0.01823,1.823
411.87,0.01823,1.823
411.88,0.01823,1.823
411.89,0.01823,1.823
411.90,0.01823,1.823
411.91,0.01823,1.823
411.92,0.01823,1.823
411.93,0.01823,1.823
411.94,0.01823,1.823
411.94,0.01823,1.823
411.95,0.01823,1.823
411.96,0.01823,1.823
411.97,0.01823,1.823
411.98,0.01823,1.823
411.99,0.01823,1.823
412.00,0.01823,1.823
412.01,0.01823,1.823
412.02,0.01823,1.823
412.03,0.01823,1.823
412.04,0.01823,1.823
412.04,0.01823,1.823
412.05,0.01823,1.823
412.06,0.01823,1.823
412.07,0.01823,1.823
412.08,0.01823,1.823
412.09,0.01823,1.823
412.10,0.01823,1.823
412.11,0.01823,1.823
412.12,0.01823,1.823
412.13,0.01823,1.823
412.13,0.01823,1.823
412.14,0.01823,1.823
412.15,0.01823,1.823
412.16,0.01823,1.823
412.17,0.01823,1.823
412.18,0.01823,1.823
412.19,0.01823,1.823
412.20,0.01823,1.823
412.21,0.01823,1.823
412.22,0.01823,1.823
412.23,0.01823,1.823
412.23,0.01823,1.823
412.24,0.01823,1.823
412.25,0.01823,1.823
412.26,0.01823,1.823
412.27,0.01823,1.823
412.28,0.01823,1.823
412.29,0.01823,1.823
412.30,0.01823,1.823
412.31,0.01823,1.823
412.32,0.01823,1.823
412.32,0.01823,1.823
412.33,0.01823,1.823
412.34,0.01823,1.823
412.35,0.01823,1.823
412.36,0.01823,1.823
412.37,0.01823,1.823
412.38,0.01823,1.823
412.39,0.01823,1.823
412.40,0.01823,1.823
412.41,0.01823,1.823
412.41,0.01823,1.823
412.42,0.01823,1.823
412.43,0.01823,1.823
412.44,0.01823,1.823
412.45,0.01823,1.823
412.46,0.01823,1.823
412.47,0.01823,1.823
412.48,0.01823,1.823
412.49,0.01823,1.823
412.50,0.01823,1.823
412.51,0.01823,1.823
412.51,0.01823,1.823
412.52,0.01823,1.823
412.53,0.01823,1.823
412.54,0.01823,1.823
412.55,0.01823,1.823
412.56,0.01823,1.823
412.57,0.01823,1.823
412.58,0.01823,1.823
412.59,0.01823,1.823
412.60,0.01823,1.823
412.60,0.01823,1.823
412.61,0.01823,1.823
412.62,0.01823,1.823
412.63,0.01823,1.823
412.64,0.01823,1.823
412.65,0.01823,1.823
412.66,0.01823,1.823
412.67,0.01823,1.823
412.68,0.01823,1.823
412.69,0.01823,1.823
412.69,0.01823,1.823
412.70,0.01823,1.823
412.71,0.01823,1.823
412.72,0.01823,1.823
412.73,0.01823,1.823
412.74,0.01823,1.823
412.75,0.01823,1.823
412.76,0.01823,1.823
412.77,0.01823,1.823
412.78,0.01823,1.823
412.79,0.01823,1.823
412.79,0.01823,1.823
412.80,0.01823,1.823
412.81,0.01823,1.823
412.82,0.01823,1.823
412.83,0.01823,1.823
412.84,0.01823,1.823
412.85,0.01823,1.823
412.86,0.01823,1.823
412.87,0.01823,1.823
412.88,0.01823,1.823
412.88,0.01823,1.823
412.89,0.01823,1.823
412.90,0.01823,1.823
412.91,0.01823,1.823
412.92,0.01823,1.823
412.93,0.01823,1.823
412.94,0.01823,1.823
412.95,0.01823,1.823
412.96,0.01823,1.823
412.97,0.01823,1.823
412.98,0.01823,1.823
412.98,0.01823,1.823
412.99,0.01823,1.823
413.00,0.01823,1.823
413.01,0.01823,1.823
413.02,0.01823,1.823
413.03,0.01823,1.823
413.04,0.01823,1.823
413.05,0.01823,1.823
413.06,0.01823,1.823
413.07,0.01823,1.823
413.07,0.01823,1.823
413.08,0.01823,1.823
413.09,0.01823,1.823
413.10,0.01823,1.823
413.11,0.01823,1.823
413.12,0.01823,1.823
413.13,0.01823,1.823
413.14,0.01823,1.823
413.15,0.01823,1.823
413.16,0.01823,1.823
413.16,0.01823,1.823
413.17,0.01823,1.823
413.18,0.01823,1.823
413.19,0.01823,1.823
413.20,0.01823,1.823
413.21,0.01823,1.823
413.22,0.01823,1.823
413.23,0.01823,1.823
413.24,0.01823,1.823
413.25,0.01823,1.823
413.26,0.01823,1.823
413.26,0.01823,1.823
413.27,0.01823,1.823
413.28,0.01823,1.823
413.29,0.01823,1.823
413.30,0.01823,1.823
413.31,0.01823,1.823
413.32,0.01823,1.823
413.33,0.01823,1.823
413.34,0.01823,1.823
413.35,0.01823,1.823
413.35,0.01823,1.823
413.36,0.01823,1.823
413.37,0.01823,1.823
413.38,0.01823,1.823
413.39,0.01823,1.823
413.40,0.01823,1.823
413.41,0.01823,1.823
413.42,0.01823,1.823
413.43,0.01823,1.823
413.44,0.01823,1.823
413.45,0.01823,1.823
413.45,0.01823,1.823
413.46,0.01823,1.823
413.47,0.01823,1.823
413.48,0.01823,1.823
413.49,0.01823,1.823
413.50,0.01823,1.823
413.51,0.01823,1.823
413.52,0.01823,1.823
413.53,0.01823,1.823
413.54,0.01823,1.823
413.54,0.01823,1.823
413.55,0.01823,1.823
413.56,0.01823,1.823
413.57,0.01823,1.823
413.58,0.01823,1.823
413.59,0.01823,1.823
413.60,0.01823,1.823
413.61,0.01823,1.823
413.62,0.01823,1.823
413.63,0.01823,1.823
413.64,0.01823,1.823
413.64,0.01823,1.823
413.65,0.01823,1.823
413.66,0.01823,1.823
413.67,0.01823,1.823
413.68,0.01823,1.823
413.69,0.01823,1.823
413.70,0.01823,1.823
413.71,0.01823,1.823
413.72,0.01823,1.823
413.73,0.01823,1.823
413.73,0.01823,1.823
413.74,0.01823,1.823
413.75,0.01823,1.823
413.76,0.01823,1.823
413.77,0.01823,1.823
413.78,0.01823,1.823
413.79,0.01823,1.823
413.80,0.01823,1.823
413.81,0.01823,1.823
413.82,0.01823,1.823
413.83,0.01823,1.823
413.83,0.01823,1.823
413.84,0.01823,1.823
413.85,0.01823,1.823
413.86,0.01823,1.823
413.87,0.01823,1.823
413.88,0.01823,1.823
413.89,0.01823,1.823
413.90,0.01823,1.823
413.91,0.01823,1.823
413.92,0.01823,1.823
413.92,0.01823,1.823
413.93,0.01823,1.823
413.94,0.01823,1.823
413.95,0.01823,1.823
413.96,0.01823,1.823
413.97,0.01823,1.823
413.98,0.01823,1.823
413.99,0.01823,1.823
414.00,0.01823,1.823
414.01,0.01823,1.823
414.02,0.01823,1.823
414.02,0.01823,1.823
414.03,0.01823,1.823
414.04,0.01823,1.823
414.05,0.01823,1.823
414.06,0.01823,1.823
414.07,0.01823,1.823
414.08,0.01823,1.823
414.09,0.01823,1.823
414.10,0.01823,1.823
414.11,0.01823,1.823
414.11,0.01823,1.823
414.12,0.01823,1.823
414.13,0.01823,1.823
414.14,0.01823,1.823
414.15,0.01823,1.823
414.16,0.01823,1.823
414.17,0.01823,1.823
414.18,0.01823,1.823
414.19,0.01823,1.823
414.20,0.01823,1.823
414.21,0.01823,1.823
414.21,0.01823,1.823
414.22,0.01823,1.823
414.23,0.01823,1.823
414.24,0.01823,1.823
414.25,0.01823,1.823
414.26,0.01823,1.823
414.27,0.01823,1.823
414.28,0.01823,1.823
414.29,0.01823,1.823
414.30,0.01823,1.823
414.30,0.01823,1.823
414.31,0.01823,1.823
414.32,0.01823,1.823
414.33,0.01823,1.823
414.34,0.01824,1.824
414.35,0.01824,1.824
414.36,0.01824,1.824
414.37,0.01824,1.824
414.38,0.01824,1.824
414.39,0.01824,1.824
414.40,0.01824,1.824
414.40,0.01824,1.824
414.41,0.01824,1.824
414.42,0.01824,1.824
414.43,0.01824,1.824
414.44,0.01824,1.824
414.45,0.01824,1.824
414.46,0.01824,1.824
414.47,0.01824,1.824
414.48,0.01824,1.824
414.49,0.01824,1.824
414.49,0.01824,1.824
414.50,0.01824,1.824
414.51,0.01824,1.824
414.52,0.01824,1.824
414.53,0.01824,1.824
414.54,0.01824,1.824
414.55,0.01824,1.824
414.56,0.01824,1.824
414.57,0.01824,1.824
414.58,0.01824,1.824
414.58,0.01824,1.824
414.59,0.01824,1.824
414.60,0.01824,1.824
414.61,0.01824,1.824
414.62,0.01824,1.824
414.63,0.01824,1.824
414.64,0.01824,1.824
414.65,0.01824,1.824
414.66,0.01824,1.824
414.67,0.01824,1.824
414.68,0.01824,1.824
414.68,0.01824,1.824
414.69,0.01824,1.824
414.70,0.01824,1.824
414.71,0.01824,1.824
414.72,0.01824,1.824
414.73,0.01824,1.824
414.74,0.01824,1.824
414.75,0.01824,1.824
414.76,0.01824,1.824
414.77,0.01824,1.824
414.77,0.01824,1.824
414.78,0.01824,1.824
414.79,0.01824,1.824
414.80,0.01824,1.824
414.81,0.01824,1.824
414.82,0.01824,1.824
414.83,0.01824,1.824
414.84,0.01824,1.824
414.85,0.01824,1.824
414.86,0.01824,1.824
414.87,0.01824,1.824
414.87,0.01824,1.824
414.88,0.01824,1.824
414.89,0.01824,1.824
414.90,0.01824,1.824
414.91,0.01824,1.824
414.92,0.01824,1.824
414.93,0.01824,1.824
414.94,0.01824,1.824
414.95,0.01824,1.824
414.96,0.01824,1.824
414.96,0.01824,1.824
414.97,0.01824,1.824
414.98,0.01824,1.824
414.99,0.01824,1.824
415.00,0.01824,1.824
415.01,0.01824,1.824
415.02,0.01824,1.824
415.03,0.01824,1.824
415.04,0.01824,1.824
415.05,0.01824,1.824
415.05,0.01824,1.824
415.06,0.01824,1.824
415.07,0.01824,1.824
415.08,0.01824,1.824
415.09,0.01824,1.824
415.10,0.01824,1.824
415.11,0.01824,1.824
415.12,0.01824,1.824
415.13,0.01824,1.824
415.14,0.01824,1.824
415.15,0.01824,1.824
415.15,0.01824,1.824
415.16,0.01824,1.824
415.17,0.01824,1.824
415.18,0.01824,1.824
415.19,0.01824,1.824
415.20,0.01824,1.824
415.21,0.01824,1.824
415.22,0.01824,1.824
415.23,0.01824,1.824
415.24,0.01824,1.824
415.24,0.01824,1.824
415.25,0.01824,1.824
415.26,0.01824,1.824
415.27,0.01824,1.824
415.28,0.01824,1.824
415.29,0.01824,1.824
415.30,0.01824,1.824
415.31,0.01824,1.824
415.32,0.01824,1.824
415.33,0.01824,1.824
415.34,0.01824,1.824
415.34,0.01824,1.824
415.35,0.01824,1.824
415.36,0.01824,1.824
415.37,0.01824,1.824
415.38,0.01824,1.824
415.39,0.01824,1.824
415.40,0.01824,1.824
415.41,0.01824,1.824
415.42,0.01824,1.824
415.43,0.01824,1.824
415.43,0.01824,1.824
415.44,0.01824,1.824
415.45,0.01824,1.824
415.46,0.01824,1.824
415.47,0.01824,1.824
415.48,0.01824,1.824
415.49,0.01824,1.824
415.50,0.01824,1.824
415.51,0.01824,1.824
415.52,0.01824,1.824
415.52,0.01824,1.824
415.53,0.01824,1.824
415.54,0.01824,1.824
415.55,0.01824,1.824
415.56,0.01824,1.824
415.57,0.01824,1.824
415.58,0.01824,1.824
415.59,0.01824,1.824
415.60,0.01824,1.824
415.61,0.01824,1.824
415.62,0.01824,1.824
415.62,0.01824,1.824
415.63,0.01824,1.824
415.64,0.01824,1.824
415.65,0.01824,1.824
415.66,0.01824,1.824
415.67,0.01824,1.824
415.68,0.01824,1.824
415.69,0.01824,1.824
415.70,0.01824,1.824
415.71,0.01824,1.824
415.71,0.01824,1.824
415.72,0.01824,1.824
415.73,0.01824,1.824
415.74,0.01824,1.824
415.75,0.01824,1.824
415.76,0.01824,1.824
415.77,0.01824,1.824
415.78,0.01824,1.824
415.79,0.01824,1.824
415.80,0.01824,1.824
415.81,0.01824,1.824
415.81,0.01824,1.824
415.82,0.01824,1.824
415.83,0.01824,1.824
415.84,0.01824,1.824
415.85,0.01824,1.824
415.86,0.01824,1.824
415.87,0.01824,1.824
415.88,0.01824,1.824
415.89,0.01824,1.824
415.90,0.01824,1.824
415.90,0.01824,1.824
415.91,0.01824,1.824
415.92,0.01824,1.824
415.93,0.01824,1.824
415.94,0.01824,1.824
415.95,0.01824,1.824
415.96,0.01824,1.824
415.97,0.01824,1.824
415.98,0.01824,1.824
415.99,0.01824,1.824
416.00,0.01824,1.824
416.00,0.01824,1.824
416.01,0.01824,1.824
416.02,0.01824,1.824
416.03,0.01824,1.824
416.04,0.01824,1.824
416.05,0.01824,1.824
416.06,0.01824,1.824
416.07,0.01824,1.824
416.08,0.01824,1.824
416.09,0.01824,1.824
416.09,0.01824,1.824
416.10,0.01824,1.824
416.11,0.01824,1.824
416.12,0.01824,1.824
416.13,0.01824,1.824
416.14,0.01824,1.824
416.15,0.01824,1.824
416.16,0.01824,1.824
416.17,0.01824,1.824
416.18,0.01824,1.824
416.19,0.01824,1.824
416.19,0.01824,1.824
416.20,0.01824,1.824
416.21,0.01824,1.824
416.22,0.01824,1.824
416.23,0.01824,1.824
416.24,0.01824,1.824
416.25,0.01824,1.824
416.26,0.01824,1.824
416.27,0.01824,1.824
416.28,0.01824,1.824
416.28,0.01824,1.824
416.29,0.01824,1.824
416.30,0.01824,1.824
416.31,0.01824,1.824
416.32,0.01824,1.824
416.33,0.01824,1.824
416.34,0.01824,1.824
416.35,0.01824,1.824
416.36,0.01824,1.824
416.37,0.01824,1.824
416.38,0.01824,1.824
416.38,0.01824,1.824
416.39,0.01824,1.824
416.40,0.01824,1.824
416.41,0.01824,1.824
416.42,0.01824,1.824
416.43,0.01824,1.824
416.44,0.01824,1.824
416.45,0.01824,1.824
416.46,0.01824,1.824
416.47,0.01824,1.824
416.47,0.01824,1.824
416.48,0.01824,1.824
416.49,0.01824,1.824
416.50,0.01824,1.824
416.51,0.01824,1.824
416.52,0.01824,1.824
416.53,0.01824,1.824
416.54,0.01824,1.824
416.55,0.01824,1.824
416.56,0.01824,1.824
416.57,0.01824,1.824
416.57,0.01824,1.824
416.58,0.01824,1.824
416.59,0.01824,1.824
416.60,0.01824,1.824
416.61,0.01824,1.824
416.62,0.01824,1.824
416.63,0.01824,1.824
416.64,0.01824,1.824
416.65,0.01824,1.824
416.66,0.01824,1.824
416.66,0.01824,1.824
416.67,0.01824,1.824
416.68,0.01824,1.824
416.69,0.01824,1.824
416.70,0.01824,1.824
416.71,0.01824,1.824
416.72,0.01824,1.824
416.73,0.01824,1.824
416.74,0.01824,1.824
416.75,0.01824,1.824
416.75,0.01824,1.824
416.76,0.01824,1.824
416.77,0.01824,1.824
416.78,0.01824,1.824
416.79,0.01824,1.824
416.80,0.01824,1.824
416.81,0.01824,1.824
416.82,0.01824,1.824
416.83,0.01824,1.824
416.84,0.01824,1.824
416.85,0.01824,1.824
416.85,0.01824,1.824
416.86,0.01824,1.824
416.87,0.01824,1.824
416.88,0.01824,1.824
416.89,0.01824,1.824
416.90,0.01824,1.824
416.91,0.01824,1.824
416.92,0.01824,1.824
416.93,0.01824,1.824
416.94,0.01824,1.824
416.94,0.01824,1.824
416.95,0.01824,1.824
416.96,0.01824,1.824
416.97,0.01824,1.824
416.98,0.01824,1.824
416.99,0.01824,1.824
417.00,0.01824,1.824
417.01,0.01824,1.824
417.02,0.01824,1.824
417.03,0.01824,1.824
417.04,0.01824,1.824
417.04,0.01824,1.824
417.05,0.01824,1.824
417.06,0.01824,1.824
417.07,0.01824,1.824
417.08,0.01824,1.824
417.09,0.01824,1.824
417.10,0.01824,1.824
417.11,0.01824,1.824
417.12,0.01824,1.824
417.13,0.01824,1.824
417.13,0.01824,1.824
417.14,0.01824,1.824
417.15,0.01824,1.824
417.16,0.01824,1.824
417.17,0.01824,1.824
417.18,0.01824,1.824
417.19,0.01824,1.824
417.20,0.01824,1.824
417.21,0.01824,1.824
417.22,0.01824,1.824
417.22,0.01824,1.824
417.23,0.01824,1.824
417.24,0.01824,1.824
417.25,0.01824,1.824
417.26,0.01824,1.824
417.27,0.01824,1.824
417.28,0.01824,1.824
417.29,0.01824,1.824
417.30,0.01824,1.824
417.31,0.01824,1.824
417.32,0.01824,1.824
417.32,0.01824,1.824
417.33,0.01824,1.824
417.34,0.01824,1.824
417.35,0.01824,1.824
417.36,0.01824,1.824
417.37,0.01824,1.824
417.38,0.01824,1.824
417.39,0.01824,1.824
417.40,0.01824,1.824
417.41,0.01824,1.824
417.41,0.01824,1.824
417.42,0.01824,1.824
417.43,0.01824,1.824
417.44,0.01824,1.824
417.45,0.01824,1.824
417.46,0.01824,1.824
417.47,0.01824,1.824
417.48,0.01824,1.824
417.49,0.01824,1.824
417.50,0.01824,1.824
417.51,0.01824,1.824
417.51,0.01824,1.824
417.52,0.01824,1.824
417.53,0.01824,1.824
417.54,0.01824,1.824
417.55,0.01824,1.824
417.56,0.01824,1.824
417.57,0.01824,1.824
417.58,0.01824,1.824
417.59,0.01824,1.824
417.60,0.01824,1.824
417.60,0.01824,1.824
417.61,0.01824,1.824
417.62,0.01824,1.824
417.63,0.01824,1.824
417.64,0.01824,1.824
417.65,0.01824,1.824
417.66,0.01824,1.824
417.67,0.01824,1.824
417.68,0.01824,1.824
417.69,0.01824,1.824
417.70,0.01824,1.824
417.70,0.01824,1.824
417.71,0.01824,1.824
417.72,0.01824,1.824
417.73,0.01824,1.824
417.74,0.01824,1.824
417.75,0.01824,1.824
417.76,0.01824,1.824
417.77,0.01824,1.824
417.78,0.01824,1.824
417.79,0.01824,1.824
417.79,0.01824,1.824
417.80,0.01824,1.824
417.81,0.01824,1.824
417.82,0.01824,1.824
417.83,0.01824,1.824
417.84,0.01824,1.824
417.85,0.01824,1.824
417.86,0.01824,1.824
417.87,0.01824,1.824
417.88,0.01824,1.824
417.88,0.01824,1.824
417.89,0.01824,1.824
417.90,0.01824,1.824
417.91,0.01824,1.824
417.92,0.01824,1.824
417.93,0.01824,1.824
417.94,0.01824,1.824
417.95,0.01824,1.824
417.96,0.01824,1.824
417.97,0.01824,1.824
417.98,0.01824,1.824
417.98,0.01824,1.824
417.99,0.01824,1.824
418.00,0.01824,1.824
418.01,0.01824,1.824
418.02,0.01824,1.824
418.03,0.01824,1.824
418.04,0.01824,1.824
418.05,0.01824,1.824
418.06,0.01824,1.824
418.07,0.01824,1.824
418.07,0.01824,1.824
418.08,0.01824,1.824
418.09,0.01824,1.824
418.10,0.01824,1.824
418.11,0.01824,1.824
418.12,0.01824,1.824
418.13,0.01824,1.824
418.14,0.01824,1.824
418.15,0.01824,1.824
418.16,0.01824,1.824
418.17,0.01824,1.824
418.17,0.01824,1.824
418.18,0.01824,1.824
418.19,0.01824,1.824
418.20,0.01824,1.824
418.21,0.01824,1.824
418.22,0.01824,1.824
418.23,0.01824,1.824
418.24,0.01824,1.824
418.25,0.01824,1.824
418.26,0.01824,1.824
418.26,0.01824,1.824
418.27,0.01824,1.824
418.28,0.01824,1.824
418.29,0.01824,1.824
418.30,0.01824,1.824
418.31,0.01824,1.824
418.32,0.01824,1.824
418.33,0.01824,1.824
418.34,0.01824,1.824
418.35,0.01824,1.824
418.36,0.01824,1.824
418.36,0.01824,1.824
418.37,0.01824,1.824
418.38,0.01824,1.824
418.39,0.01824,1.824
418.40,0.01824,1.824
418.41,0.01824,1.824
418.42,0.01824,1.824
418.43,0.01824,1.824
418.44,0.01824,1.824
418.45,0.01824,1.824
418.45,0.01824,1.824
418.46,0.01824,1.824
418.47,0.01824,1.824
418.48,0.01824,1.824
418.49,0.01824,1.824
418.50,0.01824,1.824
418.51,0.01824,1.824
418.52,0.01824,1.824
418.53,0.01824,1.824
418.54,0.01824,1.824
418.55,0.01824,1.824
418.55,0.01824,1.824
418.56,0.01824,1.824
418.57,0.01824,1.824
418.58,0.01824,1.824
418.59,0.01824,1.824
418.60,0.01824,1.824
418.61,0.01824,1.824
418.62,0.01824,1.824
418.63,0.01824,1.824
418.64,0.01824,1.824
418.64,0.01824,1.824
418.65,0.01824,1.824
418.66,0.01824,1.824
418.67,0.01824,1.824
418.68,0.01824,1.824
418.69,0.01824,1.824
418.70,0.01824,1.824
418.71,0.01824,1.824
418.72,0.01824,1.824
418.73,0.01824,1.824
418.74,0.01824,1.824
418.74,0.01824,1.824
418.75,0.01824,1.824
418.76,0.01824,1.824
418.77,0.01824,1.824
418.78,0.01824,1.824
418.79,0.01824,1.824
418.80,0.01824,1.824
418.81,0.01824,1.824
418.82,0.01824,1.824
418.83,0.01824,1.824
418.83,0.01824,1.824
418.84,0.01824,1.824
418.85,0.01824,1.824
418.86,0.01824,1.824
418.87,0.01824,1.824
418.88,0.01824,1.824
418.89,0.01824,1.824
418.90,0.01824,1.824
418.91,0.01824,1.824
418.92,0.01824,1.824
418.93,0.01824,1.824
418.93,0.01824,1.824
418.94,0.01824,1.824
418.95,0.01824,1.824
418.96,0.01824,1.824
418.97,0.01824,1.824
418.98,0.01824,1.824
418.99,0.01824,1.824
419.00,0.01824,1.824
419.01,0.01824,1.824
419.02,0.01824,1.824
419.02,0.01824,1.824
419.03,0.01824,1.824
419.04,0.01824,1.824
419.05,0.01824,1.824
419.06,0.01824,1.824
419.07,0.01824,1.824
419.08,0.01824,1.824
419.09,0.01824,1.824
419.10,0.01824,1.824
419.11,0.01824,1.824
419.12,0.01824,1.824
419.12,0.01824,1.824
419.13,0.01824,1.824
419.14,0.01824,1.824
419.15,0.01824,1.824
419.16,0.01824,1.824
419.17,0.01824,1.824
419.18,0.01824,1.824
419.19,0.01824,1.824
419.20,0.01824,1.824
419.21,0.01824,1.824
419.21,0.01824,1.824
419.22,0.01824,1.824
419.23,0.01824,1.824
419.24,0.01824,1.824
419.25,0.01824,1.824
419.26,0.01824,1.824
419.27,0.01824,1.824
419.28,0.01824,1.824
419.29,0.01824,1.824
419.30,0.01824,1.824
419.30,0.01824,1.824
419.31,0.01824,1.824
419.32,0.01824,1.824
419.33,0.01824,1.824
419.34,0.01824,1.824
419.35,0.01824,1.824
419.36,0.01824,1.824
419.37,0.01824,1.824
419.38,0.01824,1.824
419.39,0.01824,1.824
419.40,0.01824,1.824
419.40,0.01824,1.824
419.41,0.01824,1.824
419.42,0.01824,1.824
419.43,0.01824,1.824
419.44,0.01824,1.824
419.45,0.01824,1.824
419.46,0.01824,1.824
419.47,0.01824,1.824
419.48,0.01824,1.824
419.49,0.01824,1.824
419.49,0.01824,1.824
419.50,0.01824,1.824
419.51,0.01825,1.825
419.52,0.01825,1.825
419.53,0.01825,1.825
419.54,0.01825,1.825
419.55,0.01825,1.825
419.56,0.01825,1.825
419.57,0.01825,1.825
419.58,0.01825,1.825
419.58,0.01825,1.825
419.59,0.01825,1.825
419.60,0.01825,1.825
419.61,0.01825,1.825
419.62,0.01825,1.825
419.63,0.01825,1.825
419.64,0.01825,1.825
419.65,0.01825,1.825
419.66,0.01825,1.825
419.67,0.01825,1.825
419.68,0.01825,1.825
419.68,0.01825,1.825
419.69,0.01825,1.825
419.70,0.01825,1.825
419.71,0.01825,1.825
419.72,0.01825,1.825
419.73,0.01825,1.825
419.74,0.01825,1.825
419.75,0.01825,1.825
419.76,0.01825,1.825
419.77,0.01825,1.825
419.77,0.01825,1.825
419.78,0.01825,1.825
419.79,0.01825,1.825
419.80,0.01825,1.825
419.81,0.01825,1.825
419.82,0.01825,1.825
419.83,0.01825,1.825
419.84,0.01825,1.825
419.85,0.01825,1.825
419.86,0.01825,1.825
419.86,0.01825,1.825
419.87,0.01825,1.825
419.88,0.01825,1.825
419.89,0.01825,1.825
419.90,0.01825,1.825
419.91,0.01825,1.825
419.92,0.01825,1.825
419.93,0.01825,1.825
419.94,0.01825,1.825
419.95,0.01825,1.825
419.96,0.01825,1.825
419.96,0.01825,1.825
419.97,0.01825,1.825
419.98,0.01825,1.825
419.99,0.01825,1.825
420.00,0.01825,1.825
420.01,0.01825,1.825
420.02,0.01825,1.825
420.03,0.01825,1.825
420.04,0.01825,1.825
420.05,0.01825,1.825
420.05,0.01825,1.825
420.06,0.01825,1.825
420.07,0.01825,1.825
420.08,0.01825,1.825
420.09,0.01825,1.825
420.10,0.01825,1.825
420.11,0.01825,1.825
420.12,0.01825,1.825
420.13,0.01825,1.825
420.14,0.01825,1.825
420.15,0.01825,1.825
420.15,0.01825,1.825
420.16,0.01825,1.825
420.17,0.01825,1.825
420.18,0.01825,1.825
420.19,0.01825,1.825
420.20,0.01825,1.825
420.21,0.01825,1.825
420.22,0.01825,1.825
420.23,0.01825,1.825
420.24,0.01825,1.825
420.24,0.01825,1.825
420.25,0.01825,1.825
420.26,0.01825,1.825
420.27,0.01825,1.825
420.28,0.01825,1.825
420.29,0.01825,1.825
420.30,0.01825,1.825
420.31,0.01825,1.825
420.32,0.01825,1.825
420.33,0.01825,1.825
420.34,0.01825,1.825
420.34,0.01825,1.825
420.35,0.01825,1.825
420.36,0.01825,1.825
420.37,0.01825,1.825
420.38,0.01825,1.825
420.39,0.01825,1.825
420.40,0.01825,1.825
420.41,0.01825,1.825
420.42,0.01825,1.825
420.43,0.01825,1.825
420.43,0.01825,1.825
420.44,0.01825,1.825
420.45,0.01825,1.825
420.46,0.01825,1.825
420.47,0.01825,1.825
420.48,0.01825,1.825
420.49,0.01825,1.825
420.50,0.01825,1.825
420.51,0.01825,1.825
420.52,0.01825,1.825
420.53,0.01825,1.825
420.53,0.01825,1.825
420.54,0.01825,1.825
420.55,0.01825,1.825
420.56,0.01825,1.825
420.57,0.01825,1.825
420.58,0.01825,1.825
420.59,0.01825,1.825
420.60,0.01825,1.825
420.61,0.01825,1.825
420.62,0.01825,1.825
420.62,0.01825,1.825
420.63,0.01825,1.825
420.64,0.01825,1.825
420.65,0.01825,1.825
420.66,0.01825,1.825
420.67,0.01825,1.825
420.68,0.01825,1.825
420.69,0.01825,1.825
420.70,0.01825,1.825
420.71,0.01825,1.825
420.72,0.01825,1.825
420.72,0.01825,1.825
420.73,0.01825,1.825
420.74,0.01825,1.825
420.75,0.01825,1.825
420.76,0.01825,1.825
420.77,0.01825,1.825
420.78,0.01825,1.825
420.79,0.01825,1.825
420.80,0.01825,1.825
420.81,0.01825,1.825
420.81,0.01825,1.825
420.82,0.01825,1.825
420.83,0.01825,1.825
420.84,0.01825,1.825
420.85,0.01825,1.825
420.86,0.01825,1.825
420.87,0.01825,1.825
420.88,0.01825,1.825
420.89,0.01825,1.825
420.90,0.01825,1.825
420.91,0.01825,1.825
420.91,0.01825,1.825
420.92,0.01825,1.825
420.93,0.01825,1.825
420.94,0.01825,1.825
420.95,0.01825,1.825
420.96,0.01825,1.825
420.97,0.01825,1.825
420.98,0.01825,1.825
420.99,0.01825,1.825
421.00,0.01825,1.825
421.00,0.01825,1.825
421.01,0.01825,1.825
421.02,0.01825,1.825
421.03,0.01825,1.825
421.04,0.01825,1.825
421.05,0.01825,1.825
421.06,0.01825,1.825
421.07,0.01825,1.825
421.08,0.01825,1.825
421.09,0.01825,1.825
421.10,0.01825,1.825
421.10,0.01825,1.825
421.11,0.01825,1.825
421.12,0.01825,1.825
421.13,0.01825,1.825
421.14,0.01825,1.825
421.15,0.01825,1.825
421.16,0.01825,1.825
421.17,0.01825,1.825
421.18,0.01825,1.825
421.19,0.01825,1.825
421.19,0.01825,1.825
421.20,0.01825,1.825
421.21,0.01825,1.825
421.22,0.01825,1.825
421.23,0.01825,1.825
421.24,0.01825,1.825
421.25,0.01825,1.825
421.26,0.01825,1.825
421.27,0.01825,1.825
421.28,0.01825,1.825
421.29,0.01825,1.825
421.29,0.01825,1.825
421.30,0.01825,1.825
421.31,0.01825,1.825
421.32,0.01825,1.825
421.33,0.01825,1.825
421.34,0.01825,1.825
421.35,0.01825,1.825
421.36,0.01825,1.825
421.37,0.01825,1.825
421.38,0.01825,1.825
421.38,0.01825,1.825
421.39,0.01825,1.825
421.40,0.01825,1.825
421.41,0.01825,1.825
421.42,0.01825,1.825
421.43,0.01825,1.825
421.44,0.01825,1.825
421.45,0.01825,1.825
421.46,0.01825,1.825
421.47,0.01825,1.825
421.47,0.01825,1.825
421.48,0.01825,1.825
421.49,0.01825,1.825
421.50,0.01825,1.825
421.51,0.01825,1.825
421.52,0.01825,1.825
421.53,0.01825,1.825
421.54,0.01825,1.825
421.55,0.01825,1.825
421.56,0.01825,1.825
421.57,0.01825,1.825
421.57,0.01825,1.825
421.58,0.01825,1.825
421.59,0.01825,1.825
421.60,0.01825,1.825
421.61,0.01825,1.825
421.62,0.01825,1.825
421.63,0.01825,1.825
421.64,0.01825,1.825
421.65,0.01825,1.825
421.66,0.01825,1.825
421.66,0.01825,1.825
421.67,0.01825,1.825
421.68,0.01825,1.825
421.69,0.01825,1.825
421.70,0.01825,1.825
421.71,0.01825,1.825
421.72,0.01825,1.825
421.73,0.01825,1.825
421.74,0.01825,1.825
421.75,0.01825,1.825
421.75,0.01825,1.825
421.76,0.01825,1.825
421.77,0.01825,1.825
421.78,0.01825,1.825
421.79,0.01825,1.825
421.80,0.01825,1.825
421.81,0.01825,1.825
421.82,0.01825,1.825
421.83,0.01825,1.825
421.84,0.01825,1.825
421.85,0.01825,1.825
421.85,0.01825,1.825
421.86,0.01825,1.825
421.87,0.01825,1.825
421.88,0.01825,1.825
421.89,0.01825,1.825
421.90,0.01825,1.825
421.91,0.01825,1.825
421.92,0.01825,1.825
421.93,0.01825,1.825
421.94,0.01825,1.825
421.94,0.01825,1.825
421.95,0.01825,1.825
421.96,0.01825,1.825
421.97,0.01825,1.825
421.98,0.01825,1.825
421.99,0.01825,1.825
422.00,0.01825,1.825
422.01,0.01825,1.825
422.02,0.01825,1.825
422.03,0.01825,1.825
422.04,0.01825,1.825
422.04,0.01825,1.825
422.05,0.01825,1.825
422.06,0.01825,1.825
422.07,0.01825,1.825
422.08,0.01825,1.825
422.09,0.01825,1.825
422.10,0.01825,1.825
422.11,0.01825,1.825
422.12,0.01825,1.825
422.13,0.01825,1.825
422.13,0.01825,1.825
422.14,0.01825,1.825
422.15,0.01825,1.825
422.16,0.01825,1.825
422.17,0.01825,1.825
422.18,0.01825,1.825
422.19,0.01825,1.825
422.20,0.01825,1.825
422.21,0.01825,1.825
422.22,0.01825,1.825
422.22,0.01825,1.825
422.23,0.01825,1.825
422.24,0.01825,1.825
422.25,0.01825,1.825
422.26,0.01825,1.825
422.27,0.01825,1.825
422.28,0.01825,1.825
422.29,0.01825,1.825
422.30,0.01825,1.825
422.31,0.01825,1.825
422.32,0.01825,1.825
422.32,0.01825,1.825
422.33,0.01825,1.825
422.34,0.01825,1.825
422.35,0.01825,1.825
422.36,0.01825,1.825
422.37,0.01825,1.825
422.38,0.01825,1.825
422.39,0.01825,1.825
422.40,0.01825,1.825
422.41,0.01825,1.825
422.41,0.01825,1.825
422.42,0.01825,1.825
422.43,0.01825,1.825
422.44,0.01825,1.825
422.45,0.01825,1.825
422.46,0.01825,1.825
422.47,0.01825,1.825
422.48,0.01825,1.825
422.49,0.01825,1.825
422.50,0.01825,1.825
422.51,0.01825,1.825
422.51,0.01825,1.825
422.52,0.01825,1.825
422.53,0.01825,1.825
422.54,0.01825,1.825
422.55,0.01825,1.825
422.56,0.01825,1.825
422.57,0.01825,1.825
422.58,0.01825,1.825
422.59,0.01825,1.825
422.60,0.01825,1.825
422.60,0.01825,1.825
422.61,0.01825,1.825
422.62,0.01825,1.825
422.63,0.01825,1.825
422.64,0.01825,1.825
422.65,0.01825,1.825
422.66,0.01825,1.825
422.67,0.01825,1.825
422.68,0.01825,1.825
422.69,0.01825,1.825
422.70,0.01825,1.825
422.70,0.01825,1.825
422.71,0.01825,1.825
422.72,0.01825,1.825
422.73,0.01825,1.825
422.74,0.01825,1.825
422.75,0.01825,1.825
422.76,0.01825,1.825
422.77,0.01825,1.825
422.78,0.01825,1.825
422.79,0.01825,1.825
422.79,0.01825,1.825
422.80,0.01825,1.825
422.81,0.01825,1.825
422.82,0.01825,1.825
422.83,0.01825,1.825
422.84,0.01825,1.825
422.85,0.01825,1.825
422.86,0.01825,1.825
422.87,0.01825,1.825
422.88,0.01825,1.825
422.89,0.01825,1.825
422.89,0.01825,1.825
422.90,0.01825,1.825
422.91,0.01825,1.825
422.92,0.01825,1.825
422.93,0.01825,1.825
422.94,0.01825,1.825
422.95,0.01825,1.825
422.96,0.01825,1.825
422.97,0.01825,1.825
422.98,0.01825,1.825
422.98,0.01825,1.825
422.99,0.01825,1.825
423.00,0.01825,1.825
423.01,0.01825,1.825
423.02,0.01825,1.825
423.03,0.01825,1.825
423.04,0.01825,1.825
423.05,0.01825,1.825
423.06,0.01825,1.825
423.07,0.01825,1.825
423.08,0.01825,1.825
423.08,0.01825,1.825
423.09,0.01825,1.825
423.10,0.01825,1.825
423.11,0.01825,1.825
423.12,0.01825,1.825
423.13,0.01825,1.825
423.14,0.01825,1.825
423.15,0.01825,1.825
423.16,0.01825,1.825
423.17,0.01825,1.825
423.17,0.01825,1.825
423.18,0.01825,1.825
423.19,0.01825,1.825
423.20,0.01825,1.825
423.21,0.01825,1.825
423.22,0.01825,1.825
423.23,0.01825,1.825
423.24,0.01825,1.825
423.25,0.01825,1.825
423.26,0.01825,1.825
423.27,0.01825,1.825
423.27,0.01825,1.825
423.28,0.01825,1.825
423.29,0.01825,1.825
423.30,0.01825,1.825
423.31,0.01825,1.825
423.32,0.01825,1.825
423.33,0.01825,1.825
423.34,0.01825,1.825
423.35,0.01825,1.825
423.36,0.01825,1.825
423.36,0.01825,1.825
423.37,0.01825,1.825
423.38,0.01825,1.825
423.39,0.01825,1.825
423.40,0.01825,1.825
423.41,0.01825,1.825
423.42,0.01825,1.825
423.43,0.01825,1.825
423.44,0.01825,1.825
423.45,0.01825,1.825
423.45,0.01825,1.825
423.46,0.01825,1.825
423.47,0.01825,1.825
423.48,0.01825,1.825
423.49,0.01825,1.825
423.50,0.01825,1.825
423.51,0.01825,1.825
423.52,0.01825,1.825
423.53,0.01825,1.825
423.54,0.01825,1.825
423.55,0.01825,1.825
423.55,0.01825,1.825
423.56,0.01825,1.825
423.57,0.01825,1.825
423.58,0.01825,1.825
423.59,0.01825,1.825
423.60,0.01825,1.825
423.61,0.01825,1.825
423.62,0.01825,1.825
423.63,0.01825,1.825
423.64,0.01825,1.825
423.64,0.01825,1.825
423.65,0.01825,1.825
423.66,0.01825,1.825
423.67,0.01825,1.825
423.68,0.01825,1.825
423.69,0.01825,1.825
423.70,0.01825,1.825
423.71,0.01825,1.825
423.72,0.01825,1.825
423.73,0.01825,1.825
423.73,0.01825,1.825
423.74,0.01825,1.825
423.75,0.01825,1.825
423.76,0.01825,1.825
423.77,0.01825,1.825
423.78,0.01825,1.825
423.79,0.01825,1.825
423.80,0.01825,1.825
423.81,0.01825,1.825
423.82,0.01825,1.825
423.83,0.01825,1.825
423.83,0.01825,1.825
423.84,0.01825,1.825
423.85,0.01825,1.825
423.86,0.01825,1.825
423.87,0.01825,1.825
423.88,0.01825,1.825
423.89,0.01825,1.825
423.90,0.01825,1.825
423.91,0.01825,1.825
423.92,0.01825,1.825
423.92,0.01825,1.825
423.93,0.01825,1.825
423.94,0.01825,1.825
423.95,0.01825,1.825
423.96,0.01825,1.825
423.97,0.01825,1.825
423.98,0.01825,1.825
423.99,0.01825,1.825
424.00,0.01825,1.825
424.01,0.01825,1.825
424.01,0.01825,1.825
424.02,0.01825,1.825
424.03,0.01825,1.825
424.04,0.01825,1.825
424.05,0.01825,1.825
424.06,0.01825,1.825
424.07,0.01825,1.825
424.08,0.01825,1.825
424.09,0.01825,1.825
424.10,0.01825,1.825
424.11,0.01825,1.825
424.11,0.01825,1.825
424.12,0.01825,1.825
424.13,0.01825,1.825
424.14,0.01825,1.825
424.15,0.01825,1.825
424.16,0.01825,1.825
424.17,0.01825,1.825
424.18,0.01825,1.825
424.19,0.01825,1.825
424.20,0.01825,1.825
424.20,0.01825,1.825
424.21,0.01825,1.825
424.22,0.01825,1.825
424.23,0.01825,1.825
424.24,0.01825,1.825
424.25,0.01825,1.825
424.26,0.01825,1.825
424.27,0.01825,1.825
424.28,0.01825,1.825
424.29,0.01825,1.825
424.30,0.01825,1.825
424.30,0.01825,1.825
424.31,0.01825,1.825
424.32,0.01825,1.825
424.33,0.01825,1.825
424.34,0.01825,1.825
424.35,0.01825,1.825
424.36,0.01825,1.825
424.37,0.01825,1.825
424.38,0.01825,1.825
424.39,0.01825,1.825
424.39,0.01825,1.825
424.40,0.01825,1.825
424.41,0.01825,1.825
424.42,0.01825,1.825
424.43,0.01825,1.825
424.44,0.01825,1.825
424.45,0.01825,1.825
424.46,0.01825,1.825
424.47,0.01825,1.825
424.48,0.01825,1.825
424.49,0.01825,1.825
424.49,0.01825,1.825
424.50,0.01825,1.825
424.51,0.01825,1.825
424.52,0.01825,1.825
424.53,0.01825,1.825
424.54,0.01825,1.825
424.55,0.01825,1.825
424.56,0.01825,1.825
424.57,0.01825,1.825
424.58,0.01825,1.825
424.58,0.01825,1.825
424.59,0.01825,1.825
424.60,0.01825,1.825
424.61,0.01825,1.825
424.62,0.01825,1.825
424.63,0.01825,1.825
424.64,0.01825,1.825
424.65,0.01825,1.825
424.66,0.01825,1.825
424.67,0.01825,1.825
424.68,0.01825,1.825
424.68,0.01825,1.825
424.69,0.01825,1.825
424.70,0.01825,1.825
424.71,0.01825,1.825
424.72,0.01825,1.825
424.73,0.01825,1.825
424.74,0.01825,1.825
424.75,0.01825,1.825
424.76,0.01825,1.825
424.77,0.01825,1.825
424.77,0.01825,1.825
424.78,0.01825,1.825
424.79,0.01825,1.825
424.80,0.01825,1.825
424.81,0.01825,1.825
424.82,0.01825,1.825
424.83,0.01825,1.825
424.84,0.01825,1.825
424.85,0.01825,1.825
424.86,0.01825,1.825
424.87,0.01825,1.825
424.87,0.01825,1.825
424.88,0.01825,1.825
424.89,0.01825,1.825
424.90,0.01825,1.825
424.91,0.01825,1.825
424.92,0.01825,1.825
424.93,0.01825,1.825
424.94,0.01825,1.825
424.95,0.01825,1.825
424.96,0.01825,1.825
424.96,0.01825,1.825
424.97,0.01825,1.825
424.98,0.01825,1.825
424.99,0.01825,1.825
425.00,0.01825,1.825
425.01,0.01825,1.825
425.02,0.01825,1.825
425.03,0.01826,1.826
425.04,0.01826,1.826
425.05,0.01826,1.826
425.06,0.01826,1.826
425.06,0.01826,1.826
425.07,0.01826,1.826
425.08,0.01826,1.826
425.09,0.01826,1.826
425.10,0.01826,1.826
425.11,0.01826,1.826
425.12,0.01826,1.826
425.13,0.01826,1.826
425.14,0.01826,1.826
425.15,0.01826,1.826
425.15,0.01826,1.826
425.16,0.01826,1.826
425.17,0.01826,1.826
425.18,0.01826,1.826
425.19,0.01826,1.826
425.20,0.01826,1.826
425.21,0.01826,1.826
425.22,0.01826,1.826
425.23,0.01826,1.826
425.24,0.01826,1.826
425.25,0.01826,1.826
425.25,0.01826,1.826
425.26,0.01826,1.826
425.27,0.01826,1.826
425.28,0.01826,1.826
425.29,0.01826,1.826
425.30,0.01826,1.826
425.31,0.01826,1.826
425.32,0.01826,1.826
425.33,0.01826,1.826
425.34,0.01826,1.826
425.34,0.01826,1.826
425.35,0.01826,1.826
425.36,0.01826,1.826
425.37,0.01826,1.826
425.38,0.01826,1.826
425.39,0.01826,1.826
425.40,0.01826,1.826
425.41,0.01826,1.826
425.42,0.01826,1.826
425.43,0.01826,1.826
425.43,0.01826,1.826
425.44,0.01826,1.826
425.45,0.01826,1.826
425.46,0.01826,1.826
425.47,0.01826,1.826
425.48,0.01826,1.826
425.49,0.01826,1.826
425.50,0.01826,1.826
425.51,0.01826,1.826
425.52,0.01826,1.826
425.53,0.01826,1.826
425.53,0.01826,1.826
425.54,0.01826,1.826
425.55,0.01826,1.826
425.56,0.01826,1.826
425.57,0.01826,1.826
425.58,0.01826,1.826
425.59,0.01826,1.826
425.60,0.01826,1.826
425.61,0.01826,1.826
425.62,0.01826,1.826
425.62,0.01826,1.826
425.63,0.01826,1.826
425.64,0.01826,1.826
425.65,0.01826,1.826
425.66,0.01826,1.826
425.67,0.01826,1.826
425.68,0.01826,1.826
425.69,0.01826,1.826
425.70,0.01826,1.826
425.71,0.01826,1.826
425.72,0.01826,1.826
425.72,0.01826,1.826
425.73,0.01826,1.826
425.74,0.01826,1.826
425.75,0.01826,1.826
425.76,0.01826,1.826
425.77,0.01826,1.826
425.78,0.01826,1.826
425.79,0.01826,1.826
425.80,0.01826,1.826
425.81,0.01826,1.826
425.81,0.01826,1.826
425.82,0.01826,1.826
425.83,0.01826,1.826
425.84,0.01826,1.826
425.85,0.01826,1.826
425.86,0.01826,1.826
425.87,0.01826,1.826
425.88,0.01826,1.826
425.89,0.01826,1.826
425.90,0.01826,1.826
425.90,0.01826,1.826
425.91,0.01826,1.826
425.92,0.01826,1.826
425.93,0.01826,1.826
425.94,0.01826,1.826
425.95,0.01826,1.826
425.96,0.01826,1.826
425.97,0.01826,1.826
425.98,0.01826,1.826
425.99,0.01826,1.826
426.00,0.01826,1.826
426.00,0.01826,1.826
426.01,0.01826,1.826
426.02,0.01826,1.826
426.03,0.01826,1.826
426.04,0.01826,1.826
426.05,0.01826,1.826
426.06,0.01826,1.826
426.07,0.01826,1.826
426.08,0.01826,1.826
426.09,0.01826,1.826
426.09,0.01826,1.826
426.10,0.01826,1.826
426.11,0.01826,1.826
426.12,0.01826,1.826
426.13,0.01826,1.826
426.14,0.01826,1.826
426.15,0.01826,1.826
426.16,0.01826,1.826
426.17,0.01826,1.826
426.18,0.01826,1.826
426.19,0.01826,1.826
426.19,0.01826,1.826
426.20,0.01826,1.826
426.21,0.01826,1.826
426.22,0.01826,1.826
426.23,0.01826,1.826
426.24,0.01826,1.826
426.25,0.01826,1.826
426.26,0.01826,1.826
426.27,0.01826,1.826
426.28,0.01826,1.826
426.28,0.01826,1.826
426.29,0.01826,1.826
426.30,0.01826,1.826
426.31,0.01826,1.826
426.32,0.01826,1.826
426.33,0.01826,1.826
426.34,0.01826,1.826
426.35,0.01826,1.826
426.36,0.01826,1.826
426.37,0.01826,1.826
426.37,0.01826,1.826
426.38,0.01826,1.826
426.39,0.01826,1.826
426.40,0.01826,1.826
426.41,0.01826,1.826
426.42,0.01826,1.826
426.43,0.01826,1.826
426.44,0.01826,1.826
426.45,0.01826,1.826
426.46,0.01826,1.826
426.47,0.01826,1.826
426.47,0.01826,1.826
426.48,0.01826,1.826
426.49,0.01826,1.826
426.50,0.01826,1.826
426.51,0.01826,1.826
426.52,0.01826,1.826
426.53,0.01826,1.826
426.54,0.01826,1.826
426.55,0.01826,1.826
426.56,0.01826,1.826
426.56,0.01826,1.826
426.57,0.01826,1.826
426.58,0.01826,1.826
426.59,0.01826,1.826
426.60,0.01826,1.826
426.61,0.01826,1.826
426.62,0.01826,1.826
426.63,0.01826,1.826
426.64,0.01826,1.826
426.65,0.01826,1.826
426.66,0.01826,1.826
426.66,0.01826,1.826
426.67,0.01826,1.826
426.68,0.01826,1.826
426.69,0.01826,1.826
426.70,0.01826,1.826
426.71,0.01826,1.826
426.72,0.01826,1.826
426.73,0.01826,1.826
426.74,0.01826,1.826
426.75,0.01826,1.826
426.75,0.01826,1.826
426.76,0.01826,1.826
426.77,0.01826,1.826
426.78,0.01826,1.826
426.79,0.01826,1.826
426.80,0.01826,1.826
426.81,0.01826,1.826
426.82,0.01826,1.826
426.83,0.01826,1.826
426.84,0.01826,1.826
426.85,0.01826,1.826
426.85,0.01826,1.826
426.86,0.01826,1.826
426.87,0.01826,1.826
426.88,0.01826,1.826
426.89,0.01826,1.826
426.90,0.01826,1.826
426.91,0.01826,1.826
426.92,0.01826,1.826
426.93,0.01826,1.826
426.94,0.01826,1.826
426.94,0.01826,1.826
426.95,0.01826,1.826
426.96,0.01826,1.826
426.97,0.01826,1.826
426.98,0.01826,1.826
426.99,0.01826,1.826
427.00,0.01826,1.826
427.01,0.01826,1.826
427.02,0.01826,1.826
427.03,0.01826,1.826
427.04,0.01826,1.826
427.04,0.01826,1.826
427.05,0.01826,1.826
427.06,0.01826,1.826
427.07,0.01826,1.826
427.08,0.01826,1.826
427.09,0.01826,1.826
427.10,0.01826,1.826
427.11,0.01826,1.826
427.12,0.01826,1.826
427.13,0.01826,1.826
427.13,0.01826,1.826
427.14,0.01826,1.826
427.15,0.01826,1.826
427.16,0.01826,1.826
427.17,0.01826,1.826
427.18,0.01826,1.826
427.19,0.01826,1.826
427.20,0.01826,1.826
427.21,0.01826,1.826
427.22,0.01826,1.826
427.23,0.01826,1.826
427.23,0.01826,1.826
427.24,0.01826,1.826
427.25,0.01826,1.826
427.26,0.01826,1.826
427.27,0.01826,1.826
427.28,0.01826,1.826
427.29,0.01826,1.826
427.30,0.01826,1.826
427.31,0.01826,1.826
427.32,0.01826,1.826
427.32,0.01826,1.826
427.33,0.01826,1.826
427.34,0.01826,1.826
427.35,0.01826,1.826
427.36,0.01826,1.826
427.37,0.01826,1.826
427.38,0.01826,1.826
427.39,0.01826,1.826
427.40,0.01826,1.826
427.41,0.01826,1.826
427.41,0.01826,1.826
427.42,0.01826,1.826
427.43,0.01826,1.826
427.44,0.01826,1.826
427.45,0.01826,1.826
427.46,0.01826,1.826
427.47,0.01826,1.826
427.48,0.01826,1.826
427.49,0.01826,1.826
427.50,0.01826,1.826
427.51,0.01826,1.826
427.51,0.01826,1.826
427.52,0.01826,1.826
427.53,0.01826,1.826
427.54,0.01826,1.826
427.55,0.01826,1.826
427.56,0.01826,1.826
427.57,0.01826,1.826
427.58,0.01826,1.826
427.59,0.01826,1.826
427.60,0.01826,1.826
427.60,0.01826,1.826
427.61,0.01826,1.826
427.62,0.01826,1.826
427.63,0.01826,1.826
427.64,0.01826,1.826
427.65,0.01826,1.826
427.66,0.01826,1.826
427.67,0.01826,1.826
427.68,0.01826,1.826
427.69,0.01826,1.826
427.70,0.01826,1.826
427.70,0.01826,1.826
427.71,0.01826,1.826
427.72,0.01826,1.826
427.73,0.01826,1.826
427.74,0.01826,1.826
427.75,0.01826,1.826
427.76,0.01826,1.826
427.77,0.01826,1.826
427.78,0.01826,1.826
427.79,0.01826,1.826
427.79,0.01826,1.826
427.80,0.01826,1.826
427.81,0.01826,1.826
427.82,0.01826,1.826
427.83,0.01826,1.826
427.84,0.01826,1.826
427.85,0.01826,1.826
427.86,0.01826,1.826
427.87,0.01826,1.826
427.88,0.01826,1.826
427.89,0.01826,1.826
427.89,0.01826,1.826
427.90,0.01826,1.826
427.91,0.01826,1.826
427.92,0.01826,1.826
427.93,0.01826,1.826
427.94,0.01826,1.826
427.95,0.01826,1.826
427.96,0.01826,1.826
427.97,0.01826,1.826
427.98,0.01826,1.826
427.98,0.01826,1.826
427.99,0.01826,1.826
428.00,0.01826,1.826
428.01,0.01826,1.826
428.02,0.01826,1.826
428.03,0.01826,1.826
428.04,0.01826,1.826
428.05,0.01826,1.826
428.06,0.01826,1.826
428.07,0.01826,1.826
428.07,0.01826,1.826
428.08,0.01826,1.826
428.09,0.01826,1.826
428.10,0.01826,1.826
428.11,0.01826,1.826
428.12,0.01826,1.826
428.13,0.01826,1.826
428.14,0.01826,1.826
428.15,0.01826,1.826
428.16,0.01826,1.826
428.17,0.01826,1.826
428.17,0.01826,1.826
428.18,0.01826,1.826
428.19,0.01826,1.826
428.20,0.01826,1.826
428.21,0.01826,1.826
428.22,0.01826,1.826
428.23,0.01826,1.826
428.24,0.01826,1.826
428.25,0.01826,1.826
428.26,0.01826,1.826
428.26,0.01826,1.826
428.27,0.01826,1.826
428.28,0.01826,1.826
428.29,0.01826,1.826
428.30,0.01826,1.826
428.31,0.01826,1.826
428.32,0.01826,1.826
428.33,0.01826,1.826
428.34,0.01826,1.826
428.35,0.01826,1.826
428.35,0.01826,1.826
428.36,0.01826,1.826
428.37,0.01826,1.826
428.38,0.01826,1.826
428.39,0.01826,1.826
428.40,0.01826,1.826
428.41,0.01826,1.826
428.42,0.01826,1.826
428.43,0.01826,1.826
428.44,0.01826,1.826
428.45,0.01826,1.826
428.45,0.01826,1.826
428.46,0.01826,1.826
428.47,0.01826,1.826
428.48,0.01826,1.826
428.49,0.01826,1.826
428.50,0.01826,1.826
428.51,0.01826,1.826
428.52,0.01826,1.826
428.53,0.01826,1.826
428.54,0.01826,1.826
428.54,0.01826,1.826
428.55,0.01826,1.826
428.56,0.01826,1.826
428.57,0.01826,1.826
428.58,0.01826,1.826
428.59,0.01826,1.826
428.60,0.01826,1.826
428.61,0.01826,1.826
428.62,0.01826,1.826
428.63,0.01826,1.826
428.64,0.01826,1.826
428.64,0.01826,1.826
428.65,0.01826,1.826
428.66,0.01826,1.826
428.67,0.01826,1.826
428.68,0.01826,1.826
428.69,0.01826,1.826
428.70,0.01826,1.826
428.71,0.01826,1.826
428.72,0.01826,1.826
428.73,0.01826,1.826
428.73,0.01826,1.826
428.74,0.01826,1.826
428.75,0.01826,1.826
428.76,0.01826,1.826
428.77,0.01826,1.826
428.78,0.01826,1.826
428.79,0.01826,1.826
428.80,0.01826,1.826
428.81,0.01826,1.826
428.82,0.01826,1.826
428.82,0.01826,1.826
428.83,0.01826,1.826
428.84,0.01826,1.826
428.85,0.01826,1.826
428.86,0.01826,1.826
428.87,0.01826,1.826
428.88,0.01826,1.826
428.89,0.01826,1.826
428.90,0.01826,1.826
428.91,0.01826,1.826
428.92,0.01826,1.826
428.92,0.01826,1.826
428.93,0.01826,1.826
428.94,0.01826,1.826
428.95,0.01826,1.826
428.96,0.01826,1.826
428.97,0.01826,1.826
428.98,0.01826,1.826
428.99,0.01826,1.826
429.00,0.01826,1.826
429.01,0.01826,1.826
429.01,0.01826,1.826
429.02,0.01826,1.826
429.03,0.01826,1.826
429.04,0.01826,1.826
429.05,0.01826,1.826
429.06,0.01826,1.826
429.07,0.01826,1.826
429.08,0.01826,1.826
429.09,0.01826,1.826
429.10,0.01826,1.826
429.11,0.01826,1.826
429.11,0.01826,1.826
429.12,0.01826,1.826
429.13,0.01826,1.826
429.14,0.01826,1.826
429.15,0.01826,1.826
429.16,0.01826,1.826
429.17,0.01826,1.826
429.18,0.01826,1.826
429.19,0.01826,1.826
429.20,0.01826,1.826
429.20,0.01826,1.826
429.21,0.01826,1.826
429.22,0.01826,1.826
429.23,0.01826,1.826
429.24,0.01826,1.826
429.25,0.01826,1.826
429.26,0.01826,1.826
429.27,0.01826,1.826
429.28,0.01826,1.826
429.29,0.01826,1.826
429.30,0.01826,1.826
429.30,0.01826,1.826
429.31,0.01826,1.826
429.32,0.01826,1.826
429.33,0.01826,1.826
429.34,0.01826,1.826
429.35,0.01826,1.826
429.36,0.01826,1.826
429.37,0.01826,1.826
429.38,0.01826,1.826
429.39,0.01826,1.826
429.39,0.01826,1.826
429.40,0.01826,1.826
429.41,0.01826,1.826
429.42,0.01826,1.826
429.43,0.01826,1.826
429.44,0.01826,1.826
429.45,0.01826,1.826
429.46,0.01826,1.826
429.47,0.01826,1.826
429.48,0.01826,1.826
429.49,0.01826,1.826
429.49,0.01826,1.826
429.50,0.01826,1.826
429.51,0.01826,1.826
429.52,0.01826,1.826
429.53,0.01826,1.826
429.54,0.01826,1.826
429.55,0.01826,1.826
429.56,0.01826,1.826
429.57,0.01826,1.826
429.58,0.01826,1.826
429.58,0.01826,1.826
429.59,0.01826,1.826
429.60,0.01826,1.826
429.61,0.01826,1.826
429.62,0.01826,1.826
429.63,0.01826,1.826
429.64,0.01826,1.826
429.65,0.01826,1.826
429.66,0.01826,1.826
429.67,0.01826,1.826
429.68,0.01826,1.826
429.68,0.01826,1.826
429.69,0.01826,1.826
429.70,0.01826,1.826
429.71,0.01826,1.826
429.72,0.01826,1.826
429.73,0.01826,1.826
429.74,0.01826,1.826
429.75,0.01826,1.826
429.76,0.01826,1.826
429.77,0.01826,1.826
429.77,0.01826,1.826
429.78,0.01826,1.826
429.79,0.01826,1.826
429.80,0.01826,1.826
429.81,0.01826,1.826
429.82,0.01826,1.826
429.83,0.01826,1.826
429.84,0.01826,1.826
429.85,0.01826,1.826
429.86,0.01826,1.826
429.87,0.01826,1.826
429.87,0.01826,1.826
429.88,0.01826,1.826
429.89,0.01826,1.826
429.90,0.01826,1.826
429.91,0.01826,1.826
429.92,0.01826,1.826
429.93,0.01826,1.826
429.94,0.01826,1.826
429.95,0.01826,1.826
429.96,0.01826,1.826
429.96,0.01826,1.826
429.97,0.01826,1.826
429.98,0.01826,1.826
429.99,0.01826,1.826
430.00,0.01826,1.826
430.01,0.01826,1.826
430.02,0.01826,1.826
430.03,0.01826,1.826
430.04,0.01826,1.826
430.05,0.01826,1.826
430.06,0.01826,1.826
430.06,0.01826,1.826
430.07,0.01826,1.826
430.08,0.01826,1.826
430.09,0.01826,1.826
430.10,0.01826,1.826
430.11,0.01826,1.826
430.12,0.01826,1.826
430.13,0.01826,1.826
430.14,0.01826,1.826
430.15,0.01826,1.826
430.15,0.01826,1.826
430.16,0.01826,1.826
430.17,0.01826,1.826
430.18,0.01826,1.826
430.19,0.01826,1.826
430.20,0.01826,1.826
430.21,0.01826,1.826
430.22,0.01826,1.826
430.23,0.01826,1.826
430.24,0.01826,1.826
430.24,0.01826,1.826
430.25,0.01826,1.826
430.26,0.01826,1.826
430.27,0.01826,1.826
430.28,0.01826,1.826
430.29,0.01826,1.826
430.30,0.01826,1.826
430.31,0.01826,1.826
430.32,0.01826,1.826
430.33,0.01826,1.826
430.34,0.01826,1.826
430.34,0.01826,1.826
430.35,0.01826,1.826
430.36,0.01826,1.826
430.37,0.01826,1.826
430.38,0.01826,1.826
430.39,0.01826,1.826
430.40,0.01826,1.826
430.41,0.01826,1.826
430.42,0.01826,1.826
430.43,0.01826,1.826
430.43,0.01826,1.826
430.44,0.01826,1.826
430.45,0.01826,1.826
430.46,0.01826,1.826
430.47,0.01826,1.826
430.48,0.01826,1.826
430.49,0.01826,1.826
430.50,0.01826,1.826
430.51,0.01826,1.826
430.52,0.01826,1.826
430.52,0.01826,1.826
430.53,0.01826,1.826
430.54,0.01826,1.826
430.55,0.01826,1.826
430.56,0.01826,1.826
430.57,0.01826,1.826
430.58,0.01826,1.826
430.59,0.01826,1.826
430.60,0.01826,1.826
430.61,0.01826,1.826
430.61,0.01826,1.826
430.62,0.01826,1.826
430.63,0.01826,1.826
430.64,0.01826,1.826
430.65,0.01826,1.826
430.66,0.01826,1.826
430.67,0.01826,1.826
430.68,0.01826,1.826
430.69,0.01826,1.826
430.70,0.01826,1.826
430.71,0.01826,1.826
430.71,0.01826,1.826
430.72,0.01826,1.826
430.73,0.01826,1.826
430.74,0.01826,1.826
430.75,0.01826,1.826
430.76,0.01826,1.826
430.77,0.01826,1.826
430.78,0.01826,1.826
430.79,0.01826,1.826
430.80,0.01826,1.826
430.80,0.01826,1.826
430.81,0.01826,1.826
430.82,0.01826,1.826
430.83,0.01826,1.826
430.84,0.01826,1.826
430.85,0.01826,1.826
430.86,0.01826,1.826
430.87,0.01826,1.826
430.88,0.01826,1.826
430.89,0.01826,1.826
430.90,0.01826,1.826
430.90,0.01826,1.826
430.91,0.01826,1.826
430.92,0.01826,1.826
430.93,0.01826,1.826
430.94,0.01826,1.826
430.95,0.01826,1.826
430.96,0.01826,1.826
430.97,0.01826,1.826
430.98,0.01826,1.826
430.99,0.01826,1.826
430.99,0.01826,1.826
431.00,0.01826,1.826
431.01,0.01826,1.826
431.02,0.01826,1.826
431.03,0.01826,1.826
431.04,0.01826,1.826
431.05,0.01826,1.826
431.06,0.01826,1.826
431.07,0.01826,1.826
431.08,0.01826,1.826
431.09,0.01826,1.826
431.09,0.01826,1.826
431.10,0.01826,1.826
431.11,0.01826,1.826
431.12,0.01826,1.826
431.13,0.01826,1.826
431.14,0.01826,1.826
431.15,0.01826,1.826
431.16,0.01826,1.826
431.17,0.01826,1.826
431.18,0.01826,1.826
431.18,0.01826,1.826
431.19,0.01826,1.826
431.20,0.01826,1.826
431.21,0.01826,1.826
431.22,0.01826,1.826
431.23,0.01826,1.826
431.24,0.01826,1.826
431.25,0.01826,1.826
431.26,0.01826,1.826
431.27,0.01826,1.826
431.28,0.01826,1.826
431.28,0.01826,1.826
431.29,0.01826,1.826
431.30,0.01826,1.826
431.31,0.01826,1.826
431.32,0.01826,1.826
431.33,0.01826,1.826
431.34,0.01826,1.826
431.35,0.01826,1.826
431.36,0.01826,1.826
431.37,0.01826,1.826
431.37,0.01826,1.826
431.38,0.01826,1.826
431.39,0.01826,1.826
431.40,0.01826,1.826
431.41,0.01826,1.826
431.42,0.01826,1.826
431.43,0.01826,1.826
431.44,0.01826,1.826
431.45,0.01826,1.826
431.46,0.01826,1.826
431.47,0.01826,1.826
431.47,0.01826,1.826
431.48,0.01826,1.826
431.49,0.01826,1.826
431.50,0.01826,1.826
431.51,0.01826,1.826
431.52,0.01826,1.826
431.53,0.01826,1.826
431.54,0.01826,1.826
431.55,0.01826,1.826
431.56,0.01826,1.826
431.56,0.01826,1.826
431.57,0.01826,1.826
431.58,0.01826,1.826
431.59,0.01826,1.826
431.60,0.01826,1.826
431.61,0.01826,1.826
431.62,0.01826,1.826
431.63,0.01826,1.826
431.64,0.01826,1.826
431.65,0.01826,1.826
431.66,0.01826,1.826
431.66,0.01826,1.826
431.67,0.01826,1.826
431.68,0.01826,1.826
431.69,0.01826,1.826
431.70,0.01826,1.826
431.71,0.01826,1.826
431.72,0.01826,1.826
431.73,0.01826,1.826
431.74,0.01826,1.826
431.75,0.01826,1.826
431.75,0.01826,1.826
431.76,0.01826,1.826
431.77,0.01826,1.826
431.78,0.01826,1.826
431.79,0.01826,1.826
431.80,0.01826,1.826
431.81,0.01826,1.826
431.82,0.01826,1.826
431.83,0.01826,1.826
431.84,0.01826,1.826
431.85,0.01826,1.826
431.85,0.01826,1.826
431.86,0.01826,1.826
431.87,0.01826,1.826
431.88,0.01827,1.827
431.89,0.01827,1.827
431.90,0.01827,1.827
431.91,0.01827,1.827
431.92,0.01827,1.827
431.93,0.01827,1.827
431.94,0.01827,1.827
431.94,0.01827,1.827
431.95,0.01827,1.827
431.96,0.01827,1.827
431.97,0.01827,1.827
431.98,0.01827,1.827
431.99,0.01827,1.827
432.00,0.01827,1.827
432.01,0.01827,1.827
432.02,0.01827,1.827
432.03,0.01827,1.827
432.03,0.01827,1.827
432.04,0.01827,1.827
432.05,0.01827,1.827
432.06,0.01827,1.827
432.07,0.01827,1.827
432.08,0.01827,1.827
432.09,0.01827,1.827
432.10,0.01827,1.827
432.11,0.01827,1.827
432.12,0.01827,1.827
432.13,0.01827,1.827
432.13,0.01827,1.827
432.14,0.01827,1.827
432.15,0.01827,1.827
432.16,0.01827,1.827
432.17,0.01827,1.827
432.18,0.01827,1.827
432.19,0.01827,1.827
432.20,0.01827,1.827
432.21,0.01827,1.827
432.22,0.01827,1.827
432.22,0.01827,1.827
432.23,0.01827,1.827
432.24,0.01827,1.827
432.25,0.01827,1.827
432.26,0.01827,1.827
432.27,0.01827,1.827
432.28,0.01827,1.827
432.29,0.01827,1.827
432.30,0.01827,1.827
432.31,0.01827,1.827
432.31,0.01827,1.827
432.32,0.01827,1.827
432.33,0.01827,1.827
432.34,0.01827,1.827
432.35,0.01827,1.827
432.36,0.01827,1.827
432.37,0.01827,1.827
432.38,0.01827,1.827
432.39,0.01827,1.827
432.40,0.01827,1.827
432.41,0.01827,1.827
432.41,0.01827,1.827
432.42,0.01827,1.827
432.43,0.01827,1.827
432.44,0.01827,1.827
432.45,0.01827,1.827
432.46,0.01827,1.827
432.47,0.01827,1.827
432.48,0.01827,1.827
432.49,0.01827,1.827
432.50,0.01827,1.827
432.50,0.01827,1.827
432.51,0.01827,1.827
432.52,0.01827,1.827
432.53,0.01827,1.827
432.54,0.01827,1.827
432.55,0.01827,1.827
432.56,0.01827,1.827
432.57,0.01827,1.827
432.58,0.01827,1.827
432.59,0.01827,1.827
432.59,0.01827,1.827
432.60,0.01827,1.827
432.61,0.01827,1.827
432.62,0.01827,1.827
432.63,0.01827,1.827
432.64,0.01827,1.827
432.65,0.01827,1.827
432.66,0.01827,1.827
432.67,0.01827,1.827
432.68,0.01827,1.827
432.69,0.01827,1.827
432.69,0.01827,1.827
432.70,0.01827,1.827
432.71,0.01827,1.827
432.72,0.01827,1.827
432.73,0.01827,1.827
432.74,0.01827,1.827
432.75,0.01827,1.827
432.76,0.01827,1.827
432.77,0.01827,1.827
432.78,0.01827,1.827
432.78,0.01827,1.827
432.79,0.01827,1.827
432.80,0.01827,1.827
432.81,0.01827,1.827
432.82,0.01827,1.827
432.83,0.01827,1.827
432.84,0.01827,1.827
432.85,0.01827,1.827
432.86,0.01827,1.827
432.87,0.01827,1.827
432.87,0.01827,1.827
432.88,0.01827,1.827
432.89,0.01827,1.827
432.90,0.01827,1.827
432.91,0.01827,1.827
432.92,0.01827,1.827
432.93,0.01827,1.827
432.94,0.01827,1.827
432.95,0.01827,1.827
432.96,0.01827,1.827
432.97,0.01827,1.827
432.97,0.01827,1.827
432.98,0.01827,1.827
432.99,0.01827,1.827
433.00,0.01827,1.827
433.01,0.01827,1.827
433.02,0.01827,1.827
433.03,0.01827,1.827
433.04,0.01827,1.827
433.05,0.01827,1.827
433.06,0.01827,1.827
433.06,0.01827,1.827
433.07,0.01827,1.827
433.08,0.01827,1.827
433.09,0.01827,1.827
433.10,0.01827,1.827
433.11,0.01827,1.827
433.12,0.01827,1.827
433.13,0.01827,1.827
433.14,0.01827,1.827
433.15,0.01827,1.827
433.16,0.01827,1.827
433.16,0.01827,1.827
433.17,0.01827,1.827
433.18,0.01827,1.827
433.19,0.01827,1.827
433.20,0.01827,1.827
433.21,0.01827,1.827
433.22,0.01827,1.827
433.23,0.01827,1.827
433.24,0.01827,1.827
433.25,0.01827,1.827
433.25,0.01827,1.827
433.26,0.01827,1.827
433.27,0.01827,1.827
433.28,0.01827,1.827
433.29,0.01827,1.827
433.30,0.01827,1.827
433.31,0.01827,1.827
433.32,0.01827,1.827
433.33,0.01827,1.827
433.34,0.01827,1.827
433.35,0.01827,1.827
433.35,0.01827,1.827
433.36,0.01827,1.827
433.37,0.01827,1.827
433.38,0.01827,1.827
433.39,0.01827,1.827
433.40,0.01827,1.827
433.41,0.01827,1.827
433.42,0.01827,1.827
433.43,0.01827,1.827
433.44,0.01827,1.827
433.44,0.01827,1.827
433.45,0.01827,1.827
433.46,0.01827,1.827
433.47,0.01827,1.827
433.48,0.01827,1.827
433.49,0.01827,1.827
433.50,0.01827,1.827
433.51,0.01827,1.827
433.52,0.01827,1.827
433.53,0.01827,1.827
433.54,0.01827,1.827
433.54,0.01827,1.827
433.55,0.01827,1.827
433.56,0.01827,1.827
433.57,0.01827,1.827
433.58,0.01827,1.827
433.59,0.01827,1.827
433.60,0.01827,1.827
433.61,0.01827,1.827
433.62,0.01827,1.827
433.63,0.01827,1.827
433.63,0.01827,1.827
433.64,0.01827,1.827
433.65,0.01827,1.827
433.66,0.01827,1.827
433.67,0.01827,1.827
433.68,0.01827,1.827
433.69,0.01827,1.827
433.70,0.01827,1.827
433.71,0.01827,1.827
433.72,0.01827,1.827
433.73,0.01827,1.827
433.73,0.01827,1.827
433.74,0.01827,1.827
433.75,0.01827,1.827
433.76,0.01827,1.827
433.77,0.01827,1.827
433.78,0.01827,1.827
433.79,0.01827,1.827
433.80,0.01827,1.827
433.81,0.01827,1.827
433.82,0.01827,1.827
433.82,0.01827,1.827
433.83,0.01827,1.827
433.84,0.01827,1.827
433.85,0.01827,1.827
433.86,0.01827,1.827
433.87,0.01827,1.827
433.88,0.01827,1.827
433.89,0.01827,1.827
433.90,0.01827,1.827
433.91,0.01827,1.827
433.92,0.01827,1.827
433.92,0.01827,1.827
433.93,0.01827,1.827
433.94,0.01827,1.827
433.95,0.01827,1.827
433.96,0.01827,1.827
433.97,0.01827,1.827
433.98,0.01827,1.827
433.99,0.01827,1.827
434.00,0.01827,1.827
434.01,0.01827,1.827
434.01,0.01827,1.827
434.02,0.01827,1.827
434.03,0.01827,1.827
434.04,0.01827,1.827
434.05,0.01827,1.827
434.06,0.01827,1.827
434.07,0.01827,1.827
434.08,0.01827,1.827
434.09,0.01827,1.827
434.10,0.01827,1.827
434.11,0.01827,1.827
434.11,0.01827,1.827
434.12,0.01827,1.827
434.13,0.01827,1.827
434.14,0.01827,1.827
434.15,0.01827,1.827
434.16,0.01827,1.827
434.17,0.01827,1.827
434.18,0.01827,1.827
434.19,0.01827,1.827
434.20,0.01827,1.827
434.20,0.01827,1.827
434.21,0.01827,1.827
434.22,0.01827,1.827
434.23,0.01827,1.827
434.24,0.01827,1.827
434.25,0.01827,1.827
434.26,0.01827,1.827
434.27,0.01827,1.827
434.28,0.01827,1.827
434.29,0.01827,1.827
434.29,0.01827,1.827
434.30,0.01827,1.827
434.31,0.01827,1.827
434.32,0.01827,1.827
434.33,0.01827,1.827
434.34,0.01827,1.827
434.35,0.01827,1.827
434.36,0.01827,1.827
434.37,0.01827,1.827
434.38,0.01827,1.827
434.39,0.01827,1.827
434.39,0.01827,1.827
434.40,0.01827,1.827
434.41,0.01827,1.827
434.42,0.01827,1.827
434.43,0.01827,1.827
434.44,0.01827,1.827
434.45,0.01827,1.827
434.46,0.01827,1.827
434.47,0.01827,1.827
434.48,0.01827,1.827
434.48,0.01827,1.827
434.49,0.01827,1.827
434.50,0.01827,1.827
434.51,0.01827,1.827
434.52,0.01827,1.827
434.53,0.01827,1.827
434.54,0.01827,1.827
434.55,0.01827,1.827
434.56,0.01827,1.827
434.57,0.01827,1.827
434.57,0.01827,1.827
434.58,0.01827,1.827
434.59,0.01827,1.827
434.60,0.01827,1.827
434.61,0.01827,1.827
434.62,0.01827,1.827
434.63,0.01827,1.827
434.64,0.01827,1.827
434.65,0.01827,1.827
434.66,0.01827,1.827
434.67,0.01827,1.827
434.67,0.01827,1.827
434.68,0.01827,1.827
434.69,0.01827,1.827
434.70,0.01827,1.827
434.71,0.01827,1.827
434.72,0.01827,1.827
434.73,0.01827,1.827
434.74,0.01827,1.827
434.75,0.01827,1.827
434.76,0.01827,1.827
434.76,0.01827,1.827
434.77,0.01827,1.827
434.78,0.01827,1.827
434.79,0.01827,1.827
434.80,0.01827,1.827
434.81,0.01827,1.827
434.82,0.01827,1.827
434.83,0.01827,1.827
434.84,0.01827,1.827
434.85,0.01827,1.827
434.85,0.01827,1.827
434.86,0.01827,1.827
434.87,0.01827,1.827
434.88,0.01827,1.827
434.89,0.01827,1.827
434.90,0.01827,1.827
434.91,0.01827,1.827
434.92,0.01827,1.827
434.93,0.01827,1.827
434.94,0.01827,1.827
434.95,0.01827,1.827
434.95,0.01827,1.827
434.96,0.01827,1.827
434.97,0.01827,1.827
434.98,0.01827,1.827
434.99,0.01827,1.827
435.00,0.01827,1.827
435.01,0.01827,1.827
435.02,0.01827,1.827
435.03,0.01827,1.827
435.04,0.01827,1.827
435.04,0.01827,1.827
435.05,0.01827,1.827
435.06,0.01827,1.827
435.07,0.01827,1.827
435.08,0.01827,1.827
435.09,0.01827,1.827
435.10,0.01827,1.827
435.11,0.01827,1.827
435.12,0.01827,1.827
435.13,0.01827,1.827
435.14,0.01827,1.827
435.14,0.01827,1.827
435.15,0.01827,1.827
435.16,0.01827,1.827
435.17,0.01827,1.827
435.18,0.01827,1.827
435.19,0.01827,1.827
435.20,0.01827,1.827
435.21,0.01827,1.827
435.22,0.01827,1.827
435.23,0.01827,1.827
435.23,0.01827,1.827
435.24,0.01827,1.827
435.25,0.01827,1.827
435.26,0.01827,1.827
435.27,0.01827,1.827
435.28,0.01827,1.827
435.29,0.01827,1.827
435.30,0.01827,1.827
435.31,0.01827,1.827
435.32,0.01827,1.827
435.33,0.01827,1.827
435.33,0.01827,1.827
435.34,0.01827,1.827
435.35,0.01827,1.827
435.36,0.01827,1.827
435.37,0.01827,1.827
435.38,0.01827,1.827
435.39,0.01827,1.827
435.40,0.01827,1.827
435.41,0.01827,1.827
435.42,0.01827,1.827
435.42,0.01827,1.827
435.43,0.01827,1.827
435.44,0.01827,1.827
435.45,0.01827,1.827
435.46,0.01827,1.827
435.47,0.01827,1.827
435.48,0.01827,1.827
435.49,0.01827,1.827
435.50,0.01827,1.827
435.51,0.01827,1.827
435.52,0.01827,1.827
435.52,0.01827,1.827
435.53,0.01827,1.827
435.54,0.01827,1.827
435.55,0.01827,1.827
435.56,0.01827,1.827
435.57,0.01827,1.827
435.58,0.01827,1.827
435.59,0.01827,1.827
435.60,0.01827,1.827
435.61,0.01827,1.827
435.61,0.01827,1.827
435.62,0.01827,1.827
435.63,0.01827,1.827
435.64,0.01827,1.827
435.65,0.01827,1.827
435.66,0.01827,1.827
435.67,0.01827,1.827
435.68,0.01827,1.827
435.69,0.01827,1.827
435.70,0.01827,1.827
435.71,0.01827,1.827
435.71,0.01827,1.827
435.72,0.01827,1.827
435.73,0.01827,1.827
435.74,0.01827,1.827
435.75,0.01827,1.827
435.76,0.01827,1.827
435.77,0.01827,1.827
435.78,0.01827,1.827
435.79,0.01827,1.827
435.80,0.01827,1.827
435.80,0.01827,1.827
435.81,0.01827,1.827
435.82,0.01827,1.827
435.83,0.01827,1.827
435.84,0.01827,1.827
435.85,0.01827,1.827
435.86,0.01827,1.827
435.87,0.01827,1.827
435.88,0.01827,1.827
435.89,0.01827,1.827
435.89,0.01827,1.827
435.90,0.01827,1.827
435.91,0.01827,1.827
435.92,0.01827,1.827
435.93,0.01827,1.827
435.94,0.01827,1.827
435.95,0.01827,1.827
435.96,0.01827,1.827
435.97,0.01827,1.827
435.98,0.01827,1.827
435.99,0.01827,1.827
435.99,0.01827,1.827
436.00,0.01827,1.827
436.01,0.01827,1.827
436.02,0.01827,1.827
436.03,0.01827,1.827
436.04,0.01827,1.827
436.05,0.01827,1.827
436.06,0.01827,1.827
436.07,0.01827,1.827
436.08,0.01827,1.827
436.08,0.01827,1.827
436.09,0.01827,1.827
436.10,0.01827,1.827
436.11,0.01827,1.827
436.12,0.01827,1.827
436.13,0.01827,1.827
436.14,0.01827,1.827
436.15,0.01827,1.827
436.16,0.01827,1.827
436.17,0.01827,1.827
436.18,0.01827,1.827
436.18,0.01827,1.827
436.19,0.01827,1.827
436.20,0.01827,1.827
436.21,0.01827,1.827
436.22,0.01827,1.827
436.23,0.01827,1.827
436.24,0.01827,1.827
436.25,0.01827,1.827
436.26,0.01827,1.827
436.27,0.01827,1.827
436.27,0.01827,1.827
436.28,0.01827,1.827
436.29,0.01827,1.827
436.30,0.01827,1.827
436.31,0.01827,1.827
436.32,0.01827,1.827
436.33,0.01827,1.827
436.34,0.01827,1.827
436.35,0.01827,1.827
436.36,0.01827,1.827
436.36,0.01827,1.827
436.37,0.01827,1.827
436.38,0.01827,1.827
436.39,0.01827,1.827
436.40,0.01827,1.827
436.41,0.01827,1.827
436.42,0.01827,1.827
436.43,0.01827,1.827
436.44,0.01827,1.827
436.45,0.01827,1.827
436.46,0.01827,1.827
436.46,0.01827,1.827
436.47,0.01827,1.827
436.48,0.01827,1.827
436.49,0.01827,1.827
436.50,0.01827,1.827
436.51,0.01827,1.827
436.52,0.01827,1.827
436.53,0.01827,1.827
436.54,0.01827,1.827
436.55,0.01827,1.827
436.55,0.01827,1.827
436.56,0.01827,1.827
436.57,0.01827,1.827
436.58,0.01827,1.827
436.59,0.01827,1.827
436.60,0.01827,1.827
436.61,0.01827,1.827
436.62,0.01827,1.827
436.63,0.01827,1.827
436.64,0.01827,1.827
436.65,0.01827,1.827
436.65,0.01827,1.827
436.66,0.01827,1.827
436.67,0.01827,1.827
436.68,0.01827,1.827
436.69,0.01827,1.827
436.70,0.01827,1.827
436.71,0.01827,1.827
436.72,0.01827,1.827
436.73,0.01827,1.827
436.74,0.01827,1.827
436.74,0.01827,1.827
436.75,0.01827,1.827
436.76,0.01827,1.827
436.77,0.01827,1.827
436.78,0.01827,1.827
436.79,0.01827,1.827
436.80,0.01827,1.827
436.81,0.01827,1.827
436.82,0.01827,1.827
436.83,0.01827,1.827
436.83,0.01827,1.827
436.84,0.01827,1.827
436.85,0.01827,1.827
436.86,0.01827,1.827
436.87,0.01827,1.827
436.88,0.01827,1.827
436.89,0.01827,1.827
436.90,0.01827,1.827
436.91,0.01827,1.827
436.92,0.01827,1.827
436.93,0.01827,1.827
436.93,0.01827,1.827
436.94,0.01827,1.827
436.95,0.01827,1.827
436.96,0.01827,1.827
436.97,0.01827,1.827
436.98,0.01827,1.827
436.99,0.01827,1.827
437.00,0.01827,1.827
437.01,0.01827,1.827
437.02,0.01827,1.827
437.02,0.01827,1.827
437.03,0.01827,1.827
437.04,0.01827,1.827
437.05,0.01827,1.827
437.06,0.01827,1.827
437.07,0.01827,1.827
437.08,0.01827,1.827
437.09,0.01827,1.827
437.10,0.01827,1.827
437.11,0.01827,1.827
437.12,0.01827,1.827
437.12,0.01827,1.827
437.13,0.01827,1.827
437.14,0.01827,1.827
437.15,0.01827,1.827
437.16,0.01827,1.827
437.17,0.01827,1.827
437.18,0.01827,1.827
437.19,0.01827,1.827
437.20,0.01827,1.827
437.21,0.01827,1.827
437.21,0.01827,1.827
437.22,0.01827,1.827
437.23,0.01827,1.827
437.24,0.01827,1.827
437.25,0.01827,1.827
437.26,0.01827,1.827
437.27,0.01827,1.827
437.28,0.01827,1.827
437.29,0.01827,1.827
437.30,0.01827,1.827
437.30,0.01827,1.827
437.31,0.01827,1.827
437.32,0.01827,1.827
437.33,0.01827,1.827
437.34,0.01827,1.827
437.35,0.01827,1.827
437.36,0.01827,1.827
437.37,0.01827,1.827
437.38,0.01827,1.827
437.39,0.01827,1.827
437.40,0.01827,1.827
437.40,0.01827,1.827
437.41,0.01827,1.827
437.42,0.01827,1.827
437.43,0.01827,1.827
437.44,0.01827,1.827
437.45,0.01827,1.827
437.46,0.01827,1.827
437.47,0.01827,1.827
437.48,0.01827,1.827
437.49,0.01827,1.827
437.49,0.01827,1.827
437.50,0.01827,1.827
437.51,0.01827,1.827
437.52,0.01827,1.827
437.53,0.01827,1.827
437.54,0.01827,1.827
437.55,0.01827,1.827
437.56,0.01827,1.827
437.57,0.01827,1.827
437.58,0.01827,1.827
437.59,0.01827,1.827
437.59,0.01827,1.827
437.60,0.01827,1.827
437.61,0.01827,1.827
437.62,0.01827,1.827
437.63,0.01827,1.827
437.64,0.01827,1.827
437.65,0.01827,1.827
437.66,0.01827,1.827
437.67,0.01827,1.827
437.68,0.01827,1.827
437.68,0.01827,1.827
437.69,0.01827,1.827
437.70,0.01827,1.827
437.71,0.01827,1.827
437.72,0.01827,1.827
437.73,0.01827,1.827
437.74,0.01827,1.827
437.75,0.01827,1.827
437.76,0.01827,1.827
437.77,0.01827,1.827
437.77,0.01827,1.827
437.78,0.01827,1.827
437.79,0.01827,1.827
437.80,0.01827,1.827
437.81,0.01827,1.827
437.82,0.01827,1.827
437.83,0.01827,1.827
437.84,0.01827,1.827
437.85,0.01827,1.827
437.86,0.01827,1.827
437.87,0.01827,1.827
437.87,0.01827,1.827
437.88,0.01827,1.827
437.89,0.01827,1.827
437.90,0.01827,1.827
437.91,0.01827,1.827
437.92,0.01827,1.827
437.93,0.01827,1.827
437.94,0.01827,1.827
437.95,0.01827,1.827
437.96,0.01827,1.827
437.96,0.01827,1.827
437.97,0.01827,1.827
437.98,0.01827,1.827
437.99,0.01827,1.827
438.00,0.01827,1.827
438.01,0.01827,1.827
438.02,0.01827,1.827
438.03,0.01827,1.827
438.04,0.01827,1.827
438.05,0.01827,1.827
438.06,0.01827,1.827
438.06,0.01827,1.827
438.07,0.01827,1.827
438.08,0.01827,1.827
438.09,0.01827,1.827
438.10,0.01827,1.827
438.11,0.01827,1.827
438.12,0.01827,1.827
438.13,0.01827,1.827
438.14,0.01827,1.827
438.15,0.01827,1.827
438.15,0.01827,1.827
438.16,0.01827,1.827
438.17,0.01827,1.827
438.18,0.01827,1.827
438.19,0.01827,1.827
438.20,0.01827,1.827
438.21,0.01827,1.827
438.22,0.01827,1.827
438.23,0.01827,1.827
438.24,0.01827,1.827
438.25,0.01827,1.827
438.25,0.01827,1.827
438.26,0.01827,1.827
438.27,0.01827,1.827
438.28,0.01827,1.827
438.29,0.01827,1.827
438.30,0.01827,1.827
438.31,0.01827,1.827
438.32,0.01827,1.827
438.33,0.01827,1.827
438.34,0.01827,1.827
438.34,0.01827,1.827
438.35,0.01827,1.827
438.36,0.01827,1.827
438.37,0.01827,1.827
438.38,0.01827,1.827
438.39,0.01827,1.827
438.40,0.01827,1.827
438.41,0.01827,1.827
438.42,0.01827,1.827
438.43,0.01827,1.827
438.44,0.01827,1.827
438.44,0.01827,1.827
438.45,0.01827,1.827
438.46,0.01827,1.827
438.47,0.01827,1.827
438.48,0.01827,1.827
438.49,0.01827,1.827
438.50,0.01827,1.827
438.51,0.01827,1.827
438.52,0.01827,1.827
438.53,0.01827,1.827
438.53,0.01827,1.827
438.54,0.01827,1.827
438.55,0.01827,1.827
438.56,0.01827,1.827
438.57,0.01827,1.827
438.58,0.01827,1.827
438.59,0.01827,1.827
438.60,0.01827,1.827
438.61,0.01827,1.827
438.62,0.01827,1.827
438.63,0.01827,1.827
438.63,0.01827,1.827
438.64,0.01827,1.827
438.65,0.01827,1.827
438.66,0.01827,1.827
438.67,0.01827,1.827
438.68,0.01827,1.827
438.69,0.01827,1.827
438.70,0.01827,1.827
438.71,0.01827,1.827
438.72,0.01827,1.827
438.72,0.01827,1.827
438.73,0.01827,1.827
438.74,0.01827,1.827
438.75,0.01827,1.827
438.76,0.01827,1.827
438.77,0.01827,1.827
438.78,0.01827,1.827
438.79,0.01827,1.827
438.80,0.01827,1.827
438.81,0.01827,1.827
438.82,0.01827,1.827
438.82,0.01827,1.827
438.83,0.01827,1.827
438.84,0.01827,1.827
438.85,0.01827,1.827
438.86,0.01827,1.827
438.87,0.01827,1.827
438.88,0.01827,1.827
438.89,0.01827,1.827
438.90,0.01827,1.827
438.91,0.01827,1.827
438.91,0.01827,1.827
438.92,0.01827,1.827
438.93,0.01827,1.827
438.94,0.01827,1.827
438.95,0.01827,1.827
438.96,0.01827,1.827
438.97,0.01827,1.827
438.98,0.01827,1.827
438.99,0.01827,1.827
439.00,0.01827,1.827
439.00,0.01827,1.827
439.01,0.01827,1.827
439.02,0.01827,1.827
439.03,0.01827,1.827
439.04,0.01827,1.827
439.05,0.01827,1.827
439.06,0.01827,1.827
439.07,0.01827,1.827
439.08,0.01827,1.827
439.09,0.01827,1.827
439.10,0.01827,1.827
439.10,0.01827,1.827
439.11,0.01827,1.827
439.12,0.01827,1.827
439.13,0.01827,1.827
439.14,0.01827,1.827
439.15,0.01827,1.827
439.16,0.01827,1.827
439.17,0.01827,1.827
439.18,0.01827,1.827
439.19,0.01827,1.827
439.19,0.01827,1.827
439.20,0.01827,1.827
439.21,0.01827,1.827
439.22,0.01827,1.827
439.23,0.01827,1.827
439.24,0.01827,1.827
439.25,0.01827,1.827
439.26,0.01827,1.827
439.27,0.01827,1.827
439.28,0.01827,1.827
439.28,0.01827,1.827
439.29,0.01827,1.827
439.30,0.01827,1.827
439.31,0.01827,1.827
439.32,0.01827,1.827
439.33,0.01827,1.827
439.34,0.01827,1.827
439.35,0.01827,1.827
439.36,0.01827,1.827
439.37,0.01827,1.827
439.38,0.01827,1.827
439.38,0.01827,1.827
439.39,0.01827,1.827
439.40,0.01827,1.827
439.41,0.01827,1.827
439.42,0.01827,1.827
439.43,0.01827,1.827
439.44,0.01827,1.827
439.45,0.01827,1.827
439.46,0.01827,1.827
439.47,0.01827,1.827
439.47,0.01827,1.827
439.48,0.01827,1.827
439.49,0.01827,1.827
439.50,0.01827,1.827
439.51,0.01827,1.827
439.52,0.01827,1.827
439.53,0.01827,1.827
439.54,0.01827,1.827
439.55,0.01827,1.827
439.56,0.01827,1.827
439.56,0.01827,1.827
439.57,0.01827,1.827
439.58,0.01827,1.827
439.59,0.01827,1.827
439.60,0.01827,1.827
439.61,0.01827,1.827
439.62,0.01827,1.827
439.63,0.01827,1.827
439.64,0.01827,1.827
439.65,0.01827,1.827
439.66,0.01827,1.827
439.66,0.01827,1.827
439.67,0.01827,1.827
439.68,0.01827,1.827
439.69,0.01827,1.827
439.70,0.01827,1.827
439.71,0.01827,1.827
439.72,0.01827,1.827
439.73,0.01827,1.827
439.74,0.01827,1.827
439.75,0.01827,1.827
439.75,0.01827,1.827
439.76,0.01827,1.827
439.77,0.01827,1.827
439.78,0.01827,1.827
439.79,0.01827,1.827
439.80,0.01827,1.827
439.81,0.01827,1.827
439.82,0.01827,1.827
439.83,0.01827,1.827
439.84,0.01827,1.827
439.85,0.01827,1.827
439.85,0.01827,1.827
439.86,0.01827,1.827
439.87,0.01827,1.827
439.88,0.01827,1.827
439.89,0.01827,1.827
439.90,0.01827,1.827
439.91,0.01828,1.828
439.92,0.01828,1.828
439.93,0.01828,1.828
439.94,0.01828,1.828
439.94,0.01828,1.828
439.95,0.01828,1.828
439.96,0.01828,1.828
439.97,0.01828,1.828
439.98,0.01828,1.828
439.99,0.01828,1.828
440.00,0.01828,1.828
440.01,0.01828,1.828
440.02,0.01828,1.828
440.03,0.01828,1.828
440.04,0.01828,1.828
440.04,0.01828,1.828
440.05,0.01828,1.828
440.06,0.01828,1.828
440.07,0.01828,1.828
440.08,0.01828,1.828
440.09,0.01828,1.828
440.10,0.01828,1.828
440.11,0.01828,1.828
440.12,0.01828,1.828
440.13,0.01828,1.828
440.13,0.01828,1.828
440.14,0.01828,1.828
440.15,0.01828,1.828
440.16,0.01828,1.828
440.17,0.01828,1.828
440.18,0.01828,1.828
440.19,0.01828,1.828
440.20,0.01828,1.828
440.21,0.01828,1.828
440.22,0.01828,1.828
440.23,0.01828,1.828
440.23,0.01828,1.828
440.24,0.01828,1.828
440.25,0.01828,1.828
440.26,0.01828,1.828
440.27,0.01828,1.828
440.28,0.01828,1.828
440.29,0.01828,1.828
440.30,0.01828,1.828
440.31,0.01828,1.828
440.32,0.01828,1.828
440.32,0.01828,1.828
440.33,0.01828,1.828
440.34,0.01828,1.828
440.35,0.01828,1.828
440.36,0.01828,1.828
440.37,0.01828,1.828
440.38,0.01828,1.828
440.39,0.01828,1.828
440.40,0.01828,1.828
440.41,0.01828,1.828
440.42,0.01828,1.828
440.42,0.01828,1.828
440.43,0.01828,1.828
440.44,0.01828,1.828
440.45,0.01828,1.828
440.46,0.01828,1.828
440.47,0.01828,1.828
440.48,0.01828,1.828
440.49,0.01828,1.828
440.50,0.01828,1.828
440.51,0.01828,1.828
440.51,0.01828,1.828
440.52,0.01828,1.828
440.53,0.01828,1.828
440.54,0.01828,1.828
440.55,0.01828,1.828
440.56,0.01828,1.828
440.57,0.01828,1.828
440.58,0.01828,1.828
440.59,0.01828,1.828
440.60,0.01828,1.828
440.61,0.01828,1.828
440.61,0.01828,1.828
440.62,0.01828,1.828
440.63,0.01828,1.828
440.64,0.01828,1.828
440.65,0.01828,1.828
440.66,0.01828,1.828
440.67,0.01828,1.828
440.68,0.01828,1.828
440.69,0.01828,1.828
440.70,0.01828,1.828
440.70,0.01828,1.828
440.71,0.01828,1.828
440.72,0.01828,1.828
440.73,0.01828,1.828
440.74,0.01828,1.828
440.75,0.01828,1.828
440.76,0.01828,1.828
440.77,0.01828,1.828
440.78,0.01828,1.828
440.79,0.01828,1.828
440.80,0.01828,1.828
440.80,0.01828,1.828
440.81,0.01828,1.828
440.82,0.01828,1.828
440.83,0.01828,1.828
440.84,0.01828,1.828
440.85,0.01828,1.828
440.86,0.01828,1.828
440.87,0.01828,1.828
440.88,0.01828,1.828
440.89,0.01828,1.828
440.89,0.01828,1.828
440.90,0.01828,1.828
440.91,0.01828,1.828
440.92,0.01828,1.828
440.93,0.01828,1.828
440.94,0.01828,1.828
440.95,0.01828,1.828
440.96,0.01828,1.828
440.97,0.01828,1.828
440.98,0.01828,1.828
440.98,0.01828,1.828
440.99,0.01828,1.828
441.00,0.01828,1.828
441.01,0.01828,1.828
441.02,0.01828,1.828
441.03,0.01828,1.828
441.04,0.01828,1.828
441.05,0.01828,1.828
441.06,0.01828,1.828
441.07,0.01828,1.828
441.08,0.01828,1.828
441.08,0.01828,1.828
441.09,0.01828,1.828
441.10,0.01828,1.828
441.11,0.01828,1.828
441.12,0.01828,1.828
441.13,0.01828,1.828
441.14,0.01828,1.828
441.15,0.01828,1.828
441.16,0.01828,1.828
441.17,0.01828,1.828
441.17,0.01828,1.828
441.18,0.01828,1.828
441.19,0.01828,1.828
441.20,0.01828,1.828
441.21,0.01828,1.828
441.22,0.01828,1.828
441.23,0.01828,1.828
441.24,0.01828,1.828
441.25,0.01828,1.828
441.26,0.01828,1.828
441.26,0.01828,1.828
441.27,0.01828,1.828
441.28,0.01828,1.828
441.29,0.01828,1.828
441.30,0.01828,1.828
441.31,0.01828,1.828
441.32,0.01828,1.828
441.33,0.01828,1.828
441.34,0.01828,1.828
441.35,0.01828,1.828
441.36,0.01828,1.828
441.36,0.01828,1.828
441.37,0.01828,1.828
441.38,0.01828,1.828
441.39,0.01828,1.828
441.40,0.01828,1.828
441.41,0.01828,1.828
441.42,0.01828,1.828
441.43,0.01828,1.828
441.44,0.01828,1.828
441.45,0.01828,1.828
441.45,0.01828,1.828
441.46,0.01828,1.828
441.47,0.01828,1.828
441.48,0.01828,1.828
441.49,0.01828,1.828
441.50,0.01828,1.828
441.51,0.01828,1.828
441.52,0.01828,1.828
441.53,0.01828,1.828
441.54,0.01828,1.828
441.54,0.01828,1.828
441.55,0.01828,1.828
441.56,0.01828,1.828
441.57,0.01828,1.828
441.58,0.01828,1.828
441.59,0.01828,1.828
441.60,0.01828,1.828
441.61,0.01828,1.828
441.62,0.01828,1.828
441.63,0.01828,1.828
441.64,0.01828,1.828
441.64,0.01828,1.828
441.65,0.01828,1.828
441.66,0.01828,1.828
441.67,0.01828,1.828
441.68,0.01828,1.828
441.69,0.01828,1.828
441.70,0.01828,1.828
441.71,0.01828,1.828
441.72,0.01828,1.828
441.73,0.01828,1.828
441.73,0.01828,1.828
441.74,0.01828,1.828
441.75,0.01828,1.828
441.76,0.01828,1.828
441.77,0.01828,1.828
441.78,0.01828,1.828
441.79,0.01828,1.828
441.80,0.01828,1.828
441.81,0.01828,1.828
441.82,0.01828,1.828
441.83,0.01828,1.828
441.83,0.01828,1.828
441.84,0.01828,1.828
441.85,0.01828,1.828
441.86,0.01828,1.828
441.87,0.01828,1.828
441.88,0.01828,1.828
441.89,0.01828,1.828
441.90,0.01828,1.828
441.91,0.01828,1.828
441.92,0.01828,1.828
441.92,0.01828,1.828
441.93,0.01828,1.828
441.94,0.01828,1.828
441.95,0.01828,1.828
441.96,0.01828,1.828
441.97,0.01828,1.828
441.98,0.01828,1.828
441.99,0.01828,1.828
442.00,0.01828,1.828
442.01,0.01828,1.828
442.02,0.01828,1.828
442.02,0.01828,1.828
442.03,0.01828,1.828
442.04,0.01828,1.828
442.05,0.01828,1.828
442.06,0.01828,1.828
442.07,0.01828,1.828
442.08,0.01828,1.828
442.09,0.01828,1.828
442.10,0.01828,1.828
442.11,0.01828,1.828
442.11,0.01828,1.828
442.12,0.01828,1.828
442.13,0.01828,1.828
442.14,0.01828,1.828
442.15,0.01828,1.828
442.16,0.01828,1.828
442.17,0.01828,1.828
442.18,0.01828,1.828
442.19,0.01828,1.828
442.20,0.01828,1.828
442.21,0.01828,1.828
442.21,0.01828,1.828
442.22,0.01828,1.828
442.23,0.01828,1.828
442.24,0.01828,1.828
442.25,0.01828,1.828
442.26,0.01828,1.828
442.27,0.01828,1.828
442.28,0.01828,1.828
442.29,0.01828,1.828
442.30,0.01828,1.828
442.30,0.01828,1.828
442.31,0.01828,1.828
442.32,0.01828,1.828
442.33,0.01828,1.828
442.34,0.01828,1.828
442.35,0.01828,1.828
442.36,0.01828,1.828
442.37,0.01828,1.828
442.38,0.01828,1.828
442.39,0.01828,1.828
442.40,0.01828,1.828
442.40,0.01828,1.828
442.41,0.01828,1.828
442.42,0.01828,1.828
442.43,0.01828,1.828
442.44,0.01828,1.828
442.45,0.01828,1.828
442.46,0.01828,1.828
442.47,0.01828,1.828
442.48,0.01828,1.828
442.49,0.01828,1.828
442.49,0.01828,1.828
442.50,0.01828,1.828
442.51,0.01828,1.828
442.52,0.01828,1.828
442.53,0.01828,1.828
442.54,0.01828,1.828
442.55,0.01828,1.828
442.56,0.01828,1.828
442.57,0.01828,1.828
442.58,0.01828,1.828
442.59,0.01828,1.828
442.59,0.01828,1.828
442.60,0.01828,1.828
442.61,0.01828,1.828
442.62,0.01828,1.828
442.63,0.01828,1.828
442.64,0.01828,1.828
442.65,0.01828,1.828
442.66,0.01828,1.828
442.67,0.01828,1.828
442.68,0.01828,1.828
442.68,0.01828,1.828
442.69,0.01828,1.828
442.70,0.01828,1.828
442.71,0.01828,1.828
442.72,0.01828,1.828
442.73,0.01828,1.828
442.74,0.01828,1.828
442.75,0.01828,1.828
442.76,0.01828,1.828
442.77,0.01828,1.828
442.78,0.01828,1.828
442.78,0.01828,1.828
442.79,0.01828,1.828
442.80,0.01828,1.828
442.81,0.01828,1.828
442.82,0.01828,1.828
442.83,0.01828,1.828
442.84,0.01828,1.828
442.85,0.01828,1.828
442.86,0.01828,1.828
442.87,0.01828,1.828
442.87,0.01828,1.828
442.88,0.01828,1.828
442.89,0.01828,1.828
442.90,0.01828,1.828
442.91,0.01828,1.828
442.92,0.01828,1.828
442.93,0.01828,1.828
442.94,0.01828,1.828
442.95,0.01828,1.828
442.96,0.01828,1.828
442.96,0.01828,1.828
442.97,0.01828,1.828
442.98,0.01828,1.828
442.99,0.01828,1.828
443.00,0.01828,1.828
443.01,0.01828,1.828
443.02,0.01828,1.828
443.03,0.01828,1.828
443.04,0.01828,1.828
443.05,0.01828,1.828
443.06,0.01828,1.828
443.06,0.01828,1.828
443.07,0.01828,1.828
443.08,0.01828,1.828
443.09,0.01828,1.828
443.10,0.01828,1.828
443.11,0.01828,1.828
443.12,0.01828,1.828
443.13,0.01828,1.828
443.14,0.01828,1.828
443.15,0.01828,1.828
443.15,0.01828,1.828
443.16,0.01828,1.828
443.17,0.01828,1.828
443.18,0.01828,1.828
443.19,0.01828,1.828
443.20,0.01828,1.828
443.21,0.01828,1.828
443.22,0.01828,1.828
443.23,0.01828,1.828
443.24,0.01828,1.828
443.24,0.01828,1.828
443.25,0.01828,1.828
443.26,0.01828,1.828
443.27,0.01828,1.828
443.28,0.01828,1.828
443.29,0.01828,1.828
443.30,0.01828,1.828
443.31,0.01828,1.828
443.32,0.01828,1.828
443.33,0.01828,1.828
443.34,0.01828,1.828
443.34,0.01828,1.828
443.35,0.01828,1.828
443.36,0.01828,1.828
443.37,0.01828,1.828
443.38,0.01828,1.828
443.39,0.01828,1.828
443.40,0.01828,1.828
443.41,0.01828,1.828
443.42,0.01828,1.828
443.43,0.01828,1.828
443.43,0.01828,1.828
443.44,0.01828,1.828
443.45,0.01828,1.828
443.46,0.01828,1.828
443.47,0.01828,1.828
443.48,0.01828,1.828
443.49,0.01828,1.828
443.50,0.01828,1.828
443.51,0.01828,1.828
443.52,0.01828,1.828
443.53,0.01828,1.828
443.53,0.01828,1.828
443.54,0.01828,1.828
443.55,0.01828,1.828
443.56,0.01828,1.828
443.57,0.01828,1.828
443.58,0.01828,1.828
443.59,0.01828,1.828
443.60,0.01828,1.828
443.61,0.01828,1.828
443.62,0.01828,1.828
443.62,0.01828,1.828
443.63,0.01828,1.828
443.64,0.01828,1.828
443.65,0.01828,1.828
443.66,0.01828,1.828
443.67,0.01828,1.828
443.68,0.01828,1.828
443.69,0.01828,1.828
443.70,0.01828,1.828
443.71,0.01828,1.828
443.71,0.01828,1.828
443.72,0.01828,1.828
443.73,0.01828,1.828
443.74,0.01828,1.828
443.75,0.01828,1.828
443.76,0.01828,1.828
443.77,0.01828,1.828
443.78,0.01828,1.828
443.79,0.01828,1.828
443.80,0.01828,1.828
443.81,0.01828,1.828
443.81,0.01828,1.828
443.82,0.01828,1.828
443.83,0.01828,1.828
443.84,0.01828,1.828
443.85,0.01828,1.828
443.86,0.01828,1.828
443.87,0.01828,1.828
443.88,0.01828,1.828
443.89,0.01828,1.828
443.90,0.01828,1.828
443.90,0.01828,1.828
443.91,0.01828,1.828
443.92,0.01828,1.828
443.93,0.01828,1.828
443.94,0.01828,1.828
443.95,0.01828,1.828
443.96,0.01828,1.828
443.97,0.01828,1.828
443.98,0.01828,1.828
443.99,0.01828,1.828
444.00,0.01828,1.828
444.00,0.01828,1.828
444.01,0.01828,1.828
444.02,0.01828,1.828
444.03,0.01828,1.828
444.04,0.01828,1.828
444.05,0.01828,1.828
444.06,0.01828,1.828
444.07,0.01828,1.828
444.08,0.01828,1.828
444.09,0.01828,1.828
444.09,0.01828,1.828
444.10,0.01828,1.828
444.11,0.01828,1.828
444.12,0.01828,1.828
444.13,0.01828,1.828
444.14,0.01828,1.828
444.15,0.01828,1.828
444.16,0.01828,1.828
444.17,0.01828,1.828
444.18,0.01828,1.828
444.19,0.01828,1.828
444.19,0.01828,1.828
444.20,0.01828,1.828
444.21,0.01828,1.828
444.22,0.01828,1.828
444.23,0.01828,1.828
444.24,0.01828,1.828
444.25,0.01828,1.828
444.26,0.01828,1.828
444.27,0.01828,1.828
444.28,0.01828,1.828
444.28,0.01828,1.828
444.29,0.01828,1.828
444.30,0.01828,1.828
444.31,0.01828,1.828
444.32,0.01828,1.828
444.33,0.01828,1.828
444.34,0.01828,1.828
444.35,0.01828,1.828
444.36,0.01828,1.828
444.37,0.01828,1.828
444.38,0.01828,1.828
444.38,0.01828,1.828
444.39,0.01828,1.828
444.40,0.01828,1.828
444.41,0.01828,1.828
444.42,0.01828,1.828
444.43,0.01828,1.828
444.44,0.01828,1.828
444.45,0.01828,1.828
444.46,0.01828,1.828
444.47,0.01828,1.828
444.47,0.01828,1.828
444.48,0.01828,1.828
444.49,0.01828,1.828
444.50,0.01828,1.828
444.51,0.01828,1.828
444.52,0.01828,1.828
444.53,0.01828,1.828
444.54,0.01828,1.828
444.55,0.01828,1.828
444.56,0.01828,1.828
444.57,0.01828,1.828
444.57,0.01828,1.828
444.58,0.01828,1.828
444.59,0.01828,1.828
444.60,0.01828,1.828
444.61,0.01828,1.828
444.62,0.01828,1.828
444.63,0.01828,1.828
444.64,0.01828,1.828
444.65,0.01828,1.828
444.66,0.01828,1.828
444.66,0.01828,1.828
444.67,0.01828,1.828
444.68,0.01828,1.828
444.69,0.01828,1.828
444.70,0.01828,1.828
444.71,0.01828,1.828
444.72,0.01828,1.828
444.73,0.01828,1.828
444.74,0.01828,1.828
444.75,0.01828,1.828
444.76,0.01828,1.828
444.76,0.01828,1.828
444.77,0.01828,1.828
444.78,0.01828,1.828
444.79,0.01828,1.828
444.80,0.01828,1.828
444.81,0.01828,1.828
444.82,0.01828,1.828
444.83,0.01828,1.828
444.84,0.01828,1.828
444.85,0.01828,1.828
444.85,0.01828,1.828
444.86,0.01828,1.828
444.87,0.01828,1.828
444.88,0.01828,1.828
444.89,0.01828,1.828
444.90,0.01828,1.828
444.91,0.01828,1.828
444.92,0.01828,1.828
444.93,0.01828,1.828
444.94,0.01828,1.828
444.94,0.01828,1.828
444.95,0.01828,1.828
444.96,0.01828,1.828
444.97,0.01828,1.828
444.98,0.01828,1.828
444.99,0.01828,1.828
445.00,0.01828,1.828
445.01,0.01828,1.828
445.02,0.01828,1.828
445.03,0.01828,1.828
445.04,0.01828,1.828
445.04,0.01828,1.828
445.05,0.01828,1.828
445.06,0.01828,1.828
445.07,0.01828,1.828
445.08,0.01828,1.828
445.09,0.01828,1.828
445.10,0.01828,1.828
445.11,0.01828,1.828
445.12,0.01828,1.828
445.13,0.01828,1.828
445.13,0.01828,1.828
445.14,0.01828,1.828
445.15,0.01828,1.828
445.16,0.01828,1.828
445.17,0.01828,1.828
445.18,0.01828,1.828
445.19,0.01828,1.828
445.20,0.01828,1.828
445.21,0.01828,1.828
445.22,0.01828,1.828
445.23,0.01828,1.828
445.23,0.01828,1.828
445.24,0.01828,1.828
445.25,0.01828,1.828
445.26,0.01828,1.828
445.27,0.01828,1.828
445.28,0.01828,1.828
445.29,0.01828,1.828
445.30,0.01828,1.828
445.31,0.01828,1.828
445.32,0.01828,1.828
445.32,0.01828,1.828
445.33,0.01828,1.828
445.34,0.01828,1.828
445.35,0.01828,1.828
445.36,0.01828,1.828
445.37,0.01828,1.828
445.38,0.01828,1.828
445.39,0.01828,1.828
445.40,0.01828,1.828
445.41,0.01828,1.828
445.41,0.01828,1.828
445.42,0.01828,1.828
445.43,0.01828,1.828
445.44,0.01828,1.828
445.45,0.01828,1.828
445.46,0.01828,1.828
445.47,0.01828,1.828
445.48,0.01828,1.828
445.49,0.01828,1.828
445.50,0.01828,1.828
445.51,0.01828,1.828
445.51,0.01828,1.828
445.52,0.01828,1.828
445.53,0.01828,1.828
445.54,0.01828,1.828
445.55,0.01828,1.828
445.56,0.01828,1.828
445.57,0.01828,1.828
445.58,0.01828,1.828
445.59,0.01828,1.828
445.60,0.01828,1.828
445.60,0.01828,1.828
445.61,0.01828,1.828
445.62,0.01828,1.828
445.63,0.01828,1.828
445.64,0.01828,1.828
445.65,0.01828,1.828
445.66,0.01828,1.828
445.67,0.01828,1.828
445.68,0.01828,1.828
445.69,0.01828,1.828
445.70,0.01828,1.828
445.70,0.01828,1.828
445.71,0.01828,1.828
445.72,0.01828,1.828
445.73,0.01828,1.828
445.74,0.01828,1.828
445.75,0.01828,1.828
445.76,0.01828,1.828
445.77,0.01828,1.828
445.78,0.01828,1.828
445.79,0.01828,1.828
445.79,0.01828,1.828
445.80,0.01828,1.828
445.81,0.01828,1.828
445.82,0.01828,1.828
445.83,0.01828,1.828
445.84,0.01828,1.828
445.85,0.01828,1.828
445.86,0.01828,1.828
445.87,0.01828,1.828
445.88,0.01828,1.828
445.88,0.01828,1.828
445.89,0.01828,1.828
445.90,0.01828,1.828
445.91,0.01828,1.828
445.92,0.01828,1.828
445.93,0.01828,1.828
445.94,0.01828,1.828
445.95,0.01828,1.828
445.96,0.01828,1.828
445.97,0.01828,1.828
445.98,0.01828,1.828
445.98,0.01828,1.828
445.99,0.01828,1.828
446.00,0.01828,1.828
446.01,0.01828,1.828
446.02,0.01828,1.828
446.03,0.01828,1.828
446.04,0.01828,1.828
446.05,0.01828,1.828
446.06,0.01828,1.828
446.07,0.01828,1.828
446.07,0.01828,1.828
446.08,0.01828,1.828
446.09,0.01828,1.828
446.10,0.01828,1.828
446.11,0.01828,1.828
446.12,0.01828,1.828
446.13,0.01828,1.828
446.14,0.01828,1.828
446.15,0.01828,1.828
446.16,0.01828,1.828
446.17,0.01828,1.828
446.17,0.01828,1.828
446.18,0.01828,1.828
446.19,0.01828,1.828
446.20,0.01828,1.828
446.21,0.01828,1.828
446.22,0.01828,1.828
446.23,0.01828,1.828
446.24,0.01828,1.828
446.25,0.01828,1.828
446.26,0.01828,1.828
446.26,0.01828,1.828
446.27,0.01828,1.828
446.28,0.01828,1.828
446.29,0.01828,1.828
446.30,0.01828,1.828
446.31,0.01828,1.828
446.32,0.01828,1.828
446.33,0.01828,1.828
446.34,0.01828,1.828
446.35,0.01828,1.828
446.36,0.01828,1.828
446.36,0.01828,1.828
446.37,0.01828,1.828
446.38,0.01828,1.828
446.39,0.01828,1.828
446.40,0.01828,1.828
446.41,0.01828,1.828
446.42,0.01828,1.828
446.43,0.01828,1.828
446.44,0.01828,1.828
446.45,0.01828,1.828
446.45,0.01828,1.828
446.46,0.01828,1.828
446.47,0.01828,1.828
446.48,0.01828,1.828
446.49,0.01828,1.828
446.50,0.01828,1.828
446.51,0.01828,1.828
446.52,0.01828,1.828
446.53,0.01828,1.828
446.54,0.01828,1.828
446.55,0.01828,1.828
446.55,0.01828,1.828
446.56,0.01828,1.828
446.57,0.01828,1.828
446.58,0.01828,1.828
446.59,0.01828,1.828
446.60,0.01828,1.828
446.61,0.01828,1.828
446.62,0.01828,1.828
446.63,0.01828,1.828
446.64,0.01828,1.828
446.64,0.01828,1.828
446.65,0.01828,1.828
446.66,0.01828,1.828
446.67,0.01828,1.828
446.68,0.01828,1.828
446.69,0.01828,1.828
446.70,0.01828,1.828
446.71,0.01828,1.828
446.72,0.01828,1.828
446.73,0.01828,1.828
446.74,0.01828,1.828
446.74,0.01828,1.828
446.75,0.01828,1.828
446.76,0.01828,1.828
446.77,0.01828,1.828
446.78,0.01828,1.828
446.79,0.01828,1.828
446.80,0.01828,1.828
446.81,0.01828,1.828
446.82,0.01828,1.828
446.83,0.01828,1.828
446.83,0.01828,1.828
446.84,0.01828,1.828
446.85,0.01828,1.828
446.86,0.01828,1.828
446.87,0.01828,1.828
446.88,0.01828,1.828
446.89,0.01828,1.828
446.90,0.01828,1.828
446.91,0.01828,1.828
446.92,0.01828,1.828
446.93,0.01828,1.828
446.93,0.01828,1.828
446.94,0.01828,1.828
446.95,0.01828,1.828
446.96,0.01828,1.828
446.97,0.01828,1.828
446.98,0.01828,1.828
446.99,0.01828,1.828
447.00,0.01828,1.828
447.01,0.01828,1.828
447.02,0.01828,1.828
447.02,0.01828,1.828
447.03,0.01828,1.828
447.04,0.01828,1.828
447.05,0.01828,1.828
447.06,0.01828,1.828
447.07,0.01828,1.828
447.08,0.01828,1.828
447.09,0.01828,1.828
447.10,0.01828,1.828
447.11,0.01828,1.828
447.12,0.01828,1.828
447.12,0.01828,1.828
447.13,0.01828,1.828
447.14,0.01828,1.828
447.15,0.01828,1.828
447.16,0.01828,1.828
447.17,0.01828,1.828
447.18,0.01828,1.828
447.19,0.01828,1.828
447.20,0.01828,1.828
447.21,0.01828,1.828
447.21,0.01828,1.828
447.22,0.01828,1.828
447.23,0.01828,1.828
447.24,0.01828,1.828
447.25,0.01828,1.828
447.26,0.01828,1.828
447.27,0.01828,1.828
447.28,0.01828,1.828
447.29,0.01828,1.828
447.30,0.01828,1.828
447.30,0.01828,1.828
447.31,0.01828,1.828
447.32,0.01828,1.828
447.33,0.01828,1.828
447.34,0.01828,1.828
447.35,0.01828,1.828
447.36,0.01828,1.828
447.37,0.01828,1.828
447.38,0.01828,1.828
447.39,0.01828,1.828
447.40,0.01828,1.828
447.40,0.01828,1.828
447.41,0.01828,1.828
447.42,0.01828,1.828
447.43,0.01828,1.828
447.44,0.01828,1.828
447.45,0.01828,1.828
447.46,0.01828,1.828
447.47,0.01828,1.828
447.48,0.01828,1.828
447.49,0.01828,1.828
447.49,0.01828,1.828
447.50,0.01828,1.828
447.51,0.01828,1.828
447.52,0.01828,1.828
447.53,0.01828,1.828
447.54,0.01828,1.828
447.55,0.01828,1.828
447.56,0.01828,1.828
447.57,0.01828,1.828
447.58,0.01828,1.828
447.59,0.01828,1.828
447.59,0.01828,1.828
447.60,0.01828,1.828
447.61,0.01828,1.828
447.62,0.01828,1.828
447.63,0.01828,1.828
447.64,0.01828,1.828
447.65,0.01828,1.828
447.66,0.01828,1.828
447.67,0.01828,1.828
447.68,0.01828,1.828
447.68,0.01828,1.828
447.69,0.01828,1.828
447.70,0.01828,1.828
447.71,0.01828,1.828
447.72,0.01828,1.828
447.73,0.01828,1.828
447.74,0.01828,1.828
447.75,0.01828,1.828
447.76,0.01828,1.828
447.77,0.01828,1.828
447.78,0.01828,1.828
447.78,0.01828,1.828
447.79,0.01828,1.828
447.80,0.01828,1.828
447.81,0.01828,1.828
447.82,0.01829,1.829
447.83,0.01829,1.829
447.84,0.01829,1.829
447.85,0.01829,1.829
447.86,0.01829,1.829
447.87,0.01829,1.829
447.87,0.01829,1.829
447.88,0.01829,1.829
447.89,0.01829,1.829
447.90,0.01829,1.829
447.91,0.01829,1.829
447.92,0.01829,1.829
447.93,0.01829,1.829
447.94,0.01829,1.829
447.95,0.01829,1.829
447.96,0.01829,1.829
447.96,0.01829,1.829
447.97,0.01829,1.829
447.98,0.01829,1.829
447.99,0.01829,1.829
448.00,0.01829,1.829
448.01,0.01829,1.829
448.02,0.01829,1.829
448.03,0.01829,1.829
448.04,0.01829,1.829
448.05,0.01829,1.829
448.06,0.01829,1.829
448.06,0.01829,1.829
448.07,0.01829,1.829
448.08,0.01829,1.829
448.09,0.01829,1.829
448.10,0.01829,1.829
448.11,0.01829,1.829
448.12,0.01829,1.829
448.13,0.01829,1.829
448.14,0.01829,1.829
448.15,0.01829,1.829
448.15,0.01829,1.829
448.16,0.01829,1.829
448.17,0.01829,1.829
448.18,0.01829,1.829
448.19,0.01829,1.829
448.20,0.01829,1.829
448.21,0.01829,1.829
448.22,0.01829,1.829
448.23,0.01829,1.829
448.24,0.01829,1.829
448.25,0.01829,1.829
448.25,0.01829,1.829
448.26,0.01829,1.829
448.27,0.01829,1.829
448.28,0.01829,1.829
448.29,0.01829,1.829
448.30,0.01829,1.829
448.31,0.01829,1.829
448.32,0.01829,1.829
448.33,0.01829,1.829
448.34,0.01829,1.829
448.34,0.01829,1.829
448.35,0.01829,1.829
448.36,0.01829,1.829
448.37,0.01829,1.829
448.38,0.01829,1.829
448.39,0.01829,1.829
448.40,0.01829,1.829
448.41,0.01829,1.829
448.42,0.01829,1.829
448.43,0.01829,1.829
448.43,0.01829,1.829
448.44,0.01829,1.829
448.45,0.01829,1.829
448.46,0.01829,1.829
448.47,0.01829,1.829
448.48,0.01829,1.829
448.49,0.01829,1.829
448.50,0.01829,1.829
448.51,0.01829,1.829
448.52,0.01829,1.829
448.53,0.01829,1.829
448.53,0.01829,1.829
448.54,0.01829,1.829
448.55,0.01829,1.829
448.56,0.01829,1.829
448.57,0.01829,1.829
448.58,0.01829,1.829
448.59,0.01829,1.829
448.60,0.01829,1.829
448.61,0.01829,1.829
448.62,0.01829,1.829
448.62,0.01829,1.829
448.63,0.01829,1.829
448.64,0.01829,1.829
448.65,0.01829,1.829
448.66,0.01829,1.829
448.67,0.01829,1.829
448.68,0.01829,1.829
448.69,0.01829,1.829
448.70,0.01829,1.829
448.71,0.01829,1.829
448.72,0.01829,1.829
448.72,0.01829,1.829
448.73,0.01829,1.829
448.74,0.01829,1.829
448.75,0.01829,1.829
448.76,0.01829,1.829
448.77,0.01829,1.829
448.78,0.01829,1.829
448.79,0.01829,1.829
448.80,0.01829,1.829
448.81,0.01829,1.829
448.81,0.01829,1.829
448.82,0.01829,1.829
448.83,0.01829,1.829
448.84,0.01829,1.829
448.85,0.01829,1.829
448.86,0.01829,1.829
448.87,0.01829,1.829
448.88,0.01829,1.829
448.89,0.01829,1.829
448.90,0.01829,1.829
448.91,0.01829,1.829
448.91,0.01829,1.829
448.92,0.01829,1.829
448.93,0.01829,1.829
448.94,0.01829,1.829
448.95,0.01829,1.829
448.96,0.01829,1.829
448.97,0.01829,1.829
448.98,0.01829,1.829
448.99,0.01829,1.829
449.00,0.01829,1.829
449.00,0.01829,1.829
449.01,0.01829,1.829
449.02,0.01829,1.829
449.03,0.01829,1.829
449.04,0.01829,1.829
449.05,0.01829,1.829
449.06,0.01829,1.829
449.07,0.01829,1.829
449.08,0.01829,1.829
449.09,0.01829,1.829
449.10,0.01829,1.829
449.10,0.01829,1.829
449.11,0.01829,1.829
449.12,0.01829,1.829
449.13,0.01829,1.829
449.14,0.01829,1.829
449.15,0.01829,1.829
449.16,0.01829,1.829
449.17,0.01829,1.829
449.18,0.01829,1.829
449.19,0.01829,1.829
449.19,0.01829,1.829
449.20,0.01829,1.829
449.21,0.01829,1.829
449.22,0.01829,1.829
449.23,0.01829,1.829
449.24,0.01829,1.829
449.25,0.01829,1.829
449.26,0.01829,1.829
449.27,0.01829,1.829
449.28,0.01829,1.829
449.29,0.01829,1.829
449.29,0.01829,1.829
449.30,0.01829,1.829
449.31,0.01829,1.829
449.32,0.01829,1.829
449.33,0.01829,1.829
449.34,0.01829,1.829
449.35,0.01829,1.829
449.36,0.01829,1.829
449.37,0.01829,1.829
449.38,0.01829,1.829
449.38,0.01829,1.829
449.39,0.01829,1.829
449.40,0.01829,1.829
449.41,0.01829,1.829
449.42,0.01829,1.829
449.43,0.01829,1.829
449.44,0.01829,1.829
449.45,0.01829,1.829
449.46,0.01829,1.829
449.47,0.01829,1.829
449.48,0.01829,1.829
449.48,0.01829,1.829
449.49,0.01829,1.829
449.50,0.01829,1.829
449.51,0.01829,1.829
449.52,0.01829,1.829
449.53,0.01829,1.829
449.54,0.01829,1.829
449.55,0.01829,1.829
449.56,0.01829,1.829
449.57,0.01829,1.829
449.57,0.01829,1.829
449.58,0.01829,1.829
449.59,0.01829,1.829
449.60,0.01829,1.829
449.61,0.01829,1.829
449.62,0.01829,1.829
449.63,0.01829,1.829
449.64,0.01829,1.829
449.65,0.01829,1.829
449.66,0.01829,1.829
449.67,0.01829,1.829
449.67,0.01829,1.829
449.68,0.01829,1.829
449.69,0.01829,1.829
449.70,0.01829,1.829
449.71,0.01829,1.829
449.72,0.01829,1.829
449.73,0.01829,1.829
449.74,0.01829,1.829
449.75,0.01829,1.829
449.76,0.01829,1.829
449.76,0.01829,1.829
449.77,0.01829,1.829
449.78,0.01829,1.829
449.79,0.01829,1.829
449.80,0.01829,1.829
449.81,0.01829,1.829
449.82,0.01829,1.829
449.83,0.01829,1.829
449.84,0.01829,1.829
449.85,0.01829,1.829
449.85,0.01829,1.829
449.86,0.01829,1.829
449.87,0.01829,1.829
449.88,0.01829,1.829
449.89,0.01829,1.829
449.90,0.01829,1.829
449.91,0.01829,1.829
449.92,0.01829,1.829
449.93,0.01829,1.829
449.94,0.01829,1.829
449.95,0.01829,1.829
449.95,0.01829,1.829
449.96,0.01829,1.829
449.97,0.01829,1.829
449.98,0.01829,1.829
449.99,0.01829,1.829
450.00,0.01829,1.829
450.01,0.01829,1.829
450.02,0.01829,1.829
450.03,0.01829,1.829
450.04,0.01829,1.829
450.04,0.01829,1.829
450.05,0.01829,1.829
450.06,0.01829,1.829
450.07,0.01829,1.829
450.08,0.01829,1.829
450.09,0.01829,1.829
450.10,0.01829,1.829
450.11,0.01829,1.829
450.12,0.01829,1.829
450.13,0.01829,1.829
450.13,0.01829,1.829
450.14,0.01829,1.829
450.15,0.01829,1.829
450.16,0.01829,1.829
450.17,0.01829,1.829
450.18,0.01829,1.829
450.19,0.01829,1.829
450.20,0.01829,1.829
450.21,0.01829,1.829
450.22,0.01829,1.829
450.23,0.01829,1.829
450.23,0.01829,1.829
450.24,0.01829,1.829
450.25,0.01829,1.829
450.26,0.01829,1.829
450.27,0.01829,1.829
450.28,0.01829,1.829
450.29,0.01829,1.829
450.30,0.01829,1.829
450.31,0.01829,1.829
450.32,0.01829,1.829
450.32,0.01829,1.829
450.33,0.01829,1.829
450.34,0.01829,1.829
450.35,0.01829,1.829
450.36,0.01829,1.829
450.37,0.01829,1.829
450.38,0.01829,1.829
450.39,0.01829,1.829
450.40,0.01829,1.829
450.41,0.01829,1.829
450.42,0.01829,1.829
450.42,0.01829,1.829
450.43,0.01829,1.829
450.44,0.01829,1.829
450.45,0.01829,1.829
450.46,0.01829,1.829
450.47,0.01829,1.829
450.48,0.01829,1.829
450.49,0.01829,1.829
450.50,0.01829,1.829
450.51,0.01829,1.829
450.51,0.01829,1.829
450.52,0.01829,1.829
450.53,0.01829,1.829
450.54,0.01829,1.829
450.55,0.01829,1.829
450.56,0.01829,1.829
450.57,0.01829,1.829
450.58,0.01829,1.829
450.59,0.01829,1.829
450.60,0.01829,1.829
450.60,0.01829,1.829
450.61,0.01829,1.829
450.62,0.01829,1.829
450.63,0.01829,1.829
450.64,0.01829,1.829
450.65,0.01829,1.829
450.66,0.01829,1.829
450.67,0.01829,1.829
450.68,0.01829,1.829
450.69,0.01829,1.829
450.70,0.01829,1.829
450.70,0.01829,1.829
450.71,0.01829,1.829
450.72,0.01829,1.829
450.73,0.01829,1.829
450.74,0.01829,1.829
450.75,0.01829,1.829
450.76,0.01829,1.829
450.77,0.01829,1.829
450.78,0.01829,1.829
450.79,0.01829,1.829
450.79,0.01829,1.829
450.80,0.01829,1.829
450.81,0.01829,1.829
450.82,0.01829,1.829
450.83,0.01829,1.829
450.84,0.01829,1.829
450.85,0.01829,1.829
450.86,0.01829,1.829
450.87,0.01829,1.829
450.88,0.01829,1.829
450.89,0.01829,1.829
450.89,0.01829,1.829
450.90,0.01829,1.829
450.91,0.01829,1.829
450.92,0.01829,1.829
450.93,0.01829,1.829
450.94,0.01829,1.829
450.95,0.01829,1.829
450.96,0.01829,1.829
450.97,0.01829,1.829
450.98,0.01829,1.829
450.99,0.01829,1.829
450.99,0.01829,1.829
451.00,0.01829,1.829
451.01,0.01829,1.829
451.02,0.01829,1.829
451.03,0.01829,1.829
451.04,0.01829,1.829
451.05,0.01829,1.829
451.06,0.01829,1.829
451.07,0.01829,1.829
451.08,0.01829,1.829
451.08,0.01829,1.829
451.09,0.01829,1.829
451.10,0.01829,1.829
451.11,0.01829,1.829
451.12,0.01829,1.829
451.13,0.01829,1.829
451.14,0.01829,1.829
451.15,0.01829,1.829
451.16,0.01829,1.829
451.17,0.01829,1.829
451.18,0.01829,1.829
451.18,0.01829,1.829
451.19,0.01829,1.829
451.20,0.01829,1.829
451.21,0.01829,1.829
451.22,0.01829,1.829
451.23,0.01829,1.829
451.24,0.01829,1.829
451.25,0.01829,1.829
451.26,0.01829,1.829
451.27,0.01829,1.829
451.27,0.01829,1.829
451.28,0.01829,1.829
451.29,0.01829,1.829
451.30,0.01829,1.829
451.31,0.01829,1.829
451.32,0.01829,1.829
451.33,0.01829,1.829
451.34,0.01829,1.829
451.35,0.01829,1.829
451.36,0.01829,1.829
451.37,0.01829,1.829
451.37,0.01829,1.829
451.38,0.01829,1.829
451.39,0.01829,1.829
451.40,0.01829,1.829
451.41,0.01829,1.829
451.42,0.01829,1.829
451.43,0.01829,1.829
451.44,0.01829,1.829
451.45,0.01829,1.829
451.46,0.01829,1.829
451.46,0.01829,1.829
451.47,0.01829,1.829
451.48,0.01829,1.829
451.49,0.01829,1.829
451.50,0.01829,1.829
451.51,0.01829,1.829
451.52,0.01829,1.829
451.53,0.01829,1.829
451.54,0.01829,1.829
451.55,0.01829,1.829
451.56,0.01829,1.829
451.56,0.01829,1.829
451.57,0.01829,1.829
451.58,0.01829,1.829
451.59,0.01829,1.829
451.60,0.01829,1.829
451.61,0.01829,1.829
451.62,0.01829,1.829
451.63,0.01829,1.829
451.64,0.01829,1.829
451.65,0.01829,1.829
451.65,0.01829,1.829
451.66,0.01829,1.829
451.67,0.01829,1.829
451.68,0.01829,1.829
451.69,0.01829,1.829
451.70,0.01829,1.829
451.71,0.01829,1.829
451.72,0.01829,1.829
451.73,0.01829,1.829
451.74,0.01829,1.829
451.75,0.01829,1.829
451.75,0.01829,1.829
451.76,0.01829,1.829
451.77,0.01829,1.829
451.78,0.01829,1.829
451.79,0.01829,1.829
451.80,0.01829,1.829
451.81,0.01829,1.829
451.82,0.01829,1.829
451.83,0.01829,1.829
451.84,0.01829,1.829
451.84,0.01829,1.829
451.85,0.01829,1.829
451.86,0.01829,1.829
451.87,0.01829,1.829
451.88,0.01829,1.829
451.89,0.01829,1.829
451.90,0.01829,1.829
451.91,0.01829,1.829
451.92,0.01829,1.829
451.93,0.01829,1.829
451.93,0.01829,1.829
451.94,0.01829,1.829
451.95,0.01829,1.829
451.96,0.01829,1.829
451.97,0.01829,1.829
451.98,0.01829,1.829
451.99,0.01829,1.829
452.00,0.01829,1.829
452.01,0.01829,1.829
452.02,0.01829,1.829
452.03,0.01829,1.829
452.03,0.01829,1.829
452.04,0.01829,1.829
452.05,0.01829,1.829
452.06,0.01829,1.829
452.07,0.01829,1.829
452.08,0.01829,1.829
452.09,0.01829,1.829
452.10,0.01829,1.829
452.11,0.01829,1.829
452.12,0.01829,1.829
452.12,0.01829,1.829
452.13,0.01829,1.829
452.14,0.01829,1.829
452.15,0.01829,1.829
452.16,0.01829,1.829
452.17,0.01829,1.829
452.18,0.01829,1.829
452.19,0.01829,1.829
452.20,0.01829,1.829
452.21,0.01829,1.829
452.21,0.01829,1.829
452.22,0.01829,1.829
452.23,0.01829,1.829
452.24,0.01829,1.829
452.25,0.01829,1.829
452.26,0.01829,1.829
452.27,0.01829,1.829
452.28,0.01829,1.829
452.29,0.01829,1.829
452.30,0.01829,1.829
452.31,0.01829,1.829
452.31,0.01829,1.829
452.32,0.01829,1.829
452.33,0.01829,1.829
452.34,0.01829,1.829
452.35,0.01829,1.829
452.36,0.01829,1.829
452.37,0.01829,1.829
452.38,0.01829,1.829
452.39,0.01829,1.829
452.40,0.01829,1.829
452.40,0.01829,1.829
452.41,0.01829,1.829
452.42,0.01829,1.829
452.43,0.01829,1.829
452.44,0.01829,1.829
452.45,0.01829,1.829
452.46,0.01829,1.829
452.47,0.01829,1.829
452.48,0.01829,1.829
452.49,0.01829,1.829
452.50,0.01829,1.829
452.50,0.01829,1.829
452.51,0.01829,1.829
452.52,0.01829,1.829
452.53,0.01829,1.829
452.54,0.01829,1.829
452.55,0.01829,1.829
452.56,0.01829,1.829
452.57,0.01829,1.829
452.58,0.01829,1.829
452.59,0.01829,1.829
452.59,0.01829,1.829
452.60,0.01829,1.829
452.61,0.01829,1.829
452.62,0.01829,1.829
452.63,0.01829,1.829
452.64,0.01829,1.829
452.65,0.01829,1.829
452.66,0.01829,1.829
452.67,0.01829,1.829
452.68,0.01829,1.829
452.69,0.01829,1.829
452.69,0.01829,1.829
452.70,0.01829,1.829
452.71,0.01829,1.829
452.72,0.01829,1.829
452.73,0.01829,1.829
452.74,0.01829,1.829
452.75,0.01829,1.829
452.76,0.01829,1.829
452.77,0.01829,1.829
452.78,0.01829,1.829
452.78,0.01829,1.829
452.79,0.01829,1.829
452.80,0.01829,1.829
452.81,0.01829,1.829
452.82,0.01829,1.829
452.83,0.01829,1.829
452.84,0.01829,1.829
452.85,0.01829,1.829
452.86,0.01829,1.829
452.87,0.01829,1.829
452.88,0.01829,1.829
452.88,0.01829,1.829
452.89,0.01829,1.829
452.90,0.01829,1.829
452.91,0.01829,1.829
452.92,0.01829,1.829
452.93,0.01829,1.829
452.94,0.01829,1.829
452.95,0.01829,1.829
452.96,0.01829,1.829
452.97,0.01829,1.829
452.97,0.01829,1.829
452.98,0.01829,1.829
452.99,0.01829,1.829
453.00,0.01829,1.829
453.01,0.01829,1.829
453.02,0.01829,1.829
453.03,0.01829,1.829
453.04,0.01829,1.829
453.05,0.01829,1.829
453.06,0.01829,1.829
453.07,0.01829,1.829
453.07,0.01829,1.829
453.08,0.01829,1.829
453.09,0.01829,1.829
453.10,0.01829,1.829
453.11,0.01829,1.829
453.12,0.01829,1.829
453.13,0.01829,1.829
453.14,0.01829,1.829
453.15,0.01829,1.829
453.16,0.01829,1.829
453.16,0.01829,1.829
453.17,0.01829,1.829
453.18,0.01829,1.829
453.19,0.01829,1.829
453.20,0.01829,1.829
453.21,0.01829,1.829
453.22,0.01829,1.829
453.23,0.01829,1.829
453.24,0.01829,1.829
453.25,0.01829,1.829
453.26,0.01829,1.829
453.26,0.01829,1.829
453.27,0.01829,1.829
453.28,0.01829,1.829
453.29,0.01829,1.829
453.30,0.01829,1.829
453.31,0.01829,1.829
453.32,0.01829,1.829
453.33,0.01829,1.829
453.34,0.01829,1.829
453.35,0.01829,1.829
453.35,0.01829,1.829
453.36,0.01829,1.829
453.37,0.01829,1.829
453.38,0.01829,1.829
453.39,0.01829,1.829
453.40,0.01829,1.829
453.41,0.01829,1.829
453.42,0.01829,1.829
453.43,0.01829,1.829
453.44,0.01829,1.829
453.45,0.01829,1.829
453.45,0.01829,1.829
453.46,0.01829,1.829
453.47,0.01829,1.829
453.48,0.01829,1.829
453.49,0.01829,1.829
453.50,0.01829,1.829
453.51,0.01829,1.829
453.52,0.01829,1.829
453.53,0.01829,1.829
453.54,0.01829,1.829
453.54,0.01829,1.829
453.55,0.01829,1.829
453.56,0.01829,1.829
453.57,0.01829,1.829
453.58,0.01829,1.829
453.59,0.01829,1.829
453.60,0.01829,1.829
453.61,0.01829,1.829
453.62,0.01829,1.829
453.63,0.01829,1.829
453.64,0.01829,1.829
453.64,0.01829,1.829
453.65,0.01829,1.829
453.66,0.01829,1.829
453.67,0.01829,1.829
453.68,0.01829,1.829
453.69,0.01829,1.829
453.70,0.01829,1.829
453.71,0.01829,1.829
453.72,0.01829,1.829
453.73,0.01829,1.829
453.73,0.01829,1.829
453.74,0.01829,1.829
453.75,0.01829,1.829
453.76,0.01829,1.829
453.77,0.01829,1.829
453.78,0.01829,1.829
453.79,0.01829,1.829
453.80,0.01829,1.829
453.81,0.01829,1.829
453.82,0.01829,1.829
453.83,0.01829,1.829
453.83,0.01829,1.829
453.84,0.01829,1.829
453.85,0.01829,1.829
453.86,0.01829,1.829
453.87,0.01829,1.829
453.88,0.01829,1.829
453.89,0.01829,1.829
453.90,0.01829,1.829
453.91,0.01829,1.829
453.92,0.01829,1.829
453.92,0.01829,1.829
453.93,0.01829,1.829
453.94,0.01829,1.829
453.95,0.01829,1.829
453.96,0.01829,1.829
453.97,0.01829,1.829
453.98,0.01829,1.829
453.99,0.01829,1.829
454.00,0.01829,1.829
454.01,0.01829,1.829
454.01,0.01829,1.829
454.02,0.01829,1.829
454.03,0.01829,1.829
454.04,0.01829,1.829
454.05,0.01829,1.829
454.06,0.01829,1.829
454.07,0.01829,1.829
454.08,0.01829,1.829
454.09,0.01829,1.829
454.10,0.01829,1.829
454.11,0.01829,1.829
454.11,0.01829,1.829
454.12,0.01829,1.829
454.13,0.01829,1.829
454.14,0.01829,1.829
454.15,0.01829,1.829
454.16,0.01829,1.829
454.17,0.01829,1.829
454.18,0.01829,1.829
454.19,0.01829,1.829
454.20,0.01829,1.829
454.20,0.01829,1.829
454.21,0.01829,1.829
454.22,0.01829,1.829
454.23,0.01829,1.829
454.24,0.01829,1.829
454.25,0.01829,1.829
454.26,0.01829,1.829
454.27,0.01829,1.829
454.28,0.01829,1.829
454.29,0.01829,1.829
454.29,0.01829,1.829
454.30,0.01829,1.829
454.31,0.01829,1.829
454.32,0.01829,1.829
454.33,0.01829,1.829
454.34,0.01829,1.829
454.35,0.01829,1.829
454.36,0.01829,1.829
454.37,0.01829,1.829
454.38,0.01829,1.829
454.39,0.01829,1.829
454.39,0.01829,1.829
454.40,0.01829,1.829
454.41,0.01829,1.829
454.42,0.01829,1.829
454.43,0.01829,1.829
454.44,0.01829,1.829
454.45,0.01829,1.829
454.46,0.01829,1.829
454.47,0.01829,1.829
454.48,0.01829,1.829
454.48,0.01829,1.829
454.49,0.01829,1.829
454.50,0.01829,1.829
454.51,0.01829,1.829
454.52,0.01829,1.829
454.53,0.01829,1.829
454.54,0.01829,1.829
454.55,0.01829,1.829
454.56,0.01829,1.829
454.57,0.01829,1.829
454.58,0.01829,1.829
454.58,0.01829,1.829
454.59,0.01829,1.829
454.60,0.01829,1.829
454.61,0.01829,1.829
454.62,0.01829,1.829
454.63,0.01829,1.829
454.64,0.01829,1.829
454.65,0.01829,1.829
454.66,0.01829,1.829
454.67,0.01829,1.829
454.67,0.01829,1.829
454.68,0.01829,1.829
454.69,0.01829,1.829
454.70,0.01829,1.829
454.71,0.01829,1.829
454.72,0.01829,1.829
454.73,0.01829,1.829
454.74,0.01829,1.829
454.75,0.01829,1.829
454.76,0.01829,1.829
454.77,0.01829,1.829
454.77,0.01829,1.829
454.78,0.01829,1.829
454.79,0.01829,1.829
454.80,0.01829,1.829
454.81,0.01829,1.829
454.82,0.01829,1.829
454.83,0.01829,1.829
454.84,0.01829,1.829
454.85,0.01829,1.829
454.86,0.01829,1.829
454.86,0.01829,1.829
454.87,0.01829,1.829
454.88,0.01829,1.829
454.89,0.01829,1.829
454.90,0.01829,1.829
454.91,0.01829,1.829
454.92,0.01829,1.829
454.93,0.01829,1.829
454.94,0.01829,1.829
454.95,0.01829,1.829
454.96,0.01829,1.829
454.96,0.01829,1.829
454.97,0.01829,1.829
454.98,0.01829,1.829
454.99,0.01829,1.829
455.00,0.01829,1.829
455.01,0.01829,1.829
455.02,0.01829,1.829
455.03,0.01829,1.829
455.04,0.01829,1.829
455.05,0.01829,1.829
455.05,0.01829,1.829
455.06,0.01829,1.829
455.07,0.01829,1.829
455.08,0.01829,1.829
455.09,0.01829,1.829
455.10,0.01829,1.829
455.11,0.01829,1.829
455.12,0.01829,1.829
455.13,0.01829,1.829
455.14,0.01829,1.829
455.15,0.01829,1.829
455.15,0.01829,1.829
455.16,0.01829,1.829
455.17,0.01829,1.829
455.18,0.01829,1.829
455.19,0.01829,1.829
455.20,0.01829,1.829
455.21,0.01829,1.829
455.22,0.01829,1.829
455.23,0.01829,1.829
455.24,0.01829,1.829
455.24,0.01829,1.829
455.25,0.01829,1.829
455.26,0.01829,1.829
455.27,0.01829,1.829
455.28,0.01829,1.829
455.29,0.01829,1.829
455.30,0.01829,1.829
455.31,0.01829,1.829
455.32,0.01829,1.829
455.33,0.01829,1.829
455.34,0.01829,1.829
455.34,0.01829,1.829
455.35,0.01829,1.829
455.36,0.01829,1.829
455.37,0.01829,1.829
455.38,0.01829,1.829
455.39,0.01829,1.829
455.40,0.01829,1.829
455.41,0.01829,1.829
455.42,0.01829,1.829
455.43,0.01829,1.829
455.43,0.01829,1.829
455.44,0.01829,1.829
455.45,0.01829,1.829
455.46,0.01829,1.829
455.47,0.01829,1.829
455.48,0.01829,1.829
455.49,0.01829,1.829
455.50,0.01829,1.829
455.51,0.01829,1.829
455.52,0.01829,1.829
455.53,0.01829,1.829
455.53,0.01829,1.829
455.54,0.01829,1.829
455.55,0.01829,1.829
455.56,0.01829,1.829
455.57,0.01829,1.829
455.58,0.01829,1.829
455.59,0.01829,1.829
455.60,0.01829,1.829
455.61,0.01829,1.829
455.62,0.01829,1.829
455.62,0.01829,1.829
455.63,0.01829,1.829
455.64,0.01829,1.829
455.65,0.01829,1.829
455.66,0.01829,1.829
455.67,0.01829,1.829
455.68,0.01830,1.830
455.69,0.01830,1.830
455.70,0.01830,1.830
455.71,0.01830,1.830
455.72,0.01830,1.830
455.72,0.01830,1.830
455.73,0.01830,1.830
455.74,0.01830,1.830
455.75,0.01830,1.830
455.76,0.01830,1.830
455.77,0.01830,1.830
455.78,0.01830,1.830
455.79,0.01830,1.830
455.80,0.01830,1.830
455.81,0.01830,1.830
455.81,0.01830,1.830
455.82,0.01830,1.830
455.83,0.01830,1.830
455.84,0.01830,1.830
455.85,0.01830,1.830
455.86,0.01830,1.830
455.87,0.01830,1.830
455.88,0.01830,1.830
455.89,0.01830,1.830
455.90,0.01830,1.830
455.90,0.01830,1.830
455.91,0.01830,1.830
455.92,0.01830,1.830
455.93,0.01830,1.830
455.94,0.01830,1.830
455.95,0.01830,1.830
455.96,0.01830,1.830
455.97,0.01830,1.830
455.98,0.01830,1.830
455.99,0.01830,1.830
456.00,0.01830,1.830
456.00,0.01830,1.830
456.01,0.01830,1.830
456.02,0.01830,1.830
456.03,0.01830,1.830
456.04,0.01830,1.830
456.05,0.01830,1.830
456.06,0.01830,1.830
456.07,0.01830,1.830
456.08,0.01830,1.830
456.09,0.01830,1.830
456.09,0.01830,1.830
456.10,0.01830,1.830
456.11,0.01830,1.830
456.12,0.01830,1.830
456.13,0.01830,1.830
456.14,0.01830,1.830
456.15,0.01830,1.830
456.16,0.01830,1.830
456.17,0.01830,1.830
456.18,0.01830,1.830
456.19,0.01830,1.830
456.19,0.01830,1.830
456.20,0.01830,1.830
456.21,0.01830,1.830
456.22,0.01830,1.830
456.23,0.01830,1.830
456.24,0.01830,1.830
456.25,0.01830,1.830
456.26,0.01830,1.830
456.27,0.01830,1.830
456.28,0.01830,1.830
456.28,0.01830,1.830
456.29,0.01830,1.830
456.30,0.01830,1.830
456.31,0.01830,1.830
456.32,0.01830,1.830
456.33,0.01830,1.830
456.34,0.01830,1.830
456.35,0.01830,1.830
456.36,0.01830,1.830
456.37,0.01830,1.830
456.38,0.01830,1.830
456.38,0.01830,1.830
456.39,0.01830,1.830
456.40,0.01830,1.830
456.41,0.01830,1.830
456.42,0.01830,1.830
456.43,0.01830,1.830
456.44,0.01830,1.830
456.45,0.01830,1.830
456.46,0.01830,1.830
456.47,0.01830,1.830
456.47,0.01830,1.830
456.48,0.01830,1.830
456.49,0.01830,1.830
456.50,0.01830,1.830
456.51,0.01830,1.830
456.52,0.01830,1.830
456.53,0.01830,1.830
456.54,0.01830,1.830
456.55,0.01830,1.830
456.56,0.01830,1.830
456.57,0.01830,1.830
456.57,0.01830,1.830
456.58,0.01830,1.830
456.59,0.01830,1.830
456.60,0.01830,1.830
456.61,0.01830,1.830
456.62,0.01830,1.830
456.63,0.01830,1.830
456.64,0.01830,1.830
456.65,0.01830,1.830
456.66,0.01830,1.830
456.66,0.01830,1.830
456.67,0.01830,1.830
456.68,0.01830,1.830
456.69,0.01830,1.830
456.70,0.01830,1.830
456.71,0.01830,1.830
456.72,0.01830,1.830
456.73,0.01830,1.830
456.74,0.01830,1.830
456.75,0.01830,1.830
456.75,0.01830,1.830
456.76,0.01830,1.830
456.77,0.01830,1.830
456.78,0.01830,1.830
456.79,0.01830,1.830
456.80,0.01830,1.830
456.81,0.01830,1.830
456.82,0.01830,1.830
456.83,0.01830,1.830
456.84,0.01830,1.830
456.85,0.01830,1.830
456.85,0.01830,1.830
456.86,0.01830,1.830
456.87,0.01830,1.830
456.88,0.01830,1.830
456.89,0.01830,1.830
456.90,0.01830,1.830
456.91,0.01830,1.830
456.92,0.01830,1.830
456.93,0.01830,1.830
456.94,0.01830,1.830
456.94,0.01830,1.830
456.95,0.01830,1.830
456.96,0.01830,1.830
456.97,0.01830,1.830
456.98,0.01830,1.830
456.99,0.01830,1.830
457.00,0.01830,1.830
457.01,0.01830,1.830
457.02,0.01830,1.830
457.03,0.01830,1.830
457.04,0.01830,1.830
457.04,0.01830,1.830
457.05,0.01830,1.830
457.06,0.01830,1.830
457.07,0.01830,1.830
457.08,0.01830,1.830
457.09,0.01830,1.830
457.10,0.01830,1.830
457.11,0.01830,1.830
457.12,0.01830,1.830
457.13,0.01830,1.830
457.13,0.01830,1.830
457.14,0.01830,1.830
457.15,0.01830,1.830
457.16,0.01830,1.830
457.17,0.01830,1.830
457.18,0.01830,1.830
457.19,0.01830,1.830
457.20,0.01830,1.830
457.21,0.01830,1.830
457.22,0.01830,1.830
457.23,0.01830,1.830
457.23,0.01830,1.830
457.24,0.01830,1.830
457.25,0.01830,1.830
457.26,0.01830,1.830
457.27,0.01830,1.830
457.28,0.01830,1.830
457.29,0.01830,1.830
457.30,0.01830,1.830
457.31,0.01830,1.830
457.32,0.01830,1.830
457.32,0.01830,1.830
457.33,0.01830,1.830
457.34,0.01830,1.830
457.35,0.01830,1.830
457.36,0.01830,1.830
457.37,0.01830,1.830
457.38,0.01830,1.830
457.39,0.01830,1.830
457.40,0.01830,1.830
457.41,0.01830,1.830
457.42,0.01830,1.830
457.42,0.01830,1.830
457.43,0.01830,1.830
457.44,0.01830,1.830
457.45,0.01830,1.830
457.46,0.01830,1.830
457.47,0.01830,1.830
457.48,0.01830,1.830
457.49,0.01830,1.830
457.50,0.01830,1.830
457.51,0.01830,1.830
457.51,0.01830,1.830
457.52,0.01830,1.830
457.53,0.01830,1.830
457.54,0.01830,1.830
457.55,0.01830,1.830
457.56,0.01830,1.830
457.57,0.01830,1.830
457.58,0.01830,1.830
457.59,0.01830,1.830
457.60,0.01830,1.830
457.61,0.01830,1.830
457.61,0.01830,1.830
457.62,0.01830,1.830
457.63,0.01830,1.830
457.64,0.01830,1.830
457.65,0.01830,1.830
457.66,0.01830,1.830
457.67,0.01830,1.830
457.68,0.01830,1.830
457.69,0.01830,1.830
457.70,0.01830,1.830
457.70,0.01830,1.830
457.71,0.01830,1.830
457.72,0.01830,1.830
457.73,0.01830,1.830
457.74,0.01830,1.830
457.75,0.01830,1.830
457.76,0.01830,1.830
457.77,0.01830,1.830
457.78,0.01830,1.830
457.79,0.01830,1.830
457.80,0.01830,1.830
457.80,0.01830,1.830
457.81,0.01830,1.830
457.82,0.01830,1.830
457.83,0.01830,1.830
457.84,0.01830,1.830
457.85,0.01830,1.830
457.86,0.01830,1.830
457.87,0.01830,1.830
457.88,0.01830,1.830
457.89,0.01830,1.830
457.89,0.01830,1.830
457.90,0.01830,1.830
457.91,0.01830,1.830
457.92,0.01830,1.830
457.93,0.01830,1.830
457.94,0.01830,1.830
457.95,0.01830,1.830
457.96,0.01830,1.830
457.97,0.01830,1.830
457.98,0.01830,1.830
457.99,0.01830,1.830
457.99,0.01830,1.830
458.00,0.01830,1.830
458.01,0.01830,1.830
458.02,0.01830,1.830
458.03,0.01830,1.830
458.04,0.01830,1.830
458.05,0.01830,1.830
458.06,0.01830,1.830
458.07,0.01830,1.830
458.08,0.01830,1.830
458.08,0.01830,1.830
458.09,0.01830,1.830
458.10,0.01830,1.830
458.11,0.01830,1.830
458.12,0.01830,1.830
458.13,0.01830,1.830
458.14,0.01830,1.830
458.15,0.01830,1.830
458.16,0.01830,1.830
458.17,0.01830,1.830
458.18,0.01830,1.830
458.18,0.01830,1.830
458.19,0.01830,1.830
458.20,0.01830,1.830
458.21,0.01830,1.830
458.22,0.01830,1.830
458.23,0.01830,1.830
458.24,0.01830,1.830
458.25,0.01830,1.830
458.26,0.01830,1.830
458.27,0.01830,1.830
458.27,0.01830,1.830
458.28,0.01830,1.830
458.29,0.01830,1.830
458.30,0.01830,1.830
458.31,0.01830,1.830
458.32,0.01830,1.830
458.33,0.01830,1.830
458.34,0.01830,1.830
458.35,0.01830,1.830
458.36,0.01830,1.830
458.37,0.01830,1.830
458.37,0.01830,1.830
458.38,0.01830,1.830
458.39,0.01830,1.830
458.40,0.01830,1.830
458.41,0.01830,1.830
458.42,0.01830,1.830
458.43,0.01830,1.830
458.44,0.01830,1.830
458.45,0.01830,1.830
458.46,0.01830,1.830
458.46,0.01830,1.830
458.47,0.01830,1.830
458.48,0.01830,1.830
458.49,0.01830,1.830
458.50,0.01830,1.830
458.51,0.01830,1.830
458.52,0.01830,1.830
458.53,0.01830,1.830
458.54,0.01830,1.830
458.55,0.01830,1.830
458.55,0.01830,1.830
458.56,0.01830,1.830
458.57,0.01830,1.830
458.58,0.01830,1.830
458.59,0.01830,1.830
458.60,0.01830,1.830
458.61,0.01830,1.830
458.62,0.01830,1.830
458.63,0.01830,1.830
458.64,0.01830,1.830
458.65,0.01830,1.830
458.65,0.01830,1.830
458.66,0.01830,1.830
458.67,0.01830,1.830
458.68,0.01830,1.830
458.69,0.01830,1.830
458.70,0.01830,1.830
458.71,0.01830,1.830
458.72,0.01830,1.830
458.73,0.01830,1.830
458.74,0.01830,1.830
458.74,0.01830,1.830
458.75,0.01830,1.830
458.76,0.01830,1.830
458.77,0.01830,1.830
458.78,0.01830,1.830
458.79,0.01830,1.830
458.80,0.01830,1.830
458.81,0.01830,1.830
458.82,0.01830,1.830
458.83,0.01830,1.830
458.84,0.01830,1.830
458.84,0.01830,1.830
458.85,0.01830,1.830
458.86,0.01830,1.830
458.87,0.01830,1.830
458.88,0.01830,1.830
458.89,0.01830,1.830
458.90,0.01830,1.830
458.91,0.01830,1.830
458.92,0.01830,1.830
458.93,0.01830,1.830
458.93,0.01830,1.830
458.94,0.01830,1.830
458.95,0.01830,1.830
458.96,0.01830,1.830
458.97,0.01830,1.830
458.98,0.01830,1.830
458.99,0.01830,1.830
459.00,0.01830,1.830
459.01,0.01830,1.830
459.02,0.01830,1.830
459.03,0.01830,1.830
459.03,0.01830,1.830
459.04,0.01830,1.830
459.05,0.01830,1.830
459.06,0.01830,1.830
459.07,0.01830,1.830
459.08,0.01830,1.830
459.09,0.01830,1.830
459.10,0.01830,1.830
459.11,0.01830,1.830
459.12,0.01830,1.830
459.12,0.01830,1.830
459.13,0.01830,1.830
459.14,0.01830,1.830
459.15,0.01830,1.830
459.16,0.01830,1.830
459.17,0.01830,1.830
459.18,0.01830,1.830
459.19,0.01830,1.830
459.20,0.01830,1.830
459.21,0.01830,1.830
459.21,0.01830,1.830
459.22,0.01830,1.830
459.23,0.01830,1.830
459.24,0.01830,1.830
459.25,0.01830,1.830
459.26,0.01830,1.830
459.27,0.01830,1.830
459.28,0.01830,1.830
459.29,0.01830,1.830
459.30,0.01830,1.830
459.31,0.01830,1.830
459.31,0.01830,1.830
459.32,0.01830,1.830
459.33,0.01830,1.830
459.34,0.01830,1.830
459.35,0.01830,1.830
459.36,0.01830,1.830
459.37,0.01830,1.830
459.38,0.01830,1.830
459.39,0.01830,1.830
459.40,0.01830,1.830
459.40,0.01830,1.830
459.41,0.01830,1.830
459.42,0.01830,1.830
459.43,0.01830,1.830
459.44,0.01830,1.830
459.45,0.01830,1.830
459.46,0.01830,1.830
459.47,0.01830,1.830
459.48,0.01830,1.830
459.49,0.01830,1.830
459.50,0.01830,1.830
459.50,0.01830,1.830
459.51,0.01830,1.830
459.52,0.01830,1.830
459.53,0.01830,1.830
459.54,0.01830,1.830
459.55,0.01830,1.830
459.56,0.01830,1.830
459.57,0.01830,1.830
459.58,0.01830,1.830
459.59,0.01830,1.830
459.59,0.01830,1.830
459.60,0.01830,1.830
459.61,0.01830,1.830
459.62,0.01830,1.830
459.63,0.01830,1.830
459.64,0.01830,1.830
459.65,0.01830,1.830
459.66,0.01830,1.830
459.67,0.01830,1.830
459.68,0.01830,1.830
459.69,0.01830,1.830
459.69,0.01830,1.830
459.70,0.01830,1.830
459.71,0.01830,1.830
459.72,0.01830,1.830
459.73,0.01830,1.830
459.74,0.01830,1.830
459.75,0.01830,1.830
459.76,0.01830,1.830
459.77,0.01830,1.830
459.78,0.01830,1.830
459.78,0.01830,1.830
459.79,0.01830,1.830
459.80,0.01830,1.830
459.81,0.01830,1.830
459.82,0.01830,1.830
459.83,0.01830,1.830
459.84,0.01830,1.830
459.85,0.01830,1.830
459.86,0.01830,1.830
459.87,0.01830,1.830
459.88,0.01830,1.830
459.88,0.01830,1.830
459.89,0.01830,1.830
459.90,0.01830,1.830
459.91,0.01830,1.830
459.92,0.01830,1.830
459.93,0.01830,1.830
459.94,0.01830,1.830
459.95,0.01830,1.830
459.96,0.01830,1.830
459.97,0.01830,1.830
459.98,0.01830,1.830
459.98,0.01830,1.830
459.99,0.01830,1.830
460.00,0.01830,1.830
460.01,0.01830,1.830
460.02,0.01830,1.830
460.03,0.01830,1.830
460.04,0.01830,1.830
460.05,0.01830,1.830
460.06,0.01830,1.830
460.07,0.01830,1.830
460.07,0.01830,1.830
460.08,0.01830,1.830
460.09,0.01830,1.830
460.10,0.01830,1.830
460.11,0.01830,1.830
460.12,0.01830,1.830
460.13,0.01830,1.830
460.14,0.01830,1.830
460.15,0.01830,1.830
460.16,0.01830,1.830
460.17,0.01830,1.830
460.17,0.01830,1.830
460.18,0.01830,1.830
460.19,0.01830,1.830
460.20,0.01830,1.830
460.21,0.01830,1.830
460.22,0.01830,1.830
460.23,0.01830,1.830
460.24,0.01830,1.830
460.25,0.01830,1.830
460.26,0.01830,1.830
460.26,0.01830,1.830
460.27,0.01830,1.830
460.28,0.01830,1.830
460.29,0.01830,1.830
460.30,0.01830,1.830
460.31,0.01830,1.830
460.32,0.01830,1.830
460.33,0.01830,1.830
460.34,0.01830,1.830
460.35,0.01830,1.830
460.36,0.01830,1.830
460.36,0.01830,1.830
460.37,0.01830,1.830
460.38,0.01830,1.830
460.39,0.01830,1.830
460.40,0.01830,1.830
460.41,0.01830,1.830
460.42,0.01830,1.830
460.43,0.01830,1.830
460.44,0.01830,1.830
460.45,0.01830,1.830
460.45,0.01830,1.830
460.46,0.01830,1.830
460.47,0.01830,1.830
460.48,0.01830,1.830
460.49,0.01830,1.830
460.50,0.01830,1.830
460.51,0.01830,1.830
460.52,0.01830,1.830
460.53,0.01830,1.830
460.54,0.01830,1.830
460.55,0.01830,1.830
460.55,0.01830,1.830
460.56,0.01830,1.830
460.57,0.01830,1.830
460.58,0.01830,1.830
460.59,0.01830,1.830
460.60,0.01830,1.830
460.61,0.01830,1.830
460.62,0.01830,1.830
460.63,0.01830,1.830
460.64,0.01830,1.830
460.64,0.01830,1.830
460.65,0.01830,1.830
460.66,0.01830,1.830
460.67,0.01830,1.830
460.68,0.01830,1.830
460.69,0.01830,1.830
460.70,0.01830,1.830
460.71,0.01830,1.830
460.72,0.01830,1.830
460.73,0.01830,1.830
460.73,0.01830,1.830
460.74,0.01830,1.830
460.75,0.01830,1.830
460.76,0.01830,1.830
460.77,0.01830,1.830
460.78,0.01830,1.830
460.79,0.01830,1.830
460.80,0.01830,1.830
460.81,0.01830,1.830
460.82,0.01830,1.830
460.83,0.01830,1.830
460.83,0.01830,1.830
460.84,0.01830,1.830
460.85,0.01830,1.830
460.86,0.01830,1.830
460.87,0.01830,1.830
460.88,0.01830,1.830
460.89,0.01830,1.830
460.90,0.01830,1.830
460.91,0.01830,1.830
460.92,0.01830,1.830
460.92,0.01830,1.830
460.93,0.01830,1.830
460.94,0.01830,1.830
460.95,0.01830,1.830
460.96,0.01830,1.830
460.97,0.01830,1.830
460.98,0.01830,1.830
460.99,0.01830,1.830
461.00,0.01830,1.830
461.01,0.01830,1.830
461.01,0.01830,1.830
461.02,0.01830,1.830
461.03,0.01830,1.830
461.04,0.01830,1.830
461.05,0.01830,1.830
461.06,0.01830,1.830
461.07,0.01830,1.830
461.08,0.01830,1.830
461.09,0.01830,1.830
461.10,0.01830,1.830
461.11,0.01830,1.830
461.11,0.01830,1.830
461.12,0.01830,1.830
461.13,0.01830,1.830
461.14,0.01830,1.830
461.15,0.01830,1.830
461.16,0.01830,1.830
461.17,0.01830,1.830
461.18,0.01830,1.830
461.19,0.01830,1.830
461.20,0.01830,1.830
461.20,0.01830,1.830
461.21,0.01830,1.830
461.22,0.01830,1.830
461.23,0.01830,1.830
461.24,0.01830,1.830
461.25,0.01830,1.830
461.26,0.01830,1.830
461.27,0.01830,1.830
461.28,0.01830,1.830
461.29,0.01830,1.830
461.30,0.01830,1.830
461.30,0.01830,1.830
461.31,0.01830,1.830
461.32,0.01830,1.830
461.33,0.01830,1.830
461.34,0.01830,1.830
461.35,0.01830,1.830
461.36,0.01830,1.830
461.37,0.01830,1.830
461.38,0.01830,1.830
461.39,0.01830,1.830
461.39,0.01830,1.830
461.40,0.01830,1.830
461.41,0.01830,1.830
461.42,0.01830,1.830
461.43,0.01830,1.830
461.44,0.01830,1.830
461.45,0.01830,1.830
461.46,0.01830,1.830
461.47,0.01830,1.830
461.48,0.01830,1.830
461.49,0.01830,1.830
461.49,0.01830,1.830
461.50,0.01830,1.830
461.51,0.01830,1.830
461.52,0.01830,1.830
461.53,0.01830,1.830
461.54,0.01830,1.830
461.55,0.01830,1.830
461.56,0.01830,1.830
461.57,0.01830,1.830
461.58,0.01830,1.830
461.58,0.01830,1.830
461.59,0.01830,1.830
461.60,0.01830,1.830
461.61,0.01830,1.830
461.62,0.01830,1.830
461.63,0.01830,1.830
461.64,0.01830,1.830
461.65,0.01830,1.830
461.66,0.01830,1.830
461.67,0.01830,1.830
461.68,0.01830,1.830
461.68,0.01830,1.830
461.69,0.01830,1.830
461.70,0.01830,1.830
461.71,0.01830,1.830
461.72,0.01830,1.830
461.73,0.01830,1.830
461.74,0.01830,1.830
461.75,0.01830,1.830
461.76,0.01830,1.830
461.77,0.01830,1.830
461.77,0.01830,1.830
461.78,0.01830,1.830
461.79,0.01830,1.830
461.80,0.01830,1.830
461.81,0.01830,1.830
461.82,0.01830,1.830
461.83,0.01830,1.830
461.84,0.01830,1.830
461.85,0.01830,1.830
461.86,0.01830,1.830
461.87,0.01830,1.830
461.87,0.01830,1.830
461.88,0.01830,1.830
461.89,0.01830,1.830
461.90,0.01830,1.830
461.91,0.01830,1.830
461.92,0.01830,1.830
461.93,0.01830,1.830
461.94,0.01830,1.830
461.95,0.01830,1.830
461.96,0.01830,1.830
461.96,0.01830,1.830
461.97,0.01830,1.830
461.98,0.01830,1.830
461.99,0.01830,1.830
462.00,0.01830,1.830
462.01,0.01830,1.830
462.02,0.01830,1.830
462.03,0.01830,1.830
462.04,0.01830,1.830
462.05,0.01830,1.830
462.06,0.01830,1.830
462.06,0.01830,1.830
462.07,0.01830,1.830
462.08,0.01830,1.830
462.09,0.01830,1.830
462.10,0.01830,1.830
462.11,0.01830,1.830
462.12,0.01830,1.830
462.13,0.01830,1.830
462.14,0.01830,1.830
462.15,0.01830,1.830
462.15,0.01830,1.830
462.16,0.01830,1.830
462.17,0.01830,1.830
462.18,0.01830,1.830
462.19,0.01830,1.830
462.20,0.01830,1.830
462.21,0.01830,1.830
462.22,0.01830,1.830
462.23,0.01830,1.830
462.24,0.01830,1.830
462.25,0.01830,1.830
462.25,0.01830,1.830
462.26,0.01830,1.830
462.27,0.01830,1.830
462.28,0.01830,1.830
462.29,0.01830,1.830
462.30,0.01830,1.830
462.31,0.01830,1.830
462.32,0.01830,1.830
462.33,0.01830,1.830
462.34,0.01830,1.830
462.34,0.01830,1.830
462.35,0.01830,1.830
462.36,0.01830,1.830
462.37,0.01830,1.830
462.38,0.01830,1.830
462.39,0.01830,1.830
462.40,0.01830,1.830
462.41,0.01830,1.830
462.42,0.01830,1.830
462.43,0.01830,1.830
462.44,0.01830,1.830
462.44,0.01830,1.830
462.45,0.01830,1.830
462.46,0.01830,1.830
462.47,0.01830,1.830
462.48,0.01830,1.830
462.49,0.01830,1.830
462.50,0.01830,1.830
462.51,0.01830,1.830
462.52,0.01830,1.830
462.53,0.01830,1.830
462.53,0.01830,1.830
462.54,0.01830,1.830
462.55,0.01830,1.830
462.56,0.01830,1.830
462.57,0.01830,1.830
462.58,0.01830,1.830
462.59,0.01830,1.830
462.60,0.01830,1.830
462.61,0.01830,1.830
462.62,0.01830,1.830
462.63,0.01830,1.830
462.63,0.01830,1.830
462.64,0.01830,1.830
462.65,0.01830,1.830
462.66,0.01830,1.830
462.67,0.01830,1.830
462.68,0.01830,1.830
462.69,0.01830,1.830
462.70,0.01830,1.830
462.71,0.01830,1.830
462.72,0.01830,1.830
462.72,0.01830,1.830
462.73,0.01830,1.830
462.74,0.01830,1.830
462.75,0.01830,1.830
462.76,0.01830,1.830
462.77,0.01830,1.830
462.78,0.01830,1.830
462.79,0.01830,1.830
462.80,0.01830,1.830
462.81,0.01830,1.830
462.82,0.01830,1.830
462.82,0.01830,1.830
462.83,0.01830,1.830
462.84,0.01830,1.830
462.85,0.01830,1.830
462.86,0.01830,1.830
462.87,0.01830,1.830
462.88,0.01830,1.830
462.89,0.01830,1.830
462.90,0.01830,1.830
462.91,0.01830,1.830
462.91,0.01830,1.830
462.92,0.01830,1.830
462.93,0.01830,1.830
462.94,0.01830,1.830
462.95,0.01830,1.830
462.96,0.01830,1.830
462.97,0.01830,1.830
462.98,0.01830,1.830
462.99,0.01830,1.830
463.00,0.01830,1.830
463.00,0.01830,1.830
463.01,0.01830,1.830
463.02,0.01830,1.830
463.03,0.01830,1.830
463.04,0.01830,1.830
463.05,0.01830,1.830
463.06,0.01830,1.830
463.07,0.01830,1.830
463.08,0.01830,1.830
463.09,0.01830,1.830
463.10,0.01830,1.830
463.10,0.01830,1.830
463.11,0.01830,1.830
463.12,0.01830,1.830
463.13,0.01830,1.830
463.14,0.01830,1.830
463.15,0.01830,1.830
463.16,0.01830,1.830
463.17,0.01830,1.830
463.18,0.01830,1.830
463.19,0.01830,1.830
463.19,0.01830,1.830
463.20,0.01830,1.830
463.21,0.01830,1.830
463.22,0.01830,1.830
463.23,0.01830,1.830
463.24,0.01830,1.830
463.25,0.01830,1.830
463.26,0.01830,1.830
463.27,0.01830,1.830
463.28,0.01830,1.830
463.29,0.01830,1.830
463.29,0.01830,1.830
463.30,0.01830,1.830
463.31,0.01830,1.830
463.32,0.01830,1.830
463.33,0.01830,1.830
463.34,0.01830,1.830
463.35,0.01830,1.830
463.36,0.01830,1.830
463.37,0.01830,1.830
463.38,0.01830,1.830
463.38,0.01830,1.830
463.39,0.01830,1.830
463.40,0.01830,1.830
463.41,0.01830,1.830
463.42,0.01830,1.830
463.43,0.01830,1.830
463.44,0.01830,1.830
463.45,0.01830,1.830
463.46,0.01830,1.830
463.47,0.01830,1.830
463.47,0.01831,1.831
463.48,0.01831,1.831
463.49,0.01831,1.831
463.50,0.01831,1.831
463.51,0.01831,1.831
463.52,0.01831,1.831
463.53,0.01831,1.831
463.54,0.01831,1.831
463.55,0.01831,1.831
463.56,0.01831,1.831
463.57,0.01831,1.831
463.57,0.01831,1.831
463.58,0.01831,1.831
463.59,0.01831,1.831
463.60,0.01831,1.831
463.61,0.01831,1.831
463.62,0.01831,1.831
463.63,0.01831,1.831
463.64,0.01831,1.831
463.65,0.01831,1.831
463.66,0.01831,1.831
463.67,0.01831,1.831
463.67,0.01831,1.831
463.68,0.01831,1.831
463.69,0.01831,1.831
463.70,0.01831,1.831
463.71,0.01831,1.831
463.72,0.01831,1.831
463.73,0.01831,1.831
463.74,0.01831,1.831
463.75,0.01831,1.831
463.76,0.01831,1.831
463.76,0.01831,1.831
463.77,0.01831,1.831
463.78,0.01831,1.831
463.79,0.01831,1.831
463.80,0.01831,1.831
463.81,0.01831,1.831
463.82,0.01831,1.831
463.83,0.01831,1.831
463.84,0.01831,1.831
463.85,0.01831,1.831
463.86,0.01831,1.831
463.86,0.01831,1.831
463.87,0.01831,1.831
463.88,0.01831,1.831
463.89,0.01831,1.831
463.90,0.01831,1.831
463.91,0.01831,1.831
463.92,0.01831,1.831
463.93,0.01831,1.831
463.94,0.01831,1.831
463.95,0.01831,1.831
463.95,0.01831,1.831
463.96,0.01831,1.831
463.97,0.01831,1.831
463.98,0.01831,1.831
463.99,0.01831,1.831
464.00,0.01831,1.831
464.01,0.01831,1.831
464.02,0.01831,1.831
464.03,0.01831,1.831
464.04,0.01831,1.831
464.05,0.01831,1.831
464.05,0.01831,1.831
464.06,0.01831,1.831
464.07,0.01831,1.831
464.08,0.01831,1.831
464.09,0.01831,1.831
464.10,0.01831,1.831
464.11,0.01831,1.831
464.12,0.01831,1.831
464.13,0.01831,1.831
464.14,0.01831,1.831
464.14,0.01831,1.831
464.15,0.01831,1.831
464.16,0.01831,1.831
464.17,0.01831,1.831
464.18,0.01831,1.831
464.19,0.01831,1.831
464.20,0.01831,1.831
464.21,0.01831,1.831
464.22,0.01831,1.831
464.23,0.01831,1.831
464.24,0.01831,1.831
464.24,0.01831,1.831
464.25,0.01831,1.831
464.26,0.01831,1.831
464.27,0.01831,1.831
464.28,0.01831,1.831
464.29,0.01831,1.831
464.30,0.01831,1.831
464.31,0.01831,1.831
464.32,0.01831,1.831
464.33,0.01831,1.831
464.33,0.01831,1.831
464.34,0.01831,1.831
464.35,0.01831,1.831
464.36,0.01831,1.831
464.37,0.01831,1.831
464.38,0.01831,1.831
464.39,0.01831,1.831
464.40,0.01831,1.831
464.41,0.01831,1.831
464.42,0.01831,1.831
464.43,0.01831,1.831
464.43,0.01831,1.831
464.44,0.01831,1.831
464.45,0.01831,1.831
464.46,0.01831,1.831
464.47,0.01831,1.831
464.48,0.01831,1.831
464.49,0.01831,1.831
464.50,0.01831,1.831
464.51,0.01831,1.831
464.52,0.01831,1.831
464.52,0.01831,1.831
464.53,0.01831,1.831
464.54,0.01831,1.831
464.55,0.01831,1.831
464.56,0.01831,1.831
464.57,0.01831,1.831
464.58,0.01831,1.831
464.59,0.01831,1.831
464.60,0.01831,1.831
464.61,0.01831,1.831
464.62,0.01831,1.831
464.62,0.01831,1.831
464.63,0.01831,1.831
464.64,0.01831,1.831
464.65,0.01831,1.831
464.66,0.01831,1.831
464.67,0.01831,1.831
464.68,0.01831,1.831
464.69,0.01831,1.831
464.70,0.01831,1.831
464.71,0.01831,1.831
464.71,0.01831,1.831
464.72,0.01831,1.831
464.73,0.01831,1.831
464.74,0.01831,1.831
464.75,0.01831,1.831
464.76,0.01831,1.831
464.77,0.01831,1.831
464.78,0.01831,1.831
464.79,0.01831,1.831
464.80,0.01831,1.831
464.81,0.01831,1.831
464.81,0.01831,1.831
464.82,0.01831,1.831
464.83,0.01831,1.831
464.84,0.01831,1.831
464.85,0.01831,1.831
464.86,0.01831,1.831
464.87,0.01831,1.831
464.88,0.01831,1.831
464.89,0.01831,1.831
464.90,0.01831,1.831
464.90,0.01831,1.831
464.91,0.01831,1.831
464.92,0.01831,1.831
464.93,0.01831,1.831
464.94,0.01831,1.831
464.95,0.01831,1.831
464.96,0.01831,1.831
464.97,0.01831,1.831
464.98,0.01831,1.831
464.99,0.01831,1.831
464.99,0.01831,1.831
465.00,0.01831,1.831
465.01,0.01831,1.831
465.02,0.01831,1.831
465.03,0.01831,1.831
465.04,0.01831,1.831
465.05,0.01831,1.831
465.06,0.01831,1.831
465.07,0.01831,1.831
465.08,0.01831,1.831
465.09,0.01831,1.831
465.09,0.01831,1.831
465.10,0.01831,1.831
465.11,0.01831,1.831
465.12,0.01831,1.831
465.13,0.01831,1.831
465.14,0.01831,1.831
465.15,0.01831,1.831
465.16,0.01831,1.831
465.17,0.01831,1.831
465.18,0.01831,1.831
465.18,0.01831,1.831
465.19,0.01831,1.831
465.20,0.01831,1.831
465.21,0.01831,1.831
465.22,0.01831,1.831
465.23,0.01831,1.831
465.24,0.01831,1.831
465.25,0.01831,1.831
465.26,0.01831,1.831
465.27,0.01831,1.831
465.28,0.01831,1.831
465.28,0.01831,1.831
465.29,0.01831,1.831
465.30,0.01831,1.831
465.31,0.01831,1.831
465.32,0.01831,1.831
465.33,0.01831,1.831
465.34,0.01831,1.831
465.35,0.01831,1.831
465.36,0.01831,1.831
465.37,0.01831,1.831
465.37,0.01831,1.831
465.38,0.01831,1.831
465.39,0.01831,1.831
465.40,0.01831,1.831
465.41,0.01831,1.831
465.42,0.01831,1.831
465.43,0.01831,1.831
465.44,0.01831,1.831
465.45,0.01831,1.831
465.46,0.01831,1.831
465.47,0.01831,1.831
465.47,0.01831,1.831
465.48,0.01831,1.831
465.49,0.01831,1.831
465.50,0.01831,1.831
465.51,0.01831,1.831
465.52,0.01831,1.831
465.53,0.01831,1.831
465.54,0.01831,1.831
465.55,0.01831,1.831
465.56,0.01831,1.831
465.56,0.01831,1.831
465.57,0.01831,1.831
465.58,0.01831,1.831
465.59,0.01831,1.831
465.60,0.01831,1.831
465.61,0.01831,1.831
465.62,0.01831,1.831
465.63,0.01831,1.831
465.64,0.01831,1.831
465.65,0.01831,1.831
465.66,0.01831,1.831
465.66,0.01831,1.831
465.67,0.01831,1.831
465.68,0.01831,1.831
465.69,0.01831,1.831
465.70,0.01831,1.831
465.71,0.01831,1.831
465.72,0.01831,1.831
465.73,0.01831,1.831
465.74,0.01831,1.831
465.75,0.01831,1.831
465.75,0.01831,1.831
465.76,0.01831,1.831
465.77,0.01831,1.831
465.78,0.01831,1.831
465.79,0.01831,1.831
465.80,0.01831,1.831
465.81,0.01831,1.831
465.82,0.01831,1.831
465.83,0.01831,1.831
465.84,0.01831,1.831
465.85,0.01831,1.831
465.85,0.01831,1.831
465.86,0.01831,1.831
465.87,0.01831,1.831
465.88,0.01831,1.831
465.89,0.01831,1.831
465.90,0.01831,1.831
465.91,0.01831,1.831
465.92,0.01831,1.831
465.93,0.01831,1.831
465.94,0.01831,1.831
465.94,0.01831,1.831
465.95,0.01831,1.831
465.96,0.01831,1.831
465.97,0.01831,1.831
465.98,0.01831,1.831
465.99,0.01831,1.831
466.00,0.01831,1.831
466.01,0.01831,1.831
466.02,0.01831,1.831
466.03,0.01831,1.831
466.04,0.01831,1.831
466.04,0.01831,1.831
466.05,0.01831,1.831
466.06,0.01831,1.831
466.07,0.01831,1.831
466.08,0.01831,1.831
466.09,0.01831,1.831
466.10,0.01831,1.831
466.11,0.01831,1.831
466.12,0.01831,1.831
466.13,0.01831,1.831
466.13,0.01831,1.831
466.14,0.01831,1.831
466.15,0.01831,1.831
466.16,0.01831,1.831
466.17,0.01831,1.831
466.18,0.01831,1.831
466.19,0.01831,1.831
466.20,0.01831,1.831
466.21,0.01831,1.831
466.22,0.01831,1.831
466.23,0.01831,1.831
466.23,0.01831,1.831
466.24,0.01831,1.831
466.25,0.01831,1.831
466.26,0.01831,1.831
466.27,0.01831,1.831
466.28,0.01831,1.831
466.29,0.01831,1.831
466.30,0.01831,1.831
466.31,0.01831,1.831
466.32,0.01831,1.831
466.32,0.01831,1.831
466.33,0.01831,1.831
466.34,0.01831,1.831
466.35,0.01831,1.831
466.36,0.01831,1.831
466.37,0.01831,1.831
466.38,0.01831,1.831
466.39,0.01831,1.831
466.40,0.01831,1.831
466.41,0.01831,1.831
466.42,0.01831,1.831
466.42,0.01831,1.831
466.43,0.01831,1.831
466.44,0.01831,1.831
466.45,0.01831,1.831
466.46,0.01831,1.831
466.47,0.01831,1.831
466.48,0.01831,1.831
466.49,0.01831,1.831
466.50,0.01831,1.831
466.51,0.01831,1.831
466.51,0.01831,1.831
466.52,0.01831,1.831
466.53,0.01831,1.831
466.54,0.01831,1.831
466.55,0.01831,1.831
466.56,0.01831,1.831
466.57,0.01831,1.831
466.58,0.01831,1.831
466.59,0.01831,1.831
466.60,0.01831,1.831
466.61,0.01831,1.831
466.61,0.01831,1.831
466.62,0.01831,1.831
466.63,0.01831,1.831
466.64,0.01831,1.831
466.65,0.01831,1.831
466.66,0.01831,1.831
466.67,0.01831,1.831
466.68,0.01831,1.831
466.69,0.01831,1.831
466.70,0.01831,1.831
466.70,0.01831,1.831
466.71,0.01831,1.831
466.72,0.01831,1.831
466.73,0.01831,1.831
466.74,0.01831,1.831
466.75,0.01831,1.831
466.76,0.01831,1.831
466.77,0.01831,1.831
466.78,0.01831,1.831
466.79,0.01831,1.831
466.80,0.01831,1.831
466.80,0.01831,1.831
466.81,0.01831,1.831
466.82,0.01831,1.831
466.83,0.01831,1.831
466.84,0.01831,1.831
466.85,0.01831,1.831
466.86,0.01831,1.831
466.87,0.01831,1.831
466.88,0.01831,1.831
466.89,0.01831,1.831
466.89,0.01831,1.831
466.90,0.01831,1.831
466.91,0.01831,1.831
466.92,0.01831,1.831
466.93,0.01831,1.831
466.94,0.01831,1.831
466.95,0.01831,1.831
466.96,0.01831,1.831
466.97,0.01831,1.831
466.98,0.01831,1.831
466.99,0.01831,1.831
466.99,0.01831,1.831
467.00,0.01831,1.831
467.01,0.01831,1.831
467.02,0.01831,1.831
467.03,0.01831,1.831
467.04,0.01831,1.831
467.05,0.01831,1.831
467.06,0.01831,1.831
467.07,0.01831,1.831
467.08,0.01831,1.831
467.08,0.01831,1.831
467.09,0.01831,1.831
467.10,0.01831,1.831
467.11,0.01831,1.831
467.12,0.01831,1.831
467.13,0.01831,1.831
467.14,0.01831,1.831
467.15,0.01831,1.831
467.16,0.01831,1.831
467.17,0.01831,1.831
467.18,0.01831,1.831
467.18,0.01831,1.831
467.19,0.01831,1.831
467.20,0.01831,1.831
467.21,0.01831,1.831
467.22,0.01831,1.831
467.23,0.01831,1.831
467.24,0.01831,1.831
467.25,0.01831,1.831
467.26,0.01831,1.831
467.27,0.01831,1.831
467.27,0.01831,1.831
467.28,0.01831,1.831
467.29,0.01831,1.831
467.30,0.01831,1.831
467.31,0.01831,1.831
467.32,0.01831,1.831
467.33,0.01831,1.831
467.34,0.01831,1.831
467.35,0.01831,1.831
467.36,0.01831,1.831
467.37,0.01831,1.831
467.37,0.01831,1.831
467.38,0.01831,1.831
467.39,0.01831,1.831
467.40,0.01831,1.831
467.41,0.01831,1.831
467.42,0.01831,1.831
467.43,0.01831,1.831
467.44,0.01831,1.831
467.45,0.01831,1.831
467.46,0.01831,1.831
467.46,0.01831,1.831
467.47,0.01831,1.831
467.48,0.01831,1.831
467.49,0.01831,1.831
467.50,0.01831,1.831
467.51,0.01831,1.831
467.52,0.01831,1.831
467.53,0.01831,1.831
467.54,0.01831,1.831
467.55,0.01831,1.831
467.55,0.01831,1.831
467.56,0.01831,1.831
467.57,0.01831,1.831
467.58,0.01831,1.831
467.59,0.01831,1.831
467.60,0.01831,1.831
467.61,0.01831,1.831
467.62,0.01831,1.831
467.63,0.01831,1.831
467.64,0.01831,1.831
467.65,0.01831,1.831
467.65,0.01831,1.831
467.66,0.01831,1.831
467.67,0.01831,1.831
467.68,0.01831,1.831
467.69,0.01831,1.831
467.70,0.01831,1.831
467.71,0.01831,1.831
467.72,0.01831,1.831
467.73,0.01831,1.831
467.74,0.01831,1.831
467.74,0.01831,1.831
467.75,0.01831,1.831
467.76,0.01831,1.831
467.77,0.01831,1.831
467.78,0.01831,1.831
467.79,0.01831,1.831
467.80,0.01831,1.831
467.81,0.01831,1.831
467.82,0.01831,1.831
467.83,0.01831,1.831
467.84,0.01831,1.831
467.84,0.01831,1.831
467.85,0.01831,1.831
467.86,0.01831,1.831
467.87,0.01831,1.831
467.88,0.01831,1.831
467.89,0.01831,1.831
467.90,0.01831,1.831
467.91,0.01831,1.831
467.92,0.01831,1.831
467.93,0.01831,1.831
467.93,0.01831,1.831
467.94,0.01831,1.831
467.95,0.01831,1.831
467.96,0.01831,1.831
467.97,0.01831,1.831
467.98,0.01831,1.831
467.99,0.01831,1.831
468.00,0.01831,1.831
468.01,0.01831,1.831
468.02,0.01831,1.831
468.03,0.01831,1.831
468.03,0.01831,1.831
468.04,0.01831,1.831
468.05,0.01831,1.831
468.06,0.01831,1.831
468.07,0.01831,1.831
468.08,0.01831,1.831
468.09,0.01831,1.831
468.10,0.01831,1.831
468.11,0.01831,1.831
468.12,0.01831,1.831
468.12,0.01831,1.831
468.13,0.01831,1.831
468.14,0.01831,1.831
468.15,0.01831,1.831
468.16,0.01831,1.831
468.17,0.01831,1.831
468.18,0.01831,1.831
468.19,0.01831,1.831
468.20,0.01831,1.831
468.21,0.01831,1.831
468.22,0.01831,1.831
468.22,0.01831,1.831
468.23,0.01831,1.831
468.24,0.01831,1.831
468.25,0.01831,1.831
468.26,0.01831,1.831
468.27,0.01831,1.831
468.28,0.01831,1.831
468.29,0.01831,1.831
468.30,0.01831,1.831
468.31,0.01831,1.831
468.31,0.01831,1.831
468.32,0.01831,1.831
468.33,0.01831,1.831
468.34,0.01831,1.831
468.35,0.01831,1.831
468.36,0.01831,1.831
468.37,0.01831,1.831
468.38,0.01831,1.831
468.39,0.01831,1.831
468.40,0.01831,1.831
468.41,0.01831,1.831
468.41,0.01831,1.831
468.42,0.01831,1.831
468.43,0.01831,1.831
468.44,0.01831,1.831
468.45,0.01831,1.831
468.46,0.01831,1.831
468.47,0.01831,1.831
468.48,0.01831,1.831
468.49,0.01831,1.831
468.50,0.01831,1.831
468.50,0.01831,1.831
468.51,0.01831,1.831
468.52,0.01831,1.831
468.53,0.01831,1.831
468.54,0.01831,1.831
468.55,0.01831,1.831
468.56,0.01831,1.831
468.57,0.01831,1.831
468.58,0.01831,1.831
468.59,0.01831,1.831
468.60,0.01831,1.831
468.60,0.01831,1.831
468.61,0.01831,1.831
468.62,0.01831,1.831
468.63,0.01831,1.831
468.64,0.01831,1.831
468.65,0.01831,1.831
468.66,0.01831,1.831
468.67,0.01831,1.831
468.68,0.01831,1.831
468.69,0.01831,1.831
468.69,0.01831,1.831
468.70,0.01831,1.831
468.71,0.01831,1.831
468.72,0.01831,1.831
468.73,0.01831,1.831
468.74,0.01831,1.831
468.75,0.01831,1.831
468.76,0.01831,1.831
468.77,0.01831,1.831
468.78,0.01831,1.831
468.79,0.01831,1.831
468.79,0.01831,1.831
468.80,0.01831,1.831
468.81,0.01831,1.831
468.82,0.01831,1.831
468.83,0.01831,1.831
468.84,0.01831,1.831
468.85,0.01831,1.831
468.86,0.01831,1.831
468.87,0.01831,1.831
468.88,0.01831,1.831
468.88,0.01831,1.831
468.89,0.01831,1.831
468.90,0.01831,1.831
468.91,0.01831,1.831
468.92,0.01831,1.831
468.93,0.01831,1.831
468.94,0.01831,1.831
468.95,0.01831,1.831
468.96,0.01831,1.831
468.97,0.01831,1.831
468.98,0.01831,1.831
468.98,0.01831,1.831
468.99,0.01831,1.831
469.00,0.01831,1.831
469.01,0.01831,1.831
469.02,0.01831,1.831
469.03,0.01831,1.831
469.04,0.01831,1.831
469.05,0.01831,1.831
469.06,0.01831,1.831
469.07,0.01831,1.831
469.07,0.01831,1.831
469.08,0.01831,1.831
469.09,0.01831,1.831
469.10,0.01831,1.831
469.11,0.01831,1.831
469.12,0.01831,1.831
469.13,0.01831,1.831
469.14,0.01831,1.831
469.15,0.01831,1.831
469.16,0.01831,1.831
469.17,0.01831,1.831
469.17,0.01831,1.831
469.18,0.01831,1.831
469.19,0.01831,1.831
469.20,0.01831,1.831
469.21,0.01831,1.831
469.22,0.01831,1.831
469.23,0.01831,1.831
469.24,0.01831,1.831
469.25,0.01831,1.831
469.26,0.01831,1.831
469.26,0.01831,1.831
469.27,0.01831,1.831
469.28,0.01831,1.831
469.29,0.01831,1.831
469.30,0.01831,1.831
469.31,0.01831,1.831
469.32,0.01831,1.831
469.33,0.01831,1.831
469.34,0.01831,1.831
469.35,0.01831,1.831
469.36,0.01831,1.831
469.36,0.01831,1.831
469.37,0.01831,1.831
469.38,0.01831,1.831
469.39,0.01831,1.831
469.40,0.01831,1.831
469.41,0.01831,1.831
469.42,0.01831,1.831
469.43,0.01831,1.831
469.44,0.01831,1.831
469.45,0.01831,1.831
469.45,0.01831,1.831
469.46,0.01831,1.831
469.47,0.01831,1.831
469.48,0.01831,1.831
469.49,0.01831,1.831
469.50,0.01831,1.831
469.51,0.01831,1.831
469.52,0.01831,1.831
469.53,0.01831,1.831
469.54,0.01831,1.831
469.55,0.01831,1.831
469.55,0.01831,1.831
469.56,0.01831,1.831
469.57,0.01831,1.831
469.58,0.01831,1.831
469.59,0.01831,1.831
469.60,0.01831,1.831
469.61,0.01831,1.831
469.62,0.01831,1.831
469.63,0.01831,1.831
469.64,0.01831,1.831
469.64,0.01831,1.831
469.65,0.01831,1.831
469.66,0.01831,1.831
469.67,0.01831,1.831
469.68,0.01831,1.831
469.69,0.01831,1.831
469.70,0.01831,1.831
469.71,0.01831,1.831
469.72,0.01831,1.831
469.73,0.01831,1.831
469.73,0.01831,1.831
469.74,0.01831,1.831
469.75,0.01831,1.831
469.76,0.01831,1.831
469.77,0.01831,1.831
469.78,0.01831,1.831
469.79,0.01831,1.831
469.80,0.01831,1.831
469.81,0.01831,1.831
469.82,0.01831,1.831
469.83,0.01831,1.831
469.83,0.01831,1.831
469.84,0.01831,1.831
469.85,0.01831,1.831
469.86,0.01831,1.831
469.87,0.01831,1.831
469.88,0.01831,1.831
469.89,0.01831,1.831
469.90,0.01831,1.831
469.91,0.01831,1.831
469.92,0.01831,1.831
469.92,0.01831,1.831
469.93,0.01831,1.831
469.94,0.01831,1.831
469.95,0.01831,1.831
469.96,0.01831,1.831
469.97,0.01831,1.831
469.98,0.01831,1.831
469.99,0.01831,1.831
470.00,0.01831,1.831
470.01,0.01831,1.831
470.02,0.01831,1.831
470.02,0.01831,1.831
470.03,0.01831,1.831
470.04,0.01831,1.831
470.05,0.01831,1.831
470.06,0.01831,1.831
470.07,0.01831,1.831
470.08,0.01831,1.831
470.09,0.01831,1.831
470.10,0.01831,1.831
470.11,0.01831,1.831
470.11,0.01831,1.831
470.12,0.01831,1.831
470.13,0.01831,1.831
470.14,0.01831,1.831
470.15,0.01831,1.831
470.16,0.01831,1.831
470.17,0.01831,1.831
470.18,0.01831,1.831
470.19,0.01831,1.831
470.20,0.01831,1.831
470.21,0.01831,1.831
470.21,0.01831,1.831
470.22,0.01831,1.831
470.23,0.01831,1.831
470.24,0.01831,1.831
470.25,0.01831,1.831
470.26,0.01831,1.831
470.27,0.01831,1.831
470.28,0.01831,1.831
470.29,0.01831,1.831
470.30,0.01831,1.831
470.30,0.01831,1.831
470.31,0.01831,1.831
470.32,0.01831,1.831
470.33,0.01831,1.831
470.34,0.01831,1.831
470.35,0.01831,1.831
470.36,0.01831,1.831
470.37,0.01831,1.831
470.38,0.01831,1.831
470.39,0.01831,1.831
470.40,0.01831,1.831
470.40,0.01831,1.831
470.41,0.01831,1.831
470.42,0.01831,1.831
470.43,0.01831,1.831
470.44,0.01831,1.831
470.45,0.01831,1.831
470.46,0.01831,1.831
470.47,0.01831,1.831
470.48,0.01831,1.831
470.49,0.01831,1.831
470.49,0.01831,1.831
470.50,0.01831,1.831
470.51,0.01831,1.831
470.52,0.01831,1.831
470.53,0.01831,1.831
470.54,0.01831,1.831
470.55,0.01831,1.831
470.56,0.01831,1.831
470.57,0.01831,1.831
470.58,0.01831,1.831
470.59,0.01831,1.831
470.59,0.01831,1.831
470.60,0.01831,1.831
470.61,0.01831,1.831
470.62,0.01831,1.831
470.63,0.01831,1.831
470.64,0.01831,1.831
470.65,0.01831,1.831
470.66,0.01831,1.831
470.67,0.01831,1.831
470.68,0.01831,1.831
470.68,0.01831,1.831
470.69,0.01831,1.831
470.70,0.01831,1.831
470.71,0.01831,1.831
470.72,0.01831,1.831
470.73,0.01831,1.831
470.74,0.01831,1.831
470.75,0.01831,1.831
470.76,0.01831,1.831
470.77,0.01831,1.831
470.78,0.01831,1.831
470.78,0.01831,1.831
470.79,0.01831,1.831
470.80,0.01831,1.831
470.81,0.01831,1.831
470.82,0.01831,1.831
470.83,0.01831,1.831
470.84,0.01831,1.831
470.85,0.01831,1.831
470.86,0.01831,1.831
470.87,0.01831,1.831
470.88,0.01831,1.831
470.88,0.01831,1.831
470.89,0.01831,1.831
470.90,0.01831,1.831
470.91,0.01831,1.831
470.92,0.01831,1.831
470.93,0.01831,1.831
470.94,0.01831,1.831
470.95,0.01831,1.831
470.96,0.01831,1.831
470.97,0.01831,1.831
470.97,0.01831,1.831
470.98,0.01831,1.831
470.99,0.01831,1.831
471.00,0.01831,1.831
471.01,0.01831,1.831
471.02,0.01831,1.831
471.03,0.01831,1.831
471.04,0.01831,1.831
471.05,0.01831,1.831
471.06,0.01831,1.831
471.07,0.01831,1.831
471.07,0.01831,1.831
471.08,0.01831,1.831
471.09,0.01831,1.831
471.10,0.01831,1.831
471.11,0.01831,1.831
471.12,0.01831,1.831
471.13,0.01831,1.831
471.14,0.01831,1.831
471.15,0.01831,1.831
471.16,0.01831,1.831
471.16,0.01831,1.831
471.17,0.01831,1.831
471.18,0.01831,1.831
471.19,0.01831,1.831
471.20,0.01831,1.831
471.21,0.01831,1.831
471.22,0.01831,1.831
471.23,0.01831,1.831
471.24,0.01831,1.831
471.25,0.01831,1.831
471.26,0.01831,1.831
471.26,0.01831,1.831
471.27,0.01831,1.831
471.28,0.01831,1.831
471.29,0.01831,1.831
471.30,0.01831,1.831
471.31,0.01831,1.831
471.32,0.01831,1.831
471.33,0.01831,1.831
471.34,0.01831,1.831
471.35,0.01831,1.831
471.35,0.01831,1.831
471.36,0.01831,1.831
471.37,0.01831,1.831
471.38,0.01831,1.831
471.39,0.01831,1.831
471.40,0.01831,1.831
471.41,0.01831,1.831
471.42,0.01831,1.831
471.43,0.01831,1.831
471.44,0.01831,1.831
471.45,0.01831,1.831
471.45,0.01831,1.831
471.46,0.01831,1.831
471.47,0.01831,1.831
471.48,0.01831,1.831
471.49,0.01831,1.831
471.50,0.01831,1.831
471.51,0.01831,1.831
471.52,0.01831,1.831
471.53,0.01831,1.831
471.54,0.01831,1.831
471.54,0.01831,1.831
471.55,0.01831,1.831
471.56,0.01831,1.831
471.57,0.01831,1.831
471.58,0.01831,1.831
471.59,0.01831,1.831
471.60,0.01831,1.831
471.61,0.01831,1.831
471.62,0.01831,1.831
471.63,0.01831,1.831
471.63,0.01831,1.831
471.64,0.01831,1.831
471.65,0.01831,1.831
471.66,0.01831,1.831
471.67,0.01831,1.831
471.68,0.01831,1.831
471.69,0.01831,1.831
471.70,0.01831,1.831
471.71,0.01831,1.831
471.72,0.01831,1.831
471.73,0.01831,1.831
471.73,0.01831,1.831
471.74,0.01831,1.831
471.75,0.01831,1.831
471.76,0.01831,1.831
471.77,0.01831,1.831
471.78,0.01831,1.831
471.79,0.01831,1.831
471.80,0.01831,1.831
471.81,0.01831,1.831
471.82,0.01831,1.831
471.82,0.01831,1.831
471.83,0.01831,1.831
471.84,0.01831,1.831
471.85,0.01831,1.831
471.86,0.01831,1.831
471.87,0.01831,1.831
471.88,0.01831,1.831
471.89,0.01831,1.831
471.90,0.01831,1.831
471.91,0.01831,1.831
471.92,0.01831,1.831
471.92,0.01831,1.831
471.93,0.01831,1.831
471.94,0.01831,1.831
471.95,0.01831,1.831
471.96,0.01831,1.831
471.97,0.01831,1.831
471.98,0.01831,1.831
471.99,0.01831,1.831
472.00,0.01831,1.831
472.01,0.01831,1.831
472.01,0.01831,1.831
472.02,0.01831,1.831
472.03,0.01831,1.831
472.04,0.01831,1.831
472.05,0.01831,1.831
472.06,0.01831,1.831
472.07,0.01831,1.831
472.08,0.01831,1.831
472.09,0.01831,1.831
472.10,0.01831,1.831
472.10,0.01831,1.831
472.11,0.01831,1.831
472.12,0.01831,1.831
472.13,0.01831,1.831
472.14,0.01831,1.831
472.15,0.01831,1.831
472.16,0.01831,1.831
472.17,0.01831,1.831
472.18,0.01831,1.831
472.19,0.01831,1.831
472.20,0.01831,1.831
472.20,0.01831,1.831
472.21,0.01831,1.831
472.22,0.01831,1.831
472.23,0.01831,1.831
472.24,0.01831,1.831
472.25,0.01831,1.831
472.26,0.01831,1.831
472.27,0.01831,1.831
472.28,0.01831,1.831
472.29,0.01831,1.831
472.29,0.01831,1.831
472.30,0.01831,1.831
472.31,0.01831,1.831
472.32,0.01831,1.831
472.33,0.01831,1.831
472.34,0.01831,1.831
472.35,0.01831,1.831
472.36,0.01831,1.831
472.37,0.01831,1.831
472.38,0.01831,1.831
472.39,0.01831,1.831
472.39,0.01831,1.831
472.40,0.01831,1.831
472.41,0.01831,1.831
472.42,0.01831,1.831
472.43,0.01831,1.831
472.44,0.01831,1.831
472.45,0.01831,1.831
472.46,0.01831,1.831
472.47,0.01831,1.831
472.48,0.01831,1.831
472.48,0.01831,1.831
472.49,0.01831,1.831
472.50,0.01831,1.831
472.51,0.01831,1.831
472.52,0.01831,1.831
472.53,0.01831,1.831
472.54,0.01831,1.831
472.55,0.01831,1.831
472.56,0.01831,1.831
472.57,0.01831,1.831
472.58,0.01831,1.831
472.58,0.01831,1.831
472.59,0.01831,1.831
472.60,0.01831,1.831
472.61,0.01831,1.831
472.62,0.01831,1.831
472.63,0.01831,1.831
472.64,0.01831,1.831
472.65,0.01831,1.831
472.66,0.01831,1.831
472.67,0.01831,1.831
472.68,0.01831,1.831
472.68,0.01831,1.831
472.69,0.01831,1.831
472.70,0.01831,1.831
472.71,0.01831,1.831
472.72,0.01831,1.831
472.73,0.01831,1.831
472.74,0.01831,1.831
472.75,0.01831,1.831
472.76,0.01831,1.831
472.77,0.01831,1.831
472.77,0.01831,1.831
472.78,0.01831,1.831
472.79,0.01831,1.831
472.80,0.01832,1.832
472.81,0.01832,1.832
472.82,0.01832,1.832
472.83,0.01832,1.832
472.84,0.01832,1.832
472.85,0.01832,1.832
472.86,0.01832,1.832
472.87,0.01832,1.832
472.87,0.01832,1.832
472.88,0.01832,1.832
472.89,0.01832,1.832
472.90,0.01832,1.832
472.91,0.01832,1.832
472.92,0.01832,1.832
472.93,0.01832,1.832
472.94,0.01832,1.832
472.95,0.01832,1.832
472.96,0.01832,1.832
472.96,0.01832,1.832
472.97,0.01832,1.832
472.98,0.01832,1.832
472.99,0.01832,1.832
473.00,0.01832,1.832
473.01,0.01832,1.832
473.02,0.01832,1.832
473.03,0.01832,1.832
473.04,0.01832,1.832
473.05,0.01832,1.832
473.06,0.01832,1.832
473.06,0.01832,1.832
473.07,0.01832,1.832
473.08,0.01832,1.832
473.09,0.01832,1.832
473.10,0.01832,1.832
473.11,0.01832,1.832
473.12,0.01832,1.832
473.13,0.01832,1.832
473.14,0.01832,1.832
473.15,0.01832,1.832
473.15,0.01832,1.832
473.16,0.01832,1.832
473.17,0.01832,1.832
473.18,0.01832,1.832
473.19,0.01832,1.832
473.20,0.01832,1.832
473.21,0.01832,1.832
473.22,0.01832,1.832
473.23,0.01832,1.832
473.24,0.01832,1.832
473.25,0.01832,1.832
473.25,0.01832,1.832
473.26,0.01832,1.832
473.27,0.01832,1.832
473.28,0.01832,1.832
473.29,0.01832,1.832
473.30,0.01832,1.832
473.31,0.01832,1.832
473.32,0.01832,1.832
473.33,0.01832,1.832
473.34,0.01832,1.832
473.34,0.01832,1.832
473.35,0.01832,1.832
473.36,0.01832,1.832
473.37,0.01832,1.832
473.38,0.01832,1.832
473.39,0.01832,1.832
473.40,0.01832,1.832
473.41,0.01832,1.832
473.42,0.01832,1.832
473.43,0.01832,1.832
473.44,0.01832,1.832
473.44,0.01832,1.832
473.45,0.01832,1.832
473.46,0.01832,1.832
473.47,0.01832,1.832
473.48,0.01832,1.832
473.49,0.01832,1.832
473.50,0.01832,1.832
473.51,0.01832,1.832
473.52,0.01832,1.832
473.53,0.01832,1.832
473.53,0.01832,1.832
473.54,0.01832,1.832
473.55,0.01832,1.832
473.56,0.01832,1.832
473.57,0.01832,1.832
473.58,0.01832,1.832
473.59,0.01832,1.832
473.60,0.01832,1.832
473.61,0.01832,1.832
473.62,0.01832,1.832
473.63,0.01832,1.832
473.63,0.01832,1.832
473.64,0.01832,1.832
473.65,0.01832,1.832
473.66,0.01832,1.832
473.67,0.01832,1.832
473.68,0.01832,1.832
473.69,0.01832,1.832
473.70,0.01832,1.832
473.71,0.01832,1.832
473.72,0.01832,1.832
473.72,0.01832,1.832
473.73,0.01832,1.832
473.74,0.01832,1.832
473.75,0.01832,1.832
473.76,0.01832,1.832
473.77,0.01832,1.832
473.78,0.01832,1.832
473.79,0.01832,1.832
473.80,0.01832,1.832
473.81,0.01832,1.832
473.82,0.01832,1.832
473.82,0.01832,1.832
473.83,0.01832,1.832
473.84,0.01832,1.832
473.85,0.01832,1.832
473.86,0.01832,1.832
473.87,0.01832,1.832
473.88,0.01832,1.832
473.89,0.01832,1.832
473.90,0.01832,1.832
473.91,0.01832,1.832
473.91,0.01832,1.832
473.92,0.01832,1.832
473.93,0.01832,1.832
473.94,0.01832,1.832
473.95,0.01832,1.832
473.96,0.01832,1.832
473.97,0.01832,1.832
473.98,0.01832,1.832
473.99,0.01832,1.832
474.00,0.01832,1.832
474.00,0.01832,1.832
474.01,0.01832,1.832
474.02,0.01832,1.832
474.03,0.01832,1.832
474.04,0.01832,1.832
474.05,0.01832,1.832
474.06,0.01832,1.832
474.07,0.01832,1.832
474.08,0.01832,1.832
474.09,0.01832,1.832
474.10,0.01832,1.832
474.10,0.01832,1.832
474.11,0.01832,1.832
474.12,0.01832,1.832
474.13,0.01832,1.832
474.14,0.01832,1.832
474.15,0.01832,1.832
474.16,0.01832,1.832
474.17,0.01832,1.832
474.18,0.01832,1.832
474.19,0.01832,1.832
474.19,0.01832,1.832
474.20,0.01832,1.832
474.21,0.01832,1.832
474.22,0.01832,1.832
474.23,0.01832,1.832
474.24,0.01832,1.832
474.25,0.01832,1.832
474.26,0.01832,1.832
474.27,0.01832,1.832
474.28,0.01832,1.832
474.29,0.01832,1.832
474.29,0.01832,1.832
474.30,0.01832,1.832
474.31,0.01832,1.832
474.32,0.01832,1.832
474.33,0.01832,1.832
474.34,0.01832,1.832
474.35,0.01832,1.832
474.36,0.01832,1.832
474.37,0.01832,1.832
474.38,0.01832,1.832
474.38,0.01832,1.832
474.39,0.01832,1.832
474.40,0.01832,1.832
474.41,0.01832,1.832
474.42,0.01832,1.832
474.43,0.01832,1.832
474.44,0.01832,1.832
474.45,0.01832,1.832
474.46,0.01832,1.832
474.47,0.01832,1.832
474.48,0.01832,1.832
474.48,0.01832,1.832
474.49,0.01832,1.832
474.50,0.01832,1.832
474.51,0.01832,1.832
474.52,0.01832,1.832
474.53,0.01832,1.832
474.54,0.01832,1.832
474.55,0.01832,1.832
474.56,0.01832,1.832
474.57,0.01832,1.832
474.57,0.01832,1.832
474.58,0.01832,1.832
474.59,0.01832,1.832
474.60,0.01832,1.832
474.61,0.01832,1.832
474.62,0.01832,1.832
474.63,0.01832,1.832
474.64,0.01832,1.832
474.65,0.01832,1.832
474.66,0.01832,1.832
474.67,0.01832,1.832
474.67,0.01832,1.832
474.68,0.01832,1.832
474.69,0.01832,1.832
474.70,0.01832,1.832
474.71,0.01832,1.832
474.72,0.01832,1.832
474.73,0.01832,1.832
474.74,0.01832,1.832
474.75,0.01832,1.832
474.76,0.01832,1.832
474.76,0.01832,1.832
474.77,0.01832,1.832
474.78,0.01832,1.832
474.79,0.01832,1.832
474.80,0.01832,1.832
474.81,0.01832,1.832
474.82,0.01832,1.832
474.83,0.01832,1.832
474.84,0.01832,1.832
474.85,0.01832,1.832
474.86,0.01832,1.832
474.86,0.01832,1.832
474.87,0.01832,1.832
474.88,0.01832,1.832
474.89,0.01832,1.832
474.90,0.01832,1.832
474.91,0.01832,1.832
474.92,0.01832,1.832
474.93,0.01832,1.832
474.94,0.01832,1.832
474.95,0.01832,1.832
474.95,0.01832,1.832
474.96,0.01832,1.832
474.97,0.01832,1.832
474.98,0.01832,1.832
474.99,0.01832,1.832
475.00,0.01832,1.832
475.01,0.01832,1.832
475.02,0.01832,1.832
475.03,0.01832,1.832
475.04,0.01832,1.832
475.05,0.01832,1.832
475.05,0.01832,1.832
475.06,0.01832,1.832
475.07,0.01832,1.832
475.08,0.01832,1.832
475.09,0.01832,1.832
475.10,0.01832,1.832
475.11,0.01832,1.832
475.12,0.01832,1.832
475.13,0.01832,1.832
475.14,0.01832,1.832
475.14,0.01832,1.832
475.15,0.01832,1.832
475.16,0.01832,1.832
475.17,0.01832,1.832
475.18,0.01832,1.832
475.19,0.01832,1.832
475.20,0.01832,1.832
475.21,0.01832,1.832
475.22,0.01832,1.832
475.23,0.01832,1.832
475.24,0.01832,1.832
475.24,0.01832,1.832
475.25,0.01832,1.832
475.26,0.01832,1.832
475.27,0.01832,1.832
475.28,0.01832,1.832
475.29,0.01832,1.832
475.30,0.01832,1.832
475.31,0.01832,1.832
475.32,0.01832,1.832
475.33,0.01832,1.832
475.33,0.01832,1.832
475.34,0.01832,1.832
475.35,0.01832,1.832
475.36,0.01832,1.832
475.37,0.01832,1.832
475.38,0.01832,1.832
475.39,0.01832,1.832
475.40,0.01832,1.832
475.41,0.01832,1.832
475.42,0.01832,1.832
475.43,0.01832,1.832
475.43,0.01832,1.832
475.44,0.01832,1.832
475.45,0.01832,1.832
475.46,0.01832,1.832
475.47,0.01832,1.832
475.48,0.01832,1.832
475.49,0.01832,1.832
475.50,0.01832,1.832
475.51,0.01832,1.832
475.52,0.01832,1.832
475.52,0.01832,1.832
475.53,0.01832,1.832
475.54,0.01832,1.832
475.55,0.01832,1.832
475.56,0.01832,1.832
475.57,0.01832,1.832
475.58,0.01832,1.832
475.59,0.01832,1.832
475.60,0.01832,1.832
475.61,0.01832,1.832
475.62,0.01832,1.832
475.62,0.01832,1.832
475.63,0.01832,1.832
475.64,0.01832,1.832
475.65,0.01832,1.832
475.66,0.01832,1.832
475.67,0.01832,1.832
475.68,0.01832,1.832
475.69,0.01832,1.832
475.70,0.01832,1.832
475.71,0.01832,1.832
475.71,0.01832,1.832
475.72,0.01832,1.832
475.73,0.01832,1.832
475.74,0.01832,1.832
475.75,0.01832,1.832
475.76,0.01832,1.832
475.77,0.01832,1.832
475.78,0.01832,1.832
475.79,0.01832,1.832
475.80,0.01832,1.832
475.81,0.01832,1.832
475.81,0.01832,1.832
475.82,0.01832,1.832
475.83,0.01832,1.832
475.84,0.01832,1.832
475.85,0.01832,1.832
475.86,0.01832,1.832
475.87,0.01832,1.832
475.88,0.01832,1.832
475.89,0.01832,1.832
475.90,0.01832,1.832
475.90,0.01832,1.832
475.91,0.01832,1.832
475.92,0.01832,1.832
475.93,0.01832,1.832
475.94,0.01832,1.832
475.95,0.01832,1.832
475.96,0.01832,1.832
475.97,0.01832,1.832
475.98,0.01832,1.832
475.99,0.01832,1.832
476.00,0.01832,1.832
476.00,0.01832,1.832
476.01,0.01832,1.832
476.02,0.01832,1.832
476.03,0.01832,1.832
476.04,0.01832,1.832
476.05,0.01832,1.832
476.06,0.01832,1.832
476.07,0.01832,1.832
476.08,0.01832,1.832
476.09,0.01832,1.832
476.09,0.01832,1.832
476.10,0.01832,1.832
476.11,0.01832,1.832
476.12,0.01832,1.832
476.13,0.01832,1.832
476.14,0.01832,1.832
476.15,0.01832,1.832
476.16,0.01832,1.832
476.17,0.01832,1.832
476.18,0.01832,1.832
476.19,0.01832,1.832
476.19,0.01832,1.832
476.20,0.01832,1.832
476.21,0.01832,1.832
476.22,0.01832,1.832
476.23,0.01832,1.832
476.24,0.01832,1.832
476.25,0.01832,1.832
476.26,0.01832,1.832
476.27,0.01832,1.832
476.28,0.01832,1.832
476.28,0.01832,1.832
476.29,0.01832,1.832
476.30,0.01832,1.832
476.31,0.01832,1.832
476.32,0.01832,1.832
476.33,0.01832,1.832
476.34,0.01832,1.832
476.35,0.01832,1.832
476.36,0.01832,1.832
476.37,0.01832,1.832
476.38,0.01832,1.832
476.38,0.01832,1.832
476.39,0.01832,1.832
476.40,0.01832,1.832
476.41,0.01832,1.832
476.42,0.01832,1.832
476.43,0.01832,1.832
476.44,0.01832,1.832
476.45,0.01832,1.832
476.46,0.01832,1.832
476.47,0.01832,1.832
476.47,0.01832,1.832
476.48,0.01832,1.832
476.49,0.01832,1.832
476.50,0.01832,1.832
476.51,0.01832,1.832
476.52,0.01832,1.832
476.53,0.01832,1.832
476.54,0.01832,1.832
476.55,0.01832,1.832
476.56,0.01832,1.832
476.57,0.01832,1.832
476.57,0.01832,1.832
476.58,0.01832,1.832
476.59,0.01832,1.832
476.60,0.01832,1.832
476.61,0.01832,1.832
476.62,0.01832,1.832
476.63,0.01832,1.832
476.64,0.01832,1.832
476.65,0.01832,1.832
476.66,0.01832,1.832
476.66,0.01832,1.832
476.67,0.01832,1.832
476.68,0.01832,1.832
476.69,0.01832,1.832
476.70,0.01832,1.832
476.71,0.01832,1.832
476.72,0.01832,1.832
476.73,0.01832,1.832
476.74,0.01832,1.832
476.75,0.01832,1.832
476.76,0.01832,1.832
476.76,0.01832,1.832
476.77,0.01832,1.832
476.78,0.01832,1.832
476.79,0.01832,1.832
476.80,0.01832,1.832
476.81,0.01832,1.832
476.82,0.01832,1.832
476.83,0.01832,1.832
476.84,0.01832,1.832
476.85,0.01832,1.832
476.85,0.01832,1.832
476.86,0.01832,1.832
476.87,0.01832,1.832
476.88,0.01832,1.832
476.89,0.01832,1.832
476.90,0.01832,1.832
476.91,0.01832,1.832
476.92,0.01832,1.832
476.93,0.01832,1.832
476.94,0.01832,1.832
476.95,0.01832,1.832
476.95,0.01832,1.832
476.96,0.01832,1.832
476.97,0.01832,1.832
476.98,0.01832,1.832
476.99,0.01832,1.832
477.00,0.01832,1.832
477.01,0.01832,1.832
477.02,0.01832,1.832
477.03,0.01832,1.832
477.04,0.01832,1.832
477.04,0.01832,1.832
477.05,0.01832,1.832
477.06,0.01832,1.832
477.07,0.01832,1.832
477.08,0.01832,1.832
477.09,0.01832,1.832
477.10,0.01832,1.832
477.11,0.01832,1.832
477.12,0.01832,1.832
477.13,0.01832,1.832
477.14,0.01832,1.832
477.14,0.01832,1.832
477.15,0.01832,1.832
477.16,0.01832,1.832
477.17,0.01832,1.832
477.18,0.01832,1.832
477.19,0.01832,1.832
477.20,0.01832,1.832
477.21,0.01832,1.832
477.22,0.01832,1.832
477.23,0.01832,1.832
477.23,0.01832,1.832
477.24,0.01832,1.832
477.25,0.01832,1.832
477.26,0.01832,1.832
477.27,0.01832,1.832
477.28,0.01832,1.832
477.29,0.01832,1.832
477.30,0.01832,1.832
477.31,0.01832,1.832
477.32,0.01832,1.832
477.33,0.01832,1.832
477.33,0.01832,1.832
477.34,0.01832,1.832
477.35,0.01832,1.832
477.36,0.01832,1.832
477.37,0.01832,1.832
477.38,0.01832,1.832
477.39,0.01832,1.832
477.40,0.01832,1.832
477.41,0.01832,1.832
477.42,0.01832,1.832
477.42,0.01832,1.832
477.43,0.01832,1.832
477.44,0.01832,1.832
477.45,0.01832,1.832
477.46,0.01832,1.832
477.47,0.01832,1.832
477.48,0.01832,1.832
477.49,0.01832,1.832
477.50,0.01832,1.832
477.51,0.01832,1.832
477.52,0.01832,1.832
477.52,0.01832,1.832
477.53,0.01832,1.832
477.54,0.01832,1.832
477.55,0.01832,1.832
477.56,0.01832,1.832
477.57,0.01832,1.832
477.58,0.01832,1.832
477.59,0.01832,1.832
477.60,0.01832,1.832
477.61,0.01832,1.832
477.61,0.01832,1.832
477.62,0.01832,1.832
477.63,0.01832,1.832
477.64,0.01832,1.832
477.65,0.01832,1.832
477.66,0.01832,1.832
477.67,0.01832,1.832
477.68,0.01832,1.832
477.69,0.01832,1.832
477.70,0.01832,1.832
477.71,0.01832,1.832
477.71,0.01832,1.832
477.72,0.01832,1.832
477.73,0.01832,1.832
477.74,0.01832,1.832
477.75,0.01832,1.832
477.76,0.01832,1.832
477.77,0.01832,1.832
477.78,0.01832,1.832
477.79,0.01832,1.832
477.80,0.01832,1.832
477.80,0.01832,1.832
477.81,0.01832,1.832
477.82,0.01832,1.832
477.83,0.01832,1.832
477.84,0.01832,1.832
477.85,0.01832,1.832
477.86,0.01832,1.832
477.87,0.01832,1.832
477.88,0.01832,1.832
477.89,0.01832,1.832
477.90,0.01832,1.832
477.90,0.01832,1.832
477.91,0.01832,1.832
477.92,0.01832,1.832
477.93,0.01832,1.832
477.94,0.01832,1.832
477.95,0.01832,1.832
477.96,0.01832,1.832
477.97,0.01832,1.832
477.98,0.01832,1.832
477.99,0.01832,1.832
477.99,0.01832,1.832
478.00,0.01832,1.832
478.01,0.01832,1.832
478.02,0.01832,1.832
478.03,0.01832,1.832
478.04,0.01832,1.832
478.05,0.01832,1.832
478.06,0.01832,1.832
478.07,0.01832,1.832
478.08,0.01832,1.832
478.09,0.01832,1.832
478.09,0.01832,1.832
478.10,0.01832,1.832
478.11,0.01832,1.832
478.12,0.01832,1.832
478.13,0.01832,1.832
478.14,0.01832,1.832
478.15,0.01832,1.832
478.16,0.01832,1.832
478.17,0.01832,1.832
478.18,0.01832,1.832
478.18,0.01832,1.832
478.19,0.01832,1.832
478.20,0.01832,1.832
478.21,0.01832,1.832
478.22,0.01832,1.832
478.23,0.01832,1.832
478.24,0.01832,1.832
478.25,0.01832,1.832
478.26,0.01832,1.832
478.27,0.01832,1.832
478.28,0.01832,1.832
478.28,0.01832,1.832
478.29,0.01832,1.832
478.30,0.01832,1.832
478.31,0.01832,1.832
478.32,0.01832,1.832
478.33,0.01832,1.832
478.34,0.01832,1.832
478.35,0.01832,1.832
478.36,0.01832,1.832
478.37,0.01832,1.832
478.37,0.01832,1.832
478.38,0.01832,1.832
478.39,0.01832,1.832
478.40,0.01832,1.832
478.41,0.01832,1.832
478.42,0.01832,1.832
478.43,0.01832,1.832
478.44,0.01832,1.832
478.45,0.01832,1.832
478.46,0.01832,1.832
478.47,0.01832,1.832
478.47,0.01832,1.832
478.48,0.01832,1.832
478.49,0.01832,1.832
478.50,0.01832,1.832
478.51,0.01832,1.832
478.52,0.01832,1.832
478.53,0.01832,1.832
478.54,0.01832,1.832
478.55,0.01832,1.832
478.56,0.01832,1.832
478.56,0.01832,1.832
478.57,0.01832,1.832
478.58,0.01832,1.832
478.59,0.01832,1.832
478.60,0.01832,1.832
478.61,0.01832,1.832
478.62,0.01832,1.832
478.63,0.01832,1.832
478.64,0.01832,1.832
478.65,0.01832,1.832
478.66,0.01832,1.832
478.66,0.01832,1.832
478.67,0.01832,1.832
478.68,0.01832,1.832
478.69,0.01832,1.832
478.70,0.01832,1.832
478.71,0.01832,1.832
478.72,0.01832,1.832
478.73,0.01832,1.832
478.74,0.01832,1.832
478.75,0.01832,1.832
478.75,0.01832,1.832
478.76,0.01832,1.832
478.77,0.01832,1.832
478.78,0.01832,1.832
478.79,0.01832,1.832
478.80,0.01832,1.832
478.81,0.01832,1.832
478.82,0.01832,1.832
478.83,0.01832,1.832
478.84,0.01832,1.832
478.85,0.01832,1.832
478.85,0.01832,1.832
478.86,0.01832,1.832
478.87,0.01832,1.832
478.88,0.01832,1.832
478.89,0.01832,1.832
478.90,0.01832,1.832
478.91,0.01832,1.832
478.92,0.01832,1.832
478.93,0.01832,1.832
478.94,0.01832,1.832
478.94,0.01832,1.832
478.95,0.01832,1.832
478.96,0.01832,1.832
478.97,0.01832,1.832
478.98,0.01832,1.832
478.99,0.01832,1.832
479.00,0.01832,1.832
479.01,0.01832,1.832
479.02,0.01832,1.832
479.03,0.01832,1.832
479.03,0.01832,1.832
479.04,0.01832,1.832
479.05,0.01832,1.832
479.06,0.01832,1.832
479.07,0.01832,1.832
479.08,0.01832,1.832
479.09,0.01832,1.832
479.10,0.01832,1.832
479.11,0.01832,1.832
479.12,0.01832,1.832
479.13,0.01832,1.832
479.13,0.01832,1.832
479.14,0.01832,1.832
479.15,0.01832,1.832
479.16,0.01832,1.832
479.17,0.01832,1.832
479.18,0.01832,1.832
479.19,0.01832,1.832
479.20,0.01832,1.832
479.21,0.01832,1.832
479.22,0.01832,1.832
479.23,0.01832,1.832
479.23,0.01832,1.832
479.24,0.01832,1.832
479.25,0.01832,1.832
479.26,0.01832,1.832
479.27,0.01832,1.832
479.28,0.01832,1.832
479.29,0.01832,1.832
479.30,0.01832,1.832
479.31,0.01832,1.832
479.32,0.01832,1.832
479.32,0.01832,1.832
479.33,0.01832,1.832
479.34,0.01832,1.832
479.35,0.01832,1.832
479.36,0.01832,1.832
479.37,0.01832,1.832
479.38,0.01832,1.832
479.39,0.01832,1.832
479.40,0.01832,1.832
479.41,0.01832,1.832
479.42,0.01832,1.832
479.42,0.01832,1.832
479.43,0.01832,1.832
479.44,0.01832,1.832
479.45,0.01832,1.832
479.46,0.01832,1.832
479.47,0.01832,1.832
479.48,0.01832,1.832
479.49,0.01832,1.832
479.50,0.01832,1.832
479.51,0.01832,1.832
479.51,0.01832,1.832
479.52,0.01832,1.832
479.53,0.01832,1.832
479.54,0.01832,1.832
479.55,0.01832,1.832
479.56,0.01832,1.832
479.57,0.01832,1.832
479.58,0.01832,1.832
479.59,0.01832,1.832
479.60,0.01832,1.832
479.61,0.01832,1.832
479.61,0.01832,1.832
479.62,0.01832,1.832
479.63,0.01832,1.832
479.64,0.01832,1.832
479.65,0.01832,1.832
479.66,0.01832,1.832
479.67,0.01832,1.832
479.68,0.01832,1.832
479.69,0.01832,1.832
479.70,0.01832,1.832
479.70,0.01832,1.832
479.71,0.01832,1.832
479.72,0.01832,1.832
479.73,0.01832,1.832
479.74,0.01832,1.832
479.75,0.01832,1.832
479.76,0.01832,1.832
479.77,0.01832,1.832
479.78,0.01832,1.832
479.79,0.01832,1.832
479.80,0.01832,1.832
479.80,0.01832,1.832
479.81,0.01832,1.832
479.82,0.01832,1.832
479.83,0.01832,1.832
479.84,0.01832,1.832
479.85,0.01832,1.832
479.86,0.01832,1.832
479.87,0.01832,1.832
479.88,0.01832,1.832
479.89,0.01832,1.832
479.89,0.01832,1.832
479.90,0.01832,1.832
479.91,0.01832,1.832
479.92,0.01832,1.832
479.93,0.01832,1.832
479.94,0.01832,1.832
479.95,0.01832,1.832
479.96,0.01832,1.832
479.97,0.01832,1.832
479.98,0.01832,1.832
479.99,0.01832,1.832
479.99,0.01832,1.832
