{
"type": "FeatureCollection",
"name": "water_boundaries_wgs84",
"crs": { "type": "name", "properties": { "name": "urn:ogc:def:crs:OGC:1.3:CRS84" } },
"features": [
{ "type": "Feature", "properties": { "id": 1, "area_ha": 0.016707026043343991 }, "geometry": { "type": "Polygon", "coordinates": [ [ [ -81.436753865310394, 28.357974419037529 ], [ -81.436756471285975, 28.357973957201523 ], [ -81.436759104149147, 28.357973554452936 ], [ -81.436761757365176, 28.357973216983986 ], [ -81.43676442352141, 28.357972951659605 ], [ -81.436767094405894, 28.357972765810629 ], [ -81.436769761108195, 28.35797266700801 ], [ -81.43677241413927, 28.35797266282648 ], [ -81.43677504356684, 28.357972760605705 ], [ -81.436777639162344, 28.357972967217311 ], [ -81.436780190555552, 28.357973288845795 ], [ -81.436782687392565, 28.357973730790516 ], [ -81.436785119493607, 28.357974297295378 ], [ -81.436787477006533, 28.357974991411634 ], [ -81.436789750553316, 28.357975814897728 ], [ -81.436791931366088, 28.357976768159126 ], [ -81.436794011410711, 28.357977850229172 ], [ -81.436795983496324, 28.357979058790832 ], [ -81.436797841369057, 28.357980390237561 ], [ -81.436799579789934, 28.357981839770119 ], [ -81.436801194596413, 28.357983401525136 ], [ -81.436802682748095, 28.357985068729949 ], [ -81.43680404235721, 28.357986833877458 ], [ -81.436805272705072, 28.357988688914478 ], [ -81.436806374245492, 28.357990625436162 ], [ -81.436807348596744, 28.357992634879704 ], [ -81.436808198523238, 28.357994708710326 ], [ -81.436808927908075, 28.357996838593259 ], [ -81.436809541717821, 28.357999016546092 ], [ -81.436810045959973, 28.358001235066965 ], [ -81.436810447633874, 28.3580034872349 ], [ -81.436810754675207, 28.358005766780284 ], [ -81.436810975894005, 28.358008068124139 ], [ -81.436811120905574, 28.35801038638694 ], [ -81.436811200054095, 28.358012717368215 ], [ -81.436811224327428, 28.358015057500015 ], [ -81.436811205262714, 28.358017403777893 ], [ -81.436811154841436, 28.358019753674302 ], [ -81.436811085373009, 28.358022105039641 ], [ -81.436811009366522, 28.35802445599673 ], [ -81.436810939389687, 28.358026804834836 ], [ -81.436810887915527, 28.358029149908891 ], [ -81.436810867156808, 28.358031489549486 ], [ -81.436810888889681, 28.358033821988517 ], [ -81.436810964268119, 28.358036145304528 ], [ -81.436811103631214, 28.358038457390794 ], [ -81.43681131630683, 28.358040755948092 ], [ -81.436811610415049, 28.358043038502778 ], [ -81.43681199267543, 28.3580453024496 ], [ -81.436812468223152, 28.35804754511739 ], [ -81.436813040438878, 28.358049763854432 ], [ -81.436813710797622, 28.358051956129447 ], [ -81.436814478742164, 28.358054119643061 ], [ -81.436815341585714, 28.358056252443841 ], [ -81.436816294449429, 28.358058353042775 ], [ -81.436817330238412, 28.3580604205195 ], [ -81.436818439660343, 28.358062454614004 ], [ -81.436819611289266, 28.358064455797503 ], [ -81.436820831676329, 28.358066425317343 ], [ -81.436822085508012, 28.358068365210961 ], [ -81.436823355811086, 28.358070278285819 ], [ -81.436824624202174, 28.358072168062893 ], [ -81.436825871178655, 28.358074038683124 ], [ -81.436827076445908, 28.358075894777681 ], [ -81.436828219274901, 28.358077741304378 ], [ -81.436829278882854, 28.358079583354183 ], [ -81.43683023482906, 28.358081425933253 ], [ -81.436831067416136, 28.358083273727111 ], [ -81.436831758087862, 28.358085130854878 ], [ -81.436832289813097, 28.358087000621897 ], [ -81.436832647445996, 28.358088885280278 ], [ -81.436832818052849, 28.358090785806365 ], [ -81.436832791196366, 28.358092701704706 ], [ -81.436832559168792, 28.358094630847091 ], [ -81.436832117167157, 28.358096569354775 ], [ -81.436831463404317, 28.35809851153061 ], [ -81.436830599151889, 28.358100449846678 ], [ -81.436829528712295, 28.35810237499096 ], [ -81.43682825931954, 28.358104275975094 ], [ -81.436826800969939, 28.358106140302898 ], [ -81.436825166185969, 28.358107954197635 ], [ -81.436823369718709, 28.358109702883571 ], [ -81.436821428195657, 28.358111370915516 ], [ -81.436819359722705, 28.358112942548374 ], [ -81.436817183450259, 28.358114402136597 ], [ -81.436814919114738, 28.358115734552719 ], [ -81.436812586567783, 28.358116925612475 ], [ -81.436810205305221, 28.358117962493861 ], [ -81.436807794009127, 28.358118834136945 ], [ -81.436805370115124, 28.358119531611457 ], [ -81.436802949416872, 28.35812004843995 ], [ -81.436800545718924, 28.358120380865095 ], [ -81.436798170547462, 28.358120528051316 ], [ -81.436795832926975, 28.358120492212592 ], [ -81.436793539229413, 28.358120278660383 ], [ -81.43679129309966, 28.358119895767917 ], [ -81.436789095459801, 28.358119354849634 ], [ -81.43678694459166, 28.358118669957122 ], [ -81.436784836295189, 28.358117857595278 ], [ -81.436782764118135, 28.358116936365356 ], [ -81.436780719650187, 28.358115926543505 ], [ -81.436778692872792, 28.358114849605638 ], [ -81.436776672554529, 28.358113727711423 ], [ -81.436774646680391, 28.358112583161532 ], [ -81.436772602902082, 28.358111437843082 ], [ -81.436770528996547, 28.358110312679219 ], [ -81.436768413318703, 28.358109227098439 ], [ -81.43676624523556, 28.358108198539021 ], [ -81.436764015528723, 28.358107242003129 ], [ -81.436761716753509, 28.358106369673624 ], [ -81.436759343544381, 28.358105590604868 ], [ -81.436756892857701, 28.358104910496944 ], [ -81.436754364145045, 28.358104331559865 ], [ -81.436751759451951, 28.358103852472063 ], [ -81.436749083439736, 28.358103468434461 ], [ -81.436746343329929, 28.358103171318703 ], [ -81.43674354877335, 28.358102949905149 ], [ -81.436740711648056, 28.35810279020388 ], [ -81.436737845792322, 28.358102675849064 ], [ -81.436734966681215, 28.358102588555269 ], [ -81.436732091056214, 28.35810250862232 ], [ -81.436729236519312, 28.358102415473784 ], [ -81.436726421103501, 28.35810228821353 ], [ -81.436723662832719, 28.358102106184088 ], [ -81.436720979283876, 28.358101849510707 ], [ -81.436718387163836, 28.358101499615671 ], [ -81.436715901913686, 28.358101039688144 ], [ -81.436713537351267, 28.358100455096789 ], [ -81.436711305362181, 28.358099733733813 ], [ -81.436709215647426, 28.358098866281519 ], [ -81.436707275534602, 28.358097846394969 ], [ -81.436705489856834, 28.358096670796865 ], [ -81.436703860902412, 28.358095339283562 ], [ -81.436702388435094, 28.358093854643911 ], [ -81.436701069783496, 28.358092222495245 ], [ -81.436699899995716, 28.35809045104325 ], [ -81.436698872053441, 28.358088550774838 ], [ -81.436697977138081, 28.358086534095019 ], [ -81.43669720494006, 28.358084414920192 ], [ -81.436696544001364, 28.358082208241647 ], [ -81.436695982080309, 28.358079929673373 ], [ -81.436695506527471, 28.358077594998942 ], [ -81.436695104661297, 28.358075219731479 ], [ -81.436694764132142, 28.358072818700318 ], [ -81.436694473264524, 28.358070405676639 ], [ -81.436694221367532, 28.358067993048916 ], [ -81.436693999005485, 28.358065591557015 ], [ -81.436693798221413, 28.358063210091789 ], [ -81.436693612708268, 28.358060855564705 ], [ -81.436693437924177, 28.358058532849334 ], [ -81.436693271150133, 28.358056244794628 ], [ -81.436693111490001, 28.358053992306882 ], [ -81.436692959814906, 28.35805177449566 ], [ -81.436692818655516, 28.358049588876444 ], [ -81.436692692047558, 28.358047431621269 ], [ -81.436692585336715, 28.358045297847294 ], [ -81.436692504950699, 28.358043181931652 ], [ -81.436692458147022, 28.358041077841222 ], [ -81.436692452744978, 28.35803897946483 ], [ -81.43669249685145, 28.358036880936169 ], [ -81.436692598589147, 28.358034776936069 ], [ -81.436692765836355, 28.358032662964046 ], [ -81.436693005985887, 28.358030535569856 ], [ -81.436693325730545, 28.358028392538088 ], [ -81.436693730881032, 28.358026233020095 ], [ -81.436694226220908, 28.358024057609882 ], [ -81.436694815402134, 28.358021868362513 ], [ -81.436695500882649, 28.358019668755897 ], [ -81.436696283906883, 28.358017463598532 ], [ -81.436697164527317, 28.358015258887956 ], [ -81.436698141665289, 28.358013061626231 ], [ -81.436699213206694, 28.358010879600279 ], [ -81.436700376128101, 28.358008721135963 ], [ -81.436701626647263, 28.358006594835544 ], [ -81.436702960391742, 28.358004509308905 ], [ -81.436704372578561, 28.358002472908435 ], [ -81.436705858198209, 28.358000493477732 ], [ -81.436707412195645, 28.357998578123119 ], [ -81.436709029641847, 28.357996733016414 ], [ -81.436710705889837, 28.357994963235672 ], [ -81.436712436709598, 28.357993272649544 ], [ -81.436714218397611, 28.357991663848864 ], [ -81.436716047857587, 28.357990138127413 ], [ -81.436717922649891, 28.357988695512017 ], [ -81.436719841008681, 28.357987334840182 ], [ -81.436721801826977, 28.35798605388181 ], [ -81.436723804610565, 28.357984849499928 ], [ -81.436725849403388, 28.357983717843911 ], [ -81.436727936687319, 28.357982654567742 ], [ -81.43673006726101, 28.357981655064695 ], [ -81.436732242101868, 28.357980714709637 ], [ -81.436734462217146, 28.357979829099719 ], [ -81.436736728489151, 28.357978994284441 ], [ -81.436739041520411, 28.357978206976615 ], [ -81.436741401484511, 28.35797746473644 ], [ -81.436743807987327, 28.357976766122047 ], [ -81.436746259943902, 28.357976110800941 ], [ -81.43674875547481, 28.357975499618707 ], [ -81.436751291825388, 28.357974934622302 ], [ -81.436753865310394, 28.357974419037529 ] ] ] } },
{ "type": "Feature", "properties": { "id": 2, "area_ha": 0.052474830641899485 }, "geometry": { "type": "Polygon", "coordinates": [ [ [ -81.436400262684117, 28.357970878244249 ], [ -81.436405104598308, 28.357970390464086 ], [ -81.436409961922891, 28.357970011458519 ], [ -81.436414814443225, 28.35796972816518 ], [ -81.436419643840409, 28.357969528039177 ], [ -81.436424434135787, 28.357969399392644 ], [ -81.43642917206023, 28.357969331702861 ], [ -81.436433847334612, 28.35796931587964 ], [ -81.436438452851021, 28.357969344483934 ], [ -81.436442984747501, 28.357969411891485 ], [ -81.436447442373023, 28.357969514397031 ], [ -81.436451828142879, 28.357969650256784 ], [ -81.436456147288752, 28.357969819668934 ], [ -81.436460407511476, 28.357970024693874 ], [ -81.436464618547731, 28.357970269118109 ], [ -81.436468791665334, 28.357970558267489 ], [ -81.436472939104164, 28.357970898777104 ], [ -81.436477073482024, 28.357971298326508 ], [ -81.436481207185665, 28.357971765350047 ], [ -81.436485351768823, 28.357972308732712 ], [ -81.436489517377765, 28.357972937502154 ], [ -81.436493712225271, 28.357973660527691 ], [ -81.436497942131467, 28.357974486236174 ], [ -81.436502210148703, 28.357975422354372 ], [ -81.436506516283856, 28.357976475685806 ], [ -81.436510857328983, 28.357977651928859 ], [ -81.436515226807202, 28.357978955541164 ], [ -81.436519615036701, 28.357980389653541 ], [ -81.436524009311967, 28.357981956034706 ], [ -81.436528394196898, 28.357983655106054 ], [ -81.436532751920851, 28.357985486003972 ], [ -81.436537062864844, 28.357987446685264 ], [ -81.436541306122294, 28.357989534069819 ], [ -81.436545460115241, 28.357991744213059 ], [ -81.436549503245899, 28.357994072500009 ], [ -81.436553414561246, 28.357996513851827 ], [ -81.436557174408009, 28.357999062935384 ], [ -81.436560765055916, 28.358001714366697 ], [ -81.436564171267165, 28.358004462899107 ], [ -81.436567380792823, 28.358007303588124 ], [ -81.43657038477798, 28.358010231925785 ], [ -81.436573178061778, 28.358013243938931 ], [ -81.43657575936065, 28.358016336247189 ], [ -81.436578131327934, 28.358019506078335 ], [ -81.436580300486455, 28.358022751240689 ], [ -81.436582277035427, 28.358026070053771 ], [ -81.436584074536967, 28.358029461240726 ], [ -81.436585709491453, 28.358032923787327 ], [ -81.436587200815154, 28.358036456774151 ], [ -81.436588569236363, 28.358040059189793 ], [ -81.436589836629281, 28.358043729733712 ], [ -81.436591025307166, 28.358047466618295 ], [ -81.43659215729727, 28.358051267379654 ], [ -81.436593253621098, 28.358055128706681 ], [ -81.436594333603281, 28.358059046297306 ], [ -81.436595414231363, 28.358063014749984 ], [ -81.436596509587204, 28.358067027497356 ], [ -81.436597630368368, 28.358071076787017 ], [ -81.436598783514981, 28.358075153713163 ], [ -81.436599971953839, 28.358079248300342 ], [ -81.436601194467954, 28.358083349638829 ], [ -81.436602445695499, 28.358087446068737 ], [ -81.436603716257864, 28.358091525408149 ], [ -81.436604993012352, 28.358095575218538 ], [ -81.43660625942114, 28.358099583098852 ], [ -81.436607496024038, 28.358103536998502 ], [ -81.436608680999683, 28.358107425538101 ], [ -81.436609790796822, 28.358111238326128 ], [ -81.43661080081516, 28.358114966259595 ], [ -81.436611686114063, 28.358118601796541 ], [ -81.436612422126132, 28.358122139189199 ], [ -81.436612985353577, 28.358125574667188 ], [ -81.436613354025269, 28.358128906562154 ], [ -81.436613508694521, 28.358132135366386 ], [ -81.43661343275933, 28.358135263720531 ], [ -81.436613112890086, 28.358138296327702 ], [ -81.436612539352609, 28.358141239793703 ], [ -81.436611706218031, 28.358144102395872 ], [ -81.436610611455293, 28.358146893785378 ], [ -81.436609256905385, 28.358149624630524 ], [ -81.436607648140935, 28.358152306210687 ], [ -81.436605794217982, 28.358154949972654 ], [ -81.436603707330903, 28.358157567062683 ], [ -81.436601402383758, 28.358160167848933 ], [ -81.436598896494388, 28.35816276144962 ], [ -81.436596208449473, 28.358165355282683 ], [ -81.436593358129628, 28.358167954652085 ], [ -81.436590365924999, 28.358170562385794 ], [ -81.436587252160706, 28.358173178538486 ], [ -81.436584036551608, 28.358175800170816 ], [ -81.436580737703878, 28.358178421214749 ], [ -81.43657737267884, 28.358181032431741 ], [ -81.436573956632202, 28.358183621468203 ], [ -81.436570502538686, 28.358186173009283 ], [ -81.436567021008671, 28.358188669029175 ], [ -81.436563520200224, 28.35819108913299 ], [ -81.43656000582618, 28.35819341098237 ], [ -81.436556481252552, 28.358195610794095 ], [ -81.436552947681264, 28.358197663898725 ], [ -81.436549404407458, 28.358199545343993 ], [ -81.436545849138469, 28.358201230526252 ], [ -81.436542278360491, 28.358202695832023 ], [ -81.436538687736686, 28.358203919271137 ], [ -81.436535072519874, 28.358204881083157 ], [ -81.43653142796299, 28.358205564299027 ], [ -81.436527749710621, 28.358205955241331 ], [ -81.436524034156065, 28.358206043947998 ], [ -81.436520278750137, 28.358205824506665 ], [ -81.436516482249814, 28.358205295289178 ], [ -81.436512644897647, 28.358204459078841 ], [ -81.436508768525442, 28.358203323086087 ], [ -81.436504856579148, 28.358201898851366 ], [ -81.436500914064794, 28.358200202037576 ], [ -81.436496947418476, 28.358198252117475 ], [ -81.436492964306751, 28.358196071964478 ], [ -81.436488973366096, 28.358193687358376 ], [ -81.436484983892683, 28.358191126419456 ], [ -81.43648100549602, 28.358188418987066 ], [ -81.436477047730577, 28.358185595959775 ], [ -81.436473119721427, 28.358182688615386 ], [ -81.4364692297994, 28.358179727929699 ], [ -81.4364653851611, 28.358176743912264 ], [ -81.436461591568715, 28.358173764977241 ], [ -81.436457853101956, 28.358170817365782 ], [ -81.436454171973651, 28.358167924634763 ], [ -81.436450548417369, 28.358165107224522 ], [ -81.436446980652647, 28.358162382115694 ], [ -81.436443464931102, 28.358159762582385 ], [ -81.436439995662738, 28.35815725804607 ], [ -81.436436565619132, 28.35815487403131 ], [ -81.436433166207408, 28.358152612221559 ], [ -81.43642978780538, 28.358150470610301 ], [ -81.436426420146788, 28.358148443740031 ], [ -81.43642305274274, 28.358146523019144 ], [ -81.43641967532453, 28.358144697104962 ], [ -81.436416278291631, 28.358142952339051 ], [ -81.436412853148667, 28.3581412732205 ], [ -81.436409392915266, 28.358139642901502 ], [ -81.436405892493426, 28.358138043689912 ], [ -81.436402348978746, 28.358136457543722 ], [ -81.436398761903618, 28.35813486654315 ], [ -81.436395133402755, 28.358133253327455 ], [ -81.436391468294559, 28.358131601485383 ], [ -81.436387774074447, 28.358129895889785 ], [ -81.436384060819705, 28.358128122969774 ], [ -81.436380341008359, 28.358126270915744 ], [ -81.436376629257907, 28.358124329815265 ], [ -81.436372941992644, 28.358122291720363 ], [ -81.436369297050632, 28.358120150649064 ], [ -81.436365713243973, 28.358117902526175 ], [ -81.436362209887463, 28.358115545070362 ], [ -81.436358806311986, 28.358113077636112 ], [ -81.436355521379468, 28.35811050102031 ], [ -81.436352373016604, 28.358107817244296 ], [ -81.436349377782946, 28.358105029322267 ], [ -81.43634655048902, 28.358102141027203 ], [ -81.436343903877045, 28.358099156664796 ], [ -81.436341448375444, 28.35809608086522 ], [ -81.436339191935232, 28.35809291840107 ], [ -81.436337139953324, 28.358089674038698 ], [ -81.43633529528519, 28.358086352428007 ], [ -81.436333658344836, 28.358082958034146 ], [ -81.436332227288545, 28.358079495112339 ], [ -81.436330998273931, 28.358075967725242 ], [ -81.436329965784594, 28.358072379799989 ], [ -81.436329123007283, 28.358068735220719 ], [ -81.436328462246877, 28.358065037950237 ], [ -81.436327975363184, 28.35806129217351 ], [ -81.436327654212533, 28.358057502454667 ], [ -81.436327491076881, 28.358053673898254 ], [ -81.436327479064062, 28.358049812305619 ], [ -81.43632761246316, 28.358045924317004 ], [ -81.436327887041401, 28.358042017530785 ], [ -81.436328300270418, 28.35803810059199 ], [ -81.436328851472879, 28.358034183243415 ], [ -81.436329541883367, 28.358030276334169 ], [ -81.436330374620212, 28.35802639178231 ], [ -81.436331354568892, 28.358022542489721 ], [ -81.43633248818071, 28.358018742209815 ], [ -81.436333783193561, 28.358015005370145 ], [ -81.436335248284877, 28.358011346854269 ], [ -81.436336892669388, 28.35800778174864 ], [ -81.436338725656398, 28.358004325062048 ], [ -81.436340756183256, 28.358000991426398 ], [ -81.436342992342546, 28.357997794788506 ], [ -81.436345440920945, 28.357994748103152 ], [ -81.436348106967685, 28.357991863038119 ], [ -81.436350993409491, 28.357989149701361 ], [ -81.436354100727499, 28.357986616400488 ], [ -81.436357426709364, 28.357984269443104 ], [ -81.436360966287438, 28.357982112986036 ], [ -81.436364711470759, 28.357980148939376 ], [ -81.436368651375034, 28.357978376929747 ], [ -81.436372772352016, 28.357976794325271 ], [ -81.436377058215001, 28.357975396322399 ], [ -81.436381490554595, 28.357974176093066 ], [ -81.436386049135265, 28.357973124988167 ], [ -81.43639071235981, 28.35797223279172 ], [ -81.436395457786887, 28.357971488018219 ], [ -81.436400262684117, 28.357970878244249 ] ] ] } },
{ "type": "Feature", "properties": { "id": 3, "area_ha": 0.62416982794193632 }, "geometry": { "type": "Polygon", "coordinates": [ [ [ -81.439857078303831, 28.357956151867803 ], [ -81.439877688114223, 28.357956098640692 ], [ -81.43989806735749, 28.357955720670144 ], [ -81.439918753016229, 28.357955206729336 ], [ -81.439940080084455, 28.357954756052276 ], [ -81.4399620537083, 28.357954510428229 ], [ -81.439984375652713, 28.357954515427142 ], [ -81.440006604122956, 28.357954715818046 ], [ -81.440028369223214, 28.357954984074528 ], [ -81.440049544077951, 28.357955172845404 ], [ -81.440070294433767, 28.357955174041841 ], [ -81.440090987409093, 28.357954962767668 ], [ -81.440112006379323, 28.357954607685294 ], [ -81.440133562717079, 28.357954241477284 ], [ -81.440155595435314, 28.357954002007641 ], [ -81.440177806380106, 28.357953969116249 ], [ -81.440199812240692, 28.357954126097091 ], [ -81.440221337430359, 28.357954365367505 ], [ -81.440242351889438, 28.357954537859076 ], [ -81.440263085175346, 28.357954524292484 ], [ -81.440283909721032, 28.35795429443251 ], [ -81.440305151622624, 28.357953924516181 ], [ -81.440326924134339, 28.35795356238377 ], [ -81.440349068412601, 28.357953355572057 ], [ -81.440371232663082, 28.357953377016454 ], [ -81.440393050969533, 28.357953585796576 ], [ -81.440414331775656, 28.357953844251288 ], [ -81.440435159586784, 28.357953985092447 ], [ -81.440455856089443, 28.357953896506192 ], [ -81.440476817881873, 28.357953582876441 ], [ -81.440498311790094, 28.357953169642503 ], [ -81.440520332537488, 28.357952848160654 ], [ -81.440542598117148, 28.357952786825475 ], [ -81.440564689194034, 28.357953052576029 ], [ -81.440586264516128, 28.35795358261133 ], [ -81.440607242703166, 28.357954221159964 ], [ -81.440627854429209, 28.357954802791383 ], [ -81.440648532839091, 28.357955239147753 ], [ -81.440669692996806, 28.357955563303687 ], [ -81.440691511168865, 28.357955907406421 ], [ -81.440713819825064, 28.357956424361802 ], [ -81.440736179308459, 28.357957194971355 ], [ -81.440758097770114, 28.357958171476479 ], [ -81.440779291698803, 28.357959190707803 ], [ -81.440799851757745, 28.357960053021017 ], [ -81.440820219864705, 28.357960625814496 ], [ -81.440840976307854, 28.357960913057873 ], [ -81.440862535476569, 28.357961046086121 ], [ -81.440884904501331, 28.357961191294255 ], [ -81.440907638938839, 28.357961418072161 ], [ -81.440930038228785, 28.357961600423131 ], [ -81.440951501987172, 28.357961420095886 ], [ -81.440971875450998, 28.357960496364793 ], [ -81.440991597642693, 28.357958605356462 ], [ -81.441011543201327, 28.357955899239926 ], [ -81.441032588323537, 28.357953019900851 ], [ -81.441055070522921, 28.357951034549977 ], [ -81.44107838429602, 28.357951191245739 ], [ -81.441100920840711, 28.357954570879407 ], [ -81.441120427583726, 28.357961763226715 ], [ -81.441134686314456, 28.357972693252453 ], [ -81.441142264166217, 28.35798666784288 ], [ -81.441143045200718, 28.358002625241113 ], [ -81.441138326054059, 28.358019487604516 ], [ -81.441130427625183, 28.358036477413567 ], [ -81.441121965474707, 28.358053278612676 ], [ -81.441115053554569, 28.358069994172382 ], [ -81.441110733826704, 28.358086941117961 ], [ -81.441108822906784, 28.358104391565785 ], [ -81.441108192426512, 28.358122383854777 ], [ -81.441107328911841, 28.358140685586751 ], [ -81.441104923797965, 28.358158911311449 ], [ -81.441100260716311, 28.358176719705654 ], [ -81.441093280560636, 28.358193975542335 ], [ -81.441084358291448, 28.35821077936707 ], [ -81.441073947797946, 28.358227334302267 ], [ -81.441062289857342, 28.358243703244764 ], [ -81.441049322428114, 28.358259570913383 ], [ -81.441034815739229, 28.358274134012127 ], [ -81.441018636843594, 28.35828619365223 ], [ -81.441000986266047, 28.35829443836715 ], [ -81.440982469945752, 28.358297821807781 ], [ -81.440963958416305, 28.358295894222856 ], [ -81.440946295200007, 28.35828896116152 ], [ -81.440929992451544, 28.358278010078344 ], [ -81.440915057509287, 28.35826443619187 ], [ -81.440901028634386, 28.358249674171564 ], [ -81.440887196232012, 28.358234871220887 ], [ -81.440872898623454, 28.358220710369093 ], [ -81.440857751584005, 28.358207425110571 ], [ -81.440841711456017, 28.358194969162408 ], [ -81.440824960516693, 28.358183250875559 ], [ -81.440807694721812, 28.358172330650898 ], [ -81.440789941838659, 28.358162510960277 ], [ -81.440771518656987, 28.358154303361061 ], [ -81.440752159690277, 28.358148308431648 ], [ -81.440731755322219, 28.358145071166405 ], [ -81.44071057260723, 28.358144968829563 ], [ -81.440689330208173, 28.358148159345681 ], [ -81.440669062594807, 28.358154584472125 ], [ -81.440650807861232, 28.358164001062494 ], [ -81.440635240914048, 28.358176013884847 ], [ -81.440622407150002, 28.35819010015555 ], [ -81.440611674356646, 28.35820563572954 ], [ -81.440601929016822, 28.358221941701743 ], [ -81.440591939298315, 28.358238361532706 ], [ -81.440580737917543, 28.358254357389306 ], [ -81.440567874237232, 28.358269593297848 ], [ -81.440553446416175, 28.358283966019908 ], [ -81.440537921598221, 28.358297559204633 ], [ -81.440521840399725, 28.358310527742454 ], [ -81.440505542711946, 28.35832295296284 ], [ -81.440489029853296, 28.358334728289847 ], [ -81.440472007361095, 28.35834552815562 ], [ -81.440454068374692, 28.358354881357386 ], [ -81.440434918617882, 28.35836232670297 ], [ -81.440414535056405, 28.358367592929149 ], [ -81.440393191249257, 28.358370732768552 ], [ -81.44037135013788, 28.35837215830168 ], [ -81.440349485899603, 28.358372563713633 ], [ -81.440327922879618, 28.358372765076716 ], [ -81.440306762340981, 28.358373516165749 ], [ -81.440285919008787, 28.358375363046544 ], [ -81.440265235148942, 28.358378578692005 ], [ -81.440244606540546, 28.358383183605028 ], [ -81.440224056201401, 28.358389025774539 ], [ -81.440203724116543, 28.358395876738648 ], [ -81.440183785956009, 28.35840350474653 ], [ -81.440164347982943, 28.35841170568953 ], [ -81.440145373354312, 28.358420296038958 ], [ -81.440126675320286, 28.358429087990945 ], [ -81.440107977618766, 28.35843786952605 ], [ -81.440089010267698, 28.358446402982146 ], [ -81.440069595277393, 28.3584544423808 ], [ -81.440049686258504, 28.35846176023173 ], [ -81.440029351347874, 28.358468173104686 ], [ -81.440008716080001, 28.358473560447745 ], [ -81.439987898375833, 28.358477877527555 ], [ -81.439966965756824, 28.358481165594938 ], [ -81.439945928899832, 28.358483558849553 ], [ -81.439924765924857, 28.358485281793858 ], [ -81.43990345889253, 28.358486628092393 ], [ -81.439882023094626, 28.35848791743285 ], [ -81.439860518633424, 28.358489439222652 ], [ -81.439839045191462, 28.358491404563985 ], [ -81.439817727419097, 28.358493931677042 ], [ -81.439796697204457, 28.358497078768515 ], [ -81.439776073413171, 28.358500914149445 ], [ -81.439755936090734, 28.358505586818012 ], [ -81.439736295733155, 28.358511346845297 ], [ -81.439717068552255, 28.358518475572893 ], [ -81.439698078936615, 28.358527121971118 ], [ -81.439679111135106, 28.358537090988492 ], [ -81.4396600175629, 28.358547670059327 ], [ -81.4396408634518, 28.358557588781057 ], [ -81.439622058384955, 28.358565173012874 ], [ -81.439604410630977, 28.358568685751226 ], [ -81.439589052556926, 28.358566768351164 ], [ -81.439577225950217, 28.358558840487756 ], [ -81.439569971940983, 28.358545312885454 ], [ -81.439567818512842, 28.358527521034116 ], [ -81.439570576181993, 28.358507383799207 ], [ -81.439577326974799, 28.358486891687342 ], [ -81.43958662888663, 28.358467594597812 ], [ -81.439596880225935, 28.35845026022271 ], [ -81.439606726647497, 28.358434809609292 ], [ -81.439615374382839, 28.358420531081503 ], [ -81.439622705736596, 28.35840647037487 ], [ -81.439629165534669, 28.358391835374757 ], [ -81.439635471302097, 28.358376261446679 ], [ -81.439642262139813, 28.358359852578481 ], [ -81.439649817502968, 28.358343013025333 ], [ -81.439657942572126, 28.358326170525309 ], [ -81.439666047601747, 28.358309529250317 ], [ -81.439673373741186, 28.358292965039578 ], [ -81.439679267048987, 28.358276101655033 ], [ -81.439683393653894, 28.358258519961172 ], [ -81.43968582187361, 28.358239991567256 ], [ -81.439686954695119, 28.358220620680651 ], [ -81.439687353484217, 28.358200824223299 ], [ -81.43968752929699, 28.358181157797176 ], [ -81.439687781310269, 28.358162067726848 ], [ -81.439688136197702, 28.358143684435085 ], [ -81.439688401493228, 28.35812575498943 ], [ -81.439688306769128, 28.358107751766681 ], [ -81.439687681335982, 28.358089117644891 ], [ -81.43968661086835, 28.358069549539252 ], [ -81.439685525373335, 28.358049205836441 ], [ -81.439685191027351, 28.358028754449251 ], [ -81.439686602441327, 28.35800924159339 ], [ -81.439690795629659, 28.357991829341998 ], [ -81.439698622491335, 28.357977495145157 ], [ -81.439710541719975, 28.357966793145927 ], [ -81.439726484226782, 28.357959746713085 ], [ -81.43974583890413, 28.357955890157225 ], [ -81.439767575662373, 28.357954427252679 ], [ -81.43979048232093, 28.357954443271076 ], [ -81.439813452263763, 28.357955103335119 ], [ -81.439835736394755, 28.357955788689004 ], [ -81.439857078303831, 28.357956151867803 ] ] ] } },
{ "type": "Feature", "properties": { "id": 4, "area_ha": 0.023350647099269824 }, "geometry": { "type": "Polygon", "coordinates": [ [ [ -81.435684994125964, 28.358478902368169 ], [ -81.435686909144763, 28.358481178707102 ], [ -81.435688778312894, 28.358483607404555 ], [ -81.435690618645694, 28.358486155430665 ], [ -81.435692448404211, 28.358488790142282 ], [ -81.435694286329877, 28.358491480028487 ], [ -81.435696150886329, 28.358494195412124 ], [ -81.435698059535738, 28.358496909087826 ], [ -81.435700028075047, 28.35849959687911 ], [ -81.43570207005493, 28.358502238099486 ], [ -81.435704196301032, 28.358504815905633 ], [ -81.435706414552897, 28.358507317534187 ], [ -81.435708729231223, 28.358509734416891 ], [ -81.435711141339439, 28.358512062173183 ], [ -81.435713648500553, 28.358514300482476 ], [ -81.435716245124723, 28.35851645284238 ], [ -81.435718922698854, 28.358518526222451 ], [ -81.435721670184577, 28.358520530626031 ], [ -81.435724474507097, 28.358522478575537 ], [ -81.435727321114697, 28.358524384538619 ], [ -81.43573019458546, 28.358526264314289 ], [ -81.43573307925719, 28.358528134398941 ], [ -81.435735959854981, 28.358530011352649 ], [ -81.435738822092091, 28.358531911185647 ], [ -81.435741653220305, 28.358533848784173 ], [ -81.435744442508778, 28.35853583739301 ], [ -81.435747181632721, 28.358537888170243 ], [ -81.435749864957344, 28.358540009827017 ], [ -81.435752489706289, 28.358542208362273 ], [ -81.43575505600846, 28.358544486899138 ], [ -81.435757566822019, 28.358546845626361 ], [ -81.435760027738652, 28.35854928184466 ], [ -81.435762446676179, 28.358551790114586 ], [ -81.435764833471936, 28.358554362499007 ], [ -81.435767199392672, 28.358556988890843 ], [ -81.435769556580439, 28.358559657413462 ], [ -81.435771917456208, 28.358562354879506 ], [ -81.435774294104263, 28.358565067291902 ], [ -81.435776697661865, 28.358567780369778 ], [ -81.435779137737711, 28.358570480081514 ], [ -81.435781621882185, 28.358573153167079 ], [ -81.435784155130392, 28.358575787632443 ], [ -81.435786739635915, 28.358578373200004 ], [ -81.435789374410362, 28.358580901700549 ], [ -81.435792055179149, 28.35858336739447 ], [ -81.435794774360261, 28.358585767212265 ], [ -81.435797521167586, 28.358588100907081 ], [ -81.43580028183618, 28.358590371115046 ], [ -81.435803039961527, 28.358592583322146 ], [ -81.435805776941464, 28.358594745739023 ], [ -81.435808472504888, 28.358596869088551 ], [ -81.435811105308005, 28.358598966313057 ], [ -81.435813653576986, 28.358601052210947 ], [ -81.435816095773134, 28.358603143014154 ], [ -81.435818411256662, 28.358605255919727 ], [ -81.435820580924243, 28.358607408589833 ], [ -81.435822587797333, 28.358609618635136 ], [ -81.43582441753901, 28.358611903096978 ], [ -81.435826058880679, 28.358614277943012 ], [ -81.435827503942448, 28.358616757590745 ], [ -81.435828748435213, 28.358619354471632 ], [ -81.435829791737049, 28.358622078647496 ], [ -81.435830636840606, 28.358624937488582 ], [ -81.435831290173624, 28.358627935420827 ], [ -81.435831761298843, 28.358631073747553 ], [ -81.435832062504403, 28.358634350548371 ], [ -81.435832208299843, 28.35863776065575 ], [ -81.435832214836282, 28.358641295707656 ], [ -81.43583209927246, 28.358644944272214 ], [ -81.435831879109969, 28.358648692038599 ], [ -81.43583157152284, 28.358652522066794 ], [ -81.435831192706331, 28.358656415087374 ], [ -81.435830757269457, 28.358660349841664 ], [ -81.435830277694308, 28.358664303451864 ], [ -81.435829763882481, 28.35866825181057 ], [ -81.435829222806177, 28.358672169979315 ], [ -81.435828658277302, 28.358676032585969 ], [ -81.435828070843641, 28.358679814211893 ], [ -81.435827457816856, 28.35868348976058 ], [ -81.435826813431376, 28.358687034800671 ], [ -81.435826129129069, 28.358690425877985 ], [ -81.435825393959277, 28.358693640792087 ], [ -81.435824595079865, 28.358696658834983 ], [ -81.435823718340515, 28.358699460990618 ], [ -81.435822748926853, 28.358702030095387 ], [ -81.435821672041001, 28.358704350961052 ], [ -81.435820473592969, 28.358706410462528 ], [ -81.435819140876347, 28.358708197593849 ], [ -81.435817663202499, 28.358709703496171 ], [ -81.435816032468239, 28.358710921462048 ], [ -81.435814243634681, 28.358711846920368 ], [ -81.435812295097733, 28.358712477406009 ], [ -81.43581018893461, 28.358712812518245 ], [ -81.435807931015177, 28.358712853870927 ], [ -81.435805530971791, 28.358712605037226 ], [ -81.435803002026404, 28.358712071490558 ], [ -81.435800360679224, 28.358711260542663 ], [ -81.435797626267842, 28.358710181278855 ], [ -81.435794820411104, 28.358708844489598 ], [ -81.435791966356277, 28.358707262596898 ], [ -81.435789088251568, 28.358705449573407 ], [ -81.435786210369415, 28.358703420851494 ], [ -81.435783356308008, 28.358701193219677 ], [ -81.435780548199261, 28.358698784703375 ], [ -81.435777805952313, 28.358696214427336 ], [ -81.43577514656009, 28.358693502457733 ], [ -81.435772583494909, 28.358690669621982 ], [ -81.435770126216113, 28.358687737305754 ], [ -81.435767779809069, 28.358684727227352 ], [ -81.435765544770518, 28.358681661190534 ], [ -81.435763416949996, 28.358678560818525 ], [ -81.435761387652036, 28.358675447272514 ], [ -81.435759443897837, 28.3586723409596 ], [ -81.435757568839648, 28.358669261235818 ], [ -81.435755742315692, 28.358666226110945 ], [ -81.435753941528333, 28.358663251962465 ], [ -81.435752141823542, 28.358660353266384 ], [ -81.435750317546123, 28.358657542353118 ], [ -81.435748442942298, 28.35865482919608 ], [ -81.435746493078838, 28.358652221240678 ], [ -81.435744444747655, 28.358649723280319 ], [ -81.435742277324593, 28.358647337385317 ], [ -81.435739973552231, 28.358645062889114 ], [ -81.435737520219618, 28.358642896434809 ], [ -81.435734908714096, 28.35864083208325 ], [ -81.435732135425582, 28.35863886148206 ], [ -81.435729201987755, 28.358636974093304 ], [ -81.435726115346739, 28.358635157475174 ], [ -81.435722887653114, 28.358633397611609 ], [ -81.435719535979644, 28.358631679281853 ], [ -81.435716081872755, 28.358629986460475 ], [ -81.435712550751504, 28.358628302737134 ], [ -81.435708971173483, 28.358626611744501 ], [ -81.435705373991311, 28.358624897581993 ], [ -81.435701791427448, 28.358623145223042 ], [ -81.435698256098036, 28.358621340893656 ], [ -81.435694800018382, 28.358619472410687 ], [ -81.435691453623321, 28.358617529469434 ], [ -81.435688244835603, 28.358615503871448 ], [ -81.435685198213761, 28.358613389685232 ], [ -81.435682334208622, 28.358611183334617 ], [ -81.435679668553618, 28.358608883611986 ], [ -81.435677211810116, 28.358606491615532 ], [ -81.435674969083365, 28.358604010612879 ], [ -81.435672939919428, 28.358601445835269 ], [ -81.435671118386637, 28.35859880420935 ], [ -81.435669493339759, 28.358596094035555 ], [ -81.43566804885802, 28.358593324624032 ], [ -81.435666764842878, 28.358590505900885 ], [ -81.435665617755674, 28.358587647998384 ], [ -81.435664581470547, 28.358584760843776 ], [ -81.435663628214229, 28.35858185376156 ], [ -81.435662729561031, 28.35857893510374 ], [ -81.435661857450029, 28.358576011922032 ], [ -81.435660985189784, 28.358573089694492 ], [ -81.435660088417436, 28.358570172117751 ], [ -81.435659145979344, 28.358567260973437 ], [ -81.435658140704206, 28.358564356075398 ], [ -81.435657060042416, 28.358561455301377 ], [ -81.435655896550216, 28.358558554709891 ], [ -81.435654648202586, 28.358555648740293 ], [ -81.435653318524331, 28.358552730490874 ], [ -81.435651916535136, 28.358549792066952 ], [ -81.435650456510373, 28.358546824988565 ], [ -81.43564895756613, 28.358543820644808 ], [ -81.435647443082047, 28.358540770779907 ], [ -81.435645939981882, 28.358537667994987 ], [ -81.435644477895593, 28.358534506248045 ], [ -81.435643088230989, 28.358531281334685 ], [ -81.435641803186257, 28.358527991332203 ], [ -81.435640654735849, 28.35852463699031 ], [ -81.435639673623456, 28.358521222053291 ], [ -81.435638888395218, 28.358517753500141 ], [ -81.435638324505049, 28.358514241691779 ], [ -81.435638003520694, 28.358510700416872 ], [ -81.435637942456594, 28.358507146831393 ], [ -81.435638153254217, 28.358503601289772 ], [ -81.43563864242617, 28.358500087069515 ], [ -81.43563941087443, 28.358496629994185 ], [ -81.435640453887018, 28.358493257963129 ], [ -81.435641761311913, 28.358490000399655 ], [ -81.435643317900471, 28.358486887631727 ], [ -81.435645103807332, 28.358483950222148 ], [ -81.435647095228632, 28.358481218266736 ], [ -81.435649265155703, 28.358478720680495 ], [ -81.435651584218064, 28.358476484492353 ], [ -81.435654021586473, 28.358474534169435 ], [ -81.435656545905374, 28.358472890990811 ], [ -81.435659126223342, 28.358471572489794 ], [ -81.435661732890566, 28.358470591981938 ], [ -81.435664338394076, 28.358469958193435 ], [ -81.43566691810382, 28.358469675001789 ], [ -81.435669450906119, 28.35846974129754 ], [ -81.435671919705342, 28.358470150971986 ], [ -81.43567431177938, 28.358470893032333 ], [ -81.43567661897977, 28.358471951842009 ], [ -81.435678837772841, 28.35847330747967 ], [ -81.435680969123879, 28.358474936207564 ], [ -81.435683018231686, 28.358476811035988 ], [ -81.435684994125964, 28.358478902368169 ] ] ] } },
{ "type": "Feature", "properties": { "id": 5, "area_ha": 0.12059224252743111 }, "geometry": { "type": "Polygon", "coordinates": [ [ [ -81.438637127108976, 28.358410319558281 ], [ -81.438642118751446, 28.358413598774003 ], [ -81.438646028703573, 28.358417265397684 ], [ -81.438648727864631, 28.358421202438524 ], [ -81.438650115439103, 28.358425295142208 ], [ -81.4386501264228, 28.358429437701965 ], [ -81.438648737811377, 28.358433539160533 ], [ -81.438645973056325, 28.358437528166892 ], [ -81.438641904375118, 28.358441356333582 ], [ -81.438636652635992, 28.358445000036671 ], [ -81.438630384675093, 28.358448460603572 ], [ -81.438623308058013, 28.358451762937854 ], [ -81.438615663456872, 28.358454952727428 ], [ -81.438607714969976, 28.358458092466496 ], [ -81.438599738849362, 28.358461256587791 ], [ -81.438592011215846, 28.358464526046173 ], [ -81.438584795420979, 28.358467982714014 ], [ -81.43857832975452, 28.35847170394522 ], [ -81.43857281619222, 28.358475757636334 ], [ -81.438568410830598, 28.358480198065894 ], [ -81.438565216564314, 28.358485062728597 ], [ -81.438563278436419, 28.358490370306217 ], [ -81.438562581935969, 28.358496119836538 ], [ -81.438563054344129, 28.358502291062106 ], [ -81.438564569050087, 28.35850884586656 ], [ -81.438566952580999, 28.358515730643614 ], [ -81.43856999393185, 28.358522879395252 ], [ -81.438573455647472, 28.358530217324677 ], [ -81.438577086011477, 28.358537664676227 ], [ -81.438580631641003, 28.358545140579597 ], [ -81.438583849774673, 28.358552566676583 ], [ -81.438586519574756, 28.358559870343246 ], [ -81.438588451840687, 28.358566987364924 ], [ -81.438589496642933, 28.358573863971646 ], [ -81.438589548527176, 28.358580458193313 ], [ -81.438588549097474, 28.358586740543085 ], [ -81.438586486953611, 28.358592694080134 ], [ -81.438583395120119, 28.358598313936525 ], [ -81.438579346252226, 28.358603606415912 ], [ -81.438574446027403, 28.358608587782459 ], [ -81.438568825222802, 28.358613282857817 ], [ -81.438562631033619, 28.35861772353341 ], [ -81.438556018202732, 28.358621947286185 ], [ -81.438549140508599, 28.358625995761873 ], [ -81.438542143099198, 28.358629913463034 ], [ -81.43853515607104, 28.358633746553522 ], [ -81.438528289580717, 28.358637541768282 ], [ -81.438521630651991, 28.35864134540099 ], [ -81.43851524171339, 28.358645202332816 ], [ -81.438509160778679, 28.358649155064491 ], [ -81.438503403074591, 28.358653242720308 ], [ -81.438497963834791, 28.358657500007222 ], [ -81.438492821919326, 28.3586619561299 ], [ -81.438487943890948, 28.358666633685157 ], [ -81.438483288181118, 28.358671547580265 ], [ -81.438478809009595, 28.358676704039016 ], [ -81.438474459776955, 28.358682099772999 ], [ -81.43847019572442, 28.358687721402518 ], [ -81.438465975741295, 28.358693545209292 ], [ -81.438461763291286, 28.358699537292026 ], [ -81.438457526515094, 28.358705654175917 ], [ -81.43845323764296, 28.358711843899464 ], [ -81.438448871909102, 28.358718047568487 ], [ -81.438444406197334, 28.358724201331405 ], [ -81.438439817660679, 28.358730238693557 ], [ -81.438435082547102, 28.358736093055832 ], [ -81.438430175430312, 28.358741700337109 ], [ -81.438425068993027, 28.358747001523042 ], [ -81.438419734444807, 28.35875194497849 ], [ -81.438414142583824, 28.358756488367764 ], [ -81.438408265439364, 28.358760600046725 ], [ -81.438402078364632, 28.358764259821662 ], [ -81.438395562395456, 28.358767459010998 ], [ -81.438388706652731, 28.358770199793859 ], [ -81.438381510550187, 28.358772493880288 ], [ -81.438373985574344, 28.358774360588985 ], [ -81.438366156430604, 28.358775824464121 ], [ -81.438358061396471, 28.358776912600636 ], [ -81.438349751784301, 28.35877765187325 ], [ -81.438341290489177, 28.358778066276571 ], [ -81.438332749672881, 28.358778174579861 ], [ -81.43832420770913, 28.358777988481091 ], [ -81.438315745580013, 28.35877751141081 ], [ -81.438307442963563, 28.358776738090285 ], [ -81.438299374283744, 28.358775654892735 ], [ -81.438291605004409, 28.358774240995984 ], [ -81.438284188434451, 28.358772470253452 ], [ -81.438277163277547, 28.35877031365337 ], [ -81.43827055210528, 28.358767742187663 ], [ -81.438264360863414, 28.358764729915361 ], [ -81.438258579443357, 28.358761256985442 ], [ -81.438253183269723, 28.358757312380416 ], [ -81.438248135777314, 28.35875289615689 ], [ -81.438243391584194, 28.358748020991744 ], [ -81.438238900115152, 28.358742712889331 ], [ -81.438234609398464, 28.358737010964671 ], [ -81.438230469748675, 28.358730966284067 ], [ -81.438226437062283, 28.358724639814106 ], [ -81.438222475487962, 28.358718099596977 ], [ -81.438218559288174, 28.358711417329744 ], [ -81.438214673777679, 28.358704664572624 ], [ -81.438210815302497, 28.358697908843066 ], [ -81.438206990303101, 28.358691209866603 ], [ -81.438203213581446, 28.358684616248837 ], [ -81.438199505957101, 28.358678162808591 ], [ -81.438195891547025, 28.358671868769346 ], [ -81.438192394932315, 28.358665736948925 ], [ -81.438189038482932, 28.358659754019971 ], [ -81.438185840093709, 28.358653891840106 ], [ -81.438182811547776, 28.35864810977731 ], [ -81.438179957665554, 28.358642357887049 ], [ -81.438177276327337, 28.358636580738967 ], [ -81.43817475937783, 28.358630721646012 ], [ -81.438172394340953, 28.358624727021454 ], [ -81.438170166797732, 28.358618550580527 ], [ -81.438168063216722, 28.358612157114916 ], [ -81.438166073980014, 28.358605525597493 ], [ -81.438164196322205, 28.358598651421193 ], [ -81.438162436898708, 28.35859154763429 ], [ -81.438160813721481, 28.358584245101738 ], [ -81.438159357245254, 28.358576791592856 ], [ -81.438158110451667, 28.3585692498648 ], [ -81.438157127856172, 28.358561694873927 ], [ -81.438156473449467, 28.358554210299211 ], [ -81.438156217672216, 28.358546884599658 ], [ -81.438156433603353, 28.358539806849379 ], [ -81.438157192611243, 28.358533062598053 ], [ -81.438158559768112, 28.358526729991812 ], [ -81.438160589356116, 28.358520876361826 ], [ -81.438163320796846, 28.358515555446616 ], [ -81.438166775314016, 28.35851080536527 ], [ -81.438170953592547, 28.358506647403505 ], [ -81.438175834629845, 28.358503085619883 ], [ -81.438181375892256, 28.358500107228039 ], [ -81.438187514797065, 28.358497683666801 ], [ -81.438194171445076, 28.358495772236413 ], [ -81.43820125243883, 28.358494318157877 ], [ -81.438208655542653, 28.358493256903987 ], [ -81.438216274879508, 28.358492516655456 ], [ -81.438224006321533, 28.358492020751147 ], [ -81.438231752716973, 28.358491690026643 ], [ -81.438239428609705, 28.358491444965949 ], [ -81.438246964144653, 28.358491207624571 ], [ -81.438254307913326, 28.358490903314461 ], [ -81.438261428570414, 28.35849046206885 ], [ -81.438268315141613, 28.35848981992595 ], [ -81.438274976036752, 28.358488920081491 ], [ -81.438281436872742, 28.358487713961694 ], [ -81.438287737293123, 28.358486162259261 ], [ -81.438293927037023, 28.358484235957128 ], [ -81.438300061556603, 28.358481917340487 ], [ -81.438306197504915, 28.358479200968439 ], [ -81.438312388414403, 28.358476094548354 ], [ -81.438318680860533, 28.358472619629033 ], [ -81.438325111358324, 28.358468812010191 ], [ -81.438331704175411, 28.358464721754864 ], [ -81.4383384701691, 28.3584604126935 ], [ -81.438345406674301, 28.358455961322729 ], [ -81.438352498388284, 28.358451455029336 ], [ -81.438359719126382, 28.358446989608797 ], [ -81.438367034262484, 28.358442666096408 ], [ -81.438374403626213, 28.358438586983347 ], [ -81.438381784606875, 28.358434851945528 ], [ -81.438389135213228, 28.358431553267092 ], [ -81.438396416858694, 28.358428771184908 ], [ -81.438403596678953, 28.358426569414384 ], [ -81.43841064924203, 28.358424991134058 ], [ -81.438417557572237, 28.358424055705523 ], [ -81.438424313473774, 28.35842375638402 ], [ -81.438430917203391, 28.358424059234334 ], [ -81.438437376594806, 28.358424903407279 ], [ -81.438443705779918, 28.358426202857782 ], [ -81.438449923677254, 28.358427849500675 ], [ -81.438456052424613, 28.358429717709765 ], [ -81.438462115922334, 28.358431669976571 ], [ -81.438468138624529, 28.358433563462857 ], [ -81.438474144673719, 28.358435257111964 ], [ -81.438480157422376, 28.358436618933986 ], [ -81.438486199328409, 28.358437533052253 ], [ -81.438492292157775, 28.358437906097169 ], [ -81.43849845737914, 28.358437672558278 ], [ -81.438504716601386, 28.358436798756834 ], [ -81.438511091885729, 28.358435285175247 ], [ -81.43851760576473, 28.358433166973214 ], [ -81.438524280820701, 28.358430512626878 ], [ -81.438531138715305, 28.358427420740291 ], [ -81.438538198616854, 28.35842401519044 ], [ -81.438545475038822, 28.358420438870642 ], [ -81.43855297517527, 28.358416846385222 ], [ -81.438560695890573, 28.358413396115324 ], [ -81.438568620584988, 28.358410242116182 ], [ -81.438576716207592, 28.35840752631789 ], [ -81.438584930717795, 28.358405371483762 ], [ -81.438593191303426, 28.358403875332986 ], [ -81.43860140364238, 28.358403106161571 ], [ -81.438609452448034, 28.35840310020173 ], [ -81.438617203466777, 28.358403860850835 ], [ -81.438624507002956, 28.358405359784914 ], [ -81.438631202939703, 28.358407539855296 ], [ -81.438637127108976, 28.358410319558281 ] ] ] } },
{ "type": "Feature", "properties": { "id": 6, "area_ha": 0.019240835907876945 }, "geometry": { "type": "Polygon", "coordinates": [ [ [ -81.442236423439695, 28.358868803521901 ], [ -81.442239117137504, 28.358867989089521 ], [ -81.442241788116391, 28.358867251619305 ], [ -81.442244428020061, 28.358866607367542 ], [ -81.442247028986131, 28.358866072377879 ], [ -81.44224958384531, 28.358865661957516 ], [ -81.442252086325666, 28.358865390165594 ], [ -81.442254531254548, 28.358865269330543 ], [ -81.442256914749976, 28.35886530961233 ], [ -81.442259234393163, 28.358865518623951 ], [ -81.442261489373664, 28.358865901125238 ], [ -81.442263680599211, 28.358866458799287 ], [ -81.44226581076272, 28.358867190119433 ], [ -81.44226788436039, 28.358868090311955 ], [ -81.442269907655557, 28.3588691514163 ], [ -81.442271888585367, 28.358870362441866 ], [ -81.442273836608337, 28.358871709617016 ], [ -81.442275762493381, 28.35887317672309 ], [ -81.44227767805306, 28.358874745503535 ], [ -81.442279595825354, 28.358876396135763 ], [ -81.442281528711021, 28.358878107751273 ], [ -81.442283489574962, 28.358879858988214 ], [ -81.442285490822186, 28.358881628559271 ], [ -81.442287543959992, 28.3588833958176 ], [ -81.442289659159641, 28.358885141303261 ], [ -81.44229184483082, 28.358886847253547 ], [ -81.442294107223177, 28.358888498061731 ], [ -81.442296450068596, 28.35889008067025 ], [ -81.442298874277355, 28.358891584886923 ], [ -81.442301377700261, 28.35889300361475 ], [ -81.442303954967244, 28.358894332989198 ], [ -81.44230659741099, 28.358895572419335 ], [ -81.442309293081891, 28.358896724532816 ], [ -81.442312026857806, 28.358897795027239 ], [ -81.442314780649681, 28.358898792433802 ], [ -81.442317533700773, 28.358899727801532 ], [ -81.442320262974533, 28.358900614313239 ], [ -81.442322943623054, 28.35890146684606 ], [ -81.442325549525634, 28.35890230149106 ], [ -81.442328053884083, 28.358903135047932 ], [ -81.442330429859467, 28.358903984510714 ], [ -81.442332651233428, 28.358904866561147 ], [ -81.442334693075736, 28.358905797085384 ], [ -81.442336532399167, 28.358906790728827 ], [ -81.442338148782511, 28.358907860502477 ], [ -81.442339524943421, 28.358909017452131 ], [ -81.442340647243171, 28.358910270399537 ], [ -81.442341506107724, 28.358911625761941 ], [ -81.442342096351098, 28.358913087453974 ], [ -81.442342417389952, 28.358914656872734 ], [ -81.442342473341128, 28.358916332964128 ], [ -81.442342272997138, 28.358918112366087 ], [ -81.442341829678426, 28.358919989621377 ], [ -81.442341160964304, 28.358921957450747 ], [ -81.442340288308287, 28.358924007075213 ], [ -81.442339236547383, 28.358926128574804 ], [ -81.442338033317213, 28.358928311270081 ], [ -81.442336708388652, 28.358930544112273 ], [ -81.44233529294354, 28.358932816067856 ], [ -81.442333818809047, 28.358935116483877 ], [ -81.442332317671912, 28.358937435421407 ], [ -81.442330820294103, 28.358939763945578 ], [ -81.442329355751824, 28.358942094363027 ], [ -81.442327950719161, 28.358944420398956 ], [ -81.442326628816232, 28.358946737308901 ], [ -81.442325410040411, 28.358949041922628 ], [ -81.442324310296073, 28.35895133261981 ], [ -81.442323341036087, 28.358953609240132 ], [ -81.442322509024834, 28.358955872932476 ], [ -81.442321816228684, 28.358958125950206 ], [ -81.442321259836717, 28.358960371401331 ], [ -81.442320832410005, 28.358962612963992 ], [ -81.442320522154702, 28.358964854578904 ], [ -81.442320313309878, 28.358967100130869 ], [ -81.442320186638383, 28.358969353132071 ], [ -81.442320120005647, 28.358971616419385 ], [ -81.442320089029053, 28.358973891877465 ], [ -81.44232006777851, 28.358976180198237 ], [ -81.442320029507599, 28.358978480686016 ], [ -81.442319947393884, 28.358980791115663 ], [ -81.44231979526711, 28.358983107649195 ], [ -81.442319548304425, 28.358985424814115 ], [ -81.442319183673163, 28.358987735544318 ], [ -81.442318681103572, 28.358990031282321 ], [ -81.442318023376131, 28.358992302138976 ], [ -81.442317196710945, 28.358994537105247 ], [ -81.44231619104994, 28.358996724308152 ], [ -81.442315000225861, 28.358998851302047 ], [ -81.442313622015732, 28.359000905384569 ], [ -81.442312058079878, 28.35900287392635 ], [ -81.442310313791253, 28.359004744702577 ], [ -81.442308397962904, 28.359006506214946 ], [ -81.442306322484484, 28.359008147992785 ], [ -81.442304101881504, 28.359009660862892 ], [ -81.442301752812455, 28.359011037179005 ], [ -81.442299293521657, 28.359012271003252 ], [ -81.442296743265388, 28.359013358233589 ], [ -81.442294121730242, 28.359014296673564 ], [ -81.442291448462242, 28.35901508604244 ], [ -81.442288742323939, 28.35901572792616 ], [ -81.442286020996193, 28.359016225671638 ], [ -81.442283300538918, 28.359016584228844 ], [ -81.442280595023092, 28.359016809947011 ], [ -81.442277916243455, 28.359016910332873 ], [ -81.442275273518916, 28.35901689378003 ], [ -81.4422726735841, 28.359016769279574 ], [ -81.44227012057263, 28.35901654612239 ], [ -81.442267616089907, 28.359016233604095 ], [ -81.442265159369882, 28.359015840742824 ], [ -81.442262747507783, 28.359015376019791 ], [ -81.442260375758636, 28.359014847151403 ], [ -81.442258037889047, 28.359014260900345 ], [ -81.442255726568817, 28.359013622931496 ], [ -81.442253433787286, 28.359012937716827 ], [ -81.442251151279564, 28.359012208491365 ], [ -81.442248870947139, 28.359011437260403 ], [ -81.442246585258644, 28.359010624856143 ], [ -81.44224428761693, 28.359009771040146 ], [ -81.442241972680563, 28.359008874646058 ], [ -81.442239636629751, 28.35900793375589 ], [ -81.442237277368193, 28.359006945901619 ], [ -81.442234894656039, 28.359005908283141 ], [ -81.442232490170113, 28.359004817993178 ], [ -81.442230067491565, 28.3590036722393 ], [ -81.44222763202275, 28.3590024685538 ], [ -81.442225190838002, 28.359001204982501 ], [ -81.442222752474891, 28.358999880244696 ], [ -81.442220326674814, 28.358998493857534 ], [ -81.44221792408311, 28.358997046219798 ], [ -81.4422155559201, 28.358995538651726 ], [ -81.442213233635314, 28.358993973389268 ], [ -81.442210968557546, 28.358992353533203 ], [ -81.442208771552956, 28.358990682955419 ], [ -81.442206652703334, 28.358988966166336 ], [ -81.442204621015264, 28.358987208149326 ], [ -81.442202684169885, 28.358985414169144 ], [ -81.442200848321079, 28.358983589562808 ], [ -81.442199117948434, 28.358981739521862 ], [ -81.442197495768795, 28.358979868875725 ], [ -81.442195982708384, 28.358977981885786 ], [ -81.442194577935268, 28.358976082059318 ], [ -81.442193278949816, 28.358974171992234 ], [ -81.442192081728777, 28.358972253247959 ], [ -81.442190980916948, 28.358970326278826 ], [ -81.44218997005872, 28.358968390394544 ], [ -81.442189041860772, 28.358966443780606 ], [ -81.442188188476223, 28.35896448356738 ], [ -81.44218740179997, 28.358962505948696 ], [ -81.442186673764979, 28.358960506346762 ], [ -81.442185996629505, 28.358958479618217 ], [ -81.442185363245514, 28.358956420294394 ], [ -81.442184767300091, 28.358954322847453 ], [ -81.442184203522288, 28.358952181972665 ], [ -81.442183667849335, 28.358949992876379 ], [ -81.442183157548328, 28.358947751558592 ], [ -81.442182671290198, 28.358945455079084 ], [ -81.442182209175471, 28.358943101796438 ], [ -81.442181772712658, 28.358940691569682 ], [ -81.44218136475142, 28.358938225914141 ], [ -81.442180989374876, 28.358935708103619 ], [ -81.442180651756232, 28.358933143213832 ], [ -81.442180357985706, 28.358930538103294 ], [ -81.442180114875413, 28.358927901330485 ], [ -81.442179929749429, 28.358925243008255 ], [ -81.442179810226818, 28.358922574598918 ], [ -81.442179764005516, 28.358919908655459 ], [ -81.442179798654024, 28.358917258516637 ], [ -81.442179921417676, 28.358914637965398 ], [ -81.442180139045007, 28.358912060861709 ], [ -81.442180457638983, 28.358909540761903 ], [ -81.442180882536277, 28.35890709053762 ], [ -81.442181418216549, 28.358904722007502 ], [ -81.442182068242829, 28.358902445594676 ], [ -81.442182835232003, 28.358900270022616 ], [ -81.442183720853791, 28.35889820206053 ], [ -81.442184725855299, 28.358896246328317 ], [ -81.442185850107336, 28.358894405168897 ], [ -81.442187092668036, 28.358892678593634 ], [ -81.442188451858783, 28.358891064304345 ], [ -81.442189925347236, 28.358889557792434 ], [ -81.442191510232448, 28.35888815251327 ], [ -81.44219320312709, 28.358886840131252 ], [ -81.442195000232743, 28.358885610828469 ], [ -81.44219689740423, 28.358884453667454 ], [ -81.442198890200842, 28.358883356996731 ], [ -81.44220097392224, 28.358882308886013 ], [ -81.442203143628916, 28.358881297576701 ], [ -81.44220539414745, 28.358880311932733 ], [ -81.442207720062157, 28.358879341876314 ], [ -81.442210115695971, 28.358878378793712 ], [ -81.442212575083701, 28.358877415896615 ], [ -81.442215091942117, 28.358876448526363 ], [ -81.442217659641202, 28.358875474389652 ], [ -81.442220271181725, 28.358874493716741 ], [ -81.442222919183678, 28.358873509335613 ], [ -81.442225595890491, 28.358872526658146 ], [ -81.442228293192642, 28.35887155357749 ], [ -81.442231002674461, 28.358870600278578 ], [ -81.442233715685688, 28.358869678966705 ], [ -81.442236423439695, 28.358868803521901 ] ] ] } },
{ "type": "Feature", "properties": { "id": 7, "area_ha": 0.022886286797546455 }, "geometry": { "type": "Polygon", "coordinates": [ [ [ -81.440528813009351, 28.358886211709571 ], [ -81.44053222149094, 28.358885936946336 ], [ -81.440535663928543, 28.358885692360118 ], [ -81.440539127324229, 28.358885477588835 ], [ -81.440542597779825, 28.358885292445258 ], [ -81.44054606087326, 28.358885137091985 ], [ -81.440549502044689, 28.358885012210926 ], [ -81.440552906980628, 28.358884919158982 ], [ -81.440556261984796, 28.35888486010192 ], [ -81.440559554324324, 28.358884838119451 ], [ -81.440562772541341, 28.358884857275115 ], [ -81.440565906720707, 28.358884922646201 ], [ -81.440568948706115, 28.358885040310451 ], [ -81.440571892258674, 28.358885217287604 ], [ -81.440574733153241, 28.358885461435879 ], [ -81.440577469210155, 28.358885781305183 ], [ -81.44058010026211, 28.358886185950489 ], [ -81.44058262805693, 28.358886684710487 ], [ -81.44058505610019, 28.358887286958073 ], [ -81.440587389442442, 28.358888001830444 ], [ -81.440589634417677, 28.358888837947621 ], [ -81.440591798341458, 28.358889803128648 ], [ -81.440593889177677, 28.35889090411526 ], [ -81.440595915184517, 28.358892146312762 ], [ -81.440597884550044, 28.35889353355725 ], [ -81.440599805028725, 28.358895067917835 ], [ -81.440601683589733, 28.358896749541394 ], [ -81.440603526087912, 28.358898576545943 ], [ -81.440605336966925, 28.358900544967334 ], [ -81.440607119004213, 28.358902648762182 ], [ -81.440608873104694, 28.358904879867879 ], [ -81.440610598150442, 28.358907228318973 ], [ -81.440612290910309, 28.358909682416989 ], [ -81.44061394601303, 28.358912228949077 ], [ -81.44061555598455, 28.35891485344926 ], [ -81.440617111349212, 28.358917540494399 ], [ -81.440618600792334, 28.358920274026037 ], [ -81.440620011379735, 28.358923037688186 ], [ -81.440621328828811, 28.358925815170711 ], [ -81.4406225378236, 28.358928590547734 ], [ -81.440623622365891, 28.358931348600571 ], [ -81.440624566152465, 28.358934075115481 ], [ -81.440625352968993, 28.358936757147088 ], [ -81.440625967089716, 28.358939383239871 ], [ -81.440626393672531, 28.358941943601288 ], [ -81.440626619139053, 28.358944430222035 ], [ -81.440626631529582, 28.358946836940678 ], [ -81.440626420823932, 28.35894915945175 ], [ -81.440625979219661, 28.358951395258632 ], [ -81.440625301360654, 28.358953543574195 ], [ -81.440624384510457, 28.358955605174089 ], [ -81.440623228665615, 28.358957582209189 ], [ -81.440621836606979, 28.358959477985092 ], [ -81.440620213887328, 28.358961296717563 ], [ -81.440618368756049, 28.358963043273594 ], [ -81.440616312023224, 28.358964722908286 ], [ -81.440614056866352, 28.358966341007495 ], [ -81.440611618585166, 28.358967902846093 ], [ -81.440609014310539, 28.358969413370829 ], [ -81.440606262674962, 28.3589708770157 ], [ -81.440603383452739, 28.358972297556523 ], [ -81.440600397178628, 28.35897367800964 ], [ -81.44059732475435, 28.358975020577986 ], [ -81.440594187052056, 28.358976326645806 ], [ -81.440591004524165, 28.358977596821362 ], [ -81.440587796828638, 28.358978831025023 ], [ -81.440584582477797, 28.358980028618188 ], [ -81.4405813785188, 28.358981188566947 ], [ -81.440578200252276, 28.358982309632854 ], [ -81.44057506099513, 28.358983390581933 ], [ -81.440571971892027, 28.358984430402344 ], [ -81.440568941778949, 28.358985428520558 ], [ -81.440565977101087, 28.358986385005696 ], [ -81.440563081885728, 28.358987300752233 ], [ -81.440560257769903, 28.358988177631726 ], [ -81.440557504080687, 28.35898901860536 ], [ -81.440554817965889, 28.358989827790371 ], [ -81.440552194570571, 28.358990610475441 ], [ -81.440549627254924, 28.358991373081427 ], [ -81.440547107847763, 28.358992123066347 ], [ -81.440544626928911, 28.358992868775548 ], [ -81.440542174134137, 28.358993619239932 ], [ -81.440539738474996, 28.358994383927516 ], [ -81.440537308666308, 28.358995172455131 ], [ -81.440534873453956, 28.35899599426924 ], [ -81.440532421935586, 28.358996858305826 ], [ -81.440529943867404, 28.358997772640855 ], [ -81.44052742995018, 28.358998744143111 ], [ -81.440524872089, 28.358999778141769 ], [ -81.44052226362092, 28.359000878120888 ], [ -81.440519599506331, 28.359002045452506 ], [ -81.440516876480004, 28.359003279178793 ], [ -81.440514093159251, 28.359004575852779 ], [ -81.440511250106965, 28.359005929445054 ], [ -81.440508349848827, 28.3590073313221 ], [ -81.440505396844515, 28.359008770299582 ], [ -81.44050239741388, 28.359010232771592 ], [ -81.440499359619778, 28.359011702914227 ], [ -81.440496293110456, 28.359013162959691 ], [ -81.440493208924721, 28.359014593534599 ], [ -81.440490119264325, 28.359015974053804 ], [ -81.440487037238341, 28.359017283159641 ], [ -81.440483976584986, 28.359018499194214 ], [ -81.440480951376657, 28.359019600691706 ], [ -81.440477975714856, 28.359020566876428 ], [ -81.440475063420848, 28.359021378152132 ], [ -81.440472227729373, 28.359022016568336 ], [ -81.440469480991538, 28.359022466249726 ], [ -81.44046683439359, 28.35902271377573 ], [ -81.440464297697957, 28.359022748499125 ], [ -81.44046187901219, 28.359022562793903 ], [ -81.44045958459148, 28.359022152225027 ], [ -81.440457418679429, 28.359021515634996 ], [ -81.440455383391338, 28.359020655144786 ], [ -81.44045347864315, 28.359019576069119 ], [ -81.440451702128655, 28.359018286749041 ], [ -81.440450049346438, 28.359016798306783 ], [ -81.440448513676955, 28.359015124331055 ], [ -81.440447086509181, 28.359013280502062 ], [ -81.440445757415205, 28.359011284168329 ], [ -81.440444514370242, 28.359009153888113 ], [ -81.440443344013801, 28.359006908949539 ], [ -81.440442231947856, 28.359004568884146 ], [ -81.440441163065842, 28.359002152988513 ], [ -81.440440121906192, 28.358999679868163 ], [ -81.440439093023102, 28.358997167017407 ], [ -81.440438061366621, 28.358994630447054 ], [ -81.440437012663864, 28.358992084370634 ], [ -81.440435933792727, 28.358989540957516 ], [ -81.440434813139589, 28.358987010159257 ], [ -81.440433640932326, 28.358984499612802 ], [ -81.440432409540662, 28.358982014621947 ], [ -81.440431113735912, 28.358979558215569 ], [ -81.440429750903462, 28.358977131279023 ], [ -81.440428321201708, 28.358974732752312 ], [ -81.440426827662407, 28.358972359887026 ], [ -81.440425276228922, 28.358970008551836 ], [ -81.44042367572969, 28.358967673575126 ], [ -81.440422037786007, 28.358965349112189 ], [ -81.4404203766547, 28.358963029023801 ], [ -81.440418709007815, 28.358960707253026 ], [ -81.440417053652723, 28.358958378186898 ], [ -81.440415431198105, 28.358956036991071 ], [ -81.440413863672021, 28.358953679905959 ], [ -81.440412374100134, 28.358951304494859 ], [ -81.440410986052868, 28.358948909836183 ], [ -81.440409723171399, 28.358946496653854 ], [ -81.440408608683271, 28.358944067382502 ], [ -81.440407664918396, 28.358941626165993 ], [ -81.440406912836877, 28.358939178790347 ], [ -81.440406371579897, 28.358936732554511 ], [ -81.440406058054194, 28.358934296084211 ], [ -81.440405986560677, 28.358931879096229 ], [ -81.44040616847613, 28.358929492122133 ], [ -81.440406611996281, 28.358927146201552 ], [ -81.440407321946836, 28.358924852556061 ], [ -81.440408299667624, 28.358922622255477 ], [ -81.440409542973313, 28.358920465888048 ], [ -81.440411046192011, 28.358918393246086 ], [ -81.440412800281536, 28.358916413037697 ], [ -81.440414793020921, 28.358914532634152 ], [ -81.440417009272934, 28.358912757861212 ], [ -81.440419431311525, 28.358911092840945 ], [ -81.440422039206396, 28.358909539888657 ], [ -81.44042481125571, 28.35890809946774 ], [ -81.440427724456072, 28.358906770202946 ], [ -81.440430754998616, 28.35890554895078 ], [ -81.440433878778634, 28.358904430923516 ], [ -81.440437071906601, 28.35890340986165 ], [ -81.440440311207453, 28.358902478247984 ], [ -81.440443574696076, 28.358901627555209 ], [ -81.440446842017039, 28.358900848517809 ], [ -81.440450094837843, 28.358900131418451 ], [ -81.44045331718587, 28.358899466378759 ], [ -81.440456495721165, 28.35889884364445 ], [ -81.440459619938252, 28.358898253855152 ], [ -81.440462682292704, 28.358897688290138 ], [ -81.440465678249723, 28.35889713908217 ], [ -81.440468606254555, 28.358896599393162 ], [ -81.44047146762577, 28.35889606354667 ], [ -81.440474266375901, 28.358895527114406 ], [ -81.44047700896418, 28.358894986955047 ], [ -81.440479703989666, 28.358894441206328 ], [ -81.440482361832977, 28.358893889232363 ], [ -81.440484994257474, 28.358893331530211 ], [ -81.440487613981091, 28.358892769601294 ], [ -81.440490234230808, 28.35889220579395 ], [ -81.440492868292495, 28.35889164312508 ], [ -81.440495529068315, 28.358891085088946 ], [ -81.440498228654079, 28.35889053546174 ], [ -81.440500977948048, 28.35888999811058 ], [ -81.440503786301605, 28.358889476814966 ], [ -81.440506661221079, 28.358888975108371 ], [ -81.440509608128565, 28.358888496146513 ], [ -81.440512630187442, 28.358888042607443 ], [ -81.440515728196928, 28.358887616627669 ], [ -81.440518900557436, 28.358887219776317 ], [ -81.440522143307035, 28.358886853068185 ], [ -81.440525450226474, 28.358886517014646 ], [ -81.440528813009351, 28.358886211709571 ] ] ] } },
{ "type": "Feature", "properties": { "id": 8, "area_ha": 0.026979766693548179 }, "geometry": { "type": "Polygon", "coordinates": [ [ [ -81.443112220425832, 28.359085404400584 ], [ -81.443116905095081, 28.35908531330233 ], [ -81.443121665098005, 28.359085313681803 ], [ -81.443126485381782, 28.359085390793155 ], [ -81.443131348883654, 28.359085531645881 ], [ -81.443136236866124, 28.359085725725681 ], [ -81.443141129270828, 28.359085965606933 ], [ -81.443146005078489, 28.35908624743147 ], [ -81.44315084266394, 28.359086571233046 ], [ -81.443155620135485, 28.35908694109262 ], [ -81.443160315649536, 28.359087365115766 ], [ -81.443164907693031, 28.359087855230047 ], [ -81.44316937532804, 28.359088426807087 ], [ -81.443173698394716, 28.359089098120528 ], [ -81.443177857671074, 28.359089889657405 ], [ -81.4431818349899, 28.359090823306321 ], [ -81.443185613315052, 28.35909192145046 ], [ -81.443189176780919, 28.359093205997656 ], [ -81.443192510700428, 28.359094697382538 ], [ -81.443195601548211, 28.35909641357722 ], [ -81.443198436925712, 28.359098369147556 ], [ -81.443201005516201, 28.359100574390762 ], [ -81.443203297037002, 28.359103034588085 ], [ -81.44320530219629, 28.359105749402424 ], [ -81.443207012660665, 28.35910871244646 ], [ -81.443208421039074, 28.359111911041005 ], [ -81.443209520887208, 28.359115326177051 ], [ -81.443210306734571, 28.359118932688084 ], [ -81.443210774135508, 28.359122699631957 ], [ -81.443210919743194, 28.359126590874311 ], [ -81.443210741403988, 28.359130565858614 ], [ -81.443210238268335, 28.359134580541053 ], [ -81.443209410912488, 28.359138588462745 ], [ -81.443208261464505, 28.359142541926445 ], [ -81.443206793727086, 28.359146393241275 ], [ -81.443205013289003, 28.359150095995883 ], [ -81.443202927617079, 28.359153606319321 ], [ -81.443200546120778, 28.359156884088648 ], [ -81.443197880181927, 28.35915989404376 ], [ -81.443194943143212, 28.359162606772571 ], [ -81.443191750250662, 28.359164999533775 ], [ -81.443188318546234, 28.359167056889298 ], [ -81.443184666709357, 28.359168771124935 ], [ -81.443180814847366, 28.35917014244427 ], [ -81.443176784237664, 28.359171178928516 ], [ -81.443172597025878, 28.359171896262591 ], [ -81.44316827588645, 28.359172317235309 ], [ -81.443163843654091, 28.359172471029144 ], [ -81.443159322935713, 28.359172392322037 ], [ -81.443154735714003, 28.359172120229704 ], [ -81.443150102954419, 28.359171697122488 ], [ -81.443145444227866, 28.359171167354624 ], [ -81.443140777361364, 28.359170575946916 ], [ -81.443136118128635, 28.35916996726522 ], [ -81.443131479990953, 28.359169383737122 ], [ -81.44312687389835, 28.359168864647916 ], [ -81.443122308158166, 28.359168445054284 ], [ -81.44311778837718, 28.359168154849975 ], [ -81.443113317479813, 28.359168018012504 ], [ -81.443108895803746, 28.359168052054041 ], [ -81.443104521270229, 28.359168267692365 ], [ -81.443100189625085, 28.359168668750581 ], [ -81.443095894742598, 28.359169252286428 ], [ -81.443091628983339, 28.359170008944439 ], [ -81.44308738359382, 28.359170923516558 ], [ -81.44308314913502, 28.359171975690025 ], [ -81.443078915925284, 28.359173140955097 ], [ -81.443074674482048, 28.359174391639943 ], [ -81.443070415947403, 28.359175698035823 ], [ -81.443066132482059, 28.359177029573161 ], [ -81.443061817613611, 28.359178356007181 ], [ -81.443057466526369, 28.359179648572251 ], [ -81.443053076281984, 28.359180881064969 ], [ -81.443048645962278, 28.359182030819053 ], [ -81.443044176728407, 28.359183079539026 ], [ -81.443039671793969, 28.35918401396459 ], [ -81.44303513631175, 28.359184826343729 ], [ -81.443030577178348, 28.359185514699515 ], [ -81.443026002762466, 28.359186082882431 ], [ -81.443021422567256, 28.359186540407755 ], [ -81.44301684683829, 28.359186902084975 ], [ -81.443012286132017, 28.359187187453301 ], [ -81.443007750860758, 28.35918742004392 ], [ -81.443003250831893, 28.359187626495707 ], [ -81.442998794799209, 28.359187835555808 ], [ -81.442994390044859, 28.359188077000372 ], [ -81.442990042008944, 28.359188380513558 ], [ -81.442985753983294, 28.359188774563581 ], [ -81.442981526883557, 28.359189285315015 ], [ -81.442977359111296, 28.359189935614815 ], [ -81.442973246515109, 28.359190744086742 ], [ -81.442969182456181, 28.359191724365076 ], [ -81.442965157980183, 28.359192884493325 ], [ -81.442961162093624, 28.359194226508023 ], [ -81.442957182139168, 28.359195746221019 ], [ -81.442953204260306, 28.359197433206845 ], [ -81.442949213942796, 28.35919927099469 ], [ -81.442945196616932, 28.359201237457459 ], [ -81.442941138301933, 28.359203305383684 ], [ -81.442937026272205, 28.359205443212062 ], [ -81.442932849723164, 28.35920761590285 ], [ -81.442928600414049, 28.359209785915979 ], [ -81.442924273265149, 28.359211914262488 ], [ -81.442919866887536, 28.35921396159365 ], [ -81.442915384025071, 28.359215889291267 ], [ -81.442910831890757, 28.359217660523164 ], [ -81.442906222382305, 28.359219241229301 ], [ -81.442901572165368, 28.359220601007149 ], [ -81.442896902616809, 28.35922171386844 ], [ -81.44289223962457, 28.359222558844689 ], [ -81.442887613245261, 28.359223120424129 ], [ -81.442883057225131, 28.359223388809063 ], [ -81.442878608394167, 28.359223359988768 ], [ -81.442874305947882, 28.35922303563013 ], [ -81.442870190634409, 28.359222422793852 ], [ -81.442866303868485, 28.35922153349069 ], [ -81.442862686796005, 28.359220384097096 ], [ -81.442859379335175, 28.359218994654711 ], [ -81.442856419221343, 28.359217388081163 ], [ -81.442853841082737, 28.359215589323139 ], [ -81.442851675574275, 28.359213624483115 ], [ -81.442849948594599, 28.359211519952499 ], [ -81.442848680609998, 28.359209301582037 ], [ -81.442847886105582, 28.35920699391907 ], [ -81.442847573180416, 28.359204619537646 ], [ -81.442847743299652, 28.359202198483704 ], [ -81.442848391211712, 28.359199747852724 ], [ -81.442849505033976, 28.359197281511761 ], [ -81.442851066505426, 28.359194809972145 ], [ -81.442853051400022, 28.35919234041312 ], [ -81.442855430089196, 28.359189876850945 ], [ -81.442858168238317, 28.359187420442161 ], [ -81.442861227617428, 28.359184969904923 ], [ -81.442864567003355, 28.359182522037635 ], [ -81.442868143147848, 28.359180072310636 ], [ -81.442871911784323, 28.359177615503988 ], [ -81.442875828644844, 28.359175146362883 ], [ -81.442879850459008, 28.359172660241775 ], [ -81.44288393590675, 28.359170153708824 ], [ -81.442888046498993, 28.359167625084179 ], [ -81.442892147362429, 28.359165074888342 ], [ -81.442896207907552, 28.359162506180539 ], [ -81.442900202362978, 28.359159924771475 ], [ -81.442904110163198, 28.359157339300008 ], [ -81.442907916181596, 28.359154761168664 ], [ -81.442911610805041, 28.359152204338713 ], [ -81.442915189851504, 28.359149684991046 ], [ -81.442918654336665, 28.359147221064738 ], [ -81.442922010100034, 28.359144831690024 ], [ -81.442925267305199, 28.359142536536858 ], [ -81.442928439832514, 28.359140355103815 ], [ -81.442931544585207, 28.359138305974867 ], [ -81.4429346007324, 28.359136406072878 ], [ -81.442937628914223, 28.359134669939589 ], [ -81.442940650434167, 28.359133109070978 ], [ -81.442943686464503, 28.359131731335324 ], [ -81.442946757289178, 28.359130540498374 ], [ -81.442949881606907, 28.359129535876711 ], [ -81.442953075914858, 28.359128712135405 ], [ -81.442956353990525, 28.359128059241208 ], [ -81.442959726485242, 28.35912756257683 ], [ -81.442963200639554, 28.359127203216023 ], [ -81.442966780126199, 28.359126958353087 ], [ -81.442970465022086, 28.359126801874897 ], [ -81.442974251906648, 28.359126705058046 ], [ -81.442978134079908, 28.359126637369119 ], [ -81.442982101889413, 28.359126567341804 ], [ -81.442986143152538, 28.359126463501902 ], [ -81.442990243657377, 28.359126295308926 ], [ -81.442994387723061, 28.359126034082209 ], [ -81.442998558799616, 28.359125653879751 ], [ -81.44300274008549, 28.359125132299297 ], [ -81.443006915141922, 28.359124451173685 ], [ -81.443011068483031, 28.359123597136296 ], [ -81.443015186122068, 28.359122562036255 ], [ -81.443019256056658, 28.359121343189045 ], [ -81.443023268677265, 28.359119943453187 ], [ -81.443027217086922, 28.359118371130169 ], [ -81.4430310973231, 28.359116639690907 ], [ -81.443034908476022, 28.359114767338074 ], [ -81.443038652701404, 28.359112776419593 ], [ -81.443042335129121, 28.359110692713752 ], [ -81.443045963672688, 28.359108544611068 ], [ -81.443049548747496, 28.359106362221578 ], [ -81.44305310290882, 28.359104176439097 ], [ -81.443056640422867, 28.35910201799517 ], [ -81.44306017678565, 28.359099916536241 ], [ -81.443063728206539, 28.3590978997562 ], [ -81.443067311073165, 28.359095992614886 ], [ -81.443070941415243, 28.359094216669593 ], [ -81.443074634383905, 28.359092589542811 ], [ -81.443078403762257, 28.359091124544157 ], [ -81.443082261521553, 28.359089830459098 ], [ -81.443086217434981, 28.359088711510559 ], [ -81.443090278759229, 28.359087767493548 ], [ -81.443094449990994, 28.35908699407619 ], [ -81.443098732703206, 28.359086383254621 ], [ -81.443103125462656, 28.359085923943379 ], [ -81.443107623828169, 28.359085602677759 ], [ -81.443112220425832, 28.359085404400584 ] ] ] } },
{ "type": "Feature", "properties": { "id": 9, "area_ha": 0.0044322916644165258 }, "geometry": { "type": "Polygon", "coordinates": [ [ [ -81.440028048768056, 28.359634643045059 ], [ -81.440029363727447, 28.359634651805894 ], [ -81.440030668097791, 28.359634698533078 ], [ -81.440031958226115, 28.359634778861739 ], [ -81.440033231322019, 28.359634888524749 ], [ -81.440034485517998, 28.359635023448561 ], [ -81.440035719901402, 28.35963517983701 ], [ -81.440036934516812, 28.35963535424073 ], [ -81.440038130338252, 28.359635543610814 ], [ -81.440039309211699, 28.359635745335577 ], [ -81.440040473769287, 28.359635957260288 ], [ -81.44004162731764, 28.359636177690259 ], [ -81.440042773703453, 28.359636405378339 ], [ -81.440043917160267, 28.359636639498468 ], [ -81.440045062141181, 28.359636879607287 ], [ -81.44004621314221, 28.359637125596588 ], [ -81.440047374522223, 28.359637377639014 ], [ -81.440048550324576, 28.35963763613033 ], [ -81.440049744106261, 28.359637901630904 ], [ -81.440050958779864, 28.359638174809536 ], [ -81.440052196473303, 28.359638456392119 ], [ -81.44005345841191, 28.359638747117437 ], [ -81.440054744826526, 28.359639047702061 ], [ -81.440056054890803, 28.359639358815652 ], [ -81.440057386689645, 28.359639681067481 ], [ -81.440058737220099, 28.359640015004306 ], [ -81.440060102424738, 28.359640361119357 ], [ -81.440061477256819, 28.359640719871319 ], [ -81.440062855775196, 28.359641091711811 ], [ -81.440064231266561, 28.359641477119503 ], [ -81.440065596391065, 28.359641876638236 ], [ -81.440066943347318, 28.359642290916955 ], [ -81.440068264051789, 28.359642720748166 ], [ -81.440069550327195, 28.359643167102494 ], [ -81.440070794094666, 28.359643631156487 ], [ -81.440071987563485, 28.359644114311127 ], [ -81.440073123413498, 28.359644618199113 ], [ -81.440074194964367, 28.359645144679085 ], [ -81.440075196327271, 28.359645695815729 ], [ -81.44007612253435, 28.359646273845314 ], [ -81.440076969642718, 28.35964688112675 ], [ -81.440077734810231, 28.359647520079154 ], [ -81.440078416340825, 28.359648193107162 ], [ -81.440079013699105, 28.359648902516554 ], [ -81.440079527493722, 28.359649650422483 ], [ -81.440079959430733, 28.359650438653844 ], [ -81.440080312239033, 28.359651268657124 ], [ -81.440080589570101, 28.359652141403711 ], [ -81.440080795876142, 28.359653057304417 ], [ -81.440080936270022, 28.359654016135124 ], [ -81.440081016372147, 28.359655016977214 ], [ -81.440081042148606, 28.359656058176014 ], [ -81.440081019745932, 28.359657137319985 ], [ -81.440080955327247, 28.359658251242855 ], [ -81.44008085491491, 28.359659396050045 ], [ -81.440080724243643, 28.359660567169971 ], [ -81.440080568628773, 28.359661759429898 ], [ -81.440080392852664, 28.35966296715517 ], [ -81.440080201072249, 28.359664184289684 ], [ -81.440079996749731, 28.359665404534667 ], [ -81.440079782607526, 28.35966662150199 ], [ -81.440079560608154, 28.359667828877711 ], [ -81.440079331958202, 28.359669020590808 ], [ -81.440079097135694, 28.359670190981767 ], [ -81.440078855938637, 28.359671334965565 ], [ -81.440078607552238, 28.359672448183428 ], [ -81.440078350631836, 28.359673527137897 ], [ -81.440078083397921, 28.359674569306247 ], [ -81.440077803739698, 28.359675573227769 ], [ -81.440077509323004, 28.359676538560873 ], [ -81.440077197698898, 28.359677466107513 ], [ -81.440076866409086, 28.359678357802476 ], [ -81.440076513084676, 28.359679216667022 ], [ -81.440076135535037, 28.35968004672706 ], [ -81.440075731824294, 28.359680852897135 ], [ -81.440075300333191, 28.359681640832981 ], [ -81.440074839804922, 28.359682416756215 ], [ -81.440074349374029, 28.359683187255776 ], [ -81.440073828578392, 28.359683959071731 ], [ -81.440073277354387, 28.359684738867607 ], [ -81.440072696016827, 28.359685532997993 ], [ -81.440072085224756, 28.359686347278483 ], [ -81.440071445935715, 28.359687186765115 ], [ -81.440070779350478, 28.359688055550269 ], [ -81.440070086851506, 28.359688956581785 ], [ -81.440069369937504, 28.359689891511159 ], [ -81.440068630157583, 28.359690860576361 ], [ -81.440067869047354, 28.359691862523253 ], [ -81.440067088070094, 28.359692894569125 ], [ -81.440066288565163, 28.359693952410034 ], [ -81.440065471705779, 28.359695030272679 ], [ -81.440064638467604, 28.359696121010078 ], [ -81.440063789609553, 28.359697216238931 ], [ -81.440062925666822, 28.35969830651533 ], [ -81.440062046956839, 28.359699381544203 ], [ -81.440061153596943, 28.359700430416705 ], [ -81.440060245533218, 28.359701441869284 ], [ -81.440059322578662, 28.35970240455671 ], [ -81.440058384459178, 28.359703307331678 ], [ -81.440057430864741, 28.359704139522592 ], [ -81.440056461503772, 28.359704891201797 ], [ -81.440055476157909, 28.359705553436221 ], [ -81.440054474734865, 28.359706118513227 ], [ -81.44005345731675, 28.359706580135093 ], [ -81.440052424201767, 28.359706933576369 ], [ -81.440051375937472, 28.359707175799624 ], [ -81.440050313343534, 28.359707305526197 ], [ -81.440049237523496, 28.359707323260011 ], [ -81.440048149864381, 28.35970723126384 ], [ -81.440047052024127, 28.35970703348897 ], [ -81.440045945907301, 28.359706735460364 ], [ -81.440044833629713, 28.35970634412104 ], [ -81.440043717473372, 28.359705867640351 ], [ -81.440042599833532, 28.359705315192038 ], [ -81.440041483159689, 28.359704696708725 ], [ -81.440040369893069, 28.359704022620242 ], [ -81.440039262402934, 28.359703303583501 ], [ -81.440038162924353, 28.359702550211857 ], [ -81.440037073499951, 28.359701772811917 ], [ -81.440035995927971, 28.359700981135234 ], [ -81.440034931718927, 28.359700184151862 ], [ -81.440033882062608, 28.359699389852146 ], [ -81.440032847806947, 28.359698605081874 ], [ -81.440031829449723, 28.359697835414963 ], [ -81.440030827143687, 28.359697085066706 ], [ -81.440029840714928, 28.359696356849138 ], [ -81.44002886969416, 28.35969565216875 ], [ -81.440027913359714, 28.359694971065721 ], [ -81.440026970790839, 28.359694312292117 ], [ -81.440026040929226, 28.359693673425756 ], [ -81.440025122646617, 28.359693051015114 ], [ -81.440024214815907, 28.359692440749843 ], [ -81.440023316382948, 28.359691837650921 ], [ -81.440022426436414, 28.359691236273644 ], [ -81.440021544272852, 28.359690630916777 ], [ -81.44002066945454, 28.359690015830918 ], [ -81.440019801857602, 28.359689385419408 ], [ -81.440018941708601, 28.359688734425546 ], [ -81.440018089607875, 28.359688058100449 ], [ -81.440017246538801, 28.359687352346672 ], [ -81.440016413862168, 28.359686613833812 ], [ -81.440015593295968, 28.359685840082957 ], [ -81.440014786880951, 28.359685029518612 ], [ -81.440013996933388, 28.359684181487182 ], [ -81.440013225986434, 28.359683296242782 ], [ -81.440012476722501, 28.359682374902015 ], [ -81.440011751898751, 28.359681419370411 ], [ -81.440011054269064, 28.3596804322442 ], [ -81.44001038650481, 28.359679416691755 ], [ -81.440009751118112, 28.359678376319792 ], [ -81.440009150390097, 28.359677315029696 ], [ -81.440008586307286, 28.359676236869525 ], [ -81.440008060508632, 28.359675145887522 ], [ -81.440007574245442, 28.359674045992335 ], [ -81.440007128355759, 28.359672940825213 ], [ -81.440006723254754, 28.359671833648644 ], [ -81.440006358941432, 28.359670727255114 ], [ -81.440006035021796, 28.359669623899222 ], [ -81.440005750747915, 28.359668525255014 ], [ -81.440005505071369, 28.35966743239964 ], [ -81.440005296709657, 28.359666345823545 ], [ -81.440005124222694, 28.359665265466226 ], [ -81.440004986097037, 28.359664190775558 ], [ -81.440004880834465, 28.35966312078838 ], [ -81.440004807041447, 28.359662054228338 ], [ -81.440004763516214, 28.359660989617566 ], [ -81.44000474932966, 28.359659925397068 ], [ -81.440004763897107, 28.3596588600515 ], [ -81.44000480703734, 28.35965779223314 ], [ -81.440004879016655, 28.359656720880377 ], [ -81.44000498057558, 28.359655645326033 ], [ -81.440005112936589, 28.359654565391477 ], [ -81.440005277791983, 28.359653481462818 ], [ -81.440005477271654, 28.359652394546227 ], [ -81.440005713891239, 28.359651306300425 ], [ -81.440005990481865, 28.359650219044866 ], [ -81.440006310103485, 28.359649135743258 ], [ -81.440006675944332, 28.359648059963028 ], [ -81.440007091209651, 28.359646995811939 ], [ -81.440007559003277, 28.359645947854137 ], [ -81.440008082206191, 28.359644921008446 ], [ -81.440008663355911, 28.359643920432525 ], [ -81.440009304531429, 28.359642951396705 ], [ -81.44001000724738, 28.359642019151945 ], [ -81.440010772361788, 28.359641128796376 ], [ -81.440011600000872, 28.359640285144799 ], [ -81.440012489503786, 28.359639492605641 ], [ -81.440013439390157, 28.35963875506928 ], [ -81.440014447351928, 28.359638075811386 ], [ -81.440015510270499, 28.359637457414262 ], [ -81.440016624259528, 28.359636901708573 ], [ -81.440017784732234, 28.359636409737064 ], [ -81.440018986492305, 28.359635981741135 ], [ -81.440020223845366, 28.359635617170248 ], [ -81.440021490728313, 28.359635314713447 ], [ -81.440022780852587, 28.359635072351544 ], [ -81.440024087857225, 28.359634887427649 ], [ -81.440025405466713, 28.359634756733474 ], [ -81.440026727648927, 28.359634676608007 ], [ -81.440028048768056, 28.359634643045059 ] ] ] } },
{ "type": "Feature", "properties": { "id": 10, "area_ha": 0.011769482183205419 }, "geometry": { "type": "Polygon", "coordinates": [ [ [ -81.439424447035691, 28.359932087229478 ], [ -81.439426340637425, 28.359931423059074 ], [ -81.439428236096816, 28.359930895176472 ], [ -81.439430130235806, 28.359930510231159 ], [ -81.439432021043558, 28.359930272703245 ], [ -81.439433907717302, 28.359930184686533 ], [ -81.439435790648005, 28.359930245741854 ], [ -81.439437671351641, 28.359930452826994 ], [ -81.439439552348929, 28.359930800307399 ], [ -81.439441436998749, 28.359931280049057 ], [ -81.439443329291976, 28.3599318815922 ], [ -81.43944523361435, 28.359932592401783 ], [ -81.439447154488164, 28.35993339818797 ], [ -81.439449096302965, 28.359934283287618 ], [ -81.439451063046732, 28.359935231095381 ], [ -81.43945305804796, 28.359936224531364 ], [ -81.439455083739716, 28.359937246530816 ], [ -81.439457141454696, 28.35993828054049 ], [ -81.439459231260088, 28.359939311005814 ], [ -81.439461351838943, 28.359940323833158 ], [ -81.439463500423003, 28.35994130681205 ], [ -81.43946567277996, 28.359942249983458 ], [ -81.439467863256027, 28.359943145941692 ], [ -81.439470064872268, 28.359943990059602 ], [ -81.439472269471494, 28.359944780629128 ], [ -81.439474467910031, 28.3599455189119 ], [ -81.439476650287162, 28.359946209097455 ], [ -81.439478806203681, 28.359946858169522 ], [ -81.439480925039533, 28.359947475684031 ], [ -81.439482996239931, 28.359948073464992 ], [ -81.439485009599096, 28.359948665227375 ], [ -81.439486955530768, 28.359949266138496 ], [ -81.439488825314811, 28.359949892331169 ], [ -81.439490611311129, 28.359950560383933 ], [ -81.4394923071319, 28.35995128678438 ], [ -81.439493907766519, 28.359952087392546 ], [ -81.439495409653929, 28.359952976921122 ], [ -81.439496810700163, 28.359953968448963 ], [ -81.439498110240663, 28.359955072983301 ], [ -81.439499308949109, 28.359956299084505 ], [ -81.439500408697072, 28.359957652565292 ], [ -81.439501412369907, 28.359959136274078 ], [ -81.439502323647375, 28.359960749969193 ], [ -81.439503146757772, 28.359962490288304 ], [ -81.439503886215888, 28.359964350813758 ], [ -81.439504546556449, 28.359966322232044 ], [ -81.439505132073734, 28.359968392582356 ], [ -81.439505646579093, 28.359970547586439 ], [ -81.439506093186807, 28.359972771049396 ], [ -81.439506474137829, 28.359975045318954 ], [ -81.439506790669583, 28.359977351788682 ], [ -81.439507042938246, 28.359979671429659 ], [ -81.439507229997702, 28.359981985333832 ], [ -81.439507349837328, 28.359984275252426 ], [ -81.439507399478273, 28.359986524112575 ], [ -81.439507375125345, 28.359988716496488 ], [ -81.439507272369823, 28.359990839068498 ], [ -81.439507086435398, 28.359992880937046 ], [ -81.439506812458731, 28.359994833940931 ], [ -81.439506445793143, 28.359996692851482 ], [ -81.439505982324036, 28.359998455484885 ], [ -81.439505418782716, 28.360000122722074 ], [ -81.439504753045838, 28.360001698436069 ], [ -81.439503984407281, 28.360003189329827 ], [ -81.439503113810304, 28.3600046046903 ], [ -81.439502144028921, 28.360005956066878 ], [ -81.439501079788911, 28.360007256884749 ], [ -81.439499927820975, 28.360008522005483 ], [ -81.439498696841028, 28.360009767248613 ], [ -81.439497397455057, 28.360011008889128 ], [ -81.439496041988605, 28.360012263146078 ], [ -81.439494644244149, 28.360013545677706 ], [ -81.439493219191988, 28.360014871098052 ], [ -81.439491782602943, 28.360016252528851 ], [ -81.439490350634088, 28.360017701199528 ], [ -81.439488939379771, 28.360019226106015 ], [ -81.439487564402825, 28.360020833737327 ], [ -81.439486240261303, 28.360022527876591 ], [ -81.439484980047169, 28.360024309480412 ], [ -81.439483794953105, 28.360026176638581 ], [ -81.439482693883136, 28.360028124612988 ], [ -81.439481683121912, 28.360030145952688 ], [ -81.439480766075505, 28.360032230679597 ], [ -81.43947994309481, 28.360034366537239 ], [ -81.43947921138971, 28.360036539293567 ], [ -81.439478565039664, 28.36003873308719 ], [ -81.439477995102862, 28.360040930805564 ], [ -81.439477489823176, 28.360043114483112 ], [ -81.439477034930448, 28.360045265707146 ], [ -81.439476614026688, 28.360047366019533 ], [ -81.439476209047683, 28.360049397302962 ], [ -81.43947580078644, 28.360051342141428 ], [ -81.43947536946331, 28.360053184146139 ], [ -81.439474895324679, 28.360054908239086 ], [ -81.439474359252273, 28.360056500889005 ], [ -81.439473743362626, 28.360057950295584 ], [ -81.439473031578359, 28.360059246520166 ], [ -81.439472210151351, 28.360060381562825 ], [ -81.439471268121139, 28.360061349387703 ], [ -81.439470197691989, 28.36006214589986 ], [ -81.439468994516147, 28.360062768878624 ], [ -81.439467657872001, 28.360063217873385 ], [ -81.439466190730769, 28.360063494068861 ], [ -81.439464599707648, 28.36006360012718 ], [ -81.43946289489763, 28.360063540014863 ], [ -81.439461089600002, 28.360063318822093 ], [ -81.439459199938881, 28.360062942581841 ], [ -81.439457244390866, 28.360062418095591 ], [ -81.439455243233851, 28.360061752771319 ], [ -81.439453217933988, 28.360060954478648 ], [ -81.439451190489478, 28.36006003142457 ], [ -81.439449182752014, 28.360058992051901 ], [ -81.439447215747222, 28.360057844961407 ], [ -81.439445309015625, 28.360056598856829 ], [ -81.439443479995575, 28.360055262511267 ], [ -81.439441743467938, 28.36005384475181 ], [ -81.439440111080671, 28.360052354458706 ], [ -81.439438590969033, 28.360050800574445 ], [ -81.439437187484344, 28.360049192117721 ], [ -81.439435901040113, 28.360047538197023 ], [ -81.439434728081721, 28.360045848018771 ], [ -81.439433661181013, 28.360044130885072 ], [ -81.439432689253636, 28.360042396176947 ], [ -81.439431797892865, 28.360040653319487 ], [ -81.439430969810104, 28.36003891172669 ], [ -81.439430185368678, 28.360037180724575 ], [ -81.439429423194383, 28.360035469452548 ], [ -81.439428660844399, 28.360033786744339 ], [ -81.439427875513516, 28.360032140990931 ], [ -81.439427044755973, 28.360030539989229 ], [ -81.439426147200606, 28.360028990781178 ], [ -81.439425163236905, 28.360027499488993 ], [ -81.439424075651161, 28.360026071152742 ], [ -81.439422870192615, 28.360024709577068 ], [ -81.439421536052791, 28.360023417193773 ], [ -81.439420066242903, 28.360022194947053 ], [ -81.439418457858338, 28.360021042207563 ], [ -81.439416712222425, 28.360019956720876 ], [ -81.439414834905392, 28.36001893459478 ], [ -81.439412835618811, 28.360017970328883 ], [ -81.439410727989028, 28.360017056888289 ], [ -81.439408529217715, 28.360016185822012 ], [ -81.439406259640378, 28.360015347424621 ], [ -81.439403942196989, 28.360014530938649 ], [ -81.439401601831932, 28.360013724793173 ], [ -81.439399264841782, 28.360012916872854 ], [ -81.43939695819148, 28.360012094810326 ], [ -81.439394708819862, 28.360011246293613 ], [ -81.439392542955574, 28.360010359379768 ], [ -81.439390485464102, 28.360009422805064 ], [ -81.43938855924506, 28.360008426282075 ], [ -81.43938678469685, 28.360007360774212 ], [ -81.439385179264036, 28.36000621873859 ], [ -81.439383757079341, 28.36000499432906 ], [ -81.439382528709032, 28.36000368355246 ], [ -81.439381501007247, 28.360002284372406 ], [ -81.439380677081132, 28.360000796756658 ], [ -81.439380056364897, 28.359999222666065 ], [ -81.439379634797959, 28.359997565984738 ], [ -81.439379405098279, 28.359995832393359 ], [ -81.439379357120117, 28.359994029189348 ], [ -81.439379478282206, 28.359992165059396 ], [ -81.439379754050648, 28.359990249811837 ], [ -81.439380168459621, 28.359988294077308 ], [ -81.439380704651967, 28.359986308987867 ], [ -81.439381345421609, 28.359984305845195 ], [ -81.439382073740205, 28.359982295789024 ], [ -81.439382873251517, 28.359980289477253 ], [ -81.439383728718482, 28.359978296788611 ], [ -81.439384626410018, 28.359976326558204 ], [ -81.439385554416944, 28.359974386355137 ], [ -81.439386502889263, 28.359972482310056 ], [ -81.439387464190091, 28.359970618998599 ], [ -81.43938843296408, 28.359968799385122 ], [ -81.439389406121876, 28.359967024828471 ], [ -81.439390382744435, 28.359965295149895 ], [ -81.439391363914197, 28.359963608760605 ], [ -81.439392352482216, 28.359961962844455 ], [ -81.439393352782176, 28.359960353589184 ], [ -81.43939437030464, 28.35995877645783 ], [ -81.439395411344464, 28.359957226490476 ], [ -81.439396482636241, 28.359955698625086 ], [ -81.439397590991874, 28.359954188025522 ], [ -81.439398742953969, 28.359952690404551 ], [ -81.439399944477771, 28.359951202329217 ], [ -81.439401200652867, 28.359949721497095 ], [ -81.439402515474157, 28.359948246972191 ], [ -81.439403891669187, 28.359946779370997 ], [ -81.439405330586737, 28.359945320990708 ], [ -81.439406832149089, 28.359943875873459 ], [ -81.43940839486757, 28.359942449802979 ], [ -81.43941001591898, 28.359941050231999 ], [ -81.439411691277655, 28.359939686141555 ], [ -81.439413415896098, 28.359938367835689 ], [ -81.439415183925476, 28.359937106677233 ], [ -81.439416988965519, 28.359935914772894 ], [ -81.439418824332819, 28.359934804617478 ], [ -81.439420683335385, 28.359933788708936 ], [ -81.43942255954218, 28.359932879147056 ], [ -81.439424447035691, 28.359932087229478 ] ] ] } },
{ "type": "Feature", "properties": { "id": 11, "area_ha": 0.48705487104399797 }, "geometry": { "type": "Polygon", "coordinates": [ [ [ -81.441206415273044, 28.360099573536466 ], [ -81.44121480514481, 28.36011800439238 ], [ -81.441212875624799, 28.360140444080397 ], [ -81.441202446791166, 28.360163928758375 ], [ -81.441186488866094, 28.360185996565672 ], [ -81.441167621686617, 28.360205248695305 ], [ -81.441147214166662, 28.360221276873766 ], [ -81.441125501260217, 28.360234419559095 ], [ -81.441102365394357, 28.360245571680107 ], [ -81.441078032965194, 28.360255913240913 ], [ -81.441053165284316, 28.360266415317298 ], [ -81.441028417552005, 28.360277327772184 ], [ -81.441003983434072, 28.360288108345376 ], [ -81.440979597806532, 28.360298028939003 ], [ -81.440955024088524, 28.360307103494982 ], [ -81.44093060665611, 28.360316572526294 ], [ -81.44090738838284, 28.360328414421289 ], [ -81.440886623268511, 28.360344123085138 ], [ -81.440868976002506, 28.360363652329681 ], [ -81.440853939670845, 28.360385365007019 ], [ -81.440839863051224, 28.360407033307002 ], [ -81.440824589545954, 28.360427071385605 ], [ -81.440806352071789, 28.360445003914766 ], [ -81.440784457453887, 28.360460867367774 ], [ -81.440759452603459, 28.360474216054659 ], [ -81.440732755072915, 28.360483795481091 ], [ -81.44070597904053, 28.360488371519608 ], [ -81.440680289229448, 28.360488131364843 ], [ -81.440656057215847, 28.360485434349801 ], [ -81.440632926340498, 28.360484082525225 ], [ -81.440610190667797, 28.360487426718404 ], [ -81.440587248102545, 28.360496588610427 ], [ -81.440563872186686, 28.360510054185369 ], [ -81.440540178596294, 28.360524882868628 ], [ -81.440516368560452, 28.360538595741307 ], [ -81.440492476739593, 28.360550395990373 ], [ -81.440468328333566, 28.360561018966621 ], [ -81.440443732338906, 28.360571623439611 ], [ -81.440418743020345, 28.360582790593643 ], [ -81.440393768172058, 28.360594409442136 ], [ -81.440369434128527, 28.360606334698748 ], [ -81.44034631806754, 28.360619024163206 ], [ -81.440324750284077, 28.360633464081374 ], [ -81.440304793821085, 28.36065041567177 ], [ -81.440286323425624, 28.360669668484462 ], [ -81.440269037873549, 28.360689980314103 ], [ -81.440252347202545, 28.360709759128476 ], [ -81.440235280692988, 28.360727897908546 ], [ -81.440216645709867, 28.360744095877699 ], [ -81.440195503212223, 28.360758529222768 ], [ -81.440171718757796, 28.36077134574268 ], [ -81.440146173367324, 28.360782565628135 ], [ -81.440120380365045, 28.360792482566257 ], [ -81.440095676853161, 28.360802063037944 ], [ -81.440072514212645, 28.36081274325872 ], [ -81.440050345814967, 28.360825565536313 ], [ -81.440028183447282, 28.360840298681282 ], [ -81.44000539066711, 28.360855371420367 ], [ -81.439982112162383, 28.360868867531725 ], [ -81.439959049803903, 28.360879935072258 ], [ -81.439936831724012, 28.360889527225908 ], [ -81.439915529554838, 28.360899841911166 ], [ -81.439894704268283, 28.360912833258691 ], [ -81.439873868834013, 28.360928907086368 ], [ -81.439852891950025, 28.360946764833365 ], [ -81.439831958781681, 28.360964445376059 ], [ -81.439811160248269, 28.360980691660327 ], [ -81.439790167277536, 28.360995590227859 ], [ -81.439768381240981, 28.361010103781346 ], [ -81.439745476656213, 28.361025033124388 ], [ -81.439721813227763, 28.361040329307144 ], [ -81.439698240554819, 28.361055256310401 ], [ -81.439675365001065, 28.361069115771581 ], [ -81.439652915538829, 28.361081810286894 ], [ -81.439629871714388, 28.361093789861062 ], [ -81.439605390979708, 28.361105579163926 ], [ -81.439579798533984, 28.361117464003748 ], [ -81.439554699286262, 28.361129661870692 ], [ -81.439531920665118, 28.361142693006414 ], [ -81.439512020466822, 28.361157354903636 ], [ -81.439493605244422, 28.361174063466628 ], [ -81.439474164789573, 28.361192060813618 ], [ -81.439451887841585, 28.361209364193556 ], [ -81.439427010229878, 28.361223856639327 ], [ -81.439401514662336, 28.361234886370852 ], [ -81.439377347199184, 28.361244046702264 ], [ -81.439354659990812, 28.361254192789545 ], [ -81.43933173098128, 28.361267084290031 ], [ -81.439306876935873, 28.361281313413361 ], [ -81.439280869618841, 28.361292277583939 ], [ -81.439257627977639, 28.361294628343824 ], [ -81.439242088477087, 28.361285775105973 ], [ -81.439236430998491, 28.361268059300144 ], [ -81.4392374723556, 28.361247957092843 ], [ -81.439237579440771, 28.361232651511827 ], [ -81.439229024424066, 28.361226111536876 ], [ -81.439209048819023, 28.36122712576476 ], [ -81.439182095853013, 28.361230374011623 ], [ -81.439157473753838, 28.361229618710031 ], [ -81.439143896345726, 28.361220891279999 ], [ -81.439144566121698, 28.361203878614333 ], [ -81.439156047457175, 28.361181148769511 ], [ -81.439171431022942, 28.361156234357047 ], [ -81.439185276645375, 28.361131983900439 ], [ -81.43919676833319, 28.361109948891563 ], [ -81.439209109787924, 28.361090621561665 ], [ -81.439226097274812, 28.361073867892131 ], [ -81.439248770537503, 28.361059129909787 ], [ -81.439274655333719, 28.361045481659303 ], [ -81.439299858739304, 28.361031846935955 ], [ -81.439322049188107, 28.361017449200315 ], [ -81.439341874922505, 28.361002189159532 ], [ -81.439361867023493, 28.360986579901983 ], [ -81.439383980622225, 28.360971220889919 ], [ -81.439407913077048, 28.360956227523516 ], [ -81.439431504719749, 28.360941115414043 ], [ -81.439452706852094, 28.360925261395618 ], [ -81.439471361346932, 28.360908560451932 ], [ -81.439489343854078, 28.360891727362013 ], [ -81.439509092820941, 28.360876002619793 ], [ -81.439531861756805, 28.360862517479006 ], [ -81.439557111706279, 28.36085180042279 ], [ -81.439583351456719, 28.36084369107148 ], [ -81.439609485887047, 28.360837524831471 ], [ -81.439635432426712, 28.360832282895615 ], [ -81.439661589606942, 28.36082662021613 ], [ -81.439687863510073, 28.360819012233147 ], [ -81.439713334751048, 28.360808276212115 ], [ -81.439736965879433, 28.360794315937017 ], [ -81.439758679843194, 28.360778487467218 ], [ -81.439779707776154, 28.36076302608998 ], [ -81.439801737372662, 28.360749652316372 ], [ -81.439825526413884, 28.360738290401535 ], [ -81.439850227158729, 28.36072701353066 ], [ -81.439874115045328, 28.360713534285125 ], [ -81.439896170133494, 28.360697293901026 ], [ -81.439917123436146, 28.360680506998872 ], [ -81.439938945029454, 28.360667100522338 ], [ -81.439963071709656, 28.360660046421749 ], [ -81.439988835610677, 28.360658946619694 ], [ -81.440013523431446, 28.360659742411926 ], [ -81.440034219212038, 28.360656956666137 ], [ -81.440050086455685, 28.36064700595168 ], [ -81.440063286762538, 28.360630299411163 ], [ -81.440077740072184, 28.360610735577705 ], [ -81.440096618140245, 28.36059312046217 ], [ -81.440120458684461, 28.360580453521948 ], [ -81.44014727468668, 28.360572879093716 ], [ -81.440174428398166, 28.360568603834306 ], [ -81.440200654410134, 28.360565551543466 ], [ -81.440226575836505, 28.360562234724238 ], [ -81.440253376675756, 28.360557404979254 ], [ -81.440280872069877, 28.360549415590924 ], [ -81.440306753607601, 28.360536565540833 ], [ -81.440327838777463, 28.360518638645768 ], [ -81.440342491554858, 28.360498370976128 ], [ -81.44035234520473, 28.360481126490278 ], [ -81.44036187728571, 28.360472251943492 ], [ -81.440375934516965, 28.360473560169233 ], [ -81.440396793441195, 28.360481473612857 ], [ -81.440422673766193, 28.360488472477602 ], [ -81.440448614108462, 28.360487160120076 ], [ -81.440469076884213, 28.360474273432985 ], [ -81.440480672217944, 28.360451942756363 ], [ -81.440483546976694, 28.360425525599382 ], [ -81.440480977132779, 28.360399833045793 ], [ -81.440477729343968, 28.360376578839858 ], [ -81.44047818818224, 28.360354662563239 ], [ -81.440485021829204, 28.36033252083363 ], [ -81.440498675110135, 28.360310225165868 ], [ -81.440517633242209, 28.36028950358434 ], [ -81.440539274990371, 28.360271883510151 ], [ -81.440561056650594, 28.360256887554872 ], [ -81.440581615494054, 28.360242144217231 ], [ -81.440601275746374, 28.360225482592323 ], [ -81.440621622389827, 28.360207168448717 ], [ -81.440644322611874, 28.360190141325155 ], [ -81.440669913864511, 28.360177768901735 ], [ -81.44069738622612, 28.360170860316583 ], [ -81.440724876491203, 28.36016652435255 ], [ -81.440750978256702, 28.36016008817473 ], [ -81.440775680530493, 28.360148756209934 ], [ -81.440800204420839, 28.360134090699656 ], [ -81.440825855680671, 28.36012114404183 ], [ -81.440852793732745, 28.360114669329736 ], [ -81.440879700193634, 28.360115228496834 ], [ -81.440904628754254, 28.36011825589404 ], [ -81.440926389106963, 28.360116962957353 ], [ -81.440945408089064, 28.36010705420674 ], [ -81.440963445855971, 28.360089831013017 ], [ -81.44098245661371, 28.360071453125283 ], [ -81.441003520584985, 28.360058958096221 ], [ -81.441026626758571, 28.36005593031496 ], [ -81.441051306683988, 28.360060788171065 ], [ -81.441077384265583, 28.360068600675646 ], [ -81.441105040380066, 28.360074820065616 ], [ -81.441134043201799, 28.360078196141671 ], [ -81.441162802675038, 28.360081070101536 ], [ -81.441188174047383, 28.360087295649716 ], [ -81.441206415273044, 28.360099573536466 ] ] ] } },
{ "type": "Feature", "properties": { "id": 12, "area_ha": 5.6119603554095656 }, "geometry": { "type": "Polygon", "coordinates": [ [ [ -81.440207351939634, 28.359131854667204 ], [ -81.44027880400067, 28.359109566388703 ], [ -81.440333788726704, 28.359103647902732 ], [ -81.440355501320909, 28.359119741074629 ], [ -81.440334841761469, 28.359152153916348 ], [ -81.440277057123723, 28.35918903504049 ], [ -81.440199585187386, 28.359221411964683 ], [ -81.440122228455422, 28.359248989052503 ], [ -81.440056478540058, 28.359278386524828 ], [ -81.440001248466572, 28.35931580444722 ], [ -81.439947243667589, 28.359360622704685 ], [ -81.439885840304242, 28.359405376799973 ], [ -81.439815597951949, 28.359441886871394 ], [ -81.439742192124811, 28.359468045411919 ], [ -81.439673027553397, 28.359489440773935 ], [ -81.43961155456013, 28.359514707721821 ], [ -81.439555664025391, 28.359548902370925 ], [ -81.439500587336468, 28.359590514941171 ], [ -81.439443081811305, 28.359634064862203 ], [ -81.439383240892951, 28.359675205159654 ], [ -81.439322934908475, 28.359713521457646 ], [ -81.439262989698875, 28.359751038897155 ], [ -81.439202027122718, 28.359788788839051 ], [ -81.43913797385521, 28.359825362904754 ], [ -81.439070580693624, 28.359858874311897 ], [ -81.439002363731646, 28.359889935663556 ], [ -81.438936931342127, 28.359922120350308 ], [ -81.438876159085396, 28.359959049516888 ], [ -81.438818783646397, 28.360000938165431 ], [ -81.438761703499338, 28.360044260645683 ], [ -81.438702793732318, 28.360085167335491 ], [ -81.438642642093015, 28.360123383142835 ], [ -81.438583586386613, 28.360162557740299 ], [ -81.438526923983517, 28.360206393059244 ], [ -81.438470925302994, 28.360254168013547 ], [ -81.438411681717326, 28.360300219603367 ], [ -81.438346313045216, 28.360338376020017 ], [ -81.438275837359328, 28.360367543066644 ], [ -81.438205075796759, 28.360393249394683 ], [ -81.438139372880471, 28.360423459257671 ], [ -81.438080646570171, 28.360462191852253 ], [ -81.4380259825395, 28.360506554004154 ], [ -81.437969991683772, 28.360549735646408 ], [ -81.437909093242538, 28.360587171575155 ], [ -81.437844320704073, 28.36062037577268 ], [ -81.437780470784134, 28.360655286127802 ], [ -81.437722377542684, 28.360696983096069 ], [ -81.437671320849489, 28.360745657296913 ], [ -81.437624289619805, 28.360797106698598 ], [ -81.437576392868721, 28.360846672583698 ], [ -81.437524261571909, 28.360892639193494 ], [ -81.437467792254722, 28.360936242797305 ], [ -81.437409245075813, 28.360979071658907 ], [ -81.437350918838305, 28.361021025498729 ], [ -81.437293500526295, 28.361060933039134 ], [ -81.437236200400122, 28.361098806178241 ], [ -81.437178063230064, 28.361136914966483 ], [ -81.437118992140086, 28.36117821236941 ], [ -81.437059631283987, 28.36122358981541 ], [ -81.43700051528036, 28.361270829048774 ], [ -81.436941517484783, 28.361316456602808 ], [ -81.436882122788489, 28.361358738897955 ], [ -81.436822094433779, 28.361398884772825 ], [ -81.436761747517707, 28.361439378405631 ], [ -81.436701599623404, 28.361481320280223 ], [ -81.43664194837514, 28.361523624405354 ], [ -81.436583016745743, 28.361564883896964 ], [ -81.436525582105915, 28.361605800103046 ], [ -81.436471272094536, 28.361649359686595 ], [ -81.436421852511543, 28.361698263116413 ], [ -81.436377829005878, 28.361752097542222 ], [ -81.436337553834818, 28.361807252184551 ], [ -81.436297801911451, 28.361859928333399 ], [ -81.436255535426028, 28.361909408760937 ], [ -81.43620945772031, 28.361958316160194 ], [ -81.436160088165749, 28.362009494898636 ], [ -81.436108429563674, 28.362062567192417 ], [ -81.436054604631536, 28.362113679743359 ], [ -81.435997832281785, 28.362158887905071 ], [ -81.435937755019154, 28.362198000957207 ], [ -81.435875708577626, 28.362235149445564 ], [ -81.435814454266719, 28.362275446974262 ], [ -81.435756315116578, 28.362320846234308 ], [ -81.43570124944641, 28.362368939932011 ], [ -81.435646614007396, 28.362415427667724 ], [ -81.435588938733261, 28.362457376207985 ], [ -81.43552625770289, 28.362493922175773 ], [ -81.435459077201529, 28.362524158068091 ], [ -81.435389344448936, 28.362545300936727 ], [ -81.435318588846613, 28.362554168164689 ], [ -81.435247033593143, 28.362551292246422 ], [ -81.435174367867717, 28.362543446575721 ], [ -81.435101161156581, 28.362540923752601 ], [ -81.435029295896157, 28.362550640352595 ], [ -81.434960888030929, 28.362570685673717 ], [ -81.434896839940549, 28.36259159865801 ], [ -81.434836682707058, 28.362604135102057 ], [ -81.434780088158035, 28.362607333599776 ], [ -81.434728550813347, 28.362609878522861 ], [ -81.434685173382576, 28.362623193993134 ], [ -81.434652017899325, 28.362651757563921 ], [ -81.434626882392052, 28.362688555269767 ], [ -81.43460241633845, 28.36271926066355 ], [ -81.434569019318246, 28.362731502152926 ], [ -81.434520005406867, 28.362721805162799 ], [ -81.434455500609687, 28.362695453702219 ], [ -81.434382230867698, 28.362660768546512 ], [ -81.434309295376252, 28.362623398247774 ], [ -81.434242896810559, 28.362584913567868 ], [ -81.43418358856016, 28.362545252924534 ], [ -81.434127552817301, 28.362505237402384 ], [ -81.434070452825026, 28.36246635227112 ], [ -81.434010785669827, 28.362428654652 ], [ -81.43395043717689, 28.362389904082793 ], [ -81.433892458497496, 28.362347551231455 ], [ -81.433838085419765, 28.362301818251368 ], [ -81.433785342037467, 28.36225653134041 ], [ -81.43373023017611, 28.362216397136496 ], [ -81.433669643457378, 28.362182997402822 ], [ -81.43360404077454, 28.362153196974607 ], [ -81.433538153293583, 28.362121410636039 ], [ -81.433479275819153, 28.362083520188111 ], [ -81.433434164769821, 28.362038873071807 ], [ -81.433406374706962, 28.361989044470228 ], [ -81.4333955584828, 28.361935481219234 ], [ -81.433398998419307, 28.361879121844911 ], [ -81.433414178705618, 28.361822550837282 ], [ -81.433440518516363, 28.361771904569213 ], [ -81.43347901578143, 28.361735314313684 ], [ -81.433530149141447, 28.361717956550603 ], [ -81.43359179949249, 28.361717647472609 ], [ -81.433659043254551, 28.361725313577299 ], [ -81.433726259973454, 28.361730759709484 ], [ -81.433790134906047, 28.361729393991826 ], [ -81.433851323056572, 28.361724486304936 ], [ -81.433913484741211, 28.361723320098772 ], [ -81.433980380839003, 28.361730826564635 ], [ -81.434053143766533, 28.361746155390264 ], [ -81.434129602222015, 28.361764539309558 ], [ -81.434205910372569, 28.361781858022248 ], [ -81.434279086422194, 28.361797238577324 ], [ -81.434348648297032, 28.361811600218765 ], [ -81.434416456409693, 28.3618244253977 ], [ -81.434485186952244, 28.361832726031377 ], [ -81.434556538792464, 28.361833558481653 ], [ -81.43463009285945, 28.361827359985131 ], [ -81.434703218078269, 28.36181819124398 ], [ -81.43477206662989, 28.361810060308855 ], [ -81.434833471098514, 28.361802781385776 ], [ -81.434887098080665, 28.361791784519511 ], [ -81.434936606650254, 28.361772634533679 ], [ -81.434988529734454, 28.361746155041335 ], [ -81.435048775226392, 28.361718895987369 ], [ -81.435118582279316, 28.361697745400544 ], [ -81.435192888926167, 28.361683162724255 ], [ -81.43526295203975, 28.361667356484514 ], [ -81.435322018939729, 28.361639687769816 ], [ -81.435370130664339, 28.361595126378031 ], [ -81.4354142268472, 28.361538612679986 ], [ -81.435463039259602, 28.361481515783826 ], [ -81.435520403558002, 28.361433112803539 ], [ -81.435582142649324, 28.361394148466829 ], [ -81.435639062532218, 28.361357488949203 ], [ -81.435683788994979, 28.361314682891621 ], [ -81.435716098794529, 28.361262496891499 ], [ -81.435742666427188, 28.361204199459927 ], [ -81.435771718527064, 28.361145430211309 ], [ -81.435807114221589, 28.361089063708718 ], [ -81.435846514540415, 28.361033616630603 ], [ -81.435884620638944, 28.360975884200847 ], [ -81.435918262320271, 28.360914613329474 ], [ -81.435948980841133, 28.360851649896567 ], [ -81.435981379776464, 28.36078998748695 ], [ -81.436019296486762, 28.36073120970476 ], [ -81.436063367562653, 28.360674990448231 ], [ -81.436111734688041, 28.360620774420614 ], [ -81.436162503666509, 28.36056935997016 ], [ -81.436215184827958, 28.360522330385315 ], [ -81.436269845071749, 28.360479773137847 ], [ -81.436325353226493, 28.360438808567235 ], [ -81.43637913116298, 28.36039491781548 ], [ -81.436429196408483, 28.360345391837907 ], [ -81.436476681755778, 28.360292033141484 ], [ -81.436526138485675, 28.360240660797967 ], [ -81.436582785656185, 28.36019760942952 ], [ -81.436648757579405, 28.360165849433109 ], [ -81.436721538568577, 28.360143500050551 ], [ -81.436795985355133, 28.360125470173433 ], [ -81.436868217897555, 28.360106699031689 ], [ -81.436938072781672, 28.360084782641323 ], [ -81.437008193477908, 28.360060764217451 ], [ -81.437080859783279, 28.360038240160769 ], [ -81.437155547858964, 28.360021541988516 ], [ -81.437229325264184, 28.360013641216039 ], [ -81.437299490939026, 28.360014355417547 ], [ -81.437365918471286, 28.360019693575378 ], [ -81.437431049337746, 28.36002314372741 ], [ -81.437497757759317, 28.360018725994657 ], [ -81.437567149791491, 28.360004147196733 ], [ -81.437638157106122, 28.359981822394733 ], [ -81.437708968102882, 28.359956840686962 ], [ -81.437778757813078, 28.359933364433662 ], [ -81.437848219335535, 28.359912340970055 ], [ -81.437918741374915, 28.359892290052393 ], [ -81.437991235927527, 28.359872107707837 ], [ -81.438065568419177, 28.359852887876972 ], [ -81.438140659052308, 28.359836692415822 ], [ -81.438214772432147, 28.359823318930474 ], [ -81.438285836336576, 28.359808487692927 ], [ -81.438352165244396, 28.35978600002591 ], [ -81.438413718229981, 28.359752774873389 ], [ -81.438473014061614, 28.359712502635883 ], [ -81.438534295772257, 28.359674119795496 ], [ -81.438600605136372, 28.359645432410936 ], [ -81.438670585590941, 28.359626612598145 ], [ -81.438738011547414, 28.359609023006836 ], [ -81.438795534371877, 28.359580930309825 ], [ -81.438840600922433, 28.359536167717746 ], [ -81.438878894348321, 28.359479217120743 ], [ -81.438921729656428, 28.359422710198846 ], [ -81.43897839233739, 28.359379039933678 ], [ -81.439048909854932, 28.35935216043012 ], [ -81.439123158629315, 28.35933540099526 ], [ -81.439187650393364, 28.359316598328814 ], [ -81.4392352367896, 28.35928662095629 ], [ -81.439270389035627, 28.359245255683582 ], [ -81.439306009075494, 28.359200701060249 ], [ -81.439354349948118, 28.359163597534902 ], [ -81.439419124129586, 28.359140161498193 ], [ -81.439494566685298, 28.359129182506244 ], [ -81.43957133767212, 28.359124544553691 ], [ -81.439643772025292, 28.35912088999946 ], [ -81.439712583531175, 28.359117890460769 ], [ -81.439781707753298, 28.359119779848438 ], [ -81.439853207301823, 28.359130495790637 ], [ -81.439925375050791, 28.35914833607178 ], [ -81.43999549710766, 28.359164769955772 ], [ -81.440063816488021, 28.359169139056885 ], [ -81.44013380345811, 28.359156353952038 ], [ -81.440207351939634, 28.359131854667204 ] ], [ [ -81.433955793500473, 28.361884473982517 ], [ -81.433947953986959, 28.361887886475159 ], [ -81.43394035619589, 28.36189294627134 ], [ -81.433932668688854, 28.36189943469185 ], [ -81.433924568776405, 28.361906963054825 ], [ -81.43391579640118, 28.361915020223311 ], [ -81.43390620189183, 28.361923040887355 ], [ -81.433895778597332, 28.36193048474987 ], [ -81.433884673420835, 28.36193691488435 ], [ -81.433873171722013, 28.361942063426202 ], [ -81.43386165741056, 28.361945874475158 ], [ -81.433850553566216, 28.361948517361778 ], [ -81.433840252774345, 28.361950367760901 ], [ -81.433831048814767, 28.361951958853254 ], [ -81.433823081854271, 28.361953909124601 ], [ -81.433816307663093, 28.361956836790245 ], [ -81.4338104977775, 28.361961272745031 ], [ -81.43380527250163, 28.36196758410453 ], [ -81.433800163005358, 28.361975918828627 ], [ -81.433794693504197, 28.36198617887387 ], [ -81.433788470548834, 28.361998025284404 ], [ -81.433781264564118, 28.362010914212416 ], [ -81.433773069377338, 28.36202415870163 ], [ -81.433764128558181, 28.362037007751091 ], [ -81.433754922514836, 28.362048732132855 ], [ -81.433746116633159, 28.362058705897663 ], [ -81.43373847725438, 28.362066473470168 ], [ -81.433732767841988, 28.362071794503223 ], [ -81.433729641312937, 28.362074661851072 ], [ -81.433729545531975, 28.362075291654232 ], [ -81.433732657162764, 28.36207408809403 ], [ -81.433738854688684, 28.362071588407659 ], [ -81.433747735169362, 28.362068395895633 ], [ -81.433758672222865, 28.362065109686732 ], [ -81.433770906017912, 28.362062259898742 ], [ -81.433783650867483, 28.362060255643389 ], [ -81.433796203229164, 28.362059351297063 ], [ -81.433808033017769, 28.362059633903549 ], [ -81.433818844106554, 28.36206103183757 ], [ -81.433828595216767, 28.362063342277434 ], [ -81.433837479150995, 28.362066272904062 ], [ -81.433845865336622, 28.362069491779341 ], [ -81.43385421670429, 28.36207267868653 ], [ -81.433862995987752, 28.362075571371026 ], [ -81.43387257791484, 28.362078001042956 ], [ -81.433883182256366, 28.362079913058775 ], [ -81.433894838612574, 28.362081370689431 ], [ -81.43390738790562, 28.362082542075051 ], [ -81.433920518884065, 28.362083672604097 ], [ -81.433933831729263, 28.362085046794551 ], [ -81.433946916187239, 28.36208694507642 ], [ -81.4339594293468, 28.362089601515336 ], [ -81.433971158622256, 28.36209316838384 ], [ -81.433982058556452, 28.362097692576182 ], [ -81.43399225514149, 28.362103107267234 ], [ -81.434002017504056, 28.362109240119739 ], [ -81.434011702879047, 28.362115837010546 ], [ -81.434021685684527, 28.362122597985316 ], [ -81.434032284325681, 28.362129220286942 ], [ -81.434043699600764, 28.362135442121076 ], [ -81.43405597623952, 28.3621410805323 ], [ -81.434068994632725, 28.362146057455668 ], [ -81.434082494063176, 28.362150409628242 ], [ -81.43409612280179, 28.362154280395703 ], [ -81.434109505399292, 28.362157894205534 ], [ -81.434122314319168, 28.362161517331412 ], [ -81.434134332304865, 28.362165410688881 ], [ -81.434145493686941, 28.362169782089033 ], [ -81.434155896861967, 28.362174745655068 ], [ -81.434165785656205, 28.362180295278456 ], [ -81.434175503191284, 28.362186296994714 ], [ -81.434185427085694, 28.362192502282905 ], [ -81.434195898376274, 28.362198580965252 ], [ -81.434207157755225, 28.362204169130433 ], [ -81.434219301357359, 28.362208924862014 ], [ -81.434232264644777, 28.362212582986285 ], [ -81.434245837602191, 28.362214999863394 ], [ -81.434259708467678, 28.362216180521663 ], [ -81.434273527700626, 28.362216283021461 ], [ -81.434286979870265, 28.362215598455091 ], [ -81.434299849404283, 28.362214508891295 ], [ -81.434312067020642, 28.362213429225022 ], [ -81.434323727048849, 28.362212741682004 ], [ -81.434335071138577, 28.362212733164512 ], [ -81.434346440105358, 28.362213545435591 ], [ -81.434358201743265, 28.362215146312376 ], [ -81.434370667224442, 28.362217326840113 ], [ -81.434384011314705, 28.362219725348218 ], [ -81.434398211548071, 28.362221875007958 ], [ -81.434413018693363, 28.362223267724787 ], [ -81.434427965761529, 28.362223424545192 ], [ -81.434442416309665, 28.36222196169269 ], [ -81.43445564601241, 28.362218642065638 ], [ -81.434466945572979, 28.362213404423184 ], [ -81.434475729065198, 28.362206366164614 ], [ -81.434481630437901, 28.362197799958057 ], [ -81.434484572426413, 28.362188088761521 ], [ -81.434484796262907, 28.362177667277855 ], [ -81.434482846668786, 28.362166959996632 ], [ -81.43447951363197, 28.36215632634034 ], [ -81.434475739251781, 28.362146021987648 ], [ -81.434472503358791, 28.362136182443962 ], [ -81.434470704808533, 28.362126830890325 ], [ -81.434471055814015, 28.362117907968784 ], [ -81.43447400439365, 28.362109317218561 ], [ -81.434479695390223, 28.362100977053348 ], [ -81.434487974369219, 28.362092868962058 ], [ -81.434498432056117, 28.362085072240976 ], [ -81.434510480911044, 28.362077777921026 ], [ -81.434523450912323, 28.362071278235479 ], [ -81.434536689297829, 28.362065932343679 ], [ -81.434549649172936, 28.362062113327248 ], [ -81.434561954399825, 28.362060144958132 ], [ -81.434573432523166, 28.362060238795173 ], [ -81.434584112873537, 28.362062442435974 ], [ -81.434594192507561, 28.362066608178871 ], [ -81.434603977407534, 28.362072388199397 ], [ -81.434613809662594, 28.362079258147162 ], [ -81.434623992761985, 28.362086566532831 ], [ -81.434634726560191, 28.362093603160556 ], [ -81.434646061160052, 28.362099676853163 ], [ -81.434657875411844, 28.362104191303459 ], [ -81.434669881605046, 28.362106708278031 ], [ -81.434681653942121, 28.362106989504433 ], [ -81.434692675141719, 28.362105012006825 ], [ -81.434702393462032, 28.362100955822154 ], [ -81.434710281755727, 28.36209516722408 ], [ -81.434715890813479, 28.362088104114385 ], [ -81.434718890957583, 28.362080272556398 ], [ -81.434719098196638, 28.362072164190504 ], [ -81.43471648378231, 28.362064203431501 ], [ -81.434711168288345, 28.362056711122339 ], [ -81.434703403036409, 28.362049888153727 ], [ -81.4346935426545, 28.362043819043304 ], [ -81.434682012765009, 28.362038492219682 ], [ -81.434669276396079, 28.362033831318595 ], [ -81.434655801917557, 28.36202973053889 ], [ -81.434642034378896, 28.362026087169458 ], [ -81.434628371298956, 28.362022825679524 ], [ -81.434615143376945, 28.36201990995011 ], [ -81.434602600309589, 28.36201734285115 ], [ -81.434590901866812, 28.36201515492159 ], [ -81.434580114473121, 28.362013385916548 ], [ -81.434570213614634, 28.362012064103567 ], [ -81.434561092305586, 28.362011188264798 ], [ -81.434552575522545, 28.362010716445528 ], [ -81.434544439949804, 28.362010563821556 ], [ -81.434536437661691, 28.362010610013414 ], [ -81.434528321645544, 28.362010714178734 ], [ -81.434519870525563, 28.362010734665255 ], [ -81.434510909646804, 28.36201054919167 ], [ -81.434501325928821, 28.36201007157312 ], [ -81.434491074617526, 28.362009261869677 ], [ -81.434480177166819, 28.362008128298388 ], [ -81.434468710796153, 28.362006720982894 ], [ -81.434456791561075, 28.362005119251116 ], [ -81.434444553796709, 28.362003415390244 ], [ -81.434432129343847, 28.362001698297394 ], [ -81.434419629920527, 28.362000040232346 ], [ -81.43440713535351, 28.361998488964506 ], [ -81.434394689243604, 28.361997066227801 ], [ -81.434382302218879, 28.361995771870735 ], [ -81.434369961503094, 28.361994591759082 ], [ -81.434357644368419, 28.361993506654184 ], [ -81.434345332381994, 28.361992499140047 ], [ -81.434333023319724, 28.361991556247922 ], [ -81.434320738214439, 28.361990666605848 ], [ -81.434308522103009, 28.361989812465872 ], [ -81.43429643840939, 28.36198895849077 ], [ -81.434284558264267, 28.361988040359563 ], [ -81.434272947131603, 28.361986956783419 ], [ -81.434261651665793, 28.361985568244979 ], [ -81.434250689645992, 28.361983704683368 ], [ -81.43424004514398, 28.361981182621463 ], [ -81.434229669930644, 28.361977830189339 ], [ -81.434219490759929, 28.361973516548282 ], [ -81.434209420890966, 28.361968180777435 ], [ -81.43419937329692, 28.361961854691369 ], [ -81.434189272672654, 28.361954674503476 ], [ -81.434179063673639, 28.361946877735669 ], [ -81.434168713733939, 28.36193878409463 ], [ -81.434158210127094, 28.361930761807908 ], [ -81.434147552356833, 28.361923183649118 ], [ -81.434136742170523, 28.361916379066425 ], [ -81.434125774183968, 28.361910590021708 ], [ -81.434114630107203, 28.361905938066712 ], [ -81.434103278821723, 28.361902408764983 ], [ -81.434091683209132, 28.361899856990512 ], [ -81.434079812935423, 28.361898033290466 ], [ -81.434067660722079, 28.361896627941736 ], [ -81.434055258370364, 28.361895326170774 ], [ -81.434042688274388, 28.361893865812959 ], [ -81.43403008655163, 28.361892087881511 ], [ -81.434017635240579, 28.361889971293177 ], [ -81.434005543067357, 28.36188764528486 ], [ -81.433994016699017, 28.361885376518313 ], [ -81.433983226701613, 28.361883531962398 ], [ -81.433973274113413, 28.361882522694994 ], [ -81.433964164215851, 28.361882737100931 ], [ -81.433955793500473, 28.361884473982517 ] ], [ [ -81.434785645790043, 28.362313626033593 ], [ -81.434780372737634, 28.362316623948676 ], [ -81.434775258781144, 28.362320025334363 ], [ -81.434770314876175, 28.362323786878445 ], [ -81.434765545815651, 28.362327856492179 ], [ -81.434760950383563, 28.362332173944427 ], [ -81.434756521690574, 28.362336671791489 ], [ -81.434752247675661, 28.362341276591579 ], [ -81.434748111753038, 28.362345910381734 ], [ -81.434744093579027, 28.362350492384731 ], [ -81.434740169911336, 28.362354940903622 ], [ -81.434736315529747, 28.362359175352889 ], [ -81.434732504187735, 28.362363118368265 ], [ -81.434728709562918, 28.362366697931748 ], [ -81.434724906176726, 28.362369849445088 ], [ -81.434721070254767, 28.362372517684044 ], [ -81.434717180502815, 28.362374658566857 ], [ -81.434713218776906, 28.362376240674049 ], [ -81.434709170630313, 28.362377246462408 ], [ -81.434705025725208, 28.362377673124325 ], [ -81.434700778101487, 28.362377533053181 ], [ -81.434696426300803, 28.362376853887291 ], [ -81.434691973348436, 28.362375678117694 ], [ -81.434687426600775, 28.362374062258571 ], [ -81.434682797470373, 28.362372075593132 ], [ -81.434678101043957, 28.362369798522003 ], [ -81.434673355612333, 28.362367320554078 ], [ -81.434668582132829, 28.362364737992642 ], [ -81.434663803646686, 28.362362151380154 ], [ -81.434659044673992, 28.362359662774299 ], [ -81.434654330608396, 28.362357372934547 ], [ -81.434649687132946, 28.362355378503274 ], [ -81.434645139675951, 28.362353769266551 ], [ -81.434640712923382, 28.362352625579341 ], [ -81.434636430401241, 28.362352016035572 ], [ -81.434632314137417, 28.362351995457225 ], [ -81.434628384409024, 28.362352603267571 ], [ -81.434624659577153, 28.362353862302474 ], [ -81.43462115600731, 28.362355778100433 ], [ -81.43461788806961, 28.362358338697561 ], [ -81.434614868210531, 28.362361514937991 ], [ -81.434612107084249, 28.362365261293931 ], [ -81.43460961373016, 28.362369517173789 ], [ -81.434607395781171, 28.362374208680876 ], [ -81.434605459686921, 28.362379250770868 ], [ -81.434603810935982, 28.362384549743247 ], [ -81.434602454261622, 28.362390005990985 ], [ -81.434601393817303, 28.36239551692416 ], [ -81.434600633310168, 28.362400979977409 ], [ -81.434600176082895, 28.36240629560784 ], [ -81.434600025137897, 28.362411370190571 ], [ -81.43460018310077, 28.362416118721416 ], [ -81.434600652122981, 28.362420467242789 ], [ -81.434601433728091, 28.362424354917291 ], [ -81.434602528607968, 28.362427735684811 ], [ -81.434603936379432, 28.362430579452163 ], [ -81.434605655313462, 28.36243287277933 ], [ -81.434607682051691, 28.36243461904278 ], [ -81.434610011326143, 28.362435838072713 ], [ -81.434612635698542, 28.362436565278653 ], [ -81.434615545336101, 28.362436850293786 ], [ -81.43461872783908, 28.36243675518428 ], [ -81.434622168134865, 28.362436352283609 ], [ -81.434625848450295, 28.362435721724108 ], [ -81.434629748371592, 28.362434948747261 ], [ -81.434633844997904, 28.362434120881602 ], [ -81.434638113191113, 28.362433325080545 ], [ -81.434642525919799, 28.362432644913827 ], [ -81.434647054692746, 28.362432157903818 ], [ -81.434651670072057, 28.362431933092733 ], [ -81.434656342253319, 28.362432028918892 ], [ -81.434661041696529, 28.36243249146948 ], [ -81.434665739789025, 28.362433353164203 ], [ -81.434670409519299, 28.362434631910219 ], [ -81.434675026139587, 28.362436330752125 ], [ -81.434679567794305, 28.362438438024686 ], [ -81.434684016091623, 28.362440927998918 ], [ -81.434688356597192, 28.362443761995706 ], [ -81.434692579230131, 28.3624468899257 ], [ -81.434696678544938, 28.362450252200063 ], [ -81.434700653886011, 28.36245378194457 ], [ -81.43470450940552, 28.362457407439603 ], [ -81.434708253939888, 28.362461054701509 ], [ -81.434711900744901, 28.362464650116443 ], [ -81.434715467094207, 28.36246812303629 ], [ -81.434718973750762, 28.362471408248553 ], [ -81.434722444325601, 28.36247444823605 ], [ -81.434725904541907, 28.362477195150468 ], [ -81.434729381426536, 28.362479612433503 ], [ -81.434732902453703, 28.362481676031713 ], [ -81.434736494667561, 28.362483375165091 ], [ -81.434740183811911, 28.362484712625101 ], [ -81.43474399349499, 28.362485704593301 ], [ -81.434747944417012, 28.362486379988759 ], [ -81.434752053685926, 28.362486779367732 ], [ -81.434756334244582, 28.362486953414741 ], [ -81.434760794428726, 28.362486961077483 ], [ -81.434765437670933, 28.362486867410073 ], [ -81.434770262361269, 28.362486741198751 ], [ -81.434775261869362, 28.362486652451221 ], [ -81.434780424728018, 28.362486669835196 ], [ -81.434785734972237, 28.362486858153009 ], [ -81.434791172622496, 28.362487275937799 ], [ -81.434796714295899, 28.362487973252282 ], [ -81.434802333924367, 28.362488989764074 ], [ -81.434808003555233, 28.362490353161913 ], [ -81.434813694206397, 28.36249207796563 ], [ -81.434819376746177, 28.362494164769238 ], [ -81.434825022767228, 28.362496599941906 ], [ -81.434830605423556, 28.362499355796253 ], [ -81.434836100200897, 28.362502391218047 ], [ -81.434841485593026, 28.36250565273566 ], [ -81.434846743659691, 28.36250907599376 ], [ -81.434851860445832, 28.362512587582042 ], [ -81.434856826246644, 28.362516107158992 ], [ -81.434861635708572, 28.362519549800648 ], [ -81.434866287761835, 28.362522828498193 ], [ -81.43487078538665, 28.362525856723195 ], [ -81.434875135220636, 28.362528550978354 ], [ -81.434879347021365, 28.362530833252187 ], [ -81.43488343300308, 28.362532633300646 ], [ -81.43488740707123, 28.362533890684226 ], [ -81.434891283982935, 28.362534556498691 ], [ -81.434895078463924, 28.362534594747309 ], [ -81.434898804314884, 28.362533983315434 ], [ -81.43490247354093, 28.362532714521176 ], [ -81.434906095537144, 28.362530795230178 ], [ -81.434909676362381, 28.362528246536673 ], [ -81.43491321812995, 28.362525103027117 ], [ -81.434916718540748, 28.362521411655727 ], [ -81.434920170579375, 28.362517230273408 ], [ -81.434923562388377, 28.362512625862085 ], [ -81.434926877329602, 28.362507672534861 ], [ -81.434930094235526, 28.362502449368868 ], [ -81.434933187846099, 28.362497038141843 ], [ -81.434936129420677, 28.362491521044817 ], [ -81.434938887507926, 28.362485978442841 ], [ -81.434941428850749, 28.362480486751902 ], [ -81.434943719398348, 28.3624751164953 ], [ -81.434945725393078, 28.36246993059499 ], [ -81.434947414496648, 28.362464982944203 ], [ -81.434948756918189, 28.362460317297504 ], [ -81.434949726506005, 28.362455966502633 ], [ -81.43495030176507, 28.362451952086825 ], [ -81.434950466764462, 28.362448284198056 ], [ -81.434950211901793, 28.362444961889938 ], [ -81.434949534495757, 28.362441973728011 ], [ -81.43494843918343, 28.362439298685285 ], [ -81.434946938104474, 28.362436907286174 ], [ -81.434945050861984, 28.362434762951395 ], [ -81.43494280425567, 28.362432823491407 ], [ -81.434940231791629, 28.362431042692798 ], [ -81.43493737297932, 28.362429371941509 ], [ -81.434934272433892, 28.362427761827821 ], [ -81.434930978808325, 28.362426163681025 ], [ -81.434927543585829, 28.362424530986811 ], [ -81.434924019767337, 28.362422820646689 ], [ -81.434920460493018, 28.362420994046449 ], [ -81.434916917639285, 28.362419017909332 ], [ -81.434913440433547, 28.362416864918796 ], [ -81.434910074129135, 28.362414514104973 ], [ -81.434906858781289, 28.362411950998457 ], [ -81.434903828161794, 28.362409167563488 ], [ -81.434901008846325, 28.362406161930679 ], [ -81.434898419502986, 28.362402937956091 ], [ -81.434896070404577, 28.362399504638969 ], [ -81.434893963179931, 28.362395875434157 ], [ -81.434892090813022, 28.362392067497431 ], [ -81.434890437889877, 28.362388100902724 ], [ -81.434888981086587, 28.362383997868459 ], [ -81.434887689883624, 28.362379782028121 ], [ -81.434886527485077, 28.36237547777532 ], [ -81.434885451914738, 28.36237110970848 ], [ -81.434884417256072, 28.362366702193839 ], [ -81.434883374998421, 28.362362279058082 ], [ -81.434882275448473, 28.362357863414719 ], [ -81.434881069164888, 28.362353477620591 ], [ -81.434879708372733, 28.362349143351821 ], [ -81.434878148315789, 28.362344881781837 ], [ -81.434876348506805, 28.362340713838467 ], [ -81.434874273839057, 28.362336660512604 ], [ -81.43487189552782, 28.3623327431877 ], [ -81.434869191854943, 28.362328983957827 ], [ -81.434866148696898, 28.362325405901899 ], [ -81.434862759823375, 28.362322033283224 ], [ -81.434859026960368, 28.362318891646691 ], [ -81.434854959619642, 28.362316007790497 ], [ -81.434850574703347, 28.362313409594975 ], [ -81.434845895899471, 28.362311125698035 ], [ -81.43484095289017, 28.362309185014389 ], [ -81.434835780400519, 28.362307616103507 ], [ -81.434830417119613, 28.362306446399518 ], [ -81.434824904529449, 28.362305701324214 ], [ -81.434819285679708, 28.362305403311176 ], [ -81.434813603946495, 28.362305570775984 ], [ -81.434807901814295, 28.362306217071854 ], [ -81.434802219717568, 28.362307349474349 ], [ -81.434796594976746, 28.362308968240381 ], [ -81.434791060858984, 28.362311065786951 ], [ -81.434785645790043, 28.362313626033593 ] ] ] } },
{ "type": "Feature", "properties": { "id": 13, "area_ha": 0.028864004414145369 }, "geometry": { "type": "Polygon", "coordinates": [ [ [ -81.434944156635254, 28.363817110065185 ], [ -81.434947124771469, 28.363815765275419 ], [ -81.434950155504879, 28.363814605258291 ], [ -81.434953251789565, 28.363813640697344 ], [ -81.434956415269696, 28.363812880756782 ], [ -81.434959646130935, 28.363812332934707 ], [ -81.434962942972987, 28.363812002940506 ], [ -81.434966302706457, 28.363811894598687 ], [ -81.434969720476218, 28.363812009780602 ], [ -81.434973189613601, 28.363812348365645 ], [ -81.434976701619348, 28.363812908232749 ], [ -81.434980246178796, 28.363813685282881 ], [ -81.434983811210174, 28.363814673492605 ], [ -81.434987382947043, 28.363815864998607 ], [ -81.434990946054668, 28.363817250212286 ], [ -81.434994483780102, 28.363818817963306 ], [ -81.434997978134973, 28.363820555670404 ], [ -81.43500141010945, 28.3638224495371 ], [ -81.435004759914946, 28.363824484769765 ], [ -81.435008007252947, 28.363826645814612 ], [ -81.435011131606075, 28.36382891661005 ], [ -81.435014112547435, 28.363831280850011 ], [ -81.435016930063028, 28.363833722253897 ], [ -81.435019564881884, 28.363836224837975 ], [ -81.435021998808111, 28.363838773183168 ], [ -81.435024215047818, 28.363841352693726 ], [ -81.435026198524724, 28.363843949841534 ], [ -81.435027936177121, 28.363846552390289 ], [ -81.435029417229174, 28.363849149594731 ], [ -81.435030633429804, 28.363851732369643 ], [ -81.435031579252453, 28.363854293424389 ], [ -81.435032252049552, 28.363856827358873 ], [ -81.435032652156522, 28.363859330717997 ], [ -81.435032782940482, 28.363861802001963 ], [ -81.435032650790276, 28.363864241631276 ], [ -81.435032265045621, 28.363866651865823 ], [ -81.435031637864199, 28.363869036678981 ], [ -81.435030784027376, 28.363871401588344 ], [ -81.435029720686359, 28.363873753446235 ], [ -81.435028467052561, 28.363876100194037 ], [ -81.435027044037056, 28.36387845058545 ], [ -81.435025473845755, 28.363880813884951 ], [ -81.43502377953844, 28.363883199548354 ], [ -81.435021984560649, 28.363885616893192 ], [ -81.435020112258684, 28.363888074767189 ], [ -81.435018185388998, 28.363890581223419 ], [ -81.435016225633589, 28.363893143210763 ], [ -81.435014253132962, 28.363895766288309 ], [ -81.435012286049215, 28.36389845437175 ], [ -81.435010340170024, 28.363901209519572 ], [ -81.435008428564927, 28.36390403176561 ], [ -81.435006561303254, 28.363906919003885 ], [ -81.435004745242523, 28.363909866929951 ], [ -81.435002983893853, 28.363912869042061 ], [ -81.435001277369665, 28.363915916703551 ], [ -81.434999622416342, 28.363918999266424 ], [ -81.434998012532901, 28.363922104254243 ], [ -81.434996438173968, 28.363925217601054 ], [ -81.434994887033213, 28.363928323941121 ], [ -81.434993344401363, 28.363931406942974 ], [ -81.434991793590214, 28.363934449679679 ], [ -81.434990216412842, 28.363937435026237 ], [ -81.434988593707573, 28.363940346073896 ], [ -81.43498690589287, 28.36394316655042 ], [ -81.434985133537893, 28.363945881235249 ], [ -81.434983257934334, 28.363948476357788 ], [ -81.434981261653292, 28.363950939967999 ], [ -81.434979129072275, 28.363953262268279 ], [ -81.434976846857197, 28.363955435896912 ], [ -81.434974404385684, 28.36395745615447 ], [ -81.434971794099354, 28.363959321165598 ], [ -81.434969011774427, 28.363961031970707 ], [ -81.434966056702009, 28.363962592543619 ], [ -81.434962931772461, 28.363964009733238 ], [ -81.434959643459834, 28.363965293129414 ], [ -81.434956201706385, 28.363966454855255 ], [ -81.434952619708753, 28.363967509290131 ], [ -81.434948913611137, 28.363968472729606 ], [ -81.43494510211319, 28.363969362990328 ], [ -81.434941206002634, 28.363970198969724 ], [ -81.434937247625271, 28.363971000171233 ], [ -81.434933250306727, 28.363971786207426 ], [ -81.43492923774204, 28.363972576293829 ], [ -81.434925233370009, 28.363973388746558 ], [ -81.43492125974997, 28.363974240497232 ], [ -81.434917337959106, 28.363975146637983 ], [ -81.43491348702743, 28.363976120008711 ], [ -81.434909723427054, 28.363977170838002 ], [ -81.434906060630937, 28.363978306447258 ], [ -81.434902508754377, 28.363979531026192 ], [ -81.434899074290385, 28.363980845486257 ], [ -81.434895759947281, 28.363982247395683 ], [ -81.434892564594378, 28.363983730998491 ], [ -81.434889483318145, 28.363985287317078 ], [ -81.434886507588644, 28.363986904335757 ], [ -81.434883625532223, 28.36398856726062 ], [ -81.434880822304166, 28.363990258848954 ], [ -81.434878080551414, 28.363991959799382 ], [ -81.434875380953301, 28.363993649192714 ], [ -81.434872702825899, 28.363995304971599 ], [ -81.434870024773318, 28.363996904446594 ], [ -81.434867325368515, 28.36399842481519 ], [ -81.434864583844515, 28.363999843680407 ], [ -81.434861780777325, 28.364001139555317 ], [ -81.434858898741041, 28.364002292340672 ], [ -81.434855922917322, 28.364003283763431 ], [ -81.434852841641984, 28.364004097765218 ], [ -81.434849646873047, 28.364004720831286 ], [ -81.434846334567396, 28.364005142252132 ], [ -81.434842904954834, 28.364005354311978 ], [ -81.43483936270205, 28.364005352400397 ], [ -81.434835716960947, 28.364005135045364 ], [ -81.434831981300107, 28.364004703868428 ], [ -81.43482817352043, 28.364004063464606 ], [ -81.434824315359677, 28.364003221211821 ], [ -81.434820432093389, 28.364002187016361 ], [ -81.434816552042733, 28.364000973002774 ], [ -81.434812706001807, 28.363999593157626 ], [ -81.434808926599715, 28.363998062938041 ], [ -81.434805247613724, 28.363996398856383 ], [ -81.434801703251665, 28.363994618053052 ], [ -81.434798327421802, 28.363992737869399 ], [ -81.434795153009119, 28.363990775432342 ], [ -81.434792211176429, 28.36398874726201 ], [ -81.434789530707604, 28.363986668912318 ], [ -81.434787137409415, 28.36398455465368 ], [ -81.43478505358641, 28.363982417205321 ], [ -81.43478329760093, 28.363980267523043 ], [ -81.434781883528615, 28.363978114646709 ], [ -81.434780820916131, 28.36397596560969 ], [ -81.434780114646088, 28.363973825410788 ], [ -81.43477976491009, 28.363971697047035 ], [ -81.434779767289001, 28.363969581604504 ], [ -81.434780112935925, 28.363967478402074 ], [ -81.434780788855434, 28.363965385182073 ], [ -81.434781778269439, 28.363963298340252 ], [ -81.434783061058738, 28.363961213186869 ], [ -81.434784614267244, 28.363959124229492 ], [ -81.43478641265439, 28.363957025468306 ], [ -81.434788429280744, 28.363954910694151 ], [ -81.434790636110975, 28.363952773779975 ], [ -81.434793004618641, 28.363950608956749 ], [ -81.434795506377512, 28.363948411065628 ], [ -81.434798113625121, 28.363946175779173 ], [ -81.434800799785293, 28.363943899785518 ], [ -81.434803539937917, 28.363941580930788 ], [ -81.434806311226467, 28.363939218316304 ], [ -81.434809093195099, 28.363936812348996 ], [ -81.434811868050062, 28.363934364744338 ], [ -81.434814620841863, 28.363931878483307 ], [ -81.434817339567218, 28.363929357725677 ], [ -81.434820015192017, 28.363926807683658 ], [ -81.434822641598444, 28.363924234460743 ], [ -81.434825215461586, 28.363921644861826 ], [ -81.434827736062388, 28.363919046181248 ], [ -81.434830205045373, 28.363916445975971 ], [ -81.434832626130614, 28.363913851831544 ], [ -81.434835004790401, 28.363911271128273 ], [ -81.434837347901237, 28.363908710815153 ], [ -81.434839663382547, 28.363906177198604 ], [ -81.434841959832625, 28.363903675752365 ], [ -81.434844246172403, 28.363901210954275 ], [ -81.434846531306775, 28.363898786154753 ], [ -81.434848823811848, 28.363896403480645 ], [ -81.434851131656146, 28.363894063777103 ], [ -81.434853461961268, 28.363891766588903 ], [ -81.434855820807329, 28.363889510181583 ], [ -81.434858213085832, 28.363887291601475 ], [ -81.434860642401844, 28.363885106772727 ], [ -81.434863111025606, 28.363882950628369 ], [ -81.434865619892122, 28.363880817271543 ], [ -81.434868168646133, 28.363878700162484 ], [ -81.434870755728653, 28.36387659232588 ], [ -81.434873378500185, 28.36387448657301 ], [ -81.434876033395071, 28.363872375732946 ], [ -81.434878716100499, 28.363870252886642 ], [ -81.434881421753758, 28.363868111597988 ], [ -81.434884145150733, 28.363865946136176 ], [ -81.434886880958729, 28.363863751683947 ], [ -81.434889623927347, 28.363861524526826 ], [ -81.434892369090647, 28.363859262219052 ], [ -81.434895111955399, 28.363856963722494 ], [ -81.434897848669891, 28.363854629515693 ], [ -81.434900576169298, 28.363852261670768 ], [ -81.43490329229401, 28.363849863896938 ], [ -81.434905995878168, 28.363847441549865 ], [ -81.434908686806693, 28.3638450016071 ], [ -81.434911366040026, 28.363842552610372 ], [ -81.434914035606283, 28.363840104576262 ], [ -81.434916698561636, 28.363837668877345 ], [ -81.434919358920311, 28.363835258096326 ], [ -81.434922021556247, 28.363832885856223 ], [ -81.434924692078852, 28.363830566629979 ], [ -81.43492737668619, 28.363828315533116 ], [ -81.434930081998672, 28.3638261481032 ], [ -81.43493281487703, 28.363824080070064 ], [ -81.434935582228576, 28.363822127120848 ], [ -81.43493839080547, 28.363820304663587 ], [ -81.43494124699923, 28.363818627593457 ], [ -81.434944156635254, 28.363817110065185 ] ] ] } },
{ "type": "Feature", "properties": { "id": 14, "area_ha": 0.004803604022391543 }, "geometry": { "type": "Polygon", "coordinates": [ [ [ -81.434723237023093, 28.364020813956195 ], [ -81.434725000872461, 28.364020673092561 ], [ -81.434726716145477, 28.364020564547324 ], [ -81.434728380655812, 28.364020497884216 ], [ -81.434729993252276, 28.364020483386817 ], [ -81.43473155371575, 28.364020531731402 ], [ -81.43473306262247, 28.364020653636551 ], [ -81.434734521178896, 28.364020859501004 ], [ -81.434735931034439, 28.364021159041627 ], [ -81.434737294079568, 28.364021560943453 ], [ -81.434738612236487, 28.364022072533515 ], [ -81.434739887250643, 28.364022699489215 ], [ -81.434741120490614, 28.364023445591101 ], [ -81.434742312764129, 28.36402431252839 ], [ -81.434743464157179, 28.364025299763835 ], [ -81.43474457390235, 28.364026404462717 ], [ -81.434745640281591, 28.364027621488479 ], [ -81.434746660567356, 28.364028943465581 ], [ -81.434747631004939, 28.364030360907599 ], [ -81.434748546836943, 28.364031862407003 ], [ -81.434749402369746, 28.364033434880508 ], [ -81.434750191080298, 28.364035063862389 ], [ -81.434750905759969, 28.364036733836727 ], [ -81.434751538691046, 28.364038428598011 ], [ -81.434752081850206, 28.364040131628936 ], [ -81.43475252713246, 28.364041826483678 ], [ -81.434752866588056, 28.364043497164751 ], [ -81.434753092664707, 28.364045128481994 ], [ -81.434753198446799, 28.36404670638289 ], [ -81.434753177883834, 28.364048218244299 ], [ -81.434753025999981, 28.364049653117462 ], [ -81.434752739078093, 28.364051001919268 ], [ -81.434752314811405, 28.364052257565078 ], [ -81.434751752417768, 28.364053415040061 ], [ -81.434751052712528, 28.364054471408384 ], [ -81.434750218136912, 28.364055425761372 ], [ -81.434749252741199, 28.364056279108095 ], [ -81.434748162122347, 28.364057034213459 ], [ -81.43474695331814, 28.364057695390692 ], [ -81.434745634660928, 28.364058268256645 ], [ -81.434744215595316, 28.364058759459116 ], [ -81.434742706465542, 28.364059176386696 ], [ -81.434741118279177, 28.364059526871571 ], [ -81.434739462454473, 28.36405981889601 ], [ -81.434737750559222, 28.364060060312966 ], [ -81.434735994049447, 28.364060258590381 ], [ -81.434734204015797, 28.364060420587808 ], [ -81.434732390945712, 28.364060552372656 ], [ -81.43473056450847, 28.36406065908189 ], [ -81.434728733369553, 28.364060744832969 ], [ -81.434726905039966, 28.364060812686251 ], [ -81.434725085764597, 28.364060864658963 ], [ -81.434723280452587, 28.364060901788939 ], [ -81.434721492651377, 28.364060924244459 ], [ -81.434719724564303, 28.364060931474896 ], [ -81.434717977110381, 28.364060922395275 ], [ -81.434716250023584, 28.36406089559679 ], [ -81.434714541987617, 28.364060849573981 ], [ -81.434712850800423, 28.364060782959303 ], [ -81.43471117356313, 28.364060694754933 ], [ -81.434709506885596, 28.364060584552199 ], [ -81.434707847101748, 28.364060452729309 ], [ -81.434706190486665, 28.364060300618821 ], [ -81.434704533468022, 28.364060130637547 ], [ -81.434702872824246, 28.364059946372908 ], [ -81.434701205862723, 28.364059752621213 ], [ -81.434699530571933, 28.364059555375285 ], [ -81.434697845742292, 28.364059361760702 ], [ -81.434696151051838, 28.364059179921536 ], [ -81.434694447113898, 28.364059018858736 ], [ -81.434692735485584, 28.364058888225571 ], [ -81.434691018636798, 28.364058798086649 ], [ -81.434689299881512, 28.364058758647861 ], [ -81.4346875832736, 28.364058779966093 ], [ -81.434685873471594, 28.364058871648183 ], [ -81.434684175577033, 28.364059042548991 ], [ -81.434682494952412, 28.364059300478726 ], [ -81.434680837025383, 28.364059651929281 ], [ -81.434679207086106, 28.364060101828905 ], [ -81.434677610085217, 28.364060653333517 ], [ -81.434676050439393, 28.364061307661856 ], [ -81.434674531851698, 28.36406206398016 ], [ -81.434673057153006, 28.364062919340704 ], [ -81.434671628170165, 28.364063868676372 ], [ -81.434670245625895, 28.364064904852 ], [ -81.434668909073835, 28.364066018771148 ], [ -81.434667616871494, 28.364067199535299 ], [ -81.434666366192303, 28.364068434650783 ], [ -81.434665153076452, 28.364069710277249 ], [ -81.434663972519786, 28.364071011510188 ], [ -81.434662818597317, 28.364072322689061 ], [ -81.434661684618533, 28.364073627721886 ], [ -81.434660563309137, 28.364074910416612 ], [ -81.434659447013956, 28.364076154809855 ], [ -81.434658327914931, 28.364077345483267 ], [ -81.434657198257227, 28.364078467859166 ], [ -81.43465605057709, 28.364079508467125 ], [ -81.434654877924316, 28.364080455174946 ], [ -81.434653674072905, 28.364081297378306 ], [ -81.434652433713865, 28.36408202614528 ], [ -81.434651152624696, 28.364082634313164 ], [ -81.434649827810773, 28.364083116536897 ], [ -81.434648457615253, 28.36408346928993 ], [ -81.434647041794548, 28.364083690819896 ], [ -81.434645581558144, 28.364083781063009 ], [ -81.434644079572067, 28.364083741522151 ], [ -81.434642539927012, 28.364083575115032 ], [ -81.43464096807287, 28.36408328599893 ], [ -81.434639370722152, 28.364082879379929 ], [ -81.434637755726371, 28.364082361313802 ], [ -81.434636131929224, 28.364081738506574 ], [ -81.43463450900191, 28.36408101812151 ], [ -81.434632897265274, 28.364080207599468 ], [ -81.434631307504489, 28.364079314498166 ], [ -81.434629750781539, 28.364078346354937 ], [ -81.434628238250369, 28.36407731057654 ], [ -81.434626780979784, 28.364076214358057 ], [ -81.434625389787882, 28.364075064631525 ], [ -81.434624075091975, 28.364073868043711 ], [ -81.434622846776335, 28.364072630961079 ], [ -81.434621714080052, 28.364071359498691 ], [ -81.434620685505863, 28.364070059568803 ], [ -81.434619768750409, 28.364068736944187 ], [ -81.43461897065518, 28.364067397330324 ], [ -81.434618297177082, 28.364066046440559 ], [ -81.434617753376344, 28.364064690067959 ], [ -81.43461734341976, 28.364063334147943 ], [ -81.434617070596019, 28.36406198480627 ], [ -81.434616937340294, 28.364060648387333 ], [ -81.434616945264921, 28.364059331459128 ], [ -81.434617095192849, 28.364058040791924 ], [ -81.434617387191395, 28.364056783309131 ], [ -81.434617820603563, 28.364055566010119 ], [ -81.434618394074775, 28.364054395866166 ], [ -81.434619105573972, 28.36405327969192 ], [ -81.4346199524079, 28.364052223996303 ], [ -81.434620931228551, 28.36405123481752 ], [ -81.434622038034377, 28.364050317548287 ], [ -81.434623268166249, 28.364049476757696 ], [ -81.434624616300113, 28.364048716017031 ], [ -81.434626076438491, 28.364048037736723 ], [ -81.434627641903433, 28.36404744302191 ], [ -81.434629305334028, 28.364046931553343 ], [ -81.434631058691224, 28.364046501500226 ], [ -81.434632893273204, 28.364046149470077 ], [ -81.434634799743904, 28.364045870500146 ], [ -81.434636768177299, 28.364045658093051 ], [ -81.434638788119187, 28.36404550429835 ], [ -81.43464084866801, 28.364045399839625 ], [ -81.434642938575195, 28.364045334285375 ], [ -81.434645046364821, 28.36404529626035 ], [ -81.434647160471712, 28.364045273692295 ], [ -81.434649269395834, 28.364045254087781 ], [ -81.434651361870507, 28.364045224829532 ], [ -81.434653427040757, 28.364045173486716 ], [ -81.434655454647725, 28.364045088128986 ], [ -81.434657435214191, 28.364044957634615 ], [ -81.434659360226291, 28.364044771982993 ], [ -81.434661222305749, 28.364044522522189 ], [ -81.43466301536732, 28.364044202202713 ], [ -81.434664734755899, 28.364043805769569 ], [ -81.434666377358326, 28.364043329905986 ], [ -81.434667941685419, 28.364042773323639 ], [ -81.434669427920369, 28.364042136795799 ], [ -81.43467083793044, 28.364041423131713 ], [ -81.434672175240237, 28.364040637092405 ], [ -81.434673444965355, 28.364039785249947 ], [ -81.434674653707106, 28.36403887579435 ], [ -81.434675809409498, 28.364037918293633 ], [ -81.434676921181364, 28.364036923414567 ], [ -81.434677999087398, 28.364035902612706 ], [ -81.434679053913101, 28.364034867801603 ], [ -81.434680096909219, 28.364033831011682 ], [ -81.434681139522525, 28.364032804049756 ], [ -81.434682193119798, 28.364031798170224 ], [ -81.434683268712647, 28.364030823768672 ], [ -81.434684376690655, 28.364029890107723 ], [ -81.434685526570348, 28.364029005084276 ], [ -81.434686726766941, 28.364028175045572 ], [ -81.434687984395424, 28.364027404660252 ], [ -81.434689305106716, 28.364026696848338 ], [ -81.434690692963343, 28.364026052772513 ], [ -81.434692150358217, 28.364025471890695 ], [ -81.434693677978643, 28.364024952067968 ], [ -81.434695274816448, 28.364024489743883 ], [ -81.434696938223581, 28.364024080149047 ], [ -81.434698664011037, 28.364023717563704 ], [ -81.434700446587968, 28.364023395608911 ], [ -81.434702279136189, 28.364023107560246 ], [ -81.434704153814593, 28.364022846672977 ], [ -81.434706061986375, 28.36402260650717 ], [ -81.434707994462443, 28.364022381241234 ], [ -81.434709941752473, 28.364022165962748 ], [ -81.434711894316109, 28.364021956926038 ], [ -81.434713842806033, 28.364021751767233 ], [ -81.434715778295299, 28.364021549668767 ], [ -81.434717692482025, 28.364021351467173 ], [ -81.434719577864811, 28.36402115969971 ], [ -81.434721427883744, 28.364020978587675 ], [ -81.434723237023093, 28.364020813956195 ] ] ] } },
{ "type": "Feature", "properties": { "id": 15, "area_ha": 0.0097126172480629849 }, "geometry": { "type": "Polygon", "coordinates": [ [ [ -81.434723030426255, 28.371192219133789 ], [ -81.434724962245568, 28.371191964265527 ], [ -81.434726903190509, 28.371191845421631 ], [ -81.434728840848905, 28.371191861592965 ], [ -81.434730763215228, 28.371192010561597 ], [ -81.434732658945563, 28.371192288982574 ], [ -81.434734517596382, 28.371192692486275 ], [ -81.434736329840192, 28.371193215797295 ], [ -81.434738087652434, 28.371193852865272 ], [ -81.434739784464313, 28.371194597003477 ], [ -81.434741415277529, 28.371195441030178 ], [ -81.434742976737809, 28.371196377408651 ], [ -81.434744467165899, 28.371197398381511 ], [ -81.434745886545358, 28.371198496095897 ], [ -81.434747236468041, 28.371199662716361 ], [ -81.43474852003979, 28.371200890523088 ], [ -81.434749741749201, 28.371202171993819 ], [ -81.434750907304391, 28.371203499868763 ], [ -81.434752023442826, 28.371204867198188 ], [ -81.434753097720318, 28.371206267373733 ], [ -81.434754138285925, 28.371207694144541 ], [ -81.434755153649448, 28.371209141620501 ], [ -81.434756152448614, 28.371210604264906 ], [ -81.434757143222782, 28.371212076879523 ], [ -81.434758134199384, 28.371213554585225 ], [ -81.434759133099149, 28.371215032801167 ], [ -81.434760146964919, 28.371216507225796 ], [ -81.434761182018349, 28.371217973822315 ], [ -81.434762243547354, 28.371219428811205 ], [ -81.434763335826361, 28.371220868671632 ], [ -81.434764462069992, 28.371222290152993 ], [ -81.434765624419683, 28.371223690297423 ], [ -81.434766823961908, 28.371225066472981 ], [ -81.434768060774914, 28.371226416416643 ], [ -81.434769334001047, 28.371227738285686 ], [ -81.434770641939664, 28.371229030715075 ], [ -81.434771982156178, 28.371230292878074 ], [ -81.434773351601663, 28.371231524546772 ], [ -81.434774746737773, 28.371232726148875 ], [ -81.434776163661027, 28.371233898816953 ], [ -81.434777598221729, 28.371235044426271 ], [ -81.434779046132448, 28.371236165617585 ], [ -81.434780503061788, 28.371237265801561 ], [ -81.434781964710467, 28.371238349141883 ], [ -81.43478342686663, 28.371239420515035 ], [ -81.434784885439413, 28.371240485445231 ], [ -81.434786336470069, 28.371241550014016 ], [ -81.434787776121226, 28.371242620745061 ], [ -81.434789200645966, 28.371243704465495 ], [ -81.434790606339391, 28.371244808146368 ], [ -81.434791989475855, 28.371245938725565 ], [ -81.434793346236248, 28.371247102917504 ], [ -81.434794672629835, 28.371248307014714 ], [ -81.434795964415557, 28.371249556687051 ], [ -81.434797217028091, 28.371250856784552 ], [ -81.434798425513733, 28.371252211150537 ], [ -81.434799584480416, 28.371253622451253 ], [ -81.434800688066844, 28.371255092028324 ], [ -81.434801729933668, 28.371256619780016 ], [ -81.43480270327963, 28.371258204076213 ], [ -81.434803600884777, 28.371259841711762 ], [ -81.434804415180764, 28.371261527901318 ], [ -81.434805138348551, 28.37126325631802 ], [ -81.434805762441286, 28.371265019176615 ], [ -81.434806279530207, 28.371266807360879 ], [ -81.434806681869475, 28.371268610593035 ], [ -81.434806962075569, 28.371270417642169 ], [ -81.434807113315586, 28.371272216566904 ], [ -81.434807129498736, 28.371273994986439 ], [ -81.434807005464208, 28.3712757403731 ], [ -81.434806737159334, 28.371277440358632 ], [ -81.434806321801062, 28.371279083045636 ], [ -81.434805758014775, 28.371280657315456 ], [ -81.434805045944827, 28.371282153123396 ], [ -81.434804187331608, 28.371283561772458 ], [ -81.43480318555136, 28.371284876157187 ], [ -81.434802045615754, 28.371286090969772 ], [ -81.43480077412957, 28.371287202861804 ], [ -81.434799379206069, 28.371288210555935 ], [ -81.434797870341171, 28.371289114903206 ], [ -81.434796258248667, 28.371289918883566 ], [ -81.434794554660257, 28.371290627548184 ], [ -81.434792772095193, 28.371291247904555 ], [ -81.434790923605561, 28.371291788746511 ], [ -81.434789022503921, 28.371292260433279 ], [ -81.434787082081058, 28.371292674623071 ], [ -81.434785115321574, 28.371293043968279 ], [ -81.434783134625746, 28.371293381780294 ], [ -81.434781151545636, 28.371293701673256 ], [ -81.434779176543358, 28.371294017196504 ], [ -81.434777218778564, 28.371294341465859 ], [ -81.434775285931863, 28.371294686804323 ], [ -81.434773384069302, 28.371295064402087 ], [ -81.434771517552164, 28.371295484005596 ], [ -81.434769688994834, 28.371295953644353 ], [ -81.43476789927233, 28.371296479403227 ], [ -81.434766147577093, 28.371297065246658 ], [ -81.434764431523575, 28.371297712899562 ], [ -81.434762747297341, 28.371298421788154 ], [ -81.434761089844457, 28.371299189042279 ], [ -81.434759453095225, 28.371300009558638 ], [ -81.434757830215688, 28.371300876123104 ], [ -81.434756213879126, 28.371301779588087 ], [ -81.434754596549539, 28.371302709099638 ], [ -81.434752970768486, 28.371303652367406 ], [ -81.434751329436708, 28.371304595969598 ], [ -81.434749666081998, 28.371305525683816 ], [ -81.434747975105722, 28.371306426834291 ], [ -81.434746252000267, 28.371307284645546 ], [ -81.434744493531738, 28.371308084592464 ], [ -81.434742697882072, 28.371308812737016 ], [ -81.434740864747369, 28.371309456042525 ], [ -81.434738995389381, 28.371310002656955 ], [ -81.434737092639566, 28.37131044215819 ], [ -81.434735160855894, 28.371310765755009 ], [ -81.434733205834561, 28.371310966439438 ], [ -81.434731234679418, 28.371311039087416 ], [ -81.434729255634409, 28.371310980506394 ], [ -81.434727277883724, 28.371310789430154 ], [ -81.434725311326901, 28.37131046646283 ], [ -81.434723366335589, 28.371310013975403 ], [ -81.434721453499748, 28.371309435959546 ], [ -81.434719583371077, 28.371308737844632 ], [ -81.434717766211179, 28.371307926285009 ], [ -81.434716011752087, 28.371307008924958 ], [ -81.434714328975701, 28.37130599414958 ], [ -81.434712725918416, 28.371304890829851 ], [ -81.434711209505878, 28.371303708069938 ], [ -81.434709785421859, 28.371302454964713 ], [ -81.434708458014285, 28.37130114037447 ], [ -81.434707230239766, 28.371299772723464 ], [ -81.434706103646818, 28.371298359827339 ], [ -81.434705078397187, 28.371296908753745 ], [ -81.434704153322627, 28.371295425719005 ], [ -81.434703326014343, 28.3712939160222 ], [ -81.434702592940525, 28.371292384017078 ], [ -81.434701949587321, 28.371290833120309 ], [ -81.434701390617732, 28.371289265853875 ], [ -81.434700910042267, 28.37128768391792 ], [ -81.434700501395696, 28.371286088289626 ], [ -81.434700157913866, 28.371284479342666 ], [ -81.434699872704755, 28.37128285698158 ], [ -81.434699638908882, 28.371281220784581 ], [ -81.434699449844331, 28.37127957014885 ], [ -81.434699299132816, 28.3712779044318 ], [ -81.434699180803804, 28.371276223082827 ], [ -81.434699089375101, 28.371274525760086 ], [ -81.43469901990882, 28.371272812428032 ], [ -81.434698968043051, 28.371271083432003 ], [ -81.434698930000366, 28.371269339547503 ], [ -81.434698902575249, 28.371267582002641 ], [ -81.434698883103096, 28.371265812473538 ], [ -81.43469886941439, 28.371264033053453 ], [ -81.434698859777924, 28.371262246197777 ], [ -81.434698852837229, 28.371260454647587 ], [ -81.434698847544624, 28.371258661335677 ], [ -81.434698843096982, 28.371256869279627 ], [ -81.434698838877296, 28.371255081466717 ], [ -81.434698834405495, 28.371253300736257 ], [ -81.43469882930151, 28.371251529664654 ], [ -81.434698823262721, 28.371249770458565 ], [ -81.434698816057363, 28.371248024861188 ], [ -81.434698807534218, 28.371246294076279 ], [ -81.434698797648423, 28.371244578713604 ], [ -81.434698786502167, 28.371242878758917 ], [ -81.434698774398115, 28.371241193570544 ], [ -81.434698761902808, 28.371239521903529 ], [ -81.434698749916592, 28.371237861961401 ], [ -81.434698739746224, 28.37123621147429 ], [ -81.434698733175679, 28.37123456780142 ], [ -81.434698732531089, 28.371232928054674 ], [ -81.434698740735101, 28.371231289239471 ], [ -81.434698761346709, 28.371229648408015 ], [ -81.434698798582829, 28.371228002819951 ], [ -81.434698857318452, 28.371226350104653 ], [ -81.43469894306287, 28.371224688419574 ], [ -81.434699061910607, 28.371223016598808 ], [ -81.434699220466214, 28.37122133428668 ], [ -81.434699425743617, 28.371219642051081 ], [ -81.434699685041096, 28.371217941472555 ], [ -81.434700005794596, 28.371216235205289 ], [ -81.434700395412705, 28.371214527007538 ], [ -81.434700861097411, 28.371212821739732 ], [ -81.434701409655688, 28.371211125329804 ], [ -81.434702047307525, 28.371209444706061 ], [ -81.434702779496234, 28.371207787699344 ], [ -81.434703610707118, 28.371206162916948 ], [ -81.434704544300715, 28.371204579591765 ], [ -81.434705582366362, 28.371203047411079 ], [ -81.434706725601572, 28.371201576329732 ], [ -81.434707973221947, 28.37120017637325 ], [ -81.434709322905505, 28.371198857436589 ], [ -81.434710770774529, 28.371197629084079 ], [ -81.434712311416661, 28.371196500356724 ], [ -81.434713937945858, 28.371195479591659 ], [ -81.434715642102944, 28.371194574259199 ], [ -81.434717414393504, 28.371193790821458 ], [ -81.434719244260535, 28.371193134616288 ], [ -81.434721120287421, 28.371192609769 ], [ -81.434723030426255, 28.371192219133789 ] ] ] } },
{ "type": "Feature", "properties": { "id": 16, "area_ha": 0.0064212207395359672 }, "geometry": { "type": "Polygon", "coordinates": [ [ [ -81.435154546989835, 28.372519750781116 ], [ -81.435156180343441, 28.372519678995118 ], [ -81.435157830673262, 28.372519673290142 ], [ -81.435159490718135, 28.372519734941488 ], [ -81.435161152518575, 28.372519865092613 ], [ -81.435162807577996, 28.372520064724849 ], [ -81.435164447041629, 28.372520334623651 ], [ -81.435166061888339, 28.372520675342649 ], [ -81.435167643129887, 28.37252108716697 ], [ -81.435169182011251, 28.372521570077563 ], [ -81.435170670206873, 28.372522123718014 ], [ -81.435172100006326, 28.37252274736575 ], [ -81.435173464484606, 28.372523439908974 ], [ -81.435174757651609, 28.372524199830966 ], [ -81.435175974576865, 28.372525025202766 ], [ -81.435177111485658, 28.37252591368544 ], [ -81.435178165824183, 28.372526862542305 ], [ -81.435179136291993, 28.372527868661596 ], [ -81.435180022840754, 28.372528928589492 ], [ -81.435180826640376, 28.372530038572837 ], [ -81.435181550012928, 28.372531194610975 ], [ -81.435182196337536, 28.372532392515417 ], [ -81.435182769928801, 28.372533627975709 ], [ -81.435183275892825, 28.37253489662989 ], [ -81.435183719965551, 28.372536194137382 ], [ -81.435184108338035, 28.372537516252212 ], [ -81.435184447474256, 28.372538858894284 ], [ -81.435184743926513, 28.372540218216457 ], [ -81.435185004154121, 28.372541590665161 ], [ -81.435185234350243, 28.372542973032665 ], [ -81.435185440281614, 28.372544362498978 ], [ -81.4351856271456, 28.372545756662127 ], [ -81.435185799447879, 28.372547153555356 ], [ -81.435185960903752, 28.372548551650745 ], [ -81.435186114365138, 28.372549949848743 ], [ -81.43518626177422, 28.372551347453843 ], [ -81.435186404144346, 28.372552744136947 ], [ -81.435186541567376, 28.372554139885477 ], [ -81.435186673246193, 28.372555534942698 ], [ -81.4351867975506, 28.37255692973805 ], [ -81.435186912093272, 28.37255832481074 ], [ -81.43518701382331, 28.372559720728972 ], [ -81.43518709913306, 28.372561118007365 ], [ -81.435187163974689, 28.372562517025465 ], [ -81.435187203982636, 28.372563917949755 ], [ -81.435187214597548, 28.372565320662147 ], [ -81.43518719118822, 28.372566724697162 ], [ -81.435187129167986, 28.372568129190096 ], [ -81.435187024102291, 28.372569532838188 ], [ -81.435186871804987, 28.372570933876059 ], [ -81.435186668421125, 28.37257233006666 ], [ -81.43518641049485, 28.372573718708253 ], [ -81.435186095021692, 28.372575096657457 ], [ -81.435185719484608, 28.372576460367949 ], [ -81.435185281874865, 28.372577805943827 ], [ -81.435184780697838, 28.372579129206301 ], [ -81.435184214965858, 28.372580425771758 ], [ -81.43518358417964, 28.372581691139036 ], [ -81.435182888300176, 28.372582920783326 ], [ -81.435182127713816, 28.372584110254049 ], [ -81.435181303192479, 28.372585255273673 ], [ -81.435180415851718, 28.372586351834627 ], [ -81.435179467108512, 28.372587396291426 ], [ -81.435178458640905, 28.372588385445226 ], [ -81.435177392351278, 28.37258931661831 ], [ -81.435176270334154, 28.372590187716277 ], [ -81.43517509484991, 28.372590997276166 ], [ -81.435173868304219, 28.372591744499079 ], [ -81.435172593233773, 28.372592429266298 ], [ -81.435171272297197, 28.372593052138743 ], [ -81.435169908270865, 28.372593614339486 ], [ -81.435168504047795, 28.372594117720357 ], [ -81.435167062638683, 28.372594564713324 ], [ -81.435165587172918, 28.372594958268522 ], [ -81.435164080898161, 28.372595301780606 ], [ -81.435162547176517, 28.372595599005805 ], [ -81.435160989475833, 28.372595853972168 ], [ -81.435159411354391, 28.372596070885518 ], [ -81.435157816438362, 28.372596254034079 ], [ -81.435156208390708, 28.372596407694306 ], [ -81.435154590871804, 28.372596536040604 ], [ -81.435152967491362, 28.372596643061311 ], [ -81.435151341752956, 28.372596732483284 ], [ -81.435149716991745, 28.372596807706699 ], [ -81.435148096307628, 28.372596871751661 ], [ -81.435146482495526, 28.372596927217685 ], [ -81.435144877975475, 28.372596976256549 ], [ -81.435143284725243, 28.37259702055869 ], [ -81.435141704218495, 28.372597061352884 ], [ -81.435140137371334, 28.372597099418428 ], [ -81.435138584500507, 28.372597135108627 ], [ -81.43513704529559, 28.372597168384246 ], [ -81.435135518808167, 28.372597198855143 ], [ -81.435134003459538, 28.372597225828002 ], [ -81.435132497068807, 28.372597248358218 ], [ -81.435130996902132, 28.372597265303806 ], [ -81.435129499743311, 28.372597275379018 ], [ -81.435128001985177, 28.372597277205884 ], [ -81.435126499740448, 28.372597269361719 ], [ -81.435124988969989, 28.372597250421034 ], [ -81.435123465625821, 28.372597218990492 ], [ -81.435121925805106, 28.372597173736054 ], [ -81.435120365911231, 28.372597113401735 ], [ -81.435118782817597, 28.372597036819556 ], [ -81.43511717402906, 28.372596942911251 ], [ -81.435115537836097, 28.372596830681825 ], [ -81.435113873456572, 28.372596699206326 ], [ -81.435112181160278, 28.372596547610701 ], [ -81.435110462371654, 28.372596375048285 ], [ -81.435108719746353, 28.372596180673625 ], [ -81.435106957218537, 28.372595963615286 ], [ -81.435105180015768, 28.372595722949512 ], [ -81.435103394639796, 28.372595457676471 ], [ -81.435101608812545, 28.372595166700762 ], [ -81.43509983138695, 28.372594848817599 ], [ -81.435098072224349, 28.372594502706114 ], [ -81.435096342040211, 28.37259412693049 ], [ -81.435094652221665, 28.372593719949702 ], [ -81.435093014620932, 28.37259328013614 ], [ -81.435091441329391, 28.372592805802853 ], [ -81.435089944438346, 28.37259229523908 ], [ -81.435088535792119, 28.372591746753091 ], [ -81.435087226740507, 28.3725911587211 ], [ -81.435086027896716, 28.372590529640849 ], [ -81.435084948907871, 28.37258985818794 ], [ -81.435083998244068, 28.372589143273128 ], [ -81.435083183011955, 28.372588384098286 ], [ -81.435082508798317, 28.37258758020916 ], [ -81.435081979547732, 28.37258673154259 ], [ -81.435081597478074, 28.372585838466449 ], [ -81.435081363036275, 28.372584901810345 ], [ -81.435081274895509, 28.372583922885632 ], [ -81.435081329993992, 28.372582903493509 ], [ -81.435081523614457, 28.372581845920404 ], [ -81.435081849501657, 28.372580752920079 ], [ -81.43508230001494, 28.37257962768259 ], [ -81.435082866311404, 28.372578473790455 ], [ -81.435083538554267, 28.37257729516287 ], [ -81.435084306140624, 28.372576095989292 ], [ -81.435085157942325, 28.372574880654014 ], [ -81.435086082552786, 28.372573653653635 ], [ -81.435087068533221, 28.372572419509797 ], [ -81.435088104651371, 28.372571182679437 ], [ -81.435089180106246, 28.372569947465255 ], [ -81.435090284732951, 28.372568717928857 ], [ -81.435091409182363, 28.372567497809211 ], [ -81.435092545071242, 28.372566290448685 ], [ -81.435093685099261, 28.372565098728938 ], [ -81.435094823130868, 28.372563925018589 ], [ -81.435095954240452, 28.372562771134145 ], [ -81.435097074721057, 28.372561638315421 ], [ -81.435098182057615, 28.372560527216152 ], [ -81.435099274866928, 28.372559437910052 ], [ -81.43510035280778, 28.372558369912248 ], [ -81.435101416465045, 28.372557322215197 ], [ -81.435102467212886, 28.372556293338324 ], [ -81.435103507062337, 28.372555281389555 ], [ -81.435104538499132, 28.37255428413723 ], [ -81.435105564317723, 28.372553299090022 ], [ -81.435106587457426, 28.372552323582557 ], [ -81.435107610846529, 28.372551354864481 ], [ -81.435108637259376, 28.372550390190042 ], [ -81.435109669191419, 28.372549426905994 ], [ -81.435110708756071, 28.37254846253515 ], [ -81.435111757606151, 28.372547494853535 ], [ -81.435112816882452, 28.372546521959009 ], [ -81.435113887190084, 28.372545542329654 ], [ -81.435114968602676, 28.372544554870682 ], [ -81.435116060693503, 28.37254355894888 ], [ -81.435117162591254, 28.372542554413979 ], [ -81.435118273057569, 28.372541541606971 ], [ -81.435119390582599, 28.372540521355599 ], [ -81.435120513494113, 28.372539494957749 ], [ -81.435121640075309, 28.372538464153777 ], [ -81.435122768686, 28.37253743108921 ], [ -81.435123897881965, 28.372536398269386 ], [ -81.435125026527317, 28.372535368507915 ], [ -81.435126153894728, 28.372534344870868 ], [ -81.435127279749082, 28.372533330618683 ], [ -81.435128404410918, 28.372532329147841 ], [ -81.435129528796182, 28.372531343934124 ], [ -81.435130654430324, 28.372530378479151 ], [ -81.435131783435452, 28.372529436261772 ], [ -81.435132918490197, 28.372528520695504 ], [ -81.435134062762998, 28.372527635092904 ], [ -81.435135219820907, 28.372526782637589 ], [ -81.43513639351616, 28.37252596636403 ], [ -81.435137587854456, 28.372525189145051 ], [ -81.435138806849025, 28.372524453686712 ], [ -81.435140054365377, 28.372523762529717 ], [ -81.435141333962108, 28.372523118056495 ], [ -81.435142648733191, 28.372522522502596 ], [ -81.435144001157241, 28.372521977971218 ], [ -81.435145392959356, 28.372521486449287 ], [ -81.435146824990269, 28.372521049823664 ], [ -81.435148297127768, 28.372520669895998 ], [ -81.435149808203732, 28.372520348394914 ], [ -81.435151355960286, 28.372520086984277 ], [ -81.435152937036918, 28.372519887266655 ], [ -81.435154546989835, 28.372519750781116 ] ] ] } },
{ "type": "Feature", "properties": { "id": 17, "area_ha": 0.045397200659022093 }, "geometry": { "type": "Polygon", "coordinates": [ [ [ -81.435586194283132, 28.374594583359986 ], [ -81.435590916269248, 28.374595897863991 ], [ -81.435595563064624, 28.374597598194484 ], [ -81.435600145782672, 28.374599604647202 ], [ -81.435604682369643, 28.374601837141373 ], [ -81.435609195909677, 28.374604218387915 ], [ -81.435613712762333, 28.37460667678786 ], [ -81.435618260628033, 28.374609148940728 ], [ -81.435622866637956, 28.374611581664116 ], [ -81.435627555562192, 28.374613933451567 ], [ -81.435632348221716, 28.374616175324576 ], [ -81.435637260178439, 28.374618291064547 ], [ -81.435642300761955, 28.374620276840691 ], [ -81.435647472474159, 28.374622140277744 ], [ -81.435652770792842, 28.374623899033416 ], [ -81.435658184375413, 28.374625578976303 ], [ -81.43566369564347, 28.374627212071495 ], [ -81.43566928170992, 28.374628834091482 ], [ -81.435674915594021, 28.374630482274224 ], [ -81.435680567655353, 28.374632193048345 ], [ -81.435686207167933, 28.374633999937537 ], [ -81.435691803949467, 28.374635931742493 ], [ -81.435697329958828, 28.374638011081036 ], [ -81.435702760777971, 28.374640253345039 ], [ -81.435708076900738, 28.374642666108727 ], [ -81.435713264762569, 28.374645248997513 ], [ -81.435718317458395, 28.374647994001773 ], [ -81.435723235113358, 28.374650886195678 ], [ -81.435728024888576, 28.374653904801416 ], [ -81.435732700624143, 28.374657024521021 ], [ -81.435737282139328, 28.374660217046436 ], [ -81.435741794228761, 28.374663452650829 ], [ -81.435746265408198, 28.374666701762674 ], [ -81.435750726476599, 28.37466993642801 ], [ -81.435755208970789, 28.374673131575456 ], [ -81.435759743593707, 28.374676266012202 ], [ -81.435764358698933, 28.374679323097428 ], [ -81.435769078910852, 28.374682291059589 ], [ -81.435773923952425, 28.374685162946818 ], [ -81.435778907741735, 28.374687936222276 ], [ -81.435784037804169, 28.374690612038375 ], [ -81.435789315030533, 28.374693194243598 ], [ -81.435794733793173, 28.374695688192773 ], [ -81.43580028241324, 28.374698099444025 ], [ -81.435805943953412, 28.374700432433965 ], [ -81.43581169729346, 28.374702689224897 ], [ -81.435817518430156, 28.374704868415307 ], [ -81.435823381931186, 28.374706964296678 ], [ -81.435829262463699, 28.374708966326232 ], [ -81.435835136313301, 28.374710858968182 ], [ -81.435840982809097, 28.374712621934851 ], [ -81.435846785574071, 28.374714230836108 ], [ -81.435852533528191, 28.374715658221294 ], [ -81.435858221583672, 28.374716874973842 ], [ -81.435863850986735, 28.374717851996433 ], [ -81.435869429278128, 28.374718562104924 ], [ -81.435874969863917, 28.374718982033563 ], [ -81.435880491207712, 28.374719094443183 ], [ -81.435886015675763, 28.374718889818745 ], [ -81.4358915680845, 28.374718368143267 ], [ -81.435897174016176, 28.374717540241694 ], [ -81.435902857981873, 28.374716428700999 ], [ -81.435908641520342, 28.374715068290481 ], [ -81.435914541326369, 28.374713505828655 ], [ -81.43592056750343, 28.374711799469125 ], [ -81.435926722031212, 28.374710017405793 ], [ -81.435932997530486, 28.374708236027089 ], [ -81.435939376395325, 28.374706537577083 ], [ -81.435945830346583, 28.374705007408075 ], [ -81.435952320442169, 28.374703730932406 ], [ -81.435958797558357, 28.374702790399329 ], [ -81.435965203335385, 28.374702261636429 ], [ -81.43597147155846, 28.37470221090069 ], [ -81.435977529925125, 28.374702691984893 ], [ -81.435983302131518, 28.37470374371679 ], [ -81.435988710194451, 28.374705387975276 ], [ -81.435993676914777, 28.374707628326846 ], [ -81.435998128379921, 28.37471044936029 ], [ -81.436001996400691, 28.374713816767564 ], [ -81.436005220779663, 28.374717678185913 ], [ -81.436007751315287, 28.374721964782459 ], [ -81.436009549456799, 28.37472659352801 ], [ -81.436010589540317, 28.374731470075414 ], [ -81.436010859555168, 28.374736492128523 ], [ -81.436010361409544, 28.374741553164316 ], [ -81.436009110687337, 28.374746546352682 ], [ -81.436007135909989, 28.374751368507429 ], [ -81.436004477339154, 28.374755923898704 ], [ -81.436001185375972, 28.37476012776122 ], [ -81.435997318630015, 28.374763909344789 ], [ -81.43599294174507, 28.374767214372973 ], [ -81.435988123078417, 28.37477000680083 ], [ -81.435982932335833, 28.374772269794125 ], [ -81.4359774382648, 28.374774005886458 ], [ -81.43597170650412, 28.374775236308107 ], [ -81.435965797679415, 28.374775999517528 ], [ -81.435959765820769, 28.374776349003007 ], [ -81.435953657162784, 28.374776350455129 ], [ -81.43594750936758, 28.374776078439645 ], [ -81.435941351191303, 28.374775612723639 ], [ -81.43593520259266, 28.374775034423578 ], [ -81.435929075260773, 28.374774422152477 ], [ -81.435922973520277, 28.374773848343398 ], [ -81.435916895553689, 28.37477337591837 ], [ -81.435910834866689, 28.374773055456 ], [ -81.435904781911745, 28.374772922987585 ], [ -81.4358987257785, 28.374772998522399 ], [ -81.435892655858595, 28.374773285368725 ], [ -81.435886563394646, 28.374773770279742 ], [ -81.435880442830964, 28.374774424414863 ], [ -81.435874292895093, 28.374775205068527 ], [ -81.435868117353905, 28.374776058082208 ], [ -81.435861925405703, 28.374776920823184 ], [ -81.435855731689799, 28.37477772558654 ], [ -81.435849555914317, 28.374778403256641 ], [ -81.435843422124478, 28.374778887051701 ], [ -81.435837357651309, 28.374779116170796 ], [ -81.435831391798814, 28.374779039166917 ], [ -81.435825554340497, 28.374778616882022 ], [ -81.435819873907207, 28.374777824800599 ], [ -81.435814376354102, 28.374776654705116 ], [ -81.435809083195792, 28.374775115549792 ], [ -81.435804010196478, 28.37477323350544 ], [ -81.435799166193902, 28.374771051167727 ], [ -81.435794552225147, 28.374768625960186 ], [ -81.435790161006622, 28.374766027802078 ], [ -81.435785976803942, 28.374763336145786 ], [ -81.435781975706917, 28.374760636518765 ], [ -81.435778126305266, 28.374758016729068 ], [ -81.435774390739525, 28.374755562909783 ], [ -81.435770726083405, 28.374753355586122 ], [ -81.435767085995622, 28.374751465948787 ], [ -81.435763422566396, 28.374749952507869 ], [ -81.435759688271702, 28.374748858284963 ], [ -81.435755837943759, 28.374748208676355 ], [ -81.435751830663108, 28.374748010089352 ], [ -81.435747631481291, 28.374748249418325 ], [ -81.435743212890443, 28.374748894388144 ], [ -81.435738555967404, 28.374749894752579 ], [ -81.435733651135564, 28.374751184295445 ], [ -81.435728498505782, 28.374752683545392 ], [ -81.43572310777752, 28.374754303081613 ], [ -81.435717497703365, 28.3747559472808 ], [ -81.435711695140469, 28.374757518334892 ], [ -81.435705733733414, 28.37475892035669 ], [ -81.43569965229095, 28.374760063386603 ], [ -81.435693492934348, 28.374760867118148 ], [ -81.435687299106831, 28.374761264173237 ], [ -81.435681113540824, 28.374761202779187 ], [ -81.435674976282499, 28.374760648727396 ], [ -81.435668922870988, 28.374759586527013 ], [ -81.435662982762679, 28.374758019704334 ], [ -81.43565717807968, 28.374755970238457 ], [ -81.435651522746355, 28.37475347716374 ], [ -81.435646022059515, 28.374750594408138 ], [ -81.435640672716659, 28.374747387971833 ], [ -81.435635463304934, 28.374743932580881 ], [ -81.435630375230957, 28.374740307974541 ], [ -81.435625384049828, 28.37473659500154 ], [ -81.435620461132061, 28.3747328717089 ], [ -81.435615575590276, 28.374729209606581 ], [ -81.435610696373573, 28.374725670282473 ], [ -81.435605794429307, 28.374722302525448 ], [ -81.435600844826681, 28.374719140089883 ], [ -81.435595828738101, 28.374716200204624 ], [ -81.435590735179076, 28.374713482894784 ], [ -81.435585562418453, 28.374710971145987 ], [ -81.435580318984947, 28.3747086319019 ], [ -81.435575024214302, 28.374706417846788 ], [ -81.435569708302367, 28.374704269888582 ], [ -81.435564411852184, 28.3747021202254 ], [ -81.435559184926348, 28.374699895851961 ], [ -81.435554085639183, 28.3746975223421 ], [ -81.435549178344644, 28.374694927731362 ], [ -81.435544531495182, 28.374692046319563 ], [ -81.435540215261966, 28.374688822217308 ], [ -81.435536299018864, 28.374685212473132 ], [ -81.435532848799014, 28.374681189637318 ], [ -81.435529924834981, 28.374676743645292 ], [ -81.435527579289925, 28.374671882934798 ], [ -81.43552585427895, 28.37466663474661 ], [ -81.435524780267286, 28.374661044595886 ], [ -81.435524374915047, 28.374655174939171 ], [ -81.435524642418173, 28.37464910309826 ], [ -81.435525573373312, 28.374642918535482 ], [ -81.435527145170738, 28.374636719603483 ], [ -81.435529322896144, 28.374630609915464 ], [ -81.435532060699373, 28.374624694497225 ], [ -81.435535303567804, 28.374619075891189 ], [ -81.435538989424458, 28.374613850382172 ], [ -81.435543051457458, 28.374609104507975 ], [ -81.43554742057735, 28.37460491200244 ], [ -81.435552027895397, 28.374601331297406 ], [ -81.435556807115077, 28.374598403683251 ], [ -81.435561696735292, 28.374596152196336 ], [ -81.435566641973693, 28.374594581267907 ], [ -81.435571596332082, 28.37459367713452 ], [ -81.435576522743872, 28.37459340897524 ], [ -81.435581394264062, 28.374593730709421 ], [ -81.435586194283132, 28.374594583359986 ] ] ] } },
{ "type": "Feature", "properties": { "id": 18, "area_ha": 0.027964170141108854 }, "geometry": { "type": "Polygon", "coordinates": [ [ [ -81.436190823008474, 28.37476236863343 ], [ -81.436194615265791, 28.374762333997612 ], [ -81.436198458771003, 28.37476245147144 ], [ -81.436202346218153, 28.374762703212003 ], [ -81.436206269755914, 28.374763071538066 ], [ -81.436210220953953, 28.374763539520249 ], [ -81.436214190804904, 28.374764091534125 ], [ -81.436218169763379, 28.374764713757511 ], [ -81.43622214782151, 28.374765394595084 ], [ -81.436226114619203, 28.374766125015853 ], [ -81.436230059586109, 28.374766898792174 ], [ -81.436233972110685, 28.374767712631819 ], [ -81.436237841730829, 28.374768566198863 ], [ -81.436241658339483, 28.374769462022353 ], [ -81.436245412398122, 28.374770405295887 ], [ -81.436249095150828, 28.374771403574801 ], [ -81.436252698831055, 28.374772466381099 ], [ -81.436256216853877, 28.374773604729601 ], [ -81.436259643986702, 28.374774830591388 ], [ -81.436262976492358, 28.374776156312731 ], [ -81.436266212239047, 28.374777594009558 ], [ -81.436269350773216, 28.374779154958016 ], [ -81.436272393352425, 28.37478084900243 ], [ -81.436275342936625, 28.374782684001026 ], [ -81.436278204137594, 28.374784665328921 ], [ -81.436280983128313, 28.374786795456089 ], [ -81.436283687514191, 28.374789073615418 ], [ -81.436286326170489, 28.374791495573401 ], [ -81.436288909050631, 28.374794053512488 ], [ -81.436291446971168, 28.374796736030575 ], [ -81.436293951379795, 28.374799528259317 ], [ -81.436296434113402, 28.374802412099324 ], [ -81.436298907152675, 28.374805366566093 ], [ -81.436301382380819, 28.374808368237353 ], [ -81.436303871352067, 28.374811391789027 ], [ -81.436306385076577, 28.374814410604131 ], [ -81.436308933826382, 28.374817397436662 ], [ -81.436311526966819, 28.374820325110615 ], [ -81.436314172816211, 28.374823167233281 ], [ -81.436316878536076, 28.374825898901214 ], [ -81.436319650051999, 28.374828497377806 ], [ -81.436322492005303, 28.374830942721914 ], [ -81.436325407733193, 28.374833218348719 ], [ -81.436328399275212, 28.374835311505869 ], [ -81.43633146740224, 28.374837213650885 ], [ -81.436334611663597, 28.374838920718233 ], [ -81.43633783044811, 28.374840433268552 ], [ -81.436341121053388, 28.374841756515384 ], [ -81.436344479759043, 28.374842900228845 ], [ -81.436347901898571, 28.374843878519179 ], [ -81.436351381925874, 28.37484470950649 ], [ -81.436354913472641, 28.374845414886533 ], [ -81.436358489393754, 28.374846019404988 ], [ -81.436362101798991, 28.374846550255342 ], [ -81.436365742070038, 28.374847036417588 ], [ -81.436369400863185, 28.374847507955934 ], [ -81.436373068099471, 28.374847995295259 ], [ -81.436376732944211, 28.374848528495459 ], [ -81.436380383779905, 28.37484913654334 ], [ -81.436384008176589, 28.374849846679968 ], [ -81.436387592864662, 28.374850683780515 ], [ -81.436391123715467, 28.374851669801508 ], [ -81.436394585735243, 28.374852823307833 ], [ -81.43639796307798, 28.374854159089757 ], [ -81.436401239082073, 28.374855687876725 ], [ -81.436404396335391, 28.374857416152292 ], [ -81.43640741677244, 28.374859346071148 ], [ -81.43641028180609, 28.374861475476632 ], [ -81.436412972495077, 28.37486379801404 ], [ -81.436415469747402, 28.374866303332844 ], [ -81.436417754557766, 28.374868977368735 ], [ -81.436419808276071, 28.374871802694475 ], [ -81.436421612902208, 28.374874758927408 ], [ -81.4364231514012, 28.374877823180437 ], [ -81.436424408031328, 28.374880970543071 ], [ -81.436425368676723, 28.374884174578867 ], [ -81.436426021175308, 28.374887407826446 ], [ -81.43642635563215, 28.374890642291824 ], [ -81.436426364708353, 28.374893849921179 ], [ -81.436426043875343, 28.374897003044591 ], [ -81.436425391625278, 28.374900074783149 ], [ -81.436424409628827, 28.374903039413425 ], [ -81.436423102832705, 28.374905872685442 ], [ -81.436421479491102, 28.374908552092066 ], [ -81.436419551126349, 28.374911057089449 ], [ -81.436417332416497, 28.37491336927004 ], [ -81.436414841009508, 28.374915472490784 ], [ -81.436412097265517, 28.374917352960587 ], [ -81.43640912393154, 28.374918999291726 ], [ -81.436405945754373, 28.374920402520679 ], [ -81.436402589040043, 28.374921556103796 ], [ -81.436399081169611, 28.374922455893476 ], [ -81.436395450082841, 28.374923100099771 ], [ -81.436391723742744, 28.374923489241951 ], [ -81.436387929594162, 28.374923626093654 ], [ -81.436384094030998, 28.374923515624126 ], [ -81.436380241885971, 28.374923164937048 ], [ -81.436376395956984, 28.37492258320718 ], [ -81.436372576582684, 28.374921781614159 ], [ -81.436368801279684, 28.374920773271391 ], [ -81.436365084450827, 28.374919573147295 ], [ -81.436361437173488, 28.374918197975678 ], [ -81.436357867073468, 28.374916666150945 ], [ -81.436354378288272, 28.374914997604389 ], [ -81.436350971520909, 28.374913213657486 ], [ -81.436347644182348, 28.374911336848445 ], [ -81.436344390618714, 28.374909390729503 ], [ -81.436341202416415, 28.374907399632612 ], [ -81.436338068776294, 28.374905388403175 ], [ -81.436334976945631, 28.374903382102172 ], [ -81.43633191269528, 28.374901405679012 ], [ -81.436328860828084, 28.374899483618627 ], [ -81.436325805703177, 28.374897639568289 ], [ -81.436322731761123, 28.374895895950594 ], [ -81.43631962403424, 28.374894273571037 ], [ -81.436316468627354, 28.374892791229108 ], [ -81.436313253155106, 28.374891465343133 ], [ -81.436309967123179, 28.374890309599461 ], [ -81.436306602242951, 28.374889334636787 ], [ -81.43630315267076, 28.374888547776241 ], [ -81.436299615165922, 28.37488795280715 ], [ -81.436295989163568, 28.374887549837574 ], [ -81.436292276761662, 28.374887335217252 ], [ -81.43628848262388, 28.374887301538621 ], [ -81.436284613802769, 28.374887437720041 ], [ -81.43628067949011, 28.37488772917273 ], [ -81.436276690703693, 28.374888158050464 ], [ -81.43627265992157, 28.3748887035789 ], [ -81.436268600676357, 28.374889342458545 ], [ -81.436264527123583, 28.374890049333128 ], [ -81.436260453598649, 28.374890797312862 ], [ -81.436256394176837, 28.374891558540121 ], [ -81.436252362251381, 28.374892304783291 ], [ -81.436248370142906, 28.374893008043493 ], [ -81.43624442875344, 28.374893641157843 ], [ -81.436240547275531, 28.374894178382963 ], [ -81.436236732965924, 28.374894595942337 ], [ -81.436232990990916, 28.374894872522063 ], [ -81.436229324347522, 28.374894989700788 ], [ -81.436225733862955, 28.374894932301373 ], [ -81.43622221827151, 28.374894688654066 ], [ -81.43621877436594, 28.374894250763326 ], [ -81.43621539721758, 28.37489361437358 ], [ -81.436212080457707, 28.374892778932082 ], [ -81.436208816610147, 28.374891747450199 ], [ -81.436205597463982, 28.374890526267649 ], [ -81.436202414473627, 28.374889124727304 ], [ -81.436199259172966, 28.374887554770957 ], [ -81.436196123589696, 28.374885830468944 ], [ -81.436193000646341, 28.374883967498914 ], [ -81.436189884534684, 28.374881982590288 ], [ -81.436186771051283, 28.374879892952489 ], [ -81.43618365788376, 28.374877715705367 ], [ -81.436180544838095, 28.374875467330291 ], [ -81.4361774340002, 28.374873163159624 ], [ -81.436174329826585, 28.37487081692127 ], [ -81.436171239161609, 28.374868440352863 ], [ -81.436168171180938, 28.374866042898283 ], [ -81.436165137263444, 28.37486363149608 ], [ -81.436162150795752, 28.374861210466484 ], [ -81.436159226916061, 28.374858781500549 ], [ -81.436156382205525, 28.374856343751166 ], [ -81.436153634336932, 28.374853894022579 ], [ -81.436151001692025, 28.374851427051539 ], [ -81.436148502959227, 28.374848935870084 ], [ -81.43614615672395, 28.374846412237197 ], [ -81.436143981064276, 28.374843847124183 ], [ -81.436141993163417, 28.374841231236626 ], [ -81.436140208950604, 28.374838555554678 ], [ -81.436138642779994, 28.37483581187244 ], [ -81.436137307156656, 28.374832993317426 ], [ -81.436136212515919, 28.374830094831523 ], [ -81.436135367061723, 28.374827113596027 ], [ -81.436134776666208, 28.374824049385438 ], [ -81.436134444832163, 28.374820904836664 ], [ -81.43613437271658, 28.374817685623427 ], [ -81.436134559212377, 28.374814400528649 ], [ -81.4361350010834, 28.37481106141114 ], [ -81.436135693146113, 28.374807683066336 ], [ -81.436136628489947, 28.374804282984748 ], [ -81.436137798727557, 28.374800881014799 ], [ -81.436139194265394, 28.374797498940616 ], [ -81.436140804584454, 28.374794159987644 ], [ -81.436142618521515, 28.374790888272003 ], [ -81.436144624541171, 28.374787708211308 ], [ -81.436146810989996, 28.374784643915774 ], [ -81.436149166324668, 28.374781718579886 ], [ -81.436151679307926, 28.374778953894246 ], [ -81.436154339166933, 28.374776369497066 ], [ -81.436157135710559, 28.374773982483621 ], [ -81.436160059403946, 28.374771806989614 ], [ -81.436163101400211, 28.374769853862574 ], [ -81.4361662535307, 28.374768130432098 ], [ -81.436169508257336, 28.374766640386682 ], [ -81.43617285859132, 28.374765383761311 ], [ -81.436176297984233, 28.374764357036121 ], [ -81.436179820198262, 28.374763553343055 ], [ -81.436183419162887, 28.374762962773417 ], [ -81.436187088826216, 28.374762572776149 ], [ -81.436190823008474, 28.37476236863343 ] ] ] } },
{ "type": "Feature", "properties": { "id": 19, "area_ha": 0.011785620928678332 }, "geometry": { "type": "Polygon", "coordinates": [ [ [ -81.434682601078308, 28.374811173863513 ], [ -81.434685460168993, 28.374811442027855 ], [ -81.434688345436825, 28.374811849352714 ], [ -81.434691235524667, 28.374812397341564 ], [ -81.43469410826026, 28.374813087581092 ], [ -81.434696941182068, 28.374813921531572 ], [ -81.434699712074163, 28.374814900296862 ], [ -81.434702399493688, 28.374816024385566 ], [ -81.434704983274116, 28.374817293475267 ], [ -81.434707444989726, 28.37481870619213 ], [ -81.434709768367355, 28.374820259917684 ], [ -81.434711939634354, 28.374821950633571 ], [ -81.434713947793242, 28.374823772813844 ], [ -81.434715784816845, 28.374825719372428 ], [ -81.434717445759787, 28.374827781671335 ], [ -81.4347189287856, 28.374829949592595 ], [ -81.43472023511076, 28.37483221167432 ], [ -81.434721368870257, 28.374834555308652 ], [ -81.434722336910824, 28.374836966996494 ], [ -81.434723148520874, 28.37483943265164 ], [ -81.434723815106906, 28.374841937944154 ], [ -81.434724349828258, 28.374844468671455 ], [ -81.434724767202326, 28.374847011143515 ], [ -81.434725082692992, 28.374849552567863 ], [ -81.434725312294646, 28.374852081419228 ], [ -81.434725472124157, 28.374854587779254 ], [ -81.434725578031703, 28.374857063631651 ], [ -81.434725645240306, 28.374859503100126 ], [ -81.434725688022837, 28.374861902617596 ], [ -81.43472571942246, 28.374864261017915 ], [ -81.434725751021929, 28.374866579543575 ], [ -81.43472579276407, 28.374868861766199 ], [ -81.434725852824656, 28.374871113419715 ], [ -81.43472593753657, 28.374873342149186 ], [ -81.434726051362702, 28.374875557181944 ], [ -81.434726196913743, 28.374877768930386 ], [ -81.434726375005468, 28.374879988538929 ], [ -81.434726584749498, 28.374882227389985 ], [ -81.434726823670999, 28.374884496585764 ], [ -81.434727087846355, 28.374886806424186 ], [ -81.434727372054212, 28.374889165887968 ], [ -81.434727669933466, 28.374891582166075 ], [ -81.434727974142419, 28.374894060226168 ], [ -81.434728276514477, 28.374896602455166 ], [ -81.434728568206552, 28.374899208383614 ], [ -81.434728839837589, 28.374901874506428 ], [ -81.43472908161587, 28.374904594209912 ], [ -81.434729283454871, 28.374907357811363 ], [ -81.434729435078737, 28.374910152713575 ], [ -81.434729526119014, 28.374912963672823 ], [ -81.434729546205745, 28.37491577317472 ], [ -81.434729485055684, 28.374918561908284 ], [ -81.434729332561659, 28.374921309325035 ], [ -81.434729078886306, 28.37492399426657 ], [ -81.434728714563718, 28.374926595640854 ], [ -81.434728230611654, 28.374929093125751 ], [ -81.434727618656439, 28.374931467876394 ], [ -81.434726871071462, 28.374933703212328 ], [ -81.434725981129347, 28.374935785260249 ], [ -81.434724943166188, 28.374937703529223 ], [ -81.434723752755247, 28.37493945139683 ], [ -81.434722406886152, 28.374941026486798 ], [ -81.434720904144413, 28.374942430922452 ], [ -81.434719244884775, 28.374943671443269 ], [ -81.434717431391562, 28.374944759376657 ], [ -81.434715468018155, 28.374945710461375 ], [ -81.434713361297696, 28.374946544523738 ], [ -81.434711120017099, 28.374947285012794 ], [ -81.434708755246902, 28.374947958405258 ], [ -81.434706280320441, 28.374948593495493 ], [ -81.434703710756764, 28.374949220589862 ], [ -81.434701064123317, 28.374949870628246 ], [ -81.434698359836347, 28.37495057425842 ], [ -81.434695618898772, 28.374951360890911 ], [ -81.434692863577624, 28.374952257763031 ], [ -81.434690117025355, 28.374953289041333 ], [ -81.434687402851708, 28.374954474990663 ], [ -81.434684744654888, 28.374955831236655 ], [ -81.434682165522972, 28.374957368145928 ], [ -81.434679687518212, 28.374959090345019 ], [ -81.434677331158326, 28.374960996394897 ], [ -81.434675114909794, 28.37496307863368 ], [ -81.434673054709023, 28.374965323194793 ], [ -81.434671163527071, 28.374967710202771 ], [ -81.434669450993027, 28.374970214143286 ], [ -81.434667923090544, 28.374972804398812 ], [ -81.434666581939993, 28.374975445936119 ], [ -81.434665425677039, 28.374978100127052 ], [ -81.43466444843537, 28.374980725679876 ], [ -81.43466364043924, 28.374983279655051 ], [ -81.434662988207407, 28.374985718536585 ], [ -81.434662474867196, 28.37498799932823 ], [ -81.434662080573716, 28.37499008064303 ], [ -81.434661783025888, 28.374991923754944 ], [ -81.434661558067347, 28.374993493582064 ], [ -81.434661380357497, 28.374994759573415 ], [ -81.434661224095095, 28.374995696473849 ], [ -81.434661063774499, 28.374996284945581 ], [ -81.434660874953053, 28.374996512028915 ], [ -81.434660635006949, 28.374996371430026 ], [ -81.434660323852725, 28.374995863628481 ], [ -81.434659924611495, 28.374994995802922 ], [ -81.434659424194507, 28.37499378157867 ], [ -81.434658813790335, 28.374992240606325 ], [ -81.43465808923591, 28.374990397985528 ], [ -81.434657251257605, 28.374988283552288 ], [ -81.434656305571281, 28.374985931052642 ], [ -81.434655262835008, 28.374983377228009 ], [ -81.434654138451606, 28.374980660840411 ], [ -81.434652952223715, 28.374977821666732 ], [ -81.434651727867688, 28.374974899492091 ], [ -81.434650492397608, 28.374971933131505 ], [ -81.434649275394776, 28.374968959507942 ], [ -81.434648108181648, 28.374966012812525 ], [ -81.434647022922732, 28.374963123769589 ], [ -81.434646051677362, 28.374960319025536 ], [ -81.434645225431467, 28.374957620676373 ], [ -81.434644573136282, 28.374955045943988 ], [ -81.434644120782437, 28.374952607006399 ], [ -81.434643890537174, 28.374950310982246 ], [ -81.434643899971277, 28.374948160064932 ], [ -81.434644161399575, 28.374946151797122 ], [ -81.434644681356133, 28.374944279472182 ], [ -81.434645460221759, 28.37494253264526 ], [ -81.434646492016569, 28.374940897733811 ], [ -81.434647764366389, 28.374939358684955 ], [ -81.434649258645919, 28.37493789768542 ], [ -81.434650950297254, 28.374936495889372 ], [ -81.43465280931639, 28.374935134139346 ], [ -81.434654800896169, 28.374933793656449 ], [ -81.434656886208472, 28.374932456678071 ], [ -81.434659023305301, 28.374931107023329 ], [ -81.434661168114019, 28.3749297305699 ], [ -81.434663275499531, 28.374928315629212 ], [ -81.434665300363889, 28.374926853211022 ], [ -81.434667198752948, 28.374925337172414 ], [ -81.434668928939061, 28.374923764250482 ], [ -81.434670452449708, 28.374922133982178 ], [ -81.434671735013353, 28.374920448518473 ], [ -81.434672747396405, 28.374918712343892 ], [ -81.434673466108237, 28.374916931915095 ], [ -81.434673873955191, 28.374915115235257 ], [ -81.434673960428853, 28.37491327138234 ], [ -81.434673721919069, 28.374911410010945 ], [ -81.434673161746659, 28.374909540847689 ], [ -81.434672290017048, 28.374907673199733 ], [ -81.434671123300205, 28.374905815495374 ], [ -81.434669684148233, 28.374903974873661 ], [ -81.434668000465692, 28.374902156838004 ], [ -81.434666104752822, 28.374900364985955 ], [ -81.434664033244317, 28.374898600824253 ], [ -81.434661824970107, 28.374896863674856 ], [ -81.43465952076555, 28.374895150674181 ], [ -81.434657162260336, 28.37489345686426 ], [ -81.434654790875058, 28.37489177537104 ], [ -81.434652446853804, 28.374890097662043 ], [ -81.434650168359795, 28.374888413872629 ], [ -81.434647990658277, 28.374886713187763 ], [ -81.434645945408064, 28.374884984264401 ], [ -81.434644060079506, 28.374883215678327 ], [ -81.434642357512018, 28.374881396378477 ], [ -81.434640855620088, 28.374879516132058 ], [ -81.434639567252162, 28.374877565944132 ], [ -81.434638500201217, 28.374875538436534 ], [ -81.434637657361918, 28.374873428173021 ], [ -81.434637037024586, 28.374871231919389 ], [ -81.43463663329193, 28.374868948830002 ], [ -81.434636436601266, 28.374866580555182 ], [ -81.434636434331921, 28.374864131266627 ], [ -81.434636611475497, 28.374861607601339 ], [ -81.434636951344771, 28.37485901852731 ], [ -81.434637436297237, 28.374856375137146 ], [ -81.434638048448448, 28.374853690378444 ], [ -81.434638770352365, 28.37485097873147 ], [ -81.434639585626542, 28.374848255846942 ], [ -81.434640479503457, 28.374845538157494 ], [ -81.43464143929117, 28.374842842477186 ], [ -81.43464245473109, 28.374840185603656 ], [ -81.434643518243263, 28.374837583936742 ], [ -81.434644625054517, 28.37483505312678 ], [ -81.434645773208402, 28.374832607764009 ], [ -81.43464696346004, 28.37483026111876 ], [ -81.434648199062863, 28.374828024939905 ], [ -81.434649485457669, 28.374825909316524 ], [ -81.434650829877739, 28.37482392260501 ], [ -81.434652240885825, 28.374822071421498 ], [ -81.434653727861743, 28.374820360696411 ], [ -81.434655300459454, 28.374818793786041 ], [ -81.434656968054185, 28.374817372633363 ], [ -81.434658739199492, 28.374816097968885 ], [ -81.434660621113707, 28.374814969540633 ], [ -81.434662619213597, 28.374813986361445 ], [ -81.434664736711539, 28.37481314696166 ], [ -81.434666974289456, 28.374812449634572 ], [ -81.434669329860597, 28.374811892663534 ], [ -81.434671798426322, 28.374811474519863 ], [ -81.434674372032461, 28.374811194022616 ], [ -81.434677039825644, 28.374811050452998 ], [ -81.434679788207106, 28.374811043618418 ], [ -81.434682601078308, 28.374811173863513 ] ] ] } },
{ "type": "Feature", "properties": { "id": 20, "area_ha": 0.051631971511248966 }, "geometry": { "type": "Polygon", "coordinates": [ [ [ -81.435203209943367, 28.37498636461682 ], [ -81.435210359099614, 28.374988092851062 ], [ -81.435217178814824, 28.37499032588379 ], [ -81.435223542695027, 28.374993034518667 ], [ -81.435229333579457, 28.374996188993965 ], [ -81.435234448135034, 28.37499975944618 ], [ -81.43523880121792, 28.375003716218934 ], [ -81.435242329772592, 28.375008030038046 ], [ -81.435244996042456, 28.375012672082295 ], [ -81.435246789883976, 28.375017613985047 ], [ -81.435247730007603, 28.37502282780407 ], [ -81.435247864012851, 28.375028285994997 ], [ -81.435247267139914, 28.375033961419156 ], [ -81.435246039722784, 28.375039827409065 ], [ -81.435244303397866, 28.375045857904734 ], [ -81.4352421961906, 28.375052027664246 ], [ -81.43523986666996, 28.375058312540496 ], [ -81.435237467419554, 28.375064689806756 ], [ -81.435235148123624, 28.375071138505447 ], [ -81.435233048600438, 28.37507763978882 ], [ -81.435231292133622, 28.375084177217794 ], [ -81.43522997945108, 28.37509073698552 ], [ -81.435229183680434, 28.375097308036572 ], [ -81.435228946570902, 28.375103882058834 ], [ -81.435229276213875, 28.375110453335274 ], [ -81.435230146422526, 28.375117018453082 ], [ -81.435231497847099, 28.375123575880345 ], [ -81.435233240811584, 28.375130125431664 ], [ -81.43523525976488, 28.375136667655482 ], [ -81.435237419149573, 28.37514320318402 ], [ -81.435239570409735, 28.375149732093448 ], [ -81.435241559791393, 28.37515625332362 ], [ -81.43524323653763, 28.375162764206181 ], [ -81.435244461050402, 28.375169260144173 ], [ -81.435245112584411, 28.375175734477779 ], [ -81.435245096054231, 28.37518217855877 ], [ -81.43524434757704, 28.37518858204179 ], [ -81.435242838435173, 28.375194933384886 ], [ -81.435240577223382, 28.375201220535264 ], [ -81.435237610041639, 28.37520743176113 ], [ -81.435234018698424, 28.375213556576814 ], [ -81.435229916998338, 28.375219586698282 ], [ -81.435225445293867, 28.375225516959638 ], [ -81.435220763577917, 28.375231346119438 ], [ -81.435216043478079, 28.375237077488997 ], [ -81.435211459576678, 28.375242719322877 ], [ -81.435207180522639, 28.375248284924666 ], [ -81.435203360416452, 28.375253792437888 ], [ -81.435200130938497, 28.375259264311786 ], [ -81.43519759465299, 28.375264726453096 ], [ -81.435195819857697, 28.375270207097046 ], [ -81.435194837266067, 28.375275735451616 ], [ -81.435194638707713, 28.375281340187282 ], [ -81.435195177921599, 28.37528704785905 ], [ -81.435196373400217, 28.375292881356728 ], [ -81.435198113127612, 28.375298858482942 ], [ -81.435200260947866, 28.375304990755424 ], [ -81.43520266420856, 28.375311282520524 ], [ -81.43520516225081, 28.375317730449581 ], [ -81.435207595269731, 28.375324323468483 ], [ -81.435209813046924, 28.375331043145735 ], [ -81.435211683063685, 28.375337864536142 ], [ -81.435213097538451, 28.375344757447966 ], [ -81.435213978992309, 28.37535168807328 ], [ -81.435214284030565, 28.375358620894719 ], [ -81.435214005129467, 28.375365520760649 ], [ -81.435213170331266, 28.375372355004902 ], [ -81.435211840870153, 28.375379095478419 ], [ -81.435210106869945, 28.375385720359411 ], [ -81.435208081365275, 28.375392215616216 ], [ -81.435205892993508, 28.375398576012543 ], [ -81.435203677781615, 28.375404805568017 ], [ -81.435201570503864, 28.375410917416346 ], [ -81.43519969611107, 28.375416933037478 ], [ -81.435198161728337, 28.375422880877462 ], [ -81.435197049685755, 28.375428794407185 ], [ -81.435196411987192, 28.375434709707577 ], [ -81.435196266540686, 28.375440662701056 ], [ -81.435196595372432, 28.375446686175636 ], [ -81.435197344933528, 28.37545280676683 ], [ -81.435198428488746, 28.375459042072485 ], [ -81.435199730457938, 28.37546539807536 ], [ -81.435201112469258, 28.375471867038172 ], [ -81.435202420786297, 28.375478426015491 ], [ -81.4352034946929, 28.375485036097839 ], [ -81.435204175366138, 28.375491642466347 ], [ -81.435204314739991, 28.375498175294201 ], [ -81.435203783864154, 28.375504551485104 ], [ -81.435202480291494, 28.375510677192739 ], [ -81.435200334083575, 28.375516451020353 ], [ -81.435197312101934, 28.375521767759675 ], [ -81.435193420350814, 28.375526522494926 ], [ -81.435188704245988, 28.375530614873362 ], [ -81.435183246800918, 28.375533953329999 ], [ -81.435177164837796, 28.375536459051609 ], [ -81.435170603439232, 28.375538069474455 ], [ -81.435163728952972, 28.375538741131209 ], [ -81.43515672093919, 28.375538451693352 ], [ -81.435149763504825, 28.375537201096197 ], [ -81.435143036498729, 28.375535011679741 ], [ -81.435136707043611, 28.375531927330073 ], [ -81.435130921856427, 28.375528011658368 ], [ -81.435125800758968, 28.375523345305059 ], [ -81.435121431709391, 28.375518022503421 ], [ -81.435117867595693, 28.37551214707608 ], [ -81.435115124931286, 28.375505828067819 ], [ -81.435113184484919, 28.375499175237344 ], [ -81.435111993769482, 28.3754922946374 ], [ -81.43511147121238, 28.375485284506887 ], [ -81.435111511740814, 28.375478231680976 ], [ -81.435111993441481, 28.375471208695551 ], [ -81.435112784902131, 28.375464271723867 ], [ -81.435113752813237, 28.375457459436639 ], [ -81.43511476940256, 28.375450792825827 ], [ -81.435115719295823, 28.375444275978953 ], [ -81.435116505438202, 28.375437897739104 ], [ -81.435117053773638, 28.375431634137122 ], [ -81.435117316456612, 28.37542545144165 ], [ -81.435117273459966, 28.37541930963981 ], [ -81.435116932536729, 28.375413166140039 ], [ -81.435116327587906, 28.375406979478907 ], [ -81.435115515578161, 28.375400712816464 ], [ -81.435114572218652, 28.375394337020069 ], [ -81.435113586701306, 28.375387833162662 ], [ -81.435112655813782, 28.375381194297685 ], [ -81.435111877790391, 28.37537442641645 ], [ -81.435111346258125, 28.375367548542215 ], [ -81.435111144621004, 28.375360591965979 ], [ -81.435111341189398, 28.375353598679098 ], [ -81.435111985308993, 28.375346619103791 ], [ -81.435113104677967, 28.375339709262821 ], [ -81.435114703966761, 28.375332927560891 ], [ -81.435116764775387, 28.375326331371426 ], [ -81.43511924688589, 28.375319973632081 ], [ -81.435122090693284, 28.375313899650024 ], [ -81.435125220635399, 28.375308144304221 ], [ -81.435128549390186, 28.375302729807419 ], [ -81.435131982573708, 28.375297664156712 ], [ -81.435135423652852, 28.375292940360449 ], [ -81.4351387787856, 28.375288536484121 ], [ -81.435141961317427, 28.375284416509832 ], [ -81.435144895692687, 28.375280531957543 ], [ -81.435147520584792, 28.375276824172708 ], [ -81.43514979110175, 28.375273227147993 ], [ -81.435151679984585, 28.375269670717419 ], [ -81.435153177777835, 28.375266083941739 ], [ -81.435154292012797, 28.375262398495238 ], [ -81.435155045500167, 28.375258551866356 ], [ -81.435155473875611, 28.375254490197484 ], [ -81.435155622579941, 28.37525017061256 ], [ -81.435155543478587, 28.375245562912092 ], [ -81.435155291336869, 28.375240650553501 ], [ -81.435154920364425, 28.375235430876298 ], [ -81.435154481027041, 28.375229914575673 ], [ -81.435154017297705, 28.375224124470517 ], [ -81.435153564483031, 28.375218093651672 ], [ -81.435153147719632, 28.375211863129685 ], [ -81.435152781190311, 28.375205479127938 ], [ -81.435152468063905, 28.375198990184209 ], [ -81.43515220111999, 28.375192444231658 ], [ -81.435151963982079, 28.375185885827804 ], [ -81.435151732851324, 28.375179353688026 ], [ -81.4351514786119, 28.375172878659523 ], [ -81.435151169165437, 28.375166482243316 ], [ -81.435150771849777, 28.375160175738166 ], [ -81.435150255803364, 28.375153960042898 ], [ -81.435149594150744, 28.375147826115121 ], [ -81.43514876590578, 28.375141756046705 ], [ -81.43514775751477, 28.375135724681829 ], [ -81.435146563988937, 28.37512970167424 ], [ -81.435145189604825, 28.375123653857649 ], [ -81.43514364817689, 28.375117547788314 ], [ -81.435141962929961, 28.375111352312512 ], [ -81.435140166016851, 28.375105041013921 ], [ -81.435138297739343, 28.375098594406303 ], [ -81.435136405536028, 28.375092001754929 ], [ -81.435134542801237, 28.375085262434069 ], [ -81.435132767593856, 28.375078386756286 ], [ -81.43513114128524, 28.37507139624087 ], [ -81.435129727183494, 28.375064323320267 ], [ -81.435128589157401, 28.37505721051452 ], [ -81.435127790270727, 28.375050109131827 ], [ -81.435127391426207, 28.375043077576489 ], [ -81.435127450010881, 28.375036179363871 ], [ -81.435128018531174, 28.375029480953149 ], [ -81.435129143227329, 28.375023049513185 ], [ -81.435130862663328, 28.375016950734775 ], [ -81.435133206299213, 28.375011246793612 ], [ -81.435136193067166, 28.375005994554108 ], [ -81.435139829989026, 28.375001244085571 ], [ -81.435144110890533, 28.374997037540453 ], [ -81.435149015282661, 28.374993408420977 ], [ -81.435154507493579, 28.374990381237065 ], [ -81.435160536142362, 28.374987971536683 ], [ -81.435167034046316, 28.374986186270082 ], [ -81.435173918648474, 28.374985024434384 ], [ -81.435181093036491, 28.374984477933424 ], [ -81.435188447602997, 28.37498453258236 ], [ -81.435195862367294, 28.374985169185127 ], [ -81.435203209943367, 28.37498636461682 ] ] ] } },
{ "type": "Feature", "properties": { "id": 21, "area_ha": 0.0096490166471690109 }, "geometry": { "type": "Polygon", "coordinates": [ [ [ -81.435538104452476, 28.375491433918175 ], [ -81.435540600830066, 28.375490596896867 ], [ -81.435543171592499, 28.375489869691162 ], [ -81.435545797362963, 28.375489258547955 ], [ -81.435548458476845, 28.375488769675872 ], [ -81.435551135440264, 28.375488409000173 ], [ -81.435553809391479, 28.375488181903457 ], [ -81.435556462550167, 28.375488092962939 ], [ -81.435559078639884, 28.375488145695563 ], [ -81.435561643269779, 28.375488342322164 ], [ -81.4355641442625, 28.375488683561443 ], [ -81.435566571917349, 28.375489168463481 ], [ -81.435568919199682, 28.375489794291312 ], [ -81.43557118184961, 28.375490556457287 ], [ -81.435573358406501, 28.375491448519146 ], [ -81.435575450147795, 28.375492462238075 ], [ -81.435577460944387, 28.375493587699278 ], [ -81.435579397036875, 28.37549481349259 ], [ -81.435581266740527, 28.375496126948683 ], [ -81.435583080088691, 28.375497514423898 ], [ -81.435584848426899, 28.375498961625013 ], [ -81.435586583971542, 28.375500453963149 ], [ -81.435588299348396, 28.375501976924983 ], [ -81.435590007126763, 28.375503516448426 ], [ -81.43559171936559, 28.375505059289274 ], [ -81.435593447187273, 28.375506593365785 ], [ -81.435595200393891, 28.375508108068168 ], [ -81.435596987139434, 28.375509594521528 ], [ -81.435598813669387, 28.375511045791853 ], [ -81.43560068413673, 28.375512457026822 ], [ -81.435602600500701, 28.375513825525431 ], [ -81.435604562511784, 28.375515150732689 ], [ -81.435606567783353, 28.375516434158804 ], [ -81.435608611946734, 28.375517679224536 ], [ -81.435610688884381, 28.375518891037586 ], [ -81.435612791032042, 28.375520076107261 ], [ -81.435614909738675, 28.375521242007153 ], [ -81.435617035670745, 28.37552239699767 ], [ -81.435619159245491, 28.375523549621946 ], [ -81.435621271076812, 28.375524708289888 ], [ -81.435623362416777, 28.37552588086584 ], [ -81.435625425575481, 28.375527074275478 ], [ -81.435627454302974, 28.375528294147095 ], [ -81.435629444117922, 28.375529544501653 ], [ -81.435631392569277, 28.37553082750415 ], [ -81.435633299419933, 28.37553214328706 ], [ -81.435635166743523, 28.375533489854167 ], [ -81.435636998928757, 28.375534863070129 ], [ -81.435638802589253, 28.375536256738375 ], [ -81.435640586379265, 28.375537662766305 ], [ -81.435642360720522, 28.375539071414074 ], [ -81.435644137446957, 28.375540471619601 ], [ -81.435645929378879, 28.375541851389837 ], [ -81.435647749839376, 28.375543198245371 ], [ -81.435649612128998, 28.375544499703526 ], [ -81.435651528976095, 28.375545743783043 ], [ -81.435653511981414, 28.375546919512374 ], [ -81.435655571076325, 28.375548017423032 ], [ -81.435657714013487, 28.375549030009459 ], [ -81.435659945908668, 28.375549952137476 ], [ -81.435662268850479, 28.375550781384991 ], [ -81.435664681592897, 28.375551518300245 ], [ -81.435667179343469, 28.375552166565686 ], [ -81.435669753656242, 28.375552733058242 ], [ -81.435672392435904, 28.375553227800395 ], [ -81.435675080055574, 28.375553663799771 ], [ -81.435677797587402, 28.375554056778974 ], [ -81.435680523141045, 28.375554424801003 ], [ -81.435683232301614, 28.375554787799267 ], [ -81.43568589865572, 28.375555167024789 ], [ -81.435688494390703, 28.375555584426081 ], [ -81.435690990949979, 28.37555606197995 ], [ -81.435693359725335, 28.375556620993411 ], [ -81.435695572765681, 28.375557281398411 ], [ -81.435697603481103, 28.37555806106187 ], [ -81.4356994273206, 28.375558975133163 ], [ -81.435701022403521, 28.375560035451091 ], [ -81.435702370084798, 28.375561250030231 ], [ -81.435703455437107, 28.375562622644964 ], [ -81.435704267634861, 28.375564152526398 ], [ -81.435704800228578, 28.37556583418429 ], [ -81.435705051300729, 28.375567657362282 ], [ -81.435705023498826, 28.375569607130689 ], [ -81.435704723944411, 28.375571664116915 ], [ -81.435704164020933, 28.375573804869365 ], [ -81.435703359047196, 28.375576002346254 ], [ -81.435702327846471, 28.375578226517124 ], [ -81.43570109222442, 28.375580445061036 ], [ -81.43569967637211, 28.375582624142229 ], [ -81.4356981062123, 28.375584729241726 ], [ -81.435696408708651, 28.375586726021218 ], [ -81.435694611159079, 28.375588581194474 ], [ -81.435692740494218, 28.375590263381309 ], [ -81.4356908226016, 28.375591743919127 ], [ -81.43568888169564, 28.375592997608628 ], [ -81.435686939751264, 28.37559400337198 ], [ -81.435685016016947, 28.375594744804211 ], [ -81.435683126620532, 28.375595210602032 ], [ -81.435681284277592, 28.375595394857697 ], [ -81.435679498109167, 28.375595297209728 ], [ -81.435677773571825, 28.375594922846485 ], [ -81.435676112499593, 28.375594282363164 ], [ -81.435674513253446, 28.375593391476912 ], [ -81.435672970971339, 28.375592270609111 ], [ -81.435671477907874, 28.375590944347913 ], [ -81.435670023850591, 28.375589440807158 ], [ -81.435668596597594, 28.375587790901253 ], [ -81.435667182479506, 28.375586027557588 ], [ -81.435665766907533, 28.375584184889696 ], [ -81.435664334929427, 28.37558229735539 ], [ -81.435662871774724, 28.375580398924214 ], [ -81.435661363372219, 28.375578522277628 ], [ -81.435659796823018, 28.375576698064414 ], [ -81.435658160815407, 28.375574954231425 ], [ -81.435656445969315, 28.375573315447099 ], [ -81.435654645101266, 28.375571802632354 ], [ -81.435652753403588, 28.375570432609472 ], [ -81.435650768534515, 28.375569217875942 ], [ -81.435648690619288, 28.375568166506351 ], [ -81.4356465221652, 28.375567282180928 ], [ -81.435644267896478, 28.375566564336076 ], [ -81.435641934517619, 28.375566008427821 ], [ -81.43563953041577, 28.375565606296551 ], [ -81.435637065315092, 28.375565346617726 ], [ -81.435634549896847, 28.375565215421723 ], [ -81.435631995400172, 28.375565196663658 ], [ -81.43562941321855, 28.375565272823305 ], [ -81.435626814506918, 28.375565425514779 ], [ -81.435624209813312, 28.37556563608598 ], [ -81.435621608747965, 28.375565886188749 ], [ -81.435619019700795, 28.375566158302277 ], [ -81.435616449616418, 28.375566436194489 ], [ -81.435613903833186, 28.375566705308728 ], [ -81.435611385990384, 28.375566953065931 ], [ -81.4356088980051, 28.37556716907585 ], [ -81.435606440117596, 28.375567345254151 ], [ -81.435604011001374, 28.3755674758456 ], [ -81.435601607932114, 28.375567557356931 ], [ -81.435599227007131, 28.375567588405968 ], [ -81.435596863405635, 28.375567569496432 ], [ -81.435594511678957, 28.375567502730021 ], [ -81.435592166058115, 28.375567391469719 ], [ -81.435589820767078, 28.375567239968991 ], [ -81.435587470328812, 28.375567052982873 ], [ -81.435585109852767, 28.375566835376809 ], [ -81.435582735292883, 28.375566591748964 ], [ -81.435580343666842, 28.375566326080463 ], [ -81.435577933228828, 28.375566041426993 ], [ -81.435575503590201, 28.375565739662765 ], [ -81.435573055784673, 28.375565421286225 ], [ -81.435570592276733, 28.375565085293637 ], [ -81.435568116914339, 28.375564729124388 ], [ -81.435565634829189, 28.375564348679056 ], [ -81.435563152290172, 28.375563938408124 ], [ -81.435560676516545, 28.375563491466945 ], [ -81.435558215460006, 28.375562999929912 ], [ -81.435555777565142, 28.375562455054741 ], [ -81.435553371518751, 28.375561847585953 ], [ -81.435551005998775, 28.375561168085426 ], [ -81.435548689433404, 28.375560407276993 ], [ -81.435546429780715, 28.375559556391739 ], [ -81.435544234337243, 28.375558607500899 ], [ -81.435542109583892, 28.375557553823906 ], [ -81.435540061074747, 28.37555639000022 ], [ -81.435538093373239, 28.37555511231524 ], [ -81.43553621003754, 28.375553718872386 ], [ -81.43553441365539, 28.375552209705667 ], [ -81.435532705926065, 28.375550586829327 ], [ -81.435531087785108, 28.375548854223691 ], [ -81.435529559566206, 28.375547017758702 ], [ -81.435528121191822, 28.375545085058913 ], [ -81.43552677238408, 28.375543065316023 ], [ -81.435525512885675, 28.375540969056701 ], [ -81.435524342680168, 28.375538807875259 ], [ -81.435523262201102, 28.375536594141625 ], [ -81.435522272519592, 28.375534340696092 ], [ -81.435521375500613, 28.375532060542177 ], [ -81.435520573919618, 28.375529766549455 ], [ -81.435519871532662, 28.375527471176721 ], [ -81.435519273094414, 28.375525186225655 ], [ -81.435518784321573, 28.375522922633042 ], [ -81.43551841180026, 28.375520690308534 ], [ -81.435518162839088, 28.375518498022373 ], [ -81.435518045271536, 28.375516353345784 ], [ -81.435518067213224, 28.375514262644462 ], [ -81.435518236782372, 28.375512231123146 ], [ -81.435518561792492, 28.375510262917572 ], [ -81.435519049428592, 28.375508361227862 ], [ -81.435519705918722, 28.375506528485797 ], [ -81.435520536213076, 28.375504766547252 ], [ -81.435521543683819, 28.375503076899872 ], [ -81.435522729857126, 28.375501460875618 ], [ -81.435524094189176, 28.375499919857699 ], [ -81.435525633896148, 28.375498455471671 ], [ -81.435527343846346, 28.375497069751106 ], [ -81.435529216520862, 28.375495765269598 ], [ -81.435531242046792, 28.37549454523214 ], [ -81.43553340830448, 28.375493413520672 ], [ -81.435535701107611, 28.375492374690747 ], [ -81.435538104452476, 28.375491433918175 ] ] ] } },
{ "type": "Feature", "properties": { "id": 22, "area_ha": 0.0041480310135878339 }, "geometry": { "type": "Polygon", "coordinates": [ [ [ -81.436724994500679, 28.375526151400742 ], [ -81.436726117107384, 28.37552656493634 ], [ -81.436727240229004, 28.375527018395871 ], [ -81.436728362015387, 28.375527506075294 ], [ -81.436729480727351, 28.375528022413665 ], [ -81.436730594751708, 28.375528562089151 ], [ -81.436731702613258, 28.3755291201071 ], [ -81.436732802983741, 28.375529691878455 ], [ -81.436733894687492, 28.375530273287051 ], [ -81.436734976703605, 28.375530860744714 ], [ -81.436736048164718, 28.375531451233133 ], [ -81.436737108352418, 28.375532042332146 ], [ -81.436738156689387, 28.375532632234052 ], [ -81.43673919272851, 28.37553321974411 ], [ -81.436740216139313, 28.37553380426754 ], [ -81.436741226691893, 28.375534385783894 ], [ -81.436742224239055, 28.375534964809567 ], [ -81.436743208696782, 28.375535542349763 ], [ -81.436744180023751, 28.375536119841371 ], [ -81.436745138200351, 28.375536699088336 ], [ -81.436746083207652, 28.375537282191207 ], [ -81.436747015007057, 28.375537871472861 ], [ -81.436747933520721, 28.375538469402027 ], [ -81.436748838613909, 28.375539078516773 ], [ -81.436749730078844, 28.375539701349595 ], [ -81.436750607621235, 28.375540340355858 ], [ -81.436751470849359, 28.375540997847335 ], [ -81.436752319266006, 28.375541675932091 ], [ -81.436753152263663, 28.375542376462111 ], [ -81.436753969122691, 28.375543100989603 ], [ -81.436754769013049, 28.375543850732779 ], [ -81.436755550998811, 28.375544626551591 ], [ -81.436756314045994, 28.375545428933684 ], [ -81.436757057033077, 28.375546257990543 ], [ -81.43675777876399, 28.375547113463526 ], [ -81.436758477983389, 28.375547994739225 ], [ -81.436759153393567, 28.375548900873468 ], [ -81.436759803672743, 28.375549830622891 ], [ -81.436760427494178, 28.375550782483003 ], [ -81.4367610235456, 28.375551754731418 ], [ -81.436761590548386, 28.375552745474877 ], [ -81.436762127276239, 28.375553752698618 ], [ -81.436762632572467, 28.375554774316583 ], [ -81.436763105365813, 28.375555808220948 ], [ -81.436763544684197, 28.375556852329694 ], [ -81.436763949666172, 28.375557904630789 ], [ -81.436764319569491, 28.3755589632217 ], [ -81.436764653777118, 28.375560026343489 ], [ -81.436764951799944, 28.375561092408208 ], [ -81.436765213276558, 28.375562160019292 ], [ -81.436765437969925, 28.375563227984347 ], [ -81.436765625761183, 28.375564295320071 ], [ -81.436765776640527, 28.375565361249439 ], [ -81.436765890695725, 28.375566425191302 ], [ -81.436765968098427, 28.375567486742906 ], [ -81.436766009088615, 28.375568545655931 ], [ -81.436766013957865, 28.375569601806983 ], [ -81.43676598303162, 28.375570655163393 ], [ -81.436765916651197, 28.375571705745642 ], [ -81.436765815155837, 28.375572753587424 ], [ -81.43676567886574, 28.375573798694727 ], [ -81.43676550806596, 28.375574841005346 ], [ -81.436765302992313, 28.375575880349846 ], [ -81.43676506381928, 28.375576916415469 ], [ -81.436764790650471, 28.375577948714021 ], [ -81.436764483512036, 28.375578976554792 ], [ -81.436764142349176, 28.375579999023444 ], [ -81.436763767026036, 28.375581014967537 ], [ -81.436763357328999, 28.375582022989256 ], [ -81.436762912973521, 28.375583021445699 ], [ -81.436762433614192, 28.375584008456787 ], [ -81.436761918858167, 28.375584981920699 ], [ -81.436761368281523, 28.375585939536549 ], [ -81.4367607814482, 28.375586878833762 ], [ -81.436760157931246, 28.37558779720737 ], [ -81.436759497335757, 28.375588691958445 ], [ -81.43675879932313, 28.375589560338486 ], [ -81.436758063635921, 28.375590399596735 ], [ -81.436757290122827, 28.375591207029004 ], [ -81.436756478763144, 28.375591980026883 ], [ -81.436755629690012, 28.375592716125738 ], [ -81.436754743212049, 28.375593413050513 ], [ -81.436753819832546, 28.375594068757774 ], [ -81.436752860265969, 28.375594681472901 ], [ -81.436751865451072, 28.375595249721535 ], [ -81.436750836560378, 28.375595772354046 ], [ -81.436749775005552, 28.375596248562683 ], [ -81.436748682438633, 28.375596677890485 ], [ -81.436747560748827, 28.375597060231929 ], [ -81.436746412054774, 28.375597395825068 ], [ -81.436745238692509, 28.375597685235324 ], [ -81.436744043199141, 28.375597929331335 ], [ -81.436742828292509, 28.375598129253333 ], [ -81.436741596847128, 28.375598286375073 ], [ -81.436740351866987, 28.375598402259882 ], [ -81.436739096455511, 28.375598478612474 ], [ -81.436737833783283, 28.375598517227353 ], [ -81.436736567054226, 28.375598519935476 ], [ -81.436735299470897, 28.375598488550374 ], [ -81.436734034199375, 28.375598424815514 ], [ -81.436732774334601, 28.375598330353995 ], [ -81.436731522866964, 28.375598206622236 ], [ -81.436730282650331, 28.375598054868906 ], [ -81.436729056372712, 28.375597876100212 ], [ -81.436727846529692, 28.375597671052724 ], [ -81.436726655401301, 28.375597440174442 ], [ -81.436725485032852, 28.375597183614808 ], [ -81.436724337219886, 28.375596901224167 ], [ -81.436723213497658, 28.375596592562545 ], [ -81.436722115135183, 28.375596256918051 ], [ -81.436721043134071, 28.375595893334207 ], [ -81.436719998231894, 28.375595500645812 ], [ -81.436718980910271, 28.375595077522465 ], [ -81.43671799140705, 28.375594622518626 ], [ -81.436717029732549, 28.375594134129162 ], [ -81.436716095689363, 28.375593610848657 ], [ -81.436715188895278, 28.375593051233334 ], [ -81.436714308808746, 28.375592453963652 ], [ -81.436713454756315, 28.375591817906031 ], [ -81.436712625961391, 28.375591142172016 ], [ -81.436711821573908, 28.375590426173208 ], [ -81.436711040699862, 28.375589669670358 ], [ -81.436710282430454, 28.375588872815197 ], [ -81.436709545870045, 28.375588036183736 ], [ -81.436708830162488, 28.375587160799771 ], [ -81.436708134515086, 28.375586248147972 ], [ -81.436707458219942, 28.375585300175626 ], [ -81.436706800672383, 28.375584319282929 ], [ -81.4367061613857, 28.37558330830155 ], [ -81.436705540002691, 28.375582270461852 ], [ -81.43670493630313, 28.375581209349104 ], [ -81.436704350207776, 28.375580128849656 ], [ -81.436703781778419, 28.375579033087931 ], [ -81.436703231214537, 28.37557792635571 ], [ -81.436702698846503, 28.375576813035153 ], [ -81.43670218512581, 28.375575697517249 ], [ -81.43670169061248, 28.375574584117587 ], [ -81.436701215960341, 28.375573476991367 ], [ -81.43670076190034, 28.375572380049697 ], [ -81.436700329222589, 28.375571296879215 ], [ -81.436699918757654, 28.375570230666909 ], [ -81.43669953135749, 28.375569184132214 ], [ -81.436699167876583, 28.375568159467942 ], [ -81.436698829153883, 28.375567158291837 ], [ -81.436698515995857, 28.375566181609965 ], [ -81.436698229161181, 28.375565229793075 ], [ -81.436697969347406, 28.375564302566872 ], [ -81.436697737179827, 28.37556339901656 ], [ -81.436697533202945, 28.375562517605967 ], [ -81.436697357874522, 28.375561656211058 ], [ -81.436697211562404, 28.375560812167368 ], [ -81.436697094544087, 28.375559982330589 ], [ -81.436697007009002, 28.375559163149141 ], [ -81.436696949063204, 28.375558350747383 ], [ -81.436696920736495, 28.37555754101772 ], [ -81.436696921991455, 28.375556729719811 ], [ -81.436696952734252, 28.375555912584666 ], [ -81.43669701282667, 28.375555085421603 ], [ -81.436697102099089, 28.375554244225501 ], [ -81.436697220363882, 28.375553385282242 ], [ -81.436697367428721, 28.375552505269859 ], [ -81.436697543109645, 28.375551601353166 ], [ -81.436697747242988, 28.375550671269757 ], [ -81.436697979696262, 28.375549713405306 ], [ -81.436698240377083, 28.375548726856504 ], [ -81.436698529240459, 28.375547711480106 ], [ -81.436698846293581, 28.375546667926788 ], [ -81.436699191598152, 28.375545597659059 ], [ -81.436699565270388, 28.375544502952568 ], [ -81.436699967478049, 28.375543386880651 ], [ -81.436700398435065, 28.375542253282394 ], [ -81.436700858393536, 28.375541106714468 ], [ -81.436701347633402, 28.375539952387999 ], [ -81.43670186644988, 28.37553879609138 ], [ -81.436702415139194, 28.375537644100707 ], [ -81.436702993982706, 28.375536503079545 ], [ -81.436703603229944, 28.375535379970174 ], [ -81.436704243081067, 28.375534281878444 ], [ -81.436704913669018, 28.375533215954523 ], [ -81.436705615041987, 28.375532189272281 ], [ -81.436706347146639, 28.375531208709329 ], [ -81.436707109812559, 28.375530280830699 ], [ -81.43670790273822, 28.375529411778061 ], [ -81.436708725479178, 28.375528607167084 ], [ -81.436709577438535, 28.37552787199488 ], [ -81.436710457860144, 28.37552721055928 ], [ -81.436711365824877, 28.375526626391846 ], [ -81.436712300249752, 28.375526122205468 ], [ -81.436713259890553, 28.375525699858034 ], [ -81.436714243347495, 28.375525360332283 ], [ -81.436715249074041, 28.375525103732461 ], [ -81.436716275388946, 28.375524929297644 ], [ -81.436717320490786, 28.375524835431079 ], [ -81.436718382475263, 28.375524819744982 ], [ -81.436719459354492, 28.37552487911961 ], [ -81.436720549078203, 28.375525009775068 ], [ -81.436721649556077, 28.375525207354499 ], [ -81.436722758681029, 28.37552546701637 ], [ -81.436723874352666, 28.375525783534112 ], [ -81.436724994500679, 28.375526151400742 ] ] ] } },
{ "type": "Feature", "properties": { "id": 23, "area_ha": 0.012267820721574214 }, "geometry": { "type": "Polygon", "coordinates": [ [ [ -81.435176348775855, 28.375966294457484 ], [ -81.435179600025137, 28.375966662131709 ], [ -81.43518289376884, 28.375967208262683 ], [ -81.435186193995477, 28.375967911115609 ], [ -81.435189467824074, 28.37596874622314 ], [ -81.435192686250048, 28.37596968690443 ], [ -81.435195824765486, 28.375970704824059 ], [ -81.435198863836931, 28.375971770577433 ], [ -81.435201789228515, 28.375972854289625 ], [ -81.435204592163387, 28.375973926214485 ], [ -81.435207269320856, 28.375974957321567 ], [ -81.435209822672832, 28.375975919859467 ], [ -81.435212259166889, 28.375976787884991 ], [ -81.435214590269027, 28.375977537749026 ], [ -81.435216831382704, 28.375978148531182 ], [ -81.435219001164498, 28.375978602416971 ], [ -81.435221120759721, 28.375978885012387 ], [ -81.435223212983189, 28.375978985592642 ], [ -81.435225301472101, 28.375978897282646 ], [ -81.435227409837424, 28.375978617168631 ], [ -81.435229560840696, 28.375978146341176 ], [ -81.435231775621176, 28.37597748987082 ], [ -81.435234072996323, 28.37597665671866 ], [ -81.435236468855621, 28.37597565958486 ], [ -81.435238975664561, 28.375974514698459 ], [ -81.43524160209158, 28.375973241552717 ], [ -81.43524435276619, 28.375971862590326 ], [ -81.435247228172756, 28.375970402843073 ], [ -81.435250224679251, 28.375968889531162 ], [ -81.435253334696412, 28.375967351626976 ], [ -81.435256546958442, 28.37596581938902 ], [ -81.4352598469127, 28.375964323871123 ], [ -81.43526321720266, 28.375962896413061 ], [ -81.435266638225954, 28.375961568118306 ], [ -81.435270088747174, 28.375960369325348 ], [ -81.435273546544153, 28.375959329079155 ], [ -81.435276989065798, 28.375958474609678 ], [ -81.435280394080237, 28.375957830824852 ], [ -81.435283740292505, 28.375957419825568 ], [ -81.435287007913473, 28.375957260450715 ], [ -81.435290179163118, 28.375957367860323 ], [ -81.435293238694896, 28.375957753165224 ], [ -81.435296173930581, 28.375958423111353 ], [ -81.435298975298309, 28.375959379826895 ], [ -81.435301636370795, 28.375960620639717 ], [ -81.435304153903331, 28.37596213797239 ], [ -81.435306527775296, 28.375963919320707 ], [ -81.435308760841821, 28.375965947320935 ], [ -81.435310858705051, 28.375968199909309 ], [ -81.435312829416745, 28.375970650575915 ], [ -81.435314683126265, 28.375973268713164 ], [ -81.435316431688676, 28.375976020056981 ], [ -81.435318088248493, 28.37597886721684 ], [ -81.435319666815232, 28.375981770288291 ], [ -81.435321181845524, 28.375984687539553 ], [ -81.435322647845993, 28.375987576161258 ], [ -81.435324079009376, 28.375990393066573 ], [ -81.435325488894463, 28.375993095726614 ], [ -81.435326890157583, 28.375995643024609 ], [ -81.435328294341446, 28.37599799611079 ], [ -81.435329711724151, 28.376000119239002 ], [ -81.435331151228141, 28.376001980565359 ], [ -81.435332620386944, 28.376003552889369 ], [ -81.435334125364463, 28.376004814318357 ], [ -81.435335671020013, 28.37600574883686 ], [ -81.435337261010247, 28.376006346764513 ], [ -81.43533889791793, 28.376006605087611 ], [ -81.43534058339678, 28.3760065276525 ], [ -81.435342318321403, 28.376006125211578 ], [ -81.435344102931239, 28.376005415316364 ], [ -81.435345936958825, 28.376004422055509 ], [ -81.435347819733181, 28.376003175639681 ], [ -81.435349750251362, 28.376001711839056 ], [ -81.435351727212748, 28.376000071283286 ], [ -81.435353749013089, 28.375998298637377 ], [ -81.435355813697754, 28.375996441670772 ], [ -81.435357918875496, 28.375994550239849 ], [ -81.435360061597322, 28.375992675207108 ], [ -81.435362238206153, 28.375990867322201 ], [ -81.43536444416597, 28.375989176091849 ], [ -81.435366673879614, 28.375987648666168 ], [ -81.43536892050659, 28.375986328769574 ], [ -81.435371175792255, 28.375985255703121 ], [ -81.435373429920148, 28.375984463444432 ], [ -81.435375671398759, 28.375983979868668 ], [ -81.435377886993564, 28.375983826111476 ], [ -81.435380061713047, 28.37598401609123 ], [ -81.435382178856372, 28.375984556203935 ], [ -81.435384220127588, 28.375985445199788 ], [ -81.435386165818983, 28.375986674245382 ], [ -81.435387995063522, 28.375988227171039 ], [ -81.435389686153215, 28.375990080897331 ], [ -81.435391216917807, 28.375992206030407 ], [ -81.435392565154885, 28.375994567610725 ], [ -81.435393709100879, 28.375997125996022 ], [ -81.435394627929412, 28.375999837855112 ], [ -81.435395302262094, 28.376002657246612 ], [ -81.435395714676062, 28.376005536753723 ], [ -81.435395850190773, 28.376008428645147 ], [ -81.435395696717976, 28.376011286031158 ], [ -81.435395245457997, 28.376014063984154 ], [ -81.435394491227441, 28.376016720594073 ], [ -81.435393432705055, 28.376019217930718 ], [ -81.435392072584406, 28.376021522888152 ], [ -81.43539041762547, 28.376023607889106 ], [ -81.435388478599506, 28.376025451432103 ], [ -81.435386270125889, 28.376027038467715 ], [ -81.4353838104023, 28.376028360596059 ], [ -81.43538112083391, 28.376029416082069 ], [ -81.435378225570247, 28.376030209690882 ], [ -81.435375150961931, 28.376030752350239 ], [ -81.435371924952079, 28.376031060652057 ], [ -81.435368576420089, 28.376031156209727 ], [ -81.435365134496749, 28.376031064891539 ], [ -81.435361627871742, 28.376030815954181 ], [ -81.435358084114199, 28.376030441102749 ], [ -81.435354529027578, 28.376029973505517 ], [ -81.435350986059248, 28.376029446792824 ], [ -81.435347475782933, 28.376028894069119 ], [ -81.435344015470804, 28.376028346967082 ], [ -81.435340618768691, 28.376027834770195 ], [ -81.435337295484771, 28.376027383628582 ], [ -81.435334051498344, 28.376027015888976 ], [ -81.435330888791327, 28.376026749556647 ], [ -81.435327805601361, 28.376026597902232 ], [ -81.435324796690608, 28.376026569222194 ], [ -81.435321853721277, 28.376026666756758 ], [ -81.435318965724747, 28.376026888764173 ], [ -81.435316119648078, 28.376027228745475 ], [ -81.435313300958938, 28.376027675809404 ], [ -81.435310494288416, 28.376028215163036 ], [ -81.435307684088926, 28.376028828709828 ], [ -81.435304855285011, 28.376029495733992 ], [ -81.435301993894115, 28.376030193647814 ], [ -81.435299087595865, 28.376030898776687 ], [ -81.435296126230085, 28.376031587156294 ], [ -81.43529310220633, 28.376032235316096 ], [ -81.435290010810618, 28.376032821024541 ], [ -81.435286850398739, 28.376033323972727 ], [ -81.435283622469669, 28.376033726375926 ], [ -81.435280331616681, 28.376034013475209 ], [ -81.435276985358058, 28.376034173925035 ], [ -81.435273593854092, 28.376034200056498 ], [ -81.435270169520422, 28.376034088010449 ], [ -81.435266726552285, 28.376033837738433 ], [ -81.435263280377256, 28.376033452874417 ], [ -81.435259847056571, 28.37603294048408 ], [ -81.435256442657376, 28.376032310702218 ], [ -81.435253082619681, 28.376031576272823 ], [ -81.435249781141536, 28.376030752008838 ], [ -81.435246550606365, 28.376029854191305 ], [ -81.435243401074331, 28.37602889992932 ], [ -81.435240339858012, 28.376027906503058 ], [ -81.435237371199946, 28.376026890712506 ], [ -81.435234496065462, 28.376025868254114 ], [ -81.435231712061125, 28.376024853146262 ], [ -81.435229013484161, 28.376023857222588 ], [ -81.435226391503633, 28.376022889709834 ], [ -81.435223834469838, 28.376021956903877 ], [ -81.435221328343246, 28.376021061954159 ], [ -81.435218857230339, 28.376020204763119 ], [ -81.435216404009324, 28.376019382003321 ], [ -81.435213951025602, 28.37601858725122 ], [ -81.4352114808339, 28.376017811232426 ], [ -81.435208976961732, 28.376017042170066 ], [ -81.435206424668181, 28.376016266224152 ], [ -81.435203811671059, 28.376015468007427 ], [ -81.435201128816544, 28.37601463116038 ], [ -81.435198370666839, 28.376013738966623 ], [ -81.435195535983553, 28.376012774988514 ], [ -81.435192628087705, 28.376011723702362 ], [ -81.435189655081274, 28.376010571112904 ], [ -81.435186629919357, 28.376009305327173 ], [ -81.435183570326828, 28.376007917069686 ], [ -81.435180498558537, 28.376006400122471 ], [ -81.435177441007212, 28.376004751676145 ], [ -81.435174427668088, 28.376002972581002 ], [ -81.435171491474449, 28.376001067490137 ], [ -81.43516866752239, 28.375999044890204 ], [ -81.435165992206819, 28.375996917018561 ], [ -81.435163502294429, 28.375994699669224 ], [ -81.435161233960869, 28.375992411893215 ], [ -81.435159221821692, 28.37599007560199 ], [ -81.435157497986268, 28.375987715085461 ], [ -81.435156091164089, 28.375985356458319 ], [ -81.435155025851387, 28.375983027050619 ], [ -81.435154321623116, 28.375980754759524 ], [ -81.435153992553182, 28.375978567380457 ], [ -81.435154046780937, 28.375976491935937 ], [ -81.435154486238375, 28.375974554020129 ], [ -81.43515530654679, 28.375972777176738 ], [ -81.435156497086965, 28.375971182326253 ], [ -81.435158041241351, 28.375969787257119 ], [ -81.435159916801297, 28.375968606193265 ], [ -81.435162096527534, 28.375967649448363 ], [ -81.435164548847141, 28.375966923174204 ], [ -81.43516723866631, 28.375966429208344 ], [ -81.435170128274422, 28.375966165023186 ], [ -81.435173178312297, 28.375966123776088 ], [ -81.435176348775855, 28.375966294457484 ] ] ] } },
{ "type": "Feature", "properties": { "id": 24, "area_ha": 0.0089885279447771936 }, "geometry": { "type": "Polygon", "coordinates": [ [ [ -81.433756864337767, 28.360189622238916 ], [ -81.433758369043758, 28.360190446245952 ], [ -81.43375982271354, 28.360191315738799 ], [ -81.433761229235657, 28.360192230582989 ], [ -81.433762593186998, 28.360193190520349 ], [ -81.433763919592693, 28.360194195098373 ], [ -81.433765213675443, 28.360195243611859 ], [ -81.433766480602827, 28.360196335059278 ], [ -81.433767725241168, 28.360197468115608 ], [ -81.433768951924307, 28.360198641122491 ], [ -81.433770164245118, 28.360199852096045 ], [ -81.43377136487689, 28.36020109875178 ], [ -81.433772555430522, 28.360202378545207 ], [ -81.433773736352606, 28.360203688726294 ], [ -81.43377490686747, 28.360205026405293 ], [ -81.433776064965627, 28.360206388626711 ], [ -81.433777207438453, 28.360207772448327 ], [ -81.433778329958514, 28.360209175021499 ], [ -81.433779427202154, 28.360210593669251 ], [ -81.433780493010545, 28.360212025958575 ], [ -81.433781520583622, 28.360213469763668 ], [ -81.433782502700097, 28.360214923317237 ], [ -81.43378343195603, 28.360216385247337 ], [ -81.433784301013858, 28.360217854598186 ], [ -81.43378510285315, 28.360219330833473 ], [ -81.433785831014561, 28.36022081382211 ], [ -81.433786479828441, 28.360222303806481 ], [ -81.433787044620104, 28.36022380135444 ], [ -81.433787521884767, 28.360225307296776 ], [ -81.433787909425902, 28.360226822652535 ], [ -81.433788206451993, 28.360228348545192 ], [ -81.433788413628307, 28.36022988611305 ], [ -81.433788533081554, 28.360231436417497 ], [ -81.433788568357215, 28.360233000352999 ], [ -81.433788524330311, 28.360234578562572 ], [ -81.433788407072797, 28.360236171362473 ], [ -81.433788223681532, 28.360237778679334 ], [ -81.433787982072388, 28.360239400002751 ], [ -81.433787690747153, 28.360241034355582 ], [ -81.433787358541053, 28.360242680283569 ], [ -81.433786994358712, 28.360244335865222 ], [ -81.433786606907631, 28.36024599874208 ], [ -81.433786204437567, 28.360247666168444 ], [ -81.433785794494483, 28.360249335079267 ], [ -81.433785383697142, 28.360251002173701 ], [ -81.433784977543482, 28.360252664011387 ], [ -81.433784580253047, 28.360254317117903 ], [ -81.433784194650627, 28.360255958095255 ], [ -81.433783822094796, 28.360257583733162 ], [ -81.433783462453249, 28.36025919111653 ], [ -81.433783114125973, 28.360260777724633 ], [ -81.43378277411496, 28.360262341517789 ], [ -81.433782438138095, 28.360263881007512 ], [ -81.433782100783262, 28.360265395306737 ], [ -81.433781755697353, 28.360266884157365 ], [ -81.433781395803877, 28.360268347933218 ], [ -81.433781013541719, 28.360269787617181 ], [ -81.433780601117292, 28.360271204752507 ], [ -81.433780150761564, 28.360272601368969 ], [ -81.433779654983724, 28.360273979885747 ], [ -81.433779106812949, 28.360275342993578 ], [ -81.433778500020779, 28.360276693519925 ], [ -81.433777829316796, 28.360278034281194 ], [ -81.433777090511697, 28.360279367927074 ], [ -81.433776280642604, 28.360280696782159 ], [ -81.433775398056994, 28.360282022690541 ], [ -81.433774442453185, 28.360283346868965 ], [ -81.433773414876427, 28.360284669774039 ], [ -81.433772317671483, 28.360285990988761 ], [ -81.433771154393867, 28.36028730913295 ], [ -81.433769929683308, 28.360288621801608 ], [ -81.433768649104437, 28.360289925534406 ], [ -81.433767318960278, 28.360291215818265 ], [ -81.433765946085671, 28.360292487124404 ], [ -81.433764537627553, 28.360293732979592 ], [ -81.433763100820187, 28.360294946070571 ], [ -81.433761642762903, 28.360296118379317 ], [ -81.433760170207918, 28.360297241345666 ], [ -81.433758689365675, 28.360298306053156 ], [ -81.433757205733798, 28.360299303432647 ], [ -81.433755723955656, 28.360300224478053 ], [ -81.433754247712614, 28.360301060467595 ], [ -81.433752779653602, 28.360301803184033 ], [ -81.433751321363857, 28.360302445127061 ], [ -81.433749873373259, 28.360302979711186 ], [ -81.433748435203597, 28.360303401442884 ], [ -81.433747005452744, 28.360303706071402 ], [ -81.433745581912078, 28.360303890708153 ], [ -81.43374416171288, 28.360303953910787 ], [ -81.433742741496047, 28.360303895729086 ], [ -81.433741317599242, 28.360303717710924 ], [ -81.433739886254401, 28.360303422867663 ], [ -81.433738443788755, 28.360303015600149 ], [ -81.433736986822439, 28.360302501586919 ], [ -81.433735512455613, 28.36030188763818 ], [ -81.433734018438884, 28.360301181519812 ], [ -81.433732503321195, 28.360300391752588 ], [ -81.433730966570238, 28.360299527392918 ], [ -81.433729408661733, 28.360298597801496 ], [ -81.433727831134462, 28.360297612407237 ], [ -81.4337262366098, 28.360296580473431 ], [ -81.433724628775153, 28.360295510873399 ], [ -81.433723012332536, 28.360294411882322 ], [ -81.433721392913966, 28.360293290991557 ], [ -81.43371977696718, 28.36029215475099 ], [ -81.433718171615666, 28.360291008643742 ], [ -81.43371658449793, 28.360289856997085 ], [ -81.433715023591489, 28.360288702931548 ], [ -81.433713497027767, 28.360287548349408 ], [ -81.433712012903541, 28.360286393962269 ], [ -81.433710579095589, 28.360285239356259 ], [ -81.433709203083964, 28.36028408309188 ], [ -81.433707891789496, 28.360282922835015 ], [ -81.433706651430157, 28.360281755513718 ], [ -81.433705487400488, 28.360280577495594 ], [ -81.433704404176851, 28.360279384779052 ], [ -81.433703405250924, 28.360278173192015 ], [ -81.433702493092184, 28.360276938590893 ], [ -81.43370166913958, 28.360275677053256 ], [ -81.433700933821186, 28.360274385057384 ], [ -81.433700286600015, 28.36027305964279 ], [ -81.433699726042931, 28.360271698546384 ], [ -81.43369924990931, 28.360270300309701 ], [ -81.433698855255045, 28.360268864353902 ], [ -81.433698538547731, 28.360267391020276 ], [ -81.433698295787778, 28.360265881575053 ], [ -81.433698122631299, 28.360264338179 ], [ -81.43369801450973, 28.360262763822995 ], [ -81.433697966742187, 28.360261162232373 ], [ -81.433697974636715, 28.360259537743669 ], [ -81.433698033577684, 28.360257895158476 ], [ -81.433698139096492, 28.360256239579876 ], [ -81.433698286924766, 28.360254576237431 ], [ -81.433698473028812, 28.360252910307221 ], [ -81.433698693626198, 28.360251246733519 ], [ -81.433698945185157, 28.360249590058537 ], [ -81.43369922440904, 28.360247944266558 ], [ -81.433699528208152, 28.360246312648162 ], [ -81.433699853662418, 28.36024469768941 ], [ -81.433700197978183, 28.360243100990228 ], [ -81.433700558443078, 28.360241523215066 ], [ -81.433700932382877, 28.360239964077824 ], [ -81.433701317123862, 28.360238422361657 ], [ -81.433701709964538, 28.360236895973504 ], [ -81.43370210815921, 28.360235382031416 ], [ -81.433702508916284, 28.360233876982164 ], [ -81.433702909412744, 28.360232376745106 ], [ -81.433703306825748, 28.360230876877715 ], [ -81.433703698381251, 28.360229372757203 ], [ -81.433704081419009, 28.360227859772316 ], [ -81.433704453471805, 28.360226333518803 ], [ -81.433704812356865, 28.360224789992142 ], [ -81.433705156275479, 28.360223225771037 ], [ -81.433705483917464, 28.360221638185553 ], [ -81.433705794565583, 28.360220025464365 ], [ -81.433706088195535, 28.360218386856129 ], [ -81.433706365566337, 28.360216722720892 ], [ -81.433706628296747, 28.360215034588656 ], [ -81.433706878922678, 28.360213325182894 ], [ -81.433707120932212, 28.360211598408423 ], [ -81.433707358774129, 28.360209859303822 ], [ -81.433707597838136, 28.360208113959949 ], [ -81.433707844404537, 28.360206369407184 ], [ -81.433708105563028, 28.360204633474993 ], [ -81.433708389101213, 28.360202914628207 ], [ -81.433708703364317, 28.360201221785179 ], [ -81.433709057088819, 28.360199564123608 ], [ -81.433709459213986, 28.360197950879993 ], [ -81.433709918675902, 28.360196391148868 ], [ -81.433710444189543, 28.360194893687954 ], [ -81.433711044025273, 28.360193466734927 ], [ -81.433711725786068, 28.360192117841397 ], [ -81.433712496192641, 28.360190853728351 ], [ -81.433713360883232, 28.360189680167444 ], [ -81.433714324234543, 28.36018860189083 ], [ -81.433715389209965, 28.360187622531583 ], [ -81.433716557240871, 28.36018674459584 ], [ -81.433717828144836, 28.36018596946629 ], [ -81.433719200084809, 28.36018529743621 ], [ -81.43372066957123, 28.360184727771667 ], [ -81.433722231507858, 28.360184258799059 ], [ -81.433723879281104, 28.360183888014291 ], [ -81.433725604890796, 28.360183612209067 ], [ -81.433727399119093, 28.360183427609691 ], [ -81.433729251733382, 28.360183330023137 ], [ -81.43373115171714, 28.360183314985392 ], [ -81.433733087522299, 28.360183377906854 ], [ -81.433735047335915, 28.360183514210046 ], [ -81.433737019352876, 28.360183719455403 ], [ -81.433738992046756, 28.36018398945113 ], [ -81.433740954430462, 28.360184320344306 ], [ -81.433742896298753, 28.360184708690781 ], [ -81.433744808445311, 28.360185151502506 ], [ -81.433746682847428, 28.36018564627188 ], [ -81.433748512813025, 28.360186190973209 ], [ -81.433750293085296, 28.360186784042771 ], [ -81.433752019901874, 28.360187424339301 ], [ -81.433753691007084, 28.360188111087592 ], [ -81.433755305616813, 28.360188843808483 ], [ -81.433756864337767, 28.360189622238916 ] ] ] } },
{ "type": "Feature", "properties": { "id": 25, "area_ha": 0.18640371597836305 }, "geometry": { "type": "Polygon", "coordinates": [ [ [ -81.434256175038456, 28.360082991275114 ], [ -81.434263945783243, 28.360082969594536 ], [ -81.434272002869193, 28.360083291670925 ], [ -81.434280365905153, 28.360083860415045 ], [ -81.434289033617972, 28.360084588203069 ], [ -81.434297980521166, 28.36008540157545 ], [ -81.434307156510044, 28.360086244223091 ], [ -81.434316489511758, 28.360087078061238 ], [ -81.434325890992383, 28.360087882387713 ], [ -81.434335263810468, 28.360088651317614 ], [ -81.434344511639523, 28.360089389861194 ], [ -81.434353548988412, 28.360090109147851 ], [ -81.434362310750643, 28.360090821383004 ], [ -81.434370760222649, 28.360091535147141 ], [ -81.434378894648802, 28.3600922516057 ], [ -81.434386747568482, 28.360092962096722 ], [ -81.434394387537552, 28.360093647412384 ], [ -81.434401913147624, 28.360094278903556 ], [ -81.434409444634198, 28.360094821333949 ], [ -81.434417112718307, 28.360095237211045 ], [ -81.434425045625488, 28.360095492147433 ], [ -81.434433355444142, 28.360095560674225 ], [ -81.434442125096666, 28.360095431854617 ], [ -81.434451397189605, 28.360095114037048 ], [ -81.434461165880066, 28.360094638147345 ], [ -81.434471372655395, 28.360094059042865 ], [ -81.434481906590932, 28.360093454627588 ], [ -81.434492609257717, 28.360092922640153 ], [ -81.434503284031919, 28.36009257525539 ], [ -81.434513709152242, 28.360092531862872 ], [ -81.434523653516095, 28.360092910580921 ], [ -81.434532893936023, 28.360093819211649 ], [ -81.434541232419704, 28.360095346426633 ], [ -81.434548512006629, 28.360097553984545 ], [ -81.434554629796196, 28.360100470717779 ], [ -81.434559546028467, 28.360104088890512 ], [ -81.434563288408043, 28.360108363335957 ], [ -81.434565951268198, 28.360113213543588 ], [ -81.434567689615164, 28.36011852860922 ], [ -81.434568708534044, 28.360124174705021 ], [ -81.434569248837647, 28.360130004498124 ], [ -81.434569570158729, 28.360135867764935 ], [ -81.434569932898881, 28.360141622332755 ], [ -81.43457058053194, 28.360147144441235 ], [ -81.434571723709482, 28.360152337657674 ], [ -81.434573527437493, 28.360157139599789 ], [ -81.434576102301449, 28.360161525906342 ], [ -81.434579500341599, 28.360165511133179 ], [ -81.434583715755721, 28.360169146518661 ], [ -81.434588690172333, 28.360172514833963 ], [ -81.434594321835021, 28.360175722784987 ], [ -81.434600477704009, 28.360178891641755 ], [ -81.434607007245717, 28.360182146918536 ], [ -81.434613756564772, 28.360185608000744 ], [ -81.434620581546469, 28.360189378606556 ], [ -81.4346273588163, 28.360193538883639 ], [ -81.434633993572987, 28.360198139782828 ], [ -81.434640423687, 28.360203200136255 ], [ -81.434646619843704, 28.360208706618128 ], [ -81.434652581911465, 28.360214616503896 ], [ -81.434658332091232, 28.36022086289449 ], [ -81.434663905718423, 28.360227361857238 ], [ -81.434669340810785, 28.360234020774922 ], [ -81.43467466756664, 28.360240747102857 ], [ -81.434679899005644, 28.360247456717509 ], [ -81.434685023812463, 28.360254081101065 ], [ -81.43469000220594, 28.360260572735008 ], [ -81.43469476533572, 28.360266908261679 ], [ -81.434699218339716, 28.360273089194724 ], [ -81.43470324681175, 28.360279140197523 ], [ -81.434706726072662, 28.360285105179383 ], [ -81.434709532339738, 28.360291041660453 ], [ -81.434711554682949, 28.360297014009696 ], [ -81.434712706558869, 28.360303086252312 ], [ -81.434712935735888, 28.360309315164571 ], [ -81.434712231565157, 28.360315744326691 ], [ -81.434710628796083, 28.360322399691878 ], [ -81.434708207460119, 28.360329287065362 ], [ -81.434705088720591, 28.360336391688193 ], [ -81.434701426972509, 28.360343679906176 ], [ -81.434697398837201, 28.360351102696786 ], [ -81.434693189998654, 28.360358600645949 ], [ -81.434688981039812, 28.36036610983016 ], [ -81.434684933540382, 28.360373567979778 ], [ -81.434681177680403, 28.360380920283959 ], [ -81.434677802459603, 28.360388124246771 ], [ -81.434674849402967, 28.360395153112304 ], [ -81.434672310302162, 28.360401997530584 ], [ -81.434670129170911, 28.360408665322968 ], [ -81.43466820820484, 28.36041517940221 ], [ -81.434666417171925, 28.360421574091987 ], [ -81.434664605349681, 28.360427890252325 ], [ -81.434662614902493, 28.360434169735829 ], [ -81.434660294473616, 28.360440449762901 ], [ -81.434657511766474, 28.360446757806713 ], [ -81.434654164001884, 28.360453107520861 ], [ -81.434650185357015, 28.360459496129927 ], [ -81.434645550789583, 28.360465903548899 ], [ -81.434640276002511, 28.36047229331604 ], [ -81.434634413672867, 28.360478615235184 ], [ -81.434628046420727, 28.360484809445921 ], [ -81.434621277293004, 28.360490811492568 ], [ -81.434614218758668, 28.36049655785941 ], [ -81.434606981331811, 28.360501991391789 ], [ -81.434599662950859, 28.360507066033946 ], [ -81.43459234014226, 28.360511750384763 ], [ -81.434585061800448, 28.360516029694576 ], [ -81.434577846140101, 28.360519906086388 ], [ -81.434570681050971, 28.360523396968915 ], [ -81.434563527742867, 28.360526531796438 ], [ -81.434556327241097, 28.360529347503594 ], [ -81.434549009014063, 28.360531883083581 ], [ -81.43454150081071, 28.360534173872441 ], [ -81.434533738675825, 28.360536246139326 ], [ -81.434525676104926, 28.360538112559677 ], [ -81.434517291397569, 28.360539769066957 ], [ -81.434508592457561, 28.360541193446103 ], [ -81.434499618550106, 28.360542345862498 ], [ -81.434490438834587, 28.360543171328917 ], [ -81.434481147814282, 28.360543603920043 ], [ -81.434471858150701, 28.360543572367963 ], [ -81.434462691548859, 28.360543006529792 ], [ -81.434453768606872, 28.360541844125823 ], [ -81.434445198619756, 28.360540037110194 ], [ -81.43443707032597, 28.360537557063083 ], [ -81.434429444485815, 28.360534399077746 ], [ -81.43442234899571, 28.360530583752986 ], [ -81.434415776989169, 28.360526157075462 ], [ -81.434409688081502, 28.360521188172218 ], [ -81.434404012608425, 28.360515765111536 ], [ -81.434398658421202, 28.360509989111701 ], [ -81.43439351955962, 28.360503967663814 ], [ -81.434388485952709, 28.360497807174191 ], [ -81.434383453211112, 28.360491605773056 ], [ -81.434378331583758, 28.360485446916368 ], [ -81.434373053249146, 28.360479394329484 ], [ -81.434367577291496, 28.360473488711577 ], [ -81.434361891951085, 28.360467746452318 ], [ -81.434356014015108, 28.360462160423502 ], [ -81.43434998549867, 28.36045670271572 ], [ -81.434343868029885, 28.360451329013728 ], [ -81.434337735569997, 28.360445984158972 ], [ -81.434331666248369, 28.360440608349364 ], [ -81.434325734160112, 28.360435143381508 ], [ -81.434320001954305, 28.360429538354762 ], [ -81.434314514937668, 28.360423754325563 ], [ -81.434309297242592, 28.360417767518257 ], [ -81.434304350381396, 28.360411570851145 ], [ -81.434299654251106, 28.360405173709697 ], [ -81.434295170395828, 28.360398600073445 ], [ -81.434290847100328, 28.360391885263205 ], [ -81.434286625705141, 28.360385071703849 ], [ -81.434282447416848, 28.360378204183849 ], [ -81.434278259850544, 28.360371325126781 ], [ -81.43427402258618, 28.360364470371287 ], [ -81.434269711142107, 28.360357665885729 ], [ -81.434265318953464, 28.360350925731431 ], [ -81.434260857170571, 28.360344251445568 ], [ -81.434256352338707, 28.360337632856993 ], [ -81.434251842258334, 28.360331050192627 ], [ -81.434247370530016, 28.360324477193778 ], [ -81.434242980437958, 28.360317884857093 ], [ -81.434238708904317, 28.360311245352339 ], [ -81.434234581244851, 28.360304535656926 ], [ -81.4342306073749, 28.360297740485482 ], [ -81.434226779960937, 28.360290854176565 ], [ -81.43422307480327, 28.360283881320569 ], [ -81.434219453491764, 28.360276836057757 ], [ -81.434215868123772, 28.360269740129468 ], [ -81.434212267639197, 28.360262619910699 ], [ -81.43420860513676, 28.360255502774042 ], [ -81.434204845407663, 28.360248413219136 ], [ -81.434200971874645, 28.360241369239478 ], [ -81.434196992159144, 28.360234379384497 ], [ -81.434192941618079, 28.360227440910428 ], [ -81.434188884379665, 28.360220539304827 ], [ -81.434184911650519, 28.360213649326429 ], [ -81.434181137336168, 28.360206737540352 ], [ -81.434177691289364, 28.360199766164005 ], [ -81.434174710746035, 28.360192697888646 ], [ -81.434172330702268, 28.360185501222613 ], [ -81.43417067410688, 28.360178155825345 ], [ -81.434169842780264, 28.360170657278577 ], [ -81.434169909914175, 28.360163020772472 ], [ -81.434170914867906, 28.36015528327103 ], [ -81.434172860760711, 28.360147503853351 ], [ -81.43417571509579, 28.360139762093446 ], [ -81.434179413358265, 28.360132154525814 ], [ -81.434183865241124, 28.360124789428163 ], [ -81.434188962896144, 28.360117780318536 ], [ -81.434194590408893, 28.360111238695421 ], [ -81.434200633576893, 28.360105266631798 ], [ -81.434206989042593, 28.360099949859794 ], [ -81.434213571899491, 28.360095351947702 ], [ -81.434220321046823, 28.36009151007838 ], [ -81.434227201797825, 28.360088432796612 ], [ -81.434234205528824, 28.360086099914906 ], [ -81.434241346461405, 28.360084464570939 ], [ -81.434248655966414, 28.360083457233287 ], [ -81.434256175038456, 28.360082991275114 ] ] ] } },
{ "type": "Feature", "properties": { "id": 26, "area_ha": 0.0040652479088631004 }, "geometry": { "type": "Polygon", "coordinates": [ [ [ -81.433203811730237, 28.360367518902986 ], [ -81.433205042221317, 28.360367208240181 ], [ -81.433206285733789, 28.360366921499335 ], [ -81.433207536489107, 28.360366656661174 ], [ -81.433208788989276, 28.360366412069023 ], [ -81.433210038122965, 28.360366186496581 ], [ -81.433211279258117, 28.360365979201063 ], [ -81.433212508318547, 28.360365789959761 ], [ -81.433213721842733, 28.360365619088693 ], [ -81.43321491702352, 28.36036546744258 ], [ -81.433216091728298, 28.360365336396058 ], [ -81.433217244499346, 28.360365227806497 ], [ -81.433218374535301, 28.360365143959559 ], [ -81.433219481654547, 28.360365087499193 ], [ -81.433220566242625, 28.360365061344101 ], [ -81.433221629185567, 28.360365068593456 ], [ -81.433222671791754, 28.360365112424798 ], [ -81.433223695705195, 28.360365195987416 ], [ -81.433224702813305, 28.360365322294513 ], [ -81.433225695151989, 28.360365494117922 ], [ -81.433226674811735, 28.360365713888477 ], [ -81.433227643846962, 28.360365983605433 ], [ -81.43322860419191, 28.360366304758042 ], [ -81.433229557585491, 28.360366678261514 ], [ -81.433230505506884, 28.360367104409761 ], [ -81.433231449123909, 28.360367582846461 ], [ -81.433232389255068, 28.360368112555228 ], [ -81.43323332634607, 28.360368691869521 ], [ -81.433234260461134, 28.36036931850186 ], [ -81.43323519128829, 28.360369989591437 ], [ -81.433236118158405, 28.360370701768751 ], [ -81.433237040076165, 28.360371451235181 ], [ -81.433237955761868, 28.360372233854918 ], [ -81.433238863701462, 28.360373045256512 ], [ -81.433239762203257, 28.360373880940738 ], [ -81.43324064945854, 28.360374736391375 ], [ -81.43324152360384, 28.360375607185578 ], [ -81.433242382782353, 28.360376489100286 ], [ -81.433243225202375, 28.360377378211453 ], [ -81.433244049190563, 28.360378270983066 ], [ -81.433244853238094, 28.360379164343332 ], [ -81.433245636038336, 28.360380055745715 ], [ -81.433246396514818, 28.360380943213169 ], [ -81.433247133838577, 28.360381825364414 ], [ -81.433247847434799, 28.360382701421596 ], [ -81.433248536978496, 28.360383571199485 ], [ -81.433249202379969, 28.3603844350767 ], [ -81.433249843760549, 28.36038529395034 ], [ -81.433250461420272, 28.360386149175557 ], [ -81.433251055798365, 28.360387002492399 ], [ -81.433251627428746, 28.360387855942406 ], [ -81.433252176891969, 28.360388711777908 ], [ -81.433252704765806, 28.360389572366945 ], [ -81.433253211576357, 28.360390440097085 ], [ -81.433253697751439, 28.360391317281152 ], [ -81.433254163578013, 28.360392206067967 ], [ -81.433254609165559, 28.360393108360704 ], [ -81.433255034416021, 28.360394025745574 ], [ -81.433255439002153, 28.36039495943259 ], [ -81.433255822354297, 28.360395910210336 ], [ -81.433256183656368, 28.36039687841556 ], [ -81.43325652185095, 28.360397863918394 ], [ -81.433256835653054, 28.360398866123077 ], [ -81.43325712357229, 28.360399883983821 ], [ -81.433257383941978, 28.360400916034532 ], [ -81.43325761495467, 28.360401960431368 ], [ -81.433257814702074, 28.360403015005701 ], [ -81.433257981218574, 28.360404077325846 ], [ -81.433258112526147, 28.360405144764563 ], [ -81.433258206679554, 28.360406214570215 ], [ -81.433258261810053, 28.360407283938535 ], [ -81.433258276166214, 28.360408350082643 ], [ -81.433258248150651, 28.360409410298697 ], [ -81.433258176351544, 28.360410462024902 ], [ -81.433258059568132, 28.360411502892038 ], [ -81.433257896829517, 28.360412530763682 ], [ -81.433257687406766, 28.360413543765208 ], [ -81.43325743081796, 28.360414540300546 ], [ -81.433257126826788, 28.360415519056769 ], [ -81.433256775434884, 28.360416478996363 ], [ -81.433256376868982, 28.360417419338152 ], [ -81.433255931563679, 28.360418339527932 ], [ -81.433255440140854, 28.360419239200112 ], [ -81.433254903386967, 28.360420118132446 ], [ -81.433254322229502, 28.36042097619573 ], [ -81.433253697713667, 28.360421813300746 ], [ -81.433253030980524, 28.360422629344797 ], [ -81.433252323247416, 28.36042342416005 ], [ -81.433251575791871, 28.360424197465978 ], [ -81.433250789939152, 28.360424948827891 ], [ -81.433249967054209, 28.360425677623322 ], [ -81.433249108538021, 28.360426383017714 ], [ -81.433248215828314, 28.360427063950606 ], [ -81.433247290404182, 28.360427719132776 ], [ -81.43324633379423, 28.360428347054853 ], [ -81.433245347587231, 28.360428946006891 ], [ -81.433244333444563, 28.360429514108553 ], [ -81.433243293113065, 28.360430049348718 ], [ -81.433242228437479, 28.360430549633044 ], [ -81.433241141370999, 28.36043101283791 ], [ -81.433240033982997, 28.360431436868694 ], [ -81.433238908462684, 28.360431819720219 ], [ -81.433237767118058, 28.360432159537147 ], [ -81.433236612369001, 28.360432454672136 ], [ -81.4332354467345, 28.360432703739505 ], [ -81.433234272813408, 28.360432905662382 ], [ -81.433233093259076, 28.360433059711713 ], [ -81.433231910747921, 28.360433165535415 ], [ -81.433230727942956, 28.360433223176653 ], [ -81.433229547452939, 28.360433233080553 ], [ -81.433228371788402, 28.360433196088902 ], [ -81.433227203316008, 28.36043311342301 ], [ -81.433226044213015, 28.36043298665528 ], [ -81.433224896423027, 28.360432817670322 ], [ -81.433223761615395, 28.360432608617128 ], [ -81.433222641149612, 28.360432361853633 ], [ -81.433221536046432, 28.360432079885896 ], [ -81.433220446967297, 28.360431765303705 ], [ -81.433219374203262, 28.360431420714992 ], [ -81.433218317674445, 28.360431048681136 ], [ -81.433217276940624, 28.360430651655484 ], [ -81.433216251223399, 28.360430231927086 ], [ -81.433215239439747, 28.360429791571434 ], [ -81.433214240246329, 28.36042933240984 ], [ -81.433213252094006, 28.360428855978814 ], [ -81.433212273290849, 28.360428363510092 ], [ -81.433211302072337, 28.360427855922001 ], [ -81.433210336676424, 28.360427333822123 ], [ -81.433209375421569, 28.360426797520958 ], [ -81.433208416785106, 28.360426247055749 ], [ -81.433207459479505, 28.36042568222345 ], [ -81.433206502523902, 28.360425102621342 ], [ -81.43320554530851, 28.360424507693516 ], [ -81.433204587649385, 28.360423896781384 ], [ -81.433203629831752, 28.360423269176167 ], [ -81.433202672639652, 28.360422624171182 ], [ -81.433201717370935, 28.360421961111953 ], [ -81.43320076583629, 28.36042127944209 ], [ -81.433199820342054, 28.360420578743287 ], [ -81.433198883656715, 28.360419858767809 ], [ -81.43319795896177, 28.360419119462296 ], [ -81.433197049787907, 28.360418360982088 ], [ -81.433196159938262, 28.360417583695551 ], [ -81.433195293400615, 28.360416788178355 ], [ -81.433194454251378, 28.36041597519808 ], [ -81.43319364655359, 28.360415145690013 ], [ -81.43319287425264, 28.360414300725012 ], [ -81.433192141072325, 28.36041344147111 ], [ -81.433191450415052, 28.360412569150579 ], [ -81.433190805268879, 28.360411684994137 ], [ -81.433190208124898, 28.360410790194656 ], [ -81.433189660907544, 28.360409885862222 ], [ -81.433189164920122, 28.360408972982746 ], [ -81.433188720808033, 28.360408052382002 ], [ -81.433188328540567, 28.360407124696849 ], [ -81.433187987412708, 28.36040619035515 ], [ -81.433187696066938, 28.360405249565414 ], [ -81.43318745253481, 28.360404302317139 ], [ -81.433187254297337, 28.360403348392012 ], [ -81.433187098362737, 28.360402387385982 ], [ -81.433186981359114, 28.360401418741688 ], [ -81.433186899639793, 28.360400441790262 ], [ -81.43318684939797, 28.360399455801204 ], [ -81.433186826787448, 28.360398460038567 ], [ -81.433186828045663, 28.360397453821545 ], [ -81.433186849615467, 28.360396436587202 ], [ -81.433186888261574, 28.360395407952915 ], [ -81.433186941178391, 28.360394367776248 ], [ -81.433187006085632, 28.360393316209692 ], [ -81.433187081308432, 28.360392253748177 ], [ -81.433187165839897, 28.360391181267111 ], [ -81.433187259383445, 28.360390100049298 ], [ -81.433187362373587, 28.360389011799182 ], [ -81.433187475974506, 28.360387918643603 ], [ -81.433187602056009, 28.360386823118318 ], [ -81.433187743147457, 28.36038572814034 ], [ -81.433187902370904, 28.360384636966586 ], [ -81.433188083355191, 28.360383553139709 ], [ -81.433188290133629, 28.360382480422533 ], [ -81.433188527027824, 28.360381422723137 ], [ -81.433188798521485, 28.360380384012547 ], [ -81.433189109127582, 28.36037936823773 ], [ -81.433189463252845, 28.360378379232728 ], [ -81.433189865063554, 28.36037742063062 ], [ -81.433190318356807, 28.360376495779388 ], [ -81.433190826440537, 28.360375607664434 ], [ -81.433191392026345, 28.360374758840493 ], [ -81.433192017138055, 28.360373951375227 ], [ -81.433192703038472, 28.360373186806697 ], [ -81.433193450176717, 28.360372466116242 ], [ -81.433194258157528, 28.360371789717806 ], [ -81.433195125733093, 28.360371157464531 ], [ -81.433196050817926, 28.36037056867238 ], [ -81.433197030525974, 28.360370022160403 ], [ -81.433198061228637, 28.360369516306459 ], [ -81.433199138632176, 28.360369049116812 ], [ -81.433200257871718, 28.360368618307341 ], [ -81.433201413619344, 28.360368221394001 ], [ -81.433202600202591, 28.360367855789452 ], [ -81.433203811730237, 28.360367518902986 ] ] ] } },
{ "type": "Feature", "properties": { "id": 27, "area_ha": 0.093061296617501704 }, "geometry": { "type": "Polygon", "coordinates": [ [ [ -81.432948808880496, 28.36113090429777 ], [ -81.4329566761553, 28.361131489346818 ], [ -81.432964895916882, 28.361132260284446 ], [ -81.432973391978862, 28.361133128170223 ], [ -81.432982069680307, 28.361134006481958 ], [ -81.432990823697523, 28.361134817173255 ], [ -81.432999546585776, 28.361135496184936 ], [ -81.433008137374429, 28.361135998018057 ], [ -81.433016509537524, 28.361136299042492 ], [ -81.433024597711139, 28.361136399305856 ], [ -81.433032362626676, 28.361136322714888 ], [ -81.433039793866953, 28.361136115579217 ], [ -81.433046910220426, 28.361135843624997 ], [ -81.433053757593925, 28.361135587695848 ], [ -81.433060404632982, 28.361135438452358 ], [ -81.43306693637679, 28.361135490451232 ], [ -81.433073446427599, 28.361135836027664 ], [ -81.433080028231387, 28.361136559414348 ], [ -81.433086766138786, 28.361137731509483 ], [ -81.433093726936463, 28.361139405653518 ], [ -81.433100952508241, 28.361141614696738 ], [ -81.433108454204628, 28.361144369540842 ], [ -81.433116209374177, 28.361147659226845 ], [ -81.43312416035144, 28.361151452526283 ], [ -81.433132216013476, 28.361155700882012 ], [ -81.433140255826558, 28.361160342447043 ], [ -81.433148136118589, 28.361165306892492 ], [ -81.433155698147132, 28.361170520603885 ], [ -81.433162777397214, 28.361175911863391 ], [ -81.433169213451706, 28.36118141562423 ], [ -81.433174859731892, 28.361186977522983 ], [ -81.433179592414305, 28.361192556841036 ], [ -81.433183317889032, 28.361198128213491 ], [ -81.433185978230696, 28.361203681985593 ], [ -81.433187554298726, 28.361209223224581 ], [ -81.433188066255781, 28.361214769500773 ], [ -81.433187571482122, 28.361220347647425 ], [ -81.433186160052742, 28.361225989787229 ], [ -81.43318394812033, 28.361231728967528 ], [ -81.433181069698122, 28.361237594774281 ], [ -81.433177667449868, 28.361243609291655 ], [ -81.433173883163306, 28.361249783743858 ], [ -81.433169848601409, 28.361256116098087 ], [ -81.433165677393745, 28.361262589828602 ], [ -81.433161458548696, 28.361269173948287 ], [ -81.433157252044751, 28.36127582431229 ], [ -81.433153086802079, 28.361282486097259 ], [ -81.433148961159176, 28.361289097266699 ], [ -81.433144845792711, 28.361295592755866 ], [ -81.4331406888396, 28.361301909053395 ], [ -81.433136422818237, 28.361307988826731 ], [ -81.433131972814735, 28.361313785235684 ], [ -81.433127265308457, 28.361319265603552 ], [ -81.433122236965119, 28.36132441416564 ], [ -81.433116842729049, 28.361329233686657 ], [ -81.433111062597234, 28.361333745825501 ], [ -81.433104906553382, 28.361337990221244 ], [ -81.433098417272276, 28.361342022370195 ], [ -81.433091670364064, 28.361345910453643 ], [ -81.433084772102575, 28.361349731351147 ], [ -81.433077854759674, 28.361353566130973 ], [ -81.433071069834909, 28.361357495341839 ], [ -81.433064579616584, 28.361361594437167 ], [ -81.433058547625265, 28.361365929644396 ], [ -81.433053128566925, 28.361370554548774 ], [ -81.43304845845617, 28.361375507598542 ], [ -81.433044645557047, 28.361380810660574 ], [ -81.433041762734206, 28.361386468670251 ], [ -81.433039841712827, 28.361392470332103 ], [ -81.433038869620191, 28.361398789747479 ], [ -81.433038788034722, 28.361405388777158 ], [ -81.433039494608693, 28.36141221989643 ], [ -81.433040847171171, 28.361419229272087 ], [ -81.433042670067707, 28.361426359785696 ], [ -81.433044762362513, 28.361433553746991 ], [ -81.433046907425734, 28.361440755082011 ], [ -81.433048883357543, 28.361447910839829 ], [ -81.433050473666867, 28.361454971933327 ], [ -81.433051477624247, 28.36146189310799 ], [ -81.433051719745492, 28.361468632210549 ], [ -81.433051057930228, 28.361475148899803 ], [ -81.433049389871115, 28.3614814029998 ], [ -81.433046657459045, 28.361487352734191 ], [ -81.433042849028297, 28.361492953097457 ], [ -81.433037999405244, 28.361498154612736 ], [ -81.433032187838762, 28.361502902695385 ], [ -81.433025533991639, 28.361507137790991 ], [ -81.433018192256284, 28.361510796388437 ], [ -81.433010344721566, 28.361513812929299 ], [ -81.433002193157776, 28.361516122550803 ], [ -81.432993950405816, 28.361517664517223 ], [ -81.432985831553879, 28.361518386121908 ], [ -81.432978045265273, 28.361518246784481 ], [ -81.432970785586804, 28.361517222030578 ], [ -81.432964224522792, 28.361515307029041 ], [ -81.432958505610557, 28.361512519374024 ], [ -81.43295373868024, 28.361508900838029 ], [ -81.432949995932233, 28.36150451788329 ], [ -81.432947309416534, 28.361499460798736 ], [ -81.432945669956652, 28.36149384142319 ], [ -81.432945027521725, 28.3614877895142 ], [ -81.432945293016729, 28.36148144791991 ], [ -81.43294634143092, 28.361474966800106 ], [ -81.432948016254912, 28.361468497215725 ], [ -81.432950135049097, 28.361462184458492 ], [ -81.432952496016526, 28.361456161518255 ], [ -81.432954885402822, 28.36145054308497 ], [ -81.432957085513451, 28.361445420452959 ], [ -81.432958883106437, 28.361440857640474 ], [ -81.432960077887572, 28.361436888960753 ], [ -81.432960490808085, 28.361433518187635 ], [ -81.432959971845364, 28.361430719355717 ], [ -81.43295840693736, 28.361428439130062 ], [ -81.432955723746232, 28.36142660058049 ], [ -81.432951895946445, 28.361425108107795 ], [ -81.432946945771903, 28.361423853200595 ], [ -81.432940944613094, 28.361422720655327 ], [ -81.432934011530321, 28.361421594872528 ], [ -81.432926309639257, 28.361420365849561 ], [ -81.432918040426529, 28.361418934523428 ], [ -81.432909436160742, 28.361417217173027 ], [ -81.43290075067209, 28.361415148665113 ], [ -81.432892248873785, 28.361412684413992 ], [ -81.432884195485229, 28.361409801017988 ], [ -81.432876843481466, 28.361406495625797 ], [ -81.432870422832323, 28.361402784168821 ], [ -81.432865130101916, 28.361398698664377 ], [ -81.432861119453278, 28.361394283844614 ], [ -81.432858495543229, 28.361389593394716 ], [ -81.432857308701671, 28.361384686089881 ], [ -81.432857552671251, 28.361379622103719 ], [ -81.432859165045471, 28.361374459724832 ], [ -81.432862030392073, 28.361369252665483 ], [ -81.432865985896115, 28.361364048083168 ], [ -81.432870829210799, 28.361358885366883 ], [ -81.432876328075821, 28.361353795671914 ], [ -81.43288223116032, 28.361348802125221 ], [ -81.43288827951838, 28.361343920572939 ], [ -81.432894218014482, 28.361339160706297 ], [ -81.432899806086695, 28.361334527384457 ], [ -81.432904827266839, 28.361330021973128 ], [ -81.432909096965616, 28.361325643536173 ], [ -81.432912468151159, 28.361321389749858 ], [ -81.432914834693648, 28.361317257454591 ], [ -81.432916132305621, 28.361313242809619 ], [ -81.432916337167441, 28.361309341069539 ], [ -81.432915462477993, 28.361305546050364 ], [ -81.432913553301375, 28.361301849394327 ], [ -81.432910680182403, 28.36129823977063 ], [ -81.432906932069116, 28.36129470216315 ], [ -81.432902409105495, 28.361291217392786 ], [ -81.432897215839461, 28.361287762002426 ], [ -81.432891455333959, 28.361284308598595 ], [ -81.432885224573937, 28.361280826697918 ], [ -81.432878611439889, 28.36127728407336 ], [ -81.432871693377578, 28.361273648540127 ], [ -81.43286453774391, 28.361269890068233 ], [ -81.432857203664526, 28.361265983064879 ], [ -81.43284974510874, 28.361261908637744 ], [ -81.432842214783761, 28.361257656634816 ], [ -81.43283466837994, 28.361253227259137 ], [ -81.432827168668467, 28.361248632078023 ], [ -81.432819788964821, 28.361243894285696 ], [ -81.432812615523616, 28.361239048132017 ], [ -81.432805748521744, 28.361234137495071 ], [ -81.432799301406561, 28.361229213645871 ], [ -81.432793398527352, 28.361224332323506 ], [ -81.432788171119938, 28.361219550303311 ], [ -81.432783751861749, 28.361214921692738 ], [ -81.432780268349617, 28.361210494224455 ], [ -81.432777835960508, 28.361206305831466 ], [ -81.432776550629001, 28.361202381780799 ], [ -81.432776482108594, 28.361198732612269 ], [ -81.432777668271143, 28.361195353076781 ], [ -81.432780110943099, 28.361192222199758 ], [ -81.432783773679304, 28.361189304513022 ], [ -81.432788581744148, 28.361186552409976 ], [ -81.432794424414325, 28.361183909490748 ], [ -81.43280115954795, 28.361181314682671 ], [ -81.432808620197051, 28.361178706854858 ], [ -81.43281662288399, 28.361176029597711 ], [ -81.432824977031629, 28.361173235815219 ], [ -81.43283349494186, 28.361170291780411 ], [ -81.43284200166444, 28.361167180334515 ], [ -81.432850344094376, 28.361163902965234 ], [ -81.432858398679699, 28.361160480576675 ], [ -81.432866077212623, 28.36115695285627 ], [ -81.432873330307018, 28.361153376246751 ], [ -81.432880148326376, 28.361149820635529 ], [ -81.432886559705764, 28.3611463649721 ], [ -81.43289262679707, 28.36114309210863 ], [ -81.432898439543223, 28.361140083222871 ], [ -81.432904107443107, 28.361137412221009 ], [ -81.432909750390706, 28.361135140527313 ], [ -81.43291548905195, 28.361133312646725 ], [ -81.43292143547356, 28.361131952836303 ], [ -81.432927684597786, 28.361131063145951 ], [ -81.432934307286814, 28.36113062299254 ], [ -81.432941345345583, 28.361130590321824 ], [ -81.432948808880496, 28.36113090429777 ] ] ] } },
{ "type": "Feature", "properties": { "id": 28, "area_ha": 0.023785921598485003 }, "geometry": { "type": "Polygon", "coordinates": [ [ [ -81.433135593763311, 28.363451252833173 ], [ -81.433138714078822, 28.363450333406405 ], [ -81.433141862779678, 28.363449407424127 ], [ -81.433145031912872, 28.363448477430705 ], [ -81.433148212902594, 28.363447547437957 ], [ -81.433151396779081, 28.36344662283463 ], [ -81.433154574432464, 28.363445710254464 ], [ -81.433157736883473, 28.363444817406531 ], [ -81.433160875562109, 28.363443952872945 ], [ -81.433163982584858, 28.363443125879897 ], [ -81.433167051020149, 28.363442346048902 ], [ -81.433170075132566, 28.363441623135991 ], [ -81.433173050596324, 28.363440966766433 ], [ -81.433175974669055, 28.363440386173515 ], [ -81.433178846318313, 28.363439889949071 ], [ -81.433181666294615, 28.363439485813394 ], [ -81.433184437145883, 28.363439180411703 ], [ -81.4331871631708, 28.363438979143073 ], [ -81.43318985030983, 28.363438886027094 ], [ -81.433192505974972, 28.363438903612181 ], [ -81.433195138821887, 28.363439032928003 ], [ -81.433197758468921, 28.363439273483344 ], [ -81.433200375170927, 28.363439623309176 ], [ -81.433202999456242, 28.363440079045166 ], [ -81.433205641737587, 28.363440636066734 ], [ -81.433208311908075, 28.363441288648406 ], [ -81.433211018935225, 28.363442030158016 ], [ -81.4332137704654, 28.363442853275533 ], [ -81.433216572451869, 28.363443750229525 ], [ -81.433219428818859, 28.363444713043702 ], [ -81.433222341173391, 28.363445733785849 ], [ -81.433225308575373, 28.363446804811307 ], [ -81.433228327374891, 28.363447918993703 ], [ -81.433231391124011, 28.363449069935619 ], [ -81.433234490567514, 28.363450252153189 ], [ -81.433237613715747, 28.363451461228909 ], [ -81.433240745999029, 28.363452693928537 ], [ -81.433243870501826, 28.363453948278664 ], [ -81.433246968271021, 28.363455223603104 ], [ -81.433250018691638, 28.363456520517481 ], [ -81.43325299991983, 28.363457840882528 ], [ -81.433255889362115, 28.363459187718128 ], [ -81.433258664187548, 28.36346056508107 ], [ -81.433261301858479, 28.363461977910706 ], [ -81.433263780665001, 28.363463431847389 ], [ -81.43326608024735, 28.363464933029672 ], [ -81.43326818209141, 28.363466487876245 ], [ -81.433270069982186, 28.363468102859407 ], [ -81.433271730402055, 28.363469784276621 ], [ -81.433273152861574, 28.363471538026804 ], [ -81.433274330152656, 28.363473369397518 ], [ -81.433275258516517, 28.363475282868915 ], [ -81.433275937720481, 28.363477281939389 ], [ -81.433276371041416, 28.363479368977341 ], [ -81.43327656515558, 28.363481545102321 ], [ -81.433276529937771, 28.363483810097978 ], [ -81.433276278175541, 28.363486162358178 ], [ -81.433275825206266, 28.363488598866546 ], [ -81.433275188488025, 28.363491115208969 ], [ -81.433274387116256, 28.363493705617199 ], [ -81.43327344130077, 28.363496363041413 ], [ -81.433272371817978, 28.363499079248491 ], [ -81.433271199454751, 28.363501844942316 ], [ -81.433269944459795, 28.363504649902126 ], [ -81.433268626018872, 28.363507483134402 ], [ -81.433267261768847, 28.363510333034061 ], [ -81.43326586736454, 28.363513187550421 ], [ -81.433264456110962, 28.363516034353935 ], [ -81.433263038670859, 28.363518860999811 ], [ -81.433261622855866, 28.363521655085254 ], [ -81.433260213506287, 28.363524404397488 ], [ -81.433258812462469, 28.363527097050522 ], [ -81.433257418627321, 28.363529721608895 ], [ -81.433256028117029, 28.363532267197797 ], [ -81.433254634494531, 28.363534723599056 ], [ -81.433253229077422, 28.363537081333394 ], [ -81.433251801310007, 28.3635393317298 ], [ -81.433250339187325, 28.363541466983051 ], [ -81.433248829717471, 28.363543480200963 ], [ -81.433247259407494, 28.363545365443059 ], [ -81.433245614757411, 28.36354711775224 ], [ -81.433243882747391, 28.363548733181158 ], [ -81.433242051302614, 28.363550208814729 ], [ -81.433240109722121, 28.36355154279001 ], [ -81.433238049058602, 28.363552734314119 ], [ -81.43323586243811, 28.363553783680693 ], [ -81.433233545310557, 28.363554692284673 ], [ -81.433231095624123, 28.363555462634984 ], [ -81.43322851391936, 28.363556098363848 ], [ -81.433225803340974, 28.36355660423143 ], [ -81.433222969568348, 28.363556986123896 ], [ -81.433220020667875, 28.363557251042696 ], [ -81.433216966873132, 28.363557407082826 ], [ -81.433213820300523, 28.363557463397708 ], [ -81.433210594610443, 28.363557430148308 ], [ -81.433207304625171, 28.363557318434541 ], [ -81.43320396591615, 28.363557140207096 ], [ -81.433200594373972, 28.363556908158547 ], [ -81.433197205774547, 28.363556635592957 ], [ -81.433193815355153, 28.363556336274041 ], [ -81.433190437413401, 28.363556024252677 ], [ -81.43318708494084, 28.36355571367514 ], [ -81.433183769302346, 28.363555418574769 ], [ -81.433180499970135, 28.363555152649848 ], [ -81.433177284319754, 28.363554929031931 ], [ -81.433174127493189, 28.363554760049038 ], [ -81.433171032332027, 28.363554656988949 ], [ -81.433167999381482, 28.363554629868201 ], [ -81.433165026963678, 28.363554687212591 ], [ -81.433162111316705, 28.363554835855201 ], [ -81.433159246793693, 28.363555080757717 ], [ -81.433156426114891, 28.363555424860735 ], [ -81.433153640663591, 28.363555868968035 ], [ -81.433150880816413, 28.363556411669229 ], [ -81.43314813629685, 28.363557049304511 ], [ -81.433145396541263, 28.363557775973852 ], [ -81.433142651065921, 28.363558583592422 ], [ -81.433139889824133, 28.363559461992331 ], [ -81.433137103543444, 28.363560399069772 ], [ -81.433134284033258, 28.363561380975465 ], [ -81.433131424454913, 28.363562392344814 ], [ -81.433128519547651, 28.363563416563345 ], [ -81.433125565804914, 28.363564436061548 ], [ -81.433122561598296, 28.363565432632765 ], [ -81.433119507246829, 28.363566387766657 ], [ -81.433116405032294, 28.363567282990488 ], [ -81.433113259161814, 28.363568100209903 ], [ -81.433110075681597, 28.363568822041199 ], [ -81.433106862346136, 28.363569432126727 ], [ -81.433103628448777, 28.363569915425916 ], [ -81.433100384620758, 28.363570258474827 ], [ -81.433097142605476, 28.363570449608012 ], [ -81.433093915016542, 28.363570479137515 ], [ -81.433090715086649, 28.363570339485065 ], [ -81.433087556415686, 28.363570025264863 ], [ -81.43308445272443, 28.363569533315609 ], [ -81.433081417621324, 28.363568862682019 ], [ -81.433078464387023, 28.36356801454745 ], [ -81.433075605782108, 28.363566992120653 ], [ -81.433072853880972, 28.363565800480721 ], [ -81.433070219934663, 28.363564446386007 ], [ -81.43306771426326, 28.363562938052915 ], [ -81.433065346178395, 28.363561284912109 ], [ -81.433063123934403, 28.363559497349421 ], [ -81.433061054706172, 28.363557586439676 ], [ -81.433059144590885, 28.363555563681189 ], [ -81.433057398630211, 28.363553440738787 ], [ -81.433055820848807, 28.363551229202436 ], [ -81.433054414305161, 28.363548940368343 ], [ -81.433053181150598, 28.363546585047825 ], [ -81.433052122692303, 28.363544173408737 ], [ -81.433051239456617, 28.363541714852833 ], [ -81.433050531249719, 28.363539217931027 ], [ -81.433049997212706, 28.363536690297327 ], [ -81.433049635869622, 28.363534138700803 ], [ -81.433049445166972, 28.363531569013642 ], [ -81.433049422504794, 28.363528986292089 ], [ -81.433049564759443, 28.363526394866049 ], [ -81.433049868299463, 28.363523798452174 ], [ -81.433050328996288, 28.363521200284417 ], [ -81.433050942232001, 28.363518603255759 ], [ -81.433051702906894, 28.36351601006438 ], [ -81.433052605449404, 28.363513423357485 ], [ -81.43305364383157, 28.363510845866369 ], [ -81.433054811592399, 28.363508280526688 ], [ -81.433056101871571, 28.363505730578474 ], [ -81.433057507455388, 28.363503199641542 ], [ -81.433059020836069, 28.363500691762741 ], [ -81.433060634285084, 28.363498211432685 ], [ -81.433062339940079, 28.363495763571052 ], [ -81.433064129904636, 28.363493353480553 ], [ -81.433065996358536, 28.363490986770962 ], [ -81.433067931676391, 28.363488669256078 ], [ -81.433069928550907, 28.363486406827263 ], [ -81.433071980117106, 28.363484205308392 ], [ -81.433074080073041, 28.363482070297788 ], [ -81.433076222792636, 28.363480007003261 ], [ -81.433078403425753, 28.363478020076911 ], [ -81.433080617981162, 28.363476113456279 ], [ -81.433082863388307, 28.363474290218456 ], [ -81.433085137534079, 28.36347255245342 ], [ -81.433087439271887, 28.363470901162156 ], [ -81.433089768400876, 28.363469336184483 ], [ -81.43309212561455, 28.363467856160401 ], [ -81.433094512418577, 28.363466458527661 ], [ -81.43309693101935, 28.363465139557217 ], [ -81.433099384185681, 28.363463894426467 ], [ -81.433101875087189, 28.363462717329352 ], [ -81.433104407113916, 28.36346160162072 ], [ -81.433106983683047, 28.363460539991308 ], [ -81.433109608038549, 28.363459524668393 ], [ -81.433112283051116, 28.363458547636419 ], [ -81.433115011025095, 28.363457600870913 ], [ -81.433117793519898, 28.363456676578508 ], [ -81.433120631192736, 28.363455767435582 ], [ -81.433123523669252, 28.363454866817925 ], [ -81.433126469447828, 28.363453969014024 ], [ -81.433129465842242, 28.363453069414863 ], [ -81.433132508966409, 28.363452164674133 ], [ -81.433135593763311, 28.363451252833173 ] ] ] } },
{ "type": "Feature", "properties": { "id": 29, "area_ha": 0.02569523125797113 }, "geometry": { "type": "Polygon", "coordinates": [ [ [ -81.43292692631212, 28.363640369957484 ], [ -81.432930309139678, 28.363642485476536 ], [ -81.432933628926278, 28.363644599027527 ], [ -81.432936862632062, 28.363646652881823 ], [ -81.432939988863652, 28.363648590279603 ], [ -81.432942988493096, 28.363650356806808 ], [ -81.43294584523187, 28.363651901727174 ], [ -81.432948546142157, 28.363653179230766 ], [ -81.432951082069494, 28.363654149562802 ], [ -81.43295344798311, 28.363654779999731 ], [ -81.43295564321167, 28.363655045643949 ], [ -81.432957671565873, 28.363654930014075 ], [ -81.432959541341816, 28.363654425413539 ], [ -81.432961265202238, 28.363653533067097 ], [ -81.432962859936666, 28.363652263021716 ], [ -81.432964346104285, 28.363650633815535 ], [ -81.432965747567096, 28.363648671925446 ], [ -81.432967090924109, 28.363646411010741 ], [ -81.432968404860048, 28.363643890976029 ], [ -81.432969719424833, 28.363641156882316 ], [ -81.432971065262095, 28.363638257739439 ], [ -81.432972472806938, 28.363635245216251 ], [ -81.432973971473785, 28.363632172307476 ], [ -81.432975588856365, 28.36362909199666 ], [ -81.432977349961007, 28.363626055954867 ], [ -81.43297927649445, 28.363623113312517 ], [ -81.432981386225734, 28.363620309539691 ], [ -81.432983692439791, 28.363617685465719 ], [ -81.432986203498331, 28.363615276464596 ], [ -81.432988922520522, 28.363613111826613 ], [ -81.432991847192824, 28.363611214330881 ], [ -81.432994969714258, 28.363609600026273 ], [ -81.432998276878777, 28.363608278221935 ], [ -81.433001750294082, 28.363607251681508 ], [ -81.433005366731166, 28.363606517008801 ], [ -81.433009098596287, 28.363606065206707 ], [ -81.433012914513128, 28.363605882385791 ], [ -81.433016780000358, 28.363605950594682 ], [ -81.433020658226781, 28.363606248740695 ], [ -81.43302451082485, 28.363606753567115 ], [ -81.433028298740794, 28.363607440652192 ], [ -81.433031983099752, 28.363608285394928 ], [ -81.433035526063222, 28.3636092639541 ], [ -81.43303889165675, 28.363610354109227 ], [ -81.433042046546674, 28.363611536015522 ], [ -81.433044960746187, 28.363612792829272 ], [ -81.433047608233196, 28.363614111185061 ], [ -81.433049967464626, 28.363615481511943 ], [ -81.433052021775197, 28.363616898181466 ], [ -81.433053759651557, 28.363618359486846 ], [ -81.433055174876216, 28.363619867458393 ], [ -81.433056266539779, 28.363621427526354 ], [ -81.433057038922399, 28.363623048047348 ], [ -81.433057501250374, 28.363624739715661 ], [ -81.433057667335916, 28.363626514884015 ], [ -81.433057555111731, 28.363628386821926 ], [ -81.433057186074635, 28.363630368941148 ], [ -81.433056584654793, 28.36363247401879 ], [ -81.433055777528267, 28.363634713448409 ], [ -81.433054792892918, 28.363637096547805 ], [ -81.433053659727179, 28.363639629950001 ], [ -81.433052407051903, 28.363642317100489 ], [ -81.433051063215046, 28.363645157879699 ], [ -81.433049655217587, 28.363648148364792 ], [ -81.433048208097603, 28.36365128073971 ], [ -81.433046744387681, 28.363654543356848 ], [ -81.433045283658316, 28.363657920947958 ], [ -81.433043842156977, 28.363661394976667 ], [ -81.433042432550195, 28.363664944119435 ], [ -81.433041063772492, 28.363668544857575 ], [ -81.433039740983148, 28.36367217215841 ], [ -81.433038465628783, 28.363675800220875 ], [ -81.433037235606378, 28.36367940325832 ], [ -81.433036045519572, 28.363682956290091 ], [ -81.433034887017712, 28.363686435913184 ], [ -81.433033749205762, 28.363689821025854 ], [ -81.433032619111046, 28.36369309347722 ], [ -81.433031482192206, 28.363696238619131 ], [ -81.433030322874146, 28.363699245740584 ], [ -81.43302912509354, 28.363702108368656 ], [ -81.433027872838508, 28.363704824425295 ], [ -81.433026550667776, 28.363707396234041 ], [ -81.433025144194858, 28.363709830376177 ], [ -81.433023640524894, 28.363712137401272 ], [ -81.433022028632948, 28.363714331402075 ], [ -81.43302029967505, 28.363716429468528 ], [ -81.433018447225194, 28.363718451039905 ], [ -81.433016467433859, 28.363720417177475 ], [ -81.433014359106167, 28.363722349783082 ], [ -81.433012123699854, 28.363724270790424 ], [ -81.433009765245771, 28.363726201357043 ], [ -81.433007290195661, 28.363728161084609 ], [ -81.433004707203551, 28.363730167294232 ], [ -81.433002026849408, 28.363732234381004 ], [ -81.432999261314293, 28.363734373269828 ], [ -81.432996424017944, 28.363736590990079 ], [ -81.43299352922989, 28.363738890383047 ], [ -81.432990591665884, 28.363741269951149 ], [ -81.432987626081385, 28.363743723852881 ], [ -81.432984646873294, 28.363746242042481 ], [ -81.432981667700815, 28.363748810548287 ], [ -81.432978701135283, 28.363751411878969 ], [ -81.432975758347496, 28.36375402554247 ], [ -81.432972848840251, 28.363756628658923 ], [ -81.432969980231647, 28.363759196645567 ], [ -81.432967158093973, 28.363761703949486 ], [ -81.432964385850497, 28.363764124802877 ], [ -81.432961664731522, 28.363766433974742 ], [ -81.432958993789512, 28.363768607493718 ], [ -81.432956369970967, 28.363770623317912 ], [ -81.432953788242216, 28.363772461930054 ], [ -81.432951241764528, 28.363774106838978 ], [ -81.432948722113025, 28.363775544972317 ], [ -81.432946219533321, 28.363776766949268 ], [ -81.432943723228632, 28.363777767226733 ], [ -81.432941221670362, 28.363778544116681 ], [ -81.432938702924105, 28.363779099677522 ], [ -81.432936154983921, 28.363779439486191 ], [ -81.432933566106854, 28.363779572302434 ], [ -81.432930925140937, 28.363779509639841 ], [ -81.432928221839433, 28.363779265261698 ], [ -81.432925447155469, 28.3637788546217 ], [ -81.432922593511051, 28.363778294271551 ], [ -81.432919655036002, 28.363777601257741 ], [ -81.432916627772116, 28.363776792530068 ], [ -81.432913509839807, 28.36377588438322 ], [ -81.432910301564107, 28.363774891951294 ], [ -81.432907005558462, 28.363773828772214 ], [ -81.432903626765537, 28.363772706436386 ], [ -81.432900172454111, 28.36377153433013 ], [ -81.43289665217317, 28.363770319480388 ], [ -81.432893077663607, 28.363769066503533 ], [ -81.432889462729705, 28.363767777656289 ], [ -81.432885823072098, 28.363766452983462 ], [ -81.432882176085528, 28.36376509055286 ], [ -81.432878540623889, 28.363763686764838 ], [ -81.43287493673698, 28.363762236720909 ], [ -81.432871385382313, 28.363760734633892 ], [ -81.432867908116933, 28.363759174260579 ], [ -81.43286452677367, 28.363757549337361 ], [ -81.432861263127066, 28.363755853999432 ], [ -81.432858138554238, 28.363754083165247 ], [ -81.432855173696282, 28.363752232869441 ], [ -81.432852388125667, 28.363750300530167 ], [ -81.432849800025821, 28.363748285139483 ], [ -81.432847425888454, 28.363746187369053 ], [ -81.432845280234261, 28.363744009587119 ], [ -81.43284337536295, 28.36374175578678 ], [ -81.432841721137805, 28.363739431429288 ], [ -81.432840324809504, 28.363737043210183 ], [ -81.432839190883996, 28.363734598759432 ], [ -81.432838321038133, 28.363732106289632 ], [ -81.432837714086247, 28.36372957420933 ], [ -81.432837365999603, 28.363727010719558 ], [ -81.432837269980467, 28.363724423413451 ], [ -81.432837416590544, 28.363721818898608 ], [ -81.432837793933118, 28.363719202461329 ], [ -81.432838387886335, 28.363716577790665 ], [ -81.43283918238464, 28.363713946777754 ], [ -81.432840159743265, 28.363711309403243 ], [ -81.43284130102019, 28.363708663722072 ], [ -81.432842586408327, 28.363706005950966 ], [ -81.432843995650089, 28.363703330659703 ], [ -81.432845508465149, 28.363700631062969 ], [ -81.432847104982031, 28.363697899404894 ], [ -81.432848766163204, 28.363695127424755 ], [ -81.432850474213495, 28.363692306887643 ], [ -81.432852212961194, 28.363689430161418 ], [ -81.432853968202124, 28.36368649081798 ], [ -81.432855727996966, 28.363683484235118 ], [ -81.432857482913249, 28.363680408174357 ], [ -81.432859226204471, 28.363677263309693 ], [ -81.432860953920596, 28.363674053683162 ], [ -81.432862664944821, 28.363670787065015 ], [ -81.432864360954554, 28.36366747519838 ], [ -81.432866046305634, 28.363664133912614 ], [ -81.432867727841128, 28.363660783092755 ], [ -81.432869414628286, 28.363657446498095 ], [ -81.432871117629148, 28.363654151427369 ], [ -81.432872849312417, 28.363650928234041 ], [ -81.432874623215895, 28.363647809700232 ], [ -81.432876453470811, 28.363644830283295 ], [ -81.432878354300215, 28.363642025254187 ], [ -81.43288033950526, 28.363639429750979 ], [ -81.432882421953664, 28.363637077774928 ], [ -81.432884613084838, 28.363635001159263 ], [ -81.432886922446471, 28.363633228542927 ], [ -81.432889357276565, 28.363631784382513 ], [ -81.432891922144108, 28.363630688035389 ], [ -81.432894618660455, 28.363629952945814 ], [ -81.43289744527118, 28.363629585963398 ], [ -81.432900397136976, 28.363629586819947 ], [ -81.432903466108939, 28.363629947786318 ], [ -81.432906640801846, 28.363630653525863 ], [ -81.432909906765417, 28.363631681154949 ], [ -81.432913246751653, 28.363633000515218 ], [ -81.432916641072666, 28.36363457465534 ], [ -81.432920068041312, 28.363636360513478 ], [ -81.432923504483867, 28.363638309785465 ], [ -81.43292692631212, 28.363640369957484 ] ] ] } },
{ "type": "Feature", "properties": { "id": 30, "area_ha": 0.022216512747672751 }, "geometry": { "type": "Polygon", "coordinates": [ [ [ -81.433698224317737, 28.37097959953438 ], [ -81.433700840454691, 28.370980875120406 ], [ -81.433703160778037, 28.370982530348051 ], [ -81.433705185570304, 28.370984557576886 ], [ -81.433706922737869, 28.370986942694017 ], [ -81.433708387397303, 28.370989665060215 ], [ -81.433709601269356, 28.370992697625379 ], [ -81.433710591900862, 28.370996007215279 ], [ -81.43371139174053, 28.37099955498546 ], [ -81.433712037098317, 28.371003297033536 ], [ -81.433712567021928, 28.371007185155651 ], [ -81.4337130221259, 28.37101116772827 ], [ -81.433713443409474, 28.371015190692486 ], [ -81.433713871100068, 28.37101919861448 ], [ -81.433714343556787, 28.37102313579329 ], [ -81.433714896266679, 28.371026947385573 ], [ -81.433715560962654, 28.371030580515917 ], [ -81.433716364887232, 28.371033985342237 ], [ -81.433717330221882, 28.371037116046509 ], [ -81.433718473694825, 28.371039931723836 ], [ -81.433719806375265, 28.371042397145711 ], [ -81.433721333654745, 28.371044483377471 ], [ -81.433723055410866, 28.371046168234184 ], [ -81.433724966341927, 28.371047436564702 ], [ -81.433727056456291, 28.371048280358572 ], [ -81.433729311695089, 28.371048698676063 ], [ -81.433731714662812, 28.371048697407215 ], [ -81.43373424543735, 28.371048288870668 ], [ -81.433736882429272, 28.371047491268129 ], [ -81.433739603258658, 28.371046328014341 ], [ -81.43374238561843, 28.371044826965949 ], [ -81.433745208094038, 28.371043019575581 ], [ -81.433748050911859, 28.371040939998785 ], [ -81.433750896591732, 28.371038624182933 ], [ -81.433753730482948, 28.371036108966351 ], [ -81.433756541168052, 28.37103343121543 ], [ -81.433759320723567, 28.371030627025089 ], [ -81.433762064832223, 28.371027731005181 ], [ -81.433764772747196, 28.371024775671991 ], [ -81.433767447113524, 28.37102179095951 ], [ -81.433770093657884, 28.371018803860878 ], [ -81.433772720761851, 28.371015838205253 ], [ -81.433775338937892, 28.371012914570425 ], [ -81.433777960231026, 28.37101005032661 ], [ -81.433780597570617, 28.371007259802266 ], [ -81.433783264099105, 28.371004554558304 ], [ -81.433785972503699, 28.371001943753697 ], [ -81.433788734377757, 28.370999434582234 ], [ -81.433791559635779, 28.370997032758083 ], [ -81.433794456004492, 28.370994743026603 ], [ -81.433797428608244, 28.370992569676201 ], [ -81.433800479664029, 28.370990517027671 ], [ -81.433803608296202, 28.370988589878859 ], [ -81.433806810476554, 28.370986793884558 ], [ -81.433810079090478, 28.370985135854532 ], [ -81.433813404124948, 28.370983623956278 ], [ -81.433816772969394, 28.370982267813019 ], [ -81.433820170816162, 28.370981078491813 ], [ -81.433823581143642, 28.370980068381524 ], [ -81.433826986261934, 28.370979250964439 ], [ -81.433830367898722, 28.370978640490289 ], [ -81.433833707801398, 28.370978251565216 ], [ -81.433836988331365, 28.370978098671589 ], [ -81.433840193026612, 28.370978195638099 ], [ -81.43384330710991, 28.370978555081233 ], [ -81.433846317922757, 28.37097918784097 ], [ -81.433849215267315, 28.370980102434039 ], [ -81.433851991643408, 28.370981304547609 ], [ -81.433854642370392, 28.370982796595296 ], [ -81.433857165589743, 28.370984577355074 ], [ -81.433859562147731, 28.370986641706153 ], [ -81.43386183536299, 28.370988980478042 ], [ -81.433863990688039, 28.370991580421581 ], [ -81.433866035278157, 28.370994424306556 ], [ -81.43386797748461, 28.370997491146785 ], [ -81.433869826292522, 28.371000756548138 ], [ -81.43387159072573, 28.371004193170869 ], [ -81.433873279242476, 28.371007771293087 ], [ -81.43387489914673, 28.371011459458522 ], [ -81.433876456038718, 28.371015225188412 ], [ -81.433877953328093, 28.371019035734708 ], [ -81.433879391829805, 28.371022858850143 ], [ -81.433880769460714, 28.37102666354976 ], [ -81.433882081050896, 28.371030420838487 ], [ -81.433883318279285, 28.371034104380268 ], [ -81.433884469739198, 28.371037691086105 ], [ -81.433885521133774, 28.371041161600857 ], [ -81.433886455596976, 28.371044500672145 ], [ -81.433887254130937, 28.371047697388491 ], [ -81.433887896145663, 28.371050745278499 ], [ -81.433888360083628, 28.371053642267338 ], [ -81.433888624107951, 28.371056390491905 ], [ -81.433888666830399, 28.37105899598102 ], [ -81.433888468053937, 28.371061468211284 ], [ -81.433888009503079, 28.371063819554106 ], [ -81.433887275516057, 28.371066064632835 ], [ -81.433886253673322, 28.371068219612145 ], [ -81.433884935339307, 28.371070301444497 ], [ -81.433883316096669, 28.371072327099601 ], [ -81.43388139605662, 28.371074312803842 ], [ -81.433879180032051, 28.371076273316056 ], [ -81.433876677565962, 28.371078221264931 ], [ -81.433873902812039, 28.371080166571268 ], [ -81.433870874269459, 28.371082115975121 ], [ -81.433867614379295, 28.371084072684575 ], [ -81.433864148994672, 28.371086036158431 ], [ -81.433860506741127, 28.371088002030476 ], [ -81.433856718287757, 28.371089962178022 ], [ -81.433852815552825, 28.371091904932648 ], [ -81.433848830869593, 28.371093815425589 ], [ -81.433844796140306, 28.371095676056015 ], [ -81.4338407420057, 28.371097467065862 ], [ -81.433836697057885, 28.371099167201237 ], [ -81.433832687122276, 28.371100754437279 ], [ -81.433828734632385, 28.371102206741316 ], [ -81.433824858117632, 28.371103502847603 ], [ -81.433821071820446, 28.371104623016617 ], [ -81.433817385455001, 28.371105549752357 ], [ -81.43381380411401, 28.371106268452557 ], [ -81.433810328325677, 28.37110676796901 ], [ -81.433806954257207, 28.371107041058313 ], [ -81.433803674056477, 28.371107084707077 ], [ -81.433800476318297, 28.371106900320186 ], [ -81.433797346657997, 28.37110649376497 ], [ -81.433794268370747, 28.371105875269652 ], [ -81.433791223152753, 28.371105059179001 ], [ -81.433788191858056, 28.371104063575309 ], [ -81.433785155263863, 28.371102909777129 ], [ -81.433782094817133, 28.371101621732663 ], [ -81.433778993336119, 28.371100225327996 ], [ -81.433775835642578, 28.371098747633333 ], [ -81.433772609102718, 28.37109721611241 ], [ -81.433769304059098, 28.371095657821307 ], [ -81.433765914139258, 28.371094098623271 ], [ -81.433762436432062, 28.371092562445359 ], [ -81.433758871527417, 28.371091070601064 ], [ -81.43375522342032, 28.371089641200921 ], [ -81.433751499285364, 28.371088288669604 ], [ -81.433747709132575, 28.371087023384494 ], [ -81.433743865359773, 28.371085851446363 ], [ -81.433739982221155, 28.371084774588116 ], [ -81.433736075234052, 28.371083790222922 ], [ -81.433732160548686, 28.371082891628127 ], [ -81.433728254307226, 28.371082068256776 ], [ -81.433724372018176, 28.371081306164523 ], [ -81.433720527972383, 28.371080588535452 ], [ -81.433716734724442, 28.37107989628759 ], [ -81.433713002661506, 28.371079208736258 ], [ -81.433709339677819, 28.371078504291727 ], [ -81.433705750968784, 28.371077761166756 ], [ -81.433702238954837, 28.371076958070137 ], [ -81.433698803338885, 28.371076074862579 ], [ -81.433695441297019, 28.371075093153731 ], [ -81.433692147796293, 28.371073996821302 ], [ -81.433688916028316, 28.371072772436452 ], [ -81.433685737942596, 28.371071409583568 ], [ -81.433682604859783, 28.371069901066349 ], [ -81.433679508140884, 28.371068242996731 ], [ -81.433676439885986, 28.371066434767531 ], [ -81.433673393634976, 28.371064478913951 ], [ -81.433670365040825, 28.371062380873386 ], [ -81.433667352487646, 28.37106014865639 ], [ -81.43366435762637, 28.37105779244509 ], [ -81.433661385803518, 28.37105532413765 ], [ -81.433658446362159, 28.371052756859321 ], [ -81.433655552798086, 28.371050104461251 ], [ -81.433652722759419, 28.371047381028895 ], [ -81.433649977882951, 28.371044600420493 ], [ -81.43364734346676, 28.371041775855076 ], [ -81.433644847984127, 28.371038919566903 ], [ -81.433642522449887, 28.371036042540311 ], [ -81.433640399655715, 28.371033154335596 ], [ -81.433638513295961, 28.371030263012422 ], [ -81.433636897010189, 28.371027375153201 ], [ -81.433635583371895, 28.371024495984695 ], [ -81.43363460285552, 28.371021629591461 ], [ -81.433633982815707, 28.371018779211344 ], [ -81.433633746512598, 28.371015947598888 ], [ -81.433633912216678, 28.371013137440116 ], [ -81.433634492424616, 28.371010351798994 ], [ -81.433635493214339, 28.371007594574596 ], [ -81.433636913763877, 28.371004870946905 ], [ -81.433638746053447, 28.371002187788942 ], [ -81.4336409747646, 28.370999554024024 ], [ -81.433643577384288, 28.370996980908295 ], [ -81.433646524515126, 28.370994482221278 ], [ -81.433649780386432, 28.370992074350237 ], [ -81.433653303554422, 28.370989776258 ], [ -81.43365704777348, 28.37098760932799 ], [ -81.4336609630151, 28.370985597084868 ], [ -81.43366499660587, 28.370983764793877 ], [ -81.433669094452071, 28.370982138946715 ], [ -81.433673202315632, 28.370980746646094 ], [ -81.433677267103803, 28.370979614905735 ], [ -81.433681238134895, 28.370978769885731 ], [ -81.433685068342697, 28.370978236086639 ], [ -81.433688715383752, 28.370978035527664 ], [ -81.433692142615357, 28.370978186935975 ], [ -81.433695319914889, 28.370978704974355 ], [ -81.433698224317737, 28.37097959953438 ] ] ] } },
{ "type": "Feature", "properties": { "id": 31, "area_ha": 0.016143262735927824 }, "geometry": { "type": "Polygon", "coordinates": [ [ [ -81.433904108468596, 28.372327909012192 ], [ -81.433906489878964, 28.372328940105355 ], [ -81.433908761434353, 28.372330078690194 ], [ -81.433910920543255, 28.372331310634671 ], [ -81.433912968356921, 28.372332621769619 ], [ -81.433914909547212, 28.372333998184118 ], [ -81.433916751983759, 28.372335426503021 ], [ -81.433918506323252, 28.372336894139686 ], [ -81.433920185525807, 28.372338389517587 ], [ -81.433921804315617, 28.372339902255945 ], [ -81.433923378604234, 28.372341423315273 ], [ -81.43392492489572, 28.372342945100399 ], [ -81.433926459692955, 28.37234446151966 ], [ -81.433927998924048, 28.372345968000381 ], [ -81.433929557406401, 28.372347461462105 ], [ -81.433931148364636, 28.372348940250273 ], [ -81.433932783016218, 28.372350404034112 ], [ -81.43393447023611, 28.372351853673649 ], [ -81.433936216309149, 28.372353291061426 ], [ -81.433938024775216, 28.372354718945122 ], [ -81.43393989636985, 28.372356140737697 ], [ -81.43394182905881, 28.372357560321912 ], [ -81.433943818163058, 28.372358981855793 ], [ -81.433945856566794, 28.372360409585607 ], [ -81.433947934999338, 28.37236184767205 ], [ -81.433950042378882, 28.372363300035108 ], [ -81.433952166204861, 28.372364770221871 ], [ -81.43395429298414, 28.37236626130062 ], [ -81.43395640867557, 28.372367775783655 ], [ -81.433958499137319, 28.372369315580077 ], [ -81.43396055056175, 28.372370881978544 ], [ -81.433962549883333, 28.372372475658999 ], [ -81.433964485146674, 28.372374096731395 ], [ -81.433966345823308, 28.372375744798248 ], [ -81.433968123067856, 28.372377419037331 ], [ -81.433969809906998, 28.372379118299946 ], [ -81.433971401356686, 28.372380841219833 ], [ -81.433972894465967, 28.37238258632739 ], [ -81.43397428828834, 28.372384352163994 ], [ -81.433975583783862, 28.372386137391015 ], [ -81.433976783658011, 28.372387940888608 ], [ -81.433977892144839, 28.372389761840015 ], [ -81.433978914743932, 28.372391599797147 ], [ -81.433979857922068, 28.372393454724808 ], [ -81.433980728791312, 28.372395327021106 ], [ -81.433981534775768, 28.372397217512901 ], [ -81.433982283279235, 28.372399127426064 ], [ -81.433982981365602, 28.372401058331281 ], [ -81.433983635463065, 28.372403012067071 ], [ -81.433984251102061, 28.372404990642643 ], [ -81.433984832694918, 28.372406996123953 ], [ -81.433985383364231, 28.372409030507008 ], [ -81.433985904824254, 28.372411095582958 ], [ -81.433986397317838, 28.372413192799883 ], [ -81.433986859609462, 28.372415323126376 ], [ -81.433987289032771, 28.372417486921933 ], [ -81.433987681588775, 28.372419683819096 ], [ -81.4339880320899, 28.372421912621757 ], [ -81.433988334342672, 28.372424171223784 ], [ -81.433988581361376, 28.372426456551064 ], [ -81.433988765603729, 28.372428764529815 ], [ -81.433988879219314, 28.37243109008261 ], [ -81.433988914301366, 28.372433427153059 ], [ -81.433988863132711, 28.372435768758962 ], [ -81.433988718417197, 28.37243810707286 ], [ -81.433988473488881, 28.372440433527938 ], [ -81.433988122492565, 28.37244273894671 ], [ -81.433987660530363, 28.372445013688697 ], [ -81.433987083770518, 28.372447247813245 ], [ -81.433986389516832, 28.372449431252797 ], [ -81.433985576237873, 28.372451553991809 ], [ -81.433984643557537, 28.3724536062463 ], [ -81.433983592209444, 28.372455578639087 ], [ -81.433982423959449, 28.372457462365873 ], [ -81.433981141501278, 28.372459249347873 ], [ -81.433979748331438, 28.372460932366849 ], [ -81.433978248610075, 28.37246250517935 ], [ -81.433976647014532, 28.372463962607359 ], [ -81.433974948592862, 28.372465300603611 ], [ -81.433973158623303, 28.372466516290281 ], [ -81.433971282486297, 28.372467607971032 ], [ -81.433969325553676, 28.372468575116656 ], [ -81.433967293099244, 28.372469418325977 ], [ -81.433965190233664, 28.37247013926374 ], [ -81.43396302186477, 28.372470740578244 ], [ -81.433960792683862, 28.372471225801856 ], [ -81.433958507176413, 28.372471599237823 ], [ -81.433956169654778, 28.372471865837277 ], [ -81.433953784309196, 28.372472031070185 ], [ -81.433951355272669, 28.372472100794017 ], [ -81.433948886693983, 28.372472081124119 ], [ -81.433946382813545, 28.372471978308766 ], [ -81.433943848035682, 28.372471798612306 ], [ -81.43394128699164, 28.372471548208658 ], [ -81.433938704588016, 28.372471233087332 ], [ -81.433936106035659, 28.372470858973408 ], [ -81.433933496855005, 28.372470431262172 ], [ -81.433930882855719, 28.372469954968814 ], [ -81.433928270088686, 28.372469434692693 ], [ -81.43392566477057, 28.37246887459548 ], [ -81.433923073182612, 28.372468278391757 ], [ -81.433920501546226, 28.372467649350519 ], [ -81.433917955879934, 28.372466990305494 ], [ -81.433915441843155, 28.372466303672436 ], [ -81.43391296457321, 28.37246559147097 ], [ -81.433910528522887, 28.372464855349122 ], [ -81.433908137306517, 28.372464096608461 ], [ -81.433905793562275, 28.37246331622822 ], [ -81.433903498838404, 28.372462514886934 ], [ -81.433901253510811, 28.372461692980639 ], [ -81.433899056738113, 28.372460850637101 ], [ -81.433896906459537, 28.37245998772568 ], [ -81.433894799438946, 28.372459103863449 ], [ -81.433892731357602, 28.372458198417888 ], [ -81.433890696955288, 28.372457270507411 ], [ -81.433888690218339, 28.372456319001024 ], [ -81.433886704610572, 28.372455342518627 ], [ -81.433884733341813, 28.372454339433684 ], [ -81.433882769665928, 28.372453307879987 ], [ -81.433880807199969, 28.37245224576413 ], [ -81.433878840253357, 28.372451150785253 ], [ -81.433876864156261, 28.372450020463212 ], [ -81.43387487557473, 28.372448852176056 ], [ -81.433872872800563, 28.372447643207259 ], [ -81.433870856003878, 28.3724463908027 ], [ -81.433868827437081, 28.372445092236763 ], [ -81.433866791580243, 28.372443744886549 ], [ -81.433864755219091, 28.372442346312546 ], [ -81.433862727449039, 28.372440894343786 ], [ -81.433860719600929, 28.372439387164771 ], [ -81.433858745086454, 28.372437823401562 ], [ -81.433856819164106, 28.372436202203733 ], [ -81.433854958628942, 28.372434523319125 ], [ -81.433853181432724, 28.372432787157965 ], [ -81.433851506242902, 28.372430994843395 ], [ -81.433849951952013, 28.372429148245494 ], [ -81.433848537150581, 28.372427249996218 ], [ -81.433847279578998, 28.372425303483443 ], [ -81.433846195574361, 28.372423312822534 ], [ -81.433845299530006, 28.372421282805064 ], [ -81.43384460338477, 28.372419218824465 ], [ -81.433844116159378, 28.37241712677978 ], [ -81.433843843556147, 28.372415012959095 ], [ -81.433843787636931, 28.372412883905294 ], [ -81.433843946591892, 28.372410746267317 ], [ -81.4338443146098, 28.372408606641002 ], [ -81.433844881857212, 28.372406471403924 ], [ -81.433845634570858, 28.372404346549359 ], [ -81.433846555264395, 28.372402237524458 ], [ -81.433847623046844, 28.372400149078199 ], [ -81.433848814046655, 28.372398085124352 ], [ -81.433850101932109, 28.372396048624505 ], [ -81.43385145851515, 28.372394041496015 ], [ -81.433852854423449, 28.372392064548713 ], [ -81.433854259822581, 28.372390117453836 ], [ -81.433855645168663, 28.372388198747732 ], [ -81.433856981970067, 28.37238630587138 ], [ -81.433858243536704, 28.372384435246577 ], [ -81.43385940569469, 28.372382582387498 ], [ -81.433860447445383, 28.372380742046079 ], [ -81.43386135154887, 28.372378908387788 ], [ -81.43386210501383, 28.372377075193967 ], [ -81.433862699478581, 28.37237523608529 ], [ -81.43386313147073, 28.372373384760682 ], [ -81.433863402536701, 28.372371515244861 ], [ -81.433863519235771, 28.372369622137491 ], [ -81.433863492997631, 28.372367700856579 ], [ -81.433863339846212, 28.372365747868617 ], [ -81.433863079996542, 28.37236376089831 ], [ -81.433862737335431, 28.372361739110985 ], [ -81.433862338799912, 28.372359683261582 ], [ -81.433861913670839, 28.372357595804708 ], [ -81.433861492801284, 28.372355480961591 ], [ -81.43386110780169, 28.372353344740642 ], [ -81.433860790204776, 28.372351194909804 ], [ -81.433860570633954, 28.372349040920181 ], [ -81.43386047799919, 28.372346893781867 ], [ -81.433860538742636, 28.372344765894283 ], [ -81.433860776156052, 28.372342670834687 ], [ -81.433861209788546, 28.372340623109856 ], [ -81.433861854961677, 28.372338637877032 ], [ -81.433862722404683, 28.372336730641077 ], [ -81.433863818019674, 28.372334916935767 ], [ -81.433865142782366, 28.372333211997571 ], [ -81.433866692779972, 28.372331630440531 ], [ -81.433868459383831, 28.372330185940982 ], [ -81.43387042955014, 28.372328890940498 ], [ -81.433872586238678, 28.372327756375292 ], [ -81.433874908935763, 28.372326791439107 ], [ -81.433877374264739, 28.372326003386192 ], [ -81.433879956664981, 28.372325397379424 ], [ -81.433882629118358, 28.372324976387819 ], [ -81.433885363901084, 28.372324741135706 ], [ -81.433888133338442, 28.372324690105007 ], [ -81.43389091053983, 28.372324819589924 ], [ -81.433893670092957, 28.372325123802511 ], [ -81.43389638869715, 28.372325595025558 ], [ -81.43389904571815, 28.372326223808471 ], [ -81.433901623649518, 28.372326999200119 ], [ -81.433904108468596, 28.372327909012192 ] ] ] } },
{ "type": "Feature", "properties": { "id": 32, "area_ha": 0.017982880883515382 }, "geometry": { "type": "Polygon", "coordinates": [ [ [ -81.434118892832728, 28.372327393316365 ], [ -81.434121280205076, 28.372326892291007 ], [ -81.434123656086669, 28.372326680822542 ], [ -81.434126004091652, 28.37232676002867 ], [ -81.434128309741439, 28.372327126459069 ], [ -81.434130560898922, 28.372327772050848 ], [ -81.434132748138978, 28.372328684192819 ], [ -81.434134865042182, 28.372329845899205 ], [ -81.434136908401783, 28.372331236090588 ], [ -81.434138878335943, 28.372332829976724 ], [ -81.434140778300062, 28.372334599533406 ], [ -81.434142614996929, 28.372336514062901 ], [ -81.434144398185794, 28.372338540825037 ], [ -81.434146140394034, 28.372340645724279 ], [ -81.434147856538573, 28.372342794036108 ], [ -81.434149563466903, 28.372344951155132 ], [ -81.434151279430282, 28.372347083346497 ], [ -81.434153023503484, 28.372349158481697 ], [ -81.434154814968252, 28.37235114674052 ], [ -81.434156672677886, 28.372353021261276 ], [ -81.434158614422074, 28.372354758722725 ], [ -81.43416065631105, 28.372356339843005 ], [ -81.434162812197755, 28.372357749782701 ], [ -81.434165093155997, 28.372358978441788 ], [ -81.434167507031063, 28.37236002064293 ], [ -81.434170058077456, 28.37236087619652 ], [ -81.43417274669568, 28.372361549845934 ], [ -81.434175569277471, 28.372362051094662 ], [ -81.43417851816595, 28.372362393920174 ], [ -81.434181581732915, 28.3723625963821 ], [ -81.434184744573344, 28.372362680135346 ], [ -81.434187987812564, 28.372362669861158 ], [ -81.434191289518736, 28.37236259263118 ], [ -81.434194625209884, 28.37236247722144 ], [ -81.434197968442064, 28.372362353394298 ], [ -81.434201291462188, 28.3723622511672 ], [ -81.434204565907606, 28.37236220008727 ], [ -81.43420776353264, 28.372362228530505 ], [ -81.434210856941263, 28.372362363043507 ], [ -81.434213820305018, 28.372362627744252 ], [ -81.434216630045384, 28.372363043796863 ], [ -81.434219265460726, 28.372363628972959 ], [ -81.434221709279441, 28.372364397309703 ], [ -81.434223948122977, 28.372365358871992 ], [ -81.43422597286488, 28.372366519623093 ], [ -81.434227778875211, 28.372367881405271 ], [ -81.434229366142375, 28.372369442028326 ], [ -81.434230739268713, 28.372371195461753 ], [ -81.434231907339054, 28.372373132122668 ], [ -81.434232883665757, 28.372375239249539 ], [ -81.434233685416601, 28.37237750134928 ], [ -81.43423433313616, 28.372379900703393 ], [ -81.434234850173326, 28.372382417917592 ], [ -81.434235262031279, 28.372385032497984 ], [ -81.434235595657626, 28.372387723436812 ], [ -81.434235878694679, 28.3723904697904 ], [ -81.434236138710673, 28.372393251232715 ], [ -81.434236402433172, 28.37239604856892 ], [ -81.434236695005893, 28.372398844194542 ], [ -81.43423703928957, 28.37240162248791 ], [ -81.43423745522567, 28.372404370125711 ], [ -81.434237959280637, 28.37240707631365 ], [ -81.434238563985062, 28.372409732927359 ], [ -81.434239277580488, 28.372412334560952 ], [ -81.434240103782315, 28.372414878483792 ], [ -81.43424104166499, 28.372417364508511 ], [ -81.434242085671514, 28.372419794776249 ], [ -81.434243225745945, 28.3724221734672 ], [ -81.434244447584604, 28.372424506446908 ], [ -81.434245732997624, 28.372426800860477 ], [ -81.434247060370552, 28.37242906468834 ], [ -81.43424840521206, 28.372431306278145 ], [ -81.434249740772259, 28.372433533868136 ], [ -81.43425103871445, 28.372435755117213 ], [ -81.434252269821229, 28.372437976656602 ], [ -81.434253404716273, 28.372440203677556 ], [ -81.434254414581858, 28.372442439567916 ], [ -81.434255271853814, 28.37244468560905 ], [ -81.434255950875553, 28.372446940742741 ], [ -81.43425642849482, 28.372449201415549 ], [ -81.434256684588846, 28.372451461505555 ], [ -81.434256702505323, 28.372453712334387 ], [ -81.434256469409604, 28.372455942764464 ], [ -81.434255976531077, 28.37245813937912 ], [ -81.434255219304944, 28.372460286740999 ], [ -81.43425419740791, 28.372462367721528 ], [ -81.434252914689651, 28.372464363892483 ], [ -81.434251379004891, 28.372466255969066 ], [ -81.434249601952686, 28.372468024291944 ], [ -81.434247598532608, 28.372469649335446 ], [ -81.43424538672906, 28.37247111222748 ], [ -81.434242987036541, 28.372472395267355 ], [ -81.434240421939762, 28.372473482427154 ], [ -81.434237715363594, 28.372474359822935 ], [ -81.434234892107781, 28.372475016143301 ], [ -81.434231977281016, 28.372475443023284 ], [ -81.434228995749208, 28.372475635353837 ], [ -81.434225971610857, 28.372475591518278 ], [ -81.434222927711986, 28.372475313549316 ], [ -81.434219885211007, 28.372474807202401 ], [ -81.434216863202423, 28.37247408194299 ], [ -81.434213878406339, 28.372473150847821 ], [ -81.434210944928367, 28.372472030422372 ], [ -81.434208074093007, 28.372470740338539 ], [ -81.434205274351072, 28.372469303098725 ], [ -81.434202551259915, 28.372467743634182 ], [ -81.434199907533625, 28.372466088846963 ], [ -81.434197343158274, 28.372464367105888 ], [ -81.434194855566489, 28.372462607708378 ], [ -81.434192439863722, 28.372460840319988 ], [ -81.43419008909855, 28.372459094404533 ], [ -81.434187794567848, 28.37245739865708 ], [ -81.434185546148257, 28.372455780452455 ], [ -81.434183332644295, 28.372454265320755 ], [ -81.434181142144638, 28.372452876461072 ], [ -81.434178962377814, 28.372451634303385 ], [ -81.43417678105925, 28.372450556127202 ], [ -81.434174586222809, 28.372449655744543 ], [ -81.434172366530277, 28.372448943252802 ], [ -81.434170111553541, 28.372448424862018 ], [ -81.43416781202518, 28.372448102798927 ], [ -81.434165460054132, 28.372447975288715 ], [ -81.43416304930426, 28.372448036613935 ], [ -81.434160575134243, 28.372448277248104 ], [ -81.43415803469874, 28.37244868406043 ], [ -81.434155427010737, 28.372449240586448 ], [ -81.434152752966455, 28.372449927358268 ], [ -81.434150015334097, 28.372450722287329 ], [ -81.43414721870883, 28.372451601091097 ], [ -81.434144369435955, 28.372452537755116 ], [ -81.434141475505399, 28.372453505020928 ], [ -81.434138546419916, 28.372454474890233 ], [ -81.43413559304004, 28.372455419135374 ], [ -81.434132627408957, 28.372456309806655 ], [ -81.434129662559712, 28.372457119726811 ], [ -81.434126712308256, 28.372457822963685 ], [ -81.434123791034736, 28.372458395272528 ], [ -81.434120913456269, 28.372458814500231 ], [ -81.434118094393838, 28.372459060944252 ], [ -81.434115348536366, 28.372459117660505 ], [ -81.434112690205026, 28.372458970714746 ], [ -81.434110133120669, 28.372458609373762 ], [ -81.434107690177697, 28.372458026233399 ], [ -81.434105373227681, 28.372457217281642 ], [ -81.434103192876023, 28.37245618189646 ], [ -81.434101158295292, 28.372454922778978 ], [ -81.434099277058749, 28.372453445823798 ], [ -81.434097554997535, 28.372451759929785 ], [ -81.434095996085006, 28.372449876755216 ], [ -81.43409460235172, 28.372447810422553 ], [ -81.434093373833676, 28.372445577179128 ], [ -81.434092308556785, 28.372443195020601 ], [ -81.434091402559545, 28.372440683285138 ], [ -81.434090649955252, 28.372438062226617 ], [ -81.434090043034871, 28.372435352575792 ], [ -81.434089572409761, 28.372432575098642 ], [ -81.434089227193951, 28.372429750161295 ], [ -81.434088995223064, 28.372426897310849 ], [ -81.43408886330738, 28.372424034881217 ], [ -81.434088817514507, 28.372421179632823 ], [ -81.434088843476445, 28.372418346434184 ], [ -81.43408892671475, 28.372415547992876 ], [ -81.434089052977185, 28.372412794642212 ], [ -81.434089208577433, 28.372410094188972 ], [ -81.434089380729986, 28.372407451826238 ], [ -81.43408955787163, 28.372404870113893 ], [ -81.434089729960348, 28.372402349028029 ], [ -81.434089888743557, 28.37239988607859 ], [ -81.434090027987168, 28.372397476493465 ], [ -81.434090143658153, 28.372395113465039 ], [ -81.434090234054054, 28.372392788454146 ], [ -81.434090299874057, 28.372390491544426 ], [ -81.434090344227755, 28.372388211839052 ], [ -81.434090372579291, 28.37238593789024 ], [ -81.43409039262616, 28.372383658151016 ], [ -81.434090414114266, 28.372381361438165 ], [ -81.434090448592016, 28.372379037394001 ], [ -81.434090509108771, 28.372376676935168 ], [ -81.43409060986437, 28.372374272676087 ], [ -81.434090765818326, 28.372371819315113 ], [ -81.434090992268452, 28.372369313972406 ], [ -81.434091304410515, 28.372366756468924 ], [ -81.43409171689062, 28.372364149537709 ], [ -81.434092243363352, 28.372361498959886 ], [ -81.434092896068506, 28.372358813619503 ], [ -81.43409368543908, 28.372356105473507 ], [ -81.434094619752941, 28.37235338943519 ], [ -81.434095704839393, 28.372350683171504 ], [ -81.434096943850292, 28.372348006817226 ], [ -81.434098337104459, 28.372345382611044 ], [ -81.434099882011111, 28.37234283446071 ], [ -81.434101573076859, 28.372340387446922 ], [ -81.434103401997632, 28.372338067276793 ], [ -81.434105357834682, 28.37233589970015 ], [ -81.434107427271314, 28.372333909902487 ], [ -81.434109594944218, 28.37233212188999 ], [ -81.434111843841222, 28.372330557882229 ], [ -81.434114155754727, 28.372329237728461 ], [ -81.434116511778356, 28.372328178363244 ], [ -81.434118892832728, 28.372327393316365 ] ] ] } },
{ "type": "Feature", "properties": { "id": 33, "area_ha": 0.029327096365173531 }, "geometry": { "type": "Polygon", "coordinates": [ [ [ -81.433666578004832, 28.372364728353901 ], [ -81.433669971614975, 28.372366378211176 ], [ -81.433673314181021, 28.372368150809365 ], [ -81.433676584241738, 28.372370031253006 ], [ -81.433679762269861, 28.372372006536668 ], [ -81.433682831128905, 28.372374065591675 ], [ -81.433685776481482, 28.37237619923285 ], [ -81.433688587137908, 28.372378400013606 ], [ -81.43369125533458, 28.372380662001213 ], [ -81.433693776933652, 28.372382980487068 ], [ -81.433696151536466, 28.372385351649445 ], [ -81.433698382505639, 28.372387772187658 ], [ -81.433700476892909, 28.372390238947741 ], [ -81.433702445271777, 28.37239274855941 ], [ -81.433704301477007, 28.372395297103697 ], [ -81.433706062255226, 28.372397879828885 ], [ -81.433707746833306, 28.372400490930062 ], [ -81.43370937641393, 28.372403123404812 ], [ -81.43371097360972, 28.372405768993968 ], [ -81.433712561829211, 28.372408418212672 ], [ -81.433714164629961, 28.372411060472839 ], [ -81.433715805054817, 28.372413684293971 ], [ -81.433717504968783, 28.372416277595384 ], [ -81.433719284413968, 28.372418828058983 ], [ -81.433721161, 28.372421323548338 ], [ -81.433723149346974, 28.372423752567205 ], [ -81.433725260596347, 28.372426104738206 ], [ -81.43372750200453, 28.372428371281075 ], [ -81.433729876630707, 28.372430545469268 ], [ -81.433732383129339, 28.372432623044062 ], [ -81.433735015653696, 28.372434602566038 ], [ -81.433737763875257, 28.372436485686112 ], [ -81.433740613119127, 28.372438277320743 ], [ -81.433743544613804, 28.372439985719151 ], [ -81.433746535849266, 28.372441622414339 ], [ -81.433749561035114, 28.372443202054065 ], [ -81.433752591647007, 28.372444742112091 ], [ -81.433755597047409, 28.372446262484811 ], [ -81.433758545164224, 28.372447784982956 ], [ -81.43376140320926, 28.372449332731829 ], [ -81.433764138417246, 28.372450929497912 ], [ -81.433766718785293, 28.372452598962404 ], [ -81.433769113792721, 28.372454363965062 ], [ -81.433771295081399, 28.372456245743386 ], [ -81.433773237078427, 28.372458263192897 ], [ -81.433774917543616, 28.372460432174464 ], [ -81.43377631802754, 28.37246276489326 ], [ -81.43377742422733, 28.372465269372483 ], [ -81.433778226231368, 28.37246794904172 ], [ -81.433778718646536, 28.372470802456657 ], [ -81.433778900605603, 28.37247382316265 ], [ -81.433778775655483, 28.372476999709654 ], [ -81.43377835153089, 28.37248031582153 ], [ -81.433777639821116, 28.372483750716984 ], [ -81.433776655540868, 28.372487279574734 ], [ -81.433775416618786, 28.372490874129983 ], [ -81.43377394331975, 28.372494503385191 ], [ -81.433772257619054, 28.372498134413597 ], [ -81.433770382547479, 28.372501733230898 ], [ -81.433768341527625, 28.372505265707694 ], [ -81.433766157721351, 28.372508698493718 ], [ -81.433763853408053, 28.372511999924289 ], [ -81.433761449412387, 28.372515140879468 ], [ -81.433758964598056, 28.372518095568211 ], [ -81.433756415442417, 28.37252084221144 ], [ -81.433753815703724, 28.372523363601946 ], [ -81.433751176189986, 28.372525647522316 ], [ -81.433748504635091, 28.372527687007185 ], [ -81.433745805684026, 28.372529480441059 ], [ -81.433743080986346, 28.372531031488528 ], [ -81.433740329392577, 28.372532348859274 ], [ -81.433737547245471, 28.372533445915671 ], [ -81.433734728755368, 28.372534340136504 ], [ -81.433731866445342, 28.372535052454602 ], [ -81.433728951650366, 28.372535606491102 ], [ -81.43372597505288, 28.372536027711902 ], [ -81.433722927235962, 28.372536342535152 ], [ -81.433719799234566, 28.372536577419655 ], [ -81.4337165830662, 28.372536757965204 ], [ -81.43371327222242, 28.372536908055064 ], [ -81.433709862103953, 28.37253704906955 ], [ -81.433706350384838, 28.372537199196955 ], [ -81.43370273729245, 28.372537372864986 ], [ -81.433699025793871, 28.372537580311381 ], [ -81.433695221681546, 28.372537827307678 ], [ -81.433691333555103, 28.372538115044772 ], [ -81.433687372699211, 28.372538440183305 ], [ -81.433683352861067, 28.372538795066017 ], [ -81.433679289934275, 28.372539168083982 ], [ -81.433675201559367, 28.372539544182633 ], [ -81.433671106653307, 28.372539905489447 ], [ -81.433667024883576, 28.372540232040219 ], [ -81.433662976103804, 28.372540502577959 ], [ -81.433658979769319, 28.372540695395614 ], [ -81.433655054351846, 28.372540789192669 ], [ -81.433651216772944, 28.372540763914778 ], [ -81.433647481874871, 28.372540601546856 ], [ -81.433643861946678, 28.372540286831118 ], [ -81.433640366322251, 28.372539807884689 ], [ -81.433637001063545, 28.372539156694803 ], [ -81.433633768741174, 28.372538329474008 ], [ -81.433630668320532, 28.372537326862766 ], [ -81.43362769515862, 28.372536153972192 ], [ -81.43362484111357, 28.372534820265585 ], [ -81.433622094765099, 28.372533339282665 ], [ -81.433619441740817, 28.372531728216636 ], [ -81.43361686514011, 28.372530007358801 ], [ -81.433614346043953, 28.372528199430565 ], [ -81.433611864096903, 28.37252632882662 ], [ -81.433609398144597, 28.372524420795951 ], [ -81.433606926908965, 28.37252250059008 ], [ -81.433604429681509, 28.372520592608534 ], [ -81.433601887015001, 28.372518719572255 ], [ -81.433599281393327, 28.372516901754114 ], [ -81.433596597860344, 28.372515156294188 ], [ -81.433593824589096, 28.372513496624222 ], [ -81.433590953374946, 28.37251193202189 ], [ -81.433587980038169, 28.372510467310995 ], [ -81.43358490472373, 28.3725091027184 ], [ -81.433581732089706, 28.372507833893231 ], [ -81.433578471377785, 28.372506652087875 ], [ -81.433575136363771, 28.372505544494725 ], [ -81.433571745188331, 28.372504494727011 ], [ -81.433568320072169, 28.37250348342711 ], [ -81.433564886922596, 28.372502488980793 ], [ -81.433561474841582, 28.372501488312675 ], [ -81.43355811554774, 28.372500457734542 ], [ -81.433554842727048, 28.372499373816861 ], [ -81.43355169132883, 28.372498214252495 ], [ -81.433548696824943, 28.372496958682145 ], [ -81.433545894450418, 28.372495589452008 ], [ -81.43354331844472, 28.372494092276753 ], [ -81.433541001311951, 28.372492456784034 ], [ -81.433538973117848, 28.372490676920698 ], [ -81.433537260840183, 28.372488751206163 ], [ -81.433535887787272, 28.372486682823013 ], [ -81.433534873097841, 28.372484479541363 ], [ -81.433534231332487, 28.372482153478689 ], [ -81.433533972165122, 28.372479720703048 ], [ -81.433534100179841, 28.372477200692749 ], [ -81.433534614775695, 28.372474615671024 ], [ -81.433535510179993, 28.372471989838225 ], [ -81.433536775566992, 28.372469348528085 ], [ -81.433538395277495, 28.372466717317099 ], [ -81.433540349131988, 28.372464121117901 ], [ -81.433542612828205, 28.37246158328816 ], [ -81.433545158412343, 28.372459124786154 ], [ -81.433547954812042, 28.372456763402539 ], [ -81.43355096841799, 28.372454513095466 ], [ -81.43355416370062, 28.372452383452583 ], [ -81.433557503848434, 28.37245037929948 ], [ -81.433560951413781, 28.372448500468721 ], [ -81.433564468953676, 28.372446741738599 ], [ -81.433568019652611, 28.372445092944833 ], [ -81.43357156791636, 28.372443539262495 ], [ -81.433575079926356, 28.372442061649863 ], [ -81.433578524145972, 28.372440637440238 ], [ -81.433581871770997, 28.372439241062903 ], [ -81.433585097118694, 28.372437844869935 ], [ -81.43358817795108, 28.372436420042096 ], [ -81.433591095729156, 28.372434937544462 ], [ -81.433593835797197, 28.372433369100463 ], [ -81.433596387496507, 28.372431688152929 ], [ -81.433598744210201, 28.372429870780831 ], [ -81.433600903340775, 28.372427896541964 ], [ -81.433602866223794, 28.372425749214635 ], [ -81.43360463798173, 28.372423417414492 ], [ -81.433606227322201, 28.372420895067037 ], [ -81.433607646285864, 28.372418181721105 ], [ -81.433608909949257, 28.372415282693989 ], [ -81.433610036088353, 28.372412209044249 ], [ -81.433611044808529, 28.37240897737421 ], [ -81.433611958147111, 28.372405609469332 ], [ -81.433612799654185, 28.372402131787176 ], [ -81.433613593957929, 28.372398574813278 ], [ -81.433614366320342, 28.372394972305418 ], [ -81.433615142189225, 28.372391360451186 ], [ -81.433615946752568, 28.372387776966082 ], [ -81.433616804500971, 28.37238426016107 ], [ -81.433617738804173, 28.372380848008902 ], [ -81.433618771507369, 28.37237757723824 ], [ -81.433619922553049, 28.372374482482769 ], [ -81.433621209634254, 28.372371595510657 ], [ -81.43362264788432, 28.37236894455609 ], [ -81.433624249608727, 28.372366553770977 ], [ -81.433626024064026, 28.372364442810401 ], [ -81.433627977288154, 28.372362626560651 ], [ -81.43363011198646, 28.372361115013582 ], [ -81.433632427476851, 28.372359913285973 ], [ -81.433634919696402, 28.372359021777882 ], [ -81.433637581271554, 28.372358436458978 ], [ -81.433640401652269, 28.372358149268248 ], [ -81.433643367309699, 28.37235814860858 ], [ -81.433646461995806, 28.37235841991523 ], [ -81.43364966706153, 28.372358946275156 ], [ -81.433652961829239, 28.372359709073212 ], [ -81.43365632401337, 28.372360688640992 ], [ -81.433659730182271, 28.372361864884976 ], [ -81.433663156252294, 28.372363217872188 ], [ -81.433666578004832, 28.372364728353901 ] ] ] } },
{ "type": "Feature", "properties": { "id": 34, "area_ha": 0.067356759152553555 }, "geometry": { "type": "Polygon", "coordinates": [ [ [ -81.434123002752074, 28.372801623042605 ], [ -81.434130630272648, 28.372803970932381 ], [ -81.434138322535304, 28.372806627956265 ], [ -81.434146058322042, 28.372809491355056 ], [ -81.434153814430047, 28.372812450625361 ], [ -81.434161566388667, 28.372815391449585 ], [ -81.434169289297856, 28.372818199813704 ], [ -81.4341769587584, 28.372820766143281 ], [ -81.434184551854187, 28.372822989286533 ], [ -81.434192048140488, 28.372824780179112 ], [ -81.434199430586659, 28.372826065039639 ], [ -81.434206686419969, 28.372826787966133 ], [ -81.434213807818438, 28.372826912830554 ], [ -81.434220792404787, 28.372826424401229 ], [ -81.434227643501245, 28.372825328657811 ], [ -81.434234370115135, 28.372823652300553 ], [ -81.434240986638059, 28.372821441491528 ], [ -81.434247512255098, 28.372818759899964 ], [ -81.434253970076639, 28.372815686153345 ], [ -81.434260386019304, 28.372812310820937 ], [ -81.434266787477881, 28.372808733073917 ], [ -81.434273201842302, 28.372805057176695 ], [ -81.434279654923699, 28.37280138896649 ], [ -81.434286169361272, 28.372797832472376 ], [ -81.434292763084756, 28.372794486811998 ], [ -81.434299447907279, 28.372791443484356 ], [ -81.434306228319045, 28.372788784151496 ], [ -81.434313100544884, 28.372786578972942 ], [ -81.434320051916572, 28.372784885524776 ], [ -81.434327060597724, 28.372783748303302 ], [ -81.434334095682217, 28.372783198782336 ], [ -81.434341117669845, 28.372783255965381 ], [ -81.434348079305295, 28.372783927350643 ], [ -81.43435492674908, 28.372785210209418 ], [ -81.434361601033402, 28.372787093067455 ], [ -81.434368039742708, 28.372789557275173 ], [ -81.434374178847918, 28.372792578556162 ], [ -81.434379954616773, 28.372796128433627 ], [ -81.434385305519442, 28.372800175450699 ], [ -81.434390174049682, 28.372804686121757 ], [ -81.434394508386518, 28.372809625576721 ], [ -81.434398263830161, 28.372814957886515 ], [ -81.434401403956969, 28.372820646084914 ], [ -81.434403901452754, 28.372826651926783 ], [ -81.434405738599267, 28.372832935444716 ], [ -81.434406907404906, 28.372839454383239 ], [ -81.434407409388115, 28.37284616360132 ], [ -81.43440725503649, 28.372853014538673 ], [ -81.434406462979567, 28.372859954839655 ], [ -81.434405058924526, 28.372866928219509 ], [ -81.4344030744127, 28.372873874642767 ], [ -81.434400545460875, 28.372880730862924 ], [ -81.434397511153122, 28.372887431347753 ], [ -81.434394012248177, 28.372893909587191 ], [ -81.434390089862561, 28.37290009975208 ], [ -81.434385784282725, 28.372905938644404 ], [ -81.434381133950268, 28.372911367854652 ], [ -81.434376174652513, 28.372916336020712 ], [ -81.434370938938926, 28.372920801067682 ], [ -81.434365455771015, 28.372924732299122 ], [ -81.434359750401356, 28.372928112209276 ], [ -81.434353844465747, 28.372930937892498 ], [ -81.434347756263136, 28.372933221940173 ], [ -81.434341501189721, 28.372934992736763 ], [ -81.434335092288549, 28.372936294093943 ], [ -81.4343285408724, 28.372937184193621 ], [ -81.43432185717721, 28.372937733845447 ], [ -81.434315051004859, 28.37293802410046 ], [ -81.434308132317881, 28.372938143297606 ], [ -81.434301111753683, 28.372938183652014 ], [ -81.434294001033138, 28.372938237521897 ], [ -81.434286813245237, 28.372938393512026 ], [ -81.434279562997773, 28.372938732586011 ], [ -81.434272266431819, 28.372939324365028 ], [ -81.434264941104658, 28.372940223787566 ], [ -81.434257605752862, 28.372941468292627 ], [ -81.434250279951783, 28.372943075668541 ], [ -81.434242983692414, 28.372945042681877 ], [ -81.434235736898827, 28.372947344567137 ], [ -81.434228558910817, 28.372949935419815 ], [ -81.434221467956476, 28.372952749494598 ], [ -81.434214480638246, 28.372955703369534 ], [ -81.434207611454127, 28.372958698897005 ], [ -81.434200872373168, 28.372961626826552 ], [ -81.434194272481037, 28.372964370953238 ], [ -81.434187817708576, 28.37296681262173 ], [ -81.434181510652579, 28.372968835399416 ], [ -81.434175350495323, 28.372970329724733 ], [ -81.434169333026205, 28.372971197338281 ], [ -81.434163450766093, 28.372971355314171 ], [ -81.434157693193086, 28.372970739527901 ], [ -81.434152047065851, 28.372969307422274 ], [ -81.434146496838949, 28.372967039964596 ], [ -81.434141025162404, 28.372963942724169 ], [ -81.434135613456149, 28.37296004603726 ], [ -81.434130242547369, 28.372955404265692 ], [ -81.434124893357037, 28.372950094193047 ], [ -81.434119547618891, 28.372944212637091 ], [ -81.434114188612142, 28.372937873387468 ], [ -81.434108801885941, 28.372931203602178 ], [ -81.434103375951992, 28.372924339814336 ], [ -81.434097902918651, 28.372917423711122 ], [ -81.434092379039527, 28.372910597849973 ], [ -81.43408680514807, 28.372904001472865 ], [ -81.43408118695055, 28.372897766568382 ], [ -81.434075535151877, 28.372892014314107 ], [ -81.434069865391834, 28.372886852010197 ], [ -81.434064197974166, 28.372882370589124 ], [ -81.434058557377853, 28.372878642758881 ], [ -81.434052971547899, 28.372875721808388 ], [ -81.43404747097172, 28.372873641075497 ], [ -81.434042087558439, 28.372872414052189 ], [ -81.434036853347934, 28.37287203507783 ], [ -81.434031799088302, 28.372872480552164 ], [ -81.43402695272934, 28.372873710584724 ], [ -81.434022337889573, 28.372875670987238 ], [ -81.434017972360252, 28.372878295510162 ], [ -81.434013866715347, 28.372881508224623 ], [ -81.434010023097485, 28.372885225954445 ], [ -81.434006434248616, 28.372889360671252 ], [ -81.434003082849273, 28.37289382177644 ], [ -81.433999941221686, 28.372898518206892 ], [ -81.433996971439925, 28.372903360316176 ], [ -81.433994125876239, 28.372908261498086 ], [ -81.433991348194468, 28.372913139534063 ], [ -81.433988574782845, 28.372917917660505 ], [ -81.433985736598686, 28.372922525363734 ], [ -81.43398276137664, 28.372926898921328 ], [ -81.433979576134021, 28.372930981716134 ], [ -81.433976109888903, 28.372934724355307 ], [ -81.433972296492755, 28.372938084629656 ], [ -81.433968077469331, 28.372941027349551 ], [ -81.433963404744944, 28.372943524092804 ], [ -81.433958243154564, 28.372945552896748 ], [ -81.433952572612839, 28.372947097923035 ], [ -81.433946389847719, 28.372948149118361 ], [ -81.433939709609518, 28.372948701888927 ], [ -81.433932565286852, 28.372948756800728 ], [ -81.433925008883378, 28.372948319312236 ], [ -81.433917110334818, 28.372947399540852 ], [ -81.433908956172459, 28.372946012060105 ], [ -81.433900647566702, 28.372944175720775 ], [ -81.433892297810701, 28.372941913486098 ], [ -81.43388402932824, 28.372939252269315 ], [ -81.433875970311121, 28.372936222760107 ], [ -81.433868251107484, 28.372932859226413 ], [ -81.433861000494275, 28.372929199277795 ], [ -81.433854341972307, 28.372925283577654 ], [ -81.433848390222153, 28.37292115549263 ], [ -81.433843247852124, 28.372916860669655 ], [ -81.433839002557818, 28.372912446533395 ], [ -81.433835724794676, 28.3729079616995 ], [ -81.433833466043353, 28.372903455302875 ], [ -81.433832257722813, 28.372898976243235 ], [ -81.433832110778027, 28.372894572354944 ], [ -81.433833015942213, 28.372890289512469 ], [ -81.433834944645071, 28.372886170687064 ], [ -81.433837850513569, 28.372882254975949 ], [ -81.43384167138899, 28.372878576629013 ], [ -81.433846331765054, 28.372875164103366 ], [ -81.433851745538902, 28.372872039179114 ], [ -81.433857818957648, 28.372869216173125 ], [ -81.433864453640695, 28.372866701289169 ], [ -81.433871549560848, 28.372864492142842 ], [ -81.433879007874879, 28.372862577498385 ], [ -81.433886733507094, 28.372860937250923 ], [ -81.4338946374057, 28.372859542681987 ], [ -81.433902638411013, 28.372858357008624 ], [ -81.433910664695674, 28.372857336236581 ], [ -81.433918654758372, 28.372856430316727 ], [ -81.433926557973933, 28.372855584590859 ], [ -81.433934334721783, 28.372854741499456 ], [ -81.433941956131989, 28.372853842509706 ], [ -81.433949403501373, 28.372852830208632 ], [ -81.433956667442757, 28.372851650493583 ], [ -81.433963746835033, 28.372850254781742 ], [ -81.433970647644585, 28.372848602152441 ], [ -81.433977381685523, 28.372846661331511 ], [ -81.43398396538042, 28.37284441242608 ], [ -81.433990418575078, 28.372841848321912 ], [ -81.433996763449045, 28.37283897566325 ], [ -81.434003023552108, 28.372835815347543 ], [ -81.43400922298413, 28.372832402483976 ], [ -81.434015385723072, 28.372828785784833 ], [ -81.434021535095297, 28.372825026381509 ], [ -81.434027693372883, 28.37282119608204 ], [ -81.434033881476012, 28.37281737511255 ], [ -81.43404011875397, 28.372813649410062 ], [ -81.434046422817644, 28.372810107557807 ], [ -81.434052809397159, 28.37280683747429 ], [ -81.434059292202406, 28.372803922983927 ], [ -81.434065882770341, 28.372801440408082 ], [ -81.434072590289773, 28.372799455320401 ], [ -81.434079421402757, 28.372798019608993 ], [ -81.434086379989679, 28.372797168980085 ], [ -81.434093466952689, 28.372796921022832 ], [ -81.434100680018048, 28.372797273934463 ], [ -81.434108013582588, 28.372798205978651 ], [ -81.43411545863124, 28.372799675719776 ], [ -81.434123002752074, 28.372801623042605 ] ] ] } },
{ "type": "Feature", "properties": { "id": 35, "area_ha": 0.016457899279079806 }, "geometry": { "type": "Polygon", "coordinates": [ [ [ -81.433757163987167, 28.37288235318595 ], [ -81.433759702618175, 28.372883291181971 ], [ -81.433762103839356, 28.372884384510819 ], [ -81.433764342852754, 28.372885628748765 ], [ -81.43376639628903, 28.372887017795371 ], [ -81.433768242799943, 28.372888543950612 ], [ -81.433769863611758, 28.372890198032945 ], [ -81.433771243023315, 28.37289196953656 ], [ -81.43377236883353, 28.372893846824137 ], [ -81.433773232685198, 28.372895817350805 ], [ -81.43377383031445, 28.372897867913579 ], [ -81.433774161697826, 28.372899984919904 ], [ -81.433774231092073, 28.372902154668033 ], [ -81.433774046965013, 28.372904363631623 ], [ -81.433773621818787, 28.372906598740709 ], [ -81.433772971910599, 28.372908847651022 ], [ -81.433772116878458, 28.37291109899413 ], [ -81.433771079282963, 28.372913342601194 ], [ -81.433769884078117, 28.372915569693969 ], [ -81.433768558026657, 28.372917773037525 ], [ -81.433767129076642, 28.372919947050491 ], [ -81.433765625717555, 28.372922087869654 ], [ -81.433764076334086, 28.372924193367268 ], [ -81.433762508576237, 28.372926263120927 ], [ -81.433760948763336, 28.372928298337193 ], [ -81.433759421338422, 28.372930301731582 ], [ -81.433757948387751, 28.372932277369046 ], [ -81.433756549237984, 28.372934230470097 ], [ -81.433755240140769, 28.372936167188755 ], [ -81.433754034052001, 28.372938094369655 ], [ -81.433752940509464, 28.372940019291825 ], [ -81.433751965609815, 28.372941949407281 ], [ -81.433751112082419, 28.372943892082713 ], [ -81.433750379454551, 28.372945854352075 ], [ -81.433749764300003, 28.37294784268785 ], [ -81.433749260559821, 28.372949862797636 ], [ -81.4337488599229, 28.37295191945222 ], [ -81.433748552251501, 28.372954016349816 ], [ -81.433748326036181, 28.372956156020134 ], [ -81.433748168863858, 28.372958339770463 ], [ -81.433748067882888, 28.372960567674458 ], [ -81.433748010249076, 28.37296283860298 ], [ -81.433747983538339, 28.372965150294782 ], [ -81.433747976112485, 28.372967499463488 ], [ -81.433747977427444, 28.372969881936267 ], [ -81.433747978274567, 28.372972292818261 ], [ -81.433747970949284, 28.372974726676205 ], [ -81.433747949343456, 28.372977177733883 ], [ -81.433747908961053, 28.372979640072039 ], [ -81.433747846859305, 28.372982107824772 ], [ -81.433747761520536, 28.372984575365042 ], [ -81.43374765266212, 28.372987037472313 ], [ -81.433747520994416, 28.372989489475749 ], [ -81.433747367938182, 28.372991927367742 ], [ -81.433747195314396, 28.372994347883385 ], [ -81.433747005020422, 28.37299674854285 ], [ -81.433746798706679, 28.372999127654996 ], [ -81.433746577467744, 28.373001484282128 ], [ -81.433746341561474, 28.373003818167074 ], [ -81.433746090168157, 28.373006129625178 ], [ -81.433745821200418, 28.373008419405437 ], [ -81.433745531172363, 28.373010688525778 ], [ -81.43374521513438, 28.373012938088809 ], [ -81.433744866677145, 28.373015169084937 ], [ -81.433744478006147, 28.373017382190575 ], [ -81.433744040084946, 28.373019577569096 ], [ -81.43374354284289, 28.373021754682537 ], [ -81.433742975440694, 28.37302391212166 ], [ -81.433742326584579, 28.37302604746127 ], [ -81.433741584878405, 28.373028157147193 ], [ -81.433740739200971, 28.373030236420306 ], [ -81.433739779095291, 28.373032279281251 ], [ -81.433738695155441, 28.373034278499045 ], [ -81.433737479397053, 28.373036225664421 ], [ -81.43373612559742, 28.373038111287819 ], [ -81.433734629592578, 28.373039924940095 ], [ -81.433732989519925, 28.373041655432647 ], [ -81.433731205996409, 28.373043291032417 ], [ -81.4337292822254, 28.373044819705552 ], [ -81.433727224026484, 28.373046229383075 ], [ -81.433725039786296, 28.37304750824044 ], [ -81.433722740330325, 28.373048644982809 ], [ -81.433720338718828, 28.373049629127287 ], [ -81.433717849972282, 28.373050451273311 ], [ -81.433715290734668, 28.373051103352964 ], [ -81.433712678884319, 28.373051578853026 ], [ -81.43371003310493, 28.373051873001994 ], [ -81.433707372429481, 28.373051982915701 ], [ -81.433704715771867, 28.373051907696919 ], [ -81.433702081460822, 28.373051648485493 ], [ -81.433699486791028, 28.373051208457014 ], [ -81.433696947605341, 28.373050592769765 ], [ -81.433694477921634, 28.37304980846125 ], [ -81.43369208961569, 28.373048864296901 ], [ -81.4336897921701, 28.373047770575521 ], [ -81.433687592496668, 28.373046538896748 ], [ -81.433685494837775, 28.37304518189752 ], [ -81.433683500748813, 28.37304371296494 ], [ -81.433681609162164, 28.37304214593405 ], [ -81.433679816529519, 28.373040494779186 ], [ -81.433678117037374, 28.373038773307698 ], [ -81.433676502888204, 28.373036994864897 ], [ -81.433674964637262, 28.373035172058366 ], [ -81.433673491573828, 28.373033316509371 ], [ -81.433672072134101, 28.373031438638009 ], [ -81.433670694331852, 28.373029547487697 ], [ -81.433669346193, 28.373027650593233 ], [ -81.433668016180121, 28.373025753895504 ], [ -81.43366669359321, 28.373023861704048 ], [ -81.433665368934584, 28.373021976707641 ], [ -81.433664034226609, 28.373020100031102 ], [ -81.433662683273056, 28.373018231335703 ], [ -81.433661311856952, 28.373016368958616 ], [ -81.433659917869861, 28.373014510086392 ], [ -81.433658501370005, 28.373012650955921 ], [ -81.433657064569218, 28.373010787076041 ], [ -81.433655611750936, 28.373008913462357 ], [ -81.433654149123825, 28.373007024877413 ], [ -81.433652684617741, 28.373005116068782 ], [ -81.433651227630335, 28.373003181997557 ], [ -81.433649788734485, 28.373001218050472 ], [ -81.433648379357308, 28.372999220229381 ], [ -81.433647011442645, 28.372997185313054 ], [ -81.433645697108886, 28.37299511098697 ], [ -81.433644448313927, 28.372992995938194 ], [ -81.433643276538476, 28.372990839913399 ], [ -81.433642192497715, 28.372988643739784 ], [ -81.433641205890268, 28.372986409309366 ], [ -81.433640325191803, 28.372984139528608 ], [ -81.433639557498282, 28.372981838236495 ], [ -81.433638908422424, 28.372979510094758 ], [ -81.43363838204462, 28.37297716045514 ], [ -81.433637980917382, 28.372974795208894 ], [ -81.433637706120464, 28.372972420624265 ], [ -81.433637557362161, 28.372970043177769 ], [ -81.433637533120233, 28.372967669385201 ], [ -81.433637630814985, 28.372965305637912 ], [ -81.43363784700594, 28.372962958049651 ], [ -81.433638177602489, 28.372960632318435 ], [ -81.433638618079513, 28.372958333607546 ], [ -81.433639163688014, 28.372956066448491 ], [ -81.43363980965222, 28.372953834668149 ], [ -81.433640551345107, 28.372951641341331 ], [ -81.43364138443529, 28.372949488768818 ], [ -81.43364230499995, 28.372947378480287 ], [ -81.433643309600185, 28.372945311260416 ], [ -81.433644395316534, 28.372943287195938 ], [ -81.433645559744775, 28.372941305740536 ], [ -81.433646800953326, 28.372939365794167 ], [ -81.433648117406207, 28.372937465792866 ], [ -81.433649507856032, 28.3729356038052 ], [ -81.433650971213808, 28.372933777631111 ], [ -81.433652506402808, 28.372931984899541 ], [ -81.433654112204792, 28.372930223161099 ], [ -81.433655787107242, 28.372928489972839 ], [ -81.433657529160257, 28.372926782972435 ], [ -81.433659335851502, 28.372925099940051 ], [ -81.433661204006569, 28.372923438846612 ], [ -81.433663129721808, 28.37292179788804 ], [ -81.433665108334139, 28.372920175505747 ], [ -81.433667134432255, 28.372918570394347 ], [ -81.43366920191022, 28.372916981498083 ], [ -81.433671304064021, 28.372915407998196 ], [ -81.4336734337287, 28.372913849293614 ], [ -81.433675583452128, 28.372912304977753 ], [ -81.433677745699882, 28.372910774814439 ], [ -81.43367991308358, 28.372909258715694 ], [ -81.433682078604264, 28.372907756724153 ], [ -81.433684235900955, 28.372906269002623 ], [ -81.433686379493849, 28.372904795832508 ], [ -81.433688505011943, 28.372903337622809 ], [ -81.433690609393892, 28.37290189493028 ], [ -81.433692691052741, 28.372900468490922 ], [ -81.433694749995325, 28.372899059262203 ], [ -81.433696787888508, 28.372897668474689 ], [ -81.433698808066794, 28.372896297691078 ], [ -81.433700815477067, 28.372894948869998 ], [ -81.433702816558736, 28.372893624431541 ], [ -81.433704819060111, 28.372892327320958 ], [ -81.433706831793927, 28.372891061066788 ], [ -81.433708864337305, 28.37288982982961 ], [ -81.433710926684043, 28.372888638437573 ], [ -81.433713028858733, 28.372887492405322 ], [ -81.433715180504237, 28.372886397933048 ], [ -81.433717390455385, 28.372885361883245 ], [ -81.433719666312939, 28.372884391733297 ], [ -81.433722014031858, 28.372883495502798 ], [ -81.433724437538828, 28.372882681655614 ], [ -81.433726938392567, 28.372881958977295 ], [ -81.433729515500573, 28.372881336429902 ], [ -81.433732164903418, 28.372880822986744 ], [ -81.433734879636759, 28.372880427450855 ], [ -81.433737649678577, 28.372880158261552 ], [ -81.433740461986616, 28.37288002329425 ], [ -81.433743300628308, 28.372880029659232 ], [ -81.433746147002651, 28.37288018350533 ], [ -81.43374898015027, 28.372880489834767 ], [ -81.433751777145218, 28.372880952335191 ], [ -81.433754513559293, 28.372881573234793 ], [ -81.433757163987167, 28.37288235318595 ] ] ] } },
{ "type": "Feature", "properties": { "id": 36, "area_ha": 0.006953763948432906 }, "geometry": { "type": "Polygon", "coordinates": [ [ [ -81.433411793468792, 28.372995087529173 ], [ -81.433413431119035, 28.372995360784341 ], [ -81.43341506595165, 28.372995688575934 ], [ -81.433416688346668, 28.37299606883996 ], [ -81.433418288448664, 28.372996499890181 ], [ -81.433419856425644, 28.372996980466102 ], [ -81.433421382733542, 28.372997509756289 ], [ -81.433422858378719, 28.372998087395953 ], [ -81.433424275169727, 28.372998713438491 ], [ -81.433425625951202, 28.372999388301981 ], [ -81.433426904812137, 28.373000112692573 ], [ -81.43342810726206, 28.373000887507608 ], [ -81.433429230369612, 28.37300171372237 ], [ -81.433430272858914, 28.373002592265053 ], [ -81.433431235160555, 28.373003523884879 ], [ -81.433432119415471, 28.373004509019175 ], [ -81.433432929431177, 28.373005547664942 ], [ -81.433433670591612, 28.373006639260616 ], [ -81.433434349722972, 28.373007782583581 ], [ -81.43343497491945, 28.37300897566827 ], [ -81.433435555333958, 28.373010215749296 ], [ -81.4334361009399, 28.373011499232977 ], [ -81.433436622270918, 28.373012821699856 ], [ -81.433437130146416, 28.373014177939531 ], [ -81.433437635390661, 28.373015562018075 ], [ -81.433438148553606, 28.373016967376905 ], [ -81.43343867964164, 28.373018386961036 ], [ -81.433439237865571, 28.373019813373315 ], [ -81.433439831413111, 28.373021239050065 ], [ -81.433440467252055, 28.373022656453017 ], [ -81.433441150969117, 28.373024058271209 ], [ -81.433441886648552, 28.373025437626378 ], [ -81.433442676793447, 28.373026788274718 ], [ -81.433443522290688, 28.373028104798088 ], [ -81.433444422419967, 28.373029382777556 ], [ -81.433445374905162, 28.373030618943048 ], [ -81.433446376005719, 28.373031811293046 ], [ -81.433447420644043, 28.373032959179373 ], [ -81.433448502563976, 28.373034063353273 ], [ -81.433449614514885, 28.373035125969785 ], [ -81.433450748454675, 28.373036150549275 ], [ -81.433451895765174, 28.373037141895892 ], [ -81.433453047472781, 28.37303810597454 ], [ -81.433454194467245, 28.373039049748989 ], [ -81.433455327712196, 28.373039980985475 ], [ -81.433456438440928, 28.373040908026951 ], [ -81.433457518331977, 28.373041839544559 ], [ -81.433458559659869, 28.373042784273551 ], [ -81.433459555417386, 28.373043750741502 ], [ -81.433460499406493, 28.373044746997166 ], [ -81.433461386296941, 28.373045780348416 ], [ -81.4334622116519, 28.373046857117274 ], [ -81.433462971921855, 28.37304798242014 ], [ -81.433463664408436, 28.37304915998002 ], [ -81.433464287201659, 28.373050391977113 ], [ -81.433464839094043, 28.373051678942588 ], [ -81.433465319476454, 28.373053019699462 ], [ -81.433465728220824, 28.373054411352527 ], [ -81.433466065554967, 28.373055849328395 ], [ -81.433466331935335, 28.37305732746449 ], [ -81.433466527923116, 28.373058838144701 ], [ -81.433466654068809, 28.373060372477909 ], [ -81.433466710810038, 28.373061920514019 ], [ -81.433466698386781, 28.373063471491101 ], [ -81.433466616777125, 28.373065014106249 ], [ -81.433466465656011, 28.373066536802014 ], [ -81.433466244378664, 28.37306802805961 ], [ -81.433465951988453, 28.373069476690208 ], [ -81.433465587249259, 28.37307087211536 ], [ -81.433465148700492, 28.373072204628212 ], [ -81.433464634732061, 28.373073465627645 ], [ -81.433464043676324, 28.373074647818399 ], [ -81.433463373912915, 28.373075745371498 ], [ -81.43346262398191, 28.373076754040177 ], [ -81.433461792700655, 28.373077671228426 ], [ -81.433460879279139, 28.37307849601051 ], [ -81.433459883429194, 28.373079229101386 ], [ -81.433458805462607, 28.373079872779591 ], [ -81.433457646374009, 28.373080430765651 ], [ -81.433456407904785, 28.373080908060434 ], [ -81.433455092584936, 28.373081310749075 ], [ -81.433453703750715, 28.373081645777233 ], [ -81.433452245536785, 28.373081920707101 ], [ -81.43345072284248, 28.373082143461282 ], [ -81.433449141272774, 28.373082322062931 ], [ -81.43344750705559, 28.373082464380417 ], [ -81.4334458269376, 28.373082577884635 ], [ -81.433444108062091, 28.37308266942663 ], [ -81.433442357832519, 28.373082745042048 ], [ -81.433440583766142, 28.373082809788553 ], [ -81.433438793342631, 28.373082867620408 ], [ -81.433436993852496, 28.373082921303954 ], [ -81.433435192250457, 28.373082972375389 ], [ -81.43343339501827, 28.373083021141746 ], [ -81.433431608041914, 28.373083066723634 ], [ -81.433429836506576, 28.373083107137603 ], [ -81.433428084813272, 28.373083139414291 ], [ -81.433426356519291, 28.373083159747448 ], [ -81.433424654304403, 28.373083163668234 ], [ -81.433422979963552, 28.373083146237825 ], [ -81.433421334426072, 28.373083102251627 ], [ -81.433419717800078, 28.373083026447382 ], [ -81.43341812944071, 28.373082913710103 ], [ -81.433416568038965, 28.373082759266421 ], [ -81.433415031728117, 28.373082558861931 ], [ -81.433413518203736, 28.373082308915496 ], [ -81.433412024852743, 28.3730820066456 ], [ -81.433410548887295, 28.373081650164682 ], [ -81.433409087478381, 28.373081238538926 ], [ -81.433407637884883, 28.373080771811857 ], [ -81.433406197573575, 28.37308025099172 ], [ -81.43340476432617, 28.373079678003776 ], [ -81.433403336330173, 28.373079055609875 ], [ -81.433401912250503, 28.373078387298882 ], [ -81.433400491280523, 28.373077677152466 ], [ -81.433399073170563, 28.37307692969155 ], [ -81.433397658234526, 28.373076149709405 ], [ -81.433396247334557, 28.373075342097913 ], [ -81.433394841845342, 28.373074511673103 ], [ -81.433393443600437, 28.373073663006899 ], [ -81.433392054823003, 28.373072800270819 ], [ -81.433390678044844, 28.373071927097484 ], [ -81.433389316016957, 28.373071046464709 ], [ -81.433387971616085, 28.37307016060619 ], [ -81.433386647751121, 28.373069270951781 ], [ -81.433385347273514, 28.373068378099269 ], [ -81.433384072895322, 28.373067481818172 ], [ -81.433382827118493, 28.373066581085226 ], [ -81.433381612178351, 28.373065674149782 ], [ -81.433380430003126, 28.373064758626413 ], [ -81.433379282191567, 28.37306383161096 ], [ -81.433378170009064, 28.373062889815557 ], [ -81.433377094402459, 28.373061929717334 ], [ -81.433376056032174, 28.373060947715214 ], [ -81.433375055320838, 28.373059940288893 ], [ -81.433374092515095, 28.373058904154085 ], [ -81.433373167758447, 28.373057836408289 ], [ -81.433372281171032, 28.373056734661777 ], [ -81.433371432932844, 28.373055597149108 ], [ -81.433370623366315, 28.373054422817123 ], [ -81.433369853013957, 28.373053211386509 ], [ -81.433369122707447, 28.373051963384679 ], [ -81.433368433624182, 28.373050680149262 ], [ -81.433367787328336, 28.373049363802089 ], [ -81.433367185793699, 28.373048017195099 ], [ -81.433366631406216, 28.37304664383031 ], [ -81.433366126945444, 28.37304524775714 ], [ -81.433365675544337, 28.373043833451064 ], [ -81.433365280628124, 28.373042405678355 ], [ -81.433364945833745, 28.373040969352068 ], [ -81.433364674912184, 28.373039529384673 ], [ -81.433364471616713, 28.37303809054308 ], [ -81.433364339581033, 28.373036657311257 ], [ -81.433364282191306, 28.373035233765791 ], [ -81.433364302457065, 28.373033823468806 ], [ -81.433364402885644, 28.373032429382153 ], [ -81.433364585365197, 28.373031053806244 ], [ -81.433364851061128, 28.373029698345263 ], [ -81.433365200330144, 28.373028363900236 ], [ -81.433365632656006, 28.37302705068991 ], [ -81.433366146610211, 28.373025758298535 ], [ -81.433366739839926, 28.373024485748576 ], [ -81.433367409084823, 28.373023231595422 ], [ -81.433368150223103, 28.373021994040574 ], [ -81.433368958346392, 28.373020771058595 ], [ -81.43336982786181, 28.373019560533326 ], [ -81.43337075261843, 28.373018360397804 ], [ -81.433371726054986, 28.373017168772801 ], [ -81.433372741363968, 28.373015984098512 ], [ -81.433373791667407, 28.37301480525451 ], [ -81.433374870198222, 28.373013631663429 ], [ -81.433375970481805, 28.373012463374295 ], [ -81.433377086510944, 28.373011301122592 ], [ -81.433378212908622, 28.373010146364553 ], [ -81.433379345072623, 28.373009001284593 ], [ -81.433380479296673, 28.373007868775392 ], [ -81.433381612863386, 28.373006752391547 ], [ -81.433382744105586, 28.373005656278352 ], [ -81.433383872432955, 28.373004585078576 ], [ -81.433384998322339, 28.373003543820378 ], [ -81.433386123271617, 28.373002537790903 ], [ -81.433387249717541, 28.373001572399925 ], [ -81.43338838091988, 28.37300065303879 ], [ -81.433389520814828, 28.372999784939708 ], [ -81.433390673842325, 28.37299897304068 ], [ -81.433391844752109, 28.372998221860865 ], [ -81.433393038395153, 28.372997535391026 ], [ -81.433394259506599, 28.37299691700278 ], [ -81.433395512487792, 28.372996369380054 ], [ -81.433396801194363, 28.372995894474876 ], [ -81.43339812873765, 28.372995493488947 ], [ -81.433399497306453, 28.372995166881296 ], [ -81.43340090801513, 28.37299491440147 ], [ -81.433402360783973, 28.372994735146591 ], [ -81.433403854256227, 28.372994627639496 ], [ -81.433405385755236, 28.37299458992501 ], [ -81.43340695128397, 28.372994619679794 ], [ -81.433408545567886, 28.372994714331462 ], [ -81.433410162140291, 28.372994871181831 ], [ -81.433411793468792, 28.372995087529173 ] ] ] } },
{ "type": "Feature", "properties": { "id": 37, "area_ha": 0.028044560796880062 }, "geometry": { "type": "Polygon", "coordinates": [ [ [ -81.432904206520817, 28.373034895787541 ], [ -81.432908470014837, 28.373033597651059 ], [ -81.432912808927327, 28.373032446066045 ], [ -81.432917202335688, 28.373031436240822 ], [ -81.432921628121036, 28.373030564830884 ], [ -81.432926063409454, 28.373029830302904 ], [ -81.43293048499666, 28.373029233190678 ], [ -81.432934869747157, 28.373028776235341 ], [ -81.432939194959914, 28.373028464406623 ], [ -81.432943438695062, 28.373028304806059 ], [ -81.432947580057032, 28.373028306457762 ], [ -81.432951599431874, 28.37302847999629 ], [ -81.432955478678082, 28.373028837264872 ], [ -81.432959201271188, 28.373029390840205 ], [ -81.432962752404606, 28.373030153502622 ], [ -81.432966119049425, 28.373031137672182 ], [ -81.432969289977265, 28.373032354832247 ], [ -81.432972255750599, 28.373033814961957 ], [ -81.432975008685389, 28.373035525998965 ], [ -81.432977542790994, 28.373037493351951 ], [ -81.432979853691947, 28.37303971948069 ], [ -81.432981938535974, 28.373042203558555 ], [ -81.432983795892468, 28.373044941229498 ], [ -81.432985425644063, 28.37304792446783 ], [ -81.432986828874419, 28.373051141545375 ], [ -81.432988007753863, 28.373054577106874 ], [ -81.432988965423888, 28.373058212350561 ], [ -81.432989705881255, 28.373062025307302 ], [ -81.432990233861773, 28.373065991208435 ], [ -81.432990554722977, 28.373070082929424 ], [ -81.432990674325765, 28.37307427149419 ], [ -81.432990598913761, 28.373078526623335 ], [ -81.43299033499035, 28.373082817308113 ], [ -81.432989889192626, 28.373087112391918 ], [ -81.432989268163098, 28.373091381141109 ], [ -81.432988478419148, 28.373095593787941 ], [ -81.432987526222163, 28.373099722030211 ], [ -81.432986417448021, 28.373103739473802 ], [ -81.43298515746163, 28.373107622007382 ], [ -81.432983750999028, 28.373111348101023 ], [ -81.432982202060558, 28.373114899023868 ], [ -81.432980513819615, 28.373118258978884 ], [ -81.432978688551344, 28.373121415156312 ], [ -81.432976727585697, 28.37312435771009 ], [ -81.432974631289326, 28.373127079664457 ], [ -81.432972399079887, 28.37312957676032 ], [ -81.432970029476394, 28.373131847252882 ], [ -81.432967520187276, 28.373133891673287 ], [ -81.432964868238045, 28.373135712568075 ], [ -81.432962070137691, 28.373137314230231 ], [ -81.432959122082764, 28.373138702435238 ], [ -81.432956020195888, 28.373139884194718 ], [ -81.432952760793924, 28.373140867538474 ], [ -81.432949340679727, 28.373141661333911 ], [ -81.432945757449986, 28.373142275149434 ], [ -81.432942009810063, 28.373142719165827 ], [ -81.432938097886066, 28.373143004136598 ], [ -81.432934023523501, 28.373143141395772 ], [ -81.432929790561388, 28.373143142908575 ], [ -81.432925405070506, 28.373143021358047 ], [ -81.43292087554542, 28.373142790258349 ], [ -81.432916213039562, 28.373142464083614 ], [ -81.432911431234928, 28.373142058400074 ], [ -81.432906546438829, 28.373141589988087 ], [ -81.432901577502179, 28.373141076940819 ], [ -81.432896545655808, 28.37314053872657 ], [ -81.432891474264466, 28.373139996202944 ], [ -81.432886388499625, 28.373139471572401 ], [ -81.432881314935912, 28.373138988271315 ], [ -81.432876281078435, 28.373138570786782 ], [ -81.432871314830422, 28.373138244398721 ], [ -81.432866443913738, 28.373138034847781 ], [ -81.432861695256548, 28.373137967932934 ], [ -81.432857094364294, 28.373138069045993 ], [ -81.432852664691609, 28.373138362653176 ], [ -81.43284842703342, 28.373138871736977 ], [ -81.432844398954089, 28.373139617213923 ], [ -81.432840594272932, 28.373140617345804 ], [ -81.432837022623588, 28.373141887163221 ], [ -81.432833689103305, 28.373143437921176 ], [ -81.432830594026228, 28.373145276606397 ], [ -81.432827732791822, 28.37314740551518 ], [ -81.432825095877249, 28.373149821919398 ], [ -81.432822668958309, 28.373152517835909 ], [ -81.432820433160458, 28.373155479912072 ], [ -81.432818365437413, 28.373158689436629 ], [ -81.432816439070933, 28.373162122481549 ], [ -81.432814624281519, 28.373165750176387 ], [ -81.432812888936311, 28.373169539112521 ], [ -81.432811199337081, 28.373173451870294 ], [ -81.432809521068421, 28.373177447658133 ], [ -81.432807819883749, 28.373181483048594 ], [ -81.432806062605351, 28.373185512793253 ], [ -81.432804218013374, 28.373189490694912 ], [ -81.432802257698611, 28.373193370514066 ], [ -81.432800156854398, 28.373197106884135 ], [ -81.432797894983992, 28.373200656210212 ], [ -81.432795456502276, 28.373203977525588 ], [ -81.432792831212637, 28.373207033281496 ], [ -81.43279001464407, 28.37320979004738 ], [ -81.432787008236346, 28.373212219101571 ], [ -81.432783819366492, 28.373214296895544 ], [ -81.432780461213397, 28.373216005378737 ], [ -81.432776952462874, 28.373217332175528 ], [ -81.432773316859439, 28.373218270610359 ], [ -81.432769582616601, 28.373218819582046 ], [ -81.432765781700979, 28.373218983293157 ], [ -81.432761949009688, 28.373218770844893 ], [ -81.432758121464204, 28.373218195712461 ], [ -81.432754337045864, 28.373217275119675 ], [ -81.432750633800964, 28.373216029334852 ], [ -81.432747048843666, 28.373214480912516 ], [ -81.432743617386024, 28.373212653907281 ], [ -81.432740371823172, 28.373210573086872 ], [ -81.432737340900829, 28.373208263171282 ], [ -81.432734548989416, 28.373205748123951 ], [ -81.43273201548655, 28.37320305051885 ], [ -81.432729754365482, 28.373200191004667 ], [ -81.432727773883201, 28.373197187883633 ], [ -81.432726076456689, 28.373194056818477 ], [ -81.432724658711251, 28.373190810676149 ], [ -81.432723511699436, 28.373187459512184 ], [ -81.432722621283915, 28.373184010694448 ], [ -81.432721968672794, 28.373180469159443 ], [ -81.432721531091218, 28.373176837790222 ], [ -81.432721282568963, 28.373173117899597 ], [ -81.432721194820033, 28.3731693097989 ], [ -81.432721238187824, 28.373165413428968 ], [ -81.432721382626909, 28.373161429027522 ], [ -81.432721598691899, 28.373157357805667 ], [ -81.432721858503058, 28.373153202605142 ], [ -81.432722136659734, 28.373148968508929 ], [ -81.432722411073314, 28.373144663378465 ], [ -81.43272266369506, 28.373140298293499 ], [ -81.432722881116021, 28.373135887873502 ], [ -81.432723055021583, 28.373131450463468 ], [ -81.432723182486185, 28.373127008171853 ], [ -81.432723266099813, 28.373122586752928 ], [ -81.432723313922267, 28.373118215331765 ], [ -81.43272333926663, 28.373113925975435 ], [ -81.432723360318619, 28.373109753119262 ], [ -81.432723399603447, 28.37310573286274 ], [ -81.432723483316053, 28.373101902154183 ], [ -81.4327236405354, 28.373098297887694 ], [ -81.432723902345984, 28.373094955939326 ], [ -81.432724300893369, 28.373091910172395 ], [ -81.432724868401763, 28.373089191443047 ], [ -81.432725636183079, 28.373086826638506 ], [ -81.432726633666888, 28.373084837779508 ], [ -81.432727887479871, 28.373083241217245 ], [ -81.432729420602016, 28.373082046952788 ], [ -81.432731251624034, 28.373081258103312 ], [ -81.432733394127467, 28.373080870535375 ], [ -81.432735856205397, 28.373080872680614 ], [ -81.432738640136947, 28.373081245543553 ], [ -81.432741742224437, 28.373081962905633 ], [ -81.432745152797224, 28.373082991723297 ], [ -81.432748856380968, 28.373084292712157 ], [ -81.432752832026736, 28.373085821103398 ], [ -81.432757053789274, 28.373087527553253 ], [ -81.432761491339747, 28.373089359181431 ], [ -81.432766110694601, 28.373091260710684 ], [ -81.432770875038628, 28.373093175676019 ], [ -81.4327757456185, 28.373095047670336 ], [ -81.432780682680601, 28.373096821591822 ], [ -81.432785646426751, 28.373098444858414 ], [ -81.432790597960746, 28.373099868555773 ], [ -81.432795500199731, 28.373101048487165 ], [ -81.432800318725739, 28.373101946096654 ], [ -81.43280502255476, 28.373102529241205 ], [ -81.432809584803721, 28.373102772791498 ], [ -81.432813983239001, 28.373102659047074 ], [ -81.432818200693603, 28.373102177956731 ], [ -81.432822225344523, 28.373101327141097 ], [ -81.432826050845748, 28.373100111720429 ], [ -81.432829676316516, 28.373098543956345 ], [ -81.432833106188838, 28.373096642721649 ], [ -81.432836349921843, 28.373094432817574 ], [ -81.432839421594338, 28.373091944161757 ], [ -81.43284233938985, 28.373089210874028 ], [ -81.432845124991246, 28.373086270289495 ], [ -81.432847802903808, 28.373083161930005 ], [ -81.4328503997274, 28.37307992646582 ], [ -81.432852943398416, 28.373076604698522 ], [ -81.432855462423134, 28.37307323659515 ], [ -81.432857985123022, 28.373069860400825 ], [ -81.432860538911271, 28.373066511854059 ], [ -81.432863149618839, 28.373063223524827 ], [ -81.432865840885299, 28.373060024291235 ], [ -81.432868633628075, 28.373056938965181 ], [ -81.432871545599951, 28.373053988072687 ], [ -81.43287459104296, 28.37305118778891 ], [ -81.432877780442269, 28.373048550022816 ], [ -81.432881120381907, 28.373046082641729 ], [ -81.432884613500406, 28.373043789821207 ], [ -81.432888258541979, 28.373041672502168 ], [ -81.432892050496775, 28.373039728933811 ], [ -81.432895980820646, 28.373037955278662 ], [ -81.432900037724494, 28.373036346254516 ], [ -81.432904206520817, 28.373034895787541 ] ] ] } },
{ "type": "Feature", "properties": { "id": 38, "area_ha": 0.33687455046398584 }, "geometry": { "type": "Polygon", "coordinates": [ [ [ -81.434425795903479, 28.373120189394346 ], [ -81.434444242089199, 28.373118028172396 ], [ -81.434462116129041, 28.373116983669714 ], [ -81.434479027342718, 28.373117596119105 ], [ -81.434494815244378, 28.373120053048286 ], [ -81.434509601719697, 28.373124187305265 ], [ -81.434523750297856, 28.373129593206112 ], [ -81.434537739358888, 28.373135806672799 ], [ -81.43455198736423, 28.373142474231841 ], [ -81.434566688728566, 28.373149444842543 ], [ -81.43458172026132, 28.373156753191257 ], [ -81.434596657990596, 28.373164508906022 ], [ -81.434610908107715, 28.373172744649843 ], [ -81.434623915479406, 28.373181292075493 ], [ -81.4346353828426, 28.373189742248897 ], [ -81.434645424992354, 28.373197511885209 ], [ -81.434654599560403, 28.373203993177054 ], [ -81.434663794810461, 28.373208730821837 ], [ -81.434674002711532, 28.373211558740433 ], [ -81.434686045985771, 28.373212645101624 ], [ -81.43470034631865, 28.373212430719111 ], [ -81.434716810108768, 28.373211487577233 ], [ -81.434734870788148, 28.373210354091825 ], [ -81.434753675120064, 28.373209409674821 ], [ -81.434772352642938, 28.373208831172281 ], [ -81.434790279463243, 28.373208636559923 ], [ -81.43480724995004, 28.373208782920049 ], [ -81.434823502006097, 28.373209262786851 ], [ -81.434839592368562, 28.373210145616973 ], [ -81.434856169976811, 28.373211538726512 ], [ -81.434873729606011, 28.373213482951208 ], [ -81.43489243266265, 28.373215834623558 ], [ -81.434912055816142, 28.373218200374165 ], [ -81.434932080708307, 28.373219976241352 ], [ -81.434951886705662, 28.373220501545969 ], [ -81.434970972230431, 28.373219286468178 ], [ -81.43498912178589, 28.373216231599301 ], [ -81.435006458156309, 28.373211746613517 ], [ -81.435023363773539, 28.373206701669282 ], [ -81.435040305048958, 28.373202202503649 ], [ -81.435057629782492, 28.373199248515011 ], [ -81.435075416887813, 28.373198386291897 ], [ -81.435093436187842, 28.37319948656317 ], [ -81.435111232131547, 28.373201740741482 ], [ -81.435128295763562, 28.373203901939036 ], [ -81.435144253272924, 28.373204708106446 ], [ -81.435158991174887, 28.37320335312107 ], [ -81.435172661473104, 28.373199842984143 ], [ -81.435185556813053, 28.373195102307367 ], [ -81.435197898325413, 28.373190774446915 ], [ -81.435209617438062, 28.37318876175333 ], [ -81.435220222036392, 28.373190644904742 ], [ -81.435228812247885, 28.373197168841621 ], [ -81.435234259788771, 28.373207968477704 ], [ -81.435235505227595, 28.373221632913712 ], [ -81.435231881301874, 28.373236096502513 ], [ -81.435223354899733, 28.373249236266588 ], [ -81.435210602126261, 28.373259485512431 ], [ -81.4351948833271, 28.373266267495122 ], [ -81.435177750252166, 28.373270113097409 ], [ -81.435160673085377, 28.373272432064798 ], [ -81.435144701453126, 28.373275021889221 ], [ -81.435130261550526, 28.373279482523781 ], [ -81.435117145462613, 28.373286730328978 ], [ -81.435104684804685, 28.373296763571549 ], [ -81.435092041255331, 28.373308740365186 ], [ -81.435078511820905, 28.373321321441026 ], [ -81.435063748063442, 28.373333143007589 ], [ -81.435047824375957, 28.373343248953461 ], [ -81.435031146911925, 28.373351337353458 ], [ -81.435014251238073, 28.373357751784983 ], [ -81.434997573128925, 28.373363243940435 ], [ -81.434981280962987, 28.373368614727223 ], [ -81.434965229793463, 28.373374377745492 ], [ -81.434949048001513, 28.373380570327633 ], [ -81.434932316357461, 28.373386772833186 ], [ -81.434914765280084, 28.373392313006306 ], [ -81.434896411202985, 28.373396561650662 ], [ -81.43487757819257, 28.373399195167217 ], [ -81.43485879607411, 28.373400320002713 ], [ -81.434840613918752, 28.373400414430812 ], [ -81.434823399919466, 28.373400119332832 ], [ -81.434807203664008, 28.373399971087068 ], [ -81.434791733203056, 28.373400192005896 ], [ -81.434776456383403, 28.373400628459926 ], [ -81.434760789934103, 28.373400864378578 ], [ -81.434744307830883, 28.373400463483222 ], [ -81.434726894052105, 28.373399237474249 ], [ -81.434708785829429, 28.373397422502308 ], [ -81.43469049360489, 28.373395679469855 ], [ -81.434672628035017, 28.373394902841454 ], [ -81.434655696376296, 28.373395900981592 ], [ -81.434639939223985, 28.373399067603618 ], [ -81.434625261558921, 28.373404175485629 ], [ -81.434611276558101, 28.373410383937319 ], [ -81.434597440308281, 28.373416474097979 ], [ -81.434583225275517, 28.373421239513355 ], [ -81.434568270612658, 28.373423896475799 ], [ -81.434552460533581, 28.373424364143233 ], [ -81.434535911828604, 28.373423305622953 ], [ -81.434518886031285, 28.373421904401045 ], [ -81.434501667616146, 28.373421446038112 ], [ -81.434484457751736, 28.373422847991215 ], [ -81.434467321701518, 28.373426303455911 ], [ -81.434450202759919, 28.373431168811315 ], [ -81.434432987478658, 28.373436140724134 ], [ -81.434415587276106, 28.373439667691592 ], [ -81.434397997751745, 28.373440457947488 ], [ -81.434380309796339, 28.373437910947949 ], [ -81.43436266976245, 28.373432325575429 ], [ -81.434345209333969, 28.37342481547515 ], [ -81.434327979321949, 28.373416962955432 ], [ -81.434310919753855, 28.373410331764163 ], [ -81.434293882266303, 28.373406004633374 ], [ -81.434276697057186, 28.373404298461338 ], [ -81.434259255781086, 28.373404744195145 ], [ -81.434241572944316, 28.373406324374788 ], [ -81.434223795765632, 28.373407872891182 ], [ -81.434206153505059, 28.373408489870201 ], [ -81.43418886344638, 28.373407826783549 ], [ -81.434172031082142, 28.37340615018784 ], [ -81.434155587621149, 28.37340417595917 ], [ -81.43413929552348, 28.37340274845748 ], [ -81.434122826494928, 28.3734024910964 ], [ -81.434105886307179, 28.373403558799907 ], [ -81.434088339111938, 28.373405579341497 ], [ -81.434070280013643, 28.373407797335044 ], [ -81.434052021321904, 28.373409359552021 ], [ -81.434033989796859, 28.37340963071804 ], [ -81.434016567619111, 28.373408422007184 ], [ -81.433999934980818, 28.373406050872571 ], [ -81.433983976533824, 28.37340321552476 ], [ -81.433968294370771, 28.37340073550066 ], [ -81.433952332729675, 28.373399256366891 ], [ -81.433935577375138, 28.373399025657054 ], [ -81.433917761335181, 28.373399817076024 ], [ -81.433899000786667, 28.373401023589185 ], [ -81.433879804734531, 28.373401878982346 ], [ -81.433860944015635, 28.373401724102866 ], [ -81.433843215022975, 28.373400222883035 ], [ -81.43382717379626, 28.373397456423117 ], [ -81.433812931889847, 28.373393870311951 ], [ -81.433800089997661, 28.373390102528084 ], [ -81.43378784276446, 28.373386757670076 ], [ -81.433775232241757, 28.373384205397205 ], [ -81.433761476764744, 28.373382464969119 ], [ -81.4337462739242, 28.373381202290357 ], [ -81.43372998066522, 28.373379825874455 ], [ -81.433713609396094, 28.373377638698518 ], [ -81.433698634836304, 28.373373993360072 ], [ -81.433686664069882, 28.373368408801351 ], [ -81.433679063347412, 28.373360630526033 ], [ -81.43367664678749, 28.373350640878243 ], [ -81.433679511331491, 28.373338640897622 ], [ -81.433687056714191, 28.37332502545874 ], [ -81.433698174103071, 28.373310361211114 ], [ -81.433711540027574, 28.373295360477464 ], [ -81.433725927312437, 28.373280833695389 ], [ -81.433740448062139, 28.373267605082024 ], [ -81.43375467201308, 28.373256391396627 ], [ -81.433768605813711, 28.373247665528446 ], [ -81.433782560568048, 28.373241544542264 ], [ -81.433796963390463, 28.373237745757304 ], [ -81.433812176501803, 28.373235639722502 ], [ -81.433828374739321, 28.373234398850514 ], [ -81.433845506029897, 28.373233205513326 ], [ -81.433863329737264, 28.373231457471196 ], [ -81.433881504866122, 28.373228903224472 ], [ -81.433899690241205, 28.37322565954711 ], [ -81.433917623003296, 28.373222102705711 ], [ -81.433935156168118, 28.373218670102396 ], [ -81.43395225383486, 28.373215643384775 ], [ -81.433968957135988, 28.373212993691865 ], [ -81.433985340798927, 28.373210349644928 ], [ -81.434001478426239, 28.373207105089648 ], [ -81.434017426718469, 28.373202631881163 ], [ -81.434033229052559, 28.37319652233575 ], [ -81.434048931129553, 28.373188772035668 ], [ -81.434064598194652, 28.373179832551397 ], [ -81.434080324739256, 28.373170509218859 ], [ -81.434096231942206, 28.373161735037151 ], [ -81.434112453016056, 28.373154297426741 ], [ -81.434129110201766, 28.37314861283598 ], [ -81.434146288699282, 28.373144627817265 ], [ -81.434164012803762, 28.373141879882258 ], [ -81.434182228943669, 28.373139693742768 ], [ -81.434200799900509, 28.373137439778088 ], [ -81.434219514112129, 28.373134759854384 ], [ -81.434238112734818, 28.373131679023057 ], [ -81.434256334063676, 28.373128565083121 ], [ -81.434273969752581, 28.373125955197501 ], [ -81.43429092118059, 28.373124318276592 ], [ -81.434307239713348, 28.373123845212664 ], [ -81.434323134348347, 28.373124347705112 ], [ -81.43433893618608, 28.373125304892675 ], [ -81.434355020990694, 28.373126041153672 ], [ -81.434371705739792, 28.373125969345942 ], [ -81.434389147430664, 28.373124809770083 ], [ -81.4344072771312, 28.373122704914017 ], [ -81.434425795903479, 28.373120189394346 ] ] ] } },
{ "type": "Feature", "properties": { "id": 39, "area_ha": 0.068189319423051897 }, "geometry": { "type": "Polygon", "coordinates": [ [ [ -81.433171150425196, 28.373908596908741 ], [ -81.433176882423396, 28.373909766288325 ], [ -81.43318261026856, 28.373911003223647 ], [ -81.433188326010537, 28.373912253369259 ], [ -81.433194024523601, 28.373913464268583 ], [ -81.433199703302094, 28.373914586646372 ], [ -81.433205362195636, 28.373915575616049 ], [ -81.433211003093831, 28.373916391768873 ], [ -81.433216629571092, 28.373917002114926 ], [ -81.433222246503888, 28.373917380850145 ], [ -81.433227859672485, 28.373917509928482 ], [ -81.433233475360339, 28.373917379423986 ], [ -81.433239099962904, 28.37391698767334 ], [ -81.433244739618445, 28.373916341195972 ], [ -81.433250399871383, 28.373915454394975 ], [ -81.433256085377863, 28.373914349048409 ], [ -81.433261799662048, 28.373913053606564 ], [ -81.433267544928995, 28.373911602316145 ], [ -81.433273321939126, 28.373910034197259 ], [ -81.433279129946371, 28.373908391903111 ], [ -81.433284966700299, 28.373906720495519 ], [ -81.433290828510764, 28.373905066171428 ], [ -81.433296710370954, 28.373903474976927 ], [ -81.43330260613358, 28.373901991545054 ], [ -81.433308508732722, 28.373900657892857 ], [ -81.43331441044289, 28.373899512311095 ], [ -81.43332030316536, 28.373898588376782 ], [ -81.433326178731477, 28.373897914115144 ], [ -81.433332029211755, 28.373897511332668 ], [ -81.433337847219789, 28.373897395137927 ], [ -81.433343626200042, 28.37389757366115 ], [ -81.43334936068959, 28.373898047977477 ], [ -81.433355046543994, 28.373898812233097 ], [ -81.433360681119538, 28.373899853967416 ], [ -81.433366263405063, 28.373901154618949 ], [ -81.433371794098107, 28.373902690197202 ], [ -81.43337727562222, 28.373904432098922 ], [ -81.433382712083841, 28.373906348042297 ], [ -81.433388109169414, 28.373908403090606 ], [ -81.433393473984438, 28.373910560734174 ], [ -81.433398814839293, 28.373912783998549 ], [ -81.433404140986511, 28.373915036546553 ], [ -81.433409462317513, 28.373917283742646 ], [ -81.433414789026457, 28.373919493649918 ], [ -81.43342013125077, 28.373921637932135 ], [ -81.433425498698071, 28.373923692637103 ], [ -81.433430900270025, 28.373925638840927 ], [ -81.433436343693231, 28.373927463137818 ], [ -81.433441835167514, 28.373929157964255 ], [ -81.433447379040985, 28.373930721751709 ], [ -81.43345297752073, 28.373932158907184 ], [ -81.433458630427197, 28.373933479625286 ], [ -81.433464334998419, 28.373934699540943 ], [ -81.433470085749519, 28.37393583923555 ], [ -81.433475874391135, 28.373936923613538 ], [ -81.433481689808843, 28.373937981169206 ], [ -81.433487518104172, 28.373939043166683 ], [ -81.433493342695897, 28.373940142756961 ], [ -81.433499144479569, 28.373941314057664 ], [ -81.433504902040895, 28.373942591220871 ], [ -81.433510591917909, 28.373944007514293 ], [ -81.433516188906054, 28.373945594439469 ], [ -81.433521666398434, 28.373947380909058 ], [ -81.433526996754196, 28.373949392502801 ], [ -81.433532151686393, 28.373951650818825 ], [ -81.433537102661262, 28.373954172933647 ], [ -81.433541821300366, 28.373956970980988 ], [ -81.433546279777829, 28.373960051855477 ], [ -81.433550451204653, 28.373963417044262 ], [ -81.43355430999344, 28.3739670625854 ], [ -81.433557832196968, 28.373970979149124 ], [ -81.43356099581527, 28.373975152234756 ], [ -81.433563781066766, 28.373979562473551 ], [ -81.433566170619912, 28.373984186025432 ], [ -81.433568149782857, 28.373988995056049 ], [ -81.433569706649706, 28.373993958279158 ], [ -81.433570832202648, 28.373999041548938 ], [ -81.433571520370776, 28.374004208486213 ], [ -81.433571768046136, 28.374009421123382 ], [ -81.43357157505946, 28.374014640553064 ], [ -81.433570944117903, 28.374019827566833 ], [ -81.433569880707566, 28.374024943271813 ], [ -81.433568392964503, 28.374029949674313 ], [ -81.433566491517624, 28.374034810221662 ], [ -81.433564189307276, 28.374039490295214 ], [ -81.433561501383366, 28.374043957649263 ], [ -81.433558444686767, 28.374048182792606 ], [ -81.43355503781757, 28.374052139310887 ], [ -81.43355130079398, 28.3740558041297 ], [ -81.43354725480485, 28.37405915771939 ], [ -81.433542921959017, 28.374062184243776 ], [ -81.433538325034519, 28.374064871655552 ], [ -81.433533487229923, 28.374067211742112 ], [ -81.433528431920621, 28.374069200125088 ], [ -81.43352318242205, 28.374070836217701 ], [ -81.43351776176182, 28.374072123143399 ], [ -81.433512192463169, 28.37407306761909 ], [ -81.433506496340897, 28.374073679805932 ], [ -81.433500694312158, 28.374073973130123 ], [ -81.433494806223266, 28.374073964075681 ], [ -81.433488850694459, 28.374073671950729 ], [ -81.433482844983942, 28.374073118628559 ], [ -81.433476804872683, 28.374072328264372 ], [ -81.433470744571324, 28.374071326988638 ], [ -81.43346467665036, 28.374070142578013 ], [ -81.433458611994439, 28.374068804105086 ], [ -81.433452559781685, 28.374067341568534 ], [ -81.433446527488343, 28.374065785506094 ], [ -81.433440520918893, 28.374064166593026 ], [ -81.433434544261274, 28.374062515230214 ], [ -81.433428600166437, 28.374060861126299 ], [ -81.433422689851042, 28.374059232879461 ], [ -81.433416813221513, 28.374057657565277 ], [ -81.433410969017174, 28.374056160337787 ], [ -81.433405154969648, 28.374054764051387 ], [ -81.433399367975568, 28.37405348891178 ], [ -81.433393604278379, 28.374052352164277 ], [ -81.433387859656023, 28.37405136782748 ], [ -81.433382129609299, 28.374050546480191 ], [ -81.433376409547236, 28.374049895108591 ], [ -81.433370694964637, 28.374049417019467 ], [ -81.433364981607198, 28.374049111824451 ], [ -81.433359265620496, 28.374048975497935 ], [ -81.433353543678464, 28.374049000510155 ], [ -81.433347813088531, 28.374049176034472 ], [ -81.43334207187003, 28.374049488226014 ], [ -81.433336318804749, 28.374049920566524 ], [ -81.433330553457409, 28.374050454268243 ], [ -81.433324776166728, 28.374051068727603 ], [ -81.433318988007116, 28.374051742017663 ], [ -81.433313190722941, 28.374052451406744 ], [ -81.43330738663785, 28.37405317388934 ], [ -81.433301578542597, 28.374053886714826 ], [ -81.433295769565831, 28.374054567898892 ], [ -81.433289963032735, 28.374055196702802 ], [ -81.43328416231725, 28.374055754066255 ], [ -81.433278370693856, 28.374056222980588 ], [ -81.433272591195063, 28.374056588790854 ], [ -81.433266826481045, 28.374056839416998 ], [ -81.433261078727327, 28.374056965487217 ], [ -81.433255349536395, 28.374056960378759 ], [ -81.433249639877957, 28.374056820164938 ], [ -81.433243950062376, 28.374056543469877 ], [ -81.433238279750384, 28.374056131235758 ], [ -81.433232628001164, 28.374055586410432 ], [ -81.433226993359582, 28.37405491356612 ], [ -81.433221373982249, 28.374054118462649 ], [ -81.433215767800149, 28.374053207570626 ], [ -81.433210172714865, 28.374052187572143 ], [ -81.43320458682355, 28.374051064857365 ], [ -81.433199008666904, 28.374049845036268 ], [ -81.433193437493046, 28.374048532484572 ], [ -81.433187873529533, 28.374047129942479 ], [ -81.433182318254737, 28.374045638182942 ], [ -81.433176774659813, 28.37404405576488 ], [ -81.433171247491714, 28.374042378883598 ], [ -81.433165743468365, 28.374040601327891 ], [ -81.433160271457155, 28.374038714549791 ], [ -81.433154842608815, 28.374036707849008 ], [ -81.433149470439517, 28.374034568670162 ], [ -81.433144170855428, 28.374032283006954 ], [ -81.433138962115308, 28.374029835903222 ], [ -81.433133864728532, 28.37402721203733 ], [ -81.433128901287333, 28.374024396372711 ], [ -81.433124096234451, 28.374021374854614 ], [ -81.433119475568873, 28.374018135130616 ], [ -81.433115066494324, 28.374014667270924 ], [ -81.433110897017272, 28.374010964463377 ], [ -81.433106995502214, 28.374007023658343 ], [ -81.43310339019439, 28.374002846138765 ], [ -81.433100108720382, 28.373998437992913 ], [ -81.433097177578702, 28.373993810469184 ], [ -81.433094621632705, 28.373988980195527 ], [ -81.433092463618607, 28.373983969250045 ], [ -81.433090723681246, 28.373978805073119 ], [ -81.433089418949862, 28.37397352021673 ], [ -81.433088563165171, 28.373968151931034 ], [ -81.433088166368236, 28.373962741593907 ], [ -81.433088234659635, 28.373957333993765 ], [ -81.433088770036392, 28.373951976481383 ], [ -81.433089770311369, 28.373946718010412 ], [ -81.43309122911856, 28.373941608090714 ], [ -81.433093136004715, 28.373936695681834 ], [ -81.43309547660597, 28.373932028056451 ], [ -81.433098232905579, 28.373927649665532 ], [ -81.433101383566907, 28.373923601037518 ], [ -81.433104904333689, 28.373919917743851 ], [ -81.433108768487685, 28.373916629461771 ], [ -81.433112947352427, 28.373913759163266 ], [ -81.433117410830704, 28.373911322456042 ], [ -81.433122127961965, 28.373909327098215 ], [ -81.43312706748614, 28.373907772704086 ], [ -81.433132198399576, 28.373906650652899 ], [ -81.433137490489358, 28.373905944206825 ], [ -81.433142914833184, 28.373905628838656 ], [ -81.433148444252623, 28.373905672763357 ], [ -81.433154053709046, 28.373906037661769 ], [ -81.433159720633711, 28.373906679579417 ], [ -81.433165425184541, 28.373907549977435 ], [ -81.433171150425196, 28.373908596908741 ] ] ] } },
{ "type": "Feature", "properties": { "id": 40, "area_ha": 0.012131589707346218 }, "geometry": { "type": "Polygon", "coordinates": [ [ [ -81.433513269308605, 28.374366417496173 ], [ -81.433515573873564, 28.374366688538199 ], [ -81.433517800024561, 28.374366977123962 ], [ -81.433519946506436, 28.374367266973461 ], [ -81.433522015659079, 28.374367541744753 ], [ -81.433524013149182, 28.374367785454982 ], [ -81.433525947597886, 28.374367982916421 ], [ -81.433527830118749, 28.374368120174406 ], [ -81.433529673783482, 28.374368184933541 ], [ -81.433531493034835, 28.374368166958131 ], [ -81.433533303067165, 28.374368058433092 ], [ -81.43353511919625, 28.374367854272332 ], [ -81.433536956239394, 28.374367552362781 ], [ -81.433538827926512, 28.374367153733871 ], [ -81.433540746361203, 28.374366662644373 ], [ -81.433542721548719, 28.374366086580856 ], [ -81.433544761005365, 28.374365436164734 ], [ -81.433546869460571, 28.374364724967698 ], [ -81.433549048659927, 28.374363969238253 ], [ -81.43355129727334, 28.374363187545161 ], [ -81.433553610909598, 28.374362400346119 ], [ -81.433555982234282, 28.374361629493023 ], [ -81.433558401185138, 28.374360897687065 ], [ -81.433560855275616, 28.374360227899142 ], [ -81.43356332997449, 28.37435964277239 ], [ -81.433565809147211, 28.374359164024455 ], [ -81.433568275543266, 28.374358811867857 ], [ -81.433570711311845, 28.374358604466046 ], [ -81.433573098528427, 28.374358557442491 ], [ -81.433575419714245, 28.374358683458233 ], [ -81.433577658331899, 28.374358991871837 ], [ -81.433579799240945, 28.374359488492878 ], [ -81.433581829099722, 28.374360175437666 ], [ -81.433583736701209, 28.374361051092261 ], [ -81.433585513233865, 28.374362110185022 ], [ -81.433587152460589, 28.374363343966987 ], [ -81.433588650812581, 28.374364740495089 ], [ -81.433590007397157, 28.37436628500997 ], [ -81.433591223922022, 28.374367960396711 ], [ -81.433592304541207, 28.374369747714344 ], [ -81.433593255630129, 28.374371626777464 ], [ -81.433594085499806, 28.37437357677144 ], [ -81.433594804061613, 28.374375576881629 ], [ -81.433595422455653, 28.374377606916301 ], [ -81.433595952656447, 28.374379647902952 ], [ -81.433596407069828, 28.374381682638624 ], [ -81.433596798135142, 28.374383696176139 ], [ -81.433597137945483, 28.374385676230148 ], [ -81.433597437898385, 28.374387613489343 ], [ -81.433597708386912, 28.374389501824471 ], [ -81.433597958540219, 28.374391338384925 ], [ -81.433598196019645, 28.374393123580408 ], [ -81.433598426874639, 28.374394860948051 ], [ -81.433598655460358, 28.374396556909133 ], [ -81.433598884416426, 28.374398220423124 ], [ -81.43359911470391, 28.374399862550586 ], [ -81.433599345696123, 28.374401495939157 ], [ -81.433599575316194, 28.374403134249945 ], [ -81.433599800213713, 28.37440479154337 ], [ -81.433600015971237, 28.374406481645345 ], [ -81.43360021733092, 28.374408217515271 ], [ -81.433600398430912, 28.374410010637458 ], [ -81.433600553042012, 28.374411870457113 ], [ -81.433600674794903, 28.374413803880486 ], [ -81.433600757389613, 28.374415814857102 ], [ -81.433600794779906, 28.374417904059019 ], [ -81.433600781326845, 28.374420068669398 ], [ -81.433600711917506, 28.374422302288835 ], [ -81.433600582046594, 28.374424594964168 ], [ -81.433600387860281, 28.374426933340548 ], [ -81.433600126163952, 28.374429300933421 ], [ -81.433599794396628, 28.374431678513094 ], [ -81.433599390576632, 28.374434044590934 ], [ -81.433598913224358, 28.37443637599257 ], [ -81.43359836126865, 28.374438648500835 ], [ -81.433597733944225, 28.374440837548523 ], [ -81.433597030687622, 28.374442918939327 ], [ -81.433596251039134, 28.374444869574241 ], [ -81.433595394557585, 28.374446668160516 ], [ -81.433594460754051, 28.374448295880246 ], [ -81.433593449049766, 28.374449736997235 ], [ -81.433592358761388, 28.374450979382324 ], [ -81.433591189116257, 28.374452014939941 ], [ -81.433589939297477, 28.374452839921585 ], [ -81.433588608518193, 28.374453455115507 ], [ -81.433587196121323, 28.374453865905696 ], [ -81.433585701700821, 28.374454082197172 ], [ -81.433584125238326, 28.374454118209044 ], [ -81.433582467247987, 28.374453992140651 ], [ -81.433580728921712, 28.374453725720084 ], [ -81.433578912266555, 28.374453343648263 ], [ -81.433577020225329, 28.374452872954642 ], [ -81.433575056772909, 28.374452342283636 ], [ -81.4335730269799, 28.374451781132681 ], [ -81.433570937037814, 28.374451219064667 ], [ -81.433568794240287, 28.374450684917743 ], [ -81.433566606917125, 28.374450206035966 ], [ -81.433564384319368, 28.374449807543147 ], [ -81.433562136456217, 28.374449511681085 ], [ -81.433559873886281, 28.37444933723118 ], [ -81.433557607467975, 28.374449299035746 ], [ -81.433555348075913, 28.374449407632277 ], [ -81.433553106291896, 28.374449669010279 ], [ -81.433550892080788, 28.374450084496665 ], [ -81.433548714462688, 28.374450650771422 ], [ -81.433546581193752, 28.374451360011747 ], [ -81.433544498468308, 28.374452200158604 ], [ -81.433542470654928, 28.374453155296198 ], [ -81.433540500078536, 28.37445420613172 ], [ -81.433538586859385, 28.374455330559485 ], [ -81.43353672881841, 28.374456504291828 ], [ -81.433534921456584, 28.374457701536851 ], [ -81.433533158013091, 28.374458895702617 ], [ -81.433531429605267, 28.374460060106419 ], [ -81.433529725449674, 28.374461168668553 ], [ -81.433528033161352, 28.374462196570565 ], [ -81.433526339125038, 28.374463120859655 ], [ -81.433524628929391, 28.374463920982947 ], [ -81.433522887852533, 28.374464579237944 ], [ -81.433521101385338, 28.374465081128236 ], [ -81.433519255776289, 28.374465415616935 ], [ -81.433517338580927, 28.374465575273607 ], [ -81.433515339197669, 28.374465556313751 ], [ -81.433513249371828, 28.374465358533438 ], [ -81.433511063649348, 28.374464985144776 ], [ -81.433508779763741, 28.374464442520846 ], [ -81.433506398940295, 28.374463739861156 ], [ -81.433503926104521, 28.374462888791122 ], [ -81.433501369983958, 28.374461902910188 ], [ -81.433498743096095, 28.374460797304899 ], [ -81.433496061618087, 28.374459588043159 ], [ -81.433493345138146, 28.374458291666333 ], [ -81.433490616291863, 28.374456924695163 ], [ -81.433487900291041, 28.374455503164111 ], [ -81.433485224355707, 28.374454042197669 ], [ -81.433482617063788, 28.374452555639905 ], [ -81.433480107636072, 28.374451055746356 ], [ -81.433477725175919, 28.374449552945087 ], [ -81.433475497886235, 28.374448055670754 ], [ -81.433473452286336, 28.374446570273438 ], [ -81.433471612452749, 28.374445101000838 ], [ -81.433469999307562, 28.374443650050434 ], [ -81.433468629976758, 28.374442217685878 ], [ -81.43346751723962, 28.374440802409815 ], [ -81.433466669087707, 28.374439401184031 ], [ -81.433466088409048, 28.374438009686525 ], [ -81.433465772809456, 28.374436622594384 ], [ -81.433465714578873, 28.374435233881069 ], [ -81.433465900806624, 28.374433837116847 ], [ -81.433466313644644, 28.374432425761665 ], [ -81.43346693071318, 28.37443099344063 ], [ -81.433467725639403, 28.374429534193624 ], [ -81.433468668714823, 28.374428042691868 ], [ -81.433469727653829, 28.374426514416232 ], [ -81.433470868432181, 28.374424945793717 ], [ -81.433472056181984, 28.374423334290373 ], [ -81.433473256117225, 28.374421678461026 ], [ -81.433474434463349, 28.374419977957537 ], [ -81.433475559363615, 28.374418233499274 ], [ -81.433476601735663, 28.374416446810429 ], [ -81.433477536052891, 28.374414620530246 ], [ -81.433478341027737, 28.374412758102686 ], [ -81.433479000176263, 28.374410863652564 ], [ -81.433479502247636, 28.374408941855481 ], [ -81.433479841505388, 28.374406997808137 ], [ -81.433480017852347, 28.374405036905593 ], [ -81.433480036795729, 28.374403064730888 ], [ -81.433479909253407, 28.374401086961338 ], [ -81.433479651207662, 28.374399109294838 ], [ -81.433479283216727, 28.374397137397754 ], [ -81.433478829799569, 28.374395176875009 ], [ -81.433478318712019, 28.374393233261106 ], [ -81.433477780136812, 28.374391312029932 ], [ -81.433477245811503, 28.374389418619685 ], [ -81.433476748120967, 28.374387558468435 ], [ -81.433476319181253, 28.374385737055128 ], [ -81.433475989942394, 28.37438395994025 ], [ -81.433475789336342, 28.374382232800297 ], [ -81.433475743495251, 28.37438056145043 ], [ -81.433475875062314, 28.374378951849934 ], [ -81.433476202614941, 28.374377410086151 ], [ -81.433476740215752, 28.374375942333362 ], [ -81.433477497103539, 28.374374554784399 ], [ -81.433478477531111, 28.374373253554335 ], [ -81.433479680752725, 28.374372044556722 ], [ -81.433481101159344, 28.374370933355031 ], [ -81.433482728554679, 28.374369924992848 ], [ -81.433484548561509, 28.374369023808161 ], [ -81.433486543143189, 28.374368233238499 ], [ -81.433488691222237, 28.374367555624168 ], [ -81.433490969375029, 28.374366992018309 ], [ -81.433493352579362, 28.374366542012368 ], [ -81.433495814990764, 28.374366203585947 ], [ -81.433498330722387, 28.374365972989686 ], [ -81.433500874604093, 28.37436584466915 ], [ -81.433503422897076, 28.37436581123654 ], [ -81.433505953942458, 28.374365863495978 ], [ -81.433508448724481, 28.374365990526034 ], [ -81.433510891332446, 28.374366179821799 ], [ -81.433513269308605, 28.374366417496173 ] ] ] } },
{ "type": "Feature", "properties": { "id": 41, "area_ha": 0.049678800882934332 }, "geometry": { "type": "Polygon", "coordinates": [ [ [ -81.433905200582799, 28.374352503187538 ], [ -81.433910928713757, 28.374352215063549 ], [ -81.433916701993269, 28.374352236209674 ], [ -81.433922493666984, 28.374352543043489 ], [ -81.433928280443311, 28.374353106236661 ], [ -81.433934042727088, 28.374353891381549 ], [ -81.433939764756104, 28.374354859823615 ], [ -81.433945434639043, 28.37435596963909 ], [ -81.433951044296322, 28.374357176732016 ], [ -81.433956589307826, 28.374358436019929 ], [ -81.43396206867429, 28.374359702673463 ], [ -81.433967484500684, 28.374360933372508 ], [ -81.433972841613041, 28.374362087539918 ], [ -81.433978147120854, 28.374363128513185 ], [ -81.433983409939117, 28.374364024616035 ], [ -81.433988640284838, 28.374364750093786 ], [ -81.433993849163087, 28.374365285880202 ], [ -81.433999047858251, 28.374365620168426 ], [ -81.434004247444861, 28.374365748764262 ], [ -81.434009458332511, 28.374365675207091 ], [ -81.434014689857079, 28.374365410650867 ], [ -81.434019949929748, 28.374364973505472 ], [ -81.434025244752775, 28.374364388846814 ], [ -81.43403057860867, 28.374363687611652 ], [ -81.434035953727843, 28.374362905600599 ], [ -81.434041370236102, 28.374362082319607 ], [ -81.434046826181913, 28.374361259695956 ], [ -81.434052317640067, 28.37436048070952 ], [ -81.434057838886474, 28.37435978798349 ], [ -81.434063382636324, 28.374359222380832 ], [ -81.434068940336161, 28.374358821652994 ], [ -81.434074502498575, 28.37435861918636 ], [ -81.434080059067227, 28.37435864288933 ], [ -81.434085599798621, 28.374358914258544 ], [ -81.43409111464743, 28.374359447657451 ], [ -81.434096594140925, 28.374360249833405 ], [ -81.434102029730099, 28.374361319692152 ], [ -81.434107414104389, 28.374362648339474 ], [ -81.434112741459174, 28.374364219391619 ], [ -81.434118007706445, 28.374366009546403 ], [ -81.434123210620882, 28.374367989398269 ], [ -81.434128349915923, 28.374370124472076 ], [ -81.434133427246351, 28.374372376442494 ], [ -81.434138446136672, 28.374374704499498 ], [ -81.434143411836686, 28.374377066814588 ], [ -81.434148331108133, 28.374379422058688 ], [ -81.434153211948498, 28.374381730920231 ], [ -81.43415806326, 28.374383957571109 ], [ -81.434162894473758, 28.37438607102953 ], [ -81.434167715140219, 28.374388046371347 ], [ -81.434172534498543, 28.374389865746245 ], [ -81.434177361037811, 28.374391519160927 ], [ -81.434182202063838, 28.374393004998925 ], [ -81.434187063284625, 28.374394330255171 ], [ -81.434191948427667, 28.37439551047267 ], [ -81.434196858900748, 28.3743965693786 ], [ -81.434201793507398, 28.374397538227104 ], [ -81.43420674822579, 28.374398454866057 ], [ -81.434211716058925, 28.374399362554417 ], [ -81.434216686960895, 28.374400308565832 ], [ -81.434221647843017, 28.374401342621052 ], [ -81.434226582660173, 28.374402515198955 ], [ -81.434231472576514, 28.374403875779748 ], [ -81.434236296206379, 28.374405471077495 ], [ -81.434241029925545, 28.374407343319959 ], [ -81.434245648244271, 28.374409528633056 ], [ -81.434250124233728, 28.374412055584557 ], [ -81.43425442999461, 28.374414943937051 ], [ -81.43425853715641, 28.374418203654184 ], [ -81.434262417394905, 28.374421834196401 ], [ -81.434266042954732, 28.374425824133514 ], [ -81.434269387164534, 28.374430151091534 ], [ -81.434272424931947, 28.374434782040634 ], [ -81.43427513320654, 28.374439673920378 ], [ -81.434277491400053, 28.374444774587225 ], [ -81.434279481754146, 28.374450024059403 ], [ -81.434281089647925, 28.374455356023958 ], [ -81.43428230383843, 28.374460699562732 ], [ -81.434283116630169, 28.374465981046299 ], [ -81.434283523970478, 28.374471126139472 ], [ -81.434283525470704, 28.374476061857887 ], [ -81.434283124353726, 28.374480718613164 ], [ -81.434282327331559, 28.374485032184204 ], [ -81.434281144417284, 28.37448894555401 ], [ -81.434279588677725, 28.374492410555238 ], [ -81.434277675934254, 28.374495389273427 ], [ -81.43427542442052, 28.374497855164186 ], [ -81.434272854406018, 28.374499793849047 ], [ -81.434269987795531, 28.374501203564783 ], [ -81.43426684771444, 28.374502095251419 ], [ -81.434263458089873, 28.374502492275209 ], [ -81.434259843237015, 28.374502429794042 ], [ -81.434256027460094, 28.374501953783682 ], [ -81.434252034676007, 28.374501119753639 ], [ -81.434247888067915, 28.374499991190575 ], [ -81.434243609775223, 28.374498637775748 ], [ -81.434239220624704, 28.374497133429454 ], [ -81.434234739906643, 28.374495554240472 ], [ -81.434230185198388, 28.374493976341906 ], [ -81.434225572236386, 28.374492473795865 ], [ -81.434220914836601, 28.374491116549102 ], [ -81.434216224861956, 28.374489968518755 ], [ -81.434211512234555, 28.374489085863395 ], [ -81.434206784989115, 28.374488515488199 ], [ -81.434202049363947, 28.374488293825703 ], [ -81.43419730992413, 28.374488445925003 ], [ -81.43419256971228, 28.374488984872443 ], [ -81.434187830421067, 28.374489911556683 ], [ -81.43418309258179, 28.374491214780676 ], [ -81.434178355763677, 28.374492871712398 ], [ -81.434173618778075, 28.374494848656447 ], [ -81.434168879882478, 28.374497102118973 ], [ -81.434164136979575, 28.374499580130315 ], [ -81.434159387806716, 28.374502223782496 ], [ -81.434154630112261, 28.374504968933095 ], [ -81.43414986181503, 28.374507748022943 ], [ -81.434145081144706, 28.374510491952812 ], [ -81.434140286760424, 28.374513131963525 ], [ -81.434135477846525, 28.374515601465312 ], [ -81.434130654184273, 28.374517837764564 ], [ -81.434125816198929, 28.374519783641009 ], [ -81.434120964982654, 28.374521388733662 ], [ -81.434116102293103, 28.374522610700762 ], [ -81.434111230529354, 28.374523416127058 ], [ -81.434106352685745, 28.374523781159468 ], [ -81.434101472285661, 28.374523691861793 ], [ -81.4340965932969, 28.374523144287071 ], [ -81.43409172003085, 28.374522144275392 ], [ -81.434086857027737, 28.374520706992737 ], [ -81.434082008930488, 28.374518856233728 ], [ -81.434077180350059, 28.374516623517636 ], [ -81.434072375724895, 28.374514047012084 ], [ -81.434067599177624, 28.374511170322812 ], [ -81.434062854372272, 28.374508041190431 ], [ -81.43405814437503, 28.374504710136129 ], [ -81.434053471522105, 28.374501229098133 ], [ -81.434048837297979, 28.374497650098867 ], [ -81.434044242227372, 28.37449402398023 ], [ -81.434039685784569, 28.374490399239978 ], [ -81.434035166323056, 28.374486820997749 ], [ -81.434030681028787, 28.374483330113325 ], [ -81.434026225899885, 28.374479962473711 ], [ -81.434021795755498, 28.374476748459397 ], [ -81.434017384275535, 28.374473712593495 ], [ -81.434012984073462, 28.37447087337139 ], [ -81.434008586802847, 28.374468243262839 ], [ -81.434004183298086, 28.374465828873117 ], [ -81.433999763749156, 28.374463631245568 ], [ -81.43399531790871, 28.374461646284129 ], [ -81.433990835330007, 28.374459865272406 ], [ -81.433986305632175, 28.374458275463645 ], [ -81.433981718789198, 28.374456860716371 ], [ -81.433977065437645, 28.374455602150139 ], [ -81.433972337197545, 28.374454478798206 ], [ -81.433967527000036, 28.374453468235604 ], [ -81.433962629414353, 28.37445254716464 ], [ -81.433957640967037, 28.374451691943065 ], [ -81.433952560444595, 28.374450879044513 ], [ -81.433947389172133, 28.374450085444533 ], [ -81.433942131259101, 28.374449288930148 ], [ -81.433936793804662, 28.37444846833446 ], [ -81.433931387054642, 28.374447603701682 ], [ -81.433925924503797, 28.374446676390985 ], [ -81.433920422936851, 28.374445669130139 ], [ -81.433914902404155, 28.374444566031517 ], [ -81.433909386127937, 28.374443352584429 ], [ -81.433903900337583, 28.374442015637356 ], [ -81.433898474033583, 28.374440543383702 ], [ -81.433893138681299, 28.37443892536281 ], [ -81.433887927838185, 28.374437152486369 ], [ -81.433882876719181, 28.374435217097453 ], [ -81.43387802170713, 28.374433113066605 ], [ -81.433873399816733, 28.374430835926116 ], [ -81.433869048121792, 28.374428383040051 ], [ -81.433865003157166, 28.374425753804406 ], [ -81.433861300307584, 28.374422949868553 ], [ -81.433857973196453, 28.374419975366457 ], [ -81.433855053088436, 28.374416837143684 ], [ -81.433852568318912, 28.374413544964984 ], [ -81.433850543764478, 28.374410111685975 ], [ -81.433849000366763, 28.374406553372754 ], [ -81.433847954721912, 28.3744028893537 ], [ -81.433847418746041, 28.374399142189606 ], [ -81.433847399425943, 28.37439533755046 ], [ -81.43384789866198, 28.374391503990335 ], [ -81.433848913208422, 28.374387672615516 ], [ -81.433850434713875, 28.374383876645169 ], [ -81.433852449861917, 28.374380150868145 ], [ -81.433854940610431, 28.37437653100422 ], [ -81.433857884524159, 28.374373052982492 ], [ -81.433861255194302, 28.374369752153768 ], [ -81.433865022735503, 28.374366662457874 ], [ -81.433869154349168, 28.374363815569541 ], [ -81.433873614940211, 28.374361240049538 ], [ -81.433878367772635, 28.374358960528479 ], [ -81.433883375148952, 28.374356996952141 ], [ -81.43388859909696, 28.374355363915871 ], [ -81.433894002047992, 28.37435407011451 ], [ -81.433899547490327, 28.374353117931534 ], [ -81.433905200582799, 28.374352503187538 ] ] ] } },
{ "type": "Feature", "properties": { "id": 42, "area_ha": 0.0088694909519651567 }, "geometry": { "type": "Polygon", "coordinates": [ [ [ -81.43320577299292, 28.374396495758486 ], [ -81.433207683268648, 28.374396588631704 ], [ -81.433209581158138, 28.374396797086749 ], [ -81.433211454930529, 28.374397122226828 ], [ -81.433213292558975, 28.374397564260605 ], [ -81.433215082008317, 28.374398122447431 ], [ -81.433216811541413, 28.374398795061953 ], [ -81.433218470035087, 28.374399579379499 ], [ -81.433220047294341, 28.374400471683316 ], [ -81.433221534354388, 28.374401467294017 ], [ -81.4332229237598, 28.374402560620929 ], [ -81.43322420981066, 28.374403745234495 ], [ -81.433225388766672, 28.37440501395816 ], [ -81.433226459001162, 28.374406358977588 ], [ -81.433227421098778, 28.374407771964851 ], [ -81.433228277892184, 28.37440924421422 ], [ -81.433229034435257, 28.374410766786536 ], [ -81.433229697911855, 28.374412330658416 ], [ -81.433230277482153, 28.374413926872652 ], [ -81.433230784069778, 28.374415546686052 ], [ -81.433231230095316, 28.374417181711227 ], [ -81.433231629163771, 28.374418824048806 ], [ -81.433231995714394, 28.374420466407081 ], [ -81.433232344643585, 28.374422102206275 ], [ -81.433232690911439, 28.374423725665331 ], [ -81.433233049144036, 28.374425331869361 ], [ -81.433233433242847, 28.374426916816663 ], [ -81.433233856013487, 28.374428477444731 ], [ -81.433234328824298, 28.374430011635177 ], [ -81.433234861305223, 28.374431518198197 ], [ -81.43323546109589, 28.374432996837697 ], [ -81.433236133649757, 28.374434448098548 ], [ -81.433236882100374, 28.374435873298072 ], [ -81.433237707192816, 28.374437274444062 ], [ -81.433238607281979, 28.374438654141986 ], [ -81.433239578396993, 28.374440015494091 ], [ -81.433240614369112, 28.37444136199332 ], [ -81.433241707018198, 28.374442697414885 ], [ -81.433242846391579, 28.374444025708357 ], [ -81.433244021046875, 28.374445350892643 ], [ -81.433245218369933, 28.374446676956488 ], [ -81.433246424917002, 28.374448007766308 ], [ -81.433247626770779, 28.374449346983177 ], [ -81.433248809898885, 28.374450697990277 ], [ -81.433249960503773, 28.374452063831644 ], [ -81.433251065353687, 28.374453447162786 ], [ -81.433252112085, 28.374454850213294 ], [ -81.433253089467243, 28.374456274761119 ], [ -81.433253987623999, 28.37445772211802 ], [ -81.433254798203876, 28.374459193125286 ], [ -81.433255514498285, 28.374460688158571 ], [ -81.433256131503811, 28.374462207140738 ], [ -81.433256645929617, 28.374463749561105 ], [ -81.433257056151589, 28.374465314499997 ], [ -81.433257362117146, 28.374466900656866 ], [ -81.433257565205821, 28.374468506381 ], [ -81.433257668052391, 28.374470129703326 ], [ -81.433257674340382, 28.374471768368544 ], [ -81.433257588574136, 28.374473419866572 ], [ -81.43325741583908, 28.374475081462798 ], [ -81.433257161558743, 28.374476750226712 ], [ -81.433256831257978, 28.374478423058815 ], [ -81.433256430340492, 28.374480096715637 ], [ -81.433255963888683, 28.374481767833494 ], [ -81.433255436491919, 28.374483432950782 ], [ -81.433254852109087, 28.374485088529976 ], [ -81.433254213968766, 28.374486730979168 ], [ -81.433253524509439, 28.374488356674295 ], [ -81.433252785360537, 28.374489961982224 ], [ -81.433251997363016, 28.374491543285338 ], [ -81.433251160627321, 28.374493097007811 ], [ -81.433250274624484, 28.374494619643883 ], [ -81.433249338305544, 28.374496107788016 ], [ -81.433248350242806, 28.374497558166887 ], [ -81.433247308786335, 28.374498967672515 ], [ -81.43324621222834, 28.374500333396231 ], [ -81.433245058967657, 28.374501652662378 ], [ -81.433243847667526, 28.374502923061012 ], [ -81.433242577399213, 28.374504142478273 ], [ -81.433241247765721, 28.374505309123357 ], [ -81.433239859000111, 28.374506421550784 ], [ -81.433238412034612, 28.374507478676726 ], [ -81.433236908537495, 28.374508479788343 ], [ -81.433235350916675, 28.374509424544971 ], [ -81.433233742289872, 28.374510312970457 ], [ -81.433232086423359, 28.374511145436028 ], [ -81.433230387641785, 28.374511922633399 ], [ -81.433228650713616, 28.374512645538111 ], [ -81.433226880717342, 28.374513315363664 ], [ -81.433225082894793, 28.374513933506897 ], [ -81.433223262498117, 28.374514501486029 ], [ -81.433221424637495, 28.374515020872582 ], [ -81.433219574136984, 28.374515493219011 ], [ -81.433217715405007, 28.374515919984113 ], [ -81.433215852325958, 28.374516302458364 ], [ -81.433213988178352, 28.374516641691624 ], [ -81.433212125583751, 28.374516938425618 ], [ -81.433210266490008, 28.374517193033611 ], [ -81.433208412190083, 28.374517405469692 ], [ -81.433206563376885, 28.374517575229728 ], [ -81.433204720232808, 28.374517701325892 ], [ -81.433202882551171, 28.374517782276367 ], [ -81.433201049884914, 28.37451781611129 ], [ -81.43319922171753, 28.374517800395655 ], [ -81.433197397648996, 28.374517732269268 ], [ -81.433195577589416, 28.37451760850346 ], [ -81.433193761952211, 28.374517425573572 ], [ -81.433191951838225, 28.374517179745784 ], [ -81.433190149202645, 28.374516867176307 ], [ -81.433188356996382, 28.374516484020479 ], [ -81.433186579274746, 28.374516026548992 ], [ -81.43318482126692, 28.374515491268024 ], [ -81.433183089401254, 28.374514875039896 ], [ -81.433181391282645, 28.374514175200709 ], [ -81.433179735619859, 28.374513389671449 ], [ -81.433178132103009, 28.374512517058953 ], [ -81.433176591232353, 28.374511556743595 ], [ -81.433175124102249, 28.374510508950596 ], [ -81.433173742145186, 28.374509374802408 ], [ -81.433172456842996, 28.374508156350107 ], [ -81.433171279413358, 28.374506856582187 ], [ -81.43317022048096, 28.374505479409958 ], [ -81.433169289743802, 28.374504029629275 ], [ -81.433168495645234, 28.374502512859024 ], [ -81.433167845062925, 28.374500935457501 ], [ -81.433167343025247, 28.374499304418684 ], [ -81.433166992465587, 28.374497627250499 ], [ -81.433166794023606, 28.374495911838327 ], [ -81.433166745901516, 28.374494166297136 ], [ -81.433166843781819, 28.374492398816031 ], [ -81.433167080810932, 28.374490617499347 ], [ -81.433167447651655, 28.374488830208495 ], [ -81.433167932604576, 28.374487044408848 ], [ -81.433168521796958, 28.374485267025797 ], [ -81.43316919943527, 28.374483504313783 ], [ -81.433169948115406, 28.374481761742032 ], [ -81.433170749182793, 28.374480043899847 ], [ -81.433171583133074, 28.374478354424188 ], [ -81.43317243004239, 28.374476695951202 ], [ -81.433173270015416, 28.374475070093112 ], [ -81.433174083638832, 28.374473477440787 ], [ -81.433174852427044, 28.37447191759172 ], [ -81.433175559247772, 28.37447038920245 ], [ -81.433176188715308, 28.374468890063739 ], [ -81.43317672754003, 28.374467417196048 ], [ -81.433177164824571, 28.374465966962521 ], [ -81.433177492298043, 28.37446453519604 ], [ -81.433177704482048, 28.374463117336564 ], [ -81.43317779878403, 28.374461708574831 ], [ -81.433177775515801, 28.374460303998234 ], [ -81.433177637837503, 28.374458898734819 ], [ -81.433177391629215, 28.374457488091423 ], [ -81.433177045295068, 28.374456067682168 ], [ -81.433176609506035, 28.374454633544108 ], [ -81.433176096890321, 28.374453182237037 ], [ -81.433175521680752, 28.374451710925193 ], [ -81.433174899330837, 28.374450217439211 ], [ -81.433174246110667, 28.37444870031721 ], [ -81.43317357869573, 28.374447158824687 ], [ -81.433172913760345, 28.374445592953677 ], [ -81.433172267588048, 28.374444003402029 ], [ -81.433171655709842, 28.374442391534426 ], [ -81.433171092580309, 28.374440759327463 ], [ -81.433170591300325, 28.374439109301189 ], [ -81.433170163392873, 28.374437444440282 ], [ -81.433169818637111, 28.374435768108 ], [ -81.433169564963379, 28.374434083956352 ], [ -81.433169408409796, 28.374432395835804 ], [ -81.433169353139306, 28.374430707707948 ], [ -81.433169401513396, 28.374429023564133 ], [ -81.433169554217471, 28.374427347352842 ], [ -81.433169810430726, 28.37442568291813 ], [ -81.433170168032461, 28.374424033951076 ], [ -81.433170623835125, 28.374422403955453 ], [ -81.433171173834296, 28.374420796228346 ], [ -81.433171813465023, 28.374419213855845 ], [ -81.43317253785429, 28.374417659723285 ], [ -81.433173342059561, 28.374416136538954 ], [ -81.43317422128446, 28.374414646869532 ], [ -81.433175171063354, 28.374413193185351 ], [ -81.433176187408463, 28.37441177791279 ], [ -81.433177266914399, 28.374410403491101 ], [ -81.433178406816992, 28.374409072430659 ], [ -81.433179605005122, 28.374407787369606 ], [ -81.43318085998628, 28.374406551125762 ], [ -81.433182170808294, 28.374405366741037 ], [ -81.433183536941769, 28.374404237515659 ], [ -81.433184958128919, 28.374403167029929 ], [ -81.433186434206334, 28.374402159151799 ], [ -81.433187964909948, 28.374401218028702 ], [ -81.43318954967144, 28.374400348063272 ], [ -81.433191187415559, 28.374399553872429 ], [ -81.433192876368253, 28.374398840230626 ], [ -81.433194613884339, 28.374398211998042 ], [ -81.433196396304027, 28.374397674035624 ], [ -81.433198218845277, 28.374397231109004 ], [ -81.433200075538579, 28.374396887784002 ], [ -81.433201959208802, 28.374396648316623 ], [ -81.433203861506925, 28.374396516540994 ], [ -81.43320577299292, 28.374396495758486 ] ] ] } },
{ "type": "Feature", "properties": { "id": 43, "area_ha": 1.6570489884412414 }, "geometry": { "type": "Polygon", "coordinates": [ [ [ -81.432546915583956, 28.374713847187884 ], [ -81.432578132615504, 28.374713466265749 ], [ -81.432609010653081, 28.374713599340375 ], [ -81.432639753083592, 28.374714128710281 ], [ -81.432670728595212, 28.374714627682465 ], [ -81.432702145846932, 28.3747145091364 ], [ -81.432733793473446, 28.37471343758774 ], [ -81.432765082902762, 28.374711630886463 ], [ -81.432795400749598, 28.374709601143739 ], [ -81.432824523751393, 28.374707450947941 ], [ -81.432852783780675, 28.374704499072564 ], [ -81.432880854623562, 28.374699911619306 ], [ -81.432909323079386, 28.374694018633118 ], [ -81.432938369131875, 28.374689019347056 ], [ -81.432967778493193, 28.374687970007315 ], [ -81.432997229643874, 28.374692428120635 ], [ -81.433026576765741, 28.374700634016065 ], [ -81.433055882096184, 28.37470808150265 ], [ -81.433085205756427, 28.374710480486481 ], [ -81.433114401657249, 28.374706936315366 ], [ -81.433143163236238, 28.374700690890332 ], [ -81.43317130796423, 28.374696636474269 ], [ -81.433199026547058, 28.374697530232215 ], [ -81.433226818848794, 28.374702007813323 ], [ -81.43325512181471, 28.374705999684505 ], [ -81.43328394540751, 28.374706252385799 ], [ -81.433312860090581, 28.374702903116916 ], [ -81.433341370965906, 28.37469899122862 ], [ -81.43336934936373, 28.37469753499704 ], [ -81.433397129349117, 28.374698872633275 ], [ -81.43342519333298, 28.37470055618957 ], [ -81.433453769274365, 28.374699686957623 ], [ -81.433482743510197, 28.374695450135185 ], [ -81.433511960528207, 28.37468963594452 ], [ -81.433541558819684, 28.374684936507997 ], [ -81.433571922185052, 28.374682806044213 ], [ -81.433603215939584, 28.374682836210685 ], [ -81.433634957811748, 28.374683939101399 ], [ -81.433666138209034, 28.374685869100809 ], [ -81.433695926357274, 28.374689444488133 ], [ -81.433724400564458, 28.374695299423479 ], [ -81.433752618532523, 28.374702558997079 ], [ -81.433781876768009, 28.374708924658343 ], [ -81.433812740036402, 28.374712235378318 ], [ -81.43384466163829, 28.37471208060709 ], [ -81.433876504100766, 28.374709959546283 ], [ -81.433907462047017, 28.374707864043867 ], [ -81.43393754454145, 28.37470663656428 ], [ -81.433967228509388, 28.374705598878222 ], [ -81.433996714540314, 28.374703671608216 ], [ -81.434025600626342, 28.374700789422654 ], [ -81.43405334961119, 28.374698221066954 ], [ -81.434080084407938, 28.374697552074444 ], [ -81.434106840065667, 28.374699405568556 ], [ -81.434134866134229, 28.374703182119443 ], [ -81.434164486969621, 28.374708047777272 ], [ -81.434194508279447, 28.374714165413419 ], [ -81.434222720141364, 28.374722946970827 ], [ -81.434247092539493, 28.374736065666163 ], [ -81.434266697531498, 28.374754134885968 ], [ -81.434281743595378, 28.37477622348516 ], [ -81.434292987277317, 28.374800552996149 ], [ -81.434301291036746, 28.374825662728902 ], [ -81.434307724666013, 28.374851029827436 ], [ -81.434313793682335, 28.374876778128062 ], [ -81.434321057480346, 28.374902981674104 ], [ -81.434330024954932, 28.374929322946002 ], [ -81.434339211122918, 28.374955357955105 ], [ -81.434345510082608, 28.374980979620712 ], [ -81.434346090014287, 28.375006530568545 ], [ -81.434340566941657, 28.375032458696115 ], [ -81.434331639878451, 28.375058898562852 ], [ -81.434323395706571, 28.375085586403387 ], [ -81.434318391934923, 28.375112115108358 ], [ -81.434315760988312, 28.375138193379197 ], [ -81.434311864811505, 28.375163651423154 ], [ -81.434302980818217, 28.375188285306145 ], [ -81.43428785532025, 28.375211807058189 ], [ -81.434268144124658, 28.375233965356845 ], [ -81.434246598238104, 28.375254604057861 ], [ -81.434224719710969, 28.375273456562823 ], [ -81.434201895188579, 28.375289861399047 ], [ -81.434176552008907, 28.375302866216487 ], [ -81.434148063942615, 28.375311917895299 ], [ -81.434117592591079, 28.375317661363212 ], [ -81.434087177131758, 28.375321991552322 ], [ -81.434058040796288, 28.375326975777156 ], [ -81.4340297230289, 28.375333315614135 ], [ -81.434000761671527, 28.375339668379581 ], [ -81.433970169645164, 28.37534362734878 ], [ -81.433938290848118, 28.375343755842731 ], [ -81.43390632992309, 28.375341010972388 ], [ -81.433875156247268, 28.375338246519505 ], [ -81.433844605092716, 28.375338084755981 ], [ -81.433813901213355, 28.375340920094249 ], [ -81.433782679377401, 28.375344789181593 ], [ -81.433751524647818, 28.375347243482025 ], [ -81.433721496974186, 28.375347577155125 ], [ -81.433693139311117, 28.375347416450353 ], [ -81.433665953198329, 28.375349126655344 ], [ -81.433638821514876, 28.375353462312606 ], [ -81.43361092298602, 28.37535859704748 ], [ -81.43358226086535, 28.375361460895224 ], [ -81.43355339131594, 28.37536025848263 ], [ -81.433524752577071, 28.375355980262945 ], [ -81.433496318597676, 28.375351594519259 ], [ -81.433467848734793, 28.375349628256259 ], [ -81.433439317186497, 28.375350217315813 ], [ -81.433410939357913, 28.375351248437106 ], [ -81.433382732549433, 28.375350381121354 ], [ -81.433354160980059, 28.37534715551034 ], [ -81.433324411888847, 28.375343403996965 ], [ -81.433293182455927, 28.3753416981674 ], [ -81.433261219996126, 28.375343218953272 ], [ -81.433229969232087, 28.375346843554155 ], [ -81.433200507818043, 28.37535014338539 ], [ -81.43317269324757, 28.375351387977364 ], [ -81.433145324283757, 28.375350882759051 ], [ -81.433117196730095, 28.375350587325642 ], [ -81.433088086414514, 28.375352375999867 ], [ -81.433058764072868, 28.375356358512722 ], [ -81.433030087889236, 28.375360593460435 ], [ -81.433002110220741, 28.375362434257404 ], [ -81.432974089612912, 28.375360504632923 ], [ -81.432945358888261, 28.375355817974437 ], [ -81.432916110498738, 28.375351163718165 ], [ -81.432887232121047, 28.375349145949524 ], [ -81.432859307802431, 28.375350278264388 ], [ -81.432831806729283, 28.375352563378623 ], [ -81.432803369163977, 28.375352940772277 ], [ -81.432773030106461, 28.375349584628125 ], [ -81.432741238703272, 28.375343330983711 ], [ -81.432709638516386, 28.375337118905758 ], [ -81.432679719993843, 28.375333860864256 ], [ -81.432651550314105, 28.375334421250507 ], [ -81.432623750005831, 28.37533729992963 ], [ -81.432594727254155, 28.375340180861759 ], [ -81.43256400776076, 28.375341902849385 ], [ -81.43253244530456, 28.375343071405233 ], [ -81.432501209482908, 28.375344831685265 ], [ -81.432470624251337, 28.375347124776681 ], [ -81.432440015479116, 28.375348340916542 ], [ -81.432408651211304, 28.375346973316574 ], [ -81.432376722267605, 28.375343780940696 ], [ -81.432345279087841, 28.375342115710843 ], [ -81.432315163690092, 28.375345505057442 ], [ -81.432286107938339, 28.375354213774983 ], [ -81.432257104605256, 28.375363914025023 ], [ -81.432227869058934, 28.375368206086197 ], [ -81.43219994519896, 28.375363469491411 ], [ -81.432176098743597, 28.375352189638534 ], [ -81.432158150651546, 28.375341751527966 ], [ -81.432144979729742, 28.375339271379222 ], [ -81.432132533536958, 28.3753463905995 ], [ -81.432116100601604, 28.375358138798326 ], [ -81.432093176332629, 28.375366704545598 ], [ -81.432064728305065, 28.375366974856181 ], [ -81.432034022976907, 28.375359412991667 ], [ -81.432004197320936, 28.375348290394701 ], [ -81.431976645212984, 28.375337257329935 ], [ -81.431951319408583, 28.375326253995492 ], [ -81.431928218500857, 28.375312205221196 ], [ -81.431908362501531, 28.375292409949115 ], [ -81.431893284392274, 28.375267287294363 ], [ -81.431883661566488, 28.375240071637538 ], [ -81.431878570808024, 28.375214055458848 ], [ -81.431876155183062, 28.375190143080339 ], [ -81.431874994128961, 28.375166877088635 ], [ -81.431874721939437, 28.375142535332426 ], [ -81.431875239171376, 28.375116974770759 ], [ -81.431875427755855, 28.375091429197806 ], [ -81.431873002110777, 28.375066754056189 ], [ -81.431866154603938, 28.375042245545501 ], [ -81.431855797668348, 28.375016478310659 ], [ -81.431846248858918, 28.374989343967709 ], [ -81.431843221388959, 28.374963006029212 ], [ -81.431850246479158, 28.374940414050265 ], [ -81.431866203443306, 28.374922511903616 ], [ -81.431886010085393, 28.374906842411686 ], [ -81.431904121305607, 28.374889201318602 ], [ -81.43191825924518, 28.374867171146985 ], [ -81.431930608627766, 28.374842427670643 ], [ -81.431945713596491, 28.374819600626882 ], [ -81.431966851509088, 28.374802499482051 ], [ -81.431993692868346, 28.374790938655714 ], [ -81.432022855410693, 28.374780955259151 ], [ -81.432050628656341, 28.374768255858804 ], [ -81.432075597213853, 28.374751909842612 ], [ -81.432099244169351, 28.374735140123629 ], [ -81.432124376456628, 28.374722638834395 ], [ -81.432152849467712, 28.374716803974074 ], [ -81.432184347764561, 28.374716053546447 ], [ -81.432216902301477, 28.374716406897587 ], [ -81.432248438287672, 28.374714723179288 ], [ -81.432278055145815, 28.37471081675244 ], [ -81.432306228314786, 28.374706947216904 ], [ -81.432334090938085, 28.374705526054736 ], [ -81.432362560041298, 28.374707167060102 ], [ -81.432391946463781, 28.374710519782383 ], [ -81.432422120335772, 28.374713594203143 ], [ -81.432452860888858, 28.374715179227813 ], [ -81.43248402112701, 28.374715276932989 ], [ -81.432515454338812, 28.374714593052857 ], [ -81.432546915583956, 28.374713847187884 ] ] ] } },
{ "type": "Feature", "properties": { "id": 44, "area_ha": 0.0069109052896494721 }, "geometry": { "type": "Polygon", "coordinates": [ [ [ -81.432837392724892, 28.375574302311453 ], [ -81.43283874215625, 28.375575099579461 ], [ -81.432840128168536, 28.375575976301075 ], [ -81.432841545192787, 28.375576920644438 ], [ -81.432842986950732, 28.375577920787315 ], [ -81.432844446616642, 28.375578965172512 ], [ -81.432845917001515, 28.375580042745941 ], [ -81.432847390753423, 28.375581143171001 ], [ -81.432848860567461, 28.375582257013996 ], [ -81.43285031939773, 28.375583375896063 ], [ -81.43285176066442, 28.375584492608553 ], [ -81.43285317844844, 28.375585601189769 ], [ -81.43285456766651, 28.375586696962483 ], [ -81.432855924220547, 28.375587776532637 ], [ -81.432857245115642, 28.375588837751252 ], [ -81.432858528541942, 28.375589879642192 ], [ -81.432859773917329, 28.375590902299912 ], [ -81.43286098188868, 28.375591906761873 ], [ -81.432862154291072, 28.375592894861107 ], [ -81.432863294066081, 28.375593869064762 ], [ -81.432864405140919, 28.375594832304895 ], [ -81.432865492272782, 28.375595787807658 ], [ -81.432866560862664, 28.375596738926856 ], [ -81.432867616745142, 28.375597688987625 ], [ -81.432868665961038, 28.375598641145153 ], [ -81.43286971452018, 28.375599598263001 ], [ -81.4328707681628, 28.375600562814203 ], [ -81.432871832127518, 28.375601536807967 ], [ -81.432872910933767, 28.37560252174319 ], [ -81.432874008186516, 28.375603518589482 ], [ -81.432875126410039, 28.375604527794767 ], [ -81.432876266916566, 28.375605549318145 ], [ -81.432877429714935, 28.375606582685307 ], [ -81.432878613462336, 28.37560762706325 ], [ -81.432879815461348, 28.375608681350304 ], [ -81.432881031702706, 28.375609744277011 ], [ -81.432882256952652, 28.375610814513031 ], [ -81.432883484882296, 28.375611890775279 ], [ -81.432884708234639, 28.375612971932306 ], [ -81.432885919024244, 28.375614057100364 ], [ -81.432887108762657, 28.375615145727082 ], [ -81.432888268702058, 28.375616237658935 ], [ -81.432889390089287, 28.37561733318962 ], [ -81.432890464421334, 28.375618433087318 ], [ -81.432891483693794, 28.375619538599516 ], [ -81.432892440633921, 28.375620651434733 ], [ -81.432893328909998, 28.375621773722301 ], [ -81.432894143310307, 28.375622907950891 ], [ -81.432894879884898, 28.375624056888544 ], [ -81.432895536045891, 28.37562522348686 ], [ -81.432896110622281, 28.375626410772973 ], [ -81.432896603867363, 28.375627621733287 ], [ -81.432897017418725, 28.375628859193206 ], [ -81.43289735421159, 28.375630125697505 ], [ -81.432897618348861, 28.375631423395451 ], [ -81.432897814931707, 28.37563275393509 ], [ -81.432897949856979, 28.375634118370535 ], [ -81.432898029587989, 28.375635517085566 ], [ -81.432898060906453, 28.375636949736368 ], [ -81.432898050654529, 28.375638415215317 ], [ -81.432898005475124, 28.375639911637329 ], [ -81.432897931560262, 28.375641436348889 ], [ -81.432897834415314, 28.37564298595964 ], [ -81.432897718648192, 28.375644556395201 ], [ -81.432897587790094, 28.375646142969266 ], [ -81.432897444154619, 28.375647740472438 ], [ -81.432897288740051, 28.375649343274514 ], [ -81.432897121178314, 28.375650945436622 ], [ -81.432896939732757, 28.375652540829357 ], [ -81.432896741344834, 28.375654123252676 ], [ -81.432896521728566, 28.375655686553628 ], [ -81.432896275509549, 28.375657224737964 ], [ -81.432895996404142, 28.375658732071962 ], [ -81.43289567743291, 28.3756602031714 ], [ -81.432895311161332, 28.37566163307503 ], [ -81.432894889959428, 28.37566301730061 ], [ -81.43289440627224, 28.375664351882232 ], [ -81.432893852891453, 28.375665633388461 ], [ -81.432893223219594, 28.375666858921683 ], [ -81.432892511517665, 28.375668026099405 ], [ -81.432891713127901, 28.375669133019588 ], [ -81.432890824664341, 28.375670178212015 ], [ -81.432889844164663, 28.37567116057874 ], [ -81.432888771198193, 28.375672079326712 ], [ -81.432887606926457, 28.375672933896251 ], [ -81.432886354114331, 28.375673723888703 ], [ -81.432885017091124, 28.375674448997223 ], [ -81.432883601663193, 28.375675108943632 ], [ -81.432882114980771, 28.375675703424829 ], [ -81.43288056536322, 28.375676232071068 ], [ -81.432878962089049, 28.375676694418274 ], [ -81.432877315156915, 28.375677089895849 ], [ -81.432875635025965, 28.375677417830531 ], [ -81.432873932343782, 28.375677677466403 ], [ -81.432872217670749, 28.375677868000121 ], [ -81.432870501210076, 28.375677988630027 ], [ -81.432868792551702, 28.375678038616837 ], [ -81.432867100438699, 28.375678017353174 ], [ -81.432865432563176, 28.375677924438868 ], [ -81.432863795398276, 28.375677759758336 ], [ -81.432862194071134, 28.375677523556291 ], [ -81.432860632280565, 28.375677216508038 ], [ -81.432859112261497, 28.375676839780649 ], [ -81.432857634796889, 28.375676395081541 ], [ -81.432856199275889, 28.375675884691454 ], [ -81.432854803795649, 28.375675311479327 ], [ -81.432853445302996, 28.375674678897301 ], [ -81.432852119770374, 28.375673990954617 ], [ -81.432850822399828, 28.375673252170358 ], [ -81.432849547847624, 28.375672467505272 ], [ -81.432848290461877, 28.375671642274373 ], [ -81.432847044524607, 28.375670782042327 ], [ -81.432845804490341, 28.375669892504604 ], [ -81.432844565213031, 28.375668979358039 ], [ -81.432843322153857, 28.37566804816484 ], [ -81.432842071563215, 28.375667104214607 ], [ -81.432840810631035, 28.375666152389037 ], [ -81.432839537600998, 28.37566519703422 ], [ -81.432838251845283, 28.375664241845026 ], [ -81.432836953898104, 28.375663289766145 ], [ -81.432835645447483, 28.3756623429135 ], [ -81.432834329286464, 28.375661402519576 ], [ -81.4328330092263, 28.375660468904886 ], [ -81.432831689975103, 28.375659541477567 ], [ -81.432830376987027, 28.375658618761687 ], [ -81.432829076287874, 28.375657698453903 ], [ -81.432827794283469, 28.375656777507562 ], [ -81.4328265375581, 28.375655852241586 ], [ -81.432825312670161, 28.375654918471298 ], [ -81.432824125952223, 28.375653971657076 ], [ -81.432822983322666, 28.375653007066191 ], [ -81.432821890115193, 28.375652019942567 ], [ -81.432820850931805, 28.3756510056789 ], [ -81.432819869524138, 28.375649959985367 ], [ -81.432818948706725, 28.37564887904901 ], [ -81.432818090304494, 28.3756477596785 ], [ -81.432817295135706, 28.375646599428872 ], [ -81.432816563030173, 28.375645396701934 ], [ -81.432815892881138, 28.375644150818456 ], [ -81.432815282728285, 28.375642862059372 ], [ -81.432814729868099, 28.375641531674191 ], [ -81.432814230986679, 28.375640161855895 ], [ -81.432813782309907, 28.375638755682846 ], [ -81.432813379764553, 28.375637317029319 ], [ -81.432813019144447, 28.375635850447345 ], [ -81.432812696275079, 28.3756343610237 ], [ -81.432812407170587, 28.375632854216782 ], [ -81.432812148177263, 28.375631335678786 ], [ -81.432811916098558, 28.375629811069228 ], [ -81.432811708297024, 28.375628285866508 ], [ -81.432811522770066, 28.375626765183856 ], [ -81.432811358196886, 28.375625253596553 ], [ -81.432811213955631, 28.37562375498657 ], [ -81.432811090110746, 28.375622272410542 ], [ -81.43281098737161, 28.375620807996274 ], [ -81.43281090702483, 28.375619362871788 ], [ -81.432810850843367, 28.375617937130411 ], [ -81.432810820976869, 28.375616529833621 ], [ -81.432810819827807, 28.375615139052648 ], [ -81.432810849919065, 28.375613761948053 ], [ -81.432810913758487, 28.375612394885696 ], [ -81.432811013706072, 28.375611033585685 ], [ -81.43281115184962, 28.375609673300218 ], [ -81.432811329893838, 28.375608309014915 ], [ -81.432811549067594, 28.375606935667399 ], [ -81.432811810053238, 28.375605548376281 ], [ -81.432812112940852, 28.375604142673037 ], [ -81.432812457209522, 28.375602714729361 ], [ -81.43281284173618, 28.375601261572179 ], [ -81.432813264832021, 28.375599781279195 ], [ -81.432813724304964, 28.375598273148064 ], [ -81.432814217545399, 28.375596737833114 ], [ -81.432814741632271, 28.375595177444495 ], [ -81.432815293454524, 28.375593595605768 ], [ -81.432815869843594, 28.375591997467158 ], [ -81.432816467710936, 28.375590389673143 ], [ -81.432817084185061, 28.375588780284307 ], [ -81.43281771674242, 28.375587178655024 ], [ -81.432818363326277, 28.375585595269804 ], [ -81.432819022448584, 28.375584041542428 ], [ -81.432819693270034, 28.37558252958322 ], [ -81.432820375654941, 28.375581071940985 ], [ -81.432821070197505, 28.375579681326581 ], [ -81.432821778218283, 28.375578370326132 ], [ -81.432822501729831, 28.375577151111951 ], [ -81.432823243372354, 28.375576035159508 ], [ -81.432824006321098, 28.375575032978485 ], [ -81.432824794168198, 28.375574153865699 ], [ -81.432825610783297, 28.375573405686922 ], [ -81.43282646015733, 28.375572794693756 ], [ -81.43282734623547, 28.375572325380794 ], [ -81.432828272744999, 28.375572000386821 ], [ -81.43282924302477, 28.375571820442804 ], [ -81.432830259862541, 28.375571784367768 ], [ -81.432831325346655, 28.375571889112205 ], [ -81.432832440737812, 28.375572129847562 ], [ -81.432833606366273, 28.375572500098603 ], [ -81.432834821558927, 28.375572991914435 ], [ -81.432836084599614, 28.375573596072797 ], [ -81.432837392724892, 28.375574302311453 ] ] ] } },
{ "type": "Feature", "properties": { "id": 45, "area_ha": 0.012157888003203447 }, "geometry": { "type": "Polygon", "coordinates": [ [ [ -81.432702906829462, 28.375967086153729 ], [ -81.432706067885221, 28.375967001929066 ], [ -81.432709167536999, 28.375967117475557 ], [ -81.432712198975466, 28.375967434355214 ], [ -81.43271515761792, 28.375967950877314 ], [ -81.432718041188821, 28.375968661990964 ], [ -81.432720849745763, 28.375969559275681 ], [ -81.43272358564731, 28.375970631031016 ], [ -81.432726253461283, 28.375971862462624 ], [ -81.432728859813508, 28.375973235959407 ], [ -81.432731413179894, 28.375974731452978 ], [ -81.432733923625619, 28.375976326848374 ], [ -81.432736402498023, 28.375977998512433 ], [ -81.432738862081081, 28.375979721804832 ], [ -81.432741315220937, 28.375981471635317 ], [ -81.432743774933556, 28.375983223030076 ], [ -81.432746254005977, 28.375984951690384 ], [ -81.43274876460373, 28.375986634526829 ], [ -81.432751317896674, 28.375988250153803 ], [ -81.432753923715524, 28.375989779330443 ], [ -81.432756590250378, 28.375991205336092 ], [ -81.432759323801662, 28.375992514271029 ], [ -81.432762128592316, 28.375993695275504 ], [ -81.432765006647713, 28.375994740663185 ], [ -81.432767957748709, 28.375995645967929 ], [ -81.432770979459477, 28.375996409905607 ], [ -81.432774067230469, 28.375997034255342 ], [ -81.432777214573676, 28.375997523667177 ], [ -81.432780413304727, 28.375997885405127 ], [ -81.432783653844396, 28.375998129036503 ], [ -81.432786925569545, 28.375998266079559 ], [ -81.432790217201841, 28.375998309622553 ], [ -81.432793517220773, 28.375998273927472 ], [ -81.432796814286689, 28.375998174031675 ], [ -81.432800097658856, 28.375998025360008 ], [ -81.432803357593201, 28.375997843358942 ], [ -81.432806585705066, 28.375997643162837 ], [ -81.432809775283104, 28.375997439300548 ], [ -81.432812921541782, 28.375997245448819 ], [ -81.43281602180204, 28.375997074236516 ], [ -81.432819075591524, 28.375996937101633 ], [ -81.432822084659122, 28.375996844200742 ], [ -81.432825052900384, 28.375996804368533 ], [ -81.432827986194511, 28.375996825122968 ], [ -81.432830892155806, 28.375996912710196 ], [ -81.432833779806018, 28.375997072181832 ], [ -81.432836659176644, 28.375997307496373 ], [ -81.432839540852981, 28.375997621635861 ], [ -81.432842435474072, 28.375998016728929 ], [ -81.432845353204186, 28.375998494171448 ], [ -81.43284830319358, 28.37599905473693 ], [ -81.432851293046099, 28.375999698669627 ], [ -81.432854328312345, 28.376000425754803 ], [ -81.432857412026181, 28.376001235362182 ], [ -81.432860544301391, 28.376002126460335 ], [ -81.432863722004299, 28.37600309760175 ], [ -81.432866938515104, 28.376004146879978 ], [ -81.432870183589145, 28.376005271862397 ], [ -81.432873443325533, 28.37600646950337 ], [ -81.43287670024776, 28.376007736044343 ], [ -81.432879933497404, 28.376009066908342 ], [ -81.432883119138182, 28.376010456597204 ], [ -81.432886230564364, 28.37601189860009 ], [ -81.432889239004155, 28.376013385322011 ], [ -81.432892114105243, 28.376014908040467 ], [ -81.432894824587279, 28.37601645689751 ], [ -81.432897338943434, 28.376018020933213 ], [ -81.432899626171491, 28.376019588165036 ], [ -81.432901656513778, 28.376021145715683 ], [ -81.432903402184621, 28.376022679989951 ], [ -81.43290483806399, 28.376024176898884 ], [ -81.432905942337015, 28.37602562212734 ], [ -81.432906697060233, 28.376027001438977 ], [ -81.432907088637648, 28.376028301010429 ], [ -81.432907108191841, 28.376029507784985 ], [ -81.432906751819104, 28.376030609834373 ], [ -81.432906020720267, 28.376031596716217 ], [ -81.432904921202734, 28.376032459814216 ], [ -81.432903464553604, 28.376033192647867 ], [ -81.432901666786606, 28.376033791138848 ], [ -81.432899548270328, 28.376034253822283 ], [ -81.432897133248019, 28.376034581992066 ], [ -81.432894449262861, 28.37603477977185 ], [ -81.432891526505259, 28.376034854104763 ], [ -81.432888397101053, 28.37603481465824 ], [ -81.432885094361041, 28.376034673642732 ], [ -81.432881652013577, 28.376034445545933 ], [ -81.432878103442008, 28.376034146787681 ], [ -81.432874480948755, 28.376033795303073 ], [ -81.432870815066551, 28.376033410064558 ], [ -81.432867133936099, 28.376033010555965 ], [ -81.432863462766761, 28.376032616213827 ], [ -81.432859823394679, 28.376032245852908 ], [ -81.432856233949195, 28.376031917093893 ], [ -81.432852708635124, 28.376031645811974 ], [ -81.432849257635027, 28.376031445624857 ], [ -81.432845887131506, 28.376031327437943 ], [ -81.432842599446019, 28.376031299063317 ], [ -81.432839393287139, 28.376031364926945 ], [ -81.432836264098142, 28.376031525876176 ], [ -81.432833204490137, 28.376031779096714 ], [ -81.432830204745599, 28.376032118144668 ], [ -81.432827253373972, 28.37603253309576 ], [ -81.432824337701021, 28.376033010810112 ], [ -81.432821444471386, 28.37603353530691 ], [ -81.432818560445284, 28.376034088239777 ], [ -81.432815672969468, 28.376034649459985 ], [ -81.432812770504782, 28.376035197651557 ], [ -81.432809843093821, 28.376035711019529 ], [ -81.432806882754591, 28.376036168010689 ], [ -81.43280388378875, 28.376036548044251 ], [ -81.432800842996116, 28.376036832229392 ], [ -81.432797759790276, 28.376037004046474 ], [ -81.432794636213416, 28.376037049969366 ], [ -81.432791476851847, 28.376036960007823 ], [ -81.432788288657406, 28.376036728150961 ], [ -81.432785080682095, 28.376036352695735 ], [ -81.432781863737034, 28.376035836447624 ], [ -81.43277864998845, 28.376035186784637 ], [ -81.432775452505581, 28.376034415579902 ], [ -81.432772284776874, 28.376033538982504 ], [ -81.432769160211365, 28.376032577060666 ], [ -81.432766091642648, 28.376031553315851 ], [ -81.432763090852404, 28.376030494080418 ], [ -81.432760168129306, 28.376029427815435 ], [ -81.432757331878406, 28.37602838432845 ], [ -81.432754588293321, 28.376027393933796 ], [ -81.432751941102055, 28.376026486580237 ], [ -81.432749391394424, 28.376025690971584 ], [ -81.432746937535995, 28.37602503370719 ], [ -81.432744575171171, 28.37602453846775 ], [ -81.432742297314491, 28.376024225271951 ], [ -81.432740094526764, 28.376024109826389 ], [ -81.432737955169969, 28.376024202989207 ], [ -81.432735865731885, 28.376024510364257 ], [ -81.432733811210255, 28.376025032038697 ], [ -81.432731775543743, 28.376025762472825 ], [ -81.432729742075921, 28.376026690545835 ], [ -81.432727694038178, 28.376027799757257 ], [ -81.432725615036361, 28.376029068578237 ], [ -81.432723489526808, 28.376030470942894 ], [ -81.432721303267883, 28.376031976865494 ], [ -81.432719043733925, 28.376033553165342 ], [ -81.432716700480611, 28.376035164278228 ], [ -81.432714265451992, 28.376036773130554 ], [ -81.432711733221666, 28.376038342050631 ], [ -81.432709101163269, 28.376039833690541 ], [ -81.432706369546949, 28.376041211931764 ], [ -81.432703541561693, 28.376042442748687 ], [ -81.432700623265021, 28.376043495005348 ], [ -81.432697623464293, 28.376044341163293 ], [ -81.432694553535228, 28.376044957881096 ], [ -81.432691427185404, 28.376045326489951 ], [ -81.43268826017146, 28.376045433333498 ], [ -81.432685069980053, 28.376045269964536 ], [ -81.432681875482871, 28.376044833195621 ], [ -81.432678696576431, 28.376044125005446 ], [ -81.432675553817489, 28.376043152306945 ], [ -81.432672468063586, 28.3760419265876 ], [ -81.432669460128338, 28.376040463436073 ], [ -81.432666550459302, 28.376038781972699 ], [ -81.432663758845308, 28.376036904203893 ], [ -81.432661104158242, 28.376034854322789 ], [ -81.432658604133195, 28.376032657979419 ], [ -81.432656275188677, 28.37603034154434 ], [ -81.432654132287354, 28.376027931389228 ], [ -81.432652188836244, 28.376025453206921 ], [ -81.43265045662379, 28.376022931391404 ], [ -81.432648945790262, 28.376020388495977 ], [ -81.432647664826703, 28.376017844784489 ], [ -81.432646620597581, 28.37601531788745 ], [ -81.432645818381246, 28.376012822570416 ], [ -81.432645261922872, 28.376010370618637 ], [ -81.432644953494304, 28.376007970837446 ], [ -81.432644893955825, 28.376005629163927 ], [ -81.432645082815924, 28.376003348881909 ], [ -81.43264551828544, 28.376001130928461 ], [ -81.432646197323862, 28.375998974277458 ], [ -81.43264711567673, 28.375996876383194 ], [ -81.432648267903943, 28.375994833665178 ], [ -81.432649647400254, 28.375992842014359 ], [ -81.432651246409819, 28.375990897300394 ], [ -81.432653056038134, 28.375988995860073 ], [ -81.432655066264886, 28.375987134947909 ], [ -81.432657265962121, 28.375985313131778 ], [ -81.432659642922147, 28.375983530618466 ], [ -81.432662183899652, 28.375981789497075 ], [ -81.432664874672483, 28.375980093891172 ], [ -81.432667700124455, 28.375978450013989 ], [ -81.432670644353422, 28.375976866125015 ], [ -81.432673690806226, 28.375975352389236 ], [ -81.432676822441621, 28.375973920644466 ], [ -81.432680021920334, 28.3759725840853 ], [ -81.432683271820423, 28.37597135687508 ], [ -81.432686554874977, 28.37597025369999 ], [ -81.432689854227007, 28.375969289281432 ], [ -81.432693153696263, 28.375968477864184 ], [ -81.432696438050726, 28.375967832698691 ], [ -81.432699693275296, 28.375967365536042 ], [ -81.432702906829462, 28.375967086153729 ] ] ] } },
{ "type": "Feature", "properties": { "id": 46, "area_ha": 0.0101458001581748 }, "geometry": { "type": "Polygon", "coordinates": [ [ [ -81.433269516688199, 28.375978246684191 ], [ -81.433270624845974, 28.375980041758858 ], [ -81.433271677932524, 28.375982098338643 ], [ -81.43327266443228, 28.375984393250565 ], [ -81.43327357141554, 28.375986901065417 ], [ -81.433274384842576, 28.375989594471655 ], [ -81.433275089914503, 28.375992444657555 ], [ -81.433275671459839, 28.375995421697638 ], [ -81.433276114344764, 28.375998494939957 ], [ -81.433276403893956, 28.376001633391052 ], [ -81.433276526308234, 28.376004806095736 ], [ -81.433276469065675, 28.376007982509115 ], [ -81.433276221292601, 28.376011132858288 ], [ -81.433275774092678, 28.376014228491158 ], [ -81.433275120822685, 28.376017242209794 ], [ -81.433274257305925, 28.3760201485855 ], [ -81.433273181976318, 28.376022924252602 ], [ -81.433271895947783, 28.37602554817779 ], [ -81.433270403007043, 28.376028001901513 ], [ -81.4332687095296, 28.376030269747897 ], [ -81.433266824321919, 28.376032338999561 ], [ -81.433264758394728, 28.376034200033381 ], [ -81.433262524675328, 28.376035846414155 ], [ -81.433260137667972, 28.376037274942362 ], [ -81.433257613074076, 28.376038485653787 ], [ -81.433254967384485, 28.376039481768327 ], [ -81.433252217457422, 28.376040269586973 ], [ -81.433249380095916, 28.376040858336399 ], [ -81.433246471638611, 28.376041259961681 ], [ -81.433243507577103, 28.376041488869216 ], [ -81.433240502212058, 28.376041561622689 ], [ -81.433237468358982, 28.376041496596702 ], [ -81.43323441711243, 28.376041313593532 ], [ -81.43323135767578, 28.376041033430187 ], [ -81.433228297260641, 28.376040677503607 ], [ -81.433225241058281, 28.376040267343075 ], [ -81.433222192282187, 28.376039824159822 ], [ -81.43321915227871, 28.376039368403866 ], [ -81.43321612070001, 28.376038919338953 ], [ -81.433213095732, 28.376038494645972 ], [ -81.433210074367011, 28.376038110065139 ], [ -81.433207052710245, 28.376037779086413 ], [ -81.433204026307578, 28.376037512696701 ], [ -81.433200990481495, 28.376037319191024 ], [ -81.433197940662041, 28.376037204053318 ], [ -81.433194872699502, 28.376037169910699 ], [ -81.433191783146896, 28.37603721656307 ], [ -81.43318866950095, 28.376037341087763 ], [ -81.433185530392407, 28.376037538016813 ], [ -81.433182365718125, 28.376037799582331 ], [ -81.433179176709842, 28.376038116023189 ], [ -81.433175965937011, 28.37603847594443 ], [ -81.43317273724351, 28.376038866719185 ], [ -81.433169495620874, 28.376039274921073 ], [ -81.433166247022797, 28.376039686774465 ], [ -81.433162998128651, 28.37604008860886 ], [ -81.433159756065024, 28.376040467303451 ], [ -81.433156528096902, 28.376040810708123 ], [ -81.433153321300637, 28.376041108027703 ], [ -81.433150142232421, 28.37604135015717 ], [ -81.433146996606013, 28.376041529956975 ], [ -81.43314388899347, 28.376041642459597 ], [ -81.433140822561896, 28.376041685000228 ], [ -81.433137798858411, 28.376041657267123 ], [ -81.433134817653695, 28.376041561269716 ], [ -81.433131876852414, 28.376041401224882 ], [ -81.433128972477149, 28.376041183364986 ], [ -81.433126098728891, 28.376040915673538 ], [ -81.433123248125227, 28.376040607556799 ], [ -81.433120411714384, 28.376040269462155 ], [ -81.433117579359944, 28.376039912455607 ], [ -81.433114740089209, 28.376039547772606 ], [ -81.433111882495027, 28.376039186357197 ], [ -81.433108995179253, 28.376038838405357 ], [ -81.433106067223704, 28.376038512928186 ], [ -81.433103088673832, 28.376038217350381 ], [ -81.433100051018869, 28.376037957158434 ], [ -81.433096947652245, 28.37603773561132 ], [ -81.433093774296466, 28.376037553524949 ], [ -81.433090529377012, 28.376037409138942 ], [ -81.433087214331522, 28.376037298071893 ], [ -81.433083833842517, 28.376037213368456 ], [ -81.433080395983211, 28.376037145638371 ], [ -81.433076912269939, 28.376037083284686 ], [ -81.433073397616496, 28.376037012815321 ], [ -81.433069870189172, 28.376036919229229 ], [ -81.433066351164285, 28.376036786465949 ], [ -81.433062864393406, 28.376036597904736 ], [ -81.433059435983679, 28.376036336898036 ], [ -81.433056093804396, 28.376035987322279 ], [ -81.433052866932471, 28.376035534128423 ], [ -81.433049785051935, 28.376034963874137 ], [ -81.433046877824168, 28.376034265220145 ], [ -81.433044174246177, 28.376033429373866 ], [ -81.433041702015203, 28.376032450465011 ], [ -81.433039486917451, 28.376031325839989 ], [ -81.433037552258313, 28.376030056264035 ], [ -81.433035918349773, 28.376028646023162 ], [ -81.433034602069952, 28.376027102920894 ], [ -81.433033616506108, 28.376025438168213 ], [ -81.433032970691329, 28.376023666168539 ], [ -81.433032669441374, 28.376021804202814 ], [ -81.433032713295276, 28.376019872023317 ], [ -81.433033098560657, 28.376017891367493 ], [ -81.433033817460654, 28.376015885406083 ], [ -81.433034858377496, 28.37601387814194 ], [ -81.433036206183914, 28.376011893777658 ], [ -81.433037842651657, 28.376009956071396 ], [ -81.433039746924095, 28.376008087700821 ], [ -81.433041896038219, 28.376006309655018 ], [ -81.433044265479992, 28.376004640673465 ], [ -81.43304682975652, 28.376003096750029 ], [ -81.433049562968279, 28.376001690717747 ], [ -81.433052439365099, 28.376000431928002 ], [ -81.433055433870365, 28.375999326034712 ], [ -81.433058522559534, 28.375998374890717 ], [ -81.433061683080723, 28.375997576560561 ], [ -81.433064895007305, 28.375996925449471 ], [ -81.433068140115111, 28.375996412545529 ], [ -81.433071402579174, 28.375996025767492 ], [ -81.433074669088015, 28.375995750408212 ], [ -81.433077928876031, 28.375995569659821 ], [ -81.433081173677323, 28.375995465204664 ], [ -81.433084397606606, 28.37599541785346 ], [ -81.433087596975383, 28.375995408210716 ], [ -81.433090770053155, 28.375995417346481 ], [ -81.433093916784927, 28.375995427453034 ], [ -81.433097038477641, 28.375995422465643 ], [ -81.433100137468443, 28.375995388627366 ], [ -81.433103216787799, 28.375995314979598 ], [ -81.433106279830369, 28.3759951937623 ], [ -81.433109330045568, 28.375995020710448 ], [ -81.433112370658364, 28.375994795236661 ], [ -81.433115404429699, 28.375994520493069 ], [ -81.433118433463576, 28.37599420330961 ], [ -81.4331214590662, 28.37599385400943 ], [ -81.433124481659974, 28.375993486106069 ], [ -81.433127500753187, 28.375993115890701 ], [ -81.433130514963565, 28.375992761921051 ], [ -81.433133522092405, 28.375992444426867 ], [ -81.43313651924322, 28.375992184649341 ], [ -81.43313950297788, 28.375992004133799 ], [ -81.433142469501661, 28.375991923996882 ], [ -81.43314541486717, 28.375991964189961 ], [ -81.433148335187539, 28.375992142780849 ], [ -81.433151226847983, 28.375992475275496 ], [ -81.433154086706026, 28.375992974000123 ], [ -81.433156912270533, 28.37599364756262 ], [ -81.433159701851707, 28.375994500409728 ], [ -81.433162454674346, 28.375995532493818 ], [ -81.433165170949266, 28.375996739059765 ], [ -81.433167851899441, 28.375998110559262 ], [ -81.433170499738793, 28.375999632696008 ], [ -81.433173117604312, 28.376001286601447 ], [ -81.433175709443901, 28.376003049137495 ], [ -81.433178279863839, 28.376004893318381 ], [ -81.433180833942501, 28.376006788841178 ], [ -81.433183377016888, 28.376008702711147 ], [ -81.433185914451485, 28.376010599945584 ], [ -81.433188451398223, 28.376012444337899 ], [ -81.43319099255757, 28.376014199262094 ], [ -81.433193541950942, 28.376015828496811 ], [ -81.433196102713609, 28.376017297047909 ], [ -81.433198676917115, 28.376018571948713 ], [ -81.433201265429034, 28.376019623018035 ], [ -81.433203867816118, 28.376020423557215 ], [ -81.433206482295859, 28.376020950969707 ], [ -81.43320910573884, 28.376021187288558 ], [ -81.433211733723013, 28.376021119600271 ], [ -81.433214360638473, 28.376020740355866 ], [ -81.433216979839585, 28.376020047563784 ], [ -81.433219583839019, 28.376019044861437 ], [ -81.43322216453727, 28.376017741466399 ], [ -81.433224713478708, 28.376016152010347 ], [ -81.433227222125041, 28.376014296262298 ], [ -81.433229682135689, 28.376012198749752 ], [ -81.433232085644164, 28.376009888289079 ], [ -81.433234425519672, 28.3760073974378 ], [ -81.433236695603711, 28.376004761883241 ], [ -81.433238890911738, 28.37600201978281 ], [ -81.433241007791565, 28.375999211071562 ], [ -81.433243044031641, 28.375996376753189 ], [ -81.433244998913921, 28.375993558189741 ], [ -81.433246873208091, 28.375990796404913 ], [ -81.433248669106447, 28.37598813141468 ], [ -81.433250390100355, 28.375985601597488 ], [ -81.433252040801875, 28.375983243114764 ], [ -81.433253626715981, 28.375981089390578 ], [ -81.433255153971132, 28.375979170657558 ], [ -81.43325662901691, 28.375977513573975 ], [ -81.433258058299728, 28.375976140915295 ], [ -81.433259447927853, 28.375975071341355 ], [ -81.433260803338072, 28.375974319238846 ], [ -81.433262128976168, 28.375973894637077 ], [ -81.433263428003357, 28.37597380319372 ], [ -81.433264702040034, 28.375974046246249 ], [ -81.433265950956908, 28.375974620923554 ], [ -81.433267172722211, 28.375975520312146 ], [ -81.433268363312052, 28.375976733670321 ], [ -81.433269516688199, 28.375978246684191 ] ] ] } },
{ "type": "Feature", "properties": { "id": 47, "area_ha": 0.017549005485273671 }, "geometry": { "type": "Polygon", "coordinates": [ [ [ -81.432337299328069, 28.358320514466751 ], [ -81.432338661048774, 28.358322786090003 ], [ -81.432340084474433, 28.35832523383085 ], [ -81.432341576202546, 28.358327824612331 ], [ -81.432343140198213, 28.358330525073914 ], [ -81.432344777375576, 28.358333302345255 ], [ -81.432346485270656, 28.358336124784309 ], [ -81.432348257822539, 28.358338962660753 ], [ -81.432350085275928, 28.358341788767607 ], [ -81.432351954214568, 28.358344578946419 ], [ -81.432353847730226, 28.358347312513828 ], [ -81.432355745726966, 28.358349972580747 ], [ -81.432357625355664, 28.358352546258413 ], [ -81.432359461568979, 28.358355024749038 ], [ -81.432361227781982, 28.358357403322291 ], [ -81.432362896619992, 28.358359681181813 ], [ -81.432364440730908, 28.358361861229515 ], [ -81.432365833636936, 28.358363949737754 ], [ -81.432367050598145, 28.358365955942279 ], [ -81.432368069459201, 28.358367891570541 ], [ -81.432368871450606, 28.35836977032158 ], [ -81.432369441915839, 28.358371607314751 ], [ -81.432369770938649, 28.358373418524636 ], [ -81.43236985384614, 28.358375220219617 ], [ -81.432369691567914, 28.358377028420865 ], [ -81.432369290835041, 28.358378858397035 ], [ -81.432368664208013, 28.358380724208622 ], [ -81.43236782992787, 28.358382638313703 ], [ -81.432366811590384, 28.358384611244418 ], [ -81.432365637649241, 28.358386651361009 ], [ -81.432364340759094, 28.358388764687469 ], [ -81.432362956975425, 28.358390954830078 ], [ -81.432361524832658, 28.358393222977213 ], [ -81.43236008432622, 28.358395567976537 ], [ -81.432358675827672, 28.358397986482839 ], [ -81.432357338965048, 28.358400473168079 ], [ -81.432356111501193, 28.358403020983253 ], [ -81.43235502824443, 28.358405621460317 ], [ -81.432354120024428, 28.358408265041621 ], [ -81.432353412765167, 28.358410941423916 ], [ -81.432352926683635, 28.358413639903684 ], [ -81.432352675639876, 28.358416349711536 ], [ -81.432352666658929, 28.358419060323794 ], [ -81.43235289964062, 28.358421761741102 ], [ -81.432353367267183, 28.358424444725106 ], [ -81.432354055112754, 28.35842710098656 ], [ -81.432354941952568, 28.358429723319787 ], [ -81.432356000263965, 28.358432305681049 ], [ -81.432357196904633, 28.358434843210244 ], [ -81.432358493949181, 28.35843733219777 ], [ -81.432359849659392, 28.358439770000206 ], [ -81.432361219559979, 28.358442154910534 ], [ -81.43236255758832, 28.358444485989921 ], [ -81.432363817284781, 28.358446762869846 ], [ -81.432364952988578, 28.358448985533663 ], [ -81.432365921004973, 28.358451154087863 ], [ -81.432366680709748, 28.358453268533111 ], [ -81.432367195559877, 28.35845532854497 ], [ -81.432367433981966, 28.358457333273854 ], [ -81.432367370114122, 28.358459281172635 ], [ -81.432366984381446, 28.358461169859154 ], [ -81.432366263891325, 28.358462996019473 ], [ -81.432365202639161, 28.358464755356049 ], [ -81.432363801522385, 28.358466442583129 ], [ -81.43236206816529, 28.358468051469867 ], [ -81.432360016564161, 28.358469574929906 ], [ -81.432357666566261, 28.35847100515425 ], [ -81.432355043202108, 28.358472333782672 ], [ -81.432352175894067, 28.358473552107586 ], [ -81.432349097567766, 28.358474651302895 ], [ -81.432345843695202, 28.35847562266969 ], [ -81.432342451300045, 28.358476457889875 ], [ -81.432338957955807, 28.358477149278624 ], [ -81.432335400807219, 28.358477690026749 ], [ -81.432331815643508, 28.358478074424184 ], [ -81.432328236049855, 28.358478298056941 ], [ -81.432324692660146, 28.358478357970398 ], [ -81.432321212529999, 28.358478252793493 ], [ -81.432317818644933, 28.358477982819263 ], [ -81.432314529573347, 28.358477550039435 ], [ -81.432311359269249, 28.358476958131572 ], [ -81.432308317024365, 28.35847621239969 ], [ -81.432305407564556, 28.358475319670269 ], [ -81.432302631280692, 28.358474288147459 ], [ -81.432299984580197, 28.358473127232372 ], [ -81.432297460341559, 28.358471847312611 ], [ -81.432295048451905, 28.358470459529098 ], [ -81.432292736404918, 28.358468975527742 ], [ -81.432290509935925, 28.358467407204067 ], [ -81.432288353670103, 28.358465766448699 ], [ -81.432286251760615, 28.358464064901636 ], [ -81.43228418849472, 28.358462313722452 ], [ -81.432282148848046, 28.358460523383176 ], [ -81.432280118969942, 28.358458703489216 ], [ -81.432278086586152, 28.358456862632899 ], [ -81.432276041309024, 28.358455008282682 ], [ -81.432273974848869, 28.358453146709991 ], [ -81.432271881124834, 28.358451282953986 ], [ -81.432269756277307, 28.358449420823568 ], [ -81.432267598587686, 28.358447562934341 ], [ -81.432265408315232, 28.35844571077735 ], [ -81.432263187463249, 28.358443864815445 ], [ -81.432260939489581, 28.358442024602184 ], [ -81.432258668978378, 28.358440188917839 ], [ -81.432256381290571, 28.358438355916768 ], [ -81.432254082211557, 28.358436523280176 ], [ -81.432251777613573, 28.358434688368614 ], [ -81.432249473149383, 28.35843284836907 ], [ -81.432247173992195, 28.358431000431757 ], [ -81.432244884633818, 28.358429141792982 ], [ -81.432242608750826, 28.358427269880842 ], [ -81.432240349144692, 28.358425382401943 ], [ -81.43223810775882, 28.358423477408042 ], [ -81.432235885771178, 28.358421553342765 ], [ -81.432233683758653, 28.358419609069404 ], [ -81.432231501924662, 28.358417643881634 ], [ -81.432229340379806, 28.35841565749994 ], [ -81.432227199461764, 28.358413650056875 ], [ -81.432225080079121, 28.35841162207484 ], [ -81.432222984062435, 28.358409574440241 ], [ -81.43222091450464, 28.358407508377571 ], [ -81.432218876073776, 28.358405425427218 ], [ -81.432216875280645, 28.358403327429887 ], [ -81.432214920686548, 28.358401216520058 ], [ -81.432213023037463, 28.358399095130217 ], [ -81.432211195314224, 28.35839696600652 ], [ -81.43220945269104, 28.358394832235682 ], [ -81.432207812398275, 28.3583926972819 ], [ -81.4322062934895, 28.358390565031513 ], [ -81.432204916515587, 28.358388439842475 ], [ -81.432203703113714, 28.358386326594459 ], [ -81.432202675521495, 28.358384230735471 ], [ -81.432201856030275, 28.358382158319646 ], [ -81.432201266394159, 28.358380116031409 ], [ -81.432200927213557, 28.358378111190756 ], [ -81.432200857313376, 28.358376151734905 ], [ -81.432201073137051, 28.358374246172264 ], [ -81.432201588177307, 28.358372403505182 ], [ -81.432202412463838, 28.358370633119204 ], [ -81.432203552127177, 28.358368944637892 ], [ -81.43220500905467, 28.358367347743258 ], [ -81.432206780652976, 28.358365851963974 ], [ -81.432208859727112, 28.358364466434324 ], [ -81.432211234482878, 28.358363199629117 ], [ -81.432213888655369, 28.358362059080729 ], [ -81.432216801761783, 28.358361051085964 ], [ -81.432219949473051, 28.358360180411594 ], [ -81.432223304094407, 28.358359450008134 ], [ -81.432226835141336, 28.35835886074225 ], [ -81.432230509994554, 28.358358411158108 ], [ -81.432234294614076, 28.358358097278163 ], [ -81.432238154291227, 28.358357912453236 ], [ -81.432242054415724, 28.358357847270867 ], [ -81.432245961234202, 28.35835788952965 ], [ -81.43224984257742, 28.358358024285867 ], [ -81.432253668533917, 28.358358233976606 ], [ -81.432257412049793, 28.358358498621538 ], [ -81.432261049437074, 28.358358796103264 ], [ -81.432264560775991, 28.358359102523618 ], [ -81.432267930200211, 28.35835939263076 ], [ -81.432271146058014, 28.358359640309693 ], [ -81.432274200946793, 28.358359819126232 ], [ -81.432277091622325, 28.358359902912618 ], [ -81.432279818788658, 28.358359866380773 ], [ -81.432282386778411, 28.358359685748233 ], [ -81.432284803136966, 28.358359339360138 ], [ -81.432287078126919, 28.358358808290451 ], [ -81.432289224172237, 28.358358076905386 ], [ -81.432291255262584, 28.358357133372266 ], [ -81.432293186340104, 28.358355970098131 ], [ -81.432295032690774, 28.35835458408372 ], [ -81.432296809361958, 28.358352977180374 ], [ -81.432298530626468, 28.358351156239799 ], [ -81.432300209511411, 28.358349133149126 ], [ -81.432301857407452, 28.358346924747 ], [ -81.432303483770426, 28.358344552619172 ], [ -81.432305095924136, 28.358342042775913 ], [ -81.432306698968532, 28.358339425216375 ], [ -81.432308295793973, 28.358336733388597 ], [ -81.432309887197277, 28.358334003556834 ], [ -81.432311472092309, 28.358331274090506 ], [ -81.432313047803177, 28.35832858469167 ], [ -81.432314610425721, 28.358325975579803 ], [ -81.432316155239732, 28.358323486654037 ], [ -81.43231767715281, 28.358321156653918 ], [ -81.432319171155314, 28.358319022340304 ], [ -81.432320632765382, 28.358317117717064 ], [ -81.432322058443773, 28.358315473314043 ], [ -81.432323445958872, 28.358314115549728 ], [ -81.432324794685016, 28.358313066190167 ], [ -81.432326105818845, 28.358312341918165 ], [ -81.432327382502962, 28.358311954023748 ], [ -81.43232862984857, 28.358311908223609 ], [ -81.432329854854061, 28.358312204613917 ], [ -81.432331066219831, 28.358312837756788 ], [ -81.432332274064493, 28.358313796897637 ], [ -81.432333489551581, 28.358315066306488 ], [ -81.43233472443967, 28.358316625733472 ], [ -81.432335990572483, 28.358318450965257 ], [ -81.432337299328069, 28.358320514466751 ] ] ] } },
{ "type": "Feature", "properties": { "id": 48, "area_ha": 0.0045021335371800203 }, "geometry": { "type": "Polygon", "coordinates": [ [ [ -81.430506085388771, 28.359586088246868 ], [ -81.430507278449468, 28.359585412814074 ], [ -81.430508460344669, 28.359584730938028 ], [ -81.430509628537578, 28.359584044701524 ], [ -81.430510780868929, 28.359583356805285 ], [ -81.43051191558331, 28.359582670540288 ], [ -81.43051303134898, 28.35958198974642 ], [ -81.430514127270612, 28.359581318758437 ], [ -81.43051520289481, 28.359580662339823 ], [ -81.430516258207788, 28.359580025606036 ], [ -81.430517293625712, 28.35957941393848 ], [ -81.430518309977131, 28.359578832891046 ], [ -81.430519308478125, 28.359578288090994 ], [ -81.430520290700343, 28.359577785136391 ], [ -81.430521258532409, 28.35957732949214 ], [ -81.43052221413528, 28.359576926387003 ], [ -81.430523159892289, 28.359576580713608 ], [ -81.430524098354738, 28.359576296933852 ], [ -81.430525032183823, 28.359576078991651 ], [ -81.43052596409018, 28.359575930235028 ], [ -81.430526896771596, 28.359575853349231 ], [ -81.430527832850615, 28.359575850302484 ], [ -81.430528774812629, 28.359575922305538 ], [ -81.430529724945842, 28.359576069785934 ], [ -81.430530685284126, 28.359576292377728 ], [ -81.430531657553871, 28.359576588926792 ], [ -81.430532643125673, 28.359576957511752 ], [ -81.430533642972023, 28.359577395480073 ], [ -81.430534657631497, 28.35957789949855 ], [ -81.430535687180424, 28.359578465617126 ], [ -81.430536731212413, 28.359579089344756 ], [ -81.430537788826143, 28.359579765735425 ], [ -81.430538858621944, 28.359580489482795 ], [ -81.430539938706886, 28.359581255021098 ], [ -81.430541026708696, 28.359582056630245 ], [ -81.430542119798076, 28.359582888542871 ], [ -81.430543214719165, 28.359583745050934 ], [ -81.430544307827631, 28.359584620609439 ], [ -81.430545395135681, 28.35958550993535 ], [ -81.430546472363289, 28.359586408099233 ], [ -81.430547534994773, 28.359587310607878 ], [ -81.430548578339668, 28.359588213476112 ], [ -81.430549597596766, 28.359589113286248 ], [ -81.430550587920493, 28.35959000723409 ], [ -81.430551544488125, 28.359590893160469 ], [ -81.430552462566865, 28.359591769567903 ], [ -81.430553337579582, 28.35959263562199 ], [ -81.430554165168033, 28.359593491137872 ], [ -81.430554941252609, 28.359594336552131 ], [ -81.430555662087301, 28.359595172880876 ], [ -81.430556324309421, 28.359596001665381 ], [ -81.430556924982781, 28.359596824906351 ], [ -81.430557461633882, 28.359597644988767 ], [ -81.430557932280621, 28.359598464598982 ], [ -81.43055833545283, 28.359599286636175 ], [ -81.430558670204533, 28.359600114120319 ], [ -81.430558936117976, 28.359600950098773 ], [ -81.430559133298956, 28.359601797553818 ], [ -81.430559262364213, 28.359602659313289 ], [ -81.430559324420798, 28.359603537966255 ], [ -81.430559321038118, 28.359604435785936 ], [ -81.43055925421308, 28.35960535466139 ], [ -81.4305591263293, 28.359606296039551 ], [ -81.430558940110856, 28.359607260878988 ], [ -81.430558698571787, 28.359608249616208 ], [ -81.430558404962042, 28.359609262145298 ], [ -81.430558062711228, 28.359610297811116 ], [ -81.430557675370778, 28.359611355416199 ], [ -81.43055724655585, 28.359612433240912 ], [ -81.430556779887965, 28.359613529076292 ], [ -81.430556278939363, 28.359614640268617 ], [ -81.430555747179881, 28.359615763774478 ], [ -81.430555187927439, 28.359616896224932 ], [ -81.430554604302898, 28.359618033997013 ], [ -81.430553999189769, 28.359619173290774 ], [ -81.430553375199722, 28.359620310209976 ], [ -81.430552734644024, 28.35962144084429 ], [ -81.430552079511557, 28.359622561351049 ], [ -81.430551411453379, 28.35962366803447 ], [ -81.430550731774119, 28.359624757420463 ], [ -81.430550041430152, 28.359625826325139 ], [ -81.430549341034322, 28.359626871915413 ], [ -81.430548630866852, 28.359627891760258 ], [ -81.430547910892514, 28.359628883871359 ], [ -81.43054718078298, 28.359629846732279 ], [ -81.430546439944195, 28.359630779315481 ], [ -81.430545687548033, 28.359631681086849 ], [ -81.430544922567492, 28.359632551997667 ], [ -81.430544143814743, 28.359633392464399 ], [ -81.430543349981235, 28.359634203336764 ], [ -81.430542539679038, 28.359634985854985 ], [ -81.430541711482704, 28.359635741597444 ], [ -81.430540863970876, 28.359636472419922 ], [ -81.430539995766836, 28.359637180388109 ], [ -81.430539105577324, 28.35963786770505 ], [ -81.430538192229065, 28.359638536635394 ], [ -81.430537254702287, 28.359639189428268 ], [ -81.430536292160852, 28.359639828240759 ], [ -81.430535303978459, 28.359640455063889 ], [ -81.430534289760757, 28.359641071652895 ], [ -81.430533249362867, 28.359641679463532 ], [ -81.43053218290234, 28.359642279595935 ], [ -81.430531090767417, 28.359642872747443 ], [ -81.430529973620594, 28.359643459175455 ], [ -81.430528832397528, 28.359644038671263 ], [ -81.430527668301636, 28.359644610545427 ], [ -81.430526482794306, 28.359645173625015 ], [ -81.430525277581438, 28.359645726262798 ], [ -81.430524054596177, 28.35964626635808 ], [ -81.430522815978733, 28.359646791388617 ], [ -81.430521564053308, 28.359647298452924 ], [ -81.430520301302877, 28.359647784321755 ], [ -81.43051903034214, 28.359648245497699 ], [ -81.430517753889163, 28.359648678281218 ], [ -81.430516474736208, 28.359649078841713 ], [ -81.430515195720261, 28.359649443291868 ], [ -81.43051391969361, 28.35964976776339 ], [ -81.430512649494915, 28.359650048482575 ], [ -81.430511387921371, 28.359650281843781 ], [ -81.430510137701987, 28.359650464479135 ], [ -81.430508901472663, 28.359650593323003 ], [ -81.430507681753028, 28.359650665669648 ], [ -81.430506480925558, 28.359650679222938 ], [ -81.430505301216968, 28.359650632136987 ], [ -81.430504144682274, 28.359650523046984 ], [ -81.430503013191284, 28.359650351089638 ], [ -81.430501908417995, 28.359650115912878 ], [ -81.430500831832632, 28.359649817674953 ], [ -81.430499784696565, 28.359649457032955 ], [ -81.430498768059863, 28.359649035121464 ], [ -81.430497782761535, 28.359648553521914 ], [ -81.430496829432442, 28.359648014223666 ], [ -81.430495908500646, 28.359647419578017 ], [ -81.430495020199132, 28.359646772246268 ], [ -81.43049416457572, 28.359646075143505 ], [ -81.430493341505127, 28.359645331379365 ], [ -81.430492550702851, 28.35964454419754 ], [ -81.430491791740693, 28.359643716915478 ], [ -81.430491064064043, 28.359642852865786 ], [ -81.430490367010123, 28.359641955340877 ], [ -81.430489699827717, 28.359641027542057 ], [ -81.4304890616975, 28.359640072534365 ], [ -81.430488451753192, 28.35963909320807 ], [ -81.430487869103089, 28.35963809224771 ], [ -81.430487312851909, 28.359637072109152 ], [ -81.430486782122458, 28.359636035005131 ], [ -81.430486276077147, 28.359634982899323 ], [ -81.430485793938956, 28.359633917508756 ], [ -81.430485335011596, 28.359632840314315 ], [ -81.430484898698623, 28.359631752578565 ], [ -81.430484484521358, 28.359630655370328 ], [ -81.430484092135146, 28.359629549594761 ], [ -81.43048372134389, 28.35962843602799 ], [ -81.430483372112519, 28.359627315355016 ], [ -81.430483044577173, 28.359626188209418 ], [ -81.430482739052948, 28.359625055213666 ], [ -81.430482456038774, 28.359623917018489 ], [ -81.430482196219671, 28.359622774339972 ], [ -81.430481960465727, 28.359621627993196 ], [ -81.430481749828118, 28.359620478921059 ], [ -81.430481565531807, 28.359619328217455 ], [ -81.43048140896498, 28.359618177143666 ], [ -81.430481281665251, 28.359617027137585 ], [ -81.430481185302781, 28.359615879815163 ], [ -81.430481121660037, 28.35961473696381 ], [ -81.430481092608957, 28.359613600527982 ], [ -81.43048110008516, 28.359612472586885 ], [ -81.430481146059947, 28.359611355325207 ], [ -81.430481232510019, 28.359610250997189 ], [ -81.430481361385645, 28.359609161885285 ], [ -81.430481534577495, 28.359608090254316 ], [ -81.430481753882688, 28.359607038302538 ], [ -81.430482020970601, 28.35960600811088 ], [ -81.430482337348849, 28.359605001591952 ], [ -81.430482704330245, 28.359604020440237 ], [ -81.430483123001096, 28.359603066085107 ], [ -81.430483594191529, 28.359602139648057 ], [ -81.430484118448419, 28.359601241905573 ], [ -81.430484696011405, 28.359600373259063 ], [ -81.430485326792734, 28.359599533712789 ], [ -81.430486010361079, 28.359598722860891 ], [ -81.430486745930054, 28.359597939884232 ], [ -81.43048753235179, 28.359597183557455 ], [ -81.430488368115618, 28.359596452266597 ], [ -81.430489251352341, 28.3595957440372 ], [ -81.430490179844085, 28.35959505657253 ], [ -81.430491151039831, 28.359594387301396 ], [ -81.430492162076533, 28.35959373343475 ], [ -81.430493209805562, 28.359593092029879 ], [ -81.430494290824413, 28.35959246006092 ], [ -81.430495401513042, 28.359591834494253 ], [ -81.430496538074564, 28.359591212366986 ], [ -81.430497696579664, 28.359590590866819 ], [ -81.430498873013974, 28.359589967411388 ], [ -81.430500063327997, 28.359589339725218 ], [ -81.430501263488296, 28.359588705912305 ], [ -81.430502469529543, 28.359588064522679 ], [ -81.430503677606509, 28.359587414610939 ], [ -81.430504884044581, 28.359586755785493 ], [ -81.430506085388771, 28.359586088246868 ] ] ] } },
{ "type": "Feature", "properties": { "id": 49, "area_ha": 0.95115545222754938 }, "geometry": { "type": "Polygon", "coordinates": [ [ [ -81.43260761696817, 28.359838139849789 ], [ -81.432615714826511, 28.35985707612522 ], [ -81.432622113837382, 28.359876867259057 ], [ -81.432626928672647, 28.359897328027149 ], [ -81.43263043463628, 28.359918115093265 ], [ -81.43263333673778, 28.35993878667923 ], [ -81.43263670147536, 28.359958971947442 ], [ -81.432641530490798, 28.35997853632335 ], [ -81.432648229428722, 28.359997637241086 ], [ -81.432656339603696, 28.360016631074284 ], [ -81.432664764623141, 28.360035876078108 ], [ -81.432672414468399, 28.360055532671556 ], [ -81.432678902636056, 28.360075464120442 ], [ -81.432684860735989, 28.360095289784052 ], [ -81.432691641301034, 28.360114566913559 ], [ -81.432700548042192, 28.360133013024782 ], [ -81.432712037422689, 28.360150659131538 ], [ -81.432725379891082, 28.360167854609244 ], [ -81.432739012662751, 28.360185113700823 ], [ -81.432751404747648, 28.360202870706491 ], [ -81.432761936677906, 28.360221260004504 ], [ -81.432771270141615, 28.360240033029861 ], [ -81.432780971273928, 28.360258664768832 ], [ -81.432792588464181, 28.360276611308716 ], [ -81.432806711143598, 28.360293599945727 ], [ -81.432822554333541, 28.360309806329024 ], [ -81.432838312169153, 28.360325818860762 ], [ -81.432852080580119, 28.36034239277793 ], [ -81.432862826312189, 28.360360106343155 ], [ -81.432870863789191, 28.360379090786275 ], [ -81.432877595309108, 28.360398977079864 ], [ -81.432884693603611, 28.360419094475144 ], [ -81.432893208225877, 28.360438821751011 ], [ -81.432903088741099, 28.36045790553316 ], [ -81.432913347227242, 28.360476572848636 ], [ -81.43292270474727, 28.360495375864062 ], [ -81.432930309043371, 28.360514857028488 ], [ -81.432936115286154, 28.3605352272657 ], [ -81.432940763364357, 28.360556245104995 ], [ -81.432945098174514, 28.360577368778969 ], [ -81.432949667850281, 28.360598090901444 ], [ -81.432954496023001, 28.360618252330983 ], [ -81.432959205948336, 28.360638138983642 ], [ -81.432963334606399, 28.360658293454836 ], [ -81.432966572923661, 28.360679148693198 ], [ -81.432968760709457, 28.360700706913399 ], [ -81.432969673779439, 28.360722468047896 ], [ -81.432968811767608, 28.360743663072462 ], [ -81.432965405130943, 28.360763655160078 ], [ -81.432958700868838, 28.36078225503417 ], [ -81.432948370611953, 28.360799735057864 ], [ -81.432934767032734, 28.36081650603845 ], [ -81.432918825899947, 28.360832637966006 ], [ -81.432901633365901, 28.360847526375917 ], [ -81.432883905767923, 28.360859946222199 ], [ -81.432865705230626, 28.36086851819773 ], [ -81.432846576856264, 28.360872360882979 ], [ -81.432826022461199, 28.360871568544308 ], [ -81.432803996805461, 28.360867229252367 ], [ -81.432781082322194, 28.360860949971759 ], [ -81.432758200472776, 28.360854143146597 ], [ -81.432736031634136, 28.360847481542443 ], [ -81.43271453786241, 28.360840845362766 ], [ -81.432692957292318, 28.360833804737229 ], [ -81.432670360721573, 28.36082635922735 ], [ -81.432646490489503, 28.360819483618336 ], [ -81.432622371752274, 28.360815115544565 ], [ -81.432600257507843, 28.360815526389072 ], [ -81.432582823799436, 28.360822372288023 ], [ -81.432571974759114, 28.360835921862453 ], [ -81.432567885565376, 28.36085488112403 ], [ -81.432568832104863, 28.360876920946549 ], [ -81.432571955105303, 28.360899634593618 ], [ -81.432574600816551, 28.360921426445643 ], [ -81.432575555634017, 28.360941886571212 ], [ -81.432575536686144, 28.360961506223703 ], [ -81.432576694193997, 28.360980961620488 ], [ -81.432581405922321, 28.361000422709854 ], [ -81.432591008165645, 28.361019301236329 ], [ -81.432605114508291, 28.361036569975017 ], [ -81.432621830462921, 28.36105143421107 ], [ -81.432638681171696, 28.361063926086498 ], [ -81.432653706675325, 28.361075044159371 ], [ -81.432666135976902, 28.361086338431388 ], [ -81.432676330042412, 28.361099175087698 ], [ -81.432685108485103, 28.361114104367665 ], [ -81.432692899945252, 28.36113068811532 ], [ -81.432699211395089, 28.361147864428023 ], [ -81.432702690837132, 28.36116460596865 ], [ -81.432701709392077, 28.361180459364785 ], [ -81.432695117173026, 28.361195635682353 ], [ -81.432682772286725, 28.361210603893706 ], [ -81.432665606557833, 28.361225449030471 ], [ -81.432645255673705, 28.361239407708343 ], [ -81.432623487493771, 28.361250895991883 ], [ -81.432601709755232, 28.361258057265069 ], [ -81.432580733439607, 28.361259551814928 ], [ -81.432560802020987, 28.361255164824566 ], [ -81.432541776588508, 28.361245907504351 ], [ -81.432523346621181, 28.361233565740147 ], [ -81.432505194070401, 28.361219946952271 ], [ -81.432487106916952, 28.361206220183092 ], [ -81.432469061431348, 28.361192662971423 ], [ -81.432451265625829, 28.361178881245202 ], [ -81.432434123513659, 28.361164307266833 ], [ -81.43241809075721, 28.361148655633933 ], [ -81.432403457338538, 28.361132088466256 ], [ -81.432390168486705, 28.36111504840007 ], [ -81.432377814061638, 28.361097925806291 ], [ -81.432365841523605, 28.36108080928225 ], [ -81.432353907888256, 28.361063486361019 ], [ -81.432342168254038, 28.361045679354216 ], [ -81.432331292046797, 28.361027341841844 ], [ -81.432322130971372, 28.361008805103697 ], [ -81.432315171641079, 28.360990667559093 ], [ -81.432310066732086, 28.360973490904748 ], [ -81.43230554101045, 28.360957491684395 ], [ -81.432299790263642, 28.36094241794838 ], [ -81.432291220932782, 28.360927681370622 ], [ -81.432279170126137, 28.360912656216225 ], [ -81.432264227902323, 28.360896960566517 ], [ -81.432247978159822, 28.360880560390971 ], [ -81.432232278183207, 28.360863661323744 ], [ -81.4322184394657, 28.360846491140034 ], [ -81.43220671628309, 28.360829137036109 ], [ -81.432196331027441, 28.360811548885888 ], [ -81.432185972089798, 28.360793692500884 ], [ -81.432174460681225, 28.360775724274077 ], [ -81.432161229011584, 28.360758038258087 ], [ -81.43214640054714, 28.360741123570811 ], [ -81.432130510864354, 28.360725305816565 ], [ -81.432114100843009, 28.360710538119498 ], [ -81.432097444166061, 28.360696389801642 ], [ -81.4320805393385, 28.36068226004063 ], [ -81.43206330478381, 28.360667696118497 ], [ -81.432045794643727, 28.360652618648121 ], [ -81.432028274532868, 28.360637304638516 ], [ -81.432011129470041, 28.360622128459102 ], [ -81.431994713295367, 28.360607218795199 ], [ -81.431979285389275, 28.360592254769198 ], [ -81.431965089868569, 28.360576550002211 ], [ -81.431952486281673, 28.360559399938385 ], [ -81.4319419585308, 28.360540499929851 ], [ -81.431933890009276, 28.360520184390531 ], [ -81.431928173845094, 28.360499330440099 ], [ -81.431923906668445, 28.360478960999508 ], [ -81.431919451748428, 28.360459759024629 ], [ -81.431912991904085, 28.360441760358537 ], [ -81.431903397927016, 28.360424393264775 ], [ -81.431890989954837, 28.360406836637296 ], [ -81.431877739385385, 28.36038849194766 ], [ -81.431866701516554, 28.360369308962799 ], [ -81.431860871315209, 28.360349800378582 ], [ -81.4318619914648, 28.360330764161933 ], [ -81.431869906655805, 28.360312892741245 ], [ -81.431882792498357, 28.360296492384805 ], [ -81.431898127023445, 28.360281445938163 ], [ -81.431913875938733, 28.360267392021626 ], [ -81.431929260627868, 28.360253967625209 ], [ -81.431944733751962, 28.360240945464689 ], [ -81.43196125382218, 28.360228194658045 ], [ -81.431979352688131, 28.36021553210027 ], [ -81.431998589874951, 28.360202615953444 ], [ -81.432017727084954, 28.360189003885441 ], [ -81.43203549487464, 28.360174375596181 ], [ -81.432051444344694, 28.3601587850948 ], [ -81.432066313937341, 28.360142757056174 ], [ -81.432081636994624, 28.360127115845327 ], [ -81.432098791259136, 28.360112596456464 ], [ -81.432118055325958, 28.360099435164635 ], [ -81.432138261737009, 28.36008717703891 ], [ -81.432157298873804, 28.360074834003459 ], [ -81.432173211951138, 28.360061334748778 ], [ -81.432185287934587, 28.360046037909061 ], [ -81.432194501928933, 28.360029034972555 ], [ -81.432203061764454, 28.360011080186894 ], [ -81.432213302142003, 28.359993190138454 ], [ -81.432226546414455, 28.359976137689081 ], [ -81.432242559300576, 28.359960118214481 ], [ -81.43225986058323, 28.359944760456077 ], [ -81.432276672996593, 28.359929452619944 ], [ -81.432291931689875, 28.359913775055311 ], [ -81.432305784653408, 28.359897777848516 ], [ -81.432319347244814, 28.359881943528567 ], [ -81.432333926590516, 28.359866869256262 ], [ -81.432350227890581, 28.359852873733786 ], [ -81.432368025066054, 28.359839781400911 ], [ -81.432386457788553, 28.359827033610753 ], [ -81.432404716087092, 28.359814084372804 ], [ -81.432422642726138, 28.35980086845856 ], [ -81.432440857342527, 28.359788079057779 ], [ -81.432460325736884, 28.359777088102305 ], [ -81.432481653450665, 28.359769529342099 ], [ -81.432504551152533, 28.359766738040626 ], [ -81.432527802409453, 28.359769308831428 ], [ -81.432549746516187, 28.359776963912871 ], [ -81.432568977318994, 28.359788761801386 ], [ -81.432584848214745, 28.359803513062104 ], [ -81.432597523362332, 28.359820188411057 ], [ -81.43260761696817, 28.359838139849789 ] ] ] } },
{ "type": "Feature", "properties": { "id": 50, "area_ha": 0.0042366281356271632 }, "geometry": { "type": "Polygon", "coordinates": [ [ [ -81.431001115975349, 28.360538466179239 ], [ -81.431002423596638, 28.360538187744488 ], [ -81.431003733763077, 28.36053794643199 ], [ -81.431005041394727, 28.360537741932806 ], [ -81.431006342159108, 28.360537573942221 ], [ -81.431007632513086, 28.360537442175559 ], [ -81.431008909714905, 28.360537346383847 ], [ -81.431010171806776, 28.360537286368391 ], [ -81.431011417570375, 28.360537261993496 ], [ -81.431012646457731, 28.360537273196538 ], [ -81.431013858501501, 28.360537319994517 ], [ -81.431015054208956, 28.360537402486436 ], [ -81.431016234444883, 28.360537520850979 ], [ -81.431017400308605, 28.360537675338929 ], [ -81.431018553010745, 28.360537866260028 ], [ -81.431019693755061, 28.360538093964468 ], [ -81.431020823630632, 28.360538358818985 ], [ -81.431021943518616, 28.360538661177927 ], [ -81.431023054018027, 28.360539001350251 ], [ -81.431024155393004, 28.360539379562958 ], [ -81.431025247544241, 28.360539795922346 ], [ -81.431026330005082, 28.360540250374214 ], [ -81.431027401962808, 28.360540742664433 ], [ -81.431028462303402, 28.360541272301433 ], [ -81.431029509678169, 28.36054183852211 ], [ -81.431030542588658, 28.360542440262751 ], [ -81.431031559486144, 28.360543076136278 ], [ -81.431032558880986, 28.360543744417452 ], [ -81.431033539456479, 28.360544443036755 ], [ -81.431034500182164, 28.360545169584334 ], [ -81.431035440420601, 28.360545921324199 ], [ -81.431036360022574, 28.360546695219348 ], [ -81.4310372594054, 28.360547487967459 ], [ -81.43103813961018, 28.360548296047053 ], [ -81.431039002333932, 28.360549115773104 ], [ -81.431039849934209, 28.360549943361136 ], [ -81.431040685404142, 28.360550774998277 ], [ -81.431041512317478, 28.360551606919504 ], [ -81.431042334744149, 28.360552435487136 ], [ -81.43104315713812, 28.360553257271285 ], [ -81.431043984200429, 28.360554069128955 ], [ -81.431044820721553, 28.360554868279383 ], [ -81.431045671407688, 28.360555652373396 ], [ -81.431046540696997, 28.360556419554094 ], [ -81.431047432571816, 28.360557168507274 ], [ -81.431048350373601, 28.360557898499398 ], [ -81.431049296627236, 28.360558609401561 ], [ -81.431050272881535, 28.360559301698547 ], [ -81.431051279571903, 28.360559976481934 ], [ -81.431052315911231, 28.360560635427191 ], [ -81.431053379813363, 28.360561280754823 ], [ -81.4310544678535, 28.360561915176362 ], [ -81.43105557526799, 28.360562541826326 ], [ -81.431056695994783, 28.360563164181752 ], [ -81.431057822754994, 28.360563785971284 ], [ -81.431058947173881, 28.360564411076457 ], [ -81.431060059938773, 28.36056504342741 ], [ -81.431061150989891, 28.36056568689639 ], [ -81.431062209739025, 28.360566345191625 ], [ -81.431063225309799, 28.360567021754985 ], [ -81.43106418679244, 28.36056771966604 ], [ -81.431065083505857, 28.360568441555554 ], [ -81.431065905258563, 28.360569189530953 ], [ -81.431066642600911, 28.360569965115822 ], [ -81.431067287060372, 28.360570769205452 ], [ -81.431067831352848, 28.360571602039634 ], [ -81.431068269563127, 28.360572463193577 ], [ -81.431068597288643, 28.360573351587217 ], [ -81.431068811742179, 28.360574265512582 ], [ -81.431068911809959, 28.360575202678518 ], [ -81.431068898063302, 28.360576160271133 ], [ -81.431068772723293, 28.360577135028311 ], [ -81.431068539579869, 28.360578123325901 ], [ -81.431068203867383, 28.360579121272785 ], [ -81.431067772101144, 28.360580124812046 ], [ -81.431067251879654, 28.360581129824894 ], [ -81.431066651659265, 28.360582132234132 ], [ -81.431065980508308, 28.360583128104054 ], [ -81.431065247848466, 28.360584113733445 ], [ -81.431064463191959, 28.360585085738865 ], [ -81.431063635882538, 28.360586041125707 ], [ -81.431062774848755, 28.360586977344617 ], [ -81.431061888377116, 28.360587892331782 ], [ -81.431060983912275, 28.360588784531767 ], [ -81.431060067890257, 28.360589652902252 ], [ -81.431059145609737, 28.360590496900702 ], [ -81.431058221145008, 28.36059131645348 ], [ -81.431057297302871, 28.360592111908598 ], [ -81.431056375624081, 28.360592883973681 ], [ -81.43105545642868, 28.360593633641411 ], [ -81.431054538902757, 28.360594362105047 ], [ -81.431053621223199, 28.360595070666797 ], [ -81.431052700715114, 28.360595760642443 ], [ -81.431051774036291, 28.360596433265346 ], [ -81.431050837381463, 28.360597089593206 ], [ -81.431049886698887, 28.360597730420942 ], [ -81.431048917911511, 28.360598356202626 ], [ -81.431047927134443, 28.360598966985364 ], [ -81.431046910881065, 28.3605995623575 ], [ -81.431045866250429, 28.360600141413144 ], [ -81.431044791089178, 28.360600702734342 ], [ -81.431043684122486, 28.360601244391837 ], [ -81.431042545049323, 28.360601763964794 ], [ -81.431041374598749, 28.36060225857879 ], [ -81.431040174545643, 28.360602724961499 ], [ -81.431038947685224, 28.360603159514259 ], [ -81.43103769776755, 28.360603558397575 ], [ -81.431036429394666, 28.360603917628037 ], [ -81.431035147883989, 28.360604233183668 ], [ -81.431033859103366, 28.360604501114548 ], [ -81.431032569283502, 28.36060471765531 ], [ -81.431031284814907, 28.360604879336062 ], [ -81.431030012036771, 28.360604983088145 ], [ -81.431028757025231, 28.360605026341609 ], [ -81.431027525389126, 28.360605007111172 ], [ -81.431026322080314, 28.36060492406795 ], [ -81.43102515122591, 28.360604776594727 ], [ -81.431024015988129, 28.360604564822832 ], [ -81.431022918457245, 28.360604289649409 ], [ -81.431021859581577, 28.360603952734365 ], [ -81.431020839137048, 28.360603556477031 ], [ -81.431019855737873, 28.360603103972917 ], [ -81.431018906887701, 28.3606025989518 ], [ -81.431017989070213, 28.360602045698872 ], [ -81.431017097875639, 28.360601448961056 ], [ -81.431016228159137, 28.360600813841113 ], [ -81.431015374225595, 28.360600145682639 ], [ -81.431014530034432, 28.360599449949049 ], [ -81.431013689417441, 28.360598732100012 ], [ -81.431012846301954, 28.360597997468748 ], [ -81.431011994931836, 28.360597251143584 ], [ -81.43101113007846, 28.360596497857024 ], [ -81.431010247234425, 28.360595741885309 ], [ -81.431009342783412, 28.360594986961068 ], [ -81.431008414140081, 28.360594236201351 ], [ -81.431007459855451, 28.36059349205285 ], [ -81.431006479683873, 28.360592756255407 ], [ -81.431005474609563, 28.360592029824677 ], [ -81.431004446831636, 28.360591313053888 ], [ -81.431003399708317, 28.36059060553454 ], [ -81.431002337662264, 28.360589906194829 ], [ -81.431001266050401, 28.360589213354515 ], [ -81.431000191002738, 28.360588524794419 ], [ -81.430999119235977, 28.36058783783804 ], [ -81.430998057848157, 28.360587149443102 ], [ -81.430997014101749, 28.36058645630003 ], [ -81.430995995202437, 28.360585754934615 ], [ -81.430995008081567, 28.360585041811913 ], [ -81.430994059189402, 28.360584313438594 ], [ -81.43099315430662, 28.360583566460917 ], [ -81.430992298380175, 28.360582797756056 ], [ -81.430991495389321, 28.360582004514391 ], [ -81.43099074824616, 28.360581184310956 ], [ -81.430990058734039, 28.360580335164663 ], [ -81.430989427485713, 28.360579455584187 ], [ -81.430988854001725, 28.36057854459985 ], [ -81.43098833670831, 28.36057760178144 ], [ -81.430987873052374, 28.360576627242072 ], [ -81.430987459630103, 28.360575621628875 ], [ -81.430987092344637, 28.360574586101333 ], [ -81.430986766586713, 28.360573522298708 ], [ -81.430986477432199, 28.360572432298035 ], [ -81.43098621984943, 28.360571318564471 ], [ -81.430985988908617, 28.360570183895785 ], [ -81.430985779986472, 28.360569031362989 ], [ -81.430985588958308, 28.360567864249035 ], [ -81.430985412371442, 28.360566685987308 ], [ -81.43098524759337, 28.3605655001017 ], [ -81.430985092929774, 28.360564310149876 ], [ -81.430984947708438, 28.360563119670804 ], [ -81.430984812325931, 28.360561932137877 ], [ -81.430984688255762, 28.360560750918257 ], [ -81.430984578017672, 28.36055957923897 ], [ -81.430984485109306, 28.360558420160032 ], [ -81.43098441390265, 28.360557276554559 ], [ -81.430984369509005, 28.360556151095526 ], [ -81.430984357617092, 28.360555046248795 ], [ -81.430984384310079, 28.360553964271663 ], [ -81.4309844558679, 28.36055290721615 ], [ -81.430984578561223, 28.360551876936157 ], [ -81.43098475844495, 28.360550875097545 ], [ -81.430985001157254, 28.360549903190208 ], [ -81.430985311731689, 28.360548962541191 ], [ -81.430985694428088, 28.360548054328152 ], [ -81.43098615258819, 28.360547179592345 ], [ -81.430986688520079, 28.360546339250636 ], [ -81.43098730341562, 28.360545534106091 ], [ -81.43098799730268, 28.360544764856915 ], [ -81.430988769033704, 28.360544032103636 ], [ -81.430989616310342, 28.360543336354613 ], [ -81.430990535742737, 28.360542678030047 ], [ -81.430991522940985, 28.360542057464901 ], [ -81.43099257263512, 28.360541474910999 ], [ -81.430993678818979, 28.360540930538928 ], [ -81.430994834912738, 28.36054042444016 ], [ -81.430996033938129, 28.3605399566299 ], [ -81.430997268700111, 28.360539527051134 ], [ -81.430998531968783, 28.360539135580119 ], [ -81.43099981665523, 28.360538782033846 ], [ -81.431001115975349, 28.360538466179239 ] ] ] } },
{ "type": "Feature", "properties": { "id": 51, "area_ha": 0.0044919151710397899 }, "geometry": { "type": "Polygon", "coordinates": [ [ [ -81.431796265231227, 28.361007386303857 ], [ -81.431797204199057, 28.361008138791835 ], [ -81.431798130068998, 28.361008958063771 ], [ -81.431799043807956, 28.361009836455576 ], [ -81.431799945961743, 28.361010765999922 ], [ -81.431800836599933, 28.361011738621091 ], [ -81.431801715278979, 28.361012746325798 ], [ -81.431802581024485, 28.361013781384436 ], [ -81.431803432332657, 28.361014836497514 ], [ -81.431804267190913, 28.361015904942683 ], [ -81.431805083116188, 28.361016980698523 ], [ -81.431805877209754, 28.361018058542182 ], [ -81.431806646226249, 28.361019134118678 ], [ -81.431807386654455, 28.361020203981042 ], [ -81.431808094807153, 28.361021265601043 ], [ -81.431808766916774, 28.361022317351708 ], [ -81.43180939923397, 28.361023358463132 ], [ -81.431809988125764, 28.361024388954597 ], [ -81.43181053017021, 28.361025409546137 ], [ -81.431811022244972, 28.361026421553664 ], [ -81.431811461606813, 28.361027426771894 ], [ -81.431811845960212, 28.36102842734984 ], [ -81.431812173513009, 28.361029425663421 ], [ -81.431812443017989, 28.361030424189885 ], [ -81.431812653799412, 28.361031425388362 ], [ -81.431812805764366, 28.361032431590537 ], [ -81.431812899398977, 28.361033444904741 ], [ -81.431812935750173, 28.361034467136378 ], [ -81.431812916394321, 28.361035499726562 ], [ -81.431812843393757, 28.361036543710419 ], [ -81.431812719243595, 28.361037599695319 ], [ -81.431812546810292, 28.361038667858782 ], [ -81.431812329264403, 28.361039747965073 ], [ -81.431812070009812, 28.361040839398505 ], [ -81.431811772611496, 28.361041941211223 ], [ -81.431811440724047, 28.361043052182549 ], [ -81.431811078022932, 28.361044170886665 ], [ -81.431810688140089, 28.361045295765155 ], [ -81.431810274605525, 28.361046425200897 ], [ -81.431809840795793, 28.361047557589831 ], [ -81.431809389890333, 28.361048691407415 ], [ -81.43180892483602, 28.361049825266683 ], [ -81.431808448319998, 28.361050957965599 ], [ -81.431807962750483, 28.361052088521649 ], [ -81.431807470245289, 28.361053216192467 ], [ -81.431806972626859, 28.361054340481658 ], [ -81.431806471423172, 28.361055461129972 ], [ -81.431805967873274, 28.361056578092445 ], [ -81.431805462936097, 28.361057691502701 ], [ -81.431804957301637, 28.361058801626424 ], [ -81.43180445140321, 28.361059908806215 ], [ -81.431803945429522, 28.361061013400491 ], [ -81.431803439336235, 28.361062115719591 ], [ -81.431802932855661, 28.361063215961867 ], [ -81.431802425504813, 28.361064314153129 ], [ -81.431801916591212, 28.361065410092149 ], [ -81.431801405216675, 28.361066503305057 ], [ -81.431800890279519, 28.361067593010837 ], [ -81.431800370475713, 28.361068678099748 ], [ -81.431799844299633, 28.361069757126003 ], [ -81.431799310045776, 28.361070828315167 ], [ -81.431798765811962, 28.361071889586537 ], [ -81.431798209505615, 28.361072938589526 ], [ -81.431797638854007, 28.361073972753058 ], [ -81.43179705141948, 28.36107498934587 ], [ -81.431796444620744, 28.361075985545487 ], [ -81.431795815760594, 28.361076958512914 ], [ -81.431795162060894, 28.361077905470133 ], [ -81.431794480704696, 28.361078823776932 ], [ -81.431793768885399, 28.361079711003811 ], [ -81.431793023862483, 28.361080564997678 ], [ -81.43179224302294, 28.361081383937439 ], [ -81.431791423947075, 28.361082166376704 ], [ -81.43179056447741, 28.36108291127136 ], [ -81.43178966278856, 28.361083617990708 ], [ -81.431788717456598, 28.361084286310884 ], [ -81.431787727525048, 28.361084916390443 ], [ -81.431786692565979, 28.361085508728738 ], [ -81.43178561273352, 28.361086064108044 ], [ -81.431784488807679, 28.361086583521544 ], [ -81.431783322226721, 28.361087068089745 ], [ -81.43178211510606, 28.36108751896829 ], [ -81.431780870242562, 28.361087937250936 ], [ -81.431779591102909, 28.361088323871364 ], [ -81.431778281795744, 28.361088679508114 ], [ -81.431776947027359, 28.361089004496577 ], [ -81.431775592041376, 28.361089298751995 ], [ -81.431774222543424, 28.361089561707178 ], [ -81.431772844612198, 28.361089792268203 ], [ -81.431771464598896, 28.361089988790546 ], [ -81.431770089017434, 28.361090149077814 ], [ -81.431768724428153, 28.361090270404073 ], [ -81.431767377317925, 28.361090349560179 ], [ -81.431766053980255, 28.361090382923454 ], [ -81.431764760398238, 28.36109036654932 ], [ -81.431763502134118, 28.361090296282491 ], [ -81.431762284228455, 28.361090167884552 ], [ -81.431761111111882, 28.361089977174228 ], [ -81.431759986532143, 28.361089720175691 ], [ -81.431758913498783, 28.361089393270255 ], [ -81.431757894246999, 28.361088993345994 ], [ -81.431756930221951, 28.36108851794036 ], [ -81.431756022084159, 28.361087965370299 ], [ -81.431755169735695, 28.361087334845024 ], [ -81.431754372366527, 28.361086626557082 ], [ -81.431753628519687, 28.361085841747595 ], [ -81.431752936173112, 28.361084982742714 ], [ -81.431752292835796, 28.361084052959033 ], [ -81.431751695655024, 28.361083056876609 ], [ -81.431751141531507, 28.36108199997949 ], [ -81.431750627238515, 28.361080888664631 ], [ -81.431750149541529, 28.361079730120977 ], [ -81.431749705314161, 28.361078532181939 ], [ -81.431749291646966, 28.361077303154985 ], [ -81.43174890594527, 28.361076051633169 ], [ -81.431748546013139, 28.361074786294132 ], [ -81.431748210120602, 28.361073515692368 ], [ -81.431747897051935, 28.361072248051183 ], [ -81.431747606133484, 28.361070991060771 ], [ -81.431747337240097, 28.361069751688596 ], [ -81.431747090780206, 28.361068536008357 ], [ -81.431746867659726, 28.361067349052774 ], [ -81.431746669226499, 28.361066194695304 ], [ -81.431746497196897, 28.361065075564607 ], [ -81.431746353567405, 28.361063992994772 ], [ -81.431746240514059, 28.361062947013203 ], [ -81.431746160283595, 28.361061936366795 ], [ -81.431746115079832, 28.361060958585949 ], [ -81.431746106949532, 28.361060010084476 ], [ -81.431746137671965, 28.361059086292794 ], [ -81.431746208655937, 28.361058181820049 ], [ -81.431746320848177, 28.361057290640588 ], [ -81.43174647465672, 28.361056406298598 ], [ -81.431746669892007, 28.361055522125 ], [ -81.431746905728332, 28.361054631459442 ], [ -81.431747180687125, 28.361053727870626 ], [ -81.431747492643396, 28.361052805367944 ], [ -81.431747838855316, 28.361051858597786 ], [ -81.431748216016572, 28.361050883018294 ], [ -81.431748620330055, 28.361049875047179 ], [ -81.431749047601002, 28.361048832177755 ], [ -81.431749493346587, 28.361047753059871 ], [ -81.431749952919006, 28.361046637543097 ], [ -81.431750421637915, 28.361045486681025 ], [ -81.4317508949282, 28.361044302696719 ], [ -81.431751368458777, 28.361043088910719 ], [ -81.431751838277648, 28.361041849634141 ], [ -81.431752300939095, 28.361040590030406 ], [ -81.431752753618539, 28.361039315950709 ], [ -81.431753194211339, 28.36103803374845 ], [ -81.431753621412057, 28.361036750079162 ], [ -81.431754034771274, 28.361035471692585 ], [ -81.431754434728106, 28.36103420522382 ], [ -81.431754822616668, 28.361032956990879 ], [ -81.431755200646208, 28.361031732804925 ], [ -81.431755571855078, 28.361030537800087 ], [ -81.431755940039409, 28.361029376288087 ], [ -81.43175630965888, 28.361028251642811 ], [ -81.431756685721638, 28.361027166218506 ], [ -81.431757073651994, 28.36102612130431 ], [ -81.431757479144522, 28.361025117116618 ], [ -81.431757908009061, 28.361024152829444 ], [ -81.431758366010897, 28.361023226641635 ], [ -81.431758858711035, 28.361022335878779 ], [ -81.431759391311161, 28.361021477126023 ], [ -81.431759968508018, 28.361020646387619 ], [ -81.431760594361265, 28.361019839267467 ], [ -81.43176127217896, 28.361019051164735 ], [ -81.431762004423533, 28.361018277477687 ], [ -81.431762792641578, 28.361017513809212 ], [ -81.431763637418754, 28.36101675616656 ], [ -81.431764538361264, 28.361016001148975 ], [ -81.431765494104312, 28.361015246116612 ], [ -81.431766502346761, 28.361014489335009 ], [ -81.43176755991098, 28.36101373009031 ], [ -81.431768662825647, 28.361012968771099 ], [ -81.431769806428761, 28.361012206914079 ], [ -81.431770985487674, 28.361011447211968 ], [ -81.431772194332083, 28.361010693483024 ], [ -81.431773426996031, 28.361009950603204 ], [ -81.431774677364388, 28.361009224402846 ], [ -81.431775939319252, 28.361008521531176 ], [ -81.431777206882131, 28.3610078492928 ], [ -81.431778474347311, 28.361007215461314 ], [ -81.431779736402888, 28.36100662807597 ], [ -81.431780988235744, 28.361006095227545 ], [ -81.43178222561788, 28.361005624840306 ], [ -81.431783444971586, 28.361005224456832 ], [ -81.431784643412229, 28.361004901032096 ], [ -81.431785818767622, 28.361004660743436 ], [ -81.431786969574148, 28.361004508821914 ], [ -81.431788095050294, 28.361004449410192 ], [ -81.431789195048978, 28.361004485451012 ], [ -81.431790269990813, 28.361004618609439 ], [ -81.431791320781031, 28.361004849230888 ], [ -81.43179234871306, 28.361005176335635 ], [ -81.431793355362345, 28.361005597649882 ], [ -81.431794342474177, 28.361006109671443 ], [ -81.431795311849285, 28.361006707767963 ], [ -81.431796265231227, 28.361007386303857 ] ] ] } },
{ "type": "Feature", "properties": { "id": 52, "area_ha": 0.0082213071502467185 }, "geometry": { "type": "Polygon", "coordinates": [ [ [ -81.430701686191313, 28.36103222100158 ], [ -81.430703527778988, 28.361031986226536 ], [ -81.430705369212674, 28.361031747085526 ], [ -81.43070720634212, 28.361031495818697 ], [ -81.430709035427071, 28.361031225329793 ], [ -81.430710853296304, 28.361030929418842 ], [ -81.430712657485813, 28.36103060299606 ], [ -81.430714446349839, 28.361030242270115 ], [ -81.430716219138517, 28.361029844904646 ], [ -81.430717976037798, 28.361029410137732 ], [ -81.430719718168163, 28.361028938859963 ], [ -81.430721447540549, 28.361028433648343 ], [ -81.430723166969287, 28.361027898753917 ], [ -81.430724879943924, 28.361027340043105 ], [ -81.430726590462726, 28.361026764893492 ], [ -81.430728302833444, 28.361026182046611 ], [ -81.430730021446905, 28.361025601421353 ], [ -81.430731750531606, 28.361025033892833 ], [ -81.430733493897321, 28.361024491042862 ], [ -81.430735254677316, 28.361023984888565 ], [ -81.430737035078479, 28.361023527596885 ], [ -81.43073883614916, 28.361023131192752 ], [ -81.430740657573921, 28.361022807269144 ], [ -81.430742497503587, 28.361022566707053 ], [ -81.430744352428789, 28.361022419413235 ], [ -81.430746217102595, 28.361022374082918 ], [ -81.430748084517603, 28.361022437994052 ], [ -81.430749945940192, 28.361022616838596 ], [ -81.430751791003203, 28.361022914595324 ], [ -81.430753607856261, 28.361023333447363 ], [ -81.430755383370737, 28.361023873746227 ], [ -81.430757103394939, 28.361024534022974 ], [ -81.430758753052558, 28.361025311045477 ], [ -81.430760317076704, 28.361026199919586 ], [ -81.430761780169632, 28.36102719423064 ], [ -81.430763127377716, 28.361028286220773 ], [ -81.430764344470532, 28.361029466996193 ], [ -81.430765418312134, 28.361030726758177 ], [ -81.430766337213143, 28.361032055050593 ], [ -81.430767091252278, 28.361033441016762 ], [ -81.430767672557096, 28.361034873657804 ], [ -81.430768075534587, 28.361036342085491 ], [ -81.430768297043983, 28.361037835762144 ], [ -81.430768336505679, 28.361039344721277 ], [ -81.430768195942392, 28.361040859763165 ], [ -81.430767879950324, 28.361042372620474 ], [ -81.430767395601123, 28.361043876090172 ], [ -81.430766752276526, 28.361045364129009 ], [ -81.430765961440898, 28.361046831911256 ], [ -81.430765036357826, 28.36104827584834 ], [ -81.430763991759477, 28.361049693571506 ], [ -81.430762843478504, 28.361051083879506 ], [ -81.430761608053672, 28.361052446654689 ], [ -81.430760302321261, 28.361053782751458 ], [ -81.430758943004463, 28.36105509386201 ], [ -81.430757546313416, 28.361056382364765 ], [ -81.430756127567747, 28.361057651161445 ], [ -81.430754700853214, 28.361058903508674 ], [ -81.430753278722179, 28.361060142850025 ], [ -81.430751871946939, 28.361061372654479 ], [ -81.430750489332652, 28.361062596266347 ], [ -81.430749137594717, 28.361063816771512 ], [ -81.430747821303498, 28.361065036883964 ], [ -81.430746542896884, 28.361066258855626 ], [ -81.430745302758879, 28.36106748441177 ], [ -81.430744099360396, 28.361068714713099 ], [ -81.430742929456542, 28.361069950344632 ], [ -81.430741788332341, 28.361071191330598 ], [ -81.430740670087815, 28.361072437173515 ], [ -81.430739567951932, 28.361073686914779 ], [ -81.430738474614145, 28.361074939213534 ], [ -81.430737382561418, 28.361076192439597 ], [ -81.430736284409321, 28.361077444776384 ], [ -81.430735173215353, 28.361078694328761 ], [ -81.430734042763916, 28.36107993923148 ], [ -81.430732887813221, 28.361081177753167 ], [ -81.430731704296036, 28.361082408391717 ], [ -81.430730489467706, 28.361083629956997 ], [ -81.430729241997071, 28.361084841637414 ], [ -81.430727961997675, 28.361086043047717 ], [ -81.430726650999105, 28.36108723425588 ], [ -81.430725311860286, 28.36108841578811 ], [ -81.430723948628767, 28.361089588611566 ], [ -81.430722566351747, 28.361090754095464 ], [ -81.430721170846539, 28.361091913951824 ], [ -81.430719768439531, 28.361093070158237 ], [ -81.430718365683703, 28.361094224865351 ], [ -81.4307169690656, 28.361095380292504 ], [ -81.43071558471317, 28.361096538615406 ], [ -81.430714218115412, 28.361097701849911 ], [ -81.430712873864749, 28.361098871736182 ], [ -81.430711555432111, 28.361100049627488 ], [ -81.430710264983247, 28.361101236387618 ], [ -81.430709003243919, 28.361102432300619 ], [ -81.430707769418945, 28.361103636996202 ], [ -81.430706561169259, 28.361104849393474 ], [ -81.430705374647999, 28.361106067664885 ], [ -81.430704204595273, 28.361107289221877 ], [ -81.430703044488851, 28.361108510722719 ], [ -81.430701886745879, 28.361109728102168 ], [ -81.43070072296922, 28.361110936622119 ], [ -81.430699544230109, 28.361112130941528 ], [ -81.430698341377649, 28.36111330520319 ], [ -81.430697105364573, 28.361114453134604 ], [ -81.430695827578177, 28.361115568159612 ], [ -81.430694500164947, 28.361116643517168 ], [ -81.430693116337707, 28.361117672383582 ], [ -81.430691670654539, 28.361118647994406 ], [ -81.430690159259797, 28.361119563762273 ], [ -81.43068858007851, 28.361120413387347 ], [ -81.430686932957428, 28.361121190957242 ], [ -81.430685219747403, 28.361121891033932 ], [ -81.430683444323961, 28.36112250872544 ], [ -81.430681612544802, 28.361123039741113 ], [ -81.430679732145592, 28.361123480429491 ], [ -81.430677812576789, 28.361123827798778 ], [ -81.430675864786593, 28.361124079520412 ], [ -81.430673900957174, 28.361124233916851 ], [ -81.430671934202309, 28.361124289935244 ], [ -81.430669978236196, 28.361124247109185 ], [ -81.430668047024227, 28.361124105510971 ], [ -81.430666154426746, 28.361123865697113 ], [ -81.430664313847274, 28.361123528650047 ], [ -81.430662537896467, 28.361123095718831 ], [ -81.430660838082289, 28.361122568561608 ], [ -81.430659224536214, 28.361121949092432 ], [ -81.430657705783844, 28.361121239434521 ], [ -81.430656288566865, 28.36112044188183 ], [ -81.430654977721389, 28.361119558870065 ], [ -81.430653776116131, 28.361118592958015 ], [ -81.430652684651321, 28.36111754681929 ], [ -81.430651702317704, 28.361116423243988 ], [ -81.430650826312856, 28.361115225149486 ], [ -81.43065005220987, 28.361113955598665 ], [ -81.430649374172319, 28.361112617824052 ], [ -81.430648785207296, 28.361111215255221 ], [ -81.430648277447929, 28.361109751547279 ], [ -81.430647842454903, 28.361108230607844 ], [ -81.430647471527124, 28.361106656619729 ], [ -81.430647156010792, 28.361105034057051 ], [ -81.430646887596325, 28.361103367692429 ], [ -81.430646658593915, 28.361101662593406 ], [ -81.430646462178402, 28.361099924106604 ], [ -81.430646292596094, 28.36109815782876 ], [ -81.430646145327316, 28.361096369564184 ], [ -81.430646017200189, 28.361094565269035 ], [ -81.430645906452824, 28.361092750983126 ], [ -81.430645812742995, 28.36109093275104 ], [ -81.430645737106417, 28.361089116534355 ], [ -81.430645681866253, 28.361087308117721 ], [ -81.430645650498136, 28.36108551301179 ], [ -81.43064564745697, 28.361083736356303 ], [ -81.430645677972237, 28.36108198282675 ], [ -81.430645747820094, 28.361080256548405 ], [ -81.430645863081267, 28.361078561020886 ], [ -81.430646029893339, 28.361076899056744 ], [ -81.43064625420719, 28.361075272736873 ], [ -81.430646541555802, 28.361073683385136 ], [ -81.430646896844053, 28.361072131563979 ], [ -81.430647324166401, 28.361070617092196 ], [ -81.430647826658785, 28.361069139085096 ], [ -81.430648406389082, 28.361067696016757 ], [ -81.43064906428971, 28.361066285802899 ], [ -81.430649800133466, 28.361064905902516 ], [ -81.430650612552711, 28.361063553435276 ], [ -81.430651499100037, 28.361062225311329 ], [ -81.430652456347303, 28.361060918369468 ], [ -81.43065348001808, 28.361059629519108 ], [ -81.430654565147933, 28.361058355881347 ], [ -81.430655706265512, 28.361057094924245 ], [ -81.430656897587198, 28.36105584458749 ], [ -81.43065813321715, 28.361054603391704 ], [ -81.430659407345161, 28.361053370528339 ], [ -81.430660714434225, 28.361052145926312 ], [ -81.430662049391088, 28.361050930292535 ], [ -81.430663407712956, 28.361049725124023 ], [ -81.430664785605387, 28.361048532690507 ], [ -81.430666180066908, 28.3610473559872 ], [ -81.430667588938036, 28.361046198658421 ], [ -81.430669010912894, 28.361045064894139 ], [ -81.43067044551438, 28.36104395930181 ], [ -81.430671893033818, 28.361042886757723 ], [ -81.430673354439008, 28.361041852241907 ], [ -81.43067483125445, 28.361040860662168 ], [ -81.430676325419725, 28.361039916672784 ], [ -81.430677839132088, 28.361039024494012 ], [ -81.430679374680338, 28.361038187738657 ], [ -81.430680934277376, 28.361037409251779 ], [ -81.430682519898554, 28.361036690969438 ], [ -81.430684133132942, 28.361036033802012 ], [ -81.430685775054144, 28.36103543754658 ], [ -81.43068744611611, 28.361034900832493 ], [ -81.430689146078763, 28.361034421102978 ], [ -81.430690873966697, 28.361033994634472 ], [ -81.430692628062943, 28.361033616594458 ], [ -81.43069440593851, 28.361033281137043 ], [ -81.430696204516451, 28.361032981534546 ], [ -81.430698020168165, 28.361032710341924 ], [ -81.430699848838032, 28.361032459589897 ], [ -81.430701686191313, 28.36103222100158 ] ] ] } },
{ "type": "Feature", "properties": { "id": 53, "area_ha": 0.0073133684527549479 }, "geometry": { "type": "Polygon", "coordinates": [ [ [ -81.430519127071889, 28.361269777507808 ], [ -81.430521182912344, 28.361269486090311 ], [ -81.430523242799524, 28.361269386776673 ], [ -81.430525282916591, 28.361269482236171 ], [ -81.430527279595694, 28.361269772798533 ], [ -81.4305292097917, 28.361270256411018 ], [ -81.43053105152778, 28.361270928651702 ], [ -81.430532784302784, 28.36127178279926 ], [ -81.430534389451836, 28.361272809957647 ], [ -81.430535850452358, 28.361273999232527 ], [ -81.430537153171002, 28.361275337954783 ], [ -81.430538286047039, 28.361276811944968 ], [ -81.430539240211147, 28.361278405811561 ], [ -81.430540009539641, 28.36128010327463 ], [ -81.43054059064599, 28.36128188750628 ], [ -81.430540982813397, 28.361283741478356 ], [ -81.430541187873501, 28.361285648308183 ], [ -81.430541210037319, 28.361287591593015 ], [ -81.430541055686078, 28.361289555724586 ], [ -81.430540733129533, 28.361291526175602 ], [ -81.430540252340336, 28.361293489751265 ], [ -81.430539624673045, 28.361295434799896 ], [ -81.430538862575872, 28.361297351378081 ], [ -81.430537979303395, 28.361299231367394 ], [ -81.430536988637272, 28.361301068540836 ], [ -81.430535904621593, 28.361302858579201 ], [ -81.430534741318041, 28.361304599038601 ], [ -81.430533512585384, 28.361306289271951 ], [ -81.430532231886502, 28.361307930308669 ], [ -81.430530912124269, 28.36130952469755 ], [ -81.43052956550784, 28.36131107631908 ], [ -81.430528203448176, 28.361312590173817 ], [ -81.430526836481889, 28.361314072154201 ], [ -81.430525474220914, 28.361315528807072 ], [ -81.430524125325007, 28.361316967094215 ], [ -81.430522797493637, 28.361318394158108 ], [ -81.430521497473507, 28.361319817099218 ], [ -81.430520231077537, 28.361321242770785 ], [ -81.430519003211785, 28.361322677595883 ], [ -81.430517817906463, 28.361324127410835 ], [ -81.430516678347786, 28.361325597337558 ], [ -81.430515586908442, 28.361327091686746 ], [ -81.430514545174077, 28.361328613892226 ], [ -81.430513553965099, 28.361330166475984 ], [ -81.430512613352889, 28.361331751042265 ], [ -81.430511722670786, 28.361333368298016 ], [ -81.430510880520671, 28.361335018096675 ], [ -81.430510084776785, 28.36133669950107 ], [ -81.430509332588727, 28.361338410861233 ], [ -81.430508620385922, 28.361340149902603 ], [ -81.430507943886539, 28.36134191381981 ], [ -81.430507298113099, 28.36134369937183 ], [ -81.43050667741791, 28.361345502974171 ], [ -81.430506075520128, 28.361347320784581 ], [ -81.430505485556935, 28.361349148779237 ], [ -81.430504900149842, 28.36135098281709 ], [ -81.430504311487113, 28.361352818690893 ], [ -81.430503711422276, 28.361354652164209 ], [ -81.430503091587966, 28.361356478994566 ], [ -81.430502443523622, 28.36135829494356 ], [ -81.430501758814728, 28.361360095775726 ], [ -81.430501029240574, 28.361361877248076 ], [ -81.430500246926925, 28.361363635093376 ], [ -81.4304994044995, 28.361365364999777 ], [ -81.43049849523382, 28.361367062590201 ], [ -81.430497513196642, 28.361368723404741 ], [ -81.430496453374488, 28.361370342888801 ], [ -81.430495311784753, 28.361371916389853 ], [ -81.430494085565286, 28.361373439165074 ], [ -81.430492773038907, 28.361374906401359 ], [ -81.430491373750058, 28.361376313248776 ], [ -81.430489888471698, 28.361377654867642 ], [ -81.430488319181165, 28.361378926488655 ], [ -81.430486669005347, 28.361380123484835 ], [ -81.430484942136118, 28.361381241453032 ], [ -81.430483143718007, 28.361382276302471 ], [ -81.430481279711586, 28.361383224346969 ], [ -81.430479356736427, 28.361384082397073 ], [ -81.430477381898683, 28.361384847848186 ], [ -81.430475362608746, 28.361385518760606 ], [ -81.430473306395072, 28.361386093927383 ], [ -81.43047122072042, 28.361386572926286 ], [ -81.430469112806904, 28.36138695615255 ], [ -81.430466989475732, 28.361387244829555 ], [ -81.430464857007721, 28.361387440995507 ], [ -81.430462721029244, 28.361387547464979 ], [ -81.430460586428069, 28.361387567764936 ], [ -81.430458457302137, 28.361387506046224 ], [ -81.430456336943593, 28.361387366972043 ], [ -81.43045422785849, 28.361387155586407 ], [ -81.430452131821923, 28.361386877166076 ], [ -81.430450049966836, 28.361386537060501 ], [ -81.430447982903146, 28.361386140524949 ], [ -81.430445930863172, 28.361385692552506 ], [ -81.430443893867931, 28.361385197710771 ], [ -81.43044187190803, 28.361384659989543 ], [ -81.430439865132513, 28.361384082665293 ], [ -81.43043787403802, 28.361383468188105 ], [ -81.430435899650988, 28.361382818096082 ], [ -81.430433943695419, 28.361382132961538 ], [ -81.43043200873916, 28.361381412372278 ], [ -81.430430098312314, 28.36138065495016 ], [ -81.430428216992055, 28.361379858407926 ], [ -81.430426370449581, 28.361379019643998 ], [ -81.430424565455823, 28.361378134873551 ], [ -81.430422809844231, 28.361377199792873 ], [ -81.430421112430167, 28.361376209772761 ], [ -81.430419482888325, 28.361375160075557 ], [ -81.43041793159081, 28.361374046089342 ], [ -81.430416469410147, 28.361372863572061 ], [ -81.430415107492749, 28.361371608897819 ], [ -81.430413857009754, 28.361370279297017 ], [ -81.43041272889262, 28.361368873082146 ], [ -81.430411733562181, 28.361367389851175 ], [ -81.430410880659764, 28.361365830660873 ], [ -81.430410178789501, 28.361364198163226 ], [ -81.430409635280398, 28.361362496699108 ], [ -81.430409255976599, 28.361360732344458 ], [ -81.430409045063271, 28.361358912905736 ], [ -81.430409004934333, 28.36135704786285 ], [ -81.430409136107528, 28.361355148259435 ], [ -81.430409437189923, 28.361353226542033 ], [ -81.430409904896365, 28.361351296351209 ], [ -81.430410534120554, 28.361349372269444 ], [ -81.430411318057551, 28.361347469531971 ], [ -81.430412248374211, 28.36134560370791 ], [ -81.430413315422683, 28.361343790360387 ], [ -81.430414508490287, 28.361342044694691 ], [ -81.430415816078167, 28.361340381204716 ], [ -81.430417226199779, 28.361338813327251 ], [ -81.430418726689496, 28.361337353114553 ], [ -81.430420305511248, 28.361336010934409 ], [ -81.430421951057198, 28.361334795206748 ], [ -81.430423652425986, 28.361333712184528 ], [ -81.43042539967189, 28.361332765785491 ], [ -81.430427184015528, 28.361331957479905 ], [ -81.43042899800966, 28.361331286237856 ], [ -81.430430835653766, 28.361330748537679 ], [ -81.430432692453479, 28.361330338435518 ], [ -81.430434565422715, 28.361330047694086 ], [ -81.430436453028037, 28.361329865966997 ], [ -81.430438355077143, 28.361329781033277 ], [ -81.43044027255506, 28.361329779075394 ], [ -81.430442207413634, 28.361329844992621 ], [ -81.430444162321436, 28.36132996274074 ], [ -81.430446140382983, 28.361330115688403 ], [ -81.430448144836959, 28.361330286979818 ], [ -81.430450178744323, 28.361330459893594 ], [ -81.430452244677738, 28.361330618187818 ], [ -81.430454344423268, 28.361330746421718 ], [ -81.430456478706262, 28.361330830245631 ], [ -81.43045864695118, 28.361330856651506 ], [ -81.430460847085698, 28.361330814178149 ], [ -81.430463075396744, 28.361330693066517 ], [ -81.430465326445344, 28.361330485362178 ], [ -81.430467593045165, 28.361330184963947 ], [ -81.430469866307121, 28.361329787619248 ], [ -81.430472135750705, 28.361329290868568 ], [ -81.430474389480494, 28.361328693943033 ], [ -81.430476614423625, 28.361327997620599 ], [ -81.430478796622495, 28.361327204047377 ], [ -81.430480921574471, 28.361326316532114 ], [ -81.430482974609092, 28.361325339321994 ], [ -81.430484941291709, 28.361324277368805 ], [ -81.43048680784122, 28.361323136094541 ], [ -81.430488561549183, 28.361321921165057 ], [ -81.430490191187062, 28.361320638280329 ], [ -81.430491687388567, 28.361319292988622 ], [ -81.430493042994513, 28.36131789053125 ], [ -81.43049425334867, 28.361316435722884 ], [ -81.430495316534262, 28.361314932871522 ], [ -81.430496233542556, 28.36131338573988 ], [ -81.430497008366629, 28.361311797549185 ], [ -81.430497648016072, 28.361310171023916 ], [ -81.430498162450093, 28.361308508475151 ], [ -81.430498564429371, 28.361306811918013 ], [ -81.430498869289181, 28.361305083217992 ], [ -81.430499094638691, 28.361303324259278 ], [ -81.430499259993724, 28.361301537127705 ], [ -81.430499386351897, 28.361299724300117 ], [ -81.430499495721421, 28.361297888831636 ], [ -81.430499610615357, 28.361296034532447 ], [ -81.430499753525339, 28.361294166125795 ], [ -81.43049994638821, 28.361292289379715 ], [ -81.430500210060245, 28.361290411205662 ], [ -81.430500563812899, 28.361288539718512 ], [ -81.430501024863517, 28.361286684253578 ], [ -81.430501607953545, 28.361284855337864 ], [ -81.430502324985468, 28.361283064614391 ], [ -81.43050318472784, 28.361281324719997 ], [ -81.430504192595734, 28.3612796491187 ], [ -81.430505350512462, 28.361278051894359 ], [ -81.430506656855172, 28.361276547507874 ], [ -81.430508106485277, 28.361275150525206 ], [ -81.430509690862138, 28.361273875324116 ], [ -81.430511398236149, 28.36127273578786 ], [ -81.430513213915106, 28.361271744995076 ], [ -81.430515120596098, 28.361270914915053 ], [ -81.430517098753498, 28.361270256117777 ], [ -81.430519127071889, 28.361269777507808 ] ] ] } },
{ "type": "Feature", "properties": { "id": 54, "area_ha": 0.061399693795401743 }, "geometry": { "type": "Polygon", "coordinates": [ [ [ -81.430781281543247, 28.361250704625466 ], [ -81.430785844327787, 28.361252232370774 ], [ -81.430790502740976, 28.361254059125283 ], [ -81.430795242051687, 28.361256151911508 ], [ -81.43080004690502, 28.361258475844416 ], [ -81.430804901613698, 28.361260994944665 ], [ -81.430809790432008, 28.361263672985359 ], [ -81.430814697801949, 28.361266474349435 ], [ -81.43081960856253, 28.361269364874175 ], [ -81.430824508116061, 28.361272312659018 ], [ -81.430829382546932, 28.361275288813644 ], [ -81.430834218691473, 28.361278268124014 ], [ -81.430839004159807, 28.36128122961663 ], [ -81.430843727313359, 28.36128415700356 ], [ -81.430848377203901, 28.361287038993961 ], [ -81.430852943482151, 28.361289869461682 ], [ -81.430857416285548, 28.361292647462641 ], [ -81.430861786116395, 28.361295377099932 ], [ -81.430866043721693, 28.361298067239289 ], [ -81.430870179986712, 28.361300731082032 ], [ -81.430874185853753, 28.361303385607002 ], [ -81.430878052276086, 28.36130605089712 ], [ -81.430881770216544, 28.361308749369968 ], [ -81.430885330696981, 28.361311504934914 ], [ -81.430888724903681, 28.361314342101824 ], [ -81.430891944349909, 28.361317285068189 ], [ -81.430894981094582, 28.361320356812556 ], [ -81.430897828012874, 28.361323578222045 ], [ -81.430900479111443, 28.361326967281375 ], [ -81.430902929878172, 28.361330538348863 ], [ -81.430905177654054, 28.361334301542598 ], [ -81.430907222012223, 28.361338262256947 ], [ -81.430909065128077, 28.361342420825494 ], [ -81.430910712123151, 28.361346772342269 ], [ -81.430912171364895, 28.361351306648448 ], [ -81.430913454705063, 28.361356008486279 ], [ -81.430914577640578, 28.361360857817296 ], [ -81.430915559381887, 28.361365830296322 ], [ -81.430916422817234, 28.361370897888058 ], [ -81.430917194362948, 28.361376029608508 ], [ -81.430917903694692, 28.361381192369322 ], [ -81.430918583357538, 28.361386351899796 ], [ -81.430919268257213, 28.361391473718719 ], [ -81.430919995039332, 28.361396524126206 ], [ -81.430920801367236, 28.36140147118514 ], [ -81.430921725113606, 28.361406285661509 ], [ -81.43092280348425, 28.361410941894182 ], [ -81.430924072096175, 28.361415418566622 ], [ -81.430925564034382, 28.361419699355611 ], [ -81.430927308913766, 28.361423773435867 ], [ -81.4309293319738, 28.36142763582367 ], [ -81.430931653233827, 28.361431287547312 ], [ -81.430934286735877, 28.361434735637673 ], [ -81.430937239900871, 28.361437992937208 ], [ -81.430940513021071, 28.36144107773201 ], [ -81.430944098908654, 28.361444013215934 ], [ -81.430947982716276, 28.361446826802066 ], [ -81.430952141940608, 28.361449549300701 ], [ -81.430956546615093, 28.361452213987654 ], [ -81.430961159692274, 28.361454855589947 ], [ -81.430965937610921, 28.361457509218614 ], [ -81.430970831037158, 28.3614602092801 ], [ -81.430975785763735, 28.36146298839839 ], [ -81.430980743746574, 28.361465876380031 ], [ -81.430985644253226, 28.361468899252657 ], [ -81.430990425094123, 28.361472078405829 ], [ -81.430995023904771, 28.361475429859844 ], [ -81.430999379444955, 28.361478963684338 ], [ -81.431003432880402, 28.361482683584143 ], [ -81.431007129011817, 28.361486586664988 ], [ -81.431010417418435, 28.361490663385979 ], [ -81.431013253484437, 28.361494897700545 ], [ -81.431015599280485, 28.361499267382023 ], [ -81.431017424276533, 28.36150374452415 ], [ -81.431018705866791, 28.361508296202157 ], [ -81.431019429693592, 28.361512885275236 ], [ -81.431019589762172, 28.361517471306936 ], [ -81.431019188345246, 28.361522011576987 ], [ -81.431018235682046, 28.361526462155407 ], [ -81.431016749482595, 28.361530779007936 ], [ -81.431014754253908, 28.361534919101462 ], [ -81.431012280469901, 28.361538841478065 ], [ -81.431009363611153, 28.361542508267654 ], [ -81.431006043104929, 28.361545885611104 ], [ -81.431002361197713, 28.361548944468794 ], [ -81.430998361795105, 28.361551661292985 ], [ -81.430994089303852, 28.361554018546585 ], [ -81.430989587510666, 28.361556005055764 ], [ -81.430984898530596, 28.36155761618847 ], [ -81.430980061855507, 28.36155885385644 ], [ -81.430975113528817, 28.361559726343135 ], [ -81.430970085469355, 28.36156024796513 ], [ -81.430965004960925, 28.361560438579229 ], [ -81.4309598943194, 28.361560322951721 ], [ -81.430954770742886, 28.361559930009868 ], [ -81.430949646344402, 28.361559291998724 ], [ -81.430944528360683, 28.361558443568878 ], [ -81.430939419524861, 28.36155742082174 ], [ -81.430934318585741, 28.361556260340027 ], [ -81.430929220951342, 28.361554998230741 ], [ -81.43092411943114, 28.361553669206913 ], [ -81.430919005048025, 28.361552305732744 ], [ -81.430913867889117, 28.36155093725414 ], [ -81.430908697964, 28.361549589533929 ], [ -81.430903486038844, 28.361548284107087 ], [ -81.430898224416168, 28.361547037867748 ], [ -81.430892907632597, 28.361545862795523 ], [ -81.430887533049443, 28.361544765824405 ], [ -81.430882101316072, 28.36154374885334 ], [ -81.430876616689503, 28.361542808893464 ], [ -81.43087108719989, 28.361541938343358 ], [ -81.430865524656483, 28.361541125380093 ], [ -81.430859944494543, 28.361540354451066 ], [ -81.430854365469244, 28.361539606849249 ], [ -81.430848809208243, 28.361538861352663 ], [ -81.430843299638894, 28.361538094907839 ], [ -81.430837862311392, 28.361537283336506 ], [ -81.430832523641556, 28.361536402045008 ], [ -81.430827310101023, 28.36153542671665 ], [ -81.430822247383247, 28.361534333968475 ], [ -81.43081735957513, 28.361533101956098 ], [ -81.430812668363941, 28.361531710912086 ], [ -81.430808192307467, 28.361530143606171 ], [ -81.430803946193521, 28.36152838571855 ], [ -81.430799940511733, 28.361526426120101 ], [ -81.430796181056607, 28.361524257056576 ], [ -81.430792668676446, 28.361521874236779 ], [ -81.430789399177684, 28.361519276827238 ], [ -81.430786363388791, 28.361516467358655 ], [ -81.430783547382916, 28.361513451551474 ], [ -81.430780932852329, 28.361510238069801 ], [ -81.43077849762355, 28.361506838214307 ], [ -81.430776216296564, 28.361503265565954 ], [ -81.430774060987844, 28.361499535592586 ], [ -81.430772002153518, 28.361495665231185 ], [ -81.430770009465945, 28.36149167245771 ], [ -81.430768052716175, 28.361487575856401 ], [ -81.430766102713008, 28.361483394199205 ], [ -81.430764132150443, 28.361479146044907 ], [ -81.430762116416076, 28.361474849366324 ], [ -81.430760034315099, 28.361470521212105 ], [ -81.430757868687905, 28.361466177408548 ], [ -81.430755606902281, 28.361461832304844 ], [ -81.430753241206077, 28.361457498564199 ], [ -81.430750768930451, 28.361453187001157 ], [ -81.430748192538999, 28.361448906465064 ], [ -81.4307455195231, 28.361444663767841 ], [ -81.430742762148682, 28.361440463653818 ], [ -81.43073993706453, 28.361436308808621 ], [ -81.430737064786626, 28.361432199903749 ], [ -81.430734169076572, 28.361428135673258 ], [ -81.430731276235804, 28.361424113019005 ], [ -81.430728414339114, 28.361420127141063 ], [ -81.43072561243315, 28.361416171690262 ], [ -81.430722899725737, 28.361412238940119 ], [ -81.430720304792061, 28.361408319975752 ], [ -81.430717854822532, 28.361404404898202 ], [ -81.430715574935192, 28.361400483042306 ], [ -81.430713487573001, 28.3613965432071 ], [ -81.430711612003222, 28.361392573897721 ], [ -81.430709963931818, 28.361388563577737 ], [ -81.430708555242504, 28.361384500930825 ], [ -81.430707393864751, 28.361380375130462 ], [ -81.430706483771104, 28.361376176115805 ], [ -81.43070582510002, 28.361371894871471 ], [ -81.430705414395518, 28.361367523708228 ], [ -81.430705244952023, 28.361363056540963 ], [ -81.430705307249028, 28.361358489159297 ], [ -81.430705589457475, 28.361353819485924 ], [ -81.430706077998266, 28.361349047816518 ], [ -81.430706758131464, 28.361344177035008 ], [ -81.430707614554819, 28.361339212797162 ], [ -81.430708631990171, 28.361334163675558 ], [ -81.430709795737613, 28.361329041258916 ], [ -81.430711092178811, 28.361323860199054 ], [ -81.430712509213521, 28.361318638199396 ], [ -81.430714036615782, 28.361313395939817 ], [ -81.430715666300117, 28.361308156933998 ], [ -81.43071739249099, 28.361302947316531 ], [ -81.430719211793146, 28.361297795559214 ], [ -81.430721123163352, 28.361292732117615 ], [ -81.430723127788454, 28.361287789011158 ], [ -81.430725228877179, 28.361282999341988 ], [ -81.43072743137661, 28.361278396760415 ], [ -81.430729741626465, 28.361274014886288 ], [ -81.430732166965996, 28.361269886698288 ], [ -81.430734715310052, 28.361266043904031 ], [ -81.430737394710931, 28.361262516306155 ], [ -81.430740212923141, 28.361259331179994 ], [ -81.430743176986979, 28.361256512679347 ], [ -81.430746292845981, 28.361254081286983 ], [ -81.430749565011368, 28.361252053326105 ], [ -81.430752996283971, 28.361250440548194 ], [ -81.430756587542348, 28.36124924981112 ], [ -81.430760337601939, 28.361248482859718 ], [ -81.430764243147806, 28.361248136218464 ], [ -81.430768298740375, 28.361248201203139 ], [ -81.430772496890455, 28.361248664055363 ], [ -81.430776828197651, 28.361249506200473 ], [ -81.430781281543247, 28.361250704625466 ] ] ] } },
{ "type": "Feature", "properties": { "id": 55, "area_ha": 0.0050928660984135288 }, "geometry": { "type": "Polygon", "coordinates": [ [ [ -81.430546561273587, 28.361713868125545 ], [ -81.430547786183325, 28.361714606800749 ], [ -81.430549009128825, 28.361715398562687 ], [ -81.430550226263975, 28.361716232548954 ], [ -81.43055143370519, 28.361717098401112 ], [ -81.430552627578351, 28.361717986536284 ], [ -81.430553804063621, 28.361718888386171 ], [ -81.430554959437529, 28.361719796596347 ], [ -81.430556090111125, 28.361720705179916 ], [ -81.430557192664168, 28.361721609621249 ], [ -81.430558263874332, 28.361722506927485 ], [ -81.430559300741834, 28.361723395626864 ], [ -81.430560300509001, 28.361724275715257 ], [ -81.430561260675105, 28.361725148553585 ], [ -81.430562179006913, 28.361726016720855 ], [ -81.430563053545171, 28.36172688382868 ], [ -81.430563882607771, 28.361727754304642 ], [ -81.430564664790253, 28.36172863315263 ], [ -81.430565398964319, 28.361729525699317 ], [ -81.430566084274929, 28.361730437335801 ], [ -81.430566720136895, 28.361731373264007 ], [ -81.430567306231509, 28.361732338256729 ], [ -81.43056784250355, 28.361733336439904 ], [ -81.4305683291593, 28.36173437110461 ], [ -81.430568766665729, 28.361735444555126 ], [ -81.430569155750717, 28.361736557998199 ], [ -81.430569497404633, 28.361737711476906 ], [ -81.430569792882565, 28.361738903850984 ], [ -81.43057004370705, 28.361740132823726 ], [ -81.430570251670531, 28.361741395013894 ], [ -81.43057041883705, 28.361742686069451 ], [ -81.430570547542047, 28.361744000818444 ], [ -81.430570640389575, 28.361745333451029 ], [ -81.430570700246179, 28.361746677725492 ], [ -81.430570730230087, 28.361748027190519 ], [ -81.430570733695447, 28.361749375415027 ], [ -81.430570714210361, 28.361750716217099 ], [ -81.430570675528671, 28.361752043883307 ], [ -81.430570621554608, 28.361753353370293 ], [ -81.430570556300609, 28.361754640481102 ], [ -81.430570483837997, 28.36175590200973 ], [ -81.43057040824111, 28.361757135848588 ], [ -81.430570333525438, 28.361758341054873 ], [ -81.430570263580563, 28.361759517873434 ], [ -81.430570202099247, 28.361760667715341 ], [ -81.430570152503833, 28.361761793092807 ], [ -81.430570117871682, 28.36176289751301 ], [ -81.430570100861445, 28.361763985334512 ], [ -81.430570103641884, 28.361765061591594 ], [ -81.430570127825433, 28.361766131792841 ], [ -81.430570174408288, 28.361767201701259 ], [ -81.430570243718989, 28.361768277103824 ], [ -81.430570335377396, 28.36176936357888 ], [ -81.430570448265513, 28.361770466269586 ], [ -81.430570580511841, 28.361771589671729 ], [ -81.430570729489958, 28.361772737443211 ], [ -81.430570891832673, 28.361773912242381 ], [ -81.430571063461656, 28.361775115600523 ], [ -81.430571239632997, 28.361776347833313 ], [ -81.430571414997928, 28.361777607994132 ], [ -81.430571583678471, 28.361778893870838 ], [ -81.430571739356083, 28.361780202026019 ], [ -81.43057187537255, 28.361781527879099 ], [ -81.430571984840526, 28.361782865827276 ], [ -81.430572060761904, 28.361784209400881 ], [ -81.430572096151366, 28.361785551447316 ], [ -81.430572084162606, 28.361786884337171 ], [ -81.430572018214164, 28.36178820018489 ], [ -81.43057189211244, 28.361789491076156 ], [ -81.430571700168628, 28.361790749293867 ], [ -81.430571437307336, 28.361791967534735 ], [ -81.430571099163984, 28.361793139108794 ], [ -81.430570682169076, 28.361794258114916 ], [ -81.430570183617036, 28.361795319586363 ], [ -81.430569601718275, 28.361796319601222 ], [ -81.430568935633332, 28.361797255354361 ], [ -81.430568185488198, 28.36179812518861 ], [ -81.43056735237063, 28.361798928584484 ], [ -81.43056643830775, 28.361799666109249 ], [ -81.430565446225501, 28.361800339327861 ], [ -81.43056437989118, 28.361800950679157 ], [ -81.430563243840368, 28.361801503322688 ], [ -81.430562043290507, 28.361802000961902 ], [ -81.430560784042981, 28.361802447650746 ], [ -81.430559472376402, 28.361802847591058 ], [ -81.430558114933589, 28.361803204928648 ], [ -81.430556718605118, 28.361803523555732 ], [ -81.430555290412158, 28.361803806927291 ], [ -81.43055383739123, 28.361804057898357 ], [ -81.430552366483667, 28.361804278588391 ], [ -81.430550884432151, 28.361804470277889 ], [ -81.430549397686292, 28.361804633341052 ], [ -81.430547912319483, 28.361804767217311 ], [ -81.430546433958071, 28.361804870422482 ], [ -81.430544967724501, 28.361804940599466 ], [ -81.430543518194668, 28.361804974606372 ], [ -81.430542089370036, 28.361804968638896 ], [ -81.430540684664535, 28.36180491838233 ], [ -81.430539306905317, 28.361804819187562 ], [ -81.430537958347131, 28.361804666264231 ], [ -81.430536640698563, 28.361804454884044 ], [ -81.430535355159051, 28.361804180586404 ], [ -81.430534102464918, 28.361803839378531 ], [ -81.430532882942373, 28.361803427922514 ], [ -81.430531696566007, 28.361802943702145 ], [ -81.430530543020112, 28.361802385163045 ], [ -81.430529421761605, 28.361801751820614 ], [ -81.430528332082076, 28.361801044331536 ], [ -81.430527273167513, 28.361800264525758 ], [ -81.430526244154109, 28.361799415397524 ], [ -81.430525244178796, 28.361798501055421 ], [ -81.430524272423213, 28.361797526632717 ], [ -81.430523328150898, 28.361796498161265 ], [ -81.430522410736316, 28.361795422412971 ], [ -81.430521519686351, 28.361794306714444 ], [ -81.430520654653733, 28.361793158741342 ], [ -81.430519815443034, 28.361791986299711 ], [ -81.430519002009632, 28.361790797101925 ], [ -81.430518214452448, 28.361789598545517 ], [ -81.430517453001414, 28.361788397502504 ], [ -81.430516718000675, 28.36178720012709 ], [ -81.430516009888748, 28.361786011688427 ], [ -81.430515329176473, 28.361784836434612 ], [ -81.430514676424337, 28.361783677492792 ], [ -81.430514052219948, 28.361782536809073 ], [ -81.430513457156664, 28.361781415130174 ], [ -81.430512891814203, 28.36178031202784 ], [ -81.430512356742113, 28.361779225964789 ], [ -81.430511852446301, 28.361778154399936 ], [ -81.430511379379141, 28.361777093928978 ], [ -81.430510937933263, 28.361776040455268 ], [ -81.430510528438859, 28.361774989384433 ], [ -81.430510151164356, 28.361773935835849 ], [ -81.430509806320018, 28.361772874862975 ], [ -81.430509494063983, 28.361771801674454 ], [ -81.430509214510039, 28.361770711847548 ], [ -81.430508967736557, 28.36176960152638 ], [ -81.430508753795664, 28.361768467597027 ], [ -81.430508572722218, 28.361767307833244 ], [ -81.4305084245416, 28.361766121007026 ], [ -81.430508309275908, 28.361764906959948 ], [ -81.430508226948007, 28.361763666632203 ], [ -81.430508177582965, 28.36176240204836 ], [ -81.430508161206788, 28.361761116259817 ], [ -81.430508177842299, 28.361759813246255 ], [ -81.430508227502088, 28.361758497779238 ], [ -81.430508310179079, 28.361757175253139 ], [ -81.430508425834901, 28.361755851489363 ], [ -81.430508574386579, 28.361754532521257 ], [ -81.430508755692301, 28.361753224367586 ], [ -81.430508969536788, 28.36175193280312 ], [ -81.430509215617363, 28.361750663135112 ], [ -81.430509493531105, 28.36174941999414 ], [ -81.43050980276422, 28.361748207147567 ], [ -81.430510142684184, 28.361747027343036 ], [ -81.430510512535292, 28.361745882188366 ], [ -81.430510911438304, 28.361744772073042 ], [ -81.430511338394339, 28.361743696135104 ], [ -81.430511792293501, 28.361742652275389 ], [ -81.430512271928066, 28.361741637219708 ], [ -81.430512776010289, 28.361740646627634 ], [ -81.430513303194317, 28.361739675244795 ], [ -81.430513852101853, 28.361738717094259 ], [ -81.430514421350807, 28.361737765700784 ], [ -81.430515009586159, 28.361736814340734 ], [ -81.430515615512007, 28.361735856309192 ], [ -81.430516237923825, 28.361734885195315 ], [ -81.430516875739826, 28.361733895156373 ], [ -81.430517528030279, 28.361732881180842 ], [ -81.4305181940437, 28.361731839331284 ], [ -81.43051887322882, 28.361730766958093 ], [ -81.430519565251572, 28.361729662876403 ], [ -81.43052027000607, 28.361728527499146 ], [ -81.430520987619033, 28.361727362921144 ], [ -81.430521718447366, 28.361726172950394 ], [ -81.430522463068414, 28.361724963084537 ], [ -81.430523222262977, 28.361723740432343 ], [ -81.430523996991568, 28.36172251358197 ], [ -81.430524788363812, 28.361721292419375 ], [ -81.430525597602312, 28.361720087902086 ], [ -81.430526426001236, 28.361718911795073 ], [ -81.430527274881229, 28.361717776376743 ], [ -81.430528145541359, 28.361716694124024 ], [ -81.430529039209617, 28.361715677386609 ], [ -81.43052995699334, 28.361714738060314 ], [ -81.430530899830757, 28.361713887270088 ], [ -81.430531868445144, 28.361713135072605 ], [ -81.430532863302886, 28.36171249018799 ], [ -81.430533884576377, 28.361711959769082 ], [ -81.43053493211309, 28.361711549215674 ], [ -81.430536005411525, 28.361711262039485 ], [ -81.430537103604649, 28.361711099784038 ], [ -81.430538225451272, 28.361711062001966 ], [ -81.430539369335619, 28.361711146290165 ], [ -81.430540533275064, 28.361711348381423 ], [ -81.430541714935629, 28.361711662289395 ], [ -81.430542911654854, 28.361712080501896 ], [ -81.430544120471382, 28.361712594216126 ], [ -81.430545338160371, 28.361713193607788 ], [ -81.430546561273587, 28.361713868125545 ] ] ] } },
{ "type": "Feature", "properties": { "id": 56, "area_ha": 0.0063743870499011141 }, "geometry": { "type": "Polygon", "coordinates": [ [ [ -81.431834435935315, 28.36175306278723 ], [ -81.431835825710522, 28.36175348826427 ], [ -81.431837200864877, 28.361753943317492 ], [ -81.43183856191807, 28.361754423884467 ], [ -81.431839909627769, 28.361754926237023 ], [ -81.431841244916782, 28.361755447055756 ], [ -81.431842568798103, 28.361755983491602 ], [ -81.431843882300058, 28.361756533212844 ], [ -81.43184518639454, 28.36175709443626 ], [ -81.431846481930535, 28.361757665941745 ], [ -81.431847769575214, 28.361758247070316 ], [ -81.431849049764566, 28.361758837705736 ], [ -81.431850322664772, 28.361759438240743 ], [ -81.431851588145776, 28.361760049529149 ], [ -81.43185284576721, 28.361760672825714 ], [ -81.431854094777293, 28.361761309715842 ], [ -81.43185533412391, 28.361761962037651 ], [ -81.431856562477321, 28.361762631799031 ], [ -81.431857778263193, 28.361763321092532 ], [ -81.431858979704259, 28.361764032010758 ], [ -81.431860164869008, 28.361764766565194 ], [ -81.431861331725031, 28.361765526610856 ], [ -81.431862478194603, 28.361766313779185 ], [ -81.431863602210839, 28.361767129421104 ], [ -81.431864701771204, 28.36176797456184 ], [ -81.431865774987003, 28.361768849868742 ], [ -81.43186682012653, 28.361769755632615 ], [ -81.431867835650152, 28.361770691762835 ], [ -81.43186882023609, 28.361771657796019 ], [ -81.431869772795878, 28.361772652917193 ], [ -81.431870692479023, 28.361773675992552 ], [ -81.431871578666687, 28.361774725611923 ], [ -81.431872430954726, 28.361775800139174 ], [ -81.431873249126937, 28.361776897768252 ], [ -81.431874033119726, 28.36177801658253 ], [ -81.431874782979534, 28.361779154615085 ], [ -81.431875498814961, 28.361780309907363 ], [ -81.431876180745732, 28.361781480564023 ], [ -81.431876828850406, 28.361782664801719 ], [ -81.431877443115326, 28.361783860990116 ], [ -81.431878023386986, 28.361785067683389 ], [ -81.431878569329655, 28.361786283641298 ], [ -81.431879080390573, 28.361787507838912 ], [ -81.431879555773946, 28.361788739464892 ], [ -81.431879994425373, 28.361789977908522 ], [ -81.431880395027363, 28.361791222735903 ], [ -81.431880756006564, 28.361792473656813 ], [ -81.431881075552681, 28.36179373048331 ], [ -81.431881351648784, 28.361794993082107 ], [ -81.431881582111956, 28.361796261322546 ], [ -81.431881764643251, 28.361797535022696 ], [ -81.431881896885258, 28.361798813895533 ], [ -81.43188197648513, 28.361800097497788 ], [ -81.431882001161384, 28.361801385183607 ], [ -81.431881968771663, 28.361802676065064 ], [ -81.431881877379283, 28.361803968981299 ], [ -81.431881725316259, 28.361805262477919 ], [ -81.431881511240334, 28.361806554797639 ], [ -81.431881234183976, 28.361807843882879 ], [ -81.431880893593728, 28.361809127390568 ], [ -81.431880489357994, 28.361810402718955 ], [ -81.431880021822579, 28.36181166704559 ], [ -81.431879491793069, 28.361812917375516 ], [ -81.431878900524069, 28.361814150597986 ], [ -81.431878249695174, 28.361815363549937 ], [ -81.43187754137503, 28.361816553083838 ], [ -81.431876777974097, 28.361817716137811 ], [ -81.431875962188016, 28.361818849805285 ], [ -81.431875096933524, 28.361819951401721 ], [ -81.431874185278957, 28.361821018526058 ], [ -81.431873230371977, 28.361822049114309 ], [ -81.431872235366924, 28.3618230414835 ], [ -81.431871203354305, 28.361823994363956 ], [ -81.431870137295149, 28.36182490691877 ], [ -81.431869039962208, 28.361825778749321 ], [ -81.431867913890386, 28.361826609886528 ], [ -81.431866761337901, 28.361827400767819 ], [ -81.431865584259754, 28.361828152200356 ], [ -81.431864384294272, 28.361828865311622 ], [ -81.431863162763094, 28.361829541488728 ], [ -81.431861920684867, 28.361830182308559 ], [ -81.431860658801668, 28.361830789460793 ], [ -81.431859377617386, 28.361831364666578 ], [ -81.431858077446549, 28.361831909595363 ], [ -81.431856758471568, 28.361832425782829 ], [ -81.431855420806301, 28.361832914552842 ], [ -81.431854064563467, 28.361833376945892 ], [ -81.431852689923304, 28.361833813656826 ], [ -81.431851297200538, 28.361834224983987 ], [ -81.431849886907415, 28.361834610791671 ], [ -81.431848459809856, 28.361834970487386 ], [ -81.431847016974615, 28.361835303014974 ], [ -81.431845559805438, 28.361835606863778 ], [ -81.431844090066406, 28.361835880094269 ], [ -81.431842609891547, 28.361836120378978 ], [ -81.43184112177974, 28.361836325058022 ], [ -81.431839628574977, 28.36183649120736 ], [ -81.431838133432166, 28.361836615717834 ], [ -81.4318366397695, 28.361836695382522 ], [ -81.431835151208602, 28.361836726989715 ], [ -81.431833671504563, 28.361836707418622 ], [ -81.431832204467895, 28.361836633734718 ], [ -81.431830753881002, 28.361836503281861 ], [ -81.431829323412003, 28.361836313768062 ], [ -81.43182791652886, 28.361836063342452 ], [ -81.431826536416779, 28.361835750660706 ], [ -81.431825185901687, 28.361835374937087 ], [ -81.431823867382604, 28.361834935981385 ], [ -81.431822582775396, 28.36183443421962 ], [ -81.431821333469884, 28.361833870697772 ], [ -81.431820120302191, 28.36183324706866 ], [ -81.431818943543149, 28.361832565562199 ], [ -81.431817802903964, 28.361831828940215 ], [ -81.431816697558517, 28.36183104043705 ], [ -81.431815626182427, 28.361830203688097 ], [ -81.431814587007366, 28.361829322648397 ], [ -81.431813577889329, 28.361828401503878 ], [ -81.431812596388639, 28.361827444578008 ], [ -81.431811639859234, 28.361826456236809 ], [ -81.431810705544365, 28.361825440795016 ], [ -81.431809790676041, 28.361824402426254 ], [ -81.431808892574352, 28.361823345079891 ], [ -81.431808008744284, 28.361822272406869 ], [ -81.43180713696627, 28.361821187696648 ], [ -81.431806275377951, 28.361820093826832 ], [ -81.431805422544329, 28.361818993226684 ], [ -81.431804577514228, 28.361817887855253 ], [ -81.43180373986101, 28.36181677919436 ], [ -81.43180290970669, 28.361815668256085 ], [ -81.431802087728158, 28.361814555604074 ], [ -81.4318012751461, 28.361813441387465 ], [ -81.431800473696356, 28.361812325385706 ], [ -81.431799685585318, 28.361811207062708 ], [ -81.431798913430555, 28.361810085627649 ], [ -81.431798160189089, 28.361808960100593 ], [ -81.431797429075374, 28.36180782938019 ], [ -81.431796723472161, 28.361806692311191 ], [ -81.431796046836979, 28.361805547749331 ], [ -81.431795402607605, 28.361804394621629 ], [ -81.431794794109649, 28.361803231979955 ], [ -81.431794224469115, 28.361802059046511 ], [ -81.431793696533177, 28.361800875249791 ], [ -81.431793212801537, 28.361799680250407 ], [ -81.431792775370539, 28.361798473956199 ], [ -81.431792385891967, 28.361797256526749 ], [ -81.431792045547581, 28.361796028367802 ], [ -81.431791755040152, 28.361794790116289 ], [ -81.431791514601045, 28.361793542617285 ], [ -81.431791324013901, 28.361792286894367 ], [ -81.431791182653356, 28.361791024115 ], [ -81.431791089537114, 28.361789755553016 ], [ -81.431791043389595, 28.36178848254999 ], [ -81.431791042714408, 28.361787206477615 ], [ -81.431791085873172, 28.361785928702812 ], [ -81.431791171167603, 28.361784650557514 ], [ -81.431791296921801, 28.361783373314466 ], [ -81.431791461561858, 28.361782098170259 ], [ -81.431791663689609, 28.361780826236622 ], [ -81.431791902147992, 28.36177955854026 ], [ -81.431792176075504, 28.361778296031584 ], [ -81.431792484947835, 28.361777039601737 ], [ -81.431792828604927, 28.361775790107458 ], [ -81.431793207262629, 28.361774548402696 ], [ -81.431793621508362, 28.361773315375359 ], [ -81.431794072280837, 28.361772091987799 ], [ -81.431794560834575, 28.361770879318975 ], [ -81.43179508869035, 28.361769678606347 ], [ -81.431795657573204, 28.361768491285371 ], [ -81.431796269340339, 28.361767319024576 ], [ -81.431796925901153, 28.361766163754243 ], [ -81.431797629132348, 28.361765027686939 ], [ -81.431798380791065, 28.361763913328407 ], [ -81.431799182428961, 28.361762823477576 ], [ -81.431800035310332, 28.361761761214975 ], [ -81.431800940337197, 28.361760729879094 ], [ -81.43180189798376, 28.361759733030787 ], [ -81.431802908242915, 28.361758774406198 ], [ -81.43180397058623, 28.361757857859249 ], [ -81.431805083939537, 28.361756987294896 ], [ -81.4318062466741, 28.361756166595157 ], [ -81.431807456614862, 28.361755399539707 ], [ -81.431808711064562, 28.361754689723643 ], [ -81.431810006843691, 28.361754040474803 ], [ -81.431811340344709, 28.361753454773247 ], [ -81.431812707598823, 28.361752935175627 ], [ -81.431814104353322, 28.361752483746834 ], [ -81.431815526156726, 28.36175210200155 ], [ -81.431816968449283, 28.361751790857415 ], [ -81.431818426655724, 28.361751550602044 ], [ -81.43181989627729, 28.361751380874885 ], [ -81.431821372980352, 28.36175128066505 ], [ -81.431822852678508, 28.361751248325469 ], [ -81.431824331605966, 28.361751281603272 ], [ -81.431825806379734, 28.361751377685888 ], [ -81.43182727404897, 28.3617515332616 ], [ -81.431828732129958, 28.361751744593093 ], [ -81.4318301786262, 28.361752007601979 ], [ -81.431831612032695, 28.361752317961912 ], [ -81.431833031325326, 28.361752671197657 ], [ -81.431834435935315, 28.36175306278723 ] ] ] } },
{ "type": "Feature", "properties": { "id": 57, "area_ha": 0.04828229887585176 }, "geometry": { "type": "Polygon", "coordinates": [ [ [ -81.43025848028725, 28.361866679217094 ], [ -81.430262244207142, 28.361869440326636 ], [ -81.430265968581253, 28.361872532159975 ], [ -81.430269638596968, 28.361875921610604 ], [ -81.430273243939155, 28.361879573101675 ], [ -81.430276778836117, 28.361883449199606 ], [ -81.430280241960801, 28.361887511274332 ], [ -81.430283636191987, 28.361891720193285 ], [ -81.430286968245355, 28.361896037033844 ], [ -81.430290248187958, 28.361900423798673 ], [ -81.430293488854318, 28.361904844117081 ], [ -81.430296705185114, 28.361909263915535 ], [ -81.430299913512272, 28.361913652040492 ], [ -81.430303130815929, 28.361917980817434 ], [ -81.430306373979676, 28.361922226530876 ], [ -81.430309659070176, 28.361926369812057 ], [ -81.430313000666857, 28.361930395922776 ], [ -81.430316411264798, 28.361934294926382 ], [ -81.430319900771735, 28.361938061739789 ], [ -81.430323476116527, 28.361941696063251 ], [ -81.430327140982399, 28.36194520218832 ], [ -81.430330895673592, 28.361948588687195 ], [ -81.430334737119523, 28.361951867990687 ], [ -81.430338659015192, 28.36195505586489 ], [ -81.430342652091866, 28.361958170799905 ], [ -81.430346704507272, 28.361961233326742 ], [ -81.430350802339817, 28.361964265281006 ], [ -81.43035493016805, 28.361967289033668 ], [ -81.430359071712786, 28.361970326710857 ], [ -81.430363210517342, 28.361973399425167 ], [ -81.430367330639498, 28.361976526541156 ], [ -81.430371417328487, 28.361979724997052 ], [ -81.430375457660276, 28.361983008703628 ], [ -81.430379441106211, 28.3619863880389 ], [ -81.43038336001193, 28.361989869455268 ], [ -81.430387209966653, 28.361993455212225 ], [ -81.430390990046874, 28.361997143244405 ], [ -81.43039470292284, 28.3620009271709 ], [ -81.430398354820895, 28.362004796447341 ], [ -81.43040195534023, 28.362008736658133 ], [ -81.430405517127681, 28.362012729941881 ], [ -81.430409055419503, 28.362016755538779 ], [ -81.430412587463664, 28.362020790444841 ], [ -81.430416131841355, 28.362024810154278 ], [ -81.430419707709589, 28.362028789468393 ], [ -81.430423333990262, 28.362032703346639 ], [ -81.430427028533614, 28.362036527774151 ], [ -81.430430807284736, 28.362040240618729 ], [ -81.43043468348273, 28.362043822450154 ], [ -81.430438666921205, 28.362047257295487 ], [ -81.430442763297179, 28.362050533305382 ], [ -81.430446973672886, 28.362053643308531 ], [ -81.430451294071361, 28.362056585234637 ], [ -81.430455715222763, 28.362059362389807 ], [ -81.430460222473172, 28.362061983572207 ], [ -81.430464795862591, 28.362064463020943 ], [ -81.430469410373092, 28.362066820195487 ], [ -81.430474036342503, 28.362069079388451 ], [ -81.430478640033385, 28.36207126917931 ], [ -81.430483184342023, 28.362073421741716 ], [ -81.430487629626853, 28.362075572021499 ], [ -81.430491934632215, 28.362077756806872 ], [ -81.430496057479488, 28.362080013715364 ], [ -81.430499956695485, 28.362082380125653 ], [ -81.430503592246296, 28.362084892083757 ], [ -81.430506926544652, 28.362087583214809 ], [ -81.430509925399022, 28.36209048367159 ], [ -81.43051255887498, 28.36209361915062 ], [ -81.430514802041401, 28.362097010004902 ], [ -81.430516635578115, 28.362100670480022 ], [ -81.430518046225856, 28.362104608097138 ], [ -81.430519027063994, 28.362108823202426 ], [ -81.430519577607882, 28.362113308697893 ], [ -81.430519703722297, 28.36211804996357 ], [ -81.430519417354347, 28.362123024975766 ], [ -81.430518736094442, 28.362128204620223 ], [ -81.430517682579449, 28.362133553193964 ], [ -81.430516283757456, 28.362139029083892 ], [ -81.430514570037658, 28.362144585605158 ], [ -81.430512574352733, 28.36215017197809 ], [ -81.430510331163589, 28.362155734417897 ], [ -81.430507875438209, 28.362161217308792 ], [ -81.430505241637007, 28.362166564431135 ], [ -81.430502462736527, 28.362171720209179 ], [ -81.43049956932235, 28.362176630946035 ], [ -81.430496588779022, 28.362181246012984 ], [ -81.430493544602044, 28.362185518961695 ], [ -81.430490455852521, 28.362189408529915 ], [ -81.430487336770383, 28.362192879514254 ], [ -81.430484196556918, 28.362195903487809 ], [ -81.430481039331482, 28.362198459344192 ], [ -81.430477864261988, 28.362200533655102 ], [ -81.430474665862661, 28.362202120833331 ], [ -81.430471434447639, 28.36220322309876 ], [ -81.430468156723421, 28.362203850250477 ], [ -81.43046481649958, 28.362204019253184 ], [ -81.430461395492713, 28.36220375365146 ], [ -81.430457874196506, 28.362203082829854 ], [ -81.430454232788392, 28.362202041140858 ], [ -81.430450452042791, 28.36220066692637 ], [ -81.430446514220719, 28.362199001460489 ], [ -81.430442403906994, 28.362197087843761 ], [ -81.4304381087682, 28.362194969879383 ], [ -81.430433620207154, 28.362192690962171 ], [ -81.430428933893964, 28.362190293010109 ], [ -81.430424050157455, 28.362187815466651 ], [ -81.430418974225745, 28.362185294399207 ], [ -81.430413716309815, 28.362182761716316 ], [ -81.430408291529048, 28.362180244522101 ], [ -81.430402719682988, 28.362177764622242 ], [ -81.430397024878033, 28.362175338191321 ], [ -81.430391235023109, 28.362172975606413 ], [ -81.430385381211465, 28.36217068144725 ], [ -81.430379497009838, 28.362168454658104 ], [ -81.4303736176782, 28.362166288862657 ], [ -81.430367779345602, 28.362164172818463 ], [ -81.43036201816804, 28.362162090994268 ], [ -81.430356369494547, 28.362160024250368 ], [ -81.430350867066508, 28.362157950599617 ], [ -81.430345542273997, 28.362155846025153 ], [ -81.430340423489952, 28.362153685329947 ], [ -81.430335535499822, 28.362151442992861 ], [ -81.430330899041564, 28.362149094006817 ], [ -81.430326530465507, 28.362146614675471 ], [ -81.430322441520559, 28.362143983347003 ], [ -81.430318639268052, 28.362141181066004 ], [ -81.430315126120774, 28.362138192127162 ], [ -81.430311900000248, 28.362135004518148 ], [ -81.430308954602239, 28.362131610242365 ], [ -81.430306279756422, 28.362128005516151 ], [ -81.430303861864672, 28.3621241908386 ], [ -81.430301684399211, 28.362120170936336 ], [ -81.430299728441796, 28.362115954588315 ], [ -81.430297973244109, 28.362111554339858 ], [ -81.430296396789544, 28.36210698611729 ], [ -81.430294976338445, 28.362102268757379 ], [ -81.430293688939457, 28.362097423467468 ], [ -81.430292511892944, 28.36209247323389 ], [ -81.430291423154159, 28.362087442196689 ], [ -81.430290401667719, 28.362082355009321 ], [ -81.430289427627798, 28.362077236201543 ], [ -81.430288482661908, 28.362072109562988 ], [ -81.430287549939777, 28.362066997563694 ], [ -81.430286614211525, 28.362061920826221 ], [ -81.430285661782818, 28.362056897661855 ], [ -81.430284680436486, 28.362051943681532 ], [ -81.430283659312735, 28.362047071489094 ], [ -81.430282588760861, 28.362042290462576 ], [ -81.43028146017663, 28.362037606626192 ], [ -81.430280265839144, 28.362033022613392 ], [ -81.430278998760897, 28.362028537719045 ], [ -81.43027765256339, 28.362024148036276 ], [ -81.430276221388638, 28.362019846672119 ], [ -81.430274699855502, 28.362015624033759 ], [ -81.430273083066183, 28.36201146817633 ], [ -81.430271366666247, 28.362007365201979 ], [ -81.430269546957831, 28.362003299699218 ], [ -81.430267621063038, 28.361999255211114 ], [ -81.430265587131444, 28.361995214721119 ], [ -81.430263444582806, 28.361991161145109 ], [ -81.430261194373955, 28.361987077819162 ], [ -81.430258839276533, 28.361982948972855 ], [ -81.430256384151235, 28.361978760179074 ], [ -81.430253836203292, 28.361974498772163 ], [ -81.430251205203675, 28.361970154227297 ], [ -81.430248503661304, 28.361965718495259 ], [ -81.430245746932371, 28.361961186287743 ], [ -81.430242953255288, 28.361956555309593 ], [ -81.430240143701511, 28.361951826435341 ], [ -81.430237342035682, 28.361947003828487 ], [ -81.430234574481986, 28.361942095002735 ], [ -81.430231869396508, 28.361937110825355 ], [ -81.430229256849728, 28.361932065463563 ], [ -81.430226768126232, 28.361926976275178 ], [ -81.430224435152809, 28.361921863645779 ], [ -81.430222289868539, 28.361916750774643 ], [ -81.430220363554128, 28.361911663412588 ], [ -81.43021868613917, 28.361906629554781 ], [ -81.430217285507993, 28.361901679092519 ], [ -81.430216186825675, 28.361896843427768 ], [ -81.430215411905991, 28.361892155055248 ], [ -81.430214978641956, 28.361887647116777 ], [ -81.430214900519218, 28.36188335293334 ], [ -81.430215186229148, 28.361879305520787 ], [ -81.43021583939705, 28.361875537095415 ], [ -81.430216858436594, 28.361872078576273 ], [ -81.430218236537797, 28.361868959091641 ], [ -81.430219961792531, 28.36186620549724 ], [ -81.430222017456032, 28.361863841914339 ], [ -81.430224382339148, 28.361861889296311 ], [ -81.430227031321706, 28.361860365031777 ], [ -81.430229935972903, 28.361859282593251 ], [ -81.430233065261447, 28.361858651239167 ], [ -81.430236386334684, 28.361858475777449 ], [ -81.430239865343637, 28.361858756397631 ], [ -81.430243468289291, 28.36185948857792 ], [ -81.430247161864088, 28.361860663072406 ], [ -81.430250914263283, 28.361862265982161 ], [ -81.430254695940903, 28.361864278912538 ], [ -81.43025848028725, 28.361866679217094 ] ] ] } },
{ "type": "Feature", "properties": { "id": 58, "area_ha": 0.052870703662949201 }, "geometry": { "type": "Polygon", "coordinates": [ [ [ -81.430739513993643, 28.361982610847193 ], [ -81.43074577375431, 28.361984699308838 ], [ -81.43075197809371, 28.361987039272602 ], [ -81.430758113447538, 28.361989595193183 ], [ -81.430764167711231, 28.361992330879964 ], [ -81.430770130118958, 28.361995210900865 ], [ -81.430775991112768, 28.361998202017055 ], [ -81.430781742194014, 28.362001274572656 ], [ -81.430787375748864, 28.362004403762732 ], [ -81.430792884840855, 28.362007570705806 ], [ -81.430798262965425, 28.362010763254414 ], [ -81.430803503764366, 28.362013976488633 ], [ -81.430808600702221, 28.362017212851914 ], [ -81.430813546710809, 28.362020481906146 ], [ -81.430818333812525, 28.36202379970193 ], [ -81.430822952737714, 28.362027187780189 ], [ -81.430827392554875, 28.362030671841261 ], [ -81.430831640335427, 28.362034280136122 ], [ -81.430835680876967, 28.362038041651022 ], [ -81.430839496508753, 28.362041984170062 ], [ -81.430843067002499, 28.362046132309594 ], [ -81.430846369608773, 28.362050505623152 ], [ -81.430849379234672, 28.362055116875577 ], [ -81.430852068773419, 28.362059970579896 ], [ -81.430854409589145, 28.362065061880546 ], [ -81.430856372152263, 28.362070375852156 ], [ -81.430857926813417, 28.362075887264428 ], [ -81.430859044694515, 28.362081560842771 ], [ -81.430859698668414, 28.362087352030194 ], [ -81.430859864391365, 28.362093208232231 ], [ -81.430859521346633, 28.362099070502151 ], [ -81.430858653853733, 28.362104875601002 ], [ -81.430857251995803, 28.362110558347535 ], [ -81.43085531241789, 28.36211605415604 ], [ -81.430852838951409, 28.362121301648841 ], [ -81.43084984302557, 28.362126245223667 ], [ -81.430846343833167, 28.362130837454878 ], [ -81.430842368228198, 28.362135041213058 ], [ -81.430837950343104, 28.362138831397715 ], [ -81.430833130925919, 28.362142196193997 ], [ -81.430827956410482, 28.362145137784971 ], [ -81.430822477745167, 28.362147672475164 ], [ -81.430816749018291, 28.362149830208047 ], [ -81.430810825929171, 28.362151653488226 ], [ -81.430804764162744, 28.362153195747485 ], [ -81.43079861773289, 28.362154519220429 ], [ -81.430792437363053, 28.362155692419922 ], [ -81.43078626897433, 28.362156787322263 ], [ -81.430780152348504, 28.362157876387947 ], [ -81.430774120028062, 28.362159029552977 ], [ -81.430768196506492, 28.362160311329013 ], [ -81.430762397751124, 28.362161778147595 ], [ -81.430756731086007, 28.362163476073498 ], [ -81.430751195447925, 28.36216543899679 ], [ -81.43074578201059, 28.362167687391427 ], [ -81.430740475156256, 28.362170227702574 ], [ -81.430735253756239, 28.362173052395693 ], [ -81.430730092707392, 28.362176140669064 ], [ -81.430724964657372, 28.362179459799986 ], [ -81.430719841841707, 28.362182967063962 ], [ -81.430714697947835, 28.362186612138345 ], [ -81.430709509917648, 28.362190339877035 ], [ -81.430704259601029, 28.362194093324153 ], [ -81.430698935176821, 28.362197816820931 ], [ -81.430693532266872, 28.362201459053914 ], [ -81.430688054680445, 28.362204975893189 ], [ -81.430682514742855, 28.362208332877358 ], [ -81.43067693317947, 28.362211507217051 ], [ -81.430671338547299, 28.362214489209805 ], [ -81.430665766226639, 28.362217282986173 ], [ -81.430660257007133, 28.362219906537611 ], [ -81.430654855322572, 28.362222391010526 ], [ -81.430649607206448, 28.362224779286073 ], [ -81.43064455805704, 28.362227123899594 ], [ -81.430639750311144, 28.36222948438661 ], [ -81.430635221134494, 28.362231924171041 ], [ -81.430631000238975, 28.362234507135582 ], [ -81.430627107935052, 28.36223729403191 ], [ -81.430623553520746, 28.362240338899291 ], [ -81.430620334096517, 28.36224368566306 ], [ -81.430617433879263, 28.36224736507965 ], [ -81.430614824068655, 28.362251392182056 ], [ -81.43061246329556, 28.362255764359457 ], [ -81.430610298658237, 28.362260460178238 ], [ -81.430608267324914, 28.362265439019598 ], [ -81.430606298656613, 28.362270641572938 ], [ -81.430604316778897, 28.362275991186177 ], [ -81.430602243510066, 28.36228139603487 ], [ -81.430600001533975, 28.362286752034667 ], [ -81.430597517692689, 28.36229194638636 ], [ -81.43059472626409, 28.362296861612915 ], [ -81.430591572087152, 28.362301379923078 ], [ -81.430588013399358, 28.362305387719005 ], [ -81.430584024259673, 28.362308780056296 ], [ -81.430579596443778, 28.362311464863602 ], [ -81.430574740718015, 28.362313366737052 ], [ -81.43056948742138, 28.362314430140668 ], [ -81.430563886312015, 28.362314621867679 ], [ -81.430558005664125, 28.362313932648128 ], [ -81.430551930630955, 28.362312377823802 ], [ -81.430545760920367, 28.362309997051042 ], [ -81.43053960785808, 28.362306853033584 ], [ -81.430533590939618, 28.362303029329301 ], [ -81.430527833994631, 28.362298627314864 ], [ -81.43052246110436, 28.362293762428912 ], [ -81.430517592425687, 28.362288559845883 ], [ -81.430513340079742, 28.362283149757932 ], [ -81.430509804263806, 28.36227766245938 ], [ -81.430507069737004, 28.36227222343766 ], [ -81.430505202817301, 28.362266948674304 ], [ -81.430504249008422, 28.362261940351505 ], [ -81.430504231350724, 28.362257283142014 ], [ -81.430505149562663, 28.362253041235544 ], [ -81.430506980008147, 28.362249256223539 ], [ -81.430509676492846, 28.362245945926926 ], [ -81.430513171860227, 28.362243104211654 ], [ -81.430517380325881, 28.36224070179431 ], [ -81.430522200460487, 28.362238687998218 ], [ -81.430527518705944, 28.362236993379927 ], [ -81.430533213288427, 28.36223553310974 ], [ -81.430539158377599, 28.362234210958121 ], [ -81.430545228331368, 28.362232923715521 ], [ -81.430551301864085, 28.362231565855449 ], [ -81.430557265979317, 28.362230034242383 ], [ -81.430563019519681, 28.362228232685165 ], [ -81.430568476201998, 28.362226076145873 ], [ -81.430573567028247, 28.362223494429717 ], [ -81.430578241988215, 28.362220435206243 ], [ -81.430582470999241, 28.362216866241798 ], [ -81.430586244059342, 28.362212776758362 ], [ -81.430589570621379, 28.362208177872201 ], [ -81.430592478227538, 28.362203102105173 ], [ -81.430595010471706, 28.362197602001821 ], [ -81.430597224383661, 28.362191747922147 ], [ -81.430599187350509, 28.362185625114567 ], [ -81.43060097370757, 28.362179330202352 ], [ -81.430602661141847, 28.362172967239498 ], [ -81.430604327056329, 28.362166643507795 ], [ -81.430606045042083, 28.362160465234446 ], [ -81.430607881598462, 28.362154533410092 ], [ -81.430609893228166, 28.362148939878601 ], [ -81.43061212401733, 28.362143763855652 ], [ -81.430614603787987, 28.362139069010809 ], [ -81.430617346885839, 28.362134901221523 ], [ -81.430620351639192, 28.36213128707589 ], [ -81.430623600496745, 28.362128233167649 ], [ -81.43062706082452, 28.362125726192104 ], [ -81.430630686315908, 28.362123733817395 ], [ -81.430634418945331, 28.362122206273405 ], [ -81.430638191375394, 28.362121078572027 ], [ -81.430641929711825, 28.362120273248003 ], [ -81.430645556488855, 28.362119703491469 ], [ -81.430648993761778, 28.362119276530915 ], [ -81.430652166182099, 28.362118897119558 ], [ -81.430655003935456, 28.362118470979453 ], [ -81.430657445430981, 28.36211790806513 ], [ -81.430659439644032, 28.362117125522055 ], [ -81.430660948031559, 28.36211605023373 ], [ -81.430661945958263, 28.362114620873967 ], [ -81.43066242359383, 28.362112789406371 ], [ -81.430662386263194, 28.36211052200008 ], [ -81.430661854254737, 28.362107799358302 ], [ -81.430660862111594, 28.362104616482426 ], [ -81.430659457451512, 28.362100981918584 ], [ -81.430657699376496, 28.362096916554151 ], [ -81.430655656547373, 28.36209245204839 ], [ -81.430653405007945, 28.362087628992978 ], [ -81.430651025849016, 28.362082494904719 ], [ -81.430648602804823, 28.362077102153759 ], [ -81.430646219871349, 28.362071505926945 ], [ -81.430643959031485, 28.362065762316604 ], [ -81.43064189816171, 28.36205992661273 ], [ -81.43064010918431, 28.362054051859992 ], [ -81.430638656515285, 28.362048187722621 ], [ -81.430637595842953, 28.362042379680485 ], [ -81.430636973257279, 28.362036668559721 ], [ -81.430636824734322, 28.362031090382267 ], [ -81.430637175965941, 28.362025676501709 ], [ -81.430638042512101, 28.362020453978186 ], [ -81.430639430241698, 28.362015446134642 ], [ -81.430641336019548, 28.362010673229271 ], [ -81.430643748590555, 28.362006153176694 ], [ -81.430646649609287, 28.362001902251535 ], [ -81.430650014761696, 28.361997935713561 ], [ -81.430653814927766, 28.361994268302698 ], [ -81.430658017337691, 28.361990914564096 ], [ -81.430662586679958, 28.361987888977549 ], [ -81.430667486126609, 28.361985205881162 ], [ -81.430672678249366, 28.361982879194883 ], [ -81.430678125808456, 28.361980921964726 ], [ -81.430683792404665, 28.361979345762389 ], [ -81.43068964299276, 28.361978159986208 ], [ -81.430695644261576, 28.361977371117892 ], [ -81.430701764891865, 28.361976981994491 ], [ -81.430707975707136, 28.361976991156016 ], [ -81.430714249735644, 28.361977392326502 ], [ -81.430720562202595, 28.361978174079809 ], [ -81.430726890471789, 28.361979319731418 ], [ -81.43073321395353, 28.361980807484969 ], [ -81.430739513993643, 28.361982610847193 ] ] ] } },
{ "type": "Feature", "properties": { "id": 59, "area_ha": 0.0037550703680413271 }, "geometry": { "type": "Polygon", "coordinates": [ [ [ -81.430765088026106, 28.363253201314706 ], [ -81.430765788912112, 28.363254063118674 ], [ -81.430766414813391, 28.363254970230052 ], [ -81.430766963502549, 28.363255916610051 ], [ -81.430767433750177, 28.363256896272478 ], [ -81.430767825376364, 28.363257903414237 ], [ -81.430768139277006, 28.363258932536187 ], [ -81.430768377422666, 28.363259978550925 ], [ -81.430768542829568, 28.363261036874505 ], [ -81.430768639502716, 28.363262103499522 ], [ -81.430768672351746, 28.363263175047759 ], [ -81.43076864708182, 28.363264248801375 ], [ -81.430768570061488, 28.363265322711964 ], [ -81.430768448171349, 28.363266395388056 ], [ -81.430768288637324, 28.363267466061817 ], [ -81.430768098853036, 28.363268534536761 ], [ -81.430767886196094, 28.363269601118564 ], [ -81.43076765784393, 28.363270666531935 ], [ -81.430767420593682, 28.363271731826444 ], [ -81.430767180692087, 28.363272798274942 ], [ -81.430766943679643, 28.363273867268127 ], [ -81.430766714254034, 28.363274940208836 ], [ -81.430766496156465, 28.363276018409771 ], [ -81.430766292084428, 28.363277102997987 ], [ -81.430766103633246, 28.363278194829157 ], [ -81.430765931268098, 28.36327929441433 ], [ -81.430765774327327, 28.36328040186142 ], [ -81.43076563105663, 28.363281516832878 ], [ -81.430765498673154, 28.363282638520687 ], [ -81.430765373457305, 28.363283765639125 ], [ -81.430765250869499, 28.36328489643488 ], [ -81.430765125688211, 28.363286028713986 ], [ -81.430764992164896, 28.363287159883878 ], [ -81.430764844191387, 28.36328828700907 ], [ -81.430764675474521, 28.363289406877854 ], [ -81.430764479712565, 28.363290516077655 ], [ -81.430764250768831, 28.363291611076068 ], [ -81.430763982836666, 28.363292688304803 ], [ -81.430763670591702, 28.363293744243389 ], [ -81.430763309326835, 28.363294775499966 ], [ -81.430762895066181, 28.363295778886442 ], [ -81.430762424655526, 28.363296751485606 ], [ -81.430761895826407, 28.363297690708343 ], [ -81.430761307233439, 28.363298594339177 ], [ -81.430760658463669, 28.363299460569269 ], [ -81.430759950018995, 28.363300288016053 ], [ -81.43075918327277, 28.363301075729606 ], [ -81.43075836040282, 28.363301823186035 ], [ -81.430757484303612, 28.363302530268843 ], [ -81.430756558481193, 28.363303197239318 ], [ -81.430755586934637, 28.363303824698008 ], [ -81.430754574028427, 28.363304413538792 ], [ -81.430753524360114, 28.363304964897743 ], [ -81.430752442627707, 28.36330548009915 ], [ -81.43075133350122, 28.363305960600822 ], [ -81.430750201502434, 28.363306407940676 ], [ -81.430749050896395, 28.363306823686795 ], [ -81.430747885598009, 28.363307209392651 ], [ -81.430746709096155, 28.363307566558724 ], [ -81.430745524397082, 28.363307896601921 ], [ -81.4307443339884, 28.363308200833153 ], [ -81.430743139823562, 28.363308480443553 ], [ -81.430741943327078, 28.363308736499036 ], [ -81.430740745418561, 28.363308969942814 ], [ -81.430739546554335, 28.363309181604738 ], [ -81.430738346784096, 28.363309372216424 ], [ -81.43073714581945, 28.363309542430613 ], [ -81.430735943111628, 28.363309692843014 ], [ -81.430734737934429, 28.36330982401503 ], [ -81.430733529469123, 28.363309936495302 ], [ -81.430732316887827, 28.363310030838687 ], [ -81.430731099431753, 28.363310107620791 ], [ -81.430729876481593, 28.363310167446894 ], [ -81.430728647617357, 28.363310210954097 ], [ -81.430727412665519, 28.36331023880609 ], [ -81.430726171731806, 28.363310251680101 ], [ -81.430724925219209, 28.363310250246254 ], [ -81.430723673830414, 28.363310235139767 ], [ -81.430722418555604, 28.363310206927004 ], [ -81.430721160646272, 28.363310166066576 ], [ -81.430719901577064, 28.363310112867325 ], [ -81.430718642997633, 28.363310047444951 ], [ -81.430717386677031, 28.363309969679509 ], [ -81.43071613444377, 28.363309879176086 ], [ -81.430714888124385, 28.363309775230711 ], [ -81.430713649483792, 28.363309656803992 ], [ -81.430712420170494, 28.36330952250422 ], [ -81.430711201669524, 28.363309370582016 ], [ -81.430709995265644, 28.363309198937653 ], [ -81.430708802018913, 28.363309005142185 ], [ -81.430707622754312, 28.363308786473041 ], [ -81.430706458066567, 28.363308539963754 ], [ -81.430705308340151, 28.363308262467605 ], [ -81.430704173784576, 28.363307950733844 ], [ -81.430703054483857, 28.363307601494959 ], [ -81.430701950458598, 28.363307211562791 ], [ -81.430700861738316, 28.363306777930902 ], [ -81.430699788441657, 28.363306297880293 ], [ -81.430698730860954, 28.363305769085159 ], [ -81.430697689548111, 28.363305189715295 ], [ -81.430696665397804, 28.363304558531659 ], [ -81.430695659724549, 28.363303874971734 ], [ -81.43069467433007, 28.36330313922139 ], [ -81.430693711557339, 28.363302352270313 ], [ -81.43069277432879, 28.363301515948468 ], [ -81.43069186616566, 28.363300632941659 ], [ -81.430690991186779, 28.363299706784559 ], [ -81.430690154085639, 28.363298741830636 ], [ -81.430689360084997, 28.363297743198796 ], [ -81.430688614869382, 28.363296716697416 ], [ -81.430687924496439, 28.363295668727105 ], [ -81.430687295289061, 28.363294606164402 ], [ -81.430686733710573, 28.363293536228994 ], [ -81.430686246226259, 28.363292466337818 ], [ -81.430685839154989, 28.363291403949884 ], [ -81.430685518514991, 28.363290356405802 ], [ -81.430685289868194, 28.36328933076669 ], [ -81.430685158167933, 28.36328833365673 ], [ -81.430685127614481, 28.363287371113977 ], [ -81.430685201523062, 28.363286448453728 ], [ -81.430685382208338, 28.363285570148381 ], [ -81.430685670889545, 28.363284739727462 ], [ -81.430686067619106, 28.363283959700674 ], [ -81.430686571237487, 28.363283231506404 ], [ -81.430687179356099, 28.363282555487295 ], [ -81.430687888369278, 28.363281930893578 ], [ -81.430688693495298, 28.36328135591426 ], [ -81.430689588845837, 28.363280827735228 ], [ -81.430690567522234, 28.363280342622648 ], [ -81.430691621736216, 28.363279896029212 ], [ -81.430692742951891, 28.363279482720138 ], [ -81.430693922045293, 28.363279096915143 ], [ -81.430695149477131, 28.363278732442375 ], [ -81.430696415474358, 28.363278382899644 ], [ -81.430697710215341, 28.363278041818269 ], [ -81.430699024013904, 28.363277702824853 ], [ -81.430700347497407, 28.363277359796239 ], [ -81.430701671774003, 28.36327700700333 ], [ -81.430702988585026, 28.363276639239686 ], [ -81.43070429043874, 28.363276251931477 ], [ -81.430705570722168, 28.363275841225903 ], [ -81.430706823788626, 28.363275404055919 ], [ -81.430708045019429, 28.363274938179963 ], [ -81.430709230858795, 28.36327444219614 ], [ -81.430710378821971, 28.363273915531057 ], [ -81.430711487477282, 28.363273358404602 ], [ -81.43071255640389, 28.36327277177239 ], [ -81.43071358612724, 28.363272157248556 ], [ -81.430714578035264, 28.363271517012027 ], [ -81.430715534278562, 28.36327085369998 ], [ -81.430716457658306, 28.363270170292651 ], [ -81.430717351505976, 28.363269469993501 ], [ -81.430718219558756, 28.363268756109427 ], [ -81.430719065834637, 28.363268031935092 ], [ -81.430719894511356, 28.36326730064545 ], [ -81.430720709812107, 28.363266565200316 ], [ -81.430721515901681, 28.363265828264002 ], [ -81.430722316795169, 28.36326509214291 ], [ -81.430723116281399, 28.363264358742704 ], [ -81.43072391786238, 28.363263629546637 ], [ -81.430724724709236, 28.363262905615208 ], [ -81.430725539634864, 28.363262187606882 ], [ -81.430726365082336, 28.363261475818778 ], [ -81.430727203127802, 28.363260770245432 ], [ -81.43072805549626, 28.363260070653091 ], [ -81.430728923587651, 28.363259376666534 ], [ -81.430729808510733, 28.363258687864782 ], [ -81.430730711122152, 28.363258003881946 ], [ -81.430731632067307, 28.363257324509004 ], [ -81.430732571820698, 28.363256649792561 ], [ -81.430733530722534, 28.363255980126439 ], [ -81.430734509009426, 28.36325531633242 ], [ -81.430735506837124, 28.363254659726707 ], [ -81.430736524293437, 28.363254012169261 ], [ -81.430737561400676, 28.363253376093596 ], [ -81.430738618106631, 28.363252754515589 ], [ -81.43073969426473, 28.363252151020195 ], [ -81.430740789603746, 28.363251569726266 ], [ -81.430741903688556, 28.363251015229764 ], [ -81.430743035873661, 28.363250492527158 ], [ -81.430744185251825, 28.363250006920886 ], [ -81.430745350600588, 28.363249563909754 ], [ -81.430746530329301, 28.36324916906764 ], [ -81.430747722429928, 28.36324882791406 ], [ -81.430748924434781, 28.363248545780927 ], [ -81.430750133383654, 28.363248327679468 ], [ -81.430751345803614, 28.36324817817172 ], [ -81.430752557703315, 28.363248101250637 ], [ -81.43075376458394, 28.36324810023272 ], [ -81.430754961467912, 28.363248177666641 ], [ -81.430756142945967, 28.363248335260877 ], [ -81.430757303242814, 28.363248573832646 ], [ -81.430758436300152, 28.363248893279913 ], [ -81.430759535876021, 28.363249292577407 ], [ -81.430760595658128, 28.363249769796738 ], [ -81.430761609388341, 28.363250322150233 ], [ -81.430762570995199, 28.363250946056841 ], [ -81.430763474730455, 28.363251637228419 ], [ -81.43076431530595, 28.363252390773365 ], [ -81.430765088026106, 28.363253201314706 ] ] ] } },
{ "type": "Feature", "properties": { "id": 60, "area_ha": 0.063092648784198471 }, "geometry": { "type": "Polygon", "coordinates": [ [ [ -81.43302080545908, 28.373936773283848 ], [ -81.433025633074621, 28.373942666343684 ], [ -81.433029748819806, 28.373949093845084 ], [ -81.433033086732934, 28.373955928875294 ], [ -81.433035593964519, 28.373963037318038 ], [ -81.433037232466617, 28.373970282831451 ], [ -81.433037980110811, 28.37397753176014 ], [ -81.433037831191555, 28.373984657773505 ], [ -81.433036796300044, 28.373991546039981 ], [ -81.433034901583909, 28.373998096773153 ], [ -81.433032187435728, 28.374004228018375 ], [ -81.433028706680133, 28.374009877586087 ], [ -81.433024522350664, 28.374015004079059 ], [ -81.433019705165663, 28.374019587002106 ], [ -81.433014330823653, 28.37402362598419 ], [ -81.433008477244329, 28.374027139180825 ], [ -81.433002221880329, 28.374030160958569 ], [ -81.432995639218063, 28.374032738991648 ], [ -81.432988798572538, 28.374034930922626 ], [ -81.432981762263566, 28.374036800752535 ], [ -81.432974584239204, 28.374038415133114 ], [ -81.432967309186722, 28.374039839731804 ], [ -81.432959972146804, 28.374041135832091 ], [ -81.432952598619721, 28.37404235731611 ], [ -81.432945205127822, 28.374043548155438 ], [ -81.4329378001772, 28.37404474051003 ], [ -81.432930385542264, 28.37404595350608 ], [ -81.432922957784399, 28.374047192731734 ], [ -81.432915509906039, 28.374048450457639 ], [ -81.432908033039993, 28.374049706557013 ], [ -81.432900518075144, 28.374050930070048 ], [ -81.432892957128431, 28.374052081330095 ], [ -81.432885344784722, 28.374053114545546 ], [ -81.432877679043401, 28.374053980712503 ], [ -81.432869961928603, 28.374054630719911 ], [ -81.432862199742374, 28.374055018500801 ], [ -81.432854402960189, 28.374055104081258 ], [ -81.432846585790372, 28.374054856383186 ], [ -81.43283876543704, 28.374054255646008 ], [ -81.432830961123585, 28.374053295348173 ], [ -81.432823192945264, 28.374051983529164 ], [ -81.432815480629188, 28.374050343436828 ], [ -81.432807842282884, 28.374048413452734 ], [ -81.432800293212424, 28.374046246277924 ], [ -81.432792844885782, 28.374043907393002 ], [ -81.432785504107116, 28.374041472837778 ], [ -81.432778272455167, 28.374039026386559 ], [ -81.432771146023072, 28.374036656223236 ], [ -81.432764115478889, 28.374034451245482 ], [ -81.432757166448397, 28.374032497148168 ], [ -81.432750280202598, 28.374030872450998 ], [ -81.432743434616071, 28.374029644644562 ], [ -81.432736605346619, 28.374028866630852 ], [ -81.432729767174621, 28.374028573629186 ], [ -81.432722895431809, 28.374028780705441 ], [ -81.432715967443912, 28.374029481062824 ], [ -81.432708963910514, 28.374030645205149 ], [ -81.432701870148918, 28.374032221050882 ], [ -81.43269467713472, 28.374034135038166 ], [ -81.432687382282708, 28.374036294219696 ], [ -81.432679989923585, 28.374038589302693 ], [ -81.432672511447961, 28.374040898545861 ], [ -81.432664965104294, 28.374043092383218 ], [ -81.432657375454767, 28.374045038606738 ], [ -81.432649772509251, 28.374046607907342 ], [ -81.432642190572665, 28.374047679548717 ], [ -81.432634666854781, 28.374048146932438 ], [ -81.432627239902388, 28.374047922806859 ], [ -81.432619947921921, 28.37404694387719 ], [ -81.43261282706618, 28.3740451745903 ], [ -81.432605909760099, 28.374042609894758 ], [ -81.432599223139391, 28.374039276814109 ], [ -81.432592787671211, 28.374035234717457 ], [ -81.432586616018568, 28.37403057422496 ], [ -81.432580712200419, 28.37402541474432 ], [ -81.4325750710872, 28.374019900695135 ], [ -81.432569678258531, 28.374014196538692 ], [ -81.432564510235565, 28.374008480788174 ], [ -81.432559535085829, 28.37400293922574 ], [ -81.432554713384079, 28.373997757595678 ], [ -81.432549999499628, 28.37399311407453 ], [ -81.432545343167789, 28.373989171838318 ], [ -81.432540691292871, 28.373986072051462 ], [ -81.432535989921661, 28.37398392759189 ], [ -81.432531186319366, 28.373982817802148 ], [ -81.432526231076594, 28.373982784516951 ], [ -81.432521080174041, 28.373983829566363 ], [ -81.432515696932228, 28.373985913891492 ], [ -81.432510053777563, 28.373988958340181 ], [ -81.432504133760489, 28.37399284613544 ], [ -81.432497931770229, 28.373997426934423 ], [ -81.432491455398747, 28.374002522322559 ], [ -81.432484725418789, 28.374007932520779 ], [ -81.432477775851766, 28.374013444026261 ], [ -81.432470653615212, 28.374018837862362 ], [ -81.432463417752459, 28.374023898082463 ], [ -81.432456138261244, 28.374028420158844 ], [ -81.432448894550831, 28.374032218890939 ], [ -81.432441773570204, 28.374035135487354 ], [ -81.432434867661286, 28.374037043513567 ], [ -81.432428272201037, 28.374037853448371 ], [ -81.432422083104441, 28.374037515656568 ], [ -81.432416394266568, 28.374036021658579 ], [ -81.432411295024906, 28.374033403656711 ], [ -81.432406867724509, 28.374029732358682 ], [ -81.432403185465745, 28.374025113218025 ], [ -81.432400310110552, 28.37401968128319 ], [ -81.432398290614287, 28.374013594910888 ], [ -81.43239716174115, 28.374007028648922 ], [ -81.432396943207593, 28.374000165629237 ], [ -81.432397639284176, 28.373993189829712 ], [ -81.43239923887019, 28.373986278563844 ], [ -81.432401716038328, 28.373979595539801 ], [ -81.432405031029617, 28.37397328479658 ], [ -81.432409131662325, 28.373967465776023 ], [ -81.432413955102547, 28.373962229728534 ], [ -81.432419429930846, 28.373957637580034 ], [ -81.432425478427831, 28.373953719312937 ], [ -81.43243201899277, 28.37395047483697 ], [ -81.432438968605311, 28.373947876251879 ], [ -81.432446245238296, 28.373945871336669 ], [ -81.432453770132568, 28.373944388042492 ], [ -81.43246146985129, 28.37394333972134 ], [ -81.432469278040955, 28.373942630793046 ], [ -81.432477136839651, 28.373942162539549 ], [ -81.432484997888849, 28.373941838718167 ], [ -81.432492822922896, 28.373941570705455 ], [ -81.432500583928814, 28.373941281917332 ], [ -81.432508262888774, 28.373940911298241 ], [ -81.432515851135307, 28.373940415729539 ], [ -81.43252334836653, 28.373939771271015 ], [ -81.432530761383049, 28.373938973216553 ], [ -81.432538102619446, 28.373938035011381 ], [ -81.432545388550722, 28.37393698614034 ], [ -81.432552638057814, 28.373935869151264 ], [ -81.432559870835519, 28.373934736021241 ], [ -81.432567105920654, 28.373933644104866 ], [ -81.432574360410342, 28.373932651920359 ], [ -81.43258164842679, 28.373931815031199 ], [ -81.432588980370625, 28.373931182268016 ], [ -81.432596362486805, 28.373930792508684 ], [ -81.432603796749603, 28.373930672195758 ], [ -81.432611281054363, 28.373930833721865 ], [ -81.432618809686602, 28.37393127475875 ], [ -81.432626374023556, 28.373931978547162 ], [ -81.432633963410765, 28.373932915106266 ], [ -81.432641566147311, 28.373934043266534 ], [ -81.432649170507688, 28.373935313381697 ], [ -81.432656765728694, 28.373936670536278 ], [ -81.432664342891883, 28.373938058037819 ], [ -81.432671895641278, 28.37393942096837 ], [ -81.432679420686412, 28.37394070956886 ], [ -81.432686918056149, 28.373941882242796 ], [ -81.432694391084439, 28.373942907990969 ], [ -81.43270184612804, 28.373943768125407 ], [ -81.432709292033366, 28.373944457156089 ], [ -81.432716739387033, 28.373944982795308 ], [ -81.432724199599562, 28.373945365079209 ], [ -81.432731683883631, 28.373945634660021 ], [ -81.4327392021968, 28.373945830374097 ], [ -81.432746762222123, 28.373945996234674 ], [ -81.432754368460351, 28.373946178035084 ], [ -81.432762021500992, 28.373946419772139 ], [ -81.432769717531116, 28.373946760112393 ], [ -81.432777448126274, 28.373947229123544 ], [ -81.432785200351319, 28.373947845479002 ], [ -81.432792957180538, 28.373948614318884 ], [ -81.432800698225407, 28.373949525913407 ], [ -81.432808400739162, 28.37395055523001 ], [ -81.432816040847726, 28.373951662454264 ], [ -81.432823594940714, 28.373952794460244 ], [ -81.432831041143061, 28.373953887171819 ], [ -81.432838360779087, 28.37395486870458 ], [ -81.432845539737144, 28.373955663132797 ], [ -81.432852569644936, 28.373956194688294 ], [ -81.43285944877185, 28.373956392171209 ], [ -81.432866182587304, 28.373956193337929 ], [ -81.432872783920544, 28.373955549028786 ], [ -81.43287927268743, 28.373954426808776 ], [ -81.432885675173154, 28.373952813917306 ], [ -81.432892022883692, 28.373950719356326 ], [ -81.432898351004098, 28.373948174989263 ], [ -81.43290469652429, 28.373945235572332 ], [ -81.432911096114211, 28.373941977693907 ], [ -81.432917583846915, 28.373938497652222 ], [ -81.432924188880278, 28.373934908355331 ], [ -81.432930933214578, 28.373931335376259 ], [ -81.432937829643492, 28.37392791233842 ], [ -81.432944880010552, 28.373924775839718 ], [ -81.432952073871121, 28.373922060146349 ], [ -81.432959387642711, 28.373919891898396 ], [ -81.432966784304341, 28.373918385068187 ], [ -81.432974213680339, 28.37391763639998 ], [ -81.432981613315732, 28.373917721535019 ], [ -81.43298890992186, 28.373918691993289 ], [ -81.432996021342518, 28.373920573141291 ], [ -81.433002858964954, 28.373923363228755 ], [ -81.433009330477404, 28.373927033526595 ], [ -81.433015342856933, 28.373931529547832 ], [ -81.43302080545908, 28.373936773283848 ] ] ] } },
{ "type": "Feature", "properties": { "id": 61, "area_ha": 0.0062730655018700754 }, "geometry": { "type": "Polygon", "coordinates": [ [ [ -81.432007088812767, 28.373969677121224 ], [ -81.432008540483537, 28.373969198699562 ], [ -81.43200998308933, 28.373968720604548 ], [ -81.432011420453009, 28.373968245018865 ], [ -81.43201285683989, 28.373967774823694 ], [ -81.432014296785098, 28.373967313587734 ], [ -81.432015744903964, 28.373966865533639 ], [ -81.432017205691977, 28.373966435482341 ], [ -81.432018683320862, 28.373966028776461 ], [ -81.432020181437878, 28.373965651184712 ], [ -81.432021702975263, 28.3739653087897 ], [ -81.432023249976481, 28.373965007862495 ], [ -81.432024823445573, 28.373964754727325 ], [ -81.432026423224741, 28.373964555620535 ], [ -81.432028047905192, 28.373964416547945 ], [ -81.432029694774258, 28.373964343144884 ], [ -81.432031359801499, 28.373964340543115 ], [ -81.43203303766461, 28.373964413248892 ], [ -81.432034721815057, 28.373964565035592 ], [ -81.432036404581908, 28.373964798854491 ], [ -81.432038077310963, 28.373965116766154 ], [ -81.432039730535507, 28.373965519894742 ], [ -81.432041354173563, 28.373966008406427 ], [ -81.43204293774599, 28.373966581512569 ], [ -81.432044470608872, 28.373967237497446 ], [ -81.43204594219327, 28.373967973769538 ], [ -81.432047342245468, 28.37396878693464 ], [ -81.432048661060023, 28.373969672888379 ], [ -81.432049889699272, 28.373970626925082 ], [ -81.432051020192432, 28.373971643859488 ], [ -81.432052045708801, 28.373972718157273 ], [ -81.432052960699792, 28.373973844070264 ], [ -81.432053761006159, 28.373975015772011 ], [ -81.432054443927356, 28.373976227489372 ], [ -81.432055008251595, 28.37397747362601 ], [ -81.432055454245955, 28.373978748873935 ], [ -81.432055783607652, 28.373980048309786 ], [ -81.43205599937842, 28.373981367472858 ], [ -81.432056105825112, 28.373982702422779 ], [ -81.432056108290837, 28.373984049775206 ], [ -81.432056013021437, 28.373985406714979 ], [ -81.432055826973368, 28.37398677098653 ], [ -81.432055557608678, 28.373988140862483 ], [ -81.43205521268402, 28.373989515092042 ], [ -81.432054800039978, 28.373990892831237 ], [ -81.432054327396969, 28.373992273558017 ], [ -81.432053802164006, 28.37399365697555 ], [ -81.432053231265456, 28.373995042907403 ], [ -81.432052620990802, 28.373996431188647 ], [ -81.432051976871008, 28.37399782155714 ], [ -81.432051303584672, 28.373999213549038 ], [ -81.432050604895537, 28.374000606402472 ], [ -81.432049883622298, 28.374001998973238 ], [ -81.432049141640377, 28.374003389665702 ], [ -81.432048379914335, 28.374004776381621 ], [ -81.432047598558427, 28.374006156489155 ], [ -81.432046796922393, 28.37400752681339 ], [ -81.432045973698251, 28.374008883649239 ], [ -81.43204512704385, 28.374010222796503 ], [ -81.432044254718122, 28.374011539616394 ], [ -81.432043354222884, 28.374012829108 ], [ -81.43204242294604, 28.374014086002425 ], [ -81.432041458301157, 28.374015304871801 ], [ -81.432040457858648, 28.374016480249889 ], [ -81.432039419464303, 28.374017606760464 ], [ -81.432038341341553, 28.374018679249598 ], [ -81.432037222174458, 28.374019692917585 ], [ -81.432036061169399, 28.374020643446439 ], [ -81.432034858094227, 28.374021527118927 ], [ -81.432033613294209, 28.37402234092534 ], [ -81.432032327685647, 28.374023082654656 ], [ -81.432031002728195, 28.374023750967165 ], [ -81.432029640377905, 28.374024345446294 ], [ -81.432028243023879, 28.374024866627828 ], [ -81.432026813411397, 28.374025316005675 ], [ -81.432025354555464, 28.374025696013785 ], [ -81.432023869648347, 28.374026009984803 ], [ -81.432022361965096, 28.374026262086421 ], [ -81.432020834770782, 28.374026457237434 ], [ -81.432019291233146, 28.37402660100571 ], [ -81.432017734343859, 28.374026699491015 ], [ -81.43201616685117, 28.374026759196035 ], [ -81.432014591206013, 28.374026786889083 ], [ -81.432013009523374, 28.374026789462292 ], [ -81.432011423559459, 28.374026773789108 ], [ -81.43200983470507, 28.374026746584839 ], [ -81.432008243994531, 28.37402671427364 ], [ -81.432006652129033, 28.374026682865573 ], [ -81.43200505951242, 28.374026657846208 ], [ -81.43200346629753, 28.374026644081432 ], [ -81.432001872440097, 28.374026645739342 ], [ -81.43200027775741, 28.374026666230467 ], [ -81.431998681988759, 28.374026708167086 ], [ -81.431997084854473, 28.37402677334174 ], [ -81.431995486110907, 28.374026862724655 ], [ -81.431993885598459, 28.374026976478952 ], [ -81.43199228328055, 28.374027113992177 ], [ -81.431990679271948, 28.374027273922561 ], [ -81.431989073854865, 28.374027454257391 ], [ -81.431987467482756, 28.374027652381525 ], [ -81.431985860771462, 28.374027865153188 ], [ -81.431984254478664, 28.374028088984513 ], [ -81.431982649472928, 28.374028319924353 ], [ -81.43198104669419, 28.374028553740917 ], [ -81.431979447108034, 28.37402878600189 ], [ -81.431977851656725, 28.374029012150395 ], [ -81.431976261209527, 28.374029227575051 ], [ -81.431974676515978, 28.374029427672962 ], [ -81.43197309816486, 28.374029607904987 ], [ -81.431971526551848, 28.374029763842742 ], [ -81.431969961858812, 28.37402989120757 ], [ -81.431968404046472, 28.374029985901736 ], [ -81.431966852862601, 28.374030044032644 ], [ -81.431965307866506, 28.374030061931009 ], [ -81.431963768470354, 28.374030036164335 ], [ -81.431962233996842, 28.374029963546832 ], [ -81.431960703752011, 28.374029841147273 ], [ -81.431959177111537, 28.374029666296227 ], [ -81.431957653617644, 28.374029436593698 ], [ -81.431956133083588, 28.37402914991857 ], [ -81.431954615701969, 28.374028804440456 ], [ -81.431953102152605, 28.374028398634699 ], [ -81.431951593705818, 28.37402793130078 ], [ -81.431950092316413, 28.374027401584062 ], [ -81.431948600704274, 28.374026809000416 ], [ -81.431947122416958, 28.374026153463113 ], [ -81.431945661871239, 28.374025435310962 ], [ -81.431944224369772, 28.374024655336189 ], [ -81.431942816090839, 28.37402381481089 ], [ -81.431941444049542, 28.374022915510146 ], [ -81.431940116029566, 28.374021959730225 ], [ -81.431938840485941, 28.374020950300181 ], [ -81.431937626420137, 28.374019890585117 ], [ -81.431936483229634, 28.374018784479869 ], [ -81.43193542053524, 28.374017636391695 ], [ -81.431934447990471, 28.374016451211329 ], [ -81.431933575077622, 28.374015234271628 ], [ -81.431932810896186, 28.374013991293932 ], [ -81.431932163949355, 28.374012728322374 ], [ -81.431931641935293, 28.374011451646933 ], [ -81.431931251548889, 28.374010167716555 ], [ -81.43193099830053, 28.374008883043906 ], [ -81.431930886357591, 28.374007604103898 ], [ -81.431930918413869, 28.374006337228352 ], [ -81.431931095591537, 28.374005088499469 ], [ -81.431931417379218, 28.374003863644838 ], [ -81.431931881608904, 28.374002667937013 ], [ -81.431932484472952, 28.374001506100477 ], [ -81.431933220581811, 28.374000382228761 ], [ -81.431934083061137, 28.373999299714367 ], [ -81.431935063686524, 28.37399826119362 ], [ -81.431936153052135, 28.37399726850845 ], [ -81.431937340769096, 28.373996322686356 ], [ -81.431938615688267, 28.373995423939586 ], [ -81.431939966141158, 28.373994571683735 ], [ -81.431941380192299, 28.373993764575417 ], [ -81.431942845895961, 28.373993000568301 ], [ -81.431944351549959, 28.373992276985902 ], [ -81.4319458859392, 28.373991590609155 ], [ -81.431947438562233, 28.373990937776391 ], [ -81.431948999834276, 28.373990314492662 ], [ -81.431950561261004, 28.373989716545388 ], [ -81.43195211557854, 28.373989139622765 ], [ -81.431953656855697, 28.373988579431469 ], [ -81.431955180556145, 28.373988031810178 ], [ -81.431956683559278, 28.373987492835479 ], [ -81.431958164139616, 28.373986958917008 ], [ -81.431959621906444, 28.373986426879146 ], [ -81.431961057706005, 28.373985894026742 ], [ -81.431962473490302, 28.373985358193252 ], [ -81.431963872157155, 28.373984817769895 ], [ -81.431965257367239, 28.373984271715411 ], [ -81.431966633344729, 28.37398371954631 ], [ -81.431968004668065, 28.373983161308498 ], [ -81.43196937605822, 28.373982597531601 ], [ -81.431970752171381, 28.373982029167866 ], [ -81.431972137403108, 28.373981457518315 ], [ -81.431973535710313, 28.373980884148878 ], [ -81.431974950456507, 28.373980310799897 ], [ -81.431976384285704, 28.373979739292512 ], [ -81.43197783902832, 28.373979171435447 ], [ -81.431979315641925, 28.373978608935879 ], [ -81.43198081418835, 28.373978053317767 ], [ -81.431982333847131, 28.373977505850885 ], [ -81.431983872964238, 28.373976967493263 ], [ -81.431985429133618, 28.373976438849414 ], [ -81.431986999308236, 28.373975920146094 ], [ -81.431988579935719, 28.373975411226649 ], [ -81.431990167113554, 28.373974911564428 ], [ -81.431991756757341, 28.373974420294971 ], [ -81.431993344776131, 28.373973936266026 ], [ -81.431994927247345, 28.373973458103762 ], [ -81.431996500585143, 28.373972984292916 ], [ -81.431998061695509, 28.373972513268122 ], [ -81.431999608111937, 28.373972043513174 ], [ -81.432001138106429, 28.373971573664591 ], [ -81.432002650771452, 28.373971102615823 ], [ -81.432004146069289, 28.373970629618118 ], [ -81.432005624846525, 28.373970154374195 ], [ -81.432007088812767, 28.373969677121224 ] ] ] } },
{ "type": "Feature", "properties": { "id": 62, "area_ha": 0.03501432460481857 }, "geometry": { "type": "Polygon", "coordinates": [ [ [ -81.43221296659506, 28.374394353224318 ], [ -81.432217675270579, 28.374394213711934 ], [ -81.432222530932407, 28.374394369716658 ], [ -81.432227503408328, 28.374394798590213 ], [ -81.432232560834564, 28.374395474945199 ], [ -81.432237670425707, 28.374396371236866 ], [ -81.432242799310615, 28.374397458350462 ], [ -81.432247915407274, 28.374398706176652 ], [ -81.432252988306189, 28.374400084159245 ], [ -81.432257990131504, 28.374401561801712 ], [ -81.43226289634913, 28.374403109121868 ], [ -81.432267686491514, 28.37440469704671 ], [ -81.432272344771846, 28.374406297742873 ], [ -81.432276860563206, 28.374407884881041 ], [ -81.432281228722516, 28.374409433835918 ], [ -81.432285449744143, 28.374410921826087 ], [ -81.432289529733964, 28.374412328000361 ], [ -81.432293480200173, 28.374413633479517 ], [ -81.432297317664236, 28.374414821363381 ], [ -81.432301063100951, 28.374415876714512 ], [ -81.432304741223419, 28.374416786529434 ], [ -81.432308379633881, 28.374417539708467 ], [ -81.432312007866528, 28.374418127033994 ], [ -81.432315656352927, 28.374418541165266 ], [ -81.432319355343338, 28.37441877665642 ], [ -81.432323133819992, 28.37441883000152 ], [ -81.432327018438343, 28.374418699707853 ], [ -81.432331032532929, 28.374418386396439 ], [ -81.432335195222194, 28.374417892925386 ], [ -81.432339520643765, 28.374417224529559 ], [ -81.432344017348044, 28.37441638896745 ], [ -81.432348687872633, 28.374415396664382 ], [ -81.432353528514497, 28.374414260839554 ], [ -81.432358529309852, 28.374412997603827 ], [ -81.432363674225485, 28.374411626014449 ], [ -81.432368941557357, 28.374410168074053 ], [ -81.432374304525595, 28.374408648661618 ], [ -81.432379732048261, 28.37440709538544 ], [ -81.432385189669688, 28.374405538350327 ], [ -81.432390640613832, 28.374404009834109 ], [ -81.432396046928531, 28.374402543872005 ], [ -81.432401370682769, 28.374401175751011 ], [ -81.432406575177353, 28.374399941420364 ], [ -81.432411626127944, 28.374398876827758 ], [ -81.432416492780163, 28.374398017195158 ], [ -81.432421148918422, 28.374397396250849 ], [ -81.432425573732957, 28.374397045437945 ], [ -81.432429752514267, 28.374396993121529 ], [ -81.432433677149405, 28.37439726381848 ], [ -81.432437346401287, 28.374397877474955 ], [ -81.432440765958674, 28.374398848816352 ], [ -81.432443948252754, 28.374400186793977 ], [ -81.432446912043474, 28.374401894150498 ], [ -81.432449681786736, 28.374403967123897 ], [ -81.432452286800924, 28.374406395306135 ], [ -81.432454760257912, 28.374409161668115 ], [ -81.432457138030358, 28.374412242758439 ], [ -81.432459457430994, 28.374415609077463 ], [ -81.432461755884972, 28.374419225623118 ], [ -81.432464069577506, 28.374423052599063 ], [ -81.432466432121046, 28.374427046270313 ], [ -81.432468873285799, 28.37443115994623 ], [ -81.432471417835387, 28.374435345065976 ], [ -81.432474084506481, 28.374439552357344 ], [ -81.432476885167034, 28.374443733037054 ], [ -81.432479824181598, 28.374447840017549 ], [ -81.432482898006398, 28.374451829084915 ], [ -81.432486095028793, 28.374455660011879 ], [ -81.432489395658592, 28.374459297571097 ], [ -81.432492772670059, 28.374462712416399 ], [ -81.432496191786072, 28.374465881802603 ], [ -81.432499612487092, 28.374468790119383 ], [ -81.43250298902187, 28.374471429219515 ], [ -81.432506271588522, 28.374473798528381 ], [ -81.432509407650954, 28.374475904927742 ], [ -81.432512343349799, 28.374477762414248 ], [ -81.432515024965269, 28.374479391539921 ], [ -81.432517400386601, 28.374480818649069 ], [ -81.43251942054367, 28.374482074932743 ], [ -81.432521040756981, 28.374483195327972 ], [ -81.432522221965073, 28.374484217294345 ], [ -81.432522931792775, 28.374485179505037 ], [ -81.43252314542849, 28.374486120492467 ], [ -81.432522846285096, 28.374487077291018 ], [ -81.432522026426, 28.374488084119807 ], [ -81.432520686745491, 28.374489171147836 ], [ -81.432518836900172, 28.374490363381906 ], [ -81.432516494996165, 28.374491679714236 ], [ -81.432513687044548, 28.374493132162065 ], [ -81.432510446204446, 28.374494725325963 ], [ -81.432506811839829, 28.374496456086774 ], [ -81.432502828421278, 28.374498313553939 ], [ -81.432498544308828, 28.374500279269956 ], [ -81.432494010455073, 28.374502327667738 ], [ -81.432489279069102, 28.374504426769484 ], [ -81.43248440228345, 28.374506539108019 ], [ -81.432479430864134, 28.374508622844139 ], [ -81.43247441300268, 28.374510633047102 ], [ -81.43246939322502, 28.374512523099952 ], [ -81.432464411447882, 28.374514246186976 ], [ -81.432459502207891, 28.374515756817484 ], [ -81.432454694082139, 28.374517012338838 ], [ -81.432450009312504, 28.374517974391289 ], [ -81.432445463639056, 28.37451861025864 ], [ -81.432441066340459, 28.374518894071755 ], [ -81.432436820473015, 28.374518807826149 ], [ -81.432432723292905, 28.374518342180224 ], [ -81.432428766841326, 28.374517497007609 ], [ -81.43242493866606, 28.374516281684208 ], [ -81.432421222650518, 28.374514715098897 ], [ -81.432417599917059, 28.374512825385093 ], [ -81.432414049770912, 28.374510649379037 ], [ -81.432410550649863, 28.374508231819263 ], [ -81.432407081046065, 28.374505624309219 ], [ -81.432403620368092, 28.374502884072896 ], [ -81.432400149714624, 28.374500072539078 ], [ -81.432396652535061, 28.374497253795695 ], [ -81.432393115157154, 28.374494492959069 ], [ -81.432389527167288, 28.374491854506022 ], [ -81.432385881634829, 28.374489400617254 ], [ -81.432382175177835, 28.374487189580485 ], [ -81.432378407873756, 28.374485274299445 ], [ -81.432374583024185, 28.374483700951664 ], [ -81.432370706788006, 28.374482507833129 ], [ -81.432366787702463, 28.374481724422072 ], [ -81.432362836114507, 28.374481370687299 ], [ -81.432358863549013, 28.374481456658803 ], [ -81.432354882041068, 28.374481982270403 ], [ -81.432350903461526, 28.374482937475701 ], [ -81.432346938863631, 28.374484302630549 ], [ -81.432342997878465, 28.374486049126975 ], [ -81.432339088183198, 28.374488140256325 ], [ -81.432335215064271, 28.374490532272514 ], [ -81.43233138109251, 28.374493175620817 ], [ -81.432327585923474, 28.37449601629292 ], [ -81.432323826230331, 28.37449899726602 ], [ -81.432320095772226, 28.374502059981598 ], [ -81.432316385595016, 28.374505145819519 ], [ -81.43231268435656, 28.374508197523813 ], [ -81.432308978763643, 28.374511160539015 ], [ -81.432305254103383, 28.374513984219735 ], [ -81.432301494848573, 28.374516622880687 ], [ -81.432297685313458, 28.374519036660548 ], [ -81.432293810334457, 28.374521192179163 ], [ -81.432289855949819, 28.37452306297499 ], [ -81.432285810052122, 28.374524629716948 ], [ -81.432281662988331, 28.37452588019211 ], [ -81.432277408084929, 28.374526809078166 ], [ -81.432273042077924, 28.374527417516077 ], [ -81.432268565431215, 28.374527712504737 ], [ -81.432263982531609, 28.374527706144363 ], [ -81.432259301752708, 28.374527414760063 ], [ -81.432254535385539, 28.374526857939774 ], [ -81.432249699438287, 28.374526057522775 ], [ -81.432244813312579, 28.374525036575889 ], [ -81.432239899368611, 28.374523818393342 ], [ -81.432234982394775, 28.374522425555039 ], [ -81.432230089001848, 28.374520879074531 ], [ -81.432225246963739, 28.374519197664242 ], [ -81.432220484528941, 28.374517397140675 ], [ -81.432215829727824, 28.374515489986738 ], [ -81.432211309700691, 28.374513485082353 ], [ -81.432206950070366, 28.374511387608198 ], [ -81.43220277438185, 28.374509199121515 ], [ -81.432198803627799, 28.374506917796086 ], [ -81.432195055875951, 28.374504538813575 ], [ -81.432191546010245, 28.374502054887689 ], [ -81.432188285592787, 28.37449945689843 ], [ -81.432185282849218, 28.37449673461024 ], [ -81.43218254277501, 28.374493877445126 ], [ -81.432180067355887, 28.374490875280664 ], [ -81.432177855890416, 28.374487719241941 ], [ -81.432175905399788, 28.374484402457771 ], [ -81.432174211105504, 28.374480920752809 ], [ -81.432172766953784, 28.374477273250001 ], [ -81.432171566163404, 28.374473462861509 ], [ -81.432170601772924, 28.374469496650313 ], [ -81.432169867163381, 28.374465386049561 ], [ -81.432169356533663, 28.37446114693185 ], [ -81.432169065307605, 28.374456799526119 ], [ -81.432168990454727, 28.374452368184834 ], [ -81.432169130710264, 28.374447881009573 ], [ -81.432169486683975, 28.374443369347752 ], [ -81.432170060852101, 28.374438867177247 ], [ -81.432170857431501, 28.374434410399562 ], [ -81.432171882140025, 28.374430036064535 ], [ -81.432173141851976, 28.374425781551835 ], [ -81.432174644162117, 28.374421683735019 ], [ -81.432176396875434, 28.374417778154488 ], [ -81.432178407443843, 28.374414098224353 ], [ -81.432180682372874, 28.374410674496822 ], [ -81.432183226623636, 28.374407534005037 ], [ -81.432186043036253, 28.3744046997023 ], [ -81.432189131800016, 28.374402190011903 ], [ -81.432192489995018, 28.374400018497671 ], [ -81.432196111227356, 28.374398193661172 ], [ -81.432199985376883, 28.374396718867139 ], [ -81.432204098472866, 28.37439559239429 ], [ -81.432208432707768, 28.37439480760516 ], [ -81.43221296659506, 28.374394353224318 ] ] ] } },
{ "type": "Feature", "properties": { "id": 63, "area_ha": 0.099793720121088239 }, "geometry": { "type": "Polygon", "coordinates": [ [ [ -81.430595616239572, 28.374274970009949 ], [ -81.430601338150055, 28.374277639195466 ], [ -81.43060717691273, 28.374280525933354 ], [ -81.430613119449049, 28.374283566010533 ], [ -81.430619148459442, 28.374286698989877 ], [ -81.430625242818323, 28.37428987003354 ], [ -81.430631378144085, 28.374293031438512 ], [ -81.4306375275157, 28.374296143833959 ], [ -81.430643662300369, 28.374299177005966 ], [ -81.43064975305137, 28.374302110331797 ], [ -81.430655770432111, 28.374304932823371 ], [ -81.430661686121297, 28.374307642795781 ], [ -81.430667473655646, 28.374310247192572 ], [ -81.43067310917003, 28.374312760612497 ], [ -81.430678572000673, 28.374315204093804 ], [ -81.43068384512425, 28.374317603719977 ], [ -81.430688915414706, 28.374319989115726 ], [ -81.430693773708725, 28.374322391903828 ], [ -81.430698414681629, 28.374324844191346 ], [ -81.430702836544256, 28.374327377149324 ], [ -81.43070704058205, 28.374330019741969 ], [ -81.430711030564652, 28.374332797652116 ], [ -81.430714812061439, 28.374335732437459 ], [ -81.430718391703422, 28.37433884093965 ], [ -81.43072177643441, 28.374342134955004 ], [ -81.43072497279482, 28.374345621162472 ], [ -81.430727986279706, 28.374349301292291 ], [ -81.430730820808677, 28.374353172507995 ], [ -81.430733478339093, 28.374357227965504 ], [ -81.430735958646451, 28.3743614575062 ], [ -81.430738259286599, 28.37436584843713 ], [ -81.430740375744691, 28.374370386349682 ], [ -81.430742301765633, 28.374375055929487 ], [ -81.430744029850274, 28.374379841713768 ], [ -81.430745551892912, 28.374384728758351 ], [ -81.430746859926757, 28.374389703184107 ], [ -81.430747946938098, 28.374394752581544 ], [ -81.430748807704546, 28.374399866262049 ], [ -81.430749439611148, 28.374405035354449 ], [ -81.430749843397223, 28.374410252754785 ], [ -81.430750023789741, 28.374415512946573 ], [ -81.430749989983426, 28.374420811715666 ], [ -81.430749755934272, 28.374426145790192 ], [ -81.430749340441963, 28.374431512439077 ], [ -81.430748767006293, 28.374436909064745 ], [ -81.430748063453478, 28.374442332824454 ], [ -81.430747261339505, 28.374447780311908 ], [ -81.430746395148091, 28.37445324732597 ], [ -81.430745501312174, 28.374458728746678 ], [ -81.430744617095513, 28.374464218530782 ], [ -81.430743779379583, 28.374469709830684 ], [ -81.430743023405611, 28.374475195231444 ], [ -81.430742381524965, 28.37448066709209 ], [ -81.430741882011418, 28.374486117969386 ], [ -81.430741547987253, 28.374491541095555 ], [ -81.430741396510612, 28.37449693087656 ], [ -81.430741437864498, 28.374502283374369 ], [ -81.430741675080071, 28.374507596735697 ], [ -81.430742103716057, 28.374512871531387 ], [ -81.430742711904983, 28.374518110973881 ], [ -81.43074348066591, 28.374523320986068 ], [ -81.430744384470415, 28.374528510102621 ], [ -81.430745392038872, 28.37453368919337 ], [ -81.430746467332597, 28.374538871008529 ], [ -81.430747570700319, 28.374544069555828 ], [ -81.430748660130007, 28.374549299329974 ], [ -81.430749692553221, 28.374554574424053 ], [ -81.430750625147951, 28.374559907561277 ], [ -81.430751416585665, 28.374565309091668 ], [ -81.430752028172947, 28.374570786003087 ], [ -81.430752424842893, 28.374576340997741 ], [ -81.430752575959559, 28.374581971685252 ], [ -81.430752455908092, 28.37458766993954 ], [ -81.430752044454067, 28.374593421461661 ], [ -81.430751326866186, 28.374599205582232 ], [ -81.430750293808941, 28.374604995327022 ], [ -81.430748941021506, 28.374610757757857 ], [ -81.430747268810507, 28.374616454587915 ], [ -81.43074528139168, 28.374622043057887 ], [ -81.43074298612261, 28.374627477046314 ], [ -81.430740392673272, 28.374632708375589 ], [ -81.430737512182574, 28.374637688264617 ], [ -81.43073435644898, 28.37464236887082 ], [ -81.430730937200465, 28.374646704858176 ], [ -81.430727265482901, 28.37465065492475 ], [ -81.430723351199632, 28.374654183223505 ], [ -81.430719202825443, 28.374657260612949 ], [ -81.430714827307696, 28.374659865680496 ], [ -81.430710230157089, 28.374661985490278 ], [ -81.430705415718947, 28.37466361601842 ], [ -81.430700387605683, 28.374664762252436 ], [ -81.430695149261481, 28.374665437945396 ], [ -81.430689704622054, 28.374665665031511 ], [ -81.430684058826273, 28.374665472724473 ], [ -81.430678218932812, 28.374664896334561 ], [ -81.430672194593186, 28.374663975853672 ], [ -81.430665998634211, 28.374662754367812 ], [ -81.430659647506246, 28.3746612763656 ], [ -81.430653161560272, 28.374659586015778 ], [ -81.430646565124476, 28.374657725489158 ], [ -81.430639886361675, 28.374655733398502 ], [ -81.430633156899646, 28.374653643424889 ], [ -81.43062641123862, 28.374651483191091 ], [ -81.430619685952081, 28.374649273431022 ], [ -81.430613018708428, 28.374647027491168 ], [ -81.430606447151931, 28.374644751184611 ], [ -81.430600007689463, 28.374642443001907 ], [ -81.430593734236794, 28.374640094666759 ], [ -81.430587656982055, 28.374637692008193 ], [ -81.430581801225827, 28.374635216106149 ], [ -81.430576186355395, 28.374632644654898 ], [ -81.430570825007166, 28.374629953477779 ], [ -81.43056572246374, 28.37462711812033 ], [ -81.430560876323199, 28.374624115444625 ], [ -81.430556276466746, 28.3746209251476 ], [ -81.430551905337936, 28.374617531129889 ], [ -81.430547738532951, 28.374613922648461 ], [ -81.430543745687558, 28.374610095196864 ], [ -81.430539891632264, 28.374606051069527 ], [ -81.430536137774908, 28.374601799581846 ], [ -81.430532443658535, 28.374597356934288 ], [ -81.43052876863365, 28.374592745725582 ], [ -81.430525073577215, 28.374587994137382 ], [ -81.430521322588149, 28.374583134828203 ], [ -81.430517484587639, 28.374578203589248 ], [ -81.430513534756315, 28.374573237825899 ], [ -81.430509455745877, 28.374568274937612 ], [ -81.430505238611602, 28.374563350674443 ], [ -81.430500883423207, 28.374558497549437 ], [ -81.430496399525268, 28.374553743384528 ], [ -81.430491805432155, 28.374549110061139 ], [ -81.430487128358777, 28.374544612537392 ], [ -81.430482403403161, 28.374540258181586 ], [ -81.430477672412096, 28.374536046456377 ], [ -81.430472982574386, 28.37453196897166 ], [ -81.43046838479836, 28.374528009906648 ], [ -81.430463931938689, 28.374524146783628 ], [ -81.430459676945091, 28.374520351559102 ], [ -81.430455671007564, 28.37451659198253 ], [ -81.430451961773926, 28.374512833159624 ], [ -81.430448591711297, 28.374509039246938 ], [ -81.430445596677231, 28.374505175197729 ], [ -81.430443004756953, 28.374501208475923 ], [ -81.430440835411389, 28.374497110656076 ], [ -81.430439098967085, 28.374492858831903 ], [ -81.430437796464901, 28.374488436764661 ], [ -81.430436919868001, 28.374483835714521 ], [ -81.430436452615439, 28.374479054912896 ], [ -81.43043637049216, 28.374474101650225 ], [ -81.430436642773842, 28.374468990972364 ], [ -81.430437233593452, 28.374463744997016 ], [ -81.430438103467807, 28.374458391879983 ], [ -81.430439210916845, 28.374452964478184 ], [ -81.4304405141052, 28.374447498771154 ], [ -81.430441972436498, 28.374442032114924 ], [ -81.430443548033821, 28.374436601410924 ], [ -81.43044520704683, 28.374431241277584 ], [ -81.430446920734326, 28.374425982312975 ], [ -81.430448666282842, 28.374420849533827 ], [ -81.430450427334151, 28.374415861068513 ], [ -81.430452194208357, 28.374411027171107 ], [ -81.430453963823453, 28.374406349608826 ], [ -81.430455739325652, 28.374401821458804 ], [ -81.430457529457996, 28.374397427331132 ], [ -81.430459347705636, 28.374393144015638 ], [ -81.430461211265538, 28.374388941530324 ], [ -81.430463139895224, 28.374384784530147 ], [ -81.430465154699164, 28.374380634018216 ], [ -81.430467276912836, 28.374376449286292 ], [ -81.430469526742598, 28.374372190000628 ], [ -81.430471922315334, 28.374367818341018 ], [ -81.430474478785058, 28.374363301097585 ], [ -81.43047720763451, 28.374358611630527 ], [ -81.43048011619932, 28.374353731602891 ], [ -81.430483207430441, 28.374348652405693 ], [ -81.430486479898775, 28.374343376207104 ], [ -81.430489928032799, 28.374337916573559 ], [ -81.430493542569849, 28.374332298628683 ], [ -81.430497311189967, 28.374326558735731 ], [ -81.43050121929403, 28.374320743709845 ], [ -81.430505250880344, 28.374314909586708 ], [ -81.430509389470217, 28.374309119993306 ], [ -81.430513619031743, 28.374303444183756 ], [ -81.430517924851571, 28.374297954817813 ], [ -81.430522294308247, 28.374292725570388 ], [ -81.430526717506581, 28.374287828668137 ], [ -81.430531187740215, 28.374283332451935 ], [ -81.430535701759084, 28.374279299063058 ], [ -81.430540259828604, 28.374275782345421 ], [ -81.430544865578852, 28.374272826046912 ], [ -81.430549525652353, 28.374270462390069 ], [ -81.430554249170271, 28.37426871106646 ], [ -81.430559047045136, 28.374267578691409 ], [ -81.430563931176835, 28.374267058736073 ], [ -81.43056891357385, 28.374267131934257 ], [ -81.430574005445791, 28.37426776714171 ], [ -81.43057921631393, 28.374268922607421 ], [ -81.430584553186122, 28.374270547600041 ], [ -81.43059001983832, 28.374272584319083 ], [ -81.430595616239572, 28.374274970009949 ] ] ] } },
{ "type": "Feature", "properties": { "id": 64, "area_ha": 0.0041351722833675919 }, "geometry": { "type": "Polygon", "coordinates": [ [ [ -81.431547528149821, 28.374902896224569 ], [ -81.431548626592942, 28.374903653120654 ], [ -81.431549741619833, 28.374904475132329 ], [ -81.431550870704299, 28.374905350822395 ], [ -81.431552010915965, 28.374906268771326 ], [ -81.431553159024446, 28.374907217854478 ], [ -81.431554311615258, 28.374908187503394 ], [ -81.43155546521271, 28.374909167943613 ], [ -81.43155661640418, 28.374910150401881 ], [ -81.431557761960832, 28.374911127277151 ], [ -81.431558898949802, 28.374912092270733 ], [ -81.431560024833118, 28.374913040472382 ], [ -81.431561137549593, 28.374913968400705 ], [ -81.43156223557618, 28.374914873997589 ], [ -81.431563317966933, 28.374915756578169 ], [ -81.431564384367547, 28.374916616738972 ], [ -81.431565435005695, 28.374917456228381 ], [ -81.431566470657245, 28.374918277784921 ], [ -81.431567492590403, 28.374919084949482 ], [ -81.431568502490094, 28.374919881858766 ], [ -81.431569502365775, 28.374920673027454 ], [ -81.431570494446987, 28.374921463127098 ], [ -81.431571481070918, 28.374922256769427 ], [ -81.431572464566756, 28.374923058301917 ], [ -81.431573447142071, 28.374923871622276 ], [ -81.431574430775697, 28.374924700018461 ], [ -81.431575417122062, 28.37492554603913 ], [ -81.431576407430825, 28.374926411398839 ], [ -81.431577402485516, 28.374927296920564 ], [ -81.431578402563645, 28.374928202517058 ], [ -81.431579407420458, 28.374929127210873 ], [ -81.431580416296782, 28.374930069191709 ], [ -81.431581427950974, 28.374931025908175 ], [ -81.431582440713711, 28.374931994190003 ], [ -81.431583452563487, 28.374932970395633 ], [ -81.431584461219558, 28.374933950579102 ], [ -81.431585464248471, 28.37493493066955 ], [ -81.431586459179812, 28.374935906656393 ], [ -81.43158744362573, 28.3749368747728 ], [ -81.431588415399446, 28.374937831670326 ], [ -81.431589372626803, 28.37493877457792 ], [ -81.431590313846201, 28.3749397014391 ], [ -81.431591238091514, 28.374940611021856 ], [ -81.431592144954124, 28.374941502996951 ], [ -81.431593034620064, 28.374942377981327 ], [ -81.431593907880057, 28.374943237544695 ], [ -81.43159476611045, 28.374944084178608 ], [ -81.431595611224679, 28.374944921228952 ], [ -81.431596445595943, 28.374945752793611 ], [ -81.431597271952711, 28.374946583588915 ], [ -81.431598093250258, 28.374947418789173 ], [ -81.431598912522077, 28.37494826384469 ], [ -81.431599732716037, 28.37494912428464 ], [ -81.431600556521047, 28.374950005511327 ], [ -81.431601386190451, 28.374950912593167 ], [ -81.431602223368813, 28.374951850063376 ], [ -81.431603068928609, 28.374952821731387 ], [ -81.431603922823712, 28.3749538305137 ], [ -81.431604783965554, 28.374954878289774 ], [ -81.431605650127892, 28.374955965788395 ], [ -81.431606517884816, 28.374957092508197 ], [ -81.431607382585753, 28.374958256675484 ], [ -81.43160823837006, 28.374959455240713 ], [ -81.431609078222664, 28.374960683914143 ], [ -81.431609894070419, 28.374961937239469 ], [ -81.431610676917984, 28.374963208703218 ], [ -81.431611417020022, 28.374964490876398 ], [ -81.431612104085872, 28.374965775583888 ], [ -81.431612727511023, 28.374967054096004 ], [ -81.431613276629079, 28.374968317336279 ], [ -81.431613740977028, 28.374969556098574 ], [ -81.43161411056569, 28.37497076126683 ], [ -81.431614376147195, 28.374971924030419 ], [ -81.431614529471247, 28.374973036088338 ], [ -81.431614563521848, 28.37497408983619 ], [ -81.431614472726807, 28.374975078530074 ], [ -81.431614253133276, 28.374975996422869 ], [ -81.43161390254302, 28.374976838868978 ], [ -81.431613420602787, 28.374977602394935 ], [ -81.431612808846353, 28.374978284734453 ], [ -81.431612070686157, 28.374978884827595 ], [ -81.431611211354308, 28.374979402785076 ], [ -81.431610237793876, 28.374979839819893 ], [ -81.431609158503775, 28.374980198149338 ], [ -81.431607983340768, 28.374980480871738 ], [ -81.431606723285128, 28.374980691822664 ], [ -81.431605390176017, 28.37498083541626 ], [ -81.431603996424911, 28.37498091647748 ], [ -81.431602554715454, 28.374980940071371 ], [ -81.431601077698801, 28.374980911335424 ], [ -81.431599577693575, 28.374980835320617 ], [ -81.431598066399374, 28.37498071684659 ], [ -81.43159655463289, 28.37498056037537 ], [ -81.431595052093712, 28.374980369907643 ], [ -81.431593567167667, 28.374980148904253 ], [ -81.431592106772456, 28.374979900234926 ], [ -81.431590676250778, 28.374979626154815 ], [ -81.431589279312888, 28.374979328308719 ], [ -81.431587918030516, 28.374979007761461 ], [ -81.431586592881018, 28.374978665052137 ], [ -81.431585302839864, 28.374978300269017 ], [ -81.431584045518022, 28.374977913141109 ], [ -81.431582817338523, 28.374977503141853 ], [ -81.431581613746303, 28.374977069600028 ], [ -81.431580429443684, 28.37497661181283 ], [ -81.431579258643325, 28.374976129155833 ], [ -81.431578095329883, 28.374975621185218 ], [ -81.431576933521356, 28.374975087727599 ], [ -81.431575767521593, 28.374974528953594 ], [ -81.431574592155073, 28.374973945431972 ], [ -81.431573402976554, 28.374973338162096 ], [ -81.431572196448457, 28.374972708583215 ], [ -81.431570970080585, 28.37497205856015 ], [ -81.431569722527641, 28.37497139034614 ], [ -81.431568453641745, 28.374970706524177 ], [ -81.431567164478864, 28.374970009929473 ], [ -81.431565857259343, 28.374969303556206 ], [ -81.431564535284522, 28.374968590452532 ], [ -81.431563202813109, 28.374967873608337 ], [ -81.431561864901866, 28.374967155840412 ], [ -81.431560527217073, 28.374966439680062 ], [ -81.431559195823567, 28.374965727268066 ], [ -81.431557876959346, 28.374965020261431 ], [ -81.431556576804013, 28.374964319756362 ], [ -81.431555301249659, 28.374963626230873 ], [ -81.431554055682284, 28.374962939509853 ], [ -81.431552844782161, 28.374962258754707 ], [ -81.431551672349997, 28.374961582478448 ], [ -81.431550541165649, 28.374960908586178 ], [ -81.431549452884198, 28.374960234440081 ], [ -81.431548407973608, 28.374959556946774 ], [ -81.431547405696122, 28.374958872664251 ], [ -81.431546444134369, 28.374958177924377 ], [ -81.431545520261366, 28.374957468966809 ], [ -81.431544630052301, 28.374956742079227 ], [ -81.431543768634143, 28.37495599373861 ], [ -81.431542930468268, 28.374955220748106 ], [ -81.431542109559615, 28.374954420364254 ], [ -81.431541299685392, 28.374953590409447 ], [ -81.431540494635527, 28.374952729365067 ], [ -81.43153968845634, 28.374951836441291 ], [ -81.431538875689299, 28.374950911620733 ], [ -81.431538051596476, 28.374949955673507 ], [ -81.431537212365029, 28.374948970142793 ], [ -81.43153635528347, 28.374947957300979 ], [ -81.431535478883603, 28.374946920077345 ], [ -81.431534583043344, 28.374945861959795 ], [ -81.431533669046431, 28.374944786873748 ], [ -81.431532739597259, 28.374943699042532 ], [ -81.431531798789521, 28.374942602834206 ], [ -81.431530852030292, 28.374941502600514 ], [ -81.431529905921124, 28.374940402513985 ], [ -81.431528968100537, 28.374939306409395 ], [ -81.431528047052538, 28.374938217635872 ], [ -81.431527151887565, 28.374937138925475 ], [ -81.43152629210276, 28.37493607228388 ], [ -81.431525477329458, 28.37493501890776 ], [ -81.431524717075661, 28.374933979132901 ], [ -81.431524020472125, 28.374932952415808 ], [ -81.431523396029561, 28.3749319373505 ], [ -81.43152285141511, 28.374930931720993 ], [ -81.431522393254454, 28.374929932588451 ], [ -81.43152202696605, 28.37492893641112 ], [ -81.431521756631923, 28.374927939193412 ], [ -81.431521584908921, 28.374926936659822 ], [ -81.431521512982656, 28.374925924448053 ], [ -81.431521540564674, 28.374924898315182 ], [ -81.431521665932706, 28.374923854349714 ], [ -81.431521886011382, 28.374922789182413 ], [ -81.431522196490732, 28.374921700188395 ], [ -81.431522591977199, 28.374920585673042 ], [ -81.431523066172275, 28.374919445035001 ], [ -81.431523612071999, 28.374918278899795 ], [ -81.431524222180528, 28.374917089218574 ], [ -81.431524888730522, 28.374915879327801 ], [ -81.431525603902855, 28.37491465396635 ], [ -81.43152636003876, 28.374913419248564 ], [ -81.431527149837336, 28.374912182592539 ], [ -81.431527966532514, 28.374910952604921 ], [ -81.431528804044206, 28.3749097389247 ], [ -81.431529657099361, 28.374908552029837 ], [ -81.431530521319857, 28.374907403011992 ], [ -81.431531393275293, 28.374906303325627 ], [ -81.431532270500398, 28.374905264518762 ], [ -81.431533151477268, 28.374904297953233 ], [ -81.431534035584747, 28.374903414522922 ], [ -81.431534923017864, 28.374902624378397 ], [ -81.431535814681183, 28.374901936666415 ], [ -81.431536712061288, 28.374901359292423 ], [ -81.431537617083606, 28.37490089871325 ], [ -81.431538531959518, 28.374900559766687 ], [ -81.431539459030034, 28.374900345543075 ], [ -81.43154040061205, 28.374900257303306 ], [ -81.431541358852897, 28.374900294445531 ], [ -81.431542335598763, 28.37490045452191 ], [ -81.431543332281436, 28.374900733304841 ], [ -81.43154434982759, 28.374901124900816 ], [ -81.431545388593108, 28.374901621908162 ], [ -81.431546448324809, 28.37490221561406 ], [ -81.431547528149821, 28.374902896224569 ] ] ] } },
{ "type": "Feature", "properties": { "id": 65, "area_ha": 0.079565258040275644 }, "geometry": { "type": "Polygon", "coordinates": [ [ [ -81.431052835538708, 28.374843414353194 ], [ -81.431061260015781, 28.374845338490449 ], [ -81.431069349111738, 28.374847456977665 ], [ -81.431077021464901, 28.374849764946486 ], [ -81.431084204634701, 28.374852273461343 ], [ -81.431090836814292, 28.374855007510284 ], [ -81.43109686855, 28.374858002860691 ], [ -81.43110226437382, 28.374861302039736 ], [ -81.431107004227385, 28.374864949765659 ], [ -81.431111084540589, 28.37486898819613 ], [ -81.431114518824458, 28.37487345237189 ], [ -81.431117337651287, 28.374878366215796 ], [ -81.431119587921685, 28.374883739401728 ], [ -81.431121331359719, 28.374889565337671 ], [ -81.431122642228658, 28.374895820418839 ], [ -81.431123604318572, 28.374902464605984 ], [ -81.431124307316693, 28.374909443280618 ], [ -81.431124842728693, 28.374916690229032 ], [ -81.431125299566162, 28.374924131520103 ], [ -81.431125760050321, 28.37493168997371 ], [ -81.43112629559873, 28.374939289872739 ], [ -81.431126963358764, 28.374946861555539 ], [ -81.43112780352827, 28.374954345538047 ], [ -81.43112883766004, 28.374961695854719 ], [ -81.431130068086276, 28.374968882371221 ], [ -81.43113147852506, 28.374975891904935 ], [ -81.431133035848916, 28.374982728084159 ], [ -81.431134692912096, 28.374989409976337 ], [ -81.431136392254885, 28.374995969611788 ], [ -81.431138070434898, 28.375002448614538 ], [ -81.431139662686078, 28.375008894218965 ], [ -81.431141107575655, 28.375015354995494 ], [ -81.431142351325775, 28.375021876626768 ], [ -81.431143351485602, 28.375028498066143 ], [ -81.431144079685609, 28.375035248374733 ], [ -81.431144523270987, 28.375042144473788 ], [ -81.431144685694406, 28.375049189971747 ], [ -81.431144585641519, 28.375056375135781 ], [ -81.431144254959577, 28.375063677983327 ], [ -81.431143735552027, 28.375071066378393 ], [ -81.431143075483789, 28.375078500936546 ], [ -81.431142324605517, 28.375085938479408 ], [ -81.431141530044911, 28.375093335737436 ], [ -81.431140731927997, 28.375100652984067 ], [ -81.431139959677722, 28.375107857294221 ], [ -81.431139229196162, 28.375114925156016 ], [ -81.431138541170313, 28.375121844222516 ], [ -81.431137880654674, 28.37512861406578 ], [ -81.431137217985864, 28.375135245882134 ], [ -81.43113651097876, 28.375141761187702 ], [ -81.431135708252341, 28.375148189630252 ], [ -81.431134753441142, 28.375154566118702 ], [ -81.431133589975445, 28.375160927530345 ], [ -81.431132166062682, 28.375167309291932 ], [ -81.431130439481535, 28.375173742141584 ], [ -81.431128381807923, 28.375180249363279 ], [ -81.431125981730162, 28.375186844745212 ], [ -81.431123247175663, 28.375193531450766 ], [ -81.431120206058296, 28.375200301912201 ], [ -81.431116905558667, 28.375207138767472 ], [ -81.431113409959806, 28.375214016768755 ], [ -81.431109797170535, 28.375220905503795 ], [ -81.431106154169527, 28.37522777269599 ], [ -81.431102571686125, 28.375234587792853 ], [ -81.431099138493821, 28.375241325519251 ], [ -81.431095935723903, 28.375247969065654 ], [ -81.431093031606537, 28.375254512602613 ], [ -81.431090477016866, 28.375260962860608 ], [ -81.431088302143493, 28.37526733958406 ], [ -81.431086514513723, 28.375273674756688 ], [ -81.431085098508845, 28.375280010593599 ], [ -81.431084016391381, 28.37528639639682 ], [ -81.431083210754622, 28.375292884467576 ], [ -81.431082608199802, 28.37529952535181 ], [ -81.431082123957992, 28.375306362759041 ], [ -81.431081667107179, 28.375313428533563 ], [ -81.431081145997226, 28.37532073806663 ], [ -81.431080473487, 28.375328286518769 ], [ -81.431079571621993, 28.375336046172951 ], [ -81.431078375432534, 28.375343965165449 ], [ -81.431076835610355, 28.375351967747179 ], [ -81.431074919915957, 28.375359956121628 ], [ -81.431072613275603, 28.375367813792728 ], [ -81.431069916634343, 28.37537541024744 ], [ -81.431066844731916, 28.37538260669989 ], [ -81.431063423054198, 28.37538926254545 ], [ -81.431059684275809, 28.375395242119239 ], [ -81.431055664545568, 28.375400421328202 ], [ -81.431051399971579, 28.375404693732584 ], [ -81.431046923637652, 28.375407975688173 ], [ -81.431042263428225, 28.375410210225308 ], [ -81.431037440861076, 28.375411369427347 ], [ -81.431032471030122, 28.375411455174959 ], [ -81.431027363655801, 28.375410498234181 ], [ -81.431022125133182, 28.375408555779138 ], [ -81.43101676137006, 28.375405707544271 ], [ -81.431011281126146, 28.375402050890113 ], [ -81.431005699506997, 28.375397695133319 ], [ -81.431000041238491, 28.375392755532225 ], [ -81.430994343352424, 28.375387347330204 ], [ -81.430988656950859, 28.375381580241033 ], [ -81.430983047784423, 28.375375553714676 ], [ -81.430977595472768, 28.375369353252896 ], [ -81.430972391306625, 28.375363047956906 ], [ -81.430967534691931, 28.375356689392056 ], [ -81.430963128416579, 28.375350311753898 ], [ -81.430959273031789, 28.375343933224141 ], [ -81.430956060730438, 28.375337558321668 ], [ -81.430953569168537, 28.375331180988457 ], [ -81.430951855706681, 28.375324788107712 ], [ -81.430950952540897, 28.37531836313514 ], [ -81.430950863148766, 28.375311889533268 ], [ -81.430951560396721, 28.375305353733388 ], [ -81.430952986545321, 28.375298747404536 ], [ -81.430955055256888, 28.375292068880992 ], [ -81.430957655565535, 28.375285323680529 ], [ -81.430960657622052, 28.375278524129978 ], [ -81.430963919888413, 28.375271688194207 ], [ -81.430967297338341, 28.375264837673512 ], [ -81.430970650131087, 28.37525799598636 ], [ -81.430973852173238, 28.375251185786215 ], [ -81.430976798972495, 28.375244426669614 ], [ -81.430979414219038, 28.375237733217794 ], [ -81.430981654604849, 28.375231113577833 ], [ -81.430983512501584, 28.375224568734641 ], [ -81.430985016259854, 28.375218092556938 ], [ -81.430986228052745, 28.37521167262523 ], [ -81.430987239357208, 28.375205291774499 ], [ -81.430988164332931, 28.37519893021409 ], [ -81.430989131509477, 28.375192568030513 ], [ -81.430990274316784, 28.37518618783853 ], [ -81.43099172108289, 28.375179777326725 ], [ -81.430993585168437, 28.37517333144719 ], [ -81.430995955907761, 28.375166854025057 ], [ -81.430998890978586, 28.37516035860957 ], [ -81.431002410732916, 28.37515386845163 ], [ -81.431006494892074, 28.375147415566833 ], [ -81.431011081853029, 28.375141038922326 ], [ -81.431016070677785, 28.375134781863284 ], [ -81.431021325657724, 28.375128688964388 ], [ -81.431026683171027, 28.375122802546283 ], [ -81.431031960398499, 28.375117159132952 ], [ -81.431036965337654, 28.37511178613919 ], [ -81.431041507470965, 28.375106699066635 ], [ -81.43104540840217, 28.375101899452787 ], [ -81.431048511780673, 28.375097373762536 ], [ -81.43105069188627, 28.375093093340141 ], [ -81.431051860340688, 28.375089015456894 ], [ -81.431051970541958, 28.375085085402961 ], [ -81.431051019572962, 28.375081239487653 ], [ -81.431049047506036, 28.375077408737901 ], [ -81.431046134197913, 28.375073523026078 ], [ -81.431042393833195, 28.375069515320611 ], [ -81.431037967617513, 28.375065325739133 ], [ -81.431033015134233, 28.375060905095946 ], [ -81.431027704954602, 28.375056217672451 ], [ -81.431022205124407, 28.375051242998058 ], [ -81.43101667414119, 28.375045976505906 ], [ -81.431011252984703, 28.375040429015897 ], [ -81.431006058675251, 28.375034625090493 ], [ -81.431001179717086, 28.37502860039876 ], [ -81.430996673644827, 28.375022398304164 ], [ -81.430992566742418, 28.375016065954927 ], [ -81.430988855854991, 28.375009650197196 ], [ -81.430985512076589, 28.375003193647395 ], [ -81.430982485978291, 28.37499673124886 ], [ -81.430979713951544, 28.374990287601218 ], [ -81.430977125184469, 28.374983875289452 ], [ -81.430974648767318, 28.374977494360493 ], [ -81.430972220437738, 28.374971133002425 ], [ -81.430969788525218, 28.374964769383848 ], [ -81.430967318728761, 28.374958374515447 ], [ -81.430964797461613, 28.374951915910717 ], [ -81.430962233606976, 28.374945361754008 ], [ -81.43095965864606, 28.374938685238952 ], [ -81.430957125231757, 28.374931868720346 ], [ -81.430954704383041, 28.374924907331867 ], [ -81.430952481556417, 28.374917811758479 ], [ -81.43095055191128, 28.374910609914377 ], [ -81.430949015117022, 28.374903347359322 ], [ -81.430947970056579, 28.374896086382886 ], [ -81.43094750976006, 28.374888903789085 ], [ -81.43094771685972, 28.374881887515524 ], [ -81.430948659796925, 28.37487513231363 ], [ -81.430950389940193, 28.374868734791818 ], [ -81.430952939696311, 28.374862788176582 ], [ -81.43095632162067, 28.374857377172081 ], [ -81.430960528464922, 28.374852573295282 ], [ -81.430965534044688, 28.374848431031396 ], [ -81.430971294769122, 28.374844985094636 ], [ -81.430977751653288, 28.374842248998199 ], [ -81.430984832629449, 28.374840215039221 ], [ -81.430992454986878, 28.374838855698862 ], [ -81.43100052779576, 28.374838126350873 ], [ -81.431008954208338, 28.374837969073667 ], [ -81.431017633571273, 28.37483831727809 ], [ -81.431026463326106, 28.374839100802209 ], [ -81.431035340712413, 28.374840251090173 ], [ -81.43104416431801, 28.374841706067919 ], [ -81.431052835538708, 28.374843414353194 ] ] ] } },
{ "type": "Feature", "properties": { "id": 66, "area_ha": 0.019415075594105376 }, "geometry": { "type": "Polygon", "coordinates": [ [ [ -81.431609387041888, 28.375314040770871 ], [ -81.431610296709593, 28.375316137252284 ], [ -81.431611229312097, 28.375318404832459 ], [ -81.431612206783271, 28.375320819336675 ], [ -81.431613248957106, 28.375323354305802 ], [ -81.431614373044297, 28.375325981742844 ], [ -81.431615593184077, 28.375328672906544 ], [ -81.431616920082178, 28.375331399125525 ], [ -81.431618360743215, 28.375334132606479 ], [ -81.431619918303213, 28.37533684720972 ], [ -81.431621591965254, 28.375339519166893 ], [ -81.431623377038306, 28.375342127717364 ], [ -81.431625265076718, 28.375344655642959 ], [ -81.43162724411485, 28.375347089683881 ], [ -81.431629298989606, 28.375349420823152 ], [ -81.431631411740213, 28.375351644430925 ], [ -81.431633562074012, 28.375353760265433 ], [ -81.431635727884526, 28.375355772331623 ], [ -81.431637885807419, 28.375357688603881 ], [ -81.431640011798947, 28.37535952062343 ], [ -81.431642081721563, 28.375361282985576 ], [ -81.43164407192117, 28.375362992735308 ], [ -81.431645959781079, 28.375364668693038 ], [ -81.43164772423907, 28.37536633073427 ], [ -81.43164934625473, 28.375367999048574 ], [ -81.431650809216265, 28.375369693403627 ], [ -81.431652099277784, 28.375371432439749 ], [ -81.431653205619838, 28.375373233018941 ], [ -81.431654120628835, 28.37537510965053 ], [ -81.431654839992603, 28.375377074012398 ], [ -81.431655362712078, 28.375379134583472 ], [ -81.431655691030983, 28.375381296398729 ], [ -81.431655830288122, 28.375383560934033 ], [ -81.431655788697839, 28.375385926122924 ], [ -81.43165557706682, 28.37538838650304 ], [ -81.431655208456476, 28.375390933485178 ], [ -81.431654697801235, 28.375393555733655 ], [ -81.431654061493703, 28.375396239642594 ], [ -81.431653316948839, 28.375398969889655 ], [ -81.431652482158754, 28.375401730045727 ], [ -81.431651575249546, 28.375404503217549 ], [ -81.431650614051776, 28.375407272698826 ], [ -81.431649615694568, 28.375410022605628 ], [ -81.431648596232961, 28.375412738471997 ], [ -81.431647570316429, 28.375415407784015 ], [ -81.431646550905413, 28.375418020432008 ], [ -81.431645549040937, 28.375420569064552 ], [ -81.431644573670894, 28.375423049330745 ], [ -81.431643631535024, 28.375425460001988 ], [ -81.431642727108724, 28.375427802968638 ], [ -81.431641862604735, 28.375430083111358 ], [ -81.431641038029838, 28.375432308052037 ], [ -81.431640251292691, 28.375434487793054 ], [ -81.431639498357825, 28.375436634258048 ], [ -81.431638773439659, 28.375438760750889 ], [ -81.431638069229919, 28.375440881352638 ], [ -81.431637377151247, 28.375443010278296 ], [ -81.431636687629378, 28.375445161217115 ], [ -81.431635990376478, 28.375447346680446 ], [ -81.431635274678001, 28.375449577381289 ], [ -81.431634529676231, 28.37545186166825 ], [ -81.43163374464342, 28.375454205035197 ], [ -81.431632909239113, 28.375456609724875 ], [ -81.431632013745798, 28.375459074441693 ], [ -81.431631049278906, 28.375461594184877 ], [ -81.431630007967385, 28.375464160209265 ], [ -81.431628883102334, 28.375466760116115 ], [ -81.431627669252052, 28.375469378072097 ], [ -81.431626362342456, 28.375471995149898 ], [ -81.431624959703385, 28.37547458977977 ], [ -81.431623460081283, 28.375477138297136 ], [ -81.431621863620023, 28.375479615568533 ], [ -81.431620171812071, 28.375481995674832 ], [ -81.431618387422631, 28.375484252628979 ], [ -81.431616514390157, 28.375486361104468 ], [ -81.431614557706567, 28.375488297149815 ], [ -81.431612523280776, 28.375490038865458 ], [ -81.43161041778967, 28.375491567020386 ], [ -81.431608248520291, 28.375492865588001 ], [ -81.431606023206811, 28.375493922183701 ], [ -81.431603749866525, 28.375494728389846 ], [ -81.431601436638033, 28.37549527995797 ], [ -81.431599091625074, 28.375495576881956 ], [ -81.431596722749219, 28.37549562334085 ], [ -81.431594337613973, 28.375495427513929 ], [ -81.431591943383026, 28.375495001275503 ], [ -81.431589546674587, 28.375494359780575 ], [ -81.431587153473743, 28.37549352095645 ], [ -81.431584769064273, 28.375492504918352 ], [ -81.431582397980804, 28.375491333329581 ], [ -81.431580043982407, 28.375490028728457 ], [ -81.431577710047605, 28.375488613845253 ], [ -81.431575398390805, 28.375487110932443 ], [ -81.431573110500068, 28.375485541130612 ], [ -81.431570847194962, 28.375483923891288 ], [ -81.431568608703401, 28.37548227647526 ], [ -81.431566394756203, 28.375480613542383 ], [ -81.431564204696926, 28.375478946845138 ], [ -81.43156203760482, 28.37547728503468 ], [ -81.431559892428339, 28.375475633583626 ], [ -81.431557768125813, 28.375473994825843 ], [ -81.431555663810116, 28.375472368109204 ], [ -81.431553578893826, 28.375470750053253 ], [ -81.431551513230744, 28.375469134899909 ], [ -81.431549467250008, 28.375467514942326 ], [ -81.431547442078923, 28.37546588101414 ], [ -81.431545439650122, 28.375464223019499 ], [ -81.431543462789705, 28.375462530482952 ], [ -81.431541515282362, 28.375460793097751 ], [ -81.431539601910458, 28.375459001251631 ], [ -81.431537728464235, 28.375457146509969 ], [ -81.43153590172092, 28.375455222038322 ], [ -81.431534129391082, 28.3754532229486 ], [ -81.431532420031772, 28.375451146556443 ], [ -81.431530782926259, 28.375448992540512 ], [ -81.431529227931463, 28.375446762998859 ], [ -81.431527765295087, 28.375444462400694 ], [ -81.43152640544524, 28.375442097436721 ], [ -81.431525158756713, 28.375439676774615 ], [ -81.431524035298267, 28.375437210730016 ], [ -81.431523044567001, 28.375434710866664 ], [ -81.431522195215933, 28.375432189541971 ], [ -81.431521494781791, 28.375429659416461 ], [ -81.431520949420531, 28.375427132946843 ], [ -81.431520563658211, 28.375424621883106 ], [ -81.431520340164894, 28.375422136790064 ], [ -81.431520279559379, 28.375419686612588 ], [ -81.431520380251683, 28.375417278302233 ], [ -81.431520638330184, 28.375414916520871 ], [ -81.431521047498777, 28.37541260343361 ], [ -81.431521599069043, 28.375410338600194 ], [ -81.431522282010832, 28.37540811897026 ], [ -81.431523083063198, 28.375405938983796 ], [ -81.431523986906001, 28.375403790774175 ], [ -81.431524976391714, 28.375401664467194 ], [ -81.431526032833503, 28.375399548565721 ], [ -81.431527136346176, 28.375397430406338 ], [ -81.431528266232945, 28.375395296671481 ], [ -81.431529401410728, 28.375393133938118 ], [ -81.431530520864754, 28.375390929242805 ], [ -81.431531604121972, 28.375388670641811 ], [ -81.431532631732196, 28.37538634774511 ], [ -81.431533585744688, 28.375383952203869 ], [ -81.43153445016813, 28.375381478132407 ], [ -81.431535211400998, 28.375378922448025 ], [ -81.431535858620833, 28.375376285114822 ], [ -81.431536384120292, 28.375373569281201 ], [ -81.431536783579801, 28.375370781304408 ], [ -81.431537056267459, 28.375367930659639 ], [ -81.431537205158577, 28.375365029735498 ], [ -81.431537236969191, 28.375362093521744 ], [ -81.431537162099872, 28.375359139199226 ], [ -81.431536994488468, 28.375356185645703 ], [ -81.43153675137286, 28.375353252874337 ], [ -81.431536452967194, 28.375350361424381 ], [ -81.431536122057196, 28.375347531725456 ], [ -81.431535783523074, 28.375344783457987 ], [ -81.431535463799861, 28.375342134932833 ], [ -81.431535190287633, 28.375339602512465 ], [ -81.431534990725396, 28.375337200095178 ], [ -81.431534892543326, 28.375334938681156 ], [ -81.431534922209892, 28.375332826037141 ], [ -81.431535104589798, 28.375330866472396 ], [ -81.431535462329393, 28.37532906073546 ], [ -81.431536015285744, 28.375327406036181 ], [ -81.43153678001427, 28.375325896193949 ], [ -81.431537769328983, 28.375324521907658 ], [ -81.431538991947747, 28.375323271139244 ], [ -81.431540452232227, 28.375322129597997 ], [ -81.431542150030907, 28.375321081309608 ], [ -81.431544080629948, 28.375320109250218 ], [ -81.431546234814391, 28.37531919602376 ], [ -81.431548599039473, 28.375318324558705 ], [ -81.431551155708306, 28.375317478799701 ], [ -81.431553883550038, 28.375316644369438 ], [ -81.431556758089343, 28.375315809176893 ], [ -81.431559752196009, 28.375314963949819 ], [ -81.431562836700834, 28.375314102671702 ], [ -81.431565981062647, 28.375313222906826 ], [ -81.43156915406918, 28.375312326000547 ], [ -81.431572324554537, 28.37531141714642 ], [ -81.431575462114111, 28.375310505316182 ], [ -81.431578537799339, 28.375309603053584 ], [ -81.431581524773961, 28.375308726137511 ], [ -81.431584398914922, 28.375307893124774 ], [ -81.43158713934281, 28.375307124786836 ], [ -81.431589728867834, 28.375306443458857 ], [ -81.431592154340308, 28.375305872322411 ], [ -81.431594406896693, 28.375305434645725 ], [ -81.431596482095486, 28.375305153006927 ], [ -81.431598379939487, 28.375305048526549 ], [ -81.431600104784863, 28.375305140135382 ], [ -81.431601665139794, 28.375305443902736 ], [ -81.431603073358644, 28.375305972448153 ], [ -81.431604345240558, 28.375306734457137 ], [ -81.431605499543338, 28.375307734317655 ], [ -81.431606557426392, 28.375308971890576 ], [ -81.431607541837622, 28.375310442422247 ], [ -81.431608476860902, 28.37531213660311 ], [ -81.431609387041888, 28.375314040770871 ] ] ] } },
{ "type": "Feature", "properties": { "id": 67, "area_ha": 0.019163703643342914 }, "geometry": { "type": "Polygon", "coordinates": [ [ [ -81.432699831683706, 28.375532587823891 ], [ -81.432702426245271, 28.37553413556228 ], [ -81.432704888049244, 28.375535886884599 ], [ -81.432707206772548, 28.375537812644041 ], [ -81.432709377231205, 28.375539883419112 ], [ -81.4327113995041, 28.375542070153777 ], [ -81.432713278881323, 28.375544344733342 ], [ -81.43271502563988, 28.375546680484614 ], [ -81.432716654655749, 28.375549052592319 ], [ -81.43271818486572, 28.375551438427333 ], [ -81.43271963859803, 28.375553817785757 ], [ -81.432721040794277, 28.375556173041002 ], [ -81.432722418148813, 28.375558489214225 ], [ -81.432723798194289, 28.37556075397087 ], [ -81.432725208363138, 28.375562957553019 ], [ -81.43272667505579, 28.37556509265908 ], [ -81.432728222745624, 28.375567154282948 ], [ -81.432729873149086, 28.375569139525187 ], [ -81.43273164448722, 28.375571047388679 ], [ -81.432733550861471, 28.375572878570104 ], [ -81.432735601762587, 28.375574635257511 ], [ -81.432737801727157, 28.375576320942471 ], [ -81.432740150150835, 28.375577940253351 ], [ -81.43274264126272, 28.375579498813835 ], [ -81.432745264259594, 28.375581003128854 ], [ -81.432748003593574, 28.375582460497281 ], [ -81.432750839402047, 28.375583878949111 ], [ -81.432753748064144, 28.375585267202453 ], [ -81.43275670286387, 28.375586634634271 ], [ -81.432759674737355, 28.37558799125755 ], [ -81.432762633078738, 28.375589347696778 ], [ -81.432765546578153, 28.375590715153205 ], [ -81.432768384064403, 28.375592105351917 ], [ -81.432771115325252, 28.3755935304631 ], [ -81.432773711879761, 28.375595002991332 ], [ -81.432776147678936, 28.375596535628265 ], [ -81.432778399713726, 28.375598141065915 ], [ -81.432780448513171, 28.375599831770298 ], [ -81.432782278519355, 28.37560161971702 ], [ -81.432783878330184, 28.375603516093499 ], [ -81.4327852408057, 28.375605530974219 ], [ -81.432786363038346, 28.375607672978035 ], [ -81.432787246192106, 28.375609948918328 ], [ -81.432787895219846, 28.375612363458202 ], [ -81.432788318471879, 28.37561491878424 ], [ -81.432788527212651, 28.375617614312571 ], [ -81.432788535064518, 28.375620446441268 ], [ -81.432788357400284, 28.37562340836223 ], [ -81.432788010706886, 28.375626489944541 ], [ -81.432787511943332, 28.375629677699639 ], [ -81.432786877915419, 28.375632954836096 ], [ -81.432786124688789, 28.375636301409344 ], [ -81.432785267059913, 28.3756396945682 ], [ -81.432784318101611, 28.375643108897158 ], [ -81.432783288797637, 28.375646516849564 ], [ -81.432782187775942, 28.375649889263464 ], [ -81.432781021147747, 28.375653195948878 ], [ -81.432779792454539, 28.375656406331512 ], [ -81.432778502721789, 28.375659490136208 ], [ -81.432777150613902, 28.37566241809046 ], [ -81.43277573268179, 28.375665162627353 ], [ -81.43277424369056, 28.375667698566179 ], [ -81.432772677013133, 28.375670003748972 ], [ -81.432771025072427, 28.375672059611929 ], [ -81.432769279814309, 28.375673851671809 ], [ -81.432767433191913, 28.375675369910148 ], [ -81.432765477642874, 28.375676609040255 ], [ -81.432763406540431, 28.375677568645994 ], [ -81.432761214602294, 28.375678253184965 ], [ -81.432758898241559, 28.375678671852882 ], [ -81.432756455847539, 28.375678838310893 ], [ -81.432753887986806, 28.37567877028167 ], [ -81.432751197517902, 28.375678489024729 ], [ -81.432748389616776, 28.375678018705919 ], [ -81.432745471713304, 28.37567738567931 ], [ -81.432742453342527, 28.375676617703473 ], [ -81.432739345917582, 28.375675743116371 ], [ -81.432736162434125, 28.375674789995138 ], [ -81.432732917117974, 28.375673785327667 ], [ -81.432729625030717, 28.375672754223327 ], [ -81.432726301647847, 28.375671719188919 ], [ -81.432722962426325, 28.375670699494343 ], [ -81.432719622377292, 28.375669710649738 ], [ -81.432716295659844, 28.375668764012421 ], [ -81.432712995210579, 28.375667866537739 ], [ -81.432709732421742, 28.37566702068326 ], [ -81.432706516878866, 28.375666224470876 ], [ -81.432703356166385, 28.375665471705634 ], [ -81.432700255746653, 28.375664752345049 ], [ -81.432697218915067, 28.375664053007561 ], [ -81.432694246830991, 28.375663357603305 ], [ -81.432691338621012, 28.375662648066697 ], [ -81.43268849154876, 28.375661905165998 ], [ -81.432685701242562, 28.375661109362273 ], [ -81.432682961970457, 28.375660241688067 ], [ -81.432680266950356, 28.375659284615146 ], [ -81.432677608682098, 28.375658222880354 ], [ -81.432674979287484, 28.375657044239908 ], [ -81.432672370844557, 28.375655740124373 ], [ -81.432669775702834, 28.375654306169629 ], [ -81.432667186767603, 28.375652742603112 ], [ -81.432664597742445, 28.375651054469078 ], [ -81.432662003322065, 28.375649251682283 ], [ -81.432659399328941, 28.375647348904899 ], [ -81.432656782790531, 28.375645365247689 ], [ -81.43265415195637, 28.375643323802368 ], [ -81.432651506256875, 28.375641251018035 ], [ -81.432648846208636, 28.37563917594013 ], [ -81.432646173273127, 28.375637129335193 ], [ -81.432643489678071, 28.375635142729216 ], [ -81.43264079821229, 28.375633247390503 ], [ -81.43263810200591, 28.375631473290486 ], [ -81.432635404309011, 28.375629848077182 ], [ -81.432632708281233, 28.375628396096118 ], [ -81.432630016804993, 28.375627137492479 ], [ -81.432627332333666, 28.375626087426124 ], [ -81.432624656784455, 28.375625255427842 ], [ -81.432621991484041, 28.375624644920819 ], [ -81.432619337172326, 28.375624252926464 ], [ -81.43261669406715, 28.375624069967582 ], [ -81.432614061989668, 28.375624080175971 ], [ -81.432611440547547, 28.375624261604571 ], [ -81.432608829370011, 28.375624586737739 ], [ -81.432606228385566, 28.375625023186707 ], [ -81.432603638131951, 28.375625534551077 ], [ -81.432601060084309, 28.375626081421345 ], [ -81.432598496987225, 28.375626622492948 ], [ -81.432595953174641, 28.375627115758036 ], [ -81.432593434861204, 28.375627519738412 ], [ -81.432590950389411, 28.375627794721339 ], [ -81.432588510416892, 28.375627903959369 ], [ -81.432586128031105, 28.375627814796157 ], [ -81.432583818779179, 28.375627499682047 ], [ -81.432581600604934, 28.375626937046654 ], [ -81.4325794936873, 28.375626111999548 ], [ -81.432577520178114, 28.375625016835784 ], [ -81.432575703841152, 28.37562365132851 ], [ -81.43257406959782, 28.375622022797955 ], [ -81.432572642988887, 28.375620145952663 ], [ -81.432571449565145, 28.375618042506314 ], [ -81.432570514223073, 28.375615740580201 ], [ -81.432569860504429, 28.375613273908531 ], [ -81.432569509880977, 28.375610680869677 ], [ -81.432569481046841, 28.37560800337231 ], [ -81.432569789242081, 28.375605285629671 ], [ -81.432570445630944, 28.375602572859229 ], [ -81.432571456757373, 28.375599909946907 ], [ -81.432572824098813, 28.375597340116791 ], [ -81.432574543737019, 28.375594903646657 ], [ -81.432576606161263, 28.37559263666849 ], [ -81.432578996215724, 28.3755905700908 ], [ -81.432581693198713, 28.375588728675201 ], [ -81.432584671116402, 28.375587130295624 ], [ -81.432587899089469, 28.375585785402393 ], [ -81.432591341905336, 28.37558469670736 ], [ -81.432594960704932, 28.375583859099287 ], [ -81.432598713786973, 28.375583259791817 ], [ -81.432602557510322, 28.375582878699042 ], [ -81.432606447269706, 28.375582689026874 ], [ -81.432610338518586, 28.375582658061933 ], [ -81.432614187809861, 28.375582748133692 ], [ -81.432617953824987, 28.375582917720457 ], [ -81.432621598360697, 28.375583122665866 ], [ -81.432625087244361, 28.375583317469054 ], [ -81.432628391149734, 28.375583456610165 ], [ -81.432631486288471, 28.375583495871808 ], [ -81.432634354955169, 28.37558339361788 ], [ -81.432636985908871, 28.375583111992455 ], [ -81.43263937457813, 28.375582618004774 ], [ -81.432641523082168, 28.375581884469742 ], [ -81.43264344006667, 28.375580890778341 ], [ -81.432645140357295, 28.375579623477698 ], [ -81.432646644441292, 28.375578076646708 ], [ -81.432647977791319, 28.375576252059052 ], [ -81.432649170051434, 28.37557415913253 ], [ -81.432650254109618, 28.375571814669364 ], [ -81.432651265084147, 28.37556924239879 ], [ -81.432652239254523, 28.375566472338683 ], [ -81.432653212969129, 28.37556353999782 ], [ -81.432654221562785, 28.375560485445178 ], [ -81.43265529831676, 28.375557352275308 ], [ -81.432656473492813, 28.375554186501777 ], [ -81.432657773470524, 28.375551035411643 ], [ -81.432659220013662, 28.375547946414262 ], [ -81.432660829687293, 28.375544965917083 ], [ -81.432662613443043, 28.375542138259014 ], [ -81.432664576383786, 28.375539504729584 ], [ -81.432666717714127, 28.375537102698377 ], [ -81.432669030876582, 28.375534964875246 ], [ -81.432671503867653, 28.375533118717051 ], [ -81.432674119722677, 28.37553158599178 ], [ -81.432676857152273, 28.375530382505612 ], [ -81.432679691309019, 28.375529517993584 ], [ -81.432682594659028, 28.375528996169255 ], [ -81.43268553792916, 28.375528814924337 ], [ -81.432688491099285, 28.375528966665154 ], [ -81.432691424406954, 28.37552943876911 ], [ -81.43269430933212, 28.375530214141587 ], [ -81.432697119530232, 28.375531271851699 ], [ -81.432699831683706, 28.375532587823891 ] ] ] } },
{ "type": "Feature", "properties": { "id": 68, "area_ha": 0.058398410065847818 }, "geometry": { "type": "Polygon", "coordinates": [ [ [ -81.432204269869047, 28.375567017132973 ], [ -81.432209683389914, 28.375572411126569 ], [ -81.432214978561746, 28.375577921554516 ], [ -81.432220185911945, 28.375583354244256 ], [ -81.432225341877299, 28.375588516510756 ], [ -81.43223048696666, 28.375593225733972 ], [ -81.432235663549378, 28.375597317444406 ], [ -81.432240913390046, 28.375600652513263 ], [ -81.432246275071549, 28.375603123097399 ], [ -81.432251781459186, 28.375604657062095 ], [ -81.432257457361899, 28.375605220691089 ], [ -81.432263317539011, 28.375604819588283 ], [ -81.432269365183743, 28.375603497773849 ], [ -81.432275590989605, 28.375601335072815 ], [ -81.432281972872673, 28.375598442980959 ], [ -81.432288476385139, 28.37559495926709 ], [ -81.432295055814222, 28.375591041627313 ], [ -81.432301655919105, 28.37558686074394 ], [ -81.432308214219447, 28.375582593117162 ], [ -81.432314663714138, 28.375578414031413 ], [ -81.432320935881066, 28.37557449099172 ], [ -81.432326963789365, 28.375570977920813 ], [ -81.432332685146662, 28.375568010348076 ], [ -81.4323380451048, 28.375565701751917 ], [ -81.432342998659919, 28.375564141141336 ], [ -81.432347512505174, 28.375563391886391 ], [ -81.432351566225037, 28.375563491734887 ], [ -81.432355152759072, 28.375564453889094 ], [ -81.432358278105312, 28.375566268964615 ], [ -81.432360960279027, 28.375568907617179 ], [ -81.432363227587516, 28.375572323602992 ], [ -81.432365116322615, 28.375576457035859 ], [ -81.432366668008385, 28.37558123761788 ], [ -81.432367926369281, 28.375586587649305 ], [ -81.432368934201548, 28.375592424663481 ], [ -81.432369730337697, 28.375598663582192 ], [ -81.432370346889186, 28.375605218340571 ], [ -81.432370806936831, 28.375612002984365 ], [ -81.432371122811915, 28.375618932293481 ], [ -81.432371295076592, 28.375625922027989 ], [ -81.432371312269822, 28.375632888925658 ], [ -81.432371151439511, 28.37563975059906 ], [ -81.432370779434024, 28.375646425486011 ], [ -81.432370154880005, 28.375652832997414 ], [ -81.43236923073195, 28.375658893984159 ], [ -81.432367957243315, 28.375664531610241 ], [ -81.432366285183292, 28.375669672675386 ], [ -81.43236416910716, 28.375674249381873 ], [ -81.432361570484318, 28.375678201489293 ], [ -81.432358460495152, 28.375681478752657 ], [ -81.432354822327142, 28.375684043496886 ], [ -81.432350652829498, 28.375685873148683 ], [ -81.432345963423103, 28.375686962526739 ], [ -81.432340780206317, 28.375687325685917 ], [ -81.432335143244757, 28.375686997121708 ], [ -81.432329105080768, 28.375686032166744 ], [ -81.432322728544577, 28.375684506451304 ], [ -81.432316083990017, 28.375682514351677 ], [ -81.432309246111103, 28.375680166410714 ], [ -81.432302290520397, 28.375677585780771 ], [ -81.432295290282923, 28.375674903805219 ], [ -81.432288312601884, 28.375672254916719 ], [ -81.43228141584207, 28.375669771084734 ], [ -81.432274647056531, 28.375667576086254 ], [ -81.432268040151271, 28.375665779900054 ], [ -81.432261614784608, 28.375664473533586 ], [ -81.432255376054144, 28.375663724581162 ], [ -81.432249314977696, 28.375663573783452 ], [ -81.432243409728159, 28.375664032811056 ], [ -81.432237627538797, 28.375665083433653 ], [ -81.432231927156934, 28.375666678162133 ], [ -81.43222626169424, 28.375668742370422 ], [ -81.432220581700307, 28.375671177819484 ], [ -81.432214838276082, 28.375673867425018 ], [ -81.43220898604504, 28.375676681036385 ], [ -81.432202985811031, 28.375679481932409 ], [ -81.432196806754689, 28.375682133694436 ], [ -81.432190428050163, 28.375684507090476 ], [ -81.432183839821803, 28.375686486598962 ], [ -81.432177043401751, 28.375687976217279 ], [ -81.432170050892935, 28.375688904237595 ], [ -81.432162884084008, 28.375689226728959 ], [ -81.432155572801705, 28.375688929536999 ], [ -81.432148152818414, 28.375688028696437 ], [ -81.432140663457957, 28.375686569241765 ], [ -81.432133145057605, 28.375684622493392 ], [ -81.432125636449598, 28.375682281983675 ], [ -81.432118172620676, 28.37567965826462 ], [ -81.432110782692661, 28.375676872902591 ], [ -81.432103488343557, 28.375674052009959 ], [ -81.432096302757827, 28.375671319687608 ], [ -81.432089230158169, 28.375668791753483 ], [ -81.432082265932777, 28.375666570111228 ], [ -81.432075397333179, 28.375664738070107 ], [ -81.432068604681007, 28.375663356866632 ], [ -81.432061862990565, 28.375662463561635 ], [ -81.432055143888746, 28.375662070400931 ], [ -81.43204841769672, 28.375662165636239 ], [ -81.432041655530654, 28.375662715713467 ], [ -81.432034831279964, 28.375663668651516 ], [ -81.432027923333322, 28.375664958363519 ], [ -81.432020915942644, 28.375666509616632 ], [ -81.43201380014149, 28.375668243290889 ], [ -81.432006574167673, 28.375670081583806 ], [ -81.431999243374491, 28.375671952816408 ], [ -81.431991819651245, 28.37567379552728 ], [ -81.431984320408233, 28.375675561592818 ], [ -81.431976767212007, 28.375677218179618 ], [ -81.431969184180417, 28.375678748415602 ], [ -81.431961596264259, 28.375680150754555 ], [ -81.431954027549935, 28.375681437097619 ], [ -81.431946499716346, 28.375682629821299 ], [ -81.431939030768177, 28.375683757936365 ], [ -81.431931634148967, 28.375684852663426 ], [ -81.43192431831055, 28.375685942753027 ], [ -81.43191708678323, 28.375687049898701 ], [ -81.431909938755865, 28.3756881845894 ], [ -81.43190287013789, 28.375689342721959 ], [ -81.431895875040226, 28.375690503247917 ], [ -81.431888947580134, 28.375691627062896 ], [ -81.431882083889548, 28.375692657266796 ], [ -81.431875284187569, 28.375693520833039 ], [ -81.431868554769068, 28.375694131631391 ], [ -81.43186190976111, 28.375694394656929 ], [ -81.431855372509062, 28.375694211234119 ], [ -81.431848976473631, 28.375693484894519 ], [ -81.431842765547017, 28.375692127574069 ], [ -81.431836793730625, 28.375690065745701 ], [ -81.43183112415467, 28.375687246095502 ], [ -81.43182582746077, 28.375683640369076 ], [ -81.431820979607963, 28.375679249055612 ], [ -81.431816659200123, 28.375674103640705 ], [ -81.431812944464156, 28.375668267239504 ], [ -81.431809910032825, 28.375661833515704 ], [ -81.431807623701616, 28.375654923893237 ], [ -81.431806143334853, 28.375647683169809 ], [ -81.431805514091295, 28.375640273738785 ], [ -81.431805766124853, 28.375632868712014 ], [ -81.431806912891858, 28.375625644306073 ], [ -81.431808950164239, 28.375618771902705 ], [ -81.431811855809912, 28.375612410219105 ], [ -81.431815590360031, 28.375606698022395 ], [ -81.431820098339273, 28.375601747795429 ], [ -81.431825310294158, 28.375597640709593 ], [ -81.431831145415771, 28.375594423187213 ], [ -81.431837514622075, 28.375592105245733 ], [ -81.431844323940126, 28.375590660714323 ], [ -81.431851478014593, 28.37559002930519 ], [ -81.431858883563834, 28.375590120415577 ], [ -81.431866452610905, 28.375590818436482 ], [ -81.431874105332028, 28.375591989257831 ], [ -81.431881772389829, 28.375593487591978 ], [ -81.43188939665032, 28.375595164692392 ], [ -81.431896934219182, 28.375596876024176 ], [ -81.431904354773451, 28.375598488450198 ], [ -81.43191164120465, 28.375599886529109 ], [ -81.431918788628309, 28.375600977578554 ], [ -81.431925802848738, 28.375601695234586 ], [ -81.431932698396622, 28.375602001331192 ], [ -81.431939496276172, 28.375601886027841 ], [ -81.431946221570982, 28.375601366219747 ], [ -81.431952901058466, 28.375600482370018 ], [ -81.431959560976267, 28.375599293998491 ], [ -81.431966225066844, 28.375597874141402 ], [ -81.431972913003534, 28.375596303157433 ], [ -81.431979639271631, 28.375594662291327 ], [ -81.431986412545058, 28.37559302741812 ], [ -81.431993235564249, 28.375591463375116 ], [ -81.43200010548756, 28.375590019248207 ], [ -81.432007014656833, 28.375588724915609 ], [ -81.432013951692412, 28.375587589069589 ], [ -81.43202090281342, 28.37558659884094 ], [ -81.432027853267002, 28.375585721047148 ], [ -81.432034788747714, 28.375584904980187 ], [ -81.432041696692778, 28.375584086550283 ], [ -81.432048567352254, 28.375583193513663 ], [ -81.432055394553345, 28.375582151440945 ], [ -81.432062176103443, 28.375580890032879 ], [ -81.432068913805239, 28.375579349364816 ], [ -81.432075613088571, 28.375577485641521 ], [ -81.432082282292825, 28.375575276071071 ], [ -81.432088931661482, 28.375572722517436 ], [ -81.432095572132923, 28.375569853664107 ], [ -81.432102214027708, 28.375566725510726 ], [ -81.432108865741952, 28.375563420125673 ], [ -81.432115532556878, 28.375560042684267 ], [ -81.432122215667874, 28.37555671692758 ], [ -81.432128911521346, 28.375553579274946 ], [ -81.43213561152605, 28.375550771907672 ], [ -81.432142302178789, 28.375548435207545 ], [ -81.432148965614473, 28.375546699977367 ], [ -81.432155580558543, 28.375545679888734 ], [ -81.432162123629567, 28.375545464594794 ], [ -81.432168570911827, 28.375546113911607 ], [ -81.432174899695056, 28.375547653414696 ], [ -81.432181090262603, 28.375550071719321 ], [ -81.432187127600784, 28.375553319619904 ], [ -81.43219300290292, 28.375557311160406 ], [ -81.432198714750186, 28.375561926599939 ], [ -81.432204269869047, 28.375567017132973 ] ] ] } },
{ "type": "Feature", "properties": { "id": 69, "area_ha": 0.02483874860595681 }, "geometry": { "type": "Polygon", "coordinates": [ [ [ -81.43158780388687, 28.375577859793822 ], [ -81.43158929839862, 28.375580415351354 ], [ -81.431590519215192, 28.375583169228523 ], [ -81.431591466583924, 28.375586093741969 ], [ -81.431592148028713, 28.375589159185381 ], [ -81.431592578320888, 28.375592334337195 ], [ -81.431592779238159, 28.375595587002728 ], [ -81.431592779116301, 28.375598884578434 ], [ -81.431592612204668, 28.375602194625266 ], [ -81.431592317842913, 28.375605485438047 ], [ -81.43159193948199, 28.375608726597711 ], [ -81.431591523577197, 28.375611889494099 ], [ -81.431591118385256, 28.375614947807421 ], [ -81.431590772700801, 28.375617877938151 ], [ -81.431590534568969, 28.375620659376008 ], [ -81.431590450011996, 28.375623275000969 ], [ -81.431590561807454, 28.37562571131032 ], [ -81.431590908353726, 28.375627958568529 ], [ -81.431591522656063, 28.37563001087798 ], [ -81.431592431462335, 28.3756318661713 ], [ -81.431593654573504, 28.375633526127338 ], [ -81.431595204347772, 28.375634996015179 ], [ -81.431597085411909, 28.375636284472044 ], [ -81.43159929458632, 28.375637403222303 ], [ -81.431601821024415, 28.375638366746248 ], [ -81.431604646559649, 28.375639191908089 ], [ -81.431607746247821, 28.375639897553178 ], [ -81.431611089086203, 28.375640504085045 ], [ -81.431614638885577, 28.375641033032579 ], [ -81.431618355267418, 28.375641506617551 ], [ -81.431622194754382, 28.375641947332177 ], [ -81.43162611192021, 28.375642377535407 ], [ -81.431630060563904, 28.375642819075743 ], [ -81.431633994872413, 28.375643292947402 ], [ -81.431637870537543, 28.375643818984692 ], [ -81.431641645794571, 28.375644415598899 ], [ -81.43164528235323, 28.375645099559815 ], [ -81.431648746195762, 28.375645885823133 ], [ -81.43165200822115, 28.375646787403323 ], [ -81.431655044720543, 28.375647815290456 ], [ -81.431657837674152, 28.375648978408304 ], [ -81.431660374865771, 28.375650283610252 ], [ -81.431662649817738, 28.37565173570859 ], [ -81.431664661553853, 28.375653337532537 ], [ -81.431666414204159, 28.375655090009783 ], [ -81.431667916469635, 28.375656992266531 ], [ -81.431669180969308, 28.375659041740846 ], [ -81.431670223495402, 28.375661234304626 ], [ -81.431671062204742, 28.375663564390109 ], [ -81.431671716775597, 28.375666025117024 ], [ -81.431672207559856, 28.375668608417723 ], [ -81.431672554759473, 28.375671305157955 ], [ -81.431672777654654, 28.375674105252084 ], [ -81.431672893908527, 28.375676997772143 ], [ -81.431672918969582, 28.375679971050808 ], [ -81.431672865589647, 28.375683012779387 ], [ -81.431672743469861, 28.375686110101856 ], [ -81.431672559042866, 28.375689249707026 ], [ -81.431672315393996, 28.375692417920643 ], [ -81.431672012319382, 28.375695600799716 ], [ -81.431671646513934, 28.375698784231027 ], [ -81.431671211877926, 28.375701954035616 ], [ -81.431670699926329, 28.375705096080747 ], [ -81.431670100282659, 28.375708196400243 ], [ -81.431669401235439, 28.375711241323494 ], [ -81.43166859033461, 28.375714217612725 ], [ -81.431667655003665, 28.375717112607461 ], [ -81.431666583143723, 28.375719914374262 ], [ -81.431665363706443, 28.37572261185921 ], [ -81.431663987214364, 28.37572519503987 ], [ -81.431662446210183, 28.375727655072978 ], [ -81.431660735619019, 28.375729984433587 ], [ -81.431658853011641, 28.375732177041321 ], [ -81.431656798760955, 28.375734228368955 ], [ -81.431654576087539, 28.37573613552895 ], [ -81.431652190995351, 28.375737897333703 ], [ -81.431649652101925, 28.375739514325634 ], [ -81.431646970372057, 28.37574098877403 ], [ -81.431644158767185, 28.375742324636335 ], [ -81.431641231825935, 28.375743527482342 ], [ -81.431638205193323, 28.375744604381069 ], [ -81.431635095118253, 28.375745563750929 ], [ -81.431631917939541, 28.375746415175268 ], [ -81.431628689580862, 28.37574716918613 ], [ -81.4316254250745, 28.375747837020526 ], [ -81.431622138132255, 28.375748430354353 ], [ -81.43161884077962, 28.375748961020079 ], [ -81.431615543066954, 28.375749440714866 ], [ -81.431612252867879, 28.37574988070654 ], [ -81.431608975771724, 28.375750291545128 ], [ -81.431605715072877, 28.375750682787555 ], [ -81.431602471856337, 28.375751062743248 ], [ -81.431599245174667, 28.375751438247693 ], [ -81.431596032308036, 28.3757518144707 ], [ -81.431592829095919, 28.37575219476496 ], [ -81.431589630326272, 28.375752580559677 ], [ -81.431586430165595, 28.375752971302596 ], [ -81.43158322261209, 28.37575336445294 ], [ -81.431580001952995, 28.375753755525444 ], [ -81.431576763207559, 28.375754138185268 ], [ -81.43157350253712, 28.375754504391264 ], [ -81.431570217605838, 28.375754844584133 ], [ -81.431566907877283, 28.375755147914568 ], [ -81.431563574834499, 28.375755402505209 ], [ -81.431560222114882, 28.375755595739516 ], [ -81.431556855553765, 28.375755714569578 ], [ -81.431553483135076, 28.375755745834571 ], [ -81.43155011485058, 28.375755676581136 ], [ -81.431546762472919, 28.375755494377106 ], [ -81.431543439251499, 28.375755187610082 ], [ -81.431540159542706, 28.375754745762961 ], [ -81.431536938389243, 28.375754159659227 ], [ -81.431533791064709, 28.375753421671838 ], [ -81.431530732601772, 28.375752525890618 ], [ -81.431527777322231, 28.375751468244268 ], [ -81.431524938387696, 28.375750246574874 ], [ -81.431522227388797, 28.375748860663656 ], [ -81.431519653989255, 28.375747312208649 ], [ -81.431517225639254, 28.375745604756261 ], [ -81.431514947369635, 28.375743743589798 ], [ -81.431512821675639, 28.375741735579652 ], [ -81.43151084849498, 28.375739589000361 ], [ -81.431509025282011, 28.375737313321153 ], [ -81.431507347175142, 28.375734918976626 ], [ -81.431505807251739, 28.375732417125114 ], [ -81.431504396860873, 28.375729819402 ], [ -81.43150310602104, 28.375727137675309 ], [ -81.431501923867756, 28.375724383810574 ], [ -81.431500839133435, 28.375721569451247 ], [ -81.431499840640726, 28.37571870582024 ], [ -81.431498917789881, 28.375715803547138 ], [ -81.431498061020534, 28.375712872524758 ], [ -81.431497262229342, 28.37570992179722 ], [ -81.431496515126369, 28.375706959480823 ], [ -81.43149581551539, 28.375703992717597 ], [ -81.431495161485884, 28.375701027660352 ], [ -81.431494553508472, 28.375698069486916 ], [ -81.431493994428067, 28.375695122440305 ], [ -81.431493489354438, 28.375692189890927 ], [ -81.431493045452754, 28.375689274416025 ], [ -81.431492671640854, 28.375686377891597 ], [ -81.431492378204453, 28.375683501591329 ], [ -81.431492176343866, 28.37568064628778 ], [ -81.431492077669361, 28.375677812350578 ], [ -81.431492093664531, 28.375674999837525 ], [ -81.43149223513818, 28.375672208574709 ], [ -81.431492511686571, 28.375669438222715 ], [ -81.431492931187691, 28.37566668832681 ], [ -81.431493499347965, 28.375663958350135 ], [ -81.431494219320996, 28.375661247689781 ], [ -81.431495091414831, 28.375658555676711 ], [ -81.431496112901314, 28.375655881561485 ], [ -81.431497277938021, 28.375653224488577 ], [ -81.431498577608139, 28.375650583462765 ], [ -81.431500000080476, 28.375647957311799 ], [ -81.43150153088618, 28.375645344649687 ], [ -81.431503153305215, 28.375642743845425 ], [ -81.431504848850338, 28.375640153001722 ], [ -81.431506597833504, 28.37563756994804 ], [ -81.431508379995265, 28.375634992251904 ], [ -81.431510175175191, 28.375632417251651 ], [ -81.431511963999895, 28.375629842112907 ], [ -81.43151372856282, 28.37562726391015 ], [ -81.431515453070972, 28.375624679733516 ], [ -81.431517124433455, 28.375622086819984 ], [ -81.431518732768694, 28.375619482706433 ], [ -81.431520271809262, 28.375616865401572 ], [ -81.431521739186977, 28.375614233571785 ], [ -81.431523136584303, 28.375611586735726 ], [ -81.431524469742911, 28.375608925460998 ], [ -81.431525748325114, 28.375606251556167 ], [ -81.43152698562902, 28.375603568250405 ], [ -81.431528198163406, 28.375600880353367 ], [ -81.431529405093698, 28.375598194387727 ], [ -81.431530627575029, 28.375595518687312 ], [ -81.431531887992804, 28.375592863454354 ], [ -81.431533209134969, 28.375590240770382 ], [ -81.43153461332308, 28.375587664556377 ], [ -81.431536121531465, 28.375585150479168 ], [ -81.431537752524633, 28.375582715802629 ], [ -81.431539522043352, 28.37558037918377 ], [ -81.431541442068834, 28.375578160415674 ], [ -81.431543520192335, 28.375576080120887 ], [ -81.431545759114485, 28.375574159400418 ], [ -81.431548156295108, 28.375572419445412 ], [ -81.431550703768963, 28.375570881119554 ], [ -81.431553388138568, 28.37556956452195 ], [ -81.431556190748395, 28.375568488540747 ], [ -81.431559088039904, 28.375567670408849 ], [ -81.431562052079954, 28.375567125273129 ], [ -81.431565051249635, 28.375566865788773 ], [ -81.431568051075118, 28.375566901750094 ], [ -81.431571015176871, 28.375567239768309 ], [ -81.431573906309282, 28.375567883006088 ], [ -81.431576687459497, 28.37556883097724 ], [ -81.431579322971615, 28.37557007941831 ], [ -81.431581779661215, 28.375571620237366 ], [ -81.431584027884568, 28.375573441543001 ], [ -81.431586042528295, 28.375575527754734 ], [ -81.43158780388687, 28.375577859793822 ] ] ] } },
{ "type": "Feature", "properties": { "id": 70, "area_ha": 0.082295249044644372 }, "geometry": { "type": "Polygon", "coordinates": [ [ [ -81.429012098741353, 28.360876821654539 ], [ -81.429017505262024, 28.360878149971416 ], [ -81.429022780728658, 28.360879761614168 ], [ -81.429027911194723, 28.360881651372097 ], [ -81.429032884844318, 28.360883811407355 ], [ -81.429037692168663, 28.36088623137362 ], [ -81.429042326091277, 28.360888898599047 ], [ -81.429046782039237, 28.36089179832943 ], [ -81.429051057959171, 28.360894914025117 ], [ -81.42905515427789, 28.360898227703821 ], [ -81.429059073809015, 28.360901720319418 ], [ -81.429062821608071, 28.360905372165892 ], [ -81.429066404779675, 28.360909163294274 ], [ -81.429069832241936, 28.360913073930217 ], [ -81.429073114453544, 28.360917084879492 ], [ -81.429076263110446, 28.360921177908988 ], [ -81.429079290819487, 28.3609253360917 ], [ -81.429082210756675, 28.360929544105211 ], [ -81.42908503631844, 28.360933788474572 ], [ -81.429087780773841, 28.360938057752822 ], [ -81.429090456926247, 28.360942342633649 ], [ -81.429093076791844, 28.360946635994004 ], [ -81.429095651302745, 28.360950932865936 ], [ -81.429098190040904, 28.360955230340128 ], [ -81.429100701008906, 28.360959527405463 ], [ -81.429103190442461, 28.360963824731389 ], [ -81.429105662667936, 28.360968124401996 ], [ -81.429108120008109, 28.360972429611955 ], [ -81.429110562736639, 28.360976744336412 ], [ -81.429112989082185, 28.360981072987261 ], [ -81.429115395280277, 28.360985420069134 ], [ -81.429117775671074, 28.360989789848016 ], [ -81.429120122839379, 28.360994186045271 ], [ -81.429122427792393, 28.36099861156854 ], [ -81.429124680170105, 28.361003068289776 ], [ -81.429126868482129, 28.361007556878889 ], [ -81.429128980364467, 28.361012076698994 ], [ -81.429131002849445, 28.361016625767444 ], [ -81.429132922641386, 28.361021200783661 ], [ -81.42913472639141, 28.361025797222553 ], [ -81.429136400964282, 28.361030409489544 ], [ -81.429137933690924, 28.361035031130566 ], [ -81.429139312600739, 28.361039655088408 ], [ -81.429140526628743, 28.361044273994569 ], [ -81.429141565793032, 28.36104888048401 ], [ -81.429142421339435, 28.361053467519511 ], [ -81.429143085850853, 28.361058028711035 ], [ -81.429143553320202, 28.361062558615771 ], [ -81.429143819186606, 28.361067053004763 ], [ -81.429143880335857, 28.361071509082898 ], [ -81.429143735066873, 28.361075925650599 ], [ -81.429143383027025, 28.361080303197308 ], [ -81.42914282511984, 28.361084643919412 ], [ -81.429142063389477, 28.361088951657724 ], [ -81.429141100886653, 28.361093231752591 ], [ -81.429139941521385, 28.361097490818029 ], [ -81.429138589907708, 28.361101736438965 ], [ -81.429137051206069, 28.361105976799198 ], [ -81.429135330968649, 28.361110220250261 ], [ -81.429133434992451, 28.36111447483411 ], [ -81.429131369184887, 28.361118747774796 ], [ -81.429129139445934, 28.361123044955995 ], [ -81.429126751569783, 28.36112737040261 ], [ -81.429124211168769, 28.361131725785111 ], [ -81.429121523621006, 28.361136109965564 ], [ -81.429118694042657, 28.361140518603388 ], [ -81.429115727284184, 28.361144943837775 ], [ -81.429112627949863, 28.361149374061888 ], [ -81.429109400438591, 28.361153793801194 ], [ -81.42910604900284, 28.361158183705953 ], [ -81.429102577822917, 28.361162520663797 ], [ -81.429098991092019, 28.361166778035358 ], [ -81.429095293108162, 28.361170926011752 ], [ -81.429091488367973, 28.361174932088893 ], [ -81.429087581657853, 28.36117876164969 ], [ -81.429083578137679, 28.361182378641853 ], [ -81.42907948341248, 28.361185746335217 ], [ -81.429075303588249, 28.361188828139991 ], [ -81.429071045308021, 28.361191588464557 ], [ -81.429066715765401, 28.361193993590106 ], [ -81.429062322693312, 28.361196012537626 ], [ -81.429057874326659, 28.361197617902995 ], [ -81.429053379338271, 28.361198786635814 ], [ -81.42904884674887, 28.361199500738817 ], [ -81.429044285812154, 28.361199747866536 ], [ -81.4290397058775, 28.361199521804213 ], [ -81.429035116233351, 28.361198822811211 ], [ -81.429030525935303, 28.361197657816454 ], [ -81.429025943623401, 28.361196040457735 ], [ -81.429021377333754, 28.361193990960757 ], [ -81.429016834310232, 28.361191535858357 ], [ -81.429012320821656, 28.361188707554714 ], [ -81.429007841990838, 28.36118554374379 ], [ -81.429003401640671, 28.361182086695447 ], [ -81.428999002163252, 28.361178382426122 ], [ -81.428994644416832, 28.361174479774768 ], [ -81.428990327655228, 28.361170429406883 ], [ -81.428986049493247, 28.361166282771887 ], [ -81.428981805911349, 28.361162091040374 ], [ -81.428977591301162, 28.361157904048131 ], [ -81.428973398553026, 28.361153769273891 ], [ -81.428969219185305, 28.361149730876459 ], [ -81.428965043514282, 28.36114582881563 ], [ -81.428960860862304, 28.361142098078286 ], [ -81.428956659800775, 28.361138568028657 ], [ -81.428952428423671, 28.361135261897889 ], [ -81.42894815464625, 28.361132196424144 ], [ -81.428943826523238, 28.361129381650496 ], [ -81.428939432579313, 28.361126820883225 ], [ -81.42893496214522, 28.361124510809059 ], [ -81.428930405691872, 28.361122441765371 ], [ -81.428925755154722, 28.361120598153494 ], [ -81.428921004241104, 28.36111895898156 ], [ -81.428916148712972, 28.361117498520056 ], [ -81.428911186638274, 28.361116187050587 ], [ -81.428906118604473, 28.361114991686335 ], [ -81.428900947888621, 28.36111387724123 ], [ -81.428895680579288, 28.361112807124108 ], [ -81.42889032564635, 28.361111744234311 ], [ -81.428884894956099, 28.36111065183556 ], [ -81.42887940323007, 28.361109494386483 ], [ -81.428873867947104, 28.361108238308063 ], [ -81.428868309189625, 28.361106852670606 ], [ -81.428862749435851, 28.361105309785742 ], [ -81.42885721330174, 28.361103585692131 ], [ -81.428851727236164, 28.361101660527144 ], [ -81.428846319175292, 28.361099518779959 ], [ -81.428841018161933, 28.361097149425415 ], [ -81.428835853937045, 28.36109454594104 ], [ -81.428830856510956, 28.361091706213177 ], [ -81.428826055722155, 28.361088632340767 ], [ -81.428821480792394, 28.361085330348001 ], [ -81.428817159886137, 28.36108180981897 ], [ -81.428813119683113, 28.36107808346928 ], [ -81.428809384972013, 28.361074166670075 ], [ -81.428805978273076, 28.361070076941097 ], [ -81.428802919497045, 28.361065833428626 ], [ -81.428800225646683, 28.361061456384228 ], [ -81.428797910566885, 28.36105696665868 ], [ -81.428795984748021, 28.361052385224355 ], [ -81.428794455186079, 28.361047732737337 ], [ -81.428793325302635, 28.361043029148608 ], [ -81.428792594925625, 28.361038293371369 ], [ -81.428792260331491, 28.361033543009114 ], [ -81.428792314347746, 28.361028794147018 ], [ -81.428792746513849, 28.361024061206486 ], [ -81.428793543297047, 28.361019356861078 ], [ -81.428794688359162, 28.3610146920097 ], [ -81.42879616286902, 28.36101007580163 ], [ -81.428797945854242, 28.361005515706481 ], [ -81.428800014585775, 28.361001017621344 ], [ -81.428802344987801, 28.360996586006706 ], [ -81.428804912064663, 28.360992224042679 ], [ -81.428807690337251, 28.360987933797034 ], [ -81.428810654279886, 28.360983716397264 ], [ -81.428813778749756, 28.360979572199462 ], [ -81.428817039400613, 28.360975500947998 ], [ -81.428820413072842, 28.360971501921174 ], [ -81.42882387815267, 28.360967574059242 ], [ -81.428827414893846, 28.360963716072838 ], [ -81.428831005695656, 28.360959926530988 ], [ -81.428834635332464, 28.360956203929408 ], [ -81.428838291130447, 28.360952546740869 ], [ -81.428841963088828, 28.360948953450514 ], [ -81.428845643943205, 28.360945422579718 ], [ -81.428849329170788, 28.36094195270271 ], [ -81.428853016937552, 28.360938542460374 ], [ -81.428856707989013, 28.360935190575681 ], [ -81.428860405487427, 28.360931895874902 ], [ -81.428864114799097, 28.360928657318226 ], [ -81.428867843236759, 28.360925474042574 ], [ -81.428871599762459, 28.360922345418608 ], [ -81.428875394657922, 28.360919271122594 ], [ -81.428879239169063, 28.3609162512229 ], [ -81.428883145132886, 28.360913286279423 ], [ -81.42888712459434, 28.360910377453322 ], [ -81.42889118942189, 28.360907526623123 ], [ -81.42889535092975, 28.360904736502551 ], [ -81.428899619515022, 28.360902010754558 ], [ -81.428904004317744, 28.360899354095551 ], [ -81.428908512910922, 28.360896772383647 ], [ -81.428913151027501, 28.360894272684718 ], [ -81.428917922330029, 28.360891863310567 ], [ -81.428922828227954, 28.360889553823817 ], [ -81.428927867746651, 28.360887355005474 ], [ -81.428933037451003, 28.360885278781875 ], [ -81.428938331424888, 28.36088333810946 ], [ -81.428943741307336, 28.360881546816803 ], [ -81.428949256384215, 28.360879919405644 ], [ -81.42895486373358, 28.360878470813617 ], [ -81.428960548421088, 28.360877216143383 ], [ -81.42896629374151, 28.360876170364349 ], [ -81.428972081500362, 28.360875347994376 ], [ -81.428977892329783, 28.360874762770084 ], [ -81.428983706031275, 28.360874427315242 ], [ -81.428989501937536, 28.360874352817316 ], [ -81.428995259285372, 28.360874548722268 ], [ -81.429000957591043, 28.360875022457829 ], [ -81.429006577019877, 28.360875779194746 ], [ -81.429012098741353, 28.360876821654539 ] ] ] } },
{ "type": "Feature", "properties": { "id": 71, "area_ha": 0.21155842440453021 }, "geometry": { "type": "Polygon", "coordinates": [ [ [ -81.428683181015316, 28.361169500021646 ], [ -81.42869279967087, 28.361169693900933 ], [ -81.428702152387203, 28.361170300529114 ], [ -81.42871126643638, 28.361171478643655 ], [ -81.428720122161891, 28.361173411438099 ], [ -81.428728638402603, 28.361176286217098 ], [ -81.42873666774473, 28.361180271924525 ], [ -81.428744003444706, 28.36118549734211 ], [ -81.428750398202951, 28.361192032678527 ], [ -81.428755593193131, 28.361199876832558 ], [ -81.428759354114845, 28.36120895188289 ], [ -81.428761509775896, 28.361219105436689 ], [ -81.428761988014585, 28.3612301204858 ], [ -81.428760843758965, 28.361241731508972 ], [ -81.428758274716103, 28.361253644841192 ], [ -81.428754621519957, 28.361265560897497 ], [ -81.428750350982853, 28.361277195739248 ], [ -81.428746023169467, 28.361288299704693 ], [ -81.428742245075014, 28.361298671348788 ], [ -81.428739615477014, 28.361308165662397 ], [ -81.428738666802019, 28.361316696358781 ], [ -81.428739810435346, 28.361324232802776 ], [ -81.428743291713261, 28.361330792805447 ], [ -81.428749159888909, 28.361336432924851 ], [ -81.428757256761969, 28.36134123805255 ], [ -81.42876722560267, 28.361345311918562 ], [ -81.428778539733585, 28.361348769751501 ], [ -81.428790547933957, 28.361351733759165 ], [ -81.428802531969524, 28.361354331448311 ], [ -81.428813770247544, 28.361356696188416 ], [ -81.428823601002492, 28.36135896894514 ], [ -81.428831478593452, 28.361361299844109 ], [ -81.428837017402401, 28.361363848217739 ], [ -81.428840019336278, 28.361366780039507 ], [ -81.428840482856927, 28.361370262122449 ], [ -81.428838593546516, 28.361374453074909 ], [ -81.428834698206714, 28.361379491667641 ], [ -81.428829266152604, 28.361385483863963 ], [ -81.428822842508964, 28.361392490195826 ], [ -81.428815998839966, 28.361400515358671 ], [ -81.428809286308578, 28.361409501802463 ], [ -81.428803195831208, 28.361419328718341 ], [ -81.428798128491195, 28.361429817203561 ], [ -81.428794377988169, 28.361440741614331 ], [ -81.428792125334809, 28.361451846294639 ], [ -81.428791444576277, 28.361462866117286 ], [ -81.428792317174327, 28.361473548702943 ], [ -81.428794651991396, 28.361483675880475 ], [ -81.428798307583804, 28.361493081968085 ], [ -81.428803113754782, 28.361501666795295 ], [ -81.428808889945159, 28.36150940200849 ], [ -81.428815458926209, 28.36151633002661 ], [ -81.428822655246819, 28.361522555924903 ], [ -81.42883032881636, 28.361528233399216 ], [ -81.428838344737812, 28.361533546678004 ], [ -81.428846580942405, 28.361538690705814 ], [ -81.428854925274564, 28.361543852057032 ], [ -81.428863273446197, 28.361549192834772 ], [ -81.428871528789287, 28.361554839300382 ], [ -81.428879604092543, 28.361560876238794 ], [ -81.42888742513955, 28.361567347204943 ], [ -81.428894935001153, 28.361574259943403 ], [ -81.428902097782142, 28.361581595553641 ], [ -81.428908900449457, 28.361589319492808 ], [ -81.428915351596061, 28.361597392337412 ], [ -81.428921476487574, 28.361605778388249 ], [ -81.428927308416178, 28.361614450672505 ], [ -81.428932877133505, 28.361623391599068 ], [ -81.428938195818915, 28.361632589347021 ], [ -81.428943248536086, 28.361642030882351 ], [ -81.428947980340155, 28.361651693171538 ], [ -81.428952292060458, 28.361661534580801 ], [ -81.428956041301234, 28.361671488539987 ], [ -81.428959050421867, 28.361681461284231 ], [ -81.428961121286562, 28.361691334891464 ], [ -81.428962055544758, 28.36170097599117 ], [ -81.428961678273751, 28.361710249549763 ], [ -81.428959862128352, 28.361719036188163 ], [ -81.428956548817666, 28.361727250706888 ], [ -81.428951764832021, 28.361734859016252 ], [ -81.428945628885415, 28.361741890585431 ], [ -81.42893834946392, 28.361748443874461 ], [ -81.428930212067058, 28.36175468297354 ], [ -81.42892155704358, 28.361760824760353 ], [ -81.428912750176167, 28.361767117162731 ], [ -81.428904149190075, 28.361773810409296 ], [ -81.428896069998586, 28.361781124284981 ], [ -81.428888756659063, 28.361789215211424 ], [ -81.428882358659308, 28.361798147314975 ], [ -81.42887691832324, 28.36180787145506 ], [ -81.428872369916789, 28.361818215458644 ], [ -81.428868550605799, 28.361828887613946 ], [ -81.428865221952805, 28.361839493952285 ], [ -81.428862099333912, 28.361849568177917 ], [ -81.428858885684249, 28.361858611501351 ], [ -81.428855305471231, 28.361866138304183 ], [ -81.428851134816739, 28.3618717226915 ], [ -81.428846224239052, 28.361875040699232 ], [ -81.42884051148782, 28.361875903271276 ], [ -81.428834023262468, 28.361874276079 ], [ -81.42882686605985, 28.36187028371539 ], [ -81.428819207789459, 28.361864197586652 ], [ -81.428811252941827, 28.361856408724954 ], [ -81.428803214841253, 28.361847388522289 ], [ -81.428795288766196, 28.361837641812873 ], [ -81.42878762945098, 28.361827657629942 ], [ -81.42878033573929, 28.361817863216146 ], [ -81.428773444055579, 28.361808586441175 ], [ -81.428766931055932, 28.361800030729167 ], [ -81.428760724503633, 28.361792265052433 ], [ -81.42875472027454, 28.361785229703109 ], [ -81.428748802591485, 28.361778756643503 ], [ -81.42874286422709, 28.361772601497989 ], [ -81.428736823543517, 28.361766482903249 ], [ -81.428730635829936, 28.361760124142055 ], [ -81.428724297359707, 28.361753291844082 ], [ -81.428717841771487, 28.361745827050761 ], [ -81.428711329604937, 28.361737665036948 ], [ -81.428704832906021, 28.361728841807352 ], [ -81.428698417598312, 28.361719486939457 ], [ -81.428692126677333, 28.361709804194948 ], [ -81.428685967169912, 28.361700042845392 ], [ -81.42867990322469, 28.361690463760805 ], [ -81.428673856751061, 28.361681304860408 ], [ -81.428667715838131, 28.361672750463153 ], [ -81.428661349944122, 28.361664908425208 ], [ -81.42865462973441, 28.36165779781247 ], [ -81.428647448635289, 28.361651348390033 ], [ -81.428639742785492, 28.361645411619627 ], [ -81.428631506178533, 28.361639781353816 ], [ -81.428622798385376, 28.361634221198969 ], [ -81.428613743255639, 28.36162849474168 ], [ -81.428604518272266, 28.36162239458632 ], [ -81.428595335601401, 28.361615766452772 ], [ -81.428586417135278, 28.361608525376077 ], [ -81.428577966786293, 28.361600662212759 ], [ -81.428570143809225, 28.36159224002207 ], [ -81.428563040918078, 28.361583381265579 ], [ -81.428556670415773, 28.361574247964764 ], [ -81.428550960532831, 28.361565017818272 ], [ -81.428545762811083, 28.361555859699418 ], [ -81.428540869856704, 28.36154691188699 ], [ -81.428536041333331, 28.361538265854232 ], [ -81.428531034877409, 28.36152995754032 ], [ -81.428525637867395, 28.361521966893189 ], [ -81.428519695778206, 28.361514225271208 ], [ -81.428513133241495, 28.361506629193169 ], [ -81.428505964866787, 28.361499058087137 ], [ -81.428498294234629, 28.361491393218078 ], [ -81.42849030107277, 28.361483534930169 ], [ -81.428482218245904, 28.361475415715393 ], [ -81.428474301609043, 28.361467007349265 ], [ -81.42846679679127, 28.361458321302099 ], [ -81.428459907445955, 28.361449402690937 ], [ -81.428453769353879, 28.361440319027103 ], [ -81.428448434010008, 28.361431145790124 ], [ -81.428443864060029, 28.361421951310454 ], [ -81.42843994134995, 28.361412783508484 ], [ -81.428436486625657, 28.361403660710916 ], [ -81.428433288307787, 28.361394568101382 ], [ -81.428430136492054, 28.361385460462774 ], [ -81.428426857563267, 28.361376270869677 ], [ -81.428423344673249, 28.361366924041729 ], [ -81.428419579839158, 28.361357352313586 ], [ -81.428415644506913, 28.361347511727583 ], [ -81.428411716947579, 28.361337395678881 ], [ -81.428408056608177, 28.361327043852732 ], [ -81.428404977284288, 28.361316544845316 ], [ -81.428402812483696, 28.361306031759973 ], [ -81.428401877401512, 28.361295671088765 ], [ -81.428402432388751, 28.361285646178267 ], [ -81.428404652601444, 28.361276137393215 ], [ -81.428408607697392, 28.361267301613992 ], [ -81.42841425411288, 28.361259253855756 ], [ -81.428421440787204, 28.361252053554303 ], [ -81.428429927433541, 28.361245697458219 ], [ -81.42843941282527, 28.361240120182668 ], [ -81.428449569292624, 28.361235202441172 ], [ -81.428460078880704, 28.361230785924437 ], [ -81.428470666498384, 28.361226692886543 ], [ -81.428481125899467, 28.361222747858108 ], [ -81.428491335405567, 28.361218798622374 ], [ -81.428501261746092, 28.361214733704362 ], [ -81.428510952050374, 28.361210494118499 ], [ -81.42852051564347, 28.361206077926816 ], [ -81.428530098646249, 28.361201537163577 ], [ -81.428539855278231, 28.361196967742366 ], [ -81.428549920085374, 28.361192493928808 ], [ -81.428560385030352, 28.361188249700522 ], [ -81.428571284537668, 28.361184359723818 ], [ -81.428582590309929, 28.361180922696501 ], [ -81.428594216214861, 28.361177999437892 ], [ -81.428606032010222, 28.361175607404036 ], [ -81.428617883348181, 28.361173722367258 ], [ -81.428629614579535, 28.361172286959572 ], [ -81.428641090493258, 28.361171224783334 ], [ -81.428652213339205, 28.361170457982247 ], [ -81.42866293225606, 28.361169925652163 ], [ -81.428673243455975, 28.36116960032734 ], [ -81.428683181015316, 28.361169500021646 ] ] ] } },
{ "type": "Feature", "properties": { "id": 72, "area_ha": 0.052060013315503008 }, "geometry": { "type": "Polygon", "coordinates": [ [ [ -81.429266973699683, 28.361406431911171 ], [ -81.429265336848516, 28.361410628089736 ], [ -81.42926306301122, 28.361415040992451 ], [ -81.429260228828923, 28.361419601684542 ], [ -81.429256926499335, 28.361424240276136 ], [ -81.429253261514589, 28.361428887618985 ], [ -81.429249349943632, 28.361433476987564 ], [ -81.429245315337965, 28.361437945698196 ], [ -81.429241285352617, 28.361442236621212 ], [ -81.429237388184234, 28.361446299544205 ], [ -81.429233748935431, 28.361450092348022 ], [ -81.429230486017858, 28.361453581962792 ], [ -81.429227707705877, 28.361456745077021 ], [ -81.42922550894923, 28.361459568580358 ], [ -81.429223968545557, 28.361462049727933 ], [ -81.429223146762538, 28.361464196022428 ], [ -81.42922308348632, 28.361466024818231 ], [ -81.429223796956023, 28.361467562660202 ], [ -81.429225283126328, 28.361468844377285 ], [ -81.429227515680495, 28.361469911958373 ], [ -81.429230446695442, 28.36147081324437 ], [ -81.429234007940551, 28.361471600475447 ], [ -81.429238112771657, 28.361472328736909 ], [ -81.429242658563226, 28.36147305434967 ], [ -81.42924752960478, 28.361473833253093 ], [ -81.429252600373331, 28.361474719427516 ], [ -81.429257739082217, 28.361475763402677 ], [ -81.429262811397876, 28.361477010895047 ], [ -81.429267684211979, 28.361478501613174 ], [ -81.429272229354609, 28.361480268264533 ], [ -81.429276327136691, 28.36148233579096 ], [ -81.429279869616153, 28.361484720852797 ], [ -81.429282763491429, 28.361487431573725 ], [ -81.429284932538351, 28.361490467550457 ], [ -81.429286319521083, 28.36149382012297 ], [ -81.429286887525777, 28.361497472893149 ], [ -81.429286620682745, 28.361501402471944 ], [ -81.429285524263562, 28.361505579428403 ], [ -81.429283624158828, 28.36150996940755 ], [ -81.429280965761265, 28.361514534379623 ], [ -81.429277612297525, 28.361519233978875 ], [ -81.429273642668662, 28.361524026888162 ], [ -81.429269148873459, 28.361528872224266 ], [ -81.429264233100966, 28.36153373087949 ], [ -81.429259004587522, 28.36153856677673 ], [ -81.429253576338994, 28.361543347998655 ], [ -81.429248061821767, 28.361548047755566 ], [ -81.429242571724714, 28.361552645162583 ], [ -81.429237210889951, 28.361557125802626 ], [ -81.429232075503194, 28.361561482059194 ], [ -81.429227250623555, 28.361565713209963 ], [ -81.429222808120926, 28.361569825280586 ], [ -81.429218805073049, 28.361573830665108 ], [ -81.429215282660039, 28.36157774752742 ], [ -81.429212265575231, 28.361581599004644 ], [ -81.429209761955804, 28.361585412239805 ], [ -81.429207763818155, 28.36158921727619 ], [ -81.429206247968011, 28.3615930458501 ], [ -81.429205177340094, 28.361596930121561 ], [ -81.429204502709339, 28.361600901384271 ], [ -81.429204164705467, 28.361604988796426 ], [ -81.429204096054448, 28.361609218172948 ], [ -81.429204223965669, 28.36161361087758 ], [ -81.429204472580963, 28.361618182849561 ], [ -81.429204765402901, 28.361622943795414 ], [ -81.429205027623041, 28.361627896570525 ], [ -81.429205188277038, 28.361633036769369 ], [ -81.42920518216269, 28.36163835253631 ], [ -81.429204951466687, 28.361643824602019 ], [ -81.429204447059092, 28.361649426543369 ], [ -81.429203629427036, 28.361655125258007 ], [ -81.429202469233829, 28.361660881637793 ], [ -81.429200947502864, 28.361666651419913 ], [ -81.429199055440193, 28.361672386188733 ], [ -81.429196793921562, 28.361678034497555 ], [ -81.429194172681406, 28.361683543075941 ], [ -81.429191209250888, 28.361688858086332 ], [ -81.429187927699402, 28.361693926392476 ], [ -81.429184357239123, 28.361698696802723 ], [ -81.429180530755374, 28.361703121252347 ], [ -81.42917648332535, 28.361707155891743 ], [ -81.429172250785683, 28.361710762050553 ], [ -81.429167868405528, 28.361713907052447 ], [ -81.42916336971399, 28.361716564859861 ], [ -81.429158785523654, 28.361718716534064 ], [ -81.429154143181563, 28.361720350501287 ], [ -81.429149466068125, 28.361721462622036 ], [ -81.429144773353343, 28.361722056066661 ], [ -81.429140080008054, 28.361722141005703 ], [ -81.429135397057067, 28.361721734129269 ], [ -81.429130732049913, 28.361720858014035 ], [ -81.429126089716888, 28.361719540360742 ], [ -81.429121472769395, 28.361717813128141 ], [ -81.429116882798326, 28.361715711591522 ], [ -81.429112321220273, 28.361713273355548 ], [ -81.429107790220087, 28.361710537351115 ], [ -81.429103293638235, 28.361707542845718 ], [ -81.429098837755191, 28.361704328494969 ], [ -81.42909443192913, 28.361700931460966 ], [ -81.429090089050533, 28.361697386619731 ], [ -81.42908582578535, 28.361693725876801 ], [ -81.429081662588032, 28.361689977605479 ], [ -81.429077623475976, 28.361686166218359 ], [ -81.429073735568124, 28.361682311877711 ], [ -81.429070028400716, 28.361678430346281 ], [ -81.429066533043908, 28.361674532975353 ], [ -81.429063281052478, 28.361670626822956 ], [ -81.429060303291507, 28.361666714891605 ], [ -81.429057628685172, 28.361662796471723 ], [ -81.429055282940794, 28.361658867574324 ], [ -81.429053287303461, 28.36165492143498 ], [ -81.429051657396272, 28.361650949069617 ], [ -81.429050402200133, 28.361646939862549 ], [ -81.429049523221806, 28.361642882167217 ], [ -81.429049013894158, 28.361638763900974 ], [ -81.429048859243011, 28.361634573116859 ], [ -81.429049035846575, 28.36163029853709 ], [ -81.42904951210194, 28.361625930035281 ], [ -81.429050248801801, 28.361621459057165 ], [ -81.429051200012381, 28.361616878972132 ], [ -81.429052314231924, 28.361612185351014 ], [ -81.429053535797351, 28.36160737616774 ], [ -81.42905480649685, 28.361602451925844 ], [ -81.429056067336745, 28.361597415712399 ], [ -81.429057260404164, 28.361592273184392 ], [ -81.429058330761606, 28.361587032494114 ], [ -81.429059228307196, 28.361581704161217 ], [ -81.42905990953318, 28.361576300899863 ], [ -81.429060339118351, 28.361570837409865 ], [ -81.429060491293683, 28.361565330140476 ], [ -81.42906035092787, 28.361559797034982 ], [ -81.429059914288217, 28.361554257263556 ], [ -81.429059189442967, 28.361548730950688 ], [ -81.42905819628335, 28.361543238902385 ], [ -81.429056966156878, 28.361537802336805 ], [ -81.429055541116639, 28.361532442620888 ], [ -81.429053972805676, 28.361527181014104 ], [ -81.429052321007973, 28.361522038419363 ], [ -81.429050651910472, 28.361517035140327 ], [ -81.429049036130991, 28.361512190643513 ], [ -81.429047546575944, 28.361507523323539 ], [ -81.429046256198831, 28.361503050269523 ], [ -81.429045235734733, 28.361498787031234 ], [ -81.429044551487351, 28.361494747384228 ], [ -81.429044263245132, 28.36149094309377 ], [ -81.429044422398334, 28.361487383679133 ], [ -81.429045070323127, 28.36148407618046 ], [ -81.429046237089906, 28.361481024932434 ], [ -81.429047940542262, 28.36147823134997 ], [ -81.429050185780014, 28.361475693732732 ], [ -81.429052965066433, 28.361473407096337 ], [ -81.429056258164408, 28.361471363039165 ], [ -81.429060033091304, 28.361469549654061 ], [ -81.429064247267576, 28.361467951494731 ], [ -81.429068849020126, 28.361466549606046 ], [ -81.429073779387878, 28.361465321627048 ], [ -81.429078974166956, 28.361464241973973 ], [ -81.429084366123035, 28.361463282109163 ], [ -81.429089887292434, 28.361462410899296 ], [ -81.429095471289671, 28.361461595064078 ], [ -81.429101055538467, 28.361460799713488 ], [ -81.429106583345416, 28.361459988968608 ], [ -81.429112005740492, 28.36145912665771 ], [ -81.429117283016595, 28.361458177076283 ], [ -81.429122385910588, 28.361457105796099 ], [ -81.429127296381012, 28.361455880505872 ], [ -81.429132007951395, 28.361454471863393 ], [ -81.429136525604449, 28.361452854336832 ], [ -81.429140865227708, 28.361451007011585 ], [ -81.429145052628087, 28.361448914338336 ], [ -81.429149122148516, 28.361446566797639 ], [ -81.429153114934621, 28.361443961457482 ], [ -81.429157076912645, 28.361441102401756 ], [ -81.429161056551223, 28.361438001009837 ], [ -81.429165102488071, 28.361434676070878 ], [ -81.42916926110901, 28.361431153720279 ], [ -81.429173574169027, 28.361427467190154 ], [ -81.429178076545554, 28.361423656370857 ], [ -81.42918279420995, 28.361419767185787 ], [ -81.429187742497092, 28.361415850787473 ], [ -81.429192924743035, 28.361411962588083 ], [ -81.429198331349099, 28.361408161143615 ], [ -81.429203939315741, 28.361404506915104 ], [ -81.429209712274229, 28.36140106093583 ], [ -81.429215601026243, 28.36139788341622 ], [ -81.429221544584109, 28.361395032322275 ], [ -81.429227471686517, 28.361392561964269 ], [ -81.429233302746923, 28.361390521634426 ], [ -81.429238952176718, 28.361388954331655 ], [ -81.429244331010423, 28.361387895610044 ], [ -81.429249349748645, 28.361387372585746 ], [ -81.429253921325639, 28.361387403133129 ], [ -81.429257964102035, 28.361387995296464 ], [ -81.429261404781101, 28.361389146938063 ], [ -81.429264181147275, 28.361390845637512 ], [ -81.429266244530382, 28.361393068849804 ], [ -81.429267561906627, 28.361395784322966 ], [ -81.429268117557697, 28.361398950768454 ], [ -81.429267914223516, 28.361402518770195 ], [ -81.429266973699683, 28.361406431911171 ] ] ] } },
{ "type": "Feature", "properties": { "id": 73, "area_ha": 0.0070645282208688827 }, "geometry": { "type": "Polygon", "coordinates": [ [ [ -81.42990757819652, 28.361972399376715 ], [ -81.429909209260373, 28.361972393047925 ], [ -81.429910848701468, 28.361972434485672 ], [ -81.429912493628592, 28.361972519541382 ], [ -81.429914141188704, 28.361972643823304 ], [ -81.429915788625479, 28.361972802795357 ], [ -81.429917433339881, 28.36197299188283 ], [ -81.429919072950142, 28.361973206581951 ], [ -81.429920705348536, 28.361973442569955 ], [ -81.429922328751687, 28.361973695812278 ], [ -81.429923941742217, 28.361973962663566 ], [ -81.429925543299021, 28.361974239959203 ], [ -81.429927132814299, 28.361974525094304 ], [ -81.429928710095751, 28.36197481608766 ], [ -81.429930275353016, 28.361975111628318 ], [ -81.429931829168055, 28.361975411103046 ], [ -81.429933372449611, 28.361975714603858 ], [ -81.429934906372864, 28.361976022914885 ], [ -81.429936432305908, 28.361976337478985 ], [ -81.429937951725151, 28.36197666034488 ], [ -81.429939466122576, 28.361976994096494 ], [ -81.429940976907886, 28.361977341766512 ], [ -81.42994248530934, 28.361977706736869 ], [ -81.429943992276876, 28.361978092629297 ], [ -81.429945498391319, 28.361978503189405 ], [ -81.429947003783752, 28.361978942167994 ], [ -81.42994850806825, 28.361979413203329 ], [ -81.429950010291392, 28.361979919708315 ], [ -81.429951508901169, 28.361980464766017 ], [ -81.429953001737474, 28.361981051036967 ], [ -81.429954486045276, 28.361981680681247 ], [ -81.429955958511428, 28.361982355297702 ], [ -81.429957415324523, 28.361983075882232 ], [ -81.429958852256789, 28.361983842806303 ], [ -81.429960264766038, 28.361984655816315 ], [ -81.429961648114897, 28.361985514053394 ], [ -81.429962997503679, 28.361986416093028 ], [ -81.429964308212902, 28.361987360002487 ], [ -81.4299655757507, 28.361988343414257 ], [ -81.429966796000016, 28.361989363612281 ], [ -81.429967965360632, 28.361990417628054 ], [ -81.429969080880497, 28.361991502342708 ], [ -81.429970140371537, 28.361992614591426 ], [ -81.429971142505195, 28.361993751266166 ], [ -81.42997208688341, 28.36199490941285 ], [ -81.429972974081721, 28.361996086319351 ], [ -81.429973805661817, 28.36199727959082 ], [ -81.429974584151694, 28.361998487209604 ], [ -81.429975312992781, 28.361999707577201 ], [ -81.429975996454701, 28.362000939536593 ], [ -81.429976639518742, 28.362002182373978 ], [ -81.429977247732836, 28.362003435799576 ], [ -81.429977827041895, 28.362004699907978 ], [ -81.429978383597501, 28.362005975119384 ], [ -81.42997892355281, 28.362007262103589 ], [ -81.429979452848457, 28.3620085616894 ], [ -81.429979976995824, 28.362009874762737 ], [ -81.429980500864673, 28.362011202157031 ], [ -81.429981028481777, 28.362012544539926 ], [ -81.429981562847132, 28.362013902300557 ], [ -81.429982105774272, 28.362015275441724 ], [ -81.429982657759979, 28.362016663480993 ], [ -81.429983217888761, 28.362018065364932 ], [ -81.429983783775484, 28.362019479399912 ], [ -81.429984351549564, 28.362020903202577 ], [ -81.429984915881846, 28.362022333672478 ], [ -81.429985470055001, 28.362023766988671 ], [ -81.429986006076049, 28.362025198631187 ], [ -81.429986514829039, 28.362026623427521 ], [ -81.429986986264325, 28.362028035623581 ], [ -81.429987409619642, 28.36202942897738 ], [ -81.429987773667349, 28.362030796873341 ], [ -81.429988066981366, 28.362032132454047 ], [ -81.429988278216243, 28.362033428765947 ], [ -81.429988396390996, 28.362034678914593 ], [ -81.42998841116956, 28.362035876225093 ], [ -81.429988313129854, 28.36203701440283 ], [ -81.429988094014078, 28.362038087689516 ], [ -81.429987746952548, 28.36203909100993 ], [ -81.429987266655232, 28.362040020104565 ], [ -81.429986649564768, 28.362040871644066 ], [ -81.429985893967, 28.362041643321746 ], [ -81.429985000055567, 28.362042333921021 ], [ -81.429983969948381, 28.362042943355679 ], [ -81.42998280765616, 28.362043472681123 ], [ -81.429981519003022, 28.362043924076339 ], [ -81.429980111502047, 28.362044300796533 ], [ -81.429978594189095, 28.362044607097701 ], [ -81.429976977419599, 28.362044848135266 ], [ -81.429975272634465, 28.362045029839219 ], [ -81.429973492101183, 28.3620451587697 ], [ -81.429971648638187, 28.362045241956629 ], [ -81.429969755329608, 28.362045286728421 ], [ -81.429967825238933, 28.362045300534135 ], [ -81.429965871129113, 28.362045290764648 ], [ -81.429963905196985, 28.362045264577304 ], [ -81.429961938829095, 28.36204522872951 ], [ -81.429959982385228, 28.36204518942538 ], [ -81.429958045015297, 28.362045152179927 ], [ -81.429956134513887, 28.36204512170421 ], [ -81.429954257215698, 28.362045101814378 ], [ -81.429952417933819, 28.362045095366735 ], [ -81.429950619941522, 28.36204510422035 ], [ -81.429948864996874, 28.362045129227305 ], [ -81.429947153408065, 28.362045170250653 ], [ -81.429945484136525, 28.362045226208579 ], [ -81.429943854933427, 28.362045295142906 ], [ -81.429942262504625, 28.362045374309261 ], [ -81.429940702697891, 28.362045460285614 ], [ -81.429939170706362, 28.362045549095377 ], [ -81.429937661281244, 28.362045636340984 ], [ -81.429936168946924, 28.36204571734352 ], [ -81.429934688212072, 28.362045787284053 ], [ -81.429933213769871, 28.36204584134223 ], [ -81.429931740682107, 28.362045874828002 ], [ -81.429930264541412, 28.362045883302685 ], [ -81.429928781607813, 28.362045862685999 ], [ -81.429927288916033, 28.362045809346178 ], [ -81.429925784351454, 28.362045720171217 ], [ -81.429924266693448, 28.362045592619467 ], [ -81.429922735626135, 28.362045424749176 ], [ -81.429921191717767, 28.362045215226644 ], [ -81.429919636370556, 28.362044963313888 ], [ -81.429918071744154, 28.362044668837171 ], [ -81.429916500656603, 28.36204433213819 ], [ -81.429914926467106, 28.362043954010673 ], [ -81.429913352945618, 28.362043535625109 ], [ -81.429911784134561, 28.362043078444898 ], [ -81.429910224207859, 28.362042584137388 ], [ -81.429908677332634, 28.362042054483151 ], [ -81.429907147538557, 28.362041491287087 ], [ -81.429905638599351, 28.36204089629442 ], [ -81.429904153930465, 28.362040271114715 ], [ -81.429902696506176, 28.362039617156306 ], [ -81.429901268798531, 28.362038935573405 ], [ -81.429899872739739, 28.362038227227313 ], [ -81.429898509708764, 28.362037492662832 ], [ -81.429897180541602, 28.36203673210029 ], [ -81.429895885564619, 28.362035945442848 ], [ -81.429894624648412, 28.362035132298544 ], [ -81.429893397279969, 28.362034292015665 ], [ -81.429892202649725, 28.362033423729702 ], [ -81.429891039749634, 28.362032526419835 ], [ -81.42988990747827, 28.362031598972465 ], [ -81.429888804748657, 28.362030640249166 ], [ -81.429887730594544, 28.362029649156423 ], [ -81.429886684270912, 28.362028624714338 ], [ -81.429885665345026, 28.362027566121757 ], [ -81.429884673774268, 28.362026472815511 ], [ -81.429883709968408, 28.362025344521573 ], [ -81.429882774833359, 28.362024181296469 ], [ -81.429881869795665, 28.362022983557623 ], [ -81.429880996806332, 28.362021752101885 ], [ -81.429880158324295, 28.362020488111817 ], [ -81.429879357280299, 28.362019193149855 ], [ -81.429878597022423, 28.362017869141109 ], [ -81.42987788124573, 28.362016518345669 ], [ -81.42987721390827, 28.362015143322004 ], [ -81.429876599136861, 28.362013746883058 ], [ -81.429876041126121, 28.362012332047197 ], [ -81.429875544034033, 28.362010901985883 ], [ -81.42987511187799, 28.362009459970579 ], [ -81.429874748434912, 28.36200800932081 ], [ -81.429874457148571, 28.362006553355467 ], [ -81.429874241047486, 28.362005095349325 ], [ -81.429874102675569, 28.362003638496091 ], [ -81.429874044037831, 28.362002185879508 ], [ -81.429874066562604, 28.362000740452896 ], [ -81.429874171080925, 28.361999305028139 ], [ -81.429874357823238, 28.361997882273393 ], [ -81.429874626433175, 28.361996474719728 ], [ -81.42987497599691, 28.361995084775312 ], [ -81.429875405086705, 28.361993714746191 ], [ -81.429875911816438, 28.361992366862111 ], [ -81.429876493906534, 28.36199104330538 ], [ -81.429877148755452, 28.361989746241193 ], [ -81.429877873514968, 28.361988477846928 ], [ -81.429878665165958, 28.361987240338813 ], [ -81.429879520592152, 28.361986035993763 ], [ -81.42988043664856, 28.361984867164754 ], [ -81.429881410222904, 28.361983736288277 ], [ -81.429882438287322, 28.361982645882684 ], [ -81.429883517939317, 28.361981598536691 ], [ -81.429884646430594, 28.361980596887832 ], [ -81.429885821183589, 28.361979643590828 ], [ -81.429887039795403, 28.361978741276641 ], [ -81.42988830003037, 28.361977892503248 ], [ -81.429889599801811, 28.361977099699587 ], [ -81.429890937144947, 28.361976365104574 ], [ -81.429892310182964, 28.361975690703336 ], [ -81.429893717088305, 28.361975078163155 ], [ -81.429895156041894, 28.361974528771459 ], [ -81.42989662519264, 28.361974043378758 ], [ -81.42989812261979, 28.361973622348753 ], [ -81.429899646300569, 28.361973265518209 ], [ -81.429901194085033, 28.361972972168619 ], [ -81.429902763679777, 28.36197274101152 ], [ -81.429904352642268, 28.361972570188662 ], [ -81.429905958385859, 28.361972457288154 ], [ -81.42990757819652, 28.361972399376715 ] ] ] } },
{ "type": "Feature", "properties": { "id": 74, "area_ha": 0.060124821625616789 }, "geometry": { "type": "Polygon", "coordinates": [ [ [ -81.428510889655115, 28.361875438098128 ], [ -81.428511155101774, 28.361879648252444 ], [ -81.428510674603388, 28.361884023816 ], [ -81.428509518130156, 28.361888465073161 ], [ -81.428507781298748, 28.361892870423578 ], [ -81.42850558275164, 28.361897139193594 ], [ -81.428503060612698, 28.361901174468752 ], [ -81.428500368140675, 28.361904885847881 ], [ -81.428497668734138, 28.361908192021566 ], [ -81.42849513046977, 28.361911023083888 ], [ -81.42849292037495, 28.361913322495962 ], [ -81.428491198647777, 28.361915048633129 ], [ -81.428490113040837, 28.361916175862522 ], [ -81.428489793619406, 28.361916695116445 ], [ -81.428490348090932, 28.361916613944935 ], [ -81.428491857881141, 28.361915956050982 ], [ -81.42849437510273, 28.361914760330688 ], [ -81.428497920529281, 28.361913079458958 ], [ -81.42850248264736, 28.361910978077255 ], [ -81.428508017819397, 28.361908530653952 ], [ -81.428514451547372, 28.361905819098741 ], [ -81.42852168078592, 28.3619029302195 ], [ -81.428529577214988, 28.361899953114371 ], [ -81.428537991346573, 28.3618969765914 ], [ -81.428546757311636, 28.361894086704776 ], [ -81.428555698148898, 28.36189136448948 ], [ -81.42856463140275, 28.361888883966159 ], [ -81.42857337482836, 28.361886710475339 ], [ -81.428581752002842, 28.361884899385256 ], [ -81.428589597648653, 28.361883495202022 ], [ -81.428596762490386, 28.361882531093578 ], [ -81.428603117487555, 28.361882028823004 ], [ -81.428608557313183, 28.361881999070707 ], [ -81.428613002978707, 28.361882442110648 ], [ -81.428616403540204, 28.361883348793707 ], [ -81.428618736855569, 28.361884701781236 ], [ -81.428620009398813, 28.361886476964855 ], [ -81.428620255169847, 28.361888645004424 ], [ -81.428619533770757, 28.361891172915119 ], [ -81.428617927745265, 28.361894025636502 ], [ -81.428615539301262, 28.361897167521136 ], [ -81.428612486552325, 28.361900563687538 ], [ -81.428608899425214, 28.36190418119152 ], [ -81.428604915384241, 28.361907989980566 ], [ -81.428600675122837, 28.361911963607835 ], [ -81.428596318364555, 28.361916079694414 ], [ -81.428591979904184, 28.361920320140424 ], [ -81.428587786003064, 28.361924671096954 ], [ -81.428583851232759, 28.361929122720838 ], [ -81.428580275839465, 28.361933668742804 ], [ -81.428577143678197, 28.361938305886017 ], [ -81.428574520742174, 28.36194303317669 ], [ -81.428572454290588, 28.361947851190202 ], [ -81.428570972556699, 28.361952761276715 ], [ -81.428570085000288, 28.361957764807496 ], [ -81.428569783053092, 28.361962862479579 ], [ -81.428570041293625, 28.361968053710441 ], [ -81.428570818981044, 28.361973336147756 ], [ -81.428572061871549, 28.361978705311383 ], [ -81.428573704241813, 28.361984154376753 ], [ -81.428575671045067, 28.361989674100961 ], [ -81.428577880131101, 28.361995252885212 ], [ -81.428580244468634, 28.362000876960476 ], [ -81.428582674317013, 28.362006530678194 ], [ -81.428585079304042, 28.362012196883029 ], [ -81.428587370376206, 28.3620178573427 ], [ -81.428589461596786, 28.362023493208653 ], [ -81.428591271776114, 28.362029085481907 ], [ -81.428592725924645, 28.362034615460544 ], [ -81.428593756525515, 28.36204006514847 ], [ -81.428594304626401, 28.362045417609409 ], [ -81.42859432075268, 28.362050657254997 ], [ -81.428593765644365, 28.362055770061232 ], [ -81.428592610818043, 28.362060743712558 ], [ -81.42859083895334, 28.362065567678204 ], [ -81.428588444100882, 28.362070233229307 ], [ -81.428585431706409, 28.362074733409113 ], [ -81.428581818443277, 28.362079062970537 ], [ -81.428577631845016, 28.362083218296718 ], [ -81.428572909728828, 28.362087197319859 ], [ -81.428567699403146, 28.362090999452221 ], [ -81.428562056655252, 28.362094625540688 ], [ -81.42855604452015, 28.362098077852657 ], [ -81.428549731838217, 28.362101360097057 ], [ -81.428543191617621, 28.362104477479274 ], [ -81.428536499226126, 28.362107436784544 ], [ -81.428529730446911, 28.362110246479475 ], [ -81.428522959442518, 28.362112916817683 ], [ -81.428516256680339, 28.362115459932312 ], [ -81.428509686880631, 28.362117889896314 ], [ -81.428503307054527, 28.362120222730631 ], [ -81.428497164702947, 28.362122476340989 ], [ -81.42849129624814, 28.362124670366402 ], [ -81.428485725767587, 28.362126825925607 ], [ -81.428480464093653, 28.362128965252708 ], [ -81.428475508334358, 28.362131111218847 ], [ -81.428470841856935, 28.36213328674328 ], [ -81.428466434761987, 28.362135514104182 ], [ -81.428462244857386, 28.362137814166342 ], [ -81.428458219122675, 28.362140205549583 ], [ -81.428454295633742, 28.3621427037675 ], [ -81.428450405897678, 28.362145320370903 ], [ -81.428446477528595, 28.362148062133464 ], [ -81.428442437177338, 28.362150930318975 ], [ -81.428438213613418, 28.362153920068987 ], [ -81.428433740846657, 28.362157019947638 ], [ -81.428428961168621, 28.362160211676208 ], [ -81.428423827992631, 28.362163470083754 ], [ -81.428418308373196, 28.36216676329299 ], [ -81.428412385094845, 28.36217005315093 ], [ -81.428406058232738, 28.362173295904483 ], [ -81.428399346105934, 28.362176443110318 ], [ -81.42839228556565, 28.362179442758077 ], [ -81.428384931586095, 28.362182240575606 ], [ -81.428377356152708, 28.36218478147622 ], [ -81.428369646470898, 28.362187011099916 ], [ -81.428361902546669, 28.362188877394672 ], [ -81.428354234217423, 28.362190332180397 ], [ -81.428346757735085, 28.362191332636247 ], [ -81.428339592024571, 28.362191842653882 ], [ -81.428332854756448, 28.362191834002058 ], [ -81.42832665838236, 28.362191287255023 ], [ -81.428321106286759, 28.362190192444587 ], [ -81.428316289205767, 28.362188549406852 ], [ -81.428312282055543, 28.362186367805659 ], [ -81.42830914129803, 28.362183666827971 ], [ -81.428306902951192, 28.362180474559317 ], [ -81.4283055813262, 28.362176827060665 ], [ -81.428305168544512, 28.362172767180091 ], [ -81.428305634857011, 28.362168343144049 ], [ -81.428306929753987, 28.362163606981735 ], [ -81.428308983822589, 28.362158612843597 ], [ -81.428311711277587, 28.362153415278968 ], [ -81.428315013063028, 28.362148067539845 ], [ -81.428318780399152, 28.362142619976307 ], [ -81.428322898630356, 28.362137118585306 ], [ -81.428327251217837, 28.362131603767438 ], [ -81.428331723715473, 28.362126109337474 ], [ -81.428336207568506, 28.362120661823276 ], [ -81.428340603583848, 28.362115280074828 ], [ -81.428344824935394, 28.362109975192023 ], [ -81.428348799589145, 28.36210475076555 ], [ -81.428352472059245, 28.362099603412226 ], [ -81.428355804435427, 28.36209452357296 ], [ -81.428358776655671, 28.362089496531095 ], [ -81.428361386030673, 28.362084503599281 ], [ -81.428363646060163, 28.362079523417126 ], [ -81.428365584612052, 28.362074533297218 ], [ -81.428367241563237, 28.362069510557053 ], [ -81.428368666023289, 28.362064433775807 ], [ -81.428369913280363, 28.362059283920065 ], [ -81.428371041618703, 28.36205404529009 ], [ -81.428372109161145, 28.362048706247961 ], [ -81.428373170886559, 28.362043259700211 ], [ -81.428374275961829, 28.362037703320762 ], [ -81.428375465510626, 28.362032039512673 ], [ -81.428376770919073, 28.362026275121107 ], [ -81.42837821275053, 28.362020420921954 ], [ -81.42837980031149, 28.362014490922203 ], [ -81.42838153187752, 28.36200850151722 ], [ -81.428383395555556, 28.3620024705574 ], [ -81.428385370726957, 28.361996416380848 ], [ -81.428387429986415, 28.361990356870191 ], [ -81.428389541467382, 28.361984308590237 ], [ -81.428391671424407, 28.361978286058463 ], [ -81.428393786930116, 28.361972301193241 ], [ -81.428395858537627, 28.361966362975046 ], [ -81.428397862760306, 28.361960477344233 ], [ -81.428399784229114, 28.361954647346256 ], [ -81.428401617402855, 28.361948873521172 ], [ -81.428403367727896, 28.361943154520866 ], [ -81.428405052171101, 28.361937487923971 ], [ -81.428406699080142, 28.36193187120686 ], [ -81.428408347359195, 28.36192630281883 ], [ -81.428410044982058, 28.361920783302178 ], [ -81.428411846899294, 28.361915316393116 ], [ -81.428413812427095, 28.361909910037792 ], [ -81.428416002234144, 28.361904577259224 ], [ -81.428418475065314, 28.361899336816009 ], [ -81.428421284357881, 28.361894213601499 ], [ -81.428424474915303, 28.361889238742716 ], [ -81.428428079805727, 28.361884449371594 ], [ -81.428432117646352, 28.361879888055583 ], [ -81.428436590420759, 28.361875601890684 ], [ -81.428441481956128, 28.3618716412761 ], [ -81.428446757159591, 28.361868058405541 ], [ -81.428452362081075, 28.361864905524936 ], [ -81.428458224833477, 28.361862233019043 ], [ -81.428464257363643, 28.361860087400174 ], [ -81.428470358027951, 28.361858509279358 ], [ -81.428476414890085, 28.361857531404524 ], [ -81.428482309623419, 28.361857176850787 ], [ -81.428487921870882, 28.361857457444465 ], [ -81.428493133891621, 28.361858372495849 ], [ -81.428497835306629, 28.361859907905139 ], [ -81.42850192774695, 28.361862035693026 ], [ -81.428505329207439, 28.361864713991292 ], [ -81.428507977917249, 28.361867887511558 ], [ -81.428509835554294, 28.361871488491374 ], [ -81.428510889655115, 28.361875438098128 ] ] ] } },
{ "type": "Feature", "properties": { "id": 75, "area_ha": 0.16423534063733003 }, "geometry": { "type": "Polygon", "coordinates": [ [ [ -81.429080401417266, 28.361878257141171 ], [ -81.429087563464321, 28.361880590760634 ], [ -81.429094919914277, 28.36188222312725 ], [ -81.429102479387765, 28.361883143903203 ], [ -81.429110256189702, 28.361883422677298 ], [ -81.429118264627476, 28.361883200570116 ], [ -81.429126512786567, 28.361882675984312 ], [ -81.429134996550687, 28.361882085861662 ], [ -81.429143694641922, 28.361881684184375 ], [ -81.429152565359928, 28.361881719671828 ], [ -81.429161545525986, 28.361882414656549 ], [ -81.429170551907021, 28.361883946974899 ], [ -81.429179485127719, 28.361886436394276 ], [ -81.429188235804403, 28.361889936651707 ], [ -81.429196692381225, 28.361894433641091 ], [ -81.429204749942201, 28.361899849710397 ], [ -81.42921231913698, 28.361906053469706 ], [ -81.429219334305785, 28.361912874018362 ], [ -81.429225759931299, 28.361920118119805 ], [ -81.429231594675429, 28.361927588619739 ], [ -81.429236872469829, 28.361935102335494 ], [ -81.429241660398588, 28.361942505747187 ], [ -81.429246053416009, 28.361949687078567 ], [ -81.429250166251052, 28.361956583742607 ], [ -81.429254123133376, 28.361963184602459 ], [ -81.429258046205945, 28.361969527015489 ], [ -81.429262043640904, 28.361975689136589 ], [ -81.429266198535458, 28.361981778406857 ], [ -81.429270559621884, 28.361987917503239 ], [ -81.429275134686137, 28.361994229241411 ], [ -81.429279887362839, 28.362000821989426 ], [ -81.429284737680391, 28.362007777059798 ], [ -81.429289566398481, 28.362015139314494 ], [ -81.429294222837584, 28.362022911866248 ], [ -81.429298535582774, 28.362031055327098 ], [ -81.429302325179123, 28.362039491586209 ], [ -81.429305417749362, 28.362048111639581 ], [ -81.429307658374867, 28.362056786591481 ], [ -81.429308923095235, 28.36206538063913 ], [ -81.429309128501544, 28.362073764668974 ], [ -81.429308238109584, 28.362081829050851 ], [ -81.429306264985456, 28.362089494317683 ], [ -81.429303270428107, 28.362096718651944 ], [ -81.429299358861883, 28.36210350143962 ], [ -81.429294669424422, 28.362109882563619 ], [ -81.429289365019812, 28.36211593754841 ], [ -81.429283619819856, 28.362121769091914 ], [ -81.42927760631494, 28.362127495886096 ], [ -81.429271483034967, 28.36213323989838 ], [ -81.429265383974311, 28.362139113434903 ], [ -81.429259410577004, 28.362145207319468 ], [ -81.429253626883607, 28.362151581398837 ], [ -81.429248058137389, 28.362158258338884 ], [ -81.429242692821191, 28.362165221332617 ], [ -81.429237487782174, 28.362172415935628 ], [ -81.429232375826359, 28.362179755819067 ], [ -81.429227274954883, 28.362187131826964 ], [ -81.429222098290467, 28.362194423386143 ], [ -81.429216763710372, 28.362201511075515 ], [ -81.42921120226984, 28.36220828904311 ], [ -81.429205364651224, 28.362214675975146 ], [ -81.42919922509941, 28.362220623469209 ], [ -81.429192782573736, 28.362226120930167 ], [ -81.429186059138146, 28.362231196463508 ], [ -81.429179095891229, 28.362235913652331 ], [ -81.429171946980546, 28.3622403645284 ], [ -81.429164672427888, 28.362244659442229 ], [ -81.429157330593497, 28.362248914861798 ], [ -81.429149971123124, 28.362253240351457 ], [ -81.429142629148359, 28.362257726078834 ], [ -81.429135321358203, 28.362262432158065 ], [ -81.429128044345816, 28.362267380965513 ], [ -81.429120775379573, 28.362272553276107 ], [ -81.42911347548133, 28.362277888692454 ], [ -81.429106094443526, 28.362283290412051 ], [ -81.429098577205693, 28.362288633942292 ], [ -81.429090870865409, 28.362293778971868 ], [ -81.429082931529223, 28.362298583280108 ], [ -81.429074730226716, 28.362302917346192 ], [ -81.429066257211446, 28.362306678228954 ], [ -81.429057524146089, 28.362309801336732 ], [ -81.429048563899499, 28.362312268889092 ], [ -81.429039427942783, 28.362314114173699 ], [ -81.429030181597724, 28.36231542109071 ], [ -81.429020897631844, 28.362316318919277 ], [ -81.429011648887581, 28.362316972691115 ], [ -81.429002500755132, 28.362317569973282 ], [ -81.428993504339061, 28.362318305205104 ], [ -81.428984691117904, 28.36231936297018 ], [ -81.428976069762072, 28.3623209016917 ], [ -81.428967625567182, 28.362323039206704 ], [ -81.428959322698859, 28.362325841507577 ], [ -81.428951109156699, 28.36232931565187 ], [ -81.428942924077276, 28.362333407463478 ], [ -81.428934706738417, 28.362338004215129 ], [ -81.428926406425546, 28.36234294203533 ], [ -81.428917992196688, 28.362348017364802 ], [ -81.428909461549409, 28.36235300143731 ], [ -81.42890084705688, 28.362357656508948 ], [ -81.428892220194456, 28.362361752431617 ], [ -81.428883691812615, 28.362365082169934 ], [ -81.428875409002998, 28.362367474993146 ], [ -81.428867548426879, 28.36236880632109 ], [ -81.428860306498109, 28.36236900353747 ], [ -81.428853887106413, 28.362368047473023 ], [ -81.428848487803236, 28.36236596966538 ], [ -81.428844285529237, 28.362362845882611 ], [ -81.428841423024025, 28.362358786717603 ], [ -81.428839997020575, 28.362353926290808 ], [ -81.428840049189773, 28.362348410219596 ], [ -81.428841560579244, 28.362342384014983 ], [ -81.428844450004263, 28.362335982954175 ], [ -81.428848576523933, 28.362329324265215 ], [ -81.428853745802442, 28.362322502172841 ], [ -81.428859719843743, 28.362315586023797 ], [ -81.428866229326118, 28.362308621371316 ], [ -81.428872987573939, 28.362301633587975 ], [ -81.42887970510381, 28.362294633324275 ], [ -81.428886103676945, 28.362287622964214 ], [ -81.428891928879679, 28.362280603162386 ], [ -81.428896960426073, 28.362273578585722 ], [ -81.428901019613775, 28.36226656211997 ], [ -81.42890397364134, 28.362259577019262 ], [ -81.428905736785609, 28.362252656751338 ], [ -81.428906268711415, 28.362245842589417 ], [ -81.428905570418181, 28.362239179291265 ], [ -81.428903678498017, 28.362232709453107 ], [ -81.428900658470582, 28.362226467303927 ], [ -81.428896597968574, 28.36222047279329 ], [ -81.428891600473932, 28.362214726812983 ], [ -81.428885780159774, 28.362209208280621 ], [ -81.428879258196119, 28.362203873612302 ], [ -81.428872160648979, 28.362198658844051 ], [ -81.428864617870914, 28.362193484356215 ], [ -81.428856765069838, 28.362188261844739 ], [ -81.428848743577859, 28.362182902903136 ], [ -81.428840702238247, 28.362177328360492 ], [ -81.428832798301258, 28.362171477389499 ], [ -81.428825197267955, 28.362165315371726 ], [ -81.428818071244123, 28.362158839590162 ], [ -81.428811595547131, 28.362152082006677 ], [ -81.42880594353079, 28.362145108656588 ], [ -81.428801279830552, 28.362138015528462 ], [ -81.428797752458181, 28.362130921159462 ], [ -81.428795484367072, 28.362123956529388 ], [ -81.428794565241745, 28.362117253140774 ], [ -81.428795044324119, 28.362110930397026 ], [ -81.428796925063963, 28.362105083507643 ], [ -81.428800162271358, 28.362099773145669 ], [ -81.428804662263204, 28.362095017953102 ], [ -81.428810286251107, 28.362090790745263 ], [ -81.428816856933764, 28.362087018926601 ], [ -81.42882416796472, 28.362083589229218 ], [ -81.428831995690544, 28.362080356461188 ], [ -81.428840112325503, 28.362077155545492 ], [ -81.428848299568557, 28.362073815784544 ], [ -81.428856361595479, 28.362070176034642 ], [ -81.428864136381222, 28.362066099348308 ], [ -81.428871504426127, 28.362061485654493 ], [ -81.428878394165181, 28.362056281200605 ], [ -81.428884783613924, 28.362050483763774 ], [ -81.428890698123624, 28.362044143027152 ], [ -81.428896204453167, 28.36203735597439 ], [ -81.428901401685067, 28.362030257638629 ], [ -81.428906409786805, 28.362023008004261 ], [ -81.428911356823122, 28.362015776255028 ], [ -81.428916365938349, 28.362008723850245 ], [ -81.428921543241373, 28.362001988061486 ], [ -81.42892696763613, 28.361995667598105 ], [ -81.428932683458129, 28.361989811787229 ], [ -81.428938696516767, 28.361984414465951 ], [ -81.428944973831292, 28.361979413316231 ], [ -81.428951447011357, 28.361974694865825 ], [ -81.428958018905504, 28.361970104838086 ], [ -81.428964572850816, 28.361965463011224 ], [ -81.428970983631686, 28.361960581294085 ], [ -81.428977129116731, 28.361955283384805 ], [ -81.428982901500376, 28.361949424186164 ], [ -81.428988217133934, 28.361942907127183 ], [ -81.428993024082644, 28.361935697691237 ], [ -81.428997306775315, 28.361927831763072 ], [ -81.42900108739623, 28.361919417857262 ], [ -81.429004423982349, 28.361910632835055 ], [ -81.429007405495327, 28.36190171130853 ], [ -81.429010144414704, 28.361892929514507 ], [ -81.429012767614495, 28.36188458496115 ], [ -81.429015406424583, 28.361876973558974 ], [ -81.429018186824948, 28.361870366205665 ], [ -81.429021220675864, 28.361864986874483 ], [ -81.429024598753173, 28.361860994151069 ], [ -81.429028386153107, 28.361858467879863 ], [ -81.429032620374073, 28.361857402144988 ], [ -81.429037312103532, 28.361857705259041 ], [ -81.429042448461729, 28.361859206818107 ], [ -81.429047998211516, 28.361861671257195 ], [ -81.429053918256315, 28.361864816764836 ], [ -81.429060160637022, 28.36186833794179 ], [ -81.429066679211758, 28.361871930259312 ], [ -81.429073435263078, 28.36187531421783 ], [ -81.429080401417266, 28.361878257141171 ] ] ] } },
{ "type": "Feature", "properties": { "id": 76, "area_ha": 0.042136328964825609 }, "geometry": { "type": "Polygon", "coordinates": [ [ [ -81.428057327694219, 28.362268848514987 ], [ -81.428060986254494, 28.362267905843328 ], [ -81.428064774825714, 28.362267161946662 ], [ -81.428068697086673, 28.362266642056614 ], [ -81.428072751375268, 28.362266369532168 ], [ -81.428076930607773, 28.362266365038014 ], [ -81.428081222393303, 28.362266645799036 ], [ -81.428085609339817, 28.362267224957403 ], [ -81.428090069541824, 28.362268111055862 ], [ -81.428094577233608, 28.362269307665326 ], [ -81.428099103586149, 28.362270813170934 ], [ -81.428103617620877, 28.36227262072433 ], [ -81.42810808720921, 28.362274718364421 ], [ -81.428112480124213, 28.362277089303102 ], [ -81.428116765107958, 28.362279712366121 ], [ -81.428120912918402, 28.362282562574581 ], [ -81.428124897319307, 28.362285611846808 ], [ -81.428128695978884, 28.362288829796945 ], [ -81.428132291245859, 28.362292184602591 ], [ -81.428135670775106, 28.362295643911928 ], [ -81.428138827980518, 28.362299175759244 ], [ -81.428141762298324, 28.362302749457609 ], [ -81.428144479249909, 28.362306336438387 ], [ -81.428146990300718, 28.36230991100927 ], [ -81.428149312518002, 28.362313451005374 ], [ -81.428151468037058, 28.362316938312116 ], [ -81.428153483352375, 28.362320359242858 ], [ -81.428155388455735, 28.362323704759802 ], [ -81.428157215848586, 28.36232697053218 ], [ -81.428158999460578, 28.362330156831334 ], [ -81.428160773508878, 28.362333268268706 ], [ -81.42816257133579, 28.362336313387555 ], [ -81.428164424262278, 28.362339304124948 ], [ -81.42816636049514, 28.36234225516494 ], [ -81.428168404123795, 28.362345183207577 ], [ -81.428170574239715, 28.362348106181265 ], [ -81.428172884207783, 28.362351042428095 ], [ -81.428175341113842, 28.362354009892169 ], [ -81.428177945406929, 28.362357025340945 ], [ -81.428180690748448, 28.36236010364825 ], [ -81.428183564073962, 28.362363257164947 ], [ -81.428186545865884, 28.3623664952 ], [ -81.428189610629076, 28.362369823630743 ], [ -81.428192727554276, 28.362373244655753 ], [ -81.428195861348598, 28.362376756698865 ], [ -81.428198973206548, 28.362380354467 ], [ -81.428202021891053, 28.362384029158708 ], [ -81.428204964889716, 28.362387768814784 ], [ -81.428207759610345, 28.362391558796933 ], [ -81.428210364577211, 28.362395382375666 ], [ -81.428212740591022, 28.362399221404544 ], [ -81.428214851815952, 28.362403057054607 ], [ -81.428216666760306, 28.36240687058033 ], [ -81.428218159120348, 28.362410644087579 ], [ -81.428219308462189, 28.362414361273302 ], [ -81.428220100721489, 28.362418008108154 ], [ -81.428220528506913, 28.362421573434855 ], [ -81.428220591200002, 28.362425049458167 ], [ -81.428220294850334, 28.362428432106462 ], [ -81.428219651871927, 28.362431721249074 ], [ -81.428218680552874, 28.36243492075927 ], [ -81.428217404396435, 28.36243803841797 ], [ -81.428215851316779, 28.362441085659448 ], [ -81.428214052717507, 28.362444077165808 ], [ -81.428212042483892, 28.362447030322834 ], [ -81.42820985592283, 28.362449964554855 ], [ -81.428207528685562, 28.36245290056096 ], [ -81.428205095708122, 28.362455859478519 ], [ -81.428202590203654, 28.362458862003145 ], [ -81.428200042738382, 28.362461927495712 ], [ -81.428197480420025, 28.362465073108261 ], [ -81.428194926223057, 28.362468312959901 ], [ -81.428192398470102, 28.362471657392586 ], [ -81.428189910484321, 28.362475112334188 ], [ -81.428187470420028, 28.362478678792513 ], [ -81.428185081274421, 28.362482352499907 ], [ -81.428182741075844, 28.3624861237228 ], [ -81.428180443239398, 28.362489977245051 ], [ -81.428178177074003, 28.36249389252815 ], [ -81.428175928421183, 28.362497844045048 ], [ -81.428173680401301, 28.362501801778667 ], [ -81.428171414239785, 28.362505731870403 ], [ -81.428169110143841, 28.362509597398841 ], [ -81.42816674819862, 28.362513359264202 ], [ -81.428164309252139, 28.362516977150833 ], [ -81.428161775758753, 28.362520410536856 ], [ -81.428159132553162, 28.362523619718896 ], [ -81.428156367529752, 28.362526566819124 ], [ -81.428153472205679, 28.362529216742328 ], [ -81.428150442150397, 28.36253153805287 ], [ -81.428147277269375, 28.36253350374362 ], [ -81.428143981934795, 28.362535091873269 ], [ -81.42814056496114, 28.362536286052368 ], [ -81.428137039429288, 28.362537075764138 ], [ -81.428133422367566, 28.362537456511504 ], [ -81.428129734302672, 28.362537429787697 ], [ -81.428125998697965, 28.362537002873921 ], [ -81.428122241299661, 28.362536188473353 ], [ -81.428118489414246, 28.362535004196101 ], [ -81.428114771142205, 28.362533471915004 ], [ -81.428111114594032, 28.362531617015847 ], [ -81.428107547114422, 28.362529467569534 ], [ -81.428104094539492, 28.36252705345559 ], [ -81.428100780510306, 28.362524405467919 ], [ -81.428097625863074, 28.362521554433901 ], [ -81.428094648113415, 28.362518530376981 ], [ -81.428091861048458, 28.362515361750898 ], [ -81.428089274435933, 28.36251207477078 ], [ -81.42808689385555, 28.362508692862335 ], [ -81.428084720653587, 28.362505236246033 ], [ -81.428082752016834, 28.362501721667723 ], [ -81.428080981158615, 28.36249816228171 ], [ -81.428079397605771, 28.362494567686653 ], [ -81.428077987572195, 28.362490944108767 ], [ -81.428076734402694, 28.362487294721596 ], [ -81.428075619068409, 28.362483620086252 ], [ -81.428074620694815, 28.362479918692017 ], [ -81.428073717102691, 28.362476187573179 ], [ -81.428072885343099, 28.362472422975479 ], [ -81.428072102208787, 28.362468621043782 ], [ -81.428071344706282, 28.362464778501771 ], [ -81.428070590475571, 28.362460893295072 ], [ -81.428069818146867, 28.362456965170676 ], [ -81.428069007627712, 28.362452996167868 ], [ -81.428068140316654, 28.362448990999553 ], [ -81.428067199243316, 28.362444957306874 ], [ -81.42806616913829, 28.36244090577512 ], [ -81.428065036438866, 28.362436850103965 ], [ -81.428063789239687, 28.362432806831031 ], [ -81.428062417199598, 28.362428795013066 ], [ -81.428060911417418, 28.362424835774952 ], [ -81.428059264290596, 28.362420951741527 ], [ -81.428057469370827, 28.362417166372158 ], [ -81.428055521230462, 28.36241350322177 ], [ -81.428053415352579, 28.362409985155249 ], [ -81.428051148055602, 28.362406633544015 ], [ -81.428048716461788, 28.362403467474792 ], [ -81.428046118515397, 28.362400503000682 ], [ -81.428043353054264, 28.362397752463124 ], [ -81.42804041993449, 28.362395223911566 ], [ -81.428037320205476, 28.362392920644204 ], [ -81.428034056328443, 28.362390840889173 ], [ -81.428030632429639, 28.362388977640936 ], [ -81.428027054575907, 28.362387318661003 ], [ -81.428023331058512, 28.36238584664661 ], [ -81.428019472669689, 28.362384539564992 ], [ -81.428015492955211, 28.362383371145128 ], [ -81.428011408426002, 28.362382311513141 ], [ -81.42800723871261, 28.362381327952338 ], [ -81.428003006647458, 28.362380385764634 ], [ -81.427998738261749, 28.362379449206021 ], [ -81.427994462686414, 28.362378482466301 ], [ -81.427990211950188, 28.362377450661214 ], [ -81.427986020670673, 28.362376320804888 ], [ -81.427981925639074, 28.362375062730507 ], [ -81.42797796530283, 28.362373649929193 ], [ -81.427974179154788, 28.362372060279373 ], [ -81.427970607041502, 28.362370276642672 ], [ -81.427967288406975, 28.362368287307078 ], [ -81.427964261491297, 28.362366086262664 ], [ -81.427961562506596, 28.362363673301669 ], [ -81.427959224814302, 28.362361053939885 ], [ -81.427957278129242, 28.362358239162958 ], [ -81.427955747776053, 28.362355245006945 ], [ -81.42795465402321, 28.362352091988029 ], [ -81.427954011517912, 28.362348804401545 ], [ -81.427953828843201, 28.362345409514823 ], [ -81.427954108215204, 28.362341936681968 ], [ -81.42795484533444, 28.362338416411017 ], [ -81.427956029400761, 28.362334879415737 ], [ -81.427957643296438, 28.362331355684546 ], [ -81.427959663936562, 28.362327873598147 ], [ -81.427962062780665, 28.362324459125688 ], [ -81.427964806494117, 28.362321135126521 ], [ -81.427967857742601, 28.362317920780374 ], [ -81.427971176098751, 28.362314831164397 ], [ -81.427974719035774, 28.362311876990145 ], [ -81.427978442979338, 28.362309064507802 ], [ -81.42798230438747, 28.362306395578969 ], [ -81.427986260825833, 28.362303867913408 ], [ -81.427990272006198, 28.362301475459073 ], [ -81.427994300756112, 28.362299208929631 ], [ -81.427998313889901, 28.362297056448611 ], [ -81.428002282953898, 28.362295004285212 ], [ -81.428006184822195, 28.362293037653696 ], [ -81.428010002124466, 28.362291141546091 ], [ -81.428013723491858, 28.362289301566733 ], [ -81.428017343613504, 28.362287504737289 ], [ -81.428020863101679, 28.362285740242097 ], [ -81.428024288170064, 28.362284000085623 ], [ -81.428027630135929, 28.362282279637625 ], [ -81.428030904762267, 28.362280578044938 ], [ -81.42803413146207, 28.36227889849453 ], [ -81.428037332390659, 28.362277248317092 ], [ -81.428040531456503, 28.362275638926793 ], [ -81.428043753283418, 28.362274085598493 ], [ -81.428047022158879, 28.362272607089647 ], [ -81.42805036100367, 28.362271225119809 ], [ -81.428053790397598, 28.362269963725783 ], [ -81.428057327694219, 28.362268848514987 ] ] ] } },
{ "type": "Feature", "properties": { "id": 77, "area_ha": 0.018453908879680708 }, "geometry": { "type": "Polygon", "coordinates": [ [ [ -81.428818948664315, 28.362651042082639 ], [ -81.42882201923311, 28.362650845079646 ], [ -81.428825111606315, 28.362650768601924 ], [ -81.428828213953665, 28.362650812199057 ], [ -81.428831314165237, 28.362650975867098 ], [ -81.428834399779149, 28.362651260041172 ], [ -81.428837457904763, 28.362651665553827 ], [ -81.428840475150523, 28.362652193560773 ], [ -81.428843437565476, 28.362652845437065 ], [ -81.428846330603676, 28.362653622647738 ], [ -81.428849139119151, 28.362654526598234 ], [ -81.428851847398803, 28.362655558470571 ], [ -81.42885443923808, 28.362656719051987 ], [ -81.428856898063742, 28.362658008563212 ], [ -81.428859207104779, 28.362659426493636 ], [ -81.428861349611523, 28.362660971450488 ], [ -81.428863309119919, 28.362662641028827 ], [ -81.42886506975664, 28.362664431708573 ], [ -81.428866616577693, 28.362666338783797 ], [ -81.428867935932374, 28.362668356328541 ], [ -81.428869015841912, 28.362670477202137 ], [ -81.428869846381559, 28.36267269309581 ], [ -81.428870420053386, 28.362674994620484 ], [ -81.42887073213727, 28.362677371434792 ], [ -81.42887078100685, 28.362679812410367 ], [ -81.428870568398125, 28.362682305830386 ], [ -81.428870099619147, 28.362684839615877 ], [ -81.428869383690184, 28.362687401573421 ], [ -81.428868433406464, 28.362689979656693 ], [ -81.428867265316171, 28.362692562233939 ], [ -81.428865899610045, 28.362695138352841 ], [ -81.42886435992078, 28.362697697994257 ], [ -81.428862673033009, 28.362700232306427 ], [ -81.428860868507883, 28.362702733811613 ], [ -81.428858978228178, 28.3627051965783 ], [ -81.428857035873065, 28.362707616352246 ], [ -81.428855076333306, 28.362709990641847 ], [ -81.428853135080203, 28.362712318753889 ], [ -81.428851247502735, 28.362714601777732 ], [ -81.428849448228931, 28.362716842517333 ], [ -81.428847770447817, 28.362719045372422 ], [ -81.428846245249005, 28.362721216171519 ], [ -81.428844900996282, 28.362723361961159 ], [ -81.428843762751129, 28.362725490757118 ], [ -81.428842851760663, 28.362727611264766 ], [ -81.4288421850231, 28.362729732576533 ], [ -81.428841774941432, 28.362731863855448 ], [ -81.428841629074029, 28.362734014014045 ], [ -81.428841749988081, 28.362736191398536 ], [ -81.42884213521917, 28.362738403487366 ], [ -81.428842777337181, 28.362740656613717 ], [ -81.428843664116357, 28.362742955720059 ], [ -81.428844778804134, 28.362745304152565 ], [ -81.428846100481238, 28.362747703501505 ], [ -81.428847604502948, 28.362750153492573 ], [ -81.428849263009795, 28.362752651932542 ], [ -81.428851045493857, 28.362755194711035 ], [ -81.428852919406481, 28.362757775858078 ], [ -81.42885485079151, 28.362760387656223 ], [ -81.428856804928984, 28.362763020803285 ], [ -81.428858746973461, 28.362765664621204 ], [ -81.428860642572459, 28.362768307304506 ], [ -81.428862458451277, 28.362770936200786 ], [ -81.428864162951939, 28.36277353811499 ], [ -81.428865726515795, 28.362776099628118 ], [ -81.428867122101195, 28.362778607420992 ], [ -81.428868325529891, 28.362781048593376 ], [ -81.428869315758021, 28.362783410969094 ], [ -81.428870075069867, 28.36278568337837 ], [ -81.428870589194645, 28.362787855909037 ], [ -81.428870847348932, 28.36278992011982 ], [ -81.428870842208994, 28.362791869209634 ], [ -81.428870569818926, 28.362793698138649 ], [ -81.428870029442237, 28.362795403698119 ], [ -81.428869223365055, 28.362796984527687 ], [ -81.428868156660201, 28.362798441080596 ], [ -81.428866836921472, 28.362799775538623 ], [ -81.428865273977593, 28.362800991680263 ], [ -81.428863479595108, 28.362802094706883 ], [ -81.428861467178422, 28.362803091032951 ], [ -81.42885925147462, 28.36280398804729 ], [ -81.42885684828974, 28.36280479385314 ], [ -81.428854274221365, 28.362805516995259 ], [ -81.428851546411778, 28.362806166182651 ], [ -81.428848682323704, 28.36280675001511 ], [ -81.428845699540247, 28.362807276722055 ], [ -81.428842615588408, 28.362807753920908 ], [ -81.428839447785194, 28.362808188401839 ], [ -81.428836213104063, 28.362808585944801 ], [ -81.428832928058597, 28.362808951173225 ], [ -81.428829608600097, 28.362809287447952 ], [ -81.428826270025269, 28.362809596803185 ], [ -81.428822926890703, 28.362809879925251 ], [ -81.428819592930395, 28.362810136173334 ], [ -81.428816280973734, 28.362810363640243 ], [ -81.428813002861773, 28.362810559249894 ], [ -81.428809769360683, 28.362810718887289 ], [ -81.428806590071858, 28.36281083755598 ], [ -81.428803473339926, 28.362810909556977 ], [ -81.428800426160151, 28.362810928682986 ], [ -81.428797454088311, 28.362810888421453 ], [ -81.428794561156806, 28.362810782159848 ], [ -81.428791749801462, 28.362810603386883 ], [ -81.42878902080416, 28.362810345883808 ], [ -81.428786373256528, 28.36281000390035 ], [ -81.428783804550179, 28.36280957231093 ], [ -81.428781310398506, 28.362809046747287 ], [ -81.428778884894641, 28.362808423704884 ], [ -81.428776520609418, 28.362807700621378 ], [ -81.428774208731824, 28.362806875926513 ], [ -81.428771939253437, 28.362805949063635 ], [ -81.428769701196686, 28.362804920484322 ], [ -81.428767482885021, 28.362803791617974 ], [ -81.428765272252036, 28.362802564819468 ], [ -81.428763057183573, 28.362801243298069 ], [ -81.428760825886926, 28.362799831031648 ], [ -81.428758567278095, 28.362798332670124 ], [ -81.428756271377964, 28.362796753432352 ], [ -81.428753929706502, 28.362795099000561 ], [ -81.428751535663523, 28.362793375416029 ], [ -81.428749084884203, 28.362791588979562 ], [ -81.428746575557625, 28.362789746159386 ], [ -81.428744008696427, 28.362787853508994 ], [ -81.428741388347433, 28.362785917596273 ], [ -81.428738721733126, 28.362783944944866 ], [ -81.428736019316403, 28.362781941987851 ], [ -81.428733294782347, 28.362779915033183 ], [ -81.428730564933133, 28.362777870239618 ], [ -81.428727849494564, 28.36277581360147 ], [ -81.42872517083515, 28.362773750939883 ], [ -81.428722553601716, 28.362771687898338 ], [ -81.428720024277354, 28.362769629939383 ], [ -81.428717610670901, 28.36276758234035 ], [ -81.42871534134882, 28.362765550185184 ], [ -81.428713245022834, 28.362763538350286 ], [ -81.4287113499079, 28.362761551482492 ], [ -81.428709683067197, 28.362759593967755 ], [ -81.428708269760904, 28.362757669890033 ], [ -81.428707132816356, 28.362755782979988 ], [ -81.428706292036907, 28.36275393655438 ], [ -81.428705763666187, 28.362752133447341 ], [ -81.428705559923301, 28.362750375935626 ], [ -81.428705688622742, 28.362748665660309 ], [ -81.428706152890825, 28.36274700354809 ], [ -81.428706950987944, 28.36274538973576 ], [ -81.428708076243026, 28.36274382350144 ], [ -81.428709517103698, 28.362742303206605 ], [ -81.428711257302425, 28.362740826252605 ], [ -81.428713276135724, 28.362739389055196 ], [ -81.428715548850306, 28.36273798704039 ], [ -81.428718047127049, 28.362736614664207 ], [ -81.428720739650984, 28.362735265458166 ], [ -81.428723592753158, 28.36273393210185 ], [ -81.428726571107703, 28.362732606522684 ], [ -81.428729638466663, 28.36273128002232 ], [ -81.428732758413489, 28.362729943427901 ], [ -81.428735895115807, 28.362728587265721 ], [ -81.428739014058436, 28.362727201953707 ], [ -81.428742082737784, 28.362725778008436 ], [ -81.428745071300227, 28.3627243062617 ], [ -81.42874795310901, 28.362722778080926 ], [ -81.428750705225724, 28.362721185587695 ], [ -81.428753308795464, 28.362719521868097 ], [ -81.428755749327593, 28.36271778116873 ], [ -81.42875801686661, 28.36271595907262 ], [ -81.428760106051243, 28.362714052649316 ], [ -81.428762016062976, 28.362712060574584 ], [ -81.428763750467894, 28.362709983215279 ], [ -81.428765316959328, 28.362707822676594 ], [ -81.428766727010583, 28.362705582809358 ], [ -81.428767995450286, 28.362703269176663 ], [ -81.428769139973696, 28.362700888980111 ], [ -81.428770180605611, 28.362698450947146 ], [ -81.428771139131015, 28.362695965182336 ], [ -81.42877203850982, 28.362693442986469 ], [ -81.428772902292351, 28.362690896648179 ], [ -81.428773754051363, 28.362688339214142 ], [ -81.428774616844905, 28.362685784244068 ], [ -81.428775512723419, 28.362683245557385 ], [ -81.428776462292092, 28.362680736979073 ], [ -81.428777484337331, 28.362678272091426 ], [ -81.428778595523809, 28.362675863999218 ], [ -81.428779810166205, 28.362673525114364 ], [ -81.428781140076495, 28.362671266966316 ], [ -81.428782594486023, 28.362669100043021 ], [ -81.428784180038377, 28.362667033666536 ], [ -81.42878590084743, 28.362665075906101 ], [ -81.4287877586126, 28.362663233530245 ], [ -81.428789752782464, 28.362661511998272 ], [ -81.428791880755853, 28.3626599154899 ], [ -81.428794138109879, 28.362658446970975 ], [ -81.428796518843058, 28.36265710829154 ], [ -81.428799015622886, 28.362655900311733 ], [ -81.428801620026988, 28.362654823049994 ], [ -81.428804322768471, 28.362653875847375 ], [ -81.428807113897435, 28.362653057541269 ], [ -81.428809982972012, 28.36265236664152 ], [ -81.428812919194414, 28.362651801501951 ], [ -81.428815911509361, 28.362651360480637 ], [ -81.428818948664315, 28.362651042082639 ] ] ] } },
{ "type": "Feature", "properties": { "id": 78, "area_ha": 0.48213389186565747 }, "geometry": { "type": "Polygon", "coordinates": [ [ [ -81.42618989076756, 28.362693420663291 ], [ -81.426197479854324, 28.362713180742791 ], [ -81.426205940774352, 28.362732567199295 ], [ -81.426214354125364, 28.362750995403729 ], [ -81.426221016771038, 28.362767983918218 ], [ -81.426224026051585, 28.362783007122495 ], [ -81.426221888540226, 28.362795470354122 ], [ -81.426213938054914, 28.362804884543408 ], [ -81.426200460364328, 28.362811183100675 ], [ -81.426182557305836, 28.362815006616813 ], [ -81.426161873709432, 28.362817755938927 ], [ -81.426140320623702, 28.362821307453775 ], [ -81.426119868616155, 28.362827454480005 ], [ -81.426102402540351, 28.362837296118624 ], [ -81.426089578444632, 28.362850850374826 ], [ -81.426082634304692, 28.362867082895562 ], [ -81.426082168543999, 28.362884352252493 ], [ -81.426087970322314, 28.362901072241829 ], [ -81.426099013014266, 28.362916285829442 ], [ -81.426113680272167, 28.362929892205191 ], [ -81.426130196081772, 28.362942446548164 ], [ -81.426147124495515, 28.362954670006637 ], [ -81.426163748761638, 28.362966950854499 ], [ -81.426180168832587, 28.362979110756495 ], [ -81.426197064021764, 28.362990556200096 ], [ -81.426215206918002, 28.363000717070157 ], [ -81.426234921420217, 28.363009510339317 ], [ -81.426255702605943, 28.363017547460409 ], [ -81.42627614878252, 28.363025942511392 ], [ -81.426294229207755, 28.36303580168007 ], [ -81.426307782809857, 28.363047662111192 ], [ -81.426315068219026, 28.363061194469232 ], [ -81.426315188755026, 28.363075357286945 ], [ -81.426308284781456, 28.363088953425539 ], [ -81.426295479884587, 28.363101313554235 ], [ -81.426278642589295, 28.363112740670989 ], [ -81.426260056056563, 28.363124448948263 ], [ -81.426242076484002, 28.363137977174503 ], [ -81.426226829523145, 28.36315433053279 ], [ -81.426215968723184, 28.363173265019508 ], [ -81.426210512895977, 28.363193090066943 ], [ -81.426210783165885, 28.363211138535871 ], [ -81.42621645708445, 28.36322474451477 ], [ -81.426226733259043, 28.363232325700409 ], [ -81.426240559762689, 28.363234105377192 ], [ -81.42625684536705, 28.363232158505227 ], [ -81.426274571261416, 28.363229756025209 ], [ -81.426292764936221, 28.363230276062488 ], [ -81.426310372940264, 28.363236117675214 ], [ -81.426326137189179, 28.363248024777182 ], [ -81.426338597932627, 28.363265030874473 ], [ -81.42634629410729, 28.363284970186548 ], [ -81.42634812543993, 28.363305290118223 ], [ -81.426343731987544, 28.363323828577862 ], [ -81.426333697942098, 28.363339298152216 ], [ -81.426319436040373, 28.363351388188821 ], [ -81.426302746426728, 28.363360563252584 ], [ -81.426285208782275, 28.363367726820893 ], [ -81.426267674742405, 28.363373908662368 ], [ -81.426250113811292, 28.363380054658275 ], [ -81.426231921058147, 28.363386909936768 ], [ -81.426212577123408, 28.363394942414885 ], [ -81.426192362798758, 28.363404269430269 ], [ -81.426172769508128, 28.36341459975738 ], [ -81.426156356296573, 28.363425241935779 ], [ -81.426146045046735, 28.363435223831708 ], [ -81.426144111952866, 28.363443517189442 ], [ -81.426151298190661, 28.36344929700072 ], [ -81.426166440799008, 28.363452132771254 ], [ -81.426186815777925, 28.363452033792175 ], [ -81.426209078301738, 28.36344934417221 ], [ -81.426230418651926, 28.363444564367441 ], [ -81.42624945092939, 28.363438214843026 ], [ -81.42626646453553, 28.363430827049665 ], [ -81.426282946632043, 28.363423060394325 ], [ -81.426300601519458, 28.363415850048039 ], [ -81.426320306569536, 28.363410446701245 ], [ -81.426341459742858, 28.36340824833405 ], [ -81.426361988918472, 28.363410432375144 ], [ -81.426378997496826, 28.363417519260651 ], [ -81.426389750379286, 28.363429067070186 ], [ -81.426392578199213, 28.363443667550971 ], [ -81.426387342710967, 28.363459292583268 ], [ -81.426375320154932, 28.36347388281246 ], [ -81.426358615382426, 28.363485954618326 ], [ -81.426339400127645, 28.363494987206515 ], [ -81.426319301301973, 28.363501447703708 ], [ -81.426299151582711, 28.363506472343889 ], [ -81.426279123869094, 28.363511367804978 ], [ -81.426259100260864, 28.363517158663495 ], [ -81.426239050936076, 28.363524359129425 ], [ -81.426219239539051, 28.363533020171126 ], [ -81.426200191710421, 28.363542965652588 ], [ -81.42618249155332, 28.363554052957934 ], [ -81.426166542850325, 28.363566309001985 ], [ -81.426152421377196, 28.363579884163805 ], [ -81.426139871746045, 28.363594877987612 ], [ -81.426128416542255, 28.363611158810706 ], [ -81.426117495892186, 28.363628290839966 ], [ -81.426106563316523, 28.363645608535723 ], [ -81.426095114070321, 28.363662387851139 ], [ -81.426082677055163, 28.363678011905101 ], [ -81.426068824316829, 28.363692044062997 ], [ -81.426053230299715, 28.363704190841666 ], [ -81.426035763843259, 28.363714213981336 ], [ -81.426016554927429, 28.363721884629637 ], [ -81.425995976137401, 28.363727039437691 ], [ -81.425974521761333, 28.363729717777719 ], [ -81.425952631839593, 28.363730282787529 ], [ -81.42593055444064, 28.363729409535736 ], [ -81.42590833439472, 28.363727882516773 ], [ -81.425885956037703, 28.36372625553761 ], [ -81.425863579686606, 28.363724527807399 ], [ -81.425841744368796, 28.363722017279745 ], [ -81.425821404040107, 28.36371753900141 ], [ -81.425803732131214, 28.363709851074876 ], [ -81.425789741956166, 28.363698186724189 ], [ -81.42577987383919, 28.363682627227561 ], [ -81.425773739637407, 28.363664128930807 ], [ -81.425770165930416, 28.363644176472874 ], [ -81.425767555668088, 28.363624216333509 ], [ -81.425764447743902, 28.363605135716053 ], [ -81.425760059147962, 28.363587030867965 ], [ -81.425754589874401, 28.363569363111896 ], [ -81.425749160663443, 28.363551403544058 ], [ -81.425745399606654, 28.363532721341784 ], [ -81.425744833120163, 28.363513453739731 ], [ -81.425748311788738, 28.363494218377578 ], [ -81.425755683777695, 28.363475726619935 ], [ -81.425765829548013, 28.363458323599634 ], [ -81.425777035049364, 28.363441725729476 ], [ -81.425787560891848, 28.363425122222676 ], [ -81.425796204531608, 28.363407607197356 ], [ -81.425802666612555, 28.363388720064481 ], [ -81.425807608154216, 28.363368797778723 ], [ -81.425812390497384, 28.363348927486843 ], [ -81.425818588945106, 28.363330491705181 ], [ -81.425827435984189, 28.363314514939258 ], [ -81.425839366649811, 28.363301135267918 ], [ -81.425853806269686, 28.36328947315225 ], [ -81.425869269317843, 28.363277975591565 ], [ -81.425883745154749, 28.363265075711354 ], [ -81.425895255809081, 28.363249849472126 ], [ -81.425902409464726, 28.363232355354505 ], [ -81.425904764439366, 28.363213507628245 ], [ -81.425902872999714, 28.363194572757966 ], [ -81.425897981969811, 28.363176566214971 ], [ -81.425891494208827, 28.363159865410957 ], [ -81.425884393660297, 28.363144225104858 ], [ -81.425876862703817, 28.363129155323104 ], [ -81.42586825467825, 28.363114421054689 ], [ -81.425857445339133, 28.363100356325962 ], [ -81.425843428162594, 28.363087789157209 ], [ -81.425825907707832, 28.363077592812907 ], [ -81.425805634860282, 28.363070094559664 ], [ -81.425784328273764, 28.363064668223945 ], [ -81.425764198462375, 28.363059757197323 ], [ -81.425747260793756, 28.363053359199611 ], [ -81.425734715221054, 28.36304376499298 ], [ -81.425726641676235, 28.363030206063112 ], [ -81.425722122826528, 28.363013103984901 ], [ -81.425719722443688, 28.362993808257961 ], [ -81.425718101198683, 28.362973959665677 ], [ -81.425716507424738, 28.362954793821331 ], [ -81.425714954630109, 28.362936714783498 ], [ -81.42571405083963, 28.362919317501472 ], [ -81.425714602158095, 28.362901803073839 ], [ -81.425717200829013, 28.362883536729491 ], [ -81.425721990114951, 28.362864444687915 ], [ -81.4257286913153, 28.362845055242754 ], [ -81.425736841177169, 28.362826196758817 ], [ -81.425746090515759, 28.362808555100266 ], [ -81.425756401800584, 28.362792362009756 ], [ -81.42576805348547, 28.362777398915981 ], [ -81.425781468261491, 28.362763308682084 ], [ -81.425796970634664, 28.362750019654946 ], [ -81.425814601956176, 28.362738008568765 ], [ -81.42583407286682, 28.362728207366228 ], [ -81.425854848033936, 28.362721553880753 ], [ -81.425876288154285, 28.362718392947638 ], [ -81.425897759144561, 28.362718039838775 ], [ -81.425918662996253, 28.362718761390454 ], [ -81.425938416879902, 28.36271823661329 ], [ -81.425956457549304, 28.362714325395302 ], [ -81.425972340505226, 28.362705820028939 ], [ -81.425985937054563, 28.362692857768767 ], [ -81.425997644891282, 28.362676830468939 ], [ -81.426008474708155, 28.362659858311599 ], [ -81.426019898116451, 28.362644082812608 ], [ -81.426033442006272, 28.362631089700873 ], [ -81.426050147381133, 28.362621676122252 ], [ -81.426070107715461, 28.362615987836769 ], [ -81.426092305069005, 28.362613872884893 ], [ -81.426114857168116, 28.362615218490202 ], [ -81.42613561601928, 28.362620088861892 ], [ -81.426152896887729, 28.362628622639431 ], [ -81.426166044345123, 28.362640794400928 ], [ -81.426175598778443, 28.362656213747798 ], [ -81.426182990938642, 28.362674095811126 ], [ -81.42618989076756, 28.362693420663291 ] ], [ [ -81.426111615775639, 28.363241214952744 ], [ -81.426110790405204, 28.363242168907792 ], [ -81.426109954166705, 28.363243113922046 ], [ -81.42610910469169, 28.363244049298515 ], [ -81.426108240250741, 28.363244974905601 ], [ -81.426107359826361, 28.363245891144903 ], [ -81.426106463171237, 28.363246798907689 ], [ -81.426105550850394, 28.36324769952143 ], [ -81.426104624266216, 28.363248594687441 ], [ -81.426103685665737, 28.363249486411043 ], [ -81.426102738129671, 28.363250376926054 ], [ -81.426101785543679, 28.363251268615201 ], [ -81.426100832552009, 28.363252163928205 ], [ -81.426099884494661, 28.363253065299514 ], [ -81.426098947329365, 28.363253975067501 ], [ -81.426098027539751, 28.363254895396771 ], [ -81.426097132031813, 28.363255828205588 ], [ -81.426096268020828, 28.363256775099732 ], [ -81.426095442910963, 28.363257737314367 ], [ -81.426094664170165, 28.363258715665253 ], [ -81.426093939203, 28.363259710510118 ], [ -81.426093275223863, 28.363260721721211 ], [ -81.42609267913349, 28.363261748669473 ], [ -81.426092157401001, 28.363262790220674 ], [ -81.426091715954016, 28.363263844743432 ], [ -81.42609136007907, 28.363264910129018 ], [ -81.42609109433414, 28.363265983822291 ], [ -81.426090922475154, 28.363267062863066 ], [ -81.426090847397603, 28.363268143936963 ], [ -81.426090871094544, 28.363269223434454 ], [ -81.426090994631494, 28.363270297516827 ], [ -81.426091218138325, 28.363271362187483 ], [ -81.426091540818632, 28.363272413366982 ], [ -81.426091960975342, 28.363273446970158 ], [ -81.426092476052517, 28.363274458983483 ], [ -81.426093082691565, 28.363275445541088 ], [ -81.426093776801025, 28.363276402997602 ], [ -81.42609455363764, 28.363277327996489 ], [ -81.426095407897307, 28.36327821753197 ], [ -81.426096333813518, 28.363279069003642 ], [ -81.426097325261281, 28.36327988026239 ], [ -81.426098375864029, 28.363280649646683 ], [ -81.426099479101495, 28.363281376008647 ], [ -81.426100628416222, 28.363282058729219 ], [ -81.426101817316294, 28.363282697722322 ], [ -81.426103039472792, 28.363283293428019 ], [ -81.426104288809611, 28.363283846794822 ], [ -81.426105559584428, 28.363284359251708 ], [ -81.426106846459149, 28.363284832670569 ], [ -81.426108144558938, 28.36328526931992 ], [ -81.426109449519004, 28.363285671811052 ], [ -81.426110757518629, 28.363286043037796 ], [ -81.426112065302135, 28.363286386111355 ], [ -81.426113370187295, 28.363286704291554 ], [ -81.426114670061153, 28.363287000916102 ], [ -81.426115963364282, 28.363287279329398 ], [ -81.426117249064291, 28.363287542812348 ], [ -81.426118526619774, 28.363287794514708 ], [ -81.426119795936074, 28.363288037391396 ], [ -81.426121057314262, 28.363288274143898 ], [ -81.426122311395133, 28.36328850716809 ], [ -81.426123559099651, 28.363288738509329 ], [ -81.426124801567539, 28.363288969825724 ], [ -81.426126040095909, 28.363289202359997 ], [ -81.426127276078986, 28.363289436920617 ], [ -81.426128510951074, 28.363289673872121 ], [ -81.426129746133242, 28.363289913134757 ], [ -81.426130982985569, 28.363290154193205 ], [ -81.426132222765503, 28.36329039611385 ], [ -81.426133466593029, 28.36329063757017 ], [ -81.426134715423359, 28.36329087687529 ], [ -81.426135970026948, 28.363291112020967 ], [ -81.42613723097729, 28.363291340721823 ], [ -81.426138498645926, 28.36329156046386 ], [ -81.42613977320427, 28.363291768555932 ], [ -81.426141054631728, 28.363291962183165 ], [ -81.426142342729094, 28.363292138460892 ], [ -81.426143637136263, 28.363292294488129 ], [ -81.426144937353399, 28.363292427399326 ], [ -81.426146242764133, 28.363292534413453 ], [ -81.426147552659714, 28.363292612879405 ], [ -81.426148866262963, 28.363292660316972 ], [ -81.426150182750817, 28.363292674452623 ], [ -81.426151501274433, 28.363292653249662 ], [ -81.426152820975886, 28.363292594932322 ], [ -81.426154141000637, 28.363292498003602 ], [ -81.4261554605052, 28.363292361256836 ], [ -81.426156778659404, 28.363292183781073 ], [ -81.426158094643171, 28.363291964960506 ], [ -81.426159407637627, 28.363291704468423 ], [ -81.42616071681087, 28.363291402256134 ], [ -81.426162021298623, 28.363291058537431 ], [ -81.426163320180592, 28.363290673769491 ], [ -81.426164612452993, 28.363290248630697 ], [ -81.426165896998569, 28.363289783996404 ], [ -81.426167172554841, 28.363289280913314 ], [ -81.426168437682051, 28.363288740573349 ], [ -81.426169690731925, 28.363288164287635 ], [ -81.426170929818511, 28.363287553461511 ], [ -81.426172152792546, 28.363286909571016 ], [ -81.426173357220463, 28.363286234141462 ], [ -81.426174540369246, 28.363285528728554 ], [ -81.426175699198197, 28.363284794902324 ], [ -81.426176830358429, 28.363284034234166 ], [ -81.426177930200993, 28.363283248287026 ], [ -81.426178994793773, 28.363282438608596 ], [ -81.426180019947736, 28.363281606727632 ], [ -81.426181001252417, 28.363280754152878 ], [ -81.426181934120336, 28.363279882374353 ], [ -81.426182813839915, 28.363278992866629 ], [ -81.426183635636136, 28.363278087093502 ], [ -81.426184394737831, 28.36327716651348 ], [ -81.426185086450531, 28.363276232585797 ], [ -81.426185706233326, 28.363275286775906 ], [ -81.426186249778269, 28.36327433056038 ], [ -81.426186713090431, 28.363273365430391 ], [ -81.426187092566977, 28.363272392893318 ], [ -81.426187385073362, 28.363271414472312 ], [ -81.426187588014756, 28.363270431703143 ], [ -81.426187699400842, 28.363269446128534 ], [ -81.426187717902522, 28.363268459289529 ], [ -81.426187642898626, 28.363267472714057 ], [ -81.426187474511451, 28.363266487902923 ], [ -81.426187213629959, 28.363265506313251 ], [ -81.426186861919575, 28.363264529339979 ], [ -81.426186421818059, 28.363263558295664 ], [ -81.426185896517111, 28.363262594389347 ], [ -81.426185289929649, 28.363261638704973 ], [ -81.426184606643034, 28.363260692180148 ], [ -81.426183851859065, 28.363259755585997 ], [ -81.426183031321401, 28.363258829508712 ], [ -81.426182151231927, 28.363257914333861 ], [ -81.426181218157481, 28.363257010233831 ], [ -81.426180238928552, 28.363256117159352 ], [ -81.426179220532333, 28.363255234835616 ], [ -81.426178170001862, 28.363254362763463 ], [ -81.426177094303611, 28.363253500226055 ], [ -81.426176000226164, 28.363252646301412 ], [ -81.426174894271853, 28.363251799880761 ], [ -81.426173782553889, 28.363250959692778 ], [ -81.42617267070132, 28.363250124333568 ], [ -81.42617156377365, 28.363249292301944 ], [ -81.426170466187017, 28.363248462039483 ], [ -81.426169381653665, 28.36324763197489 ], [ -81.42616831313606, 28.363246800571627 ], [ -81.426167262816477, 28.363245966378017 ], [ -81.426166232082934, 28.363245128078777 ], [ -81.426165221531789, 28.363244284546845 ], [ -81.426164230986871, 28.363243434894251 ], [ -81.426163259534718, 28.363242578521017 ], [ -81.426162305575346, 28.363241715160569 ], [ -81.42616136688703, 28.363240844920782 ], [ -81.426160440704109, 28.363239968319267 ], [ -81.426159523805623, 28.363239086311971 ], [ -81.426158612613122, 28.363238200314132 ], [ -81.426157703295218, 28.363237312212771 ], [ -81.426156791876508, 28.363236424370111 ], [ -81.426155874348581, 28.363235539617342 ], [ -81.426154946780258, 28.363234661238661 ], [ -81.426154005424962, 28.363233792945412 ], [ -81.426153046822222, 28.363232938840547 ], [ -81.426152067891536, 28.363232103373683 ], [ -81.426151066016132, 28.363231291287562 ], [ -81.426150039114717, 28.363230507556555 ], [ -81.426148985699683, 28.363229757318265 ], [ -81.426147904920484, 28.363229045799436 ], [ -81.426146796590999, 28.363228378237551 ], [ -81.426145661200593, 28.363227759799372 ], [ -81.426144499908247, 28.363227195498336 ], [ -81.42614331452053, 28.363226690112107 ], [ -81.426142107453288, 28.363226248102073 ], [ -81.426140881678592, 28.363225873536514 ], [ -81.426139640657809, 28.363225570018869 ], [ -81.4261383882628, 28.363225340622844 ], [ -81.426137128686833, 28.363225187835521 ], [ -81.426135866347593, 28.363225113509955 ], [ -81.426134605784512, 28.363225118828222 ], [ -81.426133351552977, 28.363225204275828 ], [ -81.426132108117997, 28.363225369628118 ], [ -81.426130879749834, 28.363225613949147 ], [ -81.426129670424274, 28.363225935603097 ], [ -81.42612848372984, 28.363226332278114 ], [ -81.42612732278441, 28.363226801022396 ], [ -81.426126190163089, 28.363227338291569 ], [ -81.426125087839338, 28.363227940006791 ], [ -81.426124017140822, 28.363228601622296 ], [ -81.426122978721011, 28.363229318201139 ], [ -81.426121972547463, 28.363230084497623 ], [ -81.426120997907162, 28.36323089504484 ], [ -81.426120053428861, 28.363231744245407 ], [ -81.426119137122058, 28.363232626463855 ], [ -81.426118246431727, 28.363233536118457 ], [ -81.426117378307822, 28.363234467770916 ], [ -81.426116529287839, 28.36323541621201 ], [ -81.426115695590667, 28.363236376541323 ], [ -81.426114873219646, 28.363237344239742 ], [ -81.426114058072486, 28.363238315232927 ], [ -81.426113246055522, 28.363239285944765 ], [ -81.426112433199691, 28.363240253339647 ], [ -81.426111615775639, 28.363241214952744 ] ] ] } },
{ "type": "Feature", "properties": { "id": 79, "area_ha": 0.037669172558005136 }, "geometry": { "type": "Polygon", "coordinates": [ [ [ -81.424845511494311, 28.363135851342129 ], [ -81.424849348527502, 28.363136264044485 ], [ -81.424853116563682, 28.363136881528121 ], [ -81.424856793318114, 28.363137714092151 ], [ -81.424860356061785, 28.363138770640809 ], [ -81.424863782277797, 28.363140058300704 ], [ -81.424867050342513, 28.363141582066181 ], [ -81.424870140208512, 28.3631433444869 ], [ -81.424873034064674, 28.363145345411365 ], [ -81.424875716949799, 28.363147581798103 ], [ -81.424878177296989, 28.363150047604282 ], [ -81.424880407388031, 28.363152733759211 ], [ -81.424882403699712, 28.363155628226924 ], [ -81.424884167127686, 28.363158716159614 ], [ -81.42488570307701, 28.363161980139875 ], [ -81.424887021413355, 28.363165400507107 ], [ -81.42488813627341, 28.363168955759885 ], [ -81.424889065737474, 28.363172623023477 ], [ -81.424889831372582, 28.363176378569229 ], [ -81.424890457658393, 28.36318019837011 ], [ -81.424890971312536, 28.363184058675547 ], [ -81.424891400535643, 28.363187936587074 ], [ -81.424891774199111, 28.363191810616527 ], [ -81.424892121000738, 28.363195661208174 ], [ -81.424892468614999, 28.363199471207455 ], [ -81.424892842864736, 28.363203226260072 ], [ -81.424893266940785, 28.363206915127719 ], [ -81.424893760694431, 28.363210529908798 ], [ -81.424894340025716, 28.363214066155834 ], [ -81.424895016387126, 28.363217522884451 ], [ -81.424895796418667, 28.363220902472413 ], [ -81.42489668172621, 28.36322421045071 ], [ -81.424897668810104, 28.36322745519254 ], [ -81.42489874914618, 28.363230647509251 ], [ -81.424899909416524, 28.363233800165649 ], [ -81.424901131882052, 28.363236927329787 ], [ -81.42490239488491, 28.363240043974766 ], [ -81.424903673463987, 28.363243165251646 ], [ -81.424904940063584, 28.363246305853867 ], [ -81.424906165312052, 28.363249479393954 ], [ -81.424907318845541, 28.363252697812772 ], [ -81.424908370150163, 28.363255970841152 ], [ -81.424909289395899, 28.363259305531429 ], [ -81.424910048236086, 28.363262705874856 ], [ -81.424910620547706, 28.363266172517413 ], [ -81.424910983089745, 28.363269702584088 ], [ -81.424911116060414, 28.363273289617215 ], [ -81.424911003537304, 28.363276923631602 ], [ -81.424910633788684, 28.363280591284671 ], [ -81.424909999449085, 28.363284276156243 ], [ -81.424909097556551, 28.363287959129011 ], [ -81.424907929453937, 28.363291618857325 ], [ -81.424906500561448, 28.3632952323089 ], [ -81.424904820031401, 28.363298775361908 ], [ -81.424902900300523, 28.363302223437728 ], [ -81.42490075655833, 28.363305552148866 ], [ -81.424898406152337, 28.363308737940898 ], [ -81.424895867952955, 28.363311758707479 ], [ -81.424893161702045, 28.363314594358734 ], [ -81.424890307368585, 28.363317227324792 ], [ -81.424887324534794, 28.363319642978517 ], [ -81.424884231833786, 28.363321829964356 ], [ -81.424881046458111, 28.363323780423588 ], [ -81.424877783754795, 28.363325490109549 ], [ -81.424874456919511, 28.363326958390534 ], [ -81.42487107679797, 28.363328188141764 ], [ -81.424867651798664, 28.363329185531502 ], [ -81.424864187916498, 28.363329959710342 ], [ -81.424860688862765, 28.363330522415499 ], [ -81.424857156292305, 28.363330887505292 ], [ -81.424853590115646, 28.363331070440797 ], [ -81.424849988880126, 28.363331087733876 ], [ -81.424846350201506, 28.363330956381162 ], [ -81.424842671226202, 28.363330693304732 ], [ -81.42483894910248, 28.363330314818853 ], [ -81.424835181439221, 28.363329836141851 ], [ -81.424831366731397, 28.363329270969981 ], [ -81.424827504732704, 28.363328631127832 ], [ -81.424823596758372, 28.363327926307118 ], [ -81.424819645903369, 28.363327163902127 ], [ -81.424815657165595, 28.363326348946742 ], [ -81.424811637466831, 28.363325484154089 ], [ -81.424807595568907, 28.363324570056061 ], [ -81.424803541886561, 28.363323605236229 ], [ -81.424799488203021, 28.363322586646476 ], [ -81.424795447298635, 28.363321509994162 ], [ -81.42479143250597, 28.363320370184237 ], [ -81.424787457209078, 28.363319161798788 ], [ -81.424783534306542, 28.363317879594717 ], [ -81.424779675660005, 28.363316518999742 ], [ -81.424775891551462, 28.363315076586883 ], [ -81.424772190172121, 28.363313550508149 ], [ -81.424768577165608, 28.363311940869671 ], [ -81.424765055246581, 28.363310250032473 ], [ -81.424761623913298, 28.363308482825609 ], [ -81.424758279270279, 28.363306646661844 ], [ -81.424755013972316, 28.363304751548995 ], [ -81.424751817298272, 28.363302809994281 ], [ -81.424748675357293, 28.363300836802612 ], [ -81.424745571425873, 28.363298848773749 ], [ -81.424742486409201, 28.363296864306832 ], [ -81.424739399415557, 28.363294902924402 ], [ -81.42473628842798, 28.363292984730855 ], [ -81.424733131053415, 28.363291129823097 ], [ -81.424729905326913, 28.363289357672752 ], [ -81.424726590544537, 28.363287686500829 ], [ -81.424723168098637, 28.363286132666264 ], [ -81.424719622286588, 28.363284710089363 ], [ -81.424715941065728, 28.36328342973064 ], [ -81.424712116727363, 28.363282299143552 ], [ -81.424708146465122, 28.363281322117647 ], [ -81.424704032816052, 28.363280498425688 ], [ -81.424699783956257, 28.363279823684991 ], [ -81.424695413837327, 28.363279289339577 ], [ -81.424690942155138, 28.363278882765872 ], [ -81.424686394147145, 28.363278587500421 ], [ -81.424681800220554, 28.363278383584483 ], [ -81.424677195418596, 28.363278248016051 ], [ -81.424672618737887, 28.363278155296758 ], [ -81.424668112314535, 28.363278078057604 ], [ -81.424663720500973, 28.36327798774516 ], [ -81.424659488859675, 28.363277855347654 ], [ -81.42465546310207, 28.363277652139143 ], [ -81.424651688003777, 28.363277350419327 ], [ -81.424648206327717, 28.363276924226721 ], [ -81.424645057786705, 28.363276350003726 ], [ -81.424642278076519, 28.363275607193664 ], [ -81.424639898007783, 28.363274678752159 ], [ -81.424637942762502, 28.363273551557906 ], [ -81.42463643129706, 28.363272216711191 ], [ -81.42463537590919, 28.363270669712055 ], [ -81.424634781980998, 28.363268910513952 ], [ -81.424634647905222, 28.363266943452604 ], [ -81.424634965195736, 28.363264777053747 ], [ -81.424635718777822, 28.363262423727146 ], [ -81.424636887448415, 28.363259899358006 ], [ -81.424638444491066, 28.36325722280959 ], [ -81.42464035842589, 28.363254415353808 ], [ -81.424642593870644, 28.363251500048506 ], [ -81.424645112486331, 28.36324850108128 ], [ -81.424647873977662, 28.363245443100844 ], [ -81.424650837118392, 28.363242350556447 ], [ -81.424653960770286, 28.363239247065653 ], [ -81.424657204865809, 28.363236154829018 ], [ -81.424660531326211, 28.363233094108633 ], [ -81.424663904888945, 28.363230082784824 ], [ -81.424667293821969, 28.363227136002514 ], [ -81.424670670506899, 28.363224265915434 ], [ -81.424674011876704, 28.363221481533063 ], [ -81.424677299699766, 28.363218788671649 ], [ -81.424680520706403, 28.36321619000698 ], [ -81.424683666559559, 28.363213685223528 ], [ -81.424686733676864, 28.363211271251341 ], [ -81.424689722914849, 28.363208942579465 ], [ -81.42469263913199, 28.363206691632268 ], [ -81.424695490649171, 28.363204509193579 ], [ -81.424698288630509, 28.363202384862301 ], [ -81.424701046408643, 28.363200307522476 ], [ -81.424703778780071, 28.363198265811189 ], [ -81.424706501296257, 28.363196248568208 ], [ -81.424709229575882, 28.363194245252398 ], [ -81.424711978661293, 28.363192246311907 ], [ -81.424714762441027, 28.363190243497279 ], [ -81.424717593155819, 28.363188230108936 ], [ -81.424720481003092, 28.363186201173651 ], [ -81.424723433850033, 28.363184153547042 ], [ -81.424726457061197, 28.363182085942451 ], [ -81.424729553442035, 28.363179998889283 ], [ -81.424732723295435, 28.363177894626222 ], [ -81.424735964583618, 28.363175776937666 ], [ -81.424739273184315, 28.363173650943082 ], [ -81.424742643226409, 28.363171522851047 ], [ -81.424746067487504, 28.36316939969025 ], [ -81.424749537833918, 28.36316728903072 ], [ -81.424753045682067, 28.363165198708234 ], [ -81.424756582460091, 28.363163136564218 ], [ -81.424760140048647, 28.363161110212694 ], [ -81.424763711181171, 28.363159126843982 ], [ -81.424767289785947, 28.36315719307316 ], [ -81.424770871254623, 28.363155314838973 ], [ -81.424774452625769, 28.363153497356492 ], [ -81.42477803267478, 28.363151745124302 ], [ -81.42478161190634, 28.363150061984364 ], [ -81.424785192449392, 28.363148451230224 ], [ -81.424788777858538, 28.363146915757252 ], [ -81.424792372830225, 28.363145458246045 ], [ -81.424795982845353, 28.363144081369107 ], [ -81.424799613753322, 28.363142788009352 ], [ -81.424803271315184, 28.363141581478356 ], [ -81.424806960725292, 28.363140465722125 ], [ -81.424810686132247, 28.363139445502505 ], [ -81.424814450180222, 28.363138526543011 ], [ -81.424818253591241, 28.363137715629325 ], [ -81.424822094807524, 28.363137020656644 ], [ -81.424825969711677, 28.363136450617684 ], [ -81.424829871438746, 28.363136015528013 ], [ -81.424833790291601, 28.363135726287819 ], [ -81.424837713766962, 28.363135594481943 ], [ -81.424841626695454, 28.363135632122638 ], [ -81.424845511494311, 28.363135851342129 ] ] ] } },
{ "type": "Feature", "properties": { "id": 80, "area_ha": 0.01632198154247385 }, "geometry": { "type": "Polygon", "coordinates": [ [ [ -81.426919192109239, 28.363178988853395 ], [ -81.426921744666188, 28.363178796485592 ], [ -81.426924332974167, 28.363178690414109 ], [ -81.426926952896821, 28.363178666320696 ], [ -81.426929599661364, 28.363178719977789 ], [ -81.426932267949397, 28.363178847435339 ], [ -81.426934951992436, 28.363179045178271 ], [ -81.426937645669852, 28.363179310250406 ], [ -81.426940342606329, 28.363179640342274 ], [ -81.426943036266792, 28.363180033841989 ], [ -81.426945720046504, 28.363180489849487 ], [ -81.426948387354727, 28.363181008156044 ], [ -81.426951031690223, 28.363181589192454 ], [ -81.426953646707517, 28.363182233949637 ], [ -81.426956226273163, 28.363182943877284 ], [ -81.426958764511596, 28.363183720765846 ], [ -81.426961255840141, 28.36318456661812 ], [ -81.426963694994015, 28.363185483516546 ], [ -81.426966077041044, 28.363186473492142 ], [ -81.426968397387739, 28.363187538400624 ], [ -81.426970651776742, 28.363188679810634 ], [ -81.426972836277713, 28.363189898908111 ], [ -81.426974947272086, 28.36319119641993 ], [ -81.426976981433498, 28.363192572558727 ], [ -81.426978935704881, 28.363194026989948 ], [ -81.426980807273679, 28.363195558820742 ], [ -81.4269825935461, 28.363197166609456 ], [ -81.426984292121531, 28.363198848393459 ], [ -81.426985900768216, 28.363200601732089 ], [ -81.426987417400468, 28.363202423761042 ], [ -81.426988840058371, 28.363204311253817 ], [ -81.42699016689015, 28.363206260685971 ], [ -81.426991396137424, 28.363208268297363 ], [ -81.42699252612347, 28.363210330148444 ], [ -81.426993555244323, 28.363212442166638 ], [ -81.42699448196251, 28.363214600179514 ], [ -81.426995304803384, 28.363216799932694 ], [ -81.426996022353279, 28.363219037090769 ], [ -81.426996633259719, 28.363221307221025 ], [ -81.426997136232885, 28.363223605760645 ], [ -81.426997530048197, 28.363225927969058 ], [ -81.426997813550031, 28.363228268868323 ], [ -81.42699798565603, 28.363230623175166 ], [ -81.426998045362183, 28.363232985229196 ], [ -81.426997991748735, 28.363235348922167 ], [ -81.426997823986824, 28.363237707633825 ], [ -81.42699754134631, 28.363240054179737 ], [ -81.426997143205, 28.363242380776441 ], [ -81.426996629059289, 28.363244679028906 ], [ -81.426995998537009, 28.363246939944556 ], [ -81.426995251412436, 28.363249153977307 ], [ -81.426994387623864, 28.36325131110393 ], [ -81.42699340729385, 28.363253400933893 ], [ -81.426992310752382, 28.363255412852272 ], [ -81.426991098562596, 28.363257336194263 ], [ -81.426989771549287, 28.363259160447868 ], [ -81.426988330829246, 28.363260875480499 ], [ -81.426986777843453, 28.363262471783475 ], [ -81.426985114389922, 28.363263940727474 ], [ -81.426983342656541, 28.363265274821181 ], [ -81.426981465252638, 28.363266467964394 ], [ -81.426979485238206, 28.363267515686715 ], [ -81.426977406149391, 28.363268415362867 ], [ -81.426975232018862, 28.363269166395803 ], [ -81.426972967389673, 28.363269770359427 ], [ -81.426970617321302, 28.363270231093786 ], [ -81.426968187386592, 28.36327055474661 ], [ -81.426965683658423, 28.363270749756627 ], [ -81.426963112685343, 28.363270826775928 ], [ -81.426960481455282, 28.363270798530223 ], [ -81.426957797347242, 28.363270679618157 ], [ -81.426955068070754, 28.363270486252617 ], [ -81.426952301593488, 28.363270235948995 ], [ -81.426949506057724, 28.363269947167471 ], [ -81.426946689686829, 28.363269638917707 ], [ -81.426943860683082, 28.363269330336273 ], [ -81.426941027118843, 28.36326904024801 ], [ -81.426938196823059, 28.363268786723445 ], [ -81.426935377265551, 28.363268586645091 ], [ -81.426932575441896, 28.363268455295156 ], [ -81.426929797761375, 28.363268405977131 ], [ -81.426927049941128, 28.363268449683009 ], [ -81.426924336909309, 28.363268594816457 ], [ -81.426921662719806, 28.363268846981025 ], [ -81.426919030481457, 28.363269208840521 ], [ -81.426916442303778, 28.363269680056696 ], [ -81.426913899261422, 28.363270257306741 ], [ -81.42691140137886, 28.363270934381212 ], [ -81.426908947636406, 28.363271702360009 ], [ -81.426906535998228, 28.363272549861829 ], [ -81.426904163462396, 28.363273463360205 ], [ -81.426901826132521, 28.363274427556956 ], [ -81.426899519309814, 28.363275425802144 ], [ -81.426897237603967, 28.363276440547931 ], [ -81.426894975060861, 28.363277453822782 ], [ -81.426892725304242, 28.363278447711572 ], [ -81.426890481688631, 28.363279404826944 ], [ -81.426888237459735, 28.363280308757513 ], [ -81.426885985919299, 28.363281144479195 ], [ -81.426883720590141, 28.363281898717009 ], [ -81.426881435377723, 28.363282560246333 ], [ -81.426879124724948, 28.363283120124578 ], [ -81.426876783755858, 28.363283571846292 ], [ -81.426874408405638, 28.363283911417419 ], [ -81.426871995533489, 28.363284137346934 ], [ -81.426869543016139, 28.36328425055687 ], [ -81.426867049819847, 28.363284254214356 ], [ -81.426864516049505, 28.363284153491907 ], [ -81.426861942973957, 28.36328395526472 ], [ -81.426859333027295, 28.363283667755571 ], [ -81.426856689786618, 28.363283300139983 ], [ -81.426854017927155, 28.363282862125402 ], [ -81.426851323156313, 28.363282363519186 ], [ -81.426848612128822, 28.363281813800644 ], [ -81.426845892345426, 28.363281221712018 ], [ -81.426843172038147, 28.363280594883001 ], [ -81.426840460045028, 28.363279939502061 ], [ -81.426837765678101, 28.363279260046337 ], [ -81.426835098587688, 28.36327855908003 ], [ -81.426832468626571, 28.363277837128702 ], [ -81.426829885717368, 28.363277092634551 ], [ -81.426827359726033, 28.36327632199475 ], [ -81.426824900344229, 28.363275519682382 ], [ -81.426822516983009, 28.363274678446366 ], [ -81.426820218679609, 28.363273789584333 ], [ -81.426818014018707, 28.363272843279528 ], [ -81.426815911069127, 28.36327182899101 ], [ -81.426813917336062, 28.363270735883919 ], [ -81.426812039728887, 28.363269553285733 ], [ -81.426810284543578, 28.363268271152847 ], [ -81.42680865745875, 28.363266880531775 ], [ -81.426807163543501, 28.363265373998775 ], [ -81.426805807275258, 28.36326374606287 ], [ -81.426804592565347, 28.363261993517622 ], [ -81.426803522790095, 28.363260115729112 ], [ -81.426802600824715, 28.363258114849287 ], [ -81.426801829077888, 28.363255995945998 ], [ -81.426801209524498, 28.363253767044185 ], [ -81.42680074373456, 28.363251439074865 ], [ -81.426800432896542, 28.363249025732166 ], [ -81.426800277833536, 28.36324654324104 ], [ -81.426800279011317, 28.36324401004152 ], [ -81.426800436537633, 28.363241446398114 ], [ -81.426800750152751, 28.363238873945026 ], [ -81.426801219211285, 28.363236315180465 ], [ -81.42680184265663, 28.363233792924738 ], [ -81.42680261898866, 28.363231329757937 ], [ -81.426803546226949, 28.363228947454097 ], [ -81.426804621870915, 28.363226666428606 ], [ -81.426805842859551, 28.363224505215449 ], [ -81.426807205532896, 28.363222479989922 ], [ -81.426808705597892, 28.36322060415123 ], [ -81.426810338100736, 28.363218887977304 ], [ -81.426812097408757, 28.363217338362443 ], [ -81.426813977203111, 28.363215958645291 ], [ -81.42681597048491, 28.363214748532407 ], [ -81.426818069595782, 28.363213704119485 ], [ -81.426820266254182, 28.363212818009512 ], [ -81.426822551607984, 28.363212079524111 ], [ -81.426824916303175, 28.363211475001616 ], [ -81.426827350568615, 28.363210988172863 ], [ -81.426829844315435, 28.363210600603406 ], [ -81.426832387249547, 28.36321029218902 ], [ -81.426834968995578, 28.363210041689872 ], [ -81.4268375792293, 28.363209827287712 ], [ -81.426840207815985, 28.363209627150155 ], [ -81.426842844951494, 28.363209419985708 ], [ -81.426845481302635, 28.363209185574309 ], [ -81.426848108143517, 28.363208905258475 ], [ -81.426850717484484, 28.363208562382184 ], [ -81.426853302189997, 28.363208142666025 ], [ -81.426855856082753, 28.363207634509362 ], [ -81.426858374030985, 28.363207029212781 ], [ -81.426860852016389, 28.363206321116575 ], [ -81.426863287181135, 28.363205507653408 ], [ -81.426865677851978, 28.363204589316361 ], [ -81.426868023541161, 28.363203569545757 ], [ -81.426870324923229, 28.363202454540591 ], [ -81.426872583788764, 28.363201253002682 ], [ -81.426874802975405, 28.36319997582326 ], [ -81.426876986278117, 28.363198635723283 ], [ -81.426879138340325, 28.363197246859794 ], [ -81.426881264529058, 28.36319582441137 ], [ -81.426883370796361, 28.363194384155697 ], [ -81.426885463530766, 28.363192942052269 ], [ -81.426887549402011, 28.363191513842555 ], [ -81.42688963520277, 28.36319011467878 ], [ -81.426891727690901, 28.363188758791374 ], [ -81.42689383343594, 28.363187459203306 ], [ -81.4268959586731, 28.363186227497653 ], [ -81.426898109167936, 28.36318507364307 ], [ -81.426900290094551, 28.363184005879177 ], [ -81.426902505929633, 28.36318303066243 ], [ -81.426904760364238, 28.363182152670603 ], [ -81.426907056234768, 28.363181374862247 ], [ -81.426909395474084, 28.363180698585825 ], [ -81.426911779082843, 28.363180123731965 ], [ -81.426914207121186, 28.363179648920735 ], [ -81.426916678719778, 28.363179271715374 ], [ -81.426919192109239, 28.363178988853395 ] ] ] } },
{ "type": "Feature", "properties": { "id": 81, "area_ha": 0.01182229709477782 }, "geometry": { "type": "Polygon", "coordinates": [ [ [ -81.427436522125603, 28.363254336021054 ], [ -81.427438628315173, 28.363253978653844 ], [ -81.427440756687275, 28.36325365250493 ], [ -81.42744290364611, 28.363253356275994 ], [ -81.427445065464383, 28.363253089643418 ], [ -81.427447238330998, 28.363252853296895 ], [ -81.427449418394943, 28.363252648939135 ], [ -81.427451601804535, 28.363252479247112 ], [ -81.427453784740862, 28.363252347796958 ], [ -81.427455963444913, 28.363252258955608 ], [ -81.427458134237369, 28.363252217743529 ], [ -81.427460293531425, 28.363252229673826 ], [ -81.427462437837789, 28.363252300573652 ], [ -81.427464563762612, 28.36325243639434 ], [ -81.427466667998274, 28.363252643017205 ], [ -81.427468747307955, 28.363252926061392 ], [ -81.427470798504515, 28.363253290700627 ], [ -81.427472818425016, 28.363253741494574 ], [ -81.427474803901717, 28.363254282240487 ], [ -81.42747675173112, 28.363254915849353 ], [ -81.427478658642301, 28.363255644250234 ], [ -81.42748052126619, 28.363256468325226 ], [ -81.427482336106991, 28.363257387876139 ], [ -81.427484099517443, 28.363258401623213 ], [ -81.42748580767929, 28.363259507234655 ], [ -81.427487456590029, 28.363260701384934 ], [ -81.427489042057161, 28.363261979838729 ], [ -81.427490559700985, 28.363263337556674 ], [ -81.427492004966325, 28.363264768818325 ], [ -81.427493373143903, 28.363266267357325 ], [ -81.427494659401262, 28.363267826503524 ], [ -81.427495858823335, 28.363269439326945 ], [ -81.427496966462044, 28.363271098778167 ], [ -81.427497977394324, 28.363272797820745 ], [ -81.427498886787504, 28.363274529551276 ], [ -81.427499689970844, 28.36327628730373 ], [ -81.427500382511781, 28.363278064735358 ], [ -81.427500960295077, 28.363279855892458 ], [ -81.427501419603146, 28.363281655255214 ], [ -81.427501757195671, 28.363283457761774 ], [ -81.427501970386288, 28.363285258812638 ], [ -81.42750205711468, 28.363287054257398 ], [ -81.427502016011786, 28.363288840366362 ], [ -81.427501846456522, 28.363290613790568 ], [ -81.427501548622217, 28.363292371513698 ], [ -81.427501123511263, 28.36329411080013 ], [ -81.427500572976783, 28.36329582914297 ], [ -81.427499899730392, 28.36329752421619 ], [ -81.427499107335208, 28.363299193834422 ], [ -81.427498200184104, 28.363300835923567 ], [ -81.427497183463032, 28.363302448504765 ], [ -81.427496063099781, 28.36330402969336 ], [ -81.42749484569913, 28.363305577714012 ], [ -81.427493538465228, 28.363307090931595 ], [ -81.42749214911278, 28.363308567897132 ], [ -81.427490685768575, 28.36331000740692 ], [ -81.427489156865306, 28.363311408572002 ], [ -81.427487571029758, 28.363312770894645 ], [ -81.427485936967642, 28.363314094347764 ], [ -81.427484263347338, 28.363315379452672 ], [ -81.427482558684872, 28.363316627350653 ], [ -81.427480831232472, 28.363317839863285 ], [ -81.427479088872985, 28.363319019537101 ], [ -81.427477339022062, 28.363320169668246 ], [ -81.427475588540119, 28.363321294303454 ], [ -81.427473843655619, 28.363322398214532 ], [ -81.427472109901188, 28.363323486844187 ], [ -81.42747039206337, 28.363324566222573 ], [ -81.427468694146853, 28.363325642854402 ], [ -81.427467019353656, 28.363326723578382 ], [ -81.427465370076987, 28.363327815401373 ], [ -81.427463747909684, 28.36332892531102 ], [ -81.427462153666454, 28.363330060071824 ], [ -81.427460587419006, 28.363331226010203 ], [ -81.42745904854273, 28.36333242879514 ], [ -81.427457535773627, 28.363333673221391 ], [ -81.427456047273523, 28.363334963002604 ], [ -81.427454580702118, 28.363336300581786 ], [ -81.427453133293596, 28.363337686966162 ], [ -81.427451701936221, 28.363339121593203 ], [ -81.427450283252696, 28.363340602233865 ], [ -81.427448873679637, 28.363342124937805 ], [ -81.427447469544319, 28.363343684024613 ], [ -81.427446067137268, 28.363345272123301 ], [ -81.427444662779024, 28.363346880261215 ], [ -81.427443252880522, 28.363348498001489 ], [ -81.427441833995474, 28.363350113627085 ], [ -81.427440402864832, 28.36335171436744 ], [ -81.427438956452548, 28.363353286662456 ], [ -81.427437491972853, 28.363354816457246 ], [ -81.42743600690919, 28.36335628951969 ], [ -81.427434499025239, 28.363357691772052 ], [ -81.427432966368784, 28.363359009627167 ], [ -81.427431407269452, 28.36336023031933 ], [ -81.427429820331028, 28.363361342219946 ], [ -81.427428204420039, 28.363362335128183 ], [ -81.427426558651348, 28.363363200527559 ], [ -81.427424882372321, 28.363363931800212 ], [ -81.427423175146856, 28.363364524391702 ], [ -81.427421436740275, 28.363364975920749 ], [ -81.427419667106307, 28.363365286229801 ], [ -81.427417866377226, 28.363365457374204 ], [ -81.427416034857643, 28.363365493549598 ], [ -81.427414173022825, 28.363365400959044 ], [ -81.427412281521782, 28.36336518762338 ], [ -81.427410361185309, 28.36336486314007 ], [ -81.427408413038876, 28.363364438397337 ], [ -81.427406438320006, 28.36336392525229 ], [ -81.427404438499863, 28.363363336182253 ], [ -81.427402415307824, 28.363362683920183 ], [ -81.427400370758662, 28.363361981085035 ], [ -81.42739830718088, 28.363361239818531 ], [ -81.427396227245225, 28.363360471439588 ], [ -81.427394133992081, 28.363359686126952 ], [ -81.427392030856339, 28.363358892640086 ], [ -81.427389921688558, 28.363358098086945 ], [ -81.427387810771265, 28.363357307745932 ], [ -81.427385702828886, 28.363356524947552 ], [ -81.427383603030734, 28.363355751019498 ], [ -81.427381516985704, 28.363354985296766 ], [ -81.427379450728338, 28.36335422519652 ], [ -81.427377410695541, 28.363353466355125 ], [ -81.427375403693731, 28.36335270282288 ], [ -81.427373436856541, 28.363351927310259 ], [ -81.427371517593045, 28.363351131477515 ], [ -81.427369653527236, 28.363350306258397 ], [ -81.427367852429214, 28.363349442207443 ], [ -81.427366122139176, 28.36334852985966 ], [ -81.427364470485429, 28.363347560090894 ], [ -81.42736290519737, 28.363346524467286 ], [ -81.427361433815278, 28.363345415572528 ], [ -81.427360063598385, 28.363344227302353 ], [ -81.427358801432746, 28.363342955116661 ], [ -81.427357653740685, 28.363341596241412 ], [ -81.427356626393717, 28.363340149813496 ], [ -81.427355724630303, 28.36333861696421 ], [ -81.427354952980139, 28.363337000838598 ], [ -81.427354315196695, 28.363335306550081 ], [ -81.427353814199023, 28.363333541072116 ], [ -81.427353452024207, 28.363331713070117 ], [ -81.427353229791493, 28.36332983267955 ], [ -81.427353147678673, 28.363327911237114 ], [ -81.427353204911583, 28.36332596097391 ], [ -81.42735339976673, 28.363323994680425 ], [ -81.427353729587296, 28.363322025354208 ], [ -81.427354190812395, 28.36332006584141 ], [ -81.427354779019041, 28.363318128483787 ], [ -81.427355488976247, 28.363316224782309 ], [ -81.42735631471048, 28.363314365087902 ], [ -81.427357249581462, 28.363312558329213 ], [ -81.427358286366854, 28.363310811785592 ], [ -81.427359417354921, 28.363309130912345 ], [ -81.427360634443161, 28.363307519223344 ], [ -81.427361929241869, 28.363305978234333 ], [ -81.427363293180576, 28.363304507468165 ], [ -81.427364717615845, 28.363303104521204 ], [ -81.427366193938965, 28.363301765188368 ], [ -81.427367713681349, 28.363300483641954 ], [ -81.427369268616658, 28.363299252658329 ], [ -81.427370850857628, 28.363298063884383 ], [ -81.427372452946443, 28.363296908135084 ], [ -81.427374067937265, 28.363295775712047 ], [ -81.427375689469656, 28.363294656732879 ], [ -81.427377311832089, 28.363293541460475 ], [ -81.427378930014498, 28.363292420621875 ], [ -81.427380539749308, 28.363291285706566 ], [ -81.427382137540533, 28.363290129235114 ], [ -81.42738372068051, 28.3632889449899 ], [ -81.427385287254353, 28.363287728201247 ], [ -81.427386836132214, 28.363286475683754 ], [ -81.427388366949572, 28.363285185919345 ], [ -81.427389880076291, 28.363283859085449 ], [ -81.427391376574789, 28.363282497028337 ], [ -81.427392858148508, 28.363281103183777 ], [ -81.427394327081487, 28.363279682448699 ], [ -81.427395786170322, 28.363278241008945 ], [ -81.427397238649533, 28.363276786130072 ], [ -81.427398688111936, 28.363275325918668 ], [ -81.427400138425384, 28.363273869063011 ], [ -81.427401593647176, 28.363272424562073 ], [ -81.427403057937809, 28.36327100145223 ], [ -81.427404535475574, 28.363269608541028 ], [ -81.427406030373206, 28.363268254156761 ], [ -81.427407546598289, 28.363266945921922 ], [ -81.427409087898468, 28.363265690557782 ], [ -81.427410657732921, 28.363264493725975 ], [ -81.427412259210925, 28.363263359911574 ], [ -81.427413895038598, 28.363262292350782 ], [ -81.427415567474441, 28.363261293004527 ], [ -81.427417278294499, 28.363260362577872 ], [ -81.427419028767076, 28.363259500583336 ], [ -81.427420819637675, 28.363258705444927 ], [ -81.42742265112355, 28.363257974638191 ], [ -81.427424522918287, 28.363257304860412 ], [ -81.427426434205259, 28.363256692224393 ], [ -81.427428383679796, 28.363256132468106 ], [ -81.427430369578929, 28.363255621172527 ], [ -81.427432389718021, 28.36325515397964 ], [ -81.427434441532768, 28.363254726802655 ], [ -81.427436522125603, 28.363254336021054 ] ] ] } },
{ "type": "Feature", "properties": { "id": 82, "area_ha": 0.044063201996615786 }, "geometry": { "type": "Polygon", "coordinates": [ [ [ -81.426899747840736, 28.363425264046324 ], [ -81.426903530930474, 28.363426032545561 ], [ -81.426907297760337, 28.363426924637885 ], [ -81.426911056627262, 28.363427940263385 ], [ -81.426914814520941, 28.363429079440415 ], [ -81.426918576567715, 28.363430342275638 ], [ -81.426922345540902, 28.363431728959185 ], [ -81.426926121458649, 28.363433239744662 ], [ -81.426929901287949, 28.363434874914649 ], [ -81.426933678768989, 28.363436634732743 ], [ -81.426937444370068, 28.363438519383983 ], [ -81.426941185377984, 28.36344052890588 ], [ -81.426944886123991, 28.363442663112867 ], [ -81.426948528340148, 28.363444921517157 ], [ -81.426952091635727, 28.363447303249401 ], [ -81.426955554078859, 28.363449806982526 ], [ -81.426958892864008, 28.363452430862178 ], [ -81.42696208504276, 28.3634551724471 ], [ -81.426965108292222, 28.363458028662194 ], [ -81.426967941693434, 28.363460995767213 ], [ -81.426970566491846, 28.363464069342836 ], [ -81.426972966811164, 28.36346724429584 ], [ -81.426975130293883, 28.363470514884146 ], [ -81.426977048643082, 28.363473874761844 ], [ -81.426978718044012, 28.363477317043756 ], [ -81.426980139447139, 28.36348083438812 ], [ -81.426981318699276, 28.363484419095478 ], [ -81.426982266514401, 28.36348806322118 ], [ -81.426982998281446, 28.363491758698284 ], [ -81.42698353371155, 28.363495497467287 ], [ -81.426983896333411, 28.363499271608706 ], [ -81.426984112850306, 28.363503073474355 ], [ -81.426984212377732, 28.363506895812989 ], [ -81.426984225584476, 28.363510731886251 ], [ -81.426984183764276, 28.363514575570832 ], [ -81.426984117867079, 28.363518421443267 ], [ -81.426984057521494, 28.363522264844175 ], [ -81.426984030080263, 28.363526101919351 ], [ -81.426984059720169, 28.363529929635845 ], [ -81.426984166626582, 28.363533745771782 ], [ -81.426984366290341, 28.363537548879599 ], [ -81.426984668940847, 28.363541338223222 ], [ -81.426985079135321, 28.363545113690286 ], [ -81.426985595519213, 28.363548875681644 ], [ -81.426986210766941, 28.36355262498083 ], [ -81.426986911706351, 28.363556362606982 ], [ -81.426987679624887, 28.363560089655234 ], [ -81.426988490748229, 28.363563807128973 ], [ -81.426989316878121, 28.363567515768757 ], [ -81.426990126169486, 28.363571215882796 ], [ -81.426990884023198, 28.363574907183935 ], [ -81.426991554066674, 28.363578588637857 ], [ -81.426992099192063, 28.363582258327202 ], [ -81.426992482619141, 28.363585913335523 ], [ -81.426992668950348, 28.363589549654805 ], [ -81.42699262518471, 28.363593162119518 ], [ -81.426992321659441, 28.363596744369268 ], [ -81.426991732890485, 28.36360028884177 ], [ -81.426990838286144, 28.363603786796553 ], [ -81.426989622712966, 28.363607228369371 ], [ -81.426988076897274, 28.363610602656248 ], [ -81.426986197651701, 28.363613897825413 ], [ -81.426983987921531, 28.363617101254633 ], [ -81.426981456651689, 28.363620199690832 ], [ -81.42697861848113, 28.363623179428266 ], [ -81.426975493276629, 28.36362602650135 ], [ -81.426972105523376, 28.363628726887434 ], [ -81.426968483594052, 28.363631266715426 ], [ -81.426964658921761, 28.363633632475175 ], [ -81.426960665104872, 28.363635811223471 ], [ -81.426956536973876, 28.363637790782192 ], [ -81.426952309650602, 28.363639559924675 ], [ -81.426948017630536, 28.36364110854668 ], [ -81.426943693916584, 28.363642427818991 ], [ -81.426939369231505, 28.363643510319037 ], [ -81.426935071331911, 28.363644350139666 ], [ -81.426930824443531, 28.363644942973838 ], [ -81.42692664883235, 28.363645286174442 ], [ -81.426922560521334, 28.363645378789322 ], [ -81.426918571157415, 28.363645221571947 ], [ -81.426914688027495, 28.363644816968716 ], [ -81.426910914217387, 28.363644169084349 ], [ -81.426907248902609, 28.363643283627241 ], [ -81.426903687755484, 28.36364216783689 ], [ -81.426900223448854, 28.363640830395486 ], [ -81.426896846234442, 28.363639281326329 ], [ -81.426893544570802, 28.363637531881281 ], [ -81.426890305775373, 28.363635594419563 ], [ -81.426887116674436, 28.363633482280271 ], [ -81.426883964225681, 28.363631209650407 ], [ -81.426880836089694, 28.36362879143029 ], [ -81.4268777211295, 28.363626243097809 ], [ -81.426874609820118, 28.363623580572796 ], [ -81.42687149455449, 28.363620820082243 ], [ -81.426868369836455, 28.363617978027349 ], [ -81.426865232356022, 28.363615070852521 ], [ -81.426862080947345, 28.363612114916766 ], [ -81.426858916434441, 28.363609126367493 ], [ -81.426855741374382, 28.363606121016698 ], [ -81.426852559712003, 28.363603114219714 ], [ -81.426849376363222, 28.363600120756285 ], [ -81.426846196748102, 28.363597154714284 ], [ -81.426843026295415, 28.363594229376226 ], [ -81.426839869943038, 28.363591357109161 ], [ -81.426836731658042, 28.363588549258434 ], [ -81.426833613999449, 28.363585816046463 ], [ -81.426830517746069, 28.363583166477436 ], [ -81.426827441607898, 28.363580608249539 ], [ -81.426824382037623, 28.363578147676197 ], [ -81.426821333153953, 28.363575789618142 ], [ -81.426818286784538, 28.363573537428202 ], [ -81.42681523263137, 28.363571392910661 ], [ -81.42681215855643, 28.363569356297244 ], [ -81.426809050980737, 28.363567426241339 ], [ -81.426805895384888, 28.36356559983227 ], [ -81.426802676895193, 28.363563872630785 ], [ -81.426799380935307, 28.363562238726757 ], [ -81.426795993920692, 28.363560690819757 ], [ -81.426792503970177, 28.363559220322404 ], [ -81.426788901608518, 28.363557817486093 ], [ -81.426785180432532, 28.363556471547934 ], [ -81.426781337714402, 28.363555170897396 ], [ -81.426777374917407, 28.36355390326019 ], [ -81.426773298101551, 28.363552655896811 ], [ -81.426769118200141, 28.363551415812218 ], [ -81.426764851152399, 28.363550169972978 ], [ -81.42676051788186, 28.363548905527683 ], [ -81.426756144115558, 28.363547610026245 ], [ -81.426751760044468, 28.363546271633506 ], [ -81.426747399830717, 28.363544879332498 ], [ -81.426743100973283, 28.363543423112873 ], [ -81.426738903547985, 28.363541894140265 ], [ -81.426734849342935, 28.363540284902612 ], [ -81.426730980913973, 28.363538589329949 ], [ -81.426727340587917, 28.363536802884834 ], [ -81.426723969443799, 28.363534922621309 ], [ -81.426720906303075, 28.363532947210746 ], [ -81.426718186760155, 28.363530876934316 ], [ -81.426715842283826, 28.36352871364193 ], [ -81.426713899417692, 28.363526460679015 ], [ -81.42671237910541, 28.363524122783097 ], [ -81.426711296162296, 28.363521705952643 ], [ -81.426710658910423, 28.363519217291923 ], [ -81.426710468989171, 28.36351666483586 ], [ -81.426710721347831, 28.363514057359414 ], [ -81.426711404420558, 28.363511404176673 ], [ -81.426712500478686, 28.363508714934806 ], [ -81.426713986149323, 28.36350599940824 ], [ -81.42671583308416, 28.363503267298483 ], [ -81.42671800875722, 28.363500528044511 ], [ -81.426720477366715, 28.363497790648683 ], [ -81.42672320081256, 28.363495063522297 ], [ -81.426726139718937, 28.363492354354417 ], [ -81.426729254470118, 28.363489670007077 ], [ -81.426732506227438, 28.363487016438754 ], [ -81.42673585789629, 28.363484398657537 ], [ -81.426739275014, 28.363481820704322 ], [ -81.426742726532183, 28.363479285665516 ], [ -81.42674618547079, 28.363476795713964 ], [ -81.426749629426439, 28.3634743521758 ], [ -81.426753040921056, 28.363471955620412 ], [ -81.426756407584051, 28.36346960597001 ], [ -81.426759722165869, 28.363467302624606 ], [ -81.426762982386407, 28.363465044598183 ], [ -81.42676619062803, 28.36346283066122 ], [ -81.426769353487131, 28.363460659484939 ], [ -81.426772481203443, 28.363458529782598 ], [ -81.426775586989407, 28.363456440443333 ], [ -81.426778686285914, 28.363454390654521 ], [ -81.426781795971635, 28.363452380009061 ], [ -81.426784933555183, 28.363450408594428 ], [ -81.42678811637883, 28.363448477061375 ], [ -81.42679136086177, 28.363446586670495 ], [ -81.426794681808815, 28.363444739315938 ], [ -81.426798091807584, 28.363442937526127 ], [ -81.426801600733768, 28.363441184442351 ], [ -81.42680521537936, 28.363439483776592 ], [ -81.426808939214368, 28.36343783975072 ], [ -81.42681277228715, 28.363436257019803 ], [ -81.426816711263328, 28.363434740582615 ], [ -81.426820749598178, 28.363433295682949 ], [ -81.426824877832416, 28.363431927705395 ], [ -81.426829083996481, 28.363430642069414 ], [ -81.426833354105469, 28.363429444125398 ], [ -81.426837672722343, 28.363428339056409 ], [ -81.426842023565925, 28.363427331788664 ], [ -81.426846390138337, 28.363426426913708 ], [ -81.426850756345615, 28.36342562862454 ], [ -81.42685510708688, 28.363424940667333 ], [ -81.426859428787878, 28.363424366309854 ], [ -81.426863709857699, 28.363423908327039 ], [ -81.426867941050602, 28.363423569003185 ], [ -81.426872115718467, 28.363423350150128 ], [ -81.426876229944398, 28.363423253139612 ], [ -81.426880282551906, 28.363423278947892 ], [ -81.426884274990059, 28.363423428209959 ], [ -81.426888211099055, 28.363423701280585 ], [ -81.426892096766082, 28.363424098298967 ], [ -81.426895939485433, 28.363424619253944 ], [ -81.426899747840736, 28.363425264046324 ] ] ] } },
{ "type": "Feature", "properties": { "id": 83, "area_ha": 0.052370421993292122 }, "geometry": { "type": "Polygon", "coordinates": [ [ [ -81.426453069588774, 28.363608180825516 ], [ -81.426458143220628, 28.363607811909993 ], [ -81.426463082164361, 28.363607738483196 ], [ -81.426467865586019, 28.363607964725425 ], [ -81.426472476130371, 28.363608490600043 ], [ -81.426476900232558, 28.363609312104082 ], [ -81.426481128301816, 28.363610421626188 ], [ -81.426485154776003, 28.363611808393891 ], [ -81.426488978050187, 28.363613458989146 ], [ -81.426492600287176, 28.363615357910103 ], [ -81.426496027121559, 28.363617488155697 ], [ -81.426499267272291, 28.363619831810144 ], [ -81.426502332081583, 28.363622370605434 ], [ -81.426505234999922, 28.36362508644152 ], [ -81.426507991038008, 28.363627961846881 ], [ -81.426510616207096, 28.363630980364935 ], [ -81.426513126968501, 28.363634126855665 ], [ -81.426515539711943, 28.363637387705754 ], [ -81.426517870280449, 28.363640750944768 ], [ -81.426520133556807, 28.363644206268752 ], [ -81.426522343123722, 28.363647744977108 ], [ -81.426524511006122, 28.363651359831437 ], [ -81.426526647500495, 28.363655044849235 ], [ -81.426528761092172, 28.363658795046724 ], [ -81.426530858457966, 28.363662606147908 ], [ -81.42653294454766, 28.363666474277533 ], [ -81.42653502273518, 28.363670395656023 ], [ -81.426537095026944, 28.363674366314068 ], [ -81.426539162313333, 28.36367838184313 ], [ -81.426541224647181, 28.363682437196289 ], [ -81.426543281532943, 28.363686526551053 ], [ -81.426545332209528, 28.36369064324283 ], [ -81.426547375911028, 28.363694779773969 ], [ -81.42654941209048, 28.363698927899915 ], [ -81.426551440594167, 28.363703078789737 ], [ -81.426553461775896, 28.363707223254895 ], [ -81.42655547654465, 28.363711352036393 ], [ -81.426557486340968, 28.363715456137513 ], [ -81.426559493042333, 28.363719527186543 ], [ -81.426561498799998, 28.363723557812111 ], [ -81.426563505814073, 28.363727542012448 ], [ -81.426565516056456, 28.363731475499428 ], [ -81.42656753095352, 28.36373535599871 ], [ -81.426569551043855, 28.363739183488377 ], [ -81.426571575626781, 28.363742960360444 ], [ -81.42657360241931, 28.36374669149253 ], [ -81.426575627238776, 28.363750384219827 ], [ -81.426577643728763, 28.363754048201717 ], [ -81.426579643143924, 28.36375769518142 ], [ -81.42658161420789, 28.363761338641162 ], [ -81.426583543056026, 28.363764993360139 ], [ -81.426585413271425, 28.363768674886384 ], [ -81.42658720601959, 28.3637723989379 ], [ -81.426588900282809, 28.363776180751493 ], [ -81.426590473192093, 28.363780034401049 ], [ -81.426591900450063, 28.363783972108564 ], [ -81.426593156834599, 28.363788003572928 ], [ -81.426594216769914, 28.363792135341559 ], [ -81.426595054947981, 28.363796370249514 ], [ -81.426595646981454, 28.36380070694916 ], [ -81.426595970067154, 28.363805139551122 ], [ -81.426596003637798, 28.363809657393894 ], [ -81.426595729980136, 28.363814244955563 ], [ -81.426595134797054, 28.363818881916764 ], [ -81.426594207694009, 28.363823543378487 ], [ -81.426592942570693, 28.363828200233606 ], [ -81.426591337902948, 28.363832819685349 ], [ -81.426589396902656, 28.363837365900803 ], [ -81.426587127547577, 28.36384180078246 ], [ -81.426584542477116, 28.363846084836634 ], [ -81.426581658755126, 28.363850178113509 ], [ -81.426578497504536, 28.363854041190567 ], [ -81.426575083423799, 28.363857636169438 ], [ -81.426571444199027, 28.363860927654578 ], [ -81.426567609829206, 28.363863883682576 ], [ -81.426563611885641, 28.363866476571832 ], [ -81.42655948272845, 28.363868683664471 ], [ -81.426555254705391, 28.363870487935408 ], [ -81.426550959358522, 28.363871878447728 ], [ -81.42654662666456, 28.363872850638057 ], [ -81.426542284333479, 28.363873406421327 ], [ -81.426537957188174, 28.363873554109926 ], [ -81.426533666645497, 28.36387330814858 ], [ -81.426529430315242, 28.363872688672231 ], [ -81.426525261729665, 28.363871720900239 ], [ -81.426521170212027, 28.363870434385827 ], [ -81.426517160887229, 28.363868862144461 ], [ -81.426513234832981, 28.363867039689364 ], [ -81.426509389364966, 28.363865004005202 ], [ -81.426505618444438, 28.363862792493752 ], [ -81.426501913192908, 28.363860441925961 ], [ -81.426498262493837, 28.36385798743499 ], [ -81.426494653659063, 28.36385546158359 ], [ -81.426491073134656, 28.363852893536503 ], [ -81.426487507219548, 28.363850308365489 ], [ -81.426483942770091, 28.36384772650953 ], [ -81.426480367863803, 28.363845163408214 ], [ -81.42647677239701, 28.363842629319638 ], [ -81.426473148593772, 28.363840129328416 ], [ -81.426469491406223, 28.363837663542316 ], [ -81.426465798790801, 28.363835227469899 ], [ -81.426462071849116, 28.36383281256488 ], [ -81.426458314827357, 28.363830406917007 ], [ -81.426454534973445, 28.363827996064437 ], [ -81.426450742256208, 28.36382556389766 ], [ -81.426446948956567, 28.363823093622102 ], [ -81.426443169145244, 28.363820568744039 ], [ -81.42643941806628, 28.36381797404341 ], [ -81.426435711449187, 28.363815296497712 ], [ -81.426432064776066, 28.363812526122114 ], [ -81.426428492531528, 28.363809656694087 ], [ -81.426425007465042, 28.363806686334534 ], [ -81.426421619894938, 28.36380361792218 ], [ -81.426418337082595, 28.363800459323841 ], [ -81.426415162703307, 28.363797223429394 ], [ -81.426412096437133, 28.363793927987228 ], [ -81.426409133699565, 28.363790595242747 ], [ -81.42640626552668, 28.363787251389635 ], [ -81.426403478624763, 28.363783925850232 ], [ -81.426400755588091, 28.363780650407545 ], [ -81.426398075283302, 28.363777458216703 ], [ -81.426395413392257, 28.3637743827287 ], [ -81.426392743099754, 28.363771456562141 ], [ -81.426390035907261, 28.363768710361374 ], [ -81.426387262548431, 28.363766171680183 ], [ -81.426384393978708, 28.363763863930039 ], [ -81.426381402407713, 28.363761805429888 ], [ -81.426378262340933, 28.363760008591996 ], [ -81.426374951596443, 28.363758479273621 ], [ -81.426371452262075, 28.363757216319719 ], [ -81.426367751559994, 28.363756211315227 ], [ -81.426363842587762, 28.363755448559214 ], [ -81.426359724908593, 28.36375490526552 ], [ -81.42635540496785, 28.363754551987551 ], [ -81.4263508963178, 28.363754353256947 ], [ -81.426346219639086, 28.36375426841931 ], [ -81.426341402553106, 28.36375425264314 ], [ -81.42633647922645, 28.363754258072543 ], [ -81.42633148977518, 28.363754235089154 ], [ -81.426326479482995, 28.363754133645283 ], [ -81.426321497853763, 28.363753904627238 ], [ -81.426316597523808, 28.363753501207093 ], [ -81.426311833064815, 28.363752880140865 ], [ -81.426307259711052, 28.363752002972909 ], [ -81.426302932048245, 28.363750837108956 ], [ -81.426298902701987, 28.363749356724419 ], [ -81.426295221064777, 28.363747543479679 ], [ -81.426291932098991, 28.36374538702017 ], [ -81.426289075251688, 28.363742885245902 ], [ -81.42628668351324, 28.363740044342276 ], [ -81.42628478264794, 28.363736878571746 ], [ -81.426283390619076, 28.363733409833198 ], [ -81.426282517225374, 28.363729667003522 ], [ -81.42628216395903, 28.363725685082493 ], [ -81.426282324088817, 28.363721504168119 ], [ -81.426282982964622, 28.363717168295089 ], [ -81.426284118533388, 28.363712724172881 ], [ -81.426285702049611, 28.363708219863007 ], [ -81.426287698957921, 28.363703703436709 ], [ -81.42629006991973, 28.363699221654468 ], [ -81.426292771952262, 28.363694818707813 ], [ -81.426295759644589, 28.363690535061437 ], [ -81.426298986413386, 28.363686406430247 ], [ -81.426302405760296, 28.363682462921009 ], [ -81.426305972493196, 28.363678728363066 ], [ -81.426309643874959, 28.36367521984598 ], [ -81.426313380666357, 28.363671947475225 ], [ -81.426317148033249, 28.363668914350111 ], [ -81.426320916292923, 28.363666116760637 ], [ -81.426324661479896, 28.363663544593251 ], [ -81.426328365717481, 28.363661181929032 ], [ -81.426332017387665, 28.363659007811378 ], [ -81.426335611098636, 28.363656997155971 ], [ -81.426339147455252, 28.36365512177089 ], [ -81.426342632644577, 28.363653351452314 ], [ -81.42634607785368, 28.363651655119114 ], [ -81.426349498542436, 28.363650001949139 ], [ -81.426352913597881, 28.363648362480728 ], [ -81.426356344400588, 28.363646709644659 ], [ -81.426359813834992, 28.363645019694793 ], [ -81.426363345277395, 28.363643273009888 ], [ -81.426366961595249, 28.363641454743213 ], [ -81.426370684189948, 28.363639555302786 ], [ -81.426374532113812, 28.363637570650738 ], [ -81.426378521288143, 28.363635502416248 ], [ -81.426382663846198, 28.363633357823346 ], [ -81.426386967619152, 28.363631149440376 ], [ -81.426391435779195, 28.363628894764119 ], [ -81.426396066647257, 28.36362661565655 ], [ -81.426400853668127, 28.3636243376564 ], [ -81.426405785549406, 28.3636220891919 ], [ -81.426410846555754, 28.363619900722863 ], [ -81.426416016944742, 28.36361780384258 ], [ -81.426421273526202, 28.363615830369877 ], [ -81.426426590323359, 28.363614011461419 ], [ -81.426431939311243, 28.36361237677275 ], [ -81.426437291205588, 28.363610953693708 ], [ -81.426442616274812, 28.363609766680714 ], [ -81.42644788514751, 28.363608836704294 ], [ -81.426453069588774, 28.363608180825516 ] ] ] } },
{ "type": "Feature", "properties": { "id": 84, "area_ha": 0.10281619215321079 }, "geometry": { "type": "Polygon", "coordinates": [ [ [ -81.424043922017589, 28.364189509385493 ], [ -81.424048644142871, 28.364192175652128 ], [ -81.424053051455417, 28.364195370329689 ], [ -81.424057144365989, 28.364199057809493 ], [ -81.424060931185807, 28.364203195547976 ], [ -81.424064427603938, 28.364207735381193 ], [ -81.424067655901055, 28.364212624954227 ], [ -81.424070643945299, 28.364217809216818 ], [ -81.424073424023987, 28.364223231935686 ], [ -81.42407603157001, 28.364228837175258 ], [ -81.424078503843802, 28.364234570701193 ], [ -81.424080878631145, 28.364240381265304 ], [ -81.424083193012734, 28.364246221736309 ], [ -81.424085482255791, 28.36425205004727 ], [ -81.424087778868284, 28.364257829938353 ], [ -81.424090111846738, 28.364263531481331 ], [ -81.424092506136532, 28.364269131380336 ], [ -81.424094982311601, 28.364274613051609 ], [ -81.42409755646834, 28.364279966492067 ], [ -81.424100240317202, 28.364285187953641 ], [ -81.424103041445818, 28.364290279445907 ], [ -81.424105963718631, 28.364295248094351 ], [ -81.424109007772742, 28.364300105384899 ], [ -81.424112171566051, 28.364304866327277 ], [ -81.424115450932504, 28.364309548570869 ], [ -81.424118840101755, 28.364314171505587 ], [ -81.424122332144393, 28.364318755378861 ], [ -81.424125919310669, 28.364323320456808 ], [ -81.424129593238831, 28.364327886253857 ], [ -81.424133345019342, 28.364332470850712 ], [ -81.424137165111262, 28.364337090315733 ], [ -81.424141043118539, 28.364341758239561 ], [ -81.424144967443482, 28.364346485387856 ], [ -81.424148924845255, 28.364351279472384 ], [ -81.424152899937795, 28.364356145035838 ], [ -81.424156874668626, 28.364361083442549 ], [ -81.424160827822931, 28.364366092963866 ], [ -81.424164734598492, 28.364371168944697 ], [ -81.424168566295606, 28.364376304036519 ], [ -81.424172290161437, 28.364381488481463 ], [ -81.424175869422115, 28.364386710432054 ], [ -81.42417926352654, 28.364391956292671 ], [ -81.424182428615552, 28.364397211069548 ], [ -81.424185318218619, 28.364402458718825 ], [ -81.424187884167438, 28.364407682483737 ], [ -81.424190077703827, 28.364412865215009 ], [ -81.424191850747931, 28.364417989670283 ], [ -81.424193157281707, 28.36442303879123 ], [ -81.424193954795342, 28.364427995958327 ], [ -81.424194205736612, 28.364432845225213 ], [ -81.424193878901548, 28.364437571535344 ], [ -81.424192950702363, 28.364442160924163 ], [ -81.424191406252831, 28.364446600710199 ], [ -81.42418924021537, 28.364450879677729 ], [ -81.424186457363476, 28.364454988253055 ], [ -81.424183072823055, 28.364458918674682 ], [ -81.424179111969551, 28.364462665156651 ], [ -81.424174609971303, 28.36446622404231 ], [ -81.424169610985246, 28.364469593944147 ], [ -81.424164167025381, 28.364472775864034 ], [ -81.424158336539378, 28.364475773286753 ], [ -81.424152182741821, 28.364478592238836 ], [ -81.42414577176379, 28.364481241304567 ], [ -81.424139170687255, 28.36448373159071 ], [ -81.424132445539229, 28.36448607663268 ], [ -81.424125659322669, 28.364488292235738 ], [ -81.424118870161294, 28.36449039624674 ], [ -81.424112129631183, 28.364492408254339 ], [ -81.424105481344952, 28.364494349217939 ], [ -81.424098959844414, 28.364496241028878 ], [ -81.424092589845216, 28.364498106010089 ], [ -81.424086385861941, 28.364499966363841 ], [ -81.424080352227577, 28.364501843579855 ], [ -81.424074483503489, 28.364503757818586 ], [ -81.424068765261268, 28.364505727286929 ], [ -81.424063175201411, 28.364507767624822 ], [ -81.424057684560665, 28.364509891322271 ], [ -81.424052259747981, 28.364512107186542 ], [ -81.424046864139797, 28.364514419878695 ], [ -81.424041459960094, 28.364516829536988 ], [ -81.424036010167171, 28.364519331502983 ], [ -81.424030480270332, 28.364521916163124 ], [ -81.424024840003767, 28.364524568915328 ], [ -81.424019064791764, 28.364527270266269 ], [ -81.424013136949185, 28.364529996060909 ], [ -81.424007046574189, 28.36453271784174 ], [ -81.42400079210276, 28.36453540333072 ], [ -81.423994380510734, 28.364538017022937 ], [ -81.423987827163614, 28.36454052087748 ], [ -81.423981155329557, 28.364542875087476 ], [ -81.42397439538496, 28.364545038908879 ], [ -81.423967583754447, 28.364546971525666 ], [ -81.423960761636749, 28.364548632927836 ], [ -81.423953973575991, 28.364549984778481 ], [ -81.423947265942374, 28.364550991246595 ], [ -81.423940685387791, 28.364551619783494 ], [ -81.423934277340365, 28.364551841822912 ], [ -81.423928084598089, 28.364551633387212 ], [ -81.423922146074119, 28.364550975585431 ], [ -81.423916495737444, 28.364549854992184 ], [ -81.42391116178203, 28.364548263900474 ], [ -81.423906166044887, 28.364546200444813 ], [ -81.423901523681309, 28.364543668595196 ], [ -81.423897243093421, 28.364540678025808 ], [ -81.423893326095552, 28.364537243865584 ], [ -81.42388976829065, 28.364533386340725 ], [ -81.423886559622389, 28.36452913032134 ], [ -81.423883685061938, 28.364524504786477 ], [ -81.423881125383716, 28.364519542222752 ], [ -81.423878857984022, 28.364514277972905 ], [ -81.423876857696655, 28.364508749550101 ], [ -81.423875097563922, 28.364502995934238 ], [ -81.423873549527841, 28.364497056865208 ], [ -81.423872185012854, 28.36449097214722 ], [ -81.423870975381945, 28.364484780977079 ], [ -81.423869892256931, 28.364478521307593 ], [ -81.423868907704687, 28.364472229256034 ], [ -81.423867994300352, 28.364465938565793 ], [ -81.42386712508808, 28.364459680128117 ], [ -81.423866273467041, 28.364453481569363 ], [ -81.423865413036154, 28.364447366908106 ], [ -81.423864517434666, 28.364441356285308 ], [ -81.423863560216631, 28.364435465770082 ], [ -81.423862514795672, 28.364429707242689 ], [ -81.423861354493042, 28.364424088355829 ], [ -81.423860052715014, 28.364418612574884 ], [ -81.423858583278459, 28.364413279296777 ], [ -81.423856920892717, 28.364408084046971 ], [ -81.423855041796216, 28.364403018752892 ], [ -81.42385292453433, 28.364398072091507 ], [ -81.423850550854567, 28.364393229907286 ], [ -81.42384790668477, 28.36438847569573 ], [ -81.423844983151312, 28.364383791146047 ], [ -81.423841777587583, 28.364379156734522 ], [ -81.423838294478202, 28.364374552358825 ], [ -81.423834546283217, 28.364369958001006 ], [ -81.423830554087019, 28.364365354405454 ], [ -81.423826348021208, 28.364360723756086 ], [ -81.423821967417496, 28.364356050335712 ], [ -81.423817460656025, 28.364351321149122 ], [ -81.423812884686555, 28.364346526490969 ], [ -81.423808304213338, 28.364341660439347 ], [ -81.423803790548973, 28.364336721256322 ], [ -81.423799420158133, 28.364331711678183 ], [ -81.42379527292627, 28.364326639080122 ], [ -81.423791430202883, 28.364321515502617 ], [ -81.423787972680813, 28.364316357530569 ], [ -81.423784978183022, 28.364311186020281 ], [ -81.423782519435846, 28.364306025673866 ], [ -81.423780661910953, 28.364300904466155 ], [ -81.423779461819478, 28.364295852934031 ], [ -81.423778964337814, 28.364290903343878 ], [ -81.423779202138533, 28.364286088757684 ], [ -81.423780194289222, 28.364281442023426 ], [ -81.423781945569516, 28.364276994719166 ], [ -81.423784446240759, 28.364272776084011 ], [ -81.4237876722854, 28.364268811971151 ], [ -81.423791586115343, 28.364265123859383 ], [ -81.423796137729269, 28.364261727959736 ], [ -81.42380126628106, 28.364258634451868 ], [ -81.423806902004742, 28.364255846882614 ], [ -81.423812968426432, 28.364253361754493 ], [ -81.423819384782036, 28.364251168327055 ], [ -81.423826068550582, 28.364249248647184 ], [ -81.423832938007948, 28.364247577817309 ], [ -81.423839914705127, 28.364246124502586 ], [ -81.423846925777625, 28.364244851669746 ], [ -81.42385390599982, 28.364243717541829 ], [ -81.423860799508162, 28.364242676745182 ], [ -81.423867561131246, 28.364241681617376 ], [ -81.423874157280636, 28.364240683638027 ], [ -81.423880566374521, 28.364239634939253 ], [ -81.423886778785715, 28.364238489848059 ], [ -81.423892796324736, 28.364237206410792 ], [ -81.423898631287784, 28.364235747848852 ], [ -81.423904305117048, 28.364234083895916 ], [ -81.423909846736024, 28.364232191969833 ], [ -81.423915290635023, 28.364230058136879 ], [ -81.423920674791773, 28.364227677832343 ], [ -81.42392603851691, 28.364225056308914 ], [ -81.423931420316308, 28.364222208793159 ], [ -81.423936855859736, 28.364219160339939 ], [ -81.423942376138839, 28.364215945384718 ], [ -81.42394800588859, 28.364212607003882 ], [ -81.423953762332843, 28.364209195903225 ], [ -81.423959654299992, 28.364205769163963 ], [ -81.423965681737869, 28.364202388784275 ], [ -81.423971835639151, 28.36419912006107 ], [ -81.423978098370512, 28.364196029862651 ], [ -81.423984444381432, 28.364193184846449 ], [ -81.423990841253087, 28.364190649677823 ], [ -81.423997251033086, 28.364188485306137 ], [ -81.424003631791706, 28.364186747351884 ], [ -81.424009939326098, 28.364185484654968 ], [ -81.424016128935804, 28.364184738028278 ], [ -81.424022157190223, 28.364184539253799 ], [ -81.424027983612774, 28.36418491034971 ], [ -81.424033572211258, 28.364185863127734 ], [ -81.424038892793376, 28.364187399050163 ], [ -81.424043922017589, 28.364189509385493 ] ] ] } },
{ "type": "Feature", "properties": { "id": 85, "area_ha": 0.026688878923396425 }, "geometry": { "type": "Polygon", "coordinates": [ [ [ -81.428946610110188, 28.364337256432368 ], [ -81.428949751243692, 28.364336102720955 ], [ -81.42895292137959, 28.364334892784793 ], [ -81.428956122034705, 28.364333637847118 ], [ -81.428959353534381, 28.364332351484943 ], [ -81.428962614942932, 28.36433104928037 ], [ -81.428965904038591, 28.364329748428169 ], [ -81.42896921733302, 28.364328467312447 ], [ -81.428972550134773, 28.364327225065843 ], [ -81.428975896653753, 28.364326041124436 ], [ -81.428979250142675, 28.364324934791643 ], [ -81.428982603070338, 28.364323924823129 ], [ -81.428985947319561, 28.364323029043945 ], [ -81.428989274403278, 28.36432226400732 ], [ -81.428992575689804, 28.364321644702851 ], [ -81.428995842629533, 28.364321184319987 ], [ -81.428999066974342, 28.364320894070293 ], [ -81.429002240981575, 28.364320783070113 ], [ -81.429005357595187, 28.364320858283008 ], [ -81.429008410596964, 28.364321124519297 ], [ -81.429011394722465, 28.364321584488415 ], [ -81.429014305737013, 28.364322238897824 ], [ -81.429017140469114, 28.36432308659154 ], [ -81.42901989679946, 28.364324124719605 ], [ -81.429022573606318, 28.364325348930052 ], [ -81.429025170668638, 28.364326753573991 ], [ -81.42902768853061, 28.364328331915047 ], [ -81.429030128332471, 28.364330076334614 ], [ -81.429032491613697, 28.364331978525353 ], [ -81.429034780095606, 28.364334029666253 ], [ -81.429036995451895, 28.364336220574145 ], [ -81.429039139074987, 28.364338541827841 ], [ -81.429041211847803, 28.364340983862533 ], [ -81.42904321392902, 28.364343537034209 ], [ -81.429045144560632, 28.364346191654722 ], [ -81.429047001905303, 28.364348938000187 ], [ -81.429048782920518, 28.364351766296434 ], [ -81.42905048327475, 28.364354666686374 ], [ -81.429052097310262, 28.364357629185161 ], [ -81.429053618054809, 28.364360643629173 ], [ -81.429055037283476, 28.364363699625827 ], [ -81.429056345629945, 28.36436678651021 ], [ -81.429057532744565, 28.364369893315097 ], [ -81.429058587495632, 28.3643730087596 ], [ -81.429059498208119, 28.364376121260943 ], [ -81.429060252933056, 28.364379218972957 ], [ -81.429060839739833, 28.364382289853136 ], [ -81.429061247022631, 28.364385321758988 ], [ -81.429061463811621, 28.364388302572763 ], [ -81.42906148007971, 28.364391220352218 ], [ -81.429061287034813, 28.364394063503589 ], [ -81.429060877389361, 28.364396820971859 ], [ -81.429060245598066, 28.364399482441911 ], [ -81.429059388056601, 28.364402038543922 ], [ -81.429058303255275, 28.364404481055136 ], [ -81.429056991882447, 28.364406803090386 ], [ -81.429055456874693, 28.364408999273543 ], [ -81.42905370341191, 28.364411065882383 ], [ -81.429051738857439, 28.364413000960528 ], [ -81.429049572644985, 28.364414804390311 ], [ -81.429047216115663, 28.364416477922465 ], [ -81.42904468230995, 28.364418025159523 ], [ -81.429041985720971, 28.364419451491514 ], [ -81.429039142015952, 28.36442076398437 ], [ -81.429036167734537, 28.364421971223098 ], [ -81.429033079972371, 28.364423083113429 ], [ -81.429029896059049, 28.364424110647583 ], [ -81.429026633239644, 28.364425065640592 ], [ -81.429023308368556, 28.36442596044559 ], [ -81.429019937623607, 28.364426807656745 ], [ -81.429016536248255, 28.364427619809561 ], [ -81.429013118327774, 28.364428409088276 ], [ -81.429009696604865, 28.364429187050057 ], [ -81.429006282338193, 28.364429964375351 ], [ -81.429002885206032, 28.364430750652531 ], [ -81.428999513256073, 28.364431554204387 ], [ -81.42899617290017, 28.364432381961976 ], [ -81.428992868952321, 28.364433239390095 ], [ -81.428989604705905, 28.364434130466453 ], [ -81.428986382045849, 28.364435057714882 ], [ -81.428983201589858, 28.364436022290679 ], [ -81.428980062852517, 28.364437024114292 ], [ -81.428976964425189, 28.364438062047736 ], [ -81.428973904164877, 28.364439134106089 ], [ -81.428970879384664, 28.364440237695703 ], [ -81.428967887039249, 28.364441369868523 ], [ -81.428964923899144, 28.364442527582273 ], [ -81.428961986707989, 28.3644437079551 ], [ -81.428959072318662, 28.364444908503621 ], [ -81.428956177804267, 28.364446127353677 ], [ -81.428953300542076, 28.364447363413998 ], [ -81.428950438268998, 28.364448616504379 ], [ -81.428947589108787, 28.364449887431167 ], [ -81.428944751572431, 28.364451178005268 ], [ -81.428941924533987, 28.364452490999724 ], [ -81.428939107185371, 28.364453830046209 ], [ -81.428936298974207, 28.364455199472353 ], [ -81.428933499529833, 28.364456604084008 ], [ -81.428930708582499, 28.364458048898857 ], [ -81.428927925881254, 28.364459538840027 ], [ -81.428925151116061, 28.364461078400016 ], [ -81.428922383849041, 28.364462671286784 ], [ -81.428919623459578, 28.364464320065132 ], [ -81.42891686910724, 28.364466025806998 ], [ -81.428914119715458, 28.364467787764486 ], [ -81.428911373977996, 28.364469603079311 ], [ -81.428908630389415, 28.364471466541453 ], [ -81.428905887299067, 28.364473370408415 ], [ -81.428903142987537, 28.364475304295162 ], [ -81.428900395763023, 28.364477255142219 ], [ -81.428897644074425, 28.364479207267443 ], [ -81.428894886636698, 28.36448114250403 ], [ -81.428892122563525, 28.36448304042451 ], [ -81.428889351502121, 28.36448487864784 ], [ -81.428886573763904, 28.364486633223404 ], [ -81.428883790445525, 28.364488279083442 ], [ -81.428881003534542, 28.3644897905526 ], [ -81.428878215994331, 28.364491141901251 ], [ -81.428875431823712, 28.364492307927424 ], [ -81.428872656087222, 28.364493264550724 ], [ -81.428869894913589, 28.364493989401034 ], [ -81.428867155460097, 28.364494462384311 ], [ -81.428864445842834, 28.364494666208138 ], [ -81.428861775033312, 28.364494586850654 ], [ -81.428859152723362, 28.364494213957794 ], [ -81.428856589161754, 28.364493541155774 ], [ -81.428854094966695, 28.364492566268037 ], [ -81.428851680919465, 28.364491291428717 ], [ -81.428849357745648, 28.364489723087765 ], [ -81.428847135890166, 28.364487871905919 ], [ -81.428845025293697, 28.364485752541313 ], [ -81.428843035177408, 28.364483383332647 ], [ -81.428841173843281, 28.364480785887096 ], [ -81.428839448496447, 28.364477984584166 ], [ -81.428837865095986, 28.364475006009172 ], [ -81.428836428238981, 28.364471878332502 ], [ -81.42883514108243, 28.364468630652368 ], [ -81.428834005305418, 28.364465292319856 ], [ -81.428833021113618, 28.364461892266014 ], [ -81.428832187286076, 28.364458458350338 ], [ -81.428831501262962, 28.364455016749517 ], [ -81.428830959271835, 28.364451591404091 ], [ -81.42883055648835, 28.364448203538934 ], [ -81.428830287226162, 28.36444487127083 ], [ -81.428830145149888, 28.36444160931423 ], [ -81.428830123504056, 28.364438428792692 ], [ -81.428830215350445, 28.364435337160458 ], [ -81.428830413805827, 28.364432338235172 ], [ -81.428830712272045, 28.364429432339097 ], [ -81.428831104650826, 28.364426616542957 ], [ -81.42883158553586, 28.364423885003337 ], [ -81.428832150375698, 28.364421229381549 ], [ -81.428832795601878, 28.364418639329575 ], [ -81.428833518718065, 28.364416103026478 ], [ -81.428834318347029, 28.364413607747405 ], [ -81.428835194233955, 28.364411140446279 ], [ -81.428836147206027, 28.364408688332993 ], [ -81.428837179089982, 28.364406239426444 ], [ -81.428838292590086, 28.364403783065484 ], [ -81.428839491131541, 28.364401310361504 ], [ -81.428840778674299, 28.364398814578411 ], [ -81.428842159504384, 28.364396291428303 ], [ -81.428843638009695, 28.364393739273869 ], [ -81.428845218448757, 28.364391159231861 ], [ -81.428846904720416, 28.3643885551752 ], [ -81.428848700142638, 28.364385933634505 ], [ -81.428850607248833, 28.364383303603571 ], [ -81.428852627608606, 28.364380676255845 ], [ -81.428854761679702, 28.364378064582446 ], [ -81.428857008696696, 28.364375482964295 ], [ -81.428859366600506, 28.364372946693365 ], [ -81.428861832011535, 28.364370471459441 ], [ -81.428864400247761, 28.364368072819808 ], [ -81.42886706538745, 28.364365765669852 ], [ -81.428869820374629, 28.364363563732283 ], [ -81.42887265716395, 28.364361479082035 ], [ -81.428875566900075, 28.36435952172252 ], [ -81.428878540125851, 28.364357699227245 ], [ -81.428881567012056, 28.364356016458455 ], [ -81.428884637600873, 28.364354475371961 ], [ -81.428887742055167, 28.364353074914334 ], [ -81.428890870904539, 28.364351811015688 ], [ -81.428894015280193, 28.364350676678118 ], [ -81.428897167130316, 28.364349662156695 ], [ -81.428900319408626, 28.364348755227194 ], [ -81.428903466229613, 28.364347941531584 ], [ -81.428906602985123, 28.364347204990295 ], [ -81.428909726418411, 28.364346528268108 ], [ -81.42891283465282, 28.364345893278774 ], [ -81.428915927174543, 28.364345281712655 ], [ -81.428919004769696, 28.364344675571058 ], [ -81.428922069418206, 28.364344057690648 ], [ -81.428925124148009, 28.364343412242501 ], [ -81.428928172854782, 28.364342725190586 ], [ -81.428931220093432, 28.364341984696601 ], [ -81.428934270848458, 28.364341181459576 ], [ -81.428937330291419, 28.364340308981326 ], [ -81.428940403533545, 28.364339363750691 ], [ -81.428943495382285, 28.36433834534288 ], [ -81.428946610110188, 28.364337256432368 ] ] ] } },
{ "type": "Feature", "properties": { "id": 86, "area_ha": 0.035926503992842827 }, "geometry": { "type": "Polygon", "coordinates": [ [ [ -81.430273848468644, 28.372963732094039 ], [ -81.430277484540781, 28.372963829507476 ], [ -81.430281272031948, 28.372964143806158 ], [ -81.430285209423545, 28.372964662416368 ], [ -81.43028929120527, 28.372965370597047 ], [ -81.430293507855637, 28.37296625194212 ], [ -81.430297845918389, 28.372967288931886 ], [ -81.430302288170594, 28.37296846351315 ], [ -81.430306813875859, 28.372969757686906 ], [ -81.430311399114601, 28.372971154082254 ], [ -81.430316017182065, 28.372972636495529 ], [ -81.4303206390436, 28.372974190375363 ], [ -81.430325233835859, 28.372975803236134 ], [ -81.430329769402647, 28.372977464985304 ], [ -81.430334212853609, 28.372979168153126 ], [ -81.430338531134296, 28.372980908017183 ], [ -81.430342691596493, 28.372982682618055 ], [ -81.430346662558406, 28.372984492666472 ], [ -81.430350413844977, 28.372986341346706 ], [ -81.430353917299314, 28.372988234024401 ], [ -81.430357147257595, 28.372990177871273 ], [ -81.430360080980194, 28.372992181421651 ], [ -81.430362699033296, 28.372994254078844 ], [ -81.430364985615981, 28.372996405591024 ], [ -81.430366928828775, 28.372998645517537 ], [ -81.430368520880378, 28.373000982706955 ], [ -81.430369758230484, 28.373003424807496 ], [ -81.430370641667082, 28.373005977829692 ], [ -81.430371176317465, 28.373008645778597 ], [ -81.430371371592642, 28.373011430370621 ], [ -81.430371241066283, 28.373014330846548 ], [ -81.430370802288664, 28.373017343888812 ], [ -81.430370076538196, 28.373020463646643 ], [ -81.430369088512606, 28.373023681869089 ], [ -81.430367865963333, 28.373026988141032 ], [ -81.430366439276966, 28.373030370213751 ], [ -81.43036484100854, 28.373033814417361 ], [ -81.430363105372493, 28.373037306139508 ], [ -81.430361267697435, 28.37304083035157 ], [ -81.430359363852332, 28.373044372161594 ], [ -81.430357429652091, 28.373047917372148 ], [ -81.430355500251693, 28.373051453020327 ], [ -81.430353609538599, 28.373054967877753 ], [ -81.430351789533844, 28.373058452889619 ], [ -81.430350069812647, 28.373061901533717 ], [ -81.430348476956013, 28.373065310083163 ], [ -81.430347034044601, 28.373068677760077 ], [ -81.430345760206137, 28.373072006771121 ], [ -81.430344670227228, 28.373075302220627 ], [ -81.430343774239816, 28.373078571900997 ], [ -81.430343077491372, 28.373081825965286 ], [ -81.430342580206826, 28.373085076491115 ], [ -81.430342277548277, 28.373088336949387 ], [ -81.430342159677053, 28.373091621595314 ], [ -81.430342211920163, 28.373094944802361 ], [ -81.430342415041153, 28.373098320362466 ], [ -81.430342745612634, 28.373101760777562 ], [ -81.430343176485295, 28.373105276568477 ], [ -81.430343677345491, 28.373108875627242 ], [ -81.430344215351269, 28.373112562637765 ], [ -81.430344755833886, 28.373116338588183 ], [ -81.430345263049816, 28.373120200395306 ], [ -81.430345700966711, 28.373124140658206 ], [ -81.430346034064712, 28.37312814755364 ], [ -81.430346228133914, 28.373132204881561 ], [ -81.430346251048036, 28.373136292263638 ], [ -81.430346073494249, 28.373140385492789 ], [ -81.430345669639877, 28.373144457025958 ], [ -81.430345017717514, 28.373148476607987 ], [ -81.430344100512144, 28.373152412008814 ], [ -81.4303429057356, 28.373156229852924 ], [ -81.430341426276982, 28.373159896515606 ], [ -81.430339660320158, 28.373163379058447 ], [ -81.430337611323608, 28.373166646174361 ], [ -81.430335287861183, 28.373169669111483 ], [ -81.430332703326428, 28.373172422545871 ], [ -81.43032987550697, 28.373174885373601 ], [ -81.43032682603976, 28.37317704139555 ], [ -81.430323579760767, 28.373178879870835 ], [ -81.43032016396721, 28.373180395919224 ], [ -81.430316607612255, 28.373181590757167 ], [ -81.430312940455167, 28.373182471757648 ], [ -81.4303091921917, 28.373183052329267 ], [ -81.430305391589869, 28.373183351616198 ], [ -81.430301565657544, 28.373183394026128 ], [ -81.430297738867154, 28.373183208599009 ], [ -81.430293932461666, 28.373182828234771 ], [ -81.430290163864413, 28.373182288802685 ], [ -81.430286446212051, 28.373181628159017 ], [ -81.430282788026901, 28.373180885102798 ], [ -81.430279193040974, 28.373180098301571 ], [ -81.430275660179319, 28.373179305220152 ], [ -81.430272183706037, 28.373178541085348 ], [ -81.430268753530783, 28.37317783791854 ], [ -81.430265355669249, 28.373177223666112 ], [ -81.43026197284577, 28.373176721454211 ], [ -81.430258585221665, 28.373176348990857 ], [ -81.430255171229092, 28.373176118133145 ], [ -81.430251708485883, 28.37317603463265 ], [ -81.430248174764571, 28.373176098065631 ], [ -81.430244548985868, 28.373176301949513 ], [ -81.430240812206264, 28.373176634040519 ], [ -81.430236948568052, 28.373177076801866 ], [ -81.430232946181647, 28.373177608026474 ], [ -81.430228797910502, 28.373178201593326 ], [ -81.430224502031834, 28.373178828332122 ], [ -81.430220062749669, 28.37317945696817 ], [ -81.430215490540107, 28.373180055116467 ], [ -81.430210802314278, 28.373180590293007 ], [ -81.430206021388543, 28.373181030910981 ], [ -81.430201177258098, 28.373181347230151 ], [ -81.430196305175386, 28.373181512229952 ], [ -81.430191445540444, 28.373181502379211 ], [ -81.430186643116599, 28.373181298279341 ], [ -81.430181946089633, 28.373180885162359 ], [ -81.430177404994112, 28.373180253229805 ], [ -81.430173071534412, 28.373179397824316 ], [ -81.430168997331805, 28.373178319431172 ], [ -81.430165232631495, 28.373177023512749 ], [ -81.430161825005356, 28.3731755201845 ], [ -81.430158818086511, 28.373173823746058 ], [ -81.430156250372022, 28.373171952085915 ], [ -81.430154154127806, 28.37316992598187 ], [ -81.430152554428219, 28.373167768322908 ], [ -81.430151468358673, 28.373165503280223 ], [ -81.430150904405764, 28.373163155456385 ], [ -81.430150862054347, 28.373160749042185 ], [ -81.430151331605046, 28.373158307009632 ], [ -81.430152294220093, 28.3731558503682 ], [ -81.430153722198753, 28.373153397508556 ], [ -81.430155579477415, 28.373150963654762 ], [ -81.430157822342835, 28.373148560441802 ], [ -81.430160400341606, 28.373146195630696 ], [ -81.430163257362793, 28.373143872968384 ], [ -81.430166332866293, 28.373141592194589 ], [ -81.430169563225292, 28.373139349192417 ], [ -81.43017288314762, 28.373137136274792 ], [ -81.430176227139512, 28.373134942593897 ], [ -81.43017953097295, 28.373132754656829 ], [ -81.430182733118912, 28.373130556927112 ], [ -81.430185776108985, 28.373128332489046 ], [ -81.430188607790257, 28.373126063749993 ], [ -81.430191182441646, 28.373123733154738 ], [ -81.430193461723448, 28.373121323886025 ], [ -81.430195415436643, 28.373118820526365 ], [ -81.43019702207414, 28.373116209657841 ], [ -81.430198269151774, 28.373113480379427 ], [ -81.430199153312799, 28.373110624724426 ], [ -81.430199680206314, 28.373107637964733 ], [ -81.430199864145763, 28.373104518792765 ], [ -81.430199727559867, 28.373101269376527 ], [ -81.43019930025369, 28.373097895288133 ], [ -81.430198618502445, 28.373094405310471 ], [ -81.430197724005225, 28.373090811131323 ], [ -81.430196662728491, 28.373087126938227 ], [ -81.430195483672506, 28.373083368930633 ], [ -81.430194237594847, 28.373079554769081 ], [ -81.430192975725802, 28.373075702983005 ], [ -81.430191748510055, 28.373071832359855 ], [ -81.430190604407471, 28.373067961339142 ], [ -81.430189588783719, 28.373064107434004 ], [ -81.430188742917878, 28.373060286701872 ], [ -81.430188103150684, 28.373056513283785 ], [ -81.430187700192292, 28.373052799028844 ], [ -81.430187558603805, 28.37304915321722 ], [ -81.430187696461232, 28.373045582391061 ], [ -81.430188125205575, 28.373042090298547 ], [ -81.430188849677208, 28.373038677952088 ], [ -81.430189868327432, 28.373035343797113 ], [ -81.43019117359583, 28.373032083984054 ], [ -81.430192752437065, 28.373028892731828 ], [ -81.430194586977294, 28.373025762768137 ], [ -81.430196655277385, 28.373022685828705 ], [ -81.430198932177703, 28.373019653195808 ], [ -81.430201390197453, 28.373016656254467 ], [ -81.430204000461174, 28.373013687044743 ], [ -81.430206733624999, 28.373010738788288 ], [ -81.430209560776106, 28.373007806368591 ], [ -81.430212454280237, 28.373004886746045 ], [ -81.430215388554998, 28.373001979291526 ], [ -81.430218340748965, 28.372999086025242 ], [ -81.430221291310218, 28.372996211751257 ], [ -81.430224224431782, 28.372993364081889 ], [ -81.430227128365118, 28.372990553350618 ], [ -81.430229995597045, 28.372987792415937 ], [ -81.430232822889593, 28.372985096363085 ], [ -81.430235611186063, 28.372982482114097 ], [ -81.430238365390395, 28.372979967960337 ], [ -81.430241094030094, 28.372977573034216 ], [ -81.430243808816329, 28.372975316739645 ], [ -81.430246524116527, 28.372973218161523 ], [ -81.430249256357385, 28.372971295476301 ], [ -81.430252023377165, 28.372969565384825 ], [ -81.430254843746866, 28.372968042588301 ], [ -81.430257736079867, 28.372966739326561 ], [ -81.430260718349714, 28.37296566499548 ], [ -81.430263807234098, 28.372964825857405 ], [ -81.430267017502189, 28.372964224855348 ], [ -81.430270361460259, 28.372963861537354 ], [ -81.430273848468644, 28.372963732094039 ] ] ] } },
{ "type": "Feature", "properties": { "id": 87, "area_ha": 0.016328447755072712 }, "geometry": { "type": "Polygon", "coordinates": [ [ [ -81.429317575806735, 28.373628121885424 ], [ -81.429320118300183, 28.373628317640613 ], [ -81.429322675465286, 28.373628563523535 ], [ -81.42932523976279, 28.373628852823654 ], [ -81.429327803624233, 28.373629178639398 ], [ -81.429330359669308, 28.3736295340832 ], [ -81.429332900914673, 28.373629912494987 ], [ -81.429335420967206, 28.373630307657148 ], [ -81.429337914195969, 28.373630714003689 ], [ -81.429340375877032, 28.37363112681609 ], [ -81.429342802306948, 28.373631542398897 ], [ -81.429345190881065, 28.37363195822828 ], [ -81.429347540134543, 28.373632373067586 ], [ -81.429349849744497, 28.373632787044972 ], [ -81.429352120493533, 28.373633201689167 ], [ -81.42935435419561, 28.373633619920998 ], [ -81.4293565535867, 28.37363404599941 ], [ -81.429358722183551, 28.373634485422521 ], [ -81.429360864115012, 28.373634944785639 ], [ -81.42936298393083, 28.373635431599727 ], [ -81.429365086394156, 28.373635954075151 ], [ -81.429367176263725, 28.373636520876889 ], [ -81.429369258072526, 28.37363714085852 ], [ -81.429371335909536, 28.373637822782978 ], [ -81.429373413211039, 28.373638575039081 ], [ -81.429375492568013, 28.373639405362642 ], [ -81.429377575554994, 28.373640320571415 ], [ -81.42937966258593, 28.373641326322794 ], [ -81.429381752800936, 28.373642426902283 ], [ -81.429383843987594, 28.373643625050363 ], [ -81.42938593253912, 28.373644921833844 ], [ -81.429388013450691, 28.373646316566692 ], [ -81.429390080354267, 28.373647806783559 ], [ -81.429392125590823, 28.37364938826779 ], [ -81.429394140318465, 28.373651055133674 ], [ -81.4293961146534, 28.373652799961118 ], [ -81.429398037839931, 28.373654613979042 ], [ -81.429399898445325, 28.373656487292187 ], [ -81.429401684574188, 28.3736584091446 ], [ -81.429403384097, 28.373660368211478 ], [ -81.429404984886801, 28.373662352910571 ], [ -81.429406475058343, 28.373664351722912 ], [ -81.429407843203464, 28.373666353512853 ], [ -81.429409078617041, 28.373668347836688 ], [ -81.429410171508408, 28.373670325230123 ], [ -81.42941111319287, 28.373672277464564 ], [ -81.429411896259495, 28.373674197764068 ], [ -81.429412514711089, 28.37367608097512 ], [ -81.429412964074075, 28.373677923683619 ], [ -81.429413241475743, 28.373679724274549 ], [ -81.429413345688118, 28.373681482932145 ], [ -81.429413277137911, 28.373683201579851 ], [ -81.429413037883151, 28.373684883761793 ], [ -81.429412631557867, 28.373686534468941 ], [ -81.429412063286762, 28.373688159915467 ], [ -81.429411339572439, 28.373689767272154 ], [ -81.42941046815875, 28.373691364365204 ], [ -81.429409457873504, 28.373692959350322 ], [ -81.429408318454691, 28.373694560372265 ], [ -81.429407060364412, 28.373696175221291 ], [ -81.429405694594877, 28.373697810997555 ], [ -81.429404232470475, 28.373699473794627 ], [ -81.429402685450512, 28.373701168412758 ], [ -81.429401064936101, 28.373702898111507 ], [ -81.429399382085307, 28.373704664410255 ], [ -81.429397647639661, 28.373706466943624 ], [ -81.429395871765053, 28.373708303376933 ], [ -81.429394063909385, 28.373710169385244 ], [ -81.429392232679206, 28.373712058697127 ], [ -81.429390385736639, 28.373713963202484 ], [ -81.429388529717912, 28.373715873121625 ], [ -81.429386670173798, 28.373717777230819 ], [ -81.429384811532458, 28.373719663137503 ], [ -81.429382957084158, 28.373721517597176 ], [ -81.429381108987457, 28.373723326862095 ], [ -81.42937926829579, 28.37372507705129 ], [ -81.429377435003346, 28.37372675453036 ], [ -81.429375608108558, 28.373728346289329 ], [ -81.429373785693784, 28.373729840306936 ], [ -81.429371965019257, 28.373731225889841 ], [ -81.429370142629253, 28.373732493976345 ], [ -81.42936831446859, 28.373733637395116 ], [ -81.429366476007274, 28.373734651070723 ], [ -81.429364622371153, 28.373735532169722 ], [ -81.429362748476507, 28.37373628018268 ], [ -81.429360849166187, 28.37373689693943 ], [ -81.429358919345447, 28.373737386557345 ], [ -81.429356954115121, 28.373737755323859 ], [ -81.429354948900141, 28.373738011517165 ], [ -81.429352899571384, 28.373738165170362 ], [ -81.429350802558744, 28.373738227786408 ], [ -81.4293486549536, 28.373738212012505 ], [ -81.429346454599113, 28.373738131283812 ], [ -81.429344200166156, 28.373737999447272 ], [ -81.42934189121388, 28.373737830376886 ], [ -81.4293395282332, 28.373737637591731 ], [ -81.429337112672442, 28.37373743388828 ], [ -81.429334646943929, 28.373737230997342 ], [ -81.429332134411013, 28.373737039275866 ], [ -81.429329579355525, 28.373736867442002 ], [ -81.42932698692546, 28.373736722360746 ], [ -81.429324363063429, 28.373736608885746 ], [ -81.429321714416872, 28.373736529760997 ], [ -81.429319048231264, 28.373736485584413 ], [ -81.429316372227987, 28.373736474833105 ], [ -81.429313694469087, 28.373736493948552 ], [ -81.429311023211454, 28.373736537477946 ], [ -81.429308366753347, 28.37373659826617 ], [ -81.429305733276479, 28.373736667691865 ], [ -81.42930313068706, 28.373736735939286 ], [ -81.429300566459887, 28.373736792297166 ], [ -81.429298047488743, 28.37373682547501 ], [ -81.42929557994745, 28.373736823926862 ], [ -81.429293169165021, 28.373736776172773 ], [ -81.429290819518627, 28.373736671108514 ], [ -81.429288534347705, 28.373736498294445 ], [ -81.429286315892071, 28.373736248215913 ], [ -81.42928416525632, 28.373735912508021 ], [ -81.429282082402693, 28.373735484139537 ], [ -81.429280066173277, 28.373734957551722 ], [ -81.429278114341955, 28.373734328749801 ], [ -81.429276223696149, 28.373733595346096 ], [ -81.429274390146745, 28.373732756555604 ], [ -81.429272608864551, 28.373731813146282 ], [ -81.429270874440562, 28.373730767347496 ], [ -81.42926918106626, 28.373729622721751 ], [ -81.4292675227302, 28.373728384005229 ], [ -81.429265893425722, 28.373727056924039 ], [ -81.429264287364916, 28.373725647993108 ], [ -81.429262699192947, 28.373724164305322 ], [ -81.429261124197126, 28.373722613318254 ], [ -81.429259558504768, 28.373721002645603 ], [ -81.429257999264337, 28.373719339860084 ], [ -81.429256444803997, 28.373717632313692 ], [ -81.429254894763062, 28.373715886980357 ], [ -81.429253350191615, 28.373714110325036 ], [ -81.429251813614698, 28.373712308202101 ], [ -81.429250289058416, 28.373710485784592 ], [ -81.429248782035913, 28.373708647524911 ], [ -81.429247299492729, 28.373706797146045 ], [ -81.429245849711791, 28.373704937661632 ], [ -81.429244442179254, 28.373703071421804 ], [ -81.429243087414378, 28.373701200181365 ], [ -81.429241796766377, 28.373699325185715 ], [ -81.429240582183482, 28.373697447269844 ], [ -81.429239455959333, 28.3736955669652 ], [ -81.429238430463187, 28.373693684609322 ], [ -81.429237517860557, 28.373691800453393 ], [ -81.429236729831715, 28.373689914762789 ], [ -81.429236077295272, 28.373688027906788 ], [ -81.429235570144428, 28.373686140433939 ], [ -81.429235217002798, 28.37368425313047 ], [ -81.429235025006776, 28.373682367059899 ], [ -81.429234999620505, 28.373680483583279 ], [ -81.42923514448853, 28.373678604359906 ], [ -81.429235461330762, 28.373676731329684 ], [ -81.429235949882752, 28.373674866679025 ], [ -81.429236607883198, 28.373673012792565 ], [ -81.429237431109712, 28.373671172194225 ], [ -81.429238413461732, 28.37366934748092 ], [ -81.429239547089011, 28.373667541252882 ], [ -81.429240822562519, 28.373665756044495 ], [ -81.429242229082945, 28.373663994259505 ], [ -81.429243754721824, 28.373662258114173 ], [ -81.429245386688606, 28.373660549591406 ], [ -81.429247111616675, 28.373658870408573 ], [ -81.429248915860512, 28.373657222000688 ], [ -81.429250785796327, 28.373655605520209 ], [ -81.429252708117687, 28.373654021853529 ], [ -81.42925467011851, 28.373652471653681 ], [ -81.429256659955868, 28.373650955387841 ], [ -81.429258666885303, 28.373649473397276 ], [ -81.429260681462978, 28.373648025967089 ], [ -81.429262695709056, 28.373646613402165 ], [ -81.429264703228398, 28.373645236105631 ], [ -81.42926669928589, 28.373643894655611 ], [ -81.429268680834483, 28.373642589876287 ], [ -81.429270646496292, 28.373641322899193 ], [ -81.429272596497512, 28.373640095211055 ], [ -81.429274532560129, 28.373638908684928 ], [ -81.42927645775373, 28.373637765592115 ], [ -81.429278376312595, 28.373636668592976 ], [ -81.429280293424043, 28.373635620705691 ], [ -81.429282214994231, 28.373634625252961 ], [ -81.429284147399215, 28.373633685787631 ], [ -81.429286097228314, 28.373632805999137 ], [ -81.429288071028068, 28.373631989603506 ], [ -81.429290075054013, 28.373631240220746 ], [ -81.429292115037768, 28.373630561243829 ], [ -81.429294195976226, 28.373629955704267 ], [ -81.429296321948797, 28.373629426139519 ], [ -81.429298495967828, 28.373628974467763 ], [ -81.429300719866305, 28.373628601875385 ], [ -81.429302994225523, 28.373628308722406 ], [ -81.42930531834449, 28.373628094470526 ], [ -81.429307690251207, 28.373627957637922 ], [ -81.429310106754855, 28.373627895783855 ], [ -81.429312563536641, 28.373627905525389 ], [ -81.429315055275893, 28.37362798258739 ], [ -81.429317575806735, 28.373628121885424 ] ] ] } },
{ "type": "Feature", "properties": { "id": 88, "area_ha": 0.020391049742226459 }, "geometry": { "type": "Polygon", "coordinates": [ [ [ -81.428341020063172, 28.374420334906787 ], [ -81.428343868920834, 28.374420925656722 ], [ -81.428346719297153, 28.374421568678873 ], [ -81.428349562937242, 28.374422256234649 ], [ -81.428352391629346, 28.37442298060272 ], [ -81.428355197518854, 28.374423734334261 ], [ -81.428357973406378, 28.374424510498891 ], [ -81.428360713017739, 28.374425302913341 ], [ -81.428363411234812, 28.37442610634595 ], [ -81.428366064277682, 28.374426916690609 ], [ -81.428368669829808, 28.374427731104717 ], [ -81.428371227100627, 28.374428548106852 ], [ -81.428373736821769, 28.374429367631127 ], [ -81.428376201175581, 28.374430191036488 ], [ -81.428378623657807, 28.374431021070613 ], [ -81.428381008877651, 28.374431861789329 ], [ -81.428383362302071, 28.374432718434054 ], [ -81.428385689952421, 28.374433597270759 ], [ -81.428387998063826, 28.374434505395339 ], [ -81.42839029271974, 28.374435450511033 ], [ -81.428392579474078, 28.374436440684676 ], [ -81.428394862975537, 28.374437484088837 ], [ -81.428397146607693, 28.374438588737622 ], [ -81.428399432158926, 28.374439762223844 ], [ -81.428401719535145, 28.374441011465358 ], [ -81.428404006527188, 28.374442342468033 ], [ -81.428406288643075, 28.374443760112236 ], [ -81.428408559013036, 28.37444526796909 ], [ -81.428410808373229, 28.374446868151875 ], [ -81.428413025131277, 28.37444856120683 ], [ -81.428415195513693, 28.374450346046359 ], [ -81.428417303793395, 28.374452219926784 ], [ -81.428419332591332, 28.374454178470909 ], [ -81.428421263245212, 28.374456215734913 ], [ -81.428423076234566, 28.374458324317448 ], [ -81.428424751650383, 28.374460495507776 ], [ -81.42842626969491, 28.374462719468752 ], [ -81.42842761119698, 28.374464985449254 ], [ -81.428428758126515, 28.374467282020237 ], [ -81.428429694092486, 28.37446959732754 ], [ -81.428430404808267, 28.374471919354619 ], [ -81.428430878509616, 28.374474236187744 ], [ -81.428431106311578, 28.374476536276575 ], [ -81.428431082492679, 28.374478808683001 ], [ -81.428430804696646, 28.374481043311569 ], [ -81.428430274044857, 28.374483231115597 ], [ -81.428429495155072, 28.374485364273642 ], [ -81.428428476065164, 28.374487436331815 ], [ -81.428427228063683, 28.374489442308835 ], [ -81.428425765431683, 28.374491378761284 ], [ -81.428424105103289, 28.374493243807965 ], [ -81.428422266255112, 28.374495037113405 ], [ -81.42842026983665, 28.374496759831427 ], [ -81.428418138055633, 28.374498414511041 ], [ -81.428415893834128, 28.374500004967761 ], [ -81.428413560251457, 28.37450153612426 ], [ -81.428411159990716, 28.374503013825159 ], [ -81.428408714805514, 28.374504444631295 ], [ -81.428406245022614, 28.374505835599088 ], [ -81.428403769095056, 28.374507194051279 ], [ -81.42840130321855, 28.374508527344823 ], [ -81.428398861022117, 28.374509842642301 ], [ -81.428396453340767, 28.374511146692509 ], [ -81.428394088076345, 28.374512445625612 ], [ -81.428391770148735, 28.374513744767924 ], [ -81.428389501537595, 28.374515048480475 ], [ -81.42838728141129, 28.374516360024987 ], [ -81.428385106337004, 28.374517681460013 ], [ -81.428382970563973, 28.374519013569174 ], [ -81.428380866368755, 28.374520355822618 ], [ -81.428378784450231, 28.374521706371773 ], [ -81.428376714360425, 28.374523062076964 ], [ -81.428374644955895, 28.374524418566402 ], [ -81.428372564855025, 28.374525770324432 ], [ -81.428370462885198, 28.374527110806302 ], [ -81.428368328506082, 28.37452843257616 ], [ -81.428366152194698, 28.374529727464644 ], [ -81.428363925781028, 28.374530986741835 ], [ -81.428361642723459, 28.37453220130141 ], [ -81.428359298316806, 28.374533361851665 ], [ -81.4283568898271, 28.374534459108894 ], [ -81.428354416550789, 28.374535483988936 ], [ -81.428351879797987, 28.374536427792815 ], [ -81.428349282802643, 28.374537282382573 ], [ -81.42834663056459, 28.374538040343932 ], [ -81.428343929630785, 28.374538695132628 ], [ -81.428341187825367, 28.374539241201781 ], [ -81.428338413939343, 28.374539674108281 ], [ -81.428335617392335, 28.374539990596251 ], [ -81.428332807879315, 28.374540188656663 ], [ -81.428329995015758, 28.374540267562232 ], [ -81.428327187994299, 28.374540227877493 ], [ -81.428324395265605, 28.374540071444148 ], [ -81.428321624254622, 28.374539801342511 ], [ -81.428318881122507, 28.374539421829844 ], [ -81.428316170582235, 28.374538938257331 ], [ -81.428313495773949, 28.374538356967026 ], [ -81.428310858203957, 28.374537685171099 ], [ -81.428308257748782, 28.374536930815381 ], [ -81.428305692723342, 28.374536102429825 ], [ -81.428303160009904, 28.37453520896846 ], [ -81.428300655242239, 28.374534259641504 ], [ -81.42829817303776, 28.374533263742698 ], [ -81.428295707268347, 28.374532230474664 ], [ -81.428293251359477, 28.374531168775238 ], [ -81.42829079860617, 28.374530087147985 ], [ -81.428288342494142, 28.374528993499641 ], [ -81.42828587701409, 28.374527894987533 ], [ -81.428283396957582, 28.374526797879753 ], [ -81.428280898183857, 28.37452570743087 ], [ -81.428278377847974, 28.374524627775561 ], [ -81.428275834582209, 28.374523561842601 ], [ -81.42827326862475, 28.374522511291222 ], [ -81.42827068189095, 28.374521476471585 ], [ -81.428268077985649, 28.374520456410732 ], [ -81.428265462156276, 28.374519448825076 ], [ -81.428262841189351, 28.374518450159979 ], [ -81.428260223254341, 28.374517455656413 ], [ -81.428257617701689, 28.374516459444393 ], [ -81.428255034822413, 28.374515454662099 ], [ -81.428252485578795, 28.374514433599245 ], [ -81.428249981316284, 28.374513387862613 ], [ -81.428247533467257, 28.374512308560984 ], [ -81.428245153257834, 28.374511186506549 ], [ -81.428242851428152, 28.374510012428924 ], [ -81.428240637976529, 28.374508777197761 ], [ -81.428238521936223, 28.374507472049608 ], [ -81.428236511192708, 28.374506088814051 ], [ -81.428234612347453, 28.374504620134399 ], [ -81.428232830632552, 28.374503059677735 ], [ -81.428231169878373, 28.37450140232944 ], [ -81.42822963253434, 28.374499644367248 ], [ -81.428228219741158, 28.374497783610256 ], [ -81.42822693145034, 28.374495819538829 ], [ -81.42822576658584, 28.374493753381582 ], [ -81.428224723239893, 28.374491588166599 ], [ -81.428223798895047, 28.374489328734455 ], [ -81.428222990662533, 28.374486981711769 ], [ -81.428222295527021, 28.374484555444678 ], [ -81.428221710587096, 28.37448205989266 ], [ -81.428221233281789, 28.374479506484192 ], [ -81.428220861593019, 28.374476907936604 ], [ -81.428220594215858, 28.374474278043373 ], [ -81.428220430688782, 28.374471631433391 ], [ -81.428220371478531, 28.374468983306897 ], [ -81.428220418015457, 28.374466349154225 ], [ -81.42822057267729, 28.374463744463483 ], [ -81.428220838721515, 28.374461184424007 ], [ -81.428221220168254, 28.37445868363281 ], [ -81.428221721637939, 28.37445625581088 ], [ -81.428222348149532, 28.374453913536627 ], [ -81.42822310488684, 28.374451668003005 ], [ -81.428223996941782, 28.374449528804753 ], [ -81.428225029044583, 28.374447503761079 ], [ -81.428226205291338, 28.374445598778848 ], [ -81.428227528879688, 28.37444381775969 ], [ -81.428229001863428, 28.374442162554118 ], [ -81.428230624935793, 28.374440632963726 ], [ -81.428232397250994, 28.374439226792003 ], [ -81.428234316291324, 28.374437939942563 ], [ -81.428236377786618, 28.374436766562585 ], [ -81.428238575689974, 28.374435699227814 ], [ -81.428240902212366, 28.37443472916457 ], [ -81.428243347916563, 28.374433846502928 ], [ -81.428245901867754, 28.374433040554649 ], [ -81.428248551837754, 28.374432300108463 ], [ -81.428251284555927, 28.37443161373487 ], [ -81.428254085999626, 28.374430970092593 ], [ -81.428256941714508, 28.374430358228221 ], [ -81.428259837154201, 28.374429767861248 ], [ -81.428262758028296, 28.374429189646953 ], [ -81.428265690646612, 28.374428615409819 ], [ -81.428268622248254, 28.374428038341648 ], [ -81.428271541303914, 28.374427453158976 ], [ -81.428274437781354, 28.374426856215717 ], [ -81.428277303364553, 28.37442624556833 ], [ -81.428280131618976, 28.374425620992056 ], [ -81.428282918097267, 28.374424983948089 ], [ -81.428285660381462, 28.374424337503111 ], [ -81.428288358060428, 28.374423686203922 ], [ -81.428291012643186, 28.374423035911065 ], [ -81.428293627411094, 28.374422393596753 ], [ -81.428296207214387, 28.374421767113205 ], [ -81.428298758219839, 28.374421164938422 ], [ -81.428301287618822, 28.374420595907139 ], [ -81.428303803305994, 28.374420068934924 ], [ -81.42830631354002, 28.374419592743745 ], [ -81.428308826598155, 28.37441917559714 ], [ -81.428311350437426, 28.374418825052746 ], [ -81.428313892373936, 28.374418547739609 ], [ -81.428316458791812, 28.374418349166639 ], [ -81.42831905489227, 28.374418233567869 ], [ -81.428321684491124, 28.374418203788835 ], [ -81.428324349872298, 28.374418261217222 ], [ -81.428327051701771, 28.37441840575978 ], [ -81.428329789005176, 28.374418635865482 ], [ -81.428332559209053, 28.374418948594421 ], [ -81.428335358243899, 28.374419339729577 ], [ -81.428338180704827, 28.374419803928056 ], [ -81.428341020063172, 28.374420334906787 ] ] ] } },
{ "type": "Feature", "properties": { "id": 89, "area_ha": 0.013395272030984111 }, "geometry": { "type": "Polygon", "coordinates": [ [ [ -81.428035979848715, 28.374582428174474 ], [ -81.42803752485743, 28.374583424338528 ], [ -81.428038881991569, 28.374584562118823 ], [ -81.428040045796379, 28.374585835129235 ], [ -81.428041014048759, 28.374587235976662 ], [ -81.42804178777638, 28.374588756432001 ], [ -81.428042371185924, 28.374590387610251 ], [ -81.428042771502575, 28.374592120153967 ], [ -81.428042998726355, 28.374593944415029 ], [ -81.42804306531302, 28.374595850629277 ], [ -81.428042985789816, 28.374597829079669 ], [ -81.42804277631798, 28.374599870243806 ], [ -81.428042454216211, 28.374601964922583 ], [ -81.428042037459278, 28.374604104347394 ], [ -81.428041544167897, 28.374606280264381 ], [ -81.428040992104869, 28.374608484994955 ], [ -81.42804039819319, 28.374610711472666 ], [ -81.428039778069959, 28.374612953257497 ], [ -81.42803914568961, 28.374615204529306 ], [ -81.428038512987357, 28.374617460062829 ], [ -81.428037889612241, 28.374619715187187 ], [ -81.428037282736611, 28.374621965733365 ], [ -81.428036696946435, 28.374624207973241 ], [ -81.428036134213968, 28.374626438553889 ], [ -81.428035593951847, 28.374628654431049 ], [ -81.428035073145196, 28.374630852804994 ], [ -81.428034566555482, 28.374633031062281 ], [ -81.428034066988147, 28.374635186725829 ], [ -81.428033565613646, 28.37463731741579 ], [ -81.428033052330562, 28.374639420822508 ], [ -81.428032516157856, 28.374641494692533 ], [ -81.428031945642886, 28.37464353682795 ], [ -81.428031329271633, 28.374645545098328 ], [ -81.42803065586763, 28.374647517464293 ], [ -81.428029914967141, 28.374649452010882 ], [ -81.428029097158543, 28.374651346988433 ], [ -81.428028194376424, 28.374653200858432 ], [ -81.428027200141457, 28.374655012341321 ], [ -81.428026109740188, 28.374656780463361 ], [ -81.428024920340107, 28.374658504599342 ], [ -81.428023631038869, 28.374660184508411 ], [ -81.428022242847391, 28.374661820360316 ], [ -81.428020758609847, 28.374663412749797 ], [ -81.428019182865555, 28.374664962697551 ], [ -81.428017521658759, 28.37466647163636 ], [ -81.428015782305224, 28.374667941382164 ], [ -81.428013973124521, 28.374669374089983 ], [ -81.42801210314893, 28.374670772195621 ], [ -81.428010181819246, 28.374672138344653 ], [ -81.428008218679224, 28.374673475310704 ], [ -81.428006223078697, 28.374674785905647 ], [ -81.428004203895838, 28.374676072884768 ], [ -81.428002169287623, 28.37467733885024 ], [ -81.42800012647605, 28.374678586156353 ], [ -81.42799808157659, 28.374679816820166 ], [ -81.427996039473186, 28.374681032440936 ], [ -81.42799400374254, 28.374682234131658 ], [ -81.427991976628334, 28.374683422465299 ], [ -81.427989959064476, 28.374684597438463 ], [ -81.427987950744239, 28.374685758453726 ], [ -81.427985950230891, 28.374686904322097 ], [ -81.427983955103969, 28.374688033285636 ], [ -81.427981962133998, 28.37468914305996 ], [ -81.427979967477881, 28.374690230895219 ], [ -81.427977966886488, 28.374691293653747 ], [ -81.427975955915926, 28.374692327901695 ], [ -81.427973930134101, 28.374693330011372 ], [ -81.427971885314605, 28.374694296270704 ], [ -81.427969817610844, 28.374695222995818 ], [ -81.427967723704484, 28.374696106642347 ], [ -81.427965600923258, 28.37469694391142 ], [ -81.427963447325013, 28.374697731846204 ], [ -81.427961261746105, 28.374698467914921 ], [ -81.427959043814013, 28.374699150077319 ], [ -81.427956793925631, 28.374699776831505 ], [ -81.427954513193882, 28.37470034723917 ], [ -81.427952203367184, 28.374700860927803 ], [ -81.427949866726721, 28.374701318069437 ], [ -81.427947505968078, 28.374701719336464 ], [ -81.427945124073844, 28.374702065835599 ], [ -81.427942724184263, 28.374702359022493 ], [ -81.4279403094733, 28.374702600599665 ], [ -81.427937883036734, 28.37470279240171 ], [ -81.42793544779849, 28.374702936271934 ], [ -81.427933006440611, 28.374703033935063 ], [ -81.427930561360867, 28.374703086871303 ], [ -81.427928114661057, 28.37470309619648 ], [ -81.427925668167276, 28.374703062553568 ], [ -81.427923223482182, 28.374702986020139 ], [ -81.427920782067346, 28.374702866036142 ], [ -81.427918345352822, 28.374702701355535 ], [ -81.42791591486916, 28.374702490024781 ], [ -81.427913492396286, 28.374702229390081 ], [ -81.427911080122357, 28.374701916134441 ], [ -81.427908680805089, 28.374701546344472 ], [ -81.427906297927933, 28.374701115605863 ], [ -81.427903935842551, 28.374700619125232 ], [ -81.42790159989022, 28.374700051875454 ], [ -81.427899296494786, 28.374699408759987 ], [ -81.427897033220503, 28.37469868479171 ], [ -81.427894818789838, 28.3746978752804 ], [ -81.427892663057108, 28.374696976023106 ], [ -81.427890576935681, 28.374695983490991 ], [ -81.427888572278235, 28.374694895006336 ], [ -81.427886661711142, 28.374693708903525 ], [ -81.427884858426125, 28.374692424668289 ], [ -81.4278831759338, 28.374691043049687 ], [ -81.427881627785609, 28.374689566140677 ], [ -81.427880227271757, 28.374687997423333 ], [ -81.427878987104393, 28.374686341776496 ], [ -81.427877919095494, 28.37468460544429 ], [ -81.427877033840318, 28.374682795965448 ], [ -81.427876340416532, 28.374680922064524 ], [ -81.427875846109757, 28.374678993507334 ], [ -81.427875556175238, 28.37467702092416 ], [ -81.427875473644221, 28.374675015605305 ], [ -81.42787559918338, 28.37467298927438 ], [ -81.427875931012366, 28.374670953845897 ], [ -81.427876464884633, 28.374668921173743 ], [ -81.427877194133117, 28.374666902797966 ], [ -81.427878109781375, 28.37466490969711 ], [ -81.427879200717811, 28.374662952053406 ], [ -81.427880453929035, 28.374661039037697 ], [ -81.427881854786293, 28.374659178620497 ], [ -81.427883387376653, 28.374657377414682 ], [ -81.427885034869831, 28.374655640554398 ], [ -81.427886779909343, 28.374653971613849 ], [ -81.427888605016562, 28.374652372568043 ], [ -81.427890492995218, 28.374650843796651 ], [ -81.427892427323783, 28.374649384130503 ], [ -81.427894392523967, 28.374647990939025 ], [ -81.427896374493415, 28.374646660255877 ], [ -81.42789836079281, 28.374645386938344 ], [ -81.42790034087804, 28.374644164855557 ], [ -81.427902306270838, 28.374642987099453 ], [ -81.427904250662564, 28.374641846211663 ], [ -81.427906169948514, 28.374640734419351 ], [ -81.427908062192145, 28.374639643872396 ], [ -81.427909927521284, 28.374638566874776 ], [ -81.42791176796031, 28.374637496102935 ], [ -81.427913587204969, 28.374636424804631 ], [ -81.42791539034765, 28.374635346972241 ], [ -81.427917183563764, 28.374634257485791 ], [ -81.42791897376982, 28.374633152221538 ], [ -81.427920768266233, 28.374632028123553 ], [ -81.427922574376808, 28.374630883236751 ], [ -81.427924399098501, 28.374629716701342 ], [ -81.427926248773517, 28.374628528709646 ], [ -81.427928128795386, 28.374627320427965 ], [ -81.427930043359709, 28.374626093886832 ], [ -81.427931995268082, 28.374624851844406 ], [ -81.427933985792365, 28.374623597628517 ], [ -81.427936014603787, 28.37462233496343 ], [ -81.427938079769461, 28.374621067788127 ], [ -81.427940177816126, 28.374619800072765 ], [ -81.427942303858714, 28.374618535640479 ], [ -81.427944451788647, 28.374617278000859 ], [ -81.427946614515065, 28.37461603020154 ], [ -81.427948784249665, 28.374614794703252 ], [ -81.427950952824517, 28.374613573282975 ], [ -81.427953112030906, 28.374612366968865 ], [ -81.427955253966147, 28.37461117600941 ], [ -81.427957371375385, 28.374609999878082 ], [ -81.427959457974694, 28.374608837313335 ], [ -81.42796150874328, 28.374607686392945 ], [ -81.427963520172753, 28.374606544639875 ], [ -81.427965490463095, 28.374605409156366 ], [ -81.427967419657264, 28.374604276781394 ], [ -81.427969309707422, 28.374603144266167 ], [ -81.427971164469398, 28.374602008461487 ], [ -81.427972989623242, 28.374600866510477 ], [ -81.427974792521539, 28.374599716039793 ], [ -81.427976581968707, 28.374598555342722 ], [ -81.427978367937897, 28.374597383547371 ], [ -81.427980161233577, 28.374596200764124 ], [ -81.427981973110676, 28.374595008206811 ], [ -81.42798381486223, 28.374593808282956 ], [ -81.427985697389474, 28.374592604649791 ], [ -81.427987630768101, 28.374591402233129 ], [ -81.427989623826093, 28.374590207208264 ], [ -81.427991683747237, 28.374589026942491 ], [ -81.427993815714473, 28.374587869900651 ], [ -81.427996022605697, 28.374586745515941 ], [ -81.427998304753672, 28.374585664029446 ], [ -81.428000659778789, 28.374584636302924 ], [ -81.428003082502116, 28.37458367361009 ], [ -81.428005564942893, 28.374582787412141 ], [ -81.428008096402451, 28.374581989124369 ], [ -81.428010663633188, 28.374581289879913 ], [ -81.428013251089055, 28.374580700297912 ], [ -81.428015841250726, 28.374580230262083 ], [ -81.428018415016552, 28.374579888716141 ], [ -81.428020952148103, 28.374579683481453 ], [ -81.428023431757154, 28.37457962110172 ], [ -81.4280258328196, 28.374579706718649 ], [ -81.428028134701009, 28.374579943981384 ], [ -81.428030317677468, 28.374580334991645 ], [ -81.428032363436415, 28.374580880285205 ], [ -81.428034255541661, 28.374581578849291 ], [ -81.428035979848715, 28.374582428174474 ] ] ] } },
{ "type": "Feature", "properties": { "id": 90, "area_ha": 0.010962877632177247 }, "geometry": { "type": "Polygon", "coordinates": [ [ [ -81.427759632392849, 28.374682251980101 ], [ -81.427761970491346, 28.37468231529645 ], [ -81.427764303964395, 28.374682425331397 ], [ -81.427766626248285, 28.374682582304899 ], [ -81.427768931064946, 28.374682786761863 ], [ -81.427771212629935, 28.374683039467524 ], [ -81.427773465855225, 28.374683341293078 ], [ -81.427775686537871, 28.374683693096937 ], [ -81.427777871525848, 28.374684095607041 ], [ -81.427780018852999, 28.374684549309961 ], [ -81.427782127835783, 28.374685054351584 ], [ -81.427784199125725, 28.374685610454168 ], [ -81.427786234712997, 28.374686216853533 ], [ -81.427788237878119, 28.374686872259218 ], [ -81.427790213090901, 28.374687574839786 ], [ -81.427792165857355, 28.374688322233908 ], [ -81.427794102517609, 28.374689111587116 ], [ -81.427796029999584, 28.374689939612811 ], [ -81.427797955535212, 28.374690802675079 ], [ -81.427799886347415, 28.37469169688999 ], [ -81.427801829317758, 28.374692618241141 ], [ -81.427803790645214, 28.374693562704596 ], [ -81.427805775507935, 28.374694526377848 ], [ -81.427807787739681, 28.374695505607349 ], [ -81.427809829532535, 28.374696497108857 ], [ -81.427811901177435, 28.374697498075371 ], [ -81.427814000852706, 28.374698506267578 ], [ -81.427816124469501, 28.374699520082551 ], [ -81.427818265581863, 28.3747005385972 ], [ -81.427820415366611, 28.374701561583919 ], [ -81.427822562676482, 28.374702589497019 ], [ -81.427824694167342, 28.374703623429671 ], [ -81.427826794498188, 28.37470466504228 ], [ -81.427828846599908, 28.374705716464383 ], [ -81.427830832006606, 28.374706780173366 ], [ -81.427832731241224, 28.374707858854102 ], [ -81.427834524244901, 28.374708955244781 ], [ -81.427836190838335, 28.37471007197454 ], [ -81.427837711201832, 28.37471121139933 ], [ -81.427839066359994, 28.37471237544235 ], [ -81.427840238656742, 28.374713565445635 ], [ -81.427841212206076, 28.374714782039003 ], [ -81.427841973305107, 28.374716025032079 ], [ -81.427842510796467, 28.374717293334374 ], [ -81.427842816368525, 28.374718584907548 ], [ -81.427842884784368, 28.374719896752772 ], [ -81.427842714031769, 28.374721224934888 ], [ -81.427842305389561, 28.374722564643765 ], [ -81.427841663407733, 28.374723910291902 ], [ -81.427840795801828, 28.37472525564586 ], [ -81.427839713264405, 28.374726593987852 ], [ -81.427838429199426, 28.374727918302668 ], [ -81.427836959387349, 28.374729221483932 ], [ -81.427835321591047, 28.374730496553067 ], [ -81.427833535114843, 28.374731736883358 ], [ -81.427831620329755, 28.374732936421509 ], [ -81.427829598179571, 28.374734089898709 ], [ -81.427827489682613, 28.37473519302366 ], [ -81.427825315444238, 28.374736242650126 ], [ -81.427823095194597, 28.374737236912747 ], [ -81.427820847364998, 28.374738175325344 ], [ -81.427818588715624, 28.374739058837619 ], [ -81.427816334024257, 28.374739889846978 ], [ -81.427814095845022, 28.374740672164297 ], [ -81.427811884342546, 28.374741410933375 ], [ -81.427809707205128, 28.37474211250602 ], [ -81.427807569637608, 28.374742784275718 ], [ -81.427805474431835, 28.374743434474816 ], [ -81.42780342211023, 28.374744071940913 ], [ -81.427801411135619, 28.374744705859968 ], [ -81.42779943817807, 28.374745345493857 ], [ -81.427797498428006, 28.374745999901272 ], [ -81.427795585943159, 28.374746677660852 ], [ -81.427793694016259, 28.374747386605804 ], [ -81.427791815549455, 28.37474813357872 ], [ -81.42778994342207, 28.37474892421476 ], [ -81.427788070837892, 28.374749762760821 ], [ -81.427786191640024, 28.374750651936672 ], [ -81.427784300582204, 28.374751592843136 ], [ -81.42778239354729, 28.37475258492066 ], [ -81.427780467705816, 28.37475362595983 ], [ -81.427778521609881, 28.374754712164084 ], [ -81.427776555219737, 28.374755838262484 ], [ -81.427774569863772, 28.374756997669373 ], [ -81.427772568134131, 28.374758182685582 ], [ -81.42777055372342, 28.374759384734823 ], [ -81.427768531209992, 28.374760594627368 ], [ -81.427766505800761, 28.374761802842393 ], [ -81.42776448304312, 28.374762999819467 ], [ -81.427762468517457, 28.374764176249446 ], [ -81.427760467523797, 28.37476532335501 ], [ -81.427758484775381, 28.374766433151162 ], [ -81.427756524112326, 28.374767498677024 ], [ -81.427754588247737, 28.374768514190748 ], [ -81.427752678557283, 28.37476947532096 ], [ -81.427750794922076, 28.374770379169391 ], [ -81.427748935632351, 28.374771224360995 ], [ -81.427747097357454, 28.374772011039777 ], [ -81.427745275185529, 28.374772740810176 ], [ -81.427743462732735, 28.374773416625935 ], [ -81.427741652320606, 28.374774042629991 ], [ -81.427739835216329, 28.37477462395081 ], [ -81.4277380019292, 28.374775166461948 ], [ -81.427736142553854, 28.37477567651294 ], [ -81.427734247149246, 28.37477616064081 ], [ -81.427732306140584, 28.374776625271952 ], [ -81.427730310730738, 28.374777076424756 ], [ -81.427728253306668, 28.374777519423187 ], [ -81.427726127826475, 28.374777958631462 ], [ -81.427723930173201, 28.374778397219 ], [ -81.42772165846209, 28.374778836964232 ], [ -81.427719313289472, 28.37477927810421 ], [ -81.427716897913569, 28.374779719235793 ], [ -81.427714418358889, 28.374780157272255 ], [ -81.427711883439002, 28.374780587457408 ], [ -81.427709304694702, 28.374781003437537 ], [ -81.427706696247427, 28.374781397389206 ], [ -81.427704074570585, 28.374781760199483 ], [ -81.427701458184103, 28.374782081693144 ], [ -81.427698867280043, 28.374782350899881 ], [ -81.427696323289524, 28.374782556353189 ], [ -81.427693848402953, 28.374782686411635 ], [ -81.427691465057549, 28.374782729592145 ], [ -81.427689195406771, 28.374782674904939 ], [ -81.427687060787477, 28.374782512179216 ], [ -81.427685081200309, 28.374782232369348 ], [ -81.427683274818961, 28.374781827831686 ], [ -81.427681657542578, 28.374781292563117 ], [ -81.427680242604836, 28.374780622393896 ], [ -81.427679040250922, 28.374779815128345 ], [ -81.427678057492173, 28.374778870629289 ], [ -81.427677297945223, 28.374777790843293 ], [ -81.427676761759884, 28.374776579766198 ], [ -81.427676445638042, 28.374775243350104 ], [ -81.427676342941851, 28.374773789354766 ], [ -81.427676443887918, 28.374772227148419 ], [ -81.42767673582081, 28.374770567464516 ], [ -81.427677203557437, 28.374768822121922 ], [ -81.427677829791222, 28.374767003717952 ], [ -81.427678595543966, 28.374765125303711 ], [ -81.427679480651534, 28.374763200052147 ], [ -81.427680464268718, 28.374761240929068 ], [ -81.427681525378773, 28.374759260377697 ], [ -81.427682643292513, 28.374757270025945 ], [ -81.427683798123269, 28.374755280425664 ], [ -81.427684971224338, 28.37475330083139 ], [ -81.427686145577525, 28.374751339024922 ], [ -81.427687306123005, 28.374749401190495 ], [ -81.427688440022749, 28.374747491843731 ], [ -81.427689536852014, 28.374745613815385 ], [ -81.427690588716146, 28.374743768289537 ], [ -81.427691590291857, 28.374741954893896 ], [ -81.427692538794986, 28.37474017183802 ], [ -81.427693433878815, 28.374738416094168 ], [ -81.427694277469143, 28.374736683613854 ], [ -81.4276950735442, 28.374734969572142 ], [ -81.427695827868845, 28.374733268631132 ], [ -81.427696547693714, 28.374731575213389 ], [ -81.427697241430621, 28.374729883775945 ], [ -81.427697918316042, 28.374728189075856 ], [ -81.427698588074193, 28.374726486418378 ], [ -81.427699260590558, 28.374724771879972 ], [ -81.42769994560642, 28.374723042499074 ], [ -81.427700652443178, 28.374721296428916 ], [ -81.427701389763925, 28.374719533048065 ], [ -81.427702165378207, 28.374717753025891 ], [ -81.427702986093735, 28.374715958341689 ], [ -81.427703857617288, 28.374714152257919 ], [ -81.427704784504542, 28.374712339249431 ], [ -81.42770577015736, 28.374710524892237 ], [ -81.427706816864671, 28.374708715716388 ], [ -81.427707925882174, 28.374706919029023 ], [ -81.427709097544181, 28.374705142714184 ], [ -81.427710331400434, 28.374703395016965 ], [ -81.427711626370012, 28.374701684319696 ], [ -81.427712980903593, 28.374700018918102 ], [ -81.427714393146275, 28.374698406805066 ], [ -81.427715861092537, 28.374696855469367 ], [ -81.427717382726684, 28.374695371715703 ], [ -81.427718956142058, 28.374693961511831 ], [ -81.42772057963424, 28.374692629867148 ], [ -81.427722251764635, 28.374691380746096 ], [ -81.427723971392311, 28.374690217018159 ], [ -81.427725737673754, 28.374689140445177 ], [ -81.42772755003125, 28.374688151704888 ], [ -81.427729408093228, 28.374687250448936 ], [ -81.42773131160979, 28.374686435391656 ], [ -81.427733260349257, 28.374685704425403 ], [ -81.427735253981467, 28.374685054757322 ], [ -81.427737291954884, 28.374684483061429 ], [ -81.427739373374607, 28.374683985639855 ], [ -81.427741496888373, 28.374683558586788 ], [ -81.427743660587865, 28.374683197948631 ], [ -81.427745861931129, 28.374682899874411 ], [ -81.427748097692046, 28.374682660750953 ], [ -81.42775036394076, 28.374682477317894 ], [ -81.427752656058288, 28.374682346758927 ], [ -81.42775496878653, 28.374682266766275 ], [ -81.427757296313658, 28.374682235576945 ], [ -81.427759632392849, 28.374682251980101 ] ] ] } }
]
}
