{"type": "FeatureCollection", "crs": {"type": "name", "properties": {"name": "EPSG:4326"}}, "features": [{"type": "Feature", "geometry": {"type": "Polygon", "coordinates": [[[-81.4359296, 28.3680653], [-81.435848, 28.3674453], [-81.4360392, 28.3674258], [-81.436006, 28.3671742], [-81.4353349, 28.3672427], [-81.4353253, 28.3671703], [-81.4358695, 28.3671148], [-81.435834, 28.3668446], [-81.4347142, 28.3669588], [-81.4347395, 28.3671515], [-81.4345606, 28.3671698], [-81.4346985, 28.3682174], [-81.4351809, 28.3681683], [-81.4351909, 28.368244], [-81.435477, 28.3682148], [-81.4354636, 28.3681128], [-81.4359296, 28.3680653]]]}, "properties": {"osm_id": 130427738, "osm_type": "way", "building": "yes", "name": null}}, {"type": "Feature", "geometry": {"type": "Polygon", "coordinates": [[[-81.4305898, 28.3655068], [-81.4304932, 28.3653864], [-81.430398, 28.3654395], [-81.4304141, 28.3654631], [-81.4304034, 28.3654679], [-81.4304463, 28.3655269], [-81.4304637, 28.3655186], [-81.4304785, 28.3655457], [-81.430504, 28.3655339], [-81.4305093, 28.3655457], [-81.4305281, 28.3655363], [-81.4305375, 28.365541], [-81.4305898, 28.3655068]]]}, "properties": {"osm_id": 229611189, "osm_type": "way", "building": "yes", "name": "Urbana Clubhouse"}}, {"type": "Feature", "geometry": {"type": "Polygon", "coordinates": [[[-81.4305031, 28.3657202], [-81.4305541, 28.3660034], [-81.4316645, 28.3658146], [-81.4315975, 28.3655361], [-81.4305031, 28.3657202]]]}, "properties": {"osm_id": 234305767, "osm_type": "way", "building": "yes", "name": "Urbana Building 1"}}, {"type": "Feature", "geometry": {"type": "Polygon", "coordinates": [[[-81.4300836, 28.3652195], [-81.4309054, 28.3647124], [-81.4312595, 28.3651325], [-81.431289, 28.3651136], [-81.4313373, 28.3651655], [-81.4313185, 28.3651797], [-81.4313963, 28.3652741], [-81.4313507, 28.3653024], [-81.4313051, 28.3652529], [-81.4311288, 28.3653433], [-81.4311546, 28.3653811], [-81.4310899, 28.3654098], [-81.4308365, 28.3651123], [-81.4302747, 28.3654428], [-81.4300836, 28.3652195]]]}, "properties": {"osm_id": 234305992, "osm_type": "way", "building": "yes", "name": "Urbana Building 2"}}, {"type": "Feature", "geometry": {"type": "Polygon", "coordinates": [[[-81.4264383, 28.367389], [-81.4263948, 28.3672088], [-81.4262756, 28.3672311], [-81.426241, 28.367088], [-81.4261255, 28.3671096], [-81.4261594, 28.3672498], [-81.4261205, 28.3672571], [-81.4261647, 28.3674402], [-81.4264383, 28.367389]]]}, "properties": {"osm_id": 287794891, "osm_type": "way", "building": "yes", "name": "PNC Bank"}}, {"type": "Feature", "geometry": {"type": "Polygon", "coordinates": [[[-81.4261884, 28.3668204], [-81.4259309, 28.3661856], [-81.4258719, 28.3662068], [-81.4258558, 28.3661726], [-81.4258048, 28.3661903], [-81.4258223, 28.3662269], [-81.4257297, 28.3662587], [-81.4258129, 28.3664617], [-81.4258156, 28.3665113], [-81.4258236, 28.3665608], [-81.4258451, 28.3666175], [-81.425896, 28.36668], [-81.4259792, 28.3668853], [-81.4261884, 28.3668204]]]}, "properties": {"osm_id": 287794896, "osm_type": "way", "building": "yes", "name": null}}, {"type": "Feature", "geometry": {"type": "Polygon", "coordinates": [[[-81.4259302, 28.3658472], [-81.4257991, 28.3659017], [-81.4258241, 28.3659483], [-81.425631, 28.3660286], [-81.4255581, 28.3658929], [-81.4255701, 28.3658587], [-81.425726, 28.3657939], [-81.4257367, 28.3658139], [-81.4258802, 28.3657542], [-81.4259302, 28.3658472]]]}, "properties": {"osm_id": 287794902, "osm_type": "way", "building": "yes", "name": null}}, {"type": "Feature", "geometry": {"type": "Polygon", "coordinates": [[[-81.4229278, 28.3685319], [-81.4230397, 28.3682747], [-81.4231277, 28.3682538], [-81.4231095, 28.3681945], [-81.4230666, 28.3681909], [-81.4230062, 28.3680455], [-81.4228578, 28.3680932], [-81.4228829, 28.3681536], [-81.4228059, 28.3681783], [-81.4228386, 28.368257], [-81.4227457, 28.3684705], [-81.4229278, 28.3685319]]]}, "properties": {"osm_id": 287807302, "osm_type": "way", "building": "yes", "name": "Arium Hunter's Creek"}}, {"type": "Feature", "geometry": {"type": "Polygon", "coordinates": [[[-81.4229546, 28.3660065], [-81.4229403, 28.3659742], [-81.4229273, 28.3659787], [-81.4228764, 28.3658641], [-81.4228924, 28.3658586], [-81.4228772, 28.3658243], [-81.4229509, 28.365799], [-81.4229568, 28.3658121], [-81.4230137, 28.3657926], [-81.4230068, 28.365777], [-81.4230926, 28.3657475], [-81.4231051, 28.3657755], [-81.4231143, 28.3657724], [-81.4231678, 28.3658928], [-81.4231567, 28.3658966], [-81.4231704, 28.3659274], [-81.4230923, 28.3659542], [-81.4230877, 28.365944], [-81.423027, 28.3659648], [-81.4230334, 28.3659794], [-81.4229546, 28.3660065]]]}, "properties": {"osm_id": 287891169, "osm_type": "way", "building": "apartments", "name": null}}, {"type": "Feature", "geometry": {"type": "Polygon", "coordinates": [[[-81.4238037, 28.3664217], [-81.4237279, 28.3664513], [-81.4237218, 28.3664392], [-81.4236962, 28.3664492], [-81.4237022, 28.3664612], [-81.4236241, 28.3664917], [-81.4236093, 28.3664622], [-81.4235935, 28.3664684], [-81.4235355, 28.3663533], [-81.423547, 28.3663488], [-81.423533, 28.3663209], [-81.4236113, 28.3662904], [-81.4236155, 28.3662988], [-81.4236409, 28.3662889], [-81.4236363, 28.3662799], [-81.4237147, 28.3662493], [-81.4237265, 28.3662726], [-81.4237382, 28.3662681], [-81.4237984, 28.3663874], [-81.4237883, 28.3663913], [-81.4238037, 28.3664217]]]}, "properties": {"osm_id": 287891175, "osm_type": "way", "building": "apartments", "name": null}}, {"type": "Feature", "geometry": {"type": "Polygon", "coordinates": [[[-81.4238347, 28.3669235], [-81.423872, 28.3669123], [-81.4238675, 28.3669006], [-81.4239998, 28.3668608], [-81.4240053, 28.366875], [-81.4240448, 28.3668631], [-81.4240705, 28.366929], [-81.4240553, 28.3669336], [-81.4240751, 28.3669845], [-81.4240931, 28.3669791], [-81.424123, 28.3670558], [-81.4240906, 28.3670655], [-81.4240938, 28.3670738], [-81.4239548, 28.3671157], [-81.4239509, 28.3671058], [-81.4239154, 28.3671165], [-81.4238882, 28.3670467], [-81.4239001, 28.3670431], [-81.423879, 28.3669888], [-81.4238621, 28.3669939], [-81.4238347, 28.3669235]]]}, "properties": {"osm_id": 287891178, "osm_type": "way", "building": "apartments", "name": null}}, {"type": "Feature", "geometry": {"type": "Polygon", "coordinates": [[[-81.4227449, 28.3676221], [-81.4227306, 28.3675898], [-81.4227176, 28.3675943], [-81.4226667, 28.3674796], [-81.4226827, 28.3674742], [-81.4226675, 28.3674399], [-81.4227412, 28.3674146], [-81.4227471, 28.3674277], [-81.422804, 28.3674081], [-81.4227971, 28.3673925], [-81.4228829, 28.3673631], [-81.4228954, 28.3673911], [-81.4229046, 28.3673879], [-81.4229581, 28.3675084], [-81.422947, 28.3675122], [-81.4229607, 28.367543], [-81.4228826, 28.3675698], [-81.422878, 28.3675595], [-81.4228173, 28.3675804], [-81.4228237, 28.367595], [-81.4227449, 28.3676221]]]}, "properties": {"osm_id": 287891181, "osm_type": "way", "building": "apartments", "name": null}}, {"type": "Feature", "geometry": {"type": "Polygon", "coordinates": [[[-81.4239906, 28.3667763], [-81.423913, 28.3668018], [-81.4239077, 28.3667894], [-81.4238814, 28.3667981], [-81.4238866, 28.3668103], [-81.4238066, 28.3668366], [-81.4237938, 28.3668065], [-81.4237776, 28.3668118], [-81.4237276, 28.3666938], [-81.4237394, 28.3666899], [-81.4237273, 28.3666614], [-81.4238075, 28.366635], [-81.4238112, 28.3666437], [-81.4238371, 28.3666351], [-81.4238332, 28.3666259], [-81.4239136, 28.3665995], [-81.4239237, 28.3666234], [-81.4239357, 28.3666195], [-81.4239876, 28.3667418], [-81.4239774, 28.3667451], [-81.4239906, 28.3667763]]]}, "properties": {"osm_id": 287891182, "osm_type": "way", "building": "apartments", "name": null}}, {"type": "Feature", "geometry": {"type": "Polygon", "coordinates": [[[-81.4225734, 28.3672117], [-81.4225582, 28.3671797], [-81.4225453, 28.3671845], [-81.4224913, 28.367071], [-81.4225071, 28.3670652], [-81.422491, 28.3670312], [-81.422564, 28.3670044], [-81.4225702, 28.3670174], [-81.4226266, 28.3669966], [-81.4226193, 28.3669811], [-81.4227043, 28.3669499], [-81.4227175, 28.3669776], [-81.4227267, 28.3669743], [-81.4227834, 28.3670936], [-81.4227724, 28.3670976], [-81.4227869, 28.3671281], [-81.4227096, 28.3671565], [-81.4227048, 28.3671464], [-81.4226446, 28.3671685], [-81.4226515, 28.367183], [-81.4225734, 28.3672117]]]}, "properties": {"osm_id": 287891183, "osm_type": "way", "building": "apartments", "name": null}}, {"type": "Feature", "geometry": {"type": "Polygon", "coordinates": [[[-81.4226236, 28.3661232], [-81.4226092, 28.3660909], [-81.4225962, 28.3660954], [-81.4225454, 28.3659808], [-81.4225613, 28.3659753], [-81.4225461, 28.365941], [-81.4226199, 28.3659157], [-81.4226257, 28.3659288], [-81.4226826, 28.3659093], [-81.4226757, 28.3658937], [-81.4227615, 28.3658642], [-81.422774, 28.3658922], [-81.4227833, 28.3658891], [-81.4228367, 28.3660095], [-81.4228256, 28.3660133], [-81.4228393, 28.3660441], [-81.4227612, 28.3660709], [-81.4227566, 28.3660607], [-81.4226959, 28.3660815], [-81.4227024, 28.3660961], [-81.4226236, 28.3661232]]]}, "properties": {"osm_id": 287891184, "osm_type": "way", "building": "apartments", "name": null}}, {"type": "Feature", "geometry": {"type": "Polygon", "coordinates": [[[-81.4235808, 28.3676275], [-81.4235664, 28.3675953], [-81.4235534, 28.3675997], [-81.4235026, 28.3674851], [-81.4235185, 28.3674796], [-81.4235033, 28.3674454], [-81.4235771, 28.3674201], [-81.4235829, 28.3674332], [-81.4236399, 28.3674136], [-81.4236329, 28.367398], [-81.4237187, 28.3673685], [-81.4237312, 28.3673966], [-81.4237405, 28.3673934], [-81.4237939, 28.3675139], [-81.4237828, 28.3675177], [-81.4237965, 28.3675485], [-81.4237184, 28.3675753], [-81.4237139, 28.367565], [-81.4236531, 28.3675859], [-81.4236596, 28.3676005], [-81.4235808, 28.3676275]]]}, "properties": {"osm_id": 287891187, "osm_type": "way", "building": "apartments", "name": null}}, {"type": "Feature", "geometry": {"type": "Polygon", "coordinates": [[[-81.4233837, 28.366041], [-81.4234194, 28.3660263], [-81.4234135, 28.3660152], [-81.4235402, 28.3659632], [-81.4235474, 28.3659769], [-81.4235853, 28.3659613], [-81.4236187, 28.3660245], [-81.4236042, 28.3660304], [-81.4236301, 28.3660792], [-81.4236473, 28.3660721], [-81.4236862, 28.3661456], [-81.4236552, 28.3661583], [-81.4236594, 28.3661663], [-81.4235262, 28.3662209], [-81.4235212, 28.3662114], [-81.4234871, 28.3662254], [-81.4234517, 28.3661585], [-81.423463, 28.3661538], [-81.4234355, 28.3661018], [-81.4234194, 28.3661084], [-81.4233837, 28.366041]]]}, "properties": {"osm_id": 287891190, "osm_type": "way", "building": "apartments", "name": null}}, {"type": "Feature", "geometry": {"type": "Polygon", "coordinates": [[[-81.4233611, 28.3666245], [-81.423284, 28.3666541], [-81.4232772, 28.3666404], [-81.4232446, 28.3666529], [-81.4232283, 28.36662], [-81.4232037, 28.3666294], [-81.4232203, 28.366663], [-81.4231855, 28.3666764], [-81.4231907, 28.3666868], [-81.4231037, 28.3667201], [-81.4230335, 28.3665783], [-81.4230418, 28.3665751], [-81.423025, 28.3665411], [-81.423101, 28.366512], [-81.4231072, 28.3665244], [-81.4231441, 28.3665102], [-81.4231591, 28.3665404], [-81.4231835, 28.366531], [-81.4231681, 28.3665], [-81.4232025, 28.3664868], [-81.4231953, 28.3664721], [-81.4232104, 28.3664663], [-81.4232724, 28.3664426], [-81.4232875, 28.3664731], [-81.4232989, 28.3664687], [-81.4233569, 28.3665856], [-81.4233442, 28.3665905], [-81.4233611, 28.3666245]]]}, "properties": {"osm_id": 287891193, "osm_type": "way", "building": "apartments", "name": null}}, {"type": "Feature", "geometry": {"type": "Polygon", "coordinates": [[[-81.4233191, 28.3674064], [-81.4232423, 28.3674366], [-81.4232353, 28.3674229], [-81.4232029, 28.3674356], [-81.4231863, 28.3674029], [-81.4231618, 28.3674125], [-81.4231787, 28.3674459], [-81.423144, 28.3674595], [-81.4231493, 28.3674699], [-81.4230627, 28.3675039], [-81.4229911, 28.3673626], [-81.4229994, 28.3673593], [-81.4229823, 28.3673255], [-81.423058, 28.3672958], [-81.4230642, 28.3673082], [-81.423101, 28.3672937], [-81.4231163, 28.3673238], [-81.4231406, 28.3673142], [-81.4231249, 28.3672833], [-81.4231592, 28.3672699], [-81.4231518, 28.3672553], [-81.4231669, 28.3672494], [-81.4232287, 28.3672251], [-81.4232441, 28.3672555], [-81.4232555, 28.367251], [-81.4233145, 28.3673676], [-81.4233019, 28.3673725], [-81.4233191, 28.3674064]]]}, "properties": {"osm_id": 287891194, "osm_type": "way", "building": "apartments", "name": null}}, {"type": "Feature", "geometry": {"type": "Polygon", "coordinates": [[[-81.4230028, 28.3667534], [-81.4229256, 28.3667829], [-81.4229188, 28.3667692], [-81.4228862, 28.3667817], [-81.42287, 28.3667488], [-81.4228454, 28.3667582], [-81.422862, 28.3667918], [-81.4228272, 28.3668052], [-81.4228324, 28.3668156], [-81.4227454, 28.366849], [-81.4226752, 28.3667071], [-81.4226835, 28.3667039], [-81.4226667, 28.3666699], [-81.4227427, 28.3666408], [-81.4227488, 28.3666532], [-81.4227858, 28.3666391], [-81.4228007, 28.3666692], [-81.4228252, 28.3666599], [-81.4228098, 28.3666288], [-81.4228442, 28.3666157], [-81.4228369, 28.366601], [-81.4228521, 28.3665952], [-81.4229141, 28.3665714], [-81.4229292, 28.3666019], [-81.4229406, 28.3665975], [-81.4229985, 28.3667145], [-81.4229859, 28.3667193], [-81.4230028, 28.3667534]]]}, "properties": {"osm_id": 287891195, "osm_type": "way", "building": "apartments", "name": null}}, {"type": "Feature", "geometry": {"type": "Polygon", "coordinates": [[[-81.4228555, 28.3664832], [-81.4227784, 28.3665128], [-81.4227715, 28.366499], [-81.4227389, 28.3665115], [-81.4227227, 28.3664787], [-81.4226981, 28.3664881], [-81.4227147, 28.3665217], [-81.4226799, 28.366535], [-81.4226851, 28.3665455], [-81.4225981, 28.3665788], [-81.4225279, 28.3664369], [-81.4225362, 28.3664337], [-81.4225194, 28.3663998], [-81.4225954, 28.3663707], [-81.4226016, 28.3663831], [-81.4226385, 28.3663689], [-81.4226534, 28.3663991], [-81.4226779, 28.3663897], [-81.4226625, 28.3663587], [-81.4226969, 28.3663455], [-81.4226896, 28.3663308], [-81.4227048, 28.366325], [-81.4227668, 28.3663012], [-81.4227819, 28.3663317], [-81.4227933, 28.3663274], [-81.4228512, 28.3664443], [-81.4228386, 28.3664492], [-81.4228555, 28.3664832]]]}, "properties": {"osm_id": 287891196, "osm_type": "way", "building": "apartments", "name": null}}, {"type": "Feature", "geometry": {"type": "Polygon", "coordinates": [[[-81.4234732, 28.3676844], [-81.4233964, 28.3677146], [-81.4233895, 28.3677009], [-81.423357, 28.3677136], [-81.4233404, 28.3676809], [-81.4233159, 28.3676905], [-81.4233329, 28.3677239], [-81.4232982, 28.3677376], [-81.4233034, 28.367748], [-81.4232168, 28.3677819], [-81.4231452, 28.3676406], [-81.4231535, 28.3676373], [-81.4231364, 28.3676035], [-81.4232121, 28.3675738], [-81.4232183, 28.3675862], [-81.4232552, 28.3675717], [-81.4232704, 28.3676018], [-81.4232947, 28.3675923], [-81.4232791, 28.3675613], [-81.4233134, 28.3675479], [-81.4233059, 28.3675333], [-81.423321, 28.3675274], [-81.4233828, 28.3675031], [-81.4233982, 28.3675335], [-81.4234096, 28.367529], [-81.4234686, 28.3676456], [-81.423456, 28.3676505], [-81.4234732, 28.3676844]]]}, "properties": {"osm_id": 287891197, "osm_type": "way", "building": "apartments", "name": null}}, {"type": "Feature", "geometry": {"type": "Polygon", "coordinates": [[[-81.4235046, 28.3668919], [-81.4234269, 28.3669202], [-81.4234204, 28.3669063], [-81.4233875, 28.3669182], [-81.423372, 28.3668851], [-81.4233472, 28.3668941], [-81.4233631, 28.366928], [-81.423328, 28.3669407], [-81.4233329, 28.3669513], [-81.4232453, 28.3669831], [-81.4231781, 28.3668401], [-81.4231865, 28.3668371], [-81.4231705, 28.3668028], [-81.4232471, 28.366775], [-81.4232529, 28.3667875], [-81.4232902, 28.366774], [-81.4233045, 28.3668044], [-81.4233291, 28.3667954], [-81.4233144, 28.3667641], [-81.4233491, 28.3667515], [-81.4233422, 28.3667367], [-81.4233574, 28.3667312], [-81.4234199, 28.3667084], [-81.4234344, 28.3667392], [-81.4234459, 28.366735], [-81.4235013, 28.3668529], [-81.4234885, 28.3668576], [-81.4235046, 28.3668919]]]}, "properties": {"osm_id": 287891200, "osm_type": "way", "building": "apartments", "name": null}}, {"type": "Feature", "geometry": {"type": "Polygon", "coordinates": [[[-81.4231149, 28.3678065], [-81.4230381, 28.3678366], [-81.4230311, 28.3678229], [-81.4229986, 28.3678357], [-81.4229821, 28.3678029], [-81.4229576, 28.3678125], [-81.4229745, 28.367846], [-81.4229398, 28.3678596], [-81.4229451, 28.36787], [-81.4228585, 28.367904], [-81.4227869, 28.3677627], [-81.4227952, 28.3677594], [-81.422778, 28.3677256], [-81.4228538, 28.3676959], [-81.42286, 28.3677082], [-81.4228968, 28.3676938], [-81.422912, 28.3677239], [-81.4229364, 28.3677143], [-81.4229207, 28.3676834], [-81.422955, 28.36767], [-81.4229476, 28.3676553], [-81.4229627, 28.3676494], [-81.4230245, 28.3676252], [-81.4230399, 28.3676556], [-81.4230512, 28.3676511], [-81.4231103, 28.3677676], [-81.4230977, 28.3677726], [-81.4231149, 28.3678065]]]}, "properties": {"osm_id": 287891202, "osm_type": "way", "building": "apartments", "name": null}}, {"type": "Feature", "geometry": {"type": "Polygon", "coordinates": [[[-81.423321, 28.365949], [-81.4232836, 28.3658827], [-81.4232989, 28.365876], [-81.423283, 28.365848], [-81.4233195, 28.3658321], [-81.4233076, 28.3658109], [-81.4232703, 28.3658273], [-81.4232533, 28.3657973], [-81.4232418, 28.3658024], [-81.4231995, 28.3657277], [-81.423357, 28.3656588], [-81.423361, 28.3656659], [-81.4233987, 28.3656494], [-81.4234356, 28.3657147], [-81.4234219, 28.3657208], [-81.4234398, 28.3657525], [-81.4234063, 28.3657672], [-81.4234182, 28.3657882], [-81.4234526, 28.3657731], [-81.4234693, 28.3658027], [-81.4234856, 28.3657956], [-81.423493, 28.3658086], [-81.4235231, 28.3658619], [-81.4234893, 28.3658767], [-81.4234948, 28.3658865], [-81.423365, 28.3659433], [-81.4233588, 28.3659324], [-81.423321, 28.365949]]]}, "properties": {"osm_id": 287891212, "osm_type": "way", "building": "apartments", "name": null}}, {"type": "Feature", "geometry": {"type": "Polygon", "coordinates": [[[-81.4241745, 28.3671622], [-81.4241998, 28.3672328], [-81.4241835, 28.3672373], [-81.4241942, 28.3672671], [-81.4241553, 28.3672779], [-81.4241633, 28.3673004], [-81.4242031, 28.3672894], [-81.4242145, 28.3673213], [-81.4242268, 28.3673179], [-81.4242552, 28.3673975], [-81.4240875, 28.3674439], [-81.4240847, 28.3674362], [-81.4240446, 28.3674474], [-81.4240197, 28.3673778], [-81.4240344, 28.3673737], [-81.4240223, 28.3673399], [-81.424058, 28.36733], [-81.42405, 28.3673076], [-81.4240133, 28.3673178], [-81.4240021, 28.3672863], [-81.4239847, 28.3672911], [-81.4239798, 28.3672772], [-81.4239595, 28.3672204], [-81.4239955, 28.3672105], [-81.4239918, 28.3672], [-81.4241301, 28.3671617], [-81.4241343, 28.3671733], [-81.4241745, 28.3671622]]]}, "properties": {"osm_id": 287891216, "osm_type": "way", "building": "apartments", "name": null}}, {"type": "Feature", "geometry": {"type": "Polygon", "coordinates": [[[-81.4239202, 28.3679726], [-81.4238434, 28.3680028], [-81.4238364, 28.3679891], [-81.4238039, 28.3680018], [-81.4237873, 28.3679691], [-81.4237629, 28.3679787], [-81.4237798, 28.3680121], [-81.4237451, 28.3680257], [-81.4237504, 28.3680361], [-81.4236638, 28.3680701], [-81.4235922, 28.3679288], [-81.4236005, 28.3679255], [-81.4235833, 28.3678917], [-81.423659, 28.367862], [-81.4236653, 28.3678744], [-81.4237021, 28.3678599], [-81.4237173, 28.36789], [-81.4237417, 28.3678804], [-81.423726, 28.3678495], [-81.4237603, 28.3678361], [-81.4237529, 28.3678215], [-81.423768, 28.3678155], [-81.4238298, 28.3677913], [-81.4238452, 28.3678217], [-81.4238565, 28.3678172], [-81.4239156, 28.3679338], [-81.423903, 28.3679387], [-81.4239202, 28.3679726]]]}, "properties": {"osm_id": 287891219, "osm_type": "way", "building": "apartments", "name": null}}, {"type": "Feature", "geometry": {"type": "Polygon", "coordinates": [[[-81.4231537, 28.3670137], [-81.423076, 28.367042], [-81.4230695, 28.3670281], [-81.4230366, 28.3670401], [-81.423021, 28.3670069], [-81.4229963, 28.3670159], [-81.4230122, 28.3670498], [-81.4229771, 28.3670626], [-81.422982, 28.3670731], [-81.4228944, 28.367105], [-81.4228272, 28.3669619], [-81.4228356, 28.3669589], [-81.4228195, 28.3669247], [-81.4228961, 28.3668968], [-81.422902, 28.3669093], [-81.4229393, 28.3668958], [-81.4229535, 28.3669262], [-81.4229782, 28.3669172], [-81.4229635, 28.366886], [-81.4229982, 28.3668734], [-81.4229912, 28.3668586], [-81.4230065, 28.366853], [-81.423069, 28.3668303], [-81.4230835, 28.366861], [-81.423095, 28.3668568], [-81.4231503, 28.3669748], [-81.4231376, 28.3669794], [-81.4231537, 28.3670137]]]}, "properties": {"osm_id": 287891223, "osm_type": "way", "building": "apartments", "name": null}}, {"type": "Feature", "geometry": {"type": "Polygon", "coordinates": [[[-81.4235657, 28.3681065], [-81.4234889, 28.3681367], [-81.4234819, 28.368123], [-81.4234494, 28.3681357], [-81.4234329, 28.368103], [-81.4234084, 28.3681126], [-81.4234253, 28.368146], [-81.4233906, 28.3681597], [-81.4233959, 28.3681701], [-81.4233093, 28.368204], [-81.4232377, 28.3680627], [-81.423246, 28.3680594], [-81.4232289, 28.3680256], [-81.4233046, 28.3679959], [-81.4233108, 28.3680083], [-81.4233476, 28.3679938], [-81.4233629, 28.3680239], [-81.4233872, 28.3680144], [-81.4233715, 28.3679834], [-81.4234058, 28.36797], [-81.4233984, 28.3679554], [-81.4234135, 28.3679495], [-81.4234753, 28.3679252], [-81.4234907, 28.3679556], [-81.4235021, 28.3679511], [-81.4235611, 28.3680677], [-81.4235485, 28.3680726], [-81.4235657, 28.3681065]]]}, "properties": {"osm_id": 287891224, "osm_type": "way", "building": "apartments", "name": null}}, {"type": "Feature", "geometry": {"type": "Polygon", "coordinates": [[[-81.4232127, 28.3663652], [-81.4231356, 28.3663947], [-81.4231288, 28.366381], [-81.4230962, 28.3663935], [-81.4230799, 28.3663606], [-81.4230554, 28.36637], [-81.423072, 28.3664036], [-81.4230372, 28.366417], [-81.4230423, 28.3664274], [-81.4229554, 28.3664608], [-81.4228852, 28.3663189], [-81.4228935, 28.3663157], [-81.4228767, 28.3662817], [-81.4229527, 28.3662526], [-81.4229588, 28.366265], [-81.4229958, 28.3662509], [-81.4230107, 28.366281], [-81.4230351, 28.3662717], [-81.4230198, 28.3662406], [-81.4230542, 28.3662275], [-81.4230469, 28.3662128], [-81.4230621, 28.366207], [-81.4231241, 28.3661832], [-81.4231392, 28.3662137], [-81.4231506, 28.3662093], [-81.4232085, 28.3663263], [-81.4231959, 28.3663311], [-81.4232127, 28.3663652]]]}, "properties": {"osm_id": 287891226, "osm_type": "way", "building": "apartments", "name": null}}, {"type": "Feature", "geometry": {"type": "Polygon", "coordinates": [[[-81.4236832, 28.3672793], [-81.4236064, 28.3673094], [-81.4235994, 28.3672957], [-81.423567, 28.3673085], [-81.4235504, 28.3672757], [-81.4235259, 28.3672853], [-81.4235428, 28.3673188], [-81.4235082, 28.3673324], [-81.4235134, 28.3673428], [-81.4234268, 28.3673768], [-81.4233552, 28.3672354], [-81.4233635, 28.3672322], [-81.4233464, 28.3671984], [-81.4234221, 28.3671687], [-81.4234283, 28.367181], [-81.4234651, 28.3671666], [-81.4234804, 28.3671967], [-81.4235047, 28.3671871], [-81.4234891, 28.3671562], [-81.4235233, 28.3671428], [-81.4235159, 28.3671281], [-81.423531, 28.3671222], [-81.4235928, 28.367098], [-81.4236082, 28.3671284], [-81.4236196, 28.3671239], [-81.4236786, 28.3672404], [-81.423666, 28.3672454], [-81.4236832, 28.3672793]]]}, "properties": {"osm_id": 287891227, "osm_type": "way", "building": "apartments", "name": null}}, {"type": "Feature", "geometry": {"type": "Polygon", "coordinates": [[[-81.4235616, 28.3651919], [-81.4234344, 28.3649521], [-81.4230994, 28.3650897], [-81.423091, 28.365074], [-81.4229507, 28.3651316], [-81.4230159, 28.3652544], [-81.4230471, 28.3652417], [-81.4231174, 28.3653743], [-81.4235616, 28.3651919]]]}, "properties": {"osm_id": 288302519, "osm_type": "way", "building": "yes", "name": "Walgreens"}}, {"type": "Feature", "geometry": {"type": "Polygon", "coordinates": [[[-81.424027, 28.3655212], [-81.4239205, 28.3653244], [-81.4239321, 28.3653195], [-81.423897, 28.3652546], [-81.4235968, 28.3653804], [-81.4236323, 28.3654459], [-81.4237487, 28.3653971], [-81.4238549, 28.3655933], [-81.424027, 28.3655212]]]}, "properties": {"osm_id": 288302523, "osm_type": "way", "building": "yes", "name": "Tires Plus"}}, {"type": "Feature", "geometry": {"type": "Polygon", "coordinates": [[[-81.4240815, 28.3661555], [-81.4242892, 28.3660666], [-81.4241146, 28.3657508], [-81.4239069, 28.3658397], [-81.4240815, 28.3661555]]]}, "properties": {"osm_id": 288302526, "osm_type": "way", "building": "yes", "name": null}}, {"type": "Feature", "geometry": {"type": "Polygon", "coordinates": [[[-81.4249679, 28.3675391], [-81.4249909, 28.3676338], [-81.4249319, 28.3677023], [-81.4246427, 28.3677565], [-81.4246064, 28.3676069], [-81.4249679, 28.3675391]]]}, "properties": {"osm_id": 288302535, "osm_type": "way", "building": "yes", "name": "Gator's Dockside"}}, {"type": "Feature", "geometry": {"type": "Polygon", "coordinates": [[[-81.4248062, 28.3672428], [-81.4247045, 28.3669696], [-81.4244846, 28.3670329], [-81.4245863, 28.3673061], [-81.4248062, 28.3672428]]]}, "properties": {"osm_id": 288302536, "osm_type": "way", "building": "yes", "name": null}}, {"type": "Feature", "geometry": {"type": "Polygon", "coordinates": [[[-81.4246127, 28.3667948], [-81.424492, 28.3665387], [-81.4243874, 28.3665753], [-81.4245094, 28.3668302], [-81.4246127, 28.3667948]]]}, "properties": {"osm_id": 288302537, "osm_type": "way", "building": "yes", "name": null}}, {"type": "Feature", "geometry": {"type": "Polygon", "coordinates": [[[-81.4251266, 28.3644306], [-81.4250591, 28.3644595], [-81.4250198, 28.3644763], [-81.4250792, 28.3645838], [-81.4248909, 28.3646644], [-81.4248652, 28.3646179], [-81.424833, 28.3646316], [-81.4247732, 28.3645234], [-81.4250331, 28.3644122], [-81.4251005, 28.3643834], [-81.4251266, 28.3644306]]]}, "properties": {"osm_id": 288302539, "osm_type": "way", "building": "yes", "name": "Chase"}}, {"type": "Feature", "geometry": {"type": "Polygon", "coordinates": [[[-81.425136, 28.3633415], [-81.4253432, 28.3632529], [-81.4252205, 28.3630308], [-81.4250133, 28.3631195], [-81.425136, 28.3633415]]]}, "properties": {"osm_id": 300642734, "osm_type": "way", "building": "yes", "name": "Keke's Breakfast Cafe"}}, {"type": "Feature", "geometry": {"type": "Polygon", "coordinates": [[[-81.4242885, 28.363358], [-81.4243457, 28.3634688], [-81.4244112, 28.3634426], [-81.4245142, 28.363642], [-81.4242723, 28.3637388], [-81.4241704, 28.3635414], [-81.4242183, 28.3635223], [-81.42416, 28.3634093], [-81.4242885, 28.363358]]]}, "properties": {"osm_id": 300642905, "osm_type": "way", "building": "yes", "name": "Truist"}}, {"type": "Feature", "geometry": {"type": "Polygon", "coordinates": [[[-81.4236573, 28.362204], [-81.4250459, 28.3616356], [-81.4261908, 28.3616887], [-81.4262083, 28.3613622], [-81.4256342, 28.3613278], [-81.4256198, 28.3614202], [-81.4249328, 28.3614111], [-81.4247892, 28.3614698], [-81.4246098, 28.3611613], [-81.4238157, 28.3614889], [-81.4240009, 28.3618329], [-81.4237355, 28.361927], [-81.4235874, 28.3616446], [-81.4233961, 28.3617406], [-81.4236573, 28.362204]]]}, "properties": {"osm_id": 300642907, "osm_type": "way", "building": "commercial", "name": null}}, {"type": "Feature", "geometry": {"type": "Polygon", "coordinates": [[[-81.4261908, 28.3616887], [-81.4273957, 28.3617385], [-81.4274373, 28.3609585], [-81.4262325, 28.3609087], [-81.4262083, 28.3613622], [-81.4261908, 28.3616887]]]}, "properties": {"osm_id": 300642908, "osm_type": "way", "building": "commercial", "name": null}}, {"type": "Feature", "geometry": {"type": "Polygon", "coordinates": [[[-81.4228852, 28.3633239], [-81.4228297, 28.3632233], [-81.4227922, 28.3631533], [-81.4225873, 28.3632412], [-81.4226258, 28.3633097], [-81.4226817, 28.3634109], [-81.4228852, 28.3633239]]]}, "properties": {"osm_id": 360392778, "osm_type": "way", "building": "yes", "name": "Goodwill Donation Center"}}, {"type": "Feature", "geometry": {"type": "Polygon", "coordinates": [[[-81.4229841, 28.3636484], [-81.4228684, 28.3634345], [-81.4226628, 28.3635206], [-81.4227784, 28.3637345], [-81.4229841, 28.3636484]]]}, "properties": {"osm_id": 411398873, "osm_type": "way", "building": "yes", "name": null}}, {"type": "Feature", "geometry": {"type": "Polygon", "coordinates": [[[-81.4229719, 28.3604975], [-81.4228975, 28.3603655], [-81.4227195, 28.3604432], [-81.4226896, 28.3603903], [-81.4226588, 28.3603356], [-81.4227466, 28.3602972], [-81.4226852, 28.3601882], [-81.422448, 28.3602918], [-81.4225116, 28.3604047], [-81.4225967, 28.3603675], [-81.4226274, 28.3604218], [-81.4226551, 28.360471], [-81.4225317, 28.3605249], [-81.4226063, 28.3606572], [-81.4229719, 28.3604975]]]}, "properties": {"osm_id": 411401780, "osm_type": "way", "building": "yes", "name": "Shell"}}, {"type": "Feature", "geometry": {"type": "Polygon", "coordinates": [[[-81.4231834, 28.3602893], [-81.4231413, 28.3602188], [-81.4230892, 28.3602429], [-81.4230378, 28.3602667], [-81.4230799, 28.3603372], [-81.4231322, 28.360313], [-81.4231834, 28.3602893]]]}, "properties": {"osm_id": 411401784, "osm_type": "way", "building": "yes", "name": null}}, {"type": "Feature", "geometry": {"type": "Polygon", "coordinates": [[[-81.4249769, 28.375979], [-81.4247734, 28.3759797], [-81.4247731, 28.3759297], [-81.4247503, 28.3759298], [-81.4247493, 28.3756957], [-81.4249941, 28.3756948], [-81.4249944, 28.3757622], [-81.4250131, 28.3757622], [-81.4250135, 28.3758501], [-81.4249967, 28.3758501], [-81.4249971, 28.37593], [-81.4249767, 28.3759301], [-81.4249769, 28.375979]]]}, "properties": {"osm_id": 659613426, "osm_type": "way", "building": "yes", "name": null}}, {"type": "Feature", "geometry": {"type": "Polygon", "coordinates": [[[-81.4292898, 28.3665586], [-81.4291911, 28.3666121], [-81.4292776, 28.3667229], [-81.4302806, 28.3660484], [-81.4300432, 28.3657371], [-81.4297738, 28.3653839], [-81.4288554, 28.3659501], [-81.4292898, 28.3665586]]]}, "properties": {"osm_id": 688179433, "osm_type": "way", "building": "yes", "name": "Urbana Building 3"}}, {"type": "Feature", "geometry": {"type": "Polygon", "coordinates": [[[-81.4281554, 28.3676849], [-81.4277563, 28.3678231], [-81.4276626, 28.3676329], [-81.428069, 28.3674883], [-81.4281554, 28.3676849]]]}, "properties": {"osm_id": 688179435, "osm_type": "way", "building": "yes", "name": null}}, {"type": "Feature", "geometry": {"type": "Polygon", "coordinates": [[[-81.4271382, 28.3679622], [-81.4269408, 28.3679926], [-81.4269163, 28.3679875], [-81.4268918, 28.3679723], [-81.4268788, 28.367947], [-81.4268313, 28.3677897], [-81.427095, 28.3677441], [-81.4271382, 28.3679622]]]}, "properties": {"osm_id": 688179440, "osm_type": "way", "building": "yes", "name": null}}, {"type": "Feature", "geometry": {"type": "Polygon", "coordinates": [[[-81.4284322, 28.3675919], [-81.4287622, 28.3674766], [-81.42868, 28.3672851], [-81.4283428, 28.3674094], [-81.4284322, 28.3675919]]]}, "properties": {"osm_id": 688179441, "osm_type": "way", "building": "yes", "name": null}}, {"type": "Feature", "geometry": {"type": "Polygon", "coordinates": [[[-81.4292867, 28.3672978], [-81.4292317, 28.3673183], [-81.4289163, 28.367436], [-81.4288169, 28.3672331], [-81.4291901, 28.3670987], [-81.4292867, 28.3672978]]]}, "properties": {"osm_id": 688179442, "osm_type": "way", "building": "yes", "name": null}}, {"type": "Feature", "geometry": {"type": "Polygon", "coordinates": [[[-81.4304252, 28.3676205], [-81.4300557, 28.3679294], [-81.4302737, 28.3681326], [-81.4306395, 28.3678189], [-81.4304252, 28.3676205]]]}, "properties": {"osm_id": 688179443, "osm_type": "way", "building": "yes", "name": null}}, {"type": "Feature", "geometry": {"type": "Polygon", "coordinates": [[[-81.4281896, 28.3686074], [-81.4274761, 28.3686115], [-81.427474, 28.3683276], [-81.4281875, 28.3683236], [-81.4281896, 28.3686074]]]}, "properties": {"osm_id": 696462376, "osm_type": "way", "building": "yes", "name": null}}, {"type": "Feature", "geometry": {"type": "Polygon", "coordinates": [[[-81.4274215, 28.368608], [-81.4270281, 28.3686119], [-81.426927, 28.3682045], [-81.4270054, 28.3681957], [-81.4270147, 28.368212], [-81.427168, 28.3681841], [-81.4272214, 28.3684063], [-81.427372, 28.3684023], [-81.4273698, 28.3683588], [-81.427417, 28.3683548], [-81.4274215, 28.368608]]]}, "properties": {"osm_id": 696462377, "osm_type": "way", "building": "yes", "name": null}}, {"type": "Feature", "geometry": {"type": "Polygon", "coordinates": [[[-81.4261756, 28.3638212], [-81.4262819, 28.3640154], [-81.4264675, 28.3639373], [-81.4263566, 28.3637401], [-81.4261756, 28.3638212]]]}, "properties": {"osm_id": 721046129, "osm_type": "way", "building": "retail", "name": null}}, {"type": "Feature", "geometry": {"type": "Polygon", "coordinates": [[[-81.4262819, 28.3640154], [-81.4264675, 28.3639373], [-81.4267358, 28.3638205], [-81.4269117, 28.3637439], [-81.4269275, 28.363737], [-81.4271085, 28.3640678], [-81.4272486, 28.3640041], [-81.4272929, 28.3640801], [-81.4271528, 28.3641428], [-81.4272322, 28.3642835], [-81.4267688, 28.3644889], [-81.4266146, 28.3645547], [-81.4265166, 28.3643935], [-81.4264885, 28.3643832], [-81.4264465, 28.3643102], [-81.426401, 28.3642969], [-81.4263076, 28.3641315], [-81.4263251, 28.3640924], [-81.4262819, 28.3640154]]]}, "properties": {"osm_id": 721046130, "osm_type": "way", "building": "retail", "name": "Office Depot"}}, {"type": "Feature", "geometry": {"type": "Polygon", "coordinates": [[[-81.4267358, 28.3638205], [-81.4266268, 28.3636216], [-81.4268031, 28.3635445], [-81.4269117, 28.3637439], [-81.4267358, 28.3638205]]]}, "properties": {"osm_id": 721046131, "osm_type": "way", "building": "retail", "name": null}}, {"type": "Feature", "geometry": {"type": "Polygon", "coordinates": [[[-81.4266146, 28.3645547], [-81.426585, 28.3645674], [-81.4267006, 28.3647658], [-81.426677, 28.3647766], [-81.4267861, 28.364975], [-81.4270336, 28.3648669], [-81.4269261, 28.364672], [-81.4268814, 28.3646885], [-81.4267688, 28.3644889], [-81.4266146, 28.3645547]]]}, "properties": {"osm_id": 721046132, "osm_type": "way", "building": "retail", "name": null}}, {"type": "Feature", "geometry": {"type": "Polygon", "coordinates": [[[-81.4250807, 28.3650866], [-81.4250948, 28.3650806], [-81.4251778, 28.3650454], [-81.425246, 28.3650164], [-81.4253974, 28.3652836], [-81.4252297, 28.3653553], [-81.4250807, 28.3650866]]]}, "properties": {"osm_id": 721046133, "osm_type": "way", "building": "yes", "name": "Starbucks"}}, {"type": "Feature", "geometry": {"type": "Polygon", "coordinates": [[[-81.422378, 28.359608], [-81.422389, 28.359811], [-81.422851, 28.359791], [-81.422839, 28.359588], [-81.422378, 28.359608]]]}, "properties": {"osm_id": 810064356, "osm_type": "way", "building": "yes", "name": null}}, {"type": "Feature", "geometry": {"type": "Polygon", "coordinates": [[[-81.423098, 28.359681], [-81.423132, 28.359885], [-81.423587, 28.359826], [-81.423553, 28.359622], [-81.423098, 28.359681]]]}, "properties": {"osm_id": 810064358, "osm_type": "way", "building": "yes", "name": null}}, {"type": "Feature", "geometry": {"type": "Polygon", "coordinates": [[[-81.422906, 28.359698], [-81.422974, 28.359735], [-81.423035, 28.359648], [-81.422966, 28.359611], [-81.422906, 28.359698]]]}, "properties": {"osm_id": 810064359, "osm_type": "way", "building": "yes", "name": null}}, {"type": "Feature", "geometry": {"type": "Polygon", "coordinates": [[[-81.424211, 28.359724], [-81.424084, 28.359539], [-81.42407, 28.359546], [-81.423916, 28.359322], [-81.423722, 28.359426], [-81.423851, 28.359613], [-81.423866, 28.359605], [-81.424018, 28.359826], [-81.424211, 28.359724]]]}, "properties": {"osm_id": 810064554, "osm_type": "way", "building": "yes", "name": null}}, {"type": "Feature", "geometry": {"type": "Polygon", "coordinates": [[[-81.423578, 28.360004], [-81.423631, 28.360051], [-81.423759, 28.359939], [-81.423705, 28.359892], [-81.423578, 28.360004]]]}, "properties": {"osm_id": 810064555, "osm_type": "way", "building": "yes", "name": null}}, {"type": "Feature", "geometry": {"type": "Polygon", "coordinates": [[[-81.423784, 28.359998], [-81.42362, 28.360148], [-81.423812, 28.360312], [-81.423977, 28.360162], [-81.423784, 28.359998]]]}, "properties": {"osm_id": 810064556, "osm_type": "way", "building": "yes", "name": null}}, {"type": "Feature", "geometry": {"type": "Polygon", "coordinates": [[[-81.424004, 28.36017], [-81.424128, 28.360281], [-81.424184, 28.360232], [-81.42406, 28.360121], [-81.424004, 28.36017]]]}, "properties": {"osm_id": 810064557, "osm_type": "way", "building": "yes", "name": null}}, {"type": "Feature", "geometry": {"type": "Polygon", "coordinates": [[[-81.424381, 28.359891], [-81.424211, 28.360031], [-81.424527, 28.360328], [-81.424697, 28.360188], [-81.424381, 28.359891]]]}, "properties": {"osm_id": 810064558, "osm_type": "way", "building": "yes", "name": null}}, {"type": "Feature", "geometry": {"type": "Polygon", "coordinates": [[[-81.423675, 28.359175], [-81.423135, 28.359168], [-81.423132, 28.359373], [-81.423672, 28.35938], [-81.423675, 28.359175]]]}, "properties": {"osm_id": 810064559, "osm_type": "way", "building": "yes", "name": null}}, {"type": "Feature", "geometry": {"type": "Polygon", "coordinates": [[[-81.423349, 28.361057], [-81.423303, 28.360962], [-81.422913, 28.361108], [-81.422959, 28.361203], [-81.423349, 28.361057]]]}, "properties": {"osm_id": 810064561, "osm_type": "way", "building": "yes", "name": null}}, {"type": "Feature", "geometry": {"type": "Polygon", "coordinates": [[[-81.422963, 28.361317], [-81.4229997, 28.3613785], [-81.423046, 28.361456], [-81.423136, 28.361415], [-81.4230897, 28.3613366], [-81.423054, 28.361276], [-81.422963, 28.361317]]]}, "properties": {"osm_id": 810064562, "osm_type": "way", "building": "yes", "name": null}}, {"type": "Feature", "geometry": {"type": "Polygon", "coordinates": [[[-81.425379, 28.365388], [-81.425263, 28.365439], [-81.425349, 28.36559], [-81.425465, 28.365539], [-81.425379, 28.365388]]]}, "properties": {"osm_id": 810064563, "osm_type": "way", "building": "yes", "name": null}}, {"type": "Feature", "geometry": {"type": "Polygon", "coordinates": [[[-81.42632, 28.368235], [-81.426357, 28.368487], [-81.426606, 28.368458], [-81.426593, 28.368369], [-81.426651, 28.368362], [-81.426639, 28.368281], [-81.426601, 28.368286], [-81.426577, 28.368125], [-81.42627, 28.36816], [-81.426282, 28.368239], [-81.42632, 28.368235]]]}, "properties": {"osm_id": 810064573, "osm_type": "way", "building": "yes", "name": null}}, {"type": "Feature", "geometry": {"type": "Polygon", "coordinates": [[[-81.426797, 28.367337], [-81.426837, 28.367558], [-81.427158, 28.367513], [-81.427118, 28.367292], [-81.426797, 28.367337]]]}, "properties": {"osm_id": 810064574, "osm_type": "way", "building": "yes", "name": null}}, {"type": "Feature", "geometry": {"type": "Polygon", "coordinates": [[[-81.4275333, 28.3674389], [-81.4274842, 28.3672196], [-81.4271647, 28.3672751], [-81.4272148, 28.3674944], [-81.4275333, 28.3674389]]]}, "properties": {"osm_id": 810064575, "osm_type": "way", "building": "yes", "name": null}}, {"type": "Feature", "geometry": {"type": "Polygon", "coordinates": [[[-81.427853, 28.367097], [-81.427561, 28.367183], [-81.427597, 28.367278], [-81.42758, 28.367283], [-81.427622, 28.367394], [-81.427931, 28.367304], [-81.427853, 28.367097]]]}, "properties": {"osm_id": 810064576, "osm_type": "way", "building": "yes", "name": null}}, {"type": "Feature", "geometry": {"type": "Polygon", "coordinates": [[[-81.4282826, 28.3671698], [-81.4281906, 28.3669671], [-81.4280337, 28.3670213], [-81.4280374, 28.3670301], [-81.4278971, 28.3670792], [-81.4279853, 28.367273], [-81.4282826, 28.3671698]]]}, "properties": {"osm_id": 810064577, "osm_type": "way", "building": "yes", "name": null}}, {"type": "Feature", "geometry": {"type": "Polygon", "coordinates": [[[-81.428358, 28.366699], [-81.428542, 28.367092], [-81.428784, 28.367005], [-81.4286, 28.366611], [-81.428358, 28.366699]]]}, "properties": {"osm_id": 810064578, "osm_type": "way", "building": "yes", "name": null}}, {"type": "Feature", "geometry": {"type": "Polygon", "coordinates": [[[-81.428566, 28.366578], [-81.428503, 28.366435], [-81.428487, 28.366441], [-81.428377, 28.366188], [-81.428136, 28.366269], [-81.428308, 28.366665], [-81.428566, 28.366578]]]}, "properties": {"osm_id": 810064579, "osm_type": "way", "building": "yes", "name": null}}, {"type": "Feature", "geometry": {"type": "Polygon", "coordinates": [[[-81.42805, 28.36662], [-81.427516, 28.366778], [-81.427602, 28.367001], [-81.427976, 28.366889], [-81.427949, 28.366818], [-81.427679, 28.366898], [-81.42767, 28.366875], [-81.427957, 28.36679], [-81.427988, 28.366872], [-81.42813, 28.36683], [-81.42805, 28.36662]]]}, "properties": {"osm_id": 810064580, "osm_type": "way", "building": "yes", "name": null}}, {"type": "Feature", "geometry": {"type": "Polygon", "coordinates": [[[-81.427549, 28.366988], [-81.427531, 28.366921], [-81.427438, 28.366939], [-81.427456, 28.367007], [-81.427549, 28.366988]]]}, "properties": {"osm_id": 810064581, "osm_type": "way", "building": "yes", "name": null}}, {"type": "Feature", "geometry": {"type": "Polygon", "coordinates": [[[-81.427478, 28.366571], [-81.427272, 28.366114], [-81.427026, 28.366199], [-81.427232, 28.366657], [-81.427478, 28.366571]]]}, "properties": {"osm_id": 810064582, "osm_type": "way", "building": "yes", "name": null}}, {"type": "Feature", "geometry": {"type": "Polygon", "coordinates": [[[-81.427532, 28.366248], [-81.427591, 28.366373], [-81.427687, 28.366338], [-81.427693, 28.366352], [-81.427602, 28.366386], [-81.427658, 28.366504], [-81.427884, 28.366422], [-81.427763, 28.366164], [-81.427532, 28.366248]]]}, "properties": {"osm_id": 810064583, "osm_type": "way", "building": "yes", "name": null}}, {"type": "Feature", "geometry": {"type": "Polygon", "coordinates": [[[-81.427579, 28.365797], [-81.427336, 28.365884], [-81.427488, 28.366212], [-81.42773, 28.366125], [-81.427579, 28.365797]]]}, "properties": {"osm_id": 810064584, "osm_type": "way", "building": "yes", "name": null}}, {"type": "Feature", "geometry": {"type": "Polygon", "coordinates": [[[-81.4268, 28.365776], [-81.426972, 28.366169], [-81.427221, 28.366085], [-81.427048, 28.365691], [-81.4268, 28.365776]]]}, "properties": {"osm_id": 810064585, "osm_type": "way", "building": "yes", "name": null}}, {"type": "Feature", "geometry": {"type": "Polygon", "coordinates": [[[-81.426843, 28.366569], [-81.426744, 28.366227], [-81.42648, 28.366286], [-81.426538, 28.366489], [-81.426624, 28.36647], [-81.426608, 28.366414], [-81.426651, 28.366405], [-81.426683, 28.366517], [-81.426645, 28.366525], [-81.426633, 28.366484], [-81.42655, 28.366503], [-81.426586, 28.366627], [-81.426843, 28.366569]]]}, "properties": {"osm_id": 810064586, "osm_type": "way", "building": "yes", "name": null}}, {"type": "Feature", "geometry": {"type": "Polygon", "coordinates": [[[-81.426279, 28.365976], [-81.42637, 28.366185], [-81.42667, 28.366085], [-81.42658, 28.365875], [-81.426279, 28.365976]]]}, "properties": {"osm_id": 810064587, "osm_type": "way", "building": "yes", "name": null}}, {"type": "Feature", "geometry": {"type": "Polygon", "coordinates": [[[-81.427022, 28.367156], [-81.426878, 28.366615], [-81.426615, 28.366669], [-81.426651, 28.366803], [-81.426787, 28.366775], [-81.426873, 28.367099], [-81.426845, 28.367104], [-81.426834, 28.367063], [-81.426757, 28.367079], [-81.426791, 28.367204], [-81.427022, 28.367156]]]}, "properties": {"osm_id": 810064588, "osm_type": "way", "building": "yes", "name": null}}, {"type": "Feature", "geometry": {"type": "Polygon", "coordinates": [[[-81.427174, 28.365586], [-81.427301, 28.365854], [-81.42753, 28.36577], [-81.427403, 28.365503], [-81.427174, 28.365586]]]}, "properties": {"osm_id": 810064589, "osm_type": "way", "building": "yes", "name": null}}, {"type": "Feature", "geometry": {"type": "Polygon", "coordinates": [[[-81.427417, 28.365262], [-81.427319, 28.365035], [-81.427159, 28.365089], [-81.427164, 28.365099], [-81.427028, 28.365144], [-81.427056, 28.365208], [-81.427187, 28.365164], [-81.427202, 28.365199], [-81.427052, 28.36525], [-81.427015, 28.365163], [-81.426881, 28.365208], [-81.426969, 28.365412], [-81.427417, 28.365262]]]}, "properties": {"osm_id": 810064590, "osm_type": "way", "building": "yes", "name": null}}, {"type": "Feature", "geometry": {"type": "Polygon", "coordinates": [[[-81.426935, 28.365445], [-81.426833, 28.365235], [-81.426681, 28.365292], [-81.426684, 28.365299], [-81.42655, 28.36535], [-81.426591, 28.365434], [-81.426579, 28.365438], [-81.426636, 28.365557], [-81.426935, 28.365445]]]}, "properties": {"osm_id": 810064591, "osm_type": "way", "building": "yes", "name": null}}, {"type": "Feature", "geometry": {"type": "Polygon", "coordinates": [[[-81.426597, 28.3656], [-81.426495, 28.36538], [-81.426355, 28.365431], [-81.426403, 28.365536], [-81.42619, 28.365613], [-81.426177, 28.365586], [-81.426226, 28.365569], [-81.426196, 28.365504], [-81.426061, 28.365553], [-81.426157, 28.365758], [-81.426597, 28.3656]]]}, "properties": {"osm_id": 810064592, "osm_type": "way", "building": "yes", "name": null}}, {"type": "Feature", "geometry": {"type": "Polygon", "coordinates": [[[-81.426367, 28.365507], [-81.426335, 28.365445], [-81.426213, 28.365494], [-81.426244, 28.365555], [-81.426367, 28.365507]]]}, "properties": {"osm_id": 810064593, "osm_type": "way", "building": "yes", "name": null}}, {"type": "Feature", "geometry": {"type": "Polygon", "coordinates": [[[-81.427684, 28.364881], [-81.427447, 28.364963], [-81.427681, 28.365486], [-81.427936, 28.365399], [-81.427816, 28.365131], [-81.427798, 28.365137], [-81.427684, 28.364881]]]}, "properties": {"osm_id": 810064594, "osm_type": "way", "building": "yes", "name": null}}, {"type": "Feature", "geometry": {"type": "Polygon", "coordinates": [[[-81.427729, 28.365518], [-81.427913, 28.365912], [-81.428165, 28.365821], [-81.428107, 28.365696], [-81.427984, 28.36574], [-81.427912, 28.365587], [-81.427949, 28.365573], [-81.428012, 28.365709], [-81.428089, 28.365681], [-81.427972, 28.36543], [-81.427729, 28.365518]]]}, "properties": {"osm_id": 810064595, "osm_type": "way", "building": "yes", "name": null}}, {"type": "Feature", "geometry": {"type": "Polygon", "coordinates": [[[-81.427976, 28.365972], [-81.428094, 28.366233], [-81.428333, 28.366149], [-81.428215, 28.365889], [-81.427976, 28.365972]]]}, "properties": {"osm_id": 810064596, "osm_type": "way", "building": "yes", "name": null}}, {"type": "Feature", "geometry": {"type": "Polygon", "coordinates": [[[-81.428208, 28.365531], [-81.428255, 28.365623], [-81.428331, 28.365593], [-81.428401, 28.365731], [-81.42835, 28.365751], [-81.428389, 28.365828], [-81.428593, 28.365748], [-81.428606, 28.365773], [-81.428683, 28.365743], [-81.428553, 28.365487], [-81.428585, 28.365475], [-81.428546, 28.365398], [-81.428208, 28.365531]]]}, "properties": {"osm_id": 810064597, "osm_type": "way", "building": "yes", "name": null}}, {"type": "Feature", "geometry": {"type": "Polygon", "coordinates": [[[-81.429047, 28.365528], [-81.428936, 28.365301], [-81.428945, 28.365297], [-81.428907, 28.365217], [-81.428637, 28.365319], [-81.428683, 28.365415], [-81.428728, 28.365398], [-81.42879, 28.365523], [-81.42876, 28.365535], [-81.428802, 28.36562], [-81.429047, 28.365528]]]}, "properties": {"osm_id": 810064598, "osm_type": "way", "building": "yes", "name": null}}, {"type": "Feature", "geometry": {"type": "Polygon", "coordinates": [[[-81.428408, 28.364863], [-81.428435, 28.364962], [-81.428488, 28.364951], [-81.428527, 28.365096], [-81.428499, 28.365102], [-81.42852, 28.365182], [-81.428796, 28.365125], [-81.428769, 28.365023], [-81.428741, 28.365029], [-81.428682, 28.364807], [-81.428408, 28.364863]]]}, "properties": {"osm_id": 810064599, "osm_type": "way", "building": "yes", "name": null}}, {"type": "Feature", "geometry": {"type": "Polygon", "coordinates": [[[-81.428419, 28.365333], [-81.428377, 28.365231], [-81.428339, 28.365243], [-81.428284, 28.365108], [-81.42831, 28.3651], [-81.42828, 28.365025], [-81.427999, 28.365113], [-81.428039, 28.365209], [-81.428077, 28.365197], [-81.428164, 28.365413], [-81.428419, 28.365333]]]}, "properties": {"osm_id": 810064600, "osm_type": "way", "building": "yes", "name": null}}, {"type": "Feature", "geometry": {"type": "Polygon", "coordinates": [[[-81.4290543, 28.3652129], [-81.429178, 28.3654463], [-81.4292869, 28.3654019], [-81.4292694, 28.3653688], [-81.4295028, 28.3652732], [-81.4293955, 28.3650719], [-81.4290543, 28.3652129]]]}, "properties": {"osm_id": 810064601, "osm_type": "way", "building": "yes", "name": null}}, {"type": "Feature", "geometry": {"type": "Polygon", "coordinates": [[[-81.429173, 28.364606], [-81.429062, 28.364642], [-81.429091, 28.36471], [-81.428931, 28.364763], [-81.428911, 28.364715], [-81.428824, 28.364744], [-81.4289, 28.364923], [-81.428873, 28.364932], [-81.42891, 28.365018], [-81.429048, 28.364972], [-81.429033, 28.364935], [-81.429195, 28.364882], [-81.429215, 28.364929], [-81.429299, 28.364902], [-81.429173, 28.364606]]]}, "properties": {"osm_id": 810064602, "osm_type": "way", "building": "yes", "name": null}}, {"type": "Feature", "geometry": {"type": "Polygon", "coordinates": [[[-81.429266, 28.364546], [-81.429369, 28.364716], [-81.429344, 28.364728], [-81.429392, 28.364805], [-81.429519, 28.364745], [-81.429497, 28.364711], [-81.429651, 28.364638], [-81.429679, 28.364685], [-81.429758, 28.364648], [-81.429588, 28.364369], [-81.429483, 28.364419], [-81.42952, 28.36448], [-81.429372, 28.364551], [-81.429346, 28.364508], [-81.429266, 28.364546]]]}, "properties": {"osm_id": 810064603, "osm_type": "way", "building": "yes", "name": null}}, {"type": "Feature", "geometry": {"type": "Polygon", "coordinates": [[[-81.429838, 28.364816], [-81.4295, 28.364973], [-81.429632, 28.365192], [-81.429732, 28.365146], [-81.429711, 28.365111], [-81.429856, 28.365043], [-81.429871, 28.365067], [-81.429963, 28.365024], [-81.429838, 28.364816]]]}, "properties": {"osm_id": 810064604, "osm_type": "way", "building": "yes", "name": null}}, {"type": "Feature", "geometry": {"type": "Polygon", "coordinates": [[[-81.428709, 28.364667], [-81.428687, 28.364568], [-81.428622, 28.364579], [-81.428589, 28.364431], [-81.428639, 28.364423], [-81.428621, 28.36434], [-81.428409, 28.364376], [-81.428403, 28.36435], [-81.428315, 28.364365], [-81.428375, 28.364637], [-81.428339, 28.364643], [-81.428358, 28.364727], [-81.428709, 28.364667]]]}, "properties": {"osm_id": 810064605, "osm_type": "way", "building": "yes", "name": null}}, {"type": "Feature", "geometry": {"type": "Polygon", "coordinates": [[[-81.427876, 28.364619], [-81.427894, 28.364719], [-81.427941, 28.364713], [-81.427967, 28.364863], [-81.42794, 28.364867], [-81.427954, 28.364949], [-81.428236, 28.36491], [-81.428216, 28.364801], [-81.42819, 28.364804], [-81.428151, 28.364582], [-81.427876, 28.364619]]]}, "properties": {"osm_id": 810064606, "osm_type": "way", "building": "yes", "name": null}}, {"type": "Feature", "geometry": {"type": "Polygon", "coordinates": [[[-81.428087, 28.364429], [-81.428042, 28.364317], [-81.428013, 28.364326], [-81.42793, 28.364123], [-81.427662, 28.364208], [-81.427702, 28.364307], [-81.427736, 28.364297], [-81.427824, 28.364512], [-81.428087, 28.364429]]]}, "properties": {"osm_id": 810064607, "osm_type": "way", "building": "yes", "name": null}}, {"type": "Feature", "geometry": {"type": "Polygon", "coordinates": [[[-81.428424, 28.363859], [-81.428312, 28.363888], [-81.428334, 28.363957], [-81.428171, 28.363998], [-81.428155, 28.363949], [-81.428064, 28.363973], [-81.428126, 28.364161], [-81.428094, 28.364169], [-81.428124, 28.364257], [-81.428267, 28.364221], [-81.428256, 28.364186], [-81.428425, 28.364142], [-81.428441, 28.36419], [-81.428526, 28.364169], [-81.428424, 28.363859]]]}, "properties": {"osm_id": 810064608, "osm_type": "way", "building": "yes", "name": null}}, {"type": "Feature", "geometry": {"type": "Polygon", "coordinates": [[[-81.427432, 28.363781], [-81.42747, 28.363875], [-81.427548, 28.363851], [-81.427605, 28.363992], [-81.427545, 28.36401], [-81.427576, 28.364088], [-81.42779, 28.364021], [-81.427801, 28.364051], [-81.427896, 28.364021], [-81.427842, 28.363887], [-81.427805, 28.363899], [-81.427751, 28.363765], [-81.427807, 28.363748], [-81.427777, 28.363673], [-81.427432, 28.363781]]]}, "properties": {"osm_id": 810064609, "osm_type": "way", "building": "yes", "name": null}}, {"type": "Feature", "geometry": {"type": "Polygon", "coordinates": [[[-81.42887, 28.363643], [-81.428765, 28.363689], [-81.4288, 28.363752], [-81.428645, 28.36382], [-81.428624, 28.363783], [-81.428547, 28.363817], [-81.428643, 28.363988], [-81.428615, 28.364], [-81.42866, 28.364081], [-81.42879, 28.364024], [-81.428769, 28.363987], [-81.428928, 28.363918], [-81.428953, 28.363961], [-81.42903, 28.363927], [-81.42887, 28.363643]]]}, "properties": {"osm_id": 810064610, "osm_type": "way", "building": "yes", "name": null}}, {"type": "Feature", "geometry": {"type": "Polygon", "coordinates": [[[-81.428518, 28.363719], [-81.428431, 28.363479], [-81.428558, 28.363444], [-81.428517, 28.36333], [-81.428354, 28.363375], [-81.428384, 28.363459], [-81.42833, 28.363474], [-81.428349, 28.363525], [-81.428259, 28.363551], [-81.428326, 28.363737], [-81.428357, 28.363728], [-81.428369, 28.363761], [-81.428518, 28.363719]]]}, "properties": {"osm_id": 810064611, "osm_type": "way", "building": "yes", "name": null}}, {"type": "Feature", "geometry": {"type": "Polygon", "coordinates": [[[-81.427822, 28.363443], [-81.427741, 28.36337], [-81.427709, 28.363398], [-81.427598, 28.363298], [-81.427624, 28.363275], [-81.427548, 28.363208], [-81.427341, 28.363387], [-81.427417, 28.363455], [-81.427448, 28.363428], [-81.427565, 28.363532], [-81.427537, 28.363556], [-81.427613, 28.363624], [-81.427822, 28.363443]]]}, "properties": {"osm_id": 810065109, "osm_type": "way", "building": "yes", "name": null}}, {"type": "Feature", "geometry": {"type": "Polygon", "coordinates": [[[-81.428924, 28.363], [-81.428581, 28.363204], [-81.428622, 28.363257], [-81.428668, 28.36323], [-81.428684, 28.36325], [-81.428741, 28.363216], [-81.428841, 28.363346], [-81.428788, 28.363378], [-81.428842, 28.363447], [-81.429025, 28.363337], [-81.429046, 28.363365], [-81.429127, 28.363316], [-81.429043, 28.363206], [-81.429017, 28.363222], [-81.428923, 28.3631], [-81.428977, 28.363069], [-81.428924, 28.363]]]}, "properties": {"osm_id": 810065110, "osm_type": "way", "building": "yes", "name": null}}, {"type": "Feature", "geometry": {"type": "Polygon", "coordinates": [[[-81.42875, 28.362973], [-81.428584, 28.362693], [-81.428485, 28.362738], [-81.428521, 28.3628], [-81.428371, 28.362869], [-81.428342, 28.362821], [-81.428257, 28.36286], [-81.428359, 28.363032], [-81.428325, 28.363048], [-81.428371, 28.363126], [-81.428504, 28.363065], [-81.428485, 28.363033], [-81.428637, 28.362963], [-81.428666, 28.363012], [-81.42875, 28.362973]]]}, "properties": {"osm_id": 810065111, "osm_type": "way", "building": "yes", "name": null}}, {"type": "Feature", "geometry": {"type": "Polygon", "coordinates": [[[-81.428101, 28.362944], [-81.428016, 28.362987], [-81.428075, 28.363078], [-81.42816, 28.363035], [-81.428101, 28.362944]]]}, "properties": {"osm_id": 810065112, "osm_type": "way", "building": "yes", "name": null}}, {"type": "Feature", "geometry": {"type": "Polygon", "coordinates": [[[-81.429474, 28.363668], [-81.429413, 28.363585], [-81.429349, 28.363621], [-81.429255, 28.363493], [-81.429304, 28.363465], [-81.429255, 28.363398], [-81.429069, 28.363503], [-81.429052, 28.36348], [-81.428971, 28.363526], [-81.429059, 28.363646], [-81.429087, 28.36363], [-81.429169, 28.363742], [-81.42912, 28.36377], [-81.429171, 28.36384], [-81.429474, 28.363668]]]}, "properties": {"osm_id": 810065113, "osm_type": "way", "building": "yes", "name": null}}, {"type": "Feature", "geometry": {"type": "Polygon", "coordinates": [[[-81.429683, 28.363172], [-81.429622, 28.363086], [-81.429552, 28.363124], [-81.429461, 28.362994], [-81.429513, 28.362966], [-81.429465, 28.362898], [-81.429277, 28.363], [-81.429263, 28.36298], [-81.42918, 28.363025], [-81.429257, 28.363135], [-81.429288, 28.363118], [-81.429377, 28.363245], [-81.429329, 28.363271], [-81.429377, 28.363339], [-81.429683, 28.363172]]]}, "properties": {"osm_id": 810065114, "osm_type": "way", "building": "yes", "name": null}}, {"type": "Feature", "geometry": {"type": "Polygon", "coordinates": [[[-81.429248, 28.362683], [-81.429148, 28.362655], [-81.429136, 28.36269], [-81.428982, 28.362647], [-81.428996, 28.362609], [-81.428886, 28.362578], [-81.428806, 28.362802], [-81.429065, 28.362873], [-81.429054, 28.362903], [-81.429159, 28.362932], [-81.429248, 28.362683]]]}, "properties": {"osm_id": 810065115, "osm_type": "way", "building": "yes", "name": null}}, {"type": "Feature", "geometry": {"type": "Polygon", "coordinates": [[[-81.429917, 28.363598], [-81.429871, 28.3635], [-81.429834, 28.363514], [-81.429735, 28.363304], [-81.429492, 28.363393], [-81.429536, 28.363486], [-81.429573, 28.363473], [-81.429637, 28.363607], [-81.429611, 28.363616], [-81.429648, 28.363696], [-81.429917, 28.363598]]]}, "properties": {"osm_id": 810065116, "osm_type": "way", "building": "yes", "name": null}}, {"type": "Feature", "geometry": {"type": "Polygon", "coordinates": [[[-81.430008, 28.363679], [-81.429828, 28.363823], [-81.430013, 28.364003], [-81.43, 28.364014], [-81.43007, 28.364082], [-81.43029, 28.363907], [-81.430218, 28.363838], [-81.430192, 28.363859], [-81.430008, 28.363679]]]}, "properties": {"osm_id": 810065117, "osm_type": "way", "building": "yes", "name": null}}, {"type": "Feature", "geometry": {"type": "Polygon", "coordinates": [[[-81.429763, 28.364073], [-81.429697, 28.363987], [-81.429629, 28.364027], [-81.429534, 28.363905], [-81.429586, 28.363874], [-81.429533, 28.363804], [-81.429346, 28.363917], [-81.429327, 28.363892], [-81.429267, 28.363929], [-81.429451, 28.364166], [-81.429413, 28.364189], [-81.429463, 28.364253], [-81.429763, 28.364073]]]}, "properties": {"osm_id": 810065118, "osm_type": "way", "building": "yes", "name": null}}, {"type": "Feature", "geometry": {"type": "Polygon", "coordinates": [[[-81.430109, 28.364425], [-81.430044, 28.364335], [-81.430016, 28.364351], [-81.429938, 28.364244], [-81.429968, 28.364227], [-81.429907, 28.364142], [-81.429663, 28.364279], [-81.42972, 28.364357], [-81.429754, 28.364337], [-81.429846, 28.364464], [-81.429815, 28.364482], [-81.429871, 28.364559], [-81.430109, 28.364425]]]}, "properties": {"osm_id": 810065119, "osm_type": "way", "building": "yes", "name": null}}, {"type": "Feature", "geometry": {"type": "Polygon", "coordinates": [[[-81.429945, 28.364732], [-81.430093, 28.364947], [-81.430194, 28.364893], [-81.430178, 28.364869], [-81.430401, 28.36475], [-81.43027, 28.364559], [-81.429945, 28.364732]]]}, "properties": {"osm_id": 810065120, "osm_type": "way", "building": "yes", "name": null}}, {"type": "Feature", "geometry": {"type": "Polygon", "coordinates": [[[-81.430503, 28.364184], [-81.430289, 28.364286], [-81.430466, 28.364576], [-81.430714, 28.364459], [-81.430661, 28.364373], [-81.430628, 28.364389], [-81.430503, 28.364184]]]}, "properties": {"osm_id": 810065121, "osm_type": "way", "building": "yes", "name": null}}, {"type": "Feature", "geometry": {"type": "Polygon", "coordinates": [[[-81.426404, 28.370048], [-81.426672, 28.370055], [-81.426682, 28.369787], [-81.426508, 28.369783], [-81.426506, 28.369824], [-81.426412, 28.369821], [-81.426404, 28.370048]]]}, "properties": {"osm_id": 810065124, "osm_type": "way", "building": "yes", "name": null}}, {"type": "Feature", "geometry": {"type": "Polygon", "coordinates": [[[-81.427276, 28.370081], [-81.427274, 28.36935], [-81.427367, 28.369349], [-81.427367, 28.369115], [-81.427317, 28.369115], [-81.427317, 28.369105], [-81.427045, 28.369106], [-81.427048, 28.370082], [-81.427276, 28.370081]]]}, "properties": {"osm_id": 810065125, "osm_type": "way", "building": "yes", "name": null}}, {"type": "Feature", "geometry": {"type": "Polygon", "coordinates": [[[-81.42663, 28.369072], [-81.426574, 28.369072], [-81.426574, 28.369013], [-81.426359, 28.369013], [-81.426359, 28.369116], [-81.426327, 28.369116], [-81.426327, 28.369164], [-81.426356, 28.369164], [-81.426356, 28.369204], [-81.42663, 28.369204], [-81.42663, 28.369072]]]}, "properties": {"osm_id": 810065127, "osm_type": "way", "building": "yes", "name": null}}, {"type": "Feature", "geometry": {"type": "Polygon", "coordinates": [[[-81.427468, 28.369374], [-81.427935, 28.369375], [-81.427935, 28.369379], [-81.428056, 28.369379], [-81.428056, 28.36937], [-81.42818, 28.36937], [-81.428181, 28.369098], [-81.42789, 28.369097], [-81.42789, 28.369088], [-81.427764, 28.369088], [-81.427764, 28.369114], [-81.427562, 28.369113], [-81.427562, 28.369082], [-81.427469, 28.369082], [-81.427468, 28.369374]]]}, "properties": {"osm_id": 810065128, "osm_type": "way", "building": "yes", "name": null}}, {"type": "Feature", "geometry": {"type": "Polygon", "coordinates": [[[-81.427301, 28.370592], [-81.427303, 28.370269], [-81.427049, 28.370267], [-81.427046, 28.370591], [-81.427301, 28.370592]]]}, "properties": {"osm_id": 810065131, "osm_type": "way", "building": "yes", "name": null}}, {"type": "Feature", "geometry": {"type": "Polygon", "coordinates": [[[-81.426353, 28.370739], [-81.426355, 28.370927], [-81.426639, 28.370925], [-81.426639, 28.370879], [-81.42668, 28.370878], [-81.426679, 28.370737], [-81.426353, 28.370739]]]}, "properties": {"osm_id": 810065132, "osm_type": "way", "building": "yes", "name": null}}, {"type": "Feature", "geometry": {"type": "Polygon", "coordinates": [[[-81.425207, 28.368239], [-81.424912, 28.368275], [-81.424944, 28.368473], [-81.425239, 28.368436], [-81.425207, 28.368239]]]}, "properties": {"osm_id": 810065136, "osm_type": "way", "building": "yes", "name": null}}, {"type": "Feature", "geometry": {"type": "Polygon", "coordinates": [[[-81.424469, 28.368317], [-81.424513, 28.36858], [-81.424736, 28.368551], [-81.424693, 28.368289], [-81.424469, 28.368317]]]}, "properties": {"osm_id": 810065137, "osm_type": "way", "building": "yes", "name": null}}, {"type": "Feature", "geometry": {"type": "Polygon", "coordinates": [[[-81.424222, 28.368636], [-81.424442, 28.3686], [-81.424388, 28.36834], [-81.424167, 28.368375], [-81.424222, 28.368636]]]}, "properties": {"osm_id": 810065138, "osm_type": "way", "building": "yes", "name": null}}, {"type": "Feature", "geometry": {"type": "Polygon", "coordinates": [[[-81.423991, 28.36842], [-81.423773, 28.368472], [-81.423852, 28.368728], [-81.42407, 28.368676], [-81.423991, 28.36842]]]}, "properties": {"osm_id": 810065139, "osm_type": "way", "building": "yes", "name": null}}, {"type": "Feature", "geometry": {"type": "Polygon", "coordinates": [[[-81.425066, 28.368648], [-81.425087, 28.368914], [-81.425313, 28.3689], [-81.425292, 28.368635], [-81.425066, 28.368648]]]}, "properties": {"osm_id": 810065140, "osm_type": "way", "building": "yes", "name": null}}, {"type": "Feature", "geometry": {"type": "Polygon", "coordinates": [[[-81.425101, 28.368984], [-81.425101, 28.369251], [-81.425326, 28.369251], [-81.425326, 28.368984], [-81.425101, 28.368984]]]}, "properties": {"osm_id": 810065141, "osm_type": "way", "building": "yes", "name": null}}, {"type": "Feature", "geometry": {"type": "Polygon", "coordinates": [[[-81.424881, 28.36899], [-81.424828, 28.368727], [-81.424604, 28.368762], [-81.424658, 28.369025], [-81.424881, 28.36899]]]}, "properties": {"osm_id": 810065142, "osm_type": "way", "building": "yes", "name": null}}, {"type": "Feature", "geometry": {"type": "Polygon", "coordinates": [[[-81.42453, 28.368782], [-81.424308, 28.368815], [-81.424358, 28.369074], [-81.42458, 28.369041], [-81.42453, 28.368782]]]}, "properties": {"osm_id": 810065143, "osm_type": "way", "building": "yes", "name": null}}, {"type": "Feature", "geometry": {"type": "Polygon", "coordinates": [[[-81.424118, 28.36914], [-81.424035, 28.368885], [-81.423817, 28.368941], [-81.423901, 28.369195], [-81.424118, 28.36914]]]}, "properties": {"osm_id": 810065144, "osm_type": "way", "building": "yes", "name": null}}, {"type": "Feature", "geometry": {"type": "Polygon", "coordinates": [[[-81.423914, 28.369551], [-81.424131, 28.369493], [-81.424046, 28.369242], [-81.423828, 28.3693], [-81.423914, 28.369551]]]}, "properties": {"osm_id": 810065145, "osm_type": "way", "building": "yes", "name": null}}, {"type": "Feature", "geometry": {"type": "Polygon", "coordinates": [[[-81.424549, 28.369392], [-81.424493, 28.36913], [-81.424273, 28.369166], [-81.424328, 28.369428], [-81.424549, 28.369392]]]}, "properties": {"osm_id": 810065146, "osm_type": "way", "building": "yes", "name": null}}, {"type": "Feature", "geometry": {"type": "Polygon", "coordinates": [[[-81.4247931, 28.3690935], [-81.424763, 28.3690989], [-81.4247596, 28.3690839], [-81.4246008, 28.3691124], [-81.4246046, 28.3691287], [-81.4245807, 28.369133], [-81.4246015, 28.3692226], [-81.4246233, 28.3692186], [-81.4246341, 28.3692654], [-81.4246117, 28.3692694], [-81.4246316, 28.3693552], [-81.4246937, 28.3693441], [-81.4246979, 28.3693625], [-81.4247467, 28.3693538], [-81.4247425, 28.3693356], [-81.4248422, 28.3693178], [-81.4248167, 28.3692076], [-81.424796, 28.3692113], [-81.42479, 28.3691854], [-81.4248134, 28.3691812], [-81.4247931, 28.3690935]]]}, "properties": {"osm_id": 810065147, "osm_type": "way", "building": "apartments", "name": null}}, {"type": "Feature", "geometry": {"type": "Polygon", "coordinates": [[[-81.425037, 28.369643], [-81.425332, 28.369643], [-81.425332, 28.369442], [-81.425037, 28.369442], [-81.425037, 28.369643]]]}, "properties": {"osm_id": 810065148, "osm_type": "way", "building": "yes", "name": null}}, {"type": "Feature", "geometry": {"type": "Polygon", "coordinates": [[[-81.4245945, 28.3698127], [-81.4246233, 28.3698128], [-81.4246232, 28.3698307], [-81.4247837, 28.3698311], [-81.4247838, 28.3698121], [-81.4248128, 28.3698122], [-81.4248131, 28.3697163], [-81.4247899, 28.3697162], [-81.42479, 28.3696996], [-81.4248124, 28.3696997], [-81.4248128, 28.3695684], [-81.4246393, 28.3695679], [-81.4246393, 28.3695856], [-81.4245941, 28.3695855], [-81.4245938, 28.3696778], [-81.4246174, 28.3696778], [-81.4246173, 28.3697243], [-81.4245948, 28.3697242], [-81.4245945, 28.3698127]]]}, "properties": {"osm_id": 810065149, "osm_type": "way", "building": "apartments", "name": null}}, {"type": "Feature", "geometry": {"type": "Polygon", "coordinates": [[[-81.425332, 28.369985], [-81.425332, 28.369784], [-81.425034, 28.369784], [-81.425034, 28.369985], [-81.425332, 28.369985]]]}, "properties": {"osm_id": 810065150, "osm_type": "way", "building": "yes", "name": null}}, {"type": "Feature", "geometry": {"type": "Polygon", "coordinates": [[[-81.424236, 28.369653], [-81.424314, 28.369911], [-81.424529, 28.369861], [-81.424452, 28.369603], [-81.424236, 28.369653]]]}, "properties": {"osm_id": 810065151, "osm_type": "way", "building": "yes", "name": null}}, {"type": "Feature", "geometry": {"type": "Polygon", "coordinates": [[[-81.423798, 28.369809], [-81.423903, 28.370055], [-81.424115, 28.369986], [-81.42401, 28.369739], [-81.423798, 28.369809]]]}, "properties": {"osm_id": 810065152, "osm_type": "way", "building": "yes", "name": null}}, {"type": "Feature", "geometry": {"type": "Polygon", "coordinates": [[[-81.423765, 28.370128], [-81.423655, 28.369882], [-81.423444, 28.369955], [-81.423553, 28.370201], [-81.423765, 28.370128]]]}, "properties": {"osm_id": 810065153, "osm_type": "way", "building": "yes", "name": null}}, {"type": "Feature", "geometry": {"type": "Polygon", "coordinates": [[[-81.423487, 28.37024], [-81.423377, 28.369996], [-81.423168, 28.370069], [-81.423279, 28.370313], [-81.423487, 28.37024]]]}, "properties": {"osm_id": 810065154, "osm_type": "way", "building": "yes", "name": null}}, {"type": "Feature", "geometry": {"type": "Polygon", "coordinates": [[[-81.423232, 28.369836], [-81.423438, 28.369756], [-81.423317, 28.369514], [-81.423111, 28.369593], [-81.423232, 28.369836]]]}, "properties": {"osm_id": 810065155, "osm_type": "way", "building": "yes", "name": null}}, {"type": "Feature", "geometry": {"type": "Polygon", "coordinates": [[[-81.423605, 28.369404], [-81.423392, 28.369473], [-81.423495, 28.36972], [-81.423707, 28.369651], [-81.423605, 28.369404]]]}, "properties": {"osm_id": 810065156, "osm_type": "way", "building": "yes", "name": null}}, {"type": "Feature", "geometry": {"type": "Polygon", "coordinates": [[[-81.423369, 28.369406], [-81.423582, 28.36933], [-81.423467, 28.369083], [-81.423255, 28.369159], [-81.423369, 28.369406]]]}, "properties": {"osm_id": 810065157, "osm_type": "way", "building": "yes", "name": null}}, {"type": "Feature", "geometry": {"type": "Polygon", "coordinates": [[[-81.422981, 28.369268], [-81.423083, 28.369516], [-81.423298, 28.369448], [-81.423196, 28.3692], [-81.422981, 28.369268]]]}, "properties": {"osm_id": 810065158, "osm_type": "way", "building": "yes", "name": null}}, {"type": "Feature", "geometry": {"type": "Polygon", "coordinates": [[[-81.422628, 28.369411], [-81.42273, 28.369663], [-81.42295, 28.369594], [-81.422848, 28.369342], [-81.422628, 28.369411]]]}, "properties": {"osm_id": 810065159, "osm_type": "way", "building": "yes", "name": null}}, {"type": "Feature", "geometry": {"type": "Polygon", "coordinates": [[[-81.422917, 28.369678], [-81.422706, 28.369755], [-81.422821, 28.370001], [-81.423033, 28.369923], [-81.422917, 28.369678]]]}, "properties": {"osm_id": 810065162, "osm_type": "way", "building": "yes", "name": null}}, {"type": "Feature", "geometry": {"type": "Polygon", "coordinates": [[[-81.422942, 28.370153], [-81.42274, 28.370248], [-81.422882, 28.370481], [-81.423084, 28.370385], [-81.422942, 28.370153]]]}, "properties": {"osm_id": 810065163, "osm_type": "way", "building": "yes", "name": null}}, {"type": "Feature", "geometry": {"type": "Polygon", "coordinates": [[[-81.4228481, 28.3712712], [-81.4228398, 28.3712437], [-81.4228592, 28.3712392], [-81.4228183, 28.3711042], [-81.4227973, 28.3711091], [-81.422789, 28.3710817], [-81.4226923, 28.3711044], [-81.4226988, 28.371126], [-81.4226734, 28.371132], [-81.4226675, 28.3711125], [-81.4225242, 28.3711461], [-81.4225638, 28.371277], [-81.4225842, 28.3712723], [-81.4226015, 28.3713292], [-81.422699, 28.3713063], [-81.4226922, 28.371284], [-81.4227435, 28.371272], [-81.4227502, 28.3712941], [-81.4228481, 28.3712712]]]}, "properties": {"osm_id": 810065166, "osm_type": "way", "building": "apartments", "name": null}}, {"type": "Feature", "geometry": {"type": "Polygon", "coordinates": [[[-81.424451, 28.370343], [-81.424255, 28.370437], [-81.424398, 28.370669], [-81.424595, 28.370575], [-81.424451, 28.370343]]]}, "properties": {"osm_id": 810065707, "osm_type": "way", "building": "yes", "name": null}}, {"type": "Feature", "geometry": {"type": "Polygon", "coordinates": [[[-81.424876, 28.370311], [-81.424651, 28.370311], [-81.424651, 28.370577], [-81.424876, 28.370577], [-81.424876, 28.370311]]]}, "properties": {"osm_id": 810065708, "osm_type": "way", "building": "yes", "name": null}}, {"type": "Feature", "geometry": {"type": "Polygon", "coordinates": [[[-81.425036, 28.37055], [-81.425331, 28.370553], [-81.425334, 28.37035], [-81.425038, 28.370347], [-81.425036, 28.37055]]]}, "properties": {"osm_id": 810065709, "osm_type": "way", "building": "yes", "name": null}}, {"type": "Feature", "geometry": {"type": "Polygon", "coordinates": [[[-81.425039, 28.370742], [-81.425039, 28.370943], [-81.425337, 28.370943], [-81.425337, 28.370742], [-81.425039, 28.370742]]]}, "properties": {"osm_id": 810065710, "osm_type": "way", "building": "yes", "name": null}}, {"type": "Feature", "geometry": {"type": "Polygon", "coordinates": [[[-81.425042, 28.371212], [-81.42534, 28.371212], [-81.42534, 28.371012], [-81.425042, 28.371012], [-81.425042, 28.371212]]]}, "properties": {"osm_id": 810065711, "osm_type": "way", "building": "yes", "name": null}}, {"type": "Feature", "geometry": {"type": "Polygon", "coordinates": [[[-81.424468, 28.371184], [-81.42458, 28.37136], [-81.424843, 28.37123], [-81.424732, 28.371055], [-81.424468, 28.371184]]]}, "properties": {"osm_id": 810065712, "osm_type": "way", "building": "yes", "name": null}}, {"type": "Feature", "geometry": {"type": "Polygon", "coordinates": [[[-81.424648, 28.37077], [-81.424381, 28.370896], [-81.424491, 28.371076], [-81.424758, 28.37095], [-81.424648, 28.37077]]]}, "properties": {"osm_id": 810065713, "osm_type": "way", "building": "yes", "name": null}}, {"type": "Feature", "geometry": {"type": "Polygon", "coordinates": [[[-81.424054, 28.371065], [-81.424157, 28.371244], [-81.424424, 28.371126], [-81.424322, 28.370947], [-81.424054, 28.371065]]]}, "properties": {"osm_id": 810065714, "osm_type": "way", "building": "yes", "name": null}}, {"type": "Feature", "geometry": {"type": "Polygon", "coordinates": [[[-81.423872, 28.370631], [-81.424004, 28.370868], [-81.424211, 28.370778], [-81.424079, 28.370542], [-81.423872, 28.370631]]]}, "properties": {"osm_id": 810065715, "osm_type": "way", "building": "yes", "name": null}}, {"type": "Feature", "geometry": {"type": "Polygon", "coordinates": [[[-81.42361, 28.370772], [-81.423753, 28.371005], [-81.42395, 28.370911], [-81.423807, 28.370678], [-81.42361, 28.370772]]]}, "properties": {"osm_id": 810065716, "osm_type": "way", "building": "yes", "name": null}}, {"type": "Feature", "geometry": {"type": "Polygon", "coordinates": [[[-81.4234234, 28.3708945], [-81.4233985, 28.3709075], [-81.4233891, 28.3708935], [-81.4232529, 28.3709647], [-81.4232629, 28.3709796], [-81.4232354, 28.370994], [-81.4232916, 28.3710773], [-81.4233127, 28.3710663], [-81.4233362, 28.3711012], [-81.4233162, 28.3711116], [-81.4233674, 28.3711874], [-81.4234224, 28.3711586], [-81.4234331, 28.3711745], [-81.4234767, 28.3711517], [-81.4234663, 28.3711364], [-81.4235551, 28.37109], [-81.4234894, 28.3709926], [-81.4234696, 28.371003], [-81.4234561, 28.370983], [-81.4234761, 28.3709726], [-81.4234234, 28.3708945]]]}, "properties": {"osm_id": 810065717, "osm_type": "way", "building": "apartments", "name": null}}, {"type": "Feature", "geometry": {"type": "Polygon", "coordinates": [[[-81.4231402, 28.371013], [-81.4231087, 28.3710148], [-81.4231076, 28.3710003], [-81.4229493, 28.3710095], [-81.4229506, 28.3710264], [-81.4229231, 28.371028], [-81.4229299, 28.3711186], [-81.4229534, 28.3711172], [-81.422955, 28.3711389], [-81.4229336, 28.3711402], [-81.4229421, 28.3712529], [-81.4230446, 28.3712469], [-81.4230459, 28.371264], [-81.423096, 28.3712611], [-81.4230946, 28.3712431], [-81.4231588, 28.3712394], [-81.423152, 28.3711484], [-81.4231284, 28.3711498], [-81.4231253, 28.3711084], [-81.4231473, 28.3711071], [-81.4231402, 28.371013]]]}, "properties": {"osm_id": 810065718, "osm_type": "way", "building": "apartments", "name": null}}, {"type": "Feature", "geometry": {"type": "Polygon", "coordinates": [[[-81.423308, 28.371695], [-81.423206, 28.371443], [-81.422991, 28.37151], [-81.423094, 28.371762], [-81.423308, 28.371695]]]}, "properties": {"osm_id": 810065719, "osm_type": "way", "building": "yes", "name": null}}, {"type": "Feature", "geometry": {"type": "Polygon", "coordinates": [[[-81.422984, 28.3717], [-81.422888, 28.371451], [-81.422672, 28.371515], [-81.422769, 28.371765], [-81.422984, 28.3717]]]}, "properties": {"osm_id": 810065720, "osm_type": "way", "building": "yes", "name": null}}, {"type": "Feature", "geometry": {"type": "Polygon", "coordinates": [[[-81.422834, 28.372085], [-81.423056, 28.372076], [-81.423042, 28.371812], [-81.42282, 28.371821], [-81.422834, 28.372085]]]}, "properties": {"osm_id": 810065721, "osm_type": "way", "building": "yes", "name": null}}, {"type": "Feature", "geometry": {"type": "Polygon", "coordinates": [[[-81.423493, 28.372039], [-81.423406, 28.371784], [-81.423188, 28.371842], [-81.423275, 28.372096], [-81.423493, 28.372039]]]}, "properties": {"osm_id": 810065722, "osm_type": "way", "building": "yes", "name": null}}, {"type": "Feature", "geometry": {"type": "Polygon", "coordinates": [[[-81.423933, 28.371845], [-81.423797, 28.371607], [-81.423597, 28.371696], [-81.423733, 28.371934], [-81.423933, 28.371845]]]}, "properties": {"osm_id": 810065723, "osm_type": "way", "building": "yes", "name": null}}, {"type": "Feature", "geometry": {"type": "Polygon", "coordinates": [[[-81.423858, 28.371561], [-81.423994, 28.371798], [-81.424199, 28.371708], [-81.424064, 28.37147], [-81.423858, 28.371561]]]}, "properties": {"osm_id": 810065724, "osm_type": "way", "building": "yes", "name": null}}, {"type": "Feature", "geometry": {"type": "Polygon", "coordinates": [[[-81.424019, 28.371408], [-81.423881, 28.371173], [-81.423678, 28.371265], [-81.423815, 28.3715], [-81.424019, 28.371408]]]}, "properties": {"osm_id": 810065725, "osm_type": "way", "building": "yes", "name": null}}, {"type": "Feature", "geometry": {"type": "Polygon", "coordinates": [[[-81.423751, 28.371551], [-81.423623, 28.371312], [-81.42342, 28.371396], [-81.423549, 28.371635], [-81.423751, 28.371551]]]}, "properties": {"osm_id": 810065726, "osm_type": "way", "building": "yes", "name": null}}, {"type": "Feature", "geometry": {"type": "Polygon", "coordinates": [[[-81.424436, 28.371267], [-81.424239, 28.371359], [-81.424381, 28.371593], [-81.424577, 28.371501], [-81.424436, 28.371267]]]}, "properties": {"osm_id": 810065727, "osm_type": "way", "building": "yes", "name": null}}, {"type": "Feature", "geometry": {"type": "Polygon", "coordinates": [[[-81.424765, 28.371936], [-81.424623, 28.371704], [-81.424423, 28.371799], [-81.424565, 28.372031], [-81.424765, 28.371936]]]}, "properties": {"osm_id": 810065728, "osm_type": "way", "building": "yes", "name": null}}, {"type": "Feature", "geometry": {"type": "Polygon", "coordinates": [[[-81.424351, 28.371843], [-81.424158, 28.371943], [-81.424311, 28.372171], [-81.424504, 28.37207], [-81.424351, 28.371843]]]}, "properties": {"osm_id": 810065729, "osm_type": "way", "building": "yes", "name": null}}, {"type": "Feature", "geometry": {"type": "Polygon", "coordinates": [[[-81.423827, 28.372107], [-81.423964, 28.372342], [-81.424166, 28.372251], [-81.424028, 28.372016], [-81.423827, 28.372107]]]}, "properties": {"osm_id": 810065730, "osm_type": "way", "building": "yes", "name": null}}, {"type": "Feature", "geometry": {"type": "Polygon", "coordinates": [[[-81.423563, 28.372248], [-81.423704, 28.37248], [-81.423904, 28.372386], [-81.423764, 28.372154], [-81.423563, 28.372248]]]}, "properties": {"osm_id": 810065731, "osm_type": "way", "building": "yes", "name": null}}, {"type": "Feature", "geometry": {"type": "Polygon", "coordinates": [[[-81.423124, 28.372541], [-81.42335, 28.372541], [-81.42335, 28.372274], [-81.423124, 28.372274], [-81.423124, 28.372541]]]}, "properties": {"osm_id": 810065732, "osm_type": "way", "building": "yes", "name": null}}, {"type": "Feature", "geometry": {"type": "Polygon", "coordinates": [[[-81.423047, 28.372541], [-81.423047, 28.372274], [-81.422821, 28.372274], [-81.422821, 28.372541], [-81.423047, 28.372541]]]}, "properties": {"osm_id": 810065733, "osm_type": "way", "building": "yes", "name": null}}, {"type": "Feature", "geometry": {"type": "Polygon", "coordinates": [[[-81.425102, 28.371724], [-81.424931, 28.371504], [-81.424744, 28.371617], [-81.424914, 28.371837], [-81.425102, 28.371724]]]}, "properties": {"osm_id": 810065734, "osm_type": "way", "building": "yes", "name": null}}, {"type": "Feature", "geometry": {"type": "Polygon", "coordinates": [[[-81.424991, 28.371462], [-81.425163, 28.371679], [-81.42535, 28.371564], [-81.425178, 28.371347], [-81.424991, 28.371462]]]}, "properties": {"osm_id": 810065735, "osm_type": "way", "building": "yes", "name": null}}, {"type": "Feature", "geometry": {"type": "Polygon", "coordinates": [[[-81.422864, 28.368817], [-81.42297, 28.369062], [-81.423181, 28.368992], [-81.423075, 28.368746], [-81.422864, 28.368817]]]}, "properties": {"osm_id": 810065746, "osm_type": "way", "building": "yes", "name": null}}, {"type": "Feature", "geometry": {"type": "Polygon", "coordinates": [[[-81.423425, 28.368599], [-81.423214, 28.368674], [-81.423327, 28.368919], [-81.423538, 28.368844], [-81.423425, 28.368599]]]}, "properties": {"osm_id": 810065747, "osm_type": "way", "building": "yes", "name": null}}, {"type": "Feature", "geometry": {"type": "Polygon", "coordinates": [[[-81.424096, 28.375951], [-81.424304, 28.375952], [-81.424305, 28.374829], [-81.424235, 28.374829], [-81.424235, 28.375271], [-81.424097, 28.375271], [-81.424096, 28.375951]]]}, "properties": {"osm_id": 823633001, "osm_type": "way", "building": "yes", "name": null}}, {"type": "Feature", "geometry": {"type": "Polygon", "coordinates": [[[-81.424986, 28.3753], [-81.424986, 28.37521], [-81.424391, 28.375211], [-81.424391, 28.3753], [-81.424986, 28.3753]]]}, "properties": {"osm_id": 823633002, "osm_type": "way", "building": "yes", "name": null}}, {"type": "Feature", "geometry": {"type": "Polygon", "coordinates": [[[-81.42505, 28.375146], [-81.42505, 28.375045], [-81.42439, 28.375045], [-81.42439, 28.375146], [-81.42505, 28.375146]]]}, "properties": {"osm_id": 823633003, "osm_type": "way", "building": "yes", "name": null}}, {"type": "Feature", "geometry": {"type": "Polygon", "coordinates": [[[-81.424388, 28.374983], [-81.425048, 28.374983], [-81.425048, 28.37488], [-81.424388, 28.37488], [-81.424388, 28.374983]]]}, "properties": {"osm_id": 823633004, "osm_type": "way", "building": "yes", "name": null}}, {"type": "Feature", "geometry": {"type": "Polygon", "coordinates": [[[-81.42463, 28.374717], [-81.42463, 28.374752], [-81.424539, 28.374753], [-81.424539, 28.374781], [-81.424483, 28.374781], [-81.424483, 28.374817], [-81.425046, 28.374814], [-81.425046, 28.374715], [-81.42463, 28.374717]]]}, "properties": {"osm_id": 823633005, "osm_type": "way", "building": "yes", "name": null}}, {"type": "Feature", "geometry": {"type": "Polygon", "coordinates": [[[-81.425332, 28.375465], [-81.425331, 28.374423], [-81.425134, 28.374423], [-81.425134, 28.374468], [-81.425056, 28.374468], [-81.425056, 28.374512], [-81.425135, 28.374511], [-81.425136, 28.375465], [-81.425332, 28.375465]]]}, "properties": {"osm_id": 823633006, "osm_type": "way", "building": "yes", "name": null}}, {"type": "Feature", "geometry": {"type": "Polygon", "coordinates": [[[-81.425118, 28.375462], [-81.425118, 28.375376], [-81.424473, 28.375376], [-81.424473, 28.375435], [-81.424403, 28.375435], [-81.424403, 28.375797], [-81.424497, 28.375797], [-81.424497, 28.375462], [-81.425118, 28.375462]]]}, "properties": {"osm_id": 823633007, "osm_type": "way", "building": "yes", "name": null}}, {"type": "Feature", "geometry": {"type": "Polygon", "coordinates": [[[-81.4280617, 28.373836], [-81.4279987, 28.3737952], [-81.427902, 28.373907], [-81.427966, 28.373949], [-81.4280617, 28.373836]]]}, "properties": {"osm_id": 823633062, "osm_type": "way", "building": "yes", "name": null}}, {"type": "Feature", "geometry": {"type": "Polygon", "coordinates": [[[-81.428376, 28.374209], [-81.42824, 28.374035], [-81.428263, 28.374021], [-81.428217, 28.373963], [-81.428057, 28.37406], [-81.428101, 28.374117], [-81.427925, 28.374223], [-81.427891, 28.374179], [-81.42773, 28.374277], [-81.427781, 28.374342], [-81.427818, 28.37432], [-81.427947, 28.374485], [-81.428082, 28.374403], [-81.428056, 28.37437], [-81.42823, 28.374264], [-81.428247, 28.374287], [-81.428376, 28.374209]]]}, "properties": {"osm_id": 823633063, "osm_type": "way", "building": "yes", "name": null}}, {"type": "Feature", "geometry": {"type": "Polygon", "coordinates": [[[-81.427551, 28.374095], [-81.427582, 28.374159], [-81.427836, 28.374064], [-81.427805, 28.374], [-81.427551, 28.374095]]]}, "properties": {"osm_id": 823633064, "osm_type": "way", "building": "yes", "name": null}}, {"type": "Feature", "geometry": {"type": "Polygon", "coordinates": [[[-81.426873, 28.374365], [-81.426907, 28.374436], [-81.427169, 28.374339], [-81.427135, 28.374268], [-81.426873, 28.374365]]]}, "properties": {"osm_id": 823633065, "osm_type": "way", "building": "yes", "name": null}}, {"type": "Feature", "geometry": {"type": "Polygon", "coordinates": [[[-81.427713, 28.374595], [-81.42764, 28.374389], [-81.427663, 28.374383], [-81.427641, 28.374321], [-81.427448, 28.374374], [-81.427473, 28.374445], [-81.427276, 28.3745], [-81.42726, 28.374457], [-81.42708, 28.374507], [-81.427105, 28.374577], [-81.427143, 28.374567], [-81.427212, 28.374759], [-81.427381, 28.374712], [-81.427365, 28.374668], [-81.427558, 28.374615], [-81.427565, 28.374636], [-81.427713, 28.374595]]]}, "properties": {"osm_id": 823633066, "osm_type": "way", "building": "yes", "name": null}}, {"type": "Feature", "geometry": {"type": "Polygon", "coordinates": [[[-81.426803, 28.375192], [-81.426804, 28.375048], [-81.426764, 28.375047], [-81.426766, 28.374869], [-81.426801, 28.37487], [-81.426803, 28.374722], [-81.426574, 28.37472], [-81.426574, 28.374692], [-81.426489, 28.374691], [-81.426487, 28.37486], [-81.426557, 28.37486], [-81.426555, 28.37505], [-81.426489, 28.37505], [-81.426487, 28.375221], [-81.426573, 28.375221], [-81.426574, 28.37519], [-81.426803, 28.375192]]]}, "properties": {"osm_id": 823633067, "osm_type": "way", "building": "yes", "name": null}}, {"type": "Feature", "geometry": {"type": "Polygon", "coordinates": [[[-81.426254, 28.374957], [-81.426337, 28.374956], [-81.426336, 28.374776], [-81.426253, 28.374776], [-81.426254, 28.374957]]]}, "properties": {"osm_id": 823633068, "osm_type": "way", "building": "yes", "name": null}}, {"type": "Feature", "geometry": {"type": "Polygon", "coordinates": [[[-81.426338, 28.375024], [-81.42626, 28.375024], [-81.42626, 28.375203], [-81.426338, 28.375203], [-81.426338, 28.375024]]]}, "properties": {"osm_id": 823633069, "osm_type": "way", "building": "yes", "name": null}}, {"type": "Feature", "geometry": {"type": "Polygon", "coordinates": [[[-81.426603, 28.374472], [-81.42641, 28.374526], [-81.426435, 28.374593], [-81.426627, 28.37454], [-81.426603, 28.374472]]]}, "properties": {"osm_id": 823633070, "osm_type": "way", "building": "yes", "name": null}}, {"type": "Feature", "geometry": {"type": "Polygon", "coordinates": [[[-81.426863, 28.375361], [-81.427137, 28.375361], [-81.427137, 28.375285], [-81.426863, 28.375285], [-81.426863, 28.375361]]]}, "properties": {"osm_id": 823633071, "osm_type": "way", "building": "yes", "name": null}}, {"type": "Feature", "geometry": {"type": "Polygon", "coordinates": [[[-81.426983, 28.375567], [-81.426885, 28.375566], [-81.426883, 28.375738], [-81.426981, 28.375739], [-81.426983, 28.375567]]]}, "properties": {"osm_id": 823633072, "osm_type": "way", "building": "yes", "name": null}}, {"type": "Feature", "geometry": {"type": "Polygon", "coordinates": [[[-81.426812, 28.375573], [-81.426622, 28.375573], [-81.426622, 28.375732], [-81.426812, 28.375732], [-81.426812, 28.375573]]]}, "properties": {"osm_id": 823633073, "osm_type": "way", "building": "yes", "name": null}}, {"type": "Feature", "geometry": {"type": "Polygon", "coordinates": [[[-81.426434, 28.375793], [-81.426434, 28.375538], [-81.426297, 28.375538], [-81.426297, 28.375793], [-81.426434, 28.375793]]]}, "properties": {"osm_id": 823633074, "osm_type": "way", "building": "yes", "name": null}}, {"type": "Feature", "geometry": {"type": "Polygon", "coordinates": [[[-81.427279, 28.375873], [-81.427279, 28.375635], [-81.427193, 28.375635], [-81.427193, 28.375873], [-81.427279, 28.375873]]]}, "properties": {"osm_id": 823633075, "osm_type": "way", "building": "yes", "name": null}}, {"type": "Feature", "geometry": {"type": "Polygon", "coordinates": [[[-81.428064, 28.375793], [-81.428039, 28.375587], [-81.428071, 28.375584], [-81.428062, 28.375514], [-81.42787, 28.375532], [-81.427878, 28.375596], [-81.427667, 28.375616], [-81.42766, 28.375559], [-81.427488, 28.375575], [-81.427521, 28.375853], [-81.427699, 28.375836], [-81.427694, 28.375799], [-81.427905, 28.375779], [-81.427908, 28.375807], [-81.428064, 28.375793]]]}, "properties": {"osm_id": 823633076, "osm_type": "way", "building": "yes", "name": null}}, {"type": "Feature", "geometry": {"type": "Polygon", "coordinates": [[[-81.428017, 28.374935], [-81.427855, 28.374978], [-81.427868, 28.375015], [-81.427667, 28.375069], [-81.427659, 28.375046], [-81.427502, 28.375089], [-81.427596, 28.375357], [-81.427765, 28.375312], [-81.42774, 28.375241], [-81.427948, 28.375184], [-81.427967, 28.375236], [-81.428147, 28.375187], [-81.428119, 28.375109], [-81.428081, 28.375119], [-81.428017, 28.374935]]]}, "properties": {"osm_id": 823633077, "osm_type": "way", "building": "yes", "name": null}}, {"type": "Feature", "geometry": {"type": "Polygon", "coordinates": [[[-81.428077, 28.37492], [-81.428143, 28.375018], [-81.428464, 28.37485], [-81.428398, 28.374752], [-81.428077, 28.37492]]]}, "properties": {"osm_id": 823633078, "osm_type": "way", "building": "yes", "name": null}}, {"type": "Feature", "geometry": {"type": "Polygon", "coordinates": [[[-81.429401, 28.375028], [-81.429248, 28.374868], [-81.429272, 28.37485], [-81.429219, 28.374795], [-81.429067, 28.374909], [-81.429114, 28.374958], [-81.428956, 28.375075], [-81.428915, 28.375032], [-81.428771, 28.37514], [-81.428822, 28.375193], [-81.428844, 28.375177], [-81.428997, 28.375336], [-81.429126, 28.37524], [-81.429099, 28.375213], [-81.429258, 28.375094], [-81.42928, 28.375117], [-81.429401, 28.375028]]]}, "properties": {"osm_id": 823633079, "osm_type": "way", "building": "yes", "name": null}}, {"type": "Feature", "geometry": {"type": "Polygon", "coordinates": [[[-81.428512, 28.374683], [-81.428675, 28.374826], [-81.428649, 28.374849], [-81.428707, 28.374901], [-81.428842, 28.374783], [-81.428794, 28.374741], [-81.428947, 28.374606], [-81.428998, 28.374651], [-81.429135, 28.37453], [-81.429078, 28.374479], [-81.429056, 28.374498], [-81.428905, 28.374365], [-81.428644, 28.374594], [-81.428629, 28.374581], [-81.428512, 28.374683]]]}, "properties": {"osm_id": 823633080, "osm_type": "way", "building": "yes", "name": null}}, {"type": "Feature", "geometry": {"type": "Polygon", "coordinates": [[[-81.429603, 28.374657], [-81.429402, 28.374531], [-81.429314, 28.374639], [-81.429516, 28.374765], [-81.429603, 28.374657]]]}, "properties": {"osm_id": 823633081, "osm_type": "way", "building": "yes", "name": null}}, {"type": "Feature", "geometry": {"type": "Polygon", "coordinates": [[[-81.429902, 28.374462], [-81.429905, 28.37432], [-81.429865, 28.37432], [-81.429869, 28.374138], [-81.429905, 28.374139], [-81.429909, 28.373992], [-81.429674, 28.373988], [-81.429675, 28.373957], [-81.429599, 28.373956], [-81.429595, 28.374128], [-81.429663, 28.374129], [-81.429658, 28.374321], [-81.429594, 28.374319], [-81.42959, 28.374487], [-81.429668, 28.374488], [-81.429668, 28.374458], [-81.429902, 28.374462]]]}, "properties": {"osm_id": 823633082, "osm_type": "way", "building": "yes", "name": null}}, {"type": "Feature", "geometry": {"type": "Polygon", "coordinates": [[[-81.429586, 28.373777], [-81.429508, 28.373777], [-81.429508, 28.373924], [-81.429586, 28.373924], [-81.429586, 28.373777]]]}, "properties": {"osm_id": 823633083, "osm_type": "way", "building": "yes", "name": null}}, {"type": "Feature", "geometry": {"type": "Polygon", "coordinates": [[[-81.429308, 28.374055], [-81.429309, 28.37385], [-81.429344, 28.37385], [-81.429344, 28.373781], [-81.429151, 28.37378], [-81.42915, 28.373839], [-81.428939, 28.373838], [-81.428939, 28.37378], [-81.428746, 28.373779], [-81.428745, 28.373853], [-81.428783, 28.373853], [-81.428782, 28.374057], [-81.42894, 28.374058], [-81.42894, 28.374022], [-81.429154, 28.374023], [-81.429154, 28.374055], [-81.429308, 28.374055]]]}, "properties": {"osm_id": 823633084, "osm_type": "way", "building": "yes", "name": null}}, {"type": "Feature", "geometry": {"type": "Polygon", "coordinates": [[[-81.430869, 28.372507], [-81.430494, 28.372369], [-81.430504, 28.372349], [-81.43038, 28.372304], [-81.430292, 28.372491], [-81.430674, 28.37263], [-81.430661, 28.372657], [-81.430778, 28.3727], [-81.430869, 28.372507]]]}, "properties": {"osm_id": 823633085, "osm_type": "way", "building": "yes", "name": null}}, {"type": "Feature", "geometry": {"type": "Polygon", "coordinates": [[[-81.429994, 28.372468], [-81.430067, 28.372489], [-81.430117, 28.372355], [-81.430044, 28.372334], [-81.429994, 28.372468]]]}, "properties": {"osm_id": 823633086, "osm_type": "way", "building": "yes", "name": null}}, {"type": "Feature", "geometry": {"type": "Polygon", "coordinates": [[[-81.429587, 28.372125], [-81.429518, 28.372305], [-81.429951, 28.372432], [-81.430019, 28.372251], [-81.429587, 28.372125]]]}, "properties": {"osm_id": 823633087, "osm_type": "way", "building": "yes", "name": null}}, {"type": "Feature", "geometry": {"type": "Polygon", "coordinates": [[[-81.429437, 28.372267], [-81.429506, 28.372083], [-81.42908, 28.371961], [-81.429012, 28.372146], [-81.429437, 28.372267]]]}, "properties": {"osm_id": 823633088, "osm_type": "way", "building": "yes", "name": null}}, {"type": "Feature", "geometry": {"type": "Polygon", "coordinates": [[[-81.429243, 28.371482], [-81.429158, 28.371659], [-81.429541, 28.3718], [-81.429546, 28.371789], [-81.42959, 28.371806], [-81.42967, 28.371639], [-81.429243, 28.371482]]]}, "properties": {"osm_id": 823633089, "osm_type": "way", "building": "yes", "name": null}}, {"type": "Feature", "geometry": {"type": "Polygon", "coordinates": [[[-81.429782, 28.371704], [-81.429715, 28.371871], [-81.430148, 28.372004], [-81.430221, 28.371819], [-81.429834, 28.3717], [-81.429827, 28.371718], [-81.429782, 28.371704]]]}, "properties": {"osm_id": 823633090, "osm_type": "way", "building": "yes", "name": null}}, {"type": "Feature", "geometry": {"type": "Polygon", "coordinates": [[[-81.430355, 28.371993], [-81.430426, 28.372016], [-81.430482, 28.371882], [-81.430411, 28.37186], [-81.430355, 28.371993]]]}, "properties": {"osm_id": 823633091, "osm_type": "way", "building": "yes", "name": null}}, {"type": "Feature", "geometry": {"type": "Polygon", "coordinates": [[[-81.430957, 28.371699], [-81.43051, 28.371776], [-81.430553, 28.371969], [-81.431, 28.371892], [-81.430957, 28.371699]]]}, "properties": {"osm_id": 823633092, "osm_type": "way", "building": "yes", "name": null}}, {"type": "Feature", "geometry": {"type": "Polygon", "coordinates": [[[-81.430872, 28.372236], [-81.430733, 28.372169], [-81.430695, 28.372231], [-81.430834, 28.372297], [-81.430872, 28.372236]]]}, "properties": {"osm_id": 823633093, "osm_type": "way", "building": "yes", "name": null}}, {"type": "Feature", "geometry": {"type": "Polygon", "coordinates": [[[-81.4309441, 28.3720904], [-81.4309577, 28.3721338], [-81.4311109, 28.3720966], [-81.4310973, 28.3720532], [-81.4309441, 28.3720904]]]}, "properties": {"osm_id": 823633094, "osm_type": "way", "building": "yes", "name": null}}, {"type": "Feature", "geometry": {"type": "Polygon", "coordinates": [[[-81.431312, 28.371239], [-81.431101, 28.371154], [-81.430875, 28.37159], [-81.431065, 28.371666], [-81.431233, 28.371342], [-81.431254, 28.37135], [-81.431312, 28.371239]]]}, "properties": {"osm_id": 823633095, "osm_type": "way", "building": "yes", "name": null}}, {"type": "Feature", "geometry": {"type": "Polygon", "coordinates": [[[-81.431219, 28.370623], [-81.431011, 28.370577], [-81.430878, 28.371043], [-81.431086, 28.371089], [-81.431219, 28.370623]]]}, "properties": {"osm_id": 823633096, "osm_type": "way", "building": "yes", "name": null}}, {"type": "Feature", "geometry": {"type": "Polygon", "coordinates": [[[-81.429487, 28.370933], [-81.42927, 28.371373], [-81.429465, 28.371448], [-81.429628, 28.371118], [-81.429649, 28.371126], [-81.429703, 28.371016], [-81.429487, 28.370933]]]}, "properties": {"osm_id": 823633097, "osm_type": "way", "building": "yes", "name": null}}, {"type": "Feature", "geometry": {"type": "Polygon", "coordinates": [[[-81.429827, 28.370508], [-81.429573, 28.370855], [-81.429762, 28.370962], [-81.430016, 28.370615], [-81.429827, 28.370508]]]}, "properties": {"osm_id": 823633098, "osm_type": "way", "building": "yes", "name": null}}, {"type": "Feature", "geometry": {"type": "Polygon", "coordinates": [[[-81.430345, 28.370109], [-81.430246, 28.370176], [-81.430254, 28.370185], [-81.429923, 28.37041], [-81.430056, 28.370561], [-81.430485, 28.370268], [-81.430345, 28.370109]]]}, "properties": {"osm_id": 823633099, "osm_type": "way", "building": "yes", "name": null}}, {"type": "Feature", "geometry": {"type": "Polygon", "coordinates": [[[-81.430883, 28.369857], [-81.430703, 28.369729], [-81.430413, 28.370043], [-81.430592, 28.370171], [-81.430883, 28.369857]]]}, "properties": {"osm_id": 823633100, "osm_type": "way", "building": "yes", "name": null}}, {"type": "Feature", "geometry": {"type": "Polygon", "coordinates": [[[-81.430785, 28.36967], [-81.430939, 28.36981], [-81.43104, 28.369725], [-81.431029, 28.369715], [-81.431308, 28.369477], [-81.431159, 28.369341], [-81.431069, 28.369417], [-81.431075, 28.369424], [-81.430785, 28.36967]]]}, "properties": {"osm_id": 823633101, "osm_type": "way", "building": "yes", "name": null}}, {"type": "Feature", "geometry": {"type": "Polygon", "coordinates": [[[-81.4316413, 28.3699491], [-81.4314087, 28.3697922], [-81.4314491, 28.3697455], [-81.4313754, 28.3696949], [-81.4312508, 28.3698378], [-81.4314751, 28.3699879], [-81.4314417, 28.3700262], [-81.4315248, 28.3700827], [-81.4316413, 28.3699491]]]}, "properties": {"osm_id": 823633102, "osm_type": "way", "building": "yes", "name": null}}, {"type": "Feature", "geometry": {"type": "Polygon", "coordinates": [[[-81.431608, 28.370286], [-81.43144, 28.370152], [-81.431126, 28.370457], [-81.431295, 28.370591], [-81.431608, 28.370286]]]}, "properties": {"osm_id": 823633103, "osm_type": "way", "building": "yes", "name": null}}, {"type": "Feature", "geometry": {"type": "Polygon", "coordinates": [[[-81.431349, 28.370976], [-81.431419, 28.370993], [-81.431461, 28.370859], [-81.431392, 28.370842], [-81.431349, 28.370976]]]}, "properties": {"osm_id": 823633104, "osm_type": "way", "building": "yes", "name": null}}, {"type": "Feature", "geometry": {"type": "Polygon", "coordinates": [[[-81.431631, 28.370608], [-81.431585, 28.370663], [-81.431721, 28.370751], [-81.431767, 28.370695], [-81.431631, 28.370608]]]}, "properties": {"osm_id": 823633105, "osm_type": "way", "building": "yes", "name": null}}, {"type": "Feature", "geometry": {"type": "Polygon", "coordinates": [[[-81.432304, 28.370185], [-81.432122, 28.370078], [-81.431819, 28.370477], [-81.432001, 28.370584], [-81.432304, 28.370185]]]}, "properties": {"osm_id": 823633106, "osm_type": "way", "building": "yes", "name": null}}, {"type": "Feature", "geometry": {"type": "Polygon", "coordinates": [[[-81.432659, 28.369576], [-81.432551, 28.369674], [-81.432608, 28.369721], [-81.432715, 28.369624], [-81.432659, 28.369576]]]}, "properties": {"osm_id": 823633107, "osm_type": "way", "building": "yes", "name": null}}, {"type": "Feature", "geometry": {"type": "Polygon", "coordinates": [[[-81.432019, 28.369197], [-81.431738, 28.36893], [-81.43174, 28.368929], [-81.431655, 28.368849], [-81.431496, 28.368979], [-81.431861, 28.369325], [-81.432019, 28.369197]]]}, "properties": {"osm_id": 823633108, "osm_type": "way", "building": "yes", "name": null}}, {"type": "Feature", "geometry": {"type": "Polygon", "coordinates": [[[-81.431984, 28.369034], [-81.432128, 28.369097], [-81.432164, 28.369034], [-81.432019, 28.368971], [-81.431984, 28.369034]]]}, "properties": {"osm_id": 823633109, "osm_type": "way", "building": "yes", "name": null}}, {"type": "Feature", "geometry": {"type": "Polygon", "coordinates": [[[-81.432645, 28.369207], [-81.432587, 28.369248], [-81.432684, 28.369355], [-81.432742, 28.369315], [-81.432645, 28.369207]]]}, "properties": {"osm_id": 823633110, "osm_type": "way", "building": "yes", "name": null}}, {"type": "Feature", "geometry": {"type": "Polygon", "coordinates": [[[-81.432581, 28.369141], [-81.432531, 28.369177], [-81.432571, 28.369219], [-81.43262, 28.369183], [-81.432581, 28.369141]]]}, "properties": {"osm_id": 823633111, "osm_type": "way", "building": "yes", "name": null}}, {"type": "Feature", "geometry": {"type": "Polygon", "coordinates": [[[-81.433249, 28.368981], [-81.433065, 28.368857], [-81.432729, 28.369241], [-81.432913, 28.369366], [-81.433249, 28.368981]]]}, "properties": {"osm_id": 823633529, "osm_type": "way", "building": "yes", "name": null}}, {"type": "Feature", "geometry": {"type": "Polygon", "coordinates": [[[-81.433325, 28.368851], [-81.433393, 28.368609], [-81.433158, 28.368558], [-81.43309, 28.3688], [-81.433325, 28.368851]]]}, "properties": {"osm_id": 823633530, "osm_type": "way", "building": "yes", "name": null}}, {"type": "Feature", "geometry": {"type": "Polygon", "coordinates": [[[-81.432519, 28.368471], [-81.432338, 28.368351], [-81.432006, 28.368737], [-81.432186, 28.368857], [-81.432519, 28.368471]]]}, "properties": {"osm_id": 823633531, "osm_type": "way", "building": "yes", "name": null}}, {"type": "Feature", "geometry": {"type": "Polygon", "coordinates": [[[-81.431898, 28.36882], [-81.432034, 28.368901], [-81.432077, 28.368845], [-81.431941, 28.368764], [-81.431898, 28.36882]]]}, "properties": {"osm_id": 823633532, "osm_type": "way", "building": "yes", "name": null}}, {"type": "Feature", "geometry": {"type": "Polygon", "coordinates": [[[-81.432526, 28.368987], [-81.432464, 28.368945], [-81.432424, 28.368991], [-81.432486, 28.369033], [-81.432526, 28.368987]]]}, "properties": {"osm_id": 823633533, "osm_type": "way", "building": "yes", "name": null}}, {"type": "Feature", "geometry": {"type": "Polygon", "coordinates": [[[-81.4327, 28.367971], [-81.432404, 28.368293], [-81.432589, 28.368425], [-81.432886, 28.368103], [-81.4327, 28.367971]]]}, "properties": {"osm_id": 823633534, "osm_type": "way", "building": "yes", "name": null}}, {"type": "Feature", "geometry": {"type": "Polygon", "coordinates": [[[-81.433435, 28.367895], [-81.433362, 28.367704], [-81.432839, 28.367858], [-81.432912, 28.368049], [-81.433435, 28.367895]]]}, "properties": {"osm_id": 823633535, "osm_type": "way", "building": "yes", "name": null}}, {"type": "Feature", "geometry": {"type": "Polygon", "coordinates": [[[-81.433396, 28.36797], [-81.433431, 28.368107], [-81.433508, 28.368091], [-81.433472, 28.367954], [-81.433396, 28.36797]]]}, "properties": {"osm_id": 823633536, "osm_type": "way", "building": "yes", "name": null}}, {"type": "Feature", "geometry": {"type": "Polygon", "coordinates": [[[-81.433372, 28.36806], [-81.433135, 28.36808], [-81.433181, 28.36849], [-81.433418, 28.36847], [-81.433372, 28.36806]]]}, "properties": {"osm_id": 823633537, "osm_type": "way", "building": "yes", "name": null}}, {"type": "Feature", "geometry": {"type": "Polygon", "coordinates": [[[-81.432054, 28.3694073], [-81.4321829, 28.3692467], [-81.4322756, 28.3693077], [-81.43226, 28.3693257], [-81.4323039, 28.3693584], [-81.4323186, 28.369342], [-81.4324768, 28.3694451], [-81.4324602, 28.3694666], [-81.4324914, 28.3694889], [-81.432508, 28.3694692], [-81.4326086, 28.3695276], [-81.4324748, 28.3696848], [-81.4323781, 28.3696212], [-81.4323928, 28.3696041], [-81.4323606, 28.36958], [-81.4323508, 28.3695937], [-81.4321926, 28.3694898], [-81.4322092, 28.3694735], [-81.4321741, 28.3694468], [-81.4321487, 28.3694692], [-81.432054, 28.3694073]]]}, "properties": {"osm_id": 823633538, "osm_type": "way", "building": "yes", "name": null}}, {"type": "Feature", "geometry": {"type": "Polygon", "coordinates": [[[-81.432934, 28.370509], [-81.432801, 28.370421], [-81.432685, 28.370557], [-81.432818, 28.370645], [-81.432934, 28.370509]]]}, "properties": {"osm_id": 823633539, "osm_type": "way", "building": "yes", "name": null}}, {"type": "Feature", "geometry": {"type": "Polygon", "coordinates": [[[-81.4324672, 28.3707149], [-81.432448, 28.3707376], [-81.4323949, 28.3707046], [-81.4323403, 28.3707729], [-81.4323838, 28.3708001], [-81.4323373, 28.3708569], [-81.4324993, 28.3709581], [-81.4326187, 28.3708104], [-81.4324672, 28.3707149]]]}, "properties": {"osm_id": 823633540, "osm_type": "way", "building": "yes", "name": null}}, {"type": "Feature", "geometry": {"type": "Polygon", "coordinates": [[[-81.432333, 28.3708911], [-81.4323136, 28.3709195], [-81.4322702, 28.3708953], [-81.4322252, 28.3709606], [-81.432261, 28.370981], [-81.4322161, 28.3710452], [-81.4324059, 28.3711482], [-81.4324518, 28.3710841], [-81.4324121, 28.3710623], [-81.4324775, 28.3709698], [-81.432333, 28.3708911]]]}, "properties": {"osm_id": 823633541, "osm_type": "way", "building": "yes", "name": null}}, {"type": "Feature", "geometry": {"type": "Polygon", "coordinates": [[[-81.432143, 28.371243], [-81.4322922, 28.3713177], [-81.432393, 28.371162], [-81.4322438, 28.3710873], [-81.432143, 28.371243]]]}, "properties": {"osm_id": 823633542, "osm_type": "way", "building": "yes", "name": null}}, {"type": "Feature", "geometry": {"type": "Polygon", "coordinates": [[[-81.432005, 28.371257], [-81.431963, 28.371345], [-81.432013, 28.371364], [-81.431989, 28.371414], [-81.432198, 28.371492], [-81.432234, 28.371418], [-81.432189, 28.371402], [-81.432236, 28.371305], [-81.43208, 28.371247], [-81.432065, 28.371279], [-81.432005, 28.371257]]]}, "properties": {"osm_id": 823633543, "osm_type": "way", "building": "yes", "name": null}}, {"type": "Feature", "geometry": {"type": "Polygon", "coordinates": [[[-81.432088, 28.371581], [-81.43213, 28.371487], [-81.431907, 28.37141], [-81.431868, 28.371497], [-81.431923, 28.371516], [-81.431886, 28.371597], [-81.432098, 28.371671], [-81.432132, 28.371597], [-81.432088, 28.371581]]]}, "properties": {"osm_id": 823633544, "osm_type": "way", "building": "yes", "name": null}}, {"type": "Feature", "geometry": {"type": "Polygon", "coordinates": [[[-81.432067, 28.371688], [-81.431913, 28.371633], [-81.431839, 28.371793], [-81.431993, 28.371848], [-81.432067, 28.371688]]]}, "properties": {"osm_id": 823633545, "osm_type": "way", "building": "yes", "name": null}}, {"type": "Feature", "geometry": {"type": "Polygon", "coordinates": [[[-81.4327791, 28.3706781], [-81.4326461, 28.3705932], [-81.4325306, 28.3707141], [-81.4326515, 28.3707933], [-81.4327172, 28.370724], [-81.4327287, 28.3707316], [-81.4327791, 28.3706781]]]}, "properties": {"osm_id": 823633546, "osm_type": "way", "building": "yes", "name": null}}, {"type": "Feature", "geometry": {"type": "Polygon", "coordinates": [[[-81.432535, 28.371429], [-81.432577, 28.371445], [-81.432553, 28.371493], [-81.432696, 28.371547], [-81.432789, 28.371359], [-81.432604, 28.371288], [-81.432535, 28.371429]]]}, "properties": {"osm_id": 823633547, "osm_type": "way", "building": "yes", "name": null}}, {"type": "Feature", "geometry": {"type": "Polygon", "coordinates": [[[-81.432983, 28.371483], [-81.432935, 28.371466], [-81.432967, 28.371393], [-81.432834, 28.371347], [-81.432733, 28.371574], [-81.432914, 28.371637], [-81.432983, 28.371483]]]}, "properties": {"osm_id": 823633548, "osm_type": "way", "building": "yes", "name": null}}, {"type": "Feature", "geometry": {"type": "Polygon", "coordinates": [[[-81.433053, 28.371646], [-81.433154, 28.371635], [-81.433147, 28.371585], [-81.433244, 28.371574], [-81.433221, 28.371414], [-81.433023, 28.371436], [-81.433053, 28.371646]]]}, "properties": {"osm_id": 823633549, "osm_type": "way", "building": "yes", "name": null}}, {"type": "Feature", "geometry": {"type": "Polygon", "coordinates": [[[-81.433471, 28.371381], [-81.433269, 28.371409], [-81.433298, 28.371568], [-81.433345, 28.371561], [-81.433352, 28.371602], [-81.433507, 28.371581], [-81.433471, 28.371381]]]}, "properties": {"osm_id": 823633550, "osm_type": "way", "building": "yes", "name": null}}, {"type": "Feature", "geometry": {"type": "Polygon", "coordinates": [[[-81.433486, 28.371345], [-81.43351, 28.371484], [-81.433623, 28.371468], [-81.433639, 28.371557], [-81.433725, 28.371545], [-81.433685, 28.371318], [-81.433486, 28.371345]]]}, "properties": {"osm_id": 823633551, "osm_type": "way", "building": "yes", "name": null}}, {"type": "Feature", "geometry": {"type": "Polygon", "coordinates": [[[-81.433945, 28.371508], [-81.433909, 28.371297], [-81.433707, 28.371325], [-81.433744, 28.371536], [-81.433945, 28.371508]]]}, "properties": {"osm_id": 823633552, "osm_type": "way", "building": "yes", "name": null}}, {"type": "Feature", "geometry": {"type": "Polygon", "coordinates": [[[-81.4342, 28.371313], [-81.434092, 28.371176], [-81.43406, 28.371196], [-81.434035, 28.371165], [-81.43395, 28.371217], [-81.433982, 28.371257], [-81.433932, 28.371288], [-81.434067, 28.371459], [-81.43414, 28.371415], [-81.434106, 28.371371], [-81.4342, 28.371313]]]}, "properties": {"osm_id": 823633553, "osm_type": "way", "building": "yes", "name": null}}, {"type": "Feature", "geometry": {"type": "Polygon", "coordinates": [[[-81.434384, 28.371041], [-81.434214, 28.371003], [-81.434167, 28.37117], [-81.434336, 28.371207], [-81.434384, 28.371041]]]}, "properties": {"osm_id": 823633554, "osm_type": "way", "building": "yes", "name": null}}, {"type": "Feature", "geometry": {"type": "Polygon", "coordinates": [[[-81.434166, 28.370759], [-81.434213, 28.370929], [-81.434383, 28.370893], [-81.434336, 28.370723], [-81.434166, 28.370759]]]}, "properties": {"osm_id": 823633555, "osm_type": "way", "building": "yes", "name": null}}, {"type": "Feature", "geometry": {"type": "Polygon", "coordinates": [[[-81.433951, 28.370628], [-81.433987, 28.370658], [-81.433936, 28.370704], [-81.434021, 28.370775], [-81.434065, 28.370735], [-81.434094, 28.370759], [-81.434255, 28.370609], [-81.434185, 28.37055], [-81.434148, 28.370584], [-81.434068, 28.370518], [-81.433951, 28.370628]]]}, "properties": {"osm_id": 823633556, "osm_type": "way", "building": "yes", "name": null}}, {"type": "Feature", "geometry": {"type": "Polygon", "coordinates": [[[-81.434036, 28.370448], [-81.433862, 28.370347], [-81.433721, 28.370535], [-81.433845, 28.370607], [-81.433853, 28.370597], [-81.433903, 28.370626], [-81.434036, 28.370448]]]}, "properties": {"osm_id": 823633557, "osm_type": "way", "building": "yes", "name": null}}, {"type": "Feature", "geometry": {"type": "Polygon", "coordinates": [[[-81.433551, 28.370345], [-81.433468, 28.370511], [-81.433647, 28.37058], [-81.43373, 28.370414], [-81.433551, 28.370345]]]}, "properties": {"osm_id": 823633558, "osm_type": "way", "building": "yes", "name": null}}, {"type": "Feature", "geometry": {"type": "Polygon", "coordinates": [[[-81.432744, 28.371821], [-81.432576, 28.371755], [-81.432557, 28.371792], [-81.432506, 28.371772], [-81.432442, 28.371896], [-81.432661, 28.371983], [-81.432744, 28.371821]]]}, "properties": {"osm_id": 823633559, "osm_type": "way", "building": "yes", "name": null}}, {"type": "Feature", "geometry": {"type": "Polygon", "coordinates": [[[-81.432355, 28.372085], [-81.432464, 28.372204], [-81.432621, 28.372093], [-81.432472, 28.37193], [-81.432393, 28.371986], [-81.432433, 28.37203], [-81.432355, 28.372085]]]}, "properties": {"osm_id": 823633560, "osm_type": "way", "building": "yes", "name": null}}, {"type": "Feature", "geometry": {"type": "Polygon", "coordinates": [[[-81.432282, 28.372238], [-81.432309, 28.372088], [-81.432201, 28.372073], [-81.432209, 28.372029], [-81.432112, 28.372016], [-81.432079, 28.372203], [-81.432139, 28.372211], [-81.432133, 28.372248], [-81.43223, 28.372261], [-81.432235, 28.372231], [-81.432282, 28.372238]]]}, "properties": {"osm_id": 823633561, "osm_type": "way", "building": "yes", "name": null}}, {"type": "Feature", "geometry": {"type": "Polygon", "coordinates": [[[-81.432061, 28.372027], [-81.431876, 28.371968], [-81.431814, 28.372119], [-81.431857, 28.372132], [-81.431835, 28.372187], [-81.431977, 28.372232], [-81.432061, 28.372027]]]}, "properties": {"osm_id": 823633562, "osm_type": "way", "building": "yes", "name": null}}, {"type": "Feature", "geometry": {"type": "Polygon", "coordinates": [[[-81.431707, 28.372163], [-81.431783, 28.372], [-81.431684, 28.371964], [-81.431704, 28.371922], [-81.431615, 28.371889], [-81.431533, 28.372065], [-81.431578, 28.372081], [-81.431564, 28.372112], [-81.431707, 28.372163]]]}, "properties": {"osm_id": 823633563, "osm_type": "way", "building": "yes", "name": null}}, {"type": "Feature", "geometry": {"type": "Polygon", "coordinates": [[[-81.43279, 28.372069], [-81.432791, 28.37216], [-81.43294, 28.372158], [-81.43294, 28.372126], [-81.433007, 28.372125], [-81.433004, 28.371931], [-81.43291, 28.371932], [-81.432911, 28.37197], [-81.432805, 28.371972], [-81.432806, 28.372068], [-81.43279, 28.372069]]]}, "properties": {"osm_id": 823633564, "osm_type": "way", "building": "yes", "name": null}}, {"type": "Feature", "geometry": {"type": "Polygon", "coordinates": [[[-81.433355, 28.371843], [-81.433362, 28.371889], [-81.433257, 28.371901], [-81.43328, 28.372065], [-81.433481, 28.372042], [-81.43345, 28.371832], [-81.433355, 28.371843]]]}, "properties": {"osm_id": 823633565, "osm_type": "way", "building": "yes", "name": null}}, {"type": "Feature", "geometry": {"type": "Polygon", "coordinates": [[[-81.433701, 28.371995], [-81.433668, 28.371796], [-81.433573, 28.371808], [-81.433582, 28.371859], [-81.433477, 28.371873], [-81.433501, 28.372021], [-81.433701, 28.371995]]]}, "properties": {"osm_id": 823633566, "osm_type": "way", "building": "yes", "name": null}}, {"type": "Feature", "geometry": {"type": "Polygon", "coordinates": [[[-81.433685, 28.371795], [-81.433718, 28.371975], [-81.433775, 28.371967], [-81.433782, 28.372001], [-81.433842, 28.371992], [-81.433833, 28.371945], [-81.433918, 28.371933], [-81.433888, 28.371766], [-81.433685, 28.371795]]]}, "properties": {"osm_id": 823633567, "osm_type": "way", "building": "yes", "name": null}}, {"type": "Feature", "geometry": {"type": "Polygon", "coordinates": [[[-81.433949, 28.371992], [-81.434094, 28.371974], [-81.434086, 28.37192], [-81.434138, 28.371914], [-81.434113, 28.371757], [-81.433916, 28.371781], [-81.433949, 28.371992]]]}, "properties": {"osm_id": 823633568, "osm_type": "way", "building": "yes", "name": null}}, {"type": "Feature", "geometry": {"type": "Polygon", "coordinates": [[[-81.434184, 28.371844], [-81.434367, 28.371781], [-81.434301, 28.371633], [-81.434118, 28.371697], [-81.434184, 28.371844]]]}, "properties": {"osm_id": 823633569, "osm_type": "way", "building": "yes", "name": null}}, {"type": "Feature", "geometry": {"type": "Polygon", "coordinates": [[[-81.434312, 28.371628], [-81.434466, 28.371753], [-81.434568, 28.371656], [-81.434534, 28.371629], [-81.434566, 28.371598], [-81.434482, 28.37153], [-81.434449, 28.371562], [-81.434412, 28.371532], [-81.434312, 28.371628]]]}, "properties": {"osm_id": 823633570, "osm_type": "way", "building": "yes", "name": null}}, {"type": "Feature", "geometry": {"type": "Polygon", "coordinates": [[[-81.434521, 28.371415], [-81.434588, 28.371441], [-81.434537, 28.37154], [-81.434707, 28.371609], [-81.434797, 28.371436], [-81.43456, 28.371341], [-81.434521, 28.371415]]]}, "properties": {"osm_id": 823633571, "osm_type": "way", "building": "yes", "name": null}}, {"type": "Feature", "geometry": {"type": "Polygon", "coordinates": [[[-81.434647, 28.371155], [-81.434599, 28.371324], [-81.434784, 28.371364], [-81.434832, 28.371195], [-81.434647, 28.371155]]]}, "properties": {"osm_id": 823633572, "osm_type": "way", "building": "yes", "name": null}}, {"type": "Feature", "geometry": {"type": "Polygon", "coordinates": [[[-81.434733, 28.370968], [-81.434724, 28.371051], [-81.434661, 28.371045], [-81.434652, 28.371132], [-81.434892, 28.371152], [-81.434911, 28.370983], [-81.434733, 28.370968]]]}, "properties": {"osm_id": 823633573, "osm_type": "way", "building": "yes", "name": null}}, {"type": "Feature", "geometry": {"type": "Polygon", "coordinates": [[[-81.434862, 28.370736], [-81.434699, 28.370748], [-81.434708, 28.370847], [-81.43466, 28.37085], [-81.434668, 28.37093], [-81.434879, 28.370914], [-81.434862, 28.370736]]]}, "properties": {"osm_id": 823633574, "osm_type": "way", "building": "yes", "name": null}}, {"type": "Feature", "geometry": {"type": "Polygon", "coordinates": [[[-81.43459, 28.370566], [-81.434642, 28.370738], [-81.434867, 28.370685], [-81.434847, 28.37062], [-81.434875, 28.370614], [-81.434842, 28.370507], [-81.43459, 28.370566]]]}, "properties": {"osm_id": 823633575, "osm_type": "way", "building": "yes", "name": null}}, {"type": "Feature", "geometry": {"type": "Polygon", "coordinates": [[[-81.434447, 28.370421], [-81.434552, 28.370561], [-81.434706, 28.370471], [-81.434676, 28.37043], [-81.43472, 28.370404], [-81.434646, 28.370305], [-81.434447, 28.370421]]]}, "properties": {"osm_id": 823633576, "osm_type": "way", "building": "yes", "name": null}}, {"type": "Feature", "geometry": {"type": "Polygon", "coordinates": [[[-81.434461, 28.370098], [-81.43431, 28.370256], [-81.434389, 28.370315], [-81.434349, 28.370357], [-81.434425, 28.370413], [-81.434616, 28.370212], [-81.434461, 28.370098]]]}, "properties": {"osm_id": 823633577, "osm_type": "way", "building": "yes", "name": null}}, {"type": "Feature", "geometry": {"type": "Polygon", "coordinates": [[[-81.434424, 28.370074], [-81.434257, 28.369974], [-81.434092, 28.370188], [-81.434259, 28.370287], [-81.434424, 28.370074]]]}, "properties": {"osm_id": 823633578, "osm_type": "way", "building": "yes", "name": null}}, {"type": "Feature", "geometry": {"type": "Polygon", "coordinates": [[[-81.434149, 28.369962], [-81.434105, 28.369947], [-81.43413, 28.369888], [-81.434037, 28.369857], [-81.434015, 28.369907], [-81.433961, 28.369889], [-81.433894, 28.370042], [-81.433992, 28.370075], [-81.433969, 28.370129], [-81.434062, 28.37016], [-81.434149, 28.369962]]]}, "properties": {"osm_id": 823633579, "osm_type": "way", "building": "yes", "name": null}}, {"type": "Feature", "geometry": {"type": "Polygon", "coordinates": [[[-81.431236, 28.373036], [-81.431137, 28.373003], [-81.431158, 28.372953], [-81.431069, 28.372924], [-81.430988, 28.373115], [-81.431176, 28.373177], [-81.431236, 28.373036]]]}, "properties": {"osm_id": 823635051, "osm_type": "way", "building": "yes", "name": null}}, {"type": "Feature", "geometry": {"type": "Polygon", "coordinates": [[[-81.431452, 28.37308], [-81.431253, 28.373064], [-81.431233, 28.373253], [-81.431432, 28.37327], [-81.431452, 28.37308]]]}, "properties": {"osm_id": 823635052, "osm_type": "way", "building": "yes", "name": null}}, {"type": "Feature", "geometry": {"type": "Polygon", "coordinates": [[[-81.431674, 28.373086], [-81.431537, 28.373078], [-81.431534, 28.373117], [-81.431477, 28.373114], [-81.431465, 28.373278], [-81.43166, 28.373289], [-81.431674, 28.373086]]]}, "properties": {"osm_id": 823635053, "osm_type": "way", "building": "yes", "name": null}}, {"type": "Feature", "geometry": {"type": "Polygon", "coordinates": [[[-81.431811, 28.373057], [-81.431815, 28.373005], [-81.431715, 28.372999], [-81.431697, 28.373204], [-81.431894, 28.373217], [-81.431907, 28.373063], [-81.431811, 28.373057]]]}, "properties": {"osm_id": 823635054, "osm_type": "way", "building": "yes", "name": null}}, {"type": "Feature", "geometry": {"type": "Polygon", "coordinates": [[[-81.432131, 28.373095], [-81.432015, 28.373092], [-81.432017, 28.373042], [-81.431937, 28.37304], [-81.431929, 28.373237], [-81.432125, 28.373242], [-81.432131, 28.373095]]]}, "properties": {"osm_id": 823635055, "osm_type": "way", "building": "yes", "name": null}}, {"type": "Feature", "geometry": {"type": "Polygon", "coordinates": [[[-81.432365, 28.373202], [-81.432362, 28.373032], [-81.432169, 28.373035], [-81.432172, 28.373205], [-81.432365, 28.373202]]]}, "properties": {"osm_id": 823635056, "osm_type": "way", "building": "yes", "name": null}}, {"type": "Feature", "geometry": {"type": "Polygon", "coordinates": [[[-81.432616, 28.373151], [-81.432601, 28.373011], [-81.432402, 28.373027], [-81.432421, 28.373214], [-81.432566, 28.373202], [-81.432561, 28.373155], [-81.432616, 28.373151]]]}, "properties": {"osm_id": 823635057, "osm_type": "way", "building": "yes", "name": null}}, {"type": "Feature", "geometry": {"type": "Polygon", "coordinates": [[[-81.432741, 28.373032], [-81.43274, 28.372997], [-81.432638, 28.373], [-81.432646, 28.373216], [-81.432855, 28.373211], [-81.432848, 28.373029], [-81.432741, 28.373032]]]}, "properties": {"osm_id": 823635058, "osm_type": "way", "building": "yes", "name": null}}, {"type": "Feature", "geometry": {"type": "Polygon", "coordinates": [[[-81.433076, 28.373136], [-81.433066, 28.372966], [-81.432864, 28.372976], [-81.432877, 28.37319], [-81.433036, 28.373182], [-81.433034, 28.373138], [-81.433076, 28.373136]]]}, "properties": {"osm_id": 823635059, "osm_type": "way", "building": "yes", "name": null}}, {"type": "Feature", "geometry": {"type": "Polygon", "coordinates": [[[-81.43313, 28.373175], [-81.433276, 28.37315], [-81.433273, 28.373138], [-81.433327, 28.373129], [-81.433294, 28.372982], [-81.433169, 28.373005], [-81.433158, 28.372959], [-81.433083, 28.372972], [-81.43313, 28.373175]]]}, "properties": {"osm_id": 823635060, "osm_type": "way", "building": "yes", "name": null}}, {"type": "Feature", "geometry": {"type": "Polygon", "coordinates": [[[-81.433507, 28.372892], [-81.433304, 28.372937], [-81.433368, 28.37316], [-81.433535, 28.373123], [-81.433523, 28.373082], [-81.433559, 28.373074], [-81.433507, 28.372892]]]}, "properties": {"osm_id": 823635061, "osm_type": "way", "building": "yes", "name": null}}, {"type": "Feature", "geometry": {"type": "Polygon", "coordinates": [[[-81.433803, 28.373009], [-81.433743, 28.37282], [-81.433648, 28.372843], [-81.433663, 28.372891], [-81.433563, 28.372915], [-81.433609, 28.37306], [-81.43366, 28.373048], [-81.433675, 28.373096], [-81.433774, 28.373072], [-81.433757, 28.37302], [-81.433803, 28.373009]]]}, "properties": {"osm_id": 823635062, "osm_type": "way", "building": "yes", "name": null}}, {"type": "Feature", "geometry": {"type": "Polygon", "coordinates": [[[-81.433774, 28.37281], [-81.433828, 28.373006], [-81.433948, 28.37298], [-81.433956, 28.373009], [-81.434032, 28.372993], [-81.43397, 28.372768], [-81.433774, 28.37281]]]}, "properties": {"osm_id": 823635063, "osm_type": "way", "building": "yes", "name": null}}, {"type": "Feature", "geometry": {"type": "Polygon", "coordinates": [[[-81.434007, 28.37276], [-81.434034, 28.372921], [-81.434231, 28.372895], [-81.434204, 28.372734], [-81.434007, 28.37276]]]}, "properties": {"osm_id": 823635064, "osm_type": "way", "building": "yes", "name": null}}, {"type": "Feature", "geometry": {"type": "Polygon", "coordinates": [[[-81.434469, 28.372914], [-81.43444, 28.372699], [-81.434239, 28.37272], [-81.434262, 28.372892], [-81.434302, 28.372888], [-81.434307, 28.37293], [-81.434469, 28.372914]]]}, "properties": {"osm_id": 823635065, "osm_type": "way", "building": "yes", "name": null}}, {"type": "Feature", "geometry": {"type": "Polygon", "coordinates": [[[-81.434694, 28.372737], [-81.434589, 28.372736], [-81.43459, 28.372692], [-81.434493, 28.372691], [-81.434492, 28.372863], [-81.434554, 28.372864], [-81.434553, 28.372901], [-81.43465, 28.372902], [-81.43465, 28.372864], [-81.434693, 28.372864], [-81.434694, 28.372737]]]}, "properties": {"osm_id": 823635066, "osm_type": "way", "building": "yes", "name": null}}, {"type": "Feature", "geometry": {"type": "Polygon", "coordinates": [[[-81.43472, 28.372856], [-81.434721, 28.373023], [-81.434978, 28.373023], [-81.434978, 28.372954], [-81.434922, 28.372954], [-81.434921, 28.372808], [-81.43483, 28.372808], [-81.43483, 28.372856], [-81.43472, 28.372856]]]}, "properties": {"osm_id": 823635067, "osm_type": "way", "building": "yes", "name": null}}, {"type": "Feature", "geometry": {"type": "Polygon", "coordinates": [[[-81.435053, 28.37266], [-81.43497, 28.372817], [-81.435136, 28.372885], [-81.435219, 28.372728], [-81.435053, 28.37266]]]}, "properties": {"osm_id": 823635068, "osm_type": "way", "building": "yes", "name": null}}, {"type": "Feature", "geometry": {"type": "Polygon", "coordinates": [[[-81.435318, 28.372463], [-81.435066, 28.372455], [-81.435059, 28.372634], [-81.435311, 28.372642], [-81.435318, 28.372463]]]}, "properties": {"osm_id": 823635069, "osm_type": "way", "building": "yes", "name": null}}, {"type": "Feature", "geometry": {"type": "Polygon", "coordinates": [[[-81.435244, 28.372299], [-81.435117, 28.372158], [-81.434976, 28.372256], [-81.435047, 28.372335], [-81.43501, 28.372361], [-81.435066, 28.372424], [-81.435244, 28.372299]]]}, "properties": {"osm_id": 823635070, "osm_type": "way", "building": "yes", "name": null}}, {"type": "Feature", "geometry": {"type": "Polygon", "coordinates": [[[-81.434709, 28.372238], [-81.434508, 28.372247], [-81.43452, 28.372447], [-81.434621, 28.372443], [-81.434618, 28.372394], [-81.434718, 28.37239], [-81.434709, 28.372238]]]}, "properties": {"osm_id": 823635071, "osm_type": "way", "building": "yes", "name": null}}, {"type": "Feature", "geometry": {"type": "Polygon", "coordinates": [[[-81.434276, 28.372265], [-81.434293, 28.372467], [-81.434391, 28.372461], [-81.434387, 28.372409], [-81.434489, 28.372403], [-81.434477, 28.372252], [-81.434276, 28.372265]]]}, "properties": {"osm_id": 823635072, "osm_type": "way", "building": "yes", "name": null}}, {"type": "Feature", "geometry": {"type": "Polygon", "coordinates": [[[-81.43427, 28.372473], [-81.434246, 28.372316], [-81.434052, 28.372339], [-81.434076, 28.372497], [-81.43427, 28.372473]]]}, "properties": {"osm_id": 823635073, "osm_type": "way", "building": "yes", "name": null}}, {"type": "Feature", "geometry": {"type": "Polygon", "coordinates": [[[-81.434053, 28.372508], [-81.434014, 28.37231], [-81.433954, 28.372319], [-81.433944, 28.372268], [-81.433839, 28.372284], [-81.433847, 28.372328], [-81.433809, 28.372334], [-81.433841, 28.372495], [-81.433956, 28.372477], [-81.433965, 28.372522], [-81.434053, 28.372508]]]}, "properties": {"osm_id": 823635074, "osm_type": "way", "building": "yes", "name": null}}, {"type": "Feature", "geometry": {"type": "Polygon", "coordinates": [[[-81.433832, 28.37254], [-81.433776, 28.372331], [-81.433632, 28.372362], [-81.433645, 28.372411], [-81.433592, 28.372422], [-81.433635, 28.372582], [-81.433832, 28.37254]]]}, "properties": {"osm_id": 823635075, "osm_type": "way", "building": "yes", "name": null}}, {"type": "Feature", "geometry": {"type": "Polygon", "coordinates": [[[-81.433554, 28.372388], [-81.433409, 28.372423], [-81.433424, 28.372473], [-81.433372, 28.372486], [-81.433419, 28.372642], [-81.433617, 28.372595], [-81.433554, 28.372388]]]}, "properties": {"osm_id": 823635076, "osm_type": "way", "building": "yes", "name": null}}, {"type": "Feature", "geometry": {"type": "Polygon", "coordinates": [[[-81.432932, 28.37273], [-81.433034, 28.372723], [-81.433026, 28.372633], [-81.433127, 28.372626], [-81.433114, 28.372484], [-81.432912, 28.372498], [-81.432932, 28.37273]]]}, "properties": {"osm_id": 823635077, "osm_type": "way", "building": "yes", "name": null}}, {"type": "Feature", "geometry": {"type": "Polygon", "coordinates": [[[-81.432833, 28.372549], [-81.432693, 28.372556], [-81.432706, 28.372749], [-81.432811, 28.372744], [-81.432808, 28.372701], [-81.432851, 28.372699], [-81.432853, 28.372737], [-81.432909, 28.372734], [-81.4329, 28.372588], [-81.432836, 28.372591], [-81.432833, 28.372549]]]}, "properties": {"osm_id": 823635078, "osm_type": "way", "building": "yes", "name": null}}, {"type": "Feature", "geometry": {"type": "Polygon", "coordinates": [[[-81.432676, 28.372617], [-81.432619, 28.37262], [-81.432616, 28.372576], [-81.432467, 28.372585], [-81.432482, 28.372771], [-81.432589, 28.372765], [-81.432586, 28.372726], [-81.432628, 28.372724], [-81.432631, 28.372759], [-81.432688, 28.372755], [-81.432676, 28.372617]]]}, "properties": {"osm_id": 823635079, "osm_type": "way", "building": "yes", "name": null}}, {"type": "Feature", "geometry": {"type": "Polygon", "coordinates": [[[-81.43225, 28.372615], [-81.432257, 28.372789], [-81.432354, 28.372786], [-81.432352, 28.372741], [-81.432451, 28.372738], [-81.432445, 28.372592], [-81.432386, 28.372594], [-81.432384, 28.372549], [-81.432298, 28.372552], [-81.432301, 28.372613], [-81.43225, 28.372615]]]}, "properties": {"osm_id": 823635080, "osm_type": "way", "building": "yes", "name": null}}, {"type": "Feature", "geometry": {"type": "Polygon", "coordinates": [[[-81.432216, 28.372576], [-81.432018, 28.372572], [-81.432012, 28.372784], [-81.43221, 28.372788], [-81.432216, 28.372576]]]}, "properties": {"osm_id": 823635081, "osm_type": "way", "building": "yes", "name": null}}, {"type": "Feature", "geometry": {"type": "Polygon", "coordinates": [[[-81.431793, 28.372604], [-81.431778, 28.372761], [-81.43197, 28.372775], [-81.431985, 28.372619], [-81.431793, 28.372604]]]}, "properties": {"osm_id": 823635082, "osm_type": "way", "building": "yes", "name": null}}, {"type": "Feature", "geometry": {"type": "Polygon", "coordinates": [[[-81.431573, 28.372532], [-81.43155, 28.372736], [-81.431648, 28.372744], [-81.431654, 28.372698], [-81.431752, 28.372706], [-81.431776, 28.372499], [-81.431627, 28.372485], [-81.431621, 28.372537], [-81.431573, 28.372532]]]}, "properties": {"osm_id": 823635083, "osm_type": "way", "building": "yes", "name": null}}, {"type": "Feature", "geometry": {"type": "Polygon", "coordinates": [[[-81.431423, 28.372478], [-81.431426, 28.372508], [-81.431291, 28.37252], [-81.431315, 28.37273], [-81.431516, 28.372712], [-81.431488, 28.372472], [-81.431423, 28.372478]]]}, "properties": {"osm_id": 823635084, "osm_type": "way", "building": "yes", "name": null}}, {"type": "Feature", "geometry": {"type": "Polygon", "coordinates": [[[-81.4290174, 28.3757887], [-81.4291773, 28.3759828], [-81.4292886, 28.3759113], [-81.4291287, 28.3757172], [-81.4290174, 28.3757887]]]}, "properties": {"osm_id": 823635087, "osm_type": "way", "building": "yes", "name": null}}, {"type": "Feature", "geometry": {"type": "Polygon", "coordinates": [[[-81.42919, 28.375764], [-81.42931, 28.3759], [-81.429417, 28.375827], [-81.429298, 28.375691], [-81.42919, 28.375764]]]}, "properties": {"osm_id": 823635088, "osm_type": "way", "building": "yes", "name": null}}, {"type": "Feature", "geometry": {"type": "Polygon", "coordinates": [[[-81.429414, 28.375594], [-81.42931, 28.375671], [-81.429444, 28.375813], [-81.429549, 28.375736], [-81.429414, 28.375594]]]}, "properties": {"osm_id": 823635089, "osm_type": "way", "building": "yes", "name": null}}, {"type": "Feature", "geometry": {"type": "Polygon", "coordinates": [[[-81.429534, 28.375491], [-81.429426, 28.375563], [-81.429559, 28.37572], [-81.429668, 28.375648], [-81.429534, 28.375491]]]}, "properties": {"osm_id": 823635090, "osm_type": "way", "building": "yes", "name": null}}, {"type": "Feature", "geometry": {"type": "Polygon", "coordinates": [[[-81.42957, 28.37548], [-81.429714, 28.375606], [-81.429809, 28.375521], [-81.429665, 28.375396], [-81.42957, 28.37548]]]}, "properties": {"osm_id": 823635091, "osm_type": "way", "building": "yes", "name": null}}, {"type": "Feature", "geometry": {"type": "Polygon", "coordinates": [[[-81.430112, 28.375953], [-81.429913, 28.375768], [-81.429812, 28.375853], [-81.43001, 28.376037], [-81.430112, 28.375953]]]}, "properties": {"osm_id": 823635093, "osm_type": "way", "building": "yes", "name": null}}, {"type": "Feature", "geometry": {"type": "Polygon", "coordinates": [[[-81.429936, 28.375756], [-81.430097, 28.375898], [-81.430193, 28.375813], [-81.430066, 28.375701], [-81.430034, 28.375729], [-81.43, 28.3757], [-81.429936, 28.375756]]]}, "properties": {"osm_id": 823635095, "osm_type": "way", "building": "yes", "name": null}}, {"type": "Feature", "geometry": {"type": "Polygon", "coordinates": [[[-81.4304, 28.375846], [-81.430276, 28.375804], [-81.430194, 28.375991], [-81.430318, 28.376033], [-81.4304, 28.375846]]]}, "properties": {"osm_id": 823635096, "osm_type": "way", "building": "yes", "name": null}}, {"type": "Feature", "geometry": {"type": "Polygon", "coordinates": [[[-81.434923, 28.375833], [-81.434854, 28.375833], [-81.434854, 28.375878], [-81.434797, 28.375878], [-81.434797, 28.375989], [-81.434923, 28.375989], [-81.434923, 28.375833]]]}, "properties": {"osm_id": 823635228, "osm_type": "way", "building": "yes", "name": null}}, {"type": "Feature", "geometry": {"type": "Polygon", "coordinates": [[[-81.435082, 28.375819], [-81.434948, 28.375819], [-81.434948, 28.375986], [-81.435082, 28.375986], [-81.435082, 28.375819]]]}, "properties": {"osm_id": 823635229, "osm_type": "way", "building": "yes", "name": null}}, {"type": "Feature", "geometry": {"type": "Polygon", "coordinates": [[[-81.435237, 28.37584], [-81.435108, 28.37584], [-81.435108, 28.376022], [-81.435159, 28.376022], [-81.435159, 28.376052], [-81.435237, 28.376052], [-81.435237, 28.37584]]]}, "properties": {"osm_id": 823635231, "osm_type": "way", "building": "yes", "name": null}}, {"type": "Feature", "geometry": {"type": "Polygon", "coordinates": [[[-81.436713, 28.37589], [-81.436544, 28.375774], [-81.436458, 28.375871], [-81.436639, 28.375995], [-81.436669, 28.375961], [-81.436687, 28.375974], [-81.436722, 28.375934], [-81.436692, 28.375913], [-81.436713, 28.37589]]]}, "properties": {"osm_id": 823635239, "osm_type": "way", "building": "yes", "name": null}}, {"type": "Feature", "geometry": {"type": "Polygon", "coordinates": [[[-81.436814, 28.375679], [-81.436616, 28.375609], [-81.436552, 28.37575], [-81.436751, 28.37582], [-81.436814, 28.375679]]]}, "properties": {"osm_id": 823635240, "osm_type": "way", "building": "yes", "name": null}}, {"type": "Feature", "geometry": {"type": "Polygon", "coordinates": [[[-81.43687, 28.37554], [-81.436685, 28.375475], [-81.436635, 28.375587], [-81.43682, 28.375651], [-81.43687, 28.37554]]]}, "properties": {"osm_id": 823635241, "osm_type": "way", "building": "yes", "name": null}}, {"type": "Feature", "geometry": {"type": "Polygon", "coordinates": [[[-81.436965, 28.375384], [-81.436817, 28.375331], [-81.436796, 28.375378], [-81.436747, 28.375361], [-81.436707, 28.375448], [-81.436903, 28.375518], [-81.436965, 28.375384]]]}, "properties": {"osm_id": 823635242, "osm_type": "way", "building": "yes", "name": null}}, {"type": "Feature", "geometry": {"type": "Polygon", "coordinates": [[[-81.437032, 28.375167], [-81.436822, 28.375167], [-81.436822, 28.375314], [-81.437032, 28.375314], [-81.437032, 28.375167]]]}, "properties": {"osm_id": 823635243, "osm_type": "way", "building": "yes", "name": null}}, {"type": "Feature", "geometry": {"type": "Polygon", "coordinates": [[[-81.43704, 28.37505], [-81.436978, 28.374947], [-81.436771, 28.375043], [-81.436832, 28.375146], [-81.43704, 28.37505]]]}, "properties": {"osm_id": 823635244, "osm_type": "way", "building": "yes", "name": null}}, {"type": "Feature", "geometry": {"type": "Polygon", "coordinates": [[[-81.436773, 28.374839], [-81.436661, 28.374814], [-81.436609, 28.374997], [-81.436769, 28.375032], [-81.436812, 28.374883], [-81.436764, 28.374872], [-81.436773, 28.374839]]]}, "properties": {"osm_id": 823635245, "osm_type": "way", "building": "yes", "name": null}}, {"type": "Feature", "geometry": {"type": "Polygon", "coordinates": [[[-81.436449, 28.374977], [-81.436579, 28.375006], [-81.43663, 28.374828], [-81.4365, 28.3748], [-81.436449, 28.374977]]]}, "properties": {"osm_id": 823635246, "osm_type": "way", "building": "yes", "name": null}}, {"type": "Feature", "geometry": {"type": "Polygon", "coordinates": [[[-81.436365, 28.374743], [-81.4363, 28.374933], [-81.436424, 28.374965], [-81.436488, 28.374775], [-81.436365, 28.374743]]]}, "properties": {"osm_id": 823635247, "osm_type": "way", "building": "yes", "name": null}}, {"type": "Feature", "geometry": {"type": "Polygon", "coordinates": [[[-81.4362, 28.374721], [-81.436151, 28.374898], [-81.436283, 28.374926], [-81.436332, 28.374749], [-81.4362, 28.374721]]]}, "properties": {"osm_id": 823635248, "osm_type": "way", "building": "yes", "name": null}}, {"type": "Feature", "geometry": {"type": "Polygon", "coordinates": [[[-81.436003, 28.37485], [-81.43613, 28.374881], [-81.436189, 28.374695], [-81.436062, 28.374664], [-81.436003, 28.37485]]]}, "properties": {"osm_id": 823635249, "osm_type": "way", "building": "yes", "name": null}}, {"type": "Feature", "geometry": {"type": "Polygon", "coordinates": [[[-81.435908, 28.374645], [-81.435858, 28.374818], [-81.435981, 28.374845], [-81.436031, 28.374672], [-81.435908, 28.374645]]]}, "properties": {"osm_id": 823635250, "osm_type": "way", "building": "yes", "name": null}}, {"type": "Feature", "geometry": {"type": "Polygon", "coordinates": [[[-81.435756, 28.374613], [-81.43571, 28.374773], [-81.435833, 28.3748], [-81.43588, 28.374641], [-81.435756, 28.374613]]]}, "properties": {"osm_id": 823635251, "osm_type": "way", "building": "yes", "name": null}}, {"type": "Feature", "geometry": {"type": "Polygon", "coordinates": [[[-81.435685, 28.374766], [-81.43575, 28.374567], [-81.435621, 28.374534], [-81.435556, 28.374734], [-81.435685, 28.374766]]]}, "properties": {"osm_id": 823635252, "osm_type": "way", "building": "yes", "name": null}}, {"type": "Feature", "geometry": {"type": "Polygon", "coordinates": [[[-81.435405, 28.374694], [-81.435539, 28.374726], [-81.435595, 28.374546], [-81.43546, 28.374513], [-81.435405, 28.374694]]]}, "properties": {"osm_id": 823635253, "osm_type": "way", "building": "yes", "name": null}}, {"type": "Feature", "geometry": {"type": "Polygon", "coordinates": [[[-81.435428, 28.374498], [-81.435262, 28.374472], [-81.435226, 28.374657], [-81.435322, 28.374671], [-81.43533, 28.374629], [-81.4354, 28.37464], [-81.435428, 28.374498]]]}, "properties": {"osm_id": 823635254, "osm_type": "way", "building": "yes", "name": null}}, {"type": "Feature", "geometry": {"type": "Polygon", "coordinates": [[[-81.435096, 28.374437], [-81.435065, 28.374639], [-81.435202, 28.374655], [-81.435233, 28.374453], [-81.435096, 28.374437]]]}, "properties": {"osm_id": 823635338, "osm_type": "way", "building": "yes", "name": null}}, {"type": "Feature", "geometry": {"type": "Polygon", "coordinates": [[[-81.435066, 28.374901], [-81.435066, 28.375019], [-81.435299, 28.375019], [-81.435299, 28.374901], [-81.435066, 28.374901]]]}, "properties": {"osm_id": 823635339, "osm_type": "way", "building": "yes", "name": null}}, {"type": "Feature", "geometry": {"type": "Polygon", "coordinates": [[[-81.435261, 28.375042], [-81.435071, 28.375042], [-81.435071, 28.37516], [-81.435261, 28.37516], [-81.435261, 28.375042]]]}, "properties": {"osm_id": 823635340, "osm_type": "way", "building": "yes", "name": null}}, {"type": "Feature", "geometry": {"type": "Polygon", "coordinates": [[[-81.435073, 28.375297], [-81.435272, 28.375298], [-81.435272, 28.375258], [-81.435313, 28.375258], [-81.435313, 28.375181], [-81.435075, 28.375179], [-81.435073, 28.375297]]]}, "properties": {"osm_id": 823635341, "osm_type": "way", "building": "yes", "name": null}}, {"type": "Feature", "geometry": {"type": "Polygon", "coordinates": [[[-81.435076, 28.375434], [-81.435283, 28.375434], [-81.435283, 28.375319], [-81.435076, 28.375319], [-81.435076, 28.375434]]]}, "properties": {"osm_id": 823635342, "osm_type": "way", "building": "yes", "name": null}}, {"type": "Feature", "geometry": {"type": "Polygon", "coordinates": [[[-81.435076, 28.375455], [-81.435076, 28.375573], [-81.435264, 28.375573], [-81.435264, 28.375524], [-81.435299, 28.375524], [-81.435299, 28.375455], [-81.435076, 28.375455]]]}, "properties": {"osm_id": 823635343, "osm_type": "way", "building": "yes", "name": null}}, {"type": "Feature", "geometry": {"type": "Polygon", "coordinates": [[[-81.435366, 28.375434], [-81.435366, 28.375639], [-81.435495, 28.375639], [-81.435495, 28.375434], [-81.435366, 28.375434]]]}, "properties": {"osm_id": 823635344, "osm_type": "way", "building": "yes", "name": null}}, {"type": "Feature", "geometry": {"type": "Polygon", "coordinates": [[[-81.435653, 28.375689], [-81.435653, 28.375479], [-81.435522, 28.375479], [-81.435522, 28.375689], [-81.435653, 28.375689]]]}, "properties": {"osm_id": 823635345, "osm_type": "way", "building": "yes", "name": null}}, {"type": "Feature", "geometry": {"type": "Polygon", "coordinates": [[[-81.435809, 28.375696], [-81.435809, 28.375399], [-81.435674, 28.375399], [-81.435674, 28.375696], [-81.435809, 28.375696]]]}, "properties": {"osm_id": 823635346, "osm_type": "way", "building": "yes", "name": null}}, {"type": "Feature", "geometry": {"type": "Polygon", "coordinates": [[[-81.435832, 28.375691], [-81.435962, 28.375691], [-81.435963, 28.375526], [-81.435833, 28.375526], [-81.435832, 28.375691]]]}, "properties": {"osm_id": 823635347, "osm_type": "way", "building": "yes", "name": null}}, {"type": "Feature", "geometry": {"type": "Polygon", "coordinates": [[[-81.435983, 28.375694], [-81.436117, 28.375694], [-81.436117, 28.375491], [-81.435983, 28.375491], [-81.435983, 28.375694]]]}, "properties": {"osm_id": 823635348, "osm_type": "way", "building": "yes", "name": null}}, {"type": "Feature", "geometry": {"type": "Polygon", "coordinates": [[[-81.436144, 28.375684], [-81.436278, 28.375684], [-81.436278, 28.375479], [-81.436144, 28.375479], [-81.436144, 28.375684]]]}, "properties": {"osm_id": 823635349, "osm_type": "way", "building": "yes", "name": null}}, {"type": "Feature", "geometry": {"type": "Polygon", "coordinates": [[[-81.436458, 28.375232], [-81.43633, 28.375202], [-81.436271, 28.375397], [-81.436399, 28.375427], [-81.436458, 28.375232]]]}, "properties": {"osm_id": 823635350, "osm_type": "way", "building": "yes", "name": null}}, {"type": "Feature", "geometry": {"type": "Polygon", "coordinates": [[[-81.436132, 28.375324], [-81.436256, 28.375351], [-81.436302, 28.375186], [-81.436223, 28.375169], [-81.436213, 28.375204], [-81.436168, 28.375195], [-81.436132, 28.375324]]]}, "properties": {"osm_id": 823635351, "osm_type": "way", "building": "yes", "name": null}}, {"type": "Feature", "geometry": {"type": "Polygon", "coordinates": [[[-81.436011, 28.375167], [-81.435974, 28.375312], [-81.436089, 28.375335], [-81.436138, 28.375142], [-81.436083, 28.375132], [-81.436071, 28.375179], [-81.436011, 28.375167]]]}, "properties": {"osm_id": 823635352, "osm_type": "way", "building": "yes", "name": null}}, {"type": "Feature", "geometry": {"type": "Polygon", "coordinates": [[[-81.435879, 28.375081], [-81.43582, 28.375274], [-81.435946, 28.375303], [-81.436004, 28.37511], [-81.435879, 28.375081]]]}, "properties": {"osm_id": 823635353, "osm_type": "way", "building": "yes", "name": null}}, {"type": "Feature", "geometry": {"type": "Polygon", "coordinates": [[[-81.435861, 28.375068], [-81.435734, 28.375037], [-81.435683, 28.375199], [-81.43581, 28.37523], [-81.435861, 28.375068]]]}, "properties": {"osm_id": 823635354, "osm_type": "way", "building": "yes", "name": null}}, {"type": "Feature", "geometry": {"type": "Polygon", "coordinates": [[[-81.435586, 28.374997], [-81.435526, 28.375205], [-81.43565, 28.375233], [-81.435711, 28.375025], [-81.435586, 28.374997]]]}, "properties": {"osm_id": 823635355, "osm_type": "way", "building": "yes", "name": null}}, {"type": "Feature", "geometry": {"type": "Polygon", "coordinates": [[[-81.435423, 28.374954], [-81.435363, 28.375146], [-81.435493, 28.375177], [-81.435553, 28.374985], [-81.435423, 28.374954]]]}, "properties": {"osm_id": 823635356, "osm_type": "way", "building": "yes", "name": null}}, {"type": "Feature", "geometry": {"type": "Polygon", "coordinates": [[[-81.434797, 28.375493], [-81.434529, 28.375499], [-81.434532, 28.375616], [-81.4348, 28.375611], [-81.434797, 28.375493]]]}, "properties": {"osm_id": 823635357, "osm_type": "way", "building": "yes", "name": null}}, {"type": "Feature", "geometry": {"type": "Polygon", "coordinates": [[[-81.434615, 28.375471], [-81.434792, 28.375473], [-81.434793, 28.375401], [-81.434742, 28.3754], [-81.434742, 28.375356], [-81.434616, 28.375355], [-81.434615, 28.375471]]]}, "properties": {"osm_id": 823635358, "osm_type": "way", "building": "yes", "name": null}}, {"type": "Feature", "geometry": {"type": "Polygon", "coordinates": [[[-81.434789, 28.375215], [-81.434593, 28.375215], [-81.434593, 28.375335], [-81.434789, 28.375335], [-81.434789, 28.375215]]]}, "properties": {"osm_id": 823635359, "osm_type": "way", "building": "yes", "name": null}}, {"type": "Feature", "geometry": {"type": "Polygon", "coordinates": [[[-81.434792, 28.375038], [-81.434564, 28.375038], [-81.434564, 28.375158], [-81.434792, 28.375158], [-81.434792, 28.375038]]]}, "properties": {"osm_id": 823635360, "osm_type": "way", "building": "yes", "name": null}}, {"type": "Feature", "geometry": {"type": "Polygon", "coordinates": [[[-81.434596, 28.375016], [-81.434787, 28.375016], [-81.434787, 28.374901], [-81.434596, 28.374901], [-81.434596, 28.375016]]]}, "properties": {"osm_id": 823635361, "osm_type": "way", "building": "yes", "name": null}}, {"type": "Feature", "geometry": {"type": "Polygon", "coordinates": [[[-81.434787, 28.374733], [-81.43462, 28.374733], [-81.43462, 28.374882], [-81.434787, 28.374882], [-81.434787, 28.374733]]]}, "properties": {"osm_id": 823635362, "osm_type": "way", "building": "yes", "name": null}}, {"type": "Feature", "geometry": {"type": "Polygon", "coordinates": [[[-81.434742, 28.374525], [-81.434534, 28.374592], [-81.43455, 28.374632], [-81.434512, 28.374644], [-81.434543, 28.374717], [-81.434788, 28.374637], [-81.434742, 28.374525]]]}, "properties": {"osm_id": 823635363, "osm_type": "way", "building": "yes", "name": null}}, {"type": "Feature", "geometry": {"type": "Polygon", "coordinates": [[[-81.434379, 28.374307], [-81.434358, 28.374477], [-81.434491, 28.37449], [-81.434512, 28.37432], [-81.434379, 28.374307]]]}, "properties": {"osm_id": 823635364, "osm_type": "way", "building": "yes", "name": null}}, {"type": "Feature", "geometry": {"type": "Polygon", "coordinates": [[[-81.434317, 28.374301], [-81.434178, 28.374301], [-81.434178, 28.374488], [-81.434317, 28.374488], [-81.434317, 28.374301]]]}, "properties": {"osm_id": 823635365, "osm_type": "way", "building": "yes", "name": null}}, {"type": "Feature", "geometry": {"type": "Polygon", "coordinates": [[[-81.434156, 28.374306], [-81.433995, 28.374306], [-81.433995, 28.374493], [-81.434156, 28.374493], [-81.434156, 28.374306]]]}, "properties": {"osm_id": 823635366, "osm_type": "way", "building": "yes", "name": null}}, {"type": "Feature", "geometry": {"type": "Polygon", "coordinates": [[[-81.433971, 28.374304], [-81.433808, 28.374304], [-81.433808, 28.374488], [-81.433971, 28.374488], [-81.433971, 28.374304]]]}, "properties": {"osm_id": 823635367, "osm_type": "way", "building": "yes", "name": null}}, {"type": "Feature", "geometry": {"type": "Polygon", "coordinates": [[[-81.43362, 28.374488], [-81.433786, 28.374488], [-81.433786, 28.374304], [-81.43362, 28.374304], [-81.43362, 28.374488]]]}, "properties": {"osm_id": 823635368, "osm_type": "way", "building": "yes", "name": null}}, {"type": "Feature", "geometry": {"type": "Polygon", "coordinates": [[[-81.433598, 28.374304], [-81.433486, 28.374304], [-81.433486, 28.374349], [-81.433435, 28.374349], [-81.433435, 28.374488], [-81.433598, 28.374488], [-81.433598, 28.374304]]]}, "properties": {"osm_id": 823635369, "osm_type": "way", "building": "yes", "name": null}}, {"type": "Feature", "geometry": {"type": "Polygon", "coordinates": [[[-81.433403, 28.374306], [-81.433338, 28.374306], [-81.433338, 28.374351], [-81.433282, 28.374351], [-81.433282, 28.37453], [-81.433403, 28.37453], [-81.433403, 28.374306]]]}, "properties": {"osm_id": 823635370, "osm_type": "way", "building": "yes", "name": null}}, {"type": "Feature", "geometry": {"type": "Polygon", "coordinates": [[[-81.43311, 28.374306], [-81.43311, 28.374535], [-81.433252, 28.374535], [-81.433252, 28.374306], [-81.43311, 28.374306]]]}, "properties": {"osm_id": 823635371, "osm_type": "way", "building": "yes", "name": null}}, {"type": "Feature", "geometry": {"type": "Polygon", "coordinates": [[[-81.433027, 28.374308], [-81.43288, 28.374308], [-81.43288, 28.374495], [-81.433027, 28.374495], [-81.433027, 28.374308]]]}, "properties": {"osm_id": 823635372, "osm_type": "way", "building": "yes", "name": null}}, {"type": "Feature", "geometry": {"type": "Polygon", "coordinates": [[[-81.432842, 28.374311], [-81.432708, 28.374311], [-81.432708, 28.374488], [-81.432842, 28.374488], [-81.432842, 28.374311]]]}, "properties": {"osm_id": 823635373, "osm_type": "way", "building": "yes", "name": null}}, {"type": "Feature", "geometry": {"type": "Polygon", "coordinates": [[[-81.432657, 28.374308], [-81.432517, 28.374308], [-81.432517, 28.374526], [-81.432657, 28.374526], [-81.432657, 28.374308]]]}, "properties": {"osm_id": 823635374, "osm_type": "way", "building": "yes", "name": null}}, {"type": "Feature", "geometry": {"type": "Polygon", "coordinates": [[[-81.432485, 28.374313], [-81.432357, 28.374313], [-81.432357, 28.374495], [-81.432485, 28.374495], [-81.432485, 28.374313]]]}, "properties": {"osm_id": 823635375, "osm_type": "way", "building": "yes", "name": null}}, {"type": "Feature", "geometry": {"type": "Polygon", "coordinates": [[[-81.43233, 28.374313], [-81.43219, 28.374313], [-81.43219, 28.374547], [-81.43233, 28.374547], [-81.43233, 28.374313]]]}, "properties": {"osm_id": 823635376, "osm_type": "way", "building": "yes", "name": null}}, {"type": "Feature", "geometry": {"type": "Polygon", "coordinates": [[[-81.432035, 28.374313], [-81.432035, 28.374514], [-81.432174, 28.374514], [-81.432174, 28.374313], [-81.432035, 28.374313]]]}, "properties": {"osm_id": 823635377, "osm_type": "way", "building": "yes", "name": null}}, {"type": "Feature", "geometry": {"type": "Polygon", "coordinates": [[[-81.432011, 28.374316], [-81.431876, 28.374316], [-81.431876, 28.374504], [-81.432011, 28.374504], [-81.432011, 28.374316]]]}, "properties": {"osm_id": 823635378, "osm_type": "way", "building": "yes", "name": null}}, {"type": "Feature", "geometry": {"type": "Polygon", "coordinates": [[[-81.431541, 28.374511], [-81.431728, 28.374616], [-81.431755, 28.374578], [-81.4318, 28.374603], [-81.431863, 28.374514], [-81.431676, 28.37441], [-81.431643, 28.374457], [-81.431598, 28.374432], [-81.431541, 28.374511]]]}, "properties": {"osm_id": 823635379, "osm_type": "way", "building": "yes", "name": null}}, {"type": "Feature", "geometry": {"type": "Polygon", "coordinates": [[[-81.431751, 28.374752], [-81.431698, 28.374752], [-81.431698, 28.374699], [-81.431483, 28.3747], [-81.431483, 28.374754], [-81.431534, 28.374754], [-81.431535, 28.374851], [-81.431752, 28.37485], [-81.431751, 28.374752]]]}, "properties": {"osm_id": 823635380, "osm_type": "way", "building": "yes", "name": null}}, {"type": "Feature", "geometry": {"type": "Polygon", "coordinates": [[[-81.431486, 28.374867], [-81.431483, 28.374963], [-81.431539, 28.374965], [-81.431537, 28.375019], [-81.431728, 28.375023], [-81.431731, 28.374921], [-81.43169, 28.37492], [-81.431692, 28.374871], [-81.431486, 28.374867]]]}, "properties": {"osm_id": 823635381, "osm_type": "way", "building": "yes", "name": null}}, {"type": "Feature", "geometry": {"type": "Polygon", "coordinates": [[[-81.431488, 28.375198], [-81.431488, 28.375319], [-81.431715, 28.375319], [-81.431715, 28.375198], [-81.431488, 28.375198]]]}, "properties": {"osm_id": 823635382, "osm_type": "way", "building": "yes", "name": null}}, {"type": "Feature", "geometry": {"type": "Polygon", "coordinates": [[[-81.431742, 28.37534], [-81.43149, 28.37534], [-81.43149, 28.375458], [-81.431742, 28.375458], [-81.431742, 28.37534]]]}, "properties": {"osm_id": 823635383, "osm_type": "way", "building": "yes", "name": null}}, {"type": "Feature", "geometry": {"type": "Polygon", "coordinates": [[[-81.431686, 28.375477], [-81.431488, 28.375477], [-81.431488, 28.375595], [-81.431686, 28.375595], [-81.431686, 28.375477]]]}, "properties": {"osm_id": 823635384, "osm_type": "way", "building": "yes", "name": null}}, {"type": "Feature", "geometry": {"type": "Polygon", "coordinates": [[[-81.431482, 28.375734], [-81.431724, 28.375734], [-81.431724, 28.375611], [-81.431482, 28.375611], [-81.431482, 28.375734]]]}, "properties": {"osm_id": 823635385, "osm_type": "way", "building": "yes", "name": null}}, {"type": "Feature", "geometry": {"type": "Polygon", "coordinates": [[[-81.43178, 28.375717], [-81.431911, 28.375717], [-81.431911, 28.375538], [-81.43186, 28.375538], [-81.43186, 28.375493], [-81.43178, 28.375493], [-81.43178, 28.375717]]]}, "properties": {"osm_id": 823635386, "osm_type": "way", "building": "yes", "name": null}}, {"type": "Feature", "geometry": {"type": "Polygon", "coordinates": [[[-81.432064, 28.375531], [-81.431935, 28.375531], [-81.431935, 28.375717], [-81.432064, 28.375717], [-81.432064, 28.375531]]]}, "properties": {"osm_id": 823635387, "osm_type": "way", "building": "yes", "name": null}}, {"type": "Feature", "geometry": {"type": "Polygon", "coordinates": [[[-81.4316572, 28.3751792], [-81.4316543, 28.3750368], [-81.4314802, 28.3750372], [-81.4314812, 28.3751033], [-81.4315132, 28.3751041], [-81.4315137, 28.3751813], [-81.4316572, 28.3751792]]]}, "properties": {"osm_id": 823635388, "osm_type": "way", "building": "yes", "name": null}}, {"type": "Feature", "geometry": {"type": "Polygon", "coordinates": [[[-81.432263, 28.375715], [-81.432397, 28.375715], [-81.432397, 28.375536], [-81.432263, 28.375536], [-81.432263, 28.375715]]]}, "properties": {"osm_id": 823635435, "osm_type": "way", "building": "yes", "name": null}}, {"type": "Feature", "geometry": {"type": "Polygon", "coordinates": [[[-81.432086, 28.375717], [-81.432228, 28.375717], [-81.432228, 28.375491], [-81.432086, 28.375491], [-81.432086, 28.375717]]]}, "properties": {"osm_id": 823635436, "osm_type": "way", "building": "yes", "name": null}}, {"type": "Feature", "geometry": {"type": "Polygon", "coordinates": [[[-81.432535, 28.375669], [-81.432535, 28.375714], [-81.432602, 28.375715], [-81.432604, 28.375527], [-81.432432, 28.375526], [-81.43243, 28.375668], [-81.432535, 28.375669]]]}, "properties": {"osm_id": 823635437, "osm_type": "way", "building": "yes", "name": null}}, {"type": "Feature", "geometry": {"type": "Polygon", "coordinates": [[[-81.432623, 28.375518], [-81.432622, 28.375666], [-81.432721, 28.375667], [-81.43272, 28.375709], [-81.432787, 28.37571], [-81.43279, 28.37552], [-81.432623, 28.375518]]]}, "properties": {"osm_id": 823635438, "osm_type": "way", "building": "yes", "name": null}}, {"type": "Feature", "geometry": {"type": "Polygon", "coordinates": [[[-81.432952, 28.37551], [-81.432813, 28.37551], [-81.432813, 28.375713], [-81.432952, 28.375713], [-81.432952, 28.37551]]]}, "properties": {"osm_id": 823635439, "osm_type": "way", "building": "yes", "name": null}}, {"type": "Feature", "geometry": {"type": "Polygon", "coordinates": [[[-81.433019, 28.375715], [-81.433164, 28.375715], [-81.433164, 28.375529], [-81.433019, 28.375529], [-81.433019, 28.375715]]]}, "properties": {"osm_id": 823635440, "osm_type": "way", "building": "yes", "name": null}}, {"type": "Feature", "geometry": {"type": "Polygon", "coordinates": [[[-81.433322, 28.375514], [-81.433188, 28.375514], [-81.433188, 28.375713], [-81.433322, 28.375713], [-81.433322, 28.375514]]]}, "properties": {"osm_id": 823635441, "osm_type": "way", "building": "yes", "name": null}}, {"type": "Feature", "geometry": {"type": "Polygon", "coordinates": [[[-81.433478, 28.37571], [-81.433478, 28.375521], [-81.433344, 28.375521], [-81.433344, 28.37571], [-81.433478, 28.37571]]]}, "properties": {"osm_id": 823635442, "osm_type": "way", "building": "yes", "name": null}}, {"type": "Feature", "geometry": {"type": "Polygon", "coordinates": [[[-81.433649, 28.375708], [-81.433649, 28.375521], [-81.433513, 28.375521], [-81.433513, 28.375708], [-81.433649, 28.375708]]]}, "properties": {"osm_id": 823635443, "osm_type": "way", "building": "yes", "name": null}}, {"type": "Feature", "geometry": {"type": "Polygon", "coordinates": [[[-81.433853, 28.375519], [-81.433679, 28.375519], [-81.433679, 28.375661], [-81.433797, 28.375661], [-81.433797, 28.375708], [-81.433853, 28.375708], [-81.433853, 28.375519]]]}, "properties": {"osm_id": 823635444, "osm_type": "way", "building": "yes", "name": null}}, {"type": "Feature", "geometry": {"type": "Polygon", "coordinates": [[[-81.434036, 28.375521], [-81.433872, 28.375521], [-81.433872, 28.375708], [-81.434036, 28.375708], [-81.434036, 28.375521]]]}, "properties": {"osm_id": 823635445, "osm_type": "way", "building": "yes", "name": null}}, {"type": "Feature", "geometry": {"type": "Polygon", "coordinates": [[[-81.434057, 28.375526], [-81.434057, 28.375706], [-81.434194, 28.375706], [-81.434194, 28.375526], [-81.434057, 28.375526]]]}, "properties": {"osm_id": 823635446, "osm_type": "way", "building": "yes", "name": null}}, {"type": "Feature", "geometry": {"type": "Polygon", "coordinates": [[[-81.434347, 28.375526], [-81.434215, 28.375526], [-81.434215, 28.375706], [-81.434347, 28.375706], [-81.434347, 28.375526]]]}, "properties": {"osm_id": 823635447, "osm_type": "way", "building": "yes", "name": null}}, {"type": "Feature", "geometry": {"type": "Polygon", "coordinates": [[[-81.434502, 28.375698], [-81.434502, 28.375507], [-81.434371, 28.375507], [-81.434371, 28.375698], [-81.434502, 28.375698]]]}, "properties": {"osm_id": 823635448, "osm_type": "way", "building": "yes", "name": null}}, {"type": "Feature", "geometry": {"type": "Polygon", "coordinates": [[[-81.434613, 28.373847], [-81.434613, 28.374005], [-81.434664, 28.374005], [-81.434664, 28.374047], [-81.434746, 28.374047], [-81.434746, 28.373847], [-81.434613, 28.373847]]]}, "properties": {"osm_id": 823635449, "osm_type": "way", "building": "yes", "name": null}}, {"type": "Feature", "geometry": {"type": "Polygon", "coordinates": [[[-81.434435, 28.374068], [-81.434572, 28.374068], [-81.434572, 28.373884], [-81.434435, 28.373884], [-81.434435, 28.374068]]]}, "properties": {"osm_id": 823635450, "osm_type": "way", "building": "yes", "name": null}}, {"type": "Feature", "geometry": {"type": "Polygon", "coordinates": [[[-81.434395, 28.373886], [-81.434266, 28.373886], [-81.434266, 28.374054], [-81.434395, 28.374054], [-81.434395, 28.373886]]]}, "properties": {"osm_id": 823635451, "osm_type": "way", "building": "yes", "name": null}}, {"type": "Feature", "geometry": {"type": "Polygon", "coordinates": [[[-81.434105, 28.374058], [-81.434242, 28.374058], [-81.434242, 28.37387], [-81.434105, 28.37387], [-81.434105, 28.374058]]]}, "properties": {"osm_id": 823635452, "osm_type": "way", "building": "yes", "name": null}}, {"type": "Feature", "geometry": {"type": "Polygon", "coordinates": [[[-81.434087, 28.373888], [-81.433952, 28.373888], [-81.433952, 28.374058], [-81.434087, 28.374058], [-81.434087, 28.373888]]]}, "properties": {"osm_id": 823635453, "osm_type": "way", "building": "yes", "name": null}}, {"type": "Feature", "geometry": {"type": "Polygon", "coordinates": [[[-81.433797, 28.373858], [-81.433797, 28.374058], [-81.433928, 28.374058], [-81.433928, 28.373891], [-81.43388, 28.373891], [-81.43388, 28.373858], [-81.433797, 28.373858]]]}, "properties": {"osm_id": 823635454, "osm_type": "way", "building": "yes", "name": null}}, {"type": "Feature", "geometry": {"type": "Polygon", "coordinates": [[[-81.433773, 28.374058], [-81.433773, 28.373865], [-81.433641, 28.373865], [-81.433641, 28.374058], [-81.433773, 28.374058]]]}, "properties": {"osm_id": 823635455, "osm_type": "way", "building": "yes", "name": null}}, {"type": "Feature", "geometry": {"type": "Polygon", "coordinates": [[[-81.433617, 28.373891], [-81.433488, 28.373891], [-81.433488, 28.374061], [-81.433617, 28.374061], [-81.433617, 28.373891]]]}, "properties": {"osm_id": 823635456, "osm_type": "way", "building": "yes", "name": null}}, {"type": "Feature", "geometry": {"type": "Polygon", "coordinates": [[[-81.433464, 28.374061], [-81.433464, 28.373874], [-81.433333, 28.373874], [-81.433333, 28.374061], [-81.433464, 28.374061]]]}, "properties": {"osm_id": 823635457, "osm_type": "way", "building": "yes", "name": null}}, {"type": "Feature", "geometry": {"type": "Polygon", "coordinates": [[[-81.433306, 28.374068], [-81.433306, 28.373893], [-81.433172, 28.373893], [-81.433172, 28.374068], [-81.433306, 28.374068]]]}, "properties": {"osm_id": 823635458, "osm_type": "way", "building": "yes", "name": null}}, {"type": "Feature", "geometry": {"type": "Polygon", "coordinates": [[[-81.433153, 28.374065], [-81.433153, 28.373877], [-81.433022, 28.373877], [-81.433022, 28.374065], [-81.433153, 28.374065]]]}, "properties": {"osm_id": 823635459, "osm_type": "way", "building": "yes", "name": null}}, {"type": "Feature", "geometry": {"type": "Polygon", "coordinates": [[[-81.432863, 28.373891], [-81.432863, 28.374065], [-81.433, 28.374065], [-81.433, 28.373891], [-81.432863, 28.373891]]]}, "properties": {"osm_id": 823635460, "osm_type": "way", "building": "yes", "name": null}}, {"type": "Feature", "geometry": {"type": "Polygon", "coordinates": [[[-81.432707, 28.374071], [-81.432843, 28.374071], [-81.432843, 28.37388], [-81.432707, 28.373879], [-81.432707, 28.374071]]]}, "properties": {"osm_id": 823635461, "osm_type": "way", "building": "yes", "name": null}}, {"type": "Feature", "geometry": {"type": "Polygon", "coordinates": [[[-81.432555, 28.373893], [-81.432555, 28.374068], [-81.432686, 28.374068], [-81.432686, 28.373893], [-81.432555, 28.373893]]]}, "properties": {"osm_id": 823635462, "osm_type": "way", "building": "yes", "name": null}}, {"type": "Feature", "geometry": {"type": "Polygon", "coordinates": [[[-81.432397, 28.37407], [-81.432534, 28.37407], [-81.432534, 28.373893], [-81.432397, 28.373893], [-81.432397, 28.37407]]]}, "properties": {"osm_id": 823635463, "osm_type": "way", "building": "yes", "name": null}}, {"type": "Feature", "geometry": {"type": "Polygon", "coordinates": [[[-81.432241, 28.37407], [-81.432373, 28.37407], [-81.432373, 28.373846], [-81.432241, 28.373846], [-81.432241, 28.37407]]]}, "properties": {"osm_id": 823635464, "osm_type": "way", "building": "yes", "name": null}}, {"type": "Feature", "geometry": {"type": "Polygon", "coordinates": [[[-81.43222, 28.374068], [-81.43222, 28.373881], [-81.432086, 28.373881], [-81.432086, 28.374068], [-81.43222, 28.374068]]]}, "properties": {"osm_id": 823635465, "osm_type": "way", "building": "yes", "name": null}}, {"type": "Feature", "geometry": {"type": "Polygon", "coordinates": [[[-81.432061, 28.373893], [-81.431927, 28.373893], [-81.431927, 28.374072], [-81.432061, 28.374072], [-81.432061, 28.373893]]]}, "properties": {"osm_id": 823635466, "osm_type": "way", "building": "yes", "name": null}}, {"type": "Feature", "geometry": {"type": "Polygon", "coordinates": [[[-81.431748, 28.37408], [-81.431663, 28.373888], [-81.431507, 28.373941], [-81.431575, 28.374095], [-81.431651, 28.374069], [-81.431668, 28.374108], [-81.431748, 28.37408]]]}, "properties": {"osm_id": 823635467, "osm_type": "way", "building": "yes", "name": null}}, {"type": "Feature", "geometry": {"type": "Polygon", "coordinates": [[[-81.431763, 28.373888], [-81.431769, 28.374077], [-81.4319, 28.374073], [-81.431894, 28.373885], [-81.431763, 28.373888]]]}, "properties": {"osm_id": 823635468, "osm_type": "way", "building": "yes", "name": null}}, {"type": "Feature", "geometry": {"type": "Polygon", "coordinates": [[[-81.431332, 28.374072], [-81.431447, 28.374227], [-81.431563, 28.374159], [-81.431448, 28.374005], [-81.431332, 28.374072]]]}, "properties": {"osm_id": 823635469, "osm_type": "way", "building": "yes", "name": null}}, {"type": "Feature", "geometry": {"type": "Polygon", "coordinates": [[[-81.431256, 28.374141], [-81.431169, 28.374236], [-81.431329, 28.374349], [-81.431415, 28.374254], [-81.431256, 28.374141]]]}, "properties": {"osm_id": 823635470, "osm_type": "way", "building": "yes", "name": null}}, {"type": "Feature", "geometry": {"type": "Polygon", "coordinates": [[[-81.431299, 28.374389], [-81.431062, 28.37431], [-81.431013, 28.374425], [-81.43125, 28.374503], [-81.431299, 28.374389]]]}, "properties": {"osm_id": 823635471, "osm_type": "way", "building": "yes", "name": null}}, {"type": "Feature", "geometry": {"type": "Polygon", "coordinates": [[[-81.430952, 28.37474], [-81.431148, 28.374749], [-81.431153, 28.374681], [-81.431209, 28.374683], [-81.431214, 28.3746], [-81.430961, 28.374588], [-81.430952, 28.37474]]]}, "properties": {"osm_id": 823635472, "osm_type": "way", "building": "yes", "name": null}}, {"type": "Feature", "geometry": {"type": "Polygon", "coordinates": [[[-81.430974, 28.374913], [-81.431211, 28.374913], [-81.431211, 28.374788], [-81.430974, 28.374788], [-81.430974, 28.374913]]]}, "properties": {"osm_id": 823635473, "osm_type": "way", "building": "yes", "name": null}}, {"type": "Feature", "geometry": {"type": "Polygon", "coordinates": [[[-81.431209, 28.374927], [-81.431002, 28.374927], [-81.431002, 28.375049], [-81.431209, 28.375049], [-81.431209, 28.374927]]]}, "properties": {"osm_id": 823635474, "osm_type": "way", "building": "yes", "name": null}}, {"type": "Feature", "geometry": {"type": "Polygon", "coordinates": [[[-81.430997, 28.375066], [-81.430997, 28.375182], [-81.431206, 28.375182], [-81.431206, 28.375066], [-81.430997, 28.375066]]]}, "properties": {"osm_id": 823635475, "osm_type": "way", "building": "yes", "name": null}}, {"type": "Feature", "geometry": {"type": "Polygon", "coordinates": [[[-81.431209, 28.375205], [-81.430983, 28.375205], [-81.430983, 28.375321], [-81.431209, 28.375321], [-81.431209, 28.375205]]]}, "properties": {"osm_id": 823635476, "osm_type": "way", "building": "yes", "name": null}}, {"type": "Feature", "geometry": {"type": "Polygon", "coordinates": [[[-81.431209, 28.37546], [-81.431209, 28.37534], [-81.43101, 28.37534], [-81.43101, 28.37546], [-81.431209, 28.37546]]]}, "properties": {"osm_id": 823635477, "osm_type": "way", "building": "yes", "name": null}}, {"type": "Feature", "geometry": {"type": "Polygon", "coordinates": [[[-81.431002, 28.375481], [-81.431002, 28.375597], [-81.431214, 28.375597], [-81.431214, 28.375481], [-81.431002, 28.375481]]]}, "properties": {"osm_id": 823635478, "osm_type": "way", "building": "yes", "name": null}}, {"type": "Feature", "geometry": {"type": "Polygon", "coordinates": [[[-81.430962, 28.375614], [-81.430962, 28.375736], [-81.431217, 28.375736], [-81.431217, 28.375614], [-81.430962, 28.375614]]]}, "properties": {"osm_id": 823635479, "osm_type": "way", "building": "yes", "name": null}}, {"type": "Feature", "geometry": {"type": "Polygon", "coordinates": [[[-81.433077, 28.357878], [-81.433208, 28.358013], [-81.433375, 28.357889], [-81.433244, 28.357753], [-81.433077, 28.357878]]]}, "properties": {"osm_id": 844118975, "osm_type": "way", "building": "yes", "name": null}}, {"type": "Feature", "geometry": {"type": "Polygon", "coordinates": [[[-81.433109, 28.358008], [-81.433007, 28.357987], [-81.432996, 28.358027], [-81.432875, 28.358002], [-81.432825, 28.358193], [-81.433048, 28.358238], [-81.433109, 28.358008]]]}, "properties": {"osm_id": 844118976, "osm_type": "way", "building": "yes", "name": null}}, {"type": "Feature", "geometry": {"type": "Polygon", "coordinates": [[[-81.432887, 28.357887], [-81.432812, 28.357817], [-81.43278, 28.357844], [-81.432708, 28.357777], [-81.432604, 28.357864], [-81.432697, 28.35795], [-81.432661, 28.357981], [-81.432715, 28.358031], [-81.432887, 28.357887]]]}, "properties": {"osm_id": 844118977, "osm_type": "way", "building": "yes", "name": null}}, {"type": "Feature", "geometry": {"type": "Polygon", "coordinates": [[[-81.432413, 28.364469], [-81.432341, 28.364536], [-81.432442, 28.364621], [-81.432585, 28.364488], [-81.432553, 28.364461], [-81.432758, 28.364272], [-81.432526, 28.364077], [-81.432427, 28.364169], [-81.432384, 28.364133], [-81.432208, 28.364297], [-81.432413, 28.364469]]]}, "properties": {"osm_id": 844119724, "osm_type": "way", "building": "yes", "name": "Peace United Methodist Church"}}, {"type": "Feature", "geometry": {"type": "Polygon", "coordinates": [[[-81.431354, 28.3644548], [-81.4315005, 28.3646155], [-81.431602, 28.3645442], [-81.4314565, 28.3643835], [-81.431354, 28.3644548]]]}, "properties": {"osm_id": 844119725, "osm_type": "way", "building": "yes", "name": null}}, {"type": "Feature", "geometry": {"type": "Polygon", "coordinates": [[[-81.431561, 28.364272], [-81.431469, 28.364354], [-81.431632, 28.364498], [-81.431725, 28.364416], [-81.431561, 28.364272]]]}, "properties": {"osm_id": 844119726, "osm_type": "way", "building": "yes", "name": null}}, {"type": "Feature", "geometry": {"type": "Polygon", "coordinates": [[[-81.431581, 28.364269], [-81.431746, 28.364402], [-81.431838, 28.364313], [-81.431673, 28.36418], [-81.431581, 28.364269]]]}, "properties": {"osm_id": 844119727, "osm_type": "way", "building": "yes", "name": null}}, {"type": "Feature", "geometry": {"type": "Polygon", "coordinates": [[[-81.431918, 28.364196], [-81.431779, 28.364081], [-81.43169, 28.364164], [-81.43183, 28.364279], [-81.431918, 28.364196]]]}, "properties": {"osm_id": 844119728, "osm_type": "way", "building": "yes", "name": null}}, {"type": "Feature", "geometry": {"type": "Polygon", "coordinates": [[[-81.431793, 28.364062], [-81.43194, 28.364186], [-81.432031, 28.364102], [-81.431884, 28.363978], [-81.431793, 28.364062]]]}, "properties": {"osm_id": 844119729, "osm_type": "way", "building": "yes", "name": null}}, {"type": "Feature", "geometry": {"type": "Polygon", "coordinates": [[[-81.431905, 28.363963], [-81.432013, 28.364059], [-81.432107, 28.363976], [-81.431998, 28.36388], [-81.431905, 28.363963]]]}, "properties": {"osm_id": 844119730, "osm_type": "way", "building": "yes", "name": null}}, {"type": "Feature", "geometry": {"type": "Polygon", "coordinates": [[[-81.432011, 28.363863], [-81.432126, 28.363964], [-81.43222, 28.363882], [-81.432104, 28.36378], [-81.432011, 28.363863]]]}, "properties": {"osm_id": 844119731, "osm_type": "way", "building": "yes", "name": null}}, {"type": "Feature", "geometry": {"type": "Polygon", "coordinates": [[[-81.432115, 28.363761], [-81.432213, 28.363847], [-81.432306, 28.363766], [-81.432208, 28.36368], [-81.432115, 28.363761]]]}, "properties": {"osm_id": 844119732, "osm_type": "way", "building": "yes", "name": null}}, {"type": "Feature", "geometry": {"type": "Polygon", "coordinates": [[[-81.432487, 28.363729], [-81.432315, 28.363578], [-81.432221, 28.363661], [-81.432393, 28.363812], [-81.432487, 28.363729]]]}, "properties": {"osm_id": 844119733, "osm_type": "way", "building": "yes", "name": null}}, {"type": "Feature", "geometry": {"type": "Polygon", "coordinates": [[[-81.432328, 28.363562], [-81.432502, 28.363705], [-81.43259, 28.363622], [-81.432417, 28.363479], [-81.432328, 28.363562]]]}, "properties": {"osm_id": 844119734, "osm_type": "way", "building": "yes", "name": null}}, {"type": "Feature", "geometry": {"type": "Polygon", "coordinates": [[[-81.432528, 28.363379], [-81.432436, 28.363461], [-81.432571, 28.363577], [-81.432662, 28.363496], [-81.432528, 28.363379]]]}, "properties": {"osm_id": 844119735, "osm_type": "way", "building": "yes", "name": null}}, {"type": "Feature", "geometry": {"type": "Polygon", "coordinates": [[[-81.432631, 28.363273], [-81.432537, 28.363358], [-81.432706, 28.363503], [-81.4328, 28.363418], [-81.432631, 28.363273]]]}, "properties": {"osm_id": 844119736, "osm_type": "way", "building": "yes", "name": null}}, {"type": "Feature", "geometry": {"type": "Polygon", "coordinates": [[[-81.43292, 28.363256], [-81.432752, 28.363125], [-81.432668, 28.363208], [-81.432836, 28.363339], [-81.43292, 28.363256]]]}, "properties": {"osm_id": 844119737, "osm_type": "way", "building": "yes", "name": null}}, {"type": "Feature", "geometry": {"type": "Polygon", "coordinates": [[[-81.432878, 28.363066], [-81.432862, 28.362952], [-81.432671, 28.362972], [-81.432686, 28.363086], [-81.432878, 28.363066]]]}, "properties": {"osm_id": 844119738, "osm_type": "way", "building": "yes", "name": null}}, {"type": "Feature", "geometry": {"type": "Polygon", "coordinates": [[[-81.432478, 28.362883], [-81.432573, 28.362963], [-81.432708, 28.362839], [-81.432613, 28.362759], [-81.432478, 28.362883]]]}, "properties": {"osm_id": 844119739, "osm_type": "way", "building": "yes", "name": null}}, {"type": "Feature", "geometry": {"type": "Polygon", "coordinates": [[[-81.432494, 28.362656], [-81.432365, 28.362786], [-81.432463, 28.362861], [-81.432591, 28.362731], [-81.432494, 28.362656]]]}, "properties": {"osm_id": 844119740, "osm_type": "way", "building": "yes", "name": null}}, {"type": "Feature", "geometry": {"type": "Polygon", "coordinates": [[[-81.432241, 28.362683], [-81.432332, 28.362763], [-81.432456, 28.362654], [-81.432365, 28.362574], [-81.432241, 28.362683]]]}, "properties": {"osm_id": 844119741, "osm_type": "way", "building": "yes", "name": null}}, {"type": "Feature", "geometry": {"type": "Polygon", "coordinates": [[[-81.432122, 28.362585], [-81.432216, 28.362665], [-81.432364, 28.362531], [-81.43227, 28.36245], [-81.432122, 28.362585]]]}, "properties": {"osm_id": 844119742, "osm_type": "way", "building": "yes", "name": null}}, {"type": "Feature", "geometry": {"type": "Polygon", "coordinates": [[[-81.432007, 28.362486], [-81.432098, 28.362564], [-81.432208, 28.362464], [-81.432117, 28.362386], [-81.432007, 28.362486]]]}, "properties": {"osm_id": 844119743, "osm_type": "way", "building": "yes", "name": null}}, {"type": "Feature", "geometry": {"type": "Polygon", "coordinates": [[[-81.432017, 28.362265], [-81.431919, 28.362348], [-81.431961, 28.362387], [-81.43193, 28.362413], [-81.431979, 28.362459], [-81.432109, 28.362349], [-81.432017, 28.362265]]]}, "properties": {"osm_id": 844119744, "osm_type": "way", "building": "yes", "name": null}}, {"type": "Feature", "geometry": {"type": "Polygon", "coordinates": [[[-81.431903, 28.362166], [-81.431769, 28.362288], [-81.431864, 28.362368], [-81.431998, 28.362247], [-81.431903, 28.362166]]]}, "properties": {"osm_id": 844119745, "osm_type": "way", "building": "yes", "name": null}}, {"type": "Feature", "geometry": {"type": "Polygon", "coordinates": [[[-81.431661, 28.362194], [-81.431757, 28.362272], [-81.431874, 28.36216], [-81.431777, 28.362082], [-81.431661, 28.362194]]]}, "properties": {"osm_id": 844119746, "osm_type": "way", "building": "yes", "name": null}}, {"type": "Feature", "geometry": {"type": "Polygon", "coordinates": [[[-81.431547, 28.3621], [-81.431634, 28.362176], [-81.43177, 28.362056], [-81.431683, 28.361979], [-81.431547, 28.3621]]]}, "properties": {"osm_id": 844119747, "osm_type": "way", "building": "yes", "name": null}}, {"type": "Feature", "geometry": {"type": "Polygon", "coordinates": [[[-81.431448, 28.361791], [-81.431298, 28.361926], [-81.431393, 28.362007], [-81.431543, 28.361872], [-81.431448, 28.361791]]]}, "properties": {"osm_id": 844119748, "osm_type": "way", "building": "yes", "name": null}}, {"type": "Feature", "geometry": {"type": "Polygon", "coordinates": [[[-81.431452, 28.361756], [-81.431359, 28.361677], [-81.431184, 28.361836], [-81.431277, 28.361915], [-81.431452, 28.361756]]]}, "properties": {"osm_id": 844119749, "osm_type": "way", "building": "yes", "name": null}}, {"type": "Feature", "geometry": {"type": "Polygon", "coordinates": [[[-81.431434, 28.362003], [-81.431525, 28.362083], [-81.431665, 28.36196], [-81.431573, 28.36188], [-81.431434, 28.362003]]]}, "properties": {"osm_id": 844119750, "osm_type": "way", "building": "yes", "name": null}}, {"type": "Feature", "geometry": {"type": "Polygon", "coordinates": [[[-81.431292, 28.361632], [-81.431242, 28.361589], [-81.431073, 28.36174], [-81.431165, 28.361819], [-81.431311, 28.361689], [-81.431269, 28.361652], [-81.431292, 28.361632]]]}, "properties": {"osm_id": 844119751, "osm_type": "way", "building": "yes", "name": null}}, {"type": "Feature", "geometry": {"type": "Polygon", "coordinates": [[[-81.430964, 28.361641], [-81.431057, 28.361722], [-81.431195, 28.361599], [-81.431102, 28.361518], [-81.430964, 28.361641]]]}, "properties": {"osm_id": 844119752, "osm_type": "way", "building": "yes", "name": null}}, {"type": "Feature", "geometry": {"type": "Polygon", "coordinates": [[[-81.430977, 28.361431], [-81.430891, 28.361509], [-81.430935, 28.361546], [-81.430896, 28.361582], [-81.430946, 28.361624], [-81.431071, 28.361511], [-81.430977, 28.361431]]]}, "properties": {"osm_id": 844119753, "osm_type": "way", "building": "yes", "name": null}}, {"type": "Feature", "geometry": {"type": "Polygon", "coordinates": [[[-81.430746, 28.36144], [-81.43084, 28.361523], [-81.430966, 28.361412], [-81.430923, 28.361374], [-81.430954, 28.361347], [-81.430903, 28.361302], [-81.430746, 28.36144]]]}, "properties": {"osm_id": 844119754, "osm_type": "way", "building": "yes", "name": null}}, {"type": "Feature", "geometry": {"type": "Polygon", "coordinates": [[[-81.430896, 28.361271], [-81.43085, 28.361234], [-81.430882, 28.361203], [-81.430834, 28.361164], [-81.430668, 28.361324], [-81.430761, 28.361399], [-81.430896, 28.361271]]]}, "properties": {"osm_id": 844119755, "osm_type": "way", "building": "yes", "name": null}}, {"type": "Feature", "geometry": {"type": "Polygon", "coordinates": [[[-81.430326, 28.36163], [-81.430419, 28.361711], [-81.430534, 28.36161], [-81.430441, 28.361528], [-81.430326, 28.36163]]]}, "properties": {"osm_id": 844119756, "osm_type": "way", "building": "yes", "name": null}}, {"type": "Feature", "geometry": {"type": "Polygon", "coordinates": [[[-81.430652, 28.361718], [-81.430563, 28.361641], [-81.43042, 28.361767], [-81.430447, 28.36179], [-81.430411, 28.361822], [-81.430472, 28.361877], [-81.430652, 28.361718]]]}, "properties": {"osm_id": 844119757, "osm_type": "way", "building": "yes", "name": null}}, {"type": "Feature", "geometry": {"type": "Polygon", "coordinates": [[[-81.430294, 28.361773], [-81.430206, 28.361685], [-81.430017, 28.361833], [-81.430105, 28.36192], [-81.430294, 28.361773]]]}, "properties": {"osm_id": 844119835, "osm_type": "way", "building": "yes", "name": null}}, {"type": "Feature", "geometry": {"type": "Polygon", "coordinates": [[[-81.4302634, 28.3618327], [-81.4301181, 28.3619506], [-81.4302016, 28.3620302], [-81.4303469, 28.3619134], [-81.4302634, 28.3618327]]]}, "properties": {"osm_id": 844119836, "osm_type": "way", "building": "yes", "name": null}}, {"type": "Feature", "geometry": {"type": "Polygon", "coordinates": [[[-81.430206, 28.362068], [-81.4302989, 28.3621544], [-81.4304301, 28.3620452], [-81.4303975, 28.362016], [-81.4304378, 28.3619826], [-81.4303764, 28.3619264], [-81.430206, 28.362068]]]}, "properties": {"osm_id": 844119837, "osm_type": "way", "building": "yes", "name": null}}, {"type": "Feature", "geometry": {"type": "Polygon", "coordinates": [[[-81.430378, 28.362215], [-81.430417, 28.362181], [-81.430454, 28.362213], [-81.430537, 28.362138], [-81.430446, 28.362059], [-81.430324, 28.362168], [-81.430378, 28.362215]]]}, "properties": {"osm_id": 844119838, "osm_type": "way", "building": "yes", "name": null}}, {"type": "Feature", "geometry": {"type": "Polygon", "coordinates": [[[-81.430774, 28.361834], [-81.430684, 28.361754], [-81.430566, 28.361857], [-81.430656, 28.361937], [-81.430774, 28.361834]]]}, "properties": {"osm_id": 844119839, "osm_type": "way", "building": "yes", "name": null}}, {"type": "Feature", "geometry": {"type": "Polygon", "coordinates": [[[-81.43089, 28.361947], [-81.430798, 28.361863], [-81.430678, 28.361965], [-81.430769, 28.362049], [-81.43089, 28.361947]]]}, "properties": {"osm_id": 844119840, "osm_type": "way", "building": "yes", "name": null}}, {"type": "Feature", "geometry": {"type": "Polygon", "coordinates": [[[-81.431011, 28.362066], [-81.430923, 28.361972], [-81.430789, 28.36207], [-81.430877, 28.362164], [-81.431011, 28.362066]]]}, "properties": {"osm_id": 844119841, "osm_type": "way", "building": "yes", "name": null}}, {"type": "Feature", "geometry": {"type": "Polygon", "coordinates": [[[-81.43044, 28.362278], [-81.430592, 28.362411], [-81.430681, 28.362332], [-81.43053, 28.362199], [-81.43044, 28.362278]]]}, "properties": {"osm_id": 844119842, "osm_type": "way", "building": "yes", "name": null}}, {"type": "Feature", "geometry": {"type": "Polygon", "coordinates": [[[-81.430576, 28.362206], [-81.430699, 28.362314], [-81.430793, 28.362232], [-81.430669, 28.362123], [-81.430576, 28.362206]]]}, "properties": {"osm_id": 844119843, "osm_type": "way", "building": "yes", "name": null}}, {"type": "Feature", "geometry": {"type": "Polygon", "coordinates": [[[-81.429959, 28.36243], [-81.430051, 28.362511], [-81.430188, 28.362391], [-81.430095, 28.36231], [-81.429959, 28.36243]]]}, "properties": {"osm_id": 844119844, "osm_type": "way", "building": "yes", "name": null}}, {"type": "Feature", "geometry": {"type": "Polygon", "coordinates": [[[-81.429941, 28.362423], [-81.430075, 28.362293], [-81.429974, 28.362213], [-81.429841, 28.362343], [-81.429941, 28.362423]]]}, "properties": {"osm_id": 844119845, "osm_type": "way", "building": "yes", "name": null}}, {"type": "Feature", "geometry": {"type": "Polygon", "coordinates": [[[-81.429701, 28.362272], [-81.429752, 28.362317], [-81.429725, 28.36234], [-81.429764, 28.362375], [-81.429917, 28.36224], [-81.429827, 28.362161], [-81.429701, 28.362272]]]}, "properties": {"osm_id": 844119846, "osm_type": "way", "building": "yes", "name": null}}, {"type": "Feature", "geometry": {"type": "Polygon", "coordinates": [[[-81.429669, 28.362272], [-81.429804, 28.362147], [-81.42971, 28.362068], [-81.429541, 28.362225], [-81.429605, 28.362278], [-81.429638, 28.362247], [-81.429669, 28.362272]]]}, "properties": {"osm_id": 844119847, "osm_type": "way", "building": "yes", "name": null}}, {"type": "Feature", "geometry": {"type": "Polygon", "coordinates": [[[-81.429911, 28.362686], [-81.430076, 28.36283], [-81.430173, 28.362745], [-81.430031, 28.362621], [-81.429983, 28.362664], [-81.42996, 28.362643], [-81.429911, 28.362686]]]}, "properties": {"osm_id": 844119848, "osm_type": "way", "building": "yes", "name": null}}, {"type": "Feature", "geometry": {"type": "Polygon", "coordinates": [[[-81.430071, 28.362616], [-81.430232, 28.362762], [-81.430327, 28.362681], [-81.430165, 28.362535], [-81.430071, 28.362616]]]}, "properties": {"osm_id": 844119849, "osm_type": "way", "building": "yes", "name": null}}, {"type": "Feature", "geometry": {"type": "Polygon", "coordinates": [[[-81.430283, 28.362448], [-81.430193, 28.362532], [-81.430335, 28.362651], [-81.430425, 28.362568], [-81.430283, 28.362448]]]}, "properties": {"osm_id": 844119850, "osm_type": "way", "building": "yes", "name": null}}, {"type": "Feature", "geometry": {"type": "Polygon", "coordinates": [[[-81.430539, 28.363185], [-81.430382, 28.363048], [-81.430289, 28.363131], [-81.430415, 28.363241], [-81.430437, 28.363221], [-81.430468, 28.363248], [-81.430539, 28.363185]]]}, "properties": {"osm_id": 844119851, "osm_type": "way", "building": "yes", "name": null}}, {"type": "Feature", "geometry": {"type": "Polygon", "coordinates": [[[-81.430627, 28.363062], [-81.430501, 28.362954], [-81.430407, 28.363038], [-81.430533, 28.363147], [-81.430627, 28.363062]]]}, "properties": {"osm_id": 844119852, "osm_type": "way", "building": "yes", "name": null}}, {"type": "Feature", "geometry": {"type": "Polygon", "coordinates": [[[-81.430559, 28.362819], [-81.430471, 28.362905], [-81.430637, 28.363037], [-81.430725, 28.362951], [-81.430559, 28.362819]]]}, "properties": {"osm_id": 844119853, "osm_type": "way", "building": "yes", "name": null}}, {"type": "Feature", "geometry": {"type": "Polygon", "coordinates": [[[-81.430668, 28.36272], [-81.430581, 28.3628], [-81.430742, 28.362936], [-81.430829, 28.362856], [-81.430668, 28.36272]]]}, "properties": {"osm_id": 844119854, "osm_type": "way", "building": "yes", "name": null}}, {"type": "Feature", "geometry": {"type": "Polygon", "coordinates": [[[-81.430686, 28.362704], [-81.430841, 28.362837], [-81.430935, 28.362752], [-81.430814, 28.362648], [-81.430772, 28.362686], [-81.430738, 28.362657], [-81.430686, 28.362704]]]}, "properties": {"osm_id": 844119855, "osm_type": "way", "building": "yes", "name": null}}, {"type": "Feature", "geometry": {"type": "Polygon", "coordinates": [[[-81.430887, 28.36252], [-81.430794, 28.362601], [-81.43095, 28.362738], [-81.431042, 28.362657], [-81.430887, 28.36252]]]}, "properties": {"osm_id": 844119856, "osm_type": "way", "building": "yes", "name": null}}, {"type": "Feature", "geometry": {"type": "Polygon", "coordinates": [[[-81.430904, 28.3625], [-81.431068, 28.362644], [-81.431158, 28.362565], [-81.430994, 28.362421], [-81.430904, 28.3625]]]}, "properties": {"osm_id": 844119857, "osm_type": "way", "building": "yes", "name": null}}, {"type": "Feature", "geometry": {"type": "Polygon", "coordinates": [[[-81.431099, 28.362317], [-81.43101, 28.362393], [-81.431163, 28.362532], [-81.431264, 28.362446], [-81.431211, 28.362397], [-81.431198, 28.362408], [-81.431099, 28.362317]]]}, "properties": {"osm_id": 844119858, "osm_type": "way", "building": "yes", "name": null}}, {"type": "Feature", "geometry": {"type": "Polygon", "coordinates": [[[-81.431263, 28.362404], [-81.43128, 28.362385], [-81.431322, 28.362416], [-81.431408, 28.362325], [-81.431231, 28.362197], [-81.431128, 28.362306], [-81.431263, 28.362404]]]}, "properties": {"osm_id": 844119859, "osm_type": "way", "building": "yes", "name": null}}, {"type": "Feature", "geometry": {"type": "Polygon", "coordinates": [[[-81.431459, 28.362365], [-81.431415, 28.362405], [-81.431425, 28.362414], [-81.431322, 28.362507], [-81.431378, 28.362555], [-81.431415, 28.362521], [-81.431447, 28.362548], [-81.431557, 28.362447], [-81.431459, 28.362365]]]}, "properties": {"osm_id": 844119860, "osm_type": "way", "building": "yes", "name": null}}, {"type": "Feature", "geometry": {"type": "Polygon", "coordinates": [[[-81.43145, 28.362595], [-81.431547, 28.362671], [-81.431678, 28.362542], [-81.43158, 28.362466], [-81.43145, 28.362595]]]}, "properties": {"osm_id": 844119861, "osm_type": "way", "building": "yes", "name": null}}, {"type": "Feature", "geometry": {"type": "Polygon", "coordinates": [[[-81.43157, 28.362676], [-81.431662, 28.362756], [-81.431787, 28.362644], [-81.431696, 28.362564], [-81.43157, 28.362676]]]}, "properties": {"osm_id": 844119862, "osm_type": "way", "building": "yes", "name": null}}, {"type": "Feature", "geometry": {"type": "Polygon", "coordinates": [[[-81.431451, 28.362682], [-81.431354, 28.362773], [-81.43149, 28.362885], [-81.431586, 28.362793], [-81.431451, 28.362682]]]}, "properties": {"osm_id": 844119863, "osm_type": "way", "building": "yes", "name": null}}, {"type": "Feature", "geometry": {"type": "Polygon", "coordinates": [[[-81.431476, 28.362899], [-81.431322, 28.362767], [-81.431231, 28.362849], [-81.431385, 28.362982], [-81.431476, 28.362899]]]}, "properties": {"osm_id": 844119864, "osm_type": "way", "building": "yes", "name": null}}, {"type": "Feature", "geometry": {"type": "Polygon", "coordinates": [[[-81.431136, 28.362963], [-81.431272, 28.363082], [-81.431368, 28.362996], [-81.431232, 28.362878], [-81.431136, 28.362963]]]}, "properties": {"osm_id": 844119865, "osm_type": "way", "building": "yes", "name": null}}, {"type": "Feature", "geometry": {"type": "Polygon", "coordinates": [[[-81.43124, 28.363084], [-81.43111, 28.362966], [-81.431014, 28.363047], [-81.431145, 28.363166], [-81.43124, 28.363084]]]}, "properties": {"osm_id": 844119866, "osm_type": "way", "building": "yes", "name": null}}, {"type": "Feature", "geometry": {"type": "Polygon", "coordinates": [[[-81.430891, 28.363135], [-81.43103, 28.363257], [-81.431123, 28.363176], [-81.430983, 28.363053], [-81.430891, 28.363135]]]}, "properties": {"osm_id": 844119867, "osm_type": "way", "building": "yes", "name": null}}, {"type": "Feature", "geometry": {"type": "Polygon", "coordinates": [[[-81.430823, 28.363102], [-81.430728, 28.363186], [-81.430903, 28.363338], [-81.430997, 28.363255], [-81.430823, 28.363102]]]}, "properties": {"osm_id": 844119868, "osm_type": "way", "building": "yes", "name": null}}, {"type": "Feature", "geometry": {"type": "Polygon", "coordinates": [[[-81.430716, 28.363203], [-81.430618, 28.363289], [-81.430759, 28.363413], [-81.430857, 28.363327], [-81.430716, 28.363203]]]}, "properties": {"osm_id": 844119869, "osm_type": "way", "building": "yes", "name": null}}, {"type": "Feature", "geometry": {"type": "Polygon", "coordinates": [[[-81.4306951, 28.3633863], [-81.4305841, 28.3632899], [-81.4305322, 28.3633407], [-81.430512, 28.3633216], [-81.4304731, 28.3633597], [-81.4306028, 28.3634752], [-81.4306951, 28.3633863]]]}, "properties": {"osm_id": 844119870, "osm_type": "way", "building": "yes", "name": null}}, {"type": "Feature", "geometry": {"type": "Polygon", "coordinates": [[[-81.431102, 28.363859], [-81.430918, 28.363707], [-81.430826, 28.363794], [-81.43101, 28.363946], [-81.431102, 28.363859]]]}, "properties": {"osm_id": 844119871, "osm_type": "way", "building": "yes", "name": null}}, {"type": "Feature", "geometry": {"type": "Polygon", "coordinates": [[[-81.431027, 28.363609], [-81.430941, 28.3637], [-81.431132, 28.36384], [-81.431217, 28.363749], [-81.431027, 28.363609]]]}, "properties": {"osm_id": 844119872, "osm_type": "way", "building": "yes", "name": null}}, {"type": "Feature", "geometry": {"type": "Polygon", "coordinates": [[[-81.431144, 28.363494], [-81.431049, 28.363579], [-81.431173, 28.363686], [-81.431268, 28.363601], [-81.431144, 28.363494]]]}, "properties": {"osm_id": 844119873, "osm_type": "way", "building": "yes", "name": null}}, {"type": "Feature", "geometry": {"type": "Polygon", "coordinates": [[[-81.431171, 28.363484], [-81.431362, 28.363643], [-81.431462, 28.363552], [-81.43127, 28.363392], [-81.431171, 28.363484]]]}, "properties": {"osm_id": 844119874, "osm_type": "way", "building": "yes", "name": null}}, {"type": "Feature", "geometry": {"type": "Polygon", "coordinates": [[[-81.431326, 28.363392], [-81.43145, 28.363491], [-81.431538, 28.363405], [-81.431414, 28.363306], [-81.431326, 28.363392]]]}, "properties": {"osm_id": 844119875, "osm_type": "way", "building": "yes", "name": null}}, {"type": "Feature", "geometry": {"type": "Polygon", "coordinates": [[[-81.431436, 28.363289], [-81.431581, 28.363414], [-81.431611, 28.363386], [-81.431648, 28.363418], [-81.431717, 28.363357], [-81.431535, 28.3632], [-81.431436, 28.363289]]]}, "properties": {"osm_id": 844119876, "osm_type": "way", "building": "yes", "name": null}}, {"type": "Feature", "geometry": {"type": "Polygon", "coordinates": [[[-81.431655, 28.363102], [-81.431559, 28.363188], [-81.431737, 28.363342], [-81.431833, 28.363257], [-81.431655, 28.363102]]]}, "properties": {"osm_id": 844119877, "osm_type": "way", "building": "yes", "name": null}}, {"type": "Feature", "geometry": {"type": "Polygon", "coordinates": [[[-81.431898, 28.3631], [-81.431777, 28.362997], [-81.431687, 28.363078], [-81.431807, 28.363182], [-81.431898, 28.3631]]]}, "properties": {"osm_id": 844119878, "osm_type": "way", "building": "yes", "name": null}}, {"type": "Feature", "geometry": {"type": "Polygon", "coordinates": [[[-81.432054, 28.362868], [-81.431954, 28.362792], [-81.431797, 28.362952], [-81.431897, 28.363028], [-81.432054, 28.362868]]]}, "properties": {"osm_id": 844119879, "osm_type": "way", "building": "yes", "name": null}}, {"type": "Feature", "geometry": {"type": "Polygon", "coordinates": [[[-81.432181, 28.362965], [-81.432087, 28.362882], [-81.431935, 28.363015], [-81.431966, 28.363043], [-81.431941, 28.363065], [-81.431976, 28.363096], [-81.431989, 28.363084], [-81.432017, 28.363109], [-81.432181, 28.362965]]]}, "properties": {"osm_id": 844119880, "osm_type": "way", "building": "yes", "name": null}}, {"type": "Feature", "geometry": {"type": "Polygon", "coordinates": [[[-81.432196, 28.362983], [-81.432071, 28.363098], [-81.432164, 28.363178], [-81.43229, 28.363063], [-81.432196, 28.362983]]]}, "properties": {"osm_id": 844119881, "osm_type": "way", "building": "yes", "name": null}}, {"type": "Feature", "geometry": {"type": "Polygon", "coordinates": [[[-81.432153, 28.363222], [-81.432247, 28.363302], [-81.432405, 28.363158], [-81.43231, 28.363078], [-81.432153, 28.363222]]]}, "properties": {"osm_id": 844119882, "osm_type": "way", "building": "yes", "name": null}}, {"type": "Feature", "geometry": {"type": "Polygon", "coordinates": [[[-81.43219, 28.363335], [-81.432037, 28.363198], [-81.431945, 28.363277], [-81.432098, 28.363414], [-81.43219, 28.363335]]]}, "properties": {"osm_id": 844119883, "osm_type": "way", "building": "yes", "name": null}}, {"type": "Feature", "geometry": {"type": "Polygon", "coordinates": [[[-81.432085, 28.36343], [-81.431906, 28.363276], [-81.431813, 28.36336], [-81.431991, 28.363514], [-81.432085, 28.36343]]]}, "properties": {"osm_id": 844119884, "osm_type": "way", "building": "yes", "name": null}}, {"type": "Feature", "geometry": {"type": "Polygon", "coordinates": [[[-81.431981, 28.363533], [-81.431784, 28.363365], [-81.431693, 28.363447], [-81.43189, 28.363616], [-81.431981, 28.363533]]]}, "properties": {"osm_id": 844119885, "osm_type": "way", "building": "yes", "name": null}}, {"type": "Feature", "geometry": {"type": "Polygon", "coordinates": [[[-81.431737, 28.363513], [-81.431644, 28.363595], [-81.431781, 28.363715], [-81.431874, 28.363634], [-81.431737, 28.363513]]]}, "properties": {"osm_id": 844120144, "osm_type": "way", "building": "yes", "name": null}}, {"type": "Feature", "geometry": {"type": "Polygon", "coordinates": [[[-81.43167, 28.363817], [-81.431767, 28.363733], [-81.431619, 28.363599], [-81.431521, 28.363683], [-81.43167, 28.363817]]]}, "properties": {"osm_id": 844120145, "osm_type": "way", "building": "yes", "name": null}}, {"type": "Feature", "geometry": {"type": "Polygon", "coordinates": [[[-81.43139, 28.363767], [-81.431569, 28.36392], [-81.431665, 28.363833], [-81.431518, 28.363707], [-81.431485, 28.363737], [-81.431453, 28.36371], [-81.43139, 28.363767]]]}, "properties": {"osm_id": 844120146, "osm_type": "way", "building": "yes", "name": null}}, {"type": "Feature", "geometry": {"type": "Polygon", "coordinates": [[[-81.431313, 28.363889], [-81.431461, 28.364018], [-81.431556, 28.363935], [-81.431408, 28.363805], [-81.431313, 28.363889]]]}, "properties": {"osm_id": 844120147, "osm_type": "way", "building": "yes", "name": null}}, {"type": "Feature", "geometry": {"type": "Polygon", "coordinates": [[[-81.431315, 28.363915], [-81.431219, 28.363998], [-81.431342, 28.364109], [-81.431439, 28.364026], [-81.431315, 28.363915]]]}, "properties": {"osm_id": 844120148, "osm_type": "way", "building": "yes", "name": null}}, {"type": "Feature", "geometry": {"type": "Polygon", "coordinates": [[[-81.431069, 28.364073], [-81.431181, 28.364204], [-81.431304, 28.364123], [-81.431191, 28.363992], [-81.431069, 28.364073]]]}, "properties": {"osm_id": 844120149, "osm_type": "way", "building": "yes", "name": null}}, {"type": "Feature", "geometry": {"type": "Polygon", "coordinates": [[[-81.434578, 28.363512], [-81.434543, 28.363692], [-81.434732, 28.36372], [-81.434767, 28.36354], [-81.434578, 28.363512]]]}, "properties": {"osm_id": 844120150, "osm_type": "way", "building": "yes", "name": null}}, {"type": "Feature", "geometry": {"type": "Polygon", "coordinates": [[[-81.434352, 28.363447], [-81.434304, 28.363588], [-81.434359, 28.363602], [-81.434341, 28.363657], [-81.434481, 28.363693], [-81.434547, 28.363497], [-81.434352, 28.363447]]]}, "properties": {"osm_id": 844120151, "osm_type": "way", "building": "yes", "name": null}}, {"type": "Feature", "geometry": {"type": "Polygon", "coordinates": [[[-81.434163, 28.363347], [-81.434063, 28.363494], [-81.434236, 28.363586], [-81.434337, 28.363438], [-81.434163, 28.363347]]]}, "properties": {"osm_id": 844120152, "osm_type": "way", "building": "yes", "name": null}}, {"type": "Feature", "geometry": {"type": "Polygon", "coordinates": [[[-81.4341515, 28.3633305], [-81.4339781, 28.3632311], [-81.4338645, 28.3633855], [-81.4340379, 28.3634849], [-81.4341515, 28.3633305]]]}, "properties": {"osm_id": 844120153, "osm_type": "way", "building": "yes", "name": null}}, {"type": "Feature", "geometry": {"type": "Polygon", "coordinates": [[[-81.4337927, 28.3631238], [-81.4336733, 28.3632713], [-81.4338333, 28.3633722], [-81.4339527, 28.3632247], [-81.4337927, 28.3631238]]]}, "properties": {"osm_id": 844120154, "osm_type": "way", "building": "yes", "name": null}}, {"type": "Feature", "geometry": {"type": "Polygon", "coordinates": [[[-81.4335768, 28.3629976], [-81.4334838, 28.3631134], [-81.4336422, 28.3632114], [-81.4337351, 28.3630966], [-81.4335768, 28.3629976]]]}, "properties": {"osm_id": 844120155, "osm_type": "way", "building": "yes", "name": null}}, {"type": "Feature", "geometry": {"type": "Polygon", "coordinates": [[[-81.4332584, 28.3630454], [-81.4334257, 28.3631421], [-81.4335476, 28.3629796], [-81.4333803, 28.3628829], [-81.4332584, 28.3630454]]]}, "properties": {"osm_id": 844120156, "osm_type": "way", "building": "yes", "name": null}}, {"type": "Feature", "geometry": {"type": "Polygon", "coordinates": [[[-81.4330655, 28.3629398], [-81.433228, 28.3630386], [-81.4333576, 28.3628722], [-81.433195, 28.3627744], [-81.4330655, 28.3629398]]]}, "properties": {"osm_id": 844120157, "osm_type": "way", "building": "yes", "name": null}}, {"type": "Feature", "geometry": {"type": "Polygon", "coordinates": [[[-81.432916, 28.362771], [-81.433077, 28.362869], [-81.433172, 28.36275], [-81.43301, 28.362651], [-81.432916, 28.362771]]]}, "properties": {"osm_id": 844120158, "osm_type": "way", "building": "yes", "name": null}}, {"type": "Feature", "geometry": {"type": "Polygon", "coordinates": [[[-81.432835, 28.362485], [-81.43269, 28.362613], [-81.432822, 28.362729], [-81.432967, 28.3626], [-81.432835, 28.362485]]]}, "properties": {"osm_id": 844120159, "osm_type": "way", "building": "yes", "name": null}}, {"type": "Feature", "geometry": {"type": "Polygon", "coordinates": [[[-81.432682, 28.362348], [-81.432546, 28.362456], [-81.432586, 28.362496], [-81.432551, 28.362523], [-81.43263, 28.362599], [-81.432801, 28.362465], [-81.432682, 28.362348]]]}, "properties": {"osm_id": 844120160, "osm_type": "way", "building": "yes", "name": null}}, {"type": "Feature", "geometry": {"type": "Polygon", "coordinates": [[[-81.432386, 28.3623], [-81.432433, 28.362342], [-81.432375, 28.362391], [-81.432473, 28.362479], [-81.432653, 28.362323], [-81.432509, 28.362193], [-81.432386, 28.3623]]]}, "properties": {"osm_id": 844120161, "osm_type": "way", "building": "yes", "name": null}}, {"type": "Feature", "geometry": {"type": "Polygon", "coordinates": [[[-81.43216, 28.362217], [-81.432259, 28.362303], [-81.432289, 28.362276], [-81.432337, 28.362319], [-81.432493, 28.362181], [-81.432346, 28.362053], [-81.43216, 28.362217]]]}, "properties": {"osm_id": 844120162, "osm_type": "way", "building": "yes", "name": null}}, {"type": "Feature", "geometry": {"type": "Polygon", "coordinates": [[[-81.432183, 28.361916], [-81.432074, 28.362021], [-81.43212, 28.362059], [-81.432082, 28.362095], [-81.432184, 28.362177], [-81.432331, 28.362036], [-81.432183, 28.361916]]]}, "properties": {"osm_id": 844120163, "osm_type": "way", "building": "yes", "name": null}}, {"type": "Feature", "geometry": {"type": "Polygon", "coordinates": [[[-81.431893, 28.361974], [-81.431954, 28.362026], [-81.431985, 28.361998], [-81.432022, 28.36203], [-81.432168, 28.361897], [-81.43203, 28.361779], [-81.431886, 28.36191], [-81.431927, 28.361944], [-81.431893, 28.361974]]]}, "properties": {"osm_id": 844120164, "osm_type": "way", "building": "yes", "name": null}}, {"type": "Feature", "geometry": {"type": "Polygon", "coordinates": [[[-81.431773, 28.3618], [-81.431732, 28.361837], [-81.43183, 28.361919], [-81.432009, 28.361756], [-81.43187, 28.361638], [-81.431731, 28.361765], [-81.431773, 28.3618]]]}, "properties": {"osm_id": 844120165, "osm_type": "way", "building": "yes", "name": null}}, {"type": "Feature", "geometry": {"type": "Polygon", "coordinates": [[[-81.431841, 28.361611], [-81.431722, 28.361507], [-81.431591, 28.361624], [-81.43171, 28.361727], [-81.431841, 28.361611]]]}, "properties": {"osm_id": 844120166, "osm_type": "way", "building": "yes", "name": null}}, {"type": "Feature", "geometry": {"type": "Polygon", "coordinates": [[[-81.431439, 28.361566], [-81.43146, 28.361546], [-81.431545, 28.361616], [-81.431697, 28.361472], [-81.43155, 28.361351], [-81.431376, 28.361515], [-81.431439, 28.361566]]]}, "properties": {"osm_id": 844120167, "osm_type": "way", "building": "yes", "name": null}}, {"type": "Feature", "geometry": {"type": "Polygon", "coordinates": [[[-81.431269, 28.361425], [-81.431299, 28.361398], [-81.431386, 28.361471], [-81.431535, 28.361334], [-81.431391, 28.361212], [-81.431212, 28.361377], [-81.431269, 28.361425]]]}, "properties": {"osm_id": 844120168, "osm_type": "way", "building": "yes", "name": null}}, {"type": "Feature", "geometry": {"type": "Polygon", "coordinates": [[[-81.431419, 28.361148], [-81.431283, 28.361031], [-81.431106, 28.361189], [-81.431191, 28.361262], [-81.431225, 28.361231], [-81.431277, 28.361276], [-81.431419, 28.361148]]]}, "properties": {"osm_id": 844120169, "osm_type": "way", "building": "yes", "name": null}}, {"type": "Feature", "geometry": {"type": "Polygon", "coordinates": [[[-81.43121, 28.360843], [-81.431102, 28.360932], [-81.431144, 28.360971], [-81.431104, 28.361004], [-81.431185, 28.36108], [-81.431333, 28.360959], [-81.43121, 28.360843]]]}, "properties": {"osm_id": 844120170, "osm_type": "way", "building": "yes", "name": null}}, {"type": "Feature", "geometry": {"type": "Polygon", "coordinates": [[[-81.431459, 28.360643], [-81.431588, 28.360755], [-81.431786, 28.360578], [-81.431658, 28.360466], [-81.431459, 28.360643]]]}, "properties": {"osm_id": 844120171, "osm_type": "way", "building": "yes", "name": null}}, {"type": "Feature", "geometry": {"type": "Polygon", "coordinates": [[[-81.43171, 28.360696], [-81.431566, 28.360823], [-81.431709, 28.360949], [-81.431889, 28.360789], [-81.431806, 28.360717], [-81.43177, 28.360748], [-81.43171, 28.360696]]]}, "properties": {"osm_id": 844120172, "osm_type": "way", "building": "yes", "name": null}}, {"type": "Feature", "geometry": {"type": "Polygon", "coordinates": [[[-81.43165, 28.361059], [-81.43179, 28.361175], [-81.431944, 28.36103], [-81.431915, 28.361007], [-81.431957, 28.360968], [-81.431845, 28.360876], [-81.43165, 28.361059]]]}, "properties": {"osm_id": 844120173, "osm_type": "way", "building": "yes", "name": null}}, {"type": "Feature", "geometry": {"type": "Polygon", "coordinates": [[[-81.431929, 28.361343], [-81.432069, 28.361219], [-81.431925, 28.361092], [-81.431785, 28.361216], [-81.431929, 28.361343]]]}, "properties": {"osm_id": 844120174, "osm_type": "way", "building": "yes", "name": null}}, {"type": "Feature", "geometry": {"type": "Polygon", "coordinates": [[[-81.431951, 28.361369], [-81.432093, 28.361493], [-81.432235, 28.361368], [-81.432199, 28.361336], [-81.432252, 28.361289], [-81.432146, 28.361196], [-81.431951, 28.361369]]]}, "properties": {"osm_id": 844120175, "osm_type": "way", "building": "yes", "name": null}}, {"type": "Feature", "geometry": {"type": "Polygon", "coordinates": [[[-81.432259, 28.361454], [-81.432219, 28.361419], [-81.432115, 28.361512], [-81.43226, 28.361639], [-81.432401, 28.361514], [-81.432295, 28.361421], [-81.432259, 28.361454]]]}, "properties": {"osm_id": 844120176, "osm_type": "way", "building": "yes", "name": null}}, {"type": "Feature", "geometry": {"type": "Polygon", "coordinates": [[[-81.432454, 28.361502], [-81.432279, 28.36166], [-81.432391, 28.361756], [-81.432421, 28.361728], [-81.432454, 28.361756], [-81.432627, 28.3616], [-81.432577, 28.361556], [-81.432548, 28.361582], [-81.432454, 28.361502]]]}, "properties": {"osm_id": 844120177, "osm_type": "way", "building": "yes", "name": null}}, {"type": "Feature", "geometry": {"type": "Polygon", "coordinates": [[[-81.432599, 28.361673], [-81.432446, 28.361806], [-81.432587, 28.361932], [-81.432758, 28.361784], [-81.432657, 28.361693], [-81.43264, 28.361709], [-81.432599, 28.361673]]]}, "properties": {"osm_id": 844120178, "osm_type": "way", "building": "yes", "name": null}}, {"type": "Feature", "geometry": {"type": "Polygon", "coordinates": [[[-81.432774, 28.361814], [-81.432612, 28.361955], [-81.432751, 28.362079], [-81.432913, 28.361938], [-81.432774, 28.361814]]]}, "properties": {"osm_id": 844120179, "osm_type": "way", "building": "yes", "name": null}}, {"type": "Feature", "geometry": {"type": "Polygon", "coordinates": [[[-81.432781, 28.362099], [-81.432924, 28.362225], [-81.433072, 28.362095], [-81.432929, 28.361969], [-81.432781, 28.362099]]]}, "properties": {"osm_id": 844120180, "osm_type": "way", "building": "yes", "name": null}}, {"type": "Feature", "geometry": {"type": "Polygon", "coordinates": [[[-81.433207, 28.36226], [-81.433071, 28.362141], [-81.432953, 28.362245], [-81.433089, 28.362364], [-81.433207, 28.36226]]]}, "properties": {"osm_id": 844120181, "osm_type": "way", "building": "yes", "name": null}}, {"type": "Feature", "geometry": {"type": "Polygon", "coordinates": [[[-81.433444, 28.36239], [-81.433302, 28.362535], [-81.433458, 28.362654], [-81.433577, 28.362533], [-81.433532, 28.362499], [-81.433556, 28.362475], [-81.433444, 28.36239]]]}, "properties": {"osm_id": 844120182, "osm_type": "way", "building": "yes", "name": null}}, {"type": "Feature", "geometry": {"type": "Polygon", "coordinates": [[[-81.433498, 28.362667], [-81.433663, 28.362767], [-81.433789, 28.362606], [-81.433623, 28.362506], [-81.433498, 28.362667]]]}, "properties": {"osm_id": 844120183, "osm_type": "way", "building": "yes", "name": null}}, {"type": "Feature", "geometry": {"type": "Polygon", "coordinates": [[[-81.43369, 28.362792], [-81.433867, 28.362871], [-81.433966, 28.362701], [-81.433789, 28.362622], [-81.43369, 28.362792]]]}, "properties": {"osm_id": 844120184, "osm_type": "way", "building": "yes", "name": null}}, {"type": "Feature", "geometry": {"type": "Polygon", "coordinates": [[[-81.434157, 28.362823], [-81.434117, 28.362802], [-81.434156, 28.362745], [-81.434067, 28.362698], [-81.434031, 28.362751], [-81.433991, 28.362729], [-81.433877, 28.362898], [-81.434046, 28.362986], [-81.434157, 28.362823]]]}, "properties": {"osm_id": 844120185, "osm_type": "way", "building": "yes", "name": null}}, {"type": "Feature", "geometry": {"type": "Polygon", "coordinates": [[[-81.434178, 28.36283], [-81.434069, 28.363007], [-81.434249, 28.363093], [-81.434358, 28.362916], [-81.434178, 28.36283]]]}, "properties": {"osm_id": 844120186, "osm_type": "way", "building": "yes", "name": null}}, {"type": "Feature", "geometry": {"type": "Polygon", "coordinates": [[[-81.433266, 28.3625161], [-81.4333675, 28.3624106], [-81.4332214, 28.362296], [-81.4331357, 28.3623922], [-81.4332214, 28.3624545], [-81.4332074, 28.3624691], [-81.433266, 28.3625161]]]}, "properties": {"osm_id": 844120187, "osm_type": "way", "building": "yes", "name": null}}, {"type": "Feature", "geometry": {"type": "Polygon", "coordinates": [[[-81.434274, 28.363125], [-81.43444, 28.363196], [-81.434528, 28.363036], [-81.434422, 28.362991], [-81.434402, 28.363027], [-81.434342, 28.363002], [-81.434274, 28.363125]]]}, "properties": {"osm_id": 844120188, "osm_type": "way", "building": "yes", "name": null}}, {"type": "Feature", "geometry": {"type": "Polygon", "coordinates": [[[-81.434692, 28.363178], [-81.434705, 28.363137], [-81.434564, 28.363101], [-81.434521, 28.363232], [-81.434704, 28.363279], [-81.434734, 28.363188], [-81.434692, 28.363178]]]}, "properties": {"osm_id": 844120189, "osm_type": "way", "building": "yes", "name": null}}, {"type": "Feature", "geometry": {"type": "Polygon", "coordinates": [[[-81.435012, 28.363148], [-81.434832, 28.363148], [-81.434832, 28.363303], [-81.435012, 28.363303], [-81.435012, 28.363148]]]}, "properties": {"osm_id": 844120190, "osm_type": "way", "building": "yes", "name": null}}, {"type": "Feature", "geometry": {"type": "Polygon", "coordinates": [[[-81.435205, 28.363276], [-81.435398, 28.363222], [-81.435345, 28.363076], [-81.435306, 28.363087], [-81.435293, 28.363051], [-81.43514, 28.363093], [-81.435205, 28.363276]]]}, "properties": {"osm_id": 844120191, "osm_type": "way", "building": "yes", "name": null}}, {"type": "Feature", "geometry": {"type": "Polygon", "coordinates": [[[-81.435679, 28.363047], [-81.435505, 28.362853], [-81.435465, 28.36288], [-81.435446, 28.362859], [-81.435365, 28.362915], [-81.435431, 28.362989], [-81.435392, 28.363017], [-81.435519, 28.363158], [-81.435679, 28.363047]]]}, "properties": {"osm_id": 844120192, "osm_type": "way", "building": "yes", "name": null}}, {"type": "Feature", "geometry": {"type": "Polygon", "coordinates": [[[-81.435633, 28.362808], [-81.435561, 28.362876], [-81.435723, 28.363009], [-81.435862, 28.362878], [-81.435671, 28.362721], [-81.435604, 28.362785], [-81.435633, 28.362808]]]}, "properties": {"osm_id": 844120193, "osm_type": "way", "building": "yes", "name": null}}, {"type": "Feature", "geometry": {"type": "Polygon", "coordinates": [[[-81.435868, 28.36261], [-81.43573, 28.362737], [-81.435881, 28.362864], [-81.436019, 28.362737], [-81.435868, 28.36261]]]}, "properties": {"osm_id": 844120194, "osm_type": "way", "building": "yes", "name": null}}, {"type": "Feature", "geometry": {"type": "Polygon", "coordinates": [[[-81.435888, 28.362593], [-81.436034, 28.362722], [-81.436173, 28.3626], [-81.436027, 28.362471], [-81.435888, 28.362593]]]}, "properties": {"osm_id": 844120360, "osm_type": "way", "building": "yes", "name": null}}, {"type": "Feature", "geometry": {"type": "Polygon", "coordinates": [[[-81.436331, 28.362459], [-81.436185, 28.362328], [-81.436092, 28.362408], [-81.436101, 28.362416], [-81.43605, 28.362459], [-81.436188, 28.362582], [-81.436331, 28.362459]]]}, "properties": {"osm_id": 844120361, "osm_type": "way", "building": "yes", "name": null}}, {"type": "Feature", "geometry": {"type": "Polygon", "coordinates": [[[-81.436337, 28.362185], [-81.436199, 28.362306], [-81.436349, 28.362438], [-81.436487, 28.362317], [-81.436337, 28.362185]]]}, "properties": {"osm_id": 844120362, "osm_type": "way", "building": "yes", "name": null}}, {"type": "Feature", "geometry": {"type": "Polygon", "coordinates": [[[-81.436315, 28.362136], [-81.436508, 28.362303], [-81.436651, 28.362176], [-81.436458, 28.362008], [-81.436315, 28.362136]]]}, "properties": {"osm_id": 844120363, "osm_type": "way", "building": "yes", "name": null}}, {"type": "Feature", "geometry": {"type": "Polygon", "coordinates": [[[-81.436524, 28.362027], [-81.436679, 28.362155], [-81.436806, 28.362036], [-81.436651, 28.361908], [-81.436524, 28.362027]]]}, "properties": {"osm_id": 844120364, "osm_type": "way", "building": "yes", "name": null}}, {"type": "Feature", "geometry": {"type": "Polygon", "coordinates": [[[-81.436677, 28.361881], [-81.436825, 28.362021], [-81.436973, 28.3619], [-81.436824, 28.36176], [-81.436677, 28.361881]]]}, "properties": {"osm_id": 844120365, "osm_type": "way", "building": "yes", "name": null}}, {"type": "Feature", "geometry": {"type": "Polygon", "coordinates": [[[-81.436919, 28.361753], [-81.436881, 28.361786], [-81.436998, 28.361888], [-81.43714, 28.361763], [-81.436985, 28.361626], [-81.43688, 28.361718], [-81.436919, 28.361753]]]}, "properties": {"osm_id": 844120366, "osm_type": "way", "building": "yes", "name": null}}, {"type": "Feature", "geometry": {"type": "Polygon", "coordinates": [[[-81.436963, 28.361556], [-81.437153, 28.361751], [-81.437305, 28.361637], [-81.437115, 28.361442], [-81.436963, 28.361556]]]}, "properties": {"osm_id": 844120367, "osm_type": "way", "building": "yes", "name": null}}, {"type": "Feature", "geometry": {"type": "Polygon", "coordinates": [[[-81.43729, 28.361585], [-81.437372, 28.361524], [-81.437404, 28.361556], [-81.437476, 28.361503], [-81.437315, 28.361337], [-81.437255, 28.361382], [-81.437228, 28.361354], [-81.437134, 28.361425], [-81.43729, 28.361585]]]}, "properties": {"osm_id": 844120368, "osm_type": "way", "building": "yes", "name": null}}, {"type": "Feature", "geometry": {"type": "Polygon", "coordinates": [[[-81.437335, 28.361328], [-81.437487, 28.361483], [-81.43756, 28.361428], [-81.437522, 28.36139], [-81.437603, 28.361328], [-81.437489, 28.361212], [-81.437335, 28.361328]]]}, "properties": {"osm_id": 844120369, "osm_type": "way", "building": "yes", "name": null}}, {"type": "Feature", "geometry": {"type": "Polygon", "coordinates": [[[-81.437777, 28.361203], [-81.437667, 28.361087], [-81.437513, 28.361199], [-81.43766, 28.361354], [-81.437718, 28.361311], [-81.437682, 28.361273], [-81.437777, 28.361203]]]}, "properties": {"osm_id": 844120370, "osm_type": "way", "building": "yes", "name": null}}, {"type": "Feature", "geometry": {"type": "Polygon", "coordinates": [[[-81.437759, 28.360938], [-81.437642, 28.361013], [-81.437822, 28.361231], [-81.437904, 28.361178], [-81.437867, 28.361133], [-81.437949, 28.36108], [-81.43784, 28.360949], [-81.437793, 28.360979], [-81.437759, 28.360938]]]}, "properties": {"osm_id": 844120371, "osm_type": "way", "building": "yes", "name": null}}, {"type": "Feature", "geometry": {"type": "Polygon", "coordinates": [[[-81.438155, 28.360998], [-81.438026, 28.360863], [-81.437895, 28.36096], [-81.438024, 28.361095], [-81.438155, 28.360998]]]}, "properties": {"osm_id": 844120372, "osm_type": "way", "building": "yes", "name": null}}, {"type": "Feature", "geometry": {"type": "Polygon", "coordinates": [[[-81.438047, 28.360819], [-81.438176, 28.360981], [-81.438263, 28.360927], [-81.438232, 28.360889], [-81.438308, 28.360842], [-81.438209, 28.360719], [-81.438047, 28.360819]]]}, "properties": {"osm_id": 844120373, "osm_type": "way", "building": "yes", "name": null}}, {"type": "Feature", "geometry": {"type": "Polygon", "coordinates": [[[-81.438385, 28.360583], [-81.438216, 28.360684], [-81.438351, 28.360859], [-81.43843, 28.360812], [-81.438397, 28.360769], [-81.438488, 28.360715], [-81.438385, 28.360583]]]}, "properties": {"osm_id": 844120374, "osm_type": "way", "building": "yes", "name": null}}, {"type": "Feature", "geometry": {"type": "Polygon", "coordinates": [[[-81.4387, 28.360636], [-81.438572, 28.360466], [-81.438483, 28.360518], [-81.438514, 28.360559], [-81.438435, 28.360605], [-81.438532, 28.360734], [-81.4387, 28.360636]]]}, "properties": {"osm_id": 844120375, "osm_type": "way", "building": "yes", "name": null}}, {"type": "Feature", "geometry": {"type": "Polygon", "coordinates": [[[-81.438545, 28.36039], [-81.438707, 28.360619], [-81.438792, 28.360573], [-81.43876, 28.360527], [-81.438845, 28.36048], [-81.438745, 28.360339], [-81.438702, 28.360363], [-81.438672, 28.36032], [-81.438545, 28.36039]]]}, "properties": {"osm_id": 844120376, "osm_type": "way", "building": "yes", "name": null}}, {"type": "Feature", "geometry": {"type": "Polygon", "coordinates": [[[-81.438944, 28.360244], [-81.4389, 28.360269], [-81.438866, 28.360222], [-81.438739, 28.360296], [-81.438892, 28.360502], [-81.438981, 28.360451], [-81.438952, 28.360413], [-81.439034, 28.360365], [-81.438944, 28.360244]]]}, "properties": {"osm_id": 844120377, "osm_type": "way", "building": "yes", "name": null}}, {"type": "Feature", "geometry": {"type": "Polygon", "coordinates": [[[-81.439137, 28.360139], [-81.438967, 28.360239], [-81.43908, 28.360389], [-81.439153, 28.360347], [-81.439121, 28.360305], [-81.439218, 28.360247], [-81.439137, 28.360139]]]}, "properties": {"osm_id": 844120378, "osm_type": "way", "building": "yes", "name": null}}, {"type": "Feature", "geometry": {"type": "Polygon", "coordinates": [[[-81.439433, 28.360178], [-81.439313, 28.360016], [-81.439223, 28.360067], [-81.43925, 28.360104], [-81.439175, 28.360147], [-81.439269, 28.360273], [-81.439433, 28.360178]]]}, "properties": {"osm_id": 844120379, "osm_type": "way", "building": "yes", "name": null}}, {"type": "Feature", "geometry": {"type": "Polygon", "coordinates": [[[-81.439454, 28.360164], [-81.439532, 28.360122], [-81.439503, 28.360081], [-81.439594, 28.360031], [-81.439494, 28.359888], [-81.439446, 28.359913], [-81.439417, 28.359872], [-81.439296, 28.359938], [-81.439454, 28.360164]]]}, "properties": {"osm_id": 844120380, "osm_type": "way", "building": "yes", "name": null}}, {"type": "Feature", "geometry": {"type": "Polygon", "coordinates": [[[-81.439537, 28.359902], [-81.439642, 28.360057], [-81.439718, 28.360018], [-81.439689, 28.359976], [-81.439786, 28.359925], [-81.43971, 28.359812], [-81.439537, 28.359902]]]}, "properties": {"osm_id": 844120381, "osm_type": "way", "building": "yes", "name": null}}, {"type": "Feature", "geometry": {"type": "Polygon", "coordinates": [[[-81.439916, 28.359905], [-81.43989, 28.359867], [-81.439979, 28.359821], [-81.439892, 28.359691], [-81.439838, 28.359719], [-81.439816, 28.359685], [-81.439696, 28.359747], [-81.43983, 28.35995], [-81.439916, 28.359905]]]}, "properties": {"osm_id": 844120382, "osm_type": "way", "building": "yes", "name": null}}, {"type": "Feature", "geometry": {"type": "Polygon", "coordinates": [[[-81.44017, 28.359727], [-81.440102, 28.359612], [-81.440011, 28.359654], [-81.43999, 28.359619], [-81.439906, 28.359658], [-81.440019, 28.359846], [-81.440118, 28.3598], [-81.440095, 28.359762], [-81.44017, 28.359727]]]}, "properties": {"osm_id": 844120383, "osm_type": "way", "building": "yes", "name": null}}, {"type": "Feature", "geometry": {"type": "Polygon", "coordinates": [[[-81.440219, 28.359478], [-81.440115, 28.35952], [-81.440138, 28.359564], [-81.440117, 28.359572], [-81.440184, 28.359701], [-81.440297, 28.359656], [-81.440315, 28.359691], [-81.440386, 28.359662], [-81.440302, 28.359501], [-81.440244, 28.359525], [-81.440219, 28.359478]]]}, "properties": {"osm_id": 844120384, "osm_type": "way", "building": "yes", "name": null}}, {"type": "Feature", "geometry": {"type": "Polygon", "coordinates": [[[-81.44045, 28.359334], [-81.440313, 28.35939], [-81.440339, 28.359439], [-81.440299, 28.359455], [-81.440392, 28.35963], [-81.440475, 28.359595], [-81.440447, 28.359541], [-81.440539, 28.359503], [-81.44045, 28.359334]]]}, "properties": {"osm_id": 844120385, "osm_type": "way", "building": "yes", "name": null}}, {"type": "Feature", "geometry": {"type": "Polygon", "coordinates": [[[-81.440677, 28.35928], [-81.440494, 28.35936], [-81.440576, 28.359506], [-81.440675, 28.359463], [-81.440696, 28.359501], [-81.44078, 28.359464], [-81.440677, 28.35928]]]}, "properties": {"osm_id": 844120386, "osm_type": "way", "building": "yes", "name": null}}, {"type": "Feature", "geometry": {"type": "Polygon", "coordinates": [[[-81.440671, 28.359211], [-81.440838, 28.359428], [-81.440909, 28.359386], [-81.440878, 28.359346], [-81.440946, 28.359305], [-81.440811, 28.359128], [-81.440671, 28.359211]]]}, "properties": {"osm_id": 844120387, "osm_type": "way", "building": "yes", "name": null}}, {"type": "Feature", "geometry": {"type": "Polygon", "coordinates": [[[-81.440955, 28.35896], [-81.440824, 28.359094], [-81.441057, 28.359271], [-81.441117, 28.35921], [-81.441069, 28.359174], [-81.441141, 28.359101], [-81.440955, 28.35896]]]}, "properties": {"osm_id": 844120388, "osm_type": "way", "building": "yes", "name": null}}, {"type": "Feature", "geometry": {"type": "Polygon", "coordinates": [[[-81.441304, 28.3589], [-81.441121, 28.358828], [-81.441051, 28.358966], [-81.441235, 28.359038], [-81.441304, 28.3589]]]}, "properties": {"osm_id": 844120389, "osm_type": "way", "building": "yes", "name": null}}, {"type": "Feature", "geometry": {"type": "Polygon", "coordinates": [[[-81.441104, 28.358784], [-81.44134, 28.358844], [-81.441367, 28.358764], [-81.441318, 28.358751], [-81.441347, 28.358662], [-81.441114, 28.358602], [-81.441066, 28.358747], [-81.441113, 28.358759], [-81.441104, 28.358784]]]}, "properties": {"osm_id": 844120390, "osm_type": "way", "building": "yes", "name": null}}, {"type": "Feature", "geometry": {"type": "Polygon", "coordinates": [[[-81.4412048, 28.3585987], [-81.441409, 28.3586544], [-81.4414385, 28.3585715], [-81.441396, 28.3585607], [-81.441429, 28.35847], [-81.4412663, 28.3584251], [-81.4412048, 28.3585987]]]}, "properties": {"osm_id": 844120391, "osm_type": "way", "building": "yes", "name": null}}, {"type": "Feature", "geometry": {"type": "Polygon", "coordinates": [[[-81.441546, 28.358288], [-81.441323, 28.35824], [-81.441314, 28.358271], [-81.441262, 28.35826], [-81.441238, 28.35835], [-81.441305, 28.358364], [-81.441291, 28.358415], [-81.441444, 28.358448], [-81.44147, 28.358354], [-81.441524, 28.358366], [-81.441546, 28.358288]]]}, "properties": {"osm_id": 844120392, "osm_type": "way", "building": "yes", "name": null}}, {"type": "Feature", "geometry": {"type": "Polygon", "coordinates": [[[-81.441265, 28.358202], [-81.441556, 28.358269], [-81.441579, 28.358191], [-81.441531, 28.35818], [-81.441559, 28.358085], [-81.441316, 28.35803], [-81.441265, 28.358202]]]}, "properties": {"osm_id": 844120393, "osm_type": "way", "building": "yes", "name": null}}, {"type": "Feature", "geometry": {"type": "Polygon", "coordinates": [[[-81.441458, 28.357848], [-81.441426, 28.357997], [-81.441615, 28.358028], [-81.441647, 28.357878], [-81.441458, 28.357848]]]}, "properties": {"osm_id": 844120394, "osm_type": "way", "building": "yes", "name": null}}, {"type": "Feature", "geometry": {"type": "Polygon", "coordinates": [[[-81.442564, 28.358681], [-81.442638, 28.358734], [-81.442754, 28.358609], [-81.44264, 28.358528], [-81.442554, 28.35862], [-81.442594, 28.358649], [-81.442564, 28.358681]]]}, "properties": {"osm_id": 844120400, "osm_type": "way", "building": "yes", "name": null}}, {"type": "Feature", "geometry": {"type": "Polygon", "coordinates": [[[-81.442621, 28.358476], [-81.442583, 28.35845], [-81.44262, 28.358409], [-81.442544, 28.358357], [-81.442512, 28.358393], [-81.442469, 28.358363], [-81.442377, 28.358464], [-81.442461, 28.358523], [-81.442426, 28.358562], [-81.442498, 28.358612], [-81.442621, 28.358476]]]}, "properties": {"osm_id": 844120401, "osm_type": "way", "building": "yes", "name": null}}, {"type": "Feature", "geometry": {"type": "Polygon", "coordinates": [[[-81.442455, 28.358255], [-81.442366, 28.358188], [-81.442196, 28.358365], [-81.442326, 28.358462], [-81.442458, 28.358324], [-81.442418, 28.358294], [-81.442455, 28.358255]]]}, "properties": {"osm_id": 844120402, "osm_type": "way", "building": "yes", "name": null}}, {"type": "Feature", "geometry": {"type": "Polygon", "coordinates": [[[-81.442052, 28.358202], [-81.442129, 28.358248], [-81.442092, 28.358295], [-81.442175, 28.358345], [-81.442311, 28.35817], [-81.44226, 28.35814], [-81.442299, 28.35809], [-81.44219, 28.358024], [-81.442052, 28.358202]]]}, "properties": {"osm_id": 844120403, "osm_type": "way", "building": "yes", "name": null}}, {"type": "Feature", "geometry": {"type": "Polygon", "coordinates": [[[-81.442047, 28.358164], [-81.442123, 28.35799], [-81.441939, 28.357929], [-81.441881, 28.358061], [-81.441975, 28.358093], [-81.441957, 28.358134], [-81.442047, 28.358164]]]}, "properties": {"osm_id": 844120404, "osm_type": "way", "building": "yes", "name": null}}, {"type": "Feature", "geometry": {"type": "Polygon", "coordinates": [[[-81.433093, 28.359852], [-81.432932, 28.359953], [-81.433031, 28.360075], [-81.433192, 28.359974], [-81.433093, 28.359852]]]}, "properties": {"osm_id": 844120513, "osm_type": "way", "building": "yes", "name": null}}, {"type": "Feature", "geometry": {"type": "Polygon", "coordinates": [[[-81.433089, 28.360104], [-81.433148, 28.360274], [-81.43333, 28.360225], [-81.43327, 28.360055], [-81.433089, 28.360104]]]}, "properties": {"osm_id": 844120514, "osm_type": "way", "building": "yes", "name": null}}, {"type": "Feature", "geometry": {"type": "Polygon", "coordinates": [[[-81.433385, 28.360349], [-81.433336, 28.360362], [-81.433307, 28.360276], [-81.433124, 28.360323], [-81.433181, 28.360493], [-81.433413, 28.360433], [-81.433385, 28.360349]]]}, "properties": {"osm_id": 844120515, "osm_type": "way", "building": "yes", "name": null}}, {"type": "Feature", "geometry": {"type": "Polygon", "coordinates": [[[-81.433403, 28.360551], [-81.433451, 28.360538], [-81.433424, 28.360458], [-81.433232, 28.360508], [-81.433289, 28.360677], [-81.433433, 28.36064], [-81.433403, 28.360551]]]}, "properties": {"osm_id": 844120516, "osm_type": "way", "building": "yes", "name": null}}, {"type": "Feature", "geometry": {"type": "Polygon", "coordinates": [[[-81.433575, 28.360816], [-81.433538, 28.360727], [-81.433487, 28.360743], [-81.433454, 28.360666], [-81.433231, 28.360738], [-81.433283, 28.360861], [-81.433335, 28.360844], [-81.433353, 28.360888], [-81.433575, 28.360816]]]}, "properties": {"osm_id": 844120517, "osm_type": "way", "building": "yes", "name": null}}, {"type": "Feature", "geometry": {"type": "Polygon", "coordinates": [[[-81.4336, 28.360928], [-81.433544, 28.360854], [-81.433387, 28.360946], [-81.433463, 28.361047], [-81.433468, 28.361045], [-81.433507, 28.361097], [-81.433702, 28.360984], [-81.433642, 28.360903], [-81.4336, 28.360928]]]}, "properties": {"osm_id": 844120518, "osm_type": "way", "building": "yes", "name": null}}, {"type": "Feature", "geometry": {"type": "Polygon", "coordinates": [[[-81.433781, 28.361298], [-81.433898, 28.36117], [-81.43375, 28.361066], [-81.433634, 28.361195], [-81.433781, 28.361298]]]}, "properties": {"osm_id": 844120519, "osm_type": "way", "building": "yes", "name": null}}, {"type": "Feature", "geometry": {"type": "Polygon", "coordinates": [[[-81.433997, 28.361446], [-81.434087, 28.361314], [-81.434006, 28.361271], [-81.434031, 28.361234], [-81.433935, 28.361183], [-81.433819, 28.361351], [-81.433997, 28.361446]]]}, "properties": {"osm_id": 844120520, "osm_type": "way", "building": "yes", "name": null}}, {"type": "Feature", "geometry": {"type": "Polygon", "coordinates": [[[-81.434129, 28.361306], [-81.434085, 28.361484], [-81.434282, 28.361522], [-81.434335, 28.361306], [-81.434243, 28.361288], [-81.434234, 28.361326], [-81.434129, 28.361306]]]}, "properties": {"osm_id": 844120521, "osm_type": "way", "building": "yes", "name": null}}, {"type": "Feature", "geometry": {"type": "Polygon", "coordinates": [[[-81.434369, 28.361356], [-81.43436, 28.361559], [-81.434512, 28.361563], [-81.434514, 28.361519], [-81.434565, 28.36152], [-81.434573, 28.361319], [-81.43447, 28.361315], [-81.434468, 28.361359], [-81.434369, 28.361356]]]}, "properties": {"osm_id": 844120522, "osm_type": "way", "building": "yes", "name": null}}, {"type": "Feature", "geometry": {"type": "Polygon", "coordinates": [[[-81.434599, 28.361321], [-81.434634, 28.361498], [-81.434827, 28.361468], [-81.4348, 28.361333], [-81.4347, 28.361348], [-81.434691, 28.361307], [-81.434599, 28.361321]]]}, "properties": {"osm_id": 844120523, "osm_type": "way", "building": "yes", "name": null}}, {"type": "Feature", "geometry": {"type": "Polygon", "coordinates": [[[-81.435038, 28.361418], [-81.435087, 28.361406], [-81.435042, 28.361268], [-81.434919, 28.361299], [-81.434907, 28.361262], [-81.434837, 28.361279], [-81.434902, 28.361479], [-81.435046, 28.361442], [-81.435038, 28.361418]]]}, "properties": {"osm_id": 844120524, "osm_type": "way", "building": "yes", "name": null}}, {"type": "Feature", "geometry": {"type": "Polygon", "coordinates": [[[-81.435323, 28.361256], [-81.435231, 28.361137], [-81.435184, 28.361165], [-81.435162, 28.361137], [-81.435045, 28.361207], [-81.435161, 28.361354], [-81.435323, 28.361256]]]}, "properties": {"osm_id": 844120525, "osm_type": "way", "building": "yes", "name": null}}, {"type": "Feature", "geometry": {"type": "Polygon", "coordinates": [[[-81.435298, 28.361026], [-81.435334, 28.361055], [-81.435265, 28.36112], [-81.435384, 28.361217], [-81.435522, 28.361086], [-81.435368, 28.36096], [-81.435298, 28.361026]]]}, "properties": {"osm_id": 844120526, "osm_type": "way", "building": "yes", "name": null}}, {"type": "Feature", "geometry": {"type": "Polygon", "coordinates": [[[-81.435657, 28.360877], [-81.435484, 28.360797], [-81.435436, 28.360875], [-81.435475, 28.360893], [-81.435429, 28.36097], [-81.435605, 28.361052], [-81.43567, 28.360944], [-81.435628, 28.360924], [-81.435657, 28.360877]]]}, "properties": {"osm_id": 844120527, "osm_type": "way", "building": "yes", "name": null}}, {"type": "Feature", "geometry": {"type": "Polygon", "coordinates": [[[-81.435642, 28.360611], [-81.435604, 28.360689], [-81.435556, 28.360671], [-81.435513, 28.360759], [-81.435733, 28.360841], [-81.435754, 28.360798], [-81.435795, 28.360813], [-81.435854, 28.360689], [-81.435642, 28.360611]]]}, "properties": {"osm_id": 844120528, "osm_type": "way", "building": "yes", "name": null}}, {"type": "Feature", "geometry": {"type": "Polygon", "coordinates": [[[-81.435622, 28.360545], [-81.435815, 28.36064], [-81.435913, 28.360487], [-81.435767, 28.360415], [-81.435711, 28.360503], [-81.435664, 28.36048], [-81.435622, 28.360545]]]}, "properties": {"osm_id": 844120529, "osm_type": "way", "building": "yes", "name": null}}, {"type": "Feature", "geometry": {"type": "Polygon", "coordinates": [[[-81.435962, 28.360418], [-81.436, 28.360444], [-81.436074, 28.360358], [-81.435874, 28.360224], [-81.435772, 28.360342], [-81.435934, 28.36045], [-81.435962, 28.360418]]]}, "properties": {"osm_id": 844120530, "osm_type": "way", "building": "yes", "name": null}}, {"type": "Feature", "geometry": {"type": "Polygon", "coordinates": [[[-81.435975, 28.360221], [-81.436113, 28.36034], [-81.436255, 28.360212], [-81.436081, 28.360062], [-81.436007, 28.360128], [-81.436044, 28.360159], [-81.435975, 28.360221]]]}, "properties": {"osm_id": 844120531, "osm_type": "way", "building": "yes", "name": null}}, {"type": "Feature", "geometry": {"type": "Polygon", "coordinates": [[[-81.436264, 28.359898], [-81.436192, 28.359948], [-81.436229, 28.359989], [-81.436145, 28.360048], [-81.436235, 28.360147], [-81.436391, 28.360038], [-81.436264, 28.359898]]]}, "properties": {"osm_id": 844120532, "osm_type": "way", "building": "yes", "name": null}}, {"type": "Feature", "geometry": {"type": "Polygon", "coordinates": [[[-81.436487, 28.359778], [-81.436313, 28.35986], [-81.436411, 28.36002], [-81.436585, 28.359938], [-81.436487, 28.359778]]]}, "properties": {"osm_id": 844120533, "osm_type": "way", "building": "yes", "name": null}}, {"type": "Feature", "geometry": {"type": "Polygon", "coordinates": [[[-81.436711, 28.359664], [-81.43661, 28.359703], [-81.436629, 28.359741], [-81.436546, 28.359773], [-81.436622, 28.359923], [-81.436806, 28.359851], [-81.436711, 28.359664]]]}, "properties": {"osm_id": 844120534, "osm_type": "way", "building": "yes", "name": null}}, {"type": "Feature", "geometry": {"type": "Polygon", "coordinates": [[[-81.436773, 28.359664], [-81.436834, 28.359818], [-81.43702, 28.359761], [-81.436959, 28.359606], [-81.436773, 28.359664]]]}, "properties": {"osm_id": 844120535, "osm_type": "way", "building": "yes", "name": null}}, {"type": "Feature", "geometry": {"type": "Polygon", "coordinates": [[[-81.437061, 28.359765], [-81.437264, 28.359723], [-81.437208, 28.359515], [-81.437099, 28.359538], [-81.437109, 28.359576], [-81.437015, 28.359596], [-81.437061, 28.359765]]]}, "properties": {"osm_id": 844120536, "osm_type": "way", "building": "yes", "name": null}}, {"type": "Feature", "geometry": {"type": "Polygon", "coordinates": [[[-81.437457, 28.359484], [-81.437257, 28.359503], [-81.437285, 28.359727], [-81.437426, 28.359713], [-81.437421, 28.359666], [-81.437479, 28.359661], [-81.437457, 28.359484]]]}, "properties": {"osm_id": 844120537, "osm_type": "way", "building": "yes", "name": null}}, {"type": "Feature", "geometry": {"type": "Polygon", "coordinates": [[[-81.437787, 28.359629], [-81.437765, 28.359457], [-81.437685, 28.359464], [-81.437691, 28.359512], [-81.437578, 28.359524], [-81.437594, 28.359648], [-81.437787, 28.359629]]]}, "properties": {"osm_id": 844120538, "osm_type": "way", "building": "yes", "name": null}}, {"type": "Feature", "geometry": {"type": "Polygon", "coordinates": [[[-81.438, 28.35941], [-81.4378, 28.359448], [-81.437852, 28.359662], [-81.437985, 28.359637], [-81.437976, 28.359599], [-81.438043, 28.359586], [-81.438, 28.35941]]]}, "properties": {"osm_id": 844120539, "osm_type": "way", "building": "yes", "name": null}}, {"type": "Feature", "geometry": {"type": "Polygon", "coordinates": [[[-81.43813, 28.35941], [-81.438037, 28.359441], [-81.438092, 28.359568], [-81.438282, 28.359504], [-81.438209, 28.359337], [-81.438112, 28.35937], [-81.43813, 28.35941]]]}, "properties": {"osm_id": 844120540, "osm_type": "way", "building": "yes", "name": null}}, {"type": "Feature", "geometry": {"type": "Polygon", "coordinates": [[[-81.438434, 28.35928], [-81.438248, 28.359367], [-81.43834, 28.35952], [-81.438526, 28.359433], [-81.438434, 28.35928]]]}, "properties": {"osm_id": 844120541, "osm_type": "way", "building": "yes", "name": null}}, {"type": "Feature", "geometry": {"type": "Polygon", "coordinates": [[[-81.438434, 28.359223], [-81.438558, 28.35937], [-81.438635, 28.35932], [-81.438658, 28.359347], [-81.438745, 28.35929], [-81.438598, 28.359116], [-81.438434, 28.359223]]]}, "properties": {"osm_id": 844120542, "osm_type": "way", "building": "yes", "name": null}}, {"type": "Feature", "geometry": {"type": "Polygon", "coordinates": [[[-81.438901, 28.359102], [-81.438756, 28.358974], [-81.438614, 28.359099], [-81.43876, 28.359227], [-81.438901, 28.359102]]]}, "properties": {"osm_id": 844120543, "osm_type": "way", "building": "yes", "name": null}}, {"type": "Feature", "geometry": {"type": "Polygon", "coordinates": [[[-81.438898, 28.358818], [-81.438774, 28.358951], [-81.43892, 28.359055], [-81.438959, 28.359013], [-81.43899, 28.359035], [-81.439018, 28.359004], [-81.43906, 28.359034], [-81.439116, 28.358973], [-81.438898, 28.358818]]]}, "properties": {"osm_id": 844120544, "osm_type": "way", "building": "yes", "name": null}}, {"type": "Feature", "geometry": {"type": "Polygon", "coordinates": [[[-81.438913, 28.358811], [-81.439134, 28.358895], [-81.439215, 28.358731], [-81.438994, 28.358646], [-81.438961, 28.358713], [-81.438992, 28.358724], [-81.438975, 28.358758], [-81.438945, 28.358746], [-81.438913, 28.358811]]]}, "properties": {"osm_id": 844120545, "osm_type": "way", "building": "yes", "name": null}}, {"type": "Feature", "geometry": {"type": "Polygon", "coordinates": [[[-81.439299, 28.358617], [-81.439333, 28.358538], [-81.4391, 28.35846], [-81.43903, 28.358621], [-81.439217, 28.358684], [-81.439252, 28.358601], [-81.439299, 28.358617]]]}, "properties": {"osm_id": 844120546, "osm_type": "way", "building": "yes", "name": null}}, {"type": "Feature", "geometry": {"type": "Polygon", "coordinates": [[[-81.439215, 28.358261], [-81.439191, 28.358348], [-81.439137, 28.358337], [-81.439115, 28.358415], [-81.439311, 28.358456], [-81.439356, 28.358291], [-81.439215, 28.358261]]]}, "properties": {"osm_id": 844120547, "osm_type": "way", "building": "yes", "name": null}}, {"type": "Feature", "geometry": {"type": "Polygon", "coordinates": [[[-81.43916, 28.358206], [-81.439346, 28.358225], [-81.439355, 28.358152], [-81.439448, 28.358162], [-81.439458, 28.358085], [-81.439232, 28.358062], [-81.439226, 28.358116], [-81.439173, 28.358111], [-81.43916, 28.358206]]]}, "properties": {"osm_id": 844120548, "osm_type": "way", "building": "yes", "name": null}}, {"type": "Feature", "geometry": {"type": "Polygon", "coordinates": [[[-81.439175, 28.357839], [-81.439178, 28.357924], [-81.439232, 28.357923], [-81.439235, 28.358012], [-81.439433, 28.358007], [-81.439429, 28.357876], [-81.439379, 28.357877], [-81.439377, 28.357834], [-81.439175, 28.357839]]]}, "properties": {"osm_id": 844120549, "osm_type": "way", "building": "yes", "name": null}}, {"type": "Feature", "geometry": {"type": "Polygon", "coordinates": [[[-81.437579, 28.357923], [-81.437534, 28.357759], [-81.437333, 28.357802], [-81.43737, 28.357935], [-81.437478, 28.357911], [-81.437487, 28.357942], [-81.437579, 28.357923]]]}, "properties": {"osm_id": 844120755, "osm_type": "way", "building": "yes", "name": null}}, {"type": "Feature", "geometry": {"type": "Polygon", "coordinates": [[[-81.438872, 28.357916], [-81.438771, 28.357927], [-81.438778, 28.357978], [-81.438678, 28.357989], [-81.438699, 28.358142], [-81.4389, 28.358121], [-81.438872, 28.357916]]]}, "properties": {"osm_id": 844120761, "osm_type": "way", "building": "yes", "name": null}}, {"type": "Feature", "geometry": {"type": "Polygon", "coordinates": [[[-81.438641, 28.357951], [-81.438513, 28.357963], [-81.438518, 28.358007], [-81.438448, 28.358014], [-81.438461, 28.358132], [-81.438525, 28.358126], [-81.438529, 28.358157], [-81.438664, 28.358145], [-81.438641, 28.357951]]]}, "properties": {"osm_id": 844120762, "osm_type": "way", "building": "yes", "name": null}}, {"type": "Feature", "geometry": {"type": "Polygon", "coordinates": [[[-81.438245, 28.358187], [-81.438321, 28.358176], [-81.438328, 28.358212], [-81.438393, 28.358203], [-81.438384, 28.358159], [-81.438431, 28.358152], [-81.438399, 28.357989], [-81.438212, 28.358018], [-81.438245, 28.358187]]]}, "properties": {"osm_id": 844120763, "osm_type": "way", "building": "yes", "name": null}}, {"type": "Feature", "geometry": {"type": "Polygon", "coordinates": [[[-81.438061, 28.358058], [-81.438075, 28.358108], [-81.43797, 28.358129], [-81.438002, 28.358248], [-81.438193, 28.358208], [-81.438148, 28.358041], [-81.438061, 28.358058]]]}, "properties": {"osm_id": 844120764, "osm_type": "way", "building": "yes", "name": null}}, {"type": "Feature", "geometry": {"type": "Polygon", "coordinates": [[[-81.437924, 28.358104], [-81.437824, 28.358125], [-81.437836, 28.358169], [-81.437741, 28.358189], [-81.437784, 28.358344], [-81.437979, 28.358302], [-81.437924, 28.358104]]]}, "properties": {"osm_id": 844120765, "osm_type": "way", "building": "yes", "name": null}}, {"type": "Feature", "geometry": {"type": "Polygon", "coordinates": [[[-81.43753, 28.358266], [-81.437569, 28.358418], [-81.437734, 28.358385], [-81.437679, 28.358177], [-81.437569, 28.3582], [-81.437583, 28.358255], [-81.43753, 28.358266]]]}, "properties": {"osm_id": 844120766, "osm_type": "way", "building": "yes", "name": null}}, {"type": "Feature", "geometry": {"type": "Polygon", "coordinates": [[[-81.437797, 28.358431], [-81.437618, 28.358484], [-81.437682, 28.35865], [-81.43786, 28.358597], [-81.437797, 28.358431]]]}, "properties": {"osm_id": 844120767, "osm_type": "way", "building": "yes", "name": null}}, {"type": "Feature", "geometry": {"type": "Polygon", "coordinates": [[[-81.437972, 28.358809], [-81.437931, 28.358715], [-81.437882, 28.358732], [-81.437851, 28.35866], [-81.437695, 28.358714], [-81.437767, 28.358879], [-81.437972, 28.358809]]]}, "properties": {"osm_id": 844120768, "osm_type": "way", "building": "yes", "name": null}}, {"type": "Feature", "geometry": {"type": "Polygon", "coordinates": [[[-81.438276, 28.359024], [-81.438196, 28.358866], [-81.438005, 28.358941], [-81.43807, 28.359069], [-81.438124, 28.359047], [-81.43814, 28.359077], [-81.438276, 28.359024]]]}, "properties": {"osm_id": 844120769, "osm_type": "way", "building": "yes", "name": null}}, {"type": "Feature", "geometry": {"type": "Polygon", "coordinates": [[[-81.438061, 28.359123], [-81.43797, 28.358945], [-81.437789, 28.359017], [-81.437865, 28.359164], [-81.437956, 28.359127], [-81.437972, 28.359159], [-81.438061, 28.359123]]]}, "properties": {"osm_id": 844120770, "osm_type": "way", "building": "yes", "name": null}}, {"type": "Feature", "geometry": {"type": "Polygon", "coordinates": [[[-81.437372, 28.35923], [-81.437477, 28.359208], [-81.437465, 28.359165], [-81.437556, 28.359146], [-81.437505, 28.358956], [-81.437373, 28.358984], [-81.437385, 28.359027], [-81.43732, 28.359041], [-81.437372, 28.35923]]]}, "properties": {"osm_id": 844120771, "osm_type": "way", "building": "yes", "name": null}}, {"type": "Feature", "geometry": {"type": "Polygon", "coordinates": [[[-81.437277, 28.359008], [-81.437143, 28.359042], [-81.437158, 28.359088], [-81.437105, 28.359101], [-81.437159, 28.359267], [-81.437346, 28.35922], [-81.437277, 28.359008]]]}, "properties": {"osm_id": 844120772, "osm_type": "way", "building": "yes", "name": null}}, {"type": "Feature", "geometry": {"type": "Polygon", "coordinates": [[[-81.43707, 28.359112], [-81.437002, 28.359129], [-81.436987, 28.359084], [-81.436888, 28.359108], [-81.436953, 28.359315], [-81.437121, 28.359274], [-81.43707, 28.359112]]]}, "properties": {"osm_id": 844120773, "osm_type": "way", "building": "yes", "name": null}}, {"type": "Feature", "geometry": {"type": "Polygon", "coordinates": [[[-81.436786, 28.358844], [-81.436843, 28.358999], [-81.437021, 28.358948], [-81.436964, 28.358793], [-81.436786, 28.358844]]]}, "properties": {"osm_id": 844120774, "osm_type": "way", "building": "yes", "name": null}}, {"type": "Feature", "geometry": {"type": "Polygon", "coordinates": [[[-81.437189, 28.358703], [-81.43723, 28.358838], [-81.437265, 28.358829], [-81.437276, 28.358866], [-81.437449, 28.358825], [-81.437397, 28.358654], [-81.437189, 28.358703]]]}, "properties": {"osm_id": 844120775, "osm_type": "way", "building": "yes", "name": null}}, {"type": "Feature", "geometry": {"type": "Polygon", "coordinates": [[[-81.437067, 28.358352], [-81.437134, 28.358517], [-81.437322, 28.358458], [-81.437271, 28.358332], [-81.437166, 28.358364], [-81.437151, 28.358326], [-81.437067, 28.358352]]]}, "properties": {"osm_id": 844120776, "osm_type": "way", "building": "yes", "name": null}}, {"type": "Feature", "geometry": {"type": "Polygon", "coordinates": [[[-81.436855, 28.358432], [-81.436932, 28.358641], [-81.437131, 28.358585], [-81.437069, 28.358416], [-81.436957, 28.358448], [-81.436942, 28.358407], [-81.436855, 28.358432]]]}, "properties": {"osm_id": 844120777, "osm_type": "way", "building": "yes", "name": null}}, {"type": "Feature", "geometry": {"type": "Polygon", "coordinates": [[[-81.436916, 28.358689], [-81.436858, 28.358504], [-81.436744, 28.358532], [-81.436731, 28.358493], [-81.436645, 28.358513], [-81.436715, 28.358737], [-81.436916, 28.358689]]]}, "properties": {"osm_id": 844120778, "osm_type": "way", "building": "yes", "name": null}}, {"type": "Feature", "geometry": {"type": "Polygon", "coordinates": [[[-81.4370448, 28.358037], [-81.4371443, 28.3580042], [-81.4371009, 28.3579058], [-81.4370507, 28.3579227], [-81.4370407, 28.3578995], [-81.436894, 28.3579489], [-81.4369686, 28.3581198], [-81.4370661, 28.3580862], [-81.4370448, 28.358037]]]}, "properties": {"osm_id": 844120779, "osm_type": "way", "building": "yes", "name": null}}, {"type": "Feature", "geometry": {"type": "Polygon", "coordinates": [[[-81.436895, 28.358149], [-81.436822, 28.357959], [-81.43666, 28.358006], [-81.43672, 28.358162], [-81.43679, 28.358141], [-81.436803, 28.358176], [-81.436895, 28.358149]]]}, "properties": {"osm_id": 844120780, "osm_type": "way", "building": "yes", "name": null}}, {"type": "Feature", "geometry": {"type": "Polygon", "coordinates": [[[-81.436501, 28.358251], [-81.436604, 28.358212], [-81.436624, 28.358253], [-81.436703, 28.358223], [-81.436612, 28.358038], [-81.43643, 28.358107], [-81.436501, 28.358251]]]}, "properties": {"osm_id": 844120781, "osm_type": "way", "building": "yes", "name": null}}, {"type": "Feature", "geometry": {"type": "Polygon", "coordinates": [[[-81.436537, 28.357791], [-81.436304, 28.357871], [-81.436378, 28.358036], [-81.436561, 28.357973], [-81.43652, 28.357879], [-81.436569, 28.357863], [-81.436537, 28.357791]]]}, "properties": {"osm_id": 844120782, "osm_type": "way", "building": "yes", "name": null}}, {"type": "Feature", "geometry": {"type": "Polygon", "coordinates": [[[-81.435873, 28.357812], [-81.435792, 28.357685], [-81.435629, 28.357765], [-81.43571, 28.357893], [-81.435873, 28.357812]]]}, "properties": {"osm_id": 844120908, "osm_type": "way", "building": "yes", "name": null}}, {"type": "Feature", "geometry": {"type": "Polygon", "coordinates": [[[-81.4358212, 28.358054], [-81.4359883, 28.3579553], [-81.4359177, 28.3578632], [-81.4358354, 28.3579118], [-81.435836, 28.3579127], [-81.4357512, 28.3579627], [-81.4358212, 28.358054]]]}, "properties": {"osm_id": 844120909, "osm_type": "way", "building": "yes", "name": null}}, {"type": "Feature", "geometry": {"type": "Polygon", "coordinates": [[[-81.436086, 28.358073], [-81.436051, 28.35809], [-81.436008, 28.358021], [-81.435841, 28.358101], [-81.435937, 28.358257], [-81.43614, 28.35816], [-81.436086, 28.358073]]]}, "properties": {"osm_id": 844120910, "osm_type": "way", "building": "yes", "name": null}}, {"type": "Feature", "geometry": {"type": "Polygon", "coordinates": [[[-81.436162, 28.358188], [-81.436005, 28.358268], [-81.436095, 28.358403], [-81.436201, 28.358349], [-81.43617, 28.358301], [-81.43622, 28.358276], [-81.436162, 28.358188]]]}, "properties": {"osm_id": 844120911, "osm_type": "way", "building": "yes", "name": null}}, {"type": "Feature", "geometry": {"type": "Polygon", "coordinates": [[[-81.436362, 28.358537], [-81.436328, 28.35845], [-81.436276, 28.358466], [-81.436246, 28.358389], [-81.436089, 28.358437], [-81.436155, 28.358601], [-81.436362, 28.358537]]]}, "properties": {"osm_id": 844120912, "osm_type": "way", "building": "yes", "name": null}}, {"type": "Feature", "geometry": {"type": "Polygon", "coordinates": [[[-81.436439, 28.358719], [-81.436399, 28.35862], [-81.436347, 28.358637], [-81.436329, 28.358592], [-81.436211, 28.358629], [-81.436269, 28.358772], [-81.436439, 28.358719]]]}, "properties": {"osm_id": 844120913, "osm_type": "way", "building": "yes", "name": null}}, {"type": "Feature", "geometry": {"type": "Polygon", "coordinates": [[[-81.436292, 28.35882], [-81.436345, 28.358953], [-81.436507, 28.358904], [-81.436455, 28.358771], [-81.436292, 28.35882]]]}, "properties": {"osm_id": 844120914, "osm_type": "way", "building": "yes", "name": null}}, {"type": "Feature", "geometry": {"type": "Polygon", "coordinates": [[[-81.436544, 28.359133], [-81.436523, 28.359073], [-81.436572, 28.359059], [-81.436529, 28.358941], [-81.436327, 28.358997], [-81.43639, 28.359176], [-81.436544, 28.359133]]]}, "properties": {"osm_id": 844120915, "osm_type": "way", "building": "yes", "name": null}}, {"type": "Feature", "geometry": {"type": "Polygon", "coordinates": [[[-81.436641, 28.359231], [-81.436456, 28.359299], [-81.436529, 28.359454], [-81.436714, 28.359386], [-81.436641, 28.359231]]]}, "properties": {"osm_id": 844120916, "osm_type": "way", "building": "yes", "name": null}}, {"type": "Feature", "geometry": {"type": "Polygon", "coordinates": [[[-81.436237, 28.35937], [-81.436325, 28.35955], [-81.436426, 28.359512], [-81.436403, 28.359465], [-81.43649, 28.359432], [-81.436425, 28.359299], [-81.436237, 28.35937]]]}, "properties": {"osm_id": 844120917, "osm_type": "way", "building": "yes", "name": null}}, {"type": "Feature", "geometry": {"type": "Polygon", "coordinates": [[[-81.436046, 28.359512], [-81.436153, 28.359653], [-81.436218, 28.359615], [-81.436191, 28.359579], [-81.436291, 28.35952], [-81.436211, 28.359415], [-81.436046, 28.359512]]]}, "properties": {"osm_id": 844120918, "osm_type": "way", "building": "yes", "name": null}}, {"type": "Feature", "geometry": {"type": "Polygon", "coordinates": [[[-81.435832, 28.359619], [-81.435982, 28.359787], [-81.436058, 28.359734], [-81.436025, 28.359697], [-81.436113, 28.359636], [-81.435964, 28.359469], [-81.435859, 28.359542], [-81.435891, 28.359578], [-81.435832, 28.359619]]]}, "properties": {"osm_id": 844120919, "osm_type": "way", "building": "yes", "name": null}}, {"type": "Feature", "geometry": {"type": "Polygon", "coordinates": [[[-81.435825, 28.359667], [-81.43575, 28.35973], [-81.435718, 28.3597], [-81.435645, 28.35976], [-81.435812, 28.359916], [-81.435881, 28.35986], [-81.435847, 28.359828], [-81.435927, 28.359763], [-81.435825, 28.359667]]]}, "properties": {"osm_id": 844120920, "osm_type": "way", "building": "yes", "name": null}}, {"type": "Feature", "geometry": {"type": "Polygon", "coordinates": [[[-81.435716, 28.360007], [-81.435665, 28.359962], [-81.435743, 28.359894], [-81.435599, 28.359768], [-81.435457, 28.359893], [-81.435652, 28.360064], [-81.435716, 28.360007]]]}, "properties": {"osm_id": 844120921, "osm_type": "way", "building": "yes", "name": null}}, {"type": "Feature", "geometry": {"type": "Polygon", "coordinates": [[[-81.435547, 28.359705], [-81.435374, 28.359496], [-81.435292, 28.359548], [-81.435322, 28.359585], [-81.435242, 28.359637], [-81.435385, 28.35981], [-81.435547, 28.359705]]]}, "properties": {"osm_id": 844120922, "osm_type": "way", "building": "yes", "name": null}}, {"type": "Feature", "geometry": {"type": "Polygon", "coordinates": [[[-81.43567, 28.359521], [-81.43556, 28.359397], [-81.435405, 28.359504], [-81.435515, 28.359627], [-81.43567, 28.359521]]]}, "properties": {"osm_id": 844120923, "osm_type": "way", "building": "yes", "name": null}}, {"type": "Feature", "geometry": {"type": "Polygon", "coordinates": [[[-81.4356686, 28.3593442], [-81.4355952, 28.3593927], [-81.4356928, 28.3595038], [-81.4358455, 28.3593999], [-81.4357124, 28.3592481], [-81.435632, 28.3593026], [-81.4356686, 28.3593442]]]}, "properties": {"osm_id": 844120924, "osm_type": "way", "building": "yes", "name": null}}, {"type": "Feature", "geometry": {"type": "Polygon", "coordinates": [[[-81.43599, 28.359262], [-81.435874, 28.359141], [-81.435749, 28.359234], [-81.435865, 28.359355], [-81.43599, 28.359262]]]}, "properties": {"osm_id": 844120925, "osm_type": "way", "building": "yes", "name": null}}, {"type": "Feature", "geometry": {"type": "Polygon", "coordinates": [[[-81.436186, 28.35912], [-81.436051, 28.358992], [-81.435986, 28.359045], [-81.436014, 28.359071], [-81.435933, 28.359137], [-81.43604, 28.359239], [-81.436186, 28.35912]]]}, "properties": {"osm_id": 844120926, "osm_type": "way", "building": "yes", "name": null}}, {"type": "Feature", "geometry": {"type": "Polygon", "coordinates": [[[-81.435812, 28.358818], [-81.435844, 28.35891], [-81.435903, 28.358894], [-81.43592, 28.358941], [-81.436063, 28.358902], [-81.436013, 28.358763], [-81.435812, 28.358818]]]}, "properties": {"osm_id": 844120927, "osm_type": "way", "building": "yes", "name": null}}, {"type": "Feature", "geometry": {"type": "Polygon", "coordinates": [[[-81.435967, 28.358681], [-81.435859, 28.358532], [-81.43568, 28.358632], [-81.43574, 28.358715], [-81.435697, 28.35874], [-81.435745, 28.358806], [-81.435967, 28.358681]]]}, "properties": {"osm_id": 844120928, "osm_type": "way", "building": "yes", "name": null}}, {"type": "Feature", "geometry": {"type": "Polygon", "coordinates": [[[-81.435703, 28.358392], [-81.435558, 28.358461], [-81.435586, 28.358507], [-81.435563, 28.358519], [-81.43563, 28.358628], [-81.435799, 28.358548], [-81.435703, 28.358392]]]}, "properties": {"osm_id": 844120929, "osm_type": "way", "building": "yes", "name": null}}, {"type": "Feature", "geometry": {"type": "Polygon", "coordinates": [[[-81.435497, 28.358341], [-81.435557, 28.358433], [-81.435704, 28.358359], [-81.435669, 28.358306], [-81.43568, 28.3583], [-81.435617, 28.358204], [-81.435407, 28.358311], [-81.435444, 28.358368], [-81.435497, 28.358341]]]}, "properties": {"osm_id": 844120930, "osm_type": "way", "building": "yes", "name": null}}, {"type": "Feature", "geometry": {"type": "Polygon", "coordinates": [[[-81.435275, 28.358159], [-81.435384, 28.358303], [-81.435547, 28.358208], [-81.435439, 28.358064], [-81.435275, 28.358159]]]}, "properties": {"osm_id": 844120931, "osm_type": "way", "building": "yes", "name": null}}, {"type": "Feature", "geometry": {"type": "Polygon", "coordinates": [[[-81.435319, 28.357905], [-81.435182, 28.357981], [-81.435217, 28.358031], [-81.435175, 28.358054], [-81.435237, 28.358141], [-81.435368, 28.358069], [-81.435332, 28.358018], [-81.43538, 28.357992], [-81.435319, 28.357905]]]}, "properties": {"osm_id": 844120932, "osm_type": "way", "building": "yes", "name": null}}, {"type": "Feature", "geometry": {"type": "Polygon", "coordinates": [[[-81.435248, 28.357706], [-81.435045, 28.357808], [-81.4351, 28.357893], [-81.435062, 28.357913], [-81.435111, 28.357988], [-81.435321, 28.357883], [-81.435272, 28.357808], [-81.435304, 28.357793], [-81.435248, 28.357706]]]}, "properties": {"osm_id": 844120933, "osm_type": "way", "building": "yes", "name": null}}, {"type": "Feature", "geometry": {"type": "Polygon", "coordinates": [[[-81.434609, 28.357837], [-81.434469, 28.357927], [-81.434564, 28.35804], [-81.434704, 28.35795], [-81.434609, 28.357837]]]}, "properties": {"osm_id": 844120935, "osm_type": "way", "building": "yes", "name": null}}, {"type": "Feature", "geometry": {"type": "Polygon", "coordinates": [[[-81.434582, 28.358111], [-81.434709, 28.358248], [-81.434844, 28.358152], [-81.43478, 28.358082], [-81.43482, 28.358054], [-81.434757, 28.357985], [-81.434582, 28.358111]]]}, "properties": {"osm_id": 844120936, "osm_type": "way", "building": "yes", "name": null}}, {"type": "Feature", "geometry": {"type": "Polygon", "coordinates": [[[-81.435005, 28.358418], [-81.43507, 28.358376], [-81.434935, 28.358214], [-81.434809, 28.358295], [-81.434831, 28.358322], [-81.434798, 28.358343], [-81.434881, 28.358443], [-81.434976, 28.358383], [-81.435005, 28.358418]]]}, "properties": {"osm_id": 844120937, "osm_type": "way", "building": "yes", "name": null}}, {"type": "Feature", "geometry": {"type": "Polygon", "coordinates": [[[-81.434648, 28.358359], [-81.43459, 28.358398], [-81.434621, 28.358434], [-81.434595, 28.358451], [-81.434702, 28.358577], [-81.434788, 28.35852], [-81.434816, 28.358553], [-81.434893, 28.358503], [-81.434753, 28.358339], [-81.434675, 28.35839], [-81.434648, 28.358359]]]}, "properties": {"osm_id": 844120938, "osm_type": "way", "building": "yes", "name": null}}, {"type": "Feature", "geometry": {"type": "Polygon", "coordinates": [[[-81.4346973, 28.3586419], [-81.4345835, 28.3585111], [-81.4344493, 28.3586021], [-81.4345249, 28.3586885], [-81.4345603, 28.3586638], [-81.4345995, 28.3587082], [-81.4346973, 28.3586419]]]}, "properties": {"osm_id": 844120939, "osm_type": "way", "building": "yes", "name": null}}, {"type": "Feature", "geometry": {"type": "Polygon", "coordinates": [[[-81.434242, 28.358349], [-81.434301, 28.358416], [-81.434273, 28.358436], [-81.434338, 28.35851], [-81.434534, 28.358377], [-81.434409, 28.358235], [-81.434242, 28.358349]]]}, "properties": {"osm_id": 844120940, "osm_type": "way", "building": "yes", "name": null}}, {"type": "Feature", "geometry": {"type": "Polygon", "coordinates": [[[-81.434272, 28.358075], [-81.43412, 28.358172], [-81.434234, 28.358312], [-81.434387, 28.358215], [-81.434272, 28.358075]]]}, "properties": {"osm_id": 844120941, "osm_type": "way", "building": "yes", "name": null}}, {"type": "Feature", "geometry": {"type": "Polygon", "coordinates": [[[-81.43493, 28.358792], [-81.435041, 28.358908], [-81.435164, 28.358816], [-81.435053, 28.3587], [-81.43493, 28.358792]]]}, "properties": {"osm_id": 844120942, "osm_type": "way", "building": "yes", "name": null}}, {"type": "Feature", "geometry": {"type": "Polygon", "coordinates": [[[-81.434746, 28.358915], [-81.434894, 28.359094], [-81.435024, 28.359011], [-81.434876, 28.358832], [-81.434746, 28.358915]]]}, "properties": {"osm_id": 844120943, "osm_type": "way", "building": "yes", "name": null}}, {"type": "Feature", "geometry": {"type": "Polygon", "coordinates": [[[-81.435449, 28.35894], [-81.435427, 28.358915], [-81.435317, 28.358988], [-81.43544, 28.359133], [-81.435517, 28.359082], [-81.435486, 28.359045], [-81.435565, 28.358993], [-81.435495, 28.35891], [-81.435449, 28.35894]]]}, "properties": {"osm_id": 844120944, "osm_type": "way", "building": "yes", "name": null}}, {"type": "Feature", "geometry": {"type": "Polygon", "coordinates": [[[-81.435302, 28.359032], [-81.435167, 28.35912], [-81.435274, 28.359248], [-81.435409, 28.35916], [-81.435302, 28.359032]]]}, "properties": {"osm_id": 844120945, "osm_type": "way", "building": "yes", "name": null}}, {"type": "Feature", "geometry": {"type": "Polygon", "coordinates": [[[-81.43512, 28.359159], [-81.43499, 28.359246], [-81.4351, 28.359373], [-81.43523, 28.359286], [-81.43512, 28.359159]]]}, "properties": {"osm_id": 844120946, "osm_type": "way", "building": "yes", "name": null}}, {"type": "Feature", "geometry": {"type": "Polygon", "coordinates": [[[-81.4353592, 28.3587019], [-81.4352785, 28.358607], [-81.4351783, 28.3586684], [-81.4351467, 28.3586386], [-81.4350901, 28.3586731], [-81.4352132, 28.3588217], [-81.4353178, 28.3587498], [-81.4353058, 28.3587326], [-81.4353592, 28.3587019]]]}, "properties": {"osm_id": 844120947, "osm_type": "way", "building": "yes", "name": null}}, {"type": "Feature", "geometry": {"type": "Polygon", "coordinates": [[[-81.434269, 28.358968], [-81.434234, 28.358937], [-81.434305, 28.358874], [-81.434199, 28.358781], [-81.43406, 28.358904], [-81.434201, 28.359028], [-81.434269, 28.358968]]]}, "properties": {"osm_id": 844120948, "osm_type": "way", "building": "yes", "name": null}}, {"type": "Feature", "geometry": {"type": "Polygon", "coordinates": [[[-81.433998, 28.358899], [-81.43386, 28.359027], [-81.434009, 28.359151], [-81.434084, 28.359081], [-81.434119, 28.359111], [-81.434182, 28.359052], [-81.433998, 28.358899]]]}, "properties": {"osm_id": 844120949, "osm_type": "way", "building": "yes", "name": null}}, {"type": "Feature", "geometry": {"type": "Polygon", "coordinates": [[[-81.434014, 28.359201], [-81.433864, 28.359071], [-81.433726, 28.359195], [-81.433842, 28.359295], [-81.433929, 28.359217], [-81.433963, 28.359246], [-81.434014, 28.359201]]]}, "properties": {"osm_id": 844120950, "osm_type": "way", "building": "yes", "name": null}}, {"type": "Feature", "geometry": {"type": "Polygon", "coordinates": [[[-81.433797, 28.358984], [-81.433663, 28.358867], [-81.433517, 28.358997], [-81.433651, 28.359114], [-81.433797, 28.358984]]]}, "properties": {"osm_id": 844120951, "osm_type": "way", "building": "yes", "name": null}}, {"type": "Feature", "geometry": {"type": "Polygon", "coordinates": [[[-81.433657, 28.358791], [-81.433605, 28.35875], [-81.433653, 28.358703], [-81.43356, 28.358629], [-81.433407, 28.35878], [-81.433491, 28.358846], [-81.433453, 28.358884], [-81.433514, 28.358932], [-81.433657, 28.358791]]]}, "properties": {"osm_id": 844120952, "osm_type": "way", "building": "yes", "name": null}}, {"type": "Feature", "geometry": {"type": "Polygon", "coordinates": [[[-81.433842, 28.358688], [-81.433966, 28.358792], [-81.434096, 28.358672], [-81.433972, 28.358568], [-81.433842, 28.358688]]]}, "properties": {"osm_id": 844120953, "osm_type": "way", "building": "yes", "name": null}}, {"type": "Feature", "geometry": {"type": "Polygon", "coordinates": [[[-81.433811, 28.358395], [-81.433678, 28.358528], [-81.433829, 28.358646], [-81.433924, 28.358551], [-81.433838, 28.358485], [-81.433877, 28.358446], [-81.433811, 28.358395]]]}, "properties": {"osm_id": 844120954, "osm_type": "way", "building": "yes", "name": null}}, {"type": "Feature", "geometry": {"type": "Polygon", "coordinates": [[[-81.4329451, 28.3592088], [-81.4330281, 28.3592835], [-81.4330628, 28.3592521], [-81.4330985, 28.3592843], [-81.4332287, 28.3591707], [-81.4330811, 28.3590404], [-81.4329647, 28.3591424], [-81.4329923, 28.3591676], [-81.4329451, 28.3592088]]]}, "properties": {"osm_id": 844122132, "osm_type": "way", "building": "yes", "name": null}}, {"type": "Feature", "geometry": {"type": "Polygon", "coordinates": [[[-81.433136, 28.359333], [-81.433286, 28.359457], [-81.433414, 28.359336], [-81.433334, 28.35927], [-81.433365, 28.35924], [-81.433296, 28.359183], [-81.433136, 28.359333]]]}, "properties": {"osm_id": 844122133, "osm_type": "way", "building": "yes", "name": null}}, {"type": "Feature", "geometry": {"type": "Polygon", "coordinates": [[[-81.43371, 28.35949], [-81.433581, 28.359385], [-81.433519, 28.359444], [-81.433479, 28.359411], [-81.433403, 28.359483], [-81.433572, 28.35962], [-81.43371, 28.35949]]]}, "properties": {"osm_id": 844122134, "osm_type": "way", "building": "yes", "name": null}}, {"type": "Feature", "geometry": {"type": "Polygon", "coordinates": [[[-81.433276, 28.35964], [-81.433382, 28.359729], [-81.433443, 28.359672], [-81.433479, 28.359702], [-81.433535, 28.35965], [-81.433393, 28.359531], [-81.433276, 28.35964]]]}, "properties": {"osm_id": 844122135, "osm_type": "way", "building": "yes", "name": null}}, {"type": "Feature", "geometry": {"type": "Polygon", "coordinates": [[[-81.433822, 28.360057], [-81.433957, 28.359929], [-81.433806, 28.359805], [-81.43373, 28.359877], [-81.433696, 28.359849], [-81.433636, 28.359905], [-81.433822, 28.360057]]]}, "properties": {"osm_id": 844122136, "osm_type": "way", "building": "yes", "name": null}}, {"type": "Feature", "geometry": {"type": "Polygon", "coordinates": [[[-81.434053, 28.359815], [-81.434018, 28.359785], [-81.434062, 28.359745], [-81.433964, 28.35966], [-81.433889, 28.359727], [-81.433858, 28.359701], [-81.43379, 28.359763], [-81.433954, 28.359904], [-81.434053, 28.359815]]]}, "properties": {"osm_id": 844122137, "osm_type": "way", "building": "yes", "name": null}}, {"type": "Feature", "geometry": {"type": "Polygon", "coordinates": [[[-81.434208, 28.359727], [-81.434276, 28.359661], [-81.434235, 28.359629], [-81.434262, 28.359603], [-81.434137, 28.359504], [-81.434067, 28.359572], [-81.434026, 28.359539], [-81.43396, 28.359605], [-81.434125, 28.359735], [-81.434167, 28.359694], [-81.434208, 28.359727]]]}, "properties": {"osm_id": 844122138, "osm_type": "way", "building": "yes", "name": null}}, {"type": "Feature", "geometry": {"type": "Polygon", "coordinates": [[[-81.434427, 28.359474], [-81.434251, 28.359329], [-81.434188, 28.359388], [-81.434225, 28.359418], [-81.434153, 28.359486], [-81.434292, 28.359601], [-81.434427, 28.359474]]]}, "properties": {"osm_id": 844122139, "osm_type": "way", "building": "yes", "name": null}}, {"type": "Feature", "geometry": {"type": "Polygon", "coordinates": [[[-81.434686, 28.35929], [-81.434631, 28.359207], [-81.434593, 28.359227], [-81.434545, 28.359155], [-81.434409, 28.359225], [-81.434463, 28.359306], [-81.434421, 28.359327], [-81.43447, 28.359401], [-81.434686, 28.35929]]]}, "properties": {"osm_id": 844122140, "osm_type": "way", "building": "yes", "name": null}}, {"type": "Feature", "geometry": {"type": "Polygon", "coordinates": [[[-81.434675, 28.359355], [-81.434539, 28.359427], [-81.434565, 28.359465], [-81.434521, 28.359488], [-81.434581, 28.359575], [-81.434801, 28.359458], [-81.434749, 28.359382], [-81.434708, 28.359404], [-81.434675, 28.359355]]]}, "properties": {"osm_id": 844122141, "osm_type": "way", "building": "yes", "name": null}}, {"type": "Feature", "geometry": {"type": "Polygon", "coordinates": [[[-81.4348164, 28.3594933], [-81.4346056, 28.3596076], [-81.4347146, 28.3597624], [-81.4348965, 28.3596635], [-81.4348284, 28.3595665], [-81.4348574, 28.3595511], [-81.4348164, 28.3594933]]]}, "properties": {"osm_id": 844122142, "osm_type": "way", "building": "yes", "name": null}}, {"type": "Feature", "geometry": {"type": "Polygon", "coordinates": [[[-81.435065, 28.359837], [-81.435013, 28.359752], [-81.434966, 28.359775], [-81.434923, 28.359703], [-81.434728, 28.359795], [-81.434823, 28.359951], [-81.435065, 28.359837]]]}, "properties": {"osm_id": 844122143, "osm_type": "way", "building": "yes", "name": null}}, {"type": "Feature", "geometry": {"type": "Polygon", "coordinates": [[[-81.435178, 28.359999], [-81.435135, 28.359935], [-81.43509, 28.359958], [-81.435034, 28.359872], [-81.434885, 28.359947], [-81.434938, 28.360029], [-81.434948, 28.360024], [-81.434994, 28.360093], [-81.435178, 28.359999]]]}, "properties": {"osm_id": 844122144, "osm_type": "way", "building": "yes", "name": null}}, {"type": "Feature", "geometry": {"type": "Polygon", "coordinates": [[[-81.435338, 28.360137], [-81.435198, 28.360014], [-81.435066, 28.360131], [-81.435205, 28.360254], [-81.435338, 28.360137]]]}, "properties": {"osm_id": 844122145, "osm_type": "way", "building": "yes", "name": null}}, {"type": "Feature", "geometry": {"type": "Polygon", "coordinates": [[[-81.435228, 28.360304], [-81.435389, 28.360403], [-81.435483, 28.360285], [-81.435391, 28.360229], [-81.435422, 28.36019], [-81.435353, 28.360147], [-81.435228, 28.360304]]]}, "properties": {"osm_id": 844122146, "osm_type": "way", "building": "yes", "name": null}}, {"type": "Feature", "geometry": {"type": "Polygon", "coordinates": [[[-81.4353, 28.360478], [-81.435121, 28.360405], [-81.435095, 28.360454], [-81.435076, 28.360446], [-81.435015, 28.360561], [-81.435252, 28.360657], [-81.435288, 28.360587], [-81.435251, 28.360572], [-81.4353, 28.360478]]]}, "properties": {"osm_id": 844122147, "osm_type": "way", "building": "yes", "name": null}}, {"type": "Feature", "geometry": {"type": "Polygon", "coordinates": [[[-81.435169, 28.36078], [-81.435017, 28.360658], [-81.434983, 28.360691], [-81.434936, 28.360653], [-81.434865, 28.360721], [-81.4349, 28.36075], [-81.434871, 28.360778], [-81.434997, 28.360879], [-81.435073, 28.360806], [-81.43511, 28.360836], [-81.435169, 28.36078]]]}, "properties": {"osm_id": 844122148, "osm_type": "way", "building": "yes", "name": null}}, {"type": "Feature", "geometry": {"type": "Polygon", "coordinates": [[[-81.434927, 28.360978], [-81.434864, 28.360823], [-81.434675, 28.360883], [-81.434727, 28.36101], [-81.434818, 28.360981], [-81.43483, 28.361009], [-81.434927, 28.360978]]]}, "properties": {"osm_id": 844122149, "osm_type": "way", "building": "yes", "name": null}}, {"type": "Feature", "geometry": {"type": "Polygon", "coordinates": [[[-81.434522, 28.361025], [-81.434626, 28.361025], [-81.434627, 28.360887], [-81.434428, 28.360886], [-81.434427, 28.361073], [-81.434522, 28.361073], [-81.434522, 28.361025]]]}, "properties": {"osm_id": 844122150, "osm_type": "way", "building": "yes", "name": null}}, {"type": "Feature", "geometry": {"type": "Polygon", "coordinates": [[[-81.43419, 28.360824], [-81.43414, 28.360944], [-81.434235, 28.360975], [-81.434217, 28.361019], [-81.434305, 28.361048], [-81.434374, 28.360884], [-81.43419, 28.360824]]]}, "properties": {"osm_id": 844122151, "osm_type": "way", "building": "yes", "name": null}}, {"type": "Feature", "geometry": {"type": "Polygon", "coordinates": [[[-81.434138, 28.360796], [-81.434002, 28.360663], [-81.433864, 28.360772], [-81.434, 28.360905], [-81.434138, 28.360796]]]}, "properties": {"osm_id": 844122152, "osm_type": "way", "building": "yes", "name": null}}, {"type": "Feature", "geometry": {"type": "Polygon", "coordinates": [[[-81.434001, 28.360523], [-81.433974, 28.360531], [-81.433944, 28.360449], [-81.433745, 28.360506], [-81.43381, 28.360679], [-81.434035, 28.360614], [-81.434001, 28.360523]]]}, "properties": {"osm_id": 844122153, "osm_type": "way", "building": "yes", "name": null}}, {"type": "Feature", "geometry": {"type": "Polygon", "coordinates": [[[-81.433687, 28.360396], [-81.433742, 28.360383], [-81.433769, 28.36047], [-81.433951, 28.360427], [-81.4339, 28.360257], [-81.433662, 28.360314], [-81.433687, 28.360396]]]}, "properties": {"osm_id": 844122154, "osm_type": "way", "building": "yes", "name": null}}, {"type": "Feature", "geometry": {"type": "Polygon", "coordinates": [[[-81.433835, 28.360247], [-81.433776, 28.360081], [-81.433607, 28.360127], [-81.433666, 28.360293], [-81.433835, 28.360247]]]}, "properties": {"osm_id": 844122155, "osm_type": "way", "building": "yes", "name": null}}, {"type": "Feature", "geometry": {"type": "Polygon", "coordinates": [[[-81.429567, 28.361112], [-81.429711, 28.361282], [-81.429853, 28.361188], [-81.429709, 28.361018], [-81.429567, 28.361112]]]}, "properties": {"osm_id": 844122156, "osm_type": "way", "building": "yes", "name": null}}, {"type": "Feature", "geometry": {"type": "Polygon", "coordinates": [[[-81.429533, 28.361135], [-81.429073, 28.361448], [-81.429203, 28.361596], [-81.429663, 28.361283], [-81.429533, 28.361135]]]}, "properties": {"osm_id": 844122157, "osm_type": "way", "building": "yes", "name": null}}, {"type": "Feature", "geometry": {"type": "Polygon", "coordinates": [[[-81.429062, 28.360775], [-81.42878, 28.360958], [-81.428855, 28.361048], [-81.4288322, 28.3610631], [-81.428808, 28.361079], [-81.428862, 28.361144], [-81.4288891, 28.3611265], [-81.428916, 28.361109], [-81.429032, 28.361248], [-81.429308, 28.36107], [-81.429062, 28.360775]]]}, "properties": {"osm_id": 844122158, "osm_type": "way", "building": "yes", "name": "Da Vinci Academy of Hunter's Creek"}}, {"type": "Feature", "geometry": {"type": "Polygon", "coordinates": [[[-81.428179, 28.361589], [-81.428039, 28.361666], [-81.428138, 28.361806], [-81.428097, 28.361828], [-81.428293, 28.362105], [-81.428513, 28.361985], [-81.428247, 28.361609], [-81.428208, 28.36163], [-81.428179, 28.361589]]]}, "properties": {"osm_id": 844122159, "osm_type": "way", "building": "yes", "name": null}}, {"type": "Feature", "geometry": {"type": "Polygon", "coordinates": [[[-81.426202, 28.362921], [-81.426115, 28.362737], [-81.426028, 28.362769], [-81.4259948, 28.3626987], [-81.425967, 28.36264], [-81.42585, 28.362682], [-81.4258798, 28.362745], [-81.425918, 28.362826], [-81.425861, 28.362847], [-81.425941, 28.363016], [-81.426202, 28.362921]]]}, "properties": {"osm_id": 844122160, "osm_type": "way", "building": "yes", "name": null}}, {"type": "Feature", "geometry": {"type": "Polygon", "coordinates": [[[-81.4308073, 28.367486], [-81.4309188, 28.3675854], [-81.4310861, 28.367448], [-81.430969, 28.36734], [-81.4308073, 28.367486]]]}, "properties": {"osm_id": 1034827239, "osm_type": "way", "building": "yes", "name": null}}, {"type": "Feature", "geometry": {"type": "Polygon", "coordinates": [[[-81.4308142, 28.3674431], [-81.4309746, 28.3673106], [-81.4308575, 28.3672124], [-81.4307027, 28.36734], [-81.4308142, 28.3674431]]]}, "properties": {"osm_id": 1034827240, "osm_type": "way", "building": "yes", "name": null}}, {"type": "Feature", "geometry": {"type": "Polygon", "coordinates": [[[-81.430679, 28.3675633], [-81.4308059, 28.3674553], [-81.4306902, 28.3673548], [-81.4305619, 28.3674652], [-81.430679, 28.3675633]]]}, "properties": {"osm_id": 1034827241, "osm_type": "way", "building": "yes", "name": null}}, {"type": "Feature", "geometry": {"type": "Polygon", "coordinates": [[[-81.4305633, 28.367659], [-81.4306567, 28.367578], [-81.4305507, 28.3674811], [-81.4304601, 28.3675596], [-81.4305633, 28.367659]]]}, "properties": {"osm_id": 1034827242, "osm_type": "way", "building": "yes", "name": null}}, {"type": "Feature", "geometry": {"type": "Polygon", "coordinates": [[[-81.4283063, 28.3693866], [-81.4287855, 28.3693817], [-81.4287852, 28.3693579], [-81.4288232, 28.3693575], [-81.4288226, 28.3693082], [-81.4288506, 28.3693079], [-81.4288478, 28.3690976], [-81.4283026, 28.3691032], [-81.4283063, 28.3693866]]]}, "properties": {"osm_id": 1034827244, "osm_type": "way", "building": "yes", "name": null}}, {"type": "Feature", "geometry": {"type": "Polygon", "coordinates": [[[-81.4241975, 28.3630515], [-81.4241607, 28.362984], [-81.423965, 28.3630667], [-81.4239676, 28.3630716], [-81.4239464, 28.3630806], [-81.4239759, 28.3631348], [-81.4239987, 28.3631252], [-81.424004, 28.363135], [-81.4240555, 28.3631133], [-81.4240761, 28.363151], [-81.424145, 28.3631218], [-81.4241236, 28.3630827], [-81.4241975, 28.3630515]]]}, "properties": {"osm_id": 1157267576, "osm_type": "way", "building": "yes", "name": "Taco Bell"}}, {"type": "Feature", "geometry": {"type": "Polygon", "coordinates": [[[-81.4289551, 28.3686062], [-81.4289551, 28.3683041], [-81.4283174, 28.3683058], [-81.4283228, 28.3686044], [-81.4289551, 28.3686062]]]}, "properties": {"osm_id": 1157283540, "osm_type": "way", "building": "construction", "name": null}}, {"type": "Feature", "geometry": {"type": "Polygon", "coordinates": [[[-81.4239692, 28.3626516], [-81.4237691, 28.3627373], [-81.4237207, 28.3626499], [-81.423774, 28.362627], [-81.4237639, 28.3626086], [-81.4237504, 28.3625844], [-81.4238113, 28.3625583], [-81.4238252, 28.3625834], [-81.4238319, 28.3625955], [-81.4239223, 28.3625568], [-81.4239359, 28.3625815], [-81.4239503, 28.3625753], [-81.4239738, 28.3626178], [-81.423955, 28.3626258], [-81.4239692, 28.3626516]]]}, "properties": {"osm_id": 1157796100, "osm_type": "way", "building": "yes", "name": "Saucy KFC"}}, {"type": "Feature", "geometry": {"type": "Polygon", "coordinates": [[[-81.4230533, 28.3594534], [-81.4230269, 28.3594417], [-81.4230544, 28.3593938], [-81.423084, 28.359407], [-81.4230923, 28.3593926], [-81.4231175, 28.3594038], [-81.4231021, 28.3594304], [-81.4231081, 28.3594331], [-81.4230927, 28.35946], [-81.4230815, 28.359455], [-81.4230666, 28.359481], [-81.4230434, 28.3594707], [-81.4230533, 28.3594534]]]}, "properties": {"osm_id": 1160076454, "osm_type": "way", "building": "yes", "name": null}}, {"type": "Feature", "geometry": {"type": "Polygon", "coordinates": [[[-81.4314161, 28.366912], [-81.4312613, 28.3670513], [-81.4311502, 28.3669557], [-81.431305, 28.3668164], [-81.4314161, 28.366912]]]}, "properties": {"osm_id": 1160076458, "osm_type": "way", "building": "yes", "name": null}}, {"type": "Feature", "geometry": {"type": "Polygon", "coordinates": [[[-81.4312485, 28.3670625], [-81.4310465, 28.367245], [-81.4309373, 28.3671514], [-81.4311393, 28.3669689], [-81.4312485, 28.3670625]]]}, "properties": {"osm_id": 1160076459, "osm_type": "way", "building": "yes", "name": null}}, {"type": "Feature", "geometry": {"type": "Polygon", "coordinates": [[[-81.4313266, 28.3672238], [-81.4311713, 28.3673666], [-81.4310591, 28.3672721], [-81.4312145, 28.3671294], [-81.4313266, 28.3672238]]]}, "properties": {"osm_id": 1160076460, "osm_type": "way", "building": "yes", "name": null}}, {"type": "Feature", "geometry": {"type": "Polygon", "coordinates": [[[-81.4314458, 28.367118], [-81.4313382, 28.3672152], [-81.4312284, 28.3671211], [-81.4313359, 28.3670239], [-81.4314458, 28.367118]]]}, "properties": {"osm_id": 1160076461, "osm_type": "way", "building": "yes", "name": null}}, {"type": "Feature", "geometry": {"type": "Polygon", "coordinates": [[[-81.4315918, 28.3669901], [-81.4314585, 28.3671091], [-81.431348, 28.3670132], [-81.4314813, 28.3668942], [-81.4315918, 28.3669901]]]}, "properties": {"osm_id": 1160076462, "osm_type": "way", "building": "yes", "name": null}}, {"type": "Feature", "geometry": {"type": "Polygon", "coordinates": [[[-81.430506, 28.3586586], [-81.4303706, 28.3587834], [-81.4302306, 28.3586658], [-81.430366, 28.358541], [-81.430506, 28.3586586]]]}, "properties": {"osm_id": 1160076463, "osm_type": "way", "building": "yes", "name": null}}, {"type": "Feature", "geometry": {"type": "Polygon", "coordinates": [[[-81.423296, 28.3708243], [-81.4232554, 28.3708418], [-81.4232476, 28.3708277], [-81.4232264, 28.3708368], [-81.4232055, 28.3707992], [-81.4231475, 28.3708242], [-81.4231827, 28.3708876], [-81.4230806, 28.3709316], [-81.4230691, 28.3709109], [-81.422998, 28.3709415], [-81.4229478, 28.3708513], [-81.4230195, 28.3708204], [-81.4229833, 28.3707554], [-81.4231021, 28.3707043], [-81.4230595, 28.3706278], [-81.4230065, 28.3706506], [-81.4229918, 28.3706241], [-81.4229783, 28.3706299], [-81.4229523, 28.370583], [-81.4230193, 28.3705542], [-81.4229959, 28.370512], [-81.423084, 28.3704742], [-81.4231058, 28.3705136], [-81.4231623, 28.3704893], [-81.4232066, 28.3705692], [-81.4231267, 28.3706035], [-81.4231471, 28.3706402], [-81.4232005, 28.3706173], [-81.4232616, 28.3707274], [-81.4232459, 28.3707341], [-81.423296, 28.3708243]]]}, "properties": {"osm_id": 1160287905, "osm_type": "way", "building": "yes", "name": null}}, {"type": "Feature", "geometry": {"type": "Polygon", "coordinates": [[[-81.4273098, 28.3668828], [-81.4272839, 28.3668237], [-81.4271351, 28.3668741], [-81.427161, 28.3669333], [-81.4272089, 28.3669171], [-81.4272137, 28.3669282], [-81.4272595, 28.3669127], [-81.4272546, 28.3669015], [-81.4273098, 28.3668828]]]}, "properties": {"osm_id": 1160926872, "osm_type": "way", "building": "yes", "name": null}}, {"type": "Feature", "geometry": {"type": "Polygon", "coordinates": [[[-81.4232675, 28.3640811], [-81.4232002, 28.3641104], [-81.423056, 28.3638539], [-81.4231233, 28.3638246], [-81.4232675, 28.3640811]]]}, "properties": {"osm_id": 3965435, "osm_type": "relation", "building": "yes", "name": "7-Eleven"}}, {"type": "Feature", "geometry": {"type": "Polygon", "coordinates": [[[-81.4230143, 28.3641501], [-81.4228716, 28.3642109], [-81.4227421, 28.3639755], [-81.4228842, 28.3639149], [-81.4229541, 28.3640419], [-81.4229636, 28.3640379], [-81.4230067, 28.3641161], [-81.4229977, 28.3641199], [-81.4230143, 28.3641501]]]}, "properties": {"osm_id": 3965435, "osm_type": "relation", "building": "yes", "name": "7-Eleven"}}]}