{
  "rows": 256,
  "cols": 256,
  "rows_orig": 868,
  "cols_orig": 868,
  "cell_x": 8.953963987115488,
  "cell_y": 8.893326822916576,
  "cell_x_orig": 2.640800438596273,
  "cell_y_orig": 2.6229166666666397,
  "z_min": 26.91798973083496,
  "z_max": 66.47734832763672,
  "width_m": 2292.214780701565,
  "height_m": 2276.6916666666434,
  "water_surface": 28.74,
  "lake_x_center": -254.70159113065608,
  "lake_z_center": -651.1825893131812,
  "origin_x": 1400655.8576096492,
  "origin_y": 710445.9741666666,
  "crs": "EPSG:5070"
}