time_s,level_rise_m,level_rise_cm
0.00,0.00000,0.000
0.15,0.00000,0.000
0.30,0.00000,0.000
0.45,0.00000,0.000
0.60,0.00000,0.000
0.75,0.00000,0.000
0.90,0.00000,0.000
1.05,0.00000,0.000
1.20,0.00000,0.000
1.35,0.00000,0.000
1.50,0.00000,0.000
1.65,0.00000,0.000
1.80,0.00000,0.000
1.95,0.00000,0.000
2.10,0.00000,0.000
2.25,0.00000,0.000
2.40,0.00000,0.000
2.55,0.00000,0.000
2.70,0.00001,0.001
2.85,0.00001,0.001
3.00,0.00001,0.001
3.15,0.00001,0.001
3.30,0.00001,0.001
3.45,0.00001,0.001
3.60,0.00001,0.001
3.75,0.00001,0.001
3.90,0.00001,0.001
4.05,0.00001,0.001
4.20,0.00001,0.001
4.35,0.00001,0.001
4.50,0.00001,0.001
4.65,0.00002,0.002
4.80,0.00002,0.002
4.95,0.00002,0.002
5.10,0.00002,0.002
5.25,0.00002,0.002
5.40,0.00002,0.002
5.55,0.00002,0.002
5.70,0.00002,0.002
5.85,0.00002,0.002
6.00,0.00003,0.003
6.15,0.00003,0.003
6.30,0.00003,0.003
6.45,0.00003,0.003
6.60,0.00003,0.003
6.75,0.00003,0.003
6.90,0.00003,0.003
7.05,0.00004,0.004
7.20,0.00004,0.004
7.35,0.00004,0.004
7.50,0.00004,0.004
7.65,0.00004,0.004
7.80,0.00004,0.004
7.95,0.00004,0.004
8.10,0.00005,0.005
8.25,0.00005,0.005
8.40,0.00005,0.005
8.55,0.00005,0.005
8.70,0.00005,0.005
8.85,0.00006,0.006
9.00,0.00006,0.006
9.15,0.00006,0.006
9.30,0.00006,0.006
9.45,0.00006,0.006
9.60,0.00007,0.007
9.75,0.00007,0.007
9.90,0.00007,0.007
10.05,0.00007,0.007
10.20,0.00007,0.007
10.35,0.00008,0.008
10.50,0.00008,0.008
10.65,0.00008,0.008
10.80,0.00008,0.008
10.95,0.00008,0.008
11.10,0.00009,0.009
11.25,0.00009,0.009
11.40,0.00009,0.009
11.55,0.00009,0.009
11.70,0.00010,0.010
11.85,0.00010,0.010
12.00,0.00010,0.010
12.15,0.00010,0.010
12.30,0.00011,0.011
12.45,0.00011,0.011
12.60,0.00011,0.011
12.75,0.00011,0.011
12.90,0.00012,0.012
13.05,0.00012,0.012
13.20,0.00012,0.012
13.35,0.00013,0.013
13.50,0.00013,0.013
13.64,0.00013,0.013
13.77,0.00013,0.013
13.90,0.00014,0.014
14.03,0.00014,0.014
14.17,0.00014,0.014
14.30,0.00014,0.014
14.43,0.00015,0.015
14.54,0.00015,0.015
14.65,0.00015,0.015
14.76,0.00015,0.015
14.86,0.00015,0.015
14.96,0.00016,0.016
15.05,0.00016,0.016
15.15,0.00016,0.016
15.23,0.00016,0.016
15.32,0.00016,0.016
15.40,0.00017,0.017
15.48,0.00017,0.017
15.56,0.00017,0.017
15.64,0.00017,0.017
15.71,0.00017,0.017
15.79,0.00017,0.017
15.86,0.00018,0.018
15.93,0.00018,0.018
16.00,0.00018,0.018
16.06,0.00018,0.018
16.13,0.00018,0.018
16.20,0.00018,0.018
16.27,0.00018,0.018
16.34,0.00019,0.019
16.40,0.00019,0.019
16.47,0.00019,0.019
16.54,0.00019,0.019
16.61,0.00019,0.019
16.67,0.00019,0.019
16.74,0.00020,0.020
16.81,0.00020,0.020
16.88,0.00020,0.020
16.95,0.00020,0.020
17.01,0.00020,0.020
17.08,0.00020,0.020
17.15,0.00021,0.021
17.22,0.00021,0.021
17.28,0.00021,0.021
17.35,0.00021,0.021
17.42,0.00021,0.021
17.49,0.00021,0.021
17.55,0.00022,0.022
17.62,0.00022,0.022
17.69,0.00022,0.022
17.76,0.00022,0.022
17.83,0.00022,0.022
17.89,0.00022,0.022
17.96,0.00023,0.023
18.03,0.00023,0.023
18.10,0.00023,0.023
18.16,0.00023,0.023
18.23,0.00023,0.023
18.30,0.00024,0.024
18.37,0.00024,0.024
18.44,0.00024,0.024
18.50,0.00024,0.024
18.57,0.00024,0.024
18.64,0.00024,0.024
18.71,0.00025,0.025
18.77,0.00025,0.025
18.84,0.00025,0.025
18.91,0.00025,0.025
18.98,0.00025,0.025
19.04,0.00026,0.026
19.11,0.00026,0.026
19.18,0.00026,0.026
19.25,0.00026,0.026
19.32,0.00026,0.026
19.38,0.00026,0.026
19.45,0.00027,0.027
19.52,0.00027,0.027
19.59,0.00027,0.027
19.65,0.00027,0.027
19.72,0.00027,0.027
19.79,0.00028,0.028
19.86,0.00028,0.028
19.93,0.00028,0.028
19.99,0.00028,0.028
20.06,0.00028,0.028
20.13,0.00029,0.029
20.20,0.00029,0.029
20.26,0.00029,0.029
20.33,0.00029,0.029
20.40,0.00029,0.029
20.47,0.00030,0.030
20.53,0.00030,0.030
20.60,0.00030,0.030
20.67,0.00030,0.030
20.74,0.00030,0.030
20.81,0.00031,0.031
20.87,0.00031,0.031
20.94,0.00031,0.031
21.01,0.00031,0.031
21.08,0.00031,0.031
21.14,0.00032,0.032
21.21,0.00032,0.032
21.28,0.00032,0.032
21.35,0.00032,0.032
21.42,0.00032,0.032
21.48,0.00033,0.033
21.55,0.00033,0.033
21.62,0.00033,0.033
21.69,0.00033,0.033
21.75,0.00034,0.034
21.82,0.00034,0.034
21.89,0.00034,0.034
21.96,0.00034,0.034
22.02,0.00034,0.034
22.09,0.00035,0.035
22.16,0.00035,0.035
22.23,0.00035,0.035
22.30,0.00035,0.035
22.36,0.00035,0.035
22.43,0.00036,0.036
22.50,0.00036,0.036
22.57,0.00036,0.036
22.63,0.00036,0.036
22.70,0.00037,0.037
22.77,0.00037,0.037
22.84,0.00037,0.037
22.91,0.00037,0.037
22.97,0.00037,0.037
23.04,0.00038,0.038
23.11,0.00038,0.038
23.18,0.00038,0.038
23.24,0.00038,0.038
23.31,0.00039,0.039
23.38,0.00039,0.039
23.45,0.00039,0.039
23.51,0.00039,0.039
23.58,0.00040,0.040
23.65,0.00040,0.040
23.72,0.00040,0.040
23.79,0.00040,0.040
23.85,0.00041,0.041
23.92,0.00041,0.041
23.99,0.00041,0.041
24.06,0.00041,0.041
24.12,0.00041,0.041
24.19,0.00042,0.042
24.26,0.00042,0.042
24.33,0.00042,0.042
24.40,0.00042,0.042
24.46,0.00043,0.043
24.53,0.00043,0.043
24.60,0.00043,0.043
24.67,0.00043,0.043
24.73,0.00044,0.044
24.80,0.00044,0.044
24.87,0.00044,0.044
24.94,0.00044,0.044
25.00,0.00045,0.045
25.07,0.00045,0.045
25.14,0.00045,0.045
25.21,0.00045,0.045
25.28,0.00046,0.046
25.34,0.00046,0.046
25.41,0.00046,0.046
25.48,0.00046,0.046
25.55,0.00047,0.047
25.61,0.00047,0.047
25.68,0.00047,0.047
25.75,0.00047,0.047
25.82,0.00048,0.048
25.89,0.00048,0.048
25.95,0.00048,0.048
26.02,0.00049,0.049
26.09,0.00049,0.049
26.16,0.00049,0.049
26.22,0.00049,0.049
26.29,0.00050,0.050
26.36,0.00050,0.050
26.43,0.00050,0.050
26.49,0.00050,0.050
26.56,0.00051,0.051
26.63,0.00051,0.051
26.70,0.00051,0.051
26.77,0.00051,0.051
26.83,0.00052,0.052
26.90,0.00052,0.052
26.97,0.00052,0.052
27.04,0.00053,0.053
27.10,0.00053,0.053
27.17,0.00053,0.053
27.24,0.00053,0.053
27.31,0.00054,0.054
27.38,0.00054,0.054
27.44,0.00054,0.054
27.51,0.00054,0.054
27.58,0.00055,0.055
27.65,0.00055,0.055
27.71,0.00055,0.055
27.78,0.00056,0.056
27.85,0.00056,0.056
27.92,0.00056,0.056
27.98,0.00056,0.056
28.05,0.00057,0.057
28.12,0.00057,0.057
28.19,0.00057,0.057
28.26,0.00058,0.058
28.32,0.00058,0.058
28.39,0.00058,0.058
28.46,0.00058,0.058
28.53,0.00059,0.059
28.59,0.00059,0.059
28.66,0.00059,0.059
28.73,0.00060,0.060
28.80,0.00060,0.060
28.87,0.00060,0.060
28.93,0.00061,0.061
29.00,0.00061,0.061
29.07,0.00061,0.061
29.14,0.00061,0.061
29.20,0.00062,0.062
29.27,0.00062,0.062
29.34,0.00062,0.062
29.41,0.00063,0.063
29.47,0.00063,0.063
29.54,0.00063,0.063
29.61,0.00064,0.064
29.68,0.00064,0.064
29.75,0.00064,0.064
29.81,0.00064,0.064
29.88,0.00065,0.065
29.95,0.00065,0.065
30.02,0.00065,0.065
30.08,0.00066,0.066
30.15,0.00066,0.066
30.22,0.00066,0.066
30.29,0.00067,0.067
30.36,0.00067,0.067
30.42,0.00067,0.067
30.49,0.00068,0.068
30.56,0.00068,0.068
30.63,0.00068,0.068
30.69,0.00069,0.069
30.76,0.00069,0.069
30.83,0.00069,0.069
30.90,0.00069,0.069
30.96,0.00070,0.070
31.03,0.00070,0.070
31.10,0.00070,0.070
31.17,0.00071,0.071
31.24,0.00071,0.071
31.30,0.00071,0.071
31.37,0.00072,0.072
31.44,0.00072,0.072
31.51,0.00072,0.072
31.57,0.00073,0.073
31.64,0.00073,0.073
31.71,0.00073,0.073
31.78,0.00074,0.074
31.85,0.00074,0.074
31.91,0.00074,0.074
31.98,0.00075,0.075
32.05,0.00075,0.075
32.12,0.00075,0.075
32.18,0.00076,0.076
32.25,0.00076,0.076
32.32,0.00076,0.076
32.39,0.00077,0.077
32.45,0.00077,0.077
32.52,0.00077,0.077
32.59,0.00078,0.078
32.66,0.00078,0.078
32.73,0.00078,0.078
32.79,0.00079,0.079
32.86,0.00079,0.079
32.93,0.00080,0.080
33.00,0.00080,0.080
33.06,0.00080,0.080
33.13,0.00081,0.081
33.20,0.00081,0.081
33.27,0.00081,0.081
33.34,0.00082,0.082
33.40,0.00082,0.082
33.47,0.00082,0.082
33.54,0.00083,0.083
33.61,0.00083,0.083
33.67,0.00083,0.083
33.74,0.00084,0.084
33.81,0.00084,0.084
33.88,0.00084,0.084
33.94,0.00085,0.085
34.01,0.00085,0.085
34.08,0.00086,0.086
34.15,0.00086,0.086
34.22,0.00086,0.086
34.28,0.00087,0.087
34.35,0.00087,0.087
34.42,0.00087,0.087
34.49,0.00088,0.088
34.55,0.00088,0.088
34.62,0.00088,0.088
34.69,0.00089,0.089
34.76,0.00089,0.089
34.83,0.00090,0.090
34.89,0.00090,0.090
34.96,0.00090,0.090
35.03,0.00091,0.091
35.10,0.00091,0.091
35.16,0.00091,0.091
35.23,0.00092,0.092
35.30,0.00092,0.092
35.37,0.00093,0.093
35.43,0.00093,0.093
35.50,0.00093,0.093
35.57,0.00094,0.094
35.64,0.00094,0.094
35.71,0.00095,0.095
35.77,0.00095,0.095
35.84,0.00095,0.095
35.91,0.00096,0.096
35.98,0.00096,0.096
36.04,0.00096,0.096
36.11,0.00097,0.097
36.18,0.00097,0.097
36.25,0.00098,0.098
36.32,0.00098,0.098
36.38,0.00098,0.098
36.45,0.00099,0.099
36.52,0.00099,0.099
36.59,0.00100,0.100
36.65,0.00100,0.100
36.72,0.00100,0.100
36.79,0.00101,0.101
36.86,0.00101,0.101
36.92,0.00102,0.102
36.99,0.00102,0.102
37.06,0.00102,0.102
37.13,0.00103,0.103
37.20,0.00103,0.103
37.26,0.00104,0.104
37.33,0.00104,0.104
37.40,0.00104,0.104
37.47,0.00105,0.105
37.53,0.00105,0.105
37.60,0.00106,0.106
37.67,0.00106,0.106
37.74,0.00106,0.106
37.81,0.00107,0.107
37.87,0.00107,0.107
37.94,0.00108,0.108
38.01,0.00108,0.108
38.08,0.00108,0.108
38.14,0.00109,0.109
38.21,0.00109,0.109
38.28,0.00109,0.109
38.34,0.00110,0.110
38.41,0.00110,0.110
38.48,0.00111,0.111
38.54,0.00111,0.111
38.61,0.00111,0.111
38.67,0.00112,0.112
38.74,0.00112,0.112
38.80,0.00113,0.113
38.87,0.00113,0.113
38.93,0.00113,0.113
39.00,0.00114,0.114
39.06,0.00114,0.114
39.12,0.00114,0.114
39.19,0.00115,0.115
39.25,0.00115,0.115
39.31,0.00116,0.116
39.38,0.00116,0.116
39.44,0.00116,0.116
39.50,0.00117,0.117
39.56,0.00117,0.117
39.63,0.00117,0.117
39.69,0.00118,0.118
39.75,0.00118,0.118
39.81,0.00119,0.119
39.87,0.00119,0.119
39.93,0.00119,0.119
40.00,0.00120,0.120
40.06,0.00120,0.120
40.12,0.00120,0.120
40.18,0.00121,0.121
40.24,0.00121,0.121
40.30,0.00122,0.122
40.36,0.00122,0.122
40.42,0.00122,0.122
40.48,0.00123,0.123
40.54,0.00123,0.123
40.60,0.00123,0.123
40.65,0.00124,0.124
40.71,0.00124,0.124
40.77,0.00124,0.124
40.83,0.00125,0.125
40.89,0.00125,0.125
40.95,0.00125,0.125
41.01,0.00126,0.126
41.07,0.00126,0.126
41.12,0.00127,0.127
41.18,0.00127,0.127
41.24,0.00127,0.127
41.30,0.00128,0.128
41.35,0.00128,0.128
41.41,0.00128,0.128
41.47,0.00129,0.129
41.53,0.00129,0.129
41.58,0.00129,0.129
41.64,0.00130,0.130
41.70,0.00130,0.130
41.76,0.00130,0.130
41.81,0.00131,0.131
41.87,0.00131,0.131
41.93,0.00131,0.131
41.98,0.00132,0.132
42.04,0.00132,0.132
42.09,0.00132,0.132
42.15,0.00133,0.133
42.21,0.00133,0.133
42.26,0.00134,0.134
42.32,0.00134,0.134
42.37,0.00134,0.134
42.43,0.00135,0.135
42.49,0.00135,0.135
42.54,0.00135,0.135
42.60,0.00136,0.136
42.65,0.00136,0.136
42.71,0.00136,0.136
42.76,0.00137,0.137
42.82,0.00137,0.137
42.87,0.00137,0.137
42.93,0.00138,0.138
42.98,0.00138,0.138
43.04,0.00138,0.138
43.09,0.00139,0.139
43.14,0.00139,0.139
43.20,0.00139,0.139
43.25,0.00140,0.140
43.31,0.00140,0.140
43.36,0.00140,0.140
43.42,0.00141,0.141
43.47,0.00141,0.141
43.52,0.00141,0.141
43.58,0.00142,0.142
43.63,0.00142,0.142
43.68,0.00142,0.142
43.74,0.00143,0.143
43.79,0.00143,0.143
43.84,0.00143,0.143
43.90,0.00144,0.144
43.95,0.00144,0.144
44.00,0.00144,0.144
44.06,0.00145,0.145
44.11,0.00145,0.145
44.16,0.00145,0.145
44.21,0.00146,0.146
44.27,0.00146,0.146
44.32,0.00146,0.146
44.37,0.00147,0.147
44.42,0.00147,0.147
44.47,0.00147,0.147
44.53,0.00148,0.148
44.58,0.00148,0.148
44.63,0.00148,0.148
44.68,0.00149,0.149
44.73,0.00149,0.149
44.78,0.00149,0.149
44.84,0.00150,0.150
44.89,0.00150,0.150
44.94,0.00150,0.150
44.99,0.00151,0.151
45.04,0.00151,0.151
45.09,0.00151,0.151
45.14,0.00152,0.152
45.19,0.00152,0.152
45.24,0.00152,0.152
45.29,0.00153,0.153
45.34,0.00153,0.153
45.39,0.00153,0.153
45.44,0.00154,0.154
45.49,0.00154,0.154
45.54,0.00154,0.154
45.59,0.00155,0.155
45.64,0.00155,0.155
45.69,0.00155,0.155
45.74,0.00155,0.155
45.79,0.00156,0.156
45.84,0.00156,0.156
45.89,0.00156,0.156
45.94,0.00157,0.157
45.99,0.00157,0.157
46.04,0.00157,0.157
46.09,0.00158,0.158
46.13,0.00158,0.158
46.18,0.00158,0.158
46.23,0.00159,0.159
46.28,0.00159,0.159
46.33,0.00159,0.159
46.38,0.00160,0.160
46.43,0.00160,0.160
46.48,0.00160,0.160
46.52,0.00161,0.161
46.57,0.00161,0.161
46.62,0.00161,0.161
46.67,0.00162,0.162
46.72,0.00162,0.162
46.76,0.00162,0.162
46.81,0.00162,0.162
46.86,0.00163,0.163
46.91,0.00163,0.163
46.96,0.00163,0.163
47.00,0.00164,0.164
47.05,0.00164,0.164
47.10,0.00164,0.164
47.15,0.00165,0.165
47.20,0.00165,0.165
47.24,0.00165,0.165
47.29,0.00166,0.166
47.34,0.00166,0.166
47.39,0.00166,0.166
47.43,0.00167,0.167
47.48,0.00167,0.167
47.53,0.00167,0.167
47.58,0.00167,0.167
47.62,0.00168,0.168
47.67,0.00168,0.168
47.72,0.00168,0.168
47.77,0.00169,0.169
47.81,0.00169,0.169
47.86,0.00169,0.169
47.91,0.00170,0.170
47.96,0.00170,0.170
48.00,0.00170,0.170
48.05,0.00171,0.171
48.10,0.00171,0.171
48.15,0.00171,0.171
48.19,0.00172,0.172
48.24,0.00172,0.172
48.29,0.00172,0.172
48.34,0.00173,0.173
48.39,0.00173,0.173
48.43,0.00173,0.173
48.48,0.00173,0.173
48.53,0.00174,0.174
48.58,0.00174,0.174
48.63,0.00174,0.174
48.67,0.00175,0.175
48.72,0.00175,0.175
48.77,0.00175,0.175
48.82,0.00176,0.176
48.86,0.00176,0.176
48.91,0.00176,0.176
48.96,0.00177,0.177
49.01,0.00177,0.177
49.06,0.00177,0.177
49.10,0.00178,0.178
49.15,0.00178,0.178
49.20,0.00178,0.178
49.25,0.00179,0.179
49.29,0.00179,0.179
49.34,0.00179,0.179
49.39,0.00180,0.180
49.43,0.00180,0.180
49.48,0.00180,0.180
49.53,0.00181,0.181
49.57,0.00181,0.181
49.62,0.00181,0.181
49.67,0.00181,0.181
49.71,0.00182,0.182
49.76,0.00182,0.182
49.81,0.00182,0.182
49.85,0.00183,0.183
49.90,0.00183,0.183
49.95,0.00183,0.183
49.99,0.00184,0.184
50.04,0.00184,0.184
50.09,0.00184,0.184
50.13,0.00185,0.185
50.18,0.00185,0.185
50.22,0.00185,0.185
50.27,0.00186,0.186
50.32,0.00186,0.186
50.36,0.00186,0.186
50.41,0.00186,0.186
50.45,0.00187,0.187
50.50,0.00187,0.187
50.55,0.00187,0.187
50.59,0.00188,0.188
50.64,0.00188,0.188
50.68,0.00188,0.188
50.73,0.00189,0.189
50.77,0.00189,0.189
50.82,0.00189,0.189
50.86,0.00190,0.190
50.91,0.00190,0.190
50.95,0.00190,0.190
51.00,0.00191,0.191
51.04,0.00191,0.191
51.09,0.00191,0.191
51.13,0.00191,0.191
51.18,0.00192,0.192
51.22,0.00192,0.192
51.27,0.00192,0.192
51.31,0.00193,0.193
51.36,0.00193,0.193
51.40,0.00193,0.193
51.45,0.00194,0.194
51.49,0.00194,0.194
51.54,0.00194,0.194
51.58,0.00195,0.195
51.62,0.00195,0.195
51.67,0.00195,0.195
51.71,0.00195,0.195
51.76,0.00196,0.196
51.80,0.00196,0.196
51.85,0.00196,0.196
51.89,0.00197,0.197
51.93,0.00197,0.197
51.98,0.00197,0.197
52.02,0.00198,0.198
52.07,0.00198,0.198
52.11,0.00198,0.198
52.15,0.00198,0.198
52.20,0.00199,0.199
52.24,0.00199,0.199
52.28,0.00199,0.199
52.33,0.00200,0.200
52.37,0.00200,0.200
52.42,0.00200,0.200
52.46,0.00201,0.201
52.50,0.00201,0.201
52.55,0.00201,0.201
52.59,0.00202,0.202
52.63,0.00202,0.202
52.68,0.00202,0.202
52.72,0.00202,0.202
52.76,0.00203,0.203
52.80,0.00203,0.203
52.85,0.00203,0.203
52.89,0.00204,0.204
52.93,0.00204,0.204
52.98,0.00204,0.204
53.02,0.00205,0.205
53.06,0.00205,0.205
53.10,0.00205,0.205
53.15,0.00205,0.205
53.19,0.00206,0.206
53.23,0.00206,0.206
53.28,0.00206,0.206
53.32,0.00207,0.207
53.36,0.00207,0.207
53.40,0.00207,0.207
53.45,0.00208,0.208
53.49,0.00208,0.208
53.53,0.00208,0.208
53.57,0.00208,0.208
53.61,0.00209,0.209
53.66,0.00209,0.209
53.70,0.00209,0.209
53.74,0.00210,0.210
53.78,0.00210,0.210
53.82,0.00210,0.210
53.87,0.00211,0.211
53.91,0.00211,0.211
53.95,0.00211,0.211
53.99,0.00211,0.211
54.03,0.00212,0.212
54.08,0.00212,0.212
54.12,0.00212,0.212
54.16,0.00213,0.213
54.20,0.00213,0.213
54.24,0.00213,0.213
54.28,0.00213,0.213
54.33,0.00214,0.214
54.37,0.00214,0.214
54.41,0.00214,0.214
54.45,0.00215,0.215
54.49,0.00215,0.215
54.53,0.00215,0.215
54.57,0.00216,0.216
54.62,0.00216,0.216
54.66,0.00216,0.216
54.70,0.00216,0.216
54.74,0.00217,0.217
54.78,0.00217,0.217
54.82,0.00217,0.217
54.86,0.00218,0.218
54.90,0.00218,0.218
54.94,0.00218,0.218
54.99,0.00218,0.218
55.03,0.00219,0.219
55.07,0.00219,0.219
55.11,0.00219,0.219
55.15,0.00220,0.220
55.19,0.00220,0.220
55.23,0.00220,0.220
55.27,0.00221,0.221
55.31,0.00221,0.221
55.35,0.00221,0.221
55.39,0.00221,0.221
55.43,0.00222,0.222
55.47,0.00222,0.222
55.51,0.00222,0.222
55.55,0.00223,0.223
55.59,0.00223,0.223
55.63,0.00223,0.223
55.68,0.00223,0.223
55.72,0.00224,0.224
55.76,0.00224,0.224
55.80,0.00224,0.224
55.84,0.00225,0.225
55.88,0.00225,0.225
55.92,0.00225,0.225
55.96,0.00225,0.225
56.00,0.00226,0.226
56.04,0.00226,0.226
56.08,0.00226,0.226
56.12,0.00227,0.227
56.16,0.00227,0.227
56.20,0.00227,0.227
56.24,0.00228,0.228
56.28,0.00228,0.228
56.31,0.00228,0.228
56.35,0.00228,0.228
56.39,0.00229,0.229
56.43,0.00229,0.229
56.47,0.00229,0.229
56.51,0.00230,0.230
56.55,0.00230,0.230
56.59,0.00230,0.230
56.63,0.00230,0.230
56.67,0.00231,0.231
56.71,0.00231,0.231
56.75,0.00231,0.231
56.79,0.00232,0.232
56.83,0.00232,0.232
56.87,0.00232,0.232
56.91,0.00232,0.232
56.95,0.00233,0.233
56.98,0.00233,0.233
57.02,0.00233,0.233
57.06,0.00234,0.234
57.10,0.00234,0.234
57.14,0.00234,0.234
57.18,0.00234,0.234
57.22,0.00235,0.235
57.26,0.00235,0.235
57.30,0.00235,0.235
57.34,0.00236,0.236
57.37,0.00236,0.236
57.41,0.00236,0.236
57.45,0.00236,0.236
57.49,0.00237,0.237
57.53,0.00237,0.237
57.57,0.00237,0.237
57.61,0.00238,0.238
57.65,0.00238,0.238
57.68,0.00238,0.238
57.72,0.00238,0.238
57.76,0.00239,0.239
57.80,0.00239,0.239
57.84,0.00239,0.239
57.88,0.00240,0.240
57.91,0.00240,0.240
57.95,0.00240,0.240
57.99,0.00240,0.240
58.03,0.00241,0.241
58.07,0.00241,0.241
58.11,0.00241,0.241
58.14,0.00241,0.241
58.18,0.00242,0.242
58.22,0.00242,0.242
58.26,0.00242,0.242
58.30,0.00243,0.243
58.34,0.00243,0.243
58.37,0.00243,0.243
58.41,0.00243,0.243
58.45,0.00244,0.244
58.49,0.00244,0.244
58.52,0.00244,0.244
58.56,0.00245,0.245
58.60,0.00245,0.245
58.64,0.00245,0.245
58.68,0.00245,0.245
58.71,0.00246,0.246
58.75,0.00246,0.246
58.79,0.00246,0.246
58.83,0.00247,0.247
58.86,0.00247,0.247
58.90,0.00247,0.247
58.94,0.00247,0.247
58.98,0.00248,0.248
59.02,0.00248,0.248
59.05,0.00248,0.248
59.09,0.00249,0.249
59.13,0.00249,0.249
59.16,0.00249,0.249
59.20,0.00249,0.249
59.24,0.00250,0.250
59.28,0.00250,0.250
59.31,0.00250,0.250
59.35,0.00250,0.250
59.39,0.00251,0.251
59.43,0.00251,0.251
59.46,0.00251,0.251
59.50,0.00252,0.252
59.54,0.00252,0.252
59.57,0.00252,0.252
59.61,0.00252,0.252
59.65,0.00253,0.253
59.69,0.00253,0.253
59.72,0.00253,0.253
59.76,0.00253,0.253
59.80,0.00254,0.254
59.83,0.00254,0.254
59.87,0.00254,0.254
59.91,0.00255,0.255
59.94,0.00255,0.255
59.98,0.00255,0.255
60.02,0.00255,0.255
60.05,0.00256,0.256
60.09,0.00256,0.256
60.13,0.00256,0.256
60.16,0.00257,0.257
60.20,0.00257,0.257
60.23,0.00257,0.257
60.27,0.00257,0.257
60.31,0.00258,0.258
60.34,0.00258,0.258
60.38,0.00258,0.258
60.42,0.00258,0.258
60.45,0.00259,0.259
60.49,0.00259,0.259
60.52,0.00259,0.259
60.56,0.00259,0.259
60.59,0.00260,0.260
60.63,0.00260,0.260
60.67,0.00260,0.260
60.70,0.00261,0.261
60.74,0.00261,0.261
60.77,0.00261,0.261
60.81,0.00261,0.261
60.84,0.00262,0.262
60.88,0.00262,0.262
60.91,0.00262,0.262
60.95,0.00262,0.262
60.98,0.00263,0.263
61.02,0.00263,0.263
61.05,0.00263,0.263
61.09,0.00263,0.263
61.12,0.00264,0.264
61.16,0.00264,0.264
61.19,0.00264,0.264
61.23,0.00265,0.265
61.26,0.00265,0.265
61.30,0.00265,0.265
61.33,0.00265,0.265
61.37,0.00266,0.266
61.40,0.00266,0.266
61.44,0.00266,0.266
61.47,0.00266,0.266
61.50,0.00267,0.267
61.54,0.00267,0.267
61.57,0.00267,0.267
61.61,0.00267,0.267
61.64,0.00268,0.268
61.68,0.00268,0.268
61.71,0.00268,0.268
61.74,0.00268,0.268
61.78,0.00269,0.269
61.81,0.00269,0.269
61.85,0.00269,0.269
61.88,0.00269,0.269
61.91,0.00270,0.270
61.95,0.00270,0.270
61.98,0.00270,0.270
62.01,0.00270,0.270
62.05,0.00271,0.271
62.08,0.00271,0.271
62.11,0.00271,0.271
62.15,0.00271,0.271
62.18,0.00272,0.272
62.21,0.00272,0.272
62.25,0.00272,0.272
62.28,0.00272,0.272
62.31,0.00273,0.273
62.35,0.00273,0.273
62.38,0.00273,0.273
62.41,0.00273,0.273
62.45,0.00274,0.274
62.48,0.00274,0.274
62.51,0.00274,0.274
62.55,0.00275,0.275
62.58,0.00275,0.275
62.61,0.00275,0.275
62.64,0.00275,0.275
62.68,0.00276,0.276
62.71,0.00276,0.276
62.74,0.00276,0.276
62.78,0.00276,0.276
62.81,0.00277,0.277
62.84,0.00277,0.277
62.87,0.00277,0.277
62.91,0.00277,0.277
62.94,0.00277,0.277
62.97,0.00278,0.278
63.00,0.00278,0.278
63.04,0.00278,0.278
63.07,0.00278,0.278
63.10,0.00279,0.279
63.13,0.00279,0.279
63.16,0.00279,0.279
63.20,0.00279,0.279
63.23,0.00280,0.280
63.26,0.00280,0.280
63.29,0.00280,0.280
63.33,0.00280,0.280
63.36,0.00281,0.281
63.39,0.00281,0.281
63.42,0.00281,0.281
63.45,0.00281,0.281
63.48,0.00282,0.282
63.52,0.00282,0.282
63.55,0.00282,0.282
63.58,0.00282,0.282
63.61,0.00283,0.283
63.64,0.00283,0.283
63.67,0.00283,0.283
63.71,0.00283,0.283
63.74,0.00284,0.284
63.77,0.00284,0.284
63.80,0.00284,0.284
63.83,0.00284,0.284
63.86,0.00285,0.285
63.89,0.00285,0.285
63.93,0.00285,0.285
63.96,0.00285,0.285
63.99,0.00286,0.286
64.02,0.00286,0.286
64.05,0.00286,0.286
64.08,0.00286,0.286
64.11,0.00286,0.286
64.14,0.00287,0.287
64.17,0.00287,0.287
64.20,0.00287,0.287
64.24,0.00287,0.287
64.27,0.00288,0.288
64.30,0.00288,0.288
64.33,0.00288,0.288
64.36,0.00288,0.288
64.39,0.00289,0.289
64.42,0.00289,0.289
64.45,0.00289,0.289
64.48,0.00289,0.289
64.51,0.00290,0.290
64.54,0.00290,0.290
64.57,0.00290,0.290
64.60,0.00290,0.290
64.63,0.00291,0.291
64.66,0.00291,0.291
64.69,0.00291,0.291
64.72,0.00291,0.291
64.75,0.00291,0.291
64.78,0.00292,0.292
64.81,0.00292,0.292
64.84,0.00292,0.292
64.87,0.00292,0.292
64.90,0.00293,0.293
64.93,0.00293,0.293
64.96,0.00293,0.293
64.99,0.00293,0.293
65.02,0.00294,0.294
65.05,0.00294,0.294
65.08,0.00294,0.294
65.11,0.00294,0.294
65.14,0.00294,0.294
65.17,0.00295,0.295
65.20,0.00295,0.295
65.23,0.00295,0.295
65.26,0.00295,0.295
65.29,0.00296,0.296
65.32,0.00296,0.296
65.35,0.00296,0.296
65.38,0.00296,0.296
65.41,0.00297,0.297
65.44,0.00297,0.297
65.47,0.00297,0.297
65.50,0.00297,0.297
65.53,0.00297,0.297
65.56,0.00298,0.298
65.59,0.00298,0.298
65.62,0.00298,0.298
65.65,0.00298,0.298
65.68,0.00299,0.299
65.70,0.00299,0.299
65.73,0.00299,0.299
65.76,0.00299,0.299
65.79,0.00300,0.300
65.82,0.00300,0.300
65.85,0.00300,0.300
65.88,0.00300,0.300
65.91,0.00300,0.300
65.94,0.00301,0.301
65.97,0.00301,0.301
66.00,0.00301,0.301
66.02,0.00301,0.301
66.05,0.00302,0.302
66.08,0.00302,0.302
66.11,0.00302,0.302
66.14,0.00302,0.302
66.17,0.00302,0.302
66.20,0.00303,0.303
66.23,0.00303,0.303
66.25,0.00303,0.303
66.28,0.00303,0.303
66.31,0.00304,0.304
66.34,0.00304,0.304
66.37,0.00304,0.304
66.40,0.00304,0.304
66.43,0.00304,0.304
66.46,0.00305,0.305
66.48,0.00305,0.305
66.51,0.00305,0.305
66.54,0.00305,0.305
66.57,0.00306,0.306
66.60,0.00306,0.306
66.63,0.00306,0.306
66.65,0.00306,0.306
66.68,0.00306,0.306
66.71,0.00307,0.307
66.74,0.00307,0.307
66.77,0.00307,0.307
66.80,0.00307,0.307
66.82,0.00308,0.308
66.85,0.00308,0.308
66.88,0.00308,0.308
66.91,0.00308,0.308
66.94,0.00308,0.308
66.97,0.00309,0.309
66.99,0.00309,0.309
67.02,0.00309,0.309
67.05,0.00309,0.309
67.08,0.00310,0.310
67.11,0.00310,0.310
67.14,0.00310,0.310
67.16,0.00310,0.310
67.19,0.00310,0.310
67.22,0.00311,0.311
67.25,0.00311,0.311
67.28,0.00311,0.311
67.31,0.00311,0.311
67.33,0.00312,0.312
67.36,0.00312,0.312
67.39,0.00312,0.312
67.42,0.00312,0.312
67.45,0.00312,0.312
67.47,0.00313,0.313
67.50,0.00313,0.313
67.53,0.00313,0.313
67.56,0.00313,0.313
67.59,0.00314,0.314
67.62,0.00314,0.314
67.64,0.00314,0.314
67.67,0.00314,0.314
67.70,0.00314,0.314
67.73,0.00315,0.315
67.76,0.00315,0.315
67.78,0.00315,0.315
67.81,0.00315,0.315
67.84,0.00316,0.316
67.87,0.00316,0.316
67.90,0.00316,0.316
67.92,0.00316,0.316
67.95,0.00316,0.316
67.98,0.00317,0.317
68.01,0.00317,0.317
68.04,0.00317,0.317
68.06,0.00317,0.317
68.09,0.00318,0.318
68.12,0.00318,0.318
68.15,0.00318,0.318
68.18,0.00318,0.318
68.20,0.00318,0.318
68.23,0.00319,0.319
68.26,0.00319,0.319
68.29,0.00319,0.319
68.31,0.00319,0.319
68.34,0.00320,0.320
68.37,0.00320,0.320
68.40,0.00320,0.320
68.42,0.00320,0.320
68.45,0.00320,0.320
68.48,0.00321,0.321
68.51,0.00321,0.321
68.54,0.00321,0.321
68.56,0.00321,0.321
68.59,0.00321,0.321
68.62,0.00322,0.322
68.65,0.00322,0.322
68.67,0.00322,0.322
68.70,0.00322,0.322
68.73,0.00323,0.323
68.76,0.00323,0.323
68.78,0.00323,0.323
68.81,0.00323,0.323
68.84,0.00323,0.323
68.87,0.00324,0.324
68.89,0.00324,0.324
68.92,0.00324,0.324
68.95,0.00324,0.324
68.97,0.00325,0.325
69.00,0.00325,0.325
69.03,0.00325,0.325
69.06,0.00325,0.325
69.08,0.00325,0.325
69.11,0.00326,0.326
69.14,0.00326,0.326
69.16,0.00326,0.326
69.19,0.00326,0.326
69.22,0.00326,0.326
69.25,0.00327,0.327
69.27,0.00327,0.327
69.30,0.00327,0.327
69.33,0.00327,0.327
69.35,0.00328,0.328
69.38,0.00328,0.328
69.41,0.00328,0.328
69.43,0.00328,0.328
69.46,0.00328,0.328
69.49,0.00329,0.329
69.52,0.00329,0.329
69.54,0.00329,0.329
69.57,0.00329,0.329
69.60,0.00329,0.329
69.62,0.00330,0.330
69.65,0.00330,0.330
69.68,0.00330,0.330
69.70,0.00330,0.330
69.73,0.00331,0.331
69.76,0.00331,0.331
69.78,0.00331,0.331
69.81,0.00331,0.331
69.84,0.00331,0.331
69.86,0.00332,0.332
69.89,0.00332,0.332
69.91,0.00332,0.332
69.94,0.00332,0.332
69.97,0.00332,0.332
69.99,0.00333,0.333
70.02,0.00333,0.333
70.05,0.00333,0.333
70.07,0.00333,0.333
70.10,0.00333,0.333
70.12,0.00334,0.334
70.15,0.00334,0.334
70.18,0.00334,0.334
70.20,0.00334,0.334
70.23,0.00335,0.335
70.26,0.00335,0.335
70.28,0.00335,0.335
70.31,0.00335,0.335
70.33,0.00335,0.335
70.36,0.00336,0.336
70.39,0.00336,0.336
70.41,0.00336,0.336
70.44,0.00336,0.336
70.46,0.00336,0.336
70.49,0.00337,0.337
70.52,0.00337,0.337
70.54,0.00337,0.337
70.57,0.00337,0.337
70.59,0.00337,0.337
70.62,0.00338,0.338
70.65,0.00338,0.338
70.67,0.00338,0.338
70.70,0.00338,0.338
70.72,0.00338,0.338
70.75,0.00339,0.339
70.78,0.00339,0.339
70.80,0.00339,0.339
70.83,0.00339,0.339
70.85,0.00340,0.340
70.88,0.00340,0.340
70.91,0.00340,0.340
70.93,0.00340,0.340
70.96,0.00340,0.340
70.98,0.00341,0.341
71.01,0.00341,0.341
71.04,0.00341,0.341
71.06,0.00341,0.341
71.09,0.00341,0.341
71.11,0.00342,0.342
71.14,0.00342,0.342
71.17,0.00342,0.342
71.19,0.00342,0.342
71.22,0.00342,0.342
71.24,0.00343,0.343
71.27,0.00343,0.343
71.30,0.00343,0.343
71.32,0.00343,0.343
71.35,0.00343,0.343
71.38,0.00344,0.344
71.40,0.00344,0.344
71.43,0.00344,0.344
71.45,0.00344,0.344
71.48,0.00345,0.345
71.51,0.00345,0.345
71.53,0.00345,0.345
71.56,0.00345,0.345
71.58,0.00345,0.345
71.61,0.00346,0.346
71.64,0.00346,0.346
71.66,0.00346,0.346
71.69,0.00346,0.346
71.71,0.00346,0.346
71.74,0.00347,0.347
71.77,0.00347,0.347
71.79,0.00347,0.347
71.82,0.00347,0.347
71.84,0.00347,0.347
71.87,0.00348,0.348
71.90,0.00348,0.348
71.92,0.00348,0.348
71.95,0.00348,0.348
71.97,0.00349,0.349
72.00,0.00349,0.349
72.03,0.00349,0.349
72.05,0.00349,0.349
72.08,0.00349,0.349
72.10,0.00350,0.350
72.13,0.00350,0.350
72.15,0.00350,0.350
72.18,0.00350,0.350
72.21,0.00350,0.350
72.23,0.00351,0.351
72.26,0.00351,0.351
72.28,0.00351,0.351
72.31,0.00351,0.351
72.34,0.00351,0.351
72.36,0.00352,0.352
72.39,0.00352,0.352
72.41,0.00352,0.352
72.44,0.00352,0.352
72.47,0.00352,0.352
72.49,0.00353,0.353
72.52,0.00353,0.353
72.54,0.00353,0.353
72.57,0.00353,0.353
72.59,0.00354,0.354
72.62,0.00354,0.354
72.65,0.00354,0.354
72.67,0.00354,0.354
72.70,0.00354,0.354
72.72,0.00355,0.355
72.75,0.00355,0.355
72.78,0.00355,0.355
72.80,0.00355,0.355
72.83,0.00355,0.355
72.85,0.00356,0.356
72.88,0.00356,0.356
72.90,0.00356,0.356
72.93,0.00356,0.356
72.96,0.00356,0.356
72.98,0.00357,0.357
73.01,0.00357,0.357
73.03,0.00357,0.357
73.06,0.00357,0.357
73.08,0.00357,0.357
73.11,0.00358,0.358
73.13,0.00358,0.358
73.16,0.00358,0.358
73.19,0.00358,0.358
73.21,0.00358,0.358
73.24,0.00359,0.359
73.26,0.00359,0.359
73.29,0.00359,0.359
73.31,0.00359,0.359
73.34,0.00360,0.360
73.36,0.00360,0.360
73.39,0.00360,0.360
73.41,0.00360,0.360
73.44,0.00360,0.360
73.46,0.00361,0.361
73.49,0.00361,0.361
73.51,0.00361,0.361
73.54,0.00361,0.361
73.56,0.00361,0.361
73.59,0.00362,0.362
73.61,0.00362,0.362
73.64,0.00362,0.362
73.66,0.00362,0.362
73.69,0.00362,0.362
73.71,0.00363,0.363
73.74,0.00363,0.363
73.76,0.00363,0.363
73.79,0.00363,0.363
73.81,0.00363,0.363
73.84,0.00364,0.364
73.86,0.00364,0.364
73.89,0.00364,0.364
73.91,0.00364,0.364
73.94,0.00364,0.364
73.96,0.00365,0.365
73.99,0.00365,0.365
74.01,0.00365,0.365
74.04,0.00365,0.365
74.06,0.00365,0.365
74.09,0.00366,0.366
74.11,0.00366,0.366
74.14,0.00366,0.366
74.16,0.00366,0.366
74.19,0.00366,0.366
74.21,0.00367,0.367
74.23,0.00367,0.367
74.26,0.00367,0.367
74.28,0.00367,0.367
74.31,0.00367,0.367
74.33,0.00368,0.368
74.36,0.00368,0.368
74.38,0.00368,0.368
74.41,0.00368,0.368
74.43,0.00368,0.368
74.46,0.00369,0.369
74.48,0.00369,0.369
74.50,0.00369,0.369
74.53,0.00369,0.369
74.55,0.00369,0.369
74.58,0.00370,0.370
74.60,0.00370,0.370
74.63,0.00370,0.370
74.65,0.00370,0.370
74.67,0.00370,0.370
74.70,0.00371,0.371
74.72,0.00371,0.371
74.75,0.00371,0.371
74.77,0.00371,0.371
74.80,0.00371,0.371
74.82,0.00372,0.372
74.84,0.00372,0.372
74.87,0.00372,0.372
74.89,0.00372,0.372
74.92,0.00372,0.372
74.94,0.00373,0.373
74.96,0.00373,0.373
74.99,0.00373,0.373
75.01,0.00373,0.373
75.04,0.00373,0.373
75.06,0.00374,0.374
75.08,0.00374,0.374
75.11,0.00374,0.374
75.13,0.00374,0.374
75.15,0.00374,0.374
75.18,0.00374,0.374
75.20,0.00375,0.375
75.23,0.00375,0.375
75.25,0.00375,0.375
75.27,0.00375,0.375
75.30,0.00375,0.375
75.32,0.00376,0.376
75.35,0.00376,0.376
75.37,0.00376,0.376
75.39,0.00376,0.376
75.42,0.00376,0.376
75.44,0.00377,0.377
75.46,0.00377,0.377
75.49,0.00377,0.377
75.51,0.00377,0.377
75.53,0.00377,0.377
75.56,0.00378,0.378
75.58,0.00378,0.378
75.60,0.00378,0.378
75.63,0.00378,0.378
75.65,0.00378,0.378
75.68,0.00379,0.379
75.70,0.00379,0.379
75.72,0.00379,0.379
75.75,0.00379,0.379
75.77,0.00379,0.379
75.79,0.00379,0.379
75.82,0.00380,0.380
75.84,0.00380,0.380
75.86,0.00380,0.380
75.89,0.00380,0.380
75.91,0.00380,0.380
75.93,0.00381,0.381
75.96,0.00381,0.381
75.98,0.00381,0.381
76.00,0.00381,0.381
76.03,0.00381,0.381
76.05,0.00382,0.382
76.07,0.00382,0.382
76.09,0.00382,0.382
76.12,0.00382,0.382
76.14,0.00382,0.382
76.16,0.00383,0.383
76.19,0.00383,0.383
76.21,0.00383,0.383
76.23,0.00383,0.383
76.26,0.00383,0.383
76.28,0.00383,0.383
76.30,0.00384,0.384
76.33,0.00384,0.384
76.35,0.00384,0.384
76.37,0.00384,0.384
76.39,0.00384,0.384
76.42,0.00385,0.385
76.44,0.00385,0.385
76.46,0.00385,0.385
76.49,0.00385,0.385
76.51,0.00385,0.385
76.53,0.00386,0.386
76.55,0.00386,0.386
76.58,0.00386,0.386
76.60,0.00386,0.386
76.62,0.00386,0.386
76.65,0.00386,0.386
76.67,0.00387,0.387
76.69,0.00387,0.387
76.71,0.00387,0.387
76.74,0.00387,0.387
76.76,0.00387,0.387
76.78,0.00388,0.388
76.80,0.00388,0.388
76.83,0.00388,0.388
76.85,0.00388,0.388
76.87,0.00388,0.388
76.89,0.00389,0.389
76.92,0.00389,0.389
76.94,0.00389,0.389
76.96,0.00389,0.389
76.99,0.00389,0.389
77.01,0.00389,0.389
77.03,0.00390,0.390
77.05,0.00390,0.390
77.08,0.00390,0.390
77.10,0.00390,0.390
77.12,0.00390,0.390
77.14,0.00391,0.391
77.16,0.00391,0.391
77.19,0.00391,0.391
77.21,0.00391,0.391
77.23,0.00391,0.391
77.25,0.00391,0.391
77.28,0.00392,0.392
77.30,0.00392,0.392
77.32,0.00392,0.392
77.34,0.00392,0.392
77.37,0.00392,0.392
77.39,0.00393,0.393
77.41,0.00393,0.393
77.43,0.00393,0.393
77.45,0.00393,0.393
77.48,0.00393,0.393
77.50,0.00394,0.394
77.52,0.00394,0.394
77.54,0.00394,0.394
77.57,0.00394,0.394
77.59,0.00394,0.394
77.61,0.00394,0.394
77.63,0.00395,0.395
77.65,0.00395,0.395
77.68,0.00395,0.395
77.70,0.00395,0.395
77.72,0.00395,0.395
77.74,0.00396,0.396
77.76,0.00396,0.396
77.79,0.00396,0.396
77.81,0.00396,0.396
77.83,0.00396,0.396
77.85,0.00396,0.396
77.87,0.00397,0.397
77.90,0.00397,0.397
77.92,0.00397,0.397
77.94,0.00397,0.397
77.96,0.00397,0.397
77.98,0.00398,0.398
78.00,0.00398,0.398
78.03,0.00398,0.398
78.05,0.00398,0.398
78.07,0.00398,0.398
78.09,0.00398,0.398
78.11,0.00399,0.399
78.14,0.00399,0.399
78.16,0.00399,0.399
78.18,0.00399,0.399
78.20,0.00399,0.399
78.22,0.00400,0.400
78.24,0.00400,0.400
78.27,0.00400,0.400
78.29,0.00400,0.400
78.31,0.00400,0.400
78.33,0.00400,0.400
78.35,0.00401,0.401
78.37,0.00401,0.401
78.40,0.00401,0.401
78.42,0.00401,0.401
78.44,0.00401,0.401
78.46,0.00401,0.401
78.48,0.00402,0.402
78.50,0.00402,0.402
78.52,0.00402,0.402
78.55,0.00402,0.402
78.57,0.00402,0.402
78.59,0.00403,0.403
78.61,0.00403,0.403
78.63,0.00403,0.403
78.65,0.00403,0.403
78.67,0.00403,0.403
78.70,0.00403,0.403
78.72,0.00404,0.404
78.74,0.00404,0.404
78.76,0.00404,0.404
78.78,0.00404,0.404
78.80,0.00404,0.404
78.82,0.00405,0.405
78.85,0.00405,0.405
78.87,0.00405,0.405
78.89,0.00405,0.405
78.91,0.00405,0.405
78.93,0.00405,0.405
78.95,0.00406,0.406
78.97,0.00406,0.406
78.99,0.00406,0.406
79.02,0.00406,0.406
79.04,0.00406,0.406
79.06,0.00406,0.406
79.08,0.00407,0.407
79.10,0.00407,0.407
79.12,0.00407,0.407
79.14,0.00407,0.407
79.16,0.00407,0.407
79.18,0.00407,0.407
79.21,0.00408,0.408
79.23,0.00408,0.408
79.25,0.00408,0.408
79.27,0.00408,0.408
79.29,0.00408,0.408
79.31,0.00409,0.409
79.33,0.00409,0.409
79.35,0.00409,0.409
79.37,0.00409,0.409
79.39,0.00409,0.409
79.42,0.00409,0.409
79.44,0.00410,0.410
79.46,0.00410,0.410
79.48,0.00410,0.410
79.50,0.00410,0.410
79.52,0.00410,0.410
79.54,0.00410,0.410
79.56,0.00411,0.411
79.58,0.00411,0.411
79.60,0.00411,0.411
79.62,0.00411,0.411
79.64,0.00411,0.411
79.67,0.00412,0.412
79.69,0.00412,0.412
79.71,0.00412,0.412
79.73,0.00412,0.412
79.75,0.00412,0.412
79.77,0.00412,0.412
79.79,0.00413,0.413
79.81,0.00413,0.413
79.83,0.00413,0.413
79.85,0.00413,0.413
79.87,0.00413,0.413
79.89,0.00413,0.413
79.91,0.00414,0.414
79.93,0.00414,0.414
79.96,0.00414,0.414
79.98,0.00414,0.414
80.00,0.00414,0.414
80.02,0.00414,0.414
80.04,0.00415,0.415
80.06,0.00415,0.415
80.08,0.00415,0.415
80.10,0.00415,0.415
80.12,0.00415,0.415
80.14,0.00415,0.415
80.16,0.00416,0.416
80.18,0.00416,0.416
80.20,0.00416,0.416
80.22,0.00416,0.416
80.24,0.00416,0.416
80.26,0.00416,0.416
80.28,0.00417,0.417
80.30,0.00417,0.417
80.32,0.00417,0.417
80.34,0.00417,0.417
80.36,0.00417,0.417
80.39,0.00418,0.418
80.41,0.00418,0.418
80.43,0.00418,0.418
80.45,0.00418,0.418
80.47,0.00418,0.418
80.49,0.00418,0.418
80.51,0.00419,0.419
80.53,0.00419,0.419
80.55,0.00419,0.419
80.57,0.00419,0.419
80.59,0.00419,0.419
80.61,0.00419,0.419
80.63,0.00420,0.420
80.65,0.00420,0.420
80.67,0.00420,0.420
80.69,0.00420,0.420
80.71,0.00420,0.420
80.73,0.00420,0.420
80.75,0.00421,0.421
80.77,0.00421,0.421
80.79,0.00421,0.421
80.81,0.00421,0.421
80.83,0.00421,0.421
80.85,0.00421,0.421
80.87,0.00422,0.422
80.89,0.00422,0.422
80.91,0.00422,0.422
80.93,0.00422,0.422
80.95,0.00422,0.422
80.97,0.00422,0.422
80.99,0.00423,0.423
81.01,0.00423,0.423
81.03,0.00423,0.423
81.05,0.00423,0.423
81.07,0.00423,0.423
81.09,0.00423,0.423
81.11,0.00424,0.424
81.13,0.00424,0.424
81.15,0.00424,0.424
81.17,0.00424,0.424
81.19,0.00424,0.424
81.21,0.00424,0.424
81.23,0.00425,0.425
81.25,0.00425,0.425
81.27,0.00425,0.425
81.29,0.00425,0.425
81.31,0.00425,0.425
81.33,0.00425,0.425
81.35,0.00426,0.426
81.37,0.00426,0.426
81.39,0.00426,0.426
81.41,0.00426,0.426
81.43,0.00426,0.426
81.45,0.00426,0.426
81.47,0.00427,0.427
81.49,0.00427,0.427
81.51,0.00427,0.427
81.53,0.00427,0.427
81.55,0.00427,0.427
81.57,0.00427,0.427
81.59,0.00428,0.428
81.60,0.00428,0.428
81.62,0.00428,0.428
81.64,0.00428,0.428
81.66,0.00428,0.428
81.68,0.00428,0.428
81.70,0.00429,0.429
81.72,0.00429,0.429
81.74,0.00429,0.429
81.76,0.00429,0.429
81.78,0.00429,0.429
81.80,0.00429,0.429
81.82,0.00430,0.430
81.84,0.00430,0.430
81.86,0.00430,0.430
81.88,0.00430,0.430
81.90,0.00430,0.430
81.92,0.00430,0.430
81.94,0.00430,0.430
81.96,0.00431,0.431
81.98,0.00431,0.431
82.00,0.00431,0.431
82.02,0.00431,0.431
82.03,0.00431,0.431
82.05,0.00431,0.431
82.07,0.00432,0.432
82.09,0.00432,0.432
82.11,0.00432,0.432
82.13,0.00432,0.432
82.15,0.00432,0.432
82.17,0.00432,0.432
82.19,0.00433,0.433
82.21,0.00433,0.433
82.23,0.00433,0.433
82.25,0.00433,0.433
82.27,0.00433,0.433
82.29,0.00433,0.433
82.31,0.00434,0.434
82.32,0.00434,0.434
82.34,0.00434,0.434
82.36,0.00434,0.434
82.38,0.00434,0.434
82.40,0.00434,0.434
82.42,0.00435,0.435
82.44,0.00435,0.435
82.46,0.00435,0.435
82.48,0.00435,0.435
82.50,0.00435,0.435
82.52,0.00435,0.435
82.54,0.00436,0.436
82.56,0.00436,0.436
82.57,0.00436,0.436
82.59,0.00436,0.436
82.61,0.00436,0.436
82.63,0.00436,0.436
82.65,0.00437,0.437
82.67,0.00437,0.437
82.69,0.00437,0.437
82.71,0.00437,0.437
82.73,0.00437,0.437
82.75,0.00437,0.437
82.77,0.00437,0.437
82.78,0.00438,0.438
82.80,0.00438,0.438
82.82,0.00438,0.438
82.84,0.00438,0.438
82.86,0.00438,0.438
82.88,0.00438,0.438
82.90,0.00439,0.439
82.92,0.00439,0.439
82.94,0.00439,0.439
82.95,0.00439,0.439
82.97,0.00439,0.439
82.99,0.00439,0.439
83.01,0.00440,0.440
83.03,0.00440,0.440
83.05,0.00440,0.440
83.07,0.00440,0.440
83.09,0.00440,0.440
83.11,0.00440,0.440
83.12,0.00441,0.441
83.14,0.00441,0.441
83.16,0.00441,0.441
83.18,0.00441,0.441
83.20,0.00441,0.441
83.22,0.00441,0.441
83.24,0.00441,0.441
83.26,0.00442,0.442
83.28,0.00442,0.442
83.29,0.00442,0.442
83.31,0.00442,0.442
83.33,0.00442,0.442
83.35,0.00442,0.442
83.37,0.00443,0.443
83.39,0.00443,0.443
83.41,0.00443,0.443
83.43,0.00443,0.443
83.44,0.00443,0.443
83.46,0.00443,0.443
83.48,0.00444,0.444
83.50,0.00444,0.444
83.52,0.00444,0.444
83.54,0.00444,0.444
83.56,0.00444,0.444
83.57,0.00444,0.444
83.59,0.00444,0.444
83.61,0.00445,0.445
83.63,0.00445,0.445
83.65,0.00445,0.445
83.67,0.00445,0.445
83.69,0.00445,0.445
83.70,0.00445,0.445
83.72,0.00446,0.446
83.74,0.00446,0.446
83.76,0.00446,0.446
83.78,0.00446,0.446
83.80,0.00446,0.446
83.82,0.00446,0.446
83.83,0.00447,0.447
83.85,0.00447,0.447
83.87,0.00447,0.447
83.89,0.00447,0.447
83.91,0.00447,0.447
83.93,0.00447,0.447
83.94,0.00447,0.447
83.96,0.00448,0.448
83.98,0.00448,0.448
84.00,0.00448,0.448
84.02,0.00448,0.448
84.04,0.00448,0.448
84.06,0.00448,0.448
84.07,0.00449,0.449
84.09,0.00449,0.449
84.11,0.00449,0.449
84.13,0.00449,0.449
84.15,0.00449,0.449
84.17,0.00449,0.449
84.18,0.00449,0.449
84.20,0.00450,0.450
84.22,0.00450,0.450
84.24,0.00450,0.450
84.26,0.00450,0.450
84.28,0.00450,0.450
84.29,0.00450,0.450
84.31,0.00451,0.451
84.33,0.00451,0.451
84.35,0.00451,0.451
84.37,0.00451,0.451
84.38,0.00451,0.451
84.40,0.00451,0.451
84.42,0.00452,0.452
84.44,0.00452,0.452
84.46,0.00452,0.452
84.48,0.00452,0.452
84.49,0.00452,0.452
84.51,0.00452,0.452
84.53,0.00452,0.452
84.55,0.00453,0.453
84.57,0.00453,0.453
84.58,0.00453,0.453
84.60,0.00453,0.453
84.62,0.00453,0.453
84.64,0.00453,0.453
84.66,0.00454,0.454
84.68,0.00454,0.454
84.69,0.00454,0.454
84.71,0.00454,0.454
84.73,0.00454,0.454
84.75,0.00454,0.454
84.77,0.00454,0.454
84.78,0.00455,0.455
84.80,0.00455,0.455
84.82,0.00455,0.455
84.84,0.00455,0.455
84.86,0.00455,0.455
84.87,0.00455,0.455
84.89,0.00456,0.456
84.91,0.00456,0.456
84.93,0.00456,0.456
84.95,0.00456,0.456
84.96,0.00456,0.456
84.98,0.00456,0.456
85.00,0.00456,0.456
85.02,0.00457,0.457
85.04,0.00457,0.457
85.05,0.00457,0.457
85.07,0.00457,0.457
85.09,0.00457,0.457
85.11,0.00457,0.457
85.12,0.00457,0.457
85.14,0.00458,0.458
85.16,0.00458,0.458
85.18,0.00458,0.458
85.20,0.00458,0.458
85.21,0.00458,0.458
85.23,0.00458,0.458
85.25,0.00459,0.459
85.27,0.00459,0.459
85.29,0.00459,0.459
85.30,0.00459,0.459
85.32,0.00459,0.459
85.34,0.00459,0.459
85.36,0.00459,0.459
85.37,0.00460,0.460
85.39,0.00460,0.460
85.41,0.00460,0.460
85.43,0.00460,0.460
85.44,0.00460,0.460
85.46,0.00460,0.460
85.48,0.00461,0.461
85.50,0.00461,0.461
85.52,0.00461,0.461
85.53,0.00461,0.461
85.55,0.00461,0.461
85.57,0.00461,0.461
85.59,0.00461,0.461
85.60,0.00462,0.462
85.62,0.00462,0.462
85.64,0.00462,0.462
85.66,0.00462,0.462
85.67,0.00462,0.462
85.69,0.00462,0.462
85.71,0.00462,0.462
85.73,0.00463,0.463
85.75,0.00463,0.463
85.76,0.00463,0.463
85.78,0.00463,0.463
85.80,0.00463,0.463
85.82,0.00463,0.463
85.83,0.00464,0.464
85.85,0.00464,0.464
85.87,0.00464,0.464
85.89,0.00464,0.464
85.90,0.00464,0.464
85.92,0.00464,0.464
85.94,0.00464,0.464
85.96,0.00465,0.465
85.97,0.00465,0.465
85.99,0.00465,0.465
86.01,0.00465,0.465
86.03,0.00465,0.465
86.04,0.00465,0.465
86.06,0.00465,0.465
86.08,0.00466,0.466
86.10,0.00466,0.466
86.11,0.00466,0.466
86.13,0.00466,0.466
86.15,0.00466,0.466
86.16,0.00466,0.466
86.18,0.00466,0.466
86.20,0.00467,0.467
86.22,0.00467,0.467
86.23,0.00467,0.467
86.25,0.00467,0.467
86.27,0.00467,0.467
86.29,0.00467,0.467
86.30,0.00468,0.468
86.32,0.00468,0.468
86.34,0.00468,0.468
86.36,0.00468,0.468
86.37,0.00468,0.468
86.39,0.00468,0.468
86.41,0.00468,0.468
86.43,0.00469,0.469
86.44,0.00469,0.469
86.46,0.00469,0.469
86.48,0.00469,0.469
86.49,0.00469,0.469
86.51,0.00469,0.469
86.53,0.00469,0.469
86.55,0.00470,0.470
86.56,0.00470,0.470
86.58,0.00470,0.470
86.60,0.00470,0.470
86.61,0.00470,0.470
86.63,0.00470,0.470
86.65,0.00470,0.470
86.67,0.00471,0.471
86.68,0.00471,0.471
86.70,0.00471,0.471
86.72,0.00471,0.471
86.73,0.00471,0.471
86.75,0.00471,0.471
86.77,0.00471,0.471
86.79,0.00472,0.472
86.80,0.00472,0.472
86.82,0.00472,0.472
86.84,0.00472,0.472
86.85,0.00472,0.472
86.87,0.00472,0.472
86.89,0.00472,0.472
86.90,0.00473,0.473
86.92,0.00473,0.473
86.94,0.00473,0.473
86.96,0.00473,0.473
86.97,0.00473,0.473
86.99,0.00473,0.473
87.01,0.00473,0.473
87.02,0.00474,0.474
87.04,0.00474,0.474
87.06,0.00474,0.474
87.07,0.00474,0.474
87.09,0.00474,0.474
87.11,0.00474,0.474
87.12,0.00474,0.474
87.14,0.00475,0.475
87.16,0.00475,0.475
87.17,0.00475,0.475
87.19,0.00475,0.475
87.21,0.00475,0.475
87.22,0.00475,0.475
87.24,0.00475,0.475
87.26,0.00476,0.476
87.27,0.00476,0.476
87.29,0.00476,0.476
87.31,0.00476,0.476
87.32,0.00476,0.476
87.34,0.00476,0.476
87.36,0.00476,0.476
87.37,0.00477,0.477
87.39,0.00477,0.477
87.41,0.00477,0.477
87.42,0.00477,0.477
87.44,0.00477,0.477
87.46,0.00477,0.477
87.47,0.00477,0.477
87.49,0.00478,0.478
87.51,0.00478,0.478
87.52,0.00478,0.478
87.54,0.00478,0.478
87.55,0.00478,0.478
87.57,0.00478,0.478
87.59,0.00478,0.478
87.60,0.00479,0.479
87.62,0.00479,0.479
87.64,0.00479,0.479
87.65,0.00479,0.479
87.67,0.00479,0.479
87.69,0.00479,0.479
87.70,0.00479,0.479
87.72,0.00480,0.480
87.73,0.00480,0.480
87.75,0.00480,0.480
87.77,0.00480,0.480
87.78,0.00480,0.480
87.80,0.00480,0.480
87.82,0.00480,0.480
87.83,0.00481,0.481
87.85,0.00481,0.481
87.86,0.00481,0.481
87.88,0.00481,0.481
87.90,0.00481,0.481
87.91,0.00481,0.481
87.93,0.00481,0.481
87.95,0.00482,0.482
87.96,0.00482,0.482
87.98,0.00482,0.482
87.99,0.00482,0.482
88.01,0.00482,0.482
88.03,0.00482,0.482
88.04,0.00482,0.482
88.06,0.00482,0.482
88.07,0.00483,0.483
88.09,0.00483,0.483
88.11,0.00483,0.483
88.12,0.00483,0.483
88.14,0.00483,0.483
88.15,0.00483,0.483
88.17,0.00483,0.483
88.19,0.00484,0.484
88.20,0.00484,0.484
88.22,0.00484,0.484
88.23,0.00484,0.484
88.25,0.00484,0.484
88.27,0.00484,0.484
88.28,0.00484,0.484
88.30,0.00485,0.485
88.31,0.00485,0.485
88.33,0.00485,0.485
88.34,0.00485,0.485
88.36,0.00485,0.485
88.38,0.00485,0.485
88.39,0.00485,0.485
88.41,0.00485,0.485
88.42,0.00486,0.486
88.44,0.00486,0.486
88.45,0.00486,0.486
88.47,0.00486,0.486
88.49,0.00486,0.486
88.50,0.00486,0.486
88.52,0.00486,0.486
88.53,0.00487,0.487
88.55,0.00487,0.487
88.56,0.00487,0.487
88.58,0.00487,0.487
88.60,0.00487,0.487
88.61,0.00487,0.487
88.63,0.00487,0.487
88.64,0.00488,0.488
88.66,0.00488,0.488
88.67,0.00488,0.488
88.69,0.00488,0.488
88.70,0.00488,0.488
88.72,0.00488,0.488
88.74,0.00488,0.488
88.75,0.00488,0.488
88.77,0.00489,0.489
88.78,0.00489,0.489
88.80,0.00489,0.489
88.81,0.00489,0.489
88.83,0.00489,0.489
88.84,0.00489,0.489
88.86,0.00489,0.489
88.88,0.00490,0.490
88.89,0.00490,0.490
88.91,0.00490,0.490
88.92,0.00490,0.490
88.94,0.00490,0.490
88.95,0.00490,0.490
88.97,0.00490,0.490
88.98,0.00490,0.490
89.00,0.00491,0.491
89.01,0.00491,0.491
89.03,0.00491,0.491
89.04,0.00491,0.491
89.06,0.00491,0.491
89.07,0.00491,0.491
89.09,0.00491,0.491
89.11,0.00492,0.492
89.12,0.00492,0.492
89.14,0.00492,0.492
89.15,0.00492,0.492
89.17,0.00492,0.492
89.18,0.00492,0.492
89.20,0.00492,0.492
89.21,0.00492,0.492
89.23,0.00493,0.493
89.24,0.00493,0.493
89.26,0.00493,0.493
89.27,0.00493,0.493
89.29,0.00493,0.493
89.30,0.00493,0.493
89.32,0.00493,0.493
89.33,0.00494,0.494
89.35,0.00494,0.494
89.36,0.00494,0.494
89.38,0.00494,0.494
89.39,0.00494,0.494
89.41,0.00494,0.494
89.42,0.00494,0.494
89.44,0.00494,0.494
89.45,0.00495,0.495
89.47,0.00495,0.495
89.48,0.00495,0.495
89.50,0.00495,0.495
89.51,0.00495,0.495
89.53,0.00495,0.495
89.54,0.00495,0.495
89.56,0.00495,0.495
89.57,0.00496,0.496
89.59,0.00496,0.496
89.60,0.00496,0.496
89.62,0.00496,0.496
89.63,0.00496,0.496
89.65,0.00496,0.496
89.66,0.00496,0.496
89.68,0.00497,0.497
89.69,0.00497,0.497
89.71,0.00497,0.497
89.72,0.00497,0.497
89.74,0.00497,0.497
89.75,0.00497,0.497
89.77,0.00497,0.497
89.78,0.00497,0.497
89.80,0.00498,0.498
89.81,0.00498,0.498
89.82,0.00498,0.498
89.84,0.00498,0.498
89.85,0.00498,0.498
89.87,0.00498,0.498
89.88,0.00498,0.498
89.90,0.00498,0.498
89.91,0.00499,0.499
89.93,0.00499,0.499
89.94,0.00499,0.499
89.96,0.00499,0.499
89.97,0.00499,0.499
89.99,0.00499,0.499
90.00,0.00499,0.499
90.02,0.00500,0.500
90.03,0.00500,0.500
90.04,0.00500,0.500
90.06,0.00500,0.500
90.07,0.00500,0.500
90.09,0.00500,0.500
90.10,0.00500,0.500
90.12,0.00500,0.500
90.13,0.00501,0.501
90.15,0.00501,0.501
90.16,0.00501,0.501
90.18,0.00501,0.501
90.19,0.00501,0.501
90.20,0.00501,0.501
90.22,0.00501,0.501
90.23,0.00501,0.501
90.25,0.00502,0.502
90.26,0.00502,0.502
90.28,0.00502,0.502
90.29,0.00502,0.502
90.31,0.00502,0.502
90.32,0.00502,0.502
90.33,0.00502,0.502
90.35,0.00502,0.502
90.36,0.00503,0.503
90.38,0.00503,0.503
90.39,0.00503,0.503
90.41,0.00503,0.503
90.42,0.00503,0.503
90.44,0.00503,0.503
90.45,0.00503,0.503
90.46,0.00503,0.503
90.48,0.00504,0.504
90.49,0.00504,0.504
90.51,0.00504,0.504
90.52,0.00504,0.504
90.54,0.00504,0.504
90.55,0.00504,0.504
90.56,0.00504,0.504
90.58,0.00504,0.504
90.59,0.00505,0.505
90.61,0.00505,0.505
90.62,0.00505,0.505
90.63,0.00505,0.505
90.65,0.00505,0.505
90.66,0.00505,0.505
90.68,0.00505,0.505
90.69,0.00505,0.505
90.71,0.00506,0.506
90.72,0.00506,0.506
90.73,0.00506,0.506
90.75,0.00506,0.506
90.76,0.00506,0.506
90.78,0.00506,0.506
90.79,0.00506,0.506
90.80,0.00506,0.506
90.82,0.00507,0.507
90.83,0.00507,0.507
90.85,0.00507,0.507
90.86,0.00507,0.507
90.87,0.00507,0.507
90.89,0.00507,0.507
90.90,0.00507,0.507
90.92,0.00507,0.507
90.93,0.00508,0.508
90.95,0.00508,0.508
90.96,0.00508,0.508
90.97,0.00508,0.508
90.99,0.00508,0.508
91.00,0.00508,0.508
91.02,0.00508,0.508
91.03,0.00508,0.508
91.04,0.00509,0.509
91.06,0.00509,0.509
91.07,0.00509,0.509
91.08,0.00509,0.509
91.10,0.00509,0.509
91.11,0.00509,0.509
91.13,0.00509,0.509
91.14,0.00509,0.509
91.15,0.00510,0.510
91.17,0.00510,0.510
91.18,0.00510,0.510
91.20,0.00510,0.510
91.21,0.00510,0.510
91.22,0.00510,0.510
91.24,0.00510,0.510
91.25,0.00510,0.510
91.26,0.00510,0.510
91.28,0.00511,0.511
91.29,0.00511,0.511
91.31,0.00511,0.511
91.32,0.00511,0.511
91.33,0.00511,0.511
91.35,0.00511,0.511
91.36,0.00511,0.511
91.38,0.00511,0.511
91.39,0.00512,0.512
91.40,0.00512,0.512
91.42,0.00512,0.512
91.43,0.00512,0.512
91.44,0.00512,0.512
91.46,0.00512,0.512
91.47,0.00512,0.512
91.48,0.00512,0.512
91.50,0.00513,0.513
91.51,0.00513,0.513
91.53,0.00513,0.513
91.54,0.00513,0.513
91.55,0.00513,0.513
91.57,0.00513,0.513
91.58,0.00513,0.513
91.59,0.00513,0.513
91.61,0.00513,0.513
91.62,0.00514,0.514
91.63,0.00514,0.514
91.65,0.00514,0.514
91.66,0.00514,0.514
91.68,0.00514,0.514
91.69,0.00514,0.514
91.70,0.00514,0.514
91.72,0.00514,0.514
91.73,0.00515,0.515
91.74,0.00515,0.515
91.76,0.00515,0.515
91.77,0.00515,0.515
91.78,0.00515,0.515
91.80,0.00515,0.515
91.81,0.00515,0.515
91.82,0.00515,0.515
91.84,0.00515,0.515
91.85,0.00516,0.516
91.86,0.00516,0.516
91.88,0.00516,0.516
91.89,0.00516,0.516
91.90,0.00516,0.516
91.92,0.00516,0.516
91.93,0.00516,0.516
91.94,0.00516,0.516
91.96,0.00517,0.517
91.97,0.00517,0.517
91.98,0.00517,0.517
92.00,0.00517,0.517
92.01,0.00517,0.517
92.03,0.00517,0.517
92.04,0.00517,0.517
92.05,0.00517,0.517
92.07,0.00517,0.517
92.08,0.00518,0.518
92.09,0.00518,0.518
92.11,0.00518,0.518
92.12,0.00518,0.518
92.13,0.00518,0.518
92.14,0.00518,0.518
92.16,0.00518,0.518
92.17,0.00518,0.518
92.18,0.00519,0.519
92.20,0.00519,0.519
92.21,0.00519,0.519
92.22,0.00519,0.519
92.24,0.00519,0.519
92.25,0.00519,0.519
92.26,0.00519,0.519
92.28,0.00519,0.519
92.29,0.00519,0.519
92.30,0.00520,0.520
92.32,0.00520,0.520
92.33,0.00520,0.520
92.34,0.00520,0.520
92.36,0.00520,0.520
92.37,0.00520,0.520
92.38,0.00520,0.520
92.40,0.00520,0.520
92.41,0.00521,0.521
92.42,0.00521,0.521
92.44,0.00521,0.521
92.45,0.00521,0.521
92.46,0.00521,0.521
92.47,0.00521,0.521
92.49,0.00521,0.521
92.50,0.00521,0.521
92.51,0.00521,0.521
92.53,0.00522,0.522
92.54,0.00522,0.522
92.55,0.00522,0.522
92.57,0.00522,0.522
92.58,0.00522,0.522
92.59,0.00522,0.522
92.61,0.00522,0.522
92.62,0.00522,0.522
92.63,0.00522,0.522
92.64,0.00523,0.523
92.66,0.00523,0.523
92.67,0.00523,0.523
92.68,0.00523,0.523
92.70,0.00523,0.523
92.71,0.00523,0.523
92.72,0.00523,0.523
92.73,0.00523,0.523
92.75,0.00523,0.523
92.76,0.00524,0.524
92.77,0.00524,0.524
92.79,0.00524,0.524
92.80,0.00524,0.524
92.81,0.00524,0.524
92.83,0.00524,0.524
92.84,0.00524,0.524
92.85,0.00524,0.524
92.86,0.00525,0.525
92.88,0.00525,0.525
92.89,0.00525,0.525
92.90,0.00525,0.525
92.92,0.00525,0.525
92.93,0.00525,0.525
92.94,0.00525,0.525
92.95,0.00525,0.525
92.97,0.00525,0.525
92.98,0.00526,0.526
92.99,0.00526,0.526
93.01,0.00526,0.526
93.02,0.00526,0.526
93.03,0.00526,0.526
93.04,0.00526,0.526
93.06,0.00526,0.526
93.07,0.00526,0.526
93.08,0.00526,0.526
93.09,0.00527,0.527
93.11,0.00527,0.527
93.12,0.00527,0.527
93.13,0.00527,0.527
93.15,0.00527,0.527
93.16,0.00527,0.527
93.17,0.00527,0.527
93.18,0.00527,0.527
93.20,0.00527,0.527
93.21,0.00528,0.528
93.22,0.00528,0.528
93.23,0.00528,0.528
93.25,0.00528,0.528
93.26,0.00528,0.528
93.27,0.00528,0.528
93.28,0.00528,0.528
93.30,0.00528,0.528
93.31,0.00528,0.528
93.32,0.00529,0.529
93.34,0.00529,0.529
93.35,0.00529,0.529
93.36,0.00529,0.529
93.37,0.00529,0.529
93.39,0.00529,0.529
93.40,0.00529,0.529
93.41,0.00529,0.529
93.42,0.00529,0.529
93.44,0.00530,0.530
93.45,0.00530,0.530
93.46,0.00530,0.530
93.47,0.00530,0.530
93.49,0.00530,0.530
93.50,0.00530,0.530
93.51,0.00530,0.530
93.52,0.00530,0.530
93.54,0.00530,0.530
93.55,0.00531,0.531
93.56,0.00531,0.531
93.57,0.00531,0.531
93.59,0.00531,0.531
93.60,0.00531,0.531
93.61,0.00531,0.531
93.62,0.00531,0.531
93.64,0.00531,0.531
93.65,0.00531,0.531
93.66,0.00532,0.532
93.67,0.00532,0.532
93.69,0.00532,0.532
93.70,0.00532,0.532
93.71,0.00532,0.532
93.72,0.00532,0.532
93.74,0.00532,0.532
93.75,0.00532,0.532
93.76,0.00532,0.532
93.77,0.00533,0.533
93.79,0.00533,0.533
93.80,0.00533,0.533
93.81,0.00533,0.533
93.82,0.00533,0.533
93.83,0.00533,0.533
93.85,0.00533,0.533
93.86,0.00533,0.533
93.87,0.00533,0.533
93.88,0.00534,0.534
93.90,0.00534,0.534
93.91,0.00534,0.534
93.92,0.00534,0.534
93.93,0.00534,0.534
93.95,0.00534,0.534
93.96,0.00534,0.534
93.97,0.00534,0.534
93.98,0.00534,0.534
93.99,0.00534,0.534
94.01,0.00535,0.535
94.02,0.00535,0.535
94.03,0.00535,0.535
94.04,0.00535,0.535
94.06,0.00535,0.535
94.07,0.00535,0.535
94.08,0.00535,0.535
94.09,0.00535,0.535
94.11,0.00535,0.535
94.12,0.00536,0.536
94.13,0.00536,0.536
94.14,0.00536,0.536
94.15,0.00536,0.536
94.17,0.00536,0.536
94.18,0.00536,0.536
94.19,0.00536,0.536
94.20,0.00536,0.536
94.21,0.00536,0.536
94.23,0.00537,0.537
94.24,0.00537,0.537
94.25,0.00537,0.537
94.26,0.00537,0.537
94.28,0.00537,0.537
94.29,0.00537,0.537
94.30,0.00537,0.537
94.31,0.00537,0.537
94.32,0.00537,0.537
94.34,0.00537,0.537
94.35,0.00538,0.538
94.36,0.00538,0.538
94.37,0.00538,0.538
94.38,0.00538,0.538
94.40,0.00538,0.538
94.41,0.00538,0.538
94.42,0.00538,0.538
94.43,0.00538,0.538
94.44,0.00538,0.538
94.46,0.00539,0.539
94.47,0.00539,0.539
94.48,0.00539,0.539
94.49,0.00539,0.539
94.51,0.00539,0.539
94.52,0.00539,0.539
94.53,0.00539,0.539
94.54,0.00539,0.539
94.55,0.00539,0.539
94.57,0.00539,0.539
94.58,0.00540,0.540
94.59,0.00540,0.540
94.60,0.00540,0.540
94.61,0.00540,0.540
94.63,0.00540,0.540
94.64,0.00540,0.540
94.65,0.00540,0.540
94.66,0.00540,0.540
94.67,0.00540,0.540
94.68,0.00541,0.541
94.70,0.00541,0.541
94.71,0.00541,0.541
94.72,0.00541,0.541
94.73,0.00541,0.541
94.74,0.00541,0.541
94.76,0.00541,0.541
94.77,0.00541,0.541
94.78,0.00541,0.541
94.79,0.00541,0.541
94.80,0.00542,0.542
94.82,0.00542,0.542
94.83,0.00542,0.542
94.84,0.00542,0.542
94.85,0.00542,0.542
94.86,0.00542,0.542
94.88,0.00542,0.542
94.89,0.00542,0.542
94.90,0.00542,0.542
94.91,0.00543,0.543
94.92,0.00543,0.543
94.93,0.00543,0.543
94.95,0.00543,0.543
94.96,0.00543,0.543
94.97,0.00543,0.543
94.98,0.00543,0.543
94.99,0.00543,0.543
95.01,0.00543,0.543
95.02,0.00543,0.543
95.03,0.00544,0.544
95.04,0.00544,0.544
95.05,0.00544,0.544
95.06,0.00544,0.544
95.08,0.00544,0.544
95.09,0.00544,0.544
95.10,0.00544,0.544
95.11,0.00544,0.544
95.12,0.00544,0.544
95.13,0.00545,0.545
95.15,0.00545,0.545
95.16,0.00545,0.545
95.17,0.00545,0.545
95.18,0.00545,0.545
95.19,0.00545,0.545
95.20,0.00545,0.545
95.22,0.00545,0.545
95.23,0.00545,0.545
95.24,0.00545,0.545
95.25,0.00546,0.546
95.26,0.00546,0.546
95.27,0.00546,0.546
95.29,0.00546,0.546
95.30,0.00546,0.546
95.31,0.00546,0.546
95.32,0.00546,0.546
95.33,0.00546,0.546
95.34,0.00546,0.546
95.36,0.00546,0.546
95.37,0.00547,0.547
95.38,0.00547,0.547
95.39,0.00547,0.547
95.40,0.00547,0.547
95.41,0.00547,0.547
95.43,0.00547,0.547
95.44,0.00547,0.547
95.45,0.00547,0.547
95.46,0.00547,0.547
95.47,0.00547,0.547
95.48,0.00548,0.548
95.50,0.00548,0.548
95.51,0.00548,0.548
95.52,0.00548,0.548
95.53,0.00548,0.548
95.54,0.00548,0.548
95.55,0.00548,0.548
95.56,0.00548,0.548
95.58,0.00548,0.548
95.59,0.00549,0.549
95.60,0.00549,0.549
95.61,0.00549,0.549
95.62,0.00549,0.549
95.63,0.00549,0.549
95.65,0.00549,0.549
95.66,0.00549,0.549
95.67,0.00549,0.549
95.68,0.00549,0.549
95.69,0.00549,0.549
95.70,0.00550,0.550
95.71,0.00550,0.550
95.73,0.00550,0.550
95.74,0.00550,0.550
95.75,0.00550,0.550
95.76,0.00550,0.550
95.77,0.00550,0.550
95.78,0.00550,0.550
95.79,0.00550,0.550
95.81,0.00550,0.550
95.82,0.00551,0.551
95.83,0.00551,0.551
95.84,0.00551,0.551
95.85,0.00551,0.551
95.86,0.00551,0.551
95.87,0.00551,0.551
95.89,0.00551,0.551
95.90,0.00551,0.551
95.91,0.00551,0.551
95.92,0.00551,0.551
95.93,0.00552,0.552
95.94,0.00552,0.552
95.95,0.00552,0.552
95.97,0.00552,0.552
95.98,0.00552,0.552
95.99,0.00552,0.552
96.00,0.00552,0.552
96.01,0.00552,0.552
96.02,0.00552,0.552
96.03,0.00552,0.552
96.04,0.00553,0.553
96.06,0.00553,0.553
96.07,0.00553,0.553
96.08,0.00553,0.553
96.09,0.00553,0.553
96.10,0.00553,0.553
96.11,0.00553,0.553
96.12,0.00553,0.553
96.14,0.00553,0.553
96.15,0.00553,0.553
96.16,0.00554,0.554
96.17,0.00554,0.554
96.18,0.00554,0.554
96.19,0.00554,0.554
96.20,0.00554,0.554
96.21,0.00554,0.554
96.23,0.00554,0.554
96.24,0.00554,0.554
96.25,0.00554,0.554
96.26,0.00554,0.554
96.27,0.00555,0.555
96.28,0.00555,0.555
96.29,0.00555,0.555
96.30,0.00555,0.555
96.32,0.00555,0.555
96.33,0.00555,0.555
96.34,0.00555,0.555
96.35,0.00555,0.555
96.36,0.00555,0.555
96.37,0.00555,0.555
96.38,0.00556,0.556
96.39,0.00556,0.556
96.40,0.00556,0.556
96.42,0.00556,0.556
96.43,0.00556,0.556
96.44,0.00556,0.556
96.45,0.00556,0.556
96.46,0.00556,0.556
96.47,0.00556,0.556
96.48,0.00556,0.556
96.49,0.00557,0.557
96.51,0.00557,0.557
96.52,0.00557,0.557
96.53,0.00557,0.557
96.54,0.00557,0.557
96.55,0.00557,0.557
96.56,0.00557,0.557
96.57,0.00557,0.557
96.58,0.00557,0.557
96.59,0.00557,0.557
96.61,0.00558,0.558
96.62,0.00558,0.558
96.63,0.00558,0.558
96.64,0.00558,0.558
96.65,0.00558,0.558
96.66,0.00558,0.558
96.67,0.00558,0.558
96.68,0.00558,0.558
96.69,0.00558,0.558
96.70,0.00558,0.558
96.72,0.00558,0.558
96.73,0.00559,0.559
96.74,0.00559,0.559
96.75,0.00559,0.559
96.76,0.00559,0.559
96.77,0.00559,0.559
96.78,0.00559,0.559
96.79,0.00559,0.559
96.80,0.00559,0.559
96.82,0.00559,0.559
96.83,0.00559,0.559
96.84,0.00560,0.560
96.85,0.00560,0.560
96.86,0.00560,0.560
96.87,0.00560,0.560
96.88,0.00560,0.560
96.89,0.00560,0.560
96.90,0.00560,0.560
96.91,0.00560,0.560
96.92,0.00560,0.560
96.94,0.00560,0.560
96.95,0.00561,0.561
96.96,0.00561,0.561
96.97,0.00561,0.561
96.98,0.00561,0.561
96.99,0.00561,0.561
97.00,0.00561,0.561
97.01,0.00561,0.561
97.02,0.00561,0.561
97.03,0.00561,0.561
97.05,0.00561,0.561
97.06,0.00562,0.562
97.07,0.00562,0.562
97.08,0.00562,0.562
97.09,0.00562,0.562
97.10,0.00562,0.562
97.11,0.00562,0.562
97.12,0.00562,0.562
97.13,0.00562,0.562
97.14,0.00562,0.562
97.15,0.00562,0.562
97.17,0.00562,0.562
97.18,0.00563,0.563
97.19,0.00563,0.563
97.20,0.00563,0.563
97.21,0.00563,0.563
97.22,0.00563,0.563
97.23,0.00563,0.563
97.24,0.00563,0.563
97.25,0.00563,0.563
97.26,0.00563,0.563
97.27,0.00563,0.563
97.28,0.00564,0.564
97.30,0.00564,0.564
97.31,0.00564,0.564
97.32,0.00564,0.564
97.33,0.00564,0.564
97.34,0.00564,0.564
97.35,0.00564,0.564
97.36,0.00564,0.564
97.37,0.00564,0.564
97.38,0.00564,0.564
97.39,0.00565,0.565
97.40,0.00565,0.565
97.41,0.00565,0.565
97.43,0.00565,0.565
97.44,0.00565,0.565
97.45,0.00565,0.565
97.46,0.00565,0.565
97.47,0.00565,0.565
97.48,0.00565,0.565
97.49,0.00565,0.565
97.50,0.00565,0.565
97.51,0.00566,0.566
97.52,0.00566,0.566
97.53,0.00566,0.566
97.54,0.00566,0.566
97.55,0.00566,0.566
97.56,0.00566,0.566
97.58,0.00566,0.566
97.59,0.00566,0.566
97.60,0.00566,0.566
97.61,0.00566,0.566
97.62,0.00567,0.567
97.63,0.00567,0.567
97.64,0.00567,0.567
97.65,0.00567,0.567
97.66,0.00567,0.567
97.67,0.00567,0.567
97.68,0.00567,0.567
97.69,0.00567,0.567
97.70,0.00567,0.567
97.71,0.00567,0.567
97.73,0.00567,0.567
97.74,0.00568,0.568
97.75,0.00568,0.568
97.76,0.00568,0.568
97.77,0.00568,0.568
97.78,0.00568,0.568
97.79,0.00568,0.568
97.80,0.00568,0.568
97.81,0.00568,0.568
97.82,0.00568,0.568
97.83,0.00568,0.568
97.84,0.00569,0.569
97.85,0.00569,0.569
97.86,0.00569,0.569
97.87,0.00569,0.569
97.88,0.00569,0.569
97.90,0.00569,0.569
97.91,0.00569,0.569
97.92,0.00569,0.569
97.93,0.00569,0.569
97.94,0.00569,0.569
97.95,0.00569,0.569
97.96,0.00570,0.570
97.97,0.00570,0.570
97.98,0.00570,0.570
97.99,0.00570,0.570
98.00,0.00570,0.570
98.01,0.00570,0.570
98.02,0.00570,0.570
98.03,0.00570,0.570
98.04,0.00570,0.570
98.05,0.00570,0.570
98.06,0.00570,0.570
98.08,0.00571,0.571
98.09,0.00571,0.571
98.10,0.00571,0.571
98.11,0.00571,0.571
98.12,0.00571,0.571
98.13,0.00571,0.571
98.14,0.00571,0.571
98.15,0.00571,0.571
98.16,0.00571,0.571
98.17,0.00571,0.571
98.18,0.00572,0.572
98.19,0.00572,0.572
98.20,0.00572,0.572
98.21,0.00572,0.572
98.22,0.00572,0.572
98.23,0.00572,0.572
98.24,0.00572,0.572
98.25,0.00572,0.572
98.26,0.00572,0.572
98.27,0.00572,0.572
98.29,0.00572,0.572
98.30,0.00573,0.573
98.31,0.00573,0.573
98.32,0.00573,0.573
98.33,0.00573,0.573
98.34,0.00573,0.573
98.35,0.00573,0.573
98.36,0.00573,0.573
98.37,0.00573,0.573
98.38,0.00573,0.573
98.39,0.00573,0.573
98.40,0.00573,0.573
98.41,0.00574,0.574
98.42,0.00574,0.574
98.43,0.00574,0.574
98.44,0.00574,0.574
98.45,0.00574,0.574
98.46,0.00574,0.574
98.47,0.00574,0.574
98.48,0.00574,0.574
98.49,0.00574,0.574
98.50,0.00574,0.574
98.51,0.00574,0.574
98.53,0.00575,0.575
98.54,0.00575,0.575
98.55,0.00575,0.575
98.56,0.00575,0.575
98.57,0.00575,0.575
98.58,0.00575,0.575
98.59,0.00575,0.575
98.60,0.00575,0.575
98.61,0.00575,0.575
98.62,0.00575,0.575
98.63,0.00576,0.576
98.64,0.00576,0.576
98.65,0.00576,0.576
98.66,0.00576,0.576
98.67,0.00576,0.576
98.68,0.00576,0.576
98.69,0.00576,0.576
98.70,0.00576,0.576
98.71,0.00576,0.576
98.72,0.00576,0.576
98.73,0.00576,0.576
98.74,0.00577,0.577
98.75,0.00577,0.577
98.76,0.00577,0.577
98.77,0.00577,0.577
98.78,0.00577,0.577
98.79,0.00577,0.577
98.80,0.00577,0.577
98.81,0.00577,0.577
98.82,0.00577,0.577
98.83,0.00577,0.577
98.85,0.00577,0.577
98.86,0.00578,0.578
98.87,0.00578,0.578
98.88,0.00578,0.578
98.89,0.00578,0.578
98.90,0.00578,0.578
98.91,0.00578,0.578
98.92,0.00578,0.578
98.93,0.00578,0.578
98.94,0.00578,0.578
98.95,0.00578,0.578
98.96,0.00578,0.578
98.97,0.00579,0.579
98.98,0.00579,0.579
98.99,0.00579,0.579
99.00,0.00579,0.579
99.01,0.00579,0.579
99.02,0.00579,0.579
99.03,0.00579,0.579
99.04,0.00579,0.579
99.05,0.00579,0.579
99.06,0.00579,0.579
99.07,0.00579,0.579
99.08,0.00580,0.580
99.09,0.00580,0.580
99.10,0.00580,0.580
99.11,0.00580,0.580
99.12,0.00580,0.580
99.13,0.00580,0.580
99.14,0.00580,0.580
99.15,0.00580,0.580
99.16,0.00580,0.580
99.17,0.00580,0.580
99.18,0.00580,0.580
99.19,0.00581,0.581
99.20,0.00581,0.581
99.21,0.00581,0.581
99.22,0.00581,0.581
99.23,0.00581,0.581
99.24,0.00581,0.581
99.25,0.00581,0.581
99.26,0.00581,0.581
99.27,0.00581,0.581
99.28,0.00581,0.581
99.29,0.00581,0.581
99.30,0.00582,0.582
99.31,0.00582,0.582
99.32,0.00582,0.582
99.33,0.00582,0.582
99.34,0.00582,0.582
99.35,0.00582,0.582
99.36,0.00582,0.582
99.37,0.00582,0.582
99.38,0.00582,0.582
99.40,0.00582,0.582
99.41,0.00582,0.582
99.42,0.00583,0.583
99.43,0.00583,0.583
99.44,0.00583,0.583
99.45,0.00583,0.583
99.46,0.00583,0.583
99.47,0.00583,0.583
99.48,0.00583,0.583
99.49,0.00583,0.583
99.50,0.00583,0.583
99.51,0.00583,0.583
99.52,0.00583,0.583
99.53,0.00584,0.584
99.54,0.00584,0.584
99.55,0.00584,0.584
99.56,0.00584,0.584
99.57,0.00584,0.584
99.58,0.00584,0.584
99.59,0.00584,0.584
99.60,0.00584,0.584
99.61,0.00584,0.584
99.62,0.00584,0.584
99.63,0.00584,0.584
99.64,0.00584,0.584
99.65,0.00585,0.585
99.66,0.00585,0.585
99.67,0.00585,0.585
99.68,0.00585,0.585
99.69,0.00585,0.585
99.70,0.00585,0.585
99.71,0.00585,0.585
99.72,0.00585,0.585
99.73,0.00585,0.585
99.74,0.00585,0.585
99.75,0.00585,0.585
99.76,0.00586,0.586
99.77,0.00586,0.586
99.78,0.00586,0.586
99.79,0.00586,0.586
99.80,0.00586,0.586
99.81,0.00586,0.586
99.82,0.00586,0.586
99.83,0.00586,0.586
99.84,0.00586,0.586
99.85,0.00586,0.586
99.86,0.00586,0.586
99.87,0.00587,0.587
99.88,0.00587,0.587
99.89,0.00587,0.587
99.90,0.00587,0.587
99.91,0.00587,0.587
99.92,0.00587,0.587
99.93,0.00587,0.587
99.94,0.00587,0.587
99.95,0.00587,0.587
99.96,0.00587,0.587
99.96,0.00587,0.587
99.97,0.00588,0.588
99.98,0.00588,0.588
99.99,0.00588,0.588
100.00,0.00588,0.588
100.01,0.00588,0.588
100.02,0.00588,0.588
100.03,0.00588,0.588
100.04,0.00588,0.588
100.05,0.00588,0.588
100.06,0.00588,0.588
100.07,0.00588,0.588
100.08,0.00588,0.588
100.09,0.00589,0.589
100.10,0.00589,0.589
100.11,0.00589,0.589
100.12,0.00589,0.589
100.13,0.00589,0.589
100.14,0.00589,0.589
100.15,0.00589,0.589
100.16,0.00589,0.589
100.17,0.00589,0.589
100.18,0.00589,0.589
100.19,0.00589,0.589
100.20,0.00590,0.590
100.21,0.00590,0.590
100.22,0.00590,0.590
100.23,0.00590,0.590
100.24,0.00590,0.590
100.25,0.00590,0.590
100.26,0.00590,0.590
100.27,0.00590,0.590
100.28,0.00590,0.590
100.29,0.00590,0.590
100.30,0.00590,0.590
100.31,0.00590,0.590
100.32,0.00591,0.591
100.33,0.00591,0.591
100.34,0.00591,0.591
100.35,0.00591,0.591
100.36,0.00591,0.591
100.37,0.00591,0.591
100.38,0.00591,0.591
100.39,0.00591,0.591
100.40,0.00591,0.591
100.41,0.00591,0.591
100.42,0.00591,0.591
100.43,0.00592,0.592
100.44,0.00592,0.592
100.45,0.00592,0.592
100.46,0.00592,0.592
100.47,0.00592,0.592
100.48,0.00592,0.592
100.49,0.00592,0.592
100.50,0.00592,0.592
100.51,0.00592,0.592
100.51,0.00592,0.592
100.52,0.00592,0.592
100.53,0.00592,0.592
100.54,0.00593,0.593
100.55,0.00593,0.593
100.56,0.00593,0.593
100.57,0.00593,0.593
100.58,0.00593,0.593
100.59,0.00593,0.593
100.60,0.00593,0.593
100.61,0.00593,0.593
100.62,0.00593,0.593
100.63,0.00593,0.593
100.64,0.00593,0.593
100.65,0.00594,0.594
100.66,0.00594,0.594
100.67,0.00594,0.594
100.68,0.00594,0.594
100.69,0.00594,0.594
100.70,0.00594,0.594
100.71,0.00594,0.594
100.72,0.00594,0.594
100.73,0.00594,0.594
100.74,0.00594,0.594
100.75,0.00594,0.594
100.76,0.00594,0.594
100.77,0.00595,0.595
100.78,0.00595,0.595
100.79,0.00595,0.595
100.80,0.00595,0.595
100.81,0.00595,0.595
100.82,0.00595,0.595
100.83,0.00595,0.595
100.84,0.00595,0.595
100.84,0.00595,0.595
100.85,0.00595,0.595
100.86,0.00595,0.595
100.87,0.00596,0.596
100.88,0.00596,0.596
100.89,0.00596,0.596
100.90,0.00596,0.596
100.91,0.00596,0.596
100.92,0.00596,0.596
100.93,0.00596,0.596
100.94,0.00596,0.596
100.95,0.00596,0.596
100.96,0.00596,0.596
100.97,0.00596,0.596
100.98,0.00596,0.596
100.99,0.00597,0.597
101.00,0.00597,0.597
101.01,0.00597,0.597
101.02,0.00597,0.597
101.03,0.00597,0.597
101.04,0.00597,0.597
101.05,0.00597,0.597
101.06,0.00597,0.597
101.07,0.00597,0.597
101.08,0.00597,0.597
101.09,0.00597,0.597
101.10,0.00597,0.597
101.11,0.00598,0.598
101.11,0.00598,0.598
101.12,0.00598,0.598
101.13,0.00598,0.598
101.14,0.00598,0.598
101.15,0.00598,0.598
101.16,0.00598,0.598
101.17,0.00598,0.598
101.18,0.00598,0.598
101.19,0.00598,0.598
101.20,0.00598,0.598
101.21,0.00599,0.599
101.22,0.00599,0.599
101.23,0.00599,0.599
101.24,0.00599,0.599
101.25,0.00599,0.599
101.26,0.00599,0.599
101.27,0.00599,0.599
101.28,0.00599,0.599
101.29,0.00599,0.599
101.30,0.00599,0.599
101.31,0.00599,0.599
101.32,0.00599,0.599
101.33,0.00600,0.600
101.34,0.00600,0.600
101.35,0.00600,0.600
101.36,0.00600,0.600
101.36,0.00600,0.600
101.37,0.00600,0.600
101.38,0.00600,0.600
101.39,0.00600,0.600
101.40,0.00600,0.600
101.41,0.00600,0.600
101.42,0.00600,0.600
101.43,0.00600,0.600
101.44,0.00601,0.601
101.45,0.00601,0.601
101.46,0.00601,0.601
101.47,0.00601,0.601
101.48,0.00601,0.601
101.49,0.00601,0.601
101.50,0.00601,0.601
101.51,0.00601,0.601
101.52,0.00601,0.601
101.53,0.00601,0.601
101.54,0.00601,0.601
101.55,0.00602,0.602
101.56,0.00602,0.602
101.57,0.00602,0.602
101.58,0.00602,0.602
101.59,0.00602,0.602
101.60,0.00602,0.602
101.61,0.00602,0.602
101.61,0.00602,0.602
101.62,0.00602,0.602
101.63,0.00602,0.602
101.64,0.00602,0.602
101.65,0.00602,0.602
101.66,0.00603,0.603
101.67,0.00603,0.603
101.68,0.00603,0.603
101.69,0.00603,0.603
101.70,0.00603,0.603
101.71,0.00603,0.603
101.72,0.00603,0.603
101.73,0.00603,0.603
101.74,0.00603,0.603
101.75,0.00603,0.603
101.76,0.00603,0.603
101.77,0.00604,0.604
101.78,0.00604,0.604
101.79,0.00604,0.604
101.80,0.00604,0.604
101.81,0.00604,0.604
101.82,0.00604,0.604
101.83,0.00604,0.604
101.84,0.00604,0.604
101.85,0.00604,0.604
101.86,0.00604,0.604
101.87,0.00604,0.604
101.87,0.00604,0.604
101.88,0.00605,0.605
101.89,0.00605,0.605
101.90,0.00605,0.605
101.91,0.00605,0.605
101.92,0.00605,0.605
101.93,0.00605,0.605
101.94,0.00605,0.605
101.95,0.00605,0.605
101.96,0.00605,0.605
101.97,0.00605,0.605
101.98,0.00605,0.605
101.99,0.00605,0.605
102.00,0.00606,0.606
102.01,0.00606,0.606
102.02,0.00606,0.606
102.03,0.00606,0.606
102.04,0.00606,0.606
102.05,0.00606,0.606
102.06,0.00606,0.606
102.07,0.00606,0.606
102.08,0.00606,0.606
102.09,0.00606,0.606
102.10,0.00606,0.606
102.11,0.00607,0.607
102.12,0.00607,0.607
102.13,0.00607,0.607
102.14,0.00607,0.607
102.15,0.00607,0.607
102.15,0.00607,0.607
102.16,0.00607,0.607
102.17,0.00607,0.607
102.18,0.00607,0.607
102.19,0.00607,0.607
102.20,0.00607,0.607
102.21,0.00607,0.607
102.22,0.00608,0.608
102.23,0.00608,0.608
102.24,0.00608,0.608
102.25,0.00608,0.608
102.26,0.00608,0.608
102.27,0.00608,0.608
102.28,0.00608,0.608
102.29,0.00608,0.608
102.30,0.00608,0.608
102.31,0.00608,0.608
102.32,0.00608,0.608
102.33,0.00609,0.609
102.34,0.00609,0.609
102.35,0.00609,0.609
102.36,0.00609,0.609
102.37,0.00609,0.609
102.38,0.00609,0.609
102.39,0.00609,0.609
102.40,0.00609,0.609
102.41,0.00609,0.609
102.42,0.00609,0.609
102.43,0.00609,0.609
102.44,0.00609,0.609
102.45,0.00610,0.610
102.45,0.00610,0.610
102.46,0.00610,0.610
102.47,0.00610,0.610
102.48,0.00610,0.610
102.49,0.00610,0.610
102.50,0.00610,0.610
102.51,0.00610,0.610
102.52,0.00610,0.610
102.53,0.00610,0.610
102.54,0.00610,0.610
102.55,0.00611,0.611
102.56,0.00611,0.611
102.57,0.00611,0.611
102.58,0.00611,0.611
102.59,0.00611,0.611
102.60,0.00611,0.611
102.61,0.00611,0.611
102.62,0.00611,0.611
102.63,0.00611,0.611
102.64,0.00611,0.611
102.65,0.00611,0.611
102.66,0.00611,0.611
102.67,0.00612,0.612
102.68,0.00612,0.612
102.69,0.00612,0.612
102.70,0.00612,0.612
102.71,0.00612,0.612
102.72,0.00612,0.612
102.73,0.00612,0.612
102.74,0.00612,0.612
102.75,0.00612,0.612
102.76,0.00612,0.612
102.76,0.00612,0.612
102.77,0.00613,0.613
102.78,0.00613,0.613
102.79,0.00613,0.613
102.80,0.00613,0.613
102.81,0.00613,0.613
102.82,0.00613,0.613
102.83,0.00613,0.613
102.84,0.00613,0.613
102.85,0.00613,0.613
102.86,0.00613,0.613
102.87,0.00613,0.613
102.88,0.00613,0.613
102.89,0.00614,0.614
102.90,0.00614,0.614
102.91,0.00614,0.614
102.92,0.00614,0.614
102.93,0.00614,0.614
102.94,0.00614,0.614
102.95,0.00614,0.614
102.96,0.00614,0.614
102.97,0.00614,0.614
102.98,0.00614,0.614
102.99,0.00614,0.614
103.00,0.00615,0.615
103.01,0.00615,0.615
103.02,0.00615,0.615
103.03,0.00615,0.615
103.04,0.00615,0.615
103.05,0.00615,0.615
103.05,0.00615,0.615
103.06,0.00615,0.615
103.07,0.00615,0.615
103.08,0.00615,0.615
103.09,0.00615,0.615
103.10,0.00615,0.615
103.11,0.00616,0.616
103.12,0.00616,0.616
103.13,0.00616,0.616
103.14,0.00616,0.616
103.15,0.00616,0.616
103.16,0.00616,0.616
103.17,0.00616,0.616
103.18,0.00616,0.616
103.19,0.00616,0.616
103.20,0.00616,0.616
103.21,0.00616,0.616
103.22,0.00617,0.617
103.23,0.00617,0.617
103.24,0.00617,0.617
103.25,0.00617,0.617
103.26,0.00617,0.617
103.27,0.00617,0.617
103.28,0.00617,0.617
103.29,0.00617,0.617
103.30,0.00617,0.617
103.31,0.00617,0.617
103.31,0.00617,0.617
103.32,0.00617,0.617
103.33,0.00618,0.618
103.34,0.00618,0.618
103.35,0.00618,0.618
103.36,0.00618,0.618
103.37,0.00618,0.618
103.38,0.00618,0.618
103.39,0.00618,0.618
103.40,0.00618,0.618
103.41,0.00618,0.618
103.42,0.00618,0.618
103.43,0.00618,0.618
103.44,0.00619,0.619
103.45,0.00619,0.619
103.46,0.00619,0.619
103.47,0.00619,0.619
103.48,0.00619,0.619
103.49,0.00619,0.619
103.50,0.00619,0.619
103.51,0.00619,0.619
103.52,0.00619,0.619
103.53,0.00619,0.619
103.54,0.00619,0.619
103.54,0.00619,0.619
103.55,0.00620,0.620
103.56,0.00620,0.620
103.57,0.00620,0.620
103.58,0.00620,0.620
103.59,0.00620,0.620
103.60,0.00620,0.620
103.61,0.00620,0.620
103.62,0.00620,0.620
103.63,0.00620,0.620
103.64,0.00620,0.620
103.65,0.00620,0.620
103.66,0.00620,0.620
103.67,0.00621,0.621
103.68,0.00621,0.621
103.69,0.00621,0.621
103.70,0.00621,0.621
103.71,0.00621,0.621
103.72,0.00621,0.621
103.73,0.00621,0.621
103.74,0.00621,0.621
103.75,0.00621,0.621
103.75,0.00621,0.621
103.76,0.00621,0.621
103.77,0.00622,0.622
103.78,0.00622,0.622
103.79,0.00622,0.622
103.80,0.00622,0.622
103.81,0.00622,0.622
103.82,0.00622,0.622
103.83,0.00622,0.622
103.84,0.00622,0.622
103.85,0.00622,0.622
103.86,0.00622,0.622
103.87,0.00622,0.622
103.88,0.00622,0.622
103.89,0.00623,0.623
103.90,0.00623,0.623
103.91,0.00623,0.623
103.92,0.00623,0.623
103.93,0.00623,0.623
103.94,0.00623,0.623
103.94,0.00623,0.623
103.95,0.00623,0.623
103.96,0.00623,0.623
103.97,0.00623,0.623
103.98,0.00623,0.623
103.99,0.00623,0.623
104.00,0.00624,0.624
104.01,0.00624,0.624
104.02,0.00624,0.624
104.03,0.00624,0.624
104.04,0.00624,0.624
104.05,0.00624,0.624
104.06,0.00624,0.624
104.07,0.00624,0.624
104.08,0.00624,0.624
104.09,0.00624,0.624
104.10,0.00624,0.624
104.11,0.00625,0.625
104.12,0.00625,0.625
104.13,0.00625,0.625
104.13,0.00625,0.625
104.14,0.00625,0.625
104.15,0.00625,0.625
104.16,0.00625,0.625
104.17,0.00625,0.625
104.18,0.00625,0.625
104.19,0.00625,0.625
104.20,0.00625,0.625
104.21,0.00625,0.625
104.22,0.00626,0.626
104.23,0.00626,0.626
104.24,0.00626,0.626
104.25,0.00626,0.626
104.26,0.00626,0.626
104.27,0.00626,0.626
104.28,0.00626,0.626
104.29,0.00626,0.626
104.30,0.00626,0.626
104.31,0.00626,0.626
104.31,0.00626,0.626
104.32,0.00626,0.626
104.33,0.00627,0.627
104.34,0.00627,0.627
104.35,0.00627,0.627
104.36,0.00627,0.627
104.37,0.00627,0.627
104.38,0.00627,0.627
104.39,0.00627,0.627
104.40,0.00627,0.627
104.41,0.00627,0.627
104.42,0.00627,0.627
104.43,0.00627,0.627
104.44,0.00627,0.627
104.45,0.00628,0.628
104.46,0.00628,0.628
104.47,0.00628,0.628
104.48,0.00628,0.628
104.48,0.00628,0.628
104.49,0.00628,0.628
104.50,0.00628,0.628
104.51,0.00628,0.628
104.52,0.00628,0.628
104.53,0.00628,0.628
104.54,0.00628,0.628
104.55,0.00629,0.629
104.56,0.00629,0.629
104.57,0.00629,0.629
104.58,0.00629,0.629
104.59,0.00629,0.629
104.60,0.00629,0.629
104.61,0.00629,0.629
104.62,0.00629,0.629
104.63,0.00629,0.629
104.64,0.00629,0.629
104.65,0.00629,0.629
104.65,0.00629,0.629
104.66,0.00630,0.630
104.67,0.00630,0.630
104.68,0.00630,0.630
104.69,0.00630,0.630
104.70,0.00630,0.630
104.71,0.00630,0.630
104.72,0.00630,0.630
104.73,0.00630,0.630
104.74,0.00630,0.630
104.75,0.00630,0.630
104.76,0.00630,0.630
104.77,0.00630,0.630
104.78,0.00631,0.631
104.79,0.00631,0.631
104.80,0.00631,0.631
104.81,0.00631,0.631
104.82,0.00631,0.631
104.82,0.00631,0.631
104.83,0.00631,0.631
104.84,0.00631,0.631
104.85,0.00631,0.631
104.86,0.00631,0.631
104.87,0.00631,0.631
104.88,0.00631,0.631
104.89,0.00632,0.632
104.90,0.00632,0.632
104.91,0.00632,0.632
104.92,0.00632,0.632
104.93,0.00632,0.632
104.94,0.00632,0.632
104.95,0.00632,0.632
104.96,0.00632,0.632
104.97,0.00632,0.632
104.98,0.00632,0.632
104.99,0.00632,0.632
104.99,0.00632,0.632
105.00,0.00633,0.633
105.01,0.00633,0.633
105.02,0.00633,0.633
105.03,0.00633,0.633
105.04,0.00633,0.633
105.05,0.00633,0.633
105.06,0.00633,0.633
105.07,0.00633,0.633
105.08,0.00633,0.633
105.09,0.00633,0.633
105.10,0.00633,0.633
105.11,0.00634,0.634
105.12,0.00634,0.634
105.13,0.00634,0.634
105.14,0.00634,0.634
105.15,0.00634,0.634
105.16,0.00634,0.634
105.16,0.00634,0.634
105.17,0.00634,0.634
105.18,0.00634,0.634
105.19,0.00634,0.634
105.20,0.00634,0.634
105.21,0.00634,0.634
105.22,0.00635,0.635
105.23,0.00635,0.635
105.24,0.00635,0.635
105.25,0.00635,0.635
105.26,0.00635,0.635
105.27,0.00635,0.635
105.28,0.00635,0.635
105.29,0.00635,0.635
105.30,0.00635,0.635
105.31,0.00635,0.635
105.32,0.00635,0.635
105.32,0.00635,0.635
105.33,0.00636,0.636
105.34,0.00636,0.636
105.35,0.00636,0.636
105.36,0.00636,0.636
105.37,0.00636,0.636
105.38,0.00636,0.636
105.39,0.00636,0.636
105.40,0.00636,0.636
105.41,0.00636,0.636
105.42,0.00636,0.636
105.43,0.00636,0.636
105.44,0.00636,0.636
105.45,0.00637,0.637
105.46,0.00637,0.637
105.47,0.00637,0.637
105.48,0.00637,0.637
105.49,0.00637,0.637
105.49,0.00637,0.637
105.50,0.00637,0.637
105.51,0.00637,0.637
105.52,0.00637,0.637
105.53,0.00637,0.637
105.54,0.00637,0.637
105.55,0.00638,0.638
105.56,0.00638,0.638
105.57,0.00638,0.638
105.58,0.00638,0.638
105.59,0.00638,0.638
105.60,0.00638,0.638
105.61,0.00638,0.638
105.62,0.00638,0.638
105.63,0.00638,0.638
105.64,0.00638,0.638
105.65,0.00638,0.638
105.66,0.00638,0.638
105.66,0.00639,0.639
105.67,0.00639,0.639
105.68,0.00639,0.639
105.69,0.00639,0.639
105.70,0.00639,0.639
105.71,0.00639,0.639
105.72,0.00639,0.639
105.73,0.00639,0.639
105.74,0.00639,0.639
105.75,0.00639,0.639
105.76,0.00639,0.639
105.77,0.00639,0.639
105.78,0.00640,0.640
105.79,0.00640,0.640
105.80,0.00640,0.640
105.81,0.00640,0.640
105.82,0.00640,0.640
105.83,0.00640,0.640
105.83,0.00640,0.640
105.84,0.00640,0.640
105.85,0.00640,0.640
105.86,0.00640,0.640
105.87,0.00640,0.640
105.88,0.00641,0.641
105.89,0.00641,0.641
105.90,0.00641,0.641
105.91,0.00641,0.641
105.92,0.00641,0.641
105.93,0.00641,0.641
105.94,0.00641,0.641
105.95,0.00641,0.641
105.96,0.00641,0.641
105.97,0.00641,0.641
105.98,0.00641,0.641
105.99,0.00641,0.641
106.00,0.00642,0.642
106.00,0.00642,0.642
106.01,0.00642,0.642
106.02,0.00642,0.642
106.03,0.00642,0.642
106.04,0.00642,0.642
106.05,0.00642,0.642
106.06,0.00642,0.642
106.07,0.00642,0.642
106.08,0.00642,0.642
106.09,0.00642,0.642
106.10,0.00642,0.642
106.11,0.00643,0.643
106.12,0.00643,0.643
106.13,0.00643,0.643
106.14,0.00643,0.643
106.15,0.00643,0.643
106.16,0.00643,0.643
106.17,0.00643,0.643
106.17,0.00643,0.643
106.18,0.00643,0.643
106.19,0.00643,0.643
106.20,0.00643,0.643
106.21,0.00644,0.644
106.22,0.00644,0.644
106.23,0.00644,0.644
106.24,0.00644,0.644
106.25,0.00644,0.644
106.26,0.00644,0.644
106.27,0.00644,0.644
106.28,0.00644,0.644
106.29,0.00644,0.644
106.30,0.00644,0.644
106.31,0.00644,0.644
106.32,0.00644,0.644
106.33,0.00645,0.645
106.34,0.00645,0.645
106.34,0.00645,0.645
106.35,0.00645,0.645
106.36,0.00645,0.645
106.37,0.00645,0.645
106.38,0.00645,0.645
106.39,0.00645,0.645
106.40,0.00645,0.645
106.41,0.00645,0.645
106.42,0.00645,0.645
106.43,0.00645,0.645
106.44,0.00646,0.646
106.45,0.00646,0.646
106.46,0.00646,0.646
106.47,0.00646,0.646
106.48,0.00646,0.646
106.49,0.00646,0.646
106.50,0.00646,0.646
106.51,0.00646,0.646
106.52,0.00646,0.646
106.52,0.00646,0.646
106.53,0.00646,0.646
106.54,0.00646,0.646
106.55,0.00647,0.647
106.56,0.00647,0.647
106.57,0.00647,0.647
106.58,0.00647,0.647
106.59,0.00647,0.647
106.60,0.00647,0.647
106.61,0.00647,0.647
106.62,0.00647,0.647
106.63,0.00647,0.647
106.64,0.00647,0.647
106.65,0.00647,0.647
106.66,0.00648,0.648
106.67,0.00648,0.648
106.68,0.00648,0.648
106.69,0.00648,0.648
106.69,0.00648,0.648
106.70,0.00648,0.648
106.71,0.00648,0.648
106.72,0.00648,0.648
106.73,0.00648,0.648
106.74,0.00648,0.648
106.75,0.00648,0.648
106.76,0.00648,0.648
106.77,0.00649,0.649
106.78,0.00649,0.649
106.79,0.00649,0.649
106.80,0.00649,0.649
106.81,0.00649,0.649
106.82,0.00649,0.649
106.83,0.00649,0.649
106.84,0.00649,0.649
106.85,0.00649,0.649
106.86,0.00649,0.649
106.86,0.00649,0.649
106.87,0.00649,0.649
106.88,0.00650,0.650
106.89,0.00650,0.650
106.90,0.00650,0.650
106.91,0.00650,0.650
106.92,0.00650,0.650
106.93,0.00650,0.650
106.94,0.00650,0.650
106.95,0.00650,0.650
106.96,0.00650,0.650
106.97,0.00650,0.650
106.98,0.00650,0.650
106.99,0.00651,0.651
107.00,0.00651,0.651
107.01,0.00651,0.651
107.02,0.00651,0.651
107.02,0.00651,0.651
107.03,0.00651,0.651
107.04,0.00651,0.651
107.05,0.00651,0.651
107.06,0.00651,0.651
107.07,0.00651,0.651
107.08,0.00651,0.651
107.09,0.00651,0.651
107.10,0.00652,0.652
107.11,0.00652,0.652
107.12,0.00652,0.652
107.13,0.00652,0.652
107.14,0.00652,0.652
107.15,0.00652,0.652
107.16,0.00652,0.652
107.17,0.00652,0.652
107.18,0.00652,0.652
107.18,0.00652,0.652
107.19,0.00652,0.652
107.20,0.00652,0.652
107.21,0.00653,0.653
107.22,0.00653,0.653
107.23,0.00653,0.653
107.24,0.00653,0.653
107.25,0.00653,0.653
107.26,0.00653,0.653
107.27,0.00653,0.653
107.28,0.00653,0.653
107.29,0.00653,0.653
107.30,0.00653,0.653
107.31,0.00653,0.653
107.32,0.00654,0.654
107.33,0.00654,0.654
107.34,0.00654,0.654
107.34,0.00654,0.654
107.35,0.00654,0.654
107.36,0.00654,0.654
107.37,0.00654,0.654
107.38,0.00654,0.654
107.39,0.00654,0.654
107.40,0.00654,0.654
107.41,0.00654,0.654
107.42,0.00654,0.654
107.43,0.00655,0.655
107.44,0.00655,0.655
107.45,0.00655,0.655
107.46,0.00655,0.655
107.47,0.00655,0.655
107.48,0.00655,0.655
107.49,0.00655,0.655
107.49,0.00655,0.655
107.50,0.00655,0.655
107.51,0.00655,0.655
107.52,0.00655,0.655
107.53,0.00655,0.655
107.54,0.00656,0.656
107.55,0.00656,0.656
107.56,0.00656,0.656
107.57,0.00656,0.656
107.58,0.00656,0.656
107.59,0.00656,0.656
107.60,0.00656,0.656
107.61,0.00656,0.656
107.62,0.00656,0.656
107.63,0.00656,0.656
107.63,0.00656,0.656
107.64,0.00656,0.656
107.65,0.00657,0.657
107.66,0.00657,0.657
107.67,0.00657,0.657
107.68,0.00657,0.657
107.69,0.00657,0.657
107.70,0.00657,0.657
107.71,0.00657,0.657
107.72,0.00657,0.657
107.73,0.00657,0.657
107.74,0.00657,0.657
107.75,0.00657,0.657
107.76,0.00658,0.658
107.77,0.00658,0.658
107.78,0.00658,0.658
107.78,0.00658,0.658
107.79,0.00658,0.658
107.80,0.00658,0.658
107.81,0.00658,0.658
107.82,0.00658,0.658
107.83,0.00658,0.658
107.84,0.00658,0.658
107.85,0.00658,0.658
107.86,0.00658,0.658
107.87,0.00659,0.659
107.88,0.00659,0.659
107.89,0.00659,0.659
107.90,0.00659,0.659
107.91,0.00659,0.659
107.92,0.00659,0.659
107.92,0.00659,0.659
107.93,0.00659,0.659
107.94,0.00659,0.659
107.95,0.00659,0.659
107.96,0.00659,0.659
107.97,0.00659,0.659
107.98,0.00660,0.660
107.99,0.00660,0.660
108.00,0.00660,0.660
108.01,0.00660,0.660
108.02,0.00660,0.660
108.03,0.00660,0.660
108.04,0.00660,0.660
108.05,0.00660,0.660
108.06,0.00660,0.660
108.07,0.00660,0.660
108.07,0.00660,0.660
108.08,0.00660,0.660
108.09,0.00661,0.661
108.10,0.00661,0.661
108.11,0.00661,0.661
108.12,0.00661,0.661
108.13,0.00661,0.661
108.14,0.00661,0.661
108.15,0.00661,0.661
108.16,0.00661,0.661
108.17,0.00661,0.661
108.18,0.00661,0.661
108.19,0.00661,0.661
108.20,0.00662,0.662
108.21,0.00662,0.662
108.21,0.00662,0.662
108.22,0.00662,0.662
108.23,0.00662,0.662
108.24,0.00662,0.662
108.25,0.00662,0.662
108.26,0.00662,0.662
108.27,0.00662,0.662
108.28,0.00662,0.662
108.29,0.00662,0.662
108.30,0.00662,0.662
108.31,0.00663,0.663
108.32,0.00663,0.663
108.33,0.00663,0.663
108.34,0.00663,0.663
108.35,0.00663,0.663
108.36,0.00663,0.663
108.36,0.00663,0.663
108.37,0.00663,0.663
108.38,0.00663,0.663
108.39,0.00663,0.663
108.40,0.00663,0.663
108.41,0.00663,0.663
108.42,0.00664,0.664
108.43,0.00664,0.664
108.44,0.00664,0.664
108.45,0.00664,0.664
108.46,0.00664,0.664
108.47,0.00664,0.664
108.48,0.00664,0.664
108.49,0.00664,0.664
108.50,0.00664,0.664
108.51,0.00664,0.664
108.52,0.00664,0.664
108.52,0.00665,0.665
108.53,0.00665,0.665
108.54,0.00665,0.665
108.55,0.00665,0.665
108.56,0.00665,0.665
108.57,0.00665,0.665
108.58,0.00665,0.665
108.59,0.00665,0.665
108.60,0.00665,0.665
108.61,0.00665,0.665
108.62,0.00665,0.665
108.63,0.00665,0.665
108.64,0.00666,0.666
108.65,0.00666,0.666
108.66,0.00666,0.666
108.67,0.00666,0.666
108.68,0.00666,0.666
108.68,0.00666,0.666
108.69,0.00666,0.666
108.70,0.00666,0.666
108.71,0.00666,0.666
108.72,0.00666,0.666
108.73,0.00666,0.666
108.74,0.00666,0.666
108.75,0.00667,0.667
108.76,0.00667,0.667
108.77,0.00667,0.667
108.78,0.00667,0.667
108.79,0.00667,0.667
108.80,0.00667,0.667
108.81,0.00667,0.667
108.82,0.00667,0.667
108.83,0.00667,0.667
108.84,0.00667,0.667
108.84,0.00667,0.667
108.85,0.00668,0.668
108.86,0.00668,0.668
108.87,0.00668,0.668
108.88,0.00668,0.668
108.89,0.00668,0.668
108.90,0.00668,0.668
108.91,0.00668,0.668
108.92,0.00668,0.668
108.93,0.00668,0.668
108.94,0.00668,0.668
108.95,0.00668,0.668
108.96,0.00668,0.668
108.97,0.00669,0.669
108.98,0.00669,0.669
108.99,0.00669,0.669
109.00,0.00669,0.669
109.01,0.00669,0.669
109.01,0.00669,0.669
109.02,0.00669,0.669
109.03,0.00669,0.669
109.04,0.00669,0.669
109.05,0.00669,0.669
109.06,0.00669,0.669
109.07,0.00670,0.670
109.08,0.00670,0.670
109.09,0.00670,0.670
109.10,0.00670,0.670
109.11,0.00670,0.670
109.12,0.00670,0.670
109.13,0.00670,0.670
109.14,0.00670,0.670
109.15,0.00670,0.670
109.16,0.00670,0.670
109.17,0.00670,0.670
109.18,0.00670,0.670
109.18,0.00671,0.671
109.19,0.00671,0.671
109.20,0.00671,0.671
109.21,0.00671,0.671
109.22,0.00671,0.671
109.23,0.00671,0.671
109.24,0.00671,0.671
109.25,0.00671,0.671
109.26,0.00671,0.671
109.27,0.00671,0.671
109.28,0.00671,0.671
109.29,0.00671,0.671
109.30,0.00672,0.672
109.31,0.00672,0.672
109.32,0.00672,0.672
109.33,0.00672,0.672
109.34,0.00672,0.672
109.35,0.00672,0.672
109.35,0.00672,0.672
109.36,0.00672,0.672
109.37,0.00672,0.672
109.38,0.00672,0.672
109.39,0.00672,0.672
109.40,0.00673,0.673
109.41,0.00673,0.673
109.42,0.00673,0.673
109.43,0.00673,0.673
109.44,0.00673,0.673
109.45,0.00673,0.673
109.46,0.00673,0.673
109.47,0.00673,0.673
109.48,0.00673,0.673
109.49,0.00673,0.673
109.50,0.00673,0.673
109.51,0.00673,0.673
109.51,0.00674,0.674
109.52,0.00674,0.674
109.53,0.00674,0.674
109.54,0.00674,0.674
109.55,0.00674,0.674
109.56,0.00674,0.674
109.57,0.00674,0.674
109.58,0.00674,0.674
109.59,0.00674,0.674
109.60,0.00674,0.674
109.61,0.00674,0.674
109.62,0.00675,0.675
109.63,0.00675,0.675
109.64,0.00675,0.675
109.65,0.00675,0.675
109.66,0.00675,0.675
109.67,0.00675,0.675
109.67,0.00675,0.675
109.68,0.00675,0.675
109.69,0.00675,0.675
109.70,0.00675,0.675
109.71,0.00675,0.675
109.72,0.00675,0.675
109.73,0.00676,0.676
109.74,0.00676,0.676
109.75,0.00676,0.676
109.76,0.00676,0.676
109.77,0.00676,0.676
109.78,0.00676,0.676
109.79,0.00676,0.676
109.80,0.00676,0.676
109.81,0.00676,0.676
109.82,0.00676,0.676
109.82,0.00676,0.676
109.83,0.00676,0.676
109.84,0.00677,0.677
109.85,0.00677,0.677
109.86,0.00677,0.677
109.87,0.00677,0.677
109.88,0.00677,0.677
109.89,0.00677,0.677
109.90,0.00677,0.677
109.91,0.00677,0.677
109.92,0.00677,0.677
109.93,0.00677,0.677
109.94,0.00677,0.677
109.95,0.00678,0.678
109.96,0.00678,0.678
109.97,0.00678,0.678
109.97,0.00678,0.678
109.98,0.00678,0.678
109.99,0.00678,0.678
110.00,0.00678,0.678
110.01,0.00678,0.678
110.02,0.00678,0.678
110.03,0.00678,0.678
110.04,0.00678,0.678
110.05,0.00678,0.678
110.06,0.00679,0.679
110.07,0.00679,0.679
110.08,0.00679,0.679
110.09,0.00679,0.679
110.10,0.00679,0.679
110.11,0.00679,0.679
110.11,0.00679,0.679
110.12,0.00679,0.679
110.13,0.00679,0.679
110.14,0.00679,0.679
110.15,0.00679,0.679
110.16,0.00679,0.679
110.17,0.00680,0.680
110.18,0.00680,0.680
110.19,0.00680,0.680
110.20,0.00680,0.680
110.21,0.00680,0.680
110.22,0.00680,0.680
110.23,0.00680,0.680
110.24,0.00680,0.680
110.25,0.00680,0.680
110.26,0.00680,0.680
110.26,0.00680,0.680
110.27,0.00681,0.681
110.28,0.00681,0.681
110.29,0.00681,0.681
110.30,0.00681,0.681
110.31,0.00681,0.681
110.32,0.00681,0.681
110.33,0.00681,0.681
110.34,0.00681,0.681
110.35,0.00681,0.681
110.36,0.00681,0.681
110.37,0.00681,0.681
110.38,0.00681,0.681
110.39,0.00682,0.682
110.40,0.00682,0.682
110.40,0.00682,0.682
110.41,0.00682,0.682
110.42,0.00682,0.682
110.43,0.00682,0.682
110.44,0.00682,0.682
110.45,0.00682,0.682
110.46,0.00682,0.682
110.47,0.00682,0.682
110.48,0.00682,0.682
110.49,0.00682,0.682
110.50,0.00683,0.683
110.51,0.00683,0.683
110.52,0.00683,0.683
110.53,0.00683,0.683
110.54,0.00683,0.683
110.55,0.00683,0.683
110.55,0.00683,0.683
110.56,0.00683,0.683
110.57,0.00683,0.683
110.58,0.00683,0.683
110.59,0.00683,0.683
110.60,0.00684,0.684
110.61,0.00684,0.684
110.62,0.00684,0.684
110.63,0.00684,0.684
110.64,0.00684,0.684
110.65,0.00684,0.684
110.66,0.00684,0.684
110.67,0.00684,0.684
110.68,0.00684,0.684
110.69,0.00684,0.684
110.70,0.00684,0.684
110.70,0.00684,0.684
110.71,0.00685,0.685
110.72,0.00685,0.685
110.73,0.00685,0.685
110.74,0.00685,0.685
110.75,0.00685,0.685
110.76,0.00685,0.685
110.77,0.00685,0.685
110.78,0.00685,0.685
110.79,0.00685,0.685
110.80,0.00685,0.685
110.81,0.00685,0.685
110.82,0.00686,0.686
110.83,0.00686,0.686
110.84,0.00686,0.686
110.85,0.00686,0.686
110.85,0.00686,0.686
110.86,0.00686,0.686
110.87,0.00686,0.686
110.88,0.00686,0.686
110.89,0.00686,0.686
110.90,0.00686,0.686
110.91,0.00686,0.686
110.92,0.00686,0.686
110.93,0.00687,0.687
110.94,0.00687,0.687
110.95,0.00687,0.687
110.96,0.00687,0.687
110.97,0.00687,0.687
110.98,0.00687,0.687
110.99,0.00687,0.687
111.00,0.00687,0.687
111.00,0.00687,0.687
111.01,0.00687,0.687
111.02,0.00687,0.687
111.03,0.00687,0.687
111.04,0.00688,0.688
111.05,0.00688,0.688
111.06,0.00688,0.688
111.07,0.00688,0.688
111.08,0.00688,0.688
111.09,0.00688,0.688
111.10,0.00688,0.688
111.11,0.00688,0.688
111.12,0.00688,0.688
111.13,0.00688,0.688
111.14,0.00688,0.688
111.15,0.00689,0.689
111.16,0.00689,0.689
111.16,0.00689,0.689
111.17,0.00689,0.689
111.18,0.00689,0.689
111.19,0.00689,0.689
111.20,0.00689,0.689
111.21,0.00689,0.689
111.22,0.00689,0.689
111.23,0.00689,0.689
111.24,0.00689,0.689
111.25,0.00689,0.689
111.26,0.00690,0.690
111.27,0.00690,0.690
111.28,0.00690,0.690
111.29,0.00690,0.690
111.30,0.00690,0.690
111.31,0.00690,0.690
111.32,0.00690,0.690
111.32,0.00690,0.690
111.33,0.00690,0.690
111.34,0.00690,0.690
111.35,0.00690,0.690
111.36,0.00691,0.691
111.37,0.00691,0.691
111.38,0.00691,0.691
111.39,0.00691,0.691
111.40,0.00691,0.691
111.41,0.00691,0.691
111.42,0.00691,0.691
111.43,0.00691,0.691
111.44,0.00691,0.691
111.45,0.00691,0.691
111.46,0.00691,0.691
111.47,0.00691,0.691
111.48,0.00692,0.692
111.48,0.00692,0.692
111.49,0.00692,0.692
111.50,0.00692,0.692
111.51,0.00692,0.692
111.52,0.00692,0.692
111.53,0.00692,0.692
111.54,0.00692,0.692
111.55,0.00692,0.692
111.56,0.00692,0.692
111.57,0.00692,0.692
111.58,0.00693,0.693
111.59,0.00693,0.693
111.60,0.00693,0.693
111.61,0.00693,0.693
111.62,0.00693,0.693
111.63,0.00693,0.693
111.64,0.00693,0.693
111.64,0.00693,0.693
111.65,0.00693,0.693
111.66,0.00693,0.693
111.67,0.00693,0.693
111.68,0.00693,0.693
111.69,0.00694,0.694
111.70,0.00694,0.694
111.71,0.00694,0.694
111.72,0.00694,0.694
111.73,0.00694,0.694
111.74,0.00694,0.694
111.75,0.00694,0.694
111.76,0.00694,0.694
111.77,0.00694,0.694
111.78,0.00694,0.694
111.79,0.00694,0.694
111.80,0.00695,0.695
111.80,0.00695,0.695
111.81,0.00695,0.695
111.82,0.00695,0.695
111.83,0.00695,0.695
111.84,0.00695,0.695
111.85,0.00695,0.695
111.86,0.00695,0.695
111.87,0.00695,0.695
111.88,0.00695,0.695
111.89,0.00695,0.695
111.90,0.00695,0.695
111.91,0.00696,0.696
111.92,0.00696,0.696
111.93,0.00696,0.696
111.94,0.00696,0.696
111.95,0.00696,0.696
111.96,0.00696,0.696
111.96,0.00696,0.696
111.97,0.00696,0.696
111.98,0.00696,0.696
111.99,0.00696,0.696
112.00,0.00696,0.696
112.01,0.00697,0.697
112.02,0.00697,0.697
112.03,0.00697,0.697
112.04,0.00697,0.697
112.05,0.00697,0.697
112.06,0.00697,0.697
112.07,0.00697,0.697
112.08,0.00697,0.697
112.09,0.00697,0.697
112.10,0.00697,0.697
112.11,0.00697,0.697
112.11,0.00697,0.697
112.12,0.00698,0.698
112.13,0.00698,0.698
112.14,0.00698,0.698
112.15,0.00698,0.698
112.16,0.00698,0.698
112.17,0.00698,0.698
112.18,0.00698,0.698
112.19,0.00698,0.698
112.20,0.00698,0.698
112.21,0.00698,0.698
112.22,0.00698,0.698
112.23,0.00698,0.698
112.24,0.00699,0.699
112.25,0.00699,0.699
112.26,0.00699,0.699
112.26,0.00699,0.699
112.27,0.00699,0.699
112.28,0.00699,0.699
112.29,0.00699,0.699
112.30,0.00699,0.699
112.31,0.00699,0.699
112.32,0.00699,0.699
112.33,0.00699,0.699
112.34,0.00700,0.700
112.35,0.00700,0.700
112.36,0.00700,0.700
112.37,0.00700,0.700
112.38,0.00700,0.700
112.39,0.00700,0.700
112.40,0.00700,0.700
112.41,0.00700,0.700
112.41,0.00700,0.700
112.42,0.00700,0.700
112.43,0.00700,0.700
112.44,0.00700,0.700
112.45,0.00701,0.701
112.46,0.00701,0.701
112.47,0.00701,0.701
112.48,0.00701,0.701
112.49,0.00701,0.701
112.50,0.00701,0.701
112.51,0.00701,0.701
112.52,0.00701,0.701
112.53,0.00701,0.701
112.54,0.00701,0.701
112.55,0.00701,0.701
112.56,0.00702,0.702
112.56,0.00702,0.702
112.57,0.00702,0.702
112.58,0.00702,0.702
112.59,0.00702,0.702
112.60,0.00702,0.702
112.61,0.00702,0.702
112.62,0.00702,0.702
112.63,0.00702,0.702
112.64,0.00702,0.702
112.65,0.00702,0.702
112.66,0.00702,0.702
112.67,0.00703,0.703
112.68,0.00703,0.703
112.69,0.00703,0.703
112.70,0.00703,0.703
112.71,0.00703,0.703
112.71,0.00703,0.703
112.72,0.00703,0.703
112.73,0.00703,0.703
112.74,0.00703,0.703
112.75,0.00703,0.703
112.76,0.00703,0.703
112.77,0.00703,0.703
112.78,0.00704,0.704
112.79,0.00704,0.704
112.80,0.00704,0.704
112.81,0.00704,0.704
112.82,0.00704,0.704
112.83,0.00704,0.704
112.84,0.00704,0.704
112.85,0.00704,0.704
112.86,0.00704,0.704
112.86,0.00704,0.704
112.87,0.00704,0.704
112.88,0.00705,0.705
112.89,0.00705,0.705
112.90,0.00705,0.705
112.91,0.00705,0.705
112.92,0.00705,0.705
112.93,0.00705,0.705
112.94,0.00705,0.705
112.95,0.00705,0.705
112.96,0.00705,0.705
112.97,0.00705,0.705
112.98,0.00705,0.705
112.99,0.00705,0.705
113.00,0.00706,0.706
113.01,0.00706,0.706
113.02,0.00706,0.706
113.02,0.00706,0.706
113.03,0.00706,0.706
113.04,0.00706,0.706
113.05,0.00706,0.706
113.06,0.00706,0.706
113.07,0.00706,0.706
113.08,0.00706,0.706
113.09,0.00706,0.706
113.10,0.00707,0.707
113.11,0.00707,0.707
113.12,0.00707,0.707
113.13,0.00707,0.707
113.14,0.00707,0.707
113.15,0.00707,0.707
113.16,0.00707,0.707
113.17,0.00707,0.707
113.17,0.00707,0.707
113.18,0.00707,0.707
113.19,0.00707,0.707
113.20,0.00707,0.707
113.21,0.00708,0.708
113.22,0.00708,0.708
113.23,0.00708,0.708
113.24,0.00708,0.708
113.25,0.00708,0.708
113.26,0.00708,0.708
113.27,0.00708,0.708
113.28,0.00708,0.708
113.29,0.00708,0.708
113.30,0.00708,0.708
113.31,0.00708,0.708
113.32,0.00708,0.708
113.33,0.00709,0.709
113.33,0.00709,0.709
113.34,0.00709,0.709
113.35,0.00709,0.709
113.36,0.00709,0.709
113.37,0.00709,0.709
113.38,0.00709,0.709
113.39,0.00709,0.709
113.40,0.00709,0.709
113.41,0.00709,0.709
113.42,0.00709,0.709
113.43,0.00710,0.710
113.44,0.00710,0.710
113.45,0.00710,0.710
113.46,0.00710,0.710
113.47,0.00710,0.710
113.48,0.00710,0.710
113.49,0.00710,0.710
113.49,0.00710,0.710
113.50,0.00710,0.710
113.51,0.00710,0.710
113.52,0.00710,0.710
113.53,0.00710,0.710
113.54,0.00711,0.711
113.55,0.00711,0.711
113.56,0.00711,0.711
113.57,0.00711,0.711
113.58,0.00711,0.711
113.59,0.00711,0.711
113.60,0.00711,0.711
113.61,0.00711,0.711
113.62,0.00711,0.711
113.63,0.00711,0.711
113.64,0.00711,0.711
113.65,0.00712,0.712
113.65,0.00712,0.712
113.66,0.00712,0.712
113.67,0.00712,0.712
113.68,0.00712,0.712
113.69,0.00712,0.712
113.70,0.00712,0.712
113.71,0.00712,0.712
113.72,0.00712,0.712
113.73,0.00712,0.712
113.74,0.00712,0.712
113.75,0.00712,0.712
113.76,0.00713,0.713
113.77,0.00713,0.713
113.78,0.00713,0.713
113.79,0.00713,0.713
113.80,0.00713,0.713
113.80,0.00713,0.713
113.81,0.00713,0.713
113.82,0.00713,0.713
113.83,0.00713,0.713
113.84,0.00713,0.713
113.85,0.00713,0.713
113.86,0.00714,0.714
113.87,0.00714,0.714
113.88,0.00714,0.714
113.89,0.00714,0.714
113.90,0.00714,0.714
113.91,0.00714,0.714
113.92,0.00714,0.714
113.93,0.00714,0.714
113.94,0.00714,0.714
113.95,0.00714,0.714
113.96,0.00714,0.714
113.96,0.00714,0.714
113.97,0.00715,0.715
113.98,0.00715,0.715
113.99,0.00715,0.715
114.00,0.00715,0.715
114.01,0.00715,0.715
114.02,0.00715,0.715
114.03,0.00715,0.715
114.04,0.00715,0.715
114.05,0.00715,0.715
114.06,0.00715,0.715
114.07,0.00715,0.715
114.08,0.00716,0.716
114.09,0.00716,0.716
114.10,0.00716,0.716
114.11,0.00716,0.716
114.11,0.00716,0.716
114.12,0.00716,0.716
114.13,0.00716,0.716
114.14,0.00716,0.716
114.15,0.00716,0.716
114.16,0.00716,0.716
114.17,0.00716,0.716
114.18,0.00716,0.716
114.19,0.00717,0.717
114.20,0.00717,0.717
114.21,0.00717,0.717
114.22,0.00717,0.717
114.23,0.00717,0.717
114.24,0.00717,0.717
114.25,0.00717,0.717
114.26,0.00717,0.717
114.26,0.00717,0.717
114.27,0.00717,0.717
114.28,0.00717,0.717
114.29,0.00718,0.718
114.30,0.00718,0.718
114.31,0.00718,0.718
114.32,0.00718,0.718
114.33,0.00718,0.718
114.34,0.00718,0.718
114.35,0.00718,0.718
114.36,0.00718,0.718
114.37,0.00718,0.718
114.38,0.00718,0.718
114.39,0.00718,0.718
114.40,0.00718,0.718
114.41,0.00719,0.719
114.41,0.00719,0.719
114.42,0.00719,0.719
114.43,0.00719,0.719
114.44,0.00719,0.719
114.45,0.00719,0.719
114.46,0.00719,0.719
114.47,0.00719,0.719
114.48,0.00719,0.719
114.49,0.00719,0.719
114.50,0.00719,0.719
114.51,0.00720,0.720
114.52,0.00720,0.720
114.53,0.00720,0.720
114.54,0.00720,0.720
114.55,0.00720,0.720
114.55,0.00720,0.720
114.56,0.00720,0.720
114.57,0.00720,0.720
114.58,0.00720,0.720
114.59,0.00720,0.720
114.60,0.00720,0.720
114.61,0.00720,0.720
114.62,0.00721,0.721
114.63,0.00721,0.721
114.64,0.00721,0.721
114.65,0.00721,0.721
114.66,0.00721,0.721
114.67,0.00721,0.721
114.68,0.00721,0.721
114.69,0.00721,0.721
114.70,0.00721,0.721
114.70,0.00721,0.721
114.71,0.00721,0.721
114.72,0.00722,0.722
114.73,0.00722,0.722
114.74,0.00722,0.722
114.75,0.00722,0.722
114.76,0.00722,0.722
114.77,0.00722,0.722
114.78,0.00722,0.722
114.79,0.00722,0.722
114.80,0.00722,0.722
114.81,0.00722,0.722
114.82,0.00722,0.722
114.83,0.00722,0.722
114.84,0.00723,0.723
114.85,0.00723,0.723
114.85,0.00723,0.723
114.86,0.00723,0.723
114.87,0.00723,0.723
114.88,0.00723,0.723
114.89,0.00723,0.723
114.90,0.00723,0.723
114.91,0.00723,0.723
114.92,0.00723,0.723
114.93,0.00723,0.723
114.94,0.00724,0.724
114.95,0.00724,0.724
114.96,0.00724,0.724
114.97,0.00724,0.724
114.98,0.00724,0.724
114.99,0.00724,0.724
115.00,0.00724,0.724
115.00,0.00724,0.724
115.01,0.00724,0.724
115.02,0.00724,0.724
115.03,0.00724,0.724
115.04,0.00725,0.725
115.05,0.00725,0.725
115.06,0.00725,0.725
115.07,0.00725,0.725
115.08,0.00725,0.725
115.09,0.00725,0.725
115.10,0.00725,0.725
115.11,0.00725,0.725
115.12,0.00725,0.725
115.13,0.00725,0.725
115.14,0.00725,0.725
115.15,0.00725,0.725
115.16,0.00726,0.726
115.16,0.00726,0.726
115.17,0.00726,0.726
115.18,0.00726,0.726
115.19,0.00726,0.726
115.20,0.00726,0.726
115.21,0.00726,0.726
115.22,0.00726,0.726
115.23,0.00726,0.726
115.24,0.00726,0.726
115.25,0.00726,0.726
115.26,0.00727,0.727
115.27,0.00727,0.727
115.28,0.00727,0.727
115.29,0.00727,0.727
115.30,0.00727,0.727
115.31,0.00727,0.727
115.31,0.00727,0.727
115.32,0.00727,0.727
115.33,0.00727,0.727
115.34,0.00727,0.727
115.35,0.00727,0.727
115.36,0.00727,0.727
115.37,0.00728,0.728
115.38,0.00728,0.728
115.39,0.00728,0.728
115.40,0.00728,0.728
115.41,0.00728,0.728
115.42,0.00728,0.728
115.43,0.00728,0.728
115.44,0.00728,0.728
115.45,0.00728,0.728
115.46,0.00728,0.728
115.47,0.00728,0.728
115.47,0.00729,0.729
115.48,0.00729,0.729
115.49,0.00729,0.729
115.50,0.00729,0.729
115.51,0.00729,0.729
115.52,0.00729,0.729
115.53,0.00729,0.729
115.54,0.00729,0.729
115.55,0.00729,0.729
115.56,0.00729,0.729
115.57,0.00729,0.729
115.58,0.00730,0.730
115.59,0.00730,0.730
115.60,0.00730,0.730
115.61,0.00730,0.730
115.62,0.00730,0.730
115.63,0.00730,0.730
115.63,0.00730,0.730
115.64,0.00730,0.730
115.65,0.00730,0.730
115.66,0.00730,0.730
115.67,0.00730,0.730
115.68,0.00730,0.730
115.69,0.00731,0.731
115.70,0.00731,0.731
115.71,0.00731,0.731
115.72,0.00731,0.731
115.73,0.00731,0.731
115.74,0.00731,0.731
115.75,0.00731,0.731
115.76,0.00731,0.731
115.77,0.00731,0.731
115.78,0.00731,0.731
115.79,0.00731,0.731
115.79,0.00732,0.732
115.80,0.00732,0.732
115.81,0.00732,0.732
115.82,0.00732,0.732
115.83,0.00732,0.732
115.84,0.00732,0.732
115.85,0.00732,0.732
115.86,0.00732,0.732
115.87,0.00732,0.732
115.88,0.00732,0.732
115.89,0.00732,0.732
115.90,0.00733,0.733
115.91,0.00733,0.733
115.92,0.00733,0.733
115.93,0.00733,0.733
115.94,0.00733,0.733
115.95,0.00733,0.733
115.95,0.00733,0.733
115.96,0.00733,0.733
115.97,0.00733,0.733
115.98,0.00733,0.733
115.99,0.00733,0.733
116.00,0.00733,0.733
116.01,0.00734,0.734
116.02,0.00734,0.734
116.03,0.00734,0.734
116.04,0.00734,0.734
116.05,0.00734,0.734
116.06,0.00734,0.734
116.07,0.00734,0.734
116.08,0.00734,0.734
116.09,0.00734,0.734
116.10,0.00734,0.734
116.10,0.00734,0.734
116.11,0.00735,0.735
116.12,0.00735,0.735
116.13,0.00735,0.735
116.14,0.00735,0.735
116.15,0.00735,0.735
116.16,0.00735,0.735
116.17,0.00735,0.735
116.18,0.00735,0.735
116.19,0.00735,0.735
116.20,0.00735,0.735
116.21,0.00735,0.735
116.22,0.00735,0.735
116.23,0.00736,0.736
116.24,0.00736,0.736
116.25,0.00736,0.736
116.25,0.00736,0.736
116.26,0.00736,0.736
116.27,0.00736,0.736
116.28,0.00736,0.736
116.29,0.00736,0.736
116.30,0.00736,0.736
116.31,0.00736,0.736
116.32,0.00736,0.736
116.33,0.00737,0.737
116.34,0.00737,0.737
116.35,0.00737,0.737
116.36,0.00737,0.737
116.37,0.00737,0.737
116.38,0.00737,0.737
116.39,0.00737,0.737
116.40,0.00737,0.737
116.40,0.00737,0.737
116.41,0.00737,0.737
116.42,0.00737,0.737
116.43,0.00738,0.738
116.44,0.00738,0.738
116.45,0.00738,0.738
116.46,0.00738,0.738
116.47,0.00738,0.738
116.48,0.00738,0.738
116.49,0.00738,0.738
116.50,0.00738,0.738
116.51,0.00738,0.738
116.52,0.00738,0.738
116.53,0.00738,0.738
116.54,0.00738,0.738
116.55,0.00739,0.739
116.55,0.00739,0.739
116.56,0.00739,0.739
116.57,0.00739,0.739
116.58,0.00739,0.739
116.59,0.00739,0.739
116.60,0.00739,0.739
116.61,0.00739,0.739
116.62,0.00739,0.739
116.63,0.00739,0.739
116.64,0.00739,0.739
116.65,0.00740,0.740
116.66,0.00740,0.740
116.67,0.00740,0.740
116.68,0.00740,0.740
116.69,0.00740,0.740
116.70,0.00740,0.740
116.70,0.00740,0.740
116.71,0.00740,0.740
116.72,0.00740,0.740
116.73,0.00740,0.740
116.74,0.00740,0.740
116.75,0.00741,0.741
116.76,0.00741,0.741
116.77,0.00741,0.741
116.78,0.00741,0.741
116.79,0.00741,0.741
116.80,0.00741,0.741
116.81,0.00741,0.741
116.82,0.00741,0.741
116.83,0.00741,0.741
116.84,0.00741,0.741
116.84,0.00741,0.741
116.85,0.00741,0.741
116.86,0.00742,0.742
116.87,0.00742,0.742
116.88,0.00742,0.742
116.89,0.00742,0.742
116.90,0.00742,0.742
116.91,0.00742,0.742
116.92,0.00742,0.742
116.93,0.00742,0.742
116.94,0.00742,0.742
116.95,0.00742,0.742
116.96,0.00742,0.742
116.97,0.00743,0.743
116.98,0.00743,0.743
116.99,0.00743,0.743
116.99,0.00743,0.743
117.00,0.00743,0.743
117.01,0.00743,0.743
117.02,0.00743,0.743
117.03,0.00743,0.743
117.04,0.00743,0.743
117.05,0.00743,0.743
117.06,0.00743,0.743
117.07,0.00743,0.743
117.08,0.00744,0.744
117.09,0.00744,0.744
117.10,0.00744,0.744
117.11,0.00744,0.744
117.12,0.00744,0.744
117.13,0.00744,0.744
117.13,0.00744,0.744
117.14,0.00744,0.744
117.15,0.00744,0.744
117.16,0.00744,0.744
117.17,0.00744,0.744
117.18,0.00745,0.745
117.19,0.00745,0.745
117.20,0.00745,0.745
117.21,0.00745,0.745
117.22,0.00745,0.745
117.23,0.00745,0.745
117.24,0.00745,0.745
117.25,0.00745,0.745
117.26,0.00745,0.745
117.27,0.00745,0.745
117.28,0.00745,0.745
117.28,0.00746,0.746
117.29,0.00746,0.746
117.30,0.00746,0.746
117.31,0.00746,0.746
117.32,0.00746,0.746
117.33,0.00746,0.746
117.34,0.00746,0.746
117.35,0.00746,0.746
117.36,0.00746,0.746
117.37,0.00746,0.746
117.38,0.00746,0.746
117.39,0.00746,0.746
117.40,0.00747,0.747
117.41,0.00747,0.747
117.42,0.00747,0.747
117.43,0.00747,0.747
117.43,0.00747,0.747
117.44,0.00747,0.747
117.45,0.00747,0.747
117.46,0.00747,0.747
117.47,0.00747,0.747
117.48,0.00747,0.747
117.49,0.00747,0.747
117.50,0.00748,0.748
117.51,0.00748,0.748
117.52,0.00748,0.748
117.53,0.00748,0.748
117.54,0.00748,0.748
117.55,0.00748,0.748
117.56,0.00748,0.748
117.57,0.00748,0.748
117.58,0.00748,0.748
117.59,0.00748,0.748
117.59,0.00748,0.748
117.60,0.00749,0.749
117.61,0.00749,0.749
117.62,0.00749,0.749
117.63,0.00749,0.749
117.64,0.00749,0.749
117.65,0.00749,0.749
117.66,0.00749,0.749
117.67,0.00749,0.749
117.68,0.00749,0.749
117.69,0.00749,0.749
117.70,0.00749,0.749
117.71,0.00750,0.750
117.72,0.00750,0.750
117.73,0.00750,0.750
117.74,0.00750,0.750
117.74,0.00750,0.750
117.75,0.00750,0.750
117.76,0.00750,0.750
117.77,0.00750,0.750
117.78,0.00750,0.750
117.79,0.00750,0.750
117.80,0.00750,0.750
117.81,0.00750,0.750
117.82,0.00751,0.751
117.83,0.00751,0.751
117.84,0.00751,0.751
117.85,0.00751,0.751
117.86,0.00751,0.751
117.87,0.00751,0.751
117.88,0.00751,0.751
117.89,0.00751,0.751
117.90,0.00751,0.751
117.90,0.00751,0.751
117.91,0.00751,0.751
117.92,0.00752,0.752
117.93,0.00752,0.752
117.94,0.00752,0.752
117.95,0.00752,0.752
117.96,0.00752,0.752
117.97,0.00752,0.752
117.98,0.00752,0.752
117.99,0.00752,0.752
118.00,0.00752,0.752
118.01,0.00752,0.752
118.02,0.00752,0.752
118.03,0.00753,0.753
118.04,0.00753,0.753
118.05,0.00753,0.753
118.05,0.00753,0.753
118.06,0.00753,0.753
118.07,0.00753,0.753
118.08,0.00753,0.753
118.09,0.00753,0.753
118.10,0.00753,0.753
118.11,0.00753,0.753
118.12,0.00753,0.753
118.13,0.00753,0.753
118.14,0.00754,0.754
118.15,0.00754,0.754
118.16,0.00754,0.754
118.17,0.00754,0.754
118.18,0.00754,0.754
118.19,0.00754,0.754
118.20,0.00754,0.754
118.21,0.00754,0.754
118.21,0.00754,0.754
118.22,0.00754,0.754
118.23,0.00754,0.754
118.24,0.00755,0.755
118.25,0.00755,0.755
118.26,0.00755,0.755
118.27,0.00755,0.755
118.28,0.00755,0.755
118.29,0.00755,0.755
118.30,0.00755,0.755
118.31,0.00755,0.755
118.32,0.00755,0.755
118.33,0.00755,0.755
118.34,0.00755,0.755
118.35,0.00756,0.756
118.36,0.00756,0.756
118.36,0.00756,0.756
118.37,0.00756,0.756
118.38,0.00756,0.756
118.39,0.00756,0.756
118.40,0.00756,0.756
118.41,0.00756,0.756
118.42,0.00756,0.756
118.43,0.00756,0.756
118.44,0.00756,0.756
118.45,0.00757,0.757
118.46,0.00757,0.757
118.47,0.00757,0.757
118.48,0.00757,0.757
118.49,0.00757,0.757
118.50,0.00757,0.757
118.51,0.00757,0.757
118.51,0.00757,0.757
118.52,0.00757,0.757
118.53,0.00757,0.757
118.54,0.00757,0.757
118.55,0.00757,0.757
118.56,0.00758,0.758
118.57,0.00758,0.758
118.58,0.00758,0.758
118.59,0.00758,0.758
118.60,0.00758,0.758
118.61,0.00758,0.758
118.62,0.00758,0.758
118.63,0.00758,0.758
118.64,0.00758,0.758
118.65,0.00758,0.758
118.66,0.00758,0.758
118.66,0.00759,0.759
118.67,0.00759,0.759
118.68,0.00759,0.759
118.69,0.00759,0.759
118.70,0.00759,0.759
118.71,0.00759,0.759
118.72,0.00759,0.759
118.73,0.00759,0.759
118.74,0.00759,0.759
118.75,0.00759,0.759
118.76,0.00759,0.759
118.77,0.00760,0.760
118.78,0.00760,0.760
118.79,0.00760,0.760
118.80,0.00760,0.760
118.81,0.00760,0.760
118.81,0.00760,0.760
118.82,0.00760,0.760
118.83,0.00760,0.760
118.84,0.00760,0.760
118.85,0.00760,0.760
118.86,0.00760,0.760
118.87,0.00761,0.761
118.88,0.00761,0.761
118.89,0.00761,0.761
118.90,0.00761,0.761
118.91,0.00761,0.761
118.92,0.00761,0.761
118.93,0.00761,0.761
118.94,0.00761,0.761
118.95,0.00761,0.761
118.96,0.00761,0.761
118.96,0.00761,0.761
118.97,0.00761,0.761
118.98,0.00762,0.762
118.99,0.00762,0.762
119.00,0.00762,0.762
119.01,0.00762,0.762
119.02,0.00762,0.762
119.03,0.00762,0.762
119.04,0.00762,0.762
119.05,0.00762,0.762
119.06,0.00762,0.762
119.07,0.00762,0.762
119.08,0.00762,0.762
119.09,0.00763,0.763
119.10,0.00763,0.763
119.10,0.00763,0.763
119.11,0.00763,0.763
119.12,0.00763,0.763
119.13,0.00763,0.763
119.14,0.00763,0.763
119.15,0.00763,0.763
119.16,0.00763,0.763
119.17,0.00763,0.763
119.18,0.00763,0.763
119.19,0.00764,0.764
119.20,0.00764,0.764
119.21,0.00764,0.764
119.22,0.00764,0.764
119.23,0.00764,0.764
119.24,0.00764,0.764
119.25,0.00764,0.764
119.25,0.00764,0.764
119.26,0.00764,0.764
119.27,0.00764,0.764
119.28,0.00764,0.764
119.29,0.00764,0.764
119.30,0.00765,0.765
119.31,0.00765,0.765
119.32,0.00765,0.765
119.33,0.00765,0.765
119.34,0.00765,0.765
119.35,0.00765,0.765
119.36,0.00765,0.765
119.37,0.00765,0.765
119.38,0.00765,0.765
119.39,0.00765,0.765
119.40,0.00765,0.765
119.40,0.00766,0.766
119.41,0.00766,0.766
119.42,0.00766,0.766
119.43,0.00766,0.766
119.44,0.00766,0.766
119.45,0.00766,0.766
119.46,0.00766,0.766
119.47,0.00766,0.766
119.48,0.00766,0.766
119.49,0.00766,0.766
119.50,0.00766,0.766
119.51,0.00767,0.767
119.52,0.00767,0.767
119.53,0.00767,0.767
119.54,0.00767,0.767
119.55,0.00767,0.767
119.55,0.00767,0.767
119.56,0.00767,0.767
119.57,0.00767,0.767
119.58,0.00767,0.767
119.59,0.00767,0.767
119.60,0.00767,0.767
119.61,0.00768,0.768
119.62,0.00768,0.768
119.63,0.00768,0.768
119.64,0.00768,0.768
119.65,0.00768,0.768
119.66,0.00768,0.768
119.67,0.00768,0.768
119.68,0.00768,0.768
119.69,0.00768,0.768
119.70,0.00768,0.768
119.70,0.00768,0.768
119.71,0.00768,0.768
119.72,0.00769,0.769
119.73,0.00769,0.769
119.74,0.00769,0.769
119.75,0.00769,0.769
119.76,0.00769,0.769
119.77,0.00769,0.769
119.78,0.00769,0.769
119.79,0.00769,0.769
119.80,0.00769,0.769
119.81,0.00769,0.769
119.82,0.00769,0.769
119.83,0.00770,0.770
119.84,0.00770,0.770
119.85,0.00770,0.770
119.85,0.00770,0.770
119.86,0.00770,0.770
119.87,0.00770,0.770
119.88,0.00770,0.770
119.89,0.00770,0.770
119.90,0.00770,0.770
119.91,0.00770,0.770
119.92,0.00770,0.770
119.93,0.00771,0.771
119.94,0.00771,0.771
119.95,0.00771,0.771
119.96,0.00771,0.771
119.97,0.00771,0.771
119.98,0.00771,0.771
119.99,0.00771,0.771
120.00,0.00771,0.771
120.01,0.00771,0.771
120.01,0.00771,0.771
120.02,0.00771,0.771
120.03,0.00772,0.772
120.04,0.00772,0.772
120.05,0.00772,0.772
120.06,0.00772,0.772
120.07,0.00772,0.772
120.08,0.00772,0.772
120.09,0.00772,0.772
120.10,0.00772,0.772
120.11,0.00772,0.772
120.12,0.00772,0.772
120.13,0.00772,0.772
120.14,0.00773,0.773
120.15,0.00773,0.773
120.16,0.00773,0.773
120.16,0.00773,0.773
120.17,0.00773,0.773
120.18,0.00773,0.773
120.19,0.00773,0.773
120.20,0.00773,0.773
120.21,0.00773,0.773
120.22,0.00773,0.773
120.23,0.00773,0.773
120.24,0.00774,0.774
120.25,0.00774,0.774
120.26,0.00774,0.774
120.27,0.00774,0.774
120.28,0.00774,0.774
120.29,0.00774,0.774
120.30,0.00774,0.774
120.31,0.00774,0.774
120.31,0.00774,0.774
120.32,0.00774,0.774
120.33,0.00774,0.774
120.34,0.00774,0.774
120.35,0.00775,0.775
120.36,0.00775,0.775
120.37,0.00775,0.775
120.38,0.00775,0.775
120.39,0.00775,0.775
120.40,0.00775,0.775
120.41,0.00775,0.775
120.42,0.00775,0.775
120.43,0.00775,0.775
120.44,0.00775,0.775
120.45,0.00775,0.775
120.46,0.00776,0.776
120.46,0.00776,0.776
120.47,0.00776,0.776
120.48,0.00776,0.776
120.49,0.00776,0.776
120.50,0.00776,0.776
120.51,0.00776,0.776
120.52,0.00776,0.776
120.53,0.00776,0.776
120.54,0.00776,0.776
120.55,0.00776,0.776
120.56,0.00777,0.777
120.57,0.00777,0.777
120.58,0.00777,0.777
120.59,0.00777,0.777
120.60,0.00777,0.777
120.61,0.00777,0.777
120.62,0.00777,0.777
120.62,0.00777,0.777
120.63,0.00777,0.777
120.64,0.00777,0.777
120.65,0.00777,0.777
120.66,0.00778,0.778
120.67,0.00778,0.778
120.68,0.00778,0.778
120.69,0.00778,0.778
120.70,0.00778,0.778
120.71,0.00778,0.778
120.72,0.00778,0.778
120.73,0.00778,0.778
120.74,0.00778,0.778
120.75,0.00778,0.778
120.76,0.00778,0.778
120.77,0.00779,0.779
120.77,0.00779,0.779
120.78,0.00779,0.779
120.79,0.00779,0.779
120.80,0.00779,0.779
120.81,0.00779,0.779
120.82,0.00779,0.779
120.83,0.00779,0.779
120.84,0.00779,0.779
120.85,0.00779,0.779
120.86,0.00779,0.779
120.87,0.00780,0.780
120.88,0.00780,0.780
120.89,0.00780,0.780
120.90,0.00780,0.780
120.91,0.00780,0.780
120.91,0.00780,0.780
120.92,0.00780,0.780
120.93,0.00780,0.780
120.94,0.00780,0.780
120.95,0.00780,0.780
120.96,0.00780,0.780
120.97,0.00781,0.781
120.98,0.00781,0.781
120.99,0.00781,0.781
121.00,0.00781,0.781
121.01,0.00781,0.781
121.02,0.00781,0.781
121.03,0.00781,0.781
121.04,0.00781,0.781
121.05,0.00781,0.781
121.06,0.00781,0.781
121.06,0.00781,0.781
121.07,0.00781,0.781
121.08,0.00782,0.782
121.09,0.00782,0.782
121.10,0.00782,0.782
121.11,0.00782,0.782
121.12,0.00782,0.782
121.13,0.00782,0.782
121.14,0.00782,0.782
121.15,0.00782,0.782
121.16,0.00782,0.782
121.17,0.00782,0.782
121.18,0.00782,0.782
121.19,0.00783,0.783
121.20,0.00783,0.783
121.21,0.00783,0.783
121.21,0.00783,0.783
121.22,0.00783,0.783
121.23,0.00783,0.783
121.24,0.00783,0.783
121.25,0.00783,0.783
121.26,0.00783,0.783
121.27,0.00783,0.783
121.28,0.00783,0.783
121.29,0.00784,0.784
121.30,0.00784,0.784
121.31,0.00784,0.784
121.32,0.00784,0.784
121.33,0.00784,0.784
121.34,0.00784,0.784
121.35,0.00784,0.784
121.36,0.00784,0.784
121.36,0.00784,0.784
121.37,0.00784,0.784
121.38,0.00784,0.784
121.39,0.00785,0.785
121.40,0.00785,0.785
121.41,0.00785,0.785
121.42,0.00785,0.785
121.43,0.00785,0.785
121.44,0.00785,0.785
121.45,0.00785,0.785
121.46,0.00785,0.785
121.47,0.00785,0.785
121.48,0.00785,0.785
121.49,0.00785,0.785
121.50,0.00786,0.786
121.51,0.00786,0.786
121.51,0.00786,0.786
121.52,0.00786,0.786
121.53,0.00786,0.786
121.54,0.00786,0.786
121.55,0.00786,0.786
121.56,0.00786,0.786
121.57,0.00786,0.786
121.58,0.00786,0.786
121.59,0.00786,0.786
121.60,0.00787,0.787
121.61,0.00787,0.787
121.62,0.00787,0.787
121.63,0.00787,0.787
121.64,0.00787,0.787
121.65,0.00787,0.787
121.66,0.00787,0.787
121.66,0.00787,0.787
121.67,0.00787,0.787
121.68,0.00787,0.787
121.69,0.00787,0.787
121.70,0.00788,0.788
121.71,0.00788,0.788
121.72,0.00788,0.788
121.73,0.00788,0.788
121.74,0.00788,0.788
121.75,0.00788,0.788
121.76,0.00788,0.788
121.77,0.00788,0.788
121.78,0.00788,0.788
121.79,0.00788,0.788
121.80,0.00788,0.788
121.81,0.00788,0.788
121.81,0.00789,0.789
121.82,0.00789,0.789
121.83,0.00789,0.789
121.84,0.00789,0.789
121.85,0.00789,0.789
121.86,0.00789,0.789
121.87,0.00789,0.789
121.88,0.00789,0.789
121.89,0.00789,0.789
121.90,0.00789,0.789
121.91,0.00789,0.789
121.92,0.00790,0.790
121.93,0.00790,0.790
121.94,0.00790,0.790
121.95,0.00790,0.790
121.96,0.00790,0.790
121.96,0.00790,0.790
121.97,0.00790,0.790
121.98,0.00790,0.790
121.99,0.00790,0.790
122.00,0.00790,0.790
122.01,0.00790,0.790
122.02,0.00791,0.791
122.03,0.00791,0.791
122.04,0.00791,0.791
122.05,0.00791,0.791
122.06,0.00791,0.791
122.07,0.00791,0.791
122.08,0.00791,0.791
122.09,0.00791,0.791
122.10,0.00791,0.791
122.11,0.00791,0.791
122.12,0.00791,0.791
122.12,0.00792,0.792
122.13,0.00792,0.792
122.14,0.00792,0.792
122.15,0.00792,0.792
122.16,0.00792,0.792
122.17,0.00792,0.792
122.18,0.00792,0.792
122.19,0.00792,0.792
122.20,0.00792,0.792
122.21,0.00792,0.792
122.22,0.00792,0.792
122.23,0.00793,0.793
122.24,0.00793,0.793
122.25,0.00793,0.793
122.26,0.00793,0.793
122.27,0.00793,0.793
122.27,0.00793,0.793
122.28,0.00793,0.793
122.29,0.00793,0.793
122.30,0.00793,0.793
122.31,0.00793,0.793
122.32,0.00793,0.793
122.33,0.00794,0.794
122.34,0.00794,0.794
122.35,0.00794,0.794
122.36,0.00794,0.794
122.37,0.00794,0.794
122.38,0.00794,0.794
122.39,0.00794,0.794
122.40,0.00794,0.794
122.41,0.00794,0.794
122.42,0.00794,0.794
122.42,0.00794,0.794
122.43,0.00795,0.795
122.44,0.00795,0.795
122.45,0.00795,0.795
122.46,0.00795,0.795
122.47,0.00795,0.795
122.48,0.00795,0.795
122.49,0.00795,0.795
122.50,0.00795,0.795
122.51,0.00795,0.795
122.52,0.00795,0.795
122.53,0.00795,0.795
122.54,0.00796,0.796
122.55,0.00796,0.796
122.56,0.00796,0.796
122.57,0.00796,0.796
122.58,0.00796,0.796
122.58,0.00796,0.796
122.59,0.00796,0.796
122.60,0.00796,0.796
122.61,0.00796,0.796
122.62,0.00796,0.796
122.63,0.00796,0.796
122.64,0.00797,0.797
122.65,0.00797,0.797
122.66,0.00797,0.797
122.67,0.00797,0.797
122.68,0.00797,0.797
122.69,0.00797,0.797
122.70,0.00797,0.797
122.71,0.00797,0.797
122.72,0.00797,0.797
122.72,0.00797,0.797
122.73,0.00797,0.797
122.74,0.00797,0.797
122.75,0.00798,0.798
122.76,0.00798,0.798
122.77,0.00798,0.798
122.78,0.00798,0.798
122.79,0.00798,0.798
122.80,0.00798,0.798
122.81,0.00798,0.798
122.82,0.00798,0.798
122.83,0.00798,0.798
122.84,0.00798,0.798
122.85,0.00798,0.798
122.86,0.00799,0.799
122.87,0.00799,0.799
122.87,0.00799,0.799
122.88,0.00799,0.799
122.89,0.00799,0.799
122.90,0.00799,0.799
122.91,0.00799,0.799
122.92,0.00799,0.799
122.93,0.00799,0.799
122.94,0.00799,0.799
122.95,0.00799,0.799
122.96,0.00800,0.800
122.97,0.00800,0.800
122.98,0.00800,0.800
122.99,0.00800,0.800
123.00,0.00800,0.800
123.01,0.00800,0.800
123.02,0.00800,0.800
123.02,0.00800,0.800
123.03,0.00800,0.800
123.04,0.00800,0.800
123.05,0.00800,0.800
123.06,0.00801,0.801
123.07,0.00801,0.801
123.08,0.00801,0.801
123.09,0.00801,0.801
123.10,0.00801,0.801
123.11,0.00801,0.801
123.12,0.00801,0.801
123.13,0.00801,0.801
123.14,0.00801,0.801
123.15,0.00801,0.801
123.16,0.00801,0.801
123.16,0.00802,0.802
123.17,0.00802,0.802
123.18,0.00802,0.802
123.19,0.00802,0.802
123.20,0.00802,0.802
123.21,0.00802,0.802
123.22,0.00802,0.802
123.23,0.00802,0.802
123.24,0.00802,0.802
123.25,0.00802,0.802
123.26,0.00802,0.802
123.27,0.00803,0.803
123.28,0.00803,0.803
123.29,0.00803,0.803
123.30,0.00803,0.803
123.30,0.00803,0.803
123.31,0.00803,0.803
123.32,0.00803,0.803
123.33,0.00803,0.803
123.34,0.00803,0.803
123.35,0.00803,0.803
123.36,0.00803,0.803
123.37,0.00804,0.804
123.38,0.00804,0.804
123.39,0.00804,0.804
123.40,0.00804,0.804
123.41,0.00804,0.804
123.42,0.00804,0.804
123.43,0.00804,0.804
123.44,0.00804,0.804
123.44,0.00804,0.804
123.45,0.00804,0.804
123.46,0.00804,0.804
123.47,0.00804,0.804
123.48,0.00805,0.805
123.49,0.00805,0.805
123.50,0.00805,0.805
123.51,0.00805,0.805
123.52,0.00805,0.805
123.53,0.00805,0.805
123.54,0.00805,0.805
123.55,0.00805,0.805
123.56,0.00805,0.805
123.57,0.00805,0.805
123.57,0.00805,0.805
123.58,0.00806,0.806
123.59,0.00806,0.806
123.60,0.00806,0.806
123.61,0.00806,0.806
123.62,0.00806,0.806
123.63,0.00806,0.806
123.64,0.00806,0.806
123.65,0.00806,0.806
123.66,0.00806,0.806
123.67,0.00806,0.806
123.68,0.00806,0.806
123.69,0.00807,0.807
123.70,0.00807,0.807
123.70,0.00807,0.807
123.71,0.00807,0.807
123.72,0.00807,0.807
123.73,0.00807,0.807
123.74,0.00807,0.807
123.75,0.00807,0.807
123.76,0.00807,0.807
123.77,0.00807,0.807
123.78,0.00807,0.807
123.79,0.00808,0.808
123.80,0.00808,0.808
123.81,0.00808,0.808
123.82,0.00808,0.808
123.83,0.00808,0.808
123.84,0.00808,0.808
123.84,0.00808,0.808
123.85,0.00808,0.808
123.86,0.00808,0.808
123.87,0.00808,0.808
123.88,0.00808,0.808
123.89,0.00809,0.809
123.90,0.00809,0.809
123.91,0.00809,0.809
123.92,0.00809,0.809
123.93,0.00809,0.809
123.94,0.00809,0.809
123.95,0.00809,0.809
123.96,0.00809,0.809
123.96,0.00809,0.809
123.97,0.00809,0.809
123.98,0.00809,0.809
123.99,0.00810,0.810
124.00,0.00810,0.810
124.01,0.00810,0.810
124.02,0.00810,0.810
124.03,0.00810,0.810
124.04,0.00810,0.810
124.05,0.00810,0.810
124.06,0.00810,0.810
124.07,0.00810,0.810
124.08,0.00810,0.810
124.09,0.00810,0.810
124.09,0.00810,0.810
124.10,0.00811,0.811
124.11,0.00811,0.811
124.12,0.00811,0.811
124.13,0.00811,0.811
124.14,0.00811,0.811
124.15,0.00811,0.811
124.16,0.00811,0.811
124.17,0.00811,0.811
124.18,0.00811,0.811
124.19,0.00811,0.811
124.20,0.00811,0.811
124.21,0.00812,0.812
124.22,0.00812,0.812
124.22,0.00812,0.812
124.23,0.00812,0.812
124.24,0.00812,0.812
124.25,0.00812,0.812
124.26,0.00812,0.812
124.27,0.00812,0.812
124.28,0.00812,0.812
124.29,0.00812,0.812
124.30,0.00812,0.812
124.31,0.00813,0.813
124.32,0.00813,0.813
124.33,0.00813,0.813
124.34,0.00813,0.813
124.34,0.00813,0.813
124.35,0.00813,0.813
124.36,0.00813,0.813
124.37,0.00813,0.813
124.38,0.00813,0.813
124.39,0.00813,0.813
124.40,0.00813,0.813
124.41,0.00814,0.814
124.42,0.00814,0.814
124.43,0.00814,0.814
124.44,0.00814,0.814
124.45,0.00814,0.814
124.46,0.00814,0.814
124.47,0.00814,0.814
124.47,0.00814,0.814
124.48,0.00814,0.814
124.49,0.00814,0.814
124.50,0.00814,0.814
124.51,0.00815,0.815
124.52,0.00815,0.815
124.53,0.00815,0.815
124.54,0.00815,0.815
124.55,0.00815,0.815
124.56,0.00815,0.815
124.57,0.00815,0.815
124.58,0.00815,0.815
124.59,0.00815,0.815
124.59,0.00815,0.815
124.60,0.00815,0.815
124.61,0.00816,0.816
124.62,0.00816,0.816
124.63,0.00816,0.816
124.64,0.00816,0.816
124.65,0.00816,0.816
124.66,0.00816,0.816
124.67,0.00816,0.816
124.68,0.00816,0.816
124.69,0.00816,0.816
124.70,0.00816,0.816
124.71,0.00816,0.816
124.71,0.00817,0.817
124.72,0.00817,0.817
124.73,0.00817,0.817
124.74,0.00817,0.817
124.75,0.00817,0.817
124.76,0.00817,0.817
124.77,0.00817,0.817
124.78,0.00817,0.817
124.79,0.00817,0.817
124.80,0.00817,0.817
124.81,0.00817,0.817
124.82,0.00818,0.818
124.83,0.00818,0.818
124.83,0.00818,0.818
124.84,0.00818,0.818
124.85,0.00818,0.818
124.86,0.00818,0.818
124.87,0.00818,0.818
124.88,0.00818,0.818
124.89,0.00818,0.818
124.90,0.00818,0.818
124.91,0.00818,0.818
124.92,0.00819,0.819
124.93,0.00819,0.819
124.94,0.00819,0.819
124.95,0.00819,0.819
124.95,0.00819,0.819
124.96,0.00819,0.819
124.97,0.00819,0.819
124.98,0.00819,0.819
124.99,0.00819,0.819
125.00,0.00819,0.819
125.01,0.00819,0.819
125.02,0.00819,0.819
125.03,0.00820,0.820
125.04,0.00820,0.820
125.05,0.00820,0.820
125.06,0.00820,0.820
125.07,0.00820,0.820
125.07,0.00820,0.820
125.08,0.00820,0.820
125.09,0.00820,0.820
125.10,0.00820,0.820
125.11,0.00820,0.820
125.12,0.00820,0.820
125.13,0.00821,0.821
125.14,0.00821,0.821
125.15,0.00821,0.821
125.16,0.00821,0.821
125.17,0.00821,0.821
125.18,0.00821,0.821
125.19,0.00821,0.821
125.19,0.00821,0.821
125.20,0.00821,0.821
125.21,0.00821,0.821
125.22,0.00821,0.821
125.23,0.00822,0.822
125.24,0.00822,0.822
125.25,0.00822,0.822
125.26,0.00822,0.822
125.27,0.00822,0.822
125.28,0.00822,0.822
125.29,0.00822,0.822
125.30,0.00822,0.822
125.31,0.00822,0.822
125.31,0.00822,0.822
125.32,0.00822,0.822
125.33,0.00823,0.823
125.34,0.00823,0.823
125.35,0.00823,0.823
125.36,0.00823,0.823
125.37,0.00823,0.823
125.38,0.00823,0.823
125.39,0.00823,0.823
125.40,0.00823,0.823
125.41,0.00823,0.823
125.42,0.00823,0.823
125.43,0.00823,0.823
125.43,0.00824,0.824
125.44,0.00824,0.824
125.45,0.00824,0.824
125.46,0.00824,0.824
125.47,0.00824,0.824
125.48,0.00824,0.824
125.49,0.00824,0.824
125.50,0.00824,0.824
125.51,0.00824,0.824
125.52,0.00824,0.824
125.53,0.00824,0.824
125.54,0.00825,0.825
125.55,0.00825,0.825
125.55,0.00825,0.825
125.56,0.00825,0.825
125.57,0.00825,0.825
125.58,0.00825,0.825
125.59,0.00825,0.825
125.60,0.00825,0.825
125.61,0.00825,0.825
125.62,0.00825,0.825
125.63,0.00825,0.825
125.64,0.00826,0.826
125.65,0.00826,0.826
125.66,0.00826,0.826
125.67,0.00826,0.826
125.67,0.00826,0.826
125.68,0.00826,0.826
125.69,0.00826,0.826
125.70,0.00826,0.826
125.71,0.00826,0.826
125.72,0.00826,0.826
125.73,0.00826,0.826
125.74,0.00827,0.827
125.75,0.00827,0.827
125.76,0.00827,0.827
125.77,0.00827,0.827
125.78,0.00827,0.827
125.79,0.00827,0.827
125.79,0.00827,0.827
125.80,0.00827,0.827
125.81,0.00827,0.827
125.82,0.00827,0.827
125.83,0.00827,0.827
125.84,0.00828,0.828
125.85,0.00828,0.828
125.86,0.00828,0.828
125.87,0.00828,0.828
125.88,0.00828,0.828
125.89,0.00828,0.828
125.90,0.00828,0.828
125.90,0.00828,0.828
125.91,0.00828,0.828
125.92,0.00828,0.828
125.93,0.00828,0.828
125.94,0.00829,0.829
125.95,0.00829,0.829
125.96,0.00829,0.829
125.97,0.00829,0.829
125.98,0.00829,0.829
125.99,0.00829,0.829
126.00,0.00829,0.829
126.01,0.00829,0.829
126.02,0.00829,0.829
126.02,0.00829,0.829
126.03,0.00829,0.829
126.04,0.00829,0.829
126.05,0.00830,0.830
126.06,0.00830,0.830
126.07,0.00830,0.830
126.08,0.00830,0.830
126.09,0.00830,0.830
126.10,0.00830,0.830
126.11,0.00830,0.830
126.12,0.00830,0.830
126.13,0.00830,0.830
126.14,0.00830,0.830
126.14,0.00830,0.830
126.15,0.00831,0.831
126.16,0.00831,0.831
126.17,0.00831,0.831
126.18,0.00831,0.831
126.19,0.00831,0.831
126.20,0.00831,0.831
126.21,0.00831,0.831
126.22,0.00831,0.831
126.23,0.00831,0.831
126.24,0.00831,0.831
126.25,0.00831,0.831
126.25,0.00832,0.832
126.26,0.00832,0.832
126.27,0.00832,0.832
126.28,0.00832,0.832
126.29,0.00832,0.832
126.30,0.00832,0.832
126.31,0.00832,0.832
126.32,0.00832,0.832
126.33,0.00832,0.832
126.34,0.00832,0.832
126.35,0.00832,0.832
126.36,0.00833,0.833
126.36,0.00833,0.833
126.37,0.00833,0.833
126.38,0.00833,0.833
126.39,0.00833,0.833
126.40,0.00833,0.833
126.41,0.00833,0.833
126.42,0.00833,0.833
126.43,0.00833,0.833
126.44,0.00833,0.833
126.45,0.00833,0.833
126.46,0.00834,0.834
126.47,0.00834,0.834
126.47,0.00834,0.834
126.48,0.00834,0.834
126.49,0.00834,0.834
126.50,0.00834,0.834
126.51,0.00834,0.834
126.52,0.00834,0.834
126.53,0.00834,0.834
126.54,0.00834,0.834
126.55,0.00834,0.834
126.56,0.00835,0.835
126.57,0.00835,0.835
126.58,0.00835,0.835
126.58,0.00835,0.835
126.59,0.00835,0.835
126.60,0.00835,0.835
126.61,0.00835,0.835
126.62,0.00835,0.835
126.63,0.00835,0.835
126.64,0.00835,0.835
126.65,0.00835,0.835
126.66,0.00836,0.836
126.67,0.00836,0.836
126.68,0.00836,0.836
126.69,0.00836,0.836
126.69,0.00836,0.836
126.70,0.00836,0.836
126.71,0.00836,0.836
126.72,0.00836,0.836
126.73,0.00836,0.836
126.74,0.00836,0.836
126.75,0.00836,0.836
126.76,0.00837,0.837
126.77,0.00837,0.837
126.78,0.00837,0.837
126.79,0.00837,0.837
126.80,0.00837,0.837
126.80,0.00837,0.837
126.81,0.00837,0.837
126.82,0.00837,0.837
126.83,0.00837,0.837
126.84,0.00837,0.837
126.85,0.00837,0.837
126.86,0.00838,0.838
126.87,0.00838,0.838
126.88,0.00838,0.838
126.89,0.00838,0.838
126.90,0.00838,0.838
126.90,0.00838,0.838
126.91,0.00838,0.838
126.92,0.00838,0.838
126.93,0.00838,0.838
126.94,0.00838,0.838
126.95,0.00838,0.838
126.96,0.00838,0.838
126.97,0.00839,0.839
126.98,0.00839,0.839
126.99,0.00839,0.839
127.00,0.00839,0.839
127.01,0.00839,0.839
127.01,0.00839,0.839
127.02,0.00839,0.839
127.03,0.00839,0.839
127.04,0.00839,0.839
127.05,0.00839,0.839
127.06,0.00839,0.839
127.07,0.00840,0.840
127.08,0.00840,0.840
127.09,0.00840,0.840
127.10,0.00840,0.840
127.11,0.00840,0.840
127.11,0.00840,0.840
127.12,0.00840,0.840
127.13,0.00840,0.840
127.14,0.00840,0.840
127.15,0.00840,0.840
127.16,0.00840,0.840
127.17,0.00841,0.841
127.18,0.00841,0.841
127.19,0.00841,0.841
127.20,0.00841,0.841
127.21,0.00841,0.841
127.21,0.00841,0.841
127.22,0.00841,0.841
127.23,0.00841,0.841
127.24,0.00841,0.841
127.25,0.00841,0.841
127.26,0.00841,0.841
127.27,0.00842,0.842
127.28,0.00842,0.842
127.29,0.00842,0.842
127.30,0.00842,0.842
127.31,0.00842,0.842
127.32,0.00842,0.842
127.32,0.00842,0.842
127.33,0.00842,0.842
127.34,0.00842,0.842
127.35,0.00842,0.842
127.36,0.00842,0.842
127.37,0.00843,0.843
127.38,0.00843,0.843
127.39,0.00843,0.843
127.40,0.00843,0.843
127.41,0.00843,0.843
127.42,0.00843,0.843
127.42,0.00843,0.843
127.43,0.00843,0.843
127.44,0.00843,0.843
127.45,0.00843,0.843
127.46,0.00843,0.843
127.47,0.00844,0.844
127.48,0.00844,0.844
127.49,0.00844,0.844
127.50,0.00844,0.844
127.51,0.00844,0.844
127.52,0.00844,0.844
127.52,0.00844,0.844
127.53,0.00844,0.844
127.54,0.00844,0.844
127.55,0.00844,0.844
127.56,0.00844,0.844
127.57,0.00845,0.845
127.58,0.00845,0.845
127.59,0.00845,0.845
127.60,0.00845,0.845
127.61,0.00845,0.845
127.62,0.00845,0.845
127.63,0.00845,0.845
127.63,0.00845,0.845
127.64,0.00845,0.845
127.65,0.00845,0.845
127.66,0.00845,0.845
127.67,0.00845,0.845
127.68,0.00846,0.846
127.69,0.00846,0.846
127.70,0.00846,0.846
127.71,0.00846,0.846
127.72,0.00846,0.846
127.73,0.00846,0.846
127.73,0.00846,0.846
127.74,0.00846,0.846
127.75,0.00846,0.846
127.76,0.00846,0.846
127.77,0.00846,0.846
127.78,0.00847,0.847
127.79,0.00847,0.847
127.80,0.00847,0.847
127.81,0.00847,0.847
127.82,0.00847,0.847
127.83,0.00847,0.847
127.84,0.00847,0.847
127.84,0.00847,0.847
127.85,0.00847,0.847
127.86,0.00847,0.847
127.87,0.00847,0.847
127.88,0.00848,0.848
127.89,0.00848,0.848
127.90,0.00848,0.848
127.91,0.00848,0.848
127.92,0.00848,0.848
127.93,0.00848,0.848
127.94,0.00848,0.848
127.94,0.00848,0.848
127.95,0.00848,0.848
127.96,0.00848,0.848
127.97,0.00848,0.848
127.98,0.00849,0.849
127.99,0.00849,0.849
128.00,0.00849,0.849
128.01,0.00849,0.849
128.02,0.00849,0.849
128.03,0.00849,0.849
128.04,0.00849,0.849
128.05,0.00849,0.849
128.05,0.00849,0.849
128.06,0.00849,0.849
128.07,0.00849,0.849
128.08,0.00850,0.850
128.09,0.00850,0.850
128.10,0.00850,0.850
128.11,0.00850,0.850
128.12,0.00850,0.850
128.13,0.00850,0.850
128.14,0.00850,0.850
128.15,0.00850,0.850
128.16,0.00850,0.850
128.16,0.00850,0.850
128.17,0.00850,0.850
128.18,0.00851,0.851
128.19,0.00851,0.851
128.20,0.00851,0.851
128.21,0.00851,0.851
128.22,0.00851,0.851
128.23,0.00851,0.851
128.24,0.00851,0.851
128.25,0.00851,0.851
128.26,0.00851,0.851
128.27,0.00851,0.851
128.27,0.00851,0.851
128.28,0.00852,0.852
128.29,0.00852,0.852
128.30,0.00852,0.852
128.31,0.00852,0.852
128.32,0.00852,0.852
128.33,0.00852,0.852
128.34,0.00852,0.852
128.35,0.00852,0.852
128.36,0.00852,0.852
128.37,0.00852,0.852
128.38,0.00852,0.852
128.38,0.00853,0.853
128.39,0.00853,0.853
128.40,0.00853,0.853
128.41,0.00853,0.853
128.42,0.00853,0.853
128.43,0.00853,0.853
128.44,0.00853,0.853
128.45,0.00853,0.853
128.46,0.00853,0.853
128.47,0.00853,0.853
128.48,0.00853,0.853
128.48,0.00854,0.854
128.49,0.00854,0.854
128.50,0.00854,0.854
128.51,0.00854,0.854
128.52,0.00854,0.854
128.53,0.00854,0.854
128.54,0.00854,0.854
128.55,0.00854,0.854
128.56,0.00854,0.854
128.57,0.00854,0.854
128.58,0.00854,0.854
128.59,0.00854,0.854
128.59,0.00855,0.855
128.60,0.00855,0.855
128.61,0.00855,0.855
128.62,0.00855,0.855
128.63,0.00855,0.855
128.64,0.00855,0.855
128.65,0.00855,0.855
128.66,0.00855,0.855
128.67,0.00855,0.855
128.68,0.00855,0.855
128.69,0.00855,0.855
128.70,0.00856,0.856
128.70,0.00856,0.856
128.71,0.00856,0.856
128.72,0.00856,0.856
128.73,0.00856,0.856
128.74,0.00856,0.856
128.75,0.00856,0.856
128.76,0.00856,0.856
128.77,0.00856,0.856
128.78,0.00856,0.856
128.79,0.00856,0.856
128.80,0.00857,0.857
128.80,0.00857,0.857
128.81,0.00857,0.857
128.82,0.00857,0.857
128.83,0.00857,0.857
128.84,0.00857,0.857
128.85,0.00857,0.857
128.86,0.00857,0.857
128.87,0.00857,0.857
128.88,0.00857,0.857
128.89,0.00857,0.857
128.90,0.00858,0.858
128.91,0.00858,0.858
128.91,0.00858,0.858
128.92,0.00858,0.858
128.93,0.00858,0.858
128.94,0.00858,0.858
128.95,0.00858,0.858
128.96,0.00858,0.858
128.97,0.00858,0.858
128.98,0.00858,0.858
128.99,0.00858,0.858
129.00,0.00859,0.859
129.01,0.00859,0.859
129.01,0.00859,0.859
129.02,0.00859,0.859
129.03,0.00859,0.859
129.04,0.00859,0.859
129.05,0.00859,0.859
129.06,0.00859,0.859
129.07,0.00859,0.859
129.08,0.00859,0.859
129.09,0.00859,0.859
129.10,0.00860,0.860
129.11,0.00860,0.860
129.11,0.00860,0.860
129.12,0.00860,0.860
129.13,0.00860,0.860
129.14,0.00860,0.860
129.15,0.00860,0.860
129.16,0.00860,0.860
129.17,0.00860,0.860
129.18,0.00860,0.860
129.19,0.00860,0.860
129.20,0.00860,0.860
129.21,0.00861,0.861
129.21,0.00861,0.861
129.22,0.00861,0.861
129.23,0.00861,0.861
129.24,0.00861,0.861
129.25,0.00861,0.861
129.26,0.00861,0.861
129.27,0.00861,0.861
129.28,0.00861,0.861
129.29,0.00861,0.861
129.30,0.00861,0.861
129.31,0.00862,0.862
129.31,0.00862,0.862
129.32,0.00862,0.862
129.33,0.00862,0.862
129.34,0.00862,0.862
129.35,0.00862,0.862
129.36,0.00862,0.862
129.37,0.00862,0.862
129.38,0.00862,0.862
129.39,0.00862,0.862
129.40,0.00862,0.862
129.41,0.00863,0.863
129.41,0.00863,0.863
129.42,0.00863,0.863
129.43,0.00863,0.863
129.44,0.00863,0.863
129.45,0.00863,0.863
129.46,0.00863,0.863
129.47,0.00863,0.863
129.48,0.00863,0.863
129.49,0.00863,0.863
129.50,0.00863,0.863
129.51,0.00864,0.864
129.51,0.00864,0.864
129.52,0.00864,0.864
129.53,0.00864,0.864
129.54,0.00864,0.864
129.55,0.00864,0.864
129.56,0.00864,0.864
129.57,0.00864,0.864
129.58,0.00864,0.864
129.59,0.00864,0.864
129.60,0.00864,0.864
129.61,0.00865,0.865
129.61,0.00865,0.865
129.62,0.00865,0.865
129.63,0.00865,0.865
129.64,0.00865,0.865
129.65,0.00865,0.865
129.66,0.00865,0.865
129.67,0.00865,0.865
129.68,0.00865,0.865
129.69,0.00865,0.865
129.70,0.00865,0.865
129.71,0.00866,0.866
129.71,0.00866,0.866
129.72,0.00866,0.866
129.73,0.00866,0.866
129.74,0.00866,0.866
129.75,0.00866,0.866
129.76,0.00866,0.866
129.77,0.00866,0.866
129.78,0.00866,0.866
129.79,0.00866,0.866
129.80,0.00866,0.866
129.81,0.00867,0.867
129.81,0.00867,0.867
129.82,0.00867,0.867
129.83,0.00867,0.867
129.84,0.00867,0.867
129.85,0.00867,0.867
129.86,0.00867,0.867
129.87,0.00867,0.867
129.88,0.00867,0.867
129.89,0.00867,0.867
129.90,0.00867,0.867
129.91,0.00867,0.867
129.91,0.00868,0.868
129.92,0.00868,0.868
129.93,0.00868,0.868
129.94,0.00868,0.868
129.95,0.00868,0.868
129.96,0.00868,0.868
129.97,0.00868,0.868
129.98,0.00868,0.868
129.99,0.00868,0.868
130.00,0.00868,0.868
130.01,0.00868,0.868
130.01,0.00869,0.869
130.02,0.00869,0.869
130.03,0.00869,0.869
130.04,0.00869,0.869
130.05,0.00869,0.869
130.06,0.00869,0.869
130.07,0.00869,0.869
130.08,0.00869,0.869
130.09,0.00869,0.869
130.10,0.00869,0.869
130.11,0.00869,0.869
130.11,0.00870,0.870
130.12,0.00870,0.870
130.13,0.00870,0.870
130.14,0.00870,0.870
130.15,0.00870,0.870
130.16,0.00870,0.870
130.17,0.00870,0.870
130.18,0.00870,0.870
130.19,0.00870,0.870
130.20,0.00870,0.870
130.21,0.00870,0.870
130.21,0.00871,0.871
130.22,0.00871,0.871
130.23,0.00871,0.871
130.24,0.00871,0.871
130.25,0.00871,0.871
130.26,0.00871,0.871
130.27,0.00871,0.871
130.28,0.00871,0.871
130.29,0.00871,0.871
130.30,0.00871,0.871
130.31,0.00871,0.871
130.31,0.00872,0.872
130.32,0.00872,0.872
130.33,0.00872,0.872
130.34,0.00872,0.872
130.35,0.00872,0.872
130.36,0.00872,0.872
130.37,0.00872,0.872
130.38,0.00872,0.872
130.39,0.00872,0.872
130.40,0.00872,0.872
130.41,0.00872,0.872
130.41,0.00873,0.873
130.42,0.00873,0.873
130.43,0.00873,0.873
130.44,0.00873,0.873
130.45,0.00873,0.873
130.46,0.00873,0.873
130.47,0.00873,0.873
130.48,0.00873,0.873
130.49,0.00873,0.873
130.50,0.00873,0.873
130.51,0.00873,0.873
130.51,0.00874,0.874
130.52,0.00874,0.874
130.53,0.00874,0.874
130.54,0.00874,0.874
130.55,0.00874,0.874
130.56,0.00874,0.874
130.57,0.00874,0.874
130.58,0.00874,0.874
130.59,0.00874,0.874
130.60,0.00874,0.874
130.61,0.00874,0.874
130.61,0.00875,0.875
130.62,0.00875,0.875
130.63,0.00875,0.875
130.64,0.00875,0.875
130.65,0.00875,0.875
130.66,0.00875,0.875
130.67,0.00875,0.875
130.68,0.00875,0.875
130.69,0.00875,0.875
130.70,0.00875,0.875
130.71,0.00875,0.875
130.71,0.00876,0.876
130.72,0.00876,0.876
130.73,0.00876,0.876
130.74,0.00876,0.876
130.75,0.00876,0.876
130.76,0.00876,0.876
130.77,0.00876,0.876
130.78,0.00876,0.876
130.79,0.00876,0.876
130.80,0.00876,0.876
130.81,0.00876,0.876
130.81,0.00877,0.877
130.82,0.00877,0.877
130.83,0.00877,0.877
130.84,0.00877,0.877
130.85,0.00877,0.877
130.86,0.00877,0.877
130.87,0.00877,0.877
130.88,0.00877,0.877
130.89,0.00877,0.877
130.90,0.00877,0.877
130.90,0.00877,0.877
130.91,0.00878,0.878
130.92,0.00878,0.878
130.93,0.00878,0.878
130.94,0.00878,0.878
130.95,0.00878,0.878
130.96,0.00878,0.878
130.97,0.00878,0.878
130.98,0.00878,0.878
130.99,0.00878,0.878
131.00,0.00878,0.878
131.00,0.00878,0.878
131.01,0.00879,0.879
131.02,0.00879,0.879
131.03,0.00879,0.879
131.04,0.00879,0.879
131.05,0.00879,0.879
131.06,0.00879,0.879
131.07,0.00879,0.879
131.08,0.00879,0.879
131.09,0.00879,0.879
131.10,0.00879,0.879
131.10,0.00879,0.879
131.11,0.00880,0.880
131.12,0.00880,0.880
131.13,0.00880,0.880
131.14,0.00880,0.880
131.15,0.00880,0.880
131.16,0.00880,0.880
131.17,0.00880,0.880
131.18,0.00880,0.880
131.19,0.00880,0.880
131.20,0.00880,0.880
131.20,0.00880,0.880
131.21,0.00881,0.881
131.22,0.00881,0.881
131.23,0.00881,0.881
131.24,0.00881,0.881
131.25,0.00881,0.881
131.26,0.00881,0.881
131.27,0.00881,0.881
131.28,0.00881,0.881
131.29,0.00881,0.881
131.29,0.00881,0.881
131.30,0.00881,0.881
131.31,0.00881,0.881
131.32,0.00882,0.882
131.33,0.00882,0.882
131.34,0.00882,0.882
131.35,0.00882,0.882
131.36,0.00882,0.882
131.37,0.00882,0.882
131.38,0.00882,0.882
131.39,0.00882,0.882
131.39,0.00882,0.882
131.40,0.00882,0.882
131.41,0.00882,0.882
131.42,0.00883,0.883
131.43,0.00883,0.883
131.44,0.00883,0.883
131.45,0.00883,0.883
131.46,0.00883,0.883
131.47,0.00883,0.883
131.48,0.00883,0.883
131.49,0.00883,0.883
131.49,0.00883,0.883
131.50,0.00883,0.883
131.51,0.00883,0.883
131.52,0.00884,0.884
131.53,0.00884,0.884
131.54,0.00884,0.884
131.55,0.00884,0.884
131.56,0.00884,0.884
131.57,0.00884,0.884
131.58,0.00884,0.884
131.59,0.00884,0.884
131.59,0.00884,0.884
131.60,0.00884,0.884
131.61,0.00884,0.884
131.62,0.00885,0.885
131.63,0.00885,0.885
131.64,0.00885,0.885
131.65,0.00885,0.885
131.66,0.00885,0.885
131.67,0.00885,0.885
131.68,0.00885,0.885
131.69,0.00885,0.885
131.69,0.00885,0.885
131.70,0.00885,0.885
131.71,0.00885,0.885
131.72,0.00886,0.886
131.73,0.00886,0.886
131.74,0.00886,0.886
131.75,0.00886,0.886
131.76,0.00886,0.886
131.77,0.00886,0.886
131.78,0.00886,0.886
131.79,0.00886,0.886
131.79,0.00886,0.886
131.80,0.00886,0.886
131.81,0.00886,0.886
131.82,0.00887,0.887
131.83,0.00887,0.887
131.84,0.00887,0.887
131.85,0.00887,0.887
131.86,0.00887,0.887
131.87,0.00887,0.887
131.88,0.00887,0.887
131.89,0.00887,0.887
131.89,0.00887,0.887
131.90,0.00887,0.887
131.91,0.00887,0.887
131.92,0.00888,0.888
131.93,0.00888,0.888
131.94,0.00888,0.888
131.95,0.00888,0.888
131.96,0.00888,0.888
131.97,0.00888,0.888
131.98,0.00888,0.888
131.99,0.00888,0.888
132.00,0.00888,0.888
132.00,0.00888,0.888
132.01,0.00888,0.888
132.02,0.00889,0.889
132.03,0.00889,0.889
132.04,0.00889,0.889
132.05,0.00889,0.889
132.06,0.00889,0.889
132.07,0.00889,0.889
132.08,0.00889,0.889
132.09,0.00889,0.889
132.10,0.00889,0.889
132.10,0.00889,0.889
132.11,0.00889,0.889
132.12,0.00890,0.890
132.13,0.00890,0.890
132.14,0.00890,0.890
132.15,0.00890,0.890
132.16,0.00890,0.890
132.17,0.00890,0.890
132.18,0.00890,0.890
132.19,0.00890,0.890
132.20,0.00890,0.890
132.20,0.00890,0.890
132.21,0.00890,0.890
132.22,0.00891,0.891
132.23,0.00891,0.891
132.24,0.00891,0.891
132.25,0.00891,0.891
132.26,0.00891,0.891
132.27,0.00891,0.891
132.28,0.00891,0.891
132.29,0.00891,0.891
132.30,0.00891,0.891
132.30,0.00891,0.891
132.31,0.00891,0.891
132.32,0.00892,0.892
132.33,0.00892,0.892
132.34,0.00892,0.892
132.35,0.00892,0.892
132.36,0.00892,0.892
132.37,0.00892,0.892
132.38,0.00892,0.892
132.39,0.00892,0.892
132.40,0.00892,0.892
132.40,0.00892,0.892
132.41,0.00892,0.892
132.42,0.00893,0.893
132.43,0.00893,0.893
132.44,0.00893,0.893
132.45,0.00893,0.893
132.46,0.00893,0.893
132.47,0.00893,0.893
132.48,0.00893,0.893
132.49,0.00893,0.893
132.50,0.00893,0.893
132.50,0.00893,0.893
132.51,0.00893,0.893
132.52,0.00894,0.894
132.53,0.00894,0.894
132.54,0.00894,0.894
132.55,0.00894,0.894
132.56,0.00894,0.894
132.57,0.00894,0.894
132.58,0.00894,0.894
132.59,0.00894,0.894
132.60,0.00894,0.894
132.60,0.00894,0.894
132.61,0.00894,0.894
132.62,0.00895,0.895
132.63,0.00895,0.895
132.64,0.00895,0.895
132.65,0.00895,0.895
132.66,0.00895,0.895
132.67,0.00895,0.895
132.68,0.00895,0.895
132.69,0.00895,0.895
132.70,0.00895,0.895
132.70,0.00895,0.895
132.71,0.00895,0.895
132.72,0.00896,0.896
132.73,0.00896,0.896
132.74,0.00896,0.896
132.75,0.00896,0.896
132.76,0.00896,0.896
132.77,0.00896,0.896
132.78,0.00896,0.896
132.79,0.00896,0.896
132.80,0.00896,0.896
132.80,0.00896,0.896
132.81,0.00896,0.896
132.82,0.00897,0.897
132.83,0.00897,0.897
132.84,0.00897,0.897
132.85,0.00897,0.897
132.86,0.00897,0.897
132.87,0.00897,0.897
132.88,0.00897,0.897
132.89,0.00897,0.897
132.90,0.00897,0.897
132.90,0.00897,0.897
132.91,0.00897,0.897
132.92,0.00898,0.898
132.93,0.00898,0.898
132.94,0.00898,0.898
132.95,0.00898,0.898
132.96,0.00898,0.898
132.97,0.00898,0.898
132.98,0.00898,0.898
132.99,0.00898,0.898
133.00,0.00898,0.898
133.00,0.00898,0.898
133.01,0.00898,0.898
133.02,0.00899,0.899
133.03,0.00899,0.899
133.04,0.00899,0.899
133.05,0.00899,0.899
133.06,0.00899,0.899
133.07,0.00899,0.899
133.08,0.00899,0.899
133.09,0.00899,0.899
133.10,0.00899,0.899
133.10,0.00899,0.899
133.11,0.00899,0.899
133.12,0.00900,0.900
133.13,0.00900,0.900
133.14,0.00900,0.900
133.15,0.00900,0.900
133.16,0.00900,0.900
133.17,0.00900,0.900
133.18,0.00900,0.900
133.19,0.00900,0.900
133.20,0.00900,0.900
133.20,0.00900,0.900
133.21,0.00900,0.900
133.22,0.00901,0.901
133.23,0.00901,0.901
133.24,0.00901,0.901
133.25,0.00901,0.901
133.26,0.00901,0.901
133.27,0.00901,0.901
133.28,0.00901,0.901
133.29,0.00901,0.901
133.30,0.00901,0.901
133.30,0.00901,0.901
133.31,0.00901,0.901
133.32,0.00902,0.902
133.33,0.00902,0.902
133.34,0.00902,0.902
133.35,0.00902,0.902
133.36,0.00902,0.902
133.37,0.00902,0.902
133.38,0.00902,0.902
133.39,0.00902,0.902
133.40,0.00902,0.902
133.40,0.00902,0.902
133.41,0.00902,0.902
133.42,0.00903,0.903
133.43,0.00903,0.903
133.44,0.00903,0.903
133.45,0.00903,0.903
133.46,0.00903,0.903
133.47,0.00903,0.903
133.48,0.00903,0.903
133.49,0.00903,0.903
133.50,0.00903,0.903
133.50,0.00903,0.903
133.51,0.00903,0.903
133.52,0.00904,0.904
133.53,0.00904,0.904
133.54,0.00904,0.904
133.55,0.00904,0.904
133.56,0.00904,0.904
133.57,0.00904,0.904
133.58,0.00904,0.904
133.59,0.00904,0.904
133.60,0.00904,0.904
133.60,0.00904,0.904
133.61,0.00904,0.904
133.62,0.00905,0.905
133.63,0.00905,0.905
133.64,0.00905,0.905
133.65,0.00905,0.905
133.66,0.00905,0.905
133.67,0.00905,0.905
133.68,0.00905,0.905
133.69,0.00905,0.905
133.70,0.00905,0.905
133.70,0.00905,0.905
133.71,0.00905,0.905
133.72,0.00906,0.906
133.73,0.00906,0.906
133.74,0.00906,0.906
133.75,0.00906,0.906
133.76,0.00906,0.906
133.77,0.00906,0.906
133.78,0.00906,0.906
133.79,0.00906,0.906
133.80,0.00906,0.906
133.80,0.00906,0.906
133.81,0.00906,0.906
133.82,0.00907,0.907
133.83,0.00907,0.907
133.84,0.00907,0.907
133.85,0.00907,0.907
133.86,0.00907,0.907
133.87,0.00907,0.907
133.88,0.00907,0.907
133.89,0.00907,0.907
133.90,0.00907,0.907
133.90,0.00907,0.907
133.91,0.00907,0.907
133.92,0.00908,0.908
133.93,0.00908,0.908
133.94,0.00908,0.908
133.95,0.00908,0.908
133.96,0.00908,0.908
133.97,0.00908,0.908
133.98,0.00908,0.908
133.99,0.00908,0.908
134.00,0.00908,0.908
134.00,0.00908,0.908
134.01,0.00909,0.909
134.02,0.00909,0.909
134.03,0.00909,0.909
134.04,0.00909,0.909
134.05,0.00909,0.909
134.06,0.00909,0.909
134.07,0.00909,0.909
134.08,0.00909,0.909
134.09,0.00909,0.909
134.10,0.00909,0.909
134.10,0.00909,0.909
134.11,0.00910,0.910
134.12,0.00910,0.910
134.13,0.00910,0.910
134.14,0.00910,0.910
134.15,0.00910,0.910
134.16,0.00910,0.910
134.17,0.00910,0.910
134.18,0.00910,0.910
134.19,0.00910,0.910
134.20,0.00910,0.910
134.20,0.00910,0.910
134.21,0.00911,0.911
134.22,0.00911,0.911
134.23,0.00911,0.911
134.24,0.00911,0.911
134.25,0.00911,0.911
134.26,0.00911,0.911
134.27,0.00911,0.911
134.28,0.00911,0.911
134.29,0.00911,0.911
134.30,0.00911,0.911
134.30,0.00911,0.911
134.31,0.00912,0.912
134.32,0.00912,0.912
134.33,0.00912,0.912
134.34,0.00912,0.912
134.35,0.00912,0.912
134.36,0.00912,0.912
134.37,0.00912,0.912
134.38,0.00912,0.912
134.39,0.00912,0.912
134.40,0.00912,0.912
134.40,0.00912,0.912
134.41,0.00913,0.913
134.42,0.00913,0.913
134.43,0.00913,0.913
134.44,0.00913,0.913
134.45,0.00913,0.913
134.46,0.00913,0.913
134.47,0.00913,0.913
134.48,0.00913,0.913
134.49,0.00913,0.913
134.50,0.00913,0.913
134.50,0.00913,0.913
134.51,0.00914,0.914
134.52,0.00914,0.914
134.53,0.00914,0.914
134.54,0.00914,0.914
134.55,0.00914,0.914
134.56,0.00914,0.914
134.57,0.00914,0.914
134.58,0.00914,0.914
134.59,0.00914,0.914
134.60,0.00914,0.914
134.61,0.00914,0.914
134.61,0.00915,0.915
134.62,0.00915,0.915
134.63,0.00915,0.915
134.64,0.00915,0.915
134.65,0.00915,0.915
134.66,0.00915,0.915
134.67,0.00915,0.915
134.68,0.00915,0.915
134.69,0.00915,0.915
134.70,0.00915,0.915
134.71,0.00915,0.915
134.71,0.00916,0.916
134.72,0.00916,0.916
134.73,0.00916,0.916
134.74,0.00916,0.916
134.75,0.00916,0.916
134.76,0.00916,0.916
134.77,0.00916,0.916
134.78,0.00916,0.916
134.79,0.00916,0.916
134.80,0.00916,0.916
134.81,0.00916,0.916
134.81,0.00917,0.917
134.82,0.00917,0.917
134.83,0.00917,0.917
134.84,0.00917,0.917
134.85,0.00917,0.917
134.86,0.00917,0.917
134.87,0.00917,0.917
134.88,0.00917,0.917
134.89,0.00917,0.917
134.90,0.00917,0.917
134.91,0.00917,0.917
134.91,0.00918,0.918
134.92,0.00918,0.918
134.93,0.00918,0.918
134.94,0.00918,0.918
134.95,0.00918,0.918
134.96,0.00918,0.918
134.97,0.00918,0.918
134.98,0.00918,0.918
134.99,0.00918,0.918
135.00,0.00918,0.918
135.01,0.00918,0.918
135.01,0.00919,0.919
135.02,0.00919,0.919
135.03,0.00919,0.919
135.04,0.00919,0.919
135.05,0.00919,0.919
135.06,0.00919,0.919
135.07,0.00919,0.919
135.08,0.00919,0.919
135.09,0.00919,0.919
135.10,0.00919,0.919
135.11,0.00919,0.919
135.11,0.00920,0.920
135.12,0.00920,0.920
135.13,0.00920,0.920
135.14,0.00920,0.920
135.15,0.00920,0.920
135.16,0.00920,0.920
135.17,0.00920,0.920
135.18,0.00920,0.920
135.19,0.00920,0.920
135.20,0.00920,0.920
135.21,0.00920,0.920
135.21,0.00921,0.921
135.22,0.00921,0.921
135.23,0.00921,0.921
135.24,0.00921,0.921
135.25,0.00921,0.921
135.26,0.00921,0.921
135.27,0.00921,0.921
135.28,0.00921,0.921
135.29,0.00921,0.921
135.30,0.00921,0.921
135.31,0.00921,0.921
135.31,0.00922,0.922
135.32,0.00922,0.922
135.33,0.00922,0.922
135.34,0.00922,0.922
135.35,0.00922,0.922
135.36,0.00922,0.922
135.37,0.00922,0.922
135.38,0.00922,0.922
135.39,0.00922,0.922
135.40,0.00922,0.922
135.41,0.00922,0.922
135.41,0.00923,0.923
135.42,0.00923,0.923
135.43,0.00923,0.923
135.44,0.00923,0.923
135.45,0.00923,0.923
135.46,0.00923,0.923
135.47,0.00923,0.923
135.48,0.00923,0.923
135.49,0.00923,0.923
135.50,0.00923,0.923
135.51,0.00923,0.923
135.51,0.00924,0.924
135.52,0.00924,0.924
135.53,0.00924,0.924
135.54,0.00924,0.924
135.55,0.00924,0.924
135.56,0.00924,0.924
135.57,0.00924,0.924
135.58,0.00924,0.924
135.59,0.00924,0.924
135.60,0.00924,0.924
135.61,0.00924,0.924
135.61,0.00925,0.925
135.62,0.00925,0.925
135.63,0.00925,0.925
135.64,0.00925,0.925
135.65,0.00925,0.925
135.66,0.00925,0.925
135.67,0.00925,0.925
135.68,0.00925,0.925
135.69,0.00925,0.925
135.70,0.00925,0.925
135.71,0.00925,0.925
135.71,0.00926,0.926
135.72,0.00926,0.926
135.73,0.00926,0.926
135.74,0.00926,0.926
135.75,0.00926,0.926
135.76,0.00926,0.926
135.77,0.00926,0.926
135.78,0.00926,0.926
135.79,0.00926,0.926
135.80,0.00926,0.926
135.81,0.00926,0.926
135.81,0.00927,0.927
135.82,0.00927,0.927
135.83,0.00927,0.927
135.84,0.00927,0.927
135.85,0.00927,0.927
135.86,0.00927,0.927
135.87,0.00927,0.927
135.88,0.00927,0.927
135.89,0.00927,0.927
135.90,0.00927,0.927
135.91,0.00927,0.927
135.91,0.00928,0.928
135.92,0.00928,0.928
135.93,0.00928,0.928
135.94,0.00928,0.928
135.95,0.00928,0.928
135.96,0.00928,0.928
135.97,0.00928,0.928
135.98,0.00928,0.928
135.99,0.00928,0.928
136.00,0.00928,0.928
136.01,0.00928,0.928
136.01,0.00929,0.929
136.02,0.00929,0.929
136.03,0.00929,0.929
136.04,0.00929,0.929
136.05,0.00929,0.929
136.06,0.00929,0.929
136.07,0.00929,0.929
136.08,0.00929,0.929
136.09,0.00929,0.929
136.10,0.00929,0.929
136.11,0.00929,0.929
136.11,0.00930,0.930
136.12,0.00930,0.930
136.13,0.00930,0.930
136.14,0.00930,0.930
136.15,0.00930,0.930
136.16,0.00930,0.930
136.17,0.00930,0.930
136.18,0.00930,0.930
136.19,0.00930,0.930
136.20,0.00930,0.930
136.21,0.00930,0.930
136.21,0.00931,0.931
136.22,0.00931,0.931
136.23,0.00931,0.931
136.24,0.00931,0.931
136.25,0.00931,0.931
136.26,0.00931,0.931
136.27,0.00931,0.931
136.28,0.00931,0.931
136.29,0.00931,0.931
136.30,0.00931,0.931
136.31,0.00931,0.931
136.31,0.00932,0.932
136.32,0.00932,0.932
136.33,0.00932,0.932
136.34,0.00932,0.932
136.35,0.00932,0.932
136.36,0.00932,0.932
136.37,0.00932,0.932
136.38,0.00932,0.932
136.39,0.00932,0.932
136.40,0.00932,0.932
136.41,0.00932,0.932
136.41,0.00933,0.933
136.42,0.00933,0.933
136.43,0.00933,0.933
136.44,0.00933,0.933
136.45,0.00933,0.933
136.46,0.00933,0.933
136.47,0.00933,0.933
136.48,0.00933,0.933
136.49,0.00933,0.933
136.50,0.00933,0.933
136.51,0.00933,0.933
136.51,0.00934,0.934
136.52,0.00934,0.934
136.53,0.00934,0.934
136.54,0.00934,0.934
136.55,0.00934,0.934
136.56,0.00934,0.934
136.57,0.00934,0.934
136.58,0.00934,0.934
136.59,0.00934,0.934
136.60,0.00934,0.934
136.60,0.00934,0.934
136.61,0.00935,0.935
136.62,0.00935,0.935
136.63,0.00935,0.935
136.64,0.00935,0.935
136.65,0.00935,0.935
136.66,0.00935,0.935
136.67,0.00935,0.935
136.68,0.00935,0.935
136.69,0.00935,0.935
136.70,0.00935,0.935
136.70,0.00935,0.935
136.71,0.00936,0.936
136.72,0.00936,0.936
136.73,0.00936,0.936
136.74,0.00936,0.936
136.75,0.00936,0.936
136.76,0.00936,0.936
136.77,0.00936,0.936
136.78,0.00936,0.936
136.79,0.00936,0.936
136.80,0.00936,0.936
136.80,0.00936,0.936
136.81,0.00937,0.937
136.82,0.00937,0.937
136.83,0.00937,0.937
136.84,0.00937,0.937
136.85,0.00937,0.937
136.86,0.00937,0.937
136.87,0.00937,0.937
136.88,0.00937,0.937
136.89,0.00937,0.937
136.90,0.00937,0.937
136.90,0.00937,0.937
136.91,0.00938,0.938
136.92,0.00938,0.938
136.93,0.00938,0.938
136.94,0.00938,0.938
136.95,0.00938,0.938
136.96,0.00938,0.938
136.97,0.00938,0.938
136.98,0.00938,0.938
136.99,0.00938,0.938
137.00,0.00938,0.938
137.01,0.00938,0.938
137.01,0.00939,0.939
137.02,0.00939,0.939
137.03,0.00939,0.939
137.04,0.00939,0.939
137.05,0.00939,0.939
137.06,0.00939,0.939
137.07,0.00939,0.939
137.08,0.00939,0.939
137.09,0.00939,0.939
137.10,0.00939,0.939
137.11,0.00939,0.939
137.11,0.00940,0.940
137.12,0.00940,0.940
137.13,0.00940,0.940
137.14,0.00940,0.940
137.15,0.00940,0.940
137.16,0.00940,0.940
137.17,0.00940,0.940
137.18,0.00940,0.940
137.19,0.00940,0.940
137.20,0.00940,0.940
137.21,0.00940,0.940
137.21,0.00941,0.941
137.22,0.00941,0.941
137.23,0.00941,0.941
137.24,0.00941,0.941
137.25,0.00941,0.941
137.26,0.00941,0.941
137.27,0.00941,0.941
137.28,0.00941,0.941
137.29,0.00941,0.941
137.30,0.00941,0.941
137.31,0.00941,0.941
137.31,0.00942,0.942
137.32,0.00942,0.942
137.33,0.00942,0.942
137.34,0.00942,0.942
137.35,0.00942,0.942
137.36,0.00942,0.942
137.37,0.00942,0.942
137.38,0.00942,0.942
137.39,0.00942,0.942
137.40,0.00942,0.942
137.41,0.00942,0.942
137.42,0.00943,0.943
137.42,0.00943,0.943
137.43,0.00943,0.943
137.44,0.00943,0.943
137.45,0.00943,0.943
137.46,0.00943,0.943
137.47,0.00943,0.943
137.48,0.00943,0.943
137.49,0.00943,0.943
137.50,0.00943,0.943
137.51,0.00943,0.943
137.52,0.00944,0.944
137.52,0.00944,0.944
137.53,0.00944,0.944
137.54,0.00944,0.944
137.55,0.00944,0.944
137.56,0.00944,0.944
137.57,0.00944,0.944
137.58,0.00944,0.944
137.59,0.00944,0.944
137.60,0.00944,0.944
137.61,0.00944,0.944
137.62,0.00945,0.945
137.62,0.00945,0.945
137.63,0.00945,0.945
137.64,0.00945,0.945
137.65,0.00945,0.945
137.66,0.00945,0.945
137.67,0.00945,0.945
137.68,0.00945,0.945
137.69,0.00945,0.945
137.70,0.00945,0.945
137.71,0.00945,0.945
137.72,0.00946,0.946
137.73,0.00946,0.946
137.73,0.00946,0.946
137.74,0.00946,0.946
137.75,0.00946,0.946
137.76,0.00946,0.946
137.77,0.00946,0.946
137.78,0.00946,0.946
137.79,0.00946,0.946
137.80,0.00946,0.946
137.81,0.00946,0.946
137.82,0.00947,0.947
137.83,0.00947,0.947
137.83,0.00947,0.947
137.84,0.00947,0.947
137.85,0.00947,0.947
137.86,0.00947,0.947
137.87,0.00947,0.947
137.88,0.00947,0.947
137.89,0.00947,0.947
137.90,0.00947,0.947
137.91,0.00947,0.947
137.92,0.00948,0.948
137.93,0.00948,0.948
137.93,0.00948,0.948
137.94,0.00948,0.948
137.95,0.00948,0.948
137.96,0.00948,0.948
137.97,0.00948,0.948
137.98,0.00948,0.948
137.99,0.00948,0.948
138.00,0.00948,0.948
138.01,0.00948,0.948
138.02,0.00949,0.949
138.03,0.00949,0.949
138.03,0.00949,0.949
138.04,0.00949,0.949
138.05,0.00949,0.949
138.06,0.00949,0.949
138.07,0.00949,0.949
138.08,0.00949,0.949
138.09,0.00949,0.949
138.10,0.00949,0.949
138.11,0.00949,0.949
138.12,0.00950,0.950
138.13,0.00950,0.950
138.13,0.00950,0.950
138.14,0.00950,0.950
138.15,0.00950,0.950
138.16,0.00950,0.950
138.17,0.00950,0.950
138.18,0.00950,0.950
138.19,0.00950,0.950
138.20,0.00950,0.950
138.21,0.00950,0.950
138.22,0.00951,0.951
138.23,0.00951,0.951
138.23,0.00951,0.951
138.24,0.00951,0.951
138.25,0.00951,0.951
138.26,0.00951,0.951
138.27,0.00951,0.951
138.28,0.00951,0.951
138.29,0.00951,0.951
138.30,0.00951,0.951
138.31,0.00951,0.951
138.32,0.00952,0.952
138.33,0.00952,0.952
138.33,0.00952,0.952
138.34,0.00952,0.952
138.35,0.00952,0.952
138.36,0.00952,0.952
138.37,0.00952,0.952
138.38,0.00952,0.952
138.39,0.00952,0.952
138.40,0.00952,0.952
138.41,0.00952,0.952
138.42,0.00953,0.953
138.42,0.00953,0.953
138.43,0.00953,0.953
138.44,0.00953,0.953
138.45,0.00953,0.953
138.46,0.00953,0.953
138.47,0.00953,0.953
138.48,0.00953,0.953
138.49,0.00953,0.953
138.50,0.00953,0.953
138.51,0.00953,0.953
138.52,0.00954,0.954
138.52,0.00954,0.954
138.53,0.00954,0.954
138.54,0.00954,0.954
138.55,0.00954,0.954
138.56,0.00954,0.954
138.57,0.00954,0.954
138.58,0.00954,0.954
138.59,0.00954,0.954
138.60,0.00954,0.954
138.61,0.00954,0.954
138.62,0.00955,0.955
138.62,0.00955,0.955
138.63,0.00955,0.955
138.64,0.00955,0.955
138.65,0.00955,0.955
138.66,0.00955,0.955
138.67,0.00955,0.955
138.68,0.00955,0.955
138.69,0.00955,0.955
138.70,0.00955,0.955
138.71,0.00955,0.955
138.72,0.00955,0.955
138.72,0.00956,0.956
138.73,0.00956,0.956
138.74,0.00956,0.956
138.75,0.00956,0.956
138.76,0.00956,0.956
138.77,0.00956,0.956
138.78,0.00956,0.956
138.79,0.00956,0.956
138.80,0.00956,0.956
138.81,0.00956,0.956
138.82,0.00956,0.956
138.82,0.00957,0.957
138.83,0.00957,0.957
138.84,0.00957,0.957
138.85,0.00957,0.957
138.86,0.00957,0.957
138.87,0.00957,0.957
138.88,0.00957,0.957
138.89,0.00957,0.957
138.90,0.00957,0.957
138.91,0.00957,0.957
138.92,0.00957,0.957
138.92,0.00958,0.958
138.93,0.00958,0.958
138.94,0.00958,0.958
138.95,0.00958,0.958
138.96,0.00958,0.958
138.97,0.00958,0.958
138.98,0.00958,0.958
138.99,0.00958,0.958
139.00,0.00958,0.958
139.01,0.00958,0.958
139.02,0.00958,0.958
139.02,0.00959,0.959
139.03,0.00959,0.959
139.04,0.00959,0.959
139.05,0.00959,0.959
139.06,0.00959,0.959
139.07,0.00959,0.959
139.08,0.00959,0.959
139.09,0.00959,0.959
139.10,0.00959,0.959
139.11,0.00959,0.959
139.12,0.00959,0.959
139.12,0.00960,0.960
139.13,0.00960,0.960
139.14,0.00960,0.960
139.15,0.00960,0.960
139.16,0.00960,0.960
139.17,0.00960,0.960
139.18,0.00960,0.960
139.19,0.00960,0.960
139.20,0.00960,0.960
139.21,0.00960,0.960
139.22,0.00960,0.960
139.22,0.00961,0.961
139.23,0.00961,0.961
139.24,0.00961,0.961
139.25,0.00961,0.961
139.26,0.00961,0.961
139.27,0.00961,0.961
139.28,0.00961,0.961
139.29,0.00961,0.961
139.30,0.00961,0.961
139.31,0.00961,0.961
139.32,0.00961,0.961
139.33,0.00962,0.962
139.33,0.00962,0.962
139.34,0.00962,0.962
139.35,0.00962,0.962
139.36,0.00962,0.962
139.37,0.00962,0.962
139.38,0.00962,0.962
139.39,0.00962,0.962
139.40,0.00962,0.962
139.41,0.00962,0.962
139.42,0.00962,0.962
139.43,0.00963,0.963
139.43,0.00963,0.963
139.44,0.00963,0.963
139.45,0.00963,0.963
139.46,0.00963,0.963
139.47,0.00963,0.963
139.48,0.00963,0.963
139.49,0.00963,0.963
139.50,0.00963,0.963
139.51,0.00963,0.963
139.52,0.00963,0.963
139.53,0.00964,0.964
139.53,0.00964,0.964
139.54,0.00964,0.964
139.55,0.00964,0.964
139.56,0.00964,0.964
139.57,0.00964,0.964
139.58,0.00964,0.964
139.59,0.00964,0.964
139.60,0.00964,0.964
139.61,0.00964,0.964
139.62,0.00964,0.964
139.63,0.00965,0.965
139.63,0.00965,0.965
139.64,0.00965,0.965
139.65,0.00965,0.965
139.66,0.00965,0.965
139.67,0.00965,0.965
139.68,0.00965,0.965
139.69,0.00965,0.965
139.70,0.00965,0.965
139.71,0.00965,0.965
139.72,0.00965,0.965
139.73,0.00966,0.966
139.73,0.00966,0.966
139.74,0.00966,0.966
139.75,0.00966,0.966
139.76,0.00966,0.966
139.77,0.00966,0.966
139.78,0.00966,0.966
139.79,0.00966,0.966
139.80,0.00966,0.966
139.81,0.00966,0.966
139.82,0.00966,0.966
139.83,0.00967,0.967
139.83,0.00967,0.967
139.84,0.00967,0.967
139.85,0.00967,0.967
139.86,0.00967,0.967
139.87,0.00967,0.967
139.88,0.00967,0.967
139.89,0.00967,0.967
139.90,0.00967,0.967
139.91,0.00967,0.967
139.92,0.00967,0.967
139.93,0.00968,0.968
139.93,0.00968,0.968
139.94,0.00968,0.968
139.95,0.00968,0.968
139.96,0.00968,0.968
139.97,0.00968,0.968
139.98,0.00968,0.968
139.99,0.00968,0.968
140.00,0.00968,0.968
140.01,0.00968,0.968
140.02,0.00968,0.968
140.03,0.00968,0.968
140.03,0.00969,0.969
140.04,0.00969,0.969
140.05,0.00969,0.969
140.06,0.00969,0.969
140.07,0.00969,0.969
140.08,0.00969,0.969
140.09,0.00969,0.969
140.10,0.00969,0.969
140.11,0.00969,0.969
140.12,0.00969,0.969
140.13,0.00969,0.969
140.13,0.00970,0.970
140.14,0.00970,0.970
140.15,0.00970,0.970
140.16,0.00970,0.970
140.17,0.00970,0.970
140.18,0.00970,0.970
140.19,0.00970,0.970
140.20,0.00970,0.970
140.21,0.00970,0.970
140.22,0.00970,0.970
140.23,0.00970,0.970
140.23,0.00971,0.971
140.24,0.00971,0.971
140.25,0.00971,0.971
140.26,0.00971,0.971
140.27,0.00971,0.971
140.28,0.00971,0.971
140.29,0.00971,0.971
140.30,0.00971,0.971
140.31,0.00971,0.971
140.32,0.00971,0.971
140.33,0.00971,0.971
140.33,0.00972,0.972
140.34,0.00972,0.972
140.35,0.00972,0.972
140.36,0.00972,0.972
140.37,0.00972,0.972
140.38,0.00972,0.972
140.39,0.00972,0.972
140.40,0.00972,0.972
140.41,0.00972,0.972
140.42,0.00972,0.972
140.42,0.00972,0.972
140.43,0.00973,0.973
140.44,0.00973,0.973
140.45,0.00973,0.973
140.46,0.00973,0.973
140.47,0.00973,0.973
140.48,0.00973,0.973
140.49,0.00973,0.973
140.50,0.00973,0.973
140.51,0.00973,0.973
140.52,0.00973,0.973
140.52,0.00973,0.973
140.53,0.00974,0.974
140.54,0.00974,0.974
140.55,0.00974,0.974
140.56,0.00974,0.974
140.57,0.00974,0.974
140.58,0.00974,0.974
140.59,0.00974,0.974
140.60,0.00974,0.974
140.61,0.00974,0.974
140.62,0.00974,0.974
140.62,0.00974,0.974
140.63,0.00975,0.975
140.64,0.00975,0.975
140.65,0.00975,0.975
140.66,0.00975,0.975
140.67,0.00975,0.975
140.68,0.00975,0.975
140.69,0.00975,0.975
140.70,0.00975,0.975
140.71,0.00975,0.975
140.72,0.00975,0.975
140.72,0.00975,0.975
140.73,0.00976,0.976
140.74,0.00976,0.976
140.75,0.00976,0.976
140.76,0.00976,0.976
140.77,0.00976,0.976
140.78,0.00976,0.976
140.79,0.00976,0.976
140.80,0.00976,0.976
140.81,0.00976,0.976
140.82,0.00976,0.976
140.82,0.00976,0.976
140.83,0.00977,0.977
140.84,0.00977,0.977
140.85,0.00977,0.977
140.86,0.00977,0.977
140.87,0.00977,0.977
140.88,0.00977,0.977
140.89,0.00977,0.977
140.90,0.00977,0.977
140.91,0.00977,0.977
140.92,0.00977,0.977
140.92,0.00977,0.977
140.93,0.00978,0.978
140.94,0.00978,0.978
140.95,0.00978,0.978
140.96,0.00978,0.978
140.97,0.00978,0.978
140.98,0.00978,0.978
140.99,0.00978,0.978
141.00,0.00978,0.978
141.01,0.00978,0.978
141.02,0.00978,0.978
141.02,0.00978,0.978
141.03,0.00979,0.979
141.04,0.00979,0.979
141.05,0.00979,0.979
141.06,0.00979,0.979
141.07,0.00979,0.979
141.08,0.00979,0.979
141.09,0.00979,0.979
141.10,0.00979,0.979
141.11,0.00979,0.979
141.12,0.00979,0.979
141.12,0.00979,0.979
141.13,0.00980,0.980
141.14,0.00980,0.980
141.15,0.00980,0.980
141.16,0.00980,0.980
141.17,0.00980,0.980
141.18,0.00980,0.980
141.19,0.00980,0.980
141.20,0.00980,0.980
141.21,0.00980,0.980
141.22,0.00980,0.980
141.23,0.00980,0.980
141.23,0.00981,0.981
141.24,0.00981,0.981
141.25,0.00981,0.981
141.26,0.00981,0.981
141.27,0.00981,0.981
141.28,0.00981,0.981
141.29,0.00981,0.981
141.30,0.00981,0.981
141.31,0.00981,0.981
141.32,0.00981,0.981
141.33,0.00981,0.981
141.33,0.00982,0.982
141.34,0.00982,0.982
141.35,0.00982,0.982
141.36,0.00982,0.982
141.37,0.00982,0.982
141.38,0.00982,0.982
141.39,0.00982,0.982
141.40,0.00982,0.982
141.41,0.00982,0.982
141.42,0.00982,0.982
141.43,0.00982,0.982
141.43,0.00983,0.983
141.44,0.00983,0.983
141.45,0.00983,0.983
141.46,0.00983,0.983
141.47,0.00983,0.983
141.48,0.00983,0.983
141.49,0.00983,0.983
141.50,0.00983,0.983
141.51,0.00983,0.983
141.52,0.00983,0.983
141.53,0.00983,0.983
141.53,0.00984,0.984
141.54,0.00984,0.984
141.55,0.00984,0.984
141.56,0.00984,0.984
141.57,0.00984,0.984
141.58,0.00984,0.984
141.59,0.00984,0.984
141.60,0.00984,0.984
141.61,0.00984,0.984
141.62,0.00984,0.984
141.63,0.00984,0.984
141.63,0.00985,0.985
141.64,0.00985,0.985
141.65,0.00985,0.985
141.66,0.00985,0.985
141.67,0.00985,0.985
141.68,0.00985,0.985
141.69,0.00985,0.985
141.70,0.00985,0.985
141.71,0.00985,0.985
141.72,0.00985,0.985
141.73,0.00985,0.985
141.73,0.00986,0.986
141.74,0.00986,0.986
141.75,0.00986,0.986
141.76,0.00986,0.986
141.77,0.00986,0.986
141.78,0.00986,0.986
141.79,0.00986,0.986
141.80,0.00986,0.986
141.81,0.00986,0.986
141.82,0.00986,0.986
141.83,0.00986,0.986
141.83,0.00987,0.987
141.84,0.00987,0.987
141.85,0.00987,0.987
141.86,0.00987,0.987
141.87,0.00987,0.987
141.88,0.00987,0.987
141.89,0.00987,0.987
141.90,0.00987,0.987
141.91,0.00987,0.987
141.92,0.00987,0.987
141.93,0.00987,0.987
141.93,0.00988,0.988
141.94,0.00988,0.988
141.95,0.00988,0.988
141.96,0.00988,0.988
141.97,0.00988,0.988
141.98,0.00988,0.988
141.99,0.00988,0.988
142.00,0.00988,0.988
142.01,0.00988,0.988
142.02,0.00988,0.988
142.03,0.00988,0.988
142.03,0.00989,0.989
142.04,0.00989,0.989
142.05,0.00989,0.989
142.06,0.00989,0.989
142.07,0.00989,0.989
142.08,0.00989,0.989
142.09,0.00989,0.989
142.10,0.00989,0.989
142.11,0.00989,0.989
142.12,0.00989,0.989
142.13,0.00989,0.989
142.13,0.00990,0.990
142.14,0.00990,0.990
142.15,0.00990,0.990
142.16,0.00990,0.990
142.17,0.00990,0.990
142.18,0.00990,0.990
142.19,0.00990,0.990
142.20,0.00990,0.990
142.21,0.00990,0.990
142.22,0.00990,0.990
142.23,0.00990,0.990
142.23,0.00991,0.991
142.24,0.00991,0.991
142.25,0.00991,0.991
142.26,0.00991,0.991
142.27,0.00991,0.991
142.28,0.00991,0.991
142.29,0.00991,0.991
142.30,0.00991,0.991
142.31,0.00991,0.991
142.32,0.00991,0.991
142.32,0.00991,0.991
142.33,0.00992,0.992
142.34,0.00992,0.992
142.35,0.00992,0.992
142.36,0.00992,0.992
142.37,0.00992,0.992
142.38,0.00992,0.992
142.39,0.00992,0.992
142.40,0.00992,0.992
142.41,0.00992,0.992
142.42,0.00992,0.992
142.42,0.00992,0.992
142.43,0.00993,0.993
142.44,0.00993,0.993
142.45,0.00993,0.993
142.46,0.00993,0.993
142.47,0.00993,0.993
142.48,0.00993,0.993
142.49,0.00993,0.993
142.50,0.00993,0.993
142.51,0.00993,0.993
142.52,0.00993,0.993
142.52,0.00993,0.993
142.53,0.00994,0.994
142.54,0.00994,0.994
142.55,0.00994,0.994
142.56,0.00994,0.994
142.57,0.00994,0.994
142.58,0.00994,0.994
142.59,0.00994,0.994
142.60,0.00994,0.994
142.61,0.00994,0.994
142.62,0.00994,0.994
142.62,0.00994,0.994
142.63,0.00995,0.995
142.64,0.00995,0.995
142.65,0.00995,0.995
142.66,0.00995,0.995
142.67,0.00995,0.995
142.68,0.00995,0.995
142.69,0.00995,0.995
142.70,0.00995,0.995
142.71,0.00995,0.995
142.72,0.00995,0.995
142.72,0.00995,0.995
142.73,0.00996,0.996
142.74,0.00996,0.996
142.75,0.00996,0.996
142.76,0.00996,0.996
142.77,0.00996,0.996
142.78,0.00996,0.996
142.79,0.00996,0.996
142.80,0.00996,0.996
142.81,0.00996,0.996
142.82,0.00996,0.996
142.82,0.00996,0.996
142.83,0.00997,0.997
142.84,0.00997,0.997
142.85,0.00997,0.997
142.86,0.00997,0.997
142.87,0.00997,0.997
142.88,0.00997,0.997
142.89,0.00997,0.997
142.90,0.00997,0.997
142.91,0.00997,0.997
142.92,0.00997,0.997
142.92,0.00997,0.997
142.93,0.00998,0.998
142.94,0.00998,0.998
142.95,0.00998,0.998
142.96,0.00998,0.998
142.97,0.00998,0.998
142.98,0.00998,0.998
142.99,0.00998,0.998
143.00,0.00998,0.998
143.01,0.00998,0.998
143.02,0.00998,0.998
143.02,0.00998,0.998
143.03,0.00999,0.999
143.04,0.00999,0.999
143.05,0.00999,0.999
143.06,0.00999,0.999
143.07,0.00999,0.999
143.08,0.00999,0.999
143.09,0.00999,0.999
143.10,0.00999,0.999
143.11,0.00999,0.999
143.12,0.00999,0.999
143.12,0.00999,0.999
143.13,0.01000,1.000
143.14,0.01000,1.000
143.15,0.01000,1.000
143.16,0.01000,1.000
143.17,0.01000,1.000
143.18,0.01000,1.000
143.19,0.01000,1.000
143.20,0.01000,1.000
143.21,0.01000,1.000
143.22,0.01000,1.000
143.22,0.01000,1.000
143.23,0.01001,1.001
143.24,0.01001,1.001
143.25,0.01001,1.001
143.26,0.01001,1.001
143.27,0.01001,1.001
143.28,0.01001,1.001
143.29,0.01001,1.001
143.30,0.01001,1.001
143.31,0.01001,1.001
143.32,0.01001,1.001
143.32,0.01001,1.001
143.33,0.01002,1.002
143.34,0.01002,1.002
143.35,0.01002,1.002
143.36,0.01002,1.002
143.37,0.01002,1.002
143.38,0.01002,1.002
143.39,0.01002,1.002
143.40,0.01002,1.002
143.41,0.01002,1.002
143.42,0.01002,1.002
143.42,0.01002,1.002
143.43,0.01003,1.003
143.44,0.01003,1.003
143.45,0.01003,1.003
143.46,0.01003,1.003
143.47,0.01003,1.003
143.48,0.01003,1.003
143.49,0.01003,1.003
143.50,0.01003,1.003
143.51,0.01003,1.003
143.52,0.01003,1.003
143.52,0.01003,1.003
143.53,0.01004,1.004
143.54,0.01004,1.004
143.55,0.01004,1.004
143.56,0.01004,1.004
143.57,0.01004,1.004
143.58,0.01004,1.004
143.59,0.01004,1.004
143.60,0.01004,1.004
143.61,0.01004,1.004
143.62,0.01004,1.004
143.62,0.01004,1.004
143.63,0.01005,1.005
143.64,0.01005,1.005
143.65,0.01005,1.005
143.66,0.01005,1.005
143.67,0.01005,1.005
143.68,0.01005,1.005
143.69,0.01005,1.005
143.70,0.01005,1.005
143.71,0.01005,1.005
143.72,0.01005,1.005
143.72,0.01005,1.005
143.73,0.01006,1.006
143.74,0.01006,1.006
143.75,0.01006,1.006
143.76,0.01006,1.006
143.77,0.01006,1.006
143.78,0.01006,1.006
143.79,0.01006,1.006
143.80,0.01006,1.006
143.81,0.01006,1.006
143.82,0.01006,1.006
143.82,0.01006,1.006
143.83,0.01007,1.007
143.84,0.01007,1.007
143.85,0.01007,1.007
143.86,0.01007,1.007
143.87,0.01007,1.007
143.88,0.01007,1.007
143.89,0.01007,1.007
143.90,0.01007,1.007
143.91,0.01007,1.007
143.92,0.01007,1.007
143.92,0.01007,1.007
143.93,0.01008,1.008
143.94,0.01008,1.008
143.95,0.01008,1.008
143.96,0.01008,1.008
143.97,0.01008,1.008
143.98,0.01008,1.008
143.99,0.01008,1.008
144.00,0.01008,1.008
144.01,0.01008,1.008
144.02,0.01008,1.008
144.02,0.01008,1.008
144.03,0.01009,1.009
144.04,0.01009,1.009
144.05,0.01009,1.009
144.06,0.01009,1.009
144.07,0.01009,1.009
144.08,0.01009,1.009
144.09,0.01009,1.009
144.10,0.01009,1.009
144.11,0.01009,1.009
144.12,0.01009,1.009
144.12,0.01009,1.009
144.13,0.01010,1.010
144.14,0.01010,1.010
144.15,0.01010,1.010
144.16,0.01010,1.010
144.17,0.01010,1.010
144.18,0.01010,1.010
144.19,0.01010,1.010
144.20,0.01010,1.010
144.21,0.01010,1.010
144.21,0.01010,1.010
144.22,0.01010,1.010
144.23,0.01011,1.011
144.24,0.01011,1.011
144.25,0.01011,1.011
144.26,0.01011,1.011
144.27,0.01011,1.011
144.28,0.01011,1.011
144.29,0.01011,1.011
144.30,0.01011,1.011
144.31,0.01011,1.011
144.31,0.01011,1.011
144.32,0.01011,1.011
144.33,0.01012,1.012
144.34,0.01012,1.012
144.35,0.01012,1.012
144.36,0.01012,1.012
144.37,0.01012,1.012
144.38,0.01012,1.012
144.39,0.01012,1.012
144.40,0.01012,1.012
144.41,0.01012,1.012
144.41,0.01012,1.012
144.42,0.01012,1.012
144.43,0.01013,1.013
144.44,0.01013,1.013
144.45,0.01013,1.013
144.46,0.01013,1.013
144.47,0.01013,1.013
144.48,0.01013,1.013
144.49,0.01013,1.013
144.50,0.01013,1.013
144.50,0.01013,1.013
144.51,0.01013,1.013
144.52,0.01013,1.013
144.53,0.01014,1.014
144.54,0.01014,1.014
144.55,0.01014,1.014
144.56,0.01014,1.014
144.57,0.01014,1.014
144.58,0.01014,1.014
144.59,0.01014,1.014
144.60,0.01014,1.014
144.60,0.01014,1.014
144.61,0.01014,1.014
144.62,0.01014,1.014
144.63,0.01015,1.015
144.64,0.01015,1.015
144.65,0.01015,1.015
144.66,0.01015,1.015
144.67,0.01015,1.015
144.68,0.01015,1.015
144.69,0.01015,1.015
144.70,0.01015,1.015
144.70,0.01015,1.015
144.71,0.01015,1.015
144.72,0.01015,1.015
144.73,0.01016,1.016
144.74,0.01016,1.016
144.75,0.01016,1.016
144.76,0.01016,1.016
144.77,0.01016,1.016
144.78,0.01016,1.016
144.79,0.01016,1.016
144.79,0.01016,1.016
144.80,0.01016,1.016
144.81,0.01016,1.016
144.82,0.01016,1.016
144.83,0.01017,1.017
144.84,0.01017,1.017
144.85,0.01017,1.017
144.86,0.01017,1.017
144.87,0.01017,1.017
144.88,0.01017,1.017
144.89,0.01017,1.017
144.89,0.01017,1.017
144.90,0.01017,1.017
144.91,0.01017,1.017
144.92,0.01017,1.017
144.93,0.01018,1.018
144.94,0.01018,1.018
144.95,0.01018,1.018
144.96,0.01018,1.018
144.97,0.01018,1.018
144.98,0.01018,1.018
144.98,0.01018,1.018
144.99,0.01018,1.018
145.00,0.01018,1.018
145.01,0.01018,1.018
145.02,0.01018,1.018
145.03,0.01019,1.019
145.04,0.01019,1.019
145.05,0.01019,1.019
145.06,0.01019,1.019
145.07,0.01019,1.019
145.08,0.01019,1.019
145.08,0.01019,1.019
145.09,0.01019,1.019
145.10,0.01019,1.019
145.11,0.01019,1.019
145.12,0.01019,1.019
145.13,0.01020,1.020
145.14,0.01020,1.020
145.15,0.01020,1.020
145.16,0.01020,1.020
145.17,0.01020,1.020
145.17,0.01020,1.020
145.18,0.01020,1.020
145.19,0.01020,1.020
145.20,0.01020,1.020
145.21,0.01020,1.020
145.22,0.01020,1.020
145.23,0.01021,1.021
145.24,0.01021,1.021
145.25,0.01021,1.021
145.26,0.01021,1.021
145.26,0.01021,1.021
145.27,0.01021,1.021
145.28,0.01021,1.021
145.29,0.01021,1.021
145.30,0.01021,1.021
145.31,0.01021,1.021
145.32,0.01021,1.021
145.33,0.01022,1.022
145.34,0.01022,1.022
145.35,0.01022,1.022
145.35,0.01022,1.022
145.36,0.01022,1.022
145.37,0.01022,1.022
145.38,0.01022,1.022
145.39,0.01022,1.022
145.40,0.01022,1.022
145.41,0.01022,1.022
145.42,0.01022,1.022
145.43,0.01023,1.023
145.44,0.01023,1.023
145.45,0.01023,1.023
145.45,0.01023,1.023
145.46,0.01023,1.023
145.47,0.01023,1.023
145.48,0.01023,1.023
145.49,0.01023,1.023
145.50,0.01023,1.023
145.51,0.01023,1.023
145.52,0.01023,1.023
145.53,0.01024,1.024
145.54,0.01024,1.024
145.54,0.01024,1.024
145.55,0.01024,1.024
145.56,0.01024,1.024
145.57,0.01024,1.024
145.58,0.01024,1.024
145.59,0.01024,1.024
145.60,0.01024,1.024
145.61,0.01024,1.024
145.62,0.01024,1.024
145.63,0.01025,1.025
145.63,0.01025,1.025
145.64,0.01025,1.025
145.65,0.01025,1.025
145.66,0.01025,1.025
145.67,0.01025,1.025
145.68,0.01025,1.025
145.69,0.01025,1.025
145.70,0.01025,1.025
145.71,0.01025,1.025
145.72,0.01025,1.025
145.72,0.01026,1.026
145.73,0.01026,1.026
145.74,0.01026,1.026
145.75,0.01026,1.026
145.76,0.01026,1.026
145.77,0.01026,1.026
145.78,0.01026,1.026
145.79,0.01026,1.026
145.80,0.01026,1.026
145.81,0.01026,1.026
145.81,0.01026,1.026
145.82,0.01027,1.027
145.83,0.01027,1.027
145.84,0.01027,1.027
145.85,0.01027,1.027
145.86,0.01027,1.027
145.87,0.01027,1.027
145.88,0.01027,1.027
145.89,0.01027,1.027
145.90,0.01027,1.027
145.90,0.01027,1.027
145.91,0.01027,1.027
145.92,0.01028,1.028
145.93,0.01028,1.028
145.94,0.01028,1.028
145.95,0.01028,1.028
145.96,0.01028,1.028
145.97,0.01028,1.028
145.98,0.01028,1.028
145.99,0.01028,1.028
145.99,0.01028,1.028
146.00,0.01028,1.028
146.01,0.01028,1.028
146.02,0.01029,1.029
146.03,0.01029,1.029
146.04,0.01029,1.029
146.05,0.01029,1.029
146.06,0.01029,1.029
146.07,0.01029,1.029
146.08,0.01029,1.029
146.08,0.01029,1.029
146.09,0.01029,1.029
146.10,0.01029,1.029
146.11,0.01029,1.029
146.12,0.01030,1.030
146.13,0.01030,1.030
146.14,0.01030,1.030
146.15,0.01030,1.030
146.16,0.01030,1.030
146.17,0.01030,1.030
146.18,0.01030,1.030
146.18,0.01030,1.030
146.19,0.01030,1.030
146.20,0.01030,1.030
146.21,0.01030,1.030
146.22,0.01031,1.031
146.23,0.01031,1.031
146.24,0.01031,1.031
146.25,0.01031,1.031
146.26,0.01031,1.031
146.27,0.01031,1.031
146.27,0.01031,1.031
146.28,0.01031,1.031
146.29,0.01031,1.031
146.30,0.01031,1.031
146.31,0.01031,1.031
146.32,0.01032,1.032
146.33,0.01032,1.032
146.34,0.01032,1.032
146.35,0.01032,1.032
146.36,0.01032,1.032
146.36,0.01032,1.032
146.37,0.01032,1.032
146.38,0.01032,1.032
146.39,0.01032,1.032
146.40,0.01032,1.032
146.41,0.01033,1.033
146.42,0.01033,1.033
146.43,0.01033,1.033
146.44,0.01033,1.033
146.45,0.01033,1.033
146.45,0.01033,1.033
146.46,0.01033,1.033
146.47,0.01033,1.033
146.48,0.01033,1.033
146.49,0.01033,1.033
146.50,0.01033,1.033
146.51,0.01034,1.034
146.52,0.01034,1.034
146.53,0.01034,1.034
146.54,0.01034,1.034
146.54,0.01034,1.034
146.55,0.01034,1.034
146.56,0.01034,1.034
146.57,0.01034,1.034
146.58,0.01034,1.034
146.59,0.01034,1.034
146.60,0.01034,1.034
146.61,0.01035,1.035
146.62,0.01035,1.035
146.63,0.01035,1.035
146.63,0.01035,1.035
146.64,0.01035,1.035
146.65,0.01035,1.035
146.66,0.01035,1.035
146.67,0.01035,1.035
146.68,0.01035,1.035
146.69,0.01035,1.035
146.70,0.01035,1.035
146.71,0.01036,1.036
146.72,0.01036,1.036
146.72,0.01036,1.036
146.73,0.01036,1.036
146.74,0.01036,1.036
146.75,0.01036,1.036
146.76,0.01036,1.036
146.77,0.01036,1.036
146.78,0.01036,1.036
146.79,0.01036,1.036
146.80,0.01036,1.036
146.81,0.01037,1.037
146.81,0.01037,1.037
146.82,0.01037,1.037
146.83,0.01037,1.037
146.84,0.01037,1.037
146.85,0.01037,1.037
146.86,0.01037,1.037
146.87,0.01037,1.037
146.88,0.01037,1.037
146.89,0.01037,1.037
146.90,0.01037,1.037
146.90,0.01038,1.038
146.91,0.01038,1.038
146.92,0.01038,1.038
146.93,0.01038,1.038
146.94,0.01038,1.038
146.95,0.01038,1.038
146.96,0.01038,1.038
146.97,0.01038,1.038
146.98,0.01038,1.038
146.99,0.01038,1.038
146.99,0.01038,1.038
147.00,0.01039,1.039
147.01,0.01039,1.039
147.02,0.01039,1.039
147.03,0.01039,1.039
147.04,0.01039,1.039
147.05,0.01039,1.039
147.06,0.01039,1.039
147.07,0.01039,1.039
147.08,0.01039,1.039
147.08,0.01039,1.039
147.09,0.01039,1.039
147.10,0.01040,1.040
147.11,0.01040,1.040
147.12,0.01040,1.040
147.13,0.01040,1.040
147.14,0.01040,1.040
147.15,0.01040,1.040
147.16,0.01040,1.040
147.17,0.01040,1.040
147.17,0.01040,1.040
147.18,0.01040,1.040
147.19,0.01040,1.040
147.20,0.01041,1.041
147.21,0.01041,1.041
147.22,0.01041,1.041
147.23,0.01041,1.041
147.24,0.01041,1.041
147.25,0.01041,1.041
147.26,0.01041,1.041
147.26,0.01041,1.041
147.27,0.01041,1.041
147.28,0.01041,1.041
147.29,0.01041,1.041
147.30,0.01042,1.042
147.31,0.01042,1.042
147.32,0.01042,1.042
147.33,0.01042,1.042
147.34,0.01042,1.042
147.34,0.01042,1.042
147.35,0.01042,1.042
147.36,0.01042,1.042
147.37,0.01042,1.042
147.38,0.01042,1.042
147.39,0.01042,1.042
147.40,0.01043,1.043
147.41,0.01043,1.043
147.42,0.01043,1.043
147.43,0.01043,1.043
147.43,0.01043,1.043
147.44,0.01043,1.043
147.45,0.01043,1.043
147.46,0.01043,1.043
147.47,0.01043,1.043
147.48,0.01043,1.043
147.49,0.01043,1.043
147.50,0.01044,1.044
147.51,0.01044,1.044
147.52,0.01044,1.044
147.52,0.01044,1.044
147.53,0.01044,1.044
147.54,0.01044,1.044
147.55,0.01044,1.044
147.56,0.01044,1.044
147.57,0.01044,1.044
147.58,0.01044,1.044
147.59,0.01044,1.044
147.60,0.01045,1.045
147.61,0.01045,1.045
147.61,0.01045,1.045
147.62,0.01045,1.045
147.63,0.01045,1.045
147.64,0.01045,1.045
147.65,0.01045,1.045
147.66,0.01045,1.045
147.67,0.01045,1.045
147.68,0.01045,1.045
147.69,0.01045,1.045
147.69,0.01046,1.046
147.70,0.01046,1.046
147.71,0.01046,1.046
147.72,0.01046,1.046
147.73,0.01046,1.046
147.74,0.01046,1.046
147.75,0.01046,1.046
147.76,0.01046,1.046
147.77,0.01046,1.046
147.78,0.01046,1.046
147.78,0.01046,1.046
147.79,0.01047,1.047
147.80,0.01047,1.047
147.81,0.01047,1.047
147.82,0.01047,1.047
147.83,0.01047,1.047
147.84,0.01047,1.047
147.85,0.01047,1.047
147.86,0.01047,1.047
147.87,0.01047,1.047
147.87,0.01047,1.047
147.88,0.01047,1.047
147.89,0.01048,1.048
147.90,0.01048,1.048
147.91,0.01048,1.048
147.92,0.01048,1.048
147.93,0.01048,1.048
147.94,0.01048,1.048
147.95,0.01048,1.048
147.95,0.01048,1.048
147.96,0.01048,1.048
147.97,0.01048,1.048
147.98,0.01048,1.048
147.99,0.01049,1.049
148.00,0.01049,1.049
148.01,0.01049,1.049
148.02,0.01049,1.049
148.03,0.01049,1.049
148.04,0.01049,1.049
148.04,0.01049,1.049
148.05,0.01049,1.049
148.06,0.01049,1.049
148.07,0.01049,1.049
148.08,0.01049,1.049
148.09,0.01050,1.050
148.10,0.01050,1.050
148.11,0.01050,1.050
148.12,0.01050,1.050
148.13,0.01050,1.050
148.13,0.01050,1.050
148.14,0.01050,1.050
148.15,0.01050,1.050
148.16,0.01050,1.050
148.17,0.01050,1.050
148.18,0.01050,1.050
148.19,0.01051,1.051
148.20,0.01051,1.051
148.21,0.01051,1.051
148.22,0.01051,1.051
148.22,0.01051,1.051
148.23,0.01051,1.051
148.24,0.01051,1.051
148.25,0.01051,1.051
148.26,0.01051,1.051
148.27,0.01051,1.051
148.28,0.01051,1.051
148.29,0.01052,1.052
148.30,0.01052,1.052
148.30,0.01052,1.052
148.31,0.01052,1.052
148.32,0.01052,1.052
148.33,0.01052,1.052
148.34,0.01052,1.052
148.35,0.01052,1.052
148.36,0.01052,1.052
148.37,0.01052,1.052
148.38,0.01052,1.052
148.39,0.01053,1.053
148.39,0.01053,1.053
148.40,0.01053,1.053
148.41,0.01053,1.053
148.42,0.01053,1.053
148.43,0.01053,1.053
148.44,0.01053,1.053
148.45,0.01053,1.053
148.46,0.01053,1.053
148.47,0.01053,1.053
148.48,0.01053,1.053
148.48,0.01054,1.054
148.49,0.01054,1.054
148.50,0.01054,1.054
148.51,0.01054,1.054
148.52,0.01054,1.054
148.53,0.01054,1.054
148.54,0.01054,1.054
148.55,0.01054,1.054
148.56,0.01054,1.054
148.57,0.01054,1.054
148.57,0.01054,1.054
148.58,0.01055,1.055
148.59,0.01055,1.055
148.60,0.01055,1.055
148.61,0.01055,1.055
148.62,0.01055,1.055
148.63,0.01055,1.055
148.64,0.01055,1.055
148.65,0.01055,1.055
148.65,0.01055,1.055
148.66,0.01055,1.055
148.67,0.01055,1.055
148.68,0.01056,1.056
148.69,0.01056,1.056
148.70,0.01056,1.056
148.71,0.01056,1.056
148.72,0.01056,1.056
148.73,0.01056,1.056
148.74,0.01056,1.056
148.74,0.01056,1.056
148.75,0.01056,1.056
148.76,0.01056,1.056
148.77,0.01056,1.056
148.78,0.01057,1.057
148.79,0.01057,1.057
148.80,0.01057,1.057
148.81,0.01057,1.057
148.82,0.01057,1.057
148.83,0.01057,1.057
148.83,0.01057,1.057
148.84,0.01057,1.057
148.85,0.01057,1.057
148.86,0.01057,1.057
148.87,0.01058,1.058
148.88,0.01058,1.058
148.89,0.01058,1.058
148.90,0.01058,1.058
148.91,0.01058,1.058
148.91,0.01058,1.058
148.92,0.01058,1.058
148.93,0.01058,1.058
148.94,0.01058,1.058
148.95,0.01058,1.058
148.96,0.01058,1.058
148.97,0.01059,1.059
148.98,0.01059,1.059
148.99,0.01059,1.059
149.00,0.01059,1.059
149.00,0.01059,1.059
149.01,0.01059,1.059
149.02,0.01059,1.059
149.03,0.01059,1.059
149.04,0.01059,1.059
149.05,0.01059,1.059
149.06,0.01059,1.059
149.07,0.01060,1.060
149.08,0.01060,1.060
149.08,0.01060,1.060
149.09,0.01060,1.060
149.10,0.01060,1.060
149.11,0.01060,1.060
149.12,0.01060,1.060
149.13,0.01060,1.060
149.14,0.01060,1.060
149.15,0.01060,1.060
149.16,0.01060,1.060
149.17,0.01061,1.061
149.17,0.01061,1.061
149.18,0.01061,1.061
149.19,0.01061,1.061
149.20,0.01061,1.061
149.21,0.01061,1.061
149.22,0.01061,1.061
149.23,0.01061,1.061
149.24,0.01061,1.061
149.25,0.01061,1.061
149.25,0.01061,1.061
149.26,0.01062,1.062
149.27,0.01062,1.062
149.28,0.01062,1.062
149.29,0.01062,1.062
149.30,0.01062,1.062
149.31,0.01062,1.062
149.32,0.01062,1.062
149.33,0.01062,1.062
149.34,0.01062,1.062
149.34,0.01062,1.062
149.35,0.01062,1.062
149.36,0.01063,1.063
149.37,0.01063,1.063
149.38,0.01063,1.063
149.39,0.01063,1.063
149.40,0.01063,1.063
149.41,0.01063,1.063
149.42,0.01063,1.063
149.42,0.01063,1.063
149.43,0.01063,1.063
149.44,0.01063,1.063
149.45,0.01063,1.063
149.46,0.01064,1.064
149.47,0.01064,1.064
149.48,0.01064,1.064
149.49,0.01064,1.064
149.50,0.01064,1.064
149.51,0.01064,1.064
149.51,0.01064,1.064
149.52,0.01064,1.064
149.53,0.01064,1.064
149.54,0.01064,1.064
149.55,0.01064,1.064
149.56,0.01065,1.065
149.57,0.01065,1.065
149.58,0.01065,1.065
149.59,0.01065,1.065
149.60,0.01065,1.065
149.60,0.01065,1.065
149.61,0.01065,1.065
149.62,0.01065,1.065
149.63,0.01065,1.065
149.64,0.01065,1.065
149.65,0.01065,1.065
149.66,0.01066,1.066
149.67,0.01066,1.066
149.68,0.01066,1.066
149.68,0.01066,1.066
149.69,0.01066,1.066
149.70,0.01066,1.066
149.71,0.01066,1.066
149.72,0.01066,1.066
149.73,0.01066,1.066
149.74,0.01066,1.066
149.75,0.01066,1.066
149.76,0.01067,1.067
149.77,0.01067,1.067
149.77,0.01067,1.067
149.78,0.01067,1.067
149.79,0.01067,1.067
149.80,0.01067,1.067
149.81,0.01067,1.067
149.82,0.01067,1.067
149.83,0.01067,1.067
149.84,0.01067,1.067
149.85,0.01068,1.068
149.86,0.01068,1.068
149.86,0.01068,1.068
149.87,0.01068,1.068
149.88,0.01068,1.068
149.89,0.01068,1.068
149.90,0.01068,1.068
149.91,0.01068,1.068
149.92,0.01068,1.068
149.93,0.01068,1.068
149.94,0.01068,1.068
149.94,0.01069,1.069
149.95,0.01069,1.069
149.96,0.01069,1.069
149.97,0.01069,1.069
149.98,0.01069,1.069
149.99,0.01069,1.069
150.00,0.01069,1.069
150.01,0.01069,1.069
150.02,0.01069,1.069
150.03,0.01069,1.069
150.03,0.01069,1.069
150.04,0.01070,1.070
150.05,0.01070,1.070
150.06,0.01070,1.070
150.07,0.01070,1.070
150.08,0.01070,1.070
150.09,0.01070,1.070
150.10,0.01070,1.070
150.11,0.01070,1.070
150.12,0.01070,1.070
150.12,0.01070,1.070
150.13,0.01070,1.070
150.14,0.01071,1.071
150.15,0.01071,1.071
150.16,0.01071,1.071
150.17,0.01071,1.071
150.18,0.01071,1.071
150.19,0.01071,1.071
150.20,0.01071,1.071
150.20,0.01071,1.071
150.21,0.01071,1.071
150.22,0.01071,1.071
150.23,0.01071,1.071
150.24,0.01072,1.072
150.25,0.01072,1.072
150.26,0.01072,1.072
150.27,0.01072,1.072
150.28,0.01072,1.072
150.29,0.01072,1.072
150.29,0.01072,1.072
150.30,0.01072,1.072
150.31,0.01072,1.072
150.32,0.01072,1.072
150.33,0.01072,1.072
150.34,0.01073,1.073
150.35,0.01073,1.073
150.36,0.01073,1.073
150.37,0.01073,1.073
150.38,0.01073,1.073
150.38,0.01073,1.073
150.39,0.01073,1.073
150.40,0.01073,1.073
150.41,0.01073,1.073
150.42,0.01073,1.073
150.43,0.01074,1.074
150.44,0.01074,1.074
150.45,0.01074,1.074
150.46,0.01074,1.074
150.46,0.01074,1.074
150.47,0.01074,1.074
150.48,0.01074,1.074
150.49,0.01074,1.074
150.50,0.01074,1.074
150.51,0.01074,1.074
150.52,0.01074,1.074
150.53,0.01075,1.075
150.54,0.01075,1.075
150.55,0.01075,1.075
150.55,0.01075,1.075
150.56,0.01075,1.075
150.57,0.01075,1.075
150.58,0.01075,1.075
150.59,0.01075,1.075
150.60,0.01075,1.075
150.61,0.01075,1.075
150.62,0.01075,1.075
150.63,0.01076,1.076
150.63,0.01076,1.076
150.64,0.01076,1.076
150.65,0.01076,1.076
150.66,0.01076,1.076
150.67,0.01076,1.076
150.68,0.01076,1.076
150.69,0.01076,1.076
150.70,0.01076,1.076
150.71,0.01076,1.076
150.72,0.01076,1.076
150.72,0.01077,1.077
150.73,0.01077,1.077
150.74,0.01077,1.077
150.75,0.01077,1.077
150.76,0.01077,1.077
150.77,0.01077,1.077
150.78,0.01077,1.077
150.79,0.01077,1.077
150.80,0.01077,1.077
150.80,0.01077,1.077
150.81,0.01077,1.077
150.82,0.01078,1.078
150.83,0.01078,1.078
150.84,0.01078,1.078
150.85,0.01078,1.078
150.86,0.01078,1.078
150.87,0.01078,1.078
150.88,0.01078,1.078
150.88,0.01078,1.078
150.89,0.01078,1.078
150.90,0.01078,1.078
150.91,0.01078,1.078
150.92,0.01079,1.079
150.93,0.01079,1.079
150.94,0.01079,1.079
150.95,0.01079,1.079
150.96,0.01079,1.079
150.97,0.01079,1.079
150.97,0.01079,1.079
150.98,0.01079,1.079
150.99,0.01079,1.079
151.00,0.01079,1.079
151.01,0.01080,1.080
151.02,0.01080,1.080
151.03,0.01080,1.080
151.04,0.01080,1.080
151.05,0.01080,1.080
151.05,0.01080,1.080
151.06,0.01080,1.080
151.07,0.01080,1.080
151.08,0.01080,1.080
151.09,0.01080,1.080
151.10,0.01080,1.080
151.11,0.01081,1.081
151.12,0.01081,1.081
151.13,0.01081,1.081
151.13,0.01081,1.081
151.14,0.01081,1.081
151.15,0.01081,1.081
151.16,0.01081,1.081
151.17,0.01081,1.081
151.18,0.01081,1.081
151.19,0.01081,1.081
151.20,0.01081,1.081
151.21,0.01082,1.082
151.22,0.01082,1.082
151.22,0.01082,1.082
151.23,0.01082,1.082
151.24,0.01082,1.082
151.25,0.01082,1.082
151.26,0.01082,1.082
151.27,0.01082,1.082
151.28,0.01082,1.082
151.29,0.01082,1.082
151.30,0.01082,1.082
151.30,0.01083,1.083
151.31,0.01083,1.083
151.32,0.01083,1.083
151.33,0.01083,1.083
151.34,0.01083,1.083
151.35,0.01083,1.083
151.36,0.01083,1.083
151.37,0.01083,1.083
151.38,0.01083,1.083
151.39,0.01083,1.083
151.39,0.01083,1.083
151.40,0.01084,1.084
151.41,0.01084,1.084
151.42,0.01084,1.084
151.43,0.01084,1.084
151.44,0.01084,1.084
151.45,0.01084,1.084
151.46,0.01084,1.084
151.47,0.01084,1.084
151.47,0.01084,1.084
151.48,0.01084,1.084
151.49,0.01084,1.084
151.50,0.01085,1.085
151.51,0.01085,1.085
151.52,0.01085,1.085
151.53,0.01085,1.085
151.54,0.01085,1.085
151.55,0.01085,1.085
151.56,0.01085,1.085
151.56,0.01085,1.085
151.57,0.01085,1.085
151.58,0.01085,1.085
151.59,0.01086,1.086
151.60,0.01086,1.086
151.61,0.01086,1.086
151.62,0.01086,1.086
151.63,0.01086,1.086
151.64,0.01086,1.086
151.64,0.01086,1.086
151.65,0.01086,1.086
151.66,0.01086,1.086
151.67,0.01086,1.086
151.68,0.01086,1.086
151.69,0.01087,1.087
151.70,0.01087,1.087
151.71,0.01087,1.087
151.72,0.01087,1.087
151.73,0.01087,1.087
151.73,0.01087,1.087
151.74,0.01087,1.087
151.75,0.01087,1.087
151.76,0.01087,1.087
151.77,0.01087,1.087
151.78,0.01087,1.087
151.79,0.01088,1.088
151.80,0.01088,1.088
151.81,0.01088,1.088
151.82,0.01088,1.088
151.82,0.01088,1.088
151.83,0.01088,1.088
151.84,0.01088,1.088
151.85,0.01088,1.088
151.86,0.01088,1.088
151.87,0.01088,1.088
151.88,0.01088,1.088
151.89,0.01089,1.089
151.90,0.01089,1.089
151.90,0.01089,1.089
151.91,0.01089,1.089
151.92,0.01089,1.089
151.93,0.01089,1.089
151.94,0.01089,1.089
151.95,0.01089,1.089
151.96,0.01089,1.089
151.97,0.01089,1.089
151.98,0.01089,1.089
151.99,0.01090,1.090
151.99,0.01090,1.090
152.00,0.01090,1.090
152.01,0.01090,1.090
152.02,0.01090,1.090
152.03,0.01090,1.090
152.04,0.01090,1.090
152.05,0.01090,1.090
152.06,0.01090,1.090
152.07,0.01090,1.090
152.07,0.01090,1.090
152.08,0.01091,1.091
152.09,0.01091,1.091
152.10,0.01091,1.091
152.11,0.01091,1.091
152.12,0.01091,1.091
152.13,0.01091,1.091
152.14,0.01091,1.091
152.15,0.01091,1.091
152.16,0.01091,1.091
152.16,0.01091,1.091
152.17,0.01091,1.091
152.18,0.01092,1.092
152.19,0.01092,1.092
152.20,0.01092,1.092
152.21,0.01092,1.092
152.22,0.01092,1.092
152.23,0.01092,1.092
152.24,0.01092,1.092
152.24,0.01092,1.092
152.25,0.01092,1.092
152.26,0.01092,1.092
152.27,0.01092,1.092
152.28,0.01093,1.093
152.29,0.01093,1.093
152.30,0.01093,1.093
152.31,0.01093,1.093
152.32,0.01093,1.093
152.33,0.01093,1.093
152.33,0.01093,1.093
152.34,0.01093,1.093
152.35,0.01093,1.093
152.36,0.01093,1.093
152.37,0.01093,1.093
152.38,0.01094,1.094
152.39,0.01094,1.094
152.40,0.01094,1.094
152.41,0.01094,1.094
152.41,0.01094,1.094
152.42,0.01094,1.094
152.43,0.01094,1.094
152.44,0.01094,1.094
152.45,0.01094,1.094
152.46,0.01094,1.094
152.47,0.01095,1.095
152.48,0.01095,1.095
152.49,0.01095,1.095
152.50,0.01095,1.095
152.50,0.01095,1.095
152.51,0.01095,1.095
152.52,0.01095,1.095
152.53,0.01095,1.095
152.54,0.01095,1.095
152.55,0.01095,1.095
152.56,0.01095,1.095
152.57,0.01096,1.096
152.58,0.01096,1.096
152.58,0.01096,1.096
152.59,0.01096,1.096
152.60,0.01096,1.096
152.61,0.01096,1.096
152.62,0.01096,1.096
152.63,0.01096,1.096
152.64,0.01096,1.096
152.65,0.01096,1.096
152.66,0.01096,1.096
152.67,0.01097,1.097
152.67,0.01097,1.097
152.68,0.01097,1.097
152.69,0.01097,1.097
152.70,0.01097,1.097
152.71,0.01097,1.097
152.72,0.01097,1.097
152.73,0.01097,1.097
152.74,0.01097,1.097
152.75,0.01097,1.097
152.75,0.01097,1.097
152.76,0.01098,1.098
152.77,0.01098,1.098
152.78,0.01098,1.098
152.79,0.01098,1.098
152.80,0.01098,1.098
152.81,0.01098,1.098
152.82,0.01098,1.098
152.83,0.01098,1.098
152.83,0.01098,1.098
152.84,0.01098,1.098
152.85,0.01098,1.098
152.86,0.01099,1.099
152.87,0.01099,1.099
152.88,0.01099,1.099
152.89,0.01099,1.099
152.90,0.01099,1.099
152.91,0.01099,1.099
152.91,0.01099,1.099
152.92,0.01099,1.099
152.93,0.01099,1.099
152.94,0.01099,1.099
152.95,0.01099,1.099
152.96,0.01100,1.100
152.97,0.01100,1.100
152.98,0.01100,1.100
152.99,0.01100,1.100
153.00,0.01100,1.100
153.00,0.01100,1.100
153.01,0.01100,1.100
153.02,0.01100,1.100
153.03,0.01100,1.100
153.04,0.01100,1.100
153.05,0.01100,1.100
153.06,0.01101,1.101
153.07,0.01101,1.101
153.08,0.01101,1.101
153.08,0.01101,1.101
153.09,0.01101,1.101
153.10,0.01101,1.101
153.11,0.01101,1.101
153.12,0.01101,1.101
153.13,0.01101,1.101
153.14,0.01101,1.101
153.15,0.01102,1.102
153.16,0.01102,1.102
153.16,0.01102,1.102
153.17,0.01102,1.102
153.18,0.01102,1.102
153.19,0.01102,1.102
153.20,0.01102,1.102
153.21,0.01102,1.102
153.22,0.01102,1.102
153.23,0.01102,1.102
153.24,0.01102,1.102
153.25,0.01103,1.103
153.25,0.01103,1.103
153.26,0.01103,1.103
153.27,0.01103,1.103
153.28,0.01103,1.103
153.29,0.01103,1.103
153.30,0.01103,1.103
153.31,0.01103,1.103
153.32,0.01103,1.103
153.33,0.01103,1.103
153.33,0.01103,1.103
153.34,0.01104,1.104
153.35,0.01104,1.104
153.36,0.01104,1.104
153.37,0.01104,1.104
153.38,0.01104,1.104
153.39,0.01104,1.104
153.40,0.01104,1.104
153.41,0.01104,1.104
153.42,0.01104,1.104
153.42,0.01104,1.104
153.43,0.01104,1.104
153.44,0.01105,1.105
153.45,0.01105,1.105
153.46,0.01105,1.105
153.47,0.01105,1.105
153.48,0.01105,1.105
153.49,0.01105,1.105
153.50,0.01105,1.105
153.50,0.01105,1.105
153.51,0.01105,1.105
153.52,0.01105,1.105
153.53,0.01106,1.106
153.54,0.01106,1.106
153.55,0.01106,1.106
153.56,0.01106,1.106
153.57,0.01106,1.106
153.58,0.01106,1.106
153.58,0.01106,1.106
153.59,0.01106,1.106
153.60,0.01106,1.106
153.61,0.01106,1.106
153.62,0.01106,1.106
153.63,0.01107,1.107
153.64,0.01107,1.107
153.65,0.01107,1.107
153.66,0.01107,1.107
153.67,0.01107,1.107
153.67,0.01107,1.107
153.68,0.01107,1.107
153.69,0.01107,1.107
153.70,0.01107,1.107
153.71,0.01107,1.107
153.72,0.01107,1.107
153.73,0.01108,1.108
153.74,0.01108,1.108
153.75,0.01108,1.108
153.75,0.01108,1.108
153.76,0.01108,1.108
153.77,0.01108,1.108
153.78,0.01108,1.108
153.79,0.01108,1.108
153.80,0.01108,1.108
153.81,0.01108,1.108
153.82,0.01108,1.108
153.83,0.01109,1.109
153.84,0.01109,1.109
153.84,0.01109,1.109
153.85,0.01109,1.109
153.86,0.01109,1.109
153.87,0.01109,1.109
153.88,0.01109,1.109
153.89,0.01109,1.109
153.90,0.01109,1.109
153.91,0.01109,1.109
153.92,0.01110,1.110
153.92,0.01110,1.110
153.93,0.01110,1.110
153.94,0.01110,1.110
153.95,0.01110,1.110
153.96,0.01110,1.110
153.97,0.01110,1.110
153.98,0.01110,1.110
153.99,0.01110,1.110
154.00,0.01110,1.110
154.01,0.01110,1.110
154.01,0.01111,1.111
154.02,0.01111,1.111
154.03,0.01111,1.111
154.04,0.01111,1.111
154.05,0.01111,1.111
154.06,0.01111,1.111
154.07,0.01111,1.111
154.08,0.01111,1.111
154.09,0.01111,1.111
154.09,0.01111,1.111
154.10,0.01111,1.111
154.11,0.01112,1.112
154.12,0.01112,1.112
154.13,0.01112,1.112
154.14,0.01112,1.112
154.15,0.01112,1.112
154.16,0.01112,1.112
154.17,0.01112,1.112
154.18,0.01112,1.112
154.18,0.01112,1.112
154.19,0.01112,1.112
154.20,0.01112,1.112
154.21,0.01113,1.113
154.22,0.01113,1.113
154.23,0.01113,1.113
154.24,0.01113,1.113
154.25,0.01113,1.113
154.26,0.01113,1.113
154.26,0.01113,1.113
154.27,0.01113,1.113
154.28,0.01113,1.113
154.29,0.01113,1.113
154.30,0.01114,1.114
154.31,0.01114,1.114
154.32,0.01114,1.114
154.33,0.01114,1.114
154.34,0.01114,1.114
154.34,0.01114,1.114
154.35,0.01114,1.114
154.36,0.01114,1.114
154.37,0.01114,1.114
154.38,0.01114,1.114
154.39,0.01114,1.114
154.40,0.01115,1.115
154.41,0.01115,1.115
154.42,0.01115,1.115
154.43,0.01115,1.115
154.43,0.01115,1.115
154.44,0.01115,1.115
154.45,0.01115,1.115
154.46,0.01115,1.115
154.47,0.01115,1.115
154.48,0.01115,1.115
154.49,0.01115,1.115
154.50,0.01116,1.116
154.51,0.01116,1.116
154.51,0.01116,1.116
154.52,0.01116,1.116
154.53,0.01116,1.116
154.54,0.01116,1.116
154.55,0.01116,1.116
154.56,0.01116,1.116
154.57,0.01116,1.116
154.58,0.01116,1.116
154.59,0.01116,1.116
154.59,0.01117,1.117
154.60,0.01117,1.117
154.61,0.01117,1.117
154.62,0.01117,1.117
154.63,0.01117,1.117
154.64,0.01117,1.117
154.65,0.01117,1.117
154.66,0.01117,1.117
154.67,0.01117,1.117
154.68,0.01117,1.117
154.68,0.01118,1.118
154.69,0.01118,1.118
154.70,0.01118,1.118
154.71,0.01118,1.118
154.72,0.01118,1.118
154.73,0.01118,1.118
154.74,0.01118,1.118
154.75,0.01118,1.118
154.76,0.01118,1.118
154.76,0.01118,1.118
154.77,0.01118,1.118
154.78,0.01119,1.119
154.79,0.01119,1.119
154.80,0.01119,1.119
154.81,0.01119,1.119
154.82,0.01119,1.119
154.83,0.01119,1.119
154.84,0.01119,1.119
154.85,0.01119,1.119
154.85,0.01119,1.119
154.86,0.01119,1.119
154.87,0.01119,1.119
154.88,0.01120,1.120
154.89,0.01120,1.120
154.90,0.01120,1.120
154.91,0.01120,1.120
154.92,0.01120,1.120
154.93,0.01120,1.120
154.93,0.01120,1.120
154.94,0.01120,1.120
154.95,0.01120,1.120
154.96,0.01120,1.120
154.97,0.01121,1.121
154.98,0.01121,1.121
154.99,0.01121,1.121
155.00,0.01121,1.121
155.01,0.01121,1.121
155.01,0.01121,1.121
155.02,0.01121,1.121
155.03,0.01121,1.121
155.04,0.01121,1.121
155.05,0.01121,1.121
155.06,0.01121,1.121
155.07,0.01122,1.122
155.08,0.01122,1.122
155.09,0.01122,1.122
155.10,0.01122,1.122
155.10,0.01122,1.122
155.11,0.01122,1.122
155.12,0.01122,1.122
155.13,0.01122,1.122
155.14,0.01122,1.122
155.15,0.01122,1.122
155.16,0.01122,1.122
155.17,0.01123,1.123
155.18,0.01123,1.123
155.18,0.01123,1.123
155.19,0.01123,1.123
155.20,0.01123,1.123
155.21,0.01123,1.123
155.22,0.01123,1.123
155.23,0.01123,1.123
155.24,0.01123,1.123
155.25,0.01123,1.123
155.26,0.01123,1.123
155.26,0.01124,1.124
155.27,0.01124,1.124
155.28,0.01124,1.124
155.29,0.01124,1.124
155.30,0.01124,1.124
155.31,0.01124,1.124
155.32,0.01124,1.124
155.33,0.01124,1.124
155.34,0.01124,1.124
155.35,0.01124,1.124
155.35,0.01125,1.125
155.36,0.01125,1.125
155.37,0.01125,1.125
155.38,0.01125,1.125
155.39,0.01125,1.125
155.40,0.01125,1.125
155.41,0.01125,1.125
155.42,0.01125,1.125
155.43,0.01125,1.125
155.43,0.01125,1.125
155.44,0.01125,1.125
155.45,0.01126,1.126
155.46,0.01126,1.126
155.47,0.01126,1.126
155.48,0.01126,1.126
155.49,0.01126,1.126
155.50,0.01126,1.126
155.51,0.01126,1.126
155.51,0.01126,1.126
155.52,0.01126,1.126
155.53,0.01126,1.126
155.54,0.01126,1.126
155.55,0.01127,1.127
155.56,0.01127,1.127
155.57,0.01127,1.127
155.58,0.01127,1.127
155.59,0.01127,1.127
155.59,0.01127,1.127
155.60,0.01127,1.127
155.61,0.01127,1.127
155.62,0.01127,1.127
155.63,0.01127,1.127
155.64,0.01127,1.127
155.65,0.01128,1.128
155.66,0.01128,1.128
155.67,0.01128,1.128
155.68,0.01128,1.128
155.68,0.01128,1.128
155.69,0.01128,1.128
155.70,0.01128,1.128
155.71,0.01128,1.128
155.72,0.01128,1.128
155.73,0.01128,1.128
155.74,0.01128,1.128
155.75,0.01129,1.129
155.76,0.01129,1.129
155.76,0.01129,1.129
155.77,0.01129,1.129
155.78,0.01129,1.129
155.79,0.01129,1.129
155.80,0.01129,1.129
155.81,0.01129,1.129
155.82,0.01129,1.129
155.83,0.01129,1.129
155.84,0.01130,1.130
155.84,0.01130,1.130
155.85,0.01130,1.130
155.86,0.01130,1.130
155.87,0.01130,1.130
155.88,0.01130,1.130
155.89,0.01130,1.130
155.90,0.01130,1.130
155.91,0.01130,1.130
155.92,0.01130,1.130
155.93,0.01130,1.130
155.93,0.01131,1.131
155.94,0.01131,1.131
155.95,0.01131,1.131
155.96,0.01131,1.131
155.97,0.01131,1.131
155.98,0.01131,1.131
155.99,0.01131,1.131
156.00,0.01131,1.131
156.01,0.01131,1.131
156.01,0.01131,1.131
156.02,0.01131,1.131
156.03,0.01132,1.132
156.04,0.01132,1.132
156.05,0.01132,1.132
156.06,0.01132,1.132
156.07,0.01132,1.132
156.08,0.01132,1.132
156.09,0.01132,1.132
156.09,0.01132,1.132
156.10,0.01132,1.132
156.11,0.01132,1.132
156.12,0.01132,1.132
156.13,0.01133,1.133
156.14,0.01133,1.133
156.15,0.01133,1.133
156.16,0.01133,1.133
156.17,0.01133,1.133
156.18,0.01133,1.133
156.18,0.01133,1.133
156.19,0.01133,1.133
156.20,0.01133,1.133
156.21,0.01133,1.133
156.22,0.01134,1.134
156.23,0.01134,1.134
156.24,0.01134,1.134
156.25,0.01134,1.134
156.26,0.01134,1.134
156.26,0.01134,1.134
156.27,0.01134,1.134
156.28,0.01134,1.134
156.29,0.01134,1.134
156.30,0.01134,1.134
156.31,0.01134,1.134
156.32,0.01135,1.135
156.33,0.01135,1.135
156.34,0.01135,1.135
156.35,0.01135,1.135
156.35,0.01135,1.135
156.36,0.01135,1.135
156.37,0.01135,1.135
156.38,0.01135,1.135
156.39,0.01135,1.135
156.40,0.01135,1.135
156.41,0.01135,1.135
156.42,0.01136,1.136
156.43,0.01136,1.136
156.43,0.01136,1.136
156.44,0.01136,1.136
156.45,0.01136,1.136
156.46,0.01136,1.136
156.47,0.01136,1.136
156.48,0.01136,1.136
156.49,0.01136,1.136
156.50,0.01136,1.136
156.51,0.01137,1.137
156.52,0.01137,1.137
156.52,0.01137,1.137
156.53,0.01137,1.137
156.54,0.01137,1.137
156.55,0.01137,1.137
156.56,0.01137,1.137
156.57,0.01137,1.137
156.58,0.01137,1.137
156.59,0.01137,1.137
156.60,0.01137,1.137
156.60,0.01138,1.138
156.61,0.01138,1.138
156.62,0.01138,1.138
156.63,0.01138,1.138
156.64,0.01138,1.138
156.65,0.01138,1.138
156.66,0.01138,1.138
156.67,0.01138,1.138
156.68,0.01138,1.138
156.69,0.01138,1.138
156.69,0.01138,1.138
156.70,0.01139,1.139
156.71,0.01139,1.139
156.72,0.01139,1.139
156.73,0.01139,1.139
156.74,0.01139,1.139
156.75,0.01139,1.139
156.76,0.01139,1.139
156.77,0.01139,1.139
156.77,0.01139,1.139
156.78,0.01139,1.139
156.79,0.01139,1.139
156.80,0.01140,1.140
156.81,0.01140,1.140
156.82,0.01140,1.140
156.83,0.01140,1.140
156.84,0.01140,1.140
156.85,0.01140,1.140
156.86,0.01140,1.140
156.86,0.01140,1.140
156.87,0.01140,1.140
156.88,0.01140,1.140
156.89,0.01141,1.141
156.90,0.01141,1.141
156.91,0.01141,1.141
156.92,0.01141,1.141
156.93,0.01141,1.141
156.94,0.01141,1.141
156.94,0.01141,1.141
156.95,0.01141,1.141
156.96,0.01141,1.141
156.97,0.01141,1.141
156.98,0.01141,1.141
156.99,0.01142,1.142
157.00,0.01142,1.142
157.01,0.01142,1.142
157.02,0.01142,1.142
157.03,0.01142,1.142
157.03,0.01142,1.142
157.04,0.01142,1.142
157.05,0.01142,1.142
157.06,0.01142,1.142
157.07,0.01142,1.142
157.08,0.01142,1.142
157.09,0.01143,1.143
157.10,0.01143,1.143
157.11,0.01143,1.143
157.11,0.01143,1.143
157.12,0.01143,1.143
157.13,0.01143,1.143
157.14,0.01143,1.143
157.15,0.01143,1.143
157.16,0.01143,1.143
157.17,0.01143,1.143
157.18,0.01144,1.144
157.19,0.01144,1.144
157.19,0.01144,1.144
157.20,0.01144,1.144
157.21,0.01144,1.144
157.22,0.01144,1.144
157.23,0.01144,1.144
157.24,0.01144,1.144
157.25,0.01144,1.144
157.26,0.01144,1.144
157.27,0.01144,1.144
157.28,0.01145,1.145
157.28,0.01145,1.145
157.29,0.01145,1.145
157.30,0.01145,1.145
157.31,0.01145,1.145
157.32,0.01145,1.145
157.33,0.01145,1.145
157.34,0.01145,1.145
157.35,0.01145,1.145
157.36,0.01145,1.145
157.36,0.01145,1.145
157.37,0.01146,1.146
157.38,0.01146,1.146
157.39,0.01146,1.146
157.40,0.01146,1.146
157.41,0.01146,1.146
157.42,0.01146,1.146
157.43,0.01146,1.146
157.44,0.01146,1.146
157.44,0.01146,1.146
157.45,0.01146,1.146
157.46,0.01146,1.146
157.47,0.01147,1.147
157.48,0.01147,1.147
157.49,0.01147,1.147
157.50,0.01147,1.147
157.51,0.01147,1.147
157.52,0.01147,1.147
157.53,0.01147,1.147
157.53,0.01147,1.147
157.54,0.01147,1.147
157.55,0.01147,1.147
157.56,0.01148,1.148
157.57,0.01148,1.148
157.58,0.01148,1.148
157.59,0.01148,1.148
157.60,0.01148,1.148
157.61,0.01148,1.148
157.61,0.01148,1.148
157.62,0.01148,1.148
157.63,0.01148,1.148
157.64,0.01148,1.148
157.65,0.01148,1.148
157.66,0.01149,1.149
157.67,0.01149,1.149
157.68,0.01149,1.149
157.69,0.01149,1.149
157.69,0.01149,1.149
157.70,0.01149,1.149
157.71,0.01149,1.149
157.72,0.01149,1.149
157.73,0.01149,1.149
157.74,0.01149,1.149
157.75,0.01149,1.149
157.76,0.01150,1.150
157.77,0.01150,1.150
157.77,0.01150,1.150
157.78,0.01150,1.150
157.79,0.01150,1.150
157.80,0.01150,1.150
157.81,0.01150,1.150
157.82,0.01150,1.150
157.83,0.01150,1.150
157.84,0.01150,1.150
157.85,0.01151,1.151
157.86,0.01151,1.151
157.86,0.01151,1.151
157.87,0.01151,1.151
157.88,0.01151,1.151
157.89,0.01151,1.151
157.90,0.01151,1.151
157.91,0.01151,1.151
157.92,0.01151,1.151
157.93,0.01151,1.151
157.94,0.01151,1.151
157.94,0.01152,1.152
157.95,0.01152,1.152
157.96,0.01152,1.152
157.97,0.01152,1.152
157.98,0.01152,1.152
157.99,0.01152,1.152
158.00,0.01152,1.152
158.01,0.01152,1.152
158.02,0.01152,1.152
158.02,0.01152,1.152
158.03,0.01152,1.152
158.04,0.01153,1.153
158.05,0.01153,1.153
158.06,0.01153,1.153
158.07,0.01153,1.153
158.08,0.01153,1.153
158.09,0.01153,1.153
158.10,0.01153,1.153
158.11,0.01153,1.153
158.11,0.01153,1.153
158.12,0.01153,1.153
158.13,0.01153,1.153
158.14,0.01154,1.154
158.15,0.01154,1.154
158.16,0.01154,1.154
158.17,0.01154,1.154
158.18,0.01154,1.154
158.19,0.01154,1.154
158.19,0.01154,1.154
158.20,0.01154,1.154
158.21,0.01154,1.154
158.22,0.01154,1.154
158.23,0.01155,1.155
158.24,0.01155,1.155
158.25,0.01155,1.155
158.26,0.01155,1.155
158.27,0.01155,1.155
158.28,0.01155,1.155
158.28,0.01155,1.155
158.29,0.01155,1.155
158.30,0.01155,1.155
158.31,0.01155,1.155
158.32,0.01155,1.155
158.33,0.01156,1.156
158.34,0.01156,1.156
158.35,0.01156,1.156
158.36,0.01156,1.156
158.36,0.01156,1.156
158.37,0.01156,1.156
158.38,0.01156,1.156
158.39,0.01156,1.156
158.40,0.01156,1.156
158.41,0.01156,1.156
158.42,0.01156,1.156
158.43,0.01157,1.157
158.44,0.01157,1.157
158.45,0.01157,1.157
158.45,0.01157,1.157
158.46,0.01157,1.157
158.47,0.01157,1.157
158.48,0.01157,1.157
158.49,0.01157,1.157
158.50,0.01157,1.157
158.51,0.01157,1.157
158.52,0.01157,1.157
158.53,0.01158,1.158
158.53,0.01158,1.158
158.54,0.01158,1.158
158.55,0.01158,1.158
158.56,0.01158,1.158
158.57,0.01158,1.158
158.58,0.01158,1.158
158.59,0.01158,1.158
158.60,0.01158,1.158
158.61,0.01158,1.158
158.62,0.01159,1.159
158.62,0.01159,1.159
158.63,0.01159,1.159
158.64,0.01159,1.159
158.65,0.01159,1.159
158.66,0.01159,1.159
158.67,0.01159,1.159
158.68,0.01159,1.159
158.69,0.01159,1.159
158.70,0.01159,1.159
158.70,0.01159,1.159
158.71,0.01160,1.160
158.72,0.01160,1.160
158.73,0.01160,1.160
158.74,0.01160,1.160
158.75,0.01160,1.160
158.76,0.01160,1.160
158.77,0.01160,1.160
158.78,0.01160,1.160
158.79,0.01160,1.160
158.79,0.01160,1.160
158.80,0.01160,1.160
158.81,0.01161,1.161
158.82,0.01161,1.161
158.83,0.01161,1.161
158.84,0.01161,1.161
158.85,0.01161,1.161
158.86,0.01161,1.161
158.87,0.01161,1.161
158.87,0.01161,1.161
158.88,0.01161,1.161
158.89,0.01161,1.161
158.90,0.01161,1.161
158.91,0.01162,1.162
158.92,0.01162,1.162
158.93,0.01162,1.162
158.94,0.01162,1.162
158.95,0.01162,1.162
158.95,0.01162,1.162
158.96,0.01162,1.162
158.97,0.01162,1.162
158.98,0.01162,1.162
158.99,0.01162,1.162
159.00,0.01163,1.163
159.01,0.01163,1.163
159.02,0.01163,1.163
159.03,0.01163,1.163
159.04,0.01163,1.163
159.04,0.01163,1.163
159.05,0.01163,1.163
159.06,0.01163,1.163
159.07,0.01163,1.163
159.08,0.01163,1.163
159.09,0.01163,1.163
159.10,0.01164,1.164
159.11,0.01164,1.164
159.12,0.01164,1.164
159.12,0.01164,1.164
159.13,0.01164,1.164
159.14,0.01164,1.164
159.15,0.01164,1.164
159.16,0.01164,1.164
159.17,0.01164,1.164
159.18,0.01164,1.164
159.19,0.01164,1.164
159.20,0.01165,1.165
159.20,0.01165,1.165
159.21,0.01165,1.165
159.22,0.01165,1.165
159.23,0.01165,1.165
159.24,0.01165,1.165
159.25,0.01165,1.165
159.26,0.01165,1.165
159.27,0.01165,1.165
159.28,0.01165,1.165
159.29,0.01165,1.165
159.29,0.01166,1.166
159.30,0.01166,1.166
159.31,0.01166,1.166
159.32,0.01166,1.166
159.33,0.01166,1.166
159.34,0.01166,1.166
159.35,0.01166,1.166
159.36,0.01166,1.166
159.37,0.01166,1.166
159.37,0.01166,1.166
159.38,0.01166,1.166
159.39,0.01167,1.167
159.40,0.01167,1.167
159.41,0.01167,1.167
159.42,0.01167,1.167
159.43,0.01167,1.167
159.44,0.01167,1.167
159.45,0.01167,1.167
159.45,0.01167,1.167
159.46,0.01167,1.167
159.47,0.01167,1.167
159.48,0.01168,1.168
159.49,0.01168,1.168
159.50,0.01168,1.168
159.51,0.01168,1.168
159.52,0.01168,1.168
159.53,0.01168,1.168
159.53,0.01168,1.168
159.54,0.01168,1.168
159.55,0.01168,1.168
159.56,0.01168,1.168
159.57,0.01168,1.168
159.58,0.01169,1.169
159.59,0.01169,1.169
159.60,0.01169,1.169
159.61,0.01169,1.169
159.62,0.01169,1.169
159.62,0.01169,1.169
159.63,0.01169,1.169
159.64,0.01169,1.169
159.65,0.01169,1.169
159.66,0.01169,1.169
159.67,0.01169,1.169
159.68,0.01170,1.170
159.69,0.01170,1.170
159.70,0.01170,1.170
159.70,0.01170,1.170
159.71,0.01170,1.170
159.72,0.01170,1.170
159.73,0.01170,1.170
159.74,0.01170,1.170
159.75,0.01170,1.170
159.76,0.01170,1.170
159.77,0.01170,1.170
159.78,0.01171,1.171
159.78,0.01171,1.171
159.79,0.01171,1.171
159.80,0.01171,1.171
159.81,0.01171,1.171
159.82,0.01171,1.171
159.83,0.01171,1.171
159.84,0.01171,1.171
159.85,0.01171,1.171
159.86,0.01171,1.171
159.87,0.01172,1.172
159.87,0.01172,1.172
159.88,0.01172,1.172
159.89,0.01172,1.172
159.90,0.01172,1.172
159.91,0.01172,1.172
159.92,0.01172,1.172
159.93,0.01172,1.172
159.94,0.01172,1.172
159.95,0.01172,1.172
159.95,0.01172,1.172
159.96,0.01173,1.173
159.97,0.01173,1.173
159.98,0.01173,1.173
159.99,0.01173,1.173
160.00,0.01173,1.173
160.01,0.01173,1.173
160.02,0.01173,1.173
160.03,0.01173,1.173
160.04,0.01173,1.173
160.04,0.01173,1.173
160.05,0.01173,1.173
160.06,0.01174,1.174
160.07,0.01174,1.174
160.08,0.01174,1.174
160.09,0.01174,1.174
160.10,0.01174,1.174
160.11,0.01174,1.174
160.12,0.01174,1.174
160.12,0.01174,1.174
160.13,0.01174,1.174
160.14,0.01174,1.174
160.15,0.01174,1.174
160.16,0.01175,1.175
160.17,0.01175,1.175
160.18,0.01175,1.175
160.19,0.01175,1.175
160.20,0.01175,1.175
160.20,0.01175,1.175
160.21,0.01175,1.175
160.22,0.01175,1.175
160.23,0.01175,1.175
160.24,0.01175,1.175
160.25,0.01176,1.176
160.26,0.01176,1.176
160.27,0.01176,1.176
160.28,0.01176,1.176
160.29,0.01176,1.176
160.29,0.01176,1.176
160.30,0.01176,1.176
160.31,0.01176,1.176
160.32,0.01176,1.176
160.33,0.01176,1.176
160.34,0.01176,1.176
160.35,0.01177,1.177
160.36,0.01177,1.177
160.37,0.01177,1.177
160.37,0.01177,1.177
160.38,0.01177,1.177
160.39,0.01177,1.177
160.40,0.01177,1.177
160.41,0.01177,1.177
160.42,0.01177,1.177
160.43,0.01177,1.177
160.44,0.01177,1.177
160.45,0.01178,1.178
160.46,0.01178,1.178
160.46,0.01178,1.178
160.47,0.01178,1.178
160.48,0.01178,1.178
160.49,0.01178,1.178
160.50,0.01178,1.178
160.51,0.01178,1.178
160.52,0.01178,1.178
160.53,0.01178,1.178
160.54,0.01178,1.178
160.54,0.01179,1.179
160.55,0.01179,1.179
160.56,0.01179,1.179
160.57,0.01179,1.179
160.58,0.01179,1.179
160.59,0.01179,1.179
160.60,0.01179,1.179
160.61,0.01179,1.179
160.62,0.01179,1.179
160.62,0.01179,1.179
160.63,0.01180,1.180
160.64,0.01180,1.180
160.65,0.01180,1.180
160.66,0.01180,1.180
160.67,0.01180,1.180
160.68,0.01180,1.180
160.69,0.01180,1.180
160.70,0.01180,1.180
160.71,0.01180,1.180
160.71,0.01180,1.180
160.72,0.01180,1.180
160.73,0.01181,1.181
160.74,0.01181,1.181
160.75,0.01181,1.181
160.76,0.01181,1.181
160.77,0.01181,1.181
160.78,0.01181,1.181
160.79,0.01181,1.181
160.79,0.01181,1.181
160.80,0.01181,1.181
160.81,0.01181,1.181
160.82,0.01181,1.181
160.83,0.01182,1.182
160.84,0.01182,1.182
160.85,0.01182,1.182
160.86,0.01182,1.182
160.87,0.01182,1.182
160.87,0.01182,1.182
160.88,0.01182,1.182
160.89,0.01182,1.182
160.90,0.01182,1.182
160.91,0.01182,1.182
160.92,0.01182,1.182
160.93,0.01183,1.183
160.94,0.01183,1.183
160.95,0.01183,1.183
160.95,0.01183,1.183
160.96,0.01183,1.183
160.97,0.01183,1.183
160.98,0.01183,1.183
160.99,0.01183,1.183
161.00,0.01183,1.183
161.01,0.01183,1.183
161.02,0.01184,1.184
161.03,0.01184,1.184
161.04,0.01184,1.184
161.04,0.01184,1.184
161.05,0.01184,1.184
161.06,0.01184,1.184
161.07,0.01184,1.184
161.08,0.01184,1.184
161.09,0.01184,1.184
161.10,0.01184,1.184
161.11,0.01184,1.184
161.12,0.01185,1.185
161.12,0.01185,1.185
161.13,0.01185,1.185
161.14,0.01185,1.185
161.15,0.01185,1.185
161.16,0.01185,1.185
161.17,0.01185,1.185
161.18,0.01185,1.185
161.19,0.01185,1.185
161.20,0.01185,1.185
161.20,0.01185,1.185
161.21,0.01186,1.186
161.22,0.01186,1.186
161.23,0.01186,1.186
161.24,0.01186,1.186
161.25,0.01186,1.186
161.26,0.01186,1.186
161.27,0.01186,1.186
161.28,0.01186,1.186
161.28,0.01186,1.186
161.29,0.01186,1.186
161.30,0.01186,1.186
161.31,0.01187,1.187
161.32,0.01187,1.187
161.33,0.01187,1.187
161.34,0.01187,1.187
161.35,0.01187,1.187
161.36,0.01187,1.187
161.37,0.01187,1.187
161.37,0.01187,1.187
161.38,0.01187,1.187
161.39,0.01187,1.187
161.40,0.01188,1.188
161.41,0.01188,1.188
161.42,0.01188,1.188
161.43,0.01188,1.188
161.44,0.01188,1.188
161.45,0.01188,1.188
161.45,0.01188,1.188
161.46,0.01188,1.188
161.47,0.01188,1.188
161.48,0.01188,1.188
161.49,0.01188,1.188
161.50,0.01189,1.189
161.51,0.01189,1.189
161.52,0.01189,1.189
161.53,0.01189,1.189
161.53,0.01189,1.189
161.54,0.01189,1.189
161.55,0.01189,1.189
161.56,0.01189,1.189
161.57,0.01189,1.189
161.58,0.01189,1.189
161.59,0.01189,1.189
161.60,0.01190,1.190
161.61,0.01190,1.190
161.62,0.01190,1.190
161.62,0.01190,1.190
161.63,0.01190,1.190
161.64,0.01190,1.190
161.65,0.01190,1.190
161.66,0.01190,1.190
161.67,0.01190,1.190
161.68,0.01190,1.190
161.69,0.01190,1.190
161.70,0.01191,1.191
161.70,0.01191,1.191
161.71,0.01191,1.191
161.72,0.01191,1.191
161.73,0.01191,1.191
161.74,0.01191,1.191
161.75,0.01191,1.191
161.76,0.01191,1.191
161.77,0.01191,1.191
161.78,0.01191,1.191
161.78,0.01192,1.192
161.79,0.01192,1.192
161.80,0.01192,1.192
161.81,0.01192,1.192
161.82,0.01192,1.192
161.83,0.01192,1.192
161.84,0.01192,1.192
161.85,0.01192,1.192
161.86,0.01192,1.192
161.87,0.01192,1.192
161.87,0.01192,1.192
161.88,0.01193,1.193
161.89,0.01193,1.193
161.90,0.01193,1.193
161.91,0.01193,1.193
161.92,0.01193,1.193
161.93,0.01193,1.193
161.94,0.01193,1.193
161.95,0.01193,1.193
161.95,0.01193,1.193
161.96,0.01193,1.193
161.97,0.01193,1.193
161.98,0.01194,1.194
161.99,0.01194,1.194
162.00,0.01194,1.194
162.01,0.01194,1.194
162.02,0.01194,1.194
162.03,0.01194,1.194
162.04,0.01194,1.194
162.04,0.01194,1.194
162.05,0.01194,1.194
162.06,0.01194,1.194
162.07,0.01195,1.195
162.08,0.01195,1.195
162.09,0.01195,1.195
162.10,0.01195,1.195
162.11,0.01195,1.195
162.12,0.01195,1.195
162.12,0.01195,1.195
162.13,0.01195,1.195
162.14,0.01195,1.195
162.15,0.01195,1.195
162.16,0.01195,1.195
162.17,0.01196,1.196
162.18,0.01196,1.196
162.19,0.01196,1.196
162.20,0.01196,1.196
162.20,0.01196,1.196
162.21,0.01196,1.196
162.22,0.01196,1.196
162.23,0.01196,1.196
162.24,0.01196,1.196
162.25,0.01196,1.196
162.26,0.01196,1.196
162.27,0.01197,1.197
162.28,0.01197,1.197
162.29,0.01197,1.197
162.29,0.01197,1.197
162.30,0.01197,1.197
162.31,0.01197,1.197
162.32,0.01197,1.197
162.33,0.01197,1.197
162.34,0.01197,1.197
162.35,0.01197,1.197
162.36,0.01197,1.197
162.37,0.01198,1.198
162.37,0.01198,1.198
162.38,0.01198,1.198
162.39,0.01198,1.198
162.40,0.01198,1.198
162.41,0.01198,1.198
162.42,0.01198,1.198
162.43,0.01198,1.198
162.44,0.01198,1.198
162.45,0.01198,1.198
162.45,0.01199,1.199
162.46,0.01199,1.199
162.47,0.01199,1.199
162.48,0.01199,1.199
162.49,0.01199,1.199
162.50,0.01199,1.199
162.51,0.01199,1.199
162.52,0.01199,1.199
162.53,0.01199,1.199
162.54,0.01199,1.199
162.54,0.01199,1.199
162.55,0.01200,1.200
162.56,0.01200,1.200
162.57,0.01200,1.200
162.58,0.01200,1.200
162.59,0.01200,1.200
162.60,0.01200,1.200
162.61,0.01200,1.200
162.62,0.01200,1.200
162.62,0.01200,1.200
162.63,0.01200,1.200
162.64,0.01200,1.200
162.65,0.01201,1.201
162.66,0.01201,1.201
162.67,0.01201,1.201
162.68,0.01201,1.201
162.69,0.01201,1.201
162.70,0.01201,1.201
162.70,0.01201,1.201
162.71,0.01201,1.201
162.72,0.01201,1.201
162.73,0.01201,1.201
162.74,0.01202,1.202
162.75,0.01202,1.202
162.76,0.01202,1.202
162.77,0.01202,1.202
162.78,0.01202,1.202
162.78,0.01202,1.202
162.79,0.01202,1.202
162.80,0.01202,1.202
162.81,0.01202,1.202
162.82,0.01202,1.202
162.83,0.01202,1.202
162.84,0.01203,1.203
162.85,0.01203,1.203
162.86,0.01203,1.203
162.87,0.01203,1.203
162.87,0.01203,1.203
162.88,0.01203,1.203
162.89,0.01203,1.203
162.90,0.01203,1.203
162.91,0.01203,1.203
162.92,0.01203,1.203
162.93,0.01203,1.203
162.94,0.01204,1.204
162.95,0.01204,1.204
162.95,0.01204,1.204
162.96,0.01204,1.204
162.97,0.01204,1.204
162.98,0.01204,1.204
162.99,0.01204,1.204
163.00,0.01204,1.204
163.01,0.01204,1.204
163.02,0.01204,1.204
163.03,0.01204,1.204
163.03,0.01205,1.205
163.04,0.01205,1.205
163.05,0.01205,1.205
163.06,0.01205,1.205
163.07,0.01205,1.205
163.08,0.01205,1.205
163.09,0.01205,1.205
163.10,0.01205,1.205
163.11,0.01205,1.205
163.11,0.01205,1.205
163.12,0.01205,1.205
163.13,0.01206,1.206
163.14,0.01206,1.206
163.15,0.01206,1.206
163.16,0.01206,1.206
163.17,0.01206,1.206
163.18,0.01206,1.206
163.19,0.01206,1.206
163.19,0.01206,1.206
163.20,0.01206,1.206
163.21,0.01206,1.206
163.22,0.01207,1.207
163.23,0.01207,1.207
163.24,0.01207,1.207
163.25,0.01207,1.207
163.26,0.01207,1.207
163.27,0.01207,1.207
163.28,0.01207,1.207
163.28,0.01207,1.207
163.29,0.01207,1.207
163.30,0.01207,1.207
163.31,0.01207,1.207
163.32,0.01208,1.208
163.33,0.01208,1.208
163.34,0.01208,1.208
163.35,0.01208,1.208
163.36,0.01208,1.208
163.36,0.01208,1.208
163.37,0.01208,1.208
163.38,0.01208,1.208
163.39,0.01208,1.208
163.40,0.01208,1.208
163.41,0.01208,1.208
163.42,0.01209,1.209
163.43,0.01209,1.209
163.44,0.01209,1.209
163.44,0.01209,1.209
163.45,0.01209,1.209
163.46,0.01209,1.209
163.47,0.01209,1.209
163.48,0.01209,1.209
163.49,0.01209,1.209
163.50,0.01209,1.209
163.51,0.01209,1.209
163.52,0.01210,1.210
163.53,0.01210,1.210
163.53,0.01210,1.210
163.54,0.01210,1.210
163.55,0.01210,1.210
163.56,0.01210,1.210
163.57,0.01210,1.210
163.58,0.01210,1.210
163.59,0.01210,1.210
163.60,0.01210,1.210
163.61,0.01211,1.211
163.61,0.01211,1.211
163.62,0.01211,1.211
163.63,0.01211,1.211
163.64,0.01211,1.211
163.65,0.01211,1.211
163.66,0.01211,1.211
163.67,0.01211,1.211
163.68,0.01211,1.211
163.69,0.01211,1.211
163.69,0.01211,1.211
163.70,0.01212,1.212
163.71,0.01212,1.212
163.72,0.01212,1.212
163.73,0.01212,1.212
163.74,0.01212,1.212
163.75,0.01212,1.212
163.76,0.01212,1.212
163.77,0.01212,1.212
163.78,0.01212,1.212
163.78,0.01212,1.212
163.79,0.01212,1.212
163.80,0.01213,1.213
163.81,0.01213,1.213
163.82,0.01213,1.213
163.83,0.01213,1.213
163.84,0.01213,1.213
163.85,0.01213,1.213
163.86,0.01213,1.213
163.86,0.01213,1.213
163.87,0.01213,1.213
163.88,0.01213,1.213
163.89,0.01213,1.213
163.90,0.01214,1.214
163.91,0.01214,1.214
163.92,0.01214,1.214
163.93,0.01214,1.214
163.94,0.01214,1.214
163.94,0.01214,1.214
163.95,0.01214,1.214
163.96,0.01214,1.214
163.97,0.01214,1.214
163.98,0.01214,1.214
163.99,0.01214,1.214
164.00,0.01215,1.215
164.01,0.01215,1.215
164.02,0.01215,1.215
164.03,0.01215,1.215
164.03,0.01215,1.215
164.04,0.01215,1.215
164.05,0.01215,1.215
164.06,0.01215,1.215
164.07,0.01215,1.215
164.08,0.01215,1.215
164.09,0.01216,1.216
164.10,0.01216,1.216
164.11,0.01216,1.216
164.11,0.01216,1.216
164.12,0.01216,1.216
164.13,0.01216,1.216
164.14,0.01216,1.216
164.15,0.01216,1.216
164.16,0.01216,1.216
164.17,0.01216,1.216
164.18,0.01216,1.216
164.19,0.01217,1.217
164.19,0.01217,1.217
164.20,0.01217,1.217
164.21,0.01217,1.217
164.22,0.01217,1.217
164.23,0.01217,1.217
164.24,0.01217,1.217
164.25,0.01217,1.217
164.26,0.01217,1.217
164.27,0.01217,1.217
164.28,0.01217,1.217
164.28,0.01218,1.218
164.29,0.01218,1.218
164.30,0.01218,1.218
164.31,0.01218,1.218
164.32,0.01218,1.218
164.33,0.01218,1.218
164.34,0.01218,1.218
164.35,0.01218,1.218
164.36,0.01218,1.218
164.36,0.01218,1.218
164.37,0.01218,1.218
164.38,0.01219,1.219
164.39,0.01219,1.219
164.40,0.01219,1.219
164.41,0.01219,1.219
164.42,0.01219,1.219
164.43,0.01219,1.219
164.44,0.01219,1.219
164.44,0.01219,1.219
164.45,0.01219,1.219
164.46,0.01219,1.219
164.47,0.01220,1.220
164.48,0.01220,1.220
164.49,0.01220,1.220
164.50,0.01220,1.220
164.51,0.01220,1.220
164.52,0.01220,1.220
164.52,0.01220,1.220
164.53,0.01220,1.220
164.54,0.01220,1.220
164.55,0.01220,1.220
164.56,0.01220,1.220
164.57,0.01221,1.221
164.58,0.01221,1.221
164.59,0.01221,1.221
164.60,0.01221,1.221
164.61,0.01221,1.221
164.61,0.01221,1.221
164.62,0.01221,1.221
164.63,0.01221,1.221
164.64,0.01221,1.221
164.65,0.01221,1.221
164.66,0.01221,1.221
164.67,0.01222,1.222
164.68,0.01222,1.222
164.69,0.01222,1.222
164.69,0.01222,1.222
164.70,0.01222,1.222
164.71,0.01222,1.222
164.72,0.01222,1.222
164.73,0.01222,1.222
164.74,0.01222,1.222
164.75,0.01222,1.222
164.76,0.01222,1.222
164.77,0.01223,1.223
164.77,0.01223,1.223
164.78,0.01223,1.223
164.79,0.01223,1.223
164.80,0.01223,1.223
164.81,0.01223,1.223
164.82,0.01223,1.223
164.83,0.01223,1.223
164.84,0.01223,1.223
164.85,0.01223,1.223
164.86,0.01224,1.224
164.86,0.01224,1.224
164.87,0.01224,1.224
164.88,0.01224,1.224
164.89,0.01224,1.224
164.90,0.01224,1.224
164.91,0.01224,1.224
164.92,0.01224,1.224
164.93,0.01224,1.224
164.94,0.01224,1.224
164.94,0.01224,1.224
164.95,0.01225,1.225
164.96,0.01225,1.225
164.97,0.01225,1.225
164.98,0.01225,1.225
164.99,0.01225,1.225
165.00,0.01225,1.225
165.01,0.01225,1.225
165.02,0.01225,1.225
165.02,0.01225,1.225
165.03,0.01225,1.225
165.04,0.01225,1.225
165.05,0.01226,1.226
165.06,0.01226,1.226
165.07,0.01226,1.226
165.08,0.01226,1.226
165.09,0.01226,1.226
165.10,0.01226,1.226
165.10,0.01226,1.226
165.11,0.01226,1.226
165.12,0.01226,1.226
165.13,0.01226,1.226
165.14,0.01226,1.226
165.15,0.01227,1.227
165.16,0.01227,1.227
165.17,0.01227,1.227
165.18,0.01227,1.227
165.18,0.01227,1.227
165.19,0.01227,1.227
165.20,0.01227,1.227
165.21,0.01227,1.227
165.22,0.01227,1.227
165.23,0.01227,1.227
165.24,0.01228,1.228
165.25,0.01228,1.228
165.26,0.01228,1.228
165.27,0.01228,1.228
165.27,0.01228,1.228
165.28,0.01228,1.228
165.29,0.01228,1.228
165.30,0.01228,1.228
165.31,0.01228,1.228
165.32,0.01228,1.228
165.33,0.01228,1.228
165.34,0.01229,1.229
165.35,0.01229,1.229
165.35,0.01229,1.229
165.36,0.01229,1.229
165.37,0.01229,1.229
165.38,0.01229,1.229
165.39,0.01229,1.229
165.40,0.01229,1.229
165.41,0.01229,1.229
165.42,0.01229,1.229
165.43,0.01229,1.229
165.43,0.01230,1.230
165.44,0.01230,1.230
165.45,0.01230,1.230
165.46,0.01230,1.230
165.47,0.01230,1.230
165.48,0.01230,1.230
165.49,0.01230,1.230
165.50,0.01230,1.230
165.51,0.01230,1.230
165.51,0.01230,1.230
165.52,0.01230,1.230
165.53,0.01231,1.231
165.54,0.01231,1.231
165.55,0.01231,1.231
165.56,0.01231,1.231
165.57,0.01231,1.231
165.58,0.01231,1.231
165.59,0.01231,1.231
165.59,0.01231,1.231
165.60,0.01231,1.231
165.61,0.01231,1.231
165.62,0.01232,1.232
165.63,0.01232,1.232
165.64,0.01232,1.232
165.65,0.01232,1.232
165.66,0.01232,1.232
165.67,0.01232,1.232
165.68,0.01232,1.232
165.68,0.01232,1.232
165.69,0.01232,1.232
165.70,0.01232,1.232
165.71,0.01232,1.232
165.72,0.01233,1.233
165.73,0.01233,1.233
165.74,0.01233,1.233
165.75,0.01233,1.233
165.76,0.01233,1.233
165.76,0.01233,1.233
165.77,0.01233,1.233
165.78,0.01233,1.233
165.79,0.01233,1.233
165.80,0.01233,1.233
165.81,0.01233,1.233
165.82,0.01234,1.234
165.83,0.01234,1.234
165.84,0.01234,1.234
165.84,0.01234,1.234
165.85,0.01234,1.234
165.86,0.01234,1.234
165.87,0.01234,1.234
165.88,0.01234,1.234
165.89,0.01234,1.234
165.90,0.01234,1.234
165.91,0.01234,1.234
165.92,0.01235,1.235
165.92,0.01235,1.235
165.93,0.01235,1.235
165.94,0.01235,1.235
165.95,0.01235,1.235
165.96,0.01235,1.235
165.97,0.01235,1.235
165.98,0.01235,1.235
165.99,0.01235,1.235
166.00,0.01235,1.235
166.00,0.01236,1.236
166.01,0.01236,1.236
166.02,0.01236,1.236
166.03,0.01236,1.236
166.04,0.01236,1.236
166.05,0.01236,1.236
166.06,0.01236,1.236
166.07,0.01236,1.236
166.08,0.01236,1.236
166.09,0.01236,1.236
166.09,0.01236,1.236
166.10,0.01237,1.237
166.11,0.01237,1.237
166.12,0.01237,1.237
166.13,0.01237,1.237
166.14,0.01237,1.237
166.15,0.01237,1.237
166.16,0.01237,1.237
166.17,0.01237,1.237
166.17,0.01237,1.237
166.18,0.01237,1.237
166.19,0.01237,1.237
166.20,0.01238,1.238
166.21,0.01238,1.238
166.22,0.01238,1.238
166.23,0.01238,1.238
166.24,0.01238,1.238
166.25,0.01238,1.238
166.25,0.01238,1.238
166.26,0.01238,1.238
166.27,0.01238,1.238
166.28,0.01238,1.238
166.29,0.01238,1.238
166.30,0.01239,1.239
166.31,0.01239,1.239
166.32,0.01239,1.239
166.33,0.01239,1.239
166.33,0.01239,1.239
166.34,0.01239,1.239
166.35,0.01239,1.239
166.36,0.01239,1.239
166.37,0.01239,1.239
166.38,0.01239,1.239
166.39,0.01240,1.240
166.40,0.01240,1.240
166.41,0.01240,1.240
166.42,0.01240,1.240
166.42,0.01240,1.240
166.43,0.01240,1.240
166.44,0.01240,1.240
166.45,0.01240,1.240
166.46,0.01240,1.240
166.47,0.01240,1.240
166.48,0.01240,1.240
166.49,0.01241,1.241
166.50,0.01241,1.241
166.50,0.01241,1.241
166.51,0.01241,1.241
166.52,0.01241,1.241
166.53,0.01241,1.241
166.54,0.01241,1.241
166.55,0.01241,1.241
166.56,0.01241,1.241
166.57,0.01241,1.241
166.58,0.01241,1.241
166.58,0.01242,1.242
166.59,0.01242,1.242
166.60,0.01242,1.242
166.61,0.01242,1.242
166.62,0.01242,1.242
166.63,0.01242,1.242
166.64,0.01242,1.242
166.65,0.01242,1.242
166.66,0.01242,1.242
166.66,0.01242,1.242
166.67,0.01242,1.242
166.68,0.01243,1.243
166.69,0.01243,1.243
166.70,0.01243,1.243
166.71,0.01243,1.243
166.72,0.01243,1.243
166.73,0.01243,1.243
166.74,0.01243,1.243
166.75,0.01243,1.243
166.75,0.01243,1.243
166.76,0.01243,1.243
166.77,0.01243,1.243
166.78,0.01244,1.244
166.79,0.01244,1.244
166.80,0.01244,1.244
166.81,0.01244,1.244
166.82,0.01244,1.244
166.83,0.01244,1.244
166.83,0.01244,1.244
166.84,0.01244,1.244
166.85,0.01244,1.244
166.86,0.01244,1.244
166.87,0.01244,1.244
166.88,0.01245,1.245
166.89,0.01245,1.245
166.90,0.01245,1.245
166.91,0.01245,1.245
166.91,0.01245,1.245
166.92,0.01245,1.245
166.93,0.01245,1.245
166.94,0.01245,1.245
166.95,0.01245,1.245
166.96,0.01245,1.245
166.97,0.01245,1.245
166.98,0.01246,1.246
166.99,0.01246,1.246
167.00,0.01246,1.246
167.00,0.01246,1.246
167.01,0.01246,1.246
167.02,0.01246,1.246
167.03,0.01246,1.246
167.04,0.01246,1.246
167.05,0.01246,1.246
167.06,0.01246,1.246
167.07,0.01247,1.247
167.08,0.01247,1.247
167.08,0.01247,1.247
167.09,0.01247,1.247
167.10,0.01247,1.247
167.11,0.01247,1.247
167.12,0.01247,1.247
167.13,0.01247,1.247
167.14,0.01247,1.247
167.15,0.01247,1.247
167.16,0.01247,1.247
167.16,0.01248,1.248
167.17,0.01248,1.248
167.18,0.01248,1.248
167.19,0.01248,1.248
167.20,0.01248,1.248
167.21,0.01248,1.248
167.22,0.01248,1.248
167.23,0.01248,1.248
167.24,0.01248,1.248
167.24,0.01248,1.248
167.25,0.01248,1.248
167.26,0.01249,1.249
167.27,0.01249,1.249
167.28,0.01249,1.249
167.29,0.01249,1.249
167.30,0.01249,1.249
167.31,0.01249,1.249
167.32,0.01249,1.249
167.32,0.01249,1.249
167.33,0.01249,1.249
167.34,0.01249,1.249
167.35,0.01249,1.249
167.36,0.01250,1.250
167.37,0.01250,1.250
167.38,0.01250,1.250
167.39,0.01250,1.250
167.40,0.01250,1.250
167.40,0.01250,1.250
167.41,0.01250,1.250
167.42,0.01250,1.250
167.43,0.01250,1.250
167.44,0.01250,1.250
167.45,0.01250,1.250
167.46,0.01251,1.251
167.47,0.01251,1.251
167.48,0.01251,1.251
167.48,0.01251,1.251
167.49,0.01251,1.251
167.50,0.01251,1.251
167.51,0.01251,1.251
167.52,0.01251,1.251
167.53,0.01251,1.251
167.54,0.01251,1.251
167.55,0.01251,1.251
167.56,0.01252,1.252
167.57,0.01252,1.252
167.57,0.01252,1.252
167.58,0.01252,1.252
167.59,0.01252,1.252
167.60,0.01252,1.252
167.61,0.01252,1.252
167.62,0.01252,1.252
167.63,0.01252,1.252
167.64,0.01252,1.252
167.65,0.01252,1.252
167.65,0.01253,1.253
167.66,0.01253,1.253
167.67,0.01253,1.253
167.68,0.01253,1.253
167.69,0.01253,1.253
167.70,0.01253,1.253
167.71,0.01253,1.253
167.72,0.01253,1.253
167.73,0.01253,1.253
167.73,0.01253,1.253
167.74,0.01253,1.253
167.75,0.01254,1.254
167.76,0.01254,1.254
167.77,0.01254,1.254
167.78,0.01254,1.254
167.79,0.01254,1.254
167.80,0.01254,1.254
167.81,0.01254,1.254
167.81,0.01254,1.254
167.82,0.01254,1.254
167.83,0.01254,1.254
167.84,0.01254,1.254
167.85,0.01255,1.255
167.86,0.01255,1.255
167.87,0.01255,1.255
167.88,0.01255,1.255
167.89,0.01255,1.255
167.89,0.01255,1.255
167.90,0.01255,1.255
167.91,0.01255,1.255
167.92,0.01255,1.255
167.93,0.01255,1.255
167.94,0.01255,1.255
167.95,0.01256,1.256
167.96,0.01256,1.256
167.97,0.01256,1.256
167.97,0.01256,1.256
167.98,0.01256,1.256
167.99,0.01256,1.256
168.00,0.01256,1.256
168.01,0.01256,1.256
168.02,0.01256,1.256
168.03,0.01256,1.256
168.04,0.01256,1.256
168.05,0.01257,1.257
168.05,0.01257,1.257
168.06,0.01257,1.257
168.07,0.01257,1.257
168.08,0.01257,1.257
168.09,0.01257,1.257
168.10,0.01257,1.257
168.11,0.01257,1.257
168.12,0.01257,1.257
168.13,0.01257,1.257
168.14,0.01257,1.257
168.14,0.01258,1.258
168.15,0.01258,1.258
168.16,0.01258,1.258
168.17,0.01258,1.258
168.18,0.01258,1.258
168.19,0.01258,1.258
168.20,0.01258,1.258
168.21,0.01258,1.258
168.22,0.01258,1.258
168.22,0.01258,1.258
168.23,0.01258,1.258
168.24,0.01259,1.259
168.25,0.01259,1.259
168.26,0.01259,1.259
168.27,0.01259,1.259
168.28,0.01259,1.259
168.29,0.01259,1.259
168.30,0.01259,1.259
168.30,0.01259,1.259
168.31,0.01259,1.259
168.32,0.01259,1.259
168.33,0.01259,1.259
168.34,0.01260,1.260
168.35,0.01260,1.260
168.36,0.01260,1.260
168.37,0.01260,1.260
168.38,0.01260,1.260
168.38,0.01260,1.260
168.39,0.01260,1.260
168.40,0.01260,1.260
168.41,0.01260,1.260
168.42,0.01260,1.260
168.43,0.01260,1.260
168.44,0.01261,1.261
168.45,0.01261,1.261
168.46,0.01261,1.261
168.47,0.01261,1.261
168.47,0.01261,1.261
168.48,0.01261,1.261
168.49,0.01261,1.261
168.50,0.01261,1.261
168.51,0.01261,1.261
168.52,0.01261,1.261
168.53,0.01261,1.261
168.54,0.01262,1.262
168.55,0.01262,1.262
168.55,0.01262,1.262
168.56,0.01262,1.262
168.57,0.01262,1.262
168.58,0.01262,1.262
168.59,0.01262,1.262
168.60,0.01262,1.262
168.61,0.01262,1.262
168.62,0.01262,1.262
168.63,0.01262,1.262
168.63,0.01263,1.263
168.64,0.01263,1.263
168.65,0.01263,1.263
168.66,0.01263,1.263
168.67,0.01263,1.263
168.68,0.01263,1.263
168.69,0.01263,1.263
168.70,0.01263,1.263
168.71,0.01263,1.263
168.72,0.01263,1.263
168.72,0.01263,1.263
168.73,0.01264,1.264
168.74,0.01264,1.264
168.75,0.01264,1.264
168.76,0.01264,1.264
168.77,0.01264,1.264
168.78,0.01264,1.264
168.79,0.01264,1.264
168.80,0.01264,1.264
168.80,0.01264,1.264
168.81,0.01264,1.264
168.82,0.01264,1.264
168.83,0.01265,1.265
168.84,0.01265,1.265
168.85,0.01265,1.265
168.86,0.01265,1.265
168.87,0.01265,1.265
168.88,0.01265,1.265
168.88,0.01265,1.265
168.89,0.01265,1.265
168.90,0.01265,1.265
168.91,0.01265,1.265
168.92,0.01265,1.265
168.93,0.01266,1.266
168.94,0.01266,1.266
168.95,0.01266,1.266
168.96,0.01266,1.266
168.96,0.01266,1.266
168.97,0.01266,1.266
168.98,0.01266,1.266
168.99,0.01266,1.266
169.00,0.01266,1.266
169.01,0.01266,1.266
169.02,0.01266,1.266
169.03,0.01266,1.266
169.04,0.01267,1.267
169.04,0.01267,1.267
169.05,0.01267,1.267
169.06,0.01267,1.267
169.07,0.01267,1.267
169.08,0.01267,1.267
169.09,0.01267,1.267
169.10,0.01267,1.267
169.11,0.01267,1.267
169.12,0.01267,1.267
169.13,0.01267,1.267
169.13,0.01268,1.268
169.14,0.01268,1.268
169.15,0.01268,1.268
169.16,0.01268,1.268
169.17,0.01268,1.268
169.18,0.01268,1.268
169.19,0.01268,1.268
169.20,0.01268,1.268
169.21,0.01268,1.268
169.21,0.01268,1.268
169.22,0.01268,1.268
169.23,0.01269,1.269
169.24,0.01269,1.269
169.25,0.01269,1.269
169.26,0.01269,1.269
169.27,0.01269,1.269
169.28,0.01269,1.269
169.29,0.01269,1.269
169.29,0.01269,1.269
169.30,0.01269,1.269
169.31,0.01269,1.269
169.32,0.01269,1.269
169.33,0.01270,1.270
169.34,0.01270,1.270
169.35,0.01270,1.270
169.36,0.01270,1.270
169.37,0.01270,1.270
169.37,0.01270,1.270
169.38,0.01270,1.270
169.39,0.01270,1.270
169.40,0.01270,1.270
169.41,0.01270,1.270
169.42,0.01270,1.270
169.43,0.01271,1.271
169.44,0.01271,1.271
169.45,0.01271,1.271
169.45,0.01271,1.271
169.46,0.01271,1.271
169.47,0.01271,1.271
169.48,0.01271,1.271
169.49,0.01271,1.271
169.50,0.01271,1.271
169.51,0.01271,1.271
169.52,0.01271,1.271
169.53,0.01272,1.272
169.53,0.01272,1.272
169.54,0.01272,1.272
169.55,0.01272,1.272
169.56,0.01272,1.272
169.57,0.01272,1.272
169.58,0.01272,1.272
169.59,0.01272,1.272
169.60,0.01272,1.272
169.61,0.01272,1.272
169.61,0.01272,1.272
169.62,0.01273,1.273
169.63,0.01273,1.273
169.64,0.01273,1.273
169.65,0.01273,1.273
169.66,0.01273,1.273
169.67,0.01273,1.273
169.68,0.01273,1.273
169.69,0.01273,1.273
169.69,0.01273,1.273
169.70,0.01273,1.273
169.71,0.01273,1.273
169.72,0.01274,1.274
169.73,0.01274,1.274
169.74,0.01274,1.274
169.75,0.01274,1.274
169.76,0.01274,1.274
169.77,0.01274,1.274
169.77,0.01274,1.274
169.78,0.01274,1.274
169.79,0.01274,1.274
169.80,0.01274,1.274
169.81,0.01274,1.274
169.82,0.01275,1.275
169.83,0.01275,1.275
169.84,0.01275,1.275
169.85,0.01275,1.275
169.86,0.01275,1.275
169.86,0.01275,1.275
169.87,0.01275,1.275
169.88,0.01275,1.275
169.89,0.01275,1.275
169.90,0.01275,1.275
169.91,0.01275,1.275
169.92,0.01276,1.276
169.93,0.01276,1.276
169.94,0.01276,1.276
169.94,0.01276,1.276
169.95,0.01276,1.276
169.96,0.01276,1.276
169.97,0.01276,1.276
169.98,0.01276,1.276
169.99,0.01276,1.276
170.00,0.01276,1.276
170.01,0.01276,1.276
170.02,0.01277,1.277
170.02,0.01277,1.277
170.03,0.01277,1.277
170.04,0.01277,1.277
170.05,0.01277,1.277
170.06,0.01277,1.277
170.07,0.01277,1.277
170.08,0.01277,1.277
170.09,0.01277,1.277
170.10,0.01277,1.277
170.10,0.01277,1.277
170.11,0.01278,1.278
170.12,0.01278,1.278
170.13,0.01278,1.278
170.14,0.01278,1.278
170.15,0.01278,1.278
170.16,0.01278,1.278
170.17,0.01278,1.278
170.18,0.01278,1.278
170.19,0.01278,1.278
170.19,0.01278,1.278
170.20,0.01278,1.278
170.21,0.01279,1.279
170.22,0.01279,1.279
170.23,0.01279,1.279
170.24,0.01279,1.279
170.25,0.01279,1.279
170.26,0.01279,1.279
170.27,0.01279,1.279
170.27,0.01279,1.279
170.28,0.01279,1.279
170.29,0.01279,1.279
170.30,0.01280,1.280
170.31,0.01280,1.280
170.32,0.01280,1.280
170.33,0.01280,1.280
170.34,0.01280,1.280
170.35,0.01280,1.280
170.35,0.01280,1.280
170.36,0.01280,1.280
170.37,0.01280,1.280
170.38,0.01280,1.280
170.39,0.01280,1.280
170.40,0.01281,1.281
170.41,0.01281,1.281
170.42,0.01281,1.281
170.43,0.01281,1.281
170.43,0.01281,1.281
170.44,0.01281,1.281
170.45,0.01281,1.281
170.46,0.01281,1.281
170.47,0.01281,1.281
170.48,0.01281,1.281
170.49,0.01281,1.281
170.50,0.01282,1.282
170.51,0.01282,1.282
170.52,0.01282,1.282
170.52,0.01282,1.282
170.53,0.01282,1.282
170.54,0.01282,1.282
170.55,0.01282,1.282
170.56,0.01282,1.282
170.57,0.01282,1.282
170.58,0.01282,1.282
170.59,0.01282,1.282
170.60,0.01283,1.283
170.60,0.01283,1.283
170.61,0.01283,1.283
170.62,0.01283,1.283
170.63,0.01283,1.283
170.64,0.01283,1.283
170.65,0.01283,1.283
170.66,0.01283,1.283
170.67,0.01283,1.283
170.68,0.01283,1.283
170.68,0.01283,1.283
170.69,0.01284,1.284
170.70,0.01284,1.284
170.71,0.01284,1.284
170.72,0.01284,1.284
170.73,0.01284,1.284
170.74,0.01284,1.284
170.75,0.01284,1.284
170.76,0.01284,1.284
170.76,0.01284,1.284
170.77,0.01284,1.284
170.78,0.01284,1.284
170.79,0.01285,1.285
170.80,0.01285,1.285
170.81,0.01285,1.285
170.82,0.01285,1.285
170.83,0.01285,1.285
170.84,0.01285,1.285
170.84,0.01285,1.285
170.85,0.01285,1.285
170.86,0.01285,1.285
170.87,0.01285,1.285
170.88,0.01285,1.285
170.89,0.01286,1.286
170.90,0.01286,1.286
170.91,0.01286,1.286
170.92,0.01286,1.286
170.92,0.01286,1.286
170.93,0.01286,1.286
170.94,0.01286,1.286
170.95,0.01286,1.286
170.96,0.01286,1.286
170.97,0.01286,1.286
170.98,0.01286,1.286
170.99,0.01287,1.287
171.00,0.01287,1.287
171.00,0.01287,1.287
171.01,0.01287,1.287
171.02,0.01287,1.287
171.03,0.01287,1.287
171.04,0.01287,1.287
171.05,0.01287,1.287
171.06,0.01287,1.287
171.07,0.01287,1.287
171.08,0.01287,1.287
171.08,0.01288,1.288
171.09,0.01288,1.288
171.10,0.01288,1.288
171.11,0.01288,1.288
171.12,0.01288,1.288
171.13,0.01288,1.288
171.14,0.01288,1.288
171.15,0.01288,1.288
171.16,0.01288,1.288
171.17,0.01288,1.288
171.17,0.01288,1.288
171.18,0.01289,1.289
171.19,0.01289,1.289
171.20,0.01289,1.289
171.21,0.01289,1.289
171.22,0.01289,1.289
171.23,0.01289,1.289
171.24,0.01289,1.289
171.25,0.01289,1.289
171.25,0.01289,1.289
171.26,0.01289,1.289
171.27,0.01289,1.289
171.28,0.01290,1.290
171.29,0.01290,1.290
171.30,0.01290,1.290
171.31,0.01290,1.290
171.32,0.01290,1.290
171.33,0.01290,1.290
171.33,0.01290,1.290
171.34,0.01290,1.290
171.35,0.01290,1.290
171.36,0.01290,1.290
171.37,0.01290,1.290
171.38,0.01291,1.291
171.39,0.01291,1.291
171.40,0.01291,1.291
171.41,0.01291,1.291
171.41,0.01291,1.291
171.42,0.01291,1.291
171.43,0.01291,1.291
171.44,0.01291,1.291
171.45,0.01291,1.291
171.46,0.01291,1.291
171.47,0.01291,1.291
171.48,0.01292,1.292
171.49,0.01292,1.292
171.49,0.01292,1.292
171.50,0.01292,1.292
171.51,0.01292,1.292
171.52,0.01292,1.292
171.53,0.01292,1.292
171.54,0.01292,1.292
171.55,0.01292,1.292
171.56,0.01292,1.292
171.57,0.01293,1.293
171.57,0.01293,1.293
171.58,0.01293,1.293
171.59,0.01293,1.293
171.60,0.01293,1.293
171.61,0.01293,1.293
171.62,0.01293,1.293
171.63,0.01293,1.293
171.64,0.01293,1.293
171.65,0.01293,1.293
171.65,0.01293,1.293
171.66,0.01294,1.294
171.67,0.01294,1.294
171.68,0.01294,1.294
171.69,0.01294,1.294
171.70,0.01294,1.294
171.71,0.01294,1.294
171.72,0.01294,1.294
171.73,0.01294,1.294
171.74,0.01294,1.294
171.74,0.01294,1.294
171.75,0.01294,1.294
171.76,0.01295,1.295
171.77,0.01295,1.295
171.78,0.01295,1.295
171.79,0.01295,1.295
171.80,0.01295,1.295
171.81,0.01295,1.295
171.82,0.01295,1.295
171.82,0.01295,1.295
171.83,0.01295,1.295
171.84,0.01295,1.295
171.85,0.01295,1.295
171.86,0.01296,1.296
171.87,0.01296,1.296
171.88,0.01296,1.296
171.89,0.01296,1.296
171.90,0.01296,1.296
171.90,0.01296,1.296
171.91,0.01296,1.296
171.92,0.01296,1.296
171.93,0.01296,1.296
171.94,0.01296,1.296
171.95,0.01296,1.296
171.96,0.01297,1.297
171.97,0.01297,1.297
171.98,0.01297,1.297
171.98,0.01297,1.297
171.99,0.01297,1.297
172.00,0.01297,1.297
172.01,0.01297,1.297
172.02,0.01297,1.297
172.03,0.01297,1.297
172.04,0.01297,1.297
172.05,0.01297,1.297
172.06,0.01298,1.298
172.06,0.01298,1.298
172.07,0.01298,1.298
172.08,0.01298,1.298
172.09,0.01298,1.298
172.10,0.01298,1.298
172.11,0.01298,1.298
172.12,0.01298,1.298
172.13,0.01298,1.298
172.14,0.01298,1.298
172.15,0.01298,1.298
172.15,0.01299,1.299
172.16,0.01299,1.299
172.17,0.01299,1.299
172.18,0.01299,1.299
172.19,0.01299,1.299
172.20,0.01299,1.299
172.21,0.01299,1.299
172.22,0.01299,1.299
172.23,0.01299,1.299
172.23,0.01299,1.299
172.24,0.01299,1.299
172.25,0.01300,1.300
172.26,0.01300,1.300
172.27,0.01300,1.300
172.28,0.01300,1.300
172.29,0.01300,1.300
172.30,0.01300,1.300
172.31,0.01300,1.300
172.31,0.01300,1.300
172.32,0.01300,1.300
172.33,0.01300,1.300
172.34,0.01300,1.300
172.35,0.01301,1.301
172.36,0.01301,1.301
172.37,0.01301,1.301
172.38,0.01301,1.301
172.39,0.01301,1.301
172.39,0.01301,1.301
172.40,0.01301,1.301
172.41,0.01301,1.301
172.42,0.01301,1.301
172.43,0.01301,1.301
172.44,0.01301,1.301
172.45,0.01302,1.302
172.46,0.01302,1.302
172.47,0.01302,1.302
172.47,0.01302,1.302
172.48,0.01302,1.302
172.49,0.01302,1.302
172.50,0.01302,1.302
172.51,0.01302,1.302
172.52,0.01302,1.302
172.53,0.01302,1.302
172.54,0.01302,1.302
172.55,0.01303,1.303
172.55,0.01303,1.303
172.56,0.01303,1.303
172.57,0.01303,1.303
172.58,0.01303,1.303
172.59,0.01303,1.303
172.60,0.01303,1.303
172.61,0.01303,1.303
172.62,0.01303,1.303
172.63,0.01303,1.303
172.63,0.01303,1.303
172.64,0.01304,1.304
172.65,0.01304,1.304
172.66,0.01304,1.304
172.67,0.01304,1.304
172.68,0.01304,1.304
172.69,0.01304,1.304
172.70,0.01304,1.304
172.71,0.01304,1.304
172.72,0.01304,1.304
172.72,0.01304,1.304
172.73,0.01305,1.305
172.74,0.01305,1.305
172.75,0.01305,1.305
172.76,0.01305,1.305
172.77,0.01305,1.305
172.78,0.01305,1.305
172.79,0.01305,1.305
172.80,0.01305,1.305
172.80,0.01305,1.305
172.81,0.01305,1.305
172.82,0.01305,1.305
172.83,0.01306,1.306
172.84,0.01306,1.306
172.85,0.01306,1.306
172.86,0.01306,1.306
172.87,0.01306,1.306
172.88,0.01306,1.306
172.88,0.01306,1.306
172.89,0.01306,1.306
172.90,0.01306,1.306
172.91,0.01306,1.306
172.92,0.01306,1.306
172.93,0.01307,1.307
172.94,0.01307,1.307
172.95,0.01307,1.307
172.96,0.01307,1.307
172.96,0.01307,1.307
172.97,0.01307,1.307
172.98,0.01307,1.307
172.99,0.01307,1.307
173.00,0.01307,1.307
173.01,0.01307,1.307
173.02,0.01307,1.307
173.03,0.01308,1.308
173.04,0.01308,1.308
173.04,0.01308,1.308
173.05,0.01308,1.308
173.06,0.01308,1.308
173.07,0.01308,1.308
173.08,0.01308,1.308
173.09,0.01308,1.308
173.10,0.01308,1.308
173.11,0.01308,1.308
173.12,0.01308,1.308
173.12,0.01309,1.309
173.13,0.01309,1.309
173.14,0.01309,1.309
173.15,0.01309,1.309
173.16,0.01309,1.309
173.17,0.01309,1.309
173.18,0.01309,1.309
173.19,0.01309,1.309
173.20,0.01309,1.309
173.20,0.01309,1.309
173.21,0.01309,1.309
173.22,0.01310,1.310
173.23,0.01310,1.310
173.24,0.01310,1.310
173.25,0.01310,1.310
173.26,0.01310,1.310
173.27,0.01310,1.310
173.28,0.01310,1.310
173.28,0.01310,1.310
173.29,0.01310,1.310
173.30,0.01310,1.310
173.31,0.01310,1.310
173.32,0.01311,1.311
173.33,0.01311,1.311
173.34,0.01311,1.311
173.35,0.01311,1.311
173.36,0.01311,1.311
173.36,0.01311,1.311
173.37,0.01311,1.311
173.38,0.01311,1.311
173.39,0.01311,1.311
173.40,0.01311,1.311
173.41,0.01311,1.311
173.42,0.01312,1.312
173.43,0.01312,1.312
173.44,0.01312,1.312
173.45,0.01312,1.312
173.45,0.01312,1.312
173.46,0.01312,1.312
173.47,0.01312,1.312
173.48,0.01312,1.312
173.49,0.01312,1.312
173.50,0.01312,1.312
173.51,0.01312,1.312
173.52,0.01313,1.313
173.53,0.01313,1.313
173.53,0.01313,1.313
173.54,0.01313,1.313
173.55,0.01313,1.313
173.56,0.01313,1.313
173.57,0.01313,1.313
173.58,0.01313,1.313
173.59,0.01313,1.313
173.60,0.01313,1.313
173.61,0.01313,1.313
173.61,0.01314,1.314
173.62,0.01314,1.314
173.63,0.01314,1.314
173.64,0.01314,1.314
173.65,0.01314,1.314
173.66,0.01314,1.314
173.67,0.01314,1.314
173.68,0.01314,1.314
173.69,0.01314,1.314
173.69,0.01314,1.314
173.70,0.01315,1.315
173.71,0.01315,1.315
173.72,0.01315,1.315
173.73,0.01315,1.315
173.74,0.01315,1.315
173.75,0.01315,1.315
173.76,0.01315,1.315
173.77,0.01315,1.315
173.78,0.01315,1.315
173.78,0.01315,1.315
173.79,0.01315,1.315
173.80,0.01316,1.316
173.81,0.01316,1.316
173.82,0.01316,1.316
173.83,0.01316,1.316
173.84,0.01316,1.316
173.85,0.01316,1.316
173.86,0.01316,1.316
173.86,0.01316,1.316
173.87,0.01316,1.316
173.88,0.01316,1.316
173.89,0.01316,1.316
173.90,0.01317,1.317
173.91,0.01317,1.317
173.92,0.01317,1.317
173.93,0.01317,1.317
173.94,0.01317,1.317
173.94,0.01317,1.317
173.95,0.01317,1.317
173.96,0.01317,1.317
173.97,0.01317,1.317
173.98,0.01317,1.317
173.99,0.01317,1.317
174.00,0.01318,1.318
174.01,0.01318,1.318
174.02,0.01318,1.318
174.02,0.01318,1.318
174.03,0.01318,1.318
174.04,0.01318,1.318
174.05,0.01318,1.318
174.06,0.01318,1.318
174.07,0.01318,1.318
174.08,0.01318,1.318
174.09,0.01318,1.318
174.10,0.01319,1.319
174.10,0.01319,1.319
174.11,0.01319,1.319
174.12,0.01319,1.319
174.13,0.01319,1.319
174.14,0.01319,1.319
174.15,0.01319,1.319
174.16,0.01319,1.319
174.17,0.01319,1.319
174.18,0.01319,1.319
174.18,0.01319,1.319
174.19,0.01320,1.320
174.20,0.01320,1.320
174.21,0.01320,1.320
174.22,0.01320,1.320
174.23,0.01320,1.320
174.24,0.01320,1.320
174.25,0.01320,1.320
174.26,0.01320,1.320
174.27,0.01320,1.320
174.27,0.01320,1.320
174.28,0.01320,1.320
174.29,0.01321,1.321
174.30,0.01321,1.321
174.31,0.01321,1.321
174.32,0.01321,1.321
174.33,0.01321,1.321
174.34,0.01321,1.321
174.35,0.01321,1.321
174.35,0.01321,1.321
174.36,0.01321,1.321
174.37,0.01321,1.321
174.38,0.01321,1.321
174.39,0.01322,1.322
174.40,0.01322,1.322
174.41,0.01322,1.322
174.42,0.01322,1.322
174.43,0.01322,1.322
174.43,0.01322,1.322
174.44,0.01322,1.322
174.45,0.01322,1.322
174.46,0.01322,1.322
174.47,0.01322,1.322
174.48,0.01322,1.322
174.49,0.01323,1.323
174.50,0.01323,1.323
174.51,0.01323,1.323
174.51,0.01323,1.323
174.52,0.01323,1.323
174.53,0.01323,1.323
174.54,0.01323,1.323
174.55,0.01323,1.323
174.56,0.01323,1.323
174.57,0.01323,1.323
174.58,0.01324,1.324
174.59,0.01324,1.324
174.59,0.01324,1.324
174.60,0.01324,1.324
174.61,0.01324,1.324
174.62,0.01324,1.324
174.63,0.01324,1.324
174.64,0.01324,1.324
174.65,0.01324,1.324
174.66,0.01324,1.324
174.67,0.01324,1.324
174.67,0.01325,1.325
174.68,0.01325,1.325
174.69,0.01325,1.325
174.70,0.01325,1.325
174.71,0.01325,1.325
174.72,0.01325,1.325
174.73,0.01325,1.325
174.74,0.01325,1.325
174.75,0.01325,1.325
174.75,0.01325,1.325
174.76,0.01325,1.325
174.77,0.01326,1.326
174.78,0.01326,1.326
174.79,0.01326,1.326
174.80,0.01326,1.326
174.81,0.01326,1.326
174.82,0.01326,1.326
174.83,0.01326,1.326
174.83,0.01326,1.326
174.84,0.01326,1.326
174.85,0.01326,1.326
174.86,0.01326,1.326
174.87,0.01327,1.327
174.88,0.01327,1.327
174.89,0.01327,1.327
174.90,0.01327,1.327
174.91,0.01327,1.327
174.92,0.01327,1.327
174.92,0.01327,1.327
174.93,0.01327,1.327
174.94,0.01327,1.327
174.95,0.01327,1.327
174.96,0.01327,1.327
174.97,0.01328,1.328
174.98,0.01328,1.328
174.99,0.01328,1.328
175.00,0.01328,1.328
175.00,0.01328,1.328
175.01,0.01328,1.328
175.02,0.01328,1.328
175.03,0.01328,1.328
175.04,0.01328,1.328
175.05,0.01328,1.328
175.06,0.01328,1.328
175.07,0.01329,1.329
175.08,0.01329,1.329
175.08,0.01329,1.329
175.09,0.01329,1.329
175.10,0.01329,1.329
175.11,0.01329,1.329
175.12,0.01329,1.329
175.13,0.01329,1.329
175.14,0.01329,1.329
175.15,0.01329,1.329
175.16,0.01329,1.329
175.16,0.01330,1.330
175.17,0.01330,1.330
175.18,0.01330,1.330
175.19,0.01330,1.330
175.20,0.01330,1.330
175.21,0.01330,1.330
175.22,0.01330,1.330
175.23,0.01330,1.330
175.24,0.01330,1.330
175.24,0.01330,1.330
175.25,0.01330,1.330
175.26,0.01331,1.331
175.27,0.01331,1.331
175.28,0.01331,1.331
175.29,0.01331,1.331
175.30,0.01331,1.331
175.31,0.01331,1.331
175.32,0.01331,1.331
175.32,0.01331,1.331
175.33,0.01331,1.331
175.34,0.01331,1.331
175.35,0.01331,1.331
175.36,0.01332,1.332
175.37,0.01332,1.332
175.38,0.01332,1.332
175.39,0.01332,1.332
175.40,0.01332,1.332
175.40,0.01332,1.332
175.41,0.01332,1.332
175.42,0.01332,1.332
175.43,0.01332,1.332
175.44,0.01332,1.332
175.45,0.01333,1.333
175.46,0.01333,1.333
175.47,0.01333,1.333
175.48,0.01333,1.333
175.49,0.01333,1.333
175.49,0.01333,1.333
175.50,0.01333,1.333
175.51,0.01333,1.333
175.52,0.01333,1.333
175.53,0.01333,1.333
175.54,0.01333,1.333
175.55,0.01334,1.334
175.56,0.01334,1.334
175.57,0.01334,1.334
175.57,0.01334,1.334
175.58,0.01334,1.334
175.59,0.01334,1.334
175.60,0.01334,1.334
175.61,0.01334,1.334
175.62,0.01334,1.334
175.63,0.01334,1.334
175.64,0.01334,1.334
175.65,0.01335,1.335
175.65,0.01335,1.335
175.66,0.01335,1.335
175.67,0.01335,1.335
175.68,0.01335,1.335
175.69,0.01335,1.335
175.70,0.01335,1.335
175.71,0.01335,1.335
175.72,0.01335,1.335
175.73,0.01335,1.335
175.73,0.01335,1.335
175.74,0.01336,1.336
175.75,0.01336,1.336
175.76,0.01336,1.336
175.77,0.01336,1.336
175.78,0.01336,1.336
175.79,0.01336,1.336
175.80,0.01336,1.336
175.81,0.01336,1.336
175.81,0.01336,1.336
175.82,0.01336,1.336
175.83,0.01336,1.336
175.84,0.01337,1.337
175.85,0.01337,1.337
175.86,0.01337,1.337
175.87,0.01337,1.337
175.88,0.01337,1.337
175.89,0.01337,1.337
175.89,0.01337,1.337
175.90,0.01337,1.337
175.91,0.01337,1.337
175.92,0.01337,1.337
175.93,0.01337,1.337
175.94,0.01338,1.338
175.95,0.01338,1.338
175.96,0.01338,1.338
175.97,0.01338,1.338
175.97,0.01338,1.338
175.98,0.01338,1.338
175.99,0.01338,1.338
176.00,0.01338,1.338
176.01,0.01338,1.338
176.02,0.01338,1.338
176.03,0.01338,1.338
176.04,0.01339,1.339
176.05,0.01339,1.339
176.05,0.01339,1.339
176.06,0.01339,1.339
176.07,0.01339,1.339
176.08,0.01339,1.339
176.09,0.01339,1.339
176.10,0.01339,1.339
176.11,0.01339,1.339
176.12,0.01339,1.339
176.13,0.01339,1.339
176.14,0.01340,1.340
176.14,0.01340,1.340
176.15,0.01340,1.340
176.16,0.01340,1.340
176.17,0.01340,1.340
176.18,0.01340,1.340
176.19,0.01340,1.340
176.20,0.01340,1.340
176.21,0.01340,1.340
176.22,0.01340,1.340
176.22,0.01340,1.340
176.23,0.01341,1.341
176.24,0.01341,1.341
176.25,0.01341,1.341
176.26,0.01341,1.341
176.27,0.01341,1.341
176.28,0.01341,1.341
176.29,0.01341,1.341
176.30,0.01341,1.341
176.30,0.01341,1.341
176.31,0.01341,1.341
176.32,0.01342,1.342
176.33,0.01342,1.342
176.34,0.01342,1.342
176.35,0.01342,1.342
176.36,0.01342,1.342
176.37,0.01342,1.342
176.38,0.01342,1.342
176.38,0.01342,1.342
176.39,0.01342,1.342
176.40,0.01342,1.342
176.41,0.01342,1.342
176.42,0.01343,1.343
176.43,0.01343,1.343
176.44,0.01343,1.343
176.45,0.01343,1.343
176.46,0.01343,1.343
176.46,0.01343,1.343
176.47,0.01343,1.343
176.48,0.01343,1.343
176.49,0.01343,1.343
176.50,0.01343,1.343
176.51,0.01343,1.343
176.52,0.01344,1.344
176.53,0.01344,1.344
176.54,0.01344,1.344
176.54,0.01344,1.344
176.55,0.01344,1.344
176.56,0.01344,1.344
176.57,0.01344,1.344
176.58,0.01344,1.344
176.59,0.01344,1.344
176.60,0.01344,1.344
176.61,0.01344,1.344
176.62,0.01345,1.345
176.63,0.01345,1.345
176.63,0.01345,1.345
176.64,0.01345,1.345
176.65,0.01345,1.345
176.66,0.01345,1.345
176.67,0.01345,1.345
176.68,0.01345,1.345
176.69,0.01345,1.345
176.70,0.01345,1.345
176.71,0.01345,1.345
176.71,0.01346,1.346
176.72,0.01346,1.346
176.73,0.01346,1.346
176.74,0.01346,1.346
176.75,0.01346,1.346
176.76,0.01346,1.346
176.77,0.01346,1.346
176.78,0.01346,1.346
176.79,0.01346,1.346
176.79,0.01346,1.346
176.80,0.01346,1.346
176.81,0.01347,1.347
176.82,0.01347,1.347
176.83,0.01347,1.347
176.84,0.01347,1.347
176.85,0.01347,1.347
176.86,0.01347,1.347
176.87,0.01347,1.347
176.87,0.01347,1.347
176.88,0.01347,1.347
176.89,0.01347,1.347
176.90,0.01347,1.347
176.91,0.01348,1.348
176.92,0.01348,1.348
176.93,0.01348,1.348
176.94,0.01348,1.348
176.95,0.01348,1.348
176.96,0.01348,1.348
176.96,0.01348,1.348
176.97,0.01348,1.348
176.98,0.01348,1.348
176.99,0.01348,1.348
177.00,0.01348,1.348
177.01,0.01349,1.349
177.02,0.01349,1.349
177.03,0.01349,1.349
177.04,0.01349,1.349
177.04,0.01349,1.349
177.05,0.01349,1.349
177.06,0.01349,1.349
177.07,0.01349,1.349
177.08,0.01349,1.349
177.09,0.01349,1.349
177.10,0.01349,1.349
177.11,0.01350,1.350
177.12,0.01350,1.350
177.12,0.01350,1.350
177.13,0.01350,1.350
177.14,0.01350,1.350
177.15,0.01350,1.350
177.16,0.01350,1.350
177.17,0.01350,1.350
177.18,0.01350,1.350
177.19,0.01350,1.350
177.20,0.01350,1.350
177.20,0.01351,1.351
177.21,0.01351,1.351
177.22,0.01351,1.351
177.23,0.01351,1.351
177.24,0.01351,1.351
177.25,0.01351,1.351
177.26,0.01351,1.351
177.27,0.01351,1.351
177.28,0.01351,1.351
177.28,0.01351,1.351
177.29,0.01351,1.351
177.30,0.01352,1.352
177.31,0.01352,1.352
177.32,0.01352,1.352
177.33,0.01352,1.352
177.34,0.01352,1.352
177.35,0.01352,1.352
177.36,0.01352,1.352
177.36,0.01352,1.352
177.37,0.01352,1.352
177.38,0.01352,1.352
177.39,0.01352,1.352
177.40,0.01353,1.353
177.41,0.01353,1.353
177.42,0.01353,1.353
177.43,0.01353,1.353
177.44,0.01353,1.353
177.44,0.01353,1.353
177.45,0.01353,1.353
177.46,0.01353,1.353
177.47,0.01353,1.353
177.48,0.01353,1.353
177.49,0.01354,1.354
177.50,0.01354,1.354
177.51,0.01354,1.354
177.52,0.01354,1.354
177.52,0.01354,1.354
177.53,0.01354,1.354
177.54,0.01354,1.354
177.55,0.01354,1.354
177.56,0.01354,1.354
177.57,0.01354,1.354
177.58,0.01354,1.354
177.59,0.01355,1.355
177.60,0.01355,1.355
177.60,0.01355,1.355
177.61,0.01355,1.355
177.62,0.01355,1.355
177.63,0.01355,1.355
177.64,0.01355,1.355
177.65,0.01355,1.355
177.66,0.01355,1.355
177.67,0.01355,1.355
177.68,0.01355,1.355
177.68,0.01356,1.356
177.69,0.01356,1.356
177.70,0.01356,1.356
177.71,0.01356,1.356
177.72,0.01356,1.356
177.73,0.01356,1.356
177.74,0.01356,1.356
177.75,0.01356,1.356
177.76,0.01356,1.356
177.76,0.01356,1.356
177.77,0.01356,1.356
177.78,0.01357,1.357
177.79,0.01357,1.357
177.80,0.01357,1.357
177.81,0.01357,1.357
177.82,0.01357,1.357
177.83,0.01357,1.357
177.84,0.01357,1.357
177.84,0.01357,1.357
177.85,0.01357,1.357
177.86,0.01357,1.357
177.87,0.01357,1.357
177.88,0.01358,1.358
177.89,0.01358,1.358
177.90,0.01358,1.358
177.91,0.01358,1.358
177.92,0.01358,1.358
177.92,0.01358,1.358
177.93,0.01358,1.358
177.94,0.01358,1.358
177.95,0.01358,1.358
177.96,0.01358,1.358
177.97,0.01358,1.358
177.98,0.01359,1.359
177.99,0.01359,1.359
178.00,0.01359,1.359
178.00,0.01359,1.359
178.01,0.01359,1.359
178.02,0.01359,1.359
178.03,0.01359,1.359
178.04,0.01359,1.359
178.05,0.01359,1.359
178.06,0.01359,1.359
178.07,0.01359,1.359
178.08,0.01360,1.360
178.09,0.01360,1.360
178.09,0.01360,1.360
178.10,0.01360,1.360
178.11,0.01360,1.360
178.12,0.01360,1.360
178.13,0.01360,1.360
178.14,0.01360,1.360
178.15,0.01360,1.360
178.16,0.01360,1.360
178.17,0.01360,1.360
178.17,0.01361,1.361
178.18,0.01361,1.361
178.19,0.01361,1.361
178.20,0.01361,1.361
178.21,0.01361,1.361
178.22,0.01361,1.361
178.23,0.01361,1.361
178.24,0.01361,1.361
178.25,0.01361,1.361
178.25,0.01361,1.361
178.26,0.01361,1.361
178.27,0.01362,1.362
178.28,0.01362,1.362
178.29,0.01362,1.362
178.30,0.01362,1.362
178.31,0.01362,1.362
178.32,0.01362,1.362
178.33,0.01362,1.362
178.33,0.01362,1.362
178.34,0.01362,1.362
178.35,0.01362,1.362
178.36,0.01362,1.362
178.37,0.01363,1.363
178.38,0.01363,1.363
178.39,0.01363,1.363
178.40,0.01363,1.363
178.41,0.01363,1.363
178.42,0.01363,1.363
178.42,0.01363,1.363
178.43,0.01363,1.363
178.44,0.01363,1.363
178.45,0.01363,1.363
178.46,0.01364,1.364
178.47,0.01364,1.364
178.48,0.01364,1.364
178.49,0.01364,1.364
178.50,0.01364,1.364
178.50,0.01364,1.364
178.51,0.01364,1.364
178.52,0.01364,1.364
178.53,0.01364,1.364
178.54,0.01364,1.364
178.55,0.01364,1.364
178.56,0.01365,1.365
178.57,0.01365,1.365
178.58,0.01365,1.365
178.58,0.01365,1.365
178.59,0.01365,1.365
178.60,0.01365,1.365
178.61,0.01365,1.365
178.62,0.01365,1.365
178.63,0.01365,1.365
178.64,0.01365,1.365
178.65,0.01365,1.365
178.66,0.01366,1.366
178.66,0.01366,1.366
178.67,0.01366,1.366
178.68,0.01366,1.366
178.69,0.01366,1.366
178.70,0.01366,1.366
178.71,0.01366,1.366
178.72,0.01366,1.366
178.73,0.01366,1.366
178.74,0.01366,1.366
178.75,0.01366,1.366
178.75,0.01367,1.367
178.76,0.01367,1.367
178.77,0.01367,1.367
178.78,0.01367,1.367
178.79,0.01367,1.367
178.80,0.01367,1.367
178.81,0.01367,1.367
178.82,0.01367,1.367
178.83,0.01367,1.367
178.83,0.01367,1.367
178.84,0.01367,1.367
178.85,0.01368,1.368
178.86,0.01368,1.368
178.87,0.01368,1.368
178.88,0.01368,1.368
178.89,0.01368,1.368
178.90,0.01368,1.368
178.91,0.01368,1.368
178.91,0.01368,1.368
178.92,0.01368,1.368
178.93,0.01368,1.368
178.94,0.01368,1.368
178.95,0.01369,1.369
178.96,0.01369,1.369
178.97,0.01369,1.369
178.98,0.01369,1.369
178.99,0.01369,1.369
178.99,0.01369,1.369
179.00,0.01369,1.369
179.01,0.01369,1.369
179.02,0.01369,1.369
179.03,0.01369,1.369
179.04,0.01369,1.369
179.05,0.01370,1.370
179.06,0.01370,1.370
179.07,0.01370,1.370
179.07,0.01370,1.370
179.08,0.01370,1.370
179.09,0.01370,1.370
179.10,0.01370,1.370
179.11,0.01370,1.370
179.12,0.01370,1.370
179.13,0.01370,1.370
179.14,0.01371,1.371
179.15,0.01371,1.371
179.15,0.01371,1.371
179.16,0.01371,1.371
179.17,0.01371,1.371
179.18,0.01371,1.371
179.19,0.01371,1.371
179.20,0.01371,1.371
179.21,0.01371,1.371
179.22,0.01371,1.371
179.23,0.01371,1.371
179.23,0.01372,1.372
179.24,0.01372,1.372
179.25,0.01372,1.372
179.26,0.01372,1.372
179.27,0.01372,1.372
179.28,0.01372,1.372
179.29,0.01372,1.372
179.30,0.01372,1.372
179.31,0.01372,1.372
179.31,0.01372,1.372
179.32,0.01372,1.372
179.33,0.01373,1.373
179.34,0.01373,1.373
179.35,0.01373,1.373
179.36,0.01373,1.373
179.37,0.01373,1.373
179.38,0.01373,1.373
179.39,0.01373,1.373
179.39,0.01373,1.373
179.40,0.01373,1.373
179.41,0.01373,1.373
179.42,0.01373,1.373
179.43,0.01374,1.374
179.44,0.01374,1.374
179.45,0.01374,1.374
179.46,0.01374,1.374
179.47,0.01374,1.374
179.47,0.01374,1.374
179.48,0.01374,1.374
179.49,0.01374,1.374
179.50,0.01374,1.374
179.51,0.01374,1.374
179.52,0.01374,1.374
179.53,0.01375,1.375
179.54,0.01375,1.375
179.55,0.01375,1.375
179.55,0.01375,1.375
179.56,0.01375,1.375
179.57,0.01375,1.375
179.58,0.01375,1.375
179.59,0.01375,1.375
179.60,0.01375,1.375
179.61,0.01375,1.375
179.62,0.01375,1.375
179.63,0.01376,1.376
179.63,0.01376,1.376
179.64,0.01376,1.376
179.65,0.01376,1.376
179.66,0.01376,1.376
179.67,0.01376,1.376
179.68,0.01376,1.376
179.69,0.01376,1.376
179.70,0.01376,1.376
179.71,0.01376,1.376
179.71,0.01376,1.376
179.72,0.01377,1.377
179.73,0.01377,1.377
179.74,0.01377,1.377
179.75,0.01377,1.377
179.76,0.01377,1.377
179.77,0.01377,1.377
179.78,0.01377,1.377
179.79,0.01377,1.377
179.79,0.01377,1.377
179.80,0.01377,1.377
179.81,0.01377,1.377
179.82,0.01378,1.378
179.83,0.01378,1.378
179.84,0.01378,1.378
179.85,0.01378,1.378
179.86,0.01378,1.378
179.87,0.01378,1.378
179.87,0.01378,1.378
179.88,0.01378,1.378
179.89,0.01378,1.378
179.90,0.01378,1.378
179.91,0.01378,1.378
179.92,0.01379,1.379
179.93,0.01379,1.379
179.94,0.01379,1.379
179.95,0.01379,1.379
179.95,0.01379,1.379
179.96,0.01379,1.379
179.97,0.01379,1.379
179.98,0.01379,1.379
179.99,0.01379,1.379
180.00,0.01379,1.379
180.01,0.01380,1.380
180.02,0.01380,1.380
180.03,0.01380,1.380
180.03,0.01380,1.380
180.04,0.01380,1.380
180.05,0.01380,1.380
180.06,0.01380,1.380
180.07,0.01380,1.380
180.08,0.01380,1.380
180.09,0.01380,1.380
180.10,0.01380,1.380
180.11,0.01381,1.381
180.12,0.01381,1.381
180.12,0.01381,1.381
180.13,0.01381,1.381
180.14,0.01381,1.381
180.15,0.01381,1.381
180.16,0.01381,1.381
180.17,0.01381,1.381
180.18,0.01381,1.381
180.19,0.01381,1.381
180.20,0.01381,1.381
180.20,0.01382,1.382
180.21,0.01382,1.382
180.22,0.01382,1.382
180.23,0.01382,1.382
180.24,0.01382,1.382
180.25,0.01382,1.382
180.26,0.01382,1.382
180.27,0.01382,1.382
180.28,0.01382,1.382
180.28,0.01382,1.382
180.29,0.01382,1.382
180.30,0.01383,1.383
180.31,0.01383,1.383
180.32,0.01383,1.383
180.33,0.01383,1.383
180.34,0.01383,1.383
180.35,0.01383,1.383
180.36,0.01383,1.383
180.36,0.01383,1.383
180.37,0.01383,1.383
180.38,0.01383,1.383
180.39,0.01383,1.383
180.40,0.01384,1.384
180.41,0.01384,1.384
180.42,0.01384,1.384
180.43,0.01384,1.384
180.44,0.01384,1.384
180.44,0.01384,1.384
180.45,0.01384,1.384
180.46,0.01384,1.384
180.47,0.01384,1.384
180.48,0.01384,1.384
180.49,0.01384,1.384
180.50,0.01385,1.385
180.51,0.01385,1.385
180.52,0.01385,1.385
180.52,0.01385,1.385
180.53,0.01385,1.385
180.54,0.01385,1.385
180.55,0.01385,1.385
180.56,0.01385,1.385
180.57,0.01385,1.385
180.58,0.01385,1.385
180.59,0.01385,1.385
180.60,0.01386,1.386
180.60,0.01386,1.386
180.61,0.01386,1.386
180.62,0.01386,1.386
180.63,0.01386,1.386
180.64,0.01386,1.386
180.65,0.01386,1.386
180.66,0.01386,1.386
180.67,0.01386,1.386
180.68,0.01386,1.386
180.68,0.01386,1.386
180.69,0.01387,1.387
180.70,0.01387,1.387
180.71,0.01387,1.387
180.72,0.01387,1.387
180.73,0.01387,1.387
180.74,0.01387,1.387
180.75,0.01387,1.387
180.76,0.01387,1.387
180.76,0.01387,1.387
180.77,0.01387,1.387
180.78,0.01387,1.387
180.79,0.01388,1.388
180.80,0.01388,1.388
180.81,0.01388,1.388
180.82,0.01388,1.388
180.83,0.01388,1.388
180.83,0.01388,1.388
180.84,0.01388,1.388
180.85,0.01388,1.388
180.86,0.01388,1.388
180.87,0.01388,1.388
180.88,0.01389,1.389
180.89,0.01389,1.389
180.90,0.01389,1.389
180.91,0.01389,1.389
180.91,0.01389,1.389
180.92,0.01389,1.389
180.93,0.01389,1.389
180.94,0.01389,1.389
180.95,0.01389,1.389
180.96,0.01389,1.389
180.97,0.01389,1.389
180.98,0.01390,1.390
180.99,0.01390,1.390
180.99,0.01390,1.390
181.00,0.01390,1.390
181.01,0.01390,1.390
181.02,0.01390,1.390
181.03,0.01390,1.390
181.04,0.01390,1.390
181.05,0.01390,1.390
181.06,0.01390,1.390
181.07,0.01390,1.390
181.07,0.01391,1.391
181.08,0.01391,1.391
181.09,0.01391,1.391
181.10,0.01391,1.391
181.11,0.01391,1.391
181.12,0.01391,1.391
181.13,0.01391,1.391
181.14,0.01391,1.391
181.14,0.01391,1.391
181.15,0.01391,1.391
181.16,0.01391,1.391
181.17,0.01392,1.392
181.18,0.01392,1.392
181.19,0.01392,1.392
181.20,0.01392,1.392
181.21,0.01392,1.392
181.22,0.01392,1.392
181.22,0.01392,1.392
181.23,0.01392,1.392
181.24,0.01392,1.392
181.25,0.01392,1.392
181.26,0.01392,1.392
181.27,0.01393,1.393
181.28,0.01393,1.393
181.29,0.01393,1.393
181.30,0.01393,1.393
181.30,0.01393,1.393
181.31,0.01393,1.393
181.32,0.01393,1.393
181.33,0.01393,1.393
181.34,0.01393,1.393
181.35,0.01393,1.393
181.36,0.01393,1.393
181.37,0.01394,1.394
181.37,0.01394,1.394
181.38,0.01394,1.394
181.39,0.01394,1.394
181.40,0.01394,1.394
181.41,0.01394,1.394
181.42,0.01394,1.394
181.43,0.01394,1.394
181.44,0.01394,1.394
181.45,0.01394,1.394
181.45,0.01394,1.394
181.46,0.01395,1.395
181.47,0.01395,1.395
181.48,0.01395,1.395
181.49,0.01395,1.395
181.50,0.01395,1.395
181.51,0.01395,1.395
181.52,0.01395,1.395
181.53,0.01395,1.395
181.53,0.01395,1.395
181.54,0.01395,1.395
181.55,0.01396,1.396
181.56,0.01396,1.396
181.57,0.01396,1.396
181.58,0.01396,1.396
181.59,0.01396,1.396
181.60,0.01396,1.396
181.61,0.01396,1.396
181.61,0.01396,1.396
181.62,0.01396,1.396
181.63,0.01396,1.396
181.64,0.01396,1.396
181.65,0.01397,1.397
181.66,0.01397,1.397
181.67,0.01397,1.397
181.68,0.01397,1.397
181.68,0.01397,1.397
181.69,0.01397,1.397
181.70,0.01397,1.397
181.71,0.01397,1.397
181.72,0.01397,1.397
181.73,0.01397,1.397
181.74,0.01397,1.397
181.75,0.01398,1.398
181.76,0.01398,1.398
181.76,0.01398,1.398
181.77,0.01398,1.398
181.78,0.01398,1.398
181.79,0.01398,1.398
181.80,0.01398,1.398
181.81,0.01398,1.398
181.82,0.01398,1.398
181.83,0.01398,1.398
181.84,0.01398,1.398
181.84,0.01399,1.399
181.85,0.01399,1.399
181.86,0.01399,1.399
181.87,0.01399,1.399
181.88,0.01399,1.399
181.89,0.01399,1.399
181.90,0.01399,1.399
181.91,0.01399,1.399
181.91,0.01399,1.399
181.92,0.01399,1.399
181.93,0.01400,1.400
181.94,0.01400,1.400
181.95,0.01400,1.400
181.96,0.01400,1.400
181.97,0.01400,1.400
181.98,0.01400,1.400
181.99,0.01400,1.400
181.99,0.01400,1.400
182.00,0.01400,1.400
182.01,0.01400,1.400
182.02,0.01400,1.400
182.03,0.01401,1.401
182.04,0.01401,1.401
182.05,0.01401,1.401
182.06,0.01401,1.401
182.07,0.01401,1.401
182.07,0.01401,1.401
182.08,0.01401,1.401
182.09,0.01401,1.401
182.10,0.01401,1.401
182.11,0.01401,1.401
182.12,0.01401,1.401
182.13,0.01402,1.402
182.14,0.01402,1.402
182.14,0.01402,1.402
182.15,0.01402,1.402
182.16,0.01402,1.402
182.17,0.01402,1.402
182.18,0.01402,1.402
182.19,0.01402,1.402
182.20,0.01402,1.402
182.21,0.01402,1.402
182.22,0.01402,1.402
182.22,0.01403,1.403
182.23,0.01403,1.403
182.24,0.01403,1.403
182.25,0.01403,1.403
182.26,0.01403,1.403
182.27,0.01403,1.403
182.28,0.01403,1.403
182.29,0.01403,1.403
182.29,0.01403,1.403
182.30,0.01403,1.403
182.31,0.01404,1.404
182.32,0.01404,1.404
182.33,0.01404,1.404
182.34,0.01404,1.404
182.35,0.01404,1.404
182.36,0.01404,1.404
182.37,0.01404,1.404
182.37,0.01404,1.404
182.38,0.01404,1.404
182.39,0.01404,1.404
182.40,0.01404,1.404
182.41,0.01405,1.405
182.42,0.01405,1.405
182.43,0.01405,1.405
182.44,0.01405,1.405
182.44,0.01405,1.405
182.45,0.01405,1.405
182.46,0.01405,1.405
182.47,0.01405,1.405
182.48,0.01405,1.405
182.49,0.01405,1.405
182.50,0.01405,1.405
182.51,0.01406,1.406
182.52,0.01406,1.406
182.52,0.01406,1.406
182.53,0.01406,1.406
182.54,0.01406,1.406
182.55,0.01406,1.406
182.56,0.01406,1.406
182.57,0.01406,1.406
182.58,0.01406,1.406
182.59,0.01406,1.406
182.59,0.01406,1.406
182.60,0.01407,1.407
182.61,0.01407,1.407
182.62,0.01407,1.407
182.63,0.01407,1.407
182.64,0.01407,1.407
182.65,0.01407,1.407
182.66,0.01407,1.407
182.67,0.01407,1.407
182.67,0.01407,1.407
182.68,0.01407,1.407
182.69,0.01408,1.408
182.70,0.01408,1.408
182.71,0.01408,1.408
182.72,0.01408,1.408
182.73,0.01408,1.408
182.74,0.01408,1.408
182.74,0.01408,1.408
182.75,0.01408,1.408
182.76,0.01408,1.408
182.77,0.01408,1.408
182.78,0.01408,1.408
182.79,0.01409,1.409
182.80,0.01409,1.409
182.81,0.01409,1.409
182.82,0.01409,1.409
182.82,0.01409,1.409
182.83,0.01409,1.409
182.84,0.01409,1.409
182.85,0.01409,1.409
182.86,0.01409,1.409
182.87,0.01409,1.409
182.88,0.01409,1.409
182.89,0.01410,1.410
182.89,0.01410,1.410
182.90,0.01410,1.410
182.91,0.01410,1.410
182.92,0.01410,1.410
182.93,0.01410,1.410
182.94,0.01410,1.410
182.95,0.01410,1.410
182.96,0.01410,1.410
182.97,0.01410,1.410
182.97,0.01410,1.410
182.98,0.01411,1.411
182.99,0.01411,1.411
183.00,0.01411,1.411
183.01,0.01411,1.411
183.02,0.01411,1.411
183.03,0.01411,1.411
183.04,0.01411,1.411
183.04,0.01411,1.411
183.05,0.01411,1.411
183.06,0.01411,1.411
183.07,0.01412,1.412
183.08,0.01412,1.412
183.09,0.01412,1.412
183.10,0.01412,1.412
183.11,0.01412,1.412
183.12,0.01412,1.412
183.12,0.01412,1.412
183.13,0.01412,1.412
183.14,0.01412,1.412
183.15,0.01412,1.412
183.16,0.01412,1.412
183.17,0.01413,1.413
183.18,0.01413,1.413
183.19,0.01413,1.413
183.19,0.01413,1.413
183.20,0.01413,1.413
183.21,0.01413,1.413
183.22,0.01413,1.413
183.23,0.01413,1.413
183.24,0.01413,1.413
183.25,0.01413,1.413
183.26,0.01413,1.413
183.27,0.01414,1.414
183.27,0.01414,1.414
183.28,0.01414,1.414
183.29,0.01414,1.414
183.30,0.01414,1.414
183.31,0.01414,1.414
183.32,0.01414,1.414
183.33,0.01414,1.414
183.34,0.01414,1.414
183.34,0.01414,1.414
183.35,0.01414,1.414
183.36,0.01415,1.415
183.37,0.01415,1.415
183.38,0.01415,1.415
183.39,0.01415,1.415
183.40,0.01415,1.415
183.41,0.01415,1.415
183.42,0.01415,1.415
183.42,0.01415,1.415
183.43,0.01415,1.415
183.44,0.01415,1.415
183.45,0.01415,1.415
183.46,0.01416,1.416
183.47,0.01416,1.416
183.48,0.01416,1.416
183.49,0.01416,1.416
183.49,0.01416,1.416
183.50,0.01416,1.416
183.51,0.01416,1.416
183.52,0.01416,1.416
183.53,0.01416,1.416
183.54,0.01416,1.416
183.55,0.01417,1.417
183.56,0.01417,1.417
183.57,0.01417,1.417
183.57,0.01417,1.417
183.58,0.01417,1.417
183.59,0.01417,1.417
183.60,0.01417,1.417
183.61,0.01417,1.417
183.62,0.01417,1.417
183.63,0.01417,1.417
183.64,0.01417,1.417
183.64,0.01418,1.418
183.65,0.01418,1.418
183.66,0.01418,1.418
183.67,0.01418,1.418
183.68,0.01418,1.418
183.69,0.01418,1.418
183.70,0.01418,1.418
183.71,0.01418,1.418
183.72,0.01418,1.418
183.72,0.01418,1.418
183.73,0.01418,1.418
183.74,0.01419,1.419
183.75,0.01419,1.419
183.76,0.01419,1.419
183.77,0.01419,1.419
183.78,0.01419,1.419
183.79,0.01419,1.419
183.79,0.01419,1.419
183.80,0.01419,1.419
183.81,0.01419,1.419
183.82,0.01419,1.419
183.83,0.01419,1.419
183.84,0.01420,1.420
183.85,0.01420,1.420
183.86,0.01420,1.420
183.87,0.01420,1.420
183.87,0.01420,1.420
183.88,0.01420,1.420
183.89,0.01420,1.420
183.90,0.01420,1.420
183.91,0.01420,1.420
183.92,0.01420,1.420
183.93,0.01420,1.420
183.94,0.01421,1.421
183.94,0.01421,1.421
183.95,0.01421,1.421
183.96,0.01421,1.421
183.97,0.01421,1.421
183.98,0.01421,1.421
183.99,0.01421,1.421
184.00,0.01421,1.421
184.01,0.01421,1.421
184.01,0.01421,1.421
184.02,0.01421,1.421
184.03,0.01422,1.422
184.04,0.01422,1.422
184.05,0.01422,1.422
184.06,0.01422,1.422
184.07,0.01422,1.422
184.08,0.01422,1.422
184.09,0.01422,1.422
184.09,0.01422,1.422
184.10,0.01422,1.422
184.11,0.01422,1.422
184.12,0.01423,1.423
184.13,0.01423,1.423
184.14,0.01423,1.423
184.15,0.01423,1.423
184.16,0.01423,1.423
184.16,0.01423,1.423
184.17,0.01423,1.423
184.18,0.01423,1.423
184.19,0.01423,1.423
184.20,0.01423,1.423
184.21,0.01423,1.423
184.22,0.01424,1.424
184.23,0.01424,1.424
184.24,0.01424,1.424
184.24,0.01424,1.424
184.25,0.01424,1.424
184.26,0.01424,1.424
184.27,0.01424,1.424
184.28,0.01424,1.424
184.29,0.01424,1.424
184.30,0.01424,1.424
184.31,0.01424,1.424
184.31,0.01425,1.425
184.32,0.01425,1.425
184.33,0.01425,1.425
184.34,0.01425,1.425
184.35,0.01425,1.425
184.36,0.01425,1.425
184.37,0.01425,1.425
184.38,0.01425,1.425
184.39,0.01425,1.425
184.39,0.01425,1.425
184.40,0.01425,1.425
184.41,0.01426,1.426
184.42,0.01426,1.426
184.43,0.01426,1.426
184.44,0.01426,1.426
184.45,0.01426,1.426
184.46,0.01426,1.426
184.46,0.01426,1.426
184.47,0.01426,1.426
184.48,0.01426,1.426
184.49,0.01426,1.426
184.50,0.01427,1.427
184.51,0.01427,1.427
184.52,0.01427,1.427
184.53,0.01427,1.427
184.53,0.01427,1.427
184.54,0.01427,1.427
184.55,0.01427,1.427
184.56,0.01427,1.427
184.57,0.01427,1.427
184.58,0.01427,1.427
184.59,0.01427,1.427
184.60,0.01428,1.428
184.61,0.01428,1.428
184.61,0.01428,1.428
184.62,0.01428,1.428
184.63,0.01428,1.428
184.64,0.01428,1.428
184.65,0.01428,1.428
184.66,0.01428,1.428
184.67,0.01428,1.428
184.68,0.01428,1.428
184.69,0.01428,1.428
184.69,0.01429,1.429
184.70,0.01429,1.429
184.71,0.01429,1.429
184.72,0.01429,1.429
184.73,0.01429,1.429
184.74,0.01429,1.429
184.75,0.01429,1.429
184.76,0.01429,1.429
184.76,0.01429,1.429
184.77,0.01429,1.429
184.78,0.01429,1.429
184.79,0.01430,1.430
184.80,0.01430,1.430
184.81,0.01430,1.430
184.82,0.01430,1.430
184.83,0.01430,1.430
184.84,0.01430,1.430
184.84,0.01430,1.430
184.85,0.01430,1.430
184.86,0.01430,1.430
184.87,0.01430,1.430
184.88,0.01431,1.431
184.89,0.01431,1.431
184.90,0.01431,1.431
184.91,0.01431,1.431
184.91,0.01431,1.431
184.92,0.01431,1.431
184.93,0.01431,1.431
184.94,0.01431,1.431
184.95,0.01431,1.431
184.96,0.01431,1.431
184.97,0.01431,1.431
184.98,0.01432,1.432
184.99,0.01432,1.432
184.99,0.01432,1.432
185.00,0.01432,1.432
185.01,0.01432,1.432
185.02,0.01432,1.432
185.03,0.01432,1.432
185.04,0.01432,1.432
185.05,0.01432,1.432
185.06,0.01432,1.432
185.07,0.01432,1.432
185.07,0.01433,1.433
185.08,0.01433,1.433
185.09,0.01433,1.433
185.10,0.01433,1.433
185.11,0.01433,1.433
185.12,0.01433,1.433
185.13,0.01433,1.433
185.14,0.01433,1.433
185.14,0.01433,1.433
185.15,0.01433,1.433
185.16,0.01434,1.434
185.17,0.01434,1.434
185.18,0.01434,1.434
185.19,0.01434,1.434
185.20,0.01434,1.434
185.21,0.01434,1.434
185.22,0.01434,1.434
185.22,0.01434,1.434
185.23,0.01434,1.434
185.24,0.01434,1.434
185.25,0.01434,1.434
185.26,0.01435,1.435
185.27,0.01435,1.435
185.28,0.01435,1.435
185.29,0.01435,1.435
185.29,0.01435,1.435
185.30,0.01435,1.435
185.31,0.01435,1.435
185.32,0.01435,1.435
185.33,0.01435,1.435
185.34,0.01435,1.435
185.35,0.01435,1.435
185.36,0.01436,1.436
185.37,0.01436,1.436
185.37,0.01436,1.436
185.38,0.01436,1.436
185.39,0.01436,1.436
185.40,0.01436,1.436
185.41,0.01436,1.436
185.42,0.01436,1.436
185.43,0.01436,1.436
185.44,0.01436,1.436
185.45,0.01436,1.436
185.45,0.01437,1.437
185.46,0.01437,1.437
185.47,0.01437,1.437
185.48,0.01437,1.437
185.49,0.01437,1.437
185.50,0.01437,1.437
185.51,0.01437,1.437
185.52,0.01437,1.437
185.52,0.01437,1.437
185.53,0.01437,1.437
185.54,0.01438,1.438
185.55,0.01438,1.438
185.56,0.01438,1.438
185.57,0.01438,1.438
185.58,0.01438,1.438
185.59,0.01438,1.438
185.60,0.01438,1.438
185.60,0.01438,1.438
185.61,0.01438,1.438
185.62,0.01438,1.438
185.63,0.01438,1.438
185.64,0.01439,1.439
185.65,0.01439,1.439
185.66,0.01439,1.439
185.67,0.01439,1.439
185.67,0.01439,1.439
185.68,0.01439,1.439
185.69,0.01439,1.439
185.70,0.01439,1.439
185.71,0.01439,1.439
185.72,0.01439,1.439
185.73,0.01439,1.439
185.74,0.01440,1.440
185.75,0.01440,1.440
185.75,0.01440,1.440
185.76,0.01440,1.440
185.77,0.01440,1.440
185.78,0.01440,1.440
185.79,0.01440,1.440
185.80,0.01440,1.440
185.81,0.01440,1.440
185.82,0.01440,1.440
185.82,0.01441,1.441
185.83,0.01441,1.441
185.84,0.01441,1.441
185.85,0.01441,1.441
185.86,0.01441,1.441
185.87,0.01441,1.441
185.88,0.01441,1.441
185.89,0.01441,1.441
185.90,0.01441,1.441
185.90,0.01441,1.441
185.91,0.01441,1.441
185.92,0.01442,1.442
185.93,0.01442,1.442
185.94,0.01442,1.442
185.95,0.01442,1.442
185.96,0.01442,1.442
185.97,0.01442,1.442
185.98,0.01442,1.442
185.98,0.01442,1.442
185.99,0.01442,1.442
186.00,0.01442,1.442
186.01,0.01442,1.442
186.02,0.01443,1.443
186.03,0.01443,1.443
186.04,0.01443,1.443
186.05,0.01443,1.443
186.05,0.01443,1.443
186.06,0.01443,1.443
186.07,0.01443,1.443
186.08,0.01443,1.443
186.09,0.01443,1.443
186.10,0.01443,1.443
186.11,0.01443,1.443
186.12,0.01444,1.444
186.13,0.01444,1.444
186.13,0.01444,1.444
186.14,0.01444,1.444
186.15,0.01444,1.444
186.16,0.01444,1.444
186.17,0.01444,1.444
186.18,0.01444,1.444
186.19,0.01444,1.444
186.20,0.01444,1.444
186.20,0.01445,1.445
186.21,0.01445,1.445
186.22,0.01445,1.445
186.23,0.01445,1.445
186.24,0.01445,1.445
186.25,0.01445,1.445
186.26,0.01445,1.445
186.27,0.01445,1.445
186.28,0.01445,1.445
186.28,0.01445,1.445
186.29,0.01445,1.445
186.30,0.01446,1.446
186.31,0.01446,1.446
186.32,0.01446,1.446
186.33,0.01446,1.446
186.34,0.01446,1.446
186.35,0.01446,1.446
186.35,0.01446,1.446
186.36,0.01446,1.446
186.37,0.01446,1.446
186.38,0.01446,1.446
186.39,0.01446,1.446
186.40,0.01447,1.447
186.41,0.01447,1.447
186.42,0.01447,1.447
186.43,0.01447,1.447
186.43,0.01447,1.447
186.44,0.01447,1.447
186.45,0.01447,1.447
186.46,0.01447,1.447
186.47,0.01447,1.447
186.48,0.01447,1.447
186.49,0.01447,1.447
186.50,0.01448,1.448
186.51,0.01448,1.448
186.51,0.01448,1.448
186.52,0.01448,1.448
186.53,0.01448,1.448
186.54,0.01448,1.448
186.55,0.01448,1.448
186.56,0.01448,1.448
186.57,0.01448,1.448
186.58,0.01448,1.448
186.58,0.01449,1.449
186.59,0.01449,1.449
186.60,0.01449,1.449
186.61,0.01449,1.449
186.62,0.01449,1.449
186.63,0.01449,1.449
186.64,0.01449,1.449
186.65,0.01449,1.449
186.66,0.01449,1.449
186.66,0.01449,1.449
186.67,0.01449,1.449
186.68,0.01450,1.450
186.69,0.01450,1.450
186.70,0.01450,1.450
186.71,0.01450,1.450
186.72,0.01450,1.450
186.73,0.01450,1.450
186.73,0.01450,1.450
186.74,0.01450,1.450
186.75,0.01450,1.450
186.76,0.01450,1.450
186.77,0.01450,1.450
186.78,0.01451,1.451
186.79,0.01451,1.451
186.80,0.01451,1.451
186.81,0.01451,1.451
186.81,0.01451,1.451
186.82,0.01451,1.451
186.83,0.01451,1.451
186.84,0.01451,1.451
186.85,0.01451,1.451
186.86,0.01451,1.451
186.87,0.01451,1.451
186.88,0.01452,1.452
186.88,0.01452,1.452
186.89,0.01452,1.452
186.90,0.01452,1.452
186.91,0.01452,1.452
186.92,0.01452,1.452
186.93,0.01452,1.452
186.94,0.01452,1.452
186.95,0.01452,1.452
186.96,0.01452,1.452
186.96,0.01452,1.452
186.97,0.01453,1.453
186.98,0.01453,1.453
186.99,0.01453,1.453
187.00,0.01453,1.453
187.01,0.01453,1.453
187.02,0.01453,1.453
187.03,0.01453,1.453
187.03,0.01453,1.453
187.04,0.01453,1.453
187.05,0.01453,1.453
187.06,0.01453,1.453
187.07,0.01454,1.454
187.08,0.01454,1.454
187.09,0.01454,1.454
187.10,0.01454,1.454
187.10,0.01454,1.454
187.11,0.01454,1.454
187.12,0.01454,1.454
187.13,0.01454,1.454
187.14,0.01454,1.454
187.15,0.01454,1.454
187.16,0.01455,1.455
187.17,0.01455,1.455
187.18,0.01455,1.455
187.18,0.01455,1.455
187.19,0.01455,1.455
187.20,0.01455,1.455
187.21,0.01455,1.455
187.22,0.01455,1.455
187.23,0.01455,1.455
187.24,0.01455,1.455
187.25,0.01455,1.455
187.25,0.01456,1.456
187.26,0.01456,1.456
187.27,0.01456,1.456
187.28,0.01456,1.456
187.29,0.01456,1.456
187.30,0.01456,1.456
187.31,0.01456,1.456
187.32,0.01456,1.456
187.33,0.01456,1.456
187.33,0.01456,1.456
187.34,0.01456,1.456
187.35,0.01457,1.457
187.36,0.01457,1.457
187.37,0.01457,1.457
187.38,0.01457,1.457
187.39,0.01457,1.457
187.40,0.01457,1.457
187.40,0.01457,1.457
187.41,0.01457,1.457
187.42,0.01457,1.457
187.43,0.01457,1.457
187.44,0.01457,1.457
187.45,0.01458,1.458
187.46,0.01458,1.458
187.47,0.01458,1.458
187.48,0.01458,1.458
187.48,0.01458,1.458
187.49,0.01458,1.458
187.50,0.01458,1.458
187.51,0.01458,1.458
187.52,0.01458,1.458
187.53,0.01458,1.458
187.54,0.01458,1.458
187.55,0.01459,1.459
187.55,0.01459,1.459
187.56,0.01459,1.459
187.57,0.01459,1.459
187.58,0.01459,1.459
187.59,0.01459,1.459
187.60,0.01459,1.459
187.61,0.01459,1.459
187.62,0.01459,1.459
187.63,0.01459,1.459
187.63,0.01459,1.459
187.64,0.01460,1.460
187.65,0.01460,1.460
187.66,0.01460,1.460
187.67,0.01460,1.460
187.68,0.01460,1.460
187.69,0.01460,1.460
187.70,0.01460,1.460
187.71,0.01460,1.460
187.71,0.01460,1.460
187.72,0.01460,1.460
187.73,0.01460,1.460
187.74,0.01461,1.461
187.75,0.01461,1.461
187.76,0.01461,1.461
187.77,0.01461,1.461
187.78,0.01461,1.461
187.78,0.01461,1.461
187.79,0.01461,1.461
187.80,0.01461,1.461
187.81,0.01461,1.461
187.82,0.01461,1.461
187.83,0.01462,1.462
187.84,0.01462,1.462
187.85,0.01462,1.462
187.86,0.01462,1.462
187.86,0.01462,1.462
187.87,0.01462,1.462
187.88,0.01462,1.462
187.89,0.01462,1.462
187.90,0.01462,1.462
187.91,0.01462,1.462
187.92,0.01462,1.462
187.93,0.01463,1.463
187.93,0.01463,1.463
187.94,0.01463,1.463
187.95,0.01463,1.463
187.96,0.01463,1.463
187.97,0.01463,1.463
187.98,0.01463,1.463
187.99,0.01463,1.463
188.00,0.01463,1.463
188.01,0.01463,1.463
188.01,0.01463,1.463
188.02,0.01464,1.464
188.03,0.01464,1.464
188.04,0.01464,1.464
188.05,0.01464,1.464
188.06,0.01464,1.464
188.07,0.01464,1.464
188.08,0.01464,1.464
188.09,0.01464,1.464
188.09,0.01464,1.464
188.10,0.01464,1.464
188.11,0.01464,1.464
188.12,0.01465,1.465
188.13,0.01465,1.465
188.14,0.01465,1.465
188.15,0.01465,1.465
188.16,0.01465,1.465
188.16,0.01465,1.465
188.17,0.01465,1.465
188.18,0.01465,1.465
188.19,0.01465,1.465
188.20,0.01465,1.465
188.21,0.01465,1.465
188.22,0.01466,1.466
188.23,0.01466,1.466
188.24,0.01466,1.466
188.24,0.01466,1.466
188.25,0.01466,1.466
188.26,0.01466,1.466
188.27,0.01466,1.466
188.28,0.01466,1.466
188.29,0.01466,1.466
188.30,0.01466,1.466
188.31,0.01466,1.466
188.31,0.01467,1.467
188.32,0.01467,1.467
188.33,0.01467,1.467
188.34,0.01467,1.467
188.35,0.01467,1.467
188.36,0.01467,1.467
188.37,0.01467,1.467
188.38,0.01467,1.467
188.39,0.01467,1.467
188.39,0.01467,1.467
188.40,0.01467,1.467
188.41,0.01468,1.468
188.42,0.01468,1.468
188.43,0.01468,1.468
188.44,0.01468,1.468
188.45,0.01468,1.468
188.46,0.01468,1.468
188.46,0.01468,1.468
188.47,0.01468,1.468
188.48,0.01468,1.468
188.49,0.01468,1.468
188.50,0.01468,1.468
188.51,0.01469,1.469
188.52,0.01469,1.469
188.53,0.01469,1.469
188.54,0.01469,1.469
188.54,0.01469,1.469
188.55,0.01469,1.469
188.56,0.01469,1.469
188.57,0.01469,1.469
188.58,0.01469,1.469
188.59,0.01469,1.469
188.60,0.01470,1.470
188.61,0.01470,1.470
188.61,0.01470,1.470
188.62,0.01470,1.470
188.63,0.01470,1.470
188.64,0.01470,1.470
188.65,0.01470,1.470
188.66,0.01470,1.470
188.67,0.01470,1.470
188.68,0.01470,1.470
188.68,0.01470,1.470
188.69,0.01471,1.471
188.70,0.01471,1.471
188.71,0.01471,1.471
188.72,0.01471,1.471
188.73,0.01471,1.471
188.74,0.01471,1.471
188.75,0.01471,1.471
188.76,0.01471,1.471
188.76,0.01471,1.471
188.77,0.01471,1.471
188.78,0.01471,1.471
188.79,0.01472,1.472
188.80,0.01472,1.472
188.81,0.01472,1.472
188.82,0.01472,1.472
188.83,0.01472,1.472
188.83,0.01472,1.472
188.84,0.01472,1.472
188.85,0.01472,1.472
188.86,0.01472,1.472
188.87,0.01472,1.472
188.88,0.01472,1.472
188.89,0.01473,1.473
188.90,0.01473,1.473
188.90,0.01473,1.473
188.91,0.01473,1.473
188.92,0.01473,1.473
188.93,0.01473,1.473
188.94,0.01473,1.473
188.95,0.01473,1.473
188.96,0.01473,1.473
188.97,0.01473,1.473
188.98,0.01473,1.473
188.98,0.01474,1.474
188.99,0.01474,1.474
189.00,0.01474,1.474
189.01,0.01474,1.474
189.02,0.01474,1.474
189.03,0.01474,1.474
189.04,0.01474,1.474
189.05,0.01474,1.474
189.05,0.01474,1.474
189.06,0.01474,1.474
189.07,0.01474,1.474
189.08,0.01475,1.475
189.09,0.01475,1.475
189.10,0.01475,1.475
189.11,0.01475,1.475
189.12,0.01475,1.475
189.12,0.01475,1.475
189.13,0.01475,1.475
189.14,0.01475,1.475
189.15,0.01475,1.475
189.16,0.01475,1.475
189.17,0.01475,1.475
189.18,0.01476,1.476
189.19,0.01476,1.476
189.20,0.01476,1.476
189.20,0.01476,1.476
189.21,0.01476,1.476
189.22,0.01476,1.476
189.23,0.01476,1.476
189.24,0.01476,1.476
189.25,0.01476,1.476
189.26,0.01476,1.476
189.27,0.01477,1.477
189.27,0.01477,1.477
189.28,0.01477,1.477
189.29,0.01477,1.477
189.30,0.01477,1.477
189.31,0.01477,1.477
189.32,0.01477,1.477
189.33,0.01477,1.477
189.34,0.01477,1.477
189.35,0.01477,1.477
189.35,0.01477,1.477
189.36,0.01478,1.478
189.37,0.01478,1.478
189.38,0.01478,1.478
189.39,0.01478,1.478
189.40,0.01478,1.478
189.41,0.01478,1.478
189.42,0.01478,1.478
189.42,0.01478,1.478
189.43,0.01478,1.478
189.44,0.01478,1.478
189.45,0.01478,1.478
189.46,0.01479,1.479
189.47,0.01479,1.479
189.48,0.01479,1.479
189.49,0.01479,1.479
189.50,0.01479,1.479
189.50,0.01479,1.479
189.51,0.01479,1.479
189.52,0.01479,1.479
189.53,0.01479,1.479
189.54,0.01479,1.479
189.55,0.01479,1.479
189.56,0.01480,1.480
189.57,0.01480,1.480
189.57,0.01480,1.480
189.58,0.01480,1.480
189.59,0.01480,1.480
189.60,0.01480,1.480
189.61,0.01480,1.480
189.62,0.01480,1.480
189.63,0.01480,1.480
189.64,0.01480,1.480
189.65,0.01480,1.480
189.65,0.01481,1.481
189.66,0.01481,1.481
189.67,0.01481,1.481
189.68,0.01481,1.481
189.69,0.01481,1.481
189.70,0.01481,1.481
189.71,0.01481,1.481
189.72,0.01481,1.481
189.72,0.01481,1.481
189.73,0.01481,1.481
189.74,0.01482,1.482
189.75,0.01482,1.482
189.76,0.01482,1.482
189.77,0.01482,1.482
189.78,0.01482,1.482
189.79,0.01482,1.482
189.80,0.01482,1.482
189.80,0.01482,1.482
189.81,0.01482,1.482
189.82,0.01482,1.482
189.83,0.01482,1.482
189.84,0.01483,1.483
189.85,0.01483,1.483
189.86,0.01483,1.483
189.87,0.01483,1.483
189.88,0.01483,1.483
189.88,0.01483,1.483
189.89,0.01483,1.483
189.90,0.01483,1.483
189.91,0.01483,1.483
189.92,0.01483,1.483
189.93,0.01483,1.483
189.94,0.01484,1.484
189.95,0.01484,1.484
189.95,0.01484,1.484
189.96,0.01484,1.484
189.97,0.01484,1.484
189.98,0.01484,1.484
189.99,0.01484,1.484
190.00,0.01484,1.484
190.01,0.01484,1.484
190.02,0.01484,1.484
190.03,0.01484,1.484
190.03,0.01485,1.485
190.04,0.01485,1.485
190.05,0.01485,1.485
190.06,0.01485,1.485
190.07,0.01485,1.485
190.08,0.01485,1.485
190.09,0.01485,1.485
190.10,0.01485,1.485
190.11,0.01485,1.485
190.11,0.01485,1.485
190.12,0.01486,1.486
190.13,0.01486,1.486
190.14,0.01486,1.486
190.15,0.01486,1.486
190.16,0.01486,1.486
190.17,0.01486,1.486
190.18,0.01486,1.486
190.18,0.01486,1.486
190.19,0.01486,1.486
190.20,0.01486,1.486
190.21,0.01486,1.486
190.22,0.01487,1.487
190.23,0.01487,1.487
190.24,0.01487,1.487
190.25,0.01487,1.487
190.26,0.01487,1.487
190.26,0.01487,1.487
190.27,0.01487,1.487
190.28,0.01487,1.487
190.29,0.01487,1.487
190.30,0.01487,1.487
190.31,0.01487,1.487
190.32,0.01488,1.488
190.33,0.01488,1.488
190.33,0.01488,1.488
190.34,0.01488,1.488
190.35,0.01488,1.488
190.36,0.01488,1.488
190.37,0.01488,1.488
190.38,0.01488,1.488
190.39,0.01488,1.488
190.40,0.01488,1.488
190.41,0.01489,1.489
190.41,0.01489,1.489
190.42,0.01489,1.489
190.43,0.01489,1.489
190.44,0.01489,1.489
190.45,0.01489,1.489
190.46,0.01489,1.489
190.47,0.01489,1.489
190.48,0.01489,1.489
190.48,0.01489,1.489
190.49,0.01489,1.489
190.50,0.01490,1.490
190.51,0.01490,1.490
190.52,0.01490,1.490
190.53,0.01490,1.490
190.54,0.01490,1.490
190.55,0.01490,1.490
190.56,0.01490,1.490
190.56,0.01490,1.490
190.57,0.01490,1.490
190.58,0.01490,1.490
190.59,0.01490,1.490
190.60,0.01491,1.491
190.61,0.01491,1.491
190.62,0.01491,1.491
190.63,0.01491,1.491
190.63,0.01491,1.491
190.64,0.01491,1.491
190.65,0.01491,1.491
190.66,0.01491,1.491
190.67,0.01491,1.491
190.68,0.01491,1.491
190.69,0.01491,1.491
190.70,0.01492,1.492
190.71,0.01492,1.492
190.71,0.01492,1.492
190.72,0.01492,1.492
190.73,0.01492,1.492
190.74,0.01492,1.492
190.75,0.01492,1.492
190.76,0.01492,1.492
190.77,0.01492,1.492
190.78,0.01492,1.492
190.78,0.01493,1.493
190.79,0.01493,1.493
190.80,0.01493,1.493
190.81,0.01493,1.493
190.82,0.01493,1.493
190.83,0.01493,1.493
190.84,0.01493,1.493
190.85,0.01493,1.493
190.86,0.01493,1.493
190.86,0.01493,1.493
190.87,0.01493,1.493
190.88,0.01494,1.494
190.89,0.01494,1.494
190.90,0.01494,1.494
190.91,0.01494,1.494
190.92,0.01494,1.494
190.93,0.01494,1.494
190.93,0.01494,1.494
190.94,0.01494,1.494
190.95,0.01494,1.494
190.96,0.01494,1.494
190.97,0.01494,1.494
190.98,0.01495,1.495
190.99,0.01495,1.495
191.00,0.01495,1.495
191.01,0.01495,1.495
191.01,0.01495,1.495
191.02,0.01495,1.495
191.03,0.01495,1.495
191.04,0.01495,1.495
191.05,0.01495,1.495
191.06,0.01495,1.495
191.07,0.01495,1.495
191.08,0.01496,1.496
191.08,0.01496,1.496
191.09,0.01496,1.496
191.10,0.01496,1.496
191.11,0.01496,1.496
191.12,0.01496,1.496
191.13,0.01496,1.496
191.14,0.01496,1.496
191.15,0.01496,1.496
191.16,0.01496,1.496
191.16,0.01497,1.497
191.17,0.01497,1.497
191.18,0.01497,1.497
191.19,0.01497,1.497
191.20,0.01497,1.497
191.21,0.01497,1.497
191.22,0.01497,1.497
191.23,0.01497,1.497
191.23,0.01497,1.497
191.24,0.01497,1.497
191.25,0.01497,1.497
191.26,0.01498,1.498
191.27,0.01498,1.498
191.28,0.01498,1.498
191.29,0.01498,1.498
191.30,0.01498,1.498
191.31,0.01498,1.498
191.31,0.01498,1.498
191.32,0.01498,1.498
191.33,0.01498,1.498
191.34,0.01498,1.498
191.35,0.01498,1.498
191.36,0.01499,1.499
191.37,0.01499,1.499
191.38,0.01499,1.499
191.39,0.01499,1.499
191.39,0.01499,1.499
191.40,0.01499,1.499
191.41,0.01499,1.499
191.42,0.01499,1.499
191.43,0.01499,1.499
191.44,0.01499,1.499
191.45,0.01500,1.500
191.46,0.01500,1.500
191.46,0.01500,1.500
191.47,0.01500,1.500
191.48,0.01500,1.500
191.49,0.01500,1.500
191.50,0.01500,1.500
191.51,0.01500,1.500
191.52,0.01500,1.500
191.53,0.01500,1.500
191.54,0.01500,1.500
191.54,0.01501,1.501
191.55,0.01501,1.501
191.56,0.01501,1.501
191.57,0.01501,1.501
191.58,0.01501,1.501
191.59,0.01501,1.501
191.60,0.01501,1.501
191.61,0.01501,1.501
191.61,0.01501,1.501
191.62,0.01501,1.501
191.63,0.01501,1.501
191.64,0.01502,1.502
191.65,0.01502,1.502
191.66,0.01502,1.502
191.67,0.01502,1.502
191.68,0.01502,1.502
191.69,0.01502,1.502
191.69,0.01502,1.502
191.70,0.01502,1.502
191.71,0.01502,1.502
191.72,0.01502,1.502
191.73,0.01502,1.502
191.74,0.01503,1.503
191.75,0.01503,1.503
191.76,0.01503,1.503
191.77,0.01503,1.503
191.77,0.01503,1.503
191.78,0.01503,1.503
191.79,0.01503,1.503
191.80,0.01503,1.503
191.81,0.01503,1.503
191.82,0.01503,1.503
191.83,0.01504,1.504
191.84,0.01504,1.504
191.84,0.01504,1.504
191.85,0.01504,1.504
191.86,0.01504,1.504
191.87,0.01504,1.504
191.88,0.01504,1.504
191.89,0.01504,1.504
191.90,0.01504,1.504
191.91,0.01504,1.504
191.92,0.01504,1.504
191.92,0.01505,1.505
191.93,0.01505,1.505
191.94,0.01505,1.505
191.95,0.01505,1.505
191.96,0.01505,1.505
191.97,0.01505,1.505
191.98,0.01505,1.505
191.99,0.01505,1.505
191.99,0.01505,1.505
192.00,0.01505,1.505
192.01,0.01505,1.505
192.02,0.01506,1.506
192.03,0.01506,1.506
192.04,0.01506,1.506
192.05,0.01506,1.506
192.06,0.01506,1.506
192.07,0.01506,1.506
192.07,0.01506,1.506
192.08,0.01506,1.506
192.09,0.01506,1.506
192.10,0.01506,1.506
192.11,0.01506,1.506
192.12,0.01507,1.507
192.13,0.01507,1.507
192.14,0.01507,1.507
192.14,0.01507,1.507
192.15,0.01507,1.507
192.16,0.01507,1.507
192.17,0.01507,1.507
192.18,0.01507,1.507
192.19,0.01507,1.507
192.20,0.01507,1.507
192.21,0.01507,1.507
192.22,0.01508,1.508
192.22,0.01508,1.508
192.23,0.01508,1.508
192.24,0.01508,1.508
192.25,0.01508,1.508
192.26,0.01508,1.508
192.27,0.01508,1.508
192.28,0.01508,1.508
192.29,0.01508,1.508
192.30,0.01508,1.508
192.30,0.01509,1.509
192.31,0.01509,1.509
192.32,0.01509,1.509
192.33,0.01509,1.509
192.34,0.01509,1.509
192.35,0.01509,1.509
192.36,0.01509,1.509
192.37,0.01509,1.509
192.37,0.01509,1.509
192.38,0.01509,1.509
192.39,0.01509,1.509
192.40,0.01510,1.510
192.41,0.01510,1.510
192.42,0.01510,1.510
192.43,0.01510,1.510
192.44,0.01510,1.510
192.45,0.01510,1.510
192.45,0.01510,1.510
192.46,0.01510,1.510
192.47,0.01510,1.510
192.48,0.01510,1.510
192.49,0.01510,1.510
192.50,0.01511,1.511
192.51,0.01511,1.511
192.52,0.01511,1.511
192.52,0.01511,1.511
192.53,0.01511,1.511
192.54,0.01511,1.511
192.55,0.01511,1.511
192.56,0.01511,1.511
192.57,0.01511,1.511
192.58,0.01511,1.511
192.59,0.01511,1.511
192.60,0.01512,1.512
192.60,0.01512,1.512
192.61,0.01512,1.512
192.62,0.01512,1.512
192.63,0.01512,1.512
192.64,0.01512,1.512
192.65,0.01512,1.512
192.66,0.01512,1.512
192.67,0.01512,1.512
192.67,0.01512,1.512
192.68,0.01513,1.513
192.69,0.01513,1.513
192.70,0.01513,1.513
192.71,0.01513,1.513
192.72,0.01513,1.513
192.73,0.01513,1.513
192.74,0.01513,1.513
192.75,0.01513,1.513
192.75,0.01513,1.513
192.76,0.01513,1.513
192.77,0.01513,1.513
192.78,0.01514,1.514
192.79,0.01514,1.514
192.80,0.01514,1.514
192.81,0.01514,1.514
192.82,0.01514,1.514
192.83,0.01514,1.514
192.83,0.01514,1.514
192.84,0.01514,1.514
192.85,0.01514,1.514
192.86,0.01514,1.514
192.87,0.01514,1.514
192.88,0.01515,1.515
192.89,0.01515,1.515
192.90,0.01515,1.515
192.90,0.01515,1.515
192.91,0.01515,1.515
192.92,0.01515,1.515
192.93,0.01515,1.515
192.94,0.01515,1.515
192.95,0.01515,1.515
192.96,0.01515,1.515
192.97,0.01515,1.515
192.98,0.01516,1.516
192.98,0.01516,1.516
192.99,0.01516,1.516
193.00,0.01516,1.516
193.01,0.01516,1.516
193.02,0.01516,1.516
193.03,0.01516,1.516
193.04,0.01516,1.516
193.05,0.01516,1.516
193.06,0.01516,1.516
193.06,0.01517,1.517
193.07,0.01517,1.517
193.08,0.01517,1.517
193.09,0.01517,1.517
193.10,0.01517,1.517
193.11,0.01517,1.517
193.12,0.01517,1.517
193.13,0.01517,1.517
193.13,0.01517,1.517
193.14,0.01517,1.517
193.15,0.01517,1.517
193.16,0.01518,1.518
193.17,0.01518,1.518
193.18,0.01518,1.518
193.19,0.01518,1.518
193.20,0.01518,1.518
193.21,0.01518,1.518
193.21,0.01518,1.518
193.22,0.01518,1.518
193.23,0.01518,1.518
193.24,0.01518,1.518
193.25,0.01518,1.518
193.26,0.01519,1.519
193.27,0.01519,1.519
193.28,0.01519,1.519
193.28,0.01519,1.519
193.29,0.01519,1.519
193.30,0.01519,1.519
193.31,0.01519,1.519
193.32,0.01519,1.519
193.33,0.01519,1.519
193.34,0.01519,1.519
193.35,0.01519,1.519
193.36,0.01520,1.520
193.36,0.01520,1.520
193.37,0.01520,1.520
193.38,0.01520,1.520
193.39,0.01520,1.520
193.40,0.01520,1.520
193.41,0.01520,1.520
193.42,0.01520,1.520
193.43,0.01520,1.520
193.44,0.01520,1.520
193.44,0.01521,1.521
193.45,0.01521,1.521
193.46,0.01521,1.521
193.47,0.01521,1.521
193.48,0.01521,1.521
193.49,0.01521,1.521
193.50,0.01521,1.521
193.51,0.01521,1.521
193.51,0.01521,1.521
193.52,0.01521,1.521
193.53,0.01521,1.521
193.54,0.01522,1.522
193.55,0.01522,1.522
193.56,0.01522,1.522
193.57,0.01522,1.522
193.58,0.01522,1.522
193.59,0.01522,1.522
193.59,0.01522,1.522
193.60,0.01522,1.522
193.61,0.01522,1.522
193.62,0.01522,1.522
193.63,0.01522,1.522
193.64,0.01523,1.523
193.65,0.01523,1.523
193.66,0.01523,1.523
193.66,0.01523,1.523
193.67,0.01523,1.523
193.68,0.01523,1.523
193.69,0.01523,1.523
193.70,0.01523,1.523
193.71,0.01523,1.523
193.72,0.01523,1.523
193.73,0.01523,1.523
193.74,0.01524,1.524
193.74,0.01524,1.524
193.75,0.01524,1.524
193.76,0.01524,1.524
193.77,0.01524,1.524
193.78,0.01524,1.524
193.79,0.01524,1.524
193.80,0.01524,1.524
193.81,0.01524,1.524
193.81,0.01524,1.524
193.82,0.01525,1.525
193.83,0.01525,1.525
193.84,0.01525,1.525
193.85,0.01525,1.525
193.86,0.01525,1.525
193.87,0.01525,1.525
193.88,0.01525,1.525
193.89,0.01525,1.525
193.89,0.01525,1.525
193.90,0.01525,1.525
193.91,0.01525,1.525
193.92,0.01526,1.526
193.93,0.01526,1.526
193.94,0.01526,1.526
193.95,0.01526,1.526
193.96,0.01526,1.526
193.96,0.01526,1.526
193.97,0.01526,1.526
193.98,0.01526,1.526
193.99,0.01526,1.526
194.00,0.01526,1.526
194.01,0.01526,1.526
194.02,0.01527,1.527
194.03,0.01527,1.527
194.04,0.01527,1.527
194.04,0.01527,1.527
194.05,0.01527,1.527
194.06,0.01527,1.527
194.07,0.01527,1.527
194.08,0.01527,1.527
194.09,0.01527,1.527
194.10,0.01527,1.527
194.11,0.01527,1.527
194.11,0.01528,1.528
194.12,0.01528,1.528
194.13,0.01528,1.528
194.14,0.01528,1.528
194.15,0.01528,1.528
194.16,0.01528,1.528
194.17,0.01528,1.528
194.18,0.01528,1.528
194.19,0.01528,1.528
194.19,0.01528,1.528
194.20,0.01528,1.528
194.21,0.01529,1.529
194.22,0.01529,1.529
194.23,0.01529,1.529
194.24,0.01529,1.529
194.25,0.01529,1.529
194.26,0.01529,1.529
194.27,0.01529,1.529
194.27,0.01529,1.529
194.28,0.01529,1.529
194.29,0.01529,1.529
194.30,0.01530,1.530
194.31,0.01530,1.530
194.32,0.01530,1.530
194.33,0.01530,1.530
194.34,0.01530,1.530
194.34,0.01530,1.530
194.35,0.01530,1.530
194.36,0.01530,1.530
194.37,0.01530,1.530
194.38,0.01530,1.530
194.39,0.01530,1.530
194.40,0.01531,1.531
194.41,0.01531,1.531
194.42,0.01531,1.531
194.42,0.01531,1.531
194.43,0.01531,1.531
194.44,0.01531,1.531
194.45,0.01531,1.531
194.46,0.01531,1.531
194.47,0.01531,1.531
194.48,0.01531,1.531
194.49,0.01531,1.531
194.49,0.01532,1.532
194.50,0.01532,1.532
194.51,0.01532,1.532
194.52,0.01532,1.532
194.53,0.01532,1.532
194.54,0.01532,1.532
194.55,0.01532,1.532
194.56,0.01532,1.532
194.57,0.01532,1.532
194.57,0.01532,1.532
194.58,0.01532,1.532
194.59,0.01533,1.533
194.60,0.01533,1.533
194.61,0.01533,1.533
194.62,0.01533,1.533
194.63,0.01533,1.533
194.64,0.01533,1.533
194.65,0.01533,1.533
194.65,0.01533,1.533
194.66,0.01533,1.533
194.67,0.01533,1.533
194.68,0.01534,1.534
194.69,0.01534,1.534
194.70,0.01534,1.534
194.71,0.01534,1.534
194.72,0.01534,1.534
194.72,0.01534,1.534
194.73,0.01534,1.534
194.74,0.01534,1.534
194.75,0.01534,1.534
194.76,0.01534,1.534
194.77,0.01534,1.534
194.78,0.01535,1.535
194.79,0.01535,1.535
194.80,0.01535,1.535
194.80,0.01535,1.535
194.81,0.01535,1.535
194.82,0.01535,1.535
194.83,0.01535,1.535
194.84,0.01535,1.535
194.85,0.01535,1.535
194.86,0.01535,1.535
194.87,0.01535,1.535
194.87,0.01536,1.536
194.88,0.01536,1.536
194.89,0.01536,1.536
194.90,0.01536,1.536
194.91,0.01536,1.536
194.92,0.01536,1.536
194.93,0.01536,1.536
194.94,0.01536,1.536
194.95,0.01536,1.536
194.95,0.01536,1.536
194.96,0.01536,1.536
194.97,0.01537,1.537
194.98,0.01537,1.537
194.99,0.01537,1.537
195.00,0.01537,1.537
195.01,0.01537,1.537
195.02,0.01537,1.537
195.03,0.01537,1.537
195.03,0.01537,1.537
195.04,0.01537,1.537
195.05,0.01537,1.537
195.06,0.01537,1.537
195.07,0.01538,1.538
195.08,0.01538,1.538
195.09,0.01538,1.538
195.10,0.01538,1.538
195.10,0.01538,1.538
195.11,0.01538,1.538
195.12,0.01538,1.538
195.13,0.01538,1.538
195.14,0.01538,1.538
195.15,0.01538,1.538
195.16,0.01539,1.539
195.17,0.01539,1.539
195.18,0.01539,1.539
195.18,0.01539,1.539
195.19,0.01539,1.539
195.20,0.01539,1.539
195.21,0.01539,1.539
195.22,0.01539,1.539
195.23,0.01539,1.539
195.24,0.01539,1.539
195.25,0.01539,1.539
195.25,0.01540,1.540
195.26,0.01540,1.540
195.27,0.01540,1.540
195.28,0.01540,1.540
195.29,0.01540,1.540
195.30,0.01540,1.540
195.31,0.01540,1.540
195.32,0.01540,1.540
195.33,0.01540,1.540
195.33,0.01540,1.540
195.34,0.01540,1.540
195.35,0.01541,1.541
195.36,0.01541,1.541
195.37,0.01541,1.541
195.38,0.01541,1.541
195.39,0.01541,1.541
195.40,0.01541,1.541
195.40,0.01541,1.541
195.41,0.01541,1.541
195.42,0.01541,1.541
195.43,0.01541,1.541
195.44,0.01541,1.541
195.45,0.01542,1.542
195.46,0.01542,1.542
195.47,0.01542,1.542
195.48,0.01542,1.542
195.48,0.01542,1.542
195.49,0.01542,1.542
195.50,0.01542,1.542
195.51,0.01542,1.542
195.52,0.01542,1.542
195.53,0.01542,1.542
195.54,0.01543,1.543
195.55,0.01543,1.543
195.55,0.01543,1.543
195.56,0.01543,1.543
195.57,0.01543,1.543
195.58,0.01543,1.543
195.59,0.01543,1.543
195.60,0.01543,1.543
195.61,0.01543,1.543
195.62,0.01543,1.543
195.63,0.01543,1.543
195.63,0.01544,1.544
195.64,0.01544,1.544
195.65,0.01544,1.544
195.66,0.01544,1.544
195.67,0.01544,1.544
195.68,0.01544,1.544
195.69,0.01544,1.544
195.70,0.01544,1.544
195.71,0.01544,1.544
195.71,0.01544,1.544
195.72,0.01544,1.544
195.73,0.01545,1.545
195.74,0.01545,1.545
195.75,0.01545,1.545
195.76,0.01545,1.545
195.77,0.01545,1.545
195.78,0.01545,1.545
195.78,0.01545,1.545
195.79,0.01545,1.545
195.80,0.01545,1.545
195.81,0.01545,1.545
195.82,0.01545,1.545
195.83,0.01546,1.546
195.84,0.01546,1.546
195.85,0.01546,1.546
195.86,0.01546,1.546
195.86,0.01546,1.546
195.87,0.01546,1.546
195.88,0.01546,1.546
195.89,0.01546,1.546
195.90,0.01546,1.546
195.91,0.01546,1.546
195.92,0.01547,1.547
195.93,0.01547,1.547
195.93,0.01547,1.547
195.94,0.01547,1.547
195.95,0.01547,1.547
195.96,0.01547,1.547
195.97,0.01547,1.547
195.98,0.01547,1.547
195.99,0.01547,1.547
196.00,0.01547,1.547
196.01,0.01547,1.547
196.01,0.01548,1.548
196.02,0.01548,1.548
196.03,0.01548,1.548
196.04,0.01548,1.548
196.05,0.01548,1.548
196.06,0.01548,1.548
196.07,0.01548,1.548
196.08,0.01548,1.548
196.08,0.01548,1.548
196.09,0.01548,1.548
196.10,0.01548,1.548
196.11,0.01549,1.549
196.12,0.01549,1.549
196.13,0.01549,1.549
196.14,0.01549,1.549
196.15,0.01549,1.549
196.16,0.01549,1.549
196.16,0.01549,1.549
196.17,0.01549,1.549
196.18,0.01549,1.549
196.19,0.01549,1.549
196.20,0.01550,1.550
196.21,0.01550,1.550
196.22,0.01550,1.550
196.23,0.01550,1.550
196.24,0.01550,1.550
196.24,0.01550,1.550
196.25,0.01550,1.550
196.26,0.01550,1.550
196.27,0.01550,1.550
196.28,0.01550,1.550
196.29,0.01550,1.550
196.30,0.01551,1.551
196.31,0.01551,1.551
196.31,0.01551,1.551
196.32,0.01551,1.551
196.33,0.01551,1.551
196.34,0.01551,1.551
196.35,0.01551,1.551
196.36,0.01551,1.551
196.37,0.01551,1.551
196.38,0.01551,1.551
196.39,0.01551,1.551
196.39,0.01552,1.552
196.40,0.01552,1.552
196.41,0.01552,1.552
196.42,0.01552,1.552
196.43,0.01552,1.552
196.44,0.01552,1.552
196.45,0.01552,1.552
196.46,0.01552,1.552
196.46,0.01552,1.552
196.47,0.01552,1.552
196.48,0.01552,1.552
196.49,0.01553,1.553
196.50,0.01553,1.553
196.51,0.01553,1.553
196.52,0.01553,1.553
196.53,0.01553,1.553
196.54,0.01553,1.553
196.54,0.01553,1.553
196.55,0.01553,1.553
196.56,0.01553,1.553
196.57,0.01553,1.553
196.58,0.01554,1.554
196.59,0.01554,1.554
196.60,0.01554,1.554
196.61,0.01554,1.554
196.61,0.01554,1.554
196.62,0.01554,1.554
196.63,0.01554,1.554
196.64,0.01554,1.554
196.65,0.01554,1.554
196.66,0.01554,1.554
196.67,0.01554,1.554
196.68,0.01555,1.555
196.69,0.01555,1.555
196.69,0.01555,1.555
196.70,0.01555,1.555
196.71,0.01555,1.555
196.72,0.01555,1.555
196.73,0.01555,1.555
196.74,0.01555,1.555
196.75,0.01555,1.555
196.76,0.01555,1.555
196.76,0.01555,1.555
196.77,0.01556,1.556
196.78,0.01556,1.556
196.79,0.01556,1.556
196.80,0.01556,1.556
196.81,0.01556,1.556
196.82,0.01556,1.556
196.83,0.01556,1.556
196.84,0.01556,1.556
196.84,0.01556,1.556
196.85,0.01556,1.556
196.86,0.01557,1.557
196.87,0.01557,1.557
196.88,0.01557,1.557
196.89,0.01557,1.557
196.90,0.01557,1.557
196.91,0.01557,1.557
196.91,0.01557,1.557
196.92,0.01557,1.557
196.93,0.01557,1.557
196.94,0.01557,1.557
196.95,0.01557,1.557
196.96,0.01558,1.558
196.97,0.01558,1.558
196.98,0.01558,1.558
196.99,0.01558,1.558
196.99,0.01558,1.558
197.00,0.01558,1.558
197.01,0.01558,1.558
197.02,0.01558,1.558
197.03,0.01558,1.558
197.04,0.01558,1.558
197.05,0.01558,1.558
197.06,0.01559,1.559
197.06,0.01559,1.559
197.07,0.01559,1.559
197.08,0.01559,1.559
197.09,0.01559,1.559
197.10,0.01559,1.559
197.11,0.01559,1.559
197.12,0.01559,1.559
197.13,0.01559,1.559
197.14,0.01559,1.559
197.14,0.01560,1.560
197.15,0.01560,1.560
197.16,0.01560,1.560
197.17,0.01560,1.560
197.18,0.01560,1.560
197.19,0.01560,1.560
197.20,0.01560,1.560
197.21,0.01560,1.560
197.21,0.01560,1.560
197.22,0.01560,1.560
197.23,0.01560,1.560
197.24,0.01561,1.561
197.25,0.01561,1.561
197.26,0.01561,1.561
197.27,0.01561,1.561
197.28,0.01561,1.561
197.29,0.01561,1.561
197.29,0.01561,1.561
197.30,0.01561,1.561
197.31,0.01561,1.561
197.32,0.01561,1.561
197.33,0.01561,1.561
197.34,0.01562,1.562
197.35,0.01562,1.562
197.36,0.01562,1.562
197.37,0.01562,1.562
197.37,0.01562,1.562
197.38,0.01562,1.562
197.39,0.01562,1.562
197.40,0.01562,1.562
197.41,0.01562,1.562
197.42,0.01562,1.562
197.43,0.01563,1.563
197.44,0.01563,1.563
197.44,0.01563,1.563
197.45,0.01563,1.563
197.46,0.01563,1.563
197.47,0.01563,1.563
197.48,0.01563,1.563
197.49,0.01563,1.563
197.50,0.01563,1.563
197.51,0.01563,1.563
197.52,0.01563,1.563
197.52,0.01564,1.564
197.53,0.01564,1.564
197.54,0.01564,1.564
197.55,0.01564,1.564
197.56,0.01564,1.564
197.57,0.01564,1.564
197.58,0.01564,1.564
197.59,0.01564,1.564
197.60,0.01564,1.564
197.60,0.01564,1.564
197.61,0.01564,1.564
197.62,0.01565,1.565
197.63,0.01565,1.565
197.64,0.01565,1.565
197.65,0.01565,1.565
197.66,0.01565,1.565
197.67,0.01565,1.565
197.67,0.01565,1.565
197.68,0.01565,1.565
197.69,0.01565,1.565
197.70,0.01565,1.565
197.71,0.01566,1.566
197.72,0.01566,1.566
197.73,0.01566,1.566
197.74,0.01566,1.566
197.75,0.01566,1.566
197.75,0.01566,1.566
197.76,0.01566,1.566
197.77,0.01566,1.566
197.78,0.01566,1.566
197.79,0.01566,1.566
197.80,0.01566,1.566
197.81,0.01567,1.567
197.82,0.01567,1.567
197.82,0.01567,1.567
197.83,0.01567,1.567
197.84,0.01567,1.567
197.85,0.01567,1.567
197.86,0.01567,1.567
197.87,0.01567,1.567
197.88,0.01567,1.567
197.89,0.01567,1.567
197.90,0.01567,1.567
197.90,0.01568,1.568
197.91,0.01568,1.568
197.92,0.01568,1.568
197.93,0.01568,1.568
197.94,0.01568,1.568
197.95,0.01568,1.568
197.96,0.01568,1.568
197.97,0.01568,1.568
197.98,0.01568,1.568
197.98,0.01568,1.568
197.99,0.01568,1.568
198.00,0.01569,1.569
198.01,0.01569,1.569
198.02,0.01569,1.569
198.03,0.01569,1.569
198.04,0.01569,1.569
198.05,0.01569,1.569
198.05,0.01569,1.569
198.06,0.01569,1.569
198.07,0.01569,1.569
198.08,0.01569,1.569
198.09,0.01570,1.570
198.10,0.01570,1.570
198.11,0.01570,1.570
198.12,0.01570,1.570
198.13,0.01570,1.570
198.13,0.01570,1.570
198.14,0.01570,1.570
198.15,0.01570,1.570
198.16,0.01570,1.570
198.17,0.01570,1.570
198.18,0.01570,1.570
198.19,0.01571,1.571
198.20,0.01571,1.571
198.20,0.01571,1.571
198.21,0.01571,1.571
198.22,0.01571,1.571
198.23,0.01571,1.571
198.24,0.01571,1.571
198.25,0.01571,1.571
198.26,0.01571,1.571
198.27,0.01571,1.571
198.28,0.01571,1.571
198.28,0.01572,1.572
198.29,0.01572,1.572
198.30,0.01572,1.572
198.31,0.01572,1.572
198.32,0.01572,1.572
198.33,0.01572,1.572
198.34,0.01572,1.572
198.35,0.01572,1.572
198.35,0.01572,1.572
198.36,0.01572,1.572
198.37,0.01572,1.572
198.38,0.01573,1.573
198.39,0.01573,1.573
198.40,0.01573,1.573
198.41,0.01573,1.573
198.42,0.01573,1.573
198.43,0.01573,1.573
198.43,0.01573,1.573
198.44,0.01573,1.573
198.45,0.01573,1.573
198.46,0.01573,1.573
198.47,0.01573,1.573
198.48,0.01574,1.574
198.49,0.01574,1.574
198.50,0.01574,1.574
198.50,0.01574,1.574
198.51,0.01574,1.574
198.52,0.01574,1.574
198.53,0.01574,1.574
198.54,0.01574,1.574
198.55,0.01574,1.574
198.56,0.01574,1.574
198.57,0.01575,1.575
198.58,0.01575,1.575
198.58,0.01575,1.575
198.59,0.01575,1.575
198.60,0.01575,1.575
198.61,0.01575,1.575
198.62,0.01575,1.575
198.63,0.01575,1.575
198.64,0.01575,1.575
198.65,0.01575,1.575
198.65,0.01575,1.575
198.66,0.01576,1.576
198.67,0.01576,1.576
198.68,0.01576,1.576
198.69,0.01576,1.576
198.70,0.01576,1.576
198.71,0.01576,1.576
198.72,0.01576,1.576
198.73,0.01576,1.576
198.73,0.01576,1.576
198.74,0.01576,1.576
198.75,0.01576,1.576
198.76,0.01577,1.577
198.77,0.01577,1.577
198.78,0.01577,1.577
198.79,0.01577,1.577
198.80,0.01577,1.577
198.80,0.01577,1.577
198.81,0.01577,1.577
198.82,0.01577,1.577
198.83,0.01577,1.577
198.84,0.01577,1.577
198.85,0.01577,1.577
198.86,0.01578,1.578
198.87,0.01578,1.578
198.88,0.01578,1.578
198.88,0.01578,1.578
198.89,0.01578,1.578
198.90,0.01578,1.578
198.91,0.01578,1.578
198.92,0.01578,1.578
198.93,0.01578,1.578
198.94,0.01578,1.578
198.95,0.01578,1.578
198.96,0.01579,1.579
198.96,0.01579,1.579
198.97,0.01579,1.579
198.98,0.01579,1.579
198.99,0.01579,1.579
199.00,0.01579,1.579
199.01,0.01579,1.579
199.02,0.01579,1.579
199.03,0.01579,1.579
199.03,0.01579,1.579
199.04,0.01580,1.580
199.05,0.01580,1.580
199.06,0.01580,1.580
199.07,0.01580,1.580
199.08,0.01580,1.580
199.09,0.01580,1.580
199.10,0.01580,1.580
199.11,0.01580,1.580
199.11,0.01580,1.580
199.12,0.01580,1.580
199.13,0.01580,1.580
199.14,0.01581,1.581
199.15,0.01581,1.581
199.16,0.01581,1.581
199.17,0.01581,1.581
199.18,0.01581,1.581
199.19,0.01581,1.581
199.19,0.01581,1.581
199.20,0.01581,1.581
199.21,0.01581,1.581
199.22,0.01581,1.581
199.23,0.01581,1.581
199.24,0.01582,1.582
199.25,0.01582,1.582
199.26,0.01582,1.582
199.27,0.01582,1.582
199.27,0.01582,1.582
199.28,0.01582,1.582
199.29,0.01582,1.582
199.30,0.01582,1.582
199.31,0.01582,1.582
199.32,0.01582,1.582
199.33,0.01582,1.582
199.34,0.01583,1.583
199.34,0.01583,1.583
199.35,0.01583,1.583
199.36,0.01583,1.583
199.37,0.01583,1.583
199.38,0.01583,1.583
199.39,0.01583,1.583
199.40,0.01583,1.583
199.41,0.01583,1.583
199.42,0.01583,1.583
199.42,0.01584,1.584
199.43,0.01584,1.584
199.44,0.01584,1.584
199.45,0.01584,1.584
199.46,0.01584,1.584
199.47,0.01584,1.584
199.48,0.01584,1.584
199.49,0.01584,1.584
199.50,0.01584,1.584
199.50,0.01584,1.584
199.51,0.01584,1.584
199.52,0.01585,1.585
199.53,0.01585,1.585
199.54,0.01585,1.585
199.55,0.01585,1.585
199.56,0.01585,1.585
199.57,0.01585,1.585
199.57,0.01585,1.585
199.58,0.01585,1.585
199.59,0.01585,1.585
199.60,0.01585,1.585
199.61,0.01585,1.585
199.62,0.01586,1.586
199.63,0.01586,1.586
199.64,0.01586,1.586
199.65,0.01586,1.586
199.65,0.01586,1.586
199.66,0.01586,1.586
199.67,0.01586,1.586
199.68,0.01586,1.586
199.69,0.01586,1.586
199.70,0.01586,1.586
199.71,0.01586,1.586
199.72,0.01587,1.587
199.73,0.01587,1.587
199.73,0.01587,1.587
199.74,0.01587,1.587
199.75,0.01587,1.587
199.76,0.01587,1.587
199.77,0.01587,1.587
199.78,0.01587,1.587
199.79,0.01587,1.587
199.80,0.01587,1.587
199.80,0.01588,1.588
199.81,0.01588,1.588
199.82,0.01588,1.588
199.83,0.01588,1.588
199.84,0.01588,1.588
199.85,0.01588,1.588
199.86,0.01588,1.588
199.87,0.01588,1.588
199.88,0.01588,1.588
199.88,0.01588,1.588
199.89,0.01588,1.588
199.90,0.01589,1.589
199.91,0.01589,1.589
199.92,0.01589,1.589
199.93,0.01589,1.589
199.94,0.01589,1.589
199.95,0.01589,1.589
199.95,0.01589,1.589
199.96,0.01589,1.589
199.97,0.01589,1.589
199.98,0.01589,1.589
199.99,0.01589,1.589
200.00,0.01590,1.590
200.01,0.01590,1.590
200.02,0.01590,1.590
200.03,0.01590,1.590
200.03,0.01590,1.590
200.04,0.01590,1.590
200.05,0.01590,1.590
200.06,0.01590,1.590
200.07,0.01590,1.590
200.08,0.01590,1.590
200.09,0.01590,1.590
200.10,0.01591,1.591
200.10,0.01591,1.591
200.11,0.01591,1.591
200.12,0.01591,1.591
200.13,0.01591,1.591
200.14,0.01591,1.591
200.15,0.01591,1.591
200.16,0.01591,1.591
200.17,0.01591,1.591
200.18,0.01591,1.591
200.18,0.01592,1.592
200.19,0.01592,1.592
200.20,0.01592,1.592
200.21,0.01592,1.592
200.22,0.01592,1.592
200.23,0.01592,1.592
200.24,0.01592,1.592
200.25,0.01592,1.592
200.25,0.01592,1.592
200.26,0.01592,1.592
200.27,0.01592,1.592
200.28,0.01593,1.593
200.29,0.01593,1.593
200.30,0.01593,1.593
200.31,0.01593,1.593
200.32,0.01593,1.593
200.33,0.01593,1.593
200.33,0.01593,1.593
200.34,0.01593,1.593
200.35,0.01593,1.593
200.36,0.01593,1.593
200.37,0.01593,1.593
200.38,0.01594,1.594
200.39,0.01594,1.594
200.40,0.01594,1.594
200.40,0.01594,1.594
200.41,0.01594,1.594
200.42,0.01594,1.594
200.43,0.01594,1.594
200.44,0.01594,1.594
200.45,0.01594,1.594
200.46,0.01594,1.594
200.47,0.01595,1.595
200.48,0.01595,1.595
200.48,0.01595,1.595
200.49,0.01595,1.595
200.50,0.01595,1.595
200.51,0.01595,1.595
200.52,0.01595,1.595
200.53,0.01595,1.595
200.54,0.01595,1.595
200.55,0.01595,1.595
200.55,0.01595,1.595
200.56,0.01596,1.596
200.57,0.01596,1.596
200.58,0.01596,1.596
200.59,0.01596,1.596
200.60,0.01596,1.596
200.61,0.01596,1.596
200.62,0.01596,1.596
200.63,0.01596,1.596
200.63,0.01596,1.596
200.64,0.01596,1.596
200.65,0.01596,1.596
200.66,0.01597,1.597
200.67,0.01597,1.597
200.68,0.01597,1.597
200.69,0.01597,1.597
200.70,0.01597,1.597
200.70,0.01597,1.597
200.71,0.01597,1.597
200.72,0.01597,1.597
200.73,0.01597,1.597
200.74,0.01597,1.597
200.75,0.01597,1.597
200.76,0.01598,1.598
200.77,0.01598,1.598
200.78,0.01598,1.598
200.78,0.01598,1.598
200.79,0.01598,1.598
200.80,0.01598,1.598
200.81,0.01598,1.598
200.82,0.01598,1.598
200.83,0.01598,1.598
200.84,0.01598,1.598
200.85,0.01599,1.599
200.86,0.01599,1.599
200.86,0.01599,1.599
200.87,0.01599,1.599
200.88,0.01599,1.599
200.89,0.01599,1.599
200.90,0.01599,1.599
200.91,0.01599,1.599
200.92,0.01599,1.599
200.93,0.01599,1.599
200.93,0.01599,1.599
200.94,0.01600,1.600
200.95,0.01600,1.600
200.96,0.01600,1.600
200.97,0.01600,1.600
200.98,0.01600,1.600
200.99,0.01600,1.600
201.00,0.01600,1.600
201.01,0.01600,1.600
201.01,0.01600,1.600
201.02,0.01600,1.600
201.03,0.01601,1.601
201.04,0.01601,1.601
201.05,0.01601,1.601
201.06,0.01601,1.601
201.07,0.01601,1.601
201.08,0.01601,1.601
201.09,0.01601,1.601
201.09,0.01601,1.601
201.10,0.01601,1.601
201.11,0.01601,1.601
201.12,0.01601,1.601
201.13,0.01602,1.602
201.14,0.01602,1.602
201.15,0.01602,1.602
201.16,0.01602,1.602
201.16,0.01602,1.602
201.17,0.01602,1.602
201.18,0.01602,1.602
201.19,0.01602,1.602
201.20,0.01602,1.602
201.21,0.01602,1.602
201.22,0.01602,1.602
201.23,0.01603,1.603
201.24,0.01603,1.603
201.24,0.01603,1.603
201.25,0.01603,1.603
201.26,0.01603,1.603
201.27,0.01603,1.603
201.28,0.01603,1.603
201.29,0.01603,1.603
201.30,0.01603,1.603
201.31,0.01603,1.603
201.32,0.01604,1.604
201.32,0.01604,1.604
201.33,0.01604,1.604
201.34,0.01604,1.604
201.35,0.01604,1.604
201.36,0.01604,1.604
201.37,0.01604,1.604
201.38,0.01604,1.604
201.39,0.01604,1.604
201.39,0.01604,1.604
201.40,0.01604,1.604
201.41,0.01605,1.605
201.42,0.01605,1.605
201.43,0.01605,1.605
201.44,0.01605,1.605
201.45,0.01605,1.605
201.46,0.01605,1.605
201.47,0.01605,1.605
201.47,0.01605,1.605
201.48,0.01605,1.605
201.49,0.01605,1.605
201.50,0.01605,1.605
201.51,0.01606,1.606
201.52,0.01606,1.606
201.53,0.01606,1.606
201.54,0.01606,1.606
201.54,0.01606,1.606
201.55,0.01606,1.606
201.56,0.01606,1.606
201.57,0.01606,1.606
201.58,0.01606,1.606
201.59,0.01606,1.606
201.60,0.01607,1.607
201.61,0.01607,1.607
201.62,0.01607,1.607
201.62,0.01607,1.607
201.63,0.01607,1.607
201.64,0.01607,1.607
201.65,0.01607,1.607
201.66,0.01607,1.607
201.67,0.01607,1.607
201.68,0.01607,1.607
201.69,0.01607,1.607
201.69,0.01608,1.608
201.70,0.01608,1.608
201.71,0.01608,1.608
201.72,0.01608,1.608
201.73,0.01608,1.608
201.74,0.01608,1.608
201.75,0.01608,1.608
201.76,0.01608,1.608
201.77,0.01608,1.608
201.77,0.01608,1.608
201.78,0.01609,1.609
201.79,0.01609,1.609
201.80,0.01609,1.609
201.81,0.01609,1.609
201.82,0.01609,1.609
201.83,0.01609,1.609
201.84,0.01609,1.609
201.84,0.01609,1.609
201.85,0.01609,1.609
201.86,0.01609,1.609
201.87,0.01609,1.609
201.88,0.01610,1.610
201.89,0.01610,1.610
201.90,0.01610,1.610
201.91,0.01610,1.610
201.92,0.01610,1.610
201.92,0.01610,1.610
201.93,0.01610,1.610
201.94,0.01610,1.610
201.95,0.01610,1.610
201.96,0.01610,1.610
201.97,0.01610,1.610
201.98,0.01611,1.611
201.99,0.01611,1.611
201.99,0.01611,1.611
202.00,0.01611,1.611
202.01,0.01611,1.611
202.02,0.01611,1.611
202.03,0.01611,1.611
202.04,0.01611,1.611
202.05,0.01611,1.611
202.06,0.01611,1.611
202.07,0.01612,1.612
202.07,0.01612,1.612
202.08,0.01612,1.612
202.09,0.01612,1.612
202.10,0.01612,1.612
202.11,0.01612,1.612
202.12,0.01612,1.612
202.13,0.01612,1.612
202.14,0.01612,1.612
202.14,0.01612,1.612
202.15,0.01612,1.612
202.16,0.01613,1.613
202.17,0.01613,1.613
202.18,0.01613,1.613
202.19,0.01613,1.613
202.20,0.01613,1.613
202.21,0.01613,1.613
202.22,0.01613,1.613
202.22,0.01613,1.613
202.23,0.01613,1.613
202.24,0.01613,1.613
202.25,0.01613,1.613
202.26,0.01614,1.614
202.27,0.01614,1.614
202.28,0.01614,1.614
202.29,0.01614,1.614
202.30,0.01614,1.614
202.30,0.01614,1.614
202.31,0.01614,1.614
202.32,0.01614,1.614
202.33,0.01614,1.614
202.34,0.01614,1.614
202.35,0.01615,1.615
202.36,0.01615,1.615
202.37,0.01615,1.615
202.37,0.01615,1.615
202.38,0.01615,1.615
202.39,0.01615,1.615
202.40,0.01615,1.615
202.41,0.01615,1.615
202.42,0.01615,1.615
202.43,0.01615,1.615
202.44,0.01615,1.615
202.45,0.01616,1.616
202.45,0.01616,1.616
202.46,0.01616,1.616
202.47,0.01616,1.616
202.48,0.01616,1.616
202.49,0.01616,1.616
202.50,0.01616,1.616
202.51,0.01616,1.616
202.52,0.01616,1.616
202.52,0.01616,1.616
202.53,0.01616,1.616
202.54,0.01617,1.617
202.55,0.01617,1.617
202.56,0.01617,1.617
202.57,0.01617,1.617
202.58,0.01617,1.617
202.59,0.01617,1.617
202.60,0.01617,1.617
202.60,0.01617,1.617
202.61,0.01617,1.617
202.62,0.01617,1.617
202.63,0.01617,1.617
202.64,0.01618,1.618
202.65,0.01618,1.618
202.66,0.01618,1.618
202.67,0.01618,1.618
202.67,0.01618,1.618
202.68,0.01618,1.618
202.69,0.01618,1.618
202.70,0.01618,1.618
202.71,0.01618,1.618
202.72,0.01618,1.618
202.73,0.01619,1.619
202.74,0.01619,1.619
202.75,0.01619,1.619
202.75,0.01619,1.619
202.76,0.01619,1.619
202.77,0.01619,1.619
202.78,0.01619,1.619
202.79,0.01619,1.619
202.80,0.01619,1.619
202.81,0.01619,1.619
202.82,0.01619,1.619
202.82,0.01620,1.620
202.83,0.01620,1.620
202.84,0.01620,1.620
202.85,0.01620,1.620
202.86,0.01620,1.620
202.87,0.01620,1.620
202.88,0.01620,1.620
202.89,0.01620,1.620
202.90,0.01620,1.620
202.90,0.01620,1.620
202.91,0.01620,1.620
202.92,0.01621,1.621
202.93,0.01621,1.621
202.94,0.01621,1.621
202.95,0.01621,1.621
202.96,0.01621,1.621
202.97,0.01621,1.621
202.97,0.01621,1.621
202.98,0.01621,1.621
202.99,0.01621,1.621
203.00,0.01621,1.621
203.01,0.01621,1.621
203.02,0.01622,1.622
203.03,0.01622,1.622
203.04,0.01622,1.622
203.05,0.01622,1.622
203.05,0.01622,1.622
203.06,0.01622,1.622
203.07,0.01622,1.622
203.08,0.01622,1.622
203.09,0.01622,1.622
203.10,0.01622,1.622
203.11,0.01623,1.623
203.12,0.01623,1.623
203.12,0.01623,1.623
203.13,0.01623,1.623
203.14,0.01623,1.623
203.15,0.01623,1.623
203.16,0.01623,1.623
203.17,0.01623,1.623
203.18,0.01623,1.623
203.19,0.01623,1.623
203.20,0.01623,1.623
203.20,0.01624,1.624
203.21,0.01624,1.624
203.22,0.01624,1.624
203.23,0.01624,1.624
203.24,0.01624,1.624
203.25,0.01624,1.624
203.26,0.01624,1.624
203.27,0.01624,1.624
203.27,0.01624,1.624
203.28,0.01624,1.624
203.29,0.01624,1.624
203.30,0.01625,1.625
203.31,0.01625,1.625
203.32,0.01625,1.625
203.33,0.01625,1.625
203.34,0.01625,1.625
203.35,0.01625,1.625
203.35,0.01625,1.625
203.36,0.01625,1.625
203.37,0.01625,1.625
203.38,0.01625,1.625
203.39,0.01625,1.625
203.40,0.01626,1.626
203.41,0.01626,1.626
203.42,0.01626,1.626
203.43,0.01626,1.626
203.43,0.01626,1.626
203.44,0.01626,1.626
203.45,0.01626,1.626
203.46,0.01626,1.626
203.47,0.01626,1.626
203.48,0.01626,1.626
203.49,0.01627,1.627
203.50,0.01627,1.627
203.50,0.01627,1.627
203.51,0.01627,1.627
203.52,0.01627,1.627
203.53,0.01627,1.627
203.54,0.01627,1.627
203.55,0.01627,1.627
203.56,0.01627,1.627
203.57,0.01627,1.627
203.58,0.01627,1.627
203.58,0.01628,1.628
203.59,0.01628,1.628
203.60,0.01628,1.628
203.61,0.01628,1.628
203.62,0.01628,1.628
203.63,0.01628,1.628
203.64,0.01628,1.628
203.65,0.01628,1.628
203.65,0.01628,1.628
203.66,0.01628,1.628
203.67,0.01628,1.628
203.68,0.01629,1.629
203.69,0.01629,1.629
203.70,0.01629,1.629
203.71,0.01629,1.629
203.72,0.01629,1.629
203.73,0.01629,1.629
203.73,0.01629,1.629
203.74,0.01629,1.629
203.75,0.01629,1.629
203.76,0.01629,1.629
203.77,0.01629,1.629
203.78,0.01630,1.630
203.79,0.01630,1.630
203.80,0.01630,1.630
203.80,0.01630,1.630
203.81,0.01630,1.630
203.82,0.01630,1.630
203.83,0.01630,1.630
203.84,0.01630,1.630
203.85,0.01630,1.630
203.86,0.01630,1.630
203.87,0.01631,1.631
203.88,0.01631,1.631
203.88,0.01631,1.631
203.89,0.01631,1.631
203.90,0.01631,1.631
203.91,0.01631,1.631
203.92,0.01631,1.631
203.93,0.01631,1.631
203.94,0.01631,1.631
203.95,0.01631,1.631
203.96,0.01631,1.631
203.96,0.01632,1.632
203.97,0.01632,1.632
203.98,0.01632,1.632
203.99,0.01632,1.632
204.00,0.01632,1.632
204.01,0.01632,1.632
204.02,0.01632,1.632
204.03,0.01632,1.632
204.03,0.01632,1.632
204.04,0.01632,1.632
204.05,0.01632,1.632
204.06,0.01633,1.633
204.07,0.01633,1.633
204.08,0.01633,1.633
204.09,0.01633,1.633
204.10,0.01633,1.633
204.11,0.01633,1.633
204.11,0.01633,1.633
204.12,0.01633,1.633
204.13,0.01633,1.633
204.14,0.01633,1.633
204.15,0.01633,1.633
204.16,0.01634,1.634
204.17,0.01634,1.634
204.18,0.01634,1.634
204.19,0.01634,1.634
204.19,0.01634,1.634
204.20,0.01634,1.634
204.21,0.01634,1.634
204.22,0.01634,1.634
204.23,0.01634,1.634
204.24,0.01634,1.634
204.25,0.01634,1.634
204.26,0.01635,1.635
204.26,0.01635,1.635
204.27,0.01635,1.635
204.28,0.01635,1.635
204.29,0.01635,1.635
204.30,0.01635,1.635
204.31,0.01635,1.635
204.32,0.01635,1.635
204.33,0.01635,1.635
204.34,0.01635,1.635
204.34,0.01636,1.636
204.35,0.01636,1.636
204.36,0.01636,1.636
204.37,0.01636,1.636
204.38,0.01636,1.636
204.39,0.01636,1.636
204.40,0.01636,1.636
204.41,0.01636,1.636
204.41,0.01636,1.636
204.42,0.01636,1.636
204.43,0.01636,1.636
204.44,0.01637,1.637
204.45,0.01637,1.637
204.46,0.01637,1.637
204.47,0.01637,1.637
204.48,0.01637,1.637
204.49,0.01637,1.637
204.49,0.01637,1.637
204.50,0.01637,1.637
204.51,0.01637,1.637
204.52,0.01637,1.637
204.53,0.01637,1.637
204.54,0.01638,1.638
204.55,0.01638,1.638
204.56,0.01638,1.638
204.57,0.01638,1.638
204.57,0.01638,1.638
204.58,0.01638,1.638
204.59,0.01638,1.638
204.60,0.01638,1.638
204.61,0.01638,1.638
204.62,0.01638,1.638
204.63,0.01638,1.638
204.64,0.01639,1.639
204.64,0.01639,1.639
204.65,0.01639,1.639
204.66,0.01639,1.639
204.67,0.01639,1.639
204.68,0.01639,1.639
204.69,0.01639,1.639
204.70,0.01639,1.639
204.71,0.01639,1.639
204.72,0.01639,1.639
204.72,0.01639,1.639
204.73,0.01640,1.640
204.74,0.01640,1.640
204.75,0.01640,1.640
204.76,0.01640,1.640
204.77,0.01640,1.640
204.78,0.01640,1.640
204.79,0.01640,1.640
204.79,0.01640,1.640
204.80,0.01640,1.640
204.81,0.01640,1.640
204.82,0.01640,1.640
204.83,0.01641,1.641
204.84,0.01641,1.641
204.85,0.01641,1.641
204.86,0.01641,1.641
204.87,0.01641,1.641
204.87,0.01641,1.641
204.88,0.01641,1.641
204.89,0.01641,1.641
204.90,0.01641,1.641
204.91,0.01641,1.641
204.92,0.01641,1.641
204.93,0.01642,1.642
204.94,0.01642,1.642
204.94,0.01642,1.642
204.95,0.01642,1.642
204.96,0.01642,1.642
204.97,0.01642,1.642
204.98,0.01642,1.642
204.99,0.01642,1.642
205.00,0.01642,1.642
205.01,0.01642,1.642
205.02,0.01642,1.642
205.02,0.01643,1.643
205.03,0.01643,1.643
205.04,0.01643,1.643
205.05,0.01643,1.643
205.06,0.01643,1.643
205.07,0.01643,1.643
205.08,0.01643,1.643
205.09,0.01643,1.643
205.09,0.01643,1.643
205.10,0.01643,1.643
205.11,0.01643,1.643
205.12,0.01644,1.644
205.13,0.01644,1.644
205.14,0.01644,1.644
205.15,0.01644,1.644
205.16,0.01644,1.644
205.17,0.01644,1.644
205.17,0.01644,1.644
205.18,0.01644,1.644
205.19,0.01644,1.644
205.20,0.01644,1.644
205.21,0.01644,1.644
205.22,0.01645,1.645
205.23,0.01645,1.645
205.24,0.01645,1.645
205.24,0.01645,1.645
205.25,0.01645,1.645
205.26,0.01645,1.645
205.27,0.01645,1.645
205.28,0.01645,1.645
205.29,0.01645,1.645
205.30,0.01645,1.645
205.31,0.01646,1.646
205.32,0.01646,1.646
205.32,0.01646,1.646
205.33,0.01646,1.646
205.34,0.01646,1.646
205.35,0.01646,1.646
205.36,0.01646,1.646
205.37,0.01646,1.646
205.38,0.01646,1.646
205.39,0.01646,1.646
205.39,0.01646,1.646
205.40,0.01647,1.647
205.41,0.01647,1.647
205.42,0.01647,1.647
205.43,0.01647,1.647
205.44,0.01647,1.647
205.45,0.01647,1.647
205.46,0.01647,1.647
205.47,0.01647,1.647
205.47,0.01647,1.647
205.48,0.01647,1.647
205.49,0.01647,1.647
205.50,0.01648,1.648
205.51,0.01648,1.648
205.52,0.01648,1.648
205.53,0.01648,1.648
205.54,0.01648,1.648
205.55,0.01648,1.648
205.55,0.01648,1.648
205.56,0.01648,1.648
205.57,0.01648,1.648
205.58,0.01648,1.648
205.59,0.01648,1.648
205.60,0.01649,1.649
205.61,0.01649,1.649
205.62,0.01649,1.649
205.62,0.01649,1.649
205.63,0.01649,1.649
205.64,0.01649,1.649
205.65,0.01649,1.649
205.66,0.01649,1.649
205.67,0.01649,1.649
205.68,0.01649,1.649
205.69,0.01649,1.649
205.70,0.01650,1.650
205.70,0.01650,1.650
205.71,0.01650,1.650
205.72,0.01650,1.650
205.73,0.01650,1.650
205.74,0.01650,1.650
205.75,0.01650,1.650
205.76,0.01650,1.650
205.77,0.01650,1.650
205.77,0.01650,1.650
205.78,0.01650,1.650
205.79,0.01651,1.651
205.80,0.01651,1.651
205.81,0.01651,1.651
205.82,0.01651,1.651
205.83,0.01651,1.651
205.84,0.01651,1.651
205.85,0.01651,1.651
205.85,0.01651,1.651
205.86,0.01651,1.651
205.87,0.01651,1.651
205.88,0.01651,1.651
205.89,0.01652,1.652
205.90,0.01652,1.652
205.91,0.01652,1.652
205.92,0.01652,1.652
205.93,0.01652,1.652
205.93,0.01652,1.652
205.94,0.01652,1.652
205.95,0.01652,1.652
205.96,0.01652,1.652
205.97,0.01652,1.652
205.98,0.01652,1.652
205.99,0.01653,1.653
206.00,0.01653,1.653
206.00,0.01653,1.653
206.01,0.01653,1.653
206.02,0.01653,1.653
206.03,0.01653,1.653
206.04,0.01653,1.653
206.05,0.01653,1.653
206.06,0.01653,1.653
206.07,0.01653,1.653
206.08,0.01653,1.653
206.08,0.01654,1.654
206.09,0.01654,1.654
206.10,0.01654,1.654
206.11,0.01654,1.654
206.12,0.01654,1.654
206.13,0.01654,1.654
206.14,0.01654,1.654
206.15,0.01654,1.654
206.15,0.01654,1.654
206.16,0.01654,1.654
206.17,0.01654,1.654
206.18,0.01654,1.654
206.19,0.01655,1.655
206.20,0.01655,1.655
206.21,0.01655,1.655
206.22,0.01655,1.655
206.23,0.01655,1.655
206.23,0.01655,1.655
206.24,0.01655,1.655
206.25,0.01655,1.655
206.26,0.01655,1.655
206.27,0.01655,1.655
206.28,0.01655,1.655
206.29,0.01656,1.656
206.30,0.01656,1.656
206.30,0.01656,1.656
206.31,0.01656,1.656
206.32,0.01656,1.656
206.33,0.01656,1.656
206.34,0.01656,1.656
206.35,0.01656,1.656
206.36,0.01656,1.656
206.37,0.01656,1.656
206.38,0.01656,1.656
206.38,0.01657,1.657
206.39,0.01657,1.657
206.40,0.01657,1.657
206.41,0.01657,1.657
206.42,0.01657,1.657
206.43,0.01657,1.657
206.44,0.01657,1.657
206.45,0.01657,1.657
206.45,0.01657,1.657
206.46,0.01657,1.657
206.47,0.01657,1.657
206.48,0.01658,1.658
206.49,0.01658,1.658
206.50,0.01658,1.658
206.51,0.01658,1.658
206.52,0.01658,1.658
206.53,0.01658,1.658
206.53,0.01658,1.658
206.54,0.01658,1.658
206.55,0.01658,1.658
206.56,0.01658,1.658
206.57,0.01658,1.658
206.58,0.01659,1.659
206.59,0.01659,1.659
206.60,0.01659,1.659
206.61,0.01659,1.659
206.61,0.01659,1.659
206.62,0.01659,1.659
206.63,0.01659,1.659
206.64,0.01659,1.659
206.65,0.01659,1.659
206.66,0.01659,1.659
206.67,0.01659,1.659
206.68,0.01660,1.660
206.68,0.01660,1.660
206.69,0.01660,1.660
206.70,0.01660,1.660
206.71,0.01660,1.660
206.72,0.01660,1.660
206.73,0.01660,1.660
206.74,0.01660,1.660
206.75,0.01660,1.660
206.76,0.01660,1.660
206.76,0.01660,1.660
206.77,0.01661,1.661
206.78,0.01661,1.661
206.79,0.01661,1.661
206.80,0.01661,1.661
206.81,0.01661,1.661
206.82,0.01661,1.661
206.83,0.01661,1.661
206.83,0.01661,1.661
206.84,0.01661,1.661
206.85,0.01661,1.661
206.86,0.01661,1.661
206.87,0.01661,1.661
206.88,0.01662,1.662
206.89,0.01662,1.662
206.90,0.01662,1.662
206.91,0.01662,1.662
206.91,0.01662,1.662
206.92,0.01662,1.662
206.93,0.01662,1.662
206.94,0.01662,1.662
206.95,0.01662,1.662
206.96,0.01662,1.662
206.97,0.01662,1.662
206.98,0.01663,1.663
206.99,0.01663,1.663
206.99,0.01663,1.663
207.00,0.01663,1.663
207.01,0.01663,1.663
207.02,0.01663,1.663
207.03,0.01663,1.663
207.04,0.01663,1.663
207.05,0.01663,1.663
207.06,0.01663,1.663
207.06,0.01663,1.663
207.07,0.01664,1.664
207.08,0.01664,1.664
207.09,0.01664,1.664
207.10,0.01664,1.664
207.11,0.01664,1.664
207.12,0.01664,1.664
207.13,0.01664,1.664
207.14,0.01664,1.664
207.14,0.01664,1.664
207.15,0.01664,1.664
207.16,0.01664,1.664
207.17,0.01665,1.665
207.18,0.01665,1.665
207.19,0.01665,1.665
207.20,0.01665,1.665
207.21,0.01665,1.665
207.21,0.01665,1.665
207.22,0.01665,1.665
207.23,0.01665,1.665
207.24,0.01665,1.665
207.25,0.01665,1.665
207.26,0.01665,1.665
207.27,0.01665,1.665
207.28,0.01666,1.666
207.29,0.01666,1.666
207.29,0.01666,1.666
207.30,0.01666,1.666
207.31,0.01666,1.666
207.32,0.01666,1.666
207.33,0.01666,1.666
207.34,0.01666,1.666
207.35,0.01666,1.666
207.36,0.01666,1.666
207.37,0.01666,1.666
207.37,0.01667,1.667
207.38,0.01667,1.667
207.39,0.01667,1.667
207.40,0.01667,1.667
207.41,0.01667,1.667
207.42,0.01667,1.667
207.43,0.01667,1.667
207.44,0.01667,1.667
207.44,0.01667,1.667
207.45,0.01667,1.667
207.46,0.01667,1.667
207.47,0.01668,1.668
207.48,0.01668,1.668
207.49,0.01668,1.668
207.50,0.01668,1.668
207.51,0.01668,1.668
207.52,0.01668,1.668
207.52,0.01668,1.668
207.53,0.01668,1.668
207.54,0.01668,1.668
207.55,0.01668,1.668
207.56,0.01668,1.668
207.57,0.01668,1.668
207.58,0.01669,1.669
207.59,0.01669,1.669
207.59,0.01669,1.669
207.60,0.01669,1.669
207.61,0.01669,1.669
207.62,0.01669,1.669
207.63,0.01669,1.669
207.64,0.01669,1.669
207.65,0.01669,1.669
207.66,0.01669,1.669
207.67,0.01669,1.669
207.67,0.01670,1.670
207.68,0.01670,1.670
207.69,0.01670,1.670
207.70,0.01670,1.670
207.71,0.01670,1.670
207.72,0.01670,1.670
207.73,0.01670,1.670
207.74,0.01670,1.670
207.74,0.01670,1.670
207.75,0.01670,1.670
207.76,0.01670,1.670
207.77,0.01670,1.670
207.78,0.01671,1.671
207.79,0.01671,1.671
207.80,0.01671,1.671
207.81,0.01671,1.671
207.82,0.01671,1.671
207.82,0.01671,1.671
207.83,0.01671,1.671
207.84,0.01671,1.671
207.85,0.01671,1.671
207.86,0.01671,1.671
207.87,0.01671,1.671
207.88,0.01672,1.672
207.89,0.01672,1.672
207.89,0.01672,1.672
207.90,0.01672,1.672
207.91,0.01672,1.672
207.92,0.01672,1.672
207.93,0.01672,1.672
207.94,0.01672,1.672
207.95,0.01672,1.672
207.96,0.01672,1.672
207.97,0.01672,1.672
207.97,0.01672,1.672
207.98,0.01673,1.673
207.99,0.01673,1.673
208.00,0.01673,1.673
208.01,0.01673,1.673
208.02,0.01673,1.673
208.03,0.01673,1.673
208.04,0.01673,1.673
208.04,0.01673,1.673
208.05,0.01673,1.673
208.06,0.01673,1.673
208.07,0.01673,1.673
208.08,0.01674,1.674
208.09,0.01674,1.674
208.10,0.01674,1.674
208.11,0.01674,1.674
208.11,0.01674,1.674
208.12,0.01674,1.674
208.13,0.01674,1.674
208.14,0.01674,1.674
208.15,0.01674,1.674
208.16,0.01674,1.674
208.17,0.01674,1.674
208.18,0.01674,1.674
208.19,0.01675,1.675
208.19,0.01675,1.675
208.20,0.01675,1.675
208.21,0.01675,1.675
208.22,0.01675,1.675
208.23,0.01675,1.675
208.24,0.01675,1.675
208.25,0.01675,1.675
208.26,0.01675,1.675
208.26,0.01675,1.675
208.27,0.01675,1.675
208.28,0.01676,1.676
208.29,0.01676,1.676
208.30,0.01676,1.676
208.31,0.01676,1.676
208.32,0.01676,1.676
208.33,0.01676,1.676
208.34,0.01676,1.676
208.34,0.01676,1.676
208.35,0.01676,1.676
208.36,0.01676,1.676
208.37,0.01676,1.676
208.38,0.01676,1.676
208.39,0.01677,1.677
208.40,0.01677,1.677
208.41,0.01677,1.677
208.42,0.01677,1.677
208.42,0.01677,1.677
208.43,0.01677,1.677
208.44,0.01677,1.677
208.45,0.01677,1.677
208.46,0.01677,1.677
208.47,0.01677,1.677
208.48,0.01677,1.677
208.49,0.01677,1.677
208.49,0.01678,1.678
208.50,0.01678,1.678
208.51,0.01678,1.678
208.52,0.01678,1.678
208.53,0.01678,1.678
208.54,0.01678,1.678
208.55,0.01678,1.678
208.56,0.01678,1.678
208.57,0.01678,1.678
208.57,0.01678,1.678
208.58,0.01678,1.678
208.59,0.01679,1.679
208.60,0.01679,1.679
208.61,0.01679,1.679
208.62,0.01679,1.679
208.63,0.01679,1.679
208.64,0.01679,1.679
208.64,0.01679,1.679
208.65,0.01679,1.679
208.66,0.01679,1.679
208.67,0.01679,1.679
208.68,0.01679,1.679
208.69,0.01679,1.679
208.70,0.01680,1.680
208.71,0.01680,1.680
208.72,0.01680,1.680
208.72,0.01680,1.680
208.73,0.01680,1.680
208.74,0.01680,1.680
208.75,0.01680,1.680
208.76,0.01680,1.680
208.77,0.01680,1.680
208.78,0.01680,1.680
208.79,0.01680,1.680
208.79,0.01681,1.681
208.80,0.01681,1.681
208.81,0.01681,1.681
208.82,0.01681,1.681
208.83,0.01681,1.681
208.84,0.01681,1.681
208.85,0.01681,1.681
208.86,0.01681,1.681
208.87,0.01681,1.681
208.87,0.01681,1.681
208.88,0.01681,1.681
208.89,0.01681,1.681
208.90,0.01682,1.682
208.91,0.01682,1.682
208.92,0.01682,1.682
208.93,0.01682,1.682
208.94,0.01682,1.682
208.95,0.01682,1.682
208.95,0.01682,1.682
208.96,0.01682,1.682
208.97,0.01682,1.682
208.98,0.01682,1.682
208.99,0.01682,1.682
209.00,0.01682,1.682
209.01,0.01683,1.683
209.02,0.01683,1.683
209.02,0.01683,1.683
209.03,0.01683,1.683
209.04,0.01683,1.683
209.05,0.01683,1.683
209.06,0.01683,1.683
209.07,0.01683,1.683
209.08,0.01683,1.683
209.09,0.01683,1.683
209.10,0.01683,1.683
209.10,0.01684,1.684
209.11,0.01684,1.684
209.12,0.01684,1.684
209.13,0.01684,1.684
209.14,0.01684,1.684
209.15,0.01684,1.684
209.16,0.01684,1.684
209.17,0.01684,1.684
209.18,0.01684,1.684
209.18,0.01684,1.684
209.19,0.01684,1.684
209.20,0.01684,1.684
209.21,0.01685,1.685
209.22,0.01685,1.685
209.23,0.01685,1.685
209.24,0.01685,1.685
209.25,0.01685,1.685
209.25,0.01685,1.685
209.26,0.01685,1.685
209.27,0.01685,1.685
209.28,0.01685,1.685
209.29,0.01685,1.685
209.30,0.01685,1.685
209.31,0.01685,1.685
209.32,0.01686,1.686
209.33,0.01686,1.686
209.33,0.01686,1.686
209.34,0.01686,1.686
209.35,0.01686,1.686
209.36,0.01686,1.686
209.37,0.01686,1.686
209.38,0.01686,1.686
209.39,0.01686,1.686
209.40,0.01686,1.686
209.40,0.01686,1.686
209.41,0.01686,1.686
209.42,0.01687,1.687
209.43,0.01687,1.687
209.44,0.01687,1.687
209.45,0.01687,1.687
209.46,0.01687,1.687
209.47,0.01687,1.687
209.48,0.01687,1.687
209.48,0.01687,1.687
209.49,0.01687,1.687
209.50,0.01687,1.687
209.51,0.01687,1.687
209.52,0.01688,1.688
209.53,0.01688,1.688
209.54,0.01688,1.688
209.55,0.01688,1.688
209.55,0.01688,1.688
209.56,0.01688,1.688
209.57,0.01688,1.688
209.58,0.01688,1.688
209.59,0.01688,1.688
209.60,0.01688,1.688
209.61,0.01688,1.688
209.62,0.01688,1.688
209.63,0.01689,1.689
209.63,0.01689,1.689
209.64,0.01689,1.689
209.65,0.01689,1.689
209.66,0.01689,1.689
209.67,0.01689,1.689
209.68,0.01689,1.689
209.69,0.01689,1.689
209.70,0.01689,1.689
209.70,0.01689,1.689
209.71,0.01689,1.689
209.72,0.01689,1.689
209.73,0.01690,1.690
209.74,0.01690,1.690
209.75,0.01690,1.690
209.76,0.01690,1.690
209.77,0.01690,1.690
209.78,0.01690,1.690
209.78,0.01690,1.690
209.79,0.01690,1.690
209.80,0.01690,1.690
209.81,0.01690,1.690
209.82,0.01690,1.690
209.83,0.01690,1.690
209.84,0.01691,1.691
209.85,0.01691,1.691
209.85,0.01691,1.691
209.86,0.01691,1.691
209.87,0.01691,1.691
209.88,0.01691,1.691
209.89,0.01691,1.691
209.90,0.01691,1.691
209.91,0.01691,1.691
209.92,0.01691,1.691
209.93,0.01691,1.691
209.93,0.01692,1.692
209.94,0.01692,1.692
209.95,0.01692,1.692
209.96,0.01692,1.692
209.97,0.01692,1.692
209.98,0.01692,1.692
209.99,0.01692,1.692
210.00,0.01692,1.692
210.00,0.01692,1.692
210.01,0.01692,1.692
210.02,0.01692,1.692
210.03,0.01692,1.692
210.04,0.01693,1.693
210.05,0.01693,1.693
210.06,0.01693,1.693
210.07,0.01693,1.693
210.08,0.01693,1.693
210.08,0.01693,1.693
210.09,0.01693,1.693
210.10,0.01693,1.693
210.11,0.01693,1.693
210.12,0.01693,1.693
210.13,0.01693,1.693
210.14,0.01693,1.693
210.15,0.01694,1.694
210.15,0.01694,1.694
210.16,0.01694,1.694
210.17,0.01694,1.694
210.18,0.01694,1.694
210.19,0.01694,1.694
210.20,0.01694,1.694
210.21,0.01694,1.694
210.22,0.01694,1.694
210.23,0.01694,1.694
210.23,0.01694,1.694
210.24,0.01694,1.694
210.25,0.01695,1.695
210.26,0.01695,1.695
210.27,0.01695,1.695
210.28,0.01695,1.695
210.29,0.01695,1.695
210.30,0.01695,1.695
210.31,0.01695,1.695
210.31,0.01695,1.695
210.32,0.01695,1.695
210.33,0.01695,1.695
210.34,0.01695,1.695
210.35,0.01695,1.695
210.36,0.01696,1.696
210.37,0.01696,1.696
210.38,0.01696,1.696
210.38,0.01696,1.696
210.39,0.01696,1.696
210.40,0.01696,1.696
210.41,0.01696,1.696
210.42,0.01696,1.696
210.43,0.01696,1.696
210.44,0.01696,1.696
210.45,0.01696,1.696
210.46,0.01696,1.696
210.46,0.01697,1.697
210.47,0.01697,1.697
210.48,0.01697,1.697
210.49,0.01697,1.697
210.50,0.01697,1.697
210.51,0.01697,1.697
210.52,0.01697,1.697
210.53,0.01697,1.697
210.53,0.01697,1.697
210.54,0.01697,1.697
210.55,0.01697,1.697
210.56,0.01697,1.697
210.57,0.01698,1.698
210.58,0.01698,1.698
210.59,0.01698,1.698
210.60,0.01698,1.698
210.61,0.01698,1.698
210.61,0.01698,1.698
210.62,0.01698,1.698
210.63,0.01698,1.698
210.64,0.01698,1.698
210.65,0.01698,1.698
210.66,0.01698,1.698
210.67,0.01698,1.698
210.68,0.01699,1.699
210.69,0.01699,1.699
210.69,0.01699,1.699
210.70,0.01699,1.699
210.71,0.01699,1.699
210.72,0.01699,1.699
210.73,0.01699,1.699
210.74,0.01699,1.699
210.75,0.01699,1.699
210.76,0.01699,1.699
210.76,0.01699,1.699
210.77,0.01699,1.699
210.78,0.01700,1.700
210.79,0.01700,1.700
210.80,0.01700,1.700
210.81,0.01700,1.700
210.82,0.01700,1.700
210.83,0.01700,1.700
210.84,0.01700,1.700
210.84,0.01700,1.700
210.85,0.01700,1.700
210.86,0.01700,1.700
210.87,0.01700,1.700
210.88,0.01700,1.700
210.89,0.01701,1.701
210.90,0.01701,1.701
210.91,0.01701,1.701
210.91,0.01701,1.701
210.92,0.01701,1.701
210.93,0.01701,1.701
210.94,0.01701,1.701
210.95,0.01701,1.701
210.96,0.01701,1.701
210.97,0.01701,1.701
210.98,0.01701,1.701
210.99,0.01701,1.701
210.99,0.01702,1.702
211.00,0.01702,1.702
211.01,0.01702,1.702
211.02,0.01702,1.702
211.03,0.01702,1.702
211.04,0.01702,1.702
211.05,0.01702,1.702
211.06,0.01702,1.702
211.07,0.01702,1.702
211.07,0.01702,1.702
211.08,0.01702,1.702
211.09,0.01702,1.702
211.10,0.01703,1.703
211.11,0.01703,1.703
211.12,0.01703,1.703
211.13,0.01703,1.703
211.14,0.01703,1.703
211.14,0.01703,1.703
211.15,0.01703,1.703
211.16,0.01703,1.703
211.17,0.01703,1.703
211.18,0.01703,1.703
211.19,0.01703,1.703
211.20,0.01703,1.703
211.21,0.01704,1.704
211.22,0.01704,1.704
211.22,0.01704,1.704
211.23,0.01704,1.704
211.24,0.01704,1.704
211.25,0.01704,1.704
211.26,0.01704,1.704
211.27,0.01704,1.704
211.28,0.01704,1.704
211.29,0.01704,1.704
211.29,0.01704,1.704
211.30,0.01704,1.704
211.31,0.01705,1.705
211.32,0.01705,1.705
211.33,0.01705,1.705
211.34,0.01705,1.705
211.35,0.01705,1.705
211.36,0.01705,1.705
211.37,0.01705,1.705
211.37,0.01705,1.705
211.38,0.01705,1.705
211.39,0.01705,1.705
211.40,0.01705,1.705
211.41,0.01705,1.705
211.42,0.01706,1.706
211.43,0.01706,1.706
211.44,0.01706,1.706
211.44,0.01706,1.706
211.45,0.01706,1.706
211.46,0.01706,1.706
211.47,0.01706,1.706
211.48,0.01706,1.706
211.49,0.01706,1.706
211.50,0.01706,1.706
211.51,0.01706,1.706
211.52,0.01706,1.706
211.52,0.01707,1.707
211.53,0.01707,1.707
211.54,0.01707,1.707
211.55,0.01707,1.707
211.56,0.01707,1.707
211.57,0.01707,1.707
211.58,0.01707,1.707
211.59,0.01707,1.707
211.59,0.01707,1.707
211.60,0.01707,1.707
211.61,0.01707,1.707
211.62,0.01707,1.707
211.63,0.01708,1.708
211.64,0.01708,1.708
211.65,0.01708,1.708
211.66,0.01708,1.708
211.67,0.01708,1.708
211.67,0.01708,1.708
211.68,0.01708,1.708
211.69,0.01708,1.708
211.70,0.01708,1.708
211.71,0.01708,1.708
211.72,0.01708,1.708
211.73,0.01708,1.708
211.74,0.01709,1.709
211.74,0.01709,1.709
211.75,0.01709,1.709
211.76,0.01709,1.709
211.77,0.01709,1.709
211.78,0.01709,1.709
211.79,0.01709,1.709
211.80,0.01709,1.709
211.81,0.01709,1.709
211.82,0.01709,1.709
211.82,0.01709,1.709
211.83,0.01709,1.709
211.84,0.01710,1.710
211.85,0.01710,1.710
211.86,0.01710,1.710
211.87,0.01710,1.710
211.88,0.01710,1.710
211.89,0.01710,1.710
211.89,0.01710,1.710
211.90,0.01710,1.710
211.91,0.01710,1.710
211.92,0.01710,1.710
211.93,0.01710,1.710
211.94,0.01710,1.710
211.95,0.01710,1.710
211.96,0.01711,1.711
211.97,0.01711,1.711
211.97,0.01711,1.711
211.98,0.01711,1.711
211.99,0.01711,1.711
212.00,0.01711,1.711
212.01,0.01711,1.711
212.02,0.01711,1.711
212.03,0.01711,1.711
212.04,0.01711,1.711
212.04,0.01711,1.711
212.05,0.01711,1.711
212.06,0.01712,1.712
212.07,0.01712,1.712
212.08,0.01712,1.712
212.09,0.01712,1.712
212.10,0.01712,1.712
212.11,0.01712,1.712
212.12,0.01712,1.712
212.12,0.01712,1.712
212.13,0.01712,1.712
212.14,0.01712,1.712
212.15,0.01712,1.712
212.16,0.01712,1.712
212.17,0.01713,1.713
212.18,0.01713,1.713
212.19,0.01713,1.713
212.20,0.01713,1.713
212.20,0.01713,1.713
212.21,0.01713,1.713
212.22,0.01713,1.713
212.23,0.01713,1.713
212.24,0.01713,1.713
212.25,0.01713,1.713
212.26,0.01713,1.713
212.27,0.01713,1.713
212.27,0.01714,1.714
212.28,0.01714,1.714
212.29,0.01714,1.714
212.30,0.01714,1.714
212.31,0.01714,1.714
212.32,0.01714,1.714
212.33,0.01714,1.714
212.34,0.01714,1.714
212.35,0.01714,1.714
212.35,0.01714,1.714
212.36,0.01714,1.714
212.37,0.01714,1.714
212.38,0.01714,1.714
212.39,0.01715,1.715
212.40,0.01715,1.715
212.41,0.01715,1.715
212.42,0.01715,1.715
212.42,0.01715,1.715
212.43,0.01715,1.715
212.44,0.01715,1.715
212.45,0.01715,1.715
212.46,0.01715,1.715
212.47,0.01715,1.715
212.48,0.01715,1.715
212.49,0.01715,1.715
212.50,0.01716,1.716
212.50,0.01716,1.716
212.51,0.01716,1.716
212.52,0.01716,1.716
212.53,0.01716,1.716
212.54,0.01716,1.716
212.55,0.01716,1.716
212.56,0.01716,1.716
212.57,0.01716,1.716
212.58,0.01716,1.716
212.58,0.01716,1.716
212.59,0.01716,1.716
212.60,0.01717,1.717
212.61,0.01717,1.717
212.62,0.01717,1.717
212.63,0.01717,1.717
212.64,0.01717,1.717
212.65,0.01717,1.717
212.65,0.01717,1.717
212.66,0.01717,1.717
212.67,0.01717,1.717
212.68,0.01717,1.717
212.69,0.01717,1.717
212.70,0.01717,1.717
212.71,0.01718,1.718
212.72,0.01718,1.718
212.73,0.01718,1.718
212.73,0.01718,1.718
212.74,0.01718,1.718
212.75,0.01718,1.718
212.76,0.01718,1.718
212.77,0.01718,1.718
212.78,0.01718,1.718
212.79,0.01718,1.718
212.80,0.01718,1.718
212.80,0.01718,1.718
212.81,0.01718,1.718
212.82,0.01719,1.719
212.83,0.01719,1.719
212.84,0.01719,1.719
212.85,0.01719,1.719
212.86,0.01719,1.719
212.87,0.01719,1.719
212.88,0.01719,1.719
212.88,0.01719,1.719
212.89,0.01719,1.719
212.90,0.01719,1.719
212.91,0.01719,1.719
212.92,0.01719,1.719
212.93,0.01720,1.720
212.94,0.01720,1.720
212.95,0.01720,1.720
212.95,0.01720,1.720
212.96,0.01720,1.720
212.97,0.01720,1.720
212.98,0.01720,1.720
212.99,0.01720,1.720
213.00,0.01720,1.720
213.01,0.01720,1.720
213.02,0.01720,1.720
213.03,0.01720,1.720
213.03,0.01721,1.721
213.04,0.01721,1.721
213.05,0.01721,1.721
213.06,0.01721,1.721
213.07,0.01721,1.721
213.08,0.01721,1.721
213.09,0.01721,1.721
213.10,0.01721,1.721
213.10,0.01721,1.721
213.11,0.01721,1.721
213.12,0.01721,1.721
213.13,0.01721,1.721
213.14,0.01721,1.721
213.15,0.01722,1.722
213.16,0.01722,1.722
213.17,0.01722,1.722
213.18,0.01722,1.722
213.18,0.01722,1.722
213.19,0.01722,1.722
213.20,0.01722,1.722
213.21,0.01722,1.722
213.22,0.01722,1.722
213.23,0.01722,1.722
213.24,0.01722,1.722
213.25,0.01722,1.722
213.25,0.01723,1.723
213.26,0.01723,1.723
213.27,0.01723,1.723
213.28,0.01723,1.723
213.29,0.01723,1.723
213.30,0.01723,1.723
213.31,0.01723,1.723
213.32,0.01723,1.723
213.33,0.01723,1.723
213.33,0.01723,1.723
213.34,0.01723,1.723
213.35,0.01723,1.723
213.36,0.01723,1.723
213.37,0.01724,1.724
213.38,0.01724,1.724
213.39,0.01724,1.724
213.40,0.01724,1.724
213.40,0.01724,1.724
213.41,0.01724,1.724
213.42,0.01724,1.724
213.43,0.01724,1.724
213.44,0.01724,1.724
213.45,0.01724,1.724
213.46,0.01724,1.724
213.47,0.01724,1.724
213.48,0.01725,1.725
213.48,0.01725,1.725
213.49,0.01725,1.725
213.50,0.01725,1.725
213.51,0.01725,1.725
213.52,0.01725,1.725
213.53,0.01725,1.725
213.54,0.01725,1.725
213.55,0.01725,1.725
213.55,0.01725,1.725
213.56,0.01725,1.725
213.57,0.01725,1.725
213.58,0.01725,1.725
213.59,0.01726,1.726
213.60,0.01726,1.726
213.61,0.01726,1.726
213.62,0.01726,1.726
213.63,0.01726,1.726
213.63,0.01726,1.726
213.64,0.01726,1.726
213.65,0.01726,1.726
213.66,0.01726,1.726
213.67,0.01726,1.726
213.68,0.01726,1.726
213.69,0.01726,1.726
213.70,0.01727,1.727
213.71,0.01727,1.727
213.71,0.01727,1.727
213.72,0.01727,1.727
213.73,0.01727,1.727
213.74,0.01727,1.727
213.75,0.01727,1.727
213.76,0.01727,1.727
213.77,0.01727,1.727
213.78,0.01727,1.727
213.78,0.01727,1.727
213.79,0.01727,1.727
213.80,0.01727,1.727
213.81,0.01728,1.728
213.82,0.01728,1.728
213.83,0.01728,1.728
213.84,0.01728,1.728
213.85,0.01728,1.728
213.86,0.01728,1.728
213.86,0.01728,1.728
213.87,0.01728,1.728
213.88,0.01728,1.728
213.89,0.01728,1.728
213.90,0.01728,1.728
213.91,0.01728,1.728
213.92,0.01728,1.728
213.93,0.01729,1.729
213.93,0.01729,1.729
213.94,0.01729,1.729
213.95,0.01729,1.729
213.96,0.01729,1.729
213.97,0.01729,1.729
213.98,0.01729,1.729
213.99,0.01729,1.729
214.00,0.01729,1.729
214.01,0.01729,1.729
214.01,0.01729,1.729
214.02,0.01729,1.729
214.03,0.01730,1.730
214.04,0.01730,1.730
214.05,0.01730,1.730
214.06,0.01730,1.730
214.07,0.01730,1.730
214.08,0.01730,1.730
214.08,0.01730,1.730
214.09,0.01730,1.730
214.10,0.01730,1.730
214.11,0.01730,1.730
214.12,0.01730,1.730
214.13,0.01730,1.730
214.14,0.01730,1.730
214.15,0.01731,1.731
214.16,0.01731,1.731
214.16,0.01731,1.731
214.17,0.01731,1.731
214.18,0.01731,1.731
214.19,0.01731,1.731
214.20,0.01731,1.731
214.21,0.01731,1.731
214.22,0.01731,1.731
214.23,0.01731,1.731
214.24,0.01731,1.731
214.24,0.01731,1.731
214.25,0.01731,1.731
214.26,0.01732,1.732
214.27,0.01732,1.732
214.28,0.01732,1.732
214.29,0.01732,1.732
214.30,0.01732,1.732
214.31,0.01732,1.732
214.31,0.01732,1.732
214.32,0.01732,1.732
214.33,0.01732,1.732
214.34,0.01732,1.732
214.35,0.01732,1.732
214.36,0.01732,1.732
214.37,0.01733,1.733
214.38,0.01733,1.733
214.39,0.01733,1.733
214.39,0.01733,1.733
214.40,0.01733,1.733
214.41,0.01733,1.733
214.42,0.01733,1.733
214.43,0.01733,1.733
214.44,0.01733,1.733
214.45,0.01733,1.733
214.46,0.01733,1.733
214.46,0.01733,1.733
214.47,0.01733,1.733
214.48,0.01734,1.734
214.49,0.01734,1.734
214.50,0.01734,1.734
214.51,0.01734,1.734
214.52,0.01734,1.734
214.53,0.01734,1.734
214.54,0.01734,1.734
214.54,0.01734,1.734
214.55,0.01734,1.734
214.56,0.01734,1.734
214.57,0.01734,1.734
214.58,0.01734,1.734
214.59,0.01734,1.734
214.60,0.01735,1.735
214.61,0.01735,1.735
214.61,0.01735,1.735
214.62,0.01735,1.735
214.63,0.01735,1.735
214.64,0.01735,1.735
214.65,0.01735,1.735
214.66,0.01735,1.735
214.67,0.01735,1.735
214.68,0.01735,1.735
214.69,0.01735,1.735
214.69,0.01735,1.735
214.70,0.01736,1.736
214.71,0.01736,1.736
214.72,0.01736,1.736
214.73,0.01736,1.736
214.74,0.01736,1.736
214.75,0.01736,1.736
214.76,0.01736,1.736
214.76,0.01736,1.736
214.77,0.01736,1.736
214.78,0.01736,1.736
214.79,0.01736,1.736
214.80,0.01736,1.736
214.81,0.01736,1.736
214.82,0.01737,1.737
214.83,0.01737,1.737
214.84,0.01737,1.737
214.84,0.01737,1.737
214.85,0.01737,1.737
214.86,0.01737,1.737
214.87,0.01737,1.737
214.88,0.01737,1.737
214.89,0.01737,1.737
214.90,0.01737,1.737
214.91,0.01737,1.737
214.92,0.01737,1.737
214.92,0.01737,1.737
214.93,0.01738,1.738
214.94,0.01738,1.738
214.95,0.01738,1.738
214.96,0.01738,1.738
214.97,0.01738,1.738
214.98,0.01738,1.738
214.99,0.01738,1.738
214.99,0.01738,1.738
215.00,0.01738,1.738
215.01,0.01738,1.738
215.02,0.01738,1.738
215.03,0.01738,1.738
215.04,0.01739,1.739
215.05,0.01739,1.739
215.06,0.01739,1.739
215.07,0.01739,1.739
215.07,0.01739,1.739
215.08,0.01739,1.739
215.09,0.01739,1.739
215.10,0.01739,1.739
215.11,0.01739,1.739
215.12,0.01739,1.739
215.13,0.01739,1.739
215.14,0.01739,1.739
215.14,0.01739,1.739
215.15,0.01740,1.740
215.16,0.01740,1.740
215.17,0.01740,1.740
215.18,0.01740,1.740
215.19,0.01740,1.740
215.20,0.01740,1.740
215.21,0.01740,1.740
215.22,0.01740,1.740
215.22,0.01740,1.740
215.23,0.01740,1.740
215.24,0.01740,1.740
215.25,0.01740,1.740
215.26,0.01740,1.740
215.27,0.01741,1.741
215.28,0.01741,1.741
215.29,0.01741,1.741
215.30,0.01741,1.741
215.30,0.01741,1.741
215.31,0.01741,1.741
215.32,0.01741,1.741
215.33,0.01741,1.741
215.34,0.01741,1.741
215.35,0.01741,1.741
215.36,0.01741,1.741
215.37,0.01741,1.741
215.37,0.01741,1.741
215.38,0.01742,1.742
215.39,0.01742,1.742
215.40,0.01742,1.742
215.41,0.01742,1.742
215.42,0.01742,1.742
215.43,0.01742,1.742
215.44,0.01742,1.742
215.45,0.01742,1.742
215.45,0.01742,1.742
215.46,0.01742,1.742
215.47,0.01742,1.742
215.48,0.01742,1.742
215.49,0.01742,1.742
215.50,0.01743,1.743
215.51,0.01743,1.743
215.52,0.01743,1.743
215.52,0.01743,1.743
215.53,0.01743,1.743
215.54,0.01743,1.743
215.55,0.01743,1.743
215.56,0.01743,1.743
215.57,0.01743,1.743
215.58,0.01743,1.743
215.59,0.01743,1.743
215.60,0.01743,1.743
215.60,0.01743,1.743
215.61,0.01744,1.744
215.62,0.01744,1.744
215.63,0.01744,1.744
215.64,0.01744,1.744
215.65,0.01744,1.744
215.66,0.01744,1.744
215.67,0.01744,1.744
215.67,0.01744,1.744
215.68,0.01744,1.744
215.69,0.01744,1.744
215.70,0.01744,1.744
215.71,0.01744,1.744
215.72,0.01744,1.744
215.73,0.01745,1.745
215.74,0.01745,1.745
215.75,0.01745,1.745
215.75,0.01745,1.745
215.76,0.01745,1.745
215.77,0.01745,1.745
215.78,0.01745,1.745
215.79,0.01745,1.745
215.80,0.01745,1.745
215.81,0.01745,1.745
215.82,0.01745,1.745
215.82,0.01745,1.745
215.83,0.01745,1.745
215.84,0.01746,1.746
215.85,0.01746,1.746
215.86,0.01746,1.746
215.87,0.01746,1.746
215.88,0.01746,1.746
215.89,0.01746,1.746
215.90,0.01746,1.746
215.90,0.01746,1.746
215.91,0.01746,1.746
215.92,0.01746,1.746
215.93,0.01746,1.746
215.94,0.01746,1.746
215.95,0.01746,1.746
215.96,0.01747,1.747
215.97,0.01747,1.747
215.97,0.01747,1.747
215.98,0.01747,1.747
215.99,0.01747,1.747
216.00,0.01747,1.747
216.01,0.01747,1.747
216.02,0.01747,1.747
216.03,0.01747,1.747
216.04,0.01747,1.747
216.05,0.01747,1.747
216.05,0.01747,1.747
216.06,0.01747,1.747
216.07,0.01748,1.748
216.08,0.01748,1.748
216.09,0.01748,1.748
216.10,0.01748,1.748
216.11,0.01748,1.748
216.12,0.01748,1.748
216.12,0.01748,1.748
216.13,0.01748,1.748
216.14,0.01748,1.748
216.15,0.01748,1.748
216.16,0.01748,1.748
216.17,0.01748,1.748
216.18,0.01748,1.748
216.19,0.01749,1.749
216.20,0.01749,1.749
216.20,0.01749,1.749
216.21,0.01749,1.749
216.22,0.01749,1.749
216.23,0.01749,1.749
216.24,0.01749,1.749
216.25,0.01749,1.749
216.26,0.01749,1.749
216.27,0.01749,1.749
216.27,0.01749,1.749
216.28,0.01749,1.749
216.29,0.01749,1.749
216.30,0.01749,1.749
216.31,0.01750,1.750
216.32,0.01750,1.750
216.33,0.01750,1.750
216.34,0.01750,1.750
216.35,0.01750,1.750
216.35,0.01750,1.750
216.36,0.01750,1.750
216.37,0.01750,1.750
216.38,0.01750,1.750
216.39,0.01750,1.750
216.40,0.01750,1.750
216.41,0.01750,1.750
216.42,0.01750,1.750
216.42,0.01751,1.751
216.43,0.01751,1.751
216.44,0.01751,1.751
216.45,0.01751,1.751
216.46,0.01751,1.751
216.47,0.01751,1.751
216.48,0.01751,1.751
216.49,0.01751,1.751
216.50,0.01751,1.751
216.50,0.01751,1.751
216.51,0.01751,1.751
216.52,0.01751,1.751
216.53,0.01751,1.751
216.54,0.01752,1.752
216.55,0.01752,1.752
216.56,0.01752,1.752
216.57,0.01752,1.752
216.57,0.01752,1.752
216.58,0.01752,1.752
216.59,0.01752,1.752
216.60,0.01752,1.752
216.61,0.01752,1.752
216.62,0.01752,1.752
216.63,0.01752,1.752
216.64,0.01752,1.752
216.65,0.01752,1.752
216.65,0.01753,1.753
216.66,0.01753,1.753
216.67,0.01753,1.753
216.68,0.01753,1.753
216.69,0.01753,1.753
216.70,0.01753,1.753
216.71,0.01753,1.753
216.72,0.01753,1.753
216.72,0.01753,1.753
216.73,0.01753,1.753
216.74,0.01753,1.753
216.75,0.01753,1.753
216.76,0.01753,1.753
216.77,0.01754,1.754
216.78,0.01754,1.754
216.79,0.01754,1.754
216.80,0.01754,1.754
216.80,0.01754,1.754
216.81,0.01754,1.754
216.82,0.01754,1.754
216.83,0.01754,1.754
216.84,0.01754,1.754
216.85,0.01754,1.754
216.86,0.01754,1.754
216.87,0.01754,1.754
216.88,0.01754,1.754
216.88,0.01754,1.754
216.89,0.01755,1.755
216.90,0.01755,1.755
216.91,0.01755,1.755
216.92,0.01755,1.755
216.93,0.01755,1.755
216.94,0.01755,1.755
216.95,0.01755,1.755
216.95,0.01755,1.755
216.96,0.01755,1.755
216.97,0.01755,1.755
216.98,0.01755,1.755
216.99,0.01755,1.755
217.00,0.01755,1.755
217.01,0.01756,1.756
217.02,0.01756,1.756
217.03,0.01756,1.756
217.03,0.01756,1.756
217.04,0.01756,1.756
217.05,0.01756,1.756
217.06,0.01756,1.756
217.07,0.01756,1.756
217.08,0.01756,1.756
217.09,0.01756,1.756
217.10,0.01756,1.756
217.11,0.01756,1.756
217.11,0.01756,1.756
217.12,0.01757,1.757
217.13,0.01757,1.757
217.14,0.01757,1.757
217.15,0.01757,1.757
217.16,0.01757,1.757
217.17,0.01757,1.757
217.18,0.01757,1.757
217.18,0.01757,1.757
217.19,0.01757,1.757
217.20,0.01757,1.757
217.21,0.01757,1.757
217.22,0.01757,1.757
217.23,0.01757,1.757
217.24,0.01757,1.757
217.25,0.01758,1.758
217.26,0.01758,1.758
217.26,0.01758,1.758
217.27,0.01758,1.758
217.28,0.01758,1.758
217.29,0.01758,1.758
217.30,0.01758,1.758
217.31,0.01758,1.758
217.32,0.01758,1.758
217.33,0.01758,1.758
217.33,0.01758,1.758
217.34,0.01758,1.758
217.35,0.01758,1.758
217.36,0.01759,1.759
217.37,0.01759,1.759
217.38,0.01759,1.759
217.39,0.01759,1.759
217.40,0.01759,1.759
217.41,0.01759,1.759
217.41,0.01759,1.759
217.42,0.01759,1.759
217.43,0.01759,1.759
217.44,0.01759,1.759
217.45,0.01759,1.759
217.46,0.01759,1.759
217.47,0.01759,1.759
217.48,0.01759,1.759
217.48,0.01760,1.760
217.49,0.01760,1.760
217.50,0.01760,1.760
217.51,0.01760,1.760
217.52,0.01760,1.760
217.53,0.01760,1.760
217.54,0.01760,1.760
217.55,0.01760,1.760
217.56,0.01760,1.760
217.56,0.01760,1.760
217.57,0.01760,1.760
217.58,0.01760,1.760
217.59,0.01760,1.760
217.60,0.01761,1.761
217.61,0.01761,1.761
217.62,0.01761,1.761
217.63,0.01761,1.761
217.63,0.01761,1.761
217.64,0.01761,1.761
217.65,0.01761,1.761
217.66,0.01761,1.761
217.67,0.01761,1.761
217.68,0.01761,1.761
217.69,0.01761,1.761
217.70,0.01761,1.761
217.71,0.01761,1.761
217.71,0.01761,1.761
217.72,0.01762,1.762
217.73,0.01762,1.762
217.74,0.01762,1.762
217.75,0.01762,1.762
217.76,0.01762,1.762
217.77,0.01762,1.762
217.78,0.01762,1.762
217.78,0.01762,1.762
217.79,0.01762,1.762
217.80,0.01762,1.762
217.81,0.01762,1.762
217.82,0.01762,1.762
217.83,0.01762,1.762
217.84,0.01763,1.763
217.85,0.01763,1.763
217.86,0.01763,1.763
217.86,0.01763,1.763
217.87,0.01763,1.763
217.88,0.01763,1.763
217.89,0.01763,1.763
217.90,0.01763,1.763
217.91,0.01763,1.763
217.92,0.01763,1.763
217.93,0.01763,1.763
217.93,0.01763,1.763
217.94,0.01763,1.763
217.95,0.01763,1.763
217.96,0.01764,1.764
217.97,0.01764,1.764
217.98,0.01764,1.764
217.99,0.01764,1.764
218.00,0.01764,1.764
218.01,0.01764,1.764
218.01,0.01764,1.764
218.02,0.01764,1.764
218.03,0.01764,1.764
218.04,0.01764,1.764
218.05,0.01764,1.764
218.06,0.01764,1.764
218.07,0.01764,1.764
218.08,0.01764,1.764
218.08,0.01765,1.765
218.09,0.01765,1.765
218.10,0.01765,1.765
218.11,0.01765,1.765
218.12,0.01765,1.765
218.13,0.01765,1.765
218.14,0.01765,1.765
218.15,0.01765,1.765
218.16,0.01765,1.765
218.16,0.01765,1.765
218.17,0.01765,1.765
218.18,0.01765,1.765
218.19,0.01765,1.765
218.20,0.01766,1.766
218.21,0.01766,1.766
218.22,0.01766,1.766
218.23,0.01766,1.766
218.24,0.01766,1.766
218.24,0.01766,1.766
218.25,0.01766,1.766
218.26,0.01766,1.766
218.27,0.01766,1.766
218.28,0.01766,1.766
218.29,0.01766,1.766
218.30,0.01766,1.766
218.31,0.01766,1.766
218.31,0.01766,1.766
218.32,0.01767,1.767
218.33,0.01767,1.767
218.34,0.01767,1.767
218.35,0.01767,1.767
218.36,0.01767,1.767
218.37,0.01767,1.767
218.38,0.01767,1.767
218.39,0.01767,1.767
218.39,0.01767,1.767
218.40,0.01767,1.767
218.41,0.01767,1.767
218.42,0.01767,1.767
218.43,0.01767,1.767
218.44,0.01767,1.767
218.45,0.01768,1.768
218.46,0.01768,1.768
218.46,0.01768,1.768
218.47,0.01768,1.768
218.48,0.01768,1.768
218.49,0.01768,1.768
218.50,0.01768,1.768
218.51,0.01768,1.768
218.52,0.01768,1.768
218.53,0.01768,1.768
218.54,0.01768,1.768
218.54,0.01768,1.768
218.55,0.01768,1.768
218.56,0.01769,1.769
218.57,0.01769,1.769
218.58,0.01769,1.769
218.59,0.01769,1.769
218.60,0.01769,1.769
218.61,0.01769,1.769
218.62,0.01769,1.769
218.62,0.01769,1.769
218.63,0.01769,1.769
218.64,0.01769,1.769
218.65,0.01769,1.769
218.66,0.01769,1.769
218.67,0.01769,1.769
218.68,0.01769,1.769
218.69,0.01770,1.770
218.69,0.01770,1.770
218.70,0.01770,1.770
218.71,0.01770,1.770
218.72,0.01770,1.770
218.73,0.01770,1.770
218.74,0.01770,1.770
218.75,0.01770,1.770
218.76,0.01770,1.770
218.77,0.01770,1.770
218.77,0.01770,1.770
218.78,0.01770,1.770
218.79,0.01770,1.770
218.80,0.01770,1.770
218.81,0.01771,1.771
218.82,0.01771,1.771
218.83,0.01771,1.771
218.84,0.01771,1.771
218.84,0.01771,1.771
218.85,0.01771,1.771
218.86,0.01771,1.771
218.87,0.01771,1.771
218.88,0.01771,1.771
218.89,0.01771,1.771
218.90,0.01771,1.771
218.91,0.01771,1.771
218.92,0.01771,1.771
218.92,0.01771,1.771
218.93,0.01772,1.772
218.94,0.01772,1.772
218.95,0.01772,1.772
218.96,0.01772,1.772
218.97,0.01772,1.772
218.98,0.01772,1.772
218.99,0.01772,1.772
218.99,0.01772,1.772
219.00,0.01772,1.772
219.01,0.01772,1.772
219.02,0.01772,1.772
219.03,0.01772,1.772
219.04,0.01772,1.772
219.05,0.01772,1.772
219.06,0.01773,1.773
219.07,0.01773,1.773
219.07,0.01773,1.773
219.08,0.01773,1.773
219.09,0.01773,1.773
219.10,0.01773,1.773
219.11,0.01773,1.773
219.12,0.01773,1.773
219.13,0.01773,1.773
219.14,0.01773,1.773
219.14,0.01773,1.773
219.15,0.01773,1.773
219.16,0.01773,1.773
219.17,0.01773,1.773
219.18,0.01774,1.774
219.19,0.01774,1.774
219.20,0.01774,1.774
219.21,0.01774,1.774
219.22,0.01774,1.774
219.22,0.01774,1.774
219.23,0.01774,1.774
219.24,0.01774,1.774
219.25,0.01774,1.774
219.26,0.01774,1.774
219.27,0.01774,1.774
219.28,0.01774,1.774
219.29,0.01774,1.774
219.30,0.01774,1.774
219.30,0.01775,1.775
219.31,0.01775,1.775
219.32,0.01775,1.775
219.33,0.01775,1.775
219.34,0.01775,1.775
219.35,0.01775,1.775
219.36,0.01775,1.775
219.37,0.01775,1.775
219.37,0.01775,1.775
219.38,0.01775,1.775
219.39,0.01775,1.775
219.40,0.01775,1.775
219.41,0.01775,1.775
219.42,0.01775,1.775
219.43,0.01776,1.776
219.44,0.01776,1.776
219.45,0.01776,1.776
219.45,0.01776,1.776
219.46,0.01776,1.776
219.47,0.01776,1.776
219.48,0.01776,1.776
219.49,0.01776,1.776
219.50,0.01776,1.776
219.51,0.01776,1.776
219.52,0.01776,1.776
219.52,0.01776,1.776
219.53,0.01776,1.776
219.54,0.01776,1.776
219.55,0.01777,1.777
219.56,0.01777,1.777
219.57,0.01777,1.777
219.58,0.01777,1.777
219.59,0.01777,1.777
219.60,0.01777,1.777
219.60,0.01777,1.777
219.61,0.01777,1.777
219.62,0.01777,1.777
219.63,0.01777,1.777
219.64,0.01777,1.777
219.65,0.01777,1.777
219.66,0.01777,1.777
219.67,0.01777,1.777
219.67,0.01778,1.778
219.68,0.01778,1.778
219.69,0.01778,1.778
219.70,0.01778,1.778
219.71,0.01778,1.778
219.72,0.01778,1.778
219.73,0.01778,1.778
219.74,0.01778,1.778
219.75,0.01778,1.778
219.75,0.01778,1.778
219.76,0.01778,1.778
219.77,0.01778,1.778
219.78,0.01778,1.778
219.79,0.01778,1.778
219.80,0.01779,1.779
219.81,0.01779,1.779
219.82,0.01779,1.779
219.82,0.01779,1.779
219.83,0.01779,1.779
219.84,0.01779,1.779
219.85,0.01779,1.779
219.86,0.01779,1.779
219.87,0.01779,1.779
219.88,0.01779,1.779
219.89,0.01779,1.779
219.90,0.01779,1.779
219.90,0.01779,1.779
219.91,0.01779,1.779
219.92,0.01780,1.780
219.93,0.01780,1.780
219.94,0.01780,1.780
219.95,0.01780,1.780
219.96,0.01780,1.780
219.97,0.01780,1.780
219.98,0.01780,1.780
219.98,0.01780,1.780
219.99,0.01780,1.780
220.00,0.01780,1.780
220.01,0.01780,1.780
220.02,0.01780,1.780
220.03,0.01780,1.780
220.04,0.01780,1.780
220.05,0.01781,1.781
220.05,0.01781,1.781
220.06,0.01781,1.781
220.07,0.01781,1.781
220.08,0.01781,1.781
220.09,0.01781,1.781
220.10,0.01781,1.781
220.11,0.01781,1.781
220.12,0.01781,1.781
220.13,0.01781,1.781
220.13,0.01781,1.781
220.14,0.01781,1.781
220.15,0.01781,1.781
220.16,0.01781,1.781
220.17,0.01781,1.781
220.18,0.01782,1.782
220.19,0.01782,1.782
220.20,0.01782,1.782
220.20,0.01782,1.782
220.21,0.01782,1.782
220.22,0.01782,1.782
220.23,0.01782,1.782
220.24,0.01782,1.782
220.25,0.01782,1.782
220.26,0.01782,1.782
220.27,0.01782,1.782
220.28,0.01782,1.782
220.28,0.01782,1.782
220.29,0.01782,1.782
220.30,0.01783,1.783
220.31,0.01783,1.783
220.32,0.01783,1.783
220.33,0.01783,1.783
220.34,0.01783,1.783
220.35,0.01783,1.783
220.36,0.01783,1.783
220.36,0.01783,1.783
220.37,0.01783,1.783
220.38,0.01783,1.783
220.39,0.01783,1.783
220.40,0.01783,1.783
220.41,0.01783,1.783
220.42,0.01783,1.783
220.43,0.01784,1.784
220.43,0.01784,1.784
220.44,0.01784,1.784
220.45,0.01784,1.784
220.46,0.01784,1.784
220.47,0.01784,1.784
220.48,0.01784,1.784
220.49,0.01784,1.784
220.50,0.01784,1.784
220.51,0.01784,1.784
220.51,0.01784,1.784
220.52,0.01784,1.784
220.53,0.01784,1.784
220.54,0.01784,1.784
220.55,0.01784,1.784
220.56,0.01785,1.785
220.57,0.01785,1.785
220.58,0.01785,1.785
220.58,0.01785,1.785
220.59,0.01785,1.785
220.60,0.01785,1.785
220.61,0.01785,1.785
220.62,0.01785,1.785
220.63,0.01785,1.785
220.64,0.01785,1.785
220.65,0.01785,1.785
220.66,0.01785,1.785
220.66,0.01785,1.785
220.67,0.01785,1.785
220.68,0.01786,1.786
220.69,0.01786,1.786
220.70,0.01786,1.786
220.71,0.01786,1.786
220.72,0.01786,1.786
220.73,0.01786,1.786
220.73,0.01786,1.786
220.74,0.01786,1.786
220.75,0.01786,1.786
220.76,0.01786,1.786
220.77,0.01786,1.786
220.78,0.01786,1.786
220.79,0.01786,1.786
220.80,0.01786,1.786
220.81,0.01787,1.787
220.81,0.01787,1.787
220.82,0.01787,1.787
220.83,0.01787,1.787
220.84,0.01787,1.787
220.85,0.01787,1.787
220.86,0.01787,1.787
220.87,0.01787,1.787
220.88,0.01787,1.787
220.88,0.01787,1.787
220.89,0.01787,1.787
220.90,0.01787,1.787
220.91,0.01787,1.787
220.92,0.01787,1.787
220.93,0.01787,1.787
220.94,0.01788,1.788
220.95,0.01788,1.788
220.96,0.01788,1.788
220.96,0.01788,1.788
220.97,0.01788,1.788
220.98,0.01788,1.788
220.99,0.01788,1.788
221.00,0.01788,1.788
221.01,0.01788,1.788
221.02,0.01788,1.788
221.03,0.01788,1.788
221.03,0.01788,1.788
221.04,0.01788,1.788
221.05,0.01788,1.788
221.06,0.01788,1.788
221.07,0.01789,1.789
221.08,0.01789,1.789
221.09,0.01789,1.789
221.10,0.01789,1.789
221.11,0.01789,1.789
221.11,0.01789,1.789
221.12,0.01789,1.789
221.13,0.01789,1.789
221.14,0.01789,1.789
221.15,0.01789,1.789
221.16,0.01789,1.789
221.17,0.01789,1.789
221.18,0.01789,1.789
221.18,0.01789,1.789
221.19,0.01790,1.790
221.20,0.01790,1.790
221.21,0.01790,1.790
221.22,0.01790,1.790
221.23,0.01790,1.790
221.24,0.01790,1.790
221.25,0.01790,1.790
221.26,0.01790,1.790
221.26,0.01790,1.790
221.27,0.01790,1.790
221.28,0.01790,1.790
221.29,0.01790,1.790
221.30,0.01790,1.790
221.31,0.01790,1.790
221.32,0.01790,1.790
221.33,0.01791,1.791
221.33,0.01791,1.791
221.34,0.01791,1.791
221.35,0.01791,1.791
221.36,0.01791,1.791
221.37,0.01791,1.791
221.38,0.01791,1.791
221.39,0.01791,1.791
221.40,0.01791,1.791
221.41,0.01791,1.791
221.41,0.01791,1.791
221.42,0.01791,1.791
221.43,0.01791,1.791
221.44,0.01791,1.791
221.45,0.01791,1.791
221.46,0.01792,1.792
221.47,0.01792,1.792
221.48,0.01792,1.792
221.48,0.01792,1.792
221.49,0.01792,1.792
221.50,0.01792,1.792
221.51,0.01792,1.792
221.52,0.01792,1.792
221.53,0.01792,1.792
221.54,0.01792,1.792
221.55,0.01792,1.792
221.56,0.01792,1.792
221.56,0.01792,1.792
221.57,0.01792,1.792
221.58,0.01793,1.793
221.59,0.01793,1.793
221.60,0.01793,1.793
221.61,0.01793,1.793
221.62,0.01793,1.793
221.63,0.01793,1.793
221.64,0.01793,1.793
221.64,0.01793,1.793
221.65,0.01793,1.793
221.66,0.01793,1.793
221.67,0.01793,1.793
221.68,0.01793,1.793
221.69,0.01793,1.793
221.70,0.01793,1.793
221.71,0.01793,1.793
221.71,0.01794,1.794
221.72,0.01794,1.794
221.73,0.01794,1.794
221.74,0.01794,1.794
221.75,0.01794,1.794
221.76,0.01794,1.794
221.77,0.01794,1.794
221.78,0.01794,1.794
221.79,0.01794,1.794
221.79,0.01794,1.794
221.80,0.01794,1.794
221.81,0.01794,1.794
221.82,0.01794,1.794
221.83,0.01794,1.794
221.84,0.01794,1.794
221.85,0.01795,1.795
221.86,0.01795,1.795
221.86,0.01795,1.795
221.87,0.01795,1.795
221.88,0.01795,1.795
221.89,0.01795,1.795
221.90,0.01795,1.795
221.91,0.01795,1.795
221.92,0.01795,1.795
221.93,0.01795,1.795
221.94,0.01795,1.795
221.94,0.01795,1.795
221.95,0.01795,1.795
221.96,0.01795,1.795
221.97,0.01795,1.795
221.98,0.01796,1.796
221.99,0.01796,1.796
222.00,0.01796,1.796
222.01,0.01796,1.796
222.02,0.01796,1.796
222.02,0.01796,1.796
222.03,0.01796,1.796
222.04,0.01796,1.796
222.05,0.01796,1.796
222.06,0.01796,1.796
222.07,0.01796,1.796
222.08,0.01796,1.796
222.09,0.01796,1.796
222.09,0.01796,1.796
222.10,0.01796,1.796
222.11,0.01797,1.797
222.12,0.01797,1.797
222.13,0.01797,1.797
222.14,0.01797,1.797
222.15,0.01797,1.797
222.16,0.01797,1.797
222.17,0.01797,1.797
222.17,0.01797,1.797
222.18,0.01797,1.797
222.19,0.01797,1.797
222.20,0.01797,1.797
222.21,0.01797,1.797
222.22,0.01797,1.797
222.23,0.01797,1.797
222.24,0.01797,1.797
222.24,0.01798,1.798
222.25,0.01798,1.798
222.26,0.01798,1.798
222.27,0.01798,1.798
222.28,0.01798,1.798
222.29,0.01798,1.798
222.30,0.01798,1.798
222.31,0.01798,1.798
222.32,0.01798,1.798
222.32,0.01798,1.798
222.33,0.01798,1.798
222.34,0.01798,1.798
222.35,0.01798,1.798
222.36,0.01798,1.798
222.37,0.01798,1.798
222.38,0.01799,1.799
222.39,0.01799,1.799
222.39,0.01799,1.799
222.40,0.01799,1.799
222.41,0.01799,1.799
222.42,0.01799,1.799
222.43,0.01799,1.799
222.44,0.01799,1.799
222.45,0.01799,1.799
222.46,0.01799,1.799
222.47,0.01799,1.799
222.47,0.01799,1.799
222.48,0.01799,1.799
222.49,0.01799,1.799
222.50,0.01799,1.799
222.51,0.01800,1.800
222.52,0.01800,1.800
222.53,0.01800,1.800
222.54,0.01800,1.800
222.54,0.01800,1.800
222.55,0.01800,1.800
222.56,0.01800,1.800
222.57,0.01800,1.800
222.58,0.01800,1.800
222.59,0.01800,1.800
222.60,0.01800,1.800
222.61,0.01800,1.800
222.62,0.01800,1.800
222.62,0.01800,1.800
222.63,0.01800,1.800
222.64,0.01800,1.800
222.65,0.01801,1.801
222.66,0.01801,1.801
222.67,0.01801,1.801
222.68,0.01801,1.801
222.69,0.01801,1.801
222.69,0.01801,1.801
222.70,0.01801,1.801
222.71,0.01801,1.801
222.72,0.01801,1.801
222.73,0.01801,1.801
222.74,0.01801,1.801
222.75,0.01801,1.801
222.76,0.01801,1.801
222.77,0.01801,1.801
222.77,0.01801,1.801
222.78,0.01802,1.802
222.79,0.01802,1.802
222.80,0.01802,1.802
222.81,0.01802,1.802
222.82,0.01802,1.802
222.83,0.01802,1.802
222.84,0.01802,1.802
222.85,0.01802,1.802
222.85,0.01802,1.802
222.86,0.01802,1.802
222.87,0.01802,1.802
222.88,0.01802,1.802
222.89,0.01802,1.802
222.90,0.01802,1.802
222.91,0.01802,1.802
222.92,0.01802,1.802
222.92,0.01803,1.803
222.93,0.01803,1.803
222.94,0.01803,1.803
222.95,0.01803,1.803
222.96,0.01803,1.803
222.97,0.01803,1.803
222.98,0.01803,1.803
222.99,0.01803,1.803
223.00,0.01803,1.803
223.00,0.01803,1.803
223.01,0.01803,1.803
223.02,0.01803,1.803
223.03,0.01803,1.803
223.04,0.01803,1.803
223.05,0.01803,1.803
223.06,0.01804,1.804
223.07,0.01804,1.804
223.07,0.01804,1.804
223.08,0.01804,1.804
223.09,0.01804,1.804
223.10,0.01804,1.804
223.11,0.01804,1.804
223.12,0.01804,1.804
223.13,0.01804,1.804
223.14,0.01804,1.804
223.15,0.01804,1.804
223.15,0.01804,1.804
223.16,0.01804,1.804
223.17,0.01804,1.804
223.18,0.01804,1.804
223.19,0.01804,1.804
223.20,0.01805,1.805
223.21,0.01805,1.805
223.22,0.01805,1.805
223.22,0.01805,1.805
223.23,0.01805,1.805
223.24,0.01805,1.805
223.25,0.01805,1.805
223.26,0.01805,1.805
223.27,0.01805,1.805
223.28,0.01805,1.805
223.29,0.01805,1.805
223.30,0.01805,1.805
223.30,0.01805,1.805
223.31,0.01805,1.805
223.32,0.01805,1.805
223.33,0.01806,1.806
223.34,0.01806,1.806
223.35,0.01806,1.806
223.36,0.01806,1.806
223.37,0.01806,1.806
223.38,0.01806,1.806
223.38,0.01806,1.806
223.39,0.01806,1.806
223.40,0.01806,1.806
223.41,0.01806,1.806
223.42,0.01806,1.806
223.43,0.01806,1.806
223.44,0.01806,1.806
223.45,0.01806,1.806
223.45,0.01806,1.806
223.46,0.01806,1.806
223.47,0.01807,1.807
223.48,0.01807,1.807
223.49,0.01807,1.807
223.50,0.01807,1.807
223.51,0.01807,1.807
223.52,0.01807,1.807
223.53,0.01807,1.807
223.53,0.01807,1.807
223.54,0.01807,1.807
223.55,0.01807,1.807
223.56,0.01807,1.807
223.57,0.01807,1.807
223.58,0.01807,1.807
223.59,0.01807,1.807
223.60,0.01807,1.807
223.60,0.01807,1.807
223.61,0.01808,1.808
223.62,0.01808,1.808
223.63,0.01808,1.808
223.64,0.01808,1.808
223.65,0.01808,1.808
223.66,0.01808,1.808
223.67,0.01808,1.808
223.68,0.01808,1.808
223.68,0.01808,1.808
223.69,0.01808,1.808
223.70,0.01808,1.808
223.71,0.01808,1.808
223.72,0.01808,1.808
223.73,0.01808,1.808
223.74,0.01808,1.808
223.75,0.01808,1.808
223.75,0.01809,1.809
223.76,0.01809,1.809
223.77,0.01809,1.809
223.78,0.01809,1.809
223.79,0.01809,1.809
223.80,0.01809,1.809
223.81,0.01809,1.809
223.82,0.01809,1.809
223.83,0.01809,1.809
223.83,0.01809,1.809
223.84,0.01809,1.809
223.85,0.01809,1.809
223.86,0.01809,1.809
223.87,0.01809,1.809
223.88,0.01809,1.809
223.89,0.01810,1.810
223.90,0.01810,1.810
223.91,0.01810,1.810
223.91,0.01810,1.810
223.92,0.01810,1.810
223.93,0.01810,1.810
223.94,0.01810,1.810
223.95,0.01810,1.810
223.96,0.01810,1.810
223.97,0.01810,1.810
223.98,0.01810,1.810
223.98,0.01810,1.810
223.99,0.01810,1.810
224.00,0.01810,1.810
224.01,0.01810,1.810
224.02,0.01810,1.810
224.03,0.01811,1.811
224.04,0.01811,1.811
224.05,0.01811,1.811
224.06,0.01811,1.811
224.06,0.01811,1.811
224.07,0.01811,1.811
224.08,0.01811,1.811
224.09,0.01811,1.811
224.10,0.01811,1.811
224.11,0.01811,1.811
224.12,0.01811,1.811
224.13,0.01811,1.811
224.13,0.01811,1.811
224.14,0.01811,1.811
224.15,0.01811,1.811
224.16,0.01811,1.811
224.17,0.01812,1.812
224.18,0.01812,1.812
224.19,0.01812,1.812
224.20,0.01812,1.812
224.21,0.01812,1.812
224.21,0.01812,1.812
224.22,0.01812,1.812
224.23,0.01812,1.812
224.24,0.01812,1.812
224.25,0.01812,1.812
224.26,0.01812,1.812
224.27,0.01812,1.812
224.28,0.01812,1.812
224.28,0.01812,1.812
224.29,0.01812,1.812
224.30,0.01812,1.812
224.31,0.01813,1.813
224.32,0.01813,1.813
224.33,0.01813,1.813
224.34,0.01813,1.813
224.35,0.01813,1.813
224.36,0.01813,1.813
224.36,0.01813,1.813
224.37,0.01813,1.813
224.38,0.01813,1.813
224.39,0.01813,1.813
224.40,0.01813,1.813
224.41,0.01813,1.813
224.42,0.01813,1.813
224.43,0.01813,1.813
224.44,0.01813,1.813
224.44,0.01813,1.813
224.45,0.01814,1.814
224.46,0.01814,1.814
224.47,0.01814,1.814
224.48,0.01814,1.814
224.49,0.01814,1.814
224.50,0.01814,1.814
224.51,0.01814,1.814
224.51,0.01814,1.814
224.52,0.01814,1.814
224.53,0.01814,1.814
224.54,0.01814,1.814
224.55,0.01814,1.814
224.56,0.01814,1.814
224.57,0.01814,1.814
224.58,0.01814,1.814
224.59,0.01814,1.814
224.59,0.01815,1.815
224.60,0.01815,1.815
224.61,0.01815,1.815
224.62,0.01815,1.815
224.63,0.01815,1.815
224.64,0.01815,1.815
224.65,0.01815,1.815
224.66,0.01815,1.815
224.66,0.01815,1.815
224.67,0.01815,1.815
224.68,0.01815,1.815
224.69,0.01815,1.815
224.70,0.01815,1.815
224.71,0.01815,1.815
224.72,0.01815,1.815
224.73,0.01815,1.815
224.74,0.01816,1.816
224.74,0.01816,1.816
224.75,0.01816,1.816
224.76,0.01816,1.816
224.77,0.01816,1.816
224.78,0.01816,1.816
224.79,0.01816,1.816
224.80,0.01816,1.816
224.81,0.01816,1.816
224.81,0.01816,1.816
224.82,0.01816,1.816
224.83,0.01816,1.816
224.84,0.01816,1.816
224.85,0.01816,1.816
224.86,0.01816,1.816
224.87,0.01816,1.816
224.88,0.01817,1.817
224.89,0.01817,1.817
224.89,0.01817,1.817
224.90,0.01817,1.817
224.91,0.01817,1.817
224.92,0.01817,1.817
224.93,0.01817,1.817
224.94,0.01817,1.817
224.95,0.01817,1.817
224.96,0.01817,1.817
224.97,0.01817,1.817
224.97,0.01817,1.817
224.98,0.01817,1.817
224.99,0.01817,1.817
225.00,0.01817,1.817
225.01,0.01817,1.817
225.02,0.01817,1.817
225.03,0.01818,1.818
225.04,0.01818,1.818
225.04,0.01818,1.818
225.05,0.01818,1.818
225.06,0.01818,1.818
225.07,0.01818,1.818
225.08,0.01818,1.818
225.09,0.01818,1.818
225.10,0.01818,1.818
225.11,0.01818,1.818
225.12,0.01818,1.818
225.12,0.01818,1.818
225.13,0.01818,1.818
225.14,0.01818,1.818
225.15,0.01818,1.818
225.16,0.01818,1.818
225.17,0.01819,1.819
225.18,0.01819,1.819
225.19,0.01819,1.819
225.19,0.01819,1.819
225.20,0.01819,1.819
225.21,0.01819,1.819
225.22,0.01819,1.819
225.23,0.01819,1.819
225.24,0.01819,1.819
225.25,0.01819,1.819
225.26,0.01819,1.819
225.27,0.01819,1.819
225.27,0.01819,1.819
225.28,0.01819,1.819
225.29,0.01819,1.819
225.30,0.01819,1.819
225.31,0.01820,1.820
225.32,0.01820,1.820
225.33,0.01820,1.820
225.34,0.01820,1.820
225.34,0.01820,1.820
225.35,0.01820,1.820
225.36,0.01820,1.820
225.37,0.01820,1.820
225.38,0.01820,1.820
225.39,0.01820,1.820
225.40,0.01820,1.820
225.41,0.01820,1.820
225.42,0.01820,1.820
225.42,0.01820,1.820
225.43,0.01820,1.820
225.44,0.01820,1.820
225.45,0.01821,1.821
225.46,0.01821,1.821
225.47,0.01821,1.821
225.48,0.01821,1.821
225.49,0.01821,1.821
225.50,0.01821,1.821
225.50,0.01821,1.821
225.51,0.01821,1.821
225.52,0.01821,1.821
225.53,0.01821,1.821
225.54,0.01821,1.821
225.55,0.01821,1.821
225.56,0.01821,1.821
225.57,0.01821,1.821
225.57,0.01821,1.821
225.58,0.01821,1.821
225.59,0.01821,1.821
225.60,0.01822,1.822
225.61,0.01822,1.822
225.62,0.01822,1.822
225.63,0.01822,1.822
225.64,0.01822,1.822
225.65,0.01822,1.822
225.65,0.01822,1.822
225.66,0.01822,1.822
225.67,0.01822,1.822
225.68,0.01822,1.822
225.69,0.01822,1.822
225.70,0.01822,1.822
225.71,0.01822,1.822
225.72,0.01822,1.822
225.72,0.01822,1.822
225.73,0.01822,1.822
225.74,0.01823,1.823
225.75,0.01823,1.823
225.76,0.01823,1.823
225.77,0.01823,1.823
225.78,0.01823,1.823
225.79,0.01823,1.823
225.80,0.01823,1.823
225.80,0.01823,1.823
225.81,0.01823,1.823
225.82,0.01823,1.823
225.83,0.01823,1.823
225.84,0.01823,1.823
225.85,0.01823,1.823
225.86,0.01823,1.823
225.87,0.01823,1.823
225.87,0.01823,1.823
225.88,0.01823,1.823
225.89,0.01824,1.824
225.90,0.01824,1.824
225.91,0.01824,1.824
225.92,0.01824,1.824
225.93,0.01824,1.824
225.94,0.01824,1.824
225.95,0.01824,1.824
225.95,0.01824,1.824
225.96,0.01824,1.824
225.97,0.01824,1.824
225.98,0.01824,1.824
225.99,0.01824,1.824
226.00,0.01824,1.824
226.01,0.01824,1.824
226.02,0.01824,1.824
226.03,0.01824,1.824
226.03,0.01824,1.824
226.04,0.01825,1.825
226.05,0.01825,1.825
226.06,0.01825,1.825
226.07,0.01825,1.825
226.08,0.01825,1.825
226.09,0.01825,1.825
226.10,0.01825,1.825
226.10,0.01825,1.825
226.11,0.01825,1.825
226.12,0.01825,1.825
226.13,0.01825,1.825
226.14,0.01825,1.825
226.15,0.01825,1.825
226.16,0.01825,1.825
226.17,0.01825,1.825
226.18,0.01825,1.825
226.18,0.01826,1.826
226.19,0.01826,1.826
226.20,0.01826,1.826
226.21,0.01826,1.826
226.22,0.01826,1.826
226.23,0.01826,1.826
226.24,0.01826,1.826
226.25,0.01826,1.826
226.25,0.01826,1.826
226.26,0.01826,1.826
226.27,0.01826,1.826
226.28,0.01826,1.826
226.29,0.01826,1.826
226.30,0.01826,1.826
226.31,0.01826,1.826
226.32,0.01826,1.826
226.33,0.01826,1.826
226.33,0.01827,1.827
226.34,0.01827,1.827
226.35,0.01827,1.827
226.36,0.01827,1.827
226.37,0.01827,1.827
226.38,0.01827,1.827
226.39,0.01827,1.827
226.40,0.01827,1.827
226.41,0.01827,1.827
226.41,0.01827,1.827
226.42,0.01827,1.827
226.43,0.01827,1.827
226.44,0.01827,1.827
226.45,0.01827,1.827
226.46,0.01827,1.827
226.47,0.01827,1.827
226.48,0.01827,1.827
226.48,0.01828,1.828
226.49,0.01828,1.828
226.50,0.01828,1.828
226.51,0.01828,1.828
226.52,0.01828,1.828
226.53,0.01828,1.828
226.54,0.01828,1.828
226.55,0.01828,1.828
226.56,0.01828,1.828
226.56,0.01828,1.828
226.57,0.01828,1.828
226.58,0.01828,1.828
226.59,0.01828,1.828
226.60,0.01828,1.828
226.61,0.01828,1.828
226.62,0.01828,1.828
226.63,0.01828,1.828
226.64,0.01829,1.829
226.64,0.01829,1.829
226.65,0.01829,1.829
226.66,0.01829,1.829
226.67,0.01829,1.829
226.68,0.01829,1.829
226.69,0.01829,1.829
226.70,0.01829,1.829
226.71,0.01829,1.829
226.71,0.01829,1.829
226.72,0.01829,1.829
226.73,0.01829,1.829
226.74,0.01829,1.829
226.75,0.01829,1.829
226.76,0.01829,1.829
226.77,0.01829,1.829
226.78,0.01829,1.829
226.79,0.01830,1.830
226.79,0.01830,1.830
226.80,0.01830,1.830
226.81,0.01830,1.830
226.82,0.01830,1.830
226.83,0.01830,1.830
226.84,0.01830,1.830
226.85,0.01830,1.830
226.86,0.01830,1.830
226.86,0.01830,1.830
226.87,0.01830,1.830
226.88,0.01830,1.830
226.89,0.01830,1.830
226.90,0.01830,1.830
226.91,0.01830,1.830
226.92,0.01830,1.830
226.93,0.01830,1.830
226.94,0.01830,1.830
226.94,0.01831,1.831
226.95,0.01831,1.831
226.96,0.01831,1.831
226.97,0.01831,1.831
226.98,0.01831,1.831
226.99,0.01831,1.831
227.00,0.01831,1.831
227.01,0.01831,1.831
227.01,0.01831,1.831
227.02,0.01831,1.831
227.03,0.01831,1.831
227.04,0.01831,1.831
227.05,0.01831,1.831
227.06,0.01831,1.831
227.07,0.01831,1.831
227.08,0.01831,1.831
227.09,0.01831,1.831
227.09,0.01832,1.832
227.10,0.01832,1.832
227.11,0.01832,1.832
227.12,0.01832,1.832
227.13,0.01832,1.832
227.14,0.01832,1.832
227.15,0.01832,1.832
227.16,0.01832,1.832
227.16,0.01832,1.832
227.17,0.01832,1.832
227.18,0.01832,1.832
227.19,0.01832,1.832
227.20,0.01832,1.832
227.21,0.01832,1.832
227.22,0.01832,1.832
227.23,0.01832,1.832
227.24,0.01832,1.832
227.24,0.01832,1.832
227.25,0.01833,1.833
227.26,0.01833,1.833
227.27,0.01833,1.833
227.28,0.01833,1.833
227.29,0.01833,1.833
227.30,0.01833,1.833
227.31,0.01833,1.833
227.31,0.01833,1.833
227.32,0.01833,1.833
227.33,0.01833,1.833
227.34,0.01833,1.833
227.35,0.01833,1.833
227.36,0.01833,1.833
227.37,0.01833,1.833
227.38,0.01833,1.833
227.39,0.01833,1.833
227.39,0.01833,1.833
227.40,0.01833,1.833
227.41,0.01834,1.834
227.42,0.01834,1.834
227.43,0.01834,1.834
227.44,0.01834,1.834
227.45,0.01834,1.834
227.46,0.01834,1.834
227.46,0.01834,1.834
227.47,0.01834,1.834
227.48,0.01834,1.834
227.49,0.01834,1.834
227.50,0.01834,1.834
227.51,0.01834,1.834
227.52,0.01834,1.834
227.53,0.01834,1.834
227.54,0.01834,1.834
227.54,0.01834,1.834
227.55,0.01834,1.834
227.56,0.01835,1.835
227.57,0.01835,1.835
227.58,0.01835,1.835
227.59,0.01835,1.835
227.60,0.01835,1.835
227.61,0.01835,1.835
227.61,0.01835,1.835
227.62,0.01835,1.835
227.63,0.01835,1.835
227.64,0.01835,1.835
227.65,0.01835,1.835
227.66,0.01835,1.835
227.67,0.01835,1.835
227.68,0.01835,1.835
227.69,0.01835,1.835
227.69,0.01835,1.835
227.70,0.01835,1.835
227.71,0.01835,1.835
227.72,0.01836,1.836
227.73,0.01836,1.836
227.74,0.01836,1.836
227.75,0.01836,1.836
227.76,0.01836,1.836
227.76,0.01836,1.836
227.77,0.01836,1.836
227.78,0.01836,1.836
227.79,0.01836,1.836
227.80,0.01836,1.836
227.81,0.01836,1.836
227.82,0.01836,1.836
227.83,0.01836,1.836
227.84,0.01836,1.836
227.84,0.01836,1.836
227.85,0.01836,1.836
227.86,0.01836,1.836
227.87,0.01836,1.836
227.88,0.01837,1.837
227.89,0.01837,1.837
227.90,0.01837,1.837
227.91,0.01837,1.837
227.92,0.01837,1.837
227.92,0.01837,1.837
227.93,0.01837,1.837
227.94,0.01837,1.837
227.95,0.01837,1.837
227.96,0.01837,1.837
227.97,0.01837,1.837
227.98,0.01837,1.837
227.99,0.01837,1.837
227.99,0.01837,1.837
228.00,0.01837,1.837
228.01,0.01837,1.837
228.02,0.01837,1.837
228.03,0.01837,1.837
228.04,0.01838,1.838
228.05,0.01838,1.838
228.06,0.01838,1.838
228.07,0.01838,1.838
228.07,0.01838,1.838
228.08,0.01838,1.838
228.09,0.01838,1.838
228.10,0.01838,1.838
228.11,0.01838,1.838
228.12,0.01838,1.838
228.13,0.01838,1.838
228.14,0.01838,1.838
228.15,0.01838,1.838
228.15,0.01838,1.838
228.16,0.01838,1.838
228.17,0.01838,1.838
228.18,0.01838,1.838
228.19,0.01839,1.839
228.20,0.01839,1.839
228.21,0.01839,1.839
228.22,0.01839,1.839
228.22,0.01839,1.839
228.23,0.01839,1.839
228.24,0.01839,1.839
228.25,0.01839,1.839
228.26,0.01839,1.839
228.27,0.01839,1.839
228.28,0.01839,1.839
228.29,0.01839,1.839
228.30,0.01839,1.839
228.30,0.01839,1.839
228.31,0.01839,1.839
228.32,0.01839,1.839
228.33,0.01839,1.839
228.34,0.01839,1.839
228.35,0.01840,1.840
228.36,0.01840,1.840
228.37,0.01840,1.840
228.38,0.01840,1.840
228.38,0.01840,1.840
228.39,0.01840,1.840
228.40,0.01840,1.840
228.41,0.01840,1.840
228.42,0.01840,1.840
228.43,0.01840,1.840
228.44,0.01840,1.840
228.45,0.01840,1.840
228.45,0.01840,1.840
228.46,0.01840,1.840
228.47,0.01840,1.840
228.48,0.01840,1.840
228.49,0.01840,1.840
228.50,0.01840,1.840
228.51,0.01841,1.841
228.52,0.01841,1.841
228.53,0.01841,1.841
228.53,0.01841,1.841
228.54,0.01841,1.841
228.55,0.01841,1.841
228.56,0.01841,1.841
228.57,0.01841,1.841
228.58,0.01841,1.841
228.59,0.01841,1.841
228.60,0.01841,1.841
228.61,0.01841,1.841
228.61,0.01841,1.841
228.62,0.01841,1.841
228.63,0.01841,1.841
228.64,0.01841,1.841
228.65,0.01841,1.841
228.66,0.01841,1.841
228.67,0.01842,1.842
228.68,0.01842,1.842
228.68,0.01842,1.842
228.69,0.01842,1.842
228.70,0.01842,1.842
228.71,0.01842,1.842
228.72,0.01842,1.842
228.73,0.01842,1.842
228.74,0.01842,1.842
228.75,0.01842,1.842
228.76,0.01842,1.842
228.76,0.01842,1.842
228.77,0.01842,1.842
228.78,0.01842,1.842
228.79,0.01842,1.842
228.80,0.01842,1.842
228.81,0.01842,1.842
228.82,0.01842,1.842
228.83,0.01843,1.843
228.83,0.01843,1.843
228.84,0.01843,1.843
228.85,0.01843,1.843
228.86,0.01843,1.843
228.87,0.01843,1.843
228.88,0.01843,1.843
228.89,0.01843,1.843
228.90,0.01843,1.843
228.91,0.01843,1.843
228.91,0.01843,1.843
228.92,0.01843,1.843
228.93,0.01843,1.843
228.94,0.01843,1.843
228.95,0.01843,1.843
228.96,0.01843,1.843
228.97,0.01843,1.843
228.98,0.01843,1.843
228.98,0.01844,1.844
228.99,0.01844,1.844
229.00,0.01844,1.844
229.01,0.01844,1.844
229.02,0.01844,1.844
229.03,0.01844,1.844
229.04,0.01844,1.844
229.05,0.01844,1.844
229.06,0.01844,1.844
229.06,0.01844,1.844
229.07,0.01844,1.844
229.08,0.01844,1.844
229.09,0.01844,1.844
229.10,0.01844,1.844
229.11,0.01844,1.844
229.12,0.01844,1.844
229.13,0.01844,1.844
229.14,0.01844,1.844
229.14,0.01844,1.844
229.15,0.01845,1.845
229.16,0.01845,1.845
229.17,0.01845,1.845
229.18,0.01845,1.845
229.19,0.01845,1.845
229.20,0.01845,1.845
229.21,0.01845,1.845
229.21,0.01845,1.845
229.22,0.01845,1.845
229.23,0.01845,1.845
229.24,0.01845,1.845
229.25,0.01845,1.845
229.26,0.01845,1.845
229.27,0.01845,1.845
229.28,0.01845,1.845
229.29,0.01845,1.845
229.29,0.01845,1.845
229.30,0.01845,1.845
229.31,0.01846,1.846
229.32,0.01846,1.846
229.33,0.01846,1.846
229.34,0.01846,1.846
229.35,0.01846,1.846
229.36,0.01846,1.846
229.36,0.01846,1.846
229.37,0.01846,1.846
229.38,0.01846,1.846
229.39,0.01846,1.846
229.40,0.01846,1.846
229.41,0.01846,1.846
229.42,0.01846,1.846
229.43,0.01846,1.846
229.44,0.01846,1.846
229.44,0.01846,1.846
229.45,0.01846,1.846
229.46,0.01846,1.846
229.47,0.01847,1.847
229.48,0.01847,1.847
229.49,0.01847,1.847
229.50,0.01847,1.847
229.51,0.01847,1.847
229.51,0.01847,1.847
229.52,0.01847,1.847
229.53,0.01847,1.847
229.54,0.01847,1.847
229.55,0.01847,1.847
229.56,0.01847,1.847
229.57,0.01847,1.847
229.58,0.01847,1.847
229.59,0.01847,1.847
229.59,0.01847,1.847
229.60,0.01847,1.847
229.61,0.01847,1.847
229.62,0.01847,1.847
229.63,0.01847,1.847
229.64,0.01848,1.848
229.65,0.01848,1.848
229.66,0.01848,1.848
229.67,0.01848,1.848
229.67,0.01848,1.848
229.68,0.01848,1.848
229.69,0.01848,1.848
229.70,0.01848,1.848
229.71,0.01848,1.848
229.72,0.01848,1.848
229.73,0.01848,1.848
229.74,0.01848,1.848
229.74,0.01848,1.848
229.75,0.01848,1.848
229.76,0.01848,1.848
229.77,0.01848,1.848
229.78,0.01848,1.848
229.79,0.01848,1.848
229.80,0.01848,1.848
229.81,0.01849,1.849
229.82,0.01849,1.849
229.82,0.01849,1.849
229.83,0.01849,1.849
229.84,0.01849,1.849
229.85,0.01849,1.849
229.86,0.01849,1.849
229.87,0.01849,1.849
229.88,0.01849,1.849
229.89,0.01849,1.849
229.89,0.01849,1.849
229.90,0.01849,1.849
229.91,0.01849,1.849
229.92,0.01849,1.849
229.93,0.01849,1.849
229.94,0.01849,1.849
229.95,0.01849,1.849
229.96,0.01849,1.849
229.97,0.01850,1.850
229.97,0.01850,1.850
229.98,0.01850,1.850
229.99,0.01850,1.850
230.00,0.01850,1.850
230.01,0.01850,1.850
230.02,0.01850,1.850
230.03,0.01850,1.850
230.04,0.01850,1.850
230.05,0.01850,1.850
230.05,0.01850,1.850
230.06,0.01850,1.850
230.07,0.01850,1.850
230.08,0.01850,1.850
230.09,0.01850,1.850
230.10,0.01850,1.850
230.11,0.01850,1.850
230.12,0.01850,1.850
230.12,0.01850,1.850
230.13,0.01851,1.851
230.14,0.01851,1.851
230.15,0.01851,1.851
230.16,0.01851,1.851
230.17,0.01851,1.851
230.18,0.01851,1.851
230.19,0.01851,1.851
230.20,0.01851,1.851
230.20,0.01851,1.851
230.21,0.01851,1.851
230.22,0.01851,1.851
230.23,0.01851,1.851
230.24,0.01851,1.851
230.25,0.01851,1.851
230.26,0.01851,1.851
230.27,0.01851,1.851
230.28,0.01851,1.851
230.28,0.01851,1.851
230.29,0.01851,1.851
230.30,0.01852,1.852
230.31,0.01852,1.852
230.32,0.01852,1.852
230.33,0.01852,1.852
230.34,0.01852,1.852
230.35,0.01852,1.852
230.35,0.01852,1.852
230.36,0.01852,1.852
230.37,0.01852,1.852
230.38,0.01852,1.852
230.39,0.01852,1.852
230.40,0.01852,1.852
230.41,0.01852,1.852
230.42,0.01852,1.852
230.43,0.01852,1.852
230.43,0.01852,1.852
230.44,0.01852,1.852
230.45,0.01852,1.852
230.46,0.01852,1.852
230.47,0.01853,1.853
230.48,0.01853,1.853
230.49,0.01853,1.853
230.50,0.01853,1.853
230.50,0.01853,1.853
230.51,0.01853,1.853
230.52,0.01853,1.853
230.53,0.01853,1.853
230.54,0.01853,1.853
230.55,0.01853,1.853
230.56,0.01853,1.853
230.57,0.01853,1.853
230.58,0.01853,1.853
230.58,0.01853,1.853
230.59,0.01853,1.853
230.60,0.01853,1.853
230.61,0.01853,1.853
230.62,0.01853,1.853
230.63,0.01853,1.853
230.64,0.01854,1.854
230.65,0.01854,1.854
230.65,0.01854,1.854
230.66,0.01854,1.854
230.67,0.01854,1.854
230.68,0.01854,1.854
230.69,0.01854,1.854
230.70,0.01854,1.854
230.71,0.01854,1.854
230.72,0.01854,1.854
230.73,0.01854,1.854
230.73,0.01854,1.854
230.74,0.01854,1.854
230.75,0.01854,1.854
230.76,0.01854,1.854
230.77,0.01854,1.854
230.78,0.01854,1.854
230.79,0.01854,1.854
230.80,0.01854,1.854
230.81,0.01855,1.855
230.81,0.01855,1.855
230.82,0.01855,1.855
230.83,0.01855,1.855
230.84,0.01855,1.855
230.85,0.01855,1.855
230.86,0.01855,1.855
230.87,0.01855,1.855
230.88,0.01855,1.855
230.88,0.01855,1.855
230.89,0.01855,1.855
230.90,0.01855,1.855
230.91,0.01855,1.855
230.92,0.01855,1.855
230.93,0.01855,1.855
230.94,0.01855,1.855
230.95,0.01855,1.855
230.96,0.01855,1.855
230.96,0.01855,1.855
230.97,0.01856,1.856
230.98,0.01856,1.856
230.99,0.01856,1.856
231.00,0.01856,1.856
231.01,0.01856,1.856
231.02,0.01856,1.856
231.03,0.01856,1.856
231.03,0.01856,1.856
231.04,0.01856,1.856
231.05,0.01856,1.856
231.06,0.01856,1.856
231.07,0.01856,1.856
231.08,0.01856,1.856
231.09,0.01856,1.856
231.10,0.01856,1.856
231.11,0.01856,1.856
231.11,0.01856,1.856
231.12,0.01856,1.856
231.13,0.01856,1.856
231.14,0.01856,1.856
231.15,0.01857,1.857
231.16,0.01857,1.857
231.17,0.01857,1.857
231.18,0.01857,1.857
231.19,0.01857,1.857
231.19,0.01857,1.857
231.20,0.01857,1.857
231.21,0.01857,1.857
231.22,0.01857,1.857
231.23,0.01857,1.857
231.24,0.01857,1.857
231.25,0.01857,1.857
231.26,0.01857,1.857
231.26,0.01857,1.857
231.27,0.01857,1.857
231.28,0.01857,1.857
231.29,0.01857,1.857
231.30,0.01857,1.857
231.31,0.01857,1.857
231.32,0.01858,1.858
231.33,0.01858,1.858
231.34,0.01858,1.858
231.34,0.01858,1.858
231.35,0.01858,1.858
231.36,0.01858,1.858
231.37,0.01858,1.858
231.38,0.01858,1.858
231.39,0.01858,1.858
231.40,0.01858,1.858
231.41,0.01858,1.858
231.42,0.01858,1.858
231.42,0.01858,1.858
231.43,0.01858,1.858
231.44,0.01858,1.858
231.45,0.01858,1.858
231.46,0.01858,1.858
231.47,0.01858,1.858
231.48,0.01858,1.858
231.49,0.01858,1.858
231.49,0.01859,1.859
231.50,0.01859,1.859
231.51,0.01859,1.859
231.52,0.01859,1.859
231.53,0.01859,1.859
231.54,0.01859,1.859
231.55,0.01859,1.859
231.56,0.01859,1.859
231.57,0.01859,1.859
231.57,0.01859,1.859
231.58,0.01859,1.859
231.59,0.01859,1.859
231.60,0.01859,1.859
231.61,0.01859,1.859
231.62,0.01859,1.859
231.63,0.01859,1.859
231.64,0.01859,1.859
231.65,0.01859,1.859
231.65,0.01859,1.859
231.66,0.01860,1.860
231.67,0.01860,1.860
231.68,0.01860,1.860
231.69,0.01860,1.860
231.70,0.01860,1.860
231.71,0.01860,1.860
231.72,0.01860,1.860
231.72,0.01860,1.860
231.73,0.01860,1.860
231.74,0.01860,1.860
231.75,0.01860,1.860
231.76,0.01860,1.860
231.77,0.01860,1.860
231.78,0.01860,1.860
231.79,0.01860,1.860
231.80,0.01860,1.860
231.80,0.01860,1.860
231.81,0.01860,1.860
231.82,0.01860,1.860
231.83,0.01860,1.860
231.84,0.01861,1.861
231.85,0.01861,1.861
231.86,0.01861,1.861
231.87,0.01861,1.861
231.87,0.01861,1.861
231.88,0.01861,1.861
231.89,0.01861,1.861
231.90,0.01861,1.861
231.91,0.01861,1.861
231.92,0.01861,1.861
231.93,0.01861,1.861
231.94,0.01861,1.861
231.95,0.01861,1.861
231.95,0.01861,1.861
231.96,0.01861,1.861
231.97,0.01861,1.861
231.98,0.01861,1.861
231.99,0.01861,1.861
232.00,0.01861,1.861
232.01,0.01861,1.861
232.02,0.01862,1.862
232.03,0.01862,1.862
232.03,0.01862,1.862
232.04,0.01862,1.862
232.05,0.01862,1.862
232.06,0.01862,1.862
232.07,0.01862,1.862
232.08,0.01862,1.862
232.09,0.01862,1.862
232.10,0.01862,1.862
232.10,0.01862,1.862
232.11,0.01862,1.862
232.12,0.01862,1.862
232.13,0.01862,1.862
232.14,0.01862,1.862
232.15,0.01862,1.862
232.16,0.01862,1.862
232.17,0.01862,1.862
232.18,0.01862,1.862
232.18,0.01862,1.862
232.19,0.01863,1.863
232.20,0.01863,1.863
232.21,0.01863,1.863
232.22,0.01863,1.863
232.23,0.01863,1.863
232.24,0.01863,1.863
232.25,0.01863,1.863
232.25,0.01863,1.863
232.26,0.01863,1.863
232.27,0.01863,1.863
232.28,0.01863,1.863
232.29,0.01863,1.863
232.30,0.01863,1.863
232.31,0.01863,1.863
232.32,0.01863,1.863
232.33,0.01863,1.863
232.33,0.01863,1.863
232.34,0.01863,1.863
232.35,0.01863,1.863
232.36,0.01863,1.863
232.37,0.01863,1.863
232.38,0.01864,1.864
232.39,0.01864,1.864
232.40,0.01864,1.864
232.40,0.01864,1.864
232.41,0.01864,1.864
232.42,0.01864,1.864
232.43,0.01864,1.864
232.44,0.01864,1.864
232.45,0.01864,1.864
232.46,0.01864,1.864
232.47,0.01864,1.864
232.48,0.01864,1.864
232.48,0.01864,1.864
232.49,0.01864,1.864
232.50,0.01864,1.864
232.51,0.01864,1.864
232.52,0.01864,1.864
232.53,0.01864,1.864
232.54,0.01864,1.864
232.55,0.01864,1.864
232.55,0.01865,1.865
232.56,0.01865,1.865
232.57,0.01865,1.865
232.58,0.01865,1.865
232.59,0.01865,1.865
232.60,0.01865,1.865
232.61,0.01865,1.865
232.62,0.01865,1.865
232.63,0.01865,1.865
232.63,0.01865,1.865
232.64,0.01865,1.865
232.65,0.01865,1.865
232.66,0.01865,1.865
232.67,0.01865,1.865
232.68,0.01865,1.865
232.69,0.01865,1.865
232.70,0.01865,1.865
232.71,0.01865,1.865
232.71,0.01865,1.865
232.72,0.01865,1.865
232.73,0.01865,1.865
232.74,0.01866,1.866
232.75,0.01866,1.866
232.76,0.01866,1.866
232.77,0.01866,1.866
232.78,0.01866,1.866
232.78,0.01866,1.866
232.79,0.01866,1.866
232.80,0.01866,1.866
232.81,0.01866,1.866
232.82,0.01866,1.866
232.83,0.01866,1.866
232.84,0.01866,1.866
232.85,0.01866,1.866
232.86,0.01866,1.866
232.86,0.01866,1.866
232.87,0.01866,1.866
232.88,0.01866,1.866
232.89,0.01866,1.866
232.90,0.01866,1.866
232.91,0.01866,1.866
232.92,0.01866,1.866
232.93,0.01867,1.867
232.94,0.01867,1.867
232.94,0.01867,1.867
232.95,0.01867,1.867
232.96,0.01867,1.867
232.97,0.01867,1.867
232.98,0.01867,1.867
232.99,0.01867,1.867
233.00,0.01867,1.867
233.01,0.01867,1.867
233.01,0.01867,1.867
233.02,0.01867,1.867
233.03,0.01867,1.867
233.04,0.01867,1.867
233.05,0.01867,1.867
233.06,0.01867,1.867
233.07,0.01867,1.867
233.08,0.01867,1.867
233.09,0.01867,1.867
233.09,0.01867,1.867
233.10,0.01867,1.867
233.11,0.01868,1.868
233.12,0.01868,1.868
233.13,0.01868,1.868
233.14,0.01868,1.868
233.15,0.01868,1.868
233.16,0.01868,1.868
233.17,0.01868,1.868
233.17,0.01868,1.868
233.18,0.01868,1.868
233.19,0.01868,1.868
233.20,0.01868,1.868
233.21,0.01868,1.868
233.22,0.01868,1.868
233.23,0.01868,1.868
233.24,0.01868,1.868
233.24,0.01868,1.868
233.25,0.01868,1.868
233.26,0.01868,1.868
233.27,0.01868,1.868
233.28,0.01868,1.868
233.29,0.01868,1.868
233.30,0.01869,1.869
233.31,0.01869,1.869
233.32,0.01869,1.869
233.32,0.01869,1.869
233.33,0.01869,1.869
233.34,0.01869,1.869
233.35,0.01869,1.869
233.36,0.01869,1.869
233.37,0.01869,1.869
233.38,0.01869,1.869
233.39,0.01869,1.869
233.40,0.01869,1.869
233.40,0.01869,1.869
233.41,0.01869,1.869
233.42,0.01869,1.869
233.43,0.01869,1.869
233.44,0.01869,1.869
233.45,0.01869,1.869
233.46,0.01869,1.869
233.47,0.01869,1.869
233.47,0.01869,1.869
233.48,0.01870,1.870
233.49,0.01870,1.870
233.50,0.01870,1.870
233.51,0.01870,1.870
233.52,0.01870,1.870
233.53,0.01870,1.870
233.54,0.01870,1.870
233.55,0.01870,1.870
233.55,0.01870,1.870
233.56,0.01870,1.870
233.57,0.01870,1.870
233.58,0.01870,1.870
233.59,0.01870,1.870
233.60,0.01870,1.870
233.61,0.01870,1.870
233.62,0.01870,1.870
233.63,0.01870,1.870
233.63,0.01870,1.870
233.64,0.01870,1.870
233.65,0.01870,1.870
233.66,0.01870,1.870
233.67,0.01870,1.870
233.68,0.01871,1.871
233.69,0.01871,1.871
233.70,0.01871,1.871
233.70,0.01871,1.871
233.71,0.01871,1.871
233.72,0.01871,1.871
233.73,0.01871,1.871
233.74,0.01871,1.871
233.75,0.01871,1.871
233.76,0.01871,1.871
233.77,0.01871,1.871
233.78,0.01871,1.871
233.78,0.01871,1.871
233.79,0.01871,1.871
233.80,0.01871,1.871
233.81,0.01871,1.871
233.82,0.01871,1.871
233.83,0.01871,1.871
233.84,0.01871,1.871
233.85,0.01871,1.871
233.86,0.01871,1.871
233.86,0.01872,1.872
233.87,0.01872,1.872
233.88,0.01872,1.872
233.89,0.01872,1.872
233.90,0.01872,1.872
233.91,0.01872,1.872
233.92,0.01872,1.872
233.93,0.01872,1.872
233.93,0.01872,1.872
233.94,0.01872,1.872
233.95,0.01872,1.872
233.96,0.01872,1.872
233.97,0.01872,1.872
233.98,0.01872,1.872
233.99,0.01872,1.872
234.00,0.01872,1.872
234.01,0.01872,1.872
234.01,0.01872,1.872
234.02,0.01872,1.872
234.03,0.01872,1.872
234.04,0.01872,1.872
234.05,0.01872,1.872
234.06,0.01873,1.873
234.07,0.01873,1.873
234.08,0.01873,1.873
234.08,0.01873,1.873
234.09,0.01873,1.873
234.10,0.01873,1.873
234.11,0.01873,1.873
234.12,0.01873,1.873
234.13,0.01873,1.873
234.14,0.01873,1.873
234.15,0.01873,1.873
234.16,0.01873,1.873
234.16,0.01873,1.873
234.17,0.01873,1.873
234.18,0.01873,1.873
234.19,0.01873,1.873
234.20,0.01873,1.873
234.21,0.01873,1.873
234.22,0.01873,1.873
234.23,0.01873,1.873
234.24,0.01873,1.873
234.24,0.01873,1.873
234.25,0.01874,1.874
234.26,0.01874,1.874
234.27,0.01874,1.874
234.28,0.01874,1.874
234.29,0.01874,1.874
234.30,0.01874,1.874
234.31,0.01874,1.874
234.31,0.01874,1.874
234.32,0.01874,1.874
234.33,0.01874,1.874
234.34,0.01874,1.874
234.35,0.01874,1.874
234.36,0.01874,1.874
234.37,0.01874,1.874
234.38,0.01874,1.874
234.39,0.01874,1.874
234.39,0.01874,1.874
234.40,0.01874,1.874
234.41,0.01874,1.874
234.42,0.01874,1.874
234.43,0.01874,1.874
234.44,0.01874,1.874
234.45,0.01875,1.875
234.46,0.01875,1.875
234.46,0.01875,1.875
234.47,0.01875,1.875
234.48,0.01875,1.875
234.49,0.01875,1.875
234.50,0.01875,1.875
234.51,0.01875,1.875
234.52,0.01875,1.875
234.53,0.01875,1.875
234.54,0.01875,1.875
234.54,0.01875,1.875
234.55,0.01875,1.875
234.56,0.01875,1.875
234.57,0.01875,1.875
234.58,0.01875,1.875
234.59,0.01875,1.875
234.60,0.01875,1.875
234.61,0.01875,1.875
234.62,0.01875,1.875
234.62,0.01875,1.875
234.63,0.01875,1.875
234.64,0.01876,1.876
234.65,0.01876,1.876
234.66,0.01876,1.876
234.67,0.01876,1.876
234.68,0.01876,1.876
234.69,0.01876,1.876
234.69,0.01876,1.876
234.70,0.01876,1.876
234.71,0.01876,1.876
234.72,0.01876,1.876
234.73,0.01876,1.876
234.74,0.01876,1.876
234.75,0.01876,1.876
234.76,0.01876,1.876
234.77,0.01876,1.876
234.77,0.01876,1.876
234.78,0.01876,1.876
234.79,0.01876,1.876
234.80,0.01876,1.876
234.81,0.01876,1.876
234.82,0.01876,1.876
234.83,0.01876,1.876
234.84,0.01876,1.876
234.85,0.01877,1.877
234.85,0.01877,1.877
234.86,0.01877,1.877
234.87,0.01877,1.877
234.88,0.01877,1.877
234.89,0.01877,1.877
234.90,0.01877,1.877
234.91,0.01877,1.877
234.92,0.01877,1.877
234.92,0.01877,1.877
234.93,0.01877,1.877
234.94,0.01877,1.877
234.95,0.01877,1.877
234.96,0.01877,1.877
234.97,0.01877,1.877
234.98,0.01877,1.877
234.99,0.01877,1.877
235.00,0.01877,1.877
235.00,0.01877,1.877
235.01,0.01877,1.877
235.02,0.01877,1.877
235.03,0.01877,1.877
235.04,0.01877,1.877
235.05,0.01878,1.878
235.06,0.01878,1.878
235.07,0.01878,1.878
235.07,0.01878,1.878
235.08,0.01878,1.878
235.09,0.01878,1.878
235.10,0.01878,1.878
235.11,0.01878,1.878
235.12,0.01878,1.878
235.13,0.01878,1.878
235.14,0.01878,1.878
235.15,0.01878,1.878
235.15,0.01878,1.878
235.16,0.01878,1.878
235.17,0.01878,1.878
235.18,0.01878,1.878
235.19,0.01878,1.878
235.20,0.01878,1.878
235.21,0.01878,1.878
235.22,0.01878,1.878
235.23,0.01878,1.878
235.23,0.01878,1.878
235.24,0.01878,1.878
235.25,0.01879,1.879
235.26,0.01879,1.879
235.27,0.01879,1.879
235.28,0.01879,1.879
235.29,0.01879,1.879
235.30,0.01879,1.879
235.30,0.01879,1.879
235.31,0.01879,1.879
235.32,0.01879,1.879
235.33,0.01879,1.879
235.34,0.01879,1.879
235.35,0.01879,1.879
235.36,0.01879,1.879
235.37,0.01879,1.879
235.38,0.01879,1.879
235.38,0.01879,1.879
235.39,0.01879,1.879
235.40,0.01879,1.879
235.41,0.01879,1.879
235.42,0.01879,1.879
235.43,0.01879,1.879
235.44,0.01879,1.879
235.45,0.01879,1.879
235.45,0.01880,1.880
235.46,0.01880,1.880
235.47,0.01880,1.880
235.48,0.01880,1.880
235.49,0.01880,1.880
235.50,0.01880,1.880
235.51,0.01880,1.880
235.52,0.01880,1.880
235.53,0.01880,1.880
235.53,0.01880,1.880
235.54,0.01880,1.880
235.55,0.01880,1.880
235.56,0.01880,1.880
235.57,0.01880,1.880
235.58,0.01880,1.880
235.59,0.01880,1.880
235.60,0.01880,1.880
235.61,0.01880,1.880
235.61,0.01880,1.880
235.62,0.01880,1.880
235.63,0.01880,1.880
235.64,0.01880,1.880
235.65,0.01880,1.880
235.66,0.01881,1.881
235.67,0.01881,1.881
235.68,0.01881,1.881
235.68,0.01881,1.881
235.69,0.01881,1.881
235.70,0.01881,1.881
235.71,0.01881,1.881
235.72,0.01881,1.881
235.73,0.01881,1.881
235.74,0.01881,1.881
235.75,0.01881,1.881
235.76,0.01881,1.881
235.76,0.01881,1.881
235.77,0.01881,1.881
235.78,0.01881,1.881
235.79,0.01881,1.881
235.80,0.01881,1.881
235.81,0.01881,1.881
235.82,0.01881,1.881
235.83,0.01881,1.881
235.84,0.01881,1.881
235.84,0.01881,1.881
235.85,0.01881,1.881
235.86,0.01881,1.881
235.87,0.01882,1.882
235.88,0.01882,1.882
235.89,0.01882,1.882
235.90,0.01882,1.882
235.91,0.01882,1.882
235.92,0.01882,1.882
235.92,0.01882,1.882
235.93,0.01882,1.882
235.94,0.01882,1.882
235.95,0.01882,1.882
235.96,0.01882,1.882
235.97,0.01882,1.882
235.98,0.01882,1.882
235.99,0.01882,1.882
235.99,0.01882,1.882
236.00,0.01882,1.882
236.01,0.01882,1.882
236.02,0.01882,1.882
236.03,0.01882,1.882
236.04,0.01882,1.882
236.05,0.01882,1.882
236.06,0.01882,1.882
236.07,0.01882,1.882
236.07,0.01882,1.882
236.08,0.01883,1.883
236.09,0.01883,1.883
236.10,0.01883,1.883
236.11,0.01883,1.883
236.12,0.01883,1.883
236.13,0.01883,1.883
236.14,0.01883,1.883
236.15,0.01883,1.883
236.15,0.01883,1.883
236.16,0.01883,1.883
236.17,0.01883,1.883
236.18,0.01883,1.883
236.19,0.01883,1.883
236.20,0.01883,1.883
236.21,0.01883,1.883
236.22,0.01883,1.883
236.22,0.01883,1.883
236.23,0.01883,1.883
236.24,0.01883,1.883
236.25,0.01883,1.883
236.26,0.01883,1.883
236.27,0.01883,1.883
236.28,0.01883,1.883
236.29,0.01883,1.883
236.30,0.01884,1.884
236.30,0.01884,1.884
236.31,0.01884,1.884
236.32,0.01884,1.884
236.33,0.01884,1.884
236.34,0.01884,1.884
236.35,0.01884,1.884
236.36,0.01884,1.884
236.37,0.01884,1.884
236.38,0.01884,1.884
236.38,0.01884,1.884
236.39,0.01884,1.884
236.40,0.01884,1.884
236.41,0.01884,1.884
236.42,0.01884,1.884
236.43,0.01884,1.884
236.44,0.01884,1.884
236.45,0.01884,1.884
236.45,0.01884,1.884
236.46,0.01884,1.884
236.47,0.01884,1.884
236.48,0.01884,1.884
236.49,0.01884,1.884
236.50,0.01884,1.884
236.51,0.01884,1.884
236.52,0.01885,1.885
236.53,0.01885,1.885
236.53,0.01885,1.885
236.54,0.01885,1.885
236.55,0.01885,1.885
236.56,0.01885,1.885
236.57,0.01885,1.885
236.58,0.01885,1.885
236.59,0.01885,1.885
236.60,0.01885,1.885
236.61,0.01885,1.885
236.61,0.01885,1.885
236.62,0.01885,1.885
236.63,0.01885,1.885
236.64,0.01885,1.885
236.65,0.01885,1.885
236.66,0.01885,1.885
236.67,0.01885,1.885
236.68,0.01885,1.885
236.68,0.01885,1.885
236.69,0.01885,1.885
236.70,0.01885,1.885
236.71,0.01885,1.885
236.72,0.01885,1.885
236.73,0.01886,1.886
236.74,0.01886,1.886
236.75,0.01886,1.886
236.76,0.01886,1.886
236.76,0.01886,1.886
236.77,0.01886,1.886
236.78,0.01886,1.886
236.79,0.01886,1.886
236.80,0.01886,1.886
236.81,0.01886,1.886
236.82,0.01886,1.886
236.83,0.01886,1.886
236.83,0.01886,1.886
236.84,0.01886,1.886
236.85,0.01886,1.886
236.86,0.01886,1.886
236.87,0.01886,1.886
236.88,0.01886,1.886
236.89,0.01886,1.886
236.90,0.01886,1.886
236.91,0.01886,1.886
236.91,0.01886,1.886
236.92,0.01886,1.886
236.93,0.01886,1.886
236.94,0.01886,1.886
236.95,0.01887,1.887
236.96,0.01887,1.887
236.97,0.01887,1.887
236.98,0.01887,1.887
236.99,0.01887,1.887
236.99,0.01887,1.887
237.00,0.01887,1.887
237.01,0.01887,1.887
237.02,0.01887,1.887
237.03,0.01887,1.887
237.04,0.01887,1.887
237.05,0.01887,1.887
237.06,0.01887,1.887
237.06,0.01887,1.887
237.07,0.01887,1.887
237.08,0.01887,1.887
237.09,0.01887,1.887
237.10,0.01887,1.887
237.11,0.01887,1.887
237.12,0.01887,1.887
237.13,0.01887,1.887
237.14,0.01887,1.887
237.14,0.01887,1.887
237.15,0.01887,1.887
237.16,0.01888,1.888
237.17,0.01888,1.888
237.18,0.01888,1.888
237.19,0.01888,1.888
237.20,0.01888,1.888
237.21,0.01888,1.888
237.21,0.01888,1.888
237.22,0.01888,1.888
237.23,0.01888,1.888
237.24,0.01888,1.888
237.25,0.01888,1.888
237.26,0.01888,1.888
237.27,0.01888,1.888
237.28,0.01888,1.888
237.29,0.01888,1.888
237.29,0.01888,1.888
237.30,0.01888,1.888
237.31,0.01888,1.888
237.32,0.01888,1.888
237.33,0.01888,1.888
237.34,0.01888,1.888
237.35,0.01888,1.888
237.36,0.01888,1.888
237.37,0.01888,1.888
237.37,0.01888,1.888
237.38,0.01889,1.889
237.39,0.01889,1.889
237.40,0.01889,1.889
237.41,0.01889,1.889
237.42,0.01889,1.889
237.43,0.01889,1.889
237.44,0.01889,1.889
237.45,0.01889,1.889
237.45,0.01889,1.889
237.46,0.01889,1.889
237.47,0.01889,1.889
237.48,0.01889,1.889
237.49,0.01889,1.889
237.50,0.01889,1.889
237.51,0.01889,1.889
237.52,0.01889,1.889
237.52,0.01889,1.889
237.53,0.01889,1.889
237.54,0.01889,1.889
237.55,0.01889,1.889
237.56,0.01889,1.889
237.57,0.01889,1.889
237.58,0.01889,1.889
237.59,0.01889,1.889
237.60,0.01889,1.889
237.60,0.01890,1.890
237.61,0.01890,1.890
237.62,0.01890,1.890
237.63,0.01890,1.890
237.64,0.01890,1.890
237.65,0.01890,1.890
237.66,0.01890,1.890
237.67,0.01890,1.890
237.68,0.01890,1.890
237.68,0.01890,1.890
237.69,0.01890,1.890
237.70,0.01890,1.890
237.71,0.01890,1.890
237.72,0.01890,1.890
237.73,0.01890,1.890
237.74,0.01890,1.890
237.75,0.01890,1.890
237.75,0.01890,1.890
237.76,0.01890,1.890
237.77,0.01890,1.890
237.78,0.01890,1.890
237.79,0.01890,1.890
237.80,0.01890,1.890
237.81,0.01890,1.890
237.82,0.01890,1.890
237.83,0.01890,1.890
237.83,0.01891,1.891
237.84,0.01891,1.891
237.85,0.01891,1.891
237.86,0.01891,1.891
237.87,0.01891,1.891
237.88,0.01891,1.891
237.89,0.01891,1.891
237.90,0.01891,1.891
237.91,0.01891,1.891
237.91,0.01891,1.891
237.92,0.01891,1.891
237.93,0.01891,1.891
237.94,0.01891,1.891
237.95,0.01891,1.891
237.96,0.01891,1.891
237.97,0.01891,1.891
237.98,0.01891,1.891
237.99,0.01891,1.891
237.99,0.01891,1.891
238.00,0.01891,1.891
238.01,0.01891,1.891
238.02,0.01891,1.891
238.03,0.01891,1.891
238.04,0.01891,1.891
238.05,0.01891,1.891
238.06,0.01891,1.891
238.06,0.01892,1.892
238.07,0.01892,1.892
238.08,0.01892,1.892
238.09,0.01892,1.892
238.10,0.01892,1.892
238.11,0.01892,1.892
238.12,0.01892,1.892
238.13,0.01892,1.892
238.14,0.01892,1.892
238.14,0.01892,1.892
238.15,0.01892,1.892
238.16,0.01892,1.892
238.17,0.01892,1.892
238.18,0.01892,1.892
238.19,0.01892,1.892
238.20,0.01892,1.892
238.21,0.01892,1.892
238.22,0.01892,1.892
238.22,0.01892,1.892
238.23,0.01892,1.892
238.24,0.01892,1.892
238.25,0.01892,1.892
238.26,0.01892,1.892
238.27,0.01892,1.892
238.28,0.01892,1.892
238.29,0.01892,1.892
238.29,0.01893,1.893
238.30,0.01893,1.893
238.31,0.01893,1.893
238.32,0.01893,1.893
238.33,0.01893,1.893
238.34,0.01893,1.893
238.35,0.01893,1.893
238.36,0.01893,1.893
238.37,0.01893,1.893
238.37,0.01893,1.893
238.38,0.01893,1.893
238.39,0.01893,1.893
238.40,0.01893,1.893
238.41,0.01893,1.893
238.42,0.01893,1.893
238.43,0.01893,1.893
238.44,0.01893,1.893
238.44,0.01893,1.893
238.45,0.01893,1.893
238.46,0.01893,1.893
238.47,0.01893,1.893
238.48,0.01893,1.893
238.49,0.01893,1.893
238.50,0.01893,1.893
238.51,0.01893,1.893
238.52,0.01893,1.893
238.52,0.01894,1.894
238.53,0.01894,1.894
238.54,0.01894,1.894
238.55,0.01894,1.894
238.56,0.01894,1.894
238.57,0.01894,1.894
238.58,0.01894,1.894
238.59,0.01894,1.894
238.60,0.01894,1.894
238.60,0.01894,1.894
238.61,0.01894,1.894
238.62,0.01894,1.894
238.63,0.01894,1.894
238.64,0.01894,1.894
238.65,0.01894,1.894
238.66,0.01894,1.894
238.67,0.01894,1.894
238.67,0.01894,1.894
238.68,0.01894,1.894
238.69,0.01894,1.894
238.70,0.01894,1.894
238.71,0.01894,1.894
238.72,0.01894,1.894
238.73,0.01894,1.894
238.74,0.01894,1.894
238.75,0.01894,1.894
238.75,0.01894,1.894
238.76,0.01895,1.895
238.77,0.01895,1.895
238.78,0.01895,1.895
238.79,0.01895,1.895
238.80,0.01895,1.895
238.81,0.01895,1.895
238.82,0.01895,1.895
238.83,0.01895,1.895
238.83,0.01895,1.895
238.84,0.01895,1.895
238.85,0.01895,1.895
238.86,0.01895,1.895
238.87,0.01895,1.895
238.88,0.01895,1.895
238.89,0.01895,1.895
238.90,0.01895,1.895
238.90,0.01895,1.895
238.91,0.01895,1.895
238.92,0.01895,1.895
238.93,0.01895,1.895
238.94,0.01895,1.895
238.95,0.01895,1.895
238.96,0.01895,1.895
238.97,0.01895,1.895
238.98,0.01895,1.895
238.98,0.01895,1.895
238.99,0.01895,1.895
239.00,0.01896,1.896
239.01,0.01896,1.896
239.02,0.01896,1.896
239.03,0.01896,1.896
239.04,0.01896,1.896
239.05,0.01896,1.896
239.06,0.01896,1.896
239.06,0.01896,1.896
239.07,0.01896,1.896
239.08,0.01896,1.896
239.09,0.01896,1.896
239.10,0.01896,1.896
239.11,0.01896,1.896
239.12,0.01896,1.896
239.13,0.01896,1.896
239.13,0.01896,1.896
239.14,0.01896,1.896
239.15,0.01896,1.896
239.16,0.01896,1.896
239.17,0.01896,1.896
239.18,0.01896,1.896
239.19,0.01896,1.896
239.20,0.01896,1.896
239.21,0.01896,1.896
239.21,0.01896,1.896
239.22,0.01896,1.896
239.23,0.01896,1.896
239.24,0.01897,1.897
239.25,0.01897,1.897
239.26,0.01897,1.897
239.27,0.01897,1.897
239.28,0.01897,1.897
239.29,0.01897,1.897
239.29,0.01897,1.897
239.30,0.01897,1.897
239.31,0.01897,1.897
239.32,0.01897,1.897
239.33,0.01897,1.897
239.34,0.01897,1.897
239.35,0.01897,1.897
239.36,0.01897,1.897
239.37,0.01897,1.897
239.37,0.01897,1.897
239.38,0.01897,1.897
239.39,0.01897,1.897
239.40,0.01897,1.897
239.41,0.01897,1.897
239.42,0.01897,1.897
239.43,0.01897,1.897
239.44,0.01897,1.897
239.44,0.01897,1.897
239.45,0.01897,1.897
239.46,0.01897,1.897
239.47,0.01897,1.897
239.48,0.01897,1.897
239.49,0.01898,1.898
239.50,0.01898,1.898
239.51,0.01898,1.898
239.52,0.01898,1.898
239.52,0.01898,1.898
239.53,0.01898,1.898
239.54,0.01898,1.898
239.55,0.01898,1.898
239.56,0.01898,1.898
239.57,0.01898,1.898
239.58,0.01898,1.898
239.59,0.01898,1.898
239.60,0.01898,1.898
239.60,0.01898,1.898
239.61,0.01898,1.898
239.62,0.01898,1.898
239.63,0.01898,1.898
239.64,0.01898,1.898
239.65,0.01898,1.898
239.66,0.01898,1.898
239.67,0.01898,1.898
239.68,0.01898,1.898
239.68,0.01898,1.898
239.69,0.01898,1.898
239.70,0.01898,1.898
239.71,0.01898,1.898
239.72,0.01898,1.898
239.73,0.01898,1.898
239.74,0.01898,1.898
239.75,0.01899,1.899
239.75,0.01899,1.899
239.76,0.01899,1.899
239.77,0.01899,1.899
239.78,0.01899,1.899
239.79,0.01899,1.899
239.80,0.01899,1.899
239.81,0.01899,1.899
239.82,0.01899,1.899
239.83,0.01899,1.899
239.83,0.01899,1.899
239.84,0.01899,1.899
239.85,0.01899,1.899
239.86,0.01899,1.899
239.87,0.01899,1.899
239.88,0.01899,1.899
239.89,0.01899,1.899
239.90,0.01899,1.899
239.91,0.01899,1.899
239.91,0.01899,1.899
239.92,0.01899,1.899
239.93,0.01899,1.899
239.94,0.01899,1.899
239.95,0.01899,1.899
239.96,0.01899,1.899
239.97,0.01899,1.899
239.98,0.01899,1.899
239.98,0.01899,1.899
239.99,0.01899,1.899
240.00,0.01900,1.900
240.01,0.01900,1.900
240.02,0.01900,1.900
240.03,0.01900,1.900
240.04,0.01900,1.900
240.05,0.01900,1.900
240.06,0.01900,1.900
240.06,0.01900,1.900
240.07,0.01900,1.900
240.08,0.01900,1.900
240.09,0.01900,1.900
240.10,0.01900,1.900
240.11,0.01900,1.900
240.12,0.01900,1.900
240.13,0.01900,1.900
240.14,0.01900,1.900
240.14,0.01900,1.900
240.15,0.01900,1.900
240.16,0.01900,1.900
240.17,0.01900,1.900
240.18,0.01900,1.900
240.19,0.01900,1.900
240.20,0.01900,1.900
240.21,0.01900,1.900
240.21,0.01900,1.900
240.22,0.01900,1.900
240.23,0.01900,1.900
240.24,0.01900,1.900
240.25,0.01900,1.900
240.26,0.01901,1.901
240.27,0.01901,1.901
240.28,0.01901,1.901
240.29,0.01901,1.901
240.29,0.01901,1.901
240.30,0.01901,1.901
240.31,0.01901,1.901
240.32,0.01901,1.901
240.33,0.01901,1.901
240.34,0.01901,1.901
240.35,0.01901,1.901
240.36,0.01901,1.901
240.37,0.01901,1.901
240.37,0.01901,1.901
240.38,0.01901,1.901
240.39,0.01901,1.901
240.40,0.01901,1.901
240.41,0.01901,1.901
240.42,0.01901,1.901
240.43,0.01901,1.901
240.44,0.01901,1.901
240.44,0.01901,1.901
240.45,0.01901,1.901
240.46,0.01901,1.901
240.47,0.01901,1.901
240.48,0.01901,1.901
240.49,0.01901,1.901
240.50,0.01901,1.901
240.51,0.01901,1.901
240.52,0.01902,1.902
240.52,0.01902,1.902
240.53,0.01902,1.902
240.54,0.01902,1.902
240.55,0.01902,1.902
240.56,0.01902,1.902
240.57,0.01902,1.902
240.58,0.01902,1.902
240.59,0.01902,1.902
240.59,0.01902,1.902
240.60,0.01902,1.902
240.61,0.01902,1.902
240.62,0.01902,1.902
240.63,0.01902,1.902
240.64,0.01902,1.902
240.65,0.01902,1.902
240.66,0.01902,1.902
240.67,0.01902,1.902
240.67,0.01902,1.902
240.68,0.01902,1.902
240.69,0.01902,1.902
240.70,0.01902,1.902
240.71,0.01902,1.902
240.72,0.01902,1.902
240.73,0.01902,1.902
240.74,0.01902,1.902
240.75,0.01902,1.902
240.75,0.01902,1.902
240.76,0.01902,1.902
240.77,0.01903,1.903
240.78,0.01903,1.903
240.79,0.01903,1.903
240.80,0.01903,1.903
240.81,0.01903,1.903
240.82,0.01903,1.903
240.83,0.01903,1.903
240.83,0.01903,1.903
240.84,0.01903,1.903
240.85,0.01903,1.903
240.86,0.01903,1.903
240.87,0.01903,1.903
240.88,0.01903,1.903
240.89,0.01903,1.903
240.90,0.01903,1.903
240.90,0.01903,1.903
240.91,0.01903,1.903
240.92,0.01903,1.903
240.93,0.01903,1.903
240.94,0.01903,1.903
240.95,0.01903,1.903
240.96,0.01903,1.903
240.97,0.01903,1.903
240.98,0.01903,1.903
240.98,0.01903,1.903
240.99,0.01903,1.903
241.00,0.01903,1.903
241.01,0.01903,1.903
241.02,0.01903,1.903
241.03,0.01904,1.904
241.04,0.01904,1.904
241.05,0.01904,1.904
241.06,0.01904,1.904
241.06,0.01904,1.904
241.07,0.01904,1.904
241.08,0.01904,1.904
241.09,0.01904,1.904
241.10,0.01904,1.904
241.11,0.01904,1.904
241.12,0.01904,1.904
241.13,0.01904,1.904
241.13,0.01904,1.904
241.14,0.01904,1.904
241.15,0.01904,1.904
241.16,0.01904,1.904
241.17,0.01904,1.904
241.18,0.01904,1.904
241.19,0.01904,1.904
241.20,0.01904,1.904
241.21,0.01904,1.904
241.21,0.01904,1.904
241.22,0.01904,1.904
241.23,0.01904,1.904
241.24,0.01904,1.904
241.25,0.01904,1.904
241.26,0.01904,1.904
241.27,0.01904,1.904
241.28,0.01904,1.904
241.29,0.01905,1.905
241.29,0.01905,1.905
241.30,0.01905,1.905
241.31,0.01905,1.905
241.32,0.01905,1.905
241.33,0.01905,1.905
241.34,0.01905,1.905
241.35,0.01905,1.905
241.36,0.01905,1.905
241.37,0.01905,1.905
241.37,0.01905,1.905
241.38,0.01905,1.905
241.39,0.01905,1.905
241.40,0.01905,1.905
241.41,0.01905,1.905
241.42,0.01905,1.905
241.43,0.01905,1.905
241.44,0.01905,1.905
241.44,0.01905,1.905
241.45,0.01905,1.905
241.46,0.01905,1.905
241.47,0.01905,1.905
241.48,0.01905,1.905
241.49,0.01905,1.905
241.50,0.01905,1.905
241.51,0.01905,1.905
241.52,0.01905,1.905
241.52,0.01905,1.905
241.53,0.01905,1.905
241.54,0.01906,1.906
241.55,0.01906,1.906
241.56,0.01906,1.906
241.57,0.01906,1.906
241.58,0.01906,1.906
241.59,0.01906,1.906
241.60,0.01906,1.906
241.60,0.01906,1.906
241.61,0.01906,1.906
241.62,0.01906,1.906
241.63,0.01906,1.906
241.64,0.01906,1.906
241.65,0.01906,1.906
241.66,0.01906,1.906
241.67,0.01906,1.906
241.68,0.01906,1.906
241.68,0.01906,1.906
241.69,0.01906,1.906
241.70,0.01906,1.906
241.71,0.01906,1.906
241.72,0.01906,1.906
241.73,0.01906,1.906
241.74,0.01906,1.906
241.75,0.01906,1.906
241.75,0.01906,1.906
241.76,0.01906,1.906
241.77,0.01906,1.906
241.78,0.01906,1.906
241.79,0.01906,1.906
241.80,0.01906,1.906
241.81,0.01907,1.907
241.82,0.01907,1.907
241.83,0.01907,1.907
241.83,0.01907,1.907
241.84,0.01907,1.907
241.85,0.01907,1.907
241.86,0.01907,1.907
241.87,0.01907,1.907
241.88,0.01907,1.907
241.89,0.01907,1.907
241.90,0.01907,1.907
241.91,0.01907,1.907
241.91,0.01907,1.907
241.92,0.01907,1.907
241.93,0.01907,1.907
241.94,0.01907,1.907
241.95,0.01907,1.907
241.96,0.01907,1.907
241.97,0.01907,1.907
241.98,0.01907,1.907
241.98,0.01907,1.907
241.99,0.01907,1.907
242.00,0.01907,1.907
242.01,0.01907,1.907
242.02,0.01907,1.907
242.03,0.01907,1.907
242.04,0.01907,1.907
242.05,0.01907,1.907
242.06,0.01907,1.907
242.06,0.01907,1.907
242.07,0.01908,1.908
242.08,0.01908,1.908
242.09,0.01908,1.908
242.10,0.01908,1.908
242.11,0.01908,1.908
242.12,0.01908,1.908
242.13,0.01908,1.908
242.14,0.01908,1.908
242.14,0.01908,1.908
242.15,0.01908,1.908
242.16,0.01908,1.908
242.17,0.01908,1.908
242.18,0.01908,1.908
242.19,0.01908,1.908
242.20,0.01908,1.908
242.21,0.01908,1.908
242.21,0.01908,1.908
242.22,0.01908,1.908
242.23,0.01908,1.908
242.24,0.01908,1.908
242.25,0.01908,1.908
242.26,0.01908,1.908
242.27,0.01908,1.908
242.28,0.01908,1.908
242.29,0.01908,1.908
242.29,0.01908,1.908
242.30,0.01908,1.908
242.31,0.01908,1.908
242.32,0.01908,1.908
242.33,0.01908,1.908
242.34,0.01909,1.909
242.35,0.01909,1.909
242.36,0.01909,1.909
242.37,0.01909,1.909
242.37,0.01909,1.909
242.38,0.01909,1.909
242.39,0.01909,1.909
242.40,0.01909,1.909
242.41,0.01909,1.909
242.42,0.01909,1.909
242.43,0.01909,1.909
242.44,0.01909,1.909
242.45,0.01909,1.909
242.45,0.01909,1.909
242.46,0.01909,1.909
242.47,0.01909,1.909
242.48,0.01909,1.909
242.49,0.01909,1.909
242.50,0.01909,1.909
242.51,0.01909,1.909
242.52,0.01909,1.909
242.52,0.01909,1.909
242.53,0.01909,1.909
242.54,0.01909,1.909
242.55,0.01909,1.909
242.56,0.01909,1.909
242.57,0.01909,1.909
242.58,0.01909,1.909
242.59,0.01909,1.909
242.60,0.01909,1.909
242.60,0.01910,1.910
242.61,0.01910,1.910
242.62,0.01910,1.910
242.63,0.01910,1.910
242.64,0.01910,1.910
242.65,0.01910,1.910
242.66,0.01910,1.910
242.67,0.01910,1.910
242.68,0.01910,1.910
242.68,0.01910,1.910
242.69,0.01910,1.910
242.70,0.01910,1.910
242.71,0.01910,1.910
242.72,0.01910,1.910
242.73,0.01910,1.910
242.74,0.01910,1.910
242.75,0.01910,1.910
242.76,0.01910,1.910
242.76,0.01910,1.910
242.77,0.01910,1.910
242.78,0.01910,1.910
242.79,0.01910,1.910
242.80,0.01910,1.910
242.81,0.01910,1.910
242.82,0.01910,1.910
242.83,0.01910,1.910
242.83,0.01910,1.910
242.84,0.01910,1.910
242.85,0.01910,1.910
242.86,0.01910,1.910
242.87,0.01911,1.911
242.88,0.01911,1.911
242.89,0.01911,1.911
242.90,0.01911,1.911
242.91,0.01911,1.911
242.91,0.01911,1.911
242.92,0.01911,1.911
242.93,0.01911,1.911
242.94,0.01911,1.911
242.95,0.01911,1.911
242.96,0.01911,1.911
242.97,0.01911,1.911
242.98,0.01911,1.911
242.99,0.01911,1.911
242.99,0.01911,1.911
243.00,0.01911,1.911
243.01,0.01911,1.911
243.02,0.01911,1.911
243.03,0.01911,1.911
243.04,0.01911,1.911
243.05,0.01911,1.911
243.06,0.01911,1.911
243.07,0.01911,1.911
243.07,0.01911,1.911
243.08,0.01911,1.911
243.09,0.01911,1.911
243.10,0.01911,1.911
243.11,0.01911,1.911
243.12,0.01911,1.911
243.13,0.01911,1.911
243.14,0.01911,1.911
243.14,0.01912,1.912
243.15,0.01912,1.912
243.16,0.01912,1.912
243.17,0.01912,1.912
243.18,0.01912,1.912
243.19,0.01912,1.912
243.20,0.01912,1.912
243.21,0.01912,1.912
243.22,0.01912,1.912
243.22,0.01912,1.912
243.23,0.01912,1.912
243.24,0.01912,1.912
243.25,0.01912,1.912
243.26,0.01912,1.912
243.27,0.01912,1.912
243.28,0.01912,1.912
243.29,0.01912,1.912
243.30,0.01912,1.912
243.30,0.01912,1.912
243.31,0.01912,1.912
243.32,0.01912,1.912
243.33,0.01912,1.912
243.34,0.01912,1.912
243.35,0.01912,1.912
243.36,0.01912,1.912
243.37,0.01912,1.912
243.37,0.01912,1.912
243.38,0.01912,1.912
243.39,0.01912,1.912
243.40,0.01912,1.912
243.41,0.01913,1.913
243.42,0.01913,1.913
243.43,0.01913,1.913
243.44,0.01913,1.913
243.45,0.01913,1.913
243.45,0.01913,1.913
243.46,0.01913,1.913
243.47,0.01913,1.913
243.48,0.01913,1.913
243.49,0.01913,1.913
243.50,0.01913,1.913
243.51,0.01913,1.913
243.52,0.01913,1.913
243.53,0.01913,1.913
243.53,0.01913,1.913
243.54,0.01913,1.913
243.55,0.01913,1.913
243.56,0.01913,1.913
243.57,0.01913,1.913
243.58,0.01913,1.913
243.59,0.01913,1.913
243.60,0.01913,1.913
243.61,0.01913,1.913
243.61,0.01913,1.913
243.62,0.01913,1.913
243.63,0.01913,1.913
243.64,0.01913,1.913
243.65,0.01913,1.913
243.66,0.01913,1.913
243.67,0.01913,1.913
243.68,0.01913,1.913
243.68,0.01914,1.914
243.69,0.01914,1.914
243.70,0.01914,1.914
243.71,0.01914,1.914
243.72,0.01914,1.914
243.73,0.01914,1.914
243.74,0.01914,1.914
243.75,0.01914,1.914
243.76,0.01914,1.914
243.76,0.01914,1.914
243.77,0.01914,1.914
243.78,0.01914,1.914
243.79,0.01914,1.914
243.80,0.01914,1.914
243.81,0.01914,1.914
243.82,0.01914,1.914
243.83,0.01914,1.914
243.84,0.01914,1.914
243.84,0.01914,1.914
243.85,0.01914,1.914
243.86,0.01914,1.914
243.87,0.01914,1.914
243.88,0.01914,1.914
243.89,0.01914,1.914
243.90,0.01914,1.914
243.91,0.01914,1.914
243.91,0.01914,1.914
243.92,0.01914,1.914
243.93,0.01914,1.914
243.94,0.01914,1.914
243.95,0.01914,1.914
243.96,0.01915,1.915
243.97,0.01915,1.915
243.98,0.01915,1.915
243.99,0.01915,1.915
243.99,0.01915,1.915
244.00,0.01915,1.915
244.01,0.01915,1.915
244.02,0.01915,1.915
244.03,0.01915,1.915
244.04,0.01915,1.915
244.05,0.01915,1.915
244.06,0.01915,1.915
244.07,0.01915,1.915
244.07,0.01915,1.915
244.08,0.01915,1.915
244.09,0.01915,1.915
244.10,0.01915,1.915
244.11,0.01915,1.915
244.12,0.01915,1.915
244.13,0.01915,1.915
244.14,0.01915,1.915
244.15,0.01915,1.915
244.15,0.01915,1.915
244.16,0.01915,1.915
244.17,0.01915,1.915
244.18,0.01915,1.915
244.19,0.01915,1.915
244.20,0.01915,1.915
244.21,0.01915,1.915
244.22,0.01915,1.915
244.23,0.01915,1.915
244.23,0.01915,1.915
244.24,0.01916,1.916
244.25,0.01916,1.916
244.26,0.01916,1.916
244.27,0.01916,1.916
244.28,0.01916,1.916
244.29,0.01916,1.916
244.30,0.01916,1.916
244.30,0.01916,1.916
244.31,0.01916,1.916
244.32,0.01916,1.916
244.33,0.01916,1.916
244.34,0.01916,1.916
244.35,0.01916,1.916
244.36,0.01916,1.916
244.37,0.01916,1.916
244.38,0.01916,1.916
244.38,0.01916,1.916
244.39,0.01916,1.916
244.40,0.01916,1.916
244.41,0.01916,1.916
244.42,0.01916,1.916
244.43,0.01916,1.916
244.44,0.01916,1.916
244.45,0.01916,1.916
244.46,0.01916,1.916
244.46,0.01916,1.916
244.47,0.01916,1.916
244.48,0.01916,1.916
244.49,0.01916,1.916
244.50,0.01916,1.916
244.51,0.01916,1.916
244.52,0.01917,1.917
244.53,0.01917,1.917
244.54,0.01917,1.917
244.54,0.01917,1.917
244.55,0.01917,1.917
244.56,0.01917,1.917
244.57,0.01917,1.917
244.58,0.01917,1.917
244.59,0.01917,1.917
244.60,0.01917,1.917
244.61,0.01917,1.917
244.61,0.01917,1.917
244.62,0.01917,1.917
244.63,0.01917,1.917
244.64,0.01917,1.917
244.65,0.01917,1.917
244.66,0.01917,1.917
244.67,0.01917,1.917
244.68,0.01917,1.917
244.69,0.01917,1.917
244.69,0.01917,1.917
244.70,0.01917,1.917
244.71,0.01917,1.917
244.72,0.01917,1.917
244.73,0.01917,1.917
244.74,0.01917,1.917
244.75,0.01917,1.917
244.76,0.01917,1.917
244.77,0.01917,1.917
244.77,0.01917,1.917
244.78,0.01917,1.917
244.79,0.01918,1.918
244.80,0.01918,1.918
244.81,0.01918,1.918
244.82,0.01918,1.918
244.83,0.01918,1.918
244.84,0.01918,1.918
244.85,0.01918,1.918
244.85,0.01918,1.918
244.86,0.01918,1.918
244.87,0.01918,1.918
244.88,0.01918,1.918
244.89,0.01918,1.918
244.90,0.01918,1.918
244.91,0.01918,1.918
244.92,0.01918,1.918
244.92,0.01918,1.918
244.93,0.01918,1.918
244.94,0.01918,1.918
244.95,0.01918,1.918
244.96,0.01918,1.918
244.97,0.01918,1.918
244.98,0.01918,1.918
244.99,0.01918,1.918
245.00,0.01918,1.918
245.00,0.01918,1.918
245.01,0.01918,1.918
245.02,0.01918,1.918
245.03,0.01918,1.918
245.04,0.01918,1.918
245.05,0.01918,1.918
245.06,0.01918,1.918
245.07,0.01919,1.919
245.08,0.01919,1.919
245.08,0.01919,1.919
245.09,0.01919,1.919
245.10,0.01919,1.919
245.11,0.01919,1.919
245.12,0.01919,1.919
245.13,0.01919,1.919
245.14,0.01919,1.919
245.15,0.01919,1.919
245.16,0.01919,1.919
245.16,0.01919,1.919
245.17,0.01919,1.919
245.18,0.01919,1.919
245.19,0.01919,1.919
245.20,0.01919,1.919
245.21,0.01919,1.919
245.22,0.01919,1.919
245.23,0.01919,1.919
245.23,0.01919,1.919
245.24,0.01919,1.919
245.25,0.01919,1.919
245.26,0.01919,1.919
245.27,0.01919,1.919
245.28,0.01919,1.919
245.29,0.01919,1.919
245.30,0.01919,1.919
245.31,0.01919,1.919
245.31,0.01919,1.919
245.32,0.01919,1.919
245.33,0.01919,1.919
245.34,0.01919,1.919
245.35,0.01920,1.920
245.36,0.01920,1.920
245.37,0.01920,1.920
245.38,0.01920,1.920
245.39,0.01920,1.920
245.39,0.01920,1.920
245.40,0.01920,1.920
245.41,0.01920,1.920
245.42,0.01920,1.920
245.43,0.01920,1.920
245.44,0.01920,1.920
245.45,0.01920,1.920
245.46,0.01920,1.920
245.47,0.01920,1.920
245.47,0.01920,1.920
245.48,0.01920,1.920
245.49,0.01920,1.920
245.50,0.01920,1.920
245.51,0.01920,1.920
245.52,0.01920,1.920
245.53,0.01920,1.920
245.54,0.01920,1.920
245.55,0.01920,1.920
245.55,0.01920,1.920
245.56,0.01920,1.920
245.57,0.01920,1.920
245.58,0.01920,1.920
245.59,0.01920,1.920
245.60,0.01920,1.920
245.61,0.01920,1.920
245.62,0.01920,1.920
245.62,0.01920,1.920
245.63,0.01921,1.921
245.64,0.01921,1.921
245.65,0.01921,1.921
245.66,0.01921,1.921
245.67,0.01921,1.921
245.68,0.01921,1.921
245.69,0.01921,1.921
245.70,0.01921,1.921
245.70,0.01921,1.921
245.71,0.01921,1.921
245.72,0.01921,1.921
245.73,0.01921,1.921
245.74,0.01921,1.921
245.75,0.01921,1.921
245.76,0.01921,1.921
245.77,0.01921,1.921
245.78,0.01921,1.921
245.78,0.01921,1.921
245.79,0.01921,1.921
245.80,0.01921,1.921
245.81,0.01921,1.921
245.82,0.01921,1.921
245.83,0.01921,1.921
245.84,0.01921,1.921
245.85,0.01921,1.921
245.86,0.01921,1.921
245.86,0.01921,1.921
245.87,0.01921,1.921
245.88,0.01921,1.921
245.89,0.01921,1.921
245.90,0.01921,1.921
245.91,0.01922,1.922
245.92,0.01922,1.922
245.93,0.01922,1.922
245.93,0.01922,1.922
245.94,0.01922,1.922
245.95,0.01922,1.922
245.96,0.01922,1.922
245.97,0.01922,1.922
245.98,0.01922,1.922
245.99,0.01922,1.922
246.00,0.01922,1.922
246.01,0.01922,1.922
246.01,0.01922,1.922
246.02,0.01922,1.922
246.03,0.01922,1.922
246.04,0.01922,1.922
246.05,0.01922,1.922
246.06,0.01922,1.922
246.07,0.01922,1.922
246.08,0.01922,1.922
246.09,0.01922,1.922
246.09,0.01922,1.922
246.10,0.01922,1.922
246.11,0.01922,1.922
246.12,0.01922,1.922
246.13,0.01922,1.922
246.14,0.01922,1.922
246.15,0.01922,1.922
246.16,0.01922,1.922
246.17,0.01922,1.922
246.17,0.01922,1.922
246.18,0.01922,1.922
246.19,0.01923,1.923
246.20,0.01923,1.923
246.21,0.01923,1.923
246.22,0.01923,1.923
246.23,0.01923,1.923
246.24,0.01923,1.923
246.24,0.01923,1.923
246.25,0.01923,1.923
246.26,0.01923,1.923
246.27,0.01923,1.923
246.28,0.01923,1.923
246.29,0.01923,1.923
246.30,0.01923,1.923
246.31,0.01923,1.923
246.32,0.01923,1.923
246.32,0.01923,1.923
246.33,0.01923,1.923
246.34,0.01923,1.923
246.35,0.01923,1.923
246.36,0.01923,1.923
246.37,0.01923,1.923
246.38,0.01923,1.923
246.39,0.01923,1.923
246.40,0.01923,1.923
246.40,0.01923,1.923
246.41,0.01923,1.923
246.42,0.01923,1.923
246.43,0.01923,1.923
246.44,0.01923,1.923
246.45,0.01923,1.923
246.46,0.01923,1.923
246.47,0.01924,1.924
246.48,0.01924,1.924
246.48,0.01924,1.924
246.49,0.01924,1.924
246.50,0.01924,1.924
246.51,0.01924,1.924
246.52,0.01924,1.924
246.53,0.01924,1.924
246.54,0.01924,1.924
246.55,0.01924,1.924
246.55,0.01924,1.924
246.56,0.01924,1.924
246.57,0.01924,1.924
246.58,0.01924,1.924
246.59,0.01924,1.924
246.60,0.01924,1.924
246.61,0.01924,1.924
246.62,0.01924,1.924
246.63,0.01924,1.924
246.63,0.01924,1.924
246.64,0.01924,1.924
246.65,0.01924,1.924
246.66,0.01924,1.924
246.67,0.01924,1.924
246.68,0.01924,1.924
246.69,0.01924,1.924
246.70,0.01924,1.924
246.71,0.01924,1.924
246.71,0.01924,1.924
246.72,0.01924,1.924
246.73,0.01924,1.924
246.74,0.01924,1.924
246.75,0.01925,1.925
246.76,0.01925,1.925
246.77,0.01925,1.925
246.78,0.01925,1.925
246.79,0.01925,1.925
246.79,0.01925,1.925
246.80,0.01925,1.925
246.81,0.01925,1.925
246.82,0.01925,1.925
246.83,0.01925,1.925
246.84,0.01925,1.925
246.85,0.01925,1.925
246.86,0.01925,1.925
246.86,0.01925,1.925
246.87,0.01925,1.925
246.88,0.01925,1.925
246.89,0.01925,1.925
246.90,0.01925,1.925
246.91,0.01925,1.925
246.92,0.01925,1.925
246.93,0.01925,1.925
246.94,0.01925,1.925
246.94,0.01925,1.925
246.95,0.01925,1.925
246.96,0.01925,1.925
246.97,0.01925,1.925
246.98,0.01925,1.925
246.99,0.01925,1.925
247.00,0.01925,1.925
247.01,0.01925,1.925
247.02,0.01925,1.925
247.02,0.01925,1.925
247.03,0.01926,1.926
247.04,0.01926,1.926
247.05,0.01926,1.926
247.06,0.01926,1.926
247.07,0.01926,1.926
247.08,0.01926,1.926
247.09,0.01926,1.926
247.10,0.01926,1.926
247.10,0.01926,1.926
247.11,0.01926,1.926
247.12,0.01926,1.926
247.13,0.01926,1.926
247.14,0.01926,1.926
247.15,0.01926,1.926
247.16,0.01926,1.926
247.17,0.01926,1.926
247.18,0.01926,1.926
247.18,0.01926,1.926
247.19,0.01926,1.926
247.20,0.01926,1.926
247.21,0.01926,1.926
247.22,0.01926,1.926
247.23,0.01926,1.926
247.24,0.01926,1.926
247.25,0.01926,1.926
247.26,0.01926,1.926
247.26,0.01926,1.926
247.27,0.01926,1.926
247.28,0.01926,1.926
247.29,0.01926,1.926
247.30,0.01926,1.926
247.31,0.01926,1.926
247.32,0.01927,1.927
247.33,0.01927,1.927
247.33,0.01927,1.927
247.34,0.01927,1.927
247.35,0.01927,1.927
247.36,0.01927,1.927
247.37,0.01927,1.927
247.38,0.01927,1.927
247.39,0.01927,1.927
247.40,0.01927,1.927
247.41,0.01927,1.927
247.41,0.01927,1.927
247.42,0.01927,1.927
247.43,0.01927,1.927
247.44,0.01927,1.927
247.45,0.01927,1.927
247.46,0.01927,1.927
247.47,0.01927,1.927
247.48,0.01927,1.927
247.49,0.01927,1.927
247.49,0.01927,1.927
247.50,0.01927,1.927
247.51,0.01927,1.927
247.52,0.01927,1.927
247.53,0.01927,1.927
247.54,0.01927,1.927
247.55,0.01927,1.927
247.56,0.01927,1.927
247.57,0.01927,1.927
247.57,0.01927,1.927
247.58,0.01927,1.927
247.59,0.01927,1.927
247.60,0.01927,1.927
247.61,0.01928,1.928
247.62,0.01928,1.928
247.63,0.01928,1.928
247.64,0.01928,1.928
247.65,0.01928,1.928
247.65,0.01928,1.928
247.66,0.01928,1.928
247.67,0.01928,1.928
247.68,0.01928,1.928
247.69,0.01928,1.928
247.70,0.01928,1.928
247.71,0.01928,1.928
247.72,0.01928,1.928
247.73,0.01928,1.928
247.73,0.01928,1.928
247.74,0.01928,1.928
247.75,0.01928,1.928
247.76,0.01928,1.928
247.77,0.01928,1.928
247.78,0.01928,1.928
247.79,0.01928,1.928
247.80,0.01928,1.928
247.80,0.01928,1.928
247.81,0.01928,1.928
247.82,0.01928,1.928
247.83,0.01928,1.928
247.84,0.01928,1.928
247.85,0.01928,1.928
247.86,0.01928,1.928
247.87,0.01928,1.928
247.88,0.01928,1.928
247.88,0.01928,1.928
247.89,0.01929,1.929
247.90,0.01929,1.929
247.91,0.01929,1.929
247.92,0.01929,1.929
247.93,0.01929,1.929
247.94,0.01929,1.929
247.95,0.01929,1.929
247.96,0.01929,1.929
247.96,0.01929,1.929
247.97,0.01929,1.929
247.98,0.01929,1.929
247.99,0.01929,1.929
248.00,0.01929,1.929
248.01,0.01929,1.929
248.02,0.01929,1.929
248.03,0.01929,1.929
248.04,0.01929,1.929
248.04,0.01929,1.929
248.05,0.01929,1.929
248.06,0.01929,1.929
248.07,0.01929,1.929
248.08,0.01929,1.929
248.09,0.01929,1.929
248.10,0.01929,1.929
248.11,0.01929,1.929
248.11,0.01929,1.929
248.12,0.01929,1.929
248.13,0.01929,1.929
248.14,0.01929,1.929
248.15,0.01929,1.929
248.16,0.01929,1.929
248.17,0.01929,1.929
248.18,0.01929,1.929
248.19,0.01930,1.930
248.19,0.01930,1.930
248.20,0.01930,1.930
248.21,0.01930,1.930
248.22,0.01930,1.930
248.23,0.01930,1.930
248.24,0.01930,1.930
248.25,0.01930,1.930
248.26,0.01930,1.930
248.27,0.01930,1.930
248.27,0.01930,1.930
248.28,0.01930,1.930
248.29,0.01930,1.930
248.30,0.01930,1.930
248.31,0.01930,1.930
248.32,0.01930,1.930
248.33,0.01930,1.930
248.34,0.01930,1.930
248.35,0.01930,1.930
248.35,0.01930,1.930
248.36,0.01930,1.930
248.37,0.01930,1.930
248.38,0.01930,1.930
248.39,0.01930,1.930
248.40,0.01930,1.930
248.41,0.01930,1.930
248.42,0.01930,1.930
248.42,0.01930,1.930
248.43,0.01930,1.930
248.44,0.01930,1.930
248.45,0.01930,1.930
248.46,0.01930,1.930
248.47,0.01931,1.931
248.48,0.01931,1.931
248.49,0.01931,1.931
248.50,0.01931,1.931
248.50,0.01931,1.931
248.51,0.01931,1.931
248.52,0.01931,1.931
248.53,0.01931,1.931
248.54,0.01931,1.931
248.55,0.01931,1.931
248.56,0.01931,1.931
248.57,0.01931,1.931
248.58,0.01931,1.931
248.58,0.01931,1.931
248.59,0.01931,1.931
248.60,0.01931,1.931
248.61,0.01931,1.931
248.62,0.01931,1.931
248.63,0.01931,1.931
248.64,0.01931,1.931
248.65,0.01931,1.931
248.66,0.01931,1.931
248.66,0.01931,1.931
248.67,0.01931,1.931
248.68,0.01931,1.931
248.69,0.01931,1.931
248.70,0.01931,1.931
248.71,0.01931,1.931
248.72,0.01931,1.931
248.73,0.01931,1.931
248.73,0.01931,1.931
248.74,0.01931,1.931
248.75,0.01931,1.931
248.76,0.01932,1.932
248.77,0.01932,1.932
248.78,0.01932,1.932
248.79,0.01932,1.932
248.80,0.01932,1.932
248.81,0.01932,1.932
248.81,0.01932,1.932
248.82,0.01932,1.932
248.83,0.01932,1.932
248.84,0.01932,1.932
248.85,0.01932,1.932
248.86,0.01932,1.932
248.87,0.01932,1.932
248.88,0.01932,1.932
248.89,0.01932,1.932
248.89,0.01932,1.932
248.90,0.01932,1.932
248.91,0.01932,1.932
248.92,0.01932,1.932
248.93,0.01932,1.932
248.94,0.01932,1.932
248.95,0.01932,1.932
248.96,0.01932,1.932
248.97,0.01932,1.932
248.97,0.01932,1.932
248.98,0.01932,1.932
248.99,0.01932,1.932
249.00,0.01932,1.932
249.01,0.01932,1.932
249.02,0.01932,1.932
249.03,0.01932,1.932
249.04,0.01932,1.932
249.05,0.01932,1.932
249.05,0.01932,1.932
249.06,0.01933,1.933
249.07,0.01933,1.933
249.08,0.01933,1.933
249.09,0.01933,1.933
249.10,0.01933,1.933
249.11,0.01933,1.933
249.12,0.01933,1.933
249.13,0.01933,1.933
249.13,0.01933,1.933
249.14,0.01933,1.933
249.15,0.01933,1.933
249.16,0.01933,1.933
249.17,0.01933,1.933
249.18,0.01933,1.933
249.19,0.01933,1.933
249.20,0.01933,1.933
249.21,0.01933,1.933
249.21,0.01933,1.933
249.22,0.01933,1.933
249.23,0.01933,1.933
249.24,0.01933,1.933
249.25,0.01933,1.933
249.26,0.01933,1.933
249.27,0.01933,1.933
249.28,0.01933,1.933
249.28,0.01933,1.933
249.29,0.01933,1.933
249.30,0.01933,1.933
249.31,0.01933,1.933
249.32,0.01933,1.933
249.33,0.01933,1.933
249.34,0.01933,1.933
249.35,0.01933,1.933
249.36,0.01933,1.933
249.36,0.01934,1.934
249.37,0.01934,1.934
249.38,0.01934,1.934
249.39,0.01934,1.934
249.40,0.01934,1.934
249.41,0.01934,1.934
249.42,0.01934,1.934
249.43,0.01934,1.934
249.44,0.01934,1.934
249.44,0.01934,1.934
249.45,0.01934,1.934
249.46,0.01934,1.934
249.47,0.01934,1.934
249.48,0.01934,1.934
249.49,0.01934,1.934
249.50,0.01934,1.934
249.51,0.01934,1.934
249.52,0.01934,1.934
249.52,0.01934,1.934
249.53,0.01934,1.934
249.54,0.01934,1.934
249.55,0.01934,1.934
249.56,0.01934,1.934
249.57,0.01934,1.934
249.58,0.01934,1.934
249.59,0.01934,1.934
249.60,0.01934,1.934
249.60,0.01934,1.934
249.61,0.01934,1.934
249.62,0.01934,1.934
249.63,0.01934,1.934
249.64,0.01934,1.934
249.65,0.01934,1.934
249.66,0.01934,1.934
249.67,0.01934,1.934
249.68,0.01935,1.935
249.68,0.01935,1.935
249.69,0.01935,1.935
249.70,0.01935,1.935
249.71,0.01935,1.935
249.72,0.01935,1.935
249.73,0.01935,1.935
249.74,0.01935,1.935
249.75,0.01935,1.935
249.75,0.01935,1.935
249.76,0.01935,1.935
249.77,0.01935,1.935
249.78,0.01935,1.935
249.79,0.01935,1.935
249.80,0.01935,1.935
249.81,0.01935,1.935
249.82,0.01935,1.935
249.83,0.01935,1.935
249.83,0.01935,1.935
249.84,0.01935,1.935
249.85,0.01935,1.935
249.86,0.01935,1.935
249.87,0.01935,1.935
249.88,0.01935,1.935
249.89,0.01935,1.935
249.90,0.01935,1.935
249.91,0.01935,1.935
249.91,0.01935,1.935
249.92,0.01935,1.935
249.93,0.01935,1.935
249.94,0.01935,1.935
249.95,0.01935,1.935
249.96,0.01935,1.935
249.97,0.01935,1.935
249.98,0.01936,1.936
249.99,0.01936,1.936
249.99,0.01936,1.936
250.00,0.01936,1.936
250.01,0.01936,1.936
250.02,0.01936,1.936
250.03,0.01936,1.936
250.04,0.01936,1.936
250.05,0.01936,1.936
250.06,0.01936,1.936
250.06,0.01936,1.936
250.07,0.01936,1.936
250.08,0.01936,1.936
250.09,0.01936,1.936
250.10,0.01936,1.936
250.11,0.01936,1.936
250.12,0.01936,1.936
250.13,0.01936,1.936
250.14,0.01936,1.936
250.14,0.01936,1.936
250.15,0.01936,1.936
250.16,0.01936,1.936
250.17,0.01936,1.936
250.18,0.01936,1.936
250.19,0.01936,1.936
250.20,0.01936,1.936
250.21,0.01936,1.936
250.22,0.01936,1.936
250.22,0.01936,1.936
250.23,0.01936,1.936
250.24,0.01936,1.936
250.25,0.01936,1.936
250.26,0.01936,1.936
250.27,0.01936,1.936
250.28,0.01936,1.936
250.29,0.01937,1.937
250.30,0.01937,1.937
250.30,0.01937,1.937
250.31,0.01937,1.937
250.32,0.01937,1.937
250.33,0.01937,1.937
250.34,0.01937,1.937
250.35,0.01937,1.937
250.36,0.01937,1.937
250.37,0.01937,1.937
250.38,0.01937,1.937
250.38,0.01937,1.937
250.39,0.01937,1.937
250.40,0.01937,1.937
250.41,0.01937,1.937
250.42,0.01937,1.937
250.43,0.01937,1.937
250.44,0.01937,1.937
250.45,0.01937,1.937
250.45,0.01937,1.937
250.46,0.01937,1.937
250.47,0.01937,1.937
250.48,0.01937,1.937
250.49,0.01937,1.937
250.50,0.01937,1.937
250.51,0.01937,1.937
250.52,0.01937,1.937
250.53,0.01937,1.937
250.53,0.01937,1.937
250.54,0.01937,1.937
250.55,0.01937,1.937
250.56,0.01937,1.937
250.57,0.01937,1.937
250.58,0.01937,1.937
250.59,0.01938,1.938
250.60,0.01938,1.938
250.61,0.01938,1.938
250.61,0.01938,1.938
250.62,0.01938,1.938
250.63,0.01938,1.938
250.64,0.01938,1.938
250.65,0.01938,1.938
250.66,0.01938,1.938
250.67,0.01938,1.938
250.68,0.01938,1.938
250.69,0.01938,1.938
250.69,0.01938,1.938
250.70,0.01938,1.938
250.71,0.01938,1.938
250.72,0.01938,1.938
250.73,0.01938,1.938
250.74,0.01938,1.938
250.75,0.01938,1.938
250.76,0.01938,1.938
250.77,0.01938,1.938
250.77,0.01938,1.938
250.78,0.01938,1.938
250.79,0.01938,1.938
250.80,0.01938,1.938
250.81,0.01938,1.938
250.82,0.01938,1.938
250.83,0.01938,1.938
250.84,0.01938,1.938
250.85,0.01938,1.938
250.85,0.01938,1.938
250.86,0.01938,1.938
250.87,0.01938,1.938
250.88,0.01938,1.938
250.89,0.01938,1.938
250.90,0.01939,1.939
250.91,0.01939,1.939
250.92,0.01939,1.939
250.93,0.01939,1.939
250.93,0.01939,1.939
250.94,0.01939,1.939
250.95,0.01939,1.939
250.96,0.01939,1.939
250.97,0.01939,1.939
250.98,0.01939,1.939
250.99,0.01939,1.939
251.00,0.01939,1.939
251.01,0.01939,1.939
251.01,0.01939,1.939
251.02,0.01939,1.939
251.03,0.01939,1.939
251.04,0.01939,1.939
251.05,0.01939,1.939
251.06,0.01939,1.939
251.07,0.01939,1.939
251.08,0.01939,1.939
251.09,0.01939,1.939
251.09,0.01939,1.939
251.10,0.01939,1.939
251.11,0.01939,1.939
251.12,0.01939,1.939
251.13,0.01939,1.939
251.14,0.01939,1.939
251.15,0.01939,1.939
251.16,0.01939,1.939
251.16,0.01939,1.939
251.17,0.01939,1.939
251.18,0.01939,1.939
251.19,0.01939,1.939
251.20,0.01940,1.940
251.21,0.01940,1.940
251.22,0.01940,1.940
251.23,0.01940,1.940
251.24,0.01940,1.940
251.24,0.01940,1.940
251.25,0.01940,1.940
251.26,0.01940,1.940
251.27,0.01940,1.940
251.28,0.01940,1.940
251.29,0.01940,1.940
251.30,0.01940,1.940
251.31,0.01940,1.940
251.32,0.01940,1.940
251.32,0.01940,1.940
251.33,0.01940,1.940
251.34,0.01940,1.940
251.35,0.01940,1.940
251.36,0.01940,1.940
251.37,0.01940,1.940
251.38,0.01940,1.940
251.39,0.01940,1.940
251.40,0.01940,1.940
251.40,0.01940,1.940
251.41,0.01940,1.940
251.42,0.01940,1.940
251.43,0.01940,1.940
251.44,0.01940,1.940
251.45,0.01940,1.940
251.46,0.01940,1.940
251.47,0.01940,1.940
251.48,0.01940,1.940
251.48,0.01940,1.940
251.49,0.01940,1.940
251.50,0.01940,1.940
251.51,0.01941,1.941
251.52,0.01941,1.941
251.53,0.01941,1.941
251.54,0.01941,1.941
251.55,0.01941,1.941
251.56,0.01941,1.941
251.56,0.01941,1.941
251.57,0.01941,1.941
251.58,0.01941,1.941
251.59,0.01941,1.941
251.60,0.01941,1.941
251.61,0.01941,1.941
251.62,0.01941,1.941
251.63,0.01941,1.941
251.63,0.01941,1.941
251.64,0.01941,1.941
251.65,0.01941,1.941
251.66,0.01941,1.941
251.67,0.01941,1.941
251.68,0.01941,1.941
251.69,0.01941,1.941
251.70,0.01941,1.941
251.71,0.01941,1.941
251.71,0.01941,1.941
251.72,0.01941,1.941
251.73,0.01941,1.941
251.74,0.01941,1.941
251.75,0.01941,1.941
251.76,0.01941,1.941
251.77,0.01941,1.941
251.78,0.01941,1.941
251.79,0.01941,1.941
251.79,0.01941,1.941
251.80,0.01941,1.941
251.81,0.01941,1.941
251.82,0.01942,1.942
251.83,0.01942,1.942
251.84,0.01942,1.942
251.85,0.01942,1.942
251.86,0.01942,1.942
251.87,0.01942,1.942
251.87,0.01942,1.942
251.88,0.01942,1.942
251.89,0.01942,1.942
251.90,0.01942,1.942
251.91,0.01942,1.942
251.92,0.01942,1.942
251.93,0.01942,1.942
251.94,0.01942,1.942
251.95,0.01942,1.942
251.95,0.01942,1.942
251.96,0.01942,1.942
251.97,0.01942,1.942
251.98,0.01942,1.942
251.99,0.01942,1.942
252.00,0.01942,1.942
252.01,0.01942,1.942
252.02,0.01942,1.942
252.02,0.01942,1.942
252.03,0.01942,1.942
252.04,0.01942,1.942
252.05,0.01942,1.942
252.06,0.01942,1.942
252.07,0.01942,1.942
252.08,0.01942,1.942
252.09,0.01942,1.942
252.10,0.01942,1.942
252.10,0.01942,1.942
252.11,0.01942,1.942
252.12,0.01942,1.942
252.13,0.01943,1.943
252.14,0.01943,1.943
252.15,0.01943,1.943
252.16,0.01943,1.943
252.17,0.01943,1.943
252.18,0.01943,1.943
252.18,0.01943,1.943
252.19,0.01943,1.943
252.20,0.01943,1.943
252.21,0.01943,1.943
252.22,0.01943,1.943
252.23,0.01943,1.943
252.24,0.01943,1.943
252.25,0.01943,1.943
252.26,0.01943,1.943
252.26,0.01943,1.943
252.27,0.01943,1.943
252.28,0.01943,1.943
252.29,0.01943,1.943
252.30,0.01943,1.943
252.31,0.01943,1.943
252.32,0.01943,1.943
252.33,0.01943,1.943
252.34,0.01943,1.943
252.34,0.01943,1.943
252.35,0.01943,1.943
252.36,0.01943,1.943
252.37,0.01943,1.943
252.38,0.01943,1.943
252.39,0.01943,1.943
252.40,0.01943,1.943
252.41,0.01943,1.943
252.42,0.01943,1.943
252.42,0.01943,1.943
252.43,0.01943,1.943
252.44,0.01944,1.944
252.45,0.01944,1.944
252.46,0.01944,1.944
252.47,0.01944,1.944
252.48,0.01944,1.944
252.49,0.01944,1.944
252.50,0.01944,1.944
252.50,0.01944,1.944
252.51,0.01944,1.944
252.52,0.01944,1.944
252.53,0.01944,1.944
252.54,0.01944,1.944
252.55,0.01944,1.944
252.56,0.01944,1.944
252.57,0.01944,1.944
252.58,0.01944,1.944
252.58,0.01944,1.944
252.59,0.01944,1.944
252.60,0.01944,1.944
252.61,0.01944,1.944
252.62,0.01944,1.944
252.63,0.01944,1.944
252.64,0.01944,1.944
252.65,0.01944,1.944
252.65,0.01944,1.944
252.66,0.01944,1.944
252.67,0.01944,1.944
252.68,0.01944,1.944
252.69,0.01944,1.944
252.70,0.01944,1.944
252.71,0.01944,1.944
252.72,0.01944,1.944
252.73,0.01944,1.944
252.73,0.01944,1.944
252.74,0.01944,1.944
252.75,0.01944,1.944
252.76,0.01945,1.945
252.77,0.01945,1.945
252.78,0.01945,1.945
252.79,0.01945,1.945
252.80,0.01945,1.945
252.81,0.01945,1.945
252.81,0.01945,1.945
252.82,0.01945,1.945
252.83,0.01945,1.945
252.84,0.01945,1.945
252.85,0.01945,1.945
252.86,0.01945,1.945
252.87,0.01945,1.945
252.88,0.01945,1.945
252.89,0.01945,1.945
252.89,0.01945,1.945
252.90,0.01945,1.945
252.91,0.01945,1.945
252.92,0.01945,1.945
252.93,0.01945,1.945
252.94,0.01945,1.945
252.95,0.01945,1.945
252.96,0.01945,1.945
252.97,0.01945,1.945
252.97,0.01945,1.945
252.98,0.01945,1.945
252.99,0.01945,1.945
253.00,0.01945,1.945
253.01,0.01945,1.945
253.02,0.01945,1.945
253.03,0.01945,1.945
253.04,0.01945,1.945
253.05,0.01945,1.945
253.05,0.01945,1.945
253.06,0.01945,1.945
253.07,0.01945,1.945
253.08,0.01946,1.946
253.09,0.01946,1.946
253.10,0.01946,1.946
253.11,0.01946,1.946
253.12,0.01946,1.946
253.13,0.01946,1.946
253.13,0.01946,1.946
253.14,0.01946,1.946
253.15,0.01946,1.946
253.16,0.01946,1.946
253.17,0.01946,1.946
253.18,0.01946,1.946
253.19,0.01946,1.946
253.20,0.01946,1.946
253.21,0.01946,1.946
253.21,0.01946,1.946
253.22,0.01946,1.946
253.23,0.01946,1.946
253.24,0.01946,1.946
253.25,0.01946,1.946
253.26,0.01946,1.946
253.27,0.01946,1.946
253.28,0.01946,1.946
253.29,0.01946,1.946
253.29,0.01946,1.946
253.30,0.01946,1.946
253.31,0.01946,1.946
253.32,0.01946,1.946
253.33,0.01946,1.946
253.34,0.01946,1.946
253.35,0.01946,1.946
253.36,0.01946,1.946
253.36,0.01946,1.946
253.37,0.01946,1.946
253.38,0.01946,1.946
253.39,0.01946,1.946
253.40,0.01947,1.947
253.41,0.01947,1.947
253.42,0.01947,1.947
253.43,0.01947,1.947
253.44,0.01947,1.947
253.44,0.01947,1.947
253.45,0.01947,1.947
253.46,0.01947,1.947
253.47,0.01947,1.947
253.48,0.01947,1.947
253.49,0.01947,1.947
253.50,0.01947,1.947
253.51,0.01947,1.947
253.52,0.01947,1.947
253.52,0.01947,1.947
253.53,0.01947,1.947
253.54,0.01947,1.947
253.55,0.01947,1.947
253.56,0.01947,1.947
253.57,0.01947,1.947
253.58,0.01947,1.947
253.59,0.01947,1.947
253.60,0.01947,1.947
253.60,0.01947,1.947
253.61,0.01947,1.947
253.62,0.01947,1.947
253.63,0.01947,1.947
253.64,0.01947,1.947
253.65,0.01947,1.947
253.66,0.01947,1.947
253.67,0.01947,1.947
253.68,0.01947,1.947
253.68,0.01947,1.947
253.69,0.01947,1.947
253.70,0.01947,1.947
253.71,0.01947,1.947
253.72,0.01947,1.947
253.73,0.01948,1.948
253.74,0.01948,1.948
253.75,0.01948,1.948
253.76,0.01948,1.948
253.76,0.01948,1.948
253.77,0.01948,1.948
253.78,0.01948,1.948
253.79,0.01948,1.948
253.80,0.01948,1.948
253.81,0.01948,1.948
253.82,0.01948,1.948
253.83,0.01948,1.948
253.84,0.01948,1.948
253.84,0.01948,1.948
253.85,0.01948,1.948
253.86,0.01948,1.948
253.87,0.01948,1.948
253.88,0.01948,1.948
253.89,0.01948,1.948
253.90,0.01948,1.948
253.91,0.01948,1.948
253.92,0.01948,1.948
253.92,0.01948,1.948
253.93,0.01948,1.948
253.94,0.01948,1.948
253.95,0.01948,1.948
253.96,0.01948,1.948
253.97,0.01948,1.948
253.98,0.01948,1.948
253.99,0.01948,1.948
254.00,0.01948,1.948
254.00,0.01948,1.948
254.01,0.01948,1.948
254.02,0.01948,1.948
254.03,0.01948,1.948
254.04,0.01948,1.948
254.05,0.01948,1.948
254.06,0.01949,1.949
254.07,0.01949,1.949
254.07,0.01949,1.949
254.08,0.01949,1.949
254.09,0.01949,1.949
254.10,0.01949,1.949
254.11,0.01949,1.949
254.12,0.01949,1.949
254.13,0.01949,1.949
254.14,0.01949,1.949
254.15,0.01949,1.949
254.15,0.01949,1.949
254.16,0.01949,1.949
254.17,0.01949,1.949
254.18,0.01949,1.949
254.19,0.01949,1.949
254.20,0.01949,1.949
254.21,0.01949,1.949
254.22,0.01949,1.949
254.23,0.01949,1.949
254.23,0.01949,1.949
254.24,0.01949,1.949
254.25,0.01949,1.949
254.26,0.01949,1.949
254.27,0.01949,1.949
254.28,0.01949,1.949
254.29,0.01949,1.949
254.30,0.01949,1.949
254.31,0.01949,1.949
254.31,0.01949,1.949
254.32,0.01949,1.949
254.33,0.01949,1.949
254.34,0.01949,1.949
254.35,0.01949,1.949
254.36,0.01949,1.949
254.37,0.01949,1.949
254.38,0.01949,1.949
254.39,0.01950,1.950
254.39,0.01950,1.950
254.40,0.01950,1.950
254.41,0.01950,1.950
254.42,0.01950,1.950
254.43,0.01950,1.950
254.44,0.01950,1.950
254.45,0.01950,1.950
254.46,0.01950,1.950
254.47,0.01950,1.950
254.47,0.01950,1.950
254.48,0.01950,1.950
254.49,0.01950,1.950
254.50,0.01950,1.950
254.51,0.01950,1.950
254.52,0.01950,1.950
254.53,0.01950,1.950
254.54,0.01950,1.950
254.55,0.01950,1.950
254.55,0.01950,1.950
254.56,0.01950,1.950
254.57,0.01950,1.950
254.58,0.01950,1.950
254.59,0.01950,1.950
254.60,0.01950,1.950
254.61,0.01950,1.950
254.62,0.01950,1.950
254.63,0.01950,1.950
254.63,0.01950,1.950
254.64,0.01950,1.950
254.65,0.01950,1.950
254.66,0.01950,1.950
254.67,0.01950,1.950
254.68,0.01950,1.950
254.69,0.01950,1.950
254.70,0.01950,1.950
254.70,0.01950,1.950
254.71,0.01950,1.950
254.72,0.01951,1.951
254.73,0.01951,1.951
254.74,0.01951,1.951
254.75,0.01951,1.951
254.76,0.01951,1.951
254.77,0.01951,1.951
254.78,0.01951,1.951
254.78,0.01951,1.951
254.79,0.01951,1.951
254.80,0.01951,1.951
254.81,0.01951,1.951
254.82,0.01951,1.951
254.83,0.01951,1.951
254.84,0.01951,1.951
254.85,0.01951,1.951
254.86,0.01951,1.951
254.86,0.01951,1.951
254.87,0.01951,1.951
254.88,0.01951,1.951
254.89,0.01951,1.951
254.90,0.01951,1.951
254.91,0.01951,1.951
254.92,0.01951,1.951
254.93,0.01951,1.951
254.94,0.01951,1.951
254.94,0.01951,1.951
254.95,0.01951,1.951
254.96,0.01951,1.951
254.97,0.01951,1.951
254.98,0.01951,1.951
254.99,0.01951,1.951
255.00,0.01951,1.951
255.01,0.01951,1.951
255.02,0.01951,1.951
255.02,0.01951,1.951
255.03,0.01951,1.951
255.04,0.01951,1.951
255.05,0.01951,1.951
255.06,0.01952,1.952
255.07,0.01952,1.952
255.08,0.01952,1.952
255.09,0.01952,1.952
255.10,0.01952,1.952
255.10,0.01952,1.952
255.11,0.01952,1.952
255.12,0.01952,1.952
255.13,0.01952,1.952
255.14,0.01952,1.952
255.15,0.01952,1.952
255.16,0.01952,1.952
255.17,0.01952,1.952
255.18,0.01952,1.952
255.18,0.01952,1.952
255.19,0.01952,1.952
255.20,0.01952,1.952
255.21,0.01952,1.952
255.22,0.01952,1.952
255.23,0.01952,1.952
255.24,0.01952,1.952
255.25,0.01952,1.952
255.26,0.01952,1.952
255.26,0.01952,1.952
255.27,0.01952,1.952
255.28,0.01952,1.952
255.29,0.01952,1.952
255.30,0.01952,1.952
255.31,0.01952,1.952
255.32,0.01952,1.952
255.33,0.01952,1.952
255.33,0.01952,1.952
255.34,0.01952,1.952
255.35,0.01952,1.952
255.36,0.01952,1.952
255.37,0.01952,1.952
255.38,0.01952,1.952
255.39,0.01952,1.952
255.40,0.01952,1.952
255.41,0.01953,1.953
255.41,0.01953,1.953
255.42,0.01953,1.953
255.43,0.01953,1.953
255.44,0.01953,1.953
255.45,0.01953,1.953
255.46,0.01953,1.953
255.47,0.01953,1.953
255.48,0.01953,1.953
255.49,0.01953,1.953
255.49,0.01953,1.953
255.50,0.01953,1.953
255.51,0.01953,1.953
255.52,0.01953,1.953
255.53,0.01953,1.953
255.54,0.01953,1.953
255.55,0.01953,1.953
255.56,0.01953,1.953
255.57,0.01953,1.953
255.57,0.01953,1.953
255.58,0.01953,1.953
255.59,0.01953,1.953
255.60,0.01953,1.953
255.61,0.01953,1.953
255.62,0.01953,1.953
255.63,0.01953,1.953
255.64,0.01953,1.953
255.65,0.01953,1.953
255.65,0.01953,1.953
255.66,0.01953,1.953
255.67,0.01953,1.953
255.68,0.01953,1.953
255.69,0.01953,1.953
255.70,0.01953,1.953
255.71,0.01953,1.953
255.72,0.01953,1.953
255.73,0.01953,1.953
255.73,0.01953,1.953
255.74,0.01954,1.954
255.75,0.01954,1.954
255.76,0.01954,1.954
255.77,0.01954,1.954
255.78,0.01954,1.954
255.79,0.01954,1.954
255.80,0.01954,1.954
255.81,0.01954,1.954
255.81,0.01954,1.954
255.82,0.01954,1.954
255.83,0.01954,1.954
255.84,0.01954,1.954
255.85,0.01954,1.954
255.86,0.01954,1.954
255.87,0.01954,1.954
255.88,0.01954,1.954
255.89,0.01954,1.954
255.89,0.01954,1.954
255.90,0.01954,1.954
255.91,0.01954,1.954
255.92,0.01954,1.954
255.93,0.01954,1.954
255.94,0.01954,1.954
255.95,0.01954,1.954
255.96,0.01954,1.954
255.97,0.01954,1.954
255.97,0.01954,1.954
255.98,0.01954,1.954
255.99,0.01954,1.954
256.00,0.01954,1.954
256.01,0.01954,1.954
256.02,0.01954,1.954
256.03,0.01954,1.954
256.04,0.01954,1.954
256.05,0.01954,1.954
256.05,0.01954,1.954
256.06,0.01954,1.954
256.07,0.01954,1.954
256.08,0.01954,1.954
256.09,0.01955,1.955
256.10,0.01955,1.955
256.11,0.01955,1.955
256.12,0.01955,1.955
256.13,0.01955,1.955
256.13,0.01955,1.955
256.14,0.01955,1.955
256.15,0.01955,1.955
256.16,0.01955,1.955
256.17,0.01955,1.955
256.18,0.01955,1.955
256.19,0.01955,1.955
256.20,0.01955,1.955
256.21,0.01955,1.955
256.21,0.01955,1.955
256.22,0.01955,1.955
256.23,0.01955,1.955
256.24,0.01955,1.955
256.25,0.01955,1.955
256.26,0.01955,1.955
256.27,0.01955,1.955
256.28,0.01955,1.955
256.29,0.01955,1.955
256.29,0.01955,1.955
256.30,0.01955,1.955
256.31,0.01955,1.955
256.32,0.01955,1.955
256.33,0.01955,1.955
256.34,0.01955,1.955
256.35,0.01955,1.955
256.36,0.01955,1.955
256.37,0.01955,1.955
256.37,0.01955,1.955
256.38,0.01955,1.955
256.39,0.01955,1.955
256.40,0.01955,1.955
256.41,0.01955,1.955
256.42,0.01955,1.955
256.43,0.01955,1.955
256.44,0.01956,1.956
256.45,0.01956,1.956
256.45,0.01956,1.956
256.46,0.01956,1.956
256.47,0.01956,1.956
256.48,0.01956,1.956
256.49,0.01956,1.956
256.50,0.01956,1.956
256.51,0.01956,1.956
256.52,0.01956,1.956
256.52,0.01956,1.956
256.53,0.01956,1.956
256.54,0.01956,1.956
256.55,0.01956,1.956
256.56,0.01956,1.956
256.57,0.01956,1.956
256.58,0.01956,1.956
256.59,0.01956,1.956
256.60,0.01956,1.956
256.60,0.01956,1.956
256.61,0.01956,1.956
256.62,0.01956,1.956
256.63,0.01956,1.956
256.64,0.01956,1.956
256.65,0.01956,1.956
256.66,0.01956,1.956
256.67,0.01956,1.956
256.68,0.01956,1.956
256.68,0.01956,1.956
256.69,0.01956,1.956
256.70,0.01956,1.956
256.71,0.01956,1.956
256.72,0.01956,1.956
256.73,0.01956,1.956
256.74,0.01956,1.956
256.75,0.01956,1.956
256.76,0.01956,1.956
256.76,0.01956,1.956
256.77,0.01956,1.956
256.78,0.01957,1.957
256.79,0.01957,1.957
256.80,0.01957,1.957
256.81,0.01957,1.957
256.82,0.01957,1.957
256.83,0.01957,1.957
256.84,0.01957,1.957
256.84,0.01957,1.957
256.85,0.01957,1.957
256.86,0.01957,1.957
256.87,0.01957,1.957
256.88,0.01957,1.957
256.89,0.01957,1.957
256.90,0.01957,1.957
256.91,0.01957,1.957
256.92,0.01957,1.957
256.92,0.01957,1.957
256.93,0.01957,1.957
256.94,0.01957,1.957
256.95,0.01957,1.957
256.96,0.01957,1.957
256.97,0.01957,1.957
256.98,0.01957,1.957
256.99,0.01957,1.957
257.00,0.01957,1.957
257.00,0.01957,1.957
257.01,0.01957,1.957
257.02,0.01957,1.957
257.03,0.01957,1.957
257.04,0.01957,1.957
257.05,0.01957,1.957
257.06,0.01957,1.957
257.07,0.01957,1.957
257.08,0.01957,1.957
257.08,0.01957,1.957
257.09,0.01957,1.957
257.10,0.01957,1.957
257.11,0.01957,1.957
257.12,0.01957,1.957
257.13,0.01958,1.958
257.14,0.01958,1.958
257.15,0.01958,1.958
257.16,0.01958,1.958
257.16,0.01958,1.958
257.17,0.01958,1.958
257.18,0.01958,1.958
257.19,0.01958,1.958
257.20,0.01958,1.958
257.21,0.01958,1.958
257.22,0.01958,1.958
257.23,0.01958,1.958
257.24,0.01958,1.958
257.24,0.01958,1.958
257.25,0.01958,1.958
257.26,0.01958,1.958
257.27,0.01958,1.958
257.28,0.01958,1.958
257.29,0.01958,1.958
257.30,0.01958,1.958
257.31,0.01958,1.958
257.32,0.01958,1.958
257.32,0.01958,1.958
257.33,0.01958,1.958
257.34,0.01958,1.958
257.35,0.01958,1.958
257.36,0.01958,1.958
257.37,0.01958,1.958
257.38,0.01958,1.958
257.39,0.01958,1.958
257.40,0.01958,1.958
257.40,0.01958,1.958
257.41,0.01958,1.958
257.42,0.01958,1.958
257.43,0.01958,1.958
257.44,0.01958,1.958
257.45,0.01958,1.958
257.46,0.01958,1.958
257.47,0.01958,1.958
257.48,0.01958,1.958
257.48,0.01959,1.959
257.49,0.01959,1.959
257.50,0.01959,1.959
257.51,0.01959,1.959
257.52,0.01959,1.959
257.53,0.01959,1.959
257.54,0.01959,1.959
257.55,0.01959,1.959
257.56,0.01959,1.959
257.56,0.01959,1.959
257.57,0.01959,1.959
257.58,0.01959,1.959
257.59,0.01959,1.959
257.60,0.01959,1.959
257.61,0.01959,1.959
257.62,0.01959,1.959
257.63,0.01959,1.959
257.64,0.01959,1.959
257.64,0.01959,1.959
257.65,0.01959,1.959
257.66,0.01959,1.959
257.67,0.01959,1.959
257.68,0.01959,1.959
257.69,0.01959,1.959
257.70,0.01959,1.959
257.71,0.01959,1.959
257.72,0.01959,1.959
257.72,0.01959,1.959
257.73,0.01959,1.959
257.74,0.01959,1.959
257.75,0.01959,1.959
257.76,0.01959,1.959
257.77,0.01959,1.959
257.78,0.01959,1.959
257.79,0.01959,1.959
257.79,0.01959,1.959
257.80,0.01959,1.959
257.81,0.01959,1.959
257.82,0.01959,1.959
257.83,0.01960,1.960
257.84,0.01960,1.960
257.85,0.01960,1.960
257.86,0.01960,1.960
257.87,0.01960,1.960
257.87,0.01960,1.960
257.88,0.01960,1.960
257.89,0.01960,1.960
257.90,0.01960,1.960
257.91,0.01960,1.960
257.92,0.01960,1.960
257.93,0.01960,1.960
257.94,0.01960,1.960
257.95,0.01960,1.960
257.95,0.01960,1.960
257.96,0.01960,1.960
257.97,0.01960,1.960
257.98,0.01960,1.960
257.99,0.01960,1.960
258.00,0.01960,1.960
258.01,0.01960,1.960
258.02,0.01960,1.960
258.03,0.01960,1.960
258.03,0.01960,1.960
258.04,0.01960,1.960
258.05,0.01960,1.960
258.06,0.01960,1.960
258.07,0.01960,1.960
258.08,0.01960,1.960
258.09,0.01960,1.960
258.10,0.01960,1.960
258.11,0.01960,1.960
258.11,0.01960,1.960
258.12,0.01960,1.960
258.13,0.01960,1.960
258.14,0.01960,1.960
258.15,0.01960,1.960
258.16,0.01960,1.960
258.17,0.01960,1.960
258.18,0.01960,1.960
258.19,0.01961,1.961
258.19,0.01961,1.961
258.20,0.01961,1.961
258.21,0.01961,1.961
258.22,0.01961,1.961
258.23,0.01961,1.961
258.24,0.01961,1.961
258.25,0.01961,1.961
258.26,0.01961,1.961
258.27,0.01961,1.961
258.27,0.01961,1.961
258.28,0.01961,1.961
258.29,0.01961,1.961
258.30,0.01961,1.961
258.31,0.01961,1.961
258.32,0.01961,1.961
258.33,0.01961,1.961
258.34,0.01961,1.961
258.35,0.01961,1.961
258.35,0.01961,1.961
258.36,0.01961,1.961
258.37,0.01961,1.961
258.38,0.01961,1.961
258.39,0.01961,1.961
258.40,0.01961,1.961
258.41,0.01961,1.961
258.42,0.01961,1.961
258.43,0.01961,1.961
258.43,0.01961,1.961
258.44,0.01961,1.961
258.45,0.01961,1.961
258.46,0.01961,1.961
258.47,0.01961,1.961
258.48,0.01961,1.961
258.49,0.01961,1.961
258.50,0.01961,1.961
258.51,0.01961,1.961
258.51,0.01961,1.961
258.52,0.01961,1.961
258.53,0.01961,1.961
258.54,0.01961,1.961
258.55,0.01962,1.962
258.56,0.01962,1.962
258.57,0.01962,1.962
258.58,0.01962,1.962
258.59,0.01962,1.962
258.59,0.01962,1.962
258.60,0.01962,1.962
258.61,0.01962,1.962
258.62,0.01962,1.962
258.63,0.01962,1.962
258.64,0.01962,1.962
258.65,0.01962,1.962
258.66,0.01962,1.962
258.67,0.01962,1.962
258.67,0.01962,1.962
258.68,0.01962,1.962
258.69,0.01962,1.962
258.70,0.01962,1.962
258.71,0.01962,1.962
258.72,0.01962,1.962
258.73,0.01962,1.962
258.74,0.01962,1.962
258.75,0.01962,1.962
258.75,0.01962,1.962
258.76,0.01962,1.962
258.77,0.01962,1.962
258.78,0.01962,1.962
258.79,0.01962,1.962
258.80,0.01962,1.962
258.81,0.01962,1.962
258.82,0.01962,1.962
258.83,0.01962,1.962
258.83,0.01962,1.962
258.84,0.01962,1.962
258.85,0.01962,1.962
258.86,0.01962,1.962
258.87,0.01962,1.962
258.88,0.01962,1.962
258.89,0.01962,1.962
258.90,0.01962,1.962
258.91,0.01962,1.962
258.91,0.01963,1.963
258.92,0.01963,1.963
258.93,0.01963,1.963
258.94,0.01963,1.963
258.95,0.01963,1.963
258.96,0.01963,1.963
258.97,0.01963,1.963
258.98,0.01963,1.963
258.99,0.01963,1.963
258.99,0.01963,1.963
259.00,0.01963,1.963
259.01,0.01963,1.963
259.02,0.01963,1.963
259.03,0.01963,1.963
259.04,0.01963,1.963
259.05,0.01963,1.963
259.06,0.01963,1.963
259.07,0.01963,1.963
259.07,0.01963,1.963
259.08,0.01963,1.963
259.09,0.01963,1.963
259.10,0.01963,1.963
259.11,0.01963,1.963
259.12,0.01963,1.963
259.13,0.01963,1.963
259.14,0.01963,1.963
259.15,0.01963,1.963
259.15,0.01963,1.963
259.16,0.01963,1.963
259.17,0.01963,1.963
259.18,0.01963,1.963
259.19,0.01963,1.963
259.20,0.01963,1.963
259.21,0.01963,1.963
259.22,0.01963,1.963
259.23,0.01963,1.963
259.23,0.01963,1.963
259.24,0.01963,1.963
259.25,0.01963,1.963
259.26,0.01963,1.963
259.27,0.01963,1.963
259.28,0.01964,1.964
259.29,0.01964,1.964
259.30,0.01964,1.964
259.31,0.01964,1.964
259.31,0.01964,1.964
259.32,0.01964,1.964
259.33,0.01964,1.964
259.34,0.01964,1.964
259.35,0.01964,1.964
259.36,0.01964,1.964
259.37,0.01964,1.964
259.38,0.01964,1.964
259.39,0.01964,1.964
259.39,0.01964,1.964
259.40,0.01964,1.964
259.41,0.01964,1.964
259.42,0.01964,1.964
259.43,0.01964,1.964
259.44,0.01964,1.964
259.45,0.01964,1.964
259.46,0.01964,1.964
259.47,0.01964,1.964
259.47,0.01964,1.964
259.48,0.01964,1.964
259.49,0.01964,1.964
259.50,0.01964,1.964
259.51,0.01964,1.964
259.52,0.01964,1.964
259.53,0.01964,1.964
259.54,0.01964,1.964
259.55,0.01964,1.964
259.55,0.01964,1.964
259.56,0.01964,1.964
259.57,0.01964,1.964
259.58,0.01964,1.964
259.59,0.01964,1.964
259.60,0.01964,1.964
259.61,0.01964,1.964
259.62,0.01964,1.964
259.63,0.01964,1.964
259.63,0.01964,1.964
259.64,0.01965,1.965
259.65,0.01965,1.965
259.66,0.01965,1.965
259.67,0.01965,1.965
259.68,0.01965,1.965
259.69,0.01965,1.965
259.70,0.01965,1.965
259.71,0.01965,1.965
259.71,0.01965,1.965
259.72,0.01965,1.965
259.73,0.01965,1.965
259.74,0.01965,1.965
259.75,0.01965,1.965
259.76,0.01965,1.965
259.77,0.01965,1.965
259.78,0.01965,1.965
259.79,0.01965,1.965
259.79,0.01965,1.965
259.80,0.01965,1.965
259.81,0.01965,1.965
259.82,0.01965,1.965
259.83,0.01965,1.965
259.84,0.01965,1.965
259.85,0.01965,1.965
259.86,0.01965,1.965
259.87,0.01965,1.965
259.87,0.01965,1.965
259.88,0.01965,1.965
259.89,0.01965,1.965
259.90,0.01965,1.965
259.91,0.01965,1.965
259.92,0.01965,1.965
259.93,0.01965,1.965
259.94,0.01965,1.965
259.94,0.01965,1.965
259.95,0.01965,1.965
259.96,0.01965,1.965
259.97,0.01965,1.965
259.98,0.01965,1.965
259.99,0.01965,1.965
260.00,0.01965,1.965
260.01,0.01965,1.965
260.02,0.01966,1.966
260.02,0.01966,1.966
260.03,0.01966,1.966
260.04,0.01966,1.966
260.05,0.01966,1.966
260.06,0.01966,1.966
260.07,0.01966,1.966
260.08,0.01966,1.966
260.09,0.01966,1.966
260.10,0.01966,1.966
260.10,0.01966,1.966
260.11,0.01966,1.966
260.12,0.01966,1.966
260.13,0.01966,1.966
260.14,0.01966,1.966
260.15,0.01966,1.966
260.16,0.01966,1.966
260.17,0.01966,1.966
260.18,0.01966,1.966
260.18,0.01966,1.966
260.19,0.01966,1.966
260.20,0.01966,1.966
260.21,0.01966,1.966
260.22,0.01966,1.966
260.23,0.01966,1.966
260.24,0.01966,1.966
260.25,0.01966,1.966
260.26,0.01966,1.966
260.26,0.01966,1.966
260.27,0.01966,1.966
260.28,0.01966,1.966
260.29,0.01966,1.966
260.30,0.01966,1.966
260.31,0.01966,1.966
260.32,0.01966,1.966
260.33,0.01966,1.966
260.34,0.01966,1.966
260.34,0.01966,1.966
260.35,0.01966,1.966
260.36,0.01966,1.966
260.37,0.01966,1.966
260.38,0.01966,1.966
260.39,0.01966,1.966
260.40,0.01967,1.967
260.41,0.01967,1.967
260.42,0.01967,1.967
260.42,0.01967,1.967
260.43,0.01967,1.967
260.44,0.01967,1.967
260.45,0.01967,1.967
260.46,0.01967,1.967
260.47,0.01967,1.967
260.48,0.01967,1.967
260.49,0.01967,1.967
260.50,0.01967,1.967
260.50,0.01967,1.967
260.51,0.01967,1.967
260.52,0.01967,1.967
260.53,0.01967,1.967
260.54,0.01967,1.967
260.55,0.01967,1.967
260.56,0.01967,1.967
260.57,0.01967,1.967
260.58,0.01967,1.967
260.58,0.01967,1.967
260.59,0.01967,1.967
260.60,0.01967,1.967
260.61,0.01967,1.967
260.62,0.01967,1.967
260.63,0.01967,1.967
260.64,0.01967,1.967
260.65,0.01967,1.967
260.66,0.01967,1.967
260.66,0.01967,1.967
260.67,0.01967,1.967
260.68,0.01967,1.967
260.69,0.01967,1.967
260.70,0.01967,1.967
260.71,0.01967,1.967
260.72,0.01967,1.967
260.73,0.01967,1.967
260.74,0.01967,1.967
260.75,0.01967,1.967
260.75,0.01967,1.967
260.76,0.01967,1.967
260.77,0.01967,1.967
260.78,0.01968,1.968
260.79,0.01968,1.968
260.80,0.01968,1.968
260.81,0.01968,1.968
260.82,0.01968,1.968
260.83,0.01968,1.968
260.83,0.01968,1.968
260.84,0.01968,1.968
260.85,0.01968,1.968
260.86,0.01968,1.968
260.87,0.01968,1.968
260.88,0.01968,1.968
260.89,0.01968,1.968
260.90,0.01968,1.968
260.91,0.01968,1.968
260.91,0.01968,1.968
260.92,0.01968,1.968
260.93,0.01968,1.968
260.94,0.01968,1.968
260.95,0.01968,1.968
260.96,0.01968,1.968
260.97,0.01968,1.968
260.98,0.01968,1.968
260.99,0.01968,1.968
260.99,0.01968,1.968
261.00,0.01968,1.968
261.01,0.01968,1.968
261.02,0.01968,1.968
261.03,0.01968,1.968
261.04,0.01968,1.968
261.05,0.01968,1.968
261.06,0.01968,1.968
261.07,0.01968,1.968
261.07,0.01968,1.968
261.08,0.01968,1.968
261.09,0.01968,1.968
261.10,0.01968,1.968
261.11,0.01968,1.968
261.12,0.01968,1.968
261.13,0.01968,1.968
261.14,0.01968,1.968
261.15,0.01968,1.968
261.15,0.01968,1.968
261.16,0.01969,1.969
261.17,0.01969,1.969
261.18,0.01969,1.969
261.19,0.01969,1.969
261.20,0.01969,1.969
261.21,0.01969,1.969
261.22,0.01969,1.969
261.23,0.01969,1.969
261.23,0.01969,1.969
261.24,0.01969,1.969
261.25,0.01969,1.969
261.26,0.01969,1.969
261.27,0.01969,1.969
261.28,0.01969,1.969
261.29,0.01969,1.969
261.30,0.01969,1.969
261.31,0.01969,1.969
261.31,0.01969,1.969
261.32,0.01969,1.969
261.33,0.01969,1.969
261.34,0.01969,1.969
261.35,0.01969,1.969
261.36,0.01969,1.969
261.37,0.01969,1.969
261.38,0.01969,1.969
261.39,0.01969,1.969
261.39,0.01969,1.969
261.40,0.01969,1.969
261.41,0.01969,1.969
261.42,0.01969,1.969
261.43,0.01969,1.969
261.44,0.01969,1.969
261.45,0.01969,1.969
261.46,0.01969,1.969
261.47,0.01969,1.969
261.47,0.01969,1.969
261.48,0.01969,1.969
261.49,0.01969,1.969
261.50,0.01969,1.969
261.51,0.01969,1.969
261.52,0.01969,1.969
261.53,0.01969,1.969
261.54,0.01969,1.969
261.55,0.01969,1.969
261.55,0.01970,1.970
261.56,0.01970,1.970
261.57,0.01970,1.970
261.58,0.01970,1.970
261.59,0.01970,1.970
261.60,0.01970,1.970
261.61,0.01970,1.970
261.62,0.01970,1.970
261.63,0.01970,1.970
261.63,0.01970,1.970
261.64,0.01970,1.970
261.65,0.01970,1.970
261.66,0.01970,1.970
261.67,0.01970,1.970
261.68,0.01970,1.970
261.69,0.01970,1.970
261.70,0.01970,1.970
261.70,0.01970,1.970
261.71,0.01970,1.970
261.72,0.01970,1.970
261.73,0.01970,1.970
261.74,0.01970,1.970
261.75,0.01970,1.970
261.76,0.01970,1.970
261.77,0.01970,1.970
261.78,0.01970,1.970
261.78,0.01970,1.970
261.79,0.01970,1.970
261.80,0.01970,1.970
261.81,0.01970,1.970
261.82,0.01970,1.970
261.83,0.01970,1.970
261.84,0.01970,1.970
261.85,0.01970,1.970
261.86,0.01970,1.970
261.86,0.01970,1.970
261.87,0.01970,1.970
261.88,0.01970,1.970
261.89,0.01970,1.970
261.90,0.01970,1.970
261.91,0.01970,1.970
261.92,0.01970,1.970
261.93,0.01970,1.970
261.94,0.01970,1.970
261.94,0.01971,1.971
261.95,0.01971,1.971
261.96,0.01971,1.971
261.97,0.01971,1.971
261.98,0.01971,1.971
261.99,0.01971,1.971
262.00,0.01971,1.971
262.01,0.01971,1.971
262.02,0.01971,1.971
262.02,0.01971,1.971
262.03,0.01971,1.971
262.04,0.01971,1.971
262.05,0.01971,1.971
262.06,0.01971,1.971
262.07,0.01971,1.971
262.08,0.01971,1.971
262.09,0.01971,1.971
262.10,0.01971,1.971
262.10,0.01971,1.971
262.11,0.01971,1.971
262.12,0.01971,1.971
262.13,0.01971,1.971
262.14,0.01971,1.971
262.15,0.01971,1.971
262.16,0.01971,1.971
262.17,0.01971,1.971
262.18,0.01971,1.971
262.18,0.01971,1.971
262.19,0.01971,1.971
262.20,0.01971,1.971
262.21,0.01971,1.971
262.22,0.01971,1.971
262.23,0.01971,1.971
262.24,0.01971,1.971
262.25,0.01971,1.971
262.26,0.01971,1.971
262.27,0.01971,1.971
262.27,0.01971,1.971
262.28,0.01971,1.971
262.29,0.01971,1.971
262.30,0.01971,1.971
262.31,0.01971,1.971
262.32,0.01971,1.971
262.33,0.01971,1.971
262.34,0.01971,1.971
262.35,0.01972,1.972
262.35,0.01972,1.972
262.36,0.01972,1.972
262.37,0.01972,1.972
262.38,0.01972,1.972
262.39,0.01972,1.972
262.40,0.01972,1.972
262.41,0.01972,1.972
262.42,0.01972,1.972
262.43,0.01972,1.972
262.43,0.01972,1.972
262.44,0.01972,1.972
262.45,0.01972,1.972
262.46,0.01972,1.972
262.47,0.01972,1.972
262.48,0.01972,1.972
262.49,0.01972,1.972
262.50,0.01972,1.972
262.51,0.01972,1.972
262.51,0.01972,1.972
262.52,0.01972,1.972
262.53,0.01972,1.972
262.54,0.01972,1.972
262.55,0.01972,1.972
262.56,0.01972,1.972
262.57,0.01972,1.972
262.58,0.01972,1.972
262.59,0.01972,1.972
262.59,0.01972,1.972
262.60,0.01972,1.972
262.61,0.01972,1.972
262.62,0.01972,1.972
262.63,0.01972,1.972
262.64,0.01972,1.972
262.65,0.01972,1.972
262.66,0.01972,1.972
262.67,0.01972,1.972
262.67,0.01972,1.972
262.68,0.01972,1.972
262.69,0.01972,1.972
262.70,0.01972,1.972
262.71,0.01972,1.972
262.72,0.01972,1.972
262.73,0.01972,1.972
262.74,0.01972,1.972
262.75,0.01973,1.973
262.75,0.01973,1.973
262.76,0.01973,1.973
262.77,0.01973,1.973
262.78,0.01973,1.973
262.79,0.01973,1.973
262.80,0.01973,1.973
262.81,0.01973,1.973
262.82,0.01973,1.973
262.83,0.01973,1.973
262.83,0.01973,1.973
262.84,0.01973,1.973
262.85,0.01973,1.973
262.86,0.01973,1.973
262.87,0.01973,1.973
262.88,0.01973,1.973
262.89,0.01973,1.973
262.90,0.01973,1.973
262.91,0.01973,1.973
262.91,0.01973,1.973
262.92,0.01973,1.973
262.93,0.01973,1.973
262.94,0.01973,1.973
262.95,0.01973,1.973
262.96,0.01973,1.973
262.97,0.01973,1.973
262.98,0.01973,1.973
262.99,0.01973,1.973
262.99,0.01973,1.973
263.00,0.01973,1.973
263.01,0.01973,1.973
263.02,0.01973,1.973
263.03,0.01973,1.973
263.04,0.01973,1.973
263.05,0.01973,1.973
263.06,0.01973,1.973
263.07,0.01973,1.973
263.07,0.01973,1.973
263.08,0.01973,1.973
263.09,0.01973,1.973
263.10,0.01973,1.973
263.11,0.01973,1.973
263.12,0.01973,1.973
263.13,0.01973,1.973
263.14,0.01973,1.973
263.15,0.01974,1.974
263.15,0.01974,1.974
263.16,0.01974,1.974
263.17,0.01974,1.974
263.18,0.01974,1.974
263.19,0.01974,1.974
263.20,0.01974,1.974
263.21,0.01974,1.974
263.22,0.01974,1.974
263.23,0.01974,1.974
263.23,0.01974,1.974
263.24,0.01974,1.974
263.25,0.01974,1.974
263.26,0.01974,1.974
263.27,0.01974,1.974
263.28,0.01974,1.974
263.29,0.01974,1.974
263.30,0.01974,1.974
263.31,0.01974,1.974
263.31,0.01974,1.974
263.32,0.01974,1.974
263.33,0.01974,1.974
263.34,0.01974,1.974
263.35,0.01974,1.974
263.36,0.01974,1.974
263.37,0.01974,1.974
263.38,0.01974,1.974
263.39,0.01974,1.974
263.39,0.01974,1.974
263.40,0.01974,1.974
263.41,0.01974,1.974
263.42,0.01974,1.974
263.43,0.01974,1.974
263.44,0.01974,1.974
263.45,0.01974,1.974
263.46,0.01974,1.974
263.47,0.01974,1.974
263.47,0.01974,1.974
263.48,0.01974,1.974
263.49,0.01974,1.974
263.50,0.01974,1.974
263.51,0.01974,1.974
263.52,0.01974,1.974
263.53,0.01974,1.974
263.54,0.01974,1.974
263.55,0.01975,1.975
263.55,0.01975,1.975
263.56,0.01975,1.975
263.57,0.01975,1.975
263.58,0.01975,1.975
263.59,0.01975,1.975
263.60,0.01975,1.975
263.61,0.01975,1.975
263.62,0.01975,1.975
263.63,0.01975,1.975
263.63,0.01975,1.975
263.64,0.01975,1.975
263.65,0.01975,1.975
263.66,0.01975,1.975
263.67,0.01975,1.975
263.68,0.01975,1.975
263.69,0.01975,1.975
263.70,0.01975,1.975
263.71,0.01975,1.975
263.71,0.01975,1.975
263.72,0.01975,1.975
263.73,0.01975,1.975
263.74,0.01975,1.975
263.75,0.01975,1.975
263.76,0.01975,1.975
263.77,0.01975,1.975
263.78,0.01975,1.975
263.79,0.01975,1.975
263.79,0.01975,1.975
263.80,0.01975,1.975
263.81,0.01975,1.975
263.82,0.01975,1.975
263.83,0.01975,1.975
263.84,0.01975,1.975
263.85,0.01975,1.975
263.86,0.01975,1.975
263.87,0.01975,1.975
263.87,0.01975,1.975
263.88,0.01975,1.975
263.89,0.01975,1.975
263.90,0.01975,1.975
263.91,0.01975,1.975
263.92,0.01975,1.975
263.93,0.01975,1.975
263.94,0.01975,1.975
263.95,0.01976,1.976
263.95,0.01976,1.976
263.96,0.01976,1.976
263.97,0.01976,1.976
263.98,0.01976,1.976
263.99,0.01976,1.976
264.00,0.01976,1.976
264.01,0.01976,1.976
264.02,0.01976,1.976
264.03,0.01976,1.976
264.03,0.01976,1.976
264.04,0.01976,1.976
264.05,0.01976,1.976
264.06,0.01976,1.976
264.07,0.01976,1.976
264.08,0.01976,1.976
264.09,0.01976,1.976
264.10,0.01976,1.976
264.11,0.01976,1.976
264.12,0.01976,1.976
264.12,0.01976,1.976
264.13,0.01976,1.976
264.14,0.01976,1.976
264.15,0.01976,1.976
264.16,0.01976,1.976
264.17,0.01976,1.976
264.18,0.01976,1.976
264.19,0.01976,1.976
264.20,0.01976,1.976
264.20,0.01976,1.976
264.21,0.01976,1.976
264.22,0.01976,1.976
264.23,0.01976,1.976
264.24,0.01976,1.976
264.25,0.01976,1.976
264.26,0.01976,1.976
264.27,0.01976,1.976
264.28,0.01976,1.976
264.28,0.01976,1.976
264.29,0.01976,1.976
264.30,0.01976,1.976
264.31,0.01976,1.976
264.32,0.01976,1.976
264.33,0.01976,1.976
264.34,0.01976,1.976
264.35,0.01976,1.976
264.36,0.01977,1.977
264.36,0.01977,1.977
264.37,0.01977,1.977
264.38,0.01977,1.977
264.39,0.01977,1.977
264.40,0.01977,1.977
264.41,0.01977,1.977
264.42,0.01977,1.977
264.43,0.01977,1.977
264.44,0.01977,1.977
264.44,0.01977,1.977
264.45,0.01977,1.977
264.46,0.01977,1.977
264.47,0.01977,1.977
264.48,0.01977,1.977
264.49,0.01977,1.977
264.50,0.01977,1.977
264.51,0.01977,1.977
264.52,0.01977,1.977
264.52,0.01977,1.977
264.53,0.01977,1.977
264.54,0.01977,1.977
264.55,0.01977,1.977
264.56,0.01977,1.977
264.57,0.01977,1.977
264.58,0.01977,1.977
264.59,0.01977,1.977
264.60,0.01977,1.977
264.60,0.01977,1.977
264.61,0.01977,1.977
264.62,0.01977,1.977
264.63,0.01977,1.977
264.64,0.01977,1.977
264.65,0.01977,1.977
264.66,0.01977,1.977
264.67,0.01977,1.977
264.68,0.01977,1.977
264.68,0.01977,1.977
264.69,0.01977,1.977
264.70,0.01977,1.977
264.71,0.01977,1.977
264.72,0.01977,1.977
264.73,0.01977,1.977
264.74,0.01977,1.977
264.75,0.01977,1.977
264.76,0.01977,1.977
264.76,0.01978,1.978
264.77,0.01978,1.978
264.78,0.01978,1.978
264.79,0.01978,1.978
264.80,0.01978,1.978
264.81,0.01978,1.978
264.82,0.01978,1.978
264.83,0.01978,1.978
264.84,0.01978,1.978
264.84,0.01978,1.978
264.85,0.01978,1.978
264.86,0.01978,1.978
264.87,0.01978,1.978
264.88,0.01978,1.978
264.89,0.01978,1.978
264.90,0.01978,1.978
264.91,0.01978,1.978
264.92,0.01978,1.978
264.92,0.01978,1.978
264.93,0.01978,1.978
264.94,0.01978,1.978
264.95,0.01978,1.978
264.96,0.01978,1.978
264.97,0.01978,1.978
264.98,0.01978,1.978
264.99,0.01978,1.978
265.00,0.01978,1.978
265.00,0.01978,1.978
265.01,0.01978,1.978
265.02,0.01978,1.978
265.03,0.01978,1.978
265.04,0.01978,1.978
265.05,0.01978,1.978
265.06,0.01978,1.978
265.07,0.01978,1.978
265.08,0.01978,1.978
265.08,0.01978,1.978
265.09,0.01978,1.978
265.10,0.01978,1.978
265.11,0.01978,1.978
265.12,0.01978,1.978
265.13,0.01978,1.978
265.14,0.01978,1.978
265.15,0.01978,1.978
265.16,0.01978,1.978
265.16,0.01978,1.978
265.17,0.01978,1.978
265.18,0.01978,1.978
265.19,0.01979,1.979
265.20,0.01979,1.979
265.21,0.01979,1.979
265.22,0.01979,1.979
265.23,0.01979,1.979
265.24,0.01979,1.979
265.24,0.01979,1.979
265.25,0.01979,1.979
265.26,0.01979,1.979
265.27,0.01979,1.979
265.28,0.01979,1.979
265.29,0.01979,1.979
265.30,0.01979,1.979
265.31,0.01979,1.979
265.32,0.01979,1.979
265.32,0.01979,1.979
265.33,0.01979,1.979
265.34,0.01979,1.979
265.35,0.01979,1.979
265.36,0.01979,1.979
265.37,0.01979,1.979
265.38,0.01979,1.979
265.39,0.01979,1.979
265.40,0.01979,1.979
265.41,0.01979,1.979
265.41,0.01979,1.979
265.42,0.01979,1.979
265.43,0.01979,1.979
265.44,0.01979,1.979
265.45,0.01979,1.979
265.46,0.01979,1.979
265.47,0.01979,1.979
265.48,0.01979,1.979
265.49,0.01979,1.979
265.49,0.01979,1.979
265.50,0.01979,1.979
265.51,0.01979,1.979
265.52,0.01979,1.979
265.53,0.01979,1.979
265.54,0.01979,1.979
265.55,0.01979,1.979
265.56,0.01979,1.979
265.57,0.01979,1.979
265.57,0.01979,1.979
265.58,0.01979,1.979
265.59,0.01979,1.979
265.60,0.01979,1.979
265.61,0.01979,1.979
265.62,0.01980,1.980
265.63,0.01980,1.980
265.64,0.01980,1.980
265.65,0.01980,1.980
265.65,0.01980,1.980
265.66,0.01980,1.980
265.67,0.01980,1.980
265.68,0.01980,1.980
265.69,0.01980,1.980
265.70,0.01980,1.980
265.71,0.01980,1.980
265.72,0.01980,1.980
265.73,0.01980,1.980
265.73,0.01980,1.980
265.74,0.01980,1.980
265.75,0.01980,1.980
265.76,0.01980,1.980
265.77,0.01980,1.980
265.78,0.01980,1.980
265.79,0.01980,1.980
265.80,0.01980,1.980
265.81,0.01980,1.980
265.81,0.01980,1.980
265.82,0.01980,1.980
265.83,0.01980,1.980
265.84,0.01980,1.980
265.85,0.01980,1.980
265.86,0.01980,1.980
265.87,0.01980,1.980
265.88,0.01980,1.980
265.89,0.01980,1.980
265.89,0.01980,1.980
265.90,0.01980,1.980
265.91,0.01980,1.980
265.92,0.01980,1.980
265.93,0.01980,1.980
265.94,0.01980,1.980
265.95,0.01980,1.980
265.96,0.01980,1.980
265.97,0.01980,1.980
265.97,0.01980,1.980
265.98,0.01980,1.980
265.99,0.01980,1.980
266.00,0.01980,1.980
266.01,0.01980,1.980
266.02,0.01980,1.980
266.03,0.01980,1.980
266.04,0.01980,1.980
266.05,0.01980,1.980
266.05,0.01980,1.980
266.06,0.01981,1.981
266.07,0.01981,1.981
266.08,0.01981,1.981
266.09,0.01981,1.981
266.10,0.01981,1.981
266.11,0.01981,1.981
266.12,0.01981,1.981
266.13,0.01981,1.981
266.13,0.01981,1.981
266.14,0.01981,1.981
266.15,0.01981,1.981
266.16,0.01981,1.981
266.17,0.01981,1.981
266.18,0.01981,1.981
266.19,0.01981,1.981
266.20,0.01981,1.981
266.21,0.01981,1.981
266.21,0.01981,1.981
266.22,0.01981,1.981
266.23,0.01981,1.981
266.24,0.01981,1.981
266.25,0.01981,1.981
266.26,0.01981,1.981
266.27,0.01981,1.981
266.28,0.01981,1.981
266.29,0.01981,1.981
266.29,0.01981,1.981
266.30,0.01981,1.981
266.31,0.01981,1.981
266.32,0.01981,1.981
266.33,0.01981,1.981
266.34,0.01981,1.981
266.35,0.01981,1.981
266.36,0.01981,1.981
266.37,0.01981,1.981
266.37,0.01981,1.981
266.38,0.01981,1.981
266.39,0.01981,1.981
266.40,0.01981,1.981
266.41,0.01981,1.981
266.42,0.01981,1.981
266.43,0.01981,1.981
266.44,0.01981,1.981
266.45,0.01981,1.981
266.45,0.01981,1.981
266.46,0.01981,1.981
266.47,0.01981,1.981
266.48,0.01981,1.981
266.49,0.01981,1.981
266.50,0.01981,1.981
266.51,0.01982,1.982
266.52,0.01982,1.982
266.53,0.01982,1.982
266.53,0.01982,1.982
266.54,0.01982,1.982
266.55,0.01982,1.982
266.56,0.01982,1.982
266.57,0.01982,1.982
266.58,0.01982,1.982
266.59,0.01982,1.982
266.60,0.01982,1.982
266.61,0.01982,1.982
266.62,0.01982,1.982
266.62,0.01982,1.982
266.63,0.01982,1.982
266.64,0.01982,1.982
266.65,0.01982,1.982
266.66,0.01982,1.982
266.67,0.01982,1.982
266.68,0.01982,1.982
266.69,0.01982,1.982
266.70,0.01982,1.982
266.70,0.01982,1.982
266.71,0.01982,1.982
266.72,0.01982,1.982
266.73,0.01982,1.982
266.74,0.01982,1.982
266.75,0.01982,1.982
266.76,0.01982,1.982
266.77,0.01982,1.982
266.78,0.01982,1.982
266.78,0.01982,1.982
266.79,0.01982,1.982
266.80,0.01982,1.982
266.81,0.01982,1.982
266.82,0.01982,1.982
266.83,0.01982,1.982
266.84,0.01982,1.982
266.85,0.01982,1.982
266.86,0.01982,1.982
266.86,0.01982,1.982
266.87,0.01982,1.982
266.88,0.01982,1.982
266.89,0.01982,1.982
266.90,0.01982,1.982
266.91,0.01982,1.982
266.92,0.01982,1.982
266.93,0.01982,1.982
266.94,0.01982,1.982
266.94,0.01982,1.982
266.95,0.01982,1.982
266.96,0.01983,1.983
266.97,0.01983,1.983
266.98,0.01983,1.983
266.99,0.01983,1.983
267.00,0.01983,1.983
267.01,0.01983,1.983
267.02,0.01983,1.983
267.02,0.01983,1.983
267.03,0.01983,1.983
267.04,0.01983,1.983
267.05,0.01983,1.983
267.06,0.01983,1.983
267.07,0.01983,1.983
267.08,0.01983,1.983
267.09,0.01983,1.983
267.10,0.01983,1.983
267.10,0.01983,1.983
267.11,0.01983,1.983
267.12,0.01983,1.983
267.13,0.01983,1.983
267.14,0.01983,1.983
267.15,0.01983,1.983
267.16,0.01983,1.983
267.17,0.01983,1.983
267.18,0.01983,1.983
267.18,0.01983,1.983
267.19,0.01983,1.983
267.20,0.01983,1.983
267.21,0.01983,1.983
267.22,0.01983,1.983
267.23,0.01983,1.983
267.24,0.01983,1.983
267.25,0.01983,1.983
267.26,0.01983,1.983
267.27,0.01983,1.983
267.27,0.01983,1.983
267.28,0.01983,1.983
267.29,0.01983,1.983
267.30,0.01983,1.983
267.31,0.01983,1.983
267.32,0.01983,1.983
267.33,0.01983,1.983
267.34,0.01983,1.983
267.35,0.01983,1.983
267.35,0.01983,1.983
267.36,0.01983,1.983
267.37,0.01983,1.983
267.38,0.01983,1.983
267.39,0.01983,1.983
267.40,0.01983,1.983
267.41,0.01983,1.983
267.42,0.01984,1.984
267.43,0.01984,1.984
267.43,0.01984,1.984
267.44,0.01984,1.984
267.45,0.01984,1.984
267.46,0.01984,1.984
267.47,0.01984,1.984
267.48,0.01984,1.984
267.49,0.01984,1.984
267.50,0.01984,1.984
267.51,0.01984,1.984
267.51,0.01984,1.984
267.52,0.01984,1.984
267.53,0.01984,1.984
267.54,0.01984,1.984
267.55,0.01984,1.984
267.56,0.01984,1.984
267.57,0.01984,1.984
267.58,0.01984,1.984
267.59,0.01984,1.984
267.59,0.01984,1.984
267.60,0.01984,1.984
267.61,0.01984,1.984
267.62,0.01984,1.984
267.63,0.01984,1.984
267.64,0.01984,1.984
267.65,0.01984,1.984
267.66,0.01984,1.984
267.67,0.01984,1.984
267.67,0.01984,1.984
267.68,0.01984,1.984
267.69,0.01984,1.984
267.70,0.01984,1.984
267.71,0.01984,1.984
267.72,0.01984,1.984
267.73,0.01984,1.984
267.74,0.01984,1.984
267.75,0.01984,1.984
267.75,0.01984,1.984
267.76,0.01984,1.984
267.77,0.01984,1.984
267.78,0.01984,1.984
267.79,0.01984,1.984
267.80,0.01984,1.984
267.81,0.01984,1.984
267.82,0.01984,1.984
267.83,0.01984,1.984
267.83,0.01984,1.984
267.84,0.01984,1.984
267.85,0.01984,1.984
267.86,0.01984,1.984
267.87,0.01985,1.985
267.88,0.01985,1.985
267.89,0.01985,1.985
267.90,0.01985,1.985
267.91,0.01985,1.985
267.91,0.01985,1.985
267.92,0.01985,1.985
267.93,0.01985,1.985
267.94,0.01985,1.985
267.95,0.01985,1.985
267.96,0.01985,1.985
267.97,0.01985,1.985
267.98,0.01985,1.985
267.99,0.01985,1.985
267.99,0.01985,1.985
268.00,0.01985,1.985
268.01,0.01985,1.985
268.02,0.01985,1.985
268.03,0.01985,1.985
268.04,0.01985,1.985
268.05,0.01985,1.985
268.06,0.01985,1.985
268.07,0.01985,1.985
268.07,0.01985,1.985
268.08,0.01985,1.985
268.09,0.01985,1.985
268.10,0.01985,1.985
268.11,0.01985,1.985
268.12,0.01985,1.985
268.13,0.01985,1.985
268.14,0.01985,1.985
268.15,0.01985,1.985
268.16,0.01985,1.985
268.16,0.01985,1.985
268.17,0.01985,1.985
268.18,0.01985,1.985
268.19,0.01985,1.985
268.20,0.01985,1.985
268.21,0.01985,1.985
268.22,0.01985,1.985
268.23,0.01985,1.985
268.24,0.01985,1.985
268.24,0.01985,1.985
268.25,0.01985,1.985
268.26,0.01985,1.985
268.27,0.01985,1.985
268.28,0.01985,1.985
268.29,0.01985,1.985
268.30,0.01985,1.985
268.31,0.01985,1.985
268.32,0.01985,1.985
268.32,0.01985,1.985
268.33,0.01986,1.986
268.34,0.01986,1.986
268.35,0.01986,1.986
268.36,0.01986,1.986
268.37,0.01986,1.986
268.38,0.01986,1.986
268.39,0.01986,1.986
268.40,0.01986,1.986
268.40,0.01986,1.986
268.41,0.01986,1.986
268.42,0.01986,1.986
268.43,0.01986,1.986
268.44,0.01986,1.986
268.45,0.01986,1.986
268.46,0.01986,1.986
268.47,0.01986,1.986
268.48,0.01986,1.986
268.48,0.01986,1.986
268.49,0.01986,1.986
268.50,0.01986,1.986
268.51,0.01986,1.986
268.52,0.01986,1.986
268.53,0.01986,1.986
268.54,0.01986,1.986
268.55,0.01986,1.986
268.56,0.01986,1.986
268.56,0.01986,1.986
268.57,0.01986,1.986
268.58,0.01986,1.986
268.59,0.01986,1.986
268.60,0.01986,1.986
268.61,0.01986,1.986
268.62,0.01986,1.986
268.63,0.01986,1.986
268.64,0.01986,1.986
268.64,0.01986,1.986
268.65,0.01986,1.986
268.66,0.01986,1.986
268.67,0.01986,1.986
268.68,0.01986,1.986
268.69,0.01986,1.986
268.70,0.01986,1.986
268.71,0.01986,1.986
268.72,0.01986,1.986
268.72,0.01986,1.986
268.73,0.01986,1.986
268.74,0.01986,1.986
268.75,0.01986,1.986
268.76,0.01986,1.986
268.77,0.01986,1.986
268.78,0.01986,1.986
268.79,0.01986,1.986
268.80,0.01987,1.987
268.81,0.01987,1.987
268.81,0.01987,1.987
268.82,0.01987,1.987
268.83,0.01987,1.987
268.84,0.01987,1.987
268.85,0.01987,1.987
268.86,0.01987,1.987
268.87,0.01987,1.987
268.88,0.01987,1.987
268.89,0.01987,1.987
268.89,0.01987,1.987
268.90,0.01987,1.987
268.91,0.01987,1.987
268.92,0.01987,1.987
268.93,0.01987,1.987
268.94,0.01987,1.987
268.95,0.01987,1.987
268.96,0.01987,1.987
268.97,0.01987,1.987
268.97,0.01987,1.987
268.98,0.01987,1.987
268.99,0.01987,1.987
269.00,0.01987,1.987
269.01,0.01987,1.987
269.02,0.01987,1.987
269.03,0.01987,1.987
269.04,0.01987,1.987
269.05,0.01987,1.987
269.05,0.01987,1.987
269.06,0.01987,1.987
269.07,0.01987,1.987
269.08,0.01987,1.987
269.09,0.01987,1.987
269.10,0.01987,1.987
269.11,0.01987,1.987
269.12,0.01987,1.987
269.13,0.01987,1.987
269.13,0.01987,1.987
269.14,0.01987,1.987
269.15,0.01987,1.987
269.16,0.01987,1.987
269.17,0.01987,1.987
269.18,0.01987,1.987
269.19,0.01987,1.987
269.20,0.01987,1.987
269.21,0.01987,1.987
269.21,0.01987,1.987
269.22,0.01987,1.987
269.23,0.01987,1.987
269.24,0.01987,1.987
269.25,0.01987,1.987
269.26,0.01987,1.987
269.27,0.01988,1.988
269.28,0.01988,1.988
269.29,0.01988,1.988
269.30,0.01988,1.988
269.30,0.01988,1.988
269.31,0.01988,1.988
269.32,0.01988,1.988
269.33,0.01988,1.988
269.34,0.01988,1.988
269.35,0.01988,1.988
269.36,0.01988,1.988
269.37,0.01988,1.988
269.38,0.01988,1.988
269.38,0.01988,1.988
269.39,0.01988,1.988
269.40,0.01988,1.988
269.41,0.01988,1.988
269.42,0.01988,1.988
269.43,0.01988,1.988
269.44,0.01988,1.988
269.45,0.01988,1.988
269.46,0.01988,1.988
269.46,0.01988,1.988
269.47,0.01988,1.988
269.48,0.01988,1.988
269.49,0.01988,1.988
269.50,0.01988,1.988
269.51,0.01988,1.988
269.52,0.01988,1.988
269.53,0.01988,1.988
269.54,0.01988,1.988
269.54,0.01988,1.988
269.55,0.01988,1.988
269.56,0.01988,1.988
269.57,0.01988,1.988
269.58,0.01988,1.988
269.59,0.01988,1.988
269.60,0.01988,1.988
269.61,0.01988,1.988
269.62,0.01988,1.988
269.62,0.01988,1.988
269.63,0.01988,1.988
269.64,0.01988,1.988
269.65,0.01988,1.988
269.66,0.01988,1.988
269.67,0.01988,1.988
269.68,0.01988,1.988
269.69,0.01988,1.988
269.70,0.01988,1.988
269.70,0.01988,1.988
269.71,0.01988,1.988
269.72,0.01988,1.988
269.73,0.01988,1.988
269.74,0.01989,1.989
269.75,0.01989,1.989
269.76,0.01989,1.989
269.77,0.01989,1.989
269.78,0.01989,1.989
269.78,0.01989,1.989
269.79,0.01989,1.989
269.80,0.01989,1.989
269.81,0.01989,1.989
269.82,0.01989,1.989
269.83,0.01989,1.989
269.84,0.01989,1.989
269.85,0.01989,1.989
269.86,0.01989,1.989
269.86,0.01989,1.989
269.87,0.01989,1.989
269.88,0.01989,1.989
269.89,0.01989,1.989
269.90,0.01989,1.989
269.91,0.01989,1.989
269.92,0.01989,1.989
269.93,0.01989,1.989
269.94,0.01989,1.989
269.94,0.01989,1.989
269.95,0.01989,1.989
269.96,0.01989,1.989
269.97,0.01989,1.989
269.98,0.01989,1.989
269.99,0.01989,1.989
270.00,0.01989,1.989
270.01,0.01989,1.989
270.02,0.01989,1.989
270.02,0.01989,1.989
270.03,0.01989,1.989
270.04,0.01989,1.989
270.05,0.01989,1.989
270.06,0.01989,1.989
270.07,0.01989,1.989
270.08,0.01989,1.989
270.09,0.01989,1.989
270.10,0.01989,1.989
270.11,0.01989,1.989
270.11,0.01989,1.989
270.12,0.01989,1.989
270.13,0.01989,1.989
270.14,0.01989,1.989
270.15,0.01989,1.989
270.16,0.01989,1.989
270.17,0.01989,1.989
270.18,0.01989,1.989
270.19,0.01989,1.989
270.19,0.01989,1.989
270.20,0.01989,1.989
270.21,0.01989,1.989
270.22,0.01990,1.990
270.23,0.01990,1.990
270.24,0.01990,1.990
270.25,0.01990,1.990
270.26,0.01990,1.990
270.27,0.01990,1.990
270.27,0.01990,1.990
270.28,0.01990,1.990
270.29,0.01990,1.990
270.30,0.01990,1.990
270.31,0.01990,1.990
270.32,0.01990,1.990
270.33,0.01990,1.990
270.34,0.01990,1.990
270.35,0.01990,1.990
270.35,0.01990,1.990
270.36,0.01990,1.990
270.37,0.01990,1.990
270.38,0.01990,1.990
270.39,0.01990,1.990
270.40,0.01990,1.990
270.41,0.01990,1.990
270.42,0.01990,1.990
270.43,0.01990,1.990
270.43,0.01990,1.990
270.44,0.01990,1.990
270.45,0.01990,1.990
270.46,0.01990,1.990
270.47,0.01990,1.990
270.48,0.01990,1.990
270.49,0.01990,1.990
270.50,0.01990,1.990
270.51,0.01990,1.990
270.52,0.01990,1.990
270.52,0.01990,1.990
270.53,0.01990,1.990
270.54,0.01990,1.990
270.55,0.01990,1.990
270.56,0.01990,1.990
270.57,0.01990,1.990
270.58,0.01990,1.990
270.59,0.01990,1.990
270.60,0.01990,1.990
270.60,0.01990,1.990
270.61,0.01990,1.990
270.62,0.01990,1.990
270.63,0.01990,1.990
270.64,0.01990,1.990
270.65,0.01990,1.990
270.66,0.01990,1.990
270.67,0.01990,1.990
270.68,0.01990,1.990
270.68,0.01990,1.990
270.69,0.01990,1.990
270.70,0.01991,1.991
270.71,0.01991,1.991
270.72,0.01991,1.991
270.73,0.01991,1.991
270.74,0.01991,1.991
270.75,0.01991,1.991
270.76,0.01991,1.991
270.76,0.01991,1.991
270.77,0.01991,1.991
270.78,0.01991,1.991
270.79,0.01991,1.991
270.80,0.01991,1.991
270.81,0.01991,1.991
270.82,0.01991,1.991
270.83,0.01991,1.991
270.84,0.01991,1.991
270.84,0.01991,1.991
270.85,0.01991,1.991
270.86,0.01991,1.991
270.87,0.01991,1.991
270.88,0.01991,1.991
270.89,0.01991,1.991
270.90,0.01991,1.991
270.91,0.01991,1.991
270.92,0.01991,1.991
270.93,0.01991,1.991
270.93,0.01991,1.991
270.94,0.01991,1.991
270.95,0.01991,1.991
270.96,0.01991,1.991
270.97,0.01991,1.991
270.98,0.01991,1.991
270.99,0.01991,1.991
271.00,0.01991,1.991
271.01,0.01991,1.991
271.01,0.01991,1.991
271.02,0.01991,1.991
271.03,0.01991,1.991
271.04,0.01991,1.991
271.05,0.01991,1.991
271.06,0.01991,1.991
271.07,0.01991,1.991
271.08,0.01991,1.991
271.09,0.01991,1.991
271.09,0.01991,1.991
271.10,0.01991,1.991
271.11,0.01991,1.991
271.12,0.01991,1.991
271.13,0.01991,1.991
271.14,0.01991,1.991
271.15,0.01991,1.991
271.16,0.01991,1.991
271.17,0.01991,1.991
271.17,0.01991,1.991
271.18,0.01992,1.992
271.19,0.01992,1.992
271.20,0.01992,1.992
271.21,0.01992,1.992
271.22,0.01992,1.992
271.23,0.01992,1.992
271.24,0.01992,1.992
271.25,0.01992,1.992
271.25,0.01992,1.992
271.26,0.01992,1.992
271.27,0.01992,1.992
271.28,0.01992,1.992
271.29,0.01992,1.992
271.30,0.01992,1.992
271.31,0.01992,1.992
271.32,0.01992,1.992
271.33,0.01992,1.992
271.33,0.01992,1.992
271.34,0.01992,1.992
271.35,0.01992,1.992
271.36,0.01992,1.992
271.37,0.01992,1.992
271.38,0.01992,1.992
271.39,0.01992,1.992
271.40,0.01992,1.992
271.41,0.01992,1.992
271.42,0.01992,1.992
271.42,0.01992,1.992
271.43,0.01992,1.992
271.44,0.01992,1.992
271.45,0.01992,1.992
271.46,0.01992,1.992
271.47,0.01992,1.992
271.48,0.01992,1.992
271.49,0.01992,1.992
271.50,0.01992,1.992
271.50,0.01992,1.992
271.51,0.01992,1.992
271.52,0.01992,1.992
271.53,0.01992,1.992
271.54,0.01992,1.992
271.55,0.01992,1.992
271.56,0.01992,1.992
271.57,0.01992,1.992
271.58,0.01992,1.992
271.58,0.01992,1.992
271.59,0.01992,1.992
271.60,0.01992,1.992
271.61,0.01992,1.992
271.62,0.01992,1.992
271.63,0.01992,1.992
271.64,0.01992,1.992
271.65,0.01992,1.992
271.66,0.01992,1.992
271.66,0.01992,1.992
271.67,0.01993,1.993
271.68,0.01993,1.993
271.69,0.01993,1.993
271.70,0.01993,1.993
271.71,0.01993,1.993
271.72,0.01993,1.993
271.73,0.01993,1.993
271.74,0.01993,1.993
271.74,0.01993,1.993
271.75,0.01993,1.993
271.76,0.01993,1.993
271.77,0.01993,1.993
271.78,0.01993,1.993
271.79,0.01993,1.993
271.80,0.01993,1.993
271.81,0.01993,1.993
271.82,0.01993,1.993
271.82,0.01993,1.993
271.83,0.01993,1.993
271.84,0.01993,1.993
271.85,0.01993,1.993
271.86,0.01993,1.993
271.87,0.01993,1.993
271.88,0.01993,1.993
271.89,0.01993,1.993
271.90,0.01993,1.993
271.90,0.01993,1.993
271.91,0.01993,1.993
271.92,0.01993,1.993
271.93,0.01993,1.993
271.94,0.01993,1.993
271.95,0.01993,1.993
271.96,0.01993,1.993
271.97,0.01993,1.993
271.98,0.01993,1.993
271.99,0.01993,1.993
271.99,0.01993,1.993
272.00,0.01993,1.993
272.01,0.01993,1.993
272.02,0.01993,1.993
272.03,0.01993,1.993
272.04,0.01993,1.993
272.05,0.01993,1.993
272.06,0.01993,1.993
272.07,0.01993,1.993
272.07,0.01993,1.993
272.08,0.01993,1.993
272.09,0.01993,1.993
272.10,0.01993,1.993
272.11,0.01993,1.993
272.12,0.01993,1.993
272.13,0.01993,1.993
272.14,0.01993,1.993
272.15,0.01993,1.993
272.15,0.01993,1.993
272.16,0.01993,1.993
272.17,0.01993,1.993
272.18,0.01994,1.994
272.19,0.01994,1.994
272.20,0.01994,1.994
272.21,0.01994,1.994
272.22,0.01994,1.994
272.23,0.01994,1.994
272.23,0.01994,1.994
272.24,0.01994,1.994
272.25,0.01994,1.994
272.26,0.01994,1.994
272.27,0.01994,1.994
272.28,0.01994,1.994
272.29,0.01994,1.994
272.30,0.01994,1.994
272.31,0.01994,1.994
272.31,0.01994,1.994
272.32,0.01994,1.994
272.33,0.01994,1.994
272.34,0.01994,1.994
272.35,0.01994,1.994
272.36,0.01994,1.994
272.37,0.01994,1.994
272.38,0.01994,1.994
272.39,0.01994,1.994
272.40,0.01994,1.994
272.40,0.01994,1.994
272.41,0.01994,1.994
272.42,0.01994,1.994
272.43,0.01994,1.994
272.44,0.01994,1.994
272.45,0.01994,1.994
272.46,0.01994,1.994
272.47,0.01994,1.994
272.48,0.01994,1.994
272.48,0.01994,1.994
272.49,0.01994,1.994
272.50,0.01994,1.994
272.51,0.01994,1.994
272.52,0.01994,1.994
272.53,0.01994,1.994
272.54,0.01994,1.994
272.55,0.01994,1.994
272.56,0.01994,1.994
272.56,0.01994,1.994
272.57,0.01994,1.994
272.58,0.01994,1.994
272.59,0.01994,1.994
272.60,0.01994,1.994
272.61,0.01994,1.994
272.62,0.01994,1.994
272.63,0.01994,1.994
272.64,0.01994,1.994
272.64,0.01994,1.994
272.65,0.01994,1.994
272.66,0.01994,1.994
272.67,0.01994,1.994
272.68,0.01995,1.995
272.69,0.01995,1.995
272.70,0.01995,1.995
272.71,0.01995,1.995
272.72,0.01995,1.995
272.73,0.01995,1.995
272.73,0.01995,1.995
272.74,0.01995,1.995
272.75,0.01995,1.995
272.76,0.01995,1.995
272.77,0.01995,1.995
272.78,0.01995,1.995
272.79,0.01995,1.995
272.80,0.01995,1.995
272.81,0.01995,1.995
272.81,0.01995,1.995
272.82,0.01995,1.995
272.83,0.01995,1.995
272.84,0.01995,1.995
272.85,0.01995,1.995
272.86,0.01995,1.995
272.87,0.01995,1.995
272.88,0.01995,1.995
272.89,0.01995,1.995
272.89,0.01995,1.995
272.90,0.01995,1.995
272.91,0.01995,1.995
272.92,0.01995,1.995
272.93,0.01995,1.995
272.94,0.01995,1.995
272.95,0.01995,1.995
272.96,0.01995,1.995
272.97,0.01995,1.995
272.97,0.01995,1.995
272.98,0.01995,1.995
272.99,0.01995,1.995
273.00,0.01995,1.995
273.01,0.01995,1.995
273.02,0.01995,1.995
273.03,0.01995,1.995
273.04,0.01995,1.995
273.05,0.01995,1.995
273.05,0.01995,1.995
273.06,0.01995,1.995
273.07,0.01995,1.995
273.08,0.01995,1.995
273.09,0.01995,1.995
273.10,0.01995,1.995
273.11,0.01995,1.995
273.12,0.01995,1.995
273.13,0.01995,1.995
273.14,0.01995,1.995
273.14,0.01995,1.995
273.15,0.01995,1.995
273.16,0.01995,1.995
273.17,0.01995,1.995
273.18,0.01996,1.996
273.19,0.01996,1.996
273.20,0.01996,1.996
273.21,0.01996,1.996
273.22,0.01996,1.996
273.22,0.01996,1.996
273.23,0.01996,1.996
273.24,0.01996,1.996
273.25,0.01996,1.996
273.26,0.01996,1.996
273.27,0.01996,1.996
273.28,0.01996,1.996
273.29,0.01996,1.996
273.30,0.01996,1.996
273.30,0.01996,1.996
273.31,0.01996,1.996
273.32,0.01996,1.996
273.33,0.01996,1.996
273.34,0.01996,1.996
273.35,0.01996,1.996
273.36,0.01996,1.996
273.37,0.01996,1.996
273.38,0.01996,1.996
273.38,0.01996,1.996
273.39,0.01996,1.996
273.40,0.01996,1.996
273.41,0.01996,1.996
273.42,0.01996,1.996
273.43,0.01996,1.996
273.44,0.01996,1.996
273.45,0.01996,1.996
273.46,0.01996,1.996
273.46,0.01996,1.996
273.47,0.01996,1.996
273.48,0.01996,1.996
273.49,0.01996,1.996
273.50,0.01996,1.996
273.51,0.01996,1.996
273.52,0.01996,1.996
273.53,0.01996,1.996
273.54,0.01996,1.996
273.55,0.01996,1.996
273.55,0.01996,1.996
273.56,0.01996,1.996
273.57,0.01996,1.996
273.58,0.01996,1.996
273.59,0.01996,1.996
273.60,0.01996,1.996
273.61,0.01996,1.996
273.62,0.01996,1.996
273.63,0.01996,1.996
273.63,0.01996,1.996
273.64,0.01996,1.996
273.65,0.01996,1.996
273.66,0.01996,1.996
273.67,0.01996,1.996
273.68,0.01996,1.996
273.69,0.01997,1.997
273.70,0.01997,1.997
273.71,0.01997,1.997
273.71,0.01997,1.997
273.72,0.01997,1.997
273.73,0.01997,1.997
273.74,0.01997,1.997
273.75,0.01997,1.997
273.76,0.01997,1.997
273.77,0.01997,1.997
273.78,0.01997,1.997
273.79,0.01997,1.997
273.79,0.01997,1.997
273.80,0.01997,1.997
273.81,0.01997,1.997
273.82,0.01997,1.997
273.83,0.01997,1.997
273.84,0.01997,1.997
273.85,0.01997,1.997
273.86,0.01997,1.997
273.87,0.01997,1.997
273.87,0.01997,1.997
273.88,0.01997,1.997
273.89,0.01997,1.997
273.90,0.01997,1.997
273.91,0.01997,1.997
273.92,0.01997,1.997
273.93,0.01997,1.997
273.94,0.01997,1.997
273.95,0.01997,1.997
273.96,0.01997,1.997
273.96,0.01997,1.997
273.97,0.01997,1.997
273.98,0.01997,1.997
273.99,0.01997,1.997
274.00,0.01997,1.997
274.01,0.01997,1.997
274.02,0.01997,1.997
274.03,0.01997,1.997
274.04,0.01997,1.997
274.04,0.01997,1.997
274.05,0.01997,1.997
274.06,0.01997,1.997
274.07,0.01997,1.997
274.08,0.01997,1.997
274.09,0.01997,1.997
274.10,0.01997,1.997
274.11,0.01997,1.997
274.12,0.01997,1.997
274.12,0.01997,1.997
274.13,0.01997,1.997
274.14,0.01997,1.997
274.15,0.01997,1.997
274.16,0.01997,1.997
274.17,0.01997,1.997
274.18,0.01997,1.997
274.19,0.01997,1.997
274.20,0.01997,1.997
274.20,0.01998,1.998
274.21,0.01998,1.998
274.22,0.01998,1.998
274.23,0.01998,1.998
274.24,0.01998,1.998
274.25,0.01998,1.998
274.26,0.01998,1.998
274.27,0.01998,1.998
274.28,0.01998,1.998
274.29,0.01998,1.998
274.29,0.01998,1.998
274.30,0.01998,1.998
274.31,0.01998,1.998
274.32,0.01998,1.998
274.33,0.01998,1.998
274.34,0.01998,1.998
274.35,0.01998,1.998
274.36,0.01998,1.998
274.37,0.01998,1.998
274.37,0.01998,1.998
274.38,0.01998,1.998
274.39,0.01998,1.998
274.40,0.01998,1.998
274.41,0.01998,1.998
274.42,0.01998,1.998
274.43,0.01998,1.998
274.44,0.01998,1.998
274.45,0.01998,1.998
274.45,0.01998,1.998
274.46,0.01998,1.998
274.47,0.01998,1.998
274.48,0.01998,1.998
274.49,0.01998,1.998
274.50,0.01998,1.998
274.51,0.01998,1.998
274.52,0.01998,1.998
274.53,0.01998,1.998
274.53,0.01998,1.998
274.54,0.01998,1.998
274.55,0.01998,1.998
274.56,0.01998,1.998
274.57,0.01998,1.998
274.58,0.01998,1.998
274.59,0.01998,1.998
274.60,0.01998,1.998
274.61,0.01998,1.998
274.61,0.01998,1.998
274.62,0.01998,1.998
274.63,0.01998,1.998
274.64,0.01998,1.998
274.65,0.01998,1.998
274.66,0.01998,1.998
274.67,0.01998,1.998
274.68,0.01998,1.998
274.69,0.01998,1.998
274.70,0.01998,1.998
274.70,0.01998,1.998
274.71,0.01998,1.998
274.72,0.01998,1.998
274.73,0.01999,1.999
274.74,0.01999,1.999
274.75,0.01999,1.999
274.76,0.01999,1.999
274.77,0.01999,1.999
274.78,0.01999,1.999
274.78,0.01999,1.999
274.79,0.01999,1.999
274.80,0.01999,1.999
274.81,0.01999,1.999
274.82,0.01999,1.999
274.83,0.01999,1.999
274.84,0.01999,1.999
274.85,0.01999,1.999
274.86,0.01999,1.999
274.86,0.01999,1.999
274.87,0.01999,1.999
274.88,0.01999,1.999
274.89,0.01999,1.999
274.90,0.01999,1.999
274.91,0.01999,1.999
274.92,0.01999,1.999
274.93,0.01999,1.999
274.94,0.01999,1.999
274.94,0.01999,1.999
274.95,0.01999,1.999
274.96,0.01999,1.999
274.97,0.01999,1.999
274.98,0.01999,1.999
274.99,0.01999,1.999
275.00,0.01999,1.999
275.01,0.01999,1.999
275.02,0.01999,1.999
275.02,0.01999,1.999
275.03,0.01999,1.999
275.04,0.01999,1.999
275.05,0.01999,1.999
275.06,0.01999,1.999
275.07,0.01999,1.999
275.08,0.01999,1.999
275.09,0.01999,1.999
275.10,0.01999,1.999
275.11,0.01999,1.999
275.11,0.01999,1.999
275.12,0.01999,1.999
275.13,0.01999,1.999
275.14,0.01999,1.999
275.15,0.01999,1.999
275.16,0.01999,1.999
275.17,0.01999,1.999
275.18,0.01999,1.999
275.19,0.01999,1.999
275.19,0.01999,1.999
275.20,0.01999,1.999
275.21,0.01999,1.999
275.22,0.01999,1.999
275.23,0.01999,1.999
275.24,0.01999,1.999
275.25,0.01999,1.999
275.26,0.02000,2.000
275.27,0.02000,2.000
275.27,0.02000,2.000
275.28,0.02000,2.000
275.29,0.02000,2.000
275.30,0.02000,2.000
275.31,0.02000,2.000
275.32,0.02000,2.000
275.33,0.02000,2.000
275.34,0.02000,2.000
275.35,0.02000,2.000
275.36,0.02000,2.000
275.36,0.02000,2.000
275.37,0.02000,2.000
275.38,0.02000,2.000
275.39,0.02000,2.000
275.40,0.02000,2.000
275.41,0.02000,2.000
275.42,0.02000,2.000
275.43,0.02000,2.000
275.44,0.02000,2.000
275.44,0.02000,2.000
275.45,0.02000,2.000
275.46,0.02000,2.000
275.47,0.02000,2.000
275.48,0.02000,2.000
275.49,0.02000,2.000
275.50,0.02000,2.000
275.51,0.02000,2.000
275.52,0.02000,2.000
275.52,0.02000,2.000
275.53,0.02000,2.000
275.54,0.02000,2.000
275.55,0.02000,2.000
275.56,0.02000,2.000
275.57,0.02000,2.000
275.58,0.02000,2.000
275.59,0.02000,2.000
275.60,0.02000,2.000
275.60,0.02000,2.000
275.61,0.02000,2.000
275.62,0.02000,2.000
275.63,0.02000,2.000
275.64,0.02000,2.000
275.65,0.02000,2.000
275.66,0.02000,2.000
275.67,0.02000,2.000
275.68,0.02000,2.000
275.69,0.02000,2.000
275.69,0.02000,2.000
275.70,0.02000,2.000
275.71,0.02000,2.000
275.72,0.02000,2.000
275.73,0.02000,2.000
275.74,0.02000,2.000
275.75,0.02000,2.000
275.76,0.02000,2.000
275.77,0.02000,2.000
275.77,0.02000,2.000
275.78,0.02000,2.000
275.79,0.02000,2.000
275.80,0.02001,2.001
275.81,0.02001,2.001
275.82,0.02001,2.001
275.83,0.02001,2.001
275.84,0.02001,2.001
275.85,0.02001,2.001
275.85,0.02001,2.001
275.86,0.02001,2.001
275.87,0.02001,2.001
275.88,0.02001,2.001
275.89,0.02001,2.001
275.90,0.02001,2.001
275.91,0.02001,2.001
275.92,0.02001,2.001
275.93,0.02001,2.001
275.93,0.02001,2.001
275.94,0.02001,2.001
275.95,0.02001,2.001
275.96,0.02001,2.001
275.97,0.02001,2.001
275.98,0.02001,2.001
275.99,0.02001,2.001
276.00,0.02001,2.001
276.01,0.02001,2.001
276.02,0.02001,2.001
276.02,0.02001,2.001
276.03,0.02001,2.001
276.04,0.02001,2.001
276.05,0.02001,2.001
276.06,0.02001,2.001
276.07,0.02001,2.001
276.08,0.02001,2.001
276.09,0.02001,2.001
276.10,0.02001,2.001
276.10,0.02001,2.001
276.11,0.02001,2.001
276.12,0.02001,2.001
276.13,0.02001,2.001
276.14,0.02001,2.001
276.15,0.02001,2.001
276.16,0.02001,2.001
276.17,0.02001,2.001
276.18,0.02001,2.001
276.18,0.02001,2.001
276.19,0.02001,2.001
276.20,0.02001,2.001
276.21,0.02001,2.001
276.22,0.02001,2.001
276.23,0.02001,2.001
276.24,0.02001,2.001
276.25,0.02001,2.001
276.26,0.02001,2.001
276.26,0.02001,2.001
276.27,0.02001,2.001
276.28,0.02001,2.001
276.29,0.02001,2.001
276.30,0.02001,2.001
276.31,0.02001,2.001
276.32,0.02001,2.001
276.33,0.02001,2.001
276.34,0.02002,2.002
276.34,0.02002,2.002
276.35,0.02002,2.002
276.36,0.02002,2.002
276.37,0.02002,2.002
276.38,0.02002,2.002
276.39,0.02002,2.002
276.40,0.02002,2.002
276.41,0.02002,2.002
276.42,0.02002,2.002
276.43,0.02002,2.002
276.43,0.02002,2.002
276.44,0.02002,2.002
276.45,0.02002,2.002
276.46,0.02002,2.002
276.47,0.02002,2.002
276.48,0.02002,2.002
276.49,0.02002,2.002
276.50,0.02002,2.002
276.51,0.02002,2.002
276.51,0.02002,2.002
276.52,0.02002,2.002
276.53,0.02002,2.002
276.54,0.02002,2.002
276.55,0.02002,2.002
276.56,0.02002,2.002
276.57,0.02002,2.002
276.58,0.02002,2.002
276.59,0.02002,2.002
276.59,0.02002,2.002
276.60,0.02002,2.002
276.61,0.02002,2.002
276.62,0.02002,2.002
276.63,0.02002,2.002
276.64,0.02002,2.002
276.65,0.02002,2.002
276.66,0.02002,2.002
276.67,0.02002,2.002
276.67,0.02002,2.002
276.68,0.02002,2.002
276.69,0.02002,2.002
276.70,0.02002,2.002
276.71,0.02002,2.002
276.72,0.02002,2.002
276.73,0.02002,2.002
276.74,0.02002,2.002
276.75,0.02002,2.002
276.76,0.02002,2.002
276.76,0.02002,2.002
276.77,0.02002,2.002
276.78,0.02002,2.002
276.79,0.02002,2.002
276.80,0.02002,2.002
276.81,0.02002,2.002
276.82,0.02002,2.002
276.83,0.02002,2.002
276.84,0.02002,2.002
276.84,0.02002,2.002
276.85,0.02002,2.002
276.86,0.02002,2.002
276.87,0.02003,2.003
276.88,0.02003,2.003
276.89,0.02003,2.003
276.90,0.02003,2.003
276.91,0.02003,2.003
276.92,0.02003,2.003
276.92,0.02003,2.003
276.93,0.02003,2.003
276.94,0.02003,2.003
276.95,0.02003,2.003
276.96,0.02003,2.003
276.97,0.02003,2.003
276.98,0.02003,2.003
276.99,0.02003,2.003
277.00,0.02003,2.003
277.00,0.02003,2.003
277.01,0.02003,2.003
277.02,0.02003,2.003
277.03,0.02003,2.003
277.04,0.02003,2.003
277.05,0.02003,2.003
277.06,0.02003,2.003
277.07,0.02003,2.003
277.08,0.02003,2.003
277.09,0.02003,2.003
277.09,0.02003,2.003
277.10,0.02003,2.003
277.11,0.02003,2.003
277.12,0.02003,2.003
277.13,0.02003,2.003
277.14,0.02003,2.003
277.15,0.02003,2.003
277.16,0.02003,2.003
277.17,0.02003,2.003
277.17,0.02003,2.003
277.18,0.02003,2.003
277.19,0.02003,2.003
277.20,0.02003,2.003
277.21,0.02003,2.003
277.22,0.02003,2.003
277.23,0.02003,2.003
277.24,0.02003,2.003
277.25,0.02003,2.003
277.25,0.02003,2.003
277.26,0.02003,2.003
277.27,0.02003,2.003
277.28,0.02003,2.003
277.29,0.02003,2.003
277.30,0.02003,2.003
277.31,0.02003,2.003
277.32,0.02003,2.003
277.33,0.02003,2.003
277.34,0.02003,2.003
277.34,0.02003,2.003
277.35,0.02003,2.003
277.36,0.02003,2.003
277.37,0.02003,2.003
277.38,0.02003,2.003
277.39,0.02003,2.003
277.40,0.02003,2.003
277.41,0.02004,2.004
277.42,0.02004,2.004
277.42,0.02004,2.004
277.43,0.02004,2.004
277.44,0.02004,2.004
277.45,0.02004,2.004
277.46,0.02004,2.004
277.47,0.02004,2.004
277.48,0.02004,2.004
277.49,0.02004,2.004
277.50,0.02004,2.004
277.50,0.02004,2.004
277.51,0.02004,2.004
277.52,0.02004,2.004
277.53,0.02004,2.004
277.54,0.02004,2.004
277.55,0.02004,2.004
277.56,0.02004,2.004
277.57,0.02004,2.004
277.58,0.02004,2.004
277.58,0.02004,2.004
277.59,0.02004,2.004
277.60,0.02004,2.004
277.61,0.02004,2.004
277.62,0.02004,2.004
277.63,0.02004,2.004
277.64,0.02004,2.004
277.65,0.02004,2.004
277.66,0.02004,2.004
277.67,0.02004,2.004
277.67,0.02004,2.004
277.68,0.02004,2.004
277.69,0.02004,2.004
277.70,0.02004,2.004
277.71,0.02004,2.004
277.72,0.02004,2.004
277.73,0.02004,2.004
277.74,0.02004,2.004
277.75,0.02004,2.004
277.75,0.02004,2.004
277.76,0.02004,2.004
277.77,0.02004,2.004
277.78,0.02004,2.004
277.79,0.02004,2.004
277.80,0.02004,2.004
277.81,0.02004,2.004
277.82,0.02004,2.004
277.83,0.02004,2.004
277.83,0.02004,2.004
277.84,0.02004,2.004
277.85,0.02004,2.004
277.86,0.02004,2.004
277.87,0.02004,2.004
277.88,0.02004,2.004
277.89,0.02004,2.004
277.90,0.02004,2.004
277.91,0.02004,2.004
277.91,0.02004,2.004
277.92,0.02004,2.004
277.93,0.02004,2.004
277.94,0.02004,2.004
277.95,0.02004,2.004
277.96,0.02004,2.004
277.97,0.02005,2.005
277.98,0.02005,2.005
277.99,0.02005,2.005
277.99,0.02005,2.005
278.00,0.02005,2.005
278.01,0.02005,2.005
278.02,0.02005,2.005
278.03,0.02005,2.005
278.04,0.02005,2.005
278.05,0.02005,2.005
278.06,0.02005,2.005
278.07,0.02005,2.005
278.08,0.02005,2.005
278.08,0.02005,2.005
278.09,0.02005,2.005
278.10,0.02005,2.005
278.11,0.02005,2.005
278.12,0.02005,2.005
278.13,0.02005,2.005
278.14,0.02005,2.005
278.15,0.02005,2.005
278.16,0.02005,2.005
278.16,0.02005,2.005
278.17,0.02005,2.005
278.18,0.02005,2.005
278.19,0.02005,2.005
278.20,0.02005,2.005
278.21,0.02005,2.005
278.22,0.02005,2.005
278.23,0.02005,2.005
278.24,0.02005,2.005
278.24,0.02005,2.005
278.25,0.02005,2.005
278.26,0.02005,2.005
278.27,0.02005,2.005
278.28,0.02005,2.005
278.29,0.02005,2.005
278.30,0.02005,2.005
278.31,0.02005,2.005
278.32,0.02005,2.005
278.32,0.02005,2.005
278.33,0.02005,2.005
278.34,0.02005,2.005
278.35,0.02005,2.005
278.36,0.02005,2.005
278.37,0.02005,2.005
278.38,0.02005,2.005
278.39,0.02005,2.005
278.40,0.02005,2.005
278.41,0.02005,2.005
278.41,0.02005,2.005
278.42,0.02005,2.005
278.43,0.02005,2.005
278.44,0.02005,2.005
278.45,0.02005,2.005
278.46,0.02005,2.005
278.47,0.02005,2.005
278.48,0.02005,2.005
278.49,0.02005,2.005
278.49,0.02005,2.005
278.50,0.02005,2.005
278.51,0.02005,2.005
278.52,0.02006,2.006
278.53,0.02006,2.006
278.54,0.02006,2.006
278.55,0.02006,2.006
278.56,0.02006,2.006
278.57,0.02006,2.006
278.57,0.02006,2.006
278.58,0.02006,2.006
278.59,0.02006,2.006
278.60,0.02006,2.006
278.61,0.02006,2.006
278.62,0.02006,2.006
278.63,0.02006,2.006
278.64,0.02006,2.006
278.65,0.02006,2.006
278.65,0.02006,2.006
278.66,0.02006,2.006
278.67,0.02006,2.006
278.68,0.02006,2.006
278.69,0.02006,2.006
278.70,0.02006,2.006
278.71,0.02006,2.006
278.72,0.02006,2.006
278.73,0.02006,2.006
278.74,0.02006,2.006
278.74,0.02006,2.006
278.75,0.02006,2.006
278.76,0.02006,2.006
278.77,0.02006,2.006
278.78,0.02006,2.006
278.79,0.02006,2.006
278.80,0.02006,2.006
278.81,0.02006,2.006
278.82,0.02006,2.006
278.82,0.02006,2.006
278.83,0.02006,2.006
278.84,0.02006,2.006
278.85,0.02006,2.006
278.86,0.02006,2.006
278.87,0.02006,2.006
278.88,0.02006,2.006
278.89,0.02006,2.006
278.90,0.02006,2.006
278.91,0.02006,2.006
278.91,0.02006,2.006
278.92,0.02006,2.006
278.93,0.02006,2.006
278.94,0.02006,2.006
278.95,0.02006,2.006
278.96,0.02006,2.006
278.97,0.02006,2.006
278.98,0.02006,2.006
278.99,0.02006,2.006
278.99,0.02006,2.006
279.00,0.02006,2.006
279.01,0.02006,2.006
279.02,0.02006,2.006
279.03,0.02006,2.006
279.04,0.02006,2.006
279.05,0.02006,2.006
279.06,0.02006,2.006
279.07,0.02007,2.007
279.07,0.02007,2.007
279.08,0.02007,2.007
279.09,0.02007,2.007
279.10,0.02007,2.007
279.11,0.02007,2.007
279.12,0.02007,2.007
279.13,0.02007,2.007
279.14,0.02007,2.007
279.15,0.02007,2.007
279.16,0.02007,2.007
279.16,0.02007,2.007
279.17,0.02007,2.007
279.18,0.02007,2.007
279.19,0.02007,2.007
279.20,0.02007,2.007
279.21,0.02007,2.007
279.22,0.02007,2.007
279.23,0.02007,2.007
279.24,0.02007,2.007
279.24,0.02007,2.007
279.25,0.02007,2.007
279.26,0.02007,2.007
279.27,0.02007,2.007
279.28,0.02007,2.007
279.29,0.02007,2.007
279.30,0.02007,2.007
279.31,0.02007,2.007
279.32,0.02007,2.007
279.32,0.02007,2.007
279.33,0.02007,2.007
279.34,0.02007,2.007
279.35,0.02007,2.007
279.36,0.02007,2.007
279.37,0.02007,2.007
279.38,0.02007,2.007
279.39,0.02007,2.007
279.40,0.02007,2.007
279.41,0.02007,2.007
279.41,0.02007,2.007
279.42,0.02007,2.007
279.43,0.02007,2.007
279.44,0.02007,2.007
279.45,0.02007,2.007
279.46,0.02007,2.007
279.47,0.02007,2.007
279.48,0.02007,2.007
279.49,0.02007,2.007
279.49,0.02007,2.007
279.50,0.02007,2.007
279.51,0.02007,2.007
279.52,0.02007,2.007
279.53,0.02007,2.007
279.54,0.02007,2.007
279.55,0.02007,2.007
279.56,0.02007,2.007
279.57,0.02007,2.007
279.57,0.02007,2.007
279.58,0.02007,2.007
279.59,0.02007,2.007
279.60,0.02007,2.007
279.61,0.02008,2.008
279.62,0.02008,2.008
279.63,0.02008,2.008
279.64,0.02008,2.008
279.65,0.02008,2.008
279.65,0.02008,2.008
279.66,0.02008,2.008
279.67,0.02008,2.008
279.68,0.02008,2.008
279.69,0.02008,2.008
279.70,0.02008,2.008
279.71,0.02008,2.008
279.72,0.02008,2.008
279.73,0.02008,2.008
279.74,0.02008,2.008
279.74,0.02008,2.008
279.75,0.02008,2.008
279.76,0.02008,2.008
279.77,0.02008,2.008
279.78,0.02008,2.008
279.79,0.02008,2.008
279.80,0.02008,2.008
279.81,0.02008,2.008
279.82,0.02008,2.008
279.82,0.02008,2.008
279.83,0.02008,2.008
279.84,0.02008,2.008
279.85,0.02008,2.008
279.86,0.02008,2.008
279.87,0.02008,2.008
279.88,0.02008,2.008
279.89,0.02008,2.008
279.90,0.02008,2.008
279.90,0.02008,2.008
279.91,0.02008,2.008
279.92,0.02008,2.008
279.93,0.02008,2.008
279.94,0.02008,2.008
279.95,0.02008,2.008
279.96,0.02008,2.008
279.97,0.02008,2.008
279.98,0.02008,2.008
279.98,0.02008,2.008
279.99,0.02008,2.008
280.00,0.02008,2.008
280.01,0.02008,2.008
280.02,0.02008,2.008
280.03,0.02008,2.008
280.04,0.02008,2.008
280.05,0.02008,2.008
280.06,0.02008,2.008
280.07,0.02008,2.008
280.07,0.02008,2.008
280.08,0.02008,2.008
280.09,0.02008,2.008
280.10,0.02008,2.008
280.11,0.02008,2.008
280.12,0.02008,2.008
280.13,0.02008,2.008
280.14,0.02008,2.008
280.15,0.02009,2.009
280.15,0.02009,2.009
280.16,0.02009,2.009
280.17,0.02009,2.009
280.18,0.02009,2.009
280.19,0.02009,2.009
280.20,0.02009,2.009
280.21,0.02009,2.009
280.22,0.02009,2.009
280.23,0.02009,2.009
280.23,0.02009,2.009
280.24,0.02009,2.009
280.25,0.02009,2.009
280.26,0.02009,2.009
280.27,0.02009,2.009
280.28,0.02009,2.009
280.29,0.02009,2.009
280.30,0.02009,2.009
280.31,0.02009,2.009
280.31,0.02009,2.009
280.32,0.02009,2.009
280.33,0.02009,2.009
280.34,0.02009,2.009
280.35,0.02009,2.009
280.36,0.02009,2.009
280.37,0.02009,2.009
280.38,0.02009,2.009
280.39,0.02009,2.009
280.40,0.02009,2.009
280.40,0.02009,2.009
280.41,0.02009,2.009
280.42,0.02009,2.009
280.43,0.02009,2.009
280.44,0.02009,2.009
280.45,0.02009,2.009
280.46,0.02009,2.009
280.47,0.02009,2.009
280.48,0.02009,2.009
280.48,0.02009,2.009
280.49,0.02009,2.009
280.50,0.02009,2.009
280.51,0.02009,2.009
280.52,0.02009,2.009
280.53,0.02009,2.009
280.54,0.02009,2.009
280.55,0.02009,2.009
280.56,0.02009,2.009
280.56,0.02009,2.009
280.57,0.02009,2.009
280.58,0.02009,2.009
280.59,0.02009,2.009
280.60,0.02009,2.009
280.61,0.02009,2.009
280.62,0.02009,2.009
280.63,0.02009,2.009
280.64,0.02009,2.009
280.65,0.02009,2.009
280.65,0.02009,2.009
280.66,0.02009,2.009
280.67,0.02009,2.009
280.68,0.02010,2.010
280.69,0.02010,2.010
280.70,0.02010,2.010
280.71,0.02010,2.010
280.72,0.02010,2.010
280.73,0.02010,2.010
280.73,0.02010,2.010
280.74,0.02010,2.010
280.75,0.02010,2.010
280.76,0.02010,2.010
280.77,0.02010,2.010
280.78,0.02010,2.010
280.79,0.02010,2.010
280.80,0.02010,2.010
280.81,0.02010,2.010
280.81,0.02010,2.010
280.82,0.02010,2.010
280.83,0.02010,2.010
280.84,0.02010,2.010
280.85,0.02010,2.010
280.86,0.02010,2.010
280.87,0.02010,2.010
280.88,0.02010,2.010
280.89,0.02010,2.010
280.90,0.02010,2.010
280.90,0.02010,2.010
280.91,0.02010,2.010
280.92,0.02010,2.010
280.93,0.02010,2.010
280.94,0.02010,2.010
280.95,0.02010,2.010
280.96,0.02010,2.010
280.97,0.02010,2.010
280.98,0.02010,2.010
280.98,0.02010,2.010
280.99,0.02010,2.010
281.00,0.02010,2.010
281.01,0.02010,2.010
281.02,0.02010,2.010
281.03,0.02010,2.010
281.04,0.02010,2.010
281.05,0.02010,2.010
281.06,0.02010,2.010
281.06,0.02010,2.010
281.07,0.02010,2.010
281.08,0.02010,2.010
281.09,0.02010,2.010
281.10,0.02010,2.010
281.11,0.02010,2.010
281.12,0.02010,2.010
281.13,0.02010,2.010
281.14,0.02010,2.010
281.14,0.02010,2.010
281.15,0.02010,2.010
281.16,0.02010,2.010
281.17,0.02010,2.010
281.18,0.02010,2.010
281.19,0.02010,2.010
281.20,0.02010,2.010
281.21,0.02010,2.010
281.22,0.02010,2.010
281.23,0.02010,2.010
281.23,0.02011,2.011
281.24,0.02011,2.011
281.25,0.02011,2.011
281.26,0.02011,2.011
281.27,0.02011,2.011
281.28,0.02011,2.011
281.29,0.02011,2.011
281.30,0.02011,2.011
281.31,0.02011,2.011
281.31,0.02011,2.011
281.32,0.02011,2.011
281.33,0.02011,2.011
281.34,0.02011,2.011
281.35,0.02011,2.011
281.36,0.02011,2.011
281.37,0.02011,2.011
281.38,0.02011,2.011
281.39,0.02011,2.011
281.39,0.02011,2.011
281.40,0.02011,2.011
281.41,0.02011,2.011
281.42,0.02011,2.011
281.43,0.02011,2.011
281.44,0.02011,2.011
281.45,0.02011,2.011
281.46,0.02011,2.011
281.47,0.02011,2.011
281.47,0.02011,2.011
281.48,0.02011,2.011
281.49,0.02011,2.011
281.50,0.02011,2.011
281.51,0.02011,2.011
281.52,0.02011,2.011
281.53,0.02011,2.011
281.54,0.02011,2.011
281.55,0.02011,2.011
281.55,0.02011,2.011
281.56,0.02011,2.011
281.57,0.02011,2.011
281.58,0.02011,2.011
281.59,0.02011,2.011
281.60,0.02011,2.011
281.61,0.02011,2.011
281.62,0.02011,2.011
281.63,0.02011,2.011
281.64,0.02011,2.011
281.64,0.02011,2.011
281.65,0.02011,2.011
281.66,0.02011,2.011
281.67,0.02011,2.011
281.68,0.02011,2.011
281.69,0.02011,2.011
281.70,0.02011,2.011
281.71,0.02011,2.011
281.72,0.02011,2.011
281.72,0.02011,2.011
281.73,0.02011,2.011
281.74,0.02011,2.011
281.75,0.02011,2.011
281.76,0.02011,2.011
281.77,0.02011,2.011
281.78,0.02011,2.011
281.79,0.02011,2.011
281.80,0.02011,2.011
281.80,0.02012,2.012
281.81,0.02012,2.012
281.82,0.02012,2.012
281.83,0.02012,2.012
281.84,0.02012,2.012
281.85,0.02012,2.012
281.86,0.02012,2.012
281.87,0.02012,2.012
281.88,0.02012,2.012
281.88,0.02012,2.012
281.89,0.02012,2.012
281.90,0.02012,2.012
281.91,0.02012,2.012
281.92,0.02012,2.012
281.93,0.02012,2.012
281.94,0.02012,2.012
281.95,0.02012,2.012
281.96,0.02012,2.012
281.97,0.02012,2.012
281.97,0.02012,2.012
281.98,0.02012,2.012
281.99,0.02012,2.012
282.00,0.02012,2.012
282.01,0.02012,2.012
282.02,0.02012,2.012
282.03,0.02012,2.012
282.04,0.02012,2.012
282.05,0.02012,2.012
282.05,0.02012,2.012
282.06,0.02012,2.012
282.07,0.02012,2.012
282.08,0.02012,2.012
282.09,0.02012,2.012
282.10,0.02012,2.012
282.11,0.02012,2.012
282.12,0.02012,2.012
282.13,0.02012,2.012
282.13,0.02012,2.012
282.14,0.02012,2.012
282.15,0.02012,2.012
282.16,0.02012,2.012
282.17,0.02012,2.012
282.18,0.02012,2.012
282.19,0.02012,2.012
282.20,0.02012,2.012
282.21,0.02012,2.012
282.22,0.02012,2.012
282.22,0.02012,2.012
282.23,0.02012,2.012
282.24,0.02012,2.012
282.25,0.02012,2.012
282.26,0.02012,2.012
282.27,0.02012,2.012
282.28,0.02012,2.012
282.29,0.02012,2.012
282.30,0.02012,2.012
282.30,0.02012,2.012
282.31,0.02012,2.012
282.32,0.02012,2.012
282.33,0.02012,2.012
282.34,0.02012,2.012
282.35,0.02012,2.012
282.36,0.02013,2.013
282.37,0.02013,2.013
282.38,0.02013,2.013
282.38,0.02013,2.013
282.39,0.02013,2.013
282.40,0.02013,2.013
282.41,0.02013,2.013
282.42,0.02013,2.013
282.43,0.02013,2.013
282.44,0.02013,2.013
282.45,0.02013,2.013
282.46,0.02013,2.013
282.47,0.02013,2.013
282.47,0.02013,2.013
282.48,0.02013,2.013
282.49,0.02013,2.013
282.50,0.02013,2.013
282.51,0.02013,2.013
282.52,0.02013,2.013
282.53,0.02013,2.013
282.54,0.02013,2.013
282.55,0.02013,2.013
282.55,0.02013,2.013
282.56,0.02013,2.013
282.57,0.02013,2.013
282.58,0.02013,2.013
282.59,0.02013,2.013
282.60,0.02013,2.013
282.61,0.02013,2.013
282.62,0.02013,2.013
282.63,0.02013,2.013
282.64,0.02013,2.013
282.64,0.02013,2.013
282.65,0.02013,2.013
282.66,0.02013,2.013
282.67,0.02013,2.013
282.68,0.02013,2.013
282.69,0.02013,2.013
282.70,0.02013,2.013
282.71,0.02013,2.013
282.72,0.02013,2.013
282.72,0.02013,2.013
282.73,0.02013,2.013
282.74,0.02013,2.013
282.75,0.02013,2.013
282.76,0.02013,2.013
282.77,0.02013,2.013
282.78,0.02013,2.013
282.79,0.02013,2.013
282.80,0.02013,2.013
282.80,0.02013,2.013
282.81,0.02013,2.013
282.82,0.02013,2.013
282.83,0.02013,2.013
282.84,0.02013,2.013
282.85,0.02013,2.013
282.86,0.02013,2.013
282.87,0.02013,2.013
282.88,0.02013,2.013
282.89,0.02013,2.013
282.89,0.02013,2.013
282.90,0.02013,2.013
282.91,0.02014,2.014
282.92,0.02014,2.014
282.93,0.02014,2.014
282.94,0.02014,2.014
282.95,0.02014,2.014
282.96,0.02014,2.014
282.97,0.02014,2.014
282.97,0.02014,2.014
282.98,0.02014,2.014
282.99,0.02014,2.014
283.00,0.02014,2.014
283.01,0.02014,2.014
283.02,0.02014,2.014
283.03,0.02014,2.014
283.04,0.02014,2.014
283.05,0.02014,2.014
283.05,0.02014,2.014
283.06,0.02014,2.014
283.07,0.02014,2.014
283.08,0.02014,2.014
283.09,0.02014,2.014
283.10,0.02014,2.014
283.11,0.02014,2.014
283.12,0.02014,2.014
283.13,0.02014,2.014
283.13,0.02014,2.014
283.14,0.02014,2.014
283.15,0.02014,2.014
283.16,0.02014,2.014
283.17,0.02014,2.014
283.18,0.02014,2.014
283.19,0.02014,2.014
283.20,0.02014,2.014
283.21,0.02014,2.014
283.22,0.02014,2.014
283.22,0.02014,2.014
283.23,0.02014,2.014
283.24,0.02014,2.014
283.25,0.02014,2.014
283.26,0.02014,2.014
283.27,0.02014,2.014
283.28,0.02014,2.014
283.29,0.02014,2.014
283.30,0.02014,2.014
283.30,0.02014,2.014
283.31,0.02014,2.014
283.32,0.02014,2.014
283.33,0.02014,2.014
283.34,0.02014,2.014
283.35,0.02014,2.014
283.36,0.02014,2.014
283.37,0.02014,2.014
283.38,0.02014,2.014
283.38,0.02014,2.014
283.39,0.02014,2.014
283.40,0.02014,2.014
283.41,0.02014,2.014
283.42,0.02014,2.014
283.43,0.02014,2.014
283.44,0.02014,2.014
283.45,0.02014,2.014
283.46,0.02014,2.014
283.47,0.02014,2.014
283.47,0.02015,2.015
283.48,0.02015,2.015
283.49,0.02015,2.015
283.50,0.02015,2.015
283.51,0.02015,2.015
283.52,0.02015,2.015
283.53,0.02015,2.015
283.54,0.02015,2.015
283.55,0.02015,2.015
283.55,0.02015,2.015
283.56,0.02015,2.015
283.57,0.02015,2.015
283.58,0.02015,2.015
283.59,0.02015,2.015
283.60,0.02015,2.015
283.61,0.02015,2.015
283.62,0.02015,2.015
283.63,0.02015,2.015
283.63,0.02015,2.015
283.64,0.02015,2.015
283.65,0.02015,2.015
283.66,0.02015,2.015
283.67,0.02015,2.015
283.68,0.02015,2.015
283.69,0.02015,2.015
283.70,0.02015,2.015
283.71,0.02015,2.015
283.72,0.02015,2.015
283.72,0.02015,2.015
283.73,0.02015,2.015
283.74,0.02015,2.015
283.75,0.02015,2.015
283.76,0.02015,2.015
283.77,0.02015,2.015
283.78,0.02015,2.015
283.79,0.02015,2.015
283.80,0.02015,2.015
283.80,0.02015,2.015
283.81,0.02015,2.015
283.82,0.02015,2.015
283.83,0.02015,2.015
283.84,0.02015,2.015
283.85,0.02015,2.015
283.86,0.02015,2.015
283.87,0.02015,2.015
283.88,0.02015,2.015
283.88,0.02015,2.015
283.89,0.02015,2.015
283.90,0.02015,2.015
283.91,0.02015,2.015
283.92,0.02015,2.015
283.93,0.02015,2.015
283.94,0.02015,2.015
283.95,0.02015,2.015
283.96,0.02015,2.015
283.96,0.02015,2.015
283.97,0.02015,2.015
283.98,0.02015,2.015
283.99,0.02015,2.015
284.00,0.02015,2.015
284.01,0.02015,2.015
284.02,0.02015,2.015
284.03,0.02015,2.015
284.04,0.02015,2.015
284.05,0.02016,2.016
284.05,0.02016,2.016
284.06,0.02016,2.016
284.07,0.02016,2.016
284.08,0.02016,2.016
284.09,0.02016,2.016
284.10,0.02016,2.016
284.11,0.02016,2.016
284.12,0.02016,2.016
284.13,0.02016,2.016
284.13,0.02016,2.016
284.14,0.02016,2.016
284.15,0.02016,2.016
284.16,0.02016,2.016
284.17,0.02016,2.016
284.18,0.02016,2.016
284.19,0.02016,2.016
284.20,0.02016,2.016
284.21,0.02016,2.016
284.21,0.02016,2.016
284.22,0.02016,2.016
284.23,0.02016,2.016
284.24,0.02016,2.016
284.25,0.02016,2.016
284.26,0.02016,2.016
284.27,0.02016,2.016
284.28,0.02016,2.016
284.29,0.02016,2.016
284.30,0.02016,2.016
284.30,0.02016,2.016
284.31,0.02016,2.016
284.32,0.02016,2.016
284.33,0.02016,2.016
284.34,0.02016,2.016
284.35,0.02016,2.016
284.36,0.02016,2.016
284.37,0.02016,2.016
284.38,0.02016,2.016
284.38,0.02016,2.016
284.39,0.02016,2.016
284.40,0.02016,2.016
284.41,0.02016,2.016
284.42,0.02016,2.016
284.43,0.02016,2.016
284.44,0.02016,2.016
284.45,0.02016,2.016
284.46,0.02016,2.016
284.46,0.02016,2.016
284.47,0.02016,2.016
284.48,0.02016,2.016
284.49,0.02016,2.016
284.50,0.02016,2.016
284.51,0.02016,2.016
284.52,0.02016,2.016
284.53,0.02016,2.016
284.54,0.02016,2.016
284.54,0.02016,2.016
284.55,0.02016,2.016
284.56,0.02016,2.016
284.57,0.02016,2.016
284.58,0.02016,2.016
284.59,0.02016,2.016
284.60,0.02016,2.016
284.61,0.02016,2.016
284.62,0.02016,2.016
284.63,0.02017,2.017
284.63,0.02017,2.017
284.64,0.02017,2.017
284.65,0.02017,2.017
284.66,0.02017,2.017
284.67,0.02017,2.017
284.68,0.02017,2.017
284.69,0.02017,2.017
284.70,0.02017,2.017
284.71,0.02017,2.017
284.71,0.02017,2.017
284.72,0.02017,2.017
284.73,0.02017,2.017
284.74,0.02017,2.017
284.75,0.02017,2.017
284.76,0.02017,2.017
284.77,0.02017,2.017
284.78,0.02017,2.017
284.79,0.02017,2.017
284.79,0.02017,2.017
284.80,0.02017,2.017
284.81,0.02017,2.017
284.82,0.02017,2.017
284.83,0.02017,2.017
284.84,0.02017,2.017
284.85,0.02017,2.017
284.86,0.02017,2.017
284.87,0.02017,2.017
284.87,0.02017,2.017
284.88,0.02017,2.017
284.89,0.02017,2.017
284.90,0.02017,2.017
284.91,0.02017,2.017
284.92,0.02017,2.017
284.93,0.02017,2.017
284.94,0.02017,2.017
284.95,0.02017,2.017
284.96,0.02017,2.017
284.96,0.02017,2.017
284.97,0.02017,2.017
284.98,0.02017,2.017
284.99,0.02017,2.017
285.00,0.02017,2.017
285.01,0.02017,2.017
285.02,0.02017,2.017
285.03,0.02017,2.017
285.04,0.02017,2.017
285.04,0.02017,2.017
285.05,0.02017,2.017
285.06,0.02017,2.017
285.07,0.02017,2.017
285.08,0.02017,2.017
285.09,0.02017,2.017
285.10,0.02017,2.017
285.11,0.02017,2.017
285.12,0.02017,2.017
285.12,0.02017,2.017
285.13,0.02017,2.017
285.14,0.02017,2.017
285.15,0.02017,2.017
285.16,0.02017,2.017
285.17,0.02017,2.017
285.18,0.02017,2.017
285.19,0.02017,2.017
285.20,0.02017,2.017
285.21,0.02018,2.018
285.21,0.02018,2.018
285.22,0.02018,2.018
285.23,0.02018,2.018
285.24,0.02018,2.018
285.25,0.02018,2.018
285.26,0.02018,2.018
285.27,0.02018,2.018
285.28,0.02018,2.018
285.29,0.02018,2.018
285.29,0.02018,2.018
285.30,0.02018,2.018
285.31,0.02018,2.018
285.32,0.02018,2.018
285.33,0.02018,2.018
285.34,0.02018,2.018
285.35,0.02018,2.018
285.36,0.02018,2.018
285.37,0.02018,2.018
285.37,0.02018,2.018
285.38,0.02018,2.018
285.39,0.02018,2.018
285.40,0.02018,2.018
285.41,0.02018,2.018
285.42,0.02018,2.018
285.43,0.02018,2.018
285.44,0.02018,2.018
285.45,0.02018,2.018
285.46,0.02018,2.018
285.46,0.02018,2.018
285.47,0.02018,2.018
285.48,0.02018,2.018
285.49,0.02018,2.018
285.50,0.02018,2.018
285.51,0.02018,2.018
285.52,0.02018,2.018
285.53,0.02018,2.018
285.54,0.02018,2.018
285.54,0.02018,2.018
285.55,0.02018,2.018
285.56,0.02018,2.018
285.57,0.02018,2.018
285.58,0.02018,2.018
285.59,0.02018,2.018
285.60,0.02018,2.018
285.61,0.02018,2.018
285.62,0.02018,2.018
285.62,0.02018,2.018
285.63,0.02018,2.018
285.64,0.02018,2.018
285.65,0.02018,2.018
285.66,0.02018,2.018
285.67,0.02018,2.018
285.68,0.02018,2.018
285.69,0.02018,2.018
285.70,0.02018,2.018
285.71,0.02018,2.018
285.71,0.02018,2.018
285.72,0.02018,2.018
285.73,0.02018,2.018
285.74,0.02018,2.018
285.75,0.02018,2.018
285.76,0.02018,2.018
285.77,0.02018,2.018
285.78,0.02019,2.019
285.79,0.02019,2.019
285.79,0.02019,2.019
285.80,0.02019,2.019
285.81,0.02019,2.019
285.82,0.02019,2.019
285.83,0.02019,2.019
285.84,0.02019,2.019
285.85,0.02019,2.019
285.86,0.02019,2.019
285.87,0.02019,2.019
285.87,0.02019,2.019
285.88,0.02019,2.019
285.89,0.02019,2.019
285.90,0.02019,2.019
285.91,0.02019,2.019
285.92,0.02019,2.019
285.93,0.02019,2.019
285.94,0.02019,2.019
285.95,0.02019,2.019
285.96,0.02019,2.019
285.96,0.02019,2.019
285.97,0.02019,2.019
285.98,0.02019,2.019
285.99,0.02019,2.019
286.00,0.02019,2.019
286.01,0.02019,2.019
286.02,0.02019,2.019
286.03,0.02019,2.019
286.04,0.02019,2.019
286.04,0.02019,2.019
286.05,0.02019,2.019
286.06,0.02019,2.019
286.07,0.02019,2.019
286.08,0.02019,2.019
286.09,0.02019,2.019
286.10,0.02019,2.019
286.11,0.02019,2.019
286.12,0.02019,2.019
286.12,0.02019,2.019
286.13,0.02019,2.019
286.14,0.02019,2.019
286.15,0.02019,2.019
286.16,0.02019,2.019
286.17,0.02019,2.019
286.18,0.02019,2.019
286.19,0.02019,2.019
286.20,0.02019,2.019
286.21,0.02019,2.019
286.21,0.02019,2.019
286.22,0.02019,2.019
286.23,0.02019,2.019
286.24,0.02019,2.019
286.25,0.02019,2.019
286.26,0.02019,2.019
286.27,0.02019,2.019
286.28,0.02019,2.019
286.29,0.02019,2.019
286.29,0.02019,2.019
286.30,0.02019,2.019
286.31,0.02019,2.019
286.32,0.02019,2.019
286.33,0.02019,2.019
286.34,0.02019,2.019
286.35,0.02019,2.019
286.36,0.02020,2.020
286.37,0.02020,2.020
286.37,0.02020,2.020
286.38,0.02020,2.020
286.39,0.02020,2.020
286.40,0.02020,2.020
286.41,0.02020,2.020
286.42,0.02020,2.020
286.43,0.02020,2.020
286.44,0.02020,2.020
286.45,0.02020,2.020
286.45,0.02020,2.020
286.46,0.02020,2.020
286.47,0.02020,2.020
286.48,0.02020,2.020
286.49,0.02020,2.020
286.50,0.02020,2.020
286.51,0.02020,2.020
286.52,0.02020,2.020
286.53,0.02020,2.020
286.54,0.02020,2.020
286.54,0.02020,2.020
286.55,0.02020,2.020
286.56,0.02020,2.020
286.57,0.02020,2.020
286.58,0.02020,2.020
286.59,0.02020,2.020
286.60,0.02020,2.020
286.61,0.02020,2.020
286.62,0.02020,2.020
286.62,0.02020,2.020
286.63,0.02020,2.020
286.64,0.02020,2.020
286.65,0.02020,2.020
286.66,0.02020,2.020
286.67,0.02020,2.020
286.68,0.02020,2.020
286.69,0.02020,2.020
286.70,0.02020,2.020
286.70,0.02020,2.020
286.71,0.02020,2.020
286.72,0.02020,2.020
286.73,0.02020,2.020
286.74,0.02020,2.020
286.75,0.02020,2.020
286.76,0.02020,2.020
286.77,0.02020,2.020
286.78,0.02020,2.020
286.79,0.02020,2.020
286.79,0.02020,2.020
286.80,0.02020,2.020
286.81,0.02020,2.020
286.82,0.02020,2.020
286.83,0.02020,2.020
286.84,0.02020,2.020
286.85,0.02020,2.020
286.86,0.02020,2.020
286.87,0.02020,2.020
286.87,0.02020,2.020
286.88,0.02020,2.020
286.89,0.02020,2.020
286.90,0.02020,2.020
286.91,0.02020,2.020
286.92,0.02020,2.020
286.93,0.02020,2.020
286.94,0.02020,2.020
286.95,0.02021,2.021
286.95,0.02021,2.021
286.96,0.02021,2.021
286.97,0.02021,2.021
286.98,0.02021,2.021
286.99,0.02021,2.021
287.00,0.02021,2.021
287.01,0.02021,2.021
287.02,0.02021,2.021
287.03,0.02021,2.021
287.04,0.02021,2.021
287.04,0.02021,2.021
287.05,0.02021,2.021
287.06,0.02021,2.021
287.07,0.02021,2.021
287.08,0.02021,2.021
287.09,0.02021,2.021
287.10,0.02021,2.021
287.11,0.02021,2.021
287.12,0.02021,2.021
287.12,0.02021,2.021
287.13,0.02021,2.021
287.14,0.02021,2.021
287.15,0.02021,2.021
287.16,0.02021,2.021
287.17,0.02021,2.021
287.18,0.02021,2.021
287.19,0.02021,2.021
287.20,0.02021,2.021
287.20,0.02021,2.021
287.21,0.02021,2.021
287.22,0.02021,2.021
287.23,0.02021,2.021
287.24,0.02021,2.021
287.25,0.02021,2.021
287.26,0.02021,2.021
287.27,0.02021,2.021
287.28,0.02021,2.021
287.29,0.02021,2.021
287.29,0.02021,2.021
287.30,0.02021,2.021
287.31,0.02021,2.021
287.32,0.02021,2.021
287.33,0.02021,2.021
287.34,0.02021,2.021
287.35,0.02021,2.021
287.36,0.02021,2.021
287.37,0.02021,2.021
287.37,0.02021,2.021
287.38,0.02021,2.021
287.39,0.02021,2.021
287.40,0.02021,2.021
287.41,0.02021,2.021
287.42,0.02021,2.021
287.43,0.02021,2.021
287.44,0.02021,2.021
287.45,0.02021,2.021
287.46,0.02021,2.021
287.46,0.02021,2.021
287.47,0.02021,2.021
287.48,0.02021,2.021
287.49,0.02021,2.021
287.50,0.02021,2.021
287.51,0.02021,2.021
287.52,0.02021,2.021
287.53,0.02021,2.021
287.54,0.02021,2.021
287.54,0.02022,2.022
287.55,0.02022,2.022
287.56,0.02022,2.022
287.57,0.02022,2.022
287.58,0.02022,2.022
287.59,0.02022,2.022
287.60,0.02022,2.022
287.61,0.02022,2.022
287.62,0.02022,2.022
287.62,0.02022,2.022
287.63,0.02022,2.022
287.64,0.02022,2.022
287.65,0.02022,2.022
287.66,0.02022,2.022
287.67,0.02022,2.022
287.68,0.02022,2.022
287.69,0.02022,2.022
287.70,0.02022,2.022
287.70,0.02022,2.022
287.71,0.02022,2.022
287.72,0.02022,2.022
287.73,0.02022,2.022
287.74,0.02022,2.022
287.75,0.02022,2.022
287.76,0.02022,2.022
287.77,0.02022,2.022
287.78,0.02022,2.022
287.79,0.02022,2.022
287.79,0.02022,2.022
287.80,0.02022,2.022
287.81,0.02022,2.022
287.82,0.02022,2.022
287.83,0.02022,2.022
287.84,0.02022,2.022
287.85,0.02022,2.022
287.86,0.02022,2.022
287.87,0.02022,2.022
287.87,0.02022,2.022
287.88,0.02022,2.022
287.89,0.02022,2.022
287.90,0.02022,2.022
287.91,0.02022,2.022
287.92,0.02022,2.022
287.93,0.02022,2.022
287.94,0.02022,2.022
287.95,0.02022,2.022
287.95,0.02022,2.022
287.96,0.02022,2.022
287.97,0.02022,2.022
287.98,0.02022,2.022
287.99,0.02022,2.022
288.00,0.02022,2.022
288.01,0.02022,2.022
288.02,0.02022,2.022
288.03,0.02022,2.022
288.03,0.02022,2.022
288.04,0.02022,2.022
288.05,0.02022,2.022
288.06,0.02022,2.022
288.07,0.02022,2.022
288.08,0.02022,2.022
288.09,0.02022,2.022
288.10,0.02022,2.022
288.11,0.02022,2.022
288.12,0.02022,2.022
288.12,0.02022,2.022
288.13,0.02023,2.023
288.14,0.02023,2.023
288.15,0.02023,2.023
288.16,0.02023,2.023
288.17,0.02023,2.023
288.18,0.02023,2.023
288.19,0.02023,2.023
288.20,0.02023,2.023
288.20,0.02023,2.023
288.21,0.02023,2.023
288.22,0.02023,2.023
288.23,0.02023,2.023
288.24,0.02023,2.023
288.25,0.02023,2.023
288.26,0.02023,2.023
288.27,0.02023,2.023
288.28,0.02023,2.023
288.28,0.02023,2.023
288.29,0.02023,2.023
288.30,0.02023,2.023
288.31,0.02023,2.023
288.32,0.02023,2.023
288.33,0.02023,2.023
288.34,0.02023,2.023
288.35,0.02023,2.023
288.36,0.02023,2.023
288.36,0.02023,2.023
288.37,0.02023,2.023
288.38,0.02023,2.023
288.39,0.02023,2.023
288.40,0.02023,2.023
288.41,0.02023,2.023
288.42,0.02023,2.023
288.43,0.02023,2.023
288.44,0.02023,2.023
288.45,0.02023,2.023
288.45,0.02023,2.023
288.46,0.02023,2.023
288.47,0.02023,2.023
288.48,0.02023,2.023
288.49,0.02023,2.023
288.50,0.02023,2.023
288.51,0.02023,2.023
288.52,0.02023,2.023
288.53,0.02023,2.023
288.53,0.02023,2.023
288.54,0.02023,2.023
288.55,0.02023,2.023
288.56,0.02023,2.023
288.57,0.02023,2.023
288.58,0.02023,2.023
288.59,0.02023,2.023
288.60,0.02023,2.023
288.61,0.02023,2.023
288.61,0.02023,2.023
288.62,0.02023,2.023
288.63,0.02023,2.023
288.64,0.02023,2.023
288.65,0.02023,2.023
288.66,0.02023,2.023
288.67,0.02023,2.023
288.68,0.02023,2.023
288.69,0.02023,2.023
288.70,0.02023,2.023
288.70,0.02023,2.023
288.71,0.02023,2.023
288.72,0.02023,2.023
288.73,0.02024,2.024
288.74,0.02024,2.024
288.75,0.02024,2.024
288.76,0.02024,2.024
288.77,0.02024,2.024
288.78,0.02024,2.024
288.78,0.02024,2.024
288.79,0.02024,2.024
288.80,0.02024,2.024
288.81,0.02024,2.024
288.82,0.02024,2.024
288.83,0.02024,2.024
288.84,0.02024,2.024
288.85,0.02024,2.024
288.86,0.02024,2.024
288.86,0.02024,2.024
288.87,0.02024,2.024
288.88,0.02024,2.024
288.89,0.02024,2.024
288.90,0.02024,2.024
288.91,0.02024,2.024
288.92,0.02024,2.024
288.93,0.02024,2.024
288.94,0.02024,2.024
288.95,0.02024,2.024
288.95,0.02024,2.024
288.96,0.02024,2.024
288.97,0.02024,2.024
288.98,0.02024,2.024
288.99,0.02024,2.024
289.00,0.02024,2.024
289.01,0.02024,2.024
289.02,0.02024,2.024
289.03,0.02024,2.024
289.03,0.02024,2.024
289.04,0.02024,2.024
289.05,0.02024,2.024
289.06,0.02024,2.024
289.07,0.02024,2.024
289.08,0.02024,2.024
289.09,0.02024,2.024
289.10,0.02024,2.024
289.11,0.02024,2.024
289.12,0.02024,2.024
289.12,0.02024,2.024
289.13,0.02024,2.024
289.14,0.02024,2.024
289.15,0.02024,2.024
289.16,0.02024,2.024
289.17,0.02024,2.024
289.18,0.02024,2.024
289.19,0.02024,2.024
289.20,0.02024,2.024
289.20,0.02024,2.024
289.21,0.02024,2.024
289.22,0.02024,2.024
289.23,0.02024,2.024
289.24,0.02024,2.024
289.25,0.02024,2.024
289.26,0.02024,2.024
289.27,0.02024,2.024
289.28,0.02024,2.024
289.28,0.02024,2.024
289.29,0.02024,2.024
289.30,0.02024,2.024
289.31,0.02024,2.024
289.32,0.02024,2.024
289.33,0.02025,2.025
289.34,0.02025,2.025
289.35,0.02025,2.025
289.36,0.02025,2.025
289.37,0.02025,2.025
289.37,0.02025,2.025
289.38,0.02025,2.025
289.39,0.02025,2.025
289.40,0.02025,2.025
289.41,0.02025,2.025
289.42,0.02025,2.025
289.43,0.02025,2.025
289.44,0.02025,2.025
289.45,0.02025,2.025
289.45,0.02025,2.025
289.46,0.02025,2.025
289.47,0.02025,2.025
289.48,0.02025,2.025
289.49,0.02025,2.025
289.50,0.02025,2.025
289.51,0.02025,2.025
289.52,0.02025,2.025
289.53,0.02025,2.025
289.53,0.02025,2.025
289.54,0.02025,2.025
289.55,0.02025,2.025
289.56,0.02025,2.025
289.57,0.02025,2.025
289.58,0.02025,2.025
289.59,0.02025,2.025
289.60,0.02025,2.025
289.61,0.02025,2.025
289.62,0.02025,2.025
289.62,0.02025,2.025
289.63,0.02025,2.025
289.64,0.02025,2.025
289.65,0.02025,2.025
289.66,0.02025,2.025
289.67,0.02025,2.025
289.68,0.02025,2.025
289.69,0.02025,2.025
289.70,0.02025,2.025
289.70,0.02025,2.025
289.71,0.02025,2.025
289.72,0.02025,2.025
289.73,0.02025,2.025
289.74,0.02025,2.025
289.75,0.02025,2.025
289.76,0.02025,2.025
289.77,0.02025,2.025
289.78,0.02025,2.025
289.78,0.02025,2.025
289.79,0.02025,2.025
289.80,0.02025,2.025
289.81,0.02025,2.025
289.82,0.02025,2.025
289.83,0.02025,2.025
289.84,0.02025,2.025
289.85,0.02025,2.025
289.86,0.02025,2.025
289.86,0.02025,2.025
289.87,0.02025,2.025
289.88,0.02025,2.025
289.89,0.02025,2.025
289.90,0.02025,2.025
289.91,0.02025,2.025
289.92,0.02026,2.026
289.93,0.02026,2.026
289.94,0.02026,2.026
289.95,0.02026,2.026
289.95,0.02026,2.026
289.96,0.02026,2.026
289.97,0.02026,2.026
289.98,0.02026,2.026
289.99,0.02026,2.026
290.00,0.02026,2.026
290.01,0.02026,2.026
290.02,0.02026,2.026
290.03,0.02026,2.026
290.03,0.02026,2.026
290.04,0.02026,2.026
290.05,0.02026,2.026
290.06,0.02026,2.026
290.07,0.02026,2.026
290.08,0.02026,2.026
290.09,0.02026,2.026
290.10,0.02026,2.026
290.11,0.02026,2.026
290.11,0.02026,2.026
290.12,0.02026,2.026
290.13,0.02026,2.026
290.14,0.02026,2.026
290.15,0.02026,2.026
290.16,0.02026,2.026
290.17,0.02026,2.026
290.18,0.02026,2.026
290.19,0.02026,2.026
290.20,0.02026,2.026
290.20,0.02026,2.026
290.21,0.02026,2.026
290.22,0.02026,2.026
290.23,0.02026,2.026
290.24,0.02026,2.026
290.25,0.02026,2.026
290.26,0.02026,2.026
290.27,0.02026,2.026
290.28,0.02026,2.026
290.28,0.02026,2.026
290.29,0.02026,2.026
290.30,0.02026,2.026
290.31,0.02026,2.026
290.32,0.02026,2.026
290.33,0.02026,2.026
290.34,0.02026,2.026
290.35,0.02026,2.026
290.36,0.02026,2.026
290.36,0.02026,2.026
290.37,0.02026,2.026
290.38,0.02026,2.026
290.39,0.02026,2.026
290.40,0.02026,2.026
290.41,0.02026,2.026
290.42,0.02026,2.026
290.43,0.02026,2.026
290.44,0.02026,2.026
290.45,0.02026,2.026
290.45,0.02026,2.026
290.46,0.02026,2.026
290.47,0.02026,2.026
290.48,0.02026,2.026
290.49,0.02026,2.026
290.50,0.02027,2.027
290.51,0.02027,2.027
290.52,0.02027,2.027
290.53,0.02027,2.027
290.53,0.02027,2.027
290.54,0.02027,2.027
290.55,0.02027,2.027
290.56,0.02027,2.027
290.57,0.02027,2.027
290.58,0.02027,2.027
290.59,0.02027,2.027
290.60,0.02027,2.027
290.61,0.02027,2.027
290.61,0.02027,2.027
290.62,0.02027,2.027
290.63,0.02027,2.027
290.64,0.02027,2.027
290.65,0.02027,2.027
290.66,0.02027,2.027
290.67,0.02027,2.027
290.68,0.02027,2.027
290.69,0.02027,2.027
290.70,0.02027,2.027
290.70,0.02027,2.027
290.71,0.02027,2.027
290.72,0.02027,2.027
290.73,0.02027,2.027
290.74,0.02027,2.027
290.75,0.02027,2.027
290.76,0.02027,2.027
290.77,0.02027,2.027
290.78,0.02027,2.027
290.78,0.02027,2.027
290.79,0.02027,2.027
290.80,0.02027,2.027
290.81,0.02027,2.027
290.82,0.02027,2.027
290.83,0.02027,2.027
290.84,0.02027,2.027
290.85,0.02027,2.027
290.86,0.02027,2.027
290.87,0.02027,2.027
290.87,0.02027,2.027
290.88,0.02027,2.027
290.89,0.02027,2.027
290.90,0.02027,2.027
290.91,0.02027,2.027
290.92,0.02027,2.027
290.93,0.02027,2.027
290.94,0.02027,2.027
290.95,0.02027,2.027
290.95,0.02027,2.027
290.96,0.02027,2.027
290.97,0.02027,2.027
290.98,0.02027,2.027
290.99,0.02027,2.027
291.00,0.02027,2.027
291.01,0.02027,2.027
291.02,0.02027,2.027
291.03,0.02027,2.027
291.03,0.02027,2.027
291.04,0.02027,2.027
291.05,0.02027,2.027
291.06,0.02027,2.027
291.07,0.02027,2.027
291.08,0.02027,2.027
291.09,0.02027,2.027
291.10,0.02028,2.028
291.11,0.02028,2.028
291.12,0.02028,2.028
291.12,0.02028,2.028
291.13,0.02028,2.028
291.14,0.02028,2.028
291.15,0.02028,2.028
291.16,0.02028,2.028
291.17,0.02028,2.028
291.18,0.02028,2.028
291.19,0.02028,2.028
291.20,0.02028,2.028
291.20,0.02028,2.028
291.21,0.02028,2.028
291.22,0.02028,2.028
291.23,0.02028,2.028
291.24,0.02028,2.028
291.25,0.02028,2.028
291.26,0.02028,2.028
291.27,0.02028,2.028
291.28,0.02028,2.028
291.28,0.02028,2.028
291.29,0.02028,2.028
291.30,0.02028,2.028
291.31,0.02028,2.028
291.32,0.02028,2.028
291.33,0.02028,2.028
291.34,0.02028,2.028
291.35,0.02028,2.028
291.36,0.02028,2.028
291.37,0.02028,2.028
291.37,0.02028,2.028
291.38,0.02028,2.028
291.39,0.02028,2.028
291.40,0.02028,2.028
291.41,0.02028,2.028
291.42,0.02028,2.028
291.43,0.02028,2.028
291.44,0.02028,2.028
291.45,0.02028,2.028
291.45,0.02028,2.028
291.46,0.02028,2.028
291.47,0.02028,2.028
291.48,0.02028,2.028
291.49,0.02028,2.028
291.50,0.02028,2.028
291.51,0.02028,2.028
291.52,0.02028,2.028
291.53,0.02028,2.028
291.53,0.02028,2.028
291.54,0.02028,2.028
291.55,0.02028,2.028
291.56,0.02028,2.028
291.57,0.02028,2.028
291.58,0.02028,2.028
291.59,0.02028,2.028
291.60,0.02028,2.028
291.61,0.02028,2.028
291.62,0.02028,2.028
291.62,0.02028,2.028
291.63,0.02028,2.028
291.64,0.02028,2.028
291.65,0.02028,2.028
291.66,0.02028,2.028
291.67,0.02028,2.028
291.68,0.02028,2.028
291.69,0.02028,2.028
291.70,0.02028,2.028
291.70,0.02029,2.029
291.71,0.02029,2.029
291.72,0.02029,2.029
291.73,0.02029,2.029
291.74,0.02029,2.029
291.75,0.02029,2.029
291.76,0.02029,2.029
291.77,0.02029,2.029
291.78,0.02029,2.029
291.78,0.02029,2.029
291.79,0.02029,2.029
291.80,0.02029,2.029
291.81,0.02029,2.029
291.82,0.02029,2.029
291.83,0.02029,2.029
291.84,0.02029,2.029
291.85,0.02029,2.029
291.86,0.02029,2.029
291.86,0.02029,2.029
291.87,0.02029,2.029
291.88,0.02029,2.029
291.89,0.02029,2.029
291.90,0.02029,2.029
291.91,0.02029,2.029
291.92,0.02029,2.029
291.93,0.02029,2.029
291.94,0.02029,2.029
291.95,0.02029,2.029
291.95,0.02029,2.029
291.96,0.02029,2.029
291.97,0.02029,2.029
291.98,0.02029,2.029
291.99,0.02029,2.029
292.00,0.02029,2.029
292.01,0.02029,2.029
292.02,0.02029,2.029
292.03,0.02029,2.029
292.03,0.02029,2.029
292.04,0.02029,2.029
292.05,0.02029,2.029
292.06,0.02029,2.029
292.07,0.02029,2.029
292.08,0.02029,2.029
292.09,0.02029,2.029
292.10,0.02029,2.029
292.11,0.02029,2.029
292.11,0.02029,2.029
292.12,0.02029,2.029
292.13,0.02029,2.029
292.14,0.02029,2.029
292.15,0.02029,2.029
292.16,0.02029,2.029
292.17,0.02029,2.029
292.18,0.02029,2.029
292.19,0.02029,2.029
292.20,0.02029,2.029
292.20,0.02029,2.029
292.21,0.02029,2.029
292.22,0.02029,2.029
292.23,0.02029,2.029
292.24,0.02029,2.029
292.25,0.02029,2.029
292.26,0.02029,2.029
292.27,0.02029,2.029
292.28,0.02029,2.029
292.28,0.02029,2.029
292.29,0.02029,2.029
292.30,0.02029,2.029
292.31,0.02029,2.029
292.32,0.02029,2.029
292.33,0.02030,2.030
292.34,0.02030,2.030
292.35,0.02030,2.030
292.36,0.02030,2.030
292.37,0.02030,2.030
292.37,0.02030,2.030
292.38,0.02030,2.030
292.39,0.02030,2.030
292.40,0.02030,2.030
292.41,0.02030,2.030
292.42,0.02030,2.030
292.43,0.02030,2.030
292.44,0.02030,2.030
292.45,0.02030,2.030
292.45,0.02030,2.030
292.46,0.02030,2.030
292.47,0.02030,2.030
292.48,0.02030,2.030
292.49,0.02030,2.030
292.50,0.02030,2.030
292.51,0.02030,2.030
292.52,0.02030,2.030
292.53,0.02030,2.030
292.53,0.02030,2.030
292.54,0.02030,2.030
292.55,0.02030,2.030
292.56,0.02030,2.030
292.57,0.02030,2.030
292.58,0.02030,2.030
292.59,0.02030,2.030
292.60,0.02030,2.030
292.61,0.02030,2.030
292.62,0.02030,2.030
292.62,0.02030,2.030
292.63,0.02030,2.030
292.64,0.02030,2.030
292.65,0.02030,2.030
292.66,0.02030,2.030
292.67,0.02030,2.030
292.68,0.02030,2.030
292.69,0.02030,2.030
292.70,0.02030,2.030
292.70,0.02030,2.030
292.71,0.02030,2.030
292.72,0.02030,2.030
292.73,0.02030,2.030
292.74,0.02030,2.030
292.75,0.02030,2.030
292.76,0.02030,2.030
292.77,0.02030,2.030
292.78,0.02030,2.030
292.79,0.02030,2.030
292.79,0.02030,2.030
292.80,0.02030,2.030
292.81,0.02030,2.030
292.82,0.02030,2.030
292.83,0.02030,2.030
292.84,0.02030,2.030
292.85,0.02030,2.030
292.86,0.02030,2.030
292.87,0.02030,2.030
292.87,0.02030,2.030
292.88,0.02030,2.030
292.89,0.02030,2.030
292.90,0.02030,2.030
292.91,0.02030,2.030
292.92,0.02030,2.030
292.93,0.02030,2.030
292.94,0.02030,2.030
292.95,0.02030,2.030
292.95,0.02031,2.031
292.96,0.02031,2.031
292.97,0.02031,2.031
292.98,0.02031,2.031
292.99,0.02031,2.031
293.00,0.02031,2.031
293.01,0.02031,2.031
293.02,0.02031,2.031
293.03,0.02031,2.031
293.04,0.02031,2.031
293.04,0.02031,2.031
293.05,0.02031,2.031
293.06,0.02031,2.031
293.07,0.02031,2.031
293.08,0.02031,2.031
293.09,0.02031,2.031
293.10,0.02031,2.031
293.11,0.02031,2.031
293.12,0.02031,2.031
293.12,0.02031,2.031
293.13,0.02031,2.031
293.14,0.02031,2.031
293.15,0.02031,2.031
293.16,0.02031,2.031
293.17,0.02031,2.031
293.18,0.02031,2.031
293.19,0.02031,2.031
293.20,0.02031,2.031
293.20,0.02031,2.031
293.21,0.02031,2.031
293.22,0.02031,2.031
293.23,0.02031,2.031
293.24,0.02031,2.031
293.25,0.02031,2.031
293.26,0.02031,2.031
293.27,0.02031,2.031
293.28,0.02031,2.031
293.29,0.02031,2.031
293.29,0.02031,2.031
293.30,0.02031,2.031
293.31,0.02031,2.031
293.32,0.02031,2.031
293.33,0.02031,2.031
293.34,0.02031,2.031
293.35,0.02031,2.031
293.36,0.02031,2.031
293.37,0.02031,2.031
293.37,0.02031,2.031
293.38,0.02031,2.031
293.39,0.02031,2.031
293.40,0.02031,2.031
293.41,0.02031,2.031
293.42,0.02031,2.031
293.43,0.02031,2.031
293.44,0.02031,2.031
293.45,0.02031,2.031
293.45,0.02031,2.031
293.46,0.02031,2.031
293.47,0.02031,2.031
293.48,0.02031,2.031
293.49,0.02031,2.031
293.50,0.02031,2.031
293.51,0.02031,2.031
293.52,0.02031,2.031
293.53,0.02031,2.031
293.54,0.02031,2.031
293.54,0.02031,2.031
293.55,0.02031,2.031
293.56,0.02031,2.031
293.57,0.02031,2.031
293.58,0.02031,2.031
293.59,0.02032,2.032
293.60,0.02032,2.032
293.61,0.02032,2.032
293.62,0.02032,2.032
293.62,0.02032,2.032
293.63,0.02032,2.032
293.64,0.02032,2.032
293.65,0.02032,2.032
293.66,0.02032,2.032
293.67,0.02032,2.032
293.68,0.02032,2.032
293.69,0.02032,2.032
293.70,0.02032,2.032
293.71,0.02032,2.032
293.71,0.02032,2.032
293.72,0.02032,2.032
293.73,0.02032,2.032
293.74,0.02032,2.032
293.75,0.02032,2.032
293.76,0.02032,2.032
293.77,0.02032,2.032
293.78,0.02032,2.032
293.79,0.02032,2.032
293.79,0.02032,2.032
293.80,0.02032,2.032
293.81,0.02032,2.032
293.82,0.02032,2.032
293.83,0.02032,2.032
293.84,0.02032,2.032
293.85,0.02032,2.032
293.86,0.02032,2.032
293.87,0.02032,2.032
293.87,0.02032,2.032
293.88,0.02032,2.032
293.89,0.02032,2.032
293.90,0.02032,2.032
293.91,0.02032,2.032
293.92,0.02032,2.032
293.93,0.02032,2.032
293.94,0.02032,2.032
293.95,0.02032,2.032
293.96,0.02032,2.032
293.96,0.02032,2.032
293.97,0.02032,2.032
293.98,0.02032,2.032
293.99,0.02032,2.032
294.00,0.02032,2.032
294.01,0.02032,2.032
294.02,0.02032,2.032
294.03,0.02032,2.032
294.04,0.02032,2.032
294.04,0.02032,2.032
294.05,0.02032,2.032
294.06,0.02032,2.032
294.07,0.02032,2.032
294.08,0.02032,2.032
294.09,0.02032,2.032
294.10,0.02032,2.032
294.11,0.02032,2.032
294.12,0.02032,2.032
294.13,0.02032,2.032
294.13,0.02032,2.032
294.14,0.02032,2.032
294.15,0.02032,2.032
294.16,0.02032,2.032
294.17,0.02032,2.032
294.18,0.02032,2.032
294.19,0.02032,2.032
294.20,0.02032,2.032
294.21,0.02032,2.032
294.21,0.02032,2.032
294.22,0.02032,2.032
294.23,0.02033,2.033
294.24,0.02033,2.033
294.25,0.02033,2.033
294.26,0.02033,2.033
294.27,0.02033,2.033
294.28,0.02033,2.033
294.29,0.02033,2.033
294.29,0.02033,2.033
294.30,0.02033,2.033
294.31,0.02033,2.033
294.32,0.02033,2.033
294.33,0.02033,2.033
294.34,0.02033,2.033
294.35,0.02033,2.033
294.36,0.02033,2.033
294.37,0.02033,2.033
294.38,0.02033,2.033
294.38,0.02033,2.033
294.39,0.02033,2.033
294.40,0.02033,2.033
294.41,0.02033,2.033
294.42,0.02033,2.033
294.43,0.02033,2.033
294.44,0.02033,2.033
294.45,0.02033,2.033
294.46,0.02033,2.033
294.46,0.02033,2.033
294.47,0.02033,2.033
294.48,0.02033,2.033
294.49,0.02033,2.033
294.50,0.02033,2.033
294.51,0.02033,2.033
294.52,0.02033,2.033
294.53,0.02033,2.033
294.54,0.02033,2.033
294.54,0.02033,2.033
294.55,0.02033,2.033
294.56,0.02033,2.033
294.57,0.02033,2.033
294.58,0.02033,2.033
294.59,0.02033,2.033
294.60,0.02033,2.033
294.61,0.02033,2.033
294.62,0.02033,2.033
294.63,0.02033,2.033
294.63,0.02033,2.033
294.64,0.02033,2.033
294.65,0.02033,2.033
294.66,0.02033,2.033
294.67,0.02033,2.033
294.68,0.02033,2.033
294.69,0.02033,2.033
294.70,0.02033,2.033
294.71,0.02033,2.033
294.71,0.02033,2.033
294.72,0.02033,2.033
294.73,0.02033,2.033
294.74,0.02033,2.033
294.75,0.02033,2.033
294.76,0.02033,2.033
294.77,0.02033,2.033
294.78,0.02033,2.033
294.79,0.02033,2.033
294.80,0.02033,2.033
294.80,0.02033,2.033
294.81,0.02033,2.033
294.82,0.02033,2.033
294.83,0.02033,2.033
294.84,0.02033,2.033
294.85,0.02033,2.033
294.86,0.02033,2.033
294.87,0.02033,2.033
294.88,0.02034,2.034
294.88,0.02034,2.034
294.89,0.02034,2.034
294.90,0.02034,2.034
294.91,0.02034,2.034
294.92,0.02034,2.034
294.93,0.02034,2.034
294.94,0.02034,2.034
294.95,0.02034,2.034
294.96,0.02034,2.034
294.96,0.02034,2.034
294.97,0.02034,2.034
294.98,0.02034,2.034
294.99,0.02034,2.034
295.00,0.02034,2.034
295.01,0.02034,2.034
295.02,0.02034,2.034
295.03,0.02034,2.034
295.04,0.02034,2.034
295.05,0.02034,2.034
295.05,0.02034,2.034
295.06,0.02034,2.034
295.07,0.02034,2.034
295.08,0.02034,2.034
295.09,0.02034,2.034
295.10,0.02034,2.034
295.11,0.02034,2.034
295.12,0.02034,2.034
295.13,0.02034,2.034
295.13,0.02034,2.034
295.14,0.02034,2.034
295.15,0.02034,2.034
295.16,0.02034,2.034
295.17,0.02034,2.034
295.18,0.02034,2.034
295.19,0.02034,2.034
295.20,0.02034,2.034
295.21,0.02034,2.034
295.21,0.02034,2.034
295.22,0.02034,2.034
295.23,0.02034,2.034
295.24,0.02034,2.034
295.25,0.02034,2.034
295.26,0.02034,2.034
295.27,0.02034,2.034
295.28,0.02034,2.034
295.29,0.02034,2.034
295.30,0.02034,2.034
295.30,0.02034,2.034
295.31,0.02034,2.034
295.32,0.02034,2.034
295.33,0.02034,2.034
295.34,0.02034,2.034
295.35,0.02034,2.034
295.36,0.02034,2.034
295.37,0.02034,2.034
295.38,0.02034,2.034
295.38,0.02034,2.034
295.39,0.02034,2.034
295.40,0.02034,2.034
295.41,0.02034,2.034
295.42,0.02034,2.034
295.43,0.02034,2.034
295.44,0.02034,2.034
295.45,0.02034,2.034
295.46,0.02034,2.034
295.46,0.02034,2.034
295.47,0.02034,2.034
295.48,0.02034,2.034
295.49,0.02034,2.034
295.50,0.02034,2.034
295.51,0.02034,2.034
295.52,0.02034,2.034
295.53,0.02035,2.035
295.54,0.02035,2.035
295.55,0.02035,2.035
295.55,0.02035,2.035
295.56,0.02035,2.035
295.57,0.02035,2.035
295.58,0.02035,2.035
295.59,0.02035,2.035
295.60,0.02035,2.035
295.61,0.02035,2.035
295.62,0.02035,2.035
295.63,0.02035,2.035
295.63,0.02035,2.035
295.64,0.02035,2.035
295.65,0.02035,2.035
295.66,0.02035,2.035
295.67,0.02035,2.035
295.68,0.02035,2.035
295.69,0.02035,2.035
295.70,0.02035,2.035
295.71,0.02035,2.035
295.72,0.02035,2.035
295.72,0.02035,2.035
295.73,0.02035,2.035
295.74,0.02035,2.035
295.75,0.02035,2.035
295.76,0.02035,2.035
295.77,0.02035,2.035
295.78,0.02035,2.035
295.79,0.02035,2.035
295.80,0.02035,2.035
295.80,0.02035,2.035
295.81,0.02035,2.035
295.82,0.02035,2.035
295.83,0.02035,2.035
295.84,0.02035,2.035
295.85,0.02035,2.035
295.86,0.02035,2.035
295.87,0.02035,2.035
295.88,0.02035,2.035
295.88,0.02035,2.035
295.89,0.02035,2.035
295.90,0.02035,2.035
295.91,0.02035,2.035
295.92,0.02035,2.035
295.93,0.02035,2.035
295.94,0.02035,2.035
295.95,0.02035,2.035
295.96,0.02035,2.035
295.97,0.02035,2.035
295.97,0.02035,2.035
295.98,0.02035,2.035
295.99,0.02035,2.035
296.00,0.02035,2.035
296.01,0.02035,2.035
296.02,0.02035,2.035
296.03,0.02035,2.035
296.04,0.02035,2.035
296.05,0.02035,2.035
296.05,0.02035,2.035
296.06,0.02035,2.035
296.07,0.02035,2.035
296.08,0.02035,2.035
296.09,0.02035,2.035
296.10,0.02035,2.035
296.11,0.02035,2.035
296.12,0.02035,2.035
296.13,0.02035,2.035
296.14,0.02035,2.035
296.14,0.02035,2.035
296.15,0.02035,2.035
296.16,0.02035,2.035
296.17,0.02035,2.035
296.18,0.02035,2.035
296.19,0.02035,2.035
296.20,0.02036,2.036
296.21,0.02036,2.036
296.22,0.02036,2.036
296.22,0.02036,2.036
296.23,0.02036,2.036
296.24,0.02036,2.036
296.25,0.02036,2.036
296.26,0.02036,2.036
296.27,0.02036,2.036
296.28,0.02036,2.036
296.29,0.02036,2.036
296.30,0.02036,2.036
296.30,0.02036,2.036
296.31,0.02036,2.036
296.32,0.02036,2.036
296.33,0.02036,2.036
296.34,0.02036,2.036
296.35,0.02036,2.036
296.36,0.02036,2.036
296.37,0.02036,2.036
296.38,0.02036,2.036
296.39,0.02036,2.036
296.39,0.02036,2.036
296.40,0.02036,2.036
296.41,0.02036,2.036
296.42,0.02036,2.036
296.43,0.02036,2.036
296.44,0.02036,2.036
296.45,0.02036,2.036
296.46,0.02036,2.036
296.47,0.02036,2.036
296.47,0.02036,2.036
296.48,0.02036,2.036
296.49,0.02036,2.036
296.50,0.02036,2.036
296.51,0.02036,2.036
296.52,0.02036,2.036
296.53,0.02036,2.036
296.54,0.02036,2.036
296.55,0.02036,2.036
296.55,0.02036,2.036
296.56,0.02036,2.036
296.57,0.02036,2.036
296.58,0.02036,2.036
296.59,0.02036,2.036
296.60,0.02036,2.036
296.61,0.02036,2.036
296.62,0.02036,2.036
296.63,0.02036,2.036
296.64,0.02036,2.036
296.64,0.02036,2.036
296.65,0.02036,2.036
296.66,0.02036,2.036
296.67,0.02036,2.036
296.68,0.02036,2.036
296.69,0.02036,2.036
296.70,0.02036,2.036
296.71,0.02036,2.036
296.72,0.02036,2.036
296.72,0.02036,2.036
296.73,0.02036,2.036
296.74,0.02036,2.036
296.75,0.02036,2.036
296.76,0.02036,2.036
296.77,0.02036,2.036
296.78,0.02036,2.036
296.79,0.02036,2.036
296.80,0.02036,2.036
296.80,0.02036,2.036
296.81,0.02036,2.036
296.82,0.02036,2.036
296.83,0.02036,2.036
296.84,0.02036,2.036
296.85,0.02036,2.036
296.86,0.02036,2.036
296.87,0.02036,2.036
296.88,0.02037,2.037
296.89,0.02037,2.037
296.89,0.02037,2.037
296.90,0.02037,2.037
296.91,0.02037,2.037
296.92,0.02037,2.037
296.93,0.02037,2.037
296.94,0.02037,2.037
296.95,0.02037,2.037
296.96,0.02037,2.037
296.97,0.02037,2.037
296.97,0.02037,2.037
296.98,0.02037,2.037
296.99,0.02037,2.037
297.00,0.02037,2.037
297.01,0.02037,2.037
297.02,0.02037,2.037
297.03,0.02037,2.037
297.04,0.02037,2.037
297.05,0.02037,2.037
297.06,0.02037,2.037
297.06,0.02037,2.037
297.07,0.02037,2.037
297.08,0.02037,2.037
297.09,0.02037,2.037
297.10,0.02037,2.037
297.11,0.02037,2.037
297.12,0.02037,2.037
297.13,0.02037,2.037
297.14,0.02037,2.037
297.14,0.02037,2.037
297.15,0.02037,2.037
297.16,0.02037,2.037
297.17,0.02037,2.037
297.18,0.02037,2.037
297.19,0.02037,2.037
297.20,0.02037,2.037
297.21,0.02037,2.037
297.22,0.02037,2.037
297.23,0.02037,2.037
297.23,0.02037,2.037
297.24,0.02037,2.037
297.25,0.02037,2.037
297.26,0.02037,2.037
297.27,0.02037,2.037
297.28,0.02037,2.037
297.29,0.02037,2.037
297.30,0.02037,2.037
297.31,0.02037,2.037
297.31,0.02037,2.037
297.32,0.02037,2.037
297.33,0.02037,2.037
297.34,0.02037,2.037
297.35,0.02037,2.037
297.36,0.02037,2.037
297.37,0.02037,2.037
297.38,0.02037,2.037
297.39,0.02037,2.037
297.40,0.02037,2.037
297.40,0.02037,2.037
297.41,0.02037,2.037
297.42,0.02037,2.037
297.43,0.02037,2.037
297.44,0.02037,2.037
297.45,0.02037,2.037
297.46,0.02037,2.037
297.47,0.02037,2.037
297.48,0.02037,2.037
297.48,0.02037,2.037
297.49,0.02037,2.037
297.50,0.02037,2.037
297.51,0.02037,2.037
297.52,0.02037,2.037
297.53,0.02038,2.038
297.54,0.02038,2.038
297.55,0.02038,2.038
297.56,0.02038,2.038
297.57,0.02038,2.038
297.57,0.02038,2.038
297.58,0.02038,2.038
297.59,0.02038,2.038
297.60,0.02038,2.038
297.61,0.02038,2.038
297.62,0.02038,2.038
297.63,0.02038,2.038
297.64,0.02038,2.038
297.65,0.02038,2.038
297.65,0.02038,2.038
297.66,0.02038,2.038
297.67,0.02038,2.038
297.68,0.02038,2.038
297.69,0.02038,2.038
297.70,0.02038,2.038
297.71,0.02038,2.038
297.72,0.02038,2.038
297.73,0.02038,2.038
297.73,0.02038,2.038
297.74,0.02038,2.038
297.75,0.02038,2.038
297.76,0.02038,2.038
297.77,0.02038,2.038
297.78,0.02038,2.038
297.79,0.02038,2.038
297.80,0.02038,2.038
297.81,0.02038,2.038
297.82,0.02038,2.038
297.82,0.02038,2.038
297.83,0.02038,2.038
297.84,0.02038,2.038
297.85,0.02038,2.038
297.86,0.02038,2.038
297.87,0.02038,2.038
297.88,0.02038,2.038
297.89,0.02038,2.038
297.90,0.02038,2.038
297.90,0.02038,2.038
297.91,0.02038,2.038
297.92,0.02038,2.038
297.93,0.02038,2.038
297.94,0.02038,2.038
297.95,0.02038,2.038
297.96,0.02038,2.038
297.97,0.02038,2.038
297.98,0.02038,2.038
297.99,0.02038,2.038
297.99,0.02038,2.038
298.00,0.02038,2.038
298.01,0.02038,2.038
298.02,0.02038,2.038
298.03,0.02038,2.038
298.04,0.02038,2.038
298.05,0.02038,2.038
298.06,0.02038,2.038
298.07,0.02038,2.038
298.07,0.02038,2.038
298.08,0.02038,2.038
298.09,0.02038,2.038
298.10,0.02038,2.038
298.11,0.02038,2.038
298.12,0.02038,2.038
298.13,0.02038,2.038
298.14,0.02038,2.038
298.15,0.02038,2.038
298.15,0.02038,2.038
298.16,0.02038,2.038
298.17,0.02038,2.038
298.18,0.02038,2.038
298.19,0.02039,2.039
298.20,0.02039,2.039
298.21,0.02039,2.039
298.22,0.02039,2.039
298.23,0.02039,2.039
298.24,0.02039,2.039
298.24,0.02039,2.039
298.25,0.02039,2.039
298.26,0.02039,2.039
298.27,0.02039,2.039
298.28,0.02039,2.039
298.29,0.02039,2.039
298.30,0.02039,2.039
298.31,0.02039,2.039
298.32,0.02039,2.039
298.32,0.02039,2.039
298.33,0.02039,2.039
298.34,0.02039,2.039
298.35,0.02039,2.039
298.36,0.02039,2.039
298.37,0.02039,2.039
298.38,0.02039,2.039
298.39,0.02039,2.039
298.40,0.02039,2.039
298.40,0.02039,2.039
298.41,0.02039,2.039
298.42,0.02039,2.039
298.43,0.02039,2.039
298.44,0.02039,2.039
298.45,0.02039,2.039
298.46,0.02039,2.039
298.47,0.02039,2.039
298.48,0.02039,2.039
298.49,0.02039,2.039
298.49,0.02039,2.039
298.50,0.02039,2.039
298.51,0.02039,2.039
298.52,0.02039,2.039
298.53,0.02039,2.039
298.54,0.02039,2.039
298.55,0.02039,2.039
298.56,0.02039,2.039
298.57,0.02039,2.039
298.57,0.02039,2.039
298.58,0.02039,2.039
298.59,0.02039,2.039
298.60,0.02039,2.039
298.61,0.02039,2.039
298.62,0.02039,2.039
298.63,0.02039,2.039
298.64,0.02039,2.039
298.65,0.02039,2.039
298.66,0.02039,2.039
298.66,0.02039,2.039
298.67,0.02039,2.039
298.68,0.02039,2.039
298.69,0.02039,2.039
298.70,0.02039,2.039
298.71,0.02039,2.039
298.72,0.02039,2.039
298.73,0.02039,2.039
298.74,0.02039,2.039
298.74,0.02039,2.039
298.75,0.02039,2.039
298.76,0.02039,2.039
298.77,0.02039,2.039
298.78,0.02039,2.039
298.79,0.02039,2.039
298.80,0.02039,2.039
298.81,0.02039,2.039
298.82,0.02039,2.039
298.82,0.02039,2.039
298.83,0.02039,2.039
298.84,0.02039,2.039
298.85,0.02039,2.039
298.86,0.02039,2.039
298.87,0.02039,2.039
298.88,0.02039,2.039
298.89,0.02040,2.040
298.90,0.02040,2.040
298.91,0.02040,2.040
298.91,0.02040,2.040
298.92,0.02040,2.040
298.93,0.02040,2.040
298.94,0.02040,2.040
298.95,0.02040,2.040
298.96,0.02040,2.040
298.97,0.02040,2.040
298.98,0.02040,2.040
298.99,0.02040,2.040
298.99,0.02040,2.040
299.00,0.02040,2.040
299.01,0.02040,2.040
299.02,0.02040,2.040
299.03,0.02040,2.040
299.04,0.02040,2.040
299.05,0.02040,2.040
299.06,0.02040,2.040
299.07,0.02040,2.040
299.08,0.02040,2.040
299.08,0.02040,2.040
299.09,0.02040,2.040
299.10,0.02040,2.040
299.11,0.02040,2.040
299.12,0.02040,2.040
299.13,0.02040,2.040
299.14,0.02040,2.040
299.15,0.02040,2.040
299.16,0.02040,2.040
299.16,0.02040,2.040
299.17,0.02040,2.040
299.18,0.02040,2.040
299.19,0.02040,2.040
299.20,0.02040,2.040
299.21,0.02040,2.040
299.22,0.02040,2.040
299.23,0.02040,2.040
299.24,0.02040,2.040
299.25,0.02040,2.040
299.25,0.02040,2.040
299.26,0.02040,2.040
299.27,0.02040,2.040
299.28,0.02040,2.040
299.29,0.02040,2.040
299.30,0.02040,2.040
299.31,0.02040,2.040
299.32,0.02040,2.040
299.33,0.02040,2.040
299.33,0.02040,2.040
299.34,0.02040,2.040
299.35,0.02040,2.040
299.36,0.02040,2.040
299.37,0.02040,2.040
299.38,0.02040,2.040
299.39,0.02040,2.040
299.40,0.02040,2.040
299.41,0.02040,2.040
299.42,0.02040,2.040
299.42,0.02040,2.040
299.43,0.02040,2.040
299.44,0.02040,2.040
299.45,0.02040,2.040
299.46,0.02040,2.040
299.47,0.02040,2.040
299.48,0.02040,2.040
299.49,0.02040,2.040
299.50,0.02040,2.040
299.50,0.02040,2.040
299.51,0.02040,2.040
299.52,0.02040,2.040
299.53,0.02040,2.040
299.54,0.02040,2.040
299.55,0.02040,2.040
299.56,0.02040,2.040
299.57,0.02040,2.040
299.58,0.02040,2.040
299.59,0.02040,2.040
299.59,0.02040,2.040
299.60,0.02041,2.041
299.61,0.02041,2.041
299.62,0.02041,2.041
299.63,0.02041,2.041
299.64,0.02041,2.041
299.65,0.02041,2.041
299.66,0.02041,2.041
299.67,0.02041,2.041
299.67,0.02041,2.041
299.68,0.02041,2.041
299.69,0.02041,2.041
299.70,0.02041,2.041
299.71,0.02041,2.041
299.72,0.02041,2.041
299.73,0.02041,2.041
299.74,0.02041,2.041
299.75,0.02041,2.041
299.75,0.02041,2.041
299.76,0.02041,2.041
299.77,0.02041,2.041
299.78,0.02041,2.041
299.79,0.02041,2.041
299.80,0.02041,2.041
299.81,0.02041,2.041
299.82,0.02041,2.041
299.83,0.02041,2.041
299.84,0.02041,2.041
299.84,0.02041,2.041
299.85,0.02041,2.041
299.86,0.02041,2.041
299.87,0.02041,2.041
299.88,0.02041,2.041
299.89,0.02041,2.041
299.90,0.02041,2.041
299.91,0.02041,2.041
299.92,0.02041,2.041
299.92,0.02041,2.041
299.93,0.02041,2.041
299.94,0.02041,2.041
299.95,0.02041,2.041
299.96,0.02041,2.041
299.97,0.02041,2.041
299.98,0.02041,2.041
299.99,0.02041,2.041
300.00,0.02041,2.041
300.01,0.02041,2.041
300.01,0.02041,2.041
300.02,0.02041,2.041
300.03,0.02041,2.041
300.04,0.02041,2.041
300.05,0.02041,2.041
300.06,0.02041,2.041
300.07,0.02041,2.041
300.08,0.02041,2.041
300.09,0.02041,2.041
300.09,0.02041,2.041
300.10,0.02041,2.041
300.11,0.02041,2.041
300.12,0.02041,2.041
300.13,0.02041,2.041
300.14,0.02041,2.041
300.15,0.02041,2.041
300.16,0.02041,2.041
300.17,0.02041,2.041
300.17,0.02041,2.041
300.18,0.02041,2.041
300.19,0.02041,2.041
300.20,0.02041,2.041
300.21,0.02041,2.041
300.22,0.02041,2.041
300.23,0.02041,2.041
300.24,0.02041,2.041
300.25,0.02041,2.041
300.26,0.02041,2.041
300.26,0.02041,2.041
300.27,0.02041,2.041
300.28,0.02041,2.041
300.29,0.02041,2.041
300.30,0.02041,2.041
300.31,0.02041,2.041
300.32,0.02042,2.042
300.33,0.02042,2.042
300.34,0.02042,2.042
300.34,0.02042,2.042
300.35,0.02042,2.042
300.36,0.02042,2.042
300.37,0.02042,2.042
300.38,0.02042,2.042
300.39,0.02042,2.042
300.40,0.02042,2.042
300.41,0.02042,2.042
300.42,0.02042,2.042
300.42,0.02042,2.042
300.43,0.02042,2.042
300.44,0.02042,2.042
300.45,0.02042,2.042
300.46,0.02042,2.042
300.47,0.02042,2.042
300.48,0.02042,2.042
300.49,0.02042,2.042
300.50,0.02042,2.042
300.51,0.02042,2.042
300.51,0.02042,2.042
300.52,0.02042,2.042
300.53,0.02042,2.042
300.54,0.02042,2.042
300.55,0.02042,2.042
300.56,0.02042,2.042
300.57,0.02042,2.042
300.58,0.02042,2.042
300.59,0.02042,2.042
300.59,0.02042,2.042
300.60,0.02042,2.042
300.61,0.02042,2.042
300.62,0.02042,2.042
300.63,0.02042,2.042
300.64,0.02042,2.042
300.65,0.02042,2.042
300.66,0.02042,2.042
300.67,0.02042,2.042
300.68,0.02042,2.042
300.68,0.02042,2.042
300.69,0.02042,2.042
300.70,0.02042,2.042
300.71,0.02042,2.042
300.72,0.02042,2.042
300.73,0.02042,2.042
300.74,0.02042,2.042
300.75,0.02042,2.042
300.76,0.02042,2.042
300.76,0.02042,2.042
300.77,0.02042,2.042
300.78,0.02042,2.042
300.79,0.02042,2.042
300.80,0.02042,2.042
300.81,0.02042,2.042
300.82,0.02042,2.042
300.83,0.02042,2.042
300.84,0.02042,2.042
300.85,0.02042,2.042
300.85,0.02042,2.042
300.86,0.02042,2.042
300.87,0.02042,2.042
300.88,0.02042,2.042
300.89,0.02042,2.042
300.90,0.02042,2.042
300.91,0.02042,2.042
300.92,0.02042,2.042
300.93,0.02042,2.042
300.93,0.02042,2.042
300.94,0.02042,2.042
300.95,0.02042,2.042
300.96,0.02042,2.042
300.97,0.02042,2.042
300.98,0.02042,2.042
300.99,0.02042,2.042
301.00,0.02042,2.042
301.01,0.02042,2.042
301.02,0.02042,2.042
301.02,0.02042,2.042
301.03,0.02042,2.042
301.04,0.02043,2.043
301.05,0.02043,2.043
301.06,0.02043,2.043
301.07,0.02043,2.043
301.08,0.02043,2.043
301.09,0.02043,2.043
301.10,0.02043,2.043
301.11,0.02043,2.043
301.11,0.02043,2.043
301.12,0.02043,2.043
301.13,0.02043,2.043
301.14,0.02043,2.043
301.15,0.02043,2.043
301.16,0.02043,2.043
301.17,0.02043,2.043
301.18,0.02043,2.043
301.19,0.02043,2.043
301.19,0.02043,2.043
301.20,0.02043,2.043
301.21,0.02043,2.043
301.22,0.02043,2.043
301.23,0.02043,2.043
301.24,0.02043,2.043
301.25,0.02043,2.043
301.26,0.02043,2.043
301.27,0.02043,2.043
301.28,0.02043,2.043
301.28,0.02043,2.043
301.29,0.02043,2.043
301.30,0.02043,2.043
301.31,0.02043,2.043
301.32,0.02043,2.043
301.33,0.02043,2.043
301.34,0.02043,2.043
301.35,0.02043,2.043
301.36,0.02043,2.043
301.36,0.02043,2.043
301.37,0.02043,2.043
301.38,0.02043,2.043
301.39,0.02043,2.043
301.40,0.02043,2.043
301.41,0.02043,2.043
301.42,0.02043,2.043
301.43,0.02043,2.043
301.44,0.02043,2.043
301.44,0.02043,2.043
301.45,0.02043,2.043
301.46,0.02043,2.043
301.47,0.02043,2.043
301.48,0.02043,2.043
301.49,0.02043,2.043
301.50,0.02043,2.043
301.51,0.02043,2.043
301.52,0.02043,2.043
301.53,0.02043,2.043
301.53,0.02043,2.043
301.54,0.02043,2.043
301.55,0.02043,2.043
301.56,0.02043,2.043
301.57,0.02043,2.043
301.58,0.02043,2.043
301.59,0.02043,2.043
301.60,0.02043,2.043
301.61,0.02043,2.043
301.61,0.02043,2.043
301.62,0.02043,2.043
301.63,0.02043,2.043
301.64,0.02043,2.043
301.65,0.02043,2.043
301.66,0.02043,2.043
301.67,0.02043,2.043
301.68,0.02043,2.043
301.69,0.02043,2.043
301.70,0.02043,2.043
301.70,0.02043,2.043
301.71,0.02043,2.043
301.72,0.02043,2.043
301.73,0.02043,2.043
301.74,0.02043,2.043
301.75,0.02043,2.043
301.76,0.02043,2.043
301.77,0.02043,2.043
301.78,0.02044,2.044
301.78,0.02044,2.044
301.79,0.02044,2.044
301.80,0.02044,2.044
301.81,0.02044,2.044
301.82,0.02044,2.044
301.83,0.02044,2.044
301.84,0.02044,2.044
301.85,0.02044,2.044
301.86,0.02044,2.044
301.87,0.02044,2.044
301.87,0.02044,2.044
301.88,0.02044,2.044
301.89,0.02044,2.044
301.90,0.02044,2.044
301.91,0.02044,2.044
301.92,0.02044,2.044
301.93,0.02044,2.044
301.94,0.02044,2.044
301.95,0.02044,2.044
301.95,0.02044,2.044
301.96,0.02044,2.044
301.97,0.02044,2.044
301.98,0.02044,2.044
301.99,0.02044,2.044
302.00,0.02044,2.044
302.01,0.02044,2.044
302.02,0.02044,2.044
302.03,0.02044,2.044
302.03,0.02044,2.044
302.04,0.02044,2.044
302.05,0.02044,2.044
302.06,0.02044,2.044
302.07,0.02044,2.044
302.08,0.02044,2.044
302.09,0.02044,2.044
302.10,0.02044,2.044
302.11,0.02044,2.044
302.12,0.02044,2.044
302.12,0.02044,2.044
302.13,0.02044,2.044
302.14,0.02044,2.044
302.15,0.02044,2.044
302.16,0.02044,2.044
302.17,0.02044,2.044
302.18,0.02044,2.044
302.19,0.02044,2.044
302.20,0.02044,2.044
302.20,0.02044,2.044
302.21,0.02044,2.044
302.22,0.02044,2.044
302.23,0.02044,2.044
302.24,0.02044,2.044
302.25,0.02044,2.044
302.26,0.02044,2.044
302.27,0.02044,2.044
302.28,0.02044,2.044
302.29,0.02044,2.044
302.29,0.02044,2.044
302.30,0.02044,2.044
302.31,0.02044,2.044
302.32,0.02044,2.044
302.33,0.02044,2.044
302.34,0.02044,2.044
302.35,0.02044,2.044
302.36,0.02044,2.044
302.37,0.02044,2.044
302.37,0.02044,2.044
302.38,0.02044,2.044
302.39,0.02044,2.044
302.40,0.02044,2.044
302.41,0.02044,2.044
302.42,0.02044,2.044
302.43,0.02044,2.044
302.44,0.02044,2.044
302.45,0.02044,2.044
302.46,0.02044,2.044
302.46,0.02044,2.044
302.47,0.02044,2.044
302.48,0.02044,2.044
302.49,0.02044,2.044
302.50,0.02044,2.044
302.51,0.02044,2.044
302.52,0.02045,2.045
302.53,0.02045,2.045
302.54,0.02045,2.045
302.54,0.02045,2.045
302.55,0.02045,2.045
302.56,0.02045,2.045
302.57,0.02045,2.045
302.58,0.02045,2.045
302.59,0.02045,2.045
302.60,0.02045,2.045
302.61,0.02045,2.045
302.62,0.02045,2.045
302.63,0.02045,2.045
302.63,0.02045,2.045
302.64,0.02045,2.045
302.65,0.02045,2.045
302.66,0.02045,2.045
302.67,0.02045,2.045
302.68,0.02045,2.045
302.69,0.02045,2.045
302.70,0.02045,2.045
302.71,0.02045,2.045
302.71,0.02045,2.045
302.72,0.02045,2.045
302.73,0.02045,2.045
302.74,0.02045,2.045
302.75,0.02045,2.045
302.76,0.02045,2.045
302.77,0.02045,2.045
302.78,0.02045,2.045
302.79,0.02045,2.045
302.79,0.02045,2.045
302.80,0.02045,2.045
302.81,0.02045,2.045
302.82,0.02045,2.045
302.83,0.02045,2.045
302.84,0.02045,2.045
302.85,0.02045,2.045
302.86,0.02045,2.045
302.87,0.02045,2.045
302.88,0.02045,2.045
302.88,0.02045,2.045
302.89,0.02045,2.045
302.90,0.02045,2.045
302.91,0.02045,2.045
302.92,0.02045,2.045
302.93,0.02045,2.045
302.94,0.02045,2.045
302.95,0.02045,2.045
302.96,0.02045,2.045
302.96,0.02045,2.045
302.97,0.02045,2.045
302.98,0.02045,2.045
302.99,0.02045,2.045
303.00,0.02045,2.045
303.01,0.02045,2.045
303.02,0.02045,2.045
303.03,0.02045,2.045
303.04,0.02045,2.045
303.05,0.02045,2.045
303.05,0.02045,2.045
303.06,0.02045,2.045
303.07,0.02045,2.045
303.08,0.02045,2.045
303.09,0.02045,2.045
303.10,0.02045,2.045
303.11,0.02045,2.045
303.12,0.02045,2.045
303.13,0.02045,2.045
303.13,0.02045,2.045
303.14,0.02045,2.045
303.15,0.02045,2.045
303.16,0.02045,2.045
303.17,0.02045,2.045
303.18,0.02045,2.045
303.19,0.02045,2.045
303.20,0.02045,2.045
303.21,0.02045,2.045
303.22,0.02045,2.045
303.22,0.02045,2.045
303.23,0.02045,2.045
303.24,0.02045,2.045
303.25,0.02046,2.046
303.26,0.02046,2.046
303.27,0.02046,2.046
303.28,0.02046,2.046
303.29,0.02046,2.046
303.30,0.02046,2.046
303.30,0.02046,2.046
303.31,0.02046,2.046
303.32,0.02046,2.046
303.33,0.02046,2.046
303.34,0.02046,2.046
303.35,0.02046,2.046
303.36,0.02046,2.046
303.37,0.02046,2.046
303.38,0.02046,2.046
303.39,0.02046,2.046
303.39,0.02046,2.046
303.40,0.02046,2.046
303.41,0.02046,2.046
303.42,0.02046,2.046
303.43,0.02046,2.046
303.44,0.02046,2.046
303.45,0.02046,2.046
303.46,0.02046,2.046
303.47,0.02046,2.046
303.47,0.02046,2.046
303.48,0.02046,2.046
303.49,0.02046,2.046
303.50,0.02046,2.046
303.51,0.02046,2.046
303.52,0.02046,2.046
303.53,0.02046,2.046
303.54,0.02046,2.046
303.55,0.02046,2.046
303.55,0.02046,2.046
303.56,0.02046,2.046
303.57,0.02046,2.046
303.58,0.02046,2.046
303.59,0.02046,2.046
303.60,0.02046,2.046
303.61,0.02046,2.046
303.62,0.02046,2.046
303.63,0.02046,2.046
303.64,0.02046,2.046
303.64,0.02046,2.046
303.65,0.02046,2.046
303.66,0.02046,2.046
303.67,0.02046,2.046
303.68,0.02046,2.046
303.69,0.02046,2.046
303.70,0.02046,2.046
303.71,0.02046,2.046
303.72,0.02046,2.046
303.72,0.02046,2.046
303.73,0.02046,2.046
303.74,0.02046,2.046
303.75,0.02046,2.046
303.76,0.02046,2.046
303.77,0.02046,2.046
303.78,0.02046,2.046
303.79,0.02046,2.046
303.80,0.02046,2.046
303.81,0.02046,2.046
303.81,0.02046,2.046
303.82,0.02046,2.046
303.83,0.02046,2.046
303.84,0.02046,2.046
303.85,0.02046,2.046
303.86,0.02046,2.046
303.87,0.02046,2.046
303.88,0.02046,2.046
303.89,0.02046,2.046
303.89,0.02046,2.046
303.90,0.02046,2.046
303.91,0.02046,2.046
303.92,0.02046,2.046
303.93,0.02046,2.046
303.94,0.02046,2.046
303.95,0.02046,2.046
303.96,0.02046,2.046
303.97,0.02046,2.046
303.98,0.02046,2.046
303.98,0.02046,2.046
303.99,0.02046,2.046
304.00,0.02046,2.046
304.01,0.02047,2.047
304.02,0.02047,2.047
304.03,0.02047,2.047
304.04,0.02047,2.047
304.05,0.02047,2.047
304.06,0.02047,2.047
304.06,0.02047,2.047
304.07,0.02047,2.047
304.08,0.02047,2.047
304.09,0.02047,2.047
304.10,0.02047,2.047
304.11,0.02047,2.047
304.12,0.02047,2.047
304.13,0.02047,2.047
304.14,0.02047,2.047
304.15,0.02047,2.047
304.15,0.02047,2.047
304.16,0.02047,2.047
304.17,0.02047,2.047
304.18,0.02047,2.047
304.19,0.02047,2.047
304.20,0.02047,2.047
304.21,0.02047,2.047
304.22,0.02047,2.047
304.23,0.02047,2.047
304.23,0.02047,2.047
304.24,0.02047,2.047
304.25,0.02047,2.047
304.26,0.02047,2.047
304.27,0.02047,2.047
304.28,0.02047,2.047
304.29,0.02047,2.047
304.30,0.02047,2.047
304.31,0.02047,2.047
304.32,0.02047,2.047
304.32,0.02047,2.047
304.33,0.02047,2.047
304.34,0.02047,2.047
304.35,0.02047,2.047
304.36,0.02047,2.047
304.37,0.02047,2.047
304.38,0.02047,2.047
304.39,0.02047,2.047
304.40,0.02047,2.047
304.40,0.02047,2.047
304.41,0.02047,2.047
304.42,0.02047,2.047
304.43,0.02047,2.047
304.44,0.02047,2.047
304.45,0.02047,2.047
304.46,0.02047,2.047
304.47,0.02047,2.047
304.48,0.02047,2.047
304.49,0.02047,2.047
304.49,0.02047,2.047
304.50,0.02047,2.047
304.51,0.02047,2.047
304.52,0.02047,2.047
304.53,0.02047,2.047
304.54,0.02047,2.047
304.55,0.02047,2.047
304.56,0.02047,2.047
304.57,0.02047,2.047
304.57,0.02047,2.047
304.58,0.02047,2.047
304.59,0.02047,2.047
304.60,0.02047,2.047
304.61,0.02047,2.047
304.62,0.02047,2.047
304.63,0.02047,2.047
304.64,0.02047,2.047
304.65,0.02047,2.047
304.66,0.02047,2.047
304.66,0.02047,2.047
304.67,0.02047,2.047
304.68,0.02047,2.047
304.69,0.02047,2.047
304.70,0.02047,2.047
304.71,0.02047,2.047
304.72,0.02047,2.047
304.73,0.02047,2.047
304.74,0.02047,2.047
304.74,0.02047,2.047
304.75,0.02047,2.047
304.76,0.02047,2.047
304.77,0.02047,2.047
304.78,0.02047,2.047
304.79,0.02047,2.047
304.80,0.02047,2.047
304.81,0.02048,2.048
304.82,0.02048,2.048
304.83,0.02048,2.048
304.83,0.02048,2.048
304.84,0.02048,2.048
304.85,0.02048,2.048
304.86,0.02048,2.048
304.87,0.02048,2.048
304.88,0.02048,2.048
304.89,0.02048,2.048
304.90,0.02048,2.048
304.91,0.02048,2.048
304.91,0.02048,2.048
304.92,0.02048,2.048
304.93,0.02048,2.048
304.94,0.02048,2.048
304.95,0.02048,2.048
304.96,0.02048,2.048
304.97,0.02048,2.048
304.98,0.02048,2.048
304.99,0.02048,2.048
305.00,0.02048,2.048
305.00,0.02048,2.048
305.01,0.02048,2.048
305.02,0.02048,2.048
305.03,0.02048,2.048
305.04,0.02048,2.048
305.05,0.02048,2.048
305.06,0.02048,2.048
305.07,0.02048,2.048
305.08,0.02048,2.048
305.08,0.02048,2.048
305.09,0.02048,2.048
305.10,0.02048,2.048
305.11,0.02048,2.048
305.12,0.02048,2.048
305.13,0.02048,2.048
305.14,0.02048,2.048
305.15,0.02048,2.048
305.16,0.02048,2.048
305.17,0.02048,2.048
305.17,0.02048,2.048
305.18,0.02048,2.048
305.19,0.02048,2.048
305.20,0.02048,2.048
305.21,0.02048,2.048
305.22,0.02048,2.048
305.23,0.02048,2.048
305.24,0.02048,2.048
305.25,0.02048,2.048
305.25,0.02048,2.048
305.26,0.02048,2.048
305.27,0.02048,2.048
305.28,0.02048,2.048
305.29,0.02048,2.048
305.30,0.02048,2.048
305.31,0.02048,2.048
305.32,0.02048,2.048
305.33,0.02048,2.048
305.33,0.02048,2.048
305.34,0.02048,2.048
305.35,0.02048,2.048
305.36,0.02048,2.048
305.37,0.02048,2.048
305.38,0.02048,2.048
305.39,0.02048,2.048
305.40,0.02048,2.048
305.41,0.02048,2.048
305.42,0.02048,2.048
305.42,0.02048,2.048
305.43,0.02048,2.048
305.44,0.02048,2.048
305.45,0.02048,2.048
305.46,0.02048,2.048
305.47,0.02048,2.048
305.48,0.02048,2.048
305.49,0.02048,2.048
305.50,0.02048,2.048
305.50,0.02048,2.048
305.51,0.02048,2.048
305.52,0.02048,2.048
305.53,0.02048,2.048
305.54,0.02048,2.048
305.55,0.02048,2.048
305.56,0.02048,2.048
305.57,0.02048,2.048
305.58,0.02048,2.048
305.59,0.02048,2.048
305.59,0.02048,2.048
305.60,0.02048,2.048
305.61,0.02048,2.048
305.62,0.02049,2.049
305.63,0.02049,2.049
305.64,0.02049,2.049
305.65,0.02049,2.049
305.66,0.02049,2.049
305.67,0.02049,2.049
305.67,0.02049,2.049
305.68,0.02049,2.049
305.69,0.02049,2.049
305.70,0.02049,2.049
305.71,0.02049,2.049
305.72,0.02049,2.049
305.73,0.02049,2.049
305.74,0.02049,2.049
305.75,0.02049,2.049
305.76,0.02049,2.049
305.76,0.02049,2.049
305.77,0.02049,2.049
305.78,0.02049,2.049
305.79,0.02049,2.049
305.80,0.02049,2.049
305.81,0.02049,2.049
305.82,0.02049,2.049
305.83,0.02049,2.049
305.84,0.02049,2.049
305.84,0.02049,2.049
305.85,0.02049,2.049
305.86,0.02049,2.049
305.87,0.02049,2.049
305.88,0.02049,2.049
305.89,0.02049,2.049
305.90,0.02049,2.049
305.91,0.02049,2.049
305.92,0.02049,2.049
305.93,0.02049,2.049
305.93,0.02049,2.049
305.94,0.02049,2.049
305.95,0.02049,2.049
305.96,0.02049,2.049
305.97,0.02049,2.049
305.98,0.02049,2.049
305.99,0.02049,2.049
306.00,0.02049,2.049
306.01,0.02049,2.049
306.01,0.02049,2.049
306.02,0.02049,2.049
306.03,0.02049,2.049
306.04,0.02049,2.049
306.05,0.02049,2.049
306.06,0.02049,2.049
306.07,0.02049,2.049
306.08,0.02049,2.049
306.09,0.02049,2.049
306.10,0.02049,2.049
306.10,0.02049,2.049
306.11,0.02049,2.049
306.12,0.02049,2.049
306.13,0.02049,2.049
306.14,0.02049,2.049
306.15,0.02049,2.049
306.16,0.02049,2.049
306.17,0.02049,2.049
306.18,0.02049,2.049
306.18,0.02049,2.049
306.19,0.02049,2.049
306.20,0.02049,2.049
306.21,0.02049,2.049
306.22,0.02049,2.049
306.23,0.02049,2.049
306.24,0.02049,2.049
306.25,0.02049,2.049
306.26,0.02049,2.049
306.27,0.02049,2.049
306.27,0.02049,2.049
306.28,0.02049,2.049
306.29,0.02049,2.049
306.30,0.02049,2.049
306.31,0.02049,2.049
306.32,0.02049,2.049
306.33,0.02049,2.049
306.34,0.02049,2.049
306.35,0.02049,2.049
306.35,0.02049,2.049
306.36,0.02049,2.049
306.37,0.02049,2.049
306.38,0.02049,2.049
306.39,0.02049,2.049
306.40,0.02049,2.049
306.41,0.02049,2.049
306.42,0.02049,2.049
306.43,0.02049,2.049
306.44,0.02049,2.049
306.44,0.02050,2.050
306.45,0.02050,2.050
306.46,0.02050,2.050
306.47,0.02050,2.050
306.48,0.02050,2.050
306.49,0.02050,2.050
306.50,0.02050,2.050
306.51,0.02050,2.050
306.52,0.02050,2.050
306.52,0.02050,2.050
306.53,0.02050,2.050
306.54,0.02050,2.050
306.55,0.02050,2.050
306.56,0.02050,2.050
306.57,0.02050,2.050
306.58,0.02050,2.050
306.59,0.02050,2.050
306.60,0.02050,2.050
306.61,0.02050,2.050
306.61,0.02050,2.050
306.62,0.02050,2.050
306.63,0.02050,2.050
306.64,0.02050,2.050
306.65,0.02050,2.050
306.66,0.02050,2.050
306.67,0.02050,2.050
306.68,0.02050,2.050
306.69,0.02050,2.050
306.69,0.02050,2.050
306.70,0.02050,2.050
306.71,0.02050,2.050
306.72,0.02050,2.050
306.73,0.02050,2.050
306.74,0.02050,2.050
306.75,0.02050,2.050
306.76,0.02050,2.050
306.77,0.02050,2.050
306.77,0.02050,2.050
306.78,0.02050,2.050
306.79,0.02050,2.050
306.80,0.02050,2.050
306.81,0.02050,2.050
306.82,0.02050,2.050
306.83,0.02050,2.050
306.84,0.02050,2.050
306.85,0.02050,2.050
306.86,0.02050,2.050
306.86,0.02050,2.050
306.87,0.02050,2.050
306.88,0.02050,2.050
306.89,0.02050,2.050
306.90,0.02050,2.050
306.91,0.02050,2.050
306.92,0.02050,2.050
306.93,0.02050,2.050
306.94,0.02050,2.050
306.94,0.02050,2.050
306.95,0.02050,2.050
306.96,0.02050,2.050
306.97,0.02050,2.050
306.98,0.02050,2.050
306.99,0.02050,2.050
307.00,0.02050,2.050
307.01,0.02050,2.050
307.02,0.02050,2.050
307.03,0.02050,2.050
307.03,0.02050,2.050
307.04,0.02050,2.050
307.05,0.02050,2.050
307.06,0.02050,2.050
307.07,0.02050,2.050
307.08,0.02050,2.050
307.09,0.02050,2.050
307.10,0.02050,2.050
307.11,0.02050,2.050
307.11,0.02050,2.050
307.12,0.02050,2.050
307.13,0.02050,2.050
307.14,0.02050,2.050
307.15,0.02050,2.050
307.16,0.02050,2.050
307.17,0.02050,2.050
307.18,0.02050,2.050
307.19,0.02050,2.050
307.20,0.02050,2.050
307.20,0.02050,2.050
307.21,0.02050,2.050
307.22,0.02050,2.050
307.23,0.02050,2.050
307.24,0.02050,2.050
307.25,0.02051,2.051
307.26,0.02051,2.051
307.27,0.02051,2.051
307.28,0.02051,2.051
307.28,0.02051,2.051
307.29,0.02051,2.051
307.30,0.02051,2.051
307.31,0.02051,2.051
307.32,0.02051,2.051
307.33,0.02051,2.051
307.34,0.02051,2.051
307.35,0.02051,2.051
307.36,0.02051,2.051
307.37,0.02051,2.051
307.37,0.02051,2.051
307.38,0.02051,2.051
307.39,0.02051,2.051
307.40,0.02051,2.051
307.41,0.02051,2.051
307.42,0.02051,2.051
307.43,0.02051,2.051
307.44,0.02051,2.051
307.45,0.02051,2.051
307.46,0.02051,2.051
307.46,0.02051,2.051
307.47,0.02051,2.051
307.48,0.02051,2.051
307.49,0.02051,2.051
307.50,0.02051,2.051
307.51,0.02051,2.051
307.52,0.02051,2.051
307.53,0.02051,2.051
307.54,0.02051,2.051
307.54,0.02051,2.051
307.55,0.02051,2.051
307.56,0.02051,2.051
307.57,0.02051,2.051
307.58,0.02051,2.051
307.59,0.02051,2.051
307.60,0.02051,2.051
307.61,0.02051,2.051
307.62,0.02051,2.051
307.63,0.02051,2.051
307.63,0.02051,2.051
307.64,0.02051,2.051
307.65,0.02051,2.051
307.66,0.02051,2.051
307.67,0.02051,2.051
307.68,0.02051,2.051
307.69,0.02051,2.051
307.70,0.02051,2.051
307.71,0.02051,2.051
307.71,0.02051,2.051
307.72,0.02051,2.051
307.73,0.02051,2.051
307.74,0.02051,2.051
307.75,0.02051,2.051
307.76,0.02051,2.051
307.77,0.02051,2.051
307.78,0.02051,2.051
307.79,0.02051,2.051
307.80,0.02051,2.051
307.80,0.02051,2.051
307.81,0.02051,2.051
307.82,0.02051,2.051
307.83,0.02051,2.051
307.84,0.02051,2.051
307.85,0.02051,2.051
307.86,0.02051,2.051
307.87,0.02051,2.051
307.88,0.02051,2.051
307.88,0.02051,2.051
307.89,0.02051,2.051
307.90,0.02051,2.051
307.91,0.02051,2.051
307.92,0.02051,2.051
307.93,0.02051,2.051
307.94,0.02051,2.051
307.95,0.02051,2.051
307.96,0.02051,2.051
307.97,0.02051,2.051
307.97,0.02051,2.051
307.98,0.02051,2.051
307.99,0.02051,2.051
308.00,0.02051,2.051
308.01,0.02051,2.051
308.02,0.02051,2.051
308.03,0.02051,2.051
308.04,0.02051,2.051
308.05,0.02051,2.051
308.05,0.02051,2.051
308.06,0.02051,2.051
308.07,0.02051,2.051
308.08,0.02052,2.052
308.09,0.02052,2.052
308.10,0.02052,2.052
308.11,0.02052,2.052
308.12,0.02052,2.052
308.13,0.02052,2.052
308.14,0.02052,2.052
308.14,0.02052,2.052
308.15,0.02052,2.052
308.16,0.02052,2.052
308.17,0.02052,2.052
308.18,0.02052,2.052
308.19,0.02052,2.052
308.20,0.02052,2.052
308.21,0.02052,2.052
308.22,0.02052,2.052
308.22,0.02052,2.052
308.23,0.02052,2.052
308.24,0.02052,2.052
308.25,0.02052,2.052
308.26,0.02052,2.052
308.27,0.02052,2.052
308.28,0.02052,2.052
308.29,0.02052,2.052
308.30,0.02052,2.052
308.30,0.02052,2.052
308.31,0.02052,2.052
308.32,0.02052,2.052
308.33,0.02052,2.052
308.34,0.02052,2.052
308.35,0.02052,2.052
308.36,0.02052,2.052
308.37,0.02052,2.052
308.38,0.02052,2.052
308.39,0.02052,2.052
308.39,0.02052,2.052
308.40,0.02052,2.052
308.41,0.02052,2.052
308.42,0.02052,2.052
308.43,0.02052,2.052
308.44,0.02052,2.052
308.45,0.02052,2.052
308.46,0.02052,2.052
308.47,0.02052,2.052
308.47,0.02052,2.052
308.48,0.02052,2.052
308.49,0.02052,2.052
308.50,0.02052,2.052
308.51,0.02052,2.052
308.52,0.02052,2.052
308.53,0.02052,2.052
308.54,0.02052,2.052
308.55,0.02052,2.052
308.56,0.02052,2.052
308.56,0.02052,2.052
308.57,0.02052,2.052
308.58,0.02052,2.052
308.59,0.02052,2.052
308.60,0.02052,2.052
308.61,0.02052,2.052
308.62,0.02052,2.052
308.63,0.02052,2.052
308.64,0.02052,2.052
308.64,0.02052,2.052
308.65,0.02052,2.052
308.66,0.02052,2.052
308.67,0.02052,2.052
308.68,0.02052,2.052
308.69,0.02052,2.052
308.70,0.02052,2.052
308.71,0.02052,2.052
308.72,0.02052,2.052
308.73,0.02052,2.052
308.73,0.02052,2.052
308.74,0.02052,2.052
308.75,0.02052,2.052
308.76,0.02052,2.052
308.77,0.02052,2.052
308.78,0.02052,2.052
308.79,0.02052,2.052
308.80,0.02052,2.052
308.81,0.02052,2.052
308.81,0.02052,2.052
308.82,0.02052,2.052
308.83,0.02052,2.052
308.84,0.02052,2.052
308.85,0.02052,2.052
308.86,0.02052,2.052
308.87,0.02052,2.052
308.88,0.02052,2.052
308.89,0.02052,2.052
308.90,0.02052,2.052
308.90,0.02052,2.052
308.91,0.02052,2.052
308.92,0.02052,2.052
308.93,0.02053,2.053
308.94,0.02053,2.053
308.95,0.02053,2.053
308.96,0.02053,2.053
308.97,0.02053,2.053
308.98,0.02053,2.053
308.98,0.02053,2.053
308.99,0.02053,2.053
309.00,0.02053,2.053
309.01,0.02053,2.053
309.02,0.02053,2.053
309.03,0.02053,2.053
309.04,0.02053,2.053
309.05,0.02053,2.053
309.06,0.02053,2.053
309.07,0.02053,2.053
309.07,0.02053,2.053
309.08,0.02053,2.053
309.09,0.02053,2.053
309.10,0.02053,2.053
309.11,0.02053,2.053
309.12,0.02053,2.053
309.13,0.02053,2.053
309.14,0.02053,2.053
309.15,0.02053,2.053
309.15,0.02053,2.053
309.16,0.02053,2.053
309.17,0.02053,2.053
309.18,0.02053,2.053
309.19,0.02053,2.053
309.20,0.02053,2.053
309.21,0.02053,2.053
309.22,0.02053,2.053
309.23,0.02053,2.053
309.24,0.02053,2.053
309.24,0.02053,2.053
309.25,0.02053,2.053
309.26,0.02053,2.053
309.27,0.02053,2.053
309.28,0.02053,2.053
309.29,0.02053,2.053
309.30,0.02053,2.053
309.31,0.02053,2.053
309.32,0.02053,2.053
309.32,0.02053,2.053
309.33,0.02053,2.053
309.34,0.02053,2.053
309.35,0.02053,2.053
309.36,0.02053,2.053
309.37,0.02053,2.053
309.38,0.02053,2.053
309.39,0.02053,2.053
309.40,0.02053,2.053
309.41,0.02053,2.053
309.41,0.02053,2.053
309.42,0.02053,2.053
309.43,0.02053,2.053
309.44,0.02053,2.053
309.45,0.02053,2.053
309.46,0.02053,2.053
309.47,0.02053,2.053
309.48,0.02053,2.053
309.49,0.02053,2.053
309.49,0.02053,2.053
309.50,0.02053,2.053
309.51,0.02053,2.053
309.52,0.02053,2.053
309.53,0.02053,2.053
309.54,0.02053,2.053
309.55,0.02053,2.053
309.56,0.02053,2.053
309.57,0.02053,2.053
309.58,0.02053,2.053
309.58,0.02053,2.053
309.59,0.02053,2.053
309.60,0.02053,2.053
309.61,0.02053,2.053
309.62,0.02053,2.053
309.63,0.02053,2.053
309.64,0.02053,2.053
309.65,0.02053,2.053
309.66,0.02053,2.053
309.66,0.02053,2.053
309.67,0.02053,2.053
309.68,0.02053,2.053
309.69,0.02053,2.053
309.70,0.02053,2.053
309.71,0.02053,2.053
309.72,0.02053,2.053
309.73,0.02053,2.053
309.74,0.02053,2.053
309.75,0.02053,2.053
309.75,0.02053,2.053
309.76,0.02053,2.053
309.77,0.02053,2.053
309.78,0.02053,2.053
309.79,0.02053,2.053
309.80,0.02053,2.053
309.81,0.02054,2.054
309.82,0.02054,2.054
309.83,0.02054,2.054
309.83,0.02054,2.054
309.84,0.02054,2.054
309.85,0.02054,2.054
309.86,0.02054,2.054
309.87,0.02054,2.054
309.88,0.02054,2.054
309.89,0.02054,2.054
309.90,0.02054,2.054
309.91,0.02054,2.054
309.92,0.02054,2.054
309.92,0.02054,2.054
309.93,0.02054,2.054
309.94,0.02054,2.054
309.95,0.02054,2.054
309.96,0.02054,2.054
309.97,0.02054,2.054
309.98,0.02054,2.054
309.99,0.02054,2.054
310.00,0.02054,2.054
310.00,0.02054,2.054
310.01,0.02054,2.054
310.02,0.02054,2.054
310.03,0.02054,2.054
310.04,0.02054,2.054
310.05,0.02054,2.054
310.06,0.02054,2.054
310.07,0.02054,2.054
310.08,0.02054,2.054
310.09,0.02054,2.054
310.09,0.02054,2.054
310.10,0.02054,2.054
310.11,0.02054,2.054
310.12,0.02054,2.054
310.13,0.02054,2.054
310.14,0.02054,2.054
310.15,0.02054,2.054
310.16,0.02054,2.054
310.17,0.02054,2.054
310.17,0.02054,2.054
310.18,0.02054,2.054
310.19,0.02054,2.054
310.20,0.02054,2.054
310.21,0.02054,2.054
310.22,0.02054,2.054
310.23,0.02054,2.054
310.24,0.02054,2.054
310.25,0.02054,2.054
310.25,0.02054,2.054
310.26,0.02054,2.054
310.27,0.02054,2.054
310.28,0.02054,2.054
310.29,0.02054,2.054
310.30,0.02054,2.054
310.31,0.02054,2.054
310.32,0.02054,2.054
310.33,0.02054,2.054
310.34,0.02054,2.054
310.34,0.02054,2.054
310.35,0.02054,2.054
310.36,0.02054,2.054
310.37,0.02054,2.054
310.38,0.02054,2.054
310.39,0.02054,2.054
310.40,0.02054,2.054
310.41,0.02054,2.054
310.42,0.02054,2.054
310.42,0.02054,2.054
310.43,0.02054,2.054
310.44,0.02054,2.054
310.45,0.02054,2.054
310.46,0.02054,2.054
310.47,0.02054,2.054
310.48,0.02054,2.054
310.49,0.02054,2.054
310.50,0.02054,2.054
310.51,0.02054,2.054
310.51,0.02054,2.054
310.52,0.02054,2.054
310.53,0.02054,2.054
310.54,0.02054,2.054
310.55,0.02054,2.054
310.56,0.02054,2.054
310.57,0.02054,2.054
310.58,0.02054,2.054
310.59,0.02054,2.054
310.59,0.02054,2.054
310.60,0.02054,2.054
310.61,0.02054,2.054
310.62,0.02054,2.054
310.63,0.02054,2.054
310.64,0.02054,2.054
310.65,0.02054,2.054
310.66,0.02054,2.054
310.67,0.02054,2.054
310.68,0.02054,2.054
310.68,0.02054,2.054
310.69,0.02054,2.054
310.70,0.02054,2.054
310.71,0.02054,2.054
310.72,0.02054,2.054
310.73,0.02054,2.054
310.74,0.02055,2.055
310.75,0.02055,2.055
310.76,0.02055,2.055
310.76,0.02055,2.055
310.77,0.02055,2.055
310.78,0.02055,2.055
310.79,0.02055,2.055
310.80,0.02055,2.055
310.81,0.02055,2.055
310.82,0.02055,2.055
310.83,0.02055,2.055
310.84,0.02055,2.055
310.85,0.02055,2.055
310.85,0.02055,2.055
310.86,0.02055,2.055
310.87,0.02055,2.055
310.88,0.02055,2.055
310.89,0.02055,2.055
310.90,0.02055,2.055
310.91,0.02055,2.055
310.92,0.02055,2.055
310.93,0.02055,2.055
310.93,0.02055,2.055
310.94,0.02055,2.055
310.95,0.02055,2.055
310.96,0.02055,2.055
310.97,0.02055,2.055
310.98,0.02055,2.055
310.99,0.02055,2.055
311.00,0.02055,2.055
311.01,0.02055,2.055
311.02,0.02055,2.055
311.02,0.02055,2.055
311.03,0.02055,2.055
311.04,0.02055,2.055
311.05,0.02055,2.055
311.06,0.02055,2.055
311.07,0.02055,2.055
311.08,0.02055,2.055
311.09,0.02055,2.055
311.10,0.02055,2.055
311.10,0.02055,2.055
311.11,0.02055,2.055
311.12,0.02055,2.055
311.13,0.02055,2.055
311.14,0.02055,2.055
311.15,0.02055,2.055
311.16,0.02055,2.055
311.17,0.02055,2.055
311.18,0.02055,2.055
311.19,0.02055,2.055
311.19,0.02055,2.055
311.20,0.02055,2.055
311.21,0.02055,2.055
311.22,0.02055,2.055
311.23,0.02055,2.055
311.24,0.02055,2.055
311.25,0.02055,2.055
311.26,0.02055,2.055
311.27,0.02055,2.055
311.27,0.02055,2.055
311.28,0.02055,2.055
311.29,0.02055,2.055
311.30,0.02055,2.055
311.31,0.02055,2.055
311.32,0.02055,2.055
311.33,0.02055,2.055
311.34,0.02055,2.055
311.35,0.02055,2.055
311.36,0.02055,2.055
311.36,0.02055,2.055
311.37,0.02055,2.055
311.38,0.02055,2.055
311.39,0.02055,2.055
311.40,0.02055,2.055
311.41,0.02055,2.055
311.42,0.02055,2.055
311.43,0.02055,2.055
311.44,0.02055,2.055
311.44,0.02055,2.055
311.45,0.02055,2.055
311.46,0.02055,2.055
311.47,0.02055,2.055
311.48,0.02055,2.055
311.49,0.02055,2.055
311.50,0.02055,2.055
311.51,0.02055,2.055
311.52,0.02055,2.055
311.53,0.02055,2.055
311.53,0.02055,2.055
311.54,0.02055,2.055
311.55,0.02055,2.055
311.56,0.02055,2.055
311.57,0.02055,2.055
311.58,0.02055,2.055
311.59,0.02055,2.055
311.60,0.02055,2.055
311.61,0.02055,2.055
311.61,0.02055,2.055
311.62,0.02055,2.055
311.63,0.02055,2.055
311.64,0.02055,2.055
311.65,0.02055,2.055
311.66,0.02055,2.055
311.67,0.02055,2.055
311.68,0.02055,2.055
311.69,0.02056,2.056
311.70,0.02056,2.056
311.70,0.02056,2.056
311.71,0.02056,2.056
311.72,0.02056,2.056
311.73,0.02056,2.056
311.74,0.02056,2.056
311.75,0.02056,2.056
311.76,0.02056,2.056
311.77,0.02056,2.056
311.78,0.02056,2.056
311.78,0.02056,2.056
311.79,0.02056,2.056
311.80,0.02056,2.056
311.81,0.02056,2.056
311.82,0.02056,2.056
311.83,0.02056,2.056
311.84,0.02056,2.056
311.85,0.02056,2.056
311.86,0.02056,2.056
311.87,0.02056,2.056
311.87,0.02056,2.056
311.88,0.02056,2.056
311.89,0.02056,2.056
311.90,0.02056,2.056
311.91,0.02056,2.056
311.92,0.02056,2.056
311.93,0.02056,2.056
311.94,0.02056,2.056
311.95,0.02056,2.056
311.95,0.02056,2.056
311.96,0.02056,2.056
311.97,0.02056,2.056
311.98,0.02056,2.056
311.99,0.02056,2.056
312.00,0.02056,2.056
312.01,0.02056,2.056
312.02,0.02056,2.056
312.03,0.02056,2.056
312.04,0.02056,2.056
312.04,0.02056,2.056
312.05,0.02056,2.056
312.06,0.02056,2.056
312.07,0.02056,2.056
312.08,0.02056,2.056
312.09,0.02056,2.056
312.10,0.02056,2.056
312.11,0.02056,2.056
312.12,0.02056,2.056
312.12,0.02056,2.056
312.13,0.02056,2.056
312.14,0.02056,2.056
312.15,0.02056,2.056
312.16,0.02056,2.056
312.17,0.02056,2.056
312.18,0.02056,2.056
312.19,0.02056,2.056
312.20,0.02056,2.056
312.21,0.02056,2.056
312.21,0.02056,2.056
312.22,0.02056,2.056
312.23,0.02056,2.056
312.24,0.02056,2.056
312.25,0.02056,2.056
312.26,0.02056,2.056
312.27,0.02056,2.056
312.28,0.02056,2.056
312.29,0.02056,2.056
312.29,0.02056,2.056
312.30,0.02056,2.056
312.31,0.02056,2.056
312.32,0.02056,2.056
312.33,0.02056,2.056
312.34,0.02056,2.056
312.35,0.02056,2.056
312.36,0.02056,2.056
312.37,0.02056,2.056
312.38,0.02056,2.056
312.38,0.02056,2.056
312.39,0.02056,2.056
312.40,0.02056,2.056
312.41,0.02056,2.056
312.42,0.02056,2.056
312.43,0.02056,2.056
312.44,0.02056,2.056
312.45,0.02056,2.056
312.46,0.02056,2.056
312.46,0.02056,2.056
312.47,0.02056,2.056
312.48,0.02056,2.056
312.49,0.02056,2.056
312.50,0.02056,2.056
312.51,0.02056,2.056
312.52,0.02056,2.056
312.53,0.02056,2.056
312.54,0.02056,2.056
312.55,0.02056,2.056
312.55,0.02056,2.056
312.56,0.02056,2.056
312.57,0.02056,2.056
312.58,0.02056,2.056
312.59,0.02056,2.056
312.60,0.02056,2.056
312.61,0.02056,2.056
312.62,0.02056,2.056
312.63,0.02056,2.056
312.63,0.02057,2.057
312.64,0.02057,2.057
312.65,0.02057,2.057
312.66,0.02057,2.057
312.67,0.02057,2.057
312.68,0.02057,2.057
312.69,0.02057,2.057
312.70,0.02057,2.057
312.71,0.02057,2.057
312.72,0.02057,2.057
312.72,0.02057,2.057
312.73,0.02057,2.057
312.74,0.02057,2.057
312.75,0.02057,2.057
312.76,0.02057,2.057
312.77,0.02057,2.057
312.78,0.02057,2.057
312.79,0.02057,2.057
312.80,0.02057,2.057
312.80,0.02057,2.057
312.81,0.02057,2.057
312.82,0.02057,2.057
312.83,0.02057,2.057
312.84,0.02057,2.057
312.85,0.02057,2.057
312.86,0.02057,2.057
312.87,0.02057,2.057
312.88,0.02057,2.057
312.89,0.02057,2.057
312.89,0.02057,2.057
312.90,0.02057,2.057
312.91,0.02057,2.057
312.92,0.02057,2.057
312.93,0.02057,2.057
312.94,0.02057,2.057
312.95,0.02057,2.057
312.96,0.02057,2.057
312.97,0.02057,2.057
312.97,0.02057,2.057
312.98,0.02057,2.057
312.99,0.02057,2.057
313.00,0.02057,2.057
313.01,0.02057,2.057
313.02,0.02057,2.057
313.03,0.02057,2.057
313.04,0.02057,2.057
313.05,0.02057,2.057
313.06,0.02057,2.057
313.06,0.02057,2.057
313.07,0.02057,2.057
313.08,0.02057,2.057
313.09,0.02057,2.057
313.10,0.02057,2.057
313.11,0.02057,2.057
313.12,0.02057,2.057
313.13,0.02057,2.057
313.14,0.02057,2.057
313.14,0.02057,2.057
313.15,0.02057,2.057
313.16,0.02057,2.057
313.17,0.02057,2.057
313.18,0.02057,2.057
313.19,0.02057,2.057
313.20,0.02057,2.057
313.21,0.02057,2.057
313.22,0.02057,2.057
313.23,0.02057,2.057
313.23,0.02057,2.057
313.24,0.02057,2.057
313.25,0.02057,2.057
313.26,0.02057,2.057
313.27,0.02057,2.057
313.28,0.02057,2.057
313.29,0.02057,2.057
313.30,0.02057,2.057
313.31,0.02057,2.057
313.31,0.02057,2.057
313.32,0.02057,2.057
313.33,0.02057,2.057
313.34,0.02057,2.057
313.35,0.02057,2.057
313.36,0.02057,2.057
313.37,0.02057,2.057
313.38,0.02057,2.057
313.39,0.02057,2.057
313.40,0.02057,2.057
313.40,0.02057,2.057
313.41,0.02057,2.057
313.42,0.02057,2.057
313.43,0.02057,2.057
313.44,0.02057,2.057
313.45,0.02057,2.057
313.46,0.02057,2.057
313.47,0.02057,2.057
313.48,0.02057,2.057
313.48,0.02057,2.057
313.49,0.02057,2.057
313.50,0.02057,2.057
313.51,0.02057,2.057
313.52,0.02057,2.057
313.53,0.02057,2.057
313.54,0.02057,2.057
313.55,0.02057,2.057
313.56,0.02057,2.057
313.57,0.02057,2.057
313.57,0.02057,2.057
313.58,0.02058,2.058
313.59,0.02058,2.058
313.60,0.02058,2.058
313.61,0.02058,2.058
313.62,0.02058,2.058
313.63,0.02058,2.058
313.64,0.02058,2.058
313.65,0.02058,2.058
313.65,0.02058,2.058
313.66,0.02058,2.058
313.67,0.02058,2.058
313.68,0.02058,2.058
313.69,0.02058,2.058
313.70,0.02058,2.058
313.71,0.02058,2.058
313.72,0.02058,2.058
313.73,0.02058,2.058
313.74,0.02058,2.058
313.74,0.02058,2.058
313.75,0.02058,2.058
313.76,0.02058,2.058
313.77,0.02058,2.058
313.78,0.02058,2.058
313.79,0.02058,2.058
313.80,0.02058,2.058
313.81,0.02058,2.058
313.82,0.02058,2.058
313.82,0.02058,2.058
313.83,0.02058,2.058
313.84,0.02058,2.058
313.85,0.02058,2.058
313.86,0.02058,2.058
313.87,0.02058,2.058
313.88,0.02058,2.058
313.89,0.02058,2.058
313.90,0.02058,2.058
313.91,0.02058,2.058
313.91,0.02058,2.058
313.92,0.02058,2.058
313.93,0.02058,2.058
313.94,0.02058,2.058
313.95,0.02058,2.058
313.96,0.02058,2.058
313.97,0.02058,2.058
313.98,0.02058,2.058
313.99,0.02058,2.058
313.99,0.02058,2.058
314.00,0.02058,2.058
314.01,0.02058,2.058
314.02,0.02058,2.058
314.03,0.02058,2.058
314.04,0.02058,2.058
314.05,0.02058,2.058
314.06,0.02058,2.058
314.07,0.02058,2.058
314.08,0.02058,2.058
314.08,0.02058,2.058
314.09,0.02058,2.058
314.10,0.02058,2.058
314.11,0.02058,2.058
314.12,0.02058,2.058
314.13,0.02058,2.058
314.14,0.02058,2.058
314.15,0.02058,2.058
314.16,0.02058,2.058
314.16,0.02058,2.058
314.17,0.02058,2.058
314.18,0.02058,2.058
314.19,0.02058,2.058
314.20,0.02058,2.058
314.21,0.02058,2.058
314.22,0.02058,2.058
314.23,0.02058,2.058
314.24,0.02058,2.058
314.25,0.02058,2.058
314.25,0.02058,2.058
314.26,0.02058,2.058
314.27,0.02058,2.058
314.28,0.02058,2.058
314.29,0.02058,2.058
314.30,0.02058,2.058
314.31,0.02058,2.058
314.32,0.02058,2.058
314.33,0.02058,2.058
314.33,0.02058,2.058
314.34,0.02058,2.058
314.35,0.02058,2.058
314.36,0.02058,2.058
314.37,0.02058,2.058
314.38,0.02058,2.058
314.39,0.02058,2.058
314.40,0.02058,2.058
314.41,0.02058,2.058
314.42,0.02058,2.058
314.42,0.02058,2.058
314.43,0.02058,2.058
314.44,0.02058,2.058
314.45,0.02058,2.058
314.46,0.02058,2.058
314.47,0.02058,2.058
314.48,0.02058,2.058
314.49,0.02058,2.058
314.50,0.02058,2.058
314.50,0.02058,2.058
314.51,0.02058,2.058
314.52,0.02058,2.058
314.53,0.02058,2.058
314.54,0.02058,2.058
314.55,0.02058,2.058
314.56,0.02059,2.059
314.57,0.02059,2.059
314.58,0.02059,2.059
314.59,0.02059,2.059
314.59,0.02059,2.059
314.60,0.02059,2.059
314.61,0.02059,2.059
314.62,0.02059,2.059
314.63,0.02059,2.059
314.64,0.02059,2.059
314.65,0.02059,2.059
314.66,0.02059,2.059
314.67,0.02059,2.059
314.67,0.02059,2.059
314.68,0.02059,2.059
314.69,0.02059,2.059
314.70,0.02059,2.059
314.71,0.02059,2.059
314.72,0.02059,2.059
314.73,0.02059,2.059
314.74,0.02059,2.059
314.75,0.02059,2.059
314.76,0.02059,2.059
314.76,0.02059,2.059
314.77,0.02059,2.059
314.78,0.02059,2.059
314.79,0.02059,2.059
314.80,0.02059,2.059
314.81,0.02059,2.059
314.82,0.02059,2.059
314.83,0.02059,2.059
314.84,0.02059,2.059
314.84,0.02059,2.059
314.85,0.02059,2.059
314.86,0.02059,2.059
314.87,0.02059,2.059
314.88,0.02059,2.059
314.89,0.02059,2.059
314.90,0.02059,2.059
314.91,0.02059,2.059
314.92,0.02059,2.059
314.93,0.02059,2.059
314.93,0.02059,2.059
314.94,0.02059,2.059
314.95,0.02059,2.059
314.96,0.02059,2.059
314.97,0.02059,2.059
314.98,0.02059,2.059
314.99,0.02059,2.059
315.00,0.02059,2.059
315.01,0.02059,2.059
315.01,0.02059,2.059
315.02,0.02059,2.059
315.03,0.02059,2.059
315.04,0.02059,2.059
315.05,0.02059,2.059
315.06,0.02059,2.059
315.07,0.02059,2.059
315.08,0.02059,2.059
315.09,0.02059,2.059
315.09,0.02059,2.059
315.10,0.02059,2.059
315.11,0.02059,2.059
315.12,0.02059,2.059
315.13,0.02059,2.059
315.14,0.02059,2.059
315.15,0.02059,2.059
315.16,0.02059,2.059
315.17,0.02059,2.059
315.18,0.02059,2.059
315.18,0.02059,2.059
315.19,0.02059,2.059
315.20,0.02059,2.059
315.21,0.02059,2.059
315.22,0.02059,2.059
315.23,0.02059,2.059
315.24,0.02059,2.059
315.25,0.02059,2.059
315.26,0.02059,2.059
315.26,0.02059,2.059
315.27,0.02059,2.059
315.28,0.02059,2.059
315.29,0.02059,2.059
315.30,0.02059,2.059
315.31,0.02059,2.059
315.32,0.02059,2.059
315.33,0.02059,2.059
315.34,0.02059,2.059
315.35,0.02059,2.059
315.35,0.02059,2.059
315.36,0.02059,2.059
315.37,0.02059,2.059
315.38,0.02059,2.059
315.39,0.02059,2.059
315.40,0.02059,2.059
315.41,0.02059,2.059
315.42,0.02059,2.059
315.43,0.02059,2.059
315.43,0.02059,2.059
315.44,0.02059,2.059
315.45,0.02059,2.059
315.46,0.02059,2.059
315.47,0.02059,2.059
315.48,0.02059,2.059
315.49,0.02059,2.059
315.50,0.02059,2.059
315.51,0.02059,2.059
315.52,0.02059,2.059
315.52,0.02059,2.059
315.53,0.02059,2.059
315.54,0.02059,2.059
315.55,0.02060,2.060
315.56,0.02060,2.060
315.57,0.02060,2.060
315.58,0.02060,2.060
315.59,0.02060,2.060
315.60,0.02060,2.060
315.60,0.02060,2.060
315.61,0.02060,2.060
315.62,0.02060,2.060
315.63,0.02060,2.060
315.64,0.02060,2.060
315.65,0.02060,2.060
315.66,0.02060,2.060
315.67,0.02060,2.060
315.68,0.02060,2.060
315.69,0.02060,2.060
315.69,0.02060,2.060
315.70,0.02060,2.060
315.71,0.02060,2.060
315.72,0.02060,2.060
315.73,0.02060,2.060
315.74,0.02060,2.060
315.75,0.02060,2.060
315.76,0.02060,2.060
315.77,0.02060,2.060
315.77,0.02060,2.060
315.78,0.02060,2.060
315.79,0.02060,2.060
315.80,0.02060,2.060
315.81,0.02060,2.060
315.82,0.02060,2.060
315.83,0.02060,2.060
315.84,0.02060,2.060
315.85,0.02060,2.060
315.86,0.02060,2.060
315.86,0.02060,2.060
315.87,0.02060,2.060
315.88,0.02060,2.060
315.89,0.02060,2.060
315.90,0.02060,2.060
315.91,0.02060,2.060
315.92,0.02060,2.060
315.93,0.02060,2.060
315.94,0.02060,2.060
315.95,0.02060,2.060
315.95,0.02060,2.060
315.96,0.02060,2.060
315.97,0.02060,2.060
315.98,0.02060,2.060
315.99,0.02060,2.060
316.00,0.02060,2.060
316.01,0.02060,2.060
316.02,0.02060,2.060
316.03,0.02060,2.060
316.03,0.02060,2.060
316.04,0.02060,2.060
316.05,0.02060,2.060
316.06,0.02060,2.060
316.07,0.02060,2.060
316.08,0.02060,2.060
316.09,0.02060,2.060
316.10,0.02060,2.060
316.11,0.02060,2.060
316.12,0.02060,2.060
316.12,0.02060,2.060
316.13,0.02060,2.060
316.14,0.02060,2.060
316.15,0.02060,2.060
316.16,0.02060,2.060
316.17,0.02060,2.060
316.18,0.02060,2.060
316.19,0.02060,2.060
316.20,0.02060,2.060
316.20,0.02060,2.060
316.21,0.02060,2.060
316.22,0.02060,2.060
316.23,0.02060,2.060
316.24,0.02060,2.060
316.25,0.02060,2.060
316.26,0.02060,2.060
316.27,0.02060,2.060
316.28,0.02060,2.060
316.29,0.02060,2.060
316.29,0.02060,2.060
316.30,0.02060,2.060
316.31,0.02060,2.060
316.32,0.02060,2.060
316.33,0.02060,2.060
316.34,0.02060,2.060
316.35,0.02060,2.060
316.36,0.02060,2.060
316.37,0.02060,2.060
316.37,0.02060,2.060
316.38,0.02060,2.060
316.39,0.02060,2.060
316.40,0.02060,2.060
316.41,0.02060,2.060
316.42,0.02060,2.060
316.43,0.02060,2.060
316.44,0.02060,2.060
316.45,0.02060,2.060
316.46,0.02060,2.060
316.46,0.02060,2.060
316.47,0.02060,2.060
316.48,0.02060,2.060
316.49,0.02060,2.060
316.50,0.02060,2.060
316.51,0.02060,2.060
316.52,0.02060,2.060
316.53,0.02060,2.060
316.54,0.02060,2.060
316.54,0.02060,2.060
316.55,0.02060,2.060
316.56,0.02060,2.060
316.57,0.02060,2.060
316.58,0.02060,2.060
316.59,0.02060,2.060
316.60,0.02060,2.060
316.61,0.02060,2.060
316.62,0.02060,2.060
316.63,0.02061,2.061
316.63,0.02061,2.061
316.64,0.02061,2.061
316.65,0.02061,2.061
316.66,0.02061,2.061
316.67,0.02061,2.061
316.68,0.02061,2.061
316.69,0.02061,2.061
316.70,0.02061,2.061
316.71,0.02061,2.061
316.71,0.02061,2.061
316.72,0.02061,2.061
316.73,0.02061,2.061
316.74,0.02061,2.061
316.75,0.02061,2.061
316.76,0.02061,2.061
316.77,0.02061,2.061
316.78,0.02061,2.061
316.79,0.02061,2.061
316.80,0.02061,2.061
316.80,0.02061,2.061
316.81,0.02061,2.061
316.82,0.02061,2.061
316.83,0.02061,2.061
316.84,0.02061,2.061
316.85,0.02061,2.061
316.86,0.02061,2.061
316.87,0.02061,2.061
316.88,0.02061,2.061
316.88,0.02061,2.061
316.89,0.02061,2.061
316.90,0.02061,2.061
316.91,0.02061,2.061
316.92,0.02061,2.061
316.93,0.02061,2.061
316.94,0.02061,2.061
316.95,0.02061,2.061
316.96,0.02061,2.061
316.97,0.02061,2.061
316.97,0.02061,2.061
316.98,0.02061,2.061
316.99,0.02061,2.061
317.00,0.02061,2.061
317.01,0.02061,2.061
317.02,0.02061,2.061
317.03,0.02061,2.061
317.04,0.02061,2.061
317.05,0.02061,2.061
317.05,0.02061,2.061
317.06,0.02061,2.061
317.07,0.02061,2.061
317.08,0.02061,2.061
317.09,0.02061,2.061
317.10,0.02061,2.061
317.11,0.02061,2.061
317.12,0.02061,2.061
317.13,0.02061,2.061
317.14,0.02061,2.061
317.14,0.02061,2.061
317.15,0.02061,2.061
317.16,0.02061,2.061
317.17,0.02061,2.061
317.18,0.02061,2.061
317.19,0.02061,2.061
317.20,0.02061,2.061
317.21,0.02061,2.061
317.22,0.02061,2.061
317.22,0.02061,2.061
317.23,0.02061,2.061
317.24,0.02061,2.061
317.25,0.02061,2.061
317.26,0.02061,2.061
317.27,0.02061,2.061
317.28,0.02061,2.061
317.29,0.02061,2.061
317.30,0.02061,2.061
317.31,0.02061,2.061
317.31,0.02061,2.061
317.32,0.02061,2.061
317.33,0.02061,2.061
317.34,0.02061,2.061
317.35,0.02061,2.061
317.36,0.02061,2.061
317.37,0.02061,2.061
317.38,0.02061,2.061
317.39,0.02061,2.061
317.39,0.02061,2.061
317.40,0.02061,2.061
317.41,0.02061,2.061
317.42,0.02061,2.061
317.43,0.02061,2.061
317.44,0.02061,2.061
317.45,0.02061,2.061
317.46,0.02061,2.061
317.47,0.02061,2.061
317.48,0.02061,2.061
317.48,0.02061,2.061
317.49,0.02061,2.061
317.50,0.02061,2.061
317.51,0.02061,2.061
317.52,0.02061,2.061
317.53,0.02061,2.061
317.54,0.02061,2.061
317.55,0.02061,2.061
317.56,0.02061,2.061
317.56,0.02061,2.061
317.57,0.02061,2.061
317.58,0.02061,2.061
317.59,0.02061,2.061
317.60,0.02061,2.061
317.61,0.02061,2.061
317.62,0.02061,2.061
317.63,0.02061,2.061
317.64,0.02061,2.061
317.65,0.02061,2.061
317.65,0.02061,2.061
317.66,0.02061,2.061
317.67,0.02061,2.061
317.68,0.02061,2.061
317.69,0.02061,2.061
317.70,0.02061,2.061
317.71,0.02061,2.061
317.72,0.02061,2.061
317.73,0.02062,2.062
317.73,0.02062,2.062
317.74,0.02062,2.062
317.75,0.02062,2.062
317.76,0.02062,2.062
317.77,0.02062,2.062
317.78,0.02062,2.062
317.79,0.02062,2.062
317.80,0.02062,2.062
317.81,0.02062,2.062
317.82,0.02062,2.062
317.82,0.02062,2.062
317.83,0.02062,2.062
317.84,0.02062,2.062
317.85,0.02062,2.062
317.86,0.02062,2.062
317.87,0.02062,2.062
317.88,0.02062,2.062
317.89,0.02062,2.062
317.90,0.02062,2.062
317.90,0.02062,2.062
317.91,0.02062,2.062
317.92,0.02062,2.062
317.93,0.02062,2.062
317.94,0.02062,2.062
317.95,0.02062,2.062
317.96,0.02062,2.062
317.97,0.02062,2.062
317.98,0.02062,2.062
317.99,0.02062,2.062
317.99,0.02062,2.062
318.00,0.02062,2.062
318.01,0.02062,2.062
318.02,0.02062,2.062
318.03,0.02062,2.062
318.04,0.02062,2.062
318.05,0.02062,2.062
318.06,0.02062,2.062
318.07,0.02062,2.062
318.07,0.02062,2.062
318.08,0.02062,2.062
318.09,0.02062,2.062
318.10,0.02062,2.062
318.11,0.02062,2.062
318.12,0.02062,2.062
318.13,0.02062,2.062
318.14,0.02062,2.062
318.15,0.02062,2.062
318.16,0.02062,2.062
318.16,0.02062,2.062
318.17,0.02062,2.062
318.18,0.02062,2.062
318.19,0.02062,2.062
318.20,0.02062,2.062
318.21,0.02062,2.062
318.22,0.02062,2.062
318.23,0.02062,2.062
318.24,0.02062,2.062
318.24,0.02062,2.062
318.25,0.02062,2.062
318.26,0.02062,2.062
318.27,0.02062,2.062
318.28,0.02062,2.062
318.29,0.02062,2.062
318.30,0.02062,2.062
318.31,0.02062,2.062
318.32,0.02062,2.062
318.33,0.02062,2.062
318.33,0.02062,2.062
318.34,0.02062,2.062
318.35,0.02062,2.062
318.36,0.02062,2.062
318.37,0.02062,2.062
318.38,0.02062,2.062
318.39,0.02062,2.062
318.40,0.02062,2.062
318.41,0.02062,2.062
318.41,0.02062,2.062
318.42,0.02062,2.062
318.43,0.02062,2.062
318.44,0.02062,2.062
318.45,0.02062,2.062
318.46,0.02062,2.062
318.47,0.02062,2.062
318.48,0.02062,2.062
318.49,0.02062,2.062
318.50,0.02062,2.062
318.50,0.02062,2.062
318.51,0.02062,2.062
318.52,0.02062,2.062
318.53,0.02062,2.062
318.54,0.02062,2.062
318.55,0.02062,2.062
318.56,0.02062,2.062
318.57,0.02062,2.062
318.58,0.02062,2.062
318.58,0.02062,2.062
318.59,0.02062,2.062
318.60,0.02062,2.062
318.61,0.02062,2.062
318.62,0.02062,2.062
318.63,0.02062,2.062
318.64,0.02062,2.062
318.65,0.02062,2.062
318.66,0.02062,2.062
318.67,0.02062,2.062
318.67,0.02062,2.062
318.68,0.02062,2.062
318.69,0.02062,2.062
318.70,0.02062,2.062
318.71,0.02062,2.062
318.72,0.02062,2.062
318.73,0.02062,2.062
318.74,0.02062,2.062
318.75,0.02062,2.062
318.75,0.02062,2.062
318.76,0.02062,2.062
318.77,0.02062,2.062
318.78,0.02062,2.062
318.79,0.02062,2.062
318.80,0.02062,2.062
318.81,0.02062,2.062
318.82,0.02063,2.063
318.83,0.02063,2.063
318.84,0.02063,2.063
318.84,0.02063,2.063
318.85,0.02063,2.063
318.86,0.02063,2.063
318.87,0.02063,2.063
318.88,0.02063,2.063
318.89,0.02063,2.063
318.90,0.02063,2.063
318.91,0.02063,2.063
318.92,0.02063,2.063
318.92,0.02063,2.063
318.93,0.02063,2.063
318.94,0.02063,2.063
318.95,0.02063,2.063
318.96,0.02063,2.063
318.97,0.02063,2.063
318.98,0.02063,2.063
318.99,0.02063,2.063
319.00,0.02063,2.063
319.01,0.02063,2.063
319.01,0.02063,2.063
319.02,0.02063,2.063
319.03,0.02063,2.063
319.04,0.02063,2.063
319.05,0.02063,2.063
319.06,0.02063,2.063
319.07,0.02063,2.063
319.08,0.02063,2.063
319.09,0.02063,2.063
319.09,0.02063,2.063
319.10,0.02063,2.063
319.11,0.02063,2.063
319.12,0.02063,2.063
319.13,0.02063,2.063
319.14,0.02063,2.063
319.15,0.02063,2.063
319.16,0.02063,2.063
319.17,0.02063,2.063
319.18,0.02063,2.063
319.18,0.02063,2.063
319.19,0.02063,2.063
319.20,0.02063,2.063
319.21,0.02063,2.063
319.22,0.02063,2.063
319.23,0.02063,2.063
319.24,0.02063,2.063
319.25,0.02063,2.063
319.26,0.02063,2.063
319.26,0.02063,2.063
319.27,0.02063,2.063
319.28,0.02063,2.063
319.29,0.02063,2.063
319.30,0.02063,2.063
319.31,0.02063,2.063
319.32,0.02063,2.063
319.33,0.02063,2.063
319.34,0.02063,2.063
319.35,0.02063,2.063
319.35,0.02063,2.063
319.36,0.02063,2.063
319.37,0.02063,2.063
319.38,0.02063,2.063
319.39,0.02063,2.063
319.40,0.02063,2.063
319.41,0.02063,2.063
319.42,0.02063,2.063
319.43,0.02063,2.063
319.43,0.02063,2.063
319.44,0.02063,2.063
319.45,0.02063,2.063
319.46,0.02063,2.063
319.47,0.02063,2.063
319.48,0.02063,2.063
319.49,0.02063,2.063
319.50,0.02063,2.063
319.51,0.02063,2.063
319.52,0.02063,2.063
319.52,0.02063,2.063
319.53,0.02063,2.063
319.54,0.02063,2.063
319.55,0.02063,2.063
319.56,0.02063,2.063
319.57,0.02063,2.063
319.58,0.02063,2.063
319.59,0.02063,2.063
319.60,0.02063,2.063
319.61,0.02063,2.063
319.61,0.02063,2.063
319.62,0.02063,2.063
319.63,0.02063,2.063
319.64,0.02063,2.063
319.65,0.02063,2.063
319.66,0.02063,2.063
319.67,0.02063,2.063
319.68,0.02063,2.063
319.69,0.02063,2.063
319.69,0.02063,2.063
319.70,0.02063,2.063
319.71,0.02063,2.063
319.72,0.02063,2.063
319.73,0.02063,2.063
319.74,0.02063,2.063
319.75,0.02063,2.063
319.76,0.02063,2.063
319.77,0.02063,2.063
319.78,0.02063,2.063
319.78,0.02063,2.063
319.79,0.02063,2.063
319.80,0.02063,2.063
319.81,0.02063,2.063
319.82,0.02063,2.063
319.83,0.02063,2.063
319.84,0.02063,2.063
319.85,0.02063,2.063
319.86,0.02063,2.063
319.86,0.02063,2.063
319.87,0.02063,2.063
319.88,0.02063,2.063
319.89,0.02063,2.063
319.90,0.02063,2.063
319.91,0.02063,2.063
319.92,0.02063,2.063
319.93,0.02063,2.063
319.94,0.02063,2.063
319.95,0.02063,2.063
319.95,0.02063,2.063
319.96,0.02063,2.063
319.97,0.02063,2.063
319.98,0.02063,2.063
319.99,0.02063,2.063
320.00,0.02063,2.063
320.01,0.02063,2.063
320.02,0.02063,2.063
320.03,0.02064,2.064
320.03,0.02064,2.064
320.04,0.02064,2.064
320.05,0.02064,2.064
320.06,0.02064,2.064
320.07,0.02064,2.064
320.08,0.02064,2.064
320.09,0.02064,2.064
320.10,0.02064,2.064
320.11,0.02064,2.064
320.12,0.02064,2.064
320.12,0.02064,2.064
320.13,0.02064,2.064
320.14,0.02064,2.064
320.15,0.02064,2.064
320.16,0.02064,2.064
320.17,0.02064,2.064
320.18,0.02064,2.064
320.19,0.02064,2.064
320.20,0.02064,2.064
320.20,0.02064,2.064
320.21,0.02064,2.064
320.22,0.02064,2.064
320.23,0.02064,2.064
320.24,0.02064,2.064
320.25,0.02064,2.064
320.26,0.02064,2.064
320.27,0.02064,2.064
320.28,0.02064,2.064
320.29,0.02064,2.064
320.29,0.02064,2.064
320.30,0.02064,2.064
320.31,0.02064,2.064
320.32,0.02064,2.064
320.33,0.02064,2.064
320.34,0.02064,2.064
320.35,0.02064,2.064
320.36,0.02064,2.064
320.37,0.02064,2.064
320.37,0.02064,2.064
320.38,0.02064,2.064
320.39,0.02064,2.064
320.40,0.02064,2.064
320.41,0.02064,2.064
320.42,0.02064,2.064
320.43,0.02064,2.064
320.44,0.02064,2.064
320.45,0.02064,2.064
320.46,0.02064,2.064
320.46,0.02064,2.064
320.47,0.02064,2.064
320.48,0.02064,2.064
320.49,0.02064,2.064
320.50,0.02064,2.064
320.51,0.02064,2.064
320.52,0.02064,2.064
320.53,0.02064,2.064
320.54,0.02064,2.064
320.54,0.02064,2.064
320.55,0.02064,2.064
320.56,0.02064,2.064
320.57,0.02064,2.064
320.58,0.02064,2.064
320.59,0.02064,2.064
320.60,0.02064,2.064
320.61,0.02064,2.064
320.62,0.02064,2.064
320.63,0.02064,2.064
320.63,0.02064,2.064
320.64,0.02064,2.064
320.65,0.02064,2.064
320.66,0.02064,2.064
320.67,0.02064,2.064
320.68,0.02064,2.064
320.69,0.02064,2.064
320.70,0.02064,2.064
320.71,0.02064,2.064
320.71,0.02064,2.064
320.72,0.02064,2.064
320.73,0.02064,2.064
320.74,0.02064,2.064
320.75,0.02064,2.064
320.76,0.02064,2.064
320.77,0.02064,2.064
320.78,0.02064,2.064
320.79,0.02064,2.064
320.80,0.02064,2.064
320.80,0.02064,2.064
320.81,0.02064,2.064
320.82,0.02064,2.064
320.83,0.02064,2.064
320.84,0.02064,2.064
320.85,0.02064,2.064
320.86,0.02064,2.064
320.87,0.02064,2.064
320.88,0.02064,2.064
320.88,0.02064,2.064
320.89,0.02064,2.064
320.90,0.02064,2.064
320.91,0.02064,2.064
320.92,0.02064,2.064
320.93,0.02064,2.064
320.94,0.02064,2.064
320.95,0.02064,2.064
320.96,0.02064,2.064
320.97,0.02064,2.064
320.97,0.02064,2.064
320.98,0.02064,2.064
320.99,0.02064,2.064
321.00,0.02064,2.064
321.01,0.02064,2.064
321.02,0.02064,2.064
321.03,0.02064,2.064
321.04,0.02064,2.064
321.05,0.02064,2.064
321.05,0.02064,2.064
321.06,0.02064,2.064
321.07,0.02064,2.064
321.08,0.02064,2.064
321.09,0.02064,2.064
321.10,0.02064,2.064
321.11,0.02064,2.064
321.12,0.02064,2.064
321.13,0.02064,2.064
321.14,0.02064,2.064
321.14,0.02064,2.064
321.15,0.02064,2.064
321.16,0.02064,2.064
321.17,0.02064,2.064
321.18,0.02064,2.064
321.19,0.02064,2.064
321.20,0.02064,2.064
321.21,0.02064,2.064
321.22,0.02064,2.064
321.23,0.02064,2.064
321.23,0.02064,2.064
321.24,0.02064,2.064
321.25,0.02064,2.064
321.26,0.02064,2.064
321.27,0.02064,2.064
321.28,0.02065,2.065
321.29,0.02065,2.065
321.30,0.02065,2.065
321.31,0.02065,2.065
321.31,0.02065,2.065
321.32,0.02065,2.065
321.33,0.02065,2.065
321.34,0.02065,2.065
321.35,0.02065,2.065
321.36,0.02065,2.065
321.37,0.02065,2.065
321.38,0.02065,2.065
321.39,0.02065,2.065
321.40,0.02065,2.065
321.40,0.02065,2.065
321.41,0.02065,2.065
321.42,0.02065,2.065
321.43,0.02065,2.065
321.44,0.02065,2.065
321.45,0.02065,2.065
321.46,0.02065,2.065
321.47,0.02065,2.065
321.48,0.02065,2.065
321.48,0.02065,2.065
321.49,0.02065,2.065
321.50,0.02065,2.065
321.51,0.02065,2.065
321.52,0.02065,2.065
321.53,0.02065,2.065
321.54,0.02065,2.065
321.55,0.02065,2.065
321.56,0.02065,2.065
321.57,0.02065,2.065
321.57,0.02065,2.065
321.58,0.02065,2.065
321.59,0.02065,2.065
321.60,0.02065,2.065
321.61,0.02065,2.065
321.62,0.02065,2.065
321.63,0.02065,2.065
321.64,0.02065,2.065
321.65,0.02065,2.065
321.65,0.02065,2.065
321.66,0.02065,2.065
321.67,0.02065,2.065
321.68,0.02065,2.065
321.69,0.02065,2.065
321.70,0.02065,2.065
321.71,0.02065,2.065
321.72,0.02065,2.065
321.73,0.02065,2.065
321.74,0.02065,2.065
321.74,0.02065,2.065
321.75,0.02065,2.065
321.76,0.02065,2.065
321.77,0.02065,2.065
321.78,0.02065,2.065
321.79,0.02065,2.065
321.80,0.02065,2.065
321.81,0.02065,2.065
321.82,0.02065,2.065
321.82,0.02065,2.065
321.83,0.02065,2.065
321.84,0.02065,2.065
321.85,0.02065,2.065
321.86,0.02065,2.065
321.87,0.02065,2.065
321.88,0.02065,2.065
321.89,0.02065,2.065
321.90,0.02065,2.065
321.91,0.02065,2.065
321.91,0.02065,2.065
321.92,0.02065,2.065
321.93,0.02065,2.065
321.94,0.02065,2.065
321.95,0.02065,2.065
321.96,0.02065,2.065
321.97,0.02065,2.065
321.98,0.02065,2.065
321.99,0.02065,2.065
321.99,0.02065,2.065
322.00,0.02065,2.065
322.01,0.02065,2.065
322.02,0.02065,2.065
322.03,0.02065,2.065
322.04,0.02065,2.065
322.05,0.02065,2.065
322.06,0.02065,2.065
322.07,0.02065,2.065
322.08,0.02065,2.065
322.08,0.02065,2.065
322.09,0.02065,2.065
322.10,0.02065,2.065
322.11,0.02065,2.065
322.12,0.02065,2.065
322.13,0.02065,2.065
322.14,0.02065,2.065
322.15,0.02065,2.065
322.16,0.02065,2.065
322.16,0.02065,2.065
322.17,0.02065,2.065
322.18,0.02065,2.065
322.19,0.02065,2.065
322.20,0.02065,2.065
322.21,0.02065,2.065
322.22,0.02065,2.065
322.23,0.02065,2.065
322.24,0.02065,2.065
322.25,0.02065,2.065
322.25,0.02065,2.065
322.26,0.02065,2.065
322.27,0.02065,2.065
322.28,0.02065,2.065
322.29,0.02065,2.065
322.30,0.02065,2.065
322.31,0.02065,2.065
322.32,0.02065,2.065
322.33,0.02065,2.065
322.33,0.02065,2.065
322.34,0.02065,2.065
322.35,0.02065,2.065
322.36,0.02065,2.065
322.37,0.02065,2.065
322.38,0.02065,2.065
322.39,0.02065,2.065
322.40,0.02065,2.065
322.41,0.02065,2.065
322.42,0.02065,2.065
322.42,0.02065,2.065
322.43,0.02065,2.065
322.44,0.02065,2.065
322.45,0.02065,2.065
322.46,0.02065,2.065
322.47,0.02065,2.065
322.48,0.02065,2.065
322.49,0.02065,2.065
322.50,0.02065,2.065
322.51,0.02066,2.066
322.51,0.02066,2.066
322.52,0.02066,2.066
322.53,0.02066,2.066
322.54,0.02066,2.066
322.55,0.02066,2.066
322.56,0.02066,2.066
322.57,0.02066,2.066
322.58,0.02066,2.066
322.59,0.02066,2.066
322.59,0.02066,2.066
322.60,0.02066,2.066
322.61,0.02066,2.066
322.62,0.02066,2.066
322.63,0.02066,2.066
322.64,0.02066,2.066
322.65,0.02066,2.066
322.66,0.02066,2.066
322.67,0.02066,2.066
322.68,0.02066,2.066
322.68,0.02066,2.066
322.69,0.02066,2.066
322.70,0.02066,2.066
322.71,0.02066,2.066
322.72,0.02066,2.066
322.73,0.02066,2.066
322.74,0.02066,2.066
322.75,0.02066,2.066
322.76,0.02066,2.066
322.76,0.02066,2.066
322.77,0.02066,2.066
322.78,0.02066,2.066
322.79,0.02066,2.066
322.80,0.02066,2.066
322.81,0.02066,2.066
322.82,0.02066,2.066
322.83,0.02066,2.066
322.84,0.02066,2.066
322.85,0.02066,2.066
322.85,0.02066,2.066
322.86,0.02066,2.066
322.87,0.02066,2.066
322.88,0.02066,2.066
322.89,0.02066,2.066
322.90,0.02066,2.066
322.91,0.02066,2.066
322.92,0.02066,2.066
322.93,0.02066,2.066
322.93,0.02066,2.066
322.94,0.02066,2.066
322.95,0.02066,2.066
322.96,0.02066,2.066
322.97,0.02066,2.066
322.98,0.02066,2.066
322.99,0.02066,2.066
323.00,0.02066,2.066
323.01,0.02066,2.066
323.02,0.02066,2.066
323.02,0.02066,2.066
323.03,0.02066,2.066
323.04,0.02066,2.066
323.05,0.02066,2.066
323.06,0.02066,2.066
323.07,0.02066,2.066
323.08,0.02066,2.066
323.09,0.02066,2.066
323.10,0.02066,2.066
323.10,0.02066,2.066
323.11,0.02066,2.066
323.12,0.02066,2.066
323.13,0.02066,2.066
323.14,0.02066,2.066
323.15,0.02066,2.066
323.16,0.02066,2.066
323.17,0.02066,2.066
323.18,0.02066,2.066
323.19,0.02066,2.066
323.19,0.02066,2.066
323.20,0.02066,2.066
323.21,0.02066,2.066
323.22,0.02066,2.066
323.23,0.02066,2.066
323.24,0.02066,2.066
323.25,0.02066,2.066
323.26,0.02066,2.066
323.27,0.02066,2.066
323.27,0.02066,2.066
323.28,0.02066,2.066
323.29,0.02066,2.066
323.30,0.02066,2.066
323.31,0.02066,2.066
323.32,0.02066,2.066
323.33,0.02066,2.066
323.34,0.02066,2.066
323.35,0.02066,2.066
323.36,0.02066,2.066
323.36,0.02066,2.066
323.37,0.02066,2.066
323.38,0.02066,2.066
323.39,0.02066,2.066
323.40,0.02066,2.066
323.41,0.02066,2.066
323.42,0.02066,2.066
323.43,0.02066,2.066
323.44,0.02066,2.066
323.45,0.02066,2.066
323.45,0.02066,2.066
323.46,0.02066,2.066
323.47,0.02066,2.066
323.48,0.02066,2.066
323.49,0.02066,2.066
323.50,0.02066,2.066
323.51,0.02066,2.066
323.52,0.02066,2.066
323.53,0.02066,2.066
323.53,0.02066,2.066
323.54,0.02066,2.066
323.55,0.02066,2.066
323.56,0.02066,2.066
323.57,0.02066,2.066
323.58,0.02066,2.066
323.59,0.02066,2.066
323.60,0.02066,2.066
323.61,0.02066,2.066
323.62,0.02066,2.066
323.62,0.02066,2.066
323.63,0.02066,2.066
323.64,0.02066,2.066
323.65,0.02066,2.066
323.66,0.02066,2.066
323.67,0.02066,2.066
323.68,0.02066,2.066
323.69,0.02066,2.066
323.70,0.02066,2.066
323.70,0.02066,2.066
323.71,0.02066,2.066
323.72,0.02066,2.066
323.73,0.02066,2.066
323.74,0.02067,2.067
323.75,0.02067,2.067
323.76,0.02067,2.067
323.77,0.02067,2.067
323.78,0.02067,2.067
323.79,0.02067,2.067
323.79,0.02067,2.067
323.80,0.02067,2.067
323.81,0.02067,2.067
323.82,0.02067,2.067
323.83,0.02067,2.067
323.84,0.02067,2.067
323.85,0.02067,2.067
323.86,0.02067,2.067
323.87,0.02067,2.067
323.87,0.02067,2.067
323.88,0.02067,2.067
323.89,0.02067,2.067
323.90,0.02067,2.067
323.91,0.02067,2.067
323.92,0.02067,2.067
323.93,0.02067,2.067
323.94,0.02067,2.067
323.95,0.02067,2.067
323.96,0.02067,2.067
323.96,0.02067,2.067
323.97,0.02067,2.067
323.98,0.02067,2.067
323.99,0.02067,2.067
324.00,0.02067,2.067
324.01,0.02067,2.067
324.02,0.02067,2.067
324.03,0.02067,2.067
324.04,0.02067,2.067
324.04,0.02067,2.067
324.05,0.02067,2.067
324.06,0.02067,2.067
324.07,0.02067,2.067
324.08,0.02067,2.067
324.09,0.02067,2.067
324.10,0.02067,2.067
324.11,0.02067,2.067
324.12,0.02067,2.067
324.13,0.02067,2.067
324.13,0.02067,2.067
324.14,0.02067,2.067
324.15,0.02067,2.067
324.16,0.02067,2.067
324.17,0.02067,2.067
324.18,0.02067,2.067
324.19,0.02067,2.067
324.20,0.02067,2.067
324.21,0.02067,2.067
324.21,0.02067,2.067
324.22,0.02067,2.067
324.23,0.02067,2.067
324.24,0.02067,2.067
324.25,0.02067,2.067
324.26,0.02067,2.067
324.27,0.02067,2.067
324.28,0.02067,2.067
324.29,0.02067,2.067
324.30,0.02067,2.067
324.30,0.02067,2.067
324.31,0.02067,2.067
324.32,0.02067,2.067
324.33,0.02067,2.067
324.34,0.02067,2.067
324.35,0.02067,2.067
324.36,0.02067,2.067
324.37,0.02067,2.067
324.38,0.02067,2.067
324.39,0.02067,2.067
324.39,0.02067,2.067
324.40,0.02067,2.067
324.41,0.02067,2.067
324.42,0.02067,2.067
324.43,0.02067,2.067
324.44,0.02067,2.067
324.45,0.02067,2.067
324.46,0.02067,2.067
324.47,0.02067,2.067
324.47,0.02067,2.067
324.48,0.02067,2.067
324.49,0.02067,2.067
324.50,0.02067,2.067
324.51,0.02067,2.067
324.52,0.02067,2.067
324.53,0.02067,2.067
324.54,0.02067,2.067
324.55,0.02067,2.067
324.56,0.02067,2.067
324.56,0.02067,2.067
324.57,0.02067,2.067
324.58,0.02067,2.067
324.59,0.02067,2.067
324.60,0.02067,2.067
324.61,0.02067,2.067
324.62,0.02067,2.067
324.63,0.02067,2.067
324.64,0.02067,2.067
324.64,0.02067,2.067
324.65,0.02067,2.067
324.66,0.02067,2.067
324.67,0.02067,2.067
324.68,0.02067,2.067
324.69,0.02067,2.067
324.70,0.02067,2.067
324.71,0.02067,2.067
324.72,0.02067,2.067
324.73,0.02067,2.067
324.73,0.02067,2.067
324.74,0.02067,2.067
324.75,0.02067,2.067
324.76,0.02067,2.067
324.77,0.02067,2.067
324.78,0.02067,2.067
324.79,0.02067,2.067
324.80,0.02067,2.067
324.81,0.02067,2.067
324.81,0.02067,2.067
324.82,0.02067,2.067
324.83,0.02067,2.067
324.84,0.02067,2.067
324.85,0.02067,2.067
324.86,0.02067,2.067
324.87,0.02067,2.067
324.88,0.02067,2.067
324.89,0.02067,2.067
324.90,0.02067,2.067
324.90,0.02067,2.067
324.91,0.02067,2.067
324.92,0.02067,2.067
324.93,0.02067,2.067
324.94,0.02067,2.067
324.95,0.02067,2.067
324.96,0.02067,2.067
324.97,0.02067,2.067
324.98,0.02067,2.067
324.98,0.02067,2.067
324.99,0.02067,2.067
325.00,0.02067,2.067
325.01,0.02068,2.068
325.02,0.02068,2.068
325.03,0.02068,2.068
325.04,0.02068,2.068
325.05,0.02068,2.068
325.06,0.02068,2.068
325.07,0.02068,2.068
325.07,0.02068,2.068
325.08,0.02068,2.068
325.09,0.02068,2.068
325.10,0.02068,2.068
325.11,0.02068,2.068
325.12,0.02068,2.068
325.13,0.02068,2.068
325.14,0.02068,2.068
325.15,0.02068,2.068
325.15,0.02068,2.068
325.16,0.02068,2.068
325.17,0.02068,2.068
325.18,0.02068,2.068
325.19,0.02068,2.068
325.20,0.02068,2.068
325.21,0.02068,2.068
325.22,0.02068,2.068
325.23,0.02068,2.068
325.24,0.02068,2.068
325.24,0.02068,2.068
325.25,0.02068,2.068
325.26,0.02068,2.068
325.27,0.02068,2.068
325.28,0.02068,2.068
325.29,0.02068,2.068
325.30,0.02068,2.068
325.31,0.02068,2.068
325.32,0.02068,2.068
325.33,0.02068,2.068
325.33,0.02068,2.068
325.34,0.02068,2.068
325.35,0.02068,2.068
325.36,0.02068,2.068
325.37,0.02068,2.068
325.38,0.02068,2.068
325.39,0.02068,2.068
325.40,0.02068,2.068
325.41,0.02068,2.068
325.41,0.02068,2.068
325.42,0.02068,2.068
325.43,0.02068,2.068
325.44,0.02068,2.068
325.45,0.02068,2.068
325.46,0.02068,2.068
325.47,0.02068,2.068
325.48,0.02068,2.068
325.49,0.02068,2.068
325.50,0.02068,2.068
325.50,0.02068,2.068
325.51,0.02068,2.068
325.52,0.02068,2.068
325.53,0.02068,2.068
325.54,0.02068,2.068
325.55,0.02068,2.068
325.56,0.02068,2.068
325.57,0.02068,2.068
325.58,0.02068,2.068
325.58,0.02068,2.068
325.59,0.02068,2.068
325.60,0.02068,2.068
325.61,0.02068,2.068
325.62,0.02068,2.068
325.63,0.02068,2.068
325.64,0.02068,2.068
325.65,0.02068,2.068
325.66,0.02068,2.068
325.67,0.02068,2.068
325.67,0.02068,2.068
325.68,0.02068,2.068
325.69,0.02068,2.068
325.70,0.02068,2.068
325.71,0.02068,2.068
325.72,0.02068,2.068
325.73,0.02068,2.068
325.74,0.02068,2.068
325.75,0.02068,2.068
325.75,0.02068,2.068
325.76,0.02068,2.068
325.77,0.02068,2.068
325.78,0.02068,2.068
325.79,0.02068,2.068
325.80,0.02068,2.068
325.81,0.02068,2.068
325.82,0.02068,2.068
325.83,0.02068,2.068
325.84,0.02068,2.068
325.84,0.02068,2.068
325.85,0.02068,2.068
325.86,0.02068,2.068
325.87,0.02068,2.068
325.88,0.02068,2.068
325.89,0.02068,2.068
325.90,0.02068,2.068
325.91,0.02068,2.068
325.92,0.02068,2.068
325.92,0.02068,2.068
325.93,0.02068,2.068
325.94,0.02068,2.068
325.95,0.02068,2.068
325.96,0.02068,2.068
325.97,0.02068,2.068
325.98,0.02068,2.068
325.99,0.02068,2.068
326.00,0.02068,2.068
326.01,0.02068,2.068
326.01,0.02068,2.068
326.02,0.02068,2.068
326.03,0.02068,2.068
326.04,0.02068,2.068
326.05,0.02068,2.068
326.06,0.02068,2.068
326.07,0.02068,2.068
326.08,0.02068,2.068
326.09,0.02068,2.068
326.09,0.02068,2.068
326.10,0.02068,2.068
326.11,0.02068,2.068
326.12,0.02068,2.068
326.13,0.02068,2.068
326.14,0.02068,2.068
326.15,0.02068,2.068
326.16,0.02068,2.068
326.17,0.02068,2.068
326.18,0.02068,2.068
326.18,0.02068,2.068
326.19,0.02068,2.068
326.20,0.02068,2.068
326.21,0.02068,2.068
326.22,0.02068,2.068
326.23,0.02068,2.068
326.24,0.02068,2.068
326.25,0.02068,2.068
326.26,0.02068,2.068
326.27,0.02068,2.068
326.27,0.02068,2.068
326.28,0.02068,2.068
326.29,0.02068,2.068
326.30,0.02068,2.068
326.31,0.02068,2.068
326.32,0.02068,2.068
326.33,0.02069,2.069
326.34,0.02069,2.069
326.35,0.02069,2.069
326.35,0.02069,2.069
326.36,0.02069,2.069
326.37,0.02069,2.069
326.38,0.02069,2.069
326.39,0.02069,2.069
326.40,0.02069,2.069
326.41,0.02069,2.069
326.42,0.02069,2.069
326.43,0.02069,2.069
326.44,0.02069,2.069
326.44,0.02069,2.069
326.45,0.02069,2.069
326.46,0.02069,2.069
326.47,0.02069,2.069
326.48,0.02069,2.069
326.49,0.02069,2.069
326.50,0.02069,2.069
326.51,0.02069,2.069
326.52,0.02069,2.069
326.52,0.02069,2.069
326.53,0.02069,2.069
326.54,0.02069,2.069
326.55,0.02069,2.069
326.56,0.02069,2.069
326.57,0.02069,2.069
326.58,0.02069,2.069
326.59,0.02069,2.069
326.60,0.02069,2.069
326.61,0.02069,2.069
326.61,0.02069,2.069
326.62,0.02069,2.069
326.63,0.02069,2.069
326.64,0.02069,2.069
326.65,0.02069,2.069
326.66,0.02069,2.069
326.67,0.02069,2.069
326.68,0.02069,2.069
326.69,0.02069,2.069
326.69,0.02069,2.069
326.70,0.02069,2.069
326.71,0.02069,2.069
326.72,0.02069,2.069
326.73,0.02069,2.069
326.74,0.02069,2.069
326.75,0.02069,2.069
326.76,0.02069,2.069
326.77,0.02069,2.069
326.78,0.02069,2.069
326.78,0.02069,2.069
326.79,0.02069,2.069
326.80,0.02069,2.069
326.81,0.02069,2.069
326.82,0.02069,2.069
326.83,0.02069,2.069
326.84,0.02069,2.069
326.85,0.02069,2.069
326.86,0.02069,2.069
326.86,0.02069,2.069
326.87,0.02069,2.069
326.88,0.02069,2.069
326.89,0.02069,2.069
326.90,0.02069,2.069
326.91,0.02069,2.069
326.92,0.02069,2.069
326.93,0.02069,2.069
326.94,0.02069,2.069
326.95,0.02069,2.069
326.95,0.02069,2.069
326.96,0.02069,2.069
326.97,0.02069,2.069
326.98,0.02069,2.069
326.99,0.02069,2.069
327.00,0.02069,2.069
327.01,0.02069,2.069
327.02,0.02069,2.069
327.03,0.02069,2.069
327.04,0.02069,2.069
327.04,0.02069,2.069
327.05,0.02069,2.069
327.06,0.02069,2.069
327.07,0.02069,2.069
327.08,0.02069,2.069
327.09,0.02069,2.069
327.10,0.02069,2.069
327.11,0.02069,2.069
327.12,0.02069,2.069
327.12,0.02069,2.069
327.13,0.02069,2.069
327.14,0.02069,2.069
327.15,0.02069,2.069
327.16,0.02069,2.069
327.17,0.02069,2.069
327.18,0.02069,2.069
327.19,0.02069,2.069
327.20,0.02069,2.069
327.21,0.02069,2.069
327.21,0.02069,2.069
327.22,0.02069,2.069
327.23,0.02069,2.069
327.24,0.02069,2.069
327.25,0.02069,2.069
327.26,0.02069,2.069
327.27,0.02069,2.069
327.28,0.02069,2.069
327.29,0.02069,2.069
327.29,0.02069,2.069
327.30,0.02069,2.069
327.31,0.02069,2.069
327.32,0.02069,2.069
327.33,0.02069,2.069
327.34,0.02069,2.069
327.35,0.02069,2.069
327.36,0.02069,2.069
327.37,0.02069,2.069
327.38,0.02069,2.069
327.38,0.02069,2.069
327.39,0.02069,2.069
327.40,0.02069,2.069
327.41,0.02069,2.069
327.42,0.02069,2.069
327.43,0.02069,2.069
327.44,0.02069,2.069
327.45,0.02069,2.069
327.46,0.02069,2.069
327.46,0.02069,2.069
327.47,0.02069,2.069
327.48,0.02069,2.069
327.49,0.02069,2.069
327.50,0.02069,2.069
327.51,0.02069,2.069
327.52,0.02069,2.069
327.53,0.02069,2.069
327.54,0.02069,2.069
327.55,0.02069,2.069
327.55,0.02069,2.069
327.56,0.02069,2.069
327.57,0.02069,2.069
327.58,0.02069,2.069
327.59,0.02069,2.069
327.60,0.02069,2.069
327.61,0.02069,2.069
327.62,0.02069,2.069
327.63,0.02069,2.069
327.63,0.02069,2.069
327.64,0.02069,2.069
327.65,0.02069,2.069
327.66,0.02069,2.069
327.67,0.02069,2.069
327.68,0.02069,2.069
327.69,0.02070,2.070
327.70,0.02070,2.070
327.71,0.02070,2.070
327.72,0.02070,2.070
327.72,0.02070,2.070
327.73,0.02070,2.070
327.74,0.02070,2.070
327.75,0.02070,2.070
327.76,0.02070,2.070
327.77,0.02070,2.070
327.78,0.02070,2.070
327.79,0.02070,2.070
327.80,0.02070,2.070
327.80,0.02070,2.070
327.81,0.02070,2.070
327.82,0.02070,2.070
327.83,0.02070,2.070
327.84,0.02070,2.070
327.85,0.02070,2.070
327.86,0.02070,2.070
327.87,0.02070,2.070
327.88,0.02070,2.070
327.89,0.02070,2.070
327.89,0.02070,2.070
327.90,0.02070,2.070
327.91,0.02070,2.070
327.92,0.02070,2.070
327.93,0.02070,2.070
327.94,0.02070,2.070
327.95,0.02070,2.070
327.96,0.02070,2.070
327.97,0.02070,2.070
327.98,0.02070,2.070
327.98,0.02070,2.070
327.99,0.02070,2.070
328.00,0.02070,2.070
328.01,0.02070,2.070
328.02,0.02070,2.070
328.03,0.02070,2.070
328.04,0.02070,2.070
328.05,0.02070,2.070
328.06,0.02070,2.070
328.06,0.02070,2.070
328.07,0.02070,2.070
328.08,0.02070,2.070
328.09,0.02070,2.070
328.10,0.02070,2.070
328.11,0.02070,2.070
328.12,0.02070,2.070
328.13,0.02070,2.070
328.14,0.02070,2.070
328.15,0.02070,2.070
328.15,0.02070,2.070
328.16,0.02070,2.070
328.17,0.02070,2.070
328.18,0.02070,2.070
328.19,0.02070,2.070
328.20,0.02070,2.070
328.21,0.02070,2.070
328.22,0.02070,2.070
328.23,0.02070,2.070
328.23,0.02070,2.070
328.24,0.02070,2.070
328.25,0.02070,2.070
328.26,0.02070,2.070
328.27,0.02070,2.070
328.28,0.02070,2.070
328.29,0.02070,2.070
328.30,0.02070,2.070
328.31,0.02070,2.070
328.32,0.02070,2.070
328.32,0.02070,2.070
328.33,0.02070,2.070
328.34,0.02070,2.070
328.35,0.02070,2.070
328.36,0.02070,2.070
328.37,0.02070,2.070
328.38,0.02070,2.070
328.39,0.02070,2.070
328.40,0.02070,2.070
328.41,0.02070,2.070
328.41,0.02070,2.070
328.42,0.02070,2.070
328.43,0.02070,2.070
328.44,0.02070,2.070
328.45,0.02070,2.070
328.46,0.02070,2.070
328.47,0.02070,2.070
328.48,0.02070,2.070
328.49,0.02070,2.070
328.49,0.02070,2.070
328.50,0.02070,2.070
328.51,0.02070,2.070
328.52,0.02070,2.070
328.53,0.02070,2.070
328.54,0.02070,2.070
328.55,0.02070,2.070
328.56,0.02070,2.070
328.57,0.02070,2.070
328.58,0.02070,2.070
328.58,0.02070,2.070
328.59,0.02070,2.070
328.60,0.02070,2.070
328.61,0.02070,2.070
328.62,0.02070,2.070
328.63,0.02070,2.070
328.64,0.02070,2.070
328.65,0.02070,2.070
328.66,0.02070,2.070
328.66,0.02070,2.070
328.67,0.02070,2.070
328.68,0.02070,2.070
328.69,0.02070,2.070
328.70,0.02070,2.070
328.71,0.02070,2.070
328.72,0.02070,2.070
328.73,0.02070,2.070
328.74,0.02070,2.070
328.75,0.02070,2.070
328.75,0.02070,2.070
328.76,0.02070,2.070
328.77,0.02070,2.070
328.78,0.02070,2.070
328.79,0.02070,2.070
328.80,0.02070,2.070
328.81,0.02070,2.070
328.82,0.02070,2.070
328.83,0.02070,2.070
328.83,0.02070,2.070
328.84,0.02070,2.070
328.85,0.02070,2.070
328.86,0.02070,2.070
328.87,0.02070,2.070
328.88,0.02070,2.070
328.89,0.02070,2.070
328.90,0.02070,2.070
328.91,0.02070,2.070
328.92,0.02070,2.070
328.92,0.02070,2.070
328.93,0.02070,2.070
328.94,0.02070,2.070
328.95,0.02070,2.070
328.96,0.02070,2.070
328.97,0.02070,2.070
328.98,0.02070,2.070
328.99,0.02070,2.070
329.00,0.02070,2.070
329.00,0.02070,2.070
329.01,0.02070,2.070
329.02,0.02070,2.070
329.03,0.02070,2.070
329.04,0.02070,2.070
329.05,0.02070,2.070
329.06,0.02070,2.070
329.07,0.02070,2.070
329.08,0.02070,2.070
329.09,0.02070,2.070
329.09,0.02070,2.070
329.10,0.02070,2.070
329.11,0.02070,2.070
329.12,0.02071,2.071
329.13,0.02071,2.071
329.14,0.02071,2.071
329.15,0.02071,2.071
329.16,0.02071,2.071
329.17,0.02071,2.071
329.17,0.02071,2.071
329.18,0.02071,2.071
329.19,0.02071,2.071
329.20,0.02071,2.071
329.21,0.02071,2.071
329.22,0.02071,2.071
329.23,0.02071,2.071
329.24,0.02071,2.071
329.25,0.02071,2.071
329.26,0.02071,2.071
329.26,0.02071,2.071
329.27,0.02071,2.071
329.28,0.02071,2.071
329.29,0.02071,2.071
329.30,0.02071,2.071
329.31,0.02071,2.071
329.32,0.02071,2.071
329.33,0.02071,2.071
329.34,0.02071,2.071
329.34,0.02071,2.071
329.35,0.02071,2.071
329.36,0.02071,2.071
329.37,0.02071,2.071
329.38,0.02071,2.071
329.39,0.02071,2.071
329.40,0.02071,2.071
329.41,0.02071,2.071
329.42,0.02071,2.071
329.43,0.02071,2.071
329.43,0.02071,2.071
329.44,0.02071,2.071
329.45,0.02071,2.071
329.46,0.02071,2.071
329.47,0.02071,2.071
329.48,0.02071,2.071
329.49,0.02071,2.071
329.50,0.02071,2.071
329.51,0.02071,2.071
329.52,0.02071,2.071
329.52,0.02071,2.071
329.53,0.02071,2.071
329.54,0.02071,2.071
329.55,0.02071,2.071
329.56,0.02071,2.071
329.57,0.02071,2.071
329.58,0.02071,2.071
329.59,0.02071,2.071
329.60,0.02071,2.071
329.60,0.02071,2.071
329.61,0.02071,2.071
329.62,0.02071,2.071
329.63,0.02071,2.071
329.64,0.02071,2.071
329.65,0.02071,2.071
329.66,0.02071,2.071
329.67,0.02071,2.071
329.68,0.02071,2.071
329.69,0.02071,2.071
329.69,0.02071,2.071
329.70,0.02071,2.071
329.71,0.02071,2.071
329.72,0.02071,2.071
329.73,0.02071,2.071
329.74,0.02071,2.071
329.75,0.02071,2.071
329.76,0.02071,2.071
329.77,0.02071,2.071
329.77,0.02071,2.071
329.78,0.02071,2.071
329.79,0.02071,2.071
329.80,0.02071,2.071
329.81,0.02071,2.071
329.82,0.02071,2.071
329.83,0.02071,2.071
329.84,0.02071,2.071
329.85,0.02071,2.071
329.86,0.02071,2.071
329.86,0.02071,2.071
329.87,0.02071,2.071
329.88,0.02071,2.071
329.89,0.02071,2.071
329.90,0.02071,2.071
329.91,0.02071,2.071
329.92,0.02071,2.071
329.93,0.02071,2.071
329.94,0.02071,2.071
329.95,0.02071,2.071
329.95,0.02071,2.071
329.96,0.02071,2.071
329.97,0.02071,2.071
329.98,0.02071,2.071
329.99,0.02071,2.071
330.00,0.02071,2.071
330.01,0.02071,2.071
330.02,0.02071,2.071
330.03,0.02071,2.071
330.03,0.02071,2.071
330.04,0.02071,2.071
330.05,0.02071,2.071
330.06,0.02071,2.071
330.07,0.02071,2.071
330.08,0.02071,2.071
330.09,0.02071,2.071
330.10,0.02071,2.071
330.11,0.02071,2.071
330.12,0.02071,2.071
330.12,0.02071,2.071
330.13,0.02071,2.071
330.14,0.02071,2.071
330.15,0.02071,2.071
330.16,0.02071,2.071
330.17,0.02071,2.071
330.18,0.02071,2.071
330.19,0.02071,2.071
330.20,0.02071,2.071
330.20,0.02071,2.071
330.21,0.02071,2.071
330.22,0.02071,2.071
330.23,0.02071,2.071
330.24,0.02071,2.071
330.25,0.02071,2.071
330.26,0.02071,2.071
330.27,0.02071,2.071
330.28,0.02071,2.071
330.29,0.02071,2.071
330.29,0.02071,2.071
330.30,0.02071,2.071
330.31,0.02071,2.071
330.32,0.02071,2.071
330.33,0.02071,2.071
330.34,0.02071,2.071
330.35,0.02071,2.071
330.36,0.02071,2.071
330.37,0.02071,2.071
330.38,0.02071,2.071
330.38,0.02071,2.071
330.39,0.02071,2.071
330.40,0.02071,2.071
330.41,0.02071,2.071
330.42,0.02071,2.071
330.43,0.02071,2.071
330.44,0.02071,2.071
330.45,0.02071,2.071
330.46,0.02071,2.071
330.46,0.02071,2.071
330.47,0.02071,2.071
330.48,0.02071,2.071
330.49,0.02071,2.071
330.50,0.02071,2.071
330.51,0.02072,2.072
330.52,0.02072,2.072
330.53,0.02072,2.072
330.54,0.02072,2.072
330.55,0.02072,2.072
330.55,0.02072,2.072
330.56,0.02072,2.072
330.57,0.02072,2.072
330.58,0.02072,2.072
330.59,0.02072,2.072
330.60,0.02072,2.072
330.61,0.02072,2.072
330.62,0.02072,2.072
330.63,0.02072,2.072
330.63,0.02072,2.072
330.64,0.02072,2.072
330.65,0.02072,2.072
330.66,0.02072,2.072
330.67,0.02072,2.072
330.68,0.02072,2.072
330.69,0.02072,2.072
330.70,0.02072,2.072
330.71,0.02072,2.072
330.72,0.02072,2.072
330.72,0.02072,2.072
330.73,0.02072,2.072
330.74,0.02072,2.072
330.75,0.02072,2.072
330.76,0.02072,2.072
330.77,0.02072,2.072
330.78,0.02072,2.072
330.79,0.02072,2.072
330.80,0.02072,2.072
330.80,0.02072,2.072
330.81,0.02072,2.072
330.82,0.02072,2.072
330.83,0.02072,2.072
330.84,0.02072,2.072
330.85,0.02072,2.072
330.86,0.02072,2.072
330.87,0.02072,2.072
330.88,0.02072,2.072
330.89,0.02072,2.072
330.89,0.02072,2.072
330.90,0.02072,2.072
330.91,0.02072,2.072
330.92,0.02072,2.072
330.93,0.02072,2.072
330.94,0.02072,2.072
330.95,0.02072,2.072
330.96,0.02072,2.072
330.97,0.02072,2.072
330.97,0.02072,2.072
330.98,0.02072,2.072
330.99,0.02072,2.072
331.00,0.02072,2.072
331.01,0.02072,2.072
331.02,0.02072,2.072
331.03,0.02072,2.072
331.04,0.02072,2.072
331.05,0.02072,2.072
331.06,0.02072,2.072
331.06,0.02072,2.072
331.07,0.02072,2.072
331.08,0.02072,2.072
331.09,0.02072,2.072
331.10,0.02072,2.072
331.11,0.02072,2.072
331.12,0.02072,2.072
331.13,0.02072,2.072
331.14,0.02072,2.072
331.14,0.02072,2.072
331.15,0.02072,2.072
331.16,0.02072,2.072
331.17,0.02072,2.072
331.18,0.02072,2.072
331.19,0.02072,2.072
331.20,0.02072,2.072
331.21,0.02072,2.072
331.22,0.02072,2.072
331.23,0.02072,2.072
331.23,0.02072,2.072
331.24,0.02072,2.072
331.25,0.02072,2.072
331.26,0.02072,2.072
331.27,0.02072,2.072
331.28,0.02072,2.072
331.29,0.02072,2.072
331.30,0.02072,2.072
331.31,0.02072,2.072
331.31,0.02072,2.072
331.32,0.02072,2.072
331.33,0.02072,2.072
331.34,0.02072,2.072
331.35,0.02072,2.072
331.36,0.02072,2.072
331.37,0.02072,2.072
331.38,0.02072,2.072
331.39,0.02072,2.072
331.40,0.02072,2.072
331.40,0.02072,2.072
331.41,0.02072,2.072
331.42,0.02072,2.072
331.43,0.02072,2.072
331.44,0.02072,2.072
331.45,0.02072,2.072
331.46,0.02072,2.072
331.47,0.02072,2.072
331.48,0.02072,2.072
331.49,0.02072,2.072
331.49,0.02072,2.072
331.50,0.02072,2.072
331.51,0.02072,2.072
331.52,0.02072,2.072
331.53,0.02072,2.072
331.54,0.02072,2.072
331.55,0.02072,2.072
331.56,0.02072,2.072
331.57,0.02072,2.072
331.57,0.02072,2.072
331.58,0.02072,2.072
331.59,0.02072,2.072
331.60,0.02072,2.072
331.61,0.02072,2.072
331.62,0.02072,2.072
331.63,0.02072,2.072
331.64,0.02072,2.072
331.65,0.02072,2.072
331.66,0.02072,2.072
331.66,0.02072,2.072
331.67,0.02072,2.072
331.68,0.02072,2.072
331.69,0.02072,2.072
331.70,0.02072,2.072
331.71,0.02072,2.072
331.72,0.02072,2.072
331.73,0.02072,2.072
331.74,0.02072,2.072
331.75,0.02072,2.072
331.75,0.02072,2.072
331.76,0.02072,2.072
331.77,0.02072,2.072
331.78,0.02072,2.072
331.79,0.02072,2.072
331.80,0.02072,2.072
331.81,0.02072,2.072
331.82,0.02072,2.072
331.83,0.02072,2.072
331.83,0.02072,2.072
331.84,0.02072,2.072
331.85,0.02072,2.072
331.86,0.02072,2.072
331.87,0.02072,2.072
331.88,0.02072,2.072
331.89,0.02072,2.072
331.90,0.02072,2.072
331.91,0.02072,2.072
331.92,0.02072,2.072
331.92,0.02072,2.072
331.93,0.02072,2.072
331.94,0.02073,2.073
331.95,0.02073,2.073
331.96,0.02073,2.073
331.97,0.02073,2.073
331.98,0.02073,2.073
331.99,0.02073,2.073
332.00,0.02073,2.073
332.00,0.02073,2.073
332.01,0.02073,2.073
332.02,0.02073,2.073
332.03,0.02073,2.073
332.04,0.02073,2.073
332.05,0.02073,2.073
332.06,0.02073,2.073
332.07,0.02073,2.073
332.08,0.02073,2.073
332.09,0.02073,2.073
332.09,0.02073,2.073
332.10,0.02073,2.073
332.11,0.02073,2.073
332.12,0.02073,2.073
332.13,0.02073,2.073
332.14,0.02073,2.073
332.15,0.02073,2.073
332.16,0.02073,2.073
332.17,0.02073,2.073
332.17,0.02073,2.073
332.18,0.02073,2.073
332.19,0.02073,2.073
332.20,0.02073,2.073
332.21,0.02073,2.073
332.22,0.02073,2.073
332.23,0.02073,2.073
332.24,0.02073,2.073
332.25,0.02073,2.073
332.26,0.02073,2.073
332.26,0.02073,2.073
332.27,0.02073,2.073
332.28,0.02073,2.073
332.29,0.02073,2.073
332.30,0.02073,2.073
332.31,0.02073,2.073
332.32,0.02073,2.073
332.33,0.02073,2.073
332.34,0.02073,2.073
332.34,0.02073,2.073
332.35,0.02073,2.073
332.36,0.02073,2.073
332.37,0.02073,2.073
332.38,0.02073,2.073
332.39,0.02073,2.073
332.40,0.02073,2.073
332.41,0.02073,2.073
332.42,0.02073,2.073
332.43,0.02073,2.073
332.43,0.02073,2.073
332.44,0.02073,2.073
332.45,0.02073,2.073
332.46,0.02073,2.073
332.47,0.02073,2.073
332.48,0.02073,2.073
332.49,0.02073,2.073
332.50,0.02073,2.073
332.51,0.02073,2.073
332.52,0.02073,2.073
332.52,0.02073,2.073
332.53,0.02073,2.073
332.54,0.02073,2.073
332.55,0.02073,2.073
332.56,0.02073,2.073
332.57,0.02073,2.073
332.58,0.02073,2.073
332.59,0.02073,2.073
332.60,0.02073,2.073
332.60,0.02073,2.073
332.61,0.02073,2.073
332.62,0.02073,2.073
332.63,0.02073,2.073
332.64,0.02073,2.073
332.65,0.02073,2.073
332.66,0.02073,2.073
332.67,0.02073,2.073
332.68,0.02073,2.073
332.69,0.02073,2.073
332.69,0.02073,2.073
332.70,0.02073,2.073
332.71,0.02073,2.073
332.72,0.02073,2.073
332.73,0.02073,2.073
332.74,0.02073,2.073
332.75,0.02073,2.073
332.76,0.02073,2.073
332.77,0.02073,2.073
332.77,0.02073,2.073
332.78,0.02073,2.073
332.79,0.02073,2.073
332.80,0.02073,2.073
332.81,0.02073,2.073
332.82,0.02073,2.073
332.83,0.02073,2.073
332.84,0.02073,2.073
332.85,0.02073,2.073
332.86,0.02073,2.073
332.86,0.02073,2.073
332.87,0.02073,2.073
332.88,0.02073,2.073
332.89,0.02073,2.073
332.90,0.02073,2.073
332.91,0.02073,2.073
332.92,0.02073,2.073
332.93,0.02073,2.073
332.94,0.02073,2.073
332.94,0.02073,2.073
332.95,0.02073,2.073
332.96,0.02073,2.073
332.97,0.02073,2.073
332.98,0.02073,2.073
332.99,0.02073,2.073
333.00,0.02073,2.073
333.01,0.02073,2.073
333.02,0.02073,2.073
333.03,0.02073,2.073
333.03,0.02073,2.073
333.04,0.02073,2.073
333.05,0.02073,2.073
333.06,0.02073,2.073
333.07,0.02073,2.073
333.08,0.02073,2.073
333.09,0.02073,2.073
333.10,0.02073,2.073
333.11,0.02073,2.073
333.12,0.02073,2.073
333.12,0.02073,2.073
333.13,0.02073,2.073
333.14,0.02073,2.073
333.15,0.02073,2.073
333.16,0.02073,2.073
333.17,0.02073,2.073
333.18,0.02073,2.073
333.19,0.02073,2.073
333.20,0.02073,2.073
333.20,0.02073,2.073
333.21,0.02073,2.073
333.22,0.02073,2.073
333.23,0.02073,2.073
333.24,0.02073,2.073
333.25,0.02073,2.073
333.26,0.02073,2.073
333.27,0.02073,2.073
333.28,0.02073,2.073
333.29,0.02073,2.073
333.29,0.02073,2.073
333.30,0.02073,2.073
333.31,0.02073,2.073
333.32,0.02073,2.073
333.33,0.02073,2.073
333.34,0.02073,2.073
333.35,0.02074,2.074
333.36,0.02074,2.074
333.37,0.02074,2.074
333.37,0.02074,2.074
333.38,0.02074,2.074
333.39,0.02074,2.074
333.40,0.02074,2.074
333.41,0.02074,2.074
333.42,0.02074,2.074
333.43,0.02074,2.074
333.44,0.02074,2.074
333.45,0.02074,2.074
333.46,0.02074,2.074
333.46,0.02074,2.074
333.47,0.02074,2.074
333.48,0.02074,2.074
333.49,0.02074,2.074
333.50,0.02074,2.074
333.51,0.02074,2.074
333.52,0.02074,2.074
333.53,0.02074,2.074
333.54,0.02074,2.074
333.54,0.02074,2.074
333.55,0.02074,2.074
333.56,0.02074,2.074
333.57,0.02074,2.074
333.58,0.02074,2.074
333.59,0.02074,2.074
333.60,0.02074,2.074
333.61,0.02074,2.074
333.62,0.02074,2.074
333.63,0.02074,2.074
333.63,0.02074,2.074
333.64,0.02074,2.074
333.65,0.02074,2.074
333.66,0.02074,2.074
333.67,0.02074,2.074
333.68,0.02074,2.074
333.69,0.02074,2.074
333.70,0.02074,2.074
333.71,0.02074,2.074
333.72,0.02074,2.074
333.72,0.02074,2.074
333.73,0.02074,2.074
333.74,0.02074,2.074
333.75,0.02074,2.074
333.76,0.02074,2.074
333.77,0.02074,2.074
333.78,0.02074,2.074
333.79,0.02074,2.074
333.80,0.02074,2.074
333.80,0.02074,2.074
333.81,0.02074,2.074
333.82,0.02074,2.074
333.83,0.02074,2.074
333.84,0.02074,2.074
333.85,0.02074,2.074
333.86,0.02074,2.074
333.87,0.02074,2.074
333.88,0.02074,2.074
333.89,0.02074,2.074
333.89,0.02074,2.074
333.90,0.02074,2.074
333.91,0.02074,2.074
333.92,0.02074,2.074
333.93,0.02074,2.074
333.94,0.02074,2.074
333.95,0.02074,2.074
333.96,0.02074,2.074
333.97,0.02074,2.074
333.97,0.02074,2.074
333.98,0.02074,2.074
333.99,0.02074,2.074
334.00,0.02074,2.074
334.01,0.02074,2.074
334.02,0.02074,2.074
334.03,0.02074,2.074
334.04,0.02074,2.074
334.05,0.02074,2.074
334.06,0.02074,2.074
334.06,0.02074,2.074
334.07,0.02074,2.074
334.08,0.02074,2.074
334.09,0.02074,2.074
334.10,0.02074,2.074
334.11,0.02074,2.074
334.12,0.02074,2.074
334.13,0.02074,2.074
334.14,0.02074,2.074
334.15,0.02074,2.074
334.15,0.02074,2.074
334.16,0.02074,2.074
334.17,0.02074,2.074
334.18,0.02074,2.074
334.19,0.02074,2.074
334.20,0.02074,2.074
334.21,0.02074,2.074
334.22,0.02074,2.074
334.23,0.02074,2.074
334.23,0.02074,2.074
334.24,0.02074,2.074
334.25,0.02074,2.074
334.26,0.02074,2.074
334.27,0.02074,2.074
334.28,0.02074,2.074
334.29,0.02074,2.074
334.30,0.02074,2.074
334.31,0.02074,2.074
334.32,0.02074,2.074
334.32,0.02074,2.074
334.33,0.02074,2.074
334.34,0.02074,2.074
334.35,0.02074,2.074
334.36,0.02074,2.074
334.37,0.02074,2.074
334.38,0.02074,2.074
334.39,0.02074,2.074
334.40,0.02074,2.074
334.40,0.02074,2.074
334.41,0.02074,2.074
334.42,0.02074,2.074
334.43,0.02074,2.074
334.44,0.02074,2.074
334.45,0.02074,2.074
334.46,0.02074,2.074
334.47,0.02074,2.074
334.48,0.02074,2.074
334.49,0.02074,2.074
334.49,0.02074,2.074
334.50,0.02074,2.074
334.51,0.02074,2.074
334.52,0.02074,2.074
334.53,0.02074,2.074
334.54,0.02074,2.074
334.55,0.02074,2.074
334.56,0.02074,2.074
334.57,0.02074,2.074
334.57,0.02074,2.074
334.58,0.02074,2.074
334.59,0.02074,2.074
334.60,0.02074,2.074
334.61,0.02074,2.074
334.62,0.02074,2.074
334.63,0.02074,2.074
334.64,0.02074,2.074
334.65,0.02074,2.074
334.66,0.02074,2.074
334.66,0.02074,2.074
334.67,0.02074,2.074
334.68,0.02074,2.074
334.69,0.02074,2.074
334.70,0.02074,2.074
334.71,0.02074,2.074
334.72,0.02074,2.074
334.73,0.02074,2.074
334.74,0.02074,2.074
334.75,0.02074,2.074
334.75,0.02074,2.074
334.76,0.02074,2.074
334.77,0.02074,2.074
334.78,0.02074,2.074
334.79,0.02074,2.074
334.80,0.02074,2.074
334.81,0.02074,2.074
334.82,0.02074,2.074
334.83,0.02074,2.074
334.83,0.02074,2.074
334.84,0.02074,2.074
334.85,0.02074,2.074
334.86,0.02074,2.074
334.87,0.02075,2.075
334.88,0.02075,2.075
334.89,0.02075,2.075
334.90,0.02075,2.075
334.91,0.02075,2.075
334.92,0.02075,2.075
334.92,0.02075,2.075
334.93,0.02075,2.075
334.94,0.02075,2.075
334.95,0.02075,2.075
334.96,0.02075,2.075
334.97,0.02075,2.075
334.98,0.02075,2.075
334.99,0.02075,2.075
335.00,0.02075,2.075
335.00,0.02075,2.075
335.01,0.02075,2.075
335.02,0.02075,2.075
335.03,0.02075,2.075
335.04,0.02075,2.075
335.05,0.02075,2.075
335.06,0.02075,2.075
335.07,0.02075,2.075
335.08,0.02075,2.075
335.09,0.02075,2.075
335.09,0.02075,2.075
335.10,0.02075,2.075
335.11,0.02075,2.075
335.12,0.02075,2.075
335.13,0.02075,2.075
335.14,0.02075,2.075
335.15,0.02075,2.075
335.16,0.02075,2.075
335.17,0.02075,2.075
335.17,0.02075,2.075
335.18,0.02075,2.075
335.19,0.02075,2.075
335.20,0.02075,2.075
335.21,0.02075,2.075
335.22,0.02075,2.075
335.23,0.02075,2.075
335.24,0.02075,2.075
335.25,0.02075,2.075
335.26,0.02075,2.075
335.26,0.02075,2.075
335.27,0.02075,2.075
335.28,0.02075,2.075
335.29,0.02075,2.075
335.30,0.02075,2.075
335.31,0.02075,2.075
335.32,0.02075,2.075
335.33,0.02075,2.075
335.34,0.02075,2.075
335.35,0.02075,2.075
335.35,0.02075,2.075
335.36,0.02075,2.075
335.37,0.02075,2.075
335.38,0.02075,2.075
335.39,0.02075,2.075
335.40,0.02075,2.075
335.41,0.02075,2.075
335.42,0.02075,2.075
335.43,0.02075,2.075
335.43,0.02075,2.075
335.44,0.02075,2.075
335.45,0.02075,2.075
335.46,0.02075,2.075
335.47,0.02075,2.075
335.48,0.02075,2.075
335.49,0.02075,2.075
335.50,0.02075,2.075
335.51,0.02075,2.075
335.52,0.02075,2.075
335.52,0.02075,2.075
335.53,0.02075,2.075
335.54,0.02075,2.075
335.55,0.02075,2.075
335.56,0.02075,2.075
335.57,0.02075,2.075
335.58,0.02075,2.075
335.59,0.02075,2.075
335.60,0.02075,2.075
335.60,0.02075,2.075
335.61,0.02075,2.075
335.62,0.02075,2.075
335.63,0.02075,2.075
335.64,0.02075,2.075
335.65,0.02075,2.075
335.66,0.02075,2.075
335.67,0.02075,2.075
335.68,0.02075,2.075
335.69,0.02075,2.075
335.69,0.02075,2.075
335.70,0.02075,2.075
335.71,0.02075,2.075
335.72,0.02075,2.075
335.73,0.02075,2.075
335.74,0.02075,2.075
335.75,0.02075,2.075
335.76,0.02075,2.075
335.77,0.02075,2.075
335.77,0.02075,2.075
335.78,0.02075,2.075
335.79,0.02075,2.075
335.80,0.02075,2.075
335.81,0.02075,2.075
335.82,0.02075,2.075
335.83,0.02075,2.075
335.84,0.02075,2.075
335.85,0.02075,2.075
335.86,0.02075,2.075
335.86,0.02075,2.075
335.87,0.02075,2.075
335.88,0.02075,2.075
335.89,0.02075,2.075
335.90,0.02075,2.075
335.91,0.02075,2.075
335.92,0.02075,2.075
335.93,0.02075,2.075
335.94,0.02075,2.075
335.94,0.02075,2.075
335.95,0.02075,2.075
335.96,0.02075,2.075
335.97,0.02075,2.075
335.98,0.02075,2.075
335.99,0.02075,2.075
336.00,0.02075,2.075
336.01,0.02075,2.075
336.02,0.02075,2.075
336.03,0.02075,2.075
336.03,0.02075,2.075
336.04,0.02075,2.075
336.05,0.02075,2.075
336.06,0.02075,2.075
336.07,0.02075,2.075
336.08,0.02075,2.075
336.09,0.02075,2.075
336.10,0.02075,2.075
336.11,0.02075,2.075
336.12,0.02075,2.075
336.12,0.02075,2.075
336.13,0.02075,2.075
336.14,0.02075,2.075
336.15,0.02075,2.075
336.16,0.02075,2.075
336.17,0.02075,2.075
336.18,0.02075,2.075
336.19,0.02075,2.075
336.20,0.02075,2.075
336.20,0.02075,2.075
336.21,0.02075,2.075
336.22,0.02075,2.075
336.23,0.02075,2.075
336.24,0.02075,2.075
336.25,0.02075,2.075
336.26,0.02075,2.075
336.27,0.02075,2.075
336.28,0.02075,2.075
336.29,0.02075,2.075
336.29,0.02075,2.075
336.30,0.02075,2.075
336.31,0.02075,2.075
336.32,0.02075,2.075
336.33,0.02075,2.075
336.34,0.02075,2.075
336.35,0.02075,2.075
336.36,0.02075,2.075
336.37,0.02075,2.075
336.37,0.02075,2.075
336.38,0.02075,2.075
336.39,0.02075,2.075
336.40,0.02075,2.075
336.41,0.02075,2.075
336.42,0.02075,2.075
336.43,0.02075,2.075
336.44,0.02075,2.075
336.45,0.02075,2.075
336.46,0.02075,2.075
336.46,0.02075,2.075
336.47,0.02076,2.076
336.48,0.02076,2.076
336.49,0.02076,2.076
336.50,0.02076,2.076
336.51,0.02076,2.076
336.52,0.02076,2.076
336.53,0.02076,2.076
336.54,0.02076,2.076
336.55,0.02076,2.076
336.55,0.02076,2.076
336.56,0.02076,2.076
336.57,0.02076,2.076
336.58,0.02076,2.076
336.59,0.02076,2.076
336.60,0.02076,2.076
336.61,0.02076,2.076
336.62,0.02076,2.076
336.63,0.02076,2.076
336.63,0.02076,2.076
336.64,0.02076,2.076
336.65,0.02076,2.076
336.66,0.02076,2.076
336.67,0.02076,2.076
336.68,0.02076,2.076
336.69,0.02076,2.076
336.70,0.02076,2.076
336.71,0.02076,2.076
336.72,0.02076,2.076
336.72,0.02076,2.076
336.73,0.02076,2.076
336.74,0.02076,2.076
336.75,0.02076,2.076
336.76,0.02076,2.076
336.77,0.02076,2.076
336.78,0.02076,2.076
336.79,0.02076,2.076
336.80,0.02076,2.076
336.81,0.02076,2.076
336.81,0.02076,2.076
336.82,0.02076,2.076
336.83,0.02076,2.076
336.84,0.02076,2.076
336.85,0.02076,2.076
336.86,0.02076,2.076
336.87,0.02076,2.076
336.88,0.02076,2.076
336.89,0.02076,2.076
336.89,0.02076,2.076
336.90,0.02076,2.076
336.91,0.02076,2.076
336.92,0.02076,2.076
336.93,0.02076,2.076
336.94,0.02076,2.076
336.95,0.02076,2.076
336.96,0.02076,2.076
336.97,0.02076,2.076
336.98,0.02076,2.076
336.98,0.02076,2.076
336.99,0.02076,2.076
337.00,0.02076,2.076
337.01,0.02076,2.076
337.02,0.02076,2.076
337.03,0.02076,2.076
337.04,0.02076,2.076
337.05,0.02076,2.076
337.06,0.02076,2.076
337.06,0.02076,2.076
337.07,0.02076,2.076
337.08,0.02076,2.076
337.09,0.02076,2.076
337.10,0.02076,2.076
337.11,0.02076,2.076
337.12,0.02076,2.076
337.13,0.02076,2.076
337.14,0.02076,2.076
337.15,0.02076,2.076
337.15,0.02076,2.076
337.16,0.02076,2.076
337.17,0.02076,2.076
337.18,0.02076,2.076
337.19,0.02076,2.076
337.20,0.02076,2.076
337.21,0.02076,2.076
337.22,0.02076,2.076
337.23,0.02076,2.076
337.23,0.02076,2.076
337.24,0.02076,2.076
337.25,0.02076,2.076
337.26,0.02076,2.076
337.27,0.02076,2.076
337.28,0.02076,2.076
337.29,0.02076,2.076
337.30,0.02076,2.076
337.31,0.02076,2.076
337.32,0.02076,2.076
337.32,0.02076,2.076
337.33,0.02076,2.076
337.34,0.02076,2.076
337.35,0.02076,2.076
337.36,0.02076,2.076
337.37,0.02076,2.076
337.38,0.02076,2.076
337.39,0.02076,2.076
337.40,0.02076,2.076
337.40,0.02076,2.076
337.41,0.02076,2.076
337.42,0.02076,2.076
337.43,0.02076,2.076
337.44,0.02076,2.076
337.45,0.02076,2.076
337.46,0.02076,2.076
337.47,0.02076,2.076
337.48,0.02076,2.076
337.49,0.02076,2.076
337.49,0.02076,2.076
337.50,0.02076,2.076
337.51,0.02076,2.076
337.52,0.02076,2.076
337.53,0.02076,2.076
337.54,0.02076,2.076
337.55,0.02076,2.076
337.56,0.02076,2.076
337.57,0.02076,2.076
337.57,0.02076,2.076
337.58,0.02076,2.076
337.59,0.02076,2.076
337.60,0.02076,2.076
337.61,0.02076,2.076
337.62,0.02076,2.076
337.63,0.02076,2.076
337.64,0.02076,2.076
337.65,0.02076,2.076
337.66,0.02076,2.076
337.66,0.02076,2.076
337.67,0.02076,2.076
337.68,0.02076,2.076
337.69,0.02076,2.076
337.70,0.02076,2.076
337.71,0.02076,2.076
337.72,0.02076,2.076
337.73,0.02076,2.076
337.74,0.02076,2.076
337.75,0.02076,2.076
337.75,0.02076,2.076
337.76,0.02076,2.076
337.77,0.02076,2.076
337.78,0.02076,2.076
337.79,0.02076,2.076
337.80,0.02076,2.076
337.81,0.02076,2.076
337.82,0.02076,2.076
337.83,0.02076,2.076
337.83,0.02076,2.076
337.84,0.02076,2.076
337.85,0.02076,2.076
337.86,0.02076,2.076
337.87,0.02076,2.076
337.88,0.02076,2.076
337.89,0.02076,2.076
337.90,0.02076,2.076
337.91,0.02076,2.076
337.92,0.02076,2.076
337.92,0.02076,2.076
337.93,0.02076,2.076
337.94,0.02076,2.076
337.95,0.02076,2.076
337.96,0.02076,2.076
337.97,0.02076,2.076
337.98,0.02076,2.076
337.99,0.02076,2.076
338.00,0.02076,2.076
338.00,0.02076,2.076
338.01,0.02076,2.076
338.02,0.02077,2.077
338.03,0.02077,2.077
338.04,0.02077,2.077
338.05,0.02077,2.077
338.06,0.02077,2.077
338.07,0.02077,2.077
338.08,0.02077,2.077
338.09,0.02077,2.077
338.09,0.02077,2.077
338.10,0.02077,2.077
338.11,0.02077,2.077
338.12,0.02077,2.077
338.13,0.02077,2.077
338.14,0.02077,2.077
338.15,0.02077,2.077
338.16,0.02077,2.077
338.17,0.02077,2.077
338.18,0.02077,2.077
338.18,0.02077,2.077
338.19,0.02077,2.077
338.20,0.02077,2.077
338.21,0.02077,2.077
338.22,0.02077,2.077
338.23,0.02077,2.077
338.24,0.02077,2.077
338.25,0.02077,2.077
338.26,0.02077,2.077
338.26,0.02077,2.077
338.27,0.02077,2.077
338.28,0.02077,2.077
338.29,0.02077,2.077
338.30,0.02077,2.077
338.31,0.02077,2.077
338.32,0.02077,2.077
338.33,0.02077,2.077
338.34,0.02077,2.077
338.35,0.02077,2.077
338.35,0.02077,2.077
338.36,0.02077,2.077
338.37,0.02077,2.077
338.38,0.02077,2.077
338.39,0.02077,2.077
338.40,0.02077,2.077
338.41,0.02077,2.077
338.42,0.02077,2.077
338.43,0.02077,2.077
338.44,0.02077,2.077
338.44,0.02077,2.077
338.45,0.02077,2.077
338.46,0.02077,2.077
338.47,0.02077,2.077
338.48,0.02077,2.077
338.49,0.02077,2.077
338.50,0.02077,2.077
338.51,0.02077,2.077
338.52,0.02077,2.077
338.52,0.02077,2.077
338.53,0.02077,2.077
338.54,0.02077,2.077
338.55,0.02077,2.077
338.56,0.02077,2.077
338.57,0.02077,2.077
338.58,0.02077,2.077
338.59,0.02077,2.077
338.60,0.02077,2.077
338.61,0.02077,2.077
338.61,0.02077,2.077
338.62,0.02077,2.077
338.63,0.02077,2.077
338.64,0.02077,2.077
338.65,0.02077,2.077
338.66,0.02077,2.077
338.67,0.02077,2.077
338.68,0.02077,2.077
338.69,0.02077,2.077
338.69,0.02077,2.077
338.70,0.02077,2.077
338.71,0.02077,2.077
338.72,0.02077,2.077
338.73,0.02077,2.077
338.74,0.02077,2.077
338.75,0.02077,2.077
338.76,0.02077,2.077
338.77,0.02077,2.077
338.78,0.02077,2.077
338.78,0.02077,2.077
338.79,0.02077,2.077
338.80,0.02077,2.077
338.81,0.02077,2.077
338.82,0.02077,2.077
338.83,0.02077,2.077
338.84,0.02077,2.077
338.85,0.02077,2.077
338.86,0.02077,2.077
338.87,0.02077,2.077
338.87,0.02077,2.077
338.88,0.02077,2.077
338.89,0.02077,2.077
338.90,0.02077,2.077
338.91,0.02077,2.077
338.92,0.02077,2.077
338.93,0.02077,2.077
338.94,0.02077,2.077
338.95,0.02077,2.077
338.95,0.02077,2.077
338.96,0.02077,2.077
338.97,0.02077,2.077
338.98,0.02077,2.077
338.99,0.02077,2.077
339.00,0.02077,2.077
339.01,0.02077,2.077
339.02,0.02077,2.077
339.03,0.02077,2.077
339.04,0.02077,2.077
339.04,0.02077,2.077
339.05,0.02077,2.077
339.06,0.02077,2.077
339.07,0.02077,2.077
339.08,0.02077,2.077
339.09,0.02077,2.077
339.10,0.02077,2.077
339.11,0.02077,2.077
339.12,0.02077,2.077
339.12,0.02077,2.077
339.13,0.02077,2.077
339.14,0.02077,2.077
339.15,0.02077,2.077
339.16,0.02077,2.077
339.17,0.02077,2.077
339.18,0.02077,2.077
339.19,0.02077,2.077
339.20,0.02077,2.077
339.21,0.02077,2.077
339.21,0.02077,2.077
339.22,0.02077,2.077
339.23,0.02077,2.077
339.24,0.02077,2.077
339.25,0.02077,2.077
339.26,0.02077,2.077
339.27,0.02077,2.077
339.28,0.02077,2.077
339.29,0.02077,2.077
339.29,0.02077,2.077
339.30,0.02077,2.077
339.31,0.02077,2.077
339.32,0.02077,2.077
339.33,0.02077,2.077
339.34,0.02077,2.077
339.35,0.02077,2.077
339.36,0.02077,2.077
339.37,0.02077,2.077
339.38,0.02077,2.077
339.38,0.02077,2.077
339.39,0.02077,2.077
339.40,0.02077,2.077
339.41,0.02077,2.077
339.42,0.02077,2.077
339.43,0.02077,2.077
339.44,0.02077,2.077
339.45,0.02077,2.077
339.46,0.02077,2.077
339.46,0.02077,2.077
339.47,0.02077,2.077
339.48,0.02077,2.077
339.49,0.02077,2.077
339.50,0.02077,2.077
339.51,0.02077,2.077
339.52,0.02077,2.077
339.53,0.02077,2.077
339.54,0.02077,2.077
339.55,0.02077,2.077
339.55,0.02077,2.077
339.56,0.02077,2.077
339.57,0.02077,2.077
339.58,0.02077,2.077
339.59,0.02077,2.077
339.60,0.02077,2.077
339.61,0.02077,2.077
339.62,0.02077,2.077
339.63,0.02077,2.077
339.63,0.02077,2.077
339.64,0.02078,2.078
339.65,0.02078,2.078
339.66,0.02078,2.078
339.67,0.02078,2.078
339.68,0.02078,2.078
339.69,0.02078,2.078
339.70,0.02078,2.078
339.71,0.02078,2.078
339.72,0.02078,2.078
339.72,0.02078,2.078
339.73,0.02078,2.078
339.74,0.02078,2.078
339.75,0.02078,2.078
339.76,0.02078,2.078
339.77,0.02078,2.078
339.78,0.02078,2.078
339.79,0.02078,2.078
339.80,0.02078,2.078
339.81,0.02078,2.078
339.81,0.02078,2.078
339.82,0.02078,2.078
339.83,0.02078,2.078
339.84,0.02078,2.078
339.85,0.02078,2.078
339.86,0.02078,2.078
339.87,0.02078,2.078
339.88,0.02078,2.078
339.89,0.02078,2.078
339.89,0.02078,2.078
339.90,0.02078,2.078
339.91,0.02078,2.078
339.92,0.02078,2.078
339.93,0.02078,2.078
339.94,0.02078,2.078
339.95,0.02078,2.078
339.96,0.02078,2.078
339.97,0.02078,2.078
339.98,0.02078,2.078
339.98,0.02078,2.078
339.99,0.02078,2.078
340.00,0.02078,2.078
340.01,0.02078,2.078
340.02,0.02078,2.078
340.03,0.02078,2.078
340.04,0.02078,2.078
340.05,0.02078,2.078
340.06,0.02078,2.078
340.07,0.02078,2.078
340.07,0.02078,2.078
340.08,0.02078,2.078
340.09,0.02078,2.078
340.10,0.02078,2.078
340.11,0.02078,2.078
340.12,0.02078,2.078
340.13,0.02078,2.078
340.14,0.02078,2.078
340.15,0.02078,2.078
340.15,0.02078,2.078
340.16,0.02078,2.078
340.17,0.02078,2.078
340.18,0.02078,2.078
340.19,0.02078,2.078
340.20,0.02078,2.078
340.21,0.02078,2.078
340.22,0.02078,2.078
340.23,0.02078,2.078
340.24,0.02078,2.078
340.24,0.02078,2.078
340.25,0.02078,2.078
340.26,0.02078,2.078
340.27,0.02078,2.078
340.28,0.02078,2.078
340.29,0.02078,2.078
340.30,0.02078,2.078
340.31,0.02078,2.078
340.32,0.02078,2.078
340.32,0.02078,2.078
340.33,0.02078,2.078
340.34,0.02078,2.078
340.35,0.02078,2.078
340.36,0.02078,2.078
340.37,0.02078,2.078
340.38,0.02078,2.078
340.39,0.02078,2.078
340.40,0.02078,2.078
340.41,0.02078,2.078
340.41,0.02078,2.078
340.42,0.02078,2.078
340.43,0.02078,2.078
340.44,0.02078,2.078
340.45,0.02078,2.078
340.46,0.02078,2.078
340.47,0.02078,2.078
340.48,0.02078,2.078
340.49,0.02078,2.078
340.50,0.02078,2.078
340.50,0.02078,2.078
340.51,0.02078,2.078
340.52,0.02078,2.078
340.53,0.02078,2.078
340.54,0.02078,2.078
340.55,0.02078,2.078
340.56,0.02078,2.078
340.57,0.02078,2.078
340.58,0.02078,2.078
340.58,0.02078,2.078
340.59,0.02078,2.078
340.60,0.02078,2.078
340.61,0.02078,2.078
340.62,0.02078,2.078
340.63,0.02078,2.078
340.64,0.02078,2.078
340.65,0.02078,2.078
340.66,0.02078,2.078
340.67,0.02078,2.078
340.67,0.02078,2.078
340.68,0.02078,2.078
340.69,0.02078,2.078
340.70,0.02078,2.078
340.71,0.02078,2.078
340.72,0.02078,2.078
340.73,0.02078,2.078
340.74,0.02078,2.078
340.75,0.02078,2.078
340.75,0.02078,2.078
340.76,0.02078,2.078
340.77,0.02078,2.078
340.78,0.02078,2.078
340.79,0.02078,2.078
340.80,0.02078,2.078
340.81,0.02078,2.078
340.82,0.02078,2.078
340.83,0.02078,2.078
340.84,0.02078,2.078
340.84,0.02078,2.078
340.85,0.02078,2.078
340.86,0.02078,2.078
340.87,0.02078,2.078
340.88,0.02078,2.078
340.89,0.02078,2.078
340.90,0.02078,2.078
340.91,0.02078,2.078
340.92,0.02078,2.078
340.92,0.02078,2.078
340.93,0.02078,2.078
340.94,0.02078,2.078
340.95,0.02078,2.078
340.96,0.02078,2.078
340.97,0.02078,2.078
340.98,0.02078,2.078
340.99,0.02078,2.078
341.00,0.02078,2.078
341.01,0.02078,2.078
341.01,0.02078,2.078
341.02,0.02078,2.078
341.03,0.02078,2.078
341.04,0.02078,2.078
341.05,0.02078,2.078
341.06,0.02078,2.078
341.07,0.02078,2.078
341.08,0.02078,2.078
341.09,0.02078,2.078
341.09,0.02078,2.078
341.10,0.02078,2.078
341.11,0.02078,2.078
341.12,0.02078,2.078
341.13,0.02078,2.078
341.14,0.02078,2.078
341.15,0.02078,2.078
341.16,0.02078,2.078
341.17,0.02078,2.078
341.18,0.02078,2.078
341.18,0.02078,2.078
341.19,0.02078,2.078
341.20,0.02078,2.078
341.21,0.02078,2.078
341.22,0.02078,2.078
341.23,0.02078,2.078
341.24,0.02078,2.078
341.25,0.02079,2.079
341.26,0.02079,2.079
341.27,0.02079,2.079
341.27,0.02079,2.079
341.28,0.02079,2.079
341.29,0.02079,2.079
341.30,0.02079,2.079
341.31,0.02079,2.079
341.32,0.02079,2.079
341.33,0.02079,2.079
341.34,0.02079,2.079
341.35,0.02079,2.079
341.35,0.02079,2.079
341.36,0.02079,2.079
341.37,0.02079,2.079
341.38,0.02079,2.079
341.39,0.02079,2.079
341.40,0.02079,2.079
341.41,0.02079,2.079
341.42,0.02079,2.079
341.43,0.02079,2.079
341.44,0.02079,2.079
341.44,0.02079,2.079
341.45,0.02079,2.079
341.46,0.02079,2.079
341.47,0.02079,2.079
341.48,0.02079,2.079
341.49,0.02079,2.079
341.50,0.02079,2.079
341.51,0.02079,2.079
341.52,0.02079,2.079
341.52,0.02079,2.079
341.53,0.02079,2.079
341.54,0.02079,2.079
341.55,0.02079,2.079
341.56,0.02079,2.079
341.57,0.02079,2.079
341.58,0.02079,2.079
341.59,0.02079,2.079
341.60,0.02079,2.079
341.61,0.02079,2.079
341.61,0.02079,2.079
341.62,0.02079,2.079
341.63,0.02079,2.079
341.64,0.02079,2.079
341.65,0.02079,2.079
341.66,0.02079,2.079
341.67,0.02079,2.079
341.68,0.02079,2.079
341.69,0.02079,2.079
341.70,0.02079,2.079
341.70,0.02079,2.079
341.71,0.02079,2.079
341.72,0.02079,2.079
341.73,0.02079,2.079
341.74,0.02079,2.079
341.75,0.02079,2.079
341.76,0.02079,2.079
341.77,0.02079,2.079
341.78,0.02079,2.079
341.78,0.02079,2.079
341.79,0.02079,2.079
341.80,0.02079,2.079
341.81,0.02079,2.079
341.82,0.02079,2.079
341.83,0.02079,2.079
341.84,0.02079,2.079
341.85,0.02079,2.079
341.86,0.02079,2.079
341.87,0.02079,2.079
341.87,0.02079,2.079
341.88,0.02079,2.079
341.89,0.02079,2.079
341.90,0.02079,2.079
341.91,0.02079,2.079
341.92,0.02079,2.079
341.93,0.02079,2.079
341.94,0.02079,2.079
341.95,0.02079,2.079
341.96,0.02079,2.079
341.96,0.02079,2.079
341.97,0.02079,2.079
341.98,0.02079,2.079
341.99,0.02079,2.079
342.00,0.02079,2.079
342.01,0.02079,2.079
342.02,0.02079,2.079
342.03,0.02079,2.079
342.04,0.02079,2.079
342.04,0.02079,2.079
342.05,0.02079,2.079
342.06,0.02079,2.079
342.07,0.02079,2.079
342.08,0.02079,2.079
342.09,0.02079,2.079
342.10,0.02079,2.079
342.11,0.02079,2.079
342.12,0.02079,2.079
342.13,0.02079,2.079
342.13,0.02079,2.079
342.14,0.02079,2.079
342.15,0.02079,2.079
342.16,0.02079,2.079
342.17,0.02079,2.079
342.18,0.02079,2.079
342.19,0.02079,2.079
342.20,0.02079,2.079
342.21,0.02079,2.079
342.21,0.02079,2.079
342.22,0.02079,2.079
342.23,0.02079,2.079
342.24,0.02079,2.079
342.25,0.02079,2.079
342.26,0.02079,2.079
342.27,0.02079,2.079
342.28,0.02079,2.079
342.29,0.02079,2.079
342.30,0.02079,2.079
342.30,0.02079,2.079
342.31,0.02079,2.079
342.32,0.02079,2.079
342.33,0.02079,2.079
342.34,0.02079,2.079
342.35,0.02079,2.079
342.36,0.02079,2.079
342.37,0.02079,2.079
342.38,0.02079,2.079
342.39,0.02079,2.079
342.39,0.02079,2.079
342.40,0.02079,2.079
342.41,0.02079,2.079
342.42,0.02079,2.079
342.43,0.02079,2.079
342.44,0.02079,2.079
342.45,0.02079,2.079
342.46,0.02079,2.079
342.47,0.02079,2.079
342.47,0.02079,2.079
342.48,0.02079,2.079
342.49,0.02079,2.079
342.50,0.02079,2.079
342.51,0.02079,2.079
342.52,0.02079,2.079
342.53,0.02079,2.079
342.54,0.02079,2.079
342.55,0.02079,2.079
342.56,0.02079,2.079
342.56,0.02079,2.079
342.57,0.02079,2.079
342.58,0.02079,2.079
342.59,0.02079,2.079
342.60,0.02079,2.079
342.61,0.02079,2.079
342.62,0.02079,2.079
342.63,0.02079,2.079
342.64,0.02079,2.079
342.64,0.02079,2.079
342.65,0.02079,2.079
342.66,0.02079,2.079
342.67,0.02079,2.079
342.68,0.02079,2.079
342.69,0.02079,2.079
342.70,0.02079,2.079
342.71,0.02079,2.079
342.72,0.02079,2.079
342.73,0.02079,2.079
342.73,0.02079,2.079
342.74,0.02079,2.079
342.75,0.02079,2.079
342.76,0.02079,2.079
342.77,0.02079,2.079
342.78,0.02079,2.079
342.79,0.02079,2.079
342.80,0.02079,2.079
342.81,0.02079,2.079
342.81,0.02079,2.079
342.82,0.02079,2.079
342.83,0.02079,2.079
342.84,0.02079,2.079
342.85,0.02079,2.079
342.86,0.02079,2.079
342.87,0.02079,2.079
342.88,0.02079,2.079
342.89,0.02079,2.079
342.90,0.02079,2.079
342.90,0.02079,2.079
342.91,0.02079,2.079
342.92,0.02079,2.079
342.93,0.02079,2.079
342.94,0.02079,2.079
342.95,0.02080,2.080
342.96,0.02080,2.080
342.97,0.02080,2.080
342.98,0.02080,2.080
342.99,0.02080,2.080
342.99,0.02080,2.080
343.00,0.02080,2.080
343.01,0.02080,2.080
343.02,0.02080,2.080
343.03,0.02080,2.080
343.04,0.02080,2.080
343.05,0.02080,2.080
343.06,0.02080,2.080
343.07,0.02080,2.080
343.07,0.02080,2.080
343.08,0.02080,2.080
343.09,0.02080,2.080
343.10,0.02080,2.080
343.11,0.02080,2.080
343.12,0.02080,2.080
343.13,0.02080,2.080
343.14,0.02080,2.080
343.15,0.02080,2.080
343.16,0.02080,2.080
343.16,0.02080,2.080
343.17,0.02080,2.080
343.18,0.02080,2.080
343.19,0.02080,2.080
343.20,0.02080,2.080
343.21,0.02080,2.080
343.22,0.02080,2.080
343.23,0.02080,2.080
343.24,0.02080,2.080
343.24,0.02080,2.080
343.25,0.02080,2.080
343.26,0.02080,2.080
343.27,0.02080,2.080
343.28,0.02080,2.080
343.29,0.02080,2.080
343.30,0.02080,2.080
343.31,0.02080,2.080
343.32,0.02080,2.080
343.33,0.02080,2.080
343.33,0.02080,2.080
343.34,0.02080,2.080
343.35,0.02080,2.080
343.36,0.02080,2.080
343.37,0.02080,2.080
343.38,0.02080,2.080
343.39,0.02080,2.080
343.40,0.02080,2.080
343.41,0.02080,2.080
343.42,0.02080,2.080
343.42,0.02080,2.080
343.43,0.02080,2.080
343.44,0.02080,2.080
343.45,0.02080,2.080
343.46,0.02080,2.080
343.47,0.02080,2.080
343.48,0.02080,2.080
343.49,0.02080,2.080
343.50,0.02080,2.080
343.50,0.02080,2.080
343.51,0.02080,2.080
343.52,0.02080,2.080
343.53,0.02080,2.080
343.54,0.02080,2.080
343.55,0.02080,2.080
343.56,0.02080,2.080
343.57,0.02080,2.080
343.58,0.02080,2.080
343.59,0.02080,2.080
343.59,0.02080,2.080
343.60,0.02080,2.080
343.61,0.02080,2.080
343.62,0.02080,2.080
343.63,0.02080,2.080
343.64,0.02080,2.080
343.65,0.02080,2.080
343.66,0.02080,2.080
343.67,0.02080,2.080
343.67,0.02080,2.080
343.68,0.02080,2.080
343.69,0.02080,2.080
343.70,0.02080,2.080
343.71,0.02080,2.080
343.72,0.02080,2.080
343.73,0.02080,2.080
343.74,0.02080,2.080
343.75,0.02080,2.080
343.76,0.02080,2.080
343.76,0.02080,2.080
343.77,0.02080,2.080
343.78,0.02080,2.080
343.79,0.02080,2.080
343.80,0.02080,2.080
343.81,0.02080,2.080
343.82,0.02080,2.080
343.83,0.02080,2.080
343.84,0.02080,2.080
343.85,0.02080,2.080
343.85,0.02080,2.080
343.86,0.02080,2.080
343.87,0.02080,2.080
343.88,0.02080,2.080
343.89,0.02080,2.080
343.90,0.02080,2.080
343.91,0.02080,2.080
343.92,0.02080,2.080
343.93,0.02080,2.080
343.93,0.02080,2.080
343.94,0.02080,2.080
343.95,0.02080,2.080
343.96,0.02080,2.080
343.97,0.02080,2.080
343.98,0.02080,2.080
343.99,0.02080,2.080
344.00,0.02080,2.080
344.01,0.02080,2.080
344.02,0.02080,2.080
344.02,0.02080,2.080
344.03,0.02080,2.080
344.04,0.02080,2.080
344.05,0.02080,2.080
344.06,0.02080,2.080
344.07,0.02080,2.080
344.08,0.02080,2.080
344.09,0.02080,2.080
344.10,0.02080,2.080
344.10,0.02080,2.080
344.11,0.02080,2.080
344.12,0.02080,2.080
344.13,0.02080,2.080
344.14,0.02080,2.080
344.15,0.02080,2.080
344.16,0.02080,2.080
344.17,0.02080,2.080
344.18,0.02080,2.080
344.19,0.02080,2.080
344.19,0.02080,2.080
344.20,0.02080,2.080
344.21,0.02080,2.080
344.22,0.02080,2.080
344.23,0.02080,2.080
344.24,0.02080,2.080
344.25,0.02080,2.080
344.26,0.02080,2.080
344.27,0.02080,2.080
344.27,0.02080,2.080
344.28,0.02080,2.080
344.29,0.02080,2.080
344.30,0.02080,2.080
344.31,0.02080,2.080
344.32,0.02080,2.080
344.33,0.02080,2.080
344.34,0.02080,2.080
344.35,0.02080,2.080
344.36,0.02080,2.080
344.36,0.02080,2.080
344.37,0.02080,2.080
344.38,0.02080,2.080
344.39,0.02080,2.080
344.40,0.02080,2.080
344.41,0.02080,2.080
344.42,0.02080,2.080
344.43,0.02080,2.080
344.44,0.02080,2.080
344.45,0.02080,2.080
344.45,0.02080,2.080
344.46,0.02080,2.080
344.47,0.02080,2.080
344.48,0.02080,2.080
344.49,0.02080,2.080
344.50,0.02080,2.080
344.51,0.02080,2.080
344.52,0.02080,2.080
344.53,0.02080,2.080
344.53,0.02080,2.080
344.54,0.02080,2.080
344.55,0.02080,2.080
344.56,0.02080,2.080
344.57,0.02080,2.080
344.58,0.02080,2.080
344.59,0.02080,2.080
344.60,0.02080,2.080
344.61,0.02080,2.080
344.62,0.02080,2.080
344.62,0.02080,2.080
344.63,0.02080,2.080
344.64,0.02080,2.080
344.65,0.02080,2.080
344.66,0.02080,2.080
344.67,0.02080,2.080
344.68,0.02080,2.080
344.69,0.02080,2.080
344.70,0.02080,2.080
344.70,0.02081,2.081
344.71,0.02081,2.081
344.72,0.02081,2.081
344.73,0.02081,2.081
344.74,0.02081,2.081
344.75,0.02081,2.081
344.76,0.02081,2.081
344.77,0.02081,2.081
344.78,0.02081,2.081
344.79,0.02081,2.081
344.79,0.02081,2.081
344.80,0.02081,2.081
344.81,0.02081,2.081
344.82,0.02081,2.081
344.83,0.02081,2.081
344.84,0.02081,2.081
344.85,0.02081,2.081
344.86,0.02081,2.081
344.87,0.02081,2.081
344.88,0.02081,2.081
344.88,0.02081,2.081
344.89,0.02081,2.081
344.90,0.02081,2.081
344.91,0.02081,2.081
344.92,0.02081,2.081
344.93,0.02081,2.081
344.94,0.02081,2.081
344.95,0.02081,2.081
344.96,0.02081,2.081
344.96,0.02081,2.081
344.97,0.02081,2.081
344.98,0.02081,2.081
344.99,0.02081,2.081
345.00,0.02081,2.081
345.01,0.02081,2.081
345.02,0.02081,2.081
345.03,0.02081,2.081
345.04,0.02081,2.081
345.05,0.02081,2.081
345.05,0.02081,2.081
345.06,0.02081,2.081
345.07,0.02081,2.081
345.08,0.02081,2.081
345.09,0.02081,2.081
345.10,0.02081,2.081
345.11,0.02081,2.081
345.12,0.02081,2.081
345.13,0.02081,2.081
345.14,0.02081,2.081
345.14,0.02081,2.081
345.15,0.02081,2.081
345.16,0.02081,2.081
345.17,0.02081,2.081
345.18,0.02081,2.081
345.19,0.02081,2.081
345.20,0.02081,2.081
345.21,0.02081,2.081
345.22,0.02081,2.081
345.22,0.02081,2.081
345.23,0.02081,2.081
345.24,0.02081,2.081
345.25,0.02081,2.081
345.26,0.02081,2.081
345.27,0.02081,2.081
345.28,0.02081,2.081
345.29,0.02081,2.081
345.30,0.02081,2.081
345.31,0.02081,2.081
345.31,0.02081,2.081
345.32,0.02081,2.081
345.33,0.02081,2.081
345.34,0.02081,2.081
345.35,0.02081,2.081
345.36,0.02081,2.081
345.37,0.02081,2.081
345.38,0.02081,2.081
345.39,0.02081,2.081
345.39,0.02081,2.081
345.40,0.02081,2.081
345.41,0.02081,2.081
345.42,0.02081,2.081
345.43,0.02081,2.081
345.44,0.02081,2.081
345.45,0.02081,2.081
345.46,0.02081,2.081
345.47,0.02081,2.081
345.48,0.02081,2.081
345.48,0.02081,2.081
345.49,0.02081,2.081
345.50,0.02081,2.081
345.51,0.02081,2.081
345.52,0.02081,2.081
345.53,0.02081,2.081
345.54,0.02081,2.081
345.55,0.02081,2.081
345.56,0.02081,2.081
345.57,0.02081,2.081
345.57,0.02081,2.081
345.58,0.02081,2.081
345.59,0.02081,2.081
345.60,0.02081,2.081
345.61,0.02081,2.081
345.62,0.02081,2.081
345.63,0.02081,2.081
345.64,0.02081,2.081
345.65,0.02081,2.081
345.65,0.02081,2.081
345.66,0.02081,2.081
345.67,0.02081,2.081
345.68,0.02081,2.081
345.69,0.02081,2.081
345.70,0.02081,2.081
345.71,0.02081,2.081
345.72,0.02081,2.081
345.73,0.02081,2.081
345.74,0.02081,2.081
345.74,0.02081,2.081
345.75,0.02081,2.081
345.76,0.02081,2.081
345.77,0.02081,2.081
345.78,0.02081,2.081
345.79,0.02081,2.081
345.80,0.02081,2.081
345.81,0.02081,2.081
345.82,0.02081,2.081
345.82,0.02081,2.081
345.83,0.02081,2.081
345.84,0.02081,2.081
345.85,0.02081,2.081
345.86,0.02081,2.081
345.87,0.02081,2.081
345.88,0.02081,2.081
345.89,0.02081,2.081
345.90,0.02081,2.081
345.91,0.02081,2.081
345.91,0.02081,2.081
345.92,0.02081,2.081
345.93,0.02081,2.081
345.94,0.02081,2.081
345.95,0.02081,2.081
345.96,0.02081,2.081
345.97,0.02081,2.081
345.98,0.02081,2.081
345.99,0.02081,2.081
345.99,0.02081,2.081
346.00,0.02081,2.081
346.01,0.02081,2.081
346.02,0.02081,2.081
346.03,0.02081,2.081
346.04,0.02081,2.081
346.05,0.02081,2.081
346.06,0.02081,2.081
346.07,0.02081,2.081
346.08,0.02081,2.081
346.08,0.02081,2.081
346.09,0.02081,2.081
346.10,0.02081,2.081
346.11,0.02081,2.081
346.12,0.02081,2.081
346.13,0.02081,2.081
346.14,0.02081,2.081
346.15,0.02081,2.081
346.16,0.02081,2.081
346.17,0.02081,2.081
346.17,0.02081,2.081
346.18,0.02081,2.081
346.19,0.02081,2.081
346.20,0.02081,2.081
346.21,0.02081,2.081
346.22,0.02081,2.081
346.23,0.02081,2.081
346.24,0.02081,2.081
346.25,0.02081,2.081
346.25,0.02081,2.081
346.26,0.02081,2.081
346.27,0.02081,2.081
346.28,0.02081,2.081
346.29,0.02081,2.081
346.30,0.02081,2.081
346.31,0.02081,2.081
346.32,0.02081,2.081
346.33,0.02081,2.081
346.34,0.02081,2.081
346.34,0.02081,2.081
346.35,0.02081,2.081
346.36,0.02081,2.081
346.37,0.02081,2.081
346.38,0.02081,2.081
346.39,0.02081,2.081
346.40,0.02081,2.081
346.41,0.02081,2.081
346.42,0.02081,2.081
346.43,0.02082,2.082
346.43,0.02082,2.082
346.44,0.02082,2.082
346.45,0.02082,2.082
346.46,0.02082,2.082
346.47,0.02082,2.082
346.48,0.02082,2.082
346.49,0.02082,2.082
346.50,0.02082,2.082
346.51,0.02082,2.082
346.51,0.02082,2.082
346.52,0.02082,2.082
346.53,0.02082,2.082
346.54,0.02082,2.082
346.55,0.02082,2.082
346.56,0.02082,2.082
346.57,0.02082,2.082
346.58,0.02082,2.082
346.59,0.02082,2.082
346.60,0.02082,2.082
346.60,0.02082,2.082
346.61,0.02082,2.082
346.62,0.02082,2.082
346.63,0.02082,2.082
346.64,0.02082,2.082
346.65,0.02082,2.082
346.66,0.02082,2.082
346.67,0.02082,2.082
346.68,0.02082,2.082
346.68,0.02082,2.082
346.69,0.02082,2.082
346.70,0.02082,2.082
346.71,0.02082,2.082
346.72,0.02082,2.082
346.73,0.02082,2.082
346.74,0.02082,2.082
346.75,0.02082,2.082
346.76,0.02082,2.082
346.77,0.02082,2.082
346.77,0.02082,2.082
346.78,0.02082,2.082
346.79,0.02082,2.082
346.80,0.02082,2.082
346.81,0.02082,2.082
346.82,0.02082,2.082
346.83,0.02082,2.082
346.84,0.02082,2.082
346.85,0.02082,2.082
346.86,0.02082,2.082
346.86,0.02082,2.082
346.87,0.02082,2.082
346.88,0.02082,2.082
346.89,0.02082,2.082
346.90,0.02082,2.082
346.91,0.02082,2.082
346.92,0.02082,2.082
346.93,0.02082,2.082
346.94,0.02082,2.082
346.94,0.02082,2.082
346.95,0.02082,2.082
346.96,0.02082,2.082
346.97,0.02082,2.082
346.98,0.02082,2.082
346.99,0.02082,2.082
347.00,0.02082,2.082
347.01,0.02082,2.082
347.02,0.02082,2.082
347.03,0.02082,2.082
347.03,0.02082,2.082
347.04,0.02082,2.082
347.05,0.02082,2.082
347.06,0.02082,2.082
347.07,0.02082,2.082
347.08,0.02082,2.082
347.09,0.02082,2.082
347.10,0.02082,2.082
347.11,0.02082,2.082
347.12,0.02082,2.082
347.12,0.02082,2.082
347.13,0.02082,2.082
347.14,0.02082,2.082
347.15,0.02082,2.082
347.16,0.02082,2.082
347.17,0.02082,2.082
347.18,0.02082,2.082
347.19,0.02082,2.082
347.20,0.02082,2.082
347.20,0.02082,2.082
347.21,0.02082,2.082
347.22,0.02082,2.082
347.23,0.02082,2.082
347.24,0.02082,2.082
347.25,0.02082,2.082
347.26,0.02082,2.082
347.27,0.02082,2.082
347.28,0.02082,2.082
347.29,0.02082,2.082
347.29,0.02082,2.082
347.30,0.02082,2.082
347.31,0.02082,2.082
347.32,0.02082,2.082
347.33,0.02082,2.082
347.34,0.02082,2.082
347.35,0.02082,2.082
347.36,0.02082,2.082
347.37,0.02082,2.082
347.37,0.02082,2.082
347.38,0.02082,2.082
347.39,0.02082,2.082
347.40,0.02082,2.082
347.41,0.02082,2.082
347.42,0.02082,2.082
347.43,0.02082,2.082
347.44,0.02082,2.082
347.45,0.02082,2.082
347.46,0.02082,2.082
347.46,0.02082,2.082
347.47,0.02082,2.082
347.48,0.02082,2.082
347.49,0.02082,2.082
347.50,0.02082,2.082
347.51,0.02082,2.082
347.52,0.02082,2.082
347.53,0.02082,2.082
347.54,0.02082,2.082
347.54,0.02082,2.082
347.55,0.02082,2.082
347.56,0.02082,2.082
347.57,0.02082,2.082
347.58,0.02082,2.082
347.59,0.02082,2.082
347.60,0.02082,2.082
347.61,0.02082,2.082
347.62,0.02082,2.082
347.63,0.02082,2.082
347.63,0.02082,2.082
347.64,0.02082,2.082
347.65,0.02082,2.082
347.66,0.02082,2.082
347.67,0.02082,2.082
347.68,0.02082,2.082
347.69,0.02082,2.082
347.70,0.02082,2.082
347.71,0.02082,2.082
347.72,0.02082,2.082
347.72,0.02082,2.082
347.73,0.02082,2.082
347.74,0.02082,2.082
347.75,0.02082,2.082
347.76,0.02082,2.082
347.77,0.02082,2.082
347.78,0.02082,2.082
347.79,0.02082,2.082
347.80,0.02082,2.082
347.80,0.02082,2.082
347.81,0.02082,2.082
347.82,0.02082,2.082
347.83,0.02082,2.082
347.84,0.02082,2.082
347.85,0.02082,2.082
347.86,0.02082,2.082
347.87,0.02082,2.082
347.88,0.02082,2.082
347.89,0.02082,2.082
347.89,0.02082,2.082
347.90,0.02082,2.082
347.91,0.02082,2.082
347.92,0.02082,2.082
347.93,0.02082,2.082
347.94,0.02082,2.082
347.95,0.02082,2.082
347.96,0.02082,2.082
347.97,0.02082,2.082
347.97,0.02083,2.083
347.98,0.02083,2.083
347.99,0.02083,2.083
348.00,0.02083,2.083
348.01,0.02083,2.083
348.02,0.02083,2.083
348.03,0.02083,2.083
348.04,0.02083,2.083
348.05,0.02083,2.083
348.06,0.02083,2.083
348.06,0.02083,2.083
348.07,0.02083,2.083
348.08,0.02083,2.083
348.09,0.02083,2.083
348.10,0.02083,2.083
348.11,0.02083,2.083
348.12,0.02083,2.083
348.13,0.02083,2.083
348.14,0.02083,2.083
348.14,0.02083,2.083
348.15,0.02083,2.083
348.16,0.02083,2.083
348.17,0.02083,2.083
348.18,0.02083,2.083
348.19,0.02083,2.083
348.20,0.02083,2.083
348.21,0.02083,2.083
348.22,0.02083,2.083
348.23,0.02083,2.083
348.23,0.02083,2.083
348.24,0.02083,2.083
348.25,0.02083,2.083
348.26,0.02083,2.083
348.27,0.02083,2.083
348.28,0.02083,2.083
348.29,0.02083,2.083
348.30,0.02083,2.083
348.31,0.02083,2.083
348.32,0.02083,2.083
348.32,0.02083,2.083
348.33,0.02083,2.083
348.34,0.02083,2.083
348.35,0.02083,2.083
348.36,0.02083,2.083
348.37,0.02083,2.083
348.38,0.02083,2.083
348.39,0.02083,2.083
348.40,0.02083,2.083
348.40,0.02083,2.083
348.41,0.02083,2.083
348.42,0.02083,2.083
348.43,0.02083,2.083
348.44,0.02083,2.083
348.45,0.02083,2.083
348.46,0.02083,2.083
348.47,0.02083,2.083
348.48,0.02083,2.083
348.49,0.02083,2.083
348.49,0.02083,2.083
348.50,0.02083,2.083
348.51,0.02083,2.083
348.52,0.02083,2.083
348.53,0.02083,2.083
348.54,0.02083,2.083
348.55,0.02083,2.083
348.56,0.02083,2.083
348.57,0.02083,2.083
348.58,0.02083,2.083
348.58,0.02083,2.083
348.59,0.02083,2.083
348.60,0.02083,2.083
348.61,0.02083,2.083
348.62,0.02083,2.083
348.63,0.02083,2.083
348.64,0.02083,2.083
348.65,0.02083,2.083
348.66,0.02083,2.083
348.66,0.02083,2.083
348.67,0.02083,2.083
348.68,0.02083,2.083
348.69,0.02083,2.083
348.70,0.02083,2.083
348.71,0.02083,2.083
348.72,0.02083,2.083
348.73,0.02083,2.083
348.74,0.02083,2.083
348.75,0.02083,2.083
348.75,0.02083,2.083
348.76,0.02083,2.083
348.77,0.02083,2.083
348.78,0.02083,2.083
348.79,0.02083,2.083
348.80,0.02083,2.083
348.81,0.02083,2.083
348.82,0.02083,2.083
348.83,0.02083,2.083
348.84,0.02083,2.083
348.84,0.02083,2.083
348.85,0.02083,2.083
348.86,0.02083,2.083
348.87,0.02083,2.083
348.88,0.02083,2.083
348.89,0.02083,2.083
348.90,0.02083,2.083
348.91,0.02083,2.083
348.92,0.02083,2.083
348.92,0.02083,2.083
348.93,0.02083,2.083
348.94,0.02083,2.083
348.95,0.02083,2.083
348.96,0.02083,2.083
348.97,0.02083,2.083
348.98,0.02083,2.083
348.99,0.02083,2.083
349.00,0.02083,2.083
349.01,0.02083,2.083
349.01,0.02083,2.083
349.02,0.02083,2.083
349.03,0.02083,2.083
349.04,0.02083,2.083
349.05,0.02083,2.083
349.06,0.02083,2.083
349.07,0.02083,2.083
349.08,0.02083,2.083
349.09,0.02083,2.083
349.10,0.02083,2.083
349.10,0.02083,2.083
349.11,0.02083,2.083
349.12,0.02083,2.083
349.13,0.02083,2.083
349.14,0.02083,2.083
349.15,0.02083,2.083
349.16,0.02083,2.083
349.17,0.02083,2.083
349.18,0.02083,2.083
349.18,0.02083,2.083
349.19,0.02083,2.083
349.20,0.02083,2.083
349.21,0.02083,2.083
349.22,0.02083,2.083
349.23,0.02083,2.083
349.24,0.02083,2.083
349.25,0.02083,2.083
349.26,0.02083,2.083
349.27,0.02083,2.083
349.27,0.02083,2.083
349.28,0.02083,2.083
349.29,0.02083,2.083
349.30,0.02083,2.083
349.31,0.02083,2.083
349.32,0.02083,2.083
349.33,0.02083,2.083
349.34,0.02083,2.083
349.35,0.02083,2.083
349.35,0.02083,2.083
349.36,0.02083,2.083
349.37,0.02083,2.083
349.38,0.02083,2.083
349.39,0.02083,2.083
349.40,0.02083,2.083
349.41,0.02083,2.083
349.42,0.02083,2.083
349.43,0.02083,2.083
349.44,0.02083,2.083
349.44,0.02083,2.083
349.45,0.02083,2.083
349.46,0.02083,2.083
349.47,0.02083,2.083
349.48,0.02083,2.083
349.49,0.02083,2.083
349.50,0.02083,2.083
349.51,0.02083,2.083
349.52,0.02083,2.083
349.52,0.02083,2.083
349.53,0.02083,2.083
349.54,0.02083,2.083
349.55,0.02083,2.083
349.56,0.02083,2.083
349.57,0.02083,2.083
349.58,0.02084,2.084
349.59,0.02084,2.084
349.60,0.02084,2.084
349.61,0.02084,2.084
349.61,0.02084,2.084
349.62,0.02084,2.084
349.63,0.02084,2.084
349.64,0.02084,2.084
349.65,0.02084,2.084
349.66,0.02084,2.084
349.67,0.02084,2.084
349.68,0.02084,2.084
349.69,0.02084,2.084
349.70,0.02084,2.084
349.70,0.02084,2.084
349.71,0.02084,2.084
349.72,0.02084,2.084
349.73,0.02084,2.084
349.74,0.02084,2.084
349.75,0.02084,2.084
349.76,0.02084,2.084
349.77,0.02084,2.084
349.78,0.02084,2.084
349.78,0.02084,2.084
349.79,0.02084,2.084
349.80,0.02084,2.084
349.81,0.02084,2.084
349.82,0.02084,2.084
349.83,0.02084,2.084
349.84,0.02084,2.084
349.85,0.02084,2.084
349.86,0.02084,2.084
349.87,0.02084,2.084
349.87,0.02084,2.084
349.88,0.02084,2.084
349.89,0.02084,2.084
349.90,0.02084,2.084
349.91,0.02084,2.084
349.92,0.02084,2.084
349.93,0.02084,2.084
349.94,0.02084,2.084
349.95,0.02084,2.084
349.95,0.02084,2.084
349.96,0.02084,2.084
349.97,0.02084,2.084
349.98,0.02084,2.084
349.99,0.02084,2.084
350.00,0.02084,2.084
350.01,0.02084,2.084
350.02,0.02084,2.084
350.03,0.02084,2.084
350.04,0.02084,2.084
350.04,0.02084,2.084
350.05,0.02084,2.084
350.06,0.02084,2.084
350.07,0.02084,2.084
350.08,0.02084,2.084
350.09,0.02084,2.084
350.10,0.02084,2.084
350.11,0.02084,2.084
350.12,0.02084,2.084
350.13,0.02084,2.084
350.13,0.02084,2.084
350.14,0.02084,2.084
350.15,0.02084,2.084
350.16,0.02084,2.084
350.17,0.02084,2.084
350.18,0.02084,2.084
350.19,0.02084,2.084
350.20,0.02084,2.084
350.21,0.02084,2.084
350.21,0.02084,2.084
350.22,0.02084,2.084
350.23,0.02084,2.084
350.24,0.02084,2.084
350.25,0.02084,2.084
350.26,0.02084,2.084
350.27,0.02084,2.084
350.28,0.02084,2.084
350.29,0.02084,2.084
350.30,0.02084,2.084
350.30,0.02084,2.084
350.31,0.02084,2.084
350.32,0.02084,2.084
350.33,0.02084,2.084
350.34,0.02084,2.084
350.35,0.02084,2.084
350.36,0.02084,2.084
350.37,0.02084,2.084
350.38,0.02084,2.084
350.39,0.02084,2.084
350.39,0.02084,2.084
350.40,0.02084,2.084
350.41,0.02084,2.084
350.42,0.02084,2.084
350.43,0.02084,2.084
350.44,0.02084,2.084
350.45,0.02084,2.084
350.46,0.02084,2.084
350.47,0.02084,2.084
350.47,0.02084,2.084
350.48,0.02084,2.084
350.49,0.02084,2.084
350.50,0.02084,2.084
350.51,0.02084,2.084
350.52,0.02084,2.084
350.53,0.02084,2.084
350.54,0.02084,2.084
350.55,0.02084,2.084
350.56,0.02084,2.084
350.56,0.02084,2.084
350.57,0.02084,2.084
350.58,0.02084,2.084
350.59,0.02084,2.084
350.60,0.02084,2.084
350.61,0.02084,2.084
350.62,0.02084,2.084
350.63,0.02084,2.084
350.64,0.02084,2.084
350.65,0.02084,2.084
350.65,0.02084,2.084
350.66,0.02084,2.084
350.67,0.02084,2.084
350.68,0.02084,2.084
350.69,0.02084,2.084
350.70,0.02084,2.084
350.71,0.02084,2.084
350.72,0.02084,2.084
350.73,0.02084,2.084
350.73,0.02084,2.084
350.74,0.02084,2.084
350.75,0.02084,2.084
350.76,0.02084,2.084
350.77,0.02084,2.084
350.78,0.02084,2.084
350.79,0.02084,2.084
350.80,0.02084,2.084
350.81,0.02084,2.084
350.82,0.02084,2.084
350.82,0.02084,2.084
350.83,0.02084,2.084
350.84,0.02084,2.084
350.85,0.02084,2.084
350.86,0.02084,2.084
350.87,0.02084,2.084
350.88,0.02084,2.084
350.89,0.02084,2.084
350.90,0.02084,2.084
350.91,0.02084,2.084
350.91,0.02084,2.084
350.92,0.02084,2.084
350.93,0.02084,2.084
350.94,0.02084,2.084
350.95,0.02084,2.084
350.96,0.02084,2.084
350.97,0.02084,2.084
350.98,0.02084,2.084
350.99,0.02084,2.084
350.99,0.02084,2.084
351.00,0.02084,2.084
351.01,0.02084,2.084
351.02,0.02084,2.084
351.03,0.02084,2.084
351.04,0.02084,2.084
351.05,0.02084,2.084
351.06,0.02084,2.084
351.07,0.02084,2.084
351.08,0.02084,2.084
351.08,0.02084,2.084
351.09,0.02084,2.084
351.10,0.02084,2.084
351.11,0.02084,2.084
351.12,0.02084,2.084
351.13,0.02084,2.084
351.14,0.02084,2.084
351.15,0.02084,2.084
351.16,0.02084,2.084
351.16,0.02084,2.084
351.17,0.02084,2.084
351.18,0.02084,2.084
351.19,0.02084,2.084
351.20,0.02084,2.084
351.21,0.02084,2.084
351.22,0.02085,2.085
351.23,0.02085,2.085
351.24,0.02085,2.085
351.25,0.02085,2.085
351.25,0.02085,2.085
351.26,0.02085,2.085
351.27,0.02085,2.085
351.28,0.02085,2.085
351.29,0.02085,2.085
351.30,0.02085,2.085
351.31,0.02085,2.085
351.32,0.02085,2.085
351.33,0.02085,2.085
351.33,0.02085,2.085
351.34,0.02085,2.085
351.35,0.02085,2.085
351.36,0.02085,2.085
351.37,0.02085,2.085
351.38,0.02085,2.085
351.39,0.02085,2.085
351.40,0.02085,2.085
351.41,0.02085,2.085
351.42,0.02085,2.085
351.42,0.02085,2.085
351.43,0.02085,2.085
351.44,0.02085,2.085
351.45,0.02085,2.085
351.46,0.02085,2.085
351.47,0.02085,2.085
351.48,0.02085,2.085
351.49,0.02085,2.085
351.50,0.02085,2.085
351.51,0.02085,2.085
351.51,0.02085,2.085
351.52,0.02085,2.085
351.53,0.02085,2.085
351.54,0.02085,2.085
351.55,0.02085,2.085
351.56,0.02085,2.085
351.57,0.02085,2.085
351.58,0.02085,2.085
351.59,0.02085,2.085
351.59,0.02085,2.085
351.60,0.02085,2.085
351.61,0.02085,2.085
351.62,0.02085,2.085
351.63,0.02085,2.085
351.64,0.02085,2.085
351.65,0.02085,2.085
351.66,0.02085,2.085
351.67,0.02085,2.085
351.68,0.02085,2.085
351.68,0.02085,2.085
351.69,0.02085,2.085
351.70,0.02085,2.085
351.71,0.02085,2.085
351.72,0.02085,2.085
351.73,0.02085,2.085
351.74,0.02085,2.085
351.75,0.02085,2.085
351.76,0.02085,2.085
351.76,0.02085,2.085
351.77,0.02085,2.085
351.78,0.02085,2.085
351.79,0.02085,2.085
351.80,0.02085,2.085
351.81,0.02085,2.085
351.82,0.02085,2.085
351.83,0.02085,2.085
351.84,0.02085,2.085
351.85,0.02085,2.085
351.85,0.02085,2.085
351.86,0.02085,2.085
351.87,0.02085,2.085
351.88,0.02085,2.085
351.89,0.02085,2.085
351.90,0.02085,2.085
351.91,0.02085,2.085
351.92,0.02085,2.085
351.93,0.02085,2.085
351.94,0.02085,2.085
351.94,0.02085,2.085
351.95,0.02085,2.085
351.96,0.02085,2.085
351.97,0.02085,2.085
351.98,0.02085,2.085
351.99,0.02085,2.085
352.00,0.02085,2.085
352.01,0.02085,2.085
352.02,0.02085,2.085
352.02,0.02085,2.085
352.03,0.02085,2.085
352.04,0.02085,2.085
352.05,0.02085,2.085
352.06,0.02085,2.085
352.07,0.02085,2.085
352.08,0.02085,2.085
352.09,0.02085,2.085
352.10,0.02085,2.085
352.11,0.02085,2.085
352.11,0.02085,2.085
352.12,0.02085,2.085
352.13,0.02085,2.085
352.14,0.02085,2.085
352.15,0.02085,2.085
352.16,0.02085,2.085
352.17,0.02085,2.085
352.18,0.02085,2.085
352.19,0.02085,2.085
352.20,0.02085,2.085
352.20,0.02085,2.085
352.21,0.02085,2.085
352.22,0.02085,2.085
352.23,0.02085,2.085
352.24,0.02085,2.085
352.25,0.02085,2.085
352.26,0.02085,2.085
352.27,0.02085,2.085
352.28,0.02085,2.085
352.28,0.02085,2.085
352.29,0.02085,2.085
352.30,0.02085,2.085
352.31,0.02085,2.085
352.32,0.02085,2.085
352.33,0.02085,2.085
352.34,0.02085,2.085
352.35,0.02085,2.085
352.36,0.02085,2.085
352.37,0.02085,2.085
352.37,0.02085,2.085
352.38,0.02085,2.085
352.39,0.02085,2.085
352.40,0.02085,2.085
352.41,0.02085,2.085
352.42,0.02085,2.085
352.43,0.02085,2.085
352.44,0.02085,2.085
352.45,0.02085,2.085
352.46,0.02085,2.085
352.46,0.02085,2.085
352.47,0.02085,2.085
352.48,0.02085,2.085
352.49,0.02085,2.085
352.50,0.02085,2.085
352.51,0.02085,2.085
352.52,0.02085,2.085
352.53,0.02085,2.085
352.54,0.02085,2.085
352.54,0.02085,2.085
352.55,0.02085,2.085
352.56,0.02085,2.085
352.57,0.02085,2.085
352.58,0.02085,2.085
352.59,0.02085,2.085
352.60,0.02085,2.085
352.61,0.02085,2.085
352.62,0.02085,2.085
352.63,0.02085,2.085
352.63,0.02085,2.085
352.64,0.02085,2.085
352.65,0.02085,2.085
352.66,0.02085,2.085
352.67,0.02085,2.085
352.68,0.02085,2.085
352.69,0.02085,2.085
352.70,0.02085,2.085
352.71,0.02085,2.085
352.71,0.02085,2.085
352.72,0.02085,2.085
352.73,0.02085,2.085
352.74,0.02085,2.085
352.75,0.02085,2.085
352.76,0.02085,2.085
352.77,0.02085,2.085
352.78,0.02085,2.085
352.79,0.02085,2.085
352.80,0.02085,2.085
352.80,0.02085,2.085
352.81,0.02085,2.085
352.82,0.02085,2.085
352.83,0.02085,2.085
352.84,0.02085,2.085
352.85,0.02085,2.085
352.86,0.02085,2.085
352.87,0.02085,2.085
352.88,0.02085,2.085
352.89,0.02085,2.085
352.89,0.02085,2.085
352.90,0.02085,2.085
352.91,0.02085,2.085
352.92,0.02085,2.085
352.93,0.02085,2.085
352.94,0.02085,2.085
352.95,0.02085,2.085
352.96,0.02085,2.085
352.97,0.02085,2.085
352.97,0.02085,2.085
352.98,0.02085,2.085
352.99,0.02085,2.085
353.00,0.02085,2.085
353.01,0.02086,2.086
353.02,0.02086,2.086
353.03,0.02086,2.086
353.04,0.02086,2.086
353.05,0.02086,2.086
353.06,0.02086,2.086
353.06,0.02086,2.086
353.07,0.02086,2.086
353.08,0.02086,2.086
353.09,0.02086,2.086
353.10,0.02086,2.086
353.11,0.02086,2.086
353.12,0.02086,2.086
353.13,0.02086,2.086
353.14,0.02086,2.086
353.14,0.02086,2.086
353.15,0.02086,2.086
353.16,0.02086,2.086
353.17,0.02086,2.086
353.18,0.02086,2.086
353.19,0.02086,2.086
353.20,0.02086,2.086
353.21,0.02086,2.086
353.22,0.02086,2.086
353.23,0.02086,2.086
353.23,0.02086,2.086
353.24,0.02086,2.086
353.25,0.02086,2.086
353.26,0.02086,2.086
353.27,0.02086,2.086
353.28,0.02086,2.086
353.29,0.02086,2.086
353.30,0.02086,2.086
353.31,0.02086,2.086
353.32,0.02086,2.086
353.32,0.02086,2.086
353.33,0.02086,2.086
353.34,0.02086,2.086
353.35,0.02086,2.086
353.36,0.02086,2.086
353.37,0.02086,2.086
353.38,0.02086,2.086
353.39,0.02086,2.086
353.40,0.02086,2.086
353.40,0.02086,2.086
353.41,0.02086,2.086
353.42,0.02086,2.086
353.43,0.02086,2.086
353.44,0.02086,2.086
353.45,0.02086,2.086
353.46,0.02086,2.086
353.47,0.02086,2.086
353.48,0.02086,2.086
353.49,0.02086,2.086
353.49,0.02086,2.086
353.50,0.02086,2.086
353.51,0.02086,2.086
353.52,0.02086,2.086
353.53,0.02086,2.086
353.54,0.02086,2.086
353.55,0.02086,2.086
353.56,0.02086,2.086
353.57,0.02086,2.086
353.58,0.02086,2.086
353.58,0.02086,2.086
353.59,0.02086,2.086
353.60,0.02086,2.086
353.61,0.02086,2.086
353.62,0.02086,2.086
353.63,0.02086,2.086
353.64,0.02086,2.086
353.65,0.02086,2.086
353.66,0.02086,2.086
353.66,0.02086,2.086
353.67,0.02086,2.086
353.68,0.02086,2.086
353.69,0.02086,2.086
353.70,0.02086,2.086
353.71,0.02086,2.086
353.72,0.02086,2.086
353.73,0.02086,2.086
353.74,0.02086,2.086
353.75,0.02086,2.086
353.75,0.02086,2.086
353.76,0.02086,2.086
353.77,0.02086,2.086
353.78,0.02086,2.086
353.79,0.02086,2.086
353.80,0.02086,2.086
353.81,0.02086,2.086
353.82,0.02086,2.086
353.83,0.02086,2.086
353.84,0.02086,2.086
353.84,0.02086,2.086
353.85,0.02086,2.086
353.86,0.02086,2.086
353.87,0.02086,2.086
353.88,0.02086,2.086
353.89,0.02086,2.086
353.90,0.02086,2.086
353.91,0.02086,2.086
353.92,0.02086,2.086
353.92,0.02086,2.086
353.93,0.02086,2.086
353.94,0.02086,2.086
353.95,0.02086,2.086
353.96,0.02086,2.086
353.97,0.02086,2.086
353.98,0.02086,2.086
353.99,0.02086,2.086
354.00,0.02086,2.086
354.01,0.02086,2.086
354.01,0.02086,2.086
354.02,0.02086,2.086
354.03,0.02086,2.086
354.04,0.02086,2.086
354.05,0.02086,2.086
354.06,0.02086,2.086
354.07,0.02086,2.086
354.08,0.02086,2.086
354.09,0.02086,2.086
354.09,0.02086,2.086
354.10,0.02086,2.086
354.11,0.02086,2.086
354.12,0.02086,2.086
354.13,0.02086,2.086
354.14,0.02086,2.086
354.15,0.02086,2.086
354.16,0.02086,2.086
354.17,0.02086,2.086
354.18,0.02086,2.086
354.18,0.02086,2.086
354.19,0.02086,2.086
354.20,0.02086,2.086
354.21,0.02086,2.086
354.22,0.02086,2.086
354.23,0.02086,2.086
354.24,0.02086,2.086
354.25,0.02086,2.086
354.26,0.02086,2.086
354.27,0.02086,2.086
354.27,0.02086,2.086
354.28,0.02086,2.086
354.29,0.02086,2.086
354.30,0.02086,2.086
354.31,0.02086,2.086
354.32,0.02086,2.086
354.33,0.02086,2.086
354.34,0.02086,2.086
354.35,0.02086,2.086
354.35,0.02086,2.086
354.36,0.02086,2.086
354.37,0.02086,2.086
354.38,0.02086,2.086
354.39,0.02086,2.086
354.40,0.02086,2.086
354.41,0.02086,2.086
354.42,0.02086,2.086
354.43,0.02086,2.086
354.44,0.02086,2.086
354.44,0.02086,2.086
354.45,0.02086,2.086
354.46,0.02086,2.086
354.47,0.02086,2.086
354.48,0.02086,2.086
354.49,0.02086,2.086
354.50,0.02086,2.086
354.51,0.02086,2.086
354.52,0.02086,2.086
354.53,0.02086,2.086
354.53,0.02086,2.086
354.54,0.02086,2.086
354.55,0.02086,2.086
354.56,0.02086,2.086
354.57,0.02086,2.086
354.58,0.02086,2.086
354.59,0.02086,2.086
354.60,0.02086,2.086
354.61,0.02086,2.086
354.61,0.02086,2.086
354.62,0.02086,2.086
354.63,0.02086,2.086
354.64,0.02086,2.086
354.65,0.02086,2.086
354.66,0.02086,2.086
354.67,0.02086,2.086
354.68,0.02086,2.086
354.69,0.02086,2.086
354.70,0.02086,2.086
354.70,0.02086,2.086
354.71,0.02086,2.086
354.72,0.02086,2.086
354.73,0.02086,2.086
354.74,0.02086,2.086
354.75,0.02086,2.086
354.76,0.02086,2.086
354.77,0.02086,2.086
354.78,0.02086,2.086
354.78,0.02086,2.086
354.79,0.02086,2.086
354.80,0.02086,2.086
354.81,0.02086,2.086
354.82,0.02086,2.086
354.83,0.02086,2.086
354.84,0.02086,2.086
354.85,0.02086,2.086
354.86,0.02086,2.086
354.87,0.02086,2.086
354.87,0.02086,2.086
354.88,0.02087,2.087
354.89,0.02087,2.087
354.90,0.02087,2.087
354.91,0.02087,2.087
354.92,0.02087,2.087
354.93,0.02087,2.087
354.94,0.02087,2.087
354.95,0.02087,2.087
354.96,0.02087,2.087
354.96,0.02087,2.087
354.97,0.02087,2.087
354.98,0.02087,2.087
354.99,0.02087,2.087
355.00,0.02087,2.087
355.01,0.02087,2.087
355.02,0.02087,2.087
355.03,0.02087,2.087
355.04,0.02087,2.087
355.04,0.02087,2.087
355.05,0.02087,2.087
355.06,0.02087,2.087
355.07,0.02087,2.087
355.08,0.02087,2.087
355.09,0.02087,2.087
355.10,0.02087,2.087
355.11,0.02087,2.087
355.12,0.02087,2.087
355.13,0.02087,2.087
355.13,0.02087,2.087
355.14,0.02087,2.087
355.15,0.02087,2.087
355.16,0.02087,2.087
355.17,0.02087,2.087
355.18,0.02087,2.087
355.19,0.02087,2.087
355.20,0.02087,2.087
355.21,0.02087,2.087
355.22,0.02087,2.087
355.22,0.02087,2.087
355.23,0.02087,2.087
355.24,0.02087,2.087
355.25,0.02087,2.087
355.26,0.02087,2.087
355.27,0.02087,2.087
355.28,0.02087,2.087
355.29,0.02087,2.087
355.30,0.02087,2.087
355.30,0.02087,2.087
355.31,0.02087,2.087
355.32,0.02087,2.087
355.33,0.02087,2.087
355.34,0.02087,2.087
355.35,0.02087,2.087
355.36,0.02087,2.087
355.37,0.02087,2.087
355.38,0.02087,2.087
355.39,0.02087,2.087
355.39,0.02087,2.087
355.40,0.02087,2.087
355.41,0.02087,2.087
355.42,0.02087,2.087
355.43,0.02087,2.087
355.44,0.02087,2.087
355.45,0.02087,2.087
355.46,0.02087,2.087
355.47,0.02087,2.087
355.48,0.02087,2.087
355.48,0.02087,2.087
355.49,0.02087,2.087
355.50,0.02087,2.087
355.51,0.02087,2.087
355.52,0.02087,2.087
355.53,0.02087,2.087
355.54,0.02087,2.087
355.55,0.02087,2.087
355.56,0.02087,2.087
355.56,0.02087,2.087
355.57,0.02087,2.087
355.58,0.02087,2.087
355.59,0.02087,2.087
355.60,0.02087,2.087
355.61,0.02087,2.087
355.62,0.02087,2.087
355.63,0.02087,2.087
355.64,0.02087,2.087
355.65,0.02087,2.087
355.65,0.02087,2.087
355.66,0.02087,2.087
355.67,0.02087,2.087
355.68,0.02087,2.087
355.69,0.02087,2.087
355.70,0.02087,2.087
355.71,0.02087,2.087
355.72,0.02087,2.087
355.73,0.02087,2.087
355.74,0.02087,2.087
355.74,0.02087,2.087
355.75,0.02087,2.087
355.76,0.02087,2.087
355.77,0.02087,2.087
355.78,0.02087,2.087
355.79,0.02087,2.087
355.80,0.02087,2.087
355.81,0.02087,2.087
355.82,0.02087,2.087
355.82,0.02087,2.087
355.83,0.02087,2.087
355.84,0.02087,2.087
355.85,0.02087,2.087
355.86,0.02087,2.087
355.87,0.02087,2.087
355.88,0.02087,2.087
355.89,0.02087,2.087
355.90,0.02087,2.087
355.91,0.02087,2.087
355.91,0.02087,2.087
355.92,0.02087,2.087
355.93,0.02087,2.087
355.94,0.02087,2.087
355.95,0.02087,2.087
355.96,0.02087,2.087
355.97,0.02087,2.087
355.98,0.02087,2.087
355.99,0.02087,2.087
355.99,0.02087,2.087
356.00,0.02087,2.087
356.01,0.02087,2.087
356.02,0.02087,2.087
356.03,0.02087,2.087
356.04,0.02087,2.087
356.05,0.02087,2.087
356.06,0.02087,2.087
356.07,0.02087,2.087
356.08,0.02087,2.087
356.08,0.02087,2.087
356.09,0.02087,2.087
356.10,0.02087,2.087
356.11,0.02087,2.087
356.12,0.02087,2.087
356.13,0.02087,2.087
356.14,0.02087,2.087
356.15,0.02087,2.087
356.16,0.02087,2.087
356.16,0.02087,2.087
356.17,0.02087,2.087
356.18,0.02087,2.087
356.19,0.02087,2.087
356.20,0.02087,2.087
356.21,0.02087,2.087
356.22,0.02087,2.087
356.23,0.02087,2.087
356.24,0.02087,2.087
356.25,0.02087,2.087
356.25,0.02087,2.087
356.26,0.02087,2.087
356.27,0.02087,2.087
356.28,0.02087,2.087
356.29,0.02087,2.087
356.30,0.02087,2.087
356.31,0.02087,2.087
356.32,0.02087,2.087
356.33,0.02087,2.087
356.34,0.02087,2.087
356.34,0.02087,2.087
356.35,0.02087,2.087
356.36,0.02087,2.087
356.37,0.02087,2.087
356.38,0.02087,2.087
356.39,0.02087,2.087
356.40,0.02087,2.087
356.41,0.02087,2.087
356.42,0.02087,2.087
356.42,0.02087,2.087
356.43,0.02087,2.087
356.44,0.02087,2.087
356.45,0.02087,2.087
356.46,0.02087,2.087
356.47,0.02087,2.087
356.48,0.02087,2.087
356.49,0.02087,2.087
356.50,0.02087,2.087
356.51,0.02087,2.087
356.51,0.02087,2.087
356.52,0.02087,2.087
356.53,0.02087,2.087
356.54,0.02087,2.087
356.55,0.02087,2.087
356.56,0.02087,2.087
356.57,0.02087,2.087
356.58,0.02087,2.087
356.59,0.02087,2.087
356.60,0.02087,2.087
356.60,0.02087,2.087
356.61,0.02087,2.087
356.62,0.02087,2.087
356.63,0.02087,2.087
356.64,0.02087,2.087
356.65,0.02087,2.087
356.66,0.02087,2.087
356.67,0.02087,2.087
356.68,0.02087,2.087
356.68,0.02087,2.087
356.69,0.02087,2.087
356.70,0.02087,2.087
356.71,0.02087,2.087
356.72,0.02087,2.087
356.73,0.02087,2.087
356.74,0.02087,2.087
356.75,0.02087,2.087
356.76,0.02087,2.087
356.77,0.02087,2.087
356.77,0.02087,2.087
356.78,0.02088,2.088
356.79,0.02088,2.088
356.80,0.02088,2.088
356.81,0.02088,2.088
356.82,0.02088,2.088
356.83,0.02088,2.088
356.84,0.02088,2.088
356.85,0.02088,2.088
356.86,0.02088,2.088
356.86,0.02088,2.088
356.87,0.02088,2.088
356.88,0.02088,2.088
356.89,0.02088,2.088
356.90,0.02088,2.088
356.91,0.02088,2.088
356.92,0.02088,2.088
356.93,0.02088,2.088
356.94,0.02088,2.088
356.94,0.02088,2.088
356.95,0.02088,2.088
356.96,0.02088,2.088
356.97,0.02088,2.088
356.98,0.02088,2.088
356.99,0.02088,2.088
357.00,0.02088,2.088
357.01,0.02088,2.088
357.02,0.02088,2.088
357.03,0.02088,2.088
357.03,0.02088,2.088
357.04,0.02088,2.088
357.05,0.02088,2.088
357.06,0.02088,2.088
357.07,0.02088,2.088
357.08,0.02088,2.088
357.09,0.02088,2.088
357.10,0.02088,2.088
357.11,0.02088,2.088
357.12,0.02088,2.088
357.12,0.02088,2.088
357.13,0.02088,2.088
357.14,0.02088,2.088
357.15,0.02088,2.088
357.16,0.02088,2.088
357.17,0.02088,2.088
357.18,0.02088,2.088
357.19,0.02088,2.088
357.20,0.02088,2.088
357.20,0.02088,2.088
357.21,0.02088,2.088
357.22,0.02088,2.088
357.23,0.02088,2.088
357.24,0.02088,2.088
357.25,0.02088,2.088
357.26,0.02088,2.088
357.27,0.02088,2.088
357.28,0.02088,2.088
357.29,0.02088,2.088
357.29,0.02088,2.088
357.30,0.02088,2.088
357.31,0.02088,2.088
357.32,0.02088,2.088
357.33,0.02088,2.088
357.34,0.02088,2.088
357.35,0.02088,2.088
357.36,0.02088,2.088
357.37,0.02088,2.088
357.38,0.02088,2.088
357.38,0.02088,2.088
357.39,0.02088,2.088
357.40,0.02088,2.088
357.41,0.02088,2.088
357.42,0.02088,2.088
357.43,0.02088,2.088
357.44,0.02088,2.088
357.45,0.02088,2.088
357.46,0.02088,2.088
357.46,0.02088,2.088
357.47,0.02088,2.088
357.48,0.02088,2.088
357.49,0.02088,2.088
357.50,0.02088,2.088
357.51,0.02088,2.088
357.52,0.02088,2.088
357.53,0.02088,2.088
357.54,0.02088,2.088
357.55,0.02088,2.088
357.55,0.02088,2.088
357.56,0.02088,2.088
357.57,0.02088,2.088
357.58,0.02088,2.088
357.59,0.02088,2.088
357.60,0.02088,2.088
357.61,0.02088,2.088
357.62,0.02088,2.088
357.63,0.02088,2.088
357.63,0.02088,2.088
357.64,0.02088,2.088
357.65,0.02088,2.088
357.66,0.02088,2.088
357.67,0.02088,2.088
357.68,0.02088,2.088
357.69,0.02088,2.088
357.70,0.02088,2.088
357.71,0.02088,2.088
357.72,0.02088,2.088
357.72,0.02088,2.088
357.73,0.02088,2.088
357.74,0.02088,2.088
357.75,0.02088,2.088
357.76,0.02088,2.088
357.77,0.02088,2.088
357.78,0.02088,2.088
357.79,0.02088,2.088
357.80,0.02088,2.088
357.81,0.02088,2.088
357.81,0.02088,2.088
357.82,0.02088,2.088
357.83,0.02088,2.088
357.84,0.02088,2.088
357.85,0.02088,2.088
357.86,0.02088,2.088
357.87,0.02088,2.088
357.88,0.02088,2.088
357.89,0.02088,2.088
357.89,0.02088,2.088
357.90,0.02088,2.088
357.91,0.02088,2.088
357.92,0.02088,2.088
357.93,0.02088,2.088
357.94,0.02088,2.088
357.95,0.02088,2.088
357.96,0.02088,2.088
357.97,0.02088,2.088
357.98,0.02088,2.088
357.98,0.02088,2.088
357.99,0.02088,2.088
358.00,0.02088,2.088
358.01,0.02088,2.088
358.02,0.02088,2.088
358.03,0.02088,2.088
358.04,0.02088,2.088
358.05,0.02088,2.088
358.06,0.02088,2.088
358.06,0.02088,2.088
358.07,0.02088,2.088
358.08,0.02088,2.088
358.09,0.02088,2.088
358.10,0.02088,2.088
358.11,0.02088,2.088
358.12,0.02088,2.088
358.13,0.02088,2.088
358.14,0.02088,2.088
358.15,0.02088,2.088
358.15,0.02088,2.088
358.16,0.02088,2.088
358.17,0.02088,2.088
358.18,0.02088,2.088
358.19,0.02088,2.088
358.20,0.02088,2.088
358.21,0.02088,2.088
358.22,0.02088,2.088
358.23,0.02088,2.088
358.24,0.02088,2.088
358.24,0.02088,2.088
358.25,0.02088,2.088
358.26,0.02088,2.088
358.27,0.02088,2.088
358.28,0.02088,2.088
358.29,0.02088,2.088
358.30,0.02088,2.088
358.31,0.02088,2.088
358.32,0.02088,2.088
358.32,0.02088,2.088
358.33,0.02088,2.088
358.34,0.02088,2.088
358.35,0.02088,2.088
358.36,0.02088,2.088
358.37,0.02088,2.088
358.38,0.02088,2.088
358.39,0.02088,2.088
358.40,0.02088,2.088
358.41,0.02088,2.088
358.41,0.02088,2.088
358.42,0.02088,2.088
358.43,0.02088,2.088
358.44,0.02088,2.088
358.45,0.02088,2.088
358.46,0.02088,2.088
358.47,0.02088,2.088
358.48,0.02088,2.088
358.49,0.02088,2.088
358.50,0.02088,2.088
358.50,0.02088,2.088
358.51,0.02088,2.088
358.52,0.02088,2.088
358.53,0.02088,2.088
358.54,0.02088,2.088
358.55,0.02088,2.088
358.56,0.02088,2.088
358.57,0.02088,2.088
358.58,0.02088,2.088
358.58,0.02088,2.088
358.59,0.02088,2.088
358.60,0.02088,2.088
358.61,0.02088,2.088
358.62,0.02088,2.088
358.63,0.02088,2.088
358.64,0.02088,2.088
358.65,0.02088,2.088
358.66,0.02088,2.088
358.67,0.02088,2.088
358.67,0.02088,2.088
358.68,0.02088,2.088
358.69,0.02088,2.088
358.70,0.02088,2.088
358.71,0.02088,2.088
358.72,0.02088,2.088
358.73,0.02088,2.088
358.74,0.02088,2.088
358.75,0.02088,2.088
358.76,0.02088,2.088
358.76,0.02088,2.088
358.77,0.02089,2.089
358.78,0.02089,2.089
358.79,0.02089,2.089
358.80,0.02089,2.089
358.81,0.02089,2.089
358.82,0.02089,2.089
358.83,0.02089,2.089
358.84,0.02089,2.089
358.84,0.02089,2.089
358.85,0.02089,2.089
358.86,0.02089,2.089
358.87,0.02089,2.089
358.88,0.02089,2.089
358.89,0.02089,2.089
358.90,0.02089,2.089
358.91,0.02089,2.089
358.92,0.02089,2.089
358.93,0.02089,2.089
358.93,0.02089,2.089
358.94,0.02089,2.089
358.95,0.02089,2.089
358.96,0.02089,2.089
358.97,0.02089,2.089
358.98,0.02089,2.089
358.99,0.02089,2.089
359.00,0.02089,2.089
359.01,0.02089,2.089
359.02,0.02089,2.089
359.02,0.02089,2.089
359.03,0.02089,2.089
359.04,0.02089,2.089
359.05,0.02089,2.089
359.06,0.02089,2.089
359.07,0.02089,2.089
359.08,0.02089,2.089
359.09,0.02089,2.089
359.10,0.02089,2.089
359.11,0.02089,2.089
359.11,0.02089,2.089
359.12,0.02089,2.089
359.13,0.02089,2.089
359.14,0.02089,2.089
359.15,0.02089,2.089
359.16,0.02089,2.089
359.17,0.02089,2.089
359.18,0.02089,2.089
359.19,0.02089,2.089
359.19,0.02089,2.089
359.20,0.02089,2.089
359.21,0.02089,2.089
359.22,0.02089,2.089
359.23,0.02089,2.089
359.24,0.02089,2.089
359.25,0.02089,2.089
359.26,0.02089,2.089
359.27,0.02089,2.089
359.28,0.02089,2.089
359.28,0.02089,2.089
359.29,0.02089,2.089
359.30,0.02089,2.089
359.31,0.02089,2.089
359.32,0.02089,2.089
359.33,0.02089,2.089
359.34,0.02089,2.089
359.35,0.02089,2.089
359.36,0.02089,2.089
359.36,0.02089,2.089
359.37,0.02089,2.089
359.38,0.02089,2.089
359.39,0.02089,2.089
359.40,0.02089,2.089
359.41,0.02089,2.089
359.42,0.02089,2.089
359.43,0.02089,2.089
359.44,0.02089,2.089
359.45,0.02089,2.089
359.45,0.02089,2.089
359.46,0.02089,2.089
359.47,0.02089,2.089
359.48,0.02089,2.089
359.49,0.02089,2.089
359.50,0.02089,2.089
359.51,0.02089,2.089
359.52,0.02089,2.089
359.53,0.02089,2.089
359.54,0.02089,2.089
359.54,0.02089,2.089
359.55,0.02089,2.089
359.56,0.02089,2.089
359.57,0.02089,2.089
359.58,0.02089,2.089
359.59,0.02089,2.089
359.60,0.02089,2.089
359.61,0.02089,2.089
359.62,0.02089,2.089
359.62,0.02089,2.089
359.63,0.02089,2.089
359.64,0.02089,2.089
359.65,0.02089,2.089
359.66,0.02089,2.089
359.67,0.02089,2.089
359.68,0.02089,2.089
359.69,0.02089,2.089
359.70,0.02089,2.089
359.71,0.02089,2.089
359.71,0.02089,2.089
359.72,0.02089,2.089
359.73,0.02089,2.089
359.74,0.02089,2.089
359.75,0.02089,2.089
359.76,0.02089,2.089
359.77,0.02089,2.089
359.78,0.02089,2.089
359.79,0.02089,2.089
359.79,0.02089,2.089
359.80,0.02089,2.089
359.81,0.02089,2.089
359.82,0.02089,2.089
359.83,0.02089,2.089
359.84,0.02089,2.089
359.85,0.02089,2.089
359.86,0.02089,2.089
359.87,0.02089,2.089
359.88,0.02089,2.089
359.88,0.02089,2.089
359.89,0.02089,2.089
359.90,0.02089,2.089
359.91,0.02089,2.089
359.92,0.02089,2.089
359.93,0.02089,2.089
359.94,0.02089,2.089
359.95,0.02089,2.089
359.96,0.02089,2.089
359.97,0.02089,2.089
359.97,0.02089,2.089
359.98,0.02089,2.089
359.99,0.02089,2.089
360.00,0.02089,2.089
360.01,0.02089,2.089
360.02,0.02089,2.089
360.03,0.02089,2.089
360.04,0.02089,2.089
360.05,0.02089,2.089
360.05,0.02089,2.089
360.06,0.02089,2.089
360.07,0.02089,2.089
360.08,0.02089,2.089
360.09,0.02089,2.089
360.10,0.02089,2.089
360.11,0.02089,2.089
360.12,0.02089,2.089
360.13,0.02089,2.089
360.14,0.02089,2.089
360.14,0.02089,2.089
360.15,0.02089,2.089
360.16,0.02089,2.089
360.17,0.02089,2.089
360.18,0.02089,2.089
360.19,0.02089,2.089
360.20,0.02089,2.089
360.21,0.02089,2.089
360.22,0.02089,2.089
360.23,0.02089,2.089
360.23,0.02089,2.089
360.24,0.02089,2.089
360.25,0.02089,2.089
360.26,0.02089,2.089
360.27,0.02089,2.089
360.28,0.02089,2.089
360.29,0.02089,2.089
360.30,0.02089,2.089
360.31,0.02089,2.089
360.31,0.02089,2.089
360.32,0.02089,2.089
360.33,0.02089,2.089
360.34,0.02089,2.089
360.35,0.02089,2.089
360.36,0.02089,2.089
360.37,0.02089,2.089
360.38,0.02089,2.089
360.39,0.02089,2.089
360.40,0.02089,2.089
360.40,0.02089,2.089
360.41,0.02089,2.089
360.42,0.02089,2.089
360.43,0.02089,2.089
360.44,0.02089,2.089
360.45,0.02089,2.089
360.46,0.02089,2.089
360.47,0.02089,2.089
360.48,0.02089,2.089
360.49,0.02089,2.089
360.49,0.02089,2.089
360.50,0.02089,2.089
360.51,0.02089,2.089
360.52,0.02089,2.089
360.53,0.02089,2.089
360.54,0.02089,2.089
360.55,0.02089,2.089
360.56,0.02089,2.089
360.57,0.02089,2.089
360.57,0.02089,2.089
360.58,0.02089,2.089
360.59,0.02089,2.089
360.60,0.02089,2.089
360.61,0.02089,2.089
360.62,0.02089,2.089
360.63,0.02089,2.089
360.64,0.02089,2.089
360.65,0.02089,2.089
360.66,0.02089,2.089
360.66,0.02089,2.089
360.67,0.02089,2.089
360.68,0.02089,2.089
360.69,0.02089,2.089
360.70,0.02089,2.089
360.71,0.02089,2.089
360.72,0.02089,2.089
360.73,0.02089,2.089
360.74,0.02089,2.089
360.75,0.02089,2.089
360.75,0.02089,2.089
360.76,0.02089,2.089
360.77,0.02089,2.089
360.78,0.02089,2.089
360.79,0.02089,2.089
360.80,0.02089,2.089
360.81,0.02090,2.090
360.82,0.02090,2.090
360.83,0.02090,2.090
360.83,0.02090,2.090
360.84,0.02090,2.090
360.85,0.02090,2.090
360.86,0.02090,2.090
360.87,0.02090,2.090
360.88,0.02090,2.090
360.89,0.02090,2.090
360.90,0.02090,2.090
360.91,0.02090,2.090
360.92,0.02090,2.090
360.92,0.02090,2.090
360.93,0.02090,2.090
360.94,0.02090,2.090
360.95,0.02090,2.090
360.96,0.02090,2.090
360.97,0.02090,2.090
360.98,0.02090,2.090
360.99,0.02090,2.090
361.00,0.02090,2.090
361.01,0.02090,2.090
361.01,0.02090,2.090
361.02,0.02090,2.090
361.03,0.02090,2.090
361.04,0.02090,2.090
361.05,0.02090,2.090
361.06,0.02090,2.090
361.07,0.02090,2.090
361.08,0.02090,2.090
361.09,0.02090,2.090
361.09,0.02090,2.090
361.10,0.02090,2.090
361.11,0.02090,2.090
361.12,0.02090,2.090
361.13,0.02090,2.090
361.14,0.02090,2.090
361.15,0.02090,2.090
361.16,0.02090,2.090
361.17,0.02090,2.090
361.18,0.02090,2.090
361.18,0.02090,2.090
361.19,0.02090,2.090
361.20,0.02090,2.090
361.21,0.02090,2.090
361.22,0.02090,2.090
361.23,0.02090,2.090
361.24,0.02090,2.090
361.25,0.02090,2.090
361.26,0.02090,2.090
361.27,0.02090,2.090
361.27,0.02090,2.090
361.28,0.02090,2.090
361.29,0.02090,2.090
361.30,0.02090,2.090
361.31,0.02090,2.090
361.32,0.02090,2.090
361.33,0.02090,2.090
361.34,0.02090,2.090
361.35,0.02090,2.090
361.35,0.02090,2.090
361.36,0.02090,2.090
361.37,0.02090,2.090
361.38,0.02090,2.090
361.39,0.02090,2.090
361.40,0.02090,2.090
361.41,0.02090,2.090
361.42,0.02090,2.090
361.43,0.02090,2.090
361.44,0.02090,2.090
361.44,0.02090,2.090
361.45,0.02090,2.090
361.46,0.02090,2.090
361.47,0.02090,2.090
361.48,0.02090,2.090
361.49,0.02090,2.090
361.50,0.02090,2.090
361.51,0.02090,2.090
361.52,0.02090,2.090
361.52,0.02090,2.090
361.53,0.02090,2.090
361.54,0.02090,2.090
361.55,0.02090,2.090
361.56,0.02090,2.090
361.57,0.02090,2.090
361.58,0.02090,2.090
361.59,0.02090,2.090
361.60,0.02090,2.090
361.61,0.02090,2.090
361.61,0.02090,2.090
361.62,0.02090,2.090
361.63,0.02090,2.090
361.64,0.02090,2.090
361.65,0.02090,2.090
361.66,0.02090,2.090
361.67,0.02090,2.090
361.68,0.02090,2.090
361.69,0.02090,2.090
361.70,0.02090,2.090
361.70,0.02090,2.090
361.71,0.02090,2.090
361.72,0.02090,2.090
361.73,0.02090,2.090
361.74,0.02090,2.090
361.75,0.02090,2.090
361.76,0.02090,2.090
361.77,0.02090,2.090
361.78,0.02090,2.090
361.78,0.02090,2.090
361.79,0.02090,2.090
361.80,0.02090,2.090
361.81,0.02090,2.090
361.82,0.02090,2.090
361.83,0.02090,2.090
361.84,0.02090,2.090
361.85,0.02090,2.090
361.86,0.02090,2.090
361.87,0.02090,2.090
361.87,0.02090,2.090
361.88,0.02090,2.090
361.89,0.02090,2.090
361.90,0.02090,2.090
361.91,0.02090,2.090
361.92,0.02090,2.090
361.93,0.02090,2.090
361.94,0.02090,2.090
361.95,0.02090,2.090
361.96,0.02090,2.090
361.96,0.02090,2.090
361.97,0.02090,2.090
361.98,0.02090,2.090
361.99,0.02090,2.090
362.00,0.02090,2.090
362.01,0.02090,2.090
362.02,0.02090,2.090
362.03,0.02090,2.090
362.04,0.02090,2.090
362.04,0.02090,2.090
362.05,0.02090,2.090
362.06,0.02090,2.090
362.07,0.02090,2.090
362.08,0.02090,2.090
362.09,0.02090,2.090
362.10,0.02090,2.090
362.11,0.02090,2.090
362.12,0.02090,2.090
362.13,0.02090,2.090
362.13,0.02090,2.090
362.14,0.02090,2.090
362.15,0.02090,2.090
362.16,0.02090,2.090
362.17,0.02090,2.090
362.18,0.02090,2.090
362.19,0.02090,2.090
362.20,0.02090,2.090
362.21,0.02090,2.090
362.22,0.02090,2.090
362.22,0.02090,2.090
362.23,0.02090,2.090
362.24,0.02090,2.090
362.25,0.02090,2.090
362.26,0.02090,2.090
362.27,0.02090,2.090
362.28,0.02090,2.090
362.29,0.02090,2.090
362.30,0.02090,2.090
362.30,0.02090,2.090
362.31,0.02090,2.090
362.32,0.02090,2.090
362.33,0.02090,2.090
362.34,0.02090,2.090
362.35,0.02090,2.090
362.36,0.02090,2.090
362.37,0.02090,2.090
362.38,0.02090,2.090
362.39,0.02090,2.090
362.39,0.02090,2.090
362.40,0.02090,2.090
362.41,0.02090,2.090
362.42,0.02090,2.090
362.43,0.02090,2.090
362.44,0.02090,2.090
362.45,0.02090,2.090
362.46,0.02090,2.090
362.47,0.02090,2.090
362.48,0.02090,2.090
362.48,0.02090,2.090
362.49,0.02090,2.090
362.50,0.02090,2.090
362.51,0.02090,2.090
362.52,0.02090,2.090
362.53,0.02090,2.090
362.54,0.02090,2.090
362.55,0.02090,2.090
362.56,0.02090,2.090
362.56,0.02090,2.090
362.57,0.02090,2.090
362.58,0.02090,2.090
362.59,0.02090,2.090
362.60,0.02090,2.090
362.61,0.02090,2.090
362.62,0.02090,2.090
362.63,0.02090,2.090
362.64,0.02090,2.090
362.65,0.02090,2.090
362.65,0.02090,2.090
362.66,0.02090,2.090
362.67,0.02090,2.090
362.68,0.02090,2.090
362.69,0.02090,2.090
362.70,0.02090,2.090
362.71,0.02090,2.090
362.72,0.02090,2.090
362.73,0.02090,2.090
362.74,0.02090,2.090
362.74,0.02090,2.090
362.75,0.02090,2.090
362.76,0.02090,2.090
362.77,0.02090,2.090
362.78,0.02090,2.090
362.79,0.02090,2.090
362.80,0.02090,2.090
362.81,0.02090,2.090
362.82,0.02090,2.090
362.82,0.02090,2.090
362.83,0.02090,2.090
362.84,0.02090,2.090
362.85,0.02090,2.090
362.86,0.02090,2.090
362.87,0.02090,2.090
362.88,0.02090,2.090
362.89,0.02090,2.090
362.90,0.02090,2.090
362.91,0.02090,2.090
362.91,0.02090,2.090
362.92,0.02090,2.090
362.93,0.02090,2.090
362.94,0.02090,2.090
362.95,0.02090,2.090
362.96,0.02090,2.090
362.97,0.02090,2.090
362.98,0.02090,2.090
362.99,0.02090,2.090
363.00,0.02090,2.090
363.00,0.02090,2.090
363.01,0.02090,2.090
363.02,0.02090,2.090
363.03,0.02090,2.090
363.04,0.02090,2.090
363.05,0.02090,2.090
363.06,0.02090,2.090
363.07,0.02090,2.090
363.08,0.02090,2.090
363.08,0.02090,2.090
363.09,0.02090,2.090
363.10,0.02090,2.090
363.11,0.02090,2.090
363.12,0.02090,2.090
363.13,0.02091,2.091
363.14,0.02091,2.091
363.15,0.02091,2.091
363.16,0.02091,2.091
363.17,0.02091,2.091
363.17,0.02091,2.091
363.18,0.02091,2.091
363.19,0.02091,2.091
363.20,0.02091,2.091
363.21,0.02091,2.091
363.22,0.02091,2.091
363.23,0.02091,2.091
363.24,0.02091,2.091
363.25,0.02091,2.091
363.26,0.02091,2.091
363.26,0.02091,2.091
363.27,0.02091,2.091
363.28,0.02091,2.091
363.29,0.02091,2.091
363.30,0.02091,2.091
363.31,0.02091,2.091
363.32,0.02091,2.091
363.33,0.02091,2.091
363.34,0.02091,2.091
363.34,0.02091,2.091
363.35,0.02091,2.091
363.36,0.02091,2.091
363.37,0.02091,2.091
363.38,0.02091,2.091
363.39,0.02091,2.091
363.40,0.02091,2.091
363.41,0.02091,2.091
363.42,0.02091,2.091
363.43,0.02091,2.091
363.43,0.02091,2.091
363.44,0.02091,2.091
363.45,0.02091,2.091
363.46,0.02091,2.091
363.47,0.02091,2.091
363.48,0.02091,2.091
363.49,0.02091,2.091
363.50,0.02091,2.091
363.51,0.02091,2.091
363.51,0.02091,2.091
363.52,0.02091,2.091
363.53,0.02091,2.091
363.54,0.02091,2.091
363.55,0.02091,2.091
363.56,0.02091,2.091
363.57,0.02091,2.091
363.58,0.02091,2.091
363.59,0.02091,2.091
363.60,0.02091,2.091
363.60,0.02091,2.091
363.61,0.02091,2.091
363.62,0.02091,2.091
363.63,0.02091,2.091
363.64,0.02091,2.091
363.65,0.02091,2.091
363.66,0.02091,2.091
363.67,0.02091,2.091
363.68,0.02091,2.091
363.69,0.02091,2.091
363.69,0.02091,2.091
363.70,0.02091,2.091
363.71,0.02091,2.091
363.72,0.02091,2.091
363.73,0.02091,2.091
363.74,0.02091,2.091
363.75,0.02091,2.091
363.76,0.02091,2.091
363.77,0.02091,2.091
363.77,0.02091,2.091
363.78,0.02091,2.091
363.79,0.02091,2.091
363.80,0.02091,2.091
363.81,0.02091,2.091
363.82,0.02091,2.091
363.83,0.02091,2.091
363.84,0.02091,2.091
363.85,0.02091,2.091
363.86,0.02091,2.091
363.86,0.02091,2.091
363.87,0.02091,2.091
363.88,0.02091,2.091
363.89,0.02091,2.091
363.90,0.02091,2.091
363.91,0.02091,2.091
363.92,0.02091,2.091
363.93,0.02091,2.091
363.94,0.02091,2.091
363.95,0.02091,2.091
363.95,0.02091,2.091
363.96,0.02091,2.091
363.97,0.02091,2.091
363.98,0.02091,2.091
363.99,0.02091,2.091
364.00,0.02091,2.091
364.01,0.02091,2.091
364.02,0.02091,2.091
364.03,0.02091,2.091
364.03,0.02091,2.091
364.04,0.02091,2.091
364.05,0.02091,2.091
364.06,0.02091,2.091
364.07,0.02091,2.091
364.08,0.02091,2.091
364.09,0.02091,2.091
364.10,0.02091,2.091
364.11,0.02091,2.091
364.12,0.02091,2.091
364.12,0.02091,2.091
364.13,0.02091,2.091
364.14,0.02091,2.091
364.15,0.02091,2.091
364.16,0.02091,2.091
364.17,0.02091,2.091
364.18,0.02091,2.091
364.19,0.02091,2.091
364.20,0.02091,2.091
364.21,0.02091,2.091
364.21,0.02091,2.091
364.22,0.02091,2.091
364.23,0.02091,2.091
364.24,0.02091,2.091
364.25,0.02091,2.091
364.26,0.02091,2.091
364.27,0.02091,2.091
364.28,0.02091,2.091
364.29,0.02091,2.091
364.29,0.02091,2.091
364.30,0.02091,2.091
364.31,0.02091,2.091
364.32,0.02091,2.091
364.33,0.02091,2.091
364.34,0.02091,2.091
364.35,0.02091,2.091
364.36,0.02091,2.091
364.37,0.02091,2.091
364.38,0.02091,2.091
364.38,0.02091,2.091
364.39,0.02091,2.091
364.40,0.02091,2.091
364.41,0.02091,2.091
364.42,0.02091,2.091
364.43,0.02091,2.091
364.44,0.02091,2.091
364.45,0.02091,2.091
364.46,0.02091,2.091
364.47,0.02091,2.091
364.47,0.02091,2.091
364.48,0.02091,2.091
364.49,0.02091,2.091
364.50,0.02091,2.091
364.51,0.02091,2.091
364.52,0.02091,2.091
364.53,0.02091,2.091
364.54,0.02091,2.091
364.55,0.02091,2.091
364.55,0.02091,2.091
364.56,0.02091,2.091
364.57,0.02091,2.091
364.58,0.02091,2.091
364.59,0.02091,2.091
364.60,0.02091,2.091
364.61,0.02091,2.091
364.62,0.02091,2.091
364.63,0.02091,2.091
364.64,0.02091,2.091
364.64,0.02091,2.091
364.65,0.02091,2.091
364.66,0.02091,2.091
364.67,0.02091,2.091
364.68,0.02091,2.091
364.69,0.02091,2.091
364.70,0.02091,2.091
364.71,0.02091,2.091
364.72,0.02091,2.091
364.73,0.02091,2.091
364.73,0.02091,2.091
364.74,0.02091,2.091
364.75,0.02091,2.091
364.76,0.02091,2.091
364.77,0.02091,2.091
364.78,0.02091,2.091
364.79,0.02091,2.091
364.80,0.02091,2.091
364.81,0.02091,2.091
364.81,0.02091,2.091
364.82,0.02091,2.091
364.83,0.02091,2.091
364.84,0.02091,2.091
364.85,0.02091,2.091
364.86,0.02091,2.091
364.87,0.02091,2.091
364.88,0.02091,2.091
364.89,0.02091,2.091
364.90,0.02091,2.091
364.90,0.02091,2.091
364.91,0.02091,2.091
364.92,0.02091,2.091
364.93,0.02091,2.091
364.94,0.02091,2.091
364.95,0.02091,2.091
364.96,0.02091,2.091
364.97,0.02091,2.091
364.98,0.02091,2.091
364.99,0.02091,2.091
364.99,0.02091,2.091
365.00,0.02091,2.091
365.01,0.02091,2.091
365.02,0.02091,2.091
365.03,0.02091,2.091
365.04,0.02091,2.091
365.05,0.02091,2.091
365.06,0.02091,2.091
365.07,0.02091,2.091
365.07,0.02091,2.091
365.08,0.02091,2.091
365.09,0.02091,2.091
365.10,0.02091,2.091
365.11,0.02091,2.091
365.12,0.02091,2.091
365.13,0.02091,2.091
365.14,0.02091,2.091
365.15,0.02091,2.091
365.16,0.02091,2.091
365.16,0.02091,2.091
365.17,0.02091,2.091
365.18,0.02091,2.091
365.19,0.02091,2.091
365.20,0.02091,2.091
365.21,0.02091,2.091
365.22,0.02091,2.091
365.23,0.02091,2.091
365.24,0.02091,2.091
365.25,0.02091,2.091
365.25,0.02091,2.091
365.26,0.02091,2.091
365.27,0.02091,2.091
365.28,0.02091,2.091
365.29,0.02091,2.091
365.30,0.02091,2.091
365.31,0.02091,2.091
365.32,0.02091,2.091
365.33,0.02091,2.091
365.33,0.02091,2.091
365.34,0.02091,2.091
365.35,0.02091,2.091
365.36,0.02091,2.091
365.37,0.02091,2.091
365.38,0.02091,2.091
365.39,0.02091,2.091
365.40,0.02091,2.091
365.41,0.02091,2.091
365.42,0.02091,2.091
365.42,0.02091,2.091
365.43,0.02091,2.091
365.44,0.02091,2.091
365.45,0.02091,2.091
365.46,0.02091,2.091
365.47,0.02091,2.091
365.48,0.02091,2.091
365.49,0.02091,2.091
365.50,0.02091,2.091
365.51,0.02091,2.091
365.51,0.02091,2.091
365.52,0.02091,2.091
365.53,0.02091,2.091
365.54,0.02092,2.092
365.55,0.02092,2.092
365.56,0.02092,2.092
365.57,0.02092,2.092
365.58,0.02092,2.092
365.59,0.02092,2.092
365.59,0.02092,2.092
365.60,0.02092,2.092
365.61,0.02092,2.092
365.62,0.02092,2.092
365.63,0.02092,2.092
365.64,0.02092,2.092
365.65,0.02092,2.092
365.66,0.02092,2.092
365.67,0.02092,2.092
365.68,0.02092,2.092
365.68,0.02092,2.092
365.69,0.02092,2.092
365.70,0.02092,2.092
365.71,0.02092,2.092
365.72,0.02092,2.092
365.73,0.02092,2.092
365.74,0.02092,2.092
365.75,0.02092,2.092
365.76,0.02092,2.092
365.77,0.02092,2.092
365.77,0.02092,2.092
365.78,0.02092,2.092
365.79,0.02092,2.092
365.80,0.02092,2.092
365.81,0.02092,2.092
365.82,0.02092,2.092
365.83,0.02092,2.092
365.84,0.02092,2.092
365.85,0.02092,2.092
365.85,0.02092,2.092
365.86,0.02092,2.092
365.87,0.02092,2.092
365.88,0.02092,2.092
365.89,0.02092,2.092
365.90,0.02092,2.092
365.91,0.02092,2.092
365.92,0.02092,2.092
365.93,0.02092,2.092
365.94,0.02092,2.092
365.94,0.02092,2.092
365.95,0.02092,2.092
365.96,0.02092,2.092
365.97,0.02092,2.092
365.98,0.02092,2.092
365.99,0.02092,2.092
366.00,0.02092,2.092
366.01,0.02092,2.092
366.02,0.02092,2.092
366.03,0.02092,2.092
366.03,0.02092,2.092
366.04,0.02092,2.092
366.05,0.02092,2.092
366.06,0.02092,2.092
366.07,0.02092,2.092
366.08,0.02092,2.092
366.09,0.02092,2.092
366.10,0.02092,2.092
366.11,0.02092,2.092
366.11,0.02092,2.092
366.12,0.02092,2.092
366.13,0.02092,2.092
366.14,0.02092,2.092
366.15,0.02092,2.092
366.16,0.02092,2.092
366.17,0.02092,2.092
366.18,0.02092,2.092
366.19,0.02092,2.092
366.20,0.02092,2.092
366.20,0.02092,2.092
366.21,0.02092,2.092
366.22,0.02092,2.092
366.23,0.02092,2.092
366.24,0.02092,2.092
366.25,0.02092,2.092
366.26,0.02092,2.092
366.27,0.02092,2.092
366.28,0.02092,2.092
366.28,0.02092,2.092
366.29,0.02092,2.092
366.30,0.02092,2.092
366.31,0.02092,2.092
366.32,0.02092,2.092
366.33,0.02092,2.092
366.34,0.02092,2.092
366.35,0.02092,2.092
366.36,0.02092,2.092
366.37,0.02092,2.092
366.37,0.02092,2.092
366.38,0.02092,2.092
366.39,0.02092,2.092
366.40,0.02092,2.092
366.41,0.02092,2.092
366.42,0.02092,2.092
366.43,0.02092,2.092
366.44,0.02092,2.092
366.45,0.02092,2.092
366.46,0.02092,2.092
366.46,0.02092,2.092
366.47,0.02092,2.092
366.48,0.02092,2.092
366.49,0.02092,2.092
366.50,0.02092,2.092
366.51,0.02092,2.092
366.52,0.02092,2.092
366.53,0.02092,2.092
366.54,0.02092,2.092
366.54,0.02092,2.092
366.55,0.02092,2.092
366.56,0.02092,2.092
366.57,0.02092,2.092
366.58,0.02092,2.092
366.59,0.02092,2.092
366.60,0.02092,2.092
366.61,0.02092,2.092
366.62,0.02092,2.092
366.63,0.02092,2.092
366.63,0.02092,2.092
366.64,0.02092,2.092
366.65,0.02092,2.092
366.66,0.02092,2.092
366.67,0.02092,2.092
366.68,0.02092,2.092
366.69,0.02092,2.092
366.70,0.02092,2.092
366.71,0.02092,2.092
366.72,0.02092,2.092
366.72,0.02092,2.092
366.73,0.02092,2.092
366.74,0.02092,2.092
366.75,0.02092,2.092
366.76,0.02092,2.092
366.77,0.02092,2.092
366.78,0.02092,2.092
366.79,0.02092,2.092
366.80,0.02092,2.092
366.80,0.02092,2.092
366.81,0.02092,2.092
366.82,0.02092,2.092
366.83,0.02092,2.092
366.84,0.02092,2.092
366.85,0.02092,2.092
366.86,0.02092,2.092
366.87,0.02092,2.092
366.88,0.02092,2.092
366.89,0.02092,2.092
366.89,0.02092,2.092
366.90,0.02092,2.092
366.91,0.02092,2.092
366.92,0.02092,2.092
366.93,0.02092,2.092
366.94,0.02092,2.092
366.95,0.02092,2.092
366.96,0.02092,2.092
366.97,0.02092,2.092
366.98,0.02092,2.092
366.98,0.02092,2.092
366.99,0.02092,2.092
367.00,0.02092,2.092
367.01,0.02092,2.092
367.02,0.02092,2.092
367.03,0.02092,2.092
367.04,0.02092,2.092
367.05,0.02092,2.092
367.06,0.02092,2.092
367.06,0.02092,2.092
367.07,0.02092,2.092
367.08,0.02092,2.092
367.09,0.02092,2.092
367.10,0.02092,2.092
367.11,0.02092,2.092
367.12,0.02092,2.092
367.13,0.02092,2.092
367.14,0.02092,2.092
367.15,0.02092,2.092
367.15,0.02092,2.092
367.16,0.02092,2.092
367.17,0.02092,2.092
367.18,0.02092,2.092
367.19,0.02092,2.092
367.20,0.02092,2.092
367.21,0.02092,2.092
367.22,0.02092,2.092
367.23,0.02092,2.092
367.24,0.02092,2.092
367.24,0.02092,2.092
367.25,0.02092,2.092
367.26,0.02092,2.092
367.27,0.02092,2.092
367.28,0.02092,2.092
367.29,0.02092,2.092
367.30,0.02092,2.092
367.31,0.02092,2.092
367.32,0.02092,2.092
367.33,0.02092,2.092
367.33,0.02092,2.092
367.34,0.02092,2.092
367.35,0.02092,2.092
367.36,0.02092,2.092
367.37,0.02092,2.092
367.38,0.02092,2.092
367.39,0.02092,2.092
367.40,0.02092,2.092
367.41,0.02092,2.092
367.41,0.02092,2.092
367.42,0.02092,2.092
367.43,0.02092,2.092
367.44,0.02092,2.092
367.45,0.02092,2.092
367.46,0.02092,2.092
367.47,0.02092,2.092
367.48,0.02092,2.092
367.49,0.02092,2.092
367.50,0.02092,2.092
367.50,0.02092,2.092
367.51,0.02092,2.092
367.52,0.02092,2.092
367.53,0.02092,2.092
367.54,0.02092,2.092
367.55,0.02092,2.092
367.56,0.02092,2.092
367.57,0.02092,2.092
367.58,0.02092,2.092
367.59,0.02092,2.092
367.59,0.02092,2.092
367.60,0.02092,2.092
367.61,0.02092,2.092
367.62,0.02092,2.092
367.63,0.02092,2.092
367.64,0.02092,2.092
367.65,0.02092,2.092
367.66,0.02092,2.092
367.67,0.02092,2.092
367.67,0.02092,2.092
367.68,0.02092,2.092
367.69,0.02092,2.092
367.70,0.02092,2.092
367.71,0.02092,2.092
367.72,0.02092,2.092
367.73,0.02092,2.092
367.74,0.02092,2.092
367.75,0.02092,2.092
367.76,0.02092,2.092
367.76,0.02092,2.092
367.77,0.02092,2.092
367.78,0.02092,2.092
367.79,0.02092,2.092
367.80,0.02092,2.092
367.81,0.02092,2.092
367.82,0.02092,2.092
367.83,0.02092,2.092
367.84,0.02092,2.092
367.85,0.02092,2.092
367.85,0.02092,2.092
367.86,0.02092,2.092
367.87,0.02092,2.092
367.88,0.02092,2.092
367.89,0.02092,2.092
367.90,0.02092,2.092
367.91,0.02092,2.092
367.92,0.02092,2.092
367.93,0.02092,2.092
367.93,0.02092,2.092
367.94,0.02092,2.092
367.95,0.02092,2.092
367.96,0.02092,2.092
367.97,0.02092,2.092
367.98,0.02092,2.092
367.99,0.02092,2.092
368.00,0.02092,2.092
368.01,0.02092,2.092
368.02,0.02092,2.092
368.02,0.02092,2.092
368.03,0.02092,2.092
368.04,0.02092,2.092
368.05,0.02092,2.092
368.06,0.02092,2.092
368.07,0.02092,2.092
368.08,0.02092,2.092
368.09,0.02093,2.093
368.10,0.02093,2.093
368.11,0.02093,2.093
368.11,0.02093,2.093
368.12,0.02093,2.093
368.13,0.02093,2.093
368.14,0.02093,2.093
368.15,0.02093,2.093
368.16,0.02093,2.093
368.17,0.02093,2.093
368.18,0.02093,2.093
368.19,0.02093,2.093
368.19,0.02093,2.093
368.20,0.02093,2.093
368.21,0.02093,2.093
368.22,0.02093,2.093
368.23,0.02093,2.093
368.24,0.02093,2.093
368.25,0.02093,2.093
368.26,0.02093,2.093
368.27,0.02093,2.093
368.28,0.02093,2.093
368.28,0.02093,2.093
368.29,0.02093,2.093
368.30,0.02093,2.093
368.31,0.02093,2.093
368.32,0.02093,2.093
368.33,0.02093,2.093
368.34,0.02093,2.093
368.35,0.02093,2.093
368.36,0.02093,2.093
368.36,0.02093,2.093
368.37,0.02093,2.093
368.38,0.02093,2.093
368.39,0.02093,2.093
368.40,0.02093,2.093
368.41,0.02093,2.093
368.42,0.02093,2.093
368.43,0.02093,2.093
368.44,0.02093,2.093
368.45,0.02093,2.093
368.45,0.02093,2.093
368.46,0.02093,2.093
368.47,0.02093,2.093
368.48,0.02093,2.093
368.49,0.02093,2.093
368.50,0.02093,2.093
368.51,0.02093,2.093
368.52,0.02093,2.093
368.53,0.02093,2.093
368.54,0.02093,2.093
368.54,0.02093,2.093
368.55,0.02093,2.093
368.56,0.02093,2.093
368.57,0.02093,2.093
368.58,0.02093,2.093
368.59,0.02093,2.093
368.60,0.02093,2.093
368.61,0.02093,2.093
368.62,0.02093,2.093
368.62,0.02093,2.093
368.63,0.02093,2.093
368.64,0.02093,2.093
368.65,0.02093,2.093
368.66,0.02093,2.093
368.67,0.02093,2.093
368.68,0.02093,2.093
368.69,0.02093,2.093
368.70,0.02093,2.093
368.71,0.02093,2.093
368.71,0.02093,2.093
368.72,0.02093,2.093
368.73,0.02093,2.093
368.74,0.02093,2.093
368.75,0.02093,2.093
368.76,0.02093,2.093
368.77,0.02093,2.093
368.78,0.02093,2.093
368.79,0.02093,2.093
368.80,0.02093,2.093
368.80,0.02093,2.093
368.81,0.02093,2.093
368.82,0.02093,2.093
368.83,0.02093,2.093
368.84,0.02093,2.093
368.85,0.02093,2.093
368.86,0.02093,2.093
368.87,0.02093,2.093
368.88,0.02093,2.093
368.89,0.02093,2.093
368.89,0.02093,2.093
368.90,0.02093,2.093
368.91,0.02093,2.093
368.92,0.02093,2.093
368.93,0.02093,2.093
368.94,0.02093,2.093
368.95,0.02093,2.093
368.96,0.02093,2.093
368.97,0.02093,2.093
368.97,0.02093,2.093
368.98,0.02093,2.093
368.99,0.02093,2.093
369.00,0.02093,2.093
369.01,0.02093,2.093
369.02,0.02093,2.093
369.03,0.02093,2.093
369.04,0.02093,2.093
369.05,0.02093,2.093
369.06,0.02093,2.093
369.06,0.02093,2.093
369.07,0.02093,2.093
369.08,0.02093,2.093
369.09,0.02093,2.093
369.10,0.02093,2.093
369.11,0.02093,2.093
369.12,0.02093,2.093
369.13,0.02093,2.093
369.14,0.02093,2.093
369.15,0.02093,2.093
369.15,0.02093,2.093
369.16,0.02093,2.093
369.17,0.02093,2.093
369.18,0.02093,2.093
369.19,0.02093,2.093
369.20,0.02093,2.093
369.21,0.02093,2.093
369.22,0.02093,2.093
369.23,0.02093,2.093
369.23,0.02093,2.093
369.24,0.02093,2.093
369.25,0.02093,2.093
369.26,0.02093,2.093
369.27,0.02093,2.093
369.28,0.02093,2.093
369.29,0.02093,2.093
369.30,0.02093,2.093
369.31,0.02093,2.093
369.32,0.02093,2.093
369.32,0.02093,2.093
369.33,0.02093,2.093
369.34,0.02093,2.093
369.35,0.02093,2.093
369.36,0.02093,2.093
369.37,0.02093,2.093
369.38,0.02093,2.093
369.39,0.02093,2.093
369.40,0.02093,2.093
369.41,0.02093,2.093
369.41,0.02093,2.093
369.42,0.02093,2.093
369.43,0.02093,2.093
369.44,0.02093,2.093
369.45,0.02093,2.093
369.46,0.02093,2.093
369.47,0.02093,2.093
369.48,0.02093,2.093
369.49,0.02093,2.093
369.50,0.02093,2.093
369.50,0.02093,2.093
369.51,0.02093,2.093
369.52,0.02093,2.093
369.53,0.02093,2.093
369.54,0.02093,2.093
369.55,0.02093,2.093
369.56,0.02093,2.093
369.57,0.02093,2.093
369.58,0.02093,2.093
369.58,0.02093,2.093
369.59,0.02093,2.093
369.60,0.02093,2.093
369.61,0.02093,2.093
369.62,0.02093,2.093
369.63,0.02093,2.093
369.64,0.02093,2.093
369.65,0.02093,2.093
369.66,0.02093,2.093
369.67,0.02093,2.093
369.67,0.02093,2.093
369.68,0.02093,2.093
369.69,0.02093,2.093
369.70,0.02093,2.093
369.71,0.02093,2.093
369.72,0.02093,2.093
369.73,0.02093,2.093
369.74,0.02093,2.093
369.75,0.02093,2.093
369.75,0.02093,2.093
369.76,0.02093,2.093
369.77,0.02093,2.093
369.78,0.02093,2.093
369.79,0.02093,2.093
369.80,0.02093,2.093
369.81,0.02093,2.093
369.82,0.02093,2.093
369.83,0.02093,2.093
369.84,0.02093,2.093
369.84,0.02093,2.093
369.85,0.02093,2.093
369.86,0.02093,2.093
369.87,0.02093,2.093
369.88,0.02093,2.093
369.89,0.02093,2.093
369.90,0.02093,2.093
369.91,0.02093,2.093
369.92,0.02093,2.093
369.93,0.02093,2.093
369.93,0.02093,2.093
369.94,0.02093,2.093
369.95,0.02093,2.093
369.96,0.02093,2.093
369.97,0.02093,2.093
369.98,0.02093,2.093
369.99,0.02093,2.093
370.00,0.02093,2.093
370.01,0.02093,2.093
370.01,0.02093,2.093
370.02,0.02093,2.093
370.03,0.02093,2.093
370.04,0.02093,2.093
370.05,0.02093,2.093
370.06,0.02093,2.093
370.07,0.02093,2.093
370.08,0.02093,2.093
370.09,0.02093,2.093
370.10,0.02093,2.093
370.10,0.02093,2.093
370.11,0.02093,2.093
370.12,0.02093,2.093
370.13,0.02093,2.093
370.14,0.02093,2.093
370.15,0.02093,2.093
370.16,0.02093,2.093
370.17,0.02093,2.093
370.18,0.02093,2.093
370.19,0.02093,2.093
370.19,0.02093,2.093
370.20,0.02093,2.093
370.21,0.02093,2.093
370.22,0.02093,2.093
370.23,0.02093,2.093
370.24,0.02093,2.093
370.25,0.02093,2.093
370.26,0.02093,2.093
370.27,0.02093,2.093
370.27,0.02093,2.093
370.28,0.02093,2.093
370.29,0.02093,2.093
370.30,0.02093,2.093
370.31,0.02093,2.093
370.32,0.02093,2.093
370.33,0.02093,2.093
370.34,0.02093,2.093
370.35,0.02093,2.093
370.36,0.02093,2.093
370.36,0.02093,2.093
370.37,0.02093,2.093
370.38,0.02093,2.093
370.39,0.02093,2.093
370.40,0.02093,2.093
370.41,0.02093,2.093
370.42,0.02093,2.093
370.43,0.02093,2.093
370.44,0.02093,2.093
370.45,0.02093,2.093
370.45,0.02093,2.093
370.46,0.02093,2.093
370.47,0.02093,2.093
370.48,0.02093,2.093
370.49,0.02093,2.093
370.50,0.02093,2.093
370.51,0.02093,2.093
370.52,0.02093,2.093
370.53,0.02093,2.093
370.53,0.02093,2.093
370.54,0.02093,2.093
370.55,0.02093,2.093
370.56,0.02093,2.093
370.57,0.02093,2.093
370.58,0.02093,2.093
370.59,0.02093,2.093
370.60,0.02094,2.094
370.61,0.02094,2.094
370.62,0.02094,2.094
370.62,0.02094,2.094
370.63,0.02094,2.094
370.64,0.02094,2.094
370.65,0.02094,2.094
370.66,0.02094,2.094
370.67,0.02094,2.094
370.68,0.02094,2.094
370.69,0.02094,2.094
370.70,0.02094,2.094
370.71,0.02094,2.094
370.71,0.02094,2.094
370.72,0.02094,2.094
370.73,0.02094,2.094
370.74,0.02094,2.094
370.75,0.02094,2.094
370.76,0.02094,2.094
370.77,0.02094,2.094
370.78,0.02094,2.094
370.79,0.02094,2.094
370.79,0.02094,2.094
370.80,0.02094,2.094
370.81,0.02094,2.094
370.82,0.02094,2.094
370.83,0.02094,2.094
370.84,0.02094,2.094
370.85,0.02094,2.094
370.86,0.02094,2.094
370.87,0.02094,2.094
370.88,0.02094,2.094
370.88,0.02094,2.094
370.89,0.02094,2.094
370.90,0.02094,2.094
370.91,0.02094,2.094
370.92,0.02094,2.094
370.93,0.02094,2.094
370.94,0.02094,2.094
370.95,0.02094,2.094
370.96,0.02094,2.094
370.97,0.02094,2.094
370.97,0.02094,2.094
370.98,0.02094,2.094
370.99,0.02094,2.094
371.00,0.02094,2.094
371.01,0.02094,2.094
371.02,0.02094,2.094
371.03,0.02094,2.094
371.04,0.02094,2.094
371.05,0.02094,2.094
371.05,0.02094,2.094
371.06,0.02094,2.094
371.07,0.02094,2.094
371.08,0.02094,2.094
371.09,0.02094,2.094
371.10,0.02094,2.094
371.11,0.02094,2.094
371.12,0.02094,2.094
371.13,0.02094,2.094
371.14,0.02094,2.094
371.14,0.02094,2.094
371.15,0.02094,2.094
371.16,0.02094,2.094
371.17,0.02094,2.094
371.18,0.02094,2.094
371.19,0.02094,2.094
371.20,0.02094,2.094
371.21,0.02094,2.094
371.22,0.02094,2.094
371.23,0.02094,2.094
371.23,0.02094,2.094
371.24,0.02094,2.094
371.25,0.02094,2.094
371.26,0.02094,2.094
371.27,0.02094,2.094
371.28,0.02094,2.094
371.29,0.02094,2.094
371.30,0.02094,2.094
371.31,0.02094,2.094
371.32,0.02094,2.094
371.32,0.02094,2.094
371.33,0.02094,2.094
371.34,0.02094,2.094
371.35,0.02094,2.094
371.36,0.02094,2.094
371.37,0.02094,2.094
371.38,0.02094,2.094
371.39,0.02094,2.094
371.40,0.02094,2.094
371.40,0.02094,2.094
371.41,0.02094,2.094
371.42,0.02094,2.094
371.43,0.02094,2.094
371.44,0.02094,2.094
371.45,0.02094,2.094
371.46,0.02094,2.094
371.47,0.02094,2.094
371.48,0.02094,2.094
371.49,0.02094,2.094
371.49,0.02094,2.094
371.50,0.02094,2.094
371.51,0.02094,2.094
371.52,0.02094,2.094
371.53,0.02094,2.094
371.54,0.02094,2.094
371.55,0.02094,2.094
371.56,0.02094,2.094
371.57,0.02094,2.094
371.58,0.02094,2.094
371.58,0.02094,2.094
371.59,0.02094,2.094
371.60,0.02094,2.094
371.61,0.02094,2.094
371.62,0.02094,2.094
371.63,0.02094,2.094
371.64,0.02094,2.094
371.65,0.02094,2.094
371.66,0.02094,2.094
371.66,0.02094,2.094
371.67,0.02094,2.094
371.68,0.02094,2.094
371.69,0.02094,2.094
371.70,0.02094,2.094
371.71,0.02094,2.094
371.72,0.02094,2.094
371.73,0.02094,2.094
371.74,0.02094,2.094
371.75,0.02094,2.094
371.75,0.02094,2.094
371.76,0.02094,2.094
371.77,0.02094,2.094
371.78,0.02094,2.094
371.79,0.02094,2.094
371.80,0.02094,2.094
371.81,0.02094,2.094
371.82,0.02094,2.094
371.83,0.02094,2.094
371.84,0.02094,2.094
371.84,0.02094,2.094
371.85,0.02094,2.094
371.86,0.02094,2.094
371.87,0.02094,2.094
371.88,0.02094,2.094
371.89,0.02094,2.094
371.90,0.02094,2.094
371.91,0.02094,2.094
371.92,0.02094,2.094
371.92,0.02094,2.094
371.93,0.02094,2.094
371.94,0.02094,2.094
371.95,0.02094,2.094
371.96,0.02094,2.094
371.97,0.02094,2.094
371.98,0.02094,2.094
371.99,0.02094,2.094
372.00,0.02094,2.094
372.01,0.02094,2.094
372.01,0.02094,2.094
372.02,0.02094,2.094
372.03,0.02094,2.094
372.04,0.02094,2.094
372.05,0.02094,2.094
372.06,0.02094,2.094
372.07,0.02094,2.094
372.08,0.02094,2.094
372.09,0.02094,2.094
372.10,0.02094,2.094
372.10,0.02094,2.094
372.11,0.02094,2.094
372.12,0.02094,2.094
372.13,0.02094,2.094
372.14,0.02094,2.094
372.15,0.02094,2.094
372.16,0.02094,2.094
372.17,0.02094,2.094
372.18,0.02094,2.094
372.18,0.02094,2.094
372.19,0.02094,2.094
372.20,0.02094,2.094
372.21,0.02094,2.094
372.22,0.02094,2.094
372.23,0.02094,2.094
372.24,0.02094,2.094
372.25,0.02094,2.094
372.26,0.02094,2.094
372.27,0.02094,2.094
372.27,0.02094,2.094
372.28,0.02094,2.094
372.29,0.02094,2.094
372.30,0.02094,2.094
372.31,0.02094,2.094
372.32,0.02094,2.094
372.33,0.02094,2.094
372.34,0.02094,2.094
372.35,0.02094,2.094
372.36,0.02094,2.094
372.36,0.02094,2.094
372.37,0.02094,2.094
372.38,0.02094,2.094
372.39,0.02094,2.094
372.40,0.02094,2.094
372.41,0.02094,2.094
372.42,0.02094,2.094
372.43,0.02094,2.094
372.44,0.02094,2.094
372.44,0.02094,2.094
372.45,0.02094,2.094
372.46,0.02094,2.094
372.47,0.02094,2.094
372.48,0.02094,2.094
372.49,0.02094,2.094
372.50,0.02094,2.094
372.51,0.02094,2.094
372.52,0.02094,2.094
372.53,0.02094,2.094
372.53,0.02094,2.094
372.54,0.02094,2.094
372.55,0.02094,2.094
372.56,0.02094,2.094
372.57,0.02094,2.094
372.58,0.02094,2.094
372.59,0.02094,2.094
372.60,0.02094,2.094
372.61,0.02094,2.094
372.62,0.02094,2.094
372.62,0.02094,2.094
372.63,0.02094,2.094
372.64,0.02094,2.094
372.65,0.02094,2.094
372.66,0.02094,2.094
372.67,0.02094,2.094
372.68,0.02094,2.094
372.69,0.02094,2.094
372.70,0.02094,2.094
372.71,0.02094,2.094
372.71,0.02094,2.094
372.72,0.02094,2.094
372.73,0.02094,2.094
372.74,0.02094,2.094
372.75,0.02094,2.094
372.76,0.02094,2.094
372.77,0.02094,2.094
372.78,0.02094,2.094
372.79,0.02094,2.094
372.79,0.02094,2.094
372.80,0.02094,2.094
372.81,0.02094,2.094
372.82,0.02094,2.094
372.83,0.02094,2.094
372.84,0.02094,2.094
372.85,0.02094,2.094
372.86,0.02094,2.094
372.87,0.02094,2.094
372.88,0.02094,2.094
372.88,0.02094,2.094
372.89,0.02094,2.094
372.90,0.02094,2.094
372.91,0.02094,2.094
372.92,0.02094,2.094
372.93,0.02094,2.094
372.94,0.02094,2.094
372.95,0.02094,2.094
372.96,0.02094,2.094
372.97,0.02094,2.094
372.97,0.02094,2.094
372.98,0.02094,2.094
372.99,0.02094,2.094
373.00,0.02094,2.094
373.01,0.02094,2.094
373.02,0.02094,2.094
373.03,0.02094,2.094
373.04,0.02094,2.094
373.05,0.02094,2.094
373.05,0.02094,2.094
373.06,0.02094,2.094
373.07,0.02094,2.094
373.08,0.02094,2.094
373.09,0.02094,2.094
373.10,0.02094,2.094
373.11,0.02094,2.094
373.12,0.02094,2.094
373.13,0.02094,2.094
373.14,0.02094,2.094
373.14,0.02094,2.094
373.15,0.02094,2.094
373.16,0.02094,2.094
373.17,0.02094,2.094
373.18,0.02094,2.094
373.19,0.02094,2.094
373.20,0.02094,2.094
373.21,0.02094,2.094
373.22,0.02094,2.094
373.23,0.02094,2.094
373.23,0.02094,2.094
373.24,0.02094,2.094
373.25,0.02094,2.094
373.26,0.02094,2.094
373.27,0.02095,2.095
373.28,0.02095,2.095
373.29,0.02095,2.095
373.30,0.02095,2.095
373.31,0.02095,2.095
373.31,0.02095,2.095
373.32,0.02095,2.095
373.33,0.02095,2.095
373.34,0.02095,2.095
373.35,0.02095,2.095
373.36,0.02095,2.095
373.37,0.02095,2.095
373.38,0.02095,2.095
373.39,0.02095,2.095
373.40,0.02095,2.095
373.40,0.02095,2.095
373.41,0.02095,2.095
373.42,0.02095,2.095
373.43,0.02095,2.095
373.44,0.02095,2.095
373.45,0.02095,2.095
373.46,0.02095,2.095
373.47,0.02095,2.095
373.48,0.02095,2.095
373.49,0.02095,2.095
373.49,0.02095,2.095
373.50,0.02095,2.095
373.51,0.02095,2.095
373.52,0.02095,2.095
373.53,0.02095,2.095
373.54,0.02095,2.095
373.55,0.02095,2.095
373.56,0.02095,2.095
373.57,0.02095,2.095
373.57,0.02095,2.095
373.58,0.02095,2.095
373.59,0.02095,2.095
373.60,0.02095,2.095
373.61,0.02095,2.095
373.62,0.02095,2.095
373.63,0.02095,2.095
373.64,0.02095,2.095
373.65,0.02095,2.095
373.66,0.02095,2.095
373.66,0.02095,2.095
373.67,0.02095,2.095
373.68,0.02095,2.095
373.69,0.02095,2.095
373.70,0.02095,2.095
373.71,0.02095,2.095
373.72,0.02095,2.095
373.73,0.02095,2.095
373.74,0.02095,2.095
373.75,0.02095,2.095
373.75,0.02095,2.095
373.76,0.02095,2.095
373.77,0.02095,2.095
373.78,0.02095,2.095
373.79,0.02095,2.095
373.80,0.02095,2.095
373.81,0.02095,2.095
373.82,0.02095,2.095
373.83,0.02095,2.095
373.83,0.02095,2.095
373.84,0.02095,2.095
373.85,0.02095,2.095
373.86,0.02095,2.095
373.87,0.02095,2.095
373.88,0.02095,2.095
373.89,0.02095,2.095
373.90,0.02095,2.095
373.91,0.02095,2.095
373.92,0.02095,2.095
373.92,0.02095,2.095
373.93,0.02095,2.095
373.94,0.02095,2.095
373.95,0.02095,2.095
373.96,0.02095,2.095
373.97,0.02095,2.095
373.98,0.02095,2.095
373.99,0.02095,2.095
374.00,0.02095,2.095
374.01,0.02095,2.095
374.01,0.02095,2.095
374.02,0.02095,2.095
374.03,0.02095,2.095
374.04,0.02095,2.095
374.05,0.02095,2.095
374.06,0.02095,2.095
374.07,0.02095,2.095
374.08,0.02095,2.095
374.09,0.02095,2.095
374.09,0.02095,2.095
374.10,0.02095,2.095
374.11,0.02095,2.095
374.12,0.02095,2.095
374.13,0.02095,2.095
374.14,0.02095,2.095
374.15,0.02095,2.095
374.16,0.02095,2.095
374.17,0.02095,2.095
374.18,0.02095,2.095
374.18,0.02095,2.095
374.19,0.02095,2.095
374.20,0.02095,2.095
374.21,0.02095,2.095
374.22,0.02095,2.095
374.23,0.02095,2.095
374.24,0.02095,2.095
374.25,0.02095,2.095
374.26,0.02095,2.095
374.27,0.02095,2.095
374.27,0.02095,2.095
374.28,0.02095,2.095
374.29,0.02095,2.095
374.30,0.02095,2.095
374.31,0.02095,2.095
374.32,0.02095,2.095
374.33,0.02095,2.095
374.34,0.02095,2.095
374.35,0.02095,2.095
374.36,0.02095,2.095
374.36,0.02095,2.095
374.37,0.02095,2.095
374.38,0.02095,2.095
374.39,0.02095,2.095
374.40,0.02095,2.095
374.41,0.02095,2.095
374.42,0.02095,2.095
374.43,0.02095,2.095
374.44,0.02095,2.095
374.44,0.02095,2.095
374.45,0.02095,2.095
374.46,0.02095,2.095
374.47,0.02095,2.095
374.48,0.02095,2.095
374.49,0.02095,2.095
374.50,0.02095,2.095
374.51,0.02095,2.095
374.52,0.02095,2.095
374.53,0.02095,2.095
374.53,0.02095,2.095
374.54,0.02095,2.095
374.55,0.02095,2.095
374.56,0.02095,2.095
374.57,0.02095,2.095
374.58,0.02095,2.095
374.59,0.02095,2.095
374.60,0.02095,2.095
374.61,0.02095,2.095
374.62,0.02095,2.095
374.62,0.02095,2.095
374.63,0.02095,2.095
374.64,0.02095,2.095
374.65,0.02095,2.095
374.66,0.02095,2.095
374.67,0.02095,2.095
374.68,0.02095,2.095
374.69,0.02095,2.095
374.70,0.02095,2.095
374.70,0.02095,2.095
374.71,0.02095,2.095
374.72,0.02095,2.095
374.73,0.02095,2.095
374.74,0.02095,2.095
374.75,0.02095,2.095
374.76,0.02095,2.095
374.77,0.02095,2.095
374.78,0.02095,2.095
374.79,0.02095,2.095
374.79,0.02095,2.095
374.80,0.02095,2.095
374.81,0.02095,2.095
374.82,0.02095,2.095
374.83,0.02095,2.095
374.84,0.02095,2.095
374.85,0.02095,2.095
374.86,0.02095,2.095
374.87,0.02095,2.095
374.88,0.02095,2.095
374.88,0.02095,2.095
374.89,0.02095,2.095
374.90,0.02095,2.095
374.91,0.02095,2.095
374.92,0.02095,2.095
374.93,0.02095,2.095
374.94,0.02095,2.095
374.95,0.02095,2.095
374.96,0.02095,2.095
374.96,0.02095,2.095
374.97,0.02095,2.095
374.98,0.02095,2.095
374.99,0.02095,2.095
375.00,0.02095,2.095
375.01,0.02095,2.095
375.02,0.02095,2.095
375.03,0.02095,2.095
375.04,0.02095,2.095
375.05,0.02095,2.095
375.05,0.02095,2.095
375.06,0.02095,2.095
375.07,0.02095,2.095
375.08,0.02095,2.095
375.09,0.02095,2.095
375.10,0.02095,2.095
375.11,0.02095,2.095
375.12,0.02095,2.095
375.13,0.02095,2.095
375.14,0.02095,2.095
375.14,0.02095,2.095
375.15,0.02095,2.095
375.16,0.02095,2.095
375.17,0.02095,2.095
375.18,0.02095,2.095
375.19,0.02095,2.095
375.20,0.02095,2.095
375.21,0.02095,2.095
375.22,0.02095,2.095
375.22,0.02095,2.095
375.23,0.02095,2.095
375.24,0.02095,2.095
375.25,0.02095,2.095
375.26,0.02095,2.095
375.27,0.02095,2.095
375.28,0.02095,2.095
375.29,0.02095,2.095
375.30,0.02095,2.095
375.31,0.02095,2.095
375.31,0.02095,2.095
375.32,0.02095,2.095
375.33,0.02095,2.095
375.34,0.02095,2.095
375.35,0.02095,2.095
375.36,0.02095,2.095
375.37,0.02095,2.095
375.38,0.02095,2.095
375.39,0.02095,2.095
375.40,0.02095,2.095
375.40,0.02095,2.095
375.41,0.02095,2.095
375.42,0.02095,2.095
375.43,0.02095,2.095
375.44,0.02095,2.095
375.45,0.02095,2.095
375.46,0.02095,2.095
375.47,0.02095,2.095
375.48,0.02095,2.095
375.49,0.02095,2.095
375.49,0.02095,2.095
375.50,0.02095,2.095
375.51,0.02095,2.095
375.52,0.02095,2.095
375.53,0.02095,2.095
375.54,0.02095,2.095
375.55,0.02095,2.095
375.56,0.02095,2.095
375.57,0.02095,2.095
375.57,0.02095,2.095
375.58,0.02095,2.095
375.59,0.02095,2.095
375.60,0.02095,2.095
375.61,0.02095,2.095
375.62,0.02095,2.095
375.63,0.02095,2.095
375.64,0.02095,2.095
375.65,0.02095,2.095
375.66,0.02095,2.095
375.66,0.02095,2.095
375.67,0.02095,2.095
375.68,0.02095,2.095
375.69,0.02095,2.095
375.70,0.02095,2.095
375.71,0.02095,2.095
375.72,0.02095,2.095
375.73,0.02095,2.095
375.74,0.02095,2.095
375.75,0.02095,2.095
375.75,0.02095,2.095
375.76,0.02095,2.095
375.77,0.02095,2.095
375.78,0.02095,2.095
375.79,0.02095,2.095
375.80,0.02095,2.095
375.81,0.02095,2.095
375.82,0.02095,2.095
375.83,0.02095,2.095
375.83,0.02095,2.095
375.84,0.02095,2.095
375.85,0.02095,2.095
375.86,0.02095,2.095
375.87,0.02095,2.095
375.88,0.02095,2.095
375.89,0.02095,2.095
375.90,0.02095,2.095
375.91,0.02095,2.095
375.92,0.02095,2.095
375.92,0.02095,2.095
375.93,0.02095,2.095
375.94,0.02095,2.095
375.95,0.02095,2.095
375.96,0.02095,2.095
375.97,0.02095,2.095
375.98,0.02095,2.095
375.99,0.02095,2.095
376.00,0.02095,2.095
376.01,0.02095,2.095
376.01,0.02095,2.095
376.02,0.02095,2.095
376.03,0.02095,2.095
376.04,0.02095,2.095
376.05,0.02095,2.095
376.06,0.02095,2.095
376.07,0.02095,2.095
376.08,0.02095,2.095
376.09,0.02095,2.095
376.10,0.02095,2.095
376.10,0.02095,2.095
376.11,0.02095,2.095
376.12,0.02095,2.095
376.13,0.02095,2.095
376.14,0.02095,2.095
376.15,0.02095,2.095
376.16,0.02095,2.095
376.17,0.02095,2.095
376.18,0.02095,2.095
376.18,0.02095,2.095
376.19,0.02095,2.095
376.20,0.02095,2.095
376.21,0.02095,2.095
376.22,0.02095,2.095
376.23,0.02095,2.095
376.24,0.02095,2.095
376.25,0.02095,2.095
376.26,0.02095,2.095
376.27,0.02095,2.095
376.27,0.02095,2.095
376.28,0.02095,2.095
376.29,0.02095,2.095
376.30,0.02095,2.095
376.31,0.02095,2.095
376.32,0.02095,2.095
376.33,0.02095,2.095
376.34,0.02095,2.095
376.35,0.02095,2.095
376.36,0.02095,2.095
376.36,0.02096,2.096
376.37,0.02096,2.096
376.38,0.02096,2.096
376.39,0.02096,2.096
376.40,0.02096,2.096
376.41,0.02096,2.096
376.42,0.02096,2.096
376.43,0.02096,2.096
376.44,0.02096,2.096
376.44,0.02096,2.096
376.45,0.02096,2.096
376.46,0.02096,2.096
376.47,0.02096,2.096
376.48,0.02096,2.096
376.49,0.02096,2.096
376.50,0.02096,2.096
376.51,0.02096,2.096
376.52,0.02096,2.096
376.53,0.02096,2.096
376.53,0.02096,2.096
376.54,0.02096,2.096
376.55,0.02096,2.096
376.56,0.02096,2.096
376.57,0.02096,2.096
376.58,0.02096,2.096
376.59,0.02096,2.096
376.60,0.02096,2.096
376.61,0.02096,2.096
376.62,0.02096,2.096
376.62,0.02096,2.096
376.63,0.02096,2.096
376.64,0.02096,2.096
376.65,0.02096,2.096
376.66,0.02096,2.096
376.67,0.02096,2.096
376.68,0.02096,2.096
376.69,0.02096,2.096
376.70,0.02096,2.096
376.70,0.02096,2.096
376.71,0.02096,2.096
376.72,0.02096,2.096
376.73,0.02096,2.096
376.74,0.02096,2.096
376.75,0.02096,2.096
376.76,0.02096,2.096
376.77,0.02096,2.096
376.78,0.02096,2.096
376.79,0.02096,2.096
376.79,0.02096,2.096
376.80,0.02096,2.096
376.81,0.02096,2.096
376.82,0.02096,2.096
376.83,0.02096,2.096
376.84,0.02096,2.096
376.85,0.02096,2.096
376.86,0.02096,2.096
376.87,0.02096,2.096
376.88,0.02096,2.096
376.88,0.02096,2.096
376.89,0.02096,2.096
376.90,0.02096,2.096
376.91,0.02096,2.096
376.92,0.02096,2.096
376.93,0.02096,2.096
376.94,0.02096,2.096
376.95,0.02096,2.096
376.96,0.02096,2.096
376.96,0.02096,2.096
376.97,0.02096,2.096
376.98,0.02096,2.096
376.99,0.02096,2.096
377.00,0.02096,2.096
377.01,0.02096,2.096
377.02,0.02096,2.096
377.03,0.02096,2.096
377.04,0.02096,2.096
377.05,0.02096,2.096
377.05,0.02096,2.096
377.06,0.02096,2.096
377.07,0.02096,2.096
377.08,0.02096,2.096
377.09,0.02096,2.096
377.10,0.02096,2.096
377.11,0.02096,2.096
377.12,0.02096,2.096
377.13,0.02096,2.096
377.14,0.02096,2.096
377.14,0.02096,2.096
377.15,0.02096,2.096
377.16,0.02096,2.096
377.17,0.02096,2.096
377.18,0.02096,2.096
377.19,0.02096,2.096
377.20,0.02096,2.096
377.21,0.02096,2.096
377.22,0.02096,2.096
377.22,0.02096,2.096
377.23,0.02096,2.096
377.24,0.02096,2.096
377.25,0.02096,2.096
377.26,0.02096,2.096
377.27,0.02096,2.096
377.28,0.02096,2.096
377.29,0.02096,2.096
377.30,0.02096,2.096
377.31,0.02096,2.096
377.31,0.02096,2.096
377.32,0.02096,2.096
377.33,0.02096,2.096
377.34,0.02096,2.096
377.35,0.02096,2.096
377.36,0.02096,2.096
377.37,0.02096,2.096
377.38,0.02096,2.096
377.39,0.02096,2.096
377.40,0.02096,2.096
377.40,0.02096,2.096
377.41,0.02096,2.096
377.42,0.02096,2.096
377.43,0.02096,2.096
377.44,0.02096,2.096
377.45,0.02096,2.096
377.46,0.02096,2.096
377.47,0.02096,2.096
377.48,0.02096,2.096
377.49,0.02096,2.096
377.49,0.02096,2.096
377.50,0.02096,2.096
377.51,0.02096,2.096
377.52,0.02096,2.096
377.53,0.02096,2.096
377.54,0.02096,2.096
377.55,0.02096,2.096
377.56,0.02096,2.096
377.57,0.02096,2.096
377.57,0.02096,2.096
377.58,0.02096,2.096
377.59,0.02096,2.096
377.60,0.02096,2.096
377.61,0.02096,2.096
377.62,0.02096,2.096
377.63,0.02096,2.096
377.64,0.02096,2.096
377.65,0.02096,2.096
377.66,0.02096,2.096
377.66,0.02096,2.096
377.67,0.02096,2.096
377.68,0.02096,2.096
377.69,0.02096,2.096
377.70,0.02096,2.096
377.71,0.02096,2.096
377.72,0.02096,2.096
377.73,0.02096,2.096
377.74,0.02096,2.096
377.75,0.02096,2.096
377.75,0.02096,2.096
377.76,0.02096,2.096
377.77,0.02096,2.096
377.78,0.02096,2.096
377.79,0.02096,2.096
377.80,0.02096,2.096
377.81,0.02096,2.096
377.82,0.02096,2.096
377.83,0.02096,2.096
377.84,0.02096,2.096
377.84,0.02096,2.096
377.85,0.02096,2.096
377.86,0.02096,2.096
377.87,0.02096,2.096
377.88,0.02096,2.096
377.89,0.02096,2.096
377.90,0.02096,2.096
377.91,0.02096,2.096
377.92,0.02096,2.096
377.92,0.02096,2.096
377.93,0.02096,2.096
377.94,0.02096,2.096
377.95,0.02096,2.096
377.96,0.02096,2.096
377.97,0.02096,2.096
377.98,0.02096,2.096
377.99,0.02096,2.096
378.00,0.02096,2.096
378.01,0.02096,2.096
378.01,0.02096,2.096
378.02,0.02096,2.096
378.03,0.02096,2.096
378.04,0.02096,2.096
378.05,0.02096,2.096
378.06,0.02096,2.096
378.07,0.02096,2.096
378.08,0.02096,2.096
378.09,0.02096,2.096
378.10,0.02096,2.096
378.10,0.02096,2.096
378.11,0.02096,2.096
378.12,0.02096,2.096
378.13,0.02096,2.096
378.14,0.02096,2.096
378.15,0.02096,2.096
378.16,0.02096,2.096
378.17,0.02096,2.096
378.18,0.02096,2.096
378.18,0.02096,2.096
378.19,0.02096,2.096
378.20,0.02096,2.096
378.21,0.02096,2.096
378.22,0.02096,2.096
378.23,0.02096,2.096
378.24,0.02096,2.096
378.25,0.02096,2.096
378.26,0.02096,2.096
378.27,0.02096,2.096
378.27,0.02096,2.096
378.28,0.02096,2.096
378.29,0.02096,2.096
378.30,0.02096,2.096
378.31,0.02096,2.096
378.32,0.02096,2.096
378.33,0.02096,2.096
378.34,0.02096,2.096
378.35,0.02096,2.096
378.36,0.02096,2.096
378.36,0.02096,2.096
378.37,0.02096,2.096
378.38,0.02096,2.096
378.39,0.02096,2.096
378.40,0.02096,2.096
378.41,0.02096,2.096
378.42,0.02096,2.096
378.43,0.02096,2.096
378.44,0.02096,2.096
378.44,0.02096,2.096
378.45,0.02096,2.096
378.46,0.02096,2.096
378.47,0.02096,2.096
378.48,0.02096,2.096
378.49,0.02096,2.096
378.50,0.02096,2.096
378.51,0.02096,2.096
378.52,0.02096,2.096
378.53,0.02096,2.096
378.53,0.02096,2.096
378.54,0.02096,2.096
378.55,0.02096,2.096
378.56,0.02096,2.096
378.57,0.02096,2.096
378.58,0.02096,2.096
378.59,0.02096,2.096
378.60,0.02096,2.096
378.61,0.02096,2.096
378.62,0.02096,2.096
378.62,0.02096,2.096
378.63,0.02096,2.096
378.64,0.02096,2.096
378.65,0.02096,2.096
378.66,0.02096,2.096
378.67,0.02096,2.096
378.68,0.02096,2.096
378.69,0.02096,2.096
378.70,0.02096,2.096
378.70,0.02096,2.096
378.71,0.02096,2.096
378.72,0.02096,2.096
378.73,0.02096,2.096
378.74,0.02096,2.096
378.75,0.02096,2.096
378.76,0.02096,2.096
378.77,0.02096,2.096
378.78,0.02096,2.096
378.79,0.02096,2.096
378.79,0.02096,2.096
378.80,0.02096,2.096
378.81,0.02096,2.096
378.82,0.02096,2.096
378.83,0.02096,2.096
378.84,0.02096,2.096
378.85,0.02096,2.096
378.86,0.02096,2.096
378.87,0.02096,2.096
378.88,0.02096,2.096
378.88,0.02096,2.096
378.89,0.02096,2.096
378.90,0.02096,2.096
378.91,0.02096,2.096
378.92,0.02096,2.096
378.93,0.02096,2.096
378.94,0.02096,2.096
378.95,0.02096,2.096
378.96,0.02096,2.096
378.96,0.02096,2.096
378.97,0.02096,2.096
378.98,0.02096,2.096
378.99,0.02096,2.096
379.00,0.02096,2.096
379.01,0.02096,2.096
379.02,0.02096,2.096
379.03,0.02096,2.096
379.04,0.02096,2.096
379.05,0.02096,2.096
379.05,0.02096,2.096
379.06,0.02096,2.096
379.07,0.02096,2.096
379.08,0.02096,2.096
379.09,0.02096,2.096
379.10,0.02096,2.096
379.11,0.02096,2.096
379.12,0.02096,2.096
379.13,0.02096,2.096
379.14,0.02096,2.096
379.14,0.02096,2.096
379.15,0.02096,2.096
379.16,0.02096,2.096
379.17,0.02096,2.096
379.18,0.02096,2.096
379.19,0.02096,2.096
379.20,0.02096,2.096
379.21,0.02096,2.096
379.22,0.02096,2.096
379.23,0.02096,2.096
379.23,0.02096,2.096
379.24,0.02096,2.096
379.25,0.02096,2.096
379.26,0.02096,2.096
379.27,0.02097,2.097
379.28,0.02097,2.097
379.29,0.02097,2.097
379.30,0.02097,2.097
379.31,0.02097,2.097
379.31,0.02097,2.097
379.32,0.02097,2.097
379.33,0.02097,2.097
379.34,0.02097,2.097
379.35,0.02097,2.097
379.36,0.02097,2.097
379.37,0.02097,2.097
379.38,0.02097,2.097
379.39,0.02097,2.097
379.40,0.02097,2.097
379.40,0.02097,2.097
379.41,0.02097,2.097
379.42,0.02097,2.097
379.43,0.02097,2.097
379.44,0.02097,2.097
379.45,0.02097,2.097
379.46,0.02097,2.097
379.47,0.02097,2.097
379.48,0.02097,2.097
379.49,0.02097,2.097
379.49,0.02097,2.097
379.50,0.02097,2.097
379.51,0.02097,2.097
379.52,0.02097,2.097
379.53,0.02097,2.097
379.54,0.02097,2.097
379.55,0.02097,2.097
379.56,0.02097,2.097
379.57,0.02097,2.097
379.58,0.02097,2.097
379.58,0.02097,2.097
379.59,0.02097,2.097
379.60,0.02097,2.097
379.61,0.02097,2.097
379.62,0.02097,2.097
379.63,0.02097,2.097
379.64,0.02097,2.097
379.65,0.02097,2.097
379.66,0.02097,2.097
379.66,0.02097,2.097
379.67,0.02097,2.097
379.68,0.02097,2.097
379.69,0.02097,2.097
379.70,0.02097,2.097
379.71,0.02097,2.097
379.72,0.02097,2.097
379.73,0.02097,2.097
379.74,0.02097,2.097
379.75,0.02097,2.097
379.75,0.02097,2.097
379.76,0.02097,2.097
379.77,0.02097,2.097
379.78,0.02097,2.097
379.79,0.02097,2.097
379.80,0.02097,2.097
379.81,0.02097,2.097
379.82,0.02097,2.097
379.83,0.02097,2.097
379.84,0.02097,2.097
379.84,0.02097,2.097
379.85,0.02097,2.097
379.86,0.02097,2.097
379.87,0.02097,2.097
379.88,0.02097,2.097
379.89,0.02097,2.097
379.90,0.02097,2.097
379.91,0.02097,2.097
379.92,0.02097,2.097
379.92,0.02097,2.097
379.93,0.02097,2.097
379.94,0.02097,2.097
379.95,0.02097,2.097
379.96,0.02097,2.097
379.97,0.02097,2.097
379.98,0.02097,2.097
379.99,0.02097,2.097
380.00,0.02097,2.097
380.01,0.02097,2.097
380.01,0.02097,2.097
380.02,0.02097,2.097
380.03,0.02097,2.097
380.04,0.02097,2.097
380.05,0.02097,2.097
380.06,0.02097,2.097
380.07,0.02097,2.097
380.08,0.02097,2.097
380.09,0.02097,2.097
380.10,0.02097,2.097
380.10,0.02097,2.097
380.11,0.02097,2.097
380.12,0.02097,2.097
380.13,0.02097,2.097
380.14,0.02097,2.097
380.15,0.02097,2.097
380.16,0.02097,2.097
380.17,0.02097,2.097
380.18,0.02097,2.097
380.19,0.02097,2.097
380.19,0.02097,2.097
380.20,0.02097,2.097
380.21,0.02097,2.097
380.22,0.02097,2.097
380.23,0.02097,2.097
380.24,0.02097,2.097
380.25,0.02097,2.097
380.26,0.02097,2.097
380.27,0.02097,2.097
380.27,0.02097,2.097
380.28,0.02097,2.097
380.29,0.02097,2.097
380.30,0.02097,2.097
380.31,0.02097,2.097
380.32,0.02097,2.097
380.33,0.02097,2.097
380.34,0.02097,2.097
380.35,0.02097,2.097
380.36,0.02097,2.097
380.36,0.02097,2.097
380.37,0.02097,2.097
380.38,0.02097,2.097
380.39,0.02097,2.097
380.40,0.02097,2.097
380.41,0.02097,2.097
380.42,0.02097,2.097
380.43,0.02097,2.097
380.44,0.02097,2.097
380.45,0.02097,2.097
380.45,0.02097,2.097
380.46,0.02097,2.097
380.47,0.02097,2.097
380.48,0.02097,2.097
380.49,0.02097,2.097
380.50,0.02097,2.097
380.51,0.02097,2.097
380.52,0.02097,2.097
380.53,0.02097,2.097
380.53,0.02097,2.097
380.54,0.02097,2.097
380.55,0.02097,2.097
380.56,0.02097,2.097
380.57,0.02097,2.097
380.58,0.02097,2.097
380.59,0.02097,2.097
380.60,0.02097,2.097
380.61,0.02097,2.097
380.62,0.02097,2.097
380.62,0.02097,2.097
380.63,0.02097,2.097
380.64,0.02097,2.097
380.65,0.02097,2.097
380.66,0.02097,2.097
380.67,0.02097,2.097
380.68,0.02097,2.097
380.69,0.02097,2.097
380.70,0.02097,2.097
380.71,0.02097,2.097
380.71,0.02097,2.097
380.72,0.02097,2.097
380.73,0.02097,2.097
380.74,0.02097,2.097
380.75,0.02097,2.097
380.76,0.02097,2.097
380.77,0.02097,2.097
380.78,0.02097,2.097
380.79,0.02097,2.097
380.79,0.02097,2.097
380.80,0.02097,2.097
380.81,0.02097,2.097
380.82,0.02097,2.097
380.83,0.02097,2.097
380.84,0.02097,2.097
380.85,0.02097,2.097
380.86,0.02097,2.097
380.87,0.02097,2.097
380.88,0.02097,2.097
380.88,0.02097,2.097
380.89,0.02097,2.097
380.90,0.02097,2.097
380.91,0.02097,2.097
380.92,0.02097,2.097
380.93,0.02097,2.097
380.94,0.02097,2.097
380.95,0.02097,2.097
380.96,0.02097,2.097
380.97,0.02097,2.097
380.97,0.02097,2.097
380.98,0.02097,2.097
380.99,0.02097,2.097
381.00,0.02097,2.097
381.01,0.02097,2.097
381.02,0.02097,2.097
381.03,0.02097,2.097
381.04,0.02097,2.097
381.05,0.02097,2.097
381.05,0.02097,2.097
381.06,0.02097,2.097
381.07,0.02097,2.097
381.08,0.02097,2.097
381.09,0.02097,2.097
381.10,0.02097,2.097
381.11,0.02097,2.097
381.12,0.02097,2.097
381.13,0.02097,2.097
381.14,0.02097,2.097
381.14,0.02097,2.097
381.15,0.02097,2.097
381.16,0.02097,2.097
381.17,0.02097,2.097
381.18,0.02097,2.097
381.19,0.02097,2.097
381.20,0.02097,2.097
381.21,0.02097,2.097
381.22,0.02097,2.097
381.23,0.02097,2.097
381.23,0.02097,2.097
381.24,0.02097,2.097
381.25,0.02097,2.097
381.26,0.02097,2.097
381.27,0.02097,2.097
381.28,0.02097,2.097
381.29,0.02097,2.097
381.30,0.02097,2.097
381.31,0.02097,2.097
381.32,0.02097,2.097
381.32,0.02097,2.097
381.33,0.02097,2.097
381.34,0.02097,2.097
381.35,0.02097,2.097
381.36,0.02097,2.097
381.37,0.02097,2.097
381.38,0.02097,2.097
381.39,0.02097,2.097
381.40,0.02097,2.097
381.40,0.02097,2.097
381.41,0.02097,2.097
381.42,0.02097,2.097
381.43,0.02097,2.097
381.44,0.02097,2.097
381.45,0.02097,2.097
381.46,0.02097,2.097
381.47,0.02097,2.097
381.48,0.02097,2.097
381.49,0.02097,2.097
381.49,0.02097,2.097
381.50,0.02097,2.097
381.51,0.02097,2.097
381.52,0.02097,2.097
381.53,0.02097,2.097
381.54,0.02097,2.097
381.55,0.02097,2.097
381.56,0.02097,2.097
381.57,0.02097,2.097
381.58,0.02097,2.097
381.58,0.02097,2.097
381.59,0.02097,2.097
381.60,0.02097,2.097
381.61,0.02097,2.097
381.62,0.02097,2.097
381.63,0.02097,2.097
381.64,0.02097,2.097
381.65,0.02097,2.097
381.66,0.02097,2.097
381.67,0.02097,2.097
381.67,0.02097,2.097
381.68,0.02097,2.097
381.69,0.02097,2.097
381.70,0.02097,2.097
381.71,0.02097,2.097
381.72,0.02097,2.097
381.73,0.02097,2.097
381.74,0.02097,2.097
381.75,0.02097,2.097
381.75,0.02097,2.097
381.76,0.02097,2.097
381.77,0.02097,2.097
381.78,0.02097,2.097
381.79,0.02097,2.097
381.80,0.02097,2.097
381.81,0.02097,2.097
381.82,0.02097,2.097
381.83,0.02097,2.097
381.84,0.02097,2.097
381.84,0.02097,2.097
381.85,0.02097,2.097
381.86,0.02097,2.097
381.87,0.02097,2.097
381.88,0.02097,2.097
381.89,0.02097,2.097
381.90,0.02097,2.097
381.91,0.02097,2.097
381.92,0.02097,2.097
381.93,0.02097,2.097
381.93,0.02097,2.097
381.94,0.02097,2.097
381.95,0.02097,2.097
381.96,0.02097,2.097
381.97,0.02097,2.097
381.98,0.02097,2.097
381.99,0.02097,2.097
382.00,0.02097,2.097
382.01,0.02097,2.097
382.01,0.02098,2.098
382.02,0.02098,2.098
382.03,0.02098,2.098
382.04,0.02098,2.098
382.05,0.02098,2.098
382.06,0.02098,2.098
382.07,0.02098,2.098
382.08,0.02098,2.098
382.09,0.02098,2.098
382.10,0.02098,2.098
382.10,0.02098,2.098
382.11,0.02098,2.098
382.12,0.02098,2.098
382.13,0.02098,2.098
382.14,0.02098,2.098
382.15,0.02098,2.098
382.16,0.02098,2.098
382.17,0.02098,2.098
382.18,0.02098,2.098
382.19,0.02098,2.098
382.19,0.02098,2.098
382.20,0.02098,2.098
382.21,0.02098,2.098
382.22,0.02098,2.098
382.23,0.02098,2.098
382.24,0.02098,2.098
382.25,0.02098,2.098
382.26,0.02098,2.098
382.27,0.02098,2.098
382.27,0.02098,2.098
382.28,0.02098,2.098
382.29,0.02098,2.098
382.30,0.02098,2.098
382.31,0.02098,2.098
382.32,0.02098,2.098
382.33,0.02098,2.098
382.34,0.02098,2.098
382.35,0.02098,2.098
382.36,0.02098,2.098
382.36,0.02098,2.098
382.37,0.02098,2.098
382.38,0.02098,2.098
382.39,0.02098,2.098
382.40,0.02098,2.098
382.41,0.02098,2.098
382.42,0.02098,2.098
382.43,0.02098,2.098
382.44,0.02098,2.098
382.45,0.02098,2.098
382.45,0.02098,2.098
382.46,0.02098,2.098
382.47,0.02098,2.098
382.48,0.02098,2.098
382.49,0.02098,2.098
382.50,0.02098,2.098
382.51,0.02098,2.098
382.52,0.02098,2.098
382.53,0.02098,2.098
382.54,0.02098,2.098
382.54,0.02098,2.098
382.55,0.02098,2.098
382.56,0.02098,2.098
382.57,0.02098,2.098
382.58,0.02098,2.098
382.59,0.02098,2.098
382.60,0.02098,2.098
382.61,0.02098,2.098
382.62,0.02098,2.098
382.62,0.02098,2.098
382.63,0.02098,2.098
382.64,0.02098,2.098
382.65,0.02098,2.098
382.66,0.02098,2.098
382.67,0.02098,2.098
382.68,0.02098,2.098
382.69,0.02098,2.098
382.70,0.02098,2.098
382.71,0.02098,2.098
382.71,0.02098,2.098
382.72,0.02098,2.098
382.73,0.02098,2.098
382.74,0.02098,2.098
382.75,0.02098,2.098
382.76,0.02098,2.098
382.77,0.02098,2.098
382.78,0.02098,2.098
382.79,0.02098,2.098
382.80,0.02098,2.098
382.80,0.02098,2.098
382.81,0.02098,2.098
382.82,0.02098,2.098
382.83,0.02098,2.098
382.84,0.02098,2.098
382.85,0.02098,2.098
382.86,0.02098,2.098
382.87,0.02098,2.098
382.88,0.02098,2.098
382.88,0.02098,2.098
382.89,0.02098,2.098
382.90,0.02098,2.098
382.91,0.02098,2.098
382.92,0.02098,2.098
382.93,0.02098,2.098
382.94,0.02098,2.098
382.95,0.02098,2.098
382.96,0.02098,2.098
382.97,0.02098,2.098
382.97,0.02098,2.098
382.98,0.02098,2.098
382.99,0.02098,2.098
383.00,0.02098,2.098
383.01,0.02098,2.098
383.02,0.02098,2.098
383.03,0.02098,2.098
383.04,0.02098,2.098
383.05,0.02098,2.098
383.06,0.02098,2.098
383.06,0.02098,2.098
383.07,0.02098,2.098
383.08,0.02098,2.098
383.09,0.02098,2.098
383.10,0.02098,2.098
383.11,0.02098,2.098
383.12,0.02098,2.098
383.13,0.02098,2.098
383.14,0.02098,2.098
383.15,0.02098,2.098
383.15,0.02098,2.098
383.16,0.02098,2.098
383.17,0.02098,2.098
383.18,0.02098,2.098
383.19,0.02098,2.098
383.20,0.02098,2.098
383.21,0.02098,2.098
383.22,0.02098,2.098
383.23,0.02098,2.098
383.23,0.02098,2.098
383.24,0.02098,2.098
383.25,0.02098,2.098
383.26,0.02098,2.098
383.27,0.02098,2.098
383.28,0.02098,2.098
383.29,0.02098,2.098
383.30,0.02098,2.098
383.31,0.02098,2.098
383.32,0.02098,2.098
383.32,0.02098,2.098
383.33,0.02098,2.098
383.34,0.02098,2.098
383.35,0.02098,2.098
383.36,0.02098,2.098
383.37,0.02098,2.098
383.38,0.02098,2.098
383.39,0.02098,2.098
383.40,0.02098,2.098
383.41,0.02098,2.098
383.41,0.02098,2.098
383.42,0.02098,2.098
383.43,0.02098,2.098
383.44,0.02098,2.098
383.45,0.02098,2.098
383.46,0.02098,2.098
383.47,0.02098,2.098
383.48,0.02098,2.098
383.49,0.02098,2.098
383.49,0.02098,2.098
383.50,0.02098,2.098
383.51,0.02098,2.098
383.52,0.02098,2.098
383.53,0.02098,2.098
383.54,0.02098,2.098
383.55,0.02098,2.098
383.56,0.02098,2.098
383.57,0.02098,2.098
383.58,0.02098,2.098
383.58,0.02098,2.098
383.59,0.02098,2.098
383.60,0.02098,2.098
383.61,0.02098,2.098
383.62,0.02098,2.098
383.63,0.02098,2.098
383.64,0.02098,2.098
383.65,0.02098,2.098
383.66,0.02098,2.098
383.67,0.02098,2.098
383.67,0.02098,2.098
383.68,0.02098,2.098
383.69,0.02098,2.098
383.70,0.02098,2.098
383.71,0.02098,2.098
383.72,0.02098,2.098
383.73,0.02098,2.098
383.74,0.02098,2.098
383.75,0.02098,2.098
383.76,0.02098,2.098
383.76,0.02098,2.098
383.77,0.02098,2.098
383.78,0.02098,2.098
383.79,0.02098,2.098
383.80,0.02098,2.098
383.81,0.02098,2.098
383.82,0.02098,2.098
383.83,0.02098,2.098
383.84,0.02098,2.098
383.84,0.02098,2.098
383.85,0.02098,2.098
383.86,0.02098,2.098
383.87,0.02098,2.098
383.88,0.02098,2.098
383.89,0.02098,2.098
383.90,0.02098,2.098
383.91,0.02098,2.098
383.92,0.02098,2.098
383.93,0.02098,2.098
383.93,0.02098,2.098
383.94,0.02098,2.098
383.95,0.02098,2.098
383.96,0.02098,2.098
383.97,0.02098,2.098
383.98,0.02098,2.098
383.99,0.02098,2.098
384.00,0.02098,2.098
384.01,0.02098,2.098
384.02,0.02098,2.098
384.02,0.02098,2.098
384.03,0.02098,2.098
384.04,0.02098,2.098
384.05,0.02098,2.098
384.06,0.02098,2.098
384.07,0.02098,2.098
384.08,0.02098,2.098
384.09,0.02098,2.098
384.10,0.02098,2.098
384.10,0.02098,2.098
384.11,0.02098,2.098
384.12,0.02098,2.098
384.13,0.02098,2.098
384.14,0.02098,2.098
384.15,0.02098,2.098
384.16,0.02098,2.098
384.17,0.02098,2.098
384.18,0.02098,2.098
384.19,0.02098,2.098
384.19,0.02098,2.098
384.20,0.02098,2.098
384.21,0.02098,2.098
384.22,0.02098,2.098
384.23,0.02098,2.098
384.24,0.02098,2.098
384.25,0.02098,2.098
384.26,0.02098,2.098
384.27,0.02098,2.098
384.28,0.02098,2.098
384.28,0.02098,2.098
384.29,0.02098,2.098
384.30,0.02098,2.098
384.31,0.02098,2.098
384.32,0.02098,2.098
384.33,0.02098,2.098
384.34,0.02098,2.098
384.35,0.02098,2.098
384.36,0.02098,2.098
384.37,0.02098,2.098
384.37,0.02098,2.098
384.38,0.02098,2.098
384.39,0.02098,2.098
384.40,0.02098,2.098
384.41,0.02098,2.098
384.42,0.02098,2.098
384.43,0.02098,2.098
384.44,0.02098,2.098
384.45,0.02098,2.098
384.45,0.02098,2.098
384.46,0.02098,2.098
384.47,0.02098,2.098
384.48,0.02098,2.098
384.49,0.02098,2.098
384.50,0.02098,2.098
384.51,0.02098,2.098
384.52,0.02098,2.098
384.53,0.02098,2.098
384.54,0.02098,2.098
384.54,0.02098,2.098
384.55,0.02098,2.098
384.56,0.02098,2.098
384.57,0.02098,2.098
384.58,0.02098,2.098
384.59,0.02098,2.098
384.60,0.02098,2.098
384.61,0.02098,2.098
384.62,0.02098,2.098
384.63,0.02098,2.098
384.63,0.02098,2.098
384.64,0.02098,2.098
384.65,0.02098,2.098
384.66,0.02098,2.098
384.67,0.02098,2.098
384.68,0.02098,2.098
384.69,0.02098,2.098
384.70,0.02098,2.098
384.71,0.02098,2.098
384.72,0.02098,2.098
384.72,0.02098,2.098
384.73,0.02098,2.098
384.74,0.02098,2.098
384.75,0.02098,2.098
384.76,0.02098,2.098
384.77,0.02098,2.098
384.78,0.02098,2.098
384.79,0.02098,2.098
384.80,0.02098,2.098
384.80,0.02098,2.098
384.81,0.02098,2.098
384.82,0.02098,2.098
384.83,0.02098,2.098
384.84,0.02098,2.098
384.85,0.02098,2.098
384.86,0.02098,2.098
384.87,0.02098,2.098
384.88,0.02098,2.098
384.89,0.02098,2.098
384.89,0.02098,2.098
384.90,0.02098,2.098
384.91,0.02098,2.098
384.92,0.02098,2.098
384.93,0.02098,2.098
384.94,0.02098,2.098
384.95,0.02098,2.098
384.96,0.02098,2.098
384.97,0.02098,2.098
384.98,0.02098,2.098
384.98,0.02098,2.098
384.99,0.02098,2.098
385.00,0.02098,2.098
385.01,0.02098,2.098
385.02,0.02098,2.098
385.03,0.02098,2.098
385.04,0.02098,2.098
385.05,0.02098,2.098
385.06,0.02098,2.098
385.07,0.02098,2.098
385.07,0.02098,2.098
385.08,0.02098,2.098
385.09,0.02098,2.098
385.10,0.02098,2.098
385.11,0.02098,2.098
385.12,0.02098,2.098
385.13,0.02098,2.098
385.14,0.02098,2.098
385.15,0.02098,2.098
385.15,0.02098,2.098
385.16,0.02098,2.098
385.17,0.02098,2.098
385.18,0.02098,2.098
385.19,0.02098,2.098
385.20,0.02098,2.098
385.21,0.02098,2.098
385.22,0.02098,2.098
385.23,0.02098,2.098
385.24,0.02098,2.098
385.24,0.02098,2.098
385.25,0.02098,2.098
385.26,0.02098,2.098
385.27,0.02098,2.098
385.28,0.02098,2.098
385.29,0.02098,2.098
385.30,0.02098,2.098
385.31,0.02098,2.098
385.32,0.02098,2.098
385.33,0.02098,2.098
385.33,0.02098,2.098
385.34,0.02099,2.099
385.35,0.02099,2.099
385.36,0.02099,2.099
385.37,0.02099,2.099
385.38,0.02099,2.099
385.39,0.02099,2.099
385.40,0.02099,2.099
385.41,0.02099,2.099
385.41,0.02099,2.099
385.42,0.02099,2.099
385.43,0.02099,2.099
385.44,0.02099,2.099
385.45,0.02099,2.099
385.46,0.02099,2.099
385.47,0.02099,2.099
385.48,0.02099,2.099
385.49,0.02099,2.099
385.50,0.02099,2.099
385.50,0.02099,2.099
385.51,0.02099,2.099
385.52,0.02099,2.099
385.53,0.02099,2.099
385.54,0.02099,2.099
385.55,0.02099,2.099
385.56,0.02099,2.099
385.57,0.02099,2.099
385.58,0.02099,2.099
385.59,0.02099,2.099
385.59,0.02099,2.099
385.60,0.02099,2.099
385.61,0.02099,2.099
385.62,0.02099,2.099
385.63,0.02099,2.099
385.64,0.02099,2.099
385.65,0.02099,2.099
385.66,0.02099,2.099
385.67,0.02099,2.099
385.67,0.02099,2.099
385.68,0.02099,2.099
385.69,0.02099,2.099
385.70,0.02099,2.099
385.71,0.02099,2.099
385.72,0.02099,2.099
385.73,0.02099,2.099
385.74,0.02099,2.099
385.75,0.02099,2.099
385.76,0.02099,2.099
385.76,0.02099,2.099
385.77,0.02099,2.099
385.78,0.02099,2.099
385.79,0.02099,2.099
385.80,0.02099,2.099
385.81,0.02099,2.099
385.82,0.02099,2.099
385.83,0.02099,2.099
385.84,0.02099,2.099
385.85,0.02099,2.099
385.85,0.02099,2.099
385.86,0.02099,2.099
385.87,0.02099,2.099
385.88,0.02099,2.099
385.89,0.02099,2.099
385.90,0.02099,2.099
385.91,0.02099,2.099
385.92,0.02099,2.099
385.93,0.02099,2.099
385.94,0.02099,2.099
385.94,0.02099,2.099
385.95,0.02099,2.099
385.96,0.02099,2.099
385.97,0.02099,2.099
385.98,0.02099,2.099
385.99,0.02099,2.099
386.00,0.02099,2.099
386.01,0.02099,2.099
386.02,0.02099,2.099
386.02,0.02099,2.099
386.03,0.02099,2.099
386.04,0.02099,2.099
386.05,0.02099,2.099
386.06,0.02099,2.099
386.07,0.02099,2.099
386.08,0.02099,2.099
386.09,0.02099,2.099
386.10,0.02099,2.099
386.11,0.02099,2.099
386.11,0.02099,2.099
386.12,0.02099,2.099
386.13,0.02099,2.099
386.14,0.02099,2.099
386.15,0.02099,2.099
386.16,0.02099,2.099
386.17,0.02099,2.099
386.18,0.02099,2.099
386.19,0.02099,2.099
386.20,0.02099,2.099
386.20,0.02099,2.099
386.21,0.02099,2.099
386.22,0.02099,2.099
386.23,0.02099,2.099
386.24,0.02099,2.099
386.25,0.02099,2.099
386.26,0.02099,2.099
386.27,0.02099,2.099
386.28,0.02099,2.099
386.29,0.02099,2.099
386.29,0.02099,2.099
386.30,0.02099,2.099
386.31,0.02099,2.099
386.32,0.02099,2.099
386.33,0.02099,2.099
386.34,0.02099,2.099
386.35,0.02099,2.099
386.36,0.02099,2.099
386.37,0.02099,2.099
386.37,0.02099,2.099
386.38,0.02099,2.099
386.39,0.02099,2.099
386.40,0.02099,2.099
386.41,0.02099,2.099
386.42,0.02099,2.099
386.43,0.02099,2.099
386.44,0.02099,2.099
386.45,0.02099,2.099
386.46,0.02099,2.099
386.46,0.02099,2.099
386.47,0.02099,2.099
386.48,0.02099,2.099
386.49,0.02099,2.099
386.50,0.02099,2.099
386.51,0.02099,2.099
386.52,0.02099,2.099
386.53,0.02099,2.099
386.54,0.02099,2.099
386.55,0.02099,2.099
386.55,0.02099,2.099
386.56,0.02099,2.099
386.57,0.02099,2.099
386.58,0.02099,2.099
386.59,0.02099,2.099
386.60,0.02099,2.099
386.61,0.02099,2.099
386.62,0.02099,2.099
386.63,0.02099,2.099
386.64,0.02099,2.099
386.64,0.02099,2.099
386.65,0.02099,2.099
386.66,0.02099,2.099
386.67,0.02099,2.099
386.68,0.02099,2.099
386.69,0.02099,2.099
386.70,0.02099,2.099
386.71,0.02099,2.099
386.72,0.02099,2.099
386.72,0.02099,2.099
386.73,0.02099,2.099
386.74,0.02099,2.099
386.75,0.02099,2.099
386.76,0.02099,2.099
386.77,0.02099,2.099
386.78,0.02099,2.099
386.79,0.02099,2.099
386.80,0.02099,2.099
386.81,0.02099,2.099
386.81,0.02099,2.099
386.82,0.02099,2.099
386.83,0.02099,2.099
386.84,0.02099,2.099
386.85,0.02099,2.099
386.86,0.02099,2.099
386.87,0.02099,2.099
386.88,0.02099,2.099
386.89,0.02099,2.099
386.90,0.02099,2.099
386.90,0.02099,2.099
386.91,0.02099,2.099
386.92,0.02099,2.099
386.93,0.02099,2.099
386.94,0.02099,2.099
386.95,0.02099,2.099
386.96,0.02099,2.099
386.97,0.02099,2.099
386.98,0.02099,2.099
386.98,0.02099,2.099
386.99,0.02099,2.099
387.00,0.02099,2.099
387.01,0.02099,2.099
387.02,0.02099,2.099
387.03,0.02099,2.099
387.04,0.02099,2.099
387.05,0.02099,2.099
387.06,0.02099,2.099
387.07,0.02099,2.099
387.07,0.02099,2.099
387.08,0.02099,2.099
387.09,0.02099,2.099
387.10,0.02099,2.099
387.11,0.02099,2.099
387.12,0.02099,2.099
387.13,0.02099,2.099
387.14,0.02099,2.099
387.15,0.02099,2.099
387.16,0.02099,2.099
387.16,0.02099,2.099
387.17,0.02099,2.099
387.18,0.02099,2.099
387.19,0.02099,2.099
387.20,0.02099,2.099
387.21,0.02099,2.099
387.22,0.02099,2.099
387.23,0.02099,2.099
387.24,0.02099,2.099
387.24,0.02099,2.099
387.25,0.02099,2.099
387.26,0.02099,2.099
387.27,0.02099,2.099
387.28,0.02099,2.099
387.29,0.02099,2.099
387.30,0.02099,2.099
387.31,0.02099,2.099
387.32,0.02099,2.099
387.33,0.02099,2.099
387.33,0.02099,2.099
387.34,0.02099,2.099
387.35,0.02099,2.099
387.36,0.02099,2.099
387.37,0.02099,2.099
387.38,0.02099,2.099
387.39,0.02099,2.099
387.40,0.02099,2.099
387.41,0.02099,2.099
387.42,0.02099,2.099
387.42,0.02099,2.099
387.43,0.02099,2.099
387.44,0.02099,2.099
387.45,0.02099,2.099
387.46,0.02099,2.099
387.47,0.02099,2.099
387.48,0.02099,2.099
387.49,0.02099,2.099
387.50,0.02099,2.099
387.51,0.02099,2.099
387.51,0.02099,2.099
387.52,0.02099,2.099
387.53,0.02099,2.099
387.54,0.02099,2.099
387.55,0.02099,2.099
387.56,0.02099,2.099
387.57,0.02099,2.099
387.58,0.02099,2.099
387.59,0.02099,2.099
387.59,0.02099,2.099
387.60,0.02099,2.099
387.61,0.02099,2.099
387.62,0.02099,2.099
387.63,0.02099,2.099
387.64,0.02099,2.099
387.65,0.02099,2.099
387.66,0.02099,2.099
387.67,0.02099,2.099
387.68,0.02099,2.099
387.68,0.02099,2.099
387.69,0.02099,2.099
387.70,0.02099,2.099
387.71,0.02099,2.099
387.72,0.02099,2.099
387.73,0.02099,2.099
387.74,0.02099,2.099
387.75,0.02099,2.099
387.76,0.02099,2.099
387.77,0.02099,2.099
387.77,0.02099,2.099
387.78,0.02099,2.099
387.79,0.02099,2.099
387.80,0.02099,2.099
387.81,0.02099,2.099
387.82,0.02099,2.099
387.83,0.02099,2.099
387.84,0.02099,2.099
387.85,0.02099,2.099
387.86,0.02099,2.099
387.86,0.02099,2.099
387.87,0.02099,2.099
387.88,0.02099,2.099
387.89,0.02099,2.099
387.90,0.02099,2.099
387.91,0.02099,2.099
387.92,0.02099,2.099
387.93,0.02099,2.099
387.94,0.02099,2.099
387.94,0.02099,2.099
387.95,0.02099,2.099
387.96,0.02099,2.099
387.97,0.02099,2.099
387.98,0.02099,2.099
387.99,0.02099,2.099
388.00,0.02099,2.099
388.01,0.02099,2.099
388.02,0.02099,2.099
388.03,0.02099,2.099
388.03,0.02099,2.099
388.04,0.02099,2.099
388.05,0.02099,2.099
388.06,0.02099,2.099
388.07,0.02099,2.099
388.08,0.02099,2.099
388.09,0.02099,2.099
388.10,0.02099,2.099
388.11,0.02099,2.099
388.12,0.02099,2.099
388.12,0.02099,2.099
388.13,0.02099,2.099
388.14,0.02099,2.099
388.15,0.02099,2.099
388.16,0.02099,2.099
388.17,0.02099,2.099
388.18,0.02099,2.099
388.19,0.02099,2.099
388.20,0.02099,2.099
388.21,0.02099,2.099
388.21,0.02099,2.099
388.22,0.02099,2.099
388.23,0.02099,2.099
388.24,0.02099,2.099
388.25,0.02099,2.099
388.26,0.02099,2.099
388.27,0.02099,2.099
388.28,0.02099,2.099
388.29,0.02099,2.099
388.30,0.02099,2.099
388.30,0.02099,2.099
388.31,0.02099,2.099
388.32,0.02099,2.099
388.33,0.02099,2.099
388.34,0.02099,2.099
388.35,0.02099,2.099
388.36,0.02099,2.099
388.37,0.02099,2.099
388.38,0.02099,2.099
388.38,0.02099,2.099
388.39,0.02099,2.099
388.40,0.02099,2.099
388.41,0.02099,2.099
388.42,0.02099,2.099
388.43,0.02099,2.099
388.44,0.02099,2.099
388.45,0.02099,2.099
388.46,0.02099,2.099
388.47,0.02099,2.099
388.47,0.02099,2.099
388.48,0.02099,2.099
388.49,0.02099,2.099
388.50,0.02099,2.099
388.51,0.02099,2.099
388.52,0.02099,2.099
388.53,0.02099,2.099
388.54,0.02099,2.099
388.55,0.02099,2.099
388.56,0.02099,2.099
388.56,0.02099,2.099
388.57,0.02099,2.099
388.58,0.02099,2.099
388.59,0.02099,2.099
388.60,0.02099,2.099
388.61,0.02099,2.099
388.62,0.02099,2.099
388.63,0.02099,2.099
388.64,0.02099,2.099
388.64,0.02099,2.099
388.65,0.02099,2.099
388.66,0.02099,2.099
388.67,0.02099,2.099
388.68,0.02099,2.099
388.69,0.02099,2.099
388.70,0.02099,2.099
388.71,0.02099,2.099
388.72,0.02099,2.099
388.73,0.02099,2.099
388.73,0.02099,2.099
388.74,0.02099,2.099
388.75,0.02099,2.099
388.76,0.02099,2.099
388.77,0.02099,2.099
388.78,0.02099,2.099
388.79,0.02099,2.099
388.80,0.02099,2.099
388.81,0.02099,2.099
388.82,0.02099,2.099
388.82,0.02099,2.099
388.83,0.02099,2.099
388.84,0.02099,2.099
388.85,0.02099,2.099
388.86,0.02099,2.099
388.87,0.02099,2.099
388.88,0.02099,2.099
388.89,0.02099,2.099
388.90,0.02099,2.099
388.90,0.02099,2.099
388.91,0.02099,2.099
388.92,0.02099,2.099
388.93,0.02099,2.099
388.94,0.02099,2.099
388.95,0.02099,2.099
388.96,0.02099,2.099
388.97,0.02099,2.099
388.98,0.02099,2.099
388.99,0.02099,2.099
388.99,0.02099,2.099
389.00,0.02099,2.099
389.01,0.02099,2.099
389.02,0.02099,2.099
389.03,0.02099,2.099
389.04,0.02099,2.099
389.05,0.02099,2.099
389.06,0.02099,2.099
389.07,0.02099,2.099
389.08,0.02099,2.099
389.08,0.02099,2.099
389.09,0.02099,2.099
389.10,0.02099,2.099
389.11,0.02099,2.099
389.12,0.02099,2.099
389.13,0.02099,2.099
389.14,0.02099,2.099
389.15,0.02099,2.099
389.16,0.02099,2.099
389.17,0.02099,2.099
389.17,0.02099,2.099
389.18,0.02099,2.099
389.19,0.02099,2.099
389.20,0.02099,2.099
389.21,0.02099,2.099
389.22,0.02099,2.099
389.23,0.02099,2.099
389.24,0.02099,2.099
389.25,0.02099,2.099
389.25,0.02099,2.099
389.26,0.02099,2.099
389.27,0.02099,2.099
389.28,0.02099,2.099
389.29,0.02099,2.099
389.30,0.02099,2.099
389.31,0.02099,2.099
389.32,0.02099,2.099
389.33,0.02099,2.099
389.34,0.02099,2.099
389.34,0.02099,2.099
389.35,0.02099,2.099
389.36,0.02099,2.099
389.37,0.02099,2.099
389.38,0.02099,2.099
389.39,0.02099,2.099
389.40,0.02099,2.099
389.41,0.02099,2.099
389.42,0.02099,2.099
389.43,0.02099,2.099
389.43,0.02099,2.099
389.44,0.02100,2.100
389.45,0.02100,2.100
389.46,0.02100,2.100
389.47,0.02100,2.100
389.48,0.02100,2.100
389.49,0.02100,2.100
389.50,0.02100,2.100
389.51,0.02100,2.100
389.52,0.02100,2.100
389.52,0.02100,2.100
389.53,0.02100,2.100
389.54,0.02100,2.100
389.55,0.02100,2.100
389.56,0.02100,2.100
389.57,0.02100,2.100
389.58,0.02100,2.100
389.59,0.02100,2.100
389.60,0.02100,2.100
389.60,0.02100,2.100
389.61,0.02100,2.100
389.62,0.02100,2.100
389.63,0.02100,2.100
389.64,0.02100,2.100
389.65,0.02100,2.100
389.66,0.02100,2.100
389.67,0.02100,2.100
389.68,0.02100,2.100
389.69,0.02100,2.100
389.69,0.02100,2.100
389.70,0.02100,2.100
389.71,0.02100,2.100
389.72,0.02100,2.100
389.73,0.02100,2.100
389.74,0.02100,2.100
389.75,0.02100,2.100
389.76,0.02100,2.100
389.77,0.02100,2.100
389.78,0.02100,2.100
389.78,0.02100,2.100
389.79,0.02100,2.100
389.80,0.02100,2.100
389.81,0.02100,2.100
389.82,0.02100,2.100
389.83,0.02100,2.100
389.84,0.02100,2.100
389.85,0.02100,2.100
389.86,0.02100,2.100
389.87,0.02100,2.100
389.87,0.02100,2.100
389.88,0.02100,2.100
389.89,0.02100,2.100
389.90,0.02100,2.100
389.91,0.02100,2.100
389.92,0.02100,2.100
389.93,0.02100,2.100
389.94,0.02100,2.100
389.95,0.02100,2.100
389.95,0.02100,2.100
389.96,0.02100,2.100
389.97,0.02100,2.100
389.98,0.02100,2.100
389.99,0.02100,2.100
390.00,0.02100,2.100
390.01,0.02100,2.100
390.02,0.02100,2.100
390.03,0.02100,2.100
390.04,0.02100,2.100
390.04,0.02100,2.100
390.05,0.02100,2.100
390.06,0.02100,2.100
390.07,0.02100,2.100
390.08,0.02100,2.100
390.09,0.02100,2.100
390.10,0.02100,2.100
390.11,0.02100,2.100
390.12,0.02100,2.100
390.13,0.02100,2.100
390.13,0.02100,2.100
390.14,0.02100,2.100
390.15,0.02100,2.100
390.16,0.02100,2.100
390.17,0.02100,2.100
390.18,0.02100,2.100
390.19,0.02100,2.100
390.20,0.02100,2.100
390.21,0.02100,2.100
390.22,0.02100,2.100
390.22,0.02100,2.100
390.23,0.02100,2.100
390.24,0.02100,2.100
390.25,0.02100,2.100
390.26,0.02100,2.100
390.27,0.02100,2.100
390.28,0.02100,2.100
390.29,0.02100,2.100
390.30,0.02100,2.100
390.31,0.02100,2.100
390.31,0.02100,2.100
390.32,0.02100,2.100
390.33,0.02100,2.100
390.34,0.02100,2.100
390.35,0.02100,2.100
390.36,0.02100,2.100
390.37,0.02100,2.100
390.38,0.02100,2.100
390.39,0.02100,2.100
390.39,0.02100,2.100
390.40,0.02100,2.100
390.41,0.02100,2.100
390.42,0.02100,2.100
390.43,0.02100,2.100
390.44,0.02100,2.100
390.45,0.02100,2.100
390.46,0.02100,2.100
390.47,0.02100,2.100
390.48,0.02100,2.100
390.48,0.02100,2.100
390.49,0.02100,2.100
390.50,0.02100,2.100
390.51,0.02100,2.100
390.52,0.02100,2.100
390.53,0.02100,2.100
390.54,0.02100,2.100
390.55,0.02100,2.100
390.56,0.02100,2.100
390.57,0.02100,2.100
390.57,0.02100,2.100
390.58,0.02100,2.100
390.59,0.02100,2.100
390.60,0.02100,2.100
390.61,0.02100,2.100
390.62,0.02100,2.100
390.63,0.02100,2.100
390.64,0.02100,2.100
390.65,0.02100,2.100
390.65,0.02100,2.100
390.66,0.02100,2.100
390.67,0.02100,2.100
390.68,0.02100,2.100
390.69,0.02100,2.100
390.70,0.02100,2.100
390.71,0.02100,2.100
390.72,0.02100,2.100
390.73,0.02100,2.100
390.74,0.02100,2.100
390.74,0.02100,2.100
390.75,0.02100,2.100
390.76,0.02100,2.100
390.77,0.02100,2.100
390.78,0.02100,2.100
390.79,0.02100,2.100
390.80,0.02100,2.100
390.81,0.02100,2.100
390.82,0.02100,2.100
390.83,0.02100,2.100
390.83,0.02100,2.100
390.84,0.02100,2.100
390.85,0.02100,2.100
390.86,0.02100,2.100
390.87,0.02100,2.100
390.88,0.02100,2.100
390.89,0.02100,2.100
390.90,0.02100,2.100
390.91,0.02100,2.100
390.91,0.02100,2.100
390.92,0.02100,2.100
390.93,0.02100,2.100
390.94,0.02100,2.100
390.95,0.02100,2.100
390.96,0.02100,2.100
390.97,0.02100,2.100
390.98,0.02100,2.100
390.99,0.02100,2.100
391.00,0.02100,2.100
391.00,0.02100,2.100
391.01,0.02100,2.100
391.02,0.02100,2.100
391.03,0.02100,2.100
391.04,0.02100,2.100
391.05,0.02100,2.100
391.06,0.02100,2.100
391.07,0.02100,2.100
391.08,0.02100,2.100
391.09,0.02100,2.100
391.09,0.02100,2.100
391.10,0.02100,2.100
391.11,0.02100,2.100
391.12,0.02100,2.100
391.13,0.02100,2.100
391.14,0.02100,2.100
391.15,0.02100,2.100
391.16,0.02100,2.100
391.17,0.02100,2.100
391.18,0.02100,2.100
391.18,0.02100,2.100
391.19,0.02100,2.100
391.20,0.02100,2.100
391.21,0.02100,2.100
391.22,0.02100,2.100
391.23,0.02100,2.100
391.24,0.02100,2.100
391.25,0.02100,2.100
391.26,0.02100,2.100
391.26,0.02100,2.100
391.27,0.02100,2.100
391.28,0.02100,2.100
391.29,0.02100,2.100
391.30,0.02100,2.100
391.31,0.02100,2.100
391.32,0.02100,2.100
391.33,0.02100,2.100
391.34,0.02100,2.100
391.35,0.02100,2.100
391.35,0.02100,2.100
391.36,0.02100,2.100
391.37,0.02100,2.100
391.38,0.02100,2.100
391.39,0.02100,2.100
391.40,0.02100,2.100
391.41,0.02100,2.100
391.42,0.02100,2.100
391.43,0.02100,2.100
391.44,0.02100,2.100
391.44,0.02100,2.100
391.45,0.02100,2.100
391.46,0.02100,2.100
391.47,0.02100,2.100
391.48,0.02100,2.100
391.49,0.02100,2.100
391.50,0.02100,2.100
391.51,0.02100,2.100
391.52,0.02100,2.100
391.53,0.02100,2.100
391.53,0.02100,2.100
391.54,0.02100,2.100
391.55,0.02100,2.100
391.56,0.02100,2.100
391.57,0.02100,2.100
391.58,0.02100,2.100
391.59,0.02100,2.100
391.60,0.02100,2.100
391.61,0.02100,2.100
391.61,0.02100,2.100
391.62,0.02100,2.100
391.63,0.02100,2.100
391.64,0.02100,2.100
391.65,0.02100,2.100
391.66,0.02100,2.100
391.67,0.02100,2.100
391.68,0.02100,2.100
391.69,0.02100,2.100
391.70,0.02100,2.100
391.70,0.02100,2.100
391.71,0.02100,2.100
391.72,0.02100,2.100
391.73,0.02100,2.100
391.74,0.02100,2.100
391.75,0.02100,2.100
391.76,0.02100,2.100
391.77,0.02100,2.100
391.78,0.02100,2.100
391.79,0.02100,2.100
391.79,0.02100,2.100
391.80,0.02100,2.100
391.81,0.02100,2.100
391.82,0.02100,2.100
391.83,0.02100,2.100
391.84,0.02100,2.100
391.85,0.02100,2.100
391.86,0.02100,2.100
391.87,0.02100,2.100
391.88,0.02100,2.100
391.88,0.02100,2.100
391.89,0.02100,2.100
391.90,0.02100,2.100
391.91,0.02100,2.100
391.92,0.02100,2.100
391.93,0.02100,2.100
391.94,0.02100,2.100
391.95,0.02100,2.100
391.96,0.02100,2.100
391.96,0.02100,2.100
391.97,0.02100,2.100
391.98,0.02100,2.100
391.99,0.02100,2.100
392.00,0.02100,2.100
392.01,0.02100,2.100
392.02,0.02100,2.100
392.03,0.02100,2.100
392.04,0.02100,2.100
392.05,0.02100,2.100
392.05,0.02100,2.100
392.06,0.02100,2.100
392.07,0.02100,2.100
392.08,0.02100,2.100
392.09,0.02100,2.100
392.10,0.02100,2.100
392.11,0.02100,2.100
392.12,0.02100,2.100
392.13,0.02100,2.100
392.14,0.02100,2.100
392.14,0.02100,2.100
392.15,0.02100,2.100
392.16,0.02100,2.100
392.17,0.02100,2.100
392.18,0.02100,2.100
392.19,0.02100,2.100
392.20,0.02100,2.100
392.21,0.02100,2.100
392.22,0.02100,2.100
392.23,0.02100,2.100
392.23,0.02100,2.100
392.24,0.02100,2.100
392.25,0.02100,2.100
392.26,0.02100,2.100
392.27,0.02100,2.100
392.28,0.02100,2.100
392.29,0.02100,2.100
392.30,0.02100,2.100
392.31,0.02100,2.100
392.31,0.02100,2.100
392.32,0.02100,2.100
392.33,0.02100,2.100
392.34,0.02100,2.100
392.35,0.02100,2.100
392.36,0.02100,2.100
392.37,0.02100,2.100
392.38,0.02100,2.100
392.39,0.02100,2.100
392.40,0.02100,2.100
392.40,0.02100,2.100
392.41,0.02100,2.100
392.42,0.02100,2.100
392.43,0.02100,2.100
392.44,0.02100,2.100
392.45,0.02100,2.100
392.46,0.02100,2.100
392.47,0.02100,2.100
392.48,0.02100,2.100
392.49,0.02100,2.100
392.49,0.02100,2.100
392.50,0.02100,2.100
392.51,0.02100,2.100
392.52,0.02100,2.100
392.53,0.02100,2.100
392.54,0.02100,2.100
392.55,0.02100,2.100
392.56,0.02100,2.100
392.57,0.02100,2.100
392.58,0.02100,2.100
392.58,0.02100,2.100
392.59,0.02100,2.100
392.60,0.02100,2.100
392.61,0.02100,2.100
392.62,0.02100,2.100
392.63,0.02100,2.100
392.64,0.02100,2.100
392.65,0.02100,2.100
392.66,0.02100,2.100
392.66,0.02100,2.100
392.67,0.02100,2.100
392.68,0.02100,2.100
392.69,0.02100,2.100
392.70,0.02100,2.100
392.71,0.02100,2.100
392.72,0.02100,2.100
392.73,0.02100,2.100
392.74,0.02100,2.100
392.75,0.02100,2.100
392.75,0.02100,2.100
392.76,0.02100,2.100
392.77,0.02100,2.100
392.78,0.02100,2.100
392.79,0.02100,2.100
392.80,0.02100,2.100
392.81,0.02100,2.100
392.82,0.02100,2.100
392.83,0.02100,2.100
392.84,0.02100,2.100
392.84,0.02100,2.100
392.85,0.02100,2.100
392.86,0.02100,2.100
392.87,0.02100,2.100
392.88,0.02100,2.100
392.89,0.02100,2.100
392.90,0.02100,2.100
392.91,0.02100,2.100
392.92,0.02100,2.100
392.93,0.02100,2.100
392.93,0.02100,2.100
392.94,0.02100,2.100
392.95,0.02100,2.100
392.96,0.02100,2.100
392.97,0.02100,2.100
392.98,0.02100,2.100
392.99,0.02100,2.100
393.00,0.02100,2.100
393.01,0.02100,2.100
393.01,0.02100,2.100
393.02,0.02100,2.100
393.03,0.02100,2.100
393.04,0.02100,2.100
393.05,0.02100,2.100
393.06,0.02100,2.100
393.07,0.02100,2.100
393.08,0.02100,2.100
393.09,0.02100,2.100
393.10,0.02100,2.100
393.10,0.02100,2.100
393.11,0.02100,2.100
393.12,0.02100,2.100
393.13,0.02100,2.100
393.14,0.02100,2.100
393.15,0.02100,2.100
393.16,0.02100,2.100
393.17,0.02100,2.100
393.18,0.02100,2.100
393.19,0.02100,2.100
393.19,0.02100,2.100
393.20,0.02100,2.100
393.21,0.02100,2.100
393.22,0.02100,2.100
393.23,0.02100,2.100
393.24,0.02100,2.100
393.25,0.02100,2.100
393.26,0.02100,2.100
393.27,0.02100,2.100
393.28,0.02100,2.100
393.28,0.02100,2.100
393.29,0.02100,2.100
393.30,0.02100,2.100
393.31,0.02100,2.100
393.32,0.02100,2.100
393.33,0.02100,2.100
393.34,0.02100,2.100
393.35,0.02100,2.100
393.36,0.02100,2.100
393.36,0.02100,2.100
393.37,0.02100,2.100
393.38,0.02100,2.100
393.39,0.02100,2.100
393.40,0.02100,2.100
393.41,0.02100,2.100
393.42,0.02100,2.100
393.43,0.02100,2.100
393.44,0.02100,2.100
393.45,0.02100,2.100
393.45,0.02100,2.100
393.46,0.02100,2.100
393.47,0.02100,2.100
393.48,0.02100,2.100
393.49,0.02100,2.100
393.50,0.02100,2.100
393.51,0.02100,2.100
393.52,0.02100,2.100
393.53,0.02100,2.100
393.54,0.02100,2.100
393.54,0.02100,2.100
393.55,0.02100,2.100
393.56,0.02100,2.100
393.57,0.02100,2.100
393.58,0.02100,2.100
393.59,0.02100,2.100
393.60,0.02100,2.100
393.61,0.02100,2.100
393.62,0.02100,2.100
393.63,0.02100,2.100
393.63,0.02100,2.100
393.64,0.02100,2.100
393.65,0.02100,2.100
393.66,0.02100,2.100
393.67,0.02100,2.100
393.68,0.02100,2.100
393.69,0.02100,2.100
393.70,0.02100,2.100
393.71,0.02100,2.100
393.71,0.02100,2.100
393.72,0.02101,2.101
393.73,0.02101,2.101
393.74,0.02101,2.101
393.75,0.02101,2.101
393.76,0.02101,2.101
393.77,0.02101,2.101
393.78,0.02101,2.101
393.79,0.02101,2.101
393.80,0.02101,2.101
393.80,0.02101,2.101
393.81,0.02101,2.101
393.82,0.02101,2.101
393.83,0.02101,2.101
393.84,0.02101,2.101
393.85,0.02101,2.101
393.86,0.02101,2.101
393.87,0.02101,2.101
393.88,0.02101,2.101
393.89,0.02101,2.101
393.89,0.02101,2.101
393.90,0.02101,2.101
393.91,0.02101,2.101
393.92,0.02101,2.101
393.93,0.02101,2.101
393.94,0.02101,2.101
393.95,0.02101,2.101
393.96,0.02101,2.101
393.97,0.02101,2.101
393.97,0.02101,2.101
393.98,0.02101,2.101
393.99,0.02101,2.101
394.00,0.02101,2.101
394.01,0.02101,2.101
394.02,0.02101,2.101
394.03,0.02101,2.101
394.04,0.02101,2.101
394.05,0.02101,2.101
394.06,0.02101,2.101
394.06,0.02101,2.101
394.07,0.02101,2.101
394.08,0.02101,2.101
394.09,0.02101,2.101
394.10,0.02101,2.101
394.11,0.02101,2.101
394.12,0.02101,2.101
394.13,0.02101,2.101
394.14,0.02101,2.101
394.15,0.02101,2.101
394.15,0.02101,2.101
394.16,0.02101,2.101
394.17,0.02101,2.101
394.18,0.02101,2.101
394.19,0.02101,2.101
394.20,0.02101,2.101
394.21,0.02101,2.101
394.22,0.02101,2.101
394.23,0.02101,2.101
394.24,0.02101,2.101
394.24,0.02101,2.101
394.25,0.02101,2.101
394.26,0.02101,2.101
394.27,0.02101,2.101
394.28,0.02101,2.101
394.29,0.02101,2.101
394.30,0.02101,2.101
394.31,0.02101,2.101
394.32,0.02101,2.101
394.32,0.02101,2.101
394.33,0.02101,2.101
394.34,0.02101,2.101
394.35,0.02101,2.101
394.36,0.02101,2.101
394.37,0.02101,2.101
394.38,0.02101,2.101
394.39,0.02101,2.101
394.40,0.02101,2.101
394.41,0.02101,2.101
394.41,0.02101,2.101
394.42,0.02101,2.101
394.43,0.02101,2.101
394.44,0.02101,2.101
394.45,0.02101,2.101
394.46,0.02101,2.101
394.47,0.02101,2.101
394.48,0.02101,2.101
394.49,0.02101,2.101
394.50,0.02101,2.101
394.50,0.02101,2.101
394.51,0.02101,2.101
394.52,0.02101,2.101
394.53,0.02101,2.101
394.54,0.02101,2.101
394.55,0.02101,2.101
394.56,0.02101,2.101
394.57,0.02101,2.101
394.58,0.02101,2.101
394.59,0.02101,2.101
394.59,0.02101,2.101
394.60,0.02101,2.101
394.61,0.02101,2.101
394.62,0.02101,2.101
394.63,0.02101,2.101
394.64,0.02101,2.101
394.65,0.02101,2.101
394.66,0.02101,2.101
394.67,0.02101,2.101
394.67,0.02101,2.101
394.68,0.02101,2.101
394.69,0.02101,2.101
394.70,0.02101,2.101
394.71,0.02101,2.101
394.72,0.02101,2.101
394.73,0.02101,2.101
394.74,0.02101,2.101
394.75,0.02101,2.101
394.76,0.02101,2.101
394.76,0.02101,2.101
394.77,0.02101,2.101
394.78,0.02101,2.101
394.79,0.02101,2.101
394.80,0.02101,2.101
394.81,0.02101,2.101
394.82,0.02101,2.101
394.83,0.02101,2.101
394.84,0.02101,2.101
394.85,0.02101,2.101
394.85,0.02101,2.101
394.86,0.02101,2.101
394.87,0.02101,2.101
394.88,0.02101,2.101
394.89,0.02101,2.101
394.90,0.02101,2.101
394.91,0.02101,2.101
394.92,0.02101,2.101
394.93,0.02101,2.101
394.94,0.02101,2.101
394.94,0.02101,2.101
394.95,0.02101,2.101
394.96,0.02101,2.101
394.97,0.02101,2.101
394.98,0.02101,2.101
394.99,0.02101,2.101
395.00,0.02101,2.101
395.01,0.02101,2.101
395.02,0.02101,2.101
395.02,0.02101,2.101
395.03,0.02101,2.101
395.04,0.02101,2.101
395.05,0.02101,2.101
395.06,0.02101,2.101
395.07,0.02101,2.101
395.08,0.02101,2.101
395.09,0.02101,2.101
395.10,0.02101,2.101
395.11,0.02101,2.101
395.11,0.02101,2.101
395.12,0.02101,2.101
395.13,0.02101,2.101
395.14,0.02101,2.101
395.15,0.02101,2.101
395.16,0.02101,2.101
395.17,0.02101,2.101
395.18,0.02101,2.101
395.19,0.02101,2.101
395.20,0.02101,2.101
395.20,0.02101,2.101
395.21,0.02101,2.101
395.22,0.02101,2.101
395.23,0.02101,2.101
395.24,0.02101,2.101
395.25,0.02101,2.101
395.26,0.02101,2.101
395.27,0.02101,2.101
395.28,0.02101,2.101
395.29,0.02101,2.101
395.29,0.02101,2.101
395.30,0.02101,2.101
395.31,0.02101,2.101
395.32,0.02101,2.101
395.33,0.02101,2.101
395.34,0.02101,2.101
395.35,0.02101,2.101
395.36,0.02101,2.101
395.37,0.02101,2.101
395.37,0.02101,2.101
395.38,0.02101,2.101
395.39,0.02101,2.101
395.40,0.02101,2.101
395.41,0.02101,2.101
395.42,0.02101,2.101
395.43,0.02101,2.101
395.44,0.02101,2.101
395.45,0.02101,2.101
395.46,0.02101,2.101
395.46,0.02101,2.101
395.47,0.02101,2.101
395.48,0.02101,2.101
395.49,0.02101,2.101
395.50,0.02101,2.101
395.51,0.02101,2.101
395.52,0.02101,2.101
395.53,0.02101,2.101
395.54,0.02101,2.101
395.55,0.02101,2.101
395.55,0.02101,2.101
395.56,0.02101,2.101
395.57,0.02101,2.101
395.58,0.02101,2.101
395.59,0.02101,2.101
395.60,0.02101,2.101
395.61,0.02101,2.101
395.62,0.02101,2.101
395.63,0.02101,2.101
395.64,0.02101,2.101
395.64,0.02101,2.101
395.65,0.02101,2.101
395.66,0.02101,2.101
395.67,0.02101,2.101
395.68,0.02101,2.101
395.69,0.02101,2.101
395.70,0.02101,2.101
395.71,0.02101,2.101
395.72,0.02101,2.101
395.72,0.02101,2.101
395.73,0.02101,2.101
395.74,0.02101,2.101
395.75,0.02101,2.101
395.76,0.02101,2.101
395.77,0.02101,2.101
395.78,0.02101,2.101
395.79,0.02101,2.101
395.80,0.02101,2.101
395.81,0.02101,2.101
395.81,0.02101,2.101
395.82,0.02101,2.101
395.83,0.02101,2.101
395.84,0.02101,2.101
395.85,0.02101,2.101
395.86,0.02101,2.101
395.87,0.02101,2.101
395.88,0.02101,2.101
395.89,0.02101,2.101
395.90,0.02101,2.101
395.90,0.02101,2.101
395.91,0.02101,2.101
395.92,0.02101,2.101
395.93,0.02101,2.101
395.94,0.02101,2.101
395.95,0.02101,2.101
395.96,0.02101,2.101
395.97,0.02101,2.101
395.98,0.02101,2.101
395.99,0.02101,2.101
395.99,0.02101,2.101
396.00,0.02101,2.101
396.01,0.02101,2.101
396.02,0.02101,2.101
396.03,0.02101,2.101
396.04,0.02101,2.101
396.05,0.02101,2.101
396.06,0.02101,2.101
396.07,0.02101,2.101
396.07,0.02101,2.101
396.08,0.02101,2.101
396.09,0.02101,2.101
396.10,0.02101,2.101
396.11,0.02101,2.101
396.12,0.02101,2.101
396.13,0.02101,2.101
396.14,0.02101,2.101
396.15,0.02101,2.101
396.16,0.02101,2.101
396.16,0.02101,2.101
396.17,0.02101,2.101
396.18,0.02101,2.101
396.19,0.02101,2.101
396.20,0.02101,2.101
396.21,0.02101,2.101
396.22,0.02101,2.101
396.23,0.02101,2.101
396.24,0.02101,2.101
396.25,0.02101,2.101
396.25,0.02101,2.101
396.26,0.02101,2.101
396.27,0.02101,2.101
396.28,0.02101,2.101
396.29,0.02101,2.101
396.30,0.02101,2.101
396.31,0.02101,2.101
396.32,0.02101,2.101
396.33,0.02101,2.101
396.34,0.02101,2.101
396.34,0.02101,2.101
396.35,0.02101,2.101
396.36,0.02101,2.101
396.37,0.02101,2.101
396.38,0.02101,2.101
396.39,0.02101,2.101
396.40,0.02101,2.101
396.41,0.02101,2.101
396.42,0.02101,2.101
396.42,0.02101,2.101
396.43,0.02101,2.101
396.44,0.02101,2.101
396.45,0.02101,2.101
396.46,0.02101,2.101
396.47,0.02101,2.101
396.48,0.02101,2.101
396.49,0.02101,2.101
396.50,0.02101,2.101
396.51,0.02101,2.101
396.51,0.02101,2.101
396.52,0.02101,2.101
396.53,0.02101,2.101
396.54,0.02101,2.101
396.55,0.02101,2.101
396.56,0.02101,2.101
396.57,0.02101,2.101
396.58,0.02101,2.101
396.59,0.02101,2.101
396.60,0.02101,2.101
396.60,0.02101,2.101
396.61,0.02101,2.101
396.62,0.02101,2.101
396.63,0.02101,2.101
396.64,0.02101,2.101
396.65,0.02101,2.101
396.66,0.02101,2.101
396.67,0.02101,2.101
396.68,0.02101,2.101
396.69,0.02101,2.101
396.69,0.02101,2.101
396.70,0.02101,2.101
396.71,0.02101,2.101
396.72,0.02101,2.101
396.73,0.02101,2.101
396.74,0.02101,2.101
396.75,0.02101,2.101
396.76,0.02101,2.101
396.77,0.02101,2.101
396.78,0.02101,2.101
396.78,0.02101,2.101
396.79,0.02101,2.101
396.80,0.02101,2.101
396.81,0.02101,2.101
396.82,0.02101,2.101
396.83,0.02101,2.101
396.84,0.02101,2.101
396.85,0.02101,2.101
396.86,0.02101,2.101
396.86,0.02101,2.101
396.87,0.02101,2.101
396.88,0.02101,2.101
396.89,0.02101,2.101
396.90,0.02101,2.101
396.91,0.02101,2.101
396.92,0.02101,2.101
396.93,0.02101,2.101
396.94,0.02101,2.101
396.95,0.02101,2.101
396.95,0.02101,2.101
396.96,0.02101,2.101
396.97,0.02101,2.101
396.98,0.02101,2.101
396.99,0.02101,2.101
397.00,0.02101,2.101
397.01,0.02101,2.101
397.02,0.02101,2.101
397.03,0.02101,2.101
397.04,0.02101,2.101
397.04,0.02101,2.101
397.05,0.02101,2.101
397.06,0.02101,2.101
397.07,0.02101,2.101
397.08,0.02101,2.101
397.09,0.02101,2.101
397.10,0.02101,2.101
397.11,0.02101,2.101
397.12,0.02101,2.101
397.13,0.02101,2.101
397.13,0.02101,2.101
397.14,0.02101,2.101
397.15,0.02101,2.101
397.16,0.02101,2.101
397.17,0.02101,2.101
397.18,0.02101,2.101
397.19,0.02101,2.101
397.20,0.02101,2.101
397.21,0.02101,2.101
397.21,0.02101,2.101
397.22,0.02101,2.101
397.23,0.02101,2.101
397.24,0.02101,2.101
397.25,0.02101,2.101
397.26,0.02101,2.101
397.27,0.02101,2.101
397.28,0.02101,2.101
397.29,0.02101,2.101
397.30,0.02101,2.101
397.30,0.02101,2.101
397.31,0.02101,2.101
397.32,0.02101,2.101
397.33,0.02101,2.101
397.34,0.02101,2.101
397.35,0.02101,2.101
397.36,0.02101,2.101
397.37,0.02101,2.101
397.38,0.02101,2.101
397.39,0.02101,2.101
397.39,0.02101,2.101
397.40,0.02101,2.101
397.41,0.02101,2.101
397.42,0.02101,2.101
397.43,0.02101,2.101
397.44,0.02101,2.101
397.45,0.02101,2.101
397.46,0.02101,2.101
397.47,0.02101,2.101
397.47,0.02101,2.101
397.48,0.02101,2.101
397.49,0.02101,2.101
397.50,0.02101,2.101
397.51,0.02101,2.101
397.52,0.02101,2.101
397.53,0.02101,2.101
397.54,0.02101,2.101
397.55,0.02101,2.101
397.56,0.02101,2.101
397.56,0.02101,2.101
397.57,0.02101,2.101
397.58,0.02101,2.101
397.59,0.02101,2.101
397.60,0.02101,2.101
397.61,0.02101,2.101
397.62,0.02101,2.101
397.63,0.02101,2.101
397.64,0.02101,2.101
397.65,0.02101,2.101
397.65,0.02101,2.101
397.66,0.02101,2.101
397.67,0.02101,2.101
397.68,0.02101,2.101
397.69,0.02101,2.101
397.70,0.02101,2.101
397.71,0.02101,2.101
397.72,0.02101,2.101
397.73,0.02101,2.101
397.74,0.02101,2.101
397.74,0.02101,2.101
397.75,0.02101,2.101
397.76,0.02101,2.101
397.77,0.02101,2.101
397.78,0.02101,2.101
397.79,0.02101,2.101
397.80,0.02101,2.101
397.81,0.02101,2.101
397.82,0.02101,2.101
397.82,0.02101,2.101
397.83,0.02101,2.101
397.84,0.02101,2.101
397.85,0.02101,2.101
397.86,0.02101,2.101
397.87,0.02101,2.101
397.88,0.02101,2.101
397.89,0.02101,2.101
397.90,0.02101,2.101
397.91,0.02101,2.101
397.91,0.02101,2.101
397.92,0.02101,2.101
397.93,0.02101,2.101
397.94,0.02101,2.101
397.95,0.02101,2.101
397.96,0.02101,2.101
397.97,0.02101,2.101
397.98,0.02101,2.101
397.99,0.02101,2.101
398.00,0.02101,2.101
398.00,0.02101,2.101
398.01,0.02101,2.101
398.02,0.02101,2.101
398.03,0.02101,2.101
398.04,0.02101,2.101
398.05,0.02101,2.101
398.06,0.02101,2.101
398.07,0.02101,2.101
398.08,0.02101,2.101
398.09,0.02101,2.101
398.09,0.02101,2.101
398.10,0.02101,2.101
398.11,0.02101,2.101
398.12,0.02101,2.101
398.13,0.02101,2.101
398.14,0.02101,2.101
398.15,0.02101,2.101
398.16,0.02101,2.101
398.17,0.02101,2.101
398.17,0.02101,2.101
398.18,0.02101,2.101
398.19,0.02101,2.101
398.20,0.02101,2.101
398.21,0.02101,2.101
398.22,0.02101,2.101
398.23,0.02101,2.101
398.24,0.02101,2.101
398.25,0.02101,2.101
398.26,0.02101,2.101
398.26,0.02101,2.101
398.27,0.02101,2.101
398.28,0.02101,2.101
398.29,0.02101,2.101
398.30,0.02101,2.101
398.31,0.02101,2.101
398.32,0.02101,2.101
398.33,0.02101,2.101
398.34,0.02101,2.101
398.35,0.02101,2.101
398.35,0.02101,2.101
398.36,0.02101,2.101
398.37,0.02101,2.101
398.38,0.02101,2.101
398.39,0.02101,2.101
398.40,0.02101,2.101
398.41,0.02101,2.101
398.42,0.02101,2.101
398.43,0.02101,2.101
398.44,0.02101,2.101
398.44,0.02102,2.102
398.45,0.02102,2.102
398.46,0.02102,2.102
398.47,0.02102,2.102
398.48,0.02102,2.102
398.49,0.02102,2.102
398.50,0.02102,2.102
398.51,0.02102,2.102
398.52,0.02102,2.102
398.53,0.02102,2.102
398.53,0.02102,2.102
398.54,0.02102,2.102
398.55,0.02102,2.102
398.56,0.02102,2.102
398.57,0.02102,2.102
398.58,0.02102,2.102
398.59,0.02102,2.102
398.60,0.02102,2.102
398.61,0.02102,2.102
398.61,0.02102,2.102
398.62,0.02102,2.102
398.63,0.02102,2.102
398.64,0.02102,2.102
398.65,0.02102,2.102
398.66,0.02102,2.102
398.67,0.02102,2.102
398.68,0.02102,2.102
398.69,0.02102,2.102
398.70,0.02102,2.102
398.70,0.02102,2.102
398.71,0.02102,2.102
398.72,0.02102,2.102
398.73,0.02102,2.102
398.74,0.02102,2.102
398.75,0.02102,2.102
398.76,0.02102,2.102
398.77,0.02102,2.102
398.78,0.02102,2.102
398.79,0.02102,2.102
398.79,0.02102,2.102
398.80,0.02102,2.102
398.81,0.02102,2.102
398.82,0.02102,2.102
398.83,0.02102,2.102
398.84,0.02102,2.102
398.85,0.02102,2.102
398.86,0.02102,2.102
398.87,0.02102,2.102
398.88,0.02102,2.102
398.88,0.02102,2.102
398.89,0.02102,2.102
398.90,0.02102,2.102
398.91,0.02102,2.102
398.92,0.02102,2.102
398.93,0.02102,2.102
398.94,0.02102,2.102
398.95,0.02102,2.102
398.96,0.02102,2.102
398.96,0.02102,2.102
398.97,0.02102,2.102
398.98,0.02102,2.102
398.99,0.02102,2.102
399.00,0.02102,2.102
399.01,0.02102,2.102
399.02,0.02102,2.102
399.03,0.02102,2.102
399.04,0.02102,2.102
399.05,0.02102,2.102
399.05,0.02102,2.102
399.06,0.02102,2.102
399.07,0.02102,2.102
399.08,0.02102,2.102
399.09,0.02102,2.102
399.10,0.02102,2.102
399.11,0.02102,2.102
399.12,0.02102,2.102
399.13,0.02102,2.102
399.14,0.02102,2.102
399.14,0.02102,2.102
399.15,0.02102,2.102
399.16,0.02102,2.102
399.17,0.02102,2.102
399.18,0.02102,2.102
399.19,0.02102,2.102
399.20,0.02102,2.102
399.21,0.02102,2.102
399.22,0.02102,2.102
399.23,0.02102,2.102
399.23,0.02102,2.102
399.24,0.02102,2.102
399.25,0.02102,2.102
399.26,0.02102,2.102
399.27,0.02102,2.102
399.28,0.02102,2.102
399.29,0.02102,2.102
399.30,0.02102,2.102
399.31,0.02102,2.102
399.31,0.02102,2.102
399.32,0.02102,2.102
399.33,0.02102,2.102
399.34,0.02102,2.102
399.35,0.02102,2.102
399.36,0.02102,2.102
399.37,0.02102,2.102
399.38,0.02102,2.102
399.39,0.02102,2.102
399.40,0.02102,2.102
399.40,0.02102,2.102
399.41,0.02102,2.102
399.42,0.02102,2.102
399.43,0.02102,2.102
399.44,0.02102,2.102
399.45,0.02102,2.102
399.46,0.02102,2.102
399.47,0.02102,2.102
399.48,0.02102,2.102
399.49,0.02102,2.102
399.49,0.02102,2.102
399.50,0.02102,2.102
399.51,0.02102,2.102
399.52,0.02102,2.102
399.53,0.02102,2.102
399.54,0.02102,2.102
399.55,0.02102,2.102
399.56,0.02102,2.102
399.57,0.02102,2.102
399.58,0.02102,2.102
399.58,0.02102,2.102
399.59,0.02102,2.102
399.60,0.02102,2.102
399.61,0.02102,2.102
399.62,0.02102,2.102
399.63,0.02102,2.102
399.64,0.02102,2.102
399.65,0.02102,2.102
399.66,0.02102,2.102
399.66,0.02102,2.102
399.67,0.02102,2.102
399.68,0.02102,2.102
399.69,0.02102,2.102
399.70,0.02102,2.102
399.71,0.02102,2.102
399.72,0.02102,2.102
399.73,0.02102,2.102
399.74,0.02102,2.102
399.75,0.02102,2.102
399.75,0.02102,2.102
399.76,0.02102,2.102
399.77,0.02102,2.102
399.78,0.02102,2.102
399.79,0.02102,2.102
399.80,0.02102,2.102
399.81,0.02102,2.102
399.82,0.02102,2.102
399.83,0.02102,2.102
399.84,0.02102,2.102
399.84,0.02102,2.102
399.85,0.02102,2.102
399.86,0.02102,2.102
399.87,0.02102,2.102
399.88,0.02102,2.102
399.89,0.02102,2.102
399.90,0.02102,2.102
399.91,0.02102,2.102
399.92,0.02102,2.102
399.93,0.02102,2.102
399.93,0.02102,2.102
399.94,0.02102,2.102
399.95,0.02102,2.102
399.96,0.02102,2.102
399.97,0.02102,2.102
399.98,0.02102,2.102
399.99,0.02102,2.102
400.00,0.02102,2.102
400.01,0.02102,2.102
400.01,0.02102,2.102
400.02,0.02102,2.102
400.03,0.02102,2.102
400.04,0.02102,2.102
400.05,0.02102,2.102
400.06,0.02102,2.102
400.07,0.02102,2.102
400.08,0.02102,2.102
400.09,0.02102,2.102
400.10,0.02102,2.102
400.10,0.02102,2.102
400.11,0.02102,2.102
400.12,0.02102,2.102
400.13,0.02102,2.102
400.14,0.02102,2.102
400.15,0.02102,2.102
400.16,0.02102,2.102
400.17,0.02102,2.102
400.18,0.02102,2.102
400.19,0.02102,2.102
400.19,0.02102,2.102
400.20,0.02102,2.102
400.21,0.02102,2.102
400.22,0.02102,2.102
400.23,0.02102,2.102
400.24,0.02102,2.102
400.25,0.02102,2.102
400.26,0.02102,2.102
400.27,0.02102,2.102
400.28,0.02102,2.102
400.28,0.02102,2.102
400.29,0.02102,2.102
400.30,0.02102,2.102
400.31,0.02102,2.102
400.32,0.02102,2.102
400.33,0.02102,2.102
400.34,0.02102,2.102
400.35,0.02102,2.102
400.36,0.02102,2.102
400.37,0.02102,2.102
400.37,0.02102,2.102
400.38,0.02102,2.102
400.39,0.02102,2.102
400.40,0.02102,2.102
400.41,0.02102,2.102
400.42,0.02102,2.102
400.43,0.02102,2.102
400.44,0.02102,2.102
400.45,0.02102,2.102
400.45,0.02102,2.102
400.46,0.02102,2.102
400.47,0.02102,2.102
400.48,0.02102,2.102
400.49,0.02102,2.102
400.50,0.02102,2.102
400.51,0.02102,2.102
400.52,0.02102,2.102
400.53,0.02102,2.102
400.54,0.02102,2.102
400.54,0.02102,2.102
400.55,0.02102,2.102
400.56,0.02102,2.102
400.57,0.02102,2.102
400.58,0.02102,2.102
400.59,0.02102,2.102
400.60,0.02102,2.102
400.61,0.02102,2.102
400.62,0.02102,2.102
400.63,0.02102,2.102
400.63,0.02102,2.102
400.64,0.02102,2.102
400.65,0.02102,2.102
400.66,0.02102,2.102
400.67,0.02102,2.102
400.68,0.02102,2.102
400.69,0.02102,2.102
400.70,0.02102,2.102
400.71,0.02102,2.102
400.72,0.02102,2.102
400.72,0.02102,2.102
400.73,0.02102,2.102
400.74,0.02102,2.102
400.75,0.02102,2.102
400.76,0.02102,2.102
400.77,0.02102,2.102
400.78,0.02102,2.102
400.79,0.02102,2.102
400.80,0.02102,2.102
400.80,0.02102,2.102
400.81,0.02102,2.102
400.82,0.02102,2.102
400.83,0.02102,2.102
400.84,0.02102,2.102
400.85,0.02102,2.102
400.86,0.02102,2.102
400.87,0.02102,2.102
400.88,0.02102,2.102
400.89,0.02102,2.102
400.89,0.02102,2.102
400.90,0.02102,2.102
400.91,0.02102,2.102
400.92,0.02102,2.102
400.93,0.02102,2.102
400.94,0.02102,2.102
400.95,0.02102,2.102
400.96,0.02102,2.102
400.97,0.02102,2.102
400.98,0.02102,2.102
400.98,0.02102,2.102
400.99,0.02102,2.102
401.00,0.02102,2.102
401.01,0.02102,2.102
401.02,0.02102,2.102
401.03,0.02102,2.102
401.04,0.02102,2.102
401.05,0.02102,2.102
401.06,0.02102,2.102
401.07,0.02102,2.102
401.07,0.02102,2.102
401.08,0.02102,2.102
401.09,0.02102,2.102
401.10,0.02102,2.102
401.11,0.02102,2.102
401.12,0.02102,2.102
401.13,0.02102,2.102
401.14,0.02102,2.102
401.15,0.02102,2.102
401.15,0.02102,2.102
401.16,0.02102,2.102
401.17,0.02102,2.102
401.18,0.02102,2.102
401.19,0.02102,2.102
401.20,0.02102,2.102
401.21,0.02102,2.102
401.22,0.02102,2.102
401.23,0.02102,2.102
401.24,0.02102,2.102
401.24,0.02102,2.102
401.25,0.02102,2.102
401.26,0.02102,2.102
401.27,0.02102,2.102
401.28,0.02102,2.102
401.29,0.02102,2.102
401.30,0.02102,2.102
401.31,0.02102,2.102
401.32,0.02102,2.102
401.33,0.02102,2.102
401.33,0.02102,2.102
401.34,0.02102,2.102
401.35,0.02102,2.102
401.36,0.02102,2.102
401.37,0.02102,2.102
401.38,0.02102,2.102
401.39,0.02102,2.102
401.40,0.02102,2.102
401.41,0.02102,2.102
401.42,0.02102,2.102
401.42,0.02102,2.102
401.43,0.02102,2.102
401.44,0.02102,2.102
401.45,0.02102,2.102
401.46,0.02102,2.102
401.47,0.02102,2.102
401.48,0.02102,2.102
401.49,0.02102,2.102
401.50,0.02102,2.102
401.50,0.02102,2.102
401.51,0.02102,2.102
401.52,0.02102,2.102
401.53,0.02102,2.102
401.54,0.02102,2.102
401.55,0.02102,2.102
401.56,0.02102,2.102
401.57,0.02102,2.102
401.58,0.02102,2.102
401.59,0.02102,2.102
401.59,0.02102,2.102
401.60,0.02102,2.102
401.61,0.02102,2.102
401.62,0.02102,2.102
401.63,0.02102,2.102
401.64,0.02102,2.102
401.65,0.02102,2.102
401.66,0.02102,2.102
401.67,0.02102,2.102
401.68,0.02102,2.102
401.68,0.02102,2.102
401.69,0.02102,2.102
401.70,0.02102,2.102
401.71,0.02102,2.102
401.72,0.02102,2.102
401.73,0.02102,2.102
401.74,0.02102,2.102
401.75,0.02102,2.102
401.76,0.02102,2.102
401.77,0.02102,2.102
401.77,0.02102,2.102
401.78,0.02102,2.102
401.79,0.02102,2.102
401.80,0.02102,2.102
401.81,0.02102,2.102
401.82,0.02102,2.102
401.83,0.02102,2.102
401.84,0.02102,2.102
401.85,0.02102,2.102
401.85,0.02102,2.102
401.86,0.02102,2.102
401.87,0.02102,2.102
401.88,0.02102,2.102
401.89,0.02102,2.102
401.90,0.02102,2.102
401.91,0.02102,2.102
401.92,0.02102,2.102
401.93,0.02102,2.102
401.94,0.02102,2.102
401.94,0.02102,2.102
401.95,0.02102,2.102
401.96,0.02102,2.102
401.97,0.02102,2.102
401.98,0.02102,2.102
401.99,0.02102,2.102
402.00,0.02102,2.102
402.01,0.02102,2.102
402.02,0.02102,2.102
402.03,0.02102,2.102
402.03,0.02102,2.102
402.04,0.02102,2.102
402.05,0.02102,2.102
402.06,0.02102,2.102
402.07,0.02102,2.102
402.08,0.02102,2.102
402.09,0.02102,2.102
402.10,0.02102,2.102
402.11,0.02102,2.102
402.12,0.02102,2.102
402.12,0.02102,2.102
402.13,0.02102,2.102
402.14,0.02102,2.102
402.15,0.02102,2.102
402.16,0.02102,2.102
402.17,0.02102,2.102
402.18,0.02102,2.102
402.19,0.02102,2.102
402.20,0.02102,2.102
402.21,0.02102,2.102
402.21,0.02102,2.102
402.22,0.02102,2.102
402.23,0.02102,2.102
402.24,0.02102,2.102
402.25,0.02102,2.102
402.26,0.02102,2.102
402.27,0.02102,2.102
402.28,0.02102,2.102
402.29,0.02102,2.102
402.29,0.02102,2.102
402.30,0.02102,2.102
402.31,0.02102,2.102
402.32,0.02102,2.102
402.33,0.02102,2.102
402.34,0.02102,2.102
402.35,0.02102,2.102
402.36,0.02102,2.102
402.37,0.02102,2.102
402.38,0.02102,2.102
402.38,0.02102,2.102
402.39,0.02102,2.102
402.40,0.02102,2.102
402.41,0.02102,2.102
402.42,0.02102,2.102
402.43,0.02102,2.102
402.44,0.02102,2.102
402.45,0.02102,2.102
402.46,0.02102,2.102
402.47,0.02102,2.102
402.47,0.02102,2.102
402.48,0.02102,2.102
402.49,0.02102,2.102
402.50,0.02102,2.102
402.51,0.02102,2.102
402.52,0.02102,2.102
402.53,0.02102,2.102
402.54,0.02102,2.102
402.55,0.02102,2.102
402.56,0.02102,2.102
402.56,0.02102,2.102
402.57,0.02102,2.102
402.58,0.02102,2.102
402.59,0.02102,2.102
402.60,0.02102,2.102
402.61,0.02102,2.102
402.62,0.02102,2.102
402.63,0.02102,2.102
402.64,0.02102,2.102
402.65,0.02102,2.102
402.65,0.02102,2.102
402.66,0.02102,2.102
402.67,0.02102,2.102
402.68,0.02102,2.102
402.69,0.02102,2.102
402.70,0.02102,2.102
402.71,0.02102,2.102
402.72,0.02102,2.102
402.73,0.02102,2.102
402.73,0.02102,2.102
402.74,0.02102,2.102
402.75,0.02102,2.102
402.76,0.02102,2.102
402.77,0.02102,2.102
402.78,0.02102,2.102
402.79,0.02102,2.102
402.80,0.02102,2.102
402.81,0.02102,2.102
402.82,0.02102,2.102
402.82,0.02102,2.102
402.83,0.02102,2.102
402.84,0.02102,2.102
402.85,0.02102,2.102
402.86,0.02102,2.102
402.87,0.02102,2.102
402.88,0.02102,2.102
402.89,0.02102,2.102
402.90,0.02102,2.102
402.91,0.02102,2.102
402.91,0.02102,2.102
402.92,0.02102,2.102
402.93,0.02102,2.102
402.94,0.02102,2.102
402.95,0.02102,2.102
402.96,0.02102,2.102
402.97,0.02102,2.102
402.98,0.02102,2.102
402.99,0.02102,2.102
403.00,0.02102,2.102
403.00,0.02102,2.102
403.01,0.02102,2.102
403.02,0.02102,2.102
403.03,0.02102,2.102
403.04,0.02102,2.102
403.05,0.02102,2.102
403.06,0.02102,2.102
403.07,0.02102,2.102
403.08,0.02102,2.102
403.08,0.02102,2.102
403.09,0.02102,2.102
403.10,0.02102,2.102
403.11,0.02102,2.102
403.12,0.02102,2.102
403.13,0.02102,2.102
403.14,0.02102,2.102
403.15,0.02102,2.102
403.16,0.02102,2.102
403.17,0.02102,2.102
403.17,0.02102,2.102
403.18,0.02102,2.102
403.19,0.02102,2.102
403.20,0.02102,2.102
403.21,0.02102,2.102
403.22,0.02102,2.102
403.23,0.02102,2.102
403.24,0.02102,2.102
403.25,0.02102,2.102
403.26,0.02102,2.102
403.26,0.02102,2.102
403.27,0.02102,2.102
403.28,0.02102,2.102
403.29,0.02102,2.102
403.30,0.02102,2.102
403.31,0.02102,2.102
403.32,0.02102,2.102
403.33,0.02102,2.102
403.34,0.02102,2.102
403.35,0.02102,2.102
403.35,0.02102,2.102
403.36,0.02102,2.102
403.37,0.02102,2.102
403.38,0.02102,2.102
403.39,0.02102,2.102
403.40,0.02102,2.102
403.41,0.02102,2.102
403.42,0.02102,2.102
403.43,0.02102,2.102
403.43,0.02102,2.102
403.44,0.02102,2.102
403.45,0.02102,2.102
403.46,0.02102,2.102
403.47,0.02102,2.102
403.48,0.02102,2.102
403.49,0.02102,2.102
403.50,0.02102,2.102
403.51,0.02102,2.102
403.52,0.02102,2.102
403.52,0.02102,2.102
403.53,0.02102,2.102
403.54,0.02102,2.102
403.55,0.02102,2.102
403.56,0.02102,2.102
403.57,0.02102,2.102
403.58,0.02102,2.102
403.59,0.02102,2.102
403.60,0.02102,2.102
403.61,0.02102,2.102
403.61,0.02102,2.102
403.62,0.02102,2.102
403.63,0.02103,2.103
403.64,0.02103,2.103
403.65,0.02103,2.103
403.66,0.02103,2.103
403.67,0.02103,2.103
403.68,0.02103,2.103
403.69,0.02103,2.103
403.70,0.02103,2.103
403.70,0.02103,2.103
403.71,0.02103,2.103
403.72,0.02103,2.103
403.73,0.02103,2.103
403.74,0.02103,2.103
403.75,0.02103,2.103
403.76,0.02103,2.103
403.77,0.02103,2.103
403.78,0.02103,2.103
403.78,0.02103,2.103
403.79,0.02103,2.103
403.80,0.02103,2.103
403.81,0.02103,2.103
403.82,0.02103,2.103
403.83,0.02103,2.103
403.84,0.02103,2.103
403.85,0.02103,2.103
403.86,0.02103,2.103
403.87,0.02103,2.103
403.87,0.02103,2.103
403.88,0.02103,2.103
403.89,0.02103,2.103
403.90,0.02103,2.103
403.91,0.02103,2.103
403.92,0.02103,2.103
403.93,0.02103,2.103
403.94,0.02103,2.103
403.95,0.02103,2.103
403.96,0.02103,2.103
403.96,0.02103,2.103
403.97,0.02103,2.103
403.98,0.02103,2.103
403.99,0.02103,2.103
404.00,0.02103,2.103
404.01,0.02103,2.103
404.02,0.02103,2.103
404.03,0.02103,2.103
404.04,0.02103,2.103
404.05,0.02103,2.103
404.05,0.02103,2.103
404.06,0.02103,2.103
404.07,0.02103,2.103
404.08,0.02103,2.103
404.09,0.02103,2.103
404.10,0.02103,2.103
404.11,0.02103,2.103
404.12,0.02103,2.103
404.13,0.02103,2.103
404.13,0.02103,2.103
404.14,0.02103,2.103
404.15,0.02103,2.103
404.16,0.02103,2.103
404.17,0.02103,2.103
404.18,0.02103,2.103
404.19,0.02103,2.103
404.20,0.02103,2.103
404.21,0.02103,2.103
404.22,0.02103,2.103
404.22,0.02103,2.103
404.23,0.02103,2.103
404.24,0.02103,2.103
404.25,0.02103,2.103
404.26,0.02103,2.103
404.27,0.02103,2.103
404.28,0.02103,2.103
404.29,0.02103,2.103
404.30,0.02103,2.103
404.31,0.02103,2.103
404.31,0.02103,2.103
404.32,0.02103,2.103
404.33,0.02103,2.103
404.34,0.02103,2.103
404.35,0.02103,2.103
404.36,0.02103,2.103
404.37,0.02103,2.103
404.38,0.02103,2.103
404.39,0.02103,2.103
404.40,0.02103,2.103
404.40,0.02103,2.103
404.41,0.02103,2.103
404.42,0.02103,2.103
404.43,0.02103,2.103
404.44,0.02103,2.103
404.45,0.02103,2.103
404.46,0.02103,2.103
404.47,0.02103,2.103
404.48,0.02103,2.103
404.49,0.02103,2.103
404.49,0.02103,2.103
404.50,0.02103,2.103
404.51,0.02103,2.103
404.52,0.02103,2.103
404.53,0.02103,2.103
404.54,0.02103,2.103
404.55,0.02103,2.103
404.56,0.02103,2.103
404.57,0.02103,2.103
404.57,0.02103,2.103
404.58,0.02103,2.103
404.59,0.02103,2.103
404.60,0.02103,2.103
404.61,0.02103,2.103
404.62,0.02103,2.103
404.63,0.02103,2.103
404.64,0.02103,2.103
404.65,0.02103,2.103
404.66,0.02103,2.103
404.66,0.02103,2.103
404.67,0.02103,2.103
404.68,0.02103,2.103
404.69,0.02103,2.103
404.70,0.02103,2.103
404.71,0.02103,2.103
404.72,0.02103,2.103
404.73,0.02103,2.103
404.74,0.02103,2.103
404.75,0.02103,2.103
404.75,0.02103,2.103
404.76,0.02103,2.103
404.77,0.02103,2.103
404.78,0.02103,2.103
404.79,0.02103,2.103
404.80,0.02103,2.103
404.81,0.02103,2.103
404.82,0.02103,2.103
404.83,0.02103,2.103
404.84,0.02103,2.103
404.84,0.02103,2.103
404.85,0.02103,2.103
404.86,0.02103,2.103
404.87,0.02103,2.103
404.88,0.02103,2.103
404.89,0.02103,2.103
404.90,0.02103,2.103
404.91,0.02103,2.103
404.92,0.02103,2.103
404.92,0.02103,2.103
404.93,0.02103,2.103
404.94,0.02103,2.103
404.95,0.02103,2.103
404.96,0.02103,2.103
404.97,0.02103,2.103
404.98,0.02103,2.103
404.99,0.02103,2.103
405.00,0.02103,2.103
405.01,0.02103,2.103
405.01,0.02103,2.103
405.02,0.02103,2.103
405.03,0.02103,2.103
405.04,0.02103,2.103
405.05,0.02103,2.103
405.06,0.02103,2.103
405.07,0.02103,2.103
405.08,0.02103,2.103
405.09,0.02103,2.103
405.10,0.02103,2.103
405.10,0.02103,2.103
405.11,0.02103,2.103
405.12,0.02103,2.103
405.13,0.02103,2.103
405.14,0.02103,2.103
405.15,0.02103,2.103
405.16,0.02103,2.103
405.17,0.02103,2.103
405.18,0.02103,2.103
405.19,0.02103,2.103
405.19,0.02103,2.103
405.20,0.02103,2.103
405.21,0.02103,2.103
405.22,0.02103,2.103
405.23,0.02103,2.103
405.24,0.02103,2.103
405.25,0.02103,2.103
405.26,0.02103,2.103
405.27,0.02103,2.103
405.28,0.02103,2.103
405.28,0.02103,2.103
405.29,0.02103,2.103
405.30,0.02103,2.103
405.31,0.02103,2.103
405.32,0.02103,2.103
405.33,0.02103,2.103
405.34,0.02103,2.103
405.35,0.02103,2.103
405.36,0.02103,2.103
405.36,0.02103,2.103
405.37,0.02103,2.103
405.38,0.02103,2.103
405.39,0.02103,2.103
405.40,0.02103,2.103
405.41,0.02103,2.103
405.42,0.02103,2.103
405.43,0.02103,2.103
405.44,0.02103,2.103
405.45,0.02103,2.103
405.45,0.02103,2.103
405.46,0.02103,2.103
405.47,0.02103,2.103
405.48,0.02103,2.103
405.49,0.02103,2.103
405.50,0.02103,2.103
405.51,0.02103,2.103
405.52,0.02103,2.103
405.53,0.02103,2.103
405.54,0.02103,2.103
405.54,0.02103,2.103
405.55,0.02103,2.103
405.56,0.02103,2.103
405.57,0.02103,2.103
405.58,0.02103,2.103
405.59,0.02103,2.103
405.60,0.02103,2.103
405.61,0.02103,2.103
405.62,0.02103,2.103
405.63,0.02103,2.103
405.63,0.02103,2.103
405.64,0.02103,2.103
405.65,0.02103,2.103
405.66,0.02103,2.103
405.67,0.02103,2.103
405.68,0.02103,2.103
405.69,0.02103,2.103
405.70,0.02103,2.103
405.71,0.02103,2.103
405.72,0.02103,2.103
405.72,0.02103,2.103
405.73,0.02103,2.103
405.74,0.02103,2.103
405.75,0.02103,2.103
405.76,0.02103,2.103
405.77,0.02103,2.103
405.78,0.02103,2.103
405.79,0.02103,2.103
405.80,0.02103,2.103
405.80,0.02103,2.103
405.81,0.02103,2.103
405.82,0.02103,2.103
405.83,0.02103,2.103
405.84,0.02103,2.103
405.85,0.02103,2.103
405.86,0.02103,2.103
405.87,0.02103,2.103
405.88,0.02103,2.103
405.89,0.02103,2.103
405.89,0.02103,2.103
405.90,0.02103,2.103
405.91,0.02103,2.103
405.92,0.02103,2.103
405.93,0.02103,2.103
405.94,0.02103,2.103
405.95,0.02103,2.103
405.96,0.02103,2.103
405.97,0.02103,2.103
405.98,0.02103,2.103
405.98,0.02103,2.103
405.99,0.02103,2.103
406.00,0.02103,2.103
406.01,0.02103,2.103
406.02,0.02103,2.103
406.03,0.02103,2.103
406.04,0.02103,2.103
406.05,0.02103,2.103
406.06,0.02103,2.103
406.07,0.02103,2.103
406.07,0.02103,2.103
406.08,0.02103,2.103
406.09,0.02103,2.103
406.10,0.02103,2.103
406.11,0.02103,2.103
406.12,0.02103,2.103
406.13,0.02103,2.103
406.14,0.02103,2.103
406.15,0.02103,2.103
406.15,0.02103,2.103
406.16,0.02103,2.103
406.17,0.02103,2.103
406.18,0.02103,2.103
406.19,0.02103,2.103
406.20,0.02103,2.103
406.21,0.02103,2.103
406.22,0.02103,2.103
406.23,0.02103,2.103
406.24,0.02103,2.103
406.24,0.02103,2.103
406.25,0.02103,2.103
406.26,0.02103,2.103
406.27,0.02103,2.103
406.28,0.02103,2.103
406.29,0.02103,2.103
406.30,0.02103,2.103
406.31,0.02103,2.103
406.32,0.02103,2.103
406.33,0.02103,2.103
406.33,0.02103,2.103
406.34,0.02103,2.103
406.35,0.02103,2.103
406.36,0.02103,2.103
406.37,0.02103,2.103
406.38,0.02103,2.103
406.39,0.02103,2.103
406.40,0.02103,2.103
406.41,0.02103,2.103
406.42,0.02103,2.103
406.42,0.02103,2.103
406.43,0.02103,2.103
406.44,0.02103,2.103
406.45,0.02103,2.103
406.46,0.02103,2.103
406.47,0.02103,2.103
406.48,0.02103,2.103
406.49,0.02103,2.103
406.50,0.02103,2.103
406.50,0.02103,2.103
406.51,0.02103,2.103
406.52,0.02103,2.103
406.53,0.02103,2.103
406.54,0.02103,2.103
406.55,0.02103,2.103
406.56,0.02103,2.103
406.57,0.02103,2.103
406.58,0.02103,2.103
406.59,0.02103,2.103
406.59,0.02103,2.103
406.60,0.02103,2.103
406.61,0.02103,2.103
406.62,0.02103,2.103
406.63,0.02103,2.103
406.64,0.02103,2.103
406.65,0.02103,2.103
406.66,0.02103,2.103
406.67,0.02103,2.103
406.68,0.02103,2.103
406.68,0.02103,2.103
406.69,0.02103,2.103
406.70,0.02103,2.103
406.71,0.02103,2.103
406.72,0.02103,2.103
406.73,0.02103,2.103
406.74,0.02103,2.103
406.75,0.02103,2.103
406.76,0.02103,2.103
406.77,0.02103,2.103
406.77,0.02103,2.103
406.78,0.02103,2.103
406.79,0.02103,2.103
406.80,0.02103,2.103
406.81,0.02103,2.103
406.82,0.02103,2.103
406.83,0.02103,2.103
406.84,0.02103,2.103
406.85,0.02103,2.103
406.86,0.02103,2.103
406.86,0.02103,2.103
406.87,0.02103,2.103
406.88,0.02103,2.103
406.89,0.02103,2.103
406.90,0.02103,2.103
406.91,0.02103,2.103
406.92,0.02103,2.103
406.93,0.02103,2.103
406.94,0.02103,2.103
406.95,0.02103,2.103
406.95,0.02103,2.103
406.96,0.02103,2.103
406.97,0.02103,2.103
406.98,0.02103,2.103
406.99,0.02103,2.103
407.00,0.02103,2.103
407.01,0.02103,2.103
407.02,0.02103,2.103
407.03,0.02103,2.103
407.03,0.02103,2.103
407.04,0.02103,2.103
407.05,0.02103,2.103
407.06,0.02103,2.103
407.07,0.02103,2.103
407.08,0.02103,2.103
407.09,0.02103,2.103
407.10,0.02103,2.103
407.11,0.02103,2.103
407.12,0.02103,2.103
407.12,0.02103,2.103
407.13,0.02103,2.103
407.14,0.02103,2.103
407.15,0.02103,2.103
407.16,0.02103,2.103
407.17,0.02103,2.103
407.18,0.02103,2.103
407.19,0.02103,2.103
407.20,0.02103,2.103
407.21,0.02103,2.103
407.21,0.02103,2.103
407.22,0.02103,2.103
407.23,0.02103,2.103
407.24,0.02103,2.103
407.25,0.02103,2.103
407.26,0.02103,2.103
407.27,0.02103,2.103
407.28,0.02103,2.103
407.29,0.02103,2.103
407.30,0.02103,2.103
407.30,0.02103,2.103
407.31,0.02103,2.103
407.32,0.02103,2.103
407.33,0.02103,2.103
407.34,0.02103,2.103
407.35,0.02103,2.103
407.36,0.02103,2.103
407.37,0.02103,2.103
407.38,0.02103,2.103
407.39,0.02103,2.103
407.39,0.02103,2.103
407.40,0.02103,2.103
407.41,0.02103,2.103
407.42,0.02103,2.103
407.43,0.02103,2.103
407.44,0.02103,2.103
407.45,0.02103,2.103
407.46,0.02103,2.103
407.47,0.02103,2.103
407.47,0.02103,2.103
407.48,0.02103,2.103
407.49,0.02103,2.103
407.50,0.02103,2.103
407.51,0.02103,2.103
407.52,0.02103,2.103
407.53,0.02103,2.103
407.54,0.02103,2.103
407.55,0.02103,2.103
407.56,0.02103,2.103
407.56,0.02103,2.103
407.57,0.02103,2.103
407.58,0.02103,2.103
407.59,0.02103,2.103
407.60,0.02103,2.103
407.61,0.02103,2.103
407.62,0.02103,2.103
407.63,0.02103,2.103
407.64,0.02103,2.103
407.65,0.02103,2.103
407.65,0.02103,2.103
407.66,0.02103,2.103
407.67,0.02103,2.103
407.68,0.02103,2.103
407.69,0.02103,2.103
407.70,0.02103,2.103
407.71,0.02103,2.103
407.72,0.02103,2.103
407.73,0.02103,2.103
407.73,0.02103,2.103
407.74,0.02103,2.103
407.75,0.02103,2.103
407.76,0.02103,2.103
407.77,0.02103,2.103
407.78,0.02103,2.103
407.79,0.02103,2.103
407.80,0.02103,2.103
407.81,0.02103,2.103
407.82,0.02103,2.103
407.82,0.02103,2.103
407.83,0.02103,2.103
407.84,0.02103,2.103
407.85,0.02103,2.103
407.86,0.02103,2.103
407.87,0.02103,2.103
407.88,0.02103,2.103
407.89,0.02103,2.103
407.90,0.02103,2.103
407.91,0.02103,2.103
407.91,0.02103,2.103
407.92,0.02103,2.103
407.93,0.02103,2.103
407.94,0.02103,2.103
407.95,0.02103,2.103
407.96,0.02103,2.103
407.97,0.02103,2.103
407.98,0.02103,2.103
407.99,0.02103,2.103
408.00,0.02103,2.103
408.00,0.02103,2.103
408.01,0.02103,2.103
408.02,0.02103,2.103
408.03,0.02103,2.103
408.04,0.02103,2.103
408.05,0.02103,2.103
408.06,0.02103,2.103
408.07,0.02103,2.103
408.08,0.02103,2.103
408.08,0.02103,2.103
408.09,0.02103,2.103
408.10,0.02103,2.103
408.11,0.02103,2.103
408.12,0.02103,2.103
408.13,0.02103,2.103
408.14,0.02103,2.103
408.15,0.02103,2.103
408.16,0.02103,2.103
408.17,0.02103,2.103
408.17,0.02103,2.103
408.18,0.02103,2.103
408.19,0.02103,2.103
408.20,0.02103,2.103
408.21,0.02103,2.103
408.22,0.02103,2.103
408.23,0.02103,2.103
408.24,0.02103,2.103
408.25,0.02103,2.103
408.26,0.02103,2.103
408.26,0.02103,2.103
408.27,0.02103,2.103
408.28,0.02103,2.103
408.29,0.02103,2.103
408.30,0.02103,2.103
408.31,0.02103,2.103
408.32,0.02103,2.103
408.33,0.02103,2.103
408.34,0.02103,2.103
408.35,0.02103,2.103
408.35,0.02103,2.103
408.36,0.02103,2.103
408.37,0.02103,2.103
408.38,0.02103,2.103
408.39,0.02103,2.103
408.40,0.02103,2.103
408.41,0.02103,2.103
408.42,0.02103,2.103
408.43,0.02103,2.103
408.44,0.02103,2.103
408.44,0.02103,2.103
408.45,0.02103,2.103
408.46,0.02103,2.103
408.47,0.02103,2.103
408.48,0.02103,2.103
408.49,0.02103,2.103
408.50,0.02103,2.103
408.51,0.02103,2.103
408.52,0.02103,2.103
408.52,0.02103,2.103
408.53,0.02103,2.103
408.54,0.02103,2.103
408.55,0.02103,2.103
408.56,0.02103,2.103
408.57,0.02103,2.103
408.58,0.02103,2.103
408.59,0.02103,2.103
408.60,0.02103,2.103
408.61,0.02103,2.103
408.61,0.02103,2.103
408.62,0.02103,2.103
408.63,0.02103,2.103
408.64,0.02103,2.103
408.65,0.02103,2.103
408.66,0.02103,2.103
408.67,0.02103,2.103
408.68,0.02103,2.103
408.69,0.02103,2.103
408.70,0.02103,2.103
408.70,0.02103,2.103
408.71,0.02103,2.103
408.72,0.02103,2.103
408.73,0.02103,2.103
408.74,0.02103,2.103
408.75,0.02103,2.103
408.76,0.02103,2.103
408.77,0.02103,2.103
408.78,0.02103,2.103
408.79,0.02103,2.103
408.79,0.02103,2.103
408.80,0.02103,2.103
408.81,0.02103,2.103
408.82,0.02103,2.103
408.83,0.02103,2.103
408.84,0.02103,2.103
408.85,0.02103,2.103
408.86,0.02103,2.103
408.87,0.02103,2.103
408.88,0.02103,2.103
408.88,0.02103,2.103
408.89,0.02103,2.103
408.90,0.02103,2.103
408.91,0.02103,2.103
408.92,0.02103,2.103
408.93,0.02103,2.103
408.94,0.02103,2.103
408.95,0.02103,2.103
408.96,0.02103,2.103
408.97,0.02103,2.103
408.97,0.02103,2.103
408.98,0.02103,2.103
408.99,0.02103,2.103
409.00,0.02103,2.103
409.01,0.02103,2.103
409.02,0.02103,2.103
409.03,0.02103,2.103
409.04,0.02103,2.103
409.05,0.02103,2.103
409.05,0.02103,2.103
409.06,0.02103,2.103
409.07,0.02103,2.103
409.08,0.02103,2.103
409.09,0.02103,2.103
409.10,0.02103,2.103
409.11,0.02103,2.103
409.12,0.02103,2.103
409.13,0.02103,2.103
409.14,0.02103,2.103
409.14,0.02103,2.103
409.15,0.02103,2.103
409.16,0.02103,2.103
409.17,0.02103,2.103
409.18,0.02103,2.103
409.19,0.02103,2.103
409.20,0.02103,2.103
409.21,0.02103,2.103
409.22,0.02104,2.104
409.23,0.02104,2.104
409.23,0.02104,2.104
409.24,0.02104,2.104
409.25,0.02104,2.104
409.26,0.02104,2.104
409.27,0.02104,2.104
409.28,0.02104,2.104
409.29,0.02104,2.104
409.30,0.02104,2.104
409.31,0.02104,2.104
409.32,0.02104,2.104
409.32,0.02104,2.104
409.33,0.02104,2.104
409.34,0.02104,2.104
409.35,0.02104,2.104
409.36,0.02104,2.104
409.37,0.02104,2.104
409.38,0.02104,2.104
409.39,0.02104,2.104
409.40,0.02104,2.104
409.40,0.02104,2.104
409.41,0.02104,2.104
409.42,0.02104,2.104
409.43,0.02104,2.104
409.44,0.02104,2.104
409.45,0.02104,2.104
409.46,0.02104,2.104
409.47,0.02104,2.104
409.48,0.02104,2.104
409.49,0.02104,2.104
409.49,0.02104,2.104
409.50,0.02104,2.104
409.51,0.02104,2.104
409.52,0.02104,2.104
409.53,0.02104,2.104
409.54,0.02104,2.104
409.55,0.02104,2.104
409.56,0.02104,2.104
409.57,0.02104,2.104
409.58,0.02104,2.104
409.58,0.02104,2.104
409.59,0.02104,2.104
409.60,0.02104,2.104
409.61,0.02104,2.104
409.62,0.02104,2.104
409.63,0.02104,2.104
409.64,0.02104,2.104
409.65,0.02104,2.104
409.66,0.02104,2.104
409.67,0.02104,2.104
409.67,0.02104,2.104
409.68,0.02104,2.104
409.69,0.02104,2.104
409.70,0.02104,2.104
409.71,0.02104,2.104
409.72,0.02104,2.104
409.73,0.02104,2.104
409.74,0.02104,2.104
409.75,0.02104,2.104
409.76,0.02104,2.104
409.76,0.02104,2.104
409.77,0.02104,2.104
409.78,0.02104,2.104
409.79,0.02104,2.104
409.80,0.02104,2.104
409.81,0.02104,2.104
409.82,0.02104,2.104
409.83,0.02104,2.104
409.84,0.02104,2.104
409.84,0.02104,2.104
409.85,0.02104,2.104
409.86,0.02104,2.104
409.87,0.02104,2.104
409.88,0.02104,2.104
409.89,0.02104,2.104
409.90,0.02104,2.104
409.91,0.02104,2.104
409.92,0.02104,2.104
409.93,0.02104,2.104
409.93,0.02104,2.104
409.94,0.02104,2.104
409.95,0.02104,2.104
409.96,0.02104,2.104
409.97,0.02104,2.104
409.98,0.02104,2.104
409.99,0.02104,2.104
410.00,0.02104,2.104
410.01,0.02104,2.104
410.02,0.02104,2.104
410.02,0.02104,2.104
410.03,0.02104,2.104
410.04,0.02104,2.104
410.05,0.02104,2.104
410.06,0.02104,2.104
410.07,0.02104,2.104
410.08,0.02104,2.104
410.09,0.02104,2.104
410.10,0.02104,2.104
410.11,0.02104,2.104
410.11,0.02104,2.104
410.12,0.02104,2.104
410.13,0.02104,2.104
410.14,0.02104,2.104
410.15,0.02104,2.104
410.16,0.02104,2.104
410.17,0.02104,2.104
410.18,0.02104,2.104
410.19,0.02104,2.104
410.19,0.02104,2.104
410.20,0.02104,2.104
410.21,0.02104,2.104
410.22,0.02104,2.104
410.23,0.02104,2.104
410.24,0.02104,2.104
410.25,0.02104,2.104
410.26,0.02104,2.104
410.27,0.02104,2.104
410.28,0.02104,2.104
410.28,0.02104,2.104
410.29,0.02104,2.104
410.30,0.02104,2.104
410.31,0.02104,2.104
410.32,0.02104,2.104
410.33,0.02104,2.104
410.34,0.02104,2.104
410.35,0.02104,2.104
410.36,0.02104,2.104
410.37,0.02104,2.104
410.37,0.02104,2.104
410.38,0.02104,2.104
410.39,0.02104,2.104
410.40,0.02104,2.104
410.41,0.02104,2.104
410.42,0.02104,2.104
410.43,0.02104,2.104
410.44,0.02104,2.104
410.45,0.02104,2.104
410.46,0.02104,2.104
410.46,0.02104,2.104
410.47,0.02104,2.104
410.48,0.02104,2.104
410.49,0.02104,2.104
410.50,0.02104,2.104
410.51,0.02104,2.104
410.52,0.02104,2.104
410.53,0.02104,2.104
410.54,0.02104,2.104
410.55,0.02104,2.104
410.55,0.02104,2.104
410.56,0.02104,2.104
410.57,0.02104,2.104
410.58,0.02104,2.104
410.59,0.02104,2.104
410.60,0.02104,2.104
410.61,0.02104,2.104
410.62,0.02104,2.104
410.63,0.02104,2.104
410.64,0.02104,2.104
410.64,0.02104,2.104
410.65,0.02104,2.104
410.66,0.02104,2.104
410.67,0.02104,2.104
410.68,0.02104,2.104
410.69,0.02104,2.104
410.70,0.02104,2.104
410.71,0.02104,2.104
410.72,0.02104,2.104
410.72,0.02104,2.104
410.73,0.02104,2.104
410.74,0.02104,2.104
410.75,0.02104,2.104
410.76,0.02104,2.104
410.77,0.02104,2.104
410.78,0.02104,2.104
410.79,0.02104,2.104
410.80,0.02104,2.104
410.81,0.02104,2.104
410.81,0.02104,2.104
410.82,0.02104,2.104
410.83,0.02104,2.104
410.84,0.02104,2.104
410.85,0.02104,2.104
410.86,0.02104,2.104
410.87,0.02104,2.104
410.88,0.02104,2.104
410.89,0.02104,2.104
410.90,0.02104,2.104
410.90,0.02104,2.104
410.91,0.02104,2.104
410.92,0.02104,2.104
410.93,0.02104,2.104
410.94,0.02104,2.104
410.95,0.02104,2.104
410.96,0.02104,2.104
410.97,0.02104,2.104
410.98,0.02104,2.104
410.99,0.02104,2.104
410.99,0.02104,2.104
411.00,0.02104,2.104
411.01,0.02104,2.104
411.02,0.02104,2.104
411.03,0.02104,2.104
411.04,0.02104,2.104
411.05,0.02104,2.104
411.06,0.02104,2.104
411.07,0.02104,2.104
411.08,0.02104,2.104
411.08,0.02104,2.104
411.09,0.02104,2.104
411.10,0.02104,2.104
411.11,0.02104,2.104
411.12,0.02104,2.104
411.13,0.02104,2.104
411.14,0.02104,2.104
411.15,0.02104,2.104
411.16,0.02104,2.104
411.16,0.02104,2.104
411.17,0.02104,2.104
411.18,0.02104,2.104
411.19,0.02104,2.104
411.20,0.02104,2.104
411.21,0.02104,2.104
411.22,0.02104,2.104
411.23,0.02104,2.104
411.24,0.02104,2.104
411.25,0.02104,2.104
411.25,0.02104,2.104
411.26,0.02104,2.104
411.27,0.02104,2.104
411.28,0.02104,2.104
411.29,0.02104,2.104
411.30,0.02104,2.104
411.31,0.02104,2.104
411.32,0.02104,2.104
411.33,0.02104,2.104
411.34,0.02104,2.104
411.34,0.02104,2.104
411.35,0.02104,2.104
411.36,0.02104,2.104
411.37,0.02104,2.104
411.38,0.02104,2.104
411.39,0.02104,2.104
411.40,0.02104,2.104
411.41,0.02104,2.104
411.42,0.02104,2.104
411.43,0.02104,2.104
411.43,0.02104,2.104
411.44,0.02104,2.104
411.45,0.02104,2.104
411.46,0.02104,2.104
411.47,0.02104,2.104
411.48,0.02104,2.104
411.49,0.02104,2.104
411.50,0.02104,2.104
411.51,0.02104,2.104
411.51,0.02104,2.104
411.52,0.02104,2.104
411.53,0.02104,2.104
411.54,0.02104,2.104
411.55,0.02104,2.104
411.56,0.02104,2.104
411.57,0.02104,2.104
411.58,0.02104,2.104
411.59,0.02104,2.104
411.60,0.02104,2.104
411.60,0.02104,2.104
411.61,0.02104,2.104
411.62,0.02104,2.104
411.63,0.02104,2.104
411.64,0.02104,2.104
411.65,0.02104,2.104
411.66,0.02104,2.104
411.67,0.02104,2.104
411.68,0.02104,2.104
411.69,0.02104,2.104
411.69,0.02104,2.104
411.70,0.02104,2.104
411.71,0.02104,2.104
411.72,0.02104,2.104
411.73,0.02104,2.104
411.74,0.02104,2.104
411.75,0.02104,2.104
411.76,0.02104,2.104
411.77,0.02104,2.104
411.78,0.02104,2.104
411.78,0.02104,2.104
411.79,0.02104,2.104
411.80,0.02104,2.104
411.81,0.02104,2.104
411.82,0.02104,2.104
411.83,0.02104,2.104
411.84,0.02104,2.104
411.85,0.02104,2.104
411.86,0.02104,2.104
411.86,0.02104,2.104
411.87,0.02104,2.104
411.88,0.02104,2.104
411.89,0.02104,2.104
411.90,0.02104,2.104
411.91,0.02104,2.104
411.92,0.02104,2.104
411.93,0.02104,2.104
411.94,0.02104,2.104
411.95,0.02104,2.104
411.95,0.02104,2.104
411.96,0.02104,2.104
411.97,0.02104,2.104
411.98,0.02104,2.104
411.99,0.02104,2.104
412.00,0.02104,2.104
412.01,0.02104,2.104
412.02,0.02104,2.104
412.03,0.02104,2.104
412.04,0.02104,2.104
412.04,0.02104,2.104
412.05,0.02104,2.104
412.06,0.02104,2.104
412.07,0.02104,2.104
412.08,0.02104,2.104
412.09,0.02104,2.104
412.10,0.02104,2.104
412.11,0.02104,2.104
412.12,0.02104,2.104
412.13,0.02104,2.104
412.13,0.02104,2.104
412.14,0.02104,2.104
412.15,0.02104,2.104
412.16,0.02104,2.104
412.17,0.02104,2.104
412.18,0.02104,2.104
412.19,0.02104,2.104
412.20,0.02104,2.104
412.21,0.02104,2.104
412.22,0.02104,2.104
412.22,0.02104,2.104
412.23,0.02104,2.104
412.24,0.02104,2.104
412.25,0.02104,2.104
412.26,0.02104,2.104
412.27,0.02104,2.104
412.28,0.02104,2.104
412.29,0.02104,2.104
412.30,0.02104,2.104
412.30,0.02104,2.104
412.31,0.02104,2.104
412.32,0.02104,2.104
412.33,0.02104,2.104
412.34,0.02104,2.104
412.35,0.02104,2.104
412.36,0.02104,2.104
412.37,0.02104,2.104
412.38,0.02104,2.104
412.39,0.02104,2.104
412.39,0.02104,2.104
412.40,0.02104,2.104
412.41,0.02104,2.104
412.42,0.02104,2.104
412.43,0.02104,2.104
412.44,0.02104,2.104
412.45,0.02104,2.104
412.46,0.02104,2.104
412.47,0.02104,2.104
412.48,0.02104,2.104
412.48,0.02104,2.104
412.49,0.02104,2.104
412.50,0.02104,2.104
412.51,0.02104,2.104
412.52,0.02104,2.104
412.53,0.02104,2.104
412.54,0.02104,2.104
412.55,0.02104,2.104
412.56,0.02104,2.104
412.57,0.02104,2.104
412.57,0.02104,2.104
412.58,0.02104,2.104
412.59,0.02104,2.104
412.60,0.02104,2.104
412.61,0.02104,2.104
412.62,0.02104,2.104
412.63,0.02104,2.104
412.64,0.02104,2.104
412.65,0.02104,2.104
412.66,0.02104,2.104
412.66,0.02104,2.104
412.67,0.02104,2.104
412.68,0.02104,2.104
412.69,0.02104,2.104
412.70,0.02104,2.104
412.71,0.02104,2.104
412.72,0.02104,2.104
412.73,0.02104,2.104
412.74,0.02104,2.104
412.75,0.02104,2.104
412.75,0.02104,2.104
412.76,0.02104,2.104
412.77,0.02104,2.104
412.78,0.02104,2.104
412.79,0.02104,2.104
412.80,0.02104,2.104
412.81,0.02104,2.104
412.82,0.02104,2.104
412.83,0.02104,2.104
412.83,0.02104,2.104
412.84,0.02104,2.104
412.85,0.02104,2.104
412.86,0.02104,2.104
412.87,0.02104,2.104
412.88,0.02104,2.104
412.89,0.02104,2.104
412.90,0.02104,2.104
412.91,0.02104,2.104
412.92,0.02104,2.104
412.92,0.02104,2.104
412.93,0.02104,2.104
412.94,0.02104,2.104
412.95,0.02104,2.104
412.96,0.02104,2.104
412.97,0.02104,2.104
412.98,0.02104,2.104
412.99,0.02104,2.104
413.00,0.02104,2.104
413.01,0.02104,2.104
413.01,0.02104,2.104
413.02,0.02104,2.104
413.03,0.02104,2.104
413.04,0.02104,2.104
413.05,0.02104,2.104
413.06,0.02104,2.104
413.07,0.02104,2.104
413.08,0.02104,2.104
413.09,0.02104,2.104
413.10,0.02104,2.104
413.10,0.02104,2.104
413.11,0.02104,2.104
413.12,0.02104,2.104
413.13,0.02104,2.104
413.14,0.02104,2.104
413.15,0.02104,2.104
413.16,0.02104,2.104
413.17,0.02104,2.104
413.18,0.02104,2.104
413.18,0.02104,2.104
413.19,0.02104,2.104
413.20,0.02104,2.104
413.21,0.02104,2.104
413.22,0.02104,2.104
413.23,0.02104,2.104
413.24,0.02104,2.104
413.25,0.02104,2.104
413.26,0.02104,2.104
413.27,0.02104,2.104
413.27,0.02104,2.104
413.28,0.02104,2.104
413.29,0.02104,2.104
413.30,0.02104,2.104
413.31,0.02104,2.104
413.32,0.02104,2.104
413.33,0.02104,2.104
413.34,0.02104,2.104
413.35,0.02104,2.104
413.36,0.02104,2.104
413.36,0.02104,2.104
413.37,0.02104,2.104
413.38,0.02104,2.104
413.39,0.02104,2.104
413.40,0.02104,2.104
413.41,0.02104,2.104
413.42,0.02104,2.104
413.43,0.02104,2.104
413.44,0.02104,2.104
413.45,0.02104,2.104
413.45,0.02104,2.104
413.46,0.02104,2.104
413.47,0.02104,2.104
413.48,0.02104,2.104
413.49,0.02104,2.104
413.50,0.02104,2.104
413.51,0.02104,2.104
413.52,0.02104,2.104
413.53,0.02104,2.104
413.54,0.02104,2.104
413.54,0.02104,2.104
413.55,0.02104,2.104
413.56,0.02104,2.104
413.57,0.02104,2.104
413.58,0.02104,2.104
413.59,0.02104,2.104
413.60,0.02104,2.104
413.61,0.02104,2.104
413.62,0.02104,2.104
413.62,0.02104,2.104
413.63,0.02104,2.104
413.64,0.02104,2.104
413.65,0.02104,2.104
413.66,0.02104,2.104
413.67,0.02104,2.104
413.68,0.02104,2.104
413.69,0.02104,2.104
413.70,0.02104,2.104
413.71,0.02104,2.104
413.71,0.02104,2.104
413.72,0.02104,2.104
413.73,0.02104,2.104
413.74,0.02104,2.104
413.75,0.02104,2.104
413.76,0.02104,2.104
413.77,0.02104,2.104
413.78,0.02104,2.104
413.79,0.02104,2.104
413.80,0.02104,2.104
413.80,0.02104,2.104
413.81,0.02104,2.104
413.82,0.02104,2.104
413.83,0.02104,2.104
413.84,0.02104,2.104
413.85,0.02104,2.104
413.86,0.02104,2.104
413.87,0.02104,2.104
413.88,0.02104,2.104
413.89,0.02104,2.104
413.89,0.02104,2.104
413.90,0.02104,2.104
413.91,0.02104,2.104
413.92,0.02104,2.104
413.93,0.02104,2.104
413.94,0.02104,2.104
413.95,0.02104,2.104
413.96,0.02104,2.104
413.97,0.02104,2.104
413.98,0.02104,2.104
413.98,0.02104,2.104
413.99,0.02104,2.104
414.00,0.02104,2.104
414.01,0.02104,2.104
414.02,0.02104,2.104
414.03,0.02104,2.104
414.04,0.02104,2.104
414.05,0.02104,2.104
414.06,0.02104,2.104
414.06,0.02104,2.104
414.07,0.02104,2.104
414.08,0.02104,2.104
414.09,0.02104,2.104
414.10,0.02104,2.104
414.11,0.02104,2.104
414.12,0.02104,2.104
414.13,0.02104,2.104
414.14,0.02104,2.104
414.15,0.02104,2.104
414.15,0.02104,2.104
414.16,0.02104,2.104
414.17,0.02104,2.104
414.18,0.02104,2.104
414.19,0.02104,2.104
414.20,0.02104,2.104
414.21,0.02104,2.104
414.22,0.02104,2.104
414.23,0.02104,2.104
414.24,0.02104,2.104
414.24,0.02104,2.104
414.25,0.02104,2.104
414.26,0.02104,2.104
414.27,0.02104,2.104
414.28,0.02104,2.104
414.29,0.02104,2.104
414.30,0.02104,2.104
414.31,0.02104,2.104
414.32,0.02104,2.104
414.33,0.02104,2.104
414.33,0.02104,2.104
414.34,0.02104,2.104
414.35,0.02104,2.104
414.36,0.02104,2.104
414.37,0.02104,2.104
414.38,0.02104,2.104
414.39,0.02104,2.104
414.40,0.02104,2.104
414.41,0.02104,2.104
414.42,0.02104,2.104
414.42,0.02104,2.104
414.43,0.02104,2.104
414.44,0.02104,2.104
414.45,0.02104,2.104
414.46,0.02104,2.104
414.47,0.02104,2.104
414.48,0.02104,2.104
414.49,0.02104,2.104
414.50,0.02104,2.104
414.50,0.02104,2.104
414.51,0.02104,2.104
414.52,0.02104,2.104
414.53,0.02104,2.104
414.54,0.02104,2.104
414.55,0.02104,2.104
414.56,0.02104,2.104
414.57,0.02104,2.104
414.58,0.02104,2.104
414.59,0.02104,2.104
414.59,0.02104,2.104
414.60,0.02104,2.104
414.61,0.02104,2.104
414.62,0.02104,2.104
414.63,0.02104,2.104
414.64,0.02104,2.104
414.65,0.02104,2.104
414.66,0.02104,2.104
414.67,0.02104,2.104
414.68,0.02104,2.104
414.68,0.02104,2.104
414.69,0.02104,2.104
414.70,0.02104,2.104
414.71,0.02104,2.104
414.72,0.02104,2.104
414.73,0.02104,2.104
414.74,0.02104,2.104
414.75,0.02104,2.104
414.76,0.02104,2.104
414.77,0.02104,2.104
414.77,0.02104,2.104
414.78,0.02104,2.104
414.79,0.02104,2.104
414.80,0.02104,2.104
414.81,0.02104,2.104
414.82,0.02104,2.104
414.83,0.02104,2.104
414.84,0.02104,2.104
414.85,0.02104,2.104
414.86,0.02104,2.104
414.86,0.02104,2.104
414.87,0.02104,2.104
414.88,0.02104,2.104
414.89,0.02104,2.104
414.90,0.02104,2.104
414.91,0.02104,2.104
414.92,0.02104,2.104
414.93,0.02104,2.104
414.94,0.02104,2.104
414.94,0.02104,2.104
414.95,0.02104,2.104
414.96,0.02104,2.104
414.97,0.02104,2.104
414.98,0.02104,2.104
414.99,0.02104,2.104
415.00,0.02104,2.104
415.01,0.02104,2.104
415.02,0.02104,2.104
415.03,0.02104,2.104
415.03,0.02104,2.104
415.04,0.02104,2.104
415.05,0.02104,2.104
415.06,0.02104,2.104
415.07,0.02104,2.104
415.08,0.02104,2.104
415.09,0.02104,2.104
415.10,0.02104,2.104
415.11,0.02104,2.104
415.12,0.02104,2.104
415.12,0.02104,2.104
415.13,0.02104,2.104
415.14,0.02104,2.104
415.15,0.02104,2.104
415.16,0.02104,2.104
415.17,0.02104,2.104
415.18,0.02104,2.104
415.19,0.02104,2.104
415.20,0.02104,2.104
415.21,0.02104,2.104
415.21,0.02104,2.104
415.22,0.02104,2.104
415.23,0.02104,2.104
415.24,0.02104,2.104
415.25,0.02104,2.104
415.26,0.02104,2.104
415.27,0.02104,2.104
415.28,0.02104,2.104
415.29,0.02104,2.104
415.30,0.02104,2.104
415.30,0.02104,2.104
415.31,0.02104,2.104
415.32,0.02104,2.104
415.33,0.02104,2.104
415.34,0.02104,2.104
415.35,0.02104,2.104
415.36,0.02104,2.104
415.37,0.02104,2.104
415.38,0.02104,2.104
415.39,0.02104,2.104
415.39,0.02104,2.104
415.40,0.02104,2.104
415.41,0.02104,2.104
415.42,0.02104,2.104
415.43,0.02104,2.104
415.44,0.02104,2.104
415.45,0.02104,2.104
415.46,0.02104,2.104
415.47,0.02104,2.104
415.47,0.02104,2.104
415.48,0.02104,2.104
415.49,0.02104,2.104
415.50,0.02104,2.104
415.51,0.02104,2.104
415.52,0.02104,2.104
415.53,0.02104,2.104
415.54,0.02104,2.104
415.55,0.02104,2.104
415.56,0.02104,2.104
415.56,0.02104,2.104
415.57,0.02104,2.104
415.58,0.02104,2.104
415.59,0.02104,2.104
415.60,0.02104,2.104
415.61,0.02104,2.104
415.62,0.02104,2.104
415.63,0.02104,2.104
415.64,0.02104,2.104
415.65,0.02104,2.104
415.65,0.02104,2.104
415.66,0.02104,2.104
415.67,0.02104,2.104
415.68,0.02104,2.104
415.69,0.02104,2.104
415.70,0.02104,2.104
415.71,0.02104,2.104
415.72,0.02104,2.104
415.73,0.02104,2.104
415.74,0.02104,2.104
415.74,0.02104,2.104
415.75,0.02104,2.104
415.76,0.02104,2.104
415.77,0.02104,2.104
415.78,0.02104,2.104
415.79,0.02104,2.104
415.80,0.02104,2.104
415.81,0.02104,2.104
415.82,0.02104,2.104
415.83,0.02104,2.104
415.83,0.02104,2.104
415.84,0.02104,2.104
415.85,0.02104,2.104
415.86,0.02104,2.104
415.87,0.02104,2.104
415.88,0.02104,2.104
415.89,0.02104,2.104
415.90,0.02104,2.104
415.91,0.02104,2.104
415.91,0.02104,2.104
415.92,0.02104,2.104
415.93,0.02104,2.104
415.94,0.02104,2.104
415.95,0.02104,2.104
415.96,0.02104,2.104
415.97,0.02104,2.104
415.98,0.02104,2.104
415.99,0.02104,2.104
416.00,0.02104,2.104
416.00,0.02104,2.104
416.01,0.02104,2.104
416.02,0.02104,2.104
416.03,0.02104,2.104
416.04,0.02104,2.104
416.05,0.02104,2.104
416.06,0.02104,2.104
416.07,0.02104,2.104
416.08,0.02104,2.104
416.09,0.02104,2.104
416.09,0.02104,2.104
416.10,0.02104,2.104
416.11,0.02104,2.104
416.12,0.02104,2.104
416.13,0.02104,2.104
416.14,0.02104,2.104
416.15,0.02104,2.104
416.16,0.02104,2.104
416.17,0.02104,2.104
416.18,0.02104,2.104
416.18,0.02104,2.104
416.19,0.02104,2.104
416.20,0.02104,2.104
416.21,0.02104,2.104
416.22,0.02104,2.104
416.23,0.02104,2.104
416.24,0.02104,2.104
416.25,0.02104,2.104
416.26,0.02104,2.104
416.27,0.02104,2.104
416.27,0.02104,2.104
416.28,0.02104,2.104
416.29,0.02104,2.104
416.30,0.02104,2.104
416.31,0.02104,2.104
416.32,0.02104,2.104
416.33,0.02104,2.104
416.34,0.02104,2.104
416.35,0.02104,2.104
416.35,0.02104,2.104
416.36,0.02104,2.104
416.37,0.02104,2.104
416.38,0.02104,2.104
416.39,0.02104,2.104
416.40,0.02104,2.104
416.41,0.02104,2.104
416.42,0.02104,2.104
416.43,0.02104,2.104
416.44,0.02104,2.104
416.44,0.02104,2.104
416.45,0.02104,2.104
416.46,0.02104,2.104
416.47,0.02104,2.104
416.48,0.02104,2.104
416.49,0.02104,2.104
416.50,0.02104,2.104
416.51,0.02104,2.104
416.52,0.02104,2.104
416.53,0.02104,2.104
416.53,0.02104,2.104
416.54,0.02104,2.104
416.55,0.02104,2.104
416.56,0.02104,2.104
416.57,0.02104,2.104
416.58,0.02104,2.104
416.59,0.02104,2.104
416.60,0.02104,2.104
416.61,0.02104,2.104
416.62,0.02104,2.104
416.62,0.02104,2.104
416.63,0.02104,2.104
416.64,0.02104,2.104
416.65,0.02104,2.104
416.66,0.02104,2.104
416.67,0.02104,2.104
416.68,0.02104,2.104
416.69,0.02104,2.104
416.70,0.02104,2.104
416.71,0.02104,2.104
416.71,0.02104,2.104
416.72,0.02104,2.104
416.73,0.02104,2.104
416.74,0.02104,2.104
416.75,0.02104,2.104
416.76,0.02104,2.104
416.77,0.02104,2.104
416.78,0.02104,2.104
416.79,0.02104,2.104
416.79,0.02104,2.104
416.80,0.02104,2.104
416.81,0.02104,2.104
416.82,0.02104,2.104
416.83,0.02104,2.104
416.84,0.02104,2.104
416.85,0.02104,2.104
416.86,0.02104,2.104
416.87,0.02104,2.104
416.88,0.02104,2.104
416.88,0.02104,2.104
416.89,0.02104,2.104
416.90,0.02104,2.104
416.91,0.02104,2.104
416.92,0.02104,2.104
416.93,0.02104,2.104
416.94,0.02104,2.104
416.95,0.02104,2.104
416.96,0.02104,2.104
416.97,0.02104,2.104
416.97,0.02104,2.104
416.98,0.02104,2.104
416.99,0.02104,2.104
417.00,0.02104,2.104
417.01,0.02104,2.104
417.02,0.02104,2.104
417.03,0.02104,2.104
417.04,0.02104,2.104
417.05,0.02104,2.104
417.06,0.02104,2.104
417.06,0.02104,2.104
417.07,0.02104,2.104
417.08,0.02104,2.104
417.09,0.02104,2.104
417.10,0.02104,2.104
417.11,0.02104,2.104
417.12,0.02104,2.104
417.13,0.02104,2.104
417.14,0.02104,2.104
417.15,0.02104,2.104
417.15,0.02104,2.104
417.16,0.02104,2.104
417.17,0.02104,2.104
417.18,0.02104,2.104
417.19,0.02104,2.104
417.20,0.02104,2.104
417.21,0.02104,2.104
417.22,0.02104,2.104
417.23,0.02104,2.104
417.23,0.02104,2.104
417.24,0.02104,2.104
417.25,0.02104,2.104
417.26,0.02104,2.104
417.27,0.02104,2.104
417.28,0.02104,2.104
417.29,0.02104,2.104
417.30,0.02104,2.104
417.31,0.02104,2.104
417.32,0.02104,2.104
417.32,0.02104,2.104
417.33,0.02104,2.104
417.34,0.02104,2.104
417.35,0.02104,2.104
417.36,0.02104,2.104
417.37,0.02104,2.104
417.38,0.02104,2.104
417.39,0.02104,2.104
417.40,0.02104,2.104
417.41,0.02104,2.104
417.41,0.02104,2.104
417.42,0.02104,2.104
417.43,0.02104,2.104
417.44,0.02104,2.104
417.45,0.02104,2.104
417.46,0.02104,2.104
417.47,0.02104,2.104
417.48,0.02104,2.104
417.49,0.02104,2.104
417.50,0.02104,2.104
417.50,0.02104,2.104
417.51,0.02104,2.104
417.52,0.02104,2.104
417.53,0.02105,2.105
417.54,0.02105,2.105
417.55,0.02105,2.105
417.56,0.02105,2.105
417.57,0.02105,2.105
417.58,0.02105,2.105
417.59,0.02105,2.105
417.59,0.02105,2.105
417.60,0.02105,2.105
417.61,0.02105,2.105
417.62,0.02105,2.105
417.63,0.02105,2.105
417.64,0.02105,2.105
417.65,0.02105,2.105
417.66,0.02105,2.105
417.67,0.02105,2.105
417.68,0.02105,2.105
417.68,0.02105,2.105
417.69,0.02105,2.105
417.70,0.02105,2.105
417.71,0.02105,2.105
417.72,0.02105,2.105
417.73,0.02105,2.105
417.74,0.02105,2.105
417.75,0.02105,2.105
417.76,0.02105,2.105
417.76,0.02105,2.105
417.77,0.02105,2.105
417.78,0.02105,2.105
417.79,0.02105,2.105
417.80,0.02105,2.105
417.81,0.02105,2.105
417.82,0.02105,2.105
417.83,0.02105,2.105
417.84,0.02105,2.105
417.85,0.02105,2.105
417.85,0.02105,2.105
417.86,0.02105,2.105
417.87,0.02105,2.105
417.88,0.02105,2.105
417.89,0.02105,2.105
417.90,0.02105,2.105
417.91,0.02105,2.105
417.92,0.02105,2.105
417.93,0.02105,2.105
417.94,0.02105,2.105
417.94,0.02105,2.105
417.95,0.02105,2.105
417.96,0.02105,2.105
417.97,0.02105,2.105
417.98,0.02105,2.105
417.99,0.02105,2.105
418.00,0.02105,2.105
418.01,0.02105,2.105
418.02,0.02105,2.105
418.03,0.02105,2.105
418.03,0.02105,2.105
418.04,0.02105,2.105
418.05,0.02105,2.105
418.06,0.02105,2.105
418.07,0.02105,2.105
418.08,0.02105,2.105
418.09,0.02105,2.105
418.10,0.02105,2.105
418.11,0.02105,2.105
418.12,0.02105,2.105
418.12,0.02105,2.105
418.13,0.02105,2.105
418.14,0.02105,2.105
418.15,0.02105,2.105
418.16,0.02105,2.105
418.17,0.02105,2.105
418.18,0.02105,2.105
418.19,0.02105,2.105
418.20,0.02105,2.105
418.20,0.02105,2.105
418.21,0.02105,2.105
418.22,0.02105,2.105
418.23,0.02105,2.105
418.24,0.02105,2.105
418.25,0.02105,2.105
418.26,0.02105,2.105
418.27,0.02105,2.105
418.28,0.02105,2.105
418.29,0.02105,2.105
418.29,0.02105,2.105
418.30,0.02105,2.105
418.31,0.02105,2.105
418.32,0.02105,2.105
418.33,0.02105,2.105
418.34,0.02105,2.105
418.35,0.02105,2.105
418.36,0.02105,2.105
418.37,0.02105,2.105
418.38,0.02105,2.105
418.38,0.02105,2.105
418.39,0.02105,2.105
418.40,0.02105,2.105
418.41,0.02105,2.105
418.42,0.02105,2.105
418.43,0.02105,2.105
418.44,0.02105,2.105
418.45,0.02105,2.105
418.46,0.02105,2.105
418.47,0.02105,2.105
418.47,0.02105,2.105
418.48,0.02105,2.105
418.49,0.02105,2.105
418.50,0.02105,2.105
418.51,0.02105,2.105
418.52,0.02105,2.105
418.53,0.02105,2.105
418.54,0.02105,2.105
418.55,0.02105,2.105
418.55,0.02105,2.105
418.56,0.02105,2.105
418.57,0.02105,2.105
418.58,0.02105,2.105
418.59,0.02105,2.105
418.60,0.02105,2.105
418.61,0.02105,2.105
418.62,0.02105,2.105
418.63,0.02105,2.105
418.64,0.02105,2.105
418.64,0.02105,2.105
418.65,0.02105,2.105
418.66,0.02105,2.105
418.67,0.02105,2.105
418.68,0.02105,2.105
418.69,0.02105,2.105
418.70,0.02105,2.105
418.71,0.02105,2.105
418.72,0.02105,2.105
418.73,0.02105,2.105
418.73,0.02105,2.105
418.74,0.02105,2.105
418.75,0.02105,2.105
418.76,0.02105,2.105
418.77,0.02105,2.105
418.78,0.02105,2.105
418.79,0.02105,2.105
418.80,0.02105,2.105
418.81,0.02105,2.105
418.82,0.02105,2.105
418.82,0.02105,2.105
418.83,0.02105,2.105
418.84,0.02105,2.105
418.85,0.02105,2.105
418.86,0.02105,2.105
418.87,0.02105,2.105
418.88,0.02105,2.105
418.89,0.02105,2.105
418.90,0.02105,2.105
418.91,0.02105,2.105
418.91,0.02105,2.105
418.92,0.02105,2.105
418.93,0.02105,2.105
418.94,0.02105,2.105
418.95,0.02105,2.105
418.96,0.02105,2.105
418.97,0.02105,2.105
418.98,0.02105,2.105
418.99,0.02105,2.105
419.00,0.02105,2.105
419.00,0.02105,2.105
419.01,0.02105,2.105
419.02,0.02105,2.105
419.03,0.02105,2.105
419.04,0.02105,2.105
419.05,0.02105,2.105
419.06,0.02105,2.105
419.07,0.02105,2.105
419.08,0.02105,2.105
419.09,0.02105,2.105
419.09,0.02105,2.105
419.10,0.02105,2.105
419.11,0.02105,2.105
419.12,0.02105,2.105
419.13,0.02105,2.105
419.14,0.02105,2.105
419.15,0.02105,2.105
419.16,0.02105,2.105
419.17,0.02105,2.105
419.17,0.02105,2.105
419.18,0.02105,2.105
419.19,0.02105,2.105
419.20,0.02105,2.105
419.21,0.02105,2.105
419.22,0.02105,2.105
419.23,0.02105,2.105
419.24,0.02105,2.105
419.25,0.02105,2.105
419.26,0.02105,2.105
419.26,0.02105,2.105
419.27,0.02105,2.105
419.28,0.02105,2.105
419.29,0.02105,2.105
419.30,0.02105,2.105
419.31,0.02105,2.105
419.32,0.02105,2.105
419.33,0.02105,2.105
419.34,0.02105,2.105
419.35,0.02105,2.105
419.35,0.02105,2.105
419.36,0.02105,2.105
419.37,0.02105,2.105
419.38,0.02105,2.105
419.39,0.02105,2.105
419.40,0.02105,2.105
419.41,0.02105,2.105
419.42,0.02105,2.105
419.43,0.02105,2.105
419.44,0.02105,2.105
419.44,0.02105,2.105
419.45,0.02105,2.105
419.46,0.02105,2.105
419.47,0.02105,2.105
419.48,0.02105,2.105
419.49,0.02105,2.105
419.50,0.02105,2.105
419.51,0.02105,2.105
419.52,0.02105,2.105
419.53,0.02105,2.105
419.53,0.02105,2.105
419.54,0.02105,2.105
419.55,0.02105,2.105
419.56,0.02105,2.105
419.57,0.02105,2.105
419.58,0.02105,2.105
419.59,0.02105,2.105
419.60,0.02105,2.105
419.61,0.02105,2.105
419.62,0.02105,2.105
419.62,0.02105,2.105
419.63,0.02105,2.105
419.64,0.02105,2.105
419.65,0.02105,2.105
419.66,0.02105,2.105
419.67,0.02105,2.105
419.68,0.02105,2.105
419.69,0.02105,2.105
419.70,0.02105,2.105
419.70,0.02105,2.105
419.71,0.02105,2.105
419.72,0.02105,2.105
419.73,0.02105,2.105
419.74,0.02105,2.105
419.75,0.02105,2.105
419.76,0.02105,2.105
419.77,0.02105,2.105
419.78,0.02105,2.105
419.79,0.02105,2.105
419.79,0.02105,2.105
419.80,0.02105,2.105
419.81,0.02105,2.105
419.82,0.02105,2.105
419.83,0.02105,2.105
419.84,0.02105,2.105
419.85,0.02105,2.105
419.86,0.02105,2.105
419.87,0.02105,2.105
419.88,0.02105,2.105
419.88,0.02105,2.105
419.89,0.02105,2.105
419.90,0.02105,2.105
419.91,0.02105,2.105
419.92,0.02105,2.105
419.93,0.02105,2.105
419.94,0.02105,2.105
419.95,0.02105,2.105
419.96,0.02105,2.105
419.97,0.02105,2.105
419.97,0.02105,2.105
419.98,0.02105,2.105
419.99,0.02105,2.105
420.00,0.02105,2.105
420.01,0.02105,2.105
420.02,0.02105,2.105
420.03,0.02105,2.105
420.04,0.02105,2.105
420.05,0.02105,2.105
420.06,0.02105,2.105
420.06,0.02105,2.105
420.07,0.02105,2.105
420.08,0.02105,2.105
420.09,0.02105,2.105
420.10,0.02105,2.105
420.11,0.02105,2.105
420.12,0.02105,2.105
420.13,0.02105,2.105
420.14,0.02105,2.105
420.14,0.02105,2.105
420.15,0.02105,2.105
420.16,0.02105,2.105
420.17,0.02105,2.105
420.18,0.02105,2.105
420.19,0.02105,2.105
420.20,0.02105,2.105
420.21,0.02105,2.105
420.22,0.02105,2.105
420.23,0.02105,2.105
420.23,0.02105,2.105
420.24,0.02105,2.105
420.25,0.02105,2.105
420.26,0.02105,2.105
420.27,0.02105,2.105
420.28,0.02105,2.105
420.29,0.02105,2.105
420.30,0.02105,2.105
420.31,0.02105,2.105
420.32,0.02105,2.105
420.32,0.02105,2.105
420.33,0.02105,2.105
420.34,0.02105,2.105
420.35,0.02105,2.105
420.36,0.02105,2.105
420.37,0.02105,2.105
420.38,0.02105,2.105
420.39,0.02105,2.105
420.40,0.02105,2.105
420.41,0.02105,2.105
420.41,0.02105,2.105
420.42,0.02105,2.105
420.43,0.02105,2.105
420.44,0.02105,2.105
420.45,0.02105,2.105
420.46,0.02105,2.105
420.47,0.02105,2.105
420.48,0.02105,2.105
420.49,0.02105,2.105
420.50,0.02105,2.105
420.50,0.02105,2.105
420.51,0.02105,2.105
420.52,0.02105,2.105
420.53,0.02105,2.105
420.54,0.02105,2.105
420.55,0.02105,2.105
420.56,0.02105,2.105
420.57,0.02105,2.105
420.58,0.02105,2.105
420.58,0.02105,2.105
420.59,0.02105,2.105
420.60,0.02105,2.105
420.61,0.02105,2.105
420.62,0.02105,2.105
420.63,0.02105,2.105
420.64,0.02105,2.105
420.65,0.02105,2.105
420.66,0.02105,2.105
420.67,0.02105,2.105
420.67,0.02105,2.105
420.68,0.02105,2.105
420.69,0.02105,2.105
420.70,0.02105,2.105
420.71,0.02105,2.105
420.72,0.02105,2.105
420.73,0.02105,2.105
420.74,0.02105,2.105
420.75,0.02105,2.105
420.76,0.02105,2.105
420.76,0.02105,2.105
420.77,0.02105,2.105
420.78,0.02105,2.105
420.79,0.02105,2.105
420.80,0.02105,2.105
420.81,0.02105,2.105
420.82,0.02105,2.105
420.83,0.02105,2.105
420.84,0.02105,2.105
420.85,0.02105,2.105
420.85,0.02105,2.105
420.86,0.02105,2.105
420.87,0.02105,2.105
420.88,0.02105,2.105
420.89,0.02105,2.105
420.90,0.02105,2.105
420.91,0.02105,2.105
420.92,0.02105,2.105
420.93,0.02105,2.105
420.94,0.02105,2.105
420.94,0.02105,2.105
420.95,0.02105,2.105
420.96,0.02105,2.105
420.97,0.02105,2.105
420.98,0.02105,2.105
420.99,0.02105,2.105
421.00,0.02105,2.105
421.01,0.02105,2.105
421.02,0.02105,2.105
421.03,0.02105,2.105
421.03,0.02105,2.105
421.04,0.02105,2.105
421.05,0.02105,2.105
421.06,0.02105,2.105
421.07,0.02105,2.105
421.08,0.02105,2.105
421.09,0.02105,2.105
421.10,0.02105,2.105
421.11,0.02105,2.105
421.11,0.02105,2.105
421.12,0.02105,2.105
421.13,0.02105,2.105
421.14,0.02105,2.105
421.15,0.02105,2.105
421.16,0.02105,2.105
421.17,0.02105,2.105
421.18,0.02105,2.105
421.19,0.02105,2.105
421.20,0.02105,2.105
421.20,0.02105,2.105
421.21,0.02105,2.105
421.22,0.02105,2.105
421.23,0.02105,2.105
421.24,0.02105,2.105
421.25,0.02105,2.105
421.26,0.02105,2.105
421.27,0.02105,2.105
421.28,0.02105,2.105
421.29,0.02105,2.105
421.29,0.02105,2.105
421.30,0.02105,2.105
421.31,0.02105,2.105
421.32,0.02105,2.105
421.33,0.02105,2.105
421.34,0.02105,2.105
421.35,0.02105,2.105
421.36,0.02105,2.105
421.37,0.02105,2.105
421.38,0.02105,2.105
421.38,0.02105,2.105
421.39,0.02105,2.105
421.40,0.02105,2.105
421.41,0.02105,2.105
421.42,0.02105,2.105
421.43,0.02105,2.105
421.44,0.02105,2.105
421.45,0.02105,2.105
421.46,0.02105,2.105
421.47,0.02105,2.105
421.47,0.02105,2.105
421.48,0.02105,2.105
421.49,0.02105,2.105
421.50,0.02105,2.105
421.51,0.02105,2.105
421.52,0.02105,2.105
421.53,0.02105,2.105
421.54,0.02105,2.105
421.55,0.02105,2.105
421.56,0.02105,2.105
421.56,0.02105,2.105
421.57,0.02105,2.105
421.58,0.02105,2.105
421.59,0.02105,2.105
421.60,0.02105,2.105
421.61,0.02105,2.105
421.62,0.02105,2.105
421.63,0.02105,2.105
421.64,0.02105,2.105
421.64,0.02105,2.105
421.65,0.02105,2.105
421.66,0.02105,2.105
421.67,0.02105,2.105
421.68,0.02105,2.105
421.69,0.02105,2.105
421.70,0.02105,2.105
421.71,0.02105,2.105
421.72,0.02105,2.105
421.73,0.02105,2.105
421.73,0.02105,2.105
421.74,0.02105,2.105
421.75,0.02105,2.105
421.76,0.02105,2.105
421.77,0.02105,2.105
421.78,0.02105,2.105
421.79,0.02105,2.105
421.80,0.02105,2.105
421.81,0.02105,2.105
421.82,0.02105,2.105
421.82,0.02105,2.105
421.83,0.02105,2.105
421.84,0.02105,2.105
421.85,0.02105,2.105
421.86,0.02105,2.105
421.87,0.02105,2.105
421.88,0.02105,2.105
421.89,0.02105,2.105
421.90,0.02105,2.105
421.91,0.02105,2.105
421.91,0.02105,2.105
421.92,0.02105,2.105
421.93,0.02105,2.105
421.94,0.02105,2.105
421.95,0.02105,2.105
421.96,0.02105,2.105
421.97,0.02105,2.105
421.98,0.02105,2.105
421.99,0.02105,2.105
422.00,0.02105,2.105
422.00,0.02105,2.105
422.01,0.02105,2.105
422.02,0.02105,2.105
422.03,0.02105,2.105
422.04,0.02105,2.105
422.05,0.02105,2.105
422.06,0.02105,2.105
422.07,0.02105,2.105
422.08,0.02105,2.105
422.08,0.02105,2.105
422.09,0.02105,2.105
422.10,0.02105,2.105
422.11,0.02105,2.105
422.12,0.02105,2.105
422.13,0.02105,2.105
422.14,0.02105,2.105
422.15,0.02105,2.105
422.16,0.02105,2.105
422.17,0.02105,2.105
422.17,0.02105,2.105
422.18,0.02105,2.105
422.19,0.02105,2.105
422.20,0.02105,2.105
422.21,0.02105,2.105
422.22,0.02105,2.105
422.23,0.02105,2.105
422.24,0.02105,2.105
422.25,0.02105,2.105
422.26,0.02105,2.105
422.26,0.02105,2.105
422.27,0.02105,2.105
422.28,0.02105,2.105
422.29,0.02105,2.105
422.30,0.02105,2.105
422.31,0.02105,2.105
422.32,0.02105,2.105
422.33,0.02105,2.105
422.34,0.02105,2.105
422.35,0.02105,2.105
422.35,0.02105,2.105
422.36,0.02105,2.105
422.37,0.02105,2.105
422.38,0.02105,2.105
422.39,0.02105,2.105
422.40,0.02105,2.105
422.41,0.02105,2.105
422.42,0.02105,2.105
422.43,0.02105,2.105
422.44,0.02105,2.105
422.44,0.02105,2.105
422.45,0.02105,2.105
422.46,0.02105,2.105
422.47,0.02105,2.105
422.48,0.02105,2.105
422.49,0.02105,2.105
422.50,0.02105,2.105
422.51,0.02105,2.105
422.52,0.02105,2.105
422.52,0.02105,2.105
422.53,0.02105,2.105
422.54,0.02105,2.105
422.55,0.02105,2.105
422.56,0.02105,2.105
422.57,0.02105,2.105
422.58,0.02105,2.105
422.59,0.02105,2.105
422.60,0.02105,2.105
422.61,0.02105,2.105
422.61,0.02105,2.105
422.62,0.02105,2.105
422.63,0.02105,2.105
422.64,0.02105,2.105
422.65,0.02105,2.105
422.66,0.02105,2.105
422.67,0.02105,2.105
422.68,0.02105,2.105
422.69,0.02105,2.105
422.70,0.02105,2.105
422.70,0.02105,2.105
422.71,0.02105,2.105
422.72,0.02105,2.105
422.73,0.02105,2.105
422.74,0.02105,2.105
422.75,0.02105,2.105
422.76,0.02105,2.105
422.77,0.02105,2.105
422.78,0.02105,2.105
422.79,0.02105,2.105
422.79,0.02105,2.105
422.80,0.02105,2.105
422.81,0.02105,2.105
422.82,0.02105,2.105
422.83,0.02105,2.105
422.84,0.02105,2.105
422.85,0.02105,2.105
422.86,0.02105,2.105
422.87,0.02105,2.105
422.88,0.02105,2.105
422.88,0.02105,2.105
422.89,0.02105,2.105
422.90,0.02105,2.105
422.91,0.02105,2.105
422.92,0.02105,2.105
422.93,0.02105,2.105
422.94,0.02105,2.105
422.95,0.02105,2.105
422.96,0.02105,2.105
422.97,0.02105,2.105
422.97,0.02105,2.105
422.98,0.02105,2.105
422.99,0.02105,2.105
423.00,0.02105,2.105
423.01,0.02105,2.105
423.02,0.02105,2.105
423.03,0.02105,2.105
423.04,0.02105,2.105
423.05,0.02105,2.105
423.06,0.02105,2.105
423.06,0.02105,2.105
423.07,0.02105,2.105
423.08,0.02105,2.105
423.09,0.02105,2.105
423.10,0.02105,2.105
423.11,0.02105,2.105
423.12,0.02105,2.105
423.13,0.02105,2.105
423.14,0.02105,2.105
423.14,0.02105,2.105
423.15,0.02105,2.105
423.16,0.02105,2.105
423.17,0.02105,2.105
423.18,0.02105,2.105
423.19,0.02105,2.105
423.20,0.02105,2.105
423.21,0.02105,2.105
423.22,0.02105,2.105
423.23,0.02105,2.105
423.23,0.02105,2.105
423.24,0.02105,2.105
423.25,0.02105,2.105
423.26,0.02105,2.105
423.27,0.02105,2.105
423.28,0.02105,2.105
423.29,0.02105,2.105
423.30,0.02105,2.105
423.31,0.02105,2.105
423.32,0.02105,2.105
423.32,0.02105,2.105
423.33,0.02105,2.105
423.34,0.02105,2.105
423.35,0.02105,2.105
423.36,0.02105,2.105
423.37,0.02105,2.105
423.38,0.02105,2.105
423.39,0.02105,2.105
423.40,0.02105,2.105
423.41,0.02105,2.105
423.41,0.02105,2.105
423.42,0.02105,2.105
423.43,0.02105,2.105
423.44,0.02105,2.105
423.45,0.02105,2.105
423.46,0.02105,2.105
423.47,0.02105,2.105
423.48,0.02105,2.105
423.49,0.02105,2.105
423.50,0.02105,2.105
423.50,0.02105,2.105
423.51,0.02105,2.105
423.52,0.02105,2.105
423.53,0.02105,2.105
423.54,0.02105,2.105
423.55,0.02105,2.105
423.56,0.02105,2.105
423.57,0.02105,2.105
423.58,0.02105,2.105
423.59,0.02105,2.105
423.59,0.02105,2.105
423.60,0.02105,2.105
423.61,0.02105,2.105
423.62,0.02105,2.105
423.63,0.02105,2.105
423.64,0.02105,2.105
423.65,0.02105,2.105
423.66,0.02105,2.105
423.67,0.02105,2.105
423.67,0.02105,2.105
423.68,0.02105,2.105
423.69,0.02105,2.105
423.70,0.02105,2.105
423.71,0.02105,2.105
423.72,0.02105,2.105
423.73,0.02105,2.105
423.74,0.02105,2.105
423.75,0.02105,2.105
423.76,0.02105,2.105
423.76,0.02105,2.105
423.77,0.02105,2.105
423.78,0.02105,2.105
423.79,0.02105,2.105
423.80,0.02105,2.105
423.81,0.02105,2.105
423.82,0.02105,2.105
423.83,0.02105,2.105
423.84,0.02105,2.105
423.85,0.02105,2.105
423.85,0.02105,2.105
423.86,0.02105,2.105
423.87,0.02105,2.105
423.88,0.02105,2.105
423.89,0.02105,2.105
423.90,0.02105,2.105
423.91,0.02105,2.105
423.92,0.02105,2.105
423.93,0.02105,2.105
423.94,0.02105,2.105
423.94,0.02105,2.105
423.95,0.02105,2.105
423.96,0.02105,2.105
423.97,0.02105,2.105
423.98,0.02105,2.105
423.99,0.02105,2.105
424.00,0.02105,2.105
424.01,0.02105,2.105
424.02,0.02105,2.105
424.03,0.02105,2.105
424.03,0.02105,2.105
424.04,0.02105,2.105
424.05,0.02105,2.105
424.06,0.02105,2.105
424.07,0.02105,2.105
424.08,0.02105,2.105
424.09,0.02105,2.105
424.10,0.02105,2.105
424.11,0.02105,2.105
424.12,0.02105,2.105
424.12,0.02105,2.105
424.13,0.02105,2.105
424.14,0.02105,2.105
424.15,0.02105,2.105
424.16,0.02105,2.105
424.17,0.02105,2.105
424.18,0.02105,2.105
424.19,0.02105,2.105
424.20,0.02105,2.105
424.20,0.02105,2.105
424.21,0.02105,2.105
424.22,0.02105,2.105
424.23,0.02105,2.105
424.24,0.02105,2.105
424.25,0.02105,2.105
424.26,0.02105,2.105
424.27,0.02105,2.105
424.28,0.02105,2.105
424.29,0.02105,2.105
424.29,0.02105,2.105
424.30,0.02105,2.105
424.31,0.02105,2.105
424.32,0.02105,2.105
424.33,0.02105,2.105
424.34,0.02105,2.105
424.35,0.02105,2.105
424.36,0.02105,2.105
424.37,0.02105,2.105
424.38,0.02105,2.105
424.38,0.02105,2.105
424.39,0.02105,2.105
424.40,0.02105,2.105
424.41,0.02105,2.105
424.42,0.02105,2.105
424.43,0.02105,2.105
424.44,0.02105,2.105
424.45,0.02105,2.105
424.46,0.02105,2.105
424.47,0.02105,2.105
424.47,0.02105,2.105
424.48,0.02105,2.105
424.49,0.02105,2.105
424.50,0.02105,2.105
424.51,0.02105,2.105
424.52,0.02105,2.105
424.53,0.02105,2.105
424.54,0.02105,2.105
424.55,0.02105,2.105
424.56,0.02105,2.105
424.56,0.02105,2.105
424.57,0.02105,2.105
424.58,0.02105,2.105
424.59,0.02105,2.105
424.60,0.02105,2.105
424.61,0.02105,2.105
424.62,0.02105,2.105
424.63,0.02105,2.105
424.64,0.02105,2.105
424.65,0.02105,2.105
424.65,0.02105,2.105
424.66,0.02105,2.105
424.67,0.02105,2.105
424.68,0.02105,2.105
424.69,0.02105,2.105
424.70,0.02105,2.105
424.71,0.02105,2.105
424.72,0.02105,2.105
424.73,0.02105,2.105
424.73,0.02105,2.105
424.74,0.02105,2.105
424.75,0.02105,2.105
424.76,0.02105,2.105
424.77,0.02105,2.105
424.78,0.02105,2.105
424.79,0.02105,2.105
424.80,0.02105,2.105
424.81,0.02105,2.105
424.82,0.02105,2.105
424.82,0.02105,2.105
424.83,0.02105,2.105
424.84,0.02105,2.105
424.85,0.02105,2.105
424.86,0.02105,2.105
424.87,0.02105,2.105
424.88,0.02105,2.105
424.89,0.02105,2.105
424.90,0.02105,2.105
424.91,0.02105,2.105
424.91,0.02105,2.105
424.92,0.02105,2.105
424.93,0.02105,2.105
424.94,0.02105,2.105
424.95,0.02105,2.105
424.96,0.02105,2.105
424.97,0.02105,2.105
424.98,0.02105,2.105
424.99,0.02105,2.105
425.00,0.02105,2.105
425.00,0.02105,2.105
425.01,0.02105,2.105
425.02,0.02105,2.105
425.03,0.02105,2.105
425.04,0.02105,2.105
425.05,0.02105,2.105
425.06,0.02105,2.105
425.07,0.02105,2.105
425.08,0.02105,2.105
425.09,0.02105,2.105
425.09,0.02105,2.105
425.10,0.02105,2.105
425.11,0.02105,2.105
425.12,0.02105,2.105
425.13,0.02105,2.105
425.14,0.02105,2.105
425.15,0.02105,2.105
425.16,0.02105,2.105
425.17,0.02105,2.105
425.18,0.02105,2.105
425.18,0.02105,2.105
425.19,0.02105,2.105
425.20,0.02105,2.105
425.21,0.02105,2.105
425.22,0.02105,2.105
425.23,0.02105,2.105
425.24,0.02105,2.105
425.25,0.02105,2.105
425.26,0.02105,2.105
425.26,0.02105,2.105
425.27,0.02105,2.105
425.28,0.02105,2.105
425.29,0.02105,2.105
425.30,0.02105,2.105
425.31,0.02105,2.105
425.32,0.02105,2.105
425.33,0.02105,2.105
425.34,0.02105,2.105
425.35,0.02105,2.105
425.35,0.02105,2.105
425.36,0.02105,2.105
425.37,0.02105,2.105
425.38,0.02105,2.105
425.39,0.02105,2.105
425.40,0.02105,2.105
425.41,0.02105,2.105
425.42,0.02105,2.105
425.43,0.02105,2.105
425.44,0.02105,2.105
425.44,0.02105,2.105
425.45,0.02105,2.105
425.46,0.02105,2.105
425.47,0.02105,2.105
425.48,0.02105,2.105
425.49,0.02105,2.105
425.50,0.02105,2.105
425.51,0.02105,2.105
425.52,0.02105,2.105
425.53,0.02105,2.105
425.53,0.02105,2.105
425.54,0.02105,2.105
425.55,0.02105,2.105
425.56,0.02105,2.105
425.57,0.02105,2.105
425.58,0.02105,2.105
425.59,0.02105,2.105
425.60,0.02105,2.105
425.61,0.02105,2.105
425.62,0.02105,2.105
425.62,0.02105,2.105
425.63,0.02105,2.105
425.64,0.02105,2.105
425.65,0.02105,2.105
425.66,0.02105,2.105
425.67,0.02105,2.105
425.68,0.02105,2.105
425.69,0.02105,2.105
425.70,0.02105,2.105
425.71,0.02105,2.105
425.71,0.02105,2.105
425.72,0.02105,2.105
425.73,0.02105,2.105
425.74,0.02105,2.105
425.75,0.02105,2.105
425.76,0.02105,2.105
425.77,0.02105,2.105
425.78,0.02105,2.105
425.79,0.02105,2.105
425.79,0.02105,2.105
425.80,0.02105,2.105
425.81,0.02105,2.105
425.82,0.02105,2.105
425.83,0.02105,2.105
425.84,0.02105,2.105
425.85,0.02105,2.105
425.86,0.02105,2.105
425.87,0.02105,2.105
425.88,0.02105,2.105
425.88,0.02105,2.105
425.89,0.02105,2.105
425.90,0.02105,2.105
425.91,0.02105,2.105
425.92,0.02105,2.105
425.93,0.02105,2.105
425.94,0.02105,2.105
425.95,0.02105,2.105
425.96,0.02105,2.105
425.97,0.02105,2.105
425.97,0.02105,2.105
425.98,0.02105,2.105
425.99,0.02105,2.105
426.00,0.02105,2.105
426.01,0.02105,2.105
426.02,0.02105,2.105
426.03,0.02105,2.105
426.04,0.02105,2.105
426.05,0.02105,2.105
426.06,0.02106,2.106
426.06,0.02106,2.106
426.07,0.02106,2.106
426.08,0.02106,2.106
426.09,0.02106,2.106
426.10,0.02106,2.106
426.11,0.02106,2.106
426.12,0.02106,2.106
426.13,0.02106,2.106
426.14,0.02106,2.106
426.15,0.02106,2.106
426.15,0.02106,2.106
426.16,0.02106,2.106
426.17,0.02106,2.106
426.18,0.02106,2.106
426.19,0.02106,2.106
426.20,0.02106,2.106
426.21,0.02106,2.106
426.22,0.02106,2.106
426.23,0.02106,2.106
426.24,0.02106,2.106
426.24,0.02106,2.106
426.25,0.02106,2.106
426.26,0.02106,2.106
426.27,0.02106,2.106
426.28,0.02106,2.106
426.29,0.02106,2.106
426.30,0.02106,2.106
426.31,0.02106,2.106
426.32,0.02106,2.106
426.33,0.02106,2.106
426.33,0.02106,2.106
426.34,0.02106,2.106
426.35,0.02106,2.106
426.36,0.02106,2.106
426.37,0.02106,2.106
426.38,0.02106,2.106
426.39,0.02106,2.106
426.40,0.02106,2.106
426.41,0.02106,2.106
426.41,0.02106,2.106
426.42,0.02106,2.106
426.43,0.02106,2.106
426.44,0.02106,2.106
426.45,0.02106,2.106
426.46,0.02106,2.106
426.47,0.02106,2.106
426.48,0.02106,2.106
426.49,0.02106,2.106
426.50,0.02106,2.106
426.50,0.02106,2.106
426.51,0.02106,2.106
426.52,0.02106,2.106
426.53,0.02106,2.106
426.54,0.02106,2.106
426.55,0.02106,2.106
426.56,0.02106,2.106
426.57,0.02106,2.106
426.58,0.02106,2.106
426.59,0.02106,2.106
426.59,0.02106,2.106
426.60,0.02106,2.106
426.61,0.02106,2.106
426.62,0.02106,2.106
426.63,0.02106,2.106
426.64,0.02106,2.106
426.65,0.02106,2.106
426.66,0.02106,2.106
426.67,0.02106,2.106
426.68,0.02106,2.106
426.68,0.02106,2.106
426.69,0.02106,2.106
426.70,0.02106,2.106
426.71,0.02106,2.106
426.72,0.02106,2.106
426.73,0.02106,2.106
426.74,0.02106,2.106
426.75,0.02106,2.106
426.76,0.02106,2.106
426.77,0.02106,2.106
426.77,0.02106,2.106
426.78,0.02106,2.106
426.79,0.02106,2.106
426.80,0.02106,2.106
426.81,0.02106,2.106
426.82,0.02106,2.106
426.83,0.02106,2.106
426.84,0.02106,2.106
426.85,0.02106,2.106
426.86,0.02106,2.106
426.86,0.02106,2.106
426.87,0.02106,2.106
426.88,0.02106,2.106
426.89,0.02106,2.106
426.90,0.02106,2.106
426.91,0.02106,2.106
426.92,0.02106,2.106
426.93,0.02106,2.106
426.94,0.02106,2.106
426.94,0.02106,2.106
426.95,0.02106,2.106
426.96,0.02106,2.106
426.97,0.02106,2.106
426.98,0.02106,2.106
426.99,0.02106,2.106
427.00,0.02106,2.106
427.01,0.02106,2.106
427.02,0.02106,2.106
427.03,0.02106,2.106
427.03,0.02106,2.106
427.04,0.02106,2.106
427.05,0.02106,2.106
427.06,0.02106,2.106
427.07,0.02106,2.106
427.08,0.02106,2.106
427.09,0.02106,2.106
427.10,0.02106,2.106
427.11,0.02106,2.106
427.12,0.02106,2.106
427.12,0.02106,2.106
427.13,0.02106,2.106
427.14,0.02106,2.106
427.15,0.02106,2.106
427.16,0.02106,2.106
427.17,0.02106,2.106
427.18,0.02106,2.106
427.19,0.02106,2.106
427.20,0.02106,2.106
427.21,0.02106,2.106
427.21,0.02106,2.106
427.22,0.02106,2.106
427.23,0.02106,2.106
427.24,0.02106,2.106
427.25,0.02106,2.106
427.26,0.02106,2.106
427.27,0.02106,2.106
427.28,0.02106,2.106
427.29,0.02106,2.106
427.30,0.02106,2.106
427.30,0.02106,2.106
427.31,0.02106,2.106
427.32,0.02106,2.106
427.33,0.02106,2.106
427.34,0.02106,2.106
427.35,0.02106,2.106
427.36,0.02106,2.106
427.37,0.02106,2.106
427.38,0.02106,2.106
427.39,0.02106,2.106
427.39,0.02106,2.106
427.40,0.02106,2.106
427.41,0.02106,2.106
427.42,0.02106,2.106
427.43,0.02106,2.106
427.44,0.02106,2.106
427.45,0.02106,2.106
427.46,0.02106,2.106
427.47,0.02106,2.106
427.47,0.02106,2.106
427.48,0.02106,2.106
427.49,0.02106,2.106
427.50,0.02106,2.106
427.51,0.02106,2.106
427.52,0.02106,2.106
427.53,0.02106,2.106
427.54,0.02106,2.106
427.55,0.02106,2.106
427.56,0.02106,2.106
427.56,0.02106,2.106
427.57,0.02106,2.106
427.58,0.02106,2.106
427.59,0.02106,2.106
427.60,0.02106,2.106
427.61,0.02106,2.106
427.62,0.02106,2.106
427.63,0.02106,2.106
427.64,0.02106,2.106
427.65,0.02106,2.106
427.65,0.02106,2.106
427.66,0.02106,2.106
427.67,0.02106,2.106
427.68,0.02106,2.106
427.69,0.02106,2.106
427.70,0.02106,2.106
427.71,0.02106,2.106
427.72,0.02106,2.106
427.73,0.02106,2.106
427.74,0.02106,2.106
427.74,0.02106,2.106
427.75,0.02106,2.106
427.76,0.02106,2.106
427.77,0.02106,2.106
427.78,0.02106,2.106
427.79,0.02106,2.106
427.80,0.02106,2.106
427.81,0.02106,2.106
427.82,0.02106,2.106
427.83,0.02106,2.106
427.83,0.02106,2.106
427.84,0.02106,2.106
427.85,0.02106,2.106
427.86,0.02106,2.106
427.87,0.02106,2.106
427.88,0.02106,2.106
427.89,0.02106,2.106
427.90,0.02106,2.106
427.91,0.02106,2.106
427.92,0.02106,2.106
427.92,0.02106,2.106
427.93,0.02106,2.106
427.94,0.02106,2.106
427.95,0.02106,2.106
427.96,0.02106,2.106
427.97,0.02106,2.106
427.98,0.02106,2.106
427.99,0.02106,2.106
428.00,0.02106,2.106
428.01,0.02106,2.106
428.01,0.02106,2.106
428.02,0.02106,2.106
428.03,0.02106,2.106
428.04,0.02106,2.106
428.05,0.02106,2.106
428.06,0.02106,2.106
428.07,0.02106,2.106
428.08,0.02106,2.106
428.09,0.02106,2.106
428.10,0.02106,2.106
428.10,0.02106,2.106
428.11,0.02106,2.106
428.12,0.02106,2.106
428.13,0.02106,2.106
428.14,0.02106,2.106
428.15,0.02106,2.106
428.16,0.02106,2.106
428.17,0.02106,2.106
428.18,0.02106,2.106
428.19,0.02106,2.106
428.19,0.02106,2.106
428.20,0.02106,2.106
428.21,0.02106,2.106
428.22,0.02106,2.106
428.23,0.02106,2.106
428.24,0.02106,2.106
428.25,0.02106,2.106
428.26,0.02106,2.106
428.27,0.02106,2.106
428.27,0.02106,2.106
428.28,0.02106,2.106
428.29,0.02106,2.106
428.30,0.02106,2.106
428.31,0.02106,2.106
428.32,0.02106,2.106
428.33,0.02106,2.106
428.34,0.02106,2.106
428.35,0.02106,2.106
428.36,0.02106,2.106
428.36,0.02106,2.106
428.37,0.02106,2.106
428.38,0.02106,2.106
428.39,0.02106,2.106
428.40,0.02106,2.106
428.41,0.02106,2.106
428.42,0.02106,2.106
428.43,0.02106,2.106
428.44,0.02106,2.106
428.45,0.02106,2.106
428.45,0.02106,2.106
428.46,0.02106,2.106
428.47,0.02106,2.106
428.48,0.02106,2.106
428.49,0.02106,2.106
428.50,0.02106,2.106
428.51,0.02106,2.106
428.52,0.02106,2.106
428.53,0.02106,2.106
428.54,0.02106,2.106
428.54,0.02106,2.106
428.55,0.02106,2.106
428.56,0.02106,2.106
428.57,0.02106,2.106
428.58,0.02106,2.106
428.59,0.02106,2.106
428.60,0.02106,2.106
428.61,0.02106,2.106
428.62,0.02106,2.106
428.63,0.02106,2.106
428.63,0.02106,2.106
428.64,0.02106,2.106
428.65,0.02106,2.106
428.66,0.02106,2.106
428.67,0.02106,2.106
428.68,0.02106,2.106
428.69,0.02106,2.106
428.70,0.02106,2.106
428.71,0.02106,2.106
428.71,0.02106,2.106
428.72,0.02106,2.106
428.73,0.02106,2.106
428.74,0.02106,2.106
428.75,0.02106,2.106
428.76,0.02106,2.106
428.77,0.02106,2.106
428.78,0.02106,2.106
428.79,0.02106,2.106
428.80,0.02106,2.106
428.80,0.02106,2.106
428.81,0.02106,2.106
428.82,0.02106,2.106
428.83,0.02106,2.106
428.84,0.02106,2.106
428.85,0.02106,2.106
428.86,0.02106,2.106
428.87,0.02106,2.106
428.88,0.02106,2.106
428.89,0.02106,2.106
428.89,0.02106,2.106
428.90,0.02106,2.106
428.91,0.02106,2.106
428.92,0.02106,2.106
428.93,0.02106,2.106
428.94,0.02106,2.106
428.95,0.02106,2.106
428.96,0.02106,2.106
428.97,0.02106,2.106
428.98,0.02106,2.106
428.98,0.02106,2.106
428.99,0.02106,2.106
429.00,0.02106,2.106
429.01,0.02106,2.106
429.02,0.02106,2.106
429.03,0.02106,2.106
429.04,0.02106,2.106
429.05,0.02106,2.106
429.06,0.02106,2.106
429.07,0.02106,2.106
429.07,0.02106,2.106
429.08,0.02106,2.106
429.09,0.02106,2.106
429.10,0.02106,2.106
429.11,0.02106,2.106
429.12,0.02106,2.106
429.13,0.02106,2.106
429.14,0.02106,2.106
429.15,0.02106,2.106
429.16,0.02106,2.106
429.16,0.02106,2.106
429.17,0.02106,2.106
429.18,0.02106,2.106
429.19,0.02106,2.106
429.20,0.02106,2.106
429.21,0.02106,2.106
429.22,0.02106,2.106
429.23,0.02106,2.106
429.24,0.02106,2.106
429.24,0.02106,2.106
429.25,0.02106,2.106
429.26,0.02106,2.106
429.27,0.02106,2.106
429.28,0.02106,2.106
429.29,0.02106,2.106
429.30,0.02106,2.106
429.31,0.02106,2.106
429.32,0.02106,2.106
429.33,0.02106,2.106
429.33,0.02106,2.106
429.34,0.02106,2.106
429.35,0.02106,2.106
429.36,0.02106,2.106
429.37,0.02106,2.106
429.38,0.02106,2.106
429.39,0.02106,2.106
429.40,0.02106,2.106
429.41,0.02106,2.106
429.42,0.02106,2.106
429.42,0.02106,2.106
429.43,0.02106,2.106
429.44,0.02106,2.106
429.45,0.02106,2.106
429.46,0.02106,2.106
429.47,0.02106,2.106
429.48,0.02106,2.106
429.49,0.02106,2.106
429.50,0.02106,2.106
429.51,0.02106,2.106
429.51,0.02106,2.106
429.52,0.02106,2.106
429.53,0.02106,2.106
429.54,0.02106,2.106
429.55,0.02106,2.106
429.56,0.02106,2.106
429.57,0.02106,2.106
429.58,0.02106,2.106
429.59,0.02106,2.106
429.60,0.02106,2.106
429.60,0.02106,2.106
429.61,0.02106,2.106
429.62,0.02106,2.106
429.63,0.02106,2.106
429.64,0.02106,2.106
429.65,0.02106,2.106
429.66,0.02106,2.106
429.67,0.02106,2.106
429.68,0.02106,2.106
429.69,0.02106,2.106
429.69,0.02106,2.106
429.70,0.02106,2.106
429.71,0.02106,2.106
429.72,0.02106,2.106
429.73,0.02106,2.106
429.74,0.02106,2.106
429.75,0.02106,2.106
429.76,0.02106,2.106
429.77,0.02106,2.106
429.78,0.02106,2.106
429.78,0.02106,2.106
429.79,0.02106,2.106
429.80,0.02106,2.106
429.81,0.02106,2.106
429.82,0.02106,2.106
429.83,0.02106,2.106
429.84,0.02106,2.106
429.85,0.02106,2.106
429.86,0.02106,2.106
429.87,0.02106,2.106
429.87,0.02106,2.106
429.88,0.02106,2.106
429.89,0.02106,2.106
429.90,0.02106,2.106
429.91,0.02106,2.106
429.92,0.02106,2.106
429.93,0.02106,2.106
429.94,0.02106,2.106
429.95,0.02106,2.106
429.96,0.02106,2.106
429.96,0.02106,2.106
429.97,0.02106,2.106
429.98,0.02106,2.106
429.99,0.02106,2.106
430.00,0.02106,2.106
430.01,0.02106,2.106
430.02,0.02106,2.106
430.03,0.02106,2.106
430.04,0.02106,2.106
430.04,0.02106,2.106
430.05,0.02106,2.106
430.06,0.02106,2.106
430.07,0.02106,2.106
430.08,0.02106,2.106
430.09,0.02106,2.106
430.10,0.02106,2.106
430.11,0.02106,2.106
430.12,0.02106,2.106
430.13,0.02106,2.106
430.13,0.02106,2.106
430.14,0.02106,2.106
430.15,0.02106,2.106
430.16,0.02106,2.106
430.17,0.02106,2.106
430.18,0.02106,2.106
430.19,0.02106,2.106
430.20,0.02106,2.106
430.21,0.02106,2.106
430.22,0.02106,2.106
430.22,0.02106,2.106
430.23,0.02106,2.106
430.24,0.02106,2.106
430.25,0.02106,2.106
430.26,0.02106,2.106
430.27,0.02106,2.106
430.28,0.02106,2.106
430.29,0.02106,2.106
430.30,0.02106,2.106
430.31,0.02106,2.106
430.31,0.02106,2.106
430.32,0.02106,2.106
430.33,0.02106,2.106
430.34,0.02106,2.106
430.35,0.02106,2.106
430.36,0.02106,2.106
430.37,0.02106,2.106
430.38,0.02106,2.106
430.39,0.02106,2.106
430.40,0.02106,2.106
430.40,0.02106,2.106
430.41,0.02106,2.106
430.42,0.02106,2.106
430.43,0.02106,2.106
430.44,0.02106,2.106
430.45,0.02106,2.106
430.46,0.02106,2.106
430.47,0.02106,2.106
430.48,0.02106,2.106
430.49,0.02106,2.106
430.49,0.02106,2.106
430.50,0.02106,2.106
430.51,0.02106,2.106
430.52,0.02106,2.106
430.53,0.02106,2.106
430.54,0.02106,2.106
430.55,0.02106,2.106
430.56,0.02106,2.106
430.57,0.02106,2.106
430.57,0.02106,2.106
430.58,0.02106,2.106
430.59,0.02106,2.106
430.60,0.02106,2.106
430.61,0.02106,2.106
430.62,0.02106,2.106
430.63,0.02106,2.106
430.64,0.02106,2.106
430.65,0.02106,2.106
430.66,0.02106,2.106
430.66,0.02106,2.106
430.67,0.02106,2.106
430.68,0.02106,2.106
430.69,0.02106,2.106
430.70,0.02106,2.106
430.71,0.02106,2.106
430.72,0.02106,2.106
430.73,0.02106,2.106
430.74,0.02106,2.106
430.75,0.02106,2.106
430.75,0.02106,2.106
430.76,0.02106,2.106
430.77,0.02106,2.106
430.78,0.02106,2.106
430.79,0.02106,2.106
430.80,0.02106,2.106
430.81,0.02106,2.106
430.82,0.02106,2.106
430.83,0.02106,2.106
430.84,0.02106,2.106
430.84,0.02106,2.106
430.85,0.02106,2.106
430.86,0.02106,2.106
430.87,0.02106,2.106
430.88,0.02106,2.106
430.89,0.02106,2.106
430.90,0.02106,2.106
430.91,0.02106,2.106
430.92,0.02106,2.106
430.93,0.02106,2.106
430.93,0.02106,2.106
430.94,0.02106,2.106
430.95,0.02106,2.106
430.96,0.02106,2.106
430.97,0.02106,2.106
430.98,0.02106,2.106
430.99,0.02106,2.106
431.00,0.02106,2.106
431.01,0.02106,2.106
431.02,0.02106,2.106
431.02,0.02106,2.106
431.03,0.02106,2.106
431.04,0.02106,2.106
431.05,0.02106,2.106
431.06,0.02106,2.106
431.07,0.02106,2.106
431.08,0.02106,2.106
431.09,0.02106,2.106
431.10,0.02106,2.106
431.11,0.02106,2.106
431.11,0.02106,2.106
431.12,0.02106,2.106
431.13,0.02106,2.106
431.14,0.02106,2.106
431.15,0.02106,2.106
431.16,0.02106,2.106
431.17,0.02106,2.106
431.18,0.02106,2.106
431.19,0.02106,2.106
431.19,0.02106,2.106
431.20,0.02106,2.106
431.21,0.02106,2.106
431.22,0.02106,2.106
431.23,0.02106,2.106
431.24,0.02106,2.106
431.25,0.02106,2.106
431.26,0.02106,2.106
431.27,0.02106,2.106
431.28,0.02106,2.106
431.28,0.02106,2.106
431.29,0.02106,2.106
431.30,0.02106,2.106
431.31,0.02106,2.106
431.32,0.02106,2.106
431.33,0.02106,2.106
431.34,0.02106,2.106
431.35,0.02106,2.106
431.36,0.02106,2.106
431.37,0.02106,2.106
431.37,0.02106,2.106
431.38,0.02106,2.106
431.39,0.02106,2.106
431.40,0.02106,2.106
431.41,0.02106,2.106
431.42,0.02106,2.106
431.43,0.02106,2.106
431.44,0.02106,2.106
431.45,0.02106,2.106
431.46,0.02106,2.106
431.46,0.02106,2.106
431.47,0.02106,2.106
431.48,0.02106,2.106
431.49,0.02106,2.106
431.50,0.02106,2.106
431.51,0.02106,2.106
431.52,0.02106,2.106
431.53,0.02106,2.106
431.54,0.02106,2.106
431.55,0.02106,2.106
431.55,0.02106,2.106
431.56,0.02106,2.106
431.57,0.02106,2.106
431.58,0.02106,2.106
431.59,0.02106,2.106
431.60,0.02106,2.106
431.61,0.02106,2.106
431.62,0.02106,2.106
431.63,0.02106,2.106
431.64,0.02106,2.106
431.64,0.02106,2.106
431.65,0.02106,2.106
431.66,0.02106,2.106
431.67,0.02106,2.106
431.68,0.02106,2.106
431.69,0.02106,2.106
431.70,0.02106,2.106
431.71,0.02106,2.106
431.72,0.02106,2.106
431.73,0.02106,2.106
431.73,0.02106,2.106
431.74,0.02106,2.106
431.75,0.02106,2.106
431.76,0.02106,2.106
431.77,0.02106,2.106
431.78,0.02106,2.106
431.79,0.02106,2.106
431.80,0.02106,2.106
431.81,0.02106,2.106
431.82,0.02106,2.106
431.82,0.02106,2.106
431.83,0.02106,2.106
431.84,0.02106,2.106
431.85,0.02106,2.106
431.86,0.02106,2.106
431.87,0.02106,2.106
431.88,0.02106,2.106
431.89,0.02106,2.106
431.90,0.02106,2.106
431.91,0.02106,2.106
431.91,0.02106,2.106
431.92,0.02106,2.106
431.93,0.02106,2.106
431.94,0.02106,2.106
431.95,0.02106,2.106
431.96,0.02106,2.106
431.97,0.02106,2.106
431.98,0.02106,2.106
431.99,0.02106,2.106
431.99,0.02106,2.106
432.00,0.02106,2.106
432.01,0.02106,2.106
432.02,0.02106,2.106
432.03,0.02106,2.106
432.04,0.02106,2.106
432.05,0.02106,2.106
432.06,0.02106,2.106
432.07,0.02106,2.106
432.08,0.02106,2.106
432.08,0.02106,2.106
432.09,0.02106,2.106
432.10,0.02106,2.106
432.11,0.02106,2.106
432.12,0.02106,2.106
432.13,0.02106,2.106
432.14,0.02106,2.106
432.15,0.02106,2.106
432.16,0.02106,2.106
432.17,0.02106,2.106
432.17,0.02106,2.106
432.18,0.02106,2.106
432.19,0.02106,2.106
432.20,0.02106,2.106
432.21,0.02106,2.106
432.22,0.02106,2.106
432.23,0.02106,2.106
432.24,0.02106,2.106
432.25,0.02106,2.106
432.26,0.02106,2.106
432.26,0.02106,2.106
432.27,0.02106,2.106
432.28,0.02106,2.106
432.29,0.02106,2.106
432.30,0.02106,2.106
432.31,0.02106,2.106
432.32,0.02106,2.106
432.33,0.02106,2.106
432.34,0.02106,2.106
432.35,0.02106,2.106
432.35,0.02106,2.106
432.36,0.02106,2.106
432.37,0.02106,2.106
432.38,0.02106,2.106
432.39,0.02106,2.106
432.40,0.02106,2.106
432.41,0.02106,2.106
432.42,0.02106,2.106
432.43,0.02106,2.106
432.44,0.02106,2.106
432.44,0.02107,2.107
432.45,0.02107,2.107
432.46,0.02107,2.107
432.47,0.02107,2.107
432.48,0.02107,2.107
432.49,0.02107,2.107
432.50,0.02107,2.107
432.51,0.02107,2.107
432.52,0.02107,2.107
432.53,0.02107,2.107
432.53,0.02107,2.107
432.54,0.02107,2.107
432.55,0.02107,2.107
432.56,0.02107,2.107
432.57,0.02107,2.107
432.58,0.02107,2.107
432.59,0.02107,2.107
432.60,0.02107,2.107
432.61,0.02107,2.107
432.61,0.02107,2.107
432.62,0.02107,2.107
432.63,0.02107,2.107
432.64,0.02107,2.107
432.65,0.02107,2.107
432.66,0.02107,2.107
432.67,0.02107,2.107
432.68,0.02107,2.107
432.69,0.02107,2.107
432.70,0.02107,2.107
432.70,0.02107,2.107
432.71,0.02107,2.107
432.72,0.02107,2.107
432.73,0.02107,2.107
432.74,0.02107,2.107
432.75,0.02107,2.107
432.76,0.02107,2.107
432.77,0.02107,2.107
432.78,0.02107,2.107
432.79,0.02107,2.107
432.79,0.02107,2.107
432.80,0.02107,2.107
432.81,0.02107,2.107
432.82,0.02107,2.107
432.83,0.02107,2.107
432.84,0.02107,2.107
432.85,0.02107,2.107
432.86,0.02107,2.107
432.87,0.02107,2.107
432.88,0.02107,2.107
432.88,0.02107,2.107
432.89,0.02107,2.107
432.90,0.02107,2.107
432.91,0.02107,2.107
432.92,0.02107,2.107
432.93,0.02107,2.107
432.94,0.02107,2.107
432.95,0.02107,2.107
432.96,0.02107,2.107
432.97,0.02107,2.107
432.97,0.02107,2.107
432.98,0.02107,2.107
432.99,0.02107,2.107
433.00,0.02107,2.107
433.01,0.02107,2.107
433.02,0.02107,2.107
433.03,0.02107,2.107
433.04,0.02107,2.107
433.05,0.02107,2.107
433.06,0.02107,2.107
433.06,0.02107,2.107
433.07,0.02107,2.107
433.08,0.02107,2.107
433.09,0.02107,2.107
433.10,0.02107,2.107
433.11,0.02107,2.107
433.12,0.02107,2.107
433.13,0.02107,2.107
433.14,0.02107,2.107
433.15,0.02107,2.107
433.15,0.02107,2.107
433.16,0.02107,2.107
433.17,0.02107,2.107
433.18,0.02107,2.107
433.19,0.02107,2.107
433.20,0.02107,2.107
433.21,0.02107,2.107
433.22,0.02107,2.107
433.23,0.02107,2.107
433.24,0.02107,2.107
433.24,0.02107,2.107
433.25,0.02107,2.107
433.26,0.02107,2.107
433.27,0.02107,2.107
433.28,0.02107,2.107
433.29,0.02107,2.107
433.30,0.02107,2.107
433.31,0.02107,2.107
433.32,0.02107,2.107
433.32,0.02107,2.107
433.33,0.02107,2.107
433.34,0.02107,2.107
433.35,0.02107,2.107
433.36,0.02107,2.107
433.37,0.02107,2.107
433.38,0.02107,2.107
433.39,0.02107,2.107
433.40,0.02107,2.107
433.41,0.02107,2.107
433.41,0.02107,2.107
433.42,0.02107,2.107
433.43,0.02107,2.107
433.44,0.02107,2.107
433.45,0.02107,2.107
433.46,0.02107,2.107
433.47,0.02107,2.107
433.48,0.02107,2.107
433.49,0.02107,2.107
433.50,0.02107,2.107
433.50,0.02107,2.107
433.51,0.02107,2.107
433.52,0.02107,2.107
433.53,0.02107,2.107
433.54,0.02107,2.107
433.55,0.02107,2.107
433.56,0.02107,2.107
433.57,0.02107,2.107
433.58,0.02107,2.107
433.59,0.02107,2.107
433.59,0.02107,2.107
433.60,0.02107,2.107
433.61,0.02107,2.107
433.62,0.02107,2.107
433.63,0.02107,2.107
433.64,0.02107,2.107
433.65,0.02107,2.107
433.66,0.02107,2.107
433.67,0.02107,2.107
433.68,0.02107,2.107
433.68,0.02107,2.107
433.69,0.02107,2.107
433.70,0.02107,2.107
433.71,0.02107,2.107
433.72,0.02107,2.107
433.73,0.02107,2.107
433.74,0.02107,2.107
433.75,0.02107,2.107
433.76,0.02107,2.107
433.77,0.02107,2.107
433.77,0.02107,2.107
433.78,0.02107,2.107
433.79,0.02107,2.107
433.80,0.02107,2.107
433.81,0.02107,2.107
433.82,0.02107,2.107
433.83,0.02107,2.107
433.84,0.02107,2.107
433.85,0.02107,2.107
433.86,0.02107,2.107
433.86,0.02107,2.107
433.87,0.02107,2.107
433.88,0.02107,2.107
433.89,0.02107,2.107
433.90,0.02107,2.107
433.91,0.02107,2.107
433.92,0.02107,2.107
433.93,0.02107,2.107
433.94,0.02107,2.107
433.95,0.02107,2.107
433.95,0.02107,2.107
433.96,0.02107,2.107
433.97,0.02107,2.107
433.98,0.02107,2.107
433.99,0.02107,2.107
434.00,0.02107,2.107
434.01,0.02107,2.107
434.02,0.02107,2.107
434.03,0.02107,2.107
434.03,0.02107,2.107
434.04,0.02107,2.107
434.05,0.02107,2.107
434.06,0.02107,2.107
434.07,0.02107,2.107
434.08,0.02107,2.107
434.09,0.02107,2.107
434.10,0.02107,2.107
434.11,0.02107,2.107
434.12,0.02107,2.107
434.12,0.02107,2.107
434.13,0.02107,2.107
434.14,0.02107,2.107
434.15,0.02107,2.107
434.16,0.02107,2.107
434.17,0.02107,2.107
434.18,0.02107,2.107
434.19,0.02107,2.107
434.20,0.02107,2.107
434.21,0.02107,2.107
434.21,0.02107,2.107
434.22,0.02107,2.107
434.23,0.02107,2.107
434.24,0.02107,2.107
434.25,0.02107,2.107
434.26,0.02107,2.107
434.27,0.02107,2.107
434.28,0.02107,2.107
434.29,0.02107,2.107
434.30,0.02107,2.107
434.30,0.02107,2.107
434.31,0.02107,2.107
434.32,0.02107,2.107
434.33,0.02107,2.107
434.34,0.02107,2.107
434.35,0.02107,2.107
434.36,0.02107,2.107
434.37,0.02107,2.107
434.38,0.02107,2.107
434.39,0.02107,2.107
434.39,0.02107,2.107
434.40,0.02107,2.107
434.41,0.02107,2.107
434.42,0.02107,2.107
434.43,0.02107,2.107
434.44,0.02107,2.107
434.45,0.02107,2.107
434.46,0.02107,2.107
434.47,0.02107,2.107
434.48,0.02107,2.107
434.48,0.02107,2.107
434.49,0.02107,2.107
434.50,0.02107,2.107
434.51,0.02107,2.107
434.52,0.02107,2.107
434.53,0.02107,2.107
434.54,0.02107,2.107
434.55,0.02107,2.107
434.56,0.02107,2.107
434.57,0.02107,2.107
434.57,0.02107,2.107
434.58,0.02107,2.107
434.59,0.02107,2.107
434.60,0.02107,2.107
434.61,0.02107,2.107
434.62,0.02107,2.107
434.63,0.02107,2.107
434.64,0.02107,2.107
434.65,0.02107,2.107
434.66,0.02107,2.107
434.66,0.02107,2.107
434.67,0.02107,2.107
434.68,0.02107,2.107
434.69,0.02107,2.107
434.70,0.02107,2.107
434.71,0.02107,2.107
434.72,0.02107,2.107
434.73,0.02107,2.107
434.74,0.02107,2.107
434.74,0.02107,2.107
434.75,0.02107,2.107
434.76,0.02107,2.107
434.77,0.02107,2.107
434.78,0.02107,2.107
434.79,0.02107,2.107
434.80,0.02107,2.107
434.81,0.02107,2.107
434.82,0.02107,2.107
434.83,0.02107,2.107
434.83,0.02107,2.107
434.84,0.02107,2.107
434.85,0.02107,2.107
434.86,0.02107,2.107
434.87,0.02107,2.107
434.88,0.02107,2.107
434.89,0.02107,2.107
434.90,0.02107,2.107
434.91,0.02107,2.107
434.92,0.02107,2.107
434.92,0.02107,2.107
434.93,0.02107,2.107
434.94,0.02107,2.107
434.95,0.02107,2.107
434.96,0.02107,2.107
434.97,0.02107,2.107
434.98,0.02107,2.107
434.99,0.02107,2.107
435.00,0.02107,2.107
435.01,0.02107,2.107
435.01,0.02107,2.107
435.02,0.02107,2.107
435.03,0.02107,2.107
435.04,0.02107,2.107
435.05,0.02107,2.107
435.06,0.02107,2.107
435.07,0.02107,2.107
435.08,0.02107,2.107
435.09,0.02107,2.107
435.10,0.02107,2.107
435.10,0.02107,2.107
435.11,0.02107,2.107
435.12,0.02107,2.107
435.13,0.02107,2.107
435.14,0.02107,2.107
435.15,0.02107,2.107
435.16,0.02107,2.107
435.17,0.02107,2.107
435.18,0.02107,2.107
435.19,0.02107,2.107
435.19,0.02107,2.107
435.20,0.02107,2.107
435.21,0.02107,2.107
435.22,0.02107,2.107
435.23,0.02107,2.107
435.24,0.02107,2.107
435.25,0.02107,2.107
435.26,0.02107,2.107
435.27,0.02107,2.107
435.28,0.02107,2.107
435.28,0.02107,2.107
435.29,0.02107,2.107
435.30,0.02107,2.107
435.31,0.02107,2.107
435.32,0.02107,2.107
435.33,0.02107,2.107
435.34,0.02107,2.107
435.35,0.02107,2.107
435.36,0.02107,2.107
435.37,0.02107,2.107
435.37,0.02107,2.107
435.38,0.02107,2.107
435.39,0.02107,2.107
435.40,0.02107,2.107
435.41,0.02107,2.107
435.42,0.02107,2.107
435.43,0.02107,2.107
435.44,0.02107,2.107
435.45,0.02107,2.107
435.45,0.02107,2.107
435.46,0.02107,2.107
435.47,0.02107,2.107
435.48,0.02107,2.107
435.49,0.02107,2.107
435.50,0.02107,2.107
435.51,0.02107,2.107
435.52,0.02107,2.107
435.53,0.02107,2.107
435.54,0.02107,2.107
435.54,0.02107,2.107
435.55,0.02107,2.107
435.56,0.02107,2.107
435.57,0.02107,2.107
435.58,0.02107,2.107
435.59,0.02107,2.107
435.60,0.02107,2.107
435.61,0.02107,2.107
435.62,0.02107,2.107
435.63,0.02107,2.107
435.63,0.02107,2.107
435.64,0.02107,2.107
435.65,0.02107,2.107
435.66,0.02107,2.107
435.67,0.02107,2.107
435.68,0.02107,2.107
435.69,0.02107,2.107
435.70,0.02107,2.107
435.71,0.02107,2.107
435.72,0.02107,2.107
435.72,0.02107,2.107
435.73,0.02107,2.107
435.74,0.02107,2.107
435.75,0.02107,2.107
435.76,0.02107,2.107
435.77,0.02107,2.107
435.78,0.02107,2.107
435.79,0.02107,2.107
435.80,0.02107,2.107
435.81,0.02107,2.107
435.81,0.02107,2.107
435.82,0.02107,2.107
435.83,0.02107,2.107
435.84,0.02107,2.107
435.85,0.02107,2.107
435.86,0.02107,2.107
435.87,0.02107,2.107
435.88,0.02107,2.107
435.89,0.02107,2.107
435.90,0.02107,2.107
435.90,0.02107,2.107
435.91,0.02107,2.107
435.92,0.02107,2.107
435.93,0.02107,2.107
435.94,0.02107,2.107
435.95,0.02107,2.107
435.96,0.02107,2.107
435.97,0.02107,2.107
435.98,0.02107,2.107
435.99,0.02107,2.107
435.99,0.02107,2.107
436.00,0.02107,2.107
436.01,0.02107,2.107
436.02,0.02107,2.107
436.03,0.02107,2.107
436.04,0.02107,2.107
436.05,0.02107,2.107
436.06,0.02107,2.107
436.07,0.02107,2.107
436.08,0.02107,2.107
436.08,0.02107,2.107
436.09,0.02107,2.107
436.10,0.02107,2.107
436.11,0.02107,2.107
436.12,0.02107,2.107
436.13,0.02107,2.107
436.14,0.02107,2.107
436.15,0.02107,2.107
436.16,0.02107,2.107
436.17,0.02107,2.107
436.17,0.02107,2.107
436.18,0.02107,2.107
436.19,0.02107,2.107
436.20,0.02107,2.107
436.21,0.02107,2.107
436.22,0.02107,2.107
436.23,0.02107,2.107
436.24,0.02107,2.107
436.25,0.02107,2.107
436.25,0.02107,2.107
436.26,0.02107,2.107
436.27,0.02107,2.107
436.28,0.02107,2.107
436.29,0.02107,2.107
436.30,0.02107,2.107
436.31,0.02107,2.107
436.32,0.02107,2.107
436.33,0.02107,2.107
436.34,0.02107,2.107
436.34,0.02107,2.107
436.35,0.02107,2.107
436.36,0.02107,2.107
436.37,0.02107,2.107
436.38,0.02107,2.107
436.39,0.02107,2.107
436.40,0.02107,2.107
436.41,0.02107,2.107
436.42,0.02107,2.107
436.43,0.02107,2.107
436.43,0.02107,2.107
436.44,0.02107,2.107
436.45,0.02107,2.107
436.46,0.02107,2.107
436.47,0.02107,2.107
436.48,0.02107,2.107
436.49,0.02107,2.107
436.50,0.02107,2.107
436.51,0.02107,2.107
436.52,0.02107,2.107
436.52,0.02107,2.107
436.53,0.02107,2.107
436.54,0.02107,2.107
436.55,0.02107,2.107
436.56,0.02107,2.107
436.57,0.02107,2.107
436.58,0.02107,2.107
436.59,0.02107,2.107
436.60,0.02107,2.107
436.61,0.02107,2.107
436.61,0.02107,2.107
436.62,0.02107,2.107
436.63,0.02107,2.107
436.64,0.02107,2.107
436.65,0.02107,2.107
436.66,0.02107,2.107
436.67,0.02107,2.107
436.68,0.02107,2.107
436.69,0.02107,2.107
436.70,0.02107,2.107
436.70,0.02107,2.107
436.71,0.02107,2.107
436.72,0.02107,2.107
436.73,0.02107,2.107
436.74,0.02107,2.107
436.75,0.02107,2.107
436.76,0.02107,2.107
436.77,0.02107,2.107
436.78,0.02107,2.107
436.79,0.02107,2.107
436.79,0.02107,2.107
436.80,0.02107,2.107
436.81,0.02107,2.107
436.82,0.02107,2.107
436.83,0.02107,2.107
436.84,0.02107,2.107
436.85,0.02107,2.107
436.86,0.02107,2.107
436.87,0.02107,2.107
436.88,0.02107,2.107
436.88,0.02107,2.107
436.89,0.02107,2.107
436.90,0.02107,2.107
436.91,0.02107,2.107
436.92,0.02107,2.107
436.93,0.02107,2.107
436.94,0.02107,2.107
436.95,0.02107,2.107
436.96,0.02107,2.107
436.97,0.02107,2.107
436.97,0.02107,2.107
436.98,0.02107,2.107
436.99,0.02107,2.107
437.00,0.02107,2.107
437.01,0.02107,2.107
437.02,0.02107,2.107
437.03,0.02107,2.107
437.04,0.02107,2.107
437.05,0.02107,2.107
437.05,0.02107,2.107
437.06,0.02107,2.107
437.07,0.02107,2.107
437.08,0.02107,2.107
437.09,0.02107,2.107
437.10,0.02107,2.107
437.11,0.02107,2.107
437.12,0.02107,2.107
437.13,0.02107,2.107
437.14,0.02107,2.107
437.14,0.02107,2.107
437.15,0.02107,2.107
437.16,0.02107,2.107
437.17,0.02107,2.107
437.18,0.02107,2.107
437.19,0.02107,2.107
437.20,0.02107,2.107
437.21,0.02107,2.107
437.22,0.02107,2.107
437.23,0.02107,2.107
437.23,0.02107,2.107
437.24,0.02107,2.107
437.25,0.02107,2.107
437.26,0.02107,2.107
437.27,0.02107,2.107
437.28,0.02107,2.107
437.29,0.02107,2.107
437.30,0.02107,2.107
437.31,0.02107,2.107
437.32,0.02107,2.107
437.32,0.02107,2.107
437.33,0.02107,2.107
437.34,0.02107,2.107
437.35,0.02107,2.107
437.36,0.02107,2.107
437.37,0.02107,2.107
437.38,0.02107,2.107
437.39,0.02107,2.107
437.40,0.02107,2.107
437.41,0.02107,2.107
437.41,0.02107,2.107
437.42,0.02107,2.107
437.43,0.02107,2.107
437.44,0.02107,2.107
437.45,0.02107,2.107
437.46,0.02107,2.107
437.47,0.02107,2.107
437.48,0.02107,2.107
437.49,0.02107,2.107
437.50,0.02107,2.107
437.50,0.02107,2.107
437.51,0.02107,2.107
437.52,0.02107,2.107
437.53,0.02107,2.107
437.54,0.02107,2.107
437.55,0.02107,2.107
437.56,0.02107,2.107
437.57,0.02107,2.107
437.58,0.02107,2.107
437.59,0.02107,2.107
437.59,0.02107,2.107
437.60,0.02107,2.107
437.61,0.02108,2.108
437.62,0.02108,2.108
437.63,0.02108,2.108
437.64,0.02108,2.108
437.65,0.02108,2.108
437.66,0.02108,2.108
437.67,0.02108,2.108
437.68,0.02108,2.108
437.68,0.02108,2.108
437.69,0.02108,2.108
437.70,0.02108,2.108
437.71,0.02108,2.108
437.72,0.02108,2.108
437.73,0.02108,2.108
437.74,0.02108,2.108
437.75,0.02108,2.108
437.76,0.02108,2.108
437.76,0.02108,2.108
437.77,0.02108,2.108
437.78,0.02108,2.108
437.79,0.02108,2.108
437.80,0.02108,2.108
437.81,0.02108,2.108
437.82,0.02108,2.108
437.83,0.02108,2.108
437.84,0.02108,2.108
437.85,0.02108,2.108
437.85,0.02108,2.108
437.86,0.02108,2.108
437.87,0.02108,2.108
437.88,0.02108,2.108
437.89,0.02108,2.108
437.90,0.02108,2.108
437.91,0.02108,2.108
437.92,0.02108,2.108
437.93,0.02108,2.108
437.94,0.02108,2.108
437.94,0.02108,2.108
437.95,0.02108,2.108
437.96,0.02108,2.108
437.97,0.02108,2.108
437.98,0.02108,2.108
437.99,0.02108,2.108
438.00,0.02108,2.108
438.01,0.02108,2.108
438.02,0.02108,2.108
438.03,0.02108,2.108
438.03,0.02108,2.108
438.04,0.02108,2.108
438.05,0.02108,2.108
438.06,0.02108,2.108
438.07,0.02108,2.108
438.08,0.02108,2.108
438.09,0.02108,2.108
438.10,0.02108,2.108
438.11,0.02108,2.108
438.12,0.02108,2.108
438.12,0.02108,2.108
438.13,0.02108,2.108
438.14,0.02108,2.108
438.15,0.02108,2.108
438.16,0.02108,2.108
438.17,0.02108,2.108
438.18,0.02108,2.108
438.19,0.02108,2.108
438.20,0.02108,2.108
438.21,0.02108,2.108
438.21,0.02108,2.108
438.22,0.02108,2.108
438.23,0.02108,2.108
438.24,0.02108,2.108
438.25,0.02108,2.108
438.26,0.02108,2.108
438.27,0.02108,2.108
438.28,0.02108,2.108
438.29,0.02108,2.108
438.30,0.02108,2.108
438.30,0.02108,2.108
438.31,0.02108,2.108
438.32,0.02108,2.108
438.33,0.02108,2.108
438.34,0.02108,2.108
438.35,0.02108,2.108
438.36,0.02108,2.108
438.37,0.02108,2.108
438.38,0.02108,2.108
438.39,0.02108,2.108
438.39,0.02108,2.108
438.40,0.02108,2.108
438.41,0.02108,2.108
438.42,0.02108,2.108
438.43,0.02108,2.108
438.44,0.02108,2.108
438.45,0.02108,2.108
438.46,0.02108,2.108
438.47,0.02108,2.108
438.48,0.02108,2.108
438.48,0.02108,2.108
438.49,0.02108,2.108
438.50,0.02108,2.108
438.51,0.02108,2.108
438.52,0.02108,2.108
438.53,0.02108,2.108
438.54,0.02108,2.108
438.55,0.02108,2.108
438.56,0.02108,2.108
438.57,0.02108,2.108
438.57,0.02108,2.108
438.58,0.02108,2.108
438.59,0.02108,2.108
438.60,0.02108,2.108
438.61,0.02108,2.108
438.62,0.02108,2.108
438.63,0.02108,2.108
438.64,0.02108,2.108
438.65,0.02108,2.108
438.66,0.02108,2.108
438.66,0.02108,2.108
438.67,0.02108,2.108
438.68,0.02108,2.108
438.69,0.02108,2.108
438.70,0.02108,2.108
438.71,0.02108,2.108
438.72,0.02108,2.108
438.73,0.02108,2.108
438.74,0.02108,2.108
438.75,0.02108,2.108
438.75,0.02108,2.108
438.76,0.02108,2.108
438.77,0.02108,2.108
438.78,0.02108,2.108
438.79,0.02108,2.108
438.80,0.02108,2.108
438.81,0.02108,2.108
438.82,0.02108,2.108
438.83,0.02108,2.108
438.83,0.02108,2.108
438.84,0.02108,2.108
438.85,0.02108,2.108
438.86,0.02108,2.108
438.87,0.02108,2.108
438.88,0.02108,2.108
438.89,0.02108,2.108
438.90,0.02108,2.108
438.91,0.02108,2.108
438.92,0.02108,2.108
438.92,0.02108,2.108
438.93,0.02108,2.108
438.94,0.02108,2.108
438.95,0.02108,2.108
438.96,0.02108,2.108
438.97,0.02108,2.108
438.98,0.02108,2.108
438.99,0.02108,2.108
439.00,0.02108,2.108
439.01,0.02108,2.108
439.01,0.02108,2.108
439.02,0.02108,2.108
439.03,0.02108,2.108
439.04,0.02108,2.108
439.05,0.02108,2.108
439.06,0.02108,2.108
439.07,0.02108,2.108
439.08,0.02108,2.108
439.09,0.02108,2.108
439.10,0.02108,2.108
439.10,0.02108,2.108
439.11,0.02108,2.108
439.12,0.02108,2.108
439.13,0.02108,2.108
439.14,0.02108,2.108
439.15,0.02108,2.108
439.16,0.02108,2.108
439.17,0.02108,2.108
439.18,0.02108,2.108
439.19,0.02108,2.108
439.19,0.02108,2.108
439.20,0.02108,2.108
439.21,0.02108,2.108
439.22,0.02108,2.108
439.23,0.02108,2.108
439.24,0.02108,2.108
439.25,0.02108,2.108
439.26,0.02108,2.108
439.27,0.02108,2.108
439.28,0.02108,2.108
439.28,0.02108,2.108
439.29,0.02108,2.108
439.30,0.02108,2.108
439.31,0.02108,2.108
439.32,0.02108,2.108
439.33,0.02108,2.108
439.34,0.02108,2.108
439.35,0.02108,2.108
439.36,0.02108,2.108
439.37,0.02108,2.108
439.37,0.02108,2.108
439.38,0.02108,2.108
439.39,0.02108,2.108
439.40,0.02108,2.108
439.41,0.02108,2.108
439.42,0.02108,2.108
439.43,0.02108,2.108
439.44,0.02108,2.108
439.45,0.02108,2.108
439.45,0.02108,2.108
439.46,0.02108,2.108
439.47,0.02108,2.108
439.48,0.02108,2.108
439.49,0.02108,2.108
439.50,0.02108,2.108
439.51,0.02108,2.108
439.52,0.02108,2.108
439.53,0.02108,2.108
439.54,0.02108,2.108
439.54,0.02108,2.108
439.55,0.02108,2.108
439.56,0.02108,2.108
439.57,0.02108,2.108
439.58,0.02108,2.108
439.59,0.02108,2.108
439.60,0.02108,2.108
439.61,0.02108,2.108
439.62,0.02108,2.108
439.63,0.02108,2.108
439.63,0.02108,2.108
439.64,0.02108,2.108
439.65,0.02108,2.108
439.66,0.02108,2.108
439.67,0.02108,2.108
439.68,0.02108,2.108
439.69,0.02108,2.108
439.70,0.02108,2.108
439.71,0.02108,2.108
439.72,0.02108,2.108
439.72,0.02108,2.108
439.73,0.02108,2.108
439.74,0.02108,2.108
439.75,0.02108,2.108
439.76,0.02108,2.108
439.77,0.02108,2.108
439.78,0.02108,2.108
439.79,0.02108,2.108
439.80,0.02108,2.108
439.81,0.02108,2.108
439.81,0.02108,2.108
439.82,0.02108,2.108
439.83,0.02108,2.108
439.84,0.02108,2.108
439.85,0.02108,2.108
439.86,0.02108,2.108
439.87,0.02108,2.108
439.88,0.02108,2.108
439.89,0.02108,2.108
439.90,0.02108,2.108
439.90,0.02108,2.108
439.91,0.02108,2.108
439.92,0.02108,2.108
439.93,0.02108,2.108
439.94,0.02108,2.108
439.95,0.02108,2.108
439.96,0.02108,2.108
439.97,0.02108,2.108
439.98,0.02108,2.108
439.99,0.02108,2.108
439.99,0.02108,2.108
440.00,0.02108,2.108
440.01,0.02108,2.108
440.02,0.02108,2.108
440.03,0.02108,2.108
440.04,0.02108,2.108
440.05,0.02108,2.108
440.06,0.02108,2.108
440.07,0.02108,2.108
440.08,0.02108,2.108
440.08,0.02108,2.108
440.09,0.02108,2.108
440.10,0.02108,2.108
440.11,0.02108,2.108
440.12,0.02108,2.108
440.13,0.02108,2.108
440.14,0.02108,2.108
440.15,0.02108,2.108
440.16,0.02108,2.108
440.17,0.02108,2.108
440.17,0.02108,2.108
440.18,0.02108,2.108
440.19,0.02108,2.108
440.20,0.02108,2.108
440.21,0.02108,2.108
440.22,0.02108,2.108
440.23,0.02108,2.108
440.24,0.02108,2.108
440.25,0.02108,2.108
440.26,0.02108,2.108
440.26,0.02108,2.108
440.27,0.02108,2.108
440.28,0.02108,2.108
440.29,0.02108,2.108
440.30,0.02108,2.108
440.31,0.02108,2.108
440.32,0.02108,2.108
440.33,0.02108,2.108
440.34,0.02108,2.108
440.35,0.02108,2.108
440.35,0.02108,2.108
440.36,0.02108,2.108
440.37,0.02108,2.108
440.38,0.02108,2.108
440.39,0.02108,2.108
440.40,0.02108,2.108
440.41,0.02108,2.108
440.42,0.02108,2.108
440.43,0.02108,2.108
440.44,0.02108,2.108
440.44,0.02108,2.108
440.45,0.02108,2.108
440.46,0.02108,2.108
440.47,0.02108,2.108
440.48,0.02108,2.108
440.49,0.02108,2.108
440.50,0.02108,2.108
440.51,0.02108,2.108
440.52,0.02108,2.108
440.53,0.02108,2.108
440.53,0.02108,2.108
440.54,0.02108,2.108
440.55,0.02108,2.108
440.56,0.02108,2.108
440.57,0.02108,2.108
440.58,0.02108,2.108
440.59,0.02108,2.108
440.60,0.02108,2.108
440.61,0.02108,2.108
440.61,0.02108,2.108
440.62,0.02108,2.108
440.63,0.02108,2.108
440.64,0.02108,2.108
440.65,0.02108,2.108
440.66,0.02108,2.108
440.67,0.02108,2.108
440.68,0.02108,2.108
440.69,0.02108,2.108
440.70,0.02108,2.108
440.70,0.02108,2.108
440.71,0.02108,2.108
440.72,0.02108,2.108
440.73,0.02108,2.108
440.74,0.02108,2.108
440.75,0.02108,2.108
440.76,0.02108,2.108
440.77,0.02108,2.108
440.78,0.02108,2.108
440.79,0.02108,2.108
440.79,0.02108,2.108
440.80,0.02108,2.108
440.81,0.02108,2.108
440.82,0.02108,2.108
440.83,0.02108,2.108
440.84,0.02108,2.108
440.85,0.02108,2.108
440.86,0.02108,2.108
440.87,0.02108,2.108
440.88,0.02108,2.108
440.88,0.02108,2.108
440.89,0.02108,2.108
440.90,0.02108,2.108
440.91,0.02108,2.108
440.92,0.02108,2.108
440.93,0.02108,2.108
440.94,0.02108,2.108
440.95,0.02108,2.108
440.96,0.02108,2.108
440.97,0.02108,2.108
440.97,0.02108,2.108
440.98,0.02108,2.108
440.99,0.02108,2.108
441.00,0.02108,2.108
441.01,0.02108,2.108
441.02,0.02108,2.108
441.03,0.02108,2.108
441.04,0.02108,2.108
441.05,0.02108,2.108
441.06,0.02108,2.108
441.06,0.02108,2.108
441.07,0.02108,2.108
441.08,0.02108,2.108
441.09,0.02108,2.108
441.10,0.02108,2.108
441.11,0.02108,2.108
441.12,0.02108,2.108
441.13,0.02108,2.108
441.14,0.02108,2.108
441.15,0.02108,2.108
441.15,0.02108,2.108
441.16,0.02108,2.108
441.17,0.02108,2.108
441.18,0.02108,2.108
441.19,0.02108,2.108
441.20,0.02108,2.108
441.21,0.02108,2.108
441.22,0.02108,2.108
441.23,0.02108,2.108
441.24,0.02108,2.108
441.24,0.02108,2.108
441.25,0.02108,2.108
441.26,0.02108,2.108
441.27,0.02108,2.108
441.28,0.02108,2.108
441.29,0.02108,2.108
441.30,0.02108,2.108
441.31,0.02108,2.108
441.32,0.02108,2.108
441.33,0.02108,2.108
441.33,0.02108,2.108
441.34,0.02108,2.108
441.35,0.02108,2.108
441.36,0.02108,2.108
441.37,0.02108,2.108
441.38,0.02108,2.108
441.39,0.02108,2.108
441.40,0.02108,2.108
441.41,0.02108,2.108
441.41,0.02108,2.108
441.42,0.02108,2.108
441.43,0.02108,2.108
441.44,0.02108,2.108
441.45,0.02108,2.108
441.46,0.02108,2.108
441.47,0.02108,2.108
441.48,0.02108,2.108
441.49,0.02108,2.108
441.50,0.02108,2.108
441.50,0.02108,2.108
441.51,0.02108,2.108
441.52,0.02108,2.108
441.53,0.02108,2.108
441.54,0.02108,2.108
441.55,0.02108,2.108
441.56,0.02108,2.108
441.57,0.02108,2.108
441.58,0.02108,2.108
441.59,0.02108,2.108
441.59,0.02108,2.108
441.60,0.02108,2.108
441.61,0.02108,2.108
441.62,0.02108,2.108
441.63,0.02108,2.108
441.64,0.02108,2.108
441.65,0.02108,2.108
441.66,0.02108,2.108
441.67,0.02108,2.108
441.68,0.02108,2.108
441.68,0.02108,2.108
441.69,0.02108,2.108
441.70,0.02108,2.108
441.71,0.02108,2.108
441.72,0.02108,2.108
441.73,0.02108,2.108
441.74,0.02108,2.108
441.75,0.02108,2.108
441.76,0.02108,2.108
441.77,0.02108,2.108
441.77,0.02108,2.108
441.78,0.02108,2.108
441.79,0.02108,2.108
441.80,0.02108,2.108
441.81,0.02108,2.108
441.82,0.02108,2.108
441.83,0.02108,2.108
441.84,0.02108,2.108
441.85,0.02108,2.108
441.86,0.02108,2.108
441.86,0.02108,2.108
441.87,0.02108,2.108
441.88,0.02108,2.108
441.89,0.02108,2.108
441.90,0.02108,2.108
441.91,0.02108,2.108
441.92,0.02108,2.108
441.93,0.02108,2.108
441.94,0.02108,2.108
441.95,0.02108,2.108
441.95,0.02108,2.108
441.96,0.02108,2.108
441.97,0.02108,2.108
441.98,0.02108,2.108
441.99,0.02108,2.108
442.00,0.02108,2.108
442.01,0.02108,2.108
442.02,0.02108,2.108
442.03,0.02108,2.108
442.04,0.02108,2.108
442.04,0.02108,2.108
442.05,0.02108,2.108
442.06,0.02108,2.108
442.07,0.02108,2.108
442.08,0.02108,2.108
442.09,0.02108,2.108
442.10,0.02108,2.108
442.11,0.02108,2.108
442.12,0.02108,2.108
442.13,0.02108,2.108
442.13,0.02108,2.108
442.14,0.02108,2.108
442.15,0.02108,2.108
442.16,0.02108,2.108
442.17,0.02108,2.108
442.18,0.02108,2.108
442.19,0.02108,2.108
442.20,0.02108,2.108
442.21,0.02108,2.108
442.22,0.02108,2.108
442.22,0.02108,2.108
442.23,0.02108,2.108
442.24,0.02108,2.108
442.25,0.02108,2.108
442.26,0.02108,2.108
442.27,0.02108,2.108
442.28,0.02108,2.108
442.29,0.02108,2.108
442.30,0.02108,2.108
442.31,0.02108,2.108
442.31,0.02108,2.108
442.32,0.02108,2.108
442.33,0.02108,2.108
442.34,0.02108,2.108
442.35,0.02108,2.108
442.36,0.02108,2.108
442.37,0.02108,2.108
442.38,0.02108,2.108
442.39,0.02108,2.108
442.40,0.02108,2.108
442.40,0.02108,2.108
442.41,0.02108,2.108
442.42,0.02108,2.108
442.43,0.02108,2.108
442.44,0.02108,2.108
442.45,0.02108,2.108
442.46,0.02108,2.108
442.47,0.02108,2.108
442.48,0.02108,2.108
442.48,0.02108,2.108
442.49,0.02108,2.108
442.50,0.02108,2.108
442.51,0.02108,2.108
442.52,0.02108,2.108
442.53,0.02108,2.108
442.54,0.02108,2.108
442.55,0.02108,2.108
442.56,0.02108,2.108
442.57,0.02108,2.108
442.57,0.02108,2.108
442.58,0.02108,2.108
442.59,0.02108,2.108
442.60,0.02108,2.108
442.61,0.02108,2.108
442.62,0.02108,2.108
442.63,0.02108,2.108
442.64,0.02108,2.108
442.65,0.02108,2.108
442.66,0.02108,2.108
442.66,0.02108,2.108
442.67,0.02108,2.108
442.68,0.02108,2.108
442.69,0.02108,2.108
442.70,0.02108,2.108
442.71,0.02108,2.108
442.72,0.02108,2.108
442.73,0.02108,2.108
442.74,0.02108,2.108
442.75,0.02108,2.108
442.75,0.02108,2.108
442.76,0.02108,2.108
442.77,0.02108,2.108
442.78,0.02108,2.108
442.79,0.02108,2.108
442.80,0.02108,2.108
442.81,0.02108,2.108
442.82,0.02108,2.108
442.83,0.02108,2.108
442.84,0.02108,2.108
442.84,0.02108,2.108
442.85,0.02108,2.108
442.86,0.02108,2.108
442.87,0.02108,2.108
442.88,0.02108,2.108
442.89,0.02108,2.108
442.90,0.02108,2.108
442.91,0.02108,2.108
442.92,0.02108,2.108
442.93,0.02108,2.108
442.93,0.02108,2.108
442.94,0.02108,2.108
442.95,0.02108,2.108
442.96,0.02108,2.108
442.97,0.02108,2.108
442.98,0.02108,2.108
442.99,0.02108,2.108
443.00,0.02108,2.108
443.01,0.02108,2.108
443.02,0.02108,2.108
443.02,0.02108,2.108
443.03,0.02108,2.108
443.04,0.02108,2.108
443.05,0.02108,2.108
443.06,0.02108,2.108
443.07,0.02108,2.108
443.08,0.02108,2.108
443.09,0.02108,2.108
443.10,0.02108,2.108
443.11,0.02108,2.108
443.11,0.02108,2.108
443.12,0.02108,2.108
443.13,0.02108,2.108
443.14,0.02108,2.108
443.15,0.02108,2.108
443.16,0.02108,2.108
443.17,0.02108,2.108
443.18,0.02108,2.108
443.19,0.02108,2.108
443.20,0.02108,2.108
443.20,0.02108,2.108
443.21,0.02108,2.108
443.22,0.02108,2.108
443.23,0.02108,2.108
443.24,0.02108,2.108
443.25,0.02108,2.108
443.26,0.02108,2.108
443.27,0.02108,2.108
443.28,0.02108,2.108
443.29,0.02108,2.108
443.29,0.02108,2.108
443.30,0.02108,2.108
443.31,0.02108,2.108
443.32,0.02108,2.108
443.33,0.02108,2.108
443.34,0.02108,2.108
443.35,0.02108,2.108
443.36,0.02108,2.108
443.37,0.02108,2.108
443.37,0.02108,2.108
443.38,0.02108,2.108
443.39,0.02108,2.108
443.40,0.02108,2.108
443.41,0.02108,2.108
443.42,0.02108,2.108
443.43,0.02108,2.108
443.44,0.02108,2.108
443.45,0.02108,2.108
443.46,0.02108,2.108
443.46,0.02108,2.108
443.47,0.02108,2.108
443.48,0.02108,2.108
443.49,0.02108,2.108
443.50,0.02109,2.109
443.51,0.02109,2.109
443.52,0.02109,2.109
443.53,0.02109,2.109
443.54,0.02109,2.109
443.55,0.02109,2.109
443.55,0.02109,2.109
443.56,0.02109,2.109
443.57,0.02109,2.109
443.58,0.02109,2.109
443.59,0.02109,2.109
443.60,0.02109,2.109
443.61,0.02109,2.109
443.62,0.02109,2.109
443.63,0.02109,2.109
443.64,0.02109,2.109
443.64,0.02109,2.109
443.65,0.02109,2.109
443.66,0.02109,2.109
443.67,0.02109,2.109
443.68,0.02109,2.109
443.69,0.02109,2.109
443.70,0.02109,2.109
443.71,0.02109,2.109
443.72,0.02109,2.109
443.73,0.02109,2.109
443.73,0.02109,2.109
443.74,0.02109,2.109
443.75,0.02109,2.109
443.76,0.02109,2.109
443.77,0.02109,2.109
443.78,0.02109,2.109
443.79,0.02109,2.109
443.80,0.02109,2.109
443.81,0.02109,2.109
443.82,0.02109,2.109
443.82,0.02109,2.109
443.83,0.02109,2.109
443.84,0.02109,2.109
443.85,0.02109,2.109
443.86,0.02109,2.109
443.87,0.02109,2.109
443.88,0.02109,2.109
443.89,0.02109,2.109
443.90,0.02109,2.109
443.91,0.02109,2.109
443.91,0.02109,2.109
443.92,0.02109,2.109
443.93,0.02109,2.109
443.94,0.02109,2.109
443.95,0.02109,2.109
443.96,0.02109,2.109
443.97,0.02109,2.109
443.98,0.02109,2.109
443.99,0.02109,2.109
444.00,0.02109,2.109
444.00,0.02109,2.109
444.01,0.02109,2.109
444.02,0.02109,2.109
444.03,0.02109,2.109
444.04,0.02109,2.109
444.05,0.02109,2.109
444.06,0.02109,2.109
444.07,0.02109,2.109
444.08,0.02109,2.109
444.09,0.02109,2.109
444.09,0.02109,2.109
444.10,0.02109,2.109
444.11,0.02109,2.109
444.12,0.02109,2.109
444.13,0.02109,2.109
444.14,0.02109,2.109
444.15,0.02109,2.109
444.16,0.02109,2.109
444.17,0.02109,2.109
444.18,0.02109,2.109
444.18,0.02109,2.109
444.19,0.02109,2.109
444.20,0.02109,2.109
444.21,0.02109,2.109
444.22,0.02109,2.109
444.23,0.02109,2.109
444.24,0.02109,2.109
444.25,0.02109,2.109
444.26,0.02109,2.109
444.27,0.02109,2.109
444.27,0.02109,2.109
444.28,0.02109,2.109
444.29,0.02109,2.109
444.30,0.02109,2.109
444.31,0.02109,2.109
444.32,0.02109,2.109
444.33,0.02109,2.109
444.34,0.02109,2.109
444.35,0.02109,2.109
444.36,0.02109,2.109
444.36,0.02109,2.109
444.37,0.02109,2.109
444.38,0.02109,2.109
444.39,0.02109,2.109
444.40,0.02109,2.109
444.41,0.02109,2.109
444.42,0.02109,2.109
444.43,0.02109,2.109
444.44,0.02109,2.109
444.45,0.02109,2.109
444.45,0.02109,2.109
444.46,0.02109,2.109
444.47,0.02109,2.109
444.48,0.02109,2.109
444.49,0.02109,2.109
444.50,0.02109,2.109
444.51,0.02109,2.109
444.52,0.02109,2.109
444.53,0.02109,2.109
444.53,0.02109,2.109
444.54,0.02109,2.109
444.55,0.02109,2.109
444.56,0.02109,2.109
444.57,0.02109,2.109
444.58,0.02109,2.109
444.59,0.02109,2.109
444.60,0.02109,2.109
444.61,0.02109,2.109
444.62,0.02109,2.109
444.62,0.02109,2.109
444.63,0.02109,2.109
444.64,0.02109,2.109
444.65,0.02109,2.109
444.66,0.02109,2.109
444.67,0.02109,2.109
444.68,0.02109,2.109
444.69,0.02109,2.109
444.70,0.02109,2.109
444.71,0.02109,2.109
444.71,0.02109,2.109
444.72,0.02109,2.109
444.73,0.02109,2.109
444.74,0.02109,2.109
444.75,0.02109,2.109
444.76,0.02109,2.109
444.77,0.02109,2.109
444.78,0.02109,2.109
444.79,0.02109,2.109
444.80,0.02109,2.109
444.80,0.02109,2.109
444.81,0.02109,2.109
444.82,0.02109,2.109
444.83,0.02109,2.109
444.84,0.02109,2.109
444.85,0.02109,2.109
444.86,0.02109,2.109
444.87,0.02109,2.109
444.88,0.02109,2.109
444.89,0.02109,2.109
444.89,0.02109,2.109
444.90,0.02109,2.109
444.91,0.02109,2.109
444.92,0.02109,2.109
444.93,0.02109,2.109
444.94,0.02109,2.109
444.95,0.02109,2.109
444.96,0.02109,2.109
444.97,0.02109,2.109
444.98,0.02109,2.109
444.98,0.02109,2.109
444.99,0.02109,2.109
445.00,0.02109,2.109
445.01,0.02109,2.109
445.02,0.02109,2.109
445.03,0.02109,2.109
445.04,0.02109,2.109
445.05,0.02109,2.109
445.06,0.02109,2.109
445.07,0.02109,2.109
445.07,0.02109,2.109
445.08,0.02109,2.109
445.09,0.02109,2.109
445.10,0.02109,2.109
445.11,0.02109,2.109
445.12,0.02109,2.109
445.13,0.02109,2.109
445.14,0.02109,2.109
445.15,0.02109,2.109
445.16,0.02109,2.109
445.16,0.02109,2.109
445.17,0.02109,2.109
445.18,0.02109,2.109
445.19,0.02109,2.109
445.20,0.02109,2.109
445.21,0.02109,2.109
445.22,0.02109,2.109
445.23,0.02109,2.109
445.24,0.02109,2.109
445.25,0.02109,2.109
445.25,0.02109,2.109
445.26,0.02109,2.109
445.27,0.02109,2.109
445.28,0.02109,2.109
445.29,0.02109,2.109
445.30,0.02109,2.109
445.31,0.02109,2.109
445.32,0.02109,2.109
445.33,0.02109,2.109
445.34,0.02109,2.109
445.34,0.02109,2.109
445.35,0.02109,2.109
445.36,0.02109,2.109
445.37,0.02109,2.109
445.38,0.02109,2.109
445.39,0.02109,2.109
445.40,0.02109,2.109
445.41,0.02109,2.109
445.42,0.02109,2.109
445.43,0.02109,2.109
445.43,0.02109,2.109
445.44,0.02109,2.109
445.45,0.02109,2.109
445.46,0.02109,2.109
445.47,0.02109,2.109
445.48,0.02109,2.109
445.49,0.02109,2.109
445.50,0.02109,2.109
445.51,0.02109,2.109
445.52,0.02109,2.109
445.52,0.02109,2.109
445.53,0.02109,2.109
445.54,0.02109,2.109
445.55,0.02109,2.109
445.56,0.02109,2.109
445.57,0.02109,2.109
445.58,0.02109,2.109
445.59,0.02109,2.109
445.60,0.02109,2.109
445.61,0.02109,2.109
445.61,0.02109,2.109
445.62,0.02109,2.109
445.63,0.02109,2.109
445.64,0.02109,2.109
445.65,0.02109,2.109
445.66,0.02109,2.109
445.67,0.02109,2.109
445.68,0.02109,2.109
445.69,0.02109,2.109
445.70,0.02109,2.109
445.70,0.02109,2.109
445.71,0.02109,2.109
445.72,0.02109,2.109
445.73,0.02109,2.109
445.74,0.02109,2.109
445.75,0.02109,2.109
445.76,0.02109,2.109
445.77,0.02109,2.109
445.78,0.02109,2.109
445.78,0.02109,2.109
445.79,0.02109,2.109
445.80,0.02109,2.109
445.81,0.02109,2.109
445.82,0.02109,2.109
445.83,0.02109,2.109
445.84,0.02109,2.109
445.85,0.02109,2.109
445.86,0.02109,2.109
445.87,0.02109,2.109
445.87,0.02109,2.109
445.88,0.02109,2.109
445.89,0.02109,2.109
445.90,0.02109,2.109
445.91,0.02109,2.109
445.92,0.02109,2.109
445.93,0.02109,2.109
445.94,0.02109,2.109
445.95,0.02109,2.109
445.96,0.02109,2.109
445.96,0.02109,2.109
445.97,0.02109,2.109
445.98,0.02109,2.109
445.99,0.02109,2.109
446.00,0.02109,2.109
446.01,0.02109,2.109
446.02,0.02109,2.109
446.03,0.02109,2.109
446.04,0.02109,2.109
446.05,0.02109,2.109
446.05,0.02109,2.109
446.06,0.02109,2.109
446.07,0.02109,2.109
446.08,0.02109,2.109
446.09,0.02109,2.109
446.10,0.02109,2.109
446.11,0.02109,2.109
446.12,0.02109,2.109
446.13,0.02109,2.109
446.14,0.02109,2.109
446.14,0.02109,2.109
446.15,0.02109,2.109
446.16,0.02109,2.109
446.17,0.02109,2.109
446.18,0.02109,2.109
446.19,0.02109,2.109
446.20,0.02109,2.109
446.21,0.02109,2.109
446.22,0.02109,2.109
446.23,0.02109,2.109
446.23,0.02109,2.109
446.24,0.02109,2.109
446.25,0.02109,2.109
446.26,0.02109,2.109
446.27,0.02109,2.109
446.28,0.02109,2.109
446.29,0.02109,2.109
446.30,0.02109,2.109
446.31,0.02109,2.109
446.32,0.02109,2.109
446.32,0.02109,2.109
446.33,0.02109,2.109
446.34,0.02109,2.109
446.35,0.02109,2.109
446.36,0.02109,2.109
446.37,0.02109,2.109
446.38,0.02109,2.109
446.39,0.02109,2.109
446.40,0.02109,2.109
446.41,0.02109,2.109
446.41,0.02109,2.109
446.42,0.02109,2.109
446.43,0.02109,2.109
446.44,0.02109,2.109
446.45,0.02109,2.109
446.46,0.02109,2.109
446.47,0.02109,2.109
446.48,0.02109,2.109
446.49,0.02109,2.109
446.50,0.02109,2.109
446.50,0.02109,2.109
446.51,0.02109,2.109
446.52,0.02109,2.109
446.53,0.02109,2.109
446.54,0.02109,2.109
446.55,0.02109,2.109
446.56,0.02109,2.109
446.57,0.02109,2.109
446.58,0.02109,2.109
446.59,0.02109,2.109
446.59,0.02109,2.109
446.60,0.02109,2.109
446.61,0.02109,2.109
446.62,0.02109,2.109
446.63,0.02109,2.109
446.64,0.02109,2.109
446.65,0.02109,2.109
446.66,0.02109,2.109
446.67,0.02109,2.109
446.68,0.02109,2.109
446.68,0.02109,2.109
446.69,0.02109,2.109
446.70,0.02109,2.109
446.71,0.02109,2.109
446.72,0.02109,2.109
446.73,0.02109,2.109
446.74,0.02109,2.109
446.75,0.02109,2.109
446.76,0.02109,2.109
446.77,0.02109,2.109
446.77,0.02109,2.109
446.78,0.02109,2.109
446.79,0.02109,2.109
446.80,0.02109,2.109
446.81,0.02109,2.109
446.82,0.02109,2.109
446.83,0.02109,2.109
446.84,0.02109,2.109
446.85,0.02109,2.109
446.86,0.02109,2.109
446.86,0.02109,2.109
446.87,0.02109,2.109
446.88,0.02109,2.109
446.89,0.02109,2.109
446.90,0.02109,2.109
446.91,0.02109,2.109
446.92,0.02109,2.109
446.93,0.02109,2.109
446.94,0.02109,2.109
446.95,0.02109,2.109
446.95,0.02109,2.109
446.96,0.02109,2.109
446.97,0.02109,2.109
446.98,0.02109,2.109
446.99,0.02109,2.109
447.00,0.02109,2.109
447.01,0.02109,2.109
447.02,0.02109,2.109
447.03,0.02109,2.109
447.04,0.02109,2.109
447.04,0.02109,2.109
447.05,0.02109,2.109
447.06,0.02109,2.109
447.07,0.02109,2.109
447.08,0.02109,2.109
447.09,0.02109,2.109
447.10,0.02109,2.109
447.11,0.02109,2.109
447.12,0.02109,2.109
447.13,0.02109,2.109
447.13,0.02109,2.109
447.14,0.02109,2.109
447.15,0.02109,2.109
447.16,0.02109,2.109
447.17,0.02109,2.109
447.18,0.02109,2.109
447.19,0.02109,2.109
447.20,0.02109,2.109
447.21,0.02109,2.109
447.21,0.02109,2.109
447.22,0.02109,2.109
447.23,0.02109,2.109
447.24,0.02109,2.109
447.25,0.02109,2.109
447.26,0.02109,2.109
447.27,0.02109,2.109
447.28,0.02109,2.109
447.29,0.02109,2.109
447.30,0.02109,2.109
447.30,0.02109,2.109
447.31,0.02109,2.109
447.32,0.02109,2.109
447.33,0.02109,2.109
447.34,0.02109,2.109
447.35,0.02109,2.109
447.36,0.02109,2.109
447.37,0.02109,2.109
447.38,0.02109,2.109
447.39,0.02109,2.109
447.39,0.02109,2.109
447.40,0.02109,2.109
447.41,0.02109,2.109
447.42,0.02109,2.109
447.43,0.02109,2.109
447.44,0.02109,2.109
447.45,0.02109,2.109
447.46,0.02109,2.109
447.47,0.02109,2.109
447.48,0.02109,2.109
447.48,0.02109,2.109
447.49,0.02109,2.109
447.50,0.02109,2.109
447.51,0.02109,2.109
447.52,0.02109,2.109
447.53,0.02109,2.109
447.54,0.02109,2.109
447.55,0.02109,2.109
447.56,0.02109,2.109
447.57,0.02109,2.109
447.57,0.02109,2.109
447.58,0.02109,2.109
447.59,0.02109,2.109
447.60,0.02109,2.109
447.61,0.02109,2.109
447.62,0.02109,2.109
447.63,0.02109,2.109
447.64,0.02109,2.109
447.65,0.02109,2.109
447.66,0.02109,2.109
447.66,0.02109,2.109
447.67,0.02109,2.109
447.68,0.02109,2.109
447.69,0.02109,2.109
447.70,0.02109,2.109
447.71,0.02109,2.109
447.72,0.02109,2.109
447.73,0.02109,2.109
447.74,0.02109,2.109
447.75,0.02109,2.109
447.75,0.02109,2.109
447.76,0.02109,2.109
447.77,0.02109,2.109
447.78,0.02109,2.109
447.79,0.02109,2.109
447.80,0.02109,2.109
447.81,0.02109,2.109
447.82,0.02109,2.109
447.83,0.02109,2.109
447.84,0.02109,2.109
447.84,0.02109,2.109
447.85,0.02109,2.109
447.86,0.02109,2.109
447.87,0.02109,2.109
447.88,0.02109,2.109
447.89,0.02109,2.109
447.90,0.02109,2.109
447.91,0.02109,2.109
447.92,0.02109,2.109
447.93,0.02109,2.109
447.93,0.02109,2.109
447.94,0.02109,2.109
447.95,0.02109,2.109
447.96,0.02109,2.109
447.97,0.02109,2.109
447.98,0.02109,2.109
447.99,0.02109,2.109
448.00,0.02109,2.109
448.01,0.02109,2.109
448.02,0.02109,2.109
448.02,0.02109,2.109
448.03,0.02109,2.109
448.04,0.02109,2.109
448.05,0.02109,2.109
448.06,0.02109,2.109
448.07,0.02109,2.109
448.08,0.02109,2.109
448.09,0.02109,2.109
448.10,0.02109,2.109
448.10,0.02109,2.109
448.11,0.02109,2.109
448.12,0.02109,2.109
448.13,0.02109,2.109
448.14,0.02109,2.109
448.15,0.02109,2.109
448.16,0.02109,2.109
448.17,0.02109,2.109
448.18,0.02109,2.109
448.19,0.02109,2.109
448.19,0.02109,2.109
448.20,0.02109,2.109
448.21,0.02109,2.109
448.22,0.02109,2.109
448.23,0.02109,2.109
448.24,0.02109,2.109
448.25,0.02109,2.109
448.26,0.02109,2.109
448.27,0.02109,2.109
448.28,0.02109,2.109
448.28,0.02109,2.109
448.29,0.02109,2.109
448.30,0.02109,2.109
448.31,0.02109,2.109
448.32,0.02109,2.109
448.33,0.02109,2.109
448.34,0.02109,2.109
448.35,0.02109,2.109
448.36,0.02109,2.109
448.37,0.02109,2.109
448.37,0.02109,2.109
448.38,0.02109,2.109
448.39,0.02109,2.109
448.40,0.02109,2.109
448.41,0.02109,2.109
448.42,0.02109,2.109
448.43,0.02109,2.109
448.44,0.02109,2.109
448.45,0.02109,2.109
448.46,0.02109,2.109
448.46,0.02109,2.109
448.47,0.02109,2.109
448.48,0.02109,2.109
448.49,0.02109,2.109
448.50,0.02109,2.109
448.51,0.02109,2.109
448.52,0.02109,2.109
448.53,0.02109,2.109
448.54,0.02109,2.109
448.55,0.02109,2.109
448.55,0.02109,2.109
448.56,0.02109,2.109
448.57,0.02109,2.109
448.58,0.02109,2.109
448.59,0.02109,2.109
448.60,0.02109,2.109
448.61,0.02109,2.109
448.62,0.02109,2.109
448.63,0.02109,2.109
448.64,0.02109,2.109
448.64,0.02109,2.109
448.65,0.02109,2.109
448.66,0.02109,2.109
448.67,0.02109,2.109
448.68,0.02109,2.109
448.69,0.02109,2.109
448.70,0.02109,2.109
448.71,0.02109,2.109
448.72,0.02109,2.109
448.73,0.02109,2.109
448.73,0.02109,2.109
448.74,0.02109,2.109
448.75,0.02109,2.109
448.76,0.02109,2.109
448.77,0.02109,2.109
448.78,0.02109,2.109
448.79,0.02109,2.109
448.80,0.02109,2.109
448.81,0.02109,2.109
448.82,0.02109,2.109
448.82,0.02109,2.109
448.83,0.02109,2.109
448.84,0.02109,2.109
448.85,0.02109,2.109
448.86,0.02109,2.109
448.87,0.02109,2.109
448.88,0.02109,2.109
448.89,0.02109,2.109
448.90,0.02109,2.109
448.91,0.02109,2.109
448.91,0.02109,2.109
448.92,0.02109,2.109
448.93,0.02109,2.109
448.94,0.02109,2.109
448.95,0.02109,2.109
448.96,0.02109,2.109
448.97,0.02109,2.109
448.98,0.02109,2.109
448.99,0.02109,2.109
449.00,0.02109,2.109
449.00,0.02109,2.109
449.01,0.02109,2.109
449.02,0.02109,2.109
449.03,0.02109,2.109
449.04,0.02109,2.109
449.05,0.02109,2.109
449.06,0.02109,2.109
449.07,0.02109,2.109
449.08,0.02109,2.109
449.09,0.02109,2.109
449.09,0.02109,2.109
449.10,0.02109,2.109
449.11,0.02109,2.109
449.12,0.02109,2.109
449.13,0.02109,2.109
449.14,0.02109,2.109
449.15,0.02109,2.109
449.16,0.02109,2.109
449.17,0.02109,2.109
449.18,0.02109,2.109
449.18,0.02109,2.109
449.19,0.02109,2.109
449.20,0.02109,2.109
449.21,0.02109,2.109
449.22,0.02109,2.109
449.23,0.02109,2.109
449.24,0.02109,2.109
449.25,0.02109,2.109
449.26,0.02109,2.109
449.27,0.02109,2.109
449.27,0.02109,2.109
449.28,0.02109,2.109
449.29,0.02109,2.109
449.30,0.02109,2.109
449.31,0.02109,2.109
449.32,0.02109,2.109
449.33,0.02109,2.109
449.34,0.02109,2.109
449.35,0.02109,2.109
449.36,0.02109,2.109
449.36,0.02109,2.109
449.37,0.02109,2.109
449.38,0.02109,2.109
449.39,0.02109,2.109
449.40,0.02109,2.109
449.41,0.02109,2.109
449.42,0.02109,2.109
449.43,0.02109,2.109
449.44,0.02109,2.109
449.45,0.02109,2.109
449.45,0.02109,2.109
449.46,0.02109,2.109
449.47,0.02109,2.109
449.48,0.02109,2.109
449.49,0.02109,2.109
449.50,0.02109,2.109
449.51,0.02109,2.109
449.52,0.02109,2.109
449.53,0.02109,2.109
449.54,0.02109,2.109
449.54,0.02109,2.109
449.55,0.02109,2.109
449.56,0.02109,2.109
449.57,0.02109,2.109
449.58,0.02109,2.109
449.59,0.02109,2.109
449.60,0.02109,2.109
449.61,0.02109,2.109
449.62,0.02109,2.109
449.63,0.02109,2.109
449.63,0.02109,2.109
449.64,0.02109,2.109
449.65,0.02109,2.109
449.66,0.02109,2.109
449.67,0.02109,2.109
449.68,0.02109,2.109
449.69,0.02109,2.109
449.70,0.02109,2.109
449.71,0.02109,2.109
449.71,0.02109,2.109
449.72,0.02109,2.109
449.73,0.02109,2.109
449.74,0.02109,2.109
449.75,0.02109,2.109
449.76,0.02109,2.109
449.77,0.02109,2.109
449.78,0.02109,2.109
449.79,0.02109,2.109
449.80,0.02109,2.109
449.80,0.02109,2.109
449.81,0.02109,2.109
449.82,0.02109,2.109
449.83,0.02109,2.109
449.84,0.02109,2.109
449.85,0.02109,2.109
449.86,0.02109,2.109
449.87,0.02109,2.109
449.88,0.02109,2.109
449.89,0.02109,2.109
449.89,0.02109,2.109
449.90,0.02109,2.109
449.91,0.02109,2.109
449.92,0.02109,2.109
449.93,0.02109,2.109
449.94,0.02109,2.109
449.95,0.02109,2.109
449.96,0.02109,2.109
449.97,0.02109,2.109
449.98,0.02109,2.109
449.98,0.02109,2.109
449.99,0.02109,2.109
450.00,0.02109,2.109
450.01,0.02109,2.109
450.02,0.02109,2.109
450.03,0.02109,2.109
450.04,0.02110,2.110
450.05,0.02110,2.110
450.06,0.02110,2.110
450.07,0.02110,2.110
450.07,0.02110,2.110
450.08,0.02110,2.110
450.09,0.02110,2.110
450.10,0.02110,2.110
450.11,0.02110,2.110
450.12,0.02110,2.110
450.13,0.02110,2.110
450.14,0.02110,2.110
450.15,0.02110,2.110
450.16,0.02110,2.110
450.16,0.02110,2.110
450.17,0.02110,2.110
450.18,0.02110,2.110
450.19,0.02110,2.110
450.20,0.02110,2.110
450.21,0.02110,2.110
450.22,0.02110,2.110
450.23,0.02110,2.110
450.24,0.02110,2.110
450.25,0.02110,2.110
450.25,0.02110,2.110
450.26,0.02110,2.110
450.27,0.02110,2.110
450.28,0.02110,2.110
450.29,0.02110,2.110
450.30,0.02110,2.110
450.31,0.02110,2.110
450.32,0.02110,2.110
450.33,0.02110,2.110
450.34,0.02110,2.110
450.34,0.02110,2.110
450.35,0.02110,2.110
450.36,0.02110,2.110
450.37,0.02110,2.110
450.38,0.02110,2.110
450.39,0.02110,2.110
450.40,0.02110,2.110
450.41,0.02110,2.110
450.42,0.02110,2.110
450.43,0.02110,2.110
450.43,0.02110,2.110
450.44,0.02110,2.110
450.45,0.02110,2.110
450.46,0.02110,2.110
450.47,0.02110,2.110
450.48,0.02110,2.110
450.49,0.02110,2.110
450.50,0.02110,2.110
450.51,0.02110,2.110
450.52,0.02110,2.110
450.52,0.02110,2.110
450.53,0.02110,2.110
450.54,0.02110,2.110
450.55,0.02110,2.110
450.56,0.02110,2.110
450.57,0.02110,2.110
450.58,0.02110,2.110
450.59,0.02110,2.110
450.60,0.02110,2.110
450.61,0.02110,2.110
450.61,0.02110,2.110
450.62,0.02110,2.110
450.63,0.02110,2.110
450.64,0.02110,2.110
450.65,0.02110,2.110
450.66,0.02110,2.110
450.67,0.02110,2.110
450.68,0.02110,2.110
450.69,0.02110,2.110
450.70,0.02110,2.110
450.70,0.02110,2.110
450.71,0.02110,2.110
450.72,0.02110,2.110
450.73,0.02110,2.110
450.74,0.02110,2.110
450.75,0.02110,2.110
450.76,0.02110,2.110
450.77,0.02110,2.110
450.78,0.02110,2.110
450.79,0.02110,2.110
450.79,0.02110,2.110
450.80,0.02110,2.110
450.81,0.02110,2.110
450.82,0.02110,2.110
450.83,0.02110,2.110
450.84,0.02110,2.110
450.85,0.02110,2.110
450.86,0.02110,2.110
450.87,0.02110,2.110
450.88,0.02110,2.110
450.88,0.02110,2.110
450.89,0.02110,2.110
450.90,0.02110,2.110
450.91,0.02110,2.110
450.92,0.02110,2.110
450.93,0.02110,2.110
450.94,0.02110,2.110
450.95,0.02110,2.110
450.96,0.02110,2.110
450.97,0.02110,2.110
450.97,0.02110,2.110
450.98,0.02110,2.110
450.99,0.02110,2.110
451.00,0.02110,2.110
451.01,0.02110,2.110
451.02,0.02110,2.110
451.03,0.02110,2.110
451.04,0.02110,2.110
451.05,0.02110,2.110
451.06,0.02110,2.110
451.06,0.02110,2.110
451.07,0.02110,2.110
451.08,0.02110,2.110
451.09,0.02110,2.110
451.10,0.02110,2.110
451.11,0.02110,2.110
451.12,0.02110,2.110
451.13,0.02110,2.110
451.14,0.02110,2.110
451.15,0.02110,2.110
451.15,0.02110,2.110
451.16,0.02110,2.110
451.17,0.02110,2.110
451.18,0.02110,2.110
451.19,0.02110,2.110
451.20,0.02110,2.110
451.21,0.02110,2.110
451.22,0.02110,2.110
451.23,0.02110,2.110
451.24,0.02110,2.110
451.24,0.02110,2.110
451.25,0.02110,2.110
451.26,0.02110,2.110
451.27,0.02110,2.110
451.28,0.02110,2.110
451.29,0.02110,2.110
451.30,0.02110,2.110
451.31,0.02110,2.110
451.32,0.02110,2.110
451.33,0.02110,2.110
451.33,0.02110,2.110
451.34,0.02110,2.110
451.35,0.02110,2.110
451.36,0.02110,2.110
451.37,0.02110,2.110
451.38,0.02110,2.110
451.39,0.02110,2.110
451.40,0.02110,2.110
451.41,0.02110,2.110
451.41,0.02110,2.110
451.42,0.02110,2.110
451.43,0.02110,2.110
451.44,0.02110,2.110
451.45,0.02110,2.110
451.46,0.02110,2.110
451.47,0.02110,2.110
451.48,0.02110,2.110
451.49,0.02110,2.110
451.50,0.02110,2.110
451.50,0.02110,2.110
451.51,0.02110,2.110
451.52,0.02110,2.110
451.53,0.02110,2.110
451.54,0.02110,2.110
451.55,0.02110,2.110
451.56,0.02110,2.110
451.57,0.02110,2.110
451.58,0.02110,2.110
451.59,0.02110,2.110
451.59,0.02110,2.110
451.60,0.02110,2.110
451.61,0.02110,2.110
451.62,0.02110,2.110
451.63,0.02110,2.110
451.64,0.02110,2.110
451.65,0.02110,2.110
451.66,0.02110,2.110
451.67,0.02110,2.110
451.68,0.02110,2.110
451.68,0.02110,2.110
451.69,0.02110,2.110
451.70,0.02110,2.110
451.71,0.02110,2.110
451.72,0.02110,2.110
451.73,0.02110,2.110
451.74,0.02110,2.110
451.75,0.02110,2.110
451.76,0.02110,2.110
451.77,0.02110,2.110
451.77,0.02110,2.110
451.78,0.02110,2.110
451.79,0.02110,2.110
451.80,0.02110,2.110
451.81,0.02110,2.110
451.82,0.02110,2.110
451.83,0.02110,2.110
451.84,0.02110,2.110
451.85,0.02110,2.110
451.86,0.02110,2.110
451.86,0.02110,2.110
451.87,0.02110,2.110
451.88,0.02110,2.110
451.89,0.02110,2.110
451.90,0.02110,2.110
451.91,0.02110,2.110
451.92,0.02110,2.110
451.93,0.02110,2.110
451.94,0.02110,2.110
451.95,0.02110,2.110
451.95,0.02110,2.110
451.96,0.02110,2.110
451.97,0.02110,2.110
451.98,0.02110,2.110
451.99,0.02110,2.110
452.00,0.02110,2.110
452.01,0.02110,2.110
452.02,0.02110,2.110
452.03,0.02110,2.110
452.04,0.02110,2.110
452.04,0.02110,2.110
452.05,0.02110,2.110
452.06,0.02110,2.110
452.07,0.02110,2.110
452.08,0.02110,2.110
452.09,0.02110,2.110
452.10,0.02110,2.110
452.11,0.02110,2.110
452.12,0.02110,2.110
452.13,0.02110,2.110
452.13,0.02110,2.110
452.14,0.02110,2.110
452.15,0.02110,2.110
452.16,0.02110,2.110
452.17,0.02110,2.110
452.18,0.02110,2.110
452.19,0.02110,2.110
452.20,0.02110,2.110
452.21,0.02110,2.110
452.22,0.02110,2.110
452.22,0.02110,2.110
452.23,0.02110,2.110
452.24,0.02110,2.110
452.25,0.02110,2.110
452.26,0.02110,2.110
452.27,0.02110,2.110
452.28,0.02110,2.110
452.29,0.02110,2.110
452.30,0.02110,2.110
452.31,0.02110,2.110
452.31,0.02110,2.110
452.32,0.02110,2.110
452.33,0.02110,2.110
452.34,0.02110,2.110
452.35,0.02110,2.110
452.36,0.02110,2.110
452.37,0.02110,2.110
452.38,0.02110,2.110
452.39,0.02110,2.110
452.40,0.02110,2.110
452.40,0.02110,2.110
452.41,0.02110,2.110
452.42,0.02110,2.110
452.43,0.02110,2.110
452.44,0.02110,2.110
452.45,0.02110,2.110
452.46,0.02110,2.110
452.47,0.02110,2.110
452.48,0.02110,2.110
452.49,0.02110,2.110
452.49,0.02110,2.110
452.50,0.02110,2.110
452.51,0.02110,2.110
452.52,0.02110,2.110
452.53,0.02110,2.110
452.54,0.02110,2.110
452.55,0.02110,2.110
452.56,0.02110,2.110
452.57,0.02110,2.110
452.58,0.02110,2.110
452.58,0.02110,2.110
452.59,0.02110,2.110
452.60,0.02110,2.110
452.61,0.02110,2.110
452.62,0.02110,2.110
452.63,0.02110,2.110
452.64,0.02110,2.110
452.65,0.02110,2.110
452.66,0.02110,2.110
452.67,0.02110,2.110
452.67,0.02110,2.110
452.68,0.02110,2.110
452.69,0.02110,2.110
452.70,0.02110,2.110
452.71,0.02110,2.110
452.72,0.02110,2.110
452.73,0.02110,2.110
452.74,0.02110,2.110
452.75,0.02110,2.110
452.76,0.02110,2.110
452.76,0.02110,2.110
452.77,0.02110,2.110
452.78,0.02110,2.110
452.79,0.02110,2.110
452.80,0.02110,2.110
452.81,0.02110,2.110
452.82,0.02110,2.110
452.83,0.02110,2.110
452.84,0.02110,2.110
452.85,0.02110,2.110
452.85,0.02110,2.110
452.86,0.02110,2.110
452.87,0.02110,2.110
452.88,0.02110,2.110
452.89,0.02110,2.110
452.90,0.02110,2.110
452.91,0.02110,2.110
452.92,0.02110,2.110
452.93,0.02110,2.110
452.94,0.02110,2.110
452.94,0.02110,2.110
452.95,0.02110,2.110
452.96,0.02110,2.110
452.97,0.02110,2.110
452.98,0.02110,2.110
452.99,0.02110,2.110
453.00,0.02110,2.110
453.01,0.02110,2.110
453.02,0.02110,2.110
453.03,0.02110,2.110
453.03,0.02110,2.110
453.04,0.02110,2.110
453.05,0.02110,2.110
453.06,0.02110,2.110
453.07,0.02110,2.110
453.08,0.02110,2.110
453.09,0.02110,2.110
453.10,0.02110,2.110
453.11,0.02110,2.110
453.11,0.02110,2.110
453.12,0.02110,2.110
453.13,0.02110,2.110
453.14,0.02110,2.110
453.15,0.02110,2.110
453.16,0.02110,2.110
453.17,0.02110,2.110
453.18,0.02110,2.110
453.19,0.02110,2.110
453.20,0.02110,2.110
453.20,0.02110,2.110
453.21,0.02110,2.110
453.22,0.02110,2.110
453.23,0.02110,2.110
453.24,0.02110,2.110
453.25,0.02110,2.110
453.26,0.02110,2.110
453.27,0.02110,2.110
453.28,0.02110,2.110
453.29,0.02110,2.110
453.29,0.02110,2.110
453.30,0.02110,2.110
453.31,0.02110,2.110
453.32,0.02110,2.110
453.33,0.02110,2.110
453.34,0.02110,2.110
453.35,0.02110,2.110
453.36,0.02110,2.110
453.37,0.02110,2.110
453.38,0.02110,2.110
453.38,0.02110,2.110
453.39,0.02110,2.110
453.40,0.02110,2.110
453.41,0.02110,2.110
453.42,0.02110,2.110
453.43,0.02110,2.110
453.44,0.02110,2.110
453.45,0.02110,2.110
453.46,0.02110,2.110
453.47,0.02110,2.110
453.47,0.02110,2.110
453.48,0.02110,2.110
453.49,0.02110,2.110
453.50,0.02110,2.110
453.51,0.02110,2.110
453.52,0.02110,2.110
453.53,0.02110,2.110
453.54,0.02110,2.110
453.55,0.02110,2.110
453.56,0.02110,2.110
453.56,0.02110,2.110
453.57,0.02110,2.110
453.58,0.02110,2.110
453.59,0.02110,2.110
453.60,0.02110,2.110
453.61,0.02110,2.110
453.62,0.02110,2.110
453.63,0.02110,2.110
453.64,0.02110,2.110
453.65,0.02110,2.110
453.65,0.02110,2.110
453.66,0.02110,2.110
453.67,0.02110,2.110
453.68,0.02110,2.110
453.69,0.02110,2.110
453.70,0.02110,2.110
453.71,0.02110,2.110
453.72,0.02110,2.110
453.73,0.02110,2.110
453.74,0.02110,2.110
453.74,0.02110,2.110
453.75,0.02110,2.110
453.76,0.02110,2.110
453.77,0.02110,2.110
453.78,0.02110,2.110
453.79,0.02110,2.110
453.80,0.02110,2.110
453.81,0.02110,2.110
453.82,0.02110,2.110
453.83,0.02110,2.110
453.83,0.02110,2.110
453.84,0.02110,2.110
453.85,0.02110,2.110
453.86,0.02110,2.110
453.87,0.02110,2.110
453.88,0.02110,2.110
453.89,0.02110,2.110
453.90,0.02110,2.110
453.91,0.02110,2.110
453.92,0.02110,2.110
453.92,0.02110,2.110
453.93,0.02110,2.110
453.94,0.02110,2.110
453.95,0.02110,2.110
453.96,0.02110,2.110
453.97,0.02110,2.110
453.98,0.02110,2.110
453.99,0.02110,2.110
454.00,0.02110,2.110
454.01,0.02110,2.110
454.01,0.02110,2.110
454.02,0.02110,2.110
454.03,0.02110,2.110
454.04,0.02110,2.110
454.05,0.02110,2.110
454.06,0.02110,2.110
454.07,0.02110,2.110
454.08,0.02110,2.110
454.09,0.02110,2.110
454.10,0.02110,2.110
454.10,0.02110,2.110
454.11,0.02110,2.110
454.12,0.02110,2.110
454.13,0.02110,2.110
454.14,0.02110,2.110
454.15,0.02110,2.110
454.16,0.02110,2.110
454.17,0.02110,2.110
454.18,0.02110,2.110
454.19,0.02110,2.110
454.19,0.02110,2.110
454.20,0.02110,2.110
454.21,0.02110,2.110
454.22,0.02110,2.110
454.23,0.02110,2.110
454.24,0.02110,2.110
454.25,0.02110,2.110
454.26,0.02110,2.110
454.27,0.02110,2.110
454.28,0.02110,2.110
454.28,0.02110,2.110
454.29,0.02110,2.110
454.30,0.02110,2.110
454.31,0.02110,2.110
454.32,0.02110,2.110
454.33,0.02110,2.110
454.34,0.02110,2.110
454.35,0.02110,2.110
454.36,0.02110,2.110
454.37,0.02110,2.110
454.37,0.02110,2.110
454.38,0.02110,2.110
454.39,0.02110,2.110
454.40,0.02110,2.110
454.41,0.02110,2.110
454.42,0.02110,2.110
454.43,0.02110,2.110
454.44,0.02110,2.110
454.45,0.02110,2.110
454.46,0.02110,2.110
454.46,0.02110,2.110
454.47,0.02110,2.110
454.48,0.02110,2.110
454.49,0.02110,2.110
454.50,0.02110,2.110
454.51,0.02110,2.110
454.52,0.02110,2.110
454.53,0.02110,2.110
454.54,0.02110,2.110
454.55,0.02110,2.110
454.55,0.02110,2.110
454.56,0.02110,2.110
454.57,0.02110,2.110
454.58,0.02110,2.110
454.59,0.02110,2.110
454.60,0.02110,2.110
454.61,0.02110,2.110
454.62,0.02110,2.110
454.63,0.02110,2.110
454.64,0.02110,2.110
454.64,0.02110,2.110
454.65,0.02110,2.110
454.66,0.02110,2.110
454.67,0.02110,2.110
454.68,0.02110,2.110
454.69,0.02110,2.110
454.70,0.02110,2.110
454.71,0.02110,2.110
454.72,0.02110,2.110
454.73,0.02110,2.110
454.73,0.02110,2.110
454.74,0.02110,2.110
454.75,0.02110,2.110
454.76,0.02110,2.110
454.77,0.02110,2.110
454.78,0.02110,2.110
454.79,0.02110,2.110
454.80,0.02110,2.110
454.81,0.02110,2.110
454.82,0.02110,2.110
454.82,0.02110,2.110
454.83,0.02110,2.110
454.84,0.02110,2.110
454.85,0.02110,2.110
454.86,0.02110,2.110
454.87,0.02110,2.110
454.88,0.02110,2.110
454.89,0.02110,2.110
454.90,0.02110,2.110
454.91,0.02110,2.110
454.91,0.02110,2.110
454.92,0.02110,2.110
454.93,0.02110,2.110
454.94,0.02110,2.110
454.95,0.02110,2.110
454.96,0.02110,2.110
454.97,0.02110,2.110
454.98,0.02110,2.110
454.99,0.02110,2.110
455.00,0.02110,2.110
455.00,0.02110,2.110
455.01,0.02110,2.110
455.02,0.02110,2.110
455.03,0.02110,2.110
455.04,0.02110,2.110
455.05,0.02110,2.110
455.06,0.02110,2.110
455.07,0.02110,2.110
455.08,0.02110,2.110
455.08,0.02110,2.110
455.09,0.02110,2.110
455.10,0.02110,2.110
455.11,0.02110,2.110
455.12,0.02110,2.110
455.13,0.02110,2.110
455.14,0.02110,2.110
455.15,0.02110,2.110
455.16,0.02110,2.110
455.17,0.02110,2.110
455.17,0.02110,2.110
455.18,0.02110,2.110
455.19,0.02110,2.110
455.20,0.02110,2.110
455.21,0.02110,2.110
455.22,0.02110,2.110
455.23,0.02110,2.110
455.24,0.02110,2.110
455.25,0.02110,2.110
455.26,0.02110,2.110
455.26,0.02110,2.110
455.27,0.02110,2.110
455.28,0.02110,2.110
455.29,0.02110,2.110
455.30,0.02110,2.110
455.31,0.02110,2.110
455.32,0.02110,2.110
455.33,0.02110,2.110
455.34,0.02110,2.110
455.35,0.02110,2.110
455.35,0.02110,2.110
455.36,0.02110,2.110
455.37,0.02110,2.110
455.38,0.02110,2.110
455.39,0.02110,2.110
455.40,0.02110,2.110
455.41,0.02110,2.110
455.42,0.02110,2.110
455.43,0.02110,2.110
455.44,0.02110,2.110
455.44,0.02110,2.110
455.45,0.02110,2.110
455.46,0.02110,2.110
455.47,0.02110,2.110
455.48,0.02110,2.110
455.49,0.02110,2.110
455.50,0.02110,2.110
455.51,0.02110,2.110
455.52,0.02110,2.110
455.53,0.02110,2.110
455.53,0.02110,2.110
455.54,0.02110,2.110
455.55,0.02110,2.110
455.56,0.02110,2.110
455.57,0.02110,2.110
455.58,0.02110,2.110
455.59,0.02110,2.110
455.60,0.02110,2.110
455.61,0.02110,2.110
455.62,0.02110,2.110
455.62,0.02110,2.110
455.63,0.02110,2.110
455.64,0.02110,2.110
455.65,0.02110,2.110
455.66,0.02110,2.110
455.67,0.02110,2.110
455.68,0.02110,2.110
455.69,0.02110,2.110
455.70,0.02110,2.110
455.71,0.02110,2.110
455.71,0.02110,2.110
455.72,0.02110,2.110
455.73,0.02110,2.110
455.74,0.02110,2.110
455.75,0.02110,2.110
455.76,0.02110,2.110
455.77,0.02110,2.110
455.78,0.02110,2.110
455.79,0.02110,2.110
455.80,0.02110,2.110
455.80,0.02110,2.110
455.81,0.02110,2.110
455.82,0.02110,2.110
455.83,0.02110,2.110
455.84,0.02110,2.110
455.85,0.02110,2.110
455.86,0.02110,2.110
455.87,0.02110,2.110
455.88,0.02110,2.110
455.89,0.02110,2.110
455.89,0.02110,2.110
455.90,0.02110,2.110
455.91,0.02110,2.110
455.92,0.02110,2.110
455.93,0.02110,2.110
455.94,0.02110,2.110
455.95,0.02110,2.110
455.96,0.02110,2.110
455.97,0.02110,2.110
455.98,0.02110,2.110
455.98,0.02110,2.110
455.99,0.02110,2.110
456.00,0.02110,2.110
456.01,0.02110,2.110
456.02,0.02110,2.110
456.03,0.02110,2.110
456.04,0.02110,2.110
456.05,0.02110,2.110
456.06,0.02110,2.110
456.07,0.02110,2.110
456.07,0.02110,2.110
456.08,0.02110,2.110
456.09,0.02110,2.110
456.10,0.02110,2.110
456.11,0.02110,2.110
456.12,0.02110,2.110
456.13,0.02110,2.110
456.14,0.02110,2.110
456.15,0.02110,2.110
456.16,0.02110,2.110
456.16,0.02110,2.110
456.17,0.02110,2.110
456.18,0.02110,2.110
456.19,0.02110,2.110
456.20,0.02110,2.110
456.21,0.02110,2.110
456.22,0.02110,2.110
456.23,0.02110,2.110
456.24,0.02110,2.110
456.25,0.02110,2.110
456.25,0.02110,2.110
456.26,0.02111,2.111
456.27,0.02111,2.111
456.28,0.02111,2.111
456.29,0.02111,2.111
456.30,0.02111,2.111
456.31,0.02111,2.111
456.32,0.02111,2.111
456.33,0.02111,2.111
456.34,0.02111,2.111
456.34,0.02111,2.111
456.35,0.02111,2.111
456.36,0.02111,2.111
456.37,0.02111,2.111
456.38,0.02111,2.111
456.39,0.02111,2.111
456.40,0.02111,2.111
456.41,0.02111,2.111
456.42,0.02111,2.111
456.43,0.02111,2.111
456.43,0.02111,2.111
456.44,0.02111,2.111
456.45,0.02111,2.111
456.46,0.02111,2.111
456.47,0.02111,2.111
456.48,0.02111,2.111
456.49,0.02111,2.111
456.50,0.02111,2.111
456.51,0.02111,2.111
456.52,0.02111,2.111
456.52,0.02111,2.111
456.53,0.02111,2.111
456.54,0.02111,2.111
456.55,0.02111,2.111
456.56,0.02111,2.111
456.57,0.02111,2.111
456.58,0.02111,2.111
456.59,0.02111,2.111
456.60,0.02111,2.111
456.61,0.02111,2.111
456.61,0.02111,2.111
456.62,0.02111,2.111
456.63,0.02111,2.111
456.64,0.02111,2.111
456.65,0.02111,2.111
456.66,0.02111,2.111
456.67,0.02111,2.111
456.68,0.02111,2.111
456.69,0.02111,2.111
456.70,0.02111,2.111
456.70,0.02111,2.111
456.71,0.02111,2.111
456.72,0.02111,2.111
456.73,0.02111,2.111
456.74,0.02111,2.111
456.75,0.02111,2.111
456.76,0.02111,2.111
456.77,0.02111,2.111
456.78,0.02111,2.111
456.79,0.02111,2.111
456.79,0.02111,2.111
456.80,0.02111,2.111
456.81,0.02111,2.111
456.82,0.02111,2.111
456.83,0.02111,2.111
456.84,0.02111,2.111
456.85,0.02111,2.111
456.86,0.02111,2.111
456.87,0.02111,2.111
456.88,0.02111,2.111
456.88,0.02111,2.111
456.89,0.02111,2.111
456.90,0.02111,2.111
456.91,0.02111,2.111
456.92,0.02111,2.111
456.93,0.02111,2.111
456.94,0.02111,2.111
456.95,0.02111,2.111
456.96,0.02111,2.111
456.97,0.02111,2.111
456.97,0.02111,2.111
456.98,0.02111,2.111
456.99,0.02111,2.111
457.00,0.02111,2.111
457.01,0.02111,2.111
457.02,0.02111,2.111
457.03,0.02111,2.111
457.04,0.02111,2.111
457.05,0.02111,2.111
457.06,0.02111,2.111
457.06,0.02111,2.111
457.07,0.02111,2.111
457.08,0.02111,2.111
457.09,0.02111,2.111
457.10,0.02111,2.111
457.11,0.02111,2.111
457.12,0.02111,2.111
457.13,0.02111,2.111
457.14,0.02111,2.111
457.15,0.02111,2.111
457.15,0.02111,2.111
457.16,0.02111,2.111
457.17,0.02111,2.111
457.18,0.02111,2.111
457.19,0.02111,2.111
457.20,0.02111,2.111
457.21,0.02111,2.111
457.22,0.02111,2.111
457.23,0.02111,2.111
457.24,0.02111,2.111
457.24,0.02111,2.111
457.25,0.02111,2.111
457.26,0.02111,2.111
457.27,0.02111,2.111
457.28,0.02111,2.111
457.29,0.02111,2.111
457.30,0.02111,2.111
457.31,0.02111,2.111
457.32,0.02111,2.111
457.33,0.02111,2.111
457.33,0.02111,2.111
457.34,0.02111,2.111
457.35,0.02111,2.111
457.36,0.02111,2.111
457.37,0.02111,2.111
457.38,0.02111,2.111
457.39,0.02111,2.111
457.40,0.02111,2.111
457.41,0.02111,2.111
457.42,0.02111,2.111
457.42,0.02111,2.111
457.43,0.02111,2.111
457.44,0.02111,2.111
457.45,0.02111,2.111
457.46,0.02111,2.111
457.47,0.02111,2.111
457.48,0.02111,2.111
457.49,0.02111,2.111
457.50,0.02111,2.111
457.51,0.02111,2.111
457.51,0.02111,2.111
457.52,0.02111,2.111
457.53,0.02111,2.111
457.54,0.02111,2.111
457.55,0.02111,2.111
457.56,0.02111,2.111
457.57,0.02111,2.111
457.58,0.02111,2.111
457.59,0.02111,2.111
457.59,0.02111,2.111
457.60,0.02111,2.111
457.61,0.02111,2.111
457.62,0.02111,2.111
457.63,0.02111,2.111
457.64,0.02111,2.111
457.65,0.02111,2.111
457.66,0.02111,2.111
457.67,0.02111,2.111
457.68,0.02111,2.111
457.68,0.02111,2.111
457.69,0.02111,2.111
457.70,0.02111,2.111
457.71,0.02111,2.111
457.72,0.02111,2.111
457.73,0.02111,2.111
457.74,0.02111,2.111
457.75,0.02111,2.111
457.76,0.02111,2.111
457.77,0.02111,2.111
457.77,0.02111,2.111
457.78,0.02111,2.111
457.79,0.02111,2.111
457.80,0.02111,2.111
457.81,0.02111,2.111
457.82,0.02111,2.111
457.83,0.02111,2.111
457.84,0.02111,2.111
457.85,0.02111,2.111
457.86,0.02111,2.111
457.86,0.02111,2.111
457.87,0.02111,2.111
457.88,0.02111,2.111
457.89,0.02111,2.111
457.90,0.02111,2.111
457.91,0.02111,2.111
457.92,0.02111,2.111
457.93,0.02111,2.111
457.94,0.02111,2.111
457.95,0.02111,2.111
457.95,0.02111,2.111
457.96,0.02111,2.111
457.97,0.02111,2.111
457.98,0.02111,2.111
457.99,0.02111,2.111
458.00,0.02111,2.111
458.01,0.02111,2.111
458.02,0.02111,2.111
458.03,0.02111,2.111
458.04,0.02111,2.111
458.04,0.02111,2.111
458.05,0.02111,2.111
458.06,0.02111,2.111
458.07,0.02111,2.111
458.08,0.02111,2.111
458.09,0.02111,2.111
458.10,0.02111,2.111
458.11,0.02111,2.111
458.12,0.02111,2.111
458.13,0.02111,2.111
458.13,0.02111,2.111
458.14,0.02111,2.111
458.15,0.02111,2.111
458.16,0.02111,2.111
458.17,0.02111,2.111
458.18,0.02111,2.111
458.19,0.02111,2.111
458.20,0.02111,2.111
458.21,0.02111,2.111
458.22,0.02111,2.111
458.22,0.02111,2.111
458.23,0.02111,2.111
458.24,0.02111,2.111
458.25,0.02111,2.111
458.26,0.02111,2.111
458.27,0.02111,2.111
458.28,0.02111,2.111
458.29,0.02111,2.111
458.30,0.02111,2.111
458.31,0.02111,2.111
458.31,0.02111,2.111
458.32,0.02111,2.111
458.33,0.02111,2.111
458.34,0.02111,2.111
458.35,0.02111,2.111
458.36,0.02111,2.111
458.37,0.02111,2.111
458.38,0.02111,2.111
458.39,0.02111,2.111
458.40,0.02111,2.111
458.40,0.02111,2.111
458.41,0.02111,2.111
458.42,0.02111,2.111
458.43,0.02111,2.111
458.44,0.02111,2.111
458.45,0.02111,2.111
458.46,0.02111,2.111
458.47,0.02111,2.111
458.48,0.02111,2.111
458.49,0.02111,2.111
458.49,0.02111,2.111
458.50,0.02111,2.111
458.51,0.02111,2.111
458.52,0.02111,2.111
458.53,0.02111,2.111
458.54,0.02111,2.111
458.55,0.02111,2.111
458.56,0.02111,2.111
458.57,0.02111,2.111
458.58,0.02111,2.111
458.58,0.02111,2.111
458.59,0.02111,2.111
458.60,0.02111,2.111
458.61,0.02111,2.111
458.62,0.02111,2.111
458.63,0.02111,2.111
458.64,0.02111,2.111
458.65,0.02111,2.111
458.66,0.02111,2.111
458.67,0.02111,2.111
458.67,0.02111,2.111
458.68,0.02111,2.111
458.69,0.02111,2.111
458.70,0.02111,2.111
458.71,0.02111,2.111
458.72,0.02111,2.111
458.73,0.02111,2.111
458.74,0.02111,2.111
458.75,0.02111,2.111
458.76,0.02111,2.111
458.76,0.02111,2.111
458.77,0.02111,2.111
458.78,0.02111,2.111
458.79,0.02111,2.111
458.80,0.02111,2.111
458.81,0.02111,2.111
458.82,0.02111,2.111
458.83,0.02111,2.111
458.84,0.02111,2.111
458.85,0.02111,2.111
458.85,0.02111,2.111
458.86,0.02111,2.111
458.87,0.02111,2.111
458.88,0.02111,2.111
458.89,0.02111,2.111
458.90,0.02111,2.111
458.91,0.02111,2.111
458.92,0.02111,2.111
458.93,0.02111,2.111
458.94,0.02111,2.111
458.94,0.02111,2.111
458.95,0.02111,2.111
458.96,0.02111,2.111
458.97,0.02111,2.111
458.98,0.02111,2.111
458.99,0.02111,2.111
459.00,0.02111,2.111
459.01,0.02111,2.111
459.02,0.02111,2.111
459.03,0.02111,2.111
459.03,0.02111,2.111
459.04,0.02111,2.111
459.05,0.02111,2.111
459.06,0.02111,2.111
459.07,0.02111,2.111
459.08,0.02111,2.111
459.09,0.02111,2.111
459.10,0.02111,2.111
459.11,0.02111,2.111
459.12,0.02111,2.111
459.12,0.02111,2.111
459.13,0.02111,2.111
459.14,0.02111,2.111
459.15,0.02111,2.111
459.16,0.02111,2.111
459.17,0.02111,2.111
459.18,0.02111,2.111
459.19,0.02111,2.111
459.20,0.02111,2.111
459.21,0.02111,2.111
459.21,0.02111,2.111
459.22,0.02111,2.111
459.23,0.02111,2.111
459.24,0.02111,2.111
459.25,0.02111,2.111
459.26,0.02111,2.111
459.27,0.02111,2.111
459.28,0.02111,2.111
459.29,0.02111,2.111
459.30,0.02111,2.111
459.30,0.02111,2.111
459.31,0.02111,2.111
459.32,0.02111,2.111
459.33,0.02111,2.111
459.34,0.02111,2.111
459.35,0.02111,2.111
459.36,0.02111,2.111
459.37,0.02111,2.111
459.38,0.02111,2.111
459.39,0.02111,2.111
459.39,0.02111,2.111
459.40,0.02111,2.111
459.41,0.02111,2.111
459.42,0.02111,2.111
459.43,0.02111,2.111
459.44,0.02111,2.111
459.45,0.02111,2.111
459.46,0.02111,2.111
459.47,0.02111,2.111
459.48,0.02111,2.111
459.48,0.02111,2.111
459.49,0.02111,2.111
459.50,0.02111,2.111
459.51,0.02111,2.111
459.52,0.02111,2.111
459.53,0.02111,2.111
459.54,0.02111,2.111
459.55,0.02111,2.111
459.56,0.02111,2.111
459.57,0.02111,2.111
459.57,0.02111,2.111
459.58,0.02111,2.111
459.59,0.02111,2.111
459.60,0.02111,2.111
459.61,0.02111,2.111
459.62,0.02111,2.111
459.63,0.02111,2.111
459.64,0.02111,2.111
459.65,0.02111,2.111
459.66,0.02111,2.111
459.66,0.02111,2.111
459.67,0.02111,2.111
459.68,0.02111,2.111
459.69,0.02111,2.111
459.70,0.02111,2.111
459.71,0.02111,2.111
459.72,0.02111,2.111
459.73,0.02111,2.111
459.74,0.02111,2.111
459.75,0.02111,2.111
459.75,0.02111,2.111
459.76,0.02111,2.111
459.77,0.02111,2.111
459.78,0.02111,2.111
459.79,0.02111,2.111
459.80,0.02111,2.111
459.81,0.02111,2.111
459.82,0.02111,2.111
459.83,0.02111,2.111
459.84,0.02111,2.111
459.84,0.02111,2.111
459.85,0.02111,2.111
459.86,0.02111,2.111
459.87,0.02111,2.111
459.88,0.02111,2.111
459.89,0.02111,2.111
459.90,0.02111,2.111
459.91,0.02111,2.111
459.92,0.02111,2.111
459.93,0.02111,2.111
459.93,0.02111,2.111
459.94,0.02111,2.111
459.95,0.02111,2.111
459.96,0.02111,2.111
459.97,0.02111,2.111
459.98,0.02111,2.111
459.99,0.02111,2.111
460.00,0.02111,2.111
460.01,0.02111,2.111
460.02,0.02111,2.111
460.02,0.02111,2.111
460.03,0.02111,2.111
460.04,0.02111,2.111
460.05,0.02111,2.111
460.06,0.02111,2.111
460.07,0.02111,2.111
460.08,0.02111,2.111
460.09,0.02111,2.111
460.10,0.02111,2.111
460.11,0.02111,2.111
460.11,0.02111,2.111
460.12,0.02111,2.111
460.13,0.02111,2.111
460.14,0.02111,2.111
460.15,0.02111,2.111
460.16,0.02111,2.111
460.17,0.02111,2.111
460.18,0.02111,2.111
460.19,0.02111,2.111
460.19,0.02111,2.111
460.20,0.02111,2.111
460.21,0.02111,2.111
460.22,0.02111,2.111
460.23,0.02111,2.111
460.24,0.02111,2.111
460.25,0.02111,2.111
460.26,0.02111,2.111
460.27,0.02111,2.111
460.28,0.02111,2.111
460.28,0.02111,2.111
460.29,0.02111,2.111
460.30,0.02111,2.111
460.31,0.02111,2.111
460.32,0.02111,2.111
460.33,0.02111,2.111
460.34,0.02111,2.111
460.35,0.02111,2.111
460.36,0.02111,2.111
460.37,0.02111,2.111
460.37,0.02111,2.111
460.38,0.02111,2.111
460.39,0.02111,2.111
460.40,0.02111,2.111
460.41,0.02111,2.111
460.42,0.02111,2.111
460.43,0.02111,2.111
460.44,0.02111,2.111
460.45,0.02111,2.111
460.46,0.02111,2.111
460.46,0.02111,2.111
460.47,0.02111,2.111
460.48,0.02111,2.111
460.49,0.02111,2.111
460.50,0.02111,2.111
460.51,0.02111,2.111
460.52,0.02111,2.111
460.53,0.02111,2.111
460.54,0.02111,2.111
460.55,0.02111,2.111
460.55,0.02111,2.111
460.56,0.02111,2.111
460.57,0.02111,2.111
460.58,0.02111,2.111
460.59,0.02111,2.111
460.60,0.02111,2.111
460.61,0.02111,2.111
460.62,0.02111,2.111
460.63,0.02111,2.111
460.64,0.02111,2.111
460.64,0.02111,2.111
460.65,0.02111,2.111
460.66,0.02111,2.111
460.67,0.02111,2.111
460.68,0.02111,2.111
460.69,0.02111,2.111
460.70,0.02111,2.111
460.71,0.02111,2.111
460.72,0.02111,2.111
460.73,0.02111,2.111
460.73,0.02111,2.111
460.74,0.02111,2.111
460.75,0.02111,2.111
460.76,0.02111,2.111
460.77,0.02111,2.111
460.78,0.02111,2.111
460.79,0.02111,2.111
460.80,0.02111,2.111
460.81,0.02111,2.111
460.82,0.02111,2.111
460.82,0.02111,2.111
460.83,0.02111,2.111
460.84,0.02111,2.111
460.85,0.02111,2.111
460.86,0.02111,2.111
460.87,0.02111,2.111
460.88,0.02111,2.111
460.89,0.02111,2.111
460.90,0.02111,2.111
460.91,0.02111,2.111
460.91,0.02111,2.111
460.92,0.02111,2.111
460.93,0.02111,2.111
460.94,0.02111,2.111
460.95,0.02111,2.111
460.96,0.02111,2.111
460.97,0.02111,2.111
460.98,0.02111,2.111
460.99,0.02111,2.111
461.00,0.02111,2.111
461.00,0.02111,2.111
461.01,0.02111,2.111
461.02,0.02111,2.111
461.03,0.02111,2.111
461.04,0.02111,2.111
461.05,0.02111,2.111
461.06,0.02111,2.111
461.07,0.02111,2.111
461.08,0.02111,2.111
461.09,0.02111,2.111
461.09,0.02111,2.111
461.10,0.02111,2.111
461.11,0.02111,2.111
461.12,0.02111,2.111
461.13,0.02111,2.111
461.14,0.02111,2.111
461.15,0.02111,2.111
461.16,0.02111,2.111
461.17,0.02111,2.111
461.18,0.02111,2.111
461.18,0.02111,2.111
461.19,0.02111,2.111
461.20,0.02111,2.111
461.21,0.02111,2.111
461.22,0.02111,2.111
461.23,0.02111,2.111
461.24,0.02111,2.111
461.25,0.02111,2.111
461.26,0.02111,2.111
461.27,0.02111,2.111
461.27,0.02111,2.111
461.28,0.02111,2.111
461.29,0.02111,2.111
461.30,0.02111,2.111
461.31,0.02111,2.111
461.32,0.02111,2.111
461.33,0.02111,2.111
461.34,0.02111,2.111
461.35,0.02111,2.111
461.36,0.02111,2.111
461.36,0.02111,2.111
461.37,0.02111,2.111
461.38,0.02111,2.111
461.39,0.02111,2.111
461.40,0.02111,2.111
461.41,0.02111,2.111
461.42,0.02111,2.111
461.43,0.02111,2.111
461.44,0.02111,2.111
461.45,0.02111,2.111
461.45,0.02111,2.111
461.46,0.02111,2.111
461.47,0.02111,2.111
461.48,0.02111,2.111
461.49,0.02111,2.111
461.50,0.02111,2.111
461.51,0.02111,2.111
461.52,0.02111,2.111
461.53,0.02111,2.111
461.54,0.02111,2.111
461.54,0.02111,2.111
461.55,0.02111,2.111
461.56,0.02111,2.111
461.57,0.02111,2.111
461.58,0.02111,2.111
461.59,0.02111,2.111
461.60,0.02111,2.111
461.61,0.02111,2.111
461.62,0.02111,2.111
461.63,0.02111,2.111
461.63,0.02111,2.111
461.64,0.02111,2.111
461.65,0.02111,2.111
461.66,0.02111,2.111
461.67,0.02111,2.111
461.68,0.02111,2.111
461.69,0.02111,2.111
461.70,0.02111,2.111
461.71,0.02111,2.111
461.72,0.02111,2.111
461.72,0.02111,2.111
461.73,0.02111,2.111
461.74,0.02111,2.111
461.75,0.02111,2.111
461.76,0.02111,2.111
461.77,0.02111,2.111
461.78,0.02111,2.111
461.79,0.02111,2.111
461.80,0.02111,2.111
461.81,0.02111,2.111
461.81,0.02111,2.111
461.82,0.02111,2.111
461.83,0.02111,2.111
461.84,0.02111,2.111
461.85,0.02111,2.111
461.86,0.02111,2.111
461.87,0.02111,2.111
461.88,0.02111,2.111
461.89,0.02111,2.111
461.90,0.02111,2.111
461.90,0.02111,2.111
461.91,0.02111,2.111
461.92,0.02111,2.111
461.93,0.02111,2.111
461.94,0.02111,2.111
461.95,0.02111,2.111
461.96,0.02111,2.111
461.97,0.02111,2.111
461.98,0.02111,2.111
461.99,0.02111,2.111
461.99,0.02111,2.111
462.00,0.02111,2.111
462.01,0.02111,2.111
462.02,0.02111,2.111
462.03,0.02111,2.111
462.04,0.02111,2.111
462.05,0.02111,2.111
462.06,0.02111,2.111
462.07,0.02111,2.111
462.08,0.02111,2.111
462.08,0.02111,2.111
462.09,0.02111,2.111
462.10,0.02111,2.111
462.11,0.02111,2.111
462.12,0.02112,2.112
462.13,0.02112,2.112
462.14,0.02112,2.112
462.15,0.02112,2.112
462.16,0.02112,2.112
462.17,0.02112,2.112
462.17,0.02112,2.112
462.18,0.02112,2.112
462.19,0.02112,2.112
462.20,0.02112,2.112
462.21,0.02112,2.112
462.22,0.02112,2.112
462.23,0.02112,2.112
462.24,0.02112,2.112
462.25,0.02112,2.112
462.26,0.02112,2.112
462.26,0.02112,2.112
462.27,0.02112,2.112
462.28,0.02112,2.112
462.29,0.02112,2.112
462.30,0.02112,2.112
462.31,0.02112,2.112
462.32,0.02112,2.112
462.33,0.02112,2.112
462.34,0.02112,2.112
462.35,0.02112,2.112
462.35,0.02112,2.112
462.36,0.02112,2.112
462.37,0.02112,2.112
462.38,0.02112,2.112
462.39,0.02112,2.112
462.40,0.02112,2.112
462.41,0.02112,2.112
462.42,0.02112,2.112
462.43,0.02112,2.112
462.44,0.02112,2.112
462.44,0.02112,2.112
462.45,0.02112,2.112
462.46,0.02112,2.112
462.47,0.02112,2.112
462.48,0.02112,2.112
462.49,0.02112,2.112
462.50,0.02112,2.112
462.51,0.02112,2.112
462.52,0.02112,2.112
462.53,0.02112,2.112
462.53,0.02112,2.112
462.54,0.02112,2.112
462.55,0.02112,2.112
462.56,0.02112,2.112
462.57,0.02112,2.112
462.58,0.02112,2.112
462.59,0.02112,2.112
462.60,0.02112,2.112
462.61,0.02112,2.112
462.62,0.02112,2.112
462.62,0.02112,2.112
462.63,0.02112,2.112
462.64,0.02112,2.112
462.65,0.02112,2.112
462.66,0.02112,2.112
462.67,0.02112,2.112
462.68,0.02112,2.112
462.69,0.02112,2.112
462.70,0.02112,2.112
462.71,0.02112,2.112
462.71,0.02112,2.112
462.72,0.02112,2.112
462.73,0.02112,2.112
462.74,0.02112,2.112
462.75,0.02112,2.112
462.76,0.02112,2.112
462.77,0.02112,2.112
462.78,0.02112,2.112
462.79,0.02112,2.112
462.80,0.02112,2.112
462.80,0.02112,2.112
462.81,0.02112,2.112
462.82,0.02112,2.112
462.83,0.02112,2.112
462.84,0.02112,2.112
462.85,0.02112,2.112
462.86,0.02112,2.112
462.87,0.02112,2.112
462.88,0.02112,2.112
462.89,0.02112,2.112
462.89,0.02112,2.112
462.90,0.02112,2.112
462.91,0.02112,2.112
462.92,0.02112,2.112
462.93,0.02112,2.112
462.94,0.02112,2.112
462.95,0.02112,2.112
462.96,0.02112,2.112
462.97,0.02112,2.112
462.98,0.02112,2.112
462.98,0.02112,2.112
462.99,0.02112,2.112
463.00,0.02112,2.112
463.01,0.02112,2.112
463.02,0.02112,2.112
463.03,0.02112,2.112
463.04,0.02112,2.112
463.05,0.02112,2.112
463.06,0.02112,2.112
463.07,0.02112,2.112
463.07,0.02112,2.112
463.08,0.02112,2.112
463.09,0.02112,2.112
463.10,0.02112,2.112
463.11,0.02112,2.112
463.12,0.02112,2.112
463.13,0.02112,2.112
463.14,0.02112,2.112
463.15,0.02112,2.112
463.16,0.02112,2.112
463.16,0.02112,2.112
463.17,0.02112,2.112
463.18,0.02112,2.112
463.19,0.02112,2.112
463.20,0.02112,2.112
463.21,0.02112,2.112
463.22,0.02112,2.112
463.23,0.02112,2.112
463.24,0.02112,2.112
463.25,0.02112,2.112
463.25,0.02112,2.112
463.26,0.02112,2.112
463.27,0.02112,2.112
463.28,0.02112,2.112
463.29,0.02112,2.112
463.30,0.02112,2.112
463.31,0.02112,2.112
463.32,0.02112,2.112
463.33,0.02112,2.112
463.34,0.02112,2.112
463.34,0.02112,2.112
463.35,0.02112,2.112
463.36,0.02112,2.112
463.37,0.02112,2.112
463.38,0.02112,2.112
463.39,0.02112,2.112
463.40,0.02112,2.112
463.41,0.02112,2.112
463.42,0.02112,2.112
463.43,0.02112,2.112
463.43,0.02112,2.112
463.44,0.02112,2.112
463.45,0.02112,2.112
463.46,0.02112,2.112
463.47,0.02112,2.112
463.48,0.02112,2.112
463.49,0.02112,2.112
463.50,0.02112,2.112
463.51,0.02112,2.112
463.52,0.02112,2.112
463.52,0.02112,2.112
463.53,0.02112,2.112
463.54,0.02112,2.112
463.55,0.02112,2.112
463.56,0.02112,2.112
463.57,0.02112,2.112
463.58,0.02112,2.112
463.59,0.02112,2.112
463.60,0.02112,2.112
463.61,0.02112,2.112
463.61,0.02112,2.112
463.62,0.02112,2.112
463.63,0.02112,2.112
463.64,0.02112,2.112
463.65,0.02112,2.112
463.66,0.02112,2.112
463.67,0.02112,2.112
463.68,0.02112,2.112
463.69,0.02112,2.112
463.70,0.02112,2.112
463.70,0.02112,2.112
463.71,0.02112,2.112
463.72,0.02112,2.112
463.73,0.02112,2.112
463.74,0.02112,2.112
463.75,0.02112,2.112
463.76,0.02112,2.112
463.77,0.02112,2.112
463.78,0.02112,2.112
463.79,0.02112,2.112
463.79,0.02112,2.112
463.80,0.02112,2.112
463.81,0.02112,2.112
463.82,0.02112,2.112
463.83,0.02112,2.112
463.84,0.02112,2.112
463.85,0.02112,2.112
463.86,0.02112,2.112
463.87,0.02112,2.112
463.88,0.02112,2.112
463.88,0.02112,2.112
463.89,0.02112,2.112
463.90,0.02112,2.112
463.91,0.02112,2.112
463.92,0.02112,2.112
463.93,0.02112,2.112
463.94,0.02112,2.112
463.95,0.02112,2.112
463.96,0.02112,2.112
463.96,0.02112,2.112
463.97,0.02112,2.112
463.98,0.02112,2.112
463.99,0.02112,2.112
464.00,0.02112,2.112
464.01,0.02112,2.112
464.02,0.02112,2.112
464.03,0.02112,2.112
464.04,0.02112,2.112
464.05,0.02112,2.112
464.05,0.02112,2.112
464.06,0.02112,2.112
464.07,0.02112,2.112
464.08,0.02112,2.112
464.09,0.02112,2.112
464.10,0.02112,2.112
464.11,0.02112,2.112
464.12,0.02112,2.112
464.13,0.02112,2.112
464.14,0.02112,2.112
464.14,0.02112,2.112
464.15,0.02112,2.112
464.16,0.02112,2.112
464.17,0.02112,2.112
464.18,0.02112,2.112
464.19,0.02112,2.112
464.20,0.02112,2.112
464.21,0.02112,2.112
464.22,0.02112,2.112
464.23,0.02112,2.112
464.23,0.02112,2.112
464.24,0.02112,2.112
464.25,0.02112,2.112
464.26,0.02112,2.112
464.27,0.02112,2.112
464.28,0.02112,2.112
464.29,0.02112,2.112
464.30,0.02112,2.112
464.31,0.02112,2.112
464.32,0.02112,2.112
464.32,0.02112,2.112
464.33,0.02112,2.112
464.34,0.02112,2.112
464.35,0.02112,2.112
464.36,0.02112,2.112
464.37,0.02112,2.112
464.38,0.02112,2.112
464.39,0.02112,2.112
464.40,0.02112,2.112
464.41,0.02112,2.112
464.41,0.02112,2.112
464.42,0.02112,2.112
464.43,0.02112,2.112
464.44,0.02112,2.112
464.45,0.02112,2.112
464.46,0.02112,2.112
464.47,0.02112,2.112
464.48,0.02112,2.112
464.49,0.02112,2.112
464.50,0.02112,2.112
464.50,0.02112,2.112
464.51,0.02112,2.112
464.52,0.02112,2.112
464.53,0.02112,2.112
464.54,0.02112,2.112
464.55,0.02112,2.112
464.56,0.02112,2.112
464.57,0.02112,2.112
464.58,0.02112,2.112
464.59,0.02112,2.112
464.59,0.02112,2.112
464.60,0.02112,2.112
464.61,0.02112,2.112
464.62,0.02112,2.112
464.63,0.02112,2.112
464.64,0.02112,2.112
464.65,0.02112,2.112
464.66,0.02112,2.112
464.67,0.02112,2.112
464.68,0.02112,2.112
464.68,0.02112,2.112
464.69,0.02112,2.112
464.70,0.02112,2.112
464.71,0.02112,2.112
464.72,0.02112,2.112
464.73,0.02112,2.112
464.74,0.02112,2.112
464.75,0.02112,2.112
464.76,0.02112,2.112
464.77,0.02112,2.112
464.77,0.02112,2.112
464.78,0.02112,2.112
464.79,0.02112,2.112
464.80,0.02112,2.112
464.81,0.02112,2.112
464.82,0.02112,2.112
464.83,0.02112,2.112
464.84,0.02112,2.112
464.85,0.02112,2.112
464.86,0.02112,2.112
464.86,0.02112,2.112
464.87,0.02112,2.112
464.88,0.02112,2.112
464.89,0.02112,2.112
464.90,0.02112,2.112
464.91,0.02112,2.112
464.92,0.02112,2.112
464.93,0.02112,2.112
464.94,0.02112,2.112
464.95,0.02112,2.112
464.95,0.02112,2.112
464.96,0.02112,2.112
464.97,0.02112,2.112
464.98,0.02112,2.112
464.99,0.02112,2.112
465.00,0.02112,2.112
465.01,0.02112,2.112
465.02,0.02112,2.112
465.03,0.02112,2.112
465.04,0.02112,2.112
465.04,0.02112,2.112
465.05,0.02112,2.112
465.06,0.02112,2.112
465.07,0.02112,2.112
465.08,0.02112,2.112
465.09,0.02112,2.112
465.10,0.02112,2.112
465.11,0.02112,2.112
465.12,0.02112,2.112
465.13,0.02112,2.112
465.13,0.02112,2.112
465.14,0.02112,2.112
465.15,0.02112,2.112
465.16,0.02112,2.112
465.17,0.02112,2.112
465.18,0.02112,2.112
465.19,0.02112,2.112
465.20,0.02112,2.112
465.21,0.02112,2.112
465.22,0.02112,2.112
465.22,0.02112,2.112
465.23,0.02112,2.112
465.24,0.02112,2.112
465.25,0.02112,2.112
465.26,0.02112,2.112
465.27,0.02112,2.112
465.28,0.02112,2.112
465.29,0.02112,2.112
465.30,0.02112,2.112
465.31,0.02112,2.112
465.31,0.02112,2.112
465.32,0.02112,2.112
465.33,0.02112,2.112
465.34,0.02112,2.112
465.35,0.02112,2.112
465.36,0.02112,2.112
465.37,0.02112,2.112
465.38,0.02112,2.112
465.39,0.02112,2.112
465.40,0.02112,2.112
465.40,0.02112,2.112
465.41,0.02112,2.112
465.42,0.02112,2.112
465.43,0.02112,2.112
465.44,0.02112,2.112
465.45,0.02112,2.112
465.46,0.02112,2.112
465.47,0.02112,2.112
465.48,0.02112,2.112
465.49,0.02112,2.112
465.49,0.02112,2.112
465.50,0.02112,2.112
465.51,0.02112,2.112
465.52,0.02112,2.112
465.53,0.02112,2.112
465.54,0.02112,2.112
465.55,0.02112,2.112
465.56,0.02112,2.112
465.57,0.02112,2.112
465.58,0.02112,2.112
465.58,0.02112,2.112
465.59,0.02112,2.112
465.60,0.02112,2.112
465.61,0.02112,2.112
465.62,0.02112,2.112
465.63,0.02112,2.112
465.64,0.02112,2.112
465.65,0.02112,2.112
465.66,0.02112,2.112
465.67,0.02112,2.112
465.67,0.02112,2.112
465.68,0.02112,2.112
465.69,0.02112,2.112
465.70,0.02112,2.112
465.71,0.02112,2.112
465.72,0.02112,2.112
465.73,0.02112,2.112
465.74,0.02112,2.112
465.75,0.02112,2.112
465.76,0.02112,2.112
465.76,0.02112,2.112
465.77,0.02112,2.112
465.78,0.02112,2.112
465.79,0.02112,2.112
465.80,0.02112,2.112
465.81,0.02112,2.112
465.82,0.02112,2.112
465.83,0.02112,2.112
465.84,0.02112,2.112
465.85,0.02112,2.112
465.85,0.02112,2.112
465.86,0.02112,2.112
465.87,0.02112,2.112
465.88,0.02112,2.112
465.89,0.02112,2.112
465.90,0.02112,2.112
465.91,0.02112,2.112
465.92,0.02112,2.112
465.93,0.02112,2.112
465.94,0.02112,2.112
465.94,0.02112,2.112
465.95,0.02112,2.112
465.96,0.02112,2.112
465.97,0.02112,2.112
465.98,0.02112,2.112
465.99,0.02112,2.112
466.00,0.02112,2.112
466.01,0.02112,2.112
466.02,0.02112,2.112
466.03,0.02112,2.112
466.03,0.02112,2.112
466.04,0.02112,2.112
466.05,0.02112,2.112
466.06,0.02112,2.112
466.07,0.02112,2.112
466.08,0.02112,2.112
466.09,0.02112,2.112
466.10,0.02112,2.112
466.11,0.02112,2.112
466.12,0.02112,2.112
466.12,0.02112,2.112
466.13,0.02112,2.112
466.14,0.02112,2.112
466.15,0.02112,2.112
466.16,0.02112,2.112
466.17,0.02112,2.112
466.18,0.02112,2.112
466.19,0.02112,2.112
466.20,0.02112,2.112
466.21,0.02112,2.112
466.21,0.02112,2.112
466.22,0.02112,2.112
466.23,0.02112,2.112
466.24,0.02112,2.112
466.25,0.02112,2.112
466.26,0.02112,2.112
466.27,0.02112,2.112
466.28,0.02112,2.112
466.29,0.02112,2.112
466.30,0.02112,2.112
466.30,0.02112,2.112
466.31,0.02112,2.112
466.32,0.02112,2.112
466.33,0.02112,2.112
466.34,0.02112,2.112
466.35,0.02112,2.112
466.36,0.02112,2.112
466.37,0.02112,2.112
466.38,0.02112,2.112
466.39,0.02112,2.112
466.39,0.02112,2.112
466.40,0.02112,2.112
466.41,0.02112,2.112
466.42,0.02112,2.112
466.43,0.02112,2.112
466.44,0.02112,2.112
466.45,0.02112,2.112
466.46,0.02112,2.112
466.47,0.02112,2.112
466.48,0.02112,2.112
466.48,0.02112,2.112
466.49,0.02112,2.112
466.50,0.02112,2.112
466.51,0.02112,2.112
466.52,0.02112,2.112
466.53,0.02112,2.112
466.54,0.02112,2.112
466.55,0.02112,2.112
466.56,0.02112,2.112
466.57,0.02112,2.112
466.57,0.02112,2.112
466.58,0.02112,2.112
466.59,0.02112,2.112
466.60,0.02112,2.112
466.61,0.02112,2.112
466.62,0.02112,2.112
466.63,0.02112,2.112
466.64,0.02112,2.112
466.65,0.02112,2.112
466.66,0.02112,2.112
466.66,0.02112,2.112
466.67,0.02112,2.112
466.68,0.02112,2.112
466.69,0.02112,2.112
466.70,0.02112,2.112
466.71,0.02112,2.112
466.72,0.02112,2.112
466.73,0.02112,2.112
466.74,0.02112,2.112
466.75,0.02112,2.112
466.75,0.02112,2.112
466.76,0.02112,2.112
466.77,0.02112,2.112
466.78,0.02112,2.112
466.79,0.02112,2.112
466.80,0.02112,2.112
466.81,0.02112,2.112
466.82,0.02112,2.112
466.83,0.02112,2.112
466.84,0.02112,2.112
466.84,0.02112,2.112
466.85,0.02112,2.112
466.86,0.02112,2.112
466.87,0.02112,2.112
466.88,0.02112,2.112
466.89,0.02112,2.112
466.90,0.02112,2.112
466.91,0.02112,2.112
466.92,0.02112,2.112
466.93,0.02112,2.112
466.93,0.02112,2.112
466.94,0.02112,2.112
466.95,0.02112,2.112
466.96,0.02112,2.112
466.97,0.02112,2.112
466.98,0.02112,2.112
466.99,0.02112,2.112
467.00,0.02112,2.112
467.01,0.02112,2.112
467.02,0.02112,2.112
467.02,0.02112,2.112
467.03,0.02112,2.112
467.04,0.02112,2.112
467.05,0.02112,2.112
467.06,0.02112,2.112
467.07,0.02112,2.112
467.08,0.02112,2.112
467.09,0.02112,2.112
467.10,0.02112,2.112
467.11,0.02112,2.112
467.11,0.02112,2.112
467.12,0.02112,2.112
467.13,0.02112,2.112
467.14,0.02112,2.112
467.15,0.02112,2.112
467.16,0.02112,2.112
467.17,0.02112,2.112
467.18,0.02112,2.112
467.19,0.02112,2.112
467.20,0.02112,2.112
467.20,0.02112,2.112
467.21,0.02112,2.112
467.22,0.02112,2.112
467.23,0.02112,2.112
467.24,0.02112,2.112
467.25,0.02112,2.112
467.26,0.02112,2.112
467.27,0.02112,2.112
467.28,0.02112,2.112
467.29,0.02112,2.112
467.29,0.02112,2.112
467.30,0.02112,2.112
467.31,0.02112,2.112
467.32,0.02112,2.112
467.33,0.02112,2.112
467.34,0.02112,2.112
467.35,0.02112,2.112
467.36,0.02112,2.112
467.37,0.02112,2.112
467.38,0.02112,2.112
467.38,0.02112,2.112
467.39,0.02112,2.112
467.40,0.02112,2.112
467.41,0.02112,2.112
467.42,0.02112,2.112
467.43,0.02112,2.112
467.44,0.02112,2.112
467.45,0.02112,2.112
467.46,0.02112,2.112
467.47,0.02112,2.112
467.47,0.02112,2.112
467.48,0.02112,2.112
467.49,0.02112,2.112
467.50,0.02112,2.112
467.51,0.02112,2.112
467.52,0.02112,2.112
467.53,0.02112,2.112
467.54,0.02112,2.112
467.55,0.02112,2.112
467.56,0.02112,2.112
467.56,0.02112,2.112
467.57,0.02112,2.112
467.58,0.02112,2.112
467.59,0.02112,2.112
467.60,0.02112,2.112
467.61,0.02112,2.112
467.62,0.02112,2.112
467.63,0.02112,2.112
467.64,0.02112,2.112
467.65,0.02112,2.112
467.65,0.02112,2.112
467.66,0.02112,2.112
467.67,0.02112,2.112
467.68,0.02112,2.112
467.69,0.02112,2.112
467.70,0.02112,2.112
467.71,0.02112,2.112
467.72,0.02112,2.112
467.73,0.02112,2.112
467.74,0.02112,2.112
467.74,0.02112,2.112
467.75,0.02112,2.112
467.76,0.02112,2.112
467.77,0.02112,2.112
467.78,0.02112,2.112
467.79,0.02112,2.112
467.80,0.02112,2.112
467.81,0.02112,2.112
467.82,0.02112,2.112
467.83,0.02112,2.112
467.83,0.02112,2.112
467.84,0.02112,2.112
467.85,0.02112,2.112
467.86,0.02112,2.112
467.87,0.02112,2.112
467.88,0.02112,2.112
467.89,0.02112,2.112
467.90,0.02112,2.112
467.91,0.02112,2.112
467.92,0.02112,2.112
467.92,0.02112,2.112
467.93,0.02112,2.112
467.94,0.02112,2.112
467.95,0.02112,2.112
467.96,0.02112,2.112
467.97,0.02112,2.112
467.98,0.02112,2.112
467.99,0.02112,2.112
468.00,0.02112,2.112
468.01,0.02112,2.112
468.01,0.02112,2.112
468.02,0.02112,2.112
468.03,0.02112,2.112
468.04,0.02112,2.112
468.05,0.02112,2.112
468.06,0.02112,2.112
468.07,0.02112,2.112
468.08,0.02112,2.112
468.09,0.02112,2.112
468.10,0.02112,2.112
468.10,0.02112,2.112
468.11,0.02112,2.112
468.12,0.02112,2.112
468.13,0.02112,2.112
468.14,0.02112,2.112
468.15,0.02112,2.112
468.16,0.02112,2.112
468.17,0.02112,2.112
468.18,0.02112,2.112
468.19,0.02112,2.112
468.19,0.02112,2.112
468.20,0.02112,2.112
468.21,0.02112,2.112
468.22,0.02112,2.112
468.23,0.02112,2.112
468.24,0.02112,2.112
468.25,0.02112,2.112
468.26,0.02112,2.112
468.27,0.02112,2.112
468.28,0.02112,2.112
468.28,0.02112,2.112
468.29,0.02112,2.112
468.30,0.02112,2.112
468.31,0.02112,2.112
468.32,0.02112,2.112
468.33,0.02112,2.112
468.34,0.02112,2.112
468.35,0.02112,2.112
468.36,0.02112,2.112
468.37,0.02112,2.112
468.37,0.02112,2.112
468.38,0.02112,2.112
468.39,0.02112,2.112
468.40,0.02112,2.112
468.41,0.02112,2.112
468.42,0.02112,2.112
468.43,0.02112,2.112
468.44,0.02112,2.112
468.45,0.02112,2.112
468.46,0.02112,2.112
468.46,0.02112,2.112
468.47,0.02112,2.112
468.48,0.02112,2.112
468.49,0.02112,2.112
468.50,0.02112,2.112
468.51,0.02112,2.112
468.52,0.02112,2.112
468.53,0.02112,2.112
468.54,0.02112,2.112
468.55,0.02112,2.112
468.55,0.02112,2.112
468.56,0.02112,2.112
468.57,0.02112,2.112
468.58,0.02112,2.112
468.59,0.02112,2.112
468.60,0.02112,2.112
468.61,0.02112,2.112
468.62,0.02112,2.112
468.63,0.02112,2.112
468.64,0.02112,2.112
468.64,0.02112,2.112
468.65,0.02112,2.112
468.66,0.02112,2.112
468.67,0.02112,2.112
468.68,0.02112,2.112
468.69,0.02112,2.112
468.70,0.02112,2.112
468.71,0.02112,2.112
468.72,0.02112,2.112
468.73,0.02112,2.112
468.73,0.02112,2.112
468.74,0.02112,2.112
468.75,0.02112,2.112
468.76,0.02112,2.112
468.77,0.02112,2.112
468.78,0.02112,2.112
468.79,0.02112,2.112
468.80,0.02112,2.112
468.81,0.02112,2.112
468.82,0.02112,2.112
468.82,0.02112,2.112
468.83,0.02112,2.112
468.84,0.02112,2.112
468.85,0.02112,2.112
468.86,0.02112,2.112
468.87,0.02112,2.112
468.88,0.02112,2.112
468.89,0.02112,2.112
468.90,0.02112,2.112
468.91,0.02112,2.112
468.91,0.02112,2.112
468.92,0.02112,2.112
468.93,0.02112,2.112
468.94,0.02112,2.112
468.95,0.02112,2.112
468.96,0.02112,2.112
468.97,0.02112,2.112
468.98,0.02112,2.112
468.99,0.02112,2.112
469.00,0.02112,2.112
469.00,0.02112,2.112
469.01,0.02112,2.112
469.02,0.02112,2.112
469.03,0.02112,2.112
469.04,0.02112,2.112
469.05,0.02112,2.112
469.06,0.02112,2.112
469.07,0.02112,2.112
469.08,0.02112,2.112
469.09,0.02112,2.112
469.09,0.02112,2.112
469.10,0.02112,2.112
469.11,0.02112,2.112
469.12,0.02112,2.112
469.13,0.02112,2.112
469.14,0.02112,2.112
469.15,0.02112,2.112
469.16,0.02112,2.112
469.17,0.02112,2.112
469.18,0.02112,2.112
469.18,0.02112,2.112
469.19,0.02112,2.112
469.20,0.02112,2.112
469.21,0.02112,2.112
469.22,0.02112,2.112
469.23,0.02112,2.112
469.24,0.02112,2.112
469.25,0.02112,2.112
469.26,0.02112,2.112
469.27,0.02112,2.112
469.27,0.02112,2.112
469.28,0.02112,2.112
469.29,0.02112,2.112
469.30,0.02112,2.112
469.31,0.02112,2.112
469.32,0.02112,2.112
469.33,0.02112,2.112
469.34,0.02112,2.112
469.35,0.02112,2.112
469.36,0.02112,2.112
469.36,0.02112,2.112
469.37,0.02112,2.112
469.38,0.02112,2.112
469.39,0.02112,2.112
469.40,0.02112,2.112
469.41,0.02112,2.112
469.42,0.02112,2.112
469.43,0.02112,2.112
469.44,0.02112,2.112
469.45,0.02112,2.112
469.45,0.02112,2.112
469.46,0.02112,2.112
469.47,0.02112,2.112
469.48,0.02112,2.112
469.49,0.02112,2.112
469.50,0.02112,2.112
469.51,0.02112,2.112
469.52,0.02112,2.112
469.53,0.02112,2.112
469.54,0.02112,2.112
469.54,0.02112,2.112
469.55,0.02112,2.112
469.56,0.02112,2.112
469.57,0.02112,2.112
469.58,0.02112,2.112
469.59,0.02112,2.112
469.60,0.02112,2.112
469.61,0.02112,2.112
469.62,0.02112,2.112
469.63,0.02112,2.112
469.63,0.02112,2.112
469.64,0.02112,2.112
469.65,0.02112,2.112
469.66,0.02112,2.112
469.67,0.02112,2.112
469.68,0.02112,2.112
469.69,0.02112,2.112
469.70,0.02112,2.112
469.71,0.02112,2.112
469.72,0.02112,2.112
469.72,0.02112,2.112
469.73,0.02112,2.112
469.74,0.02112,2.112
469.75,0.02112,2.112
469.76,0.02113,2.113
469.77,0.02113,2.113
469.78,0.02113,2.113
469.79,0.02113,2.113
469.80,0.02113,2.113
469.81,0.02113,2.113
469.81,0.02113,2.113
469.82,0.02113,2.113
469.83,0.02113,2.113
469.84,0.02113,2.113
469.85,0.02113,2.113
469.86,0.02113,2.113
469.87,0.02113,2.113
469.88,0.02113,2.113
469.89,0.02113,2.113
469.90,0.02113,2.113
469.90,0.02113,2.113
469.91,0.02113,2.113
469.92,0.02113,2.113
469.93,0.02113,2.113
469.94,0.02113,2.113
469.95,0.02113,2.113
469.96,0.02113,2.113
469.97,0.02113,2.113
469.98,0.02113,2.113
469.99,0.02113,2.113
469.99,0.02113,2.113
470.00,0.02113,2.113
470.01,0.02113,2.113
470.02,0.02113,2.113
470.03,0.02113,2.113
470.04,0.02113,2.113
470.05,0.02113,2.113
470.06,0.02113,2.113
470.07,0.02113,2.113
470.08,0.02113,2.113
470.08,0.02113,2.113
470.09,0.02113,2.113
470.10,0.02113,2.113
470.11,0.02113,2.113
470.12,0.02113,2.113
470.13,0.02113,2.113
470.14,0.02113,2.113
470.15,0.02113,2.113
470.16,0.02113,2.113
470.17,0.02113,2.113
470.17,0.02113,2.113
470.18,0.02113,2.113
470.19,0.02113,2.113
470.20,0.02113,2.113
470.21,0.02113,2.113
470.22,0.02113,2.113
470.23,0.02113,2.113
470.24,0.02113,2.113
470.25,0.02113,2.113
470.26,0.02113,2.113
470.26,0.02113,2.113
470.27,0.02113,2.113
470.28,0.02113,2.113
470.29,0.02113,2.113
470.30,0.02113,2.113
470.31,0.02113,2.113
470.32,0.02113,2.113
470.33,0.02113,2.113
470.34,0.02113,2.113
470.35,0.02113,2.113
470.35,0.02113,2.113
470.36,0.02113,2.113
470.37,0.02113,2.113
470.38,0.02113,2.113
470.39,0.02113,2.113
470.40,0.02113,2.113
470.41,0.02113,2.113
470.42,0.02113,2.113
470.43,0.02113,2.113
470.44,0.02113,2.113
470.44,0.02113,2.113
470.45,0.02113,2.113
470.46,0.02113,2.113
470.47,0.02113,2.113
470.48,0.02113,2.113
470.49,0.02113,2.113
470.50,0.02113,2.113
470.51,0.02113,2.113
470.52,0.02113,2.113
470.53,0.02113,2.113
470.53,0.02113,2.113
470.54,0.02113,2.113
470.55,0.02113,2.113
470.56,0.02113,2.113
470.57,0.02113,2.113
470.58,0.02113,2.113
470.59,0.02113,2.113
470.60,0.02113,2.113
470.61,0.02113,2.113
470.62,0.02113,2.113
470.62,0.02113,2.113
470.63,0.02113,2.113
470.64,0.02113,2.113
470.65,0.02113,2.113
470.66,0.02113,2.113
470.67,0.02113,2.113
470.68,0.02113,2.113
470.69,0.02113,2.113
470.70,0.02113,2.113
470.71,0.02113,2.113
470.71,0.02113,2.113
470.72,0.02113,2.113
470.73,0.02113,2.113
470.74,0.02113,2.113
470.75,0.02113,2.113
470.76,0.02113,2.113
470.77,0.02113,2.113
470.78,0.02113,2.113
470.79,0.02113,2.113
470.80,0.02113,2.113
470.80,0.02113,2.113
470.81,0.02113,2.113
470.82,0.02113,2.113
470.83,0.02113,2.113
470.84,0.02113,2.113
470.85,0.02113,2.113
470.86,0.02113,2.113
470.87,0.02113,2.113
470.88,0.02113,2.113
470.89,0.02113,2.113
470.89,0.02113,2.113
470.90,0.02113,2.113
470.91,0.02113,2.113
470.92,0.02113,2.113
470.93,0.02113,2.113
470.94,0.02113,2.113
470.95,0.02113,2.113
470.96,0.02113,2.113
470.97,0.02113,2.113
470.98,0.02113,2.113
470.98,0.02113,2.113
470.99,0.02113,2.113
471.00,0.02113,2.113
471.01,0.02113,2.113
471.02,0.02113,2.113
471.03,0.02113,2.113
471.04,0.02113,2.113
471.05,0.02113,2.113
471.06,0.02113,2.113
471.07,0.02113,2.113
471.07,0.02113,2.113
471.08,0.02113,2.113
471.09,0.02113,2.113
471.10,0.02113,2.113
471.11,0.02113,2.113
471.12,0.02113,2.113
471.13,0.02113,2.113
471.14,0.02113,2.113
471.15,0.02113,2.113
471.16,0.02113,2.113
471.16,0.02113,2.113
471.17,0.02113,2.113
471.18,0.02113,2.113
471.19,0.02113,2.113
471.20,0.02113,2.113
471.21,0.02113,2.113
471.22,0.02113,2.113
471.23,0.02113,2.113
471.24,0.02113,2.113
471.25,0.02113,2.113
471.25,0.02113,2.113
471.26,0.02113,2.113
471.27,0.02113,2.113
471.28,0.02113,2.113
471.29,0.02113,2.113
471.30,0.02113,2.113
471.31,0.02113,2.113
471.32,0.02113,2.113
471.33,0.02113,2.113
471.34,0.02113,2.113
471.34,0.02113,2.113
471.35,0.02113,2.113
471.36,0.02113,2.113
471.37,0.02113,2.113
471.38,0.02113,2.113
471.39,0.02113,2.113
471.40,0.02113,2.113
471.41,0.02113,2.113
471.42,0.02113,2.113
471.43,0.02113,2.113
471.43,0.02113,2.113
471.44,0.02113,2.113
471.45,0.02113,2.113
471.46,0.02113,2.113
471.47,0.02113,2.113
471.48,0.02113,2.113
471.49,0.02113,2.113
471.50,0.02113,2.113
471.51,0.02113,2.113
471.52,0.02113,2.113
471.52,0.02113,2.113
471.53,0.02113,2.113
471.54,0.02113,2.113
471.55,0.02113,2.113
471.56,0.02113,2.113
471.57,0.02113,2.113
471.58,0.02113,2.113
471.59,0.02113,2.113
471.60,0.02113,2.113
471.61,0.02113,2.113
471.61,0.02113,2.113
471.62,0.02113,2.113
471.63,0.02113,2.113
471.64,0.02113,2.113
471.65,0.02113,2.113
471.66,0.02113,2.113
471.67,0.02113,2.113
471.68,0.02113,2.113
471.69,0.02113,2.113
471.70,0.02113,2.113
471.70,0.02113,2.113
471.71,0.02113,2.113
471.72,0.02113,2.113
471.73,0.02113,2.113
471.74,0.02113,2.113
471.75,0.02113,2.113
471.76,0.02113,2.113
471.77,0.02113,2.113
471.78,0.02113,2.113
471.79,0.02113,2.113
471.79,0.02113,2.113
471.80,0.02113,2.113
471.81,0.02113,2.113
471.82,0.02113,2.113
471.83,0.02113,2.113
471.84,0.02113,2.113
471.85,0.02113,2.113
471.86,0.02113,2.113
471.87,0.02113,2.113
471.88,0.02113,2.113
471.88,0.02113,2.113
471.89,0.02113,2.113
471.90,0.02113,2.113
471.91,0.02113,2.113
471.92,0.02113,2.113
471.93,0.02113,2.113
471.94,0.02113,2.113
471.95,0.02113,2.113
471.96,0.02113,2.113
471.97,0.02113,2.113
471.97,0.02113,2.113
471.98,0.02113,2.113
471.99,0.02113,2.113
472.00,0.02113,2.113
472.01,0.02113,2.113
472.02,0.02113,2.113
472.03,0.02113,2.113
472.04,0.02113,2.113
472.05,0.02113,2.113
472.06,0.02113,2.113
472.06,0.02113,2.113
472.07,0.02113,2.113
472.08,0.02113,2.113
472.09,0.02113,2.113
472.10,0.02113,2.113
472.11,0.02113,2.113
472.12,0.02113,2.113
472.13,0.02113,2.113
472.14,0.02113,2.113
472.15,0.02113,2.113
472.15,0.02113,2.113
472.16,0.02113,2.113
472.17,0.02113,2.113
472.18,0.02113,2.113
472.19,0.02113,2.113
472.20,0.02113,2.113
472.21,0.02113,2.113
472.22,0.02113,2.113
472.23,0.02113,2.113
472.24,0.02113,2.113
472.24,0.02113,2.113
472.25,0.02113,2.113
472.26,0.02113,2.113
472.27,0.02113,2.113
472.28,0.02113,2.113
472.29,0.02113,2.113
472.30,0.02113,2.113
472.31,0.02113,2.113
472.32,0.02113,2.113
472.33,0.02113,2.113
472.33,0.02113,2.113
472.34,0.02113,2.113
472.35,0.02113,2.113
472.36,0.02113,2.113
472.37,0.02113,2.113
472.38,0.02113,2.113
472.39,0.02113,2.113
472.40,0.02113,2.113
472.41,0.02113,2.113
472.42,0.02113,2.113
472.42,0.02113,2.113
472.43,0.02113,2.113
472.44,0.02113,2.113
472.45,0.02113,2.113
472.46,0.02113,2.113
472.47,0.02113,2.113
472.48,0.02113,2.113
472.49,0.02113,2.113
472.50,0.02113,2.113
472.51,0.02113,2.113
472.51,0.02113,2.113
472.52,0.02113,2.113
472.53,0.02113,2.113
472.54,0.02113,2.113
472.55,0.02113,2.113
472.56,0.02113,2.113
472.57,0.02113,2.113
472.58,0.02113,2.113
472.59,0.02113,2.113
472.60,0.02113,2.113
472.60,0.02113,2.113
472.61,0.02113,2.113
472.62,0.02113,2.113
472.63,0.02113,2.113
472.64,0.02113,2.113
472.65,0.02113,2.113
472.66,0.02113,2.113
472.67,0.02113,2.113
472.68,0.02113,2.113
472.69,0.02113,2.113
472.69,0.02113,2.113
472.70,0.02113,2.113
472.71,0.02113,2.113
472.72,0.02113,2.113
472.73,0.02113,2.113
472.74,0.02113,2.113
472.75,0.02113,2.113
472.76,0.02113,2.113
472.77,0.02113,2.113
472.78,0.02113,2.113
472.78,0.02113,2.113
472.79,0.02113,2.113
472.80,0.02113,2.113
472.81,0.02113,2.113
472.82,0.02113,2.113
472.83,0.02113,2.113
472.84,0.02113,2.113
472.85,0.02113,2.113
472.86,0.02113,2.113
472.87,0.02113,2.113
472.87,0.02113,2.113
472.88,0.02113,2.113
472.89,0.02113,2.113
472.90,0.02113,2.113
472.91,0.02113,2.113
472.92,0.02113,2.113
472.93,0.02113,2.113
472.94,0.02113,2.113
472.95,0.02113,2.113
472.96,0.02113,2.113
472.96,0.02113,2.113
472.97,0.02113,2.113
472.98,0.02113,2.113
472.99,0.02113,2.113
473.00,0.02113,2.113
473.01,0.02113,2.113
473.02,0.02113,2.113
473.03,0.02113,2.113
473.04,0.02113,2.113
473.05,0.02113,2.113
473.05,0.02113,2.113
473.06,0.02113,2.113
473.07,0.02113,2.113
473.08,0.02113,2.113
473.09,0.02113,2.113
473.10,0.02113,2.113
473.11,0.02113,2.113
473.12,0.02113,2.113
473.13,0.02113,2.113
473.14,0.02113,2.113
473.14,0.02113,2.113
473.15,0.02113,2.113
473.16,0.02113,2.113
473.17,0.02113,2.113
473.18,0.02113,2.113
473.19,0.02113,2.113
473.20,0.02113,2.113
473.21,0.02113,2.113
473.22,0.02113,2.113
473.23,0.02113,2.113
473.23,0.02113,2.113
473.24,0.02113,2.113
473.25,0.02113,2.113
473.26,0.02113,2.113
473.27,0.02113,2.113
473.28,0.02113,2.113
473.29,0.02113,2.113
473.30,0.02113,2.113
473.31,0.02113,2.113
473.32,0.02113,2.113
473.32,0.02113,2.113
473.33,0.02113,2.113
473.34,0.02113,2.113
473.35,0.02113,2.113
473.36,0.02113,2.113
473.37,0.02113,2.113
473.38,0.02113,2.113
473.39,0.02113,2.113
473.40,0.02113,2.113
473.41,0.02113,2.113
473.41,0.02113,2.113
473.42,0.02113,2.113
473.43,0.02113,2.113
473.44,0.02113,2.113
473.45,0.02113,2.113
473.46,0.02113,2.113
473.47,0.02113,2.113
473.48,0.02113,2.113
473.49,0.02113,2.113
473.50,0.02113,2.113
473.50,0.02113,2.113
473.51,0.02113,2.113
473.52,0.02113,2.113
473.53,0.02113,2.113
473.54,0.02113,2.113
473.55,0.02113,2.113
473.56,0.02113,2.113
473.57,0.02113,2.113
473.58,0.02113,2.113
473.59,0.02113,2.113
473.59,0.02113,2.113
473.60,0.02113,2.113
473.61,0.02113,2.113
473.62,0.02113,2.113
473.63,0.02113,2.113
473.64,0.02113,2.113
473.65,0.02113,2.113
473.66,0.02113,2.113
473.67,0.02113,2.113
473.68,0.02113,2.113
473.68,0.02113,2.113
473.69,0.02113,2.113
473.70,0.02113,2.113
473.71,0.02113,2.113
473.72,0.02113,2.113
473.73,0.02113,2.113
473.74,0.02113,2.113
473.75,0.02113,2.113
473.76,0.02113,2.113
473.77,0.02113,2.113
473.77,0.02113,2.113
473.78,0.02113,2.113
473.79,0.02113,2.113
473.80,0.02113,2.113
473.81,0.02113,2.113
473.82,0.02113,2.113
473.83,0.02113,2.113
473.84,0.02113,2.113
473.85,0.02113,2.113
473.86,0.02113,2.113
473.86,0.02113,2.113
473.87,0.02113,2.113
473.88,0.02113,2.113
473.89,0.02113,2.113
473.90,0.02113,2.113
473.91,0.02113,2.113
473.92,0.02113,2.113
473.93,0.02113,2.113
473.94,0.02113,2.113
473.95,0.02113,2.113
473.95,0.02113,2.113
473.96,0.02113,2.113
473.97,0.02113,2.113
473.98,0.02113,2.113
473.99,0.02113,2.113
474.00,0.02113,2.113
474.01,0.02113,2.113
474.02,0.02113,2.113
474.03,0.02113,2.113
474.04,0.02113,2.113
474.04,0.02113,2.113
474.05,0.02113,2.113
474.06,0.02113,2.113
474.07,0.02113,2.113
474.08,0.02113,2.113
474.09,0.02113,2.113
474.10,0.02113,2.113
474.11,0.02113,2.113
474.12,0.02113,2.113
474.13,0.02113,2.113
474.13,0.02113,2.113
474.14,0.02113,2.113
474.15,0.02113,2.113
474.16,0.02113,2.113
474.17,0.02113,2.113
474.18,0.02113,2.113
474.19,0.02113,2.113
474.20,0.02113,2.113
474.21,0.02113,2.113
474.22,0.02113,2.113
474.22,0.02113,2.113
474.23,0.02113,2.113
474.24,0.02113,2.113
474.25,0.02113,2.113
474.26,0.02113,2.113
474.27,0.02113,2.113
474.28,0.02113,2.113
474.29,0.02113,2.113
474.30,0.02113,2.113
474.31,0.02113,2.113
474.31,0.02113,2.113
474.32,0.02113,2.113
474.33,0.02113,2.113
474.34,0.02113,2.113
474.35,0.02113,2.113
474.36,0.02113,2.113
474.37,0.02113,2.113
474.38,0.02113,2.113
474.39,0.02113,2.113
474.40,0.02113,2.113
474.40,0.02113,2.113
474.41,0.02113,2.113
474.42,0.02113,2.113
474.43,0.02113,2.113
474.44,0.02113,2.113
474.45,0.02113,2.113
474.46,0.02113,2.113
474.47,0.02113,2.113
474.48,0.02113,2.113
474.49,0.02113,2.113
474.49,0.02113,2.113
474.50,0.02113,2.113
474.51,0.02113,2.113
474.52,0.02113,2.113
474.53,0.02113,2.113
474.54,0.02113,2.113
474.55,0.02113,2.113
474.56,0.02113,2.113
474.57,0.02113,2.113
474.58,0.02113,2.113
474.58,0.02113,2.113
474.59,0.02113,2.113
474.60,0.02113,2.113
474.61,0.02113,2.113
474.62,0.02113,2.113
474.63,0.02113,2.113
474.64,0.02113,2.113
474.65,0.02113,2.113
474.66,0.02113,2.113
474.67,0.02113,2.113
474.67,0.02113,2.113
474.68,0.02113,2.113
474.69,0.02113,2.113
474.70,0.02113,2.113
474.71,0.02113,2.113
474.72,0.02113,2.113
474.73,0.02113,2.113
474.74,0.02113,2.113
474.75,0.02113,2.113
474.76,0.02113,2.113
474.76,0.02113,2.113
474.77,0.02113,2.113
474.78,0.02113,2.113
474.79,0.02113,2.113
474.80,0.02113,2.113
474.81,0.02113,2.113
474.82,0.02113,2.113
474.83,0.02113,2.113
474.84,0.02113,2.113
474.85,0.02113,2.113
474.85,0.02113,2.113
474.86,0.02113,2.113
474.87,0.02113,2.113
474.88,0.02113,2.113
474.89,0.02113,2.113
474.90,0.02113,2.113
474.91,0.02113,2.113
474.92,0.02113,2.113
474.93,0.02113,2.113
474.94,0.02113,2.113
474.94,0.02113,2.113
474.95,0.02113,2.113
474.96,0.02113,2.113
474.97,0.02113,2.113
474.98,0.02113,2.113
474.99,0.02113,2.113
475.00,0.02113,2.113
475.01,0.02113,2.113
475.02,0.02113,2.113
475.03,0.02113,2.113
475.03,0.02113,2.113
475.04,0.02113,2.113
475.05,0.02113,2.113
475.06,0.02113,2.113
475.07,0.02113,2.113
475.08,0.02113,2.113
475.09,0.02113,2.113
475.10,0.02113,2.113
475.11,0.02113,2.113
475.12,0.02113,2.113
475.12,0.02113,2.113
475.13,0.02113,2.113
475.14,0.02113,2.113
475.15,0.02113,2.113
475.16,0.02113,2.113
475.17,0.02113,2.113
475.18,0.02113,2.113
475.19,0.02113,2.113
475.20,0.02113,2.113
475.21,0.02113,2.113
475.21,0.02113,2.113
475.22,0.02113,2.113
475.23,0.02113,2.113
475.24,0.02113,2.113
475.25,0.02113,2.113
475.26,0.02113,2.113
475.27,0.02113,2.113
475.28,0.02113,2.113
475.29,0.02113,2.113
475.30,0.02113,2.113
475.30,0.02113,2.113
475.31,0.02113,2.113
475.32,0.02113,2.113
475.33,0.02113,2.113
475.34,0.02113,2.113
475.35,0.02113,2.113
475.36,0.02113,2.113
475.37,0.02113,2.113
475.38,0.02113,2.113
475.39,0.02113,2.113
475.39,0.02113,2.113
475.40,0.02113,2.113
475.41,0.02113,2.113
475.42,0.02113,2.113
475.43,0.02113,2.113
475.44,0.02113,2.113
475.45,0.02113,2.113
475.46,0.02113,2.113
475.47,0.02113,2.113
475.48,0.02113,2.113
475.48,0.02113,2.113
475.49,0.02113,2.113
475.50,0.02113,2.113
475.51,0.02113,2.113
475.52,0.02113,2.113
475.53,0.02113,2.113
475.54,0.02113,2.113
475.55,0.02113,2.113
475.56,0.02113,2.113
475.57,0.02113,2.113
475.57,0.02113,2.113
475.58,0.02113,2.113
475.59,0.02113,2.113
475.60,0.02113,2.113
475.61,0.02113,2.113
475.62,0.02113,2.113
475.63,0.02113,2.113
475.64,0.02113,2.113
475.65,0.02113,2.113
475.66,0.02113,2.113
475.66,0.02113,2.113
475.67,0.02113,2.113
475.68,0.02113,2.113
475.69,0.02113,2.113
475.70,0.02113,2.113
475.71,0.02113,2.113
475.72,0.02113,2.113
475.73,0.02113,2.113
475.74,0.02113,2.113
475.75,0.02113,2.113
475.75,0.02113,2.113
475.76,0.02113,2.113
475.77,0.02113,2.113
475.78,0.02113,2.113
475.79,0.02113,2.113
475.80,0.02113,2.113
475.81,0.02113,2.113
475.82,0.02113,2.113
475.83,0.02113,2.113
475.84,0.02113,2.113
475.84,0.02113,2.113
475.85,0.02113,2.113
475.86,0.02113,2.113
475.87,0.02113,2.113
475.88,0.02113,2.113
475.89,0.02113,2.113
475.90,0.02113,2.113
475.91,0.02113,2.113
475.92,0.02113,2.113
475.93,0.02113,2.113
475.93,0.02113,2.113
475.94,0.02113,2.113
475.95,0.02113,2.113
475.96,0.02113,2.113
475.97,0.02113,2.113
475.98,0.02113,2.113
475.99,0.02113,2.113
476.00,0.02113,2.113
476.01,0.02113,2.113
476.02,0.02113,2.113
476.02,0.02113,2.113
476.03,0.02113,2.113
476.04,0.02113,2.113
476.05,0.02113,2.113
476.06,0.02113,2.113
476.07,0.02113,2.113
476.08,0.02113,2.113
476.09,0.02113,2.113
476.10,0.02113,2.113
476.11,0.02113,2.113
476.11,0.02113,2.113
476.12,0.02113,2.113
476.13,0.02113,2.113
476.14,0.02113,2.113
476.15,0.02113,2.113
476.16,0.02113,2.113
476.17,0.02113,2.113
476.18,0.02113,2.113
476.19,0.02113,2.113
476.20,0.02113,2.113
476.20,0.02113,2.113
476.21,0.02113,2.113
476.22,0.02113,2.113
476.23,0.02113,2.113
476.24,0.02113,2.113
476.25,0.02113,2.113
476.26,0.02113,2.113
476.27,0.02113,2.113
476.28,0.02113,2.113
476.29,0.02113,2.113
476.29,0.02113,2.113
476.30,0.02113,2.113
476.31,0.02113,2.113
476.32,0.02113,2.113
476.33,0.02113,2.113
476.34,0.02113,2.113
476.35,0.02113,2.113
476.36,0.02113,2.113
476.37,0.02113,2.113
476.38,0.02113,2.113
476.38,0.02113,2.113
476.39,0.02113,2.113
476.40,0.02113,2.113
476.41,0.02113,2.113
476.42,0.02113,2.113
476.43,0.02113,2.113
476.44,0.02113,2.113
476.45,0.02113,2.113
476.46,0.02113,2.113
476.47,0.02113,2.113
476.47,0.02113,2.113
476.48,0.02113,2.113
476.49,0.02113,2.113
476.50,0.02113,2.113
476.51,0.02113,2.113
476.52,0.02113,2.113
476.53,0.02113,2.113
476.54,0.02113,2.113
476.55,0.02113,2.113
476.56,0.02113,2.113
476.56,0.02113,2.113
476.57,0.02113,2.113
476.58,0.02113,2.113
476.59,0.02113,2.113
476.60,0.02113,2.113
476.61,0.02113,2.113
476.62,0.02113,2.113
476.63,0.02113,2.113
476.64,0.02113,2.113
476.65,0.02113,2.113
476.65,0.02113,2.113
476.66,0.02113,2.113
476.67,0.02113,2.113
476.68,0.02113,2.113
476.69,0.02113,2.113
476.70,0.02113,2.113
476.71,0.02113,2.113
476.72,0.02113,2.113
476.73,0.02113,2.113
476.74,0.02113,2.113
476.74,0.02113,2.113
476.75,0.02113,2.113
476.76,0.02113,2.113
476.77,0.02113,2.113
476.78,0.02113,2.113
476.79,0.02113,2.113
476.80,0.02113,2.113
476.81,0.02113,2.113
476.82,0.02113,2.113
476.83,0.02113,2.113
476.83,0.02113,2.113
476.84,0.02113,2.113
476.85,0.02113,2.113
476.86,0.02113,2.113
476.87,0.02113,2.113
476.88,0.02113,2.113
476.89,0.02113,2.113
476.90,0.02113,2.113
476.91,0.02113,2.113
476.92,0.02113,2.113
476.92,0.02113,2.113
476.93,0.02113,2.113
476.94,0.02113,2.113
476.95,0.02113,2.113
476.96,0.02113,2.113
476.97,0.02113,2.113
476.98,0.02113,2.113
476.99,0.02113,2.113
477.00,0.02113,2.113
477.01,0.02113,2.113
477.01,0.02113,2.113
477.02,0.02113,2.113
477.03,0.02113,2.113
477.04,0.02113,2.113
477.05,0.02113,2.113
477.06,0.02113,2.113
477.07,0.02113,2.113
477.08,0.02113,2.113
477.09,0.02113,2.113
477.10,0.02113,2.113
477.10,0.02113,2.113
477.11,0.02113,2.113
477.12,0.02113,2.113
477.13,0.02113,2.113
477.14,0.02113,2.113
477.15,0.02113,2.113
477.16,0.02113,2.113
477.17,0.02113,2.113
477.18,0.02113,2.113
477.19,0.02113,2.113
477.19,0.02113,2.113
477.20,0.02113,2.113
477.21,0.02113,2.113
477.22,0.02113,2.113
477.23,0.02113,2.113
477.24,0.02113,2.113
477.25,0.02113,2.113
477.26,0.02113,2.113
477.27,0.02113,2.113
477.28,0.02113,2.113
477.28,0.02113,2.113
477.29,0.02113,2.113
477.30,0.02113,2.113
477.31,0.02113,2.113
477.32,0.02113,2.113
477.33,0.02113,2.113
477.34,0.02113,2.113
477.35,0.02113,2.113
477.36,0.02113,2.113
477.37,0.02113,2.113
477.37,0.02113,2.113
477.38,0.02113,2.113
477.39,0.02113,2.113
477.40,0.02113,2.113
477.41,0.02113,2.113
477.42,0.02113,2.113
477.43,0.02113,2.113
477.44,0.02113,2.113
477.45,0.02113,2.113
477.46,0.02113,2.113
477.46,0.02113,2.113
477.47,0.02113,2.113
477.48,0.02113,2.113
477.49,0.02113,2.113
477.50,0.02113,2.113
477.51,0.02113,2.113
477.52,0.02113,2.113
477.53,0.02113,2.113
477.54,0.02113,2.113
477.55,0.02113,2.113
477.55,0.02113,2.113
477.56,0.02113,2.113
477.57,0.02113,2.113
477.58,0.02113,2.113
477.59,0.02113,2.113
477.60,0.02113,2.113
477.61,0.02113,2.113
477.62,0.02113,2.113
477.63,0.02113,2.113
477.64,0.02113,2.113
477.64,0.02113,2.113
477.65,0.02113,2.113
477.66,0.02113,2.113
477.67,0.02113,2.113
477.68,0.02113,2.113
477.69,0.02113,2.113
477.70,0.02113,2.113
477.71,0.02113,2.113
477.72,0.02113,2.113
477.73,0.02113,2.113
477.73,0.02113,2.113
477.74,0.02113,2.113
477.75,0.02113,2.113
477.76,0.02113,2.113
477.77,0.02113,2.113
477.78,0.02113,2.113
477.79,0.02113,2.113
477.80,0.02113,2.113
477.81,0.02113,2.113
477.82,0.02113,2.113
477.82,0.02113,2.113
477.83,0.02113,2.113
477.84,0.02113,2.113
477.85,0.02113,2.113
477.86,0.02113,2.113
477.87,0.02113,2.113
477.88,0.02113,2.113
477.89,0.02113,2.113
477.90,0.02113,2.113
477.91,0.02113,2.113
477.91,0.02113,2.113
477.92,0.02113,2.113
477.93,0.02113,2.113
477.94,0.02113,2.113
477.95,0.02113,2.113
477.96,0.02113,2.113
477.97,0.02113,2.113
477.98,0.02113,2.113
477.99,0.02113,2.113
478.00,0.02113,2.113
478.00,0.02113,2.113
478.01,0.02113,2.113
478.02,0.02113,2.113
478.03,0.02113,2.113
478.04,0.02113,2.113
478.05,0.02113,2.113
478.06,0.02113,2.113
478.07,0.02113,2.113
478.08,0.02113,2.113
478.09,0.02113,2.113
478.09,0.02113,2.113
478.10,0.02113,2.113
478.11,0.02113,2.113
478.12,0.02113,2.113
478.13,0.02113,2.113
478.14,0.02113,2.113
478.15,0.02113,2.113
478.16,0.02113,2.113
478.17,0.02113,2.113
478.18,0.02113,2.113
478.19,0.02113,2.113
478.19,0.02113,2.113
478.20,0.02113,2.113
478.21,0.02113,2.113
478.22,0.02113,2.113
478.23,0.02113,2.113
478.24,0.02113,2.113
478.25,0.02113,2.113
478.26,0.02113,2.113
478.27,0.02113,2.113
478.28,0.02113,2.113
478.28,0.02113,2.113
478.29,0.02113,2.113
478.30,0.02113,2.113
478.31,0.02113,2.113
478.32,0.02113,2.113
478.33,0.02113,2.113
478.34,0.02113,2.113
478.35,0.02113,2.113
478.36,0.02113,2.113
478.37,0.02113,2.113
478.37,0.02113,2.113
478.38,0.02113,2.113
478.39,0.02113,2.113
478.40,0.02113,2.113
478.41,0.02113,2.113
478.42,0.02113,2.113
478.43,0.02113,2.113
478.44,0.02113,2.113
478.45,0.02113,2.113
478.46,0.02113,2.113
478.46,0.02113,2.113
478.47,0.02113,2.113
478.48,0.02113,2.113
478.49,0.02113,2.113
478.50,0.02113,2.113
478.51,0.02113,2.113
478.52,0.02113,2.113
478.53,0.02113,2.113
478.54,0.02113,2.113
478.55,0.02113,2.113
478.55,0.02113,2.113
478.56,0.02113,2.113
478.57,0.02113,2.113
478.58,0.02113,2.113
478.59,0.02113,2.113
478.60,0.02113,2.113
478.61,0.02113,2.113
478.62,0.02113,2.113
478.63,0.02113,2.113
478.64,0.02113,2.113
478.64,0.02113,2.113
478.65,0.02113,2.113
478.66,0.02113,2.113
478.67,0.02113,2.113
478.68,0.02113,2.113
478.69,0.02113,2.113
478.70,0.02113,2.113
478.71,0.02113,2.113
478.72,0.02113,2.113
478.73,0.02113,2.113
478.73,0.02113,2.113
478.74,0.02113,2.113
478.75,0.02113,2.113
478.76,0.02113,2.113
478.77,0.02113,2.113
478.78,0.02113,2.113
478.79,0.02113,2.113
478.80,0.02113,2.113
478.81,0.02113,2.113
478.82,0.02113,2.113
478.82,0.02113,2.113
478.83,0.02113,2.113
478.84,0.02113,2.113
478.85,0.02113,2.113
478.86,0.02113,2.113
478.87,0.02113,2.113
478.88,0.02113,2.113
478.89,0.02113,2.113
478.90,0.02113,2.113
478.91,0.02113,2.113
478.91,0.02113,2.113
478.92,0.02113,2.113
478.93,0.02113,2.113
478.94,0.02113,2.113
478.95,0.02113,2.113
478.96,0.02113,2.113
478.97,0.02113,2.113
478.98,0.02113,2.113
478.99,0.02113,2.113
479.00,0.02113,2.113
479.00,0.02113,2.113
479.01,0.02113,2.113
479.02,0.02113,2.113
479.03,0.02113,2.113
479.04,0.02113,2.113
479.05,0.02113,2.113
479.06,0.02113,2.113
479.07,0.02113,2.113
479.08,0.02113,2.113
479.09,0.02113,2.113
479.09,0.02113,2.113
479.10,0.02113,2.113
479.11,0.02113,2.113
479.12,0.02113,2.113
479.13,0.02113,2.113
479.14,0.02113,2.113
479.15,0.02113,2.113
479.16,0.02113,2.113
479.17,0.02113,2.113
479.18,0.02113,2.113
479.18,0.02113,2.113
479.19,0.02113,2.113
479.20,0.02113,2.113
479.21,0.02113,2.113
479.22,0.02113,2.113
479.23,0.02113,2.113
479.24,0.02113,2.113
479.25,0.02113,2.113
479.26,0.02113,2.113
479.27,0.02113,2.113
479.27,0.02113,2.113
479.28,0.02113,2.113
479.29,0.02113,2.113
479.30,0.02113,2.113
479.31,0.02113,2.113
479.32,0.02113,2.113
479.33,0.02113,2.113
479.34,0.02113,2.113
479.35,0.02113,2.113
479.36,0.02113,2.113
479.36,0.02113,2.113
479.37,0.02113,2.113
479.38,0.02113,2.113
479.39,0.02113,2.113
479.40,0.02113,2.113
479.41,0.02113,2.113
479.42,0.02113,2.113
479.43,0.02113,2.113
479.44,0.02113,2.113
479.45,0.02113,2.113
479.45,0.02113,2.113
479.46,0.02113,2.113
479.47,0.02114,2.114
479.48,0.02114,2.114
479.49,0.02114,2.114
479.50,0.02114,2.114
479.51,0.02114,2.114
479.52,0.02114,2.114
479.53,0.02114,2.114
479.54,0.02114,2.114
479.54,0.02114,2.114
479.55,0.02114,2.114
479.56,0.02114,2.114
479.57,0.02114,2.114
479.58,0.02114,2.114
479.59,0.02114,2.114
479.60,0.02114,2.114
479.61,0.02114,2.114
479.62,0.02114,2.114
479.63,0.02114,2.114
479.63,0.02114,2.114
479.64,0.02114,2.114
479.65,0.02114,2.114
479.66,0.02114,2.114
479.67,0.02114,2.114
479.68,0.02114,2.114
479.69,0.02114,2.114
479.70,0.02114,2.114
479.71,0.02114,2.114
479.72,0.02114,2.114
479.72,0.02114,2.114
479.73,0.02114,2.114
479.74,0.02114,2.114
479.75,0.02114,2.114
479.76,0.02114,2.114
479.77,0.02114,2.114
479.78,0.02114,2.114
479.79,0.02114,2.114
479.80,0.02114,2.114
479.81,0.02114,2.114
479.81,0.02114,2.114
479.82,0.02114,2.114
479.83,0.02114,2.114
479.84,0.02114,2.114
479.85,0.02114,2.114
479.86,0.02114,2.114
479.87,0.02114,2.114
479.88,0.02114,2.114
479.89,0.02114,2.114
479.90,0.02114,2.114
479.90,0.02114,2.114
479.91,0.02114,2.114
479.92,0.02114,2.114
479.93,0.02114,2.114
479.94,0.02114,2.114
479.95,0.02114,2.114
479.96,0.02114,2.114
479.97,0.02114,2.114
479.98,0.02114,2.114
479.99,0.02114,2.114
479.99,0.02114,2.114
