{
"type": "FeatureCollection",
"name": "watershed",
"crs": { "type": "name", "properties": { "name": "urn:ogc:def:crs:OGC:1.3:CRS84" } },
"features": [
{ "type": "Feature", "properties": { }, "geometry": { "type": "Polygon", "coordinates": [ [ [ -81.430033731400826, 28.368950037118164 ], [ -81.430035088052549, 28.368942230711191 ], [ -81.4300439306366, 28.368943445697223 ], [ -81.430046643937686, 28.368927832882591 ], [ -81.430055486520388, 28.368929047867745 ], [ -81.430056843169766, 28.368921241460058 ], [ -81.430065685751927, 28.368922456444356 ], [ -81.430067042400253, 28.368914650036427 ], [ -81.430075884981875, 28.368915865019897 ], [ -81.430078598276182, 28.368900252203296 ], [ -81.430087440856454, 28.368901467185896 ], [ -81.430088797502435, 28.368893660777246 ], [ -81.430097640082181, 28.368894875759047 ], [ -81.430098996727097, 28.368887069350112 ], [ -81.430107839306302, 28.368888284331053 ], [ -81.43010919595018, 28.368880477921859 ], [ -81.430118038528846, 28.368881692901983 ], [ -81.430120751814243, 28.368866080082942 ], [ -81.430129594391545, 28.368867295062127 ], [ -81.430130951033092, 28.368859488652269 ], [ -81.430139793609854, 28.368860703630634 ], [ -81.43014250689059, 28.368845090810161 ], [ -81.430151349466016, 28.368846305787656 ], [ -81.430152706105204, 28.368838499377091 ], [ -81.430161548680076, 28.36883971435374 ], [ -81.430164261956122, 28.368824101531864 ], [ -81.430173104529658, 28.368825316507628 ], [ -81.430174461166501, 28.368817510096314 ], [ -81.430183303739497, 28.368818725071254 ], [ -81.430186017010826, 28.368803112247985 ], [ -81.430194859582485, 28.36880432722198 ], [ -81.430196216216999, 28.368796520810001 ], [ -81.430205058788104, 28.368797735783183 ], [ -81.430206415421551, 28.368789929370934 ], [ -81.430215257992131, 28.368791144343291 ], [ -81.430217971256667, 28.368775531518086 ], [ -81.430226813825911, 28.368776746489544 ], [ -81.430228170456999, 28.368768940076592 ], [ -81.430237013025689, 28.368770155047187 ], [ -81.43023836965574, 28.368762348633993 ], [ -81.43024721222389, 28.368763563603792 ], [ -81.430249925481647, 28.368747950776662 ], [ -81.430258768048461, 28.368749165745569 ], [ -81.430260124676167, 28.368741359331644 ], [ -81.430268967242412, 28.368742574299688 ], [ -81.430270323869081, 28.36873476788552 ], [ -81.430279166434801, 28.368735982852765 ], [ -81.430281879685765, 28.368720370023716 ], [ -81.430290722250149, 28.368721584990048 ], [ -81.430292078874459, 28.36871377857517 ], [ -81.430300921438288, 28.368714993540689 ], [ -81.430302278061561, 28.36870718712553 ], [ -81.43031112062485, 28.368708402090203 ], [ -81.430312477247057, 28.36870059567481 ], [ -81.430321319809821, 28.36870181063863 ], [ -81.430322676430976, 28.368694004222966 ], [ -81.430331518993185, 28.368695219186016 ], [ -81.430334232233164, 28.368679606353979 ], [ -81.430343074794038, 28.368680821316122 ], [ -81.430344431412863, 28.368673014899738 ], [ -81.430353273973182, 28.368674229861028 ], [ -81.430355987208472, 28.368658617027553 ], [ -81.430364829767456, 28.368659831987948 ], [ -81.430366186383935, 28.368652025570917 ], [ -81.430375028942365, 28.368653240530456 ], [ -81.430376385557793, 28.368645434113159 ], [ -81.430385228115682, 28.368646649071895 ], [ -81.430386584730073, 28.368638842654263 ], [ -81.430395427287422, 28.368640057612176 ], [ -81.430396783900747, 28.368632251194331 ], [ -81.430405626457571, 28.368633466151433 ], [ -81.430406983069844, 28.368625659733322 ], [ -81.430415825626113, 28.368626874689618 ], [ -81.430418538848329, 28.368611261852628 ], [ -81.430427381403263, 28.368612476807982 ], [ -81.430428738013191, 28.36860467038915 ], [ -81.43043758056757, 28.36860588534369 ], [ -81.430438937176447, 28.368598078924599 ], [ -81.430447779730287, 28.368599293878336 ], [ -81.430450492945724, 28.368583681039432 ], [ -81.430468178050972, 28.368586110944292 ], [ -81.430470891262203, 28.368570498104351 ], [ -81.430479733813627, 28.368571713055541 ], [ -81.43048109041807, 28.368563906635163 ], [ -81.430489932968953, 28.368565121585544 ], [ -81.430491289572331, 28.368557315164963 ], [ -81.43050013212266, 28.368558530114452 ], [ -81.430501488725, 28.368550723693634 ], [ -81.430510331274803, 28.368551938642327 ], [ -81.430511687876091, 28.368544132221224 ], [ -81.430520530425341, 28.368545347169093 ], [ -81.430523243625586, 28.368529734326124 ], [ -81.430532086173486, 28.36853094927308 ], [ -81.430533442772443, 28.368523142851252 ], [ -81.430542285319802, 28.368524357797408 ], [ -81.430543641917694, 28.36851655137534 ], [ -81.430552484464528, 28.368517766320654 ], [ -81.430553841061368, 28.368509959898304 ], [ -81.430562683607647, 28.368511174842816 ], [ -81.430565396799011, 28.368495561997374 ], [ -81.43057423934394, 28.368496776940972 ], [ -81.43057559593845, 28.368488970517927 ], [ -81.430584438482839, 28.368490185460654 ], [ -81.430585795076297, 28.368482379037342 ], [ -81.430594637620146, 28.368483593979292 ], [ -81.430595994212567, 28.368475787555717 ], [ -81.430604836755862, 28.368477002496842 ], [ -81.430606193347217, 28.368469196073004 ], [ -81.430615035889986, 28.368470411013302 ], [ -81.430617749070365, 28.368454798164905 ], [ -81.430626591611784, 28.368456013104279 ], [ -81.430627948200794, 28.368448206679744 ], [ -81.430636790741687, 28.368449421618308 ], [ -81.430639503917376, 28.368433808768494 ], [ -81.430648346456906, 28.368435023706166 ], [ -81.430649703043585, 28.368427217280892 ], [ -81.430658545582574, 28.368428432217719 ], [ -81.430659902168188, 28.368420625792236 ], [ -81.430668744706651, 28.368421840728246 ], [ -81.430670101291213, 28.368414034302436 ], [ -81.430678943829122, 28.368415249237636 ], [ -81.43068165699593, 28.368399636385377 ], [ -81.430690499532489, 28.36840085131967 ], [ -81.43069185611472, 28.368393044893175 ], [ -81.430700698650753, 28.368394259826633 ], [ -81.430703411812857, 28.368378646972943 ], [ -81.43071225434754, 28.368379861905488 ], [ -81.430713610927413, 28.3683720554783 ], [ -81.430722453461556, 28.368373270410014 ], [ -81.430723810040391, 28.36836546398256 ], [ -81.430732652573994, 28.368366678913489 ], [ -81.430735365729305, 28.36835106605788 ], [ -81.430744208261558, 28.368352280987875 ], [ -81.430745564838048, 28.368344474559731 ], [ -81.430754407369761, 28.368345689488873 ], [ -81.4307557639452, 28.368337883060462 ], [ -81.430764606476373, 28.368339097988805 ], [ -81.430767319624891, 28.368323485131285 ], [ -81.430776162154729, 28.3683247000587 ], [ -81.430777518727822, 28.368316893629576 ], [ -81.430786361257105, 28.368318108556153 ], [ -81.430787717829148, 28.368310302126801 ], [ -81.430796560357905, 28.368311517052568 ], [ -81.430799273499645, 28.368295904193094 ], [ -81.430808116027038, 28.368297119117962 ], [ -81.430809472596735, 28.368289312687899 ], [ -81.430818315123602, 28.36829052761194 ], [ -81.430821028260638, 28.368274914751051 ], [ -81.430829870786155, 28.368276129674189 ], [ -81.430831227353508, 28.368268323243417 ], [ -81.430840069878485, 28.368269538165713 ], [ -81.430842783010846, 28.368253925303492 ], [ -81.430860468058356, 28.368256355145547 ], [ -81.430863181186538, 28.368240742282207 ], [ -81.430872023709071, 28.368241957201963 ], [ -81.430873380271976, 28.368234150769979 ], [ -81.430882222793983, 28.368235365688907 ], [ -81.43088357935585, 28.368227559256621 ], [ -81.430892421877317, 28.368228774174685 ], [ -81.430895134998678, 28.368213161309459 ], [ -81.43090397751881, 28.368214376226657 ], [ -81.430906690637585, 28.36819876336051 ], [ -81.430915533156366, 28.368199978276774 ], [ -81.430916889714581, 28.368192171843386 ], [ -81.430925732232808, 28.368193386758854 ], [ -81.430927088789986, 28.368185580325147 ], [ -81.430935931307673, 28.368186795239815 ], [ -81.430938644419655, 28.368171182371739 ], [ -81.43094748693602, 28.368172397285459 ], [ -81.430948843490839, 28.368164590851066 ], [ -81.43095768600665, 28.368165805764011 ], [ -81.430959042560431, 28.368157999329338 ], [ -81.430967885075688, 28.368159214241405 ], [ -81.430969241628404, 28.368151407806518 ], [ -81.430978084143135, 28.368152622717769 ], [ -81.430980797246235, 28.368137009847263 ], [ -81.430989639759616, 28.368138224757605 ], [ -81.430990996310001, 28.368130418321986 ], [ -81.430999838822842, 28.368131633231503 ], [ -81.431002551921253, 28.368116020359544 ], [ -81.431011394432744, 28.368117235268162 ], [ -81.431012750980784, 28.368109428831847 ], [ -81.431021593491749, 28.368110643739683 ], [ -81.431022950038724, 28.368102837303081 ], [ -81.431031792549149, 28.368104052210061 ], [ -81.431034505640753, 28.368088439336166 ], [ -81.431043348149828, 28.368089654242258 ], [ -81.431044704694457, 28.368081847804955 ], [ -81.431053547202993, 28.368083062710181 ], [ -81.431054903746585, 28.368075256272629 ], [ -81.43106374625458, 28.368076471177048 ], [ -81.43106510279712, 28.36806866473923 ], [ -81.431100472828419, 28.368073524349231 ], [ -81.431099116289076, 28.368081330787362 ], [ -81.431107958798336, 28.368082545688083 ], [ -81.431106602259533, 28.36809035212621 ], [ -81.431177342349145, 28.368100071306333 ], [ -81.431178698881581, 28.368092264867549 ], [ -81.431187541393129, 28.368093479761679 ], [ -81.431190254455615, 28.368077866883397 ], [ -81.431199096965827, 28.368079081776582 ], [ -81.431200453495919, 28.368071275337147 ], [ -81.431209296005562, 28.368072490229515 ], [ -81.431210652534602, 28.368064683789779 ], [ -81.431219495043734, 28.368065898681362 ], [ -81.431222208099442, 28.368050285801178 ], [ -81.431231050607209, 28.368051500691813 ], [ -81.431232407133891, 28.368043694251359 ], [ -81.431241249641133, 28.368044909141201 ], [ -81.43124396269215, 28.368029296259589 ], [ -81.431252805198056, 28.368030511148547 ], [ -81.431254161722393, 28.368022704707375 ], [ -81.431263004227745, 28.368023919595458 ], [ -81.431264360751044, 28.368016113154077 ], [ -81.431273203255827, 28.368017328041375 ], [ -81.431275916300066, 28.368001715157835 ], [ -81.431284758803542, 28.36800293004417 ], [ -81.431286115324497, 28.367995123602054 ], [ -81.431294957827419, 28.367996338487586 ], [ -81.431296314347307, 28.367988532045221 ], [ -81.431305156849689, 28.367989746929961 ], [ -81.431307869887121, 28.367974134044523 ], [ -81.431316712388167, 28.367975348928301 ], [ -81.431318068905725, 28.367967542485232 ], [ -81.431326911406217, 28.3679687573682 ], [ -81.431328267922723, 28.367960950924854 ], [ -81.431337110422675, 28.36796216580705 ], [ -81.431339823453328, 28.367946552919616 ], [ -81.431348665951958, 28.367947767800853 ], [ -81.431351378979997, 28.367932154912584 ], [ -81.431360221477277, 28.367933369792961 ], [ -81.431362934502729, 28.367917756903793 ], [ -81.431371776998674, 28.367918971783247 ], [ -81.431373133510235, 28.367911165338274 ], [ -81.431381976005611, 28.367912380216897 ], [ -81.431384689026373, 28.367896767326332 ], [ -81.431393531520428, 28.367897982204035 ], [ -81.431394888029629, 28.36789017575839 ], [ -81.431403730523144, 28.367891390635307 ], [ -81.431406443539217, 28.36787577774334 ], [ -81.431415286031381, 28.367876992619308 ], [ -81.431416642538252, 28.367869186172992 ], [ -81.431425485029862, 28.367870401048098 ], [ -81.43142819804126, 28.367854788154741 ], [ -81.431437040531534, 28.367856003028951 ], [ -81.431438397036061, 28.367848196581907 ], [ -81.431447239525781, 28.367849411455317 ], [ -81.431448596029256, 28.367841605008049 ], [ -81.43145743851845, 28.367842819880615 ], [ -81.431458795020873, 28.367835013433055 ], [ -81.431467637509542, 28.367836228304821 ], [ -81.431468994010899, 28.367828421857013 ], [ -81.431477836499027, 28.367829636727951 ], [ -81.431480549499412, 28.367814023831574 ], [ -81.43148939198619, 28.36781523870161 ], [ -81.431490748485217, 28.36780743225307 ], [ -81.431499590971427, 28.367808647122263 ], [ -81.431500947469402, 28.367800840673482 ], [ -81.431509789955086, 28.367802055541844 ], [ -81.431512502948706, 28.367786442643574 ], [ -81.43152134543304, 28.367787657511034 ], [ -81.43152405842406, 28.367772044611854 ], [ -81.431532900907058, 28.367773259478426 ], [ -81.431535613895477, 28.367757646578365 ], [ -81.431544456377139, 28.36775886144402 ], [ -81.431545812870155, 28.367751054993668 ], [ -81.431554655351292, 28.367752269858496 ], [ -81.43155601184327, 28.367744463407853 ], [ -81.431564854323852, 28.367745678271831 ], [ -81.431567567305478, 28.367730065369869 ], [ -81.431576409784711, 28.367731280232963 ], [ -81.431577766274344, 28.367723473781641 ], [ -81.431586608753037, 28.367724688643897 ], [ -81.431589321729973, 28.367709075740486 ], [ -81.43159816420733, 28.367710290601853 ], [ -81.431599520694618, 28.367702484149834 ], [ -81.431608363171435, 28.367703699010338 ], [ -81.431611076143653, 28.367688086105581 ], [ -81.431619918619134, 28.367689300965196 ], [ -81.431621275104078, 28.367681494512457 ], [ -81.431630117579004, 28.367682709371273 ], [ -81.431632830546548, 28.367667096465041 ], [ -81.431641673020124, 28.36766831132292 ], [ -81.431643029502723, 28.367660504869502 ], [ -81.431651871975774, 28.367661719726549 ], [ -81.431653228457336, 28.367653913272868 ], [ -81.431662070929818, 28.367655128129091 ], [ -81.431663427410328, 28.367647321675125 ], [ -81.431672269882284, 28.367648536530577 ], [ -81.431674982840946, 28.367632923621933 ], [ -81.431683825311566, 28.367634138476422 ], [ -81.431685181789717, 28.367626332021707 ], [ -81.431694024259784, 28.367627546875429 ], [ -81.431696737213741, 28.367611933965335 ], [ -81.431705579682486, 28.367613148818126 ], [ -81.431706936158292, 28.367605342362747 ], [ -81.431715778626483, 28.3676065572147 ], [ -81.431717135101238, 28.367598750759068 ], [ -81.431725977568888, 28.367599965610186 ], [ -81.431728690516067, 28.367584352698202 ], [ -81.431737532982368, 28.367585567548442 ], [ -81.431740245926946, 28.367569954635588 ], [ -81.431749088391911, 28.367571169484901 ], [ -81.431750444863042, 28.367563363028044 ], [ -81.431759287327452, 28.367564577876568 ], [ -81.431760643797503, 28.367556771419498 ], [ -81.431769486261388, 28.36755798626719 ], [ -81.431770842730415, 28.367550179809854 ], [ -81.431779685193746, 28.367551394656701 ], [ -81.431781041661722, 28.367543588199105 ], [ -81.431789884124527, 28.367544803045146 ], [ -81.431792597058106, 28.367529190129257 ], [ -81.43180143951956, 28.367530404974385 ], [ -81.431802795985192, 28.367522598516096 ], [ -81.431811638446106, 28.367523813360368 ], [ -81.43181435137501, 28.367508200443115 ], [ -81.431823193834575, 28.367509415286499 ], [ -81.431824550297847, 28.367501608827531 ], [ -81.431833392756872, 28.367502823670069 ], [ -81.431836105681086, 28.367487210751388 ], [ -81.431844948138774, 28.367488425593031 ], [ -81.431846304599702, 28.367480619133339 ], [ -81.431855147056851, 28.3674818339742 ], [ -81.431856503516727, 28.367474027514216 ], [ -81.431865345973321, 28.367475242354224 ], [ -81.431868058890743, 28.367459629433622 ], [ -81.431876901346001, 28.367460844272724 ], [ -81.431878257803547, 28.367453037812073 ], [ -81.431887100258265, 28.367454252650326 ], [ -81.431889813170983, 28.367438639728299 ], [ -81.431898655624366, 28.367439854565649 ], [ -81.431900012079552, 28.367432048104302 ], [ -81.431908854532381, 28.367433262940814 ], [ -81.43191021098653, 28.367425456479204 ], [ -81.431919053438818, 28.367426671314913 ], [ -81.431920409891902, 28.367418864853004 ], [ -81.431929252343664, 28.367420079687935 ], [ -81.4319319652475, 28.367404466763428 ], [ -81.431940807697899, 28.367405681597393 ], [ -81.431943520599134, 28.367390068672091 ], [ -81.431952363048211, 28.367391283505103 ], [ -81.43195507594686, 28.367375670578927 ], [ -81.431963918394572, 28.36737688541108 ], [ -81.431965274842725, 28.367369078947565 ], [ -81.431974117289911, 28.367370293778947 ], [ -81.431975473737012, 28.367362487315198 ], [ -81.431984316183659, 28.367363702145674 ], [ -81.431985672629708, 28.367355895681694 ], [ -81.431994515075814, 28.367357110511382 ], [ -81.431997227965567, 28.367341497582689 ], [ -81.432006070410324, 28.367342712411496 ], [ -81.432007426854014, 28.367334905946787 ], [ -81.432016269298245, 28.367336120774713 ], [ -81.432020338625478, 28.367312701379294 ], [ -81.432038023509861, 28.367315131032505 ], [ -81.432040736390249, 28.367299518100953 ], [ -81.432049578831226, 28.367300732926321 ], [ -81.43205093527024, 28.367292926460198 ], [ -81.432059777710691, 28.367294141284635 ], [ -81.432061134148654, 28.367286334818306 ], [ -81.432069976588565, 28.367287549641954 ], [ -81.43207404589856, 28.367264130241541 ], [ -81.432091730774346, 28.367266559886133 ], [ -81.432094443643237, 28.367250946951298 ], [ -81.432103286079922, 28.367252161772299 ], [ -81.432105998946213, 28.367236548836587 ], [ -81.432114841381548, 28.367237763656703 ], [ -81.432116197813528, 28.367229957188492 ], [ -81.432125040248323, 28.367231172007784 ], [ -81.432126396679251, 28.367223365539303 ], [ -81.432135239113492, 28.367224580357753 ], [ -81.43213795197299, 28.367208967420094 ], [ -81.432146794405909, 28.36721018223766 ], [ -81.432149507262821, 28.367194569299109 ], [ -81.43215834969439, 28.367195784115744 ], [ -81.432159706121666, 28.367187977646132 ], [ -81.432168548552696, 28.367189192461968 ], [ -81.43216990497892, 28.367181385992073 ], [ -81.432178747409409, 28.367182600807045 ], [ -81.432180103834597, 28.367174794336911 ], [ -81.432188946264532, 28.367176009151081 ], [ -81.432191659112561, 28.367160396210124 ], [ -81.432200501541161, 28.367161611023377 ], [ -81.432201857964003, 28.367153804552498 ], [ -81.432210700392048, 28.367155019364933 ], [ -81.432213413235388, 28.367139406422559 ], [ -81.432222255662097, 28.367140621234089 ], [ -81.432223612082595, 28.367132814762552 ], [ -81.432232454508764, 28.367134029573233 ], [ -81.43223381092821, 28.36712622310143 ], [ -81.432242653353839, 28.367127437911307 ], [ -81.432245366190386, 28.367111824966944 ], [ -81.43225420861468, 28.367113039775912 ], [ -81.432256921448612, 28.367097426830693 ], [ -81.43226576387157, 28.36709864163879 ], [ -81.432267120287364, 28.367090835165811 ], [ -81.432275962709767, 28.367092049973078 ], [ -81.432277319124509, 28.367084243499843 ], [ -81.432286161546386, 28.367085458306267 ], [ -81.432287517960077, 28.367077651832783 ], [ -81.4322963603814, 28.36707886663838 ], [ -81.432299073206465, 28.367063253690691 ], [ -81.432307915626438, 28.367064468495371 ], [ -81.432309272037799, 28.367056662021191 ], [ -81.432318114457232, 28.367057876825051 ], [ -81.432320827277607, 28.36704226387598 ], [ -81.43232966969569, 28.367043478678909 ], [ -81.432331026104706, 28.367035672204032 ], [ -81.432339868522263, 28.367036887006158 ], [ -81.432341224930212, 28.367029080530962 ], [ -81.43235006734723, 28.367030295332281 ], [ -81.432354136567227, 28.367006875905538 ], [ -81.432362978982084, 28.367008090705834 ], [ -81.432364335387462, 28.367000284229807 ], [ -81.432373177801779, 28.367001499029254 ], [ -81.432374534206104, 28.366993692552956 ], [ -81.432392219033929, 28.366996122149573 ], [ -81.432393575436393, 28.36698831567292 ], [ -81.432402417849886, 28.366989530470001 ], [ -81.432406487053413, 28.366966111038725 ], [ -81.43241532946476, 28.366967325834889 ], [ -81.432416685864638, 28.366959519357351 ], [ -81.432425528275459, 28.36696073415262 ], [ -81.432426884674285, 28.366952927674845 ], [ -81.432435727084552, 28.366954142469286 ], [ -81.432437083482327, 28.366946335991198 ], [ -81.432445925892054, 28.366947550784843 ], [ -81.432448638685273, 28.366931937828031 ], [ -81.432457481093664, 28.366933152620746 ], [ -81.432458837489094, 28.366925346142001 ], [ -81.432467679896931, 28.366926560933916 ], [ -81.432469036291309, 28.366918754454865 ], [ -81.43247787869862, 28.366919969245942 ], [ -81.432481947877875, 28.366896549807588 ], [ -81.432499632688462, 28.366898979386995 ], [ -81.432500989079443, 28.366891172907042 ], [ -81.43250983148431, 28.36689238769555 ], [ -81.432512544263957, 28.366876774734877 ], [ -81.432521386667489, 28.366877989522465 ], [ -81.432522743056126, 28.366870183041769 ], [ -81.432531585459117, 28.366871397828568 ], [ -81.432535654621148, 28.366847978385156 ], [ -81.432553339423109, 28.366850407956033 ], [ -81.432556052193362, 28.366834794992535 ], [ -81.432564894593128, 28.36683600977668 ], [ -81.432567607360781, 28.366820396812329 ], [ -81.432585292157881, 28.366822826378069 ], [ -81.43258664853974, 28.366815019895419 ], [ -81.432595490937885, 28.366816234677088 ], [ -81.432596847318678, 28.366808428194201 ], [ -81.432632216910591, 28.366813287313203 ], [ -81.432633573287958, 28.366805480829768 ], [ -81.432651258083837, 28.366807910384662 ], [ -81.432652614459343, 28.36680010390096 ], [ -81.432661456856877, 28.366801318677226 ], [ -81.432660100482167, 28.366809125161023 ], [ -81.432668942880738, 28.366810339936634 ], [ -81.432667586506554, 28.366818146420403 ], [ -81.432676428906191, 28.366819361195386 ], [ -81.432675072532561, 28.366827167679077 ], [ -81.432683914933236, 28.366828382453392 ], [ -81.43268255856016, 28.366836188936983 ], [ -81.4326914009619, 28.366837403710672 ], [ -81.432690044589364, 28.366845210194121 ], [ -81.432698886992142, 28.366846424967147 ], [ -81.43269753062016, 28.366854231450588 ], [ -81.43270637302399, 28.366855446222928 ], [ -81.432705016652548, 28.366863252706271 ], [ -81.432722701462581, 28.366865682249021 ], [ -81.432724057832417, 28.366857875765497 ], [ -81.432732900237013, 28.366859090535673 ], [ -81.432734256605826, 28.366851284051894 ], [ -81.432743099009869, 28.366852498821267 ], [ -81.43274445537763, 28.366844692337221 ], [ -81.432753297781133, 28.36684590710578 ], [ -81.432754654147828, 28.366838100621489 ], [ -81.432763496550805, 28.3668393153892 ], [ -81.432764852916463, 28.366831508904671 ], [ -81.432773695318886, 28.366832723671521 ], [ -81.432776408047843, 28.366817110701721 ], [ -81.432802935251871, 28.366820754997434 ], [ -81.432800222527689, 28.366836367967771 ], [ -81.432809064931135, 28.366837582731677 ], [ -81.43280770856947, 28.36684538921665 ], [ -81.432834235783716, 28.366849033504323 ], [ -81.432835592142993, 28.366841227019094 ], [ -81.432844434547434, 28.366842441780083 ], [ -81.432845790905674, 28.366834635294527 ], [ -81.432854633309589, 28.366835850054731 ], [ -81.432855989666763, 28.366828043568972 ], [ -81.432864832070138, 28.366829258328295 ], [ -81.432866188426274, 28.366821451842274 ], [ -81.432875030829109, 28.366822666600815 ], [ -81.43287638718418, 28.366814860114498 ], [ -81.432885229586475, 28.366816074872183 ], [ -81.432886585940508, 28.366808268385611 ], [ -81.432895428342249, 28.366809483142511 ], [ -81.432896784695245, 28.366801676655676 ], [ -81.432905627096446, 28.366802891411719 ], [ -81.432908339800079, 28.366787278437378 ], [ -81.432917182199944, 28.366788493192491 ], [ -81.432919894900962, 28.366772880217265 ], [ -81.432928737299491, 28.366774094971515 ], [ -81.432930093648835, 28.366766288483525 ], [ -81.43293893604681, 28.366767503236943 ], [ -81.432941648743139, 28.366751890260272 ], [ -81.432950491139792, 28.366753105012794 ], [ -81.43295320383352, 28.366737492035238 ], [ -81.432962046228823, 28.366738706786869 ], [ -81.432963402574515, 28.366730900297771 ], [ -81.432972244969264, 28.36673211504851 ], [ -81.432974957658331, 28.366716502069583 ], [ -81.43298380005173, 28.366717716819426 ], [ -81.432985156395077, 28.366709910329625 ], [ -81.433002841181079, 28.366712339826982 ], [ -81.433009622886104, 28.366673307374363 ], [ -81.433000780496982, 28.366672092626477 ], [ -81.433003493178816, 28.366656479644373 ], [ -81.432994650791528, 28.366655264895964 ], [ -81.432997363473987, 28.366639651913339 ], [ -81.433023890631816, 28.366643296155903 ], [ -81.433025246970274, 28.366635489664073 ], [ -81.433034089355928, 28.366636704409974 ], [ -81.433035445693335, 28.366628897917892 ], [ -81.433044288078449, 28.366630112662982 ], [ -81.433045644414804, 28.366622306170655 ], [ -81.433054486799378, 28.366623520914953 ], [ -81.433055843134682, 28.36661571442232 ], [ -81.433064685518715, 28.366616929165808 ], [ -81.433068754520747, 28.366593509686592 ], [ -81.433059912139129, 28.366592294943384 ], [ -81.433061268473423, 28.366584488450062 ], [ -81.433052426092829, 28.366583273706169 ], [ -81.433053782427692, 28.366575467212712 ], [ -81.433044940048148, 28.366574252468229 ], [ -81.433047652718713, 28.366558639481038 ], [ -81.433038810341031, 28.366557424735941 ], [ -81.433041523012164, 28.366541811748213 ], [ -81.433032680636344, 28.366540597002558 ], [ -81.433035393308074, 28.366524984014298 ], [ -81.433026550934088, 28.366523769268102 ], [ -81.433027907270386, 28.366515962773803 ], [ -81.433019064897437, 28.366514748026965 ], [ -81.433020421234289, 28.366506941532588 ], [ -81.433002736490764, 28.366504512036851 ], [ -81.433005449166885, 28.366488899047884 ], [ -81.433014291536921, 28.366490113795916 ], [ -81.433018360546811, 28.366466694310876 ], [ -81.433027202914701, 28.366467909057967 ], [ -81.433028559250033, 28.366460102562478 ], [ -81.433019716882924, 28.36645888781554 ], [ -81.433021073218825, 28.36645108131999 ], [ -81.433012230852782, 28.36644986657236 ], [ -81.433016299861293, 28.36642644708494 ], [ -81.433025142224949, 28.366427661832326 ], [ -81.43302649855984, 28.366419855336055 ], [ -81.433035340922942, 28.366421070082612 ], [ -81.43303940992368, 28.366397650592567 ], [ -81.433048252284649, 28.366398865338116 ], [ -81.433050964948961, 28.366383252343649 ], [ -81.433059807308595, 28.366384467088299 ], [ -81.433062519970306, 28.36636885409299 ], [ -81.433071362328604, 28.366370068836726 ], [ -81.433072718658281, 28.366362262338697 ], [ -81.433081561016039, 28.366363477081588 ], [ -81.433082917344663, 28.366355670583328 ], [ -81.433091759701881, 28.366356885325398 ], [ -81.4330944723568, 28.36634127232815 ], [ -81.433103314712653, 28.366342487069328 ], [ -81.433104671038961, 28.366334680570368 ], [ -81.433113513394275, 28.366335895310694 ], [ -81.433117582369249, 28.366312475812475 ], [ -81.433135267075869, 28.366314905290391 ], [ -81.433137979721408, 28.366299292290378 ], [ -81.43314682207351, 28.366300507028075 ], [ -81.433148178395101, 28.366292700527683 ], [ -81.433157020746663, 28.366293915264539 ], [ -81.433159733387512, 28.36627830226314 ], [ -81.43316857573771, 28.366279516999075 ], [ -81.433171288375974, 28.36626390399676 ], [ -81.43318013072485, 28.366265118731789 ], [ -81.433181487042802, 28.366257312230278 ], [ -81.433190329391124, 28.36625852696449 ], [ -81.433191685708024, 28.366250720462709 ], [ -81.433200528055821, 28.366251935196104 ], [ -81.43320188437167, 28.366244128694063 ], [ -81.433210726718912, 28.366245343426669 ], [ -81.433213439348279, 28.366229730421857 ], [ -81.433222281694185, 28.366230945153571 ], [ -81.433223638007689, 28.366223138650795 ], [ -81.433232480353041, 28.366224353381636 ], [ -81.433235192977733, 28.366208740375413 ], [ -81.433244035321735, 28.366209955105383 ], [ -81.433246747943812, 28.366194342098289 ], [ -81.433255590286493, 28.366195556827325 ], [ -81.433256946596345, 28.366187750323437 ], [ -81.433265788938499, 28.366188965051659 ], [ -81.433267145247314, 28.366181158547505 ], [ -81.4332759875889, 28.366182373274878 ], [ -81.433277343896663, 28.36617456677045 ], [ -81.433286186237723, 28.366175781497017 ], [ -81.433288898850904, 28.366160168487454 ], [ -81.433297741190614, 28.366161383213107 ], [ -81.433300453801223, 28.366145770202699 ], [ -81.433318138478214, 28.366148199651416 ], [ -81.433320851084616, 28.366132586639953 ], [ -81.433329693421896, 28.366133801363034 ], [ -81.433331049723918, 28.366125994856958 ], [ -81.433339892060658, 28.366127209579219 ], [ -81.433342604662371, 28.366111596566356 ], [ -81.433351446997762, 28.366112811287696 ], [ -81.433352803297453, 28.366105004780934 ], [ -81.433361645632303, 28.366106219501486 ], [ -81.433364358229312, 28.366090606487184 ], [ -81.433373200562826, 28.366091821206819 ], [ -81.433374556860173, 28.366084014699318 ], [ -81.433383399193133, 28.366085229418097 ], [ -81.433384755489428, 28.36607742291039 ], [ -81.433393597821862, 28.366078637628348 ], [ -81.433396310412078, 28.366063024612082 ], [ -81.433405152743163, 28.366064239329177 ], [ -81.433406509037113, 28.366056432820702 ], [ -81.433415351367657, 28.366057647536984 ], [ -81.433418063953184, 28.366042034519364 ], [ -81.433426906282392, 28.366043249234643 ], [ -81.433428262573997, 28.366035442725547 ], [ -81.433437104902652, 28.366036657440031 ], [ -81.433439817483489, 28.366021044421021 ], [ -81.433448659810807, 28.366022259134617 ], [ -81.433450016100053, 28.366014452624704 ], [ -81.433458858426832, 28.366015667337532 ], [ -81.433460214715041, 28.366007860827384 ], [ -81.433469057041265, 28.366009075539338 ], [ -81.433471769615309, 28.365993462518368 ], [ -81.433480611940212, 28.365994677229448 ], [ -81.43348332451167, 28.365979064207611 ], [ -81.433492166835222, 28.365980278917732 ], [ -81.433493523119779, 28.365972472406487 ], [ -81.433502365442791, 28.365973687115776 ], [ -81.433505078009546, 28.365958074092532 ], [ -81.433513920331222, 28.365959288800951 ], [ -81.433515276613434, 28.365951482288946 ], [ -81.433524118934557, 28.365952696996509 ], [ -81.433525475215717, 28.365944890484279 ], [ -81.433534317536299, 28.365946105191046 ], [ -81.433537030096261, 28.365930492165859 ], [ -81.43355471473501, 28.365932921576828 ], [ -81.433557427290793, 28.365917308550568 ], [ -81.43356626960896, 28.365918523254798 ], [ -81.433567625885658, 28.365910716741318 ], [ -81.433576468203285, 28.365911931444661 ], [ -81.433579180754364, 28.365896318417029 ], [ -81.433588023070641, 28.365897533119522 ], [ -81.433590735619134, 28.365881920090988 ], [ -81.433599577934061, 28.365883134792547 ], [ -81.433600934207135, 28.365875328277966 ], [ -81.433609776521536, 28.365876542978697 ], [ -81.433611132793558, 28.365868736463803 ], [ -81.433619975107405, 28.365869951163692 ], [ -81.433621331378376, 28.365862144648592 ], [ -81.433630173691682, 28.365863359347667 ], [ -81.433632886231294, 28.365847746316689 ], [ -81.43364172854325, 28.365848961014837 ], [ -81.433643084811877, 28.365841154498984 ], [ -81.433651927123307, 28.365842369196386 ], [ -81.433654639658215, 28.365826756163958 ], [ -81.433663481968296, 28.365827970860412 ], [ -81.433664838234577, 28.365820164343859 ], [ -81.433673680544118, 28.36582137903952 ], [ -81.433675036809348, 28.365813572522697 ], [ -81.433683879118348, 28.365814787217484 ], [ -81.433686591646463, 28.365799174183174 ], [ -81.433695433954114, 28.365800388877059 ], [ -81.433696790217013, 28.365792582359543 ], [ -81.433705632524109, 28.365793797052621 ], [ -81.433708345047549, 28.365778184016914 ], [ -81.433717187353324, 28.365779398709027 ], [ -81.433718543613864, 28.365771592190821 ], [ -81.433727385919099, 28.36577280688218 ], [ -81.43373009843782, 28.365757193845027 ], [ -81.433738940741705, 28.365758408535442 ], [ -81.4337402969999, 28.365750602016529 ], [ -81.433749139303245, 28.365751816706108 ], [ -81.433750495560403, 28.365744010186937 ], [ -81.433759337863208, 28.365745224875731 ], [ -81.433762050375137, 28.36572961183662 ], [ -81.433770892676606, 28.365730826524523 ], [ -81.433772248931405, 28.365723020004651 ], [ -81.433781091232333, 28.365724234691665 ], [ -81.433783803739587, 28.365708621651212 ], [ -81.433792646039151, 28.365709836337317 ], [ -81.43379400229162, 28.365702029816777 ], [ -81.433802844590645, 28.365703244502075 ], [ -81.433805557093208, 28.365687631460165 ], [ -81.433814399390897, 28.365688846144597 ], [ -81.433815755641007, 28.365681039623286 ], [ -81.433824597938155, 28.365682254306876 ], [ -81.433827310436016, 28.365666641263559 ], [ -81.433836152731843, 28.365667855946274 ], [ -81.433837508979593, 28.365660049424235 ], [ -81.433846351274866, 28.365661264106109 ], [ -81.433849063768037, 28.365645651061389 ], [ -81.433857906061974, 28.365646865742313 ], [ -81.433859262307379, 28.365639059219657 ], [ -81.433868104600762, 28.365640273899725 ], [ -81.433869460845131, 28.365632467376784 ], [ -81.433878303137973, 28.365633682056064 ], [ -81.433881015624365, 28.365618069009443 ], [ -81.433889857915858, 28.365619283687803 ], [ -81.433892570399649, 28.365603670640333 ], [ -81.433901412689792, 28.365604885317808 ], [ -81.433902768930523, 28.365597078793702 ], [ -81.43391161122014, 28.365598293470342 ], [ -81.433912967459818, 28.365590486945955 ], [ -81.433921809748881, 28.365591701621778 ], [ -81.433923165987508, 28.365583895097156 ], [ -81.433932008276045, 28.365585109772184 ], [ -81.433934720750955, 28.365569496722152 ], [ -81.433943563038142, 28.365570711396245 ], [ -81.433944919274424, 28.365562904870931 ], [ -81.433953761561071, 28.365564119544185 ], [ -81.433956474031277, 28.365548506492829 ], [ -81.433965316316588, 28.365549721165205 ], [ -81.433966672550525, 28.365541914639142 ], [ -81.433975514835282, 28.365543129310655 ], [ -81.433978227300798, 28.365527516257913 ], [ -81.433987069584219, 28.365528730928535 ], [ -81.433988425815812, 28.365520924401793 ], [ -81.433997268098679, 28.365522139071594 ], [ -81.43399862432922, 28.365514332544592 ], [ -81.434007466611561, 28.365515547213519 ], [ -81.434010179070299, 28.365499934158837 ], [ -81.434019021351276, 28.365501148826905 ], [ -81.434020377579472, 28.365493342299214 ], [ -81.434029219859923, 28.365494556966439 ], [ -81.434031932313971, 28.365478943910311 ], [ -81.434040774593072, 28.365480158576666 ], [ -81.434042130818924, 28.365472352048272 ], [ -81.434050973097484, 28.365473566713771 ], [ -81.434052329322284, 28.365465760185092 ], [ -81.43406117160032, 28.365466974849756 ], [ -81.434062527824054, 28.365459168320857 ], [ -81.434071370101549, 28.365460382984693 ], [ -81.4340754387689, 28.365436963396579 ], [ -81.43408428104425, 28.365438178059424 ], [ -81.434085637265397, 28.365430371529612 ], [ -81.434094479540192, 28.365431586191644 ], [ -81.434095835760303, 28.365423779661565 ], [ -81.434104678034558, 28.365424994322812 ], [ -81.434106034253617, 28.365417187792449 ], [ -81.434114876527332, 28.365418402452867 ], [ -81.434116232745353, 28.365410595922249 ], [ -81.434125075018514, 28.365411810581804 ], [ -81.434127787452198, 28.36539619751991 ], [ -81.434136629724023, 28.365397412178577 ], [ -81.434139342155092, 28.365381799115756 ], [ -81.434148184425581, 28.365383013773528 ], [ -81.434149540639936, 28.365375207241765 ], [ -81.434158382909899, 28.365376421898677 ], [ -81.434162451549085, 28.365353002302147 ], [ -81.434171293816902, 28.365354216958067 ], [ -81.434172650028671, 28.365346410425403 ], [ -81.434181492295934, 28.365347625080563 ], [ -81.434182848506651, 28.365339818547636 ], [ -81.43420053304034, 28.365342247855477 ], [ -81.434203245457866, 28.365326634788836 ], [ -81.434212087723495, 28.365327849441453 ], [ -81.434213443931057, 28.365320042907761 ], [ -81.43422228619616, 28.365321257559604 ], [ -81.434226354814982, 28.365297837957254 ], [ -81.434235197077939, 28.365299052608048 ], [ -81.434236553282929, 28.365291246073497 ], [ -81.434245395545332, 28.365292460723481 ], [ -81.434246751749257, 28.365284654188699 ], [ -81.434255594011134, 28.365285868837841 ], [ -81.434256950214007, 28.365278062302771 ], [ -81.434265792475344, 28.365279276951117 ], [ -81.434267148677179, 28.365271470415731 ], [ -81.434275990937962, 28.365272685063246 ], [ -81.434278703339274, 28.365257071991849 ], [ -81.434287545598721, 28.365258286638504 ], [ -81.434290257997446, 28.3652426735662 ], [ -81.434299100255558, 28.365243888211896 ], [ -81.434300456453741, 28.365236081675437 ], [ -81.434309298711298, 28.365237296320299 ], [ -81.434310654908458, 28.36522948978353 ], [ -81.434319497165461, 28.365230704427567 ], [ -81.434324921948331, 28.365199478278488 ], [ -81.434333764202421, 28.365200692921398 ], [ -81.43433512039671, 28.365192886383632 ], [ -81.434343962650246, 28.365194101025743 ], [ -81.434345318843498, 28.36518629448771 ], [ -81.434354161096493, 28.365187509129004 ], [ -81.434355517288694, 28.365179702590666 ], [ -81.434364359541135, 28.365180917231172 ], [ -81.434365715732284, 28.36517311069256 ], [ -81.434374557984199, 28.365174325332248 ], [ -81.434375914174311, 28.365166518793398 ], [ -81.434384756425658, 28.365167733432241 ], [ -81.434387468803521, 28.365152120353841 ], [ -81.434396311053561, 28.365153334991753 ], [ -81.434403091989836, 28.365114302292149 ], [ -81.434394249743804, 28.365113087654677 ], [ -81.434395605931101, 28.365105281114335 ], [ -81.434386763686121, 28.365104066476164 ], [ -81.434388119873958, 28.36509625993569 ], [ -81.434379277630029, 28.365095045296918 ], [ -81.434380633818421, 28.365087238756391 ], [ -81.434371791575543, 28.365086024116941 ], [ -81.434373147764489, 28.365078217576276 ], [ -81.434364305522664, 28.365077002936204 ], [ -81.43436701790138, 28.365061389854603 ], [ -81.434358175661401, 28.365060175213937 ], [ -81.434359531851186, 28.365052368672938 ], [ -81.434350689612259, 28.365051154031665 ], [ -81.434352045802584, 28.365043347490563 ], [ -81.434343203564708, 28.365042132848625 ], [ -81.434344559755587, 28.36503432630747 ], [ -81.434335717518763, 28.365033111664872 ], [ -81.434337073710196, 28.365025305123623 ], [ -81.43432823147441, 28.365024090480386 ], [ -81.434329587666383, 28.365016283939031 ], [ -81.434320745431663, 28.365015069295143 ], [ -81.434322101624176, 28.365007262753689 ], [ -81.434313259390507, 28.365006048109173 ], [ -81.434314615583574, 28.364998241567669 ], [ -81.434305773350957, 28.36499702692247 ], [ -81.434307129544564, 28.364989220380863 ], [ -81.434298287312998, 28.364988005735039 ], [ -81.434299643507146, 28.364980199193344 ], [ -81.434290801276632, 28.364978984546845 ], [ -81.434292157471347, 28.364971178005071 ], [ -81.434283315241871, 28.364969963357936 ], [ -81.434284671437126, 28.364962156816102 ], [ -81.434275829208715, 28.364960942168292 ], [ -81.434277185404525, 28.364953135626354 ], [ -81.434268343177152, 28.364951920977884 ], [ -81.434269699373502, 28.364944114435833 ], [ -81.43426085714718, 28.364942899786769 ], [ -81.434262213344084, 28.36493509324464 ], [ -81.434253371118814, 28.364933878594908 ], [ -81.434254727316272, 28.364926072052739 ], [ -81.434245885092054, 28.364924857402311 ], [ -81.434247241290024, 28.364917050860008 ], [ -81.434238399066885, 28.364915836208969 ], [ -81.434239755265423, 28.364908029666591 ], [ -81.434222070821463, 28.364905600362523 ], [ -81.434224783220969, 28.364889987277543 ], [ -81.434207098781215, 28.364887557970878 ], [ -81.434208454982183, 28.364879751428312 ], [ -81.434199612763493, 28.364878536773976 ], [ -81.434200968965001, 28.364870730231303 ], [ -81.434192126747348, 28.364869515576277 ], [ -81.434193482949425, 28.364861709033502 ], [ -81.434184640732838, 28.364860494377858 ], [ -81.43418599693544, 28.364852687835057 ], [ -81.43417715471989, 28.364851473178753 ], [ -81.434178510923047, 28.364843666635814 ], [ -81.434169668708563, 28.364842451978884 ], [ -81.434171024912274, 28.364834645435852 ], [ -81.434162182698827, 28.364833430778273 ], [ -81.434163538903078, 28.364825624235195 ], [ -81.434154696690698, 28.364824409576944 ], [ -81.434151984280348, 28.364840022662793 ], [ -81.434143142066617, 28.364838808003615 ], [ -81.434141785860263, 28.364846614546185 ], [ -81.434132943645992, 28.364845399886217 ], [ -81.4341315874386, 28.364853206428545 ], [ -81.434122745223789, 28.364851991767733 ], [ -81.434120032806646, 28.364867604851703 ], [ -81.4341111905905, 28.364866390189981 ], [ -81.434109834380749, 28.364874196731552 ], [ -81.434100992164062, 28.364872982069052 ], [ -81.434099635953274, 28.364880788610403 ], [ -81.434090793736033, 28.364879573947022 ], [ -81.434088081312098, 28.364895187029017 ], [ -81.434079239093506, 28.364893972364754 ], [ -81.434077882880374, 28.364901778905377 ], [ -81.434069040661257, 28.364900564240312 ], [ -81.434067684447072, 28.364908370780679 ], [ -81.434058842227401, 28.364907156114789 ], [ -81.434057486012179, 28.364914962654911 ], [ -81.434048643791968, 28.364913747988158 ], [ -81.43404728757568, 28.36492155452801 ], [ -81.434038445354929, 28.364920339860465 ], [ -81.43403708913759, 28.364928146400068 ], [ -81.434019404695249, 28.364925717062576 ], [ -81.434018048476091, 28.364933523601813 ], [ -81.434009206254487, 28.364932308931881 ], [ -81.434007850034277, 28.364940115470844 ], [ -81.433990165590274, 28.364937686128609 ], [ -81.433988809368202, 28.364945492667228 ], [ -81.43397112492363, 28.364943063321839 ], [ -81.433969768699711, 28.36495086986012 ], [ -81.433934399810411, 28.364946011160225 ], [ -81.433933043583053, 28.364953817697931 ], [ -81.433924201360568, 28.364952603021006 ], [ -81.433922845132159, 28.364960409558527 ], [ -81.433914002909148, 28.364959194880793 ], [ -81.433912646679687, 28.364967001418023 ], [ -81.433903804456122, 28.364965786739457 ], [ -81.433902448225624, 28.364973593276403 ], [ -81.433893606001504, 28.364972378597034 ], [ -81.433892249769954, 28.364980185133717 ], [ -81.433883407545295, 28.364978970453553 ], [ -81.433882051312708, 28.364986776989962 ], [ -81.433873209087494, 28.36498556230897 ], [ -81.433871852853869, 28.364993368845116 ], [ -81.433863010628116, 28.364992154163268 ], [ -81.433861654393439, 28.364999960699159 ], [ -81.433852812167146, 28.364998746016525 ], [ -81.433851455931404, 28.365006552552121 ], [ -81.433824929251671, 28.365002908499459 ], [ -81.433823573013285, 28.365010715034675 ], [ -81.433655570746268, 28.364987635879039 ], [ -81.433656926999802, 28.364979829345504 ], [ -81.433630400336838, 28.36497618524432 ], [ -81.433631756592504, 28.364968378710817 ], [ -81.433605229934216, 28.364964734603273 ], [ -81.433606586192042, 28.364956928069912 ], [ -81.433597743973905, 28.364955713365994 ], [ -81.433599100232271, 28.364947906832562 ], [ -81.433537204718121, 28.36493940388522 ], [ -81.433535848454184, 28.36494721041808 ], [ -81.433509321806682, 28.364943566286492 ], [ -81.433507965540102, 28.364951372818894 ], [ -81.433499123323983, 28.36495015810684 ], [ -81.433496410788464, 28.364965771170912 ], [ -81.433478726353798, 28.364963341744208 ], [ -81.433477370084077, 28.364971148275806 ], [ -81.433468527866324, 28.364969933561277 ], [ -81.433467171595552, 28.364977740092616 ], [ -81.43345832937726, 28.364976525377212 ], [ -81.433456973105436, 28.364984331908314 ], [ -81.433412762013802, 28.364978258319969 ], [ -81.433414118289605, 28.364970451789333 ], [ -81.433405276072833, 28.364969237069534 ], [ -81.43340663234919, 28.364961430538795 ], [ -81.433397790133469, 28.364960215818385 ], [ -81.43339914641038, 28.364952409287564 ], [ -81.433381461981284, 28.364949979844639 ], [ -81.433382818259531, 28.364942173313853 ], [ -81.433373976046184, 28.364940958591379 ], [ -81.433375332324957, 28.364933152060416 ], [ -81.433366490112647, 28.364931937337357 ], [ -81.433365133833064, 28.364939743868142 ], [ -81.433356291620214, 28.364938529144258 ], [ -81.43335493533958, 28.364946335674777 ], [ -81.433346093126175, 28.364945120950004 ], [ -81.433342024280378, 28.364968540540374 ], [ -81.433324339849563, 28.364966111088123 ], [ -81.433321627281259, 28.364981724147132 ], [ -81.433312785064629, 28.364980509419755 ], [ -81.433311428779305, 28.364988315948892 ], [ -81.433302586562149, 28.364987101220652 ], [ -81.433299873989142, 28.365002714278308 ], [ -81.433291031770636, 28.365001499549173 ], [ -81.433289675482953, 28.365009306077575 ], [ -81.433227779954976, 28.365000802952462 ], [ -81.433226423661466, 28.365008609480078 ], [ -81.433208739225606, 28.365006180008983 ], [ -81.433210095520707, 28.364998373481463 ], [ -81.433201253303935, 28.364997158744902 ], [ -81.433198540711885, 28.365012771799552 ], [ -81.433189698493791, 28.36501155706204 ], [ -81.433188342196601, 28.365019363588992 ], [ -81.433179499977953, 28.365018148850702 ], [ -81.433176787381214, 28.365033761903909 ], [ -81.433159102941502, 28.365031332424746 ], [ -81.433157746641157, 28.365039138950912 ], [ -81.433140062200877, 28.365036709468615 ], [ -81.433133280687429, 28.365075742095947 ], [ -81.433124438463679, 28.365074527353276 ], [ -81.43312308215944, 28.365082333878103 ], [ -81.433114239935151, 28.365081119134583 ], [ -81.433116952544978, 28.365065506084918 ], [ -81.433108110322522, 28.36506429134084 ], [ -81.433114891846671, 28.365025258713921 ], [ -81.433106049628478, 28.365024043969569 ], [ -81.43311147484647, 28.364992817865218 ], [ -81.433102632631702, 28.364991603120416 ], [ -81.433106701544958, 28.364968183540586 ], [ -81.433097859332861, 28.364966968795372 ], [ -81.433099215637569, 28.364959162268509 ], [ -81.433072689005144, 28.364955518028651 ], [ -81.433074045312011, 28.364947711501827 ], [ -81.433065203102487, 28.364946496753834 ], [ -81.433066559409895, 28.364938690226985 ], [ -81.433022348370187, 28.364932616476427 ], [ -81.433030486233278, 28.364885777314072 ], [ -81.433021644030887, 28.364884562562256 ], [ -81.433024356651501, 28.364868949506864 ], [ -81.433033198852286, 28.364870164258534 ], [ -81.433039980395463, 28.364831131616608 ], [ -81.433031138198643, 28.364829916865403 ], [ -81.433033850815761, 28.364814303807645 ], [ -81.433025008620788, 28.364813089055868 ], [ -81.433026364929773, 28.36480528252681 ], [ -81.433017522735867, 28.364804067774369 ], [ -81.433021591663675, 28.364780648186308 ], [ -81.433003907281389, 28.364778218679898 ], [ -81.433002550970784, 28.364786025209217 ], [ -81.43296718220607, 28.364781166187132 ], [ -81.432968538519887, 28.364773359658102 ], [ -81.432950854140657, 28.364770930142853 ], [ -81.432952210455795, 28.36476312361382 ], [ -81.43294336826736, 28.364761908855201 ], [ -81.432944724583066, 28.364754102326089 ], [ -81.432909355835051, 28.364749243284439 ], [ -81.432910712153671, 28.364741436755512 ], [ -81.432831132492694, 28.364730503869602 ], [ -81.432832488818249, 28.364722697341247 ], [ -81.432823646635782, 28.36472148257257 ], [ -81.432827715613328, 28.364698062986882 ], [ -81.432836557793436, 28.364699277755314 ], [ -81.432840626766364, 28.364675858167725 ], [ -81.432822942411207, 28.364673428630649 ], [ -81.432831080359847, 28.364626589451852 ], [ -81.432839922532509, 28.364627804220245 ], [ -81.432841278855619, 28.364619997689722 ], [ -81.432823594512129, 28.364617568152397 ], [ -81.43282495083659, 28.364609761621896 ], [ -81.432816108666017, 28.364608546852235 ], [ -81.432817464991004, 28.364600740321624 ], [ -81.432808622821511, 28.364599525551295 ], [ -81.432809979147038, 28.364591719020613 ], [ -81.432792294810383, 28.364589289477959 ], [ -81.43279365113726, 28.364581482947273 ], [ -81.432775966803206, 28.364579053401794 ], [ -81.432777323131447, 28.364571246871154 ], [ -81.432768480965592, 28.364570032097379 ], [ -81.432769837294359, 28.364562225566637 ], [ -81.432752152965023, 28.364559796017115 ], [ -81.432750796634664, 28.364567602547712 ], [ -81.4327065858118, 28.364561528660616 ], [ -81.432707942146152, 28.364553722130488 ], [ -81.43264604701038, 28.364545218658286 ], [ -81.43264740335006, 28.364537412128602 ], [ -81.43263856118962, 28.364536197344012 ], [ -81.432639917529855, 28.364528390814197 ], [ -81.432604548893835, 28.364523531668802 ], [ -81.432603192550417, 28.36453133819828 ], [ -81.432594350391255, 28.364530123410024 ], [ -81.432592994046786, 28.364537929939214 ], [ -81.43258415188707, 28.364536715150095 ], [ -81.432582795541563, 28.364544521679029 ], [ -81.432573953381308, 28.364543306889093 ], [ -81.432576666073672, 28.364527693831256 ], [ -81.432585508232336, 28.364528908621018 ], [ -81.432590933610896, 28.364497682502787 ], [ -81.432573249300219, 28.36449525292322 ], [ -81.432574605645826, 28.364487446393429 ], [ -81.432565763491652, 28.364486231602644 ], [ -81.432567119837799, 28.364478425072768 ], [ -81.432558277684706, 28.364477210281319 ], [ -81.432559634031392, 28.36446940375135 ], [ -81.432533107575978, 28.364465759372905 ], [ -81.432534463924824, 28.364457952842972 ], [ -81.432525621774317, 28.364456738048826 ], [ -81.432526978123704, 28.364448931518815 ], [ -81.432518135974263, 28.364447716723951 ], [ -81.432516779624081, 28.364455523253856 ], [ -81.432446042431266, 28.364445804868016 ], [ -81.432444686074447, 28.36445361139705 ], [ -81.432409317480946, 28.364448752186124 ], [ -81.432414742919462, 28.364417526070305 ], [ -81.432441269354626, 28.36442117047859 ], [ -81.432442625711246, 28.364413363948898 ], [ -81.432451467856012, 28.364414578750129 ], [ -81.432454180566893, 28.364398965690146 ], [ -81.432445338423719, 28.364397750889072 ], [ -81.432446694779571, 28.364389944358926 ], [ -81.432429010495582, 28.36438751475486 ], [ -81.432433079566437, 28.364364095163797 ], [ -81.432441921705916, 28.36436530996594 ], [ -81.432445990772123, 28.364341890373034 ], [ -81.432419464361629, 28.364338245965151 ], [ -81.432418108004086, 28.364346052496067 ], [ -81.43238273945714, 28.364341193274988 ], [ -81.432381383096143, 28.364348999805337 ], [ -81.432363698822599, 28.364346570190186 ], [ -81.432365055185173, 28.36433876365998 ], [ -81.432356213049587, 28.364337548851456 ], [ -81.432361638500581, 28.364306322729263 ], [ -81.432370480632983, 28.364307537537492 ], [ -81.432373193355389, 28.364291924475218 ], [ -81.432382035486441, 28.364293139282527 ], [ -81.432384748206246, 28.364277526219333 ], [ -81.432393590335977, 28.364278741025753 ], [ -81.4323949466947, 28.364270934493824 ], [ -81.432403788823876, 28.364272149299396 ], [ -81.43240785789618, 28.364248729702236 ], [ -81.432399015769391, 28.364247514896931 ], [ -81.432400372127105, 28.364239708364288 ], [ -81.432391530001368, 28.364238493558332 ], [ -81.432394242717663, 28.364222880492658 ], [ -81.432403084841809, 28.364224095298486 ], [ -81.432405797555504, 28.364208482231945 ], [ -81.432414639678314, 28.364209697036834 ], [ -81.432415996033981, 28.364201890503164 ], [ -81.432424838156251, 28.364203105307251 ], [ -81.432426194510882, 28.364195298773389 ], [ -81.432417352389422, 28.364194083969412 ], [ -81.432418708744592, 28.364186277435451 ], [ -81.432427550865256, 28.364187492239306 ], [ -81.432431619926874, 28.364164072636111 ], [ -81.43244046204542, 28.364165287439015 ], [ -81.43244181839799, 28.364157480904179 ], [ -81.432450660515954, 28.364158695706202 ], [ -81.432452016867501, 28.364150889171128 ], [ -81.432460858984939, 28.364152103972401 ], [ -81.43246221533542, 28.364144297436994 ], [ -81.432471057452318, 28.364145512237421 ], [ -81.432472413801747, 28.364137705701793 ], [ -81.432490098034719, 28.364140135300268 ], [ -81.432491454382301, 28.36413232876426 ], [ -81.432517980731262, 28.364135973156191 ], [ -81.432519337076201, 28.364128166619771 ], [ -81.432537021308519, 28.364130596210526 ], [ -81.432538377651611, 28.364122789673722 ], [ -81.432556061883361, 28.364125219261393 ], [ -81.432561487246872, 28.364093993111776 ], [ -81.432570329359933, 28.364095207904185 ], [ -81.432573042038612, 28.36407959482818 ], [ -81.432581884150324, 28.364080809619622 ], [ -81.432585953164036, 28.364057390004035 ], [ -81.432594795273616, 28.364058604794501 ], [ -81.432598864282696, 28.364035185177048 ], [ -81.432572337961886, 28.364031540804248 ], [ -81.432573694300132, 28.364023734264979 ], [ -81.432556010089129, 28.364021304679621 ], [ -81.432557366428725, 28.364013498140398 ], [ -81.432548524324403, 28.364012283346682 ], [ -81.432549880664538, 28.364004476807345 ], [ -81.43253219645824, 28.36400204721792 ], [ -81.432533552799725, 28.363994240678558 ], [ -81.432524710697763, 28.363993025882838 ], [ -81.432527423381558, 28.363977412803816 ], [ -81.432509739181583, 28.363974983210507 ], [ -81.432511095524703, 28.363967176670897 ], [ -81.432502253425895, 28.36396596187322 ], [ -81.432509035141734, 28.363926929173026 ], [ -81.43249135095283, 28.363924499576385 ], [ -81.432494063640618, 28.363908886495416 ], [ -81.432485221548149, 28.363907671696108 ], [ -81.432486577892448, 28.363899865155453 ], [ -81.432477735801044, 28.36389865035553 ], [ -81.432479092145883, 28.36389084381479 ], [ -81.432470250055516, 28.363889629014267 ], [ -81.432471606400924, 28.363881822473406 ], [ -81.43245392222255, 28.363879392870235 ], [ -81.432455278569293, 28.363871586329399 ], [ -81.432437594393519, 28.36386915672346 ], [ -81.432436238045199, 28.363876963264126 ], [ -81.432409711781062, 28.363873318849464 ], [ -81.432411068131799, 28.363865512309097 ], [ -81.432402226045056, 28.363864297502797 ], [ -81.432403582396333, 28.363856490962316 ], [ -81.43238589822522, 28.363854061347709 ], [ -81.432387254577833, 28.363846254807235 ], [ -81.432369570409335, 28.363843825189893 ], [ -81.432370926763298, 28.363836018649437 ], [ -81.432362084680221, 28.363834803839712 ], [ -81.432363441034738, 28.363826997299121 ], [ -81.432354598952713, 28.363825782488817 ], [ -81.432357311662585, 28.363810169407298 ], [ -81.432366153743004, 28.363811384217474 ], [ -81.432370222803542, 28.363787964593648 ], [ -81.432379064881829, 28.363789179402811 ], [ -81.432380421234043, 28.363781372861084 ], [ -81.432389263311791, 28.363782587669398 ], [ -81.432390619662954, 28.363774781127443 ], [ -81.432399461740161, 28.363775995934976 ], [ -81.432400818090272, 28.363768189392704 ], [ -81.43240966016694, 28.363769404199385 ], [ -81.432411016516014, 28.363761597656893 ], [ -81.432384490289181, 28.363757953234863 ], [ -81.432393984742376, 28.363703307434182 ], [ -81.432402826812165, 28.363704522241637 ], [ -81.432406895857397, 28.36368110260992 ], [ -81.432398053789996, 28.363679887802711 ], [ -81.432400766487163, 28.363664274714161 ], [ -81.432409608552945, 28.363665489521189 ], [ -81.432413677594411, 28.363642069886783 ], [ -81.432449045850547, 28.363646929106526 ], [ -81.432450402194007, 28.363639122560993 ], [ -81.432459244257871, 28.363640337363975 ], [ -81.432460600600294, 28.363632530818219 ], [ -81.432478284727196, 28.363634960421855 ], [ -81.432489135444769, 28.363572508047987 ], [ -81.432497977502223, 28.363573722848006 ], [ -81.432496621164191, 28.363581529395443 ], [ -81.432514305281472, 28.363583958993434 ], [ -81.432515661617899, 28.363576152445809 ], [ -81.43252450367612, 28.363577367243625 ], [ -81.432525860011495, 28.363569560695765 ], [ -81.432534702069177, 28.363570775492715 ], [ -81.432538771071407, 28.363547355847782 ], [ -81.432547613126943, 28.363548570643772 ], [ -81.432548969459731, 28.363540764095013 ], [ -81.432540127404991, 28.363539549299105 ], [ -81.432541483738319, 28.363531742750279 ], [ -81.432532641684631, 28.363530527953738 ], [ -81.432533998018513, 28.363522721404777 ], [ -81.432525155965862, 28.363521506607604 ], [ -81.432526512300271, 28.36351370005859 ], [ -81.4325176702487, 28.363512485260731 ], [ -81.432521739252849, 28.363489065612903 ], [ -81.432530581302046, 28.363490280410492 ], [ -81.43253193763546, 28.363482473860728 ], [ -81.432540779684118, 28.363483688657482 ], [ -81.43254213601648, 28.363475882107512 ], [ -81.432550978064583, 28.36347709690347 ], [ -81.432555047057804, 28.363453677252171 ], [ -81.43256388910379, 28.363454892047081 ], [ -81.432565245433565, 28.363447085496261 ], [ -81.432582929524671, 28.363449515083705 ], [ -81.432581573196487, 28.36345732163473 ], [ -81.432590415243212, 28.363458536427476 ], [ -81.432589058915582, 28.363466342978462 ], [ -81.432615585059708, 28.363469987352453 ], [ -81.43261694138495, 28.363462180801232 ], [ -81.432625783432698, 28.363463395591026 ], [ -81.432627139756903, 28.363455589039546 ], [ -81.432635981804097, 28.363456803828491 ], [ -81.43263733812725, 28.36344899727677 ], [ -81.432646180173904, 28.363450212064883 ], [ -81.432647536496006, 28.363442405512874 ], [ -81.432682904682011, 28.363447264657715 ], [ -81.432681548363107, 28.363455071210073 ], [ -81.432708074507687, 28.363458715561272 ], [ -81.43270943082419, 28.36345090900862 ], [ -81.432718272872094, 28.363452123790811 ], [ -81.432722341817751, 28.363428704131607 ], [ -81.432731183863524, 28.363429918912807 ], [ -81.432732540177426, 28.363422112359284 ], [ -81.432741382222659, 28.363423327139621 ], [ -81.432744094848147, 28.363407714031936 ], [ -81.43273525280452, 28.363406499251798 ], [ -81.432736609117683, 28.36339869269775 ], [ -81.432727767075122, 28.363397477916969 ], [ -81.432729123388825, 28.363389671362814 ], [ -81.432737965430604, 28.363390886143549 ], [ -81.43273932174327, 28.363383079589202 ], [ -81.432748163784495, 28.363384294369109 ], [ -81.432749520096124, 28.363376487814463 ], [ -81.432758362136809, 28.363377702593528 ], [ -81.432761074757707, 28.363362089483555 ], [ -81.432769916797056, 28.363363304261693 ], [ -81.432771273106326, 28.36335549770639 ], [ -81.432780115145135, 28.363356712483739 ], [ -81.432782827761329, 28.363341099372317 ], [ -81.432791669798803, 28.363342314148749 ], [ -81.432797095024995, 28.363311087923524 ], [ -81.432805937059527, 28.363312302698859 ], [ -81.432807293364661, 28.363304496142 ], [ -81.432842661502136, 28.363309355235756 ], [ -81.432844017803831, 28.363301548678393 ], [ -81.432852859838022, 28.363302763449912 ], [ -81.432855572439053, 28.363287150334468 ], [ -81.432864414471922, 28.363288365105042 ], [ -81.432867127070352, 28.36327275198872 ], [ -81.432893653165692, 28.363276396295579 ], [ -81.432896365758339, 28.363260783178053 ], [ -81.432905207789034, 28.363261997945305 ], [ -81.43290792037908, 28.363246384826933 ], [ -81.432916762408439, 28.363247599593276 ], [ -81.432919474995884, 28.363231986473995 ], [ -81.432928317023894, 28.363233201239485 ], [ -81.432929673316451, 28.363225394679478 ], [ -81.43293851534392, 28.363226609444119 ], [ -81.432939871635426, 28.363218802883885 ], [ -81.432948713662356, 28.363220017647699 ], [ -81.43295006995281, 28.363212211087191 ], [ -81.432958911979185, 28.363213425850198 ], [ -81.432962980846654, 28.363190006167308 ], [ -81.432971822870911, 28.363191220929327 ], [ -81.432977248020833, 28.363159994682636 ], [ -81.432986090042164, 28.363161209443547 ], [ -81.432991515184895, 28.363129983193698 ], [ -81.432982673166777, 28.363128768433114 ], [ -81.432984029452612, 28.36312096187028 ], [ -81.432966345418734, 28.363118532347109 ], [ -81.432969057992864, 28.363102919221308 ], [ -81.4329602159779, 28.363101704458764 ], [ -81.432961572265398, 28.363093897895666 ], [ -81.432943888237816, 28.36309146836863 ], [ -81.432952025967083, 28.363044628987474 ], [ -81.432943183958457, 28.363043414223323 ], [ -81.432944540246581, 28.363035607659285 ], [ -81.432935698239021, 28.363034392894519 ], [ -81.432937054527699, 28.36302658633041 ], [ -81.432928212521176, 28.363025371564969 ], [ -81.432929568810408, 28.363017565000771 ], [ -81.432920726804923, 28.363016350234684 ], [ -81.432923439384226, 28.363000737105864 ], [ -81.432896913374123, 28.362997092803791 ], [ -81.432895557082219, 28.363004899368018 ], [ -81.432860189069103, 28.363000040287972 ], [ -81.432861545364204, 28.362992233724121 ], [ -81.432852703362371, 28.362991018952325 ], [ -81.432854059658013, 28.362983212388336 ], [ -81.432845217657217, 28.362981997615933 ], [ -81.432846573953412, 28.362974191051912 ], [ -81.432837731953683, 28.36297297627884 ], [ -81.432839088250418, 28.362965169714705 ], [ -81.432847930249352, 28.362966384487645 ], [ -81.43284928654505, 28.362958577923234 ], [ -81.432858128543458, 28.362959792695378 ], [ -81.43286626630757, 28.362912953304686 ], [ -81.432857424313951, 28.362911738533064 ], [ -81.432858780607901, 28.362903931967434 ], [ -81.432841096623022, 28.362901502422126 ], [ -81.432842452918322, 28.362893695856503 ], [ -81.432833610927048, 28.362892481082845 ], [ -81.432834967222888, 28.362884674517083 ], [ -81.43282612523268, 28.36288345974279 ], [ -81.43282748152906, 28.362875653176982 ], [ -81.432818639539903, 28.362874438402006 ], [ -81.432819995836823, 28.362866631836113 ], [ -81.432811153848718, 28.362865417060483 ], [ -81.432809797551002, 28.362873223626316 ], [ -81.432792113573967, 28.362870794072727 ], [ -81.432793469873275, 28.362862987507093 ], [ -81.432775785898841, 28.362860557950768 ], [ -81.432778498499914, 28.362844944819273 ], [ -81.432769656514679, 28.362843730040154 ], [ -81.432771012815635, 28.362835923474254 ], [ -81.432762170831452, 28.362834708694514 ], [ -81.432763527132948, 28.362826902128507 ], [ -81.432745843166941, 28.362824472566977 ], [ -81.432747199469773, 28.362816666000956 ], [ -81.432738357487963, 28.362815451219191 ], [ -81.432739713791349, 28.362807644653078 ], [ -81.432730871810577, 28.362806429870631 ], [ -81.432732228114503, 28.362798623304485 ], [ -81.432714544155317, 28.362796193737584 ], [ -81.432715900460593, 28.36278838717141 ], [ -81.432698216504008, 28.362785957601734 ], [ -81.432699572810648, 28.362778151035545 ], [ -81.432681888856663, 28.36277572146313 ], [ -81.432683245164625, 28.36276791489696 ], [ -81.432674403188827, 28.362766700109713 ], [ -81.432675759497343, 28.36275889354345 ], [ -81.43265807554809, 28.362756463966971 ], [ -81.432656719237968, 28.362764270533066 ], [ -81.432647877262909, 28.362763055743624 ], [ -81.432646520951749, 28.362770862309464 ], [ -81.432611153050928, 28.362766003143967 ], [ -81.432612509365271, 28.362758196578522 ], [ -81.432603667391504, 28.362756981785392 ], [ -81.432606380021042, 28.36274136865406 ], [ -81.432597538049123, 28.362740153860411 ], [ -81.432600250679258, 28.36272454072855 ], [ -81.432582566739356, 28.362722111139313 ], [ -81.432583923055645, 28.362714304573338 ], [ -81.432575081086867, 28.362713089777728 ], [ -81.432577793720284, 28.362697476645355 ], [ -81.432533583888201, 28.362691402657113 ], [ -81.432532227567634, 28.362699209222921 ], [ -81.432523385601186, 28.362697994422977 ], [ -81.432522029279568, 28.362705800988572 ], [ -81.432504345345833, 28.362703371386296 ], [ -81.432502989022382, 28.362711177951518 ], [ -81.432494147055095, 28.362709963149207 ], [ -81.432496859703363, 28.362694350018739 ], [ -81.432505701669044, 28.362695564820921 ], [ -81.432512483281343, 28.362656531991242 ], [ -81.432521325243314, 28.362657746792223 ], [ -81.432522681564208, 28.362649940225708 ], [ -81.432513839603061, 28.362648725424791 ], [ -81.432515195924523, 28.362640918858155 ], [ -81.432506353964413, 28.362639704056651 ], [ -81.432507710286416, 28.362631897489873 ], [ -81.432498868327357, 28.362630682687712 ], [ -81.432500224649914, 28.362622876120906 ], [ -81.432491382691907, 28.362621661318069 ], [ -81.432492739015018, 28.362613854751167 ], [ -81.43246621314492, 28.362610210338527 ], [ -81.432467569470163, 28.362602403771717 ], [ -81.432458727514756, 28.362601188966117 ], [ -81.432460083840553, 28.362593382399211 ], [ -81.432451241886199, 28.362592167592972 ], [ -81.432453954538616, 28.36257655445883 ], [ -81.432445112586123, 28.362575339652018 ], [ -81.432447825239137, 28.362559726517329 ], [ -81.432438983288506, 28.362558511709945 ], [ -81.432440339615425, 28.362550705142443 ], [ -81.432431497665831, 28.362549490334423 ], [ -81.432432853993305, 28.362541683766818 ], [ -81.432424012044763, 28.362540468958148 ], [ -81.432425368372776, 28.362532662390436 ], [ -81.4324165264253, 28.362531447581137 ], [ -81.432417882753853, 28.362523641013336 ], [ -81.432400198861245, 28.362521211392711 ], [ -81.432401555191134, 28.362513404824913 ], [ -81.432383871301127, 28.362510975201481 ], [ -81.432385227632395, 28.362503168633722 ], [ -81.432367543745002, 28.362500739007512 ], [ -81.432368900077577, 28.362492932439718 ], [ -81.432342374250794, 28.36248928799521 ], [ -81.432341017915803, 28.362497094562745 ], [ -81.432332175973258, 28.36249587974633 ], [ -81.432330819637215, 28.362503686313584 ], [ -81.43230429380867, 28.36250004185969 ], [ -81.432302937469998, 28.362507848426539 ], [ -81.432285253583984, 28.362505418786771 ], [ -81.432286609924262, 28.362497612220071 ], [ -81.432260084099539, 28.362493967755185 ], [ -81.432261440441962, 28.362486161188642 ], [ -81.432252598501691, 28.36248494636558 ], [ -81.432253954844654, 28.362477139798912 ], [ -81.432245112905434, 28.362475924975286 ], [ -81.432246469248952, 28.36246811840855 ], [ -81.432237627310784, 28.362466903584192 ], [ -81.432238983654827, 28.362459097017361 ], [ -81.432230141717724, 28.362457882192416 ], [ -81.432231498062322, 28.362450075625503 ], [ -81.432222656126257, 28.362448860799887 ], [ -81.432224012471409, 28.362441054232892 ], [ -81.432215170536409, 28.362439839406633 ], [ -81.432216526882101, 28.362432032839553 ], [ -81.432207684948153, 28.362430818012655 ], [ -81.432213110331602, 28.362399591742861 ], [ -81.432221952262367, 28.362400806569404 ], [ -81.43222737763864, 28.362369580296445 ], [ -81.432218535711073, 28.36236836547026 ], [ -81.432219892055301, 28.362360558901649 ], [ -81.432202208202497, 28.362358129247191 ], [ -81.432203564548075, 28.362350322678587 ], [ -81.432194722622853, 28.36234910785037 ], [ -81.432196078968985, 28.362341301281646 ], [ -81.432187237044815, 28.362340086452772 ], [ -81.432188593391487, 28.36233227988404 ], [ -81.432170909545505, 28.362329850224203 ], [ -81.432172265893513, 28.362322043655418 ], [ -81.432154582050146, 28.362319613992863 ], [ -81.432155938399518, 28.362311807424074 ], [ -81.432147096479014, 28.362310592591793 ], [ -81.432148452828912, 28.362302786022944 ], [ -81.432139610909445, 28.362301571189988 ], [ -81.432140967259926, 28.362293764621047 ], [ -81.432123283423365, 28.362291334953131 ], [ -81.432124639775168, 28.36228352838414 ], [ -81.43211579785806, 28.362282313549183 ], [ -81.432117154210403, 28.362274506980185 ], [ -81.43209947037856, 28.362272077308138 ], [ -81.432100826732253, 28.362264270739121 ], [ -81.432083142903025, 28.36226184106436 ], [ -81.432084499258053, 28.362254034495308 ], [ -81.432075657344626, 28.362252819656938 ], [ -81.432077013700194, 28.362245013087783 ], [ -81.432068171787819, 28.362243798248723 ], [ -81.432069528143941, 28.362235991679551 ], [ -81.432051844321535, 28.3622335619994 ], [ -81.432053200679007, 28.362225755430195 ], [ -81.432044358768977, 28.362224540589096 ], [ -81.432045715126989, 28.36221673401981 ], [ -81.43203687321801, 28.362215519178061 ], [ -81.432038229576577, 28.362207712608672 ], [ -81.432020545760992, 28.362205282923195 ], [ -81.432021902120908, 28.362197476353835 ], [ -81.432013060214274, 28.362196261510046 ], [ -81.432014416574731, 28.362188454940604 ], [ -81.432005574669162, 28.362187240096169 ], [ -81.432006931030159, 28.362179433526617 ], [ -81.431989247221381, 28.362177003835797 ], [ -81.431990603583742, 28.362169197266205 ], [ -81.431981761680532, 28.362167982419781 ], [ -81.431983118043419, 28.362160175850086 ], [ -81.431965434239359, 28.362157746155205 ], [ -81.431966790603596, 28.362149939585528 ], [ -81.431949106802136, 28.362147509887869 ], [ -81.431950463167709, 28.362139703318203 ], [ -81.431932779368879, 28.36213727361779 ], [ -81.431934135735801, 28.362129467048113 ], [ -81.431916451939571, 28.36212703734493 ], [ -81.431919164675861, 28.362111424205398 ], [ -81.431910322779714, 28.362110209352856 ], [ -81.431911679148286, 28.362102402782934 ], [ -81.43190283725319, 28.362101187929756 ], [ -81.431904193622302, 28.362093381359713 ], [ -81.431886509834499, 28.362090951651346 ], [ -81.431887866204946, 28.362083145081343 ], [ -81.431870182419729, 28.36208071537019 ], [ -81.43187153879154, 28.362072908800194 ], [ -81.431862696900126, 28.362071693943594 ], [ -81.431864053272463, 28.36206388737347 ], [ -81.431855211382086, 28.362062672516235 ], [ -81.431856567754977, 28.362054865945996 ], [ -81.431838883976596, 28.362052436229529 ], [ -81.431840240350823, 28.362044629659323 ], [ -81.431822556575042, 28.362042199940039 ], [ -81.431823912950634, 28.362034393369843 ], [ -81.431815071063923, 28.362033178509197 ], [ -81.43181642744004, 28.362025371938902 ], [ -81.431807585554381, 28.362024157077634 ], [ -81.431810298307482, 28.36200854393671 ], [ -81.431783772656814, 28.362004899348875 ], [ -81.43178512903539, 28.361997092778441 ], [ -81.431776287153127, 28.361995877914449 ], [ -81.43177493077377, 28.362003684484826 ], [ -81.431757247008434, 28.362001254754489 ], [ -81.431758603389397, 28.36199344818429 ], [ -81.431749761507916, 28.361992233318091 ], [ -81.431752474270652, 28.361976620177344 ], [ -81.431743632391033, 28.361975405310581 ], [ -81.43174498877282, 28.361967598740019 ], [ -81.431736146894238, 28.361966383872613 ], [ -81.43173750327658, 28.361958577301976 ], [ -81.431728661399049, 28.361957362433934 ], [ -81.431730017781945, 28.361949555863184 ], [ -81.431721175905452, 28.361948340994498 ], [ -81.431722532288887, 28.361940534423663 ], [ -81.43171369041346, 28.361939319554359 ], [ -81.43171504679745, 28.361931512983414 ], [ -81.43170620492306, 28.361930298113432 ], [ -81.431710274075925, 28.361906878399925 ], [ -81.431701432204179, 28.36190566352947 ], [ -81.431702788588751, 28.361897856958009 ], [ -81.431693946718084, 28.361896642086943 ], [ -81.431695303103211, 28.361888835515359 ], [ -81.431686461233568, 28.361887620643611 ], [ -81.431687817619235, 28.36187981407199 ], [ -81.431661292014255, 28.361876169452596 ], [ -81.431662648402067, 28.361868362881072 ], [ -81.431653806535053, 28.361867148006528 ], [ -81.431655162923406, 28.36185934143494 ], [ -81.431646321057443, 28.361858126559749 ], [ -81.43164767744635, 28.36185031998804 ], [ -81.431621151852355, 28.361846675358418 ], [ -81.431622508243407, 28.361838868786776 ], [ -81.431604824516938, 28.361836439030153 ], [ -81.431606180909327, 28.36182863245854 ], [ -81.431597339047286, 28.36182741757921 ], [ -81.431598695440215, 28.361819611007533 ], [ -81.431589853579226, 28.36181839612755 ], [ -81.431591209972694, 28.361810589555727 ], [ -81.431582368112743, 28.36180937467509 ], [ -81.43158372450678, 28.361801568103232 ], [ -81.43157488264788, 28.361800353221987 ], [ -81.431576239042457, 28.361792546649948 ], [ -81.431567397184608, 28.361791331768075 ], [ -81.431568753579739, 28.361783525195978 ], [ -81.431559911722957, 28.361782310313437 ], [ -81.431561268118614, 28.361774503741294 ], [ -81.431552426262883, 28.361773288858053 ], [ -81.431553782659094, 28.361765482285858 ], [ -81.431536098949962, 28.361763052517414 ], [ -81.43153745534751, 28.361755245945151 ], [ -81.431528613494137, 28.361754031059906 ], [ -81.431529969892239, 28.361746224487579 ], [ -81.431512286187839, 28.3617437947151 ], [ -81.431513642587291, 28.361735988142748 ], [ -81.431504800736263, 28.361734773255485 ], [ -81.431506157136241, 28.361726966683058 ], [ -81.431488473436545, 28.36172453690649 ], [ -81.431491186238986, 28.361708923761434 ], [ -81.4314823443911, 28.361707708872267 ], [ -81.431483700792754, 28.361699902299577 ], [ -81.431466017099353, 28.36169747251909 ], [ -81.431464660696122, 28.36170527909163 ], [ -81.431455818849003, 28.361704064200211 ], [ -81.431454462444734, 28.361711870772464 ], [ -81.431436778749671, 28.361709440987216 ], [ -81.431439491561179, 28.361693827842931 ], [ -81.431430649715622, 28.361692612949373 ], [ -81.431433362527713, 28.361676999804509 ], [ -81.431424520684004, 28.361675784910425 ], [ -81.431425877090476, 28.36166797833781 ], [ -81.431408193405431, 28.36166554854757 ], [ -81.431409549813253, 28.361657741974973 ], [ -81.431374182449375, 28.361652882386036 ], [ -81.431375538860124, 28.361645075813637 ], [ -81.431366697020593, 28.361643860914619 ], [ -81.431368053431896, 28.3616360543421 ], [ -81.431350369755179, 28.361633624542133 ], [ -81.431351726167833, 28.361625817969596 ], [ -81.431342884330647, 28.361624603068577 ], [ -81.43134424074384, 28.361616796495959 ], [ -81.43133539890772, 28.361615581594315 ], [ -81.431336755321453, 28.361607775021621 ], [ -81.431327913486371, 28.361606560119302 ], [ -81.431326557071856, 28.361614366691938 ], [ -81.431317715236233, 28.361613151788788 ], [ -81.431316358820652, 28.361620958361144 ], [ -81.431307516984489, 28.361619743457201 ], [ -81.431306160567871, 28.361627550029283 ], [ -81.431297318731154, 28.361626335124484 ], [ -81.431293249477392, 28.361649754839423 ], [ -81.431266723961627, 28.36164611011991 ], [ -81.431262654698415, 28.361669529832454 ], [ -81.431227287338075, 28.361664670195083 ], [ -81.43122864376258, 28.361656863624717 ], [ -81.431219801923916, 28.361655648713619 ], [ -81.43122115834899, 28.361647842143221 ], [ -81.431230000186844, 28.361649057054262 ], [ -81.431232713034603, 28.361633443912687 ], [ -81.431241554871121, 28.36163465882278 ], [ -81.431242911293836, 28.361626852251682 ], [ -81.431251753129814, 28.361628067160968 ], [ -81.431254465972884, 28.361612454018019 ], [ -81.431245624138498, 28.361611239108928 ], [ -81.43125240624579, 28.361572206248947 ], [ -81.431243564415652, 28.361570991339491 ], [ -81.43124627725841, 28.361555378194439 ], [ -81.43123743543012, 28.361554163284481 ], [ -81.431238791851925, 28.361546356711759 ], [ -81.431229950024672, 28.361545141801173 ], [ -81.431231306447017, 28.361537335228398 ], [ -81.4312136227949, 28.361534905405129 ], [ -81.431214979218595, 28.361527098832312 ], [ -81.431206137393715, 28.361525883919711 ], [ -81.431207493817951, 28.361518077346801 ], [ -81.431198651994123, 28.361516862433476 ], [ -81.431200008418884, 28.361509055860537 ], [ -81.431191166596122, 28.361507840946629 ], [ -81.431192523021451, 28.361500034373531 ], [ -81.431165997557031, 28.361496389627593 ], [ -81.431167353984492, 28.361488583054594 ], [ -81.43115851216433, 28.36148736813789 ], [ -81.431161225020119, 28.36147175499158 ], [ -81.431152383201805, 28.361470540074343 ], [ -81.431153739630105, 28.361462733501028 ], [ -81.431144897812842, 28.361461518583095 ], [ -81.431147610670322, 28.361445905436099 ], [ -81.431138768854893, 28.361444690517644 ], [ -81.431140125284045, 28.361436883943934 ], [ -81.431131283469682, 28.361435669024818 ], [ -81.431132639899388, 28.361427862451034 ], [ -81.431123798086077, 28.361426647531299 ], [ -81.431125154516323, 28.361418840957409 ], [ -81.431107470892044, 28.361416411115879 ], [ -81.431108827323641, 28.361408604542031 ], [ -81.431099985512688, 28.361407389620226 ], [ -81.431102698376705, 28.3613917764721 ], [ -81.4310938565676, 28.361390561549776 ], [ -81.431095213000049, 28.361382754975541 ], [ -81.431086371191981, 28.361381540052527 ], [ -81.43108772762497, 28.361373733478235 ], [ -81.431078885817968, 28.361372518554596 ], [ -81.431082955117802, 28.361349098830889 ], [ -81.43106527150934, 28.361346668981913 ], [ -81.431066627943693, 28.361338862407152 ], [ -81.431048944337846, 28.361336432555426 ], [ -81.431050300773563, 28.361328625980665 ], [ -81.431032617170317, 28.361326196126129 ], [ -81.431033973607384, 28.361318389551403 ], [ -81.431025131806933, 28.361317174623114 ], [ -81.431026488244541, 28.361309368048271 ], [ -81.431017646445142, 28.361308153119392 ], [ -81.431019002883303, 28.36130034654445 ], [ -81.43101016108497, 28.361299131614853 ], [ -81.431011517523658, 28.361291325039851 ], [ -81.431002675726376, 28.361290110109657 ], [ -81.431004032165617, 28.361282303534523 ], [ -81.430995190369373, 28.361281088603672 ], [ -81.430996546809169, 28.361273282028481 ], [ -81.430970021424386, 28.361269637231732 ], [ -81.430971377866314, 28.361261830656634 ], [ -81.430962536072684, 28.361260615722987 ], [ -81.430963892515166, 28.3612528091478 ], [ -81.430955050722588, 28.361251594213488 ], [ -81.43095640716561, 28.361243787638223 ], [ -81.430947565374112, 28.361242572703318 ], [ -81.430948921817674, 28.361234766127946 ], [ -81.430940080027213, 28.361233551192374 ], [ -81.430942792915189, 28.361217938041282 ], [ -81.430933951126562, 28.361216723105155 ], [ -81.430935307570991, 28.361208916529414 ], [ -81.430926465783415, 28.361207701592594 ], [ -81.430927822228369, 28.361199895016803 ], [ -81.430910138655591, 28.361197465141228 ], [ -81.430911495101896, 28.361189658565429 ], [ -81.430902653316679, 28.361188443626567 ], [ -81.430904009763537, 28.36118063705069 ], [ -81.430886326195463, 28.361178207170987 ], [ -81.430887682643672, 28.361170400595118 ], [ -81.430869999078197, 28.361167970712678 ], [ -81.430871355527756, 28.361160164136781 ], [ -81.430844830183858, 28.361156519307883 ], [ -81.430846186635549, 28.361148712732049 ], [ -81.430837344855547, 28.361147497787716 ], [ -81.430838701307778, 28.361139691211786 ], [ -81.430812175971724, 28.361136046374611 ], [ -81.430809463062232, 28.361151659525692 ], [ -81.430800621282458, 28.361150444578332 ], [ -81.430799264826533, 28.361158251153544 ], [ -81.430790423046219, 28.361157036205324 ], [ -81.430789066589256, 28.36116484278028 ], [ -81.430771383027789, 28.361162412881491 ], [ -81.430770026568979, 28.361170219456074 ], [ -81.430761184787841, 28.361169004505502 ], [ -81.430758471867861, 28.361184617653976 ], [ -81.430749630085373, 28.361183402702455 ], [ -81.430748273624218, 28.36119120927636 ], [ -81.430739431841189, 28.361189994324029 ], [ -81.430738075378983, 28.361197800897628 ], [ -81.430729233595414, 28.361196585944498 ], [ -81.430727877132142, 28.361204392517866 ], [ -81.430719035348034, 28.361203177563912 ], [ -81.430717678883738, 28.361210984136974 ], [ -81.430708837099075, 28.361209769182217 ], [ -81.430707480633728, 28.361217575755045 ], [ -81.430698638848526, 28.361216360799453 ], [ -81.430697282382127, 28.361224167372004 ], [ -81.430688440596384, 28.361222952415574 ], [ -81.430685727661242, 28.361238565559972 ], [ -81.430676885874163, 28.361237350602643 ], [ -81.430675529405406, 28.361245157174501 ], [ -81.430666687617773, 28.36124394221634 ], [ -81.430663974677941, 28.361259555359396 ], [ -81.430655132888973, 28.361258340400322 ], [ -81.430653776417884, 28.361266146971456 ], [ -81.430644934628376, 28.36126493201154 ], [ -81.430643578156236, 28.361272738582414 ], [ -81.430634736366173, 28.361271523621738 ], [ -81.430633379892996, 28.361279330192374 ], [ -81.430624538102393, 28.361278115230828 ], [ -81.430623181628164, 28.361285921801183 ], [ -81.430614339837021, 28.361284706838845 ], [ -81.430610270410426, 28.361308126548604 ], [ -81.430601428617138, 28.361306911585221 ], [ -81.430597359185896, 28.361330331293185 ], [ -81.430588517390476, 28.361329116328839 ], [ -81.430587160912097, 28.361336922897706 ], [ -81.430578319116137, 28.361335707932493 ], [ -81.430576962636721, 28.361343514501122 ], [ -81.430559279043976, 28.36134108456838 ], [ -81.430555209599405, 28.361364504272608 ], [ -81.430546367801014, 28.361363289304872 ], [ -81.430545011318188, 28.361371095872542 ], [ -81.430536169519257, 28.361369880903958 ], [ -81.430534813035393, 28.3613776874713 ], [ -81.430525971235923, 28.361376472501966 ], [ -81.430524614751008, 28.36138427906906 ], [ -81.430515772950997, 28.361383064098842 ], [ -81.430514416465016, 28.361390870665687 ], [ -81.430505574664465, 28.361389655694673 ], [ -81.430504218177461, 28.361397462261223 ], [ -81.430495376376356, 28.361396247289402 ], [ -81.430492663399974, 28.361411860421878 ], [ -81.430483821597534, 28.36141064544907 ], [ -81.430481108618565, 28.361426258580675 ], [ -81.430472266814775, 28.36142504360701 ], [ -81.430470910324118, 28.361432850172491 ], [ -81.430462068519802, 28.361431635197956 ], [ -81.430460712028093, 28.361439441763135 ], [ -81.430451870223237, 28.361438226787829 ], [ -81.430449157237476, 28.36145383991748 ], [ -81.430440315431269, 28.361452624941244 ], [ -81.430438958937216, 28.361460431505748 ], [ -81.430430117130456, 28.361459216528672 ], [ -81.430427404140019, 28.361474829656952 ], [ -81.430400878716497, 28.361471184720831 ], [ -81.430399522218508, 28.361478991284446 ], [ -81.430390680410383, 28.361477776304188 ], [ -81.430389323911342, 28.361485582867491 ], [ -81.430371640294254, 28.361483152904629 ], [ -81.43037028379338, 28.361490959467563 ], [ -81.430361441984402, 28.361489744484938 ], [ -81.430358728980295, 28.361505357610202 ], [ -81.430341045359967, 28.361502927642352 ], [ -81.430338332351639, 28.361518540766568 ], [ -81.430329490540259, 28.361517325781382 ], [ -81.430326777529359, 28.36153293890473 ], [ -81.43031793571663, 28.361531723918592 ], [ -81.43031657921, 28.361539530479934 ], [ -81.430307737396731, 28.361538315493004 ], [ -81.430306380889064, 28.361546122054033 ], [ -81.430297539075255, 28.361544907066314 ], [ -81.430296182566536, 28.361552713627095 ], [ -81.430287340752173, 28.361551498638519 ], [ -81.430285984242403, 28.361559305199027 ], [ -81.430277142427514, 28.361558090209638 ], [ -81.430274429405628, 28.361573703329999 ], [ -81.430265587589389, 28.361572488339679 ], [ -81.430264231077274, 28.361580294899486 ], [ -81.430255389260495, 28.361579079908363 ], [ -81.43025267623392, 28.361594693027314 ], [ -81.430243834415791, 28.361593478035235 ], [ -81.430242477901331, 28.361601284594371 ], [ -81.430233636082676, 28.361600069601522 ], [ -81.43023227956715, 28.361607876160367 ], [ -81.430223437747955, 28.361606661166654 ], [ -81.430222081231406, 28.361614467725257 ], [ -81.430213239411643, 28.36161325273072 ], [ -81.430211882894028, 28.361621059289057 ], [ -81.430203041073753, 28.361619844293759 ], [ -81.430201684555087, 28.361627650851801 ], [ -81.430192842734272, 28.361626435855658 ], [ -81.430190129694608, 28.361642048971074 ], [ -81.430181287872443, 28.361640833974011 ], [ -81.430179931351432, 28.361648640531374 ], [ -81.430171089528713, 28.361647425533491 ], [ -81.430169733006665, 28.361655232090587 ], [ -81.430160891183405, 28.361654017091858 ], [ -81.430159534660305, 28.361661823648713 ], [ -81.430150692836506, 28.361660608649157 ], [ -81.430149336312368, 28.361668415205713 ], [ -81.430140494488001, 28.361667200205364 ], [ -81.430139137962826, 28.361675006761686 ], [ -81.430130296137932, 28.361673791760495 ], [ -81.430128939611691, 28.36168159831653 ], [ -81.430120097786258, 28.361680383314557 ], [ -81.430118741258966, 28.361688189870293 ], [ -81.430109899432992, 28.361686974867471 ], [ -81.430108542904648, 28.361694781422976 ], [ -81.430090859251877, 28.361692351414952 ], [ -81.430088146191267, 28.361707964525078 ], [ -81.430079304363659, 28.361706749519783 ], [ -81.430077947832174, 28.361714556074553 ], [ -81.430069106004026, 28.361713341068388 ], [ -81.430067749471505, 28.361721147622884 ], [ -81.430058907642817, 28.361719932615916 ], [ -81.430057551109229, 28.361727739170156 ], [ -81.430048709280001, 28.361726524162357 ], [ -81.430047352745376, 28.361734330716271 ], [ -81.430038510915594, 28.361733115707722 ], [ -81.430037154379932, 28.361740922261411 ], [ -81.430028312549609, 28.361739707251964 ], [ -81.430026956012881, 28.361747513805398 ], [ -81.430018114182033, 28.361746298795147 ], [ -81.430015401106246, 28.361761911901279 ], [ -81.430006559274034, 28.361760696890105 ], [ -81.430005202734975, 28.361768503442828 ], [ -81.429996360902223, 28.361767288430862 ], [ -81.42999364782176, 28.361782901535566 ], [ -81.429984805987672, 28.361781686522658 ], [ -81.429983449446254, 28.361789493074628 ], [ -81.429974607611626, 28.36178827806097 ], [ -81.429973251069157, 28.361796084612713 ], [ -81.429964409233989, 28.361794869598189 ], [ -81.429963052690482, 28.36180267614964 ], [ -81.42995421085476, 28.36180146113432 ], [ -81.429952854310216, 28.361809267685519 ], [ -81.429944012473968, 28.361808052669335 ], [ -81.429942655928357, 28.361815859220293 ], [ -81.429933814091555, 28.361814644203289 ], [ -81.429932457544894, 28.361822450753998 ], [ -81.429923615707551, 28.361821235736144 ], [ -81.429922259159866, 28.361829042286608 ], [ -81.42991341732197, 28.36182782726797 ], [ -81.429912060773219, 28.361835633818107 ], [ -81.429903218934783, 28.361834418798637 ], [ -81.429901862384995, 28.361842225348514 ], [ -81.429893020546018, 28.36184101032827 ], [ -81.429891663995178, 28.361848816877885 ], [ -81.429882822155662, 28.361847601856773 ], [ -81.429881465603771, 28.361855408406132 ], [ -81.429872623763714, 28.361854193384229 ], [ -81.429871267210771, 28.361861999933314 ], [ -81.429862425370175, 28.361860784910551 ], [ -81.42986106881618, 28.361868591459384 ], [ -81.429852226975044, 28.361867376435811 ], [ -81.429850870419997, 28.361875182984384 ], [ -81.429842028578307, 28.361873967960022 ], [ -81.429840672022237, 28.361881774508308 ], [ -81.429831830180007, 28.361880559483101 ], [ -81.429830473622872, 28.361888366031145 ], [ -81.429821631780101, 28.361887151005075 ], [ -81.429820275221914, 28.361894957552831 ], [ -81.429811433378603, 28.361893742525979 ], [ -81.429810076819379, 28.361901549073519 ], [ -81.429801234975514, 28.361900334045821 ], [ -81.429799878415253, 28.361908140593048 ], [ -81.429791036570847, 28.361906925564565 ], [ -81.42978968000952, 28.361914732111551 ], [ -81.429780838164575, 28.361913517082201 ], [ -81.42977812503959, 28.361929130175515 ], [ -81.429769283193295, 28.361927915145248 ], [ -81.429766570065709, 28.361943528237674 ], [ -81.429757728218092, 28.361942313206505 ], [ -81.429756371653127, 28.361950119752365 ], [ -81.429747529804942, 28.361948904720382 ], [ -81.429746173238939, 28.361956711265968 ], [ -81.429737331390228, 28.361955496233161 ], [ -81.42973597482316, 28.361963302778467 ], [ -81.429727132973909, 28.36196208774486 ], [ -81.429725776405789, 28.361969894289906 ], [ -81.429716934555984, 28.361968679255487 ], [ -81.42971557798684, 28.361976485800252 ], [ -81.429706736136495, 28.361975270764979 ], [ -81.429705379566286, 28.361983077309514 ], [ -81.429696537715401, 28.361981862273389 ], [ -81.429695181144155, 28.361989668817703 ], [ -81.429677497441546, 28.361987238743097 ], [ -81.429676140868452, 28.361995045287046 ], [ -81.429667299016742, 28.36199383024854 ], [ -81.429665942442583, 28.362001636792233 ], [ -81.429648258738325, 28.361999206712877 ], [ -81.429646902162318, 28.362007013256189 ], [ -81.42963806030977, 28.362005798215307 ], [ -81.429635347155454, 28.362021411301203 ], [ -81.429626505301556, 28.362020196259479 ], [ -81.429625148723218, 28.362028002802038 ], [ -81.429616306868795, 28.362026787759483 ], [ -81.429614950289405, 28.362034594301786 ], [ -81.429606108434427, 28.362033379258399 ], [ -81.429604751853986, 28.362041185800443 ], [ -81.429595909998469, 28.362039970756179 ], [ -81.42959455341699, 28.36204777729801 ], [ -81.429585711560932, 28.362046562252974 ], [ -81.429584354978402, 28.362054368794499 ], [ -81.429575513121804, 28.362053153748622 ], [ -81.429574156538223, 28.362060960289924 ], [ -81.429565314681071, 28.362059745243243 ], [ -81.429563958096452, 28.362067551784254 ], [ -81.42955511623876, 28.362066336736714 ], [ -81.429553759653075, 28.362074143277418 ], [ -81.429544917794857, 28.362072928229093 ], [ -81.429543561208135, 28.362080734769592 ], [ -81.429534719349363, 28.36207951972041 ], [ -81.429533362761589, 28.36208732626066 ], [ -81.429524520902262, 28.362086111210626 ], [ -81.429521807724385, 28.36210172429038 ], [ -81.429512965863722, 28.362100509239504 ], [ -81.429511609273604, 28.362108315778997 ], [ -81.429502767412401, 28.362107100727268 ], [ -81.429498697638167, 28.362130520344529 ], [ -81.429489855774818, 28.362129305291784 ], [ -81.429485785995936, 28.362152724907205 ], [ -81.429476944130457, 28.362151509853494 ], [ -81.429471517751907, 28.362182736004527 ], [ -81.42948035962057, 28.362183951058636 ], [ -81.429476289836416, 28.362207370670323 ], [ -81.429485131707736, 28.362208585723927 ], [ -81.429479705328532, 28.362239811870712 ], [ -81.429488547203292, 28.362241026923961 ], [ -81.429487190608668, 28.362248833460324 ], [ -81.429496032484465, 28.362250048512902 ], [ -81.429493319296057, 28.362265661585255 ], [ -81.42951100305163, 28.362268091688531 ], [ -81.429509646458627, 28.36227589822461 ], [ -81.429518488337592, 28.362277113275244 ], [ -81.429517131745158, 28.362284919811245 ], [ -81.429525973625175, 28.362286134861229 ], [ -81.42952461703328, 28.362293941397155 ], [ -81.429533458914349, 28.362295156446461 ], [ -81.429532102322995, 28.362302962982284 ], [ -81.429540944205115, 28.362304178030968 ], [ -81.4295395876143, 28.362311984566698 ], [ -81.429548429497473, 28.362313199614729 ], [ -81.429547072907226, 28.362321006150381 ], [ -81.429555914791436, 28.362322221197783 ], [ -81.429554558201744, 28.362330027733325 ], [ -81.429563400087005, 28.362331242780051 ], [ -81.429562043497853, 28.362339049315587 ], [ -81.429570885384166, 28.362340264361645 ], [ -81.429569528795554, 28.362348070897017 ], [ -81.429578370682918, 28.362349285942472 ], [ -81.429577014094846, 28.362357092477723 ], [ -81.429585855983277, 28.362358307522566 ], [ -81.429584499395773, 28.362366114057767 ], [ -81.429602183174964, 28.362368544145291 ], [ -81.429600826588796, 28.362376350680528 ], [ -81.429609668479571, 28.362377565723257 ], [ -81.429608311893944, 28.362385372258402 ], [ -81.429617153785784, 28.362386587300502 ], [ -81.429615797200697, 28.362394393835562 ], [ -81.429624639093575, 28.362395608877005 ], [ -81.429623282509041, 28.362403415411958 ], [ -81.429632124402971, 28.362404630452765 ], [ -81.429630767818992, 28.362412436987576 ], [ -81.429639609713988, 28.362413652027779 ], [ -81.429638253130534, 28.362421458562523 ], [ -81.429647095026581, 28.362422673602087 ], [ -81.429645738443668, 28.362430480136737 ], [ -81.429654580340767, 28.362431695175594 ], [ -81.429653223758422, 28.362439501710181 ], [ -81.429662065656558, 28.362440716748406 ], [ -81.429660709074753, 28.362448523282936 ], [ -81.429669550973955, 28.3624497383205 ], [ -81.42966819439269, 28.362457544854927 ], [ -81.429677036292929, 28.36245875989183 ], [ -81.429675679712233, 28.36246656642615 ], [ -81.429684521613524, 28.362467781462463 ], [ -81.429683165033367, 28.362475587996663 ], [ -81.42969200693571, 28.36247680303233 ], [ -81.429690650356093, 28.362484609566437 ], [ -81.429699492259488, 28.362485824601457 ], [ -81.429698135680425, 28.362493631135468 ], [ -81.429706977584871, 28.362494846169831 ], [ -81.429705621006363, 28.362502652703807 ], [ -81.429714462911861, 28.362503867737487 ], [ -81.429713106333878, 28.362511674271364 ], [ -81.429721948240442, 28.362512889304398 ], [ -81.429720591662999, 28.362520695838199 ], [ -81.4297294335706, 28.362521910870559 ], [ -81.429728076993712, 28.362529717404286 ], [ -81.429736918902378, 28.362530932436012 ], [ -81.429735562326044, 28.362538738969658 ], [ -81.429744404235763, 28.362539954000738 ], [ -81.429741691083919, 28.362555567067599 ], [ -81.42975053299547, 28.362556782098149 ], [ -81.429749176419989, 28.362564588631415 ], [ -81.429758018332592, 28.362565803661305 ], [ -81.429756661757651, 28.362573610194463 ], [ -81.429765503671305, 28.36257482522371 ], [ -81.429764147096904, 28.362582631756784 ], [ -81.429781830926586, 28.362585061813252 ], [ -81.429780474353535, 28.362592868346361 ], [ -81.429789316269549, 28.362594083373558 ], [ -81.429786603124271, 28.362609696439371 ], [ -81.429795445042146, 28.362610911465993 ], [ -81.429794088469919, 28.362618717998746 ], [ -81.429802930388846, 28.362619933024703 ], [ -81.429801573817173, 28.362627739557389 ], [ -81.429810415737151, 28.36262895458275 ], [ -81.429809059166033, 28.36263676111529 ], [ -81.429826743008334, 28.362639191163943 ], [ -81.429825386438552, 28.362646997696498 ], [ -81.429834228360875, 28.362648212719836 ], [ -81.429831515222162, 28.362663825784551 ], [ -81.429840357146347, 28.36266504080734 ], [ -81.429839000577402, 28.362672847339564 ], [ -81.429847842502625, 28.362674062361641 ], [ -81.429846485934235, 28.362681868893734 ], [ -81.429855327860523, 28.362683083915233 ], [ -81.429853971292673, 28.362690890447229 ], [ -81.429862813220012, 28.362692105468071 ], [ -81.429861456652716, 28.362699912 ], [ -81.429870298581108, 28.362701127020159 ], [ -81.429868942014352, 28.362708933552003 ], [ -81.429877783943795, 28.36271014857153 ], [ -81.429876427377593, 28.36271795510331 ], [ -81.429885269308073, 28.362719170122183 ], [ -81.429883912742426, 28.36272697665385 ], [ -81.429892754673958, 28.362728191672037 ], [ -81.429891398108836, 28.36273599820365 ], [ -81.429900240041434, 28.362737213221234 ], [ -81.429898883476881, 28.362745019752712 ], [ -81.429907725410516, 28.362746234769656 ], [ -81.429906368846488, 28.362754041301027 ], [ -81.429915210781175, 28.362755256317339 ], [ -81.429913854217716, 28.362763062848639 ], [ -81.429922696153454, 28.362764277864301 ], [ -81.429921339590535, 28.362772084395495 ], [ -81.429939023464371, 28.36277451442476 ], [ -81.429936310340963, 28.362790127487042 ], [ -81.429945152279885, 28.362791342500685 ], [ -81.429943795718586, 28.362799149031638 ], [ -81.429961479598731, 28.362801579057013 ], [ -81.429960123038811, 28.362809385587948 ], [ -81.429968964980063, 28.362810600599609 ], [ -81.429967608420668, 28.362818407130483 ], [ -81.429976450362986, 28.362819622141519 ], [ -81.429975093804131, 28.362827428672315 ], [ -81.429983935747487, 28.362828643682651 ], [ -81.429982579189186, 28.362836450213329 ], [ -81.429991421133607, 28.362837665223072 ], [ -81.429990064575861, 28.362845471753669 ], [ -81.429998906521305, 28.362846686762737 ], [ -81.429997549964114, 28.362854493293245 ], [ -81.430015233857389, 28.362856923309334 ], [ -81.430013877301533, 28.362864729839863 ], [ -81.430022719249351, 28.362865944846906 ], [ -81.430021362694021, 28.362873751377354 ], [ -81.43003020464289, 28.362874966383732 ], [ -81.43002749153311, 28.362890579444215 ], [ -81.430036333483827, 28.362891794450029 ], [ -81.430034976929363, 28.362899600980128 ], [ -81.430043818881131, 28.362900815985316 ], [ -81.430042462327208, 28.36290862251527 ], [ -81.430051304280028, 28.362909837519844 ], [ -81.430049947726644, 28.362917644049727 ], [ -81.430058789680515, 28.362918859053647 ], [ -81.430057433127686, 28.362926665583402 ], [ -81.430066275082623, 28.362927880586671 ], [ -81.430063561977803, 28.362943493645904 ], [ -81.430072403934574, 28.36294470864857 ], [ -81.430071047382583, 28.36295251517803 ], [ -81.430079889340405, 28.362953730180077 ], [ -81.430078532788968, 28.362961536709449 ], [ -81.430087374747842, 28.362962751710803 ], [ -81.430083305094399, 28.362986171298118 ], [ -81.43009214705593, 28.362987386299015 ], [ -81.430090790505076, 28.362995192827835 ], [ -81.430099632467645, 28.36299640782811 ], [ -81.43009691936679, 28.363012020885407 ], [ -81.43010576133122, 28.36301323588512 ], [ -81.430104404781204, 28.363021042413628 ], [ -81.430122088712409, 28.36302347241099 ], [ -81.430120732163758, 28.363031278939484 ], [ -81.430129574130518, 28.363032493937165 ], [ -81.430128217582407, 28.363040300465517 ], [ -81.430137059550248, 28.363041515462541 ], [ -81.430135703002662, 28.363049321990857 ], [ -81.430153386940688, 28.363051751982876 ], [ -81.430152030394467, 28.363059558511168 ], [ -81.430160872364652, 28.363060773506188 ], [ -81.430159515818971, 28.363068580034373 ], [ -81.430168357790208, 28.363069795028682 ], [ -81.430167001245081, 28.363077601556821 ], [ -81.43017584321737, 28.363078816550555 ], [ -81.430174486672797, 28.363086623078598 ], [ -81.430183328646137, 28.363087838071603 ], [ -81.430181972102091, 28.363095644599589 ], [ -81.430199656051144, 28.363098074583636 ], [ -81.430198299508447, 28.363105881111608 ], [ -81.430207141484146, 28.363107096102603 ], [ -81.430205784942004, 28.363114902630446 ], [ -81.43021462691874, 28.363116117620837 ], [ -81.430213270377152, 28.363123924148582 ], [ -81.430222112354954, 28.363125139138319 ], [ -81.430220755813892, 28.363132945665985 ], [ -81.430229597792746, 28.363134160655047 ], [ -81.430228241252237, 28.363141967182692 ], [ -81.430237083232143, 28.363143182171115 ], [ -81.430235726692175, 28.363150988698571 ], [ -81.430244568673146, 28.363152203686386 ], [ -81.430243212133732, 28.363160010213786 ], [ -81.430252054115741, 28.363161225200923 ], [ -81.430250697576867, 28.363169031728248 ], [ -81.430259539559941, 28.363170246714716 ], [ -81.430258183021607, 28.363178053241967 ], [ -81.430267025005719, 28.363179268227782 ], [ -81.430265668467939, 28.363187074754919 ], [ -81.430274510453117, 28.363188289740147 ], [ -81.430273153915877, 28.363196096267171 ], [ -81.430281995902106, 28.363197311251731 ], [ -81.430280639365421, 28.363205117778676 ], [ -81.430289481352688, 28.363206332762598 ], [ -81.430288124816542, 28.363214139289475 ], [ -81.430296966804875, 28.363215354272757 ], [ -81.430295610269283, 28.363223160799517 ], [ -81.430304452258653, 28.36322437578211 ], [ -81.430303095723602, 28.363232182308799 ], [ -81.430311937714038, 28.363233397290745 ], [ -81.430310581179526, 28.363241203817367 ], [ -81.430319423171014, 28.363242418798663 ], [ -81.430318066637057, 28.363250225325196 ], [ -81.430326908629596, 28.363251440305874 ], [ -81.430325552096193, 28.363259246832296 ], [ -81.430334394089755, 28.363260461812327 ], [ -81.430333037556892, 28.363268268338633 ], [ -81.430341879551534, 28.363269483318046 ], [ -81.430340523019225, 28.363277289844262 ], [ -81.430349365014905, 28.363278504822979 ], [ -81.430348008483136, 28.363286311349153 ], [ -81.430356850479868, 28.363287526327241 ], [ -81.430355493948653, 28.363295332853333 ], [ -81.430364335946436, 28.363296547830718 ], [ -81.430362979415762, 28.363304354356739 ], [ -81.4303806634137, 28.36330678430955 ], [ -81.430377950354796, 28.363322397361323 ], [ -81.430386792355733, 28.363323612336796 ], [ -81.430385435826707, 28.36333141886254 ], [ -81.430394277828697, 28.363332633837352 ], [ -81.430392921300196, 28.363340440362975 ], [ -81.430410605306548, 28.363342870310589 ], [ -81.430409248779412, 28.363350676836237 ], [ -81.430418090783746, 28.363351891809039 ], [ -81.430416734257165, 28.363359698334591 ], [ -81.43043441826822, 28.36336212827813 ], [ -81.43043577479321, 28.363354321752432 ], [ -81.430444616798312, 28.363355536723002 ], [ -81.430445973322279, 28.363347730196992 ], [ -81.43045481532684, 28.363348945166784 ], [ -81.430456171849741, 28.363341138640532 ], [ -81.430500381872392, 28.363347213477862 ], [ -81.430501738391072, 28.363339406951006 ], [ -81.430519422400309, 28.363341836880601 ], [ -81.430518065883248, 28.363349643407691 ], [ -81.4305357498951, 28.363352073334532 ], [ -81.430537106410583, 28.363344266807324 ], [ -81.430545948416096, 28.36334548176951 ], [ -81.430550017958623, 28.363322062186608 ], [ -81.430541175955497, 28.363320847224617 ], [ -81.430542532469971, 28.363313040696685 ], [ -81.430533690467911, 28.363311825734076 ], [ -81.430535046982925, 28.363304019206048 ], [ -81.430526204981902, 28.363302804242768 ], [ -81.430531631042669, 28.363271578129357 ], [ -81.430522789045085, 28.363270363165665 ], [ -81.430524145560454, 28.363262556637 ], [ -81.430532987557228, 28.363263771600561 ], [ -81.430535700585608, 28.363248158542444 ], [ -81.43055338457674, 28.363250588466975 ], [ -81.430554741088955, 28.363242781937448 ], [ -81.430563583084108, 28.363243996898571 ], [ -81.430564939595286, 28.363236190368756 ], [ -81.430573781589885, 28.363237405329052 ], [ -81.430575138099996, 28.363229598799027 ], [ -81.430592822088386, 28.363232028717196 ], [ -81.430595535104686, 28.363216415656272 ], [ -81.430604377097666, 28.36321763061407 ], [ -81.430607090111366, 28.363202017552283 ], [ -81.430624774094895, 28.363204447465289 ], [ -81.430627487104417, 28.363188834402401 ], [ -81.430636329094966, 28.363190049357684 ], [ -81.430641755107786, 28.363158823229458 ], [ -81.430624071133337, 28.36315639331891 ], [ -81.430626784141424, 28.36314078025411 ], [ -81.430635626126943, 28.363141995209578 ], [ -81.430638339132443, 28.363126382143903 ], [ -81.430647181116626, 28.363127597098458 ], [ -81.430651250620599, 28.363104177498315 ], [ -81.430660092602622, 28.363105392451843 ], [ -81.430661449102658, 28.363097585918052 ], [ -81.430670291084155, 28.363098800870784 ], [ -81.430673004081868, 28.363083187802431 ], [ -81.430690688042432, 28.363085617705373 ], [ -81.430692044539313, 28.363077811170744 ], [ -81.430700886519176, 28.36307902612101 ], [ -81.43070224301502, 28.363071219586111 ], [ -81.430719926973907, 28.363073649484253 ], [ -81.430721283467904, 28.363065842949055 ], [ -81.430747809405759, 28.363069487790476 ], [ -81.430746452914164, 28.363077294325944 ], [ -81.430755294894752, 28.36307850927173 ], [ -81.430756651385551, 28.363070702736135 ], [ -81.430765493365598, 28.363071917681069 ], [ -81.43076684985536, 28.363064111145246 ], [ -81.430784533814617, 28.363066541032772 ], [ -81.430785890302531, 28.363058734496573 ], [ -81.43079473228174, 28.363059949439119 ], [ -81.430796088768616, 28.363052142902649 ], [ -81.430804930747286, 28.363053357844425 ], [ -81.430806287233096, 28.363045551307653 ], [ -81.430823971189625, 28.363047981188767 ], [ -81.430825327673588, 28.363040174651704 ], [ -81.43084301162952, 28.363042604529653 ], [ -81.430844368111636, 28.363034797992277 ], [ -81.430853210089197, 28.363036012930074 ], [ -81.430854566570261, 28.363028206392393 ], [ -81.430881092502048, 28.363031851201107 ], [ -81.430882448980498, 28.363024044662943 ], [ -81.430891290957476, 28.363025259597652 ], [ -81.430889934479822, 28.363033066135859 ], [ -81.430898776457866, 28.363034281069915 ], [ -81.430896063503425, 28.363049894145945 ], [ -81.430904905483303, 28.363051109079397 ], [ -81.430903549006516, 28.363058915617252 ], [ -81.430921232968629, 28.36306134548213 ], [ -81.430919876493164, 28.36306915202001 ], [ -81.430946402440625, 28.363072796812116 ], [ -81.430942333019942, 28.363096216425394 ], [ -81.430933491034821, 28.363095001495147 ], [ -81.430930778084857, 28.363110614569592 ], [ -81.430921936098372, 28.363109399638489 ], [ -81.430920579622224, 28.363117206175335 ], [ -81.430911737635199, 28.363115991243411 ], [ -81.430910381158, 28.363123797779995 ], [ -81.430901539170435, 28.36312258284725 ], [ -81.430900182692184, 28.363130389383567 ], [ -81.430891340704079, 28.36312917444998 ], [ -81.430889984224791, 28.363136980986077 ], [ -81.430881142236132, 28.363135766051613 ], [ -81.430879785755792, 28.363143572587443 ], [ -81.430870943766607, 28.363142357652212 ], [ -81.430869587285216, 28.363150164187797 ], [ -81.430860745295476, 28.363148949251705 ], [ -81.430859388813019, 28.363156755786989 ], [ -81.430850546822754, 28.363155540850105 ], [ -81.430845120887298, 28.363186766989163 ], [ -81.430853962880761, 28.363187981926416 ], [ -81.430852606397053, 28.363195788460839 ], [ -81.430843764402795, 28.36319457352349 ], [ -81.430841051433049, 28.36321018659164 ], [ -81.43083220943744, 28.363208971653386 ], [ -81.430829496465108, 28.363224584720673 ], [ -81.430838338462308, 28.363225799659059 ], [ -81.430834269004322, 28.363249219258883 ], [ -81.430843111004151, 28.363250434196836 ], [ -81.430841754518454, 28.363258240729838 ], [ -81.430859438520486, 28.363260670603736 ], [ -81.430858082036139, 28.363268477136696 ], [ -81.430866924038341, 28.363269692072652 ], [ -81.430864211070471, 28.363285305138294 ], [ -81.430881895078812, 28.363287735008296 ], [ -81.430880538596085, 28.363295541541039 ], [ -81.430889380601442, 28.363296756474995 ], [ -81.43088802411927, 28.363304563007656 ], [ -81.430896866125693, 28.363305777940987 ], [ -81.430895509644074, 28.363313584473538 ], [ -81.43090435165152, 28.363314799406208 ], [ -81.430902995170442, 28.363322605938684 ], [ -81.430911837178954, 28.363323820870704 ], [ -81.430909124217635, 28.363339433935327 ], [ -81.430917966227994, 28.363340648866828 ], [ -81.430916609747754, 28.363348455398928 ], [ -81.430925451759165, 28.363349670329768 ], [ -81.430920025838915, 28.363380896456839 ], [ -81.430928867853765, 28.363382111387295 ], [ -81.430927511373866, 28.363389917918735 ], [ -81.430936353389768, 28.363391132848481 ], [ -81.430934996910423, 28.363398939379806 ], [ -81.430943838927377, 28.363400154308927 ], [ -81.430942482448572, 28.363407960840195 ], [ -81.430951324466591, 28.363409175768673 ], [ -81.430949967988326, 28.363416982299864 ], [ -81.430958810007397, 28.363418197227706 ], [ -81.430957453529686, 28.36342600375874 ], [ -81.430975137570158, 28.363428433612409 ], [ -81.430973781093783, 28.363436240143468 ], [ -81.430982623115199, 28.363437455069292 ], [ -81.43097991016333, 28.363453068131069 ], [ -81.430971068140309, 28.363451853205078 ], [ -81.430969711663195, 28.36345965973565 ], [ -81.430960869639662, 28.363458444808764 ], [ -81.430958156683076, 28.363474057869173 ], [ -81.430949314658179, 28.363472842941444 ], [ -81.43094795817872, 28.363480649471303 ], [ -81.430939116153283, 28.363479434542775 ], [ -81.430937759672773, 28.363487241072281 ], [ -81.430928917646796, 28.363486026142954 ], [ -81.430926204683416, 28.363501639201392 ], [ -81.430917362656118, 28.363500424271056 ], [ -81.430916006173263, 28.363508230799976 ], [ -81.430907164145395, 28.363507015868855 ], [ -81.430905807661489, 28.363514822397466 ], [ -81.430896965633082, 28.36351360746551 ], [ -81.430894252662924, 28.363529220522036 ], [ -81.430885410633181, 28.363528005589206 ], [ -81.430884054146929, 28.363535812117117 ], [ -81.430875212116632, 28.363534597183449 ], [ -81.430872499141799, 28.363550210238525 ], [ -81.430854815078789, 28.363547780368659 ], [ -81.430852102099763, 28.363563393422705 ], [ -81.430834418034578, 28.363560963549542 ], [ -81.430833061543083, 28.363568770076139 ], [ -81.430824219510072, 28.363567555138339 ], [ -81.430822863017539, 28.363575361664658 ], [ -81.430805178950706, 28.363572931786742 ], [ -81.430803822456326, 28.363580738312717 ], [ -81.430786138388896, 28.363578308431695 ], [ -81.430784781892669, 28.363586114957286 ], [ -81.430775939858549, 28.363584900015585 ], [ -81.43077458336127, 28.363592706540921 ], [ -81.430756899292192, 28.363590276655117 ], [ -81.430758255791048, 28.363582470129927 ], [ -81.430749413757695, 28.363581255186013 ], [ -81.430748057258029, 28.363589061711089 ], [ -81.430703847091038, 28.363582986980074 ], [ -81.43070113408298, 28.363598600028798 ], [ -81.430665765947595, 28.363593740230048 ], [ -81.430664409439999, 28.363601546753792 ], [ -81.430611357239741, 28.363594257033004 ], [ -81.430610000727114, 28.36360206355609 ], [ -81.430618842760651, 28.363603278511508 ], [ -81.430616129736237, 28.363618891557309 ], [ -81.430624971771621, 28.363620106512094 ], [ -81.430623615259833, 28.363627913034819 ], [ -81.430632457296269, 28.363629127989022 ], [ -81.430631100785035, 28.363636934511636 ], [ -81.430639942822523, 28.363638149465185 ], [ -81.430637229800894, 28.363653762510076 ], [ -81.430646071840229, 28.363654977463046 ], [ -81.430644715329819, 28.363662783985323 ], [ -81.430653557370206, 28.363663998937653 ], [ -81.430652200860365, 28.363671805459834 ], [ -81.430661042901804, 28.36367302041155 ], [ -81.430659686392502, 28.363680826933624 ], [ -81.430668528434978, 28.363682041884662 ], [ -81.430667171926231, 28.363689848406693 ], [ -81.430684856013571, 28.363692278306701 ], [ -81.430683499506159, 28.363700084828697 ], [ -81.430692341550994, 28.363701299777702 ], [ -81.430690985044151, 28.363709106299591 ], [ -81.430708669136195, 28.363711536195549 ], [ -81.430707312630673, 28.363719342717516 ], [ -81.430716154677867, 28.363720557664458 ], [ -81.430713441667663, 28.363736170707934 ], [ -81.430704599618878, 28.363734955760819 ], [ -81.430703243112603, 28.363742762282207 ], [ -81.430694401063263, 28.363741547334232 ], [ -81.430693044555937, 28.363749353855347 ], [ -81.430684202506043, 28.363748138906615 ], [ -81.43068284599768, 28.363755945427453 ], [ -81.430674003947246, 28.363754730477858 ], [ -81.430672647437831, 28.363762536998436 ], [ -81.430663805386857, 28.363761322047999 ], [ -81.43066244887639, 28.363769128568361 ], [ -81.430653606824876, 28.363767913617082 ], [ -81.430652250313358, 28.363775720137173 ], [ -81.430643408261318, 28.363774505185084 ], [ -81.430640695235937, 28.363790118224557 ], [ -81.430631853182533, 28.363788903271537 ], [ -81.43063049666867, 28.363796709790929 ], [ -81.430612812561037, 28.363794279882555 ], [ -81.430611456045327, 28.363802086401577 ], [ -81.430602613991113, 28.363800871446234 ], [ -81.430601257474351, 28.36380867796499 ], [ -81.430592415419568, 28.363807463008786 ], [ -81.430591058901783, 28.363815269527283 ], [ -81.43058221684646, 28.363814054570259 ], [ -81.430580860327609, 28.363821861088489 ], [ -81.430572018271747, 28.363820646130627 ], [ -81.430570661751858, 28.363828452648615 ], [ -81.430561819695455, 28.363827237689968 ], [ -81.430560463174501, 28.363835044207651 ], [ -81.430542779060872, 28.363832614287993 ], [ -81.430544135583403, 28.363824807770452 ], [ -81.430535293527768, 28.363823592809549 ], [ -81.430536650050854, 28.363815786291941 ], [ -81.430527807996256, 28.363814571330451 ], [ -81.430529164519896, 28.363806764812729 ], [ -81.43052032246635, 28.363805549850582 ], [ -81.43052167899053, 28.363797743332796 ], [ -81.430503994885825, 28.363795313406435 ], [ -81.430505351411341, 28.363787506888649 ], [ -81.430496509360168, 28.363786291924441 ], [ -81.430499222412053, 28.363770678888493 ], [ -81.430490380362727, 28.363769463923745 ], [ -81.430491736889095, 28.363761657405586 ], [ -81.430482894840807, 28.363760442440192 ], [ -81.43048425136773, 28.363752635921955 ], [ -81.430475409320493, 28.363751420955893 ], [ -81.430476765847956, 28.363743614437563 ], [ -81.430467923801785, 28.363742399470866 ], [ -81.430469280329788, 28.363734592952461 ], [ -81.430460438284669, 28.363733377985117 ], [ -81.430461794813226, 28.363725571466613 ], [ -81.430452952769159, 28.363724356498654 ], [ -81.430454309298241, 28.36371654998003 ], [ -81.430436625212451, 28.363714120042019 ], [ -81.430437981742898, 28.363706313523409 ], [ -81.430429139701189, 28.363705098553417 ], [ -81.430430496232177, 28.363697292034686 ], [ -81.430421654191505, 28.363696077064066 ], [ -81.430423010723047, 28.363688270545275 ], [ -81.430414168683441, 28.363687055573973 ], [ -81.430415525215508, 28.363679249055092 ], [ -81.430406683176969, 28.363678034083105 ], [ -81.43040803970959, 28.363670227564192 ], [ -81.430399197672088, 28.363669012591576 ], [ -81.430400554205249, 28.363661206072525 ], [ -81.430391712168799, 28.363659991099251 ], [ -81.430393068702529, 28.363652184580157 ], [ -81.430384226667101, 28.363650969606251 ], [ -81.430385583201385, 28.36364316308704 ], [ -81.430376741167038, 28.363641948112459 ], [ -81.430378097701848, 28.363634141593145 ], [ -81.430369255668538, 28.363632926617953 ], [ -81.430370612203916, 28.363625120098561 ], [ -81.430361770171643, 28.363623905122715 ], [ -81.430363126707576, 28.363616098603234 ], [ -81.430354284676355, 28.363614883626738 ], [ -81.430355641212813, 28.363607077107151 ], [ -81.430337957152773, 28.363604647152108 ], [ -81.430340670228134, 28.363589034112803 ], [ -81.430331828200082, 28.363587819134338 ], [ -81.430333184738188, 28.363580012614548 ], [ -81.430324342711188, 28.363578797635416 ], [ -81.430325699249835, 28.363570991115548 ], [ -81.430308015198193, 28.363568561155283 ], [ -81.43030937173819, 28.36356075463538 ], [ -81.430300529713563, 28.363559539654236 ], [ -81.430301886254085, 28.363551733134223 ], [ -81.430293044230496, 28.363550518152479 ], [ -81.430294400771587, 28.363542711632348 ], [ -81.430285558749048, 28.363541496649944 ], [ -81.430286915290679, 28.363533690129767 ], [ -81.430278073269193, 28.363532475146719 ], [ -81.430279429811364, 28.363524668626425 ], [ -81.430270587790929, 28.363523453642685 ], [ -81.430271944333654, 28.363515647122313 ], [ -81.430263102314285, 28.363514432137986 ], [ -81.43026445885755, 28.3635066256175 ], [ -81.430255616839219, 28.363505410632509 ], [ -81.430256973383024, 28.363497604111981 ], [ -81.430248131365744, 28.363496389126283 ], [ -81.430249487910118, 28.363488582605648 ], [ -81.430240645893889, 28.363487367619381 ], [ -81.430242002438803, 28.363479561098629 ], [ -81.430233160423626, 28.363478346111712 ], [ -81.43023451696908, 28.363470539590882 ], [ -81.430225674954954, 28.36346932460329 ], [ -81.430227031500962, 28.363461518082378 ], [ -81.430218189487888, 28.363460303094115 ], [ -81.430219546034451, 28.363452496573139 ], [ -81.430210704022429, 28.363451281584236 ], [ -81.430212060569517, 28.363443475063157 ], [ -81.430203218558546, 28.363442260073615 ], [ -81.430205931653575, 28.363426647031112 ], [ -81.430197089644452, 28.363425432041005 ], [ -81.430198446192406, 28.363417625519595 ], [ -81.430189604184335, 28.363416410528817 ], [ -81.430190960732816, 28.363408604007294 ], [ -81.430182118725796, 28.363407389015904 ], [ -81.430183475274831, 28.363399582494296 ], [ -81.430174633268862, 28.363398367502224 ], [ -81.430175989818437, 28.363390560980555 ], [ -81.430167147813535, 28.363389345987855 ], [ -81.430168504363664, 28.363381539466072 ], [ -81.430159662359785, 28.363380324472704 ], [ -81.430161018910468, 28.36337251795085 ], [ -81.430152176907654, 28.363371302956903 ], [ -81.430153533458878, 28.363363496434893 ], [ -81.43014469145713, 28.363362281440278 ], [ -81.430146048008879, 28.363354474918218 ], [ -81.430137206008169, 28.363353259922953 ], [ -81.430138562560487, 28.363345453400804 ], [ -81.430129720560828, 28.363344238404874 ], [ -81.430131077113685, 28.36333643188264 ], [ -81.430122235115078, 28.363335216886025 ], [ -81.43012359166849, 28.363327410363723 ], [ -81.430114749670935, 28.363326195366479 ], [ -81.430116106224887, 28.363318388844071 ], [ -81.430107264228383, 28.363317173846177 ], [ -81.430108620782889, 28.363309367323694 ], [ -81.430090936792254, 28.363306937325927 ], [ -81.430092293348082, 28.363299130803416 ], [ -81.430083451353951, 28.363297915803535 ], [ -81.430086164466459, 28.363282302758194 ], [ -81.430077322474176, 28.363281087757713 ], [ -81.430078679030856, 28.363273281234882 ], [ -81.430069837039625, 28.363272066233744 ], [ -81.430071193596845, 28.363264259710792 ], [ -81.430062351606651, 28.363263044709061 ], [ -81.43006370816444, 28.363255238186024 ], [ -81.430054866175297, 28.363254023183604 ], [ -81.430056222733612, 28.363246216660492 ], [ -81.430047380745535, 28.363245001657436 ], [ -81.430048737304404, 28.36323719513425 ], [ -81.430039895317364, 28.363235980130529 ], [ -81.430041251876787, 28.363228173607208 ], [ -81.430032409890799, 28.363226958602848 ], [ -81.430033766450762, 28.363219152079484 ], [ -81.430016082481146, 28.363216722068763 ], [ -81.430017439042459, 28.363208915545378 ], [ -81.43000859705883, 28.363207700539018 ], [ -81.430011310182294, 28.363192087491861 ], [ -81.430002468200499, 28.363190872484918 ], [ -81.430003824762665, 28.363183065961191 ], [ -81.429994982781935, 28.363181850953577 ], [ -81.42999633934464, 28.363174044429766 ], [ -81.429987497364962, 28.363172829421519 ], [ -81.429988853928194, 28.363165022897643 ], [ -81.429980011949567, 28.363163807888728 ], [ -81.429981368513367, 28.363156001364707 ], [ -81.429972526535792, 28.363154786355192 ], [ -81.429973883100132, 28.36314697983109 ], [ -81.429965041123623, 28.36314576482091 ], [ -81.429966397688489, 28.363137958296736 ], [ -81.429957555713017, 28.363136743285924 ], [ -81.429958912278465, 28.363128936761651 ], [ -81.429950070304045, 28.363127721750175 ], [ -81.429951426870019, 28.363119915225791 ], [ -81.429942584896651, 28.3631187002137 ], [ -81.429943941463165, 28.363110893689246 ], [ -81.429935099490848, 28.36310967867642 ], [ -81.429936456057931, 28.363101872151912 ], [ -81.429927614086665, 28.363100657138521 ], [ -81.429928970654274, 28.363092850613889 ], [ -81.429920128684074, 28.363091635599776 ], [ -81.429921485252237, 28.363083829075098 ], [ -81.429912643283075, 28.363082614060392 ], [ -81.429913999851792, 28.36307480753559 ], [ -81.429905157883681, 28.36307359252018 ], [ -81.429906514452938, 28.36306578599531 ], [ -81.429897672485865, 28.36306457097929 ], [ -81.429899029055676, 28.363056764454317 ], [ -81.429890187089669, 28.363055549437657 ], [ -81.42989154366002, 28.363047742912588 ], [ -81.429882701695064, 28.363046527895239 ], [ -81.429884058265969, 28.363038721370096 ], [ -81.429875216302051, 28.36303750635216 ], [ -81.429876572873511, 28.363029699826924 ], [ -81.429867730910658, 28.363028484808318 ], [ -81.429869087482643, 28.363020678283011 ], [ -81.429860245520842, 28.36301946326374 ], [ -81.429862958665666, 28.363003850212735 ], [ -81.429854116705712, 28.363002635192913 ], [ -81.42985547327855, 28.36299482866724 ], [ -81.429837789361002, 28.362992398625558 ], [ -81.429839145935176, 28.362984592099892 ], [ -81.429830303977582, 28.362983377078017 ], [ -81.42983166055231, 28.362975570552241 ], [ -81.429822818595781, 28.362974355529754 ], [ -81.429824175171049, 28.362966549003907 ], [ -81.429815333215544, 28.362965333980728 ], [ -81.429816689791366, 28.362957527454803 ], [ -81.429807847836926, 28.362956312430999 ], [ -81.429809204413289, 28.36294850590496 ], [ -81.4298003624599, 28.36294729088052 ], [ -81.429801719036817, 28.36293948435441 ], [ -81.429792877084481, 28.362938269329348 ], [ -81.429794233661937, 28.362930462803089 ], [ -81.429785391710652, 28.362929247777366 ], [ -81.429786748288663, 28.362921441251075 ], [ -81.42977790633843, 28.362920226224695 ], [ -81.429779262916981, 28.362912419698272 ], [ -81.429770420967785, 28.362911204671267 ], [ -81.42977177754689, 28.362903398144777 ], [ -81.42976293559876, 28.362902183117122 ], [ -81.429764292178405, 28.362894376590539 ], [ -81.429755450231326, 28.362893161562219 ], [ -81.429756806811525, 28.362885355035559 ], [ -81.429747964865484, 28.362884140006571 ], [ -81.429749321446224, 28.362876333479846 ], [ -81.429740479501248, 28.362875118450226 ], [ -81.429741836082528, 28.362867311923385 ], [ -81.429732994138604, 28.362866096893111 ], [ -81.429734350720437, 28.362858290366184 ], [ -81.42972550877758, 28.362857075335288 ], [ -81.429726865359939, 28.362849268808262 ], [ -81.429718023418118, 28.362848053776705 ], [ -81.429719380001046, 28.362840247249615 ], [ -81.429710538060277, 28.362839032217366 ], [ -81.429711894643745, 28.362831225690183 ], [ -81.429703052704028, 28.362830010657305 ], [ -81.42970440928805, 28.36282220413003 ], [ -81.429695567349384, 28.362820989096534 ], [ -81.429696923933946, 28.362813182569187 ], [ -81.429688081996332, 28.362811967534999 ], [ -81.429689438581434, 28.362804161007571 ], [ -81.429680596644872, 28.362802945972749 ], [ -81.429681953230528, 28.36279513944524 ], [ -81.429664269359776, 28.362792709373561 ], [ -81.429665625946768, 28.362784902846002 ], [ -81.42965678401255, 28.362783687809191 ], [ -81.429658140600097, 28.362775881281568 ], [ -81.429649298666959, 28.362774666244079 ], [ -81.429650655255045, 28.362766859716359 ], [ -81.429641813322945, 28.362765644678227 ], [ -81.429643169911571, 28.362757838150412 ], [ -81.429634327980537, 28.362756623111622 ], [ -81.429635684569718, 28.362748816583753 ], [ -81.429626842639721, 28.362747601544317 ], [ -81.429628199229455, 28.362739795016296 ], [ -81.42961935730051, 28.362738579976231 ], [ -81.429620713890785, 28.362730773448188 ], [ -81.429611871962891, 28.362729558407413 ], [ -81.42961322855372, 28.362721751879292 ], [ -81.429604386626877, 28.362720536837905 ], [ -81.429605743218247, 28.362712730309639 ], [ -81.429596901292442, 28.362711515267609 ], [ -81.429598257884379, 28.362703708739282 ], [ -81.42958941595964, 28.362702493696631 ], [ -81.429590772552103, 28.362694687168183 ], [ -81.429581930628416, 28.362693472124889 ], [ -81.429583287221419, 28.362685665596356 ], [ -81.429574445298783, 28.362684450552379 ], [ -81.429575801892341, 28.362676644023804 ], [ -81.429566959970757, 28.362675428979191 ], [ -81.429568316564868, 28.362667622450459 ], [ -81.429559474644321, 28.362666407405239 ], [ -81.429560831238987, 28.362658600876426 ], [ -81.429551989319506, 28.362657385830502 ], [ -81.429553345914698, 28.362649579301632 ], [ -81.429544503996269, 28.362648364255094 ], [ -81.429545860592015, 28.362640557726145 ], [ -81.429537018674623, 28.362639342678939 ], [ -81.429538375270909, 28.362631536149909 ], [ -81.429520691438512, 28.362629106053458 ], [ -81.429522048036148, 28.362621299524388 ], [ -81.429513206121129, 28.362620084475161 ], [ -81.429514562719319, 28.36261227794607 ], [ -81.429505720805338, 28.362611062896129 ], [ -81.429507077404068, 28.362603256366924 ], [ -81.429498235491138, 28.3626020413164 ], [ -81.429499592090437, 28.362594234787053 ], [ -81.429490750178559, 28.362593019735911 ], [ -81.429492106778383, 28.36258521320649 ], [ -81.429483264867557, 28.362583998154669 ], [ -81.429484621467935, 28.362576191625173 ], [ -81.429475779558175, 28.362574976572702 ], [ -81.429477136159079, 28.362567170043125 ], [ -81.42946829425037, 28.362565954990004 ], [ -81.429469650851843, 28.36255814846032 ], [ -81.429460808944171, 28.362556933406566 ], [ -81.42946216554617, 28.362549126876782 ], [ -81.429453323639578, 28.362547911822379 ], [ -81.429454680242131, 28.362540105292531 ], [ -81.429445838336576, 28.362538890237456 ], [ -81.429447194939669, 28.362531083707534 ], [ -81.429438353035167, 28.362529868651805 ], [ -81.429439709638814, 28.362522062121787 ], [ -81.429430867735348, 28.362520847065422 ], [ -81.42943222433955, 28.362513040535347 ], [ -81.42942338243715, 28.362511825478279 ], [ -81.429424739041892, 28.36250401894813 ], [ -81.42941589714053, 28.362502803890447 ], [ -81.429417253745825, 28.362494997360177 ], [ -81.429408411845515, 28.362493782301836 ], [ -81.429409768451364, 28.362485975771506 ], [ -81.429400926552105, 28.36248476071253 ], [ -81.429402283158495, 28.362476954182085 ], [ -81.429393441260302, 28.362475739122456 ], [ -81.429394797867218, 28.362467932591901 ], [ -81.429385955970062, 28.362466717531643 ], [ -81.429387312577546, 28.362458911001035 ], [ -81.429378470681456, 28.36245769594014 ], [ -81.42937982728948, 28.362449889409387 ], [ -81.429370985394428, 28.362448674347867 ], [ -81.429372342002992, 28.362440867817018 ], [ -81.429363500109005, 28.362439652754826 ], [ -81.429364856718124, 28.362431846223924 ], [ -81.429356014825188, 28.3624306311611 ], [ -81.429357371434847, 28.362422824630091 ], [ -81.429348529542949, 28.362421609566592 ], [ -81.429349886153162, 28.362413803035547 ], [ -81.42934104426233, 28.36241258797137 ], [ -81.429342400873082, 28.362404781440208 ], [ -81.429333558983288, 28.362403566375416 ], [ -81.429332202371739, 28.362411372906504 ], [ -81.429323360481419, 28.362410157840891 ], [ -81.429322003868819, 28.362417964371698 ], [ -81.429313161977944, 28.36241674930525 ], [ -81.429311805364293, 28.362424555835798 ], [ -81.429285279690802, 28.362420910631812 ], [ -81.429283923074507, 28.362428717161926 ], [ -81.42927508118305, 28.362427502092377 ], [ -81.429273724565718, 28.362435308622238 ], [ -81.429264882673735, 28.362434093551848 ], [ -81.429262169436697, 28.362449706610846 ], [ -81.429253327543364, 28.362448491539574 ], [ -81.429251970923673, 28.362456298068725 ], [ -81.4292431290298, 28.362455082996611 ], [ -81.429241772409071, 28.362462889525499 ], [ -81.429232930514644, 28.362461674452568 ], [ -81.429231573892864, 28.362469480981165 ], [ -81.429222731997911, 28.362468265907452 ], [ -81.429221375375079, 28.362476072435769 ], [ -81.429212533479557, 28.362474857361214 ], [ -81.429213890103199, 28.36246705083294 ], [ -81.429205048208743, 28.3624658357577 ], [ -81.429206404832925, 28.362458029229344 ], [ -81.429179879153466, 28.362454383999502 ], [ -81.429178522526911, 28.362462190527637 ], [ -81.429169680633464, 28.362460975449437 ], [ -81.429168324005857, 28.362468781977288 ], [ -81.429159482111871, 28.362467566898317 ], [ -81.429158125483212, 28.362475373425848 ], [ -81.429140441694429, 28.362472943265463 ], [ -81.429139085063909, 28.362480749792702 ], [ -81.429121401274543, 28.362478319629215 ], [ -81.42912275790664, 28.362470513102185 ], [ -81.429078548441666, 28.362464437681059 ], [ -81.429079905077487, 28.362456631154277 ], [ -81.429071063186058, 28.362455416067906 ], [ -81.429069706549413, 28.362463222594609 ], [ -81.428990129530746, 28.362452286783626 ], [ -81.428988772886683, 28.362460093309352 ], [ -81.428971089105957, 28.362457663120878 ], [ -81.428969732460061, 28.362465469646271 ], [ -81.428960890569272, 28.362464254550812 ], [ -81.428959533922324, 28.362472061075898 ], [ -81.428933008249118, 28.36246841578496 ], [ -81.428931651599527, 28.362476222309649 ], [ -81.428913967817067, 28.362473792111789 ], [ -81.428912611165629, 28.362481598636098 ], [ -81.428894927382601, 28.362479168435204 ], [ -81.428893570729315, 28.36248697495914 ], [ -81.42887588694569, 28.362484544755095 ], [ -81.428874530290557, 28.362492351278675 ], [ -81.428865688398346, 28.362491136175507 ], [ -81.428864331742162, 28.362498942698849 ], [ -81.428855489849397, 28.362497727594803 ], [ -81.428854133192175, 28.362505534117897 ], [ -81.428862975085735, 28.362506749222035 ], [ -81.42886026177213, 28.362522362267878 ], [ -81.428869103667537, 28.362523577371427 ], [ -81.428866390354514, 28.362539190416758 ], [ -81.428875232251784, 28.362540405519738 ], [ -81.428873875595684, 28.362548212042206 ], [ -81.428882717493991, 28.362549427144586 ], [ -81.428880004182673, 28.362565040189185 ], [ -81.428888846082828, 28.362566255290979 ], [ -81.428886132772092, 28.36258186833507 ], [ -81.428894974674094, 28.362583083436281 ], [ -81.428893618019146, 28.362590889958188 ], [ -81.428928985632908, 28.362595750356146 ], [ -81.428927628980901, 28.362603556878188 ], [ -81.428945312790916, 28.36260598707295 ], [ -81.428942599489318, 28.362621600116814 ], [ -81.428951441396293, 28.362622815213303 ], [ -81.428947371444437, 28.362646234778058 ], [ -81.428956213354056, 28.362647449874032 ], [ -81.42895485670374, 28.362655256395367 ], [ -81.428963698614396, 28.362656471490688 ], [ -81.428962341964635, 28.362664278011927 ], [ -81.428971183876357, 28.362665493106615 ], [ -81.428969827227121, 28.36267329962774 ], [ -81.428978669139909, 28.36267451472176 ], [ -81.428974599193097, 28.362697934284441 ], [ -81.428965757277922, 28.362696719190112 ], [ -81.428964400627677, 28.362704525710555 ], [ -81.428973242543663, 28.362705740804941 ], [ -81.42896103268744, 28.362775999481798 ], [ -81.428907981152392, 28.362768708899772 ], [ -81.428906624495667, 28.362776515418012 ], [ -81.428897782573245, 28.362775300318336 ], [ -81.42889506925745, 28.362790913354171 ], [ -81.428886227333692, 28.362789698253565 ], [ -81.428883514015297, 28.362805311288493 ], [ -81.428848146316426, 28.36280045087813 ], [ -81.428849502978949, 28.362792644361086 ], [ -81.428840661055659, 28.362791429256774 ], [ -81.428842017718722, 28.362783622739673 ], [ -81.428806650031333, 28.362778762315276 ], [ -81.428805293365087, 28.362786568832053 ], [ -81.428690348398789, 28.362770772370411 ], [ -81.428688991721927, 28.362778578885841 ], [ -81.428680149802418, 28.362777363768192 ], [ -81.428678793124519, 28.362785170283395 ], [ -81.428669951204469, 28.362783955164868 ], [ -81.428668594525504, 28.362791761679762 ], [ -81.428659752604929, 28.362790546560454 ], [ -81.428658395924913, 28.362798353075139 ], [ -81.428649554003769, 28.362797137954963 ], [ -81.42864819732273, 28.362804944469385 ], [ -81.428639355401046, 28.362803729348393 ], [ -81.428637998718941, 28.362811535862527 ], [ -81.428620314874763, 28.362809105618204 ], [ -81.42862167155846, 28.362801299104294 ], [ -81.428612829637558, 28.362800083981153 ], [ -81.42861554300579, 28.362784470952846 ], [ -81.428606701086721, 28.362783255829168 ], [ -81.428609414455551, 28.362767642800385 ], [ -81.428591730621392, 28.362765212551057 ], [ -81.428594443992424, 28.362749599521905 ], [ -81.428585602077291, 28.362748384396337 ], [ -81.428586958763233, 28.36274057788156 ], [ -81.428569274935384, 28.362738147628384 ], [ -81.428570631622648, 28.362730341113625 ], [ -81.428561789709889, 28.362729125986014 ], [ -81.428565859772604, 28.362705706441012 ], [ -81.428557017862502, 28.362704491312922 ], [ -81.428559731237982, 28.362688878282199 ], [ -81.428550889329713, 28.362687663153533 ], [ -81.428553602705804, 28.362672050122306 ], [ -81.428544760799383, 28.362670834993075 ], [ -81.428546117487841, 28.362663028477279 ], [ -81.428537275582499, 28.362661813347419 ], [ -81.428538632271497, 28.36265400683153 ], [ -81.428520948463131, 28.362651576569807 ], [ -81.428519591772542, 28.362659383085521 ], [ -81.428510749867939, 28.362658167953434 ], [ -81.428509393176299, 28.362665974468868 ], [ -81.428500551271156, 28.362664759336017 ], [ -81.428499194578464, 28.362672565851209 ], [ -81.428472668862184, 28.362668920447856 ], [ -81.428471312166849, 28.362676726962611 ], [ -81.428462470261124, 28.362675511826652 ], [ -81.428461113564737, 28.362683318341137 ], [ -81.428443429752477, 28.362680888066745 ], [ -81.428442073054256, 28.362688694580861 ], [ -81.428433231147707, 28.362687479442467 ], [ -81.428431874448421, 28.362695285956363 ], [ -81.428414190634498, 28.362692855677199 ], [ -81.428412833933379, 28.362700662190733 ], [ -81.428403992025991, 28.36269944704998 ], [ -81.428402635323835, 28.362707253563197 ], [ -81.428393793415907, 28.362706038421642 ], [ -81.428392436712684, 28.362713844934653 ], [ -81.428383594804231, 28.362712629792238 ], [ -81.428382238099942, 28.36272043630494 ], [ -81.428373396190935, 28.362719221161747 ], [ -81.428372039485623, 28.362727027674207 ], [ -81.428354355666784, 28.362724597385355 ], [ -81.42835299895961, 28.362732403897468 ], [ -81.428344157049779, 28.362731188751862 ], [ -81.428341443633101, 28.362746801775401 ], [ -81.428323759811008, 28.362744371481618 ], [ -81.428322403100708, 28.362752177992913 ], [ -81.428313561189242, 28.362750962844832 ], [ -81.428312204477876, 28.362758769355889 ], [ -81.42830336256587, 28.362757554206997 ], [ -81.428302005853467, 28.362765360717823 ], [ -81.428293163940921, 28.362764145568089 ], [ -81.428291807227453, 28.362771952078607 ], [ -81.428282965314381, 28.362770736928052 ], [ -81.428281608599875, 28.362778543438321 ], [ -81.428272766686234, 28.362777328286956 ], [ -81.428271409970677, 28.362785134796955 ], [ -81.428253726142572, 28.362782704491842 ], [ -81.428252369425181, 28.362790511001485 ], [ -81.428243527510716, 28.362789295847723 ], [ -81.428242170792274, 28.362797102357106 ], [ -81.428233328877269, 28.36279588720253 ], [ -81.428229258718048, 28.36281930672941 ], [ -81.428220416800897, 28.362818091573825 ], [ -81.428219060079869, 28.362825898082356 ], [ -81.428192534327536, 28.362822252610908 ], [ -81.428191177603878, 28.36283005911903 ], [ -81.428182335686131, 28.36282884396033 ], [ -81.428180978961407, 28.362836650468161 ], [ -81.428172137043134, 28.362835435308604 ], [ -81.428170780317359, 28.362843241816197 ], [ -81.42816193839856, 28.362842026655827 ], [ -81.428159224944665, 28.362857639670263 ], [ -81.428097331508908, 28.362849133526058 ], [ -81.428093261309456, 28.362872553044475 ], [ -81.428084419388682, 28.362871337877806 ], [ -81.428083062654224, 28.362879144383555 ], [ -81.42807422073291, 28.362877929216047 ], [ -81.428072863997414, 28.362885735721445 ], [ -81.42806402207556, 28.362884520553159 ], [ -81.428062665339013, 28.362892327058319 ], [ -81.428044981494466, 28.362889896719366 ], [ -81.428043624756071, 28.362897703224156 ], [ -81.428025940910956, 28.362895272882056 ], [ -81.428023227430231, 28.362910885890869 ], [ -81.428005543582955, 28.362908455545419 ], [ -81.42800418684061, 28.362916262049367 ], [ -81.427986502992738, 28.362913831700865 ], [ -81.427987859736675, 28.362906025197116 ], [ -81.427979017813925, 28.362904810021821 ], [ -81.427977661069193, 28.362912616525506 ], [ -81.427951135300077, 28.362908970995015 ], [ -81.42794842180507, 28.362924584001345 ], [ -81.42793073795707, 28.362922153643634 ], [ -81.427929381207605, 28.362929960146346 ], [ -81.427920539283193, 28.362928744966318 ], [ -81.427919182532676, 28.36293655146876 ], [ -81.42791034060771, 28.362935336287901 ], [ -81.427908983856156, 28.362943142790094 ], [ -81.42790014193065, 28.362941927608457 ], [ -81.427897428425183, 28.362957540612133 ], [ -81.427888586498341, 28.362956325429494 ], [ -81.427887229744428, 28.362964131931005 ], [ -81.427878387817046, 28.362962916747591 ], [ -81.427877031062081, 28.362970723248797 ], [ -81.427868189134173, 28.362969508064563 ], [ -81.427866832378172, 28.362977314565519 ], [ -81.427857990449681, 28.362976099380472 ], [ -81.427856633692642, 28.362983905881155 ], [ -81.427847791763625, 28.362982690695272 ], [ -81.42784643500552, 28.362990497195721 ], [ -81.427837593075964, 28.362989282008996 ], [ -81.427836236316821, 28.362997088509168 ], [ -81.427827394386711, 28.362995873321655 ], [ -81.427826037626531, 28.363003679821574 ], [ -81.42781719569588, 28.363002464633222 ], [ -81.427815838934634, 28.363010271132826 ], [ -81.427806997003444, 28.363009055943682 ], [ -81.427804283478608, 28.363024668942263 ], [ -81.427821967344443, 28.363027099320217 ], [ -81.427819253821781, 28.363042712318471 ], [ -81.427810411887165, 28.363041497129679 ], [ -81.427806341598924, 28.363064916625408 ], [ -81.427797499662148, 28.36306370143561 ], [ -81.427794786133816, 28.36307931443174 ], [ -81.427777102257849, 28.363076884049622 ], [ -81.427775745491701, 28.363084690547236 ], [ -81.427766903553319, 28.363083475354973 ], [ -81.427765546786119, 28.36309128185232 ], [ -81.427756704847184, 28.363090066659247 ], [ -81.427755348078932, 28.363097873156324 ], [ -81.427746506139457, 28.363096657962416 ], [ -81.427735651978168, 28.363159109932148 ], [ -81.427726810032567, 28.36315789473683 ], [ -81.427722739715549, 28.363181314222292 ], [ -81.427713897767788, 28.363180099025929 ], [ -81.427712540994165, 28.363187905520668 ], [ -81.427703699045864, 28.363186690323506 ], [ -81.427705055820311, 28.363178883828862 ], [ -81.42767852997936, 28.363175238233229 ], [ -81.42767717320254, 28.363183044727599 ], [ -81.427668331255262, 28.363181829527534 ], [ -81.42766697447739, 28.363189636021612 ], [ -81.427649290582011, 28.363187205619028 ], [ -81.427647933802305, 28.363195012112794 ], [ -81.427639091854189, 28.363193796910302 ], [ -81.427637735073432, 28.363201603403766 ], [ -81.42762889312479, 28.363200388200475 ], [ -81.427626179560917, 28.36321600118675 ], [ -81.427617337610926, 28.363214785982521 ], [ -81.427615980827809, 28.363222592475349 ], [ -81.427607138877278, 28.363221377270268 ], [ -81.427605782093124, 28.363229183762808 ], [ -81.427623465996021, 28.363231614172324 ], [ -81.427622109213203, 28.363239420664858 ], [ -81.427639793118729, 28.363241851071596 ], [ -81.427638436337247, 28.363249657564136 ], [ -81.42764727829119, 28.363250872766464 ], [ -81.427645921510262, 28.363258679258927 ], [ -81.427654763465256, 28.363259894460658 ], [ -81.427653406684868, 28.363267700952985 ], [ -81.427671090597215, 28.363270131354337 ], [ -81.427669733818163, 28.363277937846718 ], [ -81.427687417733125, 28.363280368245363 ], [ -81.427686060955423, 28.363288174737658 ], [ -81.427703744872986, 28.363290605133535 ], [ -81.427702388096634, 28.363298411625866 ], [ -81.427711230056602, 28.363299626822759 ], [ -81.42770987328079, 28.363307433315004 ], [ -81.427736399164573, 28.363311078901624 ], [ -81.427735042390921, 28.363318885393944 ], [ -81.42774388435349, 28.363320100588126 ], [ -81.427742527580378, 28.363327907080361 ], [ -81.427760211507874, 28.363330337466621 ], [ -81.427758854736112, 28.363338143958874 ], [ -81.427776538666222, 28.363340574342395 ], [ -81.427775181895782, 28.363348380834605 ], [ -81.427792865828508, 28.363350811215387 ], [ -81.427791509059418, 28.363358617707611 ], [ -81.427800351026974, 28.363359832896926 ], [ -81.427798994258438, 28.3633676393891 ], [ -81.427807836227032, 28.363368854577811 ], [ -81.427806479459022, 28.363376661069857 ], [ -81.427841847339124, 28.363381521817725 ], [ -81.427840490574084, 28.363389328309911 ], [ -81.42785817451724, 28.363391758679612 ], [ -81.427854104225361, 28.363415178155837 ], [ -81.427827578303834, 28.363411532599432 ], [ -81.427826221536975, 28.363419339090889 ], [ -81.427817379562839, 28.363418123903873 ], [ -81.427814666026777, 28.363433736886041 ], [ -81.42777929812641, 28.363428876129912 ], [ -81.427780654897745, 28.363421069639212 ], [ -81.427771812924078, 28.363419854448459 ], [ -81.427773169695968, 28.363412047957716 ], [ -81.427755485751007, 28.363409617574089 ], [ -81.427756842524232, 28.363401811083328 ], [ -81.427730316611061, 28.363398165502733 ], [ -81.427731673386432, 28.363390359012005 ], [ -81.427705147477965, 28.363386713425026 ], [ -81.42769972036541, 28.363417939385588 ], [ -81.427646668536198, 28.363410648189575 ], [ -81.427643954968858, 28.363426261167749 ], [ -81.427635112996626, 28.36342504596568 ], [ -81.427633756211762, 28.363432852454412 ], [ -81.42762491423899, 28.363431637251505 ], [ -81.427620843880547, 28.363455056716369 ], [ -81.427612001905629, 28.363453841512481 ], [ -81.427610645118179, 28.363461648000342 ], [ -81.427592961167505, 28.363459217590165 ], [ -81.427590247588668, 28.363474830565004 ], [ -81.427581405612131, 28.363473615358615 ], [ -81.427578692030693, 28.363489228332586 ], [ -81.427561008075173, 28.363486797917261 ], [ -81.427558294489558, 28.363502410890145 ], [ -81.427531768553393, 28.363498765261191 ], [ -81.427530411757814, 28.36350657174712 ], [ -81.427521569778804, 28.36350535653586 ], [ -81.427520212982188, 28.363513163021558 ], [ -81.427511371002623, 28.363511947809524 ], [ -81.427510014204955, 28.363519754294913 ], [ -81.427501172224865, 28.363518539082051 ], [ -81.427499815426145, 28.363526345567188 ], [ -81.427490973445501, 28.363525130353494 ], [ -81.42748961664573, 28.36353293683835 ], [ -81.427480774664545, 28.363531721623826 ], [ -81.427479417863722, 28.363539528108436 ], [ -81.427470575881998, 28.363538312893098 ], [ -81.427469219080137, 28.363546119377435 ], [ -81.427460377097873, 28.363544904161284 ], [ -81.427457663491793, 28.363560517129233 ], [ -81.42743997952482, 28.363558086694432 ], [ -81.427438622719819, 28.363565893177938 ], [ -81.42742978073592, 28.363564677959307 ], [ -81.42742706712356, 28.363580290925732 ], [ -81.427418225138311, 28.363579075706156 ], [ -81.427416868330965, 28.363586882189058 ], [ -81.427408026345191, 28.363585666968678 ], [ -81.427406669536779, 28.363593473451232 ], [ -81.427397827550465, 28.363592258230074 ], [ -81.427396470741002, 28.363600064712372 ], [ -81.427387628754147, 28.363598849490401 ], [ -81.427383558321893, 28.363622268936034 ], [ -81.427374716332892, 28.363621053713036 ], [ -81.427372002708552, 28.363636666675713 ], [ -81.427363160718187, 28.363635451451781 ], [ -81.427361803904844, 28.363643257932797 ], [ -81.427352961913968, 28.363642042708079 ], [ -81.427351605099574, 28.363649849188793 ], [ -81.427342763108143, 28.363648633963273 ], [ -81.427341406292697, 28.363656440443712 ], [ -81.427332564300727, 28.363655225217308 ], [ -81.427331207484229, 28.363663031697566 ], [ -81.427322365491719, 28.363661816470358 ], [ -81.427321008674184, 28.363669622950283 ], [ -81.427312166681119, 28.363668407722272 ], [ -81.427310809862519, 28.363676214201952 ], [ -81.427284283882486, 28.363672568513216 ], [ -81.427282927061256, 28.363680374992441 ], [ -81.427274085067623, 28.363679159761254 ], [ -81.427272728245342, 28.363686966240241 ], [ -81.427263886251168, 28.363685751008298 ], [ -81.427262529427836, 28.36369355748699 ], [ -81.427253687433122, 28.3636923422542 ], [ -81.427250973784112, 28.363707955210963 ], [ -81.427259815780431, 28.363709170443933 ], [ -81.427258458956345, 28.363716976922092 ], [ -81.42726730095373, 28.363718192154398 ], [ -81.427265944130198, 28.363725998632514 ], [ -81.427274786128621, 28.36372721386418 ], [ -81.427272072482396, 28.363742826820033 ], [ -81.427280914482665, 28.363744042051174 ], [ -81.427279557659986, 28.363751848528906 ], [ -81.427288399661307, 28.363753063759383 ], [ -81.427287042839168, 28.363760870236991 ], [ -81.427295884841541, 28.363762085466853 ], [ -81.427293171198102, 28.363777698421778 ], [ -81.427302013202322, 28.363778913651075 ], [ -81.427300656381021, 28.363786720128353 ], [ -81.427309498386293, 28.363787935356957 ], [ -81.42730678474453, 28.363803548311243 ], [ -81.42731562675165, 28.363804763539271 ], [ -81.427314269931202, 28.363812570016204 ], [ -81.427323111939373, 28.363813785243561 ], [ -81.427321755119465, 28.363821591720448 ], [ -81.427330597128687, 28.363822806947194 ], [ -81.42732788348971, 28.363838419900585 ], [ -81.42733672550078, 28.363839635126794 ], [ -81.427335368681725, 28.363847441603294 ], [ -81.427344210693846, 28.363848656828825 ], [ -81.427341497056545, 28.363864269781466 ], [ -81.427350339070529, 28.363865485006496 ], [ -81.427348982252298, 28.363873291482673 ], [ -81.427357824267332, 28.363874506706974 ], [ -81.427355110631723, 28.363890119658922 ], [ -81.427363952648591, 28.363891334882702 ], [ -81.427362595831212, 28.36389914135853 ], [ -81.427371437849132, 28.363900356581659 ], [ -81.427368724215214, 28.363915969532869 ], [ -81.427377566234995, 28.363917184755461 ], [ -81.427376209418455, 28.363924991230892 ], [ -81.427385051439273, 28.36392620645281 ], [ -81.427383694623288, 28.363934012928169 ], [ -81.427392536645158, 28.363935228149433 ], [ -81.427389823014025, 28.363950841099825 ], [ -81.427398665037742, 28.363952056320521 ], [ -81.427395951407206, 28.36396766927038 ], [ -81.427404793432771, 28.363968884490529 ], [ -81.427403436617922, 28.363976690965263 ], [ -81.427412278644553, 28.363977906184747 ], [ -81.42740956501568, 28.363993519133889 ], [ -81.427418407044144, 28.363994734352843 ], [ -81.427417050230147, 28.364002540827233 ], [ -81.427425892259677, 28.364003756045548 ], [ -81.42742317863248, 28.364019368993965 ], [ -81.427432020663872, 28.364020584211683 ], [ -81.427429307037272, 28.364036197159596 ], [ -81.427438149070511, 28.364037412376774 ], [ -81.427436792257637, 28.364045218850514 ], [ -81.427445634291914, 28.364046434067042 ], [ -81.427442920667005, 28.364062047014272 ], [ -81.427451762703129, 28.364063262230214 ], [ -81.427450405891094, 28.36407106870363 ], [ -81.427459247928269, 28.364072283918976 ], [ -81.427457891116788, 28.364080090392292 ], [ -81.427466733155015, 28.364081305606959 ], [ -81.427464019532906, 28.36409691855328 ], [ -81.42747286157298, 28.364098133767389 ], [ -81.427471504762337, 28.364105940240375 ], [ -81.427480346803463, 28.36410715545383 ], [ -81.427477633183017, 28.364122768399408 ], [ -81.42748647522599, 28.364123983612334 ], [ -81.427483761606155, 28.36413959655739 ], [ -81.427492603650975, 28.36414081176973 ], [ -81.42749124684147, 28.364148618242105 ], [ -81.427500088887356, 28.364149833453794 ], [ -81.427497375269198, 28.364165446398147 ], [ -81.427506217316918, 28.364166661609293 ], [ -81.427503503699342, 28.364182274553141 ], [ -81.427512345748923, 28.364183489763697 ], [ -81.427510988940554, 28.364191296235429 ], [ -81.427519830991187, 28.364192511445363 ], [ -81.427517117375288, 28.364208124388472 ], [ -81.427525959427768, 28.364209339597853 ], [ -81.42752324581248, 28.364224952540479 ], [ -81.427532087866808, 28.364226167749262 ], [ -81.427530731059576, 28.364233974220376 ], [ -81.427539573114956, 28.364235189428541 ], [ -81.427536859501345, 28.364250802370456 ], [ -81.427545701558572, 28.36425201757805 ], [ -81.427542987945543, 28.364267630519425 ], [ -81.427551830004631, 28.364268845726482 ], [ -81.427549116392214, 28.364284458667292 ], [ -81.427557958453122, 28.364285673873752 ], [ -81.427556601647339, 28.364293480344006 ], [ -81.427565443709312, 28.364294695549845 ], [ -81.427564086904056, 28.36430250201996 ], [ -81.427572928967109, 28.364303717225123 ], [ -81.427570215357449, 28.36431933016511 ], [ -81.427579057422321, 28.364320545369754 ], [ -81.427577700617931, 28.364328351839536 ], [ -81.427586542683855, 28.364329567043498 ], [ -81.427583829075886, 28.364345179982788 ], [ -81.427592671143671, 28.364346395186192 ], [ -81.427591314340106, 28.364354201655594 ], [ -81.427600156408943, 28.36435541685837 ], [ -81.427598799605917, 28.36436322332775 ], [ -81.427607641675806, 28.364364438529869 ], [ -81.427604928070622, 28.364380051468228 ], [ -81.427613770142344, 28.364381266669785 ], [ -81.427612413340171, 28.364389073138817 ], [ -81.427621255412959, 28.364390288339674 ], [ -81.427617185007335, 28.364413707745928 ], [ -81.42760834293216, 28.364412492544766 ], [ -81.427606986128993, 28.364420299013062 ], [ -81.427598144053263, 28.364419083811068 ], [ -81.427596787249044, 28.364426890279077 ], [ -81.427570261021032, 28.364423244668441 ], [ -81.427568904214169, 28.364431051136062 ], [ -81.427560062137886, 28.364429835930942 ], [ -81.427557348521802, 28.364445448865439 ], [ -81.427548506444168, 28.36444423365943 ], [ -81.427543079205833, 28.364475459526002 ], [ -81.427551921286636, 28.364476674732352 ], [ -81.427549207667568, 28.364492287664731 ], [ -81.427558049750232, 28.364493502870552 ], [ -81.427555336131746, 28.364509115802406 ], [ -81.427564178216258, 28.364510331007668 ], [ -81.427561464598369, 28.364525943938972 ], [ -81.427570306684743, 28.364527159143666 ], [ -81.427567593067437, 28.36454277207449 ], [ -81.427558750979472, 28.364541556869593 ], [ -81.427556037359565, 28.364557169799539 ], [ -81.42754719527025, 28.364555954593762 ], [ -81.427545838459139, 28.364563761058363 ], [ -81.42753699636927, 28.364562545851737 ], [ -81.427535639557107, 28.364570352316118 ], [ -81.427509113286703, 28.364566706691665 ], [ -81.427510470101268, 28.364558900227582 ], [ -81.427501628012436, 28.364557685018035 ], [ -81.427500271197076, 28.364565491482026 ], [ -81.427491429107704, 28.364564276271633 ], [ -81.427488715474638, 28.364579889198946 ], [ -81.427479873383916, 28.36457867398769 ], [ -81.427478516566197, 28.364586480450999 ], [ -81.427469674474949, 28.364585265238883 ], [ -81.427460176738393, 28.364639910476395 ], [ -81.427469018835225, 28.364641125689104 ], [ -81.427466305195551, 28.364656738612702 ], [ -81.427475147294217, 28.364657953824818 ], [ -81.427471076835218, 28.36468137320913 ], [ -81.427462234734136, 28.364680157996762 ], [ -81.427460877913177, 28.364687964457769 ], [ -81.427434351609079, 28.364684318815861 ], [ -81.427431637961604, 28.364699931736826 ], [ -81.427422795859144, 28.364698716521218 ], [ -81.427414654905931, 28.36474555527931 ], [ -81.427405812798966, 28.364744340062426 ], [ -81.42740445597174, 28.364752146521415 ], [ -81.427395613864221, 28.364750931303735 ], [ -81.427396970692214, 28.364743124844821 ], [ -81.427388128585761, 28.364741909626467 ], [ -81.427389485414295, 28.3647341031675 ], [ -81.427380643308879, 28.364732887948488 ], [ -81.427379286479535, 28.36474069440742 ], [ -81.427335075952257, 28.364734618300961 ], [ -81.427333719118664, 28.364742424759257 ], [ -81.427316034907932, 28.364739994311357 ], [ -81.427317391743117, 28.364732187853249 ], [ -81.427299707534999, 28.364729757402593 ], [ -81.427298350698223, 28.36473756386053 ], [ -81.427280666489537, 28.364735133406786 ], [ -81.427279309650913, 28.364742939864346 ], [ -81.42725278333738, 28.364739294177884 ], [ -81.427251426496113, 28.364747100635007 ], [ -81.427233742286788, 28.364744670173554 ], [ -81.427232385443673, 28.36475247663035 ], [ -81.427223543338599, 28.364751261398403 ], [ -81.427222186494419, 28.364759067854941 ], [ -81.427195660178313, 28.364755422154492 ], [ -81.427194303331504, 28.364763228610542 ], [ -81.427158934910381, 28.364758367665932 ], [ -81.427157578060147, 28.364766174121531 ], [ -81.427166420165847, 28.364767389358864 ], [ -81.427163706466189, 28.364783002269629 ], [ -81.427172548573736, 28.364784217506418 ], [ -81.427168478024797, 28.364807636871536 ], [ -81.427177320134987, 28.364808852107785 ], [ -81.427169179035104, 28.364855690833785 ], [ -81.427178021150326, 28.36485690606985 ], [ -81.427176664300276, 28.364864712523691 ], [ -81.427167822184245, 28.364863497287502 ], [ -81.427161037926183, 28.364902529553426 ], [ -81.427152195806428, 28.364901314316054 ], [ -81.427146768392291, 28.36493254012527 ], [ -81.427137926269594, 28.36493132488684 ], [ -81.427135212559421, 28.364946937790226 ], [ -81.427126370435388, 28.364945722550868 ], [ -81.427123656722614, 28.364961335453319 ], [ -81.427114814597246, 28.364960120213109 ], [ -81.427113457739694, 28.364967926663986 ], [ -81.427104615613771, 28.364966711422888 ], [ -81.427103258755167, 28.364974517873549 ], [ -81.427094416628705, 28.364973302631597 ], [ -81.427093059769049, 28.364981109081995 ], [ -81.427084217642047, 28.364979893839251 ], [ -81.427082860781354, 28.36498770028934 ], [ -81.427074018653812, 28.36498648504578 ], [ -81.427072661792053, 28.36499429149562 ], [ -81.42705497753613, 28.364991861006139 ], [ -81.427053620672538, 28.364999667455645 ], [ -81.427044778544158, 28.364998452209676 ], [ -81.4270434216795, 28.365006258658944 ], [ -81.427034579550579, 28.365005043412189 ], [ -81.427033222684898, 28.365012849861149 ], [ -81.427015538426218, 28.365010419365198 ], [ -81.42701418155869, 28.365018225813845 ], [ -81.426996497299427, 28.365015795314775 ], [ -81.426995140430066, 28.365023601763045 ], [ -81.426977456170235, 28.365021171260924 ], [ -81.426976099298997, 28.365028977708835 ], [ -81.42696725716867, 28.36502776245657 ], [ -81.426965900296395, 28.365035568904254 ], [ -81.426957058165527, 28.365034353651183 ], [ -81.426955701292201, 28.365042160098561 ], [ -81.426938017029627, 28.365039729589977 ], [ -81.426936660154453, 28.365047536037054 ], [ -81.426927818022747, 28.365046320781563 ], [ -81.426926461146536, 28.365054127228333 ], [ -81.4269087768823, 28.36505169671501 ], [ -81.426907420004241, 28.365059503161454 ], [ -81.426898577871697, 28.365058287903633 ], [ -81.426897220992586, 28.365066094349746 ], [ -81.426879536726673, 28.365063663831712 ], [ -81.42687817984573, 28.365071470277528 ], [ -81.426860495579248, 28.365069039756325 ], [ -81.426859138696443, 28.365076846201767 ], [ -81.426841454429379, 28.365074415677451 ], [ -81.426842811313776, 28.365066609232173 ], [ -81.42683396918143, 28.365065393968994 ], [ -81.426835326066367, 28.365057587523655 ], [ -81.426826483935059, 28.365056372259836 ], [ -81.426833268359999, 28.365017340030803 ], [ -81.42682442623294, 28.365016124766669 ], [ -81.426829853771551, 28.364984898980627 ], [ -81.426821011647945, 28.36498368371613 ], [ -81.426822368532768, 28.364975877269263 ], [ -81.4268135264102, 28.364974662004123 ], [ -81.426816240180699, 28.364959049110034 ], [ -81.42678087169935, 28.364954188042805 ], [ -81.426782228587413, 28.364946381595871 ], [ -81.426764544349879, 28.364943951057992 ], [ -81.426763187460224, 28.364951757504777 ], [ -81.426754345341024, 28.364950542234677 ], [ -81.42674891777672, 28.364981768019657 ], [ -81.426740075654592, 28.364980552748456 ], [ -81.426738718762095, 28.364988359194172 ], [ -81.426721034517016, 28.364985928649368 ], [ -81.426719677622671, 28.364993735094764 ], [ -81.426684309132369, 28.36498887399598 ], [ -81.426682952234586, 28.36499668044085 ], [ -81.426674110111847, 28.36499546516421 ], [ -81.426670039414589, 28.365018884497449 ], [ -81.426661197289718, 28.365017669219871 ], [ -81.426657126587799, 28.365041088551198 ], [ -81.426648284460796, 28.365039873272607 ], [ -81.426646927558863, 28.365047679715911 ], [ -81.426638085431321, 28.365046464436489 ], [ -81.426636728528322, 28.365054270879639 ], [ -81.426627886400226, 28.365053055599347 ], [ -81.426626529496204, 28.365060862042181 ], [ -81.426608845239173, 28.365058431479287 ], [ -81.426607488333303, 28.365066237921759 ], [ -81.426598646204368, 28.365065022639133 ], [ -81.426597289297462, 28.365072829081324 ], [ -81.426579605038754, 28.365070398513648 ], [ -81.426578248129985, 28.365078204955513 ], [ -81.426569406000226, 28.365076989670492 ], [ -81.42656804909042, 28.365084796112086 ], [ -81.426550364830064, 28.365082365539674 ], [ -81.426549007918396, 28.365090171980921 ], [ -81.426540165787813, 28.365088956693508 ], [ -81.426538808875108, 28.365096763134485 ], [ -81.426521124613089, 28.365094332557334 ], [ -81.426519767698522, 28.365102138997962 ], [ -81.426510925567101, 28.365100923708166 ], [ -81.426509568651497, 28.365108730148524 ], [ -81.426500726519535, 28.365107514857911 ], [ -81.42649936960288, 28.365115321297992 ], [ -81.426481685338118, 28.3651128907144 ], [ -81.426480328419629, 28.365120697154179 ], [ -81.426471486286829, 28.365119481861193 ], [ -81.426470129367274, 28.365127288300691 ], [ -81.42645244510085, 28.365124857712328 ], [ -81.426451088179462, 28.365132664151446 ], [ -81.426442246045823, 28.365131448856083 ], [ -81.426440889123398, 28.365139255294988 ], [ -81.426414362721644, 28.365135609404181 ], [ -81.426413005796562, 28.365143415842628 ], [ -81.426404163662355, 28.36514220054412 ], [ -81.42640280673622, 28.365150006982287 ], [ -81.426393964601473, 28.365148791682984 ], [ -81.426392607674288, 28.365156598120908 ], [ -81.426383765539001, 28.365155382820763 ], [ -81.426382408610792, 28.365163189258435 ], [ -81.426364724339365, 28.365160758655783 ], [ -81.426363367409294, 28.365168565093072 ], [ -81.426354525273169, 28.365167349790546 ], [ -81.426353168342061, 28.365175156227604 ], [ -81.426335484068971, 28.365172725620162 ], [ -81.426334127136016, 28.365180532056836 ], [ -81.426325284999038, 28.365179316751913 ], [ -81.426323928065045, 28.365187123188381 ], [ -81.426315085927541, 28.365185907882648 ], [ -81.426313728992483, 28.365193714318792 ], [ -81.426304886854439, 28.365192499012267 ], [ -81.426303529918329, 28.365200305448148 ], [ -81.426285845641416, 28.36519787483266 ], [ -81.426284488703459, 28.365205681268222 ], [ -81.426275646564577, 28.365204465959305 ], [ -81.426274289625596, 28.365212272394608 ], [ -81.426265447486173, 28.365211057084839 ], [ -81.426264090546127, 28.365218863519829 ], [ -81.426246406266458, 28.365216432897984 ], [ -81.426245049324564, 28.365224239332644 ], [ -81.426236207184317, 28.365223024020526 ], [ -81.426234850241372, 28.365230830454927 ], [ -81.426226008100585, 28.365229615141956 ], [ -81.426224651156588, 28.365237421576051 ], [ -81.426215809015261, 28.365236206262288 ], [ -81.426214452070212, 28.365244012696181 ], [ -81.426187925645351, 28.365240366750204 ], [ -81.426186568697673, 28.365248173183634 ], [ -81.42617772655575, 28.365246957866727 ], [ -81.426175012658064, 28.365262570732856 ], [ -81.426157328371801, 28.36526014009651 ], [ -81.426155971420982, 28.365267946529205 ], [ -81.426147129277439, 28.365266731209843 ], [ -81.426145772325569, 28.365274537642186 ], [ -81.426136930181485, 28.365273322322018 ], [ -81.426135573228564, 28.365281128754145 ], [ -81.426117888939558, 28.365278698111371 ], [ -81.426116531984803, 28.365286504543139 ], [ -81.426107689839881, 28.365285289220587 ], [ -81.426106332884075, 28.365293095652106 ], [ -81.426097490738613, 28.365291880328712 ], [ -81.426096133781741, 28.365299686759936 ], [ -81.426078449490007, 28.365297256110797 ], [ -81.426077092531301, 28.365305062541697 ], [ -81.426068250385001, 28.365303847215895 ], [ -81.426066893425258, 28.365311653646536 ], [ -81.426049209131833, 28.365309222992639 ], [ -81.426047852170242, 28.365317029422894 ], [ -81.426030167876249, 28.365314598765831 ], [ -81.426028810912797, 28.365322405195787 ], [ -81.426019968765402, 28.365321189866069 ], [ -81.426018611800899, 28.36532899629573 ], [ -81.426000927505243, 28.365326565633897 ], [ -81.425999570538906, 28.365334372063213 ], [ -81.425981886242695, 28.365331941398296 ], [ -81.425980529274511, 28.365339747827285 ], [ -81.42597168712598, 28.365338532493631 ], [ -81.42597033015673, 28.365346338922286 ], [ -81.425952645858857, 28.365343908252616 ], [ -81.425951288887759, 28.365351714680966 ], [ -81.425933604589304, 28.365349284008154 ], [ -81.425932247616373, 28.365357090436163 ], [ -81.425888036870674, 28.365351013740881 ], [ -81.425900249653836, 28.365280755886623 ], [ -81.425917933937001, 28.365283186565392 ], [ -81.425920647882862, 28.365267573706607 ], [ -81.425938332163867, 28.365270004382015 ], [ -81.425942403076007, 28.365246585091995 ], [ -81.425960087353232, 28.365249015764018 ], [ -81.425962801290211, 28.365233402902764 ], [ -81.425971643427602, 28.365234618237441 ], [ -81.425974357361994, 28.365219005375327 ], [ -81.425965515226196, 28.365217790040795 ], [ -81.425970943095123, 28.365186564314794 ], [ -81.425962100962778, 28.365185348979857 ], [ -81.425963457930166, 28.365177542548043 ], [ -81.425954615798858, 28.365176327212417 ], [ -81.425957329734516, 28.365160714348399 ], [ -81.425948487605055, 28.365159499012265 ], [ -81.425952558509067, 28.365136079715072 ], [ -81.425917190003318, 28.365131218364247 ], [ -81.425915833032377, 28.365139024796456 ], [ -81.425906990905773, 28.36513780945684 ], [ -81.425908347877524, 28.365130003024714 ], [ -81.425881821501648, 28.365126357001653 ], [ -81.425883178475516, 28.365118550569637 ], [ -81.425874336351541, 28.365117335227207 ], [ -81.425877050300116, 28.365101722362795 ], [ -81.425868208177988, 28.365100507019829 ], [ -81.425876350022534, 28.365053668422842 ], [ -81.42584982367201, 28.365050022391131 ], [ -81.425853894598077, 28.365026603091081 ], [ -81.425827368257018, 28.365022957053544 ], [ -81.425828725234254, 28.365015150620085 ], [ -81.425819883121875, 28.365013935272863 ], [ -81.425826668008327, 28.364974903103388 ], [ -81.425817825900197, 28.364973687755871 ], [ -81.425819182877518, 28.364965881321517 ], [ -81.42581034077044, 28.364964665973368 ], [ -81.425808983792308, 28.364972472407597 ], [ -81.425800141684661, 28.364971257058624 ], [ -81.425798784705478, 28.364979063492601 ], [ -81.425763416274307, 28.364974202088874 ], [ -81.425764773256674, 28.364966395655252 ], [ -81.42575593115032, 28.364965180302573 ], [ -81.425754574167144, 28.364972986736117 ], [ -81.425728047847201, 28.364969340673412 ], [ -81.425729404832765, 28.364961534240127 ], [ -81.425720562727406, 28.364960318884474 ], [ -81.42572191971351, 28.364952512451143 ], [ -81.425730761818073, 28.364953727806661 ], [ -81.425732118803126, 28.364945921373049 ], [ -81.425758645115891, 28.364949567434955 ], [ -81.425757288133227, 28.364957373868847 ], [ -81.425766130238785, 28.364958589221438 ], [ -81.425768844202281, 28.364942976353326 ], [ -81.425760002098315, 28.364941761000907 ], [ -81.425766787006623, 28.364902728827921 ], [ -81.42577562910661, 28.364903944179886 ], [ -81.425779700046206, 28.364880524873698 ], [ -81.425770857948606, 28.364879309521996 ], [ -81.425772214928784, 28.364871503086356 ], [ -81.425763372832236, 28.364870287733975 ], [ -81.42576472981294, 28.36486248129825 ], [ -81.425747045622217, 28.364860050591492 ], [ -81.425749759586068, 28.364844437719832 ], [ -81.42572323330667, 28.364840791654707 ], [ -81.425724590290613, 28.364832985218875 ], [ -81.425715748198797, 28.364831769862459 ], [ -81.425717105183281, 28.364823963426524 ], [ -81.425708263092503, 28.364822748069439 ], [ -81.425709620077541, 28.364814941633433 ], [ -81.425700777987814, 28.36481372627571 ], [ -81.425702134973406, 28.364805919839625 ], [ -81.425693292884731, 28.364804704481241 ], [ -81.425696006856725, 28.364789091608692 ], [ -81.425678322683339, 28.364786660890129 ], [ -81.425683750630711, 28.364755435143586 ], [ -81.4256925927141, 28.36475665050294 ], [ -81.425699377638693, 28.36471761831541 ], [ -81.425672851401274, 28.364713972236551 ], [ -81.425674208387846, 28.364706165798761 ], [ -81.425665366310014, 28.364704950437801 ], [ -81.425668080283955, 28.364689337561888 ], [ -81.425632711981564, 28.36468447611124 ], [ -81.425634068971362, 28.364676669673393 ], [ -81.425625226897182, 28.364675454308976 ], [ -81.425627940877618, 28.364659841432903 ], [ -81.425619098805299, 28.364658626067939 ], [ -81.425621812786318, 28.36464301319133 ], [ -81.425604128645631, 28.364640582459543 ], [ -81.425606842628838, 28.364624969582572 ], [ -81.42559800056047, 28.364623754215746 ], [ -81.4255993575525, 28.364615947777079 ], [ -81.425590515485183, 28.364614732409606 ], [ -81.425591872477753, 28.364606925970868 ], [ -81.425583030411488, 28.364605710602738 ], [ -81.425584387404612, 28.364597904163922 ], [ -81.425566703274441, 28.364595473425616 ], [ -81.425568060268901, 28.364587666986793 ], [ -81.425559218205009, 28.364586451616617 ], [ -81.425567360171286, 28.364539612980447 ], [ -81.42555851811241, 28.364538397610097 ], [ -81.425559875106714, 28.364530591170187 ], [ -81.425551033048905, 28.364529375799208 ], [ -81.425552390043748, 28.364521569359241 ], [ -81.425534705930474, 28.364519138615165 ], [ -81.425536062926653, 28.364511332175152 ], [ -81.425527220871203, 28.364510116802126 ], [ -81.425528577867951, 28.364502310362074 ], [ -81.425519735813523, 28.364501094988373 ], [ -81.425522449807843, 28.364485482107881 ], [ -81.425513607755292, 28.364484266733648 ], [ -81.425516321750209, 28.364468653852619 ], [ -81.42550747969949, 28.364467438477803 ], [ -81.425508836697375, 28.364459632037114 ], [ -81.425491152598312, 28.364457201285461 ], [ -81.425499294589869, 28.364410362638683 ], [ -81.425490452545503, 28.364409147262286 ], [ -81.425491809544013, 28.364401340820656 ], [ -81.42547412545764, 28.364398910065809 ], [ -81.4254754824575, 28.364391103624129 ], [ -81.425466640415493, 28.364389888245672 ], [ -81.425467997415893, 28.364382081803978 ], [ -81.425459155374938, 28.364380866424856 ], [ -81.425460512375892, 28.364373059983045 ], [ -81.425451670335988, 28.364371844603287 ], [ -81.425453027337483, 28.364364038161355 ], [ -81.42544418529863, 28.364362822780972 ], [ -81.42544961330529, 28.364331597011908 ], [ -81.425431929234733, 28.364329166249625 ], [ -81.425433286237364, 28.364321359807086 ], [ -81.425424444203259, 28.364320144424973 ], [ -81.425425801206444, 28.364312337982284 ], [ -81.425434643239754, 28.364313553364369 ], [ -81.425437357243766, 28.364297940478394 ], [ -81.42544619927574, 28.364299155859545 ], [ -81.425448913277151, 28.3642835429727 ], [ -81.425440071246783, 28.364282327591752 ], [ -81.425441428247908, 28.364274521148136 ], [ -81.425432586218591, 28.364273305766488 ], [ -81.42543394322027, 28.364265499322805 ], [ -81.425416259163995, 28.364263068557573 ], [ -81.42541761616701, 28.364255262113844 ], [ -81.42539109008689, 28.364251615960693 ], [ -81.425392447092051, 28.364243809517102 ], [ -81.425383605066642, 28.36424259413133 ], [ -81.425384962072357, 28.364234787687625 ], [ -81.425358436000067, 28.364231141526179 ], [ -81.425359793007928, 28.364223335082563 ], [ -81.425350950985134, 28.36422211969402 ], [ -81.425348236967579, 28.364237732580865 ], [ -81.425321710895943, 28.364234086410313 ], [ -81.425320353884416, 28.364241892853258 ], [ -81.425311511860258, 28.364240677461499 ], [ -81.425318296919428, 28.364201645245679 ], [ -81.425335980960043, 28.364204076027566 ], [ -81.42534005198776, 28.36418065669541 ], [ -81.425357736024594, 28.364183087473787 ], [ -81.425359093031759, 28.36417528102924 ], [ -81.425367935049749, 28.364176496417262 ], [ -81.425370649061691, 28.364160883527408 ], [ -81.425379491078345, 28.364162098914516 ], [ -81.425383562091994, 28.364138679578165 ], [ -81.425392404106518, 28.364139894964239 ], [ -81.425396475115505, 28.364116475626062 ], [ -81.425369949079865, 28.364112829466347 ], [ -81.425372663089391, 28.364097216573867 ], [ -81.4253638210796, 28.364096001185978 ], [ -81.425366535089722, 28.364080388292955 ], [ -81.425357693081793, 28.364079172904543 ], [ -81.425359050087266, 28.364071366457861 ], [ -81.425350208080388, 28.36407015106878 ], [ -81.425348851074119, 28.364077957515374 ], [ -81.42531348304594, 28.364073095951348 ], [ -81.425314840055407, 28.364065289505078 ], [ -81.425297156044451, 28.364062858718835 ], [ -81.425290370986659, 28.364101890947428 ], [ -81.425272686968754, 28.364099460157352 ], [ -81.425271329954839, 28.364107266602389 ], [ -81.425253645936337, 28.364104835809158 ], [ -81.425252288920603, 28.364112642253883 ], [ -81.425243446910926, 28.364111426856077 ], [ -81.425242089894127, 28.364119233300492 ], [ -81.425233247883924, 28.364118017901887 ], [ -81.425231890866073, 28.364125824346047 ], [ -81.425187680814872, 28.364119747341537 ], [ -81.425186323792786, 28.364127553785053 ], [ -81.425177481782526, 28.364126338381848 ], [ -81.425176124759389, 28.364134144825147 ], [ -81.425184966770459, 28.364135360228406 ], [ -81.425182252725037, 28.364150973114551 ], [ -81.425191094737954, 28.364152188517259 ], [ -81.425189737715655, 28.364159994960222 ], [ -81.425180895701942, 28.364158779557371 ], [ -81.425179538678606, 28.364166586000056 ], [ -81.425153012636585, 28.364162939786944 ], [ -81.425151655610605, 28.364170746229149 ], [ -81.425142813596324, 28.364169530823201 ], [ -81.425141456569278, 28.364177337265176 ], [ -81.425123772539862, 28.364174906450923 ], [ -81.425122415510998, 28.364182712892532 ], [ -81.425104731480985, 28.364180282075168 ], [ -81.425103374450273, 28.364188088516407 ], [ -81.425094532434869, 28.364186873106537 ], [ -81.425093175403092, 28.364194679547552 ], [ -81.425084333387133, 28.364193464136822 ], [ -81.425082976354318, 28.364201270577546 ], [ -81.425074134337805, 28.364200055166041 ], [ -81.425071420269845, 28.364215668046736 ], [ -81.425053736234403, 28.364213237221193 ], [ -81.425055093270117, 28.364205430781094 ], [ -81.42502856722129, 28.364201784537478 ], [ -81.425029924259121, 28.364193978097482 ], [ -81.424985714186803, 28.364187901010503 ], [ -81.424984357144965, 28.364195707450072 ], [ -81.424966673116216, 28.364193276609932 ], [ -81.424965316072544, 28.36420108304916 ], [ -81.424956474057765, 28.364199867627917 ], [ -81.424955117013027, 28.364207674066861 ], [ -81.424937432982617, 28.36420524322201 ], [ -81.424936075936046, 28.364213049660638 ], [ -81.424927233920428, 28.364211834236993 ], [ -81.424925876872805, 28.364219640675351 ], [ -81.424908192840732, 28.364217209825732 ], [ -81.424906835791262, 28.36422501626371 ], [ -81.42489799377482, 28.364223800837699 ], [ -81.424896636724299, 28.36423160727545 ], [ -81.424878952690548, 28.364229176421027 ], [ -81.424877595638193, 28.364236982858429 ], [ -81.424859911603875, 28.364234552000905 ], [ -81.424858554549687, 28.364242358437959 ], [ -81.424849712532108, 28.364241143007987 ], [ -81.424848355476854, 28.364248949444775 ], [ -81.424830671440887, 28.364246518582465 ], [ -81.424829314383786, 28.364254325018877 ], [ -81.424811630347222, 28.364251894153458 ], [ -81.424810273288287, 28.364259700589546 ], [ -81.424801431269586, 28.36425848515567 ], [ -81.424800074209585, 28.36426629159147 ], [ -81.424791232190358, 28.36426507615673 ], [ -81.424789875129321, 28.364272882592289 ], [ -81.424772191090028, 28.364270451720476 ], [ -81.424770834027143, 28.364278258155654 ], [ -81.424761992007063, 28.364277042718552 ], [ -81.424760634943127, 28.364284849153481 ], [ -81.424742950902171, 28.36428241827695 ], [ -81.4247443079677, 28.364274611842173 ], [ -81.424708939892014, 28.36426975008057 ], [ -81.424707582823302, 28.364277556514978 ], [ -81.424698740804217, 28.364276341072664 ], [ -81.42469466959416, 28.364299760374521 ], [ -81.424676985551983, 28.364297329487133 ], [ -81.424675628479861, 28.364305135920564 ], [ -81.424666786458346, 28.36430392047566 ], [ -81.424665429385186, 28.364311726908863 ], [ -81.424656587363131, 28.364310511463138 ], [ -81.424655230288934, 28.364318317896032 ], [ -81.424637546244, 28.364315887002252 ], [ -81.424634832091627, 28.364331499867191 ], [ -81.424625990067952, 28.364330284418969 ], [ -81.424621918835157, 28.364353703714805 ], [ -81.424613076809322, 28.364352488265613 ], [ -81.424611719730422, 28.364360294697097 ], [ -81.424602877704061, 28.364359079247087 ], [ -81.424597449382759, 28.364390304970964 ], [ -81.424606291412317, 28.364391520421314 ], [ -81.424603577251744, 28.364407133282359 ], [ -81.424594735220595, 28.36440591783186 ], [ -81.424593378139136, 28.364413724262004 ], [ -81.42458453610746, 28.364412508810638 ], [ -81.424585893189715, 28.364404702380568 ], [ -81.424577051159076, 28.364403486928612 ], [ -81.424578408241857, 28.364395680498387 ], [ -81.424569566212298, 28.364394465045798 ], [ -81.424570923295633, 28.364386658615526 ], [ -81.424562081267098, 28.36438544316222 ], [ -81.424563438350987, 28.364377636731867 ], [ -81.424554596323517, 28.364376421277921 ], [ -81.424555953407946, 28.364368614847496 ], [ -81.424547111381514, 28.364367399392922 ], [ -81.424549825551239, 28.364351786531714 ], [ -81.424540983526654, 28.364350571076553 ], [ -81.42454505478176, 28.364327151783655 ], [ -81.424518528716703, 28.364323505414596 ], [ -81.424517171629546, 28.364331311845454 ], [ -81.424508329607562, 28.36433009638754 ], [ -81.424506972519353, 28.36433790281815 ], [ -81.424489288474575, 28.36433547189996 ], [ -81.424487931384519, 28.364343278330228 ], [ -81.424470247339173, 28.364340847408901 ], [ -81.424468890247269, 28.364348653838821 ], [ -81.424460048224176, 28.364347438376981 ], [ -81.424458691131221, 28.364355244806625 ], [ -81.424449849107575, 28.364354029343957 ], [ -81.424448492013568, 28.364361835773327 ], [ -81.424421965941804, 28.364358189380663 ], [ -81.424420608845168, 28.364365995809624 ], [ -81.424411766820953, 28.364364780343855 ], [ -81.424410409723265, 28.364372586772525 ], [ -81.42440156769851, 28.364371371305886 ], [ -81.424400210599771, 28.364379177734325 ], [ -81.424391368574462, 28.364377962266897 ], [ -81.424390011474685, 28.364385768695037 ], [ -81.424381169448836, 28.364384553226756 ], [ -81.424379812348008, 28.36439235965468 ], [ -81.424370970321618, 28.364391144185614 ], [ -81.424368256117589, 28.364406757040708 ], [ -81.424359414089864, 28.364405541570726 ], [ -81.424353985675623, 28.364436767278402 ], [ -81.42434514364497, 28.36443555180735 ], [ -81.424343786539978, 28.364443358233718 ], [ -81.424334944508772, 28.364442142761842 ], [ -81.424333587402742, 28.364449949187957 ], [ -81.424324745370996, 28.364448733715221 ], [ -81.424320674049014, 28.364472152992363 ], [ -81.424302989981499, 28.364469722044152 ], [ -81.424301632872073, 28.364477528469351 ], [ -81.424257422703789, 28.364471451085578 ], [ -81.4242560655901, 28.364479257510141 ], [ -81.424247223556421, 28.364478042031099 ], [ -81.424244509326741, 28.364493654879542 ], [ -81.424235667291697, 28.364492439399548 ], [ -81.424234310175692, 28.364500245823418 ], [ -81.424225468140108, 28.364499030342628 ], [ -81.424224111023051, 28.364506836766243 ], [ -81.424215268986941, 28.364505621284604 ], [ -81.424213911868819, 28.364513427707955 ], [ -81.424205069832155, 28.364512212225524 ], [ -81.424203712712995, 28.364520018648552 ], [ -81.424194870675791, 28.364518803165325 ], [ -81.424193513555593, 28.364526609588154 ], [ -81.424175829480347, 28.364524178619238 ], [ -81.424174472358303, 28.364531985041719 ], [ -81.424165630320275, 28.364530769556069 ], [ -81.424164273197164, 28.364538575978255 ], [ -81.424111220969522, 28.364531283048542 ], [ -81.42410986384138, 28.364539089470018 ], [ -81.424092179765921, 28.364536658487392 ], [ -81.424090822635947, 28.364544464908487 ], [ -81.424081980597805, 28.364543249415998 ], [ -81.424077909203987, 28.364566668678101 ], [ -81.424086751244502, 28.36456788417085 ], [ -81.424085394113533, 28.364575690591266 ], [ -81.424094236155113, 28.364576906083411 ], [ -81.424091521893985, 28.364592518923928 ], [ -81.424100363937413, 28.364593734415504 ], [ -81.424096292546253, 28.364617153675145 ], [ -81.424105134592324, 28.364618369166251 ], [ -81.424103777462236, 28.364626175585883 ], [ -81.424121461556737, 28.36462860656604 ], [ -81.424120104427999, 28.364636412985679 ], [ -81.424128946476415, 28.364637628474743 ], [ -81.424127589348217, 28.364645434894243 ], [ -81.424136431397713, 28.364646650382671 ], [ -81.424132360013985, 28.364670069640521 ], [ -81.424141202066124, 28.364671285128502 ], [ -81.424139844938509, 28.364679091547504 ], [ -81.424148686991686, 28.364680307034785 ], [ -81.424147329864624, 28.364688113453745 ], [ -81.424156171918852, 28.364689328940351 ], [ -81.424154814792331, 28.364697135359226 ], [ -81.424163656847625, 28.364698350845174 ], [ -81.424160942595435, 28.364713963682529 ], [ -81.424169784652562, 28.364715179167934 ], [ -81.424168427526894, 28.364722985586425 ], [ -81.424177269585073, 28.364724201071223 ], [ -81.424174555334574, 28.364739813907818 ], [ -81.424183397394614, 28.36474102939205 ], [ -81.42418204026977, 28.364748835810207 ], [ -81.424190882330862, 28.364750051293765 ], [ -81.424188168082026, 28.364765664129706 ], [ -81.424197010144965, 28.36476687961272 ], [ -81.424195653020973, 28.364774686030497 ], [ -81.424204495084965, 28.364775901512868 ], [ -81.424203137961527, 28.36478370793056 ], [ -81.424211980026556, 28.364784923412277 ], [ -81.424209265780505, 28.364800536247337 ], [ -81.424218107847409, 28.364801751728461 ], [ -81.424216750724796, 28.364809558145801 ], [ -81.424225592792737, 28.36481077362631 ], [ -81.424222878548377, 28.364826386460649 ], [ -81.424231720618167, 28.364827601940618 ], [ -81.424230363496406, 28.364835408357585 ], [ -81.424239205567247, 28.364836623836869 ], [ -81.424236491324564, 28.364852236670504 ], [ -81.424245333397252, 28.364853452149273 ], [ -81.424243976276344, 28.36486125856587 ], [ -81.424252818350084, 28.364862474044013 ], [ -81.424251461229716, 28.364870280460554 ], [ -81.424260303304507, 28.364871495938019 ], [ -81.424257589064609, 28.36488710877072 ], [ -81.424266431141248, 28.364888324247634 ], [ -81.424265074021719, 28.364896130663791 ], [ -81.424273916099409, 28.364897346140062 ], [ -81.424271201861202, 28.364912958972074 ], [ -81.42428004394074, 28.364914174447787 ], [ -81.424278686822049, 28.364921980863578 ], [ -81.424287528902653, 28.364923196338619 ], [ -81.424284814666109, 28.364938809169942 ], [ -81.424293656748546, 28.364940024644433 ], [ -81.424292299630721, 28.36494783105994 ], [ -81.424301141714196, 28.364949046533759 ], [ -81.424298427479357, 28.364964659364347 ], [ -81.424307269564693, 28.364965874837637 ], [ -81.424305912447707, 28.364973681252764 ], [ -81.424314754534109, 28.364974896725371 ], [ -81.424313397417635, 28.364982703140427 ], [ -81.424322239505102, 28.364983918612378 ], [ -81.42431952527302, 28.364999531442113 ], [ -81.424328367362321, 28.365000746913552 ], [ -81.424327010246714, 28.365008553328238 ], [ -81.424335852337052, 28.365009768798956 ], [ -81.424334495221999, 28.365017575213603 ], [ -81.424343337313388, 28.365018790683713 ], [ -81.424340623084092, 28.365034403512556 ], [ -81.424349465177343, 28.365035618982098 ], [ -81.424348108063128, 28.365043425396351 ], [ -81.424356950157431, 28.365044640865282 ], [ -81.424354235929826, 28.365060253693425 ], [ -81.424363078025962, 28.365061469161766 ], [ -81.424361720912586, 28.365069275575674 ], [ -81.424370563009788, 28.365070491043365 ], [ -81.424367848783874, 28.365086103870816 ], [ -81.424376690882909, 28.365087319337977 ], [ -81.424375333770371, 28.365095125751491 ], [ -81.424384175870472, 28.365096341217985 ], [ -81.424381461646234, 28.365111954044671 ], [ -81.424390303748197, 28.365113169510636 ], [ -81.424388946636483, 28.365120975923823 ], [ -81.424397788739483, 28.365122191389116 ], [ -81.424395074516937, 28.365137804215152 ], [ -81.424403916621799, 28.365139019679891 ], [ -81.424402559510938, 28.365146826092708 ], [ -81.424411401616837, 28.365148041556782 ], [ -81.424408687395982, 28.365163654382084 ], [ -81.424417529503728, 28.365164869845607 ], [ -81.42441617239372, 28.365172676258066 ], [ -81.424425014502518, 28.365173891720929 ], [ -81.424422300283339, 28.365189504545576 ], [ -81.424431142393985, 28.365190720007885 ], [ -81.424429785284815, 28.365198526420023 ], [ -81.424438627396512, 28.365199741881657 ], [ -81.424435913179025, 28.365215354705562 ], [ -81.424444755292569, 28.365216570166666 ], [ -81.424443398184252, 28.365224376578428 ], [ -81.424452240298848, 28.365225592038879 ], [ -81.424449526083038, 28.365241204862098 ], [ -81.424458368199495, 28.365242420321973 ], [ -81.424457011092002, 28.365250226733437 ], [ -81.424465853209512, 28.365251442192658 ], [ -81.424463138995378, 28.36526705501511 ], [ -81.424471981114735, 28.365268270473837 ], [ -81.424470624008094, 28.365276076884914 ], [ -81.424479466128489, 28.365277292342956 ], [ -81.424478109022402, 28.365285098753887 ], [ -81.424486951143862, 28.3652863142113 ], [ -81.424484236932514, 28.365301927032924 ], [ -81.424493079055821, 28.365303142489758 ], [ -81.42449172195056, 28.365310948900387 ], [ -81.424500564074918, 28.365312164356556 ], [ -81.424499206970211, 28.365319970767089 ], [ -81.424508049095621, 28.365321186222609 ], [ -81.424505334887044, 28.365336799043337 ], [ -81.424514177014302, 28.365338014498327 ], [ -81.424511462806322, 28.36535362731853 ], [ -81.424520304935442, 28.365354842772923 ], [ -81.424518947831857, 28.365362649182853 ], [ -81.424527789962028, 28.365363864636617 ], [ -81.424525075755724, 28.365379477456106 ], [ -81.424533917887729, 28.36538069290933 ], [ -81.424532560785011, 28.365388499318911 ], [ -81.424541402918081, 28.365389714771428 ], [ -81.424538688713454, 28.36540532759021 ], [ -81.424547530848372, 28.365406543042226 ], [ -81.424546173746492, 28.365414349451431 ], [ -81.424555015882433, 28.36541556490279 ], [ -81.424553658781107, 28.365423371311941 ], [ -81.424562500918114, 28.365424586762611 ], [ -81.424559786716273, 28.365440199580508 ], [ -81.424568628855141, 28.365441415030666 ], [ -81.424565914653897, 28.365457027848031 ], [ -81.424574756794613, 28.36545824329761 ], [ -81.42457339969441, 28.365466049706129 ], [ -81.424582241836177, 28.365467265155065 ], [ -81.424580884736514, 28.36547507156347 ], [ -81.424589726879333, 28.365476287011763 ], [ -81.42458701268086, 28.365491899828239 ], [ -81.424595854825526, 28.365493115275957 ], [ -81.42459449772673, 28.365500921684021 ], [ -81.424603339872434, 28.365502137131116 ], [ -81.424604696970448, 28.365494330722942 ], [ -81.424657749845295, 28.36550162338942 ], [ -81.424656392752055, 28.365509429798081 ], [ -81.424682919195305, 28.365513076121648 ], [ -81.424681562104226, 28.365520882530447 ], [ -81.424690404253283, 28.365522097970224 ], [ -81.42468904716273, 28.365529904378921 ], [ -81.424697889312839, 28.365531119818055 ], [ -81.424695175132598, 28.365546732635117 ], [ -81.42473938589491, 28.365552809820752 ], [ -81.424740742981172, 28.365545003411885 ], [ -81.424811480207737, 28.365554726869959 ], [ -81.424810123127855, 28.365562533279494 ], [ -81.424827807438646, 28.365564964136873 ], [ -81.424826450360101, 28.365572770546422 ], [ -81.424835292516661, 28.365573985974088 ], [ -81.424832578360437, 28.365589598792837 ], [ -81.424867946995633, 28.365594460496784 ], [ -81.424869304070683, 28.365586654087121 ], [ -81.424878146229318, 28.365587869511227 ], [ -81.424876789155078, 28.365595675920932 ], [ -81.424885631314751, 28.365596891344346 ], [ -81.424882917167082, 28.365612504163451 ], [ -81.424891759328631, 28.365613719586324 ], [ -81.424890402255201, 28.365621525995667 ], [ -81.424899244417801, 28.365622741417905 ], [ -81.42489517319845, 28.365646160645213 ], [ -81.42490401536368, 28.365647376066963 ], [ -81.424901301217787, 28.365662988884473 ], [ -81.424910143384878, 28.365664204305663 ], [ -81.424908786312358, 28.365672010714224 ], [ -81.4249176284805, 28.365673226134788 ], [ -81.424916271408506, 28.365681032543232 ], [ -81.424925113577686, 28.365682247963107 ], [ -81.424922399434593, 28.36569786077974 ], [ -81.424957768120265, 28.365702722452614 ], [ -81.424956411051511, 28.365710528861023 ], [ -81.424965253224372, 28.365711744277519 ], [ -81.424963896156171, 28.365719550685853 ], [ -81.424972738330069, 28.365720766101635 ], [ -81.424971381262409, 28.365728572509852 ], [ -81.424997907788054, 28.365732218753145 ], [ -81.42499655072254, 28.365740025161493 ], [ -81.425005392899052, 28.36574124057454 ], [ -81.425001321703419, 28.365764659798693 ], [ -81.425019006061987, 28.365767090623113 ], [ -81.425017648997866, 28.365774897030946 ], [ -81.425035333359062, 28.365777327852616 ], [ -81.425029905106442, 28.365808553483046 ], [ -81.425047589475028, 28.365810984302474 ], [ -81.425039447098158, 28.36585782274387 ], [ -81.425048289287616, 28.36585903815299 ], [ -81.425046932224731, 28.365866844559392 ], [ -81.425055774415227, 28.365868059967855 ], [ -81.42505034616434, 28.365899285591926 ], [ -81.425059188358304, 28.36590050100002 ], [ -81.425057831295746, 28.3659083074057 ], [ -81.425066673490747, 28.365909522813148 ], [ -81.425062602303981, 28.36593294202931 ], [ -81.42507144450164, 28.365934157436307 ], [ -81.425070087439678, 28.365941963841451 ], [ -81.425078929638374, 28.365943179247822 ], [ -81.425077572576967, 28.365950985652827 ], [ -81.425086414776715, 28.365952201058519 ], [ -81.425083700654724, 28.365967813868266 ], [ -81.425092542856348, 28.365969029273394 ], [ -81.42508982873494, 28.365984642082609 ], [ -81.425098670938397, 28.365985857487161 ], [ -81.4250959568176, 28.36600147029587 ], [ -81.42510479902289, 28.366002685699865 ], [ -81.42510208490269, 28.366018298507989 ], [ -81.425110927109827, 28.366019513911422 ], [ -81.425109570050154, 28.366027320315336 ], [ -81.425118412258371, 28.366028535718144 ], [ -81.425117055199223, 28.366036342121934 ], [ -81.425125897408478, 28.366037557524066 ], [ -81.425123183291049, 28.366053170331373 ], [ -81.425132025502151, 28.366054385732969 ], [ -81.425129311385305, 28.36606999853969 ], [ -81.425138153598255, 28.366071213940703 ], [ -81.425136796540258, 28.3660790203439 ], [ -81.425145638754273, 28.366080235744324 ], [ -81.425142924639118, 28.36609584855033 ], [ -81.425151766854967, 28.366097063950161 ], [ -81.425149052740409, 28.366112676755641 ], [ -81.425157894958105, 28.366113892154907 ], [ -81.425156537901245, 28.366121698557503 ], [ -81.425165380120006, 28.36612291395609 ], [ -81.425162666007111, 28.366138526760889 ], [ -81.42517150822772, 28.366139742158911 ], [ -81.425170151171699, 28.366147548561159 ], [ -81.425178993393359, 28.366148763958599 ], [ -81.425176279282155, 28.366164376762654 ], [ -81.425185121505663, 28.366165592159508 ], [ -81.42518240739507, 28.366181204963073 ], [ -81.425191249620411, 28.366182420359376 ], [ -81.425189892565527, 28.366190226760999 ], [ -81.425198734791934, 28.366191442156612 ], [ -81.425197377737618, 28.366199248558118 ], [ -81.425206219965062, 28.366200463953113 ], [ -81.425204862911286, 28.366208270354527 ], [ -81.425213705139782, 28.366209485748893 ], [ -81.425210991033055, 28.366225098551368 ], [ -81.425219833263412, 28.36622631394517 ], [ -81.425217119157267, 28.366241926747151 ], [ -81.425225961389486, 28.366243142140327 ], [ -81.425223247283924, 28.366258754941811 ], [ -81.425232089517991, 28.366259970334443 ], [ -81.425229375413039, 28.366275583135391 ], [ -81.425238217648925, 28.366276798527441 ], [ -81.425236860596868, 28.36628460492776 ], [ -81.425245702833834, 28.36628582031922 ], [ -81.42524298873056, 28.366301433119435 ], [ -81.425251830969358, 28.366302648510338 ], [ -81.425249116866681, 28.366318261309978 ], [ -81.425257959107327, 28.366319476700326 ], [ -81.42525524500526, 28.366335089499479 ], [ -81.425264087247754, 28.366336304889252 ], [ -81.425262730197133, 28.366344111288672 ], [ -81.425271572440693, 28.36634532667777 ], [ -81.425268858340274, 28.36636093947622 ], [ -81.425277700585696, 28.366362154864767 ], [ -81.42527498648586, 28.366377767662726 ], [ -81.425283828733129, 28.366378983050687 ], [ -81.425281114633904, 28.366394595848092 ], [ -81.425289956883006, 28.366395811235527 ], [ -81.42528859983382, 28.366403617634067 ], [ -81.425297442083973, 28.366404833020844 ], [ -81.425296085035328, 28.366412639419273 ], [ -81.425304927286518, 28.366413854805426 ], [ -81.425302213190079, 28.366429467601929 ], [ -81.425311055443146, 28.366430682987524 ], [ -81.425309698395338, 28.36643848938558 ], [ -81.425318540649442, 28.366439704770517 ], [ -81.425317183602189, 28.366447511168527 ], [ -81.425326025857359, 28.366448726552779 ], [ -81.42532195471648, 28.366472145745995 ], [ -81.425330796974293, 28.366473361129792 ], [ -81.425329439927623, 28.366481167527258 ], [ -81.425338282186488, 28.366482382910437 ], [ -81.425335568093999, 28.366497995705014 ], [ -81.425344410354711, 28.366499211087621 ], [ -81.425341696262819, 28.366514823881616 ], [ -81.425350538525365, 28.366516039263693 ], [ -81.425346467388053, 28.366539458453698 ], [ -81.425355309653241, 28.366540673835235 ], [ -81.425353952607779, 28.366548480231657 ], [ -81.425362794874019, 28.366549695612576 ], [ -81.425360080783904, 28.366565308405047 ], [ -81.425368923052005, 28.366566523785394 ], [ -81.425367566007381, 28.366574330181479 ], [ -81.42537640827652, 28.366575545561183 ], [ -81.425373694188096, 28.366591158352904 ], [ -81.425382536459097, 28.366592373732075 ], [ -81.425379822371269, 28.366607986523302 ], [ -81.425388664644103, 28.366609201901902 ], [ -81.425387307600616, 28.366617008297329 ], [ -81.425396149874516, 28.366618223675285 ], [ -81.425393435788351, 28.36663383646578 ], [ -81.425402278064112, 28.366635051843144 ], [ -81.425399563978544, 28.366650664633148 ], [ -81.425408406256153, 28.366651880009993 ], [ -81.425405692171182, 28.366667492799476 ], [ -81.425414534450638, 28.366668708175741 ], [ -81.42541182036625, 28.366684320964648 ], [ -81.425420662647554, 28.366685536340334 ], [ -81.425416591521497, 28.366708955522679 ], [ -81.425425433805444, 28.366710170897907 ], [ -81.425422719721752, 28.366725783685471 ], [ -81.425431562007546, 28.366726999060141 ], [ -81.425430204966119, 28.366734805453667 ], [ -81.425439047252965, 28.366736020827734 ], [ -81.425436333170964, 28.366751633614527 ], [ -81.425445175459657, 28.366752848987979 ], [ -81.425442461378225, 28.366768461774246 ], [ -81.42545130366878, 28.366769677147186 ], [ -81.42544994662849, 28.366777483540137 ], [ -81.425458788920082, 28.366778698912377 ], [ -81.425456074840341, 28.366794311697994 ], [ -81.42546491713378, 28.366795527069687 ], [ -81.42546220305465, 28.36681113985474 ], [ -81.425471045349923, 28.366812355225864 ], [ -81.425468331271389, 28.366827968010359 ], [ -81.425477173568538, 28.366829183380933 ], [ -81.425475816529669, 28.366836989773024 ], [ -81.42548465882787, 28.366838205142965 ], [ -81.425481944751013, 28.366853817926749 ], [ -81.425490787051061, 28.366855033296126 ], [ -81.425488072974787, 28.366870646079409 ], [ -81.425496915276668, 28.36687186144826 ], [ -81.425492844162775, 28.36689528062211 ], [ -81.4255016864673, 28.366896495990446 ], [ -81.425498972391722, 28.366912108772286 ], [ -81.425507814698108, 28.366913324140068 ], [ -81.425506457660731, 28.366921130530841 ], [ -81.425515299968168, 28.366922345897944 ], [ -81.425512585894268, 28.366937958679124 ], [ -81.425521428203538, 28.366939174045726 ], [ -81.425518714130234, 28.366954786826376 ], [ -81.425527556441367, 28.366956002192346 ], [ -81.42552484236866, 28.366971614972471 ], [ -81.425533684681639, 28.366972830337904 ], [ -81.425530970609515, 28.366988443117489 ], [ -81.425539812924342, 28.366989658482357 ], [ -81.42553574181666, 28.367013077650675 ], [ -81.42554458413413, 28.367014293015089 ], [ -81.425541870062688, 28.367029905793277 ], [ -81.425550712382019, 28.367031121157147 ], [ -81.42554799831116, 28.367046733934771 ], [ -81.425556840632339, 28.367047949298037 ], [ -81.425554126562076, 28.36706356207517 ], [ -81.425562968885103, 28.367064777437911 ], [ -81.425560254815423, 28.367080390214479 ], [ -81.425569097140311, 28.367081605576626 ], [ -81.42556502603631, 28.367105024740475 ], [ -81.425573868363827, 28.367106240102153 ], [ -81.425572511329463, 28.367114046489871 ], [ -81.425581353658032, 28.367115261850898 ], [ -81.425578639590142, 28.367130874625868 ], [ -81.425587481920559, 28.367132089986388 ], [ -81.425584767853252, 28.367147702760853 ], [ -81.42559361018553, 28.367148918120783 ], [ -81.425589539085081, 28.367172337281453 ], [ -81.425598381420002, 28.367173552640907 ], [ -81.425597024386803, 28.367181359027523 ], [ -81.425605866722776, 28.367182574386323 ], [ -81.425601795624118, 28.367205993545369 ], [ -81.42561063796272, 28.367207208903721 ], [ -81.425607923897289, 28.367222821675735 ], [ -81.425616766237752, 28.367224037033477 ], [ -81.425614052172918, 28.36723964980499 ], [ -81.425622894515215, 28.367240865162188 ], [ -81.425618823418461, 28.367264284318356 ], [ -81.425627665763429, 28.367265499675078 ], [ -81.425624951699263, 28.367281112445173 ], [ -81.425633794046064, 28.367282327801338 ], [ -81.425631079982509, 28.367297940570857 ], [ -81.425639922331143, 28.367299155926478 ], [ -81.425637208268171, 28.367314768695451 ], [ -81.425646050618681, 28.367315984050514 ], [ -81.425643336556291, 28.367331596819003 ], [ -81.425652178908649, 28.367332812173512 ], [ -81.425649464846856, 28.367348424941476 ], [ -81.425658307201061, 28.367349640295398 ], [ -81.425655593139851, 28.367365253062829 ], [ -81.425664435495904, 28.36736646841624 ], [ -81.42566172143529, 28.36738208118312 ], [ -81.42567056379319, 28.367383296535927 ], [ -81.425666492702774, 28.367406715685217 ], [ -81.425675335063332, 28.367407931037555 ], [ -81.4256726210034, 28.367423543803032 ], [ -81.425681463365791, 28.367424759154833 ], [ -81.425677392276413, 28.367448178301991 ], [ -81.425686234641447, 28.367449393653285 ], [ -81.425683520582197, 28.367465006417348 ], [ -81.425692362949093, 28.367466221768098 ], [ -81.42568964889044, 28.367481834531663 ], [ -81.425698491259183, 28.367483049881848 ], [ -81.425694420171709, 28.367506469026111 ], [ -81.425703262543095, 28.367507684375834 ], [ -81.425700548485125, 28.367523297137975 ], [ -81.425709390858358, 28.367524512487119 ], [ -81.425706676800971, 28.36754012524872 ], [ -81.425715519176066, 28.367541340597306 ], [ -81.425712805119261, 28.367556953358392 ], [ -81.425721647496204, 28.367558168706431 ], [ -81.42571893344001, 28.36757378146697 ], [ -81.4257277758188, 28.367574996814458 ], [ -81.425725061763188, 28.367590609574467 ], [ -81.425733904143826, 28.367591824921391 ], [ -81.425731190088797, 28.36760743768091 ], [ -81.425740032471282, 28.367608653027251 ], [ -81.425738675444194, 28.367616459406801 ], [ -81.42574751782773, 28.367617674752552 ], [ -81.425744803774393, 28.367633287511296 ], [ -81.425753646159777, 28.36763450285644 ], [ -81.425752289133541, 28.367642309235659 ], [ -81.425761131519977, 28.367643524580149 ], [ -81.425759774494267, 28.36765133095933 ], [ -81.425768616881768, 28.367652546303187 ], [ -81.425767259856613, 28.367660352682201 ], [ -81.425784944633946, 28.367662783367887 ], [ -81.425776802487349, 28.367709621639467 ], [ -81.425785644881174, 28.367710836981729 ], [ -81.425778859756093, 28.367749868870277 ], [ -81.425796544552497, 28.367752299553498 ], [ -81.425795187528308, 28.367760105930859 ], [ -81.425812872327327, 28.367762536611263 ], [ -81.425811515304503, 28.367770342988624 ], [ -81.425820357705192, 28.367771558327835 ], [ -81.425814929614546, 28.367802783835888 ], [ -81.425823772018674, 28.367803999174679 ], [ -81.425821057973465, 28.367819611927828 ], [ -81.425829900379426, 28.367820827266076 ], [ -81.425828543357241, 28.367828633642446 ], [ -81.425837385764268, 28.367829848980087 ], [ -81.425836028742623, 28.3678376553564 ], [ -81.425862555967626, 28.367841301365033 ], [ -81.425861198948112, 28.367849107741407 ], [ -81.425870041357754, 28.367850323076233 ], [ -81.425868684338809, 28.367858129452575 ], [ -81.425877526749488, 28.367859344786755 ], [ -81.425878883767666, 28.367851538410385 ], [ -81.425887726177805, 28.367852753743737 ], [ -81.425886369160438, 28.367860560120238 ], [ -81.425895211571643, 28.367861775452898 ], [ -81.425893854554815, 28.3678695818293 ], [ -81.425902696967071, 28.367870797161377 ], [ -81.425904053983089, 28.367862990784893 ], [ -81.425912896394806, 28.367864206116124 ], [ -81.425914253409772, 28.367856399739441 ], [ -81.425940780644041, 28.36786004572847 ], [ -81.425942137656378, 28.367852239351286 ], [ -81.425959822478902, 28.367854670006814 ], [ -81.425961179489363, 28.367846863629246 ], [ -81.425970021900227, 28.367848078955848 ], [ -81.425971378909651, 28.367840272578036 ], [ -81.426006748552382, 28.367845133876632 ], [ -81.426008105558381, 28.367837327498307 ], [ -81.426016947968904, 28.367838542821016 ], [ -81.426018304973852, 28.367830736442428 ], [ -81.42602714738382, 28.36783195176432 ], [ -81.426028504387716, 28.367824145385491 ], [ -81.426046189206843, 28.367826576026907 ], [ -81.426047546208892, 28.367818769647698 ], [ -81.426109443078261, 28.367827276868852 ], [ -81.426110800074483, 28.367819470488875 ], [ -81.426119642484608, 28.367820685803139 ], [ -81.426120999479778, 28.367812879422935 ], [ -81.426138684299204, 28.36781531004906 ], [ -81.426140041292527, 28.36780750366848 ], [ -81.426157726111384, 28.367809934291543 ], [ -81.426159083102874, 28.367802127910565 ], [ -81.426176767921149, 28.367804558530516 ], [ -81.426178124910791, 28.367796752149186 ], [ -81.426204652137699, 28.367800398073346 ], [ -81.426206009124684, 28.367792591691614 ], [ -81.426250221170662, 28.367798668216693 ], [ -81.426251578153426, 28.36779086183433 ], [ -81.426269262971999, 28.367793292439071 ], [ -81.426270619952916, 28.367785486056327 ], [ -81.426288304770907, 28.367787916657917 ], [ -81.426289661749976, 28.36778011027484 ], [ -81.426307346567398, 28.367782540873353 ], [ -81.42630870354462, 28.367774734489931 ], [ -81.426317545952912, 28.367775949787966 ], [ -81.426318902929083, 28.367768143404295 ], [ -81.426345430153106, 28.367771789293748 ], [ -81.426346787126633, 28.367763982909661 ], [ -81.426373314350556, 28.367767628792226 ], [ -81.426374671321426, 28.367759822407699 ], [ -81.426410040953684, 28.367764683573792 ], [ -81.426411397921129, 28.367756877188718 ], [ -81.426429082737201, 28.367759307767216 ], [ -81.426430439702798, 28.367751501381768 ], [ -81.426439282110408, 28.36775271666983 ], [ -81.426440639074968, 28.367744910284156 ], [ -81.426476008704768, 28.36774977142862 ], [ -81.426477365665889, 28.367741965042427 ], [ -81.426486208073186, 28.367743180326617 ], [ -81.426487565033241, 28.36773537394015 ], [ -81.426514092254251, 28.367739019788033 ], [ -81.426512735296569, 28.367746826174766 ], [ -81.426521577704875, 28.367748041456061 ], [ -81.426522934661747, 28.367740235069217 ], [ -81.426540619477535, 28.367742665629311 ], [ -81.426541976432574, 28.367734859242145 ], [ -81.426559661247779, 28.367737289799159 ], [ -81.426561018200957, 28.36772948341163 ], [ -81.426596387831239, 28.367734344516492 ], [ -81.426597744780992, 28.367726538128402 ], [ -81.426624272003977, 28.367730183949082 ], [ -81.426625628951072, 28.367722377560554 ], [ -81.426660998582093, 28.3677272386441 ], [ -81.426659641638182, 28.367735045032962 ], [ -81.426703853686661, 28.367741121371289 ], [ -81.426705210626594, 28.367733314982015 ], [ -81.426722895446176, 28.367735745512029 ], [ -81.426724252384247, 28.367727939122346 ], [ -81.426733094793633, 28.36772915438619 ], [ -81.426735808667445, 28.367713541606207 ], [ -81.426753493483758, 28.367715972131247 ], [ -81.426754850418689, 28.367708165740851 ], [ -81.426763692826427, 28.367709381002211 ], [ -81.426765049760334, 28.367701574611512 ], [ -81.426773892167532, 28.367702789872034 ], [ -81.426775249100373, 28.367694983481091 ], [ -81.426810618728538, 28.367699844515471 ], [ -81.426809261798894, 28.36770765090677 ], [ -81.426818104207342, 28.367708866163603 ], [ -81.426816747278252, 28.367716672554824 ], [ -81.426834432097564, 28.36771910306652 ], [ -81.426833075169796, 28.367726909457723 ], [ -81.426841917580632, 28.367728124712503 ], [ -81.426840560653417, 28.367735931103645 ], [ -81.426858245477447, 28.367738361611249 ], [ -81.426859602403056, 28.367730555219964 ], [ -81.426903814463572, 28.367736631475594 ], [ -81.426905171384945, 28.367728825083706 ], [ -81.42698475310273, 28.367739762296797 ], [ -81.426986110016671, 28.367731955903935 ], [ -81.427003794844055, 28.367734386387482 ], [ -81.427005151756163, 28.367726579994237 ], [ -81.42702283658295, 28.367729010474683 ], [ -81.42702419349321, 28.367721204081068 ], [ -81.427050720732922, 28.367724849795952 ], [ -81.427052077640553, 28.367717043401921 ], [ -81.427069762466701, 28.367719473874612 ], [ -81.427071119372471, 28.367711667480279 ], [ -81.427097646611216, 28.367715313183577 ], [ -81.427099003514357, 28.367707506788719 ], [ -81.427143215580017, 28.367713582945747 ], [ -81.427144572478923, 28.367705776550316 ], [ -81.427153414892004, 28.367706991779439 ], [ -81.427152057993908, 28.367714798174948 ], [ -81.427160900408069, 28.367716013403399 ], [ -81.427162257305369, 28.367708207007841 ], [ -81.427171099718976, 28.367709422235468 ], [ -81.427172456615224, 28.367701615839621 ], [ -81.427198983855192, 28.367705261517838 ], [ -81.427200340748797, 28.367697455121551 ], [ -81.427226867988651, 28.367701100792861 ], [ -81.427228224879627, 28.367693294396158 ], [ -81.42726359453313, 28.367698155280646 ], [ -81.427264951420653, 28.367690348883382 ], [ -81.427282636247341, 28.367692779321057 ], [ -81.427283993133031, 28.36768497292341 ], [ -81.427310520372572, 28.367688618574128 ], [ -81.427311877255605, 28.367680812176079 ], [ -81.427356089322629, 28.367686888245455 ], [ -81.427357446201427, 28.367679081846767 ], [ -81.427383973442275, 28.367682727479352 ], [ -81.427385330318444, 28.367674921080212 ], [ -81.427403015145359, 28.367677351498074 ], [ -81.427404372019666, 28.367669545098604 ], [ -81.427413214432718, 28.367670760306343 ], [ -81.427414571305974, 28.367662953906617 ], [ -81.427449940957516, 28.367667814729796 ], [ -81.427451297827346, 28.367660008329569 ], [ -81.427477825066262, 28.367663653939008 ], [ -81.42747918193345, 28.367655847538288 ], [ -81.42750570917228, 28.367659493140827 ], [ -81.427507066036796, 28.367651686739727 ], [ -81.427524750862361, 28.367654117137551 ], [ -81.427526107725072, 28.367646310736042 ], [ -81.42754379255004, 28.367648741130811 ], [ -81.427545149410889, 28.367640934728978 ], [ -81.427562834235303, 28.367643365120575 ], [ -81.427564191094305, 28.367635558718401 ], [ -81.427590718330421, 28.367639204300037 ], [ -81.42759207518678, 28.367631397897398 ], [ -81.42760976001054, 28.367633828281313 ], [ -81.427611116865052, 28.367626021878326 ], [ -81.427619959276512, 28.367627237069104 ], [ -81.427621316129972, 28.367619430665883 ], [ -81.427630158540893, 28.36762064585583 ], [ -81.427631515393315, 28.367612839452303 ], [ -81.42764035780371, 28.367614054641436 ], [ -81.427644428357056, 28.367590635429604 ], [ -81.427653270765305, 28.367591850617714 ], [ -81.427654627615127, 28.367584044213373 ], [ -81.427672312430758, 28.367586474587181 ], [ -81.427673669278732, 28.367578668182492 ], [ -81.427682511686157, 28.367579883368208 ], [ -81.427683868533066, 28.367572076963238 ], [ -81.427710395754431, 28.367575722515756 ], [ -81.427707682065105, 28.367591335326093 ], [ -81.427716524474334, 28.367592550508974 ], [ -81.427715167630083, 28.367600356913979 ], [ -81.427732852450902, 28.367602787277711 ], [ -81.427731495608015, 28.367610593682699 ], [ -81.427740338019575, 28.367611808863572 ], [ -81.427738981177242, 28.367619615268428 ], [ -81.427747823589854, 28.367620830448633 ], [ -81.427746466748061, 28.36762863685345 ], [ -81.427755309161753, 28.367629852032998 ], [ -81.427753952320487, 28.36763765843774 ], [ -81.427771637150215, 28.367640088794829 ], [ -81.427775707668445, 28.367616669579579 ], [ -81.427784550081299, 28.367617884756761 ], [ -81.427788620594868, 28.367594465539717 ], [ -81.427806305416553, 28.367596895891307 ], [ -81.42780766225232, 28.367589089485133 ], [ -81.427816504662744, 28.367590304659696 ], [ -81.427817861497459, 28.367582498253228 ], [ -81.427835546317482, 28.367584928600078 ], [ -81.42783690315035, 28.367577122193257 ], [ -81.42785458796979, 28.367579552537002 ], [ -81.427855944800825, 28.367571746129808 ], [ -81.427864787210126, 28.367572961300464 ], [ -81.427866144040109, 28.367565154893054 ], [ -81.427901513676673, 28.36757001556807 ], [ -81.427898800022845, 28.367585628383484 ], [ -81.427907642434221, 28.367586843550551 ], [ -81.427904928780976, 28.367602456365443 ], [ -81.427913771194198, 28.367603671531981 ], [ -81.427912414368009, 28.367611477939217 ], [ -81.427921256782284, 28.367612693105123 ], [ -81.427918543130744, 28.367628305919272 ], [ -81.427927385546852, 28.367629521084588 ], [ -81.427924671895894, 28.367645133898286 ], [ -81.427933514313878, 28.367646349063033 ], [ -81.427930800663503, 28.367661961876149 ], [ -81.42793964308332, 28.367663177040363 ], [ -81.427936929433557, 28.367678789852974 ], [ -81.427945771855221, 28.367680005016609 ], [ -81.42794305820604, 28.367695617828641 ], [ -81.427951900629552, 28.367696832991729 ], [ -81.42795054380538, 28.367704639397605 ], [ -81.427959386229958, 28.367705854560015 ], [ -81.427960743053333, 28.3676980481541 ], [ -81.427969585477356, 28.367699263315686 ], [ -81.427970942299694, 28.367691456909473 ], [ -81.427988627146902, 28.367693887230335 ], [ -81.427989983967379, 28.367686080823777 ], [ -81.428007668814033, 28.367688511141484 ], [ -81.428009025632662, 28.367680704734536 ], [ -81.428017868055576, 28.367681919892235 ], [ -81.428019224873154, 28.367674113485041 ], [ -81.428045752141003, 28.367677758953381 ], [ -81.428049822585095, 28.367654339729988 ], [ -81.42804098016461, 28.367653124574929 ], [ -81.42804776423705, 28.367614092532889 ], [ -81.4280389218208, 28.367612877377468 ], [ -81.428040278635336, 28.36760507096864 ], [ -81.42802259380521, 28.367602640655811 ], [ -81.428025307436712, 28.367587027837907 ], [ -81.428016465023617, 28.367585812680545 ], [ -81.428021892286822, 28.367554587043035 ], [ -81.42801304987718, 28.367553371885318 ], [ -81.428014406693151, 28.367545565475591 ], [ -81.427996721876212, 28.367543135158062 ], [ -81.427998078693534, 28.36753532874836 ], [ -81.427989236286237, 28.367534113588583 ], [ -81.427990593104099, 28.367526307178785 ], [ -81.427981750697867, 28.367525092018376 ], [ -81.427987177969982, 28.367493866377711 ], [ -81.427996020373016, 28.367495081537772 ], [ -81.427997377189627, 28.367487275127072 ], [ -81.42800621959212, 28.367488490286277 ], [ -81.42800757640768, 28.367480683875325 ], [ -81.428034103614308, 28.367484329348375 ], [ -81.428035460427225, 28.367476522937022 ], [ -81.428061987633754, 28.367480168403159 ], [ -81.428063344444013, 28.367472361991332 ], [ -81.428072186845924, 28.367473577145141 ], [ -81.428073543655131, 28.36746577073308 ], [ -81.428082386056474, 28.367466985886079 ], [ -81.428085099672572, 28.367451373061176 ], [ -81.428093942072579, 28.367452588213254 ], [ -81.428095298879455, 28.367444781800479 ], [ -81.428112983678631, 28.367447212102267 ], [ -81.42811162687336, 28.367455018515255 ], [ -81.428138154076407, 28.36745866396274 ], [ -81.428136797273268, 28.367466470375767 ], [ -81.428145639675606, 28.36746768552355 ], [ -81.428152423684807, 28.367428653456063 ], [ -81.428161266083407, 28.36742986860266 ], [ -81.42816262288369, 28.367422062188538 ], [ -81.428180307680037, 28.367424492479373 ], [ -81.428181664478487, 28.367416686064882 ], [ -81.428190506876263, 28.367417901209063 ], [ -81.428191863673661, 28.367410094794348 ], [ -81.428262602858538, 28.367419815920975 ], [ -81.428261246067507, 28.367427622336415 ], [ -81.428270088467571, 28.367428837474005 ], [ -81.428268731677093, 28.367436643889366 ], [ -81.428286416479551, 28.36743907416253 ], [ -81.428285059690424, 28.367446880577855 ], [ -81.428302744495497, 28.367449310848269 ], [ -81.428305458070312, 28.367433698017035 ], [ -81.428314300471641, 28.367434913150952 ], [ -81.428315657257869, 28.367427106735036 ], [ -81.428342184460988, 28.367430752132112 ], [ -81.428343541244573, 28.367422945715681 ], [ -81.428352383645318, 28.367424160846493 ], [ -81.428353740427866, 28.36741635442986 ], [ -81.428362582828058, 28.367417569559823 ], [ -81.428366653171807, 28.367394150308531 ], [ -81.428375495569867, 28.367395365437513 ], [ -81.428378209129505, 28.367379752602226 ], [ -81.428404736320445, 28.367383397984273 ], [ -81.428406093097507, 28.367375591566077 ], [ -81.428423777891126, 28.367378021816926 ], [ -81.428427848216003, 28.367354602560873 ], [ -81.428436690610809, 28.367355817684938 ], [ -81.428435333836902, 28.367363624103874 ], [ -81.428470703421866, 28.367368484593079 ], [ -81.4284693466509, 28.367376291012171 ], [ -81.428478189048562, 28.367377506132751 ], [ -81.428476832278136, 28.367385312551757 ], [ -81.42848567467685, 28.367386527671673 ], [ -81.428484317906978, 28.367394334090612 ], [ -81.428493160306758, 28.367395549209849 ], [ -81.428491803537426, 28.367403355628706 ], [ -81.428500645938257, 28.367404570747343 ], [ -81.428499289169466, 28.367412377166097 ], [ -81.428508131571363, 28.367413592284027 ], [ -81.428505418034632, 28.367429205121212 ], [ -81.428523102842348, 28.36743163535527 ], [ -81.428521746075191, 28.367439441773808 ], [ -81.428530588480228, 28.367440656889812 ], [ -81.42852923171364, 28.367448463308207 ], [ -81.428538074119714, 28.367449678423579 ], [ -81.428536717353666, 28.3674574848419 ], [ -81.428545559760806, 28.367458699956604 ], [ -81.42855505711232, 28.367404055024004 ], [ -81.428563899514117, 28.367405270137404 ], [ -81.428566613039266, 28.367389657297739 ], [ -81.428593140241446, 28.367393302632944 ], [ -81.428594497001257, 28.367385496212592 ], [ -81.428621024203323, 28.367389141540873 ], [ -81.428622380960491, 28.367381335120101 ], [ -81.428631223360895, 28.367382550227969 ], [ -81.428632580116997, 28.367374743806902 ], [ -81.428641422516861, 28.367375958913964 ], [ -81.428640065761542, 28.367383765335056 ], [ -81.42869312017082, 28.367391055962454 ], [ -81.428691763420034, 28.367398862383912 ], [ -81.428700605823266, 28.367400077485996 ], [ -81.42869924907302, 28.367407883907397 ], [ -81.42872577628664, 28.367411529209456 ], [ -81.42872441953854, 28.367419335630917 ], [ -81.428742104350491, 28.367421765828801 ], [ -81.428743461096985, 28.367413959407152 ], [ -81.428752303502549, 28.36741517450492 ], [ -81.428753660248006, 28.367407368082993 ], [ -81.428762502653015, 28.36740858317992 ], [ -81.428763859397421, 28.36740077675773 ], [ -81.428781544206615, 28.367403206949209 ], [ -81.42878425769149, 28.367387594103946 ], [ -81.428793100094879, 28.367388809198424 ], [ -81.42879445683613, 28.367381002775428 ], [ -81.428803299238979, 28.367382217869054 ], [ -81.428804655979192, 28.367374411445812 ], [ -81.428822340784038, 28.367376841630719 ], [ -81.428820984045416, 28.367384648054145 ], [ -81.428838668852876, 28.367387078236259 ], [ -81.42883731211559, 28.367394884659689 ], [ -81.428846154520514, 28.367396099749726 ], [ -81.428844797783782, 28.36740390617301 ], [ -81.428853640189743, 28.367405121262397 ], [ -81.428852283453566, 28.367412927685677 ], [ -81.428861125860578, 28.367414142774418 ], [ -81.428859769124941, 28.367421949197535 ], [ -81.428877453941325, 28.367424379373038 ], [ -81.428878810675357, 28.367416572949676 ], [ -81.428896495491173, 28.367419003122059 ], [ -81.428897852223358, 28.367411196698402 ], [ -81.428906694630854, 28.367412411783331 ], [ -81.428913478284073, 28.367373379661895 ], [ -81.428922320687832, 28.367374594745719 ], [ -81.428926390874381, 28.367351175470493 ], [ -81.428917548473024, 28.367349960386917 ], [ -81.42892026193104, 28.367334347536048 ], [ -81.428911419531545, 28.36733313245195 ], [ -81.428914132990172, 28.367317519600515 ], [ -81.42890529059251, 28.367316304515878 ], [ -81.428906647322236, 28.367308498089994 ], [ -81.428897804925626, 28.367307283004699 ], [ -81.428899161655892, 28.367299476578715 ], [ -81.428890319260347, 28.36729826149276 ], [ -81.428894389452083, 28.367274842214048 ], [ -81.428885547059167, 28.367273627127631 ], [ -81.428886903790044, 28.36726582070116 ], [ -81.42887806139818, 28.367264605614029 ], [ -81.428882131591678, 28.367241186333757 ], [ -81.428873289202457, 28.367239971246242 ], [ -81.428874645933945, 28.367232164819189 ], [ -81.428883488322356, 28.367233379906672 ], [ -81.428884845052764, 28.367225573479388 ], [ -81.428893687440649, 28.36722678856604 ], [ -81.428895044170005, 28.367218982138468 ], [ -81.428921571332779, 28.367222627393737 ], [ -81.428922928059507, 28.367214820965749 ], [ -81.428931770446795, 28.367216036049271 ], [ -81.428933127172471, 28.367208229621035 ], [ -81.428941969559233, 28.36720944470374 ], [ -81.42894468300824, 28.367193831846571 ], [ -81.428971210165258, 28.367197477089729 ], [ -81.428968496721026, 28.367213089947484 ], [ -81.428977339108812, 28.367214305027218 ], [ -81.428973268942983, 28.367237724312758 ], [ -81.428999796114994, 28.36724136954842 ], [ -81.428997082674641, 28.367256982405124 ], [ -81.42903245224727, 28.367261842709734 ], [ -81.429031095529908, 28.367269649138169 ], [ -81.429057622714453, 28.367273294359183 ], [ -81.429056265999222, 28.367281100787689 ], [ -81.429073950791789, 28.367283530931545 ], [ -81.429072594077908, 28.367291337360061 ], [ -81.429081436475357, 28.367292552430932 ], [ -81.429078723048434, 28.3673081652876 ], [ -81.429114092647197, 28.367313025564574 ], [ -81.429108665803113, 28.367344251277171 ], [ -81.42911750820663, 28.367345466344947 ], [ -81.429121578337671, 28.367322047060465 ], [ -81.429130420739043, 28.36732326212725 ], [ -81.429131777448092, 28.367315455698634 ], [ -81.429158304651352, 28.367319100894264 ], [ -81.429159661357772, 28.367311294465182 ], [ -81.429168503758561, 28.367312509528844 ], [ -81.429173930578486, 28.367281283810609 ], [ -81.429182772976361, 28.367282498873173 ], [ -81.429186843086285, 28.367259079582389 ], [ -81.429195685482, 28.367260294643945 ], [ -81.42919839888576, 28.367244681782338 ], [ -81.429207241280153, 28.367245896843002 ], [ -81.429209954681326, 28.367230283980557 ], [ -81.42921879707437, 28.36723149904028 ], [ -81.429221510472928, 28.367215886176947 ], [ -81.42921266808149, 28.367214671117399 ], [ -81.429218094878806, 28.367183445388935 ], [ -81.429209252490807, 28.367182230329 ], [ -81.429213322588566, 28.367158811031054 ], [ -81.429222164974178, 28.367160026090755 ], [ -81.429223521672128, 28.367152219657715 ], [ -81.429232364057199, 28.367153434716545 ], [ -81.429239147539221, 28.367114402548061 ], [ -81.429230305158129, 28.367113187489672 ], [ -81.429231661854587, 28.367105381055516 ], [ -81.429222819474546, 28.367104165996448 ], [ -81.429224176171545, 28.367096359562225 ], [ -81.42921533379257, 28.367095144502507 ], [ -81.42922211727776, 28.367056112329188 ], [ -81.42923095965277, 28.367057327388487 ], [ -81.429233673043498, 28.36704171451774 ], [ -81.429242515417144, 28.367042929576126 ], [ -81.429243872111343, 28.367035123140411 ], [ -81.42926155685781, 28.367037553254747 ], [ -81.429262913550161, 28.36702974681868 ], [ -81.429298283042982, 28.367034607038203 ], [ -81.42929963973188, 28.367026800601653 ], [ -81.429308482104929, 28.367028015654604 ], [ -81.429309838792776, 28.367020209217753 ], [ -81.429327523538035, 28.367022639321263 ], [ -81.429328880224048, 28.36701483288406 ], [ -81.429337722596259, 28.367016047934673 ], [ -81.429340435965941, 28.367000435059555 ], [ -81.429358120707931, 28.367002865158153 ], [ -81.42935947739079, 28.366995058720107 ], [ -81.429377162132212, 28.36699748881562 ], [ -81.429378518813238, 28.366989682377241 ], [ -81.429396203554077, 28.366992112469596 ], [ -81.429397560233255, 28.366984306030901 ], [ -81.429406402603249, 28.366985521075907 ], [ -81.429407759281389, 28.366977714636938 ], [ -81.429416601650843, 28.366978929681149 ], [ -81.429417958327932, 28.36697112324185 ], [ -81.429435643066029, 28.36697355332786 ], [ -81.429436999741256, 28.366965746888262 ], [ -81.429445842109885, 28.366966961930046 ], [ -81.429448555458009, 28.366951349050197 ], [ -81.429466240192838, 28.366953779131173 ], [ -81.42946895353677, 28.366938166250264 ], [ -81.429477795902969, 28.366939381289495 ], [ -81.429479152573776, 28.366931574848685 ], [ -81.429487994939436, 28.366932789887109 ], [ -81.429489351609178, 28.366924983446058 ], [ -81.429498193974297, 28.366926198483611 ], [ -81.42950090731145, 28.366910585600781 ], [ -81.429509749675219, 28.366911800637457 ], [ -81.429511106342602, 28.366903994195699 ], [ -81.429519948705845, 28.366905209231497 ], [ -81.429522662038295, 28.366889596347292 ], [ -81.429531504400202, 28.36689081138223 ], [ -81.429534217730051, 28.366875198497077 ], [ -81.429543060090595, 28.366876413531074 ], [ -81.429544416754354, 28.366868607088147 ], [ -81.429553259114357, 28.366869822121377 ], [ -81.42955597243953, 28.366854209234845 ], [ -81.429564814798198, 28.366855424267108 ], [ -81.429567528120771, 28.366839811379702 ], [ -81.429576370478088, 28.366841026411095 ], [ -81.42957908379806, 28.366825413522808 ], [ -81.429587926154028, 28.366826628553291 ], [ -81.429590639471414, 28.366811015664119 ], [ -81.42959948182606, 28.366812230693679 ], [ -81.429602195140831, 28.366796617803601 ], [ -81.429611037494141, 28.366797832832283 ], [ -81.429613750806311, 28.366782219941303 ], [ -81.429622593158285, 28.366783434969083 ], [ -81.429623949813205, 28.366775628523232 ], [ -81.429632792164611, 28.366776843550159 ], [ -81.429635505472106, 28.366761230657836 ], [ -81.429644347822176, 28.366762445683811 ], [ -81.429645704474751, 28.366754639237325 ], [ -81.429654546824281, 28.366755854262479 ], [ -81.429657260127073, 28.366740241368763 ], [ -81.429666102475281, 28.366741456393012 ], [ -81.429668815775472, 28.366725843498426 ], [ -81.42967765812233, 28.366727058521789 ], [ -81.429679014771267, 28.366719252074091 ], [ -81.429687857117557, 28.36672046709668 ], [ -81.429690570413058, 28.366704854200602 ], [ -81.42969941275804, 28.366706069222275 ], [ -81.429700769404619, 28.366698262773891 ], [ -81.429709611749047, 28.366699477794707 ], [ -81.429712325039858, 28.366683864897247 ], [ -81.429721167382937, 28.366685079917165 ], [ -81.429722524027184, 28.366677273468053 ], [ -81.429731366369722, 28.366678488487139 ], [ -81.42973407965583, 28.366662875588332 ], [ -81.429742921997047, 28.366664090606481 ], [ -81.429744278638921, 28.366656284156701 ], [ -81.429753120979584, 28.366657499174057 ], [ -81.429755834261016, 28.366641886273811 ], [ -81.429764676600328, 28.366643101290215 ], [ -81.429766033239858, 28.366635294839753 ], [ -81.429774875578644, 28.366636509855347 ], [ -81.429776232217137, 28.366628703404604 ], [ -81.429785074555369, 28.366629918419402 ], [ -81.429787787830008, 28.366614305517203 ], [ -81.429796630166905, 28.366615520531095 ], [ -81.429797986803052, 28.366607714079652 ], [ -81.429806829139409, 28.366608929092731 ], [ -81.42980818577449, 28.366601122641015 ], [ -81.429817028110307, 28.366602337653244 ], [ -81.429818384744351, 28.366594531201287 ], [ -81.429827227079628, 28.366595746212674 ], [ -81.429829940345371, 28.366580133308027 ], [ -81.429838782679283, 28.366581348318512 ], [ -81.429840139310997, 28.366573541865851 ], [ -81.429848981644369, 28.366574756875529 ], [ -81.429850338275031, 28.366566950422591 ], [ -81.429859180607878, 28.366568165431431 ], [ -81.429860537237474, 28.36656035897823 ], [ -81.42986937956978, 28.366561573986239 ], [ -81.429870736198325, 28.366553767532793 ], [ -81.429879578530077, 28.366554982539991 ], [ -81.429880935157584, 28.366547176086257 ], [ -81.429889777488796, 28.36654839109265 ], [ -81.429891134115266, 28.36654058463867 ], [ -81.429899976445924, 28.366541799644217 ], [ -81.429901333071342, 28.366533993189961 ], [ -81.42991017540146, 28.366535208194684 ], [ -81.429912888649937, 28.366519595285467 ], [ -81.429921730978734, 28.366520810289295 ], [ -81.429923087601793, 28.366513003834342 ], [ -81.429931929930035, 28.366514218837391 ], [ -81.429933286552043, 28.366506412382158 ], [ -81.429942128879745, 28.366507627384294 ], [ -81.429943485500715, 28.366499820928819 ], [ -81.429952327827877, 28.366501035930202 ], [ -81.429953684447796, 28.36649322947445 ], [ -81.429962526774403, 28.366494444474977 ], [ -81.429963883393285, 28.366486638018959 ], [ -81.429972725719352, 28.366487853018683 ], [ -81.429974082337182, 28.366480046562369 ], [ -81.42998292466271, 28.366481261561308 ], [ -81.429984281279474, 28.366473455104714 ], [ -81.429993123604461, 28.366474670102811 ], [ -81.429994480220202, 28.366466863646018 ], [ -81.430003322544636, 28.366468078643237 ], [ -81.43000467915931, 28.366460272186163 ], [ -81.430013521483204, 28.366461487182573 ], [ -81.430016234710223, 28.36644587426775 ], [ -81.430033919355594, 28.366448304258 ], [ -81.430035275967128, 28.366440497800184 ], [ -81.430044118289402, 28.36644171279416 ], [ -81.430045474899885, 28.36643390633602 ], [ -81.430054317221618, 28.366435121329165 ], [ -81.430055673831049, 28.366427314870776 ], [ -81.430064516152243, 28.36642852986304 ], [ -81.430065872760636, 28.366420723404399 ], [ -81.430074715081275, 28.366421938395909 ], [ -81.430073358473678, 28.366429744854628 ], [ -81.430082200795368, 28.366430959845427 ], [ -81.430080844188311, 28.366438766304121 ], [ -81.430089686511067, 28.366439981294324 ], [ -81.430088329904549, 28.366447787752847 ], [ -81.430097172228344, 28.36644900274241 ], [ -81.430095815622408, 28.366456809200859 ], [ -81.43010465794724, 28.366458024189754 ], [ -81.430103301341831, 28.366465830648139 ], [ -81.430112143667728, 28.366467045636369 ], [ -81.430110787062873, 28.366474852094701 ], [ -81.430119629389822, 28.366476067082278 ], [ -81.430118272785506, 28.366483873540489 ], [ -81.430127115113507, 28.366485088527423 ], [ -81.430125758509732, 28.366492894985537 ], [ -81.430134600838784, 28.366494109971846 ], [ -81.430133244235577, 28.366501916429858 ], [ -81.430142086565667, 28.366503131415527 ], [ -81.430140729962986, 28.366510937873482 ], [ -81.430149572294155, 28.366512152858455 ], [ -81.430148215692029, 28.366519959316324 ], [ -81.430157058024236, 28.366521174300665 ], [ -81.430155701422649, 28.366528980758428 ], [ -81.430182228423178, 28.366532625707347 ], [ -81.430183585022377, 28.366524819249339 ], [ -81.430201269689078, 28.366527249211401 ], [ -81.43020262628643, 28.366519442753027 ], [ -81.430220310952549, 28.36652187271201 ], [ -81.430218954356803, 28.366529679170572 ], [ -81.430236639025537, 28.366532109126751 ], [ -81.430235282431127, 28.366539915585331 ], [ -81.430279494111403, 28.366545990463397 ], [ -81.430284920471578, 28.366514764626395 ], [ -81.430276078138206, 28.366513549652591 ], [ -81.43027743472841, 28.366505743193013 ], [ -81.430286277060986, 28.366506958166699 ], [ -81.430287633650167, 28.366499151706851 ], [ -81.430296475982189, 28.366500366679734 ], [ -81.430297832570318, 28.366492560219619 ], [ -81.430306674901814, 28.366493775191682 ], [ -81.430308031488877, 28.366485968731276 ], [ -81.430325716151032, 28.366488398672988 ], [ -81.430327072736247, 28.36648059221228 ], [ -81.430521604069497, 28.366507321375398 ], [ -81.430531100036248, 28.366452676131733 ], [ -81.430522257705832, 28.366451461178134 ], [ -81.430529040535703, 28.3664124288564 ], [ -81.430520198209521, 28.366411213902456 ], [ -81.430521554775552, 28.366403407437669 ], [ -81.430539239426551, 28.366405837344608 ], [ -81.430540595990735, 28.366398030879498 ], [ -81.430575965292618, 28.366402890684174 ], [ -81.430577321853349, 28.366395084218532 ], [ -81.43059500650422, 28.366397514116301 ], [ -81.430596363063117, 28.366389707650264 ], [ -81.430605205388133, 28.366390922597954 ], [ -81.430602492271703, 28.366406535530025 ], [ -81.430611334598566, 28.366407750477133 ], [ -81.430607264924433, 28.366431169874083 ], [ -81.43061610725394, 28.366432384820751 ], [ -81.430590332613846, 28.36658070763318 ], [ -81.430581490269176, 28.366579492684846 ], [ -81.430558428658841, 28.366712202514336 ], [ -81.430567271017068, 28.366713417464126 ], [ -81.430560488180689, 28.366752449757652 ], [ -81.43056933054315, 28.366753664707158 ], [ -81.430566617408445, 28.366769277623511 ], [ -81.430575459772754, 28.36677049257246 ], [ -81.430572746638646, 28.366786105488288 ], [ -81.430581589004802, 28.366787320436678 ], [ -81.430578875871277, 28.366802933352002 ], [ -81.430587718239281, 28.366804148299803 ], [ -81.430585005106352, 28.366819761214604 ], [ -81.430593847476217, 28.36682097616184 ], [ -81.430592490910172, 28.366828782619045 ], [ -81.430601333281075, 28.366829997565663 ], [ -81.430599976715584, 28.366837804022826 ], [ -81.430608819087539, 28.366839018968808 ], [ -81.430607462522588, 28.366846825425785 ], [ -81.430598620149823, 28.366845610479757 ], [ -81.430597263583834, 28.366853416936511 ], [ -81.430570736464688, 28.366849772093666 ], [ -81.430568023327154, 28.36686538500614 ], [ -81.430559180953026, 28.366864170056889 ], [ -81.430557824383087, 28.366871976512758 ], [ -81.430548982008403, 28.366870761562662 ], [ -81.430547625437427, 28.366878568018301 ], [ -81.43053878306219, 28.366877353067412 ], [ -81.430536069917892, 28.366892965977947 ], [ -81.430544912294692, 28.366894180929041 ], [ -81.430543555722963, 28.366901987384161 ], [ -81.430552398100815, 28.366903202334573 ], [ -81.430545615242337, 28.366942234607887 ], [ -81.43056330000681, 28.366944664507404 ], [ -81.430561943435947, 28.36695247096171 ], [ -81.430579628203049, 28.366954900858502 ], [ -81.430578271633536, 28.366962707312791 ], [ -81.430569429249061, 28.366961492364737 ], [ -81.430568072678497, 28.36696929881872 ], [ -81.430559230293497, 28.366968083869825 ], [ -81.430557873721909, 28.366975890323587 ], [ -81.430540188951056, 28.366973460423331 ], [ -81.430538832377607, 28.366981266876756 ], [ -81.430529989991769, 28.366980051925427 ], [ -81.430525920267513, 28.367003471284402 ], [ -81.430517077879557, 28.367002256332096 ], [ -81.430514364727202, 28.36701786923701 ], [ -81.430505522337882, 28.367016654283777 ], [ -81.430504165760539, 28.367024460735898 ], [ -81.430495323370678, 28.367023245781841 ], [ -81.430492610213633, 28.367038858685383 ], [ -81.430483767822437, 28.367037643730406 ], [ -81.430481054662806, 28.367053256633035 ], [ -81.43047221227026, 28.36705204167718 ], [ -81.430470855689279, 28.367059848128168 ], [ -81.430462013296193, 28.36705863317146 ], [ -81.430459300131872, 28.36707424607269 ], [ -81.430450457737436, 28.36707303111508 ], [ -81.4304477445705, 28.367088644015439 ], [ -81.430438902174743, 28.367087429056927 ], [ -81.430436189005221, 28.367103041956419 ], [ -81.430418504211275, 28.367100612036833 ], [ -81.430417147624539, 28.367108418486094 ], [ -81.430408305227147, 28.367107203525144 ], [ -81.430406948639359, 28.367115009974185 ], [ -81.430398106241427, 28.367113795012351 ], [ -81.43039539306352, 28.367129407909736 ], [ -81.430386550664238, 28.367128192946996 ], [ -81.430385194074105, 28.367135999395352 ], [ -81.430376351674298, 28.367134784431844 ], [ -81.430373638491687, 28.367150397327787 ], [ -81.430364796090529, 28.367149182363345 ], [ -81.430362082905333, 28.367164795258415 ], [ -81.430353240502825, 28.36716358029306 ], [ -81.430351883909054, 28.367171386740239 ], [ -81.430343041506021, 28.36717017177406 ], [ -81.430341684911184, 28.367177978220951 ], [ -81.430332842507596, 28.367176763253937 ], [ -81.430330129315621, 28.367192376147141 ], [ -81.430312444506015, 28.367189946210566 ], [ -81.430311087908052, 28.367197752656697 ], [ -81.430302245502844, 28.367196537687239 ], [ -81.43030088890383, 28.367204344133128 ], [ -81.430292046498067, 28.367203129162814 ], [ -81.430289333297694, 28.367218742053836 ], [ -81.430280490890581, 28.367217527082634 ], [ -81.430279134289236, 28.367225333527827 ], [ -81.430270291881584, 28.367224118555772 ], [ -81.430268935279173, 28.367231925000702 ], [ -81.430260092870995, 28.367230710027833 ], [ -81.430258736267547, 28.367238516472472 ], [ -81.4302498938588, 28.3672373014988 ], [ -81.430248537254315, 28.367245107943173 ], [ -81.430239694845028, 28.367243892968677 ], [ -81.430236981633684, 28.367259505856737 ], [ -81.430228139223061, 28.36725829088131 ], [ -81.430225426009116, 28.367273903768474 ], [ -81.430216583597172, 28.367272688792195 ], [ -81.43021522698902, 28.367280495235388 ], [ -81.430206384576508, 28.367279280258245 ], [ -81.430203671357887, 28.367294893144056 ], [ -81.430194828944039, 28.367293678166 ], [ -81.430189402500545, 28.367324903935039 ], [ -81.430198244917591, 28.367326118913443 ], [ -81.430192818473287, 28.367357344680073 ], [ -81.430219345735452, 28.367360989611861 ], [ -81.430217989126149, 28.367368796053352 ], [ -81.430226831548183, 28.367370011029227 ], [ -81.430225474939419, 28.367377817470633 ], [ -81.430243159785846, 28.367380247420414 ], [ -81.430241803178419, 28.367388053861781 ], [ -81.430250645602797, 28.367389268835623 ], [ -81.430249288995938, 28.36739707527693 ], [ -81.430258131421382, 28.367398290250129 ], [ -81.430256774815064, 28.367406096691312 ], [ -81.430265617241545, 28.367407311663921 ], [ -81.430264260635767, 28.367415118105026 ], [ -81.430273103063314, 28.367416333076964 ], [ -81.430270389852595, 28.36743194595881 ], [ -81.43027923228199, 28.367433160930169 ], [ -81.430277875677064, 28.367440967370946 ], [ -81.43028671810751, 28.367442182341652 ], [ -81.43028536150311, 28.367449988782358 ], [ -81.430294203934608, 28.367451203752442 ], [ -81.430292847330762, 28.367459010193016 ], [ -81.430328217062467, 28.367463870066231 ], [ -81.430326860461577, 28.367471676506995 ], [ -81.430344545330556, 28.367474106439392 ], [ -81.430343188730987, 28.367481912880155 ], [ -81.430352031166663, 28.367483127845311 ], [ -81.430350674567649, 28.367490934285982 ], [ -81.430368359441346, 28.367493364214326 ], [ -81.430367002843667, 28.367501170654986 ], [ -81.430375845281702, 28.367502385618163 ], [ -81.430374488684564, 28.367510192058756 ], [ -81.43038333112365, 28.367511407021265 ], [ -81.43038197452708, 28.367519213461726 ], [ -81.430390816967218, 28.367520428423568 ], [ -81.430388103774902, 28.367536041304202 ], [ -81.430396946216888, 28.367537256265489 ], [ -81.430395589621142, 28.367545062705641 ], [ -81.430404432064179, 28.36754627766625 ], [ -81.430401718873554, 28.367561890546199 ], [ -81.430410561318425, 28.36756310550626 ], [ -81.430409204723546, 28.367570911946093 ], [ -81.430418047169468, 28.367572126905497 ], [ -81.430416690575129, 28.367579933345201 ], [ -81.430425533022117, 28.367581148304041 ], [ -81.430421463239981, 28.36760456762234 ], [ -81.430430305689598, 28.367605782580586 ], [ -81.430428949095855, 28.367613589019793 ], [ -81.430437791546524, 28.367614803977439 ], [ -81.430436434953322, 28.367622610416547 ], [ -81.430445277405056, 28.367623825373546 ], [ -81.430443920812394, 28.367631631812564 ], [ -81.430435078359878, 28.367630416855469 ], [ -81.430432365172209, 28.367646029732722 ], [ -81.43044120762633, 28.367647244690023 ], [ -81.430438494439258, 28.367662857566753 ], [ -81.430447336895227, 28.367664072523478 ], [ -81.430445980302125, 28.367671878961705 ], [ -81.430454822759145, 28.367673093917787 ], [ -81.430453466166583, 28.367680900355893 ], [ -81.430471151082983, 28.367683330265994 ], [ -81.430469794491756, 28.367691136704131 ], [ -81.430487479410772, 28.367693566611436 ], [ -81.430486122820895, 28.36770137304956 ], [ -81.430494965281582, 28.367702588002221 ], [ -81.430493608692259, 28.367710394440262 ], [ -81.43056434839329, 28.367720114035727 ], [ -81.430562991810078, 28.367727920474298 ], [ -81.430571834274659, 28.367729135420515 ], [ -81.430570477692001, 28.367736941858929 ], [ -81.430588162623494, 28.367739371749334 ], [ -81.430582736296742, 28.36777059750213 ], [ -81.430591578766069, 28.367771812446556 ], [ -81.430587509020754, 28.367795231759555 ], [ -81.430596351492724, 28.367796446703547 ], [ -81.430594994911246, 28.367804253140946 ], [ -81.430630364804856, 28.367809112909832 ], [ -81.430629008226319, 28.367816919347373 ], [ -81.430637850701146, 28.367818134287873 ], [ -81.430636494123178, 28.367825940725371 ], [ -81.430645336599042, 28.367827155665186 ], [ -81.430643980021614, 28.367834962102563 ], [ -81.430652822498544, 28.367836177041749 ], [ -81.430651465921642, 28.367843983479069 ], [ -81.430660308399652, 28.367845198417609 ], [ -81.43065895182329, 28.36785300485484 ], [ -81.430676636781627, 28.367855434729833 ], [ -81.430672567055865, 28.367878854040978 ], [ -81.430681409537812, 28.367880068977652 ], [ -81.430680052962856, 28.367887875414421 ], [ -81.43069773792908, 28.367890305285744 ], [ -81.430696381355475, 28.367898111722514 ], [ -81.430714066324327, 28.367900541591048 ], [ -81.430712709752058, 28.367908348027825 ], [ -81.430739237209636, 28.367911992825409 ], [ -81.430737880639512, 28.367919799262232 ], [ -81.430755565614092, 28.367922229123788 ], [ -81.430752852476274, 28.367937841997346 ], [ -81.430744009987265, 28.367936627066747 ], [ -81.430741296846847, 28.367952239939424 ], [ -81.430732454356487, 28.367951025007937 ], [ -81.430731097785113, 28.367958831443953 ], [ -81.430722255294214, 28.367957616511639 ], [ -81.430720898721773, 28.367965422947357 ], [ -81.430712056230334, 28.367964208014214 ], [ -81.430710699656856, 28.367972014449681 ], [ -81.430701857164877, 28.367970799515689 ], [ -81.43069778744055, 28.367994218820751 ], [ -81.430688944946425, 28.367993003885829 ], [ -81.430686231794027, 28.368008616754786 ], [ -81.43067738929858, 28.368007401818925 ], [ -81.430676032721209, 28.368015208253034 ], [ -81.430667190225194, 28.368013993316378 ], [ -81.430665833646771, 28.368021799750231 ], [ -81.430656991150215, 28.368020584812712 ], [ -81.430655634570755, 28.36802839124633 ], [ -81.430646792073674, 28.368027176308015 ], [ -81.430645435493147, 28.36803498274136 ], [ -81.430636592995526, 28.368033767802178 ], [ -81.430635236413949, 28.368041574235292 ], [ -81.430626393915773, 28.368040359295279 ], [ -81.430622324167189, 28.368063778593257 ], [ -81.430613481666867, 28.368062563652238 ], [ -81.430610768498298, 28.368078176516548 ], [ -81.43060192599664, 28.368076961574623 ], [ -81.430600569411169, 28.368084768006401 ], [ -81.430591726908986, 28.368083553063695 ], [ -81.430590370322463, 28.368091359495182 ], [ -81.43058152781974, 28.368090144551626 ], [ -81.430578814644363, 28.368105757413922 ], [ -81.43056997214029, 28.368104542469524 ], [ -81.430568615551422, 28.368112348900294 ], [ -81.430559773046809, 28.368111133955011 ], [ -81.430557059866757, 28.368126746815907 ], [ -81.430548217360794, 28.368125531869747 ], [ -81.430546860769581, 28.368133338299852 ], [ -81.430538018263064, 28.368132123352861 ], [ -81.430536661670814, 28.368139929782675 ], [ -81.430527819163757, 28.368138714834842 ], [ -81.430526462570469, 28.3681465212644 ], [ -81.430517620062886, 28.368145306315771 ], [ -81.430516263468533, 28.368153112745077 ], [ -81.430507420960382, 28.368151897795585 ], [ -81.430506064365005, 28.368159704224659 ], [ -81.430497221856314, 28.368158489274347 ], [ -81.430494508663173, 28.368174102131743 ], [ -81.43048566615316, 28.368172887180524 ], [ -81.430482952957419, 28.368188500037032 ], [ -81.430474110446056, 28.368187285084929 ], [ -81.430472753847027, 28.368195091512824 ], [ -81.430463911335124, 28.368193876559886 ], [ -81.43046255473503, 28.3682016829875 ], [ -81.430453712222587, 28.36820046803378 ], [ -81.430452355621455, 28.368208274461111 ], [ -81.430434670595716, 28.368205844551234 ], [ -81.430430600786025, 28.368229263831747 ], [ -81.430421758271137, 28.368228048875434 ], [ -81.430419045061839, 28.368243661728073 ], [ -81.430410202545616, 28.368242446770864 ], [ -81.430408845939795, 28.368250253196834 ], [ -81.430400003423031, 28.368249038238794 ], [ -81.430398646816158, 28.368256844664483 ], [ -81.430389804298855, 28.368255629705619 ], [ -81.43038844769093, 28.368263436131052 ], [ -81.430379605173073, 28.36826222117136 ], [ -81.430376891954893, 28.368277834021541 ], [ -81.4303680494357, 28.368276619060904 ], [ -81.43036669282543, 28.368284425485644 ], [ -81.430357850305711, 28.368283210524229 ], [ -81.430355137082799, 28.368298823372992 ], [ -81.430346294561744, 28.368297608410632 ], [ -81.430344937949116, 28.368305414834719 ], [ -81.430336095427506, 28.368304199871517 ], [ -81.430334738813841, 28.36831200629528 ], [ -81.430325896291691, 28.368310791331329 ], [ -81.430324539676974, 28.368318597754779 ], [ -81.430315697154271, 28.368317382789993 ], [ -81.430314340538516, 28.368325189213241 ], [ -81.430296655492299, 28.368322759281252 ], [ -81.430295298874682, 28.368330565704131 ], [ -81.430286456351155, 28.368329350736946 ], [ -81.430282386494426, 28.368352770004332 ], [ -81.430273543968767, 28.368351555036128 ], [ -81.43027218734855, 28.368359361458104 ], [ -81.430245659770677, 28.368355716548933 ], [ -81.43024430314783, 28.368363522970458 ], [ -81.430253145674328, 28.368364737941032 ], [ -81.430250432429474, 28.368380350783855 ], [ -81.430241589901385, 28.368379135813093 ], [ -81.430237520029834, 28.368402555075683 ], [ -81.430228677499599, 28.368401340103947 ], [ -81.430227320874451, 28.368409146524414 ], [ -81.430218478343676, 28.368407931551811 ], [ -81.430217121717476, 28.368415737971979 ], [ -81.430208279186161, 28.368414522998592 ], [ -81.430206922558909, 28.368422329418543 ], [ -81.430198080027054, 28.368421114444306 ], [ -81.430195366770207, 28.368436727283392 ], [ -81.430177681704052, 28.368434297332417 ], [ -81.430174968443026, 28.368449910170458 ], [ -81.430166125908741, 28.368448695193692 ], [ -81.430164769277056, 28.3684565016124 ], [ -81.430155926742216, 28.368455286634813 ], [ -81.430154570109494, 28.368463093053222 ], [ -81.430145727574114, 28.368461878074775 ], [ -81.430143014306296, 28.368477490910923 ], [ -81.430134171769566, 28.368476275931577 ], [ -81.430131458499147, 28.368491888766812 ], [ -81.430122615961096, 28.368490673786567 ], [ -81.430121259324707, 28.368498480203861 ], [ -81.430112416786116, 28.368497265222793 ], [ -81.43011106014869, 28.368505071639792 ], [ -81.430102217609544, 28.368503856657892 ], [ -81.430099504332347, 28.368519469491218 ], [ -81.430090661791851, 28.368518254508441 ], [ -81.43008930515208, 28.368526060924719 ], [ -81.430080462611045, 28.368524845941106 ], [ -81.430079105970236, 28.36853265235715 ], [ -81.430070263428661, 28.368531437372738 ], [ -81.430068906786786, 28.368539243788508 ], [ -81.430051221702826, 28.368536813817233 ], [ -81.430049865059104, 28.368544620232662 ], [ -81.430041022516704, 28.36854340524587 ], [ -81.430039665871931, 28.368551211660996 ], [ -81.430030823328991, 28.368549996673362 ], [ -81.43002946668318, 28.368557803088269 ], [ -81.430020624139686, 28.368556588099821 ], [ -81.430019267492824, 28.368564394514429 ], [ -81.43001042494879, 28.368563179525143 ], [ -81.43000906830089, 28.368570985939506 ], [ -81.429991383211998, 28.368568555958532 ], [ -81.429988669912234, 28.368584168786434 ], [ -81.42997982736658, 28.368582953794654 ], [ -81.429975757412663, 28.368606373034865 ], [ -81.429966914864863, 28.368605158042094 ], [ -81.429964201559386, 28.368620770867846 ], [ -81.429955359010265, 28.368619555874204 ], [ -81.429952645702201, 28.368635168699083 ], [ -81.42994380315173, 28.36863395370451 ], [ -81.429938376529421, 28.368665179351783 ], [ -81.429929533976008, 28.368663964356145 ], [ -81.429926820661748, 28.368679577178529 ], [ -81.429917978106999, 28.368678362181985 ], [ -81.429916621448697, 28.36868616859282 ], [ -81.429907778893408, 28.368684953595437 ], [ -81.429906422234055, 28.368692760005992 ], [ -81.429897579678212, 28.368691545007792 ], [ -81.42989622301782, 28.368699351418091 ], [ -81.429887380461437, 28.368698136419066 ], [ -81.429886023799995, 28.368705942829113 ], [ -81.429877181243057, 28.368704727829261 ], [ -81.429874467917827, 28.368720340648672 ], [ -81.429883310476356, 28.368721555648719 ], [ -81.429881953814146, 28.368729362058282 ], [ -81.429890796373726, 28.368730577057669 ], [ -81.42988943971207, 28.368738383467115 ], [ -81.429898282272703, 28.368739598465844 ], [ -81.429894212288644, 28.368763017693393 ], [ -81.429903054851906, 28.368764232691674 ], [ -81.429900341529546, 28.368779845509302 ], [ -81.429891498964679, 28.368778630510889 ], [ -81.429890142302312, 28.368786436919354 ], [ -81.429898984867989, 28.368787651917874 ], [ -81.429897628206177, 28.368795458326286 ], [ -81.429906470772892, 28.368796673324169 ], [ -81.429905114111634, 28.368804479732457 ], [ -81.4299139566794, 28.368805694729659 ], [ -81.429912600018667, 28.368813501137893 ], [ -81.429921442587499, 28.368814716134491 ], [ -81.429920085927321, 28.368822522542605 ], [ -81.429928928497191, 28.368823737538563 ], [ -81.429927571837567, 28.368831543946591 ], [ -81.429936414408488, 28.368832758941874 ], [ -81.429935057749418, 28.36884056534986 ], [ -81.429943900321391, 28.368841780344447 ], [ -81.429941187004076, 28.36885739316002 ], [ -81.42995002957791, 28.368858608154106 ], [ -81.429948672919664, 28.368866414561715 ], [ -81.429957515494536, 28.368867629555155 ], [ -81.429956158836859, 28.368875435962675 ], [ -81.429965001412796, 28.368876650955428 ], [ -81.429963644755631, 28.368884457362846 ], [ -81.42997248733262, 28.36888567235502 ], [ -81.429971130676023, 28.368893478762327 ], [ -81.429979973254049, 28.36889469375382 ], [ -81.429978616598021, 28.368902500161074 ], [ -81.429987459177084, 28.368903715151934 ], [ -81.429986102521582, 28.368911521559045 ], [ -81.429994945101726, 28.368912736549241 ], [ -81.429993588446777, 28.368920542956307 ], [ -81.430002431027944, 28.368921757945898 ], [ -81.43000107437355, 28.368929564352847 ], [ -81.430009916955783, 28.368930779341724 ], [ -81.430008560301928, 28.368938585748634 ], [ -81.430017402885198, 28.368939800736875 ], [ -81.430016046231898, 28.368947607143681 ], [ -81.430033731400826, 28.368950037118164 ] ], [ [ -81.425928392935759, 28.367514648728694 ], [ -81.425919550560394, 28.367513433397658 ], [ -81.425924978593784, 28.3674822078607 ], [ -81.425916136221872, 28.367480992529298 ], [ -81.425918850238659, 28.367465379759963 ], [ -81.425910007868595, 28.367464164427936 ], [ -81.42591407889428, 28.367440745272891 ], [ -81.425967133104123, 28.367448037252352 ], [ -81.425965776100597, 28.367455843638076 ], [ -81.425974618470576, 28.367457058965527 ], [ -81.425971904464362, 28.367472671736614 ], [ -81.425980746836217, 28.367473887063479 ], [ -81.425978032830599, 28.367489499834011 ], [ -81.425969190457153, 28.367488284506983 ], [ -81.425966476448934, 28.367503897276666 ], [ -81.425957634074166, 28.367502681948729 ], [ -81.425956277068863, 28.367510488333185 ], [ -81.425929749943677, 28.367506842344685 ], [ -81.425928392935759, 28.367514648728694 ] ], [ [ -81.42741929762056, 28.367583674692906 ], [ -81.42739277040927, 28.36758002906819 ], [ -81.42740226851987, 28.367525384255302 ], [ -81.427393426122194, 28.367524169046238 ], [ -81.427394782994938, 28.367516362643748 ], [ -81.427385940598327, 28.367515147434037 ], [ -81.427387297471597, 28.367507341031487 ], [ -81.427378455076038, 28.367506125821084 ], [ -81.427379811949862, 28.367498319418495 ], [ -81.427370969555341, 28.367497104207438 ], [ -81.427373683303841, 28.367481491401815 ], [ -81.427364840911181, 28.3674802761902 ], [ -81.427366197785858, 28.367472469787245 ], [ -81.42735735539425, 28.367471254574966 ], [ -81.427358712269452, 28.367463448171925 ], [ -81.42734102748858, 28.367461017745395 ], [ -81.427342384365147, 28.367453211342298 ], [ -81.427315857198124, 28.367449565697253 ], [ -81.427318570955293, 28.367433952891108 ], [ -81.427309728568389, 28.367432737674839 ], [ -81.42731379920464, 28.367409318464492 ], [ -81.427304956820393, 28.367408103247737 ], [ -81.427306313699432, 28.367400296844064 ], [ -81.427297471316223, 28.367399081626605 ], [ -81.427300185075168, 28.367383468818904 ], [ -81.427309027456772, 28.367384684036143 ], [ -81.427310384335073, 28.367376877631894 ], [ -81.427319226716122, 28.367378092848362 ], [ -81.427320583593371, 28.367370286443833 ], [ -81.427338268354688, 28.367372716874339 ], [ -81.42733962523009, 28.367364910469536 ], [ -81.427348467610329, 28.367366125683553 ], [ -81.427349824484679, 28.36735831927847 ], [ -81.427394036385678, 28.367364395337212 ], [ -81.427392679515322, 28.367372201742786 ], [ -81.427419206661369, 28.367375847369459 ], [ -81.427420563529338, 28.367368040963676 ], [ -81.427447090675287, 28.367371686583517 ], [ -81.427448447540627, 28.367363880177287 ], [ -81.427457289922316, 28.367365095382329 ], [ -81.427462717377949, 28.367333869755281 ], [ -81.427453874999443, 28.367332654550548 ], [ -81.42745794559093, 28.367309235328712 ], [ -81.427466787967049, 28.367310450533139 ], [ -81.427468144829575, 28.367302644125441 ], [ -81.427485829580974, 28.36730507453186 ], [ -81.427487186441653, 28.367297268123806 ], [ -81.427496028816947, 28.36729848332584 ], [ -81.427497385676574, 28.367290676917502 ], [ -81.4275062280513, 28.36729189211875 ], [ -81.427507584909904, 28.36728408571015 ], [ -81.427525269658545, 28.367286516110216 ], [ -81.427526626515288, 28.367278709701257 ], [ -81.427535468889189, 28.367279924900128 ], [ -81.42753682574488, 28.36727211849087 ], [ -81.427545668118242, 28.367273333688921 ], [ -81.427547024972895, 28.367265527279436 ], [ -81.427555867345703, 28.367266742476609 ], [ -81.427557224199319, 28.36725893606684 ], [ -81.427583751316888, 28.367262581653822 ], [ -81.427582394465702, 28.367270388063847 ], [ -81.427600079213619, 28.367272818451617 ], [ -81.427598722363754, 28.367280624861657 ], [ -81.427625249489964, 28.36728427043807 ], [ -81.427626606337427, 28.367276464027807 ], [ -81.427635448712522, 28.367277679218383 ], [ -81.427636805558947, 28.367269872807846 ], [ -81.427654490308342, 28.367272303186642 ], [ -81.42765584715292, 28.367264496775775 ], [ -81.427673531901718, 28.367266927151437 ], [ -81.427674888744448, 28.367259120740187 ], [ -81.427683731118435, 28.367260335926805 ], [ -81.427685087960128, 28.367252529515337 ], [ -81.427702772707264, 28.367254959886285 ], [ -81.427704129547095, 28.367247153474388 ], [ -81.427721814293676, 28.367249583842199 ], [ -81.427723171131674, 28.367241777429992 ], [ -81.427732013504539, 28.367242992612667 ], [ -81.427733370341471, 28.367235186200197 ], [ -81.42774221271381, 28.367236401382094 ], [ -81.427743569549705, 28.367228594969362 ], [ -81.427761254293515, 28.367231025330728 ], [ -81.427762611127562, 28.367223218917648 ], [ -81.427771453499062, 28.367224434097142 ], [ -81.427772810332073, 28.36721662768382 ], [ -81.427781652703018, 28.367217842862498 ], [ -81.427783009534977, 28.367210036448878 ], [ -81.42780069427603, 28.367212466803871 ], [ -81.427802051106156, 28.367204660389874 ], [ -81.427846262959278, 28.367210736264031 ], [ -81.427843549306786, 28.367226349092661 ], [ -81.427852391679764, 28.367227564265463 ], [ -81.427845607548122, 28.367266596334407 ], [ -81.427854449925348, 28.367267811506871 ], [ -81.42785309309906, 28.367275617920235 ], [ -81.427879620234663, 28.367279263433598 ], [ -81.42787826341052, 28.367287069847034 ], [ -81.427887105790347, 28.367288285016741 ], [ -81.427888462613694, 28.367280478603245 ], [ -81.427897304992982, 28.367281693772174 ], [ -81.427895948170445, 28.367289500185734 ], [ -81.427904790550784, 28.367290715353988 ], [ -81.427903433728787, 28.367298521767506 ], [ -81.427912276110192, 28.367299736935145 ], [ -81.42791091928872, 28.367307543348566 ], [ -81.427919761671177, 28.367308758515538 ], [ -81.427918404850274, 28.367316564928846 ], [ -81.427927247233768, 28.367317780095213 ], [ -81.427925890413405, 28.367325586508446 ], [ -81.427934732797965, 28.367326801674142 ], [ -81.427933375978142, 28.367334608087297 ], [ -81.427942218363754, 28.367335823252304 ], [ -81.427940861544485, 28.367343629665388 ], [ -81.427949703931148, 28.36734484482977 ], [ -81.427946990293449, 28.367360457655554 ], [ -81.42795583268196, 28.367361672819367 ], [ -81.42795447586353, 28.367369479232085 ], [ -81.427972160642895, 28.367371909557708 ], [ -81.427970803825801, 28.367379715970404 ], [ -81.42797964621667, 28.367380931132217 ], [ -81.427975575766311, 28.36740435036959 ], [ -81.427966733373054, 28.367403135207546 ], [ -81.42796537655498, 28.367410941619514 ], [ -81.427956534161183, 28.367409726456671 ], [ -81.427955177342056, 28.367417532868416 ], [ -81.42794633494772, 28.367416317704745 ], [ -81.427944978127528, 28.367424124116241 ], [ -81.42792729333803, 28.367421693786461 ], [ -81.42792593651599, 28.367429500197606 ], [ -81.427917094120829, 28.367428285031536 ], [ -81.427915737297752, 28.367436091442404 ], [ -81.427889210111374, 28.367432445939496 ], [ -81.427886496459692, 28.367448058760214 ], [ -81.427868811666841, 28.367445628420921 ], [ -81.427867454839031, 28.36745343483086 ], [ -81.427849770045611, 28.367451004488434 ], [ -81.427848413215955, 28.367458810897986 ], [ -81.427839570818833, 28.367457595725611 ], [ -81.427838213988124, 28.367465402134894 ], [ -81.427820529193042, 28.367462971787727 ], [ -81.427819172360486, 28.36747077819669 ], [ -81.427792645167401, 28.367467132670146 ], [ -81.427791288332202, 28.367474939078662 ], [ -81.427782445934199, 28.367473723901554 ], [ -81.427781089097962, 28.367481530309817 ], [ -81.427763404301146, 28.3674790999533 ], [ -81.427762047463062, 28.367486906361222 ], [ -81.427753205064249, 28.367485691181741 ], [ -81.427751848225114, 28.367493497589404 ], [ -81.427734163426635, 28.367491067228109 ], [ -81.427732806585652, 28.367498873635395 ], [ -81.427715121786605, 28.36749644327098 ], [ -81.427713764943775, 28.367504249677889 ], [ -81.427704922543839, 28.367503034494501 ], [ -81.427703565699957, 28.367510840901176 ], [ -81.427694723299467, 28.367509625716945 ], [ -81.427693366454548, 28.367517432123364 ], [ -81.427675681652758, 28.367515001752558 ], [ -81.427674324805977, 28.36752280815864 ], [ -81.427665482404649, 28.367521592971993 ], [ -81.427664125556845, 28.367529399377787 ], [ -81.427655283154991, 28.367528184190398 ], [ -81.427653926306121, 28.367535990595893 ], [ -81.427627399099663, 28.367532345028966 ], [ -81.42762468539641, 28.367547957838976 ], [ -81.4276070005902, 28.367545527456961 ], [ -81.427605643736584, 28.367553333861519 ], [ -81.427596801333067, 28.367552118669327 ], [ -81.427595444478413, 28.367559925073632 ], [ -81.427551232460615, 28.367553849101256 ], [ -81.427549875601741, 28.367561655504939 ], [ -81.427532190794807, 28.367559225110679 ], [ -81.427533547655287, 28.367551418707155 ], [ -81.427524705253006, 28.367550203509015 ], [ -81.42752334839173, 28.367558009912415 ], [ -81.427514505988881, 28.367556794713487 ], [ -81.427513149126568, 28.367564601116591 ], [ -81.427495464320074, 28.367562170716273 ], [ -81.4274941074559, 28.367569977119079 ], [ -81.427476422648823, 28.367567546715627 ], [ -81.427475065782815, 28.367575353118109 ], [ -81.42745738097517, 28.367572922711521 ], [ -81.4274560241073, 28.36758072911363 ], [ -81.427420654491868, 28.367575868291311 ], [ -81.42741929762056, 28.367583674692906 ] ], [ [ -81.426913088621603, 28.367162418340996 ], [ -81.426877719212499, 28.367157557333726 ], [ -81.42687907612698, 28.367149750930324 ], [ -81.426870233776143, 28.367148535676776 ], [ -81.426871590691178, 28.367140729273309 ], [ -81.426853905991848, 28.367138298764178 ], [ -81.426855262908234, 28.367130492360694 ], [ -81.426846420559741, 28.367129277105093 ], [ -81.426847777476667, 28.367121470701562 ], [ -81.426838935129254, 28.36712025544529 ], [ -81.42684029204672, 28.367112449041706 ], [ -81.42683144970033, 28.367111233784776 ], [ -81.42683280661835, 28.367103427381075 ], [ -81.426823964273026, 28.367102212123516 ], [ -81.426826678109919, 28.367086599315719 ], [ -81.426817835766428, 28.367085384057628 ], [ -81.426819192685301, 28.367077577653532 ], [ -81.426801508000679, 28.367075147135321 ], [ -81.426802864920901, 28.36706734073125 ], [ -81.42679402257977, 28.367066125471109 ], [ -81.426796736421039, 28.367050512662612 ], [ -81.426787894081755, 28.367049297401866 ], [ -81.426789251002816, 28.367041490997472 ], [ -81.426780408664584, 28.367040275736137 ], [ -81.426781765586199, 28.367032469331601 ], [ -81.426790607923621, 28.367033684592858 ], [ -81.426793321764464, 28.367018071783132 ], [ -81.42680216410055, 28.367019287043497 ], [ -81.426803521019806, 28.367011480638265 ], [ -81.426794678684516, 28.367010265378013 ], [ -81.426797392523866, 28.366994652567211 ], [ -81.426788550190423, 28.366993437306373 ], [ -81.426791264030356, 28.366977824495116 ], [ -81.426782421698775, 28.366976609233717 ], [ -81.426783778619168, 28.366968802827881 ], [ -81.426774936288624, 28.366967587565828 ], [ -81.426776293209556, 28.366959781159913 ], [ -81.426758608550841, 28.366957350633822 ], [ -81.426764036238453, 28.366926125009062 ], [ -81.426755193912669, 28.366924909745251 ], [ -81.426757907756567, 28.366909296932011 ], [ -81.426749065432631, 28.366908081667646 ], [ -81.426750422354999, 28.36690027526085 ], [ -81.426741580032115, 28.366899059995848 ], [ -81.426749721565869, 28.366852221551884 ], [ -81.426740879248015, 28.366851006286613 ], [ -81.426742236170227, 28.366843199878783 ], [ -81.426733393853425, 28.366841984612925 ], [ -81.426736107698687, 28.366826371796844 ], [ -81.426727265383732, 28.366825156530385 ], [ -81.426729979229592, 28.366809543713785 ], [ -81.426721136916484, 28.366808328446822 ], [ -81.42672385076294, 28.3667927156297 ], [ -81.42671500845168, 28.366791500362172 ], [ -81.426717722298733, 28.366775887544467 ], [ -81.42670887998932, 28.36677467227636 ], [ -81.426710236913266, 28.366766865867366 ], [ -81.426701394604919, 28.366765650598666 ], [ -81.426706822301369, 28.366734424961155 ], [ -81.426697979996462, 28.366733209692022 ], [ -81.426703407692088, 28.366701984052145 ], [ -81.426694565390619, 28.3667007687826 ], [ -81.426695922314693, 28.366692962372273 ], [ -81.42668708001429, 28.366691747102088 ], [ -81.426688436938903, 28.366683940691679 ], [ -81.426697279238525, 28.366685155961765 ], [ -81.426699993085421, 28.36666954314024 ], [ -81.426708835383707, 28.366670758409398 ], [ -81.426711549228017, 28.366655145586982 ], [ -81.42672923382213, 28.366657576122762 ], [ -81.426730590742309, 28.366649769711106 ], [ -81.426748275335868, 28.366652200243784 ], [ -81.426749632254186, 28.366644393831795 ], [ -81.426793843738523, 28.366650470150166 ], [ -81.426795200652634, 28.36664266373759 ], [ -81.42680404294947, 28.366643878998946 ], [ -81.426802686036169, 28.366651685411657 ], [ -81.426820370632186, 28.366654115932342 ], [ -81.426819013720234, 28.36666192234506 ], [ -81.426836698318851, 28.366664352863065 ], [ -81.426833984497378, 28.366679965688299 ], [ -81.426816299895563, 28.366677535169938 ], [ -81.426814942982858, 28.366685341582127 ], [ -81.426823785284427, 28.366686556841735 ], [ -81.426822428372276, 28.366694363253806 ], [ -81.426831270674896, 28.366695578512743 ], [ -81.426827199939311, 28.366718997748237 ], [ -81.426836042244574, 28.366720213006715 ], [ -81.426834685333006, 28.366728019418304 ], [ -81.426843527639335, 28.366729234676114 ], [ -81.426842170728307, 28.36673704108761 ], [ -81.426851013035701, 28.366738256344775 ], [ -81.426849656125214, 28.366746062756143 ], [ -81.426858498433646, 28.36674727801271 ], [ -81.426857141523726, 28.366755084424 ], [ -81.42686598383321, 28.366756299679889 ], [ -81.426863270014195, 28.366771912502152 ], [ -81.426854427703105, 28.36677069724605 ], [ -81.426853070792433, 28.366778503656793 ], [ -81.426835386169429, 28.366776073142265 ], [ -81.426834029256909, 28.36678387955271 ], [ -81.426816344633338, 28.366781449035038 ], [ -81.426814987718956, 28.366789255445084 ], [ -81.426806145406758, 28.366788040185096 ], [ -81.426804788491339, 28.366795846594897 ], [ -81.426813630804332, 28.366797061854943 ], [ -81.42680684622745, 28.366836093901735 ], [ -81.426798003910463, 28.366834878641221 ], [ -81.426796646993537, 28.366842685049946 ], [ -81.426858543223361, 28.36685119185892 ], [ -81.426859900134701, 28.366843385449521 ], [ -81.426877584772484, 28.366845815959593 ], [ -81.426878941681977, 28.366838009549863 ], [ -81.426905468638182, 28.366841655309173 ], [ -81.426902754823715, 28.366857268128964 ], [ -81.426911597144553, 28.366858483380778 ], [ -81.426908883330682, 28.366874096199961 ], [ -81.42695309494664, 28.366880172448838 ], [ -81.42695445184971, 28.366872366038905 ], [ -81.426980978819941, 28.366876011779084 ], [ -81.426982335720382, 28.366868205368675 ], [ -81.426991178043508, 28.366869420613874 ], [ -81.426992534942883, 28.366861614203227 ], [ -81.427036746558343, 28.366867690417696 ], [ -81.427035389662933, 28.366875496828772 ], [ -81.427061916637641, 28.366879142548886 ], [ -81.427057845957137, 28.366902561781913 ], [ -81.427066688284938, 28.366903777020756 ], [ -81.427063974498253, 28.366919389842096 ], [ -81.42705513216886, 28.366918174603082 ], [ -81.427052418379589, 28.366933787423466 ], [ -81.427096630037099, 28.366939863612032 ], [ -81.427097986927862, 28.366932057201485 ], [ -81.42710682925933, 28.366933272436878 ], [ -81.427108186149056, 28.366925466026 ], [ -81.427125870811167, 28.366927896494506 ], [ -81.427127227699046, 28.366920090083312 ], [ -81.427136070029675, 28.366921305316342 ], [ -81.427142854461351, 28.36688227325736 ], [ -81.427151696788258, 28.366883488489197 ], [ -81.427153053673038, 28.366875682076742 ], [ -81.427188422980009, 28.366880542996512 ], [ -81.427185709216573, 28.366896155821827 ], [ -81.427176866887834, 28.366894940592871 ], [ -81.427168725586725, 28.366941779064195 ], [ -81.427177567920225, 28.366942994293716 ], [ -81.427176211036638, 28.366950800705087 ], [ -81.42718505337119, 28.366952015933951 ], [ -81.427180982721296, 28.366975435167216 ], [ -81.427172140384343, 28.366974219938086 ], [ -81.427170783499733, 28.366982026348722 ], [ -81.427153098825016, 28.366979595888054 ], [ -81.427151741938573, 28.366987402298378 ], [ -81.427142899600796, 28.366986187066825 ], [ -81.427141542713301, 28.366993993476896 ], [ -81.427150385051874, 28.366995208708513 ], [ -81.427147671277723, 28.367010821528222 ], [ -81.427156513618144, 28.367012036759277 ], [ -81.427153799844589, 28.367027649578485 ], [ -81.427136115160806, 28.367025219115291 ], [ -81.427134758272061, 28.367033025524474 ], [ -81.427143600614627, 28.367034240756471 ], [ -81.42713410239196, 28.367088885616301 ], [ -81.427142944740353, 28.367090100848269 ], [ -81.427141587851182, 28.367097907256156 ], [ -81.427150430200641, 28.367099122487446 ], [ -81.427146359534049, 28.367122541710412 ], [ -81.427155201886151, 28.367123756941258 ], [ -81.427153844997576, 28.367131563348643 ], [ -81.42716268735073, 28.367132778578821 ], [ -81.427159973574433, 28.367148391393272 ], [ -81.427151131219688, 28.367147176162913 ], [ -81.427147060550979, 28.367170595383016 ], [ -81.427129375837481, 28.367168164919605 ], [ -81.427130732728884, 28.367160358513242 ], [ -81.427104205662928, 28.367156712812914 ], [ -81.427105562556491, 28.367148906406655 ], [ -81.427096720202485, 28.367147691171795 ], [ -81.427095363308126, 28.367155497577958 ], [ -81.427086520953566, 28.36715428234232 ], [ -81.427085164058155, 28.367162088748245 ], [ -81.427076321703069, 28.367160873511747 ], [ -81.427074964806607, 28.367168679917363 ], [ -81.427066122450967, 28.367167464680076 ], [ -81.427067479348224, 28.367159658274545 ], [ -81.427023267577809, 28.367153582077396 ], [ -81.42702462447879, 28.367145775672135 ], [ -81.427015782126276, 28.367144560430582 ], [ -81.42701849592909, 28.367128947619641 ], [ -81.426965441828855, 28.367121656155998 ], [ -81.426962728016477, 28.36713726896587 ], [ -81.426953885665739, 28.367136053719168 ], [ -81.426952528758363, 28.367143860123804 ], [ -81.4269436864071, 28.36714264487626 ], [ -81.426942329498686, 28.367150451280615 ], [ -81.426933487146854, 28.367149236032279 ], [ -81.42693213023739, 28.367157042436322 ], [ -81.426914445532915, 28.367154611937266 ], [ -81.426913088621603, 28.367162418340996 ] ], [ [ -81.430939702120611, 28.36753989458068 ], [ -81.430930859670553, 28.367538679664296 ], [ -81.430932216216732, 28.36753087321723 ], [ -81.430914531318976, 28.367528443382469 ], [ -81.430915887866504, 28.367520636935385 ], [ -81.430907045418806, 28.367519422017004 ], [ -81.430908401966875, 28.367511615569821 ], [ -81.430881874627701, 28.367507970810429 ], [ -81.430883231177901, 28.367500164363385 ], [ -81.430874388732818, 28.367498949442215 ], [ -81.430877101834085, 28.367483336547732 ], [ -81.430868259390863, 28.367482121625997 ], [ -81.430876398693428, 28.367435282938853 ], [ -81.430894083570593, 28.367437712780532 ], [ -81.430895440118547, 28.367429906331843 ], [ -81.430904282556725, 28.367431121251528 ], [ -81.43090699565029, 28.367415508353513 ], [ -81.430915838087117, 28.36741672327225 ], [ -81.430914481541251, 28.367424529721418 ], [ -81.43092332397913, 28.367425744639522 ], [ -81.430921967433818, 28.367433551088638 ], [ -81.430930809872748, 28.367434766006038 ], [ -81.430929453327977, 28.36744257245504 ], [ -81.430938295767959, 28.367443787371851 ], [ -81.430936939223741, 28.367451593820778 ], [ -81.430945781664761, 28.367452808736907 ], [ -81.430943068577179, 28.367468421634374 ], [ -81.430951911020045, 28.367469636550013 ], [ -81.430950554476667, 28.367477442998531 ], [ -81.430959396920599, 28.367478657913484 ], [ -81.430958040377774, 28.367486464361964 ], [ -81.430966882822744, 28.367487679276238 ], [ -81.430962813195151, 28.367511098620838 ], [ -81.430953970747765, 28.36750988370633 ], [ -81.430951257659842, 28.367525496601669 ], [ -81.430942415211135, 28.367524281686212 ], [ -81.430939702120611, 28.36753989458068 ] ], [ [ -81.425671660839683, 28.366752007502104 ], [ -81.425662818547835, 28.366750792147368 ], [ -81.425664175568016, 28.36674298575117 ], [ -81.425655333277206, 28.366741770395791 ], [ -81.425658047318436, 28.366726157603008 ], [ -81.425649205029472, 28.366724942247064 ], [ -81.425650562050507, 28.366717135850518 ], [ -81.425641719762595, 28.366715920493917 ], [ -81.425644433805516, 28.366700307700416 ], [ -81.425635591519466, 28.366699092343271 ], [ -81.42563830556297, 28.36668347954928 ], [ -81.425629463278753, 28.366682264191581 ], [ -81.425634891365945, 28.366651038601766 ], [ -81.425643733646965, 28.366652253959128 ], [ -81.425645090667345, 28.366644447561153 ], [ -81.42565393294781, 28.366645662917676 ], [ -81.425656646986212, 28.366630050121046 ], [ -81.425647804707324, 28.366628834764651 ], [ -81.425650518746323, 28.366613221967526 ], [ -81.425597465087918, 28.366605929814984 ], [ -81.425600179135486, 28.366590317018165 ], [ -81.425591336861572, 28.366589101657006 ], [ -81.425592693885775, 28.36658129525842 ], [ -81.425583851612913, 28.366580079896607 ], [ -81.425586565662158, 28.366564467099053 ], [ -81.425577723391143, 28.366563251736679 ], [ -81.425580437440971, 28.366547638938631 ], [ -81.425571595171803, 28.36654642357572 ], [ -81.425574309222227, 28.36653081077711 ], [ -81.425565466954922, 28.366529595413631 ], [ -81.42556682398056, 28.366521789014175 ], [ -81.425557981714292, 28.366520573650021 ], [ -81.425560695766393, 28.36650496085073 ], [ -81.425551853501986, 28.366503745486057 ], [ -81.425554567554698, 28.366488132686218 ], [ -81.425545725292125, 28.366486917320973 ], [ -81.42554843934542, 28.366471304520594 ], [ -81.425539597084693, 28.366470089154799 ], [ -81.425540954111767, 28.366462282754423 ], [ -81.425532111852107, 28.366461067387977 ], [ -81.425534825907093, 28.366445454586891 ], [ -81.425525983649266, 28.366444239219913 ], [ -81.425528697704848, 28.366428626418259 ], [ -81.425519855448869, 28.366427411050704 ], [ -81.425522569505034, 28.366411798248588 ], [ -81.425513727250916, 28.366410582880459 ], [ -81.425516441307664, 28.366394970077788 ], [ -81.425507599055408, 28.366393754709105 ], [ -81.425513027169089, 28.366362529102055 ], [ -81.425504184920271, 28.366361313732948 ], [ -81.425505541948851, 28.366353507330828 ], [ -81.425487857453561, 28.366351076590632 ], [ -81.42549057151318, 28.366335463786225 ], [ -81.425481729267517, 28.366334248415153 ], [ -81.425483086297746, 28.366326442012774 ], [ -81.425474244053134, 28.366325226641131 ], [ -81.425475601083917, 28.366317420238673 ], [ -81.425466758840344, 28.36631620486633 ], [ -81.425468115871666, 28.36630839846374 ], [ -81.425459273629158, 28.366307183090804 ], [ -81.425461987692643, 28.366291570285291 ], [ -81.425453145451982, 28.36629035491174 ], [ -81.425458573579149, 28.366259129299035 ], [ -81.425449731341928, 28.36625791392515 ], [ -81.425452445405597, 28.366242301117918 ], [ -81.425443603170237, 28.366241085743415 ], [ -81.425444960202483, 28.366233279339649 ], [ -81.425436117968161, 28.366232063964503 ], [ -81.425437475000962, 28.366224257560582 ], [ -81.425428632767705, 28.366223042184824 ], [ -81.425429989801046, 28.366215235780864 ], [ -81.425421147568827, 28.366214020404414 ], [ -81.425422504602736, 28.366206214000403 ], [ -81.425413662371554, 28.366204998623335 ], [ -81.425416376440197, 28.366189385814824 ], [ -81.425407534210876, 28.366188170437201 ], [ -81.425411605314352, 28.366164751223447 ], [ -81.425402763087689, 28.366163535845327 ], [ -81.425405477157, 28.366147923035452 ], [ -81.425396634932184, 28.366146707656753 ], [ -81.425397991967259, 28.366138901251656 ], [ -81.425389149743495, 28.366137685872342 ], [ -81.425391863814497, 28.36612207306176 ], [ -81.425383021592566, 28.366120857681882 ], [ -81.425384378628493, 28.366113051276397 ], [ -81.425375536407628, 28.366111835895882 ], [ -81.425378250480307, 28.366096223084586 ], [ -81.425369408261304, 28.366095007703539 ], [ -81.425370765298055, 28.366087201297685 ], [ -81.425361923080104, 28.366085985915959 ], [ -81.425364637154473, 28.366070373103984 ], [ -81.425355794938355, 28.366069157721679 ], [ -81.425358509013321, 28.36605354490915 ], [ -81.42534966679905, 28.366052329526305 ], [ -81.425352380874614, 28.366036716713239 ], [ -81.425343538662176, 28.366035501329819 ], [ -81.425346252738336, 28.366019888516231 ], [ -81.42533741052776, 28.366018673132295 ], [ -81.425340124604503, 28.366003060318121 ], [ -81.425331282395774, 28.36600184493361 ], [ -81.425336710549445, 28.365970619303624 ], [ -81.425327868344169, 28.365969403918712 ], [ -81.425330582421083, 28.365953791102836 ], [ -81.425304055811552, 28.36595014494419 ], [ -81.425305412852026, 28.36594233853625 ], [ -81.425296570650161, 28.365941123148655 ], [ -81.425299284731949, 28.36592551033241 ], [ -81.425290442531917, 28.365924294944271 ], [ -81.425291799573245, 28.365916488535984 ], [ -81.425282957374279, 28.365915273147156 ], [ -81.425287028499127, 28.365891853921514 ], [ -81.425278186302805, 28.365890638532225 ], [ -81.425280900386369, 28.36587502571442 ], [ -81.425272058191894, 28.36587381032454 ], [ -81.425276129317766, 28.365850391096775 ], [ -81.425267287125934, 28.365849175706469 ], [ -81.425271358251948, 28.365825756477346 ], [ -81.425262516062759, 28.36582454108656 ], [ -81.425267944230455, 28.365793315445636 ], [ -81.425276786416447, 28.365794530836066 ], [ -81.425279500497183, 28.365778918014371 ], [ -81.425270658312783, 28.365777702624108 ], [ -81.425272015353585, 28.365769896213099 ], [ -81.425280857537189, 28.365771111603269 ], [ -81.425282214576924, 28.365763305191944 ], [ -81.425291056759974, 28.365764520581287 ], [ -81.42529512787533, 28.365741101346089 ], [ -81.425348180964676, 28.365748393665168 ], [ -81.425349537997832, 28.365740587252528 ], [ -81.425367222361388, 28.365743018019462 ], [ -81.425368579392725, 28.365735211606541 ], [ -81.425377421574069, 28.365736426988807 ], [ -81.425378778604326, 28.365728620575613 ], [ -81.425387620785173, 28.365729835957033 ], [ -81.425386263755684, 28.36573764237037 ], [ -81.425395105937568, 28.365738857751204 ], [ -81.425393748908633, 28.365746664164412 ], [ -81.425402591091554, 28.365747879544582 ], [ -81.425395805947161, 28.365786911608499 ], [ -81.425413490321745, 28.365789342367499 ], [ -81.425412133293719, 28.36579714877989 ], [ -81.425429817670903, 28.365799579536127 ], [ -81.425428460644198, 28.365807385948596 ], [ -81.425437302833984, 28.365808601325671 ], [ -81.425435945807848, 28.365816407738027 ], [ -81.425444787998671, 28.365817623114463 ], [ -81.42544207394721, 28.365833235938794 ], [ -81.425521653690453, 28.36584417429539 ], [ -81.425520296671536, 28.365851980708037 ], [ -81.425537981063314, 28.36585441144604 ], [ -81.425536624045719, 28.365862217858723 ], [ -81.425580835033614, 28.3658682946913 ], [ -81.425582192047202, 28.36586048827817 ], [ -81.425599876442561, 28.36586291900586 ], [ -81.425601233454302, 28.365855112592399 ], [ -81.425610075651562, 28.365856327955061 ], [ -81.425611432662251, 28.365848521541331 ], [ -81.425637959253152, 28.365852167624634 ], [ -81.425636602244836, 28.365859974038603 ], [ -81.42564544444312, 28.365861189398313 ], [ -81.425642730427342, 28.365876802225969 ], [ -81.425651572627459, 28.365878017585132 ], [ -81.425650215619996, 28.365885823998763 ], [ -81.425659057821164, 28.365887039357304 ], [ -81.425657700814241, 28.36589484577085 ], [ -81.425666543016462, 28.365896061128701 ], [ -81.425663829003469, 28.36591167395547 ], [ -81.425672671207536, 28.365912889312753 ], [ -81.425669957195126, 28.36592850213902 ], [ -81.425678799401055, 28.365929717495739 ], [ -81.425676085389242, 28.36594533032147 ], [ -81.425684927597004, 28.365946545677645 ], [ -81.425683570591531, 28.365954352090313 ], [ -81.425692412800345, 28.365955567445859 ], [ -81.425685627773149, 28.365994599507008 ], [ -81.425694469986212, 28.365995814862249 ], [ -81.425693112980809, 28.366003621274036 ], [ -81.425701955194924, 28.366004836628615 ], [ -81.425699241184972, 28.366020449451852 ], [ -81.42572576783364, 28.366024095511715 ], [ -81.425724410830682, 28.366031901923396 ], [ -81.425733253048193, 28.366033117275254 ], [ -81.425731896045789, 28.366040923686782 ], [ -81.425740738264352, 28.366042139038065 ], [ -81.425735310255391, 28.366073364682741 ], [ -81.425744152477407, 28.366074580033633 ], [ -81.425741438473025, 28.366090192855125 ], [ -81.425750280696889, 28.36609140820541 ], [ -81.42574756669309, 28.36610702102638 ], [ -81.425738724467621, 28.366105805675872 ], [ -81.425737367464563, 28.366113612086 ], [ -81.42572852523854, 28.366112396734639 ], [ -81.425727168234417, 28.366120203144515 ], [ -81.425718326007868, 28.366118987792433 ], [ -81.425716969002707, 28.366126794201993 ], [ -81.425708126775618, 28.366125578849019 ], [ -81.425706769769391, 28.366133385258387 ], [ -81.425697927541762, 28.366132169904599 ], [ -81.425696570534498, 28.36613997631364 ], [ -81.425687728306315, 28.366138760959029 ], [ -81.425686371297999, 28.366146567367856 ], [ -81.42567752906929, 28.366145352012403 ], [ -81.42567345804045, 28.366168771237472 ], [ -81.425682300271561, 28.366169986593171 ], [ -81.425680943262236, 28.366177793001317 ], [ -81.425689785494399, 28.366179008356333 ], [ -81.425685714467349, 28.366202427579829 ], [ -81.425694556702155, 28.36620364293438 ], [ -81.425693199693427, 28.366211449341982 ], [ -81.425684357457811, 28.366210233987285 ], [ -81.425676215395413, 28.366257072428482 ], [ -81.425685057635803, 28.366258287783701 ], [ -81.425683700625342, 28.366266094190049 ], [ -81.42569254286677, 28.366267309544561 ], [ -81.425691185856834, 28.366275115950824 ], [ -81.425700028099328, 28.366276331304661 ], [ -81.425701385108468, 28.366268524898352 ], [ -81.425710227350422, 28.366269740251404 ], [ -81.42571158435851, 28.366261933844786 ], [ -81.425729268841579, 28.366264364548567 ], [ -81.425727911835097, 28.36627217095532 ], [ -81.425736754077789, 28.366273386306201 ], [ -81.425735397071847, 28.366281192712886 ], [ -81.42574423931562, 28.366282408063075 ], [ -81.425738811292518, 28.366313633688407 ], [ -81.42574765353973, 28.366314849038215 ], [ -81.425744939528258, 28.366330461850016 ], [ -81.425753781777331, 28.366331677199266 ], [ -81.425751067766456, 28.366347290010534 ], [ -81.425768752268525, 28.366349720707188 ], [ -81.425767395264302, 28.366357527112754 ], [ -81.42577623751653, 28.36635874246004 ], [ -81.425772166504757, 28.366382161675901 ], [ -81.425763324250156, 28.366380946328306 ], [ -81.425761967244924, 28.36638875273314 ], [ -81.425779651756002, 28.366391183427766 ], [ -81.425778294752121, 28.366398989832579 ], [ -81.42578713700884, 28.36640020517887 ], [ -81.425784423001929, 28.366415817988173 ], [ -81.425766738485564, 28.366413387294518 ], [ -81.425765381480133, 28.366421193698748 ], [ -81.425774223738983, 28.366422409046056 ], [ -81.425772866734107, 28.366430215450162 ], [ -81.425790551254167, 28.366432646142673 ], [ -81.425786480242806, 28.366456065354583 ], [ -81.425795322505607, 28.366457280699994 ], [ -81.425793965502123, 28.366465087103677 ], [ -81.425802807765976, 28.36646630244843 ], [ -81.425800093759833, 28.366481915255498 ], [ -81.425808936025533, 28.366483130599725 ], [ -81.425807579022887, 28.366490937003029 ], [ -81.425816421289639, 28.366492152346634 ], [ -81.425810993279725, 28.366523377958554 ], [ -81.42581983554993, 28.366524593301737 ], [ -81.425817121545066, 28.366540206106837 ], [ -81.425825963817104, 28.366541421449476 ], [ -81.425823249812836, 28.366557034254011 ], [ -81.425832092086736, 28.366558249596075 ], [ -81.425829378083051, 28.366573862400106 ], [ -81.425838220358798, 28.366575077741579 ], [ -81.42583550635571, 28.366590690545124 ], [ -81.425844348633305, 28.366591905886054 ], [ -81.42584299163218, 28.366599712287599 ], [ -81.425851833910826, 28.366600927627932 ], [ -81.425849119909415, 28.366616540430726 ], [ -81.425857962189909, 28.366617755770463 ], [ -81.425856605189637, 28.366625562171663 ], [ -81.425865447471182, 28.366626777510774 ], [ -81.42586409047145, 28.366634583911924 ], [ -81.425872932754032, 28.366635799250346 ], [ -81.42587157575484, 28.366643605651397 ], [ -81.425880418038503, 28.36664482098919 ], [ -81.425877704040957, 28.366660433790909 ], [ -81.425895388612204, 28.366662864464644 ], [ -81.425892674616875, 28.366678477266031 ], [ -81.425901516904474, 28.366679692601945 ], [ -81.425897445911957, 28.366703111802948 ], [ -81.425888603621971, 28.366701896466747 ], [ -81.425887246623162, 28.366709702866668 ], [ -81.425869562042351, 28.366707272191867 ], [ -81.425868205041709, 28.366715078591408 ], [ -81.425859362750884, 28.366713863252851 ], [ -81.425856648747242, 28.366729476051223 ], [ -81.425847806455081, 28.366728260711724 ], [ -81.425846449452095, 28.366736067110587 ], [ -81.425828764866935, 28.366733636429213 ], [ -81.425827407862087, 28.366741442827706 ], [ -81.425818565569102, 28.366740227485838 ], [ -81.425817208563203, 28.36674803388404 ], [ -81.425799523976394, 28.366745603197959 ], [ -81.425798166968661, 28.366753409595848 ], [ -81.425683217168753, 28.366737610063154 ], [ -81.425681860150405, 28.366745416459679 ], [ -81.425673017859083, 28.366744201105799 ], [ -81.425671660839683, 28.366752007502104 ] ], [ [ -81.427685651863214, 28.36698884191118 ], [ -81.427667967172269, 28.36698641153572 ], [ -81.427669324010992, 28.366978605118849 ], [ -81.427660481666692, 28.366977389930099 ], [ -81.427663195345019, 28.366961777096023 ], [ -81.427672037687728, 28.366962992284574 ], [ -81.427673394525712, 28.366955185867155 ], [ -81.427682236867881, 28.366956401054892 ], [ -81.427683593704828, 28.366948594637254 ], [ -81.427701278388327, 28.366951025010305 ], [ -81.427702635223412, 28.366943218592301 ], [ -81.427711477564742, 28.36694443377764 ], [ -81.42771283439879, 28.366936627359355 ], [ -81.42772167673958, 28.36693784254388 ], [ -81.42771624940508, 28.366969068216317 ], [ -81.427725091749309, 28.366970283400441 ], [ -81.427722378082137, 28.366985896235807 ], [ -81.42768700870036, 28.36698103549411 ], [ -81.427685651863214, 28.36698884191118 ] ], [ [ -81.427126481576209, 28.36676812253884 ], [ -81.427117639261752, 28.366766907304481 ], [ -81.427118996147811, 28.366759100890143 ], [ -81.427092469208318, 28.366755455183046 ], [ -81.42709382609651, 28.366747648768808 ], [ -81.427084983784667, 28.366746433531748 ], [ -81.427086340673398, 28.36673862711735 ], [ -81.427068656052043, 28.366736196641174 ], [ -81.427070012942139, 28.366728390226829 ], [ -81.427061170632641, 28.366727174987719 ], [ -81.427062527523276, 28.366719368573278 ], [ -81.427053685214815, 28.366718153333526 ], [ -81.427055042105991, 28.366710346918968 ], [ -81.427046199798596, 28.366709131678583 ], [ -81.427047556690326, 28.366701325263953 ], [ -81.427038714383983, 28.36670011002289 ], [ -81.427040071276252, 28.366692303608215 ], [ -81.427031228970975, 28.36669108836649 ], [ -81.427033942756367, 28.366675475536724 ], [ -81.427025100452923, 28.36667426029447 ], [ -81.427027814238912, 28.366658647464135 ], [ -81.427018971937315, 28.366657432221334 ], [ -81.427023042616796, 28.366634012974806 ], [ -81.427014200317842, 28.36663279773153 ], [ -81.427015557211305, 28.366624991315746 ], [ -81.427006714913404, 28.366623776071787 ], [ -81.427009428701169, 28.366608163239935 ], [ -81.427000586405114, 28.366606947995372 ], [ -81.427001943299416, 28.366599141579268 ], [ -81.426993101004427, 28.366597926334105 ], [ -81.426997171688214, 28.366574507085005 ], [ -81.426988329395854, 28.366573291839337 ], [ -81.426991043185396, 28.366557679005862 ], [ -81.426982200894898, 28.3665564637597 ], [ -81.426983557790081, 28.366548657342758 ], [ -81.426974715500634, 28.366547442095914 ], [ -81.426977429291867, 28.366531829261749 ], [ -81.426968587004254, 28.366530614014366 ], [ -81.426969943900289, 28.366522807597097 ], [ -81.426978786187092, 28.366524022844388 ], [ -81.426980143082076, 28.366516216426856 ], [ -81.426971300796069, 28.366515001179643 ], [ -81.426972657691593, 28.366507194761997 ], [ -81.426963815406637, 28.366505979514141 ], [ -81.426967886094133, 28.366482560260508 ], [ -81.42695904381182, 28.366481345012165 ], [ -81.426960400707927, 28.366473538594018 ], [ -81.42695155842668, 28.366472323345047 ], [ -81.426952915323341, 28.366464516926779 ], [ -81.426944073043146, 28.366463301677182 ], [ -81.42694678683732, 28.366447688840321 ], [ -81.426937944558972, 28.366446473590138 ], [ -81.426942015250759, 28.366423054333843 ], [ -81.426933172975041, 28.366421839083181 ], [ -81.426934529872597, 28.36641403266416 ], [ -81.426925687597929, 28.366412817412836 ], [ -81.426928401393894, 28.366397204574426 ], [ -81.426919559121089, 28.366395989322541 ], [ -81.426920916019469, 28.366388182903133 ], [ -81.426867862392754, 28.366380891376995 ], [ -81.426866505489571, 28.366388697795866 ], [ -81.426857663218541, 28.366387482538833 ], [ -81.426856306314306, 28.36639528895742 ], [ -81.426847464042737, 28.366394073699578 ], [ -81.426846107137465, 28.36640188011793 ], [ -81.42681958032189, 28.366398234339716 ], [ -81.42681822341396, 28.366406040757607 ], [ -81.426800538869912, 28.366403610234929 ], [ -81.426799181960149, 28.366411416652479 ], [ -81.426746128329327, 28.366404125066342 ], [ -81.42674748524388, 28.366396318649304 ], [ -81.426738642973774, 28.366395103382477 ], [ -81.426741356803717, 28.366379490548113 ], [ -81.426732514535445, 28.366378275280667 ], [ -81.426740656024037, 28.366331436773809 ], [ -81.42673181376081, 28.366330221506193 ], [ -81.426733170675504, 28.366322415087897 ], [ -81.426715486151409, 28.366319984550607 ], [ -81.426716843067439, 28.366312178132262 ], [ -81.42670800080657, 28.366310962862638 ], [ -81.426709357723141, 28.366303156444197 ], [ -81.426700515463324, 28.366301941173909 ], [ -81.426701872380463, 28.366294134755389 ], [ -81.42667534560492, 28.366290488940358 ], [ -81.42667670252419, 28.366282682521899 ], [ -81.426659018010028, 28.366280251975041 ], [ -81.426660374930634, 28.366272445556636 ], [ -81.426642690419087, 28.366270015007007 ], [ -81.426644047341043, 28.366262208588555 ], [ -81.4266086783242, 28.36625734748085 ], [ -81.426607321399047, 28.36626515389894 ], [ -81.426598479144673, 28.366263938620087 ], [ -81.426597122218482, 28.366271745037878 ], [ -81.426579437708895, 28.366269314477808 ], [ -81.426578080780871, 28.366277120895244 ], [ -81.426569238525673, 28.366275905614028 ], [ -81.426563810807821, 28.366307131281804 ], [ -81.426554968549681, 28.366305915999476 ], [ -81.4265536116188, 28.36631372241586 ], [ -81.42654476936012, 28.366312507132729 ], [ -81.426546126291797, 28.366304700716427 ], [ -81.42651075726279, 28.366299839576815 ], [ -81.426509400327916, 28.366307645992766 ], [ -81.426491715813356, 28.366305215418425 ], [ -81.426493072749821, 28.366297409002598 ], [ -81.426466545982251, 28.366293763135801 ], [ -81.426465189043412, 28.366301569551347 ], [ -81.426367924239841, 28.366288201315388 ], [ -81.426370638134841, 28.366272588486062 ], [ -81.426361795883096, 28.366271373187651 ], [ -81.426364509778693, 28.366255760357809 ], [ -81.426373352028847, 28.366256975656054 ], [ -81.426386921483825, 28.366178911495361 ], [ -81.426378079241644, 28.366177696197962 ], [ -81.426379436186537, 28.366169889781027 ], [ -81.426388278427936, 28.366171105078312 ], [ -81.426389635371791, 28.366163298661085 ], [ -81.426398477612636, 28.366164513957543 ], [ -81.426402548440336, 28.366141094704588 ], [ -81.42641139067905, 28.366142310000019 ], [ -81.426418175382892, 28.36610327790779 ], [ -81.426373964211848, 28.366097201425323 ], [ -81.426380748929375, 28.366058169330906 ], [ -81.426389591159065, 28.366059384628429 ], [ -81.426392305042725, 28.366043771789268 ], [ -81.426401147271093, 28.366044987085886 ], [ -81.426402504211751, 28.366037180665924 ], [ -81.426393661984179, 28.366035965369409 ], [ -81.426395018925376, 28.366028158949369 ], [ -81.426377334472591, 28.366025728354266 ], [ -81.426378691415124, 28.36601792193424 ], [ -81.426369849189911, 28.36601670663573 ], [ -81.426371206132998, 28.36600890021559 ], [ -81.426362363908822, 28.366007684916358 ], [ -81.4263596500208, 28.366023297756286 ], [ -81.426350807795302, 28.366022082456183 ], [ -81.426349450850111, 28.366029888875733 ], [ -81.426340608624059, 28.366028673574778 ], [ -81.426339251677831, 28.366036479994133 ], [ -81.426330409451239, 28.366035264692403 ], [ -81.426327695556424, 28.366050877530363 ], [ -81.426318853328496, 28.36604966222767 ], [ -81.426317496379923, 28.366057468646311 ], [ -81.426308654151441, 28.366056253342816 ], [ -81.426307297201816, 28.366064059761172 ], [ -81.426298454972795, 28.366062844456842 ], [ -81.426297098022118, 28.366070650874956 ], [ -81.426279413563236, 28.366068220263941 ], [ -81.426278056610727, 28.366076026681721 ], [ -81.426269214380881, 28.366074811375011 ], [ -81.4262705713342, 28.366067004957326 ], [ -81.426261729105406, 28.366065789649983 ], [ -81.426264443012883, 28.366050176814326 ], [ -81.426255600785936, 28.366048961506397 ], [ -81.426258314693996, 28.366033348670214 ], [ -81.426249472468911, 28.366032133361738 ], [ -81.426250829423367, 28.366024326943471 ], [ -81.426241987199305, 28.366023111634373 ], [ -81.426243344154315, 28.366015305215971 ], [ -81.426234501931319, 28.366014089906212 ], [ -81.426235858886884, 28.366006283487771 ], [ -81.426227016664924, 28.366005068177341 ], [ -81.426228373621029, 28.3659972617588 ], [ -81.426219531400136, 28.365996046447776 ], [ -81.426220888356767, 28.365988240029125 ], [ -81.426114781735464, 28.36597365624014 ], [ -81.426116138701431, 28.365965849822359 ], [ -81.426107296485441, 28.365964634501921 ], [ -81.426110010418213, 28.365949021666047 ], [ -81.426101168204056, 28.365947806345044 ], [ -81.426102525170862, 28.365939999926969 ], [ -81.426093682957784, 28.36593878460528 ], [ -81.426096396892234, 28.365923171768703 ], [ -81.42608755468099, 28.36592195644651 ], [ -81.426090268616022, 28.365906343609371 ], [ -81.42608142640664, 28.365905128286638 ], [ -81.426082783374568, 28.365897321867912 ], [ -81.426073941166223, 28.365896106544472 ], [ -81.426076655102946, 28.36588049370668 ], [ -81.426067812896463, 28.365879278382682 ], [ -81.426071883802067, 28.365855859124917 ], [ -81.426054199394628, 28.365853428475265 ], [ -81.426056913333625, 28.365837815636233 ], [ -81.426048071131873, 28.365836600310491 ], [ -81.426049428101805, 28.365828793890788 ], [ -81.426040585901106, 28.365827578564396 ], [ -81.426041942871592, 28.365819772144601 ], [ -81.426033100671944, 28.36581855681759 ], [ -81.426035814613741, 28.365802943977634 ], [ -81.42602697241594, 28.365801728650037 ], [ -81.426029686358319, 28.365786115809556 ], [ -81.42602084416238, 28.365784900481373 ], [ -81.426023558105342, 28.365769287640394 ], [ -81.426014715911251, 28.365768072311706 ], [ -81.426016072883144, 28.365760265891033 ], [ -81.426007230690104, 28.365759050561678 ], [ -81.426009944634757, 28.365743437719974 ], [ -81.426001102443564, 28.365742222390043 ], [ -81.42600245941631, 28.36573441596903 ], [ -81.425993617226169, 28.365733200638413 ], [ -81.425996331172499, 28.365717587796006 ], [ -81.425987488984205, 28.365716372464895 ], [ -81.425988845957804, 28.365708566043526 ], [ -81.425980003770562, 28.36570735071172 ], [ -81.4259813607447, 28.365699544290273 ], [ -81.42597251855851, 28.365698328957819 ], [ -81.425973875533202, 28.365690522536259 ], [ -81.425965033348064, 28.365689307203183 ], [ -81.425967747298259, 28.3656736943597 ], [ -81.425958905114967, 28.365672479026053 ], [ -81.425960262090499, 28.365664672604201 ], [ -81.425951419908259, 28.365663457269889 ], [ -81.425954133860145, 28.365647844425744 ], [ -81.425945291679753, 28.365646629090882 ], [ -81.42594800563225, 28.365631016246162 ], [ -81.42593916345372, 28.365629800910749 ], [ -81.425941877406785, 28.365614188065564 ], [ -81.425933035230102, 28.365612972729561 ], [ -81.425934392207054, 28.365605166306779 ], [ -81.425925550031423, 28.365603950970179 ], [ -81.425926907008929, 28.36559614454729 ], [ -81.425918064834335, 28.365594929210005 ], [ -81.425920778790186, 28.365579316363913 ], [ -81.425911936617453, 28.365578101026099 ], [ -81.425913293595798, 28.365570294602851 ], [ -81.425904451424117, 28.365569079264382 ], [ -81.425905808403016, 28.36556127284106 ], [ -81.425958861432164, 28.365568564860357 ], [ -81.425960218406018, 28.36556075843632 ], [ -81.426004429266655, 28.365566835098431 ], [ -81.42600307229678, 28.36557464152289 ], [ -81.426020756644405, 28.365577072182781 ], [ -81.426023470580702, 28.365561459333314 ], [ -81.42604999709927, 28.365565105317074 ], [ -81.426051354064654, 28.365557298891794 ], [ -81.426086722756452, 28.365562160192862 ], [ -81.426085365794265, 28.36556996661847 ], [ -81.426094207968632, 28.365571181941959 ], [ -81.426092851006985, 28.365578988367471 ], [ -81.426101693182417, 28.365580203690335 ], [ -81.426100336221324, 28.365588010115761 ], [ -81.426109178397809, 28.365589225437937 ], [ -81.426107821437242, 28.365597031863285 ], [ -81.426116663614778, 28.365598247184831 ], [ -81.426115306654765, 28.365606053610065 ], [ -81.426124148833352, 28.365607268931019 ], [ -81.42612143491418, 28.365622881781146 ], [ -81.42620101454726, 28.365633819637843 ], [ -81.426202371499798, 28.365626013212086 ], [ -81.426220055863908, 28.365628443838645 ], [ -81.426221412814598, 28.365620637412544 ], [ -81.42623909717814, 28.365623068035962 ], [ -81.426240454126983, 28.365615261609467 ], [ -81.426266980671798, 28.365618907538892 ], [ -81.426268337617998, 28.365611101111984 ], [ -81.426303706344797, 28.365615962340527 ], [ -81.426300992458508, 28.36563157519489 ], [ -81.426309834642439, 28.365632790500321 ], [ -81.42630847769972, 28.365640596927342 ], [ -81.426317319884703, 28.365641812232116 ], [ -81.426315962942525, 28.365649618659031 ], [ -81.426324805128559, 28.365650833963215 ], [ -81.426323448186935, 28.365658640390041 ], [ -81.42633229037402, 28.365659855693565 ], [ -81.426333647314848, 28.365652049266664 ], [ -81.426351331688181, 28.365654479871331 ], [ -81.426352688627162, 28.365646673444118 ], [ -81.426361530813423, 28.365647888745222 ], [ -81.426362887751353, 28.365640082317732 ], [ -81.426354045565901, 28.365638867016678 ], [ -81.426355402504385, 28.365631060589063 ], [ -81.426346560319971, 28.365629845287373 ], [ -81.426361486635514, 28.365543974573001 ], [ -81.426370328811146, 28.365545189873778 ], [ -81.426371685746616, 28.365537383444046 ], [ -81.426380527921708, 28.365538598743964 ], [ -81.426381884856141, 28.365530792314001 ], [ -81.426390727030679, 28.365532007613059 ], [ -81.426393440897186, 28.365516394752387 ], [ -81.426402283070388, 28.365517610050574 ], [ -81.426404996934309, 28.365501997189057 ], [ -81.426396154762699, 28.365500781891004 ], [ -81.426407010214689, 28.36543833043849 ], [ -81.426398168049701, 28.365437115140473 ], [ -81.426399524980866, 28.365429308708162 ], [ -81.426408367145058, 28.365430524006122 ], [ -81.426409724075171, 28.365422717573612 ], [ -81.426436250566852, 28.365426363462813 ], [ -81.426437607494321, 28.365418557029823 ], [ -81.426464133985903, 28.365422202912185 ], [ -81.426462777060806, 28.365430009345403 ], [ -81.426471619225964, 28.365431224638133 ], [ -81.426470262301436, 28.365439031071286 ], [ -81.426505630967824, 28.365443892235188 ], [ -81.426506987889169, 28.365436085801672 ], [ -81.426515830055607, 28.365437301090729 ], [ -81.426517186975929, 28.365429494656969 ], [ -81.426543713474359, 28.365433140519414 ], [ -81.42654507039201, 28.365425334085231 ], [ -81.426589281223855, 28.365431410507533 ], [ -81.426593351963362, 28.365407991202517 ], [ -81.426602194128108, 28.365409206484532 ], [ -81.42660355103996, 28.365401400049098 ], [ -81.426630077533318, 28.365405045890402 ], [ -81.426631434442541, 28.365397239454552 ], [ -81.426640276606705, 28.365398454733448 ], [ -81.42664163351489, 28.365390648297293 ], [ -81.426668160006514, 28.365394294129239 ], [ -81.426670873817329, 28.365378681255933 ], [ -81.426706242470004, 28.365383542354195 ], [ -81.426707599371852, 28.365375735916885 ], [ -81.426725283698119, 28.365378166461461 ], [ -81.426726640598119, 28.365370360023864 ], [ -81.426735482760833, 28.365371575294937 ], [ -81.426736839659782, 28.365363768857051 ], [ -81.42674568182197, 28.365364984127265 ], [ -81.426747038719881, 28.365357177689145 ], [ -81.426755880881501, 28.365358392958569 ], [ -81.426757237778375, 28.36535058652019 ], [ -81.426792606424243, 28.36535544759019 ], [ -81.426795320210843, 28.365339834712149 ], [ -81.42680416237134, 28.365341049977616 ], [ -81.426806876155325, 28.365325437098729 ], [ -81.426815718314515, 28.365326652363301 ], [ -81.426817075205321, 28.365318845923468 ], [ -81.426834759522848, 28.365321276450249 ], [ -81.42683611641182, 28.365313470010094 ], [ -81.426844958570143, 28.365314685272313 ], [ -81.426847672345758, 28.365299072391245 ], [ -81.426865356660002, 28.365301502913088 ], [ -81.426866713545834, 28.365293696472172 ], [ -81.426875555702551, 28.365294911731858 ], [ -81.426876912587332, 28.365287105290658 ], [ -81.426885754743495, 28.365288320549567 ], [ -81.426887111627252, 28.365280514108054 ], [ -81.426895953782861, 28.365281729366171 ], [ -81.426897310665552, 28.365273922924427 ], [ -81.426923837131554, 28.365277568693987 ], [ -81.42692248025125, 28.365285375136004 ], [ -81.426966691037009, 28.365291451404413 ], [ -81.42696804791332, 28.365283644961945 ], [ -81.426985732227806, 28.365286075464017 ], [ -81.426987089102269, 28.365278269021189 ], [ -81.427004773416172, 28.365280699520103 ], [ -81.427007487161163, 28.365265086633627 ], [ -81.427016329316899, 28.365266301881828 ], [ -81.427017686188236, 28.365258495438194 ], [ -81.427035370498871, 28.365260925932166 ], [ -81.42703672736836, 28.365253119488248 ], [ -81.427098622458061, 28.365261626193359 ], [ -81.42709997932171, 28.365253819748624 ], [ -81.427108821477589, 28.365255034989222 ], [ -81.4271101783402, 28.365247228544192 ], [ -81.427119020495539, 28.365248443783965 ], [ -81.427120377357085, 28.365240637338722 ], [ -81.427129219511897, 28.365241852577633 ], [ -81.427131933232644, 28.365226239686397 ], [ -81.427184986157243, 28.365233531103364 ], [ -81.42718362930178, 28.365241337549584 ], [ -81.427192471457573, 28.365242552783307 ], [ -81.427191114602664, 28.365250359229432 ], [ -81.427199956759509, 28.365251574462494 ], [ -81.4271972430505, 28.365267187354362 ], [ -81.427206085209193, 28.365268402586846 ], [ -81.427204728355122, 28.365276209032647 ], [ -81.427213570514866, 28.365277424264494 ], [ -81.427212213661335, 28.365285230710167 ], [ -81.42722105582213, 28.365286445941344 ], [ -81.427219698969154, 28.365294252386931 ], [ -81.427255067618049, 28.365299113304648 ], [ -81.427253710768014, 28.365306919750441 ], [ -81.427262552931666, 28.365308134978108 ], [ -81.427261196082171, 28.365315941423827 ], [ -81.427270038246874, 28.365317156650853 ], [ -81.427267324548723, 28.365332769541872 ], [ -81.427276166715288, 28.365333984768348 ], [ -81.427274809866631, 28.365341791213677 ], [ -81.427283652034234, 28.365343006439517 ], [ -81.427282295186131, 28.365350812884749 ], [ -81.4272911373548, 28.365352028109932 ], [ -81.427289780507238, 28.365359834555122 ], [ -81.427298622676943, 28.365361049779633 ], [ -81.427297265829949, 28.365368856224691 ], [ -81.427306108000707, 28.365370071448549 ], [ -81.427299323765851, 28.365409103671723 ], [ -81.42731700811612, 28.365411534118145 ], [ -81.427318364962005, 28.365403727673698 ], [ -81.427336049311691, 28.36540615811699 ], [ -81.427337406155715, 28.365398351672194 ], [ -81.427346248330153, 28.365399566892645 ], [ -81.427347605173139, 28.365391760447601 ], [ -81.427382973870195, 28.365396621321715 ], [ -81.427384330709742, 28.365388814876138 ], [ -81.42740201505822, 28.365391245308622 ], [ -81.427403371895906, 28.365383438862683 ], [ -81.427412214069733, 28.365384654077701 ], [ -81.427410857232829, 28.365392460523751 ], [ -81.427455068109722, 28.36539853658844 ], [ -81.427453711276556, 28.365406343034703 ], [ -81.42747139563069, 28.365408773455599 ], [ -81.427470038798873, 28.365416579901911 ], [ -81.427505407513365, 28.365421440735197 ], [ -81.427504050684476, 28.36542924718168 ], [ -81.427512892864542, 28.36543046238824 ], [ -81.427511536036207, 28.365438268834627 ], [ -81.427529220398682, 28.365440699245763 ], [ -81.427527863571697, 28.365448505692139 ], [ -81.427536705754122, 28.365449720896656 ], [ -81.427535348927677, 28.365457527342993 ], [ -81.427544191111139, 28.365458742546831 ], [ -81.427540120632685, 28.365482161884977 ], [ -81.427557805005165, 28.365484592291072 ], [ -81.427556448180113, 28.365492398736933 ], [ -81.427565290367525, 28.365493613938941 ], [ -81.427562576718259, 28.365509226830298 ], [ -81.427571418907533, 28.365510442031802 ], [ -81.427570062083319, 28.365518248477269 ], [ -81.427578904273645, 28.365519463678108 ], [ -81.427576190626056, 28.365535076568744 ], [ -81.427585032818229, 28.365536291769065 ], [ -81.427583675994853, 28.365544098214162 ], [ -81.427592518188092, 28.365545313413818 ], [ -81.427591161365257, 28.36555311985887 ], [ -81.427600003559519, 28.365554335057819 ], [ -81.427598646737252, 28.365562141502803 ], [ -81.42760748893258, 28.365563356701163 ], [ -81.427603418466632, 28.36558677603524 ], [ -81.42762110286283, 28.365589206430226 ], [ -81.427618389220811, 28.36560481931912 ], [ -81.427627231420871, 28.36560603451569 ], [ -81.427624517779435, 28.365621647404012 ], [ -81.427633359981371, 28.36562286260002 ], [ -81.427630646340518, 28.365638475487824 ], [ -81.427639488544287, 28.365639690683292 ], [ -81.427638131724294, 28.365647497127046 ], [ -81.427646973929114, 28.365648712321793 ], [ -81.427644260289966, 28.365664325208932 ], [ -81.427653102496635, 28.36566554040315 ], [ -81.427651745677466, 28.365673346846521 ], [ -81.4276605878852, 28.365674562040123 ], [ -81.427657874247728, 28.365690174926506 ], [ -81.427666716457296, 28.365691390119554 ], [ -81.427665359638979, 28.365699196562595 ], [ -81.427674201849612, 28.365700411754965 ], [ -81.427672845031836, 28.365708218197906 ], [ -81.427681687243506, 28.365709433389622 ], [ -81.42767897360882, 28.365725046275141 ], [ -81.427687815822338, 28.365726261466296 ], [ -81.427685102188235, 28.365741874351325 ], [ -81.42770278661925, 28.365744304731784 ], [ -81.427698716170994, 28.365767724058493 ], [ -81.427707558389258, 28.365768939247907 ], [ -81.427706201573486, 28.365776745689885 ], [ -81.427715043792816, 28.365777960878631 ], [ -81.42771233016208, 28.365793573762186 ], [ -81.427721172383258, 28.365794788950378 ], [ -81.427719815568295, 28.365802595392029 ], [ -81.427728657790539, 28.365803810579521 ], [ -81.42772594416148, 28.365819423462437 ], [ -81.427734786385557, 28.365820638649407 ], [ -81.427733429571461, 28.365828445090674 ], [ -81.427742271796589, 28.365829660277001 ], [ -81.427739558169236, 28.365845273159159 ], [ -81.427757242623429, 28.36584770352999 ], [ -81.427753172185305, 28.365871122852475 ], [ -81.427762014415165, 28.365872338037029 ], [ -81.427760657602761, 28.365880144477586 ], [ -81.427769499833687, 28.365881359661472 ], [ -81.427766786209702, 28.365896972542277 ], [ -81.427775628442475, 28.365898187725648 ], [ -81.427774271630895, 28.365905994165843 ], [ -81.42778311386472, 28.365907209348535 ], [ -81.427780400242426, 28.365922822228558 ], [ -81.427789242478099, 28.365924037410728 ], [ -81.427786528856387, 28.365939650290251 ], [ -81.427795371093907, 28.365940865471842 ], [ -81.427792657472779, 28.365956478350846 ], [ -81.427810341951798, 28.365958908712177 ], [ -81.427807628332857, 28.365974521590825 ], [ -81.427816470574342, 28.365975736770547 ], [ -81.427815113765291, 28.365983543209687 ], [ -81.427823956007828, 28.365984758388763 ], [ -81.427822599199331, 28.365992564827838 ], [ -81.427831441442905, 28.365993780006232 ], [ -81.42782872782675, 28.36600939288401 ], [ -81.427837570072185, 28.366010608061902 ], [ -81.427834856456613, 28.366026220939151 ], [ -81.427843698703896, 28.366027436116461 ], [ -81.427842341896536, 28.366035242554901 ], [ -81.42785118414487, 28.366036457731546 ], [ -81.427848470530989, 28.366052070608063 ], [ -81.427857312781171, 28.366053285784162 ], [ -81.42785595597465, 28.366061092222282 ], [ -81.427864798225883, 28.366062307397744 ], [ -81.427863441419902, 28.366070113835711 ], [ -81.427872283672187, 28.366071329010534 ], [ -81.427869570061091, 28.366086941886163 ], [ -81.427878412315238, 28.366088157060432 ], [ -81.427877055510095, 28.366095963498083 ], [ -81.427885897765279, 28.366097178671687 ], [ -81.427884540960704, 28.366104985109224 ], [ -81.427893383216926, 28.366106200282225 ], [ -81.427890669608615, 28.366121813156941 ], [ -81.427899511866698, 28.366123028329365 ], [ -81.427896798258971, 28.366138641203584 ], [ -81.427905640518901, 28.366139856375423 ], [ -81.427904283715463, 28.366147662812338 ], [ -81.427913125976445, 28.366148877983555 ], [ -81.427911769173548, 28.366156684420389 ], [ -81.427920611435582, 28.36615789959092 ], [ -81.427917897830639, 28.3661735124643 ], [ -81.42792674009452, 28.36617472763427 ], [ -81.427925383292461, 28.366182534070752 ], [ -81.427934225557408, 28.366183749240101 ], [ -81.427931511954128, 28.366199362112745 ], [ -81.427940354220922, 28.366200577281461 ], [ -81.427938997419716, 28.366208383717655 ], [ -81.427947839687548, 28.366209598885778 ], [ -81.427945126085973, 28.366225211757701 ], [ -81.427953968355652, 28.366226426925266 ], [ -81.427952611555284, 28.366234233361091 ], [ -81.427961453826015, 28.366235448527966 ], [ -81.427958740226131, 28.366251061399193 ], [ -81.427967582498724, 28.366252276565568 ], [ -81.427964868899409, 28.366267889436251 ], [ -81.427973711173848, 28.366269104602086 ], [ -81.427972354374617, 28.366276911037236 ], [ -81.427981196650109, 28.366278126202367 ], [ -81.427978483052485, 28.366293739072354 ], [ -81.427996167607418, 28.366296169400798 ], [ -81.427992097213888, 28.366319588705007 ], [ -81.427983254933906, 28.36631837354091 ], [ -81.427981898134774, 28.366326179975204 ], [ -81.427990740415552, 28.366327395139372 ], [ -81.427988026818113, 28.366343008007636 ], [ -81.428005711383619, 28.366345438334157 ], [ -81.428007068180875, 28.366337631899952 ], [ -81.428015910463216, 28.366338847062043 ], [ -81.428011840073111, 28.366362266364408 ], [ -81.428029524643335, 28.366364696686848 ], [ -81.428025454255746, 28.366388115988165 ], [ -81.428034296543643, 28.366389331148557 ], [ -81.428030226156196, 28.3664127504485 ], [ -81.428039068446736, 28.366413965608466 ], [ -81.428034998059417, 28.366437384907094 ], [ -81.428043840352601, 28.366438600066541 ], [ -81.428038413169205, 28.366469825795964 ], [ -81.428047255465827, 28.366471040955027 ], [ -81.428045898670149, 28.366478847387036 ], [ -81.42803705637273, 28.366477632227873 ], [ -81.428035699576, 28.366485438659634 ], [ -81.428009172682877, 28.366481793177481 ], [ -81.428007815883504, 28.366489599608752 ], [ -81.427990131287757, 28.366487169283459 ], [ -81.42798877448655, 28.366494975714403 ], [ -81.427979932188251, 28.366493760550565 ], [ -81.427978575385978, 28.36650156698127 ], [ -81.427969733087167, 28.36650035181659 ], [ -81.427968376283843, 28.366508158246997 ], [ -81.427950691685353, 28.366505727915332 ], [ -81.427949334880196, 28.366513534345366 ], [ -81.427931650281124, 28.366511104010598 ], [ -81.42793029347412, 28.366518910440341 ], [ -81.427921451174171, 28.366517695271686 ], [ -81.427920094366115, 28.366525501701137 ], [ -81.427893567465389, 28.366521856190701 ], [ -81.427892210654704, 28.366529662619737 ], [ -81.427883368354188, 28.366528447447983 ], [ -81.427882011542437, 28.366536253876781 ], [ -81.427864326940536, 28.366533823530958 ], [ -81.427862970126952, 28.366541629959364 ], [ -81.427854127825597, 28.36654041478528 ], [ -81.427852771010961, 28.366548221213407 ], [ -81.427826244106029, 28.366544575686419 ], [ -81.427823530471201, 28.366560188541641 ], [ -81.427814688168482, 28.366558973364381 ], [ -81.427813331349896, 28.366566779791636 ], [ -81.42779564674359, 28.36656434943464 ], [ -81.42779428992317, 28.366572155861562 ], [ -81.427767763013236, 28.36656851032031 ], [ -81.427766406190173, 28.36657631674678 ], [ -81.427748721583228, 28.36657388638212 ], [ -81.427747364758304, 28.366581692808218 ], [ -81.427738522454419, 28.366580477624691 ], [ -81.427737165628457, 28.366588284050561 ], [ -81.427719481019849, 28.366585853681094 ], [ -81.427718124192054, 28.366593660106581 ], [ -81.427700439582864, 28.366591229734038 ], [ -81.427699082753207, 28.366599036159183 ], [ -81.4276902404482, 28.366597820971698 ], [ -81.427688883617506, 28.366605627396623 ], [ -81.427680041311959, 28.366604412208318 ], [ -81.427678684480199, 28.366612218632937 ], [ -81.427669842174112, 28.366611003443797 ], [ -81.427668485341329, 28.3666188098682 ], [ -81.427650800728301, 28.366616379487571 ], [ -81.427649443893657, 28.366624185911572 ], [ -81.427631759280047, 28.366621755527884 ], [ -81.427630402443569, 28.366629561951523 ], [ -81.427595033216235, 28.366624701174896 ], [ -81.427593676376304, 28.366632507597998 ], [ -81.427584834069307, 28.366631292401912 ], [ -81.427583477228339, 28.366639098824795 ], [ -81.427565792613507, 28.366636668430228 ], [ -81.427564435770691, 28.36664447485277 ], [ -81.42755559346287, 28.366643259654278 ], [ -81.427554236619002, 28.366651066076528 ], [ -81.427536552002508, 28.366648635677215 ], [ -81.427535195156793, 28.366656442099124 ], [ -81.427517510539744, 28.366654011696678 ], [ -81.427516153692167, 28.366661818118221 ], [ -81.427507311383224, 28.366660602915818 ], [ -81.427505954534624, 28.366668409337127 ], [ -81.427488269915898, 28.366665978929916 ], [ -81.427486913065451, 28.366673785350837 ], [ -81.427469228446142, 28.366671354940546 ], [ -81.427467871593848, 28.366679161361112 ], [ -81.427450186973957, 28.366676730947727 ], [ -81.427448830119815, 28.36668453736797 ], [ -81.427439987809464, 28.366683322160032 ], [ -81.427438630954271, 28.366691128580033 ], [ -81.427420946332731, 28.366688698161823 ], [ -81.42741958947569, 28.366696504581455 ], [ -81.427410747164501, 28.366695289371169 ], [ -81.427409390306423, 28.366703095790527 ], [ -81.42739170568322, 28.366700665367546 ], [ -81.42739034882328, 28.366708471786563 ], [ -81.427372664199495, 28.366706041360491 ], [ -81.427371307337722, 28.366713847779124 ], [ -81.427353622713355, 28.366711417349983 ], [ -81.427352265849734, 28.366719223768282 ], [ -81.427334581224798, 28.366716793335961 ], [ -81.42733322435933, 28.366724599753887 ], [ -81.42732438204645, 28.366723384536552 ], [ -81.42732302517993, 28.366731190954262 ], [ -81.427305340553318, 28.36672876051723 ], [ -81.427303983684979, 28.366736566934524 ], [ -81.427295141371246, 28.366735351714826 ], [ -81.427293784501842, 28.366743158131879 ], [ -81.427276099873581, 28.366740727690082 ], [ -81.427274743002329, 28.366748534106783 ], [ -81.427239373745635, 28.366743673213957 ], [ -81.427238016870959, 28.366751479630114 ], [ -81.427229174556629, 28.366750264405024 ], [ -81.427227817680887, 28.366758070820939 ], [ -81.427210133051389, 28.366755640368293 ], [ -81.427208776173813, 28.366763446783885 ], [ -81.427191091543747, 28.366761016328095 ], [ -81.42718973466431, 28.366768822743307 ], [ -81.427127838461473, 28.366760316124406 ], [ -81.427126481576209, 28.36676812253884 ] ], [ [ -81.428634309921705, 28.366687594577545 ], [ -81.428545886655897, 28.366675443446336 ], [ -81.428549956913074, 28.366652024142752 ], [ -81.428541114590288, 28.36665080902587 ], [ -81.428549255102681, 28.366603970414442 ], [ -81.428540412784926, 28.366602755297343 ], [ -81.42854176953692, 28.366594948861568 ], [ -81.428532927220218, 28.366593733743823 ], [ -81.428534283972752, 28.366585927307963 ], [ -81.428525441657101, 28.36658471218961 ], [ -81.428526798410175, 28.366576905753618 ], [ -81.428517956095575, 28.366575690634601 ], [ -81.428519312849204, 28.366567884198581 ], [ -81.428510470535656, 28.366566669078857 ], [ -81.428511827289825, 28.366558862642727 ], [ -81.428502984977328, 28.366557647522381 ], [ -81.428504341732051, 28.366549841086194 ], [ -81.428486657109417, 28.366547410843431 ], [ -81.428485300353117, 28.366555217279462 ], [ -81.428423404176328, 28.366546711406105 ], [ -81.428424760938213, 28.366538904970678 ], [ -81.42840707632017, 28.366536474714689 ], [ -81.428408433083405, 28.366528668279251 ], [ -81.428399590775555, 28.366527453150258 ], [ -81.428400947539345, 28.366519646714771 ], [ -81.428392105232547, 28.366518431585135 ], [ -81.428393461996876, 28.366510625149537 ], [ -81.428375777385639, 28.366508194888176 ], [ -81.428377134151319, 28.366500388452597 ], [ -81.428350607238769, 28.366496743055361 ], [ -81.42835332077415, 28.36648113018417 ], [ -81.42834447847207, 28.366479915050487 ], [ -81.428345835240194, 28.366472108614651 ], [ -81.428336992939151, 28.366470893480283 ], [ -81.428339706476223, 28.366455280608413 ], [ -81.428330864177042, 28.366454065473473 ], [ -81.428337648019308, 28.366415033291137 ], [ -81.428328805724377, 28.36641381815592 ], [ -81.428331519261135, 28.366398205281918 ], [ -81.428322676968037, 28.366396990146143 ], [ -81.428326747273687, 28.366373570834082 ], [ -81.428317904983231, 28.366372355697806 ], [ -81.428324688824929, 28.366333323507959 ], [ -81.428333531111392, 28.36633453864378 ], [ -81.428338958177051, 28.366303312888366 ], [ -81.428347800460585, 28.366304528023111 ], [ -81.428349157225568, 28.366296721583737 ], [ -81.428366841791785, 28.366299151850825 ], [ -81.428368198554921, 28.366291345411081 ], [ -81.428377040837617, 28.366292560543467 ], [ -81.428379754361572, 28.366276947663259 ], [ -81.428370912080467, 28.366275732531076 ], [ -81.42837498236689, 28.366252313209749 ], [ -81.428366140088443, 28.366251098077147 ], [ -81.428367496850882, 28.36624329163643 ], [ -81.428358654573486, 28.366242076503134 ], [ -81.428361368099218, 28.366226463621405 ], [ -81.428352525823655, 28.366225248487549 ], [ -81.428353882586933, 28.366217442046462 ], [ -81.428309671216994, 28.366211366366581 ], [ -81.428308314449723, 28.366219172807245 ], [ -81.428290629901923, 28.366216742529971 ], [ -81.428291986670786, 28.366208936089514 ], [ -81.42828314439808, 28.366207720949838 ], [ -81.428289928242606, 28.366168688745457 ], [ -81.428281085974135, 28.366167473605518 ], [ -81.428282442743082, 28.366159667164222 ], [ -81.428238231408514, 28.366153591453852 ], [ -81.428239588181199, 28.366145785012776 ], [ -81.42823074591584, 28.366144569868585 ], [ -81.428232102689066, 28.366136763427477 ], [ -81.428214418160721, 28.366134333137065 ], [ -81.42821577493531, 28.366126526695929 ], [ -81.428189248147063, 28.366122881255063 ], [ -81.428187891370101, 28.366130687695925 ], [ -81.428170206844285, 28.36612825739817 ], [ -81.42817156362284, 28.366120450957446 ], [ -81.428162721361119, 28.366119235807574 ], [ -81.428164078140242, 28.366111429366775 ], [ -81.428155235879558, 28.366110214216231 ], [ -81.428157949438628, 28.366094601334286 ], [ -81.428149107179806, 28.366093386183163 ], [ -81.428151820739473, 28.366077773300674 ], [ -81.428142978482484, 28.366076558149043 ], [ -81.428144335262743, 28.366068751707616 ], [ -81.428135493006806, 28.36606753655531 ], [ -81.428138206568164, 28.366051923672114 ], [ -81.428129364314074, 28.36605070851925 ], [ -81.428130721095172, 28.366042902077478 ], [ -81.428121878842134, 28.366041686923971 ], [ -81.428123235623787, 28.366033880482078 ], [ -81.428114393371814, 28.366032665327964 ], [ -81.428115750153992, 28.366024858886014 ], [ -81.428098065652406, 28.366022428575612 ], [ -81.428102136002252, 28.365999009249251 ], [ -81.428093293754245, 28.365997794093239 ], [ -81.42809600732113, 28.365982181208278 ], [ -81.42808716507497, 28.365980966051684 ], [ -81.428091235425825, 28.365957546723227 ], [ -81.428055866453249, 28.365952686090584 ], [ -81.428057223239563, 28.365944879647731 ], [ -81.428048380997851, 28.365943664487848 ], [ -81.428051094571302, 28.365928051601827 ], [ -81.428042252331451, 28.365926836441378 ], [ -81.428043609118603, 28.365919029998157 ], [ -81.42803476687979, 28.365917814837054 ], [ -81.428036123667496, 28.365910008393808 ], [ -81.428027281429721, 28.365908793232009 ], [ -81.428028638217981, 28.365900986788667 ], [ -81.428019795981271, 28.365899771626228 ], [ -81.428022509558602, 28.365884158739192 ], [ -81.428013667323739, 28.365882943576196 ], [ -81.428015024112838, 28.365875137132495 ], [ -81.428006181879027, 28.365873921968863 ], [ -81.428007538668652, 28.365866115525044 ], [ -81.427998696435907, 28.365864900360783 ], [ -81.42800412359513, 28.365833674584174 ], [ -81.427995281365824, 28.365832459419476 ], [ -81.427997994945528, 28.36581684653035 ], [ -81.427989152718055, 28.36581563136513 ], [ -81.427993223088123, 28.365792212030289 ], [ -81.427975538638748, 28.36578978169814 ], [ -81.427976895429865, 28.365781975253022 ], [ -81.427968053206342, 28.365780760085926 ], [ -81.427970766789414, 28.365765147195354 ], [ -81.427961924567754, 28.365763932027722 ], [ -81.427971422106197, 28.365709286905673 ], [ -81.42794489545949, 28.365705641400208 ], [ -81.42794625225207, 28.365697834953771 ], [ -81.427937410037799, 28.365696619783879 ], [ -81.427938766830948, 28.365688813337382 ], [ -81.427929924617729, 28.365687598166833 ], [ -81.427931281411418, 28.365679791720201 ], [ -81.427922439199264, 28.365678576549069 ], [ -81.427923795993493, 28.365670770102366 ], [ -81.427914953782377, 28.365669554930538 ], [ -81.42791631057716, 28.36566174848371 ], [ -81.427898626157301, 28.365659318138036 ], [ -81.427901339749297, 28.365643705244249 ], [ -81.427892497541336, 28.365642490070485 ], [ -81.427893854337768, 28.365634683623437 ], [ -81.427885012130858, 28.365633468449008 ], [ -81.42788636892783, 28.365625662001861 ], [ -81.427877526721971, 28.365624446826818 ], [ -81.427880240316739, 28.365608833932164 ], [ -81.427871398112757, 28.365607618756535 ], [ -81.427872754910567, 28.365599812309032 ], [ -81.427863912707608, 28.365598597132788 ], [ -81.427866626304066, 28.365582984237378 ], [ -81.427857784102954, 28.365581769060576 ], [ -81.427860497700024, 28.365566156164686 ], [ -81.427851655500774, 28.365564940987312 ], [ -81.427853012299721, 28.365557134539198 ], [ -81.427835327903566, 28.365554704182362 ], [ -81.427836684703848, 28.365546897734212 ], [ -81.427827842506957, 28.365545682554838 ], [ -81.427829199307794, 28.365537876106618 ], [ -81.427838041503904, 28.365539091285928 ], [ -81.427839398303689, 28.365531284837449 ], [ -81.427848240499245, 28.365532500015995 ], [ -81.427849597297993, 28.365524693567224 ], [ -81.427858439493008, 28.365525908744928 ], [ -81.427859796290704, 28.365518102295891 ], [ -81.42786863848518, 28.365519317472756 ], [ -81.427869995281824, 28.365511511023485 ], [ -81.427878837475745, 28.365512726199537 ], [ -81.4278829078618, 28.365489306850399 ], [ -81.42789175005359, 28.36549052202545 ], [ -81.427897177228303, 28.365459296223822 ], [ -81.427888335039682, 28.365458081049137 ], [ -81.427889691833542, 28.365450274598349 ], [ -81.427880849645987, 28.365449059422989 ], [ -81.427882206440373, 28.365441252972175 ], [ -81.42787336425387, 28.365440037796198 ], [ -81.427876077843507, 28.365424424894119 ], [ -81.427867235658866, 28.365423209717598 ], [ -81.427868592454089, 28.365415403266386 ], [ -81.427859750270486, 28.365414188089161 ], [ -81.427861107066278, 28.365406381637904 ], [ -81.427852264883725, 28.365405166460029 ], [ -81.427853621680057, 28.365397360008675 ], [ -81.427844779498557, 28.365396144830139 ], [ -81.427846136295443, 28.365388338378715 ], [ -81.427837294114994, 28.365387123199532 ], [ -81.42783865091242, 28.365379316747969 ], [ -81.427847493092059, 28.365380531927062 ], [ -81.427848849888434, 28.365372725475215 ], [ -81.427857692067533, 28.365373940653431 ], [ -81.427859048862871, 28.365366134201373 ], [ -81.42786789104143, 28.365367349378765 ], [ -81.427870604629732, 28.365351736473908 ], [ -81.427879446806955, 28.365352951650411 ], [ -81.427883517185137, 28.365329532291515 ], [ -81.427874675010301, 28.36532831711526 ], [ -81.427877388596102, 28.365312704208623 ], [ -81.427868546423113, 28.365311489031857 ], [ -81.427869903216447, 28.36530368257835 ], [ -81.42786106104451, 28.365302467400895 ], [ -81.427862417838384, 28.365294660947317 ], [ -81.427853575667498, 28.365293445769233 ], [ -81.427852218872843, 28.365301252222753 ], [ -81.427816850188691, 28.365296391502703 ], [ -81.427814136592232, 28.365312004408437 ], [ -81.427805294420239, 28.365310789226395 ], [ -81.427803937620823, 28.365318595678914 ], [ -81.427795095448303, 28.365317380496077 ], [ -81.42779373864785, 28.365325186948354 ], [ -81.427784896474776, 28.365323971764699 ], [ -81.427783539673257, 28.365331778216682 ], [ -81.427765855326271, 28.365329347846981 ], [ -81.427767212129353, 28.365321541395126 ], [ -81.427749527784968, 28.365319111022643 ], [ -81.427752241393605, 28.365303498118781 ], [ -81.427743399223388, 28.365302282931598 ], [ -81.427744756028119, 28.365294476479551 ], [ -81.427735913858953, 28.365293261291686 ], [ -81.427737270664224, 28.36528545483953 ], [ -81.427728428496124, 28.365284239651032 ], [ -81.427731142107518, 28.365268626746332 ], [ -81.427722299941266, 28.365267411557308 ], [ -81.427725013553257, 28.365251798652068 ], [ -81.427716171388852, 28.365250583462473 ], [ -81.427718885001426, 28.365234970556688 ], [ -81.427727727164239, 28.365236185746117 ], [ -81.427731797578858, 28.365212766385849 ], [ -81.427722955418417, 28.36521155119674 ], [ -81.427724312223589, 28.365203744743066 ], [ -81.427715470064214, 28.365202529553265 ], [ -81.427716826869926, 28.365194723099478 ], [ -81.427707984711603, 28.365193507909009 ], [ -81.427709341517854, 28.365185701455172 ], [ -81.427700499360583, 28.36518448626407 ], [ -81.427699142553521, 28.365192292717825 ], [ -81.427672616080841, 28.365188647139863 ], [ -81.427676686508434, 28.365165227778814 ], [ -81.427667844353763, 28.36516401258498 ], [ -81.427669201163255, 28.365156206131026 ], [ -81.42766035900965, 28.365154990936482 ], [ -81.427663072629485, 28.36513937802825 ], [ -81.427645388326212, 28.36513694763736 ], [ -81.427646745137338, 28.365129141183161 ], [ -81.427637902986888, 28.365127925986673 ], [ -81.427639259798568, 28.365120119532381 ], [ -81.427630417649155, 28.365118904335301 ], [ -81.427631774461389, 28.365111097880881 ], [ -81.427622932313042, 28.365109882683143 ], [ -81.427627002750597, 28.365086463319198 ], [ -81.427618160604908, 28.36508524812098 ], [ -81.42761951741771, 28.365077441666052 ], [ -81.427610675273058, 28.365076226467188 ], [ -81.427612032086429, 28.365068420012154 ], [ -81.427603189942815, 28.36506720481264 ], [ -81.427604546756726, 28.365059398357534 ], [ -81.427586862471884, 28.365056967956505 ], [ -81.427588219287131, 28.365049161501382 ], [ -81.427579377145889, 28.365047946299839 ], [ -81.427583447592554, 28.365024526933762 ], [ -81.427574605453955, 28.365023311731715 ], [ -81.427575962269799, 28.365015505276098 ], [ -81.427567120132238, 28.365014290073436 ], [ -81.427576617841737, 28.36495964487975 ], [ -81.427585459973699, 28.364960860081794 ], [ -81.427592244040412, 28.364921827794859 ], [ -81.427601086168636, 28.364923042995759 ], [ -81.427602442980429, 28.364915236537762 ], [ -81.427611285108114, 28.364916451737837 ], [ -81.427612641918856, 28.364908645279563 ], [ -81.427621484046, 28.364909860478775 ], [ -81.42762284085569, 28.364902054020252 ], [ -81.427658209363656, 28.364906914809538 ], [ -81.427664993392412, 28.364867882512474 ], [ -81.427656151269034, 28.364866667316718 ], [ -81.427673789724864, 28.364765183324966 ], [ -81.427691473951143, 28.364767613713486 ], [ -81.42769011714995, 28.364775420175629 ], [ -81.427698959264276, 28.36477663536887 ], [ -81.427697602463624, 28.364784441830956 ], [ -81.427706444579002, 28.364785657023525 ], [ -81.427705087778889, 28.364793463485508 ], [ -81.427722772012004, 28.364795893868688 ], [ -81.427721415213242, 28.364803700330636 ], [ -81.427730257330978, 28.364804915521209 ], [ -81.427728900532756, 28.364812721983061 ], [ -81.427737742651544, 28.364813937173011 ], [ -81.427736385853876, 28.364821743634774 ], [ -81.427745227973716, 28.36482295882406 ], [ -81.427743871176588, 28.364830765285735 ], [ -81.427761555418627, 28.364833195662285 ], [ -81.427756128234023, 28.364864421507995 ], [ -81.427764970358595, 28.364865636695516 ], [ -81.427763613562618, 28.364873443156554 ], [ -81.427772455688256, 28.364874658343453 ], [ -81.427769742097141, 28.364890271265214 ], [ -81.427778584224626, 28.364891486451494 ], [ -81.427774513838457, 28.364914905833139 ], [ -81.427783355968586, 28.364916121018968 ], [ -81.427780642378153, 28.364931733939368 ], [ -81.42779832664236, 28.364934164309162 ], [ -81.427796969848373, 28.364941970769284 ], [ -81.427805811981656, 28.364943185953127 ], [ -81.427803098394492, 28.364958798872998 ], [ -81.427811940529637, 28.364960014056322 ], [ -81.427810583736473, 28.364967820516057 ], [ -81.427837110145788, 28.364971466061906 ], [ -81.427838466936564, 28.364963659601894 ], [ -81.427856151209113, 28.364966089961946 ], [ -81.427854794419943, 28.364973896422111 ], [ -81.427863636557404, 28.364975111601083 ], [ -81.427860922979903, 28.364990724521121 ], [ -81.427869765119212, 28.364991939699546 ], [ -81.42786840833088, 28.364999746159395 ], [ -81.427877250471241, 28.365000961337174 ], [ -81.42787453689543, 28.365016574256515 ], [ -81.427883379037638, 28.36501778943375 ], [ -81.427882022250145, 28.365025595893208 ], [ -81.427890864393419, 28.365026811069797 ], [ -81.42788950760648, 28.365034617529201 ], [ -81.427916034040166, 28.365038263054803 ], [ -81.427914677255373, 28.365046069514257 ], [ -81.427905835109755, 28.365044854339732 ], [ -81.42790447832391, 28.365052660798931 ], [ -81.427913320470324, 28.365053875973601 ], [ -81.427909250113686, 28.365077295350428 ], [ -81.427918092262743, 28.36507851052459 ], [ -81.427915378691978, 28.365094123441764 ], [ -81.427924220842883, 28.365095338615415 ], [ -81.427921507272714, 28.365110951532053 ], [ -81.42793034942548, 28.365112166705106 ], [ -81.427927635855895, 28.365127779621258 ], [ -81.427945320165364, 28.365130209965496 ], [ -81.427943963381807, 28.365138016423469 ], [ -81.427952805537714, 28.365139231594569 ], [ -81.427950091971425, 28.365154844510151 ], [ -81.42795893412918, 28.365156059680711 ], [ -81.427957577346461, 28.36516386613831 ], [ -81.427966419505267, 28.365165081308234 ], [ -81.427963705940655, 28.36518069422311 ], [ -81.427972548101323, 28.365181909392447 ], [ -81.427969834537308, 28.365197522306854 ], [ -81.427978676699823, 28.36519873747563 ], [ -81.42797596313639, 28.365214350389465 ], [ -81.427984805300753, 28.365215565557683 ], [ -81.427982091737917, 28.365231178471007 ], [ -81.427990933904127, 28.365232393638649 ], [ -81.427989577123128, 28.36524020009514 ], [ -81.42799841929039, 28.36524141526214 ], [ -81.427995705729245, 28.365257028174732 ], [ -81.428004547898354, 28.365258243341181 ], [ -81.428003191118194, 28.365266049797285 ], [ -81.428012033288354, 28.365267264963094 ], [ -81.428009319728901, 28.365282877875021 ], [ -81.428018161900908, 28.365284093040223 ], [ -81.428016805121601, 28.365291899496036 ], [ -81.42802564729466, 28.365293114660595 ], [ -81.428024290515893, 28.365300921116287 ], [ -81.428033132690018, 28.365302136280242 ], [ -81.428031775911791, 28.365309942735827 ], [ -81.428040618086953, 28.365311157899118 ], [ -81.428039261309294, 28.365318964354664 ], [ -81.428048103485509, 28.365320179517262 ], [ -81.428045389931015, 28.365335792427963 ], [ -81.428054232109076, 28.365337007590018 ], [ -81.428052875332241, 28.365344814045184 ], [ -81.428061717511355, 28.365346029206616 ], [ -81.428059003958552, 28.365361642116554 ], [ -81.428067846139513, 28.36536285727745 ], [ -81.42806648936353, 28.365370663732254 ], [ -81.428075331545543, 28.365371878892496 ], [ -81.428072617994431, 28.365387491801709 ], [ -81.428081460178291, 28.365388706961411 ], [ -81.428078746627747, 28.36540431987013 ], [ -81.428087588813469, 28.365405535029232 ], [ -81.428086232038623, 28.365413341483443 ], [ -81.428103916412411, 28.365415771799587 ], [ -81.428102559638901, 28.365423578253807 ], [ -81.428111401826982, 28.365424793410874 ], [ -81.428110045054027, 28.365432599864992 ], [ -81.428118887243144, 28.365433815021412 ], [ -81.428117530470743, 28.365441621475437 ], [ -81.428126372660913, 28.365442836631214 ], [ -81.428120945571962, 28.365474062445831 ], [ -81.428138629959449, 28.365476492755874 ], [ -81.428137273188185, 28.365484299209246 ], [ -81.4281461153831, 28.365485514363257 ], [ -81.428144758612376, 28.365493320816601 ], [ -81.428153600808358, 28.365494535969944 ], [ -81.428148173726143, 28.365525761781704 ], [ -81.428157015925578, 28.365526976934724 ], [ -81.428155659155181, 28.365534783387307 ], [ -81.428164501355653, 28.365535998539638 ], [ -81.428161787815739, 28.365551611444467 ], [ -81.428170630018045, 28.365552826596236 ], [ -81.428169273248514, 28.365560633048506 ], [ -81.428178115451885, 28.365561848199615 ], [ -81.428176758682895, 28.365569654651775 ], [ -81.428185600887318, 28.36557086980223 ], [ -81.428184244118881, 28.365578676254305 ], [ -81.428193086324356, 28.365579891404128 ], [ -81.428190372788308, 28.365595504307944 ], [ -81.42819921499563, 28.365596719457194 ], [ -81.428197858228017, 28.365604525908893 ], [ -81.428206700436405, 28.365605741057518 ], [ -81.428203986902034, 28.365621353960602 ], [ -81.428212829112269, 28.365622569108634 ], [ -81.428208758811223, 28.365645988462195 ], [ -81.428217601024102, 28.365647203609782 ], [ -81.428214887490412, 28.365662816511477 ], [ -81.428223729705138, 28.36566403165849 ], [ -81.42822237293872, 28.365671838109147 ], [ -81.428231215154483, 28.365673053255499 ], [ -81.428228501622499, 28.365688666156473 ], [ -81.428237343840109, 28.365689881302323 ], [ -81.42823598707453, 28.365697687752551 ], [ -81.428244829293192, 28.365698902897734 ], [ -81.428242115762885, 28.365714515798018 ], [ -81.428250957983408, 28.365715730942654 ], [ -81.428249601218667, 28.365723537392583 ], [ -81.428258443440242, 28.365724752536529 ], [ -81.428257086676055, 28.365732558986384 ], [ -81.428265928898682, 28.365733774129751 ], [ -81.42826321537116, 28.365749387029062 ], [ -81.428272057595635, 28.365750602171808 ], [ -81.428270700832272, 28.365758408621353 ], [ -81.428279543057798, 28.365759623763459 ], [ -81.428278186295003, 28.365767430212877 ], [ -81.428287028521581, 28.365768645354322 ], [ -81.42828431499683, 28.365784258252809 ], [ -81.428293157225255, 28.3657854733937 ], [ -81.428290443701101, 28.365801086291693 ], [ -81.428299285931374, 28.36580230143198 ], [ -81.428297929169702, 28.365810107880783 ], [ -81.42830677140104, 28.365811323020502 ], [ -81.428304057878549, 28.365826935917742 ], [ -81.42831290011172, 28.365828151056853 ], [ -81.428311543350915, 28.365835957505301 ], [ -81.428320385585138, 28.365837172643793 ], [ -81.428319028824873, 28.365844979092152 ], [ -81.428327871060134, 28.365846194229977 ], [ -81.428325157540442, 28.365861807126333 ], [ -81.428333999777564, 28.365863022263618 ], [ -81.428331286258469, 28.365878635159454 ], [ -81.428340128497439, 28.365879850296167 ], [ -81.428338771738311, 28.365887656743904 ], [ -81.428347613978332, 28.365888871879999 ], [ -81.428344900460928, 28.36590448477515 ], [ -81.428353742702797, 28.365905699910641 ], [ -81.428352385944507, 28.365913506357998 ], [ -81.428361228187441, 28.365914721492903 ], [ -81.4283585146717, 28.365930334387308 ], [ -81.428367356916482, 28.36593154952158 ], [ -81.428366000159031, 28.365939355968656 ], [ -81.428374842404864, 28.365940571102289 ], [ -81.428373485647953, 28.36594837754923 ], [ -81.428382327894852, 28.365949592682224 ], [ -81.428380971138481, 28.36595739912908 ], [ -81.428389813386417, 28.365958614261462 ], [ -81.428388456630614, 28.365966420708183 ], [ -81.428397298879588, 28.365967635839922 ], [ -81.428395942124325, 28.365975442286611 ], [ -81.428404784374379, 28.365976657417679 ], [ -81.428403427619656, 28.365984463864265 ], [ -81.428429954373669, 28.365988109253255 ], [ -81.428431311125991, 28.365980302806417 ], [ -81.428457837879918, 28.365983948188514 ], [ -81.428459194629596, 28.365976141741218 ], [ -81.428476879131878, 28.365978571992162 ], [ -81.428479592627298, 28.365962959096677 ], [ -81.42849727712742, 28.365965389344272 ], [ -81.428498633873161, 28.365957582896097 ], [ -81.428507476122803, 28.365958798018699 ], [ -81.428508832867493, 28.365950991570291 ], [ -81.428517675116581, 28.365952206692068 ], [ -81.428519031860233, 28.365944400243389 ], [ -81.428527874108795, 28.365945615364325 ], [ -81.428529230851382, 28.365937808915398 ], [ -81.428538073099389, 28.365939024035505 ], [ -81.428540786582246, 28.365923411136869 ], [ -81.428558471075846, 28.365925841374619 ], [ -81.428559827815292, 28.365918034924885 ], [ -81.428586354555208, 28.365921680275683 ], [ -81.428587711292025, 28.365913873825516 ], [ -81.428596553538355, 28.365915088940877 ], [ -81.428597910274121, 28.365907282490451 ], [ -81.428606752519926, 28.365908497605002 ], [ -81.42860810925464, 28.36590069115427 ], [ -81.428616951499905, 28.365901906268029 ], [ -81.428618308233567, 28.365894099817012 ], [ -81.428627150478292, 28.365895314929986 ], [ -81.428628507210917, 28.365887508478686 ], [ -81.428637349455073, 28.365888723590782 ], [ -81.428638706186661, 28.365880917139261 ], [ -81.428656390674178, 28.365883347361098 ], [ -81.428659104133374, 28.365867734457161 ], [ -81.428667946375924, 28.365868949566796 ], [ -81.428669303104343, 28.365861143114508 ], [ -81.428678145346353, 28.365862358223318 ], [ -81.428679502073734, 28.365854551770763 ], [ -81.428697186556903, 28.365856981985964 ], [ -81.428698543282437, 28.365849175533032 ], [ -81.428716227765022, 28.365851605745132 ], [ -81.428717584488723, 28.365843799291856 ], [ -81.428726426729597, 28.365845014396744 ], [ -81.428727783452246, 28.36583720794318 ], [ -81.428736625692579, 28.365838423047265 ], [ -81.428737982414177, 28.365830616593428 ], [ -81.428746824653985, 28.365831831696624 ], [ -81.428748181374516, 28.365824025242588 ], [ -81.42875702361377, 28.365825240344979 ], [ -81.428758380333264, 28.365817433890655 ], [ -81.428767222571963, 28.365818648992224 ], [ -81.42876857929042, 28.365810842537652 ], [ -81.428777421528594, 28.36581205763839 ], [ -81.428778778245984, 28.365804251183562 ], [ -81.428787620483604, 28.365805466283458 ], [ -81.428788977199957, 28.365797659828335 ], [ -81.428797819437037, 28.365798874927439 ], [ -81.428799176152339, 28.365791068472067 ], [ -81.428816860625673, 28.365793498667887 ], [ -81.428818217339142, 28.365785692212174 ], [ -81.428827059575397, 28.365786907308873 ], [ -81.4288284162878, 28.365779100852901 ], [ -81.428837258523501, 28.365780315948761 ], [ -81.428838615234866, 28.365772509492533 ], [ -81.428847457470042, 28.365773724587608 ], [ -81.428848814180341, 28.365765918131082 ], [ -81.428857656414962, 28.365767133225308 ], [ -81.428859013124224, 28.365759326768554 ], [ -81.428867855358305, 28.365760541861942 ], [ -81.428870568774499, 28.365744928947699 ], [ -81.42887941100723, 28.365746144040202 ], [ -81.428880767714148, 28.365738337582762 ], [ -81.428889609946339, 28.365739552674434 ], [ -81.428890966652204, 28.365731746216692 ], [ -81.428908651115776, 28.365734176397705 ], [ -81.428910007819809, 28.365726369939587 ], [ -81.428918850051176, 28.365727585028885 ], [ -81.428921563456854, 28.365711972112024 ], [ -81.428912721227093, 28.365710757022882 ], [ -81.42891679133615, 28.365687337646442 ], [ -81.428907949109032, 28.365686122556845 ], [ -81.428909305812354, 28.365678316097782 ], [ -81.428918148038676, 28.365679531187258 ], [ -81.428919504740946, 28.36567172472796 ], [ -81.428937189192766, 28.365674154904603 ], [ -81.428938545893189, 28.365666348444918 ], [ -81.428947388118686, 28.365667563532089 ], [ -81.428948744818058, 28.365659757072105 ], [ -81.428957587043016, 28.365660972158459 ], [ -81.428958943741335, 28.365653165698262 ], [ -81.428967785965739, 28.365654380783713 ], [ -81.428969142663021, 28.36564657432324 ], [ -81.428977984886899, 28.365647789407923 ], [ -81.428979341583116, 28.365639982947194 ], [ -81.428997026030018, 28.365642413114141 ], [ -81.428998382724401, 28.365634606653057 ], [ -81.429007224947441, 28.365635821735339 ], [ -81.429008581640772, 28.365628015274002 ], [ -81.428999739418543, 28.365626800191809 ], [ -81.42900109611243, 28.365618993730386 ], [ -81.428992253891252, 28.365617778647511 ], [ -81.428993610585678, 28.36560997218599 ], [ -81.428984768365538, 28.365608757102475 ], [ -81.428991551837925, 28.365569724792628 ], [ -81.428982709622034, 28.365568509708815 ], [ -81.428988136398615, 28.365537283858124 ], [ -81.428979294186178, 28.365536068773956 ], [ -81.428980650880476, 28.365528262310917 ], [ -81.428971808669075, 28.365527047226113 ], [ -81.428977235447036, 28.36549582137258 ], [ -81.428986077655239, 28.365497036457068 ], [ -81.428991504426008, 28.365465810600394 ], [ -81.42900034663127, 28.365467025683735 ], [ -81.429001703322541, 28.365459219219058 ], [ -81.429010545527262, 28.365460434301635 ], [ -81.429009188836801, 28.36546824076644 ], [ -81.429018031042574, 28.365469455848356 ], [ -81.429016674352653, 28.365477262313075 ], [ -81.429025516559491, 28.365478477394312 ], [ -81.42902415987011, 28.365486283858949 ], [ -81.429033002078, 28.365487498939586 ], [ -81.429031645389188, 28.365495305404089 ], [ -81.429040487598115, 28.365496520484065 ], [ -81.429039130909842, 28.365504326948486 ], [ -81.429109868596868, 28.365514047562552 ], [ -81.42911122527876, 28.365506241097425 ], [ -81.429128909701475, 28.365508671243408 ], [ -81.42913026638152, 28.365500864777928 ], [ -81.429147950803653, 28.365503294920824 ], [ -81.429149307481865, 28.36549548845495 ], [ -81.429158149692498, 28.365496703525203 ], [ -81.429159506369672, 28.365488897059127 ], [ -81.429168348579779, 28.365490112128512 ], [ -81.429171061931754, 28.365474499195624 ], [ -81.429179904140511, 28.365475714264164 ], [ -81.4291826174899, 28.365460101330388 ], [ -81.42916493307581, 28.365457671192953 ], [ -81.429170359777942, 28.36542644532399 ], [ -81.429179201981668, 28.365427660392719 ], [ -81.429184628676609, 28.365396434520584 ], [ -81.429175786476065, 28.365395219452218 ], [ -81.429181213170182, 28.365363993577578 ], [ -81.429145844383328, 28.365359133298167 ], [ -81.429147201059422, 28.365351326829419 ], [ -81.429138358864151, 28.36535011175782 ], [ -81.429141072217163, 28.365334498819973 ], [ -81.42913223002374, 28.36533328374783 ], [ -81.429133586700672, 28.36532547727872 ], [ -81.429142428893314, 28.365326692350799 ], [ -81.429143785569195, 28.365318885881443 ], [ -81.429134943377363, 28.365317670809439 ], [ -81.429136300053784, 28.365309864339984 ], [ -81.429127457863004, 28.365308649267334 ], [ -81.429128814539993, 28.365300842797819 ], [ -81.42911997235025, 28.365299627724518 ], [ -81.429133539114233, 28.365221563020356 ], [ -81.429142381295975, 28.365222778092782 ], [ -81.429143737970207, 28.365214971621327 ], [ -81.429134895789247, 28.365213756548997 ], [ -81.429136252464019, 28.365205950077435 ], [ -81.42914509464417, 28.36520716514967 ], [ -81.429146451317891, 28.365199358677824 ], [ -81.429164135677382, 28.365201788819945 ], [ -81.429165492349256, 28.365193982347812 ], [ -81.429183176708179, 28.365196412486796 ], [ -81.429188603386805, 28.365165186595593 ], [ -81.429197445563446, 28.365166401663625 ], [ -81.429196088894983, 28.365174208136793 ], [ -81.429266826323712, 28.365183928655345 ], [ -81.429268182985808, 28.36517612218147 ], [ -81.42928586734395, 28.3651785523036 ], [ -81.429283154022684, 28.365194165251488 ], [ -81.42929199620373, 28.365195380311576 ], [ -81.429290639543524, 28.365203186785337 ], [ -81.429299481725621, 28.3652044018448 ], [ -81.429298125065941, 28.365212208318464 ], [ -81.42930696724909, 28.365213423377305 ], [ -81.429304253930624, 28.365229036324269 ], [ -81.429330780486353, 28.365232681496888 ], [ -81.429329423829131, 28.365240487970347 ], [ -81.429382476952284, 28.36524777829618 ], [ -81.429387903560553, 28.365216552399104 ], [ -81.429405587930589, 28.36521898250118 ], [ -81.429409657879361, 28.365195563075968 ], [ -81.429418500062383, 28.365196778125632 ], [ -81.42941985671068, 28.365188971650145 ], [ -81.429428698893147, 28.365190186698968 ], [ -81.429427342245646, 28.365197993174544 ], [ -81.429436184429164, 28.36519920822273 ], [ -81.429434827782202, 28.36520701469825 ], [ -81.429443669966787, 28.36520822974574 ], [ -81.429442313320365, 28.365216036221163 ], [ -81.429451155505987, 28.365217251268067 ], [ -81.429447085567659, 28.365240670693478 ], [ -81.429455927755924, 28.365241885739881 ], [ -81.429453214464047, 28.365257498689495 ], [ -81.42946205665416, 28.365258713735397 ], [ -81.429460700008647, 28.36526652021001 ], [ -81.429478384391231, 28.365268950299669 ], [ -81.429477027747055, 28.365276756774282 ], [ -81.429485869939541, 28.365277971818102 ], [ -81.429484513295904, 28.36528577829263 ], [ -81.429528724266078, 28.365291853501152 ], [ -81.429530080905707, 28.365284047026204 ], [ -81.429574291878254, 28.365290122215871 ], [ -81.429575648513648, 28.365282315740295 ], [ -81.429584490708123, 28.36528353077593 ], [ -81.42958584734248, 28.365275724300108 ], [ -81.429603531730592, 28.36527815436904 ], [ -81.429604888363102, 28.365270347892828 ], [ -81.429613730556738, 28.365271562926079 ], [ -81.429615087188211, 28.365263756449625 ], [ -81.429623929381307, 28.365264971482077 ], [ -81.429626642641878, 28.365249358528441 ], [ -81.429635484833639, 28.365250573559948 ], [ -81.429640911348613, 28.365219347650239 ], [ -81.429667437915825, 28.365222992739383 ], [ -81.429676934290612, 28.365168347388781 ], [ -81.429650407740127, 28.365164702301481 ], [ -81.429653120992597, 28.36514908934307 ], [ -81.429635436630065, 28.365146659281603 ], [ -81.429636793257515, 28.365138852802311 ], [ -81.429627951077435, 28.36513763777052 ], [ -81.429629307705426, 28.365129831291203 ], [ -81.429620465526384, 28.365128616258765 ], [ -81.429623178783231, 28.365113003299683 ], [ -81.429649705316322, 28.365116648394196 ], [ -81.429651061941968, 28.365108841914104 ], [ -81.429659904119376, 28.365110056944093 ], [ -81.429661260743984, 28.365102250463725 ], [ -81.429687787275327, 28.365105895548929 ], [ -81.429691857140469, 28.365082476106085 ], [ -81.429700699315688, 28.365083691132778 ], [ -81.429702055936104, 28.365075884651397 ], [ -81.429710898110798, 28.365077099677237 ], [ -81.429712254730163, 28.365069293195567 ], [ -81.429721096904316, 28.365070508220541 ], [ -81.429722453522629, 28.365062701738673 ], [ -81.429713611349271, 28.365061486713756 ], [ -81.429717681205105, 28.365038067267204 ], [ -81.429708839034404, 28.365036852241822 ], [ -81.429710195653314, 28.365029045759357 ], [ -81.429701353483665, 28.365027830733297 ], [ -81.429704066722323, 28.365012217768072 ], [ -81.429695224554521, 28.365011002741443 ], [ -81.429697937793776, 28.364995389775682 ], [ -81.429689095627822, 28.364994174748531 ], [ -81.429690452247868, 28.364986368265448 ], [ -81.429681610082966, 28.364985153237633 ], [ -81.429682966703552, 28.36497734675444 ], [ -81.429674124539716, 28.364976131726003 ], [ -81.429676837781727, 28.364960518759371 ], [ -81.429667995619738, 28.364959303730316 ], [ -81.429669352241177, 28.364951497246828 ], [ -81.429660510080211, 28.364950282217137 ], [ -81.429661866702205, 28.364942475733546 ], [ -81.429670708862346, 28.364943690763134 ], [ -81.429672065483288, 28.364935884279312 ], [ -81.429680907642904, 28.364937099308058 ], [ -81.42968226426278, 28.364929292823923 ], [ -81.429691106421856, 28.364930507851888 ], [ -81.429692463040695, 28.36492270136748 ], [ -81.429701305199217, 28.364923916394631 ], [ -81.429702661817004, 28.364916109910002 ], [ -81.429711503975, 28.364917324936307 ], [ -81.429712860591749, 28.364909518451377 ], [ -81.429721702749163, 28.364910733476837 ], [ -81.429723059364875, 28.364902926991693 ], [ -81.429740743678906, 28.364905357040229 ], [ -81.429742100292756, 28.364897550554733 ], [ -81.429768626763348, 28.364901195621769 ], [ -81.429769983374555, 28.364893389135805 ], [ -81.429778825531116, 28.364894604156614 ], [ -81.429780182141272, 28.364886797670383 ], [ -81.42980670861013, 28.364890442728122 ], [ -81.429808065217657, 28.364882636241433 ], [ -81.429816907373649, 28.364883851259126 ], [ -81.42981826398011, 28.364876044772227 ], [ -81.429844790447234, 28.364879689820601 ], [ -81.42984343384316, 28.364887496307759 ], [ -81.429852276000162, 28.364888711322507 ], [ -81.429849562792853, 28.364904324296518 ], [ -81.429858404951716, 28.36490553931074 ], [ -81.429857048348481, 28.364913345797543 ], [ -81.429865890508395, 28.364914560811091 ], [ -81.429863177302764, 28.364930173784394 ], [ -81.429880861626543, 28.364932603809617 ], [ -81.429879505024942, 28.364940410296217 ], [ -81.429888347188012, 28.364941625307765 ], [ -81.429886990586965, 28.364949431794265 ], [ -81.429895832751086, 28.364950646805191 ], [ -81.429893119549831, 28.364966259777788 ], [ -81.4299019617158, 28.364967474788177 ], [ -81.429899248515142, 28.364983087760283 ], [ -81.429908090682943, 28.3649843027701 ], [ -81.429906734083048, 28.364992109255958 ], [ -81.429915576251915, 28.3649933242651 ], [ -81.429914219652545, 28.36500113075093 ], [ -81.429923061822464, 28.365002345759454 ], [ -81.429921705223649, 28.365010152245116 ], [ -81.429983600425786, 28.365018657284818 ], [ -81.429984957019016, 28.365010850798527 ], [ -81.430011483535651, 28.365014495804221 ], [ -81.430012840126238, 28.365006689317458 ], [ -81.430030524470325, 28.365009119317438 ], [ -81.430031881059065, 28.365001312830351 ], [ -81.430040723230704, 28.36500252782912 ], [ -81.430042079818392, 28.36499472134178 ], [ -81.430050921989491, 28.364995936339724 ], [ -81.430052278576127, 28.364988129852112 ], [ -81.430061120746672, 28.364989344849278 ], [ -81.430063833917643, 28.364973731873327 ], [ -81.430072676086837, 28.364974946869584 ], [ -81.430076745839003, 28.364951527404045 ], [ -81.430085588006065, 28.364952742399282 ], [ -81.43008965775357, 28.364929322931982 ], [ -81.430098499918515, 28.36493053792621 ], [ -81.430099856499709, 28.364922731436653 ], [ -81.430117540828732, 28.364925161422718 ], [ -81.430118897408093, 28.364917354932832 ], [ -81.430110055244256, 28.364916139940227 ], [ -81.430111411824157, 28.364908333450259 ], [ -81.430102569661372, 28.36490711845703 ], [ -81.430105282822026, 28.364891505476667 ], [ -81.430096440661089, 28.364890290482883 ], [ -81.430097797241828, 28.364882483992528 ], [ -81.430088955081942, 28.364881268998104 ], [ -81.430090311663236, 28.364873462507642 ], [ -81.430046100871593, 28.364867387524814 ], [ -81.430048814041399, 28.364851774544306 ], [ -81.430039971885421, 28.364850559545729 ], [ -81.430042685055838, 28.364834946564685 ], [ -81.430033842901722, 28.364833731565508 ], [ -81.430039269242712, 28.364802505601642 ], [ -81.430048111393646, 28.364803720600438 ], [ -81.430049467977469, 28.364795914108946 ], [ -81.430075994429401, 28.364799559100714 ], [ -81.430077351010596, 28.364791752608788 ], [ -81.430086193160946, 28.364792967604458 ], [ -81.430091619479981, 28.36476174163462 ], [ -81.430082777332814, 28.364760526639277 ], [ -81.430086847071848, 28.364737107160341 ], [ -81.43010453136165, 28.364739537149767 ], [ -81.430103174783824, 28.364747343643081 ], [ -81.430120859076226, 28.364749773629736 ], [ -81.43011950249975, 28.364757580123062 ], [ -81.430128344647144, 28.364758795115371 ], [ -81.43012698807118, 28.364766601608626 ], [ -81.430135830219626, 28.364767816600295 ], [ -81.43013447364423, 28.36477562309345 ], [ -81.430143315793714, 28.36477683808447 ], [ -81.430144672368328, 28.364769031591194 ], [ -81.430153514517272, 28.364770246581415 ], [ -81.430154871090821, 28.364762440087901 ], [ -81.430163713239224, 28.364763655077258 ], [ -81.430165069811721, 28.364755848583506 ], [ -81.430182754107705, 28.364758278559851 ], [ -81.430184110678354, 28.364750472065772 ], [ -81.430210637121831, 28.364754117024475 ], [ -81.430209280553569, 28.364761923518873 ], [ -81.430218122702698, 28.364763138503729 ], [ -81.43021676613499, 28.364770944998035 ], [ -81.43022560828517, 28.364772159982262 ], [ -81.430224251718002, 28.364779966476455 ], [ -81.430233093869234, 28.364781181460025 ], [ -81.430234450435606, 28.364773374965765 ], [ -81.430243292586297, 28.364774589948471 ], [ -81.430244649151632, 28.364766783453938 ], [ -81.430253491301769, 28.364767998435866 ], [ -81.43025620443008, 28.364752385446042 ], [ -81.430265046578896, 28.364753600427044 ], [ -81.430267759704606, 28.364737987436367 ], [ -81.430276601852071, 28.364739202416452 ], [ -81.430277958413754, 28.364731395920753 ], [ -81.43028680056068, 28.364732610900045 ], [ -81.430288157121296, 28.364724804404055 ], [ -81.430296999267682, 28.364726019382484 ], [ -81.43030378206312, 28.364686986899599 ], [ -81.430339150635248, 28.364691846804345 ], [ -81.430329654742224, 28.364746492281629 ], [ -81.430338496891466, 28.364747707256605 ], [ -81.430335783778517, 28.364763320248738 ], [ -81.43040652099441, 28.364773040023284 ], [ -81.430407877544638, 28.364765233526647 ], [ -81.430416719696964, 28.364766448495104 ], [ -81.430419432795077, 28.364750835501031 ], [ -81.430428274946067, 28.36475205046855 ], [ -81.430426918397941, 28.364759856965772 ], [ -81.430453444854834, 28.364763501864157 ], [ -81.430454801400572, 28.364755695366718 ], [ -81.43047248570484, 28.364758125295111 ], [ -81.43047384224873, 28.364750318797288 ], [ -81.430482684400459, 28.364751533760298 ], [ -81.430484040943298, 28.364743727262216 ], [ -81.430492883094473, 28.364744942224444 ], [ -81.430495596177806, 28.3647293292276 ], [ -81.430504438327659, 28.364730544188863 ], [ -81.430505794868139, 28.364722737690091 ], [ -81.430514637017438, 28.364723952650564 ], [ -81.430517350096096, 28.364708339652296 ], [ -81.430526192244045, 28.364709554611878 ], [ -81.430527548782194, 28.364701748112399 ], [ -81.430536390929603, 28.3647029630711 ], [ -81.430539104003557, 28.364687350071438 ], [ -81.43054794614963, 28.364688565029276 ], [ -81.430549302685435, 28.364680758529076 ], [ -81.430558144830954, 28.364681973486096 ], [ -81.430559501365721, 28.364674166985669 ], [ -81.4305683435107, 28.364675381941819 ], [ -81.430566986976743, 28.364683188442356 ], [ -81.430575829122773, 28.364684403397849 ], [ -81.430574472589356, 28.36469220989828 ], [ -81.430583314736452, 28.364693424853218 ], [ -81.430581958203589, 28.364701231353528 ], [ -81.430590800351723, 28.364702446307742 ], [ -81.430589443819414, 28.364710252808042 ], [ -81.4305982859686, 28.364711467761637 ], [ -81.430596929436831, 28.36471927426178 ], [ -81.430605771587068, 28.364720489214694 ], [ -81.430604415055853, 28.364728295714777 ], [ -81.430613257207156, 28.36472951066709 ], [ -81.430602404954712, 28.364791962662139 ], [ -81.430611247112637, 28.364793177614391 ], [ -81.43060989058074, 28.364800984113103 ], [ -81.430618732739731, 28.364802199064712 ], [ -81.430617376208389, 28.364810005563271 ], [ -81.430626218368417, 28.364811220514248 ], [ -81.430623505306599, 28.364826833511064 ], [ -81.430632347468475, 28.364828048461444 ], [ -81.430630990937971, 28.364835854959697 ], [ -81.430639833100912, 28.36483706990942 ], [ -81.430638476570962, 28.364844876407602 ], [ -81.430647318734941, 28.364846091356686 ], [ -81.430645962205546, 28.364853897854733 ], [ -81.430654804370576, 28.364855112803163 ], [ -81.430653447841721, 28.364862919301142 ], [ -81.430662290007803, 28.36486413424895 ], [ -81.430660933479487, 28.364871940746848 ], [ -81.430687459981669, 28.364875585586102 ], [ -81.430690173033241, 28.364859972589617 ], [ -81.430699015199551, 28.364861187534416 ], [ -81.430700371724186, 28.364853381035804 ], [ -81.430709213889941, 28.364854595979743 ], [ -81.430706500842035, 28.364870208976939 ], [ -81.430715343009652, 28.364871423920299 ], [ -81.430712629962358, 28.36488703691694 ], [ -81.430721472131822, 28.364888251859803 ], [ -81.43071875908511, 28.364903864855897 ], [ -81.430727601256422, 28.364905079798188 ], [ -81.430724888210293, 28.364920692793742 ], [ -81.430733730383452, 28.364921907735461 ], [ -81.43073237386082, 28.364929714233089 ], [ -81.430750058209497, 28.364932144114476 ], [ -81.430751414730537, 28.364924337616657 ], [ -81.430777941253069, 28.36492798243296 ], [ -81.430779297771451, 28.364920175934731 ], [ -81.430788139945349, 28.364921390871931 ], [ -81.430786783427749, 28.364929197370238 ], [ -81.430813309953322, 28.364932842177751 ], [ -81.430814666468521, 28.364925035679143 ], [ -81.430858877345585, 28.364931110343118 ], [ -81.430861590367272, 28.364915497344587 ], [ -81.430870432541866, 28.364916712274933 ], [ -81.430869076031939, 28.364924518774433 ], [ -81.430877918207571, 28.364925733704197 ], [ -81.430876561698184, 28.364933540203541 ], [ -81.430885403874868, 28.364934755132658 ], [ -81.430886760383459, 28.364926948633212 ], [ -81.430984024334961, 28.36494031280402 ], [ -81.430982667835167, 28.364948119304465 ], [ -81.431000352194872, 28.364950549144297 ], [ -81.430998995696413, 28.364958355644692 ], [ -81.431007837877445, 28.364959570563578 ], [ -81.431006481379526, 28.364967377063927 ], [ -81.431015323561624, 28.364968591982191 ], [ -81.431013967064246, 28.364976398482437 ], [ -81.431022809247395, 28.364977613400061 ], [ -81.431021452750556, 28.364985419900211 ], [ -81.431030294934772, 28.364986634817157 ], [ -81.431028938438487, 28.364994441317219 ], [ -81.431037780623726, 28.364995656233525 ], [ -81.431036424127996, 28.365003462733512 ], [ -81.431054108500845, 28.365005892564081 ], [ -81.431052752006451, 28.36501369906409 ], [ -81.431061594194063, 28.365014913978378 ], [ -81.431060237700223, 28.365022720478283 ], [ -81.431042553323664, 28.365020290648786 ], [ -81.431041196827977, 28.365028097148315 ], [ -81.431032354639299, 28.365026882232353 ], [ -81.43103099814256, 28.365034688731676 ], [ -81.431022155953329, 28.36503347381489 ], [ -81.431019442957506, 28.365049086812721 ], [ -81.431010600766925, 28.365047871895069 ], [ -81.431007887768516, 28.36506348489203 ], [ -81.430999045576613, 28.365062269973453 ], [ -81.430997689076221, 28.365070076471561 ], [ -81.430980004691563, 28.365067646632038 ], [ -81.430973222177926, 28.365106679119162 ], [ -81.43098206437412, 28.365107894039724 ], [ -81.430980707871441, 28.365115700536712 ], [ -81.43100723446392, 28.365119345294247 ], [ -81.431005877963401, 28.365127151791324 ], [ -81.431014720162182, 28.365128366709168 ], [ -81.431016076661919, 28.365120560212002 ], [ -81.431024918860189, 28.365121775128959 ], [ -81.431023562361233, 28.365129581626231 ], [ -81.43103240456054, 28.365130796542559 ], [ -81.431031048062152, 28.3651386030397 ], [ -81.431048732463125, 28.365141032870344 ], [ -81.431047375966074, 28.365148839367514 ], [ -81.431056218167726, 28.365150054281834 ], [ -81.431054861671242, 28.365157860778901 ], [ -81.431063703873946, 28.365159075692535 ], [ -81.431062347377974, 28.365166882189506 ], [ -81.431071189581758, 28.365168097102508 ], [ -81.43106983308634, 28.3651759035994 ], [ -81.431078675291161, 28.365177118511756 ], [ -81.431077318796284, 28.365184925008549 ], [ -81.43108616100217, 28.365186139920272 ], [ -81.431087517496223, 28.365178333423373 ], [ -81.431105201907144, 28.36518076324446 ], [ -81.431106558399364, 28.365172956747227 ], [ -81.431115400604398, 28.365174171656541 ], [ -81.431116757095594, 28.365166365159052 ], [ -81.431125599300074, 28.36516758006751 ], [ -81.431126955790219, 28.365159773569758 ], [ -81.431144640198369, 28.365162203384415 ], [ -81.431145996686666, 28.365154396886243 ], [ -81.431154838890322, 28.365155611792389 ], [ -81.431156195377568, 28.36514780529399 ], [ -81.431182721987696, 28.365151450007723 ], [ -81.431184078472285, 28.365143643508901 ], [ -81.431201762878715, 28.365146073314154 ], [ -81.43120311936147, 28.365138266815006 ], [ -81.431211961564259, 28.365139481716465 ], [ -81.431213318045963, 28.365131675217047 ], [ -81.431222160248225, 28.365132890117664 ], [ -81.431220803767332, 28.365140696617178 ], [ -81.431229645970632, 28.365141911517146 ], [ -81.431228289490264, 28.36514971801661 ], [ -81.43123713169463, 28.365150932915945 ], [ -81.431235775214816, 28.365158739415293 ], [ -81.431244617420219, 28.365159954313931 ], [ -81.43123919150166, 28.365191180309903 ], [ -81.431248033710531, 28.365192395208204 ], [ -81.431238538348993, 28.365247040695007 ], [ -81.431229696134551, 28.365245825796123 ], [ -81.431224270204964, 28.365277051784339 ], [ -81.431215427987595, 28.36527583688434 ], [ -81.431207289080916, 28.365322675860845 ], [ -81.431189604637382, 28.365320246057614 ], [ -81.431188248150448, 28.365328052552922 ], [ -81.431179405928276, 28.36532683765012 ], [ -81.431178049440291, 28.365334644145154 ], [ -81.431169207217565, 28.36533342924152 ], [ -81.431167850728556, 28.365341235736256 ], [ -81.431150166282265, 28.36533880592663 ], [ -81.431148809791409, 28.36534661242105 ], [ -81.431042703125428, 28.365332033500266 ], [ -81.431041346624738, 28.365339839993435 ], [ -81.431032504403433, 28.365338625078483 ], [ -81.431033860904904, 28.365330818585388 ], [ -81.43102501868465, 28.365329603669799 ], [ -81.431026375186661, 28.365321797176652 ], [ -81.430999848529808, 28.365318152425722 ], [ -81.430998492025395, 28.365325958918689 ], [ -81.430980807587162, 28.365323529080882 ], [ -81.43098216409318, 28.365315722588171 ], [ -81.430973321875243, 28.365314507668227 ], [ -81.430978747899957, 28.365283281695795 ], [ -81.430952221257243, 28.365279636932687 ], [ -81.430950864749036, 28.365287443425846 ], [ -81.430924338106237, 28.365283798655852 ], [ -81.430921625084295, 28.365299411641004 ], [ -81.430912782868944, 28.365298196716079 ], [ -81.430911426356801, 28.365306003208286 ], [ -81.43090258414091, 28.365304788282483 ], [ -81.430901227627714, 28.365312594774483 ], [ -81.430892385411269, 28.365311379847874 ], [ -81.430891028897037, 28.365319186339587 ], [ -81.43092639776755, 28.365324046041962 ], [ -81.430925041256245, 28.365331852533835 ], [ -81.430933883475305, 28.365333067457659 ], [ -81.430931170453547, 28.365348680441112 ], [ -81.430940012674455, 28.365349895364382 ], [ -81.430935943142359, 28.365373314838415 ], [ -81.430927100919064, 28.365372099914875 ], [ -81.430925744407062, 28.365379906405789 ], [ -81.430916902183228, 28.365378691481396 ], [ -81.43091554567016, 28.365386497972086 ], [ -81.430897861221652, 28.365384068120918 ], [ -81.430899217736297, 28.365376261630505 ], [ -81.430890375513229, 28.36537504670391 ], [ -81.430891732028414, 28.365367240213327 ], [ -81.430803309819595, 28.365355090907979 ], [ -81.430804666342496, 28.365347284418128 ], [ -81.43079582412382, 28.36534606948365 ], [ -81.430799893693433, 28.365322650013248 ], [ -81.430791051477399, 28.365321435078283 ], [ -81.430795121047169, 28.365298015606594 ], [ -81.430786278833764, 28.36529680067115 ], [ -81.430787635357319, 28.365288994180311 ], [ -81.430769950932884, 28.365286564307421 ], [ -81.430771307457775, 28.365278757816608 ], [ -81.430744780825421, 28.365275113001999 ], [ -81.430743424298143, 28.365282919492564 ], [ -81.430734582087084, 28.365281704552817 ], [ -81.43073322555874, 28.365289511043095 ], [ -81.430715541135754, 28.365287081161181 ], [ -81.430714184605591, 28.365294887651128 ], [ -81.430705342393679, 28.365293672709019 ], [ -81.430703985862451, 28.365301479198685 ], [ -81.430695143649999, 28.36530026425574 ], [ -81.430689717519414, 28.365331490212409 ], [ -81.430680875304034, 28.365330275268352 ], [ -81.430676805701054, 28.365353694733731 ], [ -81.43065912126626, 28.365351264842875 ], [ -81.430660477802434, 28.365343458354779 ], [ -81.430625108939111, 28.365338598564623 ], [ -81.430626465478213, 28.365330792076684 ], [ -81.430599938835783, 28.365327147226644 ], [ -81.430601295377045, 28.3653193407388 ], [ -81.430583610951615, 28.365316910835254 ], [ -81.430582254408776, 28.365324717322899 ], [ -81.430573412195642, 28.365323502369975 ], [ -81.430572055651751, 28.365331308857368 ], [ -81.430563213438077, 28.365330093903573 ], [ -81.430561856893135, 28.365337900390692 ], [ -81.430553014678921, 28.365336685436109 ], [ -81.430548945040201, 28.365360104896226 ], [ -81.430540102823855, 28.365358889940641 ], [ -81.430538746276312, 28.365366696426896 ], [ -81.430591799583013, 28.365373986150004 ], [ -81.430593156125767, 28.365366179663223 ], [ -81.430637367217713, 28.365372254411877 ], [ -81.430636010678938, 28.365380060899092 ], [ -81.43064485289888, 28.365381275846676 ], [ -81.430640783283465, 28.365404695307603 ], [ -81.430649625506064, 28.365405910254697 ], [ -81.430646912429452, 28.365421523227944 ], [ -81.430638070205276, 28.365420308280626 ], [ -81.430636713665791, 28.365428114766896 ], [ -81.430627871441061, 28.365426899818793 ], [ -81.430622445277464, 28.365458125761691 ], [ -81.430631287505406, 28.365459340710185 ], [ -81.43062993096467, 28.365467147195567 ], [ -81.430638773193635, 28.365468362143403 ], [ -81.430636060113031, 28.365483975113822 ], [ -81.430618375652145, 28.365481545217072 ], [ -81.430617019109874, 28.365489351701864 ], [ -81.430608176879019, 28.365488136752255 ], [ -81.430606820335683, 28.365495943236763 ], [ -81.430597978104288, 28.36549472828635 ], [ -81.430596621559928, 28.365502534770624 ], [ -81.430534725941683, 28.365494030096695 ], [ -81.430537439041331, 28.365478417129282 ], [ -81.430519754584466, 28.365475987216179 ], [ -81.430521111135505, 28.36546818073235 ], [ -81.430512268908245, 28.365466965774779 ], [ -81.430510912356397, 28.365474772258498 ], [ -81.430502070128611, 28.365473557300124 ], [ -81.430500713575697, 28.365481363783569 ], [ -81.430491871347357, 28.365480148824375 ], [ -81.430490514793419, 28.365487955307561 ], [ -81.430472830335901, 28.365485525386699 ], [ -81.430470117224075, 28.365501138352208 ], [ -81.430461274994101, 28.365499923390551 ], [ -81.430458561879675, 28.365515536355154 ], [ -81.430449719648379, 28.365514321392549 ], [ -81.430447006531352, 28.365529934356335 ], [ -81.430429322066288, 28.365527504428535 ], [ -81.430430678626522, 28.365519697946965 ], [ -81.430421836395169, 28.365518482982083 ], [ -81.430423192955942, 28.365510676500374 ], [ -81.430396666265807, 28.365507031601567 ], [ -81.430398022828726, 28.365499225119944 ], [ -81.430353811687581, 28.36549315027429 ], [ -81.430355168254238, 28.365485343792979 ], [ -81.430319799349078, 28.365480483903596 ], [ -81.430318442779239, 28.365488290384594 ], [ -81.430247704974761, 28.365478570569802 ], [ -81.430249061550981, 28.365470764089487 ], [ -81.430240219327374, 28.365469549109427 ], [ -81.430241575904134, 28.36546174262908 ], [ -81.430215049237177, 28.365458097684666 ], [ -81.430217762394747, 28.365442484723935 ], [ -81.430208920174536, 28.365441269741179 ], [ -81.430210276753741, 28.365433463260633 ], [ -81.430192592315692, 28.365431033293113 ], [ -81.430191235734895, 28.365438839773475 ], [ -81.430182393515437, 28.365437624788512 ], [ -81.43017696718654, 28.365468850708002 ], [ -81.430194651632064, 28.36547128067782 ], [ -81.430193295050813, 28.36547908715745 ], [ -81.430202137274762, 28.365480302141346 ], [ -81.430196710950426, 28.365511528058345 ], [ -81.430205553177814, 28.365512743041858 ], [ -81.430193343940573, 28.365583001345556 ], [ -81.430175659471701, 28.365580571376167 ], [ -81.43017430288694, 28.365588377853296 ], [ -81.430165460652091, 28.365587162867431 ], [ -81.430166817237648, 28.365579356390381 ], [ -81.430157975003851, 28.365578141403859 ], [ -81.430159331589948, 28.365570334926726 ], [ -81.430150489357217, 28.365569119939536 ], [ -81.430151845943868, 28.365561313462337 ], [ -81.430134161480723, 28.365558883485956 ], [ -81.430135518068724, 28.365551077008714 ], [ -81.430055938004358, 28.365540142079332 ], [ -81.430054581409195, 28.365547948555793 ], [ -81.430045739180301, 28.365546733559857 ], [ -81.430044382584086, 28.365554540036037 ], [ -81.429973644755663, 28.365544820041585 ], [ -81.429975001358258, 28.365537013566065 ], [ -81.429921948002416, 28.36552972353984 ], [ -81.429923304609545, 28.365521917064736 ], [ -81.42991446238527, 28.365520702057864 ], [ -81.429913105777331, 28.365528508532879 ], [ -81.429895421327927, 28.365526078516808 ], [ -81.429892708108113, 28.365541691465999 ], [ -81.429901550334293, 28.36554290647458 ], [ -81.429898837115076, 28.365558519423246 ], [ -81.429907679343103, 28.365559734431283 ], [ -81.429904966124482, 28.365575347379419 ], [ -81.429851912750607, 28.365568057319116 ], [ -81.429853269364813, 28.365560250845697 ], [ -81.429826742683716, 28.365556605805892 ], [ -81.429828099300082, 28.36554879933254 ], [ -81.429801572623646, 28.365545154286355 ], [ -81.429802929242143, 28.365537347813074 ], [ -81.429785244794047, 28.365534917778842 ], [ -81.429786601413895, 28.365527111305521 ], [ -81.429760074746071, 28.365523466248852 ], [ -81.42976143136805, 28.365515659775685 ], [ -81.429752589146744, 28.365514444755398 ], [ -81.429749875900924, 28.365530057701417 ], [ -81.429741033678283, 28.365528842680234 ], [ -81.429738320429877, 28.365544455625404 ], [ -81.429729478205886, 28.365543240603316 ], [ -81.429726764954864, 28.365558853547618 ], [ -81.429717922729537, 28.365557638524592 ], [ -81.429716566102854, 28.36556544499642 ], [ -81.429698881651376, 28.365563014947998 ], [ -81.429704308162968, 28.365531789060501 ], [ -81.42969546594081, 28.365530574035546 ], [ -81.42970360570547, 28.365483735199547 ], [ -81.429641710190865, 28.365475230008002 ], [ -81.429640353558455, 28.365483036480505 ], [ -81.429631511342322, 28.365481821450096 ], [ -81.429630154708875, 28.365489627922305 ], [ -81.429621312492174, 28.365488412891089 ], [ -81.429618599222948, 28.365504025834898 ], [ -81.429609757004911, 28.365502810802735 ], [ -81.429608400369119, 28.365510617274289 ], [ -81.429599558150528, 28.365509402241333 ], [ -81.429598201513699, 28.365517208712621 ], [ -81.429589359294567, 28.365515993678827 ], [ -81.429588002656672, 28.365523800149827 ], [ -81.429579160437029, 28.365522585115222 ], [ -81.429576447158894, 28.365538198056552 ], [ -81.429567604937887, 28.365536983021052 ], [ -81.429566248297661, 28.365544789491338 ], [ -81.429557406076114, 28.365543574454996 ], [ -81.429556049434822, 28.36555138092503 ], [ -81.42954720721275, 28.3655501658879 ], [ -81.429545850570406, 28.365557972357696 ], [ -81.429537008347779, 28.365556757319695 ], [ -81.429535651704398, 28.365564563789206 ], [ -81.429526809481217, 28.365563348750406 ], [ -81.429525452836799, 28.365571155219687 ], [ -81.429507768389598, 28.365568725139688 ], [ -81.429506411743347, 28.365576531608578 ], [ -81.429497569519327, 28.365575316567387 ], [ -81.42949621287201, 28.365583123036039 ], [ -81.429478528423161, 28.365580692951291 ], [ -81.429477171773996, 28.365588499419587 ], [ -81.429468329549167, 28.365587284376009 ], [ -81.429453406383018, 28.365673155514539 ], [ -81.429444564149662, 28.365671940469277 ], [ -81.429441850841883, 28.365687553401081 ], [ -81.429424166372741, 28.365685123308015 ], [ -81.429422809716868, 28.365692929773456 ], [ -81.429405125247158, 28.365690499677271 ], [ -81.429398341956102, 28.365729532001112 ], [ -81.429389499717644, 28.365728316951451 ], [ -81.429388143057878, 28.365736123415605 ], [ -81.42937930081888, 28.365734908365155 ], [ -81.429376587497003, 28.365750521292739 ], [ -81.429385429737621, 28.365751736343377 ], [ -81.429384073077102, 28.365759542806995 ], [ -81.429437126530829, 28.365766833095883 ], [ -81.429433056562146, 28.365790252487244 ], [ -81.429441898807724, 28.365791467533075 ], [ -81.42943782883917, 28.36581488692314 ], [ -81.429446671087376, 28.365816101968509 ], [ -81.429442601118964, 28.365839521357245 ], [ -81.429460285620948, 28.365841951446285 ], [ -81.429452145686923, 28.365888790220055 ], [ -81.429443303431015, 28.365887575175378 ], [ -81.429440590116073, 28.365903188098375 ], [ -81.429431747858828, 28.365901973052811 ], [ -81.429430391200199, 28.365909779513931 ], [ -81.429403864427599, 28.365906134372498 ], [ -81.429402507766312, 28.365913940833206 ], [ -81.429393665508485, 28.365912725784526 ], [ -81.429389595520732, 28.365936145165321 ], [ -81.429398437780947, 28.365937360214296 ], [ -81.429397081118651, 28.365945166674305 ], [ -81.42941476564144, 28.365947596770187 ], [ -81.42941340898048, 28.36595540323021 ], [ -81.429422251243054, 28.365956618277135 ], [ -81.429420894582648, 28.365964424737086 ], [ -81.429429736846288, 28.36596563978334 ], [ -81.429428380186422, 28.365973446243213 ], [ -81.429454906981192, 28.365977091377889 ], [ -81.429453550323487, 28.365984897837841 ], [ -81.429480077122946, 28.365988542966214 ], [ -81.429474650499159, 28.366019768805188 ], [ -81.429510019581429, 28.36602462896743 ], [ -81.429508662928043, 28.366032435427073 ], [ -81.429517505200039, 28.366033650465859 ], [ -81.429514791894121, 28.366049263384806 ], [ -81.429559003265894, 28.366055338568728 ], [ -81.429557646616544, 28.366063145028338 ], [ -81.429566488892462, 28.366064360063003 ], [ -81.429559705645943, 28.366103392359051 ], [ -81.429586232487168, 28.366107037459965 ], [ -81.429584875839495, 28.36611484391889 ], [ -81.429593718121211, 28.366116058951143 ], [ -81.429592361474093, 28.36612386541 ], [ -81.429610046039883, 28.366126295472473 ], [ -81.429608689394101, 28.366134101931312 ], [ -81.429635216247107, 28.366137747019746 ], [ -81.429632502959578, 28.366153359937442 ], [ -81.429641345246011, 28.366154574965638 ], [ -81.429637275315258, 28.366177994341125 ], [ -81.429646117604321, 28.366179209368806 ], [ -81.429644760961025, 28.366187015827077 ], [ -81.429715499289188, 28.366196736022971 ], [ -81.429714142652031, 28.366204542481693 ], [ -81.429722984944988, 28.366205757502996 ], [ -81.429716201759391, 28.366244789794596 ], [ -81.42972504405661, 28.366246004815533 ], [ -81.429723687419525, 28.366253811273431 ], [ -81.429732529717782, 28.366255026293757 ], [ -81.429729816444478, 28.366270639209151 ], [ -81.429738658744583, 28.366271854228916 ], [ -81.42973730210835, 28.366279660686406 ], [ -81.429746144409506, 28.366280875705534 ], [ -81.429744787773814, 28.366288682162988 ], [ -81.429780156984165, 28.366293542232416 ], [ -81.429778800351428, 28.366301348690012 ], [ -81.429787642655441, 28.366302563705634 ], [ -81.429786286023258, 28.36631037016318 ], [ -81.429795128328323, 28.366311585178128 ], [ -81.429792415064767, 28.366327198092815 ], [ -81.429801257371679, 28.36632841310724 ], [ -81.429802614002796, 28.366320606649897 ], [ -81.429811456309167, 28.366321821663472 ], [ -81.429814169569028, 28.366306208748075 ], [ -81.429823011874063, 28.366307423760745 ], [ -81.429824368502835, 28.366299617302722 ], [ -81.429833210807331, 28.366300832314575 ], [ -81.429835924062502, 28.366285219397767 ], [ -81.429844766365648, 28.366286434408686 ], [ -81.42984612299206, 28.366278627949946 ], [ -81.429863807597542, 28.366281057969431 ], [ -81.429867877470485, 28.366257638591591 ], [ -81.429876719771215, 28.366258853599955 ], [ -81.429878076394232, 28.366251047140263 ], [ -81.429895760994853, 28.366253477154643 ], [ -81.429894404373428, 28.366261283614502 ], [ -81.429903246674925, 28.366262498620717 ], [ -81.429900533432928, 28.366278111540158 ], [ -81.429909375736258, 28.366279326545737 ], [ -81.429908019115686, 28.366287133005308 ], [ -81.429916861420082, 28.366288348010229 ], [ -81.429914148179748, 28.366303960928967 ], [ -81.429905305873774, 28.366302745923839 ], [ -81.429903949252434, 28.366310552382842 ], [ -81.429895106945906, 28.366309337376894 ], [ -81.429892393700896, 28.366324950294167 ], [ -81.429883551393033, 28.366323735287306 ], [ -81.429882194769348, 28.366331541745609 ], [ -81.42987335246093, 28.366330326737916 ], [ -81.429871995836208, 28.36633813319596 ], [ -81.429863153527251, 28.366336918187457 ], [ -81.429860440275462, 28.366352531102837 ], [ -81.429851597965168, 28.366351316093418 ], [ -81.429850241338087, 28.366359122550751 ], [ -81.429832556716661, 28.366356692529511 ], [ -81.429831200087747, 28.366364498986499 ], [ -81.429804673155118, 28.366360853948837 ], [ -81.429806029786434, 28.366353047492129 ], [ -81.429797187476865, 28.366351832478202 ], [ -81.429799900740335, 28.366336219564388 ], [ -81.429791058432613, 28.366335004549907 ], [ -81.429781562000528, 28.366389649744519 ], [ -81.429772719687477, 28.366388434728684 ], [ -81.42977136305251, 28.366396241184265 ], [ -81.429753678425598, 28.366393811150232 ], [ -81.429752321788783, 28.366401617605483 ], [ -81.429743479474922, 28.366400402587242 ], [ -81.429738052922019, 28.366431628406055 ], [ -81.429729210605203, 28.366430413386741 ], [ -81.429727853965559, 28.366438219840916 ], [ -81.429719011648203, 28.366437004820799 ], [ -81.429717655007508, 28.366444811274722 ], [ -81.429708812689597, 28.36644359625376 ], [ -81.429707456047865, 28.366451402707423 ], [ -81.429698613729414, 28.366450187685615 ], [ -81.429697257086616, 28.366457994139026 ], [ -81.429670730130425, 28.366454349069016 ], [ -81.429666660193377, 28.366477768427355 ], [ -81.42963129091244, 28.366472908322667 ], [ -81.429629934263062, 28.36648071477471 ], [ -81.429621091942664, 28.366479499746646 ], [ -81.429619735292235, 28.366487306198479 ], [ -81.429602050650615, 28.3664848761399 ], [ -81.42959662404003, 28.366516101944651 ], [ -81.429587781716421, 28.366514886913894 ], [ -81.42958642506234, 28.366522693364562 ], [ -81.429577582738176, 28.366521478333013 ], [ -81.429576226083071, 28.366529284783411 ], [ -81.42955854143392, 28.3665268547179 ], [ -81.429562611403298, 28.366503435366717 ], [ -81.429553769081494, 28.366502220333111 ], [ -81.429555125738261, 28.366494413882393 ], [ -81.429546283417508, 28.366493198848197 ], [ -81.429547640074816, 28.366485392397454 ], [ -81.429459216889242, 28.366473242015473 ], [ -81.42946057355428, 28.366465435565416 ], [ -81.429398677345077, 28.36645693025487 ], [ -81.429400034015444, 28.366449123805261 ], [ -81.429391191701654, 28.366447908758044 ], [ -81.429389835030506, 28.366455715207561 ], [ -81.429372150402102, 28.366453285110762 ], [ -81.429373507074857, 28.366445478661383 ], [ -81.429320453200546, 28.36643818835379 ], [ -81.429321809877834, 28.366430381904813 ], [ -81.429304125256706, 28.36642795179657 ], [ -81.429302768577813, 28.366435758245409 ], [ -81.429276241645624, 28.366432113077284 ], [ -81.429277598326891, 28.366424306628726 ], [ -81.429259913708293, 28.366421876513126 ], [ -81.429250416922969, 28.366476521648181 ], [ -81.429241574608469, 28.366475306588686 ], [ -81.429240217923052, 28.366483113035763 ], [ -81.429231375608026, 28.366481897975422 ], [ -81.429228662234834, 28.366497510868854 ], [ -81.42923750455148, 28.366498725929372 ], [ -81.429232077805281, 28.366529951714522 ], [ -81.429214393165893, 28.366527521592076 ], [ -81.429215749854407, 28.366519715146236 ], [ -81.429198065217619, 28.366517285021011 ], [ -81.429199421907484, 28.3665094785752 ], [ -81.429190579590269, 28.366508263511562 ], [ -81.429193292970822, 28.36649265061952 ], [ -81.429149081396545, 28.366486575291201 ], [ -81.429151794784076, 28.36647096239933 ], [ -81.42914295247158, 28.366469747331667 ], [ -81.429144309165764, 28.366461940885557 ], [ -81.429135466854319, 28.366460725817227 ], [ -81.429138180243541, 28.366445112924666 ], [ -81.429102811006672, 28.366440252644683 ], [ -81.429101454309006, 28.366448059090708 ], [ -81.429066085073018, 28.366443198798603 ], [ -81.429064728371898, 28.366451005244105 ], [ -81.429038201445181, 28.366447360017055 ], [ -81.429039558148688, 28.366439553571784 ], [ -81.42903071584108, 28.366438338494699 ], [ -81.429033429248946, 28.36642272560389 ], [ -81.4290245869432, 28.366421510526262 ], [ -81.429025943647545, 28.366413704080653 ], [ -81.429017101342851, 28.366412489002414 ], [ -81.42901981475238, 28.366396876110823 ], [ -81.429028657055483, 28.366398091188952 ], [ -81.42903272716552, 28.366374671850068 ], [ -81.429041569466477, 28.366375886927209 ], [ -81.429042926168549, 28.36636808048042 ], [ -81.429051768468952, 28.366369295556733 ], [ -81.429059908671192, 28.36632245687213 ], [ -81.429068750967076, 28.366323671947125 ], [ -81.42907010766578, 28.36631586549899 ], [ -81.429078949961124, 28.366317080573165 ], [ -81.429080306658776, 28.366309274124784 ], [ -81.42908914895358, 28.366310489198181 ], [ -81.429090505650194, 28.36630268274951 ], [ -81.429134717124043, 28.3663087581049 ], [ -81.429137430508533, 28.366293145206157 ], [ -81.429128588214851, 28.366291930136718 ], [ -81.429131301599909, 28.366276317237446 ], [ -81.429122459308076, 28.366275102167481 ], [ -81.42912517269373, 28.366259489267676 ], [ -81.429116330403744, 28.366258274197097 ], [ -81.42911904379001, 28.366242661296781 ], [ -81.429110201501871, 28.366241446225644 ], [ -81.429112914888719, 28.366225833324769 ], [ -81.429121757175253, 28.366227048395722 ], [ -81.429125827251255, 28.366203629042886 ], [ -81.429116984967095, 28.366202413972225 ], [ -81.429119698351442, 28.366186801069585 ], [ -81.429040117819866, 28.366175865401907 ], [ -81.42904147451884, 28.366168058951178 ], [ -81.429014947681935, 28.366164413715623 ], [ -81.429016304383055, 28.366156607264941 ], [ -81.428998619827993, 28.366154177104402 ], [ -81.428997263125282, 28.366161983554957 ], [ -81.428988420847332, 28.366160768473492 ], [ -81.42898435073532, 28.366184187823734 ], [ -81.428975508455238, 28.366182972741317 ], [ -81.428971438338579, 28.366206392089687 ], [ -81.428936069211233, 28.366201531751486 ], [ -81.428938782628961, 28.36618591885345 ], [ -81.428921098069992, 28.366183488680292 ], [ -81.428922454780064, 28.366175682231152 ], [ -81.428913612501773, 28.366174467143608 ], [ -81.4289149692124, 28.366166660694383 ], [ -81.428897284658163, 28.366164230517132 ], [ -81.428898641370125, 28.366156424067963 ], [ -81.428889799094179, 28.366155208978327 ], [ -81.42889115580671, 28.366147402529005 ], [ -81.428873471257177, 28.366144972347708 ], [ -81.428872114543054, 28.366152778796881 ], [ -81.428863272267861, 28.366151563705042 ], [ -81.428860558837286, 28.366167176602595 ], [ -81.428851716560757, 28.366165961509836 ], [ -81.428849003127581, 28.366181574406493 ], [ -81.428840160849731, 28.366180359312793 ], [ -81.42883744741394, 28.366195972208619 ], [ -81.42882860513474, 28.36619475711403 ], [ -81.428827248415658, 28.3662025635616 ], [ -81.428818406135917, 28.366201348466188 ], [ -81.428817049415812, 28.366209154913463 ], [ -81.428799364855479, 28.366206724720325 ], [ -81.428798008133526, 28.366214531167223 ], [ -81.428789165852947, 28.366213316069476 ], [ -81.428787809129943, 28.366221122516112 ], [ -81.42877896684881, 28.366219907417534 ], [ -81.428777610124769, 28.366227713863921 ], [ -81.428742240999625, 28.366222853461867 ], [ -81.428743597726879, 28.36621504701581 ], [ -81.428734755447024, 28.366213831913566 ], [ -81.428736112174803, 28.366206025467427 ], [ -81.428727269896015, 28.366204810364525 ], [ -81.428728626624334, 28.366197003918273 ], [ -81.428710942069102, 28.366194573710406 ], [ -81.428708228608983, 28.366210186602338 ], [ -81.428699386330152, 28.366208971497137 ], [ -81.428698029598934, 28.366216777942743 ], [ -81.428689187319549, 28.366215562836711 ], [ -81.428687830587279, 28.366223369282046 ], [ -81.428678988307354, 28.366222154175219 ], [ -81.428676274840456, 28.366237767065179 ], [ -81.428667432559195, 28.366236551957421 ], [ -81.428666075824566, 28.366244358402074 ], [ -81.428657233542765, 28.366243143293474 ], [ -81.428655876807099, 28.366250949737871 ], [ -81.428638192242659, 28.366248519518269 ], [ -81.428636835505145, 28.366256325962315 ], [ -81.428627993222506, 28.366255110851306 ], [ -81.428626636483941, 28.366262917295121 ], [ -81.428617794200761, 28.366261702183319 ], [ -81.428616437461145, 28.366269508626818 ], [ -81.428607595177425, 28.366268293514203 ], [ -81.428606238436771, 28.366276099957439 ], [ -81.428597396152512, 28.366274884843982 ], [ -81.428596039410792, 28.366282691286973 ], [ -81.428587197125992, 28.366281476172684 ], [ -81.428585840383235, 28.366289282615426 ], [ -81.428576998097881, 28.366288067500321 ], [ -81.428575641354087, 28.366295873942761 ], [ -81.428566799068179, 28.36629465882687 ], [ -81.428565442323332, 28.366302465269051 ], [ -81.428574284610022, 28.366303680385084 ], [ -81.428571571121154, 28.366319293269083 ], [ -81.428580413409705, 28.366320508384515 ], [ -81.428579056665697, 28.366328314826344 ], [ -81.428587898955286, 28.366329529941133 ], [ -81.428585185468108, 28.366345142824407 ], [ -81.428594027759544, 28.366346357938639 ], [ -81.428592671016389, 28.366354164380152 ], [ -81.428601513308863, 28.36635537949369 ], [ -81.428600156566247, 28.366363185935104 ], [ -81.428608998859801, 28.366364401048013 ], [ -81.428607642117711, 28.366372207489345 ], [ -81.428616484412316, 28.366373422601605 ], [ -81.428615127670795, 28.366381229042823 ], [ -81.428623969966438, 28.366382444154461 ], [ -81.42862125648422, 28.366398057036548 ], [ -81.428630098781724, 28.366399272147614 ], [ -81.428626028558924, 28.366422691469658 ], [ -81.428634870859057, 28.36642390658027 ], [ -81.428633514118417, 28.366431713020713 ], [ -81.428642356419616, 28.366432928130632 ], [ -81.428640999679516, 28.366440734570983 ], [ -81.428649841981766, 28.366441949680265 ], [ -81.428647128502419, 28.366457562560562 ], [ -81.428655970806517, 28.366458777669337 ], [ -81.42865461406727, 28.366466584109329 ], [ -81.428663456372419, 28.366467799217396 ], [ -81.428662099633712, 28.366475605657307 ], [ -81.428670941939913, 28.366476820764706 ], [ -81.428668228463351, 28.366492433644137 ], [ -81.4286770707714, 28.366493648751071 ], [ -81.428675714033531, 28.366501455190583 ], [ -81.428684556342631, 28.366502670296853 ], [ -81.428681842867746, 28.36651828317552 ], [ -81.428690685178694, 28.366519498281228 ], [ -81.428687971704406, 28.366535111159436 ], [ -81.428696814017215, 28.366536326264526 ], [ -81.428695457280483, 28.366544132703485 ], [ -81.428704299594344, 28.366545347807964 ], [ -81.428702942858166, 28.366553154246745 ], [ -81.428711785173064, 28.366554369350574 ], [ -81.428710428437441, 28.366562175789326 ], [ -81.42871927075339, 28.366563390892523 ], [ -81.428717914018307, 28.366571197331176 ], [ -81.428726756335308, 28.366572412433669 ], [ -81.428725399600779, 28.366580218872262 ], [ -81.428734241918818, 28.36658143397414 ], [ -81.428728814981369, 28.366612659726986 ], [ -81.428737657302861, 28.366613874828488 ], [ -81.428736300568673, 28.366621681266341 ], [ -81.428745142891231, 28.366622896367204 ], [ -81.428742429423679, 28.366638509242563 ], [ -81.428733587099529, 28.366637294141501 ], [ -81.428732230364602, 28.366645100578843 ], [ -81.428723388039899, 28.366643885477028 ], [ -81.428722031303906, 28.366651691914104 ], [ -81.428686662004509, 28.366646831498993 ], [ -81.428685305265077, 28.366654637935522 ], [ -81.428676462940075, 28.366653422829842 ], [ -81.428675106199591, 28.366661229266107 ], [ -81.428666263874035, 28.366660014159592 ], [ -81.4286649071325, 28.366667820595602 ], [ -81.428656064806404, 28.366666605488241 ], [ -81.428654708063831, 28.366674411923999 ], [ -81.428645865737181, 28.366673196815867 ], [ -81.428644508993557, 28.366681003251312 ], [ -81.428635666666366, 28.366679788142317 ], [ -81.428634309921705, 28.366687594577545 ] ], [ [ -81.431223666070892, 28.366843568930058 ], [ -81.431205981308608, 28.366841139139147 ], [ -81.431207337818179, 28.366833332674389 ], [ -81.431198495438196, 28.3668321177779 ], [ -81.431203921477163, 28.366800891917542 ], [ -81.431195079100632, 28.366799677020662 ], [ -81.431203218156327, 28.366752838225352 ], [ -81.431176691042623, 28.366749193531948 ], [ -81.431175334531574, 28.366756999997982 ], [ -81.431131122676504, 28.36675092549385 ], [ -81.431129766161206, 28.366758731959298 ], [ -81.431112081419371, 28.366756302152311 ], [ -81.43111072490224, 28.366764108617382 ], [ -81.431084197788991, 28.366760463901166 ], [ -81.431082841269202, 28.366768270365842 ], [ -81.431065156526714, 28.366765840551139 ], [ -81.431063800005106, 28.366773647015453 ], [ -81.431046115262035, 28.366771217197641 ], [ -81.431047471785234, 28.366763410733512 ], [ -81.431038629414886, 28.36676219582359 ], [ -81.431039985938639, 28.366754389359347 ], [ -81.431031143569342, 28.366753174448771 ], [ -81.431033856617717, 28.366737561519969 ], [ -81.431025014250253, 28.366736346608842 ], [ -81.431033153394125, 28.366689507818776 ], [ -81.431024311031692, 28.366688292907376 ], [ -81.431025667555602, 28.366680486441847 ], [ -81.431016825194234, 28.3666792715299 ], [ -81.431018181718684, 28.366671465064208 ], [ -81.431009339358354, 28.366670250151614 ], [ -81.431010695883359, 28.366662443685879 ], [ -81.43100185352408, 28.366661228772582 ], [ -81.431003210049624, 28.366653422306786 ], [ -81.430994367691412, 28.366652207392889 ], [ -81.431001150319332, 28.366613175061559 ], [ -81.430992307965369, 28.366611960147328 ], [ -81.430993664490998, 28.366604153680658 ], [ -81.430975979785401, 28.366601723850174 ], [ -81.430977336312381, 28.366593917383494 ], [ -81.430986178664256, 28.366595132299008 ], [ -81.43098753519017, 28.366587325832054 ], [ -81.430996377541504, 28.366588540746744 ], [ -81.430997734066366, 28.36658073427953 ], [ -81.431006576417147, 28.366581949193403 ], [ -81.431007932940986, 28.366574142725923 ], [ -81.431016775291212, 28.36657535763899 ], [ -81.431018131814, 28.366567551171226 ], [ -81.431062343565017, 28.366573625725032 ], [ -81.431063700083541, 28.366565819256664 ], [ -81.431090227134817, 28.36656946397985 ], [ -81.431091583650726, 28.366561657511067 ], [ -81.431100426000853, 28.366562872417209 ], [ -81.431105852058764, 28.366531646539904 ], [ -81.43115006379729, 28.366537721057988 ], [ -81.43115142030716, 28.366529914587794 ], [ -81.431160262654828, 28.366531129489129 ], [ -81.431158906145768, 28.36653893595938 ], [ -81.431167748494488, 28.366540150860057 ], [ -81.431166391985968, 28.36654795733028 ], [ -81.431175234335754, 28.366549172230307 ], [ -81.431176590843464, 28.366541365760021 ], [ -81.431194275542182, 28.366543795557693 ], [ -81.431192919036064, 28.366551602028132 ], [ -81.431201761386603, 28.36655281692596 ], [ -81.431199048375191, 28.366568429866582 ], [ -81.431225575433103, 28.366572074556142 ], [ -81.43122828843974, 28.366556461615044 ], [ -81.4312990272593, 28.366566180753466 ], [ -81.431297670762476, 28.366573987224807 ], [ -81.431333040181556, 28.366578846776683 ], [ -81.431334396675169, 28.366571040305036 ], [ -81.431343239029786, 28.366572255191087 ], [ -81.431344595522347, 28.366564448719135 ], [ -81.431371122585304, 28.366568093372596 ], [ -81.431369766095131, 28.366575899844857 ], [ -81.431378608450743, 28.366577114727939 ], [ -81.431377251961123, 28.366584921200065 ], [ -81.431403779031911, 28.366588565845252 ], [ -81.431405135519142, 28.366580759372869 ], [ -81.431422820232683, 28.366583189132495 ], [ -81.431395690472129, 28.366739318550408 ], [ -81.431386848099294, 28.366738103669189 ], [ -81.431385491607827, 28.366745910138182 ], [ -81.431332437371324, 28.366738620835076 ], [ -81.431331080874841, 28.366746427303323 ], [ -81.431286869014102, 28.36674035286342 ], [ -81.431285512513369, 28.366748159331099 ], [ -81.431241300655003, 28.366742084872378 ], [ -81.431223666070892, 28.366843568930058 ] ], [ [ -81.431990139137028, 28.366757047277634 ], [ -81.431954769605582, 28.366752187945448 ], [ -81.43195748248327, 28.366736574993158 ], [ -81.431948640102647, 28.366735360158444 ], [ -81.431949996541903, 28.36672755368209 ], [ -81.43195883892173, 28.366728768516754 ], [ -81.431960195359963, 28.366720962040144 ], [ -81.43196903773925, 28.36672217687396 ], [ -81.431970394176417, 28.366714370397112 ], [ -81.431979236555165, 28.366715585230072 ], [ -81.43198059299128, 28.366707778752996 ], [ -81.431989435369488, 28.366708993585107 ], [ -81.431990791804566, 28.366701187107761 ], [ -81.431999634182219, 28.366702401939087 ], [ -81.431995564878648, 28.36672582137092 ], [ -81.432004407258958, 28.366727036201826 ], [ -81.432003050824719, 28.36673484267882 ], [ -81.432011893206081, 28.366736057509065 ], [ -81.432010536772395, 28.366743863986009 ], [ -81.432001694390252, 28.366742649155714 ], [ -81.432000337955515, 28.366750455632324 ], [ -81.431991495572817, 28.366749240801219 ], [ -81.431990139137028, 28.366757047277634 ] ], [ [ -81.428922502107483, 28.366279596231227 ], [ -81.428904817529386, 28.366277166056005 ], [ -81.428907530955328, 28.36626155316182 ], [ -81.428925215530242, 28.366263983336729 ], [ -81.428922502107483, 28.366279596231227 ] ], [ [ -81.431654078065833, 28.366606969264588 ], [ -81.43164523570313, 28.366605754404404 ], [ -81.431646592168335, 28.366597947929293 ], [ -81.431593538002204, 28.366590658753015 ], [ -81.431592181532224, 28.366598465227611 ], [ -81.431565654450196, 28.366594820629253 ], [ -81.431568367394732, 28.366579207680452 ], [ -81.43155952503615, 28.366577992813035 ], [ -81.431562237981282, 28.366562379863716 ], [ -81.431553395624547, 28.366561164995698 ], [ -81.431556108570263, 28.366545552045853 ], [ -81.431564950925392, 28.366546766913675 ], [ -81.431567663868506, 28.366531153962899 ], [ -81.431558821514955, 28.366529939095265 ], [ -81.431560177986952, 28.366522132619732 ], [ -81.431551335634467, 28.366520917751469 ], [ -81.431555405051284, 28.366497498324044 ], [ -81.431546562701442, 28.366496283455287 ], [ -81.431554701533116, 28.366449444596153 ], [ -81.431545859188319, 28.366448229727226 ], [ -81.431553998015744, 28.366401390862276 ], [ -81.431545155675977, 28.36640017599311 ], [ -81.43154786861804, 28.366384563036917 ], [ -81.431556710956201, 28.366385777905897 ], [ -81.431560780365032, 28.366362358469988 ], [ -81.431551938029259, 28.366361143601257 ], [ -81.431556007438218, 28.366337724164026 ], [ -81.431547165105101, 28.366336509294822 ], [ -81.431558016857679, 28.366274057455211 ], [ -81.43154917453117, 28.366272842585943 ], [ -81.431560026274099, 28.366210390735716 ], [ -81.431568868594212, 28.366211605604263 ], [ -81.431570225060142, 28.36620379912214 ], [ -81.431579067379715, 28.366205013989838 ], [ -81.431583136773639, 28.366181594542034 ], [ -81.431565452139537, 28.366179164806411 ], [ -81.431579016785605, 28.366101099970773 ], [ -81.431570174476903, 28.366099885102731 ], [ -81.431572887404712, 28.366084272133669 ], [ -81.431564045097858, 28.366083057265072 ], [ -81.431568114490076, 28.366059637810412 ], [ -81.431559272185865, 28.366058422941357 ], [ -81.431560628650246, 28.366050616456196 ], [ -81.431578313257305, 28.366053046193425 ], [ -81.431579669719824, 28.366045239707933 ], [ -81.431597354326314, 28.366047669442022 ], [ -81.431598710786986, 28.366039862956168 ], [ -81.431625237696224, 28.366043507551591 ], [ -81.431626594154253, 28.366035701065289 ], [ -81.431653121063377, 28.36603934565381 ], [ -81.431654477518791, 28.366031539167075 ], [ -81.431689846731317, 28.366036398607797 ], [ -81.431691203183277, 28.366028592120518 ], [ -81.431708887789483, 28.366031021836299 ], [ -81.431710244239596, 28.36602321534868 ], [ -81.431719086542287, 28.366024430205417 ], [ -81.431720442991335, 28.366016623717513 ], [ -81.431738127595878, 28.366019053428492 ], [ -81.431739484043092, 28.3660112469403 ], [ -81.431748326344945, 28.366012461794625 ], [ -81.431749682791107, 28.366004655306124 ], [ -81.43175852509242, 28.366005870159647 ], [ -81.431759881537531, 28.365998063670865 ], [ -81.431777566139317, 28.366000493375466 ], [ -81.431778922582595, 28.36599268688639 ], [ -81.431796607183799, 28.365995116587825 ], [ -81.431797963625243, 28.365987310098397 ], [ -81.431806805925419, 28.365988524947898 ], [ -81.431808162365797, 28.365980718458214 ], [ -81.431825846965353, 28.365983148154939 ], [ -81.431827203403884, 28.365975341664839 ], [ -81.431836045703236, 28.365976556512027 ], [ -81.431837402140715, 28.365968750021679 ], [ -81.43187277133751, 28.365973609402666 ], [ -81.431871414903227, 28.365981415893355 ], [ -81.431915626408909, 28.365987490103407 ], [ -81.43191426997835, 28.365995296594384 ], [ -81.431958481494377, 28.366001370786524 ], [ -81.431957125067555, 28.366009177277714 ], [ -81.431974809677342, 28.366011606949588 ], [ -81.431973453251871, 28.366019413440789 ], [ -81.431982295557944, 28.366020628275709 ], [ -81.431980939133012, 28.366028434766847 ], [ -81.431989781440123, 28.366029649601099 ], [ -81.431988425015732, 28.366037456092158 ], [ -81.432006109632354, 28.366039885758688 ], [ -81.432004753209313, 28.366047692249719 ], [ -81.432013595518796, 28.366048907081936 ], [ -81.432012239096309, 28.366056713572874 ], [ -81.432029923717607, 28.366059143235308 ], [ -81.432027210875063, 28.366074756217028 ], [ -81.432036053187701, 28.366075971047323 ], [ -81.432034696766848, 28.366083777537991 ], [ -81.432043539080539, 28.366084992367622 ], [ -81.432042182660226, 28.366092798858215 ], [ -81.432051024974967, 28.366094013687256 ], [ -81.432049668555194, 28.366101820177708 ], [ -81.432067353187037, 28.36610424983369 ], [ -81.432065996768614, 28.366112056324219 ], [ -81.432074839085729, 28.366113271151178 ], [ -81.432073482667846, 28.366121077641598 ], [ -81.432082324985998, 28.366122292467917 ], [ -81.43208096856867, 28.366130098958244 ], [ -81.432089810887874, 28.366131313783889 ], [ -81.432087098054069, 28.366146926764188 ], [ -81.43209594037512, 28.366148141589303 ], [ -81.432094583958644, 28.366155948079243 ], [ -81.432112268603092, 28.366158377727476 ], [ -81.432110912187966, 28.366166184217416 ], [ -81.432119754511362, 28.366167399040499 ], [ -81.432118398096776, 28.366175205530386 ], [ -81.432127240421238, 28.366176420352851 ], [ -81.432125884007192, 28.366184226842591 ], [ -81.432134726332706, 28.366185441664413 ], [ -81.4321333699192, 28.366193248154111 ], [ -81.432142212245765, 28.36619446297524 ], [ -81.432139499419605, 28.366210075954271 ], [ -81.432148341748018, 28.366211290774867 ], [ -81.432146985335365, 28.366219097264182 ], [ -81.432155827664829, 28.36622031208416 ], [ -81.432153114840361, 28.366235925062465 ], [ -81.432161957171672, 28.366237139881818 ], [ -81.432160600759872, 28.366244946370852 ], [ -81.432169443092235, 28.366246161189572 ], [ -81.43216808668096, 28.366253967678464 ], [ -81.432159244347801, 28.366252752859648 ], [ -81.432157887935489, 28.366260559348266 ], [ -81.43214904560179, 28.366259344528675 ], [ -81.432147689188426, 28.366267151017038 ], [ -81.432138846854187, 28.366265936196562 ], [ -81.432137490439771, 28.366273742684683 ], [ -81.432128648104992, 28.366272527863384 ], [ -81.43212729168954, 28.366280334351217 ], [ -81.432118449354206, 28.366279119529114 ], [ -81.432117092937702, 28.366286926016691 ], [ -81.432108250601814, 28.366285711193754 ], [ -81.432106894184273, 28.366293517681083 ], [ -81.432098051847845, 28.36629230285731 ], [ -81.432096695429252, 28.366300109344401 ], [ -81.432087853092284, 28.366298894519801 ], [ -81.432086496672653, 28.366306701006614 ], [ -81.432077654335131, 28.366305486181183 ], [ -81.432076297914449, 28.36631329266773 ], [ -81.432067455576401, 28.366312077841492 ], [ -81.432066099154653, 28.366319884327737 ], [ -81.432057256816066, 28.366318669500728 ], [ -81.432055900393266, 28.366326475986718 ], [ -81.432029373376636, 28.366322831500913 ], [ -81.432028016951207, 28.366330637986497 ], [ -81.432019174612023, 28.366329423156312 ], [ -81.432015105331828, 28.366352842611683 ], [ -81.431935524269221, 28.366341909104747 ], [ -81.431934167834811, 28.366349715588758 ], [ -81.431889956138278, 28.366343641392053 ], [ -81.431883173942538, 28.366382673807131 ], [ -81.431856646915705, 28.366379029278981 ], [ -81.431855290473422, 28.366386835761197 ], [ -81.431837605788544, 28.366384406071923 ], [ -81.431841675119443, 28.366360986625221 ], [ -81.43183283277979, 28.366359771779752 ], [ -81.431835545667397, 28.366344158814613 ], [ -81.431826703329591, 28.366342943968537 ], [ -81.431823990440378, 28.36635855693353 ], [ -81.431806305762308, 28.366356127238898 ], [ -81.431807662208641, 28.366348320756689 ], [ -81.431781135195862, 28.366344676209451 ], [ -81.431782491644313, 28.366336869727299 ], [ -81.431773649308028, 28.366335654876853 ], [ -81.431775005757046, 28.366327848394612 ], [ -81.431766163421798, 28.36632663354353 ], [ -81.431772945667092, 28.366287601130164 ], [ -81.431764103336093, 28.366286386278727 ], [ -81.431766816234045, 28.366270773312376 ], [ -81.431757973904894, 28.366269558460395 ], [ -81.431759330354296, 28.366261751976989 ], [ -81.431750488026211, 28.366260537124386 ], [ -81.431749131575998, 28.3662683436077 ], [ -81.431740289247372, 28.366267128754235 ], [ -81.431738932796137, 28.366274935237282 ], [ -81.431712405809336, 28.366271290672302 ], [ -81.431709692901308, 28.36628690363731 ], [ -81.431700850571289, 28.36628568878066 ], [ -81.431699494116103, 28.366293495262777 ], [ -81.431690651785544, 28.366292280405354 ], [ -81.431687938872827, 28.366307893368933 ], [ -81.431679096540918, 28.366306678510611 ], [ -81.431676383625614, 28.366322291473274 ], [ -81.431632171961951, 28.366316217169505 ], [ -81.431630815499943, 28.366324023650179 ], [ -81.431621973167168, 28.366322808787146 ], [ -81.431620616704095, 28.366330615267483 ], [ -81.431602932037734, 28.366328185539032 ], [ -81.431601575572813, 28.366335992019078 ], [ -81.431681156586635, 28.366346925774831 ], [ -81.431677087211924, 28.366370345216264 ], [ -81.431685929550454, 28.366371560074622 ], [ -81.431681860175871, 28.366394979514727 ], [ -81.431690702517045, 28.366396194372562 ], [ -81.431683920225055, 28.366435226769703 ], [ -81.431692762570478, 28.366436441627268 ], [ -81.4316859802762, 28.366475474020337 ], [ -81.431694822625857, 28.366476688877665 ], [ -81.431688040329306, 28.366515721266818 ], [ -81.431696882683212, 28.366516936123784 ], [ -81.431691456844632, 28.366548162032263 ], [ -81.43170914155958, 28.366550591744744 ], [ -81.431707785100912, 28.366558398221571 ], [ -81.431698942742514, 28.366557183365675 ], [ -81.431697586282795, 28.366564989842278 ], [ -81.431688743923857, 28.366563774985508 ], [ -81.431683318079266, 28.366595000889834 ], [ -81.431665633355777, 28.366592571173367 ], [ -81.431664276892405, 28.36660037764884 ], [ -81.431655434530242, 28.366599162789424 ], [ -81.431654078065833, 28.366606969264588 ] ], [ [ -81.431277222833685, 28.366483256470534 ], [ -81.431224168771436, 28.366475967108716 ], [ -81.431225525273462, 28.366468160636334 ], [ -81.431216682931449, 28.366466945740175 ], [ -81.431226178444192, 28.366412300429037 ], [ -81.43127039012893, 28.366418374899229 ], [ -81.431279885601484, 28.366363729576435 ], [ -81.431315254931548, 28.366368589136897 ], [ -81.431312541946994, 28.366384202087858 ], [ -81.431321384281745, 28.366385416976296 ], [ -81.431317314805469, 28.366408836401703 ], [ -81.431326157142863, 28.366410051289673 ], [ -81.431320731174168, 28.366441277188041 ], [ -81.431311888833591, 28.366440062299727 ], [ -81.431310532339978, 28.366447868773783 ], [ -81.431284005317394, 28.366444224104118 ], [ -81.431277222833685, 28.366483256470534 ] ], [ [ -81.430864345993527, 28.366410542823257 ], [ -81.430837819001894, 28.366406898042463 ], [ -81.430839175538509, 28.366399091573591 ], [ -81.430830333209258, 28.366397876645269 ], [ -81.430835759356384, 28.366366650768256 ], [ -81.430844601682423, 28.366367865696194 ], [ -81.430843245146818, 28.366375672165827 ], [ -81.430852087473923, 28.366376887093132 ], [ -81.430850730938872, 28.366384693562622 ], [ -81.430868415595427, 28.366387123415223 ], [ -81.430864345993527, 28.366410542823257 ] ], [ [ -81.431447236931461, 28.366442672596136 ], [ -81.431403025221286, 28.366436598199524 ], [ -81.431408451159285, 28.366405372296583 ], [ -81.431417293497603, 28.366406587177035 ], [ -81.431420006463512, 28.366390974224281 ], [ -81.431428848800508, 28.36639218910382 ], [ -81.431430205282282, 28.366384382627125 ], [ -81.431447889955422, 28.366386812383851 ], [ -81.431446533475253, 28.366394618860717 ], [ -81.431455375813002, 28.366395833738085 ], [ -81.431447236931461, 28.366442672596136 ] ], [ [ -81.431974361325302, 28.366483123162787 ], [ -81.431930149556081, 28.36647704898488 ], [ -81.431932862429477, 28.366461436022011 ], [ -81.431977074190726, 28.366467510199072 ], [ -81.431974361325302, 28.366483123162787 ] ], [ [ -81.42967671439429, 28.366159435070994 ], [ -81.429650187532687, 28.366155789993076 ], [ -81.429651544174988, 28.36614798353412 ], [ -81.429669228747528, 28.366150413586613 ], [ -81.429671942028165, 28.36613480066789 ], [ -81.42968078431322, 28.366136015692895 ], [ -81.42967671439429, 28.366159435070994 ] ], [ [ -81.425509267990776, 28.365498775432812 ], [ -81.425447372887376, 28.365490267812472 ], [ -81.425454157984134, 28.365451235715096 ], [ -81.425463000137, 28.365452451091205 ], [ -81.425464357154809, 28.365444644671147 ], [ -81.425473199307149, 28.365445860046403 ], [ -81.425474556323906, 28.365438053626061 ], [ -81.425483398475691, 28.365439269000507 ], [ -81.425484755491411, 28.365431462579924 ], [ -81.425502439794158, 28.365433893326465 ], [ -81.425501082780031, 28.36544169974723 ], [ -81.425545293545369, 28.365447776601155 ], [ -81.425539865502373, 28.365479002284324 ], [ -81.425548707659374, 28.365480217653197 ], [ -81.425547350648799, 28.365488024073631 ], [ -81.425538508490988, 28.365486808704627 ], [ -81.425537151479361, 28.36549461512481 ], [ -81.42551062500506, 28.365490969013099 ], [ -81.425509267990776, 28.365498775432812 ] ], [ [ -81.429524240393192, 28.365890704088464 ], [ -81.429515398136061, 28.36588948904976 ], [ -81.429516754786533, 28.365881682587087 ], [ -81.42950791253044, 28.365880467547772 ], [ -81.429509269181452, 28.365872661085007 ], [ -81.429500426926424, 28.365871446045002 ], [ -81.429504496880341, 28.365848026656021 ], [ -81.429495654627956, 28.365846811615548 ], [ -81.429498367930918, 28.365831198688834 ], [ -81.429507210181711, 28.365832413729123 ], [ -81.429508566832013, 28.365824607265452 ], [ -81.429517409082266, 28.365825822304906 ], [ -81.42951876573153, 28.365818015840961 ], [ -81.429545292481407, 28.365821660954726 ], [ -81.429543935834545, 28.365829467418955 ], [ -81.429552778085821, 28.365830682455506 ], [ -81.429551421439484, 28.365838488919636 ], [ -81.429560263691812, 28.365839703955523 ], [ -81.42955890704603, 28.365847510419577 ], [ -81.42955006479292, 28.365846295383584 ], [ -81.4295487081461, 28.365854101847404 ], [ -81.429539865892451, 28.365852886810565 ], [ -81.42953579594807, 28.365876306200612 ], [ -81.429526953692275, 28.365875091162827 ], [ -81.429524240393192, 28.365890704088464 ] ], [ [ -81.428503920415935, 28.36561461472953 ], [ -81.428477393775964, 28.365610969355338 ], [ -81.42847875051784, 28.365603162900211 ], [ -81.428461066094059, 28.365600732647227 ], [ -81.428463779580269, 28.365585119736807 ], [ -81.42838419970019, 28.365574183563592 ], [ -81.428382842950043, 28.365581990018093 ], [ -81.428365158533452, 28.36557955974915 ], [ -81.428367872036688, 28.365563946840261 ], [ -81.428359029830375, 28.365562731704859 ], [ -81.428360386582412, 28.365554925250265 ], [ -81.428351544377136, 28.365553710114185 ], [ -81.428359684888932, 28.365506871383335 ], [ -81.428368527089404, 28.365508086518904 ], [ -81.428376667587386, 28.365461247781163 ], [ -81.428385509783354, 28.365462462915474 ], [ -81.428382796286613, 28.365478075828875 ], [ -81.428391638484413, 28.365479290962615 ], [ -81.428388924988283, 28.36549490387555 ], [ -81.428397767187946, 28.365496119008714 ], [ -81.4283964104403, 28.36550392546496 ], [ -81.428405252640985, 28.365505140597516 ], [ -81.428403895893894, 28.365512947053716 ], [ -81.428421580297666, 28.365515377316648 ], [ -81.428420223551896, 28.365523183772851 ], [ -81.428429065754955, 28.36552439890335 ], [ -81.428427709009753, 28.36553220535945 ], [ -81.428436551213863, 28.365533420489264 ], [ -81.428433837724299, 28.365549033401141 ], [ -81.428478048756645, 28.365555109040116 ], [ -81.428472621790434, 28.365586334863465 ], [ -81.428481464000868, 28.365587549989417 ], [ -81.428480107259475, 28.365595356444889 ], [ -81.428497791682688, 28.36559778669471 ], [ -81.428496434942645, 28.365605593150232 ], [ -81.428505277155423, 28.365606808274126 ], [ -81.428503920415935, 28.36561461472953 ] ], [ [ -81.432967053199945, 28.365876168982901 ], [ -81.432949368589959, 28.365873739474321 ], [ -81.432950724922947, 28.365865932967811 ], [ -81.432941882619133, 28.365864718212524 ], [ -81.432945951619004, 28.365841298692057 ], [ -81.432937109317834, 28.365840083936277 ], [ -81.432938465651404, 28.365832277429185 ], [ -81.432929623351299, 28.365831062672783 ], [ -81.432930979685423, 28.365823256165616 ], [ -81.43292213738637, 28.365822041408556 ], [ -81.432923493721049, 28.365814234901343 ], [ -81.432914651423033, 28.365813020143612 ], [ -81.432916007758251, 28.365805213636264 ], [ -81.432907165461302, 28.365803998877915 ], [ -81.43290852179706, 28.3657961923705 ], [ -81.432899679501162, 28.365794977611465 ], [ -81.432901035837475, 28.365787171103928 ], [ -81.432892193542628, 28.365785956344308 ], [ -81.432893549879481, 28.365778149836689 ], [ -81.432884707585686, 28.365776935076386 ], [ -81.432886063923092, 28.365769128568701 ], [ -81.432859537045601, 28.365765484283621 ], [ -81.432862249724451, 28.365749871268253 ], [ -81.432853407434067, 28.365748656505254 ], [ -81.432857476452838, 28.365725236981135 ], [ -81.432848634165097, 28.365724022217631 ], [ -81.432849990504977, 28.365716215709359 ], [ -81.432805779074073, 28.365710141881497 ], [ -81.432809848104185, 28.365686722356781 ], [ -81.432818690387464, 28.365687937123599 ], [ -81.432820046729546, 28.365680130614916 ], [ -81.432828889012285, 28.36568134538086 ], [ -81.432832958034624, 28.365657925853508 ], [ -81.432824115754272, 28.365656711087851 ], [ -81.432825472095359, 28.36564890457846 ], [ -81.432798945258213, 28.365645260277233 ], [ -81.432800301601432, 28.365637453767913 ], [ -81.432782617046215, 28.365635024230258 ], [ -81.432785329735069, 28.365619411211522 ], [ -81.432776487459435, 28.365618196441751 ], [ -81.432777843804303, 28.365610389932211 ], [ -81.432769001529707, 28.365609175161797 ], [ -81.432773070565176, 28.36558575563236 ], [ -81.43278191283737, 28.365586970402507 ], [ -81.43278733821127, 28.3655557443604 ], [ -81.432778495942273, 28.365554529590629 ], [ -81.432777139598372, 28.365562336101334 ], [ -81.432759455059525, 28.36555990655938 ], [ -81.432758098713791, 28.365567713069726 ], [ -81.432740414174376, 28.365565283524646 ], [ -81.432741770521702, 28.365557477014448 ], [ -81.432724085984916, 28.365555047466607 ], [ -81.432722729635984, 28.365562853976581 ], [ -81.432713887367157, 28.36556163920147 ], [ -81.432712531017174, 28.365569445711177 ], [ -81.432677161941271, 28.365564586603046 ], [ -81.432678518294438, 28.365556780093655 ], [ -81.432660833759599, 28.36555435053533 ], [ -81.43265947740484, 28.36556215704455 ], [ -81.432650635137009, 28.365560942264214 ], [ -81.432649278781199, 28.365568748773111 ], [ -81.432622751976822, 28.365565104427418 ], [ -81.432621395618369, 28.36557291093591 ], [ -81.432612553349941, 28.365571696152479 ], [ -81.43261390970919, 28.365563889644047 ], [ -81.432605067441855, 28.365562674859923 ], [ -81.432606423801644, 28.365554868351428 ], [ -81.432597581535333, 28.365553653566664 ], [ -81.432598937895676, 28.365545847058062 ], [ -81.432590095630417, 28.365544632272666 ], [ -81.432591451991314, 28.365536825763964 ], [ -81.432582609727106, 28.365535610977915 ], [ -81.432583966088544, 28.365527804469149 ], [ -81.432575123825401, 28.365526589682414 ], [ -81.432579192910609, 28.365503170155346 ], [ -81.432596877432374, 28.365505599727495 ], [ -81.432600946510547, 28.365482180198253 ], [ -81.432618631028575, 28.365484609766959 ], [ -81.432617274671017, 28.365492416277021 ], [ -81.432670328235943, 28.365499704965941 ], [ -81.432671684588698, 28.365491898455311 ], [ -81.432680526849623, 28.365493113234137 ], [ -81.432681883201326, 28.365485306723308 ], [ -81.432699567722324, 28.365487736278546 ], [ -81.432700924072194, 28.365479929767353 ], [ -81.432718608592609, 28.365482359319479 ], [ -81.432719964940617, 28.365474552807868 ], [ -81.432746491720764, 28.36547819713034 ], [ -81.432739709990102, 28.365517229687811 ], [ -81.432757394519442, 28.365519659233353 ], [ -81.432756038174162, 28.365527465744446 ], [ -81.432791407239066, 28.365532324827033 ], [ -81.432790050896728, 28.365540131338314 ], [ -81.432798893164374, 28.3655413461072 ], [ -81.432801605847231, 28.365525733084208 ], [ -81.432819290380138, 28.365528162619427 ], [ -81.432822003058789, 28.365512549595373 ], [ -81.43283084532402, 28.365513764361687 ], [ -81.432832201662194, 28.365505957849351 ], [ -81.432867570722479, 28.365510816906976 ], [ -81.432870283391665, 28.365495203880975 ], [ -81.432879125655774, 28.365496418643364 ], [ -81.432880481989201, 28.365488612130061 ], [ -81.432871639725875, 28.365487397367719 ], [ -81.432877065060239, 28.365456171313006 ], [ -81.432894749580754, 28.365458600836178 ], [ -81.432896105912107, 28.365450794321866 ], [ -81.432913790432053, 28.365453223841904 ], [ -81.432915146761573, 28.365445417327226 ], [ -81.432941673540981, 28.365449061601538 ], [ -81.432944386194492, 28.365433448571142 ], [ -81.432953228453215, 28.365434663327616 ], [ -81.432962722727027, 28.365380017715207 ], [ -81.432953880473889, 28.365378802959373 ], [ -81.43295523679852, 28.365370996442689 ], [ -81.432946394546434, 28.365369781686212 ], [ -81.432949107196535, 28.365354168652523 ], [ -81.432957949447015, 28.365355383408808 ], [ -81.432964731063876, 28.365316350821026 ], [ -81.432973573310647, 28.365317565576191 ], [ -81.432974929632465, 28.365309759058007 ], [ -81.432983771878682, 28.365310973812342 ], [ -81.432991909799568, 28.365264134699068 ], [ -81.433000752041252, 28.365265349452173 ], [ -81.433003464677967, 28.365249736412821 ], [ -81.4330123069183, 28.365250951164956 ], [ -81.433013663235471, 28.365243144644957 ], [ -81.433022505475279, 28.365244359396247 ], [ -81.433025218107275, 28.365228746355513 ], [ -81.433034060345747, 28.365229961105921 ], [ -81.433036772975157, 28.365214348064303 ], [ -81.433045615212279, 28.365215562813852 ], [ -81.433048327839089, 28.365199949771323 ], [ -81.433057170074875, 28.365201164519931 ], [ -81.433059882699084, 28.365185551476522 ], [ -81.43306872493352, 28.365186766224191 ], [ -81.433071437555128, 28.365171153179965 ], [ -81.433080279788228, 28.365172367926711 ], [ -81.433081636097882, 28.365164561404264 ], [ -81.43309932056323, 28.36516699089541 ], [ -81.433102033178571, 28.365151377849568 ], [ -81.433110875410037, 28.365152592593869 ], [ -81.433113588022778, 28.365136979547152 ], [ -81.43313127248328, 28.365139409033233 ], [ -81.433132628787675, 28.365131602509432 ], [ -81.433141471017521, 28.365132817251229 ], [ -81.433144183623966, 28.365117204202949 ], [ -81.433170710310222, 28.365120848423516 ], [ -81.433173422910869, 28.365105235373974 ], [ -81.433199949594652, 28.365108879587407 ], [ -81.433194524401884, 28.365140105686791 ], [ -81.433203366633506, 28.365141320423497 ], [ -81.433197941439929, 28.365172546520366 ], [ -81.43320678367499, 28.365173761256706 ], [ -81.433205427376777, 28.36518156778056 ], [ -81.433223111849244, 28.365183997251108 ], [ -81.433221755552381, 28.365191803775012 ], [ -81.433239440027464, 28.3651942332428 ], [ -81.433238083731936, 28.365202039766675 ], [ -81.433255768209648, 28.36520446923171 ], [ -81.433254411915442, 28.365212275755578 ], [ -81.433263254155477, 28.365213490487108 ], [ -81.433257828979393, 28.365244716581223 ], [ -81.433248986736174, 28.365243501849342 ], [ -81.433246274145048, 28.365259114895171 ], [ -81.43323743190048, 28.365257900162423 ], [ -81.433234719306753, 28.365273513207331 ], [ -81.433225877060849, 28.365272298473688 ], [ -81.433223164464522, 28.365287911517736 ], [ -81.433214322217268, 28.365286696783141 ], [ -81.433212965917932, 28.365294503304803 ], [ -81.433204123670151, 28.365293288569376 ], [ -81.433202767369764, 28.365301095090807 ], [ -81.433193925121429, 28.365299880354588 ], [ -81.433192568820004, 28.365307686875731 ], [ -81.43320141106912, 28.365308901612085 ], [ -81.433200054768236, 28.365316708133125 ], [ -81.433208897018417, 28.365317922868812 ], [ -81.433207540718072, 28.365325729389767 ], [ -81.433225225220781, 28.365328158859043 ], [ -81.433223868921786, 28.365335965380051 ], [ -81.433232711174327, 28.365337180113677 ], [ -81.433231354875872, 28.365344986634558 ], [ -81.43324019712945, 28.365346201367544 ], [ -81.43323884083155, 28.365354007888353 ], [ -81.433247683086194, 28.365355222620714 ], [ -81.433246326788833, 28.365363029141399 ], [ -81.433255169044514, 28.36536424387306 ], [ -81.433253812747708, 28.365372050393695 ], [ -81.433289181776203, 28.365376909313497 ], [ -81.433290538069826, 28.365369102792496 ], [ -81.433299380326787, 28.365370317520515 ], [ -81.433300736619358, 28.365362510999272 ], [ -81.433309578875765, 28.365363725726493 ], [ -81.433310935167299, 28.365355919204973 ], [ -81.433337461935679, 28.365359563381851 ], [ -81.433340174513191, 28.365343950337834 ], [ -81.433357859023531, 28.365346379785095 ], [ -81.433359215310318, 28.365338573262619 ], [ -81.433368057565076, 28.365339787985047 ], [ -81.433369413850812, 28.365331981462287 ], [ -81.433378256105016, 28.365333196183919 ], [ -81.433379612389714, 28.365325389660942 ], [ -81.433388454643378, 28.365326604381707 ], [ -81.433391167210402, 28.365310991335036 ], [ -81.433426536221234, 28.365315850210109 ], [ -81.433427892501186, 28.365308043686138 ], [ -81.433472103766462, 28.365314117263026 ], [ -81.43347346004218, 28.365306310738458 ], [ -81.433491144548469, 28.365308740163869 ], [ -81.433488432, 28.365324353213154 ], [ -81.433514958766111, 28.365327997346338 ], [ -81.433510889948678, 28.365351416919754 ], [ -81.433502047690638, 28.365350202209161 ], [ -81.433499335142841, 28.365365815257071 ], [ -81.433490492883479, 28.365364600545586 ], [ -81.433489136608387, 28.365372407069188 ], [ -81.433480294348499, 28.365371192356886 ], [ -81.433477581795984, 28.365386805403364 ], [ -81.433468739534746, 28.36538559069017 ], [ -81.433466026979644, 28.365401203735768 ], [ -81.433457184717057, 28.365399989021647 ], [ -81.433455828438341, 28.365407795544126 ], [ -81.433446986175213, 28.365406580829173 ], [ -81.433444273615407, 28.365422193873385 ], [ -81.433435431350944, 28.365420979157481 ], [ -81.433432718788552, 28.365436592200819 ], [ -81.433423876522752, 28.36543537748404 ], [ -81.433422520240384, 28.36544318400535 ], [ -81.433413677974031, 28.365441969287755 ], [ -81.433410965406935, 28.365457582329682 ], [ -81.433402123139246, 28.365456367611198 ], [ -81.433399410569578, 28.365471980652227 ], [ -81.433390568300538, 28.365470765932777 ], [ -81.433389212014532, 28.365478572452965 ], [ -81.433380369744938, 28.36547735773275 ], [ -81.433377657170581, 28.365492970772369 ], [ -81.433368814899652, 28.365491756051199 ], [ -81.433367458611301, 28.365499562570676 ], [ -81.433358616339845, 28.365498347848728 ], [ -81.433355903760784, 28.365513960886936 ], [ -81.433347061487979, 28.365512746164065 ], [ -81.433345705197269, 28.365520552682842 ], [ -81.433336862923923, 28.365519337959128 ], [ -81.433334150340158, 28.365534950995958 ], [ -81.433325308065477, 28.365533736271331 ], [ -81.433323951772437, 28.365541542789373 ], [ -81.433315109497201, 28.365540328063958 ], [ -81.433312396908747, 28.365555941099348 ], [ -81.433303554632175, 28.365554726373023 ], [ -81.433300842041135, 28.365570339407522 ], [ -81.433291999763227, 28.365569124680292 ], [ -81.433289287169586, 28.365584737713952 ], [ -81.433280444890329, 28.365583522985776 ], [ -81.433279088592343, 28.365591329502269 ], [ -81.433270246312532, 28.365590114773283 ], [ -81.433268890013508, 28.365597921289517 ], [ -81.433260047733171, 28.365596706559678 ], [ -81.433258691433082, 28.365604513075603 ], [ -81.43324984915219, 28.365603298345 ], [ -81.433248492851064, 28.365611104860637 ], [ -81.433239650569632, 28.365609890129239 ], [ -81.433236937965006, 28.365625503159869 ], [ -81.433228095682239, 28.365624288427508 ], [ -81.433226739378753, 28.365632094942473 ], [ -81.43321789709546, 28.365630880209281 ], [ -81.433216540790923, 28.365638686724019 ], [ -81.433207698507061, 28.365637471989992 ], [ -81.433206342201473, 28.365645278504488 ], [ -81.4331974999171, 28.365644063769587 ], [ -81.433196143610473, 28.365651870283799 ], [ -81.433187301325532, 28.365650655548134 ], [ -81.433184588709921, 28.365666268575815 ], [ -81.433175746423643, 28.365665053839241 ], [ -81.433173033805446, 28.365680666866073 ], [ -81.433164191517832, 28.365679452128592 ], [ -81.433162835207554, 28.365687258641607 ], [ -81.433153992919401, 28.365686043903324 ], [ -81.433152636608071, 28.365693850416129 ], [ -81.433143794319363, 28.365692635676982 ], [ -81.433142438006996, 28.365700442189514 ], [ -81.433133595717763, 28.365699227449561 ], [ -81.433130883090655, 28.365714840473888 ], [ -81.433122040800086, 28.365713625733036 ], [ -81.43312068448536, 28.365721432244882 ], [ -81.433111842194236, 28.365720217503153 ], [ -81.433109129562453, 28.365735830526091 ], [ -81.43310028726998, 28.365734615783509 ], [ -81.433098930952923, 28.365742422294623 ], [ -81.43309008865991, 28.365741207551213 ], [ -81.433087376023437, 28.36575682057271 ], [ -81.433078533729088, 28.365755605828394 ], [ -81.43307582109, 28.36577121884908 ], [ -81.433066978794315, 28.365770004103791 ], [ -81.43306562247362, 28.365777810613785 ], [ -81.433056780177381, 28.365776595867729 ], [ -81.43305542385562, 28.365784402377454 ], [ -81.433046581558827, 28.365783187630562 ], [ -81.433045225236029, 28.365790994140028 ], [ -81.43303638293871, 28.365789779392308 ], [ -81.433033670290754, 28.365805392410497 ], [ -81.433024827992085, 28.365804177661879 ], [ -81.433022115341544, 28.365819790679183 ], [ -81.433013273041539, 28.365818575929669 ], [ -81.433010560388396, 28.365834188946085 ], [ -81.433001718087041, 28.365832974195627 ], [ -81.433000361759298, 28.365840780703515 ], [ -81.432991519457403, 28.365839565952221 ], [ -81.432988806799571, 28.365855178967301 ], [ -81.43297996449634, 28.365853964215116 ], [ -81.432978608166238, 28.365861770722283 ], [ -81.432969765862481, 28.36586055596926 ], [ -81.432967053199945, 28.365876168982901 ] ], [ [ -81.427981907056846, 28.364815521164658 ], [ -81.427964222812193, 28.36481309082447 ], [ -81.427965579588673, 28.36480528435963 ], [ -81.427956737467511, 28.364804069188537 ], [ -81.427958094244531, 28.364796262723612 ], [ -81.427940410004581, 28.364793832379384 ], [ -81.427943123561064, 28.364778219449299 ], [ -81.427934281443086, 28.364777004276291 ], [ -81.42793563822174, 28.364769197811068 ], [ -81.427944480338937, 28.364770412984015 ], [ -81.427949907447911, 28.364739187121103 ], [ -81.42795874956218, 28.364740402292998 ], [ -81.427961463113576, 28.364724789360313 ], [ -81.427943778888491, 28.364722359016159 ], [ -81.427946492442047, 28.364706746083094 ], [ -81.427955334552877, 28.364707961255345 ], [ -81.427958048103847, 28.36469234832142 ], [ -81.427966890213341, 28.364693563492828 ], [ -81.427965533438766, 28.364701369959938 ], [ -81.427983217660085, 28.364703800300614 ], [ -81.427980504113407, 28.364719413234688 ], [ -81.427989346226028, 28.364720628404104 ], [ -81.427987989453115, 28.364728434870973 ], [ -81.428005673680744, 28.364730865207722 ], [ -81.427996176274405, 28.364785510472171 ], [ -81.428005018394188, 28.364786725640034 ], [ -81.42800094807582, 28.36481014503666 ], [ -81.427983263831734, 28.364807714699623 ], [ -81.427981907056846, 28.364815521164658 ] ], [ [ -81.429201372558111, 28.364831239235574 ], [ -81.429130635432116, 28.364821518664836 ], [ -81.429131992100977, 28.364813712185335 ], [ -81.429114307823625, 28.364811282035461 ], [ -81.42911702116379, 28.36479566907629 ], [ -81.429108179027082, 28.364794454000421 ], [ -81.429109535697577, 28.364786647520681 ], [ -81.429100693561935, 28.364785432444176 ], [ -81.429102050232984, 28.364777625964344 ], [ -81.429093208098394, 28.364776410887167 ], [ -81.429094564769983, 28.364768604407239 ], [ -81.429068038370104, 28.364764959171605 ], [ -81.429070751717333, 28.364749346211735 ], [ -81.429061909586139, 28.364748131131901 ], [ -81.429059196237318, 28.364763744091565 ], [ -81.429023827708704, 28.364758883764139 ], [ -81.429022471030734, 28.3647666902434 ], [ -81.428995944634551, 28.364763044989836 ], [ -81.428994587953937, 28.364770851468617 ], [ -81.428985745821592, 28.36476963638254 ], [ -81.428984389139927, 28.364777442861087 ], [ -81.428975547007028, 28.364776227774197 ], [ -81.428974190324311, 28.364784034252466 ], [ -81.428929979659699, 28.364777958806471 ], [ -81.428931336346395, 28.364770152328678 ], [ -81.42889596782247, 28.364765291959031 ], [ -81.428897324512107, 28.364757485481334 ], [ -81.428870798124208, 28.364753840196631 ], [ -81.428872154815991, 28.364746033719072 ], [ -81.428836786305553, 28.364741173329527 ], [ -81.428838143000277, 28.364733366852153 ], [ -81.428829300874114, 28.364732151753032 ], [ -81.428834727653665, 28.364700925842019 ], [ -81.42880820128623, 28.364697280541286 ], [ -81.428809557982902, 28.364689474063368 ], [ -81.428800715861726, 28.364688258961678 ], [ -81.428799359164273, 28.364696065439531 ], [ -81.428772832799879, 28.364692420129952 ], [ -81.428771476099783, 28.364700226607368 ], [ -81.428762633978039, 28.364699011502573 ], [ -81.428761277276905, 28.364706817979702 ], [ -81.428752435154593, 28.364705602874142 ], [ -81.428751078452407, 28.36471340935098 ], [ -81.428742236329569, 28.3647121942446 ], [ -81.428743593032564, 28.364704387767791 ], [ -81.428734750910778, 28.364703172660761 ], [ -81.428736107614313, 28.364695366183867 ], [ -81.428727265493592, 28.364694151076186 ], [ -81.428728622197667, 28.364686344599193 ], [ -81.428719780077984, 28.364685129490898 ], [ -81.428721136782613, 28.364677323013836 ], [ -81.428712294663981, 28.364676107904828 ], [ -81.428713651369165, 28.36466830142772 ], [ -81.428704809251585, 28.364667086318057 ], [ -81.428706165957308, 28.364659279840861 ], [ -81.428688481724492, 28.364656849619571 ], [ -81.428691195138384, 28.364641236664902 ], [ -81.428655826682231, 28.364636376214136 ], [ -81.428657183391977, 28.364628569736951 ], [ -81.42864834127937, 28.364627354622478 ], [ -81.42864969798967, 28.364619548145175 ], [ -81.428640855878115, 28.364618333030098 ], [ -81.428642212588954, 28.364610526552688 ], [ -81.428633370478451, 28.364609311436958 ], [ -81.428632013766816, 28.364617117914246 ], [ -81.428605487434439, 28.364613472562365 ], [ -81.428602774005611, 28.364629085515976 ], [ -81.42859393189373, 28.364627870397022 ], [ -81.428592575178143, 28.364635676873469 ], [ -81.428583733065707, 28.364634461753681 ], [ -81.42857966291507, 28.364657881181667 ], [ -81.428570820800502, 28.364656666060924 ], [ -81.428569464082315, 28.364664472536457 ], [ -81.428560621967222, 28.364663257414886 ], [ -81.428561978686204, 28.36465545093942 ], [ -81.428535452344804, 28.364651805570517 ], [ -81.428536809065918, 28.364643999095126 ], [ -81.428527966953425, 28.364642783970748 ], [ -81.428533393838592, 28.364611558067804 ], [ -81.428524551729552, 28.364610342943088 ], [ -81.428529978613895, 28.364579117037668 ], [ -81.428538820719766, 28.364580332162056 ], [ -81.428546961033973, 28.364533493298179 ], [ -81.428608855748621, 28.364541999144599 ], [ -81.428614282597422, 28.364510773229405 ], [ -81.428605440497776, 28.364509558110992 ], [ -81.428608153922255, 28.364493945152486 ], [ -81.428599311824442, 28.364492730033543 ], [ -81.428600668537115, 28.364484923554119 ], [ -81.428582984343834, 28.364482493314256 ], [ -81.42858976791139, 28.36444346091535 ], [ -81.428598610003903, 28.364444676035212 ], [ -81.428599966715865, 28.36443686955484 ], [ -81.428591124624148, 28.364435654435052 ], [ -81.428593838048897, 28.364420041473924 ], [ -81.428584995959028, 28.364418826353582 ], [ -81.428589066096691, 28.364395406910791 ], [ -81.428580224009451, 28.364394191789984 ], [ -81.428582937434911, 28.36437857882742 ], [ -81.428574095349532, 28.364377363706037 ], [ -81.42857680877556, 28.364361750742955 ], [ -81.428585650859347, 28.364362965864149 ], [ -81.42858700757121, 28.364355159382267 ], [ -81.428595849654442, 28.364356374502606 ], [ -81.428597206365254, 28.364348568020461 ], [ -81.428606048447946, 28.364349783140032 ], [ -81.428612831994187, 28.36431075072614 ], [ -81.428621674073156, 28.364311965844557 ], [ -81.428623030780869, 28.364304159361122 ], [ -81.428631872859299, 28.364305374478704 ], [ -81.428633229565946, 28.364297567995045 ], [ -81.428642071643836, 28.364298783111796 ], [ -81.428643428349446, 28.364290976627871 ], [ -81.428652270426781, 28.364292191743775 ], [ -81.428653627131339, 28.364284385259641 ], [ -81.428662469208135, 28.364285600374707 ], [ -81.428663825911642, 28.364277793890256 ], [ -81.428681510064408, 28.364280224118058 ], [ -81.428682866766081, 28.364272417633252 ], [ -81.428691708842038, 28.36427363274597 ], [ -81.428693065542646, 28.364265826260926 ], [ -81.428710749693764, 28.364268256483957 ], [ -81.428712106392524, 28.364260449998543 ], [ -81.428720948467671, 28.364261665108863 ], [ -81.428719591769706, 28.364269471594383 ], [ -81.42872843384589, 28.364270686704074 ], [ -81.428727077148451, 28.364278493189477 ], [ -81.428735919225687, 28.364279708298451 ], [ -81.428734562528803, 28.364287514783776 ], [ -81.428743404607104, 28.364288729892184 ], [ -81.428742047910774, 28.36429653637741 ], [ -81.428750889990113, 28.364297751485154 ], [ -81.428749533294322, 28.364305557970297 ], [ -81.428758375374727, 28.364306773077399 ], [ -81.428757018679477, 28.364314579562429 ], [ -81.428765860760919, 28.364315794668901 ], [ -81.428764504066237, 28.36432360115386 ], [ -81.428773346148731, 28.364324816259668 ], [ -81.428771989454575, 28.364332622744499 ], [ -81.428780831538134, 28.36433383784966 ], [ -81.428779474844532, 28.36434164433442 ], [ -81.428797159013982, 28.364344074542693 ], [ -81.428787662162918, 28.364398719932503 ], [ -81.428778820072495, 28.364397504828172 ], [ -81.428773393291749, 28.364428730760959 ], [ -81.428799919573393, 28.364432376072937 ], [ -81.428802632959474, 28.364416763106373 ], [ -81.428811475052271, 28.364417978208724 ], [ -81.428812831744139, 28.364410171725059 ], [ -81.428821673836381, 28.364411386826543 ], [ -81.428824387217773, 28.364395773858604 ], [ -81.42885091349126, 28.364399419158204 ], [ -81.428849556803101, 28.364407225642566 ], [ -81.428858398895557, 28.364408440741013 ], [ -81.428854328831903, 28.364431860193278 ], [ -81.428872013022385, 28.364434290388566 ], [ -81.428870656335604, 28.36444209687253 ], [ -81.428879498432039, 28.364443311969122 ], [ -81.428876785059302, 28.364458924936592 ], [ -81.42888562715757, 28.364460140032659 ], [ -81.428884270471613, 28.364467946516211 ], [ -81.428893112570933, 28.364469161611616 ], [ -81.428889042513987, 28.364492581061484 ], [ -81.428906726718168, 28.364495011250625 ], [ -81.428904013348799, 28.364510624216649 ], [ -81.428930539661778, 28.364514269495444 ], [ -81.428927826296203, 28.364529882461337 ], [ -81.428936668402628, 28.364531097552963 ], [ -81.428932598354763, 28.364554517000713 ], [ -81.428941440463831, 28.364555732091834 ], [ -81.428940083781512, 28.364563538574131 ], [ -81.428948925891646, 28.364564753664649 ], [ -81.428947569209853, 28.364572560146868 ], [ -81.428956411321025, 28.364573775236732 ], [ -81.4289550546398, 28.364581581718888 ], [ -81.428963896752037, 28.364582796808062 ], [ -81.428962540071339, 28.3645906032901 ], [ -81.428971382184628, 28.364591818378717 ], [ -81.428970025504483, 28.36459962486067 ], [ -81.428978867618824, 28.364600839948579 ], [ -81.42897751093922, 28.364608646430398 ], [ -81.428986353054611, 28.364609861517689 ], [ -81.428984996375576, 28.364617667999489 ], [ -81.428993838492005, 28.364618883086081 ], [ -81.428992481813509, 28.364626689567785 ], [ -81.42900132393099, 28.364627904653776 ], [ -81.428998610574837, 28.364643517616816 ], [ -81.429007452694165, 28.364644732702221 ], [ -81.429008809371567, 28.364636926220683 ], [ -81.429026493609413, 28.364639356389137 ], [ -81.429027850284982, 28.364631549907251 ], [ -81.429019008166733, 28.364630334823499 ], [ -81.429023078194291, 28.364606915377117 ], [ -81.429031920310166, 28.364608130460606 ], [ -81.429033276984711, 28.364600323978049 ], [ -81.429042119100018, 28.364601539060711 ], [ -81.429043475773526, 28.364593732577859 ], [ -81.429061160003343, 28.364596162740852 ], [ -81.429059803331413, 28.36460396922385 ], [ -81.429077487563831, 28.364606399384112 ], [ -81.42907613089325, 28.364614205867056 ], [ -81.429084973010646, 28.364615420946187 ], [ -81.42908361634062, 28.364623227429107 ], [ -81.429092458459053, 28.364624442507534 ], [ -81.429091101789567, 28.364632248990358 ], [ -81.429108786028806, 28.364634679145226 ], [ -81.4291101426967, 28.364626872662193 ], [ -81.429118984815887, 28.364628087738417 ], [ -81.429120341482729, 28.364620281255185 ], [ -81.429129183601376, 28.364621496330582 ], [ -81.429127826935343, 28.36462930281391 ], [ -81.42913666905504, 28.364630517888695 ], [ -81.429135312389548, 28.36463832437196 ], [ -81.429152996631316, 28.364640754519471 ], [ -81.429151639967174, 28.364648561002742 ], [ -81.429160482089245, 28.364649776075503 ], [ -81.429156412097683, 28.36467319552451 ], [ -81.429165254222383, 28.364674410596756 ], [ -81.429163897558837, 28.364682217079494 ], [ -81.429172739684603, 28.364683432151086 ], [ -81.429170026358321, 28.364699045116215 ], [ -81.429178868485948, 28.364700260187291 ], [ -81.429177511823227, 28.364708066669689 ], [ -81.429186353951891, 28.364709281740094 ], [ -81.429180927301729, 28.36474050766823 ], [ -81.429189769433833, 28.364741722738213 ], [ -81.429187056108844, 28.364757335701444 ], [ -81.429195898242781, 28.36475855077088 ], [ -81.429187758266579, 28.364805389656762 ], [ -81.429205442544813, 28.364807819794496 ], [ -81.429201372558111, 28.364831239235574 ] ], [ [ -81.431897482935526, 28.365049832702585 ], [ -81.431888640732268, 28.365048617857521 ], [ -81.43188999714998, 28.365040811347658 ], [ -81.431872312745796, 28.365038381655587 ], [ -81.431873669164872, 28.365030575145695 ], [ -81.43186482696396, 28.365029360298685 ], [ -81.431866183383576, 28.365021553788736 ], [ -81.43184849898411, 28.36501912409258 ], [ -81.431849855405076, 28.365011317582582 ], [ -81.43183217100821, 28.365008887883739 ], [ -81.431833527430513, 28.365001081373716 ], [ -81.431824685233266, 28.364999866523284 ], [ -81.4318355366091, 28.364937414437943 ], [ -81.431853220991101, 28.364939844136718 ], [ -81.431851864571598, 28.36494765064818 ], [ -81.431860706763771, 28.364948865496583 ], [ -81.431859350344808, 28.364956672007946 ], [ -81.431868192538047, 28.36495788685567 ], [ -81.431865479700974, 28.364973499878079 ], [ -81.431874321896061, 28.364974714725243 ], [ -81.431872965477922, 28.364982521236293 ], [ -81.431899492067103, 28.364986165773644 ], [ -81.431900848482826, 28.364978359262349 ], [ -81.431909690678907, 28.364979574106574 ], [ -81.431908334263994, 28.364987380617947 ], [ -81.431952545252273, 28.364993454828493 ], [ -81.431949832429638, 28.365009067851581 ], [ -81.43193214803037, 28.365006638169199 ], [ -81.431930791617077, 28.36501444468032 ], [ -81.431921949417031, 28.36501322983796 ], [ -81.431919236588115, 28.365028842859424 ], [ -81.431910394386719, 28.365027628016168 ], [ -81.431907681555188, 28.365043241036769 ], [ -81.431898839352471, 28.365042026192569 ], [ -81.431897482935526, 28.365049832702585 ] ], [ [ -81.432835410021241, 28.365122741699029 ], [ -81.43282656779688, 28.365121526931791 ], [ -81.432827924129128, 28.365113720411539 ], [ -81.432819081905791, 28.365112505643665 ], [ -81.432820438238593, 28.36510469912329 ], [ -81.432811596016307, 28.365103484354812 ], [ -81.432812952349664, 28.365095677834347 ], [ -81.43280411012843, 28.365094463065198 ], [ -81.432805466462327, 28.365086656544658 ], [ -81.432796624242144, 28.36508544177488 ], [ -81.432797980576595, 28.365077635254224 ], [ -81.432789138357464, 28.365076420483788 ], [ -81.432790494692455, 28.365068613963075 ], [ -81.432781652474389, 28.365067399192004 ], [ -81.43278300880992, 28.365059592671187 ], [ -81.432809535462525, 28.36506323698195 ], [ -81.432808179129381, 28.365071043503018 ], [ -81.4328170213482, 28.365072258271894 ], [ -81.43281566501561, 28.365080064792892 ], [ -81.432824507235509, 28.365081279561121 ], [ -81.432823150903459, 28.365089086081991 ], [ -81.432831993124395, 28.365090300849566 ], [ -81.432830636792886, 28.365098107370383 ], [ -81.432839479014888, 28.365099322137322 ], [ -81.432835410021241, 28.365122741699029 ] ], [ [ -81.427930728120472, 28.364432819908036 ], [ -81.427921886038789, 28.36443160473285 ], [ -81.427923242813065, 28.364423798260805 ], [ -81.427896716571937, 28.364420152731164 ], [ -81.427898073348345, 28.364412346259179 ], [ -81.427871547111891, 28.3644087007232 ], [ -81.427874260668744, 28.364393087779217 ], [ -81.42788310274571, 28.364394302958409 ], [ -81.427884459522957, 28.364386496486073 ], [ -81.427893301599383, 28.36438771166452 ], [ -81.427894658375592, 28.364379905191882 ], [ -81.427903500451464, 28.36438112036948 ], [ -81.427904857226608, 28.364373313896603 ], [ -81.427913699301953, 28.36437452907338 ], [ -81.42791505607606, 28.364366722600245 ], [ -81.427923898150866, 28.364367937776169 ], [ -81.427927968469277, 28.364344518355491 ], [ -81.427981020909016, 28.364351809394069 ], [ -81.427982377676557, 28.364344002919648 ], [ -81.428000061823568, 28.364346433259747 ], [ -81.427998705057647, 28.3643542397344 ], [ -81.428007547132324, 28.364355454903439 ], [ -81.428006190366958, 28.364363261377946 ], [ -81.428015032442701, 28.364364476546363 ], [ -81.428013675677875, 28.364372283020845 ], [ -81.428022517754655, 28.364373498188563 ], [ -81.428021160990369, 28.364381304662952 ], [ -81.428030003068216, 28.364382519830034 ], [ -81.428028646304469, 28.364390326304331 ], [ -81.428019804225841, 28.364389111137104 ], [ -81.428017090696002, 28.364404724084938 ], [ -81.428008248616024, 28.364403508916833 ], [ -81.428006891849932, 28.364411315390377 ], [ -81.4279980497694, 28.364410100221477 ], [ -81.427996693002271, 28.364417906694765 ], [ -81.427987850921198, 28.364416691524987 ], [ -81.427986494153018, 28.364424497998034 ], [ -81.427968809990062, 28.364422067656154 ], [ -81.42796745322002, 28.364429874128845 ], [ -81.427932084893939, 28.364425013435874 ], [ -81.427930728120472, 28.364432819908036 ] ], [ [ -81.429023685355574, 28.364447140444298 ], [ -81.429014843256667, 28.364445925359615 ], [ -81.429018913276508, 28.364422505902109 ], [ -81.429027755373014, 28.364423720986554 ], [ -81.429029112045001, 28.364415914500256 ], [ -81.42906448043037, 28.364420774830258 ], [ -81.42906176709252, 28.364436387803345 ], [ -81.42905292499421, 28.364435172721777 ], [ -81.429051568324113, 28.364442979207965 ], [ -81.429025042028286, 28.364439333958547 ], [ -81.429023685355574, 28.364447140444298 ] ], [ [ -81.430462891448968, 28.36460494195352 ], [ -81.430445207177002, 28.364602512022561 ], [ -81.430446563720935, 28.364594705521952 ], [ -81.430437721586131, 28.364593490555453 ], [ -81.43044314776246, 28.364562264551513 ], [ -81.430469674158033, 28.364565909447787 ], [ -81.430462891448968, 28.36460494195352 ] ], [ [ -81.428933158347206, 28.364290827536077 ], [ -81.428906632104244, 28.36428718225584 ], [ -81.428907988785227, 28.364279375768326 ], [ -81.428899146705547, 28.364278160673543 ], [ -81.428903216749362, 28.364254741210218 ], [ -81.428912058826654, 28.364255956304763 ], [ -81.428910702146439, 28.364263762792788 ], [ -81.428919544224769, 28.364264977886702 ], [ -81.428918187545094, 28.364272784374627 ], [ -81.428935871704127, 28.364275214560362 ], [ -81.428933158347206, 28.364290827536077 ] ], [ [ -81.431828601800234, 28.364664703853371 ], [ -81.431819759638245, 28.364663489001465 ], [ -81.431822472473812, 28.364647875967599 ], [ -81.431813630313698, 28.364646661115124 ], [ -81.431819055985017, 28.364615435045675 ], [ -81.431810213828328, 28.364614220192788 ], [ -81.43181292666408, 28.364598607157181 ], [ -81.431821768819191, 28.364599822009868 ], [ -81.43182312523588, 28.364592015491734 ], [ -81.431849651700318, 28.364595660045158 ], [ -81.431848295286002, 28.364603466563604 ], [ -81.431857137442108, 28.364604681413347 ], [ -81.431858493855628, 28.364596874894847 ], [ -81.431902704636045, 28.364602949132237 ], [ -81.431904061045316, 28.364595142613059 ], [ -81.431939429671033, 28.364600001989373 ], [ -81.431942142482455, 28.36458438894989 ], [ -81.431950984637922, 28.364585603791941 ], [ -81.431949628233141, 28.364593410311858 ], [ -81.431967312546433, 28.364595839993981 ], [ -81.431964599739288, 28.364611453033611 ], [ -81.431982284056787, 28.364613882713069 ], [ -81.431978214848968, 28.364637302271767 ], [ -81.43200474133431, 28.364640946786249 ], [ -81.432000672131423, 28.364664366344119 ], [ -81.431974145638918, 28.364660721828848 ], [ -81.431972789235047, 28.364668528347533 ], [ -81.431963947070585, 28.364667313507525 ], [ -81.431962590665691, 28.364675120025893 ], [ -81.431891853352795, 28.364665401278792 ], [ -81.43189320976407, 28.364657594761102 ], [ -81.431875525439978, 28.364655165067127 ], [ -81.431876881852617, 28.364647358549405 ], [ -81.431841513210685, 28.364642499153035 ], [ -81.431838800378785, 28.364658112187549 ], [ -81.431829958217349, 28.364656897336427 ], [ -81.431828601800234, 28.364664703853371 ] ], [ [ -81.428903216749362, 28.364254741210218 ], [ -81.428894374672339, 28.364253526114933 ], [ -81.428895731353904, 28.364245719626915 ], [ -81.428904573430145, 28.364246934722122 ], [ -81.428903216749362, 28.364254741210218 ] ], [ [ -81.428895731353904, 28.364245719626915 ], [ -81.428886889277933, 28.364244504530998 ], [ -81.428888245960053, 28.364236698042884 ], [ -81.428897088035242, 28.364237913138716 ], [ -81.428895731353904, 28.364245719626915 ] ], [ [ -81.428888245960053, 28.364236698042884 ], [ -81.428879403885119, 28.364235482946313 ], [ -81.428880760567793, 28.364227676458082 ], [ -81.428889602641917, 28.364228891554564 ], [ -81.428888245960053, 28.364236698042884 ] ], [ [ -81.428880760567793, 28.364227676458082 ], [ -81.428871918493897, 28.364226461360886 ], [ -81.428873275177125, 28.364218654872545 ], [ -81.428882117250197, 28.364219869969695 ], [ -81.428880760567793, 28.364227676458082 ] ], [ [ -81.428873275177125, 28.364218654872545 ], [ -81.428864433104295, 28.36421743977473 ], [ -81.428865789788048, 28.364209633286325 ], [ -81.428874631860083, 28.364210848384115 ], [ -81.428873275177125, 28.364218654872545 ] ], [ [ -81.428865789788048, 28.364209633286325 ], [ -81.42885694771627, 28.36420841818779 ], [ -81.428858304400578, 28.364200611699317 ], [ -81.428867146471561, 28.364201826797725 ], [ -81.428865789788048, 28.364209633286325 ] ], [ [ -81.42984248902215, 28.364319870137457 ], [ -81.429833646924791, 28.364318655120115 ], [ -81.429835003520651, 28.364310848621514 ], [ -81.429826161424344, 28.364309633603497 ], [ -81.429831587808422, 28.364278407607525 ], [ -81.429822745715583, 28.364277192589146 ], [ -81.42982410231177, 28.364269386089788 ], [ -81.429815260219968, 28.364268171070741 ], [ -81.429816616816694, 28.364260364571347 ], [ -81.429807774725944, 28.364259149551621 ], [ -81.429809131323225, 28.364251343052143 ], [ -81.429800289233526, 28.364250128031767 ], [ -81.42980300242894, 28.364234515032418 ], [ -81.429794160341089, 28.364233300011495 ], [ -81.429796873537086, 28.364217687011589 ], [ -81.429805715623345, 28.364218902032306 ], [ -81.429807072220186, 28.364211095531999 ], [ -81.429842440564556, 28.364215955607154 ], [ -81.429841083970928, 28.364223762107837 ], [ -81.429849926058452, 28.364224977124838 ], [ -81.429848569465364, 28.364232783625393 ], [ -81.429883937821216, 28.364237643686579 ], [ -81.429882581231055, 28.364245450187301 ], [ -81.42989142332145, 28.364246665200859 ], [ -81.429890066731843, 28.364254471701514 ], [ -81.42992543509915, 28.364259331748659 ], [ -81.429924078512485, 28.364267138249478 ], [ -81.429941762699258, 28.364269568268792 ], [ -81.429937692942545, 28.364292987770764 ], [ -81.42990232456043, 28.364288127728123 ], [ -81.429900967971165, 28.364295934228085 ], [ -81.429892125875483, 28.364294719215486 ], [ -81.429890769285166, 28.364302525715171 ], [ -81.42986424299724, 28.364298880672745 ], [ -81.42986288640428, 28.364306687172 ], [ -81.429854044308001, 28.364305472156286 ], [ -81.429852687714003, 28.364313278655271 ], [ -81.429843845617199, 28.364312063638739 ], [ -81.42984248902215, 28.364319870137457 ] ], [ [ -81.42894737978142, 28.364156902128798 ], [ -81.428920853579896, 28.364153256850834 ], [ -81.428922210257397, 28.364145450360418 ], [ -81.42891336819153, 28.36414423526637 ], [ -81.428914724869585, 28.36413642877584 ], [ -81.42890588280477, 28.364135213681177 ], [ -81.428911309517702, 28.364103987717723 ], [ -81.428902467456339, 28.364102772622665 ], [ -81.428903824134736, 28.364094966131468 ], [ -81.428886140014342, 28.364092535939253 ], [ -81.428892923410572, 28.364053503481461 ], [ -81.428884081354738, 28.36405228838472 ], [ -81.42888543803403, 28.36404448189267 ], [ -81.428850069816448, 28.364039621498684 ], [ -81.428851426498682, 28.364031815006836 ], [ -81.428824900340558, 28.364028169703804 ], [ -81.428826257024937, 28.36402036321212 ], [ -81.428790888820856, 28.364015502798178 ], [ -81.428789532133294, 28.364023309289575 ], [ -81.428780690082107, 28.364022094184147 ], [ -81.428782046770465, 28.364014287692843 ], [ -81.428764362670449, 28.364011857480005 ], [ -81.428765719360158, 28.364004050988694 ], [ -81.428756877311329, 28.364002835881259 ], [ -81.42875959069157, 28.363987222898292 ], [ -81.428750748644603, 28.363986007790292 ], [ -81.428754818715475, 28.36396258831477 ], [ -81.428763660760069, 28.363963803422525 ], [ -81.428765017449052, 28.363955996930233 ], [ -81.42873849131847, 28.363952351605096 ], [ -81.428739848009599, 28.363944545112883 ], [ -81.428731005967379, 28.363943330003153 ], [ -81.42873371935049, 28.363927717018417 ], [ -81.428724877310117, 28.363926501908079 ], [ -81.428731660767511, 28.363887469443579 ], [ -81.428722818731373, 28.363886254332975 ], [ -81.428724175422886, 28.363878447839635 ], [ -81.4287153333878, 28.363877232728349 ], [ -81.428718046771692, 28.363861619741364 ], [ -81.428709204738439, 28.363860404629484 ], [ -81.428711918122929, 28.363844791641956 ], [ -81.428703076091537, 28.363843576529547 ], [ -81.428707146168776, 28.363820157047172 ], [ -81.428662936027607, 28.363814081475461 ], [ -81.428661579331461, 28.363821887969351 ], [ -81.428643895275172, 28.363819457735346 ], [ -81.428642538577193, 28.363827264228846 ], [ -81.428624854520322, 28.363824833991753 ], [ -81.428626211219921, 28.363817027498428 ], [ -81.428608527165665, 28.363814597258521 ], [ -81.428609883866599, 28.363806790765167 ], [ -81.428592199814972, 28.36380436052254 ], [ -81.428590843112445, 28.363812167015702 ], [ -81.4285643170345, 28.363808521645957 ], [ -81.428562960329344, 28.363816328138672 ], [ -81.428527592225791, 28.363811467635013 ], [ -81.428526235517182, 28.363819274127227 ], [ -81.428499709439805, 28.363815628741513 ], [ -81.428502422861555, 28.363800015757441 ], [ -81.428493580837866, 28.36379880062761 ], [ -81.428496294260199, 28.363783187643008 ], [ -81.428487452238357, 28.363781972512566 ], [ -81.428491522372383, 28.363758553034636 ], [ -81.428482680353184, 28.363757337903735 ], [ -81.428486750487338, 28.363733918424511 ], [ -81.428477908470796, 28.36373270329311 ], [ -81.428479265182474, 28.363724896799731 ], [ -81.428470423166985, 28.363723681667739 ], [ -81.428471779879203, 28.363715875174304 ], [ -81.428462937864765, 28.363714660041619 ], [ -81.428464294577537, 28.363706853548084 ], [ -81.428446610550992, 28.363704423280712 ], [ -81.428454750831946, 28.363657584316957 ], [ -81.428445908823846, 28.363656369182657 ], [ -81.428451335675987, 28.363625143203613 ], [ -81.428442493671326, 28.363623928068979 ], [ -81.428445207097496, 28.363608315078579 ], [ -81.428409839087777, 28.363603454533294 ], [ -81.428408482371637, 28.363611261028257 ], [ -81.428399640369037, 28.363610045890006 ], [ -81.428398283651859, 28.363617852384682 ], [ -81.428380599645834, 28.363615422105806 ], [ -81.428379242926795, 28.363623228600147 ], [ -81.428361558920201, 28.363620798318141 ], [ -81.428362915640832, 28.363612991824038 ], [ -81.428336389635263, 28.363609346395783 ], [ -81.42833503291223, 28.363617152889674 ], [ -81.428290822904032, 28.363611077160826 ], [ -81.428292179631029, 28.36360327066738 ], [ -81.42830102163137, 28.363604485814534 ], [ -81.42830237835733, 28.363596679320839 ], [ -81.428311220357116, 28.363597894467144 ], [ -81.428313933806706, 28.363582281479026 ], [ -81.428305091808511, 28.363581066332891 ], [ -81.428306448533718, 28.363573259838624 ], [ -81.428315290531117, 28.363574474984695 ], [ -81.42832614431741, 28.363512023023723 ], [ -81.428334986308684, 28.363513238168355 ], [ -81.42833634303004, 28.363505431672365 ], [ -81.428354027011764, 28.363507861959285 ], [ -81.428352670292, 28.36351566845542 ], [ -81.428423406235453, 28.363525389574221 ], [ -81.428424762948836, 28.363517583077321 ], [ -81.428433604942114, 28.363518798213782 ], [ -81.428432248229512, 28.363526604710767 ], [ -81.428449932218442, 28.363529034981649 ], [ -81.42844857550719, 28.363536841478613 ], [ -81.428457417502813, 28.363538056613042 ], [ -81.428456060792115, 28.363545863109906 ], [ -81.428482586782934, 28.363549508509024 ], [ -81.428481230074382, 28.363557315006009 ], [ -81.428507756069877, 28.363560960398733 ], [ -81.428506399363471, 28.363568766895821 ], [ -81.428665555398879, 28.363590639114964 ], [ -81.428664198706556, 28.363598445613381 ], [ -81.428673040711757, 28.36359966072979 ], [ -81.428671684019974, 28.363607467228121 ], [ -81.428680526026213, 28.363608682343866 ], [ -81.428683239407903, 28.36359306934682 ], [ -81.428709765423335, 28.363596714689123 ], [ -81.428711122111437, 28.363588908190046 ], [ -81.428719964116283, 28.363590123302568 ], [ -81.428722677490086, 28.363574510303756 ], [ -81.428749203501411, 28.363578155636421 ], [ -81.428750560185534, 28.363570349136491 ], [ -81.428768244192767, 28.363572779354399 ], [ -81.428769600875057, 28.363564972854114 ], [ -81.428787284881707, 28.36356740306891 ], [ -81.42878864156215, 28.36355959656828 ], [ -81.428797483565063, 28.363560811674482 ], [ -81.428801553602497, 28.36353739217126 ], [ -81.428810395603264, 28.363538607276471 ], [ -81.428811752281135, 28.363530800774971 ], [ -81.428935540307407, 28.363547812169553 ], [ -81.428936896973852, 28.363540005666632 ], [ -81.428945738976836, 28.363541220760652 ], [ -81.428947095642229, 28.363533414257432 ], [ -81.428964779647373, 28.36353584444311 ], [ -81.428966136310919, 28.36352803793957 ], [ -81.428992662318151, 28.363531683212241 ], [ -81.42899401897904, 28.363523876708264 ], [ -81.429002860981171, 28.363525091797605 ], [ -81.429004217641022, 28.363517285293359 ], [ -81.429021901644433, 28.363519715469661 ], [ -81.429023258302436, 28.363511908965041 ], [ -81.429058626309128, 28.363516769308454 ], [ -81.429059982963693, 28.363508962803351 ], [ -81.429068824965199, 28.363510177887296 ], [ -81.429071538271998, 28.363494564876344 ], [ -81.429080380272183, 28.363495779959344 ], [ -81.429083093576367, 28.363480166947536 ], [ -81.429091935575187, 28.363481382029644 ], [ -81.429093292226113, 28.3634735755234 ], [ -81.429110976222944, 28.363476005685239 ], [ -81.429112332872023, 28.363468199178634 ], [ -81.429147700865542, 28.36347305949311 ], [ -81.429149057511182, 28.363465252985954 ], [ -81.429184425505582, 28.363470113288354 ], [ -81.429183068863111, 28.363477919795784 ], [ -81.429191910863139, 28.363479134869642 ], [ -81.42919055422125, 28.363486941377051 ], [ -81.42919939622233, 28.363488156450245 ], [ -81.429193969655387, 28.363519382478412 ], [ -81.42920281165992, 28.363520597551208 ], [ -81.429201455018358, 28.363528404057924 ], [ -81.429227981035851, 28.36353204927218 ], [ -81.429226624396435, 28.363539855778964 ], [ -81.429244308410958, 28.363542285918317 ], [ -81.429242951772878, 28.363550092425083 ], [ -81.429251793781319, 28.363551307493744 ], [ -81.429250437143793, 28.36355911400041 ], [ -81.429259279153285, 28.363560329068456 ], [ -81.429256565879072, 28.363575942081461 ], [ -81.429265407890412, 28.363577157148917 ], [ -81.42926405125371, 28.363584963655228 ], [ -81.429290577291667, 28.363588608853448 ], [ -81.429289220657125, 28.363596415359865 ], [ -81.429298062671066, 28.363597630424575 ], [ -81.429296706037078, 28.363605436930882 ], [ -81.429305548052071, 28.363606651994946 ], [ -81.429304191418623, 28.363614458501157 ], [ -81.429357243518794, 28.36362174887045 ], [ -81.429355886889866, 28.363629555377074 ], [ -81.429364728908254, 28.363630770436114 ], [ -81.429359302393237, 28.363661996461062 ], [ -81.42935046037168, 28.363660781401638 ], [ -81.42934639048039, 28.363684200918275 ], [ -81.429355232504363, 28.363685415977933 ], [ -81.429352519243849, 28.363701028988334 ], [ -81.429343677218299, 28.363699813928484 ], [ -81.429342320586883, 28.363707620433274 ], [ -81.429333478560764, 28.3637064053726 ], [ -81.429332121928297, 28.363714211877198 ], [ -81.429314437875263, 28.363711781753477 ], [ -81.429313081240934, 28.363719588257705 ], [ -81.429304239214019, 28.363718373194626 ], [ -81.429302882578639, 28.363726179698578 ], [ -81.429294040551156, 28.363724964634716 ], [ -81.429292683914753, 28.363732771138402 ], [ -81.429283841886729, 28.36373155607372 ], [ -81.429279771973597, 28.363754975583447 ], [ -81.429270929943442, 28.363753760517771 ], [ -81.429269573304424, 28.363761567020568 ], [ -81.429278415335375, 28.363762782086365 ], [ -81.429277058696911, 28.363770588589063 ], [ -81.429285900728914, 28.363771803654181 ], [ -81.42928454409099, 28.363779610156872 ], [ -81.429293386124044, 28.363780825221337 ], [ -81.42929202948666, 28.363788631723875 ], [ -81.42930087152078, 28.363789846787746 ], [ -81.429299514883951, 28.363797653290185 ], [ -81.429308356919108, 28.363798868353406 ], [ -81.429307000282833, 28.363806674855734 ], [ -81.429315842319028, 28.363807889918284 ], [ -81.429310415774594, 28.363839115926382 ], [ -81.429319257814257, 28.363840330988516 ], [ -81.429317901178308, 28.363848137490205 ], [ -81.429326743219022, 28.363849352551739 ], [ -81.429325386583628, 28.363857159053293 ], [ -81.429334228625379, 28.363858374114123 ], [ -81.429332871990539, 28.363866180615634 ], [ -81.429341714033342, 28.363867395675868 ], [ -81.429340357399056, 28.363875202177233 ], [ -81.429366883531387, 28.363878847353742 ], [ -81.429364170266822, 28.363894460356548 ], [ -81.429390696406244, 28.36389810552695 ], [ -81.429392053036253, 28.363890299025382 ], [ -81.429409737128864, 28.36389272913512 ], [ -81.429411093757054, 28.363884922633179 ], [ -81.429446461942149, 28.363889782843515 ], [ -81.429445105317171, 28.363897589345797 ], [ -81.429453947364877, 28.363898804396634 ], [ -81.429452590740439, 28.363906610898834 ], [ -81.429461432789196, 28.36390782594901 ], [ -81.429460076165299, 28.363915632451082 ], [ -81.429468918215122, 28.363916847500644 ], [ -81.429467561591778, 28.363924654002652 ], [ -81.429476403642639, 28.363925869051545 ], [ -81.429464194028455, 28.363996127562466 ], [ -81.4294907202041, 28.3639997727071 ], [ -81.429489363581439, 28.364007579207655 ], [ -81.429498205641295, 28.364008794254474 ], [ -81.429495492396811, 28.364024407255318 ], [ -81.429486650335377, 28.364023192208318 ], [ -81.429485293711963, 28.364030998708387 ], [ -81.429467609588229, 28.364028568611992 ], [ -81.429466252962968, 28.364036375111723 ], [ -81.429457410900696, 28.364035160062372 ], [ -81.429458767526739, 28.364027353562722 ], [ -81.429441083404541, 28.36402492346194 ], [ -81.429442440031949, 28.364017116962334 ], [ -81.429433597972022, 28.364015901910932 ], [ -81.429434954599969, 28.364008095411201 ], [ -81.429426112541094, 28.364006880359153 ], [ -81.429428825797828, 28.363991267359346 ], [ -81.429419983740814, 28.363990052306725 ], [ -81.429418627111758, 28.363997858806634 ], [ -81.429365574770188, 28.363990568474978 ], [ -81.429366931404019, 28.363982761975596 ], [ -81.429358089348781, 28.363981546917795 ], [ -81.429359445983138, 28.363973740418388 ], [ -81.429350603928953, 28.363972525359976 ], [ -81.429356030467119, 28.363941299360725 ], [ -81.429320662265653, 28.363936439121083 ], [ -81.429319305628297, 28.363944245620829 ], [ -81.429301621527486, 28.363941815496457 ], [ -81.429300264888298, 28.363949621995818 ], [ -81.429291422837494, 28.363948406932419 ], [ -81.429290066197225, 28.363956213431532 ], [ -81.429281224145882, 28.363954998367312 ], [ -81.429282580786932, 28.363947191868291 ], [ -81.429273738736612, 28.363945976803436 ], [ -81.429275095378202, 28.363938170304326 ], [ -81.429248569231206, 28.363934525105613 ], [ -81.429247212587214, 28.36394233160447 ], [ -81.429238370537931, 28.363941116536669 ], [ -81.429237013892902, 28.363948923035259 ], [ -81.429210487744172, 28.363945277827213 ], [ -81.429209131096485, 28.363953084325356 ], [ -81.429182604947655, 28.363949439110396 ], [ -81.42918124829734, 28.363957245608102 ], [ -81.429172406247432, 28.363956030534876 ], [ -81.429168336292591, 28.363979450026722 ], [ -81.429159494240551, 28.363978234952519 ], [ -81.429154067627408, 28.364009460938789 ], [ -81.429145225572427, 28.364008245863463 ], [ -81.42914386891772, 28.364016052359535 ], [ -81.429135026862198, 28.364014837283417 ], [ -81.42913367020644, 28.364022643779187 ], [ -81.429115986094573, 28.364020213624531 ], [ -81.429114629436967, 28.364028020119967 ], [ -81.429105787380621, 28.364026805041487 ], [ -81.429104430721964, 28.364034611536685 ], [ -81.429113272779119, 28.364035826615218 ], [ -81.429109202804042, 28.364059246099931 ], [ -81.429118044863841, 28.364060461178003 ], [ -81.429113974888907, 28.364083880661411 ], [ -81.42909629076479, 28.364081450503924 ], [ -81.429094934104384, 28.364089256997818 ], [ -81.429086092041914, 28.36408804191792 ], [ -81.429084735380457, 28.364095848411587 ], [ -81.429075893317432, 28.364094633330819 ], [ -81.429074536654937, 28.364102439824233 ], [ -81.429065694591372, 28.364101224742654 ], [ -81.429064337927827, 28.364109031235817 ], [ -81.429046653799873, 28.364106601070254 ], [ -81.429045297134479, 28.364114407563061 ], [ -81.42903645507009, 28.364113192479088 ], [ -81.429035098403645, 28.364120998971618 ], [ -81.429017414274028, 28.364118568801317 ], [ -81.429016057605736, 28.364126375293498 ], [ -81.429007215540523, 28.364125160207156 ], [ -81.429005858871179, 28.364132966699053 ], [ -81.428997016805411, 28.364131751611893 ], [ -81.42899566013503, 28.364139558103513 ], [ -81.428986818068722, 28.364138343015558 ], [ -81.428985461397303, 28.364146149506919 ], [ -81.428976619330442, 28.364144934418128 ], [ -81.428975262657957, 28.364152740909223 ], [ -81.428948736456533, 28.364149095638144 ], [ -81.42894737978142, 28.364156902128798 ] ], [ [ -81.430466110518026, 28.364221724974602 ], [ -81.430439584230655, 28.364218080074238 ], [ -81.430440940768904, 28.364210273565821 ], [ -81.430432098674402, 28.364209058597631 ], [ -81.430433455213219, 28.364201252089167 ], [ -81.430424613119783, 28.364200037120366 ], [ -81.43042596965914, 28.364192230611806 ], [ -81.430417127566756, 28.364191015642334 ], [ -81.430418484106653, 28.364183209133692 ], [ -81.43040964201532, 28.364181994163562 ], [ -81.430410998555772, 28.364174187654843 ], [ -81.430393314375465, 28.364171757712537 ], [ -81.430394670917252, 28.364163951203807 ], [ -81.43037698673956, 28.364161521258762 ], [ -81.430378343282698, 28.364153714750014 ], [ -81.430369501195017, 28.364152499776438 ], [ -81.43037357082531, 28.364129080249477 ], [ -81.430364728740273, 28.364127865275478 ], [ -81.430370154913689, 28.364096639237395 ], [ -81.430361312832105, 28.364095424262956 ], [ -81.430362669375626, 28.3640876177531 ], [ -81.430353827295107, 28.364086402778039 ], [ -81.430355183839168, 28.364078596268076 ], [ -81.430346341759687, 28.364077381292397 ], [ -81.430347698304317, 28.364069574782338 ], [ -81.430338856225873, 28.364068359805959 ], [ -81.430341569315956, 28.3640527467855 ], [ -81.43035041139278, 28.364053961761673 ], [ -81.430351767936642, 28.364046155251106 ], [ -81.430369452089479, 28.364048585201058 ], [ -81.430370808631494, 28.364040778690118 ], [ -81.430379650707508, 28.364041993663928 ], [ -81.430381007248457, 28.364034187152722 ], [ -81.430434059705021, 28.364041476979491 ], [ -81.430431346632389, 28.364057090002738 ], [ -81.430449030789802, 28.364059519939453 ], [ -81.430447674254722, 28.364067326451018 ], [ -81.430465358414722, 28.364069756384939 ], [ -81.430464001880978, 28.364077562896508 ], [ -81.430472843962178, 28.364078777862488 ], [ -81.43047148742896, 28.364086584373915 ], [ -81.430480329511198, 28.364087799339266 ], [ -81.430478972978548, 28.364095605850636 ], [ -81.430487815061852, 28.364096820815263 ], [ -81.430486458529742, 28.364104627326544 ], [ -81.430495300614083, 28.364105842290567 ], [ -81.430492587550702, 28.364121455312766 ], [ -81.430501429636891, 28.364122670276249 ], [ -81.430491933912762, 28.364177315849009 ], [ -81.430500776004806, 28.364178530812357 ], [ -81.430498062940089, 28.364194143831735 ], [ -81.43050690503398, 28.364195358794486 ], [ -81.43050419196986, 28.364210971813392 ], [ -81.430477665684222, 28.364207326922326 ], [ -81.430476309149398, 28.364215133431205 ], [ -81.430467467053901, 28.364213918465968 ], [ -81.430466110518026, 28.364221724974602 ] ], [ [ -81.430113031972965, 28.364013350638739 ], [ -81.430095347834879, 28.364010920646155 ], [ -81.430106200361735, 28.363948468575465 ], [ -81.430132726550113, 28.363952113561155 ], [ -81.430131369987521, 28.363959920070883 ], [ -81.430140212051612, 28.36396113506472 ], [ -81.43013749892728, 28.363976748083797 ], [ -81.430146340993232, 28.363977963077122 ], [ -81.430144984431493, 28.363985769586456 ], [ -81.430136142364745, 28.363984554593063 ], [ -81.430133429238907, 28.364000167611092 ], [ -81.430124587170837, 28.363998952616811 ], [ -81.430123230606725, 28.364006759125477 ], [ -81.430114388538101, 28.364005544130393 ], [ -81.430113031972965, 28.364013350638739 ] ], [ [ -81.431265768763922, 28.363891991058136 ], [ -81.431256926690864, 28.363890776157213 ], [ -81.431258283148381, 28.363882969631771 ], [ -81.431267125220629, 28.36388418453264 ], [ -81.431265768763922, 28.363891991058136 ] ], [ [ -81.431258283148381, 28.363882969631771 ], [ -81.431249441076389, 28.363881754730212 ], [ -81.431250797534432, 28.363873948204702 ], [ -81.431224271322378, 28.363870303495744 ], [ -81.431225627782553, 28.363862496970356 ], [ -81.43121678571319, 28.363861282065955 ], [ -81.431218142173918, 28.363853475540484 ], [ -81.431209300105579, 28.363852260635433 ], [ -81.431210656566876, 28.363844454109881 ], [ -81.431201814499602, 28.363843239204222 ], [ -81.431204527423006, 28.363827626152652 ], [ -81.431213369488688, 28.363828841058162 ], [ -81.431212013027917, 28.363836647584094 ], [ -81.431238539228886, 28.363840292296398 ], [ -81.431237182770232, 28.363848098822444 ], [ -81.431254866907082, 28.363850528627125 ], [ -81.431252153992233, 28.363866141679033 ], [ -81.431260996062619, 28.363867356580435 ], [ -81.431258283148381, 28.363882969631771 ] ], [ [ -81.431204527423006, 28.363827626152652 ], [ -81.431195685357579, 28.363826411246464 ], [ -81.431197041819715, 28.363818604720493 ], [ -81.431205883884346, 28.36381981962667 ], [ -81.431204527423006, 28.363827626152652 ] ], [ [ -81.431197041819715, 28.363818604720493 ], [ -81.431188199755326, 28.363817389813665 ], [ -81.431189556218001, 28.363809583287601 ], [ -81.43119839828158, 28.36381079819439 ], [ -81.431197041819715, 28.363818604720493 ] ], [ [ -81.428799353473252, 28.363185400211567 ], [ -81.428790511509604, 28.363184185104295 ], [ -81.428791868183595, 28.363176378595828 ], [ -81.428774184258657, 28.363173948379302 ], [ -81.428775540933998, 28.36316614187081 ], [ -81.428766698972694, 28.363164926761524 ], [ -81.428773482349641, 28.363125894216921 ], [ -81.428782324306937, 28.363127109325763 ], [ -81.428787751000783, 28.363095883286569 ], [ -81.428796592955166, 28.363097098394373 ], [ -81.42879794962721, 28.363089291884009 ], [ -81.428806791581039, 28.363090506990957 ], [ -81.428809504922768, 28.363074893969593 ], [ -81.428818346875261, 28.363076109075596 ], [ -81.428819703544946, 28.363068302564582 ], [ -81.428828545496899, 28.363069517669775 ], [ -81.428821762149923, 28.363108550223611 ], [ -81.428830604106111, 28.363109765328478 ], [ -81.428827890767153, 28.363125378348972 ], [ -81.428845574683479, 28.363127808556936 ], [ -81.4288387913397, 28.363166841105929 ], [ -81.428829949377402, 28.36316562600188 ], [ -81.428828592707092, 28.363173432511058 ], [ -81.428810908781728, 28.363171002300586 ], [ -81.428809552109556, 28.363178808809412 ], [ -81.428800710146447, 28.363177593702986 ], [ -81.428799353473252, 28.363185400211567 ] ], [ [ -81.429103907679831, 28.362891549301647 ], [ -81.429086223805498, 28.362889119134994 ], [ -81.429087580447458, 28.36288131261675 ], [ -81.42906989657574, 28.362878882447262 ], [ -81.429071253219035, 28.362871075929057 ], [ -81.429035885481852, 28.362866215581633 ], [ -81.42904266871048, 28.362827182989538 ], [ -81.429060352570588, 28.36282961316385 ], [ -81.429061709213983, 28.362821806644753 ], [ -81.42907055114361, 28.36282302173068 ], [ -81.429069194501025, 28.362830828249912 ], [ -81.429086878362668, 28.362833258419791 ], [ -81.429084165079942, 28.362848871458034 ], [ -81.429110690879071, 28.362852516707843 ], [ -81.429103907679831, 28.362891549301647 ] ], [ [ -81.431914952936609, 28.363229854260858 ], [ -81.431906110923521, 28.363228639411503 ], [ -81.431907467310424, 28.363220832864414 ], [ -81.431898625298373, 28.363219618014444 ], [ -81.431901338073033, 28.363204004919822 ], [ -81.431892496062844, 28.363202790069266 ], [ -81.431893852450585, 28.363194983521787 ], [ -81.431876168432538, 28.363192553818681 ], [ -81.431877524821644, 28.363184747271216 ], [ -81.431859840806212, 28.363182317565315 ], [ -81.431861197196639, 28.363174511017846 ], [ -81.431852355190117, 28.363173296163893 ], [ -81.431853711581098, 28.363165489616307 ], [ -81.431862553586839, 28.363166704470224 ], [ -81.431865266366444, 28.363151091374377 ], [ -81.431856424362309, 28.363149876520691 ], [ -81.431857780752537, 28.363142069972596 ], [ -81.431840096746612, 28.363139640263157 ], [ -81.431841453138176, 28.363131833715073 ], [ -81.4318326111364, 28.363130618859344 ], [ -81.431836680312031, 28.363107199214276 ], [ -81.43182783831287, 28.363105984358075 ], [ -81.431833263880037, 28.36307475816249 ], [ -81.431824421884357, 28.363073543305916 ], [ -81.431823065492125, 28.36308134985503 ], [ -81.431796539504191, 28.363077705280542 ], [ -81.43179518310933, 28.36308551182919 ], [ -81.431786341113053, 28.363084296969497 ], [ -81.431784984717154, 28.363092103517879 ], [ -81.431767300723777, 28.363089673796072 ], [ -81.431765944326031, 28.363097480344091 ], [ -81.431757102328916, 28.36309626548201 ], [ -81.431755745930118, 28.363104072029774 ], [ -81.431729219937935, 28.363100427438841 ], [ -81.43173057633912, 28.363092620891369 ], [ -81.431712892347207, 28.363090191160573 ], [ -81.431716961554045, 28.363066771517595 ], [ -81.431725803547494, 28.363067986383083 ], [ -81.43172851634921, 28.363052373286695 ], [ -81.431710832365766, 28.363049943555342 ], [ -81.431712188767847, 28.363042137007064 ], [ -81.431694504787004, 28.363039707272929 ], [ -81.431693148383332, 28.363047513821012 ], [ -81.431684306392512, 28.363046298952771 ], [ -81.43168566279698, 28.363038492404762 ], [ -81.431676820807212, 28.36303727753581 ], [ -81.43167817721222, 28.363029470987716 ], [ -81.431669335223489, 28.363028256118184 ], [ -81.431670691629051, 28.363020449569984 ], [ -81.431661849641372, 28.363019234699731 ], [ -81.431663206047489, 28.363011428151463 ], [ -81.431654364060861, 28.363010213280614 ], [ -81.431655720467518, 28.363002406732225 ], [ -81.431646878481942, 28.363001191860743 ], [ -81.431648234889138, 28.362993385312308 ], [ -81.431657076873918, 28.362994600183718 ], [ -81.431658433280077, 28.362986793635006 ], [ -81.431649591296079, 28.362985578763666 ], [ -81.431650947702792, 28.362977772214862 ], [ -81.43164210571986, 28.362976557342833 ], [ -81.431643462127127, 28.362968750793957 ], [ -81.431634620145232, 28.362967535921321 ], [ -81.431635976553025, 28.362959729372381 ], [ -81.43162713457221, 28.362958514499088 ], [ -81.431631203796485, 28.362935094851341 ], [ -81.431640045774913, 28.362936309724336 ], [ -81.431642758588254, 28.362920696624787 ], [ -81.431651600565331, 28.362921911496866 ], [ -81.431654313376072, 28.362906298396432 ], [ -81.431663155351828, 28.362907513267618 ], [ -81.431664511756026, 28.362899706717048 ], [ -81.431673353731227, 28.362900921587425 ], [ -81.431674710134359, 28.362893115036588 ], [ -81.431683552109035, 28.362894329906112 ], [ -81.431686264912983, 28.362878716803742 ], [ -81.431695106886309, 28.362879931672367 ], [ -81.431696463287111, 28.362872125120834 ], [ -81.431705305259896, 28.362873339988656 ], [ -81.431706661659646, 28.36286553343686 ], [ -81.431715503631892, 28.362866748303833 ], [ -81.431718216429033, 28.362851135199502 ], [ -81.431727058399943, 28.362852350065591 ], [ -81.431729771194497, 28.362836736960389 ], [ -81.431738613164057, 28.36283795182559 ], [ -81.431739969560169, 28.362830145272611 ], [ -81.431757653498451, 28.362832575000585 ], [ -81.431760366286738, 28.362816961893817 ], [ -81.43176920825465, 28.362818176756509 ], [ -81.431771921040337, 28.362802563648856 ], [ -81.431780763006913, 28.362803778510621 ], [ -81.431783475789999, 28.362788165402144 ], [ -81.431801159720763, 28.362790595123126 ], [ -81.431803872499643, 28.362774982013519 ], [ -81.431812714463817, 28.362776196872762 ], [ -81.431815427240096, 28.362760583762313 ], [ -81.43182426920292, 28.362761798620632 ], [ -81.431825625589894, 28.362753992065066 ], [ -81.431834467552179, 28.362755206922561 ], [ -81.431837180323768, 28.362739593810666 ], [ -81.431846022284716, 28.362740808667258 ], [ -81.43184873505372, 28.362725195554518 ], [ -81.431857577013318, 28.362726410410193 ], [ -81.43185893339664, 28.362718603853498 ], [ -81.431867775355698, 28.362719818708314 ], [ -81.431870488119998, 28.362704205594159 ], [ -81.431879330077706, 28.362705420448112 ], [ -81.431882042839433, 28.362689807333098 ], [ -81.431890884795806, 28.36269102218613 ], [ -81.431892241175476, 28.362683215628252 ], [ -81.431901083131308, 28.362684430480474 ], [ -81.431902439509955, 28.362676623922326 ], [ -81.431911281465247, 28.362677838773728 ], [ -81.431912637842842, 28.362670032215306 ], [ -81.43192147979758, 28.362671247065862 ], [ -81.431925548926444, 28.362647827389385 ], [ -81.431952074785031, 28.36265147193588 ], [ -81.431953431158419, 28.362643665376421 ], [ -81.431988798970238, 28.362648524761081 ], [ -81.431987442600033, 28.362656331320885 ], [ -81.432005126509068, 28.362658761009012 ], [ -81.432003770140199, 28.362666567568777 ], [ -81.432012612095889, 28.362667782411854 ], [ -81.432011255727573, 28.362675588971555 ], [ -81.432020097684315, 28.362676803813912 ], [ -81.432018741316554, 28.362684610373545 ], [ -81.432054109149263, 28.362689469736072 ], [ -81.432051396419354, 28.362705082855474 ], [ -81.432060238379748, 28.362706297694462 ], [ -81.432058882015227, 28.362714104253989 ], [ -81.43208540790036, 28.362717748766748 ], [ -81.43208405153797, 28.36272555532641 ], [ -81.432092893500993, 28.362726770162553 ], [ -81.432091537139129, 28.362734576722094 ], [ -81.43210922106752, 28.362737006392472 ], [ -81.432107864707035, 28.362744812951998 ], [ -81.432116706672403, 28.362746027786169 ], [ -81.432115350312458, 28.362753834345607 ], [ -81.432124192278877, 28.362755049179114 ], [ -81.432122835919472, 28.362762855738474 ], [ -81.432140519854684, 28.362765285403491 ], [ -81.432139163496615, 28.362773091962829 ], [ -81.432148005465393, 28.362774306794346 ], [ -81.432146649107878, 28.362782113353617 ], [ -81.432164333047808, 28.362784543014548 ], [ -81.432162976691629, 28.362792349573848 ], [ -81.43218066063416, 28.362794779232022 ], [ -81.43217930427933, 28.362802585791254 ], [ -81.432188146251789, 28.362803800619357 ], [ -81.4321867898975, 28.362811607178539 ], [ -81.432195631870997, 28.362812822005974 ], [ -81.432194275517261, 28.362820628565022 ], [ -81.432211959466628, 28.362823058217881 ], [ -81.432210603114214, 28.362830864776946 ], [ -81.43221944509007, 28.362832079602349 ], [ -81.432218088738225, 28.362839886161368 ], [ -81.432235772692309, 28.362842315810102 ], [ -81.432234416341799, 28.362850122369089 ], [ -81.432243258320014, 28.362851337192478 ], [ -81.432241901970059, 28.362859143751397 ], [ -81.432250743949325, 28.362860358574114 ], [ -81.43224938759991, 28.362868165132927 ], [ -81.432267071560787, 28.362870594776336 ], [ -81.432265715212722, 28.362878401335134 ], [ -81.432274557194361, 28.362879616155833 ], [ -81.432273200846836, 28.36288742271454 ], [ -81.432290884812431, 28.36288985235392 ], [ -81.432289528466256, 28.362897658912626 ], [ -81.43230721243448, 28.3629000885492 ], [ -81.432305856089641, 28.362907895107924 ], [ -81.432323540060466, 28.362910324741708 ], [ -81.432320827373246, 28.362925937858996 ], [ -81.432329669360627, 28.362927152674946 ], [ -81.432328313017436, 28.362934959233417 ], [ -81.432337155005882, 28.36293617404877 ], [ -81.432335798663232, 28.362943980607092 ], [ -81.432362324632479, 28.362947625048953 ], [ -81.43236096829196, 28.362955431607428 ], [ -81.432369810283021, 28.362956646419995 ], [ -81.432368453943056, 28.362964452978396 ], [ -81.432377295935169, 28.36296566779026 ], [ -81.432375939595744, 28.362973474348575 ], [ -81.432384781588908, 28.362974689159834 ], [ -81.432383425250052, 28.362982495718015 ], [ -81.432401109238711, 28.362984925338544 ], [ -81.43239975290119, 28.362992731896728 ], [ -81.432417436892464, 28.362995161514451 ], [ -81.432416080556294, 28.363002968072649 ], [ -81.432433764550183, 28.363005397687616 ], [ -81.432432408215362, 28.363013204245831 ], [ -81.432441250213486, 28.363014419052256 ], [ -81.432439893879192, 28.363022225610358 ], [ -81.432457577877798, 28.363024655221295 ], [ -81.432456221544854, 28.363032461779394 ], [ -81.432465063545337, 28.363033676583804 ], [ -81.432463707212946, 28.363041483141785 ], [ -81.432472549214467, 28.363042697945581 ], [ -81.43247119288263, 28.363050504503498 ], [ -81.432480034885216, 28.363051719306682 ], [ -81.432478678553906, 28.363059525864493 ], [ -81.432487520557544, 28.363060740666977 ], [ -81.432486164226788, 28.363068547224739 ], [ -81.432495006231477, 28.363069762026601 ], [ -81.432493649901275, 28.363077568584242 ], [ -81.432502491907002, 28.363078783385468 ], [ -81.432499779247436, 28.363094396500411 ], [ -81.43250862125501, 28.363095611301034 ], [ -81.432507264925661, 28.363103417858337 ], [ -81.432516106934287, 28.363104632658324 ], [ -81.432510681617529, 28.363135858886068 ], [ -81.432519523629608, 28.36313707368571 ], [ -81.432510029321193, 28.363191719578168 ], [ -81.432501187303529, 28.363190504777965 ], [ -81.43249576197573, 28.363221730997999 ], [ -81.432486919955139, 28.363220516196684 ], [ -81.432485563621753, 28.363228322751134 ], [ -81.432476721600622, 28.363227107949033 ], [ -81.432475365266214, 28.363234914503291 ], [ -81.432466523244514, 28.363233699700313 ], [ -81.432462454237367, 28.363257119361645 ], [ -81.43245361221355, 28.36325590455769 ], [ -81.432452255876527, 28.363263711111014 ], [ -81.432434571828054, 28.363261281500787 ], [ -81.432435928166669, 28.363253474947573 ], [ -81.432427086143605, 28.363252260141451 ], [ -81.432428442482774, 28.363244453588212 ], [ -81.432410758439005, 28.363242023973832 ], [ -81.43241211477951, 28.363234217420608 ], [ -81.432403272758805, 28.363233002612414 ], [ -81.432404629099864, 28.363225196059048 ], [ -81.432378103041671, 28.363221551630328 ], [ -81.432379459384876, 28.36321374507709 ], [ -81.432370617366772, 28.363212530266136 ], [ -81.432371973710516, 28.363204723712791 ], [ -81.432363131693464, 28.363203508901201 ], [ -81.432364488037749, 28.363195702347774 ], [ -81.432355646021776, 28.363194487535512 ], [ -81.432357002366587, 28.363186680982011 ], [ -81.432348160351665, 28.363185466169067 ], [ -81.432349516697045, 28.363177659615491 ], [ -81.432340674683161, 28.363176444801972 ], [ -81.432344743720179, 28.36315302514031 ], [ -81.432335901708953, 28.363151810326304 ], [ -81.432339970746099, 28.363128390663356 ], [ -81.432286918698367, 28.363121101765383 ], [ -81.432285562348127, 28.363128908319325 ], [ -81.432267878332652, 28.36312647868062 ], [ -81.432266521980551, 28.363134285234249 ], [ -81.432257679972395, 28.363133070413671 ], [ -81.432254967265848, 28.363148683520194 ], [ -81.432246125256356, 28.363147468698774 ], [ -81.43224476890191, 28.363155275251664 ], [ -81.432235926891877, 28.363154060429416 ], [ -81.432233214180656, 28.363169673534518 ], [ -81.432224372169259, 28.363168458711321 ], [ -81.43222165945545, 28.363184071815578 ], [ -81.432212817442718, 28.363182856991472 ], [ -81.432210104726295, 28.363198470094822 ], [ -81.432192420698428, 28.363196040444077 ], [ -81.432191064338255, 28.363203846995333 ], [ -81.432182222323902, 28.363202632168726 ], [ -81.432178153239448, 28.363226051821119 ], [ -81.432169311222978, 28.363224836993563 ], [ -81.432167954860191, 28.363232643543924 ], [ -81.432150270826398, 28.363230213886403 ], [ -81.432151627190777, 28.363222407336195 ], [ -81.432125101144365, 28.363218762844706 ], [ -81.43212645751089, 28.363210956294584 ], [ -81.432099931469168, 28.363207311796714 ], [ -81.432098575100269, 28.363215118346538 ], [ -81.432080891072118, 28.363212688677429 ], [ -81.432079534701373, 28.36322049522693 ], [ -81.432070692686892, 28.363219280391192 ], [ -81.432069336315081, 28.363227086940412 ], [ -81.43206049430006, 28.363225872103829 ], [ -81.432059137927197, 28.363233678652797 ], [ -81.432032611881255, 28.363230034138397 ], [ -81.432033968256505, 28.363222227589706 ], [ -81.432016284228723, 28.363219797909963 ], [ -81.432017640605309, 28.363211991361247 ], [ -81.431946904510795, 28.363202272613467 ], [ -81.431945548127828, 28.363210079161494 ], [ -81.431927864105134, 28.363207649467018 ], [ -81.431926507720334, 28.363215456014672 ], [ -81.431917665708582, 28.363214241166268 ], [ -81.431914952936609, 28.363229854260858 ] ] ] } }
]
}
